Date,Open,High,Low,Close,Volume,Change
2022-01-03,56854,58135,56762,58045,174870,0.020948394132338954
2022-01-04,58319,58319,56762,56946,175334,-0.018933586010853598
2022-01-05,56578,56670,55479,55938,220258,-0.017700979875671652
2022-01-06,55113,56304,55023,55023,183085,-0.016357395688083254
2022-01-07,55021,56211,54655,55663,162565,0.01163149955473175
2022-01-10,55388,55937,54930,55389,116322,-0.004922479923827328
2022-01-11,55937,61522,55113,56213,1574878,0.014876600046940691
2022-01-12,56670,57402,55937,57037,394075,0.014658530944799297
2022-01-13,57035,57127,55936,56487,257484,-0.009642863404456747
2022-01-14,55663,55937,55205,55847,152716,-0.01133004054030129
2022-01-17,55206,56122,55023,55298,177421,-0.009830429566494159
2022-01-18,55023,56029,54748,55023,113049,-0.00497305508336654
2022-01-19,54840,55298,54107,54474,120537,-0.00997764571179327
2022-01-20,54565,55113,54290,54657,94210,0.0033594008150676924
2022-01-21,54198,54565,53557,53924,188482,-0.01341090802641931
2022-01-24,53282,54106,53282,54016,148649,0.001706104888361315
2022-01-25,53650,53832,52643,52826,207395,-0.02203050947867302
2022-01-26,52732,53465,52367,52459,163364,-0.006947336538825621
2022-01-27,52915,53006,50352,50353,252653,-0.0401456375455117
2022-01-28,50903,51819,49896,51819,187908,0.029114451969098232
2022-02-03,52642,53648,52183,52734,122896,0.017657615932380022
2022-02-04,52367,53465,52275,53283,124668,0.010410740698600485
2022-02-07,52733,52825,51909,52368,135898,-0.017172456505827327
2022-02-08,53099,53557,52642,53558,155053,0.02272380079437819
2022-02-09,54016,54107,53008,53375,114946,-0.003416856492027387
2022-02-10,53374,53740,52733,52734,146003,-0.01200936768149885
2022-02-11,52368,52825,51819,52826,114860,0.001744604998672683
2022-02-14,52550,52550,51359,51727,143755,-0.02080414947185094
2022-02-15,51726,52000,50810,51086,133962,-0.01239198097705263
2022-02-16,51360,53008,51269,52368,168088,0.025094937947774287
2022-02-17,52001,52459,50811,51819,309558,-0.010483501374885407
2022-02-18,51543,52092,51176,51727,146450,-0.001775410563692903
2022-02-21,51177,52001,50994,51819,101952,0.0017785682525566227
2022-02-22,50993,51633,50809,51452,128286,-0.007082344313861677
2022-02-23,51818,52276,51452,51544,134312,0.0017880743216978079
2022-02-24,50993,51542,50809,51360,158436,-0.0035697656371255215
2022-02-25,51635,52093,50994,51819,115413,0.008936915887850505
2022-02-28,51818,53192,51452,53192,222511,0.02649607286902489
2022-03-02,52825,53466,52367,52917,156942,-0.00516995036847645
2022-03-03,52917,53466,52825,53375,105830,0.008655063590150558
2022-03-04,53192,53649,52825,53375,124466,0.0
2022-03-07,52367,52916,52092,52551,115635,-0.015437939110070298
2022-03-08,52457,53281,51450,53008,139026,0.00869631405682103
2022-03-10,54016,54016,53192,53742,164562,0.013846966495623336
2022-03-11,53282,53923,52916,53283,110853,-0.008540806073462082
2022-03-14,53100,53192,52276,52826,146243,-0.008576844396899541
2022-03-15,52825,54016,52367,54016,180158,0.02252678605232261
2022-03-16,53832,54106,53191,54016,133984,0.0
2022-03-17,54473,54840,53832,54291,245434,0.005091084123222789
2022-03-18,54015,54748,53832,54748,252193,0.00841760144407
2022-03-21,54565,54565,52643,53650,169066,-0.020055527142543994
2022-03-22,53832,53924,53283,53742,92443,0.001714818266542295
2022-03-23,53741,53924,53557,53924,85337,0.0033865505563619447
2022-03-24,53281,54838,53098,53832,199469,-0.001706104888361426
2022-03-25,53557,54106,53374,53924,118587,0.0017090206568584065
2022-03-28,53831,54197,53465,54107,119776,0.0033936651583710287
2022-03-29,54290,54473,53832,53924,111191,-0.0033821871476887866
2022-03-30,54016,54290,53649,54016,118174,0.001706104888361315
2022-03-31,54016,54381,53375,53467,187591,-0.010163655213270117
2022-04-01,53282,54198,53100,54016,176852,0.01026801578543779
2022-04-04,53741,54015,53282,53924,107768,-0.0017031990521326756
2022-04-05,53922,54014,53373,53832,127953,-0.001706104888361426
2022-04-06,53831,54472,53465,53832,152447,0.0
2022-04-07,53466,53740,52275,52734,239724,-0.02039679001337491
2022-04-08,53099,56303,52916,55755,666885,0.05728751848902047
2022-04-11,55480,56304,54656,54748,174042,-0.018061160434041823
2022-04-12,55023,55480,53924,54566,167192,-0.0033243223496748353
2022-04-13,54564,54930,54015,54931,137930,0.006689147087930225
2022-04-14,54748,54930,53741,53924,204940,-0.018332089348455316
2022-04-15,53832,54748,53283,54474,172882,0.01019954009346491
2022-04-18,54472,54747,54015,54107,60732,-0.006737159011638627
2022-04-19,54198,55388,54015,54748,191165,0.011846895965401893
2022-04-20,54565,55297,54199,54199,159670,-0.010027763571271997
2022-04-21,54748,54840,54199,54566,91883,0.006771342644698253
2022-04-22,54107,54566,53832,54566,119127,0.0
2022-04-25,53922,54197,53465,53832,122991,-0.01345159989737199
2022-04-26,54107,54931,53924,54566,134470,0.013635012631891819
2022-04-27,53831,56211,53831,55755,355146,0.021790125719312492
2022-04-28,55846,56211,55022,55938,186374,0.003282216841538954
2022-04-29,55479,56028,55296,55938,150629,0.0
2022-05-02,55571,55754,55296,55755,125503,-0.0032714791376166064
2022-05-03,55846,55846,54839,55389,192651,-0.006564433683077797
2022-05-04,55113,55571,54015,54657,223945,-0.013215620430049313
2022-05-06,54107,54291,53558,53650,136209,-0.018423989607918467
2022-05-09,53283,53741,52917,53467,164073,-0.003410997204100652
2022-05-10,53374,53466,52367,53192,201361,-0.0051433594553650375
2022-05-11,52549,53190,52457,53008,176790,-0.003459166791998758
2022-05-12,52368,52917,52093,52368,162143,-0.012073649260488928
2022-05-13,52916,53740,52275,53283,142854,0.017472502291475678
2022-05-16,53466,53557,52550,52917,118086,-0.006868982602330931
2022-05-17,52916,53374,52458,52917,120870,0.0
2022-05-18,52917,53649,52551,53650,170291,0.013851881247992193
2022-05-19,52732,53373,52732,53283,161431,-0.006840633737185464
2022-05-20,53191,53831,53099,53558,168216,0.0051611208077624315
2022-05-23,53558,54656,53100,54566,178049,0.018820717726576897
2022-05-24,54015,54839,54015,54107,132487,-0.00841183154345193
2022-05-25,54747,55297,54106,54657,157330,0.010165043340048419
2022-05-26,54565,55205,54381,54840,130062,0.003348153027059597
2022-05-27,55113,55297,54565,54748,96090,-0.0016776075857038997
2022-05-30,55113,55387,54747,55114,114308,0.006685175714181257
2022-05-31,55114,55388,54382,55298,344371,0.0033385346735856913
2022-06-02,54474,54931,54107,54566,116951,-0.01323736844008827
2022-06-03,54656,54931,54291,54566,99540,0.0
2022-06-07,54290,54381,52917,53100,187225,-0.026866546933988156
2022-06-08,53192,53466,52733,53192,100878,0.0017325800376648548
2022-06-09,53283,53375,52825,53375,156546,0.0034403669724769603
2022-06-10,53008,53008,52001,52368,185038,-0.018866510538641634
2022-06-13,51727,52184,50903,50995,186858,-0.026218301252673437
2022-06-14,50262,50995,50262,50995,159380,0.0
2022-06-15,50445,50902,49621,49621,174380,-0.026943818021374688
2022-06-16,49896,50628,49896,49988,90811,0.0073960621511053315
2022-06-17,49345,49986,48979,49804,163338,-0.003680883412018887
2022-06-20,50078,50169,49254,50079,120574,0.005521644847803486
2022-06-21,50994,51085,49713,50720,135929,0.012799776353361603
2022-06-22,50626,51267,50261,50353,138385,-0.007235804416403813
2022-06-23,49988,50994,49988,49988,151477,-0.007248823307449359
2022-06-24,49896,51177,49804,50995,120778,0.020144834760342567
2022-06-27,51268,51359,50444,50628,145235,-0.0071967839984312665
2022-06-28,50901,51359,50352,51360,102354,0.014458402465039155
2022-06-29,50628,51452,50628,50995,95735,-0.007106697819314611
2022-06-30,50994,51909,50627,51269,118772,0.005373075791744286
2022-07-01,52093,52093,51085,51269,154008,0.0
2022-07-04,51176,52274,50993,52184,160645,0.017847042072207442
2022-07-05,52551,52825,51910,52826,122235,0.012302621493178068
2022-07-06,52092,53007,51908,52276,157658,-0.010411539772081979
2022-07-07,52917,53008,52184,52826,116524,0.010521080419312767
2022-07-08,52641,52916,52000,52459,160263,-0.006947336538825621
2022-07-11,52275,52916,51908,52551,125986,0.0017537505480469395
2022-07-12,52550,52824,51543,52551,136345,0.0
2022-07-13,52641,53007,52092,52276,142407,-0.005233011740975457
2022-07-14,51818,52917,51544,52643,192296,0.007020430025250546
2022-07-15,52641,52916,51817,52459,126515,-0.003495241532587401
2022-07-18,52551,53192,52459,52826,100317,0.006995939686231134
2022-07-19,52825,53649,52825,53192,99525,0.006928406466512715
2022-07-20,53648,53648,52641,53008,127682,-0.003459166791998758
2022-07-21,52733,53191,52367,52917,135971,-0.0017167220042257902
2022-07-22,52642,53282,52550,52917,101565,0.0
2022-07-25,52916,53466,52642,52917,78976,0.0
2022-07-26,52734,53100,52459,52826,84015,-0.0017196742067766557
2022-07-27,53191,53191,52642,53100,140032,0.005186839813728028
2022-07-28,52733,53374,52733,52917,130074,-0.0034463276836158574
2022-07-29,53099,53374,52642,52917,170329,0.0
2022-08-01,52825,52825,52001,52368,162199,-0.010374737796927214
2022-08-02,52092,52367,51726,51910,117591,-0.008745798961197648
2022-08-03,51726,52001,51360,51544,138829,-0.007050664611828128
2022-08-04,51726,53099,51634,53100,240205,0.030187800713953106
2022-08-05,53100,53466,52825,53375,142890,0.005178907721280712
2022-08-08,53281,53922,53098,53832,163401,0.008562060889929723
2022-08-09,53832,54291,53650,53742,111190,-0.0016718680338831948
2022-08-10,53924,54290,53374,53924,98105,0.0033865505563619447
2022-08-11,54198,54290,53557,54016,130262,0.001706104888361315
2022-08-12,54016,54474,53558,53742,100866,-0.00507257109004744
2022-08-16,53741,53832,52917,53100,178587,-0.011945964050463331
2022-08-17,53467,53557,52184,52643,141922,-0.008606403013182717
2022-08-18,52275,52550,51909,52002,121746,-0.012176357730372511
2022-08-19,52000,52641,51634,52459,88579,0.008788123533710168
2022-08-22,51908,52366,51817,52276,80885,-0.003488438590137033
2022-08-23,52184,52276,50995,50995,139539,-0.024504552758435993
2022-08-24,50994,51359,50902,51086,113841,0.0017844886753604072
2022-08-25,51176,52824,51176,52184,161426,0.02149316838272708
2022-08-26,52183,52457,51817,52184,96546,0.0
2022-08-29,50810,51726,50627,51269,152480,-0.017534110072052744
2022-08-30,51360,52093,50994,51819,121896,0.01072773020733786
2022-08-31,51451,52458,51177,52002,204572,0.003531523186476093
2022-09-01,51450,51817,51176,51360,153124,-0.012345679012345734
2022-09-02,51359,51818,51269,51269,111247,-0.0017718068535825804
2022-09-05,51451,51725,50993,51452,78704,0.003569408414441533
2022-09-06,51085,51726,51085,51086,61519,-0.007113426105885057
2022-09-07,50901,51176,50444,50811,114990,-0.005383079512978117
2022-09-08,51268,51268,50719,50903,106960,0.0018106315561590147
2022-09-13,51450,51725,50993,51360,135719,0.008977859851089232
2022-09-14,50352,51359,50261,50903,121359,-0.008897975077881592
2022-09-15,51085,51360,50720,50720,65431,-0.003595072981946057
2022-09-16,50536,51177,50444,51178,105003,0.009029968454258741
2022-09-19,51269,51635,50720,50995,55339,-0.0035757552073156784
2022-09-20,51633,51725,50993,51360,82873,0.007157564467104693
2022-09-21,50902,51451,50902,51086,92821,-0.005334890965732142
2022-09-22,50810,51176,50810,51086,125954,0.0
2022-09-23,51085,51177,50171,50171,127087,-0.017910973652272677
2022-09-26,49895,50078,48705,48797,125456,-0.027386338721572256
2022-09-27,48888,49437,48521,49255,106132,0.009385822898948737
2022-09-28,49070,49712,48338,48980,187939,-0.00558318952390624
2022-09-29,49437,50809,49437,50353,168228,0.0280318497345855
2022-09-30,50810,50902,49529,49713,113736,-0.012710265525390785
2022-10-04,49803,49895,48796,49621,220033,-0.0018506225735722692
2022-10-05,49896,50263,49255,49439,119551,-0.0036678019386953142
2022-10-06,49254,49621,48980,49164,98292,-0.005562410242925586
2022-10-07,48797,49988,48705,49988,154834,0.01676023106337965
2022-10-11,49896,50353,49255,50263,141084,0.005501320316876113
2022-10-12,49896,50263,49347,50263,98386,0.0
2022-10-13,50169,50901,49803,50628,223251,0.007261802916658455
2022-10-14,51725,51725,50077,50353,339022,-0.005431776882357631
2022-10-17,50169,50169,48888,48980,183738,-0.02726749150993979
2022-10-18,49072,49988,48889,49988,209612,0.020579828501429143
2022-10-19,49803,51176,49620,50811,166427,0.01646395134832357
2022-10-20,50352,51634,50352,51635,261348,0.016216960894294585
2022-10-21,51543,51543,50627,50811,93990,-0.015958167909363774
2022-10-24,51634,52458,51177,52368,190888,0.030642971010214293
2022-10-25,52457,53556,52366,53008,219352,0.012221203788573165
2022-10-26,53191,54381,52916,54382,237035,0.025920615756112264
2022-10-27,54565,55113,54198,54657,218886,0.005056820271413409
2022-10-28,54748,55297,54473,54748,138660,0.0016649285544394488
2022-10-31,54839,55297,54290,54748,97707,0.0
2022-11-01,55023,55298,54382,55298,129896,0.010046029078687901
2022-11-02,55296,55387,54198,55206,123432,-0.0016637129733444445
2022-11-03,54473,54931,54107,54199,189626,-0.018240770930695982
2022-11-04,53556,54106,51908,52551,299495,-0.030406465063931076
2022-11-07,52641,53191,52000,52551,116218,0.0
2022-11-08,52917,52917,52001,52643,133696,0.001750680291526363
2022-11-09,52275,52824,52183,52459,139873,-0.003495241532587401
2022-11-10,52457,52916,52275,52276,188091,-0.003488438590137033
2022-11-11,53100,53649,53008,53192,169224,0.017522381207437432
2022-11-14,53191,53282,52367,53100,136898,-0.001729583395999379
2022-11-15,53374,54472,53099,54382,180525,0.02414312617702441
2022-11-16,54380,54655,53740,54107,112773,-0.005056820271413298
2022-11-17,54381,54748,53832,53924,70007,-0.0033821871476887866
2022-11-18,53557,54106,53374,53558,54320,-0.006787330316742057
2022-11-21,53648,53923,53099,53558,93397,0.0
2022-11-22,53649,54381,53192,53375,93538,-0.003416856492027387
2022-11-23,53281,53556,52732,53008,105037,-0.006875878220140463
2022-11-24,53191,53557,53007,53558,56806,0.010375792333232825
2022-11-25,53741,53832,52643,52826,91565,-0.013667425968109326
2022-11-28,52458,52825,51818,52093,123869,-0.013875743005338226
2022-11-29,52550,52732,52092,52551,56584,0.008791968210700052
2022-11-30,52551,53649,52093,53467,278246,0.017430686380849103
2022-12-01,53648,54381,53466,53558,148426,0.001701984401593526
2022-12-02,53741,53741,53008,53375,248914,-0.003416856492027387
2022-12-05,53374,53832,52825,53100,105651,-0.005152224824355955
2022-12-06,53466,56029,53282,55389,588247,0.04310734463276833
2022-12-07,55571,55571,54015,54107,166349,-0.023145389878856837
2022-12-08,54565,54839,54015,54657,279538,0.010165043340048419
2022-12-09,54839,54930,53007,53558,237703,-0.020107214080538616
2022-12-12,53556,53831,52916,53008,69031,-0.010269240823032932
2022-12-13,53374,54930,53191,54657,213494,0.031108511922728566
2022-12-14,54839,55113,54290,54657,108981,0.0
2022-12-15,54839,55113,54381,54657,102608,0.0
2022-12-16,54472,54564,53740,54382,153752,-0.005031377499679857
2022-12-19,54106,54381,53557,54016,108111,-0.006730168070317344
2022-12-20,54840,55114,53924,54291,190859,0.005091084123222789
2022-12-21,54291,54931,54016,54474,77507,0.003370724429463401
2022-12-22,54472,55296,54472,55206,124179,0.013437603260270992
2022-12-23,54840,55114,54291,54474,226265,-0.013259428323008415
2022-12-26,54473,55205,54290,54748,242011,0.005029922531849973
2022-12-27,54565,55022,54473,54840,210670,0.001680426682253211
2022-12-28,54553,55510,54170,55032,152532,0.0035010940919038003
2022-12-29,54553,55223,54266,54745,157514,-0.005215147550516108
2023-01-02,55223,55223,53691,53979,125708,-0.013992145401406475
2023-01-03,54170,54265,52447,53213,182911,-0.014190703792215542
2023-01-04,53499,53499,52447,52830,133108,-0.007197489335312834
2023-01-05,52830,52926,52448,52448,141199,-0.007230740109786082
2023-01-06,52352,52734,51969,52352,194451,-0.0018303843807199183
2023-01-09,52734,53978,52543,53979,171175,0.031078086797065918
2023-01-10,53787,53787,52542,52830,206991,-0.021286055688323202
2023-01-11,53021,53117,51873,52543,215940,-0.005432519401854963
2023-01-12,52639,52734,51873,52065,433276,-0.009097310774032752
2023-01-13,52447,52638,51873,51873,184537,-0.0036876980697205797
2023-01-16,52160,52255,51681,51873,138764,0.0
2023-01-17,51778,51778,50533,50821,309163,-0.020280299963372106
2023-01-18,50820,50820,49959,50725,178533,-0.0018889829007693315
2023-01-19,50246,50916,49959,50725,176090,0.0
2023-01-20,50438,51108,50150,51108,179114,0.007550517496303533
2023-01-25,51203,51299,50724,51012,177347,-0.0018783752054473135
2023-01-26,50820,51394,50724,51299,166146,0.005626127185760277
2023-01-27,51108,51873,50916,51778,179936,0.009337413984678022
2023-01-30,51586,51777,50725,50725,249989,-0.020336822588744252
2023-01-31,50724,51012,49959,50055,243200,-0.013208477082306547
2023-02-01,50246,51107,50054,51012,160206,0.019118969133952612
2023-02-02,51203,51490,50725,51108,200358,0.0018819101387907988
2023-02-03,50916,51107,50437,51012,158540,-0.0018783752054473135
2023-02-06,50725,51203,50342,50438,195630,-0.011252254371520443
2023-02-07,50438,50725,50246,50438,143347,0.0
2023-02-08,50437,51012,50342,51012,115691,0.011380308497561442
2023-02-09,50820,51012,50437,51012,188807,0.0
2023-02-10,50629,50820,50054,50342,165818,-0.013134164510311352
2023-02-13,50342,50342,49576,50055,180737,-0.005701005124945424
2023-02-14,50054,50245,49671,49863,166055,-0.0038357806412945283
2023-02-15,49767,49863,49384,49672,129102,-0.0038304955578284394
2023-02-16,49671,49863,49288,49576,195507,-0.0019326783701079098
2023-02-17,49480,49576,49001,49289,126874,-0.005789091495885135
2023-02-20,49289,49959,48906,49672,125790,0.007770496459656329
2023-02-21,49767,49767,49097,49576,167897,-0.0019326783701079098
2023-02-22,49289,49289,48523,49098,152943,-0.00964176214297241
2023-02-23,49193,49384,49001,49193,119373,0.0019349056988064994
2023-02-24,50054,51394,49671,51203,651752,0.04085947187607997
2023-02-27,51202,51202,50054,50533,229394,-0.013085170790773981
2023-02-28,50629,50725,50150,50438,182542,-0.0018799596303405997
2023-03-02,50150,50437,49385,49768,217279,-0.01328363535429633
2023-03-03,49767,50629,49576,50342,200457,0.011533515511975567
2023-03-06,50342,50916,50055,50725,183096,0.007607961543045549
2023-03-07,50820,51299,50533,51012,198070,0.005657959586002903
2023-03-08,50532,50820,49671,49863,241682,-0.022524111973653227
2023-03-09,49767,50533,49576,50055,247851,0.0038505505083930025
2023-03-10,49672,49863,48906,49385,188080,-0.013385276196184237
2023-03-13,49480,49480,48619,48811,145008,-0.011622962437987217
2023-03-14,48618,48906,47805,47949,219621,-0.01765995369896134
2023-03-15,48236,48714,47949,48619,97405,0.013973179836910044
2023-03-16,48045,48619,47806,48524,108520,-0.001953968613093604
2023-03-17,48523,49672,48141,49481,192817,0.01972219932404573
2023-03-20,49576,50054,49002,49002,89162,-0.009680483417877528
2023-03-21,49193,49480,48905,49193,76036,0.003897800089792236
2023-03-22,49288,49384,48523,48619,137381,-0.011668326794462613
2023-03-23,48524,48524,48045,48524,149311,-0.001953968613093604
2023-03-24,48236,48523,47853,48332,115970,-0.003956804880059339
2023-03-27,48523,48810,47853,48332,108248,0.0
2023-03-28,48428,48906,48045,48428,123803,0.0019862616899777308
2023-03-29,48427,48618,47948,48236,134457,-0.0039646485504253315
2023-03-30,48140,48331,47805,47949,157937,-0.00594991292810354
2023-03-31,47949,48619,47949,48428,127086,0.009989780808775883
2023-04-03,48141,48715,48045,48141,124524,-0.005926323614437901
2023-04-04,48235,49288,47948,49193,240671,0.021852475021291617
2023-04-05,49384,49863,49001,49289,147111,0.0019514971642307088
2023-04-06,49768,51586,49672,51108,616606,0.03690478605774117
2023-04-07,51107,51585,50532,51490,289578,0.007474368005008891
2023-04-10,51681,53404,51394,53309,511964,0.0353272480093223
2023-04-11,53595,54552,52638,54170,483577,0.016151118948020127
2023-04-12,54744,55893,54266,55702,621939,0.02828133653313647
2023-04-13,55797,56946,55223,56659,561839,0.01718071164410606
2023-04-14,56467,56850,55797,55989,390669,-0.011825129282197033
2023-04-17,55510,55893,54553,55606,297521,-0.0068406294093482645
2023-04-18,55222,55797,53978,54553,351385,-0.018936805380714294
2023-04-19,54361,54457,53021,53979,293734,-0.01052187780690339
2023-04-20,53787,54361,53117,53596,198538,-0.007095351896107771
2023-04-21,53117,54840,53021,53883,237821,0.005354877229643895
2023-04-24,54170,54648,53500,54266,126989,0.007107993244622524
2023-04-25,54362,54649,53596,54075,116887,-0.0035196992592047005
2023-04-26,53691,54840,53404,54266,164093,0.003532131299121666
2023-04-27,54266,55319,54075,54745,198095,0.008826889765230606
2023-04-28,54552,55414,54361,55127,158377,0.006977806192346225
2023-05-02,54840,55319,54457,55032,127562,-0.0017232934859505722
2023-05-03,54553,55127,54553,55032,84519,0.0
2023-05-04,54553,56276,54457,55989,227576,0.017389882250327116
2023-05-08,56084,56466,54744,55127,164016,-0.015395881333833406
2023-05-09,54744,55988,54744,55223,119393,0.0017414334173817547
2023-05-10,56180,56180,54553,55032,126926,-0.0034587038009524784
2023-05-11,55127,55223,54745,54745,121657,-0.005215147550516108
2023-05-12,54648,54648,53595,54457,144233,-0.005260754406795187
2023-05-15,54074,55509,53882,55127,127352,0.01230328516076895
2023-05-16,54840,55414,54648,54936,80684,-0.003464726903332327
2023-05-17,54457,55988,54457,55510,110508,0.01044852191641188
2023-05-18,55127,55606,54840,55032,84211,-0.008611061070077475
2023-05-19,54840,55510,54648,55223,128610,0.0034707079517370953
2023-05-22,55318,56467,55318,56276,182144,0.019068141897397917
2023-05-23,56658,57998,56371,57424,393008,0.02039945980524549
2023-05-24,57137,57424,56275,57137,191198,-0.004997910281415385
2023-05-25,56658,57136,56466,56754,147060,-0.006703187076675388
2023-05-26,56467,57233,56180,56946,165347,0.0033830214610424125
2023-05-30,57616,57998,56659,57329,253897,0.0067256699329190095
2023-05-31,57136,57519,56179,56754,374790,-0.010029827835824845
2023-06-01,57424,58860,56658,58573,416690,0.03205060436268803
2023-06-02,59242,59242,57998,58477,253678,-0.001638980417598579
2023-06-05,58955,58955,57711,58286,198593,-0.0032662414282538244
2023-06-07,58668,58763,58094,58094,151364,-0.0032941014995024887
2023-06-08,58189,58668,57519,58477,222665,0.006592763452335948
2023-06-09,58476,58572,57424,57807,172521,-0.011457496109581577
2023-06-12,58094,58669,57616,57712,112495,-0.0016433995882851882
2023-06-13,58094,59721,57998,58286,238432,0.009945938453008063
2023-06-14,58189,58189,55988,56754,266328,-0.02628418488144668
2023-06-15,56754,56945,56179,56467,165393,-0.005056912288120663
2023-06-16,56849,57423,55892,56084,195618,-0.006782722652168505
2023-06-19,56084,56467,55222,56180,94600,0.0017117181370800427
2023-06-20,56275,56658,55892,56180,88131,0.0
2023-06-21,55988,56849,55797,55797,120074,-0.006817372730509086
2023-06-22,56180,56754,55797,56563,126856,0.013728336648923811
2023-06-23,56180,56659,55319,55415,165653,-0.02029595318494426
2023-06-26,55701,56179,55127,55797,63473,0.006893440404222684
2023-06-27,55605,56466,55222,55797,135052,0.0
2023-06-28,55892,56084,55318,55510,149093,-0.005143645715719458
2023-06-29,55223,55989,54840,55032,160298,-0.008611061070077475
2023-06-30,55031,57807,54552,57807,432741,0.050425207152202445
2023-07-03,58860,58956,57424,57712,299169,-0.0016433995882851882
2023-07-04,57519,57519,56467,56850,155229,-0.014936235098419792
2023-07-05,56467,57041,56180,56180,135679,-0.011785400175901461
2023-07-06,56371,56371,55222,55510,173612,-0.011925952296190867
2023-07-07,55127,55318,54074,54266,210172,-0.022410376508737118
2023-07-10,54552,54552,53595,54170,126078,-0.001769063502008672
2023-07-11,54839,55796,54744,55127,131066,0.017666605131991808
2023-07-12,55796,56945,55222,56754,244518,0.02951366843833325
2023-07-13,56945,57806,56658,56754,219487,0.0
2023-07-14,57137,57328,56658,56946,141148,0.0033830214610424125
2023-07-17,56945,57041,55605,55797,149268,-0.020177009798756695
2023-07-18,55893,56084,54936,55319,159521,-0.00856676882269658
2023-07-19,55318,58285,55318,57424,340551,0.03805202552468412
2023-07-20,57711,57902,56850,57520,207112,0.0016717748676511324
2023-07-21,57520,66133,57520,64124,3131810,0.11481223922114037
2023-07-24,64793,65367,62592,63071,795502,-0.016421308714365868
2023-07-25,63453,63549,60104,60774,682611,-0.036419273517147355
2023-07-26,60773,63166,60008,62018,847861,0.020469279626155856
2023-07-27,62018,66995,61252,65751,1573913,0.060192202263858796
2023-07-28,66133,67664,64506,66325,828325,0.008729905248589409
2023-07-31,67760,70344,67281,69866,1255539,0.053388616660384525
2023-08-01,70823,72737,69388,71685,1270127,0.02603555377436817
2023-08-02,71684,72546,69005,69675,692129,-0.028039338773802047
2023-08-03,69675,75513,68717,70345,1419539,0.009616074632220917
2023-08-04,71589,72259,69387,70345,428428,0.0
2023-08-07,70344,72832,69674,69866,514398,-0.006809297036036721
2023-08-08,70057,71972,69483,71015,541973,0.016445767612286444
2023-08-09,71876,75035,71781,74748,1100677,0.05256635921988306
2023-08-10,74748,75130,72163,73121,670497,-0.02176646866805798
2023-08-11,73312,74365,71781,72451,463080,-0.009162894380547293
2023-08-14,72163,73024,71302,71972,364722,-0.006611364922499363
2023-08-16,71780,72450,70536,71015,388246,-0.013296837659089622
2023-08-17,72068,72738,68526,70154,488514,-0.012124199112863443
2023-08-18,69388,71589,69292,70154,348306,0.0
2023-08-21,70249,72642,70249,70728,364900,0.008181999600878065
2023-08-22,70727,71397,69675,70345,225284,-0.0054151114127360955
2023-08-23,70632,75417,70536,71781,684277,0.020413675456677716
2023-08-24,71876,73216,71206,72355,290791,0.007996545046739412
2023-08-25,71685,72450,71302,72355,210785,0.0
2023-08-28,72545,72832,66037,68909,803130,-0.04762628705687233
2023-08-29,69291,69866,68334,69579,294863,0.00972296797225325
2023-08-30,70345,70441,69005,69484,272269,-0.001365354489141879
2023-08-31,71589,73981,69483,69675,956326,0.002748834264003186
2023-09-01,69388,70153,67474,67474,411169,-0.031589522784355895
2023-09-04,67474,68239,66612,67474,298189,0.0
2023-09-05,66803,67377,66325,66995,218441,-0.0070990307377656325
2023-09-06,66708,68239,66421,67857,231821,0.012866631838196918
2023-09-07,68430,69770,66803,68335,1365270,0.007044225356263922
2023-09-08,69004,71014,68621,69866,392941,0.022404331601668215
2023-09-11,70727,76470,68813,76470,1590018,0.09452380270804106
2023-09-12,77523,80011,74556,74939,1484965,-0.02002092323787108
2023-09-13,74556,74747,70440,70728,702855,-0.05619236979409925
2023-09-14,71493,72833,70727,72642,432352,0.027061418391584713
2023-09-15,72259,73311,71780,72259,447132,-0.005272431926433785
2023-09-18,72738,74939,72451,73121,424533,0.011929309843756508
2023-09-19,74939,76566,73982,74748,662454,0.022250789786791847
2023-09-20,74938,75034,69483,71589,760160,-0.04226200032107885
2023-09-21,70727,71110,69579,70058,318866,-0.021385967117853344
2023-09-22,68430,70727,68239,70345,288470,0.004096605669588138
2023-09-25,70153,71876,70153,70919,212895,0.008159783922098152
2023-09-26,71493,71493,70153,71111,232940,0.0027073139779185684
2023-09-27,70440,73503,70440,72546,416100,0.02017971903081106
2023-10-04,78958,84605,73981,75609,3459019,0.042221487056488316
2023-10-05,75895,78096,71206,71206,1550618,-0.05823380814453305
2023-10-06,71971,76756,71971,73790,1459402,0.03628907676319404
2023-10-10,75034,76183,72450,73025,790374,-0.010367258436102422
2023-10-11,74364,77426,72928,76087,1111805,0.04193084560082161
2023-10-12,77044,77139,74077,76087,1124937,0.0
2023-10-13,78479,79436,71684,72833,2096849,-0.04276683270466708
2023-10-16,72163,73024,70440,72259,736405,-0.007881042933834959
2023-10-17,72737,72833,71110,71302,679431,-0.013244024965748169
2023-10-18,65559,66038,58477,58860,4989986,-0.17449720905444444
2023-10-19,58189,60773,58094,58764,1957954,-0.0016309887869521145
2023-10-20,58190,61731,58190,60009,1512543,0.021186440677966045
2023-10-23,59817,60678,58669,59339,694364,-0.011164991917879008
2023-10-24,57806,58094,52543,55510,3085842,-0.06452754512209513
2023-10-25,55701,56466,54839,55127,915540,-0.006899657719329877
2023-10-26,53595,54648,52734,53787,782459,-0.02430750811761928
2023-10-27,54074,55031,53404,54362,517441,0.010690315503746328
2023-10-30,54074,55127,54074,54649,355962,0.005279423126448579
2023-10-31,55031,56275,54553,54936,673831,0.0052516971948251
2023-11-01,55701,55701,54553,55319,396397,0.0069717489442260305
2023-11-02,55797,57424,55606,56946,624315,0.029411233030242734
2023-11-03,57424,57424,56562,56850,319018,-0.001685807607206824
2023-11-06,58094,60583,57903,60583,736775,0.06566402814423933
2023-11-07,60774,61061,58764,59530,514596,-0.01738111351369198
2023-11-08,60104,61444,60104,60870,514896,0.022509658995464532
2023-11-09,61061,61252,59243,59243,382428,-0.026729094792180108
2023-11-10,58860,59817,58190,59339,252197,0.001620444609489624
2023-11-13,59529,60008,58476,59051,234321,-0.004853469050708603
2023-11-14,59626,59721,58956,59626,226693,0.009737345684239118
2023-11-15,60296,60965,59817,60296,348966,0.011236708818300745
2023-11-16,60295,60391,59530,59913,212345,-0.006351996815709193
2023-11-17,59817,59817,58764,58956,259286,-0.015973161083571163
2023-11-20,59147,59912,58764,59530,180135,0.009736074360540137
2023-11-21,59912,59912,58859,59721,281193,0.0032084663195026675
2023-11-22,59338,59816,58764,59147,189456,-0.009611359488287174
2023-11-23,59433,59912,59051,59721,228739,0.009704634216443742
2023-11-24,60008,60008,58955,59243,233277,-0.008003884730664268
2023-11-27,59434,59530,58668,59243,188567,0.0
2023-11-28,59529,60391,59338,60104,278483,0.014533362591361065
2023-11-29,60008,60295,58955,59051,238866,-0.017519632636762927
2023-11-30,59147,59626,57999,58669,580351,-0.006468984437181469
2023-12-01,58860,59529,58381,58860,297006,0.0032555523359867333
2023-12-04,59434,59434,57424,58286,412162,-0.009751953788651013
2023-12-05,58381,61061,57998,60583,612986,0.03940912054352674
2023-12-06,60582,62018,59721,61444,510533,0.01421190763085356
2023-12-07,61539,63836,61443,62688,748500,0.020246077729314527
2023-12-08,62879,63549,62017,62975,320024,0.004578228688106201
2023-12-11,63358,63645,62401,62593,210686,-0.00606589916633582
2023-12-12,62975,63453,62209,62688,239122,0.0015177416004985567
2023-12-13,62783,63645,61731,61731,264447,-0.015266079632465512
2023-12-14,62305,62879,61156,61444,659209,-0.004649203803599455
2023-12-15,61540,61827,60391,61253,412323,-0.0031085215806262445
2023-12-18,61252,62018,60774,61827,275201,0.009370969585163147
2023-12-19,61635,62975,61635,62593,252386,0.012389409157811393
2023-12-20,62879,63453,62496,62784,318829,0.0030514594283705954
2023-12-21,63071,63166,62305,62497,259370,-0.0045712283384301555
2023-12-22,64315,66516,64123,65751,1027450,0.05206649919196127
2023-12-26,67091,68527,66612,66900,838339,0.017475019391339996
2023-12-27,67100,68800,67100,67900,528358,0.014947683109117982
2023-12-28,68600,69200,66900,68800,379712,0.013254786450662692
2024-01-02,68800,68900,67300,67800,377268,-0.014534883720930258
2024-01-03,68400,69800,68000,68800,562166,0.014749262536873253
2024-01-04,68300,68300,66100,66300,371864,-0.036337209302325535
2024-01-05,66300,66900,65200,65900,301451,-0.006033182503770718
2024-01-08,66100,66500,64300,64400,244527,-0.022761760242792084
2024-01-09,65200,65800,64200,64500,239025,0.0015527950310558758
2024-01-10,64900,65300,64000,64800,186172,0.0046511627906977715
2024-01-11,64800,66100,64400,65300,265973,0.007716049382715973
2024-01-12,65300,65800,62800,63000,309476,-0.03522205206738127
2024-01-15,63500,63500,62100,62600,184155,-0.006349206349206327
2024-01-16,62600,63200,61500,62200,181175,-0.006389776357827448
2024-01-17,62100,62300,60300,60400,281428,-0.02893890675241162
2024-01-18,60100,60800,59800,59800,178512,-0.009933774834437137
2024-01-19,59800,60500,59500,59700,289308,-0.0016722408026755842
2024-01-22,59700,60000,59000,59600,253583,-0.0016750418760469454
2024-01-23,59700,60900,59700,60200,185582,0.010067114093959662
2024-01-24,60200,60300,59300,59500,167239,-0.011627906976744207
2024-01-25,59400,60400,59100,60200,160131,0.0117647058823529
2024-01-26,60000,62200,59700,61400,232086,0.019933554817275656
2024-01-29,61900,62000,60200,60300,188092,-0.01791530944625408
2024-01-30,60700,61400,60400,60500,154197,0.0033167495854062867
2024-01-31,60500,60500,58900,59200,265418,-0.02148760330578514
2024-02-01,58800,59700,57500,59100,366195,-0.0016891891891891442
2024-02-02,59200,60400,58500,59900,183086,0.013536379018612488
2024-02-05,59800,60300,59100,59400,188864,-0.008347245409014992
2024-02-06,59300,60000,59100,59800,165894,0.006734006734006703
2024-02-07,59900,61800,59800,61600,315898,0.030100334448160515
2024-02-08,61500,62200,61100,61200,383655,-0.00649350649350644
2024-02-13,61900,63500,61600,63400,389351,0.03594771241830075
2024-02-14,62700,62800,61500,62000,192013,-0.02208201892744477
2024-02-15,62700,62700,61700,61900,152711,-0.001612903225806428
2024-02-16,62500,62800,61500,62600,164929,0.011308562197092087
2024-02-19,62700,63700,61900,63300,291503,0.011182108626198062
2024-02-20,63200,66000,62800,65100,596221,0.028436018957346043
2024-02-21,65300,68400,65200,65800,870947,0.010752688172043001
2024-02-22,66500,66500,64100,64300,329028,-0.022796352583586588
2024-02-23,64500,69200,64200,67000,1157150,0.04199066874028001
2024-02-26,68500,70700,67600,69900,1168985,0.0432835820895523
2024-02-27,70700,71200,68500,69400,583786,-0.007153075822603716
2024-02-28,68800,69100,67900,68700,322926,-0.010086455331412059
2024-02-29,68500,69200,67400,67400,408812,-0.018922852983988325
2024-03-04,67000,67500,65300,65600,542348,-0.02670623145400597
2024-03-05,66300,69200,66100,68700,700950,0.04725609756097571
2024-03-06,68700,71000,68000,70800,714146,0.03056768558951961
2024-03-07,71500,73000,69200,69600,589460,-0.016949152542372836
2024-03-08,70500,73900,70100,73600,918395,0.05747126436781613
2024-03-11,76900,80400,75700,77400,2332169,0.05163043478260865
2024-03-12,77300,78900,75900,76800,830199,-0.007751937984496138
2024-03-13,77200,79500,75100,76000,786264,-0.01041666666666663
2024-03-14,75600,77200,74800,75200,541937,-0.010526315789473717
2024-03-15,76200,77800,73700,74000,634851,-0.015957446808510634
2024-03-18,74500,76100,73800,74300,364414,0.004054054054054124
2024-03-19,74800,77200,74000,75100,604996,0.010767160161507361
2024-03-20,75800,77200,74200,74700,498066,-0.005326231691078598
2024-03-21,75000,76400,74700,76300,400569,0.021419009370816644
2024-03-22,77500,77800,75800,76300,488810,0.0
2024-03-25,77700,78300,76500,77900,509190,0.02096985583224109
2024-03-26,78100,79000,77000,77900,628160,0.0
2024-03-27,77900,77900,75000,76300,536095,-0.020539152759948665
2024-03-28,76400,78000,75800,77400,393811,0.014416775884665833
2024-03-29,77800,78000,76500,76700,333947,-0.009043927648578864
2024-04-01,77200,83400,77200,79200,1667727,0.0325945241199479
2024-04-02,79700,79900,75500,75700,995759,-0.04419191919191923
2024-04-03,74700,75200,72200,72500,744578,-0.042272126816380484
2024-04-04,72700,74900,72700,73400,372611,0.012413793103448256
2024-04-05,71800,72700,71000,72100,335019,-0.017711171662125325
2024-04-08,72400,72400,70000,71300,305107,-0.01109570041608876
2024-04-09,71600,72200,70400,70600,229370,-0.009817671809256634
2024-04-11,69100,70000,68200,69200,382633,-0.019830028328611915
2024-04-12,69300,71800,69200,71200,355781,0.028901734104046284
2024-04-15,70500,70900,69600,69800,250416,-0.0196629213483146
2024-04-16,69000,70200,68700,69300,242507,-0.007163323782234943
2024-04-17,69800,70900,68500,68500,270147,-0.011544011544011523
2024-04-18,69200,70900,69000,70100,242556,0.023357664233576658
2024-04-19,69400,70000,67800,69300,310670,-0.011412268188302432
2024-04-22,70800,74200,70800,71600,516293,0.03318903318903321
2024-04-23,71800,74000,71000,73200,320085,0.022346368715083775
2024-04-24,73800,73800,71900,72300,334254,-0.012295081967213073
2024-04-25,71900,72600,71300,71500,211263,-0.011065006915629283
2024-04-26,71200,72100,70600,71000,226429,-0.006993006993006978
2024-04-29,71500,73100,71500,72900,261466,0.026760563380281654
2024-04-30,72900,74000,72200,72400,326354,-0.006858710562414272
2024-05-02,72100,72600,70900,72000,212511,-0.0055248618784530246
2024-05-03,72800,72900,71800,71900,151677,-0.001388888888888884
2024-05-07,72800,73800,72100,72300,263695,0.0055632823365785455
2024-05-08,72700,72800,71500,72500,226529,0.0027662517289073207
2024-05-09,72500,72600,71500,71500,218010,-0.01379310344827589
2024-05-10,72100,72900,71500,71600,203490,0.0013986013986013734
2024-05-13,71900,73300,70500,70600,248054,-0.013966480446927387
2024-05-14,70800,71000,69600,69900,283525,-0.009915014164305958
2024-05-16,71000,74300,70800,74000,606723,0.05865522174535043
2024-05-17,72200,77500,71900,77400,972490,0.04594594594594592
2024-05-20,77400,77700,74700,76500,543426,-0.011627906976744207
2024-05-21,76900,77200,75900,76800,343293,0.0039215686274509665
2024-05-22,77500,78400,69800,72900,1336386,-0.05078125
2024-05-23,73100,73400,71500,71800,415839,-0.015089163237311354
2024-05-24,71900,73100,69800,70000,619069,-0.02506963788300831
2024-05-27,70300,71900,69000,70800,392252,0.011428571428571344
2024-05-28,71000,71500,70100,70300,349415,-0.007062146892655385
2024-05-29,70000,71000,69600,69700,278248,-0.008534850640113834
2024-05-30,69600,71400,68400,69800,445711,0.0014347202295552641
2024-05-31,70600,70900,68400,68800,731720,-0.014326647564469885
2024-06-03,70700,82300,70300,75000,4589831,0.09011627906976738
2024-06-04,76700,79500,75600,78500,2159318,0.046666666666666634
2024-06-05,79300,81000,76700,79600,1321312,0.014012738853503182
2024-06-07,80200,82900,79800,81800,1389990,0.027638190954773822
2024-06-10,82700,82800,78200,78400,1027497,-0.041564792176039145
2024-06-11,78400,78800,75700,75800,876806,-0.03316326530612246
2024-06-12,75800,76400,73500,74300,724899,-0.01978891820580475
2024-06-13,75900,77600,74700,74700,707906,0.0053835800807537915
2024-06-14,74800,76400,74400,74500,415885,-0.0026773761713521083
2024-06-17,74000,76600,74000,76200,467795,0.02281879194630876
2024-06-18,75800,76100,74800,75600,383351,-0.007874015748031482
2024-06-19,75800,76300,74700,76200,385232,0.007936507936507908
2024-06-20,76900,79700,75900,78100,832434,0.02493438320209984
2024-06-21,78700,79100,77000,77600,529054,-0.006402048655569814
2024-06-24,77700,81000,77000,78000,627521,0.005154639175257714
2024-06-25,77900,79500,77200,78800,427710,0.01025641025641022
2024-06-26,78300,80700,77900,79600,583522,0.010152284263959421
2024-06-27,79100,80400,78700,79300,400250,-0.0037688442211055717
2024-06-28,79300,82000,78300,80900,542676,0.020176544766708604
2024-07-01,81400,84400,80500,83800,1273231,0.03584672435105074
2024-07-02,83200,83300,77000,77000,1380115,-0.08114558472553701
2024-07-03,78100,79800,76500,79000,660001,0.025974025974025983
2024-07-04,78500,80400,78400,79900,482253,0.0113924050632912
2024-07-05,79900,91500,79600,89500,5652055,0.12015018773466823
2024-07-08,90000,90200,85900,87400,1490241,-0.02346368715083802
2024-07-09,88400,89200,86700,88500,1072095,0.012585812356979309
2024-07-10,88500,91200,87900,89400,1163763,0.01016949152542379
2024-07-11,89700,91200,88300,88300,773148,-0.01230425055928408
2024-07-12,88000,96700,88000,94900,3637834,0.07474518686296716
2024-07-15,95400,98600,95000,97200,1686942,0.024236037934667998
2024-07-16,96500,100400,95400,96900,1666460,-0.0030864197530864335
2024-07-17,98400,100300,95500,96600,1599301,-0.003095975232198178
2024-07-18,97000,99700,95500,97300,1185321,0.007246376811594235
2024-07-19,96900,97900,94500,95400,800957,-0.019527235354573458
2024-07-22,95800,98400,93900,96500,895603,0.011530398322851187
2024-07-23,97500,98500,95900,96800,737260,0.0031088082901553626
2024-07-24,97200,98300,96200,97800,616203,0.010330578512396604
2024-07-25,96600,98500,95000,95500,904711,-0.023517382413087984
2024-07-26,95800,97500,95500,95700,582102,0.0020942408376962707
2024-07-29,96000,97300,95900,96300,514277,0.006269592476489061
2024-07-30,96300,97600,94600,97600,794408,0.01349948078920038
2024-07-31,98100,99000,89500,94400,1779758,-0.032786885245901676
2024-08-01,93300,95000,91700,92000,721342,-0.025423728813559365
2024-08-02,90600,92100,89900,90800,611517,-0.013043478260869601
2024-08-05,88100,90000,76300,82800,1127248,-0.08810572687224671
2024-08-06,86400,89200,84400,86600,950793,0.04589371980676327
2024-08-07,86700,90400,86100,88800,719080,0.025404157043879882
2024-08-08,89200,90100,86900,88500,560303,-0.0033783783783783994
2024-08-09,89800,90300,88200,88800,441331,0.003389830508474523
2024-08-12,89300,90100,85800,87300,783976,-0.016891891891891886
2024-08-13,88300,88300,85400,87400,698617,0.001145475372279492
2024-08-14,87600,91700,86300,88200,1073183,0.009153318077803174
2024-08-16,88800,95500,88800,95200,1746075,0.0793650793650793
2024-08-19,95800,99200,94200,96400,1447204,0.012605042016806678
2024-08-20,96800,97400,91600,94000,1639667,-0.024896265560165998
2024-08-21,103000,109700,93800,94300,13922671,0.0031914893617022155
2024-08-22,94700,99600,91500,96200,8269168,0.020148462354188768
2024-08-23,95300,111400,95200,106600,14758372,0.10810810810810811
2024-08-26,110300,113400,107100,111600,7656863,0.046904315196998114
2024-08-27,111700,114400,109800,112500,3844989,0.008064516129032251
2024-08-28,112700,139000,111700,135500,19623729,0.20444444444444443
2024-08-29,136000,145500,135500,137100,11366464,0.011808118081180874
2024-08-30,135000,142100,132900,141000,5603488,0.02844638949671774
2024-09-02,143300,143900,136200,140000,3639023,-0.007092198581560294
2024-09-03,138800,149800,138800,144900,6636725,0.03499999999999992
2024-09-04,142200,146000,138500,139600,3374391,-0.0365769496204279
2024-09-05,141500,142100,129900,130600,5156515,-0.0644699140401146
2024-09-06,129000,131500,122500,125600,4801007,-0.038284839203675314
2024-09-09,124700,127200,119500,119900,3717700,-0.04538216560509556
2024-09-10,122800,125800,119200,120500,3774507,0.005004170141784892
2024-09-11,122600,129500,118500,120200,5537026,-0.0024896265560165887
2024-09-12,122200,124800,120500,124800,3529950,0.038269550748752046
2024-09-13,127200,128200,123200,125000,2660039,0.0016025641025640969
2024-09-19,126700,127300,122900,125500,2678695,0.0040000000000000036
2024-09-20,125500,153500,125500,145400,14190268,0.15856573705179278
2024-09-23,147600,149400,140900,148200,5688887,0.01925722145804687
2024-09-24,148400,160300,144500,157000,9433169,0.05937921727395401
2024-09-25,156400,159800,149000,149500,4553577,-0.047770700636942665
2024-09-26,150900,157000,149200,151300,4132618,0.012040133779264162
2024-09-27,151100,154000,145400,146100,3078762,-0.034368803701255835
2024-09-30,146300,150400,142500,142600,2805437,-0.023956194387405927
2024-10-02,140700,143200,139000,139300,1737395,-0.023141654978962145
2024-10-04,140600,151800,140600,147300,4579418,0.0574300071787508
2024-10-07,150300,150300,145200,148100,1931968,0.005431093007467691
2024-10-08,147200,150000,145900,148300,1953674,0.0013504388926401933
2024-10-10,150300,159200,146900,158700,8562135,0.07012811867835467
2024-10-11,155000,164200,152000,161300,6197606,0.016383112791430454
2024-10-14,162200,162600,157800,157800,2768510,-0.021698698078115308
2024-10-15,157600,166900,157100,163700,4957122,0.03738910012674279
2024-10-16,164200,166400,158500,158500,2780308,-0.03176542455711673
2024-10-17,158500,161100,153500,153800,2518372,-0.029652996845425883
2024-10-18,153700,158900,153700,155300,1971620,0.00975292587776333
2024-10-21,156700,163800,154400,160000,2982111,0.030264005151320106
2024-10-22,160000,160000,153800,154000,2091519,-0.03749999999999998
2024-10-23,154100,155500,144100,145100,3330240,-0.05779220779220784
2024-10-24,144500,153300,144300,149000,2762627,0.026878015161957203
2024-10-25,149500,151800,146300,147400,1385906,-0.010738255033557076
2024-10-28,147800,155400,146800,150300,2796547,0.019674355495250984
2024-10-29,151300,151700,142700,143200,2159246,-0.04723885562208918
2024-10-30,143300,144900,140900,142000,1440537,-0.008379888268156388
2024-10-31,141400,143300,136900,138700,1783964,-0.02323943661971828
2024-11-01,138500,140100,134500,134800,1455036,-0.02811824080749825
2024-11-04,133900,142400,133800,140800,2154143,0.04451038575667665
2024-11-05,141200,141500,135700,136000,1274069,-0.03409090909090906
2024-11-06,136800,139400,133200,135600,1619593,-0.002941176470588225
2024-11-07,137000,137800,129000,131300,1697993,-0.03171091445427732
2024-11-08,132500,137500,132100,132500,2049482,0.009139375476009182
2024-11-11,133500,134500,130100,132500,1194107,0.0
2024-11-12,133300,136900,126500,126900,1917853,-0.042264150943396195
2024-11-13,125800,128000,122200,123800,1696614,-0.024428684003152124
2024-11-14,123800,126100,122100,122400,1567830,-0.011308562197092087
2024-11-15,121900,123000,118600,120500,1202866,-0.015522875816993409
2024-11-18,122300,123700,118900,119700,1538053,-0.00663900414937757
2024-11-19,120100,125600,116600,117400,1990624,-0.019214703425229795
2024-11-20,118300,120800,116500,117100,1649957,-0.0025553662691651935
2024-11-21,117600,119000,113300,117200,1810183,0.000853970964987294
2024-11-22,118500,119700,114000,115100,1512754,-0.017918088737201354
2024-11-25,116200,121400,115500,118200,2236522,0.02693310165073859
2024-11-26,119200,119300,113100,113900,1514521,-0.03637901861252113
2024-11-27,114300,117800,113400,116300,1200590,0.021071115013169495
2024-11-28,116700,120400,116700,118700,1694657,0.020636285468615734
2024-11-29,119900,119900,115100,115400,977409,-0.02780117944397642
2024-12-02,116500,119500,115400,117700,1064236,0.019930675909878737
2024-12-03,119000,122400,118500,120200,1434642,0.021240441801189558
2024-12-04,117200,119300,115000,117900,1396602,-0.019134775374376023
2024-12-05,118500,118600,116300,116900,789510,-0.008481764206955011
2024-12-06,116100,117700,112800,114900,1138434,-0.017108639863130826
2024-12-09,111000,112700,109000,109300,1327650,-0.048738033072236675
2024-12-10,110300,117800,110300,117700,1252666,0.07685269899359559
2024-12-11,118600,118600,115700,116600,800433,-0.009345794392523366
2024-12-12,117200,119000,115200,116900,1246211,0.002572898799313883
2024-12-13,117400,121500,116300,119800,1204266,0.02480752780153983
2024-12-16,121500,121600,116900,118400,930248,-0.011686143572620988
2024-12-17,117200,117200,110500,112800,1936927,-0.04729729729729726
2024-12-18,112600,119400,112000,117000,1569349,0.037234042553191404
2024-12-19,113300,114900,112100,113100,1064344,-0.033333333333333326
2024-12-20,113000,113700,109700,110300,785303,-0.024756852343059244
2024-12-23,111200,119000,111200,118100,1459213,0.07071622846781511
2024-12-24,118100,118100,113300,116800,1073627,-0.01100762066045724
2024-12-26,117100,118200,114600,115300,717260,-0.012842465753424626
2024-12-27,115000,115700,111600,112300,768647,-0.02601908065915004
2024-12-30,112100,122500,112100,119500,2312288,0.06411398040961713
2025-01-02,125100,125200,118000,118300,1518137,-0.010041841004184149
2025-01-03,119000,119800,116800,119200,884568,0.0076077768385460764
2025-01-06,119700,120300,117800,119000,817648,-0.001677852348993314
2025-01-07,119600,122000,118700,121400,1105832,0.020168067226890685
2025-01-08,127200,139500,126000,133700,6713348,0.10131795716639203
2025-01-09,134100,135900,132100,133000,2006394,-0.005235602094240788
2025-01-10,133000,138300,131900,134000,2880137,0.007518796992481258
2025-01-13,133100,139300,132600,137700,2167756,0.027611940298507553
2025-01-14,138100,138300,129900,130800,2183127,-0.050108932461873645
2025-01-15,131600,134100,131000,131100,1368724,0.002293577981651307
2025-01-16,133000,138600,132200,136000,2352199,0.037376048817696406
2025-01-17,136700,137500,133100,134000,1079491,-0.014705882352941124
2025-01-20,135000,135100,130200,131200,896001,-0.020895522388059695
2025-01-21,131900,135300,131500,131900,897084,0.005335365853658569
2025-01-22,133000,135000,129300,129400,1124832,-0.018953752843062888
2025-01-23,129400,130500,127000,127900,849322,-0.011591962905718733
2025-01-24,127900,132300,127900,129900,1043710,0.015637216575449475
2025-01-31,131200,132600,128300,129600,690901,-0.002309468822170868
2025-02-03,126900,128100,122700,123300,986061,-0.04861111111111116
2025-02-04,125900,130200,125400,127600,1076945,0.0348742903487429
2025-02-05,128800,139400,126800,135100,2716599,0.05877742946708464
2025-02-06,136000,138300,134500,137400,1440881,0.01702442635085122
2025-02-07,137400,140700,135100,136900,1217271,-0.00363901018922852
2025-02-10,136200,138900,133500,136000,1096351,-0.006574141709276837
2025-02-11,136500,138500,135200,135700,875855,-0.0022058823529411686
2025-02-12,136800,136900,126500,127200,1833261,-0.06263817243920411
2025-02-13,127900,128100,123800,125600,1211866,-0.012578616352201255
2025-02-14,126300,127500,124300,125100,771016,-0.00398089171974525
2025-02-17,125800,126500,124500,124600,634494,-0.003996802557953649
2025-02-18,125100,125100,122600,123900,725754,-0.005617977528089901
2025-02-19,124900,124900,122600,122700,758149,-0.009685230024213065
2025-02-20,123000,126000,121900,122200,889960,-0.004074979625101838
2025-02-21,122700,123800,122000,122400,470516,0.0016366612111293755
2025-02-24,122500,123700,120000,120500,531677,-0.015522875816993409
2025-02-25,120200,124400,118900,122200,771876,0.014107883817427336
2025-02-26,122900,125700,121500,125400,795116,0.026186579378068675
2025-02-27,126000,129400,124500,127700,1095013,0.018341307814992103
2025-02-28,126100,126700,120700,121900,1049439,-0.045418950665622515
2025-03-04,121400,134000,120100,129800,2536403,0.06480721903199349
2025-03-05,129800,131300,127900,129800,759924,0.0
2025-03-06,130500,130500,124400,124800,758761,-0.03852080123266566
2025-03-07,119200,121000,115800,118900,1254660,-0.04727564102564108
2025-03-10,119200,122000,117800,120500,572978,0.01345668629100083
2025-03-11,117000,122000,117000,119900,602507,-0.004979253112033177
2025-03-12,120300,122500,118800,118800,453638,-0.00917431192660545
2025-03-13,119200,122300,118700,120400,661019,0.013468013468013407
2025-03-14,120100,126300,118500,124800,1020934,0.03654485049833878
2025-03-17,125400,127800,124050,125700,658842,0.007211538461538547
2025-03-18,126100,127300,124800,126500,637371,0.006364359586316537
2025-03-19,126700,128500,126100,127800,563585,0.010276679841897174
2025-03-20,127800,137800,124100,131100,5868004,0.025821596244131495
2025-03-21,129200,131800,121100,121200,2007987,-0.07551487414187641
2025-03-24,122000,122700,119600,119600,440251,-0.01320132013201325
2025-03-25,120200,128600,119200,125800,2307338,0.05183946488294322
2025-03-26,127100,127100,121300,121600,674565,-0.03338632750397452
2025-03-27,121700,122200,117900,118100,514614,-0.028782894736842146
2025-03-28,118900,119500,112100,114000,763932,-0.03471634208298058
2025-03-31,111000,112700,107700,109200,587011,-0.04210526315789476
2025-04-01,110300,111800,109100,110000,436617,0.0073260073260073
2025-04-02,110100,110800,106300,106700,544474,-0.030000000000000027
2025-04-03,103000,111500,102900,110300,605220,0.03373945641986875
2025-04-04,109400,112300,108000,109700,457994,-0.005439709882139598
2025-04-07,105000,105300,101500,103200,624399,-0.0592525068368277
2025-04-08,106500,108300,103400,105000,426014,0.01744186046511631
2025-04-09,103800,106000,100400,101800,438251,-0.030476190476190435
2025-04-10,105300,108200,105200,108200,475818,0.06286836935166984
2025-04-11,106100,110900,105900,109700,450554,0.013863216266173817
2025-04-14,112500,115300,110700,113600,436282,0.03555150410209662
2025-04-15,114900,115400,113100,113500,249621,-0.0008802816901408717
2025-04-16,114600,117200,112900,113500,464017,0.0
2025-04-17,114600,116000,113500,114700,275569,0.010572687224669641
2025-04-18,115900,116400,114600,115400,265138,0.006102877070619073
2025-04-21,115800,117000,114900,115500,186965,0.0008665511265164572
2025-04-22,114400,116300,114300,115600,253119,0.0008658008658009031
2025-04-23,116600,116900,115600,116200,260595,0.00519031141868509
2025-04-24,116700,117000,114900,115900,212330,-0.002581755593803803
2025-04-25,116200,117000,114900,115000,264547,-0.007765314926660882
2025-04-28,115200,115800,112500,113000,325532,-0.017391304347826098
2025-04-29,113400,117500,113400,114200,457008,0.010619469026548645
2025-04-30,114300,115400,112200,113800,265224,-0.003502626970227629
2025-05-02,113300,114500,112800,113500,167264,-0.002636203866432374
