Date,Open,High,Low,Close,Volume,Change
2022-01-03,12500,12500,11500,11500,2,-0.14814814814814814
2022-01-04,10550,10550,10550,10550,0,-0.08260869565217388
2022-01-05,10400,10400,10400,10400,1,-0.014218009478673022
2022-01-06,10250,10250,10250,10250,0,-0.014423076923076872
2022-01-07,10150,10150,10150,10150,0,-0.009756097560975618
2022-01-10,10100,10100,10100,10100,0,-0.0049261083743842304
2022-01-11,11550,11550,8610,10350,7,0.024752475247524774
2022-01-12,10250,10250,10250,10250,0,-0.009661835748792313
2022-01-13,11500,11500,11500,11500,1,0.12195121951219523
2022-01-14,10300,10300,10300,10300,0,-0.10434782608695647
2022-01-17,11650,11650,11650,11650,1,0.13106796116504849
2022-01-18,9950,9950,9950,9950,53,-0.14592274678111583
2022-01-19,8470,9940,8460,9940,171,-0.0010050251256281673
2022-01-20,9930,9930,9930,9930,1,-0.001006036217303774
2022-01-21,11300,11300,11300,11300,1,0.13796576032225571
2022-01-24,9650,9650,9650,9650,0,-0.14601769911504425
2022-01-25,10950,10950,10250,10250,2,0.06217616580310881
2022-01-26,9990,9990,9990,9990,0,-0.025365853658536608
2022-01-27,11450,11450,9990,10000,100,0.0010010010010010895
2022-01-28,10000,10000,10000,10000,0,0.0
2022-02-03,10000,10000,10000,10000,2,0.0
2022-02-04,10000,10000,10000,10000,0,0.0
2022-02-07,10450,10450,10450,10450,1,0.04499999999999993
2022-02-08,10100,10100,10100,10100,0,-0.03349282296650713
2022-02-09,11550,11550,11550,11550,1,0.14356435643564347
2022-02-10,9850,13050,9850,11950,314,0.03463203463203457
2022-02-11,10200,11900,10200,11900,11,-0.004184100418409997
2022-02-14,13450,13450,11550,11900,10,0.0
2022-02-15,10900,10900,10900,10900,0,-0.08403361344537819
2022-02-16,10750,10750,10750,10750,0,-0.013761467889908285
2022-02-17,10700,10700,10700,10700,0,-0.0046511627906976605
2022-02-18,10650,10650,10650,10650,0,-0.004672897196261627
2022-02-21,10600,10600,10600,10600,0,-0.0046948356807511304
2022-02-22,11850,11850,11850,11850,1,0.11792452830188682
2022-02-23,11700,11700,10100,11600,321,-0.021097046413502074
2022-02-24,11300,11300,11300,11300,0,-0.025862068965517238
2022-02-25,11250,11250,11250,11250,0,-0.004424778761061954
2022-02-28,11000,11000,11000,11000,0,-0.022222222222222254
2022-03-02,10950,10950,10950,10950,0,-0.004545454545454519
2022-03-03,9350,10900,9350,10900,11,-0.004566210045662156
2022-03-04,10850,10850,10850,10850,0,-0.004587155963302725
2022-03-07,10100,10100,10100,10100,0,-0.06912442396313367
2022-03-08,8600,11250,8600,10050,164,-0.004950495049504955
2022-03-10,8550,8560,8550,8550,407,-0.14925373134328357
2022-03-11,9490,9490,7280,9480,15,0.1087719298245613
2022-03-14,9470,9470,9470,9470,0,-0.0010548523206751481
2022-03-15,9460,9460,9460,9460,0,-0.001055966209081327
2022-03-16,10350,10350,10350,10350,1,0.09408033826638484
2022-03-17,8800,8800,8800,8800,12,-0.1497584541062802
2022-03-18,8780,8780,8780,8780,41,-0.002272727272727315
2022-03-21,9980,9980,9980,9980,6,0.13667425968109348
2022-03-22,8490,8490,8490,8490,142,-0.14929859719438876
2022-03-23,9580,9580,7220,9470,9,0.11542991755005882
2022-03-24,9840,9840,8060,8980,152,-0.05174234424498414
2022-03-25,7800,8880,7650,8880,748,-0.011135857461024523
2022-03-28,8800,8800,8800,8800,0,-0.009009009009009028
2022-03-29,8490,8490,8490,8490,0,-0.035227272727272774
2022-03-30,7220,9730,7220,9500,152,0.11896348645465249
2022-03-31,9500,9500,9500,9500,1000,0.0
2022-04-01,8500,9490,8500,9490,52,-0.001052631578947416
2022-04-04,9490,9490,8070,8070,200,-0.1496311907270811
2022-04-05,9240,9240,7050,9200,43,0.1400247831474597
2022-04-06,7820,9140,7820,8000,134,-0.13043478260869568
2022-04-07,9090,9090,6870,8500,8,0.0625
2022-04-08,7250,8400,7230,7890,537,-0.07176470588235295
2022-04-11,8480,8480,8480,8480,1,0.07477820025348536
2022-04-12,7250,8440,7250,8380,360,-0.011792452830188704
2022-04-13,8000,8000,8000,8000,0,-0.04534606205250602
2022-04-14,9000,9000,9000,9000,1,0.125
2022-04-15,7650,7650,7650,7650,73,-0.15000000000000002
2022-04-18,8700,8700,6550,8690,10,0.13594771241830061
2022-04-19,8670,8670,7390,7390,2,-0.14959723820483317
2022-04-20,7990,7990,7990,7990,1,0.08119079837618393
2022-04-21,8480,8480,8480,8480,1,0.06132665832290374
2022-04-22,8470,8470,8470,8470,0,-0.001179245283018826
2022-04-25,8400,8400,7200,7290,340,-0.13931523022432113
2022-04-26,7500,7500,7500,7500,6,0.028806584362139898
2022-04-27,8590,8590,8590,8590,1,0.14533333333333331
2022-04-28,8570,8570,8570,8570,0,-0.002328288707799775
2022-04-29,8490,8490,8490,8490,0,-0.009334889148191361
2022-05-02,7220,7980,7220,7980,32,-0.060070671378091856
2022-05-03,6800,7300,6790,7300,1290,-0.08521303258145363
2022-05-04,8290,8290,8290,8290,1,0.13561643835616444
2022-05-06,7050,8200,7050,8200,6,-0.010856453558504175
2022-05-09,8000,8000,6970,7500,24,-0.08536585365853655
2022-05-10,6800,6800,6790,6800,178,-0.09333333333333338
2022-05-11,6050,6700,6050,6700,101,-0.014705882352941124
2022-05-12,6700,6700,6700,6700,0,0.0
2022-05-13,6700,6700,6700,6700,10,0.0
2022-05-16,6700,7100,6700,7100,705,0.05970149253731338
2022-05-17,8150,8150,8150,8150,1,0.147887323943662
2022-05-18,9350,9350,9350,9350,1,0.14723926380368102
2022-05-19,9300,9300,9300,9300,0,-0.005347593582887722
2022-05-20,9290,9290,9290,9290,0,-0.0010752688172043223
2022-05-23,9280,9280,9280,9280,0,-0.0010764262648008671
2022-05-24,9270,9270,9270,9270,20,-0.0010775862068965747
2022-05-25,9230,9230,9230,9230,0,-0.004314994606256728
2022-05-26,9220,9220,9220,9220,0,-0.0010834236186348933
2022-05-27,9190,9190,9190,9190,0,-0.0032537960954447387
2022-05-30,9190,9190,9190,9190,0,0.0
2022-05-31,9870,9870,9870,9870,1,0.0739934711643091
2022-06-02,9860,9860,9860,9860,0,-0.0010131712259371373
2022-06-03,9790,9790,9790,9790,0,-0.007099391480730244
2022-06-07,9780,9780,9780,9780,0,-0.0010214504596527396
2022-06-08,9490,9490,9490,9490,0,-0.029652351738241323
2022-06-09,9480,10900,9480,10900,1745,0.14857744994731292
2022-06-10,10000,10600,10000,10550,111,-0.032110091743119296
2022-06-13,10000,10000,10000,10000,1005,-0.05213270142180093
2022-06-14,10000,10000,10000,10000,1000,0.0
2022-06-15,10000,11450,10000,11450,3,0.14500000000000002
2022-06-16,11350,11350,11350,11350,0,-0.008733624454148492
2022-06-17,10000,10050,10000,10000,410,-0.11894273127753308
2022-06-20,10000,10000,10000,10000,0,0.0
2022-06-21,10000,10000,10000,10000,0,0.0
2022-06-22,10000,10000,10000,10000,0,0.0
2022-06-23,9950,9950,9950,9950,0,-0.0050000000000000044
2022-06-24,9900,9900,9900,9900,0,-0.005025125628140725
2022-06-27,9900,9900,9900,9900,0,0.0
2022-06-28,9900,9900,9900,9900,0,0.0
2022-06-29,9900,9900,9900,9900,0,0.0
2022-06-30,9900,9900,9900,9900,3,0.0
2022-07-01,8430,10000,8430,10000,5,0.010101010101010166
2022-07-04,8500,9990,8500,8500,701,-0.15000000000000002
2022-07-05,9490,9490,7230,7230,871,-0.14941176470588236
2022-07-06,7230,7230,7230,7230,0,0.0
2022-07-07,6510,8100,6500,8100,710,0.1203319502074689
2022-07-08,8800,8800,6930,6930,2,-0.1444444444444445
2022-07-11,6230,7890,6230,7890,3,0.1385281385281385
2022-07-12,8790,8790,8790,8790,3,0.11406844106463887
2022-07-13,7480,9790,7480,9790,2,0.11376564277588175
2022-07-14,8330,8330,8330,8330,10,-0.1491317671092952
2022-07-15,8330,8330,8330,8330,25,0.0
2022-07-18,7110,9090,7110,9090,6,0.09123649459783922
2022-07-19,10350,10350,7730,7730,226,-0.1496149614961496
2022-07-20,8490,8490,6610,6610,201,-0.14489003880983187
2022-07-21,7590,7590,6300,6300,21,-0.04689863842662634
2022-07-22,7230,7230,6130,6130,11,-0.026984126984127
2022-07-25,7040,7040,5600,7000,88,0.1419249592169658
2022-07-26,8040,8040,8040,8040,1,0.14857142857142858
2022-07-27,8990,8990,8990,8990,1,0.1181592039800996
2022-07-28,7650,7650,7650,7650,0,-0.14905450500556172
2022-07-29,7650,7650,7650,7650,0,0.0
2022-08-01,7650,7650,7650,7650,180,0.0
2022-08-02,8790,8790,8790,8790,1,0.14901960784313717
2022-08-03,8780,8780,8780,8780,21,-0.0011376564277588708
2022-08-04,8780,8780,8780,8780,0,0.0
2022-08-05,8780,8780,8780,8780,9,0.0
2022-08-08,7470,7470,7470,7470,47,-0.14920273348519364
2022-08-09,6510,8490,6510,8430,146,0.12851405622489964
2022-08-10,9670,9670,9670,9670,1,0.14709371293001183
2022-08-11,8220,8220,8220,8220,0,-0.14994829369183038
2022-08-12,9430,9430,9430,9430,1,0.14720194647201956
2022-08-16,8020,8020,8020,8020,0,-0.14952279957582182
2022-08-17,9180,9180,9180,9180,1,0.14463840399002503
2022-08-18,7810,10450,7810,10250,155,0.11655773420479298
2022-08-19,8750,8750,8750,8750,0,-0.14634146341463417
2022-08-22,7450,8690,7450,8690,60,-0.006857142857142895
2022-08-23,8660,9990,8660,9990,1098,0.14959723820483317
2022-08-24,8500,10600,8500,10600,9,0.06106106106106113
2022-08-25,10600,10600,10600,10600,0,0.0
2022-08-26,9050,9990,9050,9990,2,-0.0575471698113208
2022-08-29,9980,9980,9980,9980,0,-0.0010010010010009784
2022-08-30,9970,9970,9970,9970,0,-0.0010020040080159776
2022-08-31,9970,9970,9970,9970,0,0.0
2022-09-01,9970,9970,9970,9970,0,0.0
2022-09-02,9970,9970,9970,9970,0,0.0
2022-09-05,11400,11400,11400,11400,4,0.14343029087261794
2022-09-06,11400,11400,11400,11400,0,0.0
2022-09-07,11400,11400,11400,11400,0,0.0
2022-09-08,11400,11400,11400,11400,0,0.0
2022-09-13,11400,11400,11400,11400,0,0.0
2022-09-14,11400,11400,11400,11400,0,0.0
2022-09-15,10500,10500,10500,10500,0,-0.07894736842105265
2022-09-16,10950,10950,10950,10950,0,0.04285714285714293
2022-09-19,11500,11500,11500,11500,0,0.05022831050228316
2022-09-20,11000,11000,11000,11000,0,-0.04347826086956519
2022-09-21,10900,10900,10900,10900,0,-0.009090909090909038
2022-09-22,10850,10850,10850,10850,0,-0.004587155963302725
2022-09-23,12250,12250,9250,12000,3,0.10599078341013835
2022-09-26,11000,11000,11000,11000,0,-0.08333333333333337
2022-09-27,10000,10000,10000,10000,0,-0.09090909090909094
2022-09-28,8520,10000,8520,10000,3,0.0
2022-09-29,11000,11000,11000,11000,1,0.10000000000000009
2022-09-30,12000,12000,12000,12000,1,0.09090909090909083
2022-10-04,11950,11950,11950,11950,1,-0.004166666666666652
2022-10-05,11800,11800,11800,11800,0,-0.012552301255230103
2022-10-06,11000,11000,11000,11000,0,-0.06779661016949157
2022-10-07,12200,12200,12100,12100,21,0.10000000000000009
2022-10-11,11950,11950,11950,11950,0,-0.012396694214875992
2022-10-12,11950,11950,11950,11950,0,0.0
2022-10-13,12400,12400,12400,12400,1,0.03765690376569042
2022-10-14,10550,12000,10550,12000,2,-0.032258064516129004
2022-10-17,12500,12500,12500,12500,3,0.04166666666666674
2022-10-18,12000,12000,12000,12000,0,-0.040000000000000036
2022-10-19,10200,10300,10200,10200,14,-0.15000000000000002
2022-10-20,11700,11700,11700,11700,1,0.1470588235294117
2022-10-21,11700,12450,9970,12300,60,0.05128205128205132
2022-10-24,12300,12300,12300,12300,0,0.0
2022-10-25,14100,14100,14000,14000,2,0.1382113821138211
2022-10-26,14000,14000,14000,14000,0,0.0
2022-10-27,13950,13950,13950,13950,3,-0.0035714285714285587
2022-10-28,15000,15000,15000,15000,0,0.07526881720430101
2022-10-31,14950,14950,14950,14950,0,-0.0033333333333332993
2022-11-01,14900,14900,14900,14900,14,-0.0033444816053511683
2022-11-02,17000,17000,17000,17000,1,0.14093959731543615
2022-11-03,14450,14450,14450,14450,1,-0.15000000000000002
2022-11-04,16500,16500,16500,16500,1,0.1418685121107266
2022-11-07,14050,14050,14050,14050,40,-0.14848484848484844
2022-11-08,15950,15950,15700,15700,16,0.11743772241992878
2022-11-09,14900,14900,14900,14900,0,-0.05095541401273884
2022-11-10,15800,15800,15800,15800,1,0.06040268456375841
2022-11-11,13450,13450,13450,13450,11,-0.1487341772151899
2022-11-14,14850,14850,14850,14850,1,0.10408921933085491
2022-11-15,14800,14800,14800,14800,0,-0.0033670033670033517
2022-11-16,14800,14800,14800,14800,0,0.0
2022-11-17,16550,16550,16550,16550,1,0.1182432432432432
2022-11-18,15450,15450,14100,14100,51,-0.14803625377643503
2022-11-21,14100,14100,14100,14100,1,0.0
2022-11-22,14150,14150,14100,14100,12,0.0
2022-11-23,14100,14100,14100,14100,3,0.0
2022-11-24,14100,14100,14100,14100,0,0.0
2022-11-25,14000,14000,14000,14000,0,-0.007092198581560294
2022-11-28,12000,14000,12000,14000,2,0.0
2022-11-29,16000,16000,16000,16000,1,0.1428571428571428
2022-11-30,14500,14500,14500,14500,3,-0.09375
2022-12-01,14500,14500,14500,14500,0,0.0
2022-12-02,14500,14500,14500,14500,0,0.0
2022-12-05,14500,14500,14500,14500,4,0.0
2022-12-06,16350,16350,16350,16350,2,0.12758620689655165
2022-12-07,16200,16200,16200,16200,0,-0.00917431192660545
2022-12-08,18550,18550,18550,18550,1,0.1450617283950617
2022-12-09,21200,21200,18000,19950,14,0.07547169811320753
2022-12-12,18750,18750,18750,18750,0,-0.06015037593984962
2022-12-13,21500,21500,15950,19950,8,0.06400000000000006
2022-12-14,17250,17250,17250,17250,3,-0.13533834586466165
2022-12-15,17250,17250,17250,17250,2,0.0
2022-12-16,17250,17250,17250,17250,0,0.0
2022-12-19,17200,17200,17200,17200,0,-0.0028985507246376274
2022-12-20,18950,18950,18950,18950,1,0.10174418604651159
2022-12-21,18950,18950,18950,18950,0,0.0
2022-12-22,18900,18900,18900,18900,0,-0.0026385224274406704
2022-12-23,18850,18850,18850,18850,0,-0.002645502645502673
2022-12-26,18850,18850,18850,18850,0,0.0
2022-12-27,18800,18800,18800,18800,2,-0.0026525198938992522
2022-12-28,18750,18750,18750,18750,1,-0.0026595744680850686
2022-12-29,18650,18650,18650,18650,0,-0.005333333333333301
2023-01-02,16000,16000,16000,16000,0,-0.1420911528150134
2023-01-03,13600,18350,13600,18350,44,0.1468750000000001
2023-01-04,15600,15600,15600,15600,0,-0.14986376021798364
2023-01-05,15600,15600,15600,15600,0,0.0
2023-01-06,13300,13300,13300,13300,0,-0.14743589743589747
2023-01-09,15200,15200,15200,15200,2,0.1428571428571428
2023-01-10,12950,12950,12950,12950,13,-0.14802631578947367
2023-01-11,11050,11050,11050,11050,7,-0.14671814671814676
2023-01-12,9400,10000,9400,9950,313,-0.09954751131221717
2023-01-13,8600,11300,8600,11300,20,0.13567839195979903
2023-01-16,11300,11300,11300,11300,0,0.0
2023-01-17,12900,12900,12850,12850,4,0.13716814159292046
2023-01-18,14650,14650,14650,14650,1,0.1400778210116731
2023-01-19,12550,16000,12550,16000,2,0.0921501706484642
2023-01-20,0,0,0,15950,0,-0.0031250000000000444
2023-01-25,13560,13990,13560,13990,11,-0.1228840125391849
2023-01-26,12000,14740,12000,14740,11,0.053609721229449514
2023-01-27,12530,12530,12530,12530,2,-0.149932157394844
2023-01-30,12530,12530,12000,12000,7,-0.042298483639265805
2023-01-31,13780,13780,13780,13780,1,0.14833333333333343
2023-02-01,12000,14950,12000,14950,21,0.08490566037735858
2023-02-02,13990,13990,13990,13990,0,-0.06421404682274245
2023-02-03,12000,14890,12000,14890,21,0.06433166547533964
2023-02-06,13990,13990,13990,13990,0,-0.0604432505036937
2023-02-07,13490,13490,13490,13490,0,-0.035739814152966454
2023-02-08,11990,11990,11990,11990,0,-0.11119347664936985
2023-02-09,11000,13680,10200,13680,51,0.14095079232693908
2023-02-10,11710,12000,11630,12000,133,-0.1228070175438597
2023-02-13,13190,13200,13190,13200,2,0.10000000000000009
2023-02-14,13200,13200,13200,13200,0,0.0
2023-02-15,13200,13200,13200,13200,0,0.0
2023-02-16,13200,13200,13200,13200,0,0.0
2023-02-17,13100,13100,13100,13100,0,-0.007575757575757569
2023-02-20,13000,13000,13000,13000,60,-0.007633587786259555
2023-02-21,13000,13000,13000,13000,20,0.0
2023-02-22,13000,13000,13000,13000,100,0.0
2023-02-23,13000,13000,13000,13000,0,0.0
2023-02-24,12950,12950,12950,12950,1,-0.0038461538461538325
2023-02-27,12950,12950,12950,12950,2,0.0
2023-02-28,12950,12950,12950,12950,1,0.0
2023-03-02,12950,12950,12950,12950,0,0.0
2023-03-03,12950,12950,12950,12950,50,0.0
2023-03-06,12950,12950,12950,12950,12,0.0
2023-03-07,12950,12950,12900,12900,30,-0.0038610038610038533
2023-03-08,12900,12900,12900,12900,0,0.0
2023-03-09,12000,12000,12000,12000,0,-0.06976744186046513
2023-03-10,13000,13000,13000,13000,1,0.08333333333333326
2023-03-13,12500,12500,12500,12500,1,-0.038461538461538436
2023-03-14,12500,12500,12500,12500,0,0.0
2023-03-15,12000,12950,12000,12950,21,0.03600000000000003
2023-03-16,14870,14870,14870,14870,1,0.14826254826254837
2023-03-17,13500,13500,13500,13500,0,-0.09213180901143236
2023-03-20,13200,13200,13200,13200,0,-0.022222222222222254
2023-03-21,12900,12900,12900,12900,0,-0.022727272727272707
2023-03-22,12800,12900,12800,12900,48,0.0
2023-03-23,12900,12900,12900,12900,0,0.0
2023-03-24,12910,12910,12910,12910,20,0.0007751937984497026
2023-03-27,12900,12900,12900,12900,10,-0.0007745933384972759
2023-03-28,12900,12900,12900,12900,0,0.0
2023-03-29,11000,14790,11000,14790,572,0.1465116279069767
2023-03-30,12580,12580,12580,12580,117,-0.14942528735632188
2023-03-31,12580,12580,12580,12580,1,0.0
2023-04-03,12580,12580,12580,12580,6,0.0
2023-04-04,14450,14450,14450,14450,1,0.14864864864864868
2023-04-05,12750,12750,12750,12750,0,-0.11764705882352944
2023-04-06,12750,12750,12750,12750,2,0.0
2023-04-07,12750,12750,12750,12750,0,0.0
2023-04-10,12750,12750,12750,12750,0,0.0
2023-04-11,12650,12650,12650,12650,0,-0.007843137254901933
2023-04-12,12650,12650,12650,12650,0,0.0
2023-04-13,12650,12650,12650,12650,0,0.0
2023-04-14,12590,12590,12590,12590,0,-0.004743083003952542
2023-04-17,12590,12590,12590,12590,0,0.0
2023-04-18,12590,12590,12590,12590,0,0.0
2023-04-19,12000,12000,11900,12000,491,-0.046862589356632234
2023-04-20,11000,12550,10600,12550,501,0.04583333333333339
2023-04-21,12000,12000,10670,11900,702,-0.05179282868525892
2023-04-24,11900,11900,11900,11900,14,0.0
2023-04-25,10400,11900,10400,11900,115,0.0
2023-04-26,11900,11900,11900,11900,0,0.0
2023-04-27,13680,13680,13680,13680,1,0.14957983193277302
2023-04-28,11630,13000,11630,13000,12,-0.049707602339181256
2023-05-02,11800,11800,11800,11800,0,-0.09230769230769231
2023-05-03,11600,11600,11600,11600,0,-0.016949152542372836
2023-05-04,11600,11600,11600,11600,0,0.0
2023-05-08,11000,11000,11000,11000,0,-0.051724137931034475
2023-05-09,10950,10950,10950,10950,0,-0.004545454545454519
2023-05-10,10920,10920,10920,10920,0,-0.002739726027397249
2023-05-11,10500,10500,10500,10500,1,-0.038461538461538436
2023-05-12,10900,10900,10900,10900,1,0.03809523809523818
2023-05-15,11000,11000,10010,11000,19,0.00917431192660545
2023-05-16,11000,11000,10500,11000,201,0.0
2023-05-17,11000,11090,11000,11090,200,0.00818181818181829
2023-05-18,10350,10350,10350,10350,0,-0.066726780883679
2023-05-19,11000,11000,11000,11000,5,0.06280193236714982
2023-05-22,10000,10000,10000,10000,1,-0.09090909090909094
2023-05-23,11000,11000,11000,11000,1,0.10000000000000009
2023-05-24,11000,11000,11000,11000,0,0.0
2023-05-25,10100,11200,10100,11000,122,0.0
2023-05-26,11000,11000,11000,11000,0,0.0
2023-05-30,11000,11500,11000,11500,12,0.045454545454545414
2023-05-31,11400,11400,11400,11400,1,-0.008695652173912993
2023-06-01,11400,11400,11400,11400,0,0.0
2023-06-02,10500,10500,10500,10500,0,-0.07894736842105265
2023-06-05,10510,10510,10510,10510,0,0.0009523809523810378
2023-06-07,11380,11380,11380,11380,1,0.08277830637488104
2023-06-08,11260,11260,10620,10620,2,-0.06678383128295251
2023-06-09,10300,10500,10300,10500,403,-0.011299435028248594
2023-06-12,10500,10500,10500,10500,100,0.0
2023-06-13,10500,10500,10500,10500,166,0.0
2023-06-14,10500,10500,10500,10500,142,0.0
2023-06-15,10500,10500,10500,10500,110,0.0
2023-06-16,10500,10500,10500,10500,100,0.0
2023-06-19,10500,10500,10500,10500,0,0.0
2023-06-20,10500,10500,10500,10500,200,0.0
2023-06-21,10500,10500,10500,10500,500,0.0
2023-06-22,10500,10500,10500,10500,200,0.0
2023-06-23,10500,11000,10500,10600,1068,0.00952380952380949
2023-06-26,10700,10700,10700,10700,3,0.009433962264151052
2023-06-27,10500,10500,10500,10500,100,-0.01869158878504673
2023-06-28,11100,11100,10500,10500,201,0.0
2023-06-29,10500,10500,10500,10500,302,0.0
2023-06-30,10500,10500,10500,10500,200,0.0
2023-07-03,10500,10500,10500,10500,3,0.0
2023-07-04,11000,11000,11000,11000,1,0.04761904761904767
2023-07-05,11100,11100,10500,10500,362,-0.045454545454545414
2023-07-06,10500,10500,10500,10500,43,0.0
2023-07-07,11000,11000,11000,11000,2,0.04761904761904767
2023-07-10,11000,11000,11000,11000,0,0.0
2023-07-11,11100,11100,10390,11000,30,0.0
2023-07-12,11000,11000,10400,10400,2,-0.054545454545454564
2023-07-13,11000,11000,11000,11000,1,0.05769230769230771
2023-07-14,11000,11000,11000,11000,0,0.0
2023-07-17,11100,11100,11100,11100,1,0.009090909090909038
2023-07-18,11100,11100,11000,11000,2,-0.009009009009009028
2023-07-19,11000,11000,11000,11000,0,0.0
2023-07-20,11100,11100,10500,10500,46,-0.045454545454545414
2023-07-21,11000,11000,10600,10600,8,0.00952380952380949
2023-07-24,10600,10940,9020,10940,60,0.03207547169811331
2023-07-25,11090,11090,11090,11090,6,0.013711151736745864
2023-07-26,10990,10990,10990,10990,0,-0.00901713255184855
2023-07-27,10970,10970,10970,10970,0,-0.0018198362147406888
2023-07-28,10970,10970,10970,10970,0,0.0
2023-07-31,11090,11100,11090,11100,16,0.01185050136736554
2023-08-01,11000,11000,11000,11000,0,-0.009009009009009028
2023-08-02,11000,11000,10500,10500,9,-0.045454545454545414
2023-08-03,10890,10890,10890,10890,1,0.037142857142857144
2023-08-04,10000,10000,10000,10000,103,-0.08172635445362719
2023-08-07,10900,10900,10900,10900,6,0.09000000000000008
2023-08-08,10900,10900,10900,10900,0,0.0
2023-08-09,10100,11000,10100,11000,91,0.00917431192660545
2023-08-10,10500,10500,10500,10500,3,-0.045454545454545414
2023-08-11,11000,11000,11000,11000,1,0.04761904761904767
2023-08-14,9900,11100,9900,11100,352,0.009090909090909038
2023-08-16,11300,11500,11300,11300,582,0.018018018018018056
2023-08-17,11500,11500,11400,11400,102,0.008849557522123908
2023-08-18,13090,13090,10900,11530,9,0.011403508771929749
2023-08-21,11530,11530,11530,11530,2,0.0
2023-08-22,11500,11500,11500,11500,0,-0.002601908065914982
2023-08-23,11000,11000,11000,11000,0,-0.04347826086956519
2023-08-24,10410,10410,10410,10410,1,-0.05363636363636359
2023-08-25,11200,11200,11200,11200,1,0.07588856868395766
2023-08-28,11490,11490,11490,11490,2,0.025892857142857162
2023-08-29,11490,11490,11490,11490,1,0.0
2023-08-30,11450,11450,11450,11450,0,-0.003481288076588318
2023-08-31,11450,11450,11450,11450,0,0.0
2023-09-01,11000,11540,11000,11540,2,0.007860262008733576
2023-09-04,11540,11540,11540,11540,0,0.0
2023-09-05,11540,11600,11540,11600,173,0.005199306759098743
2023-09-06,11600,11600,11600,11600,0,0.0
2023-09-07,11600,11600,11600,11600,0,0.0
2023-09-08,11600,11600,11600,11600,0,0.0
2023-09-11,11600,11600,11600,11600,0,0.0
2023-09-12,11600,11600,11600,11600,0,0.0
2023-09-13,11600,11600,11600,11600,0,0.0
2023-09-14,11600,11600,11600,11600,0,0.0
2023-09-15,11600,11600,11600,11600,0,0.0
2023-09-18,12900,12900,12900,12900,1,0.11206896551724133
2023-09-19,12380,12380,12380,12380,0,-0.04031007751937987
2023-09-20,10530,10900,10530,10900,26,-0.11954765751211627
2023-09-21,10500,11990,10490,11990,103,0.10000000000000009
2023-09-22,11790,11790,11790,11790,0,-0.016680567139282787
2023-09-25,11500,11500,11500,11500,11,-0.02459711620016969
2023-09-26,11500,11500,11500,11500,0,0.0
2023-09-27,11500,11500,11500,11500,0,0.0
2023-10-04,11500,11500,11500,11500,0,0.0
2023-10-05,11500,11500,11500,11500,0,0.0
2023-10-06,11500,11500,11500,11500,0,0.0
2023-10-10,11500,11500,11500,11500,0,0.0
2023-10-11,11890,11890,11890,11890,1,0.03391304347826085
2023-10-12,11890,11890,11890,11890,0,0.0
2023-10-13,11890,11890,11890,11890,0,0.0
2023-10-16,10120,11100,10120,11100,2,-0.06644238856181661
2023-10-17,11100,11100,11100,11100,0,0.0
2023-10-18,11690,11690,11690,11690,1,0.053153153153153054
2023-10-19,11800,11800,11800,11800,1,0.009409751924722043
2023-10-20,11800,11800,11800,11800,11,0.0
2023-10-23,11800,11800,11800,11800,0,0.0
2023-10-24,11800,11800,11800,11800,0,0.0
2023-10-25,11800,11800,11800,11800,1,0.0
2023-10-26,10040,11810,10040,11810,6,0.0008474576271186862
2023-10-27,11800,11800,11800,11800,0,-0.0008467400508044287
2023-10-30,10990,10990,10990,10990,0,-0.06864406779661014
2023-10-31,11490,11490,9360,11480,33,0.04458598726114649
2023-11-01,11470,11470,11470,11470,9,-0.0008710801393728707
2023-11-02,10250,11450,10250,11450,11,-0.0017436791630339732
2023-11-03,11440,11440,11000,11000,406,-0.0393013100436681
2023-11-06,10290,11460,9350,11400,3123,0.036363636363636376
2023-11-07,11460,11460,11460,11460,1,0.0052631578947368585
2023-11-08,11460,11460,11460,11460,0,0.0
2023-11-09,11450,11450,11450,11450,0,-0.0008726003490401313
2023-11-10,11450,11450,11450,11450,0,0.0
2023-11-13,11450,11450,11450,11450,0,0.0
2023-11-14,11450,11450,11450,11450,0,0.0
2023-11-15,9810,11470,9810,11470,2,0.0017467248908296096
2023-11-16,11470,11470,11470,11470,0,0.0
2023-11-17,11470,11470,11470,11470,0,0.0
2023-11-20,11470,11470,11470,11470,0,0.0
2023-11-21,11480,11480,11480,11480,2,0.0008718395815170421
2023-11-22,11450,11450,11450,11450,0,-0.002613240418118501
2023-11-23,11400,11400,11400,11400,0,-0.004366812227074246
2023-11-24,11400,11400,11400,11400,0,0.0
2023-11-27,11400,11400,11400,11400,0,0.0
2023-11-28,11400,11400,11400,11400,0,0.0
2023-11-29,9700,11400,9700,11400,3,0.0
2023-11-30,11390,11390,11390,11390,0,-0.0008771929824561431
2023-12-01,11380,11380,11380,11380,0,-0.0008779631255487752
2023-12-04,11550,11550,11550,11550,2,0.01493848857644986
2023-12-05,11490,11490,11490,11490,0,-0.0051948051948051965
2023-12-06,11490,11490,11490,11490,0,0.0
2023-12-07,11790,11790,11790,11790,1,0.02610966057441244
2023-12-08,10030,11780,10030,11780,48,-0.0008481764206954567
2023-12-11,11780,11780,11780,11780,0,0.0
2023-12-12,11780,11780,11780,11780,0,0.0
2023-12-13,11780,11780,11780,11780,0,0.0
2023-12-14,11780,11780,11780,11780,0,0.0
2023-12-15,11780,11780,11780,11780,0,0.0
2023-12-18,11790,11790,11790,11790,74,0.000848896434634927
2023-12-19,11790,11790,11790,11790,0,0.0
2023-12-20,11790,11790,11790,11790,0,0.0
2023-12-21,11790,11790,11790,11790,0,0.0
2023-12-22,11790,11790,11790,11790,0,0.0
2023-12-26,11790,11790,11790,11790,0,0.0
2023-12-27,11790,11790,11790,11790,0,0.0
2023-12-28,11780,11780,11780,11780,10,-0.0008481764206954567
2024-01-02,11780,11780,11780,11780,0,0.0
2024-01-03,11700,11700,11700,11700,0,-0.006791171477079749
2024-01-04,11700,11700,11700,11700,0,0.0
2024-01-05,9950,11700,9950,11600,6,-0.008547008547008517
2024-01-08,11600,11600,11600,11600,0,0.0
2024-01-09,10000,11080,10000,11080,294,-0.04482758620689653
2024-01-10,11500,11500,11500,11500,1,0.03790613718411562
2024-01-11,11500,11500,11500,11500,0,0.0
2024-01-12,11590,11590,11590,11590,0,0.00782608695652165
2024-01-15,11490,11490,11490,11490,0,-0.008628127696289956
2024-01-16,11490,11490,11490,11490,0,0.0
2024-01-17,11490,11490,11490,11490,0,0.0
2024-01-18,11480,11480,11480,11480,0,-0.0008703220191470518
2024-01-19,11480,11480,11480,11480,0,0.0
2024-01-22,11480,11480,11480,11480,0,0.0
2024-01-23,9780,11470,9770,11470,26,-0.0008710801393728707
2024-01-24,11460,11460,11460,11460,0,-0.0008718395815170421
2024-01-25,11450,11450,11450,11450,0,-0.0008726003490401313
2024-01-26,11420,11420,11420,11420,0,-0.0026200873362445254
2024-01-29,11410,11410,11410,11410,0,-0.0008756567425569628
2024-01-30,11390,11390,11390,11390,0,-0.0017528483786152238
2024-01-31,11380,11380,11380,11380,0,-0.0008779631255487752
2024-02-01,11370,11370,11370,11370,0,-0.0008787346221441616
2024-02-02,11370,11370,11370,11370,0,0.0
2024-02-05,11370,11370,11370,11370,0,0.0
2024-02-06,11370,11370,11370,11370,0,0.0
2024-02-07,11370,11370,11370,11370,0,0.0
2024-02-08,11470,11470,11470,11470,1,0.008795074758135346
2024-02-13,9950,11470,9950,11450,17,-0.0017436791630339732
2024-02-14,11440,11440,11440,11440,0,-0.0008733624454148048
2024-02-15,11420,11480,11420,11480,29,0.0034965034965035446
2024-02-16,11480,11480,11480,11480,0,0.0
2024-02-19,11490,11600,11000,11600,601,0.010452961672473782
2024-02-20,11590,11590,11000,11480,167,-0.010344827586206917
2024-02-21,11480,11480,11480,11480,0,0.0
2024-02-22,11480,11480,11480,11480,0,0.0
2024-02-23,11470,11470,11470,11470,0,-0.0008710801393728707
2024-02-26,11470,11470,11470,11470,0,0.0
2024-02-27,11470,11470,11470,11470,0,0.0
2024-02-28,11470,11470,11470,11470,0,0.0
2024-02-29,9770,11470,9770,11470,31,0.0
2024-03-04,11470,11470,11470,11470,0,0.0
2024-03-05,11470,11470,11470,11470,1,0.0
2024-03-06,11470,11470,10020,11460,43,-0.0008718395815170421
2024-03-07,11460,11460,11460,11460,0,0.0
2024-03-08,11460,11460,11460,11460,0,0.0
2024-03-11,11450,11450,11450,11450,0,-0.0008726003490401313
2024-03-12,11200,11200,11200,11200,0,-0.02183406113537123
2024-03-13,11190,11190,11190,11190,28,-0.0008928571428571397
2024-03-14,11190,11190,11190,11190,0,0.0
2024-03-15,11190,11190,11190,11190,0,0.0
2024-03-18,10990,10990,10990,10990,1,-0.01787310098302053
2024-03-19,11590,11590,11590,11590,1,0.05459508644222022
2024-03-20,10500,10500,10380,10380,569,-0.10440034512510787
2024-03-21,11300,11300,10380,10500,902,0.011560693641618602
2024-03-22,10440,10440,10440,10440,0,-0.005714285714285672
2024-03-25,10440,10440,10440,10440,0,0.0
2024-03-26,10440,10440,10440,10440,0,0.0
2024-03-27,10500,10500,10500,10500,1,0.005747126436781658
2024-03-28,10450,10450,10450,10450,0,-0.004761904761904745
2024-03-29,10450,10450,10450,10450,15,0.0
2024-04-01,10000,10380,10000,10380,401,-0.006698564593301426
2024-04-02,10370,10370,10370,10370,0,-0.0009633911368015502
2024-04-03,10370,10370,10370,10370,0,0.0
2024-04-04,10500,10500,10500,10500,1,0.012536162005786
2024-04-05,10200,10200,10200,10200,0,-0.02857142857142858
2024-04-08,10200,10200,10200,10200,0,0.0
2024-04-09,10500,10500,10500,10500,1,0.02941176470588225
2024-04-11,10000,11380,10000,11380,100,0.08380952380952378
2024-04-12,11400,11400,11400,11400,20,0.0017574692442883233
2024-04-15,11380,11380,11380,11380,0,-0.0017543859649122862
2024-04-16,11370,11370,11370,11370,0,-0.0008787346221441616
2024-04-17,11370,11370,11370,11370,0,0.0
2024-04-18,12000,12000,12000,12000,1,0.0554089709762533
2024-04-19,10210,11850,10210,11850,41,-0.012499999999999956
2024-04-22,11780,11780,11780,11780,0,-0.005907172995780585
2024-04-23,11780,11780,11780,11780,0,0.0
2024-04-24,10040,11750,10030,11750,101,-0.002546689303904892
2024-04-25,11750,11750,10000,11700,17,-0.004255319148936176
2024-04-26,11700,11700,11700,11700,0,0.0
2024-04-29,10010,12050,10010,11790,4,0.007692307692307665
2024-04-30,10030,11790,10030,11790,4,0.0
2024-05-02,11790,11790,11790,11790,0,0.0
2024-05-03,11790,11790,11790,11790,0,0.0
2024-05-07,10030,12680,10030,12370,26,0.04919423240033938
2024-05-08,10600,10600,10520,10520,12,-0.14955537590945833
2024-05-09,11400,11400,11400,11400,1,0.08365019011406849
2024-05-10,11540,11540,11540,11540,1,0.012280701754386003
2024-05-13,11540,11540,11540,11540,0,0.0
2024-05-14,11540,11540,11540,11540,0,0.0
2024-05-16,11540,11540,11540,11540,0,0.0
2024-05-17,11540,11540,11540,11540,0,0.0
2024-05-20,10990,10990,10990,10990,1,-0.04766031195840559
2024-05-21,12590,12590,10000,10000,338,-0.09008189262966337
2024-05-22,10000,10000,9880,9990,352,-0.0010000000000000009
2024-05-23,9990,10000,9760,10000,512,0.0010010010010010895
2024-05-24,10000,10000,9600,9890,312,-0.01100000000000001
2024-05-27,9900,9900,9900,9900,15,0.0010111223458038054
2024-05-28,9900,9900,9900,9900,1,0.0
2024-05-29,9890,9890,9890,9890,31,-0.0010101010101010166
2024-05-30,9910,9910,9910,9910,3,0.002022244691607611
2024-05-31,9900,9900,9900,9900,0,-0.0010090817356205317
2024-06-03,9890,9890,9890,9890,19,-0.0010101010101010166
2024-06-04,9890,9890,9890,9890,0,0.0
2024-06-05,9880,9880,9880,9880,1,-0.0010111223458038054
2024-06-07,9500,9500,9450,9450,202,-0.04352226720647778
2024-06-10,9450,9450,9450,9450,2,0.0
2024-06-11,9880,9880,9880,9880,10,0.04550264550264549
2024-06-12,9840,9840,9840,9840,77,-0.004048582995951455
2024-06-13,9400,9400,9400,9400,0,-0.04471544715447151
2024-06-14,9400,9400,9400,9400,0,0.0
2024-06-17,9400,9400,9400,9400,0,0.0
2024-06-18,9390,9400,9390,9400,102,0.0
2024-06-19,9400,9400,9400,9400,0,0.0
2024-06-20,9400,9400,9400,9400,0,0.0
2024-06-21,9400,9400,9400,9400,0,0.0
2024-06-24,9400,9400,9400,9400,0,0.0
2024-06-25,9490,9490,8120,9000,24,-0.04255319148936165
2024-06-26,9000,9000,9000,9000,0,0.0
2024-06-27,9400,9400,9400,9400,1,0.04444444444444451
2024-06-28,9400,9400,9400,9400,0,0.0
2024-07-01,9400,9400,9400,9400,0,0.0
2024-07-02,9400,9400,9400,9400,0,0.0
2024-07-03,9400,9400,9400,9400,0,0.0
2024-07-04,9400,9400,9400,9400,0,0.0
2024-07-05,9400,9400,9400,9400,0,0.0
2024-07-08,8310,9500,8310,9500,15,0.010638297872340496
2024-07-09,8500,9500,8500,9500,22,0.0
2024-07-10,9500,9500,9500,9500,0,0.0
2024-07-11,9500,9500,9500,9500,0,0.0
2024-07-12,9500,9500,9200,9300,35,-0.021052631578947323
2024-07-15,9300,9300,9300,9300,0,0.0
2024-07-16,9300,9300,9300,9300,0,0.0
2024-07-17,9500,9500,9500,9500,2,0.021505376344086002
2024-07-18,9500,9500,9500,9500,0,0.0
2024-07-19,9500,9500,9500,9500,0,0.0
2024-07-22,9000,9000,9000,9000,0,-0.052631578947368474
2024-07-23,9000,9000,9000,9000,0,0.0
2024-07-24,9000,9000,8500,9000,16,0.0
2024-07-25,9000,9000,9000,9000,0,0.0
2024-07-26,8500,9000,8500,9000,7,0.0
2024-07-29,9000,9000,9000,9000,0,0.0
2024-07-30,9000,9000,9000,9000,0,0.0
2024-07-31,9000,9000,9000,9000,0,0.0
2024-08-01,9000,9000,9000,9000,9,0.0
2024-08-02,9000,9000,9000,9000,0,0.0
2024-08-05,9000,9000,9000,9000,0,0.0
2024-08-06,9000,9000,9000,9000,0,0.0
2024-08-07,7650,9000,7650,9000,6,0.0
2024-08-08,9000,9000,9000,9000,0,0.0
2024-08-09,8000,9000,8000,9000,4,0.0
2024-08-12,9000,9000,9000,9000,20,0.0
2024-08-13,9000,9000,9000,9000,29,0.0
2024-08-14,9000,9000,9000,9000,1,0.0
2024-08-16,9000,9000,9000,9000,0,0.0
2024-08-19,9000,9000,9000,9000,21,0.0
2024-08-20,9000,9000,9000,9000,48,0.0
2024-08-21,9000,9000,9000,9000,0,0.0
2024-08-22,9000,9000,9000,9000,0,0.0
2024-08-23,9000,9000,9000,9000,1,0.0
2024-08-26,9000,9000,9000,9000,0,0.0
2024-08-27,9000,9000,9000,9000,9,0.0
2024-08-28,9000,9000,9000,9000,1,0.0
2024-08-29,9000,9000,9000,9000,1400,0.0
2024-08-30,9000,9000,9000,9000,0,0.0
2024-09-02,9000,9000,9000,9000,691,0.0
2024-09-03,9000,9000,9000,9000,82,0.0
2024-09-04,9000,9000,9000,9000,0,0.0
2024-09-05,9600,9600,9600,9600,318,0.06666666666666665
2024-09-06,9700,9700,9600,9600,2,0.0
2024-09-09,9600,9600,9600,9600,0,0.0
2024-09-10,9600,9600,9600,9600,0,0.0
2024-09-11,9600,9600,9600,9600,0,0.0
2024-09-12,9600,9600,9600,9600,0,0.0
2024-09-13,9800,9800,9800,9800,1,0.02083333333333326
2024-09-19,9800,9800,9800,9800,0,0.0
2024-09-20,9800,9800,9800,9800,0,0.0
2024-09-23,9800,9800,9800,9800,0,0.0
2024-09-24,9800,9800,9800,9800,0,0.0
2024-09-25,9800,9800,9800,9800,0,0.0
2024-09-26,9800,9800,9800,9800,0,0.0
2024-09-27,9800,9800,9800,9800,0,0.0
2024-09-30,9800,9800,9800,9800,0,0.0
2024-10-02,9800,9800,9800,9800,0,0.0
2024-10-04,9800,9800,9800,9800,6,0.0
2024-10-07,9800,9800,9800,9800,0,0.0
2024-10-08,9900,9900,9590,9900,3,0.010204081632652962
2024-10-10,9900,9900,9900,9900,0,0.0
2024-10-11,9920,9920,9900,9920,12,0.002020202020202033
2024-10-14,9400,9400,9400,9400,13,-0.05241935483870963
2024-10-15,9400,9400,9400,9400,0,0.0
2024-10-16,9000,9000,9000,9000,1,-0.04255319148936165
2024-10-17,9000,9000,9000,9000,3,0.0
2024-10-18,8000,9600,8000,9600,2,0.06666666666666665
2024-10-21,9800,10000,9800,9940,1007,0.03541666666666665
2024-10-22,9500,9600,9500,9600,530,-0.03420523138832998
2024-10-23,9800,9800,9800,9800,4,0.02083333333333326
2024-10-24,9700,9700,9700,9700,0,-0.010204081632653073
2024-10-25,9500,9500,9500,9500,64,-0.020618556701030966
2024-10-28,9400,9400,9400,9400,51,-0.010526315789473717
2024-10-29,9400,9400,9400,9400,0,0.0
2024-10-30,9400,9400,9400,9400,0,0.0
2024-10-31,9400,9400,9400,9400,0,0.0
2024-11-01,9370,9370,9370,9370,0,-0.0031914893617021045
2024-11-04,8020,8020,8020,8020,1,-0.14407684098185702
2024-11-05,8200,9220,8200,9220,24,0.14962593516209477
2024-11-06,9220,9300,8000,9300,31,0.008676789587852562
2024-11-07,9200,9200,9200,9200,0,-0.010752688172043001
2024-11-08,9300,9300,9300,9300,1,0.010869565217391353
2024-11-11,9500,9500,9500,9500,1,0.021505376344086002
2024-11-12,9500,9500,9500,9500,0,0.0
2024-11-13,9800,9800,9800,9800,101,0.03157894736842115
2024-11-14,9800,9800,9800,9800,0,0.0
2024-11-15,9800,9800,9800,9800,0,0.0
2024-11-18,9500,9500,9500,9500,0,-0.030612244897959218
2024-11-19,9500,9500,9500,9500,0,0.0
2024-11-20,9500,9500,9500,9500,0,0.0
2024-11-21,9500,9500,9500,9500,0,0.0
2024-11-22,8080,10000,8080,10000,2,0.05263157894736836
2024-11-25,9280,9280,9280,9280,0,-0.07199999999999995
2024-11-26,9280,9280,9280,9280,0,0.0
2024-11-27,9350,9350,9350,9350,5,0.007543103448275801
2024-11-28,9350,9350,9350,9350,11,0.0
2024-11-29,9350,9350,9350,9350,0,0.0
2024-12-02,9350,9350,9350,9350,0,0.0
2024-12-03,9350,9350,9350,9350,0,0.0
2024-12-04,9350,9350,9350,9350,0,0.0
2024-12-05,9350,9350,9350,9350,0,0.0
2024-12-06,9350,9350,9350,9350,0,0.0
2024-12-09,9180,9180,9180,9180,0,-0.018181818181818188
2024-12-10,9150,9150,9150,9150,0,-0.0032679738562091387
2024-12-11,9150,9150,9150,9150,0,0.0
2024-12-12,9550,9550,9200,9200,12,0.005464480874316946
2024-12-13,7820,9200,7820,7860,5,-0.14565217391304353
2024-12-16,6800,9030,6800,7500,11,-0.04580152671755722
2024-12-17,8600,8620,8600,8620,2,0.14933333333333332
2024-12-18,9390,9400,7410,9400,75,0.09048723897911826
2024-12-19,8000,9190,8000,9190,11,-0.022340425531914843
2024-12-20,7820,9180,7820,7850,4,-0.14581066376496188
2024-12-23,9020,9020,9020,9020,2,0.1490445859872611
2024-12-24,9020,9020,9020,9020,0,0.0
2024-12-26,9020,9020,9020,9020,0,0.0
2024-12-27,9020,9020,9020,9020,0,0.0
2024-12-30,8800,8800,8800,8800,3,-0.024390243902439046
2025-01-02,9150,9150,9150,9150,1,0.03977272727272729
2025-01-03,9150,9150,9150,9150,0,0.0
2025-01-06,9150,9150,9150,9150,0,0.0
2025-01-07,9150,9150,9150,9150,0,0.0
2025-01-08,9150,9150,9150,9150,0,0.0
2025-01-09,9150,9150,9150,9150,6,0.0
2025-01-10,9150,9150,9150,9150,0,0.0
2025-01-13,9150,9150,9150,9150,0,0.0
2025-01-14,9150,9150,9150,9150,0,0.0
2025-01-15,9150,9150,9150,9150,0,0.0
2025-01-16,9150,9150,9150,9150,0,0.0
2025-01-17,9150,9150,9150,9150,0,0.0
2025-01-20,9150,9150,9150,9150,0,0.0
2025-01-21,9150,9150,9150,9150,0,0.0
2025-01-22,9150,9150,9150,9150,0,0.0
2025-01-23,9150,9150,9150,9150,0,0.0
2025-01-24,9150,9150,9150,9150,0,0.0
2025-01-31,7790,9200,7790,9200,2,0.005464480874316946
2025-02-03,9200,9200,9200,9200,0,0.0
2025-02-04,9200,9200,9200,9200,0,0.0
2025-02-05,9190,9190,9190,9190,0,-0.0010869565217391797
2025-02-06,9190,9190,9190,9190,0,0.0
2025-02-07,9190,9190,9190,9190,0,0.0
2025-02-10,9190,9190,9190,9190,0,0.0
2025-02-11,7820,9250,7820,9250,2,0.006528835690968515
2025-02-12,9240,9240,9240,9240,0,-0.00108108108108107
2025-02-13,9240,9240,9240,9240,0,0.0
2025-02-14,9240,9240,9240,9240,0,0.0
2025-02-17,9250,9540,9250,9540,13,0.032467532467532534
2025-02-18,9350,9350,9350,9350,1,-0.01991614255765195
2025-02-19,9350,9350,9350,9350,0,0.0
2025-02-20,9350,9350,9350,9350,0,0.0
2025-02-21,9350,9350,9350,9350,0,0.0
2025-02-24,9350,9350,9350,9350,0,0.0
2025-02-25,9350,9350,9350,9350,0,0.0
2025-02-26,9350,9350,9350,9350,0,0.0
2025-02-27,9350,9350,9350,9350,0,0.0
2025-02-28,9350,9350,9350,9350,0,0.0
2025-03-04,9550,9550,9550,9550,1,0.021390374331550888
2025-03-05,9550,9550,9550,9550,0,0.0
2025-03-06,9450,9450,9450,9450,0,-0.010471204188481686
2025-03-07,8060,9190,8060,9190,2,-0.02751322751322749
2025-03-10,9190,9190,9190,9190,0,0.0
2025-03-11,9100,9100,9100,9100,20,-0.009793253536452662
2025-03-12,9100,9100,9100,9100,0,0.0
2025-03-13,9100,9100,9100,9100,0,0.0
2025-03-14,9100,9100,9100,9100,0,0.0
2025-03-17,9100,9100,9100,9100,0,0.0
2025-03-18,9100,9100,9100,9100,0,0.0
2025-03-19,9100,9100,9100,9100,0,0.0
2025-03-20,9100,9100,9100,9100,0,0.0
2025-03-21,9100,9100,9100,9100,0,0.0
2025-03-24,9100,9100,9100,9100,0,0.0
2025-03-25,9100,9100,9100,9100,0,0.0
2025-03-26,9100,9100,9100,9100,0,0.0
2025-03-27,9100,9100,9100,9100,0,0.0
2025-03-28,9100,9100,9100,9100,0,0.0
2025-03-31,9100,9100,9100,9100,0,0.0
2025-04-01,9100,9100,9100,9100,0,0.0
2025-04-02,9100,9100,9100,9100,0,0.0
2025-04-03,10450,10450,10450,10450,1,0.14835164835164827
2025-04-04,10400,10400,10400,10400,0,-0.004784688995215336
2025-04-07,10400,10400,10400,10400,0,0.0
2025-04-08,10400,10400,10400,10400,0,0.0
2025-04-09,10400,10400,10400,10400,0,0.0
2025-04-10,10400,10400,10400,10400,0,0.0
2025-04-11,10400,10400,10400,10400,0,0.0
2025-04-14,10400,10400,10400,10400,0,0.0
2025-04-15,10390,10390,10390,10390,0,-0.0009615384615384581
2025-04-16,10000,10000,10000,10000,0,-0.0375360923965351
2025-04-17,9800,9800,9800,9800,0,-0.020000000000000018
2025-04-18,9800,9800,9800,9800,0,0.0
2025-04-21,9780,9780,9780,9780,0,-0.0020408163265306367
2025-04-22,9780,9780,9780,9780,0,0.0
2025-04-23,9780,9780,9780,9780,0,0.0
2025-04-24,9780,9780,9780,9780,0,0.0
2025-04-25,9780,9780,9780,9780,0,0.0
2025-04-28,9780,9780,9780,9780,0,0.0
2025-04-29,9780,9780,9780,9780,0,0.0
2025-04-30,9780,9780,9780,9780,0,0.0
2025-05-02,9780,9780,9780,9780,0,0.0
