Date,Open,High,Low,Close,Volume,Change
2022-01-03,11250,11400,11150,11300,20926,0.008928571428571397
2022-01-04,11350,11450,11100,11350,15788,0.004424778761061843
2022-01-05,11250,11250,11050,11050,11564,-0.026431718061673992
2022-01-06,11000,11300,10800,11250,9763,0.018099547511312153
2022-01-07,11250,11450,11200,11350,15614,0.008888888888888946
2022-01-10,11350,11350,10850,11050,11784,-0.026431718061673992
2022-01-11,11100,11200,10900,11000,10466,-0.004524886877828038
2022-01-12,11000,11250,11000,11250,6332,0.022727272727272707
2022-01-13,11300,11300,10950,11000,8378,-0.022222222222222254
2022-01-14,10800,11200,10750,10950,8505,-0.004545454545454519
2022-01-17,10900,11150,10800,11000,5651,0.004566210045662045
2022-01-18,10950,11150,10800,10950,8065,-0.004545454545454519
2022-01-19,10750,10950,10550,10650,10127,-0.0273972602739726
2022-01-20,10600,10900,10550,10800,8689,0.014084507042253502
2022-01-21,10850,11000,10600,10650,11974,-0.01388888888888884
2022-01-24,10650,10650,10000,10100,23241,-0.05164319248826288
2022-01-25,10050,10250,9910,10000,20111,-0.00990099009900991
2022-01-26,9850,10200,9850,9910,8976,-0.009000000000000008
2022-01-27,9920,10100,9470,9600,19282,-0.03128153380423815
2022-01-28,9610,10000,9500,9920,18592,0.03333333333333344
2022-02-03,10500,10500,9980,9980,12643,0.006048387096774244
2022-02-04,10000,10100,9920,9920,12436,-0.006012024048096198
2022-02-07,10150,10150,9780,9970,4160,0.00504032258064524
2022-02-08,10000,10150,9860,9870,6168,-0.010030090270812475
2022-02-09,9900,10100,9900,10100,6010,0.023302938196555267
2022-02-10,10050,10100,9990,10100,4676,0.0
2022-02-11,10050,10050,9850,9920,3117,-0.017821782178217838
2022-02-14,9840,9840,9600,9660,7037,-0.02620967741935487
2022-02-15,9610,9710,9570,9660,6298,0.0
2022-02-16,9790,9880,9730,9850,4808,0.019668737060041463
2022-02-17,9900,9940,9680,9830,24756,-0.0020304568527919065
2022-02-18,9800,9810,9680,9790,2688,-0.004069175991861629
2022-02-21,9770,9790,9690,9770,7384,-0.002042900919305368
2022-02-22,9750,9770,9680,9700,6478,-0.007164790174002067
2022-02-23,9640,9810,9640,9790,3068,0.009278350515463885
2022-02-24,9830,9900,9610,9700,6896,-0.009193054136874323
2022-02-25,9790,9920,9670,9710,3233,0.0010309278350515427
2022-02-28,9910,9910,9700,9730,3465,0.002059732234809486
2022-03-02,9750,9960,9750,9950,3380,0.02261048304213764
2022-03-03,9950,10100,9890,10100,6135,0.015075376884422065
2022-03-04,9990,10050,9840,9990,2662,-0.0108910891089109
2022-03-07,9960,10100,9870,9870,3236,-0.012012012012011963
2022-03-08,9640,9910,9640,9770,2973,-0.010131712259371817
2022-03-10,10000,10000,9700,9940,3559,0.017400204708290623
2022-03-11,9840,9950,9840,9860,1907,-0.008048289738430636
2022-03-14,9770,9860,9730,9730,3268,-0.013184584178498993
2022-03-15,9700,9780,9630,9730,4879,0.0
2022-03-16,10100,10100,9730,9820,6077,0.009249743062692772
2022-03-17,10000,10000,9860,9950,5047,0.01323828920570258
2022-03-18,10000,10100,9960,10000,7171,0.005025125628140614
2022-03-21,10050,10100,9980,10050,6370,0.004999999999999893
2022-03-22,10000,10150,9990,10000,6614,-0.00497512437810943
2022-03-23,10000,10100,9930,10000,6566,0.0
2022-03-24,9990,9990,9800,9900,11497,-0.010000000000000009
2022-03-25,9900,10100,9820,9920,7805,0.002020202020202033
2022-03-28,9930,10100,9840,10050,6404,0.013104838709677491
2022-03-29,10100,10250,9980,10200,9662,0.014925373134328401
2022-03-30,10250,10250,10000,10200,4240,0.0
2022-03-31,10200,10450,10200,10400,10222,0.019607843137254832
2022-04-01,10400,10650,10300,10600,10792,0.019230769230769162
2022-04-04,10600,10900,10450,10600,19364,0.0
2022-04-05,10450,10650,10450,10550,7472,-0.004716981132075526
2022-04-06,10400,10600,10400,10600,4869,0.004739336492890933
2022-04-07,10400,10500,10200,10450,4806,-0.014150943396226467
2022-04-08,10300,10500,10250,10400,3844,-0.004784688995215336
2022-04-11,10250,10350,10100,10150,5330,-0.024038461538461564
2022-04-12,10200,10200,9950,10000,7256,-0.014778325123152691
2022-04-13,9900,10050,9900,10000,8510,0.0
2022-04-14,10100,10100,9990,10000,6894,0.0
2022-04-15,10000,10050,9910,10000,5212,0.0
2022-04-18,10000,10050,9900,9940,6523,-0.006000000000000005
2022-04-19,9880,9970,9810,9940,9113,0.0
2022-04-20,10000,10100,9970,10000,3978,0.006036217303822866
2022-04-21,10000,10150,9990,9990,5804,-0.0010000000000000009
2022-04-22,9820,10000,9820,9960,7352,-0.0030030030030030463
2022-04-25,9850,9860,9760,9770,9762,-0.01907630522088355
2022-04-26,9740,9800,9690,9720,12155,-0.0051177072671443335
2022-04-27,9630,9740,9520,9680,6479,-0.004115226337448541
2022-04-28,9680,9800,9660,9770,3625,0.009297520661156966
2022-04-29,9770,9860,9700,9840,4622,0.007164790174001956
2022-05-02,9840,9900,9730,9810,8467,-0.0030487804878048808
2022-05-03,9900,9900,9810,9820,7626,0.0010193679918450993
2022-05-04,9890,10150,9860,9950,10968,0.01323828920570258
2022-05-06,9930,9990,9870,9900,9573,-0.005025125628140725
2022-05-09,9850,9920,9790,9900,12347,0.0
2022-05-10,9800,9930,9620,9920,5646,0.002020202020202033
2022-05-11,9930,9940,9860,9910,7946,-0.0010080645161290036
2022-05-12,9880,10300,9760,9960,14925,0.005045408678102881
2022-05-13,9930,10100,9900,9960,8898,0.0
2022-05-16,10000,10200,9970,9970,17026,0.0010040160642570406
2022-05-17,9870,10150,9870,10000,13833,0.0030090270812437314
2022-05-18,10350,10550,10150,10450,33366,0.04499999999999993
2022-05-19,10250,10450,10000,10050,19969,-0.038277511961722466
2022-05-20,10050,10300,10000,10050,11648,0.0
2022-05-23,10250,10400,10050,10300,8289,0.02487562189054726
2022-05-24,10350,10350,10100,10100,5017,-0.01941747572815533
2022-05-25,10100,10250,9990,9990,4322,-0.0108910891089109
2022-05-26,10150,10150,9960,9990,4531,0.0
2022-05-27,10050,10200,9980,10050,3705,0.006006006006006093
2022-05-30,10100,10150,10000,10000,9376,-0.00497512437810943
2022-05-31,9950,10300,9950,10300,16104,0.030000000000000027
2022-06-02,10200,10450,10150,10300,10168,0.0
2022-06-03,10250,10300,10100,10300,4213,0.0
2022-06-07,10450,10450,10150,10200,11172,-0.009708737864077666
2022-06-08,10200,10200,10000,10100,15726,-0.009803921568627416
2022-06-09,10100,10100,9910,10000,9096,-0.00990099009900991
2022-06-10,10000,10000,9870,9890,13992,-0.01100000000000001
2022-06-13,9820,9820,8900,9300,16881,-0.05965621840242674
2022-06-14,9260,9260,8910,8920,24072,-0.04086021505376347
2022-06-15,8820,8920,8760,8780,8744,-0.015695067264574036
2022-06-16,8820,9050,8650,8790,6299,0.001138952164009055
2022-06-17,8790,8790,8210,8570,12589,-0.025028441410693936
2022-06-20,8570,8570,7990,8000,10873,-0.06651108518086346
2022-06-21,8150,8190,8010,8030,6403,0.00374999999999992
2022-06-22,8070,8160,7640,7700,11822,-0.04109589041095896
2022-06-23,7700,7770,7000,7160,28996,-0.07012987012987015
2022-06-24,6920,8000,6920,7820,45086,0.0921787709497206
2022-06-27,7890,8060,7720,7800,29636,-0.002557544757033292
2022-06-28,7830,7930,7800,7930,4462,0.016666666666666607
2022-06-29,7850,7930,7720,7790,13933,-0.017654476670870167
2022-06-30,7790,7880,7730,7880,5860,0.011553273427471034
2022-07-01,7700,7910,7700,7890,14366,0.0012690355329949554
2022-07-04,7830,7860,7650,7690,12246,-0.025348542458808576
2022-07-05,7700,8000,7700,7980,3482,0.03771131339401812
2022-07-06,8050,9370,7990,8260,180624,0.03508771929824572
2022-07-07,8290,8570,8260,8320,15545,0.007263922518159882
2022-07-08,8470,8630,8320,8630,9741,0.03725961538461542
2022-07-11,8630,8660,8460,8460,8787,-0.01969872537659323
2022-07-12,8440,8440,8050,8190,4354,-0.03191489361702127
2022-07-13,8190,10250,8110,8860,743097,0.08180708180708174
2022-07-14,8770,8990,8660,8870,40109,0.0011286681715576563
2022-07-15,8840,10450,8340,8900,628841,0.0033821871476888976
2022-07-18,8830,9120,8790,9040,33443,0.01573033707865168
2022-07-19,9000,9310,8900,9160,26153,0.01327433628318575
2022-07-20,9320,9350,8900,9000,24921,-0.017467248908296984
2022-07-21,8930,9130,8910,8910,11565,-0.010000000000000009
2022-07-22,8920,9120,8850,8880,10053,-0.0033670033670033517
2022-07-25,8850,8880,8710,8780,9921,-0.011261261261261257
2022-07-26,8750,8920,8670,8700,5931,-0.009111617312072884
2022-07-27,8620,9960,8610,9010,299873,0.03563218390804601
2022-07-28,9010,9200,8940,9020,16062,0.0011098779134295356
2022-07-29,9130,9130,8900,8970,15092,-0.005543237250554278
2022-08-01,8980,9030,8830,8900,6689,-0.0078037904124860225
2022-08-02,9290,9290,8880,9180,20300,0.03146067415730336
2022-08-03,9190,11900,9190,11300,1043093,0.23093681917211328
2022-08-04,10800,11150,10500,11100,237816,-0.017699115044247815
2022-08-05,11750,11800,10600,10650,194440,-0.04054054054054057
2022-08-08,10750,10900,10400,10600,55873,-0.0046948356807511304
2022-08-09,10500,10650,10300,10300,41635,-0.028301886792452824
2022-08-10,10450,10750,10300,10300,40867,0.0
2022-08-11,10350,10750,10350,10400,36870,0.009708737864077666
2022-08-12,10550,10850,10400,10750,57778,0.033653846153846256
2022-08-16,10900,11350,10500,10700,128726,-0.0046511627906976605
2022-08-17,10650,10700,10100,10250,58189,-0.04205607476635509
2022-08-18,10050,10150,9830,10100,72314,-0.014634146341463428
2022-08-19,10000,10250,10000,10150,24039,0.004950495049504955
2022-08-22,10100,10100,9650,9700,48278,-0.044334975369458074
2022-08-23,9560,9750,9510,9660,20044,-0.004123711340206171
2022-08-24,9570,9830,9570,9820,14492,0.016563146997929712
2022-08-25,9830,10300,9800,10300,39079,0.048879837067209886
2022-08-26,10300,10300,9860,9870,43040,-0.041747572815533984
2022-08-29,9570,9690,9220,9520,28718,-0.03546099290780147
2022-08-30,9410,9810,9410,9810,15001,0.03046218487394947
2022-08-31,9810,9930,9670,9900,14491,0.00917431192660545
2022-09-01,9900,9900,9490,9600,23953,-0.030303030303030276
2022-09-02,9480,9600,9350,9490,15425,-0.011458333333333348
2022-09-05,9390,9460,9210,9260,12018,-0.02423603793466811
2022-09-06,9120,9470,9120,9430,12233,0.018358531317494542
2022-09-07,9470,9470,9130,9180,11430,-0.026511134676564185
2022-09-08,9190,9370,9190,9270,6792,0.009803921568627416
2022-09-13,9300,9770,9300,9670,12779,0.0431499460625675
2022-09-14,9510,9520,9000,9470,9316,-0.020682523267838704
2022-09-15,9470,9500,9320,9410,6493,-0.006335797254487852
2022-09-16,9320,9400,9250,9360,12894,-0.005313496280552554
2022-09-19,9260,9360,9120,9240,13788,-0.012820512820512775
2022-09-20,9150,9300,9150,9250,8313,0.0010822510822510178
2022-09-21,9060,9250,9050,9180,13958,-0.007567567567567601
2022-09-22,9080,9080,8730,8900,22957,-0.030501089324618702
2022-09-23,8810,8990,8530,8670,8628,-0.025842696629213457
2022-09-26,8590,8590,8110,8160,19343,-0.05882352941176472
2022-09-27,7850,8310,7850,8310,10374,0.018382352941176405
2022-09-28,8140,8350,7710,8000,12717,-0.03730445246690739
2022-09-29,8470,8470,8140,8210,4618,0.026250000000000107
2022-09-30,8110,8220,7910,8210,9973,0.0
2022-10-04,8210,8480,8210,8480,7202,0.032886723507917104
2022-10-05,8480,8530,8210,8420,4591,-0.007075471698113178
2022-10-06,8420,8450,8310,8420,3618,0.0
2022-10-07,8420,8430,8260,8430,1496,0.0011876484560569
2022-10-11,8330,8330,7860,8050,6402,-0.04507710557532618
2022-10-12,7950,7990,7750,7870,7708,-0.022360248447204967
2022-10-13,7800,7860,7300,7650,8776,-0.027954256670902122
2022-10-14,7990,8000,7740,8000,4192,0.045751633986928164
2022-10-17,8000,8360,7660,8090,7278,0.011249999999999982
2022-10-18,8160,8310,8040,8110,6404,0.0024721878862794533
2022-10-19,8160,8250,8040,8140,8665,0.0036991368680641123
2022-10-20,8230,8230,8050,8150,1559,0.0012285012285011554
2022-10-21,8080,8140,7950,8030,2672,-0.014723926380368124
2022-10-24,8000,8230,8000,8080,6247,0.0062266500622665255
2022-10-25,8040,8110,8000,8060,4057,-0.0024752475247524774
2022-10-26,7960,8010,7870,7880,2471,-0.022332506203473934
2022-10-27,8030,8120,8000,8100,4847,0.027918781725888353
2022-10-28,8100,8250,8000,8090,2784,-0.0012345679012345512
2022-10-31,8010,8080,7850,7970,6486,-0.014833127317676165
2022-11-01,7960,8110,7880,8050,2848,0.010037641154328814
2022-11-02,8020,8050,7840,7980,4836,-0.008695652173912993
2022-11-03,7880,7980,7770,7880,4056,-0.01253132832080206
2022-11-04,7880,7880,7670,7850,7446,-0.0038071065989847552
2022-11-07,7920,7920,7730,7810,7092,-0.005095541401273884
2022-11-08,7860,8000,7800,8000,4561,0.02432778489116516
2022-11-09,8000,8090,7920,8080,6024,0.010000000000000009
2022-11-10,8000,9900,8000,8790,861759,0.08787128712871284
2022-11-11,8840,8930,8680,8700,63627,-0.010238907849829393
2022-11-14,8710,8760,8600,8640,24967,-0.006896551724137945
2022-11-15,8640,8750,8600,8710,17668,0.00810185185185186
2022-11-16,8730,9600,8710,8790,141509,0.009184845005740572
2022-11-17,8790,8790,8500,8670,16654,-0.013651877133105783
2022-11-18,8690,9080,8610,8670,12689,0.0
2022-11-21,8680,8750,8610,8750,5708,0.009227220299884653
2022-11-22,8650,8870,8620,8760,8715,0.0011428571428571122
2022-11-23,8850,8920,8750,8860,14156,0.011415525114155223
2022-11-24,8900,8960,8820,8950,17015,0.010158013544018019
2022-11-25,8960,8960,8840,8870,5401,-0.00893854748603351
2022-11-28,8900,8900,8590,8600,8797,-0.030439684329199523
2022-11-29,8600,8620,8440,8600,6130,0.0
2022-11-30,8600,8660,8450,8600,9266,0.0
2022-12-01,8610,8870,8610,8700,22888,0.011627906976744207
2022-12-02,8750,8850,8730,8830,7151,0.014942528735632177
2022-12-05,8820,8890,8810,8880,7504,0.005662514156285381
2022-12-06,8860,8860,8650,8810,6588,-0.007882882882882858
2022-12-07,8700,8780,8570,8570,10453,-0.02724177071509648
2022-12-08,8570,9930,8520,8860,589398,0.03383897316219375
2022-12-09,8860,8860,8710,8720,38733,-0.015801354401805856
2022-12-12,8890,8960,8670,8670,22679,-0.005733944954128489
2022-12-13,8760,9000,8720,8900,19338,0.026528258362168433
2022-12-14,8820,9260,8820,9190,43634,0.03258426966292127
2022-12-15,9300,9300,9090,9300,19784,0.01196953210010876
2022-12-16,9200,9290,9050,9180,15596,-0.012903225806451646
2022-12-19,9050,9850,9010,9190,101000,0.0010893246187364536
2022-12-20,9240,9240,8950,9070,16338,-0.01305767138193692
2022-12-21,9020,9190,8960,9060,10032,-0.0011025358324145973
2022-12-22,8980,9230,8980,9060,6738,0.0
2022-12-23,9090,9090,8820,8910,8963,-0.01655629139072845
2022-12-26,8870,9000,8740,8960,8167,0.0056116722783390305
2022-12-27,9030,9120,8820,9100,7259,0.015625
2022-12-28,8970,9110,8860,9110,8554,0.001098901098901095
2022-12-29,9000,9110,8850,9040,10948,-0.007683863885839748
2023-01-02,9000,9090,8730,9030,15821,-0.0011061946902655162
2023-01-03,8950,9030,8750,8800,13806,-0.025470653377630104
2023-01-04,8900,9090,8750,9050,15701,0.02840909090909083
2023-01-05,9050,9120,8860,8860,9018,-0.020994475138121582
2023-01-06,8820,9070,8820,9010,17437,0.016930022573363512
2023-01-09,9100,9350,9050,9300,17044,0.03218645948945609
2023-01-10,9280,9710,9210,9540,42647,0.02580645161290329
2023-01-11,9630,9670,9500,9550,22062,0.0010482180293500676
2023-01-12,9550,9790,9390,9400,13889,-0.015706806282722474
2023-01-13,9480,9810,9410,9760,44013,0.038297872340425476
2023-01-16,9770,10100,9760,9890,52546,0.013319672131147486
2023-01-17,9870,9970,9590,9690,28189,-0.020222446916076886
2023-01-18,9610,10600,9610,9820,176908,0.013415892672858698
2023-01-19,10400,10650,9950,10000,129131,0.018329938900203624
2023-01-20,10100,10100,9790,9900,33558,-0.010000000000000009
2023-01-25,9980,10400,9920,10300,65361,0.04040404040404044
2023-01-26,10390,10400,9700,9940,67238,-0.03495145631067964
2023-01-27,9920,10690,9820,10520,127167,0.05835010060362178
2023-01-30,10520,10690,10150,10520,84456,0.0
2023-01-31,10600,10700,10170,10550,59564,0.002851711026615966
2023-02-01,10560,10850,10330,10570,50343,0.0018957345971564177
2023-02-02,10620,10900,10520,10900,50169,0.03122043519394513
2023-02-03,10900,11980,10690,11560,372217,0.06055045871559628
2023-02-06,11550,11550,10910,10910,76883,-0.056228373702422174
2023-02-07,10970,11590,10910,11400,88029,0.04491292392300639
2023-02-08,11690,11830,11400,11800,91462,0.03508771929824572
2023-02-09,11610,12480,11500,11850,246345,0.004237288135593209
2023-02-10,11850,11850,11100,11540,52313,-0.026160337552742607
2023-02-13,11300,11640,11190,11410,37893,-0.011265164644714054
2023-02-14,11300,11620,11180,11180,62694,-0.02015775635407535
2023-02-15,11320,11320,10510,10660,61781,-0.046511627906976716
2023-02-16,10660,11450,10650,11370,44320,0.06660412757973733
2023-02-17,11140,11520,11010,11030,98769,-0.029903254177660488
2023-02-20,11010,11320,11000,11200,21927,0.015412511332729029
2023-02-21,11300,11300,10820,10900,38139,-0.0267857142857143
2023-02-22,10610,10850,10500,10780,31029,-0.011009174311926606
2023-02-23,10710,11350,10610,11200,49027,0.03896103896103886
2023-02-24,11250,12070,11250,11720,281766,0.046428571428571486
2023-02-27,12250,12250,11440,11440,93358,-0.023890784982935176
2023-02-28,11330,12070,11330,11540,74878,0.00874125874125875
2023-03-02,11660,11660,11220,11430,33841,-0.00953206239168114
2023-03-03,11420,11620,11190,11300,39482,-0.011373578302712128
2023-03-06,11240,11500,11080,11290,43515,-0.0008849557522123686
2023-03-07,11350,11950,11190,11200,98763,-0.00797165633303809
2023-03-08,11200,11200,10850,10860,45715,-0.03035714285714286
2023-03-09,10860,10900,10330,10700,45096,-0.014732965009208066
2023-03-10,10550,10620,10370,10410,21695,-0.02710280373831775
2023-03-13,10310,10650,10090,10560,29905,0.014409221902017322
2023-03-14,10460,10550,10020,10070,24352,-0.04640151515151514
2023-03-15,10280,10500,10250,10310,18086,0.02383316782522349
2023-03-16,10320,10690,10050,10430,22195,0.011639185257032114
2023-03-17,10550,10830,10550,10620,19723,0.0182166826462129
2023-03-20,11300,11300,10570,10580,20828,-0.0037664783427495685
2023-03-21,10830,10830,10190,10300,20402,-0.026465028355387554
2023-03-22,10650,10650,10250,10470,20082,0.01650485436893212
2023-03-23,10470,10600,10330,10410,18310,-0.005730659025787954
2023-03-24,10460,10530,10340,10420,7427,0.0009606147934677622
2023-03-27,10500,10500,10120,10200,14724,-0.021113243761996192
2023-03-28,10210,10350,10060,10290,11037,0.008823529411764675
2023-03-29,10260,10290,10000,10090,26232,-0.0194363459669582
2023-03-30,10370,10370,9880,10090,19886,0.0
2023-03-31,10120,10140,9880,10140,21440,0.0049554013875123815
2023-04-03,10030,10240,9980,10190,21324,0.004930966469427922
2023-04-04,10190,10250,10020,10130,24459,-0.0058881256133463955
2023-04-05,10100,10180,9930,9980,17965,-0.014807502467917066
2023-04-06,9910,9940,9720,9850,26087,-0.013026052104208374
2023-04-07,9840,9880,9640,9730,27729,-0.012182741116751217
2023-04-10,9780,9820,9350,9480,29625,-0.025693730729701936
2023-04-11,9480,9570,9250,9320,15179,-0.016877637130801704
2023-04-12,9380,9630,9300,9380,9605,0.006437768240343367
2023-04-13,9380,9600,9210,9390,11138,0.0010660980810235365
2023-04-14,9430,9670,9430,9610,19437,0.023429179978700754
2023-04-17,9610,9650,9540,9590,7483,-0.002081165452653466
2023-04-18,9600,9600,9400,9460,7259,-0.013555787278414999
2023-04-19,9500,9600,9450,9530,16162,0.007399577167019
2023-04-20,9450,9530,9210,9240,21421,-0.030430220356768123
2023-04-21,9240,9480,9140,9240,12713,0.0
2023-04-24,9230,9280,9070,9190,8615,-0.005411255411255422
2023-04-25,9200,9200,8940,9070,12632,-0.01305767138193692
2023-04-26,9080,9200,8890,8900,11642,-0.018743109151047377
2023-04-27,8900,9200,8810,9200,10727,0.03370786516853941
2023-04-28,9220,9300,8910,9100,12411,-0.010869565217391353
2023-05-02,9100,9150,8960,8990,5589,-0.012087912087912045
2023-05-03,8990,9010,8780,8980,7411,-0.0011123470522803602
2023-05-04,8850,9070,8770,8850,12974,-0.014476614699331813
2023-05-08,8890,8930,8730,8890,8009,0.004519774011299438
2023-05-09,8940,8940,8740,8850,11537,-0.004499437570303688
2023-05-10,8800,8910,8680,8800,10391,-0.005649717514124242
2023-05-11,8800,8970,8780,8860,17675,0.006818181818181834
2023-05-12,8900,8900,8730,8780,4296,-0.009029345372460473
2023-05-15,8830,8830,8450,8590,19340,-0.021640091116173155
2023-05-16,8470,8570,8400,8470,15112,-0.01396973224679865
2023-05-17,8550,9400,8450,8670,57971,0.023612750885478206
2023-05-18,8800,8980,8650,8870,17075,0.023068050749711633
2023-05-19,8890,9100,8890,9000,14388,0.014656144306651742
2023-05-22,9010,9010,8850,9000,5299,0.0
2023-05-23,9050,9070,8800,8910,24542,-0.010000000000000009
2023-05-24,8800,8980,8800,8940,6230,0.0033670033670034627
2023-05-25,9030,9030,8900,8930,5866,-0.0011185682326622093
2023-05-26,8960,8960,8830,8880,5186,-0.005599104143337086
2023-05-30,8930,8930,8820,8890,4512,0.0011261261261261701
2023-05-31,8900,8990,8740,8800,9775,-0.010123734533183382
2023-06-01,8890,8890,8760,8760,4192,-0.004545454545454519
2023-06-02,8770,8890,8750,8890,6011,0.014840182648401923
2023-06-05,8900,8960,8790,8960,6018,0.007874015748031482
2023-06-07,8960,9020,8830,8880,16880,-0.008928571428571397
2023-06-08,8880,9000,8800,9000,6010,0.013513513513513598
2023-06-09,9030,9030,8900,8970,9115,-0.0033333333333332993
2023-06-12,8900,9000,8870,8940,5450,-0.0033444816053511683
2023-06-13,8990,8990,8750,8800,9672,-0.015659955257270708
2023-06-14,8880,10380,8730,9020,517021,0.02499999999999991
2023-06-15,9150,9150,8900,8960,39243,-0.006651884700665134
2023-06-16,9010,9160,8960,8980,23386,0.0022321428571427937
2023-06-19,8980,8980,8810,8870,15057,-0.012249443207126953
2023-06-20,8800,8890,8800,8810,14059,-0.006764374295377684
2023-06-21,8850,8850,8730,8730,14780,-0.009080590238365494
2023-06-22,8780,8780,8700,8740,7709,0.001145475372279492
2023-06-23,8740,8790,8680,8720,8700,-0.0022883295194507935
2023-06-26,8740,8770,8630,8650,7667,-0.008027522935779796
2023-06-27,8700,8700,8590,8630,8855,-0.0023121387283236983
2023-06-28,8680,8680,8560,8610,5182,-0.002317497103128674
2023-06-29,8610,8660,8410,8430,12434,-0.020905923344947785
2023-06-30,8430,8590,8270,8590,11527,0.018979833926453082
2023-07-03,8590,8700,8510,8590,9081,0.0
2023-07-04,8720,8750,8520,8550,5036,-0.00465657741559955
2023-07-05,8600,8600,8500,8600,3838,0.005847953216374213
2023-07-06,8540,8540,8380,8380,9717,-0.025581395348837188
2023-07-07,8380,8420,8250,8410,7074,0.0035799522673030104
2023-07-10,8330,8420,8200,8200,14638,-0.024970273483947647
2023-07-11,8190,8250,8150,8250,7162,0.0060975609756097615
2023-07-12,8250,8370,8180,8360,11338,0.01333333333333342
2023-07-13,8370,8380,8240,8260,8080,-0.011961722488038284
2023-07-14,8280,8320,8210,8320,5007,0.007263922518159882
2023-07-17,8320,8320,8210,8240,3897,-0.009615384615384581
2023-07-18,8240,8240,8050,8100,11258,-0.016990291262135915
2023-07-19,8120,8320,8000,8090,10588,-0.0012345679012345512
2023-07-20,8090,8120,8000,8060,2936,-0.003708281829419069
2023-07-21,7940,8200,7930,8200,8858,0.017369727047146455
2023-07-24,8200,8200,7960,8030,8347,-0.02073170731707319
2023-07-25,8030,8030,7670,7780,21161,-0.031133250311332517
2023-07-26,7820,9490,7360,7500,819514,-0.03598971722365041
2023-07-27,7500,7870,7400,7660,29879,0.021333333333333426
2023-07-28,7610,7850,7550,7800,19649,0.018276762402088753
2023-07-31,7740,7930,7710,7870,12306,0.008974358974358942
2023-08-01,7870,8300,7850,8210,21515,0.043202033036848775
2023-08-02,8220,8300,8010,8250,7309,0.004872107186357999
2023-08-03,8300,8490,8100,8230,11351,-0.00242424242424244
2023-08-04,8280,8280,8100,8240,5369,0.0012150668286756705
2023-08-07,8240,9600,8210,8340,313710,0.012135922330097193
2023-08-08,8300,8420,8170,8250,30958,-0.010791366906474864
2023-08-09,8200,8460,8200,8450,13528,0.024242424242424176
2023-08-10,8400,8530,8180,8500,20550,0.00591715976331364
2023-08-11,8410,8550,8000,8450,13481,-0.00588235294117645
2023-08-14,8450,8530,7960,8120,45779,-0.03905325443786978
2023-08-16,8180,8200,8000,8180,14273,0.00738916256157629
2023-08-17,8140,8190,7940,8190,10508,0.0012224938875304847
2023-08-18,8140,8190,7980,8180,9478,-0.0012210012210012167
2023-08-21,8200,8200,8070,8170,3739,-0.0012224938875305957
2023-08-22,8170,9300,8000,8180,348497,0.001223990208078396
2023-08-23,8140,8360,8080,8190,22015,0.0012224938875304847
2023-08-24,8190,8450,8190,8370,22222,0.0219780219780219
2023-08-25,8350,8420,8190,8290,12744,-0.009557945041816063
2023-08-28,8240,8370,8240,8280,6402,-0.0012062726176115257
2023-08-29,8300,8520,8300,8460,12353,0.021739130434782705
2023-08-30,8530,8640,8520,8600,15243,0.016548463356973908
2023-08-31,8600,8850,8470,8500,28525,-0.011627906976744207
2023-09-01,8500,8750,8490,8700,15495,0.0235294117647058
2023-09-04,8700,8860,8590,8590,28139,-0.012643678160919491
2023-09-05,8590,8640,8410,8520,15294,-0.008149010477299212
2023-09-06,8550,8550,8360,8520,8903,0.0
2023-09-07,8500,8500,8310,8410,9406,-0.012910798122065748
2023-09-08,8370,9430,8320,8430,197130,0.0023781212841855748
2023-09-11,8430,8830,8430,8650,25615,0.02609727164887299
2023-09-12,8560,8930,8560,8860,27346,0.024277456647398887
2023-09-13,8850,8890,8500,8600,19813,-0.02934537246049662
2023-09-14,8500,8690,8320,8680,9150,0.009302325581395321
2023-09-15,8690,8750,8540,8700,6358,0.0023041474654377225
2023-09-18,8700,8700,8580,8650,7198,-0.005747126436781658
2023-09-19,8740,8750,8560,8750,10339,0.011560693641618602
2023-09-20,8660,8790,8580,8740,8513,-0.0011428571428571122
2023-09-21,8740,8780,8550,8650,13132,-0.010297482837528626
2023-09-22,8500,8650,8310,8450,10252,-0.023121387283236983
2023-09-25,8450,8470,8360,8400,7014,-0.00591715976331364
2023-09-26,8320,9400,8320,8420,282727,0.0023809523809523725
2023-09-27,8570,8590,8410,8500,19716,0.009501187648456089
2023-10-04,8400,8700,8310,8530,30092,0.003529411764705781
2023-10-05,8520,8740,8470,8510,16813,-0.0023446658851113966
2023-10-06,8510,9100,8500,8900,41441,0.04582843713278506
2023-10-10,8850,8990,8640,8670,28693,-0.025842696629213457
2023-10-11,8650,8940,8500,8800,20465,0.014994232987312506
2023-10-12,8850,8940,8740,8850,8825,0.005681818181818121
2023-10-13,8890,8900,8660,8850,13790,0.0
2023-10-16,8700,8820,8520,8800,14246,-0.005649717514124242
2023-10-17,8720,8940,8700,8890,18151,0.010227272727272751
2023-10-18,8890,8970,8660,8900,16914,0.0011248593925758943
2023-10-19,8950,8950,8570,8780,11499,-0.013483146067415741
2023-10-20,8780,8790,8420,8700,14737,-0.009111617312072884
2023-10-23,8700,8760,8500,8760,9845,0.006896551724137945
2023-10-24,8700,8750,8430,8690,23456,-0.007990867579908634
2023-10-25,8710,8740,8500,8690,7993,0.0
2023-10-26,8600,8600,8100,8190,26190,-0.05753739930955126
2023-10-27,8110,8310,8100,8180,19470,-0.0012210012210012167
2023-10-30,8100,8220,8020,8220,10309,0.004889975550122161
2023-10-31,8300,8300,8000,8070,6672,-0.018248175182481785
2023-11-01,8150,9600,8000,8240,588966,0.02106567534076831
2023-11-02,8270,8490,8200,8390,39322,0.01820388349514568
2023-11-03,8570,8570,8250,8380,22740,-0.0011918951132300348
2023-11-06,8480,8520,8320,8390,16647,0.0011933174224343368
2023-11-07,8330,8490,8310,8390,11521,0.0
2023-11-08,8390,8840,8390,8550,38668,0.019070321811680557
2023-11-09,8550,8800,8550,8730,31823,0.021052631578947434
2023-11-10,8700,8840,8620,8790,13110,0.0068728522336769515
2023-11-13,8990,8990,8590,8660,22828,-0.014789533560864654
2023-11-14,8770,8940,8690,8690,24393,0.0034642032332563577
2023-11-15,8860,8900,8730,8880,39063,0.021864211737629535
2023-11-16,8800,9000,8780,8830,21552,-0.005630630630630629
2023-11-17,8860,8920,8790,8800,10311,-0.003397508493771184
2023-11-20,8850,9100,8720,9080,31427,0.031818181818181746
2023-11-21,9110,9410,9020,9300,65855,0.02422907488986792
2023-11-22,9270,9390,9150,9250,24367,-0.005376344086021501
2023-11-23,9280,9330,9190,9280,14431,0.00324324324324321
2023-11-24,9230,9280,9050,9120,19961,-0.017241379310344862
2023-11-27,9120,9180,8950,9100,17398,-0.002192982456140302
2023-11-28,9060,9210,9020,9170,14746,0.007692307692307665
2023-11-29,9150,9380,9120,9200,14413,0.0032715376226826187
2023-11-30,9110,9340,9110,9320,13459,0.01304347826086949
2023-12-01,9280,9330,9060,9190,16178,-0.013948497854077258
2023-12-04,9270,9270,9070,9190,8397,0.0
2023-12-05,9140,9280,9120,9220,12119,0.0032644178454841466
2023-12-06,9150,9300,9120,9240,7083,0.002169197396963085
2023-12-07,9220,9500,9140,9330,23472,0.009740259740259827
2023-12-08,9350,9590,9350,9430,30512,0.010718113612004254
2023-12-11,9560,9590,9430,9520,11840,0.009544008483563182
2023-12-12,9430,9540,9300,9400,14876,-0.012605042016806678
2023-12-13,9400,9470,9200,9300,18658,-0.010638297872340385
2023-12-14,9220,9340,9040,9040,17131,-0.027956989247311825
2023-12-15,9020,9200,8900,9040,14981,0.0
2023-12-18,9000,9100,8950,9020,5961,-0.0022123893805309214
2023-12-19,9020,9070,8690,8760,33160,-0.02882483370288247
2023-12-20,8750,8890,8700,8890,9359,0.014840182648401923
2023-12-21,8840,8940,8780,8940,10002,0.0056242969628796935
2023-12-22,8940,8940,8840,8890,5586,-0.005592841163310935
2023-12-26,8890,8940,8810,8880,9577,-0.0011248593925758943
2023-12-27,8880,8990,8810,8990,6886,0.012387387387387427
2023-12-28,8870,9140,8870,9130,7478,0.015572858731924377
2024-01-02,9060,9100,8730,9000,8771,-0.014238773274917849
2024-01-03,8900,9030,8890,8980,3185,-0.0022222222222222365
2024-01-04,8980,8980,8730,8770,10775,-0.023385300668151476
2024-01-05,8740,8850,8720,8780,6135,0.0011402508551880963
2024-01-08,8860,9290,8780,9220,25833,0.05011389521640086
2024-01-09,9220,9560,9140,9150,53229,-0.007592190889370909
2024-01-10,9130,9400,9110,9220,15699,0.007650273224043769
2024-01-11,9200,9490,9150,9470,35124,0.027114967462039008
2024-01-12,9470,9470,9210,9280,14993,-0.020063357972544882
2024-01-15,9280,9560,9250,9380,28083,0.010775862068965525
2024-01-16,9580,9750,9180,9360,29073,-0.002132196162046962
2024-01-17,9470,9470,9060,9300,15700,-0.0064102564102563875
2024-01-18,9160,9780,9160,9780,52828,0.05161290322580636
2024-01-19,10090,10900,9090,9240,295360,-0.05521472392638038
2024-01-22,9300,9660,9280,9530,31465,0.031385281385281294
2024-01-23,9530,9780,9350,9520,69617,-0.0010493179433368471
2024-01-24,9570,9570,9000,9450,24740,-0.007352941176470562
2024-01-25,9290,9360,9140,9210,12577,-0.025396825396825418
2024-01-26,9170,9410,9170,9390,9035,0.019543973941368087
2024-01-29,9400,9480,9260,9280,14084,-0.011714589989350377
2024-01-30,9280,9570,9250,9570,17060,0.03125
2024-01-31,9570,9570,9180,9350,20545,-0.02298850574712641
2024-02-01,9270,9290,9000,9250,11613,-0.010695187165775444
2024-02-02,9250,9360,9110,9160,16134,-0.009729729729729741
2024-02-05,9250,9250,8980,9010,20189,-0.01637554585152834
2024-02-06,8930,9050,8890,8970,8345,-0.004439511653718142
2024-02-07,9050,9050,8890,8990,8639,0.0022296544035673715
2024-02-08,8990,8990,8720,8720,31413,-0.030033370411568394
2024-02-13,8710,8790,8610,8750,13070,0.0034403669724769603
2024-02-14,8750,8780,8550,8750,15799,0.0
2024-02-15,8800,8960,8730,8920,15065,0.01942857142857135
2024-02-16,8920,9370,8830,8900,22330,-0.0022421524663677195
2024-02-19,8900,9100,8900,9080,8663,0.020224719101123556
2024-02-20,9090,9090,8930,8950,11251,-0.014317180616740033
2024-02-21,8980,8990,8870,8880,5310,-0.007821229050279377
2024-02-22,8840,9000,8840,8940,8659,0.006756756756756799
2024-02-23,8990,9000,8860,8910,6336,-0.003355704697986628
2024-02-26,9040,9360,8920,9260,35520,0.03928170594837255
2024-02-27,9280,9280,9090,9210,13019,-0.005399568034557212
2024-02-28,9180,9400,9110,9370,16314,0.017372421281216077
2024-02-29,9370,9370,9200,9210,16606,-0.01707577374599789
2024-03-04,9210,9310,9150,9160,10329,-0.005428881650380024
2024-03-05,9120,9210,8950,9010,15761,-0.01637554585152834
2024-03-06,8830,9150,8830,9040,9141,0.0033296337402886067
2024-03-07,9040,9090,8820,8830,8055,-0.023230088495575174
2024-03-08,8830,8880,8800,8810,6848,-0.0022650056625141968
2024-03-11,8900,8960,8740,8960,4293,0.017026106696935273
2024-03-12,8890,8950,8770,8950,9631,-0.0011160714285713969
2024-03-13,8950,9000,8870,8980,4822,0.003351955307262511
2024-03-14,9030,9200,8810,8940,9249,-0.0044543429844098315
2024-03-15,8940,9000,8790,8930,6697,-0.0011185682326622093
2024-03-18,8900,8900,8810,8840,3638,-0.01007838745800671
2024-03-19,8820,8880,8710,8800,8091,-0.004524886877828038
2024-03-20,8760,8800,8650,8700,13183,-0.011363636363636354
2024-03-21,8700,8840,8670,8690,8238,-0.0011494252873562871
2024-03-22,8680,8760,8650,8700,3058,0.0011507479861909697
2024-03-25,8700,8750,8650,8670,8814,-0.0034482758620689724
2024-03-26,8700,8850,8650,8810,9413,0.016147635524798254
2024-03-27,8810,8940,8760,8910,4943,0.011350737797956922
2024-03-28,8910,9010,8830,8910,1816,0.0
2024-03-29,8990,8990,8820,8820,5262,-0.010101010101010055
2024-04-01,8760,9180,8760,8850,8172,0.00340136054421758
2024-04-02,8820,8940,8820,8870,2917,0.002259887005649608
2024-04-03,8870,8880,8650,8710,27864,-0.018038331454340528
2024-04-04,8620,8700,8590,8680,5409,-0.003444316877152742
2024-04-05,8860,11270,8610,9110,2228720,0.04953917050691237
2024-04-08,9110,9160,8810,8880,144210,-0.02524698133918768
2024-04-09,8930,9000,8820,8840,75632,-0.0045045045045044585
2024-04-11,8770,9000,8710,8930,30969,0.010180995475113086
2024-04-12,8900,8980,8800,8850,41036,-0.00895856662933936
2024-04-15,8660,8810,8630,8750,33963,-0.011299435028248594
2024-04-16,8660,8730,8590,8600,22875,-0.017142857142857126
2024-04-17,8580,8640,8450,8450,31145,-0.01744186046511631
2024-04-18,8400,8540,8360,8430,10223,-0.002366863905325478
2024-04-19,8500,8510,8250,8310,20289,-0.014234875444839812
2024-04-22,8250,8600,8250,8360,10929,0.006016847172081841
2024-04-23,8420,8440,8250,8390,18713,0.0035885167464115852
2024-04-24,8390,8480,8340,8470,6851,0.009535160905840279
2024-04-25,8470,8480,8300,8420,6039,-0.005903187721369552
2024-04-26,8440,8550,8370,8450,5950,0.0035629453681709222
2024-04-29,8370,8500,8370,8480,2647,0.0035502958579882726
2024-04-30,8480,8590,8480,8560,6978,0.009433962264151052
2024-05-02,8560,8660,8500,8650,6754,0.010514018691588856
2024-05-03,8580,8670,8580,8660,7694,0.0011560693641619046
2024-05-07,8640,8760,8640,8720,5283,0.006928406466512715
2024-05-08,8720,8720,8630,8670,4365,-0.005733944954128489
2024-05-09,8670,8670,8530,8540,3049,-0.014994232987312617
2024-05-10,8580,8870,8520,8800,19046,0.030444964871194413
2024-05-13,8800,8800,8680,8740,5359,-0.006818181818181834
2024-05-14,8740,8860,8680,8680,12045,-0.006864988558352381
2024-05-16,8750,10250,8700,8840,1708670,0.018433179723502224
2024-05-17,8850,8860,8710,8740,57470,-0.011312217194570096
2024-05-20,8780,8780,8650,8670,27626,-0.008009153318077833
2024-05-21,8670,8860,8670,8740,21823,0.008073817762399127
2024-05-22,8740,8930,8730,8820,18953,0.009153318077803174
2024-05-23,8730,8960,8730,8830,12859,0.0011337868480725266
2024-05-24,8810,8910,8750,8910,8749,0.009060022650056565
2024-05-27,8990,8990,8780,8870,19200,-0.004489337822671136
2024-05-28,8810,8900,8720,8830,6909,-0.00450958286358516
2024-05-29,8830,8920,8710,8830,11741,0.0
2024-05-30,8810,8810,8550,8580,20880,-0.028312570781426905
2024-05-31,8580,8690,8550,8690,6855,0.012820512820512775
2024-06-03,8680,8830,8670,8760,8159,0.008055235903337232
2024-06-04,8760,8800,8620,8740,6766,-0.0022831050228310223
2024-06-05,8720,8800,8550,8740,9358,0.0
2024-06-07,8790,8790,8640,8680,6023,-0.006864988558352381
2024-06-10,8700,8710,8600,8670,4645,-0.0011520737327188613
2024-06-11,8800,8800,8600,8680,5767,0.0011534025374855261
2024-06-12,8770,8780,8660,8690,7866,0.0011520737327188613
2024-06-13,8700,8960,8690,8880,20067,0.021864211737629535
2024-06-14,8810,9010,8790,8900,13905,0.0022522522522523403
2024-06-17,8910,8950,8800,8900,4423,0.0
2024-06-18,8810,8880,8800,8860,6961,-0.004494382022471877
2024-06-19,8910,8980,8750,8850,5038,-0.0011286681715575453
2024-06-20,8800,8890,8740,8810,3758,-0.004519774011299438
2024-06-21,8770,8860,8690,8730,7535,-0.009080590238365494
2024-06-24,8680,8790,8620,8700,5900,-0.0034364261168384758
2024-06-25,8700,8890,8610,8780,5270,0.009195402298850519
2024-06-26,8780,8950,8700,8810,12417,0.003416856492027387
2024-06-27,8890,8990,8710,8840,22932,0.0034052213393871433
2024-06-28,8840,8900,8770,8780,4159,-0.006787330316742057
2024-07-01,8730,8790,8540,8630,20271,-0.017084282460136713
2024-07-02,8590,9000,8510,8800,19020,0.01969872537659323
2024-07-03,8760,8900,8700,8710,5949,-0.010227272727272751
2024-07-04,8710,8900,8680,8800,8835,0.010332950631458004
2024-07-05,8750,8850,8730,8750,4094,-0.005681818181818232
2024-07-08,8800,8860,8710,8780,2449,0.0034285714285713365
2024-07-09,8800,8800,8710,8720,1798,-0.006833712984054663
2024-07-10,8720,8770,8680,8750,3740,0.0034403669724769603
2024-07-11,8710,8790,8680,8760,3736,0.0011428571428571122
2024-07-12,8760,8800,8580,8750,3321,-0.0011415525114155667
2024-07-15,8760,8760,8650,8670,4104,-0.00914285714285712
2024-07-16,8700,8750,8600,8670,4034,0.0
2024-07-17,8670,8680,8510,8660,4184,-0.0011534025374856371
2024-07-18,8430,8660,8430,8600,8303,-0.006928406466512715
2024-07-19,8600,8640,8530,8620,3248,0.0023255813953488857
2024-07-22,8670,8670,8490,8550,5381,-0.008120649651972123
2024-07-23,8550,8620,8410,8470,3993,-0.009356725146198785
2024-07-24,8470,8520,8440,8500,2234,0.0035419126328217754
2024-07-25,8440,8510,8350,8500,9422,0.0
2024-07-26,8550,8560,8400,8490,1750,-0.0011764705882353343
2024-07-29,8490,8530,8420,8490,301,0.0
2024-07-30,8410,8500,8340,8480,6260,-0.0011778563015312216
2024-07-31,8370,8490,8340,8400,2722,-0.009433962264150941
2024-08-01,8360,8490,8360,8470,511,0.008333333333333304
2024-08-02,8470,8470,8190,8330,6849,-0.016528925619834656
2024-08-05,8300,8310,7310,7610,24280,-0.08643457382953179
2024-08-06,7530,7920,7530,7770,5614,0.021024967148488782
2024-08-07,7770,7930,7560,7710,10642,-0.007722007722007707
2024-08-08,7660,7830,7660,7740,2149,0.0038910505836575737
2024-08-09,7810,7970,7810,7870,1378,0.01679586563307489
2024-08-12,7870,7950,7800,7880,1891,0.0012706480304955914
2024-08-13,7820,7920,7720,7840,1674,-0.005076142131979711
2024-08-14,7880,7920,7780,7920,6144,0.010204081632652962
2024-08-16,7930,7930,7840,7860,4252,-0.007575757575757569
2024-08-19,7940,8020,7810,7890,1453,0.003816793893129722
2024-08-20,7930,7930,7800,7890,5535,0.0
2024-08-21,7860,7900,7820,7820,2697,-0.008871989860583018
2024-08-22,7860,7860,7500,7590,13633,-0.02941176470588236
2024-08-23,7590,7730,7490,7640,2180,0.006587615283267567
2024-08-26,7760,7780,7540,7560,4113,-0.010471204188481686
2024-08-27,7600,7670,7520,7520,2319,-0.005291005291005346
2024-08-28,7580,7590,7510,7510,1573,-0.0013297872340425343
2024-08-29,7510,7590,7410,7430,7834,-0.010652463382157085
2024-08-30,7640,7640,7300,7610,3767,0.024226110363391617
2024-09-02,7550,7620,7470,7530,2031,-0.010512483574244391
2024-09-03,7480,7740,7480,7690,9376,0.021248339973439556
2024-09-04,7510,7650,7460,7500,15755,-0.024707412223667125
2024-09-05,7540,7610,7480,7480,6327,-0.002666666666666706
2024-09-06,7470,7520,7290,7290,3195,-0.025401069518716568
2024-09-09,7160,7330,7160,7230,1519,-0.008230452674897082
2024-09-10,7230,7350,7160,7170,6341,-0.008298755186721962
2024-09-11,7210,8810,6920,7010,452075,-0.02231520223152017
2024-09-12,7020,7130,6920,7010,11256,0.0
2024-09-13,7050,7230,6980,7010,5972,0.0
2024-09-19,7010,7060,6920,6960,4506,-0.007132667617689048
2024-09-20,7000,7080,6930,7040,3672,0.011494252873563315
2024-09-23,7040,7130,7040,7070,5465,0.0042613636363635354
2024-09-24,7080,7160,7020,7140,1864,0.00990099009900991
2024-09-25,7190,7220,7030,7030,3458,-0.01540616246498594
2024-09-26,7030,7150,7030,7130,1308,0.014224751066856278
2024-09-27,7130,7170,7060,7150,3200,0.0028050490883591017
2024-09-30,7140,7150,7060,7140,5045,-0.0013986013986013734
2024-10-02,7100,7100,6950,7050,5848,-0.012605042016806678
2024-10-04,7030,7160,6940,7010,4731,-0.005673758865248235
2024-10-07,7010,7140,7010,7040,3974,0.004279600570613384
2024-10-08,7180,7180,7040,7040,2669,0.0
2024-10-10,6970,7200,6970,7170,3101,0.01846590909090917
2024-10-11,7150,7320,7030,7150,3240,-0.002789400278940035
2024-10-14,7140,7350,7090,7190,1205,0.005594405594405494
2024-10-15,6970,7390,6970,7060,11509,-0.018080667593880384
2024-10-16,7060,7090,6970,7080,3209,0.0028328611898016387
2024-10-17,7030,8360,6910,6940,418760,-0.019774011299435013
2024-10-18,6980,7010,6900,6940,22801,0.0
2024-10-21,6910,7040,6910,6970,6217,0.004322766570605152
2024-10-22,6900,6990,6880,6900,10425,-0.010043041606886627
2024-10-23,6920,6930,6840,6860,3476,-0.005797101449275366
2024-10-24,6810,6930,6790,6820,4246,-0.005830903790087438
2024-10-25,6820,6920,6730,6730,3923,-0.01319648093841641
2024-10-28,6730,6820,6680,6820,5245,0.013372956909361022
2024-10-29,6820,6860,6790,6850,3467,0.004398826979472137
2024-10-30,6850,6850,6750,6830,3380,-0.0029197080291970545
2024-10-31,6770,6910,6730,6900,3236,0.01024890190336758
2024-11-01,6740,7110,6740,6820,4683,-0.011594202898550732
2024-11-04,6820,6820,6700,6750,1750,-0.01026392961876832
2024-11-05,6790,6850,6760,6830,7635,0.01185185185185178
2024-11-06,6840,6980,6700,6800,12960,-0.004392386530014614
2024-11-07,6770,6770,6670,6710,5336,-0.013235294117647012
2024-11-08,6710,6820,6660,6750,1637,0.005961251862891315
2024-11-11,6690,6740,6640,6650,2631,-0.014814814814814836
2024-11-12,6600,6740,6550,6560,5811,-0.013533834586466176
2024-11-13,6510,6620,6470,6510,4915,-0.007621951219512146
2024-11-14,6510,6780,6340,6450,5878,-0.009216589861751112
2024-11-15,6490,6780,6410,6720,2521,0.041860465116279055
2024-11-18,6720,6730,6660,6730,2166,0.0014880952380953438
2024-11-19,6760,6840,6730,6820,2527,0.013372956909361022
2024-11-20,6830,6830,6730,6750,1228,-0.01026392961876832
2024-11-21,6780,6780,6580,6670,3080,-0.011851851851851891
2024-11-22,6670,6740,6600,6730,1755,0.008995502248875464
2024-11-25,6730,6790,6730,6780,786,0.007429420505200568
2024-11-26,6820,6830,6780,6790,806,0.001474926253687281
2024-11-27,6730,6910,6680,6680,4503,-0.016200294550810068
2024-11-28,6710,6780,6600,6710,2438,0.004491017964071808
2024-11-29,6710,6710,6600,6690,611,-0.0029806259314456574
2024-12-02,6630,6660,6470,6480,5709,-0.03139013452914796
2024-12-03,6460,6550,6450,6550,5308,0.010802469135802406
2024-12-04,6540,6540,6330,6380,10839,-0.025954198473282397
2024-12-05,6380,6380,6210,6210,8845,-0.026645768025078342
2024-12-06,6210,6300,5770,6200,16772,-0.0016103059581320522
2024-12-09,5900,6050,5700,5760,18085,-0.07096774193548383
2024-12-10,5760,7040,5680,5710,432613,-0.00868055555555558
2024-12-11,5750,5920,5670,5890,47892,0.031523642732049106
2024-12-12,5910,6020,5790,5880,29231,-0.001697792869269965
2024-12-13,5820,5970,5810,5880,11766,0.0
2024-12-16,6000,7050,5370,5440,4151280,-0.07482993197278909
2024-12-17,5440,5460,5220,5280,170610,-0.02941176470588236
2024-12-18,5240,5460,5210,5290,108291,0.0018939393939394478
2024-12-19,5270,5420,5220,5340,56052,0.00945179584120992
2024-12-20,5340,5410,5220,5220,49776,-0.022471910112359605
2024-12-23,5250,5360,5200,5290,46497,0.013409961685823646
2024-12-24,5300,5370,5240,5270,29524,-0.003780718336483968
2024-12-26,5280,5400,5250,5260,34632,-0.00189753320683117
2024-12-27,5260,5320,5100,5160,69770,-0.019011406844106515
2024-12-30,5220,5230,5160,5170,14857,0.0019379844961240345
2025-01-02,5180,5250,5130,5210,22907,0.007736943907156624
2025-01-03,5240,5330,5190,5320,35846,0.02111324376199608
2025-01-06,5350,5520,5330,5440,83810,0.022556390977443552
2025-01-07,5440,5470,5340,5400,24642,-0.007352941176470562
2025-01-08,5400,5400,5310,5360,14126,-0.007407407407407418
2025-01-09,5340,5350,5270,5310,18069,-0.009328358208955279
2025-01-10,5310,5360,5260,5290,14129,-0.0037664783427495685
2025-01-13,5300,5320,5210,5230,23222,-0.011342155009451793
2025-01-14,5290,5350,5240,5310,12069,0.015296367112810794
2025-01-15,5310,5380,5280,5320,13550,0.0018832391713747842
2025-01-16,5330,5370,5310,5320,14509,0.0
2025-01-17,5350,5350,5210,5270,16574,-0.009398496240601517
2025-01-20,5270,5310,5250,5260,12116,-0.00189753320683117
2025-01-21,5260,5290,5210,5230,10717,-0.005703422053231932
2025-01-22,5240,5300,5240,5250,15921,0.003824091778202643
2025-01-23,5250,5280,5190,5190,16445,-0.011428571428571455
2025-01-24,5200,5270,5180,5230,10918,0.007707129094412402
2025-01-31,5230,5330,5230,5300,14251,0.013384321223709472
2025-02-03,5290,5300,5120,5270,41826,-0.005660377358490565
2025-02-04,5240,5530,5230,5390,76600,0.022770398481973375
2025-02-05,5350,5640,5350,5570,80420,0.033395176252319025
2025-02-06,5600,5630,5450,5590,38296,0.0035906642728904536
2025-02-07,5570,5690,5550,5590,34266,0.0
2025-02-10,5590,5670,5520,5650,39368,0.01073345259391778
2025-02-11,5730,5770,5620,5660,50472,0.001769911504424737
2025-02-12,5750,5750,5480,5500,27730,-0.028268551236749095
2025-02-13,5500,5600,5500,5550,10399,0.009090909090909038
2025-02-14,5550,5660,5540,5600,28331,0.009009009009008917
2025-02-17,5600,5700,5550,5590,39757,-0.0017857142857142794
2025-02-18,5590,5630,5510,5620,31716,0.005366726296958779
2025-02-19,5620,5680,5590,5630,21747,0.001779359430605032
2025-02-20,5630,5660,5580,5650,12638,0.003552397868561208
2025-02-21,5600,5650,5590,5600,11183,-0.008849557522123908
2025-02-24,5600,5600,5520,5560,16811,-0.0071428571428571175
2025-02-25,5560,6090,5540,5670,384572,0.019784172661870603
2025-02-26,5670,5750,5550,5600,31771,-0.012345679012345734
2025-02-27,5600,5670,5510,5540,19750,-0.010714285714285676
2025-02-28,5540,5640,5370,5400,31368,-0.02527075812274371
2025-03-04,5370,5400,5290,5320,12533,-0.014814814814814836
2025-03-05,5260,5400,5260,5380,16537,0.011278195488721776
2025-03-06,5400,5460,5330,5360,8729,-0.0037174721189591198
2025-03-07,5360,5390,5310,5330,15444,-0.005597014925373123
2025-03-10,5330,5410,5280,5340,7406,0.0018761726078799779
2025-03-11,5310,5340,5230,5310,12494,-0.005617977528089901
2025-03-12,5300,5420,5300,5340,5485,0.005649717514124353
2025-03-13,5420,5430,5310,5350,3166,0.001872659176029856
2025-03-14,5380,5480,5270,5350,12056,0.0
2025-03-17,5350,5380,5300,5320,10485,-0.005607476635513975
2025-03-18,5270,5430,5270,5420,12869,0.018796992481203034
2025-03-19,5390,5420,5350,5360,10264,-0.011070110701106972
2025-03-20,5360,5360,5050,5240,15845,-0.02238805970149249
2025-03-21,5220,5350,5150,5220,14785,-0.003816793893129722
2025-03-24,5220,5310,5200,5240,6358,0.003831417624521105
2025-03-25,5250,5290,5140,5190,17844,-0.009541984732824416
2025-03-26,5180,5310,5050,5130,25009,-0.011560693641618491
2025-03-27,5140,5250,5100,5150,5416,0.003898635477582957
2025-03-28,5160,5230,5100,5170,10885,0.003883495145631022
2025-03-31,5090,5120,5030,5040,18520,-0.025145067698259194
2025-04-01,5010,5250,5010,5250,17575,0.04166666666666674
2025-04-02,5200,5240,5080,5080,11523,-0.0323809523809524
2025-04-03,5000,5120,5000,5070,14422,-0.0019685039370078705
2025-04-04,5070,5170,5010,5150,10011,0.015779092702169706
2025-04-07,5150,5150,4855,4860,29770,-0.05631067961165048
2025-04-08,4865,4895,4765,4785,51329,-0.015432098765432056
2025-04-09,4785,4865,4725,4790,29872,0.0010449320794148065
2025-04-10,4850,5060,4850,5040,11831,0.05219206680584554
2025-04-11,5040,5090,5020,5040,7766,0.0
2025-04-14,5040,5170,5040,5130,14533,0.017857142857142794
2025-04-15,5080,5210,5080,5170,12675,0.007797270955165692
2025-04-16,5120,5210,5120,5200,9959,0.005802707930367523
2025-04-17,5200,5340,5200,5260,11160,0.011538461538461497
2025-04-18,5260,5270,5050,5230,13701,-0.005703422053231932
2025-04-21,5230,5400,5230,5330,30515,0.019120458891013437
2025-04-22,5310,5350,5250,5290,17426,-0.007504690431519689
2025-04-23,5300,5420,5300,5340,9098,0.00945179584120992
2025-04-24,5340,5400,5300,5360,2707,0.0037453183520599342
2025-04-25,5330,5470,5330,5430,13858,0.013059701492537323
2025-04-28,5480,5480,5280,5290,14050,-0.025782688766114226
2025-04-29,5310,5370,5280,5300,9552,0.001890359168241984
2025-04-30,5320,5390,5220,5360,9024,0.01132075471698113
2025-05-02,5320,5390,5320,5330,9737,-0.005597014925373123
2025-05-07,5330,5430,5320,5380,12332,0.009380863039399667
2025-05-08,5350,5430,5330,5340,8242,-0.0074349442379182396
2025-05-09,5300,5420,5300,5350,35450,0.001872659176029856
2025-05-12,5350,5900,5350,5560,258933,0.03925233644859816
2025-05-13,5580,5590,5440,5490,35621,-0.01258992805755399
2025-05-14,5470,5530,5450,5530,16852,0.007285974499089187
2025-05-15,5510,5620,5470,5540,19863,0.001808318264014508
2025-05-16,5550,5650,5530,5570,30589,0.005415162454873723
2025-05-19,5570,5570,5380,5380,29969,-0.03411131059245964
2025-05-20,5380,5500,5380,5450,10476,0.013011152416356975
2025-05-21,5450,5590,5420,5430,11949,-0.003669724770642202
2025-05-22,5480,5490,5410,5440,10993,0.0018416206261511192
2025-05-23,5440,5680,5430,5540,10671,0.018382352941176405
2025-05-26,5540,5630,5500,5610,7383,0.012635379061371799
2025-05-27,5610,5650,5530,5550,8763,-0.010695187165775444
2025-05-28,5500,5580,5500,5580,10762,0.00540540540540535
2025-05-29,5540,5600,5510,5510,7764,-0.012544802867383464
2025-05-30,5580,5580,5420,5480,16679,-0.005444646098003658
2025-06-02,5480,5580,5440,5520,5678,0.007299270072992803
2025-06-04,5520,5720,5520,5630,16545,0.019927536231884035
2025-06-05,5700,5700,5570,5610,7887,-0.003552397868561319
2025-06-09,5620,5800,5620,5690,22751,0.01426024955436711
2025-06-10,5690,5710,5620,5700,10180,0.0017574692442883233
2025-06-11,5710,5710,5530,5680,34528,-0.0035087719298245723
2025-06-12,5680,5700,5580,5630,11780,-0.008802816901408494
2025-06-13,5610,5660,5500,5510,27755,-0.02131438721136769
2025-06-16,5510,6510,5510,5730,1019110,0.03992740471869327
2025-06-17,5760,6000,5740,5850,117561,0.020942408376963373
2025-06-18,5850,6060,5730,6050,98031,0.03418803418803429
2025-06-19,6160,6160,5900,6020,46180,-0.0049586776859503745
2025-06-20,6030,6320,5870,6190,95404,0.028239202657807327
2025-06-23,6190,6190,6020,6150,44720,-0.00646203554119551
2025-06-24,6160,6240,6100,6120,39481,-0.004878048780487809
2025-06-25,6160,6170,6080,6130,25610,0.0016339869281045694
2025-06-26,6130,6220,6010,6070,39387,-0.009787928221859699
2025-06-27,6100,6100,5970,5980,16195,-0.014827018121911006
2025-06-30,5960,6070,5940,6030,10720,0.008361204013378032
2025-07-01,6030,6090,5980,6030,12879,0.0
