Date,Open,High,Low,Close,Volume,Change
2022-01-03,65700,66200,65000,65200,41464,-0.004580152671755711
2022-01-04,66300,67000,66200,66700,73336,0.02300613496932513
2022-01-05,66900,67000,65500,65800,42163,-0.013493253373313308
2022-01-06,64700,66000,63400,64000,72295,-0.027355623100303927
2022-01-07,64600,65200,64000,64400,42290,0.006250000000000089
2022-01-10,64400,64500,62600,63300,51190,-0.017080745341614856
2022-01-11,63400,64000,62400,63800,41628,0.00789889415481837
2022-01-12,64200,66400,64000,65700,80996,0.029780564263322873
2022-01-13,66200,70400,66000,68200,266007,0.03805175038051756
2022-01-14,68900,69800,67800,68200,172131,0.0
2022-01-17,68100,68100,66000,66200,61913,-0.029325513196480912
2022-01-18,66000,66300,64500,64500,44965,-0.025679758308157052
2022-01-19,63500,64800,63300,63600,42689,-0.013953488372092981
2022-01-20,63500,64300,62800,64200,57775,0.009433962264151052
2022-01-21,63800,63800,62600,62900,56613,-0.02024922118380057
2022-01-24,62300,63200,61500,61800,54306,-0.01748807631160576
2022-01-25,62300,62300,60400,60900,51778,-0.014563106796116498
2022-01-26,60500,61400,60300,60500,32843,-0.006568144499178974
2022-01-27,61500,61500,59000,59300,60881,-0.01983471074380161
2022-01-28,59300,60700,58800,60700,40898,0.02360876897133224
2022-02-03,62000,62100,60800,60900,30236,0.0032948929159801743
2022-02-04,60900,61500,60600,61100,20806,0.003284072249589487
2022-02-07,61200,61500,60500,61000,23359,-0.0016366612111292644
2022-02-08,60700,61500,60300,60700,25403,-0.004918032786885296
2022-02-09,61000,61600,61000,61400,28873,0.011532125205930832
2022-02-10,62000,62300,61000,61400,21776,0.0
2022-02-11,61300,61400,60600,60600,22293,-0.013029315960912058
2022-02-14,60000,60200,58700,58800,44402,-0.02970297029702973
2022-02-15,59000,59700,58500,58600,25777,-0.003401360544217691
2022-02-16,59500,59700,59200,59400,21655,0.013651877133105783
2022-02-17,59200,60000,59100,59400,32334,0.0
2022-02-18,59100,60000,58700,59400,23156,0.0
2022-02-21,59100,59700,58700,59400,13806,0.0
2022-02-22,58900,59400,58700,58800,23194,-0.010101010101010055
2022-02-23,59100,60400,58900,59900,28003,0.018707482993197244
2022-02-24,59500,60900,59100,59100,30593,-0.013355592654423987
2022-02-25,59500,60800,59000,59300,37731,0.0033840947546530664
2022-02-28,59400,59700,58800,59600,19454,0.005059021922428242
2022-03-02,59700,59900,59300,59800,11095,0.003355704697986628
2022-03-03,60500,60900,60100,60700,17281,0.015050167224080369
2022-03-04,60700,60700,59700,60300,18151,-0.00658978583196046
2022-03-07,59800,60000,58500,58900,52736,-0.023217247097844118
2022-03-08,58100,58800,57800,58300,29393,-0.01018675721561968
2022-03-10,59000,59300,58500,58800,17960,0.00857632933104635
2022-03-11,58800,59300,58700,58800,19561,0.0
2022-03-14,58900,59300,58400,58600,13423,-0.003401360544217691
2022-03-15,58600,59100,58200,58500,26919,-0.0017064846416382506
2022-03-16,59000,59000,58300,58800,17454,0.00512820512820511
2022-03-17,59700,59800,59000,59200,31677,0.006802721088435382
2022-03-18,59300,59400,58400,58400,51708,-0.013513513513513487
2022-03-21,58700,59200,58400,58700,37442,0.005136986301369939
2022-03-22,58500,59000,58400,58600,21385,-0.0017035775127768327
2022-03-23,58900,59100,58600,58900,15501,0.005119453924914641
2022-03-24,58700,58700,58100,58500,33874,-0.006791171477079749
2022-03-25,58500,58700,58200,58400,14201,-0.0017094017094017033
2022-03-28,58400,58400,58000,58400,21517,0.0
2022-03-29,58700,58700,58300,58300,16286,-0.001712328767123239
2022-03-30,58700,59100,58300,58400,27478,0.0017152658662091813
2022-03-31,58400,58700,58300,58500,16007,0.001712328767123239
2022-04-01,58500,58500,57900,58200,32230,-0.00512820512820511
2022-04-04,58100,58400,57900,58100,19032,-0.0017182130584192379
2022-04-05,58100,58300,58000,58100,17473,0.0
2022-04-06,58000,58100,57600,57800,26374,-0.005163511187607606
2022-04-07,57700,58200,57400,57900,28592,0.0017301038062282892
2022-04-08,58300,60200,58100,60000,114666,0.03626943005181338
2022-04-11,60700,61200,60200,61000,97729,0.016666666666666607
2022-04-12,60600,60800,59600,59600,32643,-0.022950819672131195
2022-04-13,60000,61000,60000,60700,46789,0.01845637583892623
2022-04-14,61500,62000,60900,61700,75556,0.016474464579901094
2022-04-15,61600,62100,60900,61600,85626,-0.0016207455429497752
2022-04-18,61700,61800,60900,61400,41359,-0.0032467532467532756
2022-04-19,61700,62000,61400,61900,39027,0.008143322475570036
2022-04-20,61800,61900,61100,61700,31204,-0.003231017770597755
2022-04-21,61800,62000,61700,62000,58973,0.004862236628849326
2022-04-22,61600,61600,61000,61400,26625,-0.009677419354838679
2022-04-25,60700,60900,60000,60500,64009,-0.014657980456026065
2022-04-26,60900,61300,60300,60600,33320,0.0016528925619834212
2022-04-27,59700,60300,59400,59700,32561,-0.014851485148514865
2022-04-28,59900,60000,59000,59800,30931,0.0016750418760469454
2022-04-29,60200,60200,55500,58300,66939,-0.025083612040133763
2022-05-02,57800,58500,57600,58400,50636,0.0017152658662091813
2022-05-03,58300,58500,58100,58300,17676,-0.001712328767123239
2022-05-04,58500,58700,58200,58200,15050,-0.0017152658662092923
2022-05-06,57100,58000,57100,57700,30975,-0.00859106529209619
2022-05-09,58200,58200,56900,56900,23217,-0.013864818024263426
2022-05-10,55700,56900,55000,56900,48374,0.0
2022-05-11,56900,56900,55400,55600,31577,-0.02284710017574687
2022-05-12,55300,55600,54300,54400,35934,-0.021582733812949617
2022-05-13,54300,55200,54300,54900,13133,0.009191176470588314
2022-05-16,55300,55500,54700,55200,14549,0.005464480874316946
2022-05-17,54800,55100,54500,54800,27317,-0.007246376811594235
2022-05-18,55400,56200,55200,55400,45483,0.010948905109489093
2022-05-19,54500,54800,53300,53700,65907,-0.03068592057761732
2022-05-20,54000,54500,53600,54400,30756,0.013035381750465591
2022-05-23,54900,54900,54100,54200,12805,-0.003676470588235281
2022-05-24,54000,54300,53500,54000,18863,-0.0036900369003689537
2022-05-25,54400,54400,53500,53600,21673,-0.007407407407407418
2022-05-26,54000,54000,53200,53200,28123,-0.007462686567164201
2022-05-27,53500,53800,53400,53400,14290,0.003759398496240518
2022-05-30,53800,54600,53800,54600,28390,0.022471910112359605
2022-05-31,54700,55500,54300,54700,28901,0.001831501831501825
2022-06-02,55000,55000,53800,54400,21336,-0.005484460694698323
2022-06-03,54700,55000,54000,54400,32954,0.0
2022-06-07,53800,54300,53600,53800,15182,-0.011029411764705843
2022-06-08,53900,54000,53300,53800,17756,0.0
2022-06-09,53200,53600,53000,53100,18784,-0.013011152416356864
2022-06-10,52800,53100,52400,53100,22222,0.0
2022-06-13,52500,52500,50000,50300,53514,-0.052730696798493404
2022-06-14,48300,50600,48300,49550,36645,-0.01491053677932408
2022-06-15,49550,49900,47450,47450,49327,-0.04238143289606455
2022-06-16,48000,49200,47350,47400,51291,-0.0010537407797681642
2022-06-17,46450,47300,45000,45700,158023,-0.03586497890295359
2022-06-20,46250,46300,43400,44300,53326,-0.03063457330415753
2022-06-21,44300,45000,43850,44300,63355,0.0
2022-06-22,44650,44650,41900,41900,58932,-0.05417607223476295
2022-06-23,41600,43200,40950,41650,96020,-0.005966587112171795
2022-06-24,41400,42350,41400,42200,60037,0.013205282112845218
2022-06-27,42800,43700,42350,43200,38106,0.023696682464454888
2022-06-28,42900,43750,42550,42700,27667,-0.01157407407407407
2022-06-29,42550,43550,42350,43400,29736,0.016393442622950838
2022-06-30,43600,43650,42450,42450,32380,-0.02188940092165903
2022-07-01,42500,44200,42450,43250,51300,0.018845700824499323
2022-07-04,43800,44200,43100,43500,28606,0.005780346820809301
2022-07-05,43500,45850,43500,45800,36668,0.05287356321839076
2022-07-06,45900,46050,44750,44900,29913,-0.01965065502183405
2022-07-07,45550,46350,45250,46100,22876,0.026726057906458767
2022-07-08,46100,46700,44650,44800,30629,-0.02819956616052066
2022-07-11,44900,45000,43900,44000,17560,-0.017857142857142905
2022-07-12,43800,43800,43000,43500,13945,-0.011363636363636354
2022-07-13,43350,45200,43200,43600,15285,0.0022988505747125743
2022-07-14,43600,44050,43200,44000,14657,0.00917431192660545
2022-07-15,44200,44700,43400,44600,17213,0.013636363636363669
2022-07-18,45300,45850,45000,45350,24272,0.01681614349775784
2022-07-19,45350,45400,44800,45100,15365,-0.005512679162072764
2022-07-20,46000,46000,45050,45200,14357,0.0022172949002217113
2022-07-21,45500,45550,44600,45400,19758,0.004424778761061843
2022-07-22,45500,45700,45100,45100,15197,-0.0066079295154185536
2022-07-25,44950,46150,44750,46100,24485,0.022172949002217335
2022-07-26,46100,46250,45850,46000,10286,-0.002169197396963085
2022-07-27,45900,46250,45550,46250,7984,0.005434782608695565
2022-07-28,46700,46850,45700,45950,31623,-0.006486486486486531
2022-07-29,46150,46650,46150,46300,17378,0.007616974972796564
2022-08-01,46400,47000,46150,46800,17896,0.010799136069114423
2022-08-02,47300,47300,46650,46750,13356,-0.0010683760683760646
2022-08-03,46750,47150,46500,46500,10424,-0.005347593582887722
2022-08-04,46800,47700,46650,47500,20334,0.021505376344086002
2022-08-05,47700,47700,47250,47450,10513,-0.001052631578947416
2022-08-08,47250,47450,46600,46950,17332,-0.010537407797681753
2022-08-09,46950,47250,46400,46950,21772,0.0
2022-08-10,46400,46550,45900,46000,22537,-0.020234291799786974
2022-08-11,46600,49800,46450,48900,66907,0.06304347826086953
2022-08-12,48900,49200,48600,48900,35684,0.0
2022-08-16,49000,49950,48700,49800,23758,0.018404907975460016
2022-08-17,49800,50700,49600,50100,26912,0.006024096385542244
2022-08-18,49700,49850,49000,49600,9903,-0.009980039920159722
2022-08-19,49850,49850,48800,48850,15294,-0.015120967741935498
2022-08-22,48100,48500,47800,47800,14436,-0.02149437052200609
2022-08-23,47150,47800,46700,46800,15386,-0.02092050209205021
2022-08-24,47000,47100,46500,46900,11107,0.002136752136752129
2022-08-25,47000,47300,46750,47100,42507,0.004264392324093924
2022-08-26,47400,47950,47250,47550,20268,0.009554140127388644
2022-08-29,45850,46700,45800,45800,33477,-0.03680336487907465
2022-08-30,45700,46450,45450,46100,24281,0.0065502183406114245
2022-08-31,45900,47300,45550,47300,38218,0.026030368763557465
2022-09-01,46900,46900,45850,45900,30777,-0.029598308668076112
2022-09-02,46000,46500,45600,45600,11781,-0.006535947712418277
2022-09-05,45600,46000,45100,45350,9418,-0.005482456140350922
2022-09-06,45200,45800,45050,45550,15401,0.004410143329658167
2022-09-07,45200,45200,43800,43950,29314,-0.035126234906695974
2022-09-08,44350,44450,43050,43100,82191,-0.019340159271899915
2022-09-13,43600,43900,43150,43850,200262,0.01740139211136893
2022-09-14,42700,42700,42000,42450,35859,-0.03192702394526792
2022-09-15,42650,42650,42250,42250,21724,-0.004711425206124886
2022-09-16,42050,42150,41100,41100,47402,-0.02721893491124261
2022-09-19,41100,41450,41050,41050,12748,-0.0012165450121655041
2022-09-20,41100,41500,41000,41050,14483,0.0
2022-09-21,41200,41200,40600,40900,15581,-0.0036540803897685548
2022-09-22,40350,40500,39900,40000,27434,-0.022004889975550168
2022-09-23,39900,40500,39800,40050,19470,0.0012499999999999734
2022-09-26,39900,40000,38100,38300,41136,-0.043695380774032455
2022-09-27,37500,38300,37500,37850,33554,-0.011749347258485643
2022-09-28,37700,38100,36850,37000,32693,-0.022457067371202122
2022-09-29,37500,37600,36900,36900,16809,-0.002702702702702675
2022-09-30,36100,37650,36100,36950,21045,0.0013550135501354532
2022-10-04,37350,38300,37350,37900,20505,0.025710419485791558
2022-10-05,38600,38900,37850,38350,20008,0.01187335092348274
2022-10-06,38500,39400,38350,39300,16333,0.024771838331160367
2022-10-07,39250,39750,38800,39550,25354,0.006361323155216203
2022-10-11,38950,39000,38250,38350,16718,-0.030341340075853318
2022-10-12,38350,38850,38200,38400,12299,0.0013037809647979959
2022-10-13,38350,38600,37900,37950,14259,-0.01171875
2022-10-14,38500,39650,38350,39550,24736,0.04216073781291163
2022-10-17,39050,40450,39000,40300,31775,0.01896333754740831
2022-10-18,40700,40850,40300,40650,10275,0.008684863523573227
2022-10-19,40600,40900,39650,39800,19594,-0.02091020910209107
2022-10-20,39800,39900,39000,39450,15416,-0.008793969849246186
2022-10-21,39450,39600,38900,39450,16613,0.0
2022-10-24,39700,40000,39300,39450,11981,0.0
2022-10-25,39600,39850,39100,39400,10742,-0.0012674271229404788
2022-10-26,39400,39500,37200,38100,33517,-0.032994923857868064
2022-10-27,38200,38900,38200,38650,24307,0.014435695538057791
2022-10-28,38700,38800,38300,38650,9417,0.0
2022-10-31,39250,39650,39050,39650,22096,0.025873221216041298
2022-11-01,39850,39850,39200,39700,21414,0.0012610340479193294
2022-11-02,39550,39950,39250,39800,30433,0.0025188916876575096
2022-11-03,39350,39800,38950,39750,13250,-0.0012562814070351536
2022-11-04,39750,42600,39550,42100,78848,0.0591194968553459
2022-11-07,42550,43700,42000,43300,91471,0.028503562945368266
2022-11-08,43400,43700,42200,43100,31283,-0.004618937644341847
2022-11-09,43400,44000,43050,43900,41841,0.018561484918793614
2022-11-10,43050,44100,43000,43750,28249,-0.003416856492027387
2022-11-11,45000,45000,44200,44400,36687,0.014857142857142902
2022-11-14,44750,44950,44400,44500,32586,0.0022522522522523403
2022-11-15,44200,45400,44200,45400,43145,0.020224719101123556
2022-11-16,45550,45550,44750,45400,17600,0.0
2022-11-17,45250,45300,44150,44600,18962,-0.017621145374449365
2022-11-18,44500,45000,43750,44250,16213,-0.007847533632286963
2022-11-21,44200,44250,42850,43200,16773,-0.023728813559321993
2022-11-22,43100,43100,42400,42650,19955,-0.01273148148148151
2022-11-23,43000,44100,42800,43000,14223,0.008206330597889888
2022-11-24,43350,43400,42900,43250,13362,0.005813953488372103
2022-11-25,43350,43350,42700,43250,20061,0.0
2022-11-28,44050,45250,43550,44450,82380,0.02774566473988438
2022-11-29,44450,44550,43950,44500,18329,0.0011248593925758943
2022-11-30,44450,45900,44200,45850,65055,0.030337078651685445
2022-12-01,46600,46650,45700,45900,31118,0.0010905125408942062
2022-12-02,45600,46300,45600,45950,28797,0.0010893246187364536
2022-12-05,45950,46100,45650,46000,13096,0.0010881392818280489
2022-12-06,45650,46950,45000,46000,30771,0.0
2022-12-07,44450,45000,43200,43200,69091,-0.060869565217391286
2022-12-08,42300,43500,42300,43400,26140,0.004629629629629539
2022-12-09,43400,43700,43100,43400,24414,0.0
2022-12-12,43300,43450,43000,43250,10406,-0.003456221198156695
2022-12-13,43400,43400,42150,43000,21659,-0.005780346820809301
2022-12-14,43000,43400,43000,43300,11391,0.006976744186046435
2022-12-15,43100,43200,42450,42850,16853,-0.010392609699769073
2022-12-16,42150,42500,41700,42500,80742,-0.008168028004667427
2022-12-19,42500,42500,41700,42150,15583,-0.008235294117647007
2022-12-20,41900,42000,41250,41400,18064,-0.017793594306049876
2022-12-21,41200,41650,40800,41500,18425,0.0024154589371980784
2022-12-22,41600,43850,41600,43700,58678,0.053012048192771166
2022-12-23,42800,43900,42600,43300,67819,-0.009153318077803174
2022-12-26,43300,43500,42350,43000,22071,-0.006928406466512715
2022-12-27,43300,43350,42800,42900,24507,-0.0023255813953488857
2022-12-28,42550,42900,42450,42550,20954,-0.00815850815850816
2022-12-29,42150,42500,41700,42050,16865,-0.011750881316098694
2023-01-02,42100,42250,41900,42050,11879,0.0
2023-01-03,41800,42100,40500,41850,26171,-0.0047562425683710385
2023-01-04,41500,42850,41500,42850,26396,0.0238948626045401
2023-01-05,42950,43050,42650,43050,15794,0.004667444574095736
2023-01-06,42850,43300,42700,43150,24559,0.0023228803716608404
2023-01-09,43150,44500,43150,44450,44071,0.030127462340671984
2023-01-10,44400,44400,43650,44200,24854,-0.0056242969628796935
2023-01-11,44350,44450,43700,44100,15134,-0.002262443438914019
2023-01-12,44100,44250,43700,44100,9601,0.0
2023-01-13,44100,44500,44050,44400,18732,0.006802721088435382
2023-01-16,44400,44650,44200,44350,12113,-0.0011261261261261701
2023-01-17,44150,44500,44150,44450,11056,0.0022547914317925244
2023-01-18,44350,44600,44350,44500,12548,0.0011248593925758943
2023-01-19,44550,45000,43700,44750,21105,0.00561797752808979
2023-01-20,44550,44900,44500,44800,11684,0.0011173184357542443
2023-01-25,45050,45100,44700,44900,17189,0.0022321428571427937
2023-01-26,44900,45200,44750,45200,17194,0.006681514476614803
2023-01-27,45350,45700,44950,45350,37184,0.0033185840707965486
2023-01-30,45700,46200,45100,45650,39934,0.006615214994487362
2023-01-31,45150,46350,44900,45650,38321,0.0
2023-02-01,46200,46200,44750,45200,38077,-0.009857612267250793
2023-02-02,45300,45500,44750,45250,29004,0.0011061946902655162
2023-02-03,45500,45500,44850,45050,26059,-0.0044198895027623974
2023-02-06,44350,45500,44350,45200,50372,0.0033296337402886067
2023-02-07,44900,45350,44900,45200,26856,0.0
2023-02-08,45350,47250,45000,47150,92106,0.04314159292035402
2023-02-09,47000,47250,46450,47200,39690,0.0010604453870626251
2023-02-10,47000,48800,46750,48150,54962,0.020127118644067687
2023-02-13,48100,48100,46300,47100,70003,-0.02180685358255452
2023-02-14,47400,49450,47400,49100,88282,0.0424628450106157
2023-02-15,49700,49700,48900,49000,40981,-0.0020366598778004397
2023-02-16,49550,50700,49400,49600,62945,0.012244897959183598
2023-02-17,49350,50300,48600,49700,38002,0.002016129032258007
2023-02-20,49850,49850,49200,49700,27291,0.0
2023-02-21,49700,50300,49350,49800,43828,0.002012072434607548
2023-02-22,49000,49350,48500,49000,30472,-0.016064257028112428
2023-02-23,49050,50500,49050,49900,98327,0.01836734693877551
2023-02-24,49900,49950,49050,49500,28545,-0.008016032064128265
2023-02-27,48950,49100,48100,48550,34196,-0.019191919191919204
2023-02-28,48550,49050,47500,47500,33010,-0.02162718846549949
2023-03-02,47250,47600,46750,47450,38393,-0.001052631578947416
2023-03-03,47350,47700,46800,47250,25678,-0.004214963119072657
2023-03-06,47550,48400,47150,48250,39241,0.021164021164021163
2023-03-07,48250,48250,47600,48200,20217,-0.0010362694300518616
2023-03-08,48300,50400,48300,49550,64373,0.028008298755186622
2023-03-09,49900,50300,48900,49550,45998,0.0
2023-03-10,49100,49400,48450,49200,34799,-0.007063572149344055
2023-03-13,48950,49700,48150,49600,35152,0.008130081300812941
2023-03-14,49150,49150,47000,47600,41891,-0.040322580645161255
2023-03-15,48550,49300,48300,49300,34122,0.03571428571428581
2023-03-16,48900,49650,48800,49500,37520,0.0040567951318457585
2023-03-17,49900,49900,49450,49850,94441,0.007070707070707005
2023-03-20,48850,49600,48350,48700,29543,-0.02306920762286857
2023-03-21,48850,49100,48000,48500,19005,-0.004106776180698102
2023-03-22,48850,49450,48500,48700,27969,0.004123711340206171
2023-03-23,48600,49000,47500,47900,35818,-0.01642710472279263
2023-03-24,48000,48200,47350,47900,33808,0.0
2023-03-27,47900,48000,47000,47350,30861,-0.011482254697286032
2023-03-28,47200,47350,46000,46750,43945,-0.012671594508975703
2023-03-29,47000,47350,46850,47350,22600,0.012834224598930577
2023-03-30,47550,47800,44550,47800,32606,0.009503695881731833
2023-03-31,47850,48700,47800,48700,37442,0.01882845188284521
2023-04-03,48950,49000,48000,48500,37569,-0.004106776180698102
2023-04-04,48500,49000,48250,48900,27812,0.008247422680412342
2023-04-05,49000,49900,48950,49450,40074,0.011247443762781195
2023-04-06,49400,49400,48550,48800,25458,-0.013144590495449915
2023-04-07,49000,49300,48800,49100,29611,0.006147540983606481
2023-04-10,49500,49500,48400,48550,40288,-0.011201629327902252
2023-04-11,48900,49000,48350,48700,47881,0.003089598352214118
2023-04-12,48700,49950,48700,49800,66750,0.022587268993839782
2023-04-13,49900,50400,49300,49850,49643,0.0010040160642570406
2023-04-14,49950,50100,49450,49900,31393,0.0010030090270811698
2023-04-17,49750,49800,48850,48900,41850,-0.02004008016032066
2023-04-18,49150,49350,48800,49300,36964,0.008179959100204526
2023-04-19,49400,49950,49400,49950,49209,0.013184584178498993
2023-04-20,49750,50500,49400,49900,47859,-0.0010010010010009784
2023-04-21,49400,49550,48450,48700,44665,-0.024048096192384794
2023-04-24,48700,48800,48250,48600,26986,-0.002053388090349051
2023-04-25,48550,49000,48000,49000,37291,0.008230452674897082
2023-04-26,48750,49150,48550,49000,22050,0.0
2023-04-27,49000,49050,48350,48800,27655,-0.004081632653061273
2023-04-28,49350,49400,47200,49100,25413,0.006147540983606481
2023-05-02,49100,49150,48400,49150,15612,0.0010183299389001643
2023-05-03,48950,49000,48550,49000,13539,-0.003051881993896277
2023-05-04,49000,49450,48800,49350,30180,0.0071428571428571175
2023-05-08,49750,50400,49500,50300,51816,0.019250253292806496
2023-05-09,50200,50800,49900,50500,34893,0.003976143141153132
2023-05-10,50400,51800,50200,51300,64952,0.015841584158415856
2023-05-11,51400,52500,51100,52000,63861,0.013645224171539905
2023-05-12,52000,52000,50400,50800,28127,-0.023076923076923106
2023-05-15,50800,51100,50300,50800,15335,0.0
2023-05-16,50700,50900,50100,50500,19112,-0.0059055118110236116
2023-05-17,50500,50800,50400,50700,17879,0.003960396039603964
2023-05-18,50900,51300,50400,51200,22322,0.009861932938856066
2023-05-19,51400,51700,50800,51000,27522,-0.00390625
2023-05-22,50900,52000,50800,51200,30736,0.0039215686274509665
2023-05-23,51100,51600,50700,51100,23270,-0.001953125
2023-05-24,51100,51100,50300,50600,18473,-0.009784735812133127
2023-05-25,50700,50700,49800,50200,26240,-0.007905138339920903
2023-05-26,50400,50400,49950,50100,15195,-0.0019920318725099584
2023-05-30,50600,54400,50200,54000,342408,0.07784431137724557
2023-05-31,54100,54500,53000,53700,78004,-0.005555555555555536
2023-06-01,53400,54000,52500,53300,80675,-0.007448789571694592
2023-06-02,53500,53800,52700,53300,40346,0.0
2023-06-05,53800,55400,53500,55000,137162,0.031894934333958735
2023-06-07,55300,55600,54900,55000,62774,0.0
2023-06-08,55000,55500,54600,55200,33596,0.0036363636363636598
2023-06-09,55400,55500,54800,55300,29694,0.0018115942028984477
2023-06-12,55700,55800,55000,55200,32245,-0.001808318264014508
2023-06-13,55500,55500,53500,54300,97272,-0.016304347826086918
2023-06-14,54300,54900,53600,53600,42140,-0.012891344383057057
2023-06-15,53900,54000,52600,53200,32453,-0.007462686567164201
2023-06-16,53600,53700,52900,53700,30154,0.009398496240601517
2023-06-19,53700,54200,53300,54000,31807,0.005586592178770999
2023-06-20,54200,54200,52900,53600,40334,-0.007407407407407418
2023-06-21,53400,54400,52800,54100,37334,0.009328358208955168
2023-06-22,53900,54500,53400,54300,33404,0.003696857670979714
2023-06-23,54300,54300,53000,53400,31057,-0.016574585635359074
2023-06-26,53000,53500,52700,53000,18813,-0.0074906367041198685
2023-06-27,53000,53700,52500,53600,22122,0.01132075471698113
2023-06-28,53900,53900,53000,53300,18883,-0.005597014925373123
2023-06-29,53300,54900,53100,54300,56684,0.018761726078799335
2023-06-30,54600,54600,53500,54500,33293,0.0036832412523020164
2023-07-03,54900,54900,54400,54800,33138,0.005504587155963359
2023-07-04,55100,56100,54700,55400,111061,0.010948905109489093
2023-07-05,55500,55700,54700,55300,35298,-0.0018050541516245744
2023-07-06,55200,55200,54000,54100,28960,-0.02169981916817365
2023-07-07,54000,54300,52600,53500,42881,-0.011090573012939031
2023-07-10,53600,53600,52100,52600,32486,-0.016822429906542036
2023-07-11,52400,52700,52100,52600,35341,0.0
2023-07-12,52600,53100,52500,52600,38922,0.0
2023-07-13,53200,53900,53200,53700,29253,0.02091254752851701
2023-07-14,53700,54900,53300,54900,40977,0.022346368715083775
2023-07-17,54700,54700,53200,53200,42534,-0.030965391621129323
2023-07-18,53500,53600,52700,53100,30026,-0.001879699248120259
2023-07-19,53000,53400,52600,53300,30895,0.0037664783427495685
2023-07-20,53000,53000,52300,52800,24851,-0.009380863039399667
2023-07-21,52000,52400,51600,52100,26267,-0.013257575757575801
2023-07-24,51700,51900,50700,51200,53972,-0.017274472168905985
2023-07-25,51000,51400,50500,51300,55381,0.001953125
2023-07-26,51200,51200,49400,49900,89361,-0.02729044834307992
2023-07-27,50200,51300,49900,50900,41292,0.02004008016032066
2023-07-28,50600,50900,48550,49500,85217,-0.027504911591355596
2023-07-31,49600,49700,48450,48800,50937,-0.014141414141414121
2023-08-01,48800,49400,48700,49150,29191,0.0071721311475410054
2023-08-02,48350,49400,47450,47550,69127,-0.03255340793489314
2023-08-03,47300,47800,47000,47350,37360,-0.004206098843322792
2023-08-04,47350,47500,46700,46900,39630,-0.009503695881731833
2023-08-07,46900,47300,46250,47000,27923,0.002132196162046851
2023-08-08,47000,47300,46400,46800,30263,-0.004255319148936176
2023-08-09,46600,47400,46400,47400,26918,0.012820512820512775
2023-08-10,47400,47400,46050,46450,47077,-0.020042194092827037
2023-08-11,46650,47650,46450,47350,28625,0.019375672766415608
2023-08-14,47050,47250,46050,46400,29269,-0.020063357972544882
2023-08-16,46150,46200,45300,45600,37853,-0.017241379310344862
2023-08-17,44600,45850,44550,45600,32923,0.0
2023-08-18,45300,45650,45000,45450,25916,-0.003289473684210509
2023-08-21,45450,46400,45400,45800,19202,0.007700770077007757
2023-08-22,45900,46200,45400,45800,17387,0.0
2023-08-23,45800,45800,45200,45800,16509,0.0
2023-08-24,46100,46450,45900,46350,20642,0.012008733624454093
2023-08-25,45500,46000,45500,45800,12531,-0.011866235167206085
2023-08-28,45900,46250,45600,46000,16225,0.004366812227074135
2023-08-29,46050,46300,45850,46100,16911,0.0021739130434783593
2023-08-30,46500,47000,46200,47000,32910,0.01952277657266821
2023-08-31,47000,47200,46300,46850,16401,-0.0031914893617021045
2023-09-01,47000,47550,46800,47400,23641,0.011739594450373536
2023-09-04,47550,48150,47250,47750,27145,0.007383966244725704
2023-09-05,47900,48050,47400,47800,30126,0.0010471204188482464
2023-09-06,47450,47450,46400,46450,34401,-0.028242677824267814
2023-09-07,46150,46200,45550,45650,19673,-0.017222820236813763
2023-09-08,45950,45950,44750,45500,19196,-0.003285870755750264
2023-09-11,45500,45700,45000,45150,18804,-0.007692307692307665
2023-09-12,45350,45550,45150,45350,11640,0.0044296788482836025
2023-09-13,45300,46850,45200,46700,43776,0.029768467475193017
2023-09-14,46800,46800,46050,46550,26836,-0.0032119914346895317
2023-09-15,46650,48200,46500,48200,75294,0.03544575725026844
2023-09-18,47950,47950,47200,47750,19200,-0.009336099585062207
2023-09-19,47700,47700,46600,47000,18713,-0.015706806282722474
2023-09-20,46900,46900,46250,46700,17854,-0.006382978723404209
2023-09-21,46600,47050,46100,46400,17411,-0.0064239828693790635
2023-09-22,46100,46100,45400,45950,20863,-0.00969827586206895
2023-09-25,46000,46000,45350,45500,13633,-0.009793253536452662
2023-09-26,45350,45700,44750,45000,23364,-0.01098901098901095
2023-09-27,44900,45450,44500,45200,13061,0.004444444444444473
2023-10-04,44600,45000,44000,44300,23488,-0.019911504424778736
2023-10-05,44550,44800,44300,44600,10194,0.006772009029345272
2023-10-06,44250,44600,44250,44550,15674,-0.0011210762331838042
2023-10-10,44600,46300,44600,46200,60242,0.03703703703703698
2023-10-11,46300,47500,45950,47300,40625,0.023809523809523725
2023-10-12,47400,47550,47100,47300,24992,0.0
2023-10-13,47250,47400,46750,47000,13223,-0.006342494714587699
2023-10-16,46750,47150,46100,47150,23685,0.0031914893617022155
2023-10-17,47200,48200,47200,47600,27169,0.009544008483563182
2023-10-18,47600,47750,47200,47750,19790,0.0031512605042016695
2023-10-19,47050,47450,46750,46950,30092,-0.01675392670157072
2023-10-20,46600,46750,46150,46700,37525,-0.005324813631522929
2023-10-23,46700,46700,45700,46100,14268,-0.012847965738758016
2023-10-24,46300,46800,45500,46600,23340,0.010845986984815648
2023-10-25,46700,48250,46700,47450,47795,0.018240343347639465
2023-10-26,46900,46900,45800,46400,32075,-0.02212855637513167
2023-10-27,46050,46500,44900,45250,36687,-0.024784482758620663
2023-10-30,45200,46300,45200,46150,16924,0.019889502762430844
2023-10-31,46250,46550,44700,45050,32625,-0.023835319609967542
2023-11-01,45100,45750,45100,45500,17616,0.009988901220865598
2023-11-02,46000,46400,45100,45700,29734,0.00439560439560438
2023-11-03,46100,46150,45450,45950,21692,0.00547045951859948
2023-11-06,46500,46950,46200,46950,50584,0.02176278563656142
2023-11-07,46950,47000,45700,46350,28651,-0.012779552715655007
2023-11-08,46550,47100,45450,45950,35592,-0.008629989212513456
2023-11-09,46000,46200,45750,46100,14701,0.0032644178454841466
2023-11-10,46000,46000,45400,45900,15088,-0.004338394793926281
2023-11-13,46450,46450,45450,45600,14681,-0.006535947712418277
2023-11-14,45800,45950,45700,45950,11740,0.007675438596491224
2023-11-15,46550,46800,46150,46700,41525,0.016322089227421177
2023-11-16,46750,48200,46600,47450,51920,0.016059957173447437
2023-11-17,47600,47600,46750,47100,14212,-0.00737618545837726
2023-11-20,47300,47550,47000,47550,24016,0.009554140127388644
2023-11-21,47800,48150,47650,48100,30954,0.011566771819137678
2023-11-22,47900,47900,47350,47900,16542,-0.004158004158004158
2023-11-23,48000,48000,47300,47700,19694,-0.0041753653444676075
2023-11-24,47650,47900,47300,47900,28188,0.004192872117400492
2023-11-27,47850,48100,47600,47900,17794,0.0
2023-11-28,47950,48100,47650,48000,10586,0.0020876826722338038
2023-11-29,48000,48000,47250,47500,18262,-0.01041666666666663
2023-11-30,47500,47500,46800,46800,24136,-0.01473684210526316
2023-12-01,47300,47300,46650,46900,11653,0.002136752136752129
2023-12-04,47000,47200,46450,46450,25770,-0.009594882729211052
2023-12-05,46450,46450,45750,45750,40048,-0.015069967707212029
2023-12-06,45800,45850,45500,45800,15964,0.0010928961748633004
2023-12-07,45650,45650,44050,44100,75072,-0.037117903930131035
2023-12-08,44100,44300,43600,44000,48910,-0.0022675736961451642
2023-12-11,44100,44600,43900,44200,47820,0.00454545454545463
2023-12-12,44200,44600,44200,44600,32858,0.009049773755656076
2023-12-13,44700,44700,44200,44550,28228,-0.0011210762331838042
2023-12-14,44800,44900,44450,44450,36311,-0.002244668911335568
2023-12-15,44500,44650,43850,43850,59948,-0.013498312710911176
2023-12-18,44050,44400,43900,44400,30660,0.012542759407069504
2023-12-19,44150,45650,44100,45650,60004,0.028153153153153143
2023-12-20,45700,46050,45400,46000,32400,0.00766703176341732
2023-12-21,45650,46350,45500,46150,21467,0.003260869565217428
2023-12-22,46400,46400,45900,46050,14733,-0.0021668472372697867
2023-12-26,46050,46100,45600,45850,27034,-0.004343105320304019
2023-12-27,45750,45750,45350,45500,23778,-0.007633587786259555
2023-12-28,45500,45850,45300,45800,37557,0.00659340659340657
2024-01-02,45750,45800,45300,45350,21557,-0.009825327510917026
2024-01-03,45300,45300,44850,45050,25085,-0.006615214994487362
2024-01-04,44650,44700,44250,44500,25702,-0.01220865704772478
2024-01-05,44450,44600,44250,44450,14680,-0.0011235955056180247
2024-01-08,44450,44900,44250,44900,26695,0.01012373453318327
2024-01-09,45400,45450,44650,44650,20514,-0.0055679287305122616
2024-01-10,44300,44650,44150,44250,23814,-0.00895856662933936
2024-01-11,44400,44400,43900,44200,26159,-0.001129943502824804
2024-01-12,44000,44150,43750,43950,26691,-0.005656108597285048
2024-01-15,43900,43950,43500,43500,37349,-0.010238907849829393
2024-01-16,43350,43800,43150,43300,19953,-0.0045977011494252595
2024-01-17,43300,43450,42250,43000,43130,-0.006928406466512715
2024-01-18,42950,43100,42150,42150,33379,-0.019767441860465085
2024-01-19,42250,42500,41700,42100,33160,-0.0011862396204033177
2024-01-22,42250,42550,41400,41950,33612,-0.0035629453681710332
2024-01-23,41700,42350,41550,42200,47034,0.005959475566150285
2024-01-24,42200,42300,41950,42250,23315,0.0011848341232227888
2024-01-25,42150,42200,41300,41650,43348,-0.014201183431952646
2024-01-26,41600,41650,41350,41350,29548,-0.007202881152461038
2024-01-29,41200,42050,41200,42000,26377,0.01571946795646917
2024-01-30,42200,42550,42050,42500,21461,0.011904761904761862
2024-01-31,42300,42350,41650,42100,25946,-0.009411764705882342
2024-02-01,42100,43400,42000,43400,51212,0.030878859857482288
2024-02-02,43400,43900,43100,43900,40925,0.011520737327188835
2024-02-05,43900,43900,43250,43800,20083,-0.002277904328018221
2024-02-06,43600,43800,43250,43350,27066,-0.010273972602739767
2024-02-07,43400,44450,43250,44250,35918,0.02076124567474058
2024-02-08,44450,44550,44050,44200,27721,-0.001129943502824804
2024-02-13,44550,44750,44300,44650,25837,0.010180995475113086
2024-02-14,44050,45600,44000,45400,66339,0.016797312430011146
2024-02-15,45500,45700,45300,45500,54907,0.0022026431718060735
2024-02-16,45500,45500,45050,45500,19972,0.0
2024-02-19,45450,46150,45150,46050,90727,0.012087912087912045
2024-02-20,46100,46150,45300,46000,21645,-0.0010857763300760048
2024-02-21,45900,46150,45600,45950,18058,-0.0010869565217391797
2024-02-22,46000,46200,45850,46000,18287,0.0010881392818280489
2024-02-23,46150,46150,45850,45950,20310,-0.0010869565217391797
2024-02-26,47000,47150,45850,46050,41415,0.0021762785636560977
2024-02-27,46050,46050,44900,44900,30258,-0.02497285559174811
2024-02-28,44800,44950,43900,44450,47979,-0.010022271714922093
2024-02-29,44500,44500,43800,43900,42077,-0.01237345331833517
2024-03-04,44050,44050,43100,43400,58758,-0.011389521640091105
2024-03-05,43300,43350,42800,42800,31789,-0.01382488479262678
2024-03-06,42350,43000,42300,42900,29848,0.002336448598130758
2024-03-07,42700,43100,42300,42800,22328,-0.002331002331002363
2024-03-08,42850,43200,42850,43200,27555,0.009345794392523255
2024-03-11,43150,43150,42600,42800,22128,-0.0092592592592593
2024-03-12,42900,43850,42850,43850,45640,0.02453271028037385
2024-03-13,44050,44300,43450,43650,19150,-0.004561003420752607
2024-03-14,43650,44550,43600,44550,32940,0.020618556701030855
2024-03-15,44550,44600,43900,43900,28379,-0.014590347923681302
2024-03-18,43950,44050,42950,43150,33632,-0.017084282460136713
2024-03-19,43100,43250,42900,43200,17847,0.0011587485515642815
2024-03-20,43200,43600,43150,43600,41226,0.0092592592592593
2024-03-21,43500,45400,43500,45200,101792,0.03669724770642202
2024-03-22,45000,46350,44900,46200,113758,0.022123893805309658
2024-03-25,46500,47000,46100,46900,71865,0.015151515151515138
2024-03-26,46800,47500,46000,46450,63143,-0.009594882729211052
2024-03-27,46500,46650,46300,46350,20566,-0.0021528525296017342
2024-03-28,46350,46400,45100,46400,32969,0.0010787486515642097
2024-03-29,46400,46600,44200,45050,91398,-0.02909482758620685
2024-04-01,45150,45250,44150,44800,47383,-0.005549389567147567
2024-04-02,44950,44950,44350,44400,34655,-0.008928571428571397
2024-04-03,44150,44300,43600,43700,31411,-0.015765765765765716
2024-04-04,43750,43950,43600,43900,27937,0.004576659038901587
2024-04-05,43700,44800,43700,44650,31854,0.017084282460136713
2024-04-08,44650,44850,44000,44250,19929,-0.00895856662933936
2024-04-09,44100,44900,44100,44600,38345,0.00790960451977396
2024-04-11,44450,44450,43650,44100,29960,-0.011210762331838597
2024-04-12,44100,44250,43000,43300,44355,-0.01814058956916098
2024-04-15,43000,43250,42600,43250,23179,-0.0011547344110854896
2024-04-16,43250,43250,41900,41950,69185,-0.030057803468208077
2024-04-17,41500,42150,41500,42150,23687,0.004767580452920139
2024-04-18,41950,42900,41700,42900,33108,0.017793594306049876
2024-04-19,42700,42750,41700,42350,25848,-0.012820512820512775
2024-04-22,42350,42550,42250,42450,16601,0.0023612750885477762
2024-04-23,42800,42900,42350,42750,17615,0.007067137809187329
2024-04-24,43000,43050,42400,42700,35187,-0.0011695906432748204
2024-04-25,42700,42700,42250,42450,35627,-0.005854800936768156
2024-04-26,42700,42700,42000,42600,12334,0.0035335689045936647
2024-04-29,42600,42850,42450,42700,35720,0.0023474178403755097
2024-04-30,42600,43000,42600,43000,18845,0.007025761124121788
2024-05-02,42900,42900,42300,42450,33834,-0.01279069767441865
2024-05-03,42850,42850,42550,42600,12730,0.0035335689045936647
2024-05-07,43000,43100,42700,42850,29171,0.005868544600938996
2024-05-08,42650,43450,42650,43000,19531,0.003500583430571691
2024-05-09,43150,43150,42800,43000,10980,0.0
2024-05-10,43200,44300,43200,44000,59037,0.023255813953488413
2024-05-13,44200,44400,43850,44050,30532,0.001136363636363713
2024-05-14,44050,45000,44050,44550,29724,0.011350737797956922
2024-05-16,44850,45150,44650,44850,35395,0.006734006734006703
2024-05-17,45000,45000,44500,44600,11841,-0.005574136008918651
2024-05-20,44850,45000,44450,44700,39211,0.0022421524663676085
2024-05-21,44200,44650,43750,43850,30315,-0.019015659955257225
2024-05-22,44000,44150,42950,43150,51580,-0.015963511972634015
2024-05-23,43200,43850,43100,43600,20733,0.010428736964078755
2024-05-24,43300,43550,43000,43150,18620,-0.010321100917431214
2024-05-27,43600,44650,42800,44350,47119,0.02780996523754342
2024-05-28,44400,48000,44400,47800,314589,0.07779030439684331
2024-05-29,49000,49300,47400,48500,176731,0.014644351464435212
2024-05-30,48000,48650,46900,46900,61730,-0.03298969072164948
2024-05-31,47050,47900,46800,46950,46378,0.0010660980810235365
2024-06-03,47100,47900,46200,46950,53543,0.0
2024-06-04,46800,47000,45650,46200,38906,-0.015974440894568676
2024-06-05,46300,46850,45450,45850,28549,-0.007575757575757569
2024-06-07,45900,46250,45500,46000,18132,0.0032715376226826187
2024-06-10,46000,46750,45550,46100,25718,0.0021739130434783593
2024-06-11,46400,46500,45000,45000,39155,-0.02386117136659438
2024-06-12,45600,46050,45050,45600,33827,0.01333333333333342
2024-06-13,45750,45800,45050,45050,23105,-0.01206140350877194
2024-06-14,45100,45300,44550,45150,17561,0.002219755826859071
2024-06-17,45300,45600,45100,45200,32106,0.001107419712070845
2024-06-18,45350,45500,44950,45350,34491,0.0033185840707965486
2024-06-19,45800,47700,45700,47500,116621,0.04740904079382591
2024-06-20,47500,48100,47150,47700,40514,0.004210526315789442
2024-06-21,47750,47900,47050,47050,46959,-0.013626834381551323
2024-06-24,47150,48500,47150,48050,74745,0.02125398512221044
2024-06-25,48100,48450,47550,48350,38227,0.00624349635796051
2024-06-26,48250,48750,47800,48700,43984,0.007238883143743546
2024-06-27,48500,48500,47900,48000,26159,-0.014373716632443578
2024-06-28,48200,48700,47700,48700,31417,0.014583333333333393
2024-07-01,48800,50000,48500,48950,57584,0.005133470225872738
2024-07-02,48950,48950,47600,47800,24144,-0.023493360572012234
2024-07-03,48000,48200,47250,47600,29032,-0.004184100418409997
2024-07-04,48000,48250,47550,48050,20574,0.009453781512605008
2024-07-05,48100,49800,48100,49550,80361,0.031217481789802326
2024-07-08,49650,49750,48800,49000,34685,-0.011099899091826404
2024-07-09,49250,49850,49000,49850,32675,0.0173469387755103
2024-07-10,49850,49850,46550,49450,27237,-0.008024072216649913
2024-07-11,49650,49700,49150,49250,26805,-0.004044489383215333
2024-07-12,48900,49200,48200,49000,31505,-0.005076142131979711
2024-07-15,49300,49300,48650,49100,22246,0.0020408163265306367
2024-07-16,48900,49650,48550,49650,37357,0.011201629327902252
2024-07-17,49750,50500,49250,49350,43724,-0.0060422960725075026
2024-07-18,48950,49450,48850,49150,23004,-0.004052684903748771
2024-07-19,49050,49900,48900,49300,27743,0.003051881993896277
2024-07-22,49600,49650,49000,49250,23436,-0.0010141987829614951
2024-07-23,49300,50500,49300,50200,64933,0.019289340101522834
2024-07-24,50200,50500,49650,50200,34758,0.0
2024-07-25,49400,49700,48800,48900,30094,-0.02589641434262946
2024-07-26,48900,49450,47750,48550,49332,-0.007157464212678932
2024-07-29,48600,48800,48000,48200,43617,-0.007209062821833201
2024-07-30,47550,48100,46200,47500,24163,-0.014522821576763434
2024-07-31,47150,48200,47150,48200,19894,0.01473684210526316
2024-08-01,48500,48700,47850,48500,31360,0.006224066390041472
2024-08-02,48300,48300,45900,46100,52735,-0.04948453608247427
2024-08-05,45200,45400,41100,42850,95526,-0.07049891540130149
2024-08-06,42850,44450,42600,43150,62754,0.007001166861143604
2024-08-07,43500,44850,43050,44650,50238,0.03476245654692933
2024-08-08,44200,44800,43800,44700,51628,0.0011198208286673506
2024-08-09,45300,45800,44700,45500,22325,0.017897091722595126
2024-08-12,45550,45750,44850,45600,22730,0.00219780219780219
2024-08-13,45600,45600,44850,44950,22112,-0.014254385964912242
2024-08-14,45400,45650,44900,45600,19687,0.014460511679644128
2024-08-16,46000,46350,45700,46100,18569,0.010964912280701844
2024-08-19,46550,46550,45400,45850,28982,-0.005422993492407824
2024-08-20,46000,46200,45500,45800,20371,-0.0010905125408942062
2024-08-21,45750,45800,45200,45750,18026,-0.0010917030567685337
2024-08-22,45750,46150,45600,45900,17549,0.003278688524590123
2024-08-23,45850,46400,45750,46150,16664,0.005446623093681824
2024-08-26,46200,46350,46050,46200,17846,0.0010834236186347823
2024-08-27,46100,46500,43500,46450,28533,0.005411255411255311
2024-08-28,46450,46450,45850,46300,10058,-0.0032292787944026013
2024-08-29,45950,46350,45400,46350,24060,0.001079913606911509
2024-08-30,46950,48500,46950,48300,63332,0.04207119741100329
2024-09-02,48200,48500,47400,48250,22608,-0.0010351966873706209
2024-09-03,48300,48400,47900,48200,20544,-0.0010362694300518616
2024-09-04,47250,48000,46300,47450,27277,-0.01556016597510368
2024-09-05,47800,49250,47550,49050,66391,0.0337197049525817
2024-09-06,49000,49100,48400,48750,38255,-0.006116207951070374
2024-09-09,48500,49300,47800,48800,30294,0.0010256410256410664
2024-09-10,49200,49200,47950,47950,28622,-0.01741803278688525
2024-09-11,48100,48450,47450,47650,16840,-0.006256517205422307
2024-09-12,47750,48150,47500,47750,8941,0.0020986358866736943
2024-09-13,47850,48750,47850,48350,16347,0.012565445026178068
2024-09-19,48750,50900,48750,50900,139520,0.052740434332988695
2024-09-20,50400,50900,49600,49600,79569,-0.025540275049115935
2024-09-23,49950,51000,49750,50700,40149,0.022177419354838745
2024-09-24,50700,51100,49950,51000,27028,0.00591715976331364
2024-09-25,50300,50600,49100,49400,41211,-0.03137254901960784
2024-09-26,49800,50900,49750,50800,23323,0.028340080971659853
2024-09-27,50700,51000,50100,50600,36926,-0.003937007874015741
2024-09-30,50500,50500,49750,49800,21573,-0.015810276679841917
2024-10-02,49750,50400,49350,49500,45421,-0.0060240963855421326
2024-10-04,49500,50900,49500,50600,40974,0.022222222222222143
2024-10-07,50600,51000,49600,50200,21771,-0.007905138339920903
2024-10-08,50200,50200,48100,48800,53259,-0.027888446215139417
2024-10-10,48650,49300,47900,48000,39012,-0.016393442622950838
2024-10-11,48100,49000,48100,48650,19626,0.013541666666666563
2024-10-14,49000,49000,48400,48900,13856,0.005138746145940454
2024-10-15,48950,49450,48600,49450,24989,0.011247443762781195
2024-10-16,49350,49400,49050,49150,20198,-0.006066734074823055
2024-10-17,49200,49250,48600,48950,20925,-0.004069175991861629
2024-10-18,48950,49450,48500,49450,36773,0.010214504596527174
2024-10-21,49450,50000,49050,49950,29477,0.010111223458038499
2024-10-22,49500,49950,48950,49500,23614,-0.009009009009009028
2024-10-23,50000,50100,49550,50000,71812,0.010101010101010166
2024-10-24,49450,49700,48800,49050,10003,-0.019000000000000017
2024-10-25,49050,49050,46900,47250,37146,-0.03669724770642202
2024-10-28,47000,47300,46600,47000,23156,-0.005291005291005346
2024-10-29,47400,47400,46150,46750,35133,-0.005319148936170248
2024-10-30,46750,46750,46100,46100,19915,-0.013903743315508033
2024-10-31,46100,46100,44800,44850,40877,-0.027114967462039008
2024-11-01,44850,45700,44650,45650,24212,0.01783723522853964
2024-11-04,45750,47050,45600,46800,18068,0.025191675794085322
2024-11-05,45700,47200,45700,46550,18511,-0.005341880341880323
2024-11-06,46500,46700,46000,46200,22439,-0.007518796992481258
2024-11-07,46200,46450,45200,46350,33179,0.0032467532467532756
2024-11-08,46350,46550,46100,46400,19958,0.0010787486515642097
2024-11-11,46400,46400,44800,45300,32639,-0.023706896551724088
2024-11-12,45000,45400,44050,44300,26015,-0.02207505518763797
2024-11-13,43800,44750,43800,44200,22443,-0.0022573363431150906
2024-11-14,44200,44500,43600,44450,30736,0.005656108597285048
2024-11-15,44300,44500,43050,43350,33240,-0.02474690663667045
2024-11-18,43350,45000,43350,44500,14254,0.026528258362168433
2024-11-19,44500,45100,44500,44800,8082,0.006741573033707926
2024-11-20,45000,45350,44700,45200,41683,0.008928571428571397
2024-11-21,45200,45200,44600,44900,25896,-0.006637168141592875
2024-11-22,44900,45250,44500,45050,25462,0.0033407572383072903
2024-11-25,45100,46000,45100,45600,29060,0.01220865704772467
2024-11-26,45350,45900,45350,45500,13256,-0.002192982456140302
2024-11-27,45550,45650,43950,44250,40495,-0.027472527472527486
2024-11-28,44450,44600,44150,44450,21154,0.004519774011299438
2024-11-29,44200,44600,42950,42950,42823,-0.03374578177727783
2024-12-02,43000,43250,42000,42400,44879,-0.012805587892898762
2024-12-03,42400,42550,42000,42150,51606,-0.005896226415094352
2024-12-04,41650,41650,40850,41250,56414,-0.02135231316725983
2024-12-05,41400,41400,40650,40650,41878,-0.014545454545454528
2024-12-06,40200,41200,39300,40500,59406,-0.0036900369003689537
2024-12-09,39400,40300,38750,38800,71461,-0.041975308641975295
2024-12-10,38850,40400,38850,40400,35812,0.04123711340206193
2024-12-11,40400,41450,40150,41450,29968,0.025990099009900902
2024-12-12,41500,41900,38750,41800,25114,0.008443908323281013
2024-12-13,41700,41900,41450,41750,23629,-0.0011961722488038617
2024-12-16,42250,42250,41550,41900,24402,0.00359281437125758
2024-12-17,41900,41900,41050,41350,9667,-0.013126491646778038
2024-12-18,41650,43600,41500,43500,57655,0.051995163240628806
2024-12-19,42500,43200,42400,42600,28776,-0.020689655172413834
2024-12-20,42650,42700,41250,41250,25183,-0.03169014084507038
2024-12-23,41600,41950,41300,41800,11288,0.01333333333333342
2024-12-24,41700,42100,41650,41900,17516,0.0023923444976077235
2024-12-26,42100,42100,41600,42000,27483,0.0023866348448686736
2024-12-27,41750,41750,41000,41300,23237,-0.01666666666666672
2024-12-30,41100,41400,40850,41200,7195,-0.002421307506053294
2025-01-02,40900,41150,40350,40700,18876,-0.012135922330097082
2025-01-03,40700,42000,40600,41900,23185,0.029484029484029506
2025-01-06,42000,42000,41600,41900,16106,0.0
2025-01-07,42000,42500,41450,41550,62205,-0.00835322195704058
2025-01-08,41550,42200,41350,41700,37648,0.0036101083032491488
2025-01-09,41600,41900,40850,41100,33453,-0.014388489208633115
2025-01-10,40900,41550,40650,41450,27498,0.008515815085158085
2025-01-13,41400,41400,40100,41050,28900,-0.00965018094089265
2025-01-14,40500,41100,40500,40950,7264,-0.0024360535931789995
2025-01-15,40850,41300,40500,40800,21068,-0.00366300366300365
2025-01-16,41050,41250,40500,40700,24659,-0.002450980392156854
2025-01-17,40550,40850,40250,40700,22137,0.0
2025-01-20,40750,40850,40150,40400,20639,-0.0073710073710073765
2025-01-21,40350,40650,40000,40200,27926,-0.004950495049504955
2025-01-22,40200,41600,40200,40850,53229,0.016169154228855787
2025-01-23,40900,40900,39950,40100,57383,-0.01835985312117505
2025-01-24,40150,41400,40050,40400,31166,0.007481296758104827
2025-01-31,40400,41250,40000,40500,14042,0.0024752475247524774
2025-02-03,40100,40200,38200,38450,58828,-0.050617283950617264
2025-02-04,38800,39150,38250,38750,27298,0.007802340702210753
2025-02-05,38750,39200,38600,39100,22311,0.00903225806451613
2025-02-06,39250,39250,38850,38850,23623,-0.006393861892583175
2025-02-07,38900,39000,38350,38650,31964,-0.005148005148005175
2025-02-10,38250,38600,38000,38050,36863,-0.015523932729624823
2025-02-11,38150,38350,37950,38200,18407,0.003942181340341744
2025-02-12,38200,38300,37900,38000,12033,-0.005235602094240788
2025-02-13,38000,38250,38000,38000,11573,0.0
2025-02-14,38300,38550,38000,38450,22341,0.011842105263157876
2025-02-17,38450,38600,38200,38400,20309,-0.0013003901170350884
2025-02-18,38350,38500,38150,38500,18077,0.0026041666666667407
2025-02-19,38500,39600,38500,39400,44865,0.023376623376623273
2025-02-20,39400,39500,39000,39250,29545,-0.0038071065989847552
2025-02-21,39250,39250,38850,39050,12024,-0.005095541401273884
2025-02-24,38950,39350,38900,39050,23980,0.0
2025-02-25,39000,39050,38500,38700,25190,-0.008962868117797673
2025-02-26,38550,38800,38500,38750,10165,0.0012919896640826156
2025-02-27,38800,39150,38650,39100,19138,0.00903225806451613
2025-02-28,38750,38750,37900,38300,24113,-0.020460358056266004
2025-03-04,38200,38300,37900,37900,14433,-0.010443864229765065
2025-03-05,37950,38200,37750,38000,17644,0.0026385224274405594
2025-03-06,38200,38400,37950,38000,16376,0.0
2025-03-07,38000,38100,37800,37900,11186,-0.0026315789473684292
2025-03-10,37900,38100,37700,38100,14654,0.005277044854881341
2025-03-11,37600,38950,37350,38800,64370,0.018372703412073532
2025-03-12,39050,39450,38875,39100,29276,0.0077319587628865705
2025-03-13,39300,39350,38550,38550,12596,-0.014066496163682829
2025-03-14,38600,39000,38350,38750,16678,0.005188067444876765
2025-03-17,39200,39600,38750,38850,35575,0.002580645161290418
2025-03-18,38900,39150,38750,38900,11651,0.0012870012870012104
2025-03-19,38900,39350,38900,39150,27444,0.006426735218509005
2025-03-20,39200,39450,39150,39450,23150,0.00766283524904221
2025-03-21,39700,39950,39350,39950,30069,0.012674271229404344
2025-03-24,40000,40000,39300,39550,28899,-0.010012515644555742
2025-03-25,39850,39950,39500,39800,19491,0.006321112515802696
2025-03-26,39850,40850,39800,40800,37394,0.025125628140703515
2025-03-27,40550,40550,39700,39750,23480,-0.02573529411764708
2025-03-28,39900,39900,38500,38800,25798,-0.023899371069182385
2025-03-31,38400,38400,37500,37800,20657,-0.02577319587628868
2025-04-01,38500,38500,37600,37700,24900,-0.002645502645502673
2025-04-02,37900,37900,37500,37800,12285,0.0026525198938991412
2025-04-03,37300,37300,36200,36250,50309,-0.041005291005291045
2025-04-04,36000,36100,35450,35850,34597,-0.011034482758620734
2025-04-07,35500,35500,33500,33800,33097,-0.057182705718270554
2025-04-08,34300,34500,33150,33300,43879,-0.014792899408283988
2025-04-09,33000,33300,31900,32450,46064,-0.02552552552552556
2025-04-10,34500,34500,33550,34000,27072,0.04776579352850541
2025-04-11,33450,34200,32800,34200,26254,0.00588235294117645
2025-04-14,34450,34900,34275,34550,19788,0.01023391812865504
2025-04-15,34900,35300,34800,35200,21232,0.01881331403762654
2025-04-16,35200,35200,34550,34800,10722,-0.011363636363636354
2025-04-17,34800,34800,34600,34800,5867,0.0
2025-04-18,34800,34900,34500,34850,14457,0.001436781609195359
2025-04-21,34850,35000,34450,34550,12223,-0.008608321377331474
2025-04-22,34500,34700,34350,34650,6007,0.0028943560057888007
2025-04-23,34900,35200,34700,35200,9561,0.015873015873015817
2025-04-24,35500,35500,34650,34900,18340,-0.008522727272727293
2025-04-25,35000,35900,35000,35700,28841,0.022922636103151817
2025-04-28,35800,35900,35000,35300,21575,-0.011204481792717047
2025-04-29,35300,35800,35150,35800,26285,0.014164305949008416
2025-04-30,35800,35800,35000,35500,22284,-0.008379888268156388
2025-05-02,35500,35800,35300,35600,14109,0.0028169014084507005
2025-05-07,35800,36000,34800,34800,29436,-0.022471910112359605
2025-05-08,35000,35150,34750,34850,46623,0.001436781609195359
2025-05-09,35000,35050,34750,34750,16287,-0.0028694404591105283
2025-05-12,35000,35350,34850,35300,49184,0.015827338129496438
2025-05-13,35400,35800,35350,35700,35183,0.011331444759206777
2025-05-14,35750,36250,35150,35750,38281,0.0014005602240896309
2025-05-15,35800,35800,35250,35400,25563,-0.009790209790209836
2025-05-16,35400,35700,35100,35400,33232,0.0
2025-05-19,35400,35400,34650,34900,42967,-0.01412429378531077
2025-05-20,34950,35050,34250,34650,45835,-0.007163323782234943
2025-05-21,34550,34800,34400,34600,24674,-0.0014430014430014682
2025-05-22,34600,34750,34150,34750,39060,0.004335260115607031
2025-05-23,34850,34850,34400,34500,35839,-0.007194244604316502
2025-05-26,34550,35300,34500,35100,19018,0.017391304347825987
2025-05-27,35100,35100,34100,34450,27613,-0.01851851851851849
2025-05-28,34600,35600,34450,35550,39045,0.03193033381712618
2025-05-29,35600,36300,35600,36200,31127,0.0182841068917019
2025-05-30,36200,36450,35750,36450,26020,0.006906077348066253
2025-06-02,36550,36600,36200,36400,29954,-0.00137174211248281
2025-06-04,36400,37400,36400,36900,38537,0.013736263736263687
2025-06-05,37000,37500,36900,37150,39265,0.006775067750677488
2025-06-09,37500,38000,37200,37550,55395,0.010767160161507361
2025-06-10,37600,37900,36950,37300,59460,-0.0066577896138482195
2025-06-11,37450,37650,36800,37550,68040,0.006702412868632601
2025-06-12,38000,38400,37700,37950,74960,0.010652463382157196
2025-06-13,37650,37650,36050,36400,114922,-0.040843214756258184
2025-06-16,36300,36550,35900,36550,53015,0.004120879120879106
2025-06-17,36550,36950,35800,36150,87973,-0.01094391244870041
2025-06-18,36100,37000,36000,36850,46273,0.019363762102351245
2025-06-19,37150,37150,36300,36600,27108,-0.006784260515603768
2025-06-20,36600,37100,36100,36750,46906,0.004098360655737654
2025-06-23,36500,38300,35900,36800,94733,0.0013605442176871652
2025-06-24,37600,38150,37300,37550,87379,0.020380434782608647
2025-06-25,37800,37950,37400,37800,59060,0.0066577896138482195
2025-06-26,37900,38000,37200,37650,67244,-0.003968253968253954
2025-06-27,37700,38000,36400,36700,80412,-0.025232403718459473
2025-06-30,36750,37000,36400,36500,37269,-0.00544959128065392
2025-07-01,36150,37850,36150,37650,90316,0.03150684931506853
