Date,Open,High,Low,Close,Volume,Change
2022-01-03,44600,44700,43250,44650,58635,0.003370786516853963
2022-01-04,44500,45150,43950,45000,41536,0.007838745800671898
2022-01-05,44950,44950,43050,43400,46079,-0.03555555555555556
2022-01-06,42350,43250,42100,42250,39476,-0.026497695852534586
2022-01-07,42100,43050,42100,42600,13606,0.008284023668639007
2022-01-10,43000,43000,41300,41350,37949,-0.02934272300469487
2022-01-11,41400,41750,40400,41200,35829,-0.0036275695284159193
2022-01-12,41500,42200,41350,41700,31264,0.012135922330097193
2022-01-13,41750,42700,41350,42000,37442,0.007194244604316502
2022-01-14,41150,41950,41150,41600,21425,-0.00952380952380949
2022-01-17,41250,42100,40600,40850,35852,-0.018028846153846145
2022-01-18,40650,41450,39700,39750,41389,-0.02692778457772338
2022-01-19,39550,40500,39150,39500,30459,-0.0062893081761006275
2022-01-20,39250,40500,39250,40450,33625,0.02405063291139231
2022-01-21,39850,40550,39350,39700,27057,-0.018541409147095234
2022-01-24,39950,39950,37950,38250,45999,-0.03652392947103278
2022-01-25,38350,38800,36550,36850,59024,-0.036601307189542465
2022-01-26,36150,37200,36150,36650,29358,-0.005427408412483015
2022-01-27,36500,37300,34200,34950,66526,-0.04638472032742158
2022-01-28,34750,37350,34400,37350,40123,0.06866952789699576
2022-02-03,38300,38300,37500,37750,29205,0.010709504685408211
2022-02-04,37700,38300,37200,38300,19593,0.014569536423840956
2022-02-07,38650,38650,37700,38450,17594,0.003916449086161844
2022-02-08,38200,38650,37500,37800,27028,-0.016905071521456483
2022-02-09,37800,38200,37450,37900,13050,0.002645502645502562
2022-02-10,37900,38300,37650,37800,11069,-0.0026385224274406704
2022-02-11,38050,39100,37550,38000,50454,0.005291005291005346
2022-02-14,38000,38000,36000,36400,34132,-0.04210526315789476
2022-02-15,36250,38050,35650,38000,79605,0.04395604395604402
2022-02-16,39500,40600,39300,39550,108933,0.04078947368421049
2022-02-17,39900,40550,38500,39350,70576,-0.005056890012642201
2022-02-18,39200,40700,39200,40500,55932,0.029224904701397714
2022-02-21,39350,40450,39150,40350,49028,-0.0037037037037036535
2022-02-22,39150,39850,38800,39300,46161,-0.026022304832713727
2022-02-23,39300,39750,38900,39300,37434,0.0
2022-02-24,38650,39350,37950,38100,45397,-0.03053435114503822
2022-02-25,38950,39650,38600,39250,36719,0.030183727034120755
2022-02-28,39000,40250,38750,39900,51162,0.016560509554140124
2022-03-02,40000,40850,39750,40250,57662,0.00877192982456143
2022-03-03,40500,40650,39800,40100,45874,-0.003726708074534124
2022-03-04,39950,40150,39200,40100,36004,0.0
2022-03-07,39750,39950,39350,39400,31307,-0.017456359102244412
2022-03-08,38500,39400,38500,38650,25124,-0.019035532994923887
2022-03-10,39600,40100,38900,39000,24542,0.009055627425614388
2022-03-11,39300,39300,38550,38950,19971,-0.0012820512820512775
2022-03-14,38750,38900,37450,37700,41346,-0.03209242618741981
2022-03-15,37700,38250,37550,37700,19028,0.0
2022-03-16,38300,38650,38000,38500,21521,0.021220159151193574
2022-03-17,39250,39900,38850,38850,40758,0.009090909090909038
2022-03-18,39000,39100,38100,38500,40088,-0.009009009009009028
2022-03-21,38700,39700,38500,39350,50106,0.02207792207792214
2022-03-22,39150,39400,38500,39050,23866,-0.007623888182973326
2022-03-23,39300,39500,38750,38850,30113,-0.005121638924455829
2022-03-24,38750,38900,38200,38600,35378,-0.006435006435006385
2022-03-25,38650,39500,38600,39200,46842,0.015544041450777257
2022-03-28,39050,39650,38750,39350,29984,0.003826530612244916
2022-03-29,39750,41450,39350,41150,161103,0.04574332909783996
2022-03-30,41800,41850,40500,41700,105255,0.013365735115431265
2022-03-31,41350,44400,41300,44350,258323,0.06354916067146288
2022-04-01,43850,44200,43050,43050,297890,-0.02931228861330326
2022-04-04,43250,43450,42000,42850,117372,-0.004645760743321681
2022-04-05,42950,44300,42500,43800,127673,0.022170361726954413
2022-04-06,43500,44500,42750,42800,102246,-0.022831050228310557
2022-04-07,43350,44050,43150,43700,171340,0.02102803738317749
2022-04-08,43450,43650,41950,43200,115983,-0.011441647597253968
2022-04-11,42800,43200,40850,40850,158877,-0.05439814814814814
2022-04-12,40250,40700,39700,40250,97513,-0.014687882496939975
2022-04-13,40200,41200,40000,41050,46635,0.019875776397515477
2022-04-14,41000,41200,40050,40050,76716,-0.02436053593179055
2022-04-15,39850,40500,39650,40300,30267,0.006242197253433224
2022-04-18,40000,40750,40000,40250,39558,-0.001240694789081842
2022-04-19,40300,41200,40300,41000,48307,0.01863354037267073
2022-04-20,41050,41100,40600,40800,40087,-0.004878048780487809
2022-04-21,40900,41500,40650,40750,45559,-0.001225490196078427
2022-04-22,40300,40400,39750,40150,44387,-0.014723926380368124
2022-04-25,39400,39650,38350,38350,93591,-0.04483188044831876
2022-04-26,38350,39300,38350,39200,37321,0.022164276401564598
2022-04-27,38000,38450,37800,38400,59211,-0.020408163265306145
2022-04-28,38950,38950,37850,38200,24186,-0.00520833333333337
2022-04-29,38200,39200,38200,39100,25059,0.023560209424083878
2022-05-02,38450,38700,37950,38450,29517,-0.01662404092071612
2022-05-03,38450,38800,38300,38750,26021,0.007802340702210753
2022-05-04,40350,40650,38550,38600,118859,-0.003870967741935516
2022-05-06,37850,39300,37850,38600,32063,0.0
2022-05-09,38550,40050,38500,38600,72179,0.0
2022-05-10,38400,39500,37400,39300,57915,0.0181347150259068
2022-05-11,39300,39950,38850,39700,31279,0.010178117048346147
2022-05-12,39300,40250,38450,38750,62329,-0.023929471032745564
2022-05-13,38700,39000,38200,38600,59363,-0.003870967741935516
2022-05-16,38350,38550,37550,37650,59485,-0.024611398963730546
2022-05-17,37350,38100,36950,37850,39601,0.005312084993359889
2022-05-18,37850,38450,37700,37900,25205,0.0013210039630118242
2022-05-19,37150,37900,36850,37900,31232,0.0
2022-05-20,38100,38250,37750,38000,18077,0.0026385224274405594
2022-05-23,38050,38200,37600,38000,14182,0.0
2022-05-24,38000,38850,37200,37400,22176,-0.015789473684210575
2022-05-25,37850,38000,37100,37150,22350,-0.006684491978609652
2022-05-26,37400,37700,36700,36700,22357,-0.012113055181695809
2022-05-27,37200,37200,36650,36900,120972,0.005449591280654031
2022-05-30,37050,37900,37050,37650,28342,0.020325203252032464
2022-05-31,37600,38000,37200,37950,41074,0.007968127490039834
2022-06-02,37950,38650,37800,38050,29802,0.0026350461133068936
2022-06-03,38300,38350,37600,37650,29632,-0.010512483574244391
2022-06-07,37650,37750,36150,36500,39721,-0.030544488711819362
2022-06-08,36500,37300,36050,36200,36884,-0.008219178082191747
2022-06-09,36100,36250,35400,35800,35902,-0.011049723756906049
2022-06-10,35200,35700,35150,35200,41669,-0.016759776536312887
2022-06-13,34600,34600,31850,32250,105419,-0.08380681818181823
2022-06-14,30750,31800,30550,31550,62427,-0.02170542635658912
2022-06-15,31300,32750,30100,30200,47406,-0.0427892234548336
2022-06-16,30500,31400,29250,29750,229759,-0.01490066225165565
2022-06-17,28650,29250,28200,29150,67557,-0.020168067226890796
2022-06-20,29300,29450,27250,27550,60413,-0.054888507718696355
2022-06-21,27350,28200,27350,28000,35533,0.016333938294010864
2022-06-22,29550,30300,27400,27400,172811,-0.021428571428571463
2022-06-23,27250,28200,26950,27000,86434,-0.014598540145985384
2022-06-24,27000,28400,27000,28200,41854,0.04444444444444451
2022-06-27,28250,29000,28050,28500,39988,0.010638297872340496
2022-06-28,28500,28900,27800,28200,25064,-0.010526315789473717
2022-06-29,27650,28650,27550,28550,26907,0.012411347517730542
2022-06-30,28300,28700,27550,27550,38786,-0.035026269702276736
2022-07-01,28300,28300,27050,27300,35061,-0.00907441016333943
2022-07-04,27100,27500,26100,26600,37838,-0.02564102564102566
2022-07-05,26600,27600,26600,27500,29257,0.03383458646616533
2022-07-06,27150,28350,27100,27350,27298,-0.00545454545454549
2022-07-07,27500,28350,27500,27800,17298,0.01645338208409508
2022-07-08,28000,28450,27850,28000,30371,0.007194244604316502
2022-07-11,28350,28600,27900,28200,19602,0.0071428571428571175
2022-07-12,27650,28100,26300,26750,46920,-0.0514184397163121
2022-07-13,26750,27250,26150,27200,30863,0.016822429906542036
2022-07-14,26800,27550,26600,27150,22596,-0.0018382352941176405
2022-07-15,27300,28350,26900,27850,28352,0.025782688766114115
2022-07-18,28400,28600,28050,28300,34353,0.016157989228007263
2022-07-19,28050,28400,27900,28000,35772,-0.010600706713780883
2022-07-20,28600,28600,28150,28600,52818,0.021428571428571352
2022-07-21,28800,29900,28650,28950,51485,0.012237762237762295
2022-07-22,29150,30800,28450,30000,100425,0.03626943005181338
2022-07-25,29900,30250,29600,29700,40432,-0.010000000000000009
2022-07-26,29800,29900,29000,29200,39729,-0.01683501683501687
2022-07-27,29200,30350,29050,29950,36447,0.02568493150684925
2022-07-28,30450,30450,29850,29950,34664,0.0
2022-07-29,30250,30450,29850,30000,26553,0.0016694490818029983
2022-08-01,30150,30300,29800,30100,23804,0.0033333333333334103
2022-08-02,30100,30200,29300,29400,32149,-0.023255813953488413
2022-08-03,29350,29800,29100,29650,14713,0.008503401360544283
2022-08-04,29900,30650,29850,30550,60368,0.030354131534569895
2022-08-05,30800,30800,30150,30550,34017,0.0
2022-08-08,30600,30600,28400,29650,41775,-0.029459901800327315
2022-08-09,29300,29950,29250,29950,19955,0.010118043844856706
2022-08-10,29450,29850,29000,29100,24801,-0.028380634390651083
2022-08-11,29400,30000,29350,29700,23031,0.020618556701030855
2022-08-12,29850,30200,29700,29700,31735,0.0
2022-08-16,30150,30650,29850,30550,71351,0.028619528619528545
2022-08-17,30300,30850,29800,30050,42654,-0.016366612111292977
2022-08-18,30000,30250,29450,29950,24039,-0.0033277870216306127
2022-08-19,30050,31300,29850,30050,78061,0.0033388981636059967
2022-08-22,29350,29750,28850,28900,44001,-0.038269550748752046
2022-08-23,28450,28950,28150,28250,28959,-0.02249134948096887
2022-08-24,28150,28900,28000,28350,20827,0.003539823008849474
2022-08-25,28500,30950,28450,30800,111993,0.08641975308641969
2022-08-26,30900,30950,30000,30100,38544,-0.022727272727272707
2022-08-29,28700,29100,28500,28650,68437,-0.048172757475083094
2022-08-30,28800,29300,28400,29150,30782,0.017452006980802848
2022-08-31,28850,30400,28800,30350,44001,0.04116638078902235
2022-09-01,30300,32200,29750,31500,182507,0.03789126853377267
2022-09-02,32250,32400,31550,31750,114979,0.007936507936507908
2022-09-05,32100,32300,30100,30100,90427,-0.051968503937007915
2022-09-06,30200,31850,30200,31300,69069,0.039867109634551534
2022-09-07,31250,31550,30500,30950,49237,-0.011182108626198062
2022-09-08,31300,31600,30500,31300,44782,0.011308562197092087
2022-09-13,32000,32000,31200,31700,50170,0.012779552715654896
2022-09-14,30600,30850,30150,30700,47486,-0.03154574132492116
2022-09-15,30850,31700,30250,30600,44145,-0.0032573289902280145
2022-09-16,30500,30650,29300,29700,52004,-0.02941176470588236
2022-09-19,29450,29950,28750,28800,40657,-0.030303030303030276
2022-09-20,28900,29350,28700,28800,14336,0.0
2022-09-21,28300,28700,28100,28650,26071,-0.00520833333333337
2022-09-22,28000,29150,27200,29150,61824,0.017452006980802848
2022-09-23,28650,29200,28150,28450,22285,-0.02401372212692965
2022-09-26,28300,28300,26200,26200,51524,-0.07908611599297011
2022-09-27,26100,26750,25800,26200,42190,0.0
2022-09-28,25900,26300,24300,24700,67318,-0.057251908396946605
2022-09-29,25450,25700,23900,23900,40170,-0.03238866396761131
2022-09-30,23200,23700,22900,23500,42945,-0.01673640167364021
2022-10-04,23900,24400,23500,24300,29400,0.03404255319148941
2022-10-05,24850,24850,23450,23700,34866,-0.024691358024691357
2022-10-06,23950,25350,23950,25200,33124,0.06329113924050622
2022-10-07,24600,27750,24600,27000,95080,0.0714285714285714
2022-10-11,26000,26400,24900,25400,57047,-0.059259259259259234
2022-10-12,26800,27500,26300,26650,97965,0.04921259842519676
2022-10-13,26300,27050,25500,26000,51744,-0.024390243902439046
2022-10-14,26750,27550,26450,27150,59510,0.044230769230769296
2022-10-17,26550,28400,26300,28200,46430,0.03867403314917128
2022-10-18,28850,29200,28500,28650,38134,0.015957446808510634
2022-10-19,28750,29550,28100,28850,38168,0.00698080279232105
2022-10-20,28850,29050,27650,27900,31776,-0.032928942807625705
2022-10-21,27600,28000,26900,27400,21984,-0.017921146953404965
2022-10-24,27800,28300,27550,27650,17547,0.009124087591240837
2022-10-25,28050,28150,27450,27600,19531,-0.001808318264014508
2022-10-26,27750,28050,27100,27150,11657,-0.016304347826086918
2022-10-27,27150,27950,27050,27600,9250,0.016574585635359185
2022-10-28,27600,28100,27450,27600,18980,0.0
2022-10-31,27800,27900,27300,27500,25992,-0.0036231884057971175
2022-11-01,27200,27950,27200,27900,18415,0.014545454545454639
2022-11-02,27900,28450,27300,28050,17427,0.005376344086021501
2022-11-03,27350,28100,27350,28000,12888,-0.0017825311942959443
2022-11-04,28000,28900,28000,28300,29998,0.010714285714285676
2022-11-07,28850,29150,28500,28800,20863,0.0176678445229681
2022-11-08,28950,29300,28550,28900,22256,0.003472222222222321
2022-11-09,29050,29500,28400,28450,76407,-0.01557093425605538
2022-11-10,28450,28450,26700,27000,83266,-0.05096660808435849
2022-11-11,27700,28150,27550,27950,93745,0.03518518518518521
2022-11-14,28000,28200,27400,27700,1476469,-0.008944543828264706
2022-11-15,28750,29900,27950,29900,215992,0.07942238267148016
2022-11-16,30300,30300,29150,29400,90806,-0.01672240802675584
2022-11-17,29400,29400,28300,28850,51142,-0.018707482993197244
2022-11-18,28850,29400,28500,28500,45154,-0.012131715771230511
2022-11-21,28800,30750,28250,30300,189165,0.06315789473684208
2022-11-22,30300,30300,29000,29900,87335,-0.01320132013201325
2022-11-23,30100,30100,29550,29700,43043,-0.006688963210702337
2022-11-24,29950,31300,29600,30900,117109,0.04040404040404044
2022-11-25,31000,31600,30650,31050,85882,0.004854368932038833
2022-11-28,31500,31600,30050,30200,73681,-0.027375201288244777
2022-11-29,30050,30650,30050,30500,21332,0.009933774834437026
2022-11-30,30250,30650,30000,30250,35644,-0.008196721311475419
2022-12-01,30750,30800,30000,30100,46966,-0.0049586776859503745
2022-12-02,29850,30100,29600,29950,22830,-0.004983388704318914
2022-12-05,30200,31000,29950,30300,64042,0.011686143572620988
2022-12-06,29900,29900,28950,29800,50714,-0.01650165016501648
2022-12-07,29450,29950,29200,29700,15910,-0.003355704697986628
2022-12-08,29750,30950,29750,30550,78010,0.028619528619528545
2022-12-09,30900,34100,30650,33700,419915,0.10310965630114577
2022-12-12,34300,34300,32300,32450,176482,-0.0370919881305638
2022-12-13,32550,33050,31300,32700,120476,0.007704160246533087
2022-12-14,32700,33500,31950,33000,90029,0.00917431192660545
2022-12-15,32900,34300,32600,33950,123785,0.028787878787878807
2022-12-16,33300,35750,33300,34750,227456,0.02356406480117812
2022-12-19,34800,35600,34000,35250,88899,0.014388489208633004
2022-12-20,35200,35200,33150,33650,112191,-0.04539007092198577
2022-12-21,34000,34200,32800,32850,73238,-0.02377414561664193
2022-12-22,35000,35200,33650,33950,229629,0.03348554033485551
2022-12-23,33250,34450,33000,33800,126682,-0.004418262150220897
2022-12-26,33900,34900,33450,34300,97007,0.014792899408283988
2022-12-27,34350,34900,34150,34550,73493,0.007288629737609353
2022-12-28,34550,35300,34300,34550,79132,0.0
2022-12-29,34200,34600,33400,34000,60065,-0.01591895803183796
2023-01-02,34400,34850,32900,33700,86612,-0.008823529411764675
2023-01-03,33850,35100,33700,35100,140775,0.041543026706231556
2023-01-04,35350,35500,34300,34450,105992,-0.01851851851851849
2023-01-05,34600,34800,32550,32550,115238,-0.055152394775036306
2023-01-06,32300,33100,31250,31900,118191,-0.019969278033794113
2023-01-09,32100,32650,31950,32150,42362,0.00783699059561127
2023-01-10,32150,32700,32000,32550,31949,0.012441679626749691
2023-01-11,32700,33500,32650,33200,54070,0.019969278033794113
2023-01-12,33550,33550,32550,33150,40929,-0.001506024096385561
2023-01-13,33250,33250,32700,33150,34008,0.0
2023-01-16,33150,33350,33000,33200,23214,0.0015082956259426794
2023-01-17,33150,33200,32100,32300,49151,-0.027108433734939763
2023-01-18,32100,32550,31600,32350,32320,0.001547987616099089
2023-01-19,32250,32450,31700,32200,23527,-0.004636785162287493
2023-01-20,32200,33100,32100,33100,38709,0.02795031055900621
2023-01-25,33400,33700,32450,32800,56807,-0.009063444108761365
2023-01-26,33400,34150,32800,33100,110078,0.009146341463414531
2023-01-27,33150,34600,32900,34250,103919,0.03474320241691853
2023-01-30,34700,34700,33550,33700,50885,-0.016058394160583966
2023-01-31,33450,33700,32750,32950,45422,-0.022255192878338326
2023-02-01,33200,33700,32850,33550,41945,0.018209408194233667
2023-02-02,33900,34200,33450,34200,75759,0.019374068554396384
2023-02-03,34200,34300,33700,34000,46522,-0.005847953216374324
2023-02-06,34300,34550,33650,33850,61351,-0.004411764705882337
2023-02-07,34250,34400,33850,34250,37339,0.011816838995568624
2023-02-08,34300,34650,34100,34600,48782,0.010218978102189746
2023-02-09,34600,34850,34250,34600,43966,0.0
2023-02-10,34450,34450,32800,33000,97507,-0.046242774566473965
2023-02-13,33100,33150,32400,33050,29813,0.0015151515151514694
2023-02-14,32800,33200,31400,31400,190086,-0.04992435703479581
2023-02-15,31450,31450,30550,30650,92231,-0.023885350318471388
2023-02-16,30800,31650,30800,31500,57276,0.027732463295269127
2023-02-17,31200,31650,31000,31100,25142,-0.012698412698412653
2023-02-20,31500,31550,31050,31350,22097,0.008038585209003246
2023-02-21,31450,31600,30800,30900,35865,-0.014354066985645897
2023-02-22,30600,30650,30050,30100,43663,-0.02588996763754048
2023-02-23,30150,30450,30100,30300,23202,0.006644518272425293
2023-02-24,30300,30500,29850,29850,31162,-0.014851485148514865
2023-02-27,29450,30350,29400,30000,30877,0.005025125628140614
2023-02-28,30300,30400,29800,30050,25450,0.0016666666666667052
2023-03-02,30050,30150,29400,29450,47374,-0.019966722129783676
2023-03-03,29500,30000,29350,29750,34209,0.01018675721561979
2023-03-06,29850,30800,29850,30750,53713,0.03361344537815136
2023-03-07,30750,30750,30200,30500,23181,-0.008130081300813052
2023-03-08,30150,30400,29700,29850,32215,-0.021311475409836023
2023-03-09,30050,30050,28650,28950,55848,-0.03015075376884424
2023-03-10,28900,28900,27900,28300,45824,-0.022452504317789335
2023-03-13,27750,28350,27150,28300,34150,0.0
2023-03-14,27900,28200,26700,26850,48339,-0.051236749116607805
2023-03-15,27050,27500,26650,26700,50172,-0.005586592178770999
2023-03-16,26300,26800,25700,26250,54859,-0.016853932584269704
2023-03-17,26900,27350,26700,27350,63303,0.04190476190476189
2023-03-20,27400,27650,27000,27150,23386,-0.007312614259597838
2023-03-21,27100,27500,26700,26850,29031,-0.011049723756906049
2023-03-22,26900,27100,26650,26850,27554,0.0
2023-03-23,26500,26750,26000,26300,33523,-0.020484171322160183
2023-03-24,26350,27500,26300,27450,41584,0.04372623574144496
2023-03-27,27850,27850,26950,27500,34350,0.0018214936247722413
2023-03-28,27500,28700,27300,28400,64705,0.032727272727272716
2023-03-29,28550,28550,27900,28250,28295,-0.005281690140845119
2023-03-30,28600,28600,28100,28300,35900,0.001769911504424737
2023-03-31,28550,28750,28100,28500,33161,0.007067137809187329
2023-04-03,28500,28600,28000,28250,36347,-0.00877192982456143
2023-04-04,28250,28750,28100,28150,31931,-0.0035398230088495852
2023-04-05,28150,28750,28050,28550,33193,0.014209591474245054
2023-04-06,28550,28550,27650,27750,34048,-0.028021015761821366
2023-04-07,27850,28100,27650,28000,31009,0.009009009009008917
2023-04-10,28150,28150,27000,27250,39156,-0.0267857142857143
2023-04-11,27050,27700,26850,27450,29585,0.007339449541284404
2023-04-12,27450,28100,27000,28050,39421,0.021857923497267784
2023-04-13,28050,28150,27550,28050,30273,0.0
2023-04-14,28050,28600,28050,28500,40432,0.016042780748663166
2023-04-17,28250,28700,28000,28350,29432,-0.0052631578947368585
2023-04-18,28350,28750,28250,28550,38094,0.007054673721340388
2023-04-19,28750,28750,28050,28550,38151,0.0
2023-04-20,29300,29550,28450,28500,122816,-0.0017513134851138146
2023-04-21,28600,28600,27900,28100,43543,-0.01403508771929829
2023-04-24,28100,28150,27550,27750,26256,-0.01245551601423489
2023-04-25,28100,28250,26950,27200,46456,-0.01981981981981984
2023-04-26,27100,28450,27000,27900,47927,0.025735294117646967
2023-04-27,27900,27900,27150,27300,28923,-0.021505376344086002
2023-04-28,27400,27550,27000,27100,28142,-0.0073260073260073
2023-05-02,27350,27700,27200,27500,20826,0.014760147601476037
2023-05-03,27400,27750,27300,27400,22610,-0.0036363636363636598
2023-05-04,27450,27500,27150,27350,13113,-0.0018248175182481452
2023-05-08,27200,27550,27200,27250,20321,-0.003656307129798919
2023-05-09,27250,27250,26600,27000,28024,-0.00917431192660545
2023-05-10,27000,27150,26750,27000,21574,0.0
2023-05-11,27000,27450,26850,26950,10724,-0.0018518518518518823
2023-05-12,27500,27850,27150,27800,52042,0.03153988868274582
2023-05-15,27550,27650,27000,27450,25114,-0.01258992805755399
2023-05-16,27500,27500,27000,27000,30795,-0.016393442622950838
2023-05-17,26950,27300,26850,27200,15794,0.007407407407407307
2023-05-18,27300,27550,27000,27550,24398,0.012867647058823595
2023-05-19,27550,28100,27500,28000,28933,0.016333938294010864
2023-05-22,28050,28200,27750,28000,19819,0.0
2023-05-23,28000,28200,27450,27700,34069,-0.010714285714285676
2023-05-24,27600,27850,27450,27600,17431,-0.0036101083032491488
2023-05-25,27450,27800,27300,27350,15853,-0.009057971014492794
2023-05-26,27250,27650,27100,27200,18995,-0.005484460694698323
2023-05-30,27400,27800,27300,27700,21206,0.018382352941176405
2023-05-31,27800,28050,27550,27750,23540,0.0018050541516245744
2023-06-01,27700,27700,27200,27550,18922,-0.007207207207207245
2023-06-02,27550,27600,27150,27250,26810,-0.010889292196007205
2023-06-05,27300,27500,27200,27350,14607,0.003669724770642091
2023-06-07,27350,28900,27350,28500,106308,0.042047531992687404
2023-06-08,28500,28500,28000,28300,25779,-0.007017543859649145
2023-06-09,28300,28350,27950,28000,24744,-0.010600706713780883
2023-06-12,28000,28400,27950,28000,23946,0.0
2023-06-13,28050,28400,27950,28150,17428,0.005357142857142838
2023-06-14,28200,28300,27250,27450,36010,-0.0248667850799289
2023-06-15,27500,27650,27000,27300,36170,-0.005464480874316946
2023-06-16,27300,27750,27150,27500,15693,0.0073260073260073
2023-06-19,27700,27800,27400,27700,20754,0.0072727272727273196
2023-06-20,27650,28050,27550,27750,16182,0.0018050541516245744
2023-06-21,27600,27950,27100,27250,31494,-0.018018018018018056
2023-06-22,27150,27350,26750,26850,27770,-0.014678899082568808
2023-06-23,26950,27100,26550,26550,30392,-0.011173184357541888
2023-06-26,26550,26550,26050,26150,40362,-0.015065913370998163
2023-06-27,26650,28150,26650,27250,126246,0.042065009560229516
2023-06-28,27450,27450,26650,26950,43694,-0.011009174311926606
2023-06-29,26850,27800,26650,27600,44056,0.024118738404452778
2023-06-30,27600,28300,26800,27750,52442,0.005434782608695565
2023-07-03,28100,28100,27500,27500,29172,-0.009009009009009028
2023-07-04,27350,27700,26900,27000,23440,-0.018181818181818188
2023-07-05,27200,27900,26600,26900,55369,-0.0037037037037036535
2023-07-06,26700,26850,26050,26250,44550,-0.024163568773234223
2023-07-07,26050,26350,25300,25500,52410,-0.02857142857142858
2023-07-10,25300,25650,25100,25200,32449,-0.0117647058823529
2023-07-11,25200,25700,25200,25650,19618,0.017857142857142794
2023-07-12,25800,25800,25350,25800,19463,0.005847953216374213
2023-07-13,26100,26300,25900,26000,22143,0.007751937984496138
2023-07-14,26000,26100,25400,25600,43802,-0.01538461538461533
2023-07-17,25850,25850,25300,25600,31989,0.0
2023-07-18,25650,25800,25050,25100,35955,-0.01953125
2023-07-19,25300,25300,24400,24700,43677,-0.015936254980079667
2023-07-20,24700,24700,24200,24500,35466,-0.0080971659919028
2023-07-21,24300,24500,24050,24400,18907,-0.004081632653061273
2023-07-24,24000,24000,21800,22350,214778,-0.0840163934426229
2023-07-25,22000,22400,21500,21600,69544,-0.03355704697986572
2023-07-26,21350,21900,20850,21100,76538,-0.02314814814814814
2023-07-27,21200,21700,21200,21550,41661,0.021327014218009532
2023-07-28,21650,22550,21500,22450,29117,0.0417633410672853
2023-07-31,22650,22700,22200,22400,18128,-0.00222717149220486
2023-08-01,22250,22750,22200,22550,18077,0.006696428571428603
2023-08-02,22550,23100,22300,22650,37658,0.0044345898004434225
2023-08-03,22200,22500,21950,22400,13621,-0.01103752759381893
2023-08-04,22400,22800,22200,22700,14648,0.013392857142857206
2023-08-07,22500,22700,22200,22500,16153,-0.008810572687224627
2023-08-08,22550,22700,21950,22000,25294,-0.022222222222222254
2023-08-09,22200,22350,21950,22200,12917,0.009090909090909038
2023-08-10,22150,22300,21850,22250,13178,0.0022522522522523403
2023-08-11,22200,22750,22100,22650,15350,0.01797752808988773
2023-08-14,22550,22650,21850,22100,21674,-0.02428256070640178
2023-08-16,21800,22100,21200,21350,29618,-0.0339366515837104
2023-08-17,21050,22500,20800,22000,33685,0.030444964871194413
2023-08-18,21700,21950,21450,21750,11269,-0.011363636363636354
2023-08-21,21750,22350,21150,22250,21607,0.02298850574712641
2023-08-22,22100,22350,21900,22050,16005,-0.008988764044943864
2023-08-23,22400,23250,21800,22800,59513,0.03401360544217691
2023-08-24,23300,23300,22650,22750,21142,-0.002192982456140302
2023-08-25,22500,23250,22450,22650,24931,-0.00439560439560438
2023-08-28,22500,22900,22450,22750,19873,0.004415011037527616
2023-08-29,22600,23450,22600,23200,35170,0.01978021978021971
2023-08-30,23450,23500,23150,23400,22950,0.008620689655172376
2023-08-31,23350,23500,23100,23150,17576,-0.010683760683760646
2023-09-01,23050,24050,23050,23700,49901,0.023758099352051865
2023-09-04,23700,23700,23200,23500,19591,-0.008438818565400852
2023-09-05,23550,23700,23100,23350,28907,-0.006382978723404209
2023-09-06,23200,23250,22600,22800,38120,-0.023554603854389677
2023-09-07,22850,22850,22200,22500,27169,-0.013157894736842146
2023-09-08,22500,22700,22250,22450,22276,-0.0022222222222222365
2023-09-11,22300,22800,22200,22400,19057,-0.00222717149220486
2023-09-12,22750,23650,22750,23000,58133,0.02678571428571419
2023-09-13,23500,24900,23150,24350,185457,0.05869565217391304
2023-09-14,25250,25250,23650,24000,152072,-0.014373716632443578
2023-09-15,23950,25250,23750,24650,113887,0.027083333333333348
2023-09-18,24500,25300,24350,24600,76832,-0.0020283975659228792
2023-09-19,25000,26750,24650,26400,325694,0.07317073170731714
2023-09-20,26500,28100,25700,26200,383154,-0.007575757575757569
2023-09-21,25800,26150,24550,24700,135153,-0.057251908396946605
2023-09-22,24850,25300,24150,24700,76158,0.0
2023-09-25,24450,25600,24200,24450,80171,-0.010121457489878583
2023-09-26,24450,24650,23350,23500,66493,-0.03885480572597133
2023-09-27,23000,23950,23000,23950,34809,0.01914893617021285
2023-10-04,23700,23700,22650,22700,37526,-0.05219206680584554
2023-10-05,22800,23150,22500,22750,34719,0.0022026431718060735
2023-10-06,22500,23000,22500,22800,14722,0.00219780219780219
2023-10-10,22600,23050,22250,22400,28833,-0.01754385964912286
2023-10-11,22700,23200,22200,22750,26727,0.015625
2023-10-12,22750,23050,22500,22550,36935,-0.00879120879120876
2023-10-13,22700,22700,22100,22550,31829,0.0
2023-10-16,22150,22600,22000,22200,31153,-0.01552106430155209
2023-10-17,22200,22600,22200,22400,13281,0.009009009009008917
2023-10-18,22600,22800,22100,22550,37937,0.006696428571428603
2023-10-19,22250,22500,21900,21950,31230,-0.026607538802660757
2023-10-20,21900,22000,21150,21500,40528,-0.02050113895216399
2023-10-23,21250,21800,20950,21000,23158,-0.023255813953488413
2023-10-24,21050,21550,20650,21500,20448,0.023809523809523725
2023-10-25,21600,21850,21250,21600,18370,0.0046511627906977715
2023-10-26,21400,22450,21350,21700,54470,0.004629629629629539
2023-10-27,21800,22250,21300,21750,22104,0.0023041474654377225
2023-10-30,21750,22050,21650,21950,12040,0.009195402298850519
2023-10-31,21850,22450,21700,21800,15713,-0.006833712984054663
2023-11-01,21900,22500,21800,22400,20484,0.02752293577981657
2023-11-02,22600,23300,22400,23150,26167,0.033482142857142794
2023-11-03,23000,23450,22750,23250,23895,0.004319654427645814
2023-11-06,23450,23450,23050,23400,29962,0.006451612903225712
2023-11-07,23200,23500,23000,23300,14844,-0.004273504273504258
2023-11-08,23300,23400,23000,23200,10296,-0.0042918454935622075
2023-11-09,23200,23700,22700,23200,10248,0.0
2023-11-10,23200,23200,22700,23000,10009,-0.008620689655172376
2023-11-13,23000,23600,23000,23250,29887,0.010869565217391353
2023-11-14,23150,24750,23150,24450,86251,0.05161290322580636
2023-11-15,24350,24650,24100,24450,29869,0.0
2023-11-16,24450,24950,24450,24900,18138,0.018404907975460016
2023-11-17,24600,25000,24400,24800,19422,-0.004016064257028162
2023-11-20,24750,24850,24200,24500,24422,-0.012096774193548376
2023-11-21,24500,24800,24250,24700,18969,0.008163265306122547
2023-11-22,25250,25650,24500,24750,50669,0.002024291497975783
2023-11-23,24750,24850,24350,24550,21135,-0.008080808080808133
2023-11-24,24850,24850,24400,24750,17741,0.008146639511201537
2023-11-27,25000,25900,25000,25400,93048,0.02626262626262621
2023-11-28,25700,25700,24950,25500,27449,0.003937007874015741
2023-11-29,25800,25800,25000,25150,26681,-0.013725490196078383
2023-11-30,25000,25300,24700,24950,26791,-0.007952286282306154
2023-12-01,24950,25150,24550,25000,19297,0.002004008016031955
2023-12-04,25250,25250,24600,24950,25218,-0.0020000000000000018
2023-12-05,24750,25100,24550,24700,21700,-0.01002004008016033
2023-12-06,24700,25100,24400,24550,25232,-0.006072874493927127
2023-12-07,25600,26650,25350,26150,253741,0.06517311608961296
2023-12-08,26300,26450,25800,26250,93994,0.003824091778202643
2023-12-11,26900,27200,26250,26600,132770,0.01333333333333342
2023-12-12,26850,27500,26150,27200,115420,0.022556390977443552
2023-12-13,27150,27500,26900,27150,57650,-0.0018382352941176405
2023-12-14,27200,27300,26450,26700,81510,-0.016574585635359074
2023-12-15,26650,26900,26050,26350,81495,-0.01310861423220977
2023-12-18,26900,27150,26550,26600,47998,0.009487666034155628
2023-12-19,26600,26700,26150,26150,27527,-0.016917293233082664
2023-12-20,26350,26650,26000,26300,33808,0.005736137667303964
2023-12-21,26200,26800,26000,26300,54878,0.0
2023-12-22,26350,26850,26100,26500,39683,0.0076045627376426506
2023-12-26,26600,26900,26300,26500,49957,0.0
2023-12-27,26300,26700,25700,26300,60827,-0.007547169811320753
2023-12-28,26300,26450,26000,26400,26719,0.0038022813688212143
2024-01-02,26500,27000,26350,26850,35115,0.017045454545454586
2024-01-03,26850,26850,26200,26300,38453,-0.020484171322160183
2024-01-04,26350,26350,25800,25850,40688,-0.017110266159695797
2024-01-05,26150,26150,25800,25900,31468,0.0019342359767891004
2024-01-08,26200,26450,25850,26150,27676,0.009652509652509744
2024-01-09,26450,26600,26200,26300,27038,0.005736137667303964
2024-01-10,26300,27050,26100,26950,51771,0.024714828897338448
2024-01-11,27150,28900,26950,28800,356524,0.06864564007421148
2024-01-12,29450,29750,28050,28600,220743,-0.00694444444444442
2024-01-15,28750,31450,28500,30900,560121,0.08041958041958042
2024-01-16,31350,32450,30000,31400,431702,0.016181229773462702
2024-01-17,31300,31650,30300,30500,202153,-0.0286624203821656
2024-01-18,30950,31250,29850,30100,180069,-0.013114754098360604
2024-01-19,30150,30900,28800,29200,204477,-0.029900332225913595
2024-01-22,28900,30550,28900,30350,155124,0.03938356164383561
2024-01-23,30150,30200,29150,29400,81972,-0.03130148270181221
2024-01-24,29400,29800,28500,29100,72462,-0.010204081632653073
2024-01-25,28900,29700,28350,28350,76329,-0.02577319587628868
2024-01-26,28900,30950,28850,30000,221662,0.05820105820105814
2024-01-29,30200,30950,29600,30400,118849,0.01333333333333342
2024-01-30,30400,30650,29350,29450,79705,-0.03125
2024-01-31,29550,29800,29200,29350,47522,-0.00339558573853993
2024-02-01,29850,31100,29200,29450,230792,0.0034071550255536653
2024-02-02,29900,30550,29650,30050,87416,0.02037351443123936
2024-02-05,29800,30050,27800,27800,184214,-0.0748752079866889
2024-02-06,28000,28000,27050,27300,89679,-0.017985611510791366
2024-02-07,27300,27500,26850,27100,81533,-0.0073260073260073
2024-02-08,27300,27550,27100,27350,38841,0.009225092250922495
2024-02-13,27400,27800,26850,27700,71355,0.01279707495429605
2024-02-14,27750,28500,27450,28200,70763,0.018050541516245522
2024-02-15,28700,28750,27700,27850,47937,-0.012411347517730542
2024-02-16,28000,28200,27350,27700,47634,-0.0053859964093356805
2024-02-19,28400,29400,28150,29150,125241,0.05234657039711199
2024-02-20,29600,29600,28400,28600,61543,-0.018867924528301883
2024-02-21,28300,29050,28150,28750,44883,0.005244755244755206
2024-02-22,29050,29050,28500,29000,47171,0.008695652173912993
2024-02-23,29050,29100,27950,28250,74346,-0.025862068965517238
2024-02-26,28050,28550,27900,28300,41907,0.001769911504424737
2024-02-27,28800,29050,27600,27650,72521,-0.02296819787985871
2024-02-28,27700,28000,26700,26800,76216,-0.030741410488245968
2024-02-29,26750,26900,26150,26400,54108,-0.014925373134328401
2024-03-04,26300,26750,25750,26000,74888,-0.015151515151515138
2024-03-05,26000,26150,25600,26050,42588,0.0019230769230769162
2024-03-06,26000,26400,25800,26300,34521,0.009596928982725572
2024-03-07,26500,26500,25300,25400,79124,-0.034220532319391594
2024-03-08,25450,25800,25300,25350,38408,-0.0019685039370078705
2024-03-11,25500,26200,25000,26100,66642,0.029585798816567976
2024-03-12,26200,26550,25750,26450,42967,0.013409961685823646
2024-03-13,26300,26600,26250,26400,22625,-0.001890359168241984
2024-03-14,26650,26650,26200,26400,25881,0.0
2024-03-15,26400,26700,26050,26550,33757,0.005681818181818121
2024-03-18,26550,26550,26150,26400,20340,-0.005649717514124242
2024-03-19,26350,26500,26150,26400,18705,0.0
2024-03-20,26400,26650,26250,26550,30582,0.005681818181818121
2024-03-21,27450,28950,27200,28950,244380,0.09039548022598876
2024-03-22,29050,29600,28650,29100,168485,0.005181347150259086
2024-03-25,29100,29500,28700,29150,52303,0.0017182130584192379
2024-03-26,29250,29650,28850,29100,72218,-0.0017152658662092923
2024-03-27,29200,30000,28850,29300,130774,0.0068728522336769515
2024-03-28,29600,30350,29000,30000,133172,0.023890784982935065
2024-03-29,30000,30100,29450,29500,57960,-0.01666666666666672
2024-04-01,29500,29800,29100,29650,49219,0.005084745762711895
2024-04-02,29500,29900,28800,29250,72623,-0.013490725126475533
2024-04-03,29450,29450,28650,28850,66732,-0.013675213675213627
2024-04-04,28850,29150,28700,28900,34906,0.0017331022530329143
2024-04-05,28600,28700,28250,28450,49821,-0.01557093425605538
2024-04-08,28450,28800,28050,28500,33849,0.0017574692442883233
2024-04-09,28750,29500,28350,29500,82529,0.03508771929824572
2024-04-11,29350,30300,29200,29650,108978,0.005084745762711895
2024-04-12,29850,29850,28650,28850,79124,-0.026981450252951067
2024-04-15,28450,28550,27500,28050,63257,-0.02772963604852685
2024-04-16,27500,27950,27250,27650,50396,-0.014260249554367221
2024-04-17,27650,28150,27300,27350,36616,-0.010849909584086825
2024-04-18,27200,27900,27200,27700,39897,0.01279707495429605
2024-04-19,27600,27600,26600,26900,45098,-0.028880866425992746
2024-04-22,27000,27650,27000,27600,21877,0.026022304832713727
2024-04-23,26900,27150,25500,25500,227563,-0.07608695652173914
2024-04-24,25550,25700,25150,25500,93579,0.0
2024-04-25,25400,25900,25200,25650,38582,0.00588235294117645
2024-04-26,25600,26150,25000,25650,63779,0.0
2024-04-29,25650,25950,25150,25800,43551,0.005847953216374213
2024-04-30,25800,25950,25500,25650,36634,-0.005813953488372103
2024-05-02,25500,26800,25450,26750,77813,0.042884990253411415
2024-05-03,26900,26950,26200,26400,33578,-0.013084112149532756
2024-05-07,26700,26700,25800,26100,36904,-0.011363636363636354
2024-05-08,26100,26300,25850,26050,30170,-0.0019157088122605526
2024-05-09,26000,26300,25950,26050,28424,0.0
2024-05-10,26100,26150,25400,25450,65419,-0.02303262955854124
2024-05-13,25300,25500,25050,25250,31411,-0.007858546168958758
2024-05-14,25350,25650,25250,25500,17541,0.00990099009900991
2024-05-16,25600,25850,25100,25800,59446,0.0117647058823529
2024-05-17,25700,26050,25350,25500,34619,-0.011627906976744207
2024-05-20,25500,25600,25100,25150,49964,-0.013725490196078383
2024-05-21,25100,25300,25100,25200,21356,0.001988071570576455
2024-05-22,25200,25650,25050,25150,29703,-0.001984126984126977
2024-05-23,25100,25250,24250,24350,72869,-0.031809145129224614
2024-05-24,24450,24450,23800,24000,39272,-0.014373716632443578
2024-05-27,24050,24050,23450,23900,45740,-0.004166666666666652
2024-05-28,23950,24100,23600,24000,24183,0.004184100418409997
2024-05-29,23850,23850,23500,23700,18849,-0.012499999999999956
2024-05-30,23850,23900,23500,23700,13843,0.0
2024-05-31,23600,23850,23550,23750,13457,0.0021097046413502962
2024-06-03,23800,24600,23650,24400,28344,0.027368421052631486
2024-06-04,24500,24700,24000,24450,18282,0.002049180327868827
2024-06-05,24450,24450,24100,24200,15275,-0.010224948875255602
2024-06-07,24600,24600,24000,24100,14224,-0.004132231404958664
2024-06-10,23750,24100,23750,23950,26955,-0.006224066390041472
2024-06-11,23950,23950,23600,23650,24726,-0.012526096033402934
2024-06-12,23650,23800,23550,23550,10652,-0.0042283298097252064
2024-06-13,23550,23700,23250,23350,19346,-0.00849256900212314
2024-06-14,23300,23500,22750,22850,37815,-0.021413276231263434
2024-06-17,22900,23200,22300,22650,36694,-0.008752735229759279
2024-06-18,22650,22650,22200,22500,31627,-0.0066225165562914245
2024-06-19,22550,22650,22150,22350,27966,-0.00666666666666671
2024-06-20,22350,22500,22000,22300,30709,-0.0022371364653244186
2024-06-21,22250,22250,21650,21750,35467,-0.024663677130044803
2024-06-24,21750,21950,21250,21600,27055,-0.006896551724137945
2024-06-25,21550,21750,21250,21700,21266,0.004629629629629539
2024-06-26,21700,22150,21700,21950,20696,0.011520737327188835
2024-06-27,21950,21950,21450,21550,10908,-0.018223234624145768
2024-06-28,21550,21850,21500,21800,9965,0.011600928074245953
2024-07-01,21900,22300,21800,22100,12352,0.013761467889908285
2024-07-02,22050,22200,21500,21650,11029,-0.020361990950226283
2024-07-03,21700,22200,21300,21400,13137,-0.011547344110854452
2024-07-04,21250,21450,20800,20850,88060,-0.025700934579439227
2024-07-05,21000,21100,20700,20700,26271,-0.007194244604316502
2024-07-08,20800,21200,20550,21100,32582,0.019323671497584627
2024-07-09,21100,21350,20700,20800,17968,-0.014218009478673022
2024-07-10,20800,21200,20600,21100,22774,0.014423076923076872
2024-07-11,21450,21500,21100,21300,11526,0.009478672985782088
2024-07-12,21600,21600,21150,21350,14043,0.0023474178403755097
2024-07-15,21400,21500,21150,21350,13111,0.0
2024-07-16,21150,21500,20850,20900,25073,-0.021077283372365363
2024-07-17,21050,21050,20650,20700,15559,-0.009569377990430672
2024-07-18,20700,20950,20400,20850,17623,0.007246376811594235
2024-07-19,20450,20700,20450,20550,15713,-0.014388489208633115
2024-07-22,20600,20850,19910,20000,34099,-0.02676399026763987
2024-07-23,19930,20200,19630,19810,31625,-0.009499999999999953
2024-07-24,19710,20100,19600,19600,23592,-0.010600706713780883
2024-07-25,19410,19570,19100,19400,23089,-0.010204081632653073
2024-07-26,19440,19630,19400,19620,9083,0.01134020618556697
2024-07-29,19620,19850,19560,19760,8218,0.007135575942915473
2024-07-30,19570,19840,19340,19400,16270,-0.018218623481781382
2024-07-31,19500,20050,19350,20050,26773,0.03350515463917536
2024-08-01,20250,20250,19740,20000,15998,-0.0024937655860348684
2024-08-02,19800,19800,19080,19100,30243,-0.04500000000000004
2024-08-05,18750,18970,16150,16680,82666,-0.12670157068062826
2024-08-06,16680,17440,16680,17290,48918,0.036570743405275774
2024-08-07,17220,18020,17100,17790,21665,0.028918449971081506
2024-08-08,17620,17750,17120,17540,18307,-0.014052838673412005
2024-08-09,18000,18080,17640,17990,17267,0.025655644241733278
2024-08-12,17990,18380,17990,18300,14396,0.017231795441912112
2024-08-13,18300,18310,17770,18110,37478,-0.01038251366120213
2024-08-14,18400,18480,18110,18410,38358,0.01656543346217565
2024-08-16,18550,18550,17910,18160,38843,-0.013579576317218955
2024-08-19,18160,20700,17890,18560,239839,0.022026431718061623
2024-08-20,18560,18890,18560,18750,37970,0.010237068965517349
2024-08-21,18750,18820,18510,18690,16245,-0.0031999999999999806
2024-08-22,18540,18790,18490,18510,37063,-0.009630818619582704
2024-08-23,18470,18630,18280,18300,17091,-0.011345218800648316
2024-08-26,18650,18650,17820,18260,19675,-0.002185792349726823
2024-08-27,18080,18250,17860,18130,20258,-0.007119386637458924
2024-08-28,17940,18190,17880,17910,17750,-0.012134583563155
2024-08-29,17950,17950,17540,17590,18850,-0.017867113344500307
2024-08-30,17590,18450,17590,18300,15914,0.040363843092666274
2024-09-02,18650,18660,17920,17950,12080,-0.01912568306010931
2024-09-03,17970,18120,17600,17670,20858,-0.01559888579387192
2024-09-04,17100,17500,16760,16910,41087,-0.043010752688172005
2024-09-05,16990,17300,16320,16490,32165,-0.024837374334713225
2024-09-06,16300,16470,15250,16010,43500,-0.029108550636749553
2024-09-09,15600,16060,15600,16060,25763,0.0031230480949406836
2024-09-10,16010,16060,15480,15500,26667,-0.03486924034869243
2024-09-11,15750,15780,15510,15560,9175,0.003870967741935516
2024-09-12,15570,16230,15570,16170,14626,0.0392030848329048
2024-09-13,16100,16240,15840,16170,12640,0.0
2024-09-19,16170,16240,15770,15950,15215,-0.013605442176870763
2024-09-20,15960,16190,15940,16030,12598,0.005015673981191293
2024-09-23,16100,16280,15800,16190,13685,0.009981285090455483
2024-09-24,16190,16720,16190,16690,15829,0.030883261272390383
2024-09-25,16750,16880,16610,16700,13646,0.0005991611743558778
2024-09-26,16750,16950,16630,16900,11074,0.011976047904191711
2024-09-27,16900,17050,16700,16950,7923,0.002958579881656709
2024-09-30,17050,17050,16450,16450,12057,-0.029498525073746285
2024-10-02,16290,16440,16110,16250,9928,-0.012158054711246202
2024-10-04,16580,16580,16150,16260,11890,0.0006153846153846843
2024-10-07,16260,16730,16260,16630,10630,0.022755227552275548
2024-10-08,16700,16700,16160,16400,15563,-0.013830426939266394
2024-10-10,16210,16420,16200,16260,10289,-0.008536585365853666
2024-10-11,16100,16300,15940,16040,15207,-0.013530135301353052
2024-10-14,16250,16300,15750,16000,24465,-0.0024937655860348684
2024-10-15,16600,17500,16450,17090,110474,0.06812499999999999
2024-10-16,17070,17140,16880,17030,26478,-0.003510825043885335
2024-10-17,17030,17040,16760,16760,16561,-0.015854374633000545
2024-10-18,16760,16800,16310,16320,23555,-0.026252983293556076
2024-10-21,16190,17120,16190,17020,27327,0.04289215686274517
2024-10-22,16820,17120,16600,16670,23274,-0.02056404230317277
2024-10-23,16960,17500,16670,17320,42196,0.03899220155968797
2024-10-24,17320,17320,16880,17020,24921,-0.01732101616628179
2024-10-25,17040,17040,16540,16550,24289,-0.02761457109283194
2024-10-28,16390,17160,16390,17090,16555,0.03262839879154078
2024-10-29,16910,16940,16700,16910,14614,-0.010532475131655894
2024-10-30,16910,17100,16670,16700,11051,-0.012418687167356612
2024-10-31,16510,17650,16510,17360,39119,0.03952095808383227
2024-11-01,17260,17330,16950,17260,17042,-0.005760368663594417
2024-11-04,17200,17310,17050,17290,12818,0.0017381228273465332
2024-11-05,17140,17470,17000,17200,13851,-0.005205320994794649
2024-11-06,17260,17300,16910,17280,23259,0.0046511627906977715
2024-11-07,17500,18250,17350,17900,107628,0.03587962962962954
2024-11-08,18300,18620,18050,18220,83670,0.01787709497206702
2024-11-11,18080,18340,17860,17880,43706,-0.01866081229418226
2024-11-12,17880,17880,17130,17130,41252,-0.04194630872483218
2024-11-13,16940,17700,16790,16970,43288,-0.009340338587273789
2024-11-14,17110,17580,16500,16510,39298,-0.02710665880966412
2024-11-15,16340,17350,16340,17200,31310,0.041792852816474824
2024-11-18,17200,17760,17030,17620,21844,0.024418604651162745
2024-11-19,17600,18270,17600,18000,20675,0.02156640181611813
2024-11-20,18140,18180,17660,18000,22240,0.0
2024-11-21,17900,18040,17800,18010,19484,0.0005555555555556424
2024-11-22,18320,18320,17750,17980,18722,-0.0016657412548584105
2024-11-25,17900,18350,17900,18260,13976,0.015572858731924377
2024-11-26,18160,18390,18060,18340,16975,0.004381161007666945
2024-11-27,18400,19060,18180,18900,53093,0.03053435114503822
2024-11-28,18900,19600,18680,18980,68912,0.004232804232804144
2024-11-29,18710,19070,18370,18640,30448,-0.017913593256059013
2024-12-02,18640,18650,18100,18130,27369,-0.027360515021459197
2024-12-03,18140,18510,18100,18420,25076,0.015995587424158852
2024-12-04,18210,19940,18000,19720,182128,0.07057546145494031
2024-12-05,19860,19950,19400,19690,49841,-0.0015212981744422427
2024-12-06,19740,19740,18750,19240,51814,-0.022854240731335684
2024-12-09,18470,19000,18300,18300,83550,-0.04885654885654889
2024-12-10,18300,19160,18300,19040,56481,0.040437158469945444
2024-12-11,19040,19620,19020,19500,49625,0.024159663865546133
2024-12-12,19730,19890,19320,19700,46443,0.01025641025641022
2024-12-13,19650,20400,19550,20050,44893,0.017766497461928932
2024-12-16,20200,20500,20050,20450,26459,0.01995012468827939
2024-12-17,20450,20450,20000,20300,17805,-0.007334963325183352
2024-12-18,20500,20550,19880,19990,32857,-0.015270935960591148
2024-12-19,19840,20150,19740,19950,33788,-0.002001000500250094
2024-12-20,20100,20100,19390,19410,46111,-0.02706766917293235
2024-12-23,19420,20150,19420,20000,23037,0.030396702730551173
2024-12-24,20200,20500,20000,20150,28011,0.007500000000000062
2024-12-26,20150,21350,20150,21000,109378,0.042183622828784184
2024-12-27,21650,21650,20550,20900,106072,-0.004761904761904745
2024-12-30,20850,20850,20500,20700,28598,-0.009569377990430672
2025-01-02,20550,21000,20500,20950,41564,0.012077294685990392
2025-01-03,20850,21600,20850,21200,42392,0.01193317422434359
2025-01-06,21500,21500,20900,21200,32162,0.0
2025-01-07,21200,21300,20650,20800,36573,-0.018867924528301883
2025-01-08,20700,21000,20550,21000,22587,0.009615384615384581
2025-01-09,21000,21000,20050,20200,53015,-0.03809523809523807
2025-01-10,20100,20550,20100,20300,18708,0.004950495049504955
2025-01-13,20250,20250,19650,19820,40737,-0.02364532019704435
2025-01-14,19830,20300,19600,20250,30138,0.021695257315842653
2025-01-15,20350,20350,19920,20100,14057,-0.007407407407407418
2025-01-16,20150,20250,19900,20050,16428,-0.0024875621890547706
2025-01-17,19930,20850,19830,20750,41282,0.034912718204488824
2025-01-20,20850,21100,20600,20800,27968,0.002409638554216942
2025-01-21,20650,21400,20550,21300,50481,0.024038461538461453
2025-01-22,21350,21600,21000,21500,40862,0.009389671361502261
2025-01-23,21500,22050,21000,21750,82815,0.011627906976744207
2025-01-24,21700,23200,21450,22450,122206,0.03218390804597693
2025-01-31,22400,23000,22150,22800,76285,0.015590200445434244
2025-02-03,21950,22700,21400,22450,58563,-0.015350877192982448
2025-02-04,22650,23000,22650,22800,42843,0.015590200445434244
2025-02-05,22700,23200,22550,22850,61174,0.002192982456140413
2025-02-06,23000,23750,22700,22950,62520,0.004376367614879584
2025-02-07,23150,23900,22700,23500,86896,0.023965141612200425
2025-02-10,23200,23400,22600,23050,40898,-0.019148936170212738
2025-02-11,23050,23200,22350,22500,43261,-0.02386117136659438
2025-02-12,22400,22800,22050,22200,51433,-0.013333333333333308
2025-02-13,22050,22850,22050,22400,37354,0.009009009009008917
2025-02-14,22400,23200,22200,22750,45750,0.015625
2025-02-17,23000,23000,22200,22350,41229,-0.01758241758241763
2025-02-18,22250,23100,22250,22950,43083,0.02684563758389258
2025-02-19,22950,22950,22450,22600,23927,-0.015250544662309351
2025-02-20,22600,22600,21700,21900,55584,-0.030973451327433676
2025-02-21,21900,22400,21800,22250,26863,0.015981735159817267
2025-02-24,22000,22000,21500,21700,29050,-0.024719101123595544
2025-02-25,22200,22600,22000,22200,52664,0.02304147465437789
2025-02-26,22000,22200,21800,22050,34719,-0.006756756756756799
2025-02-27,22150,22450,22050,22150,22681,0.0045351473922903285
2025-02-28,21050,22000,21000,21350,45765,-0.036117381489842004
2025-03-04,21300,21300,20400,20650,20772,-0.032786885245901676
2025-03-05,20500,21000,20450,20950,23899,0.014527845036319542
2025-03-06,21250,21600,20800,21000,24191,0.0023866348448686736
2025-03-07,20950,20950,20300,20600,23569,-0.01904761904761909
2025-03-10,20300,20700,20050,20200,29727,-0.01941747572815533
2025-03-11,19890,19990,19350,19850,35843,-0.017326732673267342
2025-03-12,19750,20350,19750,20050,16071,0.010075566750629816
2025-03-13,20250,20250,19870,19910,14072,-0.006982543640897787
2025-03-14,19910,20450,19840,20200,18065,0.014565544952285236
2025-03-17,20200,20650,20200,20400,14938,0.00990099009900991
2025-03-18,20700,22450,20400,21200,104521,0.03921568627450989
2025-03-19,20900,21500,20800,21150,30550,-0.002358490566037763
2025-03-20,20950,21000,20500,20750,27221,-0.01891252955082745
2025-03-21,20750,21050,20650,20700,23046,-0.002409638554216831
2025-03-24,20650,21000,20400,20400,11084,-0.01449275362318836
2025-03-25,20400,20600,19670,20000,29650,-0.019607843137254943
2025-03-26,20000,20050,19600,19850,29498,-0.007499999999999951
2025-03-27,19840,19910,19610,19620,16247,-0.011586901763224189
2025-03-28,19950,19950,19110,19210,21381,-0.020897043832823647
2025-03-31,18900,19200,18270,18290,29852,-0.04789172306090583
2025-04-01,18290,18910,18020,18780,25686,0.026790595954073293
2025-04-02,18700,18920,18180,18240,13847,-0.028753993610223683
2025-04-03,18150,18630,17690,18410,31805,0.009320175438596534
2025-04-04,17850,19340,17850,18550,34793,0.0076045627376426506
2025-04-07,18410,18500,17260,17300,43558,-0.06738544474393526
2025-04-08,17650,17690,17200,17300,23578,0.0
2025-04-09,17020,17350,16610,16690,35673,-0.035260115606936426
2025-04-10,17090,17940,17090,17630,37282,0.05632115038945473
2025-04-11,17630,17720,17200,17470,26911,-0.009075439591605172
2025-04-14,17760,18060,17480,18010,16331,0.030910131654264372
2025-04-15,17850,18150,17780,18050,22870,0.002220988339811214
2025-04-16,18100,18100,17550,17570,21930,-0.02659279778393353
2025-04-17,17550,18030,17550,18020,20951,0.025611838360842354
2025-04-18,18200,18500,17950,18370,27926,0.01942286348501665
2025-04-21,18360,18690,18170,18600,35762,0.012520413718018597
2025-04-22,18030,18600,18030,18450,26262,-0.008064516129032251
2025-04-23,18510,18600,18360,18560,19395,0.005962059620596261
2025-04-24,18540,18950,18470,18800,20509,0.012931034482758674
2025-04-25,18850,19280,18850,19270,30492,0.02499999999999991
2025-04-28,19400,19910,19360,19590,39327,0.01660612350804369
2025-04-29,19790,19790,19490,19660,17497,0.0035732516590096797
2025-04-30,19760,19770,19250,19380,14260,-0.014242115971515812
2025-05-02,19500,19500,19180,19420,11140,0.002063983488132193
2025-05-07,19420,19750,19360,19700,46481,0.014418125643666402
2025-05-08,19800,19860,19500,19860,10476,0.008121827411167404
2025-05-09,19860,19870,19400,19550,15044,-0.015609264853977844
2025-05-12,19550,19790,19340,19560,23823,0.000511508951406725
2025-05-13,19560,19720,19530,19670,10335,0.005623721881390598
2025-05-14,19790,19860,19400,19850,20202,0.009150991357397054
2025-05-15,19870,19920,19560,19560,16591,-0.014609571788413045
2025-05-16,19400,19430,18010,18270,63038,-0.06595092024539873
2025-05-19,18200,18250,17670,17720,40132,-0.030103995621237
2025-05-20,18240,18240,17800,18050,16924,0.018623024830699775
2025-05-21,18050,18940,17800,18940,32941,0.04930747922437684
2025-05-22,18890,18890,18360,18360,19996,-0.03062302006335793
2025-05-23,18490,18740,18100,18240,22061,-0.006535947712418277
2025-05-26,18230,18330,18010,18180,17926,-0.003289473684210509
2025-05-27,18470,18470,17900,17950,20494,-0.0126512651265126
2025-05-28,18190,18340,17970,18310,17565,0.020055710306406738
2025-05-29,18310,18650,18310,18600,20289,0.015838339705079196
2025-05-30,18600,22200,18370,20450,498329,0.09946236559139776
2025-06-02,20250,20300,19600,19840,61893,-0.029828850855745714
2025-06-04,19840,20450,19770,19980,65867,0.007056451612903247
2025-06-05,19980,20200,19810,19980,35437,0.0
2025-06-09,19960,20200,19900,19910,42676,-0.00350350350350348
2025-06-10,20200,20300,19810,19930,27690,0.0010045203415369741
2025-06-11,19930,20500,19830,20300,37014,0.018564977420973516
2025-06-12,20400,20700,20150,20350,36507,0.0024630541871921707
2025-06-13,20600,20650,19700,19920,48304,-0.021130221130221116
2025-06-16,20150,20850,20000,20850,63282,0.04668674698795172
2025-06-17,20850,21200,20500,20700,41506,-0.007194244604316502
2025-06-18,20700,21800,20700,21700,81746,0.048309178743961345
2025-06-19,21800,22250,21500,22250,51426,0.025345622119815614
2025-06-20,22400,22650,22000,22150,48442,-0.004494382022471877
2025-06-23,21850,22400,21300,22300,42910,0.006772009029345272
2025-06-24,22600,22700,22000,22450,45420,0.006726457399103047
2025-06-25,22650,22650,21750,22300,42910,-0.006681514476614692
2025-06-26,22450,22450,21100,22100,41601,-0.008968609865470878
2025-06-27,22400,22400,21000,21250,41959,-0.038461538461538436
2025-06-30,21350,21750,21050,21500,20176,0.0117647058823529
2025-07-01,21500,21700,21100,21350,22967,-0.006976744186046546
