Date,Open,High,Low,Close,Volume,Change
2022-01-03,42707,43578,41980,42999,141323,0.015444562522139549
2022-01-04,42997,42997,42199,42418,101894,-0.013511942138189292
2022-01-05,42635,42635,41545,41619,137066,-0.018836343061907734
2022-01-06,41109,41327,40092,40093,241623,-0.0366659458420433
2022-01-07,40020,40819,40020,40311,98626,0.005437358142319049
2022-01-10,40092,40383,39511,39948,132862,-0.00900498623204582
2022-01-11,39802,40746,39439,39948,125932,0.0
2022-01-12,40310,41400,40238,41183,135958,0.030915189746670624
2022-01-13,41182,41182,39729,39948,210111,-0.02998810188670087
2022-01-14,39874,40020,39366,39657,151801,-0.007284469810754035
2022-01-17,39657,39947,39075,39512,126343,-0.0036563532289380918
2022-01-18,39511,40238,37913,37987,169911,-0.03859586960923267
2022-01-19,37187,37841,36751,36898,173752,-0.028667702108616133
2022-01-20,36606,39003,36606,39004,185434,0.057076264296167745
2022-01-21,38204,39293,37986,38495,141981,-0.01304994359552869
2022-01-24,38567,38567,37187,37188,115526,-0.03395246135861796
2022-01-25,37114,37477,35553,35590,212427,-0.042970850812089956
2022-01-26,35226,36678,35226,35590,192950,0.0
2022-01-27,35589,35952,32611,32612,290562,-0.08367518966001686
2022-01-28,32829,34826,32829,34827,203139,0.06791978412854172
2022-02-03,34935,36243,34935,36025,108524,0.03439859878829643
2022-02-04,35698,36279,35298,35444,82845,-0.016127689104788345
2022-02-07,35444,35444,34209,35300,129698,-0.004062746868299327
2022-02-08,35190,35952,34899,35154,114122,-0.0041359773371104636
2022-02-09,35226,36134,35008,36025,88456,0.024776696819707622
2022-02-10,36097,36388,34790,34900,131085,-0.031228313671061714
2022-02-11,34064,34681,33338,33411,152153,-0.042664756446991414
2022-02-14,32502,33446,32466,33121,137638,-0.008679776121636618
2022-02-15,32720,33083,31921,32031,121624,-0.03290963437094285
2022-02-16,32611,34391,32611,34391,142544,0.0736786238331617
2022-02-17,33882,34717,33301,33810,127475,-0.016893954813759438
2022-02-18,32975,34281,32975,34137,90724,0.009671694764862515
2022-02-21,33192,33774,32865,33629,106482,-0.014881213932097181
2022-02-22,32902,33156,32466,32539,134466,-0.03241250111510896
2022-02-23,32683,33700,32647,33193,102629,0.0200989581732689
2022-02-24,32793,33011,31958,32212,216536,-0.029554424125568635
2022-02-25,32575,33556,32575,33556,115226,0.041723581274059285
2022-02-28,33556,33774,32647,33738,102808,0.005423769221599706
2022-03-02,33301,34209,33301,34065,85241,0.009692335052463141
2022-03-03,34137,35044,34064,35009,139316,0.027711727579627254
2022-03-04,35008,35008,33810,33810,134781,-0.03424833614213485
2022-03-07,33592,33592,32466,32467,149260,-0.03972197574682046
2022-03-08,31449,32938,31376,32649,125013,0.005605691933347812
2022-03-10,33228,34790,33228,34391,209544,0.05335538607614332
2022-03-11,33918,34573,33628,34355,145838,-0.0010467854962054046
2022-03-14,33156,33192,30324,30397,692780,-0.11520884878474746
2022-03-15,30396,31413,30106,31087,235606,0.022699608513998104
2022-03-16,31413,32321,31413,32176,187022,0.03503072023675502
2022-03-17,32683,33737,32575,33302,166790,0.03499502734957738
2022-03-18,33156,34027,32757,33883,151122,0.017446399615638652
2022-03-21,33918,34318,33011,33121,102179,-0.022489153852964572
2022-03-22,32938,33519,32429,33447,145423,0.009842697986171878
2022-03-23,33228,33991,33192,33556,93529,0.00325888719466616
2022-03-24,33556,33955,33120,33883,108969,0.00974490404100603
2022-03-25,33882,34137,33700,33702,77037,-0.0053419118732107584
2022-03-28,33265,33446,31231,31632,240932,-0.06142068719957272
2022-03-29,31667,32502,30868,32322,132812,0.021813353566008997
2022-03-30,32683,34137,32683,33702,182129,0.042695377761277076
2022-03-31,33592,34100,33374,33484,81608,-0.006468458845172442
2022-04-01,33228,33228,32321,32575,110899,-0.02714729423008
2022-04-04,32611,32829,32066,32612,72698,0.0011358403683807694
2022-04-05,32647,32975,32466,32503,68602,-0.003342327977431614
2022-04-06,32139,32248,31485,31523,145912,-0.03015106297880199
2022-04-07,31267,31304,30614,30833,108278,-0.021888779621228927
2022-04-08,30868,31485,30795,31123,79782,0.00940550708656307
2022-04-11,31231,31231,29815,29888,141216,-0.039681264659576554
2022-04-12,29451,29888,29052,29816,145467,-0.0024089935760170933
2022-04-13,29778,30432,29488,30433,93510,0.020693587335658625
2022-04-14,30178,30650,29706,29925,113398,-0.016692406269510074
2022-04-15,29525,29633,28834,29053,147126,-0.02913951545530491
2022-04-18,28907,29016,28471,28726,90196,-0.0112552920524559
2022-04-19,28616,29742,28616,29598,104023,0.030355775255865858
2022-04-20,29307,29778,29089,29089,63076,-0.017197107912696796
2022-04-21,29125,29415,28798,28835,93004,-0.008731823025886043
2022-04-22,28616,28616,27927,28036,155673,-0.02770938096063813
2022-04-25,27563,30360,26874,27709,523255,-0.011663575403053184
2022-04-26,27745,28398,27672,28181,141791,0.017034176621314456
2022-04-27,27164,28035,27128,27564,110440,-0.02189418402469745
2022-04-28,27672,28144,27236,27601,151195,0.0013423305761137705
2022-04-29,28035,29415,27999,29416,257764,0.06575848701134013
2022-05-02,28871,29161,28471,28618,91525,-0.027128093554528165
2022-05-03,28616,29307,28471,28544,98145,-0.0025857851701726053
2022-05-04,28943,28943,27672,27782,79432,-0.026695627802690636
2022-05-06,27599,27599,26874,26983,117468,-0.02875962853646241
2022-05-09,26582,26874,25348,25567,286433,-0.05247748582440792
2022-05-10,25058,25239,24185,24659,223902,-0.035514530449407444
2022-05-11,24440,25493,24259,25349,146574,0.02798166997850693
2022-05-12,24585,24984,23859,23860,179414,-0.05873998974318517
2022-05-13,23895,24803,23895,24804,131260,0.03956412405699927
2022-05-16,24803,25638,24477,24550,78992,-0.010240283825189489
2022-05-17,24367,24948,24367,24623,56750,0.002973523421588631
2022-05-18,24876,25675,24513,25494,195112,0.03537343134467763
2022-05-19,24440,24694,24113,24295,173570,-0.04703067388405113
2022-05-20,24331,26619,24331,26475,258943,0.08973039720107012
2022-05-23,26474,27164,26256,26692,122342,0.008196411709159523
2022-05-24,26437,26728,25747,25785,82187,-0.03398021879214741
2022-05-25,25893,27018,25857,26366,146738,0.022532480124103138
2022-05-26,26474,26982,25857,26184,122861,-0.0069028294015018865
2022-05-27,26437,26619,25929,26147,137317,-0.0014130766880537937
2022-05-30,26510,27273,26510,27164,117770,0.03889547558037254
2022-05-31,26910,27491,26546,27455,131172,0.010712707995876869
2022-06-02,27018,27345,26764,26838,97213,-0.022473137861955927
2022-06-03,27236,28072,27128,27455,121577,0.022989790595424386
2022-06-07,27418,27418,26292,26511,143467,-0.034383536696412365
2022-06-08,26510,27018,26183,26402,93142,-0.004111500886424535
2022-06-09,26256,26764,25965,26765,111076,0.013748958412241441
2022-06-10,26401,26401,25929,25930,82303,-0.031197459368578317
2022-06-13,24912,25130,24259,24332,157764,-0.06162745854222906
2022-06-14,23568,24585,23568,24114,146047,-0.008959395035344375
2022-06-15,23859,24295,23169,23388,146856,-0.030106991789002224
2022-06-16,23641,24403,23024,23133,98008,-0.010903027193432502
2022-06-17,22333,23096,21826,23061,185697,-0.003112436778627936
2022-06-20,23205,23496,21934,22189,123850,-0.037812757469320446
2022-06-21,22152,22733,21789,22371,205043,0.008202262382261516
2022-06-22,22406,22588,21462,21499,160639,-0.03897903535827629
2022-06-23,21462,22261,20772,20773,237903,-0.03376901251220987
2022-06-24,20772,22370,20772,22298,201075,0.07341260289799267
2022-06-27,22443,22806,21608,22443,164272,0.006502825365503728
2022-06-28,22479,22733,22116,22371,80601,-0.00320812725571451
2022-06-29,22116,22333,21644,22008,109491,-0.01622636448974113
2022-06-30,21716,22624,21716,22189,122766,0.008224282079243972
2022-07-01,22188,22769,21534,21608,117565,-0.026184145297219352
2022-07-04,21644,21862,21063,21354,122710,-0.011754905590522058
2022-07-05,21426,22879,21426,22879,214405,0.0714151915332022
2022-07-06,22661,23931,22297,22843,184406,-0.0015734953450762257
2022-07-07,22987,24041,22987,23860,126648,0.04452129755286083
2022-07-08,23931,24403,23460,23896,114489,0.001508801341156829
2022-07-11,23641,24840,23641,24441,131970,0.022807164378975564
2022-07-12,24041,24621,23859,24259,90285,-0.007446503825539019
2022-07-13,24948,25893,24549,24695,255171,0.017972711158745103
2022-07-14,24694,25094,24041,24695,120026,0.0
2022-07-15,24912,25493,24513,24877,140342,0.007369912937841727
2022-07-18,25202,25566,24658,24804,147945,-0.002934437432166259
2022-07-19,24803,25384,24367,25022,133918,0.008788905015320037
2022-07-20,25239,25493,24767,25131,170993,0.00435616657341531
2022-07-21,25130,25130,23968,24223,157800,-0.03613067526162905
2022-07-22,24222,24367,23678,23678,98153,-0.02249927754613379
2022-07-25,23641,23823,23132,23533,105358,-0.006123828026015743
2022-07-26,23496,23678,22915,23097,112640,-0.01852717460587261
2022-07-27,23132,23641,23132,23170,124443,0.0031605836255790276
2022-07-28,23460,23823,23024,23061,111596,-0.004704359085023757
2022-07-29,23460,23678,23096,23279,104688,0.009453189367330195
2022-08-01,23350,23350,22879,23025,101240,-0.010911121611753116
2022-08-02,22987,23096,22370,22443,117063,-0.02527687296416936
2022-08-03,22443,22769,22370,22661,92238,0.00971349641313557
2022-08-04,23060,23605,22842,23061,187222,0.017651471691452203
2022-08-05,23096,24477,22987,24259,299411,0.05194917826633705
2022-08-08,24477,24912,24077,24187,238503,-0.0029679706500680414
2022-08-09,24185,24767,23859,24586,161989,0.016496465043205122
2022-08-10,24331,24549,23423,23424,161954,-0.047262669812088154
2022-08-11,23931,24440,23750,24114,150087,0.02945696721311486
2022-08-12,24185,24367,23786,24041,101826,-0.0030272870531641294
2022-08-16,24331,24767,24185,24369,120791,0.013643359261261923
2022-08-17,24222,24259,23132,23206,217097,-0.04772456809881409
2022-08-18,23205,23205,22443,22697,127533,-0.021933982590709333
2022-08-19,22551,22806,22080,22226,125488,-0.020751641186059877
2022-08-22,21789,22188,21608,21754,112498,-0.02123638981373166
2022-08-23,21426,21716,21208,21281,173069,-0.021743127700652787
2022-08-24,21353,21789,21353,21536,116973,0.01198251961843888
2022-08-25,21752,22879,21571,22807,166447,0.05901745913818712
2022-08-26,22551,22879,22043,22044,112573,-0.03345464111895469
2022-08-29,21208,21426,21063,21281,116400,-0.03461259299582653
2022-08-30,21353,21789,21063,21572,251552,0.013674169446924456
2022-08-31,21426,22116,21063,22116,126630,0.025217875023178182
2022-09-01,21680,21680,21135,21136,164004,-0.044311810453969924
2022-09-02,21353,21680,21171,21390,109536,0.012017411052233085
2022-09-05,21571,22043,21063,21100,155164,-0.013557737260402103
2022-09-06,21389,21680,21099,21354,113562,0.012037914691943152
2022-09-07,21389,21389,20336,20482,199018,-0.04083544066685396
2022-09-08,20772,22225,20518,20519,718108,0.0018064642124793195
2022-09-13,20699,21426,20699,21173,246128,0.03187289828939033
2022-09-14,20300,20627,20154,20264,187370,-0.04293203608369145
2022-09-15,20445,20445,19900,19938,146991,-0.01608764311093569
2022-09-16,19574,19574,19137,19284,191326,-0.03280168522419502
2022-09-19,19319,19501,18847,18957,129461,-0.01695706285003107
2022-09-20,18956,19537,18956,19429,114528,0.024898454396792724
2022-09-21,19101,19537,18375,19030,108316,-0.020536311699006604
2022-09-22,18702,18811,18157,18594,137367,-0.022911192853389384
2022-09-23,18375,18557,17540,17649,197648,-0.05082284607938048
2022-09-26,17249,17976,16995,17069,232279,-0.032863051730976256
2022-09-27,16051,16814,14489,15035,900395,-0.11916339562950373
2022-09-28,14925,16704,14925,15943,562461,0.060392417692051836
2022-09-29,15942,16632,15833,15979,236334,0.002258044282757332
2022-09-30,15543,16704,15543,16596,210124,0.03861317979848544
2022-10-04,16959,17068,16305,16996,190733,0.02410219329959018
2022-10-05,17068,17286,16196,16197,144169,-0.047011061426217915
2022-10-06,16305,17140,16269,16887,156684,0.04260048157066132
2022-10-07,16668,16814,16123,16161,107071,-0.04299165038195063
2022-10-11,16015,16015,15361,15471,153973,-0.04269537776127719
2022-10-12,15288,16051,15252,15979,120409,0.032835627949066026
2022-10-13,15797,16487,15106,15253,118026,-0.04543463295575445
2022-10-14,15470,16196,15324,16161,190279,0.0595292729299155
2022-10-17,15615,16087,15434,15943,79400,-0.01348926427820063
2022-10-18,16196,16959,16196,16960,134249,0.06378975098789441
2022-10-19,16959,17286,16233,16233,134248,-0.042865566037735836
2022-10-20,16196,16523,15724,15725,111779,-0.03129427708987864
2022-10-21,15543,16087,15506,15870,87793,0.009220985691573924
2022-10-24,16233,16668,16196,16415,92044,0.03434152488972897
2022-10-25,16378,16632,16160,16197,52368,-0.01328053609503499
2022-10-26,16269,16704,15979,16415,93379,0.01345928258319451
2022-10-27,16414,16995,16414,16633,110042,0.01328053609503499
2022-10-28,16596,16596,16087,16125,70735,-0.030541694222329108
2022-10-31,16341,16414,15979,16270,55128,0.008992248062015484
2022-11-01,16269,16341,15979,16270,53026,0.0
2022-11-02,16269,16704,15761,16270,120852,0.0
2022-11-03,15833,16087,15687,15725,91417,-0.033497234173325174
2022-11-04,15687,15724,15252,15616,91235,-0.006931637519872802
2022-11-07,15615,15942,15506,15870,91265,0.016265368852458995
2022-11-08,15761,16560,15761,16488,206606,0.038941398865784516
2022-11-09,16834,16911,16333,16372,116937,-0.007035419699175205
2022-11-10,16217,16294,15755,16179,115770,-0.011788419252382165
2022-11-11,16603,17912,16603,17682,250728,0.0928982013721491
2022-11-14,17720,18028,17296,17489,142468,-0.010915054858047779
2022-11-15,17373,18721,17373,18722,157144,0.07050145805935149
2022-11-16,19107,19107,17720,17720,175007,-0.05351992308514053
2022-11-17,17450,18028,17142,17142,111950,-0.032618510158013536
2022-11-18,17142,17681,17103,17104,71551,-0.0022167775055419447
2022-11-21,16988,17335,16333,16334,112789,-0.04501870907390082
2022-11-22,16333,16603,16025,16141,87202,-0.011815844251255037
2022-11-23,16372,16911,16256,16796,85706,0.04057988972182636
2022-11-24,16872,17142,16795,16988,64065,0.011431293165039325
2022-11-25,16911,17181,15717,16102,121720,-0.05215446197315754
2022-11-28,16063,16063,15408,15525,119085,-0.035834057881008574
2022-11-29,15524,15909,15177,15794,99702,0.01732689210950089
2022-11-30,15832,16256,15601,16025,73718,0.01462580726858298
2022-12-01,16526,16757,16140,16642,151748,0.03850234009360376
2022-12-02,16603,16718,15986,15987,94222,-0.03935825021031125
2022-12-05,16179,16757,15986,16719,102687,0.045787202101707614
2022-12-06,16449,16949,16294,16295,67841,-0.025360368443088754
2022-12-07,16256,16680,15832,16025,74130,-0.01656949984657874
2022-12-08,16025,16294,15871,15948,161448,-0.004804992199687996
2022-12-09,16063,16718,16063,16680,104849,0.04589917231000751
2022-12-12,16526,16872,16102,16102,61887,-0.034652278177458085
2022-12-13,16333,16487,16179,16411,71596,0.01919016271270646
2022-12-14,16680,17335,16410,16873,175493,0.028151849369325355
2022-12-15,16911,16911,15717,15833,440512,-0.06163693474782195
2022-12-16,15486,16333,15331,15833,246826,0.0
2022-12-19,15986,16217,15447,15486,199219,-0.02191625086843929
2022-12-20,15254,15408,14985,15024,216748,-0.029833397907787718
2022-12-21,15177,15524,14985,15447,148559,0.028154952076677286
2022-12-22,15486,15640,15139,15525,191394,0.005049524179452369
2022-12-23,15331,15486,15062,15139,82944,-0.024863123993558722
2022-12-26,15139,15293,14099,14253,504193,-0.05852434110575333
2022-12-27,14176,15408,14176,15293,304402,0.07296709464674112
2022-12-28,15023,15023,14214,14369,442275,-0.06041979990845481
2022-12-29,14253,14715,14253,14407,238381,0.0026445820864360314
2023-01-02,14214,14715,14060,14292,196547,-0.007982230859998607
2023-01-03,14099,14407,13983,14330,156545,0.002658830114749433
2023-01-04,14137,14599,13945,14523,159886,0.01346824842986738
2023-01-05,14561,14677,14253,14253,153944,-0.018591200165255062
2023-01-06,14291,14638,14176,14561,171164,0.021609485722304145
2023-01-09,14677,14946,14484,14639,203873,0.0053567749467755554
2023-01-10,14715,14792,14445,14600,247704,-0.0026641164013935237
2023-01-11,15000,15150,14550,14650,416660,0.003424657534246478
2023-01-12,14750,18000,14600,16900,3695903,0.15358361774744034
2023-01-13,16800,16800,15500,15500,1114462,-0.08284023668639051
2023-01-16,15650,15850,15350,15500,317104,0.0
2023-01-17,15500,15550,14750,14750,492560,-0.048387096774193505
2023-01-18,14750,15400,14750,15100,320381,0.023728813559322104
2023-01-19,14850,14900,14200,14500,633656,-0.039735099337748325
2023-01-20,14100,14650,14050,14300,505692,-0.01379310344827589
2023-01-25,14440,14510,14280,14280,245286,-0.0013986013986013734
2023-01-26,14290,14480,14090,14440,296784,0.011204481792717047
2023-01-27,14460,14800,14300,14700,281129,0.018005540166204925
2023-01-30,14710,14790,14180,14200,373853,-0.03401360544217691
2023-01-31,14100,14760,14030,14730,561429,0.03732394366197189
2023-02-01,14740,15430,14700,15020,525118,0.019687712152070658
2023-02-02,15130,15610,15100,15440,527675,0.02796271637816239
2023-02-03,15580,16190,15510,16130,621172,0.04468911917098439
2023-02-06,16060,16060,15550,15650,311100,-0.029758214507129566
2023-02-07,15590,16840,15580,16250,568590,0.03833865814696491
2023-02-08,16420,16500,16040,16120,240578,-0.008000000000000007
2023-02-09,15900,16250,15760,16160,183733,0.002481389578163684
2023-02-10,15860,16000,15670,15730,232476,-0.026608910891089077
2023-02-13,15720,15820,15450,15500,164397,-0.014621741894469187
2023-02-14,15680,15830,15480,15700,151958,0.012903225806451646
2023-02-15,15710,15790,15010,15050,245854,-0.04140127388535031
2023-02-16,15070,15870,15070,15620,245067,0.03787375415282401
2023-02-17,15410,15420,15160,15170,154884,-0.028809218950064053
2023-02-20,15300,15960,14980,15830,323356,0.043506921555702016
2023-02-21,15880,16080,15610,15760,188399,-0.004421983575489619
2023-02-22,15720,15720,15160,15220,218402,-0.03426395939086291
2023-02-23,15280,15490,15040,15040,200115,-0.01182654402102501
2023-02-24,15060,15110,14390,14500,350221,-0.03590425531914898
2023-02-27,14410,14520,14060,14250,247481,-0.017241379310344862
2023-02-28,14490,14600,14220,14460,206109,0.01473684210526316
2023-03-02,14460,14570,14070,14080,292772,-0.026279391424619658
2023-03-03,14110,14560,14110,14280,230838,0.014204545454545414
2023-03-06,14330,14380,13960,14060,347580,-0.01540616246498594
2023-03-07,14060,14300,13980,14150,224401,0.006401137980085458
2023-03-08,13950,14100,13560,13570,432246,-0.040989399293286266
2023-03-09,13580,13730,13250,13700,249573,0.009579955784819516
2023-03-10,13400,13590,13150,13170,278752,-0.03868613138686128
2023-03-13,13090,13270,12810,13020,217151,-0.011389521640091105
2023-03-14,13030,13050,12510,12520,285586,-0.03840245775729645
2023-03-15,12700,12840,12530,12600,246734,0.006389776357827559
2023-03-16,12410,12640,12070,12320,218896,-0.022222222222222254
2023-03-17,12520,12970,12420,12860,185607,0.043831168831168776
2023-03-20,13000,13430,12890,13010,160436,0.011664074650077794
2023-03-21,12990,13350,12770,12780,152467,-0.017678708685626487
2023-03-22,12870,12940,12510,12670,194624,-0.008607198748043832
2023-03-23,12500,12600,12250,12400,222070,-0.02131018153117603
2023-03-24,12410,12570,12150,12180,211108,-0.01774193548387093
2023-03-27,12180,12370,11740,12260,298567,0.006568144499178974
2023-03-28,12190,12320,12070,12160,115853,-0.00815660685154973
2023-03-29,12150,12210,11750,11790,275711,-0.030427631578947345
2023-03-30,11870,12800,11790,12450,516859,0.05597964376590325
2023-03-31,12430,12430,12100,12330,211148,-0.009638554216867434
2023-04-03,12230,12300,11800,11840,327387,-0.03974047039740469
2023-04-04,11900,12410,11860,12390,426100,0.04645270270270263
2023-04-05,12400,13600,12310,13030,1093447,0.051654560129136495
2023-04-06,13030,13380,12810,12910,389422,-0.009209516500383708
2023-04-07,13040,13090,12720,12980,216615,0.005422153369480931
2023-04-10,12860,12910,12320,12450,328604,-0.04083204930662554
2023-04-11,12360,12920,12250,12690,285440,0.01927710843373487
2023-04-12,12800,13870,12610,13850,1235426,0.09141055949566579
2023-04-13,13810,13810,13120,13500,706872,-0.02527075812274371
2023-04-14,13460,14640,13430,14210,1374886,0.052592592592592524
2023-04-17,14400,14400,13650,13750,536560,-0.032371569317382165
2023-04-18,13700,13870,13300,13330,333562,-0.030545454545454542
2023-04-19,13450,13490,13010,13090,282781,-0.01800450112528129
2023-04-20,13000,13120,12560,12570,298859,-0.03972498090145149
2023-04-21,12570,12850,12440,12490,210089,-0.006364359586316648
2023-04-24,12550,12680,12250,12300,175082,-0.01521216973578865
2023-04-25,12280,12410,11960,12040,295014,-0.021138211382113803
2023-04-26,11920,12500,11810,12170,226432,0.010797342192691017
2023-04-27,12060,12250,11840,12080,192737,-0.007395234182415722
2023-04-28,12120,12320,12000,12080,181523,0.0
2023-05-02,12010,12340,11800,12340,176646,0.021523178807947074
2023-05-03,12200,12280,12020,12090,191387,-0.02025931928687197
2023-05-04,12030,12650,11950,12560,330646,0.03887510339123246
2023-05-08,12580,12810,12440,12700,186328,0.011146496815286566
2023-05-09,12520,12840,12390,12450,147668,-0.019685039370078705
2023-05-10,12360,12560,12260,12480,84950,0.002409638554216942
2023-05-11,12510,12650,12240,12330,130304,-0.012019230769230727
2023-05-12,12230,12320,12010,12030,153446,-0.024330900243308973
2023-05-15,12030,12050,11820,11900,149605,-0.010806317539484578
2023-05-16,11900,12070,11580,11580,209883,-0.026890756302521024
2023-05-17,11440,11900,11440,11810,185726,0.01986183074265968
2023-05-18,11810,12100,11690,11750,157674,-0.005080440304826461
2023-05-19,11750,11980,11750,11860,214862,0.009361702127659521
2023-05-22,11850,12100,11800,12060,210422,0.01686340640809436
2023-05-23,12030,12670,12030,12670,390701,0.05058043117744604
2023-05-24,12670,12930,12480,12650,498244,-0.0015785319652722452
2023-05-25,12750,13000,12520,12520,313752,-0.010276679841897285
2023-05-26,12450,12600,12200,12200,211282,-0.025559105431309903
2023-05-30,12340,12460,12190,12430,172819,0.01885245901639343
2023-05-31,12350,12600,12220,12530,235855,0.008045052292839916
2023-06-01,12480,13380,12370,13320,637931,0.0630486831604149
2023-06-02,13470,13480,12660,12700,557951,-0.04654654654654655
2023-06-05,12770,12780,12250,12320,304641,-0.0299212598425197
2023-06-07,12300,12380,12030,12250,320054,-0.005681818181818232
2023-06-08,12230,12250,11970,12070,300333,-0.014693877551020362
2023-06-09,12050,12200,11980,12080,196990,0.0008285004142503105
2023-06-12,12080,12080,11770,11780,237996,-0.024834437086092676
2023-06-13,11780,11970,11750,11760,225370,-0.001697792869269965
2023-06-14,11760,11770,11400,11430,335191,-0.028061224489795866
2023-06-15,11450,11530,10960,11030,393678,-0.034995625546806686
2023-06-16,11050,11220,10330,10530,725740,-0.045330915684496875
2023-06-19,10310,10620,10280,10390,262652,-0.013295346628679927
2023-06-20,10360,10480,10210,10210,189782,-0.017324350336862415
2023-06-21,10150,10250,9790,9920,410276,-0.028403525954946107
2023-06-22,9800,10080,9800,9930,164404,0.0010080645161290036
2023-06-23,9950,9990,9600,9720,273608,-0.02114803625377648
2023-06-26,9730,10050,9540,9850,168003,0.01337448559670773
2023-06-27,9800,9960,9790,9830,123851,-0.0020304568527919065
2023-06-28,9870,10030,9830,9870,120143,0.004069175991861629
2023-06-29,9950,10360,9910,10040,380904,0.01722391084093222
2023-06-30,10040,10240,9830,10200,201853,0.015936254980079667
2023-07-03,10200,10420,10080,10140,179311,-0.00588235294117645
2023-07-04,10130,10130,9950,9970,137730,-0.0167652859960552
2023-07-05,9970,10230,9910,10000,164748,0.0030090270812437314
2023-07-06,9940,10040,9650,9660,201979,-0.03400000000000003
2023-07-07,9550,9640,9340,9350,265850,-0.03209109730848858
2023-07-10,9260,9380,9140,9190,181928,-0.01711229946524062
2023-07-11,9180,9640,9180,9590,216322,0.043525571273123065
2023-07-12,9500,9720,9340,9680,163372,0.009384775808133572
2023-07-13,9650,10050,9650,9860,218337,0.018595041322314154
2023-07-14,9860,9960,9700,9750,106524,-0.011156186612576113
2023-07-17,9610,9720,9460,9660,132897,-0.009230769230769265
2023-07-18,9550,9840,9280,9290,217493,-0.038302277432712195
2023-07-19,9290,9720,9220,9600,296199,0.03336921420882666
2023-07-20,9560,10150,9460,9880,318078,0.029166666666666563
2023-07-21,9840,10130,9770,9970,212313,0.009109311740890691
2023-07-24,9890,9890,9660,9810,180933,-0.016048144433299938
2023-07-25,9800,9900,8900,9260,274054,-0.05606523955147813
2023-07-26,9040,9200,8620,8620,516753,-0.06911447084233258
2023-07-27,8530,9430,8530,9430,387662,0.09396751740139209
2023-07-28,9400,9650,9220,9600,184503,0.018027571580063517
2023-07-31,9460,9850,9410,9700,164857,0.01041666666666674
2023-08-01,9540,10020,9530,9920,273091,0.02268041237113394
2023-08-02,9920,10000,9540,9680,157626,-0.024193548387096753
2023-08-03,9520,10330,9480,10300,408377,0.06404958677685957
2023-08-04,10350,10360,9720,9780,231723,-0.05048543689320384
2023-08-07,9720,10070,9600,9700,191738,-0.008179959100204526
2023-08-08,9790,9870,9400,9500,176559,-0.020618556701030966
2023-08-09,9460,10240,9460,10240,383195,0.07789473684210524
2023-08-10,10230,10450,10030,10430,230381,0.0185546875
2023-08-11,10260,10530,10170,10390,189475,-0.003835091083413178
2023-08-14,10490,10630,10100,10300,163151,-0.008662175168431152
2023-08-16,10170,10540,10070,10360,175634,0.005825242718446644
2023-08-17,10390,10400,10070,10140,148515,-0.021235521235521193
2023-08-18,10010,10250,9880,9900,144610,-0.023668639053254448
2023-08-21,9980,10380,9930,10130,192377,0.02323232323232327
2023-08-22,10060,10400,9920,9960,157806,-0.016781836130306038
2023-08-23,9910,10110,9710,9810,137876,-0.015060240963855387
2023-08-24,9810,10100,9760,9930,115015,0.012232415902140747
2023-08-25,10010,10240,9990,10040,188878,0.011077542799597273
2023-08-28,10190,10190,9770,9810,95308,-0.02290836653386452
2023-08-29,9820,10290,9790,10170,192847,0.03669724770642202
2023-08-30,10350,12300,10110,10770,2150506,0.05899705014749257
2023-08-31,10700,10880,10050,10050,645720,-0.06685236768802227
2023-09-01,10050,10150,9750,9760,310225,-0.028855721393034828
2023-09-04,9760,9810,9580,9660,196167,-0.010245901639344246
2023-09-05,9580,9880,9580,9660,159950,0.0
2023-09-06,9660,9940,9560,9680,189184,0.0020703933747412417
2023-09-07,9700,10140,9680,9680,279781,0.0
2023-09-08,9840,9880,9700,9820,149438,0.01446280991735538
2023-09-11,9900,10170,9780,10030,222900,0.02138492871690434
2023-09-12,10130,10320,10000,10100,277626,0.006979062811565351
2023-09-13,10110,10120,9800,9980,166347,-0.011881188118811892
2023-09-14,9970,9990,9820,9870,187332,-0.011022044088176308
2023-09-15,9850,10200,9850,10020,252822,0.015197568389057725
2023-09-18,9890,10120,9850,9850,141119,-0.01696606786427146
2023-09-19,9860,9910,9450,9500,219751,-0.035532994923857864
2023-09-20,9600,9600,9240,9350,145998,-0.015789473684210575
2023-09-21,9250,9330,8850,9000,211096,-0.03743315508021394
2023-09-22,9000,9090,8870,9090,123329,0.010000000000000009
2023-09-25,8940,9100,8820,8860,133836,-0.025302530253025313
2023-09-26,8750,8900,8580,8610,174619,-0.028216704288939076
2023-09-27,8580,8900,8570,8840,128409,0.026713124274099886
2023-10-04,8840,8870,8570,8660,184024,-0.020361990950226283
2023-10-05,8760,8950,8620,8630,166911,-0.0034642032332563577
2023-10-06,8710,8860,8650,8800,133343,0.01969872537659323
2023-10-10,8900,9050,8580,8660,170286,-0.015909090909090873
2023-10-11,8700,8850,8660,8710,161986,0.005773672055427337
2023-10-12,8780,9010,8730,8900,144002,0.021814006888633664
2023-10-13,8790,8890,8320,8420,310500,-0.053932584269662964
2023-10-16,8400,8400,7770,8030,393050,-0.04631828978622332
2023-10-17,8030,8210,7950,7970,156480,-0.007471980074719831
2023-10-18,7860,7950,7760,7830,129324,-0.017565872020075313
2023-10-19,7660,7690,7510,7510,196949,-0.040868454661558085
2023-10-20,7420,7650,7250,7490,232211,-0.0026631158455392434
2023-10-23,7390,7700,7390,7650,169283,0.021361815754339153
2023-10-24,7810,7990,7540,7990,204780,0.04444444444444451
2023-10-25,7920,7920,7710,7820,115490,-0.021276595744680882
2023-10-26,7700,7860,7600,7820,133387,0.0
2023-10-27,7980,8000,7710,7870,188308,0.006393861892583175
2023-10-30,7910,8150,7710,7950,141105,0.010165184243964509
2023-10-31,7960,8050,7790,7870,113128,-0.010062893081761004
2023-11-01,7970,8240,7880,8090,158282,0.027954256670902122
2023-11-02,8180,8280,8090,8180,114757,0.011124845488257096
2023-11-03,8200,8520,8060,8450,192675,0.033007334963325086
2023-11-06,8730,9030,8440,8990,422437,0.06390532544378691
2023-11-07,9000,9170,8840,9070,215137,0.008898776418242438
2023-11-08,9100,9410,9100,9250,193656,0.019845644983461863
2023-11-09,9380,9380,8960,9150,93119,-0.010810810810810811
2023-11-10,8810,9200,8810,9180,77482,0.003278688524590123
2023-11-13,9200,9300,8810,8910,83682,-0.02941176470588236
2023-11-14,8910,9130,8910,9040,48858,0.014590347923681302
2023-11-15,9290,9340,9100,9210,100526,0.01880530973451333
2023-11-16,9260,9310,9070,9140,54165,-0.007600434310532034
2023-11-17,9200,10830,9090,10360,6214164,0.1334792122538293
2023-11-20,10120,10230,9880,9980,799858,-0.03667953667953672
2023-11-21,10050,10480,9800,9830,883654,-0.01503006012024044
2023-11-22,9650,9780,9370,9400,401542,-0.043743641912512676
2023-11-23,9500,11870,9440,11130,11224697,0.18404255319148932
2023-11-24,10870,11060,10500,10600,1432195,-0.04761904761904767
2023-11-27,10610,10870,10270,10290,911481,-0.029245283018867974
2023-11-28,10150,11100,10110,10400,1406504,0.010689990281826933
2023-11-29,10410,10460,10010,10030,498515,-0.03557692307692306
2023-11-30,10040,10190,9720,9720,1058966,-0.030907278165503538
2023-12-01,9830,10000,9470,9520,580894,-0.020576131687242816
2023-12-04,9550,9590,9160,9370,413349,-0.01575630252100846
2023-12-05,9280,9720,9260,9670,356444,0.03201707577374591
2023-12-06,9640,9750,9410,9440,228145,-0.02378490175801451
2023-12-07,9500,10060,9320,9760,456582,0.03389830508474567
2023-12-08,9890,9910,9640,9710,217963,-0.0051229508196721785
2023-12-11,10000,10080,9480,9530,328038,-0.018537590113285263
2023-12-12,9600,9700,9400,9490,163972,-0.0041972717733472775
2023-12-13,9520,9560,9100,9100,315373,-0.04109589041095896
2023-12-14,9270,9680,9100,9450,431122,0.03846153846153855
2023-12-15,9500,9560,9230,9230,138910,-0.023280423280423235
2023-12-18,9230,9370,9160,9160,125568,-0.007583965330444253
2023-12-19,9250,9390,9200,9380,127872,0.024017467248908186
2023-12-20,9380,9590,9340,9380,202696,0.0
2023-12-21,9360,9470,9150,9190,179718,-0.02025586353944564
2023-12-22,9190,9450,9170,9330,170307,0.015233949945593128
2023-12-26,10000,10170,9410,9430,691760,0.010718113612004254
2023-12-27,9360,9760,9320,9580,260129,0.01590668080593849
2023-12-28,9580,9920,9490,9900,326221,0.03340292275574108
2024-01-02,10000,10400,9790,10330,526081,0.04343434343434338
2024-01-03,10190,10290,10030,10100,318506,-0.022265246853823806
2024-01-04,10020,10090,9720,9770,305234,-0.0326732673267327
2024-01-05,9850,9900,9690,9760,159049,-0.0010235414534288667
2024-01-08,9840,9840,9580,9680,141019,-0.008196721311475419
2024-01-09,9680,10210,9680,10020,425356,0.03512396694214881
2024-01-10,10020,10100,9820,9870,187501,-0.014970059880239472
2024-01-11,9850,10120,9810,10040,188081,0.01722391084093222
2024-01-12,10040,10040,9600,9770,253009,-0.02689243027888444
2024-01-15,9790,9800,9430,9500,185523,-0.02763561924257929
2024-01-16,9470,9680,9350,9480,125736,-0.002105263157894721
2024-01-17,9500,9600,9070,9140,183788,-0.03586497890295359
2024-01-18,9270,9280,8840,8890,202414,-0.027352297592997843
2024-01-19,8970,9230,8870,8870,152564,-0.0022497187851518996
2024-01-22,8950,9130,8840,8900,173949,0.0033821871476888976
2024-01-23,9050,9150,8870,8970,134821,0.00786516853932584
2024-01-24,9070,9080,8800,8870,158657,-0.01114827201783719
2024-01-25,8830,8840,8710,8760,110162,-0.012401352874859106
2024-01-26,8900,9130,8810,8950,230385,0.02168949771689488
2024-01-29,9030,9070,8770,8810,178618,-0.015642458100558643
2024-01-30,8830,8990,8730,8800,141651,-0.0011350737797957144
2024-01-31,8730,8790,8460,8530,207183,-0.030681818181818143
2024-02-01,8700,8910,8520,8780,201824,0.029308323563892236
2024-02-02,8860,9080,8820,9000,152629,0.02505694760820054
2024-02-05,8930,9070,8830,8930,94524,-0.007777777777777772
2024-02-06,8850,9040,8850,8900,101160,-0.0033594624860022737
2024-02-07,8900,8980,8600,8790,118590,-0.012359550561797716
2024-02-08,8790,8870,8690,8700,100008,-0.010238907849829393
2024-02-13,8750,8830,8660,8720,128363,0.0022988505747125743
2024-02-14,8650,8800,8500,8600,151304,-0.013761467889908285
2024-02-15,8740,8760,8330,8540,145982,-0.006976744186046546
2024-02-16,8550,8610,8460,8560,108696,0.0023419203747072626
2024-02-19,8500,8740,8500,8620,112240,0.007009345794392496
2024-02-20,8610,8810,8510,8660,161922,0.004640371229698292
2024-02-21,8570,8660,8470,8480,156841,-0.020785219399538146
2024-02-22,8510,8530,8260,8290,204388,-0.02240566037735847
2024-02-23,8380,8500,8210,8220,134037,-0.008443908323281013
2024-02-26,8200,8290,8110,8180,109430,-0.0048661800486617945
2024-02-27,8180,8240,8070,8120,129410,-0.007334963325183352
2024-02-28,8120,8190,8040,8090,93600,-0.003694581280788145
2024-02-29,8040,8090,7940,7950,149130,-0.017305315203955507
2024-03-04,7970,8180,7890,7960,162492,0.0012578616352201255
2024-03-05,7900,8000,7820,7900,143234,-0.007537688442211032
2024-03-06,7860,8100,7800,7910,144401,0.0012658227848101333
2024-03-07,7900,8030,7750,7770,158854,-0.017699115044247815
2024-03-08,7900,8300,7900,8230,326362,0.05920205920205923
2024-03-11,8230,8420,8210,8320,167520,0.010935601458080146
2024-03-12,8260,8400,8190,8350,120655,0.0036057692307691624
2024-03-13,8380,8380,8080,8150,144681,-0.0239520958083832
2024-03-14,8160,8880,8160,8610,515259,0.05644171779141094
2024-03-15,8530,8530,8170,8290,203032,-0.03716608594657378
2024-03-18,8790,9760,8570,9180,2288763,0.10735826296743056
2024-03-19,9070,9580,8810,9240,1047656,0.006535947712418277
2024-03-20,9240,9600,9160,9360,742057,0.01298701298701288
2024-03-21,9360,9510,8950,9170,336632,-0.020299145299145338
2024-03-22,9070,9440,8890,9110,398358,-0.0065430752453653485
2024-03-25,9000,9380,8930,9220,329240,0.01207464324917673
2024-03-26,9230,9230,8990,9070,216064,-0.01626898047722347
2024-03-27,9080,9360,8950,9270,263782,0.022050716648291058
2024-03-28,9290,9300,9030,9040,141831,-0.02481121898597627
2024-03-29,8980,9040,8700,8700,250541,-0.03761061946902655
2024-04-01,8760,8920,8600,8780,146103,0.009195402298850519
2024-04-02,8760,8760,8390,8430,220093,-0.03986332574031892
2024-04-03,8350,8420,8200,8200,159476,-0.027283511269276417
2024-04-04,8280,8340,7960,8010,152782,-0.023170731707317094
2024-04-05,8010,8110,7960,8030,101536,0.0024968789013732895
2024-04-08,8020,8020,7770,7940,150813,-0.011207970112079746
2024-04-09,7940,7990,7770,7770,129127,-0.021410579345088165
2024-04-11,7790,7800,7430,7450,194170,-0.041184041184041176
2024-04-12,7440,7590,7340,7360,122760,-0.012080536912751683
2024-04-15,7300,7350,7080,7100,183322,-0.03532608695652173
2024-04-16,7040,7080,6840,6920,162436,-0.025352112676056304
2024-04-17,6860,7040,6860,7040,95016,0.01734104046242768
2024-04-18,6980,7200,6980,7150,65627,0.015625
2024-04-19,7060,7080,6900,7040,98987,-0.01538461538461533
2024-04-22,7130,7310,7110,7260,91968,0.03125
2024-04-23,7190,7390,7190,7270,55897,0.0013774104683195176
2024-04-24,7340,7460,7290,7380,66291,0.015130674002751032
2024-04-25,7300,7490,7250,7350,75795,-0.004065040650406471
2024-04-26,7460,7460,7230,7280,52005,-0.00952380952380949
2024-04-29,7380,7490,7320,7420,67103,0.019230769230769162
2024-04-30,7430,7520,7390,7510,65272,0.0121293800539084
2024-05-02,7510,7690,7470,7690,89285,0.023968042609853635
2024-05-03,7750,7750,7600,7680,60946,-0.0013003901170350884
2024-05-07,7810,7890,7400,7730,123314,0.006510416666666741
2024-05-08,7000,7440,6990,7430,176778,-0.03880983182406206
2024-05-09,7420,7450,7240,7240,75680,-0.025572005383580065
2024-05-10,7320,7330,7130,7170,73024,-0.00966850828729282
2024-05-13,7170,7270,7020,7060,71077,-0.015341701534170138
2024-05-14,7060,7280,7040,7120,76473,0.008498583569405138
2024-05-16,7290,7370,7150,7160,75574,0.00561797752808979
2024-05-17,7290,7430,7200,7270,140460,0.015363128491620026
2024-05-20,7340,7390,7130,7240,104696,-0.004126547455295726
2024-05-21,7240,7290,7060,7130,77011,-0.015193370165745845
2024-05-22,7190,7190,7090,7120,47394,-0.0014025245441795509
2024-05-23,7180,7180,7010,7120,59518,0.0
2024-05-24,7060,7490,7060,7200,187561,0.011235955056179803
2024-05-27,7130,7240,7000,7190,121494,-0.001388888888888884
2024-05-28,7190,7250,7050,7070,99168,-0.016689847009735748
2024-05-29,7190,7190,7060,7060,89786,-0.0014144271570014633
2024-05-30,7050,7200,6950,7160,84877,0.014164305949008416
2024-05-31,7230,7260,7110,7110,93310,-0.006983240223463638
2024-06-03,7180,7350,7120,7170,77598,0.00843881856540074
2024-06-04,7230,7230,7100,7100,82728,-0.009762900976290068
2024-06-05,7050,7160,6980,7050,103972,-0.007042253521126751
2024-06-07,7050,7400,7050,7310,185694,0.03687943262411353
2024-06-10,7210,7220,7000,7010,131447,-0.041039671682626566
2024-06-11,6980,7190,6980,7010,96554,0.0
2024-06-12,7010,7150,6860,6970,178079,-0.005706134094151216
2024-06-13,6910,7010,6650,6890,1116774,-0.011477761836441891
2024-06-14,6890,6900,6650,6670,195795,-0.03193033381712629
2024-06-17,6660,6760,6660,6720,88668,0.007496251874062887
2024-06-18,6750,6750,6600,6650,105931,-0.01041666666666663
2024-06-19,6650,6650,6480,6490,132761,-0.024060150375939893
2024-06-20,6600,6600,6490,6530,48640,0.006163328197226425
2024-06-21,6530,6550,6370,6390,92178,-0.02143950995405819
2024-06-24,6430,6500,6210,6240,85681,-0.023474178403755874
2024-06-25,6240,6370,6240,6330,56282,0.014423076923076872
2024-06-26,6340,6340,6240,6300,47121,-0.004739336492891044
2024-06-27,6490,6670,6270,6300,158623,0.0
2024-06-28,6310,6390,6190,6210,58637,-0.014285714285714235
2024-07-01,6300,6650,6270,6520,243358,0.0499194847020934
2024-07-02,6580,6790,6360,6530,86998,0.0015337423312884457
2024-07-03,6550,6600,6250,6290,114454,-0.03675344563552829
2024-07-04,6410,6410,6260,6340,72446,0.007949125596184325
2024-07-05,6340,6520,6300,6430,130103,0.014195583596214423
2024-07-08,6510,6710,6450,6630,135107,0.031104199066874116
2024-07-09,6540,6840,6540,6810,207842,0.02714932126696823
2024-07-10,6900,6970,6700,6760,195028,-0.007342143906020504
2024-07-11,6760,7200,6700,7060,414505,0.044378698224851965
2024-07-12,7060,7190,6960,7050,208613,-0.0014164305949008194
2024-07-15,7050,7120,6990,7120,114087,0.0099290780141843
2024-07-16,7410,7430,6870,6970,188387,-0.021067415730337102
2024-07-17,6980,7210,6970,7030,154915,0.008608321377331363
2024-07-18,7160,7160,6910,6960,92541,-0.009957325746799417
2024-07-19,6970,7230,6850,7060,205107,0.014367816091954033
2024-07-22,7100,7130,6850,6890,91739,-0.024079320113314484
2024-07-23,6920,7030,6870,6900,90713,0.0014513788098693414
2024-07-24,6830,7070,6820,7020,91368,0.017391304347825987
2024-07-25,6920,7150,6920,7040,86734,0.002849002849002913
2024-07-26,6980,7300,6980,7180,177704,0.019886363636363535
2024-07-29,7180,7250,7060,7060,62865,-0.01671309192200554
2024-07-30,7030,7730,7010,7210,1039121,0.021246458923512845
2024-07-31,7210,7310,7030,7060,179453,-0.020804438280166426
2024-08-01,7070,7250,7040,7050,110004,-0.0014164305949008194
2024-08-02,7000,7040,6830,6870,183001,-0.025531914893617058
2024-08-05,6700,6870,5840,6060,258181,-0.11790393013100442
2024-08-06,6000,6500,6000,6300,129125,0.03960396039603964
2024-08-07,6250,6940,6200,6700,194509,0.06349206349206349
2024-08-08,6680,7210,6670,7000,252491,0.04477611940298498
2024-08-09,7000,7160,6990,7100,119036,0.014285714285714235
2024-08-12,7170,7880,7130,7300,675180,0.028169014084507005
2024-08-13,7220,7310,6960,7070,145534,-0.03150684931506853
2024-08-14,7120,7290,7060,7250,124339,0.02545968882602545
2024-08-16,7350,7630,7270,7600,261302,0.048275862068965614
2024-08-19,7600,7810,7500,7770,299079,0.022368421052631593
2024-08-20,7880,8040,7660,7780,258444,0.0012870012870012104
2024-08-21,7850,7850,7480,7560,205513,-0.028277634961439535
2024-08-22,7560,7630,7340,7440,132268,-0.015873015873015928
2024-08-23,7400,7440,7140,7140,147301,-0.040322580645161255
2024-08-26,7150,7300,7080,7200,72485,0.008403361344537785
2024-08-27,7150,7250,7050,7050,98444,-0.02083333333333337
2024-08-28,7060,7220,7050,7060,67539,0.0014184397163119478
2024-08-29,7040,7160,6880,6900,117040,-0.022662889518413554
2024-08-30,6910,7140,6910,7070,78203,0.02463768115942022
2024-09-02,7070,7090,6780,6820,89566,-0.03536067892503536
2024-09-03,6910,6910,6620,6630,73316,-0.027859237536656867
2024-09-04,6560,6600,6320,6420,115746,-0.03167420814479638
2024-09-05,6430,6460,6220,6270,80828,-0.02336448598130836
2024-09-06,6280,6350,6080,6080,95536,-0.030303030303030276
2024-09-09,5910,6810,5910,6260,382385,0.02960526315789469
2024-09-10,6260,6340,6170,6200,80197,-0.009584664536741228
2024-09-11,6210,6400,6200,6210,67220,0.001612903225806539
2024-09-12,6220,6410,6030,6280,241887,0.011272141706924366
2024-09-13,6230,6290,6090,6140,90899,-0.022292993630573243
2024-09-19,6140,6350,6140,6290,90282,0.02442996742671011
2024-09-20,6400,6440,6280,6370,87046,0.012718600953895098
2024-09-23,6510,6510,6310,6330,59567,-0.006279434850863463
2024-09-24,6330,6570,6290,6360,100379,0.004739336492890933
2024-09-25,6400,6590,6310,6310,72354,-0.00786163522012584
2024-09-26,6390,6450,6310,6380,63415,0.011093502377178988
2024-09-27,6410,6520,6300,6300,72314,-0.01253918495297801
2024-09-30,6250,6290,6130,6160,69044,-0.022222222222222254
2024-10-02,6160,6210,6000,6080,75265,-0.012987012987012991
2024-10-04,6100,6250,6080,6200,34539,0.019736842105263053
2024-10-07,6230,6400,6140,6330,71622,0.020967741935483897
2024-10-08,6310,6610,6310,6410,109434,0.012638230647709303
2024-10-10,6420,6490,6330,6400,46750,-0.0015600624024960652
2024-10-11,6450,6460,6300,6310,62190,-0.014062499999999978
2024-10-14,6320,6400,6180,6290,50222,-0.0031695721077654726
2024-10-15,6240,6370,6230,6290,67100,0.0
2024-10-16,6200,8170,6200,8170,3912913,0.29888712241653415
2024-10-17,8200,10230,7430,9350,23167065,0.14443084455324362
2024-10-18,9660,9950,9220,9350,4035261,0.0
2024-10-21,9500,9510,8720,8980,1862829,-0.039572192513368964
2024-10-22,8850,9930,8380,8650,6695937,-0.03674832962138086
2024-10-23,8970,9680,8570,8800,3837427,0.01734104046242768
2024-10-24,8490,9450,8450,8900,1976141,0.011363636363636465
2024-10-25,8800,8840,8100,8400,1232330,-0.0561797752808989
2024-10-28,8330,8330,7820,8040,949699,-0.042857142857142816
2024-10-29,8040,8130,7810,8110,502432,0.008706467661691475
2024-10-30,8090,8090,7830,7850,466906,-0.03205918618988901
2024-10-31,7640,7710,7220,7320,739512,-0.06751592356687897
2024-11-01,7320,7650,7140,7370,650798,0.006830601092896238
2024-11-04,7370,7470,7140,7450,396098,0.01085481682496603
2024-11-05,7450,7500,7150,7180,364548,-0.03624161073825505
2024-11-06,7270,7380,6910,7070,585735,-0.01532033426183843
2024-11-07,7030,7070,6660,6760,366274,-0.04384724186704381
2024-11-08,6760,7090,6760,6950,261419,0.028106508875739733
2024-11-11,6860,6970,6730,6970,186964,0.0028776978417266452
2024-11-12,6900,6970,6440,6480,455329,-0.07030129124820661
2024-11-13,6470,6540,6140,6200,350890,-0.043209876543209846
2024-11-14,6150,6500,6050,6080,316138,-0.01935483870967747
2024-11-15,6050,6100,5860,6000,234853,-0.013157894736842146
2024-11-18,6000,6090,5830,5980,196803,-0.0033333333333332993
2024-11-19,5980,6040,5850,5850,247344,-0.021739130434782594
2024-11-20,5810,5990,5720,5730,259977,-0.02051282051282055
2024-11-21,5750,5770,5570,5680,215386,-0.008726003490401424
2024-11-22,5680,5770,5590,5650,207879,-0.005281690140845119
2024-11-25,5650,5880,5630,5880,181995,0.04070796460176984
2024-11-26,6000,6230,5860,5880,439687,0.0
2024-11-27,5980,6070,5900,6030,231218,0.025510204081632626
2024-11-28,6030,6120,5950,6050,137855,0.0033167495854062867
2024-11-29,6050,6170,5810,5840,235986,-0.034710743801652844
2024-12-02,6000,6050,5860,5900,140423,0.010273972602739656
2024-12-03,5900,6020,5900,5930,110693,0.005084745762711895
2024-12-04,5770,5850,5650,5730,218124,-0.033726812816188834
2024-12-05,5710,5800,5560,5560,209112,-0.029668411867364797
2024-12-06,5510,5690,5250,5350,297631,-0.03776978417266186
2024-12-09,5090,5170,4960,4975,307694,-0.07009345794392519
2024-12-10,4975,5300,4975,5240,119462,0.05326633165829153
2024-12-11,5190,5540,5190,5530,97593,0.055343511450381744
2024-12-12,5550,5660,5400,5500,132333,-0.005424954792043413
2024-12-13,5540,5840,5450,5710,189578,0.038181818181818095
2024-12-16,5710,5790,5660,5720,83332,0.0017513134851139256
2024-12-17,5720,5940,5660,5820,124326,0.0174825174825175
2024-12-18,5800,5850,5740,5810,52254,-0.0017182130584192379
2024-12-19,5750,5750,5560,5560,83512,-0.04302925989672979
2024-12-20,5540,5600,5320,5320,128714,-0.043165467625899234
2024-12-23,5320,5550,5320,5510,96951,0.03571428571428581
2024-12-24,5450,5490,5330,5360,99322,-0.02722323049001818
2024-12-26,5390,5400,5160,5250,86338,-0.020522388059701524
2024-12-27,5170,5300,5140,5230,52578,-0.003809523809523818
2024-12-30,5120,5480,5120,5340,72828,0.021032504780114758
2025-01-02,5450,5460,5260,5350,82376,0.001872659176029856
2025-01-03,5360,5480,5340,5480,75471,0.024299065420560817
2025-01-06,5480,5740,5430,5740,122870,0.04744525547445266
2025-01-07,5690,5750,5590,5620,114148,-0.020905923344947785
2025-01-08,5660,5840,5600,5700,145431,0.014234875444839812
2025-01-09,5690,5750,5620,5700,88468,0.0
2025-01-10,5800,5840,5600,5620,98651,-0.01403508771929829
2025-01-13,5650,5650,5410,5450,109205,-0.030249110320284656
2025-01-14,5430,5500,5360,5420,103740,-0.0055045871559632475
2025-01-15,5420,5500,5120,5150,233351,-0.04981549815498154
2025-01-16,5190,5260,5180,5200,83537,0.009708737864077666
2025-01-17,5200,5220,5080,5120,97628,-0.01538461538461533
2025-01-20,5150,5170,5050,5130,403401,0.001953125
2025-01-21,5110,5240,5060,5080,112864,-0.00974658869395717
2025-01-22,5060,5090,4825,4830,494546,-0.049212598425196874
2025-01-23,4860,4860,4690,4700,195770,-0.026915113871635588
2025-01-24,4700,4800,4650,4700,159161,0.0
2025-01-31,4765,4770,4610,4640,103421,-0.012765957446808529
2025-02-03,4620,4640,4410,4470,210914,-0.03663793103448276
2025-02-04,4460,4655,4460,4540,112039,0.015659955257270708
2025-02-05,4600,4670,4525,4620,132691,0.017621145374449254
2025-02-06,4620,4675,4535,4565,117680,-0.011904761904761862
2025-02-07,4525,4560,4460,4485,123301,-0.017524644030668113
2025-02-10,4500,4535,4365,4525,95220,0.008918617614269708
2025-02-11,4550,4580,4490,4490,66641,-0.007734806629834279
2025-02-12,4500,4510,4400,4410,72441,-0.017817371937639215
2025-02-13,4375,4440,4365,4370,99071,-0.009070294784580546
2025-02-14,4390,4470,4375,4385,105927,0.003432494279176135
2025-02-17,4385,4510,4385,4475,75695,0.020524515393386622
2025-02-18,4475,4495,4395,4450,94416,-0.005586592178770999
2025-02-19,4425,4470,4415,4455,90084,0.0011235955056179137
2025-02-20,4450,4495,4320,4345,247680,-0.024691358024691357
2025-02-21,4375,4470,4305,4390,92588,0.010356731875719172
2025-02-24,4400,4470,4360,4445,107261,0.01252847380410027
2025-02-25,4445,4465,4370,4425,104345,-0.004499437570303688
2025-02-26,4430,4560,4400,4550,122941,0.02824858757062154
2025-02-27,4530,4560,4450,4495,82636,-0.012087912087912045
2025-02-28,4480,4480,4320,4330,165328,-0.036707452725250334
2025-03-04,4335,4420,4155,4195,105024,-0.03117782909930711
2025-03-05,4165,4295,4165,4285,99942,0.021454112038140627
2025-03-06,4290,4290,4150,4205,69851,-0.018669778296382722
2025-03-07,4205,4205,4100,4120,126455,-0.02021403091557672
2025-03-10,4120,4170,4085,4170,68194,0.012135922330097193
2025-03-11,4090,4145,4010,4120,84508,-0.011990407673860948
2025-03-12,4080,4200,4050,4100,75544,-0.004854368932038833
2025-03-13,4175,4175,4050,4075,54773,-0.0060975609756097615
2025-03-14,4075,4145,4040,4065,77741,-0.0024539877300613355
2025-03-17,4065,4095,4020,4080,53753,0.0036900369003689537
2025-03-18,4080,4155,4055,4130,63973,0.01225490196078427
2025-03-19,4185,4440,4130,4280,283229,0.036319612590798966
2025-03-20,4260,4280,4155,4185,80966,-0.02219626168224298
2025-03-21,4200,4225,4060,4120,114065,-0.015531660692950977
2025-03-24,4195,4200,4020,4125,57840,0.0012135922330096527
2025-03-25,4130,5070,4090,4475,2269667,0.08484848484848495
2025-03-26,4475,4620,4310,4345,461419,-0.029050279329608908
2025-03-27,4270,4630,4240,4245,481055,-0.023014959723820505
2025-03-28,4255,4370,4090,4095,221727,-0.035335689045936425
2025-03-31,4015,4190,3975,3985,133967,-0.026862026862026878
2025-04-01,4010,4105,3850,4015,51658,0.007528230865746499
2025-04-02,4000,4050,3895,3895,91155,-0.02988792029887921
2025-04-03,3895,3895,3780,3790,107442,-0.02695763799743256
2025-04-04,3805,4080,3805,4015,106430,0.05936675461741414
2025-04-07,3985,4065,3760,3800,118349,-0.0535491905354919
2025-04-08,3800,3925,3800,3835,89861,0.009210526315789558
2025-04-09,3875,3880,3510,3685,97011,-0.039113428943937434
2025-04-10,3805,3935,3800,3800,70717,0.031207598371777445
2025-04-11,3855,4050,3800,3960,112331,0.042105263157894646
2025-04-14,4130,4335,4105,4275,213506,0.07954545454545459
2025-04-15,4350,4350,4115,4235,99777,-0.009356725146198785
2025-04-16,4300,4360,4230,4295,84035,0.01416765053128688
2025-04-17,4215,4350,4215,4300,91085,0.0011641443538998875
2025-04-18,4320,4320,4240,4310,49494,0.0023255813953488857
2025-04-21,4340,4370,4245,4305,80960,-0.001160092807424573
2025-04-22,4360,4590,4305,4505,205830,0.04645760743321725
2025-04-23,4520,4850,4435,4825,229232,0.07103218645948939
2025-04-24,5000,5140,4850,4890,308399,0.013471502590673534
2025-04-25,4880,4950,4720,4785,134192,-0.021472392638036797
2025-04-28,4820,4835,4630,4645,88998,-0.02925809822361547
2025-04-29,4655,4820,4655,4675,76659,0.006458557588805203
2025-04-30,4780,4780,4585,4585,69960,-0.019251336898395754
2025-05-02,4775,4775,4500,4550,53867,-0.007633587786259555
2025-05-07,5000,5060,4575,4575,495564,0.005494505494505475
2025-05-08,4515,4670,4510,4570,81699,-0.0010928961748634114
2025-05-09,4645,4655,4460,4470,120051,-0.021881838074398252
2025-05-12,4470,4525,4345,4455,62991,-0.003355704697986628
2025-05-13,4510,4605,4455,4525,64124,0.015712682379348974
2025-05-14,4530,4560,4450,4530,53531,0.0011049723756906271
2025-05-15,4530,4655,4455,4580,72279,0.011037527593819041
2025-05-16,4605,4645,4460,4470,48877,-0.024017467248908297
2025-05-19,4575,4890,4350,4580,282805,0.02460850111856816
2025-05-20,4565,4720,4565,4660,83506,0.017467248908296984
2025-05-21,4770,4840,4705,4760,82773,0.02145922746781115
2025-05-22,4785,5350,4785,5110,560327,0.07352941176470584
2025-05-23,5130,5160,4840,4860,186497,-0.048923679060665415
2025-05-26,4900,5020,4870,4910,87754,0.010288065843621297
2025-05-27,5040,5270,4960,5110,153949,0.04073319755600813
2025-05-28,5190,5190,4950,4965,111575,-0.02837573385518588
2025-05-29,5010,5050,4910,5020,56336,0.011077542799597273
2025-05-30,5070,5100,4970,4995,46054,-0.004980079681274896
2025-06-02,5060,5130,4850,4960,56656,-0.00700700700700696
2025-06-04,4975,4975,4890,4910,69404,-0.01008064516129037
2025-06-05,5000,5000,4865,4910,63617,0.0
2025-06-09,4910,4975,4800,4960,85589,0.010183299389002087
2025-06-10,4955,5080,4925,5040,98253,0.016129032258064502
2025-06-11,5070,5120,5020,5080,51836,0.007936507936507908
2025-06-12,5050,5130,4990,5090,57104,0.0019685039370078705
2025-06-13,5090,5100,4810,4900,124595,-0.037328094302554016
2025-06-16,4900,4915,4715,4790,58062,-0.022448979591836782
2025-06-17,4805,5020,4525,4735,83348,-0.011482254697286032
2025-06-18,4705,4795,4705,4750,29717,0.0031678986272438703
2025-06-19,4820,4820,4725,4820,30661,0.01473684210526316
2025-06-20,4870,5040,4805,5040,94376,0.045643153526971014
2025-06-23,5010,5010,4850,4870,61204,-0.03373015873015872
2025-06-24,4900,5030,4890,5000,77410,0.026694045174537884
2025-06-25,5000,5050,4940,5000,45193,0.0
2025-06-26,5030,5030,4850,4905,35403,-0.019000000000000017
2025-06-27,4875,4940,4830,4845,43066,-0.012232415902140636
2025-06-30,4850,4880,4735,4735,39720,-0.02270381836945301
2025-07-01,4735,4890,4735,4820,49408,0.017951425554382228
