Date,Open,High,Low,Close,Volume,Change
2022-01-03,14200,14600,13900,14550,505359,0.02464788732394374
2022-01-04,14350,14800,13950,14650,504603,0.0068728522336769515
2022-01-05,14300,14800,13550,14000,544147,-0.04436860068259385
2022-01-06,13350,13650,13100,13200,275471,-0.05714285714285716
2022-01-07,13250,15800,13200,15400,2717000,0.16666666666666674
2022-01-10,15500,15750,14950,15250,1005303,-0.009740259740259716
2022-01-11,15250,15250,13900,14250,718883,-0.06557377049180324
2022-01-12,14300,14400,13800,14150,350954,-0.007017543859649145
2022-01-13,14150,14600,13900,14300,363956,0.010600706713780994
2022-01-14,14000,14650,13900,14250,240634,-0.0034965034965035446
2022-01-17,13950,14100,12600,12750,431647,-0.10526315789473684
2022-01-18,12900,15950,12700,13400,6406894,0.050980392156862786
2022-01-19,13000,13800,12750,13050,782419,-0.026119402985074647
2022-01-20,13400,13800,12750,13400,644023,0.026819923371647514
2022-01-21,13150,13450,12900,12950,292404,-0.03358208955223885
2022-01-24,12700,12800,12000,12150,329397,-0.061776061776061764
2022-01-25,12100,12400,11350,11400,335665,-0.06172839506172845
2022-01-26,11500,12050,11350,11750,253482,0.030701754385964897
2022-01-27,12000,13150,11700,12400,566654,0.05531914893617018
2022-01-28,12450,13400,12100,13000,697422,0.048387096774193505
2022-02-03,13300,13300,12700,13000,226030,0.0
2022-02-04,12950,13900,12800,13350,715907,0.026923076923076827
2022-02-07,13350,13550,13000,13200,178291,-0.011235955056179803
2022-02-08,13350,13900,12700,13100,380537,-0.007575757575757569
2022-02-09,13200,13450,13050,13200,104798,0.007633587786259444
2022-02-10,13200,13300,12850,12950,87840,-0.018939393939393923
2022-02-11,12750,13050,12450,12500,100566,-0.03474903474903479
2022-02-14,12100,12750,11900,12050,170314,-0.03600000000000003
2022-02-15,12400,14800,12150,13050,1939205,0.08298755186721984
2022-02-16,13300,13900,13050,13800,737000,0.05747126436781613
2022-02-17,13800,13950,12850,13650,509599,-0.010869565217391353
2022-02-18,13200,13650,13150,13450,242682,-0.0146520146520146
2022-02-21,13150,13600,13050,13400,150093,-0.0037174721189591198
2022-02-22,13050,13250,12900,13000,164750,-0.02985074626865669
2022-02-23,13050,13650,12950,13500,245553,0.03846153846153855
2022-02-24,13250,13750,12800,12800,361741,-0.051851851851851816
2022-02-25,13150,14450,13150,14400,1457797,0.125
2022-02-28,14000,14400,13800,14250,469336,-0.01041666666666663
2022-03-02,14050,14300,14000,14200,260543,-0.0035087719298245723
2022-03-03,14350,14400,13950,14200,215319,0.0
2022-03-04,14100,14500,13700,13900,296819,-0.021126760563380254
2022-03-07,13700,13800,13300,13450,185180,-0.03237410071942448
2022-03-08,13150,13650,12950,13150,213491,-0.022304832713754608
2022-03-10,13350,13800,13350,13450,283865,0.02281368821292773
2022-03-11,13450,13550,13200,13550,167994,0.0074349442379182396
2022-03-14,13600,14050,13250,13400,334918,-0.011070110701106972
2022-03-15,13400,13600,13200,13500,173646,0.00746268656716409
2022-03-16,13650,14150,13400,14050,363727,0.040740740740740744
2022-03-17,14500,14900,14100,14150,844503,0.007117437722419906
2022-03-18,14200,15000,14050,14950,1025953,0.05653710247349819
2022-03-21,15100,15150,14400,14550,411178,-0.026755852842809347
2022-03-22,14500,14650,14200,14600,222240,0.0034364261168384758
2022-03-23,14650,14950,14350,14700,313727,0.006849315068493178
2022-03-24,14550,14650,14400,14550,167543,-0.010204081632653073
2022-03-25,14650,18900,14500,18900,6107590,0.2989690721649485
2022-03-28,20300,21000,19300,19800,7545557,0.04761904761904767
2022-03-29,19850,20800,19550,20400,2682135,0.030303030303030276
2022-03-30,20500,21400,19900,20750,2372374,0.017156862745097978
2022-03-31,20400,22400,19700,20100,2639659,-0.031325301204819245
2022-04-01,19800,20600,19750,20350,1044438,0.01243781094527363
2022-04-04,19550,19750,19150,19500,716927,-0.041769041769041726
2022-04-05,19950,20150,19300,19550,556965,0.002564102564102555
2022-04-06,19550,20500,19450,20350,1570606,0.04092071611253201
2022-04-07,20050,20150,19250,19450,634632,-0.04422604422604426
2022-04-08,19400,19600,18150,18300,780820,-0.059125964010282805
2022-04-11,18600,19000,17750,17950,680754,-0.01912568306010931
2022-04-12,17800,18050,17050,17250,558081,-0.03899721448467963
2022-04-13,17500,17550,16700,17200,491823,-0.0028985507246376274
2022-04-14,17150,17650,16950,17350,403613,0.008720930232558155
2022-04-15,17150,17700,16700,17600,357047,0.014409221902017322
2022-04-18,17450,17550,17150,17150,202584,-0.025568181818181768
2022-04-19,17300,17500,17100,17250,169755,0.005830903790087438
2022-04-20,17650,18300,17300,17600,789800,0.020289855072463725
2022-04-21,17550,18150,17350,17950,423876,0.019886363636363535
2022-04-22,18400,18600,17700,17700,794952,-0.013927576601671321
2022-04-25,17050,17300,16200,16200,442209,-0.0847457627118644
2022-04-26,16300,19200,16200,17450,4790380,0.07716049382716039
2022-04-27,16750,17600,16600,17100,593577,-0.02005730659025784
2022-04-28,17400,17700,16800,16950,459794,-0.00877192982456143
2022-04-29,16950,17200,16500,16750,315978,-0.01179941002949858
2022-05-02,16450,17150,16350,16950,257148,0.011940298507462588
2022-05-03,17000,18000,16850,17400,802976,0.026548672566371723
2022-05-04,17850,17850,16900,17050,420139,-0.02011494252873558
2022-05-06,16500,16950,16500,16800,181737,-0.014662756598240456
2022-05-09,16600,16750,15900,15950,254589,-0.05059523809523814
2022-05-10,15500,15750,14950,15650,365734,-0.018808777429467072
2022-05-11,15650,15800,15150,15250,207234,-0.025559105431309903
2022-05-12,15000,15250,14250,14500,313857,-0.049180327868852514
2022-05-13,14700,15800,14700,15000,813266,0.034482758620689724
2022-05-16,15300,15700,15050,15300,262419,0.020000000000000018
2022-05-17,15300,15500,15050,15500,200988,0.013071895424836555
2022-05-18,15650,15850,15200,15450,295105,-0.003225806451612856
2022-05-19,14850,15300,14800,15150,157413,-0.01941747572815533
2022-05-20,15250,17100,15100,16350,1092185,0.07920792079207928
2022-05-23,16600,17300,16400,16400,590559,0.003058103975535076
2022-05-24,16550,17700,16450,16800,1171676,0.024390243902439046
2022-05-25,17350,17400,16500,16600,363018,-0.011904761904761862
2022-05-26,16800,17050,15800,15900,404699,-0.04216867469879515
2022-05-27,16050,16350,15750,16050,175950,0.009433962264151052
2022-05-30,16300,17250,16250,17150,494746,0.06853582554517135
2022-05-31,17350,17500,16950,17050,235521,-0.005830903790087438
2022-06-02,17100,18250,16900,18000,1191983,0.055718475073313734
2022-06-03,18250,18450,17800,18050,616994,0.002777777777777768
2022-06-07,18300,19100,18050,18650,1121597,0.0332409972299168
2022-06-08,18650,18750,18100,18600,261756,-0.002680965147453085
2022-06-09,18450,18450,17300,17400,675872,-0.06451612903225812
2022-06-10,17150,17350,16650,17000,296718,-0.02298850574712641
2022-06-13,16300,16500,15800,16000,358027,-0.05882352941176472
2022-06-14,15550,16450,15350,16350,305076,0.02187500000000009
2022-06-15,16450,16450,15400,15500,295457,-0.051987767584097844
2022-06-16,15950,16300,15600,15700,190604,0.012903225806451646
2022-06-17,15200,15550,14900,15550,174744,-0.009554140127388533
2022-06-20,15600,15650,14100,14450,403985,-0.07073954983922826
2022-06-21,14450,14800,14100,14450,256592,0.0
2022-06-22,14500,14650,13250,13250,307656,-0.08304498269896199
2022-06-23,13450,13650,12400,12400,381327,-0.0641509433962264
2022-06-24,12600,13300,12550,13300,276359,0.07258064516129026
2022-06-27,13350,13850,13100,13700,181219,0.03007518796992481
2022-06-28,13600,13950,13500,13850,167342,0.010948905109489093
2022-06-29,13550,14050,13400,13800,101221,-0.0036101083032491488
2022-06-30,13800,13900,13000,13000,200776,-0.05797101449275366
2022-07-01,13000,13400,12600,12750,108770,-0.019230769230769273
2022-07-04,12950,12950,11800,12400,202907,-0.027450980392156876
2022-07-05,12600,13050,12400,13050,178141,0.05241935483870974
2022-07-06,12850,13100,12700,12700,93752,-0.026819923371647514
2022-07-07,12800,13650,12750,13550,197739,0.06692913385826782
2022-07-08,13800,13800,13250,13350,107754,-0.014760147601476037
2022-07-11,13400,13800,13000,13450,160548,0.0074906367041198685
2022-07-12,13150,13200,12650,12750,135753,-0.052044609665427455
2022-07-13,12750,13100,12550,13000,108259,0.019607843137254832
2022-07-14,12850,13300,12800,13100,86383,0.007692307692307665
2022-07-15,13150,13200,12650,12950,55085,-0.011450381679389277
2022-07-18,13250,13550,13050,13400,116372,0.03474903474903468
2022-07-19,13500,13500,13250,13400,62862,0.0
2022-07-20,13700,13750,13300,13450,103524,0.003731343283582156
2022-07-21,13450,13850,13400,13650,106362,0.014869888475836479
2022-07-22,13700,13800,13500,13550,66257,-0.0073260073260073
2022-07-25,13450,13600,13250,13500,52853,-0.0036900369003689537
2022-07-26,13350,13550,13300,13500,42766,0.0
2022-07-27,13400,13750,13350,13750,86320,0.0185185185185186
2022-07-28,13950,14300,13750,13800,172599,0.0036363636363636598
2022-07-29,13950,14500,13950,14350,196470,0.03985507246376807
2022-08-01,14500,14900,14250,14650,245522,0.020905923344947785
2022-08-02,15900,17550,15300,15650,4249086,0.06825938566552892
2022-08-03,16150,16400,15700,15900,799847,0.015974440894568787
2022-08-04,16100,16150,15600,16000,345594,0.0062893081761006275
2022-08-05,15700,16050,15650,15750,219413,-0.015625
2022-08-08,15850,16250,15700,15750,308268,0.0
2022-08-09,15850,15850,15050,15450,222739,-0.01904761904761909
2022-08-10,15200,16000,15150,15550,190054,0.006472491909385036
2022-08-11,15850,15850,15400,15450,132123,-0.006430868167202619
2022-08-12,15500,16100,15500,15950,308614,0.032362459546925626
2022-08-16,16050,16250,15300,15450,347456,-0.031347962382445194
2022-08-17,15300,15350,14950,15000,184043,-0.029126213592232997
2022-08-18,14900,15400,14750,15200,148490,0.01333333333333342
2022-08-19,15450,15850,15050,15150,214266,-0.003289473684210509
2022-08-22,14850,14900,14250,14500,186073,-0.04290429042904287
2022-08-23,14200,14450,13950,14200,174640,-0.020689655172413834
2022-08-24,14200,14650,14200,14600,148403,0.028169014084507005
2022-08-25,14500,14950,14400,14750,142891,0.010273972602739656
2022-08-26,14800,15100,14400,14500,166724,-0.016949152542372836
2022-08-29,13700,14050,13650,14000,191104,-0.03448275862068961
2022-08-30,14000,14150,13850,14100,107287,0.0071428571428571175
2022-08-31,14000,14150,13750,14150,98645,0.0035460992907800915
2022-09-01,13950,14000,13250,13300,189379,-0.060070671378091856
2022-09-02,13400,13600,13050,13150,112385,-0.011278195488721776
2022-09-05,13150,14450,12850,13400,479801,0.019011406844106515
2022-09-06,13300,13600,13300,13450,80497,0.003731343283582156
2022-09-07,13250,13400,12750,12900,100144,-0.040892193308550207
2022-09-08,12950,14200,12950,13450,377777,0.04263565891472876
2022-09-13,13800,14400,13700,14350,204810,0.06691449814126393
2022-09-14,13800,14350,13700,14300,164678,-0.0034843205574912606
2022-09-15,14450,15050,14150,14850,314651,0.03846153846153855
2022-09-16,14750,15400,14650,14950,354263,0.006734006734006703
2022-09-19,15100,15300,14200,14400,256701,-0.03678929765886285
2022-09-20,14600,15250,14600,15250,321111,0.05902777777777768
2022-09-21,15100,15300,14850,15050,180475,-0.013114754098360604
2022-09-22,14900,15450,14650,15200,283378,0.009966777408637828
2022-09-23,15150,15200,14450,14650,166809,-0.03618421052631582
2022-09-26,14100,14400,13400,13450,285459,-0.08191126279863481
2022-09-27,13200,13900,13150,13750,252634,0.02230483271375472
2022-09-28,13600,13700,12300,12300,291196,-0.10545454545454547
2022-09-29,12600,12900,11900,11900,161797,-0.03252032520325199
2022-09-30,11550,12100,11550,11750,180066,-0.012605042016806678
2022-10-04,12000,12350,11950,12300,116493,0.04680851063829783
2022-10-05,12650,12700,11900,12000,115808,-0.024390243902439046
2022-10-06,12150,12850,12150,12650,115869,0.054166666666666696
2022-10-07,12450,14050,12450,12900,606416,0.01976284584980248
2022-10-11,12450,12750,12150,12650,126848,-0.019379844961240345
2022-10-12,12500,13200,12500,12900,131369,0.01976284584980248
2022-10-13,12800,12900,12050,12100,84280,-0.06201550387596899
2022-10-14,12450,12700,12400,12500,55216,0.03305785123966931
2022-10-17,12100,12700,12100,12650,76808,0.01200000000000001
2022-10-18,13000,13150,12750,13100,94466,0.035573122529644285
2022-10-19,13100,13150,12550,12650,108111,-0.03435114503816794
2022-10-20,12650,12850,12200,12350,72458,-0.02371541501976282
2022-10-21,12300,12600,12200,12250,64169,-0.0080971659919028
2022-10-24,12600,13000,12500,12650,74356,0.03265306122448974
2022-10-25,12650,12800,12500,12750,33658,0.007905138339920903
2022-10-26,12800,12850,12200,12300,66733,-0.03529411764705881
2022-10-27,12350,12500,12250,12500,34371,0.016260162601626105
2022-10-28,12350,12650,12350,12500,48811,0.0
2022-10-31,12650,12700,12250,12500,72699,0.0
2022-11-01,12400,12850,12400,12750,68964,0.020000000000000018
2022-11-02,12700,12700,12300,12350,69004,-0.03137254901960784
2022-11-03,12100,12550,12000,12500,65496,0.012145748987854255
2022-11-04,12500,13550,12400,12600,449846,0.008000000000000007
2022-11-07,12650,12650,12300,12450,89724,-0.011904761904761862
2022-11-08,12550,13100,12450,12900,145237,0.03614457831325302
2022-11-09,13050,13300,12900,13250,95214,0.027131782945736482
2022-11-10,13000,13300,12950,13100,56146,-0.01132075471698113
2022-11-11,13650,13650,13200,13300,115700,0.01526717557251911
2022-11-14,13200,13250,12800,12900,126618,-0.03007518796992481
2022-11-15,12950,13300,12850,13100,63922,0.015503875968992276
2022-11-16,13100,13350,12950,13300,67864,0.01526717557251911
2022-11-17,13250,13850,13200,13600,265478,0.022556390977443552
2022-11-18,13650,14150,13600,13950,200564,0.025735294117646967
2022-11-21,14000,14150,13550,13700,172526,-0.017921146953404965
2022-11-22,13700,14100,13500,13700,144834,0.0
2022-11-23,13800,14050,13600,13800,104058,0.007299270072992803
2022-11-24,13900,14000,13650,13950,90643,0.010869565217391353
2022-11-25,13800,14050,13450,13600,88974,-0.02508960573476704
2022-11-28,13550,13600,13000,13000,110761,-0.044117647058823484
2022-11-29,12850,13150,12850,13050,46730,0.0038461538461538325
2022-11-30,12850,13200,12850,13000,57463,-0.003831417624521105
2022-12-01,13300,13450,13050,13100,65789,0.007692307692307665
2022-12-02,13150,13250,12900,12900,60945,-0.01526717557251911
2022-12-05,12900,13150,12850,13000,38592,0.007751937984496138
2022-12-06,12850,12850,12400,12450,71668,-0.04230769230769227
2022-12-07,12350,12550,12200,12450,55616,0.0
2022-12-08,12450,12600,12350,12350,44955,-0.008032128514056214
2022-12-09,12350,12500,12100,12300,60346,-0.004048582995951455
2022-12-12,12300,12300,12000,12200,46123,-0.008130081300813052
2022-12-13,12250,12350,12100,12150,43640,-0.004098360655737654
2022-12-14,12250,12550,12150,12400,40238,0.020576131687242816
2022-12-15,12450,13200,12300,12850,295225,0.03629032258064524
2022-12-16,12550,12800,12450,12700,59491,-0.011673151750972721
2022-12-19,12700,13200,12650,13000,104025,0.023622047244094446
2022-12-20,12850,13100,12650,12850,69985,-0.011538461538461497
2022-12-21,12900,12950,12550,12650,43306,-0.015564202334630295
2022-12-22,12700,12750,12450,12450,47549,-0.015810276679841917
2022-12-23,12200,12250,11950,11950,83419,-0.04016064257028118
2022-12-26,11850,11950,11650,11700,74311,-0.02092050209205021
2022-12-27,11650,11950,11650,11900,57711,0.017094017094017033
2022-12-28,11800,12050,11700,11950,34366,0.004201680672268893
2022-12-29,11800,11850,11550,11800,42151,-0.012552301255230103
2023-01-02,11750,11950,11150,11150,81516,-0.05508474576271183
2023-01-03,11400,11950,11150,11550,150792,0.03587443946188351
2023-01-04,11500,12600,11200,12150,420327,0.051948051948051965
2023-01-05,12100,12450,11750,11900,123156,-0.020576131687242816
2023-01-06,11800,13700,11800,13250,1375502,0.11344537815126055
2023-01-09,13600,13950,13400,13850,486516,0.04528301886792452
2023-01-10,13800,14400,13500,13850,412805,0.0
2023-01-11,14200,14200,13650,13850,168484,0.0
2023-01-12,14050,14050,13350,13450,142617,-0.028880866425992746
2023-01-13,13550,14450,13500,14050,480860,0.044609665427509215
2023-01-16,14200,14300,13800,14000,258484,-0.003558718861209953
2023-01-17,14000,14400,13800,13850,184826,-0.010714285714285676
2023-01-18,13900,14650,13750,14400,441134,0.03971119133573997
2023-01-19,14150,14900,13950,14100,327620,-0.02083333333333337
2023-01-20,14100,14500,13850,14350,255294,0.01773049645390068
2023-01-25,14530,15100,14350,14640,358388,0.0202090592334494
2023-01-26,14820,15400,13850,13950,613165,-0.047131147540983576
2023-01-27,14000,14250,13670,14200,181014,0.017921146953405076
2023-01-30,14400,14410,13800,13950,172219,-0.017605633802816878
2023-01-31,13810,15180,13810,14740,807071,0.05663082437275979
2023-02-01,15000,15100,14160,14400,325639,-0.023066485753052923
2023-02-02,14550,14720,14200,14520,154679,0.008333333333333304
2023-02-03,14600,14690,14070,14230,178924,-0.01997245179063356
2023-02-06,14530,14530,13970,14000,112164,-0.016163035839775075
2023-02-07,13970,14800,13800,14580,362785,0.04142857142857137
2023-02-08,14750,14930,14600,14650,192924,0.004801097393690057
2023-02-09,14450,14740,14130,14140,149201,-0.034812286689419825
2023-02-10,14050,14080,13650,13720,157908,-0.02970297029702973
2023-02-13,13740,14140,13570,14030,119148,0.022594752186589018
2023-02-14,14120,14190,13590,13590,142097,-0.031361368496079844
2023-02-15,13600,13650,13050,13050,162350,-0.039735099337748325
2023-02-16,13190,13360,13140,13260,83153,0.016091954022988464
2023-02-17,13050,13340,13040,13120,46669,-0.010558069381598756
2023-02-20,13120,13190,12820,13130,79003,0.0007621951219511924
2023-02-21,13150,13380,13130,13240,92216,0.008377760853008454
2023-02-22,13050,13560,12980,13230,111907,-0.0007552870090634656
2023-02-23,13240,13690,13200,13540,144646,0.023431594860166216
2023-02-24,13700,13700,13020,13050,145844,-0.03618906942392908
2023-02-27,13050,13950,13050,13680,316339,0.048275862068965614
2023-02-28,13970,14170,13570,13740,181256,0.004385964912280604
2023-03-02,13850,14050,13550,13920,117707,0.013100436681222627
2023-03-03,14200,14410,13800,13880,139483,-0.002873563218390829
2023-03-06,13940,14590,13940,14280,251394,0.028818443804034644
2023-03-07,14280,14280,13870,14000,112967,-0.019607843137254943
2023-03-08,14040,14500,13810,13840,146662,-0.011428571428571455
2023-03-09,14010,15240,14000,14590,1357519,0.05419075144508678
2023-03-10,14420,16200,14360,14950,2109960,0.024674434544208257
2023-03-13,14800,14850,14000,14400,293787,-0.03678929765886285
2023-03-14,14550,14570,13250,13320,298765,-0.07499999999999996
2023-03-15,13730,14470,13640,14030,325381,0.05330330330330324
2023-03-16,14810,15950,14400,15810,1760713,0.1268709907341412
2023-03-17,16910,18590,16690,16900,3635653,0.06894370651486392
2023-03-20,17090,17370,16090,16350,724224,-0.03254437869822491
2023-03-21,16190,16580,16070,16200,374650,-0.00917431192660545
2023-03-22,16450,17800,16070,16700,1326876,0.030864197530864113
2023-03-23,17260,18460,16800,17290,2173115,0.035329341317365204
2023-03-24,17620,17690,16650,16820,434687,-0.02718334297281666
2023-03-27,16820,16890,16050,16730,441275,-0.005350772889417321
2023-03-28,17000,17380,16270,16380,399157,-0.02092050209205021
2023-03-29,16090,16240,15840,16200,267482,-0.01098901098901095
2023-03-30,16490,16800,16070,16650,389925,0.02777777777777768
2023-03-31,16700,16700,15930,16000,282093,-0.03903903903903905
2023-04-03,15950,16050,15490,15680,269227,-0.020000000000000018
2023-04-04,15640,15990,15030,15040,262600,-0.04081632653061229
2023-04-05,15040,15400,14870,15300,168681,0.017287234042553168
2023-04-06,15120,15170,14730,15040,197148,-0.016993464052287632
2023-04-07,15040,15420,14920,15190,217699,0.00997340425531923
2023-04-10,15230,15460,14940,15430,220808,0.015799868334430478
2023-04-11,15440,15960,15090,15920,275843,0.03175631885936481
2023-04-12,16400,16740,15860,15900,555700,-0.0012562814070351536
2023-04-13,15930,16970,15790,16460,597414,0.035220125786163514
2023-04-14,16690,16690,16140,16310,248324,-0.009113001215066863
2023-04-17,16310,16440,15820,16210,213156,-0.006131207847946074
2023-04-18,16110,16200,15370,15560,286104,-0.040098704503392923
2023-04-19,15700,16170,15650,15890,206231,0.021208226221079762
2023-04-20,15710,15740,15100,15190,190420,-0.04405286343612336
2023-04-21,15450,15640,14950,14950,150144,-0.01579986833443059
2023-04-24,15200,15440,14900,15230,139732,0.0187290969899665
2023-04-25,15230,15230,14290,14630,187413,-0.0393959290873277
2023-04-26,14410,14650,14250,14250,82577,-0.025974025974025983
2023-04-27,14250,14900,14070,14650,86940,0.02807017543859658
2023-04-28,14950,14950,14200,14280,88833,-0.025255972696245688
2023-05-02,14280,14900,14280,14680,87099,0.028011204481792618
2023-05-03,14680,15150,14630,14820,82476,0.0095367847411445
2023-05-04,14780,15150,14650,14860,82605,0.0026990553306343035
2023-05-08,15100,15170,14770,14860,68026,0.0
2023-05-09,14830,15270,14720,14990,84539,0.008748317631224856
2023-05-10,14940,15070,14580,14590,55129,-0.026684456304202797
2023-05-11,14740,14990,14740,14850,54869,0.017820424948594926
2023-05-12,14860,15000,14600,14660,53387,-0.012794612794612803
2023-05-15,14890,14890,14160,14330,74672,-0.022510231923601687
2023-05-16,14420,14630,14180,14440,46294,0.007676203768318235
2023-05-17,14290,14520,14230,14290,46465,-0.010387811634348987
2023-05-18,14370,15120,14330,15040,249807,0.05248425472358287
2023-05-19,15040,15480,14750,15220,179307,0.01196808510638303
2023-05-22,15220,15490,15040,15430,83910,0.013797634691195881
2023-05-23,15500,15500,15150,15440,65211,0.0006480881399870686
2023-05-24,15270,15280,14840,14920,94226,-0.033678756476683946
2023-05-25,14830,15090,14500,14720,100924,-0.013404825737265424
2023-05-26,14720,14730,14290,14320,91366,-0.02717391304347827
2023-05-30,14500,14900,14450,14870,89779,0.038407821229050176
2023-05-31,14640,14910,14590,14600,62124,-0.0181573638197714
2023-06-01,14630,14690,14420,14610,35141,0.00068493150684934
2023-06-02,14900,14960,14460,14540,71995,-0.00479123887748123
2023-06-05,14530,14740,14530,14670,42093,0.008940852819807388
2023-06-07,14700,14730,14470,14480,56803,-0.012951601908657073
2023-06-08,14480,14480,14050,14090,129167,-0.026933701657458564
2023-06-09,14150,14300,14030,14090,73055,0.0
2023-06-12,14100,14170,13730,13790,101398,-0.02129169623846705
2023-06-13,13820,14020,13800,13880,50381,0.006526468455402501
2023-06-14,13950,13990,13100,13260,161783,-0.04466858789625361
2023-06-15,13260,13440,12950,13200,89685,-0.004524886877828038
2023-06-16,13250,13680,13250,13530,61832,0.02499999999999991
2023-06-19,13520,13710,13400,13490,46554,-0.002956393200295615
2023-06-20,13400,13470,13050,13170,77245,-0.023721275018532273
2023-06-21,13100,13300,12900,12970,75087,-0.01518602885345477
2023-06-22,12830,13380,12830,13240,61371,0.020817270624518214
2023-06-23,13240,13950,13100,13380,118643,0.010574018126888296
2023-06-26,13380,13500,13050,13310,60489,-0.0052316890881913825
2023-06-27,13180,13490,13010,13010,83085,-0.02253944402704733
2023-06-28,13130,13180,12940,12940,73932,-0.005380476556494984
2023-06-29,12940,13020,12660,12750,62731,-0.014683153013910322
2023-06-30,12750,12970,12550,12940,46161,0.014901960784313717
2023-07-03,12980,13370,12960,13220,72402,0.021638330757341562
2023-07-04,13150,13270,13010,13160,42521,-0.004538577912254205
2023-07-05,13070,13130,12710,12840,74912,-0.024316109422492405
2023-07-06,12770,12810,12310,12380,86786,-0.03582554517133951
2023-07-07,12340,12480,12110,12300,55263,-0.00646203554119551
2023-07-10,12110,12290,11990,12050,74628,-0.020325203252032575
2023-07-11,12060,13660,12060,13000,535626,0.07883817427385886
2023-07-12,13000,13070,12730,12860,71658,-0.010769230769230753
2023-07-13,12860,13090,12840,12860,47276,0.0
2023-07-14,12910,12980,12610,12770,63977,-0.006998444790046632
2023-07-17,13000,13620,12880,13450,180269,0.05324980422866088
2023-07-18,13320,13470,12930,13060,117979,-0.028996282527881
2023-07-19,12980,13450,12890,13050,105126,-0.0007656967840734552
2023-07-20,12990,13410,12940,13410,81247,0.02758620689655178
2023-07-21,13200,13450,13060,13100,95223,-0.023117076808351955
2023-07-24,12980,13150,12610,12710,104940,-0.02977099236641223
2023-07-25,12650,12850,12250,12300,87118,-0.032258064516129004
2023-07-26,12210,12370,11530,11860,188643,-0.03577235772357723
2023-07-27,11670,12340,11670,12040,95234,0.015177065767284947
2023-07-28,11920,12520,11920,12430,67596,0.03239202657807305
2023-07-31,12590,12930,12200,12780,123942,0.028157683024939706
2023-08-01,12910,13240,12700,13060,111651,0.021909233176838905
2023-08-02,13060,13350,12680,12810,108557,-0.019142419601837712
2023-08-03,12720,12940,12510,12650,66897,-0.012490241998438734
2023-08-04,12570,13300,12530,13270,113901,0.04901185770750982
2023-08-07,13360,14690,13010,13360,1009233,0.006782215523737811
2023-08-08,13490,13910,13380,13520,238993,0.011976047904191711
2023-08-09,13790,14030,13500,13520,165360,0.0
2023-08-10,13490,13630,13100,13190,88426,-0.02440828402366868
2023-08-11,13300,13950,13220,13740,207072,0.04169825625473833
2023-08-14,13830,14100,13470,13670,221165,-0.005094614264919972
2023-08-16,13650,13650,12920,12960,172901,-0.05193855157278715
2023-08-17,12880,13190,12310,13070,92212,0.008487654320987748
2023-08-18,12730,13070,12610,12670,75022,-0.030604437643458327
2023-08-21,12640,12750,12550,12640,53601,-0.0023677979479084232
2023-08-22,12650,12700,12270,12290,70816,-0.027689873417721556
2023-08-23,12230,12420,12000,12020,56564,-0.021969080553295384
2023-08-24,12100,12620,12070,12540,59343,0.043261231281197965
2023-08-25,12340,12440,12150,12240,36011,-0.02392344497607657
2023-08-28,12500,13050,12400,12940,101083,0.05718954248366015
2023-08-29,13050,13180,12800,13160,63771,0.01700154559505407
2023-08-30,13310,13540,13220,13460,125416,0.022796352583586588
2023-08-31,13550,17400,13400,16770,8268231,0.2459138187221397
2023-09-01,16480,18980,16060,16870,7222435,0.005963029218843063
2023-09-04,16640,19770,16600,17510,6265267,0.03793716656787205
2023-09-05,17370,18010,17090,18010,439132,0.02855511136493427
2023-09-06,18230,18600,18220,18220,370028,0.011660188784008874
2023-09-07,18250,19110,18250,19110,481070,0.04884742041712409
2023-09-08,20100,21450,18040,18350,4055547,-0.03976975405546834
2023-09-11,18790,21800,18480,19820,4338095,0.08010899182561304
2023-09-12,19820,20100,17630,17940,1151203,-0.09485368314833498
2023-09-13,17500,17940,16760,16790,725956,-0.0641025641025641
2023-09-14,16900,17300,16550,17050,384178,0.015485407980941002
2023-09-15,16830,17180,16310,16530,302265,-0.030498533724340193
2023-09-18,16540,17100,16080,16100,324921,-0.026013309134906182
2023-09-19,16100,16400,15560,15620,223787,-0.029813664596273326
2023-09-20,15810,16130,14990,15420,374349,-0.012804097311139517
2023-09-21,15020,15280,14630,14690,237005,-0.0473411154345007
2023-09-22,14490,16470,14390,14890,1162527,0.013614703880190593
2023-09-25,14890,15700,14430,15000,363269,0.007387508394895992
2023-09-26,15200,15440,14210,14290,265262,-0.04733333333333334
2023-09-27,14250,15280,14160,15220,259665,0.06508047585724275
2023-10-04,15220,15250,14300,14500,178566,-0.047306176084099816
2023-10-05,14800,15010,12590,12820,609178,-0.1158620689655172
2023-10-06,12690,13100,12690,12850,136461,0.002340093603744098
2023-10-10,12840,13090,12410,12410,152506,-0.03424124513618676
2023-10-11,12510,12980,12510,12670,88643,0.020950846091861486
2023-10-12,12690,13240,12690,12900,161234,0.01815311760063132
2023-10-13,12790,12810,12300,12410,143868,-0.037984496124030986
2023-10-16,12200,12360,11770,11870,239670,-0.043513295729250556
2023-10-17,12000,12360,11920,11970,112417,0.008424599831508006
2023-10-18,11950,12200,11620,11680,118050,-0.024227234753550597
2023-10-19,11510,11640,11140,11180,140561,-0.042808219178082196
2023-10-20,11100,11200,10650,10670,158952,-0.04561717352415029
2023-10-23,10500,10860,10450,10500,94408,-0.015932521087160256
2023-10-24,10590,10990,10200,10900,98304,0.03809523809523818
2023-10-25,11020,11050,10750,10810,73063,-0.008256880733944927
2023-10-26,10460,10670,10270,10270,108681,-0.04995374653098983
2023-10-27,10270,10550,10140,10340,73125,0.006815968841285214
2023-10-30,10570,11200,10500,10990,182248,0.06286266924564798
2023-10-31,11030,11110,10420,10630,111398,-0.032757051865332065
2023-11-01,10830,11540,10730,11140,179654,0.047977422389463786
2023-11-02,11300,12880,11300,11810,1358729,0.060143626570915654
2023-11-03,12000,12590,11630,12260,306372,0.03810330228619807
2023-11-06,12430,12630,12050,12630,276023,0.030179445350734024
2023-11-07,12630,12750,12180,12510,139011,-0.009501187648456089
2023-11-08,12600,12840,12230,12460,169873,-0.003996802557953649
2023-11-09,12440,12460,12090,12260,81574,-0.0160513643659711
2023-11-10,12000,12330,11830,11930,121745,-0.0269168026101142
2023-11-13,12050,12440,11850,11850,109402,-0.0067057837384744134
2023-11-14,12000,12370,12000,12180,91624,0.02784810126582271
2023-11-15,12430,12650,12250,12470,138061,0.023809523809523725
2023-11-16,12650,12730,12340,12520,93589,0.00400962309542896
2023-11-17,12540,12540,11950,11980,116328,-0.04313099041533541
2023-11-20,11980,12490,11920,12380,90333,0.03338898163606019
2023-11-21,12460,12600,12170,12270,67879,-0.008885298869143798
2023-11-22,12270,12530,12130,12150,103827,-0.009779951100244544
2023-11-23,12200,12620,12140,12210,144841,0.004938271604938205
2023-11-24,12330,12590,12180,12590,97862,0.031122031122031046
2023-11-27,12710,12720,12220,12260,138416,-0.026211278792692583
2023-11-28,12260,12790,12260,12600,164477,0.027732463295269127
2023-11-29,12660,12880,12350,12570,272394,-0.0023809523809523725
2023-11-30,12700,13170,12580,12890,250605,0.025457438345266592
2023-12-01,12890,12920,12450,12510,138543,-0.02948021722265326
2023-12-04,12450,12470,12010,12080,124623,-0.03437250199840125
2023-12-05,11960,12190,11730,11900,87773,-0.01490066225165565
2023-12-06,11850,12040,11610,12000,60451,0.008403361344537785
2023-12-07,12000,12000,11690,11730,48861,-0.022499999999999964
2023-12-08,11790,12020,11790,11970,32027,0.020460358056265893
2023-12-11,12190,12390,11990,12290,86663,0.026733500417710943
2023-12-12,12390,12390,12090,12270,57511,-0.0016273393002440573
2023-12-13,12280,12280,12090,12090,63051,-0.014669926650366705
2023-12-14,12270,12390,12160,12210,61244,0.00992555831265518
2023-12-15,12310,12680,12150,12660,152689,0.03685503685503688
2023-12-18,13000,16440,12750,15860,6792102,0.2527646129541865
2023-12-19,15770,15990,15480,15850,1228151,-0.0006305170239596647
2023-12-20,15700,16920,15290,15870,2950767,0.0012618296529969264
2023-12-21,15690,16160,15300,15460,720921,-0.025834908632640152
2023-12-22,15620,15630,14640,14670,489549,-0.051099611901681774
2023-12-26,14640,14880,14400,14510,334441,-0.010906612133605997
2023-12-27,14540,14960,14260,14670,312742,0.01102687801516189
2023-12-28,14710,14940,14610,14780,193256,0.00749829584185413
2024-01-02,14780,15450,14770,15280,465949,0.03382949932341006
2024-01-03,15250,15750,15010,15610,464234,0.021596858638743388
2024-01-04,15540,15710,15210,15400,252717,-0.013452914798206317
2024-01-05,15410,16260,14870,15960,902041,0.036363636363636376
2024-01-08,15860,16430,15400,16350,729405,0.02443609022556381
2024-01-09,16350,16350,15550,15760,394204,-0.036085626911315005
2024-01-10,15650,17100,15130,16460,1481445,0.04441624365482233
2024-01-11,16510,16750,15480,15650,559380,-0.04921020656136088
2024-01-12,15660,16390,15500,15500,505839,-0.009584664536741228
2024-01-15,15800,16850,15800,15950,1371712,0.029032258064516148
2024-01-16,16300,17250,16000,17250,1490481,0.08150470219435735
2024-01-17,16800,17200,16140,16270,653542,-0.0568115942028985
2024-01-18,16390,16640,15810,16270,409686,0.0
2024-01-19,16240,16550,16170,16190,313647,-0.0049170251997541214
2024-01-22,16250,16640,15750,16560,323603,0.02285361334156888
2024-01-23,16850,16900,16320,16390,358335,-0.010265700483091833
2024-01-24,16360,16700,16030,16240,207929,-0.009151921903599702
2024-01-25,16230,16240,15510,15710,206668,-0.032635467980295596
2024-01-26,15510,16180,15410,15770,128513,0.003819223424570417
2024-01-29,15770,15850,14500,14630,329193,-0.07228915662650603
2024-01-30,14640,14930,13990,14200,198702,-0.029391660970608302
2024-01-31,14100,14450,13670,13740,148474,-0.032394366197183055
2024-02-01,13680,14310,13600,14070,158114,0.024017467248908186
2024-02-02,14280,14420,14000,14170,108687,0.007107320540156392
2024-02-05,14180,14290,13950,14100,56227,-0.004940014114325986
2024-02-06,14050,15760,13330,15240,1149494,0.08085106382978724
2024-02-07,14750,16300,14600,15550,2291938,0.020341207349081403
2024-02-08,16500,16600,15070,15070,798478,-0.03086816720257235
2024-02-13,15070,17050,14750,16480,1979337,0.0935633709356336
2024-02-14,16030,18580,15900,17700,5033863,0.07402912621359214
2024-02-15,17550,17700,16710,17130,785734,-0.03220338983050852
2024-02-16,17240,17440,16560,16560,545153,-0.03327495621716292
2024-02-19,16560,16680,16060,16260,297006,-0.018115942028985477
2024-02-20,16260,17170,16150,16500,593739,0.014760147601476037
2024-02-21,16250,17570,15960,16430,878580,-0.00424242424242427
2024-02-22,16600,16850,16400,16540,279933,0.0066950699939136715
2024-02-23,16420,16460,16050,16150,220534,-0.023579201934703753
2024-02-26,16250,16680,16100,16100,177618,-0.003095975232198178
2024-02-27,16130,16860,15900,16500,462649,0.024844720496894457
2024-02-28,16590,16820,16370,16470,235651,-0.0018181818181818299
2024-02-29,16200,16280,15960,15960,214779,-0.030965391621129323
2024-03-04,15960,16190,15750,16010,145537,0.0031328320802004317
2024-03-05,15900,16230,15350,15520,306146,-0.030605871330418477
2024-03-06,15470,15640,15130,15310,135237,-0.013530927835051498
2024-03-07,15310,15380,14770,14870,159766,-0.028739386022207714
2024-03-08,15000,15170,14550,15050,145871,0.012104909213180859
2024-03-11,15060,15500,14790,15420,142220,0.024584717607973428
2024-03-12,15350,15720,15040,15350,113309,-0.004539559014267169
2024-03-13,15400,15940,15360,15770,181878,0.02736156351791541
2024-03-14,15900,15900,15000,15310,129742,-0.02916930881420421
2024-03-15,15300,16060,15260,15570,229235,0.0169823644676681
2024-03-18,15610,15880,15430,15760,149708,0.012202954399486154
2024-03-19,15710,19720,15680,19390,12639449,0.23032994923857864
2024-03-20,20700,22750,19830,22200,11364709,0.144920061887571
2024-03-21,22400,24500,22000,23750,5028484,0.06981981981981988
2024-03-22,23150,23450,22250,22850,1373016,-0.037894736842105314
2024-03-25,23050,24500,22250,24100,2350038,0.054704595185995686
2024-03-26,23700,24400,22800,23300,1221594,-0.03319502074688796
2024-03-27,22950,23650,21750,22550,773721,-0.03218884120171672
2024-03-28,22150,22300,20900,21350,922394,-0.053215077605321515
2024-03-29,21350,22050,20550,20900,1179456,-0.021077283372365363
2024-04-01,20800,22050,20750,21200,1005248,0.014354066985645897
2024-04-02,21300,21350,19180,19370,1379601,-0.08632075471698109
2024-04-03,19200,19300,18230,18400,703631,-0.05007743933918429
2024-04-04,18830,19000,18070,18270,479079,-0.00706521739130439
2024-04-05,18010,18180,17600,17840,377173,-0.023535851122058027
2024-04-08,18480,18550,17870,18000,408357,0.008968609865470878
2024-04-09,19090,19600,17440,17480,1907856,-0.028888888888888853
2024-04-11,17090,20100,17010,18480,2393016,0.05720823798626995
2024-04-12,18520,18910,18100,18840,588607,0.01948051948051943
2024-04-15,18310,18340,17670,17960,316810,-0.04670912951167727
2024-04-16,17500,17900,16410,16750,484664,-0.06737193763919824
2024-04-17,16860,18000,16800,17170,520130,0.025074626865671634
2024-04-18,17060,17680,17060,17520,194243,0.02038439138031456
2024-04-19,17550,17550,16210,16690,297972,-0.04737442922374424
2024-04-22,16690,16900,16080,16260,232700,-0.025763930497303744
2024-04-23,16500,18140,16370,16400,1234259,0.008610086100861114
2024-04-24,16600,17050,16520,16910,301424,0.031097560975609673
2024-04-25,17200,21950,17120,21950,14188496,0.29804849201655825
2024-04-26,21600,22700,21000,22100,6611545,0.006833712984054774
2024-04-29,21550,21750,20400,21000,1930314,-0.04977375565610864
2024-04-30,20650,20950,19800,19850,1182880,-0.05476190476190479
2024-05-02,19760,20450,19410,20150,1261369,0.015113350125944613
2024-05-03,20050,20550,19840,19940,741141,-0.01042183622828785
2024-05-07,19920,20450,19800,20250,563504,0.015546639919759242
2024-05-08,20350,20450,18960,19040,738776,-0.059753086419753076
2024-05-09,18950,19390,18630,19160,528940,0.006302521008403339
2024-05-10,20800,21200,19010,19010,2775226,-0.007828810020876875
2024-05-13,18810,19950,18070,18070,828038,-0.0494476591267754
2024-05-14,17990,18460,17940,18030,297412,-0.0022136137244050946
2024-05-16,18230,18230,17730,17760,261735,-0.014975041597337757
2024-05-17,17720,18000,17520,17820,202963,0.0033783783783782884
2024-05-20,17820,18940,17780,18710,704418,0.04994388327721655
2024-05-21,18600,18920,18390,18750,324555,0.002137894174238486
2024-05-22,18670,19630,18520,18520,750751,-0.012266666666666648
2024-05-23,18600,18830,17880,17910,244878,-0.032937365010799136
2024-05-24,17700,17920,17300,17440,197689,-0.026242322724734812
2024-05-27,17500,18120,17370,17870,212845,0.024655963302752326
2024-05-28,18000,18800,17800,18170,268281,0.016787912702853847
2024-05-29,18210,18600,17590,17600,164414,-0.03137039075399006
2024-05-30,17500,17820,17310,17310,127565,-0.01647727272727273
2024-05-31,17260,17460,17030,17070,121052,-0.013864818024263426
2024-06-03,17290,18100,17230,17850,195938,0.04569420035149374
2024-06-04,17850,19570,17700,18230,1514118,0.02128851540616239
2024-06-05,18040,18620,17760,17760,205583,-0.02578167855183766
2024-06-07,17760,18150,17680,17830,126362,0.003941441441441373
2024-06-10,17820,17930,17240,17470,175834,-0.020190689848569865
2024-06-11,17470,18430,17470,18080,305505,0.03491700057240976
2024-06-12,18450,19200,18170,18180,514312,0.005530973451327359
2024-06-13,18300,18590,18050,18230,203165,0.002750275027502802
2024-06-14,18240,18400,17740,17740,140381,-0.026878771256171108
2024-06-17,18000,18100,17560,17560,101183,-0.01014656144306647
2024-06-18,17570,18300,17480,18150,166666,0.0335990888382689
2024-06-19,18170,18190,17590,17640,145952,-0.028099173553719048
2024-06-20,17740,17800,17540,17570,70464,-0.003968253968253954
2024-06-21,17710,17800,16410,16410,250699,-0.06602162777461584
2024-06-24,16230,16300,15020,15180,375306,-0.07495429616087756
2024-06-25,15160,15750,15090,15630,129400,0.029644268774703608
2024-06-26,15640,15850,15530,15630,75508,0.0
2024-06-27,15590,15710,15190,15190,98775,-0.028150991682661552
2024-06-28,15210,15670,15110,15180,74904,-0.0006583278472679366
2024-07-01,15180,15400,15040,15050,93882,-0.008563899868247682
2024-07-02,15010,15140,14560,14580,127272,-0.03122923588039872
2024-07-03,14590,14950,14290,14690,142196,0.007544581618655677
2024-07-04,14690,15090,14510,14620,75960,-0.004765146358066685
2024-07-05,15110,15820,14620,14630,334938,0.0006839945280436854
2024-07-08,14590,15090,14580,14800,80196,0.011619958988380086
2024-07-09,14940,15020,14740,14880,84188,0.00540540540540535
2024-07-10,14980,15640,14980,15410,175789,0.0356182795698925
2024-07-11,15430,15610,15200,15220,110875,-0.012329656067488592
2024-07-12,15410,16850,15300,15870,963657,0.04270696452036793
2024-07-15,15640,15760,15260,15390,135981,-0.03024574669187141
2024-07-16,15400,15790,15010,15010,89622,-0.024691358024691357
2024-07-17,15030,15190,14600,14610,75706,-0.02664890073284476
2024-07-18,14450,14600,13770,13980,122867,-0.043121149897330624
2024-07-19,13940,14470,13940,14250,57834,0.0193133047210301
2024-07-22,14200,14210,13500,13530,104769,-0.05052631578947364
2024-07-23,13700,14110,13660,13910,74531,0.028085735402808565
2024-07-24,13800,16870,13600,14550,2830372,0.046010064701653475
2024-07-25,14050,14400,13970,14040,154416,-0.035051546391752564
2024-07-26,14050,14180,13610,13820,117513,-0.015669515669515688
2024-07-29,13790,13900,13500,13680,77479,-0.01013024602026047
2024-07-30,13610,13670,13090,13090,110454,-0.04312865497076024
2024-07-31,12990,13300,12830,13270,74818,0.013750954927425507
2024-08-01,13280,13660,13280,13370,49869,0.007535795026375247
2024-08-02,13140,13140,12040,12170,329429,-0.08975317875841438
2024-08-05,11770,11950,10160,10630,309508,-0.12654067378800327
2024-08-06,10500,11700,10500,11550,206010,0.08654750705550329
2024-08-07,11550,11990,11510,11820,82817,0.023376623376623273
2024-08-08,11770,11800,11320,11600,67597,-0.0186125211505922
2024-08-09,11710,12450,11710,12190,84957,0.05086206896551726
2024-08-12,12300,12690,12300,12600,80838,0.033634126333059955
2024-08-13,12430,12910,12340,12510,80279,-0.0071428571428571175
2024-08-14,12710,12970,12610,12620,98643,0.008792965627498095
2024-08-16,12900,12960,12670,12820,69639,0.015847860538827252
2024-08-19,12880,12950,12540,12580,46923,-0.018720748829953227
2024-08-20,12690,13280,12690,13210,130283,0.050079491255961894
2024-08-21,13080,13410,12810,13200,93734,-0.0007570022710068347
2024-08-22,13190,13360,12820,13020,120745,-0.013636363636363669
2024-08-23,12820,13090,12810,12890,49735,-0.009984639016897057
2024-08-26,13090,13090,12600,12700,57375,-0.014740108611326574
2024-08-27,12610,12810,12420,12760,39355,0.0047244094488188
2024-08-28,12760,12890,12400,12500,47786,-0.020376175548589393
2024-08-29,12350,12700,12200,12350,60175,-0.01200000000000001
2024-08-30,12490,12570,12250,12510,45210,0.012955465587044523
2024-09-02,12670,12670,12320,12650,33980,0.011191047162270262
2024-09-03,12650,12790,12170,12190,52409,-0.036363636363636376
2024-09-04,11520,11900,11350,11550,78331,-0.052502050861361726
2024-09-05,11580,11990,11280,11440,63133,-0.00952380952380949
2024-09-06,11340,11490,10780,10810,84979,-0.055069930069930106
2024-09-09,10600,11200,10410,11190,51643,0.035152636447733476
2024-09-10,11300,11300,10840,10850,33459,-0.030384271671134888
2024-09-11,10860,11340,10860,11070,41620,0.02027649769585249
2024-09-12,11180,11950,11180,11770,70684,0.06323396567299011
2024-09-13,11780,11780,11530,11550,30163,-0.01869158878504673
2024-09-19,11700,11740,11400,11620,35156,0.0060606060606061
2024-09-20,11700,11890,11570,11610,29647,-0.000860585197934638
2024-09-23,11610,11880,11510,11560,30739,-0.004306632213608941
2024-09-24,11500,11840,11500,11800,17209,0.02076124567474058
2024-09-25,11810,12100,11640,11670,40072,-0.011016949152542366
2024-09-26,11790,12380,11790,12270,67043,0.05141388174807204
2024-09-27,12270,12300,12050,12050,25522,-0.01792991035044822
2024-09-30,12050,12350,11910,11970,29383,-0.00663900414937757
2024-10-02,11900,12040,11630,11740,28937,-0.019214703425229795
2024-10-04,11700,11980,11610,11760,30897,0.0017035775127767216
2024-10-07,11800,12250,11800,12240,43608,0.04081632653061229
2024-10-08,12200,12240,11950,12000,23968,-0.019607843137254943
2024-10-10,12090,12110,11760,11780,38721,-0.018333333333333313
2024-10-11,11780,12900,11780,11880,239820,0.008488964346349714
2024-10-14,11950,12200,11800,11930,58387,0.004208754208754106
2024-10-15,11990,12220,11690,11790,48391,-0.011735121542330251
2024-10-16,11750,11750,11420,11630,53287,-0.013570822731128085
2024-10-17,11520,11680,11350,11390,51450,-0.020636285468615623
2024-10-18,11390,11450,10900,10910,57294,-0.04214223002633888
2024-10-21,10870,11440,10870,11340,44955,0.039413382218148385
2024-10-22,11130,11340,10570,10660,92079,-0.059964726631393295
2024-10-23,10580,10840,10410,10840,35842,0.016885553470919357
2024-10-24,10690,10760,10350,10350,39777,-0.045202952029520294
2024-10-25,10350,10530,10230,10270,39419,-0.007729468599033784
2024-10-28,10230,10750,10230,10550,30051,0.027263875365141077
2024-10-29,10560,10640,10260,10420,34249,-0.012322274881516604
2024-10-30,10420,10530,10300,10350,31293,-0.006717850287907834
2024-10-31,10230,10630,10000,10410,48838,0.005797101449275255
2024-11-01,10320,10390,10120,10150,32976,-0.02497598463016326
2024-11-04,10160,10480,10150,10380,25352,0.022660098522167438
2024-11-05,10260,10580,10260,10420,18839,0.003853564547206201
2024-11-06,10420,10650,10150,10250,54987,-0.016314779270633406
2024-11-07,10270,10820,10140,10680,82221,0.04195121951219516
2024-11-08,10690,10990,10550,10680,37151,0.0
2024-11-11,10600,10770,10150,10290,48832,-0.0365168539325843
2024-11-12,10210,10570,9770,9770,108976,-0.05053449951409139
2024-11-13,9520,12280,9520,10360,3891919,0.060388945752303025
2024-11-14,10560,10730,10180,10340,366843,-0.0019305019305019266
2024-11-15,10180,11420,9980,10760,738888,0.04061895551257244
2024-11-18,10560,11010,10550,10800,162001,0.0037174721189590088
2024-11-19,10800,11340,10650,10920,379063,0.011111111111111072
2024-11-20,11060,11080,10500,10530,129329,-0.0357142857142857
2024-11-21,10430,10580,10280,10280,102285,-0.023741690408357052
2024-11-22,10450,11150,10440,10880,273582,0.05836575875486383
2024-11-25,11040,11280,10900,11280,120387,0.03676470588235303
2024-11-26,11280,11550,11100,11390,148853,0.009751773049645474
2024-11-27,11390,11700,10910,11500,214017,0.009657594381035972
2024-11-28,11660,11660,11130,11230,128436,-0.02347826086956517
2024-11-29,11160,11490,10970,11270,103496,0.003561887800534347
2024-12-02,11260,11330,10770,10800,97841,-0.041703637976929886
2024-12-03,10650,11050,10650,11050,56583,0.02314814814814814
2024-12-04,10710,10900,10200,10250,168087,-0.07239819004524883
2024-12-05,10430,10500,10090,10380,62593,0.012682926829268304
2024-12-06,10300,10390,9620,10040,148991,-0.032755298651252374
2024-12-09,9710,9720,9060,9060,143072,-0.09760956175298807
2024-12-10,8910,10070,8910,10010,106384,0.10485651214128033
2024-12-11,9910,10450,9910,10300,51637,0.02897102897102899
2024-12-12,10520,10750,10080,10280,87481,-0.001941747572815511
2024-12-13,10130,10370,10130,10200,98610,-0.0077821011673151474
2024-12-16,10360,10730,10310,10670,106785,0.04607843137254908
2024-12-17,10670,10800,10400,10640,48425,-0.002811621368322359
2024-12-18,10690,10870,10540,10680,57833,0.003759398496240518
2024-12-19,10300,10540,10210,10440,37403,-0.022471910112359605
2024-12-20,10590,10590,10050,10110,79012,-0.031609195402298895
2024-12-23,10180,10670,10180,10560,67277,0.04451038575667665
2024-12-24,10560,11000,10560,10830,163803,0.02556818181818188
2024-12-26,10930,11390,10900,10900,194439,0.006463527239150446
2024-12-27,10820,11000,10430,10770,74459,-0.011926605504587129
2024-12-30,11000,14000,10870,14000,5241529,0.2999071494893222
2025-01-02,15570,16800,15070,15660,5605488,0.11857142857142855
2025-01-03,15500,15750,14850,15750,1463778,0.005747126436781658
2025-01-06,15780,16350,15240,15990,1481254,0.015238095238095273
2025-01-07,15920,17300,15520,16120,4785008,0.008130081300812941
2025-01-08,16100,16130,14800,14860,957825,-0.07816377171215882
2025-01-09,14700,15970,14070,15480,2071544,0.04172274562584111
2025-01-10,15830,16950,15380,15470,2112268,-0.0006459948320413078
2025-01-13,15020,15900,15000,15520,478667,0.003232062055591456
2025-01-14,15400,15600,15090,15280,312274,-0.015463917525773141
2025-01-15,15280,15300,14190,14350,421164,-0.06086387434554974
2025-01-16,14520,14890,14290,14670,238918,0.022299651567944334
2025-01-17,14440,15060,14040,14840,391410,0.011588275391956282
2025-01-20,15060,15060,14250,14560,225594,-0.018867924528301883
2025-01-21,14690,15240,14440,14770,428093,0.014423076923076872
2025-01-22,15390,15800,14810,15070,757609,0.02031144211239
2025-01-23,15100,16450,14520,15230,2316776,0.010617120106171107
2025-01-24,15320,15890,15020,15530,503383,0.019697964543663904
2025-01-31,15610,17110,15610,16390,2816948,0.05537669027688352
2025-02-03,16080,18200,15760,16810,3107331,0.0256253813300793
2025-02-04,16500,17530,16340,16380,906270,-0.02558001189768
2025-02-05,16590,17770,16520,16990,1231690,0.03724053724053733
2025-02-06,17000,17100,15870,16060,672129,-0.05473808122424961
2025-02-07,16100,18030,16010,17190,2523525,0.07036114570361152
2025-02-10,17730,21350,17600,20150,7333038,0.1721931355439208
2025-02-11,19770,20000,18880,18880,1211129,-0.06302729528535977
2025-02-12,18740,18740,17030,17070,1065575,-0.0958686440677966
2025-02-13,17030,17800,16640,17330,801861,0.015231400117164506
2025-02-14,17320,17890,17090,17510,503693,0.010386612810155738
2025-02-17,17500,17600,16860,17600,444394,0.0051399200456880845
2025-02-18,17750,18650,17100,18620,1170963,0.05795454545454537
2025-02-19,18740,18750,17770,17980,427172,-0.034371643394199736
2025-02-20,17810,17810,16900,17050,323195,-0.051724137931034475
2025-02-21,16820,19440,16760,17820,3718539,0.04516129032258065
2025-02-24,17210,18150,16780,17550,533606,-0.015151515151515138
2025-02-25,17260,17950,16920,17290,358513,-0.014814814814814836
2025-02-26,17220,17460,16760,16860,262732,-0.02486986697513016
2025-02-27,17000,17350,16020,16080,319553,-0.0462633451957295
2025-02-28,15460,15960,15170,15250,309065,-0.0516169154228856
2025-03-04,15000,15510,14700,15250,144209,0.0
2025-03-05,15250,15940,15160,15550,205728,0.01967213114754096
2025-03-06,15550,15650,14940,15080,186609,-0.030225080385852143
2025-03-07,14810,15320,14740,15000,118008,-0.0053050397877983935
2025-03-10,15010,15430,14750,14850,119285,-0.010000000000000009
2025-03-11,14250,15310,14160,15150,186463,0.02020202020202011
2025-03-12,15390,16300,15200,15640,325938,0.032343234323432446
2025-03-13,16050,16060,15130,15130,151293,-0.03260869565217395
2025-03-14,15240,17450,15240,16920,1154818,0.11830799735624598
2025-03-17,17430,18010,16980,17780,1161132,0.05082742316784872
2025-03-18,17690,17700,17080,17110,335947,-0.03768278965129357
2025-03-19,17360,17480,16130,16160,463063,-0.05552308591466981
2025-03-20,16330,16650,15620,15700,234584,-0.02846534653465349
2025-03-21,15510,15790,15030,15240,161696,-0.029299363057324834
2025-03-24,15180,15470,15100,15290,92569,0.0032808398950130435
2025-03-25,15490,15490,14500,14600,156013,-0.04512753433616745
2025-03-26,14540,15100,14430,14850,107899,0.017123287671232834
2025-03-27,14850,15000,14350,14440,87343,-0.02760942760942764
2025-03-28,14440,14700,13880,13980,108334,-0.03185595567867039
2025-03-31,13550,14220,13430,13820,101132,-0.011444921316165924
2025-04-01,14030,14190,13520,13530,116339,-0.02098408104196814
2025-04-02,13870,14180,13460,13640,152302,0.008130081300812941
2025-04-03,13200,15090,13160,14190,349724,0.040322580645161255
2025-04-04,14210,14400,13390,13760,162954,-0.030303030303030276
2025-04-07,13100,13100,12680,12680,143596,-0.07848837209302328
2025-04-08,12950,13100,12460,12510,94259,-0.01340694006309151
2025-04-09,12290,12800,12100,12300,103709,-0.016786570743405282
2025-04-10,13100,13405,12810,13180,125866,0.07154471544715446
2025-04-11,12870,13800,12870,13800,123849,0.047040971168436974
2025-04-14,13890,14210,13750,14060,114752,0.018840579710144967
2025-04-15,14120,17440,14070,16790,5532746,0.1941678520625889
2025-04-16,16170,17780,15750,15900,2836658,-0.053007742703990446
2025-04-17,15750,16050,15530,15900,409641,0.0
2025-04-18,15900,16010,15130,15210,282661,-0.04339622641509433
2025-04-21,15070,15500,15040,15230,154162,0.0013149243918475495
2025-04-22,15010,15390,14950,15300,161007,0.004596191726854881
2025-04-23,15470,15590,15130,15280,180710,-0.0013071895424836555
2025-04-24,15420,15460,14930,14970,153392,-0.020287958115183247
2025-04-25,15050,15260,15000,15080,101568,0.007348029392117539
2025-04-28,15090,15120,14520,14580,136079,-0.03315649867374004
2025-04-29,14660,14940,14590,14700,105733,0.008230452674897082
2025-04-30,14700,14760,14240,14300,113597,-0.027210884353741527
2025-05-02,14200,14430,14070,14320,57482,0.0013986013986013734
2025-05-07,14450,15100,14360,15100,155214,0.0544692737430168
2025-05-08,15180,15800,15000,15460,541387,0.02384105960264904
2025-05-09,15410,15440,14600,14700,239096,-0.04915912031047864
2025-05-12,14750,15080,14700,15080,110605,0.02585034013605436
2025-05-13,15120,15790,15110,15150,339105,0.004641909814323553
2025-05-14,15280,16100,15270,16040,515810,0.058745874587458724
2025-05-15,16440,16480,15410,15680,399795,-0.02244389027431426
2025-05-16,15810,17520,15720,16030,3201299,0.022321428571428603
2025-05-19,15900,16480,15230,16160,560047,0.008109794135995108
2025-05-20,16300,16680,15950,15950,353261,-0.012995049504950451
2025-05-21,15950,16100,15530,15540,170446,-0.025705329153605017
2025-05-22,15130,15370,15120,15180,110854,-0.02316602316602312
2025-05-23,15220,15370,14920,15000,92753,-0.011857707509881465
2025-05-26,14950,15470,14790,15310,85087,0.02066666666666661
2025-05-27,15450,15450,15030,15190,72952,-0.007838014369693003
2025-05-28,15340,15600,15120,15300,113801,0.0072416063199474134
2025-05-29,15420,15680,15250,15250,111516,-0.0032679738562091387
2025-05-30,15200,15240,14700,14760,149202,-0.03213114754098356
2025-06-02,14800,15160,14580,14990,82296,0.015582655826558156
2025-06-04,15140,15800,15090,15690,182148,0.046697798532354895
2025-06-05,15730,15800,15400,15550,117104,-0.008922880815806278
2025-06-09,15550,15700,15130,15430,113090,-0.007717041800643032
2025-06-10,15540,15890,15120,15130,164686,-0.01944264419961117
2025-06-11,15200,15350,15080,15180,79595,0.0033046926635822427
2025-06-12,15200,15620,15050,15370,138672,0.012516469038208244
2025-06-13,15400,15520,14510,14610,196228,-0.049446974625894646
2025-06-16,14450,14980,14340,14870,121849,0.017796030116358663
2025-06-17,14930,15720,14510,14550,594100,-0.02151983860121054
2025-06-18,14550,14980,14400,14640,124487,0.006185567010309256
2025-06-19,14770,15040,14430,14530,123649,-0.007513661202185773
2025-06-20,14620,15370,14470,15060,247164,0.03647625602202331
2025-06-23,14900,16960,14680,16470,1599920,0.09362549800796804
2025-06-24,17100,17200,16570,17000,644576,0.032179720704310855
2025-06-25,17100,17420,16580,16810,396598,-0.011176470588235343
2025-06-26,17040,17140,15400,16040,286247,-0.045806067816775764
2025-06-27,16400,16750,15500,16150,223386,0.00685785536159611
2025-06-30,16190,16470,15850,16020,101730,-0.00804953560371513
2025-07-01,16240,16520,15800,15880,96310,-0.008739076154806513
