Date,Open,High,Low,Close,Volume,Change
2022-01-03,3735,3810,3680,3715,9311,-0.0053547523427041055
2022-01-04,3715,3725,3660,3705,24495,-0.0026917900403768957
2022-01-05,3710,3765,3620,3660,38357,-0.012145748987854255
2022-01-06,3645,3660,3600,3630,27288,-0.008196721311475419
2022-01-07,3615,3635,3600,3635,18234,0.0013774104683195176
2022-01-10,3650,3670,3645,3670,11704,0.009628610729023324
2022-01-11,3670,3690,3620,3625,15343,-0.012261580381471404
2022-01-12,3625,3690,3625,3650,8085,0.006896551724137945
2022-01-13,3720,3795,3700,3730,13577,0.021917808219177992
2022-01-14,3745,3850,3720,3740,24994,0.002680965147453085
2022-01-17,3740,3750,3685,3745,38248,0.0013368983957218195
2022-01-18,3705,3735,3605,3605,15576,-0.03738317757009346
2022-01-19,3605,3630,3400,3505,20062,-0.0277392510402219
2022-01-20,3450,3540,3450,3530,25265,0.007132667617689048
2022-01-21,3595,3670,3545,3660,19849,0.03682719546742219
2022-01-24,3620,3625,3470,3470,8710,-0.051912568306010876
2022-01-25,3470,3470,3285,3365,21898,-0.030259365994236287
2022-01-26,3300,3365,3300,3360,12008,-0.0014858841010401136
2022-01-27,3345,3345,3230,3235,13382,-0.03720238095238093
2022-01-28,3235,3320,3205,3300,14774,0.020092735703245657
2022-02-03,3330,3420,3325,3360,17549,0.018181818181818077
2022-02-04,3375,3405,3370,3385,9846,0.007440476190476275
2022-02-07,3390,3400,3385,3400,8830,0.004431314623338345
2022-02-08,3400,3480,3400,3400,12178,0.0
2022-02-09,3465,3465,3425,3440,4395,0.0117647058823529
2022-02-10,3465,3465,3425,3425,15505,-0.0043604651162790775
2022-02-11,3420,3420,3275,3275,32255,-0.04379562043795615
2022-02-14,3195,3230,3140,3175,10233,-0.03053435114503822
2022-02-15,3135,3180,3110,3125,19252,-0.015748031496062964
2022-02-16,3140,3350,3140,3300,12609,0.05600000000000005
2022-02-17,3330,3430,3300,3395,29896,0.028787878787878807
2022-02-18,3395,3540,3395,3450,9207,0.016200294550809957
2022-02-21,3515,3530,3430,3455,11701,0.0014492753623187582
2022-02-22,3455,3465,3420,3420,21315,-0.01013024602026047
2022-02-23,3385,3430,3360,3415,21759,-0.0014619883040936088
2022-02-24,3450,3470,3270,3270,17011,-0.04245973645680823
2022-02-25,3270,4155,3265,3450,979050,0.05504587155963292
2022-02-28,3475,3745,3455,3565,119694,0.03333333333333344
2022-03-02,3570,3570,3505,3545,34306,-0.005610098176718092
2022-03-03,3545,3615,3515,3595,20786,0.014104372355430161
2022-03-04,3595,3685,3580,3590,19100,-0.0013908205841446364
2022-03-07,3590,3590,3525,3525,8362,-0.01810584958217265
2022-03-08,3420,3520,3415,3465,13660,-0.017021276595744705
2022-03-10,3465,3555,3460,3495,16422,0.008658008658008587
2022-03-11,3495,3680,3495,3580,13376,0.024320457796852546
2022-03-14,3580,3580,3465,3510,14525,-0.019553072625698276
2022-03-15,3475,3510,3465,3510,11497,0.0
2022-03-16,3510,3620,3460,3600,24229,0.02564102564102555
2022-03-17,3635,3640,3605,3615,13933,0.004166666666666652
2022-03-18,3655,3710,3620,3670,9696,0.015214384508990264
2022-03-21,3670,3695,3630,3665,16275,-0.0013623978201634523
2022-03-22,3665,3735,3650,3720,12987,0.01500682128240105
2022-03-23,3735,3745,3695,3710,10599,-0.0026881720430107503
2022-03-24,3700,3710,3675,3695,6671,-0.0040431266846361336
2022-03-25,3695,3735,3675,3730,5500,0.009472259810554773
2022-03-28,3730,3740,3690,3740,7132,0.002680965147453085
2022-03-29,3740,3750,3690,3735,16615,-0.0013368983957219305
2022-03-30,3735,3775,3720,3770,13459,0.009370816599732157
2022-03-31,3995,4840,3805,4185,1745985,0.11007957559681691
2022-04-01,4275,4280,4090,4090,152637,-0.022700119474313052
2022-04-04,4090,4090,3995,4050,79543,-0.009779951100244544
2022-04-05,4050,4070,3900,4070,43281,0.004938271604938205
2022-04-06,4065,4065,3940,3960,41881,-0.027027027027026973
2022-04-07,3920,3945,3820,3825,40252,-0.03409090909090906
2022-04-08,3785,3945,3785,3920,43951,0.024836601307189454
2022-04-11,3960,3980,3875,3875,27277,-0.011479591836734748
2022-04-12,3855,3865,3790,3830,11778,-0.011612903225806437
2022-04-13,3830,3940,3790,3930,12678,0.02610966057441244
2022-04-14,3925,3975,3870,3975,11632,0.011450381679389388
2022-04-15,3935,3975,3910,3975,16488,0.0
2022-04-18,3975,3995,3970,3970,25339,-0.0012578616352201255
2022-04-19,3970,4000,3940,3990,16148,0.005037783375314797
2022-04-20,4030,4030,3955,4025,30474,0.00877192982456143
2022-04-21,4025,4035,3985,4025,17124,0.0
2022-04-22,4025,4025,3970,3990,15834,-0.008695652173912993
2022-04-25,3985,3985,3860,3875,25805,-0.028822055137844638
2022-04-26,3855,3935,3855,3925,18323,0.012903225806451646
2022-04-27,3890,3940,3810,3825,26859,-0.02547770700636942
2022-04-28,3825,3915,3795,3840,23030,0.0039215686274509665
2022-04-29,3775,3835,3775,3805,25081,-0.00911458333333337
2022-05-02,3760,3820,3690,3820,22439,0.003942181340341744
2022-05-03,3855,3885,3830,3875,13829,0.014397905759162333
2022-05-04,3875,4420,3840,3855,423934,-0.005161290322580614
2022-05-06,3855,3855,3750,3770,21909,-0.022049286640726362
2022-05-09,3770,3770,3680,3690,19470,-0.021220159151193685
2022-05-10,3685,3690,3515,3690,31866,0.0
2022-05-11,3630,3685,3630,3680,7861,-0.0027100271002710175
2022-05-12,3675,3780,3610,3680,16824,0.0
2022-05-13,3595,3775,3595,3700,16451,0.005434782608695565
2022-05-16,3800,3970,3720,3800,47733,0.027027027027026973
2022-05-17,3805,3915,3795,3820,13808,0.0052631578947368585
2022-05-18,3920,3920,3770,3820,18209,0.0
2022-05-19,3780,3820,3650,3775,13233,-0.011780104712041939
2022-05-20,3755,3815,3750,3810,10008,0.009271523178807861
2022-05-23,3755,3810,3710,3790,4695,-0.005249343832021025
2022-05-24,3790,3790,3675,3730,13799,-0.0158311345646438
2022-05-25,3715,3730,3640,3730,10299,0.0
2022-05-26,3730,3730,3695,3725,4997,-0.0013404825737265424
2022-05-27,3725,3740,3685,3730,3423,0.0013422818791946067
2022-05-30,3690,3730,3690,3730,3393,0.0
2022-05-31,3730,3775,3645,3760,11771,0.008042895442359255
2022-06-02,3730,3750,3655,3690,11077,-0.018617021276595702
2022-06-03,3690,3730,3670,3730,17129,0.01084010840108407
2022-06-07,3745,3830,3710,3810,27518,0.02144772117962468
2022-06-08,3760,3815,3760,3790,6401,-0.005249343832021025
2022-06-09,3730,3860,3690,3835,7285,0.01187335092348274
2022-06-10,3830,3830,3710,3785,6988,-0.013037809647979182
2022-06-13,3680,4045,3545,3565,75821,-0.05812417437252315
2022-06-14,3500,3565,3405,3545,10318,-0.005610098176718092
2022-06-15,3500,3540,3425,3435,8556,-0.031029619181946355
2022-06-16,3435,3540,3410,3440,9527,0.0014556040756914523
2022-06-17,3295,3435,3295,3430,8804,-0.0029069767441860517
2022-06-20,3430,3455,3325,3420,14758,-0.002915451895043719
2022-06-21,3400,3445,3350,3410,9264,-0.0029239766081871066
2022-06-22,3370,3425,3240,3270,9513,-0.04105571847507328
2022-06-23,3250,3265,3005,3010,27275,-0.07951070336391441
2022-06-24,3010,3380,2940,2995,383958,-0.004983388704318914
2022-06-27,3045,3065,2995,3045,25793,0.016694490818029983
2022-06-28,3060,3100,3025,3070,19956,0.008210180623973828
2022-06-29,3040,3070,2995,3060,19525,-0.0032573289902280145
2022-06-30,3060,3080,3025,3055,15671,-0.0016339869281045694
2022-07-01,2995,3025,2985,3005,18789,-0.016366612111292977
2022-07-04,2975,2980,2845,2870,28423,-0.04492512479201327
2022-07-05,2830,2895,2815,2885,76899,0.005226480836237002
2022-07-06,2915,2930,2885,2900,21234,0.005199306759098743
2022-07-07,2900,2975,2900,2970,18221,0.024137931034482696
2022-07-08,3000,3060,3000,3005,4211,0.011784511784511675
2022-07-11,3035,3035,2975,3000,10065,-0.0016638935108153063
2022-07-12,3000,3000,2900,2930,6943,-0.023333333333333317
2022-07-13,2905,3015,2880,3010,14726,0.027303754266211566
2022-07-14,2995,3030,2910,3020,15920,0.0033222591362125353
2022-07-15,2990,3030,2930,3030,8518,0.0033112582781456013
2022-07-18,2990,3080,2955,3000,21290,-0.00990099009900991
2022-07-19,3030,3035,2980,3035,34293,0.011666666666666714
2022-07-20,3040,3065,2875,2930,491855,-0.034596375617792385
2022-07-21,2930,2960,2900,2945,65796,0.005119453924914641
2022-07-22,2960,2965,2930,2940,24451,-0.001697792869269965
2022-07-25,2940,2965,2930,2935,37506,-0.00170068027210879
2022-07-26,2950,2965,2935,2960,13850,0.008517887563884052
2022-07-27,2960,3055,2950,2980,20582,0.006756756756756799
2022-07-28,2995,3040,2990,3030,20849,0.016778523489932917
2022-07-29,3030,3070,3025,3050,25686,0.0066006600660066805
2022-08-01,3055,3060,3025,3035,11683,-0.004918032786885296
2022-08-02,3035,3120,3010,3070,34993,0.011532125205930832
2022-08-03,3075,3365,3070,3125,318953,0.01791530944625408
2022-08-04,3125,3185,3120,3135,27884,0.0032000000000000917
2022-08-05,3135,3150,3105,3125,33324,-0.0031897926634768536
2022-08-08,3125,3130,3080,3120,24538,-0.0016000000000000458
2022-08-09,3120,3140,3100,3135,9952,0.004807692307692291
2022-08-10,3125,3135,3070,3120,35645,-0.004784688995215336
2022-08-11,3115,3140,3110,3125,24004,0.0016025641025640969
2022-08-12,3135,3145,3120,3145,16179,0.006399999999999961
2022-08-16,3150,3160,3135,3145,13166,0.0
2022-08-17,3145,3165,3110,3130,13858,-0.004769475357710662
2022-08-18,3080,3120,3075,3085,13309,-0.014376996805111841
2022-08-19,3075,3105,3065,3105,16867,0.006482982171799101
2022-08-22,3070,3090,3015,3040,18413,-0.020933977455716568
2022-08-23,3000,3010,2945,2960,19651,-0.02631578947368418
2022-08-24,2945,3045,2940,3025,15319,0.02195945945945943
2022-08-25,3055,3060,2995,3050,19496,0.008264462809917328
2022-08-26,3075,3080,3030,3045,22805,-0.0016393442622950616
2022-08-29,2995,3030,2920,2980,16621,-0.021346469622331665
2022-08-30,2945,3030,2945,2980,25088,0.0
2022-08-31,3025,3025,2995,3010,7918,0.010067114093959662
2022-09-01,3010,3030,2980,2980,18534,-0.009966777408637828
2022-09-02,2955,2980,2955,2980,5202,0.0
2022-09-05,2965,2970,2885,2970,42238,-0.003355704697986628
2022-09-06,2925,3150,2925,3055,140631,0.028619528619528545
2022-09-07,3055,3075,2980,3045,18536,-0.00327332242225864
2022-09-08,3010,3060,2985,3000,28631,-0.014778325123152691
2022-09-13,3025,3080,3025,3060,11577,0.020000000000000018
2022-09-14,3045,3090,3010,3085,39152,0.008169934640522847
2022-09-15,3085,3145,3080,3105,11623,0.006482982171799101
2022-09-16,3105,3140,3055,3065,23110,-0.012882447665056307
2022-09-19,3050,3895,3035,3270,3119641,0.06688417618270792
2022-09-20,3400,4245,3375,4075,9144221,0.24617737003058093
2022-09-21,4140,5180,3810,4580,12403521,0.12392638036809811
2022-09-22,4665,5490,4535,4580,9787540,0.0
2022-09-23,4585,5100,4155,4335,3877085,-0.053493449781659375
2022-09-26,4255,4260,3705,3730,757848,-0.13956170703575543
2022-09-27,3695,4760,3670,4365,12516282,0.17024128686327078
2022-09-28,4800,5190,4305,4360,9277187,-0.001145475372279492
2022-09-29,4215,4950,4140,4410,7163603,0.011467889908256979
2022-09-30,4490,4930,4260,4260,6144826,-0.03401360544217691
2022-10-04,4400,4710,4360,4610,1935019,0.0821596244131455
2022-10-05,4620,5220,4565,4755,6399752,0.0314533622559654
2022-10-06,4735,5100,4660,4720,3274656,-0.007360672975814886
2022-10-07,4570,4795,4350,4385,898063,-0.07097457627118642
2022-10-11,4270,4295,3930,3930,544276,-0.10376282782212087
2022-10-12,3880,4265,3750,3885,1101219,-0.011450381679389277
2022-10-13,3910,4035,3500,3500,603948,-0.09909909909909909
2022-10-14,3625,4115,3595,3855,2968404,0.10142857142857142
2022-10-17,3865,3955,3665,3755,464613,-0.025940337224383936
2022-10-18,3850,4435,3800,4265,3303599,0.1358189081225034
2022-10-19,4305,4310,4100,4105,616773,-0.0375146541617819
2022-10-20,4155,4170,3850,3930,363295,-0.042630937880633324
2022-10-21,3930,4045,3625,3630,460863,-0.07633587786259544
2022-10-24,3710,3900,3710,3820,300572,0.052341597796143224
2022-10-25,3825,3865,3685,3735,148767,-0.022251308900523514
2022-10-26,3750,3760,3600,3625,119776,-0.029451137884872858
2022-10-27,3640,3730,3635,3720,84831,0.026206896551724146
2022-10-28,3665,4030,3550,3555,812317,-0.04435483870967738
2022-10-31,3600,4030,3595,3695,1719061,0.039381153305203975
2022-11-01,3745,3925,3705,3795,814666,0.02706359945872805
2022-11-02,3800,3895,3785,3835,378110,0.010540184453228019
2022-11-03,3725,4000,3715,3885,445596,0.01303780964797907
2022-11-04,3880,4050,3755,3830,511875,-0.014157014157014203
2022-11-07,3815,3970,3815,3940,239029,0.02872062663185382
2022-11-08,4050,4050,3840,3865,211609,-0.019035532994923887
2022-11-09,3865,4040,3860,3930,220467,0.01681759379042691
2022-11-10,3905,3995,3875,3915,107660,-0.003816793893129722
2022-11-11,3995,4035,3845,3860,247650,-0.01404853128991057
2022-11-14,3830,3950,3785,3915,160360,0.014248704663212486
2022-11-15,3920,4070,3920,4035,245181,0.03065134099616862
2022-11-16,4075,4155,3965,4135,290110,0.024783147459727317
2022-11-17,4120,4135,4010,4055,134657,-0.019347037484885088
2022-11-18,4055,4135,3980,3985,135228,-0.01726263871763256
2022-11-21,3985,3995,3845,3865,102239,-0.03011292346298622
2022-11-22,3830,4210,3800,3880,346074,0.0038809831824062613
2022-11-23,3910,4390,3905,4210,973944,0.0850515463917525
2022-11-24,4210,4565,4090,4310,893136,0.02375296912114022
2022-11-25,4310,4390,3885,4015,540816,-0.06844547563805103
2022-11-28,4040,4150,3975,4095,153255,0.01992528019925288
2022-11-29,4025,4380,4005,4300,505015,0.050061050061050105
2022-11-30,4290,4355,4225,4265,138254,-0.008139534883720878
2022-12-01,4310,4480,4285,4400,191888,0.03165298944900341
2022-12-02,4400,4465,4315,4435,116901,0.007954545454545547
2022-12-05,4435,4450,4180,4215,137101,-0.049605411499436314
2022-12-06,4200,4220,4085,4140,54599,-0.017793594306049876
2022-12-07,4090,4380,3985,4040,426209,-0.024154589371980673
2022-12-08,4000,4020,3820,3930,106977,-0.027227722772277252
2022-12-09,3940,4000,3850,3960,58574,0.007633587786259444
2022-12-12,3980,4045,3965,4030,51207,0.017676767676767735
2022-12-13,4010,4055,3885,3895,100318,-0.03349875930521096
2022-12-14,3895,4050,3885,4020,64943,0.03209242618741981
2022-12-15,4020,4080,3980,4030,44520,0.0024875621890547706
2022-12-16,3990,4005,3880,3925,70627,-0.02605459057071957
2022-12-19,3890,3900,3820,3895,34634,-0.007643312101910826
2022-12-20,3860,3860,3775,3825,55398,-0.01797175866495504
2022-12-21,3780,3815,3720,3735,55408,-0.02352941176470591
2022-12-22,3735,3795,3700,3770,45320,0.009370816599732157
2022-12-23,3770,3800,3680,3680,49999,-0.023872679045092826
2022-12-26,3650,3675,3620,3655,33777,-0.006793478260869512
2022-12-27,3650,3785,3625,3775,36663,0.03283173734610134
2022-12-28,3735,3735,3620,3635,32895,-0.03708609271523178
2022-12-29,3600,3615,3385,3425,67979,-0.057771664374140275
2023-01-02,3425,3450,3320,3375,62130,-0.014598540145985384
2023-01-03,3375,3445,3250,3405,51996,0.008888888888888946
2023-01-04,3320,3405,3320,3385,28919,-0.005873715124816492
2023-01-05,3415,3435,3355,3400,33568,0.004431314623338345
2023-01-06,3395,3515,3395,3470,21518,0.020588235294117574
2023-01-09,3485,3590,3485,3530,27506,0.01729106628242083
2023-01-10,3535,3580,3530,3530,11604,0.0
2023-01-11,3575,3640,3530,3620,27190,0.025495750708215192
2023-01-12,3620,3640,3600,3610,22092,-0.002762430939226568
2023-01-13,3630,3630,3560,3580,14980,-0.008310249307479256
2023-01-16,3555,3615,3550,3595,17791,0.0041899441340782495
2023-01-17,3595,3595,3455,3485,39751,-0.030598052851182223
2023-01-18,3485,3485,3395,3425,31030,-0.017216642754662836
2023-01-19,3425,3465,3390,3430,20666,0.0014598540145984717
2023-01-20,3400,3495,3400,3495,10990,0.01895043731778423
2023-01-25,3525,3530,3460,3485,24524,-0.0028612303290415086
2023-01-26,3510,3970,3475,3675,1650353,0.05451936872309893
2023-01-27,3680,3685,3610,3675,99083,0.0
2023-01-30,3685,3705,3640,3685,59013,0.0027210884353741083
2023-01-31,3645,3725,3640,3705,56077,0.005427408412483015
2023-02-01,3715,3755,3690,3705,52214,0.0
2023-02-02,3720,3750,3690,3740,42499,0.009446693657219951
2023-02-03,3750,3770,3720,3720,37887,-0.005347593582887722
2023-02-06,3720,3755,3625,3750,33675,0.008064516129032251
2023-02-07,3720,3790,3720,3765,37580,0.0040000000000000036
2023-02-08,3765,3765,3705,3730,30059,-0.009296148738379806
2023-02-09,3725,3765,3685,3710,22778,-0.00536193029490617
2023-02-10,3710,3740,3655,3700,30322,-0.0026954177897574594
2023-02-13,3700,3700,3640,3640,27070,-0.01621621621621616
2023-02-14,3640,3655,3515,3585,40690,-0.015109890109890056
2023-02-15,3610,3640,3540,3550,29170,-0.009762900976290068
2023-02-16,3545,3610,3510,3595,34114,0.012676056338028152
2023-02-17,3630,3655,3600,3640,25582,0.012517385257301727
2023-02-20,3640,3680,3580,3660,27820,0.005494505494505475
2023-02-21,3660,3700,3615,3670,21553,0.002732240437158362
2023-02-22,3655,3655,3535,3535,33625,-0.03678474114441421
2023-02-23,3510,3530,3485,3520,31664,-0.004243281471004279
2023-02-24,3520,3790,3435,3440,169356,-0.022727272727272707
2023-02-27,3440,3475,3370,3475,25664,0.01017441860465107
2023-02-28,3430,3465,3380,3400,53682,-0.021582733812949617
2023-03-02,3415,3495,3370,3445,46099,0.013235294117647012
2023-03-03,3460,3485,3445,3465,23667,0.005805515239477588
2023-03-06,3470,3500,3255,3460,52304,-0.0014430014430014682
2023-03-07,3450,3490,3445,3450,21114,-0.0028901734104046506
2023-03-08,3450,3470,3405,3470,15020,0.005797101449275255
2023-03-09,3470,3470,3395,3430,21813,-0.011527377521613813
2023-03-10,3415,3415,3310,3310,26342,-0.03498542274052474
2023-03-13,3245,3275,3155,3200,57265,-0.033232628398791486
2023-03-14,3200,3200,2975,3050,65205,-0.046875
2023-03-15,3065,3225,3050,3140,95862,0.029508196721311553
2023-03-16,3185,3215,3170,3205,31571,0.02070063694267521
2023-03-17,3235,3290,3225,3270,26118,0.020280811232449292
2023-03-20,3285,3330,3280,3290,11022,0.006116207951070374
2023-03-21,3350,3360,3280,3285,19997,-0.001519756838905817
2023-03-22,3285,3330,3075,3120,83890,-0.05022831050228316
2023-03-23,3135,3145,3015,3095,49923,-0.008012820512820484
2023-03-24,3095,3155,3075,3115,14465,0.00646203554119551
2023-03-27,3120,3200,3085,3150,11981,0.011235955056179803
2023-03-28,3150,3800,3135,3250,837564,0.031746031746031855
2023-03-29,3250,3565,3200,3335,442334,0.026153846153846194
2023-03-30,3350,3410,3315,3345,91384,0.0029985007496251548
2023-03-31,3350,3385,3250,3250,76929,-0.02840059790732441
2023-04-03,3250,3285,3205,3255,72223,0.0015384615384614886
2023-04-04,3255,3325,3255,3310,36539,0.016897081413210335
2023-04-05,3305,3360,3285,3350,28075,0.012084592145015005
2023-04-06,3335,3345,3220,3225,38252,-0.03731343283582089
2023-04-07,3225,3250,3195,3250,27955,0.007751937984496138
2023-04-10,3235,3235,3145,3170,18375,-0.024615384615384595
2023-04-11,3125,3180,3090,3180,23476,0.003154574132492094
2023-04-12,3180,3265,3175,3245,18850,0.020440251572326984
2023-04-13,3200,3255,3175,3255,13382,0.0030816640986133237
2023-04-14,3255,3330,3255,3280,22071,0.007680491551459223
2023-04-17,3275,3340,3245,3340,26996,0.018292682926829285
2023-04-18,3300,3350,3285,3350,21894,0.0029940119760478723
2023-04-19,3280,3350,3250,3285,57712,-0.0194029850746269
2023-04-20,3285,3310,3245,3300,36898,0.004566210045662045
2023-04-21,3245,3255,3170,3210,52505,-0.027272727272727226
2023-04-24,3170,3265,3170,3250,37242,0.012461059190031154
2023-04-25,3210,3270,3190,3270,34014,0.006153846153846176
2023-04-26,3240,3350,3215,3320,36821,0.015290519877675823
2023-04-27,3270,3325,3240,3285,14871,-0.010542168674698815
2023-04-28,3285,3490,3260,3320,43924,0.010654490106544845
2023-05-02,3430,3430,3300,3355,40611,0.010542168674698704
2023-05-03,3350,3385,3255,3260,18792,-0.028315946348733245
2023-05-04,3260,3285,3190,3240,12517,-0.006134969325153339
2023-05-08,3240,3250,3210,3250,18266,0.0030864197530864335
2023-05-09,3255,3265,3185,3195,25274,-0.01692307692307693
2023-05-10,3185,4150,3180,4150,1232056,0.29890453834115815
2023-05-11,4210,5390,4210,4800,11847855,0.15662650602409633
2023-05-12,4660,6240,4435,5400,14305107,0.125
2023-05-15,5610,6120,4860,5030,3634531,-0.06851851851851853
2023-05-16,5590,6470,5270,5890,9028370,0.17097415506958247
2023-05-17,5500,5740,4955,5100,4928295,-0.13412563667232602
2023-05-18,5000,5140,4845,5090,816373,-0.0019607843137254832
2023-05-19,5040,5380,4980,5050,1023972,-0.007858546168958758
2023-05-22,5120,5150,4900,5150,317203,0.01980198019801982
2023-05-23,5330,5460,4925,5010,872043,-0.027184466019417486
2023-05-24,5080,5080,4725,4995,360182,-0.0029940119760478723
2023-05-25,4860,5150,4860,5150,293660,0.03103103103103111
2023-05-26,5130,5280,5010,5280,228036,0.025242718446601975
2023-05-30,5280,5580,5130,5560,838318,0.05303030303030298
2023-05-31,5680,5690,5130,5410,409940,-0.026978417266187105
2023-06-01,5390,6450,5200,5220,3471874,-0.03512014787430684
2023-06-02,5380,5890,5140,5520,3148353,0.05747126436781613
2023-06-05,5490,5960,5270,5290,881078,-0.04166666666666663
2023-06-07,5350,5470,5270,5330,251985,0.007561436672967936
2023-06-08,5300,5330,5100,5110,253392,-0.0412757973733584
2023-06-09,5140,5250,5020,5110,181743,0.0
2023-06-12,5070,5120,4960,4980,219806,-0.025440313111546042
2023-06-13,4980,5180,4955,5060,204427,0.016064257028112428
2023-06-14,5070,5130,4940,5010,140003,-0.00988142292490124
2023-06-15,4940,5070,4840,4850,154415,-0.031936127744510934
2023-06-16,4945,4945,4820,4870,67467,0.004123711340206171
2023-06-19,4875,4880,4550,4760,178706,-0.022587268993839782
2023-06-20,4745,4755,4590,4705,101273,-0.011554621848739455
2023-06-21,4695,4780,4575,4670,64169,-0.007438894792773598
2023-06-22,4630,4665,4485,4620,113370,-0.010706638115631661
2023-06-23,4575,4700,4500,4585,102700,-0.007575757575757569
2023-06-26,4580,4790,4510,4720,105442,0.029443838604144013
2023-06-27,4725,4760,4605,4650,74093,-0.014830508474576232
2023-06-28,4645,4745,4575,4590,91630,-0.012903225806451646
2023-06-29,4585,4585,4455,4490,65197,-0.02178649237472763
2023-06-30,4455,4595,4440,4575,45015,0.018930957683741756
2023-07-03,4600,4690,4555,4610,49587,0.007650273224043769
2023-07-04,4660,4755,4630,4650,70213,0.008676789587852562
2023-07-05,4660,4770,4535,4570,73548,-0.017204301075268824
2023-07-06,4570,4970,4460,4600,350446,0.006564551422319376
2023-07-07,4480,4685,4400,4585,112933,-0.003260869565217428
2023-07-10,4500,4690,4445,4505,71335,-0.017448200654307522
2023-07-11,4540,4650,4470,4580,35495,0.01664816870144281
2023-07-12,4670,4715,4445,4470,78091,-0.024017467248908297
2023-07-13,4475,4545,4290,4320,100646,-0.03355704697986572
2023-07-14,4405,4405,4210,4315,61817,-0.0011574074074074403
2023-07-17,4315,4320,4220,4310,18452,-0.0011587485515642815
2023-07-18,4250,4310,4105,4170,50516,-0.0324825986078886
2023-07-19,4150,4225,4085,4220,47795,0.011990407673860837
2023-07-20,4220,4220,4050,4160,26220,-0.014218009478673022
2023-07-21,4095,4290,4050,4220,41021,0.014423076923076872
2023-07-24,4160,4160,4025,4120,65096,-0.023696682464455
2023-07-25,4105,4105,3945,3950,93309,-0.04126213592233008
2023-07-26,3950,3970,3700,3790,86735,-0.040506329113924044
2023-07-27,3755,4095,3750,3845,56089,0.014511873350923521
2023-07-28,3835,4000,3810,3970,16024,0.032509752925877766
2023-07-31,3970,4050,3965,4005,25268,0.00881612090680095
2023-08-01,4005,4005,3855,3990,27411,-0.0037453183520599342
2023-08-02,4005,4005,3800,3900,20022,-0.022556390977443663
2023-08-03,3870,3900,3775,3880,18953,-0.00512820512820511
2023-08-04,3760,3875,3760,3875,20749,-0.0012886597938144284
2023-08-07,3875,3995,3760,3855,38369,-0.005161290322580614
2023-08-08,3830,4000,3830,3885,40797,0.0077821011673151474
2023-08-09,3865,3895,3830,3840,10095,-0.01158301158301156
2023-08-10,3915,4000,3825,3990,18537,0.0390625
2023-08-11,3970,4050,3920,3950,37007,-0.010025062656641603
2023-08-14,3950,3970,3845,3970,19167,0.005063291139240533
2023-08-16,3820,3930,3765,3900,44091,-0.017632241813602012
2023-08-17,3865,3915,3710,3875,33847,-0.0064102564102563875
2023-08-18,3835,3860,3735,3860,27165,-0.003870967741935516
2023-08-21,3850,3860,3765,3860,22058,0.0
2023-08-22,3860,3860,3780,3815,34368,-0.011658031088082943
2023-08-23,3760,4120,3700,3750,180877,-0.017038007863695914
2023-08-24,3750,3815,3740,3785,41532,0.009333333333333416
2023-08-25,3800,3820,3745,3765,18010,-0.005284015852047519
2023-08-28,3780,3875,3765,3875,14975,0.02921646746347939
2023-08-29,4030,4030,3875,3985,32426,0.028387096774193488
2023-08-30,3980,4000,3925,3970,21324,-0.0037641154328732496
2023-08-31,3965,3995,3865,3990,16901,0.005037783375314797
2023-09-01,3985,4005,3925,3990,22210,0.0
2023-09-04,3920,3960,3815,3890,22935,-0.02506265664160401
2023-09-05,3850,3850,3770,3800,29516,-0.023136246786632397
2023-09-06,3800,3845,3750,3800,25019,0.0
2023-09-07,3800,3835,3740,3750,9366,-0.013157894736842146
2023-09-08,3710,3750,3680,3730,15211,-0.005333333333333301
2023-09-11,3710,3780,3700,3740,10915,0.002680965147453085
2023-09-12,3725,4315,3700,3930,1326361,0.050802139037433136
2023-09-13,3930,3975,3810,3950,98748,0.0050890585241729624
2023-09-14,3950,4015,3855,3950,87792,0.0
2023-09-15,3950,3955,3885,3910,36495,-0.010126582278481067
2023-09-18,3870,3910,3760,3795,40249,-0.02941176470588236
2023-09-19,3790,3790,3670,3690,57326,-0.02766798418972327
2023-09-20,3685,3685,3520,3555,102688,-0.03658536585365857
2023-09-21,3535,3535,3460,3495,38837,-0.016877637130801704
2023-09-22,3435,3470,3385,3470,39014,-0.007153075822603716
2023-09-25,3430,3455,3395,3425,14989,-0.012968299711815567
2023-09-26,3425,3440,3410,3425,18633,0.0
2023-09-27,3460,3475,3380,3465,32920,0.011678832116788218
2023-10-04,3465,3465,3360,3390,29835,-0.02164502164502169
2023-10-05,3385,3385,3320,3380,18897,-0.002949852507374673
2023-10-06,3370,3490,3360,3450,23360,0.020710059171597628
2023-10-10,3490,3490,3335,3375,28004,-0.021739130434782594
2023-10-11,3360,3450,3350,3430,24780,0.016296296296296253
2023-10-12,3430,3480,3405,3465,19465,0.010204081632652962
2023-10-13,3460,3465,3415,3465,19840,0.0
2023-10-16,3460,3460,3345,3420,25973,-0.012987012987012991
2023-10-17,3410,3420,3375,3420,26358,0.0
2023-10-18,3420,3420,3375,3410,28057,-0.0029239766081871066
2023-10-19,3405,3405,3310,3320,23990,-0.02639296187683282
2023-10-20,3300,3300,3220,3220,26430,-0.030120481927710885
2023-10-23,3210,3260,3185,3245,25476,0.007763975155279601
2023-10-24,3205,3450,3205,3370,79299,0.03852080123266566
2023-10-25,3370,3400,3350,3385,25783,0.004451038575667754
2023-10-26,3360,3360,3275,3280,31406,-0.03101920236336775
2023-10-27,3260,3325,3250,3320,13925,0.012195121951219523
2023-10-30,3275,3390,3260,3390,18498,0.02108433734939763
2023-10-31,3405,3425,3350,3365,16305,-0.007374631268436627
2023-11-01,3355,3445,3355,3445,18557,0.023774145616641817
2023-11-02,3445,3495,3445,3470,30767,0.007256894049346929
2023-11-03,3475,3525,3465,3500,16618,0.008645533141210304
2023-11-06,3500,3520,3485,3520,27722,0.005714285714285783
2023-11-07,3520,3520,3420,3460,21049,-0.017045454545454586
2023-11-08,3465,3530,3455,3495,9984,0.01011560693641611
2023-11-09,3495,3500,3430,3475,6709,-0.005722460658083017
2023-11-10,3440,3440,3410,3430,13941,-0.012949640287769792
2023-11-13,3410,3450,3330,3390,18253,-0.011661807580174877
2023-11-14,3350,3475,3350,3475,14757,0.025073746312684442
2023-11-15,3475,3525,3475,3495,24849,0.0057553956834532904
2023-11-16,3495,3535,3490,3525,22499,0.008583690987124415
2023-11-17,3510,3515,3465,3495,12999,-0.008510638297872353
2023-11-20,3495,3525,3480,3525,9936,0.008583690987124415
2023-11-21,3520,3520,3490,3505,25534,-0.005673758865248235
2023-11-22,3495,3620,3485,3505,78639,0.0
2023-11-23,3500,3500,3430,3470,41758,-0.0099857346647646
2023-11-24,3450,3470,3415,3465,18664,-0.0014409221902017544
2023-11-27,3425,3460,3425,3460,9763,-0.0014430014430014682
2023-11-28,3430,3460,3425,3450,12500,-0.0028901734104046506
2023-11-29,3450,3450,3385,3425,40649,-0.007246376811594235
2023-11-30,3425,3450,3395,3450,26846,0.007299270072992803
2023-12-01,3450,3450,3405,3430,30947,-0.005797101449275366
2023-12-04,3430,3465,3400,3465,28783,0.010204081632652962
2023-12-05,3460,3495,3430,3485,20495,0.005772005772005873
2023-12-06,3460,3555,3460,3540,37310,0.015781922525107683
2023-12-07,3540,3700,3515,3650,151768,0.031073446327683607
2023-12-08,3630,3690,3575,3660,22255,0.00273972602739736
2023-12-11,3635,3660,3580,3645,40595,-0.004098360655737654
2023-12-12,3645,3645,3530,3580,48555,-0.017832647462277085
2023-12-13,3545,3600,3520,3595,45581,0.0041899441340782495
2023-12-14,3600,3695,3555,3620,66360,0.006954102920723182
2023-12-15,3625,3650,3600,3625,41111,0.0013812154696133394
2023-12-18,3665,3720,3615,3625,89132,0.0
2023-12-19,3625,3645,3585,3600,66048,-0.006896551724137945
2023-12-20,3590,3720,3575,3650,96431,0.01388888888888884
2023-12-21,3645,3845,3645,3735,224083,0.023287671232876672
2023-12-22,3755,3890,3700,3860,177506,0.03346720214190091
2023-12-26,3870,3890,3725,3820,227387,-0.010362694300518172
2023-12-27,3740,3800,3630,3700,91076,-0.03141361256544506
2023-12-28,3685,3760,3655,3725,29572,0.006756756756756799
2024-01-02,3700,3720,3620,3685,44697,-0.010738255033557076
2024-01-03,3640,3675,3620,3620,24993,-0.01763907734056991
2024-01-04,3600,3600,3540,3585,42189,-0.00966850828729282
2024-01-05,3575,3575,3520,3560,22615,-0.006973500697350032
2024-01-08,3530,3555,3460,3505,33931,-0.015449438202247201
2024-01-09,3505,3595,3495,3590,20993,0.024251069900142586
2024-01-10,3590,3610,3515,3540,15936,-0.013927576601671321
2024-01-11,3550,3615,3550,3610,22763,0.019774011299435124
2024-01-12,3575,3635,3560,3635,26135,0.006925207756232732
2024-01-15,3620,3650,3560,3620,30242,-0.004126547455295726
2024-01-16,3620,3620,3540,3560,21437,-0.016574585635359074
2024-01-17,3550,3550,3440,3455,28458,-0.0294943820224719
2024-01-18,3420,3500,3420,3500,10305,0.013024602026049159
2024-01-19,3470,3530,3465,3530,19576,0.008571428571428674
2024-01-22,3525,3525,3440,3475,19291,-0.015580736543909346
2024-01-23,3415,3470,3410,3455,17025,-0.0057553956834532904
2024-01-24,3405,3455,3360,3425,19208,-0.00868306801736618
2024-01-25,3415,3425,3360,3425,16245,0.0
2024-01-26,3350,3425,3350,3425,12465,0.0
2024-01-29,3395,3455,3375,3425,16032,0.0
2024-01-30,3420,3470,3385,3470,15015,0.013138686131386912
2024-01-31,3430,3620,3415,3570,42132,0.028818443804034644
2024-02-01,3535,3795,3520,3680,157343,0.03081232492997188
2024-02-02,3770,3880,3580,3795,176855,0.03125
2024-02-05,3810,3900,3745,3850,137897,0.01449275362318847
2024-02-06,3805,3865,3680,3700,72147,-0.038961038961038974
2024-02-07,3680,4530,3650,4275,8920643,0.15540540540540548
2024-02-08,4445,4750,4030,4085,2527463,-0.0444444444444444
2024-02-13,4090,4255,4050,4160,1024412,0.01835985312117505
2024-02-14,4115,4370,4015,4085,1219633,-0.018028846153846145
2024-02-15,4135,4200,4015,4025,344026,-0.014687882496939975
2024-02-16,4025,4135,4000,4080,255176,0.013664596273291973
2024-02-19,4080,4180,4050,4110,227264,0.007352941176470562
2024-02-20,4120,4120,3965,3965,204231,-0.035279805352798066
2024-02-21,3980,4050,3920,3940,141836,-0.006305170239596425
2024-02-22,3935,3975,3905,3960,80453,0.0050761421319796
2024-02-23,3960,3985,3870,3900,82972,-0.015151515151515138
2024-02-26,3955,3990,3860,3965,81086,0.016666666666666607
2024-02-27,3915,3995,3835,3870,93440,-0.023959646910466592
2024-02-28,3870,3965,3840,3905,68010,0.009043927648578753
2024-02-29,3935,4070,3900,4020,116855,0.0294494238156211
2024-03-04,4030,4110,3930,3955,134663,-0.016169154228855676
2024-03-05,3955,4000,3830,3835,82094,-0.030341340075853318
2024-03-06,3830,3880,3730,3800,61874,-0.009126466753585416
2024-03-07,3800,3820,3705,3790,35228,-0.0026315789473684292
2024-03-08,3775,3855,3710,3845,39556,0.014511873350923521
2024-03-11,3820,3820,3750,3775,20282,-0.01820546163849157
2024-03-12,3790,3790,3690,3725,31304,-0.013245033112582738
2024-03-13,3725,3780,3655,3750,37841,0.006711409395973256
2024-03-14,3700,3855,3700,3830,30171,0.021333333333333426
2024-03-15,3805,3825,3715,3725,32595,-0.02741514360313313
2024-03-18,3720,3740,3665,3710,38177,-0.004026845637583931
2024-03-19,3705,3780,3680,3770,22232,0.016172506738544534
2024-03-20,3825,3865,3750,3840,31474,0.018567639257294433
2024-03-21,3825,3990,3795,3900,71940,0.015625
2024-03-22,3890,3940,3835,3935,14018,0.008974358974358942
2024-03-25,3935,4060,3875,4015,99600,0.020330368487928796
2024-03-26,4085,4110,3970,4005,252739,-0.00249066002490661
2024-03-27,4000,4010,3890,3890,65951,-0.028714107365792718
2024-03-28,3895,3985,3845,3885,36040,-0.0012853470437017567
2024-03-29,3870,3920,3770,3830,80394,-0.014157014157014203
2024-04-01,3830,3880,3785,3865,28025,0.009138381201044377
2024-04-02,3805,3865,3760,3795,36286,-0.018111254851228997
2024-04-03,3760,3780,3715,3755,30483,-0.010540184453227908
2024-04-04,3755,3840,3750,3840,19371,0.022636484687083902
2024-04-05,3860,3860,3725,3790,40142,-0.01302083333333337
2024-04-08,3760,3895,3760,3850,30305,0.0158311345646438
2024-04-09,3810,3850,3760,3840,24315,-0.0025974025974025983
2024-04-11,3840,3870,3720,3755,46764,-0.02213541666666663
2024-04-12,3750,3835,3750,3760,30860,0.0013315579227697327
2024-04-15,3690,3760,3605,3720,47786,-0.010638297872340385
2024-04-16,3715,3720,3605,3620,41357,-0.026881720430107503
2024-04-17,3605,4150,3600,3615,1210995,-0.0013812154696132284
2024-04-18,3615,3730,3615,3725,69002,0.030428769017980528
2024-04-19,3735,3735,3620,3670,58632,-0.014765100671140896
2024-04-22,3630,3710,3630,3675,25867,0.0013623978201635634
2024-04-23,3675,3760,3650,3720,29792,0.012244897959183598
2024-04-24,3700,3775,3695,3740,17210,0.005376344086021501
2024-04-25,3700,3790,3685,3770,17821,0.008021390374331583
2024-04-26,3740,3805,3720,3800,13180,0.007957559681697646
2024-04-29,3810,3960,3805,3920,57326,0.03157894736842115
2024-04-30,3900,3960,3890,3920,32883,0.0
2024-05-02,3950,3950,3845,3870,22482,-0.012755102040816313
2024-05-03,3875,3965,3875,3960,32852,0.023255813953488413
2024-05-07,3970,3970,3885,3890,24204,-0.017676767676767624
2024-05-08,3850,3960,3850,3920,17796,0.007712082262210762
2024-05-09,3925,3950,3880,3895,10088,-0.0063775510204081565
2024-05-10,3895,3920,3820,3880,28179,-0.0038510911424903815
2024-05-13,3850,3895,3800,3820,24137,-0.015463917525773141
2024-05-14,3795,3860,3765,3850,13048,0.007853403141361293
2024-05-16,3830,3935,3815,3855,37359,0.0012987012987013546
2024-05-17,3800,3890,3800,3870,38309,0.0038910505836575737
2024-05-20,3870,3930,3840,3930,71603,0.015503875968992276
2024-05-21,3930,3960,3870,3880,39724,-0.012722646310432517
2024-05-22,3850,3915,3850,3915,44470,0.009020618556700999
2024-05-23,3895,3920,3815,3855,49266,-0.01532567049808431
2024-05-24,3815,3850,3760,3810,27393,-0.011673151750972721
2024-05-27,3810,3825,3680,3785,43327,-0.006561679790026198
2024-05-28,3780,3810,3730,3800,12643,0.003963011889035695
2024-05-29,3780,3815,3765,3805,15863,0.001315789473684159
2024-05-30,3780,3995,3755,3925,174467,0.031537450722733285
2024-05-31,3915,4050,3880,4025,125754,0.02547770700636942
2024-06-03,4025,4040,3925,4005,57138,-0.004968944099378869
2024-06-04,3960,4030,3910,3910,51057,-0.02372034956304614
2024-06-05,3870,4015,3870,4000,33330,0.023017902813299296
2024-06-07,3960,4000,3925,3965,19668,-0.008750000000000036
2024-06-10,3900,3915,3815,3860,49110,-0.02648171500630514
2024-06-11,3825,3880,3800,3860,37293,0.0
2024-06-12,3855,3875,3805,3860,31275,0.0
2024-06-13,3830,3945,3830,3920,38658,0.015544041450777257
2024-06-14,3905,3940,3850,3890,21971,-0.007653061224489832
2024-06-17,3850,3955,3830,3830,33465,-0.015424164524421635
2024-06-18,3835,3980,3835,3925,25870,0.024804177545691974
2024-06-19,3890,3960,3890,3945,38094,0.005095541401273884
2024-06-20,3950,4125,3950,4025,128265,0.020278833967046994
2024-06-21,4095,4095,4000,4065,66096,0.009937888198757738
2024-06-24,4100,4120,3915,3960,37869,-0.02583025830258301
2024-06-25,3960,3965,3880,3880,27324,-0.02020202020202022
2024-06-26,3880,3915,3860,3900,14776,0.005154639175257714
2024-06-27,3850,3900,3820,3870,22240,-0.007692307692307665
2024-06-28,3830,3920,3830,3920,20514,0.012919896640826822
2024-07-01,3875,3895,3825,3860,23066,-0.015306122448979553
2024-07-02,3890,3890,3770,3830,22027,-0.007772020725388629
2024-07-03,3830,3845,3725,3790,35371,-0.010443864229765065
2024-07-04,3840,3840,3765,3800,23716,0.0026385224274405594
2024-07-05,3825,3825,3705,3730,25414,-0.018421052631578894
2024-07-08,3705,3760,3705,3760,14369,0.008042895442359255
2024-07-09,3730,3800,3730,3800,3413,0.010638297872340496
2024-07-10,3800,3815,3740,3805,8441,0.001315789473684159
2024-07-11,3770,3800,3760,3775,5943,-0.007884362680683266
2024-07-12,3730,4100,3700,3730,176941,-0.01192052980132452
2024-07-15,3730,3770,3725,3765,16369,0.009383378016085686
2024-07-16,3750,3790,3745,3785,9539,0.005312084993359889
2024-07-17,3745,3780,3725,3780,16071,-0.0013210039630119352
2024-07-18,3745,3770,3705,3745,25606,-0.0092592592592593
2024-07-19,3740,3745,3710,3730,6853,-0.004005340453938633
2024-07-22,3725,3725,3655,3695,12600,-0.009383378016085797
2024-07-23,3690,3695,3600,3660,21760,-0.009472259810554773
2024-07-24,3625,3635,3590,3630,14150,-0.008196721311475419
2024-07-25,3625,3625,3450,3510,41081,-0.03305785123966942
2024-07-26,3510,3570,3500,3570,17202,0.017094017094017033
2024-07-29,3575,3625,3565,3615,12239,0.012605042016806678
2024-07-30,3615,3635,3565,3610,9619,-0.0013831258644536604
2024-07-31,3560,3630,3555,3610,13530,0.0
2024-08-01,3585,3675,3585,3665,7308,0.015235457063711877
2024-08-02,3615,3645,3505,3535,33922,-0.03547066848567526
2024-08-05,3460,3495,3205,3235,61333,-0.08486562942008491
2024-08-06,3150,3380,3150,3310,37011,0.023183925811437467
2024-08-07,3305,3480,3300,3415,17060,0.031722054380664666
2024-08-08,3380,3425,3345,3380,5863,-0.010248901903367469
2024-08-09,3415,3480,3410,3455,10799,0.022189349112426093
2024-08-12,3455,3700,3455,3650,107010,0.05643994211287984
2024-08-13,3625,3640,3500,3525,34253,-0.03424657534246578
2024-08-14,3550,3650,3525,3565,31765,0.01134751773049647
2024-08-16,3575,3600,3530,3590,15537,0.007012622720897532
2024-08-19,3570,3610,3515,3535,21232,-0.01532033426183843
2024-08-20,3545,3720,3535,3665,68664,0.03677510608203671
2024-08-21,3790,3800,3630,3665,55669,0.0
2024-08-22,3710,3710,3460,3650,29978,-0.004092769440654842
2024-08-23,3565,3615,3565,3585,15986,-0.017808219178082174
2024-08-26,3550,3565,3510,3515,21697,-0.019525801952580246
2024-08-27,3515,3560,3500,3550,17773,0.009957325746799528
2024-08-28,3525,3565,3485,3550,9293,0.0
2024-08-29,3535,3540,3500,3510,5535,-0.011267605633802802
2024-08-30,3510,3560,3495,3530,6652,0.005698005698005604
2024-09-02,3530,3550,3450,3455,42178,-0.021246458923512734
2024-09-03,3480,3495,3445,3490,11476,0.01013024602026058
2024-09-04,3455,3455,3400,3440,11145,-0.014326647564469885
2024-09-05,3435,3465,3395,3395,19242,-0.013081395348837233
2024-09-06,3395,3440,3370,3385,7615,-0.002945508100147265
2024-09-09,3340,3415,3315,3395,7163,0.002954209748892156
2024-09-10,3385,3405,3375,3400,6717,0.0014727540500736325
2024-09-11,3410,3435,3395,3415,2318,0.004411764705882337
2024-09-12,3435,3500,3410,3500,6736,0.02489019033674955
2024-09-13,3500,3500,3465,3470,4538,-0.008571428571428563
2024-09-19,3495,3510,3450,3510,7444,0.011527377521613813
2024-09-20,3480,3780,3475,3605,84539,0.027065527065527117
2024-09-23,3600,3635,3580,3580,18409,-0.006934812760055475
2024-09-24,3580,3635,3555,3610,24485,0.008379888268156499
2024-09-25,3610,3615,3580,3580,17740,-0.008310249307479256
2024-09-26,3580,3620,3580,3620,21986,0.011173184357541999
2024-09-27,3620,3645,3590,3620,23542,0.0
2024-09-30,3620,3625,3570,3595,40414,-0.006906077348066253
2024-10-02,3560,3590,3540,3565,11959,-0.008344923504867818
2024-10-04,3560,3595,3555,3585,9164,0.005610098176718203
2024-10-07,3605,3610,3590,3600,5699,0.004184100418409997
2024-10-08,3595,3630,3595,3600,8488,0.0
2024-10-10,3605,3745,3605,3635,38786,0.009722222222222188
2024-10-11,3625,3670,3605,3625,8200,-0.0027510316368638543
2024-10-14,3650,3680,3620,3625,6083,0.0
2024-10-15,3595,3700,3590,3630,4813,0.0013793103448276334
2024-10-16,3670,3670,3585,3585,10306,-0.012396694214875992
2024-10-17,3585,3820,3550,3570,46527,-0.004184100418409997
2024-10-18,3570,3650,3550,3575,9998,0.0014005602240896309
2024-10-21,3565,3640,3565,3580,8989,0.0013986013986013734
2024-10-22,3590,3650,3550,3600,4741,0.005586592178770999
2024-10-23,3600,3630,3585,3595,4743,-0.001388888888888884
2024-10-24,3595,3640,3560,3610,8945,0.004172461752433909
2024-10-25,3610,3650,3560,3585,9886,-0.006925207756232732
2024-10-28,3585,3610,3525,3550,14981,-0.009762900976290068
2024-10-29,3555,3585,3555,3565,5277,0.004225352112676051
2024-10-30,3565,3595,3535,3535,10444,-0.008415147265077194
2024-10-31,3560,3570,3525,3560,8869,0.007072135785006983
2024-11-01,3555,3555,3530,3555,2809,-0.001404494382022503
2024-11-04,3520,3575,3500,3575,6060,0.005625879043600568
2024-11-05,3590,3590,3535,3565,6158,-0.002797202797202747
2024-11-06,3595,3595,3525,3525,7766,-0.011220196353436185
