Date,Open,High,Low,Close,Volume,Change
2022-01-03,23150,23550,23100,23450,377618,0.02178649237472774
2022-01-04,23450,24150,23200,24050,483135,0.02558635394456288
2022-01-05,24150,25150,24050,24950,1144720,0.03742203742203731
2022-01-06,24950,25700,24800,25300,867120,0.014028056112224352
2022-01-07,25400,25600,25000,25450,409053,0.005928853754940677
2022-01-10,25650,26600,25600,26400,1067142,0.037328094302554016
2022-01-11,26100,26550,25850,26350,567610,-0.0018939393939394478
2022-01-12,26450,26700,25950,26500,498787,0.005692599620493288
2022-01-13,26450,26950,26400,26750,587556,0.009433962264151052
2022-01-14,26750,26850,25900,26400,539436,-0.013084112149532756
2022-01-17,26200,26650,25900,26100,352485,-0.011363636363636354
2022-01-18,26300,26550,26050,26400,408842,0.011494252873563315
2022-01-19,26300,27600,26250,27250,864821,0.032196969696969724
2022-01-20,27350,27650,26150,26250,630410,-0.03669724770642202
2022-01-21,26100,26650,26050,26450,413433,0.007619047619047636
2022-01-24,26300,26600,25950,26300,458815,-0.005671077504725952
2022-01-25,26000,26150,25200,25350,511891,-0.03612167300380231
2022-01-26,25550,26400,25550,26300,459657,0.03747534516765283
2022-01-27,26300,26400,25200,25550,456641,-0.028517110266159662
2022-01-28,25400,25950,25150,25450,435624,-0.003913894324853229
2022-02-03,25550,27150,25500,26650,611254,0.047151277013752546
2022-02-04,26750,27150,26550,26850,365273,0.007504690431519689
2022-02-07,26950,27150,26500,26900,370327,0.0018621973929235924
2022-02-08,27150,27300,26550,26950,342508,0.0018587360594795044
2022-02-09,27300,28000,26950,27950,775421,0.03710575139146566
2022-02-10,27900,28000,27300,27500,495299,-0.01610017889087656
2022-02-11,27500,28700,27350,28150,1016561,0.023636363636363678
2022-02-14,27950,28150,27500,27800,475545,-0.01243339253996445
2022-02-15,27800,28050,27300,27600,474460,-0.007194244604316502
2022-02-16,27750,28050,26850,27550,457967,-0.0018115942028985588
2022-02-17,27550,28600,27400,28400,738871,0.030852994555353952
2022-02-18,28000,28350,27900,28100,337529,-0.010563380281690127
2022-02-21,27850,28300,27650,27800,403016,-0.010676156583629859
2022-02-22,27600,27950,27000,27550,566264,-0.008992805755395739
2022-02-23,27900,29200,27800,28850,1015348,0.047186932849364815
2022-02-24,28550,29500,28450,28900,736379,0.0017331022530329143
2022-02-25,29000,29000,28400,28500,388353,-0.01384083044982698
2022-02-28,28400,28900,28000,28800,530645,0.010526315789473717
2022-03-02,28300,28450,26850,27100,966320,-0.05902777777777779
2022-03-03,27250,28150,27000,28050,440325,0.035055350553505615
2022-03-04,27750,28300,27750,28150,262338,0.0035650623885918886
2022-03-07,27500,27950,27150,27650,337106,-0.017761989342806372
2022-03-08,27250,28100,27000,27050,482163,-0.02169981916817365
2022-03-10,27550,28750,27550,28600,577088,0.0573012939001849
2022-03-11,28800,29150,28500,28750,407421,0.005244755244755206
2022-03-14,28650,29400,28550,29000,260794,0.008695652173912993
2022-03-15,29400,29950,28850,29150,467060,0.005172413793103514
2022-03-16,29050,29250,28650,29100,220862,-0.0017152658662092923
2022-03-17,29150,29600,28450,28700,436447,-0.013745704467353903
2022-03-18,28650,29550,28350,29350,365171,0.022648083623693305
2022-03-21,29250,29650,29100,29350,175447,0.0
2022-03-22,29650,30700,29500,30650,748642,0.04429301533219765
2022-03-23,30700,31300,30500,30950,568588,0.00978792822185981
2022-03-24,30700,31300,30500,31000,312968,0.001615508885298933
2022-03-25,30950,31550,30750,31300,328728,0.00967741935483879
2022-03-28,31100,32300,31000,31800,480237,0.015974440894568787
2022-03-29,32250,32250,30800,31350,417303,-0.014150943396226467
2022-03-30,31300,31350,30600,30850,385574,-0.01594896331738438
2022-03-31,30900,32350,30900,32150,508120,0.04213938411669371
2022-04-01,31600,32400,31500,32100,308595,-0.0015552099533436836
2022-04-04,31750,32350,31650,31700,189856,-0.012461059190031154
2022-04-05,31600,31700,31000,31600,316302,-0.003154574132492094
2022-04-06,32100,33250,31900,32950,803672,0.04272151898734178
2022-04-07,33000,34150,32600,32950,757928,0.0
2022-04-08,32850,32950,31900,32550,412830,-0.012139605462822445
2022-04-11,32550,32950,32200,32850,356065,0.009216589861751112
2022-04-12,32850,33150,31750,32250,571199,-0.0182648401826484
2022-04-13,32300,32300,31800,32150,334387,-0.0031007751937984773
2022-04-14,31950,32950,31750,32700,437536,0.01710730948678063
2022-04-15,32500,33100,31950,32150,315648,-0.016819571865443472
2022-04-18,31850,32100,31450,31750,336692,-0.01244167962674958
2022-04-19,32200,32400,31750,32300,306360,0.017322834645669305
2022-04-20,32100,32750,32050,32200,287273,-0.003095975232198178
2022-04-21,32700,32700,32050,32200,296228,0.0
2022-04-22,32300,34100,32100,33550,604824,0.04192546583850931
2022-04-25,33400,34200,33300,33700,415799,0.0044709388971684305
2022-04-26,33600,33650,31700,32400,1196164,-0.03857566765578635
2022-04-27,31700,32300,31100,31800,554902,-0.01851851851851849
2022-04-28,31900,32500,31550,31950,256329,0.004716981132075526
2022-04-29,31650,32550,31500,32550,391760,0.018779342723004744
2022-05-02,32000,32300,30600,31200,666400,-0.04147465437788023
2022-05-03,30850,31600,30750,31350,466213,0.004807692307692291
2022-05-04,31400,32150,31300,31950,396641,0.019138755980861344
2022-05-06,31600,31950,31200,31750,264660,-0.006259780907668211
2022-05-09,31550,31650,31150,31400,181369,-0.011023622047244053
2022-05-10,31150,31300,30000,31000,412862,-0.01273885350318471
2022-05-11,30450,30600,29050,29800,725000,-0.03870967741935483
2022-05-12,30000,31650,29850,31300,817880,0.05033557046979875
2022-05-13,31450,31450,30350,31000,334210,-0.009584664536741228
2022-05-16,31100,31450,30450,31250,304366,0.008064516129032251
2022-05-17,31250,31450,30800,30950,347910,-0.009600000000000053
2022-05-18,31100,31650,30800,31050,403309,0.003231017770597644
2022-05-19,30450,31200,30300,30850,313433,-0.006441223832528209
2022-05-20,30600,30850,29950,30250,458294,-0.01944894651539708
2022-05-23,30350,30650,29950,30650,177870,0.013223140495867813
2022-05-24,30750,31450,30100,30450,290958,-0.006525285481239762
2022-05-25,30500,30500,30100,30300,289916,-0.0049261083743842304
2022-05-26,30100,30450,29850,30100,411046,-0.0066006600660065695
2022-05-27,30300,31750,30200,31600,568272,0.04983388704318936
2022-05-30,31650,32150,31200,31400,320740,-0.006329113924050667
2022-05-31,31300,31800,30800,31400,475202,0.0
2022-06-02,31400,31750,31250,31550,287450,0.004777070063694211
2022-06-03,31650,31950,31450,31850,204180,0.009508716323296307
2022-06-07,31950,31950,31400,31650,197301,-0.006279434850863463
2022-06-08,31700,32000,31400,31600,232680,-0.0015797788309637184
2022-06-09,31700,32300,31500,32300,357391,0.02215189873417711
2022-06-10,32100,32400,31650,32300,268311,0.0
2022-06-13,31750,33000,31600,31700,308277,-0.018575851393188847
2022-06-14,31850,31950,31000,31450,362410,-0.007886435331230235
2022-06-15,31800,32350,31450,31650,328529,0.006359300476947549
2022-06-16,31600,32200,31250,31450,195780,-0.006319115323854652
2022-06-17,31250,31450,30350,31300,390519,-0.004769475357710662
2022-06-20,31350,31650,30950,31300,277148,0.0
2022-06-21,31500,32050,31250,31400,200886,0.0031948881789136685
2022-06-22,31300,31800,30750,30950,256716,-0.014331210191082855
2022-06-23,31150,31350,29700,29800,366946,-0.037156704361874016
2022-06-24,30350,30400,29250,30250,396130,0.015100671140939603
2022-06-27,29900,30400,29700,29950,266861,-0.00991735537190086
2022-06-28,29950,30600,29700,30450,216731,0.016694490818029983
2022-06-29,30400,31350,30150,31350,299187,0.029556650246305383
2022-06-30,31250,31700,30800,30950,361896,-0.012759170653907526
2022-07-01,31550,32750,31000,31850,352953,0.029079159935379684
2022-07-04,32000,32200,31050,31600,313809,-0.00784929356357933
2022-07-05,31800,32450,31400,32150,295256,0.017405063291139333
2022-07-06,31750,31850,29300,29950,482636,-0.06842923794712286
2022-07-07,30550,30550,29700,29950,276309,0.0
2022-07-08,29900,30950,29900,30650,179404,0.023372287145241977
2022-07-11,30950,30950,30000,30300,157283,-0.011419249592169667
2022-07-12,30500,32100,30300,32000,484670,0.05610561056105601
2022-07-13,32100,32200,31000,31150,341340,-0.026562500000000044
2022-07-14,31300,32550,31150,32100,505647,0.03049759229534521
2022-07-15,32050,32250,31300,31950,354600,-0.004672897196261627
2022-07-18,31950,33600,31900,32850,411956,0.028169014084507005
2022-07-19,32850,33000,32200,32750,249879,-0.0030441400304414
2022-07-20,32850,33400,32650,33050,287538,0.009160305343511421
2022-07-21,32600,32800,31800,32400,247966,-0.01966717095310133
2022-07-22,32050,32750,32050,32450,221177,0.0015432098765431057
2022-07-25,32450,33150,32100,32200,175207,-0.007704160246533087
2022-07-26,31950,32400,31850,32200,149429,0.0
2022-07-27,32300,32750,32000,32150,317336,-0.0015527950310558758
2022-07-28,32100,32800,32100,32200,243993,0.0015552099533437946
2022-07-29,32750,32850,32300,32800,349419,0.01863354037267073
2022-08-01,32500,32800,32300,32400,210015,-0.012195121951219523
2022-08-02,32500,33600,32450,32650,379276,0.007716049382715973
2022-08-03,32850,34150,32750,33950,558655,0.039816232771822335
2022-08-04,34250,34300,33200,33500,324616,-0.013254786450662692
2022-08-05,33750,34500,33350,33900,321076,0.011940298507462588
2022-08-08,33600,35000,33550,34150,272388,0.007374631268436627
2022-08-09,33900,34400,32150,33850,520365,-0.008784773060029227
2022-08-10,33850,34100,33400,33550,357706,-0.008862629246676468
2022-08-11,33750,33900,33050,33350,349665,-0.005961251862891204
2022-08-12,33900,35700,33250,34100,931778,0.022488755622188883
2022-08-16,34500,34500,33000,33700,347458,-0.011730205278592365
2022-08-17,33750,34100,33600,34000,220056,0.008902077151335286
2022-08-18,33600,34600,33600,34100,248028,0.002941176470588225
2022-08-19,34100,34700,33800,34550,193742,0.01319648093841641
2022-08-22,34450,34600,33750,34400,262487,-0.00434153400868309
2022-08-23,34400,34500,33600,33750,214337,-0.018895348837209336
2022-08-24,33450,34050,33300,33450,206911,-0.008888888888888835
2022-08-25,33500,33850,33000,33400,232293,-0.001494768310911776
2022-08-26,33150,33350,32200,32400,560342,-0.029940119760479056
2022-08-29,31950,32500,31500,31650,246994,-0.02314814814814814
2022-08-30,32000,32150,31550,31650,232943,0.0
2022-08-31,31400,31700,30750,31500,283440,-0.004739336492891044
2022-09-01,31100,31400,30700,30900,336664,-0.01904761904761909
2022-09-02,30900,31500,30600,31350,358222,0.014563106796116498
2022-09-05,31350,31400,30750,31250,163948,-0.0031897926634768536
2022-09-06,31250,31750,30800,31350,270387,0.0032000000000000917
2022-09-07,31000,31350,30650,30850,418660,-0.01594896331738438
2022-09-08,31300,31350,30400,30600,297661,-0.008103727714748765
2022-09-13,30950,31550,30850,31250,295782,0.0212418300653594
2022-09-14,30850,30850,29950,30200,396958,-0.03359999999999996
2022-09-15,30250,30500,29900,30300,307773,0.0033112582781456013
2022-09-16,30150,30400,29300,29700,432811,-0.01980198019801982
2022-09-19,29800,29850,29200,29250,267484,-0.015151515151515138
2022-09-20,29800,30300,29250,30200,428547,0.032478632478632585
2022-09-21,29850,31050,29750,30650,415383,0.01490066225165565
2022-09-22,30450,31300,30250,31150,473293,0.01631321370309946
2022-09-23,31750,31950,30700,31100,359312,-0.0016051364365970988
2022-09-26,30950,32100,30600,30900,503718,-0.006430868167202619
2022-09-27,31200,31450,29850,30250,328711,-0.021035598705501646
2022-09-28,29850,30300,28850,29450,278235,-0.026446280991735516
2022-09-29,29450,30400,29400,30100,274148,0.022071307300509435
2022-09-30,30400,30550,29100,29300,377438,-0.02657807308970095
2022-10-04,29400,30900,29350,30100,387427,0.027303754266211566
2022-10-05,30350,30600,29600,29950,260363,-0.004983388704318914
2022-10-06,30200,30200,29400,29400,247129,-0.018363939899833093
2022-10-07,29450,30050,29450,30000,287927,0.020408163265306145
2022-10-11,29650,30300,29500,29800,308925,-0.00666666666666671
2022-10-12,29800,30350,29600,29800,290423,0.0
2022-10-13,30000,30550,29600,30300,367702,0.016778523489932917
2022-10-14,30600,31400,30400,31150,274418,0.028052805280528004
2022-10-17,31150,32300,30900,32200,411122,0.03370786516853941
2022-10-18,32300,32650,32050,32600,285583,0.012422360248447228
2022-10-19,32650,33300,32300,33100,321691,0.015337423312883347
2022-10-20,32850,33450,32750,33300,387058,0.0060422960725075026
2022-10-21,33000,33250,32300,33150,331337,-0.0045045045045044585
2022-10-24,33300,33300,31850,32300,341240,-0.02564102564102566
2022-10-25,32600,32600,31700,32050,256067,-0.007739938080495334
2022-10-26,31700,32200,31700,32000,333362,-0.0015600624024960652
2022-10-27,32450,32500,31700,32100,248019,0.0031250000000000444
2022-10-28,32050,33300,32050,33100,244758,0.031152647975077885
2022-10-31,33300,33550,32800,33300,238033,0.0060422960725075026
2022-11-01,33550,33900,33050,33850,170641,0.016516516516516422
2022-11-02,33500,34150,33450,33800,263818,-0.001477104874446078
2022-11-03,33350,33700,32750,33100,335660,-0.020710059171597628
2022-11-04,33400,34350,32950,33950,300190,0.025679758308157163
2022-11-07,33900,34100,33250,33850,189129,-0.002945508100147265
2022-11-08,33900,33950,30950,31600,974326,-0.06646971935007384
2022-11-09,31900,32150,31300,31900,621308,0.009493670886076
2022-11-10,31750,32100,31000,31200,610533,-0.021943573667711602
2022-11-11,31250,31250,29450,30100,1299292,-0.03525641025641024
2022-11-14,30100,30100,28900,29100,1173714,-0.03322259136212624
2022-11-15,29100,29200,28100,28300,1048093,-0.027491408934707917
2022-11-16,28450,29250,28400,28900,820681,0.021201413427561766
2022-11-17,29150,29300,28600,28650,403531,-0.00865051903114189
2022-11-18,28800,29600,28500,28950,687041,0.010471204188481575
2022-11-21,29100,29150,28750,28950,287532,0.0
2022-11-22,29000,29400,28900,29350,443414,0.013816925734024155
2022-11-23,29400,29450,29000,29300,296850,-0.0017035775127768327
2022-11-24,29350,29550,29200,29400,400217,0.0034129692832765013
2022-11-25,29500,29900,29400,29800,432469,0.013605442176870763
2022-11-28,29800,29800,29200,29450,326019,-0.011744966442952975
2022-11-29,29500,29800,29300,29750,411519,0.01018675721561979
2022-11-30,29750,30300,29700,30200,513554,0.015126050420168013
2022-12-01,30350,30350,29950,30250,433225,0.0016556291390728006
2022-12-02,30300,30300,29350,29450,361074,-0.026446280991735516
2022-12-05,29400,29600,28800,29150,475447,-0.01018675721561968
2022-12-06,29050,29350,28500,28900,582478,-0.00857632933104635
2022-12-07,29000,29250,28750,28800,378105,-0.0034602076124568004
2022-12-08,28900,29150,28650,28800,377352,0.0
2022-12-09,29050,29300,28700,29300,530811,0.01736111111111116
2022-12-12,29250,29600,29100,29250,454184,-0.0017064846416382506
2022-12-13,29400,29650,29050,29550,476323,0.01025641025641022
2022-12-14,29700,29950,29450,29900,452815,0.011844331641285955
2022-12-15,29850,30050,29700,29750,346490,-0.0050167224080267525
2022-12-16,29400,30350,29300,30300,606653,0.018487394957983128
2022-12-19,30050,30550,29800,30400,600808,0.0033003300330032292
2022-12-20,30450,30600,30150,30400,345332,0.0
2022-12-21,30500,30950,30350,30850,277337,0.014802631578947345
2022-12-22,31000,31050,30650,30950,310132,0.0032414910858995505
2022-12-23,30800,31100,30300,30350,488962,-0.01938610662358642
2022-12-26,30400,31200,30350,30950,483965,0.01976935749588149
2022-12-27,31150,31150,30450,30550,568054,-0.012924071082390909
2022-12-28,29200,30400,28250,30100,861222,-0.014729950900163713
2022-12-29,29750,30250,29400,29450,259819,-0.021594684385382035
2023-01-02,29450,29550,28800,28800,198581,-0.022071307300509324
2023-01-03,28950,29050,28100,28550,396005,-0.00868055555555558
2023-01-04,28800,29100,28300,29050,265851,0.017513134851138368
2023-01-05,28900,29900,28750,29550,338824,0.01721170395869187
2023-01-06,29050,30450,29050,30200,366767,0.021996615905245376
2023-01-09,30450,30900,30100,30200,453862,0.0
2023-01-10,29950,30400,29550,30100,281622,-0.0033112582781457123
2023-01-11,30150,30300,29700,29900,232249,-0.006644518272425293
2023-01-12,29900,30450,29750,30050,290307,0.0050167224080268635
2023-01-13,30300,30350,29500,29600,512301,-0.014975041597337757
2023-01-16,29600,29800,29200,29300,544261,-0.010135135135135087
2023-01-17,29300,31300,29250,31100,809307,0.061433447098976135
2023-01-18,30950,31700,30700,31350,531916,0.008038585209003246
2023-01-19,31050,32800,31000,32250,747039,0.028708133971291794
2023-01-20,31950,32600,31800,32050,294371,-0.006201550387596955
2023-01-25,31800,32150,31200,31550,286743,-0.015600624024960985
2023-01-26,31450,31850,30850,31100,376720,-0.014263074484944571
2023-01-27,30950,32500,30950,32150,398736,0.0337620578778135
2023-01-30,31750,31850,30750,30800,434418,-0.0419906687402799
2023-01-31,31000,31250,30300,30950,369701,0.004870129870129913
2023-02-01,30700,31250,30600,30800,364689,-0.004846526655896577
2023-02-02,30950,30950,29800,29950,527165,-0.02759740259740262
2023-02-03,30000,30450,29900,30250,306523,0.01001669449081799
2023-02-06,30450,30500,30050,30300,156788,0.0016528925619834212
2023-02-07,30100,30800,30100,30600,288664,0.00990099009900991
2023-02-08,30550,31800,30450,31700,425236,0.03594771241830075
2023-02-09,31300,31650,30750,30750,374907,-0.029968454258675115
2023-02-10,30750,31250,30550,31050,137192,0.009756097560975618
2023-02-13,30750,31550,30750,31450,292508,0.012882447665056418
2023-02-14,31650,31650,31100,31400,277441,-0.0015898251192368873
2023-02-15,31250,31700,31200,31500,220049,0.0031847133757962887
2023-02-16,31500,31650,31200,31650,249364,0.004761904761904745
2023-02-17,31250,31950,31000,31450,180192,-0.006319115323854652
2023-02-20,31250,31650,30850,31000,208976,-0.014308426073131986
2023-02-21,30800,31300,30700,31100,197119,0.003225806451612856
2023-02-22,31100,31900,31050,31550,434845,0.014469453376205754
2023-02-23,32000,34450,31950,33850,1208452,0.07290015847860531
2023-02-24,33650,35250,33650,34950,586888,0.03249630723781394
2023-02-27,35000,35950,34700,35500,548219,0.01573676680972813
2023-02-28,35500,35500,34900,35200,489509,-0.008450704225352101
2023-03-02,35200,35900,34700,35000,413263,-0.005681818181818232
2023-03-03,34650,35050,33450,33650,627924,-0.03857142857142859
2023-03-06,34000,34450,33700,33850,232858,0.005943536404160454
2023-03-07,33800,34650,33500,34000,224486,0.004431314623338345
2023-03-08,33450,34050,33200,33950,313849,-0.0014705882352941124
2023-03-09,34300,35850,33950,34700,501141,0.022091310751104487
2023-03-10,34500,35600,34500,35100,365166,0.011527377521613813
2023-03-13,35400,35500,33900,35200,331077,0.002849002849002913
2023-03-14,34600,34850,33800,34500,359597,-0.019886363636363646
2023-03-15,34800,35400,34500,35150,242633,0.018840579710144967
2023-03-16,34200,35000,33550,34150,500456,-0.028449502133712667
2023-03-17,34250,34750,33900,34550,903124,0.01171303074670571
2023-03-20,34500,34700,32900,33400,458775,-0.03328509406657021
2023-03-21,33750,34700,33200,34000,377890,0.017964071856287456
2023-03-22,34400,34750,34100,34250,294883,0.007352941176470562
2023-03-23,34550,35150,33900,34150,293921,-0.0029197080291970545
2023-03-24,33650,34050,32550,33100,394840,-0.030746705710102518
2023-03-27,33500,33500,32750,33000,200236,-0.0030211480362537513
2023-03-28,33000,33450,32900,33450,173831,0.013636363636363669
2023-03-29,33350,33800,33200,33700,177020,0.007473841554558991
2023-03-30,33450,33800,33150,33600,159031,-0.0029673590504450953
2023-03-31,33500,34250,33500,33800,290925,0.005952380952380931
2023-04-03,33500,33900,32850,33000,270521,-0.023668639053254448
2023-04-04,33300,33450,32400,33000,328101,0.0
2023-04-05,33300,33300,32500,32750,181683,-0.007575757575757569
2023-04-06,32800,32850,32200,32300,204931,-0.013740458015267132
2023-04-07,32200,32200,31600,31700,265544,-0.018575851393188847
2023-04-10,31550,32350,31550,32150,186096,0.014195583596214423
2023-04-11,32050,33350,31950,33150,329973,0.031104199066874116
2023-04-12,32950,33850,32950,33450,253860,0.009049773755656076
2023-04-13,33200,34500,33200,34150,363229,0.020926756352765308
2023-04-14,33950,34800,33800,34100,225174,-0.0014641288433382416
2023-04-17,33850,34500,33850,34200,116497,0.0029325513196480912
2023-04-18,33950,35750,33950,35100,381836,0.026315789473684292
2023-04-19,35100,36950,35100,36650,441429,0.04415954415954415
2023-04-20,37000,37400,36100,37200,265419,0.01500682128240105
2023-04-21,36800,37100,36250,36550,174587,-0.017473118279569877
2023-04-24,36550,36750,35550,36350,190681,-0.005471956224350261
2023-04-25,36500,38450,36150,37800,586195,0.03988995873452539
2023-04-26,37350,37550,36200,36750,247051,-0.02777777777777779
2023-04-27,37200,37200,36150,36550,155277,-0.0054421768707483276
2023-04-28,36200,37650,36200,37550,251709,0.02735978112175097
2023-05-02,37300,38150,37050,37200,230773,-0.009320905459387463
2023-05-03,37000,37700,36800,37000,158535,-0.005376344086021501
2023-05-04,36550,37450,36100,37050,180265,0.0013513513513514486
2023-05-08,36250,38000,36200,37700,251991,0.01754385964912286
2023-05-09,37700,37750,36400,37300,247513,-0.010610079575596787
2023-05-10,37100,38050,36700,37700,294238,0.01072386058981234
2023-05-11,37800,38700,37600,37900,218199,0.0053050397877985045
2023-05-12,37800,37800,35100,35400,685362,-0.06596306068601587
2023-05-15,35100,35700,34350,34750,414263,-0.01836158192090398
2023-05-16,34450,35550,34400,34850,315951,0.0028776978417266452
2023-05-17,34600,34800,34100,34600,320630,-0.00717360114777621
2023-05-18,34450,34450,33550,33750,479426,-0.024566473988439252
2023-05-19,33600,34000,33500,33850,333070,0.002962962962963056
2023-05-22,33950,34300,33500,33800,404124,-0.001477104874446078
2023-05-23,34050,35500,33750,34550,514854,0.022189349112426093
2023-05-24,34500,36300,34250,34900,597231,0.01013024602026058
2023-05-25,34650,34900,34150,34400,332703,-0.014326647564469885
2023-05-26,34150,34400,33650,34000,220119,-0.011627906976744207
2023-05-30,34000,34000,32700,32850,630071,-0.0338235294117647
2023-05-31,32650,33450,32650,32800,486216,-0.0015220700152207556
2023-06-01,33100,33600,32650,32800,364851,0.0
2023-06-02,32900,33350,32350,33100,264176,0.009146341463414531
2023-06-05,33350,33800,33100,33550,276590,0.013595166163141936
2023-06-07,34000,34550,33200,33250,369108,-0.008941877794336861
2023-06-08,33300,34100,33200,33250,416332,0.0
2023-06-09,33300,33400,32250,32650,525694,-0.018045112781954864
2023-06-12,32650,32900,32200,32400,265460,-0.007656967840735107
2023-06-13,32400,32450,31600,32000,406694,-0.012345679012345734
2023-06-14,31850,32000,31250,31650,405836,-0.010937500000000044
2023-06-15,31700,31950,31400,31650,312564,0.0
2023-06-16,31700,31750,30850,31000,657086,-0.020537124802527673
2023-06-19,31200,31250,30600,31150,236276,0.004838709677419395
2023-06-20,30950,31100,30250,30450,406374,-0.022471910112359605
2023-06-21,30450,30900,30100,30550,419735,0.003284072249589487
2023-06-22,30800,31850,30550,31700,690834,0.03764320785597386
2023-06-23,31550,31700,30750,30750,262858,-0.029968454258675115
2023-06-26,30750,31400,30700,31050,297014,0.009756097560975618
2023-06-27,30900,31300,30850,31100,210561,0.0016103059581320522
2023-06-28,31450,31500,30950,31200,216985,0.003215434083601254
2023-06-29,30900,31200,30600,30600,211664,-0.019230769230769273
2023-06-30,30950,31450,30600,31050,237245,0.014705882352941124
2023-07-03,31050,31500,31050,31300,153051,0.008051529790660261
2023-07-04,30900,30950,30350,30450,269716,-0.027156549520766737
2023-07-05,30450,30800,30250,30350,598851,-0.003284072249589487
2023-07-06,30450,30800,29800,29950,363472,-0.01317957166392092
2023-07-07,29950,30050,29500,29800,254523,-0.005008347245408995
2023-07-10,29900,30850,29250,30600,283534,0.02684563758389258
2023-07-11,30900,31200,30350,30700,267954,0.0032679738562091387
2023-07-12,30850,30850,29650,29900,348995,-0.026058631921824116
2023-07-13,30100,30200,29500,29500,411305,-0.013377926421404673
2023-07-14,29500,30200,29500,30100,320000,0.02033898305084736
2023-07-17,29800,30100,28900,29050,404515,-0.03488372093023251
2023-07-18,29100,29450,28800,28900,318021,-0.005163511187607606
2023-07-19,28900,29300,28650,28750,363186,-0.00519031141868509
2023-07-20,28450,29150,28450,28900,315085,0.00521739130434784
2023-07-21,28800,29350,28650,28800,264046,-0.0034602076124568004
2023-07-24,28800,28850,28050,28300,410525,-0.01736111111111116
2023-07-25,28400,28900,28350,28700,262371,0.014134275618374659
2023-07-26,28550,28650,27250,27750,659674,-0.0331010452961672
2023-07-27,27750,29200,27700,29000,415929,0.04504504504504503
2023-07-28,28800,29200,28600,28950,166817,-0.0017241379310344307
2023-07-31,29200,29200,28550,28650,304804,-0.010362694300518172
2023-08-01,28550,28650,28250,28600,337200,-0.0017452006980802626
2023-08-02,28450,29100,28250,28800,384286,0.006993006993007089
2023-08-03,29050,29150,28600,28850,271754,0.0017361111111111605
2023-08-04,28850,30500,28800,30300,630130,0.05025996533795496
2023-08-07,29950,30750,29900,30400,332280,0.0033003300330032292
2023-08-08,30700,31450,30500,31100,627704,0.023026315789473673
2023-08-09,31000,31100,30250,30550,298435,-0.01768488745980712
2023-08-10,30300,30900,30050,30250,300139,-0.009819967266775809
2023-08-11,30450,31200,30400,30900,253343,0.02148760330578514
2023-08-14,30700,30900,30300,30650,165261,-0.008090614886731351
2023-08-16,30200,30250,27800,27850,1126141,-0.09135399673735722
2023-08-17,27950,28200,27600,27850,284658,0.0
2023-08-18,27800,28750,27750,28300,406391,0.016157989228007263
2023-08-21,28600,28950,28350,28550,318641,0.008833922261484162
2023-08-22,28550,28600,27850,28050,275283,-0.017513134851138368
2023-08-23,27800,28950,27700,28600,721825,0.019607843137254832
2023-08-24,28650,28750,28200,28650,448699,0.0017482517482516613
2023-08-25,28700,30700,28450,30450,1055646,0.06282722513089012
2023-08-28,30400,30650,30000,30550,406887,0.003284072249589487
2023-08-29,30550,31000,30550,30800,383082,0.008183306055646433
2023-08-30,31000,31000,30050,30250,388109,-0.017857142857142905
2023-08-31,30100,30550,30000,30250,347484,0.0
2023-09-01,30100,30400,29800,29850,213437,-0.013223140495867813
2023-09-04,29700,30350,29400,30200,276769,0.011725293132328396
2023-09-05,29900,30050,29600,29700,230505,-0.01655629139072845
2023-09-06,29550,30650,29550,30500,334774,0.026936026936027035
2023-09-07,30300,30750,30300,30700,254851,0.006557377049180246
2023-09-08,30700,32050,30350,31950,1242240,0.04071661237785018
2023-09-11,31950,33250,31850,32850,1068325,0.028169014084507005
2023-09-12,32850,32850,31800,31800,627305,-0.03196347031963476
2023-09-13,31800,32900,31750,32550,537870,0.02358490566037741
2023-09-14,32850,33400,32550,32800,380681,0.007680491551459223
2023-09-15,32850,33650,32600,33100,1309827,0.009146341463414531
2023-09-18,32900,33500,32800,32900,354924,-0.0060422960725075026
2023-09-19,32850,33650,32800,33350,955522,0.013677811550151908
2023-09-20,33400,34150,33050,33600,480985,0.007496251874062887
2023-09-21,33500,34050,33150,33150,406192,-0.013392857142857095
2023-09-22,33100,33800,32900,33100,480725,-0.0015082956259426794
2023-09-25,33200,33500,32750,33100,583599,0.0
2023-09-26,32900,33100,32350,32700,318712,-0.012084592145015116
2023-09-27,32350,32950,31900,32450,340926,-0.007645259938837912
2023-10-04,32500,32900,31950,32850,787336,0.012326656394453073
2023-10-05,32850,33400,32600,33050,409541,0.0060882800608828
2023-10-06,33250,33350,32600,33200,268957,0.004538577912254205
2023-10-10,33850,34300,33250,33600,360189,0.012048192771084265
2023-10-11,33650,33950,32500,32900,405213,-0.02083333333333337
2023-10-12,33200,33450,32700,33250,412855,0.010638297872340496
2023-10-13,32850,33600,32850,33500,305611,0.007518796992481258
2023-10-16,33550,33900,33250,33550,307703,0.0014925373134329067
2023-10-17,33900,33950,33100,33150,330044,-0.011922503725782407
2023-10-18,33150,34150,33100,33750,435587,0.018099547511312153
2023-10-19,33300,33700,33000,33350,235651,-0.011851851851851891
2023-10-20,33100,33250,32400,32400,360868,-0.028485757121439303
2023-10-23,32700,32900,31600,31700,359885,-0.021604938271604923
2023-10-24,31850,32000,31200,31600,245394,-0.003154574132492094
2023-10-25,31600,32450,31450,31900,267267,0.009493670886076
2023-10-26,32150,32150,31500,31650,155993,-0.00783699059561127
2023-10-27,32250,32250,31300,31500,243466,-0.004739336492891044
2023-10-30,31500,31800,31050,31300,193433,-0.006349206349206327
2023-10-31,31650,31750,30850,31500,310441,0.006389776357827559
2023-11-01,31800,32150,31350,32150,169602,0.02063492063492056
2023-11-02,32250,32250,29600,29600,705839,-0.07931570762052875
2023-11-03,29900,30100,29150,30050,453438,0.01520270270270263
2023-11-06,30000,30300,29600,30100,564645,0.0016638935108153063
2023-11-07,29850,30150,29700,29900,253226,-0.006644518272425293
2023-11-08,30000,30000,29150,29200,459402,-0.02341137123745818
2023-11-09,29200,29450,29000,29250,270542,0.001712328767123239
2023-11-10,29250,29500,29150,29400,281653,0.00512820512820511
2023-11-13,29450,29800,29300,29700,207553,0.010204081632652962
2023-11-14,29750,29900,29550,29750,263723,0.0016835016835017313
2023-11-15,30300,30600,29550,29700,652799,-0.001680672268907557
2023-11-16,29800,30700,29700,30450,451939,0.025252525252525304
2023-11-17,30650,30800,30200,30650,285734,0.006568144499178974
2023-11-20,30800,30950,30450,30850,314990,0.006525285481239873
2023-11-21,31000,31000,30400,30450,392378,-0.012965964343598091
2023-11-22,30300,30750,30250,30650,187509,0.006568144499178974
2023-11-23,30650,30900,30500,30750,275466,0.0032626427406199365
2023-11-24,30700,31250,30700,31000,329498,0.008130081300812941
2023-11-27,31100,31200,30650,30900,199701,-0.003225806451612856
2023-11-28,31100,31100,30750,31100,235982,0.006472491909385036
2023-11-29,30900,31050,30600,30650,209538,-0.014469453376205754
2023-11-30,30650,31200,30400,31200,344392,0.01794453507340954
2023-12-01,31000,31450,30700,30800,221477,-0.012820512820512775
2023-12-04,31100,31200,30800,31100,149016,0.009740259740259827
2023-12-05,31000,31600,30900,31350,225390,0.008038585209003246
2023-12-06,31350,32150,31350,31900,226143,0.01754385964912286
2023-12-07,31750,32050,31550,31750,134655,-0.00470219435736674
2023-12-08,31950,32050,31600,31650,165636,-0.0031496062992125706
2023-12-11,31800,31800,31300,31500,210872,-0.004739336492891044
2023-12-12,31650,31850,31450,31600,206071,0.0031746031746031633
2023-12-13,31700,31950,31550,31600,215086,0.0
2023-12-14,31800,31850,31400,31550,407911,-0.0015822784810126667
2023-12-15,31500,31600,31250,31450,316508,-0.0031695721077654726
2023-12-18,31250,31450,30500,30700,433878,-0.02384737678855331
2023-12-19,30450,30500,30050,30400,346892,-0.009771986970684043
2023-12-20,30500,30800,30450,30800,208761,0.013157894736842035
2023-12-21,30550,30900,30550,30850,262103,0.0016233766233766378
2023-12-22,31050,31200,30600,30800,329693,-0.0016207455429497752
2023-12-26,31000,31100,30650,31050,335111,0.008116883116883189
2023-12-27,30750,31050,30200,30650,374303,-0.012882447665056307
2023-12-28,30750,31150,30550,31000,215906,0.011419249592169667
2024-01-02,30700,30950,30300,30600,312638,-0.012903225806451646
2024-01-03,30500,30650,30250,30250,222956,-0.011437908496731986
2024-01-04,30150,30550,29850,29950,231644,-0.00991735537190086
2024-01-05,29950,30100,29750,30000,227015,0.0016694490818029983
2024-01-08,30050,30050,29550,29800,248585,-0.00666666666666671
2024-01-09,30050,30250,29800,30000,232393,0.006711409395973256
2024-01-10,29800,30100,29500,29600,284672,-0.013333333333333308
2024-01-11,29750,29850,29500,29500,331406,-0.0033783783783783994
2024-01-12,29650,30050,29500,29850,173294,0.011864406779660941
2024-01-15,29950,30500,29850,30300,314274,0.015075376884422065
2024-01-16,30100,30350,29800,30100,197350,-0.0066006600660065695
2024-01-17,30250,30250,29350,29400,319839,-0.023255813953488413
2024-01-18,29400,29500,29100,29200,278332,-0.006802721088435382
2024-01-19,29350,29400,28450,28600,481759,-0.020547945205479423
2024-01-22,28650,29400,28650,29150,212777,0.019230769230769162
2024-01-23,29450,30100,29250,29950,294759,0.027444253859348233
2024-01-24,29750,30200,29550,30150,330031,0.006677796327211993
2024-01-25,30300,30600,30050,30500,300202,0.011608623548922115
2024-01-26,30200,30600,30200,30400,241080,-0.003278688524590123
2024-01-29,30400,31900,30250,31700,554454,0.04276315789473695
2024-01-30,31850,33500,31750,32650,836449,0.029968454258675115
2024-01-31,32650,34000,32350,33900,721646,0.038284839203675425
2024-02-01,33900,36150,33600,35450,1066568,0.04572271386430682
2024-02-02,35450,36350,34550,35950,809049,0.014104372355430161
2024-02-05,36000,36800,35150,35750,618644,-0.0055632823365785455
2024-02-06,35400,36250,33950,34700,642730,-0.029370629370629397
2024-02-07,34500,35450,34200,35250,359274,0.015850144092218965
2024-02-08,35300,35750,34950,35650,344348,0.01134751773049647
2024-02-13,34900,36650,34750,35250,627889,-0.011220196353436185
2024-02-14,35200,35600,34200,34650,459376,-0.017021276595744705
2024-02-15,35100,35100,33600,33700,480597,-0.02741702741702745
2024-02-16,34050,34600,33500,34450,257328,0.022255192878338326
2024-02-19,34750,35700,34550,35300,338792,0.02467343976777947
2024-02-20,35050,35600,34050,34200,241595,-0.031161473087818692
2024-02-21,34450,34750,33500,34100,239922,-0.0029239766081871066
2024-02-22,34450,34450,33500,33700,221032,-0.011730205278592365
2024-02-23,33850,35100,33850,34650,355975,0.028189910979228516
2024-02-26,34050,34150,31800,32200,814321,-0.07070707070707072
2024-02-27,32200,32400,30850,30950,640632,-0.03881987577639756
2024-02-28,30600,31650,30600,31450,513533,0.016155088852988664
2024-02-29,31400,32100,31200,31500,554167,0.0015898251192367763
2024-03-04,31800,32950,31550,32500,601667,0.031746031746031855
2024-03-05,32450,33250,32100,32200,405113,-0.009230769230769265
2024-03-06,32100,32400,31600,32050,457362,-0.004658385093167738
2024-03-07,32050,32300,31750,31900,324220,-0.004680187207488307
2024-03-08,32150,32350,31850,31950,346432,0.0015673981191222097
2024-03-11,31950,32550,31950,32300,261047,0.010954616588419341
2024-03-12,32650,32700,32050,32300,371606,0.0
2024-03-13,32400,33600,32350,33500,575874,0.037151702786377694
2024-03-14,33700,35450,33500,34850,1002037,0.040298507462686484
2024-03-15,34900,35850,34500,34500,733084,-0.010043041606886627
2024-03-18,34800,34800,33600,33800,430959,-0.020289855072463725
2024-03-19,33750,34300,33400,33450,426476,-0.010355029585798814
2024-03-20,33750,34300,33450,33550,352922,0.002989536621823552
2024-03-21,33850,34450,33400,34400,607524,0.0253353204172877
2024-03-22,34200,34500,33500,33650,706571,-0.021802325581395388
2024-03-25,33700,34050,33000,33100,498446,-0.01634472511144136
2024-03-26,33350,33450,32650,32850,641323,-0.007552870090634434
2024-03-27,32850,32900,32100,32350,795157,-0.015220700152207
2024-03-28,30650,31200,30600,30850,791668,-0.04636785162287482
2024-03-29,30800,30950,30350,30500,409076,-0.011345218800648316
2024-04-01,30800,30950,30350,30550,408592,0.0016393442622950616
2024-04-02,30400,31400,30300,31000,572676,0.014729950900163713
2024-04-03,30900,30950,30600,30650,522936,-0.011290322580645107
2024-04-04,30850,31300,30650,30900,310837,0.00815660685154973
2024-04-05,30550,30900,30400,30500,315295,-0.012944983818770184
2024-04-08,30600,30850,30350,30650,359041,0.004918032786885185
2024-04-09,30750,31100,30650,30750,363587,0.0032626427406199365
2024-04-11,30450,30650,29650,30200,540525,-0.01788617886178867
2024-04-12,29950,29950,28700,28750,903872,-0.04801324503311255
2024-04-15,28550,29250,28450,29250,345011,0.017391304347825987
2024-04-16,29000,29250,28750,29100,283694,-0.00512820512820511
2024-04-17,29300,29550,28950,29250,240776,0.005154639175257714
2024-04-18,29250,29550,29200,29350,271112,0.0034188034188034067
2024-04-19,29050,29350,28700,29150,416357,-0.006814310051107331
2024-04-22,29550,30900,29300,30750,630708,0.054888507718696466
2024-04-23,30700,31100,30500,30800,259526,0.001626016260162677
2024-04-24,30650,30850,30400,30700,251319,-0.0032467532467532756
2024-04-25,30350,31600,30350,31000,301329,0.009771986970684043
2024-04-26,31300,31750,31100,31600,279227,0.019354838709677358
2024-04-29,31600,31800,31250,31800,215197,0.006329113924050667
2024-04-30,31500,31700,31150,31300,310409,-0.01572327044025157
2024-05-02,31050,31250,30350,30500,300299,-0.025559105431309903
2024-05-03,30550,30700,30250,30450,160250,-0.0016393442622950616
2024-05-07,30700,31100,30350,31100,292131,0.021346469622331776
2024-05-08,31100,31250,30700,31200,266172,0.003215434083601254
2024-05-09,31200,31200,30550,30600,313701,-0.019230769230769273
2024-05-10,30900,31350,30850,31000,448335,0.013071895424836555
2024-05-13,31200,31500,30950,31250,237739,0.008064516129032251
2024-05-14,31250,34650,30950,34200,2199629,0.09440000000000004
2024-05-16,33750,35000,33550,34600,1658780,0.011695906432748648
2024-05-17,34650,34650,33400,33650,469161,-0.027456647398843903
2024-05-20,33900,34750,33850,34350,505252,0.02080237741456159
2024-05-21,34150,34450,33850,34200,508573,-0.004366812227074246
2024-05-22,34050,34050,32300,32600,860578,-0.04678362573099415
2024-05-23,32500,32850,32250,32700,459305,0.0030674846625766694
2024-05-24,32300,32400,31950,32250,269585,-0.013761467889908285
2024-05-27,32450,32650,31900,32000,303903,-0.007751937984496138
2024-05-28,31900,32450,31900,32300,226585,0.009374999999999911
2024-05-29,32100,33150,32050,33000,638788,0.021671826625387025
2024-05-30,32850,33350,32550,33050,497821,0.0015151515151514694
2024-05-31,33300,33350,32650,32800,415787,-0.0075642965204235635
2024-06-03,32950,33250,32550,33150,301456,0.010670731707317138
2024-06-04,32800,33200,32100,32300,325023,-0.02564102564102566
2024-06-05,32400,32800,32150,32550,289734,0.007739938080495445
2024-06-07,32550,33350,32400,32700,365117,0.004608294930875667
2024-06-10,32450,32950,32300,32550,133675,-0.004587155963302725
2024-06-11,32500,32950,32300,32600,324051,0.001536098310291889
2024-06-12,32400,32750,32400,32700,191304,0.0030674846625766694
2024-06-13,32800,33100,32150,32350,648002,-0.010703363914373099
2024-06-14,32200,32700,31950,32000,353719,-0.010819165378670781
2024-06-17,32050,32350,31250,31400,476898,-0.018750000000000044
2024-06-18,31600,32300,31000,32200,535644,0.02547770700636942
2024-06-19,32350,32400,31500,31950,368137,-0.00776397515527949
2024-06-20,31950,33000,31850,32850,454814,0.028169014084507005
2024-06-21,32850,33200,32700,33100,511832,0.007610350076103556
2024-06-24,33050,33600,32600,33450,486258,0.010574018126888296
2024-06-25,33650,33800,32950,33800,272781,0.010463378176382765
2024-06-26,33450,33550,33050,33550,181992,-0.007396449704141994
2024-06-27,33100,33800,32950,33800,236093,0.007451564828613977
2024-06-28,33700,34500,33650,34500,485259,0.020710059171597628
2024-07-01,34500,34750,33600,33850,278163,-0.018840579710144967
2024-07-02,33550,34550,33400,34300,380506,0.013293943870014813
2024-07-03,34150,34500,33950,34150,254521,-0.004373177842565634
2024-07-04,34050,35350,33900,34550,480376,0.01171303074670571
2024-07-05,34550,35000,34350,34500,239097,-0.0014471780028944004
2024-07-08,34200,34200,33700,33800,156755,-0.020289855072463725
2024-07-09,34050,34150,33050,33700,487715,-0.00295857988165682
2024-07-10,33700,35350,33550,35000,555038,0.03857566765578646
2024-07-11,35050,35600,34800,35350,386180,0.010000000000000009
2024-07-12,35350,35350,34200,34450,199901,-0.02545968882602545
2024-07-15,34350,34650,33800,34000,265675,-0.013062409288824406
2024-07-16,34050,34500,33850,34350,375446,0.010294117647058787
2024-07-17,34250,34350,33550,33950,268978,-0.011644832605531286
2024-07-18,34150,34300,33700,34300,420029,0.010309278350515427
2024-07-19,34000,34300,33500,34000,348896,-0.008746355685131157
2024-07-22,33950,34200,33450,33850,262522,-0.004411764705882337
2024-07-23,33850,34650,33800,34350,370996,0.01477104874446078
2024-07-24,34050,34850,33950,34850,254606,0.01455604075691408
2024-07-25,34650,34700,33500,33700,242722,-0.03299856527977041
2024-07-26,33900,35150,33750,34950,473056,0.0370919881305638
2024-07-29,34900,35800,34650,35100,278759,0.0042918454935623185
2024-07-30,34850,36250,34600,35850,408538,0.02136752136752129
2024-07-31,35850,36750,35450,36050,446147,0.00557880055788007
2024-08-01,35900,36100,35400,36050,224398,0.0
2024-08-02,35500,35550,34100,34100,426283,-0.05409153952843271
2024-08-05,33700,33800,31500,32000,435685,-0.061583577712609916
2024-08-06,33000,33150,32000,32400,387796,0.012499999999999956
2024-08-07,32050,33850,31900,33850,430095,0.044753086419753174
2024-08-08,33850,34750,33250,34750,408175,0.026587887740029625
2024-08-09,34450,34600,33700,34100,293009,-0.018705035971222972
2024-08-12,34400,34400,33750,34200,128363,0.0029325513196480912
2024-08-13,33900,35700,33900,35650,386150,0.042397660818713545
2024-08-14,35450,35800,34500,34950,413870,-0.01963534361851338
2024-08-16,35400,35550,33600,34300,595372,-0.01859799713876964
2024-08-19,34350,35450,34150,34900,423837,0.017492711370262315
2024-08-20,34850,36650,34850,36150,773406,0.035816618911174825
2024-08-21,36000,36250,35450,36150,364240,0.0
2024-08-22,36150,36150,35200,35800,269646,-0.009681881051175623
2024-08-23,35550,35700,35150,35450,291486,-0.009776536312849138
2024-08-26,35400,35750,35300,35750,208206,0.008462623413258097
2024-08-27,35850,35950,35300,35600,220129,-0.004195804195804231
2024-08-28,35500,36000,35100,35300,276769,-0.008426966292134797
2024-08-29,35300,35550,34900,34900,188019,-0.011331444759206777
2024-08-30,35200,35250,34700,34800,419148,-0.002865329512893977
2024-09-02,34850,35350,34650,35200,228718,0.011494252873563315
2024-09-03,35350,36250,35150,35750,456279,0.015625
2024-09-04,35500,35900,35150,35400,376031,-0.009790209790209836
2024-09-05,35450,35500,34650,35000,245426,-0.011299435028248594
2024-09-06,35050,35050,34250,34550,257506,-0.0128571428571429
2024-09-09,34000,34050,33100,33400,417460,-0.03328509406657021
2024-09-10,33550,33800,33150,33600,225836,0.0059880239520957446
2024-09-11,33750,34250,32550,32800,361283,-0.023809523809523836
2024-09-12,32850,32950,32300,32750,581302,-0.0015243902439023849
2024-09-13,32850,33500,32750,33300,227513,0.016793893129771087
2024-09-19,33500,33600,32950,33400,301294,0.0030030030030030463
2024-09-20,33400,33550,33050,33500,450557,0.0029940119760478723
2024-09-23,33800,34200,33300,34100,436323,0.017910447761193993
2024-09-24,34500,35150,33000,33250,645388,-0.024926686217008776
2024-09-25,33600,33700,32650,32700,490034,-0.016541353383458635
2024-09-26,32850,33400,32750,33350,390198,0.01987767584097866
2024-09-27,33350,34100,33250,33650,481626,0.008995502248875464
2024-09-30,33900,33900,33000,33000,326047,-0.019316493313521588
2024-10-02,32600,32650,30850,30950,1343757,-0.06212121212121213
2024-10-04,30900,30950,30450,30750,984593,-0.00646203554119551
2024-10-07,30850,31200,30600,31050,612666,0.009756097560975618
2024-10-08,31000,31250,30800,30800,428442,-0.008051529790660261
2024-10-10,31100,31650,31000,31200,477153,0.01298701298701288
2024-10-11,31200,31500,31150,31350,242121,0.004807692307692291
2024-10-14,31350,32000,31300,31700,423056,0.011164274322169154
2024-10-15,31800,32000,31550,31900,301698,0.006309148264984188
2024-10-16,31600,31700,31150,31300,471116,-0.018808777429467072
2024-10-17,31400,31400,30750,31000,396392,-0.009584664536741228
2024-10-18,31100,31100,30250,30400,551979,-0.01935483870967747
2024-10-21,30600,30750,30250,30400,335116,0.0
2024-10-22,30350,30400,29900,30300,504708,-0.003289473684210509
2024-10-23,30450,30700,30300,30600,350205,0.00990099009900991
2024-10-24,30400,30400,29800,30000,412784,-0.019607843137254943
2024-10-25,30050,30350,29650,30350,407987,0.011666666666666714
2024-10-28,30400,30450,29950,30200,326106,-0.0049423393739703725
2024-10-29,30200,30200,29900,30100,191263,-0.0033112582781457123
2024-10-30,30200,30650,29800,30550,403550,0.014950166112956742
2024-10-31,30500,30500,29900,30350,297797,-0.006546644844517169
2024-11-01,30050,30300,29900,30100,155746,-0.008237232289950547
2024-11-04,30150,30750,30000,30750,295680,0.021594684385382035
2024-11-05,30450,30700,30200,30550,165890,-0.006504065040650375
2024-11-06,30450,30800,30200,30800,166472,0.008183306055646433
2024-11-07,30650,30850,30350,30450,175019,-0.011363636363636354
2024-11-08,30550,30550,30000,30200,213654,-0.008210180623973717
2024-11-11,30100,30250,29650,29750,291136,-0.01490066225165565
2024-11-12,29750,30000,28700,28950,465371,-0.026890756302521024
2024-11-13,28850,29200,28700,28750,312989,-0.006908462867012077
2024-11-14,29000,29000,28300,28650,360938,-0.003478260869565264
2024-11-15,28400,28500,27250,27350,725029,-0.04537521815008727
2024-11-18,27450,28700,27350,28250,384724,0.03290676416819016
2024-11-19,28100,28500,27950,28050,254882,-0.0070796460176991705
2024-11-20,27900,28150,27800,28000,292517,-0.0017825311942959443
2024-11-21,28000,28100,27750,27850,300176,-0.005357142857142838
2024-11-22,28000,28300,27850,28100,289826,0.008976660682226134
2024-11-25,28150,28350,27900,28100,403091,0.0
2024-11-26,28050,28100,26950,27000,736210,-0.039145907473309594
2024-11-27,26950,27600,26950,27300,353353,0.011111111111111072
2024-11-28,27300,27350,27000,27150,239706,-0.005494505494505475
2024-11-29,27200,27200,26400,26600,546119,-0.02025782688766109
2024-12-02,26500,26800,26400,26500,328894,-0.003759398496240629
2024-12-03,26700,27300,26650,27300,431129,0.030188679245283012
2024-12-04,26850,27050,26100,26300,679399,-0.03663003663003661
2024-12-05,26250,26300,25500,25850,595594,-0.017110266159695797
2024-12-06,26000,26100,25550,25950,405122,0.003868471953578423
2024-12-09,25700,25950,24750,25200,334283,-0.028901734104046284
2024-12-10,25450,25850,25250,25700,279489,0.01984126984126977
2024-12-11,25900,26900,25700,26800,403532,0.04280155642023353
2024-12-12,26900,26950,26550,26750,539448,-0.001865671641791078
2024-12-13,26800,26900,26400,26700,220341,-0.0018691588785046953
2024-12-16,27000,27000,26300,26400,360446,-0.011235955056179803
2024-12-17,26500,26550,25600,25850,1105565,-0.02083333333333337
2024-12-18,25900,26850,25900,26650,483323,0.030947775628626717
2024-12-19,26100,26750,26100,26500,409460,-0.0056285178236398226
2024-12-20,26050,26100,23950,24750,1143360,-0.06603773584905659
2024-12-23,24750,25250,24550,25250,376756,0.02020202020202011
2024-12-24,25300,25800,25100,25600,317998,0.013861386138613874
2024-12-26,25700,25700,25000,25450,244552,-0.005859375
2024-12-27,25150,25350,24300,25100,273283,-0.013752455795677854
2024-12-30,24900,25000,24550,24700,215436,-0.015936254980079667
2025-01-02,24850,25100,24600,25000,239462,0.012145748987854255
2025-01-03,24750,25150,24700,25000,228337,0.0
2025-01-06,25100,25300,24800,25200,227820,0.008000000000000007
2025-01-07,25250,25700,25150,25250,363963,0.001984126984126977
2025-01-08,25050,25850,25050,25550,226933,0.011881188118811892
2025-01-09,25500,26100,25350,25900,313543,0.013698630136986356
2025-01-10,26000,26450,25750,26200,364218,0.01158301158301156
2025-01-13,26000,26650,25900,25950,347153,-0.009541984732824416
2025-01-14,26100,26100,25750,25950,169455,0.0
2025-01-15,25750,26350,25750,25950,235737,0.0
2025-01-16,25950,26100,25850,26000,151426,0.0019267822736031004
2025-01-17,25900,26050,25350,25400,253998,-0.023076923076923106
2025-01-20,25550,25600,25250,25350,177878,-0.0019685039370078705
2025-01-21,25500,25500,24950,25150,243540,-0.007889546351084853
2025-01-22,25300,25400,24650,24750,324714,-0.015904572564612307
2025-01-23,24750,24850,24350,24400,235126,-0.014141414141414121
2025-01-24,24500,24500,23850,24000,412936,-0.016393442622950838
2025-01-31,24250,24800,24200,24750,529541,0.03125
2025-02-03,24400,24400,23800,24050,239853,-0.028282828282828243
2025-02-04,24250,24700,24200,24500,258938,0.018711018711018657
2025-02-05,24600,24750,24350,24450,296813,-0.0020408163265306367
2025-02-06,24500,24750,24200,24400,252342,-0.002044989775051076
2025-02-07,24400,24700,24300,24450,282202,0.002049180327868827
2025-02-10,24600,24600,23650,23700,388582,-0.030674846625766916
2025-02-11,23700,24000,23700,24000,238417,0.012658227848101333
2025-02-12,23950,24050,23800,23900,198097,-0.004166666666666652
2025-02-13,23850,24000,23700,23700,367017,-0.008368200836820106
2025-02-14,23850,24400,23700,24400,436893,0.029535864978903037
2025-02-17,24500,24700,24200,24700,304444,0.012295081967213184
2025-02-18,24700,24750,24400,24600,277374,-0.004048582995951455
2025-02-19,24500,24800,24450,24600,257936,0.0
2025-02-20,24500,24750,24150,24450,320030,-0.0060975609756097615
2025-02-21,24350,24400,24000,24000,458272,-0.018404907975460127
2025-02-24,24100,24650,24000,24350,380756,0.014583333333333393
2025-02-25,24050,24350,23850,24000,421925,-0.014373716632443578
2025-02-26,23950,24250,23800,23950,231388,-0.002083333333333326
2025-02-27,24000,24050,23750,23950,350646,0.0
2025-02-28,23950,24000,23250,23250,699799,-0.029227557411273475
2025-03-04,23250,23350,22300,22300,579788,-0.04086021505376347
2025-03-05,22450,22850,22450,22700,294667,0.017937219730941756
2025-03-06,22850,23200,22850,23050,275418,0.01541850220264318
2025-03-07,23150,23150,22500,22500,243816,-0.02386117136659438
2025-03-10,22400,23100,22200,22850,247158,0.015555555555555545
2025-03-11,22300,22550,22250,22300,301805,-0.024070021881838044
2025-03-12,22300,25400,22250,24750,1226862,0.10986547085201792
2025-03-13,24600,24900,23300,23300,824487,-0.05858585858585863
2025-03-14,23400,23400,22950,22950,296244,-0.015021459227467782
2025-03-17,23100,23350,22850,22900,207197,-0.002178649237472796
2025-03-18,23100,23450,23100,23200,268904,0.013100436681222627
2025-03-19,23300,23550,23200,23250,172770,0.0021551724137931494
2025-03-20,23550,23650,23050,23050,235281,-0.008602150537634357
2025-03-21,23000,23150,22800,22950,403833,-0.004338394793926281
2025-03-24,22950,23100,22800,23050,115823,0.004357298474945592
2025-03-25,22950,23200,22900,22950,235427,-0.004338394793926281
2025-03-26,23050,23150,22900,22900,163612,-0.002178649237472796
2025-03-27,22700,23000,22700,22700,173094,-0.008733624454148492
2025-03-28,22750,22750,21950,22000,396615,-0.03083700440528636
2025-03-31,21850,22000,21550,21850,284867,-0.006818181818181834
2025-04-01,21800,22500,21800,22150,230387,0.013729977116704761
2025-04-02,22150,22250,21750,21800,131919,-0.015801354401805856
2025-04-03,21400,21750,21100,21550,155528,-0.011467889908256867
2025-04-04,21050,21700,21050,21400,307064,-0.00696055684454755
2025-04-07,20550,21000,20050,20400,369016,-0.04672897196261683
2025-04-08,20700,20900,20350,20450,267809,0.002450980392156854
2025-04-09,20250,20400,19840,19960,331674,-0.023960880195599055
2025-04-10,20600,20850,20250,20550,334642,0.029559118236472948
2025-04-11,20250,20700,20200,20600,322671,0.0024330900243310083
2025-04-14,20600,20800,20450,20550,200078,-0.0024271844660194164
2025-04-15,20550,20950,20550,20850,221256,0.014598540145985384
2025-04-16,20800,20900,20400,20650,307182,-0.00959232613908878
2025-04-17,20650,20700,20400,20550,236951,-0.004842615012106588
2025-04-18,20550,21150,20550,21050,143844,0.024330900243308973
2025-04-21,21050,21150,20800,21050,88495,0.0
2025-04-22,21200,21200,20450,20600,408778,-0.02137767220902609
2025-04-23,20900,20900,20600,20900,265575,0.014563106796116498
2025-04-24,20800,20900,20700,20900,187766,0.0
2025-04-25,21000,21150,20750,20800,324407,-0.004784688995215336
2025-04-28,20850,21000,20700,20800,193696,0.0
2025-04-29,20800,21450,20700,21400,432721,0.028846153846153744
2025-04-30,21450,22350,21200,22200,697666,0.03738317757009346
2025-05-02,22200,22300,21800,21950,282409,-0.011261261261261257
2025-05-07,22250,22350,21550,21950,310955,0.0
2025-05-08,21800,22150,21750,21750,290481,-0.009111617312072884
2025-05-09,21850,22050,21400,21550,500220,-0.00919540229885063
2025-05-12,21500,22050,21500,22050,156185,0.023201856148491906
2025-05-13,22100,22150,21800,21900,199376,-0.006802721088435382
2025-05-14,21950,22300,21750,22150,242079,0.011415525114155223
2025-05-15,21950,23050,21950,22450,491355,0.013544018058690765
2025-05-16,22650,22650,22050,22200,255045,-0.011135857461024523
2025-05-19,22000,22500,21950,22100,249870,-0.0045045045045044585
2025-05-20,22300,22350,21800,21800,321615,-0.013574660633484115
2025-05-21,21850,22700,21800,22550,402104,0.034403669724770714
2025-05-22,22350,22500,22200,22250,334307,-0.013303769401330379
2025-05-23,22250,23500,22250,23400,721180,0.051685393258426915
2025-05-26,23550,24250,23300,24150,619072,0.03205128205128216
2025-05-27,24100,24300,23400,23750,438312,-0.0165631469979296
2025-05-28,23650,24350,23600,24100,544192,0.01473684210526316
2025-05-29,24450,25300,24150,25150,810214,0.043568464730290524
2025-05-30,25200,25350,24200,24350,677274,-0.031809145129224614
2025-06-02,24300,24550,23700,23950,486933,-0.01642710472279263
2025-06-04,24200,25250,24050,25100,592859,0.04801670146137793
2025-06-05,24950,25250,24450,25000,609537,-0.003984063745019917
2025-06-09,25300,25950,25050,25100,600970,0.0040000000000000036
2025-06-10,25200,25450,24650,24800,491052,-0.01195219123505975
2025-06-11,24900,25200,24650,25150,396175,0.014112903225806495
2025-06-12,25250,26750,25200,26200,1684518,0.041749502982107334
2025-06-13,26350,27000,25900,26400,1162393,0.007633587786259444
2025-06-16,26600,26750,25700,26350,677681,-0.0018939393939394478
2025-06-17,26350,26450,25450,25600,510660,-0.028462998102466774
2025-06-18,25250,25750,25100,25300,295452,-0.01171875
2025-06-19,25300,25700,24850,25200,420809,-0.0039525691699604515
2025-06-20,25400,26150,25050,25700,575813,0.01984126984126977
2025-06-23,25600,26050,25150,25850,294553,0.005836575875486361
2025-06-24,26050,26600,26050,26550,454594,0.027079303675048294
2025-06-25,26550,27100,26150,27050,555347,0.01883239171374762
2025-06-26,26950,27000,26200,26750,453020,-0.011090573012939031
2025-06-27,26900,27250,26400,26650,354406,-0.0037383177570093906
2025-06-30,26900,27000,26250,26450,330819,-0.007504690431519689
2025-07-01,26800,28500,26750,27700,964762,0.047258979206049156
2025-07-02,27700,27750,27000,27250,353766,-0.016245487364620947
2025-07-03,27300,27450,27050,27250,318641,0.0
2025-07-04,27400,27950,27300,27350,420985,0.003669724770642091
2025-07-07,27350,27600,26850,27050,296629,-0.010968921389396757
2025-07-08,27000,28350,27000,27650,598149,0.022181146025878062
2025-07-09,27750,28350,27200,27550,861163,-0.003616636528028905
2025-07-10,27650,28700,27500,28100,842013,0.019963702359346636
2025-07-11,28250,29050,28150,28350,645710,0.008896797153024938
2025-07-14,28950,30650,28700,30250,1344603,0.0670194003527338
2025-07-15,30500,30700,29000,29300,995591,-0.031404958677686
2025-07-16,29350,29400,28000,28100,856906,-0.04095563139931746
2025-07-17,28300,28450,27750,28400,488868,0.01067615658362997
2025-07-18,28300,28450,27500,27850,501074,-0.01936619718309862
2025-07-21,27350,27800,27150,27300,317053,-0.019748653500897717
2025-07-22,27250,27650,26800,27000,372745,-0.01098901098901095
2025-07-23,27250,27550,26800,27150,284806,0.005555555555555536
2025-07-24,27150,27400,26800,26900,411799,-0.009208103130755041
2025-07-25,26650,27150,26500,26750,365118,-0.005576208178438624
2025-07-28,26650,26700,25600,25900,446166,-0.03177570093457949
2025-07-29,25800,26400,25600,26300,434763,0.015444015444015413
2025-07-30,26300,26550,26000,26500,221619,0.0076045627376426506
2025-07-31,26300,26450,26050,26300,326471,-0.007547169811320753
2025-08-01,26050,26250,25650,25750,415228,-0.020912547528517123
2025-08-04,25600,26200,25500,26000,236420,0.009708737864077666
2025-08-05,26250,26800,26250,26550,237955,0.02115384615384608
2025-08-06,26350,26900,26350,26900,163013,0.013182674199623268
2025-08-07,26950,27100,26650,27100,221675,0.0074349442379182396
2025-08-08,27100,27100,26600,26700,166258,-0.014760147601476037
2025-08-11,26550,26750,26100,26350,247464,-0.01310861423220977
2025-08-12,26200,27050,26200,26850,344643,0.018975332068311257
2025-08-13,26950,27050,25650,26150,331441,-0.02607076350093107
2025-08-14,26250,28450,26200,27800,1088755,0.06309751434034427
2025-08-18,27800,28500,27550,28150,516194,0.012589928057553879
2025-08-19,28450,28650,28100,28450,319041,0.010657193605683846
2025-08-20,28500,28550,27650,28150,335218,-0.010544815465729385
2025-08-21,28150,28300,27400,27400,391617,-0.026642984014209614
2025-08-22,27600,28200,27400,27550,207520,0.005474452554744547
2025-08-25,27650,27800,27350,27450,261201,-0.003629764065335772
2025-08-26,27550,27600,27000,27200,410184,-0.00910746812386154
2025-08-27,27200,27300,26800,27100,196949,-0.003676470588235281
2025-08-28,27000,28450,26950,28100,365481,0.03690036900368998
2025-08-29,28300,28300,27700,27900,211147,-0.007117437722419906
2025-09-01,28150,28200,27550,27800,265482,-0.0035842293906810374
2025-09-02,27700,28200,27650,27900,152020,0.003597122302158251
2025-09-03,27850,28200,27400,27550,349233,-0.012544802867383464
2025-09-04,27350,27850,27350,27750,227722,0.007259528130671544
2025-09-05,27600,27900,27550,27850,269962,0.003603603603603567
2025-09-08,27800,27800,27350,27650,173244,-0.007181328545781018
2025-09-09,27750,27800,27250,27650,433223,0.0
2025-09-10,27650,28300,27650,28150,350045,0.018083182640144635
2025-09-11,27950,28200,27300,27450,567157,-0.0248667850799289
2025-09-12,27700,27950,27500,27900,381276,0.016393442622950838
2025-09-15,27700,28600,27700,28300,351578,0.014336917562723928
2025-09-16,28400,28800,28200,28500,545332,0.007067137809187329
2025-09-17,29000,29050,28250,28600,339186,0.0035087719298245723
2025-09-18,28600,28850,28300,28800,318383,0.006993006993007089
2025-09-19,28750,28750,28100,28150,594781,-0.02256944444444442
2025-09-22,28200,29150,28200,28850,338997,0.0248667850799289
2025-09-23,28600,29800,28600,29700,692201,0.029462738301559765
2025-09-24,29700,29950,29350,29350,485391,-0.011784511784511786
2025-09-25,29350,29400,28600,28700,548782,-0.022146507666098825
2025-09-26,28700,29750,28700,29400,880897,0.024390243902439046
2025-09-29,29650,29800,28950,29200,262320,-0.006802721088435382
2025-09-30,28950,29250,28050,28150,477302,-0.03595890410958902
2025-10-01,28200,28450,27650,27800,378877,-0.01243339253996445
2025-10-02,28200,28500,27850,27850,543304,0.0017985611510791255
2025-10-10,27850,28250,27600,27900,376662,0.0017953321364452268
2025-10-13,27550,27800,27100,27650,422643,-0.008960573476702538
2025-10-14,27700,27850,27450,27500,444040,-0.005424954792043413
2025-10-15,27500,27950,27150,27700,532342,0.0072727272727273196
2025-10-16,27700,28100,27600,27850,548468,0.005415162454873723
2025-10-17,27600,27600,26900,27000,682196,-0.030520646319569078
2025-10-20,26900,27350,26350,27250,484619,0.0092592592592593
2025-10-21,27250,27550,26900,27100,553379,-0.0055045871559632475
2025-10-22,26950,27750,26750,27750,369983,0.023985239852398532
2025-10-23,27400,27750,27150,27400,227049,-0.012612612612612595
2025-10-24,27500,28050,27500,27900,387341,0.018248175182481674
2025-10-27,27850,28250,27850,28150,432355,0.008960573476702427
2025-10-28,28000,28400,27600,28000,550108,-0.005328596802841923
2025-10-29,28250,28250,27500,27800,468580,-0.0071428571428571175
