Date,Open,High,Low,Close,Volume,Change
2022-01-03,9000,9000,8810,8850,1328,-0.043243243243243246
2022-01-04,8800,8890,8800,8890,1703,0.004519774011299438
2022-01-05,9000,9000,8900,9000,43,0.012373453318335281
2022-01-06,8850,9950,8850,9600,252,0.06666666666666665
2022-01-07,9800,9800,9000,9480,929,-0.012499999999999956
2022-01-10,9000,9390,9000,9390,2981,-0.009493670886076
2022-01-11,9210,9700,9200,9690,2371,0.03194888178913735
2022-01-12,9400,10500,9400,10400,6248,0.0732714138286894
2022-01-13,10000,10500,10000,10500,1486,0.009615384615384581
2022-01-14,10400,10450,10400,10450,1333,-0.004761904761904745
2022-01-17,10700,10700,10000,10450,3677,0.0
2022-01-18,10300,10600,10300,10600,883,0.014354066985645897
2022-01-19,10550,10550,10550,10550,120,-0.004716981132075526
2022-01-20,10600,11000,10550,11000,2528,0.042654028436019065
2022-01-21,11500,11500,11350,11500,364,0.045454545454545414
2022-01-24,11000,11500,11000,11450,1213,-0.004347826086956497
2022-01-25,12000,12000,11350,11650,716,0.017467248908296984
2022-01-26,11650,12500,11650,12500,367,0.07296137339055786
2022-01-27,12850,13500,12150,12950,1186,0.03600000000000003
2022-01-28,11550,13600,11550,13400,601,0.03474903474903468
2022-02-03,13500,13500,13350,13350,31,-0.003731343283582045
2022-02-04,13400,13700,13350,13350,1792,0.0
2022-02-07,13900,15350,13900,14900,1177,0.11610486891385774
2022-02-08,13500,14950,13500,14000,15,-0.06040268456375841
2022-02-09,13600,13600,13600,13600,101,-0.02857142857142858
2022-02-10,14450,14450,14000,14000,171,0.02941176470588225
2022-02-11,13900,14000,13900,14000,51,0.0
2022-02-14,12550,14400,12550,13550,31,-0.03214285714285714
2022-02-15,13550,14000,13500,13500,2939,-0.0036900369003689537
2022-02-16,13500,13500,13450,13500,2159,0.0
2022-02-17,13500,13600,13500,13600,50,0.007407407407407307
2022-02-18,13000,13400,12100,13400,64,-0.014705882352941124
2022-02-21,13400,13500,13400,13500,699,0.00746268656716409
2022-02-22,13500,13500,13450,13500,242,0.0
2022-02-23,13000,13400,13000,13400,42,-0.007407407407407418
2022-02-24,12500,13500,12500,13400,82,0.0
2022-02-25,12000,13500,12000,13450,68,0.003731343283582156
2022-02-28,13500,13500,13100,13100,162,-0.026022304832713727
2022-03-02,13250,13250,13000,13000,71,-0.007633587786259555
2022-03-03,13000,13400,13000,13400,111,0.03076923076923066
2022-03-04,11400,12500,11400,12000,638,-0.10447761194029848
2022-03-07,12750,12800,11650,12650,56,0.054166666666666696
2022-03-08,12400,12900,12400,12900,51,0.01976284584980248
2022-03-10,12800,12800,12800,12800,0,-0.007751937984496138
2022-03-11,12800,12800,12800,12800,1,0.0
2022-03-14,12800,12800,12800,12800,0,0.0
2022-03-15,12800,12800,12800,12800,1,0.0
2022-03-16,12500,12700,12500,12700,11,-0.0078125
2022-03-17,12700,12700,12700,12700,0,0.0
2022-03-18,12500,12500,12500,12500,0,-0.015748031496062964
2022-03-21,12850,12850,12850,12850,1,0.028000000000000025
2022-03-22,12850,12850,12850,12850,0,0.0
2022-03-23,12000,12000,11600,11900,341,-0.07392996108949412
2022-03-24,12000,12000,12000,12000,1,0.008403361344537785
2022-03-25,12500,12500,12000,12000,12,0.0
2022-03-28,11900,11900,11800,11900,30,-0.008333333333333304
2022-03-29,11800,11800,11700,11800,51,-0.008403361344537785
2022-03-30,11800,12000,11600,11800,121,0.0
2022-03-31,11800,11800,11750,11750,112,-0.004237288135593209
2022-04-01,12000,12000,12000,12000,1,0.02127659574468077
2022-04-04,12400,12400,11750,11750,1799,-0.02083333333333337
2022-04-05,11500,12000,11500,11800,1601,0.004255319148936065
2022-04-06,0,0,0,11800,0,0.0
2022-04-07,0,0,0,11800,0,0.0
2022-04-08,0,0,0,11800,0,0.0
2022-04-11,0,0,0,11800,0,0.0
2022-04-12,0,0,0,11800,0,0.0
2022-04-13,0,0,0,11800,0,0.0
2022-04-14,0,0,0,11800,0,0.0
2022-04-15,0,0,0,11800,0,0.0
2022-04-18,0,0,0,11800,0,0.0
2022-04-19,0,0,0,11800,0,0.0
2022-04-20,0,0,0,11800,0,0.0
2022-04-21,0,0,0,11800,0,0.0
2022-04-22,0,0,0,11800,0,0.0
2022-04-25,2585,2585,2240,2480,9750,-0.7898305084745763
2022-04-26,2490,2500,2240,2485,12976,0.002016129032258007
2022-04-27,2590,2590,2410,2480,8631,-0.002012072434607659
2022-04-28,2400,2500,2250,2445,22624,-0.014112903225806495
2022-04-29,2300,2385,2200,2380,12551,-0.026584867075664653
2022-05-02,2340,2340,2340,2340,60,-0.01680672268907568
2022-05-03,2340,2690,2340,2400,291,0.02564102564102555
2022-05-04,2500,2500,2300,2400,25014,0.0
2022-05-06,2500,2500,2250,2300,6262,-0.04166666666666663
2022-05-09,2235,2300,2235,2295,866,-0.0021739130434782483
2022-05-10,2240,2240,2240,2240,130,-0.023965141612200425
2022-05-11,2200,2240,2200,2240,1357,0.0
2022-05-12,2100,2300,2100,2300,11512,0.02678571428571419
2022-05-13,2300,2300,2300,2300,0,0.0
2022-05-16,2250,2250,2250,2250,2,-0.021739130434782594
2022-05-17,2280,2280,2280,2280,3,0.01333333333333342
2022-05-18,2100,2280,2100,2280,21,0.0
2022-05-19,2100,2200,2065,2200,17589,-0.03508771929824561
2022-05-20,2190,2195,2100,2195,821,-0.002272727272727315
2022-05-23,2195,2195,2105,2195,4556,0.0
2022-05-24,2040,2520,2040,2325,26,0.059225512528473745
2022-05-25,2200,2300,2100,2250,5495,-0.032258064516129004
2022-05-26,2200,2200,2080,2190,2644,-0.026666666666666616
2022-05-27,2100,2185,2000,2090,4665,-0.045662100456621
2022-05-30,2380,2380,2025,2130,16,0.019138755980861344
2022-05-31,2130,2200,2000,2125,5473,-0.0023474178403756207
2022-06-02,2055,2190,1900,2095,3487,-0.014117647058823568
2022-06-03,1910,2045,1910,2045,2,-0.023866348448687402
2022-06-07,2095,2095,1910,2085,158,0.019559902200489088
2022-06-08,2095,2385,2090,2140,2715,0.026378896882494063
2022-06-09,2300,2300,2100,2195,5507,0.025700934579439227
2022-06-10,2195,2195,2055,2150,3512,-0.02050113895216399
2022-06-13,2195,2195,2000,2145,3973,-0.0023255813953488857
2022-06-14,2005,2195,2000,2100,15566,-0.020979020979020935
2022-06-15,2200,2200,2000,2145,23961,0.021428571428571352
2022-06-16,2010,2150,2010,2135,108,-0.004662004662004615
2022-06-17,2000,2095,2000,2050,6880,-0.03981264637002346
2022-06-20,2090,2290,1950,2290,1313,0.11707317073170742
2022-06-21,2100,2235,2020,2070,9414,-0.09606986899563319
2022-06-22,2010,2145,1980,2070,25641,0.0
2022-06-23,1900,2190,1900,2190,488,0.05797101449275366
2022-06-24,2180,2180,1900,2145,1546,-0.020547945205479423
2022-06-27,2180,2180,2015,2165,3922,0.00932400932400923
2022-06-28,2010,2175,2010,2165,402,0.0
2022-06-29,2165,2165,2010,2165,50830,0.0
2022-06-30,2180,2180,2010,2175,15,0.004618937644341736
2022-07-01,2180,2180,2000,2125,39,-0.02298850574712641
2022-07-04,2005,2195,2005,2135,13,0.004705882352941115
2022-07-05,2195,2195,2020,2150,8,0.007025761124121788
2022-07-06,2005,2145,2005,2145,104,-0.0023255813953488857
2022-07-07,2200,2300,2100,2225,14055,0.037296037296037365
2022-07-08,2290,2500,2105,2235,8390,0.004494382022471877
2022-07-11,2295,2295,2120,2245,13122,0.004474272930648837
2022-07-12,2100,2235,2100,2235,389,-0.0044543429844098315
2022-07-13,2300,2385,2100,2365,32916,0.058165548098433995
2022-07-14,2400,2425,2345,2390,6109,0.010570824524312794
2022-07-15,2495,2495,2165,2265,12443,-0.05230125523012552
2022-07-18,2300,2395,2265,2305,3187,0.017660044150110465
2022-07-19,2400,2400,2210,2285,56,-0.008676789587852451
2022-07-20,2200,2340,2200,2225,11176,-0.026258205689277947
2022-07-21,2230,2375,2210,2245,8670,0.008988764044943753
2022-07-22,2220,2310,2200,2280,250,0.015590200445434244
2022-07-25,2280,2285,2220,2275,12811,-0.002192982456140302
2022-07-26,2370,2605,2250,2310,2471,0.01538461538461533
2022-07-27,2215,2310,2215,2305,878,-0.0021645021645021467
2022-07-28,2645,2645,2200,2215,9067,-0.0390455531453362
2022-07-29,2200,2360,2200,2255,2815,0.018058690744920947
2022-08-01,2200,2380,2015,2250,4614,-0.0022172949002217113
2022-08-02,2200,2500,2200,2300,3580,0.022222222222222143
2022-08-03,2350,2350,2320,2320,2245,0.008695652173912993
2022-08-04,2260,2340,2250,2340,2129,0.008620689655172376
2022-08-05,2250,2330,2250,2330,3373,-0.004273504273504258
2022-08-08,2330,2350,2305,2350,881,0.008583690987124415
2022-08-09,2400,2400,2255,2335,405,-0.006382978723404209
2022-08-10,2395,2395,2175,2295,2152,-0.017130620985010725
2022-08-11,2300,2300,2210,2270,24694,-0.01089324618736387
2022-08-12,2345,2345,2300,2300,51,0.013215859030837107
2022-08-16,2310,2310,2210,2250,943,-0.021739130434782594
2022-08-17,2250,2250,2230,2250,5521,0.0
2022-08-18,2255,2265,2255,2265,1001,0.006666666666666599
2022-08-19,2335,2335,2225,2315,6658,0.02207505518763786
2022-08-22,2300,2345,2290,2295,9355,-0.008639308855291628
2022-08-23,2340,2500,2340,2500,107,0.08932461873638342
2022-08-24,2300,2400,2250,2340,1413,-0.06399999999999995
2022-08-25,2250,2400,2250,2380,8,0.017094017094017033
2022-08-26,2380,2395,2335,2395,1079,0.006302521008403339
2022-08-29,2390,2390,2350,2350,127,-0.018789144050104345
2022-08-30,2340,2500,2300,2305,944,-0.019148936170212738
2022-08-31,2440,2440,2350,2400,301,0.04121475054229928
2022-09-01,2450,2450,2400,2445,4509,0.018750000000000044
2022-09-02,2445,2445,2400,2400,50,-0.018404907975460127
2022-09-05,2445,2500,2250,2400,3950,0.0
2022-09-06,2440,2495,2300,2400,4236,0.0
2022-09-07,2500,2500,2400,2400,11,0.0
2022-09-08,2490,2490,2390,2390,1053,-0.004166666666666652
2022-09-13,2490,2490,2380,2380,1180,-0.004184100418409997
2022-09-14,2380,2380,2245,2245,11895,-0.05672268907563027
2022-09-15,2240,2240,2150,2240,4537,-0.00222717149220486
2022-09-16,2255,2255,2230,2230,110,-0.004464285714285698
2022-09-19,2100,2290,2100,2200,504,-0.013452914798206317
2022-09-20,2200,2200,2090,2150,2134,-0.022727272727272707
2022-09-21,2150,2150,2005,2150,2063,0.0
2022-09-22,2200,2200,2145,2185,3373,0.016279069767441756
2022-09-23,2185,2480,2185,2315,36186,0.059496567505720854
2022-09-26,2315,2335,2200,2290,7289,-0.010799136069114423
2022-09-27,2220,2300,2220,2295,649,0.0021834061135370675
2022-09-28,2230,2350,2210,2285,2994,-0.004357298474945481
2022-09-29,2355,2380,2235,2290,1931,0.002188183807439792
2022-09-30,2270,2270,2200,2250,1736,-0.017467248908296984
2022-10-04,2295,2295,2295,2295,10,0.020000000000000018
2022-10-05,2155,2265,2155,2260,7,-0.015250544662309351
2022-10-06,2250,2250,2240,2250,37,-0.004424778761061954
2022-10-07,2295,2295,1950,2145,13520,-0.046666666666666634
2022-10-11,2000,2095,1840,1950,23306,-0.09090909090909094
2022-10-12,1995,2000,1915,1995,3164,0.023076923076922995
2022-10-13,2040,2040,1905,1995,4281,0.0
2022-10-14,2085,2085,2000,2075,1510,0.040100250626566414
2022-10-17,2005,2050,2005,2050,611,-0.012048192771084376
2022-10-18,2005,2060,2005,2060,3567,0.004878048780487809
2022-10-19,2090,2090,2040,2085,1719,0.012135922330097193
2022-10-20,2090,2090,2085,2090,1501,0.0023980815347721673
2022-10-21,2100,2270,2100,2240,3791,0.0717703349282297
2022-10-24,2100,2290,2090,2265,795,0.01116071428571419
2022-10-25,2265,2290,2115,2195,8760,-0.030905077262693204
2022-10-26,2195,2195,2115,2165,7341,-0.013667425968109326
2022-10-27,2160,2160,2130,2160,5873,-0.002309468822170868
2022-10-28,2150,2300,2150,2185,5131,0.011574074074074181
2022-10-31,2120,2195,2120,2170,7349,-0.006864988558352381
2022-11-01,2130,2150,2120,2150,10761,-0.009216589861751112
2022-11-02,2150,2385,2140,2260,15149,0.051162790697674376
2022-11-03,2295,2380,2295,2345,43499,0.03761061946902644
2022-11-04,2255,2340,2250,2300,1473,-0.019189765458422214
2022-11-07,2380,2380,2125,2350,316,0.021739130434782705
2022-11-08,2350,2370,2215,2340,29217,-0.004255319148936176
2022-11-09,2230,2340,2220,2280,24713,-0.02564102564102566
2022-11-10,2215,2250,2100,2200,26465,-0.03508771929824561
2022-11-11,2205,2205,2125,2180,3519,-0.009090909090909038
2022-11-14,2120,2245,2120,2120,28954,-0.02752293577981646
2022-11-15,2275,2275,2105,2190,22632,0.03301886792452824
2022-11-16,2275,2275,2005,2130,19834,-0.0273972602739726
2022-11-17,2125,2125,2040,2040,2592,-0.04225352112676062
2022-11-18,1850,1980,1720,1745,5058728,-0.14460784313725494
2022-11-21,1700,1785,1560,1570,1171876,-0.10028653295128942
2022-11-22,1585,1590,1445,1455,917495,-0.07324840764331209
2022-11-23,1480,1500,1445,1460,396939,0.0034364261168384758
2022-11-24,1475,1530,1455,1485,389024,0.017123287671232834
2022-11-25,1505,1545,1460,1470,328438,-0.010101010101010055
2022-11-28,1475,1475,1435,1440,217717,-0.020408163265306145
2022-11-29,1460,1470,1435,1445,128337,0.003472222222222321
2022-11-30,1440,1470,1435,1445,103936,0.0
2022-12-01,1460,1475,1445,1460,105605,0.01038062283737018
2022-12-02,1460,1475,1450,1465,74046,0.003424657534246478
2022-12-05,1475,1485,1450,1465,107232,0.0
2022-12-06,1455,1480,1445,1465,163407,0.0
2022-12-07,1455,1465,1435,1440,109038,-0.017064846416382284
2022-12-08,1445,1470,1410,1415,157303,-0.01736111111111116
2022-12-09,1415,1445,1375,1385,227819,-0.021201413427561877
2022-12-12,1385,1405,1340,1345,251768,-0.028880866425992746
2022-12-13,1345,1365,1300,1310,414086,-0.026022304832713727
2022-12-14,1325,1325,1305,1325,108435,0.011450381679389388
2022-12-15,1330,1420,1325,1360,375611,0.026415094339622636
2022-12-16,1345,1420,1330,1345,233845,-0.011029411764705843
2022-12-19,1345,1390,1345,1360,124950,0.011152416356877248
2022-12-20,1360,1370,1335,1345,125615,-0.011029411764705843
2022-12-21,1345,1365,1340,1345,100394,0.0
2022-12-22,1345,1370,1330,1330,65572,-0.01115241635687736
2022-12-23,1315,1330,1280,1285,135609,-0.03383458646616544
2022-12-26,1285,1315,1260,1265,72445,-0.015564202334630295
2022-12-27,1295,1325,1245,1255,131186,-0.007905138339920903
2022-12-28,1255,1275,1245,1260,59845,0.003984063745019917
2022-12-29,1255,1280,1200,1215,167979,-0.0357142857142857
2023-01-02,1225,1240,1185,1190,64511,-0.020576131687242816
2023-01-03,1180,1220,1180,1215,47295,0.021008403361344463
2023-01-04,1230,1260,1205,1220,121306,0.004115226337448652
2023-01-05,1220,1240,1180,1195,155296,-0.020491803278688492
2023-01-06,1230,1335,1205,1270,581118,0.06276150627615062
2023-01-09,1290,1290,1245,1255,1307132,-0.011811023622047223
2023-01-10,1270,1350,1255,1265,916709,0.007968127490039834
2023-01-11,1265,1335,1250,1305,780811,0.031620553359683834
2023-01-12,1325,1325,1255,1275,338878,-0.02298850574712641
2023-01-13,1275,1290,1270,1275,99961,0.0
2023-01-16,1275,1370,1275,1290,524370,0.0117647058823529
2023-01-17,1290,1310,1265,1285,271026,-0.003875968992248069
2023-01-18,1285,1360,1285,1340,531942,0.04280155642023353
2023-01-19,1325,1350,1290,1320,98838,-0.014925373134328401
2023-01-20,1305,1410,1305,1405,541844,0.06439393939393945
2023-01-25,1399,1400,1360,1391,518278,-0.009964412811387935
2023-01-26,1413,1436,1380,1426,498278,0.025161754133716796
2023-01-27,1425,1430,1400,1405,212741,-0.014726507713884951
2023-01-30,1405,1425,1380,1425,187171,0.014234875444839812
2023-01-31,1425,1488,1403,1448,567560,0.0161403508771929
2023-02-01,1448,1698,1424,1559,5081883,0.07665745856353601
2023-02-02,1581,1614,1538,1603,932878,0.02822322001282873
2023-02-03,1619,1838,1570,1689,10108625,0.05364940736119772
2023-02-06,1672,1724,1574,1621,1473116,-0.04026050917702784
2023-02-07,1625,1720,1590,1630,1900805,0.005552128315854388
2023-02-08,1695,1743,1672,1740,1446307,0.06748466257668717
2023-02-09,1790,1791,1705,1716,908604,-0.01379310344827589
2023-02-10,1716,1728,1632,1633,536576,-0.04836829836829837
2023-02-13,1601,1686,1580,1670,340259,0.02265768524188605
2023-02-14,1670,1680,1580,1644,257528,-0.015568862275449069
2023-02-15,1613,1632,1527,1541,563367,-0.06265206812652069
2023-02-16,1532,1551,1491,1523,450110,-0.011680726800778696
2023-02-17,1519,1535,1493,1498,179411,-0.01641497045305318
2023-02-20,1497,1518,1480,1492,250109,-0.004005340453938633
2023-02-21,1490,1513,1462,1509,208817,0.011394101876675666
2023-02-22,1509,1515,1483,1508,110171,-0.000662690523525522
2023-02-23,1508,1624,1502,1553,348504,0.02984084880636595
2023-02-24,1553,1692,1528,1650,1362337,0.06245975531229875
2023-02-27,1702,1763,1630,1723,1892242,0.044242424242424194
2023-02-28,1735,1785,1693,1708,754263,-0.00870574579222283
2023-03-02,1717,1717,1597,1661,468359,-0.02751756440281028
2023-03-03,1657,1657,1603,1636,138742,-0.015051173991571298
2023-03-06,1635,1635,1560,1619,205257,-0.010391198044009786
2023-03-07,1619,1630,1585,1590,207181,-0.017912291537986458
2023-03-08,1590,1639,1541,1639,216349,0.030817610062893186
2023-03-09,1643,1644,1593,1626,157374,-0.007931665649786424
2023-03-10,1600,1621,1575,1600,129755,-0.01599015990159902
2023-03-13,1567,1649,1526,1642,287785,0.026250000000000107
2023-03-14,1646,1646,1590,1609,198835,-0.020097442143727107
2023-03-15,1609,1671,1609,1641,281587,0.019888129272840338
2023-03-16,1616,1636,1589,1591,92237,-0.030469226081657474
2023-03-17,1594,1630,1581,1627,326857,0.022627278441232024
2023-03-20,1627,1627,1594,1601,130366,-0.015980331899201006
2023-03-21,1601,1607,1568,1575,124153,-0.016239850093691444
2023-03-22,1617,1617,1560,1565,120530,-0.006349206349206327
2023-03-23,1579,1579,1514,1524,163687,-0.026198083067092703
2023-03-24,1529,1570,1470,1557,117224,0.021653543307086576
2023-03-27,1541,1557,1512,1519,57243,-0.02440590879897242
2023-03-28,1520,1547,1456,1520,44049,0.0006583278472680476
2023-03-29,1520,1520,1491,1495,54003,-0.016447368421052655
2023-03-30,1495,1524,1450,1494,136694,-0.0006688963210702559
2023-03-31,1520,1520,1475,1483,57882,-0.007362784471218187
2023-04-03,1492,1557,1473,1557,163744,0.049898853674983146
2023-04-04,1561,1567,1528,1542,47689,-0.009633911368015391
2023-04-05,1550,1604,1528,1591,150328,0.03177691309987041
2023-04-06,1574,1608,1547,1605,156009,0.00879949717159012
2023-04-07,1605,1629,1574,1601,136277,-0.0024922118380061864
2023-04-10,1590,1611,1504,1530,100847,-0.044347282948157374
2023-04-11,1511,1565,1480,1501,51612,-0.018954248366013116
2023-04-12,1523,1536,1488,1502,43356,0.0006662225183211579
2023-04-13,1506,1528,1480,1500,68909,-0.0013315579227696217
2023-04-14,1485,1539,1485,1503,54238,0.0020000000000000018
2023-04-17,1518,1596,1518,1582,166146,0.05256154357950771
2023-04-18,1600,1600,1470,1543,71509,-0.02465233881163087
2023-04-19,1543,1559,1512,1536,131695,-0.004536616979909258
2023-04-20,1536,1559,1490,1490,97105,-0.02994791666666663
2023-04-21,1470,1504,1465,1490,50402,0.0
2023-04-24,1484,1490,1440,1455,98061,-0.023489932885906062
2023-04-25,1444,1477,1410,1476,112721,0.014432989690721598
2023-04-26,1472,1479,1450,1473,23512,-0.002032520325203291
2023-04-27,1473,1488,1456,1457,22932,-0.010862186014935493
2023-04-28,1457,1470,1415,1446,80550,-0.007549759780370646
2023-05-02,1446,1502,1446,1498,68579,0.03596127247579539
2023-05-03,1498,1563,1498,1538,63657,0.026702269692923997
2023-05-04,1523,1530,1500,1520,18536,-0.011703511053316018
2023-05-08,1521,1547,1490,1499,40546,-0.013815789473684226
2023-05-09,1485,1544,1435,1473,66621,-0.017344896597731863
2023-05-10,1473,1480,1441,1461,18352,-0.008146639511201648
2023-05-11,1470,1487,1440,1440,22126,-0.014373716632443578
2023-05-12,1470,1500,1440,1476,33023,0.02499999999999991
2023-05-15,1461,1490,1450,1475,13789,-0.0006775067750677266
2023-05-16,1470,1534,1433,1433,79475,-0.028474576271186436
2023-05-17,1459,1477,1435,1460,47866,0.018841591067690233
2023-05-18,1504,1580,1457,1486,114149,0.017808219178082174
2023-05-19,1487,1537,1483,1519,84670,0.022207267833109112
2023-05-22,1519,1533,1500,1531,103259,0.007899934167215239
2023-05-23,1531,1545,1500,1513,27669,-0.011757021554539504
2023-05-24,1519,1529,1438,1474,43418,-0.025776602775941848
2023-05-25,1474,1483,1450,1455,32563,-0.012890094979647215
2023-05-26,1469,1481,1441,1466,20690,0.007560137457044647
2023-05-30,1458,1478,1454,1475,39955,0.006139154160982319
2023-05-31,1475,1478,1457,1469,41723,-0.004067796610169538
2023-06-01,1469,1470,1440,1470,27425,0.000680735194009463
2023-06-02,1452,1515,1450,1486,48321,0.010884353741496655
2023-06-05,1506,1676,1486,1536,1750396,0.03364737550471064
2023-06-07,1538,1620,1472,1520,719890,-0.01041666666666663
2023-06-08,1527,1619,1520,1588,502535,0.044736842105263186
2023-06-09,1584,1593,1523,1582,148996,-0.0037783375314861534
2023-06-12,1582,1595,1540,1540,132258,-0.026548672566371723
2023-06-13,1540,1589,1494,1500,196414,-0.025974025974025983
2023-06-14,1501,1515,1475,1478,102097,-0.014666666666666717
2023-06-15,1475,1495,1467,1476,57020,-0.0013531799729363803
2023-06-16,1476,1506,1472,1503,29962,0.018292682926829285
2023-06-19,1503,1518,1496,1504,51685,0.0006653359946773296
2023-06-20,1504,1510,1481,1494,93332,-0.0066489361702127825
2023-06-21,1494,1942,1477,1942,15838616,0.29986613119143235
2023-06-22,2200,2520,2140,2520,11331841,0.29763130792996906
2023-06-23,2635,2695,2165,2240,12971949,-0.11111111111111116
2023-06-26,2310,2555,2015,2070,26797031,-0.0758928571428571
2023-06-27,1994,2070,1917,2055,6478573,-0.007246376811594235
2023-06-28,2050,2120,1981,2055,4393779,0.0
2023-06-29,2090,2090,1948,1970,1661624,-0.041362530413625254
2023-06-30,1970,1976,1855,1910,1287766,-0.030456852791878153
2023-07-03,1910,1983,1910,1950,1124128,0.020942408376963373
2023-07-04,1950,1950,1820,1904,1348248,-0.02358974358974364
2023-07-05,1890,1896,1813,1813,741467,-0.047794117647058876
2023-07-06,1813,1813,1690,1698,804537,-0.06343077771649197
2023-07-07,1690,1763,1678,1705,466343,0.0041224970553592755
2023-07-10,1705,1785,1681,1771,533625,0.03870967741935494
2023-07-11,1721,1774,1671,1739,428093,-0.01806888763410508
2023-07-12,1740,1833,1737,1773,697583,0.019551466359976954
2023-07-13,1786,1830,1740,1741,411445,-0.018048505358150058
2023-07-14,1741,1741,1633,1686,317552,-0.03159103963239518
2023-07-17,1686,1760,1620,1753,358035,0.0397390272835112
2023-07-18,1737,1737,1645,1656,209414,-0.05533371363377071
2023-07-19,1645,1656,1604,1609,208979,-0.02838164251207731
2023-07-20,1609,1690,1608,1652,231255,0.02672467371037901
2023-07-21,1622,2145,1530,2145,14951692,0.29842615012106544
2023-07-24,2105,2230,1835,1870,9141925,-0.1282051282051282
2023-07-25,1913,1940,1713,1713,2895583,-0.08395721925133692
2023-07-26,1695,1695,1511,1527,1555072,-0.10858143607705784
2023-07-27,1527,1582,1514,1550,753907,0.015062213490504295
2023-07-28,1533,1626,1486,1624,939009,0.04774193548387107
2023-07-31,1630,2040,1629,1842,11952880,0.13423645320197042
2023-08-01,1830,2135,1807,1915,9964446,0.039630836047774176
2023-08-02,1915,1915,1815,1830,1155877,-0.044386422976501305
2023-08-03,1820,1820,1753,1759,578401,-0.03879781420765027
2023-08-04,1759,2050,1759,1910,4542398,0.08584422967595229
2023-08-07,1903,2325,1902,2180,13263671,0.1413612565445026
2023-08-08,2145,2315,2065,2145,3562625,-0.016055045871559592
2023-08-09,2135,2265,2110,2175,1823674,0.013986013986013957
2023-08-10,2135,2210,2010,2140,947087,-0.016091954022988464
2023-08-11,2110,2255,2095,2215,1134676,0.035046728971962704
2023-08-14,2190,2225,2105,2220,746926,0.0022573363431150906
2023-08-16,2190,2215,1972,2040,1063127,-0.08108108108108103
2023-08-17,2015,2070,1945,1979,563574,-0.02990196078431373
2023-08-18,1970,2300,1943,2300,2516665,0.16220313289540167
2023-08-21,2330,2645,2205,2270,6435235,-0.013043478260869601
2023-08-22,2270,2290,2050,2230,1825617,-0.017621145374449365
2023-08-23,2250,2305,2155,2155,1087736,-0.03363228699551568
2023-08-24,2130,2400,2000,2210,5055395,0.025522041763341052
2023-08-25,2110,2135,1969,1969,1327638,-0.10904977375565605
2023-08-28,1965,1966,1865,1878,488607,-0.04621635347892328
2023-08-29,1894,2370,1893,2100,10761776,0.1182108626198084
2023-08-30,2080,2125,2010,2010,933653,-0.042857142857142816
2023-08-31,2050,2230,2015,2120,2516446,0.054726368159204064
2023-09-01,2090,2120,2030,2055,685082,-0.030660377358490587
2023-09-04,2030,2045,1973,2040,397749,-0.007299270072992692
2023-09-05,2020,2170,1958,1958,1532586,-0.04019607843137252
2023-09-06,1958,2010,1907,1907,432713,-0.026046986721144028
2023-09-07,1930,1995,1846,1846,418022,-0.03198741478762457
2023-09-08,1860,1919,1846,1853,199788,0.003791982665222182
2023-09-11,1856,1985,1853,1927,265365,0.03993524015110639
2023-09-12,1964,1980,1830,1857,302685,-0.036325895173845324
2023-09-13,1857,1857,1798,1824,138510,-0.017770597738287597
2023-09-14,1825,1920,1784,1813,328272,-0.006030701754385914
2023-09-15,1831,1875,1811,1838,85200,0.013789299503585317
2023-09-18,1820,1940,1820,1876,376106,0.020674646354733373
2023-09-19,1876,1878,1812,1861,149773,-0.007995735607675858
2023-09-20,1879,1894,1812,1815,136369,-0.024717893605588404
2023-09-21,1815,1878,1704,1722,200994,-0.05123966942148761
2023-09-22,1700,1737,1670,1698,132366,-0.013937282229965153
2023-09-25,1698,1736,1600,1610,145281,-0.051825677267373416
2023-09-26,1626,1680,1610,1610,116403,0.0
2023-09-27,1575,1681,1575,1674,45049,0.03975155279503095
2023-10-04,1631,1770,1624,1692,119499,0.010752688172043001
2023-10-05,1708,1725,1630,1630,105210,-0.03664302600472813
2023-10-06,1577,1683,1577,1657,80742,0.016564417177914015
2023-10-10,1673,1675,1552,1579,105780,-0.04707302353651177
2023-10-11,1618,1675,1592,1633,117966,0.03419886003799877
2023-10-12,1647,1723,1609,1688,75076,0.03368034292712796
2023-10-13,1688,1688,1617,1632,79982,-0.033175355450236976
2023-10-16,1634,1650,1578,1599,71572,-0.020220588235294157
2023-10-17,1614,1750,1614,1670,172647,0.044402751719824884
2023-10-18,1686,1697,1632,1650,44250,-0.0119760479041916
2023-10-19,1633,1633,1562,1562,107053,-0.053333333333333344
2023-10-20,1562,1686,1510,1512,120633,-0.03201024327784896
2023-10-23,1502,1610,1489,1489,67517,-0.015211640211640232
2023-10-24,1491,1605,1491,1564,180745,0.05036937541974473
2023-10-25,1608,1608,1540,1593,53180,0.018542199488491118
2023-10-26,1592,1592,1491,1505,52886,-0.05524168236032645
2023-10-27,1650,1745,1450,1450,876998,-0.03654485049833889
2023-10-30,1432,1474,1432,1458,81852,0.0055172413793103114
2023-10-31,1511,1511,1429,1452,73048,-0.004115226337448541
2023-11-01,1452,1517,1452,1481,56890,0.019972451790633672
2023-11-02,1511,1555,1511,1540,62087,0.03983794733288315
2023-11-03,1579,1579,1465,1515,124095,-0.016233766233766267
2023-11-06,1552,1580,1500,1518,53174,0.001980198019801982
2023-11-07,1534,1568,1493,1504,49580,-0.00922266139657446
2023-11-08,1550,1550,1490,1496,60670,-0.005319148936170248
2023-11-09,1510,1546,1472,1523,29817,0.018048128342246006
2023-11-10,1493,1539,1479,1500,28582,-0.015101772816808912
2023-11-13,1481,1499,1449,1489,208344,-0.007333333333333303
2023-11-14,1489,1497,1467,1487,35357,-0.001343183344526544
2023-11-15,1487,1518,1487,1517,93994,0.02017484868863484
2023-11-16,1517,1589,1481,1522,129515,0.003295978905734964
2023-11-17,1522,1522,1475,1488,50738,-0.0223390275952694
2023-11-20,1488,1505,1454,1497,71122,0.006048387096774244
2023-11-21,1505,1803,1469,1803,1716355,0.20440881763527052
2023-11-22,2115,2210,1800,1850,7679296,0.026067665002773133
2023-11-23,1820,2075,1775,1873,3883622,0.012432432432432527
2023-11-24,1873,1873,1715,1725,726917,-0.07901761879337965
2023-11-27,1709,1766,1620,1626,514990,-0.05739130434782613
2023-11-28,1640,1648,1593,1647,168633,0.012915129151291449
2023-11-29,1629,1715,1629,1670,224484,0.013964784456587775
2023-11-30,1666,1686,1600,1674,221544,0.0023952095808383866
2023-12-01,1638,1704,1632,1661,158211,-0.0077658303464754885
2023-12-04,1645,1762,1621,1750,326881,0.05358217940999399
2023-12-05,1730,1798,1671,1693,430931,-0.032571428571428584
2023-12-06,1675,1780,1650,1743,235228,0.02953337271116352
2023-12-07,1735,1870,1666,1710,989262,-0.018932874354561147
2023-12-08,1710,1834,1710,1744,669323,0.019883040935672502
2023-12-11,1752,1764,1703,1703,210937,-0.02350917431192656
2023-12-12,1730,1730,1665,1680,169362,-0.01350557839107458
2023-12-13,1668,1674,1611,1661,88499,-0.01130952380952377
2023-12-14,1648,1680,1640,1648,73580,-0.007826610475617057
2023-12-15,1632,1657,1586,1597,173363,-0.030946601941747587
2023-12-18,1600,1654,1600,1625,46167,0.017532874139010612
2023-12-19,1619,1628,1540,1612,45178,-0.008000000000000007
2023-12-20,1596,1618,1581,1584,56678,-0.017369727047146455
2023-12-21,1580,1604,1571,1581,83317,-0.0018939393939394478
2023-12-22,1583,1593,1574,1579,77961,-0.0012650221378873727
2023-12-26,1579,1579,1542,1555,90950,-0.015199493350221638
2023-12-27,1540,1594,1540,1580,112126,0.016077170418006492
2023-12-28,1565,1601,1543,1601,32378,0.0132911392405064
2024-01-02,1601,1620,1581,1615,53318,0.008744534665833914
2024-01-03,1615,1730,1583,1629,352778,0.008668730650154721
2024-01-04,1630,1648,1592,1600,108265,-0.017802332719459746
2024-01-05,1598,1615,1578,1608,76452,0.004999999999999893
2024-01-08,1592,1668,1582,1655,94305,0.02922885572139311
2024-01-09,1638,1699,1638,1644,103642,-0.006646525679758319
2024-01-10,1636,1644,1588,1608,99354,-0.021897810218978075
2024-01-11,1609,1627,1609,1616,69071,0.004975124378109541
2024-01-12,1599,1622,1596,1600,74115,-0.00990099009900991
2024-01-15,1600,1620,1567,1569,62627,-0.01937500000000003
2024-01-16,1630,1630,1535,1545,70833,-0.015296367112810683
2024-01-17,1545,1558,1500,1500,78345,-0.029126213592232997
2024-01-18,1505,1588,1502,1550,127439,0.03333333333333344
2024-01-19,1550,1581,1543,1555,26166,0.003225806451612856
2024-01-22,1555,1676,1541,1576,209626,0.013504823151125445
2024-01-23,1538,1620,1538,1588,48356,0.0076142131979695105
2024-01-24,1588,1646,1569,1635,189293,0.029596977329974905
2024-01-25,1635,1644,1594,1608,82381,-0.016513761467889854
2024-01-26,1608,1650,1582,1599,54826,-0.005597014925373123
2024-01-29,1599,1608,1537,1590,104129,-0.0056285178236398226
2024-01-30,1590,1590,1555,1565,62509,-0.01572327044025157
2024-01-31,1565,1605,1547,1548,35337,-0.010862619808306717
2024-02-01,1548,1563,1491,1500,54670,-0.03100775193798455
2024-02-02,1521,1544,1507,1510,47678,0.006666666666666599
2024-02-05,1510,1520,1490,1505,35173,-0.0033112582781457123
2024-02-06,1510,1546,1460,1462,144108,-0.02857142857142858
2024-02-07,1456,1474,1425,1438,122077,-0.01641586867305067
2024-02-08,1439,1445,1425,1437,30663,-0.0006954102920723182
2024-02-13,1437,1479,1437,1470,30389,0.022964509394572064
2024-02-14,1485,1485,1455,1478,23843,0.0054421768707482165
2024-02-15,1478,1478,1419,1431,93563,-0.031799729364005436
2024-02-16,1434,1448,1411,1426,86830,-0.0034940600978337066
2024-02-19,1426,1478,1425,1441,85093,0.01051893408134652
2024-02-20,1441,1540,1434,1471,166074,0.020818875780707735
2024-02-21,1471,1569,1467,1513,182033,0.028552005438477135
2024-02-22,1528,1528,1482,1490,68067,-0.015201586252478472
2024-02-23,1488,1499,1470,1489,49307,-0.0006711409395973034
2024-02-26,1488,1514,1451,1451,31108,-0.025520483546004002
2024-02-27,1451,1451,1410,1422,67813,-0.019986216402480994
2024-02-28,1422,1439,1417,1422,30449,0.0
2024-02-29,1422,1437,1410,1410,29836,-0.008438818565400852
2024-03-04,1410,1470,1410,1464,51957,0.038297872340425476
2024-03-05,1450,1450,1421,1422,57351,-0.02868852459016391
2024-03-06,1422,1422,1326,1343,103610,-0.05555555555555558
2024-03-07,1355,1421,1353,1392,69989,0.036485480268056536
2024-03-08,1392,1420,1392,1400,47061,0.005747126436781658
2024-03-11,1400,1414,1360,1370,46885,-0.021428571428571463
2024-03-12,1391,1391,1364,1372,12869,0.0014598540145984717
2024-03-13,1373,1380,1350,1355,22364,-0.012390670553935834
2024-03-14,1350,1390,1303,1320,90230,-0.02583025830258301
2024-03-15,1320,1333,1305,1320,36237,0.0
2024-03-18,1319,1334,1310,1319,37339,-0.0007575757575757347
2024-03-19,1326,1343,1313,1335,21720,0.012130401819560266
2024-03-20,1317,1350,1317,1325,31552,-0.0074906367041198685
2024-03-21,1331,1377,1330,1348,36964,0.017358490566037776
2024-03-22,1348,1391,1324,1367,36134,0.014094955489614147
2024-03-25,1348,1366,1332,1332,35746,-0.02560351133869787
2024-03-26,1332,1347,1317,1321,103357,-0.008258258258258211
2024-03-27,1322,1329,1316,1317,32958,-0.003028009084027228
2024-03-28,1317,1343,1315,1317,37064,0.0
2024-03-29,1317,1317,1243,1308,65549,-0.006833712984054663
2024-04-01,1308,1329,1255,1329,50400,0.016055045871559592
2024-04-02,1329,1335,1313,1320,24601,-0.006772009029345383
2024-04-03,1320,1320,1298,1298,38438,-0.01666666666666672
2024-04-04,1298,1302,1291,1296,19820,-0.0015408320493066618
2024-04-05,1296,1302,1281,1282,40151,-0.010802469135802517
2024-04-08,1274,1290,1250,1265,35011,-0.013260530421216887
2024-04-09,1265,1277,1260,1267,29062,0.0015810276679841806
2024-04-11,1268,1280,1141,1156,281394,-0.08760852407261244
2024-04-12,1156,1210,1156,1202,52665,0.03979238754325265
2024-04-15,1202,1215,1150,1150,42740,-0.043261231281197965
2024-04-16,1150,1159,1110,1110,59904,-0.034782608695652195
2024-04-17,1134,1134,1110,1125,31165,0.013513513513513598
2024-04-18,1125,1168,1125,1143,25975,0.016000000000000014
2024-04-19,1154,1173,1150,1162,32742,0.016622922134733153
2024-04-22,1165,1181,1105,1125,13294,-0.03184165232358005
2024-04-23,1136,1147,1125,1125,18961,0.0
2024-04-24,1153,1162,1125,1153,25530,0.02488888888888896
2024-04-25,1164,1174,1152,1170,19696,0.014744145706851786
2024-04-26,1170,1187,1146,1159,22991,-0.009401709401709368
2024-04-29,1170,1172,1159,1166,15740,0.006039689387402847
2024-04-30,1177,1251,1169,1180,89068,0.012006861063464935
2024-05-02,1180,1192,1155,1160,33055,-0.016949152542372836
2024-05-03,1160,1185,1151,1183,16453,0.01982758620689662
2024-05-07,1183,1199,1174,1192,14015,0.0076077768385460764
2024-05-08,1192,1192,1172,1172,16057,-0.016778523489932917
2024-05-09,1175,1193,1175,1183,10685,0.009385665529010323
2024-05-10,1183,1203,1163,1200,21396,0.014370245139475823
2024-05-13,1200,1200,1172,1181,30372,-0.015833333333333366
2024-05-14,1182,1200,1180,1192,41608,0.009314140558848383
2024-05-16,1194,1214,1194,1212,21125,0.016778523489932917
2024-05-17,1212,1218,1188,1195,13902,-0.014026402640264002
2024-05-20,1194,1194,1183,1190,14451,-0.004184100418409997
2024-05-21,1172,1189,1172,1175,6145,-0.012605042016806678
2024-05-22,1170,1175,1125,1151,13450,-0.020425531914893602
2024-05-23,1162,1162,1095,1133,36202,-0.0156385751520417
2024-05-24,1155,1155,1072,1128,38403,-0.0044130626654897975
2024-05-27,1128,1197,1101,1197,31045,0.061170212765957466
2024-05-28,1197,1197,1140,1178,16105,-0.015873015873015928
2024-05-29,1176,1176,1082,1129,35567,-0.041595925297113756
2024-05-30,1124,1128,1102,1123,10755,-0.005314437555358764
2024-05-31,1123,1135,1115,1115,13772,-0.007123775601068583
2024-06-03,1116,1141,1115,1124,21731,0.008071748878923701
2024-06-04,1124,1137,1114,1124,31098,0.0
2024-06-05,1124,1148,1114,1135,44318,0.009786476868327343
2024-06-07,1136,1155,1135,1139,36559,0.0035242290748898064
2024-06-10,1137,1137,1121,1134,12852,-0.004389815627743654
2024-06-11,1133,1133,1081,1117,25055,-0.014991181657848296
2024-06-12,1117,1117,1095,1105,27433,-0.0107430617726052
2024-06-13,1105,1115,1086,1086,12965,-0.017194570135746656
2024-06-14,1086,1086,1063,1071,24985,-0.013812154696132617
2024-06-17,1071,1208,1063,1067,257097,-0.0037348272642390157
2024-06-18,1067,1083,1066,1082,37907,0.014058106841611906
2024-06-19,1082,1082,1053,1070,28237,-0.011090573012939031
2024-06-20,1070,1078,1058,1061,12479,-0.008411214953271018
2024-06-21,1061,1061,1031,1047,36537,-0.013195098963242224
2024-06-24,1047,1047,995,1030,48190,-0.01623686723973261
2024-06-25,1030,1030,1000,1005,51030,-0.024271844660194164
2024-06-26,1005,1014,998,1003,29284,-0.0019900497512437276
2024-06-27,1013,1013,986,993,28782,-0.009970089730807596
2024-06-28,1002,1017,988,988,34632,-0.0050352467270896595
2024-07-01,990,1039,990,1011,17474,0.02327935222672073
2024-07-02,1016,1037,1010,1016,14235,0.004945598417408492
2024-07-03,1011,1026,993,1022,12671,0.0059055118110236116
2024-07-04,1004,1015,1000,1000,28241,-0.021526418786692814
2024-07-05,1000,1000,986,997,22223,-0.0030000000000000027
2024-07-08,997,1011,994,1010,22380,0.013039117352056095
2024-07-09,1010,1032,1010,1032,17057,0.0217821782178218
2024-07-10,1043,1043,1032,1035,13094,0.0029069767441860517
2024-07-11,1035,1040,1015,1017,34781,-0.017391304347826098
2024-07-12,1017,1040,1007,1033,19070,0.015732546705998107
2024-07-15,1033,1037,1022,1035,9841,0.0019361084220717029
2024-07-16,1044,1044,1007,1016,48900,-0.018357487922705307
2024-07-17,1025,1025,1001,1001,22863,-0.014763779527559029
2024-07-18,1010,1010,983,988,24264,-0.012987012987012991
2024-07-19,997,997,978,997,11694,0.009109311740890691
2024-07-22,997,1002,994,1002,41539,0.005015045135406293
2024-07-23,997,1001,985,995,4408,-0.006986027944111739
2024-07-24,995,995,986,990,11489,-0.005025125628140725
2024-07-25,990,990,971,972,29059,-0.018181818181818188
2024-07-26,972,972,945,950,35963,-0.02263374485596703
2024-07-29,950,959,910,921,35883,-0.030526315789473735
2024-07-30,921,951,921,937,24163,0.017372421281216077
2024-07-31,940,1033,935,964,181969,0.028815368196371427
2024-08-01,987,987,954,956,17289,-0.008298755186721962
2024-08-02,956,963,901,901,59186,-0.05753138075313813
2024-08-05,901,901,805,823,79093,-0.08657047724750278
2024-08-06,823,897,805,871,82387,0.05832320777642774
2024-08-07,871,886,866,885,25421,0.016073478760045834
2024-08-08,885,890,875,875,17910,-0.011299435028248594
2024-08-09,868,879,868,868,22136,-0.008000000000000007
2024-08-12,868,868,863,868,14723,0.0
2024-08-13,868,868,842,863,12490,-0.005760368663594417
2024-08-14,863,863,856,862,19753,-0.0011587485515642815
2024-08-16,855,901,838,862,18453,0.0
2024-08-19,862,980,862,921,190953,0.06844547563805103
2024-08-20,921,975,888,945,165670,0.026058631921824116
2024-08-21,945,945,912,915,23943,-0.031746031746031744
2024-08-22,915,915,851,859,51483,-0.061202185792349706
2024-08-23,859,877,855,859,22952,0.0
2024-08-26,850,886,829,885,52129,0.030267753201397074
2024-08-27,885,899,842,868,28767,-0.019209039548022555
2024-08-28,868,886,835,835,45503,-0.03801843317972353
2024-08-29,843,1020,823,830,1684930,-0.005988023952095856
2024-08-30,830,850,822,833,90731,0.0036144578313253017
