Date,Open,High,Low,Close,Volume,Change
2022-01-03,5980,5980,5920,5940,59496,-0.003355704697986628
2022-01-04,5950,5960,5910,5910,66196,-0.005050505050505083
2022-01-05,5930,5950,5900,5950,64557,0.006768189509306355
2022-01-06,5950,5970,5910,5950,138596,0.0
2022-01-07,5920,5950,5910,5940,40494,-0.001680672268907557
2022-01-10,5930,5950,5930,5940,40160,0.0
2022-01-11,5940,5940,5910,5940,41229,0.0
2022-01-12,5940,5960,5920,5930,33816,-0.0016835016835017313
2022-01-13,5930,5940,5930,5930,27946,0.0
2022-01-14,5930,5940,5920,5940,24672,0.001686340640809414
2022-01-17,5940,5940,5850,5920,81194,-0.0033670033670033517
2022-01-18,5920,5920,5860,5910,42732,-0.0016891891891891442
2022-01-19,5900,5910,5840,5850,47744,-0.010152284263959421
2022-01-20,5850,5880,5840,5860,24083,0.0017094017094017033
2022-01-21,5860,5910,5860,5900,46048,0.006825938566553003
2022-01-24,5890,5920,5880,5880,42400,-0.003389830508474523
2022-01-25,5880,5920,5820,5850,129954,-0.005102040816326481
2022-01-26,5850,5870,5830,5830,51963,-0.0034188034188034067
2022-01-27,5870,5870,5720,5730,146576,-0.01715265866209259
2022-01-28,5790,5890,5730,5800,86245,0.01221640488656206
2022-02-03,5890,5890,5810,5820,82959,0.0034482758620688614
2022-02-04,5810,5890,5810,5830,105214,0.0017182130584192379
2022-02-07,5870,5880,5830,5840,50420,0.0017152658662091813
2022-02-08,5840,5880,5840,5840,41612,0.0
2022-02-09,5840,5930,5840,5890,52937,0.008561643835616417
2022-02-10,5890,5950,5870,5900,71638,0.001697792869269854
2022-02-11,5900,5970,5900,5930,48627,0.005084745762711895
2022-02-14,5900,5970,5870,5930,26839,0.0
2022-02-15,5930,5970,5910,5920,32664,-0.001686340640809414
2022-02-16,5920,5990,5920,5930,53410,0.0016891891891892552
2022-02-17,5920,5970,5920,5950,34395,0.003372681281618828
2022-02-18,5950,5980,5920,5950,35174,0.0
2022-02-21,5980,5980,5940,5960,38616,0.001680672268907557
2022-02-22,5960,5980,5940,5940,42823,-0.003355704697986628
2022-02-23,5950,5980,5940,5960,27628,0.0033670033670034627
2022-02-24,5990,5990,5940,5960,61656,0.0
2022-02-25,5960,5990,5950,5980,38034,0.003355704697986628
2022-02-28,5990,6050,5970,6010,45151,0.0050167224080268635
2022-03-02,6050,6070,5980,6040,102517,0.004991680532445919
2022-03-03,6060,6070,6010,6070,99887,0.004966887417218624
2022-03-04,6070,6090,6020,6090,100397,0.0032948929159801743
2022-03-07,6090,6100,6020,6060,79976,-0.0049261083743842304
2022-03-08,6060,6070,6020,6060,58502,0.0
2022-03-10,6060,6090,6020,6060,85712,0.0
2022-03-11,6070,6120,6050,6090,91900,0.004950495049504955
2022-03-14,6100,6110,6060,6090,60864,0.0
2022-03-15,6090,6090,6050,6090,33475,0.0
2022-03-16,6090,6130,6040,6100,54740,0.0016420361247948545
2022-03-17,6100,6120,6060,6090,39753,-0.0016393442622950616
2022-03-18,6070,6120,6070,6090,77147,0.0
2022-03-21,6070,6100,6070,6090,46034,0.0
2022-03-22,6110,6150,6080,6120,90099,0.0049261083743843415
2022-03-23,6120,6120,6100,6100,61247,-0.0032679738562091387
2022-03-24,6130,6180,6080,6150,82771,0.008196721311475308
2022-03-25,6140,6150,6110,6150,50448,0.0
2022-03-28,6150,6180,6120,6170,91357,0.003252032520325132
2022-03-29,6180,6210,6120,6200,110646,0.004862236628849326
2022-03-30,6190,6200,6170,6190,96032,-0.001612903225806428
2022-03-31,6190,6250,6170,6230,107401,0.00646203554119551
2022-04-01,6250,6300,6190,6240,122967,0.0016051364365972098
2022-04-04,6250,6310,6200,6300,120795,0.009615384615384581
2022-04-05,6250,6300,6220,6220,138448,-0.012698412698412653
2022-04-06,6270,6290,6200,6230,185198,0.001607717041800738
2022-04-07,6280,6320,6240,6320,146320,0.014446227929374
2022-04-08,6300,6340,6280,6330,99241,0.0015822784810126667
2022-04-11,6340,6400,6300,6400,159081,0.011058451816745585
2022-04-12,6390,6440,6380,6400,119846,0.0
2022-04-13,6420,6450,6380,6430,112062,0.004687499999999956
2022-04-14,6430,6500,6370,6460,111326,0.004665629860031162
2022-04-15,6470,6620,6470,6590,186733,0.020123839009287936
2022-04-18,6590,6590,6360,6390,164716,-0.030349013657056112
2022-04-19,6390,6470,6330,6400,173992,0.0015649452269170805
2022-04-20,6420,6500,6340,6470,163191,0.010937500000000044
2022-04-21,6510,6620,6470,6550,124350,0.012364760432766575
2022-04-22,6550,6670,6510,6630,4470267,0.012213740458015376
2022-04-25,6640,6720,6300,6700,157145,0.010558069381598756
2022-04-26,6700,6800,6690,6800,116845,0.014925373134328401
2022-04-27,6790,6890,6750,6830,155010,0.004411764705882337
2022-04-28,6840,6860,6690,6730,194652,-0.014641288433382083
2022-04-29,6730,6810,6730,6780,116620,0.007429420505200568
2022-05-02,6780,6840,6770,6770,80884,-0.001474926253687281
2022-05-03,6770,6790,6580,6590,181530,-0.026587887740029514
2022-05-04,6640,6730,6520,6610,153229,0.003034901365705611
2022-05-06,6580,6640,6530,6620,52021,0.001512859304084735
2022-05-09,6620,6680,6610,6630,133414,0.0015105740181269312
2022-05-10,6600,6620,6500,6560,61520,-0.010558069381598756
2022-05-11,6630,6650,6570,6620,50991,0.009146341463414531
2022-05-12,6650,6700,6550,6610,77602,-0.0015105740181269312
2022-05-13,6650,6680,6580,6660,61441,0.0075642965204236745
2022-05-16,6660,6730,6630,6730,68162,0.010510510510510551
2022-05-17,6730,6750,6660,6660,57860,-0.010401188707280795
2022-05-18,6700,6700,6600,6610,48607,-0.007507507507507505
2022-05-19,6610,6640,6530,6590,58656,-0.00302571860816947
2022-05-20,6600,6660,6600,6600,77818,0.0015174506828528056
2022-05-23,6600,6620,6540,6610,26845,0.0015151515151514694
2022-05-24,6610,6670,6590,6650,31734,0.00605143721633894
2022-05-25,6650,6720,6640,6720,47571,0.010526315789473717
2022-05-26,6710,6750,6710,6750,59846,0.0044642857142858094
2022-05-27,6740,6760,6710,6720,50982,-0.004444444444444473
2022-05-30,6750,6780,6710,6780,34476,0.008928571428571397
2022-05-31,6780,6800,6730,6760,107912,-0.002949852507374673
2022-06-02,6760,6810,6730,6790,32698,0.004437869822485174
2022-06-03,6780,6810,6770,6800,21030,0.0014727540500736325
2022-06-07,6800,6810,6780,6810,42553,0.0014705882352941124
2022-06-08,6810,6820,6790,6810,69508,0.0
2022-06-09,6820,6820,6790,6800,101285,-0.001468428781204123
2022-06-10,6820,6820,6780,6780,124216,-0.002941176470588225
2022-06-13,6800,6800,6690,6720,173971,-0.008849557522123908
2022-06-14,6680,6700,6410,6670,93544,-0.007440476190476164
2022-06-15,6670,6670,6530,6530,150350,-0.020989505247376306
2022-06-16,6580,6630,6460,6510,196036,-0.003062787136294043
2022-06-17,6440,6450,6350,6450,140914,-0.009216589861751112
2022-06-20,6460,6460,6090,6160,243040,-0.04496124031007753
2022-06-21,6140,6240,6080,6130,82948,-0.004870129870129913
2022-06-22,6210,6210,5920,5960,916453,-0.027732463295269127
2022-06-23,5940,6010,5850,6000,109347,0.006711409395973256
2022-06-24,6000,6100,5970,6080,126258,0.01333333333333342
2022-06-27,6090,6170,6060,6150,633867,0.011513157894736947
2022-06-28,6180,6180,6040,6120,106873,-0.004878048780487809
2022-06-29,5920,6010,5920,5950,74321,-0.02777777777777779
2022-06-30,6010,6010,5780,5800,133939,-0.025210084033613467
2022-07-01,5800,5820,5750,5790,54426,-0.0017241379310344307
2022-07-04,5790,5840,5610,5680,41516,-0.01899827288428324
2022-07-05,5720,5890,5660,5870,73162,0.03345070422535201
2022-07-06,5870,5870,5600,5830,43876,-0.006814310051107331
2022-07-07,5820,5840,5760,5820,46178,-0.0017152658662092923
2022-07-08,5820,5820,5710,5780,55549,-0.0068728522336769515
2022-07-11,5830,5830,5720,5750,34896,-0.00519031141868509
2022-07-12,5820,5820,5540,5620,103477,-0.022608695652173938
2022-07-13,5650,5710,5540,5660,31257,0.007117437722419906
2022-07-14,5710,5720,5630,5670,14579,0.0017667844522968323
2022-07-15,5710,5710,5500,5570,41861,-0.01763668430335097
2022-07-18,5570,5630,5540,5540,30066,-0.0053859964093356805
2022-07-19,5680,5680,5450,5500,79068,-0.0072202166064981865
2022-07-20,5540,5550,5450,5490,38466,-0.0018181818181818299
2022-07-21,5520,5550,5480,5550,49593,0.010928961748633892
2022-07-22,5580,5590,5440,5530,88333,-0.003603603603603567
2022-07-25,5540,5540,5410,5430,75379,-0.018083182640144635
2022-07-26,5430,5470,5380,5400,66569,-0.0055248618784530246
2022-07-27,5450,5450,5370,5410,44400,0.0018518518518517713
2022-07-28,5460,5460,5410,5460,33315,0.009242144177449063
2022-07-29,5460,5620,5460,5610,96842,0.027472527472527375
2022-08-01,5710,5710,5580,5700,56288,0.016042780748663166
2022-08-02,5730,5730,5650,5690,62230,-0.0017543859649122862
2022-08-03,5730,5730,5650,5690,36948,0.0
2022-08-04,5690,5710,5650,5700,31273,0.0017574692442883233
2022-08-05,5730,5840,5680,5800,64888,0.01754385964912286
2022-08-08,5800,5850,5760,5830,102551,0.005172413793103514
2022-08-09,5830,5870,5800,5840,18676,0.0017152658662091813
2022-08-10,5840,5880,5750,5830,65081,-0.001712328767123239
2022-08-11,5830,5880,5800,5870,14260,0.006861063464836947
2022-08-12,5860,5930,5830,5900,27874,0.005110732538330387
2022-08-16,5900,5960,5860,5920,29522,0.003389830508474523
2022-08-17,5910,5930,5880,5910,115856,-0.0016891891891891442
2022-08-18,5900,5920,5860,5920,34627,0.0016920473773265332
2022-08-19,5910,5970,5880,5930,27030,0.0016891891891892552
2022-08-22,5930,5930,5830,5830,24070,-0.016863406408094472
2022-08-23,5830,5980,5760,5820,39938,-0.0017152658662092923
2022-08-24,5810,5860,5770,5790,17481,-0.005154639175257714
2022-08-25,5830,5880,5760,5880,94264,0.015544041450777257
2022-08-26,5900,5900,5840,5880,9848,0.0
2022-08-29,5840,5840,5720,5750,32578,-0.022108843537414935
2022-08-30,5790,5810,5690,5750,32430,0.0
2022-08-31,5800,5800,5710,5740,4463,-0.0017391304347825765
2022-09-01,5740,5740,5680,5710,19926,-0.005226480836236891
2022-09-02,5770,5780,5650,5690,18278,-0.003502626970227629
2022-09-05,5740,5740,5670,5680,16991,-0.0017574692442882123
2022-09-06,5710,5710,5680,5700,31979,0.0035211267605634866
2022-09-07,5740,5740,5610,5670,29394,-0.0052631578947368585
2022-09-08,5670,5700,5640,5650,31916,-0.003527336860670194
2022-09-13,5650,5680,5620,5660,79870,0.001769911504424737
2022-09-14,5660,5820,5560,5730,79526,0.012367491166077826
2022-09-15,5730,5820,5720,5750,70097,0.003490401396160525
2022-09-16,5750,5880,5730,5740,241901,-0.0017391304347825765
2022-09-19,5760,6300,5740,5750,90321,0.0017421602787457413
2022-09-20,5830,5830,5730,5790,49432,0.006956521739130528
2022-09-21,5780,5810,5750,5770,21479,-0.003454231433506094
2022-09-22,5780,5780,5640,5740,19002,-0.005199306759098743
2022-09-23,5780,5780,5650,5680,34504,-0.010452961672473893
2022-09-26,5650,5650,5590,5610,52164,-0.01232394366197187
2022-09-27,5670,5670,5510,5570,34138,-0.007130124777183555
2022-09-28,5630,5630,5430,5500,34093,-0.012567324955116699
2022-09-29,5570,5570,5480,5490,39039,-0.0018181818181818299
2022-09-30,5490,5520,5440,5450,35787,-0.007285974499089298
2022-10-04,5550,5550,5420,5450,25248,0.0
2022-10-05,5500,5500,5410,5410,37832,-0.007339449541284404
2022-10-06,5510,5510,5260,5360,54785,-0.009242144177449174
2022-10-07,5370,5370,5260,5330,36283,-0.005597014925373123
2022-10-11,5330,5330,5170,5170,25002,-0.030018761726078758
2022-10-12,5170,5220,5120,5130,28167,-0.007736943907156624
2022-10-13,5200,5200,4920,4920,123382,-0.040935672514619936
2022-10-14,5070,5070,4930,4985,56604,0.013211382113821113
2022-10-17,5090,5090,4800,4860,78615,-0.025075225677031132
2022-10-18,4990,4990,4760,4875,127383,0.0030864197530864335
2022-10-19,4880,4930,4740,4760,92875,-0.02358974358974364
2022-10-20,4760,4910,4700,4850,121633,0.018907563025210017
2022-10-21,4800,4900,4800,4840,16706,-0.0020618556701030855
2022-10-24,4870,5040,4870,4910,58210,0.01446280991735538
2022-10-25,5000,5000,4885,4990,37327,0.016293279022403295
2022-10-26,5050,5050,4945,5040,30837,0.01002004008016022
2022-10-27,5070,5150,4955,5150,34270,0.021825396825396748
2022-10-28,5490,5490,5110,5170,47931,0.003883495145631022
2022-10-31,5220,5220,5160,5160,109480,-0.0019342359767892114
2022-11-01,5200,5210,5160,5190,35913,0.005813953488372103
2022-11-02,5200,5380,5160,5270,97125,0.015414258188824581
2022-11-03,5270,5350,5200,5260,18354,-0.00189753320683117
2022-11-04,5350,5350,5180,5220,21907,-0.0076045627376425395
2022-11-07,5270,5270,5150,5200,17864,-0.003831417624521105
2022-11-08,5150,5230,5130,5150,16070,-0.009615384615384581
2022-11-09,5220,5220,5130,5190,18710,0.007766990291262044
2022-11-10,5170,5260,5120,5200,34175,0.0019267822736031004
2022-11-11,5250,5330,5230,5290,37711,0.017307692307692246
2022-11-14,5380,5380,5250,5290,18484,0.0
2022-11-15,5290,5370,5200,5360,23699,0.013232514177693666
2022-11-16,5390,5430,5320,5420,15269,0.011194029850746245
2022-11-17,5420,5420,5220,5400,54112,-0.0036900369003689537
2022-11-18,5440,5440,5300,5400,18021,0.0
2022-11-21,5410,5410,5340,5360,13949,-0.007407407407407418
2022-11-22,5360,5360,5300,5360,15512,0.0
2022-11-23,5470,5470,5280,5320,22562,-0.007462686567164201
2022-11-24,5410,5410,5320,5330,25840,0.001879699248120259
2022-11-25,5380,5380,5320,5380,16095,0.009380863039399667
2022-11-28,5400,5460,5370,5400,27744,0.0037174721189590088
2022-11-29,5400,5440,5400,5410,14605,0.0018518518518517713
2022-11-30,5430,5450,5400,5440,5010,0.005545286506469571
2022-12-01,5480,5500,5430,5470,28258,0.005514705882353033
2022-12-02,5500,5500,5410,5440,25071,-0.005484460694698323
2022-12-05,5490,5490,5440,5460,19275,0.003676470588235281
2022-12-06,5490,5490,5380,5470,15573,0.001831501831501825
2022-12-07,5500,5500,5450,5460,14411,-0.001828153564899404
2022-12-08,5460,5460,5420,5440,8699,-0.00366300366300365
2022-12-09,5490,5490,5370,5400,33284,-0.007352941176470562
2022-12-12,5400,5490,5360,5370,20701,-0.005555555555555536
2022-12-13,5450,5450,5320,5340,25000,-0.005586592178770999
2022-12-14,5400,5440,5320,5360,61064,0.0037453183520599342
2022-12-15,5370,5380,5260,5350,49641,-0.001865671641791078
2022-12-16,5270,5330,5260,5290,33249,-0.01121495327102806
2022-12-19,5300,5300,5250,5290,27222,0.0
2022-12-20,5290,5290,5250,5280,32526,-0.001890359168241984
2022-12-21,5280,5320,5280,5310,33043,0.005681818181818121
2022-12-22,5320,5450,5290,5370,45674,0.011299435028248483
2022-12-23,5350,5420,5300,5390,27820,0.003724394785847407
2022-12-26,5370,5420,5240,5340,88335,-0.00927643784786647
2022-12-27,5340,5420,5300,5410,69669,0.013108614232209659
2022-12-28,5280,5280,5190,5250,36401,-0.02957486136783738
2022-12-29,5250,5250,5190,5200,30527,-0.00952380952380949
2023-01-02,5200,5270,5200,5230,20236,0.005769230769230749
2023-01-03,5220,5310,5210,5260,35396,0.005736137667303964
2023-01-04,5260,5310,5170,5260,42381,0.0
2023-01-05,5270,5350,5230,5350,30779,0.017110266159695797
2023-01-06,5350,5350,5300,5340,29310,-0.0018691588785046953
2023-01-09,5370,5390,5280,5360,22641,0.0037453183520599342
2023-01-10,5360,5380,5020,5290,40616,-0.013059701492537323
2023-01-11,5340,5340,5260,5340,14660,0.00945179584120992
2023-01-12,5340,5350,5280,5350,30983,0.001872659176029856
2023-01-13,5360,5370,5330,5360,22131,0.0018691588785046953
2023-01-16,5360,5490,5350,5450,72227,0.01679104477611948
2023-01-17,5430,5430,5300,5360,117581,-0.016513761467889854
2023-01-18,5360,5380,5290,5330,56839,-0.005597014925373123
2023-01-19,5330,5380,5310,5370,35722,0.007504690431519689
2023-01-20,5320,5450,5300,5450,55841,0.014897579143389184
2023-01-25,5460,5500,5420,5460,37271,0.0018348623853210455
2023-01-26,5500,5500,5430,5460,29087,0.0
2023-01-27,5470,5480,5390,5390,32217,-0.012820512820512775
2023-01-30,5450,5450,5320,5370,37158,-0.0037105751391465214
2023-01-31,5350,5410,5290,5310,43454,-0.011173184357541888
2023-02-01,5290,5360,5290,5330,13339,0.0037664783427495685
2023-02-02,5330,5410,5310,5390,27608,0.011257035647279645
2023-02-03,5430,5430,5350,5410,14436,0.0037105751391466324
2023-02-06,5370,5480,5340,5480,27370,0.012939001848428777
2023-02-07,5450,5450,5330,5400,35683,-0.014598540145985384
2023-02-08,5360,5390,5340,5340,29276,-0.011111111111111072
2023-02-09,5340,5380,5300,5380,18904,0.0074906367041198685
2023-02-10,5320,5400,5290,5310,26694,-0.013011152416356864
2023-02-13,5290,5330,5220,5280,41162,-0.005649717514124242
2023-02-14,5310,5310,5200,5280,45244,0.0
2023-02-15,5310,5310,5210,5250,27923,-0.005681818181818232
2023-02-16,5250,5270,5170,5210,39943,-0.007619047619047636
2023-02-17,5260,5260,5130,5150,37690,-0.01151631477927062
2023-02-20,5220,5220,5010,5160,33098,0.001941747572815622
2023-02-21,5150,5180,5110,5140,25869,-0.003875968992248069
2023-02-22,5140,5170,5110,5170,5622,0.005836575875486361
2023-02-23,5190,5190,5150,5190,1879098,0.003868471953578423
2023-02-24,5240,5250,5160,5250,38793,0.011560693641618602
2023-02-27,5250,5250,5150,5200,21633,-0.00952380952380949
2023-02-28,5220,5240,5160,5240,31133,0.007692307692307665
2023-03-02,5200,5240,5170,5210,18708,-0.005725190839694694
2023-03-03,5220,5220,5150,5170,15364,-0.007677543186180413
2023-03-06,5170,5180,5130,5160,46718,-0.0019342359767892114
2023-03-07,5160,5180,5130,5160,39900,0.0
2023-03-08,5160,5200,5110,5170,33288,0.0019379844961240345
2023-03-09,5180,5180,5090,5130,28499,-0.007736943907156624
2023-03-10,5130,5130,5070,5100,23544,-0.005847953216374324
2023-03-13,5090,5110,5010,5060,38029,-0.007843137254901933
2023-03-14,5100,5100,5010,5020,24584,-0.007905138339920903
2023-03-15,5100,5100,5020,5080,18529,0.01195219123505975
2023-03-16,5090,5090,5010,5060,12127,-0.003937007874015741
2023-03-17,5070,5080,5010,5040,18455,-0.0039525691699604515
2023-03-20,5060,5060,4980,4995,32812,-0.008928571428571397
2023-03-21,5000,5040,4985,5000,30818,0.0010010010010010895
2023-03-22,5050,5050,4990,5020,23383,0.0040000000000000036
2023-03-23,5040,5040,4950,4995,39708,-0.004980079681274896
2023-03-24,5000,5000,4935,4980,23211,-0.0030030030030030463
2023-03-27,4980,4980,4860,4895,41086,-0.017068273092369468
2023-03-28,4895,4965,4860,4900,42637,0.0010214504596526286
2023-03-29,4920,4965,4870,4900,23578,0.0
2023-03-30,4900,4955,4860,4900,29535,0.0
2023-03-31,4910,5030,4900,4970,50592,0.014285714285714235
2023-04-03,4960,5000,4960,5000,22771,0.006036217303822866
2023-04-04,4980,5030,4980,5020,30493,0.0040000000000000036
2023-04-05,5030,5050,4960,5010,32682,-0.0019920318725099584
2023-04-06,5060,5060,4940,5000,29416,-0.001996007984031989
2023-04-07,5000,5010,4935,5000,31713,0.0
2023-04-10,4995,4995,4935,4950,13725,-0.010000000000000009
2023-04-11,4955,4960,4905,4940,40121,-0.002020202020202033
2023-04-12,4940,4980,4895,4935,36216,-0.0010121457489878916
2023-04-13,4945,4990,4930,4955,81664,0.004052684903748771
2023-04-14,4980,5060,4930,5020,44554,0.013118062563067578
2023-04-17,5040,5050,4980,5050,47911,0.005976095617529875
2023-04-18,5050,5070,4980,5070,38596,0.003960396039603964
2023-04-19,5070,5070,4955,5000,38308,-0.013806706114398382
2023-04-20,5000,5050,4940,4985,56145,-0.0030000000000000027
2023-04-21,4995,4995,4940,4960,37034,-0.005015045135406182
2023-04-24,4915,4970,4895,4950,57302,-0.0020161290322581182
2023-04-25,4960,4980,4885,4980,62332,0.0060606060606061
2023-04-26,4980,4980,4915,4935,16412,-0.009036144578313254
2023-04-27,4940,4970,4910,4960,15571,0.005065856129685908
2023-04-28,4960,4995,4960,4975,8098,0.003024193548387011
2023-05-02,5010,5040,4950,5000,14731,0.005025125628140614
2023-05-03,5010,5010,4985,4995,18483,-0.0010000000000000009
2023-05-04,4945,5030,4945,5020,26354,0.005005005005005003
2023-05-08,5000,5100,4985,5100,24902,0.015936254980079667
2023-05-09,5030,5130,5030,5130,23797,0.00588235294117645
2023-05-10,5150,5190,5050,5140,33629,0.0019493177387914784
2023-05-11,5140,5180,5070,5180,29077,0.0077821011673151474
2023-05-12,5190,5230,5160,5160,40683,-0.0038610038610038533
2023-05-15,5160,5200,5140,5190,23177,0.005813953488372103
2023-05-16,5190,5240,5180,5220,39728,0.005780346820809301
2023-05-17,5220,5240,5170,5180,31947,-0.007662835249042099
2023-05-18,5200,5230,5170,5200,25855,0.0038610038610038533
2023-05-19,5220,5230,5180,5230,31555,0.005769230769230749
2023-05-22,5210,5240,5200,5240,37157,0.0019120458891013214
2023-05-23,5250,5250,5200,5240,25434,0.0
2023-05-24,5220,5280,5200,5280,42192,0.007633587786259444
2023-05-25,5280,5300,5260,5300,32580,0.0037878787878788955
2023-05-26,5300,5300,5280,5300,24633,0.0
2023-05-30,5300,5330,5270,5330,34892,0.005660377358490676
2023-05-31,5310,5390,5310,5390,79870,0.011257035647279645
2023-06-01,5370,5400,5360,5400,49025,0.0018552875695732052
2023-06-02,5380,5420,5350,5420,27340,0.0037037037037037646
2023-06-05,5420,5440,5410,5420,42469,0.0
2023-06-07,5420,5440,5410,5440,29205,0.0036900369003689537
2023-06-08,5440,5440,5370,5420,44577,-0.003676470588235281
2023-06-09,5420,5440,5380,5440,39332,0.0036900369003689537
2023-06-12,5430,5460,5380,5460,37336,0.003676470588235281
2023-06-13,5430,5460,5410,5450,32457,-0.001831501831501825
2023-06-14,5440,5440,5340,5350,50072,-0.01834862385321101
2023-06-15,5350,5400,5290,5370,33432,0.0037383177570093906
2023-06-16,5390,5390,5300,5380,33410,0.0018621973929235924
2023-06-19,5380,5390,5290,5330,53980,-0.009293680297397744
2023-06-20,5340,5400,5320,5400,21251,0.013133208255159401
2023-06-21,5400,5400,5340,5350,19155,-0.0092592592592593
2023-06-22,5330,5330,5280,5320,27550,-0.005607476635513975
2023-06-23,5330,5360,5220,5250,36932,-0.013157894736842146
2023-06-26,5220,5280,5220,5270,28032,0.003809523809523707
2023-06-27,5270,5290,5230,5260,28914,-0.00189753320683117
2023-06-28,5290,5370,5270,5320,109889,0.011406844106463865
2023-06-29,5290,5290,5130,5140,60648,-0.03383458646616544
2023-06-30,5180,5220,5130,5150,24370,0.0019455252918287869
2023-07-03,5120,5180,5120,5170,25329,0.003883495145631022
2023-07-04,5170,5190,5130,5190,25725,0.003868471953578423
2023-07-05,5190,5190,5100,5160,19687,-0.005780346820809301
2023-07-06,5170,5170,5080,5110,20055,-0.009689922480620172
2023-07-07,5110,5130,5020,5060,30755,-0.009784735812133127
2023-07-10,5150,5150,4995,5030,34361,-0.005928853754940677
2023-07-11,5030,5050,4980,5020,40474,-0.001988071570576566
2023-07-12,5070,5070,4985,4990,43950,-0.005976095617529875
2023-07-13,5090,5180,5000,5130,43210,0.028056112224448926
2023-07-14,5130,5190,5130,5190,21851,0.011695906432748648
2023-07-17,5170,5190,5100,5170,11509,-0.003853564547206201
2023-07-18,5190,5190,5110,5160,15406,-0.0019342359767892114
2023-07-19,5150,5180,5130,5160,16987,0.0
2023-07-20,5160,5190,5130,5180,26659,0.003875968992248069
2023-07-21,5170,5190,5110,5190,56777,0.0019305019305020377
2023-07-24,5190,5190,5110,5180,36845,-0.0019267822736031004
2023-07-25,5160,5200,5140,5180,23609,0.0
2023-07-26,5130,5190,5110,5190,44278,0.0019305019305020377
2023-07-27,5190,5190,4990,5100,45681,-0.017341040462427793
2023-07-28,5100,5130,5020,5080,22624,-0.0039215686274509665
2023-07-31,5100,5100,5040,5080,20935,0.0
2023-08-01,5080,5130,5050,5100,20509,0.003937007874015741
2023-08-02,5130,5130,5030,5100,21420,0.0
2023-08-03,5120,5120,5050,5090,14918,-0.0019607843137254832
2023-08-04,5100,5100,5050,5090,17370,0.0
2023-08-07,5100,5100,5030,5090,29620,0.0
2023-08-08,5150,5150,5030,5070,16997,-0.003929273084479323
2023-08-09,5130,5130,4955,5010,139294,-0.011834319526627168
2023-08-10,5050,5050,4920,5000,57783,-0.001996007984031989
2023-08-11,4945,4975,4900,4950,56806,-0.010000000000000009
2023-08-14,4975,4975,4885,4950,34494,0.0
2023-08-16,4990,5050,4885,5000,51586,0.010101010101010166
2023-08-17,5020,5020,4905,4995,35010,-0.0010000000000000009
2023-08-18,5010,5010,4910,4985,15107,-0.002002002002001957
2023-08-21,5050,5050,4920,4955,9488,-0.006018054162487463
2023-08-22,5000,5000,4930,4950,16125,-0.0010090817356205317
2023-08-23,4950,4975,4900,4950,20787,0.0
2023-08-24,4985,4985,4900,4950,46409,0.0
2023-08-25,4950,4950,4900,4945,16791,-0.0010101010101010166
2023-08-28,4940,5040,4935,5040,28908,0.01921132457027297
2023-08-29,5050,5060,5000,5060,17777,0.003968253968253954
2023-08-30,5070,5090,5050,5090,18499,0.005928853754940677
2023-08-31,5090,5130,5080,5130,17691,0.007858546168958647
2023-09-01,5140,5140,5100,5120,12756,-0.0019493177387914784
2023-09-04,5130,5130,5060,5120,7873,0.0
2023-09-05,5150,5150,4990,5010,31850,-0.021484375
2023-09-06,5040,5070,4980,4995,39072,-0.0029940119760478723
2023-09-07,5020,5030,4985,5010,16590,0.0030030030030030463
2023-09-08,5050,5070,4990,5040,16372,0.0059880239520957446
2023-09-11,5040,5100,5030,5100,31261,0.011904761904761862
2023-09-12,5090,5100,5040,5090,24020,-0.0019607843137254832
2023-09-13,5090,5090,5020,5090,15089,0.0
2023-09-14,5040,5100,5010,5070,22799,-0.003929273084479323
2023-09-15,5070,5080,4950,4960,123190,-0.021696252465483234
2023-09-18,4955,4985,4920,4920,47290,-0.008064516129032251
2023-09-19,4975,5000,4920,4985,18568,0.013211382113821113
2023-09-20,5000,5010,4965,5000,17125,0.0030090270812437314
2023-09-21,5010,5020,4970,5000,23003,0.0
2023-09-22,5050,5050,4950,5000,9533,0.0
2023-09-25,5030,5040,4960,5000,8990,0.0
2023-09-26,5040,5040,4970,5000,9721,0.0
2023-09-27,5000,5100,4975,5000,65607,0.0
2023-10-04,5020,5020,4980,5000,22236,0.0
2023-10-05,5010,5050,4980,5020,18231,0.0040000000000000036
2023-10-06,5020,5070,4980,5050,11271,0.005976095617529875
2023-10-10,5070,5070,4995,5050,15140,0.0
2023-10-11,5070,5080,5000,5050,26150,0.0
2023-10-12,5060,5070,5000,5040,15802,-0.001980198019801982
2023-10-13,5050,5070,4995,5040,15827,0.0
2023-10-16,5070,5070,4965,4995,32207,-0.008928571428571397
2023-10-17,4995,5000,4985,4995,17889,0.0
2023-10-18,5070,5070,4990,5030,13162,0.00700700700700696
2023-10-19,5030,5030,4985,5000,20113,-0.005964214711729587
2023-10-20,5000,5020,4970,4975,28172,-0.0050000000000000044
2023-10-23,5010,5010,4895,4910,51950,-0.013065326633165841
2023-10-24,4965,4965,4900,4905,15580,-0.0010183299389001643
2023-10-25,4950,4970,4920,4920,13836,0.003058103975535076
2023-10-26,4920,4955,4895,4900,20466,-0.004065040650406471
2023-10-27,5000,5000,4905,4910,17225,0.0020408163265306367
2023-10-30,4910,4935,4900,4930,9738,0.004073319755600879
2023-10-31,4995,4995,4910,4925,15585,-0.0010141987829614951
2023-11-01,4925,4945,4900,4930,26177,0.0010152284263960087
2023-11-02,4930,5000,4905,4910,41440,-0.0040567951318458695
2023-11-03,4960,4960,4910,4910,25942,0.0
2023-11-06,4915,5010,4900,4905,79143,-0.0010183299389001643
2023-11-07,4945,4950,4895,4910,24018,0.0010193679918450993
2023-11-08,4935,4935,4895,4895,14186,-0.003054989816700604
2023-11-09,4955,4960,4895,4960,45506,0.013278855975485282
2023-11-10,4975,4990,4955,4990,13680,0.006048387096774244
2023-11-13,4995,5010,4985,5010,11879,0.004008016032064132
2023-11-14,4985,5020,4960,4985,22373,-0.004990019960079861
2023-11-15,4985,5060,4985,5010,33473,0.005015045135406293
2023-11-16,5010,5020,4990,5020,14979,0.001996007984031989
2023-11-17,5020,5060,4990,5060,31700,0.007968127490039834
2023-11-20,5060,5080,5000,5070,29707,0.0019762845849802257
2023-11-21,5000,5100,5000,5070,29127,0.0
2023-11-22,5050,5080,5020,5080,11168,0.0019723865877712132
2023-11-23,5080,5100,5050,5090,15989,0.0019685039370078705
2023-11-24,5100,5110,5030,5100,22889,0.0019646365422396617
2023-11-27,5100,5100,5020,5090,27956,-0.0019607843137254832
2023-11-28,5090,5090,5030,5070,15972,-0.003929273084479323
2023-11-29,5090,5090,5050,5080,14422,0.0019723865877712132
2023-11-30,5080,5080,5030,5050,9739,-0.0059055118110236116
2023-12-01,5050,5080,5030,5070,15081,0.003960396039603964
2023-12-04,5100,5100,5040,5090,17888,0.0039447731755424265
2023-12-05,5090,5100,5060,5080,21228,-0.0019646365422396617
2023-12-06,5080,5090,5050,5060,29894,-0.003937007874015741
2023-12-07,5100,5100,5000,5080,41319,0.0039525691699604515
2023-12-08,5080,5090,5020,5060,32335,-0.003937007874015741
2023-12-11,5080,5080,5050,5080,20324,0.0039525691699604515
2023-12-12,5080,5080,5050,5050,24887,-0.0059055118110236116
2023-12-13,5070,5080,5040,5050,16455,0.0
2023-12-14,5070,5120,5050,5100,75554,0.00990099009900991
2023-12-15,5120,5120,5020,5040,81415,-0.0117647058823529
2023-12-18,5070,5080,4955,4980,83833,-0.011904761904761862
2023-12-19,5040,5040,4960,4990,66307,0.002008032128514081
2023-12-20,5030,5030,4895,4965,125569,-0.00501002004008011
2023-12-21,4965,5000,4935,5000,32497,0.007049345417925457
2023-12-22,4995,5000,4975,5000,21658,0.0
2023-12-26,5000,5010,4965,4995,98415,-0.0010000000000000009
2023-12-27,4825,4895,4825,4855,86050,-0.028028028028028062
2023-12-28,4875,4875,4810,4855,42678,0.0
2024-01-02,4855,4945,4840,4925,50314,0.014418125643666402
2024-01-03,4925,4935,4895,4930,43791,0.0010152284263960087
2024-01-04,4930,4945,4915,4935,38909,0.0010141987829614951
2024-01-05,4890,4940,4885,4900,38331,-0.007092198581560294
2024-01-08,4905,4910,4885,4900,33495,0.0
2024-01-09,4905,4910,4870,4900,34806,0.0
2024-01-10,4880,4890,4870,4890,25389,-0.0020408163265306367
2024-01-11,4890,4890,4855,4865,34535,-0.005112474437627856
2024-01-12,4860,4895,4835,4860,39745,-0.0010277492291880241
2024-01-15,4840,4935,4840,4865,20674,0.0010288065843622185
2024-01-16,4840,4895,4840,4880,23382,0.0030832476875641834
2024-01-17,4880,4880,4835,4840,27166,-0.008196721311475419
2024-01-18,4885,4885,4820,4835,22529,-0.0010330578512396382
2024-01-19,4820,4880,4820,4840,38269,0.0010341261633919352
2024-01-22,4820,4830,4800,4810,36862,-0.006198347107438051
2024-01-23,4810,4840,4780,4790,30357,-0.004158004158004158
2024-01-24,4845,4845,4795,4830,31274,0.008350730688935215
2024-01-25,4830,4830,4810,4820,16239,-0.0020703933747412417
2024-01-26,4805,4870,4805,4845,29700,0.005186721991701226
2024-01-29,4850,4880,4805,4850,40961,0.0010319917440659854
2024-01-30,4850,4880,4820,4880,47205,0.006185567010309256
2024-01-31,4870,4875,4800,4875,17747,-0.0010245901639344135
2024-02-01,4850,4880,4845,4875,39029,0.0
2024-02-02,4885,4940,4820,4905,58982,0.006153846153846176
2024-02-05,4930,4930,4855,4895,42674,-0.0020387359836900876
2024-02-06,4905,4910,4855,4885,37493,-0.002042900919305368
2024-02-07,4905,4910,4620,4865,54298,-0.004094165813715467
2024-02-08,4890,4895,4845,4850,37632,-0.0030832476875641834
2024-02-13,4895,4895,4845,4895,36348,0.009278350515463885
2024-02-14,4890,4890,4850,4875,17962,-0.0040858018386108474
2024-02-15,4900,4915,4855,4875,45580,0.0
2024-02-16,4900,4900,4850,4860,38989,-0.003076923076923088
2024-02-19,4860,4880,4830,4845,30719,-0.0030864197530864335
2024-02-20,4860,4860,4815,4850,47425,0.0010319917440659854
2024-02-21,4855,4855,4830,4835,15195,-0.003092783505154628
2024-02-22,4835,4850,4830,4840,15118,0.0010341261633919352
2024-02-23,4865,4870,4825,4840,35036,0.0
2024-02-26,4890,4900,4830,4860,23453,0.004132231404958775
2024-02-27,4865,4890,4830,4880,28161,0.004115226337448652
2024-02-28,4870,4890,4865,4885,32854,0.0010245901639345245
2024-02-29,4890,4925,4870,4920,32028,0.007164790174001956
2024-03-04,4920,4940,4890,4915,69918,-0.00101626016260159
2024-03-05,4915,4915,4885,4915,69629,0.0
2024-03-06,4900,5020,4900,4965,204344,0.010172939979654183
2024-03-07,4965,5090,4915,4955,156632,-0.002014098690835797
2024-03-08,4945,4960,4900,4910,73063,-0.00908173562058523
2024-03-11,4940,4970,4890,4905,81960,-0.0010183299389001643
2024-03-12,4940,4940,4885,4905,65556,0.0
2024-03-13,4935,4935,4880,4895,66013,-0.0020387359836900876
2024-03-14,4925,4925,4885,4920,91252,0.005107252298263587
2024-03-15,4920,4920,4885,4890,48466,-0.0060975609756097615
2024-03-18,4920,4920,4860,4865,43379,-0.005112474437627856
2024-03-19,4900,4900,4820,4845,69823,-0.004110996916752319
2024-03-20,4845,4895,4845,4895,39391,0.01031991744066052
2024-03-21,4905,4935,4880,4935,51901,0.008171603677221695
2024-03-22,4935,4935,4895,4925,79300,-0.0020263424518743856
2024-03-25,4925,4960,4900,4960,94571,0.007106598984771617
2024-03-26,4960,4975,4915,4950,100605,-0.0020161290322581182
2024-03-27,4970,4970,4890,4895,88574,-0.011111111111111072
2024-03-28,4895,4970,4895,4970,81184,0.01532175689479054
2024-03-29,4935,5020,4935,5000,103139,0.006036217303822866
2024-04-01,5010,5020,4950,4980,100484,-0.0040000000000000036
2024-04-02,5000,5000,4955,4965,58908,-0.003012048192771122
2024-04-03,4990,4990,4910,4950,126446,-0.0030211480362537513
2024-04-04,4950,4985,4920,4970,119304,0.004040404040404066
2024-04-05,4975,4975,4900,4905,112486,-0.013078470824949728
2024-04-08,4930,4940,4850,4870,88179,-0.007135575942915362
2024-04-09,4855,4890,4855,4860,81365,-0.002053388090349051
2024-04-11,4855,4910,4840,4860,37197,0.0
2024-04-12,4890,4890,4860,4885,68843,0.005144032921810648
2024-04-15,4895,4895,4845,4870,66045,-0.0030706243602866
2024-04-16,4890,4890,4800,4810,91132,-0.012320328542094416
2024-04-17,4810,4870,4800,4840,87426,0.006237006237006293
2024-04-18,4830,4830,4760,4780,137357,-0.012396694214875992
2024-04-19,4780,4795,4730,4780,91985,0.0
2024-04-22,4760,4785,4745,4785,87766,0.0010460251046024993
2024-04-23,4800,4800,4720,4755,111312,-0.006269592476489061
2024-04-24,4780,4780,4700,4740,104067,-0.003154574132492094
2024-04-25,4760,4760,4680,4740,93545,0.0
2024-04-26,4740,4745,4675,4695,115306,-0.009493670886076
2024-04-29,4700,4700,4635,4670,97899,-0.005324813631522929
2024-04-30,4695,4695,4615,4615,102874,-0.011777301927194839
2024-05-02,4615,4680,4575,4680,149346,0.014084507042253502
2024-05-03,4690,4690,4605,4625,113034,-0.01175213675213671
2024-05-07,4650,4750,4650,4700,222068,0.016216216216216273
2024-05-08,4690,4745,4680,4715,199184,0.0031914893617022155
2024-05-09,4715,4735,4700,4720,134029,0.0010604453870626251
2024-05-10,4735,4755,4715,4755,215423,0.00741525423728806
2024-05-13,4780,4805,4755,4800,161235,0.009463722397476282
2024-05-14,4790,4820,4765,4805,141167,0.0010416666666666075
2024-05-16,4825,4830,4770,4785,116276,-0.004162330905306932
2024-05-17,4785,4790,4755,4775,101525,-0.002089864158829724
2024-05-20,4775,4815,4770,4785,124536,0.0020942408376962707
2024-05-21,4790,4805,4770,4805,105841,0.004179728317659448
2024-05-22,4805,4805,4750,4770,108911,-0.007284079084287187
2024-05-23,4770,4770,4725,4730,138365,-0.008385744234800874
2024-05-24,4775,4775,4710,4730,90575,0.0
2024-05-27,4760,4760,4715,4735,100837,0.0010570824524311906
2024-05-28,4750,4750,4725,4735,81915,0.0
2024-05-29,4735,4740,4730,4740,81840,0.001055966209081216
2024-05-30,4785,4785,4730,4750,111064,0.0021097046413502962
2024-05-31,4775,4815,4735,4815,71707,0.013684210526315743
2024-06-03,4800,4860,4795,4860,94930,0.009345794392523255
2024-06-04,4860,4865,4830,4860,17804,0.0
2024-06-05,4855,4875,4850,4865,25983,0.0010288065843622185
2024-06-07,4850,4880,4845,4865,31602,0.0
2024-06-10,4870,4870,4835,4870,33281,0.0010277492291881352
2024-06-11,4870,4880,4840,4875,38300,0.0010266940451746365
2024-06-12,4875,4875,4830,4860,112269,-0.003076923076923088
2024-06-13,4860,4870,4810,4850,87677,-0.002057613168724326
2024-06-14,4860,4860,4815,4850,57334,0.0
2024-06-17,4850,4855,4810,4840,53736,-0.0020618556701030855
2024-06-18,4840,4840,4810,4840,64773,0.0
2024-06-19,4835,4850,4805,4825,74190,-0.0030991735537190257
2024-06-20,4870,4870,4810,4815,58357,-0.002072538860103612
2024-06-21,4815,4835,4810,4835,25274,0.004153686396677125
2024-06-24,4840,4850,4830,4845,57213,0.0020682523267838704
2024-06-25,4850,4855,4835,4855,83263,0.002063983488132193
2024-06-26,4855,4900,4840,4850,180771,-0.001029866117404743
2024-06-27,4720,4765,4715,4750,98073,-0.020618556701030966
2024-06-28,4750,4780,4720,4760,50443,0.002105263157894832
2024-07-01,4810,4810,4725,4760,68644,0.0
2024-07-02,4760,4760,4715,4730,61704,-0.006302521008403339
2024-07-03,4730,4750,4715,4735,46284,0.0010570824524311906
2024-07-04,4735,4800,4725,4800,48471,0.01372756071805692
2024-07-05,4800,4840,4765,4830,56956,0.006250000000000089
2024-07-08,4835,4890,4835,4885,68378,0.011387163561076497
2024-07-09,4885,4915,4875,4895,112657,0.0020470829068577334
2024-07-10,4870,4940,4870,4925,81511,0.006128702757916216
2024-07-11,4925,4940,4890,4920,72536,-0.0010152284263958977
2024-07-12,4920,4935,4885,4935,66091,0.0030487804878047697
2024-07-15,4950,5030,4935,5000,113432,0.01317122593718345
2024-07-16,5030,5060,5000,5020,138017,0.0040000000000000036
2024-07-17,5060,5130,5040,5110,112079,0.017928286852589626
2024-07-18,5110,5140,5060,5140,63084,0.005870841487279899
2024-07-19,5150,5160,5110,5150,57181,0.0019455252918287869
2024-07-22,5150,5180,5140,5150,60625,0.0
2024-07-23,5190,5200,5150,5180,62801,0.005825242718446644
2024-07-24,5220,5290,5190,5290,81894,0.021235521235521304
2024-07-25,5280,5290,5230,5230,39984,-0.011342155009451793
2024-07-26,5230,5280,5210,5260,37818,0.005736137667303964
2024-07-29,5260,5320,5250,5310,31212,0.009505703422053147
2024-07-30,5330,5350,5300,5350,62980,0.007532956685499137
2024-07-31,5350,5420,5340,5370,104819,0.0037383177570093906
2024-08-01,5420,5420,5270,5320,61010,-0.009310986964618295
2024-08-02,5260,5360,5260,5270,59691,-0.009398496240601517
2024-08-05,5260,5260,5040,5100,177608,-0.032258064516129004
2024-08-06,5100,5290,5100,5260,33010,0.031372549019607954
2024-08-07,5260,5400,5260,5370,66239,0.02091254752851701
2024-08-08,5370,5370,5210,5220,87798,-0.027932960893854775
2024-08-09,5220,5360,5220,5240,77221,0.003831417624521105
2024-08-12,5240,5270,5200,5250,61880,0.001908396946564972
2024-08-13,5250,5270,5220,5250,46526,0.0
2024-08-14,5250,5330,5230,5290,79327,0.007619047619047636
2024-08-16,5300,5340,5260,5330,85052,0.007561436672967936
2024-08-19,5350,5350,5300,5320,51216,-0.0018761726078799779
2024-08-20,5380,5380,5300,5360,38294,0.007518796992481258
2024-08-21,5370,5370,5260,5290,48468,-0.013059701492537323
2024-08-22,5280,5340,5270,5310,44293,0.003780718336483968
2024-08-23,5310,5340,5270,5340,64895,0.005649717514124353
2024-08-26,5340,5360,5290,5350,51349,0.001872659176029856
2024-08-27,5370,5380,5340,5380,48699,0.005607476635514086
2024-08-28,5380,5380,5330,5340,36888,-0.0074349442379182396
2024-08-29,5350,5370,5310,5360,33228,0.0037453183520599342
2024-08-30,5360,5390,5350,5380,59468,0.003731343283582156
