Date,Open,High,Low,Close,Volume,Change
2022-01-03,3860,3905,3835,3880,23482,-0.0038510911424903815
2022-01-04,3835,3890,3835,3870,24502,-0.002577319587628857
2022-01-05,3865,3865,3810,3825,40764,-0.011627906976744207
2022-01-06,3820,3830,3800,3810,49740,-0.0039215686274509665
2022-01-07,3795,3885,3795,3845,45462,0.009186351706036655
2022-01-10,3805,3840,3750,3805,56557,-0.01040312093628093
2022-01-11,3805,3805,3755,3795,31840,-0.0026281208935611255
2022-01-12,3795,3795,3760,3785,27152,-0.0026350461133070047
2022-01-13,3785,3820,3765,3775,19443,-0.0026420079260237594
2022-01-14,3795,3795,3675,3765,110143,-0.0026490066225165476
2022-01-17,3765,3765,3685,3730,66860,-0.009296148738379806
2022-01-18,3705,3765,3655,3690,55783,-0.01072386058981234
2022-01-19,3630,3685,3615,3615,68421,-0.020325203252032575
2022-01-20,3585,3650,3585,3630,60876,0.004149377593360981
2022-01-21,3630,3675,3615,3670,42890,0.011019283746556363
2022-01-24,3670,3670,3605,3625,39309,-0.012261580381471404
2022-01-25,3605,3705,3495,3530,109333,-0.026206896551724146
2022-01-26,3490,3565,3475,3495,44400,-0.009915014164305958
2022-01-27,3475,3520,3375,3390,69304,-0.030042918454935674
2022-01-28,3380,3540,3315,3540,48131,0.04424778761061954
2022-02-03,3590,3600,3510,3570,63941,0.008474576271186418
2022-02-04,3520,3670,3505,3660,56193,0.025210084033613356
2022-02-07,3625,3680,3600,3680,26408,0.005464480874316946
2022-02-08,3675,3725,3630,3685,40952,0.0013586956521738358
2022-02-09,3670,3700,3600,3700,48224,0.004070556309362372
2022-02-10,3705,3725,3655,3715,34190,0.004054054054054124
2022-02-11,3650,3725,3615,3715,83530,0.0
2022-02-14,3690,3690,3600,3630,54054,-0.02288021534320328
2022-02-15,3630,3650,3565,3590,41934,-0.011019283746556474
2022-02-16,3635,3650,3570,3615,62443,0.0069637883008355494
2022-02-17,3615,3635,3575,3605,48762,-0.0027662517289073207
2022-02-18,3600,3630,3565,3610,30143,0.001386962552011095
2022-02-21,3605,3640,3540,3640,22369,0.008310249307479145
2022-02-22,3630,3655,3515,3590,83258,-0.013736263736263687
2022-02-23,3560,3610,3560,3595,48652,0.0013927576601671099
2022-02-24,3590,3595,3450,3550,59552,-0.012517385257301838
2022-02-25,3550,3570,3520,3560,25912,0.0028169014084507005
2022-02-28,3555,3580,3525,3580,72279,0.00561797752808979
2022-03-02,3580,3620,3545,3620,19868,0.011173184357541999
2022-03-03,3640,3650,3585,3650,218626,0.008287292817679592
2022-03-04,3645,3645,3585,3610,68136,-0.010958904109588996
2022-03-07,3610,3625,3545,3590,36440,-0.005540166204986097
2022-03-08,3570,3580,3525,3555,29867,-0.00974930362116988
2022-03-10,3565,3625,3565,3605,31573,0.014064697609001309
2022-03-11,3600,3630,3595,3620,17577,0.004160887656033285
2022-03-14,3600,3650,3585,3600,28079,-0.0055248618784530246
2022-03-15,3560,3615,3560,3595,28946,-0.001388888888888884
2022-03-16,3590,3655,3590,3635,30575,0.011126564673157091
2022-03-17,3665,3680,3635,3680,89832,0.012379642365887289
2022-03-18,3680,3740,3655,3700,257762,0.005434782608695565
2022-03-21,3710,3900,3700,3780,164677,0.021621621621621623
2022-03-22,3750,3825,3725,3760,40662,-0.005291005291005346
2022-03-23,3760,3785,3730,3750,64592,-0.0026595744680850686
2022-03-24,3750,3765,3715,3725,43833,-0.00666666666666671
2022-03-25,3720,3765,3720,3750,27194,0.006711409395973256
2022-03-28,3785,3785,3730,3730,61163,-0.005333333333333301
2022-03-29,3725,3775,3705,3770,38294,0.01072386058981234
2022-03-30,3770,3800,3760,3790,58932,0.0053050397877985045
2022-03-31,3775,3835,3770,3805,47445,0.003957783641160839
2022-04-01,3785,3850,3785,3840,79106,0.009198423127463773
2022-04-04,3850,3885,3820,3860,65245,0.005208333333333259
2022-04-05,3835,3880,3835,3870,38295,0.002590673575129543
2022-04-06,3845,3885,3835,3855,32203,-0.003875968992248069
2022-04-07,3855,3900,3770,3800,65675,-0.014267185473411104
2022-04-08,3835,3835,3675,3780,41809,-0.0052631578947368585
2022-04-11,3750,3845,3750,3790,31303,0.002645502645502562
2022-04-12,3730,3815,3730,3800,31238,0.0026385224274405594
2022-04-13,3800,3895,3795,3865,65085,0.017105263157894735
2022-04-14,3865,3885,3825,3850,42872,-0.0038809831824062613
2022-04-15,3845,3890,3785,3850,35391,0.0
2022-04-18,3810,3900,3810,3865,35748,0.003896103896103842
2022-04-19,3865,3950,3865,3950,96512,0.02199223803363526
2022-04-20,3950,4055,3940,4040,98218,0.022784810126582178
2022-04-21,4060,4070,4000,4035,73109,-0.0012376237623762387
2022-04-22,4010,4010,3955,4005,45041,-0.0074349442379182396
2022-04-25,3990,4020,3940,3975,60967,-0.0074906367041198685
2022-04-26,3945,4045,3945,4035,38600,0.015094339622641506
2022-04-27,4015,4015,3945,3990,55280,-0.01115241635687736
2022-04-28,3940,3990,3920,3970,35815,-0.005012531328320802
2022-04-29,4000,4110,3975,4040,104549,0.017632241813602123
2022-05-02,4010,4080,3985,4040,56044,0.0
2022-05-03,4040,4065,4010,4050,34641,0.0024752475247524774
2022-05-04,4055,4055,3945,4000,63234,-0.012345679012345734
2022-05-06,4000,4000,3890,3980,20167,-0.0050000000000000044
2022-05-09,3980,3980,3835,3855,42395,-0.031407035175879394
2022-05-10,3780,3845,3660,3715,95275,-0.036316472114137466
2022-05-11,3720,3720,3650,3680,79936,-0.009421265141319024
2022-05-12,3680,3680,3460,3520,150162,-0.04347826086956519
2022-05-13,3490,3600,3490,3550,72917,0.008522727272727293
2022-05-16,3540,3600,3510,3575,32159,0.007042253521126751
2022-05-17,3560,3575,3515,3560,52383,-0.004195804195804231
2022-05-18,3550,3585,3505,3520,52747,-0.011235955056179803
2022-05-19,3435,3515,3430,3465,65964,-0.015625
2022-05-20,3450,3545,3450,3475,19323,0.0028860028860029363
2022-05-23,3475,3510,3415,3470,27206,-0.0014388489208633226
2022-05-24,3450,3470,3405,3420,32555,-0.014409221902017322
2022-05-25,3415,3490,3410,3480,16418,0.01754385964912286
2022-05-26,3455,3515,3455,3460,15145,-0.005747126436781658
2022-05-27,3470,3525,3465,3490,11554,0.00867052023121384
2022-05-30,3535,3535,3490,3530,18702,0.011461318051575908
2022-05-31,3550,3580,3515,3575,10345,0.012747875354107707
2022-06-02,3575,3575,3535,3560,10611,-0.004195804195804231
2022-06-03,3550,3595,3510,3550,13172,-0.002808988764044895
2022-06-07,3585,3590,3475,3525,26549,-0.007042253521126751
2022-06-08,3525,3540,3495,3530,13612,0.0014184397163119478
2022-06-09,3490,3530,3485,3530,24098,0.0
2022-06-10,3480,3515,3445,3455,31165,-0.021246458923512734
2022-06-13,3485,3485,3340,3345,65822,-0.03183791606367581
2022-06-14,3230,3345,3205,3240,91726,-0.03139013452914796
2022-06-15,3225,3280,3145,3175,51696,-0.020061728395061706
2022-06-16,3210,3240,3150,3165,32115,-0.0031496062992125706
2022-06-17,3040,3110,3015,3030,121126,-0.042654028436018954
2022-06-20,3030,3060,2845,2940,130424,-0.02970297029702973
2022-06-21,2880,3005,2880,2950,78927,0.00340136054421758
2022-06-22,2955,3010,2825,2825,58443,-0.0423728813559322
2022-06-23,2825,2900,2680,2695,110184,-0.046017699115044275
2022-06-24,2640,2780,2640,2705,293340,0.0037105751391466324
2022-06-27,2710,2880,2685,2870,97314,0.060998151571164616
2022-06-28,2875,2960,2830,2900,30624,0.010452961672473782
2022-06-29,2875,2875,2800,2855,28996,-0.01551724137931032
2022-06-30,2830,2850,2790,2815,21344,-0.014010507880910628
2022-07-01,2810,2850,2770,2810,39558,-0.001776198934280604
2022-07-04,2875,2875,2725,2795,44609,-0.005338078291814985
2022-07-05,2825,2880,2735,2845,50817,0.017889087656529412
2022-07-06,2845,2880,2800,2870,22866,0.008787346221441172
2022-07-07,2870,2900,2840,2895,17251,0.008710801393728262
2022-07-08,2930,2935,2870,2920,25938,0.008635578583765069
2022-07-11,2940,2940,2865,2910,13407,-0.003424657534246589
2022-07-12,2905,2920,2865,2905,41952,-0.0017182130584192379
2022-07-13,2880,2960,2870,2915,45005,0.0034423407917383297
2022-07-14,2885,2920,2885,2905,7940,-0.0034305317324184736
2022-07-15,2955,2955,2855,2880,16875,-0.008605851979345935
2022-07-18,2900,2950,2860,2895,26152,0.005208333333333259
2022-07-19,2895,2920,2870,2900,10608,0.0017271157167531026
2022-07-20,2900,2940,2875,2905,42698,0.0017241379310344307
2022-07-21,2895,3275,2890,3100,435845,0.06712564543889843
2022-07-22,3100,3110,3015,3070,38440,-0.009677419354838679
2022-07-25,3045,3045,2990,3000,22378,-0.0228013029315961
2022-07-26,2965,3020,2965,3000,46230,0.0
2022-07-27,3090,3150,2995,3095,134179,0.03166666666666673
2022-07-28,3095,3095,3045,3085,29623,-0.003231017770597755
2022-07-29,3085,3105,3040,3080,75246,-0.0016207455429497752
2022-08-01,3110,3180,3090,3115,158605,0.011363636363636465
2022-08-02,3150,3150,3030,3080,34854,-0.011235955056179803
2022-08-03,3070,3070,3010,3050,30729,-0.009740259740259716
2022-08-04,3045,3090,3025,3080,18648,0.009836065573770592
2022-08-05,3080,3100,3040,3080,23646,0.0
2022-08-08,3100,3100,3030,3035,28232,-0.01461038961038963
2022-08-09,3010,3100,3010,3080,22544,0.014827018121911006
2022-08-10,3090,3095,3015,3030,14989,-0.016233766233766267
2022-08-11,3025,3085,3020,3080,21461,0.01650165016501659
2022-08-12,3080,3080,3030,3070,15691,-0.0032467532467532756
2022-08-16,3040,3145,3030,3110,56864,0.013029315960912058
2022-08-17,3100,3100,3025,3055,29136,-0.01768488745980712
2022-08-18,3050,3400,3005,3095,734886,0.013093289689034338
2022-08-19,3095,3095,3030,3085,67097,-0.003231017770597755
2022-08-22,3030,3240,3005,3085,114640,0.0
2022-08-23,3010,3050,2985,3015,46080,-0.02269043760129663
2022-08-24,3000,3050,2985,3015,36093,0.0
2022-08-25,3030,3060,3020,3020,23977,0.0016583747927032544
2022-08-26,3055,3055,3010,3020,32190,0.0
2022-08-29,2980,3050,2925,3010,28048,-0.0033112582781457123
2022-08-30,3005,3045,2970,3005,36334,-0.0016611295681062677
2022-08-31,2995,3020,2970,3010,9836,0.0016638935108153063
2022-09-01,3010,3010,2935,2970,65050,-0.013289036544850474
2022-09-02,2975,2990,2935,2960,26149,-0.0033670033670033517
2022-09-05,2935,2970,2890,2890,33437,-0.023648648648648685
2022-09-06,2870,2950,2870,2910,19985,0.006920415224913601
2022-09-07,2910,2970,2825,2835,56549,-0.02577319587628868
2022-09-08,2835,2880,2830,2840,6286,0.0017636684303350414
2022-09-13,2860,2900,2850,2870,34141,0.010563380281690238
2022-09-14,2840,2900,2790,2870,26238,0.0
2022-09-15,2900,2910,2835,2880,8799,0.0034843205574912606
2022-09-16,2895,2895,2835,2875,29477,-0.0017361111111111605
2022-09-19,2845,2885,2700,2830,45853,-0.01565217391304352
2022-09-20,2860,2890,2790,2870,29524,0.014134275618374659
2022-09-21,2825,2900,2820,2885,12607,0.005226480836237002
2022-09-22,2900,2900,2770,2785,36745,-0.03466204506065862
2022-09-23,2780,2785,2715,2745,23833,-0.014362657091561926
2022-09-26,2670,2760,2525,2530,70287,-0.07832422586520948
2022-09-27,2530,2715,2495,2510,62030,-0.007905138339920903
2022-09-28,2475,2535,2365,2415,86929,-0.03784860557768921
2022-09-29,2415,2480,2410,2420,65939,0.0020703933747412417
2022-09-30,2370,2405,2340,2365,73898,-0.022727272727272707
2022-10-04,2365,2395,2365,2385,17974,0.008456659619450413
2022-10-05,2385,2405,2350,2355,33302,-0.012578616352201255
2022-10-06,2340,2380,2340,2375,34584,0.00849256900212314
2022-10-07,2370,2390,2360,2380,30900,0.002105263157894832
2022-10-11,2375,2410,2270,2270,64420,-0.04621848739495793
2022-10-12,2270,2345,2245,2260,42224,-0.004405286343612369
2022-10-13,2260,2285,2135,2165,93266,-0.042035398230088505
2022-10-14,2180,2215,2180,2210,56923,0.020785219399538146
2022-10-17,2150,2220,2150,2220,38476,0.004524886877828038
2022-10-18,2225,2265,2210,2220,57135,0.0
2022-10-19,2220,2250,2210,2230,54780,0.0045045045045044585
2022-10-20,2230,2240,2210,2235,20387,0.0022421524663676085
2022-10-21,2235,2245,2205,2215,26977,-0.008948545861297563
2022-10-24,2245,2255,2220,2240,41399,0.011286681715575675
2022-10-25,2240,2250,2200,2235,23448,-0.0022321428571429047
2022-10-26,2235,2240,2185,2235,23522,0.0
2022-10-27,2235,2255,2210,2240,52692,0.0022371364653244186
2022-10-28,2240,2260,2230,2250,38708,0.0044642857142858094
2022-10-31,2245,2295,2240,2295,25387,0.020000000000000018
2022-11-01,2400,2415,2335,2380,198598,0.03703703703703698
2022-11-02,2380,2450,2350,2440,49740,0.025210084033613356
2022-11-03,2415,2530,2375,2520,40182,0.032786885245901676
2022-11-04,2510,2560,2345,2550,45491,0.011904761904761862
2022-11-07,2565,2610,2505,2540,26200,-0.0039215686274509665
2022-11-08,2515,2595,2495,2550,80741,0.003937007874015741
2022-11-09,2550,2700,2520,2570,111297,0.007843137254901933
2022-11-10,2570,2620,2530,2575,29677,0.0019455252918287869
2022-11-11,2625,2630,2575,2620,57129,0.01747572815533971
2022-11-14,2640,2640,2520,2600,20755,-0.007633587786259555
2022-11-15,2620,2635,2580,2635,15747,0.013461538461538414
2022-11-16,2635,2655,2590,2655,37192,0.007590132827324458
2022-11-17,2655,2665,2615,2660,25450,0.0018832391713747842
2022-11-18,2660,2670,2630,2665,8065,0.001879699248120259
2022-11-21,2675,2750,2620,2735,63010,0.026266416510319024
2022-11-22,2700,2735,2635,2675,20185,-0.021937842778793404
2022-11-23,2675,2730,2650,2695,17204,0.007476635514018781
2022-11-24,2700,2735,2680,2700,15123,0.0018552875695732052
2022-11-25,2730,2770,2680,2745,32231,0.016666666666666607
2022-11-28,2745,2770,2700,2750,39398,0.0018214936247722413
2022-11-29,2740,2775,2685,2755,10352,0.0018181818181817189
2022-11-30,2755,2775,2745,2750,7199,-0.001814882032667886
2022-12-01,2830,2830,2720,2740,20131,-0.0036363636363636598
2022-12-02,2755,2755,2620,2685,21989,-0.02007299270072993
2022-12-05,2685,2685,2640,2665,25577,-0.007448789571694592
2022-12-06,2665,2665,2610,2655,14431,-0.0037523452157598447
2022-12-07,2645,2695,2600,2660,25552,0.0018832391713747842
2022-12-08,2690,2690,2600,2640,18408,-0.007518796992481258
2022-12-09,2680,2720,2640,2705,27450,0.024621212121212155
2022-12-12,2705,2745,2680,2745,18782,0.014787430683918634
2022-12-13,2785,2785,2680,2695,7000,-0.01821493624772308
2022-12-14,2695,2720,2660,2690,24331,-0.0018552875695733162
2022-12-15,2690,2720,2630,2705,9419,0.005576208178438735
2022-12-16,2690,2690,2635,2680,11746,-0.009242144177449174
2022-12-19,2630,2680,2630,2675,6753,-0.001865671641791078
2022-12-20,2650,2715,2580,2625,28247,-0.01869158878504673
2022-12-21,2590,2645,2575,2640,67185,0.005714285714285783
2022-12-22,2655,2660,2595,2640,20461,0.0
2022-12-23,2600,2625,2555,2605,130386,-0.013257575757575801
2022-12-26,2605,2660,2590,2605,43287,0.0
2022-12-27,2605,2605,2565,2570,15088,-0.013435700575815779
2022-12-28,2610,2610,2525,2565,22168,-0.0019455252918287869
2022-12-29,2580,2615,2530,2615,12438,0.01949317738791434
2023-01-02,2615,2635,2555,2610,23271,-0.0019120458891013214
2023-01-03,2550,2625,2545,2575,18907,-0.013409961685823757
2023-01-04,2575,2600,2525,2595,28756,0.007766990291262044
2023-01-05,2600,2600,2555,2575,20225,-0.0077071290944122905
2023-01-06,2640,2745,2550,2560,100629,-0.005825242718446644
2023-01-09,2590,2600,2550,2595,70295,0.013671875
2023-01-10,2630,2630,2575,2610,35846,0.005780346820809301
2023-01-11,2630,2680,2610,2665,31385,0.021072796934865856
2023-01-12,2675,2710,2635,2705,35704,0.015009380863039379
2023-01-13,2705,2720,2690,2705,20657,0.0
2023-01-16,2730,2745,2690,2730,35539,0.009242144177449063
2023-01-17,2735,2735,2705,2710,10737,-0.0073260073260073
2023-01-18,2710,2755,2700,2745,24623,0.012915129151291449
2023-01-19,2760,2760,2710,2745,16841,0.0
2023-01-20,2745,2760,2715,2745,6329,0.0
2023-01-25,2745,2760,2730,2755,35963,0.0036429872495447047
2023-01-26,2755,2765,2745,2765,10270,0.003629764065335772
2023-01-27,2795,2795,2745,2795,28288,0.010849909584086825
2023-01-30,2795,2805,2745,2765,12226,-0.01073345259391767
2023-01-31,2785,2795,2755,2790,13920,0.009041591320072317
2023-02-01,2790,3625,2785,3000,9853644,0.07526881720430101
2023-02-02,3100,3160,2970,3015,1442662,0.004999999999999893
2023-02-03,3005,3085,2990,2995,431540,-0.0066334991708125735
2023-02-06,2990,3010,2915,2970,257831,-0.008347245409014992
2023-02-07,2960,3090,2940,3045,460469,0.025252525252525304
2023-02-08,3080,3085,3020,3055,229637,0.003284072249589487
2023-02-09,3065,3425,2985,3110,3611186,0.018003273322422242
2023-02-10,3115,3120,2990,3035,256008,-0.024115755627009627
2023-02-13,3080,3330,3010,3100,2132158,0.021416803953871577
2023-02-14,3105,3165,3065,3105,243649,0.001612903225806539
2023-02-15,3160,3160,3050,3050,180391,-0.017713365539452464
2023-02-16,3055,3110,3050,3075,63259,0.008196721311475308
2023-02-17,3050,3095,2990,3010,86955,-0.021138211382113803
2023-02-20,3010,3050,2950,3005,102531,-0.0016611295681062677
2023-02-21,3020,3035,2975,3030,67377,0.008319467554076532
2023-02-22,3000,3020,2970,2990,41347,-0.01320132013201325
2023-02-23,3020,3060,2860,3035,114009,0.015050167224080369
2023-02-24,3035,3035,2915,2925,104514,-0.036243822075782584
2023-02-27,2925,2960,2825,2850,70022,-0.02564102564102566
2023-02-28,2870,2870,2800,2850,60383,0.0
2023-03-02,2850,2885,2805,2825,32244,-0.00877192982456143
2023-03-03,2820,2880,2810,2820,40443,-0.001769911504424737
2023-03-06,2825,2895,2785,2895,53367,0.02659574468085113
2023-03-07,2920,2950,2865,2935,42421,0.013816925734024155
2023-03-08,2930,2955,2890,2950,48200,0.005110732538330387
2023-03-09,2940,3075,2930,3070,149468,0.04067796610169494
2023-03-10,3055,3070,2860,3010,117293,-0.019543973941368087
2023-03-13,2980,3010,2830,2950,59703,-0.019933554817275767
2023-03-14,2920,2920,2740,2880,122198,-0.023728813559321993
2023-03-15,2860,2895,2795,2805,58573,-0.02604166666666663
2023-03-16,2805,2850,2680,2850,26359,0.016042780748663166
2023-03-17,2845,2845,2780,2835,68042,-0.0052631578947368585
2023-03-20,2820,2890,2785,2870,19000,0.012345679012345734
2023-03-21,2865,2870,2825,2860,22159,-0.0034843205574912606
2023-03-22,2860,2885,2770,2850,55875,-0.0034965034965035446
2023-03-23,2845,2845,2750,2820,54556,-0.010526315789473717
2023-03-24,2820,2820,2700,2725,141019,-0.03368794326241131
2023-03-27,2725,2745,2645,2645,70387,-0.029357798165137616
2023-03-28,2645,2650,2560,2580,162386,-0.02457466918714557
2023-03-29,2580,2615,2565,2600,68060,0.007751937984496138
2023-03-30,2600,2635,2570,2605,54696,0.0019230769230769162
2023-03-31,2605,2640,2590,2610,28966,0.0019193857965451588
2023-04-03,2640,2640,2590,2610,39392,0.0
2023-04-04,2590,2640,2555,2625,89936,0.005747126436781658
2023-04-05,2625,2625,2575,2620,39941,-0.0019047619047618536
2023-04-06,2620,2620,2550,2585,99534,-0.013358778625954248
2023-04-07,2640,2645,2570,2605,172177,0.007736943907156624
2023-04-10,2590,2590,2525,2530,80739,-0.028790786948176605
2023-04-11,2530,2550,2470,2515,74385,-0.005928853754940677
2023-04-12,2515,2520,2485,2485,73409,-0.011928429423459286
2023-04-13,2500,2550,2485,2545,50074,0.024144869215291687
2023-04-14,2530,2590,2530,2580,44970,0.013752455795677854
2023-04-17,2620,2620,2550,2590,48327,0.003875968992248069
2023-04-18,2600,2615,2540,2570,67479,-0.007722007722007707
2023-04-19,2580,2595,2560,2590,25418,0.0077821011673151474
2023-04-20,2585,2645,2545,2600,101265,0.0038610038610038533
2023-04-21,2600,2800,2595,2760,213975,0.06153846153846154
2023-04-24,2760,2805,2695,2805,78423,0.016304347826086918
2023-04-25,2775,2820,2715,2745,84512,-0.021390374331550777
2023-04-26,2745,2775,2650,2745,59757,0.0
2023-04-27,2785,2785,2680,2775,53644,0.010928961748633892
2023-04-28,2785,2800,2700,2735,42092,-0.014414414414414378
2023-05-02,2720,2790,2695,2790,36332,0.02010968921389389
2023-05-03,2790,2800,2725,2795,57240,0.0017921146953405742
2023-05-04,2750,2820,2735,2785,42546,-0.003577817531305927
2023-05-08,2775,2870,2760,2855,77008,0.025134649910233398
2023-05-09,2855,2875,2805,2845,44527,-0.003502626970227629
2023-05-10,2870,2870,2785,2840,41306,-0.0017574692442882123
2023-05-11,2835,2870,2780,2820,25139,-0.007042253521126751
2023-05-12,2820,2820,2725,2810,25854,-0.0035460992907800915
2023-05-15,2785,2830,2730,2750,46125,-0.02135231316725983
2023-05-16,2820,2820,2730,2770,35823,0.0072727272727273196
2023-05-17,2775,2805,2735,2795,35128,0.00902527075812265
2023-05-18,2800,2805,2755,2760,15910,-0.012522361359570633
2023-05-19,2775,2815,2760,2785,24859,0.009057971014492683
2023-05-22,2785,2845,2715,2820,48537,0.012567324955116588
2023-05-23,2810,2840,2780,2820,18448,0.0
2023-05-24,2825,2825,2740,2745,70454,-0.02659574468085102
2023-05-25,2765,2830,2740,2815,41646,0.02550091074681249
2023-05-26,2815,2845,2780,2810,20348,-0.001776198934280604
2023-05-30,2840,2840,2775,2825,17190,0.005338078291814874
2023-05-31,2845,2905,2800,2870,105027,0.015929203539823078
2023-06-01,2870,2960,2840,2955,103023,0.029616724738676048
2023-06-02,2950,2960,2895,2950,42092,-0.0016920473773265332
2023-06-05,2925,3025,2910,3020,73769,0.023728813559322104
2023-06-07,2990,3035,2970,3035,102268,0.004966887417218624
2023-06-08,3020,3040,3010,3040,32549,0.0016474464579900872
2023-06-09,3040,3045,2960,3025,28010,-0.004934210526315819
2023-06-12,2965,3065,2895,2895,99196,-0.04297520661157028
2023-06-13,2900,2900,2750,2815,76582,-0.02763385146804831
2023-06-14,2790,2825,2750,2810,40080,-0.001776198934280604
2023-06-15,2795,2845,2715,2715,56625,-0.03380782918149461
2023-06-16,2730,2775,2700,2760,33793,0.016574585635359185
2023-06-19,2760,2800,2715,2770,20698,0.0036231884057971175
2023-06-20,2770,2770,2720,2760,35250,-0.0036101083032491488
2023-06-21,2760,2900,2690,2715,876986,-0.016304347826086918
2023-06-22,2815,3125,2750,2770,2132393,0.0202578268876612
2023-06-23,2770,2775,2615,2690,187043,-0.028880866425992746
2023-06-26,2725,2750,2635,2670,142563,-0.0074349442379182396
2023-06-27,2670,2725,2655,2710,43257,0.014981273408239737
2023-06-28,2675,2695,2595,2660,123291,-0.01845018450184499
2023-06-29,2635,2655,2595,2615,49103,-0.016917293233082664
2023-06-30,2590,2610,2545,2590,54992,-0.009560229445506718
2023-07-03,2590,2650,2585,2640,59957,0.019305019305019266
2023-07-04,2640,2660,2620,2650,26767,0.0037878787878788955
2023-07-05,2650,2665,2610,2650,36761,0.0
2023-07-06,2650,2650,2565,2610,42272,-0.015094339622641506
2023-07-07,2605,2620,2560,2615,32766,0.0019157088122605526
2023-07-10,2615,2615,2505,2565,42120,-0.019120458891013437
2023-07-11,2540,2590,2500,2550,129383,-0.005847953216374324
2023-07-12,2550,2575,2490,2520,83145,-0.0117647058823529
2023-07-13,2545,2545,2495,2495,22995,-0.009920634920634885
2023-07-14,2530,2530,2475,2505,39658,0.004008016032064132
2023-07-17,2530,2530,2475,2505,58282,0.0
2023-07-18,2525,2680,2480,2560,130447,0.02195608782435121
2023-07-19,2550,2575,2495,2520,20342,-0.015625
2023-07-20,2480,2520,2480,2510,9686,-0.003968253968253954
2023-07-21,2490,2620,2485,2535,112615,0.009960159362549792
2023-07-24,2490,2520,2440,2495,50578,-0.015779092702169595
2023-07-25,2490,2490,2360,2395,78308,-0.04008016032064132
2023-07-26,2395,2400,2235,2390,115623,-0.0020876826722338038
2023-07-27,2340,2495,2250,2490,52990,0.04184100418410042
2023-07-28,2450,2475,2420,2455,26473,-0.014056224899598346
2023-07-31,2425,2575,2425,2565,35355,0.044806517311609007
2023-08-01,2545,2575,2490,2565,53465,0.0
2023-08-02,2545,2565,2505,2535,29536,-0.011695906432748537
2023-08-03,2520,2555,2485,2555,46664,0.007889546351084853
2023-08-04,2535,2565,2500,2540,48416,-0.005870841487279899
2023-08-07,2530,2575,2500,2570,34305,0.011811023622047223
2023-08-08,2560,2610,2520,2585,35052,0.005836575875486361
2023-08-09,2540,2580,2535,2560,20301,-0.009671179883945835
2023-08-10,2560,2645,2545,2645,43159,0.033203125
2023-08-11,2635,2660,2590,2650,60928,0.001890359168241984
2023-08-14,2640,2665,2565,2610,120241,-0.015094339622641506
2023-08-16,2525,2650,2500,2635,96195,0.009578544061302763
2023-08-17,2650,2650,2560,2590,41333,-0.017077798861480087
2023-08-18,2590,2610,2490,2505,34430,-0.032818532818532864
2023-08-21,2505,2545,2420,2505,20651,0.0
2023-08-22,2505,2535,2455,2500,21163,-0.001996007984031989
2023-08-23,2495,2530,2440,2470,41286,-0.01200000000000001
2023-08-24,2470,2480,2420,2445,40872,-0.010121457489878583
2023-08-25,2445,2450,2370,2370,66465,-0.030674846625766916
2023-08-28,2370,2395,2315,2335,86554,-0.014767932489451518
2023-08-29,2335,2535,2265,2365,417101,0.012847965738758127
2023-08-30,2340,2390,2335,2365,60918,0.0
2023-08-31,2370,2415,2345,2345,43989,-0.008456659619450302
2023-09-01,2365,2365,2330,2330,18431,-0.006396588486140775
2023-09-04,2310,2350,2290,2315,24860,-0.006437768240343367
2023-09-05,2315,2440,2315,2350,65888,0.015118790496760237
2023-09-06,2370,2405,2355,2390,33628,0.017021276595744705
2023-09-07,2390,2400,2360,2380,23809,-0.004184100418409997
2023-09-08,2420,2450,2385,2405,69481,0.010504201680672232
2023-09-11,2365,2440,2365,2405,90325,0.0
2023-09-12,2405,2430,2390,2420,52319,0.006237006237006293
2023-09-13,2420,2425,2385,2400,20443,-0.008264462809917328
2023-09-14,2405,2465,2405,2440,37693,0.016666666666666607
2023-09-15,2440,2465,2425,2450,17321,0.004098360655737654
2023-09-18,2450,2500,2440,2500,16496,0.020408163265306145
2023-09-19,2495,2520,2450,2490,32945,-0.0040000000000000036
2023-09-20,2485,2485,2420,2465,26469,-0.010040160642570295
2023-09-21,2460,2460,2385,2415,25252,-0.020283975659229236
2023-09-22,2420,2420,2335,2355,23730,-0.024844720496894457
2023-09-25,2360,2360,2310,2330,24926,-0.010615711252653925
2023-09-26,2385,2385,2260,2375,52310,0.0193133047210301
2023-09-27,2290,2430,2290,2425,32378,0.021052631578947434
2023-10-04,2425,2425,2345,2415,28676,-0.004123711340206171
2023-10-05,2410,2430,2360,2410,20507,-0.0020703933747412417
2023-10-06,2405,2425,2375,2405,16666,-0.0020746887966804906
2023-10-10,2375,2425,2350,2410,37341,0.0020790020790020236
2023-10-11,2410,2420,2285,2410,37299,0.0
2023-10-12,2410,2490,2365,2455,59097,0.018672199170124415
2023-10-13,2450,2490,2410,2490,15675,0.014256619144602745
2023-10-16,2490,2540,2445,2530,47189,0.016064257028112428
2023-10-17,2505,2530,2450,2505,28417,-0.00988142292490124
2023-10-18,2485,2525,2425,2500,20204,-0.001996007984031989
2023-10-19,2475,2500,2400,2495,42712,-0.0020000000000000018
2023-10-20,2460,2495,2305,2385,158683,-0.044088176352705455
2023-10-23,2385,2435,2320,2410,31254,0.01048218029350112
2023-10-24,2375,2475,2365,2470,29193,0.024896265560165887
2023-10-25,2440,2495,2415,2485,29367,0.006072874493927127
2023-10-26,2485,2495,2435,2475,28388,-0.004024144869215318
2023-10-27,2500,2570,2470,2525,88252,0.02020202020202011
2023-10-30,2520,2520,2455,2490,28900,-0.013861386138613874
2023-10-31,2490,2520,2450,2520,33399,0.012048192771084265
2023-11-01,2500,2540,2475,2520,42023,0.0
2023-11-02,2530,2545,2425,2425,86525,-0.037698412698412676
2023-11-03,2430,2480,2425,2475,18630,0.020618556701030855
2023-11-06,2500,2500,2450,2480,25425,0.002020202020202033
2023-11-07,2505,2505,2405,2440,30220,-0.016129032258064502
2023-11-08,2470,2470,2375,2425,34226,-0.006147540983606592
2023-11-09,2425,2445,2350,2445,19901,0.008247422680412342
2023-11-10,2440,2440,2380,2420,15263,-0.010224948875255602
2023-11-13,2420,2420,2345,2405,21423,-0.006198347107438051
2023-11-14,2390,2435,2390,2430,9412,0.01039501039501034
2023-11-15,2480,2480,2405,2430,31236,0.0
2023-11-16,2405,2455,2395,2430,28663,0.0
2023-11-17,2435,2435,2360,2400,33778,-0.012345679012345734
2023-11-20,2400,2425,2400,2420,8607,0.008333333333333304
2023-11-21,2420,2535,2415,2480,59522,0.024793388429751984
2023-11-22,2480,2520,2475,2515,32673,0.014112903225806495
2023-11-23,2520,2730,2500,2640,259855,0.0497017892644136
2023-11-24,2615,2615,2560,2570,32181,-0.02651515151515149
2023-11-27,2570,2590,2465,2590,56237,0.0077821011673151474
2023-11-28,2550,2600,2535,2600,16846,0.0038610038610038533
2023-11-29,2580,2600,2550,2585,123638,-0.005769230769230749
2023-11-30,2585,2620,2550,2590,38818,0.0019342359767891004
2023-12-01,2610,2915,2570,2660,1434464,0.027027027027026973
2023-12-04,2680,2745,2600,2600,225949,-0.022556390977443663
2023-12-05,2625,2635,2550,2550,74097,-0.019230769230769273
2023-12-06,2550,2750,2525,2590,311726,0.015686274509803866
2023-12-07,2590,2600,2500,2580,32192,-0.0038610038610038533
2023-12-08,2580,2580,2520,2540,33570,-0.015503875968992276
2023-12-11,2555,2600,2535,2540,15287,0.0
2023-12-12,2505,2595,2500,2525,30612,-0.0059055118110236116
2023-12-13,2555,2960,2500,2650,1403055,0.04950495049504955
2023-12-14,2655,2790,2565,2595,460960,-0.02075471698113207
2023-12-15,2595,2620,2520,2580,102973,-0.005780346820809301
2023-12-18,2530,2670,2530,2600,82726,0.007751937984496138
2023-12-19,2625,2635,2570,2575,48905,-0.009615384615384581
2023-12-20,2600,2615,2550,2555,56518,-0.007766990291262155
2023-12-21,2550,2600,2535,2545,55736,-0.003913894324853229
2023-12-22,2570,2580,2505,2540,32155,-0.0019646365422396617
2023-12-26,2540,2560,2465,2485,94140,-0.021653543307086576
2023-12-27,2485,2485,2420,2420,51672,-0.026156941649899346
2023-12-28,2575,3045,2510,2590,3244470,0.07024793388429762
2024-01-02,2680,2770,2620,2720,525648,0.05019305019305009
2024-01-03,2720,3140,2670,2840,5425000,0.044117647058823595
2024-01-04,2855,3040,2745,2760,1714528,-0.028169014084507005
2024-01-05,2780,2875,2710,2780,365721,0.007246376811594235
2024-01-08,2795,2820,2735,2740,167815,-0.014388489208633115
2024-01-09,2740,2800,2735,2770,114673,0.010948905109489093
2024-01-10,2770,2805,2740,2785,147506,0.005415162454873723
2024-01-11,2815,2820,2750,2775,152462,-0.0035906642728904536
2024-01-12,2775,2775,2685,2750,162498,-0.009009009009009028
2024-01-15,2725,2790,2600,2720,176618,-0.010909090909090868
2024-01-16,2715,2715,2655,2680,90789,-0.014705882352941124
2024-01-17,2670,2680,2595,2595,101243,-0.03171641791044777
2024-01-18,2630,2775,2625,2675,233234,0.030828516377649384
2024-01-19,2675,2730,2620,2680,110003,0.0018691588785046953
2024-01-22,2705,2720,2620,2655,154254,-0.009328358208955279
2024-01-23,2670,2740,2620,2700,167204,0.016949152542372836
2024-01-24,2700,2725,2655,2660,129245,-0.014814814814814836
2024-01-25,2660,2675,2610,2650,45239,-0.003759398496240629
2024-01-26,2645,2690,2620,2645,40366,-0.0018867924528301883
2024-01-29,2660,2720,2600,2695,159706,0.018903591682419618
2024-01-30,2685,2710,2650,2655,58356,-0.014842300556586308
2024-01-31,2655,2685,2620,2625,68088,-0.011299435028248594
2024-02-01,2610,2715,2605,2695,86913,0.026666666666666616
2024-02-02,2690,2715,2665,2705,83942,0.0037105751391466324
2024-02-05,2715,2765,2680,2755,86128,0.01848428835489835
2024-02-06,2780,2815,2710,2715,143124,-0.014519056261342977
2024-02-07,2715,2735,2625,2655,82821,-0.02209944751381221
2024-02-08,2615,2850,2615,2780,265705,0.04708097928436916
2024-02-13,2780,2860,2700,2820,122972,0.014388489208633004
2024-02-14,2800,2870,2785,2865,72038,0.015957446808510634
2024-02-15,2935,2970,2830,2850,151493,-0.005235602094240788
2024-02-16,2875,2930,2850,2855,72679,0.0017543859649122862
2024-02-19,2895,2950,2855,2930,109271,0.02626970227670755
2024-02-20,2920,2930,2805,2895,79216,-0.011945392491467532
2024-02-21,2895,2920,2810,2855,79494,-0.013816925734024155
2024-02-22,2845,2845,2765,2790,76090,-0.02276707530647981
2024-02-23,2760,2835,2755,2835,35799,0.016129032258064502
2024-02-26,2835,2835,2760,2760,29633,-0.02645502645502651
2024-02-27,2760,2785,2700,2700,83485,-0.021739130434782594
2024-02-28,2700,2710,2650,2695,62464,-0.0018518518518518823
2024-02-29,2755,2755,2675,2700,32096,0.0018552875695732052
2024-03-04,2665,2715,2645,2660,56751,-0.014814814814814836
2024-03-05,2635,2680,2630,2660,18924,0.0
2024-03-06,2630,2660,2610,2610,32984,-0.018796992481203034
2024-03-07,2630,2670,2550,2550,48752,-0.02298850574712641
2024-03-08,2630,2630,2565,2585,22661,0.013725490196078383
2024-03-11,2655,2655,2570,2575,18634,-0.003868471953578312
2024-03-12,2625,2625,2550,2560,25107,-0.005825242718446644
2024-03-13,2570,2600,2515,2530,159358,-0.01171875
2024-03-14,2530,2555,2500,2515,22361,-0.005928853754940677
2024-03-15,2515,2550,2485,2515,26803,0.0
2024-03-18,2515,2520,2485,2510,36069,-0.001988071570576566
2024-03-19,2540,2575,2505,2530,27165,0.007968127490039834
2024-03-20,2530,2620,2510,2550,66275,0.007905138339920903
2024-03-21,2585,2840,2545,2790,399757,0.09411764705882364
2024-03-22,2785,2785,2670,2710,137620,-0.028673835125448077
2024-03-25,2710,2730,2635,2645,97062,-0.023985239852398532
2024-03-26,2660,2670,2575,2615,97820,-0.011342155009451793
2024-03-27,2615,2650,2585,2620,38571,0.0019120458891013214
2024-03-28,2620,2650,2610,2635,39278,0.005725190839694694
2024-03-29,2635,2650,2610,2620,41485,-0.005692599620493399
2024-04-01,2725,2725,2620,2665,22060,0.01717557251908386
2024-04-02,2630,2660,2600,2610,30162,-0.0206378986866792
2024-04-03,2585,2625,2535,2620,30315,0.003831417624521105
2024-04-04,2595,2635,2595,2625,9045,0.001908396946564972
2024-04-05,2625,2635,2600,2605,21380,-0.007619047619047636
2024-04-08,2620,2630,2545,2585,38844,-0.007677543186180413
2024-04-09,2560,2590,2535,2535,24078,-0.01934235976789167
2024-04-11,2585,2585,2520,2565,14856,0.01183431952662728
2024-04-12,2540,2600,2540,2600,25419,0.013645224171539905
2024-04-15,2600,2600,2430,2540,35022,-0.023076923076923106
2024-04-16,2540,2540,2460,2460,22819,-0.03149606299212604
2024-04-17,2495,2520,2465,2475,30621,0.0060975609756097615
2024-04-18,2475,2530,2475,2500,6781,0.010101010101010166
2024-04-19,2530,2530,2445,2495,42264,-0.0020000000000000018
2024-04-22,2490,2515,2355,2475,23124,-0.008016032064128265
2024-04-23,2475,2530,2460,2495,19850,0.008080808080808133
2024-04-24,2485,2520,2470,2510,14274,0.006012024048096087
2024-04-25,2510,2535,2485,2510,27081,0.0
2024-04-26,2500,2555,2500,2555,24684,0.017928286852589626
2024-04-29,2565,2590,2540,2565,24832,0.00391389432485334
2024-04-30,2595,2755,2585,2675,217711,0.042884990253411415
2024-05-02,2675,2695,2640,2640,43926,-0.013084112149532756
2024-05-03,2630,2630,2600,2630,13427,-0.0037878787878787845
2024-05-07,2630,2675,2550,2595,46699,-0.013307984790874472
2024-05-08,2595,2620,2575,2620,25232,0.009633911368015502
2024-05-09,2630,2630,2590,2625,21683,0.001908396946564972
2024-05-10,2635,2635,2570,2610,21536,-0.005714285714285672
2024-05-13,2605,2605,2570,2580,15783,-0.011494252873563204
2024-05-14,2610,2610,2555,2570,15445,-0.003875968992248069
2024-05-16,2585,2605,2550,2575,19468,0.0019455252918287869
2024-05-17,2590,2605,2560,2590,19973,0.005825242718446644
2024-05-20,2585,2585,2555,2585,11406,-0.0019305019305019266
2024-05-21,2580,2580,2535,2550,16010,-0.013539651837524147
2024-05-22,2550,2575,2475,2560,52686,0.0039215686274509665
2024-05-23,2510,2540,2495,2500,23644,-0.0234375
2024-05-24,2465,2575,2460,2500,24114,0.0
2024-05-27,2500,2535,2470,2490,10198,-0.0040000000000000036
2024-05-28,2500,2510,2480,2500,9594,0.004016064257028162
2024-05-29,2540,2540,2455,2465,20435,-0.014000000000000012
2024-05-30,2485,2485,2435,2440,14317,-0.010141987829614618
2024-05-31,2455,2455,2435,2445,10436,0.002049180327868827
2024-06-03,2425,2505,2425,2485,16647,0.01635991820040905
2024-06-04,2500,2520,2465,2500,16266,0.006036217303822866
2024-06-05,2515,2520,2475,2490,25866,-0.0040000000000000036
2024-06-07,2520,2520,2480,2490,10539,0.0
2024-06-10,2490,2520,2470,2500,17644,0.004016064257028162
2024-06-11,2525,2535,2480,2500,14768,0.0
2024-06-12,2495,2525,2475,2480,8232,-0.008000000000000007
2024-06-13,2470,2505,2470,2500,20774,0.008064516129032251
2024-06-14,2500,2520,2480,2515,18337,0.006000000000000005
2024-06-17,2520,2535,2480,2505,30551,-0.003976143141153132
2024-06-18,2505,2530,2470,2505,22520,0.0
2024-06-19,2500,2510,2470,2470,38637,-0.013972055888223589
2024-06-20,2510,2550,2480,2495,50500,0.010121457489878471
2024-06-21,2510,2510,2470,2475,20722,-0.008016032064128265
2024-06-24,2480,2485,2460,2460,23615,-0.0060606060606061
2024-06-25,2460,2500,2455,2455,13822,-0.002032520325203291
2024-06-26,2450,2485,2450,2470,17890,0.006109979633401208
2024-06-27,2480,2490,2445,2480,30361,0.004048582995951344
2024-06-28,2475,2475,2435,2460,48857,-0.008064516129032251
2024-07-01,2460,2480,2430,2440,51546,-0.008130081300813052
2024-07-02,2440,2465,2430,2435,19899,-0.002049180327868827
2024-07-03,2430,2445,2395,2415,71174,-0.008213552361396315
2024-07-04,2415,2430,2395,2420,12337,0.0020703933747412417
2024-07-05,2420,2480,2385,2385,86532,-0.01446280991735538
2024-07-08,2365,2445,2365,2380,61971,-0.002096436058700246
2024-07-09,2435,2455,2400,2440,45132,0.025210084033613356
2024-07-10,2460,2480,2405,2450,30719,0.004098360655737654
2024-07-11,2425,2440,2395,2420,15420,-0.01224489795918371
2024-07-12,2415,2460,2370,2420,22993,0.0
2024-07-15,2420,2440,2395,2440,18660,0.008264462809917328
2024-07-16,2430,2430,2390,2420,11889,-0.008196721311475419
2024-07-17,2395,2420,2395,2415,21804,-0.0020661157024793875
2024-07-18,2400,2435,2385,2430,43238,0.006211180124223503
2024-07-19,2415,2425,2380,2400,22186,-0.012345679012345734
2024-07-22,2385,2485,2355,2380,36406,-0.008333333333333304
2024-07-23,2380,2405,2350,2390,37050,0.004201680672268893
2024-07-24,2375,2400,2335,2350,29666,-0.01673640167364021
2024-07-25,2335,2345,2270,2290,43476,-0.025531914893617058
2024-07-26,2270,2310,2270,2295,13853,0.0021834061135370675
2024-07-29,2280,2315,2260,2295,31411,0.0
2024-07-30,2265,2310,2260,2270,24733,-0.01089324618736387
2024-07-31,2260,2280,2255,2275,7902,0.0022026431718060735
2024-08-01,2260,2275,2250,2270,31028,-0.00219780219780219
2024-08-02,2255,2270,2225,2260,36563,-0.004405286343612369
2024-08-05,2250,2250,1912,1977,96307,-0.12522123893805315
2024-08-06,1900,2085,1900,2075,61869,0.04957005563985839
2024-08-07,2020,2135,2020,2075,32543,0.0
2024-08-08,2050,2115,2050,2095,29503,0.009638554216867545
2024-08-09,2070,2150,2070,2090,13269,-0.0023866348448687846
2024-08-12,2090,2140,2080,2105,46385,0.0071770334928229484
2024-08-13,2090,2150,2090,2130,18674,0.01187648456057011
2024-08-14,2115,2180,2115,2160,14405,0.014084507042253502
2024-08-16,2155,2210,2155,2205,39352,0.02083333333333326
2024-08-19,2205,2250,2190,2250,20874,0.020408163265306145
2024-08-20,2235,2355,2225,2290,37024,0.01777777777777767
2024-08-21,2320,2375,2310,2335,26109,0.01965065502183405
2024-08-22,2335,2410,2335,2365,25966,0.012847965738758127
2024-08-23,2435,2435,2270,2295,19009,-0.029598308668076112
2024-08-26,2295,2295,2225,2225,15260,-0.030501089324618702
2024-08-27,2225,2250,2120,2195,19761,-0.013483146067415741
2024-08-28,2175,2240,2175,2180,9518,-0.006833712984054663
2024-08-29,2170,2220,2140,2175,9720,-0.002293577981651418
2024-08-30,2155,2215,2145,2215,13025,0.01839080459770126
2024-09-02,2195,2220,2180,2215,7891,0.0
2024-09-03,2215,2230,2165,2175,18555,-0.018058690744920947
2024-09-04,2175,2200,2100,2100,17040,-0.03448275862068961
2024-09-05,2135,2145,2085,2115,22351,0.0071428571428571175
2024-09-06,2085,2125,2085,2100,24655,-0.007092198581560294
2024-09-09,2085,2250,2055,2095,30762,-0.0023809523809523725
2024-09-10,2085,2225,2070,2100,39755,0.0023866348448686736
2024-09-11,2120,2200,2110,2160,68498,0.02857142857142847
2024-09-12,2150,2225,2150,2200,7849,0.0185185185185186
2024-09-13,2215,2280,2160,2160,84855,-0.018181818181818188
2024-09-19,2220,2220,2105,2165,71142,0.0023148148148148806
2024-09-20,2165,2195,2140,2165,13353,0.0
2024-09-23,2190,2210,2140,2180,11354,0.006928406466512715
2024-09-24,2180,2295,2135,2200,86867,0.00917431192660545
2024-09-25,2195,2275,2180,2240,72556,0.018181818181818077
2024-09-26,2315,2315,2205,2225,27751,-0.006696428571428603
2024-09-27,2205,2285,2200,2200,22550,-0.011235955056179803
2024-09-30,2190,2255,2170,2175,36236,-0.011363636363636354
2024-10-02,2165,2195,2145,2190,37481,0.006896551724137945
2024-10-04,2170,2200,2150,2165,62209,-0.011415525114155223
2024-10-07,2225,2225,2110,2130,67414,-0.0161662817551963
2024-10-08,2130,2200,2110,2120,66482,-0.0046948356807511304
2024-10-10,2110,2270,2110,2125,73318,0.002358490566037652
2024-10-11,2155,2190,2125,2130,18758,0.0023529411764706687
2024-10-14,2150,2180,2135,2175,33646,0.021126760563380254
2024-10-15,2190,2225,2135,2170,68016,-0.0022988505747126853
2024-10-16,2155,2210,2135,2135,27985,-0.016129032258064502
2024-10-17,2120,2220,2120,2160,85655,0.011709601873536313
2024-10-18,2155,2220,2135,2165,93863,0.0023148148148148806
2024-10-21,2185,2675,2125,2175,1335313,0.004618937644341736
2024-10-22,2155,2440,2155,2270,647401,0.04367816091954024
2024-10-23,2230,2305,2190,2270,124661,0.0
2024-10-24,2250,2300,2205,2295,60842,0.011013215859030812
2024-10-25,2295,2295,2200,2265,84211,-0.013071895424836555
2024-10-28,2265,2320,2240,2290,46356,0.011037527593819041
2024-10-29,2315,2315,2255,2290,38734,0.0
2024-10-30,2300,2300,2255,2295,30537,0.0021834061135370675
2024-10-31,2285,2285,2240,2265,40066,-0.013071895424836555
2024-11-01,2235,2260,2195,2240,62203,-0.01103752759381893
2024-11-04,2215,2600,2215,2390,388748,0.06696428571428581
2024-11-05,2390,2500,2380,2455,132772,0.027196652719665204
2024-11-06,2510,2510,2355,2355,126946,-0.04073319755600813
2024-11-07,2390,2400,2335,2370,71886,0.006369426751592355
