Date,Open,High,Low,Close,Volume,Change
2022-01-03,31550,31600,31200,31300,154117,-0.006349206349206327
2022-01-04,31250,31400,31150,31200,143091,-0.0031948881789137795
2022-01-05,31250,31800,31200,31800,197293,0.019230769230769162
2022-01-06,31650,31700,31400,31450,112677,-0.011006289308176154
2022-01-07,31400,31650,31350,31550,72354,0.0031796502384737746
2022-01-10,31600,31800,31250,31550,101195,0.0
2022-01-11,31350,31600,31200,31450,103399,-0.0031695721077654726
2022-01-12,31400,31600,31400,31500,85718,0.0015898251192367763
2022-01-13,31600,31650,31350,31550,101589,0.0015873015873015817
2022-01-14,31550,31550,31100,31150,129936,-0.01267828843106178
2022-01-17,31050,31300,30850,30900,90344,-0.008025682182985605
2022-01-18,30900,31000,30550,30650,110541,-0.008090614886731351
2022-01-19,30500,31000,30450,30950,104276,0.00978792822185981
2022-01-20,31050,31100,30500,30500,112659,-0.014539579967689842
2022-01-21,30500,31150,30450,31100,139539,0.01967213114754096
2022-01-24,31100,31300,30750,30850,67457,-0.008038585209003246
2022-01-25,30600,30800,30200,30350,100924,-0.01620745542949753
2022-01-26,30500,30950,30350,30450,87152,0.0032948929159801743
2022-01-27,30650,30650,29750,29800,151992,-0.021346469622331665
2022-01-28,30200,31150,29800,30950,180640,0.038590604026845554
2022-02-03,31100,31700,31000,31250,157631,0.009693053311793154
2022-02-04,31450,31600,31350,31550,111891,0.009600000000000053
2022-02-07,31700,31850,31500,31750,179917,0.006339144215530945
2022-02-08,31900,32100,31800,32050,167911,0.009448818897637823
2022-02-09,32150,32650,31900,32650,236317,0.018720748829953227
2022-02-10,32600,32650,32250,32350,173256,-0.009188361408882129
2022-02-11,32100,32500,32050,32200,69730,-0.004636785162287493
2022-02-14,32100,32600,31800,32600,196687,0.012422360248447228
2022-02-15,32600,32600,32100,32300,94182,-0.009202453987730008
2022-02-16,32350,32550,32250,32400,66252,0.003095975232198178
2022-02-17,32400,32550,32100,32300,116995,-0.0030864197530864335
2022-02-18,32200,32500,32150,32350,50887,0.001547987616099089
2022-02-21,32050,32350,31950,32200,44162,-0.004636785162287493
2022-02-22,32000,32250,31750,31950,130534,-0.00776397515527949
2022-02-23,32200,32450,32000,32250,45975,0.009389671361502261
2022-02-24,31900,32200,31850,32150,89458,-0.0031007751937984773
2022-02-25,31950,32300,31900,32000,61904,-0.004665629860031051
2022-02-28,32050,32250,31650,32150,77696,0.004687499999999956
2022-03-02,32200,32450,31950,32200,111968,0.0015552099533437946
2022-03-03,32100,32700,32100,32700,104816,0.01552795031055898
2022-03-04,32500,32800,32150,32250,49244,-0.013761467889908285
2022-03-07,32050,32050,31500,31850,89538,-0.012403100775193798
2022-03-08,31850,31900,31400,31700,44124,-0.004709576138147598
2022-03-10,32200,32200,31800,32100,65983,0.012618296529968376
2022-03-11,32050,32050,31750,31950,36279,-0.004672897196261627
2022-03-14,31950,32050,31700,32000,72610,0.0015649452269170805
2022-03-15,31750,32050,31750,32000,36701,0.0
2022-03-16,32000,32100,31800,32100,55185,0.0031250000000000444
2022-03-17,32250,32350,31800,31800,157200,-0.009345794392523366
2022-03-18,31800,32050,31650,32050,118186,0.007861635220125729
2022-03-21,31950,32050,31800,32000,55679,-0.0015600624024960652
2022-03-22,32000,32100,31750,32100,61531,0.0031250000000000444
2022-03-23,32100,32300,32000,32050,57504,-0.0015576323987538387
2022-03-24,31900,32250,31900,32250,47425,0.006240249609984483
2022-03-25,32150,32250,31950,32000,65872,-0.007751937984496138
2022-03-28,31900,32000,31850,32000,73093,0.0
2022-03-29,32150,32250,31900,32100,67732,0.0031250000000000444
2022-03-30,32200,32200,32050,32150,55530,0.0015576323987538387
2022-03-31,32100,32450,32100,32300,61681,0.004665629860031162
2022-04-01,32050,32400,32000,32200,44259,-0.003095975232198178
2022-04-04,32100,32750,32100,32650,86117,0.013975155279503104
2022-04-05,32650,32650,32300,32450,31927,-0.006125574272588086
2022-04-06,32450,32850,32250,32850,127561,0.012326656394453073
2022-04-07,32900,32950,32550,32700,129107,-0.004566210045662156
2022-04-08,32800,32850,32550,32600,56998,-0.003058103975535187
2022-04-11,32500,33050,32450,33050,76806,0.013803680981595123
2022-04-12,32700,33100,32700,32750,66581,-0.009077155824508298
2022-04-13,32800,33250,32800,33250,94338,0.01526717557251911
2022-04-14,32900,33400,32850,33400,115914,0.004511278195488799
2022-04-15,33150,33300,33050,33200,59221,-0.005988023952095856
2022-04-18,32950,33200,32850,33000,27668,-0.0060240963855421326
2022-04-19,33050,33150,32800,33150,25538,0.00454545454545463
2022-04-20,33150,33300,33000,33300,51769,0.004524886877828038
2022-04-21,33400,33400,33150,33300,49998,0.0
2022-04-22,33100,33250,32900,33050,55142,-0.007507507507507505
2022-04-25,32950,33500,32800,33300,129765,0.0075642965204236745
2022-04-26,33050,33300,33050,33300,99042,0.0
2022-04-27,32850,33250,32750,33150,113053,-0.0045045045045044585
2022-04-28,33000,33400,32900,33400,70061,0.007541478129713397
2022-04-29,33400,33500,33150,33450,83152,0.0014970059880239361
2022-05-02,33150,33400,33150,33400,44821,-0.001494768310911776
2022-05-03,33250,33350,33050,33250,64836,-0.004491017964071808
2022-05-04,33300,33450,33200,33450,71872,0.006015037593984918
2022-05-06,33450,33450,33050,33450,45727,0.0
2022-05-09,33200,33300,32950,33100,68220,-0.010463378176382654
2022-05-10,33000,33300,32600,33300,99683,0.0060422960725075026
2022-05-11,33000,33100,32800,32900,75474,-0.012012012012011963
2022-05-12,32700,32900,32500,32800,90122,-0.003039513677811523
2022-05-13,33000,33300,32750,33250,77913,0.013719512195121908
2022-05-16,33350,33350,32950,33200,60291,-0.0015037593984962294
2022-05-17,33200,33350,33050,33350,61856,0.004518072289156683
2022-05-18,33200,33400,33150,33300,42807,-0.0014992503748125774
2022-05-19,32900,33250,32850,33250,61017,-0.0015015015015015232
2022-05-20,33400,33500,33200,33450,85123,0.006015037593984918
2022-05-23,33450,33500,33100,33400,35540,-0.001494768310911776
2022-05-24,33150,33400,33100,33400,40697,0.0
2022-05-25,33450,33700,33350,33550,121979,0.004491017964071808
2022-05-26,33450,33650,33450,33550,55758,0.0
2022-05-27,33700,33850,33650,33850,78304,0.008941877794336861
2022-05-30,33850,34100,33700,33700,73682,-0.004431314623338234
2022-05-31,33900,34050,33850,34050,79865,0.010385756676557945
2022-06-02,33850,34100,33700,33850,86504,-0.005873715124816492
2022-06-03,33750,33950,33700,33850,54474,0.0
2022-06-07,33900,33900,33400,33500,104255,-0.010339734121122546
2022-06-08,33500,33500,33050,33100,94303,-0.011940298507462699
2022-06-09,33100,33300,32450,32750,229107,-0.010574018126888185
2022-06-10,32500,32850,32400,32850,90406,0.003053435114503733
2022-06-13,32450,32500,32000,32000,103687,-0.025875190258751957
2022-06-14,32250,32250,31500,31800,155220,-0.006249999999999978
2022-06-15,31850,31850,31250,31250,74720,-0.01729559748427678
2022-06-16,31300,31650,31150,31150,84145,-0.0031999999999999806
2022-06-17,30550,31250,30550,30750,371385,-0.012841091492776902
2022-06-20,30800,31250,30700,30900,95879,0.004878048780487809
2022-06-21,31300,31850,31150,31550,80234,0.021035598705501535
2022-06-22,31600,31600,31000,31100,104752,-0.014263074484944571
2022-06-23,31400,31700,31100,31200,83297,0.003215434083601254
2022-06-24,31300,31900,31250,31300,91684,0.0032051282051281937
2022-06-27,31400,31650,31200,31450,78207,0.004792332268370503
2022-06-28,31400,31550,31350,31400,50044,-0.0015898251192368873
2022-06-29,31200,31350,30900,30950,77515,-0.014331210191082855
2022-06-30,31000,31050,30500,30500,65707,-0.014539579967689842
2022-07-01,30700,30950,30600,30850,68141,0.011475409836065653
2022-07-04,30650,31000,30300,30800,79687,-0.0016207455429497752
2022-07-05,31000,31850,30750,31750,76530,0.030844155844155896
2022-07-06,31250,31400,30450,30450,113874,-0.04094488188976375
2022-07-07,30950,30950,30200,30250,114848,-0.006568144499178974
2022-07-08,30350,30700,30250,30500,51335,0.008264462809917328
2022-07-11,30500,30600,30300,30300,42818,-0.006557377049180357
2022-07-12,30350,30550,30100,30450,66680,0.004950495049504955
2022-07-13,30650,30650,30150,30150,49345,-0.009852216748768461
2022-07-14,30050,30350,30000,30000,70529,-0.00497512437810943
2022-07-15,30000,30200,29550,29750,100781,-0.008333333333333304
2022-07-18,29900,30600,29800,30500,75478,0.025210084033613356
2022-07-19,30450,30600,30300,30350,35203,-0.004918032786885296
2022-07-20,30450,30750,30350,30550,62994,0.006589785831960571
2022-07-21,30400,30950,30300,30850,60298,0.009819967266775809
2022-07-22,30600,31050,30600,30700,64722,-0.004862236628849326
2022-07-25,30700,31250,30700,31100,100580,0.013029315960912058
2022-07-26,31150,31300,30800,31250,67549,0.004823151125401992
2022-07-27,31300,31550,31050,31500,61691,0.008000000000000007
2022-07-28,31650,32000,31300,31300,47515,-0.006349206349206327
2022-07-29,31700,32050,31300,32050,155181,0.023961661341852958
2022-08-01,31550,31950,31550,31750,47753,-0.009360374414976613
2022-08-02,31750,31800,31500,31600,48313,-0.0047244094488189115
2022-08-03,31450,31900,31450,31600,30374,0.0
2022-08-04,31600,31850,31600,31700,42321,0.0031645569620253333
2022-08-05,31900,32200,31750,31850,66701,0.004731861198738141
2022-08-08,31850,32000,31700,32000,41865,0.0047095761381474865
2022-08-09,31850,32150,31550,31550,119675,-0.014062499999999978
2022-08-10,31700,31800,31300,31450,77512,-0.0031695721077654726
2022-08-11,31750,32050,31600,32050,69393,0.019077901430842648
2022-08-12,32000,32300,31800,32050,54931,0.0
2022-08-16,32100,32200,32000,32050,41615,0.0
2022-08-17,32250,32300,31850,31850,40281,-0.006240249609984372
2022-08-18,31750,31850,31550,31550,49690,-0.009419152276295084
2022-08-19,31550,31800,31450,31600,49398,0.0015847860538826808
2022-08-22,31500,31750,31350,31600,43049,0.0
2022-08-23,31350,31750,31350,31450,47331,-0.004746835443038
2022-08-24,31550,31850,31350,31500,53469,0.0015898251192367763
2022-08-25,31550,31900,31550,31800,35395,0.00952380952380949
2022-08-26,31800,31850,31600,31700,42630,-0.0031446540880503138
2022-08-29,31550,32000,31350,31400,54572,-0.009463722397476393
2022-08-30,31550,31600,31400,31450,37722,0.0015923566878981443
2022-08-31,31450,31550,31200,31350,42118,-0.0031796502384737746
2022-09-01,31250,31500,30950,31050,74041,-0.009569377990430672
2022-09-02,31200,31300,30950,31000,39596,-0.0016103059581320522
2022-09-05,31150,31600,31150,31400,32418,0.012903225806451646
2022-09-06,31550,31750,31150,31550,37864,0.004777070063694211
2022-09-07,31400,31450,30950,30950,58787,-0.019017432646592725
2022-09-08,31300,31300,30850,30900,78135,-0.001615508885298822
2022-09-13,31200,31800,31000,31450,73103,0.017799352750809128
2022-09-14,31250,31500,30950,31350,76281,-0.0031796502384737746
2022-09-15,31400,31550,31250,31350,46933,0.0
2022-09-16,31300,31550,31100,31250,58769,-0.0031897926634768536
2022-09-19,31350,31550,31200,31250,24549,0.0
2022-09-20,31500,31550,31150,31350,56073,0.0032000000000000917
2022-09-21,31200,31600,31100,31400,44927,0.0015948963317384823
2022-09-22,31300,31600,31000,31450,77983,0.0015923566878981443
2022-09-23,31550,31550,31200,31400,47417,-0.0015898251192368873
2022-09-26,31150,31500,30600,31000,83836,-0.01273885350318471
2022-09-27,30700,31050,30500,31000,74224,0.0
2022-09-28,30750,30900,30000,30250,140892,-0.024193548387096753
2022-09-29,30250,30600,30200,30450,105697,0.006611570247933907
2022-09-30,30550,30550,30150,30200,72889,-0.008210180623973717
2022-10-04,30300,30850,30250,30750,77509,0.01821192052980125
2022-10-05,30750,30800,30350,30400,67367,-0.011382113821138184
2022-10-06,30400,30600,30350,30450,44512,0.00164473684210531
2022-10-07,30300,30850,30250,30700,61395,0.008210180623973828
2022-10-11,30400,30800,30100,30200,63951,-0.016286644951140072
2022-10-12,30300,30300,30000,30250,43519,0.0016556291390728006
2022-10-13,30250,30400,30150,30150,60206,-0.0033057851239669533
2022-10-14,30350,30450,30150,30250,87554,0.0033167495854062867
2022-10-17,30250,30800,30150,30750,77347,0.016528925619834656
2022-10-18,30850,30900,30550,30700,52521,-0.001626016260162566
2022-10-19,30750,30850,30600,30600,49928,-0.0032573289902280145
2022-10-20,30450,30700,30350,30350,75362,-0.008169934640522847
2022-10-21,30350,30600,30300,30600,56673,0.008237232289950658
2022-10-24,30800,30800,30450,30650,52968,0.0016339869281045694
2022-10-25,30650,30650,30300,30550,53595,-0.0032626427406199365
2022-10-26,30400,30500,30200,30250,72706,-0.009819967266775809
2022-10-27,30450,30800,30350,30800,72820,0.018181818181818077
2022-10-28,30700,31250,30650,30950,84592,0.004870129870129913
2022-10-31,31050,31200,30700,30900,47755,-0.001615508885298822
2022-11-01,31000,31050,30550,30600,67689,-0.009708737864077666
2022-11-02,30500,30850,30450,30650,56020,0.0016339869281045694
2022-11-03,30650,30950,30400,30600,62524,-0.0016313213703099683
2022-11-04,30550,31100,30550,30950,77636,0.011437908496731986
2022-11-07,30900,31200,30750,31000,44328,0.001615508885298933
2022-11-08,31350,31350,30900,31050,67949,0.001612903225806539
2022-11-09,31350,31400,31050,31200,57390,0.004830917874396157
2022-11-10,31200,31500,31100,31200,62846,0.0
2022-11-11,31600,31700,31350,31400,73513,0.0064102564102563875
2022-11-14,31350,32050,31350,31850,87140,0.014331210191082855
2022-11-15,32150,32200,31600,31600,49079,-0.00784929356357933
2022-11-16,31600,31800,31400,31400,66409,-0.006329113924050667
2022-11-17,31550,31750,31250,31250,48364,-0.004777070063694322
2022-11-18,31250,31600,31250,31300,32639,0.0016000000000000458
2022-11-21,31500,31600,31250,31450,44275,0.004792332268370503
2022-11-22,31600,31650,31450,31500,26916,0.0015898251192367763
2022-11-23,31600,31650,31400,31500,31623,0.0
2022-11-24,31500,31750,31450,31650,30965,0.004761904761904745
2022-11-25,31650,31800,31550,31600,26453,-0.0015797788309637184
2022-11-28,31450,31650,31400,31500,38045,-0.0031645569620253333
2022-11-29,31600,31850,31450,31650,91711,0.004761904761904745
2022-11-30,31650,32400,31650,32300,98764,0.020537124802527673
2022-12-01,32350,32550,32200,32500,60477,0.006191950464396356
2022-12-02,32450,32450,32050,32150,56880,-0.010769230769230753
2022-12-05,32150,32500,32100,32350,44561,0.0062208398133747345
2022-12-06,32100,32450,32100,32150,44200,-0.0061823802163832875
2022-12-07,32300,32450,32050,32400,37339,0.007776049766718529
2022-12-08,32350,32650,32200,32400,130139,0.0
2022-12-09,32550,32700,32300,32500,64963,0.0030864197530864335
2022-12-12,32500,32800,32450,32550,53820,0.0015384615384614886
2022-12-13,32550,33000,32450,32950,107713,0.01228878648233489
2022-12-14,33100,33100,32650,32950,52945,0.0
2022-12-15,33000,33000,32550,32550,45114,-0.012139605462822445
2022-12-16,32450,32700,32150,32500,43281,-0.001536098310291889
2022-12-19,32250,32500,32250,32450,40306,-0.0015384615384614886
2022-12-20,32250,32550,32250,32450,54933,0.0
2022-12-21,32600,32650,32350,32500,61073,0.0015408320493066618
2022-12-22,32500,32650,32400,32600,63518,0.003076923076922977
2022-12-23,32600,32850,32550,32850,111640,0.0076687116564417845
2022-12-26,32650,33000,32650,33000,161905,0.004566210045662045
2022-12-27,33000,33000,32550,32650,242684,-0.010606060606060619
2022-12-28,30500,30650,30000,30050,367524,-0.07963246554364467
2022-12-29,30050,30150,29550,29550,113735,-0.016638935108153063
2023-01-02,29750,29750,28850,28900,157640,-0.021996615905245376
2023-01-03,29200,29200,28550,29000,65175,0.0034602076124568004
2023-01-04,29000,29400,28650,29200,92516,0.006896551724137945
2023-01-05,29500,30150,29300,29950,142220,0.02568493150684925
2023-01-06,29950,30500,29700,30300,92808,0.011686143572620988
2023-01-09,30300,30500,30200,30300,75357,0.0
2023-01-10,30300,30500,30150,30400,73448,0.0033003300330032292
2023-01-11,30500,30550,30250,30300,64037,-0.003289473684210509
2023-01-12,30250,30450,30050,30100,86591,-0.0066006600660065695
2023-01-13,30300,30500,30200,30350,92161,0.008305647840531671
2023-01-16,30250,30750,30200,30600,75178,0.008237232289950658
2023-01-17,30550,30600,30200,30250,68589,-0.011437908496731986
2023-01-18,30300,30500,30150,30300,51231,0.0016528925619834212
2023-01-19,30250,30500,30250,30400,46264,0.0033003300330032292
2023-01-20,30350,30650,30300,30500,65373,0.00328947368421062
2023-01-25,30400,30700,30400,30500,57431,0.0
2023-01-26,30400,30650,30350,30600,77070,0.003278688524590123
2023-01-27,30550,31200,30550,31150,101856,0.017973856209150263
2023-01-30,31150,31200,30600,30700,59816,-0.014446227929374
2023-01-31,31000,31000,30350,30350,164552,-0.01140065146579805
2023-02-01,30450,30850,30450,30700,79201,0.011532125205930832
2023-02-02,30950,30950,30550,30600,65919,-0.0032573289902280145
2023-02-03,30700,31100,30450,30900,71350,0.009803921568627416
2023-02-06,31050,31050,30550,30900,52064,0.0
2023-02-07,30700,30950,30550,30650,52203,-0.008090614886731351
2023-02-08,30650,31100,30650,30900,55725,0.00815660685154973
2023-02-09,30750,31550,30750,30850,92417,-0.0016181229773463146
2023-02-10,30700,30950,30650,30950,35448,0.0032414910858995505
2023-02-13,30950,31100,30800,31100,48806,0.004846526655896577
2023-02-14,31200,31200,30800,30850,49352,-0.008038585209003246
2023-02-15,31150,31150,30600,30600,55405,-0.008103727714748765
2023-02-16,30600,30900,30550,30650,62050,0.0016339869281045694
2023-02-17,30600,30750,30500,30500,52040,-0.004893964110929905
2023-02-20,30500,30800,30450,30700,64356,0.006557377049180246
2023-02-21,30700,30850,30550,30750,39578,0.0016286644951140072
2023-02-22,30700,30700,30400,30450,39701,-0.009756097560975618
2023-02-23,30450,30650,30350,30600,35947,0.0049261083743843415
2023-02-24,30600,30750,30400,30500,43845,-0.0032679738562091387
2023-02-27,30450,30450,30200,30350,55836,-0.004918032786885296
2023-02-28,30400,30700,30300,30700,86345,0.011532125205930832
2023-03-02,30700,30700,30300,30450,58493,-0.008143322475570036
2023-03-03,30400,30500,30200,30250,55488,-0.006568144499178974
2023-03-06,30450,30450,30250,30300,56908,0.0016528925619834212
2023-03-07,30300,30450,30250,30250,45227,-0.0016501650165016146
2023-03-08,30150,30300,29950,30000,104572,-0.008264462809917328
2023-03-09,30000,30200,29950,30100,63228,0.0033333333333334103
2023-03-10,30100,30100,29850,30050,70967,-0.0016611295681062677
2023-03-13,30050,30150,29550,30100,92253,0.0016638935108153063
2023-03-14,30000,30100,29750,29800,99299,-0.009966777408637828
2023-03-15,29850,29900,29550,29750,109864,-0.001677852348993314
2023-03-16,29700,29700,29200,29450,121758,-0.010084033613445342
2023-03-17,29500,29950,29400,29650,143773,0.00679117147707986
2023-03-20,29650,29950,29650,29800,81855,0.005059021922428242
2023-03-21,29900,30300,29850,30300,77117,0.016778523489932917
2023-03-22,30300,30300,29900,30000,73200,-0.00990099009900991
2023-03-23,30000,30200,29800,30200,82822,0.006666666666666599
2023-03-24,29900,30100,29800,29950,63266,-0.008278145695364225
2023-03-27,29900,30100,29650,29750,60885,-0.006677796327211993
2023-03-28,29800,30200,29800,30100,44112,0.0117647058823529
2023-03-29,30200,30400,30050,30300,72512,0.006644518272425293
2023-03-30,30150,30500,30100,30300,65378,0.0
2023-03-31,30350,30500,30100,30400,44826,0.0033003300330032292
2023-04-03,30400,30500,30200,30300,37702,-0.003289473684210509
2023-04-04,30400,30450,30100,30400,51800,0.0033003300330032292
2023-04-05,30450,30600,30250,30300,39460,-0.003289473684210509
2023-04-06,30250,30350,30050,30150,43962,-0.004950495049504955
2023-04-07,30100,30400,29950,30350,38166,0.0066334991708125735
2023-04-10,30150,30350,30050,30050,45082,-0.009884678747940745
2023-04-11,30050,30300,30000,30150,37090,0.0033277870216306127
2023-04-12,30100,30400,30100,30250,54439,0.0033167495854062867
2023-04-13,30200,30500,30200,30500,55203,0.008264462809917328
2023-04-14,30400,30650,30400,30400,77463,-0.003278688524590123
2023-04-17,30350,30450,30250,30300,56715,-0.003289473684210509
2023-04-18,30200,30400,30100,30250,64013,-0.0016501650165016146
2023-04-19,30150,30500,30150,30350,63680,0.0033057851239668423
2023-04-20,30300,30600,30300,30550,62015,0.006589785831960571
2023-04-21,30400,30550,30350,30400,27711,-0.004909983633387904
2023-04-24,30400,30600,30250,30300,43681,-0.003289473684210509
2023-04-25,30100,30450,30100,30200,64518,-0.0033003300330033403
2023-04-26,30200,30350,30000,30050,89722,-0.004966887417218513
2023-04-27,30050,30050,29650,29700,131190,-0.011647254575707144
2023-04-28,29750,29900,29700,29800,81060,0.0033670033670034627
2023-05-02,29750,30000,29750,29950,58869,0.005033557046979942
2023-05-03,29800,30000,29750,29750,51558,-0.006677796327211993
2023-05-04,29750,29850,29700,29750,32092,0.0
2023-05-08,29800,30150,29800,30150,62052,0.013445378151260456
2023-05-09,30100,30350,30050,30300,52412,0.004975124378109541
2023-05-10,30150,30300,29950,29950,54424,-0.011551155115511524
2023-05-11,30050,30300,30050,30100,42984,0.005008347245408995
2023-05-12,30100,30150,29900,29950,56834,-0.004983388704318914
2023-05-15,29950,30200,29900,30200,32106,0.008347245409014992
2023-05-16,30050,30200,30000,30150,33559,-0.0016556291390728006
2023-05-17,30000,30100,29950,30000,32314,-0.00497512437810943
2023-05-18,30050,30100,29950,30100,29575,0.0033333333333334103
2023-05-19,30000,30250,30000,30150,47575,0.0016611295681063787
2023-05-22,30250,30550,30150,30350,80384,0.0066334991708125735
2023-05-23,30400,30550,30300,30500,41873,0.0049423393739702615
2023-05-24,30500,30600,30300,30450,45635,-0.0016393442622950616
2023-05-25,30300,30500,30300,30400,35640,-0.0016420361247947435
2023-05-26,30350,30400,30150,30200,63736,-0.006578947368421018
2023-05-30,30200,30300,30100,30250,56068,0.0016556291390728006
2023-05-31,30200,30350,30050,30050,60085,-0.006611570247933907
2023-06-01,30200,30250,29950,30000,64904,-0.0016638935108153063
2023-06-02,30100,30200,30000,30150,40378,0.004999999999999893
2023-06-05,30200,30300,30050,30100,47157,-0.0016583747927031434
2023-06-07,30150,30250,30050,30100,71463,0.0
2023-06-08,30250,30250,30050,30250,72739,0.004983388704318914
2023-06-09,30250,30250,29950,30000,150381,-0.008264462809917328
2023-06-12,30100,30200,30000,30200,72246,0.006666666666666599
2023-06-13,30200,30250,29950,30000,80948,-0.0066225165562914245
2023-06-14,29950,30000,29800,29950,87700,-0.0016666666666667052
2023-06-15,29950,30000,29850,29850,55381,-0.0033388981636059967
2023-06-16,29950,30000,29850,29850,69736,0.0
2023-06-19,29900,30000,29850,30000,36834,0.005025125628140614
2023-06-20,29950,30000,29850,29900,39344,-0.0033333333333332993
2023-06-21,29950,29950,29800,29850,47000,-0.0016722408026755842
2023-06-22,29900,30000,29750,29850,63413,0.0
2023-06-23,29800,29850,29450,29550,138904,-0.01005025125628145
2023-06-26,29650,29650,29400,29500,51931,-0.0016920473773265332
2023-06-27,29400,29650,29400,29500,41772,0.0
2023-06-28,29550,29600,29450,29450,48341,-0.0016949152542372614
2023-06-29,29400,29600,29250,29250,81801,-0.006791171477079749
2023-06-30,29500,29650,29250,29650,50890,0.013675213675213627
2023-07-03,29700,29750,29550,29650,74611,0.0
2023-07-04,29600,29700,29350,29400,74899,-0.00843170320404718
2023-07-05,29350,29500,29150,29150,79437,-0.008503401360544172
2023-07-06,29150,29250,28600,28800,174115,-0.012006861063464824
2023-07-07,28650,28750,28250,28500,130074,-0.01041666666666663
2023-07-10,28600,28950,28550,28900,54258,0.01403508771929829
2023-07-11,29100,29200,28800,28950,49098,0.0017301038062282892
2023-07-12,29000,29150,28800,28800,58484,-0.005181347150259086
2023-07-13,29000,29050,28800,28850,79857,0.0017361111111111605
2023-07-14,29050,29150,28850,29050,64840,0.006932409012131657
2023-07-17,28900,29100,28850,28900,58057,-0.005163511187607606
2023-07-18,29100,29100,28900,28950,32235,0.0017301038062282892
2023-07-19,28950,29050,28900,29000,46697,0.0017271157167531026
2023-07-20,28900,29100,28900,28950,50565,-0.0017241379310344307
2023-07-21,29000,29050,28800,28950,73012,0.0
2023-07-24,29000,29000,28750,28800,74150,-0.005181347150259086
2023-07-25,28800,28850,28650,28700,77530,-0.00347222222222221
2023-07-26,28650,28650,28150,28550,197985,-0.005226480836236891
2023-07-27,28350,28900,28350,28900,62459,0.012259194395796813
2023-07-28,28800,28800,28500,28600,74036,-0.01038062283737029
2023-07-31,28600,28750,28500,28500,93414,-0.0034965034965035446
2023-08-01,28500,28850,28500,28800,67690,0.010526315789473717
2023-08-02,28650,28950,28650,28750,89273,-0.0017361111111111605
2023-08-03,28850,28950,28600,28700,81899,-0.0017391304347825765
2023-08-04,28750,29150,28650,29100,88296,0.013937282229965264
2023-08-07,29050,29300,28950,29150,58932,0.0017182130584192379
2023-08-08,29300,29350,28950,28950,81363,-0.006861063464837058
2023-08-09,29200,29300,28900,29300,63302,0.012089810017271052
2023-08-10,29050,29450,28950,29050,116034,-0.008532423208191142
2023-08-11,29000,29350,29000,29350,63639,0.010327022375215211
2023-08-14,29150,29350,29050,29350,101899,0.0
2023-08-16,29150,29450,29000,29350,74018,0.0
2023-08-17,29250,29300,29050,29300,63788,-0.0017035775127768327
2023-08-18,29050,29300,29050,29200,48086,-0.0034129692832765013
2023-08-21,29000,29300,29000,29250,45149,0.001712328767123239
2023-08-22,29150,29350,29050,29200,55447,-0.0017094017094017033
2023-08-23,29150,29350,29150,29300,26401,0.003424657534246478
2023-08-24,29300,29500,29200,29500,70262,0.006825938566553003
2023-08-25,29250,29750,29250,29700,82646,0.006779661016949046
2023-08-28,29850,29850,29550,29600,50214,-0.0033670033670033517
2023-08-29,29600,29900,29600,29800,86374,0.006756756756756799
2023-08-30,29900,30100,29850,29950,83070,0.005033557046979942
2023-08-31,29900,30000,29800,29950,50754,0.0
2023-09-01,29750,30150,29700,30000,58743,0.0016694490818029983
2023-09-04,29900,30300,29900,30200,67810,0.006666666666666599
2023-09-05,30050,30200,29850,29900,52969,-0.009933774834437137
2023-09-06,29900,30300,29900,30200,66904,0.010033444816053505
2023-09-07,29950,30300,29950,30250,66369,0.0016556291390728006
2023-09-08,30250,30600,30200,30550,61882,0.009917355371900749
2023-09-11,30400,30850,30400,30700,84631,0.004909983633387904
2023-09-12,30800,30800,30500,30500,68417,-0.006514657980456029
2023-09-13,30400,30750,30400,30650,45166,0.004918032786885185
2023-09-14,30750,30850,30650,30850,101975,0.006525285481239873
2023-09-15,30950,31050,30750,30900,111685,0.0016207455429497752
2023-09-18,30900,31050,30800,30800,49121,-0.003236245954692518
2023-09-19,30650,30900,30650,30750,42233,-0.0016233766233766378
2023-09-20,30750,31000,30750,30950,42373,0.006504065040650486
2023-09-21,30800,30950,30650,30700,68928,-0.008077544426494332
2023-09-22,30600,30850,30500,30800,44903,0.0032573289902280145
2023-09-25,30950,30950,30600,30650,38725,-0.004870129870129913
2023-09-26,30550,30700,30350,30550,71868,-0.0032626427406199365
2023-09-27,30400,30700,30350,30450,45527,-0.00327332242225864
2023-10-04,30450,30450,30050,30100,97775,-0.011494252873563204
2023-10-05,30100,30400,30100,30300,56383,0.006644518272425293
2023-10-06,30350,30700,30200,30600,66324,0.00990099009900991
2023-10-10,30800,30900,30600,30800,52576,0.006535947712418277
2023-10-11,30800,31050,30700,30900,82068,0.0032467532467532756
2023-10-12,31100,31100,30700,31050,79148,0.004854368932038833
2023-10-13,30750,31150,30600,30950,66394,-0.0032206119162641045
2023-10-16,30900,31100,30800,30900,41545,-0.001615508885298822
2023-10-17,31050,31100,30900,30900,38724,0.0
2023-10-18,30850,31250,30800,31100,71486,0.006472491909385036
2023-10-19,31000,31200,30850,31100,71144,0.0
2023-10-20,31050,31200,30750,31000,68710,-0.003215434083601254
2023-10-23,31150,31200,30500,30650,101130,-0.011290322580645107
2023-10-24,30900,30900,30500,30700,52241,0.0016313213703098572
2023-10-25,30650,30950,30650,30900,41464,0.006514657980456029
2023-10-26,30950,30950,30550,30800,72180,-0.003236245954692518
2023-10-27,30950,31300,30750,31300,85336,0.016233766233766156
2023-10-30,31350,31400,31100,31400,75186,0.0031948881789136685
2023-10-31,31500,31500,31050,31350,64924,-0.0015923566878981443
2023-11-01,31400,31450,31150,31350,27756,0.0
2023-11-02,31400,31500,31250,31250,70640,-0.0031897926634768536
2023-11-03,31400,31500,31250,31450,51757,0.006399999999999961
2023-11-06,31450,32000,31350,32000,134048,0.01748807631160565
2023-11-07,32000,32050,31750,32050,89811,0.0015624999999999112
2023-11-08,32100,32250,31750,32150,108439,0.0031201248049921304
2023-11-09,32250,32650,32200,32650,162065,0.015552099533437058
2023-11-10,32500,32750,32450,32600,75115,-0.0015313935681470214
2023-11-13,32800,32800,32450,32700,73027,0.0030674846625766694
2023-11-14,32750,32900,32600,32850,115655,0.004587155963302836
2023-11-15,32950,33300,32900,33000,154770,0.004566210045662045
2023-11-16,32950,33050,32800,33000,47825,0.0
2023-11-17,33000,33100,32900,33000,56426,0.0
2023-11-20,33050,33100,32900,33000,61701,0.0
2023-11-21,33000,33150,32950,33050,46896,0.0015151515151514694
2023-11-22,32950,33150,32900,33000,47482,-0.001512859304084735
2023-11-23,32900,33100,32850,33050,47362,0.0015151515151514694
2023-11-24,33100,33100,32650,32650,34549,-0.012102874432677768
2023-11-27,32550,32950,32500,32700,49227,0.0015313935681469104
2023-11-28,32900,32950,32600,32700,79982,0.0
2023-11-29,32700,32850,32300,32400,77981,-0.00917431192660545
2023-11-30,32550,33000,32400,33000,94703,0.0185185185185186
2023-12-01,32950,33000,32600,32650,36610,-0.010606060606060619
2023-12-04,32600,32850,32500,32650,38051,0.0
2023-12-05,32500,33100,32500,32950,116003,0.009188361408882129
2023-12-06,32850,33050,32750,32750,86906,-0.006069802731411222
2023-12-07,32750,33000,32650,32950,63261,0.006106870229007688
2023-12-08,33000,33000,32800,32850,28236,-0.003034901365705611
2023-12-11,32950,32950,32650,32750,38064,-0.0030441400304414
2023-12-12,32600,32850,32550,32600,50392,-0.004580152671755711
2023-12-13,32600,32750,32300,32550,52820,-0.0015337423312883347
2023-12-14,32700,32750,32450,32700,104754,0.004608294930875667
2023-12-15,32550,32750,32450,32450,87491,-0.007645259938837912
2023-12-18,32300,32450,32000,32250,81201,-0.006163328197226536
2023-12-19,32050,32250,32000,32100,56535,-0.0046511627906976605
2023-12-20,32100,32500,32000,32450,94146,0.010903426791277315
2023-12-21,32450,32450,32250,32300,41066,-0.0046224961479198745
2023-12-22,32400,32400,32150,32350,63610,0.001547987616099089
2023-12-26,32450,32450,32000,32350,109113,0.0
2023-12-27,31950,32200,31800,32150,135012,-0.0061823802163832875
2023-12-28,32150,32500,32000,32350,74767,0.0062208398133747345
2024-01-02,32050,32350,31800,32100,110509,-0.007727975270479082
2024-01-03,32050,32100,31700,31800,69126,-0.009345794392523366
2024-01-04,31800,31850,31600,31600,57988,-0.0062893081761006275
2024-01-05,31600,31850,31600,31700,45149,0.0031645569620253333
2024-01-08,31750,31800,31500,31600,53353,-0.003154574132492094
2024-01-09,31950,31950,31600,31700,29946,0.0031645569620253333
2024-01-10,31750,31950,31600,31800,51636,0.003154574132492094
2024-01-11,31700,32000,31700,31700,50408,-0.0031446540880503138
2024-01-12,31900,31900,31550,31550,27915,-0.004731861198738141
2024-01-15,31550,31850,31550,31700,21680,0.004754358161648264
2024-01-16,31600,31850,31500,31800,36029,0.003154574132492094
2024-01-17,31850,31900,31500,31500,28079,-0.009433962264150941
2024-01-18,31650,31650,31250,31450,35545,-0.0015873015873015817
2024-01-19,31450,31800,31450,31550,30259,0.0031796502384737746
2024-01-22,31750,32050,31600,31950,56158,0.01267828843106189
2024-01-23,32100,32150,31850,32050,38177,0.003129890453834161
2024-01-24,32100,32300,31900,32250,44132,0.006240249609984483
2024-01-25,32300,32550,32250,32550,69829,0.009302325581395321
2024-01-26,32300,32650,32250,32400,51360,-0.004608294930875556
2024-01-29,32500,33000,32400,32900,100633,0.015432098765432167
2024-01-30,32800,32900,31950,31950,227608,-0.028875379939209744
2024-01-31,32150,33000,32150,33000,127305,0.032863849765258246
2024-02-01,32850,35000,32750,34900,651870,0.05757575757575761
2024-02-02,34650,35050,34100,34800,243031,-0.002865329512893977
2024-02-05,34500,34800,33800,34450,126727,-0.010057471264367845
2024-02-06,34150,34750,34000,34150,62390,-0.00870827285921627
2024-02-07,34500,35050,34100,35000,150218,0.02489019033674955
2024-02-08,34900,36100,34850,35400,262029,0.011428571428571344
2024-02-13,35950,36900,35850,36200,229322,0.02259887005649719
2024-02-14,35750,36350,35400,36200,126634,0.0
2024-02-15,36500,36500,35900,35950,78231,-0.006906077348066253
2024-02-16,36250,36450,35850,36350,87811,0.011126564673157091
2024-02-19,36350,36900,36200,36700,152136,0.009628610729023324
2024-02-20,36900,37200,36450,37100,229300,0.01089918256130784
2024-02-21,37150,37250,36250,36900,207710,-0.005390835579514808
2024-02-22,37250,37500,36450,37200,135123,0.008130081300812941
2024-02-23,37250,38000,36850,38000,196252,0.021505376344086002
2024-02-26,38000,38000,35800,36200,218762,-0.047368421052631615
2024-02-27,36150,36650,35550,36150,102407,-0.0013812154696132284
2024-02-28,36150,36450,35650,36450,48207,0.008298755186721962
2024-02-29,36450,37950,36250,37550,167862,0.030178326474622708
2024-03-04,37900,39300,37550,38800,208227,0.0332889480692411
2024-03-05,38550,39250,38500,39100,99311,0.0077319587628865705
2024-03-06,38900,39300,38750,39300,82278,0.005115089514066584
2024-03-07,39500,39500,39000,39350,93840,0.0012722646310432406
2024-03-08,39700,40200,39350,39700,140941,0.008894536213468918
2024-03-11,39400,39400,38750,38800,64107,-0.02267002518891692
2024-03-12,39150,39650,38700,38750,82492,-0.0012886597938144284
2024-03-13,39100,39600,38800,39350,96004,0.015483870967741842
2024-03-14,39650,40500,39500,40400,177410,0.02668360864040653
2024-03-15,40450,40900,40000,40350,128427,-0.0012376237623762387
2024-03-18,40750,40750,38800,39100,132825,-0.030978934324659257
2024-03-19,38850,39300,38600,38800,94243,-0.007672634271099765
2024-03-20,39150,39600,38700,39250,85879,0.011597938144329856
2024-03-21,39600,40700,39550,40550,197893,0.03312101910828025
2024-03-22,40600,41450,40550,41450,196876,0.022194821208384674
2024-03-25,41600,41600,40900,41500,197477,0.0012062726176116367
2024-03-26,38950,39650,38050,39250,420027,-0.054216867469879526
2024-03-27,38900,39000,37750,38550,242037,-0.017834394904458595
2024-03-28,38250,38850,38000,38450,159255,-0.0025940337224383825
2024-03-29,38500,38600,37500,37850,124920,-0.015604681404421283
2024-04-01,38100,38250,36600,36750,142006,-0.029062087186261576
2024-04-02,36300,37000,36150,36550,102451,-0.0054421768707483276
2024-04-03,36300,36750,36000,36450,105194,-0.002735978112175075
2024-04-04,36800,36950,36150,36400,82202,-0.00137174211248281
2024-04-05,36050,36500,36050,36100,52530,-0.008241758241758212
2024-04-08,36100,36750,35950,36450,54116,0.00969529085872578
2024-04-09,36700,36750,36100,36500,65797,0.00137174211248281
2024-04-11,35500,36100,35050,35400,166571,-0.03013698630136985
2024-04-12,35050,35650,34850,35400,98833,0.0
2024-04-15,35350,35650,34850,35650,95405,0.007062146892655274
2024-04-16,35000,37050,35000,37000,144188,0.03786816269284721
2024-04-17,36900,36900,36050,36350,72934,-0.01756756756756761
2024-04-18,36650,36650,35500,35800,55101,-0.015130674002751032
2024-04-19,35200,36350,35150,35950,85441,0.0041899441340782495
2024-04-22,36850,38100,36350,37750,115406,0.05006954102920713
2024-04-23,37350,38300,37200,38100,59123,0.009271523178807861
2024-04-24,38450,38500,37250,37450,51255,-0.017060367454068248
2024-04-25,37250,38200,37250,37850,46810,0.010680907877169465
2024-04-26,37800,38700,37650,38350,81383,0.013210039630118908
2024-04-29,38850,40450,38400,40150,154926,0.046936114732724965
2024-04-30,39650,40100,38650,39100,83743,-0.026151930261519296
2024-05-02,38450,39000,38400,38600,28126,-0.012787723785166238
2024-05-03,38450,38700,38200,38250,20060,-0.0090673575129534
2024-05-07,38700,38750,38200,38450,50922,0.005228758169934622
2024-05-08,38800,38900,38400,38600,28552,0.0039011703511053764
2024-05-09,38700,39000,38550,38850,45255,0.006476683937823857
2024-05-10,39250,39600,38600,39550,57598,0.018018018018018056
2024-05-13,39600,39900,39100,39600,59527,0.0012642225031604948
2024-05-14,39600,39900,39250,39500,34074,-0.002525252525252486
2024-05-16,40200,40250,39400,39500,64969,0.0
2024-05-17,39150,40200,38850,39700,70458,0.005063291139240533
2024-05-20,39700,40250,39550,39950,56636,0.006297229219143663
2024-05-21,39550,40450,39300,40050,38650,0.0025031289111390187
2024-05-22,39850,40150,38500,38750,66020,-0.03245942571785265
2024-05-23,38500,39350,38500,38950,50939,0.005161290322580614
2024-05-24,38700,39350,38650,39100,38051,0.0038510911424902705
2024-05-27,39050,40000,38750,39650,48860,0.01406649616368294
2024-05-28,39400,40250,39200,40200,58574,0.013871374527112179
2024-05-29,39800,40450,39600,40450,76139,0.006218905472636926
2024-05-30,39700,40300,39700,40000,52845,-0.011124845488257096
2024-05-31,40350,40500,39800,40500,80524,0.012499999999999956
2024-06-03,40600,40800,39750,40000,47003,-0.012345679012345734
2024-06-04,39300,40000,38600,38750,104848,-0.03125
2024-06-05,38750,39000,38300,38750,26994,0.0
2024-06-07,38500,39550,38500,38700,37321,-0.001290322580645209
2024-06-10,38300,39550,38300,38900,61575,0.0051679586563306845
2024-06-11,38900,39300,38650,38950,54916,0.0012853470437017567
2024-06-12,38600,39050,38500,38850,33982,-0.0025673940949936247
2024-06-13,38550,43300,38000,43300,176353,0.11454311454311461
2024-06-14,39900,40000,38150,38200,243196,-0.11778290993071594
2024-06-17,38300,38450,37850,37850,83998,-0.009162303664921434
2024-06-18,37950,38000,36800,36850,134674,-0.026420079260237816
2024-06-19,36850,37700,36850,36900,90276,0.0013568521031208647
2024-06-20,37100,37550,36850,37200,82101,0.008130081300812941
2024-06-21,37500,37850,37300,37650,75681,0.012096774193548487
2024-06-24,37700,37850,37250,37250,49299,-0.010624169986719778
2024-06-25,37600,37800,37250,37500,28136,0.006711409395973256
2024-06-26,37150,37850,37050,37600,47072,0.002666666666666595
2024-06-27,37150,37750,36850,37350,34394,-0.0066489361702127825
2024-06-28,37700,38350,37500,38300,61585,0.025435073627844806
2024-07-01,38100,38350,37800,38200,24220,-0.0026109660574412663
2024-07-02,37800,38650,37650,38400,41730,0.005235602094240788
2024-07-03,38700,40000,38300,39300,119399,0.0234375
2024-07-04,39600,40400,39200,39800,89633,0.012722646310432628
2024-07-05,40000,40350,39300,39550,69444,-0.006281407035175879
2024-07-08,39200,39900,39100,39100,29502,-0.011378002528445008
2024-07-09,39550,39600,38900,39150,41320,0.0012787723785165905
2024-07-10,38800,39300,38700,39250,25923,0.0025542784163474774
2024-07-11,39750,39900,39100,39900,53412,0.016560509554140124
2024-07-12,39950,39950,39250,39600,23818,-0.007518796992481258
2024-07-15,39950,39950,39000,39000,19091,-0.015151515151515138
2024-07-16,39200,39800,38750,39500,30457,0.012820512820512775
2024-07-17,39950,39950,39300,39300,21364,-0.005063291139240533
2024-07-18,39650,39700,39000,39450,31600,0.003816793893129722
2024-07-19,39000,39550,38850,39550,20152,0.0025348542458809575
2024-07-22,39600,40500,39150,39850,67624,0.007585335018963413
2024-07-23,40100,40100,39500,39500,33653,-0.008782936010037656
2024-07-24,39150,39650,39050,39450,33421,-0.0012658227848101333
2024-07-25,39800,39800,38750,38900,36835,-0.013941698352344711
2024-07-26,38850,39650,38700,39500,33088,0.015424164524421524
2024-07-29,39600,41600,39400,41250,185858,0.044303797468354444
2024-07-30,40850,41150,40450,40600,38267,-0.015757575757575748
2024-07-31,40600,42200,40600,42100,100972,0.03694581280788167
2024-08-01,41450,41950,40900,40900,58410,-0.028503562945368155
2024-08-02,40700,41200,39900,40200,54009,-0.017114914425427896
2024-08-05,40200,40250,37800,39500,130941,-0.01741293532338306
2024-08-06,42650,42650,38700,38800,102820,-0.017721518987341756
2024-08-07,38350,39400,38050,39000,56369,0.005154639175257714
2024-08-08,38850,40650,38850,40650,92607,0.04230769230769238
2024-08-09,40300,41500,40250,41200,46857,0.013530135301353052
2024-08-12,41600,41600,40500,40900,16956,-0.007281553398058249
2024-08-13,40550,41250,40550,40550,20314,-0.008557457212713948
2024-08-14,40600,40950,40300,40850,23790,0.007398273736128225
2024-08-16,41100,41800,40900,40900,27368,0.001223990208078396
2024-08-19,40800,41500,40800,41450,24925,0.01344743276283622
2024-08-20,41500,41750,41150,41400,29234,-0.0012062726176115257
2024-08-21,41800,41950,41500,41750,28286,0.008454106280193274
2024-08-22,42000,42400,41600,42050,40097,0.007185628742514938
2024-08-23,42050,44950,42000,44850,277454,0.06658739595719387
2024-08-26,44800,45550,44500,45200,112949,0.0078037904124861335
2024-08-27,45400,45400,44600,45400,63119,0.004424778761061843
2024-08-28,45300,45300,43700,44300,57488,-0.024229074889867808
2024-08-29,44300,46000,43850,44500,102030,0.004514672686230181
2024-08-30,44500,44650,43300,43450,53228,-0.02359550561797752
2024-09-02,43450,44250,43450,44100,53513,0.014959723820483273
2024-09-03,44300,45550,44100,45200,83180,0.024943310657596474
2024-09-04,45400,45450,44200,44700,61039,-0.011061946902654829
2024-09-05,44750,45100,44150,44600,44494,-0.0022371364653244186
2024-09-06,44900,44900,43450,44600,87192,0.0
2024-09-09,43900,44450,42250,42550,77465,-0.04596412556053808
2024-09-10,42650,43750,42600,43150,44475,0.014101057579318343
2024-09-11,43200,43200,41250,42000,89895,-0.02665121668597914
2024-09-12,42050,42150,41550,42050,83640,0.0011904761904761862
2024-09-13,42000,43050,41900,43050,46567,0.02378121284185486
2024-09-19,44200,44500,43100,43600,50366,0.012775842044134622
2024-09-20,43950,43950,43050,43200,98737,-0.00917431192660545
2024-09-23,43900,43900,42800,42800,23856,-0.0092592592592593
2024-09-24,43000,43750,41900,42700,57055,-0.002336448598130869
2024-09-25,43150,43550,40250,40300,220599,-0.05620608899297419
2024-09-26,40500,41200,40400,41200,83059,0.022332506203474045
2024-09-27,41250,41300,40500,40600,47568,-0.014563106796116498
2024-09-30,41300,41450,40500,41150,69600,0.013546798029556717
2024-10-02,41150,41150,40200,40450,65048,-0.017010935601458055
2024-10-04,40800,41250,40350,41000,33490,0.013597033374536549
2024-10-07,40650,41150,40550,41000,28747,0.0
2024-10-08,41000,41000,39900,40150,98537,-0.02073170731707319
2024-10-10,41200,41200,40000,40000,55026,-0.0037359900373599153
2024-10-11,40500,40900,40250,40900,22928,0.022499999999999964
2024-10-14,40500,41350,40450,40750,58667,-0.003667481662591676
2024-10-15,40800,41050,40300,41050,56370,0.007361963190184007
2024-10-16,40600,40950,40500,40700,38127,-0.008526187576126665
2024-10-17,40900,41150,40600,40600,27943,-0.002457002457002422
2024-10-18,40950,41000,40300,40950,66889,0.008620689655172376
2024-10-21,41000,41050,40600,40650,29475,-0.0073260073260073
2024-10-22,40550,41050,40550,40800,45939,0.0036900369003689537
2024-10-23,40950,40950,40400,40600,35780,-0.004901960784313708
2024-10-24,40600,40850,40500,40650,56345,0.0012315270935960854
2024-10-25,40700,41200,40550,41000,43258,0.008610086100861114
2024-10-28,41050,41050,39100,39400,181681,-0.039024390243902474
2024-10-29,39350,39850,39300,39550,66612,0.0038071065989848663
2024-10-30,39500,40300,39450,40150,73805,0.015170670037926604
2024-10-31,40350,40400,39600,40400,64846,0.0062266500622665255
2024-11-01,40300,40650,39800,40200,43579,-0.004950495049504955
2024-11-04,40200,40350,39600,40050,72273,-0.003731343283582045
2024-11-05,39650,40050,39550,39950,33539,-0.0024968789013732895
2024-11-06,39900,40000,39550,39750,66456,-0.005006257822277815
2024-11-07,39600,40900,39550,40000,71594,0.0062893081761006275
