Date,Open,High,Low,Close,Volume,Change
2022-01-03,3170,3175,3100,3115,34256,-0.023510971786833812
2022-01-04,3150,3150,3100,3130,34995,0.0048154093097914075
2022-01-05,3135,3135,3050,3075,38837,-0.01757188498402551
2022-01-06,3075,3075,3010,3030,25005,-0.014634146341463428
2022-01-07,3030,3075,3010,3055,18657,0.008250825082508184
2022-01-10,3065,3065,2980,2995,34849,-0.019639934533551506
2022-01-11,3010,3010,2930,2990,41525,-0.0016694490818029983
2022-01-12,2990,2995,2975,2990,19201,0.0
2022-01-13,2960,2990,2935,2980,19339,-0.0033444816053511683
2022-01-14,2975,3005,2920,2930,24769,-0.016778523489932917
2022-01-17,2930,2965,2870,2870,38079,-0.020477815699658675
2022-01-18,2890,2930,2830,2880,48533,0.0034843205574912606
2022-01-19,2880,2905,2810,2820,49467,-0.02083333333333337
2022-01-20,2820,2890,2810,2890,30285,0.024822695035461084
2022-01-21,2850,2920,2820,2870,23118,-0.00692041522491349
2022-01-24,2875,2890,2610,2770,47023,-0.03484320557491294
2022-01-25,2770,2770,2520,2555,87962,-0.07761732851985559
2022-01-26,2625,2660,2550,2590,35582,0.013698630136986356
2022-01-27,2595,2635,2510,2545,34319,-0.01737451737451734
2022-01-28,2520,2555,2480,2545,36628,0.0
2022-02-03,2550,2635,2550,2605,25923,0.023575638506876162
2022-02-04,2605,2630,2565,2620,26665,0.0057581573896352545
2022-02-07,2650,2710,2610,2645,13698,0.009541984732824416
2022-02-08,2625,2670,2610,2645,28361,0.0
2022-02-09,2645,2685,2600,2665,49621,0.007561436672967936
2022-02-10,2690,2690,2620,2635,17692,-0.011257035647279534
2022-02-11,2635,2650,2585,2640,19603,0.00189753320683117
2022-02-14,2630,2630,2505,2535,17886,-0.03977272727272729
2022-02-15,2580,2580,2445,2445,72523,-0.035502958579881616
2022-02-16,2480,2550,2480,2515,42604,0.02862985685071573
2022-02-17,2515,2550,2495,2520,20467,0.001988071570576455
2022-02-18,2515,3150,2480,2765,2169599,0.09722222222222232
2022-02-21,2685,3230,2670,3015,1655559,0.0904159132007234
2022-02-22,3010,3085,2825,2850,583372,-0.05472636815920395
2022-02-23,2900,2910,2800,2880,183730,0.010526315789473717
2022-02-24,2915,2915,2690,2730,117132,-0.05208333333333337
2022-02-25,2735,2810,2705,2710,77024,-0.0073260073260073
2022-02-28,2735,2800,2710,2750,48875,0.014760147601476037
2022-03-02,2765,2880,2740,2830,53443,0.029090909090909056
2022-03-03,2895,3650,2840,3210,6726249,0.13427561837455837
2022-03-04,3195,3500,3090,3140,1194406,-0.02180685358255452
2022-03-07,3225,3380,3060,3060,473121,-0.02547770700636942
2022-03-08,3030,3155,2820,2945,361588,-0.037581699346405206
2022-03-10,2980,3020,2855,2890,150694,-0.018675721561969394
2022-03-11,2860,2925,2860,2920,105315,0.01038062283737018
2022-03-14,2955,3125,2855,2885,226513,-0.011986301369863006
2022-03-15,2865,2920,2860,2885,62983,0.0
2022-03-16,2950,3030,2885,2980,90888,0.032928942807625594
2022-03-17,2990,3020,2925,2960,45341,-0.006711409395973145
2022-03-18,2985,2985,2880,2965,51178,0.0016891891891892552
2022-03-21,2980,3095,2950,3030,160406,0.021922428330522825
2022-03-22,2810,3185,2810,3045,315457,0.004950495049504955
2022-03-23,3040,3070,2950,3010,86356,-0.011494252873563204
2022-03-24,3035,3140,2980,3080,146398,0.023255813953488413
2022-03-25,3080,3130,3015,3050,112788,-0.009740259740259716
2022-03-28,3050,3075,2995,2995,67952,-0.0180327868852459
2022-03-29,3015,3160,3010,3100,150588,0.03505843071786319
2022-03-30,3150,3205,3050,3095,185529,-0.001612903225806428
2022-03-31,3095,3150,3095,3140,54373,0.01453957996768973
2022-04-01,3125,3170,3060,3100,55741,-0.01273885350318471
2022-04-04,3180,3190,3070,3080,106171,-0.006451612903225823
2022-04-05,3080,3090,3035,3085,47405,0.0016233766233766378
2022-04-06,3100,3120,2995,3020,57465,-0.021069692058346856
2022-04-07,3070,3070,2970,3015,54338,-0.0016556291390728006
2022-04-08,3000,3045,2960,3015,26499,0.0
2022-04-11,3015,3050,2930,2935,39309,-0.026533996683250405
2022-04-12,2960,2995,2905,2940,37638,0.0017035775127767216
2022-04-13,2905,2975,2905,2955,19463,0.005102040816326481
2022-04-14,2955,3005,2910,2975,14868,0.006768189509306355
2022-04-15,3000,3080,2975,3080,111520,0.03529411764705892
2022-04-18,3120,4000,3065,4000,7231011,0.2987012987012987
2022-04-19,4900,5200,4150,5200,24820516,0.30000000000000004
2022-04-20,5960,6760,5650,5650,18978446,0.08653846153846145
2022-04-21,5810,6120,4865,5650,9943211,0.0
2022-04-22,5300,6400,5120,5440,8346077,-0.03716814159292037
2022-04-25,5460,6350,5270,5470,8699999,0.005514705882353033
2022-04-26,5600,5970,5240,5310,3430953,-0.029250457038391242
2022-04-27,5100,5150,4340,4480,1772800,-0.15630885122410543
2022-04-28,4485,4485,4125,4325,1262011,-0.0345982142857143
2022-04-29,4300,4630,4245,4325,1192282,0.0
2022-05-02,4680,5620,4570,5620,10138658,0.2994219653179191
2022-05-03,5900,6020,4930,5000,4347693,-0.11032028469750887
2022-05-04,5040,5090,4470,4555,1213769,-0.08899999999999997
2022-05-06,4530,4755,4150,4270,1033653,-0.06256860592755209
2022-05-09,4540,5490,4315,4810,12842360,0.12646370023419196
2022-05-10,5250,5250,4425,4500,3513854,-0.0644490644490644
2022-05-11,4500,4700,4350,4700,2041246,0.04444444444444451
2022-05-12,4550,4625,4295,4375,822561,-0.06914893617021278
2022-05-13,4330,4380,4130,4145,755332,-0.0525714285714286
2022-05-16,4480,5210,4475,4920,9325937,0.18697225572979503
2022-05-17,4950,5000,4230,4335,2764196,-0.11890243902439024
2022-05-18,4300,4605,4230,4370,2054519,0.008073817762399127
2022-05-19,4220,4340,4150,4195,666177,-0.040045766590389054
2022-05-20,4205,4920,4185,4390,4907090,0.04648390941597147
2022-05-23,4315,4330,4160,4205,641919,-0.04214123006833714
2022-05-24,4170,4285,4025,4055,489502,-0.0356718192627824
2022-05-25,4790,4900,4275,4305,5682896,0.06165228113440202
2022-05-26,4510,4830,4380,4440,3396575,0.03135888501742157
2022-05-27,5390,5430,4595,4815,5615651,0.08445945945945943
2022-05-30,4815,4870,4610,4730,1719417,-0.017653167185877505
2022-05-31,4835,4840,4515,4630,758286,-0.02114164904862581
2022-06-02,4530,4640,4450,4585,395436,-0.009719222462203025
2022-06-03,4570,4570,4390,4525,540573,-0.013086150490730697
2022-06-07,4530,4600,4400,4445,407664,-0.0176795580110497
2022-06-08,4405,4445,4250,4330,262850,-0.025871766029246346
2022-06-09,4250,4320,4100,4170,263471,-0.036951501154734445
2022-06-10,4075,4400,4075,4095,312476,-0.017985611510791366
2022-06-13,4185,4830,4090,4300,4811846,0.050061050061050105
2022-06-14,4120,4180,3830,3880,862234,-0.0976744186046512
2022-06-15,3875,4260,3800,3835,940533,-0.011597938144329856
2022-06-16,3870,4100,3800,3880,612211,0.011734028683181297
2022-06-17,4185,4265,3860,3885,620846,0.0012886597938144284
2022-06-20,3835,4155,3825,3850,812927,-0.009009009009009028
2022-06-21,3830,3955,3700,3770,295970,-0.020779220779220786
2022-06-22,3670,3855,3515,3530,344551,-0.06366047745358094
2022-06-23,3540,3540,3200,3200,314496,-0.09348441926345608
2022-06-24,3125,3325,3125,3315,209107,0.035937499999999956
2022-06-27,3360,3480,3300,3450,170893,0.040723981900452566
2022-06-28,3390,3465,3355,3430,144892,-0.005797101449275366
2022-06-29,3690,3920,3400,3400,642585,-0.008746355685131157
2022-06-30,3385,3395,3280,3295,123511,-0.030882352941176472
2022-07-01,3230,3295,3110,3165,154375,-0.039453717754172946
2022-07-04,3165,3270,3085,3140,102967,-0.00789889415481837
2022-07-05,3110,3195,3105,3190,77984,0.015923566878981
2022-07-06,3185,3185,3040,3065,193600,-0.039184952978056464
2022-07-07,3115,3180,3075,3135,101652,0.022838499184339334
2022-07-08,3160,3250,3130,3215,174698,0.02551834130781505
2022-07-11,3235,3235,3040,3170,97751,-0.013996889580093264
2022-07-12,3110,3215,3105,3135,76835,-0.01104100946372244
2022-07-13,3080,3160,3025,3110,77134,-0.00797448165869219
2022-07-14,3080,3115,3030,3065,95979,-0.014469453376205754
2022-07-15,3035,3070,2930,2955,127722,-0.03588907014681897
2022-07-18,3015,3040,2965,2995,73174,0.013536379018612488
2022-07-19,3025,3040,2970,3005,49986,0.0033388981636059967
2022-07-20,3005,3075,3005,3025,58827,0.006655574043261225
2022-07-21,3025,3040,2985,3015,51919,-0.0033057851239669533
2022-07-22,3015,3030,2960,2980,85815,-0.011608623548922004
2022-07-25,2980,2985,2925,2960,56277,-0.006711409395973145
2022-07-26,2930,3000,2915,2965,88841,0.0016891891891892552
2022-07-27,2960,2960,2900,2905,60231,-0.0202360876897133
2022-07-28,2925,2935,2880,2895,62085,-0.0034423407917383297
2022-07-29,2895,2920,2880,2890,71956,-0.0017271157167529916
2022-08-01,2910,2910,2850,2875,75220,-0.00519031141868509
2022-08-02,2875,2875,2815,2825,56367,-0.017391304347826098
2022-08-03,2815,3465,2815,3040,2668346,0.07610619469026547
2022-08-04,3040,3040,2935,2980,200525,-0.019736842105263164
2022-08-05,2970,3020,2900,2950,133368,-0.010067114093959773
2022-08-08,2950,2965,2890,2890,152159,-0.02033898305084747
2022-08-09,2970,2980,2900,2930,76141,0.01384083044982698
2022-08-10,2930,2950,2885,2920,63489,-0.0034129692832765013
2022-08-11,2960,2965,2900,2940,46180,0.006849315068493178
2022-08-12,2920,2970,2920,2940,69023,0.0
2022-08-16,2960,2985,2910,2965,60065,0.008503401360544283
2022-08-17,2975,3045,2920,3000,162982,0.01180438448566612
2022-08-18,3020,3080,2960,3005,169503,0.0016666666666667052
2022-08-19,3005,3020,2975,3000,48113,-0.0016638935108153063
2022-08-22,2970,3210,2970,3075,520780,0.02499999999999991
2022-08-23,3050,3155,2945,3000,186807,-0.024390243902439046
2022-08-24,3005,3040,2960,3010,74223,0.0033333333333334103
2022-08-25,3015,3075,3005,3065,73006,0.0182724252491695
2022-08-26,3045,3100,3030,3040,58741,-0.00815660685154973
2022-08-29,3060,3160,2960,2985,310155,-0.018092105263157854
2022-08-30,2995,3040,2950,2950,104640,-0.011725293132328285
2022-08-31,2970,2970,2930,2930,42365,-0.006779661016949157
2022-09-01,2930,2930,2845,2845,84942,-0.029010238907849817
2022-09-02,2890,2890,2830,2850,36384,0.0017574692442883233
2022-09-05,2815,2845,2750,2790,76147,-0.021052631578947323
2022-09-06,2770,2825,2770,2780,55915,-0.0035842293906810374
2022-09-07,2740,2800,2635,2670,136604,-0.03956834532374098
2022-09-08,2670,2780,2665,2710,109551,0.014981273408239737
2022-09-13,2730,2770,2725,2740,76924,0.011070110701107083
2022-09-14,2650,2780,2650,2745,57462,0.0018248175182482562
2022-09-15,2745,2755,2705,2715,33327,-0.010928961748633892
2022-09-16,2700,2725,2680,2705,47802,-0.0036832412523020164
2022-09-19,2695,2710,2610,2610,55588,-0.03512014787430684
2022-09-20,2615,2660,2600,2655,21346,0.01724137931034475
2022-09-21,2625,2735,2625,2655,44827,0.0
2022-09-22,2680,3190,2640,2835,3118561,0.06779661016949157
2022-09-23,2820,2855,2665,2675,383220,-0.0564373897707231
2022-09-26,2640,2765,2615,2615,192991,-0.02242990654205612
2022-09-27,2615,2645,2430,2470,150483,-0.055449330783938766
2022-09-28,2485,2635,2360,2370,166150,-0.04048582995951422
2022-09-29,2535,2535,2400,2430,101924,0.025316455696202445
2022-09-30,2430,2455,2360,2405,57916,-0.010288065843621408
2022-10-04,2415,2540,2415,2530,72814,0.05197505197505192
2022-10-05,2545,2570,2470,2555,100011,0.009881422924901129
2022-10-06,2620,2625,2575,2590,86844,0.013698630136986356
2022-10-07,2545,2630,2510,2535,55342,-0.021235521235521193
2022-10-11,2555,2555,2400,2435,56499,-0.03944773175542404
2022-10-12,2410,2420,2370,2380,62286,-0.022587268993839782
2022-10-13,2405,2405,2200,2210,121532,-0.0714285714285714
2022-10-14,2230,2300,2230,2280,42740,0.03167420814479649
2022-10-17,2280,2295,2180,2270,11665,-0.004385964912280715
2022-10-18,2275,2340,2275,2310,27652,0.017621145374449254
2022-10-19,2340,2345,2290,2330,32285,0.008658008658008587
2022-10-20,2360,2360,2280,2280,22214,-0.02145922746781115
2022-10-21,2310,2325,2260,2275,9228,-0.002192982456140302
2022-10-24,2280,2330,2280,2330,11167,0.02417582417582409
2022-10-25,2385,2385,2280,2335,16286,0.0021459227467810482
2022-10-26,2335,2350,2285,2285,28870,-0.021413276231263434
2022-10-27,2310,2310,2270,2310,21631,0.010940919037199182
2022-10-28,2310,2335,2285,2295,31003,-0.00649350649350644
2022-10-31,2520,2690,2360,2385,1002742,0.03921568627450989
2022-11-01,2385,2410,2320,2345,98851,-0.016771488469601636
2022-11-02,2345,2405,2325,2365,38864,0.008528784648187626
2022-11-03,2290,2345,2290,2340,44094,-0.010570824524312905
2022-11-04,2325,2345,2300,2345,15781,0.002136752136752129
2022-11-07,2350,2500,2330,2480,93611,0.05756929637526653
2022-11-08,2420,2420,2390,2400,70741,-0.032258064516129004
2022-11-09,2400,2445,2390,2425,43351,0.01041666666666674
2022-11-10,2400,2455,2400,2425,29733,0.0
2022-11-11,2485,2505,2450,2495,80986,0.028865979381443196
2022-11-14,2495,2535,2490,2525,40311,0.012024048096192397
2022-11-15,2500,2540,2495,2535,54686,0.003960396039603964
2022-11-16,2580,2595,2525,2570,94989,0.013806706114398493
2022-11-17,2540,2570,2500,2555,31877,-0.005836575875486361
2022-11-18,2575,2585,2515,2570,20233,0.005870841487279899
2022-11-21,2535,2535,2480,2480,45483,-0.035019455252918275
2022-11-22,2505,2505,2450,2455,17814,-0.01008064516129037
2022-11-23,2455,2505,2455,2465,36602,0.004073319755600879
2022-11-24,2455,2490,2455,2485,30682,0.008113590263691739
2022-11-25,2495,2495,2455,2490,23896,0.002012072434607548
2022-11-28,2485,2485,2380,2465,89289,-0.010040160642570295
2022-11-29,2470,2470,2405,2430,32326,-0.014198782961460488
2022-11-30,2410,2465,2410,2440,21674,0.004115226337448652
2022-12-01,2440,2500,2425,2490,47633,0.020491803278688492
2022-12-02,2510,2510,2440,2470,36082,-0.008032128514056214
2022-12-05,2470,2490,2445,2470,23034,0.0
2022-12-06,2470,2545,2450,2505,52335,0.014170040485830038
2022-12-07,2480,2525,2470,2470,56145,-0.013972055888223589
2022-12-08,2490,2500,2440,2485,20262,0.006072874493927127
2022-12-09,2485,2490,2435,2480,24547,-0.002012072434607659
2022-12-12,2485,2485,2430,2460,29795,-0.008064516129032251
2022-12-13,2460,2475,2450,2470,18849,0.004065040650406582
2022-12-14,2455,2500,2450,2470,27492,0.0
2022-12-15,2470,2475,2450,2470,11624,0.0
2022-12-16,2440,2465,2420,2460,25905,-0.004048582995951455
2022-12-19,2465,2485,2435,2465,25546,0.00203252032520318
2022-12-20,2465,2470,2435,2435,37779,-0.012170385395537497
2022-12-21,2440,2475,2425,2430,34402,-0.002053388090349051
2022-12-22,2440,2465,2425,2445,27301,0.006172839506172867
2022-12-23,2430,2440,2410,2410,47868,-0.014314928425357865
2022-12-26,2410,2430,2410,2425,21164,0.006224066390041472
2022-12-27,2425,2460,2425,2455,23981,0.012371134020618513
2022-12-28,2430,2450,2380,2420,31164,-0.014256619144602856
2022-12-29,2420,2420,2310,2340,23084,-0.03305785123966942
2023-01-02,2340,2395,2280,2295,23131,-0.019230769230769273
2023-01-03,2300,2345,2230,2255,40175,-0.017429193899782147
2023-01-04,2255,2315,2225,2275,21721,0.008869179600886845
2023-01-05,2265,2300,2265,2285,32868,0.00439560439560438
2023-01-06,2275,2470,2265,2375,81121,0.03938730853391692
2023-01-09,2390,2480,2390,2470,95608,0.040000000000000036
2023-01-10,2470,2480,2415,2450,31099,-0.0080971659919028
2023-01-11,2465,2475,2440,2465,19773,0.00612244897959191
2023-01-12,2470,2475,2435,2465,20536,0.0
2023-01-13,2465,2475,2425,2460,32529,-0.0020283975659228792
2023-01-16,2480,2520,2460,2505,150733,0.018292682926829285
2023-01-17,2640,2720,2560,2585,438108,0.031936127744510934
2023-01-18,2565,2670,2530,2575,58033,-0.003868471953578312
2023-01-19,2575,2575,2405,2430,149082,-0.05631067961165048
2023-01-20,2450,2550,2390,2420,113297,-0.004115226337448541
2023-01-25,2420,2455,2400,2410,75757,-0.004132231404958664
2023-01-26,2410,2595,2410,2500,128697,0.03734439834024905
2023-01-27,2520,2540,2490,2500,44948,0.0
2023-01-30,2510,2520,2425,2450,116462,-0.020000000000000018
2023-01-31,2450,2470,2430,2455,29907,0.0020408163265306367
2023-02-01,2460,2530,2445,2450,34632,-0.0020366598778004397
2023-02-02,2460,2475,2440,2475,27340,0.010204081632652962
2023-02-03,2505,2505,2460,2480,22244,0.002020202020202033
2023-02-06,2470,2510,2440,2490,33353,0.0040322580645162365
2023-02-07,2490,2540,2490,2515,78337,0.010040160642570184
2023-02-08,2590,2660,2520,2525,214128,0.003976143141153132
2023-02-09,2530,2565,2500,2530,38949,0.001980198019801982
2023-02-10,2530,2590,2490,2550,79589,0.007905138339920903
2023-02-13,2590,2650,2550,2610,99657,0.0235294117647058
2023-02-14,2610,2630,2585,2605,52700,-0.0019157088122605526
2023-02-15,2615,2615,2505,2505,63816,-0.03838771593090207
2023-02-16,2510,2545,2505,2515,29726,0.003992015968063978
2023-02-17,2515,2530,2500,2515,26176,0.0
2023-02-20,2520,2555,2485,2490,40045,-0.00994035785288272
2023-02-21,2495,2545,2495,2515,21475,0.010040160642570184
2023-02-22,2510,2615,2495,2600,121096,0.03379721669980129
2023-02-23,2615,2620,2555,2595,51972,-0.0019230769230769162
2023-02-24,2600,2600,2505,2560,86171,-0.013487475915221592
2023-02-27,2525,2580,2500,2540,58525,-0.0078125
2023-02-28,2515,2545,2505,2520,25417,-0.007874015748031482
2023-03-02,2520,2530,2495,2510,47424,-0.003968253968253954
2023-03-03,2510,2520,2495,2500,28231,-0.003984063745019917
2023-03-06,2495,2545,2495,2530,40002,0.01200000000000001
2023-03-07,2530,2530,2490,2520,32733,-0.0039525691699604515
2023-03-08,2500,2515,2495,2500,21840,-0.007936507936507908
2023-03-09,2505,2505,2440,2470,65770,-0.01200000000000001
2023-03-10,2440,2470,2415,2425,23446,-0.018218623481781382
2023-03-13,2400,2430,2355,2370,36615,-0.02268041237113405
2023-03-14,2370,2370,2275,2300,70543,-0.029535864978902926
2023-03-15,2300,2350,2300,2320,21637,0.008695652173912993
2023-03-16,2320,2320,2270,2290,11642,-0.012931034482758674
2023-03-17,2290,2320,2290,2305,11837,0.0065502183406114245
2023-03-20,2310,2335,2300,2320,11378,0.006507592190889477
2023-03-21,2320,2325,2290,2300,19565,-0.008620689655172376
2023-03-22,2300,2310,2245,2275,29191,-0.010869565217391353
2023-03-23,2265,2285,2205,2260,45817,-0.00659340659340657
2023-03-24,2230,2300,2230,2280,18895,0.008849557522123908
2023-03-27,2280,2290,2230,2240,21084,-0.01754385964912286
2023-03-28,2245,2270,2190,2225,36081,-0.006696428571428603
2023-03-29,2230,2285,2230,2260,29714,0.01573033707865168
2023-03-30,2240,2285,2230,2280,21281,0.008849557522123908
2023-03-31,2330,2335,2255,2300,79213,0.00877192982456143
2023-04-03,2285,2345,2285,2335,26749,0.01521739130434785
2023-04-04,2345,2360,2335,2360,17974,0.010706638115631772
2023-04-05,2335,2365,2315,2360,23261,0.0
2023-04-06,2360,2360,2320,2340,24025,-0.008474576271186418
2023-04-07,2350,2370,2325,2345,53988,0.002136752136752129
2023-04-10,2325,2340,2290,2315,31311,-0.01279317697228144
2023-04-11,2315,2315,2260,2295,33676,-0.008639308855291628
2023-04-12,2295,2325,2265,2325,27597,0.013071895424836555
2023-04-13,2360,2770,2280,2510,3308682,0.0795698924731183
2023-04-14,2500,2530,2425,2460,268043,-0.019920318725099584
2023-04-17,2520,2580,2465,2480,309550,0.008130081300812941
2023-04-18,2480,2500,2440,2460,110157,-0.008064516129032251
2023-04-19,2460,2495,2415,2485,109355,0.010162601626016343
2023-04-20,2450,2845,2440,2540,1062629,0.02213279678068414
2023-04-21,2650,2955,2565,2675,1994642,0.053149606299212504
2023-04-24,2715,2770,2580,2610,262104,-0.024299065420560706
2023-04-25,2660,2735,2530,2530,242099,-0.03065134099616862
2023-04-26,2595,2830,2505,2725,889721,0.07707509881422925
2023-04-27,2645,2730,2525,2535,370311,-0.06972477064220184
2023-04-28,2620,2950,2545,2655,1607470,0.047337278106508895
2023-05-02,2615,2670,2580,2640,176184,-0.005649717514124242
2023-05-03,2615,2670,2580,2600,91644,-0.015151515151515138
2023-05-04,2610,2650,2565,2580,60795,-0.007692307692307665
2023-05-08,2920,3350,2800,3350,4247417,0.29844961240310086
2023-05-09,4170,4355,3910,4355,19320440,0.30000000000000004
2023-05-10,4620,4920,3735,3980,12152033,-0.08610792192881744
2023-05-11,4000,4060,3510,3830,4304552,-0.03768844221105527
2023-05-12,3665,3830,3325,3435,3623867,-0.10313315926892952
2023-05-15,3605,3665,3385,3415,2460613,-0.005822416302765698
2023-05-16,3410,3600,3230,3380,4329846,-0.010248901903367469
2023-05-17,3315,3330,3150,3205,1152009,-0.05177514792899407
2023-05-18,3065,3140,2990,3140,885806,-0.020280811232449292
2023-05-19,3065,3155,3060,3085,656248,-0.017515923566879033
2023-05-22,3075,3335,3060,3155,2061098,0.02269043760129663
2023-05-23,3145,3235,3110,3160,519162,0.0015847860538826808
2023-05-24,3205,4100,3125,3475,15381600,0.09968354430379756
2023-05-25,3385,3550,3295,3305,2863678,-0.048920863309352525
2023-05-26,3335,3350,3090,3105,1212791,-0.06051437216338884
2023-05-30,3080,3265,3050,3080,585735,-0.008051529790660261
2023-05-31,3090,3320,3080,3180,1196170,0.032467532467532534
2023-06-01,3145,3170,3100,3140,252037,-0.012578616352201255
2023-06-02,3175,3205,3060,3080,305329,-0.019108280254777066
2023-06-05,3095,3395,3090,3210,2459534,0.04220779220779214
2023-06-07,3210,3255,3135,3180,384006,-0.009345794392523366
2023-06-08,3270,3320,3110,3115,687601,-0.020440251572327095
2023-06-09,3185,3350,3165,3235,887402,0.038523274478330594
2023-06-12,3255,3265,3170,3185,284389,-0.015455950540958274
2023-06-13,3205,3295,3150,3260,736969,0.023547880690737877
2023-06-14,3225,3300,3160,3195,657617,-0.019938650306748462
2023-06-15,3215,3345,3185,3255,891295,0.018779342723004744
2023-06-16,3255,3290,3195,3210,288814,-0.01382488479262678
2023-06-19,3235,3300,3200,3200,350206,-0.0031152647975077885
2023-06-20,3200,3210,3070,3095,255577,-0.03281250000000002
2023-06-21,3095,3160,3060,3155,204024,0.01938610662358653
2023-06-22,3100,3190,3085,3090,210725,-0.020602218700475405
2023-06-23,3080,3080,2915,2950,239070,-0.04530744336569581
2023-06-26,2905,2930,2790,2835,235427,-0.03898305084745768
2023-06-27,2825,2840,2725,2805,180075,-0.010582010582010581
2023-06-28,2770,2820,2735,2735,89244,-0.024955436720142554
2023-06-29,2760,2770,2675,2690,108258,-0.01645338208409508
2023-06-30,2830,3495,2720,2990,10687816,0.11152416356877315
2023-07-03,3105,3125,2915,2915,1309867,-0.025083612040133763
2023-07-04,2930,2975,2840,2890,562918,-0.00857632933104635
2023-07-05,2885,2930,2795,2815,306456,-0.02595155709342556
2023-07-06,2810,2840,2750,2805,185559,-0.003552397868561319
2023-07-07,2760,2840,2755,2780,108251,-0.0089126559714795
2023-07-10,2780,2855,2780,2835,144644,0.019784172661870603
2023-07-11,2835,2860,2780,2835,166691,0.0
2023-07-12,2855,2860,2805,2850,107095,0.005291005291005346
2023-07-13,2830,2905,2830,2860,206188,0.0035087719298245723
2023-07-14,2860,2870,2715,2755,347412,-0.036713286713286664
2023-07-17,2785,2785,2680,2695,149296,-0.02177858439201452
2023-07-18,2745,2840,2635,2660,326333,-0.012987012987012991
2023-07-19,2660,2775,2570,2645,147416,-0.005639097744360888
2023-07-20,2680,2680,2615,2640,67588,-0.001890359168241984
2023-07-21,2670,2670,2620,2635,54599,-0.0018939393939394478
2023-07-24,2630,2635,2570,2600,99571,-0.013282732447817858
2023-07-25,2620,2620,2535,2535,86401,-0.025000000000000022
2023-07-26,2530,2530,2370,2440,199116,-0.03747534516765283
2023-07-27,2440,2530,2440,2510,75849,0.028688524590164022
2023-07-28,2510,2580,2470,2555,65571,0.017928286852589626
2023-07-31,2550,2590,2530,2555,36046,0.0
2023-08-01,2585,2585,2530,2540,50185,-0.005870841487279899
2023-08-02,2545,2565,2485,2485,72222,-0.021653543307086576
2023-08-03,2465,2500,2430,2480,71751,-0.002012072434607659
2023-08-04,2455,2545,2455,2540,32085,0.024193548387096753
2023-08-07,2545,2570,2500,2535,119539,-0.0019685039370078705
2023-08-08,2770,2830,2530,2540,912023,0.0019723865877712132
2023-08-09,2515,2575,2460,2555,83668,0.0059055118110236116
2023-08-10,2540,2600,2510,2535,78362,-0.007827788649706457
2023-08-11,2530,2600,2530,2585,55220,0.019723865877712132
2023-08-14,2550,2600,2530,2535,55222,-0.01934235976789167
2023-08-16,2525,2530,2470,2485,60292,-0.01972386587771202
2023-08-17,2480,2480,2410,2460,44671,-0.010060362173038184
2023-08-18,2445,2480,2370,2450,55217,-0.004065040650406471
2023-08-21,2450,2495,2450,2460,19334,0.004081632653061273
2023-08-22,2470,2580,2420,2495,93151,0.014227642276422703
2023-08-23,2490,2520,2465,2485,34885,-0.004008016032064132
2023-08-24,2620,2775,2525,2565,442236,0.03219315895372232
2023-08-25,2575,2790,2575,2665,589484,0.03898635477582846
2023-08-28,2725,2775,2625,2705,191771,0.015009380863039379
2023-08-29,2770,2770,2700,2715,74482,0.003696857670979714
2023-08-30,2715,2730,2610,2635,80429,-0.029465930018416242
2023-08-31,2640,2700,2635,2640,35611,0.00189753320683117
2023-09-01,2650,2680,2590,2620,36526,-0.007575757575757569
2023-09-04,2660,2700,2625,2640,47802,0.007633587786259444
2023-09-05,2655,2700,2600,2625,32840,-0.005681818181818232
2023-09-06,2625,2880,2625,2845,483574,0.08380952380952378
2023-09-07,2795,2800,2640,2675,191243,-0.05975395430579966
2023-09-08,2750,2875,2700,2835,270382,0.059813084112149584
2023-09-11,2835,2835,2600,2760,281412,-0.02645502645502651
2023-09-12,2810,2810,2685,2705,81568,-0.019927536231884035
2023-09-13,2735,3325,2735,2805,6231347,0.0369685767097967
2023-09-14,2795,2865,2740,2850,399559,0.016042780748663166
2023-09-15,2925,3050,2860,3010,963322,0.056140350877192935
2023-09-18,2950,3015,2865,2970,186915,-0.013289036544850474
2023-09-19,2985,3120,2870,2985,282664,0.005050505050504972
2023-09-20,3050,3075,2805,2840,342071,-0.048576214405360085
2023-09-21,2760,2800,2700,2750,97285,-0.03169014084507038
2023-09-22,2740,2970,2685,2775,177642,0.009090909090909038
2023-09-25,2705,2925,2705,2860,285820,0.03063063063063054
2023-09-26,2815,2825,2725,2790,111105,-0.02447552447552448
2023-09-27,2710,2750,2690,2715,98316,-0.026881720430107503
2023-10-04,2660,2660,2585,2590,96878,-0.046040515653775316
2023-10-05,2600,2645,2565,2590,51440,0.0
2023-10-06,2585,2705,2585,2680,58548,0.03474903474903468
2023-10-10,2790,2830,2700,2780,210313,0.03731343283582089
2023-10-11,2740,2775,2675,2765,80783,-0.0053956834532373765
2023-10-12,2730,2785,2725,2760,76714,-0.001808318264014508
2023-10-13,2740,2885,2740,2820,279270,0.021739130434782705
2023-10-16,2820,2930,2770,2785,346113,-0.012411347517730542
2023-10-17,2785,2830,2750,2830,51781,0.016157989228007263
2023-10-18,2855,2885,2780,2795,128397,-0.012367491166077715
2023-10-19,2780,2835,2700,2700,78314,-0.03398926654740608
2023-10-20,2660,2695,2620,2630,53963,-0.025925925925925908
2023-10-23,2610,2650,2560,2600,59157,-0.011406844106463865
2023-10-24,2625,2685,2590,2685,26030,0.0326923076923078
2023-10-25,2685,2740,2665,2695,47267,0.003724394785847407
2023-10-26,2675,2675,2580,2590,51728,-0.038961038961038974
2023-10-27,2590,2620,2580,2585,31914,-0.0019305019305019266
2023-10-30,2585,2685,2585,2680,26172,0.03675048355899424
2023-10-31,2675,2680,2615,2635,23981,-0.016791044776119368
2023-11-01,2645,2675,2640,2650,11713,0.005692599620493288
2023-11-02,2670,2695,2660,2690,16536,0.015094339622641506
2023-11-03,2675,2710,2675,2700,30180,0.0037174721189590088
2023-11-06,2705,2715,2630,2655,115616,-0.01666666666666672
2023-11-07,2660,2685,2610,2630,36138,-0.00941619585687381
2023-11-08,2645,2655,2580,2615,51708,-0.005703422053231932
2023-11-09,2615,2615,2590,2590,29765,-0.009560229445506718
2023-11-10,2610,2635,2595,2595,51854,0.0019305019305020377
2023-11-13,2595,2620,2565,2595,39800,0.0
2023-11-14,2600,2625,2590,2600,16182,0.0019267822736031004
2023-11-15,2605,2635,2590,2635,31620,0.013461538461538414
2023-11-16,2630,2635,2610,2630,18328,-0.00189753320683117
2023-11-17,2635,2635,2605,2630,22980,0.0
2023-11-20,2605,2630,2580,2620,43443,-0.0038022813688213253
2023-11-21,2620,2645,2600,2645,29647,0.009541984732824416
2023-11-22,2640,2655,2630,2655,17623,0.003780718336483968
2023-11-23,2655,2710,2625,2650,63095,-0.0018832391713747842
2023-11-24,2640,2685,2635,2660,20138,0.0037735849056603765
2023-11-27,2670,2710,2660,2680,77585,0.007518796992481258
2023-11-28,2660,2700,2660,2685,50366,0.001865671641791078
2023-11-29,2685,2720,2665,2720,60692,0.013035381750465591
2023-11-30,2720,2790,2705,2770,124126,0.018382352941176405
2023-12-01,2765,2900,2750,2880,264953,0.03971119133573997
2023-12-04,3060,3060,2845,2865,427898,-0.00520833333333337
2023-12-05,2810,2900,2680,2790,136201,-0.02617801047120416
2023-12-06,2780,2920,2740,2880,150035,0.032258064516129004
2023-12-07,2880,3470,2825,3160,2713628,0.09722222222222232
2023-12-08,3075,3325,2975,3050,870713,-0.034810126582278444
2023-12-11,3045,3965,3000,3965,5163609,0.30000000000000004
2023-12-12,3700,4985,3480,3555,11438469,-0.10340479192938212
2023-12-13,3555,3860,3350,3410,4198397,-0.04078762306610406
2023-12-14,3430,3475,3125,3270,1387318,-0.04105571847507328
2023-12-15,3290,3375,3070,3135,991393,-0.041284403669724745
2023-12-18,3365,3370,3110,3230,1240646,0.030303030303030276
2023-12-19,3190,3240,3140,3145,506126,-0.02631578947368418
2023-12-20,3160,3255,3135,3190,356961,0.014308426073131875
2023-12-21,3170,3230,3050,3060,531932,-0.040752351097178674
2023-12-22,3060,3085,3005,3055,247155,-0.0016339869281045694
2023-12-26,3060,3125,3005,3120,212693,0.02127659574468077
2023-12-27,3020,3045,2900,2935,380265,-0.059294871794871806
2023-12-28,2950,3080,2905,3035,270099,0.03407155025553665
2024-01-02,3000,3140,2920,3075,149630,0.01317957166392092
2024-01-03,3095,3095,2970,3010,159228,-0.021138211382113803
2024-01-04,2975,3030,2945,3015,151380,0.0016611295681063787
2024-01-05,3040,3125,2990,3045,199153,0.00995024875621886
2024-01-08,3015,3055,2980,3015,155637,-0.009852216748768461
2024-01-09,3035,3080,3005,3060,108556,0.014925373134328401
2024-01-10,3060,3090,2980,3000,128292,-0.019607843137254943
2024-01-11,3015,3030,2985,2995,61840,-0.0016666666666667052
2024-01-12,3000,3070,2975,3010,153868,0.005008347245408995
2024-01-15,3050,3075,3025,3035,127352,0.008305647840531671
2024-01-16,3020,3055,2975,2995,150274,-0.01317957166392092
2024-01-17,3030,3030,2950,3010,291652,0.005008347245408995
2024-01-18,3095,3105,2965,2965,335301,-0.014950166112956853
2024-01-19,2965,3015,2955,2995,103604,0.010118043844856706
2024-01-22,2980,3030,2915,2995,214342,0.0
2024-01-23,2970,2995,2920,2960,82277,-0.011686143572620988
2024-01-24,2965,2970,2915,2920,61329,-0.013513513513513487
2024-01-25,2925,2925,2830,2855,120358,-0.022260273972602773
2024-01-26,2855,2875,2805,2850,45036,-0.0017513134851138146
2024-01-29,2850,2880,2825,2870,35918,0.007017543859649145
2024-01-30,2850,2885,2840,2865,28314,-0.0017421602787456303
2024-01-31,2865,2865,2815,2840,45455,-0.008726003490401424
2024-02-01,2820,2890,2820,2880,88243,0.014084507042253502
2024-02-02,2885,2935,2880,2920,37067,0.01388888888888884
2024-02-05,2920,2945,2900,2925,47315,0.001712328767123239
2024-02-06,2925,2925,2880,2920,17469,-0.0017094017094017033
2024-02-07,2905,2915,2880,2890,31120,-0.010273972602739767
2024-02-08,2890,2900,2855,2880,38202,-0.0034602076124568004
2024-02-13,2890,2925,2880,2915,52894,0.012152777777777679
2024-02-14,2915,2985,2900,2975,183366,0.020583190394511064
2024-02-15,2980,2990,2940,2970,49465,-0.001680672268907557
2024-02-16,2975,2980,2955,2975,35803,0.0016835016835017313
2024-02-19,2970,2985,2950,2985,26153,0.003361344537815114
2024-02-20,2985,2985,2945,2975,46669,-0.00335008375209378
2024-02-21,2975,2980,2945,2955,32909,-0.006722689075630228
2024-02-22,2940,2975,2930,2975,77351,0.006768189509306355
2024-02-23,3005,3015,2950,2965,81728,-0.003361344537815114
2024-02-26,2955,2970,2915,2940,48718,-0.00843170320404718
2024-02-27,2925,2930,2855,2860,52296,-0.027210884353741527
2024-02-28,2860,2890,2850,2865,43217,0.0017482517482516613
2024-02-29,2880,2890,2845,2860,44795,-0.0017452006980802626
2024-03-04,2840,2890,2700,2810,58522,-0.0174825174825175
2024-03-05,2815,2825,2790,2810,29057,0.0
2024-03-06,2795,2820,2795,2800,18296,-0.003558718861209953
2024-03-07,2800,2800,2775,2775,35404,-0.008928571428571397
2024-03-08,2775,2790,2760,2770,17223,-0.0018018018018017834
2024-03-11,2800,2865,2790,2860,35429,0.032490974729241895
2024-03-12,2850,2880,2820,2825,41038,-0.012237762237762184
2024-03-13,2805,2835,2800,2800,45003,-0.008849557522123908
2024-03-14,2800,2840,2795,2825,22830,0.008928571428571397
2024-03-15,2825,2850,2810,2840,22235,0.005309734513274433
2024-03-18,2840,2860,2835,2860,22637,0.007042253521126751
2024-03-19,2860,2895,2810,2810,53683,-0.0174825174825175
2024-03-20,2815,2830,2800,2815,12665,0.001779359430605032
2024-03-21,2820,2840,2805,2830,14659,0.005328596802841812
2024-03-22,2835,2845,2790,2805,45977,-0.00883392226148405
2024-03-25,2810,2850,2795,2830,34803,0.00891265597147961
2024-03-26,2835,2855,2810,2840,35080,0.0035335689045936647
2024-03-27,2820,2845,2820,2835,22195,-0.0017605633802817433
2024-03-28,2840,2880,2830,2865,45016,0.010582010582010692
2024-03-29,2865,2865,2810,2810,51610,-0.01919720767888311
2024-04-01,2805,2840,2805,2840,19443,0.01067615658362997
2024-04-02,2845,2865,2820,2840,40228,0.0
2024-04-03,2840,2840,2805,2835,28138,-0.0017605633802817433
2024-04-04,2840,2865,2825,2830,20614,-0.0017636684303351524
2024-04-05,2810,2835,2800,2825,20308,-0.0017667844522968323
2024-04-08,2830,2835,2790,2795,38832,-0.010619469026548645
2024-04-09,2795,2825,2790,2810,21301,0.005366726296958779
2024-04-11,2785,2815,2780,2800,20614,-0.003558718861209953
2024-04-12,2795,2810,2755,2790,46938,-0.0035714285714285587
2024-04-15,2755,2820,2640,2765,69717,-0.008960573476702538
2024-04-16,2780,2785,2740,2765,28198,0.0
2024-04-17,2770,2785,2750,2755,27611,-0.003616636528028905
2024-04-18,2735,2775,2735,2770,18049,0.005444646098003547
2024-04-19,2780,2785,2760,2770,26602,0.0
2024-04-22,2755,2820,2755,2805,32615,0.012635379061371799
2024-04-23,2805,2975,2780,2820,341748,0.005347593582887722
2024-04-24,2825,2865,2825,2850,28837,0.010638297872340496
2024-04-25,2860,2955,2850,2925,126741,0.026315789473684292
2024-04-26,2910,2935,2880,2920,36614,-0.0017094017094017033
2024-04-29,2900,2920,2880,2915,20009,-0.001712328767123239
2024-04-30,2920,2960,2920,2945,42274,0.010291595197255532
2024-05-02,2920,2955,2920,2930,46228,-0.005093378607809895
2024-05-03,2920,2950,2900,2915,39571,-0.005119453924914641
2024-05-07,2905,2945,2900,2925,32993,0.0034305317324185847
2024-05-08,2940,2945,2920,2925,46427,0.0
2024-05-09,2930,2935,2905,2915,22590,-0.0034188034188034067
2024-05-10,2935,2945,2910,2915,49933,0.0
2024-05-13,2910,2925,2875,2910,27998,-0.0017152658662092923
2024-05-14,2910,2925,2900,2925,47460,0.005154639175257714
2024-05-16,2925,2930,2875,2905,146697,-0.006837606837606813
2024-05-17,2905,2940,2850,2915,114355,0.0034423407917383297
2024-05-20,2935,2935,2880,2905,29858,-0.0034305317324184736
2024-05-21,2910,2915,2885,2895,17072,-0.0034423407917383297
2024-05-22,2890,2905,2875,2880,37311,-0.005181347150259086
2024-05-23,2870,2875,2845,2860,34649,-0.00694444444444442
2024-05-24,2860,2875,2820,2855,15492,-0.0017482517482517723
2024-05-27,2880,2890,2855,2865,38592,0.003502626970227629
2024-05-28,2865,2880,2860,2870,33404,0.0017452006980802626
2024-05-29,2890,2980,2865,2920,182159,0.017421602787456525
2024-05-30,2940,2940,2885,2885,35701,-0.011986301369863006
2024-05-31,2885,2915,2875,2890,31063,0.0017331022530329143
2024-06-03,2890,2900,2865,2880,26771,-0.0034602076124568004
2024-06-04,2880,2890,2840,2840,37901,-0.01388888888888884
2024-06-05,2850,2860,2820,2845,27021,0.0017605633802817433
2024-06-07,2855,2870,2820,2840,25318,-0.0017574692442882123
2024-06-10,2825,2995,2810,2985,392309,0.051056338028169
2024-06-11,2980,3095,2970,2980,405972,-0.0016750418760469454
2024-06-12,2995,3060,2965,2995,175896,0.005033557046979942
2024-06-13,2990,3070,2985,2990,115730,-0.0016694490818029983
2024-06-14,2990,3105,2980,3040,596813,0.01672240802675584
2024-06-17,3110,3125,3015,3015,181404,-0.008223684210526327
2024-06-18,3040,3085,2985,3035,135741,0.0066334991708125735
2024-06-19,3005,3020,2915,2950,126803,-0.028006589785831926
2024-06-20,2925,2955,2920,2935,29814,-0.005084745762711895
2024-06-21,2940,2970,2930,2935,28342,0.0
2024-06-24,2935,2945,2870,2870,66860,-0.022146507666098825
2024-06-25,2855,2890,2840,2870,50144,0.0
2024-06-26,2850,2870,2825,2840,38477,-0.010452961672473893
2024-06-27,2845,2860,2800,2810,52338,-0.010563380281690127
2024-06-28,2820,2820,2780,2810,63954,0.0
2024-07-01,2810,2815,2785,2800,32325,-0.003558718861209953
2024-07-02,2800,2860,2775,2805,56389,0.0017857142857142794
2024-07-03,2805,2810,2775,2775,31583,-0.010695187165775444
2024-07-04,2785,2805,2760,2770,19840,-0.0018018018018017834
2024-07-05,2780,2810,2750,2750,42996,-0.0072202166064981865
2024-07-08,2750,2790,2735,2745,26028,-0.0018181818181818299
2024-07-09,2750,2795,2740,2775,27388,0.010928961748633892
2024-07-10,2755,2800,2745,2795,36453,0.007207207207207134
2024-07-11,2815,2820,2765,2790,17446,-0.0017889087656529634
2024-07-12,2765,2795,2750,2755,18219,-0.012544802867383464
2024-07-15,2760,2805,2750,2780,19801,0.00907441016333932
2024-07-16,2780,2795,2760,2770,17622,-0.003597122302158251
2024-07-17,2785,2795,2760,2770,6386,0.0
2024-07-18,2770,2775,2730,2745,50309,-0.009025270758122761
2024-07-19,2745,2780,2725,2775,14940,0.010928961748633892
2024-07-22,2775,2775,2705,2760,36358,-0.00540540540540535
2024-07-23,2760,2770,2725,2735,16448,-0.009057971014492794
2024-07-24,2715,2750,2715,2735,31039,0.0
2024-07-25,2710,2725,2660,2720,50857,-0.005484460694698323
2024-07-26,2670,2740,2665,2735,32819,0.005514705882353033
2024-07-29,2700,2750,2700,2735,11305,0.0
2024-07-30,2740,2740,2690,2705,8655,-0.010968921389396757
2024-07-31,2700,2720,2680,2700,18564,-0.001848428835489857
2024-08-01,2690,2750,2690,2715,11199,0.005555555555555536
2024-08-02,2690,2710,2640,2645,35097,-0.025782688766114226
2024-08-05,2645,2645,2400,2500,65134,-0.05482041587901698
2024-08-06,2500,2565,2450,2530,28655,0.01200000000000001
2024-08-07,2535,2600,2530,2600,9993,0.027667984189723382
2024-08-08,2580,2600,2565,2575,36706,-0.009615384615384581
2024-08-09,2590,2615,2575,2585,13358,0.003883495145631022
2024-08-12,2560,2615,2560,2585,16546,0.0
2024-08-13,2600,2720,2565,2640,64139,0.02127659574468077
2024-08-14,2655,2710,2655,2670,12287,0.011363636363636465
2024-08-16,2660,2725,2660,2680,35456,0.0037453183520599342
2024-08-19,2725,2725,2665,2670,14017,-0.003731343283582045
2024-08-20,2675,2705,2665,2690,9896,0.0074906367041198685
2024-08-21,2700,2700,2675,2690,3672,0.0
2024-08-22,2695,2695,2640,2680,12076,-0.0037174721189591198
2024-08-23,2680,2695,2605,2630,29061,-0.018656716417910446
2024-08-26,2615,2640,2605,2615,14303,-0.005703422053231932
2024-08-27,2705,2705,2600,2650,38122,0.013384321223709472
2024-08-28,2605,2665,2600,2650,31115,0.0
2024-08-29,2650,2675,2630,2630,17940,-0.007547169811320753
2024-08-30,2615,2635,2530,2600,13200,-0.011406844106463865
2024-09-02,2615,2645,2595,2630,6879,0.011538461538461497
2024-09-03,2610,2650,2600,2615,10047,-0.005703422053231932
2024-09-04,2585,2605,2520,2545,23046,-0.026768642447418722
2024-09-05,2530,2575,2500,2525,20854,-0.007858546168958758
2024-09-06,2520,2545,2460,2460,22552,-0.025742574257425765
2024-09-09,2420,2495,2420,2495,7219,0.014227642276422703
2024-09-10,2475,2520,2450,2500,17146,0.002004008016031955
2024-09-11,2480,2505,2460,2480,10676,-0.008000000000000007
2024-09-12,2470,2540,2470,2535,9809,0.022177419354838745
2024-09-13,2515,2595,2515,2555,13594,0.007889546351084853
2024-09-19,2570,2580,2540,2575,10291,0.007827788649706457
2024-09-20,2575,2590,2530,2585,10195,0.003883495145631022
2024-09-23,2590,2600,2565,2575,5947,-0.003868471953578312
2024-09-24,2570,2590,2570,2585,6975,0.003883495145631022
2024-09-25,2580,2605,2560,2575,9429,-0.003868471953578312
2024-09-26,2580,2595,2565,2580,15644,0.001941747572815622
2024-09-27,2580,2610,2565,2595,20443,0.005813953488372103
2024-09-30,2575,2625,2575,2615,16771,0.007707129094412402
2024-10-02,2620,2620,2555,2575,14145,-0.015296367112810683
2024-10-04,2570,2595,2560,2585,12688,0.003883495145631022
2024-10-07,2590,2620,2570,2605,24167,0.007736943907156624
2024-10-08,2595,2620,2580,2580,7285,-0.009596928982725572
2024-10-10,2570,2595,2570,2595,1914,0.005813953488372103
2024-10-11,2570,2620,2570,2605,5915,0.003853564547206201
2024-10-14,2610,2620,2585,2600,12546,-0.0019193857965451588
2024-10-15,2595,2715,2595,2625,56351,0.009615384615384581
2024-10-16,2625,2640,2575,2580,35603,-0.017142857142857126
2024-10-17,2595,2595,2560,2565,15055,-0.005813953488372103
2024-10-18,2570,2570,2530,2545,22013,-0.007797270955165692
2024-10-21,2535,2565,2535,2565,17158,0.007858546168958647
2024-10-22,2540,2545,2520,2520,15140,-0.01754385964912286
2024-10-23,2520,2525,2500,2515,35551,-0.001984126984126977
2024-10-24,2495,2510,2495,2500,10788,-0.005964214711729587
2024-10-25,2480,2520,2480,2490,37135,-0.0040000000000000036
2024-10-28,2475,2520,2475,2505,11827,0.006024096385542244
2024-10-29,2510,2530,2470,2505,23904,0.0
2024-10-30,2490,2505,2480,2485,10915,-0.007984031936127733
2024-10-31,2475,2490,2465,2485,24067,0.0
2024-11-01,2480,2495,2465,2470,30169,-0.006036217303822977
2024-11-04,2470,2490,2460,2485,10958,0.006072874493927127
2024-11-05,2490,2500,2475,2490,14076,0.002012072434607548
2024-11-06,2505,2515,2465,2480,26217,-0.004016064257028162
2024-11-07,2490,2510,2460,2510,36806,0.012096774193548487
2024-11-08,2510,2540,2495,2520,24347,0.003984063745019917
2024-11-11,2520,2520,2405,2425,61928,-0.037698412698412676
2024-11-12,2425,2445,2380,2395,61581,-0.012371134020618513
2024-11-13,2375,2380,2335,2345,58589,-0.02087682672233826
2024-11-14,2340,2410,2330,2370,38367,0.010660980810234477
2024-11-15,2385,2385,2330,2360,24446,-0.00421940928270037
2024-11-18,2360,2365,2335,2340,60060,-0.008474576271186418
2024-11-19,2350,2350,2310,2320,44162,-0.008547008547008517
2024-11-20,2300,2330,2290,2325,44855,0.0021551724137931494
2024-11-21,2325,2330,2300,2320,19920,-0.0021505376344086446
2024-11-22,2310,2350,2300,2330,18096,0.004310344827586299
2024-11-25,2330,2360,2330,2355,19049,0.010729613733905685
2024-11-26,2340,2375,2310,2320,52308,-0.014861995753715496
2024-11-27,2330,2340,2315,2340,17331,0.008620689655172376
2024-11-28,2345,2365,2330,2355,6050,0.0064102564102563875
2024-11-29,2360,2360,2315,2315,19931,-0.01698513800424628
2024-12-02,2320,2320,2295,2310,28991,-0.002159827213822907
2024-12-03,2305,2340,2300,2325,13295,0.006493506493506551
2024-12-04,2300,2370,2295,2310,30008,-0.006451612903225823
2024-12-05,2305,2315,2280,2285,23208,-0.010822510822510845
2024-12-06,2265,2300,2240,2300,35622,0.006564551422319376
2024-12-09,2260,2320,2205,2215,44841,-0.036956521739130443
2024-12-10,2220,2290,2210,2280,19995,0.02934537246049662
2024-12-11,2295,2330,2275,2320,37374,0.01754385964912286
2024-12-12,2340,2340,2280,2315,22704,-0.0021551724137931494
2024-12-13,2295,2350,2295,2350,14467,0.015118790496760237
2024-12-16,2360,2390,2350,2380,25615,0.012765957446808418
2024-12-17,2350,2385,2350,2355,11242,-0.010504201680672232
2024-12-18,2355,2395,2330,2380,14172,0.010615711252653925
2024-12-19,2370,2410,2345,2410,5769,0.012605042016806678
2024-12-20,2400,2415,2365,2415,13703,0.0020746887966804906
2024-12-23,2415,2450,2410,2435,15378,0.008281573498964745
2024-12-24,2455,2455,2420,2425,20255,-0.004106776180698102
2024-12-26,2420,2445,2380,2425,12947,0.0
2024-12-27,2370,2395,2345,2390,15287,-0.014432989690721598
2024-12-30,2390,2390,2340,2370,8707,-0.008368200836820106
2025-01-02,2350,2390,2330,2345,1933,-0.010548523206751037
2025-01-03,2295,2335,2275,2320,66332,-0.010660980810234588
2025-01-06,2320,2335,2290,2320,19329,0.0
2025-01-07,2360,2360,2305,2320,3937,0.0
2025-01-08,2320,2345,2320,2345,26785,0.010775862068965525
2025-01-09,2350,2370,2315,2330,11146,-0.006396588486140775
2025-01-10,2330,2350,2300,2330,7525,0.0
2025-01-13,2330,2330,2265,2280,23424,-0.02145922746781115
2025-01-14,2295,2295,2265,2280,12204,0.0
2025-01-15,2300,2300,2260,2265,8549,-0.006578947368421018
2025-01-16,2290,2335,2280,2285,16899,0.008830022075055233
2025-01-17,2290,2310,2280,2295,10192,0.004376367614879584
2025-01-20,2285,2285,2250,2270,52445,-0.01089324618736387
2025-01-21,2300,2300,2250,2275,14185,0.0022026431718060735
2025-01-22,2290,2290,2260,2280,3660,0.00219780219780219
2025-01-23,2290,2295,2255,2290,5378,0.004385964912280604
2025-01-24,2290,2300,2275,2300,2224,0.004366812227074135
2025-01-31,2270,2300,2255,2270,1916,-0.013043478260869601
2025-02-03,2255,2275,2240,2270,8110,0.0
2025-02-04,2275,2300,2245,2255,5722,-0.0066079295154185536
2025-02-05,2250,2265,2235,2245,21032,-0.0044345898004434225
2025-02-06,2250,2270,2230,2245,18832,0.0
2025-02-07,2235,2245,2225,2240,11506,-0.00222717149220486
2025-02-10,2230,2245,2210,2235,17349,-0.0022321428571429047
2025-02-11,2245,2245,2215,2240,8345,0.0022371364653244186
2025-02-12,2240,2240,2220,2235,6527,-0.0022321428571429047
2025-02-13,2225,2245,2220,2240,13933,0.0022371364653244186
2025-02-14,2245,2250,2225,2245,13129,0.0022321428571427937
2025-02-17,2245,2260,2235,2260,6529,0.006681514476614803
2025-02-18,2245,2270,2245,2260,6338,0.0
2025-02-19,2265,2305,2255,2260,27014,0.0
2025-02-20,2270,2295,2250,2255,11916,-0.0022123893805309214
2025-02-21,2295,2300,2250,2270,5472,0.006651884700665134
2025-02-24,2270,2300,2260,2280,14383,0.004405286343612369
2025-02-25,2290,2300,2265,2280,10848,0.0
2025-02-26,2260,2295,2250,2275,9339,-0.002192982456140302
2025-02-27,2275,2300,2250,2260,10606,-0.00659340659340657
2025-02-28,2250,2250,2220,2230,17413,-0.013274336283185861
2025-03-04,2245,2275,2235,2240,3261,0.004484304932735439
2025-03-05,2240,2270,2230,2260,5702,0.008928571428571397
2025-03-06,2250,2270,2240,2265,5682,0.0022123893805310324
2025-03-07,2250,2290,2245,2265,3819,0.0
2025-03-10,2255,2280,2230,2235,10903,-0.013245033112582738
2025-03-11,2230,2275,2225,2270,11759,0.015659955257270708
2025-03-12,2270,2270,2245,2250,6700,-0.008810572687224627
2025-03-13,2265,2265,2250,2265,2063,0.006666666666666599
2025-03-14,2265,2290,2255,2280,5209,0.0066225165562914245
2025-03-17,2260,2290,2255,2285,4834,0.002192982456140413
2025-03-18,2260,2295,2260,2290,4368,0.002188183807439792
2025-03-19,2290,2310,2270,2305,8522,0.0065502183406114245
2025-03-20,2305,2340,2280,2325,25742,0.008676789587852562
2025-03-21,2320,2360,2300,2360,20442,0.01505376344086029
2025-03-24,2360,2365,2295,2305,22234,-0.02330508474576276
2025-03-25,2260,2300,2260,2290,12948,-0.006507592190889366
2025-03-26,2300,2320,2290,2290,5089,0.0
2025-03-27,2285,2300,2260,2270,17343,-0.008733624454148492
2025-03-28,2270,2285,2255,2265,8148,-0.0022026431718061845
2025-03-31,2270,2280,2240,2270,18628,0.002207505518763808
2025-04-01,2280,2310,2270,2305,7824,0.01541850220264318
2025-04-02,2310,2335,2265,2285,3944,-0.008676789587852451
2025-04-03,2260,2285,2240,2260,11654,-0.01094091903719907
2025-04-04,2260,2360,2250,2310,16684,0.022123893805309658
2025-04-07,2320,2325,2235,2265,12559,-0.01948051948051943
2025-04-08,2320,2355,2265,2295,38764,0.013245033112582849
2025-04-09,2320,2350,2280,2330,41484,0.015250544662309462
2025-04-10,2355,2550,2285,2410,527530,0.03433476394849788
2025-04-11,2520,2555,2410,2455,398521,0.018672199170124415
2025-04-14,2550,2680,2400,2635,647384,0.07331975560081472
2025-04-15,2590,2670,2470,2590,380469,-0.017077798861480087
2025-04-16,2495,3365,2485,3365,5541657,0.2992277992277992
2025-04-17,4340,4370,3625,3625,11672003,0.07726597325408613
2025-04-18,3625,3795,3100,3260,9063713,-0.1006896551724138
2025-04-21,3260,4235,3115,4235,9396567,0.29907975460122693
2025-04-22,3930,3995,3565,3645,1027744,-0.13931523022432113
2025-04-23,3670,3900,3585,3865,642200,0.06035665294924564
2025-04-24,3805,4385,3800,4320,804036,0.11772315653298837
2025-04-25,4735,5500,4010,4825,9615679,0.11689814814814814
2025-04-28,5300,5970,4775,5270,9463222,0.09222797927461146
2025-04-29,5000,5190,4055,4690,4460346,-0.11005692599620498
2025-04-30,4480,4550,3550,3590,3289996,-0.23454157782515994
2025-05-02,4390,4610,3575,3670,5346532,0.022284122562674202
2025-05-07,3310,3630,2980,3145,2426653,-0.14305177111716616
2025-05-08,2715,2985,2700,2785,1879091,-0.11446740858505566
2025-05-09,2730,2935,2565,2615,2292928,-0.06104129263913827
2025-05-12,2270,2340,2230,2300,1938881,-0.12045889101338436
2025-05-13,2310,2315,2270,2295,509980,-0.0021739130434782483
2025-05-14,2295,2315,2275,2305,362666,0.004357298474945592
2025-05-15,2310,2320,2280,2305,344400,0.0
2025-05-16,2305,2315,2285,2305,211976,0.0
2025-05-19,2300,2310,2280,2285,244843,-0.008676789587852451
2025-05-20,2300,2315,2275,2295,235124,0.004376367614879584
2025-05-21,2295,2315,2285,2300,210710,0.002178649237472685
2025-05-22,2300,2300,2270,2275,163227,-0.010869565217391353
2025-05-23,2275,2280,2265,2265,168901,-0.00439560439560438
2025-05-26,2265,2300,2265,2295,121247,0.013245033112582849
2025-05-27,2290,2305,2280,2290,117542,-0.002178649237472796
2025-05-28,2300,2330,2295,2325,111153,0.015283842794759916
2025-05-29,2330,2360,2320,2350,115435,0.010752688172043001
2025-05-30,2350,2395,2340,2365,192206,0.006382978723404209
2025-06-02,2355,2410,2355,2380,97900,0.00634249471458781
2025-06-04,2375,2460,2375,2445,181788,0.027310924369747802
2025-06-05,2455,2525,2445,2500,207427,0.02249488752556239
2025-06-09,2530,2555,2510,2550,183272,0.020000000000000018
2025-06-10,2560,2560,2500,2520,190812,-0.0117647058823529
2025-06-11,2520,2560,2505,2535,93174,0.005952380952380931
2025-06-12,2535,2570,2530,2535,98766,0.0
2025-06-13,2550,2555,2440,2475,330623,-0.023668639053254448
2025-06-16,2475,2525,2465,2510,160318,0.014141414141414232
2025-06-17,2500,2530,2465,2490,104645,-0.007968127490039834
2025-06-18,2470,2500,2470,2495,164949,0.002008032128514081
2025-06-19,2510,2510,2465,2470,47292,-0.01002004008016033
2025-06-20,2470,2500,2450,2480,101183,0.004048582995951344
2025-06-23,2460,2470,2440,2450,94948,-0.012096774193548376
2025-06-24,2490,2495,2455,2490,62701,0.01632653061224487
2025-06-25,2500,2510,2475,2485,45347,-0.002008032128514081
2025-06-26,2500,2500,2450,2475,47610,-0.004024144869215318
2025-06-27,2470,2480,2450,2460,27804,-0.0060606060606061
2025-06-30,2470,2475,2450,2470,39343,0.004065040650406582
2025-07-01,2455,2585,2455,2540,141897,0.028340080971659853
2025-07-02,2570,2570,2490,2520,62739,-0.007874015748031482
2025-07-03,2525,2560,2520,2555,107848,0.01388888888888884
2025-07-04,2560,2580,2510,2535,85977,-0.007827788649706457
2025-07-07,2510,2550,2510,2525,52555,-0.0039447731755424265
2025-07-08,2525,2565,2510,2560,116360,0.013861386138613874
2025-07-09,2555,2635,2550,2625,130463,0.025390625
2025-07-10,2620,2710,2620,2690,219814,0.024761904761904763
2025-07-11,2700,2750,2645,2700,185612,0.0037174721189590088
2025-07-14,2690,2800,2665,2700,136458,0.0
2025-07-15,2700,2700,2600,2655,153386,-0.01666666666666672
