Date,Open,High,Low,Close,Volume,Change
2022-01-03,3475,3545,3425,3490,132962,0.004316546762589857
2022-01-04,3500,3615,3490,3540,338231,0.014326647564469885
2022-01-05,3560,3800,3540,3700,811813,0.04519774011299438
2022-01-06,3615,3720,3590,3690,288378,-0.002702702702702675
2022-01-07,3700,3780,3625,3695,177559,0.0013550135501354532
2022-01-10,3700,3765,3530,3530,263547,-0.044654939106901215
2022-01-11,3495,3565,3395,3410,168786,-0.03399433427762044
2022-01-12,3425,3695,3425,3630,312319,0.06451612903225801
2022-01-13,3605,3695,3575,3630,101356,0.0
2022-01-14,3635,3640,3500,3520,126191,-0.030303030303030276
2022-01-17,3555,3570,3410,3420,109062,-0.02840909090909094
2022-01-18,3420,3460,3310,3335,129872,-0.024853801169590684
2022-01-19,3285,3425,3260,3285,112387,-0.014992503748125885
2022-01-20,3280,3360,3275,3355,69526,0.021308980213089912
2022-01-21,3320,3380,3260,3260,87071,-0.028315946348733245
2022-01-24,3255,3255,3080,3130,138486,-0.039877300613496924
2022-01-25,3130,3145,2995,3040,140287,-0.028753993610223683
2022-01-26,3065,3270,3040,3070,125816,0.009868421052631637
2022-01-27,3170,3170,2955,2975,199061,-0.030944625407166138
2022-01-28,3050,3195,2975,3195,101614,0.07394957983193273
2022-02-03,3290,3325,3200,3280,130975,0.026604068857589924
2022-02-04,3280,3600,3235,3505,205281,0.06859756097560976
2022-02-07,3460,3470,3350,3380,62686,-0.03566333808844513
2022-02-08,3395,3435,3275,3375,78632,-0.0014792899408283544
2022-02-09,3405,3455,3315,3315,67892,-0.01777777777777778
2022-02-10,3360,3360,3190,3260,161112,-0.016591251885369585
2022-02-11,3260,3270,3175,3190,73848,-0.021472392638036797
2022-02-14,3130,3165,3070,3120,51106,-0.021943573667711602
2022-02-15,3105,3195,3035,3095,69528,-0.008012820512820484
2022-02-16,3200,3305,3115,3200,90284,0.03392568659127626
2022-02-17,3210,3285,3070,3190,69539,-0.0031250000000000444
2022-02-18,3125,3260,3075,3220,68313,0.00940438871473348
2022-02-21,3220,3250,3100,3195,42786,-0.00776397515527949
2022-02-22,3190,3250,3030,3090,143304,-0.032863849765258246
2022-02-23,3130,3200,3070,3120,71250,0.009708737864077666
2022-02-24,3125,3140,3030,3040,147091,-0.02564102564102566
2022-02-25,3055,3245,3055,3155,77965,0.03782894736842102
2022-02-28,3200,3200,3090,3155,67400,0.0
2022-03-02,3120,3155,3085,3145,74075,-0.0031695721077654726
2022-03-03,3180,3215,3125,3200,64121,0.01748807631160565
2022-03-04,3200,3245,3050,3245,53723,0.014062500000000089
2022-03-07,3180,3225,3080,3155,113735,-0.027734976887519247
2022-03-08,3140,3140,3050,3060,116966,-0.030110935023771823
2022-03-10,3080,3140,3080,3115,74809,0.017973856209150263
2022-03-11,3145,3145,3075,3100,67356,-0.0048154093097912964
2022-03-14,3190,3190,3000,3050,108622,-0.016129032258064502
2022-03-15,3050,3060,2980,3060,94510,0.003278688524590123
2022-03-16,3065,3100,3045,3080,56911,0.006535947712418277
2022-03-17,3105,3130,3050,3120,103900,0.01298701298701288
2022-03-18,3250,3450,3100,3120,473367,0.0
2022-03-21,3120,3180,3060,3065,92146,-0.017628205128205177
2022-03-22,3065,3090,3045,3075,67132,0.0032626427406199365
2022-03-23,3110,3110,3005,3080,145739,0.001626016260162677
2022-03-24,3040,3080,3025,3070,62716,-0.0032467532467532756
2022-03-25,3090,3110,3045,3045,122440,-0.008143322475570036
2022-03-28,3065,3090,3030,3045,99338,0.0
2022-03-29,3055,3085,3040,3065,35115,0.006568144499178974
2022-03-30,3065,3160,3040,3040,200666,-0.00815660685154973
2022-03-31,3040,3075,3010,3015,171328,-0.008223684210526327
2022-04-01,3020,3030,2985,2990,123120,-0.008291873963515717
2022-04-04,2970,3005,2960,2995,92091,0.0016722408026756952
2022-04-05,3005,3070,2965,3070,138056,0.025041736227044975
2022-04-06,3070,3070,2995,3025,94047,-0.014657980456026065
2022-04-07,3025,3025,2970,2995,89404,-0.00991735537190086
2022-04-08,2955,3025,2955,3025,65257,0.01001669449081799
2022-04-11,3025,3050,2985,3050,44851,0.008264462809917328
2022-04-12,3025,3025,2970,2990,64797,-0.01967213114754096
2022-04-13,2975,3005,2960,2975,65061,-0.0050167224080267525
2022-04-14,2980,2995,2950,2975,37416,0.0
2022-04-15,2975,2980,2955,2965,35410,-0.003361344537815114
2022-04-18,2995,2995,2935,2945,48550,-0.006745362563237767
2022-04-19,2945,2980,2920,2930,67578,-0.005093378607809895
2022-04-20,2970,2980,2890,2945,102373,0.005119453924914641
2022-04-21,2945,2950,2900,2915,66865,-0.01018675721561968
2022-04-22,2915,2915,2775,2875,246558,-0.013722126929674117
2022-04-25,2890,2890,2720,2730,124192,-0.050434782608695605
2022-04-26,2730,2790,2730,2780,48227,0.01831501831501825
2022-04-27,2655,2780,2655,2710,115847,-0.025179856115107868
2022-04-28,2715,2790,2685,2790,40841,0.029520295202952074
2022-04-29,2790,2820,2750,2820,35851,0.010752688172043001
2022-05-02,2775,2810,2725,2760,31109,-0.021276595744680882
2022-05-03,2765,2765,2705,2725,21575,-0.0126811594202898
2022-05-04,2710,2755,2700,2720,41158,-0.0018348623853210455
2022-05-06,2720,2720,2625,2655,62449,-0.023897058823529438
2022-05-09,2600,2635,2535,2540,80550,-0.043314500941619594
2022-05-10,2510,2695,2415,2560,159678,0.007874015748031482
2022-05-11,2590,2635,2510,2530,64149,-0.01171875
2022-05-12,2525,2525,2370,2415,117757,-0.045454545454545414
2022-05-13,2435,2595,2435,2570,47882,0.06418219461697716
2022-05-16,2630,2675,2555,2575,42979,0.0019455252918287869
2022-05-17,2600,2600,2540,2585,31888,0.003883495145631022
2022-05-18,2600,2660,2550,2560,70577,-0.009671179883945835
2022-05-19,2500,2550,2455,2500,42173,-0.0234375
2022-05-20,2480,2555,2480,2515,23289,0.006000000000000005
2022-05-23,2500,2610,2500,2600,54213,0.03379721669980129
2022-05-24,2630,3155,2600,2850,2043258,0.09615384615384626
2022-05-25,2855,2885,2760,2760,276150,-0.03157894736842104
2022-05-26,2760,2790,2660,2725,120156,-0.0126811594202898
2022-05-27,2725,2735,2650,2670,73355,-0.020183486238532056
2022-05-30,2685,2750,2675,2715,53407,0.016853932584269593
2022-05-31,2690,2785,2690,2755,85000,0.014732965009208066
2022-06-02,2760,2775,2695,2765,61988,0.003629764065335772
2022-06-03,2780,2825,2730,2795,69841,0.010849909584086825
2022-06-07,2840,2840,2740,2750,80822,-0.01610017889087656
2022-06-08,2755,2760,2670,2680,63278,-0.025454545454545507
2022-06-09,2670,2695,2600,2650,56576,-0.011194029850746245
2022-06-10,2650,2655,2570,2620,35621,-0.01132075471698113
2022-06-13,2600,2600,2415,2555,178851,-0.024809160305343525
2022-06-14,2425,2540,2355,2495,195370,-0.023483365949119372
2022-06-15,2495,2570,2400,2400,35443,-0.038076152304609256
2022-06-16,2425,2490,2330,2330,50753,-0.029166666666666674
2022-06-17,2310,2500,2215,2370,92600,0.01716738197424883
2022-06-20,2330,2405,2200,2335,210712,-0.014767932489451518
2022-06-21,2255,2495,2255,2430,86166,0.04068522483940051
2022-06-22,2455,2460,2325,2425,63908,-0.002057613168724326
2022-06-23,2395,2445,2290,2420,86175,-0.0020618556701030855
2022-06-24,2340,2545,2340,2500,96270,0.03305785123966931
2022-06-27,2525,2775,2525,2560,321223,0.02400000000000002
2022-06-28,2590,2670,2500,2645,105669,0.033203125
2022-06-29,2615,2615,2510,2590,59449,-0.020793950850661602
2022-06-30,2565,2565,2510,2525,39821,-0.025096525096525046
2022-07-01,2475,2520,2435,2455,31407,-0.027722772277227747
2022-07-04,2420,2465,2350,2400,38045,-0.022403258655804503
2022-07-05,2400,2495,2385,2425,47341,0.01041666666666674
2022-07-06,2430,2475,2400,2400,25829,-0.010309278350515427
2022-07-07,2415,2475,2405,2425,18101,0.01041666666666674
2022-07-08,2435,2450,2395,2430,19717,0.0020618556701030855
2022-07-11,2455,2565,2425,2495,69305,0.026748971193415683
2022-07-12,2490,2495,2335,2450,132884,-0.018036072144288595
2022-07-13,2415,2475,2390,2405,40375,-0.01836734693877551
2022-07-14,2420,2500,2305,2400,23496,-0.0020790020790020236
2022-07-15,2405,2480,2350,2420,30355,0.008333333333333304
2022-07-18,2440,2530,2420,2435,13979,0.006198347107438051
2022-07-19,2435,2505,2425,2465,42766,0.012320328542094527
2022-07-20,2470,2580,2470,2530,75792,0.026369168356997985
2022-07-21,2615,2615,2520,2540,48966,0.0039525691699604515
2022-07-22,2565,2595,2535,2540,26317,0.0
2022-07-25,2540,2565,2520,2540,31186,0.0
2022-07-26,2575,2580,2500,2500,25307,-0.015748031496062964
2022-07-27,2500,2535,2460,2480,16219,-0.008000000000000007
2022-07-28,2495,2590,2485,2500,25662,0.008064516129032251
2022-07-29,2515,2625,2500,2615,152490,0.04600000000000004
2022-08-01,2620,2645,2595,2600,35042,-0.005736137667303964
2022-08-02,2600,2640,2540,2555,23874,-0.017307692307692357
2022-08-03,2555,2630,2555,2585,31687,0.011741682974559797
2022-08-04,2620,2655,2570,2590,60565,0.0019342359767891004
2022-08-05,2605,2605,2530,2585,25707,-0.0019305019305019266
2022-08-08,2630,2640,2520,2590,31072,0.0019342359767891004
2022-08-09,2600,2615,2550,2615,47945,0.009652509652509744
2022-08-10,2615,2615,2555,2600,35874,-0.005736137667303964
2022-08-11,2600,2615,2565,2585,18392,-0.005769230769230749
2022-08-12,2580,2600,2560,2595,32863,0.003868471953578423
2022-08-16,2620,2625,2555,2605,53378,0.003853564547206201
2022-08-17,2605,2670,2585,2650,74874,0.017274472168905985
2022-08-18,2650,2675,2590,2605,57473,-0.016981132075471694
2022-08-19,2610,2630,2545,2545,111502,-0.02303262955854124
2022-08-22,2530,2560,2490,2510,31781,-0.013752455795677854
2022-08-23,2495,2620,2470,2495,36887,-0.005976095617529875
2022-08-24,2520,2520,2430,2500,47632,0.002004008016031955
2022-08-25,2535,2535,2455,2505,50325,0.0020000000000000018
2022-08-26,2505,2520,2490,2490,22353,-0.005988023952095856
2022-08-29,2450,2460,2390,2450,44503,-0.016064257028112428
2022-08-30,2435,2465,2400,2450,18845,0.0
2022-08-31,2510,2510,2390,2455,95179,0.0020408163265306367
2022-09-01,2435,2435,2340,2340,45056,-0.046843177189409335
2022-09-02,2370,2440,2345,2390,22799,0.02136752136752129
2022-09-05,2350,2375,2260,2295,35528,-0.03974895397489542
2022-09-06,2320,2640,2295,2355,1072602,0.02614379084967311
2022-09-07,2355,2445,2280,2310,155266,-0.019108280254777066
2022-09-08,2310,2365,2280,2320,82341,0.0043290043290042934
2022-09-13,2320,2365,2290,2340,55105,0.008620689655172376
2022-09-14,2325,2325,2260,2300,79763,-0.017094017094017144
2022-09-15,2300,2335,2230,2255,76505,-0.019565217391304346
2022-09-16,2240,2270,2175,2185,61323,-0.03104212860310418
2022-09-19,2165,2240,2075,2120,48830,-0.029748283752860427
2022-09-20,2185,2220,2145,2180,45437,0.028301886792452935
2022-09-21,2200,2200,2135,2170,13096,-0.004587155963302725
2022-09-22,2150,2160,2095,2160,29970,-0.004608294930875556
2022-09-23,2340,2350,2025,2055,222569,-0.04861111111111116
2022-09-26,2035,2125,1985,2095,173442,0.019464720194647178
2022-09-27,2060,2095,1990,2020,60884,-0.03579952267303099
2022-09-28,1960,2015,1885,1910,114312,-0.054455445544554504
2022-09-29,1920,1985,1890,1895,30072,-0.007853403141361293
2022-09-30,1830,1905,1810,1870,35569,-0.01319261213720313
2022-10-04,1845,1935,1845,1935,16979,0.03475935828876997
2022-10-05,1990,1990,1915,1915,22709,-0.01033591731266148
2022-10-06,1975,2015,1920,1970,38104,0.02872062663185382
2022-10-07,2010,2045,1980,1985,10768,0.0076142131979695105
2022-10-11,1985,2035,1920,1975,14707,-0.005037783375314908
2022-10-12,1965,2005,1950,2000,15923,0.012658227848101333
2022-10-13,1995,2000,1885,1890,25295,-0.05500000000000005
2022-10-14,1910,1965,1910,1955,31398,0.03439153439153442
2022-10-17,1940,1980,1870,1970,18126,0.007672634271099765
2022-10-18,1985,1990,1960,1975,16414,0.002538071065989911
2022-10-19,2145,2145,1970,1990,44747,0.0075949367088608
2022-10-20,1990,1990,1910,1940,17862,-0.025125628140703515
2022-10-21,1935,1940,1905,1940,10890,0.0
2022-10-24,1940,1980,1925,1940,9784,0.0
2022-10-25,1975,1975,1870,1920,24995,-0.010309278350515427
2022-10-26,1915,1945,1845,1900,21931,-0.01041666666666663
2022-10-27,1900,1940,1880,1940,21146,0.021052631578947434
2022-10-28,1920,1945,1890,1890,17982,-0.02577319587628868
2022-10-31,1975,1975,1910,1950,24111,0.031746031746031855
2022-11-01,1955,1985,1955,1970,26949,0.01025641025641022
2022-11-02,1980,2005,1945,1970,20012,0.0
2022-11-03,1990,1990,1930,1960,17328,-0.005076142131979711
2022-11-04,1925,1940,1895,1930,22522,-0.015306122448979553
2022-11-07,1950,1955,1930,1950,8804,0.010362694300518172
2022-11-08,1980,2035,1950,1990,29388,0.02051282051282044
2022-11-09,1990,2010,1945,1970,52689,-0.01005025125628145
2022-11-10,1970,1970,1915,1960,11698,-0.005076142131979711
2022-11-11,1990,2020,1960,1960,32297,0.0
2022-11-14,1960,2090,1960,2030,138612,0.03571428571428581
2022-11-15,2030,2090,2010,2055,45241,0.012315270935960632
2022-11-16,2085,2085,2030,2040,29930,-0.007299270072992692
2022-11-17,2045,2090,2005,2085,84563,0.022058823529411686
2022-11-18,2085,2100,2045,2050,28380,-0.016786570743405282
2022-11-21,2055,2080,2000,2040,21605,-0.004878048780487809
2022-11-22,2025,2095,2025,2085,55758,0.022058823529411686
2022-11-23,2085,2460,2070,2180,1731218,0.0455635491606714
2022-11-24,2210,2220,2125,2150,179146,-0.013761467889908285
2022-11-25,2165,2260,2130,2215,156651,0.03023255813953485
2022-11-28,2205,2205,2150,2190,64452,-0.011286681715575675
2022-11-29,2140,2165,2120,2140,47400,-0.022831050228310557
2022-11-30,2140,2165,2110,2155,31591,0.007009345794392496
2022-12-01,2160,2200,2120,2180,68601,0.011600928074245953
2022-12-02,2190,2255,2140,2200,136292,0.00917431192660545
2022-12-05,2205,2275,2180,2200,79252,0.0
2022-12-06,2175,2245,2135,2160,48598,-0.018181818181818188
2022-12-07,2145,2145,2080,2130,62870,-0.01388888888888884
2022-12-08,2120,2120,2040,2090,56160,-0.018779342723004744
2022-12-09,2080,2085,2030,2070,49590,-0.009569377990430672
2022-12-12,2070,2120,2055,2095,35039,0.012077294685990392
2022-12-13,2090,2150,2070,2125,81441,0.014319809069212486
2022-12-14,2125,2175,2105,2160,72458,0.016470588235294015
2022-12-15,2185,2185,2125,2125,59721,-0.01620370370370372
2022-12-16,2125,2165,2085,2115,31736,-0.004705882352941226
2022-12-19,2105,2105,2065,2070,17687,-0.021276595744680882
2022-12-20,2065,2090,2035,2065,20967,-0.0024154589371980784
2022-12-21,2045,2120,2040,2095,24114,0.014527845036319542
2022-12-22,2085,2145,2080,2085,17211,-0.004773269689737458
2022-12-23,2095,2100,2025,2050,10834,-0.016786570743405282
2022-12-26,2050,2050,1975,1985,30701,-0.03170731707317076
2022-12-27,1930,2020,1930,1980,21409,-0.0025188916876573986
2022-12-28,2020,2020,1925,1995,27317,0.007575757575757569
2022-12-29,1975,1995,1935,1995,21131,0.0
2023-01-02,1975,2025,1950,1990,8125,-0.0025062656641604564
2023-01-03,1990,2010,1890,1905,60104,-0.042713567839196
2023-01-04,1915,1935,1910,1935,17416,0.015748031496062964
2023-01-05,1940,1970,1925,1950,33389,0.007751937984496138
2023-01-06,1965,1990,1915,1970,19150,0.01025641025641022
2023-01-09,1975,2015,1975,2000,21469,0.015228426395939021
2023-01-10,2010,2070,1980,2065,55092,0.03249999999999997
2023-01-11,2060,2100,2035,2095,30235,0.014527845036319542
2023-01-12,2105,2120,2065,2065,19824,-0.014319809069212375
2023-01-13,2065,2100,2065,2100,23982,0.016949152542372836
2023-01-16,2100,2110,2080,2090,39889,-0.004761904761904745
2023-01-17,2120,2120,2045,2065,16877,-0.011961722488038284
2023-01-18,2080,2080,2045,2070,13913,0.002421307506053294
2023-01-19,2070,2070,2015,2035,17796,-0.016908212560386437
2023-01-20,2015,2060,2015,2050,16933,0.0073710073710073765
2023-01-25,2050,2080,2045,2050,32541,0.0
2023-01-26,2055,2120,2055,2120,52230,0.034146341463414664
2023-01-27,2120,2130,2100,2125,42082,0.002358490566037652
2023-01-30,2185,2185,2125,2135,39744,0.004705882352941115
2023-01-31,2135,2180,2110,2175,62758,0.0187353629976581
2023-02-01,2195,2195,2140,2140,61390,-0.016091954022988464
2023-02-02,2180,2195,2145,2165,62683,0.011682242990654235
2023-02-03,2150,2170,2135,2170,71951,0.002309468822170979
2023-02-06,2170,2230,2165,2195,110696,0.011520737327188835
2023-02-07,2175,2230,2175,2205,39830,0.004555808656036442
2023-02-08,2235,2235,2155,2205,47557,0.0
2023-02-09,2205,2215,2190,2190,18214,-0.006802721088435382
2023-02-10,2190,2220,2125,2125,59990,-0.029680365296803624
2023-02-13,2125,2140,2105,2105,16578,-0.009411764705882342
2023-02-14,2120,2125,2105,2125,18395,0.009501187648456089
2023-02-15,2105,2140,2060,2115,91715,-0.004705882352941226
2023-02-16,2135,2160,2100,2150,42774,0.016548463356973908
2023-02-17,2175,2180,2095,2160,78708,0.0046511627906977715
2023-02-20,2125,2170,2125,2145,52076,-0.00694444444444442
2023-02-21,2165,2165,2125,2135,46891,-0.004662004662004615
2023-02-22,2135,2160,2030,2145,84444,0.004683840749414525
2023-02-23,2115,2145,2095,2140,101724,-0.002331002331002363
2023-02-24,2150,2170,2125,2165,51082,0.011682242990654235
2023-02-27,2135,2145,2100,2130,45906,-0.0161662817551963
2023-02-28,2120,2160,2115,2145,75373,0.007042253521126751
2023-03-02,2145,2320,2145,2315,446857,0.07925407925407923
2023-03-03,2315,2330,2240,2250,147014,-0.02807775377969768
2023-03-06,2270,2350,2250,2345,165472,0.04222222222222216
2023-03-07,2340,2340,2265,2295,100698,-0.021321961620469065
2023-03-08,2280,2295,2230,2270,105474,-0.01089324618736387
2023-03-09,2255,2275,2200,2215,75863,-0.024229074889867808
2023-03-10,2195,2205,2145,2185,43516,-0.013544018058690765
2023-03-13,2050,2160,2050,2130,149957,-0.02517162471395884
2023-03-14,2105,2105,1940,2010,181466,-0.05633802816901412
2023-03-15,2015,2050,1985,2015,118746,0.0024875621890547706
2023-03-16,2065,2065,1950,2000,138391,-0.007444168734491274
2023-03-17,2015,2045,2005,2025,65814,0.012499999999999956
2023-03-20,2025,2060,2015,2040,55771,0.007407407407407307
2023-03-21,2060,2060,2010,2035,24725,-0.002450980392156854
2023-03-22,2035,2050,2010,2025,42616,-0.004914004914004955
2023-03-23,2025,2025,1905,1994,90601,-0.015308641975308679
2023-03-24,1994,2025,1970,1995,50588,0.0005015045135405849
2023-03-27,1995,1995,1963,1985,38976,-0.005012531328320802
2023-03-28,1985,2005,1973,1984,38943,-0.0005037783375314575
2023-03-29,1985,2040,1984,2035,67011,0.025705645161290258
2023-03-30,2085,2085,2010,2050,68122,0.0073710073710073765
2023-03-31,2050,2070,2000,2030,56355,-0.009756097560975618
2023-04-03,2055,2150,2055,2115,228958,0.041871921182266014
2023-04-04,2115,2230,2090,2200,198315,0.04018912529550822
2023-04-05,2200,2235,2150,2215,76243,0.006818181818181834
2023-04-06,2215,2220,2100,2110,65016,-0.04740406320541757
2023-04-07,2140,2245,2125,2170,59972,0.028436018957346043
2023-04-10,2170,2585,2080,2320,1297556,0.06912442396313367
2023-04-11,2320,2420,2240,2395,386269,0.032327586206896575
2023-04-12,2460,2620,2325,2400,1147516,0.0020876826722338038
2023-04-13,2370,2600,2310,2485,462306,0.03541666666666665
2023-04-14,2495,2530,2350,2400,314947,-0.03420523138832998
2023-04-17,2400,2470,2340,2455,277980,0.022916666666666696
2023-04-18,2440,2445,2350,2410,219716,-0.018329938900203624
2023-04-19,2415,2610,2385,2515,623380,0.043568464730290524
2023-04-20,2515,2595,2355,2385,486687,-0.05168986083499005
2023-04-21,2365,2365,2260,2310,346430,-0.03144654088050314
2023-04-24,2390,2430,2310,2350,344514,0.017316017316017396
2023-04-25,2345,2400,2250,2395,196688,0.01914893617021285
2023-04-26,2395,2420,2315,2320,151689,-0.03131524008350728
2023-04-27,2320,2340,2220,2270,116790,-0.02155172413793105
2023-04-28,2275,2365,2270,2310,120454,0.017621145374449254
2023-05-02,2350,2375,2320,2370,115898,0.025974025974025983
2023-05-03,2360,2370,2320,2340,70465,-0.012658227848101222
2023-05-04,2310,2430,2310,2415,292282,0.03205128205128216
2023-05-08,2410,2470,2360,2415,301399,0.0
2023-05-09,2405,2455,2370,2445,124287,0.012422360248447228
2023-05-10,2450,3075,2400,3010,6088483,0.23108384458077702
2023-05-11,3110,3380,2965,3050,4268846,0.013289036544850585
2023-05-12,3055,3175,2950,3045,1398530,-0.0016393442622950616
2023-05-15,3140,3160,2985,3100,1198815,0.01806239737274229
2023-05-16,3100,3255,3080,3140,1988587,0.012903225806451646
2023-05-17,3155,3340,3130,3230,1559826,0.02866242038216571
2023-05-18,3210,3290,3100,3195,911737,-0.010835913312693513
2023-05-19,3200,3240,3145,3200,635765,0.0015649452269170805
2023-05-22,3160,3230,3150,3190,401797,-0.0031250000000000444
2023-05-23,3190,3245,3175,3190,401439,0.0
2023-05-24,3190,3345,3170,3320,718372,0.040752351097178785
2023-05-25,3365,3370,3200,3250,702895,-0.02108433734939763
2023-05-26,3250,3400,3200,3220,581526,-0.009230769230769265
2023-05-30,3230,3330,3030,3030,789587,-0.05900621118012417
2023-05-31,3030,3100,2950,3055,504169,0.008250825082508184
2023-06-01,3110,3380,3070,3160,1985012,0.03436988543371533
2023-06-02,3195,4100,3175,3905,15008118,0.235759493670886
2023-06-05,3860,3865,3560,3600,2949155,-0.07810499359795131
2023-06-07,3600,3650,3530,3530,1312529,-0.019444444444444486
2023-06-08,3520,4175,3490,3850,9265561,0.09065155807365444
2023-06-09,3780,3965,3740,3780,2163449,-0.018181818181818188
2023-06-12,3815,3985,3725,3860,1636392,0.021164021164021163
2023-06-13,3940,4210,3860,4120,3813630,0.06735751295336789
2023-06-14,4200,4200,3905,3935,1833517,-0.04490291262135926
2023-06-15,3945,4005,3835,4005,749040,0.017789072426937835
2023-06-16,4005,4035,3935,3985,554050,-0.004993757802746579
2023-06-19,3955,3965,3780,3855,703664,-0.03262233375156842
2023-06-20,3775,4150,3645,4055,2101547,0.05188067444876787
2023-06-21,3980,4110,3850,3985,1615339,-0.01726263871763256
2023-06-22,4005,4085,3915,3940,651049,-0.01129234629861986
2023-06-23,3910,4045,3840,3935,650794,-0.0012690355329949554
2023-06-26,3950,4030,3825,3990,513560,0.013977128335451061
2023-06-27,4020,4025,3810,3850,523225,-0.03508771929824561
2023-06-28,3825,3920,3800,3835,405045,-0.003896103896103842
2023-06-29,3840,3875,3500,3665,607669,-0.044328552803129084
2023-06-30,3660,3800,3600,3695,354255,0.008185538881309684
2023-07-03,3710,3780,3680,3715,324865,0.005412719891745521
2023-07-04,3760,3860,3730,3860,487143,0.03903095558546443
2023-07-05,3890,3890,3695,3725,520540,-0.03497409326424872
2023-07-06,3760,3965,3720,3865,1095391,0.037583892617449655
2023-07-07,3770,3830,3510,3560,860232,-0.07891332470892631
2023-07-10,3550,3575,3415,3500,372659,-0.016853932584269704
2023-07-11,3495,3550,3370,3515,405841,0.004285714285714226
2023-07-12,3525,3605,3450,3600,332037,0.024182076813655806
2023-07-13,3640,3645,3420,3435,456644,-0.04583333333333328
2023-07-14,3500,3500,3305,3420,324508,-0.004366812227074246
2023-07-17,3450,3450,3315,3375,259941,-0.013157894736842146
2023-07-18,3385,3435,3275,3300,424449,-0.022222222222222254
2023-07-19,3315,3355,3195,3245,473958,-0.01666666666666672
2023-07-20,3245,3285,3165,3285,266690,0.012326656394453073
2023-07-21,3295,3295,3180,3190,306102,-0.028919330289193357
2023-07-24,3170,3180,3035,3120,436681,-0.021943573667711602
2023-07-25,3120,3270,3105,3160,358270,0.012820512820512775
2023-07-26,3200,3200,2935,2985,593451,-0.055379746835443
2023-07-27,2925,3045,2925,3000,247382,0.005025125628140614
2023-07-28,3005,3165,3005,3145,176262,0.04833333333333334
2023-07-31,3180,3190,3040,3125,211043,-0.006359300476947549
2023-08-01,3145,3150,3030,3060,179327,-0.02080000000000004
2023-08-02,3075,3100,2985,3015,186208,-0.014705882352941124
2023-08-03,2985,3035,2920,2970,218054,-0.014925373134328401
2023-08-04,2940,3035,2925,3025,228200,0.0185185185185186
2023-08-07,3025,3050,2860,2910,191684,-0.0380165289256198
2023-08-08,2920,2975,2890,2905,145752,-0.0017182130584192379
2023-08-09,2915,2940,2895,2935,89307,0.010327022375215211
2023-08-10,2920,2930,2890,2910,77318,-0.008517887563884163
2023-08-11,2920,3050,2920,3020,228141,0.037800687285223455
2023-08-14,3090,3090,2945,2955,149542,-0.021523178807947074
2023-08-16,2910,2945,2730,2730,382111,-0.07614213197969544
2023-08-17,2720,2875,2665,2760,132397,0.01098901098901095
2023-08-18,2685,2790,2625,2775,249452,0.005434782608695565
2023-08-21,2750,2790,2715,2770,101359,-0.0018018018018017834
2023-08-22,2740,2830,2740,2770,98704,0.0
2023-08-23,2780,2880,2750,2815,197547,0.016245487364620947
2023-08-24,2850,2880,2800,2850,166202,0.01243339253996445
2023-08-25,2850,2850,2755,2810,101006,-0.01403508771929829
2023-08-28,2830,2990,2800,2990,174751,0.06405693950177938
2023-08-29,2975,3010,2950,2980,88423,-0.0033444816053511683
2023-08-30,3000,3035,2985,2990,101041,0.003355704697986628
2023-08-31,3005,3005,2925,2950,105847,-0.013377926421404673
2023-09-01,2975,2980,2890,2890,74808,-0.02033898305084747
2023-09-04,2890,2900,2815,2835,78151,-0.01903114186851207
2023-09-05,2800,2875,2800,2830,75162,-0.0017636684303351524
2023-09-06,2840,2890,2800,2825,53970,-0.0017667844522968323
2023-09-07,2850,2850,2740,2770,139452,-0.019469026548672552
2023-09-08,2770,2795,2700,2750,78628,-0.0072202166064981865
2023-09-11,2720,2760,2690,2750,80913,0.0
2023-09-12,2770,2810,2715,2785,121160,0.012727272727272698
2023-09-13,2690,2840,2690,2800,101564,0.0053859964093356805
2023-09-14,2815,2850,2785,2795,62146,-0.0017857142857142794
2023-09-15,2800,2940,2800,2880,152892,0.030411449016100267
2023-09-18,2885,2885,2720,2780,61340,-0.03472222222222221
2023-09-19,2755,2790,2730,2745,58593,-0.01258992805755399
2023-09-20,2710,2815,2710,2750,49873,0.0018214936247722413
2023-09-21,2750,2755,2620,2635,136820,-0.041818181818181865
2023-09-22,2635,2650,2540,2620,103712,-0.005692599620493399
2023-09-25,2565,2640,2500,2500,117410,-0.04580152671755722
2023-09-26,2500,2575,2490,2505,105397,0.0020000000000000018
2023-09-27,2495,2560,2495,2550,61781,0.017964071856287456
2023-10-04,2500,2545,2380,2395,165506,-0.0607843137254902
2023-10-05,2395,2470,2350,2385,126781,-0.0041753653444676075
2023-10-06,2340,2445,2340,2445,108287,0.02515723270440251
2023-10-10,2445,2445,2335,2390,113265,-0.02249488752556239
2023-10-11,2390,2450,2390,2420,55235,0.012552301255230214
2023-10-12,2455,2460,2405,2460,52363,0.016528925619834656
2023-10-13,2465,2515,2400,2420,87481,-0.016260162601625994
2023-10-16,2420,2455,2355,2425,74496,0.0020661157024792765
2023-10-17,2425,2455,2405,2425,46445,0.0
2023-10-18,2400,2440,2360,2415,75417,-0.004123711340206171
2023-10-19,2395,2395,2310,2350,116277,-0.026915113871635588
2023-10-20,2335,2345,2200,2250,144353,-0.04255319148936165
2023-10-23,2260,2300,2240,2285,45308,0.015555555555555545
2023-10-24,2270,2330,2200,2330,79801,0.01969365426695835
2023-10-25,2400,2400,2290,2300,80260,-0.012875536480686733
2023-10-26,2300,2300,2200,2215,176783,-0.036956521739130443
2023-10-27,2215,2295,2215,2265,67043,0.02257336343115135
2023-10-30,2325,2325,2190,2235,64265,-0.013245033112582738
2023-10-31,2305,2535,2300,2385,561731,0.06711409395973145
2023-11-01,2440,2465,2360,2400,214312,0.0062893081761006275
2023-11-02,2460,2460,2375,2400,148315,0.0
2023-11-03,2450,2450,2310,2445,118880,0.018750000000000044
2023-11-06,2500,2500,2400,2450,181190,0.002044989775051187
2023-11-07,2435,2445,2325,2355,175333,-0.038775510204081653
2023-11-08,2355,2395,2320,2340,53857,-0.006369426751592355
2023-11-09,2410,2620,2375,2405,713725,0.02777777777777768
2023-11-10,2390,2400,2250,2325,221516,-0.033264033264033266
2023-11-13,2310,2340,2200,2230,241070,-0.04086021505376347
2023-11-14,2230,2370,2230,2360,91056,0.058295964125560484
2023-11-15,2450,2455,2380,2435,127038,0.03177966101694918
2023-11-16,2445,2470,2390,2430,70023,-0.002053388090349051
2023-11-17,2435,2440,2345,2365,80113,-0.026748971193415683
2023-11-20,2365,2390,2220,2365,46596,0.0
2023-11-21,2395,2495,2330,2335,341531,-0.012684989429175508
2023-11-22,2335,2355,2295,2335,70451,0.0
2023-11-23,2335,2355,2280,2305,72214,-0.012847965738758016
2023-11-24,2310,2350,2295,2310,74757,0.002169197396963085
2023-11-27,2310,2315,2220,2260,97175,-0.02164502164502169
2023-11-28,2245,2310,2240,2310,91130,0.022123893805309658
2023-11-29,2315,2335,2270,2305,64657,-0.0021645021645021467
2023-11-30,2305,2310,2270,2270,46283,-0.015184381778741818
2023-12-01,2300,2300,2250,2290,49896,0.008810572687224738
2023-12-04,2325,2325,2140,2275,76443,-0.0065502183406113135
2023-12-05,2275,2295,2240,2260,66172,-0.00659340659340657
2023-12-06,2260,2275,2215,2250,94724,-0.004424778761061954
2023-12-07,2255,2265,2225,2260,65250,0.004444444444444473
2023-12-08,2255,2295,2245,2275,35271,0.006637168141592875
2023-12-11,2280,2330,2280,2305,67439,0.01318681318681314
2023-12-12,2300,2320,2280,2305,40402,0.0
2023-12-13,2305,2310,2255,2280,55870,-0.010845986984815648
2023-12-14,2300,2305,2275,2300,33146,0.00877192982456143
2023-12-15,2300,2365,2295,2340,113186,0.017391304347825987
2023-12-18,2340,2350,2320,2325,63977,-0.0064102564102563875
2023-12-19,2330,2330,2295,2295,54505,-0.012903225806451646
2023-12-20,2310,2480,2300,2440,285141,0.06318082788671031
2023-12-21,2400,2465,2370,2385,90499,-0.02254098360655743
2023-12-22,2390,2445,2355,2380,159450,-0.002096436058700246
2023-12-26,2510,2530,2280,2325,204206,-0.02310924369747902
2023-12-27,2330,2360,2290,2355,87394,0.012903225806451646
2023-12-28,2335,2445,2330,2395,103368,0.01698513800424628
2024-01-02,2420,2475,2400,2445,140439,0.02087682672233826
2024-01-03,2445,2685,2405,2490,1002341,0.018404907975460016
2024-01-04,2490,2505,2450,2480,174681,-0.004016064257028162
2024-01-05,2465,2495,2420,2425,116775,-0.022177419354838745
2024-01-08,2430,2490,2365,2435,114891,0.004123711340206171
2024-01-09,2455,2475,2440,2465,63683,0.012320328542094527
2024-01-10,2465,2480,2435,2480,52049,0.006085192697768749
2024-01-11,2490,2500,2445,2475,56107,-0.0020161290322581182
2024-01-12,2490,2490,2415,2425,85992,-0.02020202020202022
2024-01-15,2420,2470,2420,2440,48118,0.006185567010309256
2024-01-16,2440,2455,2400,2420,63757,-0.008196721311475419
2024-01-17,2420,2445,2380,2385,90383,-0.01446280991735538
2024-01-18,2385,2410,2350,2350,62002,-0.014675052410901501
2024-01-19,2355,2405,2355,2375,56842,0.010638297872340496
2024-01-22,2375,2375,2325,2365,98031,-0.004210526315789442
2024-01-23,2355,2390,2340,2380,34290,0.00634249471458781
2024-01-24,2385,2385,2330,2360,40539,-0.008403361344537785
2024-01-25,2360,2360,2280,2325,61820,-0.014830508474576232
2024-01-26,2325,2340,2310,2325,47017,0.0
2024-01-29,2335,2335,2295,2335,46617,0.004301075268817289
2024-01-30,2315,2345,2295,2295,61064,-0.017130620985010725
2024-01-31,2305,2340,2275,2275,44112,-0.008714596949891074
2024-02-01,2290,2370,2265,2350,79897,0.03296703296703307
2024-02-02,2350,2480,2335,2470,184891,0.051063829787234116
2024-02-05,2480,2485,2435,2465,117670,-0.002024291497975672
2024-02-06,2475,2475,2410,2435,85200,-0.012170385395537497
2024-02-07,2435,2465,2420,2460,47378,0.010266940451745477
2024-02-08,2475,2475,2420,2450,32574,-0.004065040650406471
2024-02-13,2470,2485,2350,2475,94963,0.010204081632652962
2024-02-14,2475,2510,2455,2485,151073,0.004040404040404066
2024-02-15,2470,2490,2455,2460,68770,-0.010060362173038184
2024-02-16,2490,2490,2435,2450,45227,-0.004065040650406471
2024-02-19,2450,2450,2410,2440,62657,-0.004081632653061273
2024-02-20,2450,2460,2410,2425,36452,-0.006147540983606592
2024-02-21,2425,2425,2365,2390,63276,-0.014432989690721598
2024-02-22,2390,2415,2360,2390,29958,0.0
2024-02-23,2395,2395,2300,2320,157214,-0.029288702928870314
2024-02-26,2325,2335,2300,2325,58018,0.0021551724137931494
2024-02-27,2335,2335,2260,2280,76923,-0.01935483870967747
2024-02-28,2260,2305,2260,2295,56614,0.006578947368421018
2024-02-29,2290,2310,2275,2295,23579,0.0
2024-03-04,2300,2350,2290,2310,60565,0.006535947712418277
2024-03-05,2340,2340,2280,2295,60223,-0.00649350649350644
2024-03-06,2285,2305,2245,2265,62159,-0.013071895424836555
2024-03-07,2265,2265,2190,2190,81161,-0.0331125827814569
2024-03-08,2200,2260,2200,2230,32748,0.0182648401826484
2024-03-11,2230,2240,2200,2230,29215,0.0
2024-03-12,2225,2240,2200,2210,48886,-0.008968609865470878
2024-03-13,2215,2230,2190,2210,54844,0.0
2024-03-14,2220,2250,2200,2230,35549,0.009049773755656076
2024-03-15,2240,2260,2215,2260,29673,0.013452914798206317
2024-03-18,2260,2270,2220,2225,31621,-0.015486725663716783
2024-03-19,2240,2240,2175,2225,44390,0.0
2024-03-20,2225,2240,2185,2215,35275,-0.004494382022471877
2024-03-21,2240,2245,2210,2240,42137,0.011286681715575675
2024-03-22,2255,2255,2165,2225,53194,-0.006696428571428603
2024-03-25,2225,2230,2210,2225,27313,0.0
2024-03-26,2225,2260,2210,2260,36870,0.01573033707865168
2024-03-27,2270,2270,2235,2245,26761,-0.006637168141592875
2024-03-28,2245,2260,2220,2240,38362,-0.00222717149220486
2024-03-29,2250,2250,2200,2235,49270,-0.0022321428571429047
2024-04-01,2260,2905,2220,2805,12307232,0.25503355704697994
2024-04-02,2675,3115,2560,2800,17031552,-0.0017825311942959443
2024-04-03,2735,2840,2585,2620,3844256,-0.06428571428571428
2024-04-04,2565,2620,2455,2475,1257370,-0.05534351145038163
2024-04-05,2435,2465,2360,2420,717932,-0.022222222222222254
2024-04-08,2410,2550,2345,2370,1242749,-0.02066115702479343
2024-04-09,2380,2480,2335,2350,574425,-0.008438818565400852
2024-04-11,2345,2375,2315,2335,186219,-0.006382978723404209
2024-04-12,2345,2495,2340,2435,754590,0.04282655246252687
2024-04-15,2375,2425,2335,2400,364754,-0.014373716632443578
2024-04-16,2395,2400,2275,2275,391986,-0.05208333333333337
2024-04-17,2275,2325,2255,2255,219452,-0.00879120879120876
2024-04-18,2255,2300,2250,2270,165229,0.006651884700665134
2024-04-19,2300,2400,2235,2295,541265,0.011013215859030812
2024-04-22,2290,2350,2285,2330,151913,0.015250544662309462
2024-04-23,2330,2385,2300,2340,293409,0.0042918454935623185
2024-04-24,2365,2390,2345,2370,197623,0.012820512820512775
2024-04-25,2380,2440,2340,2405,1155258,0.014767932489451407
2024-04-26,2640,2645,2375,2375,2342645,-0.012474012474012475
2024-04-29,2375,2410,2310,2370,446066,-0.002105263157894721
2024-04-30,2355,2380,2335,2335,225429,-0.014767932489451518
2024-05-02,2335,2935,2315,2760,21901635,0.1820128479657388
2024-05-03,2805,3130,2740,2830,24178129,0.0253623188405796
2024-05-07,2850,2895,2780,2860,2558173,0.010600706713780994
2024-05-08,2840,2980,2765,2870,3227429,0.0034965034965035446
2024-05-09,2865,2870,2700,2730,1161424,-0.04878048780487809
2024-05-10,2730,2980,2700,2720,3256074,-0.00366300366300365
2024-05-13,2680,2695,2570,2610,642941,-0.0404411764705882
2024-05-14,2590,2780,2580,2595,957720,-0.005747126436781658
2024-05-16,2570,2640,2570,2600,351351,0.0019267822736031004
2024-05-17,2600,2600,2525,2555,252078,-0.017307692307692357
2024-05-20,2550,2590,2535,2535,248006,-0.007827788649706457
2024-05-21,2530,3035,2485,2700,10511524,0.06508875739644981
2024-05-22,2690,2825,2660,2745,1540162,0.016666666666666607
2024-05-23,2740,2740,2650,2695,818038,-0.01821493624772308
2024-05-24,2660,2790,2640,2700,1049926,0.0018552875695732052
2024-05-27,2715,2720,2625,2680,407038,-0.007407407407407418
2024-05-28,2700,2730,2585,2590,388669,-0.03358208955223885
2024-05-29,2590,2620,2540,2555,311308,-0.013513513513513487
2024-05-30,2535,2555,2490,2510,274756,-0.017612524461839585
2024-05-31,2515,2600,2515,2560,194044,0.019920318725099584
2024-06-03,2535,2640,2535,2600,185569,0.015625
2024-06-04,2605,2630,2505,2520,227650,-0.03076923076923077
2024-06-05,2545,2545,2465,2515,232563,-0.001984126984126977
2024-06-07,2500,2540,2480,2515,172791,0.0
2024-06-10,2525,2545,2480,2530,130054,0.005964214711729587
2024-06-11,2545,2550,2430,2470,351352,-0.02371541501976282
2024-06-12,2470,2630,2430,2580,357246,0.044534412955465674
2024-06-13,2575,2650,2560,2590,182636,0.003875968992248069
2024-06-14,2580,2610,2505,2535,179628,-0.021235521235521193
2024-06-17,2515,2700,2515,2650,758496,0.04536489151873768
2024-06-18,2715,2720,2605,2605,325415,-0.016981132075471694
2024-06-19,2610,2635,2575,2625,199382,0.007677543186180413
2024-06-20,2605,2640,2525,2555,237770,-0.026666666666666616
2024-06-21,2555,2570,2475,2480,203964,-0.02935420743639927
2024-06-24,2475,2485,2380,2405,208423,-0.030241935483870996
2024-06-25,2400,2510,2395,2485,147979,0.033264033264033266
2024-06-26,2470,2575,2455,2530,210244,0.01810865191146882
2024-06-27,2550,2615,2495,2530,189914,0.0
2024-06-28,2525,2565,2465,2490,148737,-0.015810276679841917
2024-07-01,2470,2515,2465,2490,63005,0.0
2024-07-02,2490,2520,2380,2385,200303,-0.04216867469879515
2024-07-03,2440,2485,2355,2400,168275,0.0062893081761006275
2024-07-04,2395,3120,2365,3120,19881026,0.30000000000000004
2024-07-05,3220,3285,2910,3205,29959141,0.027243589743589647
2024-07-08,3100,3200,3015,3125,8906124,-0.0249609984399376
2024-07-09,3065,3310,2955,3110,21771789,-0.0048000000000000265
2024-07-10,3075,3075,2890,2995,5383331,-0.036977491961414755
2024-07-11,3060,3085,2845,3000,4999701,0.0016694490818029983
2024-07-12,2880,2955,2760,2770,2154641,-0.07666666666666666
2024-07-15,2745,2940,2730,2810,3615282,0.014440433212996373
2024-07-16,2795,2825,2715,2720,1089394,-0.03202846975088969
2024-07-17,2700,2725,2630,2630,1075023,-0.03308823529411764
2024-07-18,2565,2590,2515,2570,1098612,-0.02281368821292773
2024-07-19,2565,2590,2520,2565,492538,-0.0019455252918287869
2024-07-22,2565,2570,2450,2465,696839,-0.03898635477582846
2024-07-23,2490,2515,2450,2450,414613,-0.006085192697768749
2024-07-24,2440,2490,2430,2440,313836,-0.004081632653061273
2024-07-25,2380,2420,2325,2400,514471,-0.016393442622950838
2024-07-26,2395,2425,2360,2415,284363,0.006250000000000089
2024-07-29,2410,2545,2390,2430,515904,0.006211180124223503
2024-07-30,2435,2440,2360,2360,246347,-0.028806584362139898
2024-07-31,2350,2535,2310,2405,822554,0.019067796610169552
2024-08-01,2405,2500,2405,2450,340479,0.018711018711018657
2024-08-02,2400,2425,2350,2355,335388,-0.038775510204081653
2024-08-05,2330,2335,1973,2045,1054075,-0.13163481953290868
2024-08-06,2045,2200,2045,2150,444118,0.05134474327628369
2024-08-07,2110,2250,2110,2220,175850,0.032558139534883734
2024-08-08,2200,2230,2160,2200,102798,-0.009009009009009028
2024-08-09,2225,2255,2200,2220,122477,0.009090909090909038
2024-08-12,2220,2295,2220,2295,122491,0.03378378378378377
2024-08-13,2300,2315,2245,2280,178889,-0.006535947712418277
2024-08-14,2295,2315,2270,2285,167914,0.002192982456140413
2024-08-16,2300,2330,2270,2290,156598,0.002188183807439792
2024-08-19,2290,2315,2220,2245,136224,-0.01965065502183405
2024-08-20,2250,2680,2250,2345,7564159,0.04454342984409809
2024-08-21,2315,2360,2260,2300,670692,-0.019189765458422214
2024-08-22,2305,2360,2250,2300,790303,0.0
2024-08-23,2315,2320,2250,2255,357283,-0.019565217391304346
2024-08-26,2270,2340,2260,2275,318357,0.008869179600886845
2024-08-27,2265,2310,2240,2280,290419,0.00219780219780219
2024-08-28,2340,2340,2260,2285,274217,0.002192982456140413
2024-08-29,2265,2330,2265,2275,356625,-0.004376367614879695
2024-08-30,2275,2305,2265,2265,158565,-0.00439560439560438
2024-09-02,2280,2290,2245,2280,139965,0.0066225165562914245
2024-09-03,2280,2290,2235,2235,194986,-0.019736842105263164
2024-09-04,2170,2225,2150,2190,268126,-0.020134228187919434
2024-09-05,2190,2580,2105,2130,3456970,-0.0273972602739726
2024-09-06,2100,2395,2100,2175,2325074,0.021126760563380254
2024-09-09,2130,2220,2120,2195,243474,0.009195402298850519
2024-09-10,2200,2235,2175,2175,231178,-0.009111617312072884
2024-09-11,2170,2220,2145,2160,190711,-0.006896551724137945
2024-09-12,2170,2215,2170,2215,142737,0.02546296296296302
2024-09-13,2215,2250,2180,2190,240132,-0.011286681715575675
2024-09-19,2195,2215,2160,2190,126869,0.0
2024-09-20,2190,2230,2185,2195,101508,0.0022831050228311334
2024-09-23,2195,2210,2160,2170,125061,-0.011389521640091105
2024-09-24,2170,2205,2170,2190,95874,0.009216589861751112
2024-09-25,2210,2275,2185,2195,154044,0.0022831050228311334
2024-09-26,2185,2220,2175,2215,205885,0.009111617312072884
2024-09-27,2650,2655,2305,2310,5630227,0.04288939051918739
2024-09-30,2250,2385,2250,2340,983393,0.01298701298701288
2024-10-02,2275,2390,2270,2370,564731,0.012820512820512775
2024-10-04,2370,2380,2300,2300,337580,-0.029535864978902926
2024-10-07,2300,2335,2270,2295,206353,-0.0021739130434782483
2024-10-08,2275,2345,2260,2285,291926,-0.004357298474945481
2024-10-10,2285,2340,2265,2285,270583,0.0
2024-10-11,2290,2305,2260,2295,153081,0.004376367614879584
2024-10-14,2290,2320,2285,2300,179561,0.002178649237472685
2024-10-15,2300,2495,2300,2335,1658829,0.01521739130434785
2024-10-16,2305,2440,2285,2340,461140,0.0021413276231263545
2024-10-17,2340,2440,2340,2440,774129,0.042735042735042805
2024-10-18,2430,2435,2340,2395,368801,-0.018442622950819665
2024-10-21,2370,2410,2330,2330,242535,-0.02713987473903967
2024-10-22,2330,2340,2205,2225,546388,-0.045064377682403456
2024-10-23,2225,2320,2195,2295,219825,0.03146067415730336
2024-10-24,2275,2515,2225,2230,3673217,-0.028322440087146017
2024-10-25,2235,2255,2200,2210,251062,-0.008968609865470878
2024-10-28,2210,2300,2210,2245,206043,0.015837104072398134
2024-10-29,2235,2280,2215,2270,130138,0.011135857461024523
2024-10-30,2255,2375,2225,2235,793847,-0.01541850220264318
2024-10-31,2235,2260,2210,2240,97403,0.0022371364653244186
2024-11-01,2215,2245,2195,2220,214788,-0.008928571428571397
2024-11-04,2225,2250,2210,2220,116244,0.0
2024-11-05,2220,2295,2220,2240,270377,0.009009009009008917
2024-11-06,2245,2275,2180,2215,287482,-0.011160714285714302
2024-11-07,2210,2225,2145,2165,166969,-0.02257336343115124
2024-11-08,2160,2205,2160,2175,82444,0.004618937644341736
2024-11-11,2170,2190,2110,2110,140662,-0.029885057471264354
2024-11-12,2110,2140,1999,2025,258500,-0.04028436018957349
2024-11-13,1980,2050,1972,1974,205861,-0.0251851851851852
2024-11-14,1978,2030,1963,1963,125961,-0.005572441742654477
2024-11-15,1953,1988,1915,1977,126122,0.00713194090677538
2024-11-18,1978,2045,1978,2040,69934,0.03186646433990892
2024-11-19,2025,2085,2025,2080,95456,0.019607843137254832
2024-11-20,2050,2085,2045,2075,78106,-0.0024038461538461453
2024-11-21,2070,2075,2035,2050,46476,-0.012048192771084376
2024-11-22,2025,2070,2025,2045,47151,-0.0024390243902439046
2024-11-25,2070,2100,2050,2075,63624,0.014669926650366705
2024-11-26,2060,2085,2050,2075,21803,0.0
2024-11-27,2055,2260,2035,2040,1167221,-0.016867469879518038
2024-11-28,2030,2060,2020,2050,60941,0.004901960784313708
2024-11-29,2035,2050,2000,2000,97284,-0.024390243902439046
2024-12-02,2000,2025,1955,1957,97729,-0.021499999999999964
2024-12-03,1921,2010,1921,1983,78051,0.013285641287685168
2024-12-04,1945,2015,1945,1983,96369,0.0
2024-12-05,2035,2035,1850,1927,122628,-0.02824004034291483
2024-12-06,1910,1954,1781,1873,231688,-0.02802283341982359
2024-12-09,1789,1850,1750,1821,258147,-0.02776294714361982
2024-12-10,1781,1944,1781,1925,246466,0.05711147721032406
2024-12-11,1926,2025,1926,2015,158182,0.04675324675324677
2024-12-12,2030,2090,2015,2065,152161,0.02481389578163773
2024-12-13,2065,2090,2040,2085,57270,0.009685230024213176
2024-12-16,2090,2120,2075,2100,69006,0.007194244604316502
2024-12-17,2090,2110,2050,2100,83381,0.0
2024-12-18,2100,2105,2050,2080,87572,-0.00952380952380949
2024-12-19,2070,2100,2040,2050,51295,-0.014423076923076872
2024-12-20,2050,2095,1982,2010,119346,-0.019512195121951237
2024-12-23,2010,2035,1970,1980,112144,-0.014925373134328401
2024-12-24,1960,2010,1946,1960,120892,-0.010101010101010055
2024-12-26,1960,1970,1941,1941,66128,-0.009693877551020358
2024-12-27,1913,1970,1870,1903,130184,-0.019577537351880503
2024-12-30,1911,1933,1891,1923,50733,0.010509721492380386
2025-01-02,1901,1930,1901,1930,31694,0.003640145605824152
2025-01-03,1911,2025,1911,2005,139287,0.03886010362694292
2025-01-06,2000,2035,1997,2005,80725,0.0
2025-01-07,2005,2205,1996,2145,473249,0.06982543640897765
2025-01-08,2050,2070,2005,2025,321816,-0.05594405594405594
2025-01-09,2020,2055,1998,2025,98533,0.0
2025-01-10,2015,2060,2005,2030,106352,0.0024691358024691024
2025-01-13,2025,2060,1997,2025,113735,-0.0024630541871921707
2025-01-14,2045,2070,2010,2065,87814,0.01975308641975304
2025-01-15,2065,2080,2010,2055,82065,-0.004842615012106588
2025-01-16,2045,2065,2020,2030,69229,-0.012165450121654486
2025-01-17,2010,2045,2000,2035,61359,0.0024630541871921707
2025-01-20,2035,2065,2030,2050,71771,0.0073710073710073765
2025-01-21,2015,2060,1999,2025,157628,-0.012195121951219523
2025-01-22,2020,2040,2005,2010,83029,-0.007407407407407418
2025-01-23,2030,2030,1986,2000,114071,-0.00497512437810943
2025-01-24,2025,2025,1988,1993,40022,-0.0034999999999999476
2025-01-31,1994,2045,1982,1991,63271,-0.0010035122930256435
2025-02-03,1921,1988,1893,1893,139071,-0.049221496735308845
2025-02-04,1893,1940,1891,1928,29537,0.018489170628631868
2025-02-05,1940,1965,1928,1958,46264,0.01556016597510368
2025-02-06,1942,1970,1930,1954,72478,-0.002042900919305368
2025-02-07,1953,1964,1909,1920,86782,-0.017400204708290734
2025-02-10,1910,1924,1871,1918,52412,-0.0010416666666667185
2025-02-11,1902,1919,1872,1902,54532,-0.008342022940563076
2025-02-12,1902,1902,1845,1864,126761,-0.019978969505783373
2025-02-13,1858,1907,1858,1866,149194,0.0010729613733906351
2025-02-14,1870,1878,1848,1872,62143,0.003215434083601254
2025-02-17,1868,1879,1865,1874,37373,0.0010683760683760646
2025-02-18,1874,1895,1872,1895,54669,0.011205976520811012
2025-02-19,1890,1955,1882,1917,93767,0.011609498680738684
2025-02-20,1912,1928,1896,1911,32865,-0.003129890453834161
2025-02-21,1921,1924,1888,1907,35636,-0.002093144950287784
2025-02-24,1905,1917,1893,1915,44671,0.004195070791819688
2025-02-25,1915,1918,1892,1893,29207,-0.011488250652741505
2025-02-26,1893,1899,1881,1881,53036,-0.006339144215530945
2025-02-27,1909,1909,1870,1883,41387,0.0010632642211589882
2025-02-28,1883,1883,1847,1847,107748,-0.019118428040361124
2025-03-04,1847,1865,1716,1810,120982,-0.02003248511099076
2025-03-05,1781,1830,1781,1824,30870,0.007734806629834168
2025-03-06,1833,1833,1714,1778,196782,-0.025219298245614086
2025-03-07,1781,1799,1761,1780,39962,0.0011248593925758943
2025-03-10,1780,1803,1768,1783,15623,0.0016853932584268705
2025-03-11,1775,1780,1742,1780,48519,-0.0016825574873807758
2025-03-12,1771,1789,1766,1776,25453,-0.0022471910112359383
2025-03-13,1790,1811,1777,1796,46979,0.011261261261261257
2025-03-14,1781,1827,1781,1808,32921,0.006681514476614803
2025-03-17,1808,1810,1782,1789,31138,-0.01050884955752207
2025-03-18,1790,1810,1785,1798,18595,0.005030743432084872
2025-03-19,1797,1809,1786,1800,34163,0.0011123470522802492
2025-03-20,1801,1813,1785,1785,19214,-0.008333333333333304
2025-03-21,1781,1799,1769,1786,34811,0.0005602240896358524
2025-03-24,1858,1890,1798,1804,107358,0.010078387458006821
2025-03-25,1840,1855,1800,1809,77700,0.0027716186252770836
2025-03-26,1809,1824,1741,1812,38825,0.0016583747927032544
2025-03-27,1812,1818,1781,1794,24407,-0.009933774834437137
2025-03-28,1794,1810,1761,1794,48073,0.0
2025-03-31,1793,2230,1711,1794,11282896,0.0
2025-04-01,1941,2165,1870,1906,16773438,0.062430323299888624
2025-04-02,1906,1910,1765,1769,1459292,-0.07187827911857292
2025-04-03,1735,1897,1682,1714,2079407,-0.031091011871113627
2025-04-04,1685,1717,1665,1694,440162,-0.011668611435239229
2025-04-07,1683,1688,1602,1609,267356,-0.05017709563164108
2025-04-08,1621,1664,1621,1629,256786,0.0124300807955251
2025-04-09,1629,1639,1563,1600,172635,-0.017802332719459746
2025-04-10,1670,1670,1623,1655,201767,0.034375000000000044
2025-04-11,1655,1706,1635,1705,243389,0.030211480362537735
2025-04-14,1705,1730,1685,1729,163057,0.014076246334310927
2025-04-15,1779,1836,1746,1785,483396,0.03238866396761142
2025-04-16,1778,1810,1757,1757,129429,-0.015686274509803977
2025-04-17,1737,1784,1737,1779,114300,0.01252134319863396
2025-04-18,1779,1788,1760,1788,65196,0.005059021922428242
2025-04-21,1774,1795,1765,1788,85501,0.0
2025-04-22,1790,1790,1760,1772,89436,-0.008948545861297563
2025-04-23,1772,1789,1753,1774,89065,0.0011286681715576563
2025-04-24,1785,1811,1785,1796,170848,0.012401352874858995
2025-04-25,1796,1813,1781,1808,89484,0.006681514476614803
2025-04-28,1807,1812,1781,1799,86709,-0.004977876106194712
2025-04-29,1799,1905,1780,1797,372365,-0.0011117287381878782
2025-04-30,1805,1810,1773,1773,123312,-0.013355592654423987
2025-05-02,1773,1773,1741,1741,85883,-0.018048505358150058
2025-05-07,1735,1760,1735,1735,51273,-0.003446295232624963
2025-05-08,1735,1757,1735,1737,48404,0.0011527377521614035
2025-05-09,1754,1754,1714,1722,93171,-0.008635578583765069
2025-05-12,1722,1745,1720,1745,74470,0.013356562137049943
2025-05-13,1733,1795,1731,1745,123742,0.0
2025-05-14,1746,1764,1736,1745,64260,0.0
2025-05-15,1754,1754,1731,1731,60958,-0.008022922636103158
2025-05-16,1755,1869,1726,1731,298109,0.0
2025-05-19,1732,1739,1695,1717,133581,-0.008087810514153637
2025-05-20,1700,1724,1700,1707,42646,-0.0058241118229469535
2025-05-21,1708,1734,1707,1719,45619,0.007029876977152849
2025-05-22,1730,1730,1683,1703,43357,-0.009307737056428178
2025-05-23,1715,1715,1685,1693,61705,-0.005871990604815025
2025-05-26,1693,1713,1683,1694,30249,0.0005906674542233148
2025-05-27,1694,1701,1657,1662,104275,-0.018890200708382543
2025-05-28,1680,1687,1651,1671,73957,0.005415162454873723
2025-05-29,1672,1708,1671,1702,58879,0.018551765409934085
2025-05-30,1702,1702,1681,1690,23427,-0.007050528789659172
2025-06-02,1690,1690,1613,1663,36529,-0.015976331360946783
2025-06-04,1663,1692,1657,1687,44556,0.014431749849669329
2025-06-05,1693,1696,1680,1687,37714,0.0
2025-06-09,1687,1717,1683,1710,55245,0.013633669235328938
2025-06-10,1694,1710,1689,1708,45327,-0.0011695906432748204
2025-06-11,1709,1725,1705,1721,50792,0.007611241217798659
2025-06-12,1721,1728,1711,1715,66048,-0.0034863451481697005
2025-06-13,1715,1715,1675,1679,87425,-0.020991253644314867
2025-06-16,1670,1700,1652,1697,46097,0.010720667063728317
2025-06-17,1697,1710,1679,1693,70829,-0.0023571007660577736
2025-06-18,1694,1730,1674,1694,66356,0.0005906674542233148
2025-06-19,1705,1705,1679,1693,44810,-0.0005903187721369996
2025-06-20,1693,1702,1681,1695,48498,0.0011813349084466296
2025-06-23,1695,1703,1666,1666,57690,-0.017109144542772903
2025-06-24,1675,1695,1667,1686,64779,0.01200480192076836
2025-06-25,1684,1724,1684,1695,55492,0.005338078291814874
2025-06-26,1681,1701,1668,1673,114481,-0.012979351032448405
2025-06-27,1671,1715,1660,1684,265677,0.006575014943215773
2025-06-30,1685,1687,1657,1665,91192,-0.01128266033254155
2025-07-01,1655,1679,1655,1668,52742,0.0018018018018017834
2025-07-02,1665,1700,1660,1691,130282,0.013788968824939962
2025-07-03,1702,1712,1679,1708,107695,0.010053222945002993
2025-07-04,1709,1714,1688,1688,41873,-0.011709601873536313
2025-07-07,1688,1753,1669,1685,110171,-0.0017772511848340722
2025-07-08,1694,1694,1671,1689,47807,0.002373887240356032
2025-07-09,1689,1690,1670,1683,38119,-0.003552397868561319
2025-07-10,1681,1740,1681,1686,119541,0.0017825311942958333
2025-07-11,1696,1699,1674,1689,70879,0.001779359430605032
2025-07-14,1689,1710,1676,1710,146068,0.01243339253996445
2025-07-15,1762,1765,1691,1714,186737,0.002339181286549641
