Date,Open,High,Low,Close,Volume,Change
2022-01-03,9346,10435,9092,10410,3209593,0.18107556160653515
2022-01-04,10385,10967,10283,10537,1448242,0.012199807877041335
2022-01-05,10536,10764,10207,10486,606150,-0.004840087311378971
2022-01-06,10206,11068,10055,10131,1111257,-0.03385466336067133
2022-01-07,10309,10739,10207,10613,424242,0.047576744645148494
2022-01-10,10435,10612,10030,10081,434286,-0.05012720248751534
2022-01-11,10080,10358,9649,10055,501218,-0.002579109215355646
2022-01-12,10131,10409,10055,10207,238956,0.01511685728493295
2022-01-13,10232,10789,10156,10359,459616,0.014891740962084787
2022-01-14,10233,10587,10081,10309,209554,-0.004826720725938816
2022-01-17,10257,10409,10030,10182,188300,-0.012319332621980816
2022-01-18,10207,10435,9650,9676,411747,-0.049695541151050904
2022-01-19,9523,9776,9397,9473,266662,-0.02097974369574207
2022-01-20,9447,9574,8991,9574,218729,0.010661881135859863
2022-01-21,9371,9498,8966,9017,308340,-0.058178399832880756
2022-01-24,8941,9168,8763,8941,235389,-0.008428523899301266
2022-01-25,8991,9118,8460,8612,264224,-0.036796778883793735
2022-01-26,8637,8763,8460,8460,160703,-0.017649790989317182
2022-01-27,8459,8712,8231,8358,156437,-0.012056737588652444
2022-01-28,8434,8864,8231,8713,152266,0.042474276142617784
2022-02-03,8889,9092,8712,8814,180229,0.011591874210949094
2022-02-04,8712,8991,8712,8890,94530,0.00862264579078742
2022-02-07,8940,8940,8611,8713,89727,-0.01991001124859393
2022-02-08,8661,8788,8307,8434,196253,-0.032021117869849625
2022-02-09,8434,8865,8333,8865,178095,0.05110267963006887
2022-02-10,8865,8991,8738,8941,136551,0.00857304004512116
2022-02-11,8763,8890,8231,8257,201532,-0.07650150989822169
2022-02-14,8079,8180,7699,7725,268498,-0.06443018045294902
2022-02-15,7775,8003,7548,7700,141650,-0.003236245954692518
2022-02-16,7927,8079,7800,8054,110872,0.045974025974026
2022-02-17,8003,8256,7826,8054,163284,0.0
2022-02-18,7851,8206,7851,8206,55059,0.018872609883287872
2022-02-21,8079,8256,7902,8206,89516,0.0
2022-02-22,7952,8130,7877,7953,90623,-0.030831099195710476
2022-02-23,8003,8129,7902,8130,77266,0.02225575254620904
2022-02-24,7978,8054,7649,7801,106877,-0.04046740467404675
2022-02-25,7927,8155,7699,8130,146070,0.04217408024612235
2022-02-28,8079,8560,8079,8510,280709,0.04674046740467408
2022-03-02,8510,8738,8333,8637,165829,0.014923619271445254
2022-03-03,8688,8814,8561,8688,117747,0.00590482806530046
2022-03-04,8788,9041,8712,8738,225073,0.0057550644567219145
2022-03-07,8661,8661,8332,8510,133697,-0.0260929274433509
2022-03-08,8357,8839,8180,8206,260659,-0.03572267920094008
2022-03-10,8409,8865,8409,8612,188389,0.04947599317572515
2022-03-11,8637,8814,8358,8536,80400,-0.008824895494658591
2022-03-14,8535,8560,8130,8282,117684,-0.02975632614807877
2022-03-15,8206,8383,8079,8282,83036,0.0
2022-03-16,8485,8485,8257,8485,42262,0.02451098768413429
2022-03-17,8586,8712,8561,8561,65726,0.008956982911019429
2022-03-18,8561,8688,8510,8688,36014,0.014834715570611001
2022-03-21,8687,8814,8612,8612,46492,-0.008747697974217261
2022-03-22,8611,8738,8535,8713,52463,0.011727821644217373
2022-03-23,8840,9042,8738,8992,125864,0.032021117869849736
2022-03-24,8940,8965,8738,8890,78073,-0.011343416370106718
2022-03-25,8890,9295,8713,9220,211174,0.03712035995500562
2022-03-28,9219,9245,8890,9144,158839,-0.008242950108459879
2022-03-29,9245,9650,9169,9296,186731,0.016622922134733153
2022-03-30,9371,9523,8915,8966,164260,-0.035499139414802094
2022-03-31,9118,9219,8991,9017,79425,0.005688155253178673
2022-04-01,9017,9194,8916,9068,63953,0.005655983142952126
2022-04-04,8991,9093,8865,8916,81857,-0.01676224084693423
2022-04-05,8916,9017,8713,8916,98111,0.0
2022-04-06,8789,9017,8738,9017,84496,0.011327949753252575
2022-04-07,8940,8966,8763,8865,72974,-0.016857047798602642
2022-04-08,8839,9143,8738,8814,135256,-0.005752961082910346
2022-04-11,8813,8839,8459,8586,79437,-0.02586793737236215
2022-04-12,8358,8561,8282,8460,98944,-0.014675052410901501
2022-04-13,8434,8839,8434,8814,102141,0.04184397163120557
2022-04-14,8839,8839,8611,8713,55501,-0.011459042432493738
2022-04-15,8637,8738,8536,8612,73107,-0.011591874210949205
2022-04-18,8611,8611,8383,8409,79419,-0.023571760334417102
2022-04-19,8510,8687,8434,8586,84556,0.021048876204067035
2022-04-20,8637,8637,8485,8536,57224,-0.005823433496389474
2022-04-21,8535,8585,8434,8434,107913,-0.011949390815370164
2022-04-22,8358,8383,8206,8232,118101,-0.02395067583590227
2022-04-25,8079,8256,7978,8054,101782,-0.021622934888240963
2022-04-26,8105,8256,8054,8181,55951,0.015768562205115577
2022-04-27,8054,8231,8029,8181,33152,0.0
2022-04-28,8357,8383,7978,7978,76267,-0.024813592470358192
2022-04-29,8054,8206,8004,8080,32351,0.012785159187766348
2022-05-02,7953,8257,7953,8257,66133,0.02190594059405937
2022-05-03,8282,8333,8130,8156,39399,-0.012232045537119984
2022-05-04,8231,8281,7952,7978,42080,-0.02182442373712601
2022-05-06,7826,7952,7750,7877,73026,-0.012659814489847099
2022-05-09,7826,7902,7598,7624,73509,-0.03211882696458046
2022-05-10,7371,7522,7041,7371,194613,-0.03318467995802732
2022-05-11,7218,7446,7218,7269,44830,-0.013838013838013863
2022-05-12,7091,7319,6788,6788,194167,-0.06617141284908512
2022-05-13,6787,7116,6787,6965,83703,0.026075427224513836
2022-05-16,7041,7218,6889,6940,105635,-0.003589375448671883
2022-05-17,7016,7295,6940,7295,80282,0.05115273775216145
2022-05-18,7295,7421,7168,7295,80335,0.0
2022-05-19,7015,7192,6990,7117,61050,-0.024400274160383817
2022-05-20,7066,7370,7016,7320,79048,0.02852325418013213
2022-05-23,7319,7547,7193,7244,63855,-0.01038251366120213
2022-05-24,7218,7218,7016,7067,47732,-0.024434014356709
2022-05-25,7015,7142,6990,7041,33383,-0.003679071741898965
2022-05-26,7041,7168,6991,7067,44603,0.0036926572929980583
2022-05-27,7117,7142,6940,6991,56121,-0.01075420970708929
2022-05-30,7067,7244,7067,7219,45574,0.03261336003432991
2022-05-31,7243,7319,7142,7269,29587,0.006926167059149391
2022-06-02,7269,7572,7167,7497,83553,0.03136607511349565
2022-06-03,7497,7497,7345,7497,48831,0.0
2022-06-07,7446,7446,7092,7143,83584,-0.047218887555022016
2022-06-08,7218,7851,7218,7573,578739,0.060198796024079515
2022-06-09,7572,7825,7471,7674,118847,0.01333685461507983
2022-06-10,7674,8054,7674,7700,189870,0.0033880635913474677
2022-06-13,7522,7623,7421,7497,165476,-0.026363636363636367
2022-06-14,7345,7724,7319,7649,194347,0.020274776577297482
2022-06-15,7623,7750,7294,7472,218042,-0.023140279775134
2022-06-16,7572,7826,7497,7497,131802,0.0033458244111348456
2022-06-17,7344,7648,7344,7598,91897,0.013472055488862322
2022-06-20,7547,7648,7091,7193,150083,-0.0533035009212951
2022-06-21,7294,7598,7269,7396,90704,0.02822188238565282
2022-06-22,7446,7522,6864,6864,133679,-0.07193077339102216
2022-06-23,6863,6990,6407,6509,220440,-0.05171911421911424
2022-06-24,6433,7016,6408,7016,95829,0.07789214933169464
2022-06-27,7092,7269,7016,7143,61060,0.01810148232611164
2022-06-28,7143,7244,6965,7143,49934,0.0
2022-06-29,6965,7167,6939,7041,66172,-0.014279714405711852
2022-06-30,6965,7066,6788,6788,60696,-0.03593239596648201
2022-07-01,6737,6965,6585,6864,84946,0.011196228638774341
2022-07-04,6788,7396,6611,6991,565934,0.018502331002330896
2022-07-05,6990,7268,6990,7117,139333,0.018023172650550645
2022-07-06,7092,7243,6914,7168,95349,0.00716594070535348
2022-07-07,7168,7345,7168,7295,65762,0.017717633928571397
2022-07-08,7294,7522,7294,7421,88612,0.017272104180945824
2022-07-11,7522,7522,7269,7421,69575,0.0
2022-07-12,7319,7319,7041,7117,82076,-0.04096482953779812
2022-07-13,7066,7243,7015,7193,46083,0.010678656737389325
2022-07-14,7041,7320,7041,7295,66883,0.014180453218406885
2022-07-15,7294,7496,6990,7269,109469,-0.003564084989718941
2022-07-18,7395,7598,7319,7573,87672,0.04182143348466094
2022-07-19,7497,8636,7370,7801,673070,0.030106958933051597
2022-07-20,7800,7927,7674,7674,143318,-0.0162799641071657
2022-07-21,7750,7927,7649,7801,71030,0.016549387542350802
2022-07-22,7851,7902,7725,7801,53681,0.0
2022-07-25,7750,7901,7699,7826,54165,0.003204717343930241
2022-07-26,7750,8433,7699,7902,395016,0.009711219013544659
2022-07-27,7877,8105,7801,8080,110077,0.02252594279929121
2022-07-28,8155,8206,7978,8080,120896,0.0
2022-07-29,8181,8611,8130,8156,388494,0.009405940594059414
2022-08-01,8181,8206,8004,8004,53898,-0.018636586562040258
2022-08-02,8003,8029,7801,7852,73442,-0.018990504747626202
2022-08-03,7851,8256,7750,8181,146640,0.04190015282730508
2022-08-04,8180,8256,8079,8206,52781,0.00305586114166978
2022-08-05,8281,8281,8054,8130,53894,-0.009261515963928879
2022-08-08,8105,8611,7953,8333,439748,0.02496924969249692
2022-08-09,8307,8687,8231,8257,449825,-0.009120364814592552
2022-08-10,8459,8712,8104,8130,331177,-0.015380888942715276
2022-08-11,8231,8333,8156,8156,65825,0.00319803198031976
2022-08-12,8105,8332,8054,8257,67514,0.012383521333987346
2022-08-16,8459,8561,8232,8232,159885,-0.003027734043841601
2022-08-17,8231,8282,8029,8181,74222,-0.006195335276967917
2022-08-18,8155,8205,8054,8130,58415,-0.006233956729006285
2022-08-19,8232,8434,8181,8232,129639,0.012546125461254665
2022-08-22,8205,8205,7876,7902,94822,-0.04008746355685133
2022-08-23,7725,8358,7674,8105,232821,0.02568969881042782
2022-08-24,8231,8257,8080,8156,43659,0.006292412091301713
2022-08-25,8155,8408,8130,8257,87268,0.012383521333987346
2022-08-26,8205,8281,8129,8130,55077,-0.015380888942715276
2022-08-29,7826,8256,7725,8105,135349,-0.0030750307503074614
2022-08-30,8105,8383,8105,8308,89161,0.02504626773596552
2022-08-31,8232,8333,8156,8308,52408,0.0
2022-09-01,8257,8282,8029,8080,80521,-0.02744342802118438
2022-09-02,8104,8180,7952,8054,56857,-0.0032178217821782207
2022-09-05,8054,8105,7776,7852,57337,-0.02508070523963246
2022-09-06,7851,8003,7851,7978,29591,0.016046867040244495
2022-09-07,8104,8130,7851,7953,103805,-0.0031336174479819068
2022-09-08,7978,8738,7826,8004,2186180,0.006412674462467072
2022-09-13,8130,8434,8054,8333,293703,0.041104447776111996
2022-09-14,7978,8408,7978,8333,178952,0.0
2022-09-15,8383,8484,8231,8434,154155,0.012120484819392763
2022-09-16,8358,8408,8130,8257,111010,-0.02098648328195396
2022-09-19,8332,8357,7952,8054,113549,-0.02458520043599366
2022-09-20,8054,8231,7978,8054,81162,0.0
2022-09-21,8054,8231,7927,8054,110931,0.0
2022-09-22,8029,8029,7674,7852,101437,-0.02508070523963246
2022-09-23,7725,7927,7548,7548,117165,-0.038716250636780414
2022-09-26,7319,7496,7066,7269,131301,-0.036963434022257546
2022-09-27,7218,7496,6838,7193,133879,-0.01045535837116518
2022-09-28,7066,7218,6610,6864,126263,-0.04573891283191989
2022-09-29,6940,7117,6737,6763,59050,-0.014714452214452223
2022-09-30,6585,6813,6585,6636,53685,-0.018778648528759434
2022-10-04,6686,7016,6686,7016,53932,0.057263411693791344
2022-10-05,7066,7091,6787,6889,45369,-0.01810148232611175
2022-10-06,6965,7142,6889,7067,88563,0.025838292930759232
2022-10-07,7016,7294,6940,7244,47266,0.025045988396773744
2022-10-11,7091,7243,6889,6889,56618,-0.04900607399226942
2022-10-12,6940,7142,6889,7016,49690,0.01843518652924958
2022-10-13,7142,7142,6560,6611,78610,-0.05772519954389965
2022-10-14,6813,6838,6712,6788,24824,0.026773559219482657
2022-10-17,6560,8003,6534,7016,835953,0.033588685916323024
2022-10-18,7067,7750,7016,7371,335697,0.05059863169897372
2022-10-19,7472,7472,7117,7143,75560,-0.030932030932030896
2022-10-20,7117,7193,6889,7168,61259,0.003499930001400031
2022-10-21,7092,7168,6991,6991,40602,-0.024693080357142905
2022-10-24,7066,7167,7016,7016,25967,0.0035760263195536712
2022-10-25,7015,7091,6940,6940,42416,-0.01083238312428736
2022-10-26,6990,7016,6864,6915,23336,-0.0036023054755043304
2022-10-27,7016,7066,6915,6991,23957,0.010990600144613172
2022-10-28,6990,6990,6889,6915,32437,-0.010871120011443303
2022-10-31,7041,7041,6889,6915,26895,0.0
2022-11-01,6914,6990,6838,6940,24617,0.003615328994938549
2022-11-02,6965,7041,6864,6864,45408,-0.010951008645533111
2022-11-03,6585,6914,6585,6889,54962,0.003642191142191109
2022-11-04,6863,6914,6787,6889,29399,0.0
2022-11-07,6914,6939,6863,6889,17838,0.0
2022-11-08,6940,7092,6940,7067,45505,0.025838292930759232
2022-11-09,7066,7167,7016,7092,39147,0.003537568982595163
2022-11-10,7092,7168,6991,7067,24204,-0.0035250987027636294
2022-11-11,7269,7320,7092,7295,93661,0.03226262912126776
2022-11-14,7345,7421,7143,7219,73107,-0.010418094585332383
2022-11-15,7218,7294,7092,7244,50398,0.0034630835295748064
2022-11-16,7319,7395,7193,7244,40685,0.0
2022-11-17,7218,7370,7167,7345,50692,0.013942573163997718
2022-11-18,7344,7471,7269,7345,68973,0.0
2022-11-21,7344,7420,7142,7193,62165,-0.020694349897889763
2022-11-22,7218,7243,7142,7193,36210,0.0
2022-11-23,7219,7294,7193,7219,29930,0.0036146253301820863
2022-11-24,7218,7345,7218,7320,30323,0.013990857459482031
2022-11-25,7421,7421,7218,7244,28630,-0.01038251366120213
2022-11-28,7244,7244,6915,6991,60033,-0.03492545554942017
2022-11-29,6939,7091,6914,7041,25432,0.0071520526391073425
2022-11-30,7041,7167,6990,7117,773323,0.010793921317994615
2022-12-01,7294,7319,7168,7244,41689,0.017844597442742804
2022-12-02,7193,7396,7168,7219,60904,-0.0034511319712865474
2022-12-05,7218,7446,7218,7269,31332,0.006926167059149391
2022-12-06,7269,7269,7092,7092,37437,-0.02434997936442429
2022-12-07,7041,7167,6940,7092,31146,0.0
2022-12-08,7041,7117,6991,7067,23118,-0.0035250987027636294
2022-12-09,7142,7142,7066,7117,20844,0.007075137965190326
2022-12-12,7117,7117,6990,7016,13245,-0.014191372769425281
2022-12-13,7015,7066,6838,6940,32465,-0.01083238312428736
2022-12-14,7015,7041,6889,7041,18201,0.014553314121037442
2022-12-15,7040,7040,6889,6965,24832,-0.010793921317994615
2022-12-16,6888,6964,6787,6813,19842,-0.02182340272792538
2022-12-19,6813,6965,6762,6864,23916,0.007485689123734041
2022-12-20,6762,6838,6585,6611,44798,-0.03685897435897434
2022-12-21,6787,6787,6534,6560,20207,-0.007714415368325511
2022-12-22,6559,6660,6458,6509,42047,-0.007774390243902474
2022-12-23,6483,6483,6205,6256,51010,-0.03886925795053009
2022-12-26,6255,6280,6103,6205,21881,-0.008152173913043459
2022-12-27,6154,6432,6154,6281,26654,0.012248186946011375
2022-12-28,6280,6508,6103,6205,197173,-0.012099984078968284
2022-12-29,6306,6306,5875,5977,98318,-0.03674456083803379
2023-01-02,6002,6027,5724,5724,40211,-0.04232892755562989
2023-01-03,5647,5749,5470,5749,57718,0.004367575122292022
2023-01-04,5673,5825,5597,5800,27345,0.008871108018785767
2023-01-05,5850,6002,5698,5800,66595,0.0
2023-01-06,5800,6027,5724,5952,45600,0.026206896551724146
2023-01-09,6053,6179,6002,6104,31591,0.02553763440860224
2023-01-10,6104,6306,6002,6104,23845,0.0
2023-01-11,6154,6230,6078,6205,31587,0.016546526867627698
2023-01-12,6205,6256,6104,6155,13359,-0.008058017727639033
2023-01-13,6154,6205,6078,6104,23178,-0.008285946385052756
2023-01-16,6155,6712,6104,6307,326084,0.03325688073394506
2023-01-17,6407,6458,6154,6256,47114,-0.008086253369272267
2023-01-18,6281,6281,6129,6281,29822,0.003996163682864484
2023-01-19,6255,6281,6129,6281,29863,0.0
2023-01-20,6256,6382,6205,6307,21460,0.0041394682375417435
2023-01-25,6306,6494,6281,6464,33286,0.024892976058347838
2023-01-26,6432,6635,6407,6590,41091,0.019492574257425677
2023-01-27,6610,6671,6514,6641,67933,0.007738998482549331
2023-01-30,6579,6782,6569,6752,49666,0.016714350248456578
2023-01-31,6660,6746,6660,6671,13839,-0.011996445497630348
2023-02-01,6671,6762,6630,6661,30458,-0.001499025633338369
2023-02-02,6747,6757,6585,6707,24607,0.006905869989491054
2023-02-03,6727,7320,6585,6991,385636,0.04234381988966751
2023-02-06,6959,7116,6828,6894,93347,-0.013874982119868373
2023-02-07,6893,6924,6711,6904,38221,0.0014505366985784196
2023-02-08,6904,7031,6808,6950,43699,0.006662804171494896
2023-02-09,6950,6990,6863,6869,26271,-0.011654676258992858
2023-02-10,6838,6868,6640,6661,37653,-0.030280972485077884
2023-02-13,6621,6676,6535,6606,25256,-0.00825701846569582
2023-02-14,6605,6691,6605,6646,20009,0.00605510142294885
2023-02-15,6681,6681,6392,6423,63963,-0.03355401745410769
2023-02-16,6423,6636,6423,6530,30615,0.016658882142301046
2023-02-17,6509,6565,6392,6484,15414,-0.007044410413476254
2023-02-20,6408,6570,6408,6555,6431,0.010950030845157332
2023-02-21,6554,6625,6443,6555,20086,0.0
2023-02-22,6554,6554,6387,6428,30288,-0.019374523264683474
2023-02-23,6408,6585,6408,6555,17913,0.01975731176104545
2023-02-24,6555,6666,6367,6398,22501,-0.02395118230358506
2023-02-27,6473,6473,6185,6327,17422,-0.011097217880587706
2023-02-28,6331,6539,6275,6433,25971,0.01675359570096413
2023-03-02,6570,6570,6322,6398,17992,-0.005440696409140355
2023-03-03,6427,6427,6301,6362,14644,-0.005626758361988116
2023-03-06,6453,6534,6241,6383,39530,0.003300848789688837
2023-03-07,6342,6838,6342,6560,92992,0.0277299075669748
2023-03-08,6580,6681,6484,6484,21575,-0.011585365853658547
2023-03-09,6626,6651,6306,6621,43341,0.021128932757557006
2023-03-10,6514,6585,6331,6413,36551,-0.03141519407944415
2023-03-13,6383,6383,5815,6221,46251,-0.02993918602837986
2023-03-14,6134,6251,5947,6003,52143,-0.03504259765311046
2023-03-15,6078,6154,6032,6058,26399,0.009162085623854788
2023-03-16,6083,6215,5825,6165,33480,0.01766259491581379
2023-03-17,6321,6529,6174,6433,36415,0.043471208434712194
2023-03-20,6423,6464,6312,6378,20459,-0.008549665785791971
2023-03-21,6418,6529,6236,6236,32733,-0.02226403261210408
2023-03-22,6240,6265,6169,6205,23233,-0.004971135343168731
2023-03-23,6210,6210,6053,6094,45027,-0.017888799355358587
2023-03-24,6134,6301,6048,6170,16593,0.01247128322940605
2023-03-27,6139,6382,6139,6357,54818,0.03030794165316042
2023-03-28,6362,6560,6307,6459,114674,0.016045304388862647
2023-03-29,6549,6559,6377,6519,87078,0.009289363678588014
2023-03-30,6554,6777,6453,6737,155357,0.033440711765608144
2023-03-31,6751,6878,6600,6676,111826,-0.009054475285735442
2023-04-03,6722,6722,6428,6540,57149,-0.020371479928100622
2023-04-04,6443,6550,6443,6464,23495,-0.011620795107033621
2023-04-05,6433,6661,6433,6499,65079,0.005414603960395947
2023-04-06,6498,6498,6336,6423,44709,-0.011694106785659297
2023-04-07,6388,6464,6337,6459,29790,0.005604857543204167
2023-04-10,6459,6459,6226,6378,54911,-0.012540640966093863
2023-04-11,6356,6579,6280,6519,131565,0.022107243650047126
2023-04-12,6519,6630,6407,6509,69471,-0.0015339776039269282
2023-04-13,6504,6575,6347,6555,35398,0.007067137809187329
2023-04-14,6534,6732,6534,6626,96995,0.010831426392067023
2023-04-17,6630,6635,6407,6433,41216,-0.029127678840929705
2023-04-18,6433,6559,6336,6433,100550,0.0
2023-04-19,6433,6560,6423,6464,35698,0.004818902533810121
2023-04-20,6468,6509,6347,6418,77090,-0.0071163366336634
2023-04-21,6331,6351,6179,6281,50637,-0.021346213773761336
2023-04-24,6200,6261,5977,6079,37341,-0.03216048399936311
2023-04-25,6078,6078,5890,5977,48002,-0.01677907550583979
2023-04-26,6255,6797,5967,5967,815204,-0.0016730801405386853
2023-04-27,5967,7294,5840,6307,6297736,0.056980056980056926
2023-04-28,6246,6251,6028,6079,410225,-0.03615030918027584
2023-05-02,6079,6241,6058,6155,245667,0.012502056259253269
2023-05-03,6129,6276,6063,6155,157082,0.0
2023-05-04,6079,6195,6069,6145,78472,-0.0016246953696181787
2023-05-08,6145,6220,6099,6145,64317,0.0
2023-05-09,6128,6240,6063,6215,109690,0.011391375101708734
2023-05-10,6210,6327,6058,6079,167892,-0.021882542236524527
2023-05-11,6078,6174,6058,6099,33343,0.0032900148050665212
2023-05-12,6088,6099,5992,6099,37045,0.0
2023-05-15,6094,6094,5906,6074,55900,-0.0040990326282996925
2023-05-16,6074,6175,6008,6145,76833,0.011689166941060147
2023-05-17,6063,6327,6063,6226,139429,0.013181448331977208
2023-05-18,6225,6336,6174,6286,127495,0.009637006103437207
2023-05-19,6286,6352,6230,6236,71119,-0.00795418390073177
2023-05-22,6235,6271,6195,6246,28355,0.001603592046183433
2023-05-23,6235,6321,6190,6190,35955,-0.008965738072366336
2023-05-24,6236,6236,6129,6226,37096,0.0058158319870760256
2023-05-25,6225,6296,6215,6246,32907,0.0032123353678124023
2023-05-26,6251,6251,6149,6155,51723,-0.014569324367595282
2023-05-30,6139,6296,6108,6271,75335,0.01884646628757114
2023-05-31,6240,6326,6230,6261,58519,-0.0015946420028704056
2023-06-01,6231,6322,6134,6297,37524,0.005749880210828895
2023-06-02,6286,6331,6255,6261,18855,-0.005717008099094811
2023-06-05,6281,6322,6220,6307,21997,0.007347069158281316
2023-06-07,6342,6408,6271,6393,57623,0.013635642936419945
2023-06-08,6357,6489,6291,6449,36966,0.00875958079149064
2023-06-09,6488,6584,6392,6514,64532,0.010079082028221498
2023-06-12,6514,6600,6479,6550,84407,0.005526558182376462
2023-06-13,6499,6752,6484,6682,109013,0.020152671755725216
2023-06-14,6681,6787,6483,6509,97974,-0.02589045196049089
2023-06-15,6514,6605,6448,6560,32187,0.007835304962359846
2023-06-16,6529,6595,6428,6570,24810,0.0015243902439023849
2023-06-19,6570,6570,6448,6545,18639,-0.003805175038051778
2023-06-20,6509,6544,6453,6509,58466,-0.005500381970970247
2023-06-21,6504,6655,6458,6504,86200,-0.0007681671531725165
2023-06-22,6448,6539,6397,6433,27510,-0.010916359163591682
2023-06-23,6432,6503,6250,6286,58442,-0.02285092491838958
2023-06-26,6210,6509,6175,6459,90286,0.0275214762965319
2023-06-27,6489,6489,6352,6408,23732,-0.007895959126799856
2023-06-28,6352,6559,6311,6504,65067,0.014981273408239737
2023-06-29,6529,6529,6306,6317,56332,-0.02875153751537518
2023-06-30,6332,6570,6180,6535,107424,0.034510052239987266
2023-07-03,6565,6605,6367,6398,76723,-0.020964039785768884
2023-07-04,6453,6453,6316,6322,58576,-0.011878712097530442
2023-07-05,6255,6433,6230,6433,53675,0.017557734894020793
2023-07-06,6346,6534,6245,6433,162994,0.0
2023-07-07,6342,6342,6119,6317,59469,-0.01803202238457946
2023-07-10,6185,6306,6185,6256,27931,-0.009656482507519382
2023-07-11,6240,6514,6240,6433,185229,0.02829283887468037
2023-07-12,6437,6529,6341,6443,64978,0.0015544846883257524
2023-07-13,6438,6550,6418,6535,71764,0.014279062548502308
2023-07-14,6540,6707,6469,6611,230326,0.01162968630451422
2023-07-17,6611,6661,6423,6454,113667,-0.023748298290727554
2023-07-18,6509,6509,6281,6302,39934,-0.023551286024171003
2023-07-19,6316,6351,6245,6291,61445,-0.0017454776261504046
2023-07-20,6245,6473,6245,6423,71285,0.02098235574630425
2023-07-21,6408,6423,6281,6307,37605,-0.018060096528102143
2023-07-24,6306,6433,6195,6332,114704,0.003963849690819643
2023-07-25,6281,6422,6159,6281,91820,-0.008054327226784563
2023-07-26,6220,6291,6073,6246,182076,-0.005572361088998612
2023-07-27,6205,6377,6205,6246,81202,0.0
2023-07-28,6129,6737,6129,6697,176338,0.07220621197566435
2023-07-31,6752,7376,6752,7219,574882,0.0779453486635806
2023-08-01,7248,7750,7248,7750,417833,0.07355589416816732
2023-08-02,7826,8029,7396,7685,342809,-0.008387096774193581
2023-08-03,7907,7907,7425,7512,279307,-0.022511385816525675
2023-08-04,7583,7892,7542,7644,178115,0.01757188498402562
2023-08-07,7674,8079,7441,7948,316435,0.03976975405546823
2023-08-08,8049,8069,7720,7872,123851,-0.009562154001006573
2023-08-09,7826,8409,7806,8369,421757,0.0631351626016261
2023-08-10,8368,8368,8095,8308,123764,-0.007288803919225706
2023-08-11,8186,8561,7958,8090,318153,-0.02623976889744828
2023-08-14,8094,8170,7598,7750,261317,-0.04202719406674904
2023-08-16,7846,7846,7036,7097,511657,-0.08425806451612905
2023-08-17,7142,7801,6990,7685,405896,0.08285190925743269
2023-08-18,7471,7735,7426,7649,93030,-0.0046844502277163524
2023-08-21,7876,7993,7623,7664,147363,0.001961040658909674
2023-08-22,7745,7882,7654,7852,112828,0.024530271398747416
2023-08-23,7902,8408,7836,8257,421664,0.05157921548650024
2023-08-24,8510,8510,8074,8156,203768,-0.012232045537119984
2023-08-25,8074,8135,7857,7857,107499,-0.03666012751348702
2023-08-28,8039,9103,8039,9103,1526787,0.1585847015400279
2023-08-29,9376,9473,8870,9149,673274,0.005053279138745426
2023-08-30,9148,9720,8890,9660,839127,0.05585309869931132
2023-08-31,9878,9883,9078,9144,680516,-0.05341614906832293
2023-09-01,9112,9492,9046,9209,476775,0.007108486439195039
2023-09-04,9219,9249,8788,8885,321960,-0.03518297317841246
2023-09-05,8915,9088,8784,8926,228918,0.0046145188519977065
2023-09-06,8905,9290,8824,9174,276482,0.027784001792516166
2023-09-07,9143,9457,9138,9336,290067,0.017658600392413293
2023-09-08,9346,9472,9204,9346,206109,0.0010711225364181676
2023-09-11,9345,9573,9219,9427,235797,0.008666809330194702
2023-09-12,9472,9553,9017,9017,181751,-0.04349209716770974
2023-09-13,8910,9159,8758,8840,123950,-0.019629588554951782
2023-09-14,8814,8966,8814,8936,49952,0.010859728506787292
2023-09-15,8935,9032,8733,8794,114487,-0.01589077887197854
2023-09-18,8713,8966,8612,8759,107319,-0.003979986354332499
2023-09-19,8677,8808,8586,8657,207517,-0.011645164973170474
2023-09-20,8616,9244,8596,9199,363388,0.06260829386623534
2023-09-21,9224,9396,9153,9351,329951,0.016523535166866
2023-09-22,9159,9306,9057,9068,149601,-0.030264142872420075
2023-09-25,8940,9117,8611,8662,158085,-0.044772827525363934
2023-09-26,8688,8865,8409,8445,83446,-0.02505195105056568
2023-09-27,8525,8657,8080,8308,110521,-0.016222616933096456
2023-10-04,8155,8252,7988,8014,155491,-0.035387578237843
2023-10-05,8085,8333,8044,8075,126762,0.0076116795607685805
2023-10-06,8039,8232,7999,8070,82082,-0.0006191950464395912
2023-10-10,8069,8201,7877,8029,140602,-0.00508054522924406
2023-10-11,8069,8378,8069,8287,135363,0.032133516004483775
2023-10-12,8247,8500,8145,8227,102858,-0.007240255822372421
2023-10-13,8165,8292,7750,7786,119607,-0.053603986872493015
2023-10-16,7704,7785,7522,7715,90586,-0.009118931415360909
2023-10-17,7674,7953,7674,7837,57497,0.015813350615683675
2023-10-18,7821,7836,7608,7705,94798,-0.01684317978818428
2023-10-19,7643,7836,7496,7669,233263,-0.0046722907203115005
2023-10-20,7578,7684,7091,7568,251506,-0.013169904811579092
2023-10-23,7461,7785,7365,7568,188498,0.0
2023-10-24,7562,7750,7294,7487,263257,-0.010702959830866776
2023-10-25,7522,7730,7411,7609,52177,0.016294911179377536
2023-10-26,7325,7578,7325,7538,68503,-0.00933105532921541
2023-10-27,7400,7694,7400,7517,89277,-0.002785884850092901
2023-10-30,7497,7659,7482,7624,24534,0.014234402022083259
2023-10-31,7624,7715,7431,7538,83685,-0.01128016789087094
2023-11-01,7562,7714,7507,7578,93468,0.005306447333510267
2023-11-02,7634,7832,7634,7832,45505,0.03351807864871992
2023-11-03,7861,7947,7765,7826,42803,-0.000766087844739527
2023-11-06,7851,7998,7755,7978,93580,0.019422438027089095
2023-11-07,7983,8039,7695,7832,38164,-0.018300325896214553
2023-11-08,7836,8024,7831,7933,35811,0.012895812053115518
2023-11-09,7973,8156,7745,8075,63665,0.017899911760998366
2023-11-10,8069,8277,7881,8272,107511,0.02439628482972145
2023-11-13,8271,8449,7917,7973,266028,-0.03614603481624756
2023-11-14,7972,8155,7972,8059,77025,0.010786404113884318
2023-11-15,8261,8505,8206,8424,120114,0.045290979029656286
2023-11-16,8423,8550,8307,8439,104613,0.0017806267806268483
2023-11-17,8439,8459,8267,8323,126494,-0.013745704467353903
2023-11-20,8399,8667,8343,8617,132957,0.03532380151387726
2023-11-21,8677,8692,8479,8672,75203,0.006382731809214448
2023-11-22,8723,8768,8545,8642,79143,-0.0034594095940959635
2023-11-23,8642,8642,8510,8607,105945,-0.00404998842860449
2023-11-24,8586,8667,8505,8602,57435,-0.0005809225049377975
2023-11-27,8596,8637,8510,8607,37426,0.0005812601720529553
2023-11-28,8606,8611,8495,8551,43833,-0.006506332055303821
2023-11-29,8556,8556,8383,8465,67058,-0.01005730323938725
2023-11-30,8460,8530,8308,8460,274384,-0.0005906674542233148
2023-12-01,8459,8611,8373,8394,80679,-0.007801418439716268
2023-12-04,8378,8423,8216,8363,111938,-0.003693114129139863
2023-12-05,8247,8378,8049,8227,267619,-0.016262106899437967
2023-12-06,8170,8444,8155,8201,184317,-0.0031603257566549248
2023-12-07,8206,8353,8029,8080,138594,-0.01475429825631025
2023-12-08,8064,8090,7623,7857,197831,-0.027599009900990068
2023-12-11,7872,7947,7775,7872,105235,0.0019091256204657459
2023-12-12,7907,8084,7856,8029,96220,0.01994410569105698
2023-12-13,8090,8227,7912,7994,129350,-0.0043591979075849885
2023-12-14,8008,8206,7831,7973,138504,-0.0026269702276707774
2023-12-15,7973,8100,7948,8070,69632,0.012166060454032346
2023-12-18,8054,8216,8009,8070,194806,0.0
2023-12-19,8024,8161,7973,8146,121689,0.009417596034696496
2023-12-20,8146,8510,8146,8374,224021,0.02798919715197634
2023-12-21,8348,8546,8206,8232,133582,-0.01695724862670167
2023-12-22,8242,8490,8201,8394,65927,0.019679300291545188
2023-12-26,8394,8414,7923,8369,46952,-0.0029783178460804915
2023-12-27,8368,8388,8211,8318,28632,-0.006093918030828038
2023-12-28,8318,8378,8206,8313,24956,-0.0006011060351045483
2024-01-02,8374,8525,8252,8450,47810,0.016480211716588533
2024-01-03,8424,8470,8313,8450,40369,0.0
2024-01-04,8418,8444,8266,8287,32307,-0.019289940828402408
2024-01-05,8287,8297,8186,8242,30613,-0.005430191866779288
2024-01-08,8347,8428,8190,8353,81595,0.013467604950254897
2024-01-09,8333,8444,8262,8394,67175,0.004908416137914484
2024-01-10,8459,8459,8267,8414,63503,0.002382654276864349
2024-01-11,8409,8708,8383,8708,150898,0.03494176372712143
2024-01-12,8708,8784,8424,8455,93614,-0.029053743683968736
2024-01-15,8454,8515,8337,8495,139415,0.004730928444707239
2024-01-16,8424,8611,8363,8394,84117,-0.011889346674514467
2024-01-17,8363,8373,8124,8358,106166,-0.0042887776983560055
2024-01-18,8353,8535,8317,8500,62631,0.016989710457047114
2024-01-19,8504,8661,8504,8596,74465,0.011294117647058899
2024-01-22,8713,8713,8596,8698,46946,0.011865984178687672
2024-01-23,8697,8753,8616,8708,54625,0.001149689583812341
2024-01-24,8728,8865,8586,8683,72430,-0.002870923288929683
2024-01-25,8682,8682,8510,8607,48351,-0.008752735229759279
2024-01-26,8515,8677,8515,8657,30341,0.005809225049378419
2024-01-29,8575,8738,8484,8500,60430,-0.018135612798891088
2024-01-30,8499,8555,8287,8505,52830,0.0005882352941175562
2024-01-31,8505,8505,8232,8232,59342,-0.032098765432098775
2024-02-01,8303,8303,7852,7994,131190,-0.028911564625850317
2024-02-02,8009,8080,7735,7832,127815,-0.02026519889917433
2024-02-05,7831,8029,7700,7928,106034,0.012257405515832431
2024-02-06,7923,7923,7715,7913,38160,-0.0018920282542885802
2024-02-07,7912,7978,7785,7978,37714,0.00821433084797163
2024-02-08,7978,8053,7937,7978,31285,0.0
2024-02-13,8003,8059,7963,8029,29149,0.006392579593883285
2024-02-14,8018,8074,7866,8039,24802,0.001245485116452949
2024-02-15,8044,8145,8029,8105,21065,0.008209976365219473
2024-02-16,8105,8358,8105,8333,54307,0.028130783466995712
2024-02-19,8333,8449,8297,8399,42080,0.007920316812672468
2024-02-20,8317,8358,8155,8252,51964,-0.017502083581378725
2024-02-21,8257,8444,8251,8409,83507,0.0190256907416384
2024-02-22,8429,8454,8165,8333,60495,-0.00903793554524912
2024-02-23,8352,8357,8130,8206,56445,-0.015240609624385004
2024-02-26,8180,8292,8008,8287,42068,0.00987082622471358
2024-02-27,8155,8439,8104,8338,96218,0.0061542174490165635
2024-02-28,8287,8429,8130,8222,52657,-0.013912209162868838
2024-02-29,8378,8429,7983,8257,202775,0.00425687180734613
2024-03-04,8206,8227,7958,8070,123711,-0.022647450647935052
2024-03-05,8069,8155,7922,8125,65971,0.006815365551424923
2024-03-06,8125,8175,7952,8125,72813,0.0
2024-03-07,8130,8185,8033,8125,37520,0.0
2024-03-08,8115,8135,8013,8115,43626,-0.0012307692307692575
2024-03-11,8110,8196,7938,7984,93280,-0.016142945163277855
2024-03-12,7983,8206,7983,8196,88677,0.026553106212424904
2024-03-13,8175,8459,8140,8272,87629,0.009272816007808604
2024-03-14,8287,8368,8064,8206,41425,-0.007978723404255317
2024-03-15,8256,8342,8074,8287,57799,0.00987082622471358
2024-03-18,8266,8358,8165,8196,42548,-0.010981054663931511
2024-03-19,8171,9544,8166,9215,1405839,0.12432894094680336
2024-03-20,9219,9478,8971,9301,281788,0.009332609875203568
2024-03-21,9498,9498,9214,9316,169465,0.0016127298139985147
2024-03-22,9371,9371,9169,9296,71259,-0.002146844139115478
2024-03-25,9239,9447,9239,9326,81802,0.003227194492254837
2024-03-26,9371,9852,9325,9741,419572,0.04449924941025096
2024-03-27,9827,9832,9493,9559,250764,-0.018683913355918236
2024-03-28,9644,9720,9482,9498,129642,-0.0063814206506956905
2024-03-29,10091,10131,9088,9448,266682,-0.00526426616129716
2024-04-01,9291,10035,9291,9980,537393,0.0563082133784929
2024-04-02,10380,10480,9220,9220,303276,-0.0761523046092184
2024-04-03,9250,9990,9200,9460,123857,0.026030368763557465
2024-04-04,9460,9890,9300,9510,58226,0.005285412262156397
2024-04-05,9500,9500,9130,9400,57651,-0.011566771819137789
2024-04-08,9410,9560,9010,9150,57041,-0.02659574468085102
2024-04-09,9800,9800,8980,9380,46782,0.025136612021857907
2024-04-11,9380,9570,9230,9500,35824,0.01279317697228155
2024-04-12,9420,9590,9280,9290,23020,-0.02210526315789474
2024-04-15,9290,9290,8980,9220,33690,-0.00753498385360607
2024-04-16,9060,9080,8700,8740,49346,-0.05206073752711493
2024-04-17,8840,8960,8630,8670,24699,-0.008009153318077833
2024-04-18,8710,9100,8630,8960,36995,0.03344867358708181
2024-04-19,8890,8890,8450,8560,55075,-0.044642857142857095
2024-04-22,8530,8770,8450,8750,32506,0.02219626168224309
2024-04-23,8960,8960,8680,8810,18551,0.006857142857142895
2024-04-24,8810,9070,8810,9030,15407,0.02497162315550505
2024-04-25,9010,11730,9000,11580,2648522,0.28239202657807305
2024-04-26,11500,11930,10970,11190,1169190,-0.033678756476683946
2024-04-29,11190,11290,10600,10920,564920,-0.024128686327077764
2024-04-30,10720,10770,10160,10200,555031,-0.06593406593406592
2024-05-02,10060,10550,10010,10200,359243,0.0
2024-05-03,10070,10210,9760,10090,496296,-0.010784313725490158
2024-05-07,10170,10330,9900,10230,302246,0.013875123885034757
2024-05-08,10140,10260,9940,10120,171694,-0.010752688172043001
2024-05-09,10200,10290,9750,9760,274434,-0.035573122529644285
2024-05-10,9800,9930,9550,9720,181991,-0.004098360655737654
2024-05-13,9770,9950,9550,9910,138029,0.019547325102880597
2024-05-14,9940,10050,8950,9430,710681,-0.048435923309788076
2024-05-16,9440,9620,9310,9500,148644,0.007423117709437932
2024-05-17,9580,9580,9170,9350,99101,-0.015789473684210575
2024-05-20,9320,9420,9230,9350,86541,0.0
2024-05-21,9350,9520,9250,9520,140496,0.018181818181818077
2024-05-22,9440,9530,9330,9490,135258,-0.0031512605042016695
2024-05-23,9460,9620,9360,9360,133454,-0.013698630136986356
2024-05-24,9320,9430,9070,9150,103569,-0.022435897435897467
2024-05-27,9100,9170,8970,9100,91921,-0.005464480874316946
2024-05-28,9050,9250,8980,9160,84025,0.00659340659340657
2024-05-29,9100,9290,8970,9150,89237,-0.0010917030567685337
2024-05-30,9040,9210,8990,9100,53812,-0.005464480874316946
2024-05-31,9100,9100,8860,8970,79383,-0.014285714285714235
2024-06-03,8960,9120,8860,9040,74882,0.0078037904124861335
2024-06-04,9000,9370,8920,9360,122733,0.03539823008849563
2024-06-05,9390,9430,9130,9210,80989,-0.01602564102564108
2024-06-07,9310,9510,9200,9510,107217,0.032573289902280145
2024-06-10,9530,9800,9510,9600,150947,0.009463722397476282
2024-06-11,9760,9760,9310,9320,95887,-0.029166666666666674
2024-06-12,9430,9780,9340,9710,128374,0.04184549356223166
2024-06-13,9820,9830,9620,9680,80525,-0.003089598352214229
2024-06-14,9700,9820,9600,9630,49514,-0.005165289256198302
2024-06-17,9540,9740,9370,9600,74158,-0.0031152647975077885
2024-06-18,9570,9810,9560,9800,73151,0.02083333333333326
2024-06-19,9810,9810,9650,9670,59350,-0.013265306122449028
2024-06-20,9640,9650,9290,9360,62654,-0.03205791106514999
2024-06-21,9300,9650,8990,9440,171581,0.008547008547008517
2024-06-24,9440,9920,9440,9770,146380,0.03495762711864403
2024-06-25,9950,10140,9550,10000,272548,0.023541453428863823
2024-06-26,10070,10250,9820,10220,170808,0.02200000000000002
2024-06-27,10260,10320,10020,10080,130090,-0.013698630136986356
2024-06-28,10120,10250,9940,10170,139532,0.008928571428571397
2024-07-01,10240,10380,9830,9830,153658,-0.03343166175024581
2024-07-02,9830,9900,9300,9420,159879,-0.04170905391658186
2024-07-03,9420,9720,9180,9580,146623,0.01698513800424628
2024-07-04,9580,9580,9140,9300,123484,-0.029227557411273475
2024-07-05,9250,9260,8990,9000,95024,-0.032258064516129004
2024-07-08,9000,9150,8930,8990,47323,-0.0011111111111110628
2024-07-09,8950,9300,8950,9150,56138,0.017797552836484876
2024-07-10,9620,9660,9260,9280,256307,0.014207650273224015
2024-07-11,9300,9380,9050,9050,67514,-0.024784482758620663
2024-07-12,9250,9250,8900,9000,76451,-0.0055248618784530246
2024-07-15,9010,9040,8870,8980,41239,-0.0022222222222222365
2024-07-16,8970,8970,8420,8560,189524,-0.04677060133630284
2024-07-17,8530,8530,8110,8290,204429,-0.031542056074766345
2024-07-18,8150,8500,8110,8450,81615,0.0193003618817853
2024-07-19,8480,8480,8230,8400,24264,-0.00591715976331364
2024-07-22,8320,8390,8040,8110,83653,-0.03452380952380951
2024-07-23,8110,8280,8110,8190,31622,0.009864364981504226
2024-07-24,8110,8430,8110,8330,52071,0.017094017094017033
2024-07-25,8240,8280,8000,8010,70731,-0.038415366146458574
2024-07-26,8060,8120,7990,8020,37095,0.0012484394506866447
2024-07-29,8030,8180,8020,8170,25541,0.018703241895261735
2024-07-30,8170,8170,7820,7900,68847,-0.033047735618115026
2024-07-31,7910,8080,7870,8080,22509,0.022784810126582178
2024-08-01,8130,8250,7970,8110,56743,0.003712871287128605
2024-08-02,7840,8010,7580,7620,155696,-0.06041923551171391
2024-08-05,7500,7540,6550,6890,188960,-0.09580052493438318
2024-08-06,6700,7200,6700,7070,150094,0.026124818577648812
2024-08-07,7000,7390,7000,7300,44158,0.032531824611032434
2024-08-08,7250,7480,7080,7430,28035,0.017808219178082174
2024-08-09,7430,7560,7360,7370,55299,-0.008075370121130576
2024-08-12,7380,7600,7380,7600,26706,0.031207598371777445
2024-08-13,7540,7590,7390,7560,21602,-0.0052631578947368585
2024-08-14,7690,7730,7600,7710,37781,0.01984126984126977
2024-08-16,7500,7520,7250,7480,79858,-0.02983138780804151
2024-08-19,7530,7530,7200,7290,38810,-0.025401069518716568
2024-08-20,7440,7450,7170,7390,25969,0.013717421124828544
2024-08-21,7320,7440,7220,7390,18339,0.0
2024-08-22,7440,7440,7110,7250,26674,-0.018944519621109657
2024-08-23,7160,7250,7030,7160,25222,-0.012413793103448256
2024-08-26,7070,7150,6920,7080,53915,-0.011173184357541888
2024-08-27,7080,7270,6880,7220,20944,0.019774011299435124
2024-08-28,7260,7260,7020,7120,18119,-0.013850415512465353
2024-08-29,7110,7110,6930,6990,20628,-0.018258426966292096
2024-08-30,7040,7060,6940,6990,21892,0.0
2024-09-02,6990,7110,6910,7050,15139,0.008583690987124415
2024-09-03,7050,7140,6970,7110,14979,0.008510638297872353
2024-09-04,6970,6970,6770,6910,42517,-0.02812939521800284
2024-09-05,6890,6960,6680,6890,37627,-0.0028943560057886897
2024-09-06,6770,6930,6700,6880,25062,-0.0014513788098693414
2024-09-09,6680,7150,6680,7100,15443,0.03197674418604657
2024-09-10,7030,7080,6880,7030,18999,-0.009859154929577452
2024-09-11,6950,7120,6910,7040,25063,0.0014224751066855834
2024-09-12,7080,7210,7040,7120,21964,0.011363636363636465
2024-09-13,7120,7220,7050,7140,10222,0.002808988764045006
2024-09-19,7140,7190,7010,7060,28979,-0.011204481792717047
2024-09-20,7110,7280,7110,7160,15544,0.014164305949008416
2024-09-23,7290,7290,7050,7250,17610,0.012569832402234526
2024-09-24,7240,7330,7180,7250,15340,0.0
2024-09-25,7220,7360,7220,7250,15561,0.0
2024-09-26,7230,7440,7230,7370,22447,0.016551724137930934
2024-09-27,7370,7440,7320,7340,16528,-0.004070556309362261
2024-09-30,7300,7340,7090,7120,12941,-0.02997275204359673
2024-10-02,7020,7140,6940,7120,13828,0.0
2024-10-04,7180,7180,7040,7120,5145,0.0
2024-10-07,7120,7190,7080,7180,8307,0.008426966292134797
2024-10-08,7180,7180,6980,7040,24880,-0.01949860724233987
2024-10-10,7050,7060,6860,6990,20853,-0.007102272727272707
2024-10-11,6990,7040,6870,6970,11839,-0.0028612303290415086
2024-10-14,6920,7000,6900,7000,3710,0.004304160688665792
2024-10-15,6990,6990,6810,6970,23738,-0.004285714285714337
2024-10-16,6960,6990,6790,6960,23904,-0.0014347202295552641
2024-10-17,6890,6960,6760,6930,31969,-0.004310344827586188
2024-10-18,6930,7020,6720,6990,12169,0.008658008658008587
2024-10-21,6990,6990,6630,6790,75551,-0.028612303290414864
2024-10-22,6790,6790,6640,6700,16100,-0.013254786450662692
2024-10-23,6700,6880,6640,6850,22936,0.02238805970149249
2024-10-24,6880,6890,6640,6840,15369,-0.0014598540145985828
2024-10-25,6780,6880,6660,6840,18390,0.0
2024-10-28,6830,6860,6650,6810,20487,-0.004385964912280715
2024-10-29,6750,6840,6630,6760,30947,-0.007342143906020504
2024-10-30,6700,6800,6680,6780,10155,0.002958579881656709
2024-10-31,6710,6900,6680,6840,11978,0.008849557522123908
2024-11-01,6840,6840,6630,6680,26012,-0.023391812865497075
2024-11-04,6700,6790,6630,6790,10196,0.01646706586826352
2024-11-05,6790,6820,6750,6790,6747,0.0
2024-11-06,6790,6830,6620,6690,10877,-0.014727540500736325
2024-11-07,6630,6690,6390,6540,102258,-0.022421524663677084
2024-11-08,6490,6700,6490,6650,22308,0.01681957186544336
2024-11-11,6590,6680,6500,6680,14112,0.004511278195488799
2024-11-12,6610,6670,6400,6480,31645,-0.029940119760479056
2024-11-13,6310,6450,6220,6340,42232,-0.021604938271604923
2024-11-14,6150,6460,6150,6340,42604,0.0
2024-11-15,6380,6540,6210,6490,31291,0.023659305993690927
2024-11-18,6490,6490,6290,6310,31570,-0.027734976887519247
2024-11-19,6170,6700,6160,6630,97670,0.05071315372424712
2024-11-20,6630,6630,6420,6500,28337,-0.019607843137254943
2024-11-21,6500,6600,6400,6520,16088,0.003076923076922977
2024-11-22,6440,6600,6440,6520,10878,0.0
2024-11-25,6460,6580,6430,6570,20845,0.0076687116564417845
2024-11-26,6520,6760,6520,6670,41639,0.015220700152207112
2024-11-27,6650,6660,6540,6540,10209,-0.019490254872563728
2024-11-28,6540,6620,6470,6600,13349,0.00917431192660545
2024-11-29,6620,6620,6370,6500,13949,-0.015151515151515138
2024-12-02,6450,6600,6350,6530,24050,0.004615384615384688
2024-12-03,6580,6640,6520,6640,14242,0.016845329249617125
2024-12-04,6690,6690,6420,6550,30931,-0.013554216867469826
2024-12-05,6600,6600,6390,6540,8681,-0.0015267175572518665
2024-12-06,6550,6550,6200,6470,45766,-0.010703363914373099
2024-12-09,6180,6410,6050,6350,58349,-0.018547140649149974
2024-12-10,6350,6460,6290,6380,50624,0.0047244094488188
2024-12-11,6370,6480,6350,6430,41070,0.00783699059561127
2024-12-12,6440,6580,6230,6430,55275,0.0
2024-12-13,6310,6470,6310,6430,22441,0.0
2024-12-16,6530,6720,6530,6600,40857,0.026438569206842955
2024-12-17,6590,6710,6500,6680,22070,0.0121212121212122
2024-12-18,6620,6730,6580,6650,18020,-0.004491017964071808
2024-12-19,6580,6580,6420,6440,22173,-0.03157894736842104
2024-12-20,6440,6440,6230,6370,16782,-0.010869565217391353
2024-12-23,6350,6440,6350,6430,7568,0.009419152276295195
2024-12-24,6430,6480,6370,6440,8648,0.0015552099533437946
2024-12-26,6400,6470,6400,6450,6466,0.0015527950310558758
2024-12-27,6390,6430,6230,6340,9965,-0.01705426356589146
2024-12-30,6340,6440,6280,6440,9106,0.01577287066246047
2025-01-02,6400,6640,6320,6570,16763,0.020186335403726607
2025-01-03,6560,7210,6430,6790,448697,0.03348554033485551
2025-01-06,6820,6950,6770,6890,120828,0.014727540500736325
2025-01-07,6960,6960,6670,6710,64422,-0.026124818577648812
2025-01-08,6700,6760,6640,6700,25407,-0.0014903129657227732
2025-01-09,6650,6700,6500,6530,43173,-0.025373134328358193
2025-01-10,6520,6610,6450,6610,12056,0.012251148545176171
2025-01-13,6520,6570,6460,6570,13718,-0.006051437216338829
2025-01-14,6550,6680,6440,6530,37796,-0.0060882800608828
2025-01-15,6620,6630,6540,6580,16773,0.007656967840734996
2025-01-16,6580,6770,6580,6600,42451,0.003039513677811634
2025-01-17,6590,6670,6580,6670,14469,0.010606060606060508
2025-01-20,6720,6720,6600,6640,12560,-0.004497751124437732
2025-01-21,6700,6700,6450,6490,44251,-0.02259036144578308
2025-01-22,6460,6520,6380,6400,24664,-0.013867488443759624
2025-01-23,6410,6410,6230,6360,23589,-0.006249999999999978
2025-01-24,6340,6370,6240,6320,25151,-0.0062893081761006275
2025-01-31,6290,6320,6100,6280,39841,-0.006329113924050667
2025-02-03,6210,6230,6050,6130,20478,-0.023885350318471388
2025-02-04,6150,6220,6140,6200,9062,0.011419249592169667
2025-02-05,6150,6330,6140,6300,25819,0.016129032258064502
2025-02-06,6300,6350,6280,6350,14905,0.007936507936507908
2025-02-07,6310,6380,6240,6360,14657,0.0015748031496063408
2025-02-10,6300,6390,6290,6370,12038,0.0015723270440251014
2025-02-11,6340,6770,6320,6650,111096,0.04395604395604402
2025-02-12,6650,6700,6500,6540,39486,-0.016541353383458635
2025-02-13,6610,6700,6500,6640,24528,0.015290519877675823
2025-02-14,6600,6720,6580,6670,21515,0.004518072289156683
2025-02-17,6740,6750,6680,6740,15969,0.010494752623688264
