Date,Open,High,Low,Close,Volume,Change
2022-01-03,1495,1535,1490,1505,114828,0.006688963210702337
2022-01-04,1520,1525,1495,1520,149729,0.009966777408637828
2022-01-05,1550,1550,1515,1530,172209,0.006578947368421018
2022-01-06,1505,1525,1475,1480,148820,-0.0326797385620915
2022-01-07,1480,1500,1465,1490,96330,0.006756756756756799
2022-01-10,1490,1515,1470,1475,160228,-0.010067114093959773
2022-01-11,1475,1485,1390,1390,278115,-0.057627118644067776
2022-01-12,1395,1420,1375,1400,286463,0.007194244604316502
2022-01-13,1405,1425,1340,1375,426685,-0.017857142857142905
2022-01-14,1350,1390,1325,1355,118160,-0.014545454545454528
2022-01-17,1355,1360,1320,1325,184488,-0.022140221402214055
2022-01-18,1325,1360,1260,1290,171363,-0.026415094339622636
2022-01-19,1290,1290,1245,1255,105762,-0.027131782945736482
2022-01-20,1255,1300,1250,1275,110805,0.015936254980079667
2022-01-21,1285,1300,1260,1270,103923,-0.0039215686274509665
2022-01-24,1265,1265,1215,1220,167474,-0.03937007874015752
2022-01-25,1215,1225,1150,1160,147551,-0.049180327868852514
2022-01-26,1185,1190,1150,1160,187340,0.0
2022-01-27,1160,1170,1095,1115,173608,-0.03879310344827591
2022-01-28,1115,1180,1075,1175,138121,0.053811659192825045
2022-02-03,1180,1235,1180,1215,97252,0.03404255319148941
2022-02-04,1215,1255,1195,1220,132395,0.004115226337448652
2022-02-07,1220,1250,1205,1230,116957,0.008196721311475308
2022-02-08,1260,1265,1210,1230,155380,0.0
2022-02-09,1225,1290,1220,1245,158317,0.012195121951219523
2022-02-10,1250,1270,1200,1205,198232,-0.032128514056224855
2022-02-11,1200,1205,1175,1185,127977,-0.016597510373444035
2022-02-14,1170,1180,1115,1125,201840,-0.05063291139240511
2022-02-15,1125,1150,1120,1140,219711,0.01333333333333342
2022-02-16,1160,1175,1140,1155,141358,0.013157894736842035
2022-02-17,1165,1210,1150,1175,221069,0.017316017316017396
2022-02-18,1175,1185,1155,1180,84268,0.004255319148936065
2022-02-21,1180,1530,1160,1530,5035031,0.2966101694915255
2022-02-22,1270,1850,1270,1580,34157525,0.03267973856209161
2022-02-23,1550,1615,1440,1440,5211536,-0.08860759493670889
2022-02-24,1470,1540,1305,1340,3864566,-0.06944444444444442
2022-02-25,1355,1410,1340,1350,1414399,0.00746268656716409
2022-02-28,1350,1420,1325,1370,1614985,0.014814814814814836
2022-03-02,1380,1410,1360,1385,753694,0.010948905109489093
2022-03-03,1410,1425,1370,1385,950068,0.0
2022-03-04,1385,1395,1345,1365,598557,-0.014440433212996373
2022-03-07,1345,1345,1300,1310,418300,-0.04029304029304026
2022-03-08,1280,1295,1250,1265,384742,-0.03435114503816794
2022-03-10,1270,1365,1265,1350,501218,0.06719367588932812
2022-03-11,1350,1375,1320,1355,334532,0.0037037037037037646
2022-03-14,1355,1365,1315,1340,269501,-0.011070110701106972
2022-03-15,1335,1490,1320,1370,2436793,0.02238805970149249
2022-03-16,1385,1450,1375,1445,748335,0.054744525547445244
2022-03-17,1480,1480,1410,1425,517214,-0.01384083044982698
2022-03-18,1425,1450,1395,1405,391200,-0.01403508771929829
2022-03-21,1400,1400,1375,1375,219807,-0.02135231316725983
2022-03-22,1375,1400,1345,1370,204667,-0.0036363636363636598
2022-03-23,1390,1555,1390,1435,2266852,0.04744525547445266
2022-03-24,1445,1445,1410,1435,257425,0.0
2022-03-25,1445,1485,1415,1435,489591,0.0
2022-03-28,1440,1455,1400,1400,369432,-0.024390243902439046
2022-03-29,1405,1460,1395,1450,426395,0.03571428571428581
2022-03-30,1470,1510,1450,1500,597814,0.034482758620689724
2022-03-31,1500,1535,1470,1500,408044,0.0
2022-04-01,1530,1560,1470,1540,441810,0.026666666666666616
2022-04-04,1540,1665,1510,1645,1242995,0.06818181818181812
2022-04-05,1645,1645,1585,1605,398851,-0.024316109422492405
2022-04-06,1605,1610,1510,1550,479418,-0.034267912772585674
2022-04-07,1530,1555,1490,1520,347521,-0.01935483870967747
2022-04-08,1510,1540,1500,1520,203197,0.0
2022-04-11,1525,1525,1465,1465,226968,-0.03618421052631582
2022-04-12,1450,1450,1375,1415,272432,-0.03412969283276446
2022-04-13,1415,1485,1400,1425,276966,0.007067137809187329
2022-04-14,1440,1450,1395,1410,194364,-0.010526315789473717
2022-04-15,1410,1425,1390,1425,138004,0.010638297872340496
2022-04-18,1415,1460,1400,1425,94918,0.0
2022-04-19,1415,1450,1400,1445,190982,0.01403508771929829
2022-04-20,1450,1460,1435,1455,70887,0.006920415224913601
2022-04-21,1455,1470,1440,1460,84673,0.0034364261168384758
2022-04-22,1445,1455,1420,1435,80684,-0.017123287671232834
2022-04-25,1395,1420,1390,1410,122136,-0.017421602787456414
2022-04-26,1410,1440,1400,1425,55738,0.010638297872340496
2022-04-27,1395,1480,1375,1460,368561,0.024561403508772006
2022-04-28,1460,1485,1420,1425,131683,-0.023972602739726012
2022-04-29,1425,1440,1400,1410,71059,-0.010526315789473717
2022-05-02,1435,1475,1410,1420,232697,0.007092198581560183
2022-05-03,1425,1485,1425,1445,160302,0.01760563380281699
2022-05-04,1445,1460,1425,1445,131141,0.0
2022-05-06,1430,1475,1420,1465,171917,0.01384083044982698
2022-05-09,1465,1500,1435,1490,366201,0.017064846416382284
2022-05-10,1490,1490,1420,1460,156508,-0.020134228187919434
2022-05-11,1475,1665,1445,1555,2029102,0.06506849315068486
2022-05-12,1545,1555,1470,1485,519515,-0.045016077170418
2022-05-13,1485,1545,1445,1450,555342,-0.023569023569023573
2022-05-16,1455,1475,1430,1460,175630,0.006896551724137945
2022-05-17,1460,1505,1430,1490,171467,0.020547945205479534
2022-05-18,1510,1520,1460,1475,239434,-0.010067114093959773
2022-05-19,1455,1485,1430,1450,146356,-0.016949152542372836
2022-05-20,1450,1460,1360,1375,424343,-0.051724137931034475
2022-05-23,1380,1755,1365,1535,8433107,0.11636363636363645
2022-05-24,1520,1525,1425,1440,1059655,-0.061889250814332275
2022-05-25,1405,1585,1385,1455,2221069,0.01041666666666674
2022-05-26,1490,1635,1485,1530,2815423,0.05154639175257736
2022-05-27,1530,1530,1480,1495,494855,-0.022875816993464082
2022-05-30,1510,1515,1480,1490,199216,-0.0033444816053511683
2022-05-31,1505,1535,1445,1500,405930,0.006711409395973256
2022-06-02,1505,1630,1505,1565,1336580,0.043333333333333224
2022-06-03,1565,1590,1540,1565,427214,0.0
2022-06-07,1625,1750,1515,1530,6395315,-0.022364217252396124
2022-06-08,1540,1545,1485,1525,511756,-0.0032679738562091387
2022-06-09,1525,1625,1495,1510,1110073,-0.00983606557377048
2022-06-10,1510,1530,1480,1510,259443,0.0
2022-06-13,1480,1480,1415,1435,327505,-0.04966887417218546
2022-06-14,1395,1470,1350,1450,251472,0.010452961672473782
2022-06-15,1425,1570,1425,1470,1104367,0.01379310344827589
2022-06-16,1525,1530,1435,1450,299058,-0.013605442176870763
2022-06-17,1400,1505,1385,1440,436413,-0.006896551724137945
2022-06-20,1440,1470,1350,1355,384245,-0.05902777777777779
2022-06-21,1355,1365,1285,1350,241537,-0.0036900369003689537
2022-06-22,1450,1515,1385,1435,1715813,0.06296296296296289
2022-06-23,1415,1415,1280,1280,686136,-0.10801393728222997
2022-06-24,1275,1330,1270,1305,150788,0.01953125
2022-06-27,1300,1320,1255,1315,233828,0.00766283524904221
2022-06-28,1315,1320,1275,1285,244139,-0.02281368821292773
2022-06-29,1285,1315,1240,1300,218833,0.011673151750972721
2022-06-30,1310,1345,1280,1310,158711,0.007692307692307665
2022-07-01,1300,1310,1245,1265,132838,-0.03435114503816794
2022-07-04,1265,1275,1225,1235,92422,-0.02371541501976282
2022-07-05,1215,1280,1210,1240,69546,0.004048582995951344
2022-07-06,1255,1260,1220,1240,42901,0.0
2022-07-07,1245,1275,1225,1270,99514,0.024193548387096753
2022-07-08,1290,1295,1260,1275,78107,0.003937007874015741
2022-07-11,1275,1295,1260,1280,69825,0.0039215686274509665
2022-07-12,1265,1275,1215,1235,71936,-0.03515625
2022-07-13,1240,1245,1210,1220,47035,-0.012145748987854255
2022-07-14,1220,1235,1200,1220,86863,0.0
2022-07-15,1220,1220,1165,1205,132926,-0.012295081967213073
2022-07-18,1210,1240,1195,1240,58429,0.029045643153526868
2022-07-19,1240,1240,1200,1230,58310,-0.008064516129032251
2022-07-20,1250,1250,1220,1225,68975,-0.004065040650406471
2022-07-21,1215,1240,1210,1225,72486,0.0
2022-07-22,1225,1240,1195,1210,50327,-0.01224489795918371
2022-07-25,1220,1255,1200,1200,87258,-0.008264462809917328
2022-07-26,1200,1235,1170,1170,44204,-0.025000000000000022
2022-07-27,1175,1210,1160,1185,53555,0.012820512820512775
2022-07-28,1190,1210,1175,1180,50914,-0.00421940928270037
2022-07-29,1180,1200,1170,1175,61362,-0.004237288135593209
2022-08-01,1185,1200,1175,1175,44864,0.0
2022-08-02,1175,1225,1175,1185,42708,0.008510638297872353
2022-08-03,1175,1200,1170,1200,48306,0.012658227848101333
2022-08-04,1200,1215,1190,1205,59921,0.004166666666666652
2022-08-05,1205,1310,1205,1290,299815,0.0705394190871369
2022-08-08,1295,1335,1280,1320,200056,0.023255813953488413
2022-08-09,1330,1515,1320,1385,2150599,0.04924242424242431
2022-08-10,1420,1420,1350,1395,399545,0.0072202166064982976
2022-08-11,1395,1395,1350,1350,252217,-0.032258064516129004
2022-08-12,1330,1340,1225,1300,825658,-0.03703703703703709
2022-08-16,1290,1295,1260,1265,126176,-0.02692307692307694
2022-08-17,1265,1290,1245,1285,111752,0.015810276679841806
2022-08-18,1285,1295,1235,1245,172989,-0.0311284046692607
2022-08-19,1250,1270,1210,1220,203259,-0.02008032128514059
2022-08-22,1215,1245,1200,1215,70359,-0.004098360655737654
2022-08-23,1195,1225,1195,1195,73811,-0.016460905349794275
2022-08-24,1170,1210,1150,1200,138819,0.004184100418409997
2022-08-25,1210,1270,1190,1220,111059,0.016666666666666607
2022-08-26,1230,1230,1215,1215,46724,-0.004098360655737654
2022-08-29,1210,1210,1170,1175,154771,-0.03292181069958844
2022-08-30,1155,1200,1155,1195,122287,0.017021276595744705
2022-08-31,1205,1240,1190,1225,109385,0.025104602510460206
2022-09-01,1225,1235,1190,1200,74320,-0.020408163265306145
2022-09-02,1185,1225,1180,1220,93665,0.016666666666666607
2022-09-05,1215,1235,1185,1200,75523,-0.016393442622950838
2022-09-06,1195,1220,1180,1190,34955,-0.008333333333333304
2022-09-07,1200,1200,1155,1170,76489,-0.01680672268907568
2022-09-08,1175,1195,1155,1155,56859,-0.012820512820512775
2022-09-13,1180,1200,1165,1195,192342,0.03463203463203457
2022-09-14,1205,1285,1165,1235,377497,0.03347280334728042
2022-09-15,1240,1285,1230,1275,320405,0.03238866396761142
2022-09-16,1265,1265,1195,1225,233204,-0.039215686274509776
2022-09-19,1225,1320,1220,1275,431327,0.04081632653061229
2022-09-20,1280,1310,1240,1265,254640,-0.007843137254901933
2022-09-21,1265,1315,1230,1275,318311,0.007905138339920903
2022-09-22,1275,1350,1270,1345,553356,0.05490196078431375
2022-09-23,1340,1360,1290,1300,213750,-0.03345724907063197
2022-09-26,1300,1320,1240,1260,142466,-0.03076923076923077
2022-09-27,1275,1350,1270,1335,281327,0.059523809523809534
2022-09-28,1335,1355,1250,1285,181330,-0.03745318352059923
2022-09-29,1265,1300,1260,1270,110649,-0.011673151750972721
2022-09-30,1235,1330,1235,1305,157237,0.027559055118110187
2022-10-04,1295,1350,1295,1330,114809,0.019157088122605304
2022-10-05,1330,1400,1315,1365,403799,0.026315789473684292
2022-10-06,1370,1425,1365,1400,316257,0.02564102564102555
2022-10-07,1400,1430,1320,1335,199717,-0.046428571428571375
2022-10-11,1305,1360,1235,1325,233790,-0.0074906367041198685
2022-10-12,1310,1310,1260,1295,74397,-0.02264150943396226
2022-10-13,1285,1295,1240,1250,90986,-0.03474903474903479
2022-10-14,1255,1340,1255,1300,214406,0.040000000000000036
2022-10-17,1300,1340,1285,1310,184267,0.007692307692307665
2022-10-18,1330,1335,1270,1300,196074,-0.007633587786259555
2022-10-19,1300,1330,1275,1275,141066,-0.019230769230769273
2022-10-20,1300,1300,1230,1255,125813,-0.015686274509803977
2022-10-21,1255,1260,1230,1235,72162,-0.015936254980079667
2022-10-24,1245,1300,1240,1260,46637,0.020242914979757165
2022-10-25,1260,1290,1260,1265,43461,0.003968253968253954
2022-10-26,1265,1295,1240,1240,89797,-0.01976284584980237
2022-10-27,1260,1280,1240,1255,75397,0.012096774193548487
2022-10-28,1255,1265,1215,1225,94786,-0.0239043824701195
2022-10-31,1230,1255,1195,1230,128905,0.004081632653061273
2022-11-01,1255,1255,1210,1235,80086,0.004065040650406582
2022-11-02,1245,1275,1235,1260,106945,0.020242914979757165
2022-11-03,1260,1260,1225,1235,66452,-0.019841269841269882
2022-11-04,1230,1255,1205,1235,54895,0.0
2022-11-07,1265,1320,1250,1310,242691,0.06072874493927127
2022-11-08,1310,1335,1305,1330,126172,0.01526717557251911
2022-11-09,1330,1375,1300,1300,150160,-0.022556390977443663
2022-11-10,1295,1310,1270,1270,91777,-0.023076923076923106
2022-11-11,1270,1310,1255,1270,120902,0.0
2022-11-14,1270,1300,1255,1275,107252,0.003937007874015741
2022-11-15,1285,1285,1200,1255,96977,-0.015686274509803977
2022-11-16,1245,1265,1230,1245,203529,-0.007968127490039834
2022-11-17,1235,1265,1235,1250,73211,0.004016064257028162
2022-11-18,1250,1275,1240,1265,52580,0.01200000000000001
2022-11-21,1260,1290,1230,1250,41453,-0.011857707509881465
2022-11-22,1230,1240,1190,1205,160976,-0.03600000000000003
2022-11-23,1210,1290,1210,1235,89080,0.024896265560165887
2022-11-24,1245,1265,1245,1255,64649,0.0161943319838056
2022-11-25,1255,1270,1235,1255,61580,0.0
2022-11-28,1260,1265,1235,1245,51218,-0.007968127490039834
2022-11-29,1225,1290,1225,1260,86581,0.012048192771084265
2022-11-30,1275,1285,1250,1260,54394,0.0
2022-12-01,1270,1270,1240,1245,71417,-0.011904761904761862
2022-12-02,1245,1315,1235,1280,176376,0.028112449799196693
2022-12-05,1280,1310,1280,1295,103546,0.01171875
2022-12-06,1280,1315,1260,1275,59222,-0.015444015444015413
2022-12-07,1265,1270,1205,1220,294432,-0.04313725490196074
2022-12-08,1210,1235,1205,1215,127530,-0.004098360655737654
2022-12-09,1220,1240,1210,1215,100863,0.0
2022-12-12,1230,1310,1230,1275,243226,0.04938271604938271
2022-12-13,1275,1295,1245,1260,104628,-0.0117647058823529
2022-12-14,1280,1345,1270,1325,271165,0.051587301587301626
2022-12-15,1325,1325,1245,1250,163015,-0.05660377358490565
2022-12-16,1250,1250,1225,1240,160790,-0.008000000000000007
2022-12-19,1240,1255,1220,1225,128494,-0.012096774193548376
2022-12-20,1225,1250,1180,1200,157123,-0.020408163265306145
2022-12-21,1200,1220,1170,1195,154257,-0.004166666666666652
2022-12-22,1195,1230,1150,1175,105159,-0.01673640167364021
2022-12-23,1175,1210,1115,1125,181887,-0.04255319148936165
2022-12-26,1115,1145,1110,1130,77214,0.004444444444444473
2022-12-27,1125,1150,1090,1115,105743,-0.013274336283185861
2022-12-28,1140,1255,1110,1180,591268,0.058295964125560484
2022-12-29,1190,1190,1090,1175,264675,-0.004237288135593209
2023-01-02,1170,1170,987,1035,544471,-0.11914893617021272
2023-01-03,1025,1040,983,1015,276990,-0.019323671497584516
2023-01-04,1015,1050,995,1020,186731,0.0049261083743843415
2023-01-05,1040,1050,993,1020,176805,0.0
2023-01-06,1020,1080,997,1035,263800,0.014705882352941124
2023-01-09,1040,1060,1025,1040,87864,0.004830917874396157
2023-01-10,1040,1085,1035,1070,127887,0.028846153846153744
2023-01-11,1075,1140,1075,1140,178795,0.06542056074766345
2023-01-12,1140,1170,1095,1110,175563,-0.02631578947368418
2023-01-13,1110,1110,1035,1075,232012,-0.03153153153153154
2023-01-16,1075,1075,1040,1055,292135,-0.018604651162790753
2023-01-17,1060,1065,1015,1020,92230,-0.033175355450236976
2023-01-18,1015,1030,1000,1000,127224,-0.019607843137254943
2023-01-19,1000,1055,984,1015,205160,0.014999999999999902
2023-01-20,1005,1030,1005,1020,67016,0.0049261083743843415
2023-01-25,1020,1031,1010,1017,75637,-0.002941176470588225
2023-01-26,1019,1020,1013,1017,70621,0.0
2023-01-27,1022,1025,1010,1013,79236,-0.003933136676499527
2023-01-30,1013,1019,1000,1000,117471,-0.012833168805528095
2023-01-31,1006,1006,950,973,309059,-0.027000000000000024
2023-02-01,977,989,972,980,164109,0.007194244604316502
2023-02-02,984,1030,983,1010,174495,0.030612244897959107
2023-02-03,1011,1019,998,999,94244,-0.0108910891089109
2023-02-06,999,1000,977,985,184925,-0.014014014014014031
2023-02-07,975,992,965,986,149756,0.0010152284263960087
2023-02-08,986,996,955,963,218943,-0.02332657200811361
2023-02-09,963,966,880,914,324828,-0.05088265835929384
2023-02-10,918,957,906,921,367555,0.007658643326039494
2023-02-13,921,928,901,925,227618,0.004343105320304019
2023-02-14,922,947,907,930,202363,0.00540540540540535
2023-02-15,926,948,885,942,520601,0.012903225806451646
2023-02-16,924,930,900,929,230838,-0.013800424628450103
2023-02-17,928,928,901,917,148474,-0.012917115177610294
2023-02-20,916,916,900,909,60042,-0.008724100327153761
2023-02-21,909,910,886,905,153511,-0.004400440044004417
2023-02-22,905,905,881,892,197819,-0.01436464088397793
2023-02-23,892,900,875,885,151459,-0.007847533632286963
2023-02-24,894,897,856,870,313799,-0.016949152542372836
2023-02-27,866,869,831,846,227130,-0.02758620689655178
2023-02-28,839,852,798,798,416844,-0.05673758865248224
2023-03-02,811,896,808,865,762669,0.08395989974937335
2023-03-03,868,950,868,886,369147,0.024277456647398887
2023-03-06,895,901,846,900,193245,0.015801354401805856
2023-03-07,900,902,859,881,100944,-0.02111111111111108
2023-03-08,881,881,839,845,139336,-0.04086265607264472
2023-03-09,845,845,806,819,97960,-0.03076923076923077
2023-03-10,811,820,791,816,213868,-0.00366300366300365
2023-03-13,816,816,779,793,197833,-0.028186274509803932
2023-03-14,793,793,748,753,127202,-0.05044136191677173
2023-03-15,753,771,753,768,121954,0.019920318725099584
2023-03-16,772,978,720,788,2473838,0.02604166666666674
2023-03-17,828,895,814,845,485553,0.07233502538071068
2023-03-20,845,876,837,862,210827,0.020118343195266286
2023-03-21,862,890,850,874,210412,0.0139211136890951
2023-03-22,878,887,860,872,142662,-0.0022883295194507935
2023-03-23,872,959,863,880,536372,0.00917431192660545
2023-03-24,880,917,849,866,154614,-0.015909090909090873
2023-03-27,865,866,831,856,80404,-0.011547344110854452
2023-03-28,851,869,818,839,175259,-0.01985981308411211
2023-03-29,839,842,820,827,102603,-0.014302741358760418
2023-03-30,827,844,820,836,155264,0.010882708585247869
2023-03-31,834,834,819,823,61144,-0.015550239234449759
2023-04-03,823,888,818,875,357131,0.06318347509112998
2023-04-04,875,890,867,880,122243,0.005714285714285783
2023-04-05,872,890,862,868,154281,-0.013636363636363669
2023-04-06,862,867,838,842,86077,-0.02995391705069128
2023-04-07,842,849,824,826,75065,-0.019002375296912066
2023-04-10,829,829,800,805,165439,-0.025423728813559365
2023-04-11,810,828,794,822,107539,0.02111801242236022
2023-04-12,828,831,801,822,132328,0.0
2023-04-13,822,862,805,835,197386,0.015815085158150888
2023-04-14,855,1085,837,1085,15726861,0.29940119760479034
2023-04-17,1158,1225,1010,1101,20567606,0.014746543778801913
2023-04-18,1101,1168,1039,1109,7360405,0.0072661217075387086
2023-04-19,1105,1129,1058,1072,2394007,-0.03336339044183945
2023-04-20,1087,1087,1017,1017,1119515,-0.051305970149253755
2023-04-21,1015,1061,996,1005,909061,-0.01179941002949858
2023-04-24,1005,1061,996,1033,1099682,0.027860696517412853
2023-04-25,1032,1120,986,995,1782008,-0.03678606001936113
2023-04-26,996,1010,970,998,311299,0.0030150753768845018
2023-04-27,999,1006,960,962,340617,-0.03607214428857719
2023-04-28,962,973,920,933,428545,-0.03014553014553012
2023-05-02,933,1122,929,998,5145344,0.06966773847802776
2023-05-03,991,1297,991,1297,14120885,0.2995991983967936
2023-05-04,1300,1681,1195,1374,52758571,0.05936777178103325
2023-05-08,1320,1326,1171,1188,5676565,-0.1353711790393013
2023-05-09,1220,1300,1153,1153,7678578,-0.02946127946127941
2023-05-10,1147,1246,1116,1173,5167406,0.017346053772766767
2023-05-11,1173,1241,1155,1172,4170628,-0.0008525149190110604
2023-05-12,1159,1170,1100,1130,1439057,-0.03583617747440271
2023-05-15,1130,1225,1106,1149,2995215,0.016814159292035447
2023-05-16,1155,1326,1150,1214,11655334,0.056570931244560585
2023-05-17,1272,1302,1196,1203,2727662,-0.00906095551894559
2023-05-18,1197,1300,1164,1241,4314205,0.03158769742310885
2023-05-19,1298,1450,1235,1258,10857942,0.013698630136986356
2023-05-22,1239,1253,1181,1219,1311382,-0.031001589825119247
2023-05-23,1219,1333,1190,1295,2878094,0.06234618539786707
2023-05-24,1311,1354,1228,1228,2155179,-0.0517374517374517
2023-05-25,1228,1269,1210,1212,711775,-0.013029315960912058
2023-05-26,1212,1375,1206,1300,6094553,0.0726072607260726
2023-05-30,1305,1450,1266,1276,6110342,-0.018461538461538418
2023-05-31,1276,1299,1249,1270,785345,-0.00470219435736674
2023-06-01,1270,1293,1260,1262,452625,-0.006299212598425252
2023-06-02,1258,1275,1241,1263,444596,0.0007923930269413404
2023-06-05,1275,1284,1234,1243,519402,-0.015835312747426777
2023-06-07,1243,1390,1236,1345,3897544,0.08205953338696692
2023-06-08,1345,1345,1250,1270,1227633,-0.055762081784386575
2023-06-09,1273,1345,1273,1335,1308453,0.051181102362204633
2023-06-12,1320,1320,1275,1307,651033,-0.02097378277153561
2023-06-13,1308,1345,1297,1307,656237,0.0
2023-06-14,1288,1319,1275,1303,580144,-0.003060443764345777
2023-06-15,1299,1360,1283,1329,1095371,0.01995395241749809
2023-06-16,1343,1343,1285,1290,611890,-0.02934537246049662
2023-06-19,1290,1295,1254,1274,499567,-0.012403100775193798
2023-06-20,1266,1267,1140,1211,959942,-0.0494505494505495
2023-06-21,1211,1240,1181,1217,418548,0.004954582989264988
2023-06-22,1217,1243,1210,1223,201627,0.004930156121610407
2023-06-23,1223,1247,1203,1218,162396,-0.00408830744071953
2023-06-26,1218,1235,1188,1218,143238,0.0
2023-06-27,1218,1229,1213,1225,177880,0.005747126436781658
2023-06-28,1225,1252,1215,1235,227631,0.008163265306122547
2023-06-29,1235,1235,1177,1200,382101,-0.028340080971659964
2023-06-30,1195,1226,1180,1218,210993,0.014999999999999902
2023-07-03,1225,1262,1222,1248,201639,0.024630541871921263
2023-07-04,1249,1289,1249,1264,288576,0.012820512820512775
2023-07-05,1270,1270,1208,1224,265063,-0.03164556962025311
2023-07-06,1223,1225,1167,1173,354332,-0.04166666666666663
2023-07-07,1173,1173,1112,1135,226942,-0.03239556692242118
2023-07-10,1135,1147,1120,1135,160048,0.0
2023-07-11,1135,1137,1113,1133,190690,-0.0017621145374449032
2023-07-12,1133,1189,1128,1144,166598,0.009708737864077666
2023-07-13,1152,1164,1133,1134,113420,-0.00874125874125875
2023-07-14,1134,1139,1050,1102,363388,-0.02821869488536155
2023-07-17,1102,1112,1053,1098,177129,-0.003629764065335772
2023-07-18,1104,1108,1044,1051,220747,-0.042805100182149336
2023-07-19,1051,1093,993,1051,266739,0.0
2023-07-20,1051,1124,1020,1115,227566,0.06089438629876298
2023-07-21,1115,1120,1058,1068,230040,-0.04215246636771297
2023-07-24,1055,1055,992,1012,415744,-0.05243445692883897
2023-07-25,1004,1054,978,1000,253631,-0.011857707509881465
2023-07-26,980,1000,922,959,455407,-0.041000000000000036
2023-07-27,945,999,945,992,193788,0.0344108446298228
2023-07-28,992,1016,983,1007,76445,0.015120967741935498
2023-07-31,1008,1049,1007,1030,111249,0.022840119165839168
2023-08-01,1041,1065,1000,1022,123840,-0.007766990291262155
2023-08-02,1022,1048,1012,1021,83950,-0.0009784735812132794
2023-08-03,1000,1018,989,999,158822,-0.021547502448579836
2023-08-04,999,1032,988,1019,128265,0.020020020020020013
2023-08-07,1019,1019,955,983,255871,-0.035328753680078484
2023-08-08,983,992,905,953,250378,-0.030518819938962327
2023-08-09,953,1005,953,1003,111706,0.05246589716684147
2023-08-10,1007,1008,963,981,74030,-0.02193419740777669
2023-08-11,981,1000,963,971,106212,-0.010193679918450549
2023-08-14,967,967,925,950,190866,-0.02162718846549949
2023-08-16,947,947,888,928,177396,-0.023157894736842155
2023-08-17,901,915,892,914,100848,-0.015086206896551713
2023-08-18,904,910,889,903,122847,-0.012035010940919078
2023-08-21,903,950,903,929,216076,0.02879291251384264
2023-08-22,929,945,866,925,127906,-0.0043057050592034685
2023-08-23,925,925,873,920,198965,-0.00540540540540535
2023-08-24,911,920,885,915,128308,-0.005434782608695676
2023-08-25,915,920,888,888,63932,-0.02950819672131144
2023-08-28,888,904,878,885,103386,-0.0033783783783783994
2023-08-29,885,946,884,901,247459,0.01807909604519775
2023-08-30,910,920,901,914,67496,0.01442841287458374
2023-08-31,919,921,894,905,68546,-0.009846827133479175
2023-09-01,947,947,906,912,86231,0.007734806629834168
2023-09-04,904,920,890,913,124982,0.0010964912280702066
2023-09-05,915,915,893,900,111436,-0.014238773274917849
2023-09-06,897,900,872,888,136912,-0.013333333333333308
2023-09-07,888,895,866,869,102737,-0.021396396396396344
2023-09-08,867,869,851,865,107202,-0.004602991944764101
2023-09-11,865,881,862,869,76936,0.0046242774566473965
2023-09-12,869,1030,866,958,2714226,0.10241657077100119
2023-09-13,956,1014,920,964,490224,0.006263048016701411
2023-09-14,964,964,851,907,448383,-0.0591286307053942
2023-09-15,900,904,880,904,169555,-0.003307607497243681
2023-09-18,900,900,868,869,169511,-0.03871681415929207
2023-09-19,869,884,821,833,233187,-0.04142692750287691
2023-09-20,831,860,818,822,118308,-0.013205282112845107
2023-09-21,825,868,821,823,117692,0.0012165450121655041
2023-09-22,810,839,790,790,129313,-0.04009720534629402
2023-09-25,790,834,771,783,90103,-0.008860759493670933
2023-09-26,775,828,775,786,106611,0.003831417624521105
2023-09-27,786,809,786,808,49978,0.027989821882951738
2023-10-04,808,850,780,780,125380,-0.034653465346534684
2023-10-05,780,802,766,780,82936,0.0
2023-10-06,781,818,780,804,80704,0.03076923076923066
2023-10-10,813,840,795,808,114976,0.004975124378109541
2023-10-11,808,820,806,810,49267,0.0024752475247524774
2023-10-12,844,844,801,814,69749,0.004938271604938205
2023-10-13,814,824,814,820,108844,0.0073710073710073765
2023-10-16,829,829,756,810,58287,-0.012195121951219523
2023-10-17,800,817,800,805,18056,-0.006172839506172867
2023-10-18,810,817,794,799,21672,-0.007453416149068359
2023-10-19,795,798,774,785,37421,-0.017521902377972465
2023-10-20,766,817,761,795,104013,0.01273885350318471
2023-10-23,780,826,780,794,76122,-0.0012578616352201255
2023-10-24,794,857,794,819,122689,0.03148614609571787
2023-10-25,824,836,810,825,43298,0.0073260073260073
2023-10-26,815,829,804,824,82275,-0.00121212121212122
2023-10-27,824,828,804,820,67831,-0.004854368932038833
2023-10-30,820,820,806,818,13229,-0.0024390243902439046
2023-10-31,818,827,790,800,30993,-0.022004889975550168
2023-11-01,753,830,753,826,238830,0.03249999999999997
2023-11-02,831,845,825,834,55861,0.009685230024213176
2023-11-03,843,849,823,838,59280,0.004796163069544335
2023-11-06,838,852,815,850,104594,0.014319809069212486
2023-11-07,850,861,825,825,92169,-0.02941176470588236
2023-11-08,825,849,815,840,65653,0.018181818181818077
2023-11-09,840,849,825,843,42760,0.0035714285714285587
2023-11-10,829,939,827,899,524443,0.06642941874258601
2023-11-13,903,919,882,915,164129,0.017797552836484876
2023-11-14,900,915,867,900,104886,-0.016393442622950838
2023-11-15,905,937,896,927,187583,0.030000000000000027
2023-11-16,942,964,930,959,225865,0.034519956850054045
2023-11-17,974,974,929,972,196675,0.01355578727841511
2023-11-20,963,973,936,962,150372,-0.010288065843621408
2023-11-21,962,990,958,983,94127,0.021829521829521914
2023-11-22,974,995,970,980,82549,-0.003051881993896277
2023-11-23,965,980,920,936,204350,-0.04489795918367345
2023-11-24,967,967,930,931,91195,-0.005341880341880323
2023-11-27,976,1000,932,988,122806,0.061224489795918435
2023-11-28,988,988,925,940,140294,-0.04858299595141702
2023-11-29,932,988,920,947,100922,0.007446808510638281
2023-11-30,948,965,920,959,72520,0.012671594508975703
2023-12-01,959,959,930,940,95598,-0.019812304483837306
2023-12-04,940,982,927,963,153266,0.024468085106382986
2023-12-05,963,969,950,961,34462,-0.0020768431983385627
2023-12-06,951,980,950,960,57724,-0.0010405827263267886
2023-12-07,960,970,920,931,52093,-0.03020833333333328
2023-12-08,931,960,931,947,37250,0.017185821697099923
2023-12-11,948,970,947,969,39825,0.023231256599788752
2023-12-12,976,980,955,969,50110,0.0
2023-12-13,980,986,916,951,81552,-0.018575851393188847
2023-12-14,946,951,900,900,145897,-0.05362776025236593
2023-12-15,900,925,880,900,210346,0.0
2023-12-18,940,947,910,930,77397,0.03333333333333344
2023-12-19,940,948,910,929,59271,-0.0010752688172043223
2023-12-20,929,964,920,930,65054,0.0010764262648008671
2023-12-21,930,940,898,913,114310,-0.018279569892473146
2023-12-22,923,946,908,929,103930,0.017524644030668224
2023-12-26,929,957,905,923,104822,-0.006458557588805203
2023-12-27,906,958,850,911,101078,-0.013001083423618609
2023-12-28,911,934,911,920,41839,0.009879253567508295
2024-01-02,920,931,866,920,64495,0.0
2024-01-03,920,934,900,911,90948,-0.009782608695652173
2024-01-04,920,920,899,910,94873,-0.001097694840834218
2024-01-05,919,923,900,914,68500,0.00439560439560438
2024-01-08,923,932,917,932,41456,0.01969365426695835
2024-01-09,923,937,923,932,46519,0.0
2024-01-10,932,932,895,917,17916,-0.016094420600858417
2024-01-11,926,929,895,912,41681,-0.005452562704471142
2024-01-12,921,930,860,910,65967,-0.002192982456140302
2024-01-15,910,914,902,910,42244,0.0
2024-01-16,919,919,868,909,36721,-0.001098901098901095
2024-01-17,871,920,871,895,54950,-0.015401540154015403
2024-01-18,895,912,886,886,46101,-0.010055865921787754
2024-01-19,925,925,895,902,20076,0.018058690744920947
2024-01-22,902,911,870,870,136838,-0.03547671840354771
2024-01-23,878,923,874,890,72215,0.02298850574712641
2024-01-24,899,905,875,880,28780,-0.011235955056179803
2024-01-25,879,880,851,862,34980,-0.020454545454545503
2024-01-26,862,881,854,872,45745,0.011600928074245953
2024-01-29,869,872,824,847,263137,-0.028669724770642224
2024-01-30,847,847,810,821,186863,-0.030696576151121646
2024-01-31,821,834,810,810,91324,-0.013398294762484775
2024-02-01,810,826,781,781,129145,-0.03580246913580243
2024-02-02,781,800,777,783,132304,0.00256081946222797
2024-02-05,783,799,776,792,82558,0.011494252873563315
2024-02-06,792,810,788,807,76783,0.018939393939394034
2024-02-07,807,807,787,787,76060,-0.024783147459727428
2024-02-08,787,798,783,795,48128,0.010165184243964509
2024-02-13,795,846,795,819,96954,0.030188679245283012
2024-02-14,819,850,812,822,44829,0.00366300366300365
2024-02-15,822,856,821,843,39168,0.025547445255474477
2024-02-16,843,843,811,814,89538,-0.03440094899169632
2024-02-19,814,822,809,816,52288,0.002457002457002533
2024-02-20,816,848,808,845,72009,0.035539215686274606
2024-02-21,845,861,827,834,56168,-0.013017751479289963
2024-02-22,834,834,810,812,46521,-0.026378896882493952
2024-02-23,812,812,792,808,119015,-0.0049261083743842304
2024-02-26,808,815,781,809,35186,0.0012376237623761277
2024-02-27,801,805,794,798,20077,-0.013597033374536438
2024-02-28,792,826,788,803,73128,0.006265664160401085
2024-02-29,805,829,803,811,81319,0.00996264009962644
2024-03-04,811,850,810,840,132446,0.035758323057953234
2024-03-05,840,858,833,843,52595,0.0035714285714285587
2024-03-06,843,847,830,845,73318,0.0023724792408066353
2024-03-07,837,849,810,818,82495,-0.031952662721893454
2024-03-08,818,827,804,811,52881,-0.008557457212713948
2024-03-11,811,831,788,812,55543,0.0012330456226881115
2024-03-12,812,826,788,790,41314,-0.027093596059113323
2024-03-13,790,820,789,797,34149,0.008860759493670933
2024-03-14,797,850,780,793,211075,-0.005018820577164407
2024-03-15,793,799,777,779,83583,-0.017654476670870167
2024-03-18,777,789,776,786,50146,0.00898587933247752
2024-03-19,786,805,786,793,45254,0.008905852417302906
2024-03-20,793,793,781,790,54329,-0.003783102143757877
2024-03-21,792,805,774,789,156950,-0.0012658227848101333
2024-03-22,796,808,788,795,81821,0.0076045627376426506
2024-03-25,795,818,787,810,92323,0.018867924528301883
2024-03-26,811,837,797,799,67974,-0.013580246913580285
2024-03-27,799,805,792,804,59108,0.006257822277847325
2024-03-28,804,818,797,800,63247,-0.00497512437810943
2024-03-29,800,816,795,795,104323,-0.006249999999999978
2024-04-01,795,804,790,801,165537,0.007547169811320753
2024-04-02,800,800,790,793,94756,-0.009987515605493158
2024-04-03,793,817,787,797,109279,0.0050441361916770955
2024-04-04,797,808,795,803,83734,0.007528230865746499
2024-04-05,803,807,772,795,99196,-0.00996264009962644
2024-04-08,797,830,785,796,120604,0.0012578616352201255
2024-04-09,795,808,786,788,45622,-0.01005025125628145
2024-04-11,788,788,774,778,61584,-0.012690355329949221
2024-04-12,778,784,775,776,67076,-0.0025706940874036244
2024-04-15,757,782,751,775,92228,-0.0012886597938144284
2024-04-16,775,777,740,762,115010,-0.01677419354838705
2024-04-17,762,767,740,764,73994,0.002624671916010568
2024-04-18,764,776,758,769,53906,0.00654450261780104
2024-04-19,767,768,745,767,81622,-0.002600780234070177
2024-04-22,752,760,747,747,47735,-0.026075619295958252
2024-04-23,747,754,735,735,42707,-0.016064257028112428
2024-04-24,736,743,729,736,96673,0.0013605442176871652
2024-04-25,738,747,732,740,45472,0.005434782608695565
2024-04-26,740,745,711,720,111503,-0.027027027027026973
2024-04-29,721,756,721,754,40805,0.047222222222222276
2024-04-30,754,770,732,740,78807,-0.018567639257294433
2024-05-02,740,758,735,735,58686,-0.006756756756756799
2024-05-03,735,754,735,741,46458,0.008163265306122547
2024-05-07,740,766,739,758,92961,0.02294197031039147
2024-05-08,758,766,755,765,46590,0.00923482849604218
2024-05-09,765,787,758,758,49168,-0.009150326797385588
2024-05-10,758,776,748,748,58263,-0.01319261213720313
2024-05-13,788,788,748,760,73878,0.016042780748663166
2024-05-14,761,786,761,782,151829,0.02894736842105261
2024-05-16,782,825,755,760,176263,-0.02813299232736577
2024-05-17,761,788,752,754,110974,-0.007894736842105288
2024-05-20,754,758,737,758,208266,0.0053050397877985045
2024-05-21,758,758,724,724,100760,-0.04485488126649073
2024-05-22,720,730,712,720,152419,-0.0055248618784530246
2024-05-23,720,725,679,693,176473,-0.03749999999999998
2024-05-24,693,708,690,690,128890,-0.0043290043290042934
2024-05-27,690,690,652,670,143696,-0.02898550724637683
2024-05-28,670,683,654,670,90372,0.0
2024-05-29,669,669,619,644,236911,-0.03880597014925369
2024-05-30,644,656,642,646,68241,0.0031055900621117516
2024-05-31,640,646,631,631,62122,-0.023219814241486114
2024-06-03,631,656,623,652,71616,0.033280507131537185
2024-06-04,652,652,636,641,68158,-0.016871165644171793
2024-06-05,640,833,636,833,3551212,0.2995319812792512
2024-06-07,1002,1030,784,814,7055282,-0.02280912364945975
2024-06-10,808,808,761,763,411682,-0.0626535626535627
2024-06-11,763,962,759,894,8357649,0.17169069462647446
2024-06-12,893,893,812,830,1265608,-0.07158836689038028
2024-06-13,830,830,779,802,676784,-0.03373493975903619
2024-06-14,801,801,769,774,422162,-0.034912718204488824
2024-06-17,767,776,730,745,337033,-0.03746770025839796
2024-06-18,745,757,708,733,231017,-0.016107382550335614
2024-06-19,725,730,680,709,264438,-0.032742155525238736
2024-06-20,702,719,685,715,226282,0.008462623413258097
2024-06-21,715,725,676,700,185426,-0.020979020979020935
2024-06-24,694,728,694,724,164638,0.03428571428571425
2024-06-25,723,723,705,707,100577,-0.023480662983425438
2024-06-26,701,719,697,697,125644,-0.014144271570014189
2024-06-27,696,730,682,706,134140,0.012912482065997155
2024-06-28,698,722,686,695,149495,-0.015580736543909346
2024-07-01,690,715,690,700,90051,0.007194244604316502
2024-07-02,693,715,660,663,117822,-0.052857142857142825
2024-07-03,663,678,655,663,109013,0.0
2024-07-04,657,680,650,656,113138,-0.010558069381598756
2024-07-05,652,698,611,676,135800,0.030487804878048808
2024-07-08,670,683,629,665,97470,-0.016272189349112454
2024-07-09,661,667,631,662,82336,-0.004511278195488688
2024-07-10,662,662,650,655,42200,-0.010574018126888185
2024-07-11,657,693,646,647,97402,-0.012213740458015265
2024-07-12,647,668,590,604,413749,-0.06646058732612059
2024-07-15,606,618,600,610,170149,0.009933774834437026
2024-07-16,612,613,598,603,90813,-0.011475409836065542
2024-07-17,610,615,599,600,74165,-0.00497512437810943
2024-07-18,602,607,585,597,109622,-0.0050000000000000044
2024-07-19,591,597,582,585,69387,-0.02010050251256279
2024-07-22,585,587,564,566,94280,-0.032478632478632474
2024-07-23,566,639,561,582,473599,0.028268551236749095
2024-07-24,582,586,570,578,71713,-0.0068728522336769515
2024-07-25,587,595,573,573,47344,-0.00865051903114189
2024-07-26,599,739,570,662,7067778,0.15532286212914492
2024-07-29,664,673,613,617,645796,-0.06797583081571001
2024-07-30,614,706,601,683,1446773,0.10696920583468406
2024-07-31,683,685,640,657,311557,-0.0380673499267935
2024-08-01,685,685,620,647,191975,-0.015220700152207
2024-08-02,646,646,596,603,212454,-0.06800618238021638
2024-08-05,603,609,530,587,224798,-0.026533996683250405
2024-08-06,584,604,570,585,159635,-0.0034071550255536653
2024-08-07,592,617,578,589,87681,0.006837606837606813
2024-08-08,589,615,561,575,150662,-0.02376910016977929
2024-08-09,575,605,574,580,92160,0.008695652173912993
2024-08-12,592,624,584,603,102897,0.039655172413793016
2024-08-13,620,620,591,596,90686,-0.011608623548922004
2024-08-14,596,623,594,596,32812,0.0
2024-08-16,622,774,622,774,2256628,0.29865771812080544
2024-08-19,996,1006,881,1006,27481403,0.2997416020671835
2024-08-20,960,1091,865,870,20533482,-0.13518886679920472
2024-08-21,892,946,772,805,6285164,-0.07471264367816088
2024-08-22,826,831,702,760,4044416,-0.05590062111801242
2024-08-23,774,775,697,738,1936341,-0.02894736842105261
2024-08-26,714,715,676,677,1139743,-0.08265582655826553
2024-08-27,683,687,630,651,913941,-0.03840472673559825
2024-08-28,654,687,619,626,1034029,-0.03840245775729645
2024-08-29,626,646,601,633,536340,0.011182108626198062
2024-08-30,631,640,620,625,340366,-0.012638230647709303
2024-09-02,625,646,580,613,731571,-0.019199999999999995
2024-09-03,613,616,592,606,401641,-0.011419249592169667
2024-09-04,600,600,580,586,308869,-0.03300330033003296
2024-09-05,587,594,570,578,156074,-0.013651877133105783
2024-09-06,578,586,547,583,331454,0.00865051903114189
2024-09-09,566,673,566,614,1968893,0.05317324185248706
2024-09-10,614,616,580,596,435123,-0.02931596091205213
2024-09-11,596,700,590,635,2925491,0.06543624161073835
2024-09-12,628,664,625,625,442648,-0.015748031496062964
2024-09-13,659,659,616,621,348160,-0.006399999999999961
2024-09-19,620,630,600,602,391890,-0.03059581320450888
2024-09-20,606,626,599,605,193175,0.004983388704318914
2024-09-23,612,620,597,612,139298,0.011570247933884392
2024-09-24,612,625,608,612,154786,0.0
2024-09-25,610,650,606,615,239188,0.004901960784313708
2024-09-26,614,639,614,625,194114,0.016260162601626105
2024-09-27,626,640,610,619,111228,-0.009600000000000053
2024-09-30,615,623,609,615,156922,-0.00646203554119551
2024-10-02,614,629,601,615,198093,0.0
2024-10-04,610,625,601,606,129274,-0.014634146341463428
2024-10-07,606,612,597,605,155104,-0.0016501650165016146
2024-10-08,610,610,592,600,178823,-0.008264462809917328
2024-10-10,597,609,596,607,190648,0.011666666666666714
2024-10-11,600,607,595,599,120608,-0.01317957166392092
2024-10-14,599,621,581,617,254206,0.030050083472454192
2024-10-15,623,623,600,608,116177,-0.014586709886547866
2024-10-16,608,616,591,595,125842,-0.021381578947368474
2024-10-17,595,604,592,601,108029,0.010084033613445342
2024-10-18,597,656,597,610,522948,0.014975041597337757
2024-10-21,610,629,605,608,92422,-0.003278688524590123
2024-10-22,634,634,594,597,106369,-0.018092105263157854
2024-10-23,595,606,590,600,71736,0.005025125628140614
2024-10-24,598,603,595,596,98665,-0.00666666666666671
2024-10-25,595,606,588,592,104743,-0.006711409395973145
2024-10-28,592,605,591,593,66304,0.0016891891891892552
2024-10-29,593,597,586,591,54651,-0.003372681281618939
2024-10-30,587,595,587,590,28644,-0.0016920473773265332
2024-10-31,603,603,583,590,129687,0.0
2024-11-01,583,597,583,587,51295,-0.005084745762711895
2024-11-04,589,598,572,590,71368,0.005110732538330387
2024-11-05,590,598,581,586,30909,-0.006779661016949157
2024-11-06,585,595,585,595,67051,0.015358361774743923
2024-11-07,595,598,580,590,56659,-0.008403361344537785
2024-11-08,586,600,584,597,61407,0.011864406779660941
2024-11-11,597,597,585,589,42774,-0.01340033500837523
2024-11-12,587,589,546,557,174432,-0.05432937181663833
2024-11-13,552,582,543,568,48842,0.019748653500897717
2024-11-14,564,588,561,562,64105,-0.010563380281690127
2024-11-15,547,573,547,558,74780,-0.007117437722419906
2024-11-18,559,571,551,558,56114,0.0
2024-11-19,570,570,550,568,67625,0.017921146953405076
2024-11-20,562,564,550,562,61018,-0.010563380281690127
2024-11-21,553,580,547,567,62258,0.008896797153024938
2024-11-22,597,597,549,549,48586,-0.031746031746031744
2024-11-25,550,578,550,551,75596,0.0036429872495447047
2024-11-26,563,571,550,553,59574,0.003629764065335772
2024-11-27,553,572,549,549,32070,-0.007233273056057921
2024-11-28,568,568,518,540,49882,-0.016393442622950838
