Date,Open,High,Low,Close,Volume,Change
2022-01-03,2055,2150,2030,2065,58534,0.0
2022-01-04,2060,2080,2025,2040,58833,-0.01210653753026636
2022-01-05,2040,2075,1950,2000,72874,-0.019607843137254943
2022-01-06,1975,2000,1900,1930,93183,-0.03500000000000003
2022-01-07,1925,1970,1915,1930,16287,0.0
2022-01-10,1930,2000,1845,2000,104316,0.03626943005181338
2022-01-11,1940,1975,1870,1930,129774,-0.03500000000000003
2022-01-12,1930,1960,1880,1880,46333,-0.025906735751295318
2022-01-13,1890,1920,1730,1895,161126,0.007978723404255428
2022-01-14,1895,1915,1815,1910,41305,0.0079155672823219
2022-01-17,1880,2065,1880,1955,214275,0.023560209424083878
2022-01-18,1955,1990,1930,1970,52097,0.007672634271099765
2022-01-19,1970,2060,1880,1970,71340,0.0
2022-01-20,1920,1970,1825,1840,210948,-0.06598984771573602
2022-01-21,1825,1880,1810,1845,66386,0.0027173913043478937
2022-01-24,1845,1845,1695,1765,214480,-0.04336043360433606
2022-01-25,1870,1875,1750,1770,103739,0.0028328611898016387
2022-01-26,1730,1770,1680,1690,137505,-0.04519774011299438
2022-01-27,1740,1740,1550,1595,161061,-0.056213017751479244
2022-01-28,1595,1640,1540,1590,71530,-0.0031347962382445305
2022-02-03,1600,1640,1570,1600,34006,0.0062893081761006275
2022-02-04,1615,1620,1495,1500,81502,-0.0625
2022-02-07,1505,1950,1505,1950,473655,0.30000000000000004
2022-02-08,2535,2535,2535,2535,832259,0.30000000000000004
2022-02-09,2900,3290,2355,2380,22363614,-0.06114398422090728
2022-02-10,2400,2475,2220,2290,3326417,-0.037815126050420145
2022-02-11,2220,2235,2065,2130,1512101,-0.06986899563318782
2022-02-14,2080,2100,1970,1970,675737,-0.07511737089201875
2022-02-15,1935,2010,1850,1870,601641,-0.050761421319796995
2022-02-16,1900,1955,1845,1945,445227,0.04010695187165769
2022-02-17,1920,2160,1850,1950,1294167,0.0025706940874035134
2022-02-18,1960,2215,1960,2110,2024205,0.08205128205128198
2022-02-21,2115,2280,2090,2140,1156529,0.014218009478673022
2022-02-22,2095,2125,2005,2040,234381,-0.04672897196261683
2022-02-23,2010,2030,1900,2005,149751,-0.01715686274509809
2022-02-24,1960,2060,1900,1900,140029,-0.052369077306733125
2022-02-25,1900,2110,1860,1960,447374,0.03157894736842115
2022-02-28,1990,2060,1955,1970,216379,0.005102040816326481
2022-03-02,1960,1985,1930,1975,145702,0.002538071065989911
2022-03-03,1970,2145,1970,2075,217115,0.05063291139240511
2022-03-04,2110,2115,1985,2000,151236,-0.03614457831325302
2022-03-07,1975,1985,1930,1930,124660,-0.03500000000000003
2022-03-08,1920,1930,1800,1830,259041,-0.051813471502590636
2022-03-10,1910,2135,1855,1875,299388,0.024590163934426146
2022-03-11,1735,1825,1720,1810,347000,-0.03466666666666662
2022-03-14,1810,1815,1740,1775,146105,-0.01933701657458564
2022-03-15,1820,1820,1700,1705,160248,-0.03943661971830981
2022-03-16,1705,1875,1675,1825,189576,0.07038123167155419
2022-03-17,1835,1865,1805,1815,90816,-0.005479452054794498
2022-03-18,1820,1950,1805,1890,139745,0.04132231404958686
2022-03-21,1890,2010,1890,1955,105108,0.03439153439153442
2022-03-22,2020,2020,1920,1965,99385,0.005115089514066584
2022-03-23,1965,1990,1935,1940,71046,-0.012722646310432517
2022-03-24,1970,1970,1885,1885,210371,-0.028350515463917536
2022-03-25,1900,1910,1840,1885,109607,0.0
2022-03-28,1870,2000,1840,1985,140852,0.05305039787798416
2022-03-29,1985,1985,1865,1870,178620,-0.057934508816120944
2022-03-30,1870,1885,1845,1865,74390,-0.002673796791443861
2022-03-31,1880,1880,1835,1845,58249,-0.01072386058981234
2022-04-01,1825,1870,1805,1855,88398,0.005420054200542035
2022-04-04,1870,1870,1825,1845,49172,-0.005390835579514808
2022-04-05,1845,1860,1810,1840,98066,-0.0027100271002710175
2022-04-06,1840,1880,1810,1845,88547,0.0027173913043478937
2022-04-07,1835,1835,1790,1820,59497,-0.013550135501354976
2022-04-08,1820,1830,1740,1780,65319,-0.02197802197802201
2022-04-11,1780,1810,1730,1800,63664,0.011235955056179803
2022-04-12,1795,1795,1750,1750,43742,-0.02777777777777779
2022-04-13,1730,1785,1730,1750,57885,0.0
2022-04-14,1765,1775,1740,1775,25375,0.014285714285714235
2022-04-15,1790,1900,1785,1835,51300,0.033802816901408406
2022-04-18,1835,1835,1745,1750,81707,-0.0463215258855586
2022-04-19,1750,1830,1750,1780,46740,0.017142857142857126
2022-04-20,1770,1800,1750,1790,60735,0.00561797752808979
2022-04-21,1780,1830,1700,1780,122932,-0.005586592178770999
2022-04-22,1795,1795,1715,1780,51183,0.0
2022-04-25,1765,1765,1675,1730,52019,-0.028089887640449396
2022-04-26,1720,1750,1695,1695,64172,-0.020231213872832332
2022-04-27,1695,1695,1625,1660,99222,-0.020648967551622377
2022-04-28,1720,1720,1635,1655,39665,-0.003012048192771122
2022-04-29,1655,1675,1585,1605,103080,-0.030211480362537735
2022-05-02,1630,1645,1600,1615,42858,0.006230529595015577
2022-05-03,1615,1655,1520,1550,234579,-0.04024767801857587
2022-05-04,1565,2015,1560,2015,2974632,0.30000000000000004
2022-05-06,2020,2095,1630,1675,2900469,-0.16873449131513651
2022-05-09,1660,2135,1615,1850,5028918,0.10447761194029859
2022-05-10,1925,2075,1785,1830,1164874,-0.010810810810810811
2022-05-11,1900,2000,1760,1785,1229712,-0.024590163934426257
2022-05-12,1785,1890,1710,1750,336874,-0.019607843137254943
2022-05-13,1705,1740,1650,1655,221003,-0.05428571428571427
2022-05-16,1655,1715,1625,1670,225635,0.009063444108761365
2022-05-17,1725,1730,1650,1700,134623,0.017964071856287456
2022-05-18,1695,1735,1685,1695,143964,-0.002941176470588225
2022-05-19,1695,1695,1570,1680,147456,-0.008849557522123908
2022-05-20,1650,1720,1650,1705,88113,0.014880952380952328
2022-05-23,1730,1730,1640,1675,98404,-0.017595307917888547
2022-05-24,1655,1675,1595,1610,186016,-0.03880597014925369
2022-05-25,1625,1625,1580,1590,37833,-0.012422360248447228
2022-05-26,1605,1720,1585,1670,255762,0.05031446540880502
2022-05-27,1690,1690,1615,1635,98095,-0.020958083832335328
2022-05-30,1635,1650,1615,1650,44906,0.00917431192660545
2022-05-31,1615,1690,1615,1660,136474,0.0060606060606061
2022-06-02,1635,1675,1615,1660,63412,0.0
2022-06-03,1650,1720,1640,1710,77455,0.030120481927710774
2022-06-07,1675,1725,1650,1675,53893,-0.020467836257309968
2022-06-08,1670,1715,1650,1660,60352,-0.008955223880596996
2022-06-09,1650,1725,1635,1655,106415,-0.003012048192771122
2022-06-10,1655,2000,1625,1735,2758325,0.048338368580060465
2022-06-13,1760,1820,1725,1770,524878,0.020172910662824117
2022-06-14,1770,1780,1665,1765,213740,-0.0028248587570621764
2022-06-15,1755,2125,1745,1960,3218822,0.11048158640226635
2022-06-16,1980,2005,1880,1920,604674,-0.020408163265306145
2022-06-17,1915,1985,1880,1925,421333,0.0026041666666667407
2022-06-20,1940,2035,1870,1895,480955,-0.01558441558441559
2022-06-21,1900,1940,1840,1915,207377,0.01055408970976246
2022-06-22,1915,1930,1835,1840,153679,-0.03916449086161877
2022-06-23,1840,2015,1780,1980,606180,0.07608695652173902
2022-06-24,2000,2075,1930,2035,1012600,0.02777777777777768
2022-06-27,2015,2130,1965,2100,721695,0.03194103194103204
2022-06-28,2070,2275,1915,1935,1389535,-0.07857142857142863
2022-06-29,1955,1980,1920,1935,192821,0.0
2022-06-30,1980,1980,1615,1690,1355642,-0.12661498708010333
2022-07-01,1695,1740,1580,1660,413843,-0.017751479289940808
2022-07-04,1660,1680,1590,1610,137666,-0.030120481927710885
2022-07-05,1610,1700,1610,1635,98022,0.01552795031055898
2022-07-06,1630,1680,1605,1640,58380,0.003058103975535076
2022-07-07,1640,1655,1625,1655,75608,0.009146341463414531
2022-07-08,1665,1690,1635,1665,112795,0.0060422960725075026
2022-07-11,1660,1665,1600,1665,74620,0.0
2022-07-12,1645,1645,1555,1565,142445,-0.06006006006006004
2022-07-13,1565,1595,1535,1550,60573,-0.009584664536741228
2022-07-14,1550,1595,1505,1540,81118,-0.006451612903225823
2022-07-15,1540,1545,1425,1480,139789,-0.038961038961038974
2022-07-18,1525,1525,1430,1480,66022,0.0
2022-07-19,1475,1480,1400,1470,148184,-0.006756756756756799
2022-07-20,1495,1570,1495,1530,175121,0.04081632653061229
2022-07-21,1545,1545,1500,1520,61941,-0.006535947712418277
2022-07-22,1550,1550,1500,1530,28396,0.006578947368421018
2022-07-25,1505,1530,1485,1495,42006,-0.022875816993464082
2022-07-26,1485,1505,1455,1470,90357,-0.01672240802675584
2022-07-27,1470,1495,1430,1435,163813,-0.023809523809523836
2022-07-28,1450,1475,1430,1440,56926,0.0034843205574912606
2022-07-29,1450,1525,1440,1470,71577,0.02083333333333326
2022-08-01,1500,1500,1440,1460,33873,-0.006802721088435382
2022-08-02,1445,1470,1440,1465,31927,0.003424657534246478
2022-08-03,1465,1480,1450,1455,24808,-0.0068259385665528916
2022-08-04,1455,1485,1450,1460,47003,0.0034364261168384758
2022-08-05,1460,1490,1460,1490,45808,0.020547945205479534
2022-08-08,1490,1490,1430,1460,57002,-0.020134228187919434
2022-08-09,1460,1505,1460,1480,47561,0.013698630136986356
2022-08-10,1475,1480,1445,1460,31840,-0.013513513513513487
2022-08-11,1460,1505,1445,1490,95941,0.020547945205479534
2022-08-12,1485,1500,1465,1475,12379,-0.010067114093959773
2022-08-16,1460,1485,1445,1475,51725,0.0
2022-08-17,1460,1490,1455,1480,59380,0.003389830508474523
2022-08-18,1460,1605,1440,1445,361640,-0.023648648648648685
2022-08-19,1445,1475,1435,1465,68490,0.01384083044982698
2022-08-22,1460,1465,1430,1450,69942,-0.010238907849829393
2022-08-23,1440,1520,1410,1455,121432,0.0034482758620688614
2022-08-24,1410,1480,1405,1445,126320,-0.0068728522336769515
2022-08-25,1445,1460,1280,1280,369144,-0.11418685121107264
2022-08-26,1305,1380,1210,1230,496282,-0.0390625
2022-08-29,1215,1330,1110,1145,489246,-0.06910569105691056
2022-08-30,1160,1190,1135,1170,80453,0.02183406113537112
2022-08-31,1170,1180,1145,1150,67703,-0.017094017094017144
2022-09-01,1150,1180,1110,1170,70217,0.017391304347825987
2022-09-02,1150,1175,1150,1175,31401,0.004273504273504258
2022-09-05,1170,1175,1140,1160,32031,-0.012765957446808529
2022-09-06,1170,1180,1120,1155,59745,-0.004310344827586188
2022-09-07,1165,1195,1150,1195,79344,0.03463203463203457
2022-09-08,1180,1540,1180,1475,4016868,0.2343096234309623
2022-09-13,1475,1500,1335,1420,712494,-0.037288135593220306
2022-09-14,1345,1395,1340,1380,143580,-0.028169014084507005
2022-09-15,1375,1375,1310,1330,141179,-0.036231884057971064
2022-09-16,1305,1720,1295,1490,4545653,0.12030075187969924
2022-09-19,1475,1850,1470,1820,5353668,0.2214765100671141
2022-09-20,1820,1820,1525,1600,2088618,-0.1208791208791209
2022-09-21,1660,1665,1430,1430,1039969,-0.10624999999999996
2022-09-22,1405,1575,1340,1370,1199606,-0.04195804195804198
2022-09-23,1385,1610,1250,1310,2480925,-0.04379562043795615
2022-09-26,1320,1580,1315,1365,2855606,0.041984732824427384
2022-09-27,1390,1395,1220,1220,933597,-0.10622710622710618
2022-09-28,1220,1295,1145,1255,318819,0.028688524590164022
2022-09-29,1230,1285,1225,1240,131147,-0.01195219123505975
2022-09-30,1185,1230,1175,1210,127066,-0.024193548387096753
2022-10-04,1275,1290,1210,1250,405040,0.03305785123966931
2022-10-05,1260,1485,1250,1420,2608906,0.1359999999999999
2022-10-06,1470,1810,1470,1600,5212576,0.12676056338028174
2022-10-07,1610,1800,1520,1640,3331190,0.02499999999999991
2022-10-11,1670,1900,1645,1695,4701241,0.03353658536585358
2022-10-12,1765,1765,1450,1485,2051835,-0.12389380530973448
2022-10-13,1500,1550,1310,1430,1118778,-0.03703703703703709
2022-10-14,1420,1520,1390,1480,497264,0.034965034965035
2022-10-17,1435,1460,1330,1335,426368,-0.09797297297297303
2022-10-18,1335,1495,1335,1395,703880,0.04494382022471921
2022-10-19,1395,1550,1355,1405,1347192,0.007168458781362075
2022-10-20,1400,1490,1325,1355,402794,-0.03558718861209964
2022-10-21,1350,1350,1275,1290,200374,-0.047970479704797064
2022-10-24,1285,1330,1245,1290,182490,0.0
2022-10-25,1280,1355,1240,1335,193384,0.03488372093023262
2022-10-26,1325,1370,1295,1305,121013,-0.022471910112359605
2022-10-27,1295,1340,1280,1305,177919,0.0
2022-10-28,1290,1320,1260,1295,134387,-0.007662835249042099
2022-10-31,1295,1380,1295,1365,345578,0.054054054054053946
2022-11-01,1365,1430,1305,1320,402345,-0.03296703296703296
2022-11-02,1315,1315,1180,1195,639851,-0.09469696969696972
2022-11-03,1195,1255,1170,1225,137440,0.025104602510460206
2022-11-04,1235,1245,1200,1220,88094,-0.004081632653061273
2022-11-07,1225,1230,1160,1205,174815,-0.012295081967213073
2022-11-08,1205,1220,1160,1185,243113,-0.016597510373444035
2022-11-09,1200,1210,1170,1175,140624,-0.008438818565400852
2022-11-10,1170,1200,1140,1160,331223,-0.012765957446808529
2022-11-11,1185,1205,1140,1150,257030,-0.008620689655172376
2022-11-14,1155,1220,1135,1155,533637,0.004347826086956497
2022-11-15,1160,1170,1140,1160,125538,0.0043290043290042934
2022-11-16,1160,1170,1140,1155,137527,-0.004310344827586188
2022-11-17,1155,1155,1030,1090,785933,-0.05627705627705626
2022-11-18,1090,1120,1035,1075,114864,-0.013761467889908285
2022-11-21,1075,1115,1035,1075,186975,0.0
2022-11-22,1080,1110,1045,1065,88138,-0.009302325581395321
2022-11-23,1065,1080,1040,1070,77712,0.0046948356807512415
2022-11-24,1115,1115,1065,1070,56468,0.0
2022-11-25,1060,1120,1055,1115,234508,0.0420560747663552
2022-11-28,1185,1245,1105,1105,786554,-0.008968609865470878
2022-11-29,1100,1125,1075,1115,104288,0.009049773755656076
2022-11-30,1095,1115,1070,1075,142567,-0.0358744394618834
2022-12-01,1100,1330,1090,1215,3955868,0.13023255813953494
2022-12-02,1215,1215,1150,1160,381875,-0.04526748971193417
2022-12-05,1160,1170,1090,1110,384734,-0.0431034482758621
2022-12-06,1100,1150,1075,1135,171391,0.022522522522522515
2022-12-07,1115,1145,1100,1140,116929,0.004405286343612369
2022-12-08,1120,1130,1075,1090,204741,-0.04385964912280704
2022-12-09,1090,1105,1065,1085,93434,-0.004587155963302725
2022-12-12,1080,1085,1045,1065,182695,-0.018433179723502335
2022-12-13,1085,1085,1055,1060,85350,-0.0046948356807511304
2022-12-14,1075,1075,1055,1070,69314,0.009433962264151052
2022-12-15,1065,1085,1055,1075,58709,0.004672897196261738
2022-12-16,1060,1085,1040,1075,41878,0.0
2022-12-19,1065,1090,1065,1080,52843,0.0046511627906977715
2022-12-20,1070,1170,1070,1145,730589,0.06018518518518512
2022-12-21,1145,1150,1095,1125,170869,-0.017467248908296984
2022-12-22,1170,1175,1060,1080,450109,-0.040000000000000036
2022-12-23,1075,1100,1055,1060,92908,-0.01851851851851849
2022-12-26,1075,1095,1055,1060,75725,0.0
2022-12-27,1055,1070,1035,1060,142951,0.0
2022-12-28,1060,1150,1060,1110,389916,0.04716981132075482
2022-12-29,1120,1150,1085,1130,293171,0.018018018018018056
2023-01-02,1125,1190,1115,1135,245247,0.004424778761061843
2023-01-03,1135,1145,1090,1100,108484,-0.03083700440528636
2023-01-04,1100,1120,1080,1115,79172,0.013636363636363669
2023-01-05,1115,1150,1115,1125,154354,0.008968609865470878
2023-01-06,1125,1340,1125,1240,2797855,0.10222222222222221
2023-01-09,1225,1330,1225,1270,1161251,0.024193548387096753
2023-01-10,1270,1350,1235,1310,616906,0.03149606299212593
2023-01-11,1320,1350,1245,1285,310777,-0.01908396946564883
2023-01-12,1310,1310,1230,1230,295391,-0.04280155642023342
2023-01-13,1245,1250,1220,1235,70989,0.004065040650406582
2023-01-16,1240,1245,1170,1175,355827,-0.04858299595141702
2023-01-17,1200,1200,1150,1190,86416,0.012765957446808418
2023-01-18,1195,1195,1160,1160,92336,-0.025210084033613467
2023-01-19,1155,1215,1140,1190,116613,0.02586206896551735
2023-01-20,1190,1195,1160,1180,72549,-0.008403361344537785
2023-01-25,1190,1190,1159,1175,64335,-0.004237288135593209
2023-01-26,1163,1186,1156,1163,68672,-0.010212765957446801
2023-01-27,1176,1176,1140,1154,150348,-0.007738607050730817
2023-01-30,1154,1164,1150,1151,76054,-0.0025996533795493715
2023-01-31,1136,1155,1126,1140,94699,-0.009556907037358786
2023-02-01,1140,1187,1112,1162,175609,0.019298245614035148
2023-02-02,1185,1185,1144,1175,52854,0.01118760757314985
2023-02-03,1169,1199,1169,1181,58513,0.005106382978723456
2023-02-06,1181,1185,1145,1183,63768,0.0016934801016088574
2023-02-07,1183,1183,1148,1160,64581,-0.019442096365173245
2023-02-08,1160,1174,1151,1159,76849,-0.0008620689655172153
2023-02-09,1172,1172,1150,1158,27118,-0.0008628127696289623
2023-02-10,1189,1189,1141,1149,41584,-0.007772020725388629
2023-02-13,1149,1159,1136,1151,58590,0.0017406440382941035
2023-02-14,1148,1175,1140,1155,61534,0.0034752389226759828
2023-02-15,1187,1187,1139,1148,56048,-0.0060606060606061
2023-02-16,1140,1149,1138,1148,43372,0.0
2023-02-17,1148,1177,1122,1127,60336,-0.018292682926829285
2023-02-20,1117,1130,1080,1080,158256,-0.041703637976929886
2023-02-21,1080,1080,1048,1051,83620,-0.026851851851851904
2023-02-22,1050,1077,1030,1041,62875,-0.009514747859181716
2023-02-23,1041,1150,1030,1150,68240,0.1047070124879923
2023-02-24,1116,1116,1046,1057,93704,-0.0808695652173913
2023-02-27,1036,1040,1014,1018,64620,-0.036896877956480556
2023-02-28,1018,1020,987,1014,136322,-0.003929273084479323
2023-03-02,1014,1090,1000,1090,97485,0.07495069033530566
2023-03-03,1069,1069,1015,1044,67233,-0.04220183486238527
2023-03-06,1070,1078,1051,1062,78077,0.01724137931034475
2023-03-07,1070,1074,1054,1063,27148,0.0009416195856872811
2023-03-08,1097,1097,1002,1036,60954,-0.02539981185324558
2023-03-09,1035,1035,1004,1005,57966,-0.02992277992277992
2023-03-10,1006,1055,995,1022,174196,0.01691542288557213
2023-03-13,1022,1045,998,1024,35796,0.001956947162426559
2023-03-14,1018,1039,1000,1009,97138,-0.0146484375
2023-03-15,999,1035,999,1010,36864,0.0009910802775023875
2023-03-16,1010,1020,980,1016,67274,0.005940594059405946
2023-03-17,980,1025,977,1010,126182,-0.0059055118110236116
2023-03-20,1010,1019,995,1014,41824,0.003960396039603964
2023-03-21,1014,1030,979,1010,69412,-0.0039447731755424265
2023-03-22,1010,1014,993,998,19699,-0.011881188118811892
2023-03-23,993,1037,966,1023,195902,0.025050100200400882
2023-03-24,1034,1034,1008,1022,57308,-0.0009775171065493637
2023-03-27,1064,1064,1000,1016,101491,-0.005870841487279899
2023-03-28,1020,1023,1000,1016,58450,0.0
2023-03-29,1010,1016,1001,1014,44673,-0.0019685039370078705
2023-03-30,1010,1050,1006,1039,70116,0.024654832347140054
2023-03-31,1060,1060,1015,1020,49729,-0.018286814244465877
2023-04-03,1030,1030,1000,1015,125329,-0.004901960784313708
2023-04-04,1015,1019,1005,1016,42702,0.0009852216748769127
2023-04-05,1009,1024,1000,1016,53686,0.0
2023-04-06,1017,1027,1003,1013,33380,-0.0029527559055118058
2023-04-07,1027,1027,1013,1018,33197,0.0049358341559724295
2023-04-10,1006,1017,990,995,131596,-0.02259332023575633
2023-04-11,995,999,979,982,184673,-0.013065326633165841
2023-04-12,982,993,964,969,178047,-0.013238289205702691
2023-04-13,969,989,939,969,627863,0.0
2023-04-14,966,966,918,928,1443876,-0.042311661506707954
2023-04-17,945,945,912,919,189385,-0.00969827586206895
2023-04-18,925,925,904,918,143664,-0.0010881392818280489
2023-04-19,918,927,910,912,113927,-0.006535947712418277
2023-04-20,923,923,890,892,144121,-0.021929824561403466
2023-04-21,884,910,877,898,206122,0.006726457399103047
2023-04-24,898,898,825,825,386115,-0.08129175946547884
2023-04-25,827,852,806,823,128099,-0.00242424242424244
2023-04-26,823,840,806,837,38156,0.017010935601458055
2023-04-27,830,831,798,817,38440,-0.02389486260453999
2023-04-28,817,827,812,822,39163,0.006119951040391758
2023-05-02,822,849,806,834,56172,0.014598540145985384
2023-05-03,834,893,834,892,165759,0.0695443645083933
2023-05-04,878,892,805,847,90180,-0.05044843049327352
2023-05-08,859,888,826,826,24633,-0.024793388429752095
2023-05-09,826,826,795,826,63392,0.0
2023-05-10,815,831,800,813,41052,-0.0157384987893463
2023-05-11,813,835,813,826,52213,0.01599015990159902
2023-05-12,828,845,825,839,31648,0.0157384987893463
2023-05-15,842,856,830,835,40505,-0.004767580452920139
2023-05-16,835,837,830,832,24599,-0.003592814371257469
2023-05-17,832,881,830,879,142721,0.05649038461538458
2023-05-18,888,953,879,925,260501,0.05233219567690561
2023-05-19,925,938,911,926,87933,0.00108108108108107
2023-05-22,926,950,925,943,90881,0.018358531317494542
2023-05-23,943,992,943,969,202642,0.0275715800636267
2023-05-24,963,994,962,994,107574,0.02579979360165119
2023-05-25,994,1025,962,982,197001,-0.012072434607645843
2023-05-26,962,982,945,947,83601,-0.035641547861507084
2023-05-30,947,1146,947,1017,1589027,0.07391763463569156
2023-05-31,1020,1322,1017,1322,12327263,0.29990167158308756
2023-06-01,1430,1594,1244,1274,15338751,-0.036308623298033305
2023-06-02,1261,1274,1210,1210,1311780,-0.050235478806907374
2023-06-05,1216,1450,1216,1343,5974244,0.10991735537190084
2023-06-07,1343,1348,1307,1322,545542,-0.015636634400595706
2023-06-08,1305,1320,1211,1283,525537,-0.029500756429651998
2023-06-09,1264,1446,1260,1331,2856970,0.0374123148869836
2023-06-12,1332,1385,1312,1327,421580,-0.003005259203606281
2023-06-13,1327,1374,1317,1350,328447,0.017332328560663246
2023-06-14,1347,1407,1274,1306,373836,-0.03259259259259262
2023-06-15,1306,1321,1267,1270,205932,-0.027565084226646275
2023-06-16,1271,1355,1271,1320,321181,0.03937007874015741
2023-06-19,1373,1373,1291,1339,262004,0.014393939393939403
2023-06-20,1373,1373,1300,1308,186501,-0.023151605675877485
2023-06-21,1309,1523,1276,1352,2208380,0.033639143730886945
2023-06-22,1400,1410,1290,1322,425728,-0.022189349112425982
2023-06-23,1337,1357,1304,1342,219898,0.015128593040847127
2023-06-26,1342,1500,1330,1499,2897170,0.11698956780923986
2023-06-27,1943,1948,1394,1620,16120282,0.0807204803202135
2023-06-28,1654,2105,1627,2045,18546841,0.26234567901234573
2023-06-29,1974,2300,1938,2220,5232134,0.08557457212713926
2023-06-30,2230,2885,2115,2885,11254730,0.2995495495495495
2023-07-03,3500,3750,3500,3750,4887336,0.2998266897746966
2023-07-04,3400,4450,3190,4400,15940041,0.17333333333333334
2023-07-05,0,0,0,4400,0,0.0
2023-07-06,4220,4840,3850,4245,7364449,-0.035227272727272774
2023-07-07,4305,4495,3915,3965,2211213,-0.06595995288574796
2023-07-10,3965,3995,3530,3665,2436951,-0.07566204287515765
2023-07-11,3675,4040,3460,3940,3109003,0.07503410641200547
2023-07-12,3940,4120,3750,3995,976907,0.013959390862944066
2023-07-13,4005,4010,3650,3910,1086557,-0.021276595744680882
2023-07-14,3910,4080,3660,4070,1717628,0.04092071611253201
2023-07-17,4070,4220,3750,3855,2045267,-0.05282555282555279
2023-07-18,3850,3870,2700,2700,10541055,-0.2996108949416343
2023-07-19,2445,3510,2445,3435,9620722,0.27222222222222214
2023-07-20,3300,3510,3020,3165,3024790,-0.0786026200873362
2023-07-21,3150,3410,2835,3300,2622069,0.042654028436019065
2023-07-24,3500,4190,3500,3800,4662728,0.1515151515151516
2023-07-25,3810,4000,3555,3675,1187043,-0.03289473684210531
2023-07-26,3670,3760,3365,3540,1064085,-0.03673469387755102
2023-07-27,3515,3590,3260,3400,751559,-0.039548022598870025
2023-07-28,3040,3395,3040,3265,965301,-0.039705882352941146
2023-07-31,3210,3230,2925,3135,836007,-0.039816232771822335
2023-08-01,3060,3655,3040,3260,1072790,0.03987240829346095
2023-08-02,3345,3345,3025,3160,457904,-0.030674846625766916
2023-08-03,3195,3585,3170,3405,809832,0.07753164556962022
2023-08-04,3455,3460,3215,3395,232513,-0.002936857562408246
2023-08-07,3310,3670,3280,3625,514829,0.06774668630338732
2023-08-08,3625,3625,3210,3350,698391,-0.07586206896551728
2023-08-09,3375,3375,3220,3310,211737,-0.011940298507462699
2023-08-10,3295,3370,3100,3130,263798,-0.05438066465256797
2023-08-11,3165,3385,3105,3190,618047,0.019169329073482455
2023-08-14,3170,3230,2855,3190,575254,0.0
2023-08-16,3100,3390,3085,3250,372493,0.018808777429467183
2023-08-17,3370,3390,2995,3200,291447,-0.01538461538461533
2023-08-18,3150,3295,3055,3235,262287,0.010937500000000044
2023-08-21,3170,3405,3170,3260,280542,0.007727975270479082
2023-08-22,3260,3365,3225,3225,202323,-0.010736196319018454
2023-08-23,3225,3335,3200,3250,192355,0.007751937984496138
2023-08-24,3235,3350,3205,3340,137813,0.027692307692307683
2023-08-25,3300,3450,3260,3280,232896,-0.017964071856287456
2023-08-28,3390,3500,3275,3350,372151,0.021341463414634054
2023-08-29,3350,3375,3255,3375,171703,0.00746268656716409
2023-08-30,3435,3530,3270,3370,256308,-0.001481481481481528
2023-08-31,3500,3585,3290,3320,498903,-0.014836795252225476
2023-09-01,3340,3415,3230,3415,159608,0.028614457831325213
2023-09-04,3475,3570,3370,3425,298639,0.002928257686676483
2023-09-05,3425,3615,3405,3455,279011,0.008759124087591275
2023-09-06,3655,3665,3410,3635,982537,0.05209840810419686
2023-09-07,3680,3680,3320,3350,667136,-0.07840440165061902
2023-09-08,3350,3380,2505,2975,1383546,-0.11194029850746268
2023-09-11,2975,3250,2915,3200,359049,0.07563025210084029
2023-09-12,3355,3355,3130,3185,286683,-0.004687499999999956
2023-09-13,3165,3360,3050,3165,298145,-0.006279434850863463
2023-09-14,3165,3165,2945,3000,337896,-0.05213270142180093
2023-09-15,3000,3150,2955,3065,274012,0.021666666666666723
2023-09-18,3050,3230,2980,2990,253747,-0.024469820554649302
2023-09-19,3000,3050,2865,2995,383210,0.0016722408026756952
2023-09-20,2995,3300,2885,3205,695261,0.07011686143572615
2023-09-21,3235,3390,2915,3040,890053,-0.05148205928237126
2023-09-22,2990,3220,2985,3095,417823,0.018092105263157965
2023-09-25,3095,3130,2865,3010,562131,-0.02746365105008075
2023-09-26,3010,3085,2835,2920,321083,-0.029900332225913595
2023-09-27,2940,3020,2865,3010,177347,0.03082191780821919
2023-10-04,3020,3140,2985,3040,386068,0.009966777408637828
2023-10-05,3040,3140,3015,3100,318860,0.019736842105263053
2023-10-06,3165,3380,3080,3225,750338,0.040322580645161255
2023-10-10,3250,3490,3230,3445,668057,0.06821705426356584
2023-10-11,3445,3575,3350,3540,583511,0.027576197387518153
2023-10-12,3535,3775,3535,3775,661830,0.06638418079096042
2023-10-13,3845,4010,3740,3940,720554,0.04370860927152309
2023-10-16,3905,4095,3700,3900,797054,-0.010152284263959421
2023-10-17,3910,4220,3910,4135,1017245,0.060256410256410264
2023-10-18,4130,4150,3410,3635,1135575,-0.12091898428053205
2023-10-19,3635,3635,3345,3550,483399,-0.023383768913342484
2023-10-20,3410,3730,3360,3600,479870,0.014084507042253502
2023-10-23,3600,3725,3535,3660,201808,0.016666666666666607
2023-10-24,3660,3880,3345,3605,647718,-0.015027322404371546
2023-10-25,3605,3670,3030,3225,1147261,-0.10540915395284323
2023-10-26,3225,3540,3090,3320,402637,0.029457364341085368
2023-10-27,3380,3380,3100,3150,288662,-0.051204819277108404
2023-10-30,3150,3280,2205,2205,1680022,-0.30000000000000004
2023-10-31,2215,2795,2215,2505,3233535,0.1360544217687074
2023-11-01,2510,2655,1755,1901,5335102,-0.24111776447105793
2023-11-02,2075,2470,2060,2220,4621759,0.1678064176749079
2023-11-03,2250,2255,1970,2180,1110184,-0.018018018018018056
2023-11-06,2075,2375,1995,2175,1083794,-0.002293577981651418
2023-11-07,2300,2520,1921,2095,2092907,-0.0367816091954023
2023-11-08,2120,2680,2035,2440,3204102,0.1646778042959427
2023-11-09,2380,2540,2005,2195,1850387,-0.10040983606557374
2023-11-10,2185,2230,2050,2185,530338,-0.004555808656036442
2023-11-13,2185,2365,2140,2350,734724,0.07551487414187652
2023-11-14,2430,2460,2250,2300,484790,-0.021276595744680882
2023-11-15,2305,2405,2230,2320,356916,0.008695652173912993
2023-11-16,2290,2340,2125,2260,802154,-0.025862068965517238
2023-11-17,2190,2260,2170,2180,356022,-0.03539823008849563
2023-11-20,2080,2155,1985,2050,965643,-0.059633027522935755
2023-11-21,2075,2130,1980,2075,523308,0.012195121951219523
2023-11-22,2100,2305,2050,2200,1085605,0.06024096385542177
2023-11-23,2165,2290,2110,2200,730034,0.0
2023-11-24,2240,2825,2215,2690,5156359,0.22272727272727266
2023-11-27,2700,3000,2650,2835,1696440,0.05390334572490696
2023-11-28,2975,2995,2775,2815,452053,-0.007054673721340388
2023-11-29,2835,2915,2750,2910,379398,0.03374777975133214
2023-11-30,2870,2910,2665,2800,637484,-0.037800687285223344
2023-12-01,2825,3185,2700,3130,1168823,0.11785714285714288
2023-12-04,3190,3570,2585,2765,4295811,-0.11661341853035145
2023-12-05,3020,3250,2830,2995,1812296,0.08318264014466537
2023-12-06,3000,3000,2740,2855,742066,-0.046744574290484175
2023-12-07,0,0,0,2855,0,0.0
2023-12-08,0,0,0,2855,0,0.0
2023-12-11,0,0,0,2855,0,0.0
2023-12-12,0,0,0,2855,0,0.0
2023-12-13,0,0,0,2855,0,0.0
2023-12-14,0,0,0,2855,0,0.0
2023-12-15,0,0,0,2855,0,0.0
2023-12-18,0,0,0,2855,0,0.0
2023-12-19,0,0,0,2855,0,0.0
2023-12-20,0,0,0,2855,0,0.0
2023-12-21,0,0,0,2855,0,0.0
2023-12-22,0,0,0,2855,0,0.0
2023-12-26,0,0,0,2855,0,0.0
2023-12-27,0,0,0,2855,0,0.0
2023-12-28,0,0,0,2855,0,0.0
2024-01-02,0,0,0,2855,0,0.0
2024-01-03,0,0,0,2855,0,0.0
2024-01-04,0,0,0,2855,0,0.0
2024-01-05,0,0,0,2855,0,0.0
2024-01-08,0,0,0,2855,0,0.0
2024-01-09,0,0,0,2855,0,0.0
2024-01-10,0,0,0,2855,0,0.0
2024-01-11,0,0,0,2855,0,0.0
2024-01-12,0,0,0,2855,0,0.0
2024-01-15,0,0,0,2855,0,0.0
2024-01-16,0,0,0,2855,0,0.0
2024-01-17,0,0,0,2855,0,0.0
2024-01-18,0,0,0,2855,0,0.0
2024-01-19,0,0,0,2855,0,0.0
2024-01-22,0,0,0,2855,0,0.0
2024-01-23,0,0,0,2855,0,0.0
2024-01-24,0,0,0,2855,0,0.0
2024-01-25,0,0,0,2855,0,0.0
2024-01-26,0,0,0,2855,0,0.0
2024-01-29,0,0,0,2855,0,0.0
2024-01-30,0,0,0,2855,0,0.0
2024-01-31,0,0,0,2855,0,0.0
2024-02-01,0,0,0,2855,0,0.0
2024-02-02,0,0,0,2855,0,0.0
2024-02-05,0,0,0,2855,0,0.0
2024-02-06,0,0,0,2855,0,0.0
2024-02-07,0,0,0,2855,0,0.0
2024-02-08,0,0,0,2855,0,0.0
2024-02-13,0,0,0,2855,0,0.0
2024-02-14,0,0,0,2855,0,0.0
2024-02-15,0,0,0,2855,0,0.0
2024-02-16,0,0,0,2855,0,0.0
2024-02-19,0,0,0,2855,0,0.0
2024-02-20,0,0,0,2855,0,0.0
2024-02-21,0,0,0,2855,0,0.0
2024-02-22,0,0,0,2855,0,0.0
2024-02-23,0,0,0,2855,0,0.0
2024-02-26,0,0,0,2855,0,0.0
2024-02-27,0,0,0,2855,0,0.0
2024-02-28,0,0,0,2855,0,0.0
2024-02-29,0,0,0,2855,0,0.0
2024-03-04,0,0,0,2855,0,0.0
2024-03-05,0,0,0,2855,0,0.0
2024-03-06,0,0,0,2855,0,0.0
2024-03-07,0,0,0,2855,0,0.0
2024-03-08,0,0,0,2855,0,0.0
2024-03-11,0,0,0,2855,0,0.0
2024-03-12,0,0,0,2855,0,0.0
2024-03-13,0,0,0,2855,0,0.0
2024-03-14,0,0,0,2855,0,0.0
2024-03-15,0,0,0,2855,0,0.0
2024-03-18,0,0,0,2855,0,0.0
2024-03-19,0,0,0,2855,0,0.0
2024-03-20,0,0,0,2855,0,0.0
2024-03-21,0,0,0,2855,0,0.0
2024-03-22,0,0,0,2855,0,0.0
2024-03-25,0,0,0,2855,0,0.0
2024-03-26,0,0,0,2855,0,0.0
2024-03-27,0,0,0,2855,0,0.0
2024-03-28,0,0,0,2855,0,0.0
2024-03-29,0,0,0,2855,0,0.0
2024-04-01,0,0,0,2855,0,0.0
2024-04-02,0,0,0,2855,0,0.0
2024-04-03,0,0,0,2855,0,0.0
2024-04-04,0,0,0,2855,0,0.0
2024-04-05,0,0,0,2855,0,0.0
2024-04-08,0,0,0,2855,0,0.0
2024-04-09,0,0,0,2855,0,0.0
2024-04-11,0,0,0,2855,0,0.0
2024-04-12,0,0,0,2855,0,0.0
2024-04-15,0,0,0,2855,0,0.0
2024-04-16,0,0,0,2855,0,0.0
2024-04-17,0,0,0,2855,0,0.0
2024-04-18,0,0,0,2855,0,0.0
2024-04-19,0,0,0,2855,0,0.0
2024-04-22,0,0,0,2855,0,0.0
2024-04-23,0,0,0,2855,0,0.0
2024-04-24,0,0,0,2855,0,0.0
2024-04-25,0,0,0,2855,0,0.0
2024-04-26,0,0,0,2855,0,0.0
2024-04-29,0,0,0,2855,0,0.0
2024-04-30,0,0,0,2855,0,0.0
2024-05-02,0,0,0,2855,0,0.0
2024-05-03,0,0,0,2855,0,0.0
2024-05-07,0,0,0,2855,0,0.0
2024-05-08,0,0,0,2855,0,0.0
2024-05-09,0,0,0,2855,0,0.0
2024-05-10,0,0,0,2855,0,0.0
2024-05-13,0,0,0,2855,0,0.0
2024-05-14,0,0,0,2855,0,0.0
2024-05-16,0,0,0,2855,0,0.0
2024-05-17,0,0,0,2855,0,0.0
2024-05-20,0,0,0,2855,0,0.0
2024-05-21,0,0,0,2855,0,0.0
2024-05-22,0,0,0,2855,0,0.0
2024-05-23,0,0,0,2855,0,0.0
2024-05-24,0,0,0,2855,0,0.0
2024-05-27,0,0,0,2855,0,0.0
2024-05-28,0,0,0,2855,0,0.0
2024-05-29,0,0,0,2855,0,0.0
2024-05-30,0,0,0,2855,0,0.0
2024-05-31,0,0,0,2855,0,0.0
2024-06-03,0,0,0,2855,0,0.0
2024-06-04,0,0,0,2855,0,0.0
2024-06-05,0,0,0,2855,0,0.0
2024-06-07,0,0,0,2855,0,0.0
2024-06-10,0,0,0,2855,0,0.0
2024-06-11,0,0,0,2855,0,0.0
2024-06-12,0,0,0,2855,0,0.0
2024-06-13,0,0,0,2855,0,0.0
2024-06-14,0,0,0,2855,0,0.0
2024-06-17,0,0,0,2855,0,0.0
2024-06-18,0,0,0,2855,0,0.0
2024-06-19,0,0,0,2855,0,0.0
2024-06-20,0,0,0,2855,0,0.0
2024-06-21,0,0,0,2855,0,0.0
2024-06-24,0,0,0,2855,0,0.0
2024-06-25,0,0,0,2855,0,0.0
2024-06-26,0,0,0,2855,0,0.0
2024-06-27,0,0,0,2855,0,0.0
2024-06-28,0,0,0,2855,0,0.0
2024-07-01,0,0,0,2855,0,0.0
2024-07-02,0,0,0,2855,0,0.0
2024-07-03,0,0,0,2855,0,0.0
2024-07-04,0,0,0,2855,0,0.0
2024-07-05,0,0,0,2855,0,0.0
2024-07-08,0,0,0,2855,0,0.0
2024-07-09,0,0,0,2855,0,0.0
2024-07-10,0,0,0,2855,0,0.0
2024-07-11,0,0,0,2855,0,0.0
2024-07-12,0,0,0,2855,0,0.0
2024-07-15,0,0,0,2855,0,0.0
2024-07-16,0,0,0,2855,0,0.0
2024-07-17,0,0,0,2855,0,0.0
2024-07-18,0,0,0,2855,0,0.0
2024-07-19,0,0,0,2855,0,0.0
2024-07-22,0,0,0,2855,0,0.0
2024-07-23,0,0,0,2855,0,0.0
2024-07-24,0,0,0,2855,0,0.0
2024-07-25,0,0,0,2855,0,0.0
2024-07-26,0,0,0,2855,0,0.0
2024-07-29,0,0,0,2855,0,0.0
2024-07-30,0,0,0,2855,0,0.0
2024-07-31,0,0,0,2855,0,0.0
2024-08-01,0,0,0,2855,0,0.0
2024-08-02,0,0,0,2855,0,0.0
2024-08-05,0,0,0,2855,0,0.0
2024-08-06,0,0,0,2855,0,0.0
2024-08-07,0,0,0,2855,0,0.0
2024-08-08,0,0,0,2855,0,0.0
2024-08-09,0,0,0,2855,0,0.0
2024-08-12,0,0,0,2855,0,0.0
2024-08-13,0,0,0,2855,0,0.0
2024-08-14,0,0,0,2855,0,0.0
2024-08-16,0,0,0,2855,0,0.0
2024-08-19,0,0,0,2855,0,0.0
2024-08-20,0,0,0,2855,0,0.0
2024-08-21,0,0,0,2855,0,0.0
2024-08-22,0,0,0,2855,0,0.0
2024-08-23,0,0,0,2855,0,0.0
2024-08-26,0,0,0,2855,0,0.0
2024-08-27,0,0,0,2855,0,0.0
2024-08-28,0,0,0,2855,0,0.0
2024-08-29,0,0,0,2855,0,0.0
2024-08-30,0,0,0,2855,0,0.0
2024-09-02,0,0,0,2855,0,0.0
2024-09-03,0,0,0,2855,0,0.0
2024-09-04,0,0,0,2855,0,0.0
2024-09-05,0,0,0,2855,0,0.0
2024-09-06,0,0,0,2855,0,0.0
2024-09-09,0,0,0,2855,0,0.0
2024-09-10,0,0,0,2855,0,0.0
2024-09-11,0,0,0,2855,0,0.0
2024-09-12,0,0,0,2855,0,0.0
2024-09-13,0,0,0,2855,0,0.0
2024-09-19,0,0,0,2855,0,0.0
2024-09-20,0,0,0,2855,0,0.0
2024-09-23,0,0,0,2855,0,0.0
2024-09-24,0,0,0,2855,0,0.0
2024-09-25,0,0,0,2855,0,0.0
2024-09-26,0,0,0,2855,0,0.0
2024-09-27,0,0,0,2855,0,0.0
2024-09-30,0,0,0,2855,0,0.0
2024-10-02,0,0,0,2855,0,0.0
2024-10-04,0,0,0,2855,0,0.0
2024-10-07,0,0,0,2855,0,0.0
2024-10-08,0,0,0,2855,0,0.0
2024-10-10,0,0,0,2855,0,0.0
2024-10-11,0,0,0,2855,0,0.0
2024-10-14,0,0,0,2855,0,0.0
2024-10-15,0,0,0,2855,0,0.0
2024-10-16,0,0,0,2855,0,0.0
2024-10-17,0,0,0,2855,0,0.0
2024-10-18,0,0,0,2855,0,0.0
2024-10-21,0,0,0,2855,0,0.0
2024-10-22,0,0,0,2855,0,0.0
2024-10-23,0,0,0,2855,0,0.0
2024-10-24,0,0,0,2855,0,0.0
2024-10-25,0,0,0,2855,0,0.0
2024-10-28,0,0,0,2855,0,0.0
2024-10-29,0,0,0,2855,0,0.0
2024-10-30,0,0,0,2855,0,0.0
2024-10-31,0,0,0,2855,0,0.0
2024-11-01,0,0,0,2855,0,0.0
2024-11-04,0,0,0,2855,0,0.0
2024-11-05,0,0,0,2855,0,0.0
2024-11-06,0,0,0,2855,0,0.0
2024-11-07,0,0,0,2855,0,0.0
2024-11-08,0,0,0,2855,0,0.0
2024-11-11,0,0,0,2855,0,0.0
2024-11-12,0,0,0,2855,0,0.0
2024-11-13,0,0,0,2855,0,0.0
2024-11-14,0,0,0,2855,0,0.0
2024-11-15,0,0,0,2855,0,0.0
2024-11-18,0,0,0,2855,0,0.0
2024-11-19,0,0,0,2855,0,0.0
2024-11-20,0,0,0,2855,0,0.0
2024-11-21,0,0,0,2855,0,0.0
2024-11-22,0,0,0,2855,0,0.0
2024-11-25,0,0,0,2855,0,0.0
2024-11-26,0,0,0,2855,0,0.0
2024-11-27,0,0,0,2855,0,0.0
2024-11-28,0,0,0,2855,0,0.0
2024-11-29,0,0,0,2855,0,0.0
2024-12-02,0,0,0,2855,0,0.0
2024-12-03,0,0,0,2855,0,0.0
2024-12-04,0,0,0,2855,0,0.0
2024-12-05,0,0,0,2855,0,0.0
