Date,Open,High,Low,Close,Volume,Change
2022-01-03,8490,8540,8340,8460,302527,0.013173652694610682
2022-01-04,8700,8970,8500,8710,1214799,0.029550827423167947
2022-01-05,8800,8820,8360,8440,370251,-0.030998851894374235
2022-01-06,8290,8410,8060,8070,252889,-0.04383886255924174
2022-01-07,8170,8250,8070,8190,293239,0.014869888475836479
2022-01-10,9700,9720,8540,8950,5395507,0.09279609279609269
2022-01-11,8790,8950,8340,8430,897663,-0.05810055865921793
2022-01-12,8370,8540,8210,8440,481602,0.0011862396204034287
2022-01-13,8540,8570,8170,8250,480331,-0.02251184834123221
2022-01-14,9400,10700,9100,10700,14148892,0.2969696969696969
2022-01-17,10250,12800,9900,11650,18295718,0.08878504672897192
2022-01-18,11450,12450,11200,11550,5906796,-0.008583690987124415
2022-01-19,11150,12450,11100,12050,4172137,0.04329004329004338
2022-01-20,12150,12300,11500,11550,1755205,-0.04149377593360992
2022-01-21,11300,11750,10000,10400,3487021,-0.09956709956709953
2022-01-24,10200,10550,9860,10400,2155941,0.0
2022-01-25,10250,10300,9670,10100,1580212,-0.028846153846153855
2022-01-26,10300,10600,9920,10200,1921453,0.00990099009900991
2022-01-27,10550,13250,10350,13250,7749113,0.2990196078431373
2022-01-28,14000,14300,12900,13600,10551115,0.026415094339622636
2022-02-03,13350,13400,11800,12150,5421188,-0.10661764705882348
2022-02-04,11700,12450,11250,12450,4199683,0.024691358024691468
2022-02-07,12150,16150,11850,15250,11494861,0.2248995983935742
2022-02-08,14500,15200,12450,13450,8590725,-0.11803278688524588
2022-02-09,13050,14900,12800,14000,6741269,0.040892193308550207
2022-02-10,14200,14550,13250,13450,2379219,-0.03928571428571426
2022-02-11,13000,14500,12850,13400,3168871,-0.0037174721189591198
2022-02-14,12950,13200,11750,12000,1919388,-0.10447761194029848
2022-02-15,11550,11750,10550,11300,2517043,-0.05833333333333335
2022-02-16,11750,12150,11300,11650,1712840,0.030973451327433565
2022-02-17,11650,11850,10750,11100,1927111,-0.047210300429184504
2022-02-18,10850,11500,10700,11400,1303946,0.027027027027026973
2022-02-21,10500,10700,9960,10200,1930332,-0.10526315789473684
2022-02-22,9790,10150,9400,9450,1854657,-0.07352941176470584
2022-02-23,9720,9930,9400,9400,1244862,-0.005291005291005346
2022-02-24,9210,9550,8650,8730,2014032,-0.07127659574468082
2022-02-25,8970,9050,8500,8890,1037177,0.01832760595647187
2022-02-28,8760,9470,8760,9250,1051346,0.040494938132733305
2022-03-02,9050,9350,9000,9220,517835,-0.00324324324324321
2022-03-03,8940,9000,8270,8370,2725177,-0.09219088937093278
2022-03-04,8500,8740,8320,8390,1326670,0.002389486260454099
2022-03-07,8320,8350,8040,8170,679499,-0.026221692491060766
2022-03-08,8150,8440,8000,8200,838281,0.003671970624234966
2022-03-10,8250,8410,8060,8400,535178,0.024390243902439046
2022-03-11,8400,8560,8170,8260,516965,-0.01666666666666672
2022-03-14,8210,8550,8190,8270,587644,0.001210653753026536
2022-03-15,8250,8460,8110,8330,490637,0.007255139056831839
2022-03-16,8360,9530,8330,8920,3411854,0.07082833133253308
2022-03-17,8800,9210,8760,8990,911455,0.007847533632286963
2022-03-18,9020,9350,8830,9150,870276,0.017797552836484876
2022-03-21,8810,9010,8670,8990,690585,-0.01748633879781425
2022-03-22,8920,9430,8920,9260,757851,0.030033370411568505
2022-03-23,9730,10100,8820,9000,3262651,-0.02807775377969768
2022-03-24,8930,8930,8720,8750,618211,-0.02777777777777779
2022-03-25,8850,8910,8720,8880,478775,0.014857142857142902
2022-03-28,8820,8930,8730,8910,333169,0.0033783783783782884
2022-03-29,8910,9020,8810,8840,512953,-0.007856341189674487
2022-03-30,9030,9120,8720,8720,666521,-0.013574660633484115
2022-03-31,8640,9090,8610,8860,779495,0.016055045871559592
2022-04-01,8780,8840,8710,8750,291573,-0.01241534988713322
2022-04-04,8790,8920,8660,8870,440036,0.01371428571428579
2022-04-05,8950,9140,8830,9010,505607,0.015783540022547893
2022-04-06,8960,9070,8840,8970,395454,-0.004439511653718142
2022-04-07,8990,9210,8710,8810,560151,-0.017837235228539527
2022-04-08,8810,9300,8640,9030,1046248,0.02497162315550505
2022-04-11,9120,9120,8700,8750,445608,-0.03100775193798455
2022-04-12,8760,8940,8650,8880,417762,0.014857142857142902
2022-04-13,8780,9000,8770,8810,253038,-0.007882882882882858
2022-04-14,8800,8900,8550,8640,433093,-0.0192962542565267
2022-04-15,8540,8600,8400,8470,402791,-0.01967592592592593
2022-04-18,8500,8860,8440,8490,450321,0.0023612750885477762
2022-04-19,8480,8590,8380,8420,287118,-0.00824499411071844
2022-04-20,8430,8740,8350,8530,439864,0.013064133016627011
2022-04-21,8500,8670,8480,8520,242263,-0.0011723329425556983
2022-04-22,8460,8460,8210,8310,340464,-0.02464788732394363
2022-04-25,8100,8100,7640,7650,594324,-0.07942238267148016
2022-04-26,7640,7780,7510,7680,292390,0.0039215686274509665
2022-04-27,7420,7540,7220,7350,407446,-0.04296875
2022-04-28,7360,7380,6810,6890,697782,-0.06258503401360549
2022-04-29,7000,7060,6860,6910,269089,0.002902757619738683
2022-05-02,6850,6970,6680,6890,236765,-0.0028943560057886897
2022-05-03,6990,6990,6520,6740,256499,-0.021770682148040676
2022-05-04,6800,6820,6530,6590,480482,-0.022255192878338326
2022-05-06,6420,6550,6040,6190,745868,-0.060698027314112335
2022-05-09,6190,6230,5980,6030,441073,-0.02584814216478193
2022-05-10,5860,6240,5410,6140,755311,0.018242122719734688
2022-05-11,6140,6240,5840,5900,260807,-0.039087947882736174
2022-05-12,5720,5980,5600,5640,269122,-0.04406779661016946
2022-05-13,5700,6450,5700,6140,1005421,0.08865248226950362
2022-05-16,6130,6320,6020,6250,240480,0.01791530944625408
2022-05-17,6210,6430,6210,6430,245012,0.028799999999999937
2022-05-18,6450,6480,6280,6280,239802,-0.023328149300155476
2022-05-19,6150,6300,6050,6250,181135,-0.004777070063694322
2022-05-20,6330,6460,6210,6300,219802,0.008000000000000007
2022-05-23,6220,6360,6130,6230,153485,-0.011111111111111072
2022-05-24,6320,6490,6060,6110,245683,-0.019261637239165297
2022-05-25,6110,6210,5920,6070,152018,-0.006546644844517169
2022-05-26,6180,6360,6080,6150,249359,0.01317957166392092
2022-05-27,6210,6560,6210,6500,868334,0.05691056910569103
2022-05-30,6870,7400,6520,7250,1305215,0.11538461538461542
2022-05-31,7380,8900,7370,7810,8310117,0.0772413793103448
2022-06-02,7820,8050,7610,7800,1054795,-0.001280409731113985
2022-06-03,7710,7980,7410,7890,869091,0.011538461538461497
2022-06-07,7730,7850,7290,7290,456394,-0.07604562737642584
2022-06-08,7300,7520,7190,7230,326739,-0.008230452674897082
2022-06-09,7120,7170,6730,6970,435226,-0.03596127247579528
2022-06-10,6830,6970,6700,6740,415542,-0.03299856527977041
2022-06-13,6520,6770,6400,6470,418226,-0.0400593471810089
2022-06-14,6220,6840,6180,6740,484253,0.04173106646058722
2022-06-15,6620,6790,6010,6130,418847,-0.09050445103857563
2022-06-16,6320,6740,6000,6020,318994,-0.01794453507340943
2022-06-17,5790,6160,5730,6040,309895,0.0033222591362125353
2022-06-20,6040,6140,5590,5720,384373,-0.052980132450331174
2022-06-21,5700,5900,5600,5780,211706,0.010489510489510412
2022-06-22,5880,6040,5480,5480,291825,-0.05190311418685123
2022-06-23,5600,5600,5190,5230,253000,-0.04562043795620441
2022-06-24,5200,5580,4980,5570,303159,0.0650095602294456
2022-06-27,5620,5990,5590,5810,261031,0.04308797127468589
2022-06-28,5810,6000,5630,5830,147485,0.0034423407917383297
2022-06-29,5710,5980,5590,5830,144685,0.0
2022-06-30,5740,5920,5660,5690,121418,-0.02401372212692965
2022-07-01,5660,5770,5310,5440,211981,-0.04393673110720564
2022-07-04,5570,5580,5220,5350,136618,-0.016544117647058876
2022-07-05,5480,5990,5370,5890,433120,0.10093457943925244
2022-07-06,5860,6200,5780,6000,287569,0.018675721561969505
2022-07-07,6050,6100,5700,6070,204766,0.011666666666666714
2022-07-08,6010,6210,5980,6110,180199,0.006589785831960571
2022-07-11,6110,6500,6110,6500,549252,0.06382978723404253
2022-07-12,6670,8090,6650,7360,8042821,0.13230769230769224
2022-07-13,7510,7560,7010,7010,1534122,-0.04755434782608692
2022-07-14,7120,7980,6700,7950,4094725,0.13409415121255353
2022-07-15,7690,8280,7520,8050,3251068,0.012578616352201255
2022-07-18,8130,8220,7730,8180,1472345,0.016149068322981464
2022-07-19,8220,8280,7820,7860,904901,-0.03911980440097795
2022-07-20,7950,7990,7610,7830,830931,-0.003816793893129722
2022-07-21,7800,7870,7180,7190,1190816,-0.08173690932311617
2022-07-22,7240,7320,6910,6950,680461,-0.033379694019471495
2022-07-25,7050,7110,6880,7070,428384,0.01726618705035965
2022-07-26,7110,7230,7040,7150,336998,0.011315417256011262
2022-07-27,7140,7250,6830,6870,444049,-0.03916083916083912
2022-07-28,7140,7200,6810,6820,358820,-0.00727802037845704
2022-07-29,6750,6820,6560,6670,373437,-0.021994134897360684
2022-08-01,6670,6720,6510,6590,201706,-0.01199400299850073
2022-08-02,6550,6650,6420,6570,247371,-0.003034901365705611
2022-08-03,6550,6720,6510,6550,184242,-0.0030441400304414
2022-08-04,6600,6750,6550,6590,249963,0.006106870229007688
2022-08-05,6550,6780,6550,6710,250750,0.018209408194233667
2022-08-08,6710,6790,6670,6700,132390,-0.0014903129657227732
2022-08-09,6680,6740,6500,6520,237240,-0.0268656716417911
2022-08-10,6430,6500,6110,6130,451046,-0.059815950920245387
2022-08-11,6200,6290,6140,6240,172274,0.01794453507340954
2022-08-12,6240,6250,6120,6180,139554,-0.009615384615384581
2022-08-16,6180,6250,6140,6170,128812,-0.0016181229773463146
2022-08-17,6170,6220,5980,6030,267588,-0.02269043760129663
2022-08-18,5960,6090,5900,6000,167225,-0.00497512437810943
2022-08-19,6000,6100,5910,6050,137201,0.008333333333333304
2022-08-22,5950,6030,5900,5900,138328,-0.024793388429752095
2022-08-23,5850,5890,5680,5680,224368,-0.037288135593220306
2022-08-24,5660,5760,5600,5720,144169,0.007042253521126751
2022-08-25,5740,6100,5710,5960,228874,0.04195804195804187
2022-08-26,6160,6630,5990,6010,510476,0.008389261744966348
2022-08-29,5700,6010,5670,5990,186073,-0.0033277870216306127
2022-08-30,6290,6290,6040,6130,155810,0.023372287145241977
2022-08-31,6020,6110,5940,6050,99609,-0.013050570962479635
2022-09-01,5980,6800,5810,6200,1893650,0.024793388429751984
2022-09-02,6210,6270,6000,6000,266836,-0.032258064516129004
2022-09-05,5950,5990,5770,5800,221359,-0.033333333333333326
2022-09-06,5810,5900,5720,5760,97939,-0.006896551724137945
2022-09-07,5750,5780,5530,5540,157760,-0.03819444444444442
2022-09-08,5740,5740,5580,5640,100819,0.018050541516245522
2022-09-13,5700,5890,5670,5860,125466,0.03900709219858145
2022-09-14,5650,5870,5630,5800,140108,-0.010238907849829393
2022-09-15,5800,5860,5640,5770,141014,-0.005172413793103403
2022-09-16,5680,5880,5660,5750,125843,-0.0034662045060658286
2022-09-19,5750,5770,5510,5540,116303,-0.03652173913043477
2022-09-20,5540,5630,5390,5400,177659,-0.02527075812274371
2022-09-21,5500,5510,5110,5200,220663,-0.03703703703703709
2022-09-22,5100,5600,5020,5210,301817,0.0019230769230769162
2022-09-23,5160,5200,4995,5010,193888,-0.03838771593090207
2022-09-26,4840,5100,4500,4635,207317,-0.07485029940119758
2022-09-27,4605,5230,4545,4955,707232,0.06903991370010787
2022-09-28,4955,5160,4700,4915,302491,-0.008072653884964698
2022-09-29,5010,5140,4820,4820,231668,-0.019328585961342792
2022-09-30,4650,5300,4550,4820,667532,0.0
2022-10-04,4870,4955,4830,4865,142050,0.009336099585062207
2022-10-05,4880,4955,4670,4755,136436,-0.022610483042137752
2022-10-06,4760,5230,4760,4910,486176,0.03259726603575186
2022-10-07,4860,4910,4745,4795,101345,-0.023421588594704668
2022-10-11,4650,4660,4355,4370,269129,-0.0886339937434828
2022-10-12,4375,4435,4240,4300,233953,-0.016018306636155555
2022-10-13,4255,4400,4050,4100,182874,-0.046511627906976716
2022-10-14,4295,4365,4100,4300,187673,0.04878048780487809
2022-10-17,4250,4425,4155,4365,98050,0.015116279069767424
2022-10-18,4430,4600,4430,4550,164296,0.04238258877434142
2022-10-19,4580,4640,4445,4480,127468,-0.01538461538461533
2022-10-20,4405,4530,4270,4290,103065,-0.0424107142857143
2022-10-21,4250,4330,4140,4145,114290,-0.03379953379953382
2022-10-24,4185,4345,4180,4225,126412,0.0193003618817853
2022-10-25,4220,4320,4130,4185,87807,-0.009467455621301801
2022-10-26,4240,4240,3910,4075,189073,-0.02628434886499398
2022-10-27,4085,4185,4020,4160,118460,0.020858895705521574
2022-10-28,4185,4185,3950,3950,280734,-0.050480769230769273
2022-10-31,4050,4090,3975,4025,94116,0.018987341772152
2022-11-01,4025,4100,3910,4040,96106,0.003726708074534235
2022-11-02,4060,4255,4025,4165,135464,0.030940594059405857
2022-11-03,4120,4140,4015,4040,92917,-0.03001200480192079
2022-11-04,4015,4090,3950,4010,96368,-0.007425742574257432
2022-11-07,4000,4250,4000,4095,160560,0.021197007481296826
2022-11-08,4120,4335,4115,4260,201742,0.04029304029304037
2022-11-09,4240,4320,4155,4180,102812,-0.018779342723004744
2022-11-10,4170,4170,4050,4080,109967,-0.02392344497607657
2022-11-11,4165,4245,4135,4185,154757,0.025735294117646967
2022-11-14,4205,4460,4110,4245,241397,0.014336917562723928
2022-11-15,4205,4535,4200,4470,266251,0.053003533568904526
2022-11-16,4515,4650,4270,4280,226058,-0.04250559284116329
2022-11-17,4280,4335,4165,4220,104914,-0.014018691588784993
2022-11-18,4230,4340,4150,4225,93251,0.0011848341232227888
2022-11-21,4225,4265,4045,4090,155995,-0.031952662721893454
2022-11-22,4090,4145,4020,4025,115750,-0.0158924205378973
2022-11-23,4030,4150,4025,4130,116462,0.026086956521739202
2022-11-24,4110,4170,4105,4125,57934,-0.001210653753026647
2022-11-25,4125,4125,3965,4000,284592,-0.030303030303030276
2022-11-28,4000,4005,3880,3890,161979,-0.02749999999999997
2022-11-29,3890,4020,3855,4010,87827,0.03084832904884327
2022-11-30,4010,4020,3960,3985,52888,-0.006234413965087282
2022-12-01,4015,4115,4010,4030,107557,0.01129234629861986
2022-12-02,4080,4080,3945,3995,82314,-0.008684863523573227
2022-12-05,4040,4175,4025,4055,231076,0.015018773466833446
2022-12-06,4055,4055,3970,3990,66969,-0.01602959309494456
2022-12-07,3920,4130,3900,4045,170278,0.013784461152882121
2022-12-08,4005,4080,3910,3940,128717,-0.02595797280593326
2022-12-09,3945,4030,3935,3950,82048,0.002538071065989911
2022-12-12,3955,4025,3920,3980,62846,0.0075949367088608
2022-12-13,3985,4090,3985,4055,126527,0.018844221105527748
2022-12-14,4080,4150,4055,4100,98343,0.011097410604192337
2022-12-15,4165,4165,4055,4075,101016,-0.0060975609756097615
2022-12-16,4015,4065,3980,4030,71081,-0.011042944785276121
2022-12-19,4040,4070,3965,3970,82698,-0.01488833746898266
2022-12-20,3965,3985,3870,3900,186912,-0.017632241813602012
2022-12-21,3980,3980,3800,3840,126525,-0.01538461538461533
2022-12-22,3845,3970,3840,3885,72955,0.01171875
2022-12-23,3880,3880,3690,3695,203139,-0.04890604890604888
2022-12-26,3695,3770,3350,3605,66739,-0.024357239512855178
2022-12-27,3570,3720,3570,3625,83061,0.00554785020804438
2022-12-28,3650,3720,3510,3630,148878,0.0013793103448276334
2022-12-29,3605,3650,3500,3570,106573,-0.016528925619834656
2023-01-02,3570,3720,3570,3650,105340,0.022408963585434094
2023-01-03,3615,3700,3530,3570,82829,-0.021917808219178103
2023-01-04,3580,4390,3580,3915,4359324,0.09663865546218497
2023-01-05,3960,3975,3835,3900,324634,-0.003831417624521105
2023-01-06,3835,3955,3780,3915,302545,0.0038461538461538325
2023-01-09,3910,3950,3900,3925,182159,0.0025542784163474774
2023-01-10,3905,3920,3810,3840,151083,-0.021656050955414008
2023-01-11,3840,4150,3830,4065,528214,0.05859375
2023-01-12,4090,4120,3955,4105,199272,0.009840098400984099
2023-01-13,4250,4980,4170,4545,9750602,0.1071863580998782
2023-01-16,4470,4555,4325,4330,841090,-0.047304730473047285
2023-01-17,4305,4840,4235,4420,2366537,0.020785219399538146
2023-01-18,4435,4505,4265,4370,363662,-0.011312217194570096
2023-01-19,4340,4365,4250,4360,243359,-0.0022883295194507935
2023-01-20,4280,4440,4245,4415,259050,0.012614678899082632
2023-01-25,4410,4440,4335,4390,161735,-0.005662514156285381
2023-01-26,4435,4435,4340,4405,133996,0.003416856492027387
2023-01-27,4405,4520,4355,4520,276602,0.026106696935300766
2023-01-30,4520,4565,4435,4460,145491,-0.013274336283185861
2023-01-31,4460,4460,4355,4360,143915,-0.022421524663677084
2023-02-01,4360,4395,4325,4330,113910,-0.006880733944954143
2023-02-02,4385,4470,4320,4420,202041,0.020785219399538146
2023-02-03,4425,4950,4410,4490,1707366,0.015837104072398134
2023-02-06,4465,4480,4370,4415,224105,-0.016703786191536785
2023-02-07,4410,4515,4380,4515,172974,0.022650056625141524
2023-02-08,4570,4820,4535,4790,984120,0.060908084163898035
2023-02-09,4900,5190,4705,5050,1137240,0.05427974947807934
2023-02-10,5050,5160,4845,4940,749186,-0.0217821782178218
2023-02-13,5030,5090,4650,4665,376449,-0.05566801619433204
2023-02-14,4665,4730,4620,4680,135654,0.003215434083601254
2023-02-15,4680,4695,4430,4430,198370,-0.05341880341880345
2023-02-16,4430,4545,4405,4440,160507,0.0022573363431150906
2023-02-17,4310,4580,4300,4390,145012,-0.011261261261261257
2023-02-20,4445,4510,4290,4380,106796,-0.002277904328018221
2023-02-21,4430,4470,4345,4345,71981,-0.007990867579908634
2023-02-22,4260,4685,4175,4200,414131,-0.03337169159953968
2023-02-23,4225,4300,4200,4285,103782,0.020238095238095166
2023-02-24,4300,4350,4245,4320,108978,0.008168028004667427
2023-02-27,4320,4330,4185,4270,94605,-0.01157407407407407
2023-02-28,4240,4285,4195,4210,107012,-0.014051522248243575
2023-03-02,4185,4260,4050,4060,148575,-0.03562945368171022
2023-03-03,4125,4190,3915,4005,142099,-0.013546798029556606
2023-03-06,4005,4715,4005,4710,993805,0.17602996254681647
2023-03-07,4625,4760,4495,4555,550847,-0.03290870488322717
2023-03-08,4500,4520,4320,4360,208523,-0.04281009879253572
2023-03-09,4500,5100,4410,4845,4565719,0.11123853211009171
2023-03-10,4755,4755,4505,4505,540769,-0.07017543859649122
2023-03-13,4435,4435,4165,4220,363946,-0.06326304106548275
2023-03-14,4210,4245,4035,4035,232645,-0.04383886255924174
2023-03-15,4150,4180,3840,3900,286353,-0.03345724907063197
2023-03-16,3960,4120,3860,3860,205755,-0.01025641025641022
2023-03-17,3905,4145,3900,4030,170859,0.04404145077720201
2023-03-20,4000,4150,4000,4060,112088,0.007444168734491274
2023-03-21,4200,4630,4180,4570,1334888,0.12561576354679804
2023-03-22,4530,4590,4390,4440,446312,-0.02844638949671774
2023-03-23,4360,4385,4160,4175,428359,-0.059684684684684686
2023-03-24,4240,4435,4240,4270,209066,0.022754491017964007
2023-03-27,4500,4640,4230,4540,679070,0.06323185011709609
2023-03-28,4510,4600,4375,4385,270119,-0.03414096916299558
2023-03-29,4445,4445,4170,4300,296253,-0.019384264538198415
2023-03-30,4345,4485,4270,4415,301617,0.02674418604651163
2023-03-31,4440,4475,4240,4325,272073,-0.020385050962627438
2023-04-03,4325,4335,4170,4170,238869,-0.03583815028901738
2023-04-04,4175,4780,4080,4500,1920105,0.07913669064748197
2023-04-05,4500,4785,4415,4670,1096280,0.03777777777777769
2023-04-06,4800,4900,4675,4675,1336388,0.0010706638115631772
2023-04-07,4980,4980,4645,4675,892970,0.0
2023-04-10,4665,4700,4365,4535,635073,-0.029946524064171087
2023-04-11,4510,4760,4430,4600,506862,0.014332965821389099
2023-04-12,4560,4615,4450,4565,311417,-0.007608695652173925
2023-04-13,4565,4950,4555,4790,1247009,0.049288061336254074
2023-04-14,4850,5200,4845,5000,1749816,0.04384133611691032
2023-04-17,5050,5080,4645,4650,869526,-0.06999999999999995
2023-04-18,4700,5080,4665,4940,1247915,0.06236559139784936
2023-04-19,4885,4885,4670,4725,574857,-0.04352226720647778
2023-04-20,4760,4765,4565,4695,434831,-0.006349206349206327
2023-04-21,4620,4675,4490,4495,365352,-0.04259850905218321
2023-04-24,4505,4560,4345,4395,414976,-0.022246941045606206
2023-04-25,4390,4485,4190,4285,319968,-0.025028441410693936
2023-04-26,4255,4325,4105,4265,211001,-0.004667444574095736
2023-04-27,4280,4320,4125,4300,215877,0.008206330597889888
2023-04-28,4300,4440,4235,4315,244151,0.0034883720930232176
2023-05-02,4325,4385,4225,4375,175136,0.013904982618771822
2023-05-03,4360,4365,4210,4230,175412,-0.03314285714285714
2023-05-04,4200,4380,4195,4300,164089,0.016548463356973908
2023-05-08,4380,4380,4125,4125,245585,-0.04069767441860461
2023-05-09,4180,4180,4025,4125,140999,0.0
2023-05-10,4110,4270,4085,4115,96475,-0.00242424242424244
2023-05-11,4120,4200,4020,4080,134241,-0.008505467800729027
2023-05-12,4080,4145,3960,3980,304165,-0.02450980392156865
2023-05-15,3935,4050,3895,3970,137931,-0.002512562814070307
2023-05-16,3950,4000,3840,3865,156545,-0.026448362720403074
2023-05-17,3770,3970,3770,3900,243721,0.009055627425614388
2023-05-18,3900,4000,3900,3960,77151,0.01538461538461533
2023-05-19,3970,4015,3960,3960,82076,0.0
2023-05-22,3945,4040,3875,4010,117137,0.012626262626262541
2023-05-23,3980,4400,3960,4005,1340372,-0.0012468827930174342
2023-05-24,3985,4125,3955,4010,151461,0.0012484394506866447
2023-05-25,4000,4045,3930,3930,151941,-0.01995012468827928
2023-05-26,3930,3980,3870,3870,156058,-0.01526717557251911
2023-05-30,3880,3915,3755,3800,267051,-0.018087855297157618
2023-05-31,3800,3870,3705,3705,231514,-0.025000000000000022
2023-06-01,3710,3865,3680,3820,225668,0.031039136302294157
2023-06-02,3910,3910,3765,3830,141768,0.002617801047120505
2023-06-05,3850,3935,3795,3875,119839,0.011749347258485532
2023-06-07,3875,3915,3780,3820,132775,-0.014193548387096744
2023-06-08,3835,3835,3720,3740,118492,-0.020942408376963373
2023-06-09,3755,3865,3750,3770,93880,0.008021390374331583
2023-06-12,3760,3770,3690,3725,127751,-0.011936339522546469
2023-06-13,3710,3765,3685,3735,133745,0.0026845637583892135
2023-06-14,3715,3775,3685,3690,96406,-0.012048192771084376
2023-06-15,3750,3750,3680,3690,66507,0.0
2023-06-16,3765,3765,3685,3700,59964,0.0027100271002709064
2023-06-19,3700,3745,3680,3685,62864,-0.004054054054054013
2023-06-20,3685,3690,3605,3635,119466,-0.013568521031207648
2023-06-21,3630,3630,3500,3505,160962,-0.03576341127922966
2023-06-22,3505,3720,3505,3650,176868,0.041369472182596345
2023-06-23,3670,3695,3500,3510,120181,-0.0383561643835616
2023-06-26,3460,3565,3450,3515,116742,0.0014245014245013454
2023-06-27,3515,3595,3495,3515,51358,0.0
2023-06-28,3580,3580,3450,3455,115795,-0.017069701280227556
2023-06-29,3455,3500,3360,3420,135077,-0.01013024602026047
2023-06-30,3480,3480,3340,3420,78198,0.0
2023-07-03,3430,3490,3415,3440,69626,0.005847953216374213
2023-07-04,3520,3520,3350,3375,88498,-0.018895348837209336
2023-07-05,3390,3395,3285,3315,132792,-0.01777777777777778
2023-07-06,3315,3500,3150,3215,266903,-0.0301659125188537
2023-07-07,3320,3470,3175,3200,172257,-0.004665629860031051
2023-07-10,3150,3240,3115,3150,130135,-0.015625
2023-07-11,3225,3240,3145,3150,71294,0.0
2023-07-12,3165,3200,3125,3180,87366,0.00952380952380949
2023-07-13,3230,3390,3190,3255,124551,0.02358490566037741
2023-07-14,3255,3255,3145,3170,118520,-0.02611367127496156
2023-07-17,3140,3170,3040,3055,224712,-0.0362776025236593
2023-07-18,3055,3120,2990,2995,154665,-0.019639934533551506
2023-07-19,3000,3050,2850,3005,303152,0.0033388981636059967
2023-07-20,3005,3030,2925,2945,175755,-0.019966722129783676
2023-07-21,2900,3095,2900,2970,208576,0.008488964346349714
2023-07-24,3030,3030,2730,2755,402806,-0.07239057239057234
2023-07-25,2750,2785,2650,2660,284908,-0.03448275862068961
2023-07-26,2670,2705,2405,2630,365560,-0.011278195488721776
2023-07-27,2630,2785,2630,2655,145899,0.009505703422053147
2023-07-28,2660,2760,2660,2755,108460,0.03766478342749524
2023-07-31,2765,2885,2750,2805,156430,0.01814882032667886
2023-08-01,2820,2945,2745,2855,148873,0.017825311942959
2023-08-02,2855,2970,2680,2690,261801,-0.05779334500875655
2023-08-03,2690,2905,2655,2875,168137,0.06877323420074344
2023-08-04,2935,3350,2860,2970,1088632,0.03304347826086951
2023-08-07,3180,3400,2995,3155,1663207,0.062289562289562284
2023-08-08,3200,3205,2925,2945,375837,-0.06656101426307448
2023-08-09,2960,3180,2950,3085,271581,0.04753820033955858
2023-08-10,3150,3165,3035,3070,149036,-0.004862236628849326
2023-08-11,3070,3135,2985,3090,114828,0.006514657980456029
2023-08-14,3100,3130,2925,2975,154055,-0.03721682847896435
2023-08-16,2980,3030,2865,2880,126987,-0.031932773109243695
2023-08-17,2885,2960,2840,2865,122465,-0.00520833333333337
2023-08-18,2865,3065,2820,2990,167753,0.04363001745200701
2023-08-21,2990,3170,2985,3040,150222,0.01672240802675584
2023-08-22,3040,3095,2955,2995,104331,-0.014802631578947345
2023-08-23,2995,3060,2855,2880,98025,-0.03839732888146907
2023-08-24,2855,3010,2850,2955,106456,0.02604166666666674
2023-08-25,3015,3015,2865,2990,65093,0.011844331641285955
2023-08-28,2990,3015,2890,2950,83530,-0.013377926421404673
2023-08-29,2965,3045,2900,3030,99375,0.027118644067796627
2023-08-30,3030,3170,3000,3060,108468,0.00990099009900991
2023-08-31,3010,3190,2985,3030,190698,-0.009803921568627416
2023-09-01,2990,3010,2890,2890,195461,-0.04620462046204621
2023-09-04,2900,2960,2845,2930,89614,0.01384083044982698
2023-09-05,2930,2970,2855,2885,93254,-0.015358361774744034
2023-09-06,2920,2950,2860,2935,72585,0.017331022530329365
2023-09-07,2935,2955,2850,2910,100115,-0.008517887563884163
2023-09-08,2910,3000,2890,2965,78474,0.018900343642611617
2023-09-11,2940,3040,2940,2995,110892,0.010118043844856706
2023-09-12,2990,3055,2945,2995,145406,0.0
2023-09-13,3010,3010,2860,2865,120200,-0.04340567612687818
2023-09-14,2860,2905,2835,2840,73394,-0.008726003490401424
2023-09-15,2835,3050,2820,2855,166428,0.005281690140845008
2023-09-18,2850,2950,2730,2785,131655,-0.024518388791593737
2023-09-19,2825,2880,2680,2685,123773,-0.03590664272890487
2023-09-20,2685,2705,2525,2560,197759,-0.046554934823091254
2023-09-21,2550,2585,2485,2485,123382,-0.029296875
2023-09-22,2485,2510,2310,2390,199224,-0.0382293762575453
2023-09-25,2345,2405,2200,2230,260166,-0.06694560669456062
2023-09-26,2140,2280,2035,2095,258088,-0.060538116591928204
2023-09-27,2070,2650,2065,2130,3724291,0.01670644391408116
2023-10-04,2075,2275,2000,2030,497995,-0.04694835680751175
2023-10-05,2030,2070,1700,1763,813695,-0.13152709359605907
2023-10-06,1766,2290,1766,1782,4183988,0.010777084515031232
2023-10-10,1803,2130,1800,2090,2051030,0.1728395061728396
2023-10-11,2070,2080,1929,1953,531002,-0.0655502392344498
2023-10-12,1985,1985,1905,1953,250777,0.0
2023-10-13,1934,1951,1820,1843,316125,-0.056323604710701525
2023-10-16,1840,1840,1760,1783,189312,-0.03255561584373301
2023-10-17,1830,1851,1790,1800,137549,0.009534492428491248
2023-10-18,1848,1848,1717,1736,192907,-0.03555555555555556
2023-10-19,1727,1727,1600,1605,234184,-0.07546082949308752
2023-10-20,1606,1615,1500,1596,267430,-0.005607476635513975
2023-10-23,1590,1650,1588,1609,84034,0.008145363408521344
2023-10-24,1608,1639,1510,1637,164715,0.017402113113735185
2023-10-25,1654,1698,1621,1653,82782,0.009773976786805028
2023-10-26,1652,1652,1557,1564,130100,-0.05384150030248036
2023-10-27,1584,1636,1569,1610,88182,0.02941176470588225
2023-10-30,1648,1660,1592,1650,61241,0.024844720496894457
2023-10-31,1668,1684,1560,1577,111421,-0.044242424242424194
2023-11-01,1572,1606,1572,1578,68910,0.0006341154090043766
2023-11-02,1589,1679,1589,1665,101148,0.05513307984790883
2023-11-03,1665,1689,1642,1667,54705,0.001201201201201263
2023-11-06,1694,1801,1674,1780,219171,0.06778644271145762
2023-11-07,1752,1855,1752,1832,217156,0.02921348314606731
2023-11-08,1832,1885,1807,1807,105573,-0.013646288209607005
2023-11-09,1815,1835,1757,1760,99609,-0.026009961261759806
2023-11-10,1760,1760,1687,1707,95142,-0.030113636363636398
2023-11-13,1720,1757,1658,1707,84812,0.0
2023-11-14,1707,1744,1707,1739,32278,0.018746338605741153
2023-11-15,1770,2260,1759,2260,2500443,0.2995974698102357
2023-11-16,2385,2795,2265,2550,12921883,0.12831858407079655
2023-11-17,2530,2645,2405,2490,2172564,-0.02352941176470591
2023-11-20,2460,2985,2460,2640,9628743,0.06024096385542177
2023-11-21,2610,2730,2495,2560,1704176,-0.030303030303030276
2023-11-22,2595,2780,2465,2550,1975651,-0.00390625
2023-11-23,2575,2575,2445,2445,1429045,-0.04117647058823526
2023-11-24,2420,2445,2320,2390,635956,-0.02249488752556239
2023-11-27,2365,2370,2250,2295,496771,-0.03974895397489542
2023-11-28,2275,2300,2130,2230,493750,-0.028322440087146017
2023-11-29,2210,2210,2130,2165,360628,-0.029147982062780242
2023-11-30,2140,2180,2075,2100,386418,-0.03002309468822173
2023-12-01,2030,2110,2010,2040,321236,-0.02857142857142858
2023-12-04,2025,2130,2015,2045,735500,0.002450980392156854
2023-12-05,2055,2235,1933,2000,1202316,-0.022004889975550168
2023-12-06,1995,2020,1912,2015,293725,0.007500000000000062
2023-12-07,2020,2035,1953,1992,177781,-0.011414392059553302
2023-12-08,1990,2265,1985,2125,1129050,0.06676706827309231
2023-12-11,2185,2185,2090,2120,372639,-0.0023529411764705577
2023-12-12,2105,2190,2065,2070,397179,-0.02358490566037741
2023-12-13,2070,2220,1991,2015,494527,-0.02657004830917875
2023-12-14,2035,2120,2030,2095,225922,0.03970223325062028
2023-12-15,2095,2145,2000,2035,300170,-0.02863961813842486
2023-12-18,2000,2110,2000,2035,212392,0.0
2023-12-19,2015,2090,1997,2070,172793,0.017199017199017286
2023-12-20,2100,2120,2050,2115,143818,0.021739130434782705
2023-12-21,2115,2115,2005,2005,204469,-0.05200945626477538
2023-12-22,2015,2065,1981,2035,232190,0.014962593516209433
2023-12-26,2080,2130,2005,2070,181509,0.017199017199017286
2023-12-27,2080,2160,2080,2125,225411,0.02657004830917864
2023-12-28,2110,2140,2075,2130,138504,0.0023529411764706687
2024-01-02,2130,2290,2100,2210,618865,0.03755868544600949
2024-01-03,2185,2210,2115,2180,205727,-0.013574660633484115
2024-01-04,2180,2180,2050,2055,232816,-0.05733944954128445
2024-01-05,2050,2100,2040,2080,85253,0.012165450121654597
2024-01-08,2075,2085,2055,2065,83785,-0.007211538461538436
2024-01-09,2050,2095,2015,2040,222740,-0.01210653753026636
2024-01-10,2000,2015,1590,1670,2373638,-0.18137254901960786
2024-01-11,1728,1845,1700,1811,629420,0.0844311377245508
2024-01-12,1807,1807,1665,1697,315711,-0.06294864715626725
2024-01-15,1688,1696,1607,1659,179761,-0.022392457277548572
2024-01-16,1659,1697,1635,1671,124067,0.00723327305605781
2024-01-17,1671,1697,1595,1605,276077,-0.03949730700179532
2024-01-18,1610,1660,1584,1595,169120,-0.006230529595015577
2024-01-19,1601,1710,1601,1627,184549,0.02006269592476495
2024-01-22,1650,1653,1606,1620,86479,-0.004302397049784856
2024-01-23,1626,1950,1602,1752,2312526,0.08148148148148149
2024-01-24,1830,1830,1650,1700,379871,-0.029680365296803624
2024-01-25,1683,1700,1637,1700,111408,0.0
2024-01-26,1651,1711,1640,1686,97110,-0.008235294117647007
2024-01-29,1687,1712,1650,1659,101489,-0.016014234875444844
2024-01-30,1646,2025,1645,1770,3343727,0.06690777576853524
2024-01-31,1760,1799,1694,1694,265042,-0.04293785310734466
2024-02-01,1680,1724,1651,1678,135386,-0.009445100354191216
2024-02-02,1686,1712,1666,1670,162607,-0.004767580452920139
2024-02-05,1685,1690,1611,1635,94396,-0.020958083832335328
2024-02-06,1636,1676,1624,1630,90352,-0.003058103975535187
2024-02-07,1669,1670,1630,1644,55840,0.008588957055214674
2024-02-08,1646,1688,1640,1645,68304,0.0006082725060827521
2024-02-13,1645,1687,1645,1687,92838,0.025531914893617058
2024-02-14,1657,1689,1632,1679,79483,-0.004742145820983978
2024-02-15,1680,1712,1666,1690,162516,0.00655151876116733
2024-02-16,1714,1714,1663,1680,97607,-0.00591715976331364
2024-02-19,1678,1720,1651,1705,146428,0.014880952380952328
2024-02-20,1705,1710,1675,1690,62616,-0.008797653958944274
2024-02-21,1720,1720,1667,1669,118815,-0.012426035502958621
2024-02-22,1709,1709,1640,1648,157354,-0.012582384661473989
2024-02-23,1648,1680,1615,1650,148130,0.0012135922330096527
2024-02-26,1647,1742,1636,1720,292559,0.042424242424242475
2024-02-27,1770,1795,1710,1766,259795,0.02674418604651163
2024-02-28,1760,1835,1741,1806,196993,0.022650056625141524
2024-02-29,1826,1857,1783,1831,169595,0.013842746400885897
2024-03-04,1826,1995,1820,1970,579449,0.07591480065537959
2024-03-05,1978,2020,1890,1925,259095,-0.022842639593908642
2024-03-06,1925,1968,1908,1945,84435,0.010389610389610393
2024-03-07,1945,2180,1945,2035,675273,0.046272493573264795
2024-03-08,2035,2380,2035,2380,1500564,0.16953316953316944
2024-03-11,2395,2500,2265,2440,911355,0.025210084033613356
2024-03-12,2440,2700,2440,2700,1450921,0.10655737704918034
2024-03-13,2805,2820,2090,2160,2398919,-0.19999999999999996
2024-03-14,2365,2800,2350,2580,10348292,0.19444444444444442
2024-03-15,2555,2580,2255,2440,2233545,-0.054263565891472854
2024-03-18,2415,2590,2280,2330,1162988,-0.04508196721311475
2024-03-19,2390,2390,2215,2270,499307,-0.025751072961373356
2024-03-20,2270,2345,2210,2290,325920,0.008810572687224738
2024-03-21,2300,2750,2280,2605,1956690,0.13755458515283836
2024-03-22,2600,2680,2475,2480,912916,-0.04798464491362764
2024-03-25,2485,2555,2380,2430,552341,-0.020161290322580627
2024-03-26,2405,2475,2390,2445,238825,0.006172839506172867
2024-03-27,2445,2480,2335,2450,382414,0.002044989775051187
2024-03-28,2450,2510,2350,2455,209128,0.0020408163265306367
2024-03-29,2450,2665,2445,2565,594193,0.044806517311609007
2024-04-01,2580,2690,2500,2640,401095,0.029239766081871288
2024-04-02,2650,2650,2500,2565,314356,-0.02840909090909094
2024-04-03,2565,2630,2460,2555,301587,-0.003898635477582846
2024-04-04,2545,2595,2500,2580,246951,0.009784735812133016
2024-04-05,2560,2565,2460,2535,182566,-0.01744186046511631
2024-04-08,2535,2590,2510,2585,241515,0.019723865877712132
2024-04-09,2585,2840,2560,2765,1049633,0.06963249516441006
2024-04-11,2750,2770,2650,2745,271304,-0.007233273056057921
2024-04-12,2770,2780,2680,2765,232346,0.007285974499089187
2024-04-15,2710,2760,2580,2700,319371,-0.023508137432188048
2024-04-16,2745,2900,2645,2780,467962,0.029629629629629672
2024-04-17,2790,2810,2720,2770,214383,-0.003597122302158251
2024-04-18,2800,3020,2800,2945,480527,0.06317689530685922
2024-04-19,2940,3185,2910,3185,787425,0.08149405772495766
2024-04-22,3190,3365,3150,3350,550212,0.05180533751962324
2024-04-23,3360,3840,3305,3805,1186163,0.13582089552238807
2024-04-24,3780,3965,3650,3780,820100,-0.006570302233902758
2024-04-25,3745,3810,3375,3570,737227,-0.05555555555555558
2024-04-26,3570,3845,3535,3830,473158,0.07282913165266103
2024-04-29,3800,4015,3780,3845,367249,0.003916449086161844
2024-04-30,3845,4095,3770,4075,519108,0.05981794538361518
2024-05-02,4155,4500,3260,3300,5016971,-0.1901840490797546
2024-05-03,3300,3300,2580,2640,3200716,-0.19999999999999996
2024-05-07,2615,2715,2500,2560,1101371,-0.030303030303030276
2024-05-08,2555,2560,2400,2440,729368,-0.046875
2024-05-09,2440,2535,2315,2335,649122,-0.04303278688524592
2024-05-10,2355,2380,2300,2315,370701,-0.008565310492505307
2024-05-13,2340,2350,2270,2275,230631,-0.017278617710583144
2024-05-14,2275,2345,2265,2340,155345,0.02857142857142847
2024-05-16,2345,2440,2345,2435,285001,0.040598290598290676
2024-05-17,2435,2475,2410,2435,186455,0.0
2024-05-20,2435,2460,2325,2350,240617,-0.03490759753593431
2024-05-21,2330,2350,2290,2315,136538,-0.014893617021276562
2024-05-22,2295,2335,2220,2225,199679,-0.0388768898488121
2024-05-23,2230,2295,2200,2245,207326,0.008988764044943753
2024-05-24,2245,2250,2145,2150,209211,-0.04231625835189312
2024-05-27,2150,2175,2080,2170,169499,0.009302325581395321
2024-05-28,2170,2180,2110,2175,95616,0.0023041474654377225
2024-05-29,2205,2220,2130,2130,99897,-0.020689655172413834
2024-05-30,2170,2195,2080,2100,77797,-0.014084507042253502
2024-05-31,2100,2160,2015,2015,129300,-0.04047619047619044
2024-06-03,2060,2235,2025,2205,233768,0.09429280397022333
2024-06-04,2215,2350,2200,2205,498027,0.0
2024-06-05,2205,2260,2140,2235,86990,0.013605442176870763
2024-06-07,2250,2285,2195,2265,57044,0.01342281879194629
2024-06-10,2255,2335,2210,2290,101736,0.011037527593819041
2024-06-11,2290,2295,2210,2230,93899,-0.026200873362445365
2024-06-12,2210,2225,2130,2130,170627,-0.04484304932735428
2024-06-13,2120,2205,2115,2140,105054,0.0046948356807512415
2024-06-14,2140,2180,2120,2120,57087,-0.009345794392523366
2024-06-17,2115,2165,2115,2125,33488,0.002358490566037652
2024-06-18,2125,2145,2020,2080,171707,-0.02117647058823524
2024-06-19,2050,2090,2040,2090,56169,0.004807692307692291
2024-06-20,2090,2090,2010,2040,129540,-0.02392344497607657
2024-06-21,2025,2035,1998,2000,49351,-0.019607843137254943
2024-06-24,2000,2050,1980,1992,76926,-0.0040000000000000036
2024-06-25,2040,2170,1980,2140,158229,0.07429718875502012
2024-06-26,2140,2145,2000,2000,108153,-0.06542056074766356
2024-06-27,2000,2040,1990,1994,40376,-0.0030000000000000027
2024-06-28,1994,2020,1900,1932,79025,-0.031093279839518595
2024-07-01,1932,1968,1903,1967,75076,0.018115942028985588
2024-07-02,1971,1972,1905,1931,57082,-0.018301982714794107
2024-07-03,1933,2000,1910,1964,89114,0.01708959088555151
2024-07-04,1954,1989,1944,1949,44613,-0.0076374745417515655
2024-07-05,1980,1980,1929,1950,73577,0.0005130836326321386
2024-07-08,1950,1959,1909,1950,128365,0.0
2024-07-09,1945,1949,1896,1903,92130,-0.02410256410256406
2024-07-10,1903,1953,1868,1881,105107,-0.011560693641618491
2024-07-11,1896,1924,1871,1871,69284,-0.00531632110579483
2024-07-12,1871,1917,1856,1874,46286,0.0016034206306787535
2024-07-15,1875,1913,1831,1838,111439,-0.019210245464247544
2024-07-16,1838,1843,1780,1813,152796,-0.013601741022850944
2024-07-17,1798,2165,1798,2030,1079218,0.11969111969111967
2024-07-18,2000,2000,1861,1861,244659,-0.08325123152709357
2024-07-19,1861,1879,1805,1864,86220,0.001612036539494932
2024-07-22,1853,1882,1817,1833,51340,-0.016630901287553623
2024-07-23,1860,1869,1824,1828,38403,-0.0027277686852155147
2024-07-24,1830,1992,1830,1908,139645,0.043763676148796504
2024-07-25,1875,1915,1765,1893,86732,-0.00786163522012584
2024-07-26,1893,1951,1873,1905,63019,0.006339144215530945
2024-07-29,1893,1957,1893,1896,46614,-0.0047244094488189115
2024-07-30,1899,1902,1873,1891,30871,-0.0026371308016878148
2024-07-31,1875,1890,1850,1865,53800,-0.01374933897408781
2024-08-01,1890,1909,1863,1879,21067,0.007506702412868549
2024-08-02,1879,1887,1823,1823,35675,-0.02980308674827037
2024-08-05,1824,1824,1600,1758,286035,-0.035655512890839236
2024-08-06,1640,1791,1640,1700,87687,-0.0329920364050057
2024-08-07,1705,1789,1565,1651,175757,-0.028823529411764692
2024-08-08,1649,1730,1620,1720,95912,0.041792852816474824
2024-08-09,1705,1779,1705,1779,133006,0.034302325581395454
2024-08-12,1762,1794,1762,1769,52832,-0.005621135469364824
2024-08-13,1781,1781,1738,1750,27436,-0.01074053137365738
2024-08-14,1750,1769,1710,1769,60978,0.010857142857142899
2024-08-16,1769,1933,1752,1896,258530,0.0717919728660259
2024-08-19,1896,2240,1852,2020,1376398,0.06540084388185652
2024-08-20,2020,2100,1948,2000,205496,-0.00990099009900991
2024-08-21,2010,2180,1993,2015,271561,0.007500000000000062
2024-08-22,2005,2040,1895,1895,194868,-0.05955334987593053
2024-08-23,1885,1954,1812,1851,105995,-0.02321899736147759
2024-08-26,1832,1832,1766,1792,119115,-0.031874662344678506
2024-08-27,1774,1792,1745,1764,57685,-0.015625
2024-08-28,1764,1790,1725,1747,114916,-0.00963718820861681
2024-08-29,1747,1799,1698,1714,73691,-0.018889524899828314
2024-08-30,1759,1770,1717,1734,27627,0.011668611435239118
2024-09-02,1734,1751,1681,1683,100459,-0.02941176470588236
2024-09-03,1683,1718,1651,1688,56997,0.002970885323826611
2024-09-04,1685,1685,1600,1657,57547,-0.01836492890995256
2024-09-05,1648,1728,1608,1643,63279,-0.008449004224502121
2024-09-06,1645,1645,1575,1610,93968,-0.02008520998174068
2024-09-09,1699,1699,1569,1616,86064,0.003726708074534235
2024-09-10,1618,1630,1593,1593,85434,-0.01423267326732669
2024-09-11,1609,1625,1591,1591,47091,-0.0012554927809165228
2024-09-12,1618,1653,1609,1621,44355,0.018856065367693242
2024-09-13,1631,1639,1604,1630,27624,0.005552128315854388
2024-09-19,1630,1660,1617,1630,29032,0.0
2024-09-20,1640,1650,1611,1616,39993,-0.008588957055214674
2024-09-23,1633,1633,1602,1618,36195,0.0012376237623761277
2024-09-24,1618,1670,1599,1647,80799,0.01792336217552526
2024-09-25,1650,1711,1638,1674,56881,0.016393442622950838
2024-09-26,1677,1700,1668,1681,36586,0.004181600955794451
2024-09-27,1681,1699,1640,1650,50685,-0.01844140392623439
2024-09-30,1650,1654,1595,1601,93175,-0.029696969696969666
2024-10-02,1600,1600,1550,1551,118484,-0.031230480949406614
2024-10-04,1550,1571,1546,1546,57432,-0.003223726627981982
2024-10-07,1530,1555,1525,1540,55477,-0.0038809831824062613
2024-10-08,1551,1579,1540,1548,41197,0.0051948051948051965
2024-10-10,1568,1569,1536,1557,43912,0.005813953488372103
2024-10-11,1551,1568,1550,1561,39839,0.0025690430314708745
2024-10-14,1561,1576,1500,1508,143136,-0.033952594490711085
2024-10-15,1520,1528,1491,1494,117576,-0.009283819628647216
2024-10-16,1499,1499,1391,1401,285023,-0.06224899598393574
2024-10-17,1409,1428,1376,1405,189911,0.002855103497501732
2024-10-18,1392,1423,1379,1385,170496,-0.014234875444839812
2024-10-21,1386,1387,1248,1276,384545,-0.07870036101083033
2024-10-22,1303,1303,1257,1266,174339,-0.00783699059561127
2024-10-23,1266,1332,1266,1322,189482,0.04423380726698256
2024-10-24,1322,1330,1302,1302,65519,-0.015128593040847238
2024-10-25,1301,1302,1269,1293,64090,-0.00691244239631339
2024-10-28,1293,1380,1293,1352,178420,0.04563031709203402
2024-10-29,1352,1382,1323,1338,98781,-0.010355029585798814
2024-10-30,1338,1366,1335,1362,35706,0.017937219730941756
2024-10-31,1363,1390,1349,1389,51584,0.01982378854625555
2024-11-01,1389,1419,1362,1416,66809,0.01943844492440605
2024-11-04,1416,1607,1398,1551,402780,0.09533898305084754
2024-11-05,1551,1670,1531,1589,131869,0.024500322372662753
2024-11-06,1589,1631,1550,1550,108348,-0.024543738200125897
2024-11-07,1550,1592,1484,1484,60063,-0.04258064516129034
2024-11-08,1484,1518,1412,1433,108052,-0.034366576819407024
2024-11-11,1433,1469,1361,1389,97022,-0.03070481507327283
2024-11-12,1375,1414,1333,1358,63331,-0.022318214542836556
2024-11-13,1358,1358,1281,1300,118015,-0.04270986745213545
2024-11-14,1305,1310,1269,1287,51037,-0.010000000000000009
2024-11-15,1271,1320,1255,1282,50474,-0.0038850038850039015
2024-11-18,1260,1330,1260,1310,33673,0.021840873634945357
2024-11-19,1305,1341,1298,1305,28551,-0.003816793893129722
2024-11-20,1279,1328,1279,1291,26339,-0.01072796934865905
2024-11-21,1291,1309,1221,1271,59396,-0.015491866769945739
2024-11-22,1281,1296,1258,1262,56794,-0.007081038552321006
2024-11-25,1262,1305,1250,1295,64523,0.0261489698890649
2024-11-26,1295,1334,1295,1325,55698,0.02316602316602312
2024-11-27,1358,1359,1300,1312,46174,-0.009811320754717023
2024-11-28,1312,1318,1283,1300,29847,-0.009146341463414642
2024-11-29,1300,1317,1275,1306,21925,0.004615384615384688
2024-12-02,1307,1312,1270,1272,63166,-0.026033690658499253
2024-12-03,1272,1274,1245,1245,47170,-0.021226415094339646
2024-12-04,1175,1245,1150,1218,116733,-0.02168674698795181
2024-12-05,1218,1289,1196,1226,36845,0.006568144499178974
2024-12-06,1221,1223,1150,1162,87060,-0.05220228384991843
2024-12-09,1162,1162,1050,1065,172526,-0.08347676419965577
2024-12-10,1001,1139,1001,1138,112663,0.06854460093896719
2024-12-11,1138,1189,1100,1156,67917,0.01581722319859402
2024-12-12,1179,1199,1150,1199,37280,0.037197231833909994
2024-12-13,1184,1228,1184,1199,33089,0.0
2024-12-16,1199,1224,1191,1201,29448,0.0016680567139282232
2024-12-17,1218,1218,1185,1199,29514,-0.0016652789342215257
2024-12-18,1199,1318,1175,1260,130594,0.05087572977481236
2024-12-19,1259,1260,1160,1202,32506,-0.04603174603174598
2024-12-20,1202,1229,1176,1188,52431,-0.011647254575707144
2024-12-23,1188,1239,1188,1208,33707,0.01683501683501687
2024-12-24,1209,1240,1208,1210,29706,0.0016556291390728006
2024-12-26,1210,1253,1166,1173,41068,-0.03057851239669418
2024-12-27,1173,1173,1143,1172,21687,-0.0008525149190110604
2024-12-30,1172,1233,1126,1209,56088,0.03156996587030725
2025-01-02,1209,1217,1160,1195,32539,-0.011579818031430933
2025-01-03,1195,1220,1192,1196,37054,0.0008368200836819106
2025-01-06,1196,1228,1190,1226,30144,0.025083612040133874
2025-01-07,1248,1248,1212,1221,42081,-0.004078303425774865
2025-01-08,1240,1240,1201,1223,18239,0.0016380016380015405
2025-01-09,1257,1257,1209,1209,14428,-0.011447260834014705
2025-01-10,1209,1209,1180,1199,17529,-0.008271298593879206
2025-01-13,1202,1202,1183,1183,15977,-0.01334445371142623
2025-01-14,1184,1184,1170,1170,13757,-0.01098901098901095
2025-01-15,1179,1179,1144,1144,50595,-0.022222222222222254
2025-01-16,1148,1209,1148,1155,27980,0.009615384615384581
2025-01-17,1143,1161,1133,1133,29228,-0.01904761904761909
2025-01-20,1133,1135,1119,1131,20031,-0.001765225066195919
2025-01-21,1128,1140,1110,1120,28728,-0.00972590627763037
2025-01-22,1119,1119,1071,1082,50617,-0.03392857142857142
2025-01-23,1082,1142,1067,1068,28189,-0.012939001848428888
2025-01-24,1068,1083,1061,1073,15026,0.004681647940074862
2025-01-31,1073,1100,1053,1072,42086,-0.0009319664492077884
2025-02-03,1072,1072,999,1009,87212,-0.058768656716417955
2025-02-04,1009,1100,1000,1100,119282,0.09018830525272548
2025-02-05,1099,1205,1097,1140,131902,0.036363636363636376
2025-02-06,1130,1410,1130,1279,1632324,0.12192982456140355
2025-02-07,1280,1316,1205,1281,191187,0.0015637216575450363
2025-02-10,1270,1291,1230,1242,53650,-0.030444964871194413
2025-02-11,1247,1284,1247,1268,46741,0.02093397745571668
2025-02-12,1290,1290,1248,1256,26717,-0.009463722397476393
2025-02-13,1244,1300,1244,1264,37027,0.006369426751592355
2025-02-14,1264,1280,1250,1264,50247,0.0
2025-02-17,1213,1263,1212,1230,53827,-0.026898734177215222
2025-02-18,1250,1250,1217,1231,41622,0.0008130081300812275
2025-02-19,1259,1259,1215,1235,20434,0.0032493907392363575
2025-02-20,1221,1249,1221,1238,32888,0.0024291497975708065
2025-02-21,1205,1253,1205,1253,45518,0.012116316639741553
2025-02-24,1240,1325,1240,1300,101359,0.03750997605746198
2025-02-25,1295,1300,1254,1272,45881,-0.021538461538461506
2025-02-26,1303,1372,1269,1330,107376,0.045597484276729494
2025-02-27,1330,1334,1300,1307,28428,-0.017293233082706805
2025-02-28,1293,1311,1275,1275,41003,-0.02448355011476666
2025-03-04,1207,1282,1207,1255,33641,-0.015686274509803977
2025-03-05,1255,1297,1255,1287,23684,0.025498007968127512
2025-03-06,1287,1313,1271,1290,55702,0.002331002331002363
2025-03-07,1290,1298,1255,1255,25296,-0.027131782945736482
2025-03-10,1255,1310,1255,1261,24303,0.004780876494023811
2025-03-11,1261,1267,1244,1250,17718,-0.008723235527359208
2025-03-12,1275,1279,1215,1248,57451,-0.0016000000000000458
2025-03-13,1257,1279,1236,1237,32867,-0.008814102564102533
2025-03-14,1260,1260,1235,1244,21065,0.0056588520614389015
2025-03-17,1244,1270,1243,1260,37658,0.012861736334405238
2025-03-18,1260,1273,1252,1270,53671,0.007936507936507908
2025-03-19,1273,1288,1260,1272,65189,0.0015748031496063408
2025-03-20,1290,1574,1270,1373,1644219,0.0794025157232705
2025-03-21,1341,1400,1325,1355,177408,-0.01310997815003645
2025-03-24,1355,1355,1320,1321,58769,-0.02509225092250922
2025-03-25,1330,1350,1318,1318,70378,-0.002271006813020393
2025-03-26,1279,1329,1279,1299,105582,-0.014415781487101653
2025-03-27,1330,1358,1299,1299,37599,0.0
2025-03-28,1299,1325,1279,1282,48254,-0.013086989992301734
2025-03-31,1282,1327,1266,1283,81732,0.0007800312012480326
2025-04-01,1283,1334,1282,1297,79649,0.010911925175370207
2025-04-02,1331,1331,1287,1297,51201,0.0
2025-04-03,1297,1297,1234,1248,108425,-0.037779491133384746
2025-04-04,1248,1248,1183,1205,101052,-0.034455128205128194
2025-04-07,1201,1290,1120,1198,74414,-0.0058091286307053736
2025-04-08,1203,1236,1169,1188,38156,-0.008347245409014992
2025-04-09,1180,1209,1161,1206,68886,0.015151515151515138
2025-04-10,1250,1250,1218,1239,22200,0.027363184079602032
2025-04-11,1241,1269,1220,1269,39816,0.02421307506053272
2025-04-14,1274,1365,1270,1280,165543,0.008668242710795804
2025-04-15,1280,1360,1280,1296,79770,0.012499999999999956
2025-04-16,1296,1344,1259,1259,84414,-0.028549382716049343
2025-04-17,1321,1324,1256,1297,40158,0.030182684670373217
2025-04-18,1305,1368,1298,1320,106465,0.017733230531996824
2025-04-21,1359,1359,1303,1347,26678,0.020454545454545503
2025-04-22,1347,1374,1310,1342,87317,-0.0037119524870081744
2025-04-23,1342,1346,1315,1331,43649,-0.008196721311475419
2025-04-24,1365,1379,1330,1330,63083,-0.0007513148009016257
2025-04-25,1330,1345,1300,1301,62791,-0.021804511278195493
2025-04-28,1301,1326,1215,1281,65261,-0.015372790161414351
2025-04-29,1281,1313,1270,1284,28787,0.0023419203747072626
2025-04-30,1284,1347,1265,1270,63598,-0.010903426791277204
2025-05-02,1290,1294,1254,1269,24491,-0.0007874015748031704
2025-05-07,1270,1338,1262,1262,36918,-0.005516154452324673
2025-05-08,1320,1320,1256,1257,29966,-0.003961965134706813
2025-05-09,1260,1278,1250,1269,29890,0.009546539379474916
2025-05-12,1308,1308,1251,1290,39240,0.016548463356973908
2025-05-13,1289,1339,1289,1296,191966,0.0046511627906977715
2025-05-14,1324,1325,1297,1306,102074,0.007716049382715973
2025-05-15,1306,1324,1260,1305,78738,-0.0007656967840734552
2025-05-16,1305,1325,1291,1305,61957,0.0
2025-05-19,1324,1324,1290,1304,44098,-0.0007662835249042654
2025-05-20,1324,1334,1304,1318,50880,0.010736196319018454
2025-05-21,1338,1338,1318,1322,39448,0.003034901365705611
2025-05-22,1323,1363,1322,1363,172497,0.031013615733736843
2025-05-23,1390,1410,1346,1363,212954,0.0
2025-05-26,1363,1405,1360,1373,81151,0.007336757153338258
2025-05-27,1375,1415,1369,1377,117307,0.0029133284777858037
2025-05-28,1377,1404,1377,1393,92234,0.01161946259985469
2025-05-29,1400,1400,1312,1340,122384,-0.03804737975592243
2025-05-30,1339,1394,1308,1345,88975,0.003731343283582156
2025-06-02,1347,1400,1333,1384,67163,0.028996282527881112
2025-06-04,1370,1392,1330,1370,46729,-0.010115606936416222
2025-06-05,1380,1493,1380,1448,267190,0.05693430656934306
2025-06-09,1451,1472,1430,1469,139550,0.014502762430939287
2025-06-10,1469,1650,1455,1598,542442,0.08781484002722939
2025-06-11,1635,1999,1635,1922,2229967,0.20275344180225274
2025-06-12,1970,1986,1850,1938,411778,0.008324661810613865
2025-06-13,2000,2000,1851,1911,237416,-0.01393188854489169
2025-06-16,1911,2160,1850,2105,641693,0.10151753008895859
2025-06-17,2140,2250,2100,2190,329416,0.040380047505938155
2025-06-18,2190,2210,2015,2145,267799,-0.020547945205479423
2025-06-19,2140,2140,1927,2025,403227,-0.05594405594405594
2025-06-20,2005,2135,1950,2010,305300,-0.007407407407407418
2025-06-23,2010,2010,1805,1912,547226,-0.04875621890547266
2025-06-24,1940,2230,1940,2160,501825,0.12970711297071125
2025-06-25,2160,2175,2060,2155,176265,-0.0023148148148147696
2025-06-26,2155,2205,2135,2170,118499,0.006960556844547661
2025-06-27,2155,2155,1902,1905,316936,-0.12211981566820274
2025-06-30,1905,1945,1860,1921,98848,0.008398950131233596
2025-07-01,1921,1978,1895,1935,44500,0.007287870900572591
2025-07-02,1917,1917,1821,1875,114980,-0.03100775193798455
2025-07-03,1828,1985,1812,1930,179665,0.029333333333333433
2025-07-04,1955,1974,1880,1931,78270,0.0005181347150258198
2025-07-07,1930,1942,1916,1940,56510,0.0046607975142414215
2025-07-08,1975,1975,1912,1939,30804,-0.0005154639175257714
2025-07-09,1940,1940,1840,1899,87480,-0.020629190304280565
2025-07-10,1920,2025,1860,1998,220376,0.05213270142180093
2025-07-11,2000,2005,1895,1943,141001,-0.027527527527527518
2025-07-14,1943,1954,1835,1835,182648,-0.05558414822439528
2025-07-15,1843,1883,1720,1832,154958,-0.0016348773841962094
2025-07-16,1845,1845,1705,1726,191963,-0.05786026200873362
2025-07-17,1726,1870,1700,1817,168446,0.05272305909617603
2025-07-18,1845,1864,1799,1828,116777,0.006053935057787507
2025-07-21,1800,1855,1781,1822,70333,-0.003282275711159688
2025-07-22,1749,1874,1749,1787,154790,-0.019209659714599314
2025-07-23,1787,1789,1681,1770,185776,-0.009513150531617276
2025-07-24,1800,1826,1757,1780,96654,0.005649717514124353
2025-07-25,1780,1790,1752,1764,40783,-0.008988764044943864
2025-07-28,1764,1809,1646,1778,166045,0.007936507936507908
2025-07-29,1794,1794,1721,1721,60355,-0.032058492688413986
2025-07-30,1738,1747,1673,1723,136204,0.0011621150493899002
2025-07-31,1755,1788,1710,1730,74066,0.004062681369704002
2025-08-01,1729,1779,1669,1737,144399,0.004046242774566444
2025-08-04,1731,1781,1720,1744,53061,0.004029936672423684
2025-08-05,1747,1783,1723,1746,94383,0.0011467889908256534
2025-08-06,1758,1845,1723,1761,209237,0.00859106529209619
2025-08-07,1805,1840,1730,1763,89509,0.0011357183418512218
2025-08-08,1795,1795,1726,1754,49051,-0.005104934770277958
2025-08-11,1749,1749,1691,1722,87846,-0.018244013683010207
2025-08-12,1722,1770,1715,1727,95499,0.0029036004645761615
2025-08-13,1727,1749,1698,1739,58973,0.00694846554719164
2025-08-14,1766,1840,1728,1839,202773,0.0575043128234618
2025-08-18,1843,2180,1770,1815,2636984,-0.013050570962479635
2025-08-19,1815,1868,1781,1799,318680,-0.008815426997245135
2025-08-20,1795,1795,1725,1730,131685,-0.03835464146748191
2025-08-21,1678,1745,1511,1730,395782,0.0
2025-08-22,1701,1756,1684,1685,96166,-0.026011560693641633
2025-08-25,1690,1725,1651,1701,99858,0.00949554896142435
2025-08-26,1720,1720,1628,1628,114861,-0.04291593180482067
2025-08-27,1628,1688,1570,1590,124869,-0.023341523341523396
2025-08-28,1590,1609,1539,1592,130598,0.0012578616352201255
2025-08-29,1637,1650,1544,1544,78748,-0.03015075376884424
2025-09-01,1549,1573,1477,1477,224594,-0.04339378238341973
2025-09-02,1497,1528,1270,1490,809129,0.008801624915369066
2025-09-03,1522,1522,1441,1448,94781,-0.028187919463087296
2025-09-04,1448,1490,1423,1451,113250,0.002071823204419898
2025-09-05,1451,1521,1340,1509,181722,0.03997243280496199
2025-09-08,1511,1569,1451,1517,155841,0.005301524188204176
2025-09-09,1509,1528,1473,1515,89890,-0.0013183915622939635
2025-09-10,1500,1530,1484,1514,127676,-0.0006600660066006236
2025-09-11,1510,1548,1479,1528,176521,0.009247027741083214
2025-09-12,1527,1527,1484,1505,101132,-0.015052356020942459
2025-09-15,1505,1510,1411,1485,119367,-0.013289036544850474
2025-09-16,1473,1505,1449,1500,331226,0.010101010101010166
2025-09-17,1520,1537,1469,1531,160495,0.02066666666666661
2025-09-18,1549,1600,1494,1568,250093,0.024167210973220055
2025-09-19,1568,1590,1510,1584,223666,0.010204081632652962
2025-09-22,1583,1583,1525,1542,182824,-0.02651515151515149
2025-09-23,1542,1570,1496,1541,259657,-0.0006485084306095956
2025-09-24,1541,1541,1500,1505,45758,-0.02336145360155739
2025-09-25,1510,1547,1484,1535,223352,0.019933554817275656
2025-09-26,1535,1560,1490,1552,108390,0.011074918566775338
2025-09-29,1552,1670,1552,1663,548665,0.071520618556701
2025-09-30,1660,1681,1595,1667,146870,0.0024052916416115178
2025-10-01,1699,1760,1670,1730,471736,0.037792441511697694
2025-10-02,1730,1772,1695,1751,213852,0.012138728323699333
2025-10-10,1739,1807,1727,1798,261031,0.026841804683038317
2025-10-13,1798,1803,1700,1788,221808,-0.005561735261401579
2025-10-14,1823,1824,1736,1788,166702,0.0
2025-10-15,1813,1813,1649,1800,329596,0.006711409395973256
2025-10-16,1800,1880,1750,1814,335892,0.007777777777777883
2025-10-17,1814,1833,1678,1800,369495,-0.007717750826901848
2025-10-20,1770,1770,1736,1736,169469,-0.03555555555555556
2025-10-21,1721,1751,1699,1744,330277,0.004608294930875667
2025-10-22,1731,1763,1705,1750,242949,0.0034403669724769603
2025-10-23,1768,1768,1721,1735,300189,-0.008571428571428563
2025-10-24,1735,1737,1700,1735,158497,0.0
2025-10-27,1735,1745,1710,1732,306343,-0.0017291066282421053
2025-10-28,1733,1745,1676,1727,90754,-0.0028868360277136684
2025-10-29,1652,1740,1645,1720,399399,-0.004053271569195105
2025-10-30,1707,1739,1691,1728,247277,0.0046511627906977715
2025-10-31,1727,1759,1650,1728,387547,0.0
2025-11-03,1770,1770,1671,1728,225409,0.0
2025-11-04,1728,1728,1671,1705,368291,-0.01331018518518523
2025-11-05,1708,1739,1619,1647,339541,-0.034017595307917925
2025-11-06,1647,1669,1565,1647,486755,0.0
2025-11-07,1647,1739,1521,1725,690737,0.04735883424408005
2025-11-10,1735,1735,1632,1706,285148,-0.011014492753623206
2025-11-11,1706,1727,1662,1706,531107,0.0
2025-11-12,1705,1714,1640,1641,421729,-0.03810082063305975
2025-11-13,1639,1660,1564,1614,552605,-0.01645338208409508
2025-11-14,1614,1637,1593,1603,395036,-0.006815365551425034
2025-11-17,1603,1636,1570,1634,391454,0.01933873986275736
2025-11-18,1634,1698,1540,1689,435666,0.033659730722154224
2025-11-19,1710,1749,1702,1711,430595,0.013025458851391392
2025-11-20,1730,1739,1642,1714,447523,0.001753360607831711
2025-11-21,1715,1720,1633,1707,407675,-0.0040840140023337135
2025-11-24,1710,1730,1690,1708,342468,0.0005858230814295151
2025-11-25,1747,1770,1661,1706,484336,-0.0011709601873536313
2025-11-26,1706,1725,1666,1680,408823,-0.015240328253223967
2025-11-27,1680,1681,1606,1616,492142,-0.03809523809523807
2025-11-28,1616,1700,1590,1693,421727,0.047648514851485135
2025-12-01,1700,1724,1615,1705,509065,0.007088009450679333
2025-12-02,1705,1719,1685,1709,349452,0.002346041055718562
2025-12-03,1734,1734,1684,1691,398832,-0.010532475131655894
2025-12-04,1719,1720,1680,1690,337719,-0.0005913660555884048
2025-12-05,1690,1718,1679,1683,419434,-0.004142011834319503
2025-12-08,1720,1720,1661,1683,305193,0.0
2025-12-09,1710,1710,1661,1687,337633,0.002376708259061111
2025-12-10,1678,1697,1663,1689,366758,0.0011855364552459946
2025-12-11,1729,1729,1646,1657,328463,-0.018946121965660145
2025-12-12,1645,1696,1621,1684,367236,0.016294508147254083
2025-12-15,1629,1758,1629,1753,446492,0.040973871733966716
2025-12-16,1780,1878,1700,1845,835341,0.0524814603536794
2025-12-17,1845,1880,1700,1846,658578,0.0005420054200542257
2025-12-18,1856,1894,1826,1848,508061,0.0010834236186347823
2025-12-19,1848,1860,1770,1850,608293,0.0010822510822510178
2025-12-22,1850,1850,1760,1800,454346,-0.027027027027026973
