Date,Open,High,Low,Close,Volume,Change
2022-01-03,7969,8169,7919,8103,96576,0.020914703288396064
2022-01-04,8119,8320,7986,8320,173292,0.026780204862396628
2022-01-05,8386,8470,7919,8053,191416,-0.03209134615384612
2022-01-06,7919,8086,7769,7803,125662,-0.031044331305103645
2022-01-07,7769,7886,7669,7853,213889,0.00640779187491991
2022-01-10,7803,7836,7553,7603,124618,-0.03183496752833315
2022-01-11,7603,7669,7452,7586,89874,-0.0022359594896751434
2022-01-12,7603,7803,7603,7653,79042,0.008832059056156139
2022-01-13,7669,7753,7619,7736,47537,0.010845420096694092
2022-01-14,7653,7836,7503,7770,87070,0.0043950361944156136
2022-01-17,7803,7836,7636,7736,100967,-0.004375804375804426
2022-01-18,7753,8186,7686,7870,415202,0.017321613236814803
2022-01-19,7703,7936,7669,7703,99443,-0.021219822109275754
2022-01-20,7703,7803,7569,7770,95452,0.008697909905231782
2022-01-21,7636,7719,7553,7686,72772,-0.010810810810810811
2022-01-24,7586,7653,7319,7403,136796,-0.03682019255789748
2022-01-25,7486,7503,7069,7120,163806,-0.03822774550857755
2022-01-26,7002,7152,7002,7103,112656,-0.0023876404494381775
2022-01-27,7202,7202,6686,6719,148962,-0.05406166408559765
2022-01-28,6752,7319,6686,7019,98744,0.04464950141390078
2022-02-03,7319,7336,7169,7286,71824,0.038039606781592905
2022-02-04,7169,7336,7169,7303,55226,0.0023332418336536875
2022-02-07,7402,7569,7236,7336,63368,0.004518690948925208
2022-02-08,7336,7436,7236,7270,38538,-0.008996728462377312
2022-02-09,7286,7486,7269,7336,52701,0.00907840440165053
2022-02-10,7486,7486,7152,7336,99122,0.0
2022-02-11,7269,7319,7136,7136,44328,-0.02726281352235549
2022-02-14,7002,7169,6886,6936,70880,-0.028026905829596438
2022-02-15,6819,7102,6802,6803,66306,-0.01917531718569776
2022-02-16,6919,7069,6869,6969,35389,0.024400999559017977
2022-02-17,7086,7102,6902,6986,41746,0.002439374372219749
2022-02-18,6902,7119,6886,6953,45111,-0.004723733180647005
2022-02-21,6986,7002,6686,6869,55484,-0.012081116065007946
2022-02-22,6869,7052,6852,7003,37113,0.019507934197117383
2022-02-23,7119,7119,6902,7003,58929,0.0
2022-02-24,6919,6986,6652,6686,155976,-0.04526631443666995
2022-02-25,6719,6869,6686,6736,69212,0.007478312892611472
2022-02-28,6736,6836,6719,6836,34438,0.014845605700712694
2022-03-02,6836,6919,6736,6903,38127,0.009801053247513236
2022-03-03,6936,6952,6869,6886,32507,-0.0024626973779515726
2022-03-04,6919,6919,6786,6869,34774,-0.0024687772291606125
2022-03-07,6769,6952,6686,6736,41488,-0.019362352598631505
2022-03-08,6719,6736,6669,6703,37152,-0.004899049881235129
2022-03-10,6769,6836,6736,6753,27190,0.0074593465612411425
2022-03-11,6769,6886,6719,6753,34435,0.0
2022-03-14,6802,6869,6635,6669,49645,-0.012438916037316727
2022-03-15,6686,6702,6635,6669,29436,0.0
2022-03-16,6736,6886,6669,6853,58609,0.02759034337981703
2022-03-17,6919,7136,6919,7069,115814,0.03151904275499784
2022-03-18,7069,7152,6936,7120,43788,0.007214598953175777
2022-03-21,7119,7119,7002,7003,24269,-0.016432584269662875
2022-03-22,7002,7119,6936,7120,34321,0.016707125517635202
2022-03-23,7119,7136,7069,7069,28929,-0.007162921348314644
2022-03-24,7036,7069,6986,7036,37626,-0.004668269910878431
2022-03-25,7136,7136,6986,7069,42112,0.004690164866401281
2022-03-28,7052,7302,6986,7186,70946,0.01655113877493286
2022-03-29,7202,7269,7102,7153,42046,-0.004592262733092101
2022-03-30,7269,7286,7136,7270,58716,0.01635677338179775
2022-03-31,7269,7402,7186,7336,78155,0.00907840440165053
2022-04-01,7286,7302,7152,7286,33023,-0.0068157033805889
2022-04-04,7236,7436,7236,7353,52422,0.009195717814987736
2022-04-05,7419,7419,7186,7270,62420,-0.011287909696722442
2022-04-06,7236,7252,7119,7203,40103,-0.009215955983493784
2022-04-07,7102,7169,6869,6969,103671,-0.032486463973344426
2022-04-08,6952,7102,6852,6953,27139,-0.00229588176208928
2022-04-11,7036,7052,6902,6919,24563,-0.004889975550122272
2022-04-12,6869,6986,6836,6919,24698,0.0
2022-04-13,7002,7002,6819,6886,69380,-0.004769475357710662
2022-04-14,6886,6986,6852,6969,38813,0.012053441765901729
2022-04-15,6902,7002,6869,7003,27214,0.00487874874443972
2022-04-18,7002,7019,6902,6936,23538,-0.009567328287876653
2022-04-19,6936,8169,6869,7253,818147,0.045703575547866304
2022-04-20,7286,7519,7269,7303,176536,0.006893699158968758
2022-04-21,7336,7419,7269,7403,105387,0.013693002875530658
2022-04-22,7336,7419,7236,7420,74478,0.002296366337971145
2022-04-25,7419,7419,7219,7336,72379,-0.01132075471698113
2022-04-26,7286,7336,7219,7286,45681,-0.0068157033805889
2022-04-27,7086,7236,7069,7236,57580,-0.006862475981334049
2022-04-28,7336,7336,7002,7086,86833,-0.020729684908789348
2022-04-29,7119,7286,7069,7120,63715,0.004798193621224911
2022-05-02,7069,7069,6952,7053,44655,-0.009410112359550582
2022-05-03,7052,7236,7052,7220,44433,0.023677867574081857
2022-05-04,7219,7286,7086,7136,21888,-0.011634349030470892
2022-05-06,7102,7102,6902,7036,25181,-0.014013452914798163
2022-05-09,7036,7102,6836,6986,76412,-0.007106310403638405
2022-05-10,6736,6952,6652,6903,90144,-0.011880904666475844
2022-05-11,6869,6936,6802,6903,33587,0.0
2022-05-12,6736,6886,6686,6703,50011,-0.028972910328842527
2022-05-13,6702,6836,6669,6669,62819,-0.00507235566164399
2022-05-16,6702,6869,6619,6619,53526,-0.007497375918428584
2022-05-17,6602,6719,6602,6669,36013,0.007554011179936593
2022-05-18,6702,6802,6652,6769,45225,0.014994751836857168
2022-05-19,6669,6786,6635,6736,30609,-0.004875166198847647
2022-05-20,6702,7052,6702,6919,59184,0.02716745843230406
2022-05-23,6902,6936,6836,6869,47465,-0.007226477814713084
2022-05-24,6886,6952,6769,6769,33680,-0.014558159848595098
2022-05-25,6786,6836,6702,6819,19003,0.007386615452799505
2022-05-26,6786,7052,6786,6869,51537,0.00733245343892075
2022-05-27,6919,7236,6886,7120,166904,0.036540981219973734
2022-05-30,7152,7202,7052,7086,59169,-0.004775280898876355
2022-05-31,7119,7236,7069,7186,37026,0.014112334180073294
2022-06-02,7102,7219,7086,7153,33245,-0.004592262733092101
2022-06-03,7252,7252,7086,7120,23346,-0.004613448902558326
2022-06-07,7102,8153,7002,7403,1333883,0.039747191011235916
2022-06-08,7402,7436,7269,7286,130793,-0.015804403620154006
2022-06-09,7219,7419,7219,7253,61445,-0.004529234147680472
2022-06-10,7319,7436,7202,7386,65335,0.018337239762856727
2022-06-13,7186,7319,7086,7103,105801,-0.03831573246682918
2022-06-14,6852,7086,6836,7003,74778,-0.014078558355624438
2022-06-15,6919,8036,6919,7886,1628317,0.12608881907753822
2022-06-16,7669,8053,7553,7803,697451,-0.01052498097895005
2022-06-17,7519,7953,7503,7670,435695,-0.017044726387286935
2022-06-20,7653,7703,7036,7170,362546,-0.06518904823989569
2022-06-21,7252,7336,7002,7203,142377,0.0046025104602509526
2022-06-22,7252,7302,6902,6903,144923,-0.04164931278633899
2022-06-23,6869,6919,6319,6369,262869,-0.07735767057800957
2022-06-24,6219,6535,6185,6403,97605,0.0053383576699639335
2022-06-27,6402,6635,6335,6586,54158,0.028580352959550304
2022-06-28,6585,7202,6535,6936,143669,0.05314303067112047
2022-06-29,6802,7219,6769,7203,106781,0.03849480968858132
2022-06-30,7202,7269,6986,7053,69563,-0.02082465639316955
2022-07-01,7052,7386,7019,7270,152297,0.03076704948248965
2022-07-04,7236,7736,7219,7570,250241,0.04126547455295726
2022-07-05,7569,7886,7402,7670,203049,0.013210039630118908
2022-07-06,7669,8186,7553,7853,494127,0.023859191655801748
2022-07-07,7769,8003,7686,7753,149151,-0.012733987011333214
2022-07-08,7786,7903,7553,7703,147490,-0.0064491164710435145
2022-07-11,7669,8053,7636,7886,133488,0.023756977800856838
2022-07-12,7886,8036,7519,7603,183059,-0.03588638092822727
2022-07-13,7653,8320,7619,8103,673329,0.06576351440220973
2022-07-14,8269,8636,8069,8320,587587,0.026780204862396628
2022-07-15,8386,8770,8320,8720,547017,0.04807692307692313
2022-07-18,8836,9503,8736,9470,791683,0.08600917431192667
2022-07-19,9170,11054,8853,8854,5100725,-0.0650475184794087
2022-07-20,9003,9053,8486,8637,754063,-0.024508696634289562
2022-07-21,8636,9253,8536,9037,927111,0.046312376982748704
2022-07-22,8920,9086,8803,8970,334654,-0.007413964811331164
2022-07-25,9086,9086,8720,8920,249446,-0.005574136008918651
2022-07-26,8920,9020,8803,8954,135992,0.003811659192825223
2022-07-27,8903,9170,8870,9020,300779,0.0073710073710073765
2022-07-28,9103,9153,8836,8837,242612,-0.020288248337028802
2022-07-29,8836,9086,8836,8887,295400,0.005658028742786092
2022-08-01,8986,8986,8219,8320,644990,-0.06380105772476652
2022-08-02,10250,10800,10000,10800,978719,0.29807692307692313
2022-08-03,11850,13800,9830,9870,3188761,-0.08611111111111114
2022-08-04,9870,9910,8870,8870,593949,-0.10131712259371839
2022-08-05,8870,9210,8870,8920,265163,0.005636978579481422
2022-08-08,8950,11450,8900,10400,3229338,0.1659192825112108
2022-08-09,10500,10550,9750,9880,446653,-0.050000000000000044
2022-08-10,9750,12350,9360,10750,3440127,0.08805668016194335
2022-08-11,10550,12750,10450,11300,3978770,0.051162790697674376
2022-08-12,11550,12350,10350,10400,1559514,-0.07964601769911506
2022-08-16,10350,10550,9830,9840,508262,-0.05384615384615388
2022-08-17,8950,9370,8600,9030,672598,-0.08231707317073167
2022-08-18,8850,8970,8710,8780,250174,-0.027685492801771905
2022-08-19,8500,8880,8220,8530,833262,-0.028473804100227817
2022-08-22,8350,8970,8320,8530,530218,0.0
2022-08-23,8450,9000,8370,8760,527692,0.02696365767878084
2022-08-24,8820,9000,8530,8610,351421,-0.017123287671232834
2022-08-25,8820,9150,8600,8620,432444,0.0011614401858304202
2022-08-26,8700,8780,8580,8580,158499,-0.004640371229698403
2022-08-29,8380,8380,8200,8200,182479,-0.044289044289044344
2022-08-30,8120,9580,8090,9140,1745385,0.11463414634146352
2022-08-31,9160,10700,9120,9800,4266037,0.07221006564551424
2022-09-01,9730,10100,9490,9490,659162,-0.031632653061224536
2022-09-02,9590,10150,9340,9500,723085,0.0010537407797681642
2022-09-05,9430,9590,9030,9030,272318,-0.049473684210526336
2022-09-06,9060,9530,9060,9290,258584,0.02879291251384264
2022-09-07,9230,9290,8930,9030,176026,-0.027987082884822434
2022-09-08,9180,9670,9100,9480,336434,0.04983388704318936
2022-09-13,9760,9800,9530,9620,371692,0.014767932489451407
2022-09-14,9100,9310,9040,9090,295610,-0.05509355509355507
2022-09-15,9180,9190,9030,9080,107573,-0.0011001100110010764
2022-09-16,9060,9190,8830,8880,188362,-0.022026431718061623
2022-09-19,8820,9000,8260,8310,186708,-0.06418918918918914
2022-09-20,8390,8780,8250,8260,205900,-0.006016847172081841
2022-09-21,8240,8350,7990,8080,101276,-0.021791767554479424
2022-09-22,7950,8220,7720,8110,135300,0.003712871287128605
2022-09-23,8010,8220,7710,7730,73774,-0.04685573366214546
2022-09-26,7710,7840,7250,7350,121596,-0.04915912031047864
2022-09-27,7250,7500,7010,7340,113715,-0.0013605442176870541
2022-09-28,7200,7370,6780,6990,119783,-0.04768392370572205
2022-09-29,7100,7480,7020,7120,168959,0.01859799713876975
2022-09-30,6900,7450,6700,7290,83904,0.023876404494381998
2022-10-04,7310,7620,7310,7440,37015,0.020576131687242816
2022-10-05,7470,9400,7460,7750,2629154,0.04166666666666674
2022-10-06,7730,8000,7700,7850,386032,0.012903225806451646
2022-10-07,7780,9170,7730,8740,1618446,0.11337579617834392
2022-10-11,8650,8720,8100,8110,303047,-0.07208237986270027
2022-10-12,8180,8750,7860,8310,331632,0.024660912453760897
2022-10-13,8250,9150,8230,8610,624598,0.036101083032491044
2022-10-14,8910,9600,8850,9380,914852,0.08943089430894302
2022-10-17,9270,9440,8960,9150,246330,-0.024520255863539453
2022-10-18,9120,9310,9000,9000,232675,-0.016393442622950838
2022-10-19,9040,9660,9010,9580,391538,0.06444444444444453
2022-10-20,9450,9860,9360,9690,241309,0.01148225469728592
2022-10-21,9620,9780,9400,9650,118694,-0.0041279669762641635
2022-10-24,9790,9980,9560,9750,197991,0.010362694300518172
2022-10-25,9750,10100,9620,9880,192104,0.01333333333333342
2022-10-26,9890,9920,9470,9730,139400,-0.015182186234817818
2022-10-27,9630,9850,9070,9130,389801,-0.06166495375128467
2022-10-28,9180,9340,8820,8830,184837,-0.03285870755750275
2022-10-31,8840,9190,8840,9070,88132,0.027180067950169917
2022-11-01,9070,9210,9030,9130,55880,0.006615214994487362
2022-11-02,9130,9450,9070,9400,131910,0.02957283680175249
2022-11-03,9400,10000,9220,9750,310100,0.037234042553191404
2022-11-04,9790,9850,8960,9290,271618,-0.04717948717948717
2022-11-07,9350,9630,9290,9570,79222,0.030139935414424057
2022-11-08,9690,10800,9570,10450,975174,0.09195402298850586
2022-11-09,10600,11000,10350,10400,394620,-0.004784688995215336
2022-11-10,10400,10650,10050,10100,174803,-0.028846153846153855
2022-11-11,10500,10750,10100,10550,268733,0.044554455445544594
2022-11-14,10650,10750,10250,10350,148379,-0.018957345971563955
2022-11-15,10250,10850,10250,10700,204790,0.033816425120772875
2022-11-16,10800,11050,10250,10450,251521,-0.02336448598130836
2022-11-17,10450,10450,9850,10100,230841,-0.03349282296650713
2022-11-18,10150,10200,9900,9910,95257,-0.01881188118811883
2022-11-21,10000,10600,9940,10350,187221,0.04439959636730584
2022-11-22,10350,10850,10200,10750,277840,0.03864734299516903
2022-11-23,10850,11050,10150,10350,302317,-0.037209302325581395
2022-11-24,10550,11050,10300,10950,317755,0.05797101449275366
2022-11-25,10900,10950,10400,10400,156815,-0.05022831050228316
2022-11-28,10500,10500,10200,10200,55930,-0.019230769230769273
2022-11-29,10200,10750,10200,10700,125524,0.0490196078431373
2022-11-30,10650,10850,10350,10750,135572,0.004672897196261738
2022-12-01,10900,11150,10750,11100,225388,0.032558139534883734
2022-12-02,11100,11250,10750,10800,160336,-0.027027027027026973
2022-12-05,10900,10900,10450,10550,103117,-0.02314814814814814
2022-12-06,10500,10650,10200,10400,69153,-0.014218009478673022
2022-12-07,10200,10550,10050,10150,91990,-0.024038461538461564
2022-12-08,10150,10350,10050,10150,57665,0.0
2022-12-09,10150,10450,10150,10250,54506,0.009852216748768461
2022-12-12,10100,10200,9610,10000,130033,-0.024390243902439046
2022-12-13,10050,10700,10000,10400,138640,0.040000000000000036
2022-12-14,10350,10750,10350,10500,90055,0.009615384615384581
2022-12-15,10450,10700,10150,10550,83279,0.004761904761904745
2022-12-16,10550,10750,10300,10450,81363,-0.009478672985781977
2022-12-19,10450,10600,10350,10600,57062,0.014354066985645897
2022-12-20,10550,10600,10150,10200,56914,-0.037735849056603765
2022-12-21,10350,10350,10000,10000,53594,-0.019607843137254943
2022-12-22,10050,10450,10050,10350,77366,0.03499999999999992
2022-12-23,10100,10250,9810,9840,154218,-0.049275362318840554
2022-12-26,9840,10050,9790,9850,93535,0.00101626016260159
2022-12-27,9850,10150,9850,10100,92595,0.025380710659898442
2022-12-28,10050,10150,9830,9840,42180,-0.025742574257425765
2022-12-29,9840,9940,9500,9590,86786,-0.025406504065040636
2023-01-02,9790,9790,9230,9340,61060,-0.026068821689259614
2023-01-03,9500,9560,8920,9540,63704,0.021413276231263323
2023-01-04,9350,10350,9340,10250,185071,0.07442348008385746
2023-01-05,10200,10500,10000,10250,110649,0.0
2023-01-06,10250,11050,10150,10750,471596,0.04878048780487809
2023-01-09,10900,11400,10800,11050,474534,0.027906976744185963
2023-01-10,11100,11500,11100,11250,140778,0.018099547511312153
2023-01-11,11500,11750,11250,11250,170618,0.0
2023-01-12,11300,11550,10750,10950,278721,-0.026666666666666616
2023-01-13,11050,11450,10850,11000,268457,0.004566210045662045
2023-01-16,11050,11300,10950,10950,141141,-0.004545454545454519
2023-01-17,11050,11550,11050,11500,244339,0.05022831050228316
2023-01-18,11550,11650,11300,11500,156398,0.0
2023-01-19,11450,12250,11300,12050,526293,0.047826086956521685
2023-01-20,12100,12550,12000,12200,225990,0.012448132780082943
2023-01-25,12250,12650,12020,12420,169337,0.0180327868852459
2023-01-26,12400,12660,12000,12350,191819,-0.005636070853462183
2023-01-27,12390,13000,12300,12670,359342,0.025910931174089047
2023-01-30,12670,12680,12000,12060,169780,-0.04814522494080509
2023-01-31,11940,12340,11900,12250,84779,0.015754560530679917
2023-02-01,12310,12850,12190,12410,152325,0.013061224489795853
2023-02-02,12400,12850,12400,12700,133300,0.023368251410153196
2023-02-03,12710,12800,12240,12250,115576,-0.03543307086614178
2023-02-06,12220,12220,11860,12120,85383,-0.0106122448979592
2023-02-07,12120,12240,11920,12090,61467,-0.0024752475247524774
2023-02-08,12100,12240,11220,12080,554936,-0.0008271298593879317
2023-02-09,12110,12700,11670,12480,220270,0.0331125827814569
2023-02-10,12510,12510,11810,12000,112766,-0.038461538461538436
2023-02-13,12150,12150,11620,11770,103257,-0.019166666666666665
2023-02-14,11900,11940,11730,11810,54815,0.003398470688190214
2023-02-15,11940,12150,11420,11420,232115,-0.03302286198137172
2023-02-16,11800,11800,11420,11530,88723,0.009632224168126147
2023-02-17,11500,11580,11230,11420,105158,-0.009540329575021711
2023-02-20,11420,11480,11100,11390,119086,-0.0026269702276707774
2023-02-21,11390,11390,11000,11100,246809,-0.025460930640913038
2023-02-22,11110,11430,10970,11200,143393,0.009009009009008917
2023-02-23,11310,11760,11110,11660,156873,0.04107142857142865
2023-02-24,11840,11880,11490,11720,117415,0.005145797598627766
2023-02-27,11720,12350,11460,12240,241730,0.04436860068259385
2023-02-28,12340,12450,11900,12000,115949,-0.019607843137254943
2023-03-02,12210,12210,11530,11630,89525,-0.03083333333333338
2023-03-03,11630,11730,11240,11440,142656,-0.016337059329320724
2023-03-06,11520,11560,11220,11350,151369,-0.00786713286713292
2023-03-07,11300,11480,11170,11350,72265,0.0
2023-03-08,11350,11350,11010,11070,84651,-0.02466960352422909
2023-03-09,11150,11590,11150,11470,130158,0.03613369467027994
2023-03-10,11300,11570,11180,11310,121602,-0.013949433304272008
2023-03-13,11230,11240,10700,11120,145964,-0.016799292661361598
2023-03-14,11010,11050,10720,10790,65451,-0.029676258992805793
2023-03-15,11000,11060,10830,10830,43820,0.003707136237256714
2023-03-16,10830,11110,10690,11060,36679,0.02123730378578026
2023-03-17,11300,11700,11080,11500,87561,0.039783001808318286
2023-03-20,11460,11600,11210,11300,56742,-0.017391304347826098
2023-03-21,11300,11640,11230,11540,69901,0.02123893805309729
2023-03-22,11550,11870,11310,11820,81012,0.024263431542461023
2023-03-23,11820,11930,11500,11500,79743,-0.027072758037225086
2023-03-24,11720,12250,11630,12190,211907,0.06000000000000005
2023-03-27,12420,12620,12020,12240,164560,0.00410172272354381
2023-03-28,12240,12500,12130,12300,152592,0.004901960784313708
2023-03-29,12520,12700,12140,12230,159875,-0.005691056910569148
2023-03-30,12520,12800,12260,12590,183507,0.029435813573180702
2023-03-31,12640,12680,12060,12280,140699,-0.024622716441620285
2023-04-03,12280,12810,12070,12700,157509,0.03420195439739415
2023-04-04,12760,12840,12290,12290,152479,-0.0322834645669291
2023-04-05,12390,12980,12290,12700,248057,0.03336045565500401
2023-04-06,12740,12760,12050,12260,213026,-0.03464566929133861
2023-04-07,12430,13860,12410,13500,699239,0.10114192495921692
2023-04-10,13800,14250,13400,13940,574460,0.032592592592592506
2023-04-11,14220,14270,13590,13830,294112,-0.007890961262553842
2023-04-12,13730,14560,13440,13990,358803,0.011569052783803269
2023-04-13,13870,14500,13210,13990,285421,0.0
2023-04-14,14040,14420,13990,14300,150182,0.022158684774839177
2023-04-17,14170,15100,13950,14650,236807,0.02447552447552437
2023-04-18,14930,15750,14560,15700,613232,0.07167235494880542
2023-04-19,15830,15900,15020,15280,304865,-0.026751592356687892
2023-04-20,15200,15200,13800,13820,436147,-0.09554973821989532
2023-04-21,13670,14180,13650,13790,153600,-0.0021707670043414895
2023-04-24,13670,13900,13350,13700,93959,-0.006526468455402501
2023-04-25,13700,13830,13150,13390,128928,-0.022627737226277422
2023-04-26,13390,13690,13150,13180,86521,-0.015683345780433178
2023-04-27,13010,13290,12720,13290,71156,0.008345978755690542
2023-04-28,13320,13400,12900,12900,79660,-0.02934537246049662
2023-05-02,12900,13500,12800,13400,68378,0.03875968992248069
2023-05-03,13130,13480,13100,13130,37698,-0.020149253731343242
2023-05-04,13150,13200,12840,12930,41366,-0.015232292460015229
2023-05-08,13190,13750,13110,13380,76355,0.03480278422273786
2023-05-09,13540,13540,13020,13070,38300,-0.023168908819133027
2023-05-10,13070,13900,12920,13840,92236,0.05891354246365732
2023-05-11,13870,14270,13750,13890,96732,0.0036127167630057855
2023-05-12,13890,14490,13750,14070,74982,0.012958963282937441
2023-05-15,14000,14070,13480,13560,74919,-0.03624733475479747
2023-05-16,13830,13950,13350,13530,62890,-0.0022123893805309214
2023-05-17,13390,13510,13250,13450,32478,-0.00591278640059123
2023-05-18,13580,14060,13520,13960,112014,0.03791821561338282
2023-05-19,14050,14640,14030,14570,112019,0.043696275071633206
2023-05-22,14420,14420,13660,14000,227799,-0.03912148249828418
2023-05-23,14000,14950,13910,14110,279304,0.007857142857142785
2023-05-24,14110,14280,13770,13980,34952,-0.009213323883770386
2023-05-25,14150,14270,13660,13700,140536,-0.02002861230329045
2023-05-26,13730,14480,13730,14350,182164,0.04744525547445266
2023-05-30,15650,15770,14360,14360,453891,0.0006968641114981633
2023-05-31,14390,14560,13930,13940,152697,-0.029247910863509752
2023-06-01,13820,14180,13680,14090,99715,0.010760401721664259
2023-06-02,14050,14130,13590,13830,171533,-0.018452803406671436
2023-06-05,14060,14060,13400,13550,138207,-0.02024584237165583
2023-06-07,13550,13550,13190,13190,105406,-0.0265682656826568
2023-06-08,13210,13440,13020,13350,78627,0.012130401819560266
2023-06-09,13320,13580,13150,13260,78872,-0.006741573033707815
2023-06-12,13260,13370,13070,13100,79352,-0.012066365007541435
2023-06-13,13430,14700,13430,14600,579907,0.11450381679389321
2023-06-14,14590,14670,13920,14050,254514,-0.03767123287671237
2023-06-15,14200,15090,14080,15010,286488,0.06832740213523136
2023-06-16,15050,15050,14560,15000,174491,-0.0006662225183211579
2023-06-19,14810,15450,14660,15230,182809,0.015333333333333421
2023-06-20,15420,15590,14760,15360,153298,0.008535784635587573
2023-06-21,15420,15630,15080,15080,103891,-0.01822916666666663
2023-06-22,15000,15300,14900,15050,75727,-0.0019893899204244114
2023-06-23,15050,15320,14840,15290,73768,0.015946843853820614
2023-06-26,15280,15290,14900,15130,71981,-0.01046435578809679
2023-06-27,15000,15100,14660,14700,59139,-0.028420356906807664
2023-06-28,14700,14810,14330,14340,95536,-0.024489795918367308
2023-06-29,14450,15030,14430,14950,113015,0.04253835425383534
2023-06-30,15230,15230,14530,14850,129789,-0.006688963210702337
2023-07-03,15050,15700,14940,15370,122864,0.035016835016834946
2023-07-04,15650,15660,14950,15410,65023,0.002602472348731233
2023-07-05,15410,15430,14870,14900,63061,-0.0330953926022064
2023-07-06,14800,14990,14380,14410,104251,-0.03288590604026842
2023-07-07,14350,14590,14190,14580,73500,0.01179736294240108
2023-07-10,15200,15220,14570,14600,152066,0.00137174211248281
2023-07-11,15000,15000,14460,14570,77594,-0.002054794520547909
2023-07-12,14570,14780,14330,14780,69301,0.01441317776252582
2023-07-13,14960,15070,14600,14910,79071,0.008795669824086527
2023-07-14,15160,15640,14870,15440,278295,0.03554661301140172
2023-07-17,15550,16900,15470,15790,650216,0.0226683937823835
2023-07-18,15700,15700,14600,15060,212822,-0.046231792273590866
2023-07-19,15120,15200,14510,14530,177712,-0.035192563081009265
2023-07-20,14570,14790,14200,14630,105489,0.006882312456985451
2023-07-21,14320,14700,14280,14500,102398,-0.008885850991114164
2023-07-24,14520,14520,13980,14010,215307,-0.03379310344827591
2023-07-25,14010,14150,13920,13950,68580,-0.004282655246252709
2023-07-26,13950,14080,13460,13600,187514,-0.02508960573476704
2023-07-27,14000,14370,13620,13960,79795,0.026470588235294024
2023-07-28,14250,14280,13850,14150,84962,0.013610315186246336
2023-07-31,14150,14250,13710,13750,129903,-0.028268551236749095
2023-08-01,13770,14080,13700,14040,60269,0.02109090909090905
2023-08-02,14040,14090,13260,13370,121092,-0.047720797720797736
2023-08-03,13220,13840,13020,13680,120580,0.023186237845923774
2023-08-04,13510,13520,13110,13250,94446,-0.0314327485380117
2023-08-07,13340,13340,12950,13060,99385,-0.014339622641509453
2023-08-08,13080,13250,12710,12800,98203,-0.019908116385911168
2023-08-09,12710,13050,12710,12860,39849,0.004687499999999956
2023-08-10,12940,12950,12700,12840,38424,-0.0015552099533436836
2023-08-11,12780,13090,12760,12840,49522,0.0
2023-08-14,12720,12900,12120,12250,133778,-0.04595015576323991
2023-08-16,12100,12500,12050,12250,87450,0.0
2023-08-17,12240,12280,11810,12070,39631,-0.014693877551020362
2023-08-18,11900,12400,11810,11860,70069,-0.0173985086992543
2023-08-21,11740,12210,11740,11750,61166,-0.009274873524451888
2023-08-22,12050,12050,11500,11570,73877,-0.015319148936170257
2023-08-23,11690,12110,11610,11910,48720,0.029386343993085484
2023-08-24,12010,12250,11670,11700,64328,-0.017632241813602012
2023-08-25,11650,11650,11380,11530,39225,-0.014529914529914478
2023-08-28,11460,11550,11430,11450,34014,-0.006938421509106729
2023-08-29,11470,11870,11400,11830,25409,0.033187772925764136
2023-08-30,12000,12590,11960,12580,95908,0.06339814032121716
2023-08-31,12650,12900,12350,12560,87387,-0.0015898251192368873
2023-09-01,12670,13120,12430,12980,74326,0.03343949044585992
2023-09-04,12990,13050,12550,12770,43449,-0.016178736517719616
2023-09-05,12660,12840,12450,12470,48640,-0.023492560689115094
2023-09-06,12640,12640,12180,12270,41880,-0.016038492381716174
2023-09-07,12150,12500,12070,12300,49363,0.0024449877750611915
2023-09-08,12300,12380,11860,12000,84516,-0.024390243902439046
2023-09-11,11900,12240,11810,11890,42069,-0.009166666666666656
2023-09-12,11930,11990,11810,11920,23471,0.002523128679562614
2023-09-13,11820,12070,11700,11710,27186,-0.017617449664429574
2023-09-14,11930,12210,11770,12100,33403,0.03330486763450047
2023-09-15,12010,12510,12010,12310,30149,0.017355371900826366
2023-09-18,12300,12500,11840,11950,35887,-0.02924451665312755
2023-09-19,11960,12000,11490,11600,61027,-0.029288702928870314
2023-09-20,11730,11790,11380,11470,22874,-0.011206896551724133
2023-09-21,11470,11470,10960,11070,76899,-0.03487358326068002
2023-09-22,10850,11260,10850,11050,24361,-0.0018066847335139746
2023-09-25,11240,11240,10850,10900,11632,-0.013574660633484115
2023-09-26,11000,11000,10620,10690,17787,-0.019266055045871533
2023-09-27,10690,10880,10570,10740,18817,0.00467726847521055
2023-10-04,10900,10900,10300,10570,21851,-0.01582867783985098
2023-10-05,10750,10760,10470,10470,11547,-0.009460737937559083
2023-10-06,10400,10650,10400,10540,17128,0.006685768863419206
2023-10-10,10540,10860,10300,10300,23173,-0.022770398481973486
2023-10-11,10440,10780,10440,10650,12038,0.03398058252427183
2023-10-12,10850,11020,10580,10960,17242,0.029107981220657386
2023-10-13,10960,11020,10290,10530,91439,-0.03923357664233573
2023-10-16,10310,10360,9860,10290,75221,-0.022792022792022748
2023-10-17,10410,10420,10050,10350,84450,0.005830903790087438
2023-10-18,10350,10370,9960,10000,54338,-0.033816425120772986
2023-10-19,9810,9850,9410,9550,73320,-0.04500000000000004
2023-10-20,9440,9440,9050,9140,80195,-0.04293193717277488
2023-10-23,9010,9380,8900,8980,99792,-0.017505470459518557
2023-10-24,8990,9370,8820,9350,44213,0.04120267260579058
2023-10-25,9400,9430,9170,9190,25805,-0.01711229946524062
2023-10-26,8950,9130,8720,8900,69770,-0.031556039173014194
2023-10-27,8860,9000,8650,8900,38938,0.0
2023-10-30,8900,8940,8380,8850,38675,-0.005617977528089901
2023-10-31,8900,8990,8260,8390,102942,-0.051977401129943535
2023-11-01,8350,8530,8260,8460,42083,0.008343265792610355
2023-11-02,8520,9470,8520,9440,108136,0.11583924349881802
2023-11-03,9440,9610,9250,9570,52297,0.013771186440677985
2023-11-06,9610,9970,9590,9740,55121,0.017763845350052154
2023-11-07,9730,9840,9530,9800,61336,0.006160164271047153
2023-11-08,9810,10120,9700,9860,90504,0.00612244897959191
2023-11-09,9940,10040,9700,9790,36799,-0.007099391480730244
2023-11-10,9650,9880,9650,9820,20253,0.003064351378958108
2023-11-13,9880,9880,9480,9520,39744,-0.03054989816700615
2023-11-14,9520,9710,9520,9710,28645,0.01995798319327724
2023-11-15,9750,10130,9750,10020,43471,0.03192584963954692
2023-11-16,9940,10090,9740,9780,34867,-0.0239520958083832
2023-11-17,9780,10100,9610,9820,35531,0.004089979550102152
2023-11-20,9910,10440,9810,10000,56599,0.018329938900203624
2023-11-21,10000,10240,9940,9970,46917,-0.0030000000000000027
2023-11-22,9860,10300,9860,10280,33334,0.031093279839518484
2023-11-23,10280,10280,10050,10170,31705,-0.010700389105058328
2023-11-24,10170,10170,10010,10100,12318,-0.006882989183874089
2023-11-27,10100,10170,10000,10170,10335,0.006930693069306937
2023-11-28,10250,10250,9890,10100,27137,-0.006882989183874089
2023-11-29,10020,10120,9900,9910,39933,-0.01881188118811883
2023-11-30,10000,10100,9920,10100,22480,0.019172552976791213
2023-12-01,10100,10140,9970,10040,25277,-0.005940594059405946
2023-12-04,10020,10040,9670,9780,73225,-0.02589641434262946
2023-12-05,9780,9840,9580,9700,49983,-0.008179959100204526
2023-12-06,9760,9790,9510,9640,14705,-0.006185567010309256
2023-12-07,9530,9790,9530,9730,17487,0.009336099585062207
2023-12-08,9870,10030,9600,9970,49267,0.02466598150051391
2023-12-11,9980,10030,9900,10020,13658,0.005015045135406293
2023-12-12,10130,10600,9970,10330,37704,0.03093812375249505
2023-12-13,10360,10810,10290,10690,96066,0.03484995159728954
2023-12-14,10800,10800,10420,10680,57914,-0.00093545369504211
2023-12-15,10580,10750,10410,10420,28244,-0.02434456928838946
2023-12-18,10420,10700,10400,10500,13383,0.007677543186180413
2023-12-19,10400,10610,10400,10470,13855,-0.0028571428571428914
2023-12-20,10610,10700,10310,10350,17513,-0.011461318051575908
2023-12-21,10190,10380,10180,10300,24556,-0.004830917874396157
2023-12-22,10310,11060,10250,10680,87131,0.03689320388349504
2023-12-26,10680,10720,10190,10210,34403,-0.04400749063670417
2023-12-27,10550,10550,10070,10330,30663,0.011753183153770719
2023-12-28,10350,10470,10200,10410,30390,0.007744433688286589
2024-01-02,10410,10710,10280,10640,52098,0.022094140249759864
2024-01-03,10640,10640,10370,10570,21479,-0.006578947368421018
2024-01-04,10610,10680,10460,10610,20853,0.0037842951750235443
2024-01-05,10610,10610,10220,10390,31789,-0.020735155513666337
2024-01-08,10520,10530,10220,10350,13857,-0.0038498556304138454
2024-01-09,10490,10650,10370,10470,29816,0.011594202898550732
2024-01-10,10500,10500,10060,10200,55931,-0.025787965616045794
2024-01-11,10230,10270,10020,10150,26362,-0.004901960784313708
2024-01-12,10150,10190,9800,9870,40608,-0.02758620689655178
2024-01-15,9870,9970,9660,9720,46705,-0.015197568389057725
2024-01-16,9820,10790,9740,10040,417594,0.03292181069958855
2024-01-17,9820,9930,9400,9550,98568,-0.04880478087649398
2024-01-18,9350,9630,9350,9490,42143,-0.006282722513089034
2024-01-19,9490,10090,9470,9960,58457,0.04952581664910438
2024-01-22,10250,10450,10040,10040,42892,0.008032128514056325
2024-01-23,10140,10140,9900,10070,21606,0.0029880478087649376
2024-01-24,10170,10170,9800,10030,27334,-0.003972194637537285
2024-01-25,10030,10180,9920,10150,44527,0.011964107676968982
2024-01-26,10030,10250,10030,10200,23708,0.0049261083743843415
2024-01-29,10400,10410,9910,10060,47544,-0.013725490196078383
2024-01-30,10150,10150,9720,9900,37830,-0.015904572564612307
2024-01-31,9950,10050,9530,9690,29752,-0.021212121212121238
2024-02-01,9730,9830,9350,9590,32806,-0.01031991744066052
2024-02-02,9500,9750,9500,9650,22888,0.006256517205422307
2024-02-05,9680,9680,9360,9470,43338,-0.01865284974093262
2024-02-06,9310,9700,9230,9630,28275,0.01689545934530101
2024-02-07,9630,9660,9420,9550,22334,-0.00830737279335414
2024-02-08,9530,9720,9520,9650,15068,0.010471204188481575
2024-02-13,9700,10030,9700,10000,28158,0.03626943005181338
2024-02-14,9920,10340,9870,10230,25882,0.02299999999999991
2024-02-15,10250,10250,10100,10180,13767,-0.004887585532746819
2024-02-16,10210,10230,10070,10090,18021,-0.008840864440078589
2024-02-19,9980,10180,9940,10090,23659,0.0
2024-02-20,10190,10190,9900,10100,21562,0.0009910802775023875
2024-02-21,10090,10600,10090,10230,52991,0.012871287128712883
2024-02-22,10330,10540,10210,10410,36981,0.017595307917888547
2024-02-23,10500,10500,9990,10270,42469,-0.013448607108549449
2024-02-26,10350,10350,9910,10030,16052,-0.023369036027263923
2024-02-27,10000,10210,9850,10070,38020,0.003988035892322994
2024-02-28,10100,10390,10020,10140,28977,0.006951340615690249
2024-02-29,10050,10190,9970,10110,16789,-0.00295857988165682
2024-03-04,10260,10890,10260,10600,107951,0.048466864490603445
2024-03-05,10540,10650,10240,10310,39149,-0.027358490566037785
2024-03-06,10280,10360,10100,10240,18632,-0.006789524733268659
2024-03-07,10240,10280,9910,9960,48259,-0.02734375
2024-03-08,10050,10350,10010,10130,46164,0.017068273092369468
2024-03-11,10100,10190,9910,10030,24114,-0.009871668311944748
2024-03-12,10020,10190,9950,10190,32770,0.0159521435692922
2024-03-13,10100,10200,10000,10170,50033,-0.001962708537782132
2024-03-14,10150,10250,9960,10140,35054,-0.002949852507374673
2024-03-15,10050,10210,9980,10080,22289,-0.00591715976331364
2024-03-18,10020,10150,9970,10150,21571,0.00694444444444442
2024-03-19,10100,10120,9990,10090,44125,-0.005911330049261032
2024-03-20,10000,10400,9970,10310,42488,0.021803766105054523
2024-03-21,10400,11050,10350,10690,203741,0.036857419980601325
2024-03-22,10800,10800,10350,10370,30666,-0.029934518241347075
2024-03-25,10970,10970,10500,10760,122245,0.03760848601735778
2024-03-26,10870,11360,10580,10970,189326,0.01951672862453524
2024-03-27,10750,11150,10730,11090,101031,0.010938924339106704
2024-03-28,11120,11640,11020,11350,142945,0.023444544634806164
2024-03-29,11350,11360,11060,11190,50820,-0.014096916299559448
2024-04-01,11330,11680,11050,11210,127007,0.0017873100983021306
2024-04-02,11350,11440,11150,11250,72227,0.003568242640499486
2024-04-03,11170,11590,10970,11440,95189,0.016888888888888953
2024-04-04,11460,11940,11430,11860,149553,0.036713286713286664
2024-04-05,11900,11990,11610,11710,67392,-0.012647554806070826
2024-04-08,11770,11910,11360,11700,82050,-0.0008539709649871829
2024-04-09,11550,12700,11230,11420,652148,-0.023931623931623958
2024-04-11,11300,11670,11090,11550,82030,0.01138353765323985
2024-04-12,11670,12100,11550,11720,106728,0.014718614718614687
2024-04-15,11690,11690,11090,11430,47689,-0.024744027303754246
2024-04-16,11400,11420,10850,11120,74362,-0.027121609798775204
2024-04-17,11310,11820,11080,11590,80577,0.04226618705035978
2024-04-18,11440,11800,11200,11680,42083,0.007765314926660993
2024-04-19,11750,11750,11100,11370,81915,-0.02654109589041098
2024-04-22,11380,11380,11000,11020,56125,-0.030782761653474044
2024-04-23,11020,11270,10800,10900,47320,-0.010889292196007205
2024-04-24,11120,11510,10970,11290,83965,0.0357798165137615
2024-04-25,11250,11450,11090,11240,31660,-0.004428697962798989
2024-04-26,11350,11550,11130,11140,65435,-0.008896797153024938
2024-04-29,11290,11360,11130,11290,25602,0.013464991023339312
2024-04-30,11290,11400,11200,11250,21558,-0.003542958370239102
2024-05-02,11250,11300,11060,11250,18324,0.0
2024-05-03,11380,11380,11070,11100,26161,-0.013333333333333308
2024-05-07,11100,11610,11100,11400,43521,0.027027027027026973
2024-05-08,11400,11640,11310,11620,29578,0.019298245614035148
2024-05-09,11600,11840,11360,11530,29568,-0.0077452667814114085
2024-05-10,11590,11590,11060,11140,74256,-0.033824804856895097
2024-05-13,10950,11160,10830,10830,34609,-0.027827648114901238
2024-05-14,10830,10950,10710,10820,32911,-0.0009233610341643494
2024-05-16,10830,10910,10740,10790,26487,-0.0027726432532347856
2024-05-17,10740,10750,10530,10630,23719,-0.014828544949026856
2024-05-20,10630,10630,9800,9900,177247,-0.06867356538099723
2024-05-21,9990,10050,9590,9800,69840,-0.010101010101010055
2024-05-22,9850,9870,9650,9870,40863,0.0071428571428571175
2024-05-23,9870,9870,9610,9840,24951,-0.003039513677811523
2024-05-24,9840,9840,9500,9590,24899,-0.025406504065040636
2024-05-27,9590,9970,9590,9820,34684,0.023983315954118956
2024-05-28,9920,10190,9820,10100,55746,0.02851323828920571
2024-05-29,10120,10200,9960,10010,33956,-0.008910891089108919
2024-05-30,10010,10080,9840,10020,24263,0.0009990009990010762
2024-05-31,10100,10130,9980,10010,14319,-0.0009980039920159944
2024-06-03,9870,10330,9870,10090,45203,0.007992007992007943
2024-06-04,10100,10120,9870,9950,23384,-0.013875123885034646
2024-06-05,9830,10050,9830,9990,17097,0.004020100502512669
2024-06-07,10050,10090,9890,10010,18908,0.002002002002001957
2024-06-10,9910,10050,9810,9960,26631,-0.004995004995005048
2024-06-11,9960,10040,9910,9910,16339,-0.005020080321285092
2024-06-12,10000,10000,9730,9730,23048,-0.01816347124117057
2024-06-13,9730,10160,9730,10160,49989,0.04419321685508737
2024-06-14,10130,10300,9950,9990,32149,-0.0167322834645669
2024-06-17,9990,10090,9910,10000,16292,0.0010010010010010895
2024-06-18,10000,10150,10000,10140,25851,0.014000000000000012
2024-06-19,10150,10220,9990,10090,23209,-0.004930966469428033
2024-06-20,10130,10150,10030,10080,15807,-0.0009910802775024985
2024-06-21,10080,10080,9810,9850,18432,-0.022817460317460347
2024-06-24,9760,9850,9550,9740,18344,-0.011167512690355319
2024-06-25,9650,9900,9650,9810,16129,0.007186858316221789
2024-06-26,9990,9990,9810,9930,15934,0.012232415902140747
2024-06-27,9950,9990,9860,9860,21298,-0.007049345417925457
2024-06-28,9960,9960,9640,9660,49378,-0.020283975659229236
2024-07-01,9660,9790,9640,9760,8033,0.010351966873705987
2024-07-02,9790,9790,9240,9450,43824,-0.03176229508196726
2024-07-03,9400,9740,9270,9610,31309,0.01693121693121702
2024-07-04,9610,9770,9460,9640,25303,0.003121748178980255
2024-07-05,9540,9630,9050,9090,46762,-0.05705394190871371
2024-07-08,9180,10090,9100,9360,54225,0.02970297029702973
2024-07-09,9370,10620,9370,10210,285976,0.09081196581196571
2024-07-10,10290,10450,9990,10220,92904,0.0009794319294809117
2024-07-11,10150,10670,10150,10470,107068,0.024461839530332652
2024-07-12,10480,10570,9820,10100,68121,-0.03533906399235909
2024-07-15,10090,10100,9790,10000,33693,-0.00990099009900991
2024-07-16,9830,9970,9830,9910,17368,-0.009000000000000008
2024-07-17,9870,9890,9670,9670,44954,-0.024217961654894093
2024-07-18,9550,9660,9330,9420,30928,-0.02585315408479838
2024-07-19,9410,9410,9150,9180,56204,-0.02547770700636942
2024-07-22,9050,9110,8670,8810,60702,-0.04030501089324623
2024-07-23,8810,9110,8810,8940,45651,0.014755959137343844
2024-07-24,8900,9270,8830,9010,26207,0.007829977628635243
2024-07-25,9000,9110,8800,8970,34677,-0.004439511653718142
2024-07-26,8860,9110,8860,8930,13153,-0.004459308807134854
2024-07-29,9020,9030,8810,8920,19226,-0.0011198208286674616
2024-07-30,8970,8970,8650,8750,23797,-0.01905829596412556
2024-07-31,8750,8790,8560,8770,25312,0.0022857142857142243
2024-08-01,8770,8990,8760,8870,19308,0.011402508551881407
2024-08-02,8840,8840,8350,8430,51768,-0.049605411499436314
2024-08-05,8490,8490,6760,7230,187235,-0.14234875444839856
2024-08-06,7230,8830,7230,8350,260509,0.1549100968188104
2024-08-07,8850,8850,8230,8350,38001,0.0
2024-08-08,8100,8350,8000,8090,17636,-0.03113772455089825
2024-08-09,8220,8440,8170,8250,7366,0.01977750309023496
2024-08-12,8340,8600,8200,8370,21067,0.014545454545454639
2024-08-13,8290,8420,8200,8290,16642,-0.009557945041816063
2024-08-14,8380,8420,8250,8340,17319,0.006031363088057962
2024-08-16,8340,8590,8310,8380,17648,0.004796163069544335
2024-08-19,8370,8590,8300,8350,18817,-0.0035799522673031214
2024-08-20,8400,8850,8370,8770,24925,0.05029940119760479
2024-08-21,8680,8890,8570,8740,13638,-0.0034207525655644
2024-08-22,9000,9000,8460,8570,21374,-0.0194508009153318
2024-08-23,8480,8600,8440,8540,6986,-0.003500583430571802
2024-08-26,8550,8600,8220,8290,16626,-0.029274004683840782
2024-08-27,8290,8290,7940,8260,64442,-0.003618817852834688
2024-08-28,8820,8820,7950,8110,94282,-0.018159806295399483
2024-08-29,8120,8120,7830,7950,30812,-0.019728729963008673
2024-08-30,7950,8140,7860,8030,21443,0.010062893081761004
2024-09-02,8030,8030,7770,7840,27027,-0.023661270236612686
2024-09-03,7810,7880,7590,7650,18727,-0.02423469387755106
2024-09-04,7520,7520,7280,7390,29484,-0.033986928104575154
2024-09-05,7390,7470,7100,7320,19073,-0.009472259810554773
2024-09-06,7320,7320,7000,7190,16040,-0.01775956284153002
2024-09-09,7100,7190,6920,7160,13929,-0.004172461752433909
2024-09-10,7150,7240,7050,7200,4338,0.005586592178770999
2024-09-11,7230,7320,7070,7140,15587,-0.008333333333333304
2024-09-12,7180,7480,7160,7440,13776,0.04201680672268915
2024-09-13,7480,7480,7310,7420,5249,-0.0026881720430107503
2024-09-19,7520,7520,7210,7280,18035,-0.018867924528301883
2024-09-20,7320,7430,7320,7350,8125,0.009615384615384581
2024-09-23,7330,7480,7270,7460,14819,0.014965986394557929
2024-09-24,7460,7490,7180,7420,33951,-0.00536193029490617
2024-09-25,7420,7540,7320,7410,28070,-0.0013477088948786742
2024-09-26,7430,7690,7410,7540,45725,0.01754385964912286
2024-09-27,7520,7690,7470,7480,19302,-0.007957559681697646
2024-09-30,7500,7500,7240,7270,14059,-0.02807486631016043
2024-10-02,7200,7300,7080,7220,14044,-0.00687757909215958
2024-10-04,7220,7250,7130,7150,13852,-0.00969529085872578
2024-10-07,7150,7220,7070,7180,8933,0.00419580419580412
2024-10-08,7180,7180,7090,7110,10567,-0.00974930362116988
2024-10-10,7100,7140,7010,7110,13456,0.0
2024-10-11,7040,7150,7000,7080,10640,-0.00421940928270037
2024-10-14,7090,7140,7000,7000,15872,-0.011299435028248594
2024-10-15,7080,7140,6860,6960,25453,-0.005714285714285672
2024-10-16,6960,6960,6770,6900,39005,-0.008620689655172376
2024-10-17,6900,6940,6790,6910,11496,0.0014492753623187582
2024-10-18,6860,6870,6680,6680,23091,-0.03328509406657021
2024-10-21,6790,6790,6620,6690,9327,0.0014970059880239361
2024-10-22,6690,6720,6430,6440,22869,-0.03736920777279518
2024-10-23,6440,6510,6350,6350,41395,-0.013975155279503104
2024-10-24,6310,6370,6110,6180,31199,-0.026771653543307128
2024-10-25,6220,6500,6090,6180,23503,0.0
2024-10-28,6120,6330,6110,6280,12947,0.016181229773462702
2024-10-29,6130,6200,5960,6090,40613,-0.030254777070063743
2024-10-30,6030,6130,5890,5970,21629,-0.019704433497536922
2024-10-31,5970,6050,5800,5970,15075,0.0
2024-11-01,6000,6030,5640,5690,33997,-0.04690117252931325
2024-11-04,5700,5750,5530,5560,37369,-0.02284710017574687
2024-11-05,5560,5760,5470,5490,70199,-0.01258992805755399
2024-11-06,5600,5970,5140,5290,195458,-0.03642987249544627
2024-11-07,5400,5400,5160,5330,39976,0.007561436672967936
2024-11-08,5280,5400,5210,5350,37273,0.0037523452157599557
2024-11-11,5350,5350,4975,4990,65756,-0.06728971962616825
2024-11-12,4990,4990,4755,4815,46557,-0.0350701402805611
2024-11-13,4815,4835,4640,4695,39946,-0.024922118380062308
2024-11-14,4795,4800,4655,4665,17297,-0.006389776357827448
2024-11-15,4665,4830,4610,4815,17867,0.03215434083601276
2024-11-18,4815,4905,4755,4785,17249,-0.006230529595015577
2024-11-19,4810,4810,4625,4630,15500,-0.03239289446186
2024-11-20,4630,4655,4535,4610,24622,-0.004319654427645814
2024-11-21,4565,4795,4565,4680,18717,0.015184381778741818
2024-11-22,4640,4970,4595,4880,16970,0.042735042735042805
2024-11-25,4905,4925,4700,4785,67762,-0.01946721311475408
2024-11-26,4785,4885,4675,4785,20374,0.0
2024-11-27,4720,4845,4645,4695,48230,-0.018808777429467072
2024-11-28,4695,4695,4550,4655,25071,-0.008519701810436597
2024-11-29,4610,4650,4455,4590,21348,-0.013963480128893702
2024-12-02,4580,4590,4330,4350,38680,-0.05228758169934644
2024-12-03,4310,4425,4310,4420,12068,0.016091954022988464
2024-12-04,4320,4445,4255,4445,23836,0.005656108597285048
2024-12-05,4325,4415,4260,4270,17273,-0.03937007874015752
2024-12-06,4270,4290,4015,4045,40104,-0.052693208430913296
2024-12-09,3960,4020,3840,3840,45037,-0.050679851668726794
2024-12-10,3940,4240,3895,4100,38360,0.06770833333333326
2024-12-11,4100,4170,4100,4120,14864,0.004878048780487809
2024-12-12,4080,4280,4080,4155,7741,0.008495145631068013
2024-12-13,4180,4310,4130,4310,10951,0.03730445246690728
2024-12-16,4305,4420,4275,4310,19344,0.0
2024-12-17,4285,4335,4260,4325,10386,0.0034802784222738303
2024-12-18,4320,4320,4200,4260,11395,-0.015028901734104094
2024-12-19,4255,4255,4125,4125,17077,-0.03169014084507038
2024-12-20,4125,4125,4010,4030,10306,-0.023030303030303068
2024-12-23,4045,4120,4030,4095,10261,0.016129032258064502
2024-12-24,4100,4300,4090,4285,27863,0.046398046398046455
2024-12-26,4485,5170,4330,4395,662007,0.025670945157526326
2024-12-27,4260,4320,4120,4140,56164,-0.058020477815699634
2024-12-30,4140,4210,4050,4190,27489,0.012077294685990392
2025-01-02,4190,4240,4115,4215,21603,0.005966587112171906
2025-01-03,4215,4350,4215,4235,28216,0.004744958481613271
2025-01-06,4235,4450,4230,4430,52610,0.046044864226682414
2025-01-07,4430,4575,4370,4440,23553,0.0022573363431150906
2025-01-08,4520,4600,4330,4490,42680,0.011261261261261257
2025-01-09,4455,4545,4455,4515,28205,0.0055679287305121505
2025-01-10,4515,4580,4475,4545,18545,0.006644518272425293
2025-01-13,4565,4680,4500,4505,33011,-0.008800880088008833
2025-01-14,4505,4610,4465,4540,13650,0.007769145394006749
2025-01-15,4495,4635,4495,4560,12608,0.004405286343612369
2025-01-16,4560,4700,4560,4605,58732,0.009868421052631637
2025-01-17,4675,4675,4485,4565,24499,-0.008686210640608039
2025-01-20,4565,4640,4500,4500,28654,-0.014238773274917849
2025-01-21,4500,4600,4410,4540,16633,0.008888888888888946
2025-01-22,4590,4815,4540,4790,69469,0.05506607929515428
2025-01-23,4750,4800,4645,4725,29353,-0.013569937369519836
2025-01-24,4710,5080,4710,4950,98000,0.04761904761904767
2025-01-31,4815,4935,4730,4765,56454,-0.03737373737373739
2025-02-03,4750,4760,4400,4425,52851,-0.0713536201469045
2025-02-04,4405,4720,4405,4585,26216,0.0361581920903955
2025-02-05,4545,4620,4540,4570,8689,-0.0032715376226826187
2025-02-06,4595,4795,4580,4690,18373,0.026258205689277947
2025-02-07,4635,4740,4630,4640,16360,-0.010660980810234588
2025-02-10,4670,4880,4450,4840,41184,0.0431034482758621
2025-02-11,4795,4855,4750,4790,24913,-0.010330578512396715
2025-02-12,4790,4830,4715,4795,21839,0.0010438413361169019
2025-02-13,4755,5510,4755,5400,350026,0.12617309697601664
2025-02-14,5350,5350,5090,5100,106853,-0.05555555555555558
2025-02-17,5150,5380,5140,5260,71152,0.031372549019607954
2025-02-18,5400,5410,5200,5270,27501,0.0019011406844107182
2025-02-19,5380,5660,5280,5550,68042,0.05313092979127143
2025-02-20,5570,5610,5400,5430,28980,-0.021621621621621623
2025-02-21,5410,5460,5220,5220,17823,-0.03867403314917128
2025-02-24,5110,5430,5100,5410,24324,0.03639846743295028
2025-02-25,5370,5580,5130,5130,52122,-0.05175600739371533
2025-02-26,5130,5200,5000,5150,37769,0.003898635477582957
2025-02-27,5110,5230,5060,5160,34587,0.001941747572815622
2025-02-28,5120,5120,4925,5000,46154,-0.03100775193798455
2025-03-04,5000,5000,4895,4940,29868,-0.01200000000000001
2025-03-05,4935,5100,4925,4925,30134,-0.0030364372469635637
2025-03-06,4925,4965,4610,4610,60399,-0.06395939086294411
2025-03-07,4595,4880,4590,4630,107265,0.00433839479392617
2025-03-10,4660,5040,4660,4730,125425,0.021598272138228847
2025-03-11,4730,4790,4600,4685,76410,-0.009513742071881603
2025-03-12,4690,5530,4650,5030,586052,0.0736392742796157
2025-03-13,5050,5160,4900,4965,54450,-0.012922465208747513
2025-03-14,4970,5310,4970,5050,74042,0.017119838872104776
2025-03-17,5040,5320,4985,5120,50147,0.013861386138613874
2025-03-18,5120,5260,5070,5250,33966,0.025390625
2025-03-19,5250,5350,5180,5270,37458,0.003809523809523707
2025-03-20,5300,5800,5200,5270,173903,0.0
2025-03-21,5270,5540,5270,5310,46243,0.007590132827324458
2025-03-24,5310,5420,5210,5420,19152,0.020715630885122405
2025-03-25,5410,5450,5080,5080,64092,-0.0627306273062731
2025-03-26,5080,5290,5070,5080,36853,0.0
2025-03-27,5030,5100,4965,5050,25475,-0.0059055118110236116
2025-03-28,5000,5040,4850,4975,22268,-0.014851485148514865
2025-03-31,4935,5000,4780,5000,39089,0.005025125628140614
2025-04-01,4970,5100,4960,5070,8891,0.014000000000000012
2025-04-02,5280,5280,4990,5010,19320,-0.011834319526627168
2025-04-03,4995,5020,4900,4960,12639,-0.009980039920159722
2025-04-04,4730,5160,4730,5030,21774,0.014112903225806495
2025-04-07,4970,4970,4650,4650,36188,-0.07554671968190851
2025-04-08,4710,4870,4605,4630,24594,-0.004301075268817178
2025-04-09,4600,4770,4370,4450,28646,-0.0388768898488121
2025-04-10,4600,4855,4600,4805,11983,0.07977528089887631
2025-04-11,4810,5020,4745,5010,22594,0.042663891779396446
2025-04-14,5010,5090,4970,5000,16979,-0.001996007984031989
2025-04-15,5000,5050,4945,4995,9408,-0.0010000000000000009
2025-04-16,5000,5000,4800,4800,11106,-0.03903903903903905
2025-04-17,4805,4970,4805,4900,7069,0.02083333333333326
2025-04-18,4900,4945,4835,4920,5011,0.004081632653061273
2025-04-21,4920,4970,4865,4880,19427,-0.008130081300813052
2025-04-22,4885,4905,4715,4730,34914,-0.030737704918032738
2025-04-23,4765,4895,4700,4865,23394,0.02854122621564481
2025-04-24,4835,5310,4820,5210,110595,0.07091469681397733
2025-04-25,5250,5270,5160,5200,30613,-0.0019193857965451588
2025-04-28,5200,5250,5140,5220,30575,0.0038461538461538325
2025-04-29,5210,5250,5140,5200,16464,-0.003831417624521105
2025-04-30,5250,5250,4945,5030,31789,-0.03269230769230769
2025-05-02,5230,5230,4897,4920,18889,-0.021868787276341894
2025-05-07,4940,4950,4860,4920,8835,0.0
2025-05-08,4945,5080,4910,4930,21978,0.00203252032520318
2025-05-09,4910,5000,4765,4875,40952,-0.011156186612576113
2025-05-12,4880,4970,4770,4960,22356,0.017435897435897463
2025-05-13,4965,5070,4945,4990,29063,0.006048387096774244
2025-05-14,5000,5060,4935,4965,26558,-0.00501002004008011
2025-05-15,4970,4985,4840,4950,27580,-0.0030211480362537513
2025-05-16,4950,4950,4720,4810,27769,-0.028282828282828243
2025-05-19,4775,4805,4570,4600,32996,-0.043659043659043606
2025-05-20,4590,4695,4585,4620,14326,0.004347826086956497
2025-05-21,4645,4730,4520,4585,28359,-0.007575757575757569
2025-05-22,4585,4585,4450,4510,26181,-0.016357688113413316
2025-05-23,4510,4510,4320,4320,37684,-0.04212860310421285
2025-05-26,4320,4430,4310,4310,49599,-0.0023148148148147696
2025-05-27,4295,4315,4210,4230,27297,-0.018561484918793503
2025-05-28,4270,4340,4240,4250,30578,0.004728132387706863
2025-05-29,4250,4315,4185,4205,64868,-0.010588235294117676
2025-05-30,4190,4350,4190,4225,34897,0.0047562425683709275
2025-06-02,4195,4225,4120,4170,29263,-0.013017751479289963
2025-06-04,4175,4290,4175,4220,50946,0.011990407673860837
2025-06-05,4260,4430,4230,4300,151114,0.018957345971563955
2025-06-09,4350,4400,4260,4345,28445,0.010465116279069875
2025-06-10,4350,4385,4260,4285,28512,-0.013808975834292303
2025-06-11,4285,4360,4265,4345,57252,0.014002333722286986
2025-06-12,4355,4385,4285,4295,51597,-0.011507479861910253
2025-06-13,4440,4440,4120,4120,50247,-0.04074505238649595
2025-06-16,4150,4265,3940,3960,81768,-0.03883495145631066
2025-06-17,4000,4090,3930,4065,44953,0.026515151515151603
2025-06-18,4065,4065,3900,3915,61133,-0.03690036900369009
2025-06-19,3915,3940,3865,3915,19026,0.0
2025-06-20,3935,3995,3890,3930,34258,0.003831417624521105
2025-06-23,4190,4190,3835,3840,35584,-0.022900763358778664
2025-06-24,3840,4015,3840,3980,28380,0.03645833333333326
2025-06-25,3980,4100,3950,4040,25599,0.015075376884422065
2025-06-26,4080,4080,3930,3995,31824,-0.011138613861386149
2025-06-27,4000,4020,3870,3950,19367,-0.01126408010012514
2025-06-30,3960,3960,3880,3880,12334,-0.017721518987341756
2025-07-01,3945,3955,3885,3950,6252,0.018041237113401998
2025-07-02,4035,4035,3860,3950,11282,0.0
2025-07-03,3920,3980,3915,3975,19905,0.006329113924050667
2025-07-04,3970,3970,3840,3855,34003,-0.030188679245283012
2025-07-07,3855,3855,3745,3760,48846,-0.024643320363164745
2025-07-08,3680,3865,3680,3860,25815,0.02659574468085113
2025-07-09,4025,4025,3785,3845,29895,-0.0038860103626943143
2025-07-10,3820,3845,3780,3805,17672,-0.01040312093628093
2025-07-11,3730,3870,3730,3780,18211,-0.006570302233902758
2025-07-14,3780,3825,3755,3795,18406,0.003968253968253954
2025-07-15,3790,3860,3735,3805,23874,0.0026350461133068936
2025-07-16,3855,3855,3700,3740,18278,-0.01708278580814715
2025-07-17,3745,3800,3700,3775,8070,0.009358288770053402
2025-07-18,3810,3895,3755,3845,16488,0.018543046357615944
2025-07-21,3845,3850,3795,3835,8029,-0.002600780234070177
2025-07-22,3770,3940,3755,3825,28939,-0.0026075619295958807
2025-07-23,3825,3840,3775,3785,10379,-0.010457516339869244
2025-07-24,3775,3825,3750,3760,11433,-0.006605019815059454
2025-07-25,3730,3800,3665,3665,34998,-0.025265957446808485
2025-07-28,3675,3820,3670,3800,29409,0.03683492496589369
2025-07-29,3800,3800,3705,3785,14690,-0.003947368421052588
2025-07-30,3715,3845,3715,3765,26458,-0.005284015852047519
2025-07-31,3705,3800,3705,3750,12410,-0.003984063745019917
2025-08-01,3700,3715,3620,3620,21965,-0.03466666666666662
2025-08-04,3520,3575,3455,3485,61782,-0.037292817679558055
2025-08-05,3435,3530,3435,3485,59241,0.0
2025-08-06,3415,3645,3415,3465,45015,-0.0057388809182209455
2025-08-07,3455,3530,3455,3510,20413,0.01298701298701288
2025-08-08,3510,3580,3495,3525,26861,0.004273504273504258
2025-08-11,3525,3540,3450,3465,12917,-0.017021276595744705
2025-08-12,3450,3505,3430,3475,18791,0.0028860028860029363
2025-08-13,3475,3600,3465,3505,22021,0.008633093525179936
2025-08-14,3505,4240,3450,3620,912325,0.032810271041369576
2025-08-18,3600,3600,3505,3545,60379,-0.02071823204419887
2025-08-19,3550,3575,3455,3475,45075,-0.019746121297602226
2025-08-20,3430,3600,3420,3480,35223,0.0014388489208632116
2025-08-21,3485,3605,3460,3480,21567,0.0
2025-08-22,3480,3590,3455,3530,15009,0.014367816091954033
2025-08-25,3540,3585,3500,3535,12498,0.0014164305949009304
2025-08-26,3535,3580,3495,3560,16715,0.007072135785006983
2025-08-27,3565,3575,3500,3545,21200,-0.004213483146067398
2025-08-28,3595,3595,3480,3485,17811,-0.016925246826516194
2025-08-29,3490,3545,3450,3495,9967,0.0028694404591105283
2025-09-01,3495,3545,3425,3495,16975,0.0
2025-09-02,3495,3565,3440,3485,13381,-0.0028612303290415086
2025-09-03,3485,3490,3435,3485,4351,0.0
2025-09-04,3565,3565,3475,3550,15352,0.01865136298421799
2025-09-05,3565,3610,3530,3595,17006,0.012676056338028152
2025-09-08,3670,3670,3550,3595,11927,0.0
2025-09-09,3595,3650,3540,3555,6117,-0.011126564673157202
2025-09-10,3555,3680,3555,3640,22592,0.02390998593530247
2025-09-11,3640,3650,3580,3615,13413,-0.006868131868131844
2025-09-12,3625,3760,3580,3720,45374,0.029045643153526868
2025-09-15,3785,4100,3740,3840,273077,0.032258064516129004
2025-09-16,3810,3900,3755,3890,34052,0.01302083333333326
2025-09-17,3890,4120,3825,4045,97219,0.03984575835475579
2025-09-18,4050,4115,3970,4080,78263,0.008652657601977642
2025-09-19,4040,4050,3970,3970,36710,-0.026960784313725505
2025-09-22,3965,5070,3945,4500,3213622,0.1335012594458438
2025-09-23,4725,5050,4340,4395,1088040,-0.023333333333333317
2025-09-24,4295,4375,4160,4300,208896,-0.021615472127417545
2025-09-25,4250,4325,4140,4145,169781,-0.03604651162790695
2025-09-26,4095,4125,3950,4005,88535,-0.033775633293124274
2025-09-29,4005,4110,3950,4005,53009,0.0
2025-09-30,3980,4100,3980,4070,58351,0.01622971285892638
2025-10-01,4150,4950,4070,4380,2526751,0.07616707616707608
2025-10-02,4430,5100,4420,4645,2767103,0.060502283105022814
2025-10-10,4665,4830,4565,4595,369405,-0.01076426264800856
2025-10-13,4395,4605,4275,4605,118189,0.0021762785636560977
2025-10-14,4605,4660,4150,4370,152595,-0.05103148751357223
2025-10-15,4540,4570,4325,4570,102789,0.04576659038901609
2025-10-16,4615,4615,4455,4520,62130,-0.01094091903719907
2025-10-17,4520,4570,4365,4375,71436,-0.03207964601769908
2025-10-20,4375,4480,4335,4400,92931,0.005714285714285783
2025-10-21,4405,4520,4320,4340,98126,-0.013636363636363669
2025-10-22,4340,4340,4155,4270,95223,-0.016129032258064502
2025-10-23,4270,4270,4130,4165,41669,-0.024590163934426257
2025-10-24,4165,4255,4155,4200,43061,0.008403361344537785
2025-10-27,4200,4265,4130,4220,42810,0.004761904761904745
2025-10-28,4220,4220,4060,4075,55066,-0.034360189573459765
2025-10-29,4075,4150,3995,4135,54917,0.014723926380368013
2025-10-30,4135,4180,3995,3995,42136,-0.03385731559854899
2025-10-31,3965,4090,3965,4045,21574,0.01251564455569465
2025-11-03,4045,4120,4020,4090,39556,0.011124845488257096
2025-11-04,4090,4125,4005,4005,30568,-0.020782396088019572
2025-11-05,4005,4050,3720,3930,89106,-0.01872659176029967
2025-11-06,3930,4065,3765,3890,32965,-0.010178117048346036
2025-11-07,3860,3925,3705,3740,40299,-0.03856041131105403
2025-11-10,3710,3885,3700,3875,39350,0.03609625668449201
2025-11-11,3875,4860,3875,4200,1071136,0.08387096774193559
2025-11-12,4210,4250,4075,4145,98433,-0.013095238095238049
2025-11-13,4080,4190,4080,4135,36836,-0.0024125452352231624
2025-11-14,4020,4050,3925,3925,61217,-0.050785973397823425
2025-11-17,3950,4205,3950,4165,73363,0.06114649681528661
2025-11-18,4170,4180,3955,3955,39954,-0.050420168067226934
2025-11-19,3955,3980,3805,3945,44063,-0.0025284450063211006
2025-11-20,3985,4090,3985,4025,31962,0.020278833967046994
2025-11-21,3875,3930,3800,3805,51958,-0.05465838509316767
2025-11-24,3805,4025,3770,3795,22928,-0.0026281208935611255
2025-11-25,3795,3905,3785,3840,16514,0.011857707509881354
2025-11-26,3860,3890,3800,3885,19767,0.01171875
2025-11-27,3890,3940,3825,3885,23919,0.0
2025-11-28,3865,3950,3855,3950,17645,0.016731016731016624
2025-12-01,3955,4355,3955,4300,255449,0.08860759493670889
2025-12-02,4400,4480,4230,4230,116595,-0.016279069767441867
2025-12-03,4230,4940,4230,4715,521669,0.11465721040189125
2025-12-04,4635,5190,4400,4850,1078562,0.028632025450689325
2025-12-05,4790,4790,4330,4400,376322,-0.09278350515463918
2025-12-08,4400,4580,4225,4325,285302,-0.017045454545454586
2025-12-09,4350,4350,4172,4235,123502,-0.020809248554913284
2025-12-10,4255,4430,4235,4305,77916,0.016528925619834656
2025-12-11,4280,4670,4280,4550,164970,0.05691056910569103
2025-12-12,4635,4635,4390,4400,65341,-0.03296703296703296
2025-12-15,4360,4360,4250,4305,30899,-0.021590909090909105
2025-12-16,4260,4310,4145,4155,47950,-0.03484320557491294
2025-12-17,4115,4190,4105,4150,38633,-0.001203369434416346
2025-12-18,4055,4155,4020,4050,57836,-0.02409638554216864
2025-12-19,4050,4225,4030,4200,53754,0.03703703703703698
2025-12-22,4285,4710,4160,4590,168274,0.09285714285714275
