Date,Open,High,Low,Close,Volume,Change
2022-01-03,5780,5800,5690,5740,20132,-0.00692041522491349
2022-01-04,5710,5740,5620,5710,48635,-0.005226480836236891
2022-01-05,5690,5690,5550,5630,56907,-0.014010507880910628
2022-01-06,5530,5700,5520,5570,72106,-0.010657193605683846
2022-01-07,5570,5770,5550,5740,62014,0.030520646319569078
2022-01-10,5790,5870,5630,5680,32369,-0.010452961672473893
2022-01-11,5680,5700,5540,5560,50061,-0.021126760563380254
2022-01-12,5570,5760,5570,5740,45374,0.03237410071942448
2022-01-13,5790,5900,5750,5850,74529,0.019163763066202044
2022-01-14,5880,5930,5800,5890,82438,0.006837606837606813
2022-01-17,5930,5950,5780,5880,71506,-0.001697792869269965
2022-01-18,5850,6030,5810,5880,141547,0.0
2022-01-19,5820,5890,5650,5710,64722,-0.028911564625850317
2022-01-20,5660,5970,5650,5900,82629,0.03327495621716281
2022-01-21,5920,5970,5780,5830,63634,-0.011864406779661052
2022-01-24,5780,5780,5400,5410,80262,-0.07204116638078906
2022-01-25,5410,5460,5110,5120,69549,-0.05360443622920519
2022-01-26,5110,5290,5090,5220,31897,0.01953125
2022-01-27,5220,5220,4945,5030,47202,-0.036398467432950166
2022-01-28,5000,5180,4860,5100,44103,0.013916500994035852
2022-02-03,5190,5390,5190,5230,20862,0.025490196078431282
2022-02-04,5250,5420,5210,5370,32333,0.026768642447418722
2022-02-07,5360,5480,5320,5460,24705,0.016759776536312776
2022-02-08,5410,5530,5350,5370,34087,-0.016483516483516536
2022-02-09,5450,5490,5350,5420,9842,0.009310986964618184
2022-02-10,5420,5520,5240,5260,32707,-0.029520295202952074
2022-02-11,5200,5320,5150,5260,30786,0.0
2022-02-14,5200,5200,5000,5130,37375,-0.024714828897338448
2022-02-15,5080,5110,4925,4935,52563,-0.03801169590643272
2022-02-16,5000,5190,5000,5130,12799,0.03951367781155013
2022-02-17,5200,5200,4975,5060,39461,-0.013645224171540016
2022-02-18,5010,5120,4945,5110,15306,0.009881422924901129
2022-02-21,5110,5130,4980,5120,12630,0.001956947162426559
2022-02-22,5060,5080,4950,5000,45359,-0.0234375
2022-02-23,4975,5070,4965,5030,13753,0.006000000000000005
2022-02-24,5040,5040,4885,4910,33272,-0.02385685884691846
2022-02-25,4955,5070,4935,5010,32372,0.020366598778004175
2022-02-28,5020,5080,4985,5070,18405,0.011976047904191711
2022-03-02,5090,5260,5040,5080,17988,0.0019723865877712132
2022-03-03,5150,5250,5080,5250,37346,0.0334645669291338
2022-03-04,5190,5270,5110,5170,38473,-0.015238095238095273
2022-03-07,5100,5160,4980,4995,33839,-0.03384912959381048
2022-03-08,4945,5030,4880,4980,22514,-0.0030030030030030463
2022-03-10,4995,5100,4995,5050,10083,0.014056224899598346
2022-03-11,5090,5160,5040,5080,7354,0.005940594059405946
2022-03-14,5080,5080,4970,4990,16740,-0.017716535433070835
2022-03-15,4940,5040,4940,5010,14655,0.004008016032064132
2022-03-16,5020,5100,4995,5070,20839,0.011976047904191711
2022-03-17,5080,5180,5080,5180,16594,0.021696252465483346
2022-03-18,5210,5210,5120,5180,13115,0.0
2022-03-21,5180,5220,5120,5180,22767,0.0
2022-03-22,5180,5250,5080,5250,21595,0.013513513513513598
2022-03-23,5280,5350,5230,5350,20489,0.01904761904761898
2022-03-24,5320,5350,5240,5320,26638,-0.005607476635513975
2022-03-25,5300,5370,5260,5290,23531,-0.005639097744360888
2022-03-28,5290,5320,5210,5260,21146,-0.005671077504725952
2022-03-29,5270,5370,5260,5360,17445,0.019011406844106515
2022-03-30,5360,5380,5280,5360,18580,0.0
2022-03-31,5360,5360,5280,5320,15865,-0.007462686567164201
2022-04-01,5320,5360,5240,5350,36976,0.005639097744360999
2022-04-04,5350,5450,5340,5440,61580,0.016822429906542036
2022-04-05,5500,5500,5390,5460,28263,0.003676470588235281
2022-04-06,5460,5460,5310,5340,27340,-0.02197802197802201
2022-04-07,5330,5330,5150,5290,27510,-0.009363295880149836
2022-04-08,5260,5380,5230,5380,25584,0.017013232514177634
2022-04-11,5370,5390,5290,5320,20160,-0.01115241635687736
2022-04-12,5210,5320,5200,5320,19147,0.0
2022-04-13,5270,5450,5220,5320,17349,0.0
2022-04-14,5410,5410,5320,5350,17754,0.005639097744360999
2022-04-15,5360,5430,5290,5340,16626,-0.0018691588785046953
2022-04-18,5340,5340,5250,5280,19285,-0.011235955056179803
2022-04-19,5240,5320,5230,5280,25626,0.0
2022-04-20,5390,5390,5280,5320,16326,0.007575757575757569
2022-04-21,5350,5420,5310,5320,36920,0.0
2022-04-22,5320,5390,5300,5360,33350,0.007518796992481258
2022-04-25,5320,5320,5160,5160,31724,-0.03731343283582089
2022-04-26,5160,5190,5100,5140,30230,-0.003875968992248069
2022-04-27,5080,5140,5010,5140,20912,0.0
2022-04-28,5100,5150,5050,5120,26324,-0.0038910505836575737
2022-04-29,5080,5180,5060,5130,30994,0.001953125
2022-05-02,5150,5200,5100,5170,20440,0.007797270955165692
2022-05-03,5220,5300,5180,5210,11454,0.007736943907156624
2022-05-04,5210,5240,5190,5210,11515,0.0
2022-05-06,5150,5210,5120,5210,13472,0.0
2022-05-09,5170,5180,5030,5140,24626,-0.013435700575815779
2022-05-10,4995,5090,4945,5020,32601,-0.023346303501945553
2022-05-11,4930,5090,4930,5070,21521,0.009960159362549792
2022-05-12,5070,5070,4915,4915,29533,-0.030571992110453694
2022-05-13,4915,5070,4915,5000,21473,0.01729399796541209
2022-05-16,5110,5110,5000,5030,15342,0.006000000000000005
2022-05-17,5080,5090,5000,5090,18748,0.011928429423459175
2022-05-18,5120,5210,5050,5200,39961,0.0216110019646365
2022-05-19,5130,5200,5070,5090,20832,-0.02115384615384619
2022-05-20,5090,5150,5050,5120,17984,0.005893909626718985
2022-05-23,5120,5180,5040,5160,23676,0.0078125
2022-05-24,5250,5250,5010,5030,31271,-0.025193798449612448
2022-05-25,5020,5090,5000,5000,19254,-0.005964214711729587
2022-05-26,5000,5090,5000,5010,24379,0.0020000000000000018
2022-05-27,5080,5120,5050,5110,16938,0.019960079840319445
2022-05-30,5110,5150,5080,5100,19692,-0.00195694716242667
2022-05-31,5100,5180,5100,5120,18345,0.0039215686274509665
2022-06-02,5120,5190,5120,5150,20418,0.005859375
2022-06-03,5160,5190,5130,5160,13800,0.001941747572815622
2022-06-07,5160,5220,5100,5110,19727,-0.009689922480620172
2022-06-08,5110,5140,5090,5090,10774,-0.003913894324853229
2022-06-09,5090,5140,5080,5090,12249,0.0
2022-06-10,5090,5120,5040,5120,19099,0.005893909626718985
2022-06-13,5020,5020,4880,4935,30289,-0.0361328125
2022-06-14,4780,4890,4780,4795,20037,-0.028368794326241176
2022-06-15,4775,4775,4575,4585,24701,-0.04379562043795615
2022-06-16,4585,4720,4570,4715,20895,0.028353326063249806
2022-06-17,4600,4695,4515,4620,20172,-0.020148462354188768
2022-06-20,4560,4610,4315,4345,26834,-0.059523809523809534
2022-06-21,4275,4430,4275,4380,22020,0.008055235903337232
2022-06-22,4385,4425,4120,4145,28343,-0.053652968036529636
2022-06-23,4100,4180,3910,3980,57704,-0.039806996381182125
2022-06-24,3980,4120,3970,4110,27116,0.03266331658291466
2022-06-27,4170,4295,4090,4200,17790,0.021897810218978186
2022-06-28,4200,4290,4200,4285,12434,0.020238095238095166
2022-06-29,4285,4345,4240,4300,13835,0.003500583430571691
2022-06-30,4300,4335,4250,4290,14834,-0.0023255813953488857
2022-07-01,4250,4295,4165,4225,13429,-0.015151515151515138
2022-07-04,4225,4225,4050,4055,36859,-0.04023668639053257
2022-07-05,4080,4215,4055,4215,18521,0.039457459926017346
2022-07-06,4245,4245,4145,4145,11118,-0.016607354685646447
2022-07-07,4145,4240,4145,4235,8350,0.02171290711700835
2022-07-08,4245,4310,4230,4235,7715,0.0
2022-07-11,4275,4275,4210,4230,4635,-0.0011806375442738881
2022-07-12,4225,4225,4080,4085,22347,-0.0342789598108747
2022-07-13,4085,4130,4055,4130,5385,0.01101591187270512
2022-07-14,4150,4230,4100,4230,9183,0.02421307506053272
2022-07-15,4310,4330,4150,4235,13117,0.0011820330969267712
2022-07-18,4240,4320,4195,4320,11405,0.02007083825265643
2022-07-19,4315,4430,4275,4365,6557,0.01041666666666674
2022-07-20,4375,4440,4370,4375,6911,0.002290950744558984
2022-07-21,4375,4410,4350,4410,4277,0.008000000000000007
2022-07-22,4405,4410,4355,4365,7618,-0.010204081632653073
2022-07-25,4305,4440,4305,4440,10476,0.01718213058419238
2022-07-26,4435,4450,4375,4450,13793,0.0022522522522523403
2022-07-27,4445,4450,4385,4395,5850,-0.012359550561797716
2022-07-28,4405,4450,4400,4405,6548,0.0022753128555177415
2022-07-29,4415,4465,4405,4445,7196,0.009080590238365494
2022-08-01,4445,4545,4420,4510,10122,0.01462317210348707
2022-08-02,4510,4525,4400,4455,9220,-0.012195121951219523
2022-08-03,4415,4510,4390,4500,5346,0.010101010101010166
2022-08-04,4515,4515,4450,4470,8247,-0.00666666666666671
2022-08-05,4505,4530,4475,4495,7262,0.005592841163311046
2022-08-08,4495,4545,4485,4500,5812,0.0011123470522802492
2022-08-09,4500,4525,4495,4500,5596,0.0
2022-08-10,4510,4530,4485,4485,4154,-0.0033333333333332993
2022-08-11,4485,4520,4460,4460,9818,-0.005574136008918651
2022-08-12,4500,4500,4450,4460,4354,0.0
2022-08-16,4460,4515,4395,4420,10629,-0.008968609865470878
2022-08-17,4420,4420,4280,4290,16443,-0.02941176470588236
2022-08-18,4250,4280,4220,4225,14907,-0.015151515151515138
2022-08-19,4210,4225,4195,4195,19117,-0.007100591715976323
2022-08-22,4150,4190,4105,4135,21181,-0.014302741358760418
2022-08-23,4080,4175,4055,4145,26791,0.002418379685610539
2022-08-24,4105,4145,4105,4120,9763,-0.006031363088057851
2022-08-25,4145,4200,4145,4150,9795,0.00728155339805836
2022-08-26,4275,4275,4160,4165,14639,0.0036144578313253017
2022-08-29,4140,4140,4085,4125,14045,-0.009603841536614643
2022-08-30,4075,4125,4075,4120,19769,-0.00121212121212122
2022-08-31,4120,4345,4075,4200,31947,0.01941747572815533
2022-09-01,4200,4205,4110,4145,24568,-0.013095238095238049
2022-09-02,4100,4155,4080,4110,18375,-0.008443908323281013
2022-09-05,4105,4110,4020,4035,21475,-0.018248175182481785
2022-09-06,4005,4250,4005,4190,23177,0.038413878562577386
2022-09-07,4230,4320,4085,4250,58196,0.014319809069212486
2022-09-08,4220,4290,4205,4225,16912,-0.00588235294117645
2022-09-13,4285,4285,4180,4190,32376,-0.008284023668639007
2022-09-14,4125,4160,4080,4155,17373,-0.00835322195704058
2022-09-15,4155,4280,4155,4280,13759,0.030084235860409203
2022-09-16,4240,4240,4155,4170,11802,-0.025700934579439227
2022-09-19,4125,4145,4095,4095,11621,-0.017985611510791366
2022-09-20,4050,4135,4050,4120,14551,0.006105006105006083
2022-09-21,4120,4130,4070,4095,27119,-0.0060679611650485965
2022-09-22,4090,4090,3975,4015,23505,-0.019536019536019578
2022-09-23,4015,4025,3915,3915,18970,-0.02490660024906599
2022-09-26,3890,3890,3660,3710,49878,-0.05236270753512129
2022-09-27,3660,3710,3590,3645,27514,-0.01752021563342321
2022-09-28,3645,3645,3420,3510,28236,-0.03703703703703709
2022-09-29,3525,3570,3475,3475,17978,-0.009971509971509973
2022-09-30,3355,3475,3305,3360,85618,-0.03309352517985609
2022-10-04,3360,3500,3360,3480,75544,0.03571428571428581
2022-10-05,3530,3565,3430,3450,25122,-0.008620689655172376
2022-10-06,3430,3580,3430,3570,13325,0.034782608695652195
2022-10-07,3550,3600,3510,3575,9289,0.0014005602240896309
2022-10-11,3520,3525,3310,3320,31660,-0.07132867132867138
2022-10-12,3260,3280,3200,3255,36056,-0.01957831325301207
2022-10-13,3230,3235,3120,3125,19623,-0.03993855606758834
2022-10-14,3145,3350,3145,3205,28258,0.025600000000000067
2022-10-17,3205,4030,3180,3495,1788289,0.09048361934477378
2022-10-18,3495,4125,3495,3680,1217951,0.05293276108726763
2022-10-19,3755,3755,3575,3590,98628,-0.024456521739130488
2022-10-20,3625,4185,3590,3800,727020,0.058495821727019504
2022-10-21,3745,3850,3635,3640,74078,-0.04210526315789476
2022-10-24,3640,3710,3620,3620,42017,-0.005494505494505475
2022-10-25,3690,3715,3545,3545,28872,-0.02071823204419887
2022-10-26,3545,3860,3510,3755,90987,0.05923836389280668
2022-10-27,3745,3800,3495,3645,51629,-0.02929427430093212
2022-10-28,3645,3690,3550,3580,23490,-0.017832647462277085
2022-10-31,3610,3975,3580,3640,169862,0.016759776536312776
2022-11-01,3675,3815,3675,3725,61824,0.02335164835164827
2022-11-02,3735,3840,3685,3745,30029,0.005369127516778427
2022-11-03,3700,3780,3635,3755,27674,0.002670226969292422
2022-11-04,3680,3885,3680,3770,35800,0.003994673768308976
2022-11-07,3780,3880,3660,3780,39028,0.0026525198938991412
2022-11-08,3795,3840,3785,3810,26397,0.007936507936507908
2022-11-09,3810,3890,3795,3835,43470,0.006561679790026309
2022-11-10,3835,3875,3795,3810,37424,-0.006518904823989535
2022-11-11,3900,3905,3785,3815,34801,0.001312335958005173
2022-11-14,3815,3870,3815,3845,29317,0.007863695937090354
2022-11-15,3825,3855,3735,3855,43661,0.002600780234070177
2022-11-16,3855,3855,3775,3840,42585,-0.0038910505836575737
2022-11-17,3805,3835,3780,3825,26933,-0.00390625
2022-11-18,3780,3850,3780,3825,20762,0.0
2022-11-21,3820,3820,3735,3765,19662,-0.015686274509803977
2022-11-22,3775,3775,3685,3685,19166,-0.021248339973439556
2022-11-23,3685,3790,3680,3730,11649,0.012211668928086894
2022-11-24,3785,3875,3745,3850,13548,0.03217158176943702
2022-11-25,3850,3895,3810,3830,24301,-0.0051948051948051965
2022-11-28,3830,4210,3765,3790,334402,-0.010443864229765065
2022-11-29,3790,3820,3745,3795,20856,0.0013192612137202797
2022-11-30,3795,3900,3790,3850,22885,0.01449275362318847
2022-12-01,3860,3950,3850,3950,36936,0.025974025974025983
2022-12-02,3935,3985,3850,3925,47006,-0.006329113924050667
2022-12-05,3925,3985,3870,3925,34555,0.0
2022-12-06,3885,3925,3840,3885,32734,-0.010191082802547768
2022-12-07,3845,3865,3810,3830,11427,-0.014157014157014203
2022-12-08,3830,3835,3770,3820,9711,-0.0026109660574412663
2022-12-09,3775,3810,3770,3800,7639,-0.005235602094240788
2022-12-12,3845,3850,3760,3790,9527,-0.0026315789473684292
2022-12-13,3805,3890,3780,3840,24383,0.013192612137203241
2022-12-14,3840,3920,3830,3860,25031,0.005208333333333259
2022-12-15,3910,3920,3830,3870,7253,0.002590673575129543
2022-12-16,3870,3870,3780,3825,24807,-0.011627906976744207
2022-12-19,3775,3825,3705,3765,22998,-0.015686274509803977
2022-12-20,3765,3780,3690,3735,15725,-0.007968127490039834
2022-12-21,3705,3745,3670,3710,15342,-0.00669344042838016
2022-12-22,3705,3880,3700,3790,13117,0.02156334231805923
2022-12-23,3825,3825,3725,3805,12688,0.003957783641160839
2022-12-26,3785,3785,3715,3755,9425,-0.013140604467805517
2022-12-27,3755,3880,3755,3850,13389,0.025299600532623145
2022-12-28,3755,3840,3735,3740,11960,-0.02857142857142858
2022-12-29,3765,3765,3590,3590,18874,-0.0401069518716578
2023-01-02,3560,3590,3410,3410,14099,-0.05013927576601673
2023-01-03,3400,3445,3300,3440,15893,0.008797653958944274
2023-01-04,3370,3485,3370,3470,8342,0.008720930232558155
2023-01-05,3475,3520,3435,3495,11540,0.007204610951008661
2023-01-06,3460,3600,3460,3560,7026,0.01859799713876975
2023-01-09,3630,3680,3580,3680,3903,0.03370786516853941
2023-01-10,3660,3680,3600,3605,6900,-0.020380434782608647
2023-01-11,3605,3890,3595,3775,25388,0.04715672676837723
2023-01-12,3785,3850,3785,3800,5613,0.0066225165562914245
2023-01-13,3850,3850,3720,3810,6709,0.002631578947368318
2023-01-16,3810,3810,3715,3715,7546,-0.02493438320209973
2023-01-17,3715,3780,3670,3670,6336,-0.012113055181695809
2023-01-18,3670,3760,3625,3660,4975,-0.0027247956403270157
2023-01-19,3640,3760,3625,3760,10193,0.02732240437158473
2023-01-20,3760,3770,3695,3730,12347,-0.007978723404255317
2023-01-25,3735,3805,3700,3700,10314,-0.008042895442359255
2023-01-26,3715,4125,3700,3785,512347,0.02297297297297307
2023-01-27,3840,3840,3765,3805,35108,0.005284015852047519
2023-01-30,3810,3860,3795,3855,44291,0.013140604467805517
2023-01-31,3855,4040,3835,3980,78386,0.03242542153048
2023-02-01,3985,4090,3985,4080,53843,0.025125628140703515
2023-02-02,4100,4165,4015,4085,21327,0.001225490196078427
2023-02-03,4085,4250,4045,4190,109520,0.025703794369644983
2023-02-06,4250,4250,4000,4175,19609,-0.0035799522673031214
2023-02-07,4175,4240,4090,4125,20422,-0.0119760479041916
2023-02-08,4110,4180,4100,4110,13446,-0.0036363636363636598
2023-02-09,4130,4130,4055,4055,14317,-0.01338199513381999
2023-02-10,4055,4075,3985,4050,20010,-0.0012330456226880004
2023-02-13,4010,4020,3940,4010,11957,-0.00987654320987652
2023-02-14,3980,4040,3975,4010,12074,0.0
2023-02-15,4010,4010,3845,3885,21974,-0.03117206982543641
2023-02-16,3860,3985,3860,3875,19554,-0.002574002574002532
2023-02-17,3885,3970,3885,3965,10806,0.023225806451612874
2023-02-20,3965,4015,3925,3975,8859,0.0025220680958386588
2023-02-21,3975,4010,3975,3990,7288,0.0037735849056603765
2023-02-22,3950,4000,3950,3990,13739,0.0
2023-02-23,3950,3995,3950,3980,12492,-0.0025062656641604564
2023-02-24,4015,4015,3950,3990,12905,0.002512562814070307
2023-02-27,3950,4020,3945,3990,7867,0.0
2023-02-28,3985,4100,3970,3985,8794,-0.0012531328320801727
2023-03-02,4015,4020,3965,3995,15407,0.0025094102885820924
2023-03-03,3985,4035,3955,3995,14292,0.0
2023-03-06,3995,4050,3960,3995,20487,0.0
2023-03-07,3995,4010,3960,3995,10768,0.0
2023-03-08,4020,4020,3930,3955,20674,-0.010012515644555742
2023-03-09,3955,4020,3950,3980,11772,0.006321112515802696
2023-03-10,3980,4005,3900,3920,33911,-0.015075376884422065
2023-03-13,3855,3900,3795,3810,12372,-0.028061224489795866
2023-03-14,3810,3850,3705,3705,23754,-0.027559055118110187
2023-03-15,3705,3890,3705,3770,5739,0.01754385964912286
2023-03-16,3770,3810,3710,3810,10264,0.010610079575596787
2023-03-17,3810,3850,3750,3810,9539,0.0
2023-03-20,3820,3860,3765,3805,8007,-0.001312335958005284
2023-03-21,3805,3835,3780,3825,4445,0.005256241787122251
2023-03-22,3825,3950,3825,3880,16059,0.01437908496732021
2023-03-23,3820,3845,3725,3730,15121,-0.03865979381443296
2023-03-24,3740,3750,3650,3715,16645,-0.004021447721179627
2023-03-27,3715,3750,3615,3630,13544,-0.02288021534320328
2023-03-28,3630,3725,3510,3715,14341,0.023415977961432466
2023-03-29,3715,3815,3545,3715,13521,0.0
2023-03-30,3680,3810,3680,3775,17133,0.016150740242261152
2023-03-31,3860,3875,3780,3780,7463,0.0013245033112583293
2023-04-03,3780,3795,3715,3760,22274,-0.005291005291005346
2023-04-04,3760,3760,3710,3725,11708,-0.009308510638297851
2023-04-05,3700,3805,3650,3685,24080,-0.010738255033557076
2023-04-06,3685,3685,3580,3580,21155,-0.028493894165535938
2023-04-07,3565,3580,3540,3555,13377,-0.006983240223463638
2023-04-10,3555,3680,3540,3580,16815,0.007032348804500765
2023-04-11,3575,3595,3500,3565,9690,-0.0041899441340782495
2023-04-12,3565,3600,3550,3565,16147,0.0
2023-04-13,3565,3605,3540,3600,6583,0.009817671809256634
2023-04-14,3605,3645,3580,3640,7513,0.011111111111111072
2023-04-17,3640,3640,3565,3605,18763,-0.009615384615384581
2023-04-18,3570,3605,3520,3540,16446,-0.018030513176144236
2023-04-19,3520,4600,3520,4600,4132986,0.2994350282485876
2023-04-20,4735,5060,4230,4310,2364645,-0.06304347826086953
2023-04-21,4310,5550,4105,5100,12714872,0.18329466357308588
2023-04-24,4980,5400,4570,4750,1538498,-0.06862745098039214
2023-04-25,4765,5150,4280,4455,1967633,-0.062105263157894774
2023-04-26,4460,4765,4290,4420,1340281,-0.007856341189674487
2023-04-27,4425,4690,4310,4325,551511,-0.021493212669683293
2023-04-28,4440,4440,4130,4200,353328,-0.028901734104046284
2023-05-02,4200,4350,4195,4320,213854,0.02857142857142847
2023-05-03,4220,4440,4215,4425,177310,0.02430555555555558
2023-05-04,4365,4415,4230,4330,149289,-0.021468926553672274
2023-05-08,4425,4765,4240,4240,690649,-0.020785219399538146
2023-05-09,4230,4270,4095,4205,166637,-0.008254716981132115
2023-05-10,4225,4480,4130,4130,331149,-0.017835909631391256
2023-05-11,4130,4290,4115,4245,99826,0.02784503631961255
2023-05-12,4245,4305,4065,4075,101675,-0.0400471142520612
2023-05-15,4075,4130,4000,4115,89233,0.009815950920245342
2023-05-16,4115,4115,3995,4040,73386,-0.018226002430133614
2023-05-17,4000,4100,4000,4100,60566,0.014851485148514865
2023-05-18,4095,4185,4050,4175,57410,0.018292682926829285
2023-05-19,4295,4295,4115,4135,91680,-0.009580838323353325
2023-05-22,4100,4195,4100,4190,54659,0.01330108827085863
2023-05-23,4190,4280,4165,4230,38874,0.009546539379474916
2023-05-24,4230,4260,4150,4205,31484,-0.005910165484633523
2023-05-25,4180,4200,4105,4150,43762,-0.013079667063020217
2023-05-26,4150,4160,4010,4110,65932,-0.009638554216867434
2023-05-30,4065,4170,4055,4130,44914,0.0048661800486617945
2023-05-31,4135,4150,4090,4120,19782,-0.002421307506053294
2023-06-01,4085,4215,4080,4125,27755,0.0012135922330096527
2023-06-02,4125,4170,4080,4170,42656,0.01090909090909098
2023-06-05,4170,4320,4155,4290,76768,0.02877697841726623
2023-06-07,4290,4380,4205,4205,54098,-0.019813519813519864
2023-06-08,4170,4245,4145,4200,29876,-0.0011890606420927874
2023-06-09,4155,4230,4150,4150,29142,-0.011904761904761862
2023-06-12,4130,4195,4130,4130,30085,-0.004819277108433773
2023-06-13,4165,4270,4130,4255,67550,0.030266343825665842
2023-06-14,4255,4290,4085,4120,74788,-0.031727379553466495
2023-06-15,4120,4195,3995,4010,72334,-0.02669902912621358
2023-06-16,4010,4085,4000,4035,23263,0.006234413965087171
2023-06-19,4035,4205,4025,4090,33290,0.013630731102850069
2023-06-20,4085,4145,4085,4125,30910,0.008557457212713837
2023-06-21,4125,4140,4045,4070,25281,-0.013333333333333308
2023-06-22,4070,4120,4040,4050,18612,-0.004914004914004955
2023-06-23,4050,4085,3865,3865,77422,-0.04567901234567906
2023-06-26,3865,3890,3750,3870,66880,0.001293661060802087
2023-06-27,3870,3950,3800,3910,20307,0.010335917312661591
2023-06-28,3910,3960,3845,3870,17597,-0.010230179028132946
2023-06-29,3865,3865,3750,3805,46932,-0.01679586563307489
2023-06-30,3750,3765,3655,3710,50391,-0.024967148488830526
2023-07-03,3675,3860,3675,3800,20615,0.0242587601078168
2023-07-04,3820,3820,3745,3800,15466,0.0
2023-07-05,3800,3835,3690,3795,36987,-0.001315789473684159
2023-07-06,3795,3795,3630,3655,64413,-0.03689064558629773
2023-07-07,3650,3695,3610,3610,34625,-0.012311901504788003
2023-07-10,3610,3630,3555,3605,24676,-0.0013850415512465242
2023-07-11,3605,3685,3605,3685,15023,0.02219140083217752
2023-07-12,3700,3720,3625,3665,16778,-0.005427408412483015
2023-07-13,3665,3695,3615,3655,28487,-0.0027285129604365244
2023-07-14,3695,3695,3560,3615,25898,-0.01094391244870041
2023-07-17,3625,3625,3535,3605,28192,-0.0027662517289073207
2023-07-18,3635,3635,3520,3565,32029,-0.01109570041608876
2023-07-19,3560,3560,3415,3450,58851,-0.032258064516129004
2023-07-20,3485,3530,3410,3530,27823,0.023188405797101463
2023-07-21,3565,3565,3445,3540,18967,0.0028328611898016387
2023-07-24,3540,3570,3380,3530,68221,-0.0028248587570621764
2023-07-25,3845,3880,3310,3310,330545,-0.062322946175637384
2023-07-26,3315,3315,3000,3030,97426,-0.0845921450151057
2023-07-27,2965,3190,2965,3075,59031,0.014851485148514865
2023-07-28,3105,3255,3105,3195,20934,0.039024390243902474
2023-07-31,3195,3260,3195,3210,11172,0.0046948356807512415
2023-08-01,3210,3270,3175,3210,13883,0.0
2023-08-02,3210,3280,3165,3195,18437,-0.004672897196261627
2023-08-03,3195,3195,3075,3105,13780,-0.028169014084507005
2023-08-04,3105,3250,3075,3150,13776,0.01449275362318847
2023-08-07,3250,3250,3100,3175,9798,0.007936507936507908
2023-08-08,3150,3175,3030,3035,36039,-0.04409448818897643
2023-08-09,3035,3140,3020,3085,16486,0.016474464579901094
2023-08-10,3090,3155,3025,3150,37070,0.021069692058346856
2023-08-11,3160,3180,3140,3175,24891,0.007936507936507908
2023-08-14,3130,3130,2910,2980,272929,-0.06141732283464563
2023-08-16,2935,2970,2810,2850,266293,-0.043624161073825496
2023-08-17,2815,2890,2770,2800,108843,-0.01754385964912286
2023-08-18,2790,2815,2710,2805,38045,0.0017857142857142794
2023-08-21,2795,2875,2770,2860,33883,0.019607843137254832
2023-08-22,2880,2890,2760,2800,54863,-0.020979020979020935
2023-08-23,2815,2830,2735,2800,63684,0.0
2023-08-24,2795,2855,2770,2840,23782,0.014285714285714235
2023-08-25,2840,2875,2815,2855,17989,0.005281690140845008
2023-08-28,2875,2920,2860,2920,15976,0.022767075306479923
2023-08-29,2935,2970,2920,2950,14725,0.010273972602739656
2023-08-30,2950,2975,2930,2950,8711,0.0
2023-08-31,2950,2960,2880,2885,17191,-0.02203389830508473
2023-09-01,2885,2885,2805,2805,23566,-0.02772963604852685
2023-09-04,2805,2865,2805,2840,13677,0.012477718360071277
2023-09-05,2840,2865,2810,2840,18052,0.0
2023-09-06,2845,2860,2760,2790,38205,-0.017605633802816878
2023-09-07,2790,2810,2760,2800,8971,0.0035842293906809264
2023-09-08,2765,2800,2750,2760,10955,-0.014285714285714235
2023-09-11,2760,2775,2715,2740,27859,-0.007246376811594235
2023-09-12,2745,2820,2740,2820,13476,0.029197080291970767
2023-09-13,2825,3000,2740,2750,134911,-0.024822695035460973
2023-09-14,2750,2795,2740,2795,14644,0.016363636363636358
2023-09-15,2800,2860,2800,2850,26765,0.019677996422182487
2023-09-18,2850,2895,2795,2860,17811,0.0035087719298245723
2023-09-19,2825,2890,2745,2830,31555,-0.010489510489510523
2023-09-20,2825,2860,2760,2835,33367,0.0017667844522968323
2023-09-21,2805,2835,2730,2730,35408,-0.03703703703703709
2023-09-22,2705,2770,2660,2720,18194,-0.00366300366300365
2023-09-25,2695,2720,2670,2685,13333,-0.012867647058823484
2023-09-26,2685,2685,2605,2640,15389,-0.016759776536312887
2023-09-27,2600,2675,2580,2675,7820,0.01325757575757569
2023-10-04,2675,2675,2510,2510,24039,-0.06168224299065417
2023-10-05,2545,2580,2460,2490,29554,-0.007968127490039834
2023-10-06,2490,2570,2490,2510,14993,0.008032128514056325
2023-10-10,2520,2540,2405,2435,21854,-0.029880478087649376
2023-10-11,2440,2555,2435,2550,20189,0.04722792607802884
2023-10-12,2570,2605,2525,2575,18580,0.009803921568627416
2023-10-13,2580,2605,2535,2565,6236,-0.003883495145631022
2023-10-16,2565,2565,2370,2440,34548,-0.04873294346978563
2023-10-17,2450,2600,2440,2475,24873,0.014344262295082011
2023-10-18,2510,2650,2505,2530,18512,0.022222222222222143
2023-10-19,2530,2540,2430,2540,24474,0.0039525691699604515
2023-10-20,2545,2740,2465,2565,42153,0.009842519685039353
2023-10-23,2565,2580,2520,2555,14494,-0.003898635477582846
2023-10-24,2555,2635,2465,2635,19429,0.03131115459882583
2023-10-25,2635,2740,2615,2735,18413,0.03795066413662229
2023-10-26,2690,2710,2605,2700,17693,-0.012797074954296161
2023-10-27,2675,2730,2615,2615,34966,-0.031481481481481444
2023-10-30,2615,2725,2580,2600,9597,-0.005736137667303964
2023-10-31,2645,2745,2580,2645,19910,0.017307692307692246
2023-11-01,2630,2650,2620,2650,7902,0.001890359168241984
2023-11-02,2605,2730,2605,2730,49008,0.030188679245283012
2023-11-03,2745,2755,2635,2705,21865,-0.009157509157509125
2023-11-06,2705,2745,2690,2705,8948,0.0
2023-11-07,2705,2710,2665,2675,11887,-0.011090573012939031
2023-11-08,2675,2750,2655,2655,8255,-0.00747663551401867
2023-11-09,2705,2705,2620,2620,3715,-0.013182674199623379
2023-11-10,2620,2675,2510,2535,23283,-0.03244274809160308
2023-11-13,2540,2595,2510,2510,11529,-0.009861932938856066
2023-11-14,2485,2615,2485,2550,7335,0.015936254980079667
2023-11-15,2625,2720,2610,2700,18566,0.05882352941176472
2023-11-16,2810,2810,2740,2800,56685,0.03703703703703698
2023-11-17,2805,2895,2745,2880,75091,0.02857142857142847
2023-11-20,2860,2890,2850,2890,26325,0.003472222222222321
2023-11-21,2930,2930,2810,2915,22733,0.00865051903114189
2023-11-22,2915,2960,2905,2945,21287,0.010291595197255532
2023-11-23,2980,2980,2875,2900,10710,-0.015280135823429575
2023-11-24,2900,2925,2875,2910,12710,0.0034482758620688614
2023-11-27,2900,3010,2890,2985,57354,0.025773195876288568
2023-11-28,2990,3020,2935,2980,8840,-0.0016750418760469454
2023-11-29,2980,2980,2850,2850,9210,-0.043624161073825496
2023-11-30,2865,2920,2860,2860,4405,0.0035087719298245723
2023-12-01,2890,2985,2885,2960,43695,0.034965034965035
2023-12-04,3030,3600,2715,2725,4312571,-0.07939189189189189
2023-12-05,2750,2800,2645,2645,136143,-0.029357798165137616
2023-12-06,2660,2820,2625,2715,92833,0.026465028355387554
2023-12-07,2700,2825,2695,2780,43796,0.023941068139963217
2023-12-08,2770,2835,2750,2760,31764,-0.007194244604316502
2023-12-11,2765,2840,2765,2815,25472,0.019927536231884035
2023-12-12,2815,2840,2815,2830,14284,0.005328596802841812
2023-12-13,2880,2880,2800,2800,31191,-0.010600706713780883
2023-12-14,2800,2845,2765,2775,15007,-0.008928571428571397
2023-12-15,2795,2805,2700,2765,22062,-0.003603603603603567
2023-12-18,2765,2805,2765,2780,14015,0.005424954792043302
2023-12-19,2810,2870,2765,2840,20464,0.021582733812949728
2023-12-20,2845,2905,2840,2845,25832,0.0017605633802817433
2023-12-21,2845,2865,2775,2775,22988,-0.024604569420035194
2023-12-22,2775,2805,2750,2800,15074,0.009009009009008917
2023-12-26,2800,2850,2775,2800,11266,0.0
2023-12-27,2800,2920,2800,2920,40435,0.04285714285714293
2023-12-28,2920,2990,2905,2975,55639,0.018835616438356073
2024-01-02,2975,3020,2930,2940,29163,-0.0117647058823529
2024-01-03,2940,3110,2940,3010,71510,0.023809523809523725
2024-01-04,3010,3020,2875,3020,28093,0.0033222591362125353
2024-01-05,3020,3020,2890,2930,15192,-0.0298013245033113
2024-01-08,2960,3015,2955,2995,21014,0.022184300341296925
2024-01-09,2995,3080,2995,3040,41521,0.015025041736226985
2024-01-10,3040,3075,3040,3040,16114,0.0
2024-01-11,3025,3055,2995,3005,17007,-0.011513157894736836
2024-01-12,3005,3005,2885,2895,19864,-0.03660565723793674
2024-01-15,2890,2920,2725,2805,16777,-0.031088082901554404
2024-01-16,2805,2915,2790,2895,39601,0.03208556149732611
2024-01-17,2880,2930,2855,2880,35403,-0.005181347150259086
2024-01-18,2850,2935,2850,2865,34939,-0.00520833333333337
2024-01-19,2865,2920,2850,2910,11102,0.015706806282722585
2024-01-22,2910,2960,2910,2945,12585,0.012027491408934665
2024-01-23,2940,2945,2865,2935,23359,-0.00339558573853993
2024-01-24,2935,2935,2885,2890,11859,-0.015332197614991494
2024-01-25,2890,2905,2850,2855,7756,-0.01211072664359858
2024-01-26,2855,2885,2850,2885,7998,0.01050788091068311
2024-01-29,2885,2965,2870,2930,27124,0.015597920277296451
2024-01-30,2910,2965,2910,2965,23639,0.011945392491467643
2024-01-31,2910,2950,2835,2835,14275,-0.04384485666104554
2024-02-01,2820,2865,2795,2805,24805,-0.010582010582010581
2024-02-02,2800,2805,2765,2770,30460,-0.012477718360071277
2024-02-05,2770,2800,2670,2670,63085,-0.03610108303249093
2024-02-06,2670,2720,2660,2680,35199,0.0037453183520599342
2024-02-07,2680,2710,2655,2655,17805,-0.009328358208955279
2024-02-08,2655,2685,2625,2625,27333,-0.011299435028248594
2024-02-13,2615,2675,2600,2610,51385,-0.005714285714285672
2024-02-14,2610,2630,2580,2625,49081,0.005747126436781658
2024-02-15,2625,2660,2575,2605,42221,-0.007619047619047636
2024-02-16,2615,2700,2605,2695,61841,0.03454894433781197
2024-02-19,2680,2740,2655,2705,19331,0.0037105751391466324
2024-02-20,2705,2740,2665,2740,9942,0.012939001848428777
2024-02-21,2735,2735,2665,2665,8103,-0.027372262773722622
2024-02-22,2665,2885,2650,2825,76644,0.060037523452157515
2024-02-23,2825,2845,2755,2820,28645,-0.001769911504424737
2024-02-26,2820,2820,2715,2745,14294,-0.02659574468085102
2024-02-27,2760,2760,2655,2660,12728,-0.030965391621129323
2024-02-28,2660,2675,2620,2625,8697,-0.013157894736842146
2024-02-29,2605,2720,2605,2660,11970,0.01333333333333342
2024-03-04,2660,2660,2590,2615,25054,-0.016917293233082664
2024-03-05,2640,2665,2585,2625,19805,0.003824091778202643
2024-03-06,2625,2700,2625,2650,14078,0.00952380952380949
2024-03-07,2645,2690,2615,2625,17690,-0.009433962264150941
2024-03-08,2625,2770,2615,2670,41947,0.017142857142857126
2024-03-11,2670,2670,2630,2640,11391,-0.011235955056179803
2024-03-12,2640,2670,2575,2660,56073,0.007575757575757569
2024-03-13,2655,2655,2575,2590,25686,-0.02631578947368418
2024-03-14,2585,2590,2540,2575,22434,-0.00579150579150578
2024-03-15,2565,2585,2530,2565,13462,-0.003883495145631022
2024-03-18,2565,2570,2540,2540,18958,-0.00974658869395717
2024-03-19,2520,2540,2475,2540,21796,0.0
2024-03-20,2510,2540,2485,2530,14280,-0.003937007874015741
2024-03-21,2530,2550,2500,2530,26740,0.0
2024-03-22,2530,2550,2500,2550,32155,0.007905138339920903
2024-03-25,2550,2560,2470,2475,36896,-0.02941176470588236
2024-03-26,2475,2500,2430,2440,45118,-0.014141414141414121
2024-03-27,2440,2525,2410,2495,14981,0.02254098360655732
2024-03-28,2480,2495,2455,2480,10331,-0.006012024048096198
2024-03-29,2480,2485,2425,2425,18850,-0.022177419354838745
2024-04-01,2430,2475,2430,2450,21766,0.010309278350515427
2024-04-02,2440,2490,2435,2435,29396,-0.006122448979591799
2024-04-03,2450,2460,2360,2360,37247,-0.030800821355236097
2024-04-04,2340,2385,2330,2380,34139,0.008474576271186418
2024-04-05,2365,2380,2220,2360,58492,-0.008403361344537785
2024-04-08,2360,2360,2280,2330,37104,-0.012711864406779627
2024-04-09,2285,2330,2240,2250,46964,-0.03433476394849788
2024-04-11,2250,2255,2205,2255,14260,0.0022222222222221255
2024-04-12,2250,2595,2235,2420,241879,0.07317073170731714
2024-04-15,2355,2420,2335,2335,25682,-0.03512396694214881
2024-04-16,2320,2335,2215,2265,44570,-0.02997858672376874
2024-04-17,2240,2265,2220,2230,13045,-0.015452538631346546
2024-04-18,2225,2340,2210,2285,44309,0.024663677130044803
2024-04-19,2290,2315,2155,2255,26109,-0.013129102844638973
2024-04-22,2255,2295,2250,2275,17701,0.008869179600886845
2024-04-23,2255,2295,2250,2270,6294,-0.00219780219780219
2024-04-24,2275,2410,2265,2290,21953,0.008810572687224738
2024-04-25,2290,2345,2220,2285,13440,-0.0021834061135370675
2024-04-26,2290,2495,2290,2365,28567,0.035010940919037115
2024-04-29,2345,2355,2290,2305,31984,-0.025369978858350906
2024-04-30,2305,2380,2300,2300,24180,-0.002169197396963085
2024-05-02,2300,2300,2265,2275,20172,-0.010869565217391353
2024-05-03,2275,2335,2235,2280,10956,0.00219780219780219
2024-05-07,2280,2360,2280,2310,17237,0.013157894736842035
2024-05-08,2300,2385,2295,2330,10356,0.008658008658008587
2024-05-09,2315,2375,2315,2355,19309,0.010729613733905685
2024-05-10,2355,2360,2315,2340,15993,-0.006369426751592355
2024-05-13,2340,2340,2290,2315,14480,-0.010683760683760646
2024-05-14,2290,2335,2290,2330,13711,0.00647948164146861
2024-05-16,2365,2410,2360,2370,19975,0.01716738197424883
2024-05-17,2475,3075,2460,2765,4309030,0.16666666666666674
2024-05-20,2690,2950,2685,2795,761561,0.010849909584086825
2024-05-21,2785,2850,2720,2770,150123,-0.008944543828264706
2024-05-22,2765,2835,2755,2810,108671,0.014440433212996373
2024-05-23,2810,2850,2720,2795,88636,-0.005338078291814985
2024-05-24,2795,2820,2750,2750,54707,-0.01610017889087656
2024-05-27,2750,2830,2750,2830,61191,0.029090909090909056
2024-05-28,2830,2960,2795,2805,99901,-0.00883392226148405
2024-05-29,2805,2875,2795,2795,62380,-0.0035650623885917776
2024-05-30,2750,3380,2740,2980,5468609,0.06618962432915931
2024-05-31,2945,3235,2865,2865,844135,-0.038590604026845665
2024-06-03,2865,2905,2785,2790,144113,-0.02617801047120416
2024-06-04,2815,2925,2750,2780,125591,-0.0035842293906810374
2024-06-05,2810,2960,2790,2820,158833,0.014388489208633004
2024-06-07,2830,2885,2780,2840,60706,0.007092198581560183
2024-06-10,2835,2835,2765,2780,41896,-0.021126760563380254
2024-06-11,2780,2835,2765,2820,33346,0.014388489208633004
2024-06-12,2820,2860,2765,2835,36631,0.005319148936170137
2024-06-13,2870,2960,2825,2940,74759,0.03703703703703698
2024-06-14,2935,2945,2805,2910,55073,-0.010204081632653073
2024-06-17,2885,2895,2820,2845,35910,-0.022336769759450203
2024-06-18,2815,2845,2795,2840,23376,-0.0017574692442882123
2024-06-19,2790,2815,2770,2785,24781,-0.01936619718309862
2024-06-20,2760,2840,2755,2840,18999,0.019748653500897717
2024-06-21,2800,2815,2740,2740,34902,-0.035211267605633756
2024-06-24,2745,2745,2575,2575,62904,-0.06021897810218979
2024-06-25,2585,2630,2550,2610,28448,0.013592233009708687
2024-06-26,2600,2670,2570,2595,18728,-0.005747126436781658
2024-06-27,2595,2695,2595,2670,18185,0.028901734104046284
2024-06-28,2670,2740,2640,2725,16985,0.020599250936329527
2024-07-01,2725,2735,2670,2705,23034,-0.007339449541284404
2024-07-02,2705,2715,2645,2660,15815,-0.01663585951940849
2024-07-03,2620,2650,2550,2550,30826,-0.041353383458646586
2024-07-04,2550,2575,2465,2480,37593,-0.027450980392156876
2024-07-05,2480,2550,2480,2485,18560,0.002016129032258007
2024-07-08,2485,2525,2470,2505,13351,0.008048289738430636
2024-07-09,2515,2545,2485,2485,25942,-0.007984031936127733
2024-07-10,2485,2610,2470,2510,34326,0.010060362173038184
2024-07-11,2580,2620,2520,2620,14268,0.043824701195219085
2024-07-12,2595,2645,2590,2590,6621,-0.011450381679389277
2024-07-15,2595,2695,2590,2660,10303,0.027027027027026973
2024-07-16,2660,2690,2575,2580,16906,-0.03007518796992481
2024-07-17,2580,2580,2510,2510,13075,-0.027131782945736482
2024-07-18,2485,2520,2475,2510,11243,0.0
2024-07-19,2490,2530,2485,2490,11668,-0.007968127490039834
2024-07-22,2490,2575,2415,2415,15545,-0.030120481927710885
2024-07-23,2435,2510,2420,2450,7551,0.01449275362318847
2024-07-24,2435,2540,2405,2425,15169,-0.010204081632653073
2024-07-25,2425,2550,2360,2425,21140,0.0
2024-07-26,2425,2450,2405,2405,8101,-0.008247422680412342
2024-07-29,2405,2555,2360,2415,14965,0.004158004158004047
2024-07-30,2490,2490,2390,2440,14800,0.010351966873705987
2024-07-31,2415,2555,2395,2475,16514,0.014344262295082011
2024-08-01,2475,2535,2455,2485,9070,0.004040404040404066
2024-08-02,2465,2590,2430,2430,32530,-0.02213279678068414
2024-08-05,2400,2430,2020,2140,52308,-0.11934156378600824
2024-08-06,2140,2290,2130,2230,21783,0.0420560747663552
2024-08-07,2220,2335,2200,2300,7889,0.03139013452914807
2024-08-08,2300,2360,2280,2305,11252,0.0021739130434783593
2024-08-09,2305,2390,2305,2365,5064,0.026030368763557465
2024-08-12,2340,2500,2310,2430,21142,0.02748414376321362
2024-08-13,2435,2475,2395,2395,8538,-0.014403292181069949
2024-08-14,2400,2735,2400,2645,503411,0.10438413361169108
2024-08-16,2645,2720,2620,2710,112425,0.02457466918714557
2024-08-19,2710,2760,2680,2730,105745,0.007380073800737907
2024-08-20,2745,2780,2720,2735,30221,0.001831501831501825
2024-08-21,2735,2735,2680,2735,30355,0.0
2024-08-22,2730,2820,2660,2690,90809,-0.01645338208409508
2024-08-23,2690,2725,2655,2665,24549,-0.009293680297397744
2024-08-26,2680,2740,2655,2715,29022,0.018761726078799335
2024-08-27,2715,2770,2685,2710,24529,-0.0018416206261510082
2024-08-28,2680,2760,2675,2700,10896,-0.0036900369003689537
2024-08-29,2675,2705,2645,2705,7762,0.0018518518518517713
2024-08-30,2705,2765,2650,2745,10328,0.014787430683918634
2024-09-02,2750,2855,2750,2835,76931,0.032786885245901676
2024-09-03,2845,2855,2800,2830,22686,-0.0017636684303351524
2024-09-04,2795,2795,2670,2700,32259,-0.04593639575971731
2024-09-05,2690,2735,2660,2680,23843,-0.007407407407407418
2024-09-06,2680,2690,2585,2690,29360,0.003731343283582156
2024-09-09,2700,2700,2595,2670,12212,-0.0074349442379182396
2024-09-10,2655,2680,2580,2605,11394,-0.02434456928838946
2024-09-11,2605,2650,2580,2590,8386,-0.0057581573896353655
2024-09-12,2575,2725,2575,2685,12630,0.03667953667953672
2024-09-13,2670,2755,2650,2680,10332,-0.0018621973929237035
2024-09-19,2680,2795,2675,2685,33598,0.001865671641791078
2024-09-20,2765,2765,2665,2685,13693,0.0
2024-09-23,2675,2675,2625,2665,12013,-0.007448789571694592
2024-09-24,2665,2665,2625,2660,20685,-0.0018761726078799779
2024-09-25,2660,2700,2630,2650,11048,-0.003759398496240629
2024-09-26,2650,2715,2650,2710,17293,0.02264150943396226
2024-09-27,2695,2735,2650,2730,25438,0.007380073800737907
2024-09-30,2725,2725,2635,2645,28338,-0.031135531135531136
2024-10-02,2645,2680,2605,2665,18712,0.007561436672967936
2024-10-04,2675,2705,2640,2665,11461,0.0
2024-10-07,2645,2700,2635,2690,12851,0.009380863039399667
2024-10-08,2690,2730,2690,2725,11791,0.013011152416356975
2024-10-10,2715,2755,2680,2700,7444,-0.00917431192660545
2024-10-11,2700,2715,2650,2655,7673,-0.01666666666666672
2024-10-14,2630,2660,2590,2650,29498,-0.0018832391713747842
2024-10-15,2635,2685,2625,2655,14522,0.0018867924528302993
2024-10-16,2655,2655,2560,2565,26769,-0.03389830508474578
2024-10-17,2565,2565,2480,2510,30080,-0.021442495126705707
2024-10-18,2505,2510,2440,2510,12547,0.0
2024-10-21,2490,2510,2450,2480,18470,-0.01195219123505975
2024-10-22,2480,2480,2330,2430,13944,-0.020161290322580627
2024-10-23,2410,2460,2410,2430,23979,0.0
2024-10-24,2430,2445,2415,2430,19074,0.0
2024-10-25,2430,2520,2430,2505,13856,0.030864197530864113
2024-10-28,2505,2565,2505,2565,24478,0.0239520958083832
2024-10-29,2565,2690,2565,2665,50928,0.03898635477582846
2024-10-30,2665,2720,2590,2615,43066,-0.018761726078799223
2024-10-31,2615,2685,2615,2680,38965,0.0248565965583174
2024-11-01,2695,2795,2695,2795,60508,0.042910447761194126
2024-11-04,2795,2835,2725,2810,78564,0.005366726296958779
2024-11-05,2840,2840,2790,2825,28823,0.005338078291814874
2024-11-06,2850,2855,2755,2755,20002,-0.024778761061946875
2024-11-07,2755,2755,2680,2725,12157,-0.010889292196007205
2024-11-08,2725,2840,2710,2825,26325,0.03669724770642202
2024-11-11,2825,2850,2660,2705,29177,-0.04247787610619469
2024-11-12,2720,2720,2510,2510,48218,-0.07208872458410354
2024-11-13,2515,2515,2390,2440,51263,-0.027888446215139417
2024-11-14,2425,2565,2425,2470,24057,0.012295081967213184
2024-11-15,2495,2740,2440,2715,51823,0.09919028340080982
2024-11-18,2715,2715,2605,2690,55379,-0.009208103130755041
2024-11-19,2745,2745,2655,2655,20497,-0.013011152416356864
2024-11-20,2685,2850,2585,2820,30569,0.062146892655367214
2024-11-21,2755,2775,2645,2660,36156,-0.05673758865248224
2024-11-22,2635,2680,2605,2605,17226,-0.020676691729323293
2024-11-25,2605,2630,2550,2555,25217,-0.019193857965451033
2024-11-26,2555,2595,2475,2560,32569,0.001956947162426559
2024-11-27,2560,2645,2555,2600,27586,0.015625
2024-11-28,2600,2645,2565,2565,13730,-0.013461538461538414
2024-11-29,2545,2615,2465,2470,22815,-0.03703703703703709
2024-12-02,2470,2520,2405,2485,39546,0.006072874493927127
2024-12-03,2485,2580,2410,2515,40981,0.012072434607645954
2024-12-04,2455,2515,2450,2470,21497,-0.017892644135188873
2024-12-05,2465,2515,2410,2420,27062,-0.020242914979757054
2024-12-06,2395,2455,2300,2390,35923,-0.012396694214875992
2024-12-09,2295,2360,2100,2250,32124,-0.05857740585774063
2024-12-10,2210,2390,2210,2355,36441,0.046666666666666634
2024-12-11,2400,2460,2380,2460,17115,0.04458598726114649
2024-12-12,2460,2540,2460,2495,19243,0.014227642276422703
2024-12-13,2495,2550,2480,2540,12089,0.018036072144288484
2024-12-16,2540,2575,2480,2575,16852,0.013779527559055094
2024-12-17,2575,2680,2555,2590,49033,0.005825242718446644
2024-12-18,2590,2655,2570,2630,9613,0.015444015444015413
2024-12-19,2630,2635,2485,2610,13937,-0.0076045627376425395
2024-12-20,2610,2610,2490,2525,10228,-0.03256704980842917
2024-12-23,2500,2600,2500,2585,16609,0.023762376237623783
2024-12-24,2585,2620,2470,2550,68702,-0.013539651837524147
2024-12-26,2525,2545,2460,2525,34864,-0.009803921568627416
2024-12-27,2505,2505,2435,2470,12901,-0.0217821782178218
2024-12-30,2425,2470,2320,2455,28266,-0.006072874493927127
2025-01-02,2455,2490,2435,2470,19015,0.006109979633401208
2025-01-03,2470,2645,2455,2620,15730,0.06072874493927127
2025-01-06,2590,2615,2540,2590,18384,-0.011450381679389277
2025-01-07,2585,2590,2515,2590,25779,0.0
2025-01-08,2585,2605,2515,2600,12878,0.0038610038610038533
2025-01-09,2595,2605,2525,2565,15406,-0.013461538461538414
2025-01-10,2560,2620,2515,2550,18279,-0.005847953216374324
2025-01-13,2550,2575,2490,2525,19825,-0.009803921568627416
2025-01-14,2520,2545,2480,2545,10245,0.007920792079207928
2025-01-15,2540,2540,2480,2480,11109,-0.025540275049115935
2025-01-16,2485,2625,2485,2530,47026,0.02016129032258074
2025-01-17,2530,2585,2510,2540,7966,0.0039525691699604515
2025-01-20,2540,2560,2515,2555,30537,0.0059055118110236116
2025-01-21,2555,2600,2515,2595,13021,0.015655577299412915
2025-01-22,2560,2595,2525,2570,16007,-0.009633911368015391
2025-01-23,2550,2565,2445,2525,7232,-0.017509727626459193
2025-01-24,2500,2540,2485,2525,19616,0.0
2025-01-31,2525,2545,2395,2445,32827,-0.03168316831683171
2025-02-03,2430,2430,2270,2280,41493,-0.06748466257668717
2025-02-04,2285,2410,2285,2365,46370,0.037280701754385914
2025-02-05,2370,2800,2370,2505,342554,0.059196617336152224
2025-02-06,2555,2555,2475,2510,34083,0.001996007984031989
2025-02-07,2510,2545,2445,2460,31603,-0.019920318725099584
2025-02-10,2460,2520,2430,2495,17206,0.014227642276422703
2025-02-11,2495,2560,2495,2540,14809,0.018036072144288484
2025-02-12,2535,2560,2465,2520,27924,-0.007874015748031482
2025-02-13,2515,2535,2470,2525,22327,0.001984126984126977
2025-02-14,2515,2570,2495,2550,35645,0.00990099009900991
2025-02-17,2565,2680,2550,2590,17988,0.015686274509803866
2025-02-18,2595,2600,2545,2595,21026,0.0019305019305020377
2025-02-19,2575,2600,2570,2600,21086,0.0019267822736031004
2025-02-20,2595,2610,2565,2610,18772,0.0038461538461538325
2025-02-21,2605,2680,2575,2575,56131,-0.013409961685823757
2025-02-24,2570,2570,2520,2565,10306,-0.003883495145631022
2025-02-25,2560,2610,2530,2560,15226,-0.0019493177387914784
2025-02-26,2555,2560,2505,2550,75621,-0.00390625
2025-02-27,2945,3315,2890,3315,2418705,0.30000000000000004
2025-02-28,3400,3475,3070,3190,3147029,-0.037707390648567096
2025-03-04,3030,3125,2815,2930,556084,-0.08150470219435735
2025-03-05,2925,2925,2840,2910,291631,-0.0068259385665528916
2025-03-06,2910,2945,2850,2920,206089,0.0034364261168384758
2025-03-07,2900,3010,2720,2750,471303,-0.05821917808219179
2025-03-10,2800,2890,2770,2855,188366,0.038181818181818095
2025-03-11,2735,2880,2730,2830,117395,-0.008756567425569184
2025-03-12,2830,2920,2800,2905,140236,0.026501766784452263
2025-03-13,2905,2905,2795,2820,133160,-0.029259896729776247
2025-03-14,2825,2925,2775,2895,95194,0.02659574468085113
2025-03-17,2910,2930,2800,2870,104390,-0.008635578583765069
2025-03-18,2840,2950,2840,2845,78362,-0.008710801393728262
2025-03-19,2845,2920,2820,2910,61263,0.02284710017574687
2025-03-20,2925,2930,2840,2840,63214,-0.02405498281786944
2025-03-21,2835,2835,2680,2790,103712,-0.017605633802816878
2025-03-24,2790,2825,2735,2750,52230,-0.014336917562724039
2025-03-25,2750,2805,2695,2715,44798,-0.012727272727272698
2025-03-26,2715,2770,2690,2730,36781,0.005524861878453136
2025-03-27,2730,2840,2715,2765,65630,0.012820512820512775
2025-03-28,2730,2760,2650,2670,66022,-0.03435804701627487
2025-03-31,2670,2670,2500,2545,97519,-0.04681647940074907
2025-04-01,2795,2795,2585,2675,72979,0.05108055009823187
2025-04-02,2645,2685,2590,2655,54511,-0.00747663551401867
2025-04-03,2560,2645,2560,2585,34261,-0.026365348399246757
2025-04-04,2585,2630,2500,2555,55625,-0.011605415860735047
2025-04-07,2520,2520,2270,2365,145149,-0.07436399217221135
2025-04-08,2435,2480,2370,2415,27241,0.02114164904862581
2025-04-09,2415,2480,2295,2330,42620,-0.035196687370600444
2025-04-10,2400,2500,2400,2495,46763,0.07081545064377681
2025-04-11,2475,2550,2460,2535,45125,0.01603206412825653
2025-04-14,2565,2595,2545,2550,58942,0.00591715976331364
2025-04-15,2550,2640,2480,2560,44743,0.0039215686274509665
2025-04-16,2560,2580,2495,2505,39418,-0.021484375
2025-04-17,2505,2525,2430,2505,22064,0.0
2025-04-18,2510,2555,2465,2555,46570,0.019960079840319445
2025-04-21,2555,2590,2540,2560,25151,0.001956947162426559
2025-04-22,2560,2560,2455,2515,59942,-0.017578125
2025-04-23,2520,2650,2510,2525,32011,0.003976143141153132
2025-04-24,2575,2575,2510,2525,21970,0.0
2025-04-25,2510,2585,2500,2540,46144,0.005940594059405946
2025-04-28,2540,2585,2510,2540,55097,0.0
2025-04-29,2540,2570,2520,2525,32484,-0.0059055118110236116
2025-04-30,2540,2580,2480,2500,37823,-0.00990099009900991
2025-05-02,2500,2515,2460,2480,36944,-0.008000000000000007
2025-05-07,2475,2545,2455,2510,35112,0.012096774193548487
2025-05-08,2455,2550,2455,2485,23402,-0.009960159362549792
2025-05-09,2490,2505,2470,2480,24013,-0.002012072434607659
2025-05-12,2480,2520,2470,2480,38884,0.0
2025-05-13,2480,2520,2480,2500,43193,0.008064516129032251
2025-05-14,2500,2570,2475,2570,66015,0.028000000000000025
2025-05-15,2570,2680,2540,2670,110583,0.03891050583657596
2025-05-16,2670,2675,2540,2555,104949,-0.04307116104868913
2025-05-19,2555,2590,2495,2545,66805,-0.003913894324853229
2025-05-20,2550,2595,2550,2580,33773,0.013752455795677854
2025-05-21,2580,2600,2550,2575,40767,-0.0019379844961240345
2025-05-22,2575,2645,2550,2610,40706,0.013592233009708687
2025-05-23,2600,2600,2550,2570,45069,-0.01532567049808431
2025-05-26,2560,2650,2545,2575,44717,0.0019455252918287869
2025-05-27,2575,2685,2575,2615,49751,0.01553398058252431
2025-05-28,2615,2720,2615,2700,59425,0.03250478011472269
2025-05-29,2700,2745,2645,2730,44719,0.011111111111111072
2025-05-30,2710,2780,2695,2730,48470,0.0
2025-06-02,2730,2830,2715,2825,83522,0.0347985347985349
2025-06-04,2825,2890,2790,2890,66582,0.023008849557522026
2025-06-05,2870,2900,2810,2885,72401,-0.0017301038062284002
2025-06-09,2885,2885,2825,2875,49702,-0.0034662045060658286
2025-06-10,2875,2930,2815,2925,41837,0.017391304347825987
2025-06-11,2920,2920,2865,2920,35802,-0.0017094017094017033
2025-06-12,2900,2975,2805,2955,80901,0.011986301369863117
2025-06-13,2925,2925,2835,2900,70160,-0.0186125211505922
2025-06-16,2900,2950,2790,2890,51493,-0.0034482758620689724
2025-06-17,2890,2900,2795,2870,57086,-0.00692041522491349
2025-06-18,2860,2870,2820,2860,36996,-0.0034843205574912606
2025-06-19,2860,2950,2815,2930,28173,0.02447552447552437
2025-06-20,2930,2930,2840,2845,33400,-0.029010238907849817
2025-06-23,2845,2845,2740,2745,60683,-0.03514938488576447
2025-06-24,2760,2870,2760,2870,37201,0.04553734061930781
2025-06-25,2870,2905,2795,2870,52622,0.0
2025-06-26,2870,2920,2770,2900,58638,0.010452961672473782
2025-06-27,2895,2900,2775,2855,66136,-0.01551724137931032
2025-06-30,2835,2855,2775,2840,42246,-0.005253940455341555
2025-07-01,2840,2930,2820,2895,58255,0.01936619718309851
2025-07-02,2895,2895,2805,2870,38452,-0.008635578583765069
2025-07-03,2870,2900,2850,2870,26817,0.0
2025-07-04,2870,2905,2830,2845,62570,-0.008710801393728262
2025-07-07,2845,2880,2825,2830,20043,-0.005272407732864637
2025-07-08,2830,2870,2825,2860,18404,0.010600706713780994
2025-07-09,2860,2885,2845,2885,34079,0.00874125874125875
2025-07-10,2890,2905,2880,2890,23758,0.0017331022530329143
2025-07-11,2890,2935,2890,2915,24266,0.00865051903114189
2025-07-14,2920,2930,2890,2915,22404,0.0
2025-07-15,2915,2940,2870,2890,16452,-0.00857632933104635
2025-07-16,2885,2915,2855,2865,21543,-0.00865051903114189
2025-07-17,2865,2910,2830,2835,11319,-0.010471204188481686
2025-07-18,2835,2890,2785,2795,28383,-0.014109347442680775
2025-07-21,2795,2795,2765,2785,22648,-0.003577817531305927
2025-07-22,2785,2800,2720,2720,31450,-0.02333931777378817
2025-07-23,2725,2760,2690,2745,21115,0.009191176470588314
2025-07-24,2790,2800,2670,2700,23045,-0.016393442622950838
2025-07-25,2690,2690,2645,2650,28646,-0.01851851851851849
2025-07-28,2650,2685,2620,2675,28116,0.009433962264151052
2025-07-29,2675,2685,2610,2650,19735,-0.009345794392523366
2025-07-30,2645,2715,2620,2665,23249,0.005660377358490676
2025-07-31,2690,2710,2630,2645,30833,-0.007504690431519689
2025-08-01,2645,2645,2540,2560,48904,-0.032136105860113395
2025-08-04,2530,2610,2525,2550,27383,-0.00390625
2025-08-05,2555,2625,2550,2585,27307,0.013725490196078383
2025-08-06,2580,2610,2510,2605,20082,0.007736943907156624
2025-08-07,2605,2635,2600,2615,10342,0.0038387715930903177
2025-08-08,2615,2650,2595,2595,20730,-0.007648183556405397
2025-08-11,2600,2660,2550,2585,30032,-0.003853564547206201
2025-08-12,2575,2625,2555,2555,29505,-0.011605415860735047
2025-08-13,2555,2575,2500,2540,60500,-0.005870841487279899
2025-08-14,2540,2560,2510,2535,30345,-0.0019685039370078705
2025-08-18,2510,2525,2400,2475,89806,-0.023668639053254448
2025-08-19,2465,2465,2415,2465,55320,-0.004040404040404066
2025-08-20,2465,2465,2390,2445,32067,-0.008113590263691739
2025-08-21,2430,2450,2410,2435,27407,-0.004089979550102263
2025-08-22,2435,2465,2425,2460,24349,0.010266940451745477
2025-08-25,2460,2500,2400,2500,41616,0.016260162601626105
2025-08-26,2525,2525,2425,2435,23016,-0.026000000000000023
2025-08-27,2435,2440,2400,2430,34652,-0.002053388090349051
2025-08-28,2430,2460,2420,2440,11557,0.004115226337448652
2025-08-29,2440,2440,2390,2390,42140,-0.020491803278688492
2025-09-01,2370,2390,2325,2350,59729,-0.01673640167364021
2025-09-02,2350,2420,2330,2420,44126,0.029787234042553123
2025-09-03,2420,2440,2355,2400,48030,-0.008264462809917328
