Date,Open,High,Low,Close,Volume,Change
2022-01-03,49100,51300,48900,50300,378342,0.029682702149437024
2022-01-04,50600,51700,50200,50700,217222,0.007952286282306265
2022-01-05,50700,50700,48200,48600,306118,-0.041420118343195256
2022-01-06,47150,48050,47000,47100,246125,-0.030864197530864224
2022-01-07,48800,51500,48700,51100,676444,0.0849256900212314
2022-01-10,50800,53500,50400,51700,629492,0.011741682974559797
2022-01-11,52900,53000,49850,50200,371440,-0.029013539651837505
2022-01-12,51200,55500,51100,54200,1012115,0.07968127490039834
2022-01-13,54100,54700,52700,54000,317064,-0.0036900369003689537
2022-01-14,53100,54700,52500,54500,192898,0.0092592592592593
2022-01-17,54800,56700,53300,56000,515816,0.02752293577981657
2022-01-18,57300,59500,56000,56800,708356,0.014285714285714235
2022-01-19,56000,57700,55500,57100,337785,0.005281690140845008
2022-01-20,57200,57900,55700,56700,277037,-0.007005253940455369
2022-01-21,55500,56100,52700,53000,541836,-0.06525573192239864
2022-01-24,52200,53600,51800,52800,302599,-0.0037735849056603765
2022-01-25,54000,54700,52500,53800,423748,0.018939393939394034
2022-01-26,53900,54600,51700,51800,291596,-0.03717472118959109
2022-01-27,52000,52800,50200,51800,323034,0.0
2022-01-28,52000,53800,50400,53500,295334,0.032818532818532864
2022-02-03,54700,56100,53800,54400,371968,0.016822429906542036
2022-02-04,54000,55300,53200,53800,245550,-0.011029411764705843
2022-02-07,53700,53700,50800,51900,290874,-0.03531598513011147
2022-02-08,52200,52200,49800,50100,319114,-0.034682080924855474
2022-02-09,50900,50900,49900,50800,152151,0.013972055888223478
2022-02-10,51200,51400,50300,51100,127941,0.0059055118110236116
2022-02-11,50100,50800,49000,49300,209719,-0.03522504892367906
2022-02-14,47900,48500,46250,47150,410645,-0.04361054766734285
2022-02-15,47150,48300,46300,46500,209491,-0.01378579003181335
2022-02-16,47700,49400,47050,49050,244915,0.05483870967741944
2022-02-17,49200,50100,47600,49300,197467,0.0050968399592252744
2022-02-18,48300,50600,48300,50100,142515,0.016227180527383478
2022-02-21,49600,50900,49200,50200,104924,0.001996007984031989
2022-02-22,49100,50500,48900,49350,169113,-0.016932270916334646
2022-02-23,49650,50500,49100,50500,94800,0.023302938196555267
2022-02-24,49800,50100,47950,48150,212677,-0.046534653465346576
2022-02-25,49700,51400,49050,51300,295228,0.06542056074766345
2022-02-28,51300,53100,50300,53100,263426,0.03508771929824572
2022-03-02,52500,53100,51000,51800,211005,-0.024482109227871973
2022-03-03,52700,52700,51700,52400,115098,0.01158301158301156
2022-03-04,52200,52700,51200,52600,118354,0.003816793893129722
2022-03-07,51500,51500,49800,50100,179550,-0.04752851711026618
2022-03-08,48650,49350,48300,48300,223659,-0.0359281437125748
2022-03-10,49800,49800,48400,48600,122501,0.006211180124223503
2022-03-11,48800,49000,46700,47500,280766,-0.02263374485596703
2022-03-14,47300,47300,44600,45900,348883,-0.03368421052631576
2022-03-15,44950,46100,44950,45600,153306,-0.006535947712418277
2022-03-16,46600,48000,45900,47900,169994,0.05043859649122817
2022-03-17,49150,49850,48900,49400,183217,0.03131524008350728
2022-03-18,49250,50000,48750,49550,83919,0.0030364372469635637
2022-03-21,49800,50500,49050,49800,115133,0.005045408678102881
2022-03-22,49500,50400,49200,50200,90496,0.008032128514056325
2022-03-23,50600,50600,49750,50300,95513,0.0019920318725099584
2022-03-24,51300,53800,51200,53800,485710,0.06958250497017882
2022-03-25,54700,54800,53300,53700,210046,-0.0018587360594795044
2022-03-28,53900,54800,52500,54000,213965,0.005586592178770999
2022-03-29,54400,54600,52500,53200,156471,-0.014814814814814836
2022-03-30,53700,54100,51600,52400,208151,-0.015037593984962405
2022-03-31,52400,52400,51600,52100,101547,-0.005725190839694694
2022-04-01,51700,52100,50700,51700,150216,-0.007677543186180413
2022-04-04,51500,51700,50600,51100,117112,-0.011605415860735047
2022-04-05,51500,51900,50700,50900,86166,-0.003913894324853229
2022-04-06,50300,50900,49700,50700,162898,-0.003929273084479323
2022-04-07,50300,52300,49900,51300,196950,0.01183431952662728
2022-04-08,51800,52000,50300,51400,100806,0.0019493177387914784
2022-04-11,51500,54500,51400,53400,483534,0.03891050583657596
2022-04-12,53100,56500,52400,55200,504136,0.03370786516853941
2022-04-13,56500,57700,55100,56800,538279,0.02898550724637672
2022-04-14,57200,58500,56600,57700,200969,0.015845070422535246
2022-04-15,57400,67600,56500,64000,2583606,0.10918544194107449
2022-04-18,66200,68700,64000,64900,1215170,0.014062500000000089
2022-04-19,65000,69300,64500,69000,748696,0.06317411402157158
2022-04-20,69000,72100,68300,70300,630168,0.018840579710144967
2022-04-21,70800,73100,69800,72300,457685,0.028449502133712556
2022-04-22,71800,74200,71200,72700,409513,0.0055325034578146415
2022-04-25,71500,73200,69300,71500,619979,-0.016506189821182904
2022-04-26,72000,72200,70400,71500,253541,0.0
2022-04-27,69300,74700,69100,73700,498900,0.03076923076923066
2022-04-28,74000,74100,69500,70900,429721,-0.037991858887381325
2022-04-29,71600,72200,69500,71000,238860,0.0014104372355430161
2022-05-02,70000,70700,68200,70400,336084,-0.008450704225352101
2022-05-03,70400,72200,69800,71600,212702,0.017045454545454586
2022-05-04,72200,72200,69000,69100,255826,-0.03491620111731841
2022-05-06,67700,69000,66400,68000,235834,-0.01591895803183796
2022-05-09,67800,67800,63100,63300,415597,-0.0691176470588235
2022-05-10,61400,69000,60400,68100,630103,0.07582938388625582
2022-05-11,68000,69600,66500,68000,355229,-0.001468428781204123
2022-05-12,66700,68500,65800,66400,266520,-0.02352941176470591
2022-05-13,67400,70700,67300,69400,363015,0.04518072289156616
2022-05-16,70300,70300,67400,67500,221419,-0.02737752161383289
2022-05-17,67700,68600,67000,68500,119508,0.014814814814814836
2022-05-18,69200,71500,68700,70900,378631,0.035036496350364876
2022-05-19,68800,71500,68700,70300,223080,-0.008462623413258097
2022-05-20,70200,70200,67900,68500,272727,-0.02560455192034139
2022-05-23,68800,69300,67900,68400,138623,-0.0014598540145985828
2022-05-24,68500,70300,66800,67000,350883,-0.020467836257309968
2022-05-25,67500,74000,66900,72300,638330,0.07910447761194028
2022-05-26,73000,74400,70800,71500,277561,-0.011065006915629283
2022-05-27,72800,73900,70600,72100,226400,0.008391608391608463
2022-05-30,73400,73400,70100,71300,252597,-0.01109570041608876
2022-05-31,71700,73000,70900,72400,181793,0.015427769985974837
2022-06-02,71700,72700,70900,71100,163244,-0.017955801104972413
2022-06-03,71500,71700,66800,66800,621339,-0.06047819971870605
2022-06-07,66800,67600,65700,67100,274131,0.004491017964071808
2022-06-08,67700,68500,66100,67200,204997,0.0014903129657228842
2022-06-09,67300,68500,66800,68100,176768,0.013392857142857206
2022-06-10,67500,69700,67300,67900,212301,-0.002936857562408246
2022-06-13,66300,67500,65400,66600,225879,-0.019145802650957333
2022-06-14,65900,66900,63800,66800,249692,0.0030030030030030463
2022-06-15,67500,67500,65000,66600,196518,-0.0029940119760478723
2022-06-16,68000,68100,65800,65900,218698,-0.010510510510510551
2022-06-17,64600,65000,61600,62100,399449,-0.057663125948406724
2022-06-20,62300,62700,60300,61800,240187,-0.004830917874396157
2022-06-21,62400,64400,62100,63900,210377,0.03398058252427183
2022-06-22,64800,65000,58600,58900,423651,-0.07824726134585291
2022-06-23,58900,61000,58400,59600,258536,0.011884550084889645
2022-06-24,60600,62300,60200,61900,187405,0.038590604026845554
2022-06-27,62700,64000,61300,63400,162788,0.024232633279483107
2022-06-28,63700,64500,62700,63800,98273,0.006309148264984188
2022-06-29,62300,64500,62300,64500,96988,0.01097178683385569
2022-06-30,64500,64800,61400,61900,153219,-0.04031007751937987
2022-07-01,62300,62900,57800,58600,256125,-0.05331179321486268
2022-07-04,58800,58900,53600,55200,425260,-0.058020477815699634
2022-07-05,55700,57900,54800,57200,225238,0.03623188405797095
2022-07-06,57000,57900,55800,56200,118411,-0.0174825174825175
2022-07-07,56700,57600,55100,56400,142691,0.003558718861210064
2022-07-08,57500,58200,56300,56900,163728,0.00886524822695045
2022-07-11,57400,62400,57300,60800,414651,0.06854130052724083
2022-07-12,60700,60800,57500,57700,208026,-0.050986842105263164
2022-07-13,58500,60800,57400,60100,194839,0.04159445407279039
2022-07-14,59300,61400,58800,60600,159222,0.008319467554076532
2022-07-15,61500,62900,59200,60000,269048,-0.00990099009900991
2022-07-18,61100,63800,57900,58700,785288,-0.021666666666666612
2022-07-19,58800,59300,56700,57400,399261,-0.022146507666098825
2022-07-20,58900,59200,56900,57300,331989,-0.0017421602787456303
2022-07-21,57500,58200,56800,57300,198328,0.0
2022-07-22,57700,58400,56900,58000,218704,0.01221640488656206
2022-07-25,57600,58500,56700,56700,223303,-0.022413793103448265
2022-07-26,56900,56900,55700,56400,173043,-0.005291005291005346
2022-07-27,56800,57600,56400,57100,174659,0.012411347517730542
2022-07-28,58100,58200,57200,57200,170512,0.0017513134851139256
2022-07-29,57700,59000,56700,57500,320564,0.005244755244755206
2022-08-01,58300,58500,57500,58400,214305,0.01565217391304352
2022-08-02,59000,59400,58000,58400,268610,0.0
2022-08-03,59000,60800,58700,60700,391287,0.03938356164383561
2022-08-04,61300,61500,59400,60100,219400,-0.009884678747940745
2022-08-05,60300,60400,58500,59000,228751,-0.01830282861896837
2022-08-08,58900,59300,58100,58600,163120,-0.006779661016949157
2022-08-09,58400,58600,57000,57200,241165,-0.023890784982935176
2022-08-10,56300,56700,55100,55500,293388,-0.029720279720279685
2022-08-11,56500,56600,55800,56100,151279,0.0108108108108107
2022-08-12,56000,58100,56000,57900,207662,0.03208556149732611
2022-08-16,58400,59700,57700,59500,278431,0.02763385146804831
2022-08-17,59900,59900,58700,59200,138724,-0.005042016806722671
2022-08-18,58700,62000,58400,61800,365732,0.04391891891891886
2022-08-19,61900,63300,60500,60500,293453,-0.021035598705501646
2022-08-22,59200,60000,58500,58600,170269,-0.031404958677686
2022-08-23,58200,58900,57200,57700,149400,-0.015358361774744034
2022-08-24,58200,58200,55800,56900,209984,-0.013864818024263426
2022-08-25,57300,58100,56800,58000,89314,0.019332161687170446
2022-08-26,58800,59500,58200,58500,152639,0.008620689655172376
2022-08-29,56100,56700,55500,56100,133632,-0.04102564102564099
2022-08-30,56700,57800,56100,57400,95398,0.02317290552584672
2022-08-31,56800,59000,56600,58800,161087,0.024390243902439046
2022-09-01,58600,59300,57100,57100,180589,-0.028911564625850317
2022-09-02,57700,57900,56100,56100,117730,-0.017513134851138368
2022-09-05,55700,56200,51500,52000,453010,-0.07308377896613194
2022-09-06,51900,52400,50200,50700,353310,-0.025000000000000022
2022-09-07,50200,50300,47250,48150,505208,-0.050295857988165715
2022-09-08,48700,49400,47900,47900,223909,-0.005192107995846351
2022-09-13,48800,50800,48750,50800,272417,0.06054279749478075
2022-09-14,48400,51800,48250,51400,280125,0.011811023622047223
2022-09-15,51800,52400,51300,51800,178178,0.0077821011673151474
2022-09-16,51400,52700,51200,52000,514080,0.0038610038610038533
2022-09-19,52600,54000,52200,53000,336542,0.019230769230769162
2022-09-20,53600,54700,53500,54600,200353,0.030188679245283012
2022-09-21,54000,54700,52100,52200,168716,-0.04395604395604391
2022-09-22,51200,52400,50300,51400,148923,-0.01532567049808431
2022-09-23,51100,51200,48600,48650,155051,-0.05350194552529186
2022-09-26,47550,47950,44750,44850,213299,-0.07810894141829394
2022-09-27,44600,45800,43200,44700,164469,-0.0033444816053511683
2022-09-28,44200,45050,42150,42400,148629,-0.05145413870246085
2022-09-29,43450,44150,41650,41650,158696,-0.017688679245283057
2022-09-30,40700,41800,38950,41750,320704,0.0024009603841537164
2022-10-04,42400,43800,42400,43100,117989,0.03233532934131733
2022-10-05,44150,44650,43100,43950,136238,0.019721577726218076
2022-10-06,44400,46100,44050,45400,133180,0.03299203640500559
2022-10-07,44700,46200,44300,45000,97795,-0.008810572687224627
2022-10-11,44000,44000,42750,43500,103510,-0.033333333333333326
2022-10-12,43600,44250,42650,43550,90931,0.0011494252873562871
2022-10-13,43300,43400,41100,41400,108251,-0.04936854190585538
2022-10-14,42750,44600,41900,42800,251428,0.033816425120772875
2022-10-17,41350,41600,39900,40400,374929,-0.05607476635514019
2022-10-18,41200,41350,39550,40200,317707,-0.004950495049504955
2022-10-19,40450,40900,39650,39750,199969,-0.011194029850746245
2022-10-20,39950,40000,38500,38550,249989,-0.030188679245283012
2022-10-21,38400,38950,37950,38200,133985,-0.009079118028534339
2022-10-24,38850,39650,38800,38950,152743,0.01963350785340312
2022-10-25,39000,39850,38650,39600,168726,0.016688061617458283
2022-10-26,39550,39600,38000,38000,198954,-0.04040404040404044
2022-10-27,38350,39350,37750,38700,163673,0.018421052631578894
2022-10-28,38050,38750,37150,37150,228942,-0.040051679586563305
2022-10-31,37850,38250,37300,38000,197457,0.02288021534320328
2022-11-01,37600,37900,37200,37500,184607,-0.013157894736842146
2022-11-02,37400,37450,36600,37250,171733,-0.00666666666666671
2022-11-03,36500,37550,36350,37300,121281,0.0013422818791946067
2022-11-04,37150,37700,36800,37400,128371,0.002680965147453085
2022-11-07,37850,38700,37700,37900,162328,0.013368983957219305
2022-11-08,38400,40000,38350,39950,437735,0.05408970976253302
2022-11-09,40450,40650,39100,39300,299450,-0.016270337922402955
2022-11-10,38850,39700,38500,39100,126547,-0.0050890585241730735
2022-11-11,41100,41100,39800,40100,299225,0.025575447570332477
2022-11-14,40400,41600,40250,41200,268182,0.027431421446383997
2022-11-15,41200,43900,40850,43900,371025,0.06553398058252435
2022-11-16,44450,45100,43350,44650,265204,0.017084282460136713
2022-11-17,44000,44850,43550,44850,156131,0.004479283314669624
2022-11-18,44900,45400,43950,44500,161724,-0.0078037904124860225
2022-11-21,44950,45150,43200,43500,153789,-0.022471910112359605
2022-11-22,43000,43000,40750,41050,224333,-0.056321839080459735
2022-11-23,41600,42850,41400,42500,118863,0.035322777101096214
2022-11-24,42850,42950,42000,42900,61009,0.009411764705882453
2022-11-25,43200,43200,41900,42250,67024,-0.015151515151515138
2022-11-28,42350,42350,40900,42350,124708,0.002366863905325367
2022-11-29,42000,42600,41700,42250,68344,-0.0023612750885477762
2022-11-30,42250,42300,41400,42150,52549,-0.002366863905325478
2022-12-01,42950,43400,42250,42350,149767,0.004744958481613271
2022-12-02,42100,42400,41750,41850,62669,-0.011806375442739103
2022-12-05,42000,42000,40500,40500,93481,-0.032258064516129004
2022-12-06,39900,40950,39600,40200,61394,-0.007407407407407418
2022-12-07,39700,40100,39250,39650,67920,-0.013681592039801016
2022-12-08,39650,40100,39200,39600,54897,-0.0012610340479193294
2022-12-09,39750,41000,39750,41000,110274,0.03535353535353525
2022-12-12,40600,40600,39750,39750,77291,-0.030487804878048808
2022-12-13,39900,40350,39700,40000,67911,0.0062893081761006275
2022-12-14,40000,40650,40000,40550,72251,0.013749999999999929
2022-12-15,40050,40750,39800,40000,45488,-0.013563501849568449
2022-12-16,39250,39500,38600,39000,74343,-0.025000000000000022
2022-12-19,38950,39850,38700,39450,43042,0.011538461538461497
2022-12-20,39150,39400,38300,38500,64297,-0.02408111533586821
2022-12-21,38550,38750,37800,37900,60121,-0.01558441558441559
2022-12-22,38100,38650,38100,38400,51660,0.013192612137203241
2022-12-23,37700,38000,37050,37050,96816,-0.03515625
2022-12-26,37500,37950,36950,37500,64732,0.012145748987854255
2022-12-27,37500,37850,37000,37250,100209,-0.00666666666666671
2022-12-28,36850,37050,36300,37000,64430,-0.006711409395973145
2022-12-29,36500,36750,35100,35850,100622,-0.031081081081081097
2023-01-02,35950,36100,34300,34300,66570,-0.04323570432357038
2023-01-03,34300,36500,33600,36450,125073,0.06268221574344013
2023-01-04,36200,38500,36050,37650,158849,0.03292181069958855
2023-01-05,38200,38250,37500,37800,103127,0.003984063745019917
2023-01-06,37750,40250,37650,39050,176706,0.033068783068783025
2023-01-09,39750,40250,39450,39550,97276,0.012804097311139628
2023-01-10,39800,41150,39400,40550,130570,0.025284450063211228
2023-01-11,40700,41400,40550,40750,79467,0.004932182490752224
2023-01-12,40750,42000,40650,41850,133981,0.026993865030674913
2023-01-13,42250,42250,40650,41100,112599,-0.017921146953404965
2023-01-16,41300,43700,40300,43300,209298,0.05352798053527974
2023-01-17,42150,42200,39800,39800,344603,-0.0808314087759815
2023-01-18,39850,39850,38150,38150,203785,-0.041457286432160845
2023-01-19,38050,38050,37400,37600,112279,-0.014416775884665833
2023-01-20,37500,38150,37400,37900,96541,0.007978723404255428
2023-01-25,38350,39850,38350,39400,188217,0.0395778364116095
2023-01-26,39100,39600,38700,39450,92276,0.0012690355329949554
2023-01-27,39500,40800,39500,40000,165755,0.013941698352344822
2023-01-30,40100,40400,39600,39700,89040,-0.007499999999999951
2023-01-31,39450,39850,39150,39750,100593,0.0012594458438286438
2023-02-01,39800,40650,39800,40400,121896,0.01635220125786163
2023-02-02,41200,41500,40100,40600,136833,0.004950495049504955
2023-02-03,40400,40750,39900,39900,108869,-0.017241379310344862
2023-02-06,39700,39700,39000,39200,114485,-0.01754385964912286
2023-02-07,39250,40850,38850,40800,218267,0.04081632653061229
2023-02-08,41100,41650,40500,41150,173351,0.008578431372548989
2023-02-09,40700,41350,40150,41350,160265,0.004860267314702238
2023-02-10,40950,41350,40000,40500,116690,-0.02055622732769047
2023-02-13,40500,40500,39550,39900,83366,-0.014814814814814836
2023-02-14,40200,41400,40200,41150,148633,0.03132832080200498
2023-02-15,41900,42100,40050,40400,131344,-0.018226002430133614
2023-02-16,40550,42300,40500,41900,199610,0.03712871287128716
2023-02-17,40900,41400,40500,40800,127916,-0.026252983293556076
2023-02-20,41200,41500,40300,40850,60296,0.001225490196078427
2023-02-21,40850,40850,40150,40400,65058,-0.011015911872705009
2023-02-22,39800,40050,39500,39900,93365,-0.012376237623762387
2023-02-23,40250,40400,39500,40050,64926,0.003759398496240518
2023-02-24,40350,41150,39600,39900,103074,-0.0037453183520599342
2023-02-27,39700,39700,39000,39150,58356,-0.018796992481203034
2023-02-28,39350,40550,39150,40150,101182,0.025542784163473886
2023-03-02,40150,40550,40000,40300,100088,0.0037359900373599153
2023-03-03,40650,41150,40300,41100,130523,0.01985111662531014
2023-03-06,42000,49700,41500,48300,1724036,0.17518248175182483
2023-03-07,47850,48500,46850,47250,466808,-0.021739130434782594
2023-03-08,46500,47400,45350,47200,388629,-0.0010582010582010914
2023-03-09,47150,48450,46700,47200,243676,0.0
2023-03-10,46200,47950,45500,45500,195624,-0.03601694915254239
2023-03-13,44650,45600,44150,45600,145151,0.00219780219780219
2023-03-14,45150,45200,42650,42650,146190,-0.0646929824561403
2023-03-15,43900,44100,42700,42850,157031,0.004689331770222793
2023-03-16,42400,45200,42100,45200,219899,0.05484247374562434
2023-03-17,46050,48000,45500,46550,345121,0.02986725663716805
2023-03-20,46700,46750,44850,45200,105980,-0.029001074113856107
2023-03-21,45500,47100,45450,46850,142979,0.036504424778761146
2023-03-22,47400,48200,45850,48000,257169,0.0245464247598719
2023-03-23,47400,48450,46850,47050,168727,-0.019791666666666652
2023-03-24,47800,50000,47550,49200,424243,0.0456960680127525
2023-03-27,49950,49950,48150,48800,182266,-0.008130081300813052
2023-03-28,49100,49150,47650,48650,164196,-0.0030737704918032405
2023-03-29,48500,49250,48150,49000,153072,0.007194244604316502
2023-03-30,51200,53500,50000,52700,760181,0.07551020408163267
2023-03-31,53800,54200,51900,52800,254857,0.00189753320683117
2023-04-03,52800,53600,51100,53300,182080,0.009469696969697017
2023-04-04,53700,53700,50700,51100,171772,-0.0412757973733584
2023-04-05,50700,51300,49750,50000,210541,-0.021526418786692814
2023-04-06,49900,50800,49500,49800,99857,-0.0040000000000000036
2023-04-07,50100,52400,50100,52100,190165,0.0461847389558232
2023-04-10,52500,53000,51300,52800,146051,0.013435700575815668
2023-04-11,53500,54600,52500,53100,195164,0.005681818181818121
2023-04-12,53000,53000,51200,51600,161730,-0.02824858757062143
2023-04-13,51400,51900,50200,51700,114209,0.0019379844961240345
2023-04-14,52200,52200,49950,50200,179260,-0.029013539651837505
2023-04-17,50000,50100,48100,49450,185639,-0.014940239043824688
2023-04-18,49350,49850,47900,48000,182914,-0.029322548028311468
2023-04-19,48000,48700,47450,48050,130007,0.0010416666666666075
2023-04-20,47500,48350,47100,47200,120270,-0.01768990634755463
2023-04-21,47000,48050,46700,47050,93034,-0.0031779661016949623
2023-04-24,46500,47250,45550,45700,93682,-0.028692879914984037
2023-04-25,45650,46550,44550,46250,111663,0.012035010940919078
2023-04-26,46250,49150,46050,48500,252100,0.048648648648648596
2023-04-27,48550,48550,46850,47850,101696,-0.013402061855670055
2023-04-28,48100,48150,46150,46650,123054,-0.025078369905956133
2023-05-02,47200,47200,46150,46400,90268,-0.005359056806002127
2023-05-03,45650,47750,45300,47400,110423,0.02155172413793105
2023-05-04,47350,47350,45600,46750,84150,-0.01371308016877637
2023-05-08,46900,47450,46200,46350,52428,-0.00855614973262031
2023-05-09,46650,46700,45150,46250,51519,-0.0021574973031284195
2023-05-10,46250,46250,45400,45450,31300,-0.017297297297297343
2023-05-11,45950,45950,44750,45000,45985,-0.00990099009900991
2023-05-12,45000,45250,44300,44500,40392,-0.011111111111111072
2023-05-15,44900,44900,43450,44350,46146,-0.003370786516853963
2023-05-16,45000,45500,44000,44400,52604,0.0011273957158963732
2023-05-17,44450,45350,44000,45200,44694,0.018018018018018056
2023-05-18,45550,47200,45200,47000,99346,0.03982300884955747
2023-05-19,47600,50800,47600,50000,405131,0.06382978723404253
2023-05-22,50000,50800,49600,50200,120098,0.0040000000000000036
2023-05-23,49800,50500,48850,50000,103981,-0.003984063745019917
2023-05-24,49750,50500,49400,49950,51593,-0.0010000000000000009
2023-05-25,51100,51800,49550,49550,177430,-0.00800800800800805
2023-05-26,50100,50900,49150,49250,152858,-0.006054490413723523
2023-05-30,50400,51800,49650,51300,173500,0.04162436548223347
2023-05-31,52100,52300,50600,50700,199244,-0.011695906432748537
2023-06-01,50000,51300,49900,51200,94558,0.009861932938856066
2023-06-02,51800,51800,50500,50700,64960,-0.009765625
2023-06-05,50700,50900,49700,49850,65511,-0.0167652859960552
2023-06-07,49850,50400,49200,49700,71587,-0.0030090270812437314
2023-06-08,49450,49750,48750,49500,76756,-0.004024144869215318
2023-06-09,49900,50200,49050,49950,109261,0.009090909090909038
2023-06-12,50200,51200,49950,50500,124812,0.011011011011011096
2023-06-13,50800,52200,50500,51200,165378,0.013861386138613874
2023-06-14,51500,51600,49700,50100,120916,-0.021484375
2023-06-15,50400,54500,50300,54100,506352,0.07984031936127733
2023-06-16,54600,56800,54300,55700,422562,0.02957486136783727
2023-06-19,57000,57100,55500,56900,270455,0.021543985637342944
2023-06-20,56900,57800,55100,57500,219960,0.010544815465729274
2023-06-21,57200,58100,55000,55600,220305,-0.03304347826086962
2023-06-22,54500,55300,53900,54300,161080,-0.023381294964028743
2023-06-23,54500,56800,54400,55500,187819,0.022099447513812098
2023-06-26,55500,57000,54400,56300,119248,0.01441441441441449
2023-06-27,56400,59600,55400,59400,364183,0.05506216696269983
2023-06-28,59900,60200,58200,58600,200022,-0.013468013468013518
2023-06-29,58600,61000,58600,59800,250130,0.020477815699658786
2023-06-30,59500,61400,58600,60600,153903,0.013377926421404673
2023-07-03,61000,62800,59700,61900,230474,0.021452145214521545
2023-07-04,63400,67000,63000,66300,429979,0.07108239095315017
2023-07-05,67000,67900,65500,66100,217166,-0.003016591251885359
2023-07-06,66000,66600,62800,63000,274294,-0.04689863842662634
2023-07-07,63700,63800,61800,62700,135911,-0.004761904761904745
2023-07-10,62700,62700,59000,59600,262246,-0.04944178628389151
2023-07-11,60100,61800,59400,61800,174580,0.03691275167785224
2023-07-12,62000,63400,61300,62900,161344,0.017799352750809128
2023-07-13,64200,65800,63200,63200,194877,0.004769475357710551
2023-07-14,67200,72500,66800,68200,1027221,0.07911392405063289
2023-07-17,67700,68300,65700,65800,307228,-0.035190615835777095
2023-07-18,67300,72400,66300,71400,510528,0.0851063829787233
2023-07-19,71900,72100,67000,69300,310138,-0.02941176470588236
2023-07-20,69200,73300,67600,72300,313441,0.04329004329004338
2023-07-21,69700,70800,68500,69400,247747,-0.04011065006915626
2023-07-24,68500,70300,67300,69100,179174,-0.004322766570605152
2023-07-25,69100,69600,66500,69100,274182,0.0
2023-07-26,70200,70700,66000,69000,367378,-0.0014471780028944004
2023-07-27,69500,77100,68800,74900,910095,0.08550724637681162
2023-07-28,75800,77800,73800,76600,389311,0.022696929238985364
2023-07-31,78500,80400,76000,77000,402757,0.005221932114882533
2023-08-01,76500,77700,75000,76600,170788,-0.0051948051948051965
2023-08-02,75200,76000,71200,72000,259535,-0.06005221932114879
2023-08-03,71800,73100,70000,71500,174169,-0.00694444444444442
2023-08-04,71800,73600,71000,71500,138133,0.0
2023-08-07,70800,70800,67000,69900,248978,-0.02237762237762242
2023-08-08,70100,70200,66600,67800,192852,-0.030042918454935674
2023-08-09,67000,68400,65900,66300,186027,-0.02212389380530977
2023-08-10,65700,65700,63000,64200,254161,-0.03167420814479638
2023-08-11,64300,65200,62900,63400,163512,-0.012461059190031154
2023-08-14,62500,63000,60100,61800,202399,-0.025236593059936863
2023-08-16,61200,62700,60900,61800,188990,0.0
2023-08-17,60500,62900,59800,62600,200421,0.012944983818770295
2023-08-18,61600,66200,60400,63900,233007,0.02076677316293929
2023-08-21,64700,64800,61900,62100,117339,-0.028169014084507005
2023-08-22,63800,64500,61600,62500,121694,0.006441223832528209
2023-08-23,62500,66700,61700,66300,213634,0.060799999999999965
2023-08-24,68000,68500,65600,65800,190434,-0.007541478129713397
2023-08-25,64700,66200,63100,63700,105903,-0.03191489361702127
2023-08-28,64500,64800,63300,64200,52052,0.007849293563579218
2023-08-29,64800,66900,64400,66800,120970,0.04049844236760114
2023-08-30,67700,68100,66800,67900,115815,0.01646706586826352
2023-08-31,68200,68600,67200,68600,108556,0.010309278350515427
2023-09-01,68400,72000,68100,71700,252529,0.04518950437317781
2023-09-04,71500,72200,69400,71100,114312,-0.008368200836820106
2023-09-05,71300,74200,71100,72900,191020,0.025316455696202445
2023-09-06,71800,73100,70800,71200,156949,-0.023319615912208547
2023-09-07,70100,74600,70000,74100,288005,0.04073033707865159
2023-09-08,73400,73500,68700,71000,174333,-0.04183535762483126
2023-09-11,70300,70700,67300,68200,157177,-0.03943661971830981
2023-09-12,69100,69200,66500,67900,96498,-0.004398826979472137
2023-09-13,67300,68900,65100,65200,106795,-0.03976435935198819
2023-09-14,65400,69100,65400,67800,165623,0.039877300613496924
2023-09-15,68200,68200,66100,66400,90112,-0.020648967551622377
2023-09-18,65100,65500,61800,62800,210416,-0.054216867469879526
2023-09-19,62800,64300,62100,63000,112270,0.0031847133757962887
2023-09-20,62600,62900,61100,61700,121461,-0.020634920634920673
2023-09-21,60500,60900,58300,58600,172022,-0.05024311183144248
2023-09-22,57000,59400,56900,58700,71566,0.0017064846416381396
2023-09-25,58700,58700,57000,57200,73602,-0.02555366269165249
2023-09-26,57200,57600,55500,55500,76894,-0.029720279720279685
2023-09-27,55000,56400,54200,56200,99921,0.012612612612612706
2023-10-04,54900,56000,53700,54300,97154,-0.03380782918149461
2023-10-05,55300,55300,53500,53800,93541,-0.009208103130755041
2023-10-06,54000,54800,53400,53800,61575,0.0
2023-10-10,53400,55300,52200,52800,94019,-0.018587360594795488
2023-10-11,53900,57900,53900,55600,135090,0.05303030303030298
2023-10-12,56000,57400,54900,55800,72648,0.003597122302158251
2023-10-13,55800,57700,54800,56800,99920,0.017921146953405076
2023-10-16,55500,55900,51600,52900,188425,-0.06866197183098588
2023-10-17,53500,53500,51600,53200,143651,0.005671077504725952
2023-10-18,52500,54800,52100,54600,172684,0.026315789473684292
2023-10-19,53000,53200,50900,51000,114782,-0.06593406593406592
2023-10-20,50000,50600,48150,48350,236679,-0.05196078431372553
2023-10-23,47600,49400,47600,48150,83374,-0.004136504653567741
2023-10-24,48400,49950,47350,49950,83521,0.03738317757009346
2023-10-25,50100,50500,48750,49050,86161,-0.018018018018018056
2023-10-26,47400,48600,46800,47500,108648,-0.031600407747196746
2023-10-27,48450,48450,46150,46700,117706,-0.01684210526315788
2023-10-30,46150,46650,44550,46200,128540,-0.010706638115631661
2023-10-31,46200,46550,44150,44200,197465,-0.04329004329004327
2023-11-01,44500,44950,43000,43650,175776,-0.012443438914027105
2023-11-02,44600,46100,44500,46100,217968,0.056128293241695326
2023-11-03,46700,48450,45550,48400,152599,0.049891540130151846
2023-11-06,49600,49750,48500,49550,126631,0.023760330578512345
2023-11-07,49550,50500,48050,49050,110798,-0.010090817356205872
2023-11-08,49500,50400,48300,48800,80300,-0.0050968399592252744
2023-11-09,48800,49950,48450,49950,85682,0.023565573770491843
2023-11-10,48900,51500,48900,50200,119358,0.005005005005005003
2023-11-13,51000,51000,48750,48850,166615,-0.02689243027888444
2023-11-14,49250,49450,48550,49300,103669,0.00921187308085969
2023-11-15,50400,50900,49300,50700,256855,0.028397565922920975
2023-11-16,50600,51600,49700,51400,150225,0.013806706114398493
2023-11-17,51800,53200,51400,52400,250401,0.01945525291828787
2023-11-20,52800,53100,51300,51700,120704,-0.013358778625954248
2023-11-21,52200,53300,51400,52100,122265,0.007736943907156624
2023-11-22,51200,53900,51000,53000,122427,0.017274472168905985
2023-11-23,53500,53500,50700,51000,144120,-0.037735849056603765
2023-11-24,50800,51600,50500,51400,51436,0.007843137254901933
2023-11-27,51400,53300,51000,52800,130172,0.027237354085603016
2023-11-28,53400,57000,52600,55800,293183,0.05681818181818188
2023-11-29,55800,57700,55000,56100,167822,0.005376344086021501
2023-11-30,56100,58000,55000,57600,134223,0.02673796791443861
2023-12-01,56600,57300,54800,55500,150024,-0.03645833333333337
2023-12-04,55500,56200,54200,55800,88419,0.00540540540540535
2023-12-05,55100,55600,52600,53100,130548,-0.048387096774193505
2023-12-06,53500,53700,51700,52800,104875,-0.005649717514124242
2023-12-07,51900,53300,51800,53000,65157,0.0037878787878788955
2023-12-08,53900,54200,52800,53000,86192,0.0
2023-12-11,53300,54200,52000,54200,76720,0.02264150943396226
2023-12-12,54900,55100,53500,54100,70818,-0.0018450184501844769
2023-12-13,54300,55900,54200,54700,142251,0.01109057301293892
2023-12-14,56100,56200,54900,55500,94098,0.014625228519195677
2023-12-15,56000,56800,55300,55400,131029,-0.0018018018018017834
2023-12-18,56100,56700,55600,56100,50726,0.012635379061371799
2023-12-19,55700,56400,55200,55900,48215,-0.0035650623885917776
2023-12-20,56200,56200,54600,54900,76691,-0.017889087656529523
2023-12-21,54000,55900,53300,53800,121311,-0.02003642987249543
2023-12-22,54700,55900,53800,54100,122189,0.005576208178438735
2023-12-26,54000,54500,53000,53200,99200,-0.01663585951940849
2023-12-27,53200,55200,53200,54900,75781,0.03195488721804507
2023-12-28,54800,55600,53400,55400,112930,0.00910746812386165
2024-01-02,56000,61700,55600,61500,453750,0.11010830324909748
2024-01-03,60200,60900,58900,60000,189280,-0.024390243902439046
2024-01-04,59000,61600,58900,60400,173886,0.006666666666666599
2024-01-05,60400,61300,58100,59100,171772,-0.021523178807947074
2024-01-08,58600,59000,57800,58900,108602,-0.0033840947546531774
2024-01-09,60000,60300,57100,57600,168050,-0.022071307300509324
2024-01-10,57500,58100,56300,57100,103721,-0.00868055555555558
2024-01-11,57500,58200,57100,57900,79462,0.014010507880910739
2024-01-12,57800,57900,56500,56700,59515,-0.020725388601036232
2024-01-15,56800,57000,54500,54900,108651,-0.031746031746031744
2024-01-16,54900,55500,53100,54000,75180,-0.016393442622950838
2024-01-17,54300,55100,53300,53500,81540,-0.0092592592592593
2024-01-18,53500,55300,53300,55200,59669,0.031775700934579376
2024-01-19,56200,56800,55400,56300,98025,0.019927536231884035
2024-01-22,57200,57200,53900,54200,175940,-0.03730017761989346
2024-01-23,54400,55400,53400,54000,111366,-0.0036900369003689537
2024-01-24,54300,54300,52300,53200,116019,-0.014814814814814836
2024-01-25,53500,53500,51200,52000,166925,-0.022556390977443663
2024-01-26,51600,52200,50700,51000,130979,-0.019230769230769273
2024-01-29,50800,52500,50600,52100,87858,0.021568627450980316
2024-01-30,51800,52500,49800,50600,116392,-0.028790786948176605
2024-01-31,50000,50900,49800,50300,86431,-0.005928853754940677
2024-02-01,50000,50500,48800,49400,118173,-0.017892644135188873
2024-02-02,49950,50700,49500,50400,83479,0.020242914979757165
2024-02-05,50400,50400,49200,49200,56663,-0.023809523809523836
2024-02-06,49550,50100,48500,49850,75705,0.013211382113821113
2024-02-07,49350,50000,48850,49000,69807,-0.017051153460381108
2024-02-08,49050,49800,48800,49450,98582,0.009183673469387754
2024-02-13,49700,51100,49700,50300,131008,0.01718907987866536
2024-02-14,49700,50900,48950,50800,78894,0.00994035785288272
2024-02-15,51300,51400,50300,50400,67658,-0.007874015748031482
2024-02-16,50900,51100,50300,51000,75844,0.011904761904761862
2024-02-19,51300,51300,49850,50100,61949,-0.01764705882352946
2024-02-20,50100,50400,49700,49950,42139,-0.0029940119760478723
2024-02-21,49200,49850,47900,48000,174408,-0.03903903903903905
2024-02-22,48500,48900,47950,48200,125985,0.004166666666666652
2024-02-23,48700,48950,46050,47800,190473,-0.008298755186721962
2024-02-26,47800,47950,46400,46500,96186,-0.027196652719665315
2024-02-27,46500,46750,45050,45100,129718,-0.03010752688172047
2024-02-28,45100,47200,45100,46400,133335,0.02882483370288247
2024-02-29,45600,47000,45600,46150,100725,-0.0053879310344827624
2024-03-04,46900,48200,46350,48000,155655,0.04008667388949072
2024-03-05,48000,48100,46950,47200,67515,-0.01666666666666672
2024-03-06,46850,49550,46500,49400,165720,0.04661016949152552
2024-03-07,50000,50000,48300,48600,96564,-0.01619433198380571
2024-03-08,49100,49800,48600,49650,113282,0.021604938271605034
2024-03-11,48700,49000,48050,48800,59625,-0.017119838872104776
2024-03-12,48650,49300,48200,48750,69955,-0.0010245901639344135
2024-03-13,49100,49300,46950,47650,149101,-0.022564102564102573
2024-03-14,47550,48100,47150,47700,72995,0.0010493179433368471
2024-03-15,47250,47850,46850,47150,97439,-0.011530398322851187
2024-03-18,47150,47750,47100,47750,54722,0.012725344644750836
2024-03-19,47750,47750,46200,46350,66039,-0.029319371727748678
2024-03-20,46700,49900,46650,49350,237038,0.06472491909385103
2024-03-21,50000,50300,49150,49550,149569,0.004052684903748771
2024-03-22,49800,50100,48600,49450,89316,-0.0020181634712411745
2024-03-25,49100,49650,47350,47600,144100,-0.037411526794742134
2024-03-26,47900,49700,47700,48400,136021,0.01680672268907557
2024-03-27,48400,49650,47650,49100,106834,0.01446280991735538
2024-03-28,49150,51800,48800,51000,340820,0.0386965376782078
2024-03-29,51100,52700,50300,52400,231806,0.027450980392156765
2024-04-01,52500,53800,51800,52800,169426,0.007633587786259444
2024-04-02,53200,53300,51500,52500,101689,-0.005681818181818232
2024-04-03,51400,52700,50700,52300,111064,-0.003809523809523818
2024-04-04,52400,55000,52300,54700,260445,0.04588910133843216
2024-04-05,53900,55500,53400,54500,166521,-0.003656307129798919
2024-04-08,55100,55200,51500,51600,102796,-0.053211009174311874
2024-04-09,51400,52300,51100,51800,62677,0.003875968992248069
2024-04-11,50800,53700,50200,53000,105470,0.02316602316602312
2024-04-12,53600,53600,52000,52000,69364,-0.018867924528301883
2024-04-15,51000,51500,49950,51100,88847,-0.017307692307692357
2024-04-16,50400,51100,48050,48650,139974,-0.047945205479452024
2024-04-17,48700,49900,48700,48900,55505,0.005138746145940454
2024-04-18,48650,49500,48250,49500,62802,0.012269938650306678
2024-04-19,49000,49100,46900,47750,104817,-0.03535353535353536
2024-04-22,47200,47700,46800,47200,70953,-0.011518324607329822
2024-04-23,47350,47700,46800,46850,41985,-0.007415254237288171
2024-04-24,47600,49350,47550,49100,90116,0.04802561366061897
2024-04-25,48950,51300,48600,50000,91188,0.018329938900203624
2024-04-26,50600,51000,49600,50200,46426,0.0040000000000000036
2024-04-29,51000,52000,50500,51500,65009,0.02589641434262946
2024-04-30,51400,51900,49900,50200,65444,-0.025242718446601975
2024-05-02,49700,51000,49700,51000,42572,0.015936254980079667
2024-05-03,51500,51500,50300,50800,38808,-0.0039215686274509665
2024-05-07,51300,51400,50500,50800,64763,0.0
2024-05-08,51000,51400,50400,51200,41202,0.007874015748031482
2024-05-09,51000,51000,49750,49950,93510,-0.0244140625
2024-05-10,49950,50100,48650,48750,81855,-0.024024024024024038
2024-05-13,49000,49150,48050,48500,42770,-0.00512820512820511
2024-05-14,48100,49150,48100,49150,37824,0.013402061855670055
2024-05-16,49950,51000,49500,50900,94121,0.03560528992878953
2024-05-17,50600,51200,49850,50600,50007,-0.005893909626719096
2024-05-20,50700,50700,49450,49750,52178,-0.01679841897233203
2024-05-21,50100,50300,49500,49700,46117,-0.0010050251256281673
2024-05-22,49550,49700,48900,49200,49373,-0.010060362173038184
2024-05-23,49650,50200,48900,49850,43645,0.013211382113821113
2024-05-24,49500,49550,48450,48750,45787,-0.0220661985957874
2024-05-27,49000,49100,48200,48750,39622,0.0
2024-05-28,48900,49350,48500,48600,60769,-0.003076923076923088
2024-05-29,48900,48950,47350,47350,73716,-0.025720164609053464
2024-05-30,47350,47350,46100,46100,80406,-0.026399155227032733
2024-05-31,46300,46550,45850,46000,53138,-0.002169197396963085
2024-06-03,46000,47000,46000,47000,59620,0.021739130434782705
2024-06-04,47050,47050,46500,46950,30852,-0.0010638297872340718
2024-06-05,47100,47350,46400,46400,39064,-0.011714589989350377
2024-06-07,46500,47100,46500,46700,39927,0.006465517241379226
2024-06-10,46200,46600,45400,45400,81956,-0.027837259100642386
2024-06-11,45700,45950,45350,45350,51041,-0.0011013215859030367
2024-06-12,45400,47400,45400,46950,83230,0.03528114663726578
2024-06-13,47350,47400,46000,46200,83645,-0.015974440894568676
2024-06-14,46200,46450,43650,44300,244513,-0.04112554112554112
2024-06-17,44300,45350,44150,45250,69715,0.021444695259593693
2024-06-18,45400,45700,44500,44500,58163,-0.016574585635359074
2024-06-19,44500,45400,44500,44650,48699,0.003370786516853963
2024-06-20,44950,47150,44950,46850,131948,0.04927211646136609
2024-06-21,46500,46500,45700,45750,56368,-0.023479188900747072
2024-06-24,45750,46000,44300,44600,68971,-0.025136612021857907
2024-06-25,44600,45000,43850,44150,89746,-0.010089686098654682
2024-06-26,44250,45550,44150,45100,56449,0.021517553793884536
2024-06-27,45000,45050,44500,44900,41245,-0.0044345898004434225
2024-06-28,44750,45950,44750,45650,45583,0.016703786191536674
2024-07-01,45500,46400,45500,46100,35572,0.009857612267250904
2024-07-02,46100,46500,44400,44750,419404,-0.029284164859002204
2024-07-03,45050,45400,43700,43800,62143,-0.021229050279329642
2024-07-04,43850,46150,43850,45600,78322,0.041095890410958846
2024-07-05,46100,46100,44850,44950,36385,-0.014254385964912242
2024-07-08,45000,46550,44550,46250,86015,0.028921023359288034
2024-07-09,46200,46450,45550,45600,64447,-0.014054054054054022
2024-07-10,45800,45800,44700,44900,65509,-0.015350877192982448
2024-07-11,45350,45600,44600,44600,51103,-0.006681514476614692
2024-07-12,44300,44550,44050,44450,30622,-0.0033632286995515237
2024-07-15,44600,45200,44200,45150,30370,0.015748031496062964
2024-07-16,44950,45400,44800,45200,31307,0.001107419712070845
2024-07-17,45450,45450,44500,44650,33819,-0.012168141592920345
2024-07-18,44000,44250,41900,42250,218110,-0.053751399776035824
2024-07-19,42100,42100,40700,40750,105327,-0.035502958579881616
2024-07-22,40400,41350,40300,40800,62161,0.0012269938650306678
2024-07-23,40800,41400,40400,40550,58629,-0.006127450980392135
2024-07-24,40300,41150,40300,40450,27655,-0.002466091245376112
2024-07-25,39950,39950,39250,39300,60070,-0.028430160692212603
2024-07-26,39400,39600,38000,38300,93753,-0.025445292620865145
2024-07-29,38200,38400,35700,36200,212634,-0.05483028720626637
2024-07-30,36000,36000,34650,35300,156771,-0.024861878453038666
2024-07-31,34700,36400,34700,36250,103467,0.026912181303116123
2024-08-01,36700,36800,35100,35400,137129,-0.02344827586206899
2024-08-02,34650,34650,33000,33300,192436,-0.05932203389830504
2024-08-05,31850,32000,27250,28050,270265,-0.1576576576576577
2024-08-06,27950,30700,27950,28500,353203,0.016042780748663166
2024-08-07,28400,28950,27800,28250,211908,-0.00877192982456143
2024-08-08,27500,28000,26550,27450,202087,-0.02831858407079646
2024-08-09,28150,28750,27450,28250,250918,0.02914389799635697
2024-08-12,28650,29850,28650,29550,162855,0.046017699115044275
2024-08-13,29950,30100,29050,29500,101593,-0.0016920473773265332
2024-08-14,29900,30700,29650,29950,144141,0.015254237288135686
2024-08-16,30700,30800,30200,30400,62529,0.015025041736226985
2024-08-19,30550,30550,29500,29500,62600,-0.02960526315789469
2024-08-20,30150,30450,29700,29900,54915,0.013559322033898313
2024-08-21,29550,30450,29350,30100,48992,0.006688963210702337
2024-08-22,30250,30400,29850,30100,46303,0.0
2024-08-23,29600,30100,29250,29700,51166,-0.013289036544850474
2024-08-26,29900,30250,29400,29500,34717,-0.006734006734006703
2024-08-27,29100,29650,29100,29500,63698,0.0
2024-08-28,29300,29450,28750,29350,63723,-0.005084745762711895
2024-08-29,28700,29050,28300,28850,69562,-0.017035775127768327
2024-08-30,28850,29700,28850,29450,48557,0.020797227036395194
2024-09-02,29250,29700,28700,29550,56861,0.00339558573853993
2024-09-03,29550,30000,29200,29300,50507,-0.008460236886632777
2024-09-04,27750,28750,27300,27350,125067,-0.06655290102389078
2024-09-05,27500,28150,26900,26950,69015,-0.014625228519195566
2024-09-06,26900,27000,26050,26350,69348,-0.02226345083487946
2024-09-09,25650,26750,25000,26750,37636,0.015180265654648917
2024-09-10,26800,26850,26000,26200,34515,-0.020560747663551426
2024-09-11,26450,26600,26000,26100,38229,-0.003816793893129722
2024-09-12,26700,27550,26500,27350,67111,0.04789272030651337
2024-09-13,27350,27550,26950,27000,45609,-0.012797074954296161
2024-09-19,27150,27800,26750,27800,63910,0.029629629629629672
2024-09-20,28050,28050,26600,26700,112737,-0.03956834532374098
2024-09-23,26650,27550,26500,27350,56179,0.02434456928838946
2024-09-24,27350,28000,27150,28000,56421,0.02376599634369292
2024-09-25,28550,28900,28050,28100,81852,0.0035714285714285587
2024-09-26,28850,29350,28650,29350,81316,0.04448398576512447
2024-09-27,29150,29650,29000,29100,62532,-0.008517887563884163
2024-09-30,28800,29500,28800,29400,61659,0.010309278350515427
2024-10-02,29050,29750,28600,29450,70852,0.001700680272108901
2024-10-04,29450,29900,29350,29500,44970,0.001697792869269854
2024-10-07,29800,30650,29650,30350,80650,0.028813559322034
2024-10-08,30300,30650,30000,30100,36153,-0.008237232289950547
2024-10-10,30150,30350,29550,29750,37136,-0.011627906976744207
2024-10-11,29450,30050,28700,28850,68343,-0.030252100840336138
2024-10-14,28850,29550,28850,29250,27377,0.013864818024263537
2024-10-15,29250,29800,29200,29750,53833,0.017094017094017033
2024-10-16,29250,29550,28900,28900,42069,-0.02857142857142858
2024-10-17,29000,29250,28300,28550,44434,-0.01211072664359858
2024-10-18,28550,28650,27600,28000,45188,-0.019264448336252182
2024-10-21,28000,28900,27800,28700,41581,0.02499999999999991
2024-10-22,28500,28700,27800,28350,37057,-0.012195121951219523
2024-10-23,28050,28750,27900,28450,35586,0.003527336860670305
2024-10-24,28200,28350,27650,27700,33237,-0.026362038664323406
2024-10-25,27650,27850,26750,26750,81311,-0.03429602888086647
2024-10-28,26500,26750,25900,26400,78574,-0.013084112149532756
2024-10-29,26050,26300,25600,26100,63015,-0.011363636363636354
2024-10-30,26300,26400,25750,26250,59244,0.005747126436781658
2024-10-31,25700,27100,25500,26800,67019,0.020952380952381056
2024-11-01,26500,27250,26350,26650,31054,-0.005597014925373123
2024-11-04,26650,27000,26400,26800,33087,0.0056285178236397115
2024-11-05,26650,27400,26550,27350,27284,0.020522388059701413
2024-11-06,27350,27500,26450,26450,47861,-0.03290676416819016
2024-11-07,26300,26400,25650,25800,49239,-0.02457466918714557
2024-11-08,25900,26550,25700,25950,45868,0.005813953488372103
2024-11-11,25650,25950,24000,24000,128886,-0.07514450867052025
2024-11-12,24000,24000,22600,22950,125626,-0.043749999999999956
2024-11-13,22500,23450,22100,22100,87026,-0.03703703703703709
2024-11-14,22100,22650,20500,20500,257440,-0.07239819004524883
2024-11-15,20400,22300,20150,22050,118756,0.07560975609756104
2024-11-18,22050,23500,22000,23250,81897,0.054421768707483054
2024-11-19,23250,23500,22300,22500,57113,-0.032258064516129004
2024-11-20,22550,22900,22000,22150,73316,-0.015555555555555545
2024-11-21,22150,22550,21850,22350,37331,0.009029345372460584
2024-11-22,22500,23550,22350,23400,86857,0.046979865771812124
2024-11-25,23400,23700,22250,22250,234512,-0.04914529914529919
2024-11-26,22450,23000,22150,23000,101071,0.03370786516853941
2024-11-27,23000,23000,22100,22250,66280,-0.03260869565217395
2024-11-28,22350,22450,22000,22200,33648,-0.0022471910112359383
2024-11-29,22350,22350,21300,21650,62143,-0.024774774774774744
2024-12-02,21650,21750,20950,21000,44511,-0.03002309468822173
2024-12-03,21000,21900,21000,21800,61410,0.03809523809523818
2024-12-04,21200,21700,21100,21350,72018,-0.020642201834862428
2024-12-05,21300,22450,21150,22250,106585,0.042154566744730726
2024-12-06,22150,22200,21250,21550,54061,-0.03146067415730336
2024-12-09,21000,21100,20150,20250,98936,-0.06032482598607891
2024-12-10,20250,21850,20250,21750,48087,0.07407407407407418
2024-12-11,21900,22550,21650,22300,44072,0.025287356321838983
2024-12-12,22500,23100,22500,22850,58548,0.024663677130044803
2024-12-13,22750,23600,22600,23450,51751,0.026258205689277947
2024-12-16,23450,23950,23300,23500,51535,0.002132196162046851
2024-12-17,23800,24150,23100,23950,74373,0.01914893617021285
2024-12-18,23800,24050,23500,23500,37159,-0.018789144050104345
2024-12-19,22800,23250,22750,22800,37228,-0.029787234042553234
2024-12-20,22700,23200,22400,22450,26667,-0.015350877192982448
2024-12-23,22550,23750,22250,23500,39502,0.04677060133630295
2024-12-24,23700,24350,23550,24150,55872,0.027659574468085202
2024-12-26,24150,24700,23650,24600,227174,0.01863354037267073
2024-12-27,24600,24650,23300,23350,63172,-0.05081300813008127
2024-12-30,23200,23600,22900,23400,24858,0.0021413276231263545
2025-01-02,23350,23450,22750,23150,31904,-0.010683760683760646
2025-01-03,23150,24650,23150,24300,71230,0.049676025917926525
2025-01-06,25000,25550,24500,25550,87779,0.05144032921810693
2025-01-07,25850,25850,24600,25050,64878,-0.019569471624266144
2025-01-08,24750,26200,24750,26100,62160,0.041916167664670656
2025-01-09,26200,26500,25450,25450,60161,-0.02490421455938696
2025-01-10,25850,26500,25700,26200,75046,0.02946954813359537
2025-01-13,26600,27500,26400,26400,148322,0.007633587786259444
2025-01-14,26650,27250,26050,26600,87322,0.007575757575757569
2025-01-15,26850,26950,26050,26050,60090,-0.020676691729323293
2025-01-16,26500,27300,25150,25350,118787,-0.026871401151631447
2025-01-17,25500,26150,25350,25850,55044,0.019723865877712132
2025-01-20,25850,26550,25450,26300,56663,0.01740812379110257
2025-01-21,26700,27150,26050,26400,73141,0.0038022813688212143
2025-01-22,26500,27000,25850,26500,55206,0.0037878787878788955
2025-01-23,26750,26750,25850,26000,37684,-0.018867924528301883
2025-01-24,26200,27000,25700,26550,63595,0.02115384615384608
2025-01-31,26250,26300,24700,24950,93170,-0.06026365348399243
2025-02-03,24800,24800,23000,23250,82811,-0.06813627254509014
2025-02-04,23550,24450,23350,23400,32406,0.006451612903225712
2025-02-05,23650,24900,23600,24750,48098,0.05769230769230771
2025-02-06,24950,25000,24400,24700,39259,-0.002020202020202033
2025-02-07,24750,25950,24300,25800,123671,0.044534412955465674
2025-02-10,25700,26400,24600,26150,112493,0.013565891472868241
2025-02-11,26250,26400,25350,25400,103885,-0.028680688336520044
2025-02-12,25450,25750,25250,25650,43450,0.009842519685039353
2025-02-13,25650,27100,25650,25950,93513,0.011695906432748648
2025-02-14,26150,31600,26150,30300,1081627,0.16763005780346818
2025-02-17,31000,32850,30550,32650,502704,0.07755775577557755
2025-02-18,33000,33000,31350,32350,242467,-0.009188361408882129
2025-02-19,32500,33600,31650,32000,183103,-0.010819165378670781
2025-02-20,32550,33400,30150,30300,327367,-0.05312499999999998
2025-02-21,30300,30400,28850,29500,186728,-0.02640264026402639
2025-02-24,28950,29450,28400,29450,84642,-0.0016949152542372614
2025-02-25,28950,29850,28850,29200,64402,-0.008488964346349714
2025-02-26,28800,31150,28700,30700,198856,0.051369863013698724
2025-02-27,30850,33650,29300,29450,186112,-0.04071661237785018
2025-02-28,28600,29750,28500,29100,81761,-0.011884550084889645
2025-03-04,28900,29950,28450,29550,72250,0.015463917525773141
2025-03-05,29650,30300,29100,29450,59494,-0.0033840947546531774
2025-03-06,29900,30050,27350,27550,132962,-0.06451612903225812
2025-03-07,27800,28800,27100,28250,138777,0.025408348457350183
2025-03-10,28250,29000,28050,28450,39417,0.0070796460176991705
2025-03-11,27750,28100,27200,27450,95917,-0.03514938488576447
2025-03-12,27450,30050,27350,30000,147389,0.09289617486338808
2025-03-13,30200,30450,28950,29050,96207,-0.03166666666666662
2025-03-14,29400,30950,29000,30550,152866,0.051635111876075834
2025-03-17,31000,31200,29950,30000,94373,-0.018003273322422242
2025-03-18,30450,30500,28850,28950,104014,-0.03500000000000003
2025-03-19,28750,30200,28750,29950,91137,0.0345423143350605
2025-03-20,30150,30350,29350,29850,51780,-0.0033388981636059967
2025-03-21,29850,31000,29450,30050,139455,0.00670016750418756
2025-03-24,30050,30900,29750,30550,74945,0.016638935108153063
2025-03-25,30650,31100,28950,29050,113219,-0.04909983633387893
2025-03-26,29000,29850,28900,29200,61805,0.005163511187607606
2025-03-27,28650,28800,28150,28200,63412,-0.03424657534246578
2025-03-28,28200,28200,27250,27350,56189,-0.03014184397163122
2025-03-31,27000,27350,25600,26150,67516,-0.04387568555758681
2025-04-01,26350,26800,25550,25650,126367,-0.019120458891013437
2025-04-02,25850,26000,25350,25800,73969,0.005847953216374213
2025-04-03,24850,25500,24500,24900,49476,-0.03488372093023251
2025-04-04,24500,25250,24050,24400,58034,-0.02008032128514059
2025-04-07,23400,23500,22000,22200,142817,-0.0901639344262295
2025-04-08,22700,23200,21950,22150,65317,-0.0022522522522522292
2025-04-09,21900,22200,21350,21750,50024,-0.018058690744920947
2025-04-10,23400,23650,22700,23350,68452,0.0735632183908046
2025-04-11,22800,23550,22600,23450,41711,0.004282655246252709
2025-04-14,24150,24200,23550,23650,36067,0.008528784648187626
2025-04-15,23800,24200,23500,24100,22669,0.019027484143763207
2025-04-16,23850,23850,23100,23350,35802,-0.03112033195020747
2025-04-17,22950,24400,22950,24300,43984,0.04068522483940051
2025-04-18,24050,24050,23650,24000,33796,-0.012345679012345734
2025-04-21,24400,24450,23850,24150,27603,0.006250000000000089
2025-04-22,24000,24350,23650,24150,40635,0.0
2025-04-23,24600,24600,24200,24500,40228,0.01449275362318847
2025-04-24,24750,24800,23850,24050,52617,-0.01836734693877551
2025-04-25,24650,24750,24000,24350,106229,0.012474012474012364
2025-04-28,24350,24450,23850,24000,35479,-0.014373716632443578
2025-04-29,24000,24250,23850,24000,51304,0.0
2025-04-30,24000,24050,23050,23100,86542,-0.03749999999999998
2025-05-02,22550,23050,22000,22200,135707,-0.038961038961038974
2025-05-07,22450,22450,19990,20000,425886,-0.09909909909909909
2025-05-08,20200,20250,19550,19700,164018,-0.015000000000000013
2025-05-09,19860,19880,18930,18990,221029,-0.03604060913705587
2025-05-12,19160,19680,19040,19650,139346,0.034755134281200695
2025-05-13,20100,20350,19720,19950,146781,0.01526717557251911
2025-05-14,20150,20800,20100,20400,154409,0.022556390977443552
2025-05-15,20500,20550,19990,20050,84926,-0.01715686274509809
2025-05-16,20100,20100,19390,19450,144814,-0.029925187032418976
2025-05-19,19340,19360,18930,19200,84143,-0.01285347043701801
2025-05-20,19400,19400,18770,18800,97676,-0.02083333333333337
2025-05-21,18800,18860,18600,18640,137098,-0.008510638297872353
2025-05-22,18520,18640,17930,18000,167517,-0.03433476394849788
2025-05-23,18040,18300,17910,18000,97288,0.0
2025-05-26,17970,18450,17850,18240,75573,0.01333333333333342
2025-05-27,18290,18290,17970,18110,66823,-0.007127192982456121
2025-05-28,18330,18550,18230,18430,84610,0.01766979569298721
2025-05-29,18540,18690,18350,18690,136007,0.014107433532284386
2025-05-30,18640,18640,18200,18340,105083,-0.01872659176029967
2025-06-02,18310,18390,18010,18130,86109,-0.011450381679389277
2025-06-04,18240,18580,18240,18520,89428,0.021511307225593024
2025-06-05,18540,19400,18330,19310,189350,0.04265658747300205
2025-06-09,19490,22000,19490,21600,532931,0.11859140341791807
2025-06-10,21750,21900,21150,21300,200135,-0.01388888888888884
2025-06-11,22150,24800,21650,23650,813082,0.11032863849765251
2025-06-12,23400,25350,23000,23950,422057,0.012684989429175397
2025-06-13,24300,24500,23050,23800,348285,-0.006263048016701411
2025-06-16,23400,24250,22850,23700,160083,-0.004201680672268893
2025-06-17,25100,27950,24600,26350,935501,0.11181434599156126
2025-06-18,26000,26250,25500,26050,195962,-0.011385199240986688
2025-06-19,26350,26400,25700,25750,143471,-0.01151631477927062
2025-06-20,25550,27100,25300,25900,245202,0.005825242718446644
2025-06-23,25250,26250,24500,26000,223185,0.0038610038610038533
2025-06-24,26800,26900,26050,26350,142988,0.013461538461538414
2025-06-25,27050,27650,26650,27350,244622,0.03795066413662229
2025-06-26,28750,30000,27900,29050,614217,0.06215722120658129
2025-06-27,29100,29350,28000,28200,164261,-0.029259896729776247
2025-06-30,28250,29050,27500,28100,135676,-0.0035460992907800915
2025-07-01,28350,28650,27500,27500,122895,-0.02135231316725983
2025-07-02,27250,28250,26875,28250,166225,0.027272727272727337
2025-07-03,28200,29850,28050,29700,201259,0.051327433628318486
2025-07-04,29900,30350,29000,29400,125779,-0.010101010101010055
2025-07-07,28900,29100,27900,28250,140377,-0.03911564625850339
2025-07-08,27950,28900,27850,28350,114077,0.003539823008849474
2025-07-09,28550,29200,28150,28200,74669,-0.005291005291005346
2025-07-10,28550,28700,27400,27600,104003,-0.021276595744680882
2025-07-11,27600,28600,27100,27200,119050,-0.01449275362318836
2025-07-14,27350,27350,26150,26650,196802,-0.020220588235294157
2025-07-15,26750,27150,26250,26850,131394,0.007504690431519689
2025-07-16,27500,27500,26400,26500,185516,-0.013035381750465591
2025-07-17,26650,26900,25700,26400,179592,-0.0037735849056603765
2025-07-18,26450,26700,26050,26250,71230,-0.005681818181818232
2025-07-21,26100,26450,25700,25800,89991,-0.017142857142857126
2025-07-22,25900,26150,24900,25000,158482,-0.03100775193798455
2025-07-23,25050,25150,24350,24800,65225,-0.008000000000000007
2025-07-24,25100,25300,24100,24200,94159,-0.024193548387096753
2025-07-25,24300,24450,23900,24050,65600,-0.006198347107438051
2025-07-28,24300,24750,23850,24350,69570,0.012474012474012364
2025-07-29,25100,25350,24150,24400,157691,0.002053388090349051
2025-07-30,24600,26050,24600,25500,215892,0.04508196721311486
2025-07-31,25600,25700,24250,24450,109495,-0.04117647058823526
2025-08-01,24000,24250,23000,23200,111474,-0.05112474437627812
2025-08-04,23100,23550,22900,23550,52731,0.015086206896551824
2025-08-05,23800,24000,23450,23500,37971,-0.002123142250530785
2025-08-06,23450,23600,23050,23400,29858,-0.004255319148936176
2025-08-07,23500,24150,23350,24000,71169,0.02564102564102555
2025-08-08,24300,25250,24250,24450,101140,0.018750000000000044
2025-08-11,24500,24800,24150,24250,63188,-0.008179959100204526
2025-08-12,24800,25150,24550,24600,102786,0.014432989690721598
2025-08-13,24950,25350,24600,25300,99616,0.028455284552845628
2025-08-14,25950,25950,25100,25100,76812,-0.007905138339920903
2025-08-18,24950,25000,23600,23600,87965,-0.05976095617529875
2025-08-19,23700,23800,23200,23550,38284,-0.0021186440677966045
2025-08-20,23050,23450,22050,22700,93086,-0.03609341825902335
2025-08-21,23000,23150,22300,22450,64182,-0.011013215859030812
2025-08-22,22450,23150,22400,22500,66848,0.00222717149220486
2025-08-25,23000,23100,22750,22900,46560,0.01777777777777767
2025-08-26,23000,23100,22550,22850,49176,-0.0021834061135370675
2025-08-27,23150,23150,22600,23100,38113,0.010940919037199182
2025-08-28,23100,23100,22600,22750,44856,-0.015151515151515138
2025-08-29,22950,23050,22400,22450,49435,-0.01318681318681314
2025-09-01,22400,22400,21650,22000,80917,-0.020044543429844075
2025-09-02,21800,22250,21800,22150,44866,0.006818181818181834
2025-09-03,22000,22300,21750,22200,49086,0.0022573363431150906
