Date,Open,High,Low,Close,Volume,Change
2022-01-03,31400,31800,31350,31450,182920,0.0015923566878981443
2022-01-04,31500,31550,31050,31300,211031,-0.004769475357710662
2022-01-05,31200,31300,30850,31000,228137,-0.009584664536741228
2022-01-06,30450,30900,30450,30550,237241,-0.014516129032258074
2022-01-07,30700,31300,30650,31150,254357,0.019639934533551617
2022-01-10,31150,31400,30950,31200,210625,0.0016051364365972098
2022-01-11,31050,31450,30850,30950,176950,-0.008012820512820484
2022-01-12,31100,31650,31100,31550,267995,0.01938610662358653
2022-01-13,31650,32300,31550,32100,355385,0.017432646592709933
2022-01-14,31950,32100,31650,31950,215233,-0.004672897196261627
2022-01-17,32000,32050,31350,31350,177670,-0.018779342723004744
2022-01-18,31450,31600,30650,30650,297951,-0.022328548644338087
2022-01-19,30350,30800,30100,30150,333488,-0.01631321370309946
2022-01-20,30300,30600,30100,30300,242875,0.004975124378109541
2022-01-21,30050,30300,29900,30000,267065,-0.00990099009900991
2022-01-24,30000,30150,29300,29400,285168,-0.020000000000000018
2022-01-25,29400,29650,28500,28500,384037,-0.030612244897959218
2022-01-26,28400,29100,28400,28700,217866,0.007017543859649145
2022-01-27,28800,28900,27700,27850,342040,-0.029616724738675937
2022-01-28,28100,29700,27900,29500,387764,0.05924596050269293
2022-02-03,29900,30350,29550,29550,302111,0.0016949152542373724
2022-02-04,29550,29900,29250,29700,150966,0.0050761421319796
2022-02-07,29750,29800,29200,29600,212232,-0.0033670033670033517
2022-02-08,29400,29900,29150,29450,226911,-0.0050675675675675436
2022-02-09,29700,30050,29350,30050,176667,0.02037351443123936
2022-02-10,30100,30150,29700,30000,167468,-0.0016638935108153063
2022-02-11,29700,29700,29100,29200,158362,-0.026666666666666616
2022-02-14,29100,29400,28600,28750,197876,-0.015410958904109595
2022-02-15,28750,29050,28500,28750,146657,0.0
2022-02-16,29100,29250,28950,29250,136852,0.017391304347825987
2022-02-17,29200,29850,29150,29550,209798,0.01025641025641022
2022-02-18,29200,29650,29150,29450,103977,-0.0033840947546531774
2022-02-21,29050,29450,28850,29300,113654,-0.005093378607809895
2022-02-22,29050,29150,28450,28500,228772,-0.027303754266211566
2022-02-23,28800,29300,28700,29300,138148,0.02807017543859658
2022-02-24,29000,29100,28550,28800,149562,-0.017064846416382284
2022-02-25,29150,29500,28950,29500,169512,0.02430555555555558
2022-02-28,29800,30550,29350,30350,424377,0.028813559322034
2022-03-02,30450,32050,30450,31200,752567,0.028006589785831926
2022-03-03,31450,31750,31250,31350,200412,0.004807692307692291
2022-03-04,31350,31450,30800,31350,215466,0.0
2022-03-07,31000,31000,30250,30350,229982,-0.03189792663476876
2022-03-08,30000,30350,29750,29750,177820,-0.01976935749588138
2022-03-10,30400,30700,29950,30200,205390,0.015126050420168013
2022-03-11,30200,30550,30000,30500,142868,0.009933774834437026
2022-03-14,30500,31100,30150,30400,208829,-0.003278688524590123
2022-03-15,30400,30600,30050,30350,166733,-0.00164473684210531
2022-03-16,30500,30700,30250,30700,106597,0.011532125205930832
2022-03-17,30950,31050,30300,30300,155737,-0.013029315960912058
2022-03-18,30350,30600,30300,30400,180160,0.0033003300330032292
2022-03-21,30450,30750,30450,30700,140853,0.009868421052631637
2022-03-22,30650,31200,30550,31000,218802,0.009771986970684043
2022-03-23,31100,31550,31050,31400,230666,0.012903225806451646
2022-03-24,31400,31400,31000,31250,115589,-0.004777070063694322
2022-03-25,31300,31300,30900,31150,120869,-0.0031999999999999806
2022-03-28,31100,31500,30850,31400,163913,0.008025682182985605
2022-03-29,31550,31600,30900,31000,206403,-0.01273885350318471
2022-03-30,31050,31450,31000,31450,182837,0.014516129032257963
2022-03-31,31600,31650,31350,31450,151345,0.0
2022-04-01,31300,31550,31250,31450,129417,0.0
2022-04-04,31400,31600,31150,31600,108935,0.004769475357710551
2022-04-05,31400,31700,31200,31250,117902,-0.011075949367088556
2022-04-06,31200,31200,30900,31100,129898,-0.0048000000000000265
2022-04-07,30900,30900,30450,30500,160298,-0.019292604501607746
2022-04-08,30700,30700,30350,30600,130120,0.003278688524590123
2022-04-11,30500,30900,30300,30550,107518,-0.0016339869281045694
2022-04-12,30400,30500,30000,30100,179875,-0.014729950900163713
2022-04-13,30300,30550,30150,30550,157436,0.014950166112956742
2022-04-14,30550,30750,30450,30700,176660,0.004909983633387904
2022-04-15,30500,30550,30150,30350,133453,-0.01140065146579805
2022-04-18,30150,30300,29850,30200,162299,-0.0049423393739703725
2022-04-19,30250,30600,30150,30600,132050,0.013245033112582849
2022-04-20,30450,30850,30250,30600,164002,0.0
2022-04-21,30800,31000,30650,30800,105821,0.006535947712418277
2022-04-22,30550,30650,30350,30450,109810,-0.011363636363636354
2022-04-25,30050,30150,29850,29850,173812,-0.019704433497536922
2022-04-26,30050,30050,29800,29850,123068,0.0
2022-04-27,29250,29500,29200,29250,230441,-0.02010050251256279
2022-04-28,29450,29800,29200,29750,166308,0.017094017094017033
2022-04-29,29750,30150,29650,30150,181233,0.013445378151260456
2022-05-02,29600,29750,29400,29600,184411,-0.018242122719734688
2022-05-03,29700,29750,29400,29500,123707,-0.0033783783783783994
2022-05-04,29550,29650,29350,29400,107738,-0.003389830508474523
2022-05-06,29300,30000,29250,29950,188470,0.018707482993197244
2022-05-09,29700,29800,29150,29250,143741,-0.023372287145242088
2022-05-10,28950,29050,28400,28800,152979,-0.01538461538461533
2022-05-11,28650,28800,28050,28300,210023,-0.01736111111111116
2022-05-12,28150,28350,27750,28050,236123,-0.00883392226148405
2022-05-13,28100,28500,27950,28450,125395,0.01426024955436711
2022-05-16,28600,28750,28400,28500,111476,0.0017574692442883233
2022-05-17,28500,28850,28150,28250,206419,-0.00877192982456143
2022-05-18,28500,28500,28100,28200,200983,-0.001769911504424737
2022-05-19,27600,27800,27450,27600,262340,-0.021276595744680882
2022-05-20,27700,28250,27700,28050,222076,0.016304347826086918
2022-05-23,28350,28350,27800,27850,155546,-0.007130124777183555
2022-05-24,27900,28000,27150,27200,255943,-0.02333931777378817
2022-05-25,27350,27650,27250,27300,160752,0.003676470588235281
2022-05-26,27500,28300,27400,27550,297242,0.009157509157509125
2022-05-27,27950,28100,27750,28000,127339,0.016333938294010864
2022-05-30,28250,28750,28200,28550,174187,0.019642857142857073
2022-05-31,28600,28900,28450,28900,321030,0.012259194395796813
2022-06-02,28500,28550,28150,28250,210786,-0.02249134948096887
2022-06-03,28500,29650,28300,29450,404164,0.0424778761061948
2022-06-07,29400,29600,28850,29050,229374,-0.01358234295415961
2022-06-08,29200,29250,28700,28750,160765,-0.0103270223752151
2022-06-09,28750,29700,28500,29600,355037,0.029565217391304355
2022-06-10,29350,30300,29200,29850,325061,0.008445945945946054
2022-06-13,29250,29550,28600,28700,313495,-0.038525963149078746
2022-06-14,28200,29000,28200,28600,315927,-0.0034843205574912606
2022-06-15,28600,28750,27650,27700,295327,-0.03146853146853146
2022-06-16,27850,28500,27800,27800,197533,0.0036101083032491488
2022-06-17,27250,27450,26750,27250,599696,-0.01978417266187049
2022-06-20,27500,27750,26250,26700,348436,-0.020183486238532056
2022-06-21,26750,27100,26350,26850,267806,0.00561797752808979
2022-06-22,27200,27200,25150,25200,437839,-0.06145251396648044
2022-06-23,25200,25650,24550,24700,425124,-0.019841269841269882
2022-06-24,24750,25700,24750,25500,198518,0.03238866396761142
2022-06-27,25700,26000,25400,25850,170076,0.013725490196078383
2022-06-28,25750,26100,25600,26000,169054,0.005802707930367523
2022-06-29,25650,26300,25650,26300,212106,0.011538461538461497
2022-06-30,26200,26900,25750,25850,207382,-0.017110266159695797
2022-07-01,25950,26650,25550,25950,189781,0.003868471953578423
2022-07-04,25950,26050,24800,25150,234457,-0.030828516377649273
2022-07-05,25350,25700,25150,25600,101490,0.017892644135188762
2022-07-06,25400,25450,24150,24200,308815,-0.0546875
2022-07-07,24500,24650,24000,24400,163492,0.008264462809917328
2022-07-08,24650,25150,24600,24750,144751,0.014344262295082011
2022-07-11,24850,24900,24350,24400,97093,-0.014141414141414121
2022-07-12,24400,24550,23550,23950,178604,-0.018442622950819665
2022-07-13,23950,24000,23500,23650,142043,-0.012526096033402934
2022-07-14,23450,23850,23300,23500,198590,-0.006342494714587699
2022-07-15,23600,23750,22950,23400,182865,-0.004255319148936176
2022-07-18,23650,24250,23600,24200,141014,0.03418803418803429
2022-07-19,24200,24450,24050,24400,90973,0.008264462809917328
2022-07-20,24750,24750,24150,24250,183153,-0.006147540983606592
2022-07-21,24250,24450,24100,24400,80706,0.006185567010309256
2022-07-22,24500,24750,24200,24400,180231,0.0
2022-07-25,24100,24800,24100,24700,157019,0.012295081967213184
2022-07-26,24750,24850,24500,24750,155592,0.002024291497975783
2022-07-27,24750,24750,24400,24600,85351,-0.0060606060606061
2022-07-28,24850,25700,24850,25550,281006,0.03861788617886175
2022-07-29,25950,27950,25350,27550,1841974,0.07827788649706457
2022-08-01,27150,28450,27150,27800,618474,0.00907441016333932
2022-08-02,27650,28900,27600,28550,628374,0.026978417266187105
2022-08-03,28550,28750,28100,28450,266656,-0.003502626970227629
2022-08-04,28550,28800,28250,28400,270766,-0.0017574692442882123
2022-08-05,28250,28600,28150,28400,203835,0.0
2022-08-08,28500,30000,28150,30000,789178,0.05633802816901401
2022-08-09,29850,30900,29650,30450,748281,0.014999999999999902
2022-08-10,30350,31450,30350,30700,704794,0.008210180623973828
2022-08-11,30950,31200,30500,31150,364963,0.014657980456026065
2022-08-12,31150,31550,30900,31100,240417,-0.0016051364365970988
2022-08-16,31200,31350,30600,30800,353412,-0.009646302250803873
2022-08-17,30850,31250,30800,31150,262635,0.011363636363636465
2022-08-18,30800,31300,30550,31200,261860,0.0016051364365972098
2022-08-19,31100,31300,30850,31200,201099,0.0
2022-08-22,30800,31100,30300,30500,313008,-0.022435897435897467
2022-08-23,30100,30900,30050,30650,342754,0.004918032786885185
2022-08-24,30550,31100,30400,30800,267725,0.004893964110929794
2022-08-25,31050,31400,30800,31250,283528,0.014610389610389518
2022-08-26,31300,31450,30750,31300,265881,0.0016000000000000458
2022-08-29,30500,31450,30300,31150,318936,-0.004792332268370614
2022-08-30,31500,32950,31250,32550,1057448,0.04494382022471921
2022-08-31,32400,32450,31050,31850,698207,-0.021505376344086002
2022-09-01,31600,31900,31000,31150,340605,-0.02197802197802201
2022-09-02,31150,31200,30050,30500,331644,-0.020866773675762396
2022-09-05,30550,31200,30350,30700,211313,0.006557377049180246
2022-09-06,30950,31200,30550,30700,164628,0.0
2022-09-07,30700,30700,29850,30100,290905,-0.019543973941368087
2022-09-08,30400,30500,29700,29750,286011,-0.011627906976744207
2022-09-13,30150,30300,29100,29500,373801,-0.008403361344537785
2022-09-14,28650,29400,28500,29200,264337,-0.01016949152542368
2022-09-15,29350,30100,29050,29250,347601,0.001712328767123239
2022-09-16,29100,29850,28900,29300,507565,0.0017094017094017033
2022-09-19,29450,29550,28850,28900,179709,-0.013651877133105783
2022-09-20,29300,29400,28800,29150,144265,0.00865051903114189
2022-09-21,28950,29250,28650,28750,173677,-0.013722126929674117
2022-09-22,28500,28700,27650,28500,341278,-0.008695652173912993
2022-09-23,28500,28550,27150,27400,422887,-0.038596491228070184
2022-09-26,27000,27300,25800,25950,674299,-0.0529197080291971
2022-09-27,25950,26550,25400,26050,381090,0.003853564547206201
2022-09-28,26200,26200,24100,24300,524781,-0.06717850287907867
2022-09-29,24700,25550,24650,25150,426388,0.034979423868312765
2022-09-30,24900,25150,24350,24450,285697,-0.027833001988071593
2022-10-04,25000,25600,24650,25350,231143,0.036809815950920255
2022-10-05,25700,25750,25000,25350,219565,0.0
2022-10-06,25350,25400,24850,24850,247125,-0.01972386587771202
2022-10-07,24750,25150,24600,25000,435208,0.006036217303822866
2022-10-11,24600,24800,23900,24050,247432,-0.038000000000000034
2022-10-12,24050,24450,23450,24400,240869,0.01455301455301461
2022-10-13,24400,24450,23250,23250,309874,-0.047131147540983576
2022-10-14,23600,24250,23500,24000,179270,0.032258064516129004
2022-10-17,24000,24600,23500,24500,192279,0.02083333333333326
2022-10-18,24850,25500,24750,25500,277749,0.04081632653061229
2022-10-19,25450,25650,24850,24900,188151,-0.02352941176470591
2022-10-20,24900,25050,24250,24250,328230,-0.026104417670682722
2022-10-21,24300,24650,24000,24400,222091,0.006185567010309256
2022-10-24,24750,24950,24250,24400,128847,0.0
2022-10-25,24450,24500,23950,24350,173881,-0.002049180327868827
2022-10-26,24400,24600,24250,24450,143697,0.004106776180698102
2022-10-27,24550,25550,24500,25350,285873,0.036809815950920255
2022-10-28,25450,25850,25250,25450,195887,0.0039447731755424265
2022-10-31,25700,25700,25150,25400,147740,-0.0019646365422396617
2022-11-01,26100,27400,26100,26800,382498,0.055118110236220375
2022-11-02,26900,27850,26900,27550,323468,0.027985074626865725
2022-11-03,27000,27850,26900,27600,201188,0.001814882032667775
2022-11-04,27350,28000,27350,27850,187491,0.009057971014492683
2022-11-07,28200,28300,27300,27450,191465,-0.014362657091561926
2022-11-08,27650,28400,27600,28100,187400,0.023679417122040025
2022-11-09,28350,28800,28000,28500,211322,0.014234875444839812
2022-11-10,28200,28800,28100,28350,197885,-0.0052631578947368585
2022-11-11,29150,29250,28350,28800,163539,0.015873015873015817
2022-11-14,28900,28900,28350,28450,120105,-0.01215277777777779
2022-11-15,28700,29050,28200,28300,165995,-0.005272407732864637
2022-11-16,28600,28900,27850,28850,206344,0.019434628975264934
2022-11-17,29050,29500,28500,28500,210430,-0.012131715771230511
2022-11-18,28500,28550,28100,28100,171046,-0.01403508771929829
2022-11-21,28050,28200,27650,28050,159931,-0.001779359430605032
2022-11-22,28100,28300,27700,28150,123563,0.0035650623885918886
2022-11-23,28450,28850,27950,28850,188405,0.0248667850799289
2022-11-24,29250,29250,28500,28700,5592890,-0.005199306759098743
2022-11-25,28750,28850,28200,28300,106673,-0.013937282229965153
2022-11-28,28300,28450,27800,28300,119659,0.0
2022-11-29,28200,28850,28200,28850,128442,0.019434628975264934
2022-11-30,28900,29250,28450,29050,161599,0.006932409012131657
2022-12-01,29150,29250,28900,29150,153945,0.0034423407917383297
2022-12-02,29150,29150,28250,28250,149032,-0.030874785591766707
2022-12-05,28350,28400,27750,27900,111257,-0.012389380530973493
2022-12-06,27750,28050,27500,27600,111891,-0.010752688172043001
2022-12-07,27600,27800,27300,27700,115733,0.0036231884057971175
2022-12-08,27700,27800,27200,27550,220866,-0.005415162454873612
2022-12-09,27550,27900,27500,27750,122305,0.007259528130671544
2022-12-12,27750,28050,27700,27900,79009,0.00540540540540535
2022-12-13,28000,28050,27500,27900,117996,0.0
2022-12-14,28100,28150,27800,28000,85152,0.0035842293906809264
2022-12-15,28000,28150,27500,27800,90979,-0.0071428571428571175
2022-12-16,27500,28000,27300,27950,142042,0.0053956834532373765
2022-12-19,27950,27950,27250,27350,129998,-0.02146690518783545
2022-12-20,27350,27900,27250,27450,112795,0.003656307129798808
2022-12-21,27650,27950,27450,27600,79453,0.005464480874316946
2022-12-22,27700,27850,27600,27750,96502,0.005434782608695565
2022-12-23,27700,27800,27150,27200,102369,-0.01981981981981984
2022-12-26,27150,27400,27050,27250,191039,0.0018382352941177516
2022-12-27,27300,27750,27300,27750,270532,0.0183486238532109
2022-12-28,27300,27550,26700,26750,191363,-0.036036036036036
2022-12-29,26600,26600,25500,25650,207040,-0.04112149532710285
2023-01-02,25700,25850,25100,25350,131991,-0.011695906432748537
2023-01-03,25350,25400,24400,25050,160712,-0.011834319526627168
2023-01-04,24950,25450,24400,25400,124651,0.013972055888223478
2023-01-05,25200,25700,25000,25300,152920,-0.003937007874015741
2023-01-06,24950,25850,24950,25550,188195,0.009881422924901129
2023-01-09,25750,27000,25700,26950,171825,0.0547945205479452
2023-01-10,26950,27100,26650,26750,91477,-0.007421150278293154
2023-01-11,26750,27400,26600,27200,156360,0.016822429906542036
2023-01-12,27350,28150,27250,27550,288400,0.012867647058823595
2023-01-13,27800,28400,27700,28000,143349,0.016333938294010864
2023-01-16,28000,28050,27600,27750,89821,-0.008928571428571397
2023-01-17,27800,28200,27500,27850,130962,0.003603603603603567
2023-01-18,27900,27900,27500,27700,63111,-0.0053859964093356805
2023-01-19,27500,28000,27400,27600,72378,-0.0036101083032491488
2023-01-20,27500,27900,27350,27850,78141,0.009057971014492683
2023-01-25,27850,28250,27800,27900,75675,0.0017953321364452268
2023-01-26,27900,28300,27700,28200,111710,0.010752688172043001
2023-01-27,28100,28500,28100,28300,132930,0.0035460992907800915
2023-01-30,28350,28400,27800,27800,119418,-0.017667844522968212
2023-01-31,28000,28500,27750,28300,162661,0.017985611510791477
2023-02-01,28250,28500,27950,28200,147080,-0.0035335689045936647
2023-02-02,28450,28600,27800,27800,156610,-0.014184397163120588
2023-02-03,27800,28350,27550,28200,134743,0.014388489208633004
2023-02-06,28300,28350,27700,27850,100420,-0.012411347517730542
2023-02-07,27850,28050,27450,27450,161569,-0.014362657091561926
2023-02-08,27450,27850,27450,27800,103993,0.012750455373406133
2023-02-09,27700,29200,27650,28500,288856,0.02517985611510798
2023-02-10,28600,29300,28400,28700,183803,0.007017543859649145
2023-02-13,28600,29150,28500,29000,172245,0.010452961672473782
2023-02-14,29050,29150,28550,28550,141291,-0.01551724137931032
2023-02-15,28550,28750,27900,28050,144943,-0.017513134851138368
2023-02-16,28100,28600,28100,28400,127300,0.012477718360071277
2023-02-17,28200,28550,27950,28150,69214,-0.008802816901408494
2023-02-20,28150,28350,27600,27900,121928,-0.008880994671403242
2023-02-21,27800,28200,27650,28050,81761,0.005376344086021501
2023-02-22,27900,27950,27400,27450,101091,-0.021390374331550777
2023-02-23,27500,28000,27450,27500,109574,0.0018214936247722413
2023-02-24,27500,27750,27350,27450,83608,-0.0018181818181818299
2023-02-27,27450,27500,26900,27200,123363,-0.00910746812386154
2023-02-28,27250,27450,26950,26950,144697,-0.009191176470588203
2023-03-02,26950,27100,26200,26400,264976,-0.020408163265306145
2023-03-03,26500,26550,26000,26150,223570,-0.009469696969697017
2023-03-06,26300,26500,26100,26150,164798,0.0
2023-03-07,26150,26250,25850,25950,153537,-0.007648183556405397
2023-03-08,25800,25950,25550,25700,151971,-0.009633911368015391
2023-03-09,25900,26150,25550,25600,176181,-0.0038910505836575737
2023-03-10,25500,25550,25000,25250,170989,-0.013671875
2023-03-13,25300,25500,24850,25400,134818,0.005940594059405946
2023-03-14,25250,25250,24800,24850,183425,-0.021653543307086576
2023-03-15,25000,25250,24750,24850,167869,0.0
2023-03-16,24800,25000,24500,24900,124041,0.002012072434607548
2023-03-17,25100,25650,25000,25100,271393,0.008032128514056325
2023-03-20,25100,26100,25100,25400,161255,0.01195219123505975
2023-03-21,25700,25850,25350,25350,134872,-0.0019685039370078705
2023-03-22,25500,25550,25250,25300,129109,-0.0019723865877712132
2023-03-23,25300,25300,24900,24950,155859,-0.013833992094861691
2023-03-24,24950,25150,24750,24750,208743,-0.008016032064128265
2023-03-27,24950,25300,24500,24600,232766,-0.0060606060606061
2023-03-28,24700,25300,24700,25200,144875,0.024390243902439046
2023-03-29,25250,25650,25150,25200,147624,0.0
2023-03-30,25250,26150,25000,25950,365289,0.029761904761904656
2023-03-31,26150,26550,25950,26250,246143,0.011560693641618602
2023-04-03,26350,26650,25850,26000,136563,-0.00952380952380949
2023-04-04,26050,26400,25850,26350,133441,0.013461538461538414
2023-04-05,26450,26700,26150,26150,165825,-0.007590132827324458
2023-04-06,26200,26450,25600,25650,188369,-0.019120458891013437
2023-04-07,25650,25800,25350,25650,154777,0.0
2023-04-10,25700,25750,25100,25550,129623,-0.003898635477582846
2023-04-11,25550,26150,25250,26000,228963,0.017612524461839474
2023-04-12,25850,26200,25800,26000,183242,0.0
2023-04-13,26100,26500,26050,26350,168432,0.013461538461538414
2023-04-14,26550,26650,26250,26250,138046,-0.003795066413662229
2023-04-17,26350,26550,26100,26400,131517,0.005714285714285783
2023-04-18,26250,26500,25900,26250,156101,-0.005681818181818232
2023-04-19,26300,30250,26250,30150,1656580,0.14857142857142858
2023-04-20,30000,30100,29400,29500,636325,-0.021558872305140975
2023-04-21,29500,29500,27950,28600,476702,-0.03050847457627115
2023-04-24,29000,30600,28850,29250,790115,0.022727272727272707
2023-04-25,29300,29300,28100,28550,407002,-0.023931623931623958
2023-04-26,28550,28550,27500,27550,328427,-0.035026269702276736
2023-04-27,27800,29350,27600,28650,509408,0.03992740471869327
2023-04-28,29250,29300,27100,27100,577556,-0.054101221640488695
2023-05-02,27100,28000,27100,27800,208711,0.02583025830258312
2023-05-03,27600,28250,27150,27300,254316,-0.017985611510791366
2023-05-04,27250,27500,26850,27100,178720,-0.0073260073260073
2023-05-08,27300,27900,27200,27500,175973,0.014760147601476037
2023-05-09,27550,27650,27050,27250,122033,-0.009090909090909038
2023-05-10,27300,27750,27150,27200,134790,-0.0018348623853210455
2023-05-11,27300,27950,27300,27550,215931,0.012867647058823595
2023-05-12,27450,27850,26300,27600,555506,0.001814882032667775
2023-05-15,27850,28800,27700,28250,403144,0.023550724637681153
2023-05-16,28150,28300,27850,28150,205183,-0.0035398230088495852
2023-05-17,28050,28250,27950,28100,127329,-0.001776198934280604
2023-05-18,28200,28950,28200,28950,287405,0.030249110320284656
2023-05-19,28900,29250,28650,28800,249885,-0.005181347150259086
2023-05-22,28900,31050,28850,30800,878396,0.06944444444444442
2023-05-23,30650,31100,30500,30950,335640,0.004870129870129913
2023-05-24,31000,31750,30600,31150,462184,0.00646203554119551
2023-05-25,31000,31450,30750,31200,311638,0.0016051364365972098
2023-05-26,31400,31450,30200,30750,372557,-0.014423076923076872
2023-05-30,30750,31150,30150,30250,232652,-0.016260162601625994
2023-05-31,30450,30900,30300,30500,209924,0.008264462809917328
2023-06-01,30550,30750,30000,30250,155665,-0.008196721311475419
2023-06-02,30400,30850,30050,30700,201985,0.014876033057851235
2023-06-05,30850,31400,30800,30950,181734,0.008143322475570036
2023-06-07,31000,31500,30900,31000,203043,0.001615508885298933
2023-06-08,30950,31100,30600,30900,315507,-0.003225806451612856
2023-06-09,31100,31300,30600,30850,226075,-0.0016181229773463146
2023-06-12,30950,31100,30450,30850,174285,0.0
2023-06-13,31050,31050,30500,30800,200642,-0.0016207455429497752
2023-06-14,30800,30900,30100,30250,204360,-0.017857142857142905
2023-06-15,30300,30300,29350,29700,343185,-0.018181818181818188
2023-06-16,29700,30300,29700,29950,317984,0.008417508417508435
2023-06-19,29950,32450,29950,31850,918594,0.06343906510851416
2023-06-20,31850,32300,31150,31200,316360,-0.020408163265306145
2023-06-21,31500,31500,30700,30800,238270,-0.012820512820512775
2023-06-22,30950,32200,30700,31750,453430,0.030844155844155896
2023-06-23,31750,31800,30250,30350,375874,-0.04409448818897643
2023-06-26,30050,30700,30000,30200,168927,-0.0049423393739703725
2023-06-27,30200,30500,29900,30150,138076,-0.0016556291390728006
2023-06-28,30300,30550,30050,30050,169059,-0.0033167495854062867
2023-06-29,30000,30250,29550,29600,219435,-0.014975041597337757
2023-06-30,29750,30150,29400,29950,132179,0.011824324324324342
2023-07-03,30100,30250,29900,30100,166223,0.005008347245408995
2023-07-04,30100,30100,29150,29400,256557,-0.023255813953488413
2023-07-05,29400,30000,29250,29850,199698,0.015306122448979664
2023-07-06,29700,29850,28700,28750,331480,-0.0368509212730318
2023-07-07,28600,28850,28000,28650,255278,-0.003478260869565264
2023-07-10,28750,29600,28500,29050,152803,0.013961605584642323
2023-07-11,29300,29950,29050,29900,250579,0.029259896729776358
2023-07-12,29850,30300,29700,29900,213579,0.0
2023-07-13,30200,32200,30150,31500,884102,0.05351170568561869
2023-07-14,31750,32300,31500,32150,369287,0.02063492063492056
2023-07-17,32250,32300,30650,30850,358521,-0.04043545878693622
2023-07-18,31150,31300,30800,31100,175652,0.008103727714748876
2023-07-19,31150,32150,31100,31400,280731,0.009646302250803762
2023-07-20,31250,31850,30900,31650,169595,0.0079617834394905
2023-07-21,31350,31700,30950,31450,156429,-0.006319115323854652
2023-07-24,31350,31600,30650,31200,245183,-0.007949125596184436
2023-07-25,31100,34000,31050,33400,1182995,0.07051282051282048
2023-07-26,33450,33900,31000,31050,679183,-0.07035928143712578
2023-07-27,31950,33700,30900,30950,1004851,-0.0032206119162641045
2023-07-28,30950,30950,29750,30350,356663,-0.01938610662358642
2023-07-31,30350,31050,30250,30850,367401,0.016474464579901094
2023-08-01,30850,31000,30250,30550,326385,-0.00972447325769854
2023-08-02,30300,30550,29600,29750,387114,-0.026186579378068786
2023-08-03,29750,29950,29250,29700,233357,-0.001680672268907557
2023-08-04,29700,29900,29400,29550,157580,-0.005050505050505083
2023-08-07,29500,29750,29150,29300,172310,-0.008460236886632777
2023-08-08,29550,29700,28950,29350,198674,0.0017064846416381396
2023-08-09,29250,29650,29100,29650,185057,0.010221465076660996
2023-08-10,29650,30000,29000,29000,312750,-0.021922428330522714
2023-08-11,29150,29750,29150,29300,183187,0.010344827586206806
2023-08-14,28000,28050,26300,27000,1190614,-0.07849829351535831
2023-08-16,26700,26750,26250,26250,430321,-0.02777777777777779
2023-08-17,26000,26150,25250,25800,482591,-0.017142857142857126
2023-08-18,25600,25600,25050,25150,559920,-0.025193798449612448
2023-08-21,25150,25500,25050,25100,338946,-0.001988071570576566
2023-08-22,25150,25150,24500,24800,486711,-0.01195219123505975
2023-08-23,24800,25000,24600,24650,375509,-0.006048387096774244
2023-08-24,24800,24950,24550,24750,245347,0.0040567951318457585
2023-08-25,24500,24650,24400,24500,239357,-0.010101010101010055
2023-08-28,24700,24950,24500,24750,323782,0.010204081632652962
2023-08-29,24950,25450,24850,25200,326523,0.018181818181818077
2023-08-30,25500,25550,25100,25150,259479,-0.001984126984126977
2023-08-31,25150,25150,24900,25000,336625,-0.005964214711729587
2023-09-01,25150,25700,25000,25100,349066,0.0040000000000000036
2023-09-04,25100,25900,25100,25850,295438,0.029880478087649376
2023-09-05,25800,25800,25200,25300,431164,-0.021276595744680882
2023-09-06,25300,25600,25000,25050,333008,-0.00988142292490124
2023-09-07,25050,25100,24600,24800,303897,-0.009980039920159722
2023-09-08,24800,25250,24750,25200,173863,0.016129032258064502
2023-09-11,25000,25650,24950,25400,364067,0.007936507936507908
2023-09-12,25500,25700,24950,24950,369310,-0.017716535433070835
2023-09-13,24900,25150,24750,24950,235496,0.0
2023-09-14,25100,25250,24850,25250,318779,0.012024048096192397
2023-09-15,25300,25650,25250,25250,538541,0.0
2023-09-18,25150,25500,25050,25300,201617,0.001980198019801982
2023-09-19,25350,25400,25050,25250,173280,-0.0019762845849802257
2023-09-20,25250,25300,25050,25200,136222,-0.001980198019801982
2023-09-21,25050,25250,24700,24700,365640,-0.019841269841269882
2023-09-22,24600,24750,24250,24500,388978,-0.0080971659919028
2023-09-25,24600,24650,24150,24150,180094,-0.014285714285714235
2023-09-26,24150,24350,23900,23900,206308,-0.010351966873705987
2023-09-27,23750,24150,23600,23950,146263,0.0020920502092049986
2023-10-04,23850,23950,23350,23450,239847,-0.02087682672233826
2023-10-05,23500,23500,23150,23250,192783,-0.008528784648187626
2023-10-06,23250,23450,23000,23150,192842,-0.004301075268817178
2023-10-10,23700,24400,23550,23800,346310,0.02807775377969768
2023-10-11,23850,24300,23500,23950,227353,0.006302521008403339
2023-10-12,24150,24400,23850,24350,204840,0.016701461377870652
2023-10-13,24350,24350,23800,24100,171212,-0.010266940451745366
2023-10-16,23900,24150,23750,23900,181471,-0.008298755186721962
2023-10-17,24000,24500,24000,24350,240823,0.01882845188284521
2023-10-18,24400,24500,23900,24100,301320,-0.010266940451745366
2023-10-19,23950,23950,23100,23150,324768,-0.03941908713692943
2023-10-20,23050,23150,22450,22850,309732,-0.01295896328293733
2023-10-23,22650,22950,22550,22750,180668,-0.004376367614879695
2023-10-24,22750,23000,21950,22500,287758,-0.01098901098901095
2023-10-25,22650,23100,22600,22900,206940,0.01777777777777767
2023-10-26,22700,22800,22200,22300,209073,-0.026200873362445365
2023-10-27,22450,22500,22050,22150,163106,-0.006726457399103158
2023-10-30,22050,22200,21500,22150,344912,0.0
2023-10-31,22400,22650,22050,22200,233922,0.0022573363431150906
2023-11-01,22350,22850,22300,22700,175161,0.022522522522522515
2023-11-02,22900,23000,22650,22650,153201,-0.0022026431718061845
2023-11-03,22850,23350,22750,23300,221753,0.028697571743929284
2023-11-06,23750,24100,23400,24100,295061,0.03433476394849788
2023-11-07,24100,24100,23500,23700,183103,-0.016597510373444035
2023-11-08,23950,24100,23750,23850,109919,0.006329113924050667
2023-11-09,23850,24250,23850,24050,184815,0.008385744234800763
2023-11-10,23950,24300,23800,24200,129400,0.006237006237006293
2023-11-13,24300,24700,24200,24250,173188,0.0020661157024792765
2023-11-14,24450,24600,24150,24350,151109,0.004123711340206171
2023-11-15,24350,24550,24150,24500,239773,0.006160164271047153
2023-11-16,24550,24700,24250,24550,160403,0.0020408163265306367
2023-11-17,24550,24750,24400,24500,146709,-0.0020366598778004397
2023-11-20,24650,25050,24550,24900,154794,0.01632653061224487
2023-11-21,25050,25350,24850,25250,170367,0.014056224899598346
2023-11-22,25100,25750,25000,25650,209307,0.015841584158415856
2023-11-23,25700,25850,25300,25350,181334,-0.011695906432748537
2023-11-24,25350,25650,25300,25400,95164,0.0019723865877712132
2023-11-27,25400,25550,25000,25250,142639,-0.0059055118110236116
2023-11-28,25350,25500,25000,25250,176051,0.0
2023-11-29,25200,25300,24650,24700,192230,-0.0217821782178218
2023-11-30,24600,25600,24600,25600,294625,0.036437246963562764
2023-12-01,25550,25950,25300,25500,219634,-0.00390625
2023-12-04,25600,25750,25300,25350,130499,-0.00588235294117645
2023-12-05,25550,26100,25350,25700,332527,0.013806706114398493
2023-12-06,25850,25900,25400,25500,156338,-0.0077821011673151474
2023-12-07,25350,25550,25200,25350,111275,-0.00588235294117645
2023-12-08,25450,25500,25250,25400,104593,0.0019723865877712132
2023-12-11,25450,25650,25300,25450,95320,0.0019685039370078705
2023-12-12,25500,25850,25450,25450,151702,0.0
2023-12-13,25450,25550,25300,25300,95771,-0.005893909626719096
2023-12-14,25550,25650,25400,25500,193202,0.007905138339920903
2023-12-15,25650,25950,25450,25550,370532,0.0019607843137254832
2023-12-18,25550,25750,25450,25650,185578,0.00391389432485334
2023-12-19,25600,25700,25250,25300,143477,-0.013645224171540016
2023-12-20,25350,25900,25350,25900,268089,0.02371541501976293
2023-12-21,25700,25750,25550,25650,139232,-0.009652509652509633
2023-12-22,25650,25800,25500,25650,182992,0.0
2023-12-26,25750,25900,25400,25900,268297,0.00974658869395717
2023-12-27,25800,25800,25100,25300,258659,-0.02316602316602312
2023-12-28,25250,25750,25200,25750,195105,0.01778656126482203
2024-01-02,25650,25850,25000,25100,272643,-0.025242718446601975
2024-01-03,25100,25200,24900,25000,166344,-0.003984063745019917
2024-01-04,24900,24950,24500,24600,216741,-0.016000000000000014
2024-01-05,24600,24850,24450,24550,116932,-0.002032520325203291
2024-01-08,24600,24700,24250,24300,106207,-0.010183299389002087
2024-01-09,24550,24650,24200,24300,148083,0.0
2024-01-10,24450,24450,24050,24200,122053,-0.004115226337448541
2024-01-11,24350,24500,24050,24100,203482,-0.004132231404958664
2024-01-12,24150,24300,24000,24050,103172,-0.0020746887966804906
2024-01-15,24050,24150,23700,23800,153745,-0.01039501039501034
2024-01-16,23750,24150,23750,23900,125178,0.004201680672268893
2024-01-17,24000,24000,23000,23050,253547,-0.03556485355648531
2024-01-18,22900,23200,22800,22950,174906,-0.004338394793926281
2024-01-19,23100,23300,22950,23300,125657,0.015250544662309462
2024-01-22,23400,23400,23050,23150,89743,-0.006437768240343367
2024-01-23,23300,23600,23200,23550,76325,0.017278617710583255
2024-01-24,23550,23550,23250,23300,79901,-0.010615711252653925
2024-01-25,23350,23650,23150,23650,94149,0.015021459227467782
2024-01-26,23500,23900,23350,23750,98938,0.0042283298097252064
2024-01-29,23800,25900,23750,25550,792975,0.07578947368421063
2024-01-30,25800,27200,25700,26700,1558771,0.045009784735812186
2024-01-31,27350,27350,25850,27250,947921,0.020599250936329527
2024-02-01,26800,30750,26800,30000,3031422,0.10091743119266061
2024-02-02,31000,32200,29850,31100,2084763,0.036666666666666625
2024-02-05,31100,31100,29600,30450,930010,-0.020900321543408373
2024-02-06,29950,30500,28650,28750,953602,-0.05582922824302139
2024-02-07,29050,31200,28600,30750,1117368,0.06956521739130439
2024-02-08,30800,31000,29800,30550,844154,-0.006504065040650375
2024-02-13,30550,31050,30000,30200,559542,-0.011456628477905073
2024-02-14,29600,30100,29200,29400,505919,-0.026490066225165587
2024-02-15,29700,29700,28550,28800,431215,-0.020408163265306145
2024-02-16,28900,29550,28600,29550,486347,0.02604166666666674
2024-02-19,29700,31050,29550,30300,695461,0.025380710659898442
2024-02-20,30700,30750,29900,30100,585651,-0.0066006600660065695
2024-02-21,29950,30900,29500,29700,429460,-0.013289036544850474
2024-02-22,29800,29850,28900,29300,600262,-0.013468013468013518
2024-02-23,29400,30150,29150,29400,435052,0.0034129692832765013
2024-02-26,28900,29100,27400,28200,941614,-0.04081632653061229
2024-02-27,28250,28600,27750,28150,384483,-0.0017730496453900457
2024-02-28,28150,29750,28000,29450,510022,0.04618117229129659
2024-02-29,29350,29800,29000,29400,408444,-0.001697792869269965
2024-03-04,29650,30000,28950,29700,435369,0.010204081632652962
2024-03-05,29400,30200,29250,29400,363814,-0.010101010101010055
2024-03-06,29100,29900,29000,29550,366867,0.005102040816326481
2024-03-07,29550,30000,29250,29750,400738,0.006768189509306355
2024-03-08,29950,30050,29550,29650,364337,-0.003361344537815114
2024-03-11,29300,29950,29150,29300,240350,-0.01180438448566612
2024-03-12,29550,29550,27950,28150,373408,-0.03924914675767921
2024-03-13,28300,28450,28000,28250,210039,0.003552397868561208
2024-03-14,28400,28900,28250,28700,301120,0.015929203539823078
2024-03-15,28600,28900,27950,27950,395523,-0.026132404181184676
2024-03-18,28200,29200,28050,29100,476650,0.041144901610017826
2024-03-19,28800,29250,28400,28450,228156,-0.022336769759450203
2024-03-20,28700,28850,28200,28350,269057,-0.0035149384885764245
2024-03-21,28600,29150,28400,29100,292359,0.02645502645502651
2024-03-22,29250,29300,28300,28600,268776,-0.01718213058419249
2024-03-25,28750,28750,28000,28050,249205,-0.019230769230769273
2024-03-26,28100,28550,28100,28350,169491,0.010695187165775444
2024-03-27,28150,28400,28050,28100,139026,-0.00881834215167554
2024-03-28,28200,28550,28000,28200,213786,0.003558718861210064
2024-03-29,28200,28300,26900,27050,423637,-0.04078014184397161
2024-04-01,27300,27350,26800,27000,234968,-0.001848428835489857
2024-04-02,27050,27150,26600,26700,214855,-0.011111111111111072
2024-04-03,26750,31950,26650,28650,3339827,0.0730337078651686
2024-04-04,29150,30200,28500,28850,2649482,0.00698080279232105
2024-04-05,28450,29350,28000,28000,672919,-0.029462738301559765
2024-04-08,28400,29650,27950,29450,1051569,0.051785714285714324
2024-04-09,29450,29600,27850,27950,956801,-0.05093378607809851
2024-04-11,27200,27650,27000,27550,682456,-0.014311270125223596
2024-04-12,27650,27700,26800,26800,521163,-0.02722323049001818
2024-04-15,26500,27500,26300,27250,266730,0.01679104477611948
2024-04-16,26900,27050,26100,26300,340398,-0.034862385321100864
2024-04-17,26400,26600,25850,25850,233151,-0.017110266159695797
2024-04-18,25650,26350,25650,26250,214484,0.015473887814313247
2024-04-19,26050,26350,25750,26100,219923,-0.005714285714285672
2024-04-22,26350,26800,26250,26700,171183,0.02298850574712641
2024-04-23,26750,26900,26300,26650,155353,-0.0018726591760299671
2024-04-24,26800,27000,26500,26550,191252,-0.0037523452157598447
2024-04-25,26500,27150,26350,26850,204761,0.011299435028248483
2024-04-26,26850,26950,26600,26750,153908,-0.003724394785847296
2024-04-29,26950,27950,26950,27800,310082,0.03925233644859816
2024-04-30,27800,27850,27200,27350,211211,-0.01618705035971224
2024-05-02,27300,27500,26850,27200,217357,-0.005484460694698323
2024-05-03,27300,27450,26950,26950,135260,-0.009191176470588203
2024-05-07,27200,27300,26800,27100,184473,0.005565862708719838
2024-05-08,27250,27750,27100,27550,196689,0.016605166051660625
2024-05-09,27400,27500,26950,27150,254580,-0.014519056261342977
2024-05-10,27250,27450,27100,27300,141982,0.005524861878453136
2024-05-13,27400,27550,27200,27450,138319,0.005494505494505475
2024-05-14,27550,27550,27000,27150,175463,-0.010928961748633892
2024-05-16,27300,27500,26850,27150,249742,0.0
2024-05-17,27000,27050,26500,26550,197135,-0.02209944751381221
2024-05-20,26750,26850,26550,26650,159124,0.0037664783427495685
2024-05-21,26650,26750,26100,26200,199115,-0.016885553470919357
2024-05-22,26200,26250,25900,25950,146427,-0.009541984732824416
2024-05-23,26050,26350,25900,25900,178971,-0.0019267822736031004
2024-05-24,25750,25900,25450,25550,159422,-0.013513513513513487
2024-05-27,25550,26400,25500,26350,215226,0.03131115459882583
2024-05-28,26150,26500,26150,26250,132601,-0.003795066413662229
2024-05-29,26150,26700,26100,26700,194019,0.017142857142857126
2024-05-30,26450,26700,26400,26550,123031,-0.005617977528089901
2024-05-31,26750,27100,26500,27050,285597,0.01883239171374762
2024-06-03,27300,28600,27250,27250,1049375,0.007393715341959428
2024-06-04,27100,27550,26950,27450,398381,0.007339449541284404
2024-06-05,27550,27550,26250,26250,358919,-0.04371584699453557
2024-06-07,26300,26950,26250,26250,179954,0.0
2024-06-10,26050,26350,25850,26200,161604,-0.0019047619047618536
2024-06-11,26300,26700,26250,26400,223147,0.007633587786259444
2024-06-12,26350,26650,26150,26350,205482,-0.0018939393939394478
2024-06-13,26450,26900,26450,26600,275384,0.009487666034155628
2024-06-14,26500,26600,26150,26400,240811,-0.007518796992481258
2024-06-17,26450,26550,26050,26150,144095,-0.009469696969697017
2024-06-18,26200,26300,26000,26300,106561,0.005736137667303964
2024-06-19,26400,26650,25950,26400,354683,0.0038022813688212143
2024-06-20,26450,26500,26050,26500,273271,0.0037878787878788955
2024-06-21,26600,27050,26250,26650,388647,0.005660377358490676
2024-06-24,26800,26900,26000,26000,246595,-0.024390243902439046
2024-06-25,26200,26450,25950,26400,123373,0.01538461538461533
2024-06-26,26250,26400,25700,25800,264163,-0.022727272727272707
2024-06-27,25600,25800,25400,25650,135192,-0.005813953488372103
2024-06-28,25650,27350,25650,26850,507966,0.04678362573099415
2024-07-01,26700,27350,26650,27050,215742,0.007448789571694592
2024-07-02,26800,27150,26600,27000,160680,-0.001848428835489857
2024-07-03,27050,27150,26850,26900,155740,-0.0037037037037036535
2024-07-04,27050,27850,26900,27850,447050,0.03531598513011147
2024-07-05,29000,29500,28450,29050,1686701,0.04308797127468589
2024-07-08,29300,29300,28500,28700,609624,-0.012048192771084376
2024-07-09,28800,29000,28650,28950,342385,0.008710801393728262
2024-07-10,28850,29050,28800,28850,250937,-0.003454231433506094
2024-07-11,29000,29200,28900,29100,409987,0.008665511265164572
2024-07-12,29150,29200,28950,29150,329431,0.0017182130584192379
2024-07-15,29150,29300,28750,29050,385879,-0.0034305317324184736
2024-07-16,29000,29300,29000,29200,333929,0.005163511187607606
2024-07-17,29350,29850,29150,29250,294556,0.001712328767123239
2024-07-18,29200,29300,29050,29300,242991,0.0017094017094017033
2024-07-19,29250,29300,29100,29150,276687,-0.005119453924914641
2024-07-22,29200,29200,28900,29150,336355,0.0
2024-07-23,29000,29050,27950,28600,379979,-0.018867924528301883
2024-07-24,28600,29800,28550,29700,962609,0.03846153846153855
2024-07-25,30450,31700,29750,31300,964637,0.05387205387205385
2024-07-26,31350,31400,30350,30450,334079,-0.027156549520766737
2024-07-29,30600,31400,30500,31300,286467,0.02791461412151075
2024-07-30,31300,31600,30750,30750,323371,-0.01757188498402551
2024-07-31,31000,32150,30200,31200,402688,0.014634146341463428
2024-08-01,31200,32100,31000,31450,250993,0.008012820512820484
2024-08-02,31000,31400,30300,30400,373769,-0.03338632750397452
2024-08-05,29600,29800,27800,28450,677748,-0.06414473684210531
2024-08-06,29300,29800,28450,28900,298362,0.01581722319859402
2024-08-07,28500,29500,28350,29000,186211,0.0034602076124568004
2024-08-08,29000,30150,28800,30050,408100,0.036206896551724155
2024-08-09,30300,30950,30100,30450,145446,0.01331114808652245
2024-08-12,30650,30650,30050,30500,109885,0.0016420361247948545
2024-08-13,30350,31400,30350,30500,148110,0.0
2024-08-14,30800,30850,29900,30350,142965,-0.004918032786885296
2024-08-16,30750,30850,30100,30100,134851,-0.008237232289950547
2024-08-19,30100,30350,29750,30150,92630,0.0016611295681063787
2024-08-20,30200,30300,29800,30100,109938,-0.0016583747927031434
2024-08-21,30400,30550,29850,30050,113477,-0.0016611295681062677
2024-08-22,30300,30450,29800,30050,81007,0.0
2024-08-23,30100,30400,29900,30150,67386,0.0033277870216306127
2024-08-26,30250,30300,29850,29950,67434,-0.0066334991708125735
2024-08-27,30200,30750,29750,30750,155303,0.026711185308847973
2024-08-28,30750,30800,29650,29650,165809,-0.03577235772357723
2024-08-29,29900,29950,29100,29400,82959,-0.00843170320404718
2024-08-30,29650,29650,29050,29050,143994,-0.011904761904761862
2024-09-02,29300,29300,28600,29050,91205,0.0
2024-09-03,29050,29900,28850,29500,109483,0.015490533562822817
2024-09-04,29000,29150,28250,28350,167254,-0.03898305084745768
2024-09-05,28550,28950,28250,28500,91317,0.005291005291005346
2024-09-06,28650,28650,27800,28000,92480,-0.01754385964912286
2024-09-09,27550,27950,27300,27850,58570,-0.005357142857142838
2024-09-10,27900,28100,27600,27900,70825,0.0017953321364452268
2024-09-11,28150,28150,27500,27750,72495,-0.005376344086021501
2024-09-12,28000,28600,27750,28600,114399,0.03063063063063054
2024-09-13,28650,30050,28500,29350,192798,0.02622377622377625
2024-09-19,30050,30050,29150,29400,117556,0.0017035775127767216
2024-09-20,29750,30100,29500,29650,260469,0.008503401360544283
2024-09-23,30000,30000,29350,29500,103179,-0.005059021922428353
2024-09-24,29950,29950,29200,29750,83300,0.008474576271186418
2024-09-25,30300,30650,29150,29150,168020,-0.020168067226890796
2024-09-26,29450,29850,29200,29800,135709,0.022298456260720467
2024-09-27,29900,29950,29350,29550,112691,-0.008389261744966459
2024-09-30,29700,29850,28900,28900,117782,-0.021996615905245376
2024-10-02,28850,28850,28250,28350,146067,-0.01903114186851207
2024-10-04,28500,28800,28150,28700,111505,0.012345679012345734
2024-10-07,28600,28800,28050,28550,130408,-0.005226480836236891
2024-10-08,28450,29000,28100,28650,137880,0.003502626970227629
2024-10-10,29100,29500,28650,28750,195128,0.003490401396160525
2024-10-11,29100,29100,28200,28350,117871,-0.013913043478260834
2024-10-14,28450,29100,28200,28700,123380,0.012345679012345734
2024-10-15,28800,28850,28300,28300,108841,-0.013937282229965153
2024-10-16,28200,28550,27900,28150,273997,-0.005300353356890497
2024-10-17,28300,28400,27700,27750,149944,-0.014209591474245165
2024-10-18,27900,27950,27400,27500,119482,-0.009009009009009028
2024-10-21,27500,28050,27350,27450,117696,-0.0018181818181818299
2024-10-22,27400,27850,27000,27850,140765,0.014571948998178597
2024-10-23,27800,27800,27350,27550,98236,-0.010771992818671472
2024-10-24,27550,27600,27300,27500,64547,-0.001814882032667886
2024-10-25,27650,28300,27400,27900,168515,0.014545454545454639
2024-10-28,28000,28200,27600,28200,84225,0.010752688172043001
2024-10-29,28200,28300,27700,27900,135264,-0.010638297872340385
2024-10-30,27900,28150,27750,28050,54856,0.005376344086021501
2024-10-31,28050,28100,27500,28050,82621,0.0
2024-11-01,28000,28050,27300,27350,168782,-0.024955436720142554
2024-11-04,27300,27500,26700,27200,153715,-0.005484460694698323
2024-11-05,26950,27450,26800,26900,141484,-0.011029411764705843
2024-11-06,27050,27100,26200,27000,191386,0.0037174721189590088
2024-11-07,26900,28700,26900,28350,293312,0.050000000000000044
2024-11-08,28700,29850,28150,29100,316083,0.02645502645502651
2024-11-11,29200,29350,28700,28950,201113,-0.005154639175257714
2024-11-12,29200,30600,29050,29850,487964,0.031088082901554515
2024-11-13,29900,29900,28000,28050,301620,-0.06030150753768848
2024-11-14,28900,29200,28300,28950,252524,0.03208556149732611
2024-11-15,29900,30400,28450,28650,295332,-0.010362694300518172
2024-11-18,28600,29600,28400,29200,170591,0.01919720767888311
2024-11-19,28950,29300,28500,29250,149530,0.001712328767123239
2024-11-20,29100,29450,29050,29200,88758,-0.0017094017094017033
2024-11-21,29300,29700,28950,29550,128282,0.011986301369863117
2024-11-22,29600,29600,28900,29050,110096,-0.016920473773265665
2024-11-25,29300,29500,28650,28650,253378,-0.013769363166953541
2024-11-26,28700,28700,27600,27900,270560,-0.02617801047120416
2024-11-27,27700,28100,27550,27850,137361,-0.0017921146953404632
2024-11-28,27950,29700,27850,29450,298727,0.0574506283662477
2024-11-29,29650,30350,29050,29900,453884,0.015280135823429575
2024-12-02,30150,30450,29550,29750,201269,-0.0050167224080267525
2024-12-03,30300,30600,29150,29450,244122,-0.010084033613445342
2024-12-04,29000,29200,28650,28850,215513,-0.02037351443123936
2024-12-05,28850,28900,27300,27450,5727591,-0.048526863084922045
2024-12-06,27400,29000,26700,27750,456050,0.010928961748633892
2024-12-09,27400,27400,26000,26300,286107,-0.052252252252252274
2024-12-10,26300,27900,26300,27550,277743,0.04752851711026618
2024-12-11,27450,27700,27200,27450,131039,-0.003629764065335772
2024-12-12,27550,28350,27450,28050,526319,0.021857923497267784
2024-12-13,28100,28400,27250,27450,298354,-0.021390374331550777
2024-12-16,27750,28150,27700,27900,182988,0.016393442622950838
2024-12-17,28050,28500,27200,27350,577150,-0.01971326164874554
2024-12-18,27300,27900,27250,27850,160752,0.018281535648994485
2024-12-19,27300,27750,26600,27700,154574,-0.0053859964093356805
2024-12-20,27450,27650,26800,27050,483784,-0.023465703971119134
2024-12-23,27300,28300,27250,28200,273249,0.04251386321626627
2024-12-24,28300,28350,27950,28100,96980,-0.0035460992907800915
2024-12-26,28200,28300,27800,27950,124534,-0.005338078291814985
2024-12-27,27600,27750,26600,26950,245475,-0.035778175313059046
2024-12-30,26800,27450,26800,26900,137223,-0.0018552875695733162
2025-01-02,26950,27350,26800,27050,142692,0.005576208178438735
2025-01-03,27100,27750,27100,27600,238492,0.020332717190388205
2025-01-06,27650,27950,27350,27600,186593,0.0
2025-01-07,27750,28100,27500,28000,182759,0.01449275362318847
2025-01-08,28000,28250,27850,27950,136803,-0.0017857142857142794
2025-01-09,27750,27850,27200,27350,220294,-0.02146690518783545
2025-01-10,27400,28250,27350,28200,247794,0.031078610603290757
2025-01-13,28200,28200,27500,27800,113319,-0.014184397163120588
2025-01-14,27800,28350,27750,28200,160711,0.014388489208633004
2025-01-15,28300,29000,28250,28700,222412,0.01773049645390068
2025-01-16,28850,29650,28600,29650,279402,0.03310104529616731
2025-01-17,29600,29800,29400,29700,203180,0.001686340640809414
2025-01-20,29800,29800,28950,29300,140401,-0.013468013468013518
2025-01-21,29200,29500,29000,29300,112600,0.0
2025-01-22,29450,31150,29200,31150,595505,0.06313993174061427
2025-01-23,31000,31100,30500,31000,182673,-0.0048154093097912964
2025-01-24,31000,31500,30700,31350,310942,0.011290322580645107
2025-01-31,31650,31650,30350,30500,248066,-0.027113237639553422
2025-02-03,30050,30050,29150,29200,156855,-0.042622950819672156
2025-02-04,29500,30150,29250,30150,182754,0.03253424657534243
2025-02-05,30200,30350,29350,29400,178868,-0.02487562189054726
2025-02-06,29500,30950,29400,30900,259954,0.05102040816326525
2025-02-07,30650,31300,30400,30400,181669,-0.016181229773462813
2025-02-10,30000,30750,29850,30300,154652,-0.003289473684210509
2025-02-11,31100,32650,31050,32500,967725,0.0726072607260726
2025-02-12,33000,38550,32400,37700,3596243,0.15999999999999992
2025-02-13,37550,44100,37050,42150,4957313,0.11803713527851456
2025-02-14,42300,45800,40700,42700,2544526,0.013048635824436605
2025-02-17,42450,44300,42400,44250,401440,0.03629976580796246
2025-02-18,45000,50000,45000,50000,737503,0.12994350282485878
2025-02-19,52000,52000,47000,47900,688527,-0.04200000000000004
2025-02-20,46200,47400,42600,44050,2338660,-0.08037578288100211
2025-02-21,43100,44200,42350,43000,1018636,-0.023836549375709448
2025-02-24,42400,43400,41000,41800,731529,-0.027906976744186074
2025-02-25,41300,44600,41250,43450,1217761,0.03947368421052633
2025-02-26,43450,43550,41850,42550,435293,-0.020713463751438455
2025-02-27,43300,44200,42000,42250,689448,-0.007050528789659172
2025-02-28,41400,42600,40500,40550,592316,-0.04023668639053257
2025-03-04,41100,46100,41050,44550,1683294,0.09864364981504314
2025-03-05,44500,45550,43150,44350,680179,-0.004489337822671136
2025-03-06,44700,45900,43950,44950,692515,0.013528748590755368
2025-03-07,44300,48700,44100,47650,1102869,0.06006674082313679
2025-03-10,48550,54100,48400,52300,2278092,0.09758656873032523
2025-03-11,51200,54900,50600,51000,2048639,-0.0248565965583174
2025-03-12,50200,51300,45400,45700,2854509,-0.10392156862745094
2025-03-13,46050,47550,45100,45650,1433951,-0.001094091903719896
2025-03-14,45800,46950,45600,46050,771865,0.008762322015334112
2025-03-17,46800,48250,46200,46900,612089,0.018458197611292082
2025-03-18,49200,51400,47850,48600,1222518,0.036247334754797356
2025-03-19,50000,50600,48050,48650,468512,0.0010288065843622185
2025-03-20,48850,49300,46150,47500,587898,-0.023638232271325776
2025-03-21,43200,43750,40900,41550,1780305,-0.12526315789473685
2025-03-24,41550,43800,41250,43400,695330,0.044524669073405576
2025-03-25,44150,44150,41600,42300,505076,-0.025345622119815614
2025-03-26,42100,43000,41050,42750,340583,0.010638297872340496
2025-03-27,42100,42450,40850,41100,285680,-0.038596491228070184
2025-03-28,42100,42900,40100,41350,534366,0.006082725060827299
2025-03-31,40150,41500,39700,40950,658398,-0.0096735187424426
2025-04-01,44250,47800,43150,43200,1882537,0.05494505494505497
2025-04-02,43850,46500,42850,44250,1036305,0.02430555555555558
2025-04-03,42650,44450,42650,43850,469769,-0.009039548022598876
2025-04-04,43300,43950,41050,42500,475579,-0.030786773090079822
2025-04-07,40000,40400,38500,39400,379799,-0.07294117647058829
2025-04-08,41200,42050,40150,40250,579794,0.021573604060913798
2025-04-09,40050,41200,39150,39650,325730,-0.014906832298136607
2025-04-10,42000,42150,40850,42000,785723,0.059268600252206705
2025-04-11,41300,42300,41300,42050,388630,0.0011904761904761862
2025-04-14,42800,44050,42300,43450,319220,0.03329369797859694
2025-04-15,43600,43850,42550,42750,219417,-0.016110471806674354
2025-04-16,42600,43150,42100,42150,223152,-0.01403508771929829
2025-04-17,42300,44350,41950,43950,339293,0.04270462633451966
2025-04-18,44100,45500,43500,44100,349787,0.0034129692832765013
2025-04-21,44600,44950,43600,44050,184123,-0.0011337868480725266
2025-04-22,43300,44800,43250,44500,227181,0.010215664018161208
2025-04-23,45150,45400,44450,44550,245130,0.0011235955056179137
2025-04-24,44850,47050,44750,46600,549592,0.04601571268237925
2025-04-25,46850,49000,46300,48800,527981,0.047210300429184615
2025-04-28,50000,50100,48350,49200,502193,0.008196721311475308
2025-04-29,47750,47750,45900,47350,523149,-0.03760162601626016
2025-04-30,47700,48500,46800,48150,404157,0.01689545934530101
2025-05-02,48050,49350,47400,48900,194995,0.015576323987538832
2025-05-07,49500,49650,48100,48750,277687,-0.0030674846625766694
2025-05-08,49000,52100,48350,49950,642368,0.024615384615384706
2025-05-09,50300,53600,50300,52000,555287,0.041041041041041115
2025-05-12,53300,53300,48500,48900,401513,-0.059615384615384626
2025-05-13,48200,50200,47450,49300,262189,0.008179959100204526
2025-05-14,49550,51300,49550,50600,217588,0.026369168356997985
2025-05-15,51500,52900,50500,52800,282766,0.04347826086956519
2025-05-16,52400,54000,52000,53000,287377,0.0037878787878788955
2025-05-19,52300,52400,50000,51000,235913,-0.037735849056603765
2025-05-20,51500,51600,49600,50300,256855,-0.013725490196078383
2025-05-21,50400,52200,50200,51600,217234,0.025844930417495027
2025-05-22,51300,51300,49950,50300,174911,-0.025193798449612448
2025-05-23,50300,51400,49700,50600,159495,0.005964214711729587
2025-05-26,50400,52900,49800,52900,243916,0.045454545454545414
2025-05-27,53300,62200,53000,61800,1606381,0.16824196597353502
2025-05-28,62000,72400,61100,67500,2432876,0.09223300970873782
2025-05-29,70100,74800,69900,74400,1406246,0.10222222222222221
2025-05-30,77100,77700,72100,75500,1288451,0.014784946236559238
2025-06-02,73500,78900,73200,77200,857218,0.02251655629139071
2025-06-04,80400,97100,79700,93400,3261845,0.2098445595854923
2025-06-05,92200,93000,88700,90700,1434465,-0.028907922912205564
2025-06-09,93300,97400,91200,92000,1245212,0.014332965821389099
2025-06-10,92800,98400,89900,95100,1629015,0.033695652173913127
2025-06-11,96500,96500,91300,94500,1032605,-0.006309148264984188
2025-06-12,94400,95600,92500,94300,882017,-0.002116402116402072
2025-06-13,93800,93800,87700,88800,1286901,-0.05832449628844116
2025-06-16,89200,101600,89100,100600,1753339,0.13288288288288297
2025-06-17,99400,100000,94000,96100,820648,-0.04473161033797213
2025-06-18,97800,98700,92900,93500,708597,-0.027055150884495283
2025-06-19,94200,96800,92200,94900,462032,0.014973262032085488
2025-06-20,94300,95800,91600,93400,455183,-0.015806111696522684
2025-06-23,92100,95400,91400,93800,533208,0.004282655246252709
2025-06-24,95000,99200,92100,92900,814673,-0.009594882729211052
2025-06-25,92700,93900,89200,92200,623066,-0.00753498385360607
2025-06-26,93000,93300,88000,89900,418693,-0.024945770065075923
2025-06-27,91300,104100,91200,94400,2810892,0.0500556173526141
2025-06-30,93000,98800,91900,94300,792427,-0.0010593220338983578
2025-07-01,100900,113500,98500,108800,4355133,0.1537645811240722
2025-07-02,105700,106000,94000,95800,1997697,-0.11948529411764708
2025-07-03,96500,97400,89900,90600,1115929,-0.05427974947807934
2025-07-04,90600,91600,83000,84000,1038481,-0.07284768211920534
2025-07-07,81200,84700,81200,83600,459793,-0.004761904761904745
2025-07-08,83000,89300,83000,88900,929557,0.0633971291866029
2025-07-09,91000,93300,88300,92300,761584,0.038245219347581516
2025-07-10,91700,95500,91100,93500,740408,0.01300108342361872
2025-07-11,93500,95500,91500,92100,395756,-0.0149732620320856
2025-07-14,91700,94400,91500,93000,381887,0.009771986970684043
2025-07-15,93300,95300,93300,94800,411189,0.019354838709677358
2025-07-16,94400,95100,92100,93700,246983,-0.011603375527426185
2025-07-17,94200,94600,90300,93000,400929,-0.007470651013874119
2025-07-18,92800,93700,91200,92400,213587,-0.006451612903225823
2025-07-21,91400,93900,91200,93000,268368,0.006493506493506551
2025-07-22,93000,94000,91700,92400,260573,-0.006451612903225823
2025-07-23,93500,95900,91500,92400,414709,0.0
2025-07-24,92600,96700,92600,94000,494852,0.017316017316017396
2025-07-25,94000,97500,92900,95500,460437,0.015957446808510634
2025-07-28,97000,97300,92400,93400,444194,-0.021989528795811508
2025-07-29,94200,99000,92000,96800,656343,0.036402569593147804
2025-07-30,96400,97000,93800,95000,335008,-0.018595041322314043
2025-07-31,95900,102300,95100,99800,957368,0.05052631578947375
2025-08-01,100000,100700,90700,91300,947282,-0.08517034068136276
2025-08-04,90600,92300,87700,89800,420288,-0.01642935377875132
2025-08-05,91700,91700,89600,90000,332630,0.00222717149220486
2025-08-06,90100,91000,88800,91000,210551,0.011111111111111072
2025-08-07,91100,91100,87900,88900,364544,-0.023076923076923106
2025-08-08,88500,88700,85200,86800,346118,-0.023622047244094446
2025-08-11,84800,85600,82900,83600,327370,-0.03686635944700456
2025-08-12,83600,85100,82300,82700,253945,-0.010765550239234423
2025-08-13,83000,83300,79800,83200,305242,0.006045949214026569
2025-08-14,83100,84900,82700,83900,332245,0.008413461538461453
2025-08-18,83300,83300,81000,82100,149992,-0.021454112038140627
2025-08-19,81300,82000,79000,79600,265456,-0.030450669914738104
2025-08-20,77000,78100,74100,76600,349233,-0.03768844221105527
2025-08-21,77500,79300,76900,78200,204023,0.02088772845953013
2025-08-22,78600,82900,78600,80900,309381,0.03452685421994883
2025-08-25,82700,82700,80300,82400,157730,0.018541409147095234
2025-08-26,82700,82700,79600,80200,229908,-0.02669902912621358
2025-08-27,80900,82000,80100,81200,179119,0.012468827930174564
2025-08-28,80600,84600,79800,83600,351234,0.029556650246305383
2025-08-29,84600,85200,83200,83800,233224,0.0023923444976077235
2025-09-01,83100,88100,81900,85200,384590,0.01670644391408116
2025-09-02,85900,87700,84000,85100,302194,-0.0011737089201877549
2025-09-03,85000,86300,84000,84500,167887,-0.007050528789659172
2025-09-04,84000,85300,84000,84800,110528,0.0035502958579882726
2025-09-05,84700,86600,83100,86100,258997,0.015330188679245182
2025-09-08,85100,85800,83900,85600,165639,-0.005807200929152101
2025-09-09,86200,87200,85800,86100,240257,0.005841121495327117
2025-09-10,87200,90300,87000,88500,454838,0.027874564459930307
2025-09-11,89000,90000,86100,86600,676109,-0.021468926553672274
2025-09-12,87700,87700,84900,85800,331638,-0.009237875288683584
2025-09-15,87200,96900,86900,93000,1332087,0.08391608391608396
2025-09-16,93300,94900,91800,94400,419331,0.01505376344086029
2025-09-17,95500,95500,91500,91900,271525,-0.026483050847457612
2025-09-18,93400,94000,91000,92100,226201,0.0021762785636560977
2025-09-19,92500,94100,91000,91500,259222,-0.006514657980456029
2025-09-22,91500,91600,89300,90500,199334,-0.010928961748633892
2025-09-23,89400,90000,88300,88800,205995,-0.018784530386740328
2025-09-24,88200,89100,86400,86900,210960,-0.021396396396396344
2025-09-25,87600,87900,85500,85800,214786,-0.012658227848101222
2025-09-26,86700,86800,82400,83100,169600,-0.03146853146853146
2025-09-29,83600,84600,83000,83000,114599,-0.001203369434416346
2025-09-30,83400,85000,82900,84600,168705,0.01927710843373487
2025-10-01,85000,85900,84400,84800,115108,0.0023640661938533203
2025-10-02,85100,87400,83600,85900,277483,0.01297169811320753
2025-10-10,86500,86700,82000,84000,254383,-0.02211874272409775
2025-10-13,82000,84100,81200,84000,178499,0.0
2025-10-14,84000,84800,79700,79700,363442,-0.05119047619047623
2025-10-15,80500,83500,80500,83400,199046,0.046424090338770485
2025-10-16,84100,84500,82500,83400,166879,0.0
2025-10-17,83800,85400,81800,82500,238725,-0.010791366906474864
2025-10-20,83600,89000,83300,88800,369012,0.07636363636363641
2025-10-21,89700,95100,88400,90800,502734,0.022522522522522515
2025-10-22,91800,96200,88500,96100,461855,0.05837004405286339
2025-10-23,94100,97500,91600,94900,382087,-0.012486992715920908
2025-10-24,96200,96500,92700,94800,260520,-0.0010537407797681642
2025-10-27,97700,108900,97300,107200,1200889,0.13080168776371304
2025-10-28,104100,104100,97000,98200,735926,-0.08395522388059706
2025-10-29,99600,99700,95900,97900,357273,-0.003054989816700604
2025-10-30,104300,105200,97600,98200,580021,0.003064351378958108
2025-10-31,96800,97900,94900,95600,281423,-0.02647657841140527
2025-11-03,96900,99500,96900,97800,302118,0.023012552301255207
2025-11-04,97200,97600,93400,93600,388116,-0.042944785276073594
2025-11-05,91600,91800,85500,88700,386888,-0.052350427350427386
2025-11-06,91200,93700,87300,92100,349112,0.03833145434047358
2025-11-07,90000,90300,85100,86900,334630,-0.05646036916395225
2025-11-10,88700,94800,88700,94100,501393,0.08285385500575382
2025-11-11,96000,97100,91000,91400,353371,-0.028692879914984037
2025-11-12,92400,92700,89600,91900,197903,0.00547045951859948
2025-11-13,91900,92100,90300,90400,195859,-0.016322089227421066
2025-11-14,88600,90800,87600,88900,168114,-0.0165929203539823
2025-11-17,90000,91500,88500,90900,210437,0.022497187851518552
2025-11-18,89200,90700,86200,86500,302975,-0.04840484048404836
2025-11-19,87200,87200,81700,84300,183995,-0.02543352601156068
2025-11-20,86000,86800,84700,84800,119583,0.005931198102016699
2025-11-21,82500,82500,79500,79800,263101,-0.05896226415094341
2025-11-24,81200,82200,78700,78700,431634,-0.013784461152882233
2025-11-25,80000,81200,77700,77700,164248,-0.01270648030495558
2025-11-26,79000,79600,77700,79500,193086,0.02316602316602312
2025-11-27,80800,81600,79300,79800,136183,0.0037735849056603765
2025-11-28,80600,80800,77900,79400,119053,-0.005012531328320802
2025-12-01,80400,80600,78100,78900,134038,-0.006297229219143552
2025-12-02,78900,80300,78100,80300,140153,0.017743979721166037
2025-12-03,80700,82400,79600,81600,174387,0.016189290161892966
2025-12-04,81600,81600,80000,81400,111763,-0.002450980392156854
2025-12-05,80600,82300,79700,82300,108181,0.011056511056511065
2025-12-08,83300,84000,82000,83900,146710,0.019441069258809174
2025-12-09,83500,86200,82800,84700,155392,0.009535160905840279
2025-12-10,85300,85600,83000,83000,170819,-0.02007083825265643
2025-12-11,83800,84800,81600,82000,218700,-0.012048192771084376
