Date,Open,High,Low,Close,Volume,Change
2022-01-03,39708,40677,38202,39709,917,0.0
2022-01-04,40944,40944,39276,39493,1698,-0.005439572892795064
2022-01-05,39653,39653,38738,38740,1543,-0.01906667004279239
2022-01-06,39170,39170,38201,38202,2445,-0.013887454827052115
2022-01-07,38417,39816,37717,39709,3271,0.039448196429506366
2022-01-10,40031,42720,39761,40946,13255,0.031151628094386652
2022-01-11,40137,41267,38738,39547,3319,-0.034166951594783335
2022-01-12,39546,42290,39546,40946,10201,0.03537562899840685
2022-01-13,40676,41537,40676,41269,2770,0.007888438431104428
2022-01-14,40998,40998,40245,40354,2087,-0.02217160580581068
2022-01-17,40945,40945,39708,39709,1812,-0.015983545621251927
2022-01-18,39385,40461,39170,39762,1440,0.0013347100153617841
2022-01-19,39761,40891,38738,39601,2577,-0.004049092097982987
2022-01-20,39331,40892,38847,39170,1923,-0.010883563546375097
2022-01-21,38739,39653,38577,38686,1474,-0.012356395200408432
2022-01-24,38201,39116,37877,37933,1605,-0.01946440572817043
2022-01-25,37878,38201,35511,35942,5375,-0.05248728020457116
2022-01-26,34649,35941,33573,35512,1709,-0.011963719325580047
2022-01-27,35187,36803,34220,34220,4375,-0.036382068033340875
2022-01-28,33843,34973,33467,34866,3142,0.018877849210987785
2022-02-03,34865,35941,34865,35512,1340,0.01852807893076358
2022-02-04,35726,36695,35295,36050,2714,0.015149808515431351
2022-02-07,35672,36156,33789,35243,3186,-0.022385575589459084
2022-02-08,35295,35941,35295,35512,1699,0.007632721391481967
2022-02-09,36210,36803,35618,36695,2676,0.03331268303672008
2022-02-10,36695,36910,35780,36426,1357,-0.007330699005314023
2022-02-11,35618,36156,34811,35135,2558,-0.03544171745456537
2022-02-14,34757,35027,34004,34274,2490,-0.024505478867226427
2022-02-15,34220,34865,34004,34220,1960,-0.0015755383089222086
2022-02-16,34327,35187,34327,35135,2328,0.026738749269433093
2022-02-17,35403,35942,35135,35135,2056,0.0
2022-02-18,35187,35456,34434,35404,1627,0.007656183293012653
2022-02-21,35027,35349,34973,35296,824,-0.0030505027680488572
2022-02-22,35295,35295,34004,34220,1362,-0.030485040797824103
2022-02-23,36371,36371,33896,34758,1176,0.015721800116890616
2022-02-24,34758,34758,33359,33359,4992,-0.040249726681627296
2022-02-25,33520,35618,33520,34758,2925,0.041937707964867066
2022-02-28,35403,35403,34435,34866,965,0.0031071983428274663
2022-03-02,34219,45303,34219,45304,114049,0.2993747490391785
2022-03-03,47079,50038,42720,42722,155928,-0.056992760021190136
2022-03-04,42021,45788,41052,42722,62260,0.0
2022-03-07,43044,44066,42129,42399,13825,-0.007560507466878863
2022-03-08,42182,42882,40137,40354,15959,-0.048232269629000735
2022-03-10,40245,41429,39169,40462,9143,0.0026763146156514317
2022-03-11,40460,40891,39116,40300,9010,-0.004003756611141274
2022-03-14,40300,40300,38847,38955,5736,-0.03337468982630276
2022-03-15,38201,39062,37824,38632,5295,-0.008291618534206124
2022-03-16,39330,39384,38362,38740,3179,0.002795609857113357
2022-03-17,38901,40892,38901,39709,6681,0.025012906556530767
2022-03-18,39708,40515,38847,39816,3467,0.0026946032385606333
2022-03-21,40569,40569,39277,39816,2902,0.0
2022-03-22,40300,40353,39385,39762,5013,-0.0013562386980108254
2022-03-23,39384,40137,39116,39278,4713,-0.012172425934309117
2022-03-24,38900,39815,38739,39386,2393,0.002749630836600625
2022-03-25,39815,40191,38201,39601,4511,0.0054587924643274555
2022-03-28,39224,40300,38955,39709,2391,0.0027272038584884584
2022-03-29,40299,40299,39008,40139,2535,0.01082877936991622
2022-03-30,40138,40677,39492,39816,3542,-0.008047036547995767
2022-03-31,40192,40461,39277,39816,3575,0.0
2022-04-01,40353,40353,39761,40085,3000,0.006756077958609552
2022-04-04,40999,40999,39762,39978,2629,-0.0026693276786827758
2022-04-05,39977,40353,39277,39978,2082,0.0
2022-04-06,39976,39976,39169,39601,1987,-0.009430186602631396
2022-04-07,39599,39923,38416,38686,3396,-0.023105477134415797
2022-04-08,39439,39439,38470,38901,1791,0.005557566044563922
2022-04-11,39384,42828,39384,39655,15210,0.019382535153337876
2022-04-12,40676,40676,38469,38794,3988,-0.021712268314210026
2022-04-13,39008,39385,38577,39063,1873,0.006934061968345562
2022-04-14,38847,39224,38739,39009,1700,-0.0013823823055064688
2022-04-15,38416,39438,38416,39439,2135,0.011023097233971546
2022-04-18,39761,39761,38793,39278,1471,-0.004082253606835895
2022-04-19,38900,39600,38739,39386,1726,0.002749630836600625
2022-04-20,39546,39546,38631,39117,1606,-0.006829838013507339
2022-04-21,38955,39331,38739,38901,1825,-0.005521895850908787
2022-04-22,38685,38847,38148,38256,2326,-0.016580550628518598
2022-04-25,38201,38201,36909,37018,4312,-0.03236093684650776
2022-04-26,37932,37932,35510,36964,1792,-0.0014587497973959085
2022-04-27,36156,37716,35672,36911,2096,-0.0014338275078454865
2022-04-28,36695,37556,36587,36911,1396,0.0
2022-04-29,37556,38147,36909,37610,2254,0.018937444122348435
2022-05-02,37394,37986,36587,37610,1612,0.0
2022-05-03,37663,37663,36749,37502,928,-0.0028715767083222765
2022-05-04,37286,38739,36749,37556,2234,0.0014399232040958054
2022-05-06,36695,37394,36156,36749,1364,-0.021487911385664082
2022-05-09,35941,36533,35295,35296,4534,-0.0395384908432882
2022-05-10,33950,36102,33896,35512,3133,0.006119673617407173
2022-05-11,34434,35349,33896,34489,1823,-0.02880716377562509
2022-05-12,34488,34972,33573,33898,1274,-0.01713589840238916
2022-05-13,34058,35027,33897,34274,2999,0.01109209982889836
2022-05-16,33896,35457,33896,35135,1402,0.025121083036704128
2022-05-17,34166,36049,34166,35781,1742,0.018386224562402242
2022-05-18,35511,36372,35511,35727,1903,-0.0015091808501719317
2022-05-19,33950,45195,33950,38740,199082,0.08433397710415091
2022-05-20,38954,50361,38738,47779,501439,0.23332472896231282
2022-05-23,45195,45572,41591,41807,110212,-0.12499215136356978
2022-05-24,41268,45519,39762,39816,109693,-0.04762360370272922
2022-05-25,40353,42828,39492,39870,45199,0.0013562386980108254
2022-05-26,39977,51813,39923,51815,506510,0.299598695761224
2022-05-27,54451,65750,52890,57034,1990640,0.1007237286500049
2022-05-30,60907,66395,57033,58648,769001,0.028298909422449725
2022-05-31,58970,63706,58970,60262,94905,0.02752012003819404
2022-06-02,63166,63166,60369,62307,67373,0.03393514984567392
2022-06-03,62091,64028,61553,63491,92720,0.019002680276694495
2022-06-07,64888,65427,58324,59939,237501,-0.0559449370776961
2022-06-08,60692,60692,56495,57895,100749,-0.03410133635863133
2022-06-09,57356,58540,54127,54451,102638,-0.05948700233180759
2022-06-10,55527,56818,53159,54774,143302,0.005931938807368198
2022-06-13,52782,53105,50845,51815,76671,-0.05402198123197133
2022-06-14,51383,53805,50415,53429,167552,0.031149281096207737
2022-06-15,55204,55204,49231,50470,111923,-0.055381908701267135
2022-06-16,52029,52405,48315,48640,64541,-0.03625916385971861
2022-06-17,47402,48801,46917,48102,35888,-0.01106085526315792
2022-06-20,49285,50361,45680,46488,47628,-0.03355369839091926
2022-06-21,46487,48693,45734,47403,66793,0.019682498709344243
2022-06-22,47133,48156,43636,44659,46191,-0.05788663164778596
2022-06-23,45465,46810,43098,43098,64095,-0.03495376072012357
2022-06-24,43420,44120,42775,43905,21486,0.018724766810524818
2022-06-27,43904,44604,43043,44336,23194,0.009816649584329706
2022-06-28,44120,51006,44120,46649,321651,0.052169794298087435
2022-06-29,45465,48424,45196,47241,72041,0.012690518553452268
2022-06-30,46917,48531,45195,45197,45654,-0.0432675006879617
2022-07-01,46056,47133,42828,43475,46237,-0.0380998738854349
2022-07-04,43581,44173,39708,39924,49081,-0.08167912593444504
2022-07-05,39923,41214,39330,40892,25015,0.024246067528303827
2022-07-06,40407,40407,37340,37449,42356,-0.08419739802406334
2022-07-07,37663,38363,36803,38041,19251,0.015808165772116745
2022-07-08,38901,39762,38094,38256,18169,0.005651796745616666
2022-07-11,38417,38631,37340,38417,10542,0.004208490171476287
2022-07-12,37877,38416,36748,37126,11176,-0.033604914490980575
2022-07-13,36534,37448,35995,37341,6185,0.005791089802294813
2022-07-14,36748,37770,36479,37180,4379,-0.00431161457914897
2022-07-15,36855,37124,35994,36211,8548,-0.02606239913932218
2022-07-18,36909,37232,35833,37180,8026,0.026759824362762696
2022-07-19,36749,38685,36749,37287,13287,0.002877891339429839
2022-07-20,37770,38685,37716,38632,16342,0.03607155308820764
2022-07-21,38739,38739,37717,38041,7073,-0.015298198384758765
2022-07-22,38309,38417,37717,38094,5117,0.0013932336163613446
2022-07-25,37770,39815,37770,39278,29434,0.03108101013282938
2022-07-26,39276,39653,38577,38579,9562,-0.017796221803554113
2022-07-27,38523,39170,38147,38579,7011,0.0
2022-07-28,39815,50145,39170,50147,527418,0.29985225122475967
2022-07-29,56388,60154,51276,52191,908287,0.04076016511456326
2022-08-01,52191,54450,50469,50792,170890,-0.02680538790212872
2022-08-02,49823,50576,48746,49447,75668,-0.026480548117813862
2022-08-03,49662,50523,47025,48264,63367,-0.023924606143952087
2022-08-04,47832,48747,47079,47510,27436,-0.01562241007790488
2022-08-05,47402,52136,47402,50147,152394,0.05550410439907383
2022-08-08,53644,57894,51652,52945,362557,0.05579595987795871
2022-08-09,54019,54558,50577,51384,77657,-0.029483426196996843
2022-08-10,51383,54019,50898,51062,103838,-0.006266542114276796
2022-08-11,52728,55633,51652,54128,172549,0.06004465160001571
2022-08-12,54127,54666,52191,53052,61464,-0.019878805793674292
2022-08-16,54234,56602,53105,53537,165823,0.009141973912387913
2022-08-17,53266,53266,51598,51707,39385,-0.03418196761118475
2022-08-18,51383,52944,50253,51761,39681,0.0010443460266502669
2022-08-19,51759,53751,50952,50954,46447,-0.015590888893182164
2022-08-22,50630,50630,49554,50039,15377,-0.01795737331710956
2022-08-23,49608,52352,49554,52030,47163,0.03978896460760617
2022-08-24,52083,54235,51706,54021,60858,0.038266384778012696
2022-08-25,56388,56388,52729,52837,60587,-0.02191740249162366
2022-08-26,53805,55849,53374,54021,84666,0.022408539470446742
2022-08-29,52191,54774,52137,53913,43932,-0.0019992225245737405
2022-08-30,54558,54558,52459,53537,33538,-0.0069741991727412245
2022-08-31,54127,54987,52190,53537,35494,0.0
2022-09-01,53374,54558,52298,52460,26784,-0.02011692847936941
2022-09-02,53320,53320,51222,51277,16407,-0.022550514677849742
2022-09-05,50576,51813,50038,50792,22229,-0.009458431655518074
2022-09-06,51384,54343,51384,53698,58115,0.05721373444636946
2022-09-07,53697,54127,52298,52568,21560,-0.021043614287310497
2022-09-08,54020,54343,52137,52138,29697,-0.008179881296606295
2022-09-13,52298,53374,50684,51600,23361,-0.01031876941961718
2022-09-14,50038,51975,50038,51438,20952,-0.0031395348837209847
2022-09-15,51975,54235,51544,52191,59103,0.01463898285314369
2022-09-16,52137,52513,49715,50093,34114,-0.04019850165737393
2022-09-19,49823,50469,48639,50039,16849,-0.0010779949294312807
2022-09-20,50469,50577,47724,49824,7257,-0.004296648614080967
2022-09-21,49554,49554,47778,48102,10567,-0.034561657032755266
2022-09-22,47886,48909,47187,48855,10682,0.015654234751153906
2022-09-23,47994,48639,47133,47618,16411,-0.025319823968887545
2022-09-26,47402,47454,40514,42883,48006,-0.09943718761812759
2022-09-27,42237,43474,40945,42184,22963,-0.016300165566774716
2022-09-28,41645,43420,39707,40139,21889,-0.048478095960553746
2022-09-29,41322,42236,40137,40193,12080,0.001345324995640107
2022-09-30,39062,41160,38900,40193,10986,0.0
2022-10-04,40622,42881,40622,42076,13406,0.046848953797925086
2022-10-05,42666,44226,42344,43583,19935,0.035816142218842106
2022-10-06,43366,45034,43044,43044,10045,-0.012367207397379731
2022-10-07,43151,44066,41106,41592,11743,-0.03373292444940057
2022-10-11,42074,42074,39599,40354,6997,-0.02976533948836313
2022-10-12,39600,41322,39600,41000,9872,0.016008326312137555
2022-10-13,40245,41645,39438,40085,7621,-0.022317073170731727
2022-10-14,40837,42452,40568,42076,8392,0.049669452413620974
2022-10-17,40730,44658,40730,44121,12354,0.048602528757486496
2022-10-18,44442,46272,44442,45950,14245,0.04145418281543933
2022-10-19,45518,46701,45087,45197,9209,-0.016387377584330842
2022-10-20,45250,45303,43044,43098,7959,-0.04644113547359341
2022-10-21,43528,43528,42129,42345,3365,-0.017471808436586356
2022-10-24,42398,44227,41052,41646,11848,-0.016507261778250126
2022-10-25,41537,42074,40568,42076,8394,0.010325121260144954
2022-10-26,42344,42344,41106,41753,6498,-0.007676585226732535
2022-10-27,42344,48155,41268,44228,74178,0.05927717768783092
2022-10-28,44226,44388,42452,42775,11205,-0.03285249163425885
2022-10-31,42774,42828,40998,41054,20628,-0.04023378141437761
2022-11-01,41429,42290,41429,41807,11427,0.018341696302430988
2022-11-02,41913,41913,40191,40892,11814,-0.021886286985433046
2022-11-03,39816,40999,39816,40677,6286,-0.005257752127555526
2022-11-04,40944,41375,40676,41215,5623,0.013226147454335369
2022-11-07,41268,41483,40031,40085,13679,-0.02741720247482715
2022-11-08,40192,40892,39654,40677,5318,0.014768616689534664
2022-11-09,41214,41913,40784,41753,11796,0.026452294908670737
2022-11-10,40838,42506,40407,41323,10374,-0.010298661174047319
2022-11-11,41967,43098,41430,41646,18274,0.007816470246593932
2022-11-14,42398,43259,41591,41807,15162,0.0038659174950774755
2022-11-15,41699,42182,41645,41861,5298,0.0012916497237305258
2022-11-16,42452,42990,41322,42991,19246,0.026994099519839443
2022-11-17,43151,43259,42290,42614,10158,-0.008769277290595734
2022-11-18,42613,43366,42075,42130,16078,-0.01135776974703151
2022-11-21,42237,42345,41268,42130,7690,0.0
2022-11-22,41321,42828,41106,42022,7272,-0.002563493947305928
2022-11-23,42721,42721,41860,42184,5538,0.003855123506734559
2022-11-24,42721,43905,41967,43152,20262,0.022947088943675364
2022-11-25,43474,43474,42559,42991,5939,-0.0037309974045235395
2022-11-28,42989,42989,41913,41915,7386,-0.025028494336023832
2022-11-29,40892,42075,40892,41646,5308,-0.00641775020875579
2022-11-30,41052,41591,40245,40892,19128,-0.01810498007011474
2022-12-01,41377,41592,40730,40838,11116,-0.0013205516971535047
2022-12-02,40946,41269,40084,40569,7265,-0.006587002301777778
2022-12-05,41107,41484,40676,40892,6288,0.007961744188912823
2022-12-06,40730,40946,39868,39922,6727,-0.023721021226645767
2022-12-07,39653,40137,39222,39922,4846,0.0
2022-12-08,40245,40245,39383,39815,4130,-0.0026802264415610733
2022-12-09,39868,40515,39222,39545,5603,-0.006781363807610186
2022-12-12,39383,39976,39383,39976,2095,0.010898975850297088
2022-12-13,40030,40030,39545,39599,2527,-0.009430658395036984
2022-12-14,39868,41377,39599,40731,14531,0.028586580469203815
2022-12-15,40730,41377,39976,40030,4328,-0.01721047850531532
2022-12-16,40030,40299,39545,40084,2561,0.0013489882588058055
2022-12-19,40137,40191,39491,39815,2020,-0.006710907095100249
2022-12-20,39545,39976,39222,39222,2886,-0.014893884214492004
2022-12-21,39814,39814,38683,38791,4959,-0.010988730814338932
2022-12-22,38791,39329,38791,39168,1250,0.009718749194400855
2022-12-23,38629,38898,38144,38145,3063,-0.026118259803921573
2022-12-26,38198,38198,37444,37714,3872,-0.011298990693406785
2022-12-27,37498,37767,35558,37336,4418,-0.010022803203054598
2022-12-28,37336,37336,36797,37067,2275,-0.007204842511249199
2022-12-29,36743,37067,35773,36421,2796,-0.01742790082822998
2023-01-02,36474,37336,36420,36582,4006,0.0044205266192580694
2023-01-03,36366,36366,35666,35882,8688,-0.019135093761959432
2023-01-04,35342,36474,35342,36205,3854,0.009001727885848076
2023-01-05,36151,37390,36151,36636,6721,0.011904433089352295
2023-01-06,36636,41269,36636,39384,29347,0.07500818866688497
2023-01-09,39383,41161,39168,39869,10248,0.012314645541336544
2023-01-10,39922,40030,39275,39545,4253,-0.008126614663021448
2023-01-11,39868,48057,39599,43694,183695,0.10491844733847522
2023-01-12,47411,56354,47411,49512,624056,0.1331532933583559
2023-01-13,49566,51452,47950,49081,116202,-0.008704960413637108
2023-01-16,49566,49566,46333,46334,44031,-0.055968704794115864
2023-01-17,45633,46872,44017,44233,49000,-0.04534467129969355
2023-01-18,44232,44932,43963,43963,23219,-0.0061040399701580705
2023-01-19,41592,42831,41431,41593,63801,-0.05390896890567065
2023-01-20,42239,42293,41000,41054,29387,-0.01295891135527616
2023-01-25,40892,40946,38521,38845,143122,-0.05380718078628144
2023-01-26,38737,39060,37498,38953,133181,0.002780280602394214
2023-01-27,39222,39275,38198,38198,102250,-0.019382332554617077
2023-01-30,38413,38521,37551,37606,57297,-0.015498193622702772
2023-01-31,37551,37551,36636,37013,54518,-0.01576876030420682
2023-02-01,37228,37659,37013,37498,37595,0.013103504174209135
2023-02-02,38198,38629,37821,37983,75255,0.012934023147901152
2023-02-03,38036,38090,37551,37929,36874,-0.0014216886501856596
2023-02-06,37929,38575,37713,38414,48245,0.012787049487199775
2023-02-07,38467,38629,38036,38252,32469,-0.004217212474618592
2023-02-08,38306,38737,38306,38468,43599,0.005646763567918045
2023-02-09,38360,39006,38144,38683,39805,0.005589061037745591
2023-02-10,38683,39006,38252,38414,31053,-0.006953959103482177
2023-02-13,38575,38952,38252,38414,23739,0.0
2023-02-14,38791,39437,38467,38629,61463,0.0055969177903889555
2023-02-15,38629,38952,38413,38414,31349,-0.0055657666519971505
2023-02-16,38521,39599,38521,39276,56230,0.022439735513094083
2023-02-17,39329,40353,39006,39869,57570,0.015098278847133217
2023-02-20,40137,40191,38575,39330,53757,-0.013519275627680627
2023-02-21,39437,39922,39275,39653,19346,0.008212560386473333
2023-02-22,39437,39545,38413,38576,35775,-0.027160618364310385
2023-02-23,39006,39006,38198,38791,30534,0.005573413521360537
2023-02-24,38844,41107,38844,41000,88618,0.056946198860560404
2023-02-27,0,0,0,41000,0,0.0
2023-02-28,0,0,0,41000,0,0.0
2023-03-02,0,0,0,41000,0,0.0
2023-03-03,0,0,0,41000,0,0.0
2023-03-06,0,0,0,41000,0,0.0
2023-03-07,0,0,0,41000,0,0.0
2023-03-08,0,0,0,41000,0,0.0
2023-03-09,0,0,0,41000,0,0.0
2023-03-10,0,0,0,41000,0,0.0
2023-03-13,0,0,0,41000,0,0.0
2023-03-14,0,0,0,41000,0,0.0
2023-03-15,0,0,0,41000,0,0.0
2023-03-16,0,0,0,41000,0,0.0
2023-03-17,0,0,0,41000,0,0.0
2023-03-20,0,0,0,41000,0,0.0
2023-03-21,0,0,0,41000,0,0.0
2023-03-22,0,0,0,41000,0,0.0
2023-03-23,0,0,0,41000,0,0.0
2023-03-24,0,0,0,41000,0,0.0
2023-03-27,0,0,0,41000,0,0.0
2023-03-28,0,0,0,41000,0,0.0
2023-03-29,0,0,0,41000,0,0.0
2023-03-30,0,0,0,41000,0,0.0
2023-03-31,41000,48800,38600,39900,919065,-0.02682926829268295
2023-04-03,39900,39900,37600,37800,165407,-0.052631578947368474
2023-04-04,39450,41000,38100,38150,142244,0.0092592592592593
2023-04-05,38000,38350,37600,37750,65680,-0.010484927916120546
2023-04-06,37750,41500,37150,38750,245917,0.026490066225165476
2023-04-07,39900,40400,38600,39150,89602,0.010322580645161228
2023-04-10,39150,40350,38750,39500,135966,0.008939974457215838
2023-04-11,40250,40300,38700,38900,70385,-0.015189873417721489
2023-04-12,38850,38900,38250,38650,43620,-0.006426735218509005
2023-04-13,38650,39400,38550,39000,49066,0.009055627425614388
2023-04-14,39700,39700,38800,38900,31750,-0.002564102564102555
2023-04-17,38750,39200,38550,38950,44172,0.0012853470437017567
2023-04-18,39450,41000,38950,40900,166527,0.05006418485237485
2023-04-19,40900,41000,40000,40850,75796,-0.0012224938875305957
2023-04-20,40850,41450,40200,40500,67604,-0.008567931456548328
2023-04-21,40700,41850,39100,40950,112436,0.011111111111111072
2023-04-24,41700,42150,40300,40450,75161,-0.012210012210012167
2023-04-25,40200,41000,39550,40100,47700,-0.008652657601977753
2023-04-26,39500,39700,38700,38800,40874,-0.032418952618453845
2023-04-27,38000,38950,37500,38350,35828,-0.011597938144329856
2023-04-28,38650,38700,36000,36150,73018,-0.057366362451108266
2023-05-02,36450,36500,35950,36250,23305,0.0027662517289073207
2023-05-03,36000,36200,35450,35550,29135,-0.0193103448275862
2023-05-04,35350,35950,34000,35300,35320,-0.007032348804500654
2023-05-08,35550,35700,35050,35300,13490,0.0
2023-05-09,35000,35200,34650,34900,25388,-0.011331444759206777
2023-05-10,35000,35750,34700,35000,12332,0.002865329512893977
2023-05-11,34900,35650,34600,35400,9395,0.011428571428571344
2023-05-12,35400,35450,34850,34850,10783,-0.015536723163841804
2023-05-15,35900,37700,35050,35550,73298,0.020086083213773254
2023-05-16,35200,35450,34900,35200,13659,-0.009845288326300938
2023-05-17,35050,35900,35050,35600,12881,0.011363636363636465
2023-05-18,36000,36050,35300,35600,8209,0.0
2023-05-19,35900,35900,34950,35200,17802,-0.011235955056179803
2023-05-22,35000,35450,35000,35300,9007,0.0028409090909091717
2023-05-23,35300,36000,35300,35450,8352,0.004249291784702569
2023-05-24,35250,35800,35250,35500,6357,0.0014104372355430161
2023-05-25,34950,35450,34900,34950,15194,-0.015492957746478853
2023-05-26,34950,35200,34650,34800,9926,-0.0042918454935622075
2023-05-30,34700,35300,34700,34900,6416,0.002873563218390718
2023-05-31,34900,35000,34650,34650,9975,-0.007163323782234943
2023-06-01,34650,35100,34350,34650,5529,0.0
2023-06-02,34900,35900,34700,35650,29397,0.02886002886002892
2023-06-05,35600,36200,35400,35800,11902,0.004207573632538653
2023-06-07,35450,35950,35400,35700,10937,-0.0027932960893854997
2023-06-08,35700,36200,35250,35700,21153,0.0
2023-06-09,35700,35700,35350,35550,6303,-0.004201680672268893
2023-06-12,35600,35800,35000,35150,10437,-0.011251758087201136
2023-06-13,35450,35450,35000,35150,5237,0.0
2023-06-14,35300,36000,34950,35150,25770,0.0
2023-06-15,35150,35150,34500,34600,15569,-0.015647226173541973
2023-06-16,34600,35150,34500,34500,13783,-0.0028901734104046506
2023-06-19,34450,35000,34200,34950,8555,0.01304347826086949
2023-06-20,35050,35050,34200,34350,11448,-0.01716738197424894
2023-06-21,34300,34300,33150,33400,21263,-0.027656477438136817
2023-06-22,33400,33600,33200,33550,5648,0.004491017964071808
2023-06-23,33250,33450,32450,32600,17011,-0.028315946348733245
2023-06-26,32100,32950,31750,32200,11602,-0.012269938650306789
2023-06-27,31750,32900,31050,32050,11927,-0.004658385093167738
2023-06-28,32700,32700,31300,31350,11111,-0.021840873634945357
2023-06-29,31350,31700,31000,31050,8739,-0.009569377990430672
2023-06-30,30650,32600,30650,31300,7411,0.008051529790660261
2023-07-03,31350,32300,31350,31750,6758,0.01437699680511173
2023-07-04,31700,31800,31050,31200,7018,-0.017322834645669305
2023-07-05,31050,31300,31000,31100,6081,-0.0032051282051281937
2023-07-06,31100,31400,29400,30200,8669,-0.02893890675241162
2023-07-07,30000,30200,29200,29650,14552,-0.018211920529801362
2023-07-10,31300,31300,29800,30200,5559,0.018549747048903775
2023-07-11,29850,30800,29850,30250,7173,0.0016556291390728006
2023-07-12,30250,30500,30000,30250,10797,0.0
2023-07-13,30850,31450,30500,30900,25036,0.02148760330578514
2023-07-14,30900,30900,30100,30400,9380,-0.016181229773462813
2023-07-17,30100,30100,29500,30000,7972,-0.013157894736842146
2023-07-18,30700,31100,30050,30100,10584,0.0033333333333334103
2023-07-19,30100,30500,29550,30400,10529,0.009966777408637828
2023-07-20,29850,30900,29850,30400,5557,0.0
2023-07-21,30000,30450,30000,30200,15646,-0.006578947368421018
2023-07-24,29850,29950,29100,29700,16794,-0.01655629139072845
2023-07-25,29700,29700,28950,29200,13590,-0.01683501683501687
2023-07-26,28800,28850,27400,28300,32027,-0.03082191780821919
2023-07-27,27600,28750,27000,27050,25607,-0.044169611307420475
2023-07-28,27000,28350,25100,26650,14801,-0.014787430683918634
2023-07-31,27250,28150,26750,27950,17105,0.04878048780487809
2023-08-01,27950,29150,27950,28800,9430,0.030411449016100267
2023-08-02,29750,29750,28200,28300,7496,-0.01736111111111116
2023-08-03,28300,28300,27500,28050,7582,-0.00883392226148405
2023-08-04,28650,28650,27750,28200,4583,0.005347593582887722
2023-08-07,28600,28600,27600,27700,7986,-0.01773049645390068
2023-08-08,27550,28300,27400,27550,3843,-0.005415162454873612
2023-08-09,27200,28200,27000,28200,5091,0.023593466424682408
2023-08-10,28200,28650,28000,28500,6738,0.010638297872340496
2023-08-11,28050,28950,27250,28950,5130,0.015789473684210575
2023-08-14,28800,28800,27700,27700,7852,-0.04317789291882557
2023-08-16,27700,27750,26300,26600,8868,-0.03971119133574008
2023-08-17,26600,26800,25400,26100,9276,-0.018796992481203034
2023-08-18,25250,26100,25250,25700,5355,-0.01532567049808431
2023-08-21,25550,27500,25550,26750,13046,0.040856031128404746
2023-08-22,26800,27150,26600,26700,2301,-0.0018691588785046953
2023-08-23,26800,26950,26200,26250,2876,-0.016853932584269704
2023-08-24,26250,26500,26200,26350,2173,0.003809523809523707
2023-08-25,26000,26550,25300,26000,3565,-0.013282732447817858
2023-08-28,26500,27150,26000,26450,3804,0.017307692307692246
2023-08-29,27000,27000,26250,26450,4523,0.0
2023-08-30,26450,27200,26450,26950,4313,0.018903591682419618
2023-08-31,26850,27200,25900,26550,5159,-0.014842300556586308
2023-09-01,27150,27150,26200,26550,2479,0.0
2023-09-04,26550,27500,26200,26950,6950,0.015065913370998052
2023-09-05,26550,27450,26550,26850,3982,-0.0037105751391465214
2023-09-06,26800,26800,25800,26250,11272,-0.022346368715083775
2023-09-07,25850,26350,25450,25600,7191,-0.024761904761904763
2023-09-08,25500,25600,24950,25100,13389,-0.01953125
2023-09-11,24700,25250,24700,25100,7917,0.0
2023-09-12,24750,25200,24750,24750,7956,-0.013944223107569709
2023-09-13,24900,24900,24400,24550,8024,-0.008080808080808133
2023-09-14,24150,24500,24100,24150,16876,-0.016293279022403295
2023-09-15,24250,24500,24150,24350,12864,0.008281573498964745
2023-09-18,24100,24350,24050,24050,5649,-0.012320328542094416
2023-09-19,23900,24100,23650,24000,6194,-0.0020790020790020236
2023-09-20,23700,23850,23450,23750,4681,-0.01041666666666663
2023-09-21,23750,23850,22850,22850,10815,-0.037894736842105314
2023-09-22,22150,22500,21850,22000,16101,-0.03719912472647702
2023-09-25,21800,22200,21700,21700,6248,-0.013636363636363669
2023-09-26,21550,22150,21350,21400,2952,-0.01382488479262678
2023-09-27,21100,21700,20900,21550,5389,0.007009345794392496
2023-10-04,21000,21750,20350,20350,9250,-0.05568445475638051
2023-10-05,20100,20700,19500,19500,11476,-0.041769041769041726
2023-10-06,18610,19930,18610,19150,7766,-0.017948717948717996
2023-10-10,19150,19830,19150,19240,3529,0.004699738903394257
2023-10-11,19440,25000,19440,22600,465122,0.17463617463617465
2023-10-12,22200,24400,21450,22700,118690,0.004424778761061843
2023-10-13,22050,22700,21700,21850,32624,-0.037444933920704804
2023-10-16,21600,22300,21100,21400,26205,-0.020594965675057253
2023-10-17,21350,22550,21350,21700,23491,0.014018691588784993
2023-10-18,22050,22700,21350,21450,25677,-0.011520737327188946
2023-10-19,21450,21450,19800,20350,21424,-0.05128205128205132
2023-10-20,20050,20050,19680,19990,11990,-0.01769041769041768
2023-10-23,19450,19920,19210,19230,14124,-0.038019009504752344
2023-10-24,18870,19700,18870,19610,7492,0.01976079043161727
2023-10-25,19500,19910,19340,19500,5795,-0.0056093829678735
2023-10-26,18970,19480,18820,18900,6870,-0.03076923076923077
2023-10-27,18560,19340,18300,18820,4704,-0.004232804232804255
2023-10-30,18000,19000,18000,18930,4358,0.0058448459086077875
2023-10-31,18930,20000,18420,19530,10870,0.031695721077654504
2023-11-01,20000,24350,20000,20800,277220,0.06502816180235538
2023-11-02,20950,20950,19800,20150,26158,-0.03125
2023-11-03,20350,23150,20350,20950,72488,0.03970223325062028
2023-11-06,22300,23200,21500,22800,48147,0.08830548926014314
2023-11-07,22450,22550,21900,22350,10818,-0.019736842105263164
2023-11-08,22350,22850,21900,22150,8385,-0.008948545861297563
2023-11-09,21950,22100,20700,21750,7633,-0.018058690744920947
2023-11-10,21600,21600,21000,21050,5068,-0.03218390804597704
2023-11-13,21300,21900,20750,21400,4401,0.016627078384798155
2023-11-14,21100,22350,21100,22000,5567,0.028037383177569986
2023-11-15,23600,24850,22700,22700,64487,0.031818181818181746
2023-11-16,23250,23250,22600,22950,9707,0.011013215859030812
2023-11-17,22700,23000,22300,22650,7127,-0.013071895424836555
2023-11-20,22950,23150,22550,22950,8358,0.013245033112582849
2023-11-21,22750,23650,22750,23350,19419,0.017429193899782147
2023-11-22,23150,23600,23100,23350,6133,0.0
2023-11-23,23350,24000,23250,23500,8680,0.0064239828693790635
2023-11-24,23200,23550,23000,23000,5383,-0.021276595744680882
2023-11-27,23250,23250,22550,22900,4548,-0.004347826086956497
2023-11-28,22900,22900,22400,22600,3496,-0.013100436681222738
2023-11-29,22450,23250,22450,22700,2471,0.004424778761061843
2023-11-30,22850,23000,22300,22950,8659,0.011013215859030812
2023-12-01,23100,23500,22300,23500,19955,0.023965141612200425
2023-12-04,24500,25300,23250,23500,70474,0.0
2023-12-05,23500,23500,22900,23200,7816,-0.012765957446808529
2023-12-06,23700,23700,22950,23350,8023,0.006465517241379226
2023-12-07,23350,23650,22750,23300,11058,-0.0021413276231263545
2023-12-08,23300,23300,22900,23050,12279,-0.010729613733905574
2023-12-11,23050,23100,22800,22800,7552,-0.010845986984815648
2023-12-12,23150,24050,22700,22850,18462,0.002192982456140413
2023-12-13,23050,23050,22200,22200,7979,-0.02844638949671774
2023-12-14,23100,24000,22900,23400,26945,0.054054054054053946
2023-12-15,25400,30400,25100,26700,1266416,0.14102564102564097
2023-12-18,27500,27850,25800,26850,170018,0.00561797752808979
2023-12-19,25750,26000,25000,25250,100106,-0.059590316573556845
2023-12-20,27650,28600,26150,26500,197142,0.04950495049504955
2023-12-21,25650,26900,25350,26600,63934,0.0037735849056603765
2023-12-22,26850,26950,25800,25850,39394,-0.02819548872180455
2023-12-26,25850,26250,25500,25700,19489,-0.005802707930367523
2023-12-27,25600,26200,25400,25650,25100,-0.0019455252918287869
2023-12-28,25500,26250,25400,26100,19095,0.01754385964912286
2024-01-02,26100,26600,25750,25950,14823,-0.005747126436781658
2024-01-03,25650,25800,25150,25350,15131,-0.023121387283236983
2024-01-04,25200,25350,24600,24800,13587,-0.021696252465483234
2024-01-05,24900,25500,24300,25100,10247,0.012096774193548487
2024-01-08,25100,25300,24850,25000,7886,-0.003984063745019917
2024-01-09,26000,26950,25300,26150,47613,0.04600000000000004
2024-01-10,26300,27400,26250,26450,44357,0.011472275334607929
2024-01-11,26900,26900,25900,26350,14624,-0.003780718336483968
2024-01-12,26350,26350,25550,25600,13238,-0.028462998102466774
2024-01-15,25950,26100,25200,25500,11273,-0.00390625
2024-01-16,25500,25950,25250,25650,8004,0.00588235294117645
2024-01-17,25350,25350,23550,23700,33744,-0.07602339181286555
2024-01-18,23600,23950,23300,23450,10022,-0.010548523206751037
2024-01-19,23850,23850,23100,23450,8113,0.0
2024-01-22,23350,27400,22950,23300,104368,-0.006396588486140775
2024-01-23,23700,24100,23500,23550,10946,0.010729613733905685
2024-01-24,24250,24300,23600,24000,12240,0.019108280254777066
2024-01-25,24100,24100,22850,23450,8920,-0.022916666666666696
2024-01-26,23550,23700,23050,23550,5621,0.004264392324093924
2024-01-29,23250,23650,22950,23550,8817,0.0
2024-01-30,23950,24250,23400,23550,6336,0.0
2024-01-31,23850,23850,23350,23400,4171,-0.006369426751592355
2024-02-01,23250,24150,23050,23800,9371,0.017094017094017033
2024-02-02,23800,24200,23800,23900,5549,0.004201680672268893
2024-02-05,24250,24250,23350,23650,6394,-0.010460251046025104
2024-02-06,23850,23850,23000,23150,6257,-0.02114164904862581
2024-02-07,23600,23600,22950,23200,10706,0.002159827213822796
2024-02-08,23500,23700,23250,23400,7419,0.008620689655172376
2024-02-13,23600,24000,23600,23600,3726,0.008547008547008517
2024-02-14,23400,23650,23200,23400,5531,-0.008474576271186418
2024-02-15,23400,23700,23250,23400,5296,0.0
2024-02-16,23600,24100,23600,23850,12591,0.019230769230769162
2024-02-19,23600,24100,23400,23950,9644,0.004192872117400492
2024-02-20,23950,23950,23600,23800,3799,-0.006263048016701411
2024-02-21,23950,23950,23600,23700,4500,-0.004201680672268893
2024-02-22,23850,23850,22400,23200,16814,-0.021097046413502074
2024-02-23,22800,22800,21800,22100,25102,-0.04741379310344829
2024-02-26,22200,22200,21700,21850,19140,-0.011312217194570096
2024-02-27,21750,22200,21750,21950,5424,0.004576659038901587
2024-02-28,22300,22650,21800,22500,5971,0.02505694760820054
2024-02-29,22500,22650,22000,22450,4175,-0.0022222222222222365
2024-03-04,22450,22500,22000,22300,6615,-0.006681514476614692
2024-03-05,22100,22550,22050,22100,4868,-0.008968609865470878
2024-03-06,22100,22250,21200,21800,5709,-0.013574660633484115
2024-03-07,21800,21950,20400,21950,5026,0.006880733944954143
2024-03-08,22050,22300,21850,22150,4557,0.009111617312072884
2024-03-11,22150,22350,21900,22000,6799,-0.006772009029345383
2024-03-12,22100,22250,21750,22000,5967,0.0
2024-03-13,21800,22100,21750,21800,3443,-0.009090909090909038
2024-03-14,21800,22000,21600,21950,2565,0.006880733944954143
2024-03-15,21950,22200,21600,21700,5154,-0.011389521640091105
2024-03-18,21900,21900,21200,21550,4336,-0.00691244239631339
2024-03-19,21100,21800,21100,21600,2601,0.002320185614849146
2024-03-20,21600,21600,21400,21400,3429,-0.0092592592592593
2024-03-21,21800,21800,21450,21600,4345,0.009345794392523255
2024-03-22,22100,22150,21700,22000,4480,0.0185185185185186
2024-03-25,22200,22200,21400,21900,3111,-0.004545454545454519
2024-03-26,22200,22200,21500,21800,2708,-0.004566210045662156
2024-03-27,21800,22050,21500,21800,3423,0.0
2024-03-28,22100,23450,22050,22100,27320,0.013761467889908285
2024-03-29,22050,22900,22050,22450,10279,0.015837104072398134
2024-04-01,22500,22750,22150,22650,8284,0.008908685968819663
2024-04-02,22600,22600,22000,22150,6322,-0.02207505518763797
2024-04-03,22300,22700,21600,21800,14144,-0.015801354401805856
2024-04-04,21800,22050,21750,22000,2726,0.00917431192660545
2024-04-05,22100,22100,21200,21800,3642,-0.009090909090909038
2024-04-08,21800,21900,21250,21350,7117,-0.020642201834862428
2024-04-09,21400,22000,21350,21650,9597,0.014051522248243575
2024-04-11,21650,21750,21350,21450,3919,-0.009237875288683584
2024-04-12,21500,21800,20900,21000,7843,-0.020979020979020935
2024-04-15,20400,21000,20400,20550,5278,-0.021428571428571463
2024-04-16,20650,20800,19900,20550,7406,0.0
2024-04-17,20150,20450,19910,19910,6631,-0.031143552311435507
2024-04-18,20500,20900,19910,20600,8457,0.03465595178302361
2024-04-19,20650,21000,20100,20700,4027,0.004854368932038833
2024-04-22,20650,20950,20500,20750,1346,0.0024154589371980784
2024-04-23,20850,21000,20400,20600,2110,-0.0072289156626506035
2024-04-24,20700,21000,20600,20600,3559,0.0
2024-04-25,20800,21100,20100,20200,5250,-0.01941747572815533
2024-04-26,20200,20500,19970,20200,5564,0.0
2024-04-29,20500,22800,20200,21650,53411,0.07178217821782185
2024-04-30,21500,21600,21000,21250,8092,-0.018475750577367167
2024-05-02,21250,21350,20900,21300,3856,0.0023529411764706687
2024-05-03,21250,22100,21150,21550,7548,0.011737089201877993
2024-05-07,22150,22150,21600,22050,10349,0.023201856148491906
2024-05-08,22100,22450,21700,22400,7711,0.015873015873015817
2024-05-09,22500,22750,22000,22450,9368,0.0022321428571427937
2024-05-10,22750,22750,22050,22050,9186,-0.017817371937639215
2024-05-13,22450,22450,21700,22000,5570,-0.0022675736961451642
2024-05-14,22250,22250,21850,22150,4854,0.006818181818181834
2024-05-16,22400,22950,22300,22450,12089,0.013544018058690765
2024-05-17,22700,23250,22050,23050,18998,0.026726057906458767
2024-05-20,23100,23700,22950,22950,26253,-0.004338394793926281
2024-05-21,23300,23300,21750,22050,18062,-0.039215686274509776
2024-05-22,21850,22950,21850,22650,10537,0.027210884353741527
2024-05-23,24900,29350,24400,24400,1114284,0.07726269315673284
2024-05-24,23900,25800,22950,23050,128073,-0.055327868852458995
2024-05-27,24550,29000,24500,25450,703433,0.10412147505422986
2024-05-28,28450,28650,25250,26300,260800,0.03339882121807469
2024-05-29,25650,26200,25050,25400,55316,-0.034220532319391594
2024-05-30,25550,27400,24400,25400,104198,0.0
2024-05-31,25450,26150,24950,24950,40549,-0.017716535433070835
2024-06-03,24900,25200,24000,24250,28259,-0.028056112224448926
2024-06-04,24250,24250,23400,23750,29177,-0.020618556701030966
2024-06-05,23550,23950,22950,23500,25508,-0.010526315789473717
2024-06-07,23500,23950,23000,23350,20387,-0.006382978723404209
2024-06-10,23050,24100,23000,23250,13972,-0.004282655246252709
2024-06-11,24000,25400,23300,24750,55189,0.06451612903225801
2024-06-12,25150,25600,24600,25200,54905,0.018181818181818077
2024-06-13,25850,25850,24300,24450,22995,-0.029761904761904767
2024-06-14,24200,24350,23450,23500,15962,-0.03885480572597133
2024-06-17,23500,24000,23250,23450,13499,-0.0021276595744680327
2024-06-18,23000,23700,22650,23400,13736,-0.002132196162046962
2024-06-19,23100,23850,23100,23550,10702,0.0064102564102563875
2024-06-20,23500,24000,23350,23450,9452,-0.00424628450106157
2024-06-21,23450,23600,23100,23150,8227,-0.01279317697228144
2024-06-24,23150,23600,23000,23000,5234,-0.006479481641468721
2024-06-25,23150,23450,22200,23000,5294,0.0
2024-06-26,22700,22900,22200,22700,11092,-0.013043478260869601
2024-06-27,22500,23700,22450,22450,21219,-0.011013215859030812
2024-06-28,22200,22450,22050,22200,6126,-0.011135857461024523
2024-07-01,21900,22350,21100,21900,17277,-0.013513513513513487
2024-07-02,21550,21800,21150,21800,11649,-0.004566210045662156
2024-07-03,21800,23950,21500,22550,27326,0.034403669724770714
2024-07-04,22600,23900,22550,22700,25778,0.006651884700665134
2024-07-05,22700,22750,22200,22400,9778,-0.013215859030836996
2024-07-08,22400,22750,22200,22600,3965,0.008928571428571397
2024-07-09,22450,23050,22450,22650,4786,0.0022123893805310324
2024-07-10,22800,23050,21900,22800,10389,0.0066225165562914245
2024-07-11,22750,23300,22300,22500,5985,-0.013157894736842146
2024-07-12,23150,23800,22150,22350,9554,-0.00666666666666671
2024-07-15,22350,22600,22000,22150,4805,-0.008948545861297563
2024-07-16,22150,22150,21500,21850,5379,-0.013544018058690765
2024-07-17,21900,22000,21500,21900,6748,0.0022883295194509046
2024-07-18,21600,21850,21450,21850,5740,-0.0022831050228310223
2024-07-19,21700,22350,21450,22200,5861,0.016018306636155666
2024-07-22,23400,23400,21500,21550,12988,-0.029279279279279313
2024-07-23,21600,22400,21450,21800,3086,0.011600928074245953
2024-07-24,22000,22800,21800,21800,14345,0.0
2024-07-25,21500,22200,21400,22150,6093,0.016055045871559592
2024-07-26,22100,22100,21700,21800,4932,-0.015801354401805856
2024-07-29,21800,22150,21650,21800,2636,0.0
2024-07-30,21700,21800,21400,21750,4367,-0.002293577981651418
2024-07-31,21800,22150,21400,22000,3011,0.011494252873563315
2024-08-01,22050,23100,21750,22600,33406,0.027272727272727337
2024-08-02,22300,22300,21450,21650,10902,-0.042035398230088505
2024-08-05,21450,21450,18400,18760,28049,-0.13348729792147807
2024-08-06,18030,19890,18030,19250,10518,0.026119402985074647
2024-08-07,18990,20000,18480,19840,5742,0.030649350649350593
2024-08-08,19810,19810,19080,19680,4494,-0.008064516129032251
2024-08-09,20000,21900,20000,21100,15752,0.07215447154471555
2024-08-12,22000,22200,21250,21650,12014,0.026066350710900466
2024-08-13,21400,22000,20600,21500,6744,-0.006928406466512715
2024-08-14,22050,23000,21500,22500,31551,0.04651162790697683
2024-08-16,22300,22800,22050,22200,12385,-0.013333333333333308
2024-08-19,22500,22650,22000,22200,10200,0.0
2024-08-20,22450,22600,22050,22550,4029,0.015765765765765716
2024-08-21,22200,22400,21800,21950,10632,-0.026607538802660757
2024-08-22,21950,22450,21700,21900,3739,-0.002277904328018221
2024-08-23,21900,22700,21450,21900,8364,0.0
2024-08-26,22000,22700,21950,21950,7272,0.0022831050228311334
2024-08-27,21600,22450,21600,22000,4119,0.002277904328018332
2024-08-28,22000,22000,21600,21750,3736,-0.011363636363636354
2024-08-29,21650,21750,21150,21600,3285,-0.006896551724137945
2024-08-30,21650,21750,21450,21700,2901,0.004629629629629539
2024-09-02,22000,22000,21300,21400,1569,-0.01382488479262678
2024-09-03,21600,21600,21300,21350,2065,-0.002336448598130869
2024-09-04,21000,21000,20100,20800,2898,-0.025761124121779888
2024-09-05,20600,21050,20350,20700,2613,-0.004807692307692291
2024-09-06,20700,20700,20150,20400,2092,-0.01449275362318836
2024-09-09,19110,20550,19110,20500,2805,0.004901960784313708
2024-09-10,20250,20600,20150,20300,4763,-0.009756097560975618
2024-09-11,20700,22450,20100,21800,28843,0.07389162561576357
2024-09-12,23500,23500,21400,21400,33972,-0.01834862385321101
2024-09-13,21450,21700,21050,21700,6494,0.014018691588784993
2024-09-19,21750,22250,21000,21500,8947,-0.009216589861751112
2024-09-20,21850,21900,21400,21550,5043,0.0023255813953488857
2024-09-23,21250,21600,21250,21550,3288,0.0
2024-09-24,21550,22650,21550,22250,21124,0.03248259860788871
2024-09-25,22000,22800,21650,21750,7555,-0.022471910112359605
2024-09-26,21950,21950,21400,21700,4797,-0.0022988505747126853
2024-09-27,21950,22450,21400,21700,11061,0.0
2024-09-30,21600,21850,21450,21450,3029,-0.011520737327188946
2024-10-02,21400,21400,20650,20650,5250,-0.037296037296037254
2024-10-04,21000,21000,20250,20600,2465,-0.002421307506053294
2024-10-07,21050,21050,20450,20750,4193,0.00728155339805836
2024-10-08,20650,20900,20500,20700,1357,-0.002409638554216831
2024-10-10,21400,21400,20250,20650,3031,-0.0024154589371980784
2024-10-11,20650,20650,19860,20400,7239,-0.01210653753026636
2024-10-14,20400,20550,20100,20500,3257,0.004901960784313708
2024-10-15,20700,20700,19970,20500,3562,0.0
2024-10-16,20400,20400,19820,19840,4427,-0.03219512195121954
2024-10-17,19730,20000,19490,19530,4496,-0.015625
2024-10-18,19410,19530,19100,19170,3747,-0.018433179723502335
2024-10-21,19450,20100,19110,19350,3632,0.009389671361502261
2024-10-22,19340,19340,18660,18890,1709,-0.023772609819121437
2024-10-23,18890,19280,18660,18920,5831,0.0015881418740073538
2024-10-24,19140,19140,18850,18990,2912,0.0036997885835095
2024-10-25,19100,19100,18800,18810,2085,-0.009478672985781977
2024-10-28,18810,19300,18810,19200,2006,0.020733652312599604
2024-10-29,19200,19800,18910,19020,2635,-0.009375000000000022
2024-10-30,19250,19250,18850,19070,1215,0.002628811777076745
2024-10-31,19150,19150,19000,19050,904,-0.001048767697954922
2024-11-01,19050,19330,19000,19140,850,0.0047244094488188
2024-11-04,19300,20000,19150,19670,5867,0.02769070010449326
2024-11-05,19670,20000,19430,19790,3419,0.006100660904931443
2024-11-06,20100,20700,18200,18330,20175,-0.07377463365336023
2024-11-07,18290,18300,17500,17810,14673,-0.028368794326241176
2024-11-08,18120,18250,17610,17960,4961,0.008422234699607012
2024-11-11,17770,17800,17050,17100,5331,-0.04788418708240538
2024-11-12,17300,17300,15620,15800,19859,-0.07602339181286555
2024-11-13,15760,15850,15200,15240,5723,-0.03544303797468351
2024-11-14,15240,15600,14710,14860,4578,-0.02493438320209973
2024-11-15,14110,14710,14110,14470,13111,-0.026244952893674345
2024-11-18,14800,14950,14500,14600,6034,0.00898410504492042
2024-11-19,14600,14890,14580,14610,6498,0.00068493150684934
2024-11-20,14610,14730,14260,14530,4774,-0.005475701574264247
2024-11-21,14710,14710,14160,14520,15248,-0.0006882312456985007
2024-11-22,14380,14580,14380,14380,4318,-0.009641873278236957
2024-11-25,14500,15460,14490,14860,20747,0.033379694019471495
2024-11-26,15200,15430,14860,15040,6635,0.01211305518169592
2024-11-27,15390,15390,14340,14360,9641,-0.04521276595744683
2024-11-28,14360,14690,14360,14600,2871,0.01671309192200554
2024-11-29,15000,15000,14070,14070,10855,-0.03630136986301369
2024-12-02,14850,14850,14130,14380,7055,0.022032693674484793
2024-12-03,14760,14820,14520,14790,5858,0.028511821974965157
2024-12-04,14550,15300,14200,15100,11732,0.02096010818120342
2024-12-05,15100,15400,14510,14510,4652,-0.03907284768211916
2024-12-06,14380,14950,14230,14500,4159,-0.000689179875947632
2024-12-09,13810,14200,13620,13620,9338,-0.06068965517241376
2024-12-10,13900,14760,13900,14350,7438,0.05359765051395016
2024-12-11,14730,15000,14030,14630,5171,0.019512195121951237
2024-12-12,14710,15440,14710,14990,6274,0.024606971975392966
2024-12-13,15000,15460,14900,14970,3057,-0.0013342228152101177
2024-12-16,15940,15960,15030,15080,10435,0.007348029392117539
2024-12-17,15280,15280,14410,15270,3890,0.012599469496021198
2024-12-18,15210,15250,14620,15200,1977,-0.004584151931892655
2024-12-19,15180,15200,14800,15200,3537,0.0
2024-12-20,15080,15430,14410,15350,6704,0.009868421052631637
2024-12-23,15060,15800,14660,15180,7032,-0.011074918566775227
2024-12-24,15180,15590,14920,15050,2147,-0.008563899868247682
2024-12-26,14660,15670,14660,15040,10139,-0.0006644518272425071
2024-12-27,14700,15450,14700,14790,2051,-0.0166223404255319
2024-12-30,14790,15200,14720,14910,2574,0.008113590263691739
2025-01-02,15770,15770,15020,15150,4712,0.016096579476861272
2025-01-03,15280,19690,15280,17230,344008,0.13729372937293727
2025-01-06,17240,17580,16600,16830,52928,-0.02321532211259436
2025-01-07,17270,17470,16650,16700,17955,-0.007724301841948944
2025-01-08,16650,18300,16210,16500,62410,-0.0119760479041916
2025-01-09,16450,16900,16150,16550,11159,0.003030303030302939
2025-01-10,16570,19470,16560,17700,73772,0.06948640483383683
2025-01-13,17700,17700,17100,17200,12817,-0.02824858757062143
2025-01-14,17500,17500,17000,17270,9541,0.0040697674418603835
2025-01-15,17200,17460,16700,16910,12157,-0.02084539664157503
2025-01-16,17100,19600,17000,18450,103348,0.09107037256061501
2025-01-17,18200,18880,17920,18300,30629,-0.008130081300813052
2025-01-20,18330,18600,17950,18290,10329,-0.0005464480874316502
2025-01-21,18290,18330,17200,17420,15980,-0.04756697648988517
2025-01-22,17490,17970,17190,17740,11124,0.018369690011481143
2025-01-23,17750,17920,17190,17210,6915,-0.029875986471251448
2025-01-24,17170,18000,17170,17880,16108,0.03893085415456121
2025-01-31,17500,17870,17200,17500,10173,-0.021252796420581643
2025-02-03,17510,17970,16820,17050,47791,-0.02571428571428569
2025-02-04,17080,17990,17080,17460,6721,0.02404692082111426
2025-02-05,17470,17650,17460,17610,4913,0.00859106529209619
2025-02-06,17800,19680,17800,18970,77141,0.07722884724588308
2025-02-07,18970,18970,17950,18210,7994,-0.040063257775434846
2025-02-10,18580,18580,17910,18050,8482,-0.00878638110928065
2025-02-11,18370,18880,18180,18290,6876,0.013296398891966765
2025-02-12,18280,18850,18130,18750,13044,0.025150355385456624
2025-02-13,18770,19500,18310,19230,28552,0.025600000000000067
2025-02-14,19540,20350,18660,18900,31793,-0.01716068642745705
2025-02-17,18910,19460,18230,18720,10468,-0.00952380952380949
2025-02-18,18720,19390,18660,18910,6287,0.010149572649572614
2025-02-19,19240,19240,18900,19000,7018,0.004759386567953383
2025-02-20,19020,19110,18550,18590,6410,-0.02157894736842103
2025-02-21,18610,18970,18600,18680,5322,0.00484131253362019
2025-02-24,18280,18480,18200,18360,5217,-0.017130620985010725
2025-02-25,18590,18590,18060,18070,5188,-0.015795206971677578
2025-02-26,18130,18490,18100,18330,3335,0.014388489208633004
2025-02-27,18500,23050,18500,19610,337967,0.06983087834151669
2025-02-28,19610,19610,18890,19030,34980,-0.029576746557878675
2025-03-04,18510,19460,18330,18330,18280,-0.03678402522333157
2025-03-05,18370,19200,18370,18690,10372,0.019639934533551617
2025-03-06,18720,19050,18580,18580,9756,-0.00588550026752277
2025-03-07,18370,19500,17900,18720,18082,0.00753498385360607
2025-03-10,18570,18810,18350,18510,5986,-0.011217948717948678
2025-03-11,18510,18510,17900,18200,5285,-0.016747703943814196
2025-03-12,18200,18640,18200,18400,2814,0.01098901098901095
2025-03-13,18880,18880,18060,18100,7240,-0.016304347826086918
2025-03-14,18460,18460,18000,18180,6128,0.0044198895027625085
2025-03-17,18680,18680,18060,18130,3903,-0.002750275027502802
2025-03-18,18700,18700,18210,18370,3196,0.013237727523441878
2025-03-19,18370,19450,18100,19100,19721,0.03973870440936311
2025-03-20,19100,19110,18550,18700,6880,-0.020942408376963373
2025-03-21,18700,18730,18080,18260,6538,-0.02352941176470591
2025-03-24,18400,18410,18110,18110,3830,-0.008214676889375716
2025-03-25,18200,18250,17740,17750,5121,-0.019878520154610668
2025-03-26,18140,18140,17750,18000,8197,0.014084507042253502
2025-03-27,18000,18090,17840,17950,2227,-0.002777777777777768
2025-03-28,18500,18500,17760,17880,2914,-0.003899721448467952
2025-03-31,17450,17770,17170,17210,4585,-0.037472035794183456
2025-04-01,17390,18600,17240,17930,9585,0.04183614177803596
2025-04-02,17770,18000,17560,17620,3076,-0.01728945900725043
2025-04-03,17600,17950,17300,17900,7896,0.015891032917139558
2025-04-04,17570,18900,17570,18740,14839,0.04692737430167604
2025-04-07,18500,18500,17600,17760,10830,-0.0522945570971185
2025-04-08,17810,18160,17500,17570,7359,-0.010698198198198172
2025-04-09,17430,17860,17020,17020,4508,-0.031303357996585124
2025-04-10,17860,17860,17300,17740,6205,0.04230317273795525
2025-04-11,17740,17830,17360,17750,3884,0.0005636978579481866
2025-04-14,17950,18130,17820,17850,3755,0.005633802816901401
2025-04-15,17900,18440,17850,18070,7076,0.012324929971988752
2025-04-16,18070,18490,18040,18100,5603,0.0016602102933038765
2025-04-17,18530,22900,18530,19780,352113,0.09281767955801112
2025-04-18,19780,19980,19250,19620,33907,-0.008088978766430777
2025-04-21,19620,21050,19620,20350,45245,0.03720693170234446
2025-04-22,21000,21400,20000,21250,64296,0.04422604422604426
2025-04-23,22400,23200,21100,21400,73822,0.007058823529411784
2025-04-24,21200,24050,21100,23250,185974,0.08644859813084116
2025-04-25,23750,28750,23550,26450,519772,0.1376344086021506
2025-04-28,26650,27850,26150,26450,100443,0.0
2025-04-29,26000,26650,24650,25750,65897,-0.026465028355387554
2025-04-30,25600,25600,24100,25100,49797,-0.025242718446601975
2025-05-02,24800,25800,24350,25350,24174,0.009960159362549792
2025-05-07,25300,26500,24900,25350,18191,0.0
2025-05-08,25350,26750,25350,26450,43895,0.04339250493096647
2025-05-09,27000,27550,26450,26450,37467,0.0
2025-05-12,27000,27900,26400,26650,53583,0.007561436672967936
2025-05-13,25950,27050,25350,26400,33345,-0.009380863039399667
2025-05-14,28200,29400,27700,28500,181806,0.07954545454545459
2025-05-15,28500,28500,27450,28150,34999,-0.012280701754386003
2025-05-16,28150,30600,28150,29900,86761,0.06216696269982247
2025-05-19,32000,33400,30450,30950,120693,0.03511705685618738
2025-05-20,29900,29900,27850,28650,93236,-0.07431340872374803
2025-05-21,28700,29700,28250,29200,46853,0.01919720767888311
2025-05-22,29000,31000,26300,27250,65568,-0.06678082191780821
2025-05-23,26250,26250,23650,24050,90406,-0.11743119266055047
2025-05-26,23450,24250,23200,23350,42887,-0.029106029106029108
2025-05-27,25000,25000,23450,23500,20553,0.0064239828693790635
2025-05-28,23900,24500,23600,23900,16437,0.017021276595744705
2025-05-29,23900,25300,23900,24950,38458,0.043933054393305415
2025-05-30,25600,26300,24500,24950,47148,0.0
2025-06-02,25100,25550,24400,24650,29293,-0.012024048096192397
2025-06-04,25550,27600,25000,26800,95846,0.0872210953346857
2025-06-05,26800,27000,26150,26350,44109,-0.016791044776119368
2025-06-09,26850,26900,25950,26500,22706,0.005692599620493288
2025-06-10,26550,27000,26150,26300,24661,-0.007547169811320753
2025-06-11,27700,30900,27000,30250,309098,0.15019011406844096
2025-06-12,29650,30250,27600,29450,73404,-0.026446280991735516
2025-06-13,30450,30600,28900,29000,72664,-0.015280135823429575
2025-06-16,29700,30000,29200,29750,31563,0.02586206896551735
2025-06-17,29000,29000,26750,27000,96322,-0.09243697478991597
2025-06-18,25600,26150,25000,26000,68417,-0.03703703703703709
2025-06-19,26250,26500,25500,26150,23586,0.005769230769230749
2025-06-20,26100,26500,25850,26200,28576,0.0019120458891013214
2025-06-23,26100,26500,25100,25800,16611,-0.01526717557251911
2025-06-24,26100,27000,26100,26450,26516,0.025193798449612448
2025-06-25,27050,28400,26900,27050,26324,0.022684310018903586
2025-06-26,27050,27150,26200,26500,16878,-0.020332717190388205
2025-06-27,26500,27800,26500,26700,28203,0.007547169811320753
2025-06-30,26000,26750,25600,25950,23696,-0.028089887640449396
2025-07-01,26650,28000,26650,27150,46322,0.046242774566473965
2025-07-02,27450,28150,27150,27550,43311,0.014732965009208066
2025-07-03,27600,28950,27300,28600,68605,0.038112522686025496
2025-07-04,28950,29200,28100,28350,27129,-0.00874125874125875
2025-07-07,28100,28600,27100,28050,22355,-0.010582010582010581
2025-07-08,28100,28350,27600,27700,10651,-0.012477718360071277
2025-07-09,27350,27500,26150,26800,26103,-0.032490974729241895
2025-07-10,26800,27550,26750,27450,13890,0.02425373134328357
2025-07-11,28400,29200,28000,28250,47029,0.02914389799635697
2025-07-14,29000,29000,27800,28000,9155,-0.008849557522123908
2025-07-15,28000,28900,27300,28600,31017,0.021428571428571352
2025-07-16,28600,29000,27900,27900,15841,-0.02447552447552448
2025-07-17,27900,28000,27200,27800,9978,-0.0035842293906810374
2025-07-18,27800,28400,27500,27550,17970,-0.008992805755395739
2025-07-21,27650,30000,27650,28850,88773,0.047186932849364815
2025-07-22,28950,29450,28150,28450,42909,-0.013864818024263426
2025-07-23,28700,29200,27850,28400,22568,-0.0017574692442882123
2025-07-24,28100,28900,27850,28350,16429,-0.0017605633802817433
2025-07-25,28350,29300,28100,29050,20141,0.024691358024691468
2025-07-28,29100,29150,28150,28700,21038,-0.012048192771084376
2025-07-29,28900,28900,28150,28700,14741,0.0
2025-07-30,29100,29100,25550,25750,47898,-0.10278745644599308
2025-07-31,25900,26600,24500,24550,45338,-0.04660194174757282
2025-08-01,24550,25100,23800,23900,26077,-0.02647657841140527
2025-08-04,23900,24600,23700,24000,10102,0.004184100418409997
2025-08-05,24700,24800,23850,24250,9407,0.01041666666666674
2025-08-06,24400,24500,24000,24500,5464,0.010309278350515427
2025-08-07,24450,24450,22600,23950,18837,-0.022448979591836782
2025-08-08,23950,24200,23650,24000,7717,0.0020876826722338038
2025-08-11,24000,24000,22800,23100,14850,-0.03749999999999998
2025-08-12,23100,23500,22000,22900,6859,-0.008658008658008698
2025-08-13,22950,23300,22800,23050,9131,0.0065502183406114245
2025-08-14,23500,24600,23400,23550,9000,0.021691973969631295
2025-08-18,23950,24550,23800,24000,11358,0.019108280254777066
2025-08-19,24750,24750,23750,23750,12175,-0.01041666666666663
2025-08-20,23750,23750,22950,23300,4321,-0.0189473684210526
2025-08-21,23300,23750,22900,23200,4677,-0.0042918454935622075
2025-08-22,23000,23150,22450,22750,9342,-0.0193965517241379
2025-08-25,22750,23450,22500,23100,4352,0.01538461538461533
2025-08-26,23100,23100,22450,22450,6966,-0.02813852813852813
2025-08-27,22450,22700,22200,22300,3692,-0.006681514476614692
2025-08-28,22400,22650,22150,22300,5146,0.0
2025-08-29,22350,22450,21850,22050,8595,-0.011210762331838597
2025-09-01,22000,22050,21500,21550,6359,-0.0226757369614512
2025-09-02,21850,22000,20800,21750,4729,0.009280742459396807
2025-09-03,21700,22000,21700,21850,2319,0.0045977011494253706
2025-09-04,22000,22300,21850,22300,6398,0.020594965675057253
2025-09-05,22300,22450,22200,22350,3277,0.0022421524663676085
2025-09-08,22200,22700,22100,22450,6028,0.004474272930648837
2025-09-09,22450,22500,21800,22000,10169,-0.020044543429844075
2025-09-10,22400,22400,22000,22250,3059,0.011363636363636465
2025-09-11,22300,23500,22000,22500,11846,0.011235955056179803
2025-09-12,23550,23600,22550,22900,16128,0.01777777777777767
2025-09-15,23000,23850,23000,23550,14019,0.028384279475982543
2025-09-16,23550,23600,23050,23300,5946,-0.010615711252653925
2025-09-17,23800,23800,23100,23450,10751,0.006437768240343367
2025-09-18,23450,23650,23150,23300,6533,-0.006396588486140775
2025-09-19,23100,23300,22900,22950,7346,-0.015021459227467782
2025-09-22,22800,23400,22800,23200,5941,0.01089324618736387
2025-09-23,23200,23800,23100,23250,7599,0.0021551724137931494
2025-09-24,23250,23500,22800,22850,6047,-0.017204301075268824
2025-09-25,22850,24000,22700,23000,5145,0.006564551422319376
2025-09-26,23000,23050,22050,22500,6301,-0.021739130434782594
2025-09-29,22800,22800,22000,22500,6859,0.0
2025-09-30,22350,22500,22200,22350,2959,-0.00666666666666671
2025-10-01,22500,22550,22100,22500,7348,0.006711409395973256
2025-10-02,22500,22850,22200,22600,5506,0.004444444444444473
2025-10-10,22600,23100,22100,22100,13187,-0.02212389380530977
2025-10-13,22100,22100,21600,22050,6332,-0.002262443438914019
2025-10-14,22400,22400,21800,21800,4223,-0.0113378684807256
2025-10-15,21600,22550,21600,22550,6359,0.034403669724770714
2025-10-16,22550,23050,22500,22850,9392,0.013303769401330268
2025-10-17,22850,23100,22350,22800,5569,-0.002188183807439792
2025-10-20,22800,23200,22300,22700,8296,-0.004385964912280715
2025-10-21,23200,23200,22500,22800,6940,0.004405286343612369
2025-10-22,23000,23000,22500,22900,5143,0.004385964912280604
2025-10-23,23000,23400,22600,23000,8624,0.004366812227074135
2025-10-24,23350,24900,23000,24150,29253,0.050000000000000044
2025-10-27,24550,24700,23950,24100,22756,-0.0020703933747412417
2025-10-28,24100,24350,23700,24100,11889,0.0
2025-10-29,24100,24100,22900,23300,15521,-0.03319502074688796
2025-10-30,23300,23350,22650,22850,14681,-0.01931330472102999
2025-10-31,22850,23200,22300,22800,9414,-0.002188183807439792
2025-11-03,22800,24700,22800,24300,56336,0.06578947368421062
2025-11-04,24800,25300,23800,24550,26865,0.010288065843621297
2025-11-05,24300,24300,22150,22450,35904,-0.08553971486761713
2025-11-06,22500,22700,21600,22100,18031,-0.015590200445434244
2025-11-07,22100,22100,21000,21550,17178,-0.02488687782805432
2025-11-10,21550,21850,20900,21500,15853,-0.002320185614849146
2025-11-11,22000,22400,21700,21850,10065,0.016279069767441756
2025-11-12,22300,22550,22000,22550,9052,0.03203661327231111
2025-11-13,22550,23000,22250,22550,5504,0.0
2025-11-14,22000,22550,21700,21950,7311,-0.026607538802660757
2025-11-17,21800,22350,21600,21650,5193,-0.013667425968109326
2025-11-18,21200,21800,20950,20950,7644,-0.0323325635103926
2025-11-19,21500,21500,20500,20700,5430,-0.011933174224343701
2025-11-20,21300,21500,20600,21400,5733,0.033816425120772875
2025-11-21,21300,21300,20550,20850,5903,-0.025700934579439227
2025-11-24,20850,20850,20250,20300,8260,-0.026378896882493952
2025-11-25,20950,20950,20450,20750,3669,0.022167487684729092
2025-11-26,20750,21550,20750,21300,5016,0.026506024096385472
2025-11-27,21550,21550,20800,21300,3253,0.0
2025-11-28,21100,21450,21100,21250,4435,-0.0023474178403756207
2025-12-01,21500,21500,21100,21150,3574,-0.004705882352941226
2025-12-02,20650,21200,20650,21200,3525,0.0023640661938533203
2025-12-03,21450,21450,21100,21350,3612,0.007075471698113178
2025-12-04,21500,21500,21000,21150,3217,-0.00936768149882905
2025-12-05,21150,21300,21100,21200,5017,0.0023640661938533203
2025-12-08,21200,21400,21000,21100,7045,-0.004716981132075526
2025-12-09,21100,21200,21050,21050,3754,-0.0023696682464454666
2025-12-10,21300,21300,21000,21050,3132,0.0
2025-12-11,21500,21500,21050,21150,4613,0.004750593824228044
