Date,Open,High,Low,Close,Volume,Change
2022-01-03,1690,1730,1685,1710,1169925,0.01183431952662728
2022-01-04,1730,1735,1670,1720,1373878,0.005847953216374213
2022-01-05,1720,1725,1665,1675,939972,-0.026162790697674465
2022-01-06,1640,1680,1635,1645,869693,-0.017910447761193993
2022-01-07,1670,1750,1625,1735,2136062,0.054711246200607855
2022-01-10,1730,1730,1665,1680,945776,-0.03170028818443804
2022-01-11,1670,1685,1560,1585,1412135,-0.05654761904761907
2022-01-12,1610,1635,1595,1625,641549,0.025236593059936974
2022-01-13,1620,1640,1605,1635,461123,0.006153846153846176
2022-01-14,1615,1625,1565,1570,611912,-0.03975535168195721
2022-01-17,1590,1595,1505,1520,577566,-0.031847133757961776
2022-01-18,1510,1555,1480,1490,529447,-0.019736842105263164
2022-01-19,1450,1520,1450,1480,454290,-0.006711409395973145
2022-01-20,1500,1520,1470,1510,279537,0.020270270270270174
2022-01-21,1510,1515,1465,1475,458376,-0.023178807947019875
2022-01-24,1455,1470,1405,1415,580051,-0.04067796610169494
2022-01-25,1415,1425,1345,1345,770269,-0.04946996466431097
2022-01-26,1345,1395,1325,1385,344605,0.029739776951672958
2022-01-27,1390,1395,1305,1315,513768,-0.05054151624548742
2022-01-28,1315,1385,1295,1375,373572,0.04562737642585546
2022-02-03,1410,1435,1390,1430,285748,0.040000000000000036
2022-02-04,1425,1450,1410,1445,253283,0.010489510489510412
2022-02-07,1445,1485,1400,1460,378500,0.01038062283737018
2022-02-08,1460,1465,1410,1410,199068,-0.03424657534246578
2022-02-09,1420,1470,1420,1450,230328,0.028368794326241176
2022-02-10,1460,1495,1415,1430,293090,-0.01379310344827589
2022-02-11,1425,1425,1380,1380,321975,-0.034965034965035
2022-02-14,1380,1380,1320,1335,348488,-0.03260869565217395
2022-02-15,1335,1360,1315,1330,215804,-0.0037453183520599342
2022-02-16,1350,1390,1350,1390,137854,0.04511278195488733
2022-02-17,1405,1405,1315,1380,270844,-0.007194244604316502
2022-02-18,1355,1390,1345,1385,135714,0.0036231884057971175
2022-02-21,1350,1375,1345,1370,153607,-0.010830324909747335
2022-02-22,1345,1360,1315,1330,396872,-0.029197080291970767
2022-02-23,1335,1350,1325,1345,155974,0.011278195488721776
2022-02-24,1330,1340,1280,1280,433947,-0.048327137546468446
2022-02-25,1295,1325,1295,1310,188696,0.0234375
2022-02-28,1310,1335,1295,1330,161911,0.01526717557251911
2022-03-02,1330,1355,1320,1350,230942,0.015037593984962516
2022-03-03,1360,1380,1350,1370,216268,0.014814814814814836
2022-03-04,1370,1375,1330,1360,301746,-0.007299270072992692
2022-03-07,1355,1355,1305,1310,235275,-0.03676470588235292
2022-03-08,1290,1320,1275,1295,348822,-0.011450381679389277
2022-03-10,1320,1330,1305,1320,200355,0.019305019305019266
2022-03-11,1320,1330,1310,1325,213249,0.0037878787878788955
2022-03-14,1320,1330,1285,1295,308761,-0.02264150943396226
2022-03-15,1295,1300,1270,1275,270215,-0.015444015444015413
2022-03-16,1290,1330,1290,1320,273612,0.03529411764705892
2022-03-17,1345,1450,1335,1400,1813333,0.06060606060606055
2022-03-18,1400,1400,1375,1395,283767,-0.0035714285714285587
2022-03-21,1400,1410,1370,1385,293237,-0.007168458781361964
2022-03-22,1400,1410,1380,1395,244799,0.0072202166064982976
2022-03-23,1405,1405,1390,1400,220018,0.0035842293906809264
2022-03-24,1400,1400,1370,1400,218708,0.0
2022-03-25,1400,1425,1385,1410,283652,0.0071428571428571175
2022-03-28,1415,1445,1400,1430,244500,0.014184397163120588
2022-03-29,1445,1450,1395,1415,310421,-0.010489510489510523
2022-03-30,1420,1425,1395,1410,131455,-0.0035335689045936647
2022-03-31,1415,1435,1400,1430,206624,0.014184397163120588
2022-04-01,1420,1420,1395,1410,153816,-0.013986013986013957
2022-04-04,1410,1445,1395,1430,265918,0.014184397163120588
2022-04-05,1440,1445,1415,1435,129829,0.0034965034965035446
2022-04-06,1435,1435,1385,1395,198046,-0.027874564459930307
2022-04-07,1395,1395,1370,1375,227343,-0.014336917562724039
2022-04-08,1375,1395,1350,1365,174814,-0.0072727272727273196
2022-04-11,1360,1370,1335,1365,174712,0.0
2022-04-12,1365,1405,1345,1385,208465,0.0146520146520146
2022-04-13,1400,1425,1360,1420,224591,0.025270758122743597
2022-04-14,1430,1455,1410,1440,330961,0.014084507042253502
2022-04-15,1435,1485,1410,1470,568657,0.02083333333333326
2022-04-18,1470,1475,1435,1435,354626,-0.023809523809523836
2022-04-19,1435,1490,1430,1440,161937,0.0034843205574912606
2022-04-20,1450,1450,1420,1435,151023,-0.00347222222222221
2022-04-21,1425,1445,1410,1415,121342,-0.013937282229965153
2022-04-22,1405,1405,1370,1395,180284,-0.014134275618374548
2022-04-25,1365,1380,1350,1355,199316,-0.028673835125448077
2022-04-26,1355,1390,1355,1375,159002,0.014760147601476037
2022-04-27,1345,1375,1340,1360,187492,-0.010909090909090868
2022-04-28,1355,1375,1305,1335,264897,-0.018382352941176516
2022-04-29,1350,1360,1335,1360,186704,0.01872659176029967
2022-05-02,1355,1375,1335,1370,86911,0.007352941176470562
2022-05-03,1375,1385,1355,1360,108250,-0.007299270072992692
2022-05-04,1370,1370,1340,1355,94824,-0.003676470588235281
2022-05-06,1345,1350,1320,1330,169919,-0.01845018450184499
2022-05-09,1320,1340,1290,1300,285164,-0.022556390977443663
2022-05-10,1295,1305,1210,1295,355192,-0.0038461538461538325
2022-05-11,1285,1310,1285,1310,106337,0.01158301158301156
2022-05-12,1295,1295,1225,1240,295967,-0.05343511450381677
2022-05-13,1240,1300,1230,1285,151617,0.03629032258064524
2022-05-16,1305,1330,1280,1290,154874,0.0038910505836575737
2022-05-17,1290,1310,1285,1305,98076,0.011627906976744207
2022-05-18,1315,1325,1290,1305,102902,0.0
2022-05-19,1275,1295,1255,1295,148101,-0.007662835249042099
2022-05-20,1285,1300,1275,1295,137913,0.0
2022-05-23,1305,1305,1280,1295,94890,0.0
2022-05-24,1300,1305,1265,1265,129226,-0.02316602316602312
2022-05-25,1265,1305,1245,1270,251466,0.0039525691699604515
2022-05-26,1275,1290,1255,1265,106036,-0.003937007874015741
2022-05-27,1270,1280,1255,1260,138505,-0.0039525691699604515
2022-05-30,1275,1300,1270,1275,88156,0.011904761904761862
2022-05-31,1275,1305,1265,1295,231587,0.015686274509803866
2022-06-02,1295,1300,1280,1290,73580,-0.0038610038610038533
2022-06-03,1300,1325,1295,1325,153931,0.027131782945736482
2022-06-07,1330,1335,1285,1285,133848,-0.030188679245283012
2022-06-08,1300,1300,1270,1280,95245,-0.0038910505836575737
2022-06-09,1280,1280,1260,1275,80130,-0.00390625
2022-06-10,1275,1275,1255,1265,81345,-0.007843137254901933
2022-06-13,1240,1250,1180,1200,389621,-0.0513833992094862
2022-06-14,1250,1260,1170,1200,337804,0.0
2022-06-15,1185,1205,1155,1185,324485,-0.012499999999999956
2022-06-16,1185,1215,1180,1180,108394,-0.00421940928270037
2022-06-17,1140,1165,1125,1165,152826,-0.012711864406779627
2022-06-20,1160,1180,1090,1105,244634,-0.05150214592274682
2022-06-21,1100,1130,1090,1120,175076,0.013574660633484115
2022-06-22,1110,1130,1065,1070,153699,-0.044642857142857095
2022-06-23,1070,1070,970,998,693553,-0.06728971962616825
2022-06-24,966,1065,966,1065,340315,0.06713426853707416
2022-06-27,1065,1110,1055,1095,96154,0.028169014084507005
2022-06-28,1105,1130,1085,1110,104354,0.013698630136986356
2022-06-29,1100,1110,1070,1100,72692,-0.009009009009009028
2022-06-30,1100,1100,1055,1070,91222,-0.027272727272727226
2022-07-01,1055,1105,1030,1045,119443,-0.02336448598130836
2022-07-04,1070,1090,1010,1035,160024,-0.009569377990430672
2022-07-05,1045,1065,1035,1060,54040,0.024154589371980784
2022-07-06,1070,1070,1025,1050,86027,-0.009433962264150941
2022-07-07,1050,1095,1050,1095,129124,0.04285714285714293
2022-07-08,1095,1120,1085,1100,78248,0.004566210045662045
2022-07-11,1100,1110,1070,1090,154089,-0.009090909090909038
2022-07-12,1095,1095,1030,1065,159155,-0.022935779816513735
2022-07-13,1065,1065,1030,1065,149829,0.0
2022-07-14,1065,1085,1045,1080,181022,0.014084507042253502
2022-07-15,1080,1095,1050,1095,86039,0.01388888888888884
2022-07-18,1110,1120,1080,1110,70382,0.013698630136986356
2022-07-19,1105,1120,1080,1115,60844,0.0045045045045044585
2022-07-20,1120,1140,1110,1110,103577,-0.004484304932735439
2022-07-21,1120,1130,1110,1120,54713,0.009009009009008917
2022-07-22,1120,1130,1100,1120,98860,0.0
2022-07-25,1120,1130,1110,1125,60615,0.0044642857142858094
2022-07-26,1120,1135,1110,1130,103916,0.004444444444444473
2022-07-27,1135,1180,1120,1175,275017,0.03982300884955747
2022-07-28,1215,1215,1160,1180,145143,0.004255319148936065
2022-07-29,1175,1200,1155,1195,90308,0.012711864406779627
2022-08-01,1190,1200,1175,1195,112951,0.0
2022-08-02,1200,1205,1150,1165,214934,-0.025104602510460206
2022-08-03,1175,1240,1155,1200,279739,0.030042918454935563
2022-08-04,1195,1205,1185,1190,136207,-0.008333333333333304
2022-08-05,1195,1275,1185,1245,625737,0.04621848739495804
2022-08-08,1245,1300,1170,1205,885103,-0.032128514056224855
2022-08-09,1230,1230,1190,1210,93973,0.004149377593360981
2022-08-10,1210,1215,1170,1205,154193,-0.004132231404958664
2022-08-11,1205,1235,1200,1235,213220,0.024896265560165887
2022-08-12,1230,1245,1215,1235,58444,0.0
2022-08-16,1250,1260,1230,1245,178855,0.00809716599190291
2022-08-17,1245,1250,1220,1240,82173,-0.004016064257028162
2022-08-18,1255,1255,1215,1240,135641,0.0
2022-08-19,1250,1255,1230,1245,84998,0.0040322580645162365
2022-08-22,1245,1250,1205,1225,111093,-0.016064257028112428
2022-08-23,1225,1225,1190,1210,115704,-0.01224489795918371
2022-08-24,1210,1250,1190,1250,139724,0.03305785123966931
2022-08-25,1255,1270,1230,1255,149502,0.0040000000000000036
2022-08-26,1270,1270,1235,1250,133133,-0.003984063745019917
2022-08-29,1180,1230,1170,1215,139413,-0.028000000000000025
2022-08-30,1195,1235,1195,1230,94434,0.012345679012345734
2022-08-31,1240,1245,1215,1240,115580,0.008130081300812941
2022-09-01,1245,1305,1230,1245,687139,0.0040322580645162365
2022-09-02,1245,1260,1230,1260,130491,0.012048192771084265
2022-09-05,1250,1270,1235,1270,160310,0.007936507936507908
2022-09-06,1260,1280,1245,1270,126402,0.0
2022-09-07,1280,1285,1240,1260,182563,-0.007874015748031482
2022-09-08,1260,1280,1245,1265,90848,0.003968253968253954
2022-09-13,1275,1275,1250,1255,170080,-0.007905138339920903
2022-09-14,1235,1255,1210,1255,148911,0.0
2022-09-15,1265,1290,1255,1265,160584,0.007968127490039834
2022-09-16,1235,1265,1230,1255,152245,-0.007905138339920903
2022-09-19,1240,1245,1205,1230,190355,-0.019920318725099584
2022-09-20,1230,1240,1205,1220,112151,-0.008130081300813052
2022-09-21,1220,1230,1200,1215,126673,-0.004098360655737654
2022-09-22,1205,1210,1185,1200,184543,-0.012345679012345734
2022-09-23,1195,1200,1165,1165,188105,-0.029166666666666674
2022-09-26,1145,1145,1080,1110,413408,-0.047210300429184504
2022-09-27,1105,1150,1065,1150,203498,0.03603603603603611
2022-09-28,1115,1145,1055,1100,139122,-0.04347826086956519
2022-09-29,1105,1120,1055,1065,154335,-0.03181818181818186
2022-09-30,1015,1150,1005,1080,555562,0.014084507042253502
2022-10-04,1095,1120,1080,1100,150689,0.0185185185185186
2022-10-05,1120,1145,1080,1140,159924,0.036363636363636376
2022-10-06,1140,1155,1120,1155,119624,0.013157894736842035
2022-10-07,1150,1150,1120,1135,69526,-0.017316017316017285
2022-10-11,1125,1130,1050,1130,140994,-0.004405286343612369
2022-10-12,1080,1125,1075,1100,192300,-0.026548672566371723
2022-10-13,1080,1100,1030,1050,156134,-0.045454545454545414
2022-10-14,1055,1080,1055,1070,66314,0.01904761904761898
2022-10-17,1070,1090,1040,1090,54727,0.01869158878504673
2022-10-18,1110,1125,1090,1110,177620,0.0183486238532109
2022-10-19,1120,1120,1090,1115,83120,0.0045045045045044585
2022-10-20,1115,1115,1085,1110,76727,-0.004484304932735439
2022-10-21,1095,1095,1050,1070,243577,-0.036036036036036
2022-10-24,1070,1085,1065,1080,79658,0.009345794392523255
2022-10-25,1090,1100,1065,1095,261269,0.01388888888888884
2022-10-26,1100,1105,1080,1095,59706,0.0
2022-10-27,1095,1105,1075,1100,65777,0.004566210045662045
2022-10-28,1100,1100,1070,1085,85930,-0.013636363636363669
2022-10-31,1085,1100,1075,1100,93419,0.01382488479262678
2022-11-01,1100,1120,1080,1080,140814,-0.018181818181818188
2022-11-02,1080,1100,1075,1085,53311,0.004629629629629539
2022-11-03,1060,1085,1055,1085,80737,0.0
2022-11-04,1085,1095,1045,1060,224844,-0.02304147465437789
2022-11-07,1070,1075,1050,1060,136026,0.0
2022-11-08,1060,1090,1060,1085,128419,0.02358490566037741
2022-11-09,1100,1180,1095,1130,735806,0.041474654377880116
2022-11-10,1130,1180,1105,1155,283742,0.022123893805309658
2022-11-11,1180,1205,1150,1190,412541,0.030303030303030276
2022-11-14,1190,1195,1150,1175,113392,-0.012605042016806678
2022-11-15,1175,1225,1160,1215,366182,0.03404255319148941
2022-11-16,1245,1275,1235,1255,623483,0.03292181069958855
2022-11-17,1255,1270,1240,1265,217793,0.007968127490039834
2022-11-18,1280,1280,1230,1245,121377,-0.015810276679841917
2022-11-21,1245,1260,1210,1230,226978,-0.012048192771084376
2022-11-22,1215,1240,1210,1230,110073,0.0
2022-11-23,1220,1235,1210,1235,135548,0.004065040650406582
2022-11-24,1245,1260,1225,1250,163366,0.012145748987854255
2022-11-25,1250,1260,1245,1250,141370,0.0
2022-11-28,1250,1255,1215,1215,163277,-0.028000000000000025
2022-11-29,1200,1250,1200,1240,182928,0.020576131687242816
2022-11-30,1265,1270,1240,1270,319522,0.024193548387096753
2022-12-01,1290,1290,1255,1270,213134,0.0
2022-12-02,1280,1290,1260,1270,152456,0.0
2022-12-05,1270,1315,1265,1315,293110,0.03543307086614167
2022-12-06,1300,1325,1250,1280,177847,-0.026615969581749055
2022-12-07,1265,1280,1255,1275,87489,-0.00390625
2022-12-08,1270,1270,1230,1255,103942,-0.015686274509803977
2022-12-09,1255,1260,1240,1260,68007,0.003984063745019917
2022-12-12,1270,1270,1230,1240,58576,-0.015873015873015928
2022-12-13,1240,1250,1225,1240,38685,0.0
2022-12-14,1240,1270,1225,1270,103835,0.024193548387096753
2022-12-15,1270,1270,1250,1260,85613,-0.007874015748031482
2022-12-16,1245,1255,1215,1255,72667,-0.003968253968253954
2022-12-19,1230,1245,1215,1235,93053,-0.015936254980079667
2022-12-20,1220,1230,1195,1195,144091,-0.03238866396761131
2022-12-21,1190,1205,1185,1200,46957,0.004184100418409997
2022-12-22,1200,1210,1170,1195,106013,-0.004166666666666652
2022-12-23,1200,1200,1150,1185,96810,-0.008368200836820106
2022-12-26,1180,1180,1155,1180,61712,-0.00421940928270037
2022-12-27,1170,1180,1155,1170,103399,-0.008474576271186418
2022-12-28,1170,1175,1130,1165,63326,-0.004273504273504258
2022-12-29,1165,1165,1130,1160,74242,-0.0042918454935622075
2023-01-02,1160,1170,1130,1150,69096,-0.008620689655172376
2023-01-03,1145,1150,1080,1135,125342,-0.013043478260869601
2023-01-04,1155,1160,1130,1160,46072,0.022026431718061623
2023-01-05,1170,1180,1140,1155,45910,-0.004310344827586188
2023-01-06,1155,1160,1145,1150,67261,-0.0043290043290042934
2023-01-09,1170,1190,1160,1175,97828,0.021739130434782705
2023-01-10,1185,1195,1175,1195,67232,0.017021276595744705
2023-01-11,1195,1210,1190,1200,36980,0.004184100418409997
2023-01-12,1200,1220,1185,1195,55471,-0.004166666666666652
2023-01-13,1195,1220,1185,1195,69157,0.0
2023-01-16,1200,1200,1170,1180,62063,-0.012552301255230103
2023-01-17,1180,1195,1170,1190,92327,0.008474576271186418
2023-01-18,1185,1225,1175,1220,110250,0.025210084033613356
2023-01-19,1220,1225,1205,1220,45901,0.0
2023-01-20,1220,1225,1190,1225,32617,0.004098360655737654
2023-01-25,1235,1254,1225,1250,108245,0.020408163265306145
2023-01-26,1250,1262,1238,1255,47929,0.0040000000000000036
2023-01-27,1267,1385,1241,1265,836503,0.007968127490039834
2023-01-30,1292,1292,1253,1270,151542,0.0039525691699604515
2023-01-31,1255,1300,1250,1275,174825,0.003937007874015741
2023-02-01,1281,1303,1279,1291,222583,0.012549019607843048
2023-02-02,1291,1309,1290,1300,106005,0.006971340046475705
2023-02-03,1308,1316,1287,1305,130218,0.0038461538461538325
2023-02-06,1302,1304,1280,1285,108593,-0.01532567049808431
2023-02-07,1285,1288,1259,1272,145593,-0.010116731517509692
2023-02-08,1272,1302,1271,1300,167220,0.022012578616352307
2023-02-09,1300,1320,1282,1306,104120,0.004615384615384688
2023-02-10,1294,1303,1260,1269,158213,-0.02833078101071973
2023-02-13,1269,1277,1235,1260,155981,-0.007092198581560294
2023-02-14,1256,1277,1243,1271,99936,0.0087301587301587
2023-02-15,1271,1282,1241,1244,152990,-0.02124311565696302
2023-02-16,1244,1274,1241,1274,79891,0.02411575562700974
2023-02-17,1274,1290,1274,1283,154306,0.007064364207221452
2023-02-20,1283,1290,1259,1265,146900,-0.014029618082618822
2023-02-21,1265,1265,1255,1260,106114,-0.0039525691699604515
2023-02-22,1259,1259,1230,1238,169552,-0.01746031746031751
2023-02-23,1231,1250,1231,1237,40826,-0.0008077544426494665
2023-02-24,1238,1248,1202,1228,97432,-0.007275666936135794
2023-02-27,1213,1214,1197,1211,125941,-0.013843648208469062
2023-02-28,1207,1245,1205,1236,89855,0.02064409578860449
2023-03-02,1240,1242,1218,1218,155833,-0.014563106796116498
2023-03-03,1234,1290,1234,1290,287712,0.059113300492610765
2023-03-06,1287,1319,1287,1315,265974,0.019379844961240345
2023-03-07,1315,1320,1267,1297,128782,-0.013688212927756682
2023-03-08,1278,1350,1268,1329,474859,0.024672320740169562
2023-03-09,1329,1389,1328,1379,1428472,0.037622272385252176
2023-03-10,1375,1375,1300,1342,539600,-0.026831036983321233
2023-03-13,1312,1375,1284,1370,473006,0.02086438152011927
2023-03-14,1369,1369,1291,1323,302384,-0.03430656934306564
2023-03-15,1335,1455,1335,1390,1657950,0.05064247921390774
2023-03-16,1390,1403,1310,1343,360574,-0.033812949640287804
2023-03-17,1355,1385,1335,1365,300044,0.016381236038719216
2023-03-20,1398,1398,1356,1366,231784,0.00073260073260073
2023-03-21,1367,1419,1362,1380,303812,0.01024890190336758
2023-03-22,1380,1387,1336,1372,289533,-0.005797101449275366
2023-03-23,1365,1432,1357,1386,731440,0.010204081632652962
2023-03-24,1391,1448,1386,1427,541196,0.029581529581529598
2023-03-27,1427,1450,1390,1419,327112,-0.005606166783461819
2023-03-28,1419,1500,1419,1490,1042247,0.05003523608174776
2023-03-29,1494,1539,1460,1465,467966,-0.016778523489932917
2023-03-30,1473,1526,1466,1487,744435,0.015017064846416295
2023-03-31,1483,1485,1420,1455,597061,-0.02151983860121054
2023-04-03,1451,1519,1420,1515,929196,0.04123711340206193
2023-04-04,1515,1515,1455,1470,675086,-0.02970297029702973
2023-04-05,1488,1515,1471,1508,535076,0.02585034013605436
2023-04-06,1508,1508,1433,1447,493819,-0.04045092838196285
2023-04-07,1447,1467,1400,1444,319945,-0.0020732550103662595
2023-04-10,1442,1442,1388,1430,592152,-0.00969529085872578
2023-04-11,1420,1487,1414,1461,453291,0.02167832167832162
2023-04-12,1449,1481,1433,1463,349362,0.001368925393566034
2023-04-13,1463,1487,1436,1474,323456,0.007518796992481258
2023-04-14,1480,1530,1472,1521,593649,0.03188602442333788
2023-04-17,1527,1587,1505,1571,1140997,0.03287310979618674
2023-04-18,1575,1588,1525,1571,489741,0.0
2023-04-19,1571,1603,1545,1570,783338,-0.0006365372374284028
2023-04-20,1569,1587,1503,1517,632785,-0.03375796178343948
2023-04-21,1500,1501,1410,1426,667644,-0.05998681608437706
2023-04-24,1416,1425,1385,1400,412588,-0.018232819074333828
2023-04-25,1378,1392,1326,1377,466441,-0.01642857142857146
2023-04-26,1354,1359,1314,1317,290671,-0.04357298474945537
2023-04-27,1305,1335,1305,1330,243871,0.009870918754745661
2023-04-28,1336,1347,1288,1289,306717,-0.03082706766917298
2023-05-02,1290,1302,1276,1279,192450,-0.007757951900698168
2023-05-03,1279,1295,1258,1268,165666,-0.008600469116497256
2023-05-04,1256,1273,1238,1260,167393,-0.006309148264984188
2023-05-08,1251,1310,1251,1282,158195,0.0174603174603174
2023-05-09,1282,1286,1243,1265,159751,-0.013260530421216887
2023-05-10,1265,1272,1250,1266,140009,0.0007905138339920903
2023-05-11,1266,1295,1255,1265,108252,-0.0007898894154818592
2023-05-12,1266,1270,1233,1258,185150,-0.005533596837944632
2023-05-15,1244,1249,1200,1215,500496,-0.03418124006359302
2023-05-16,1215,1225,1196,1200,336439,-0.012345679012345734
2023-05-17,1197,1215,1195,1203,176773,0.0024999999999999467
2023-05-18,1231,1243,1211,1229,114365,0.021612635078969156
2023-05-19,1235,1252,1230,1247,200410,0.014646053702196848
2023-05-22,1247,1249,1227,1240,142700,-0.005613472333600655
2023-05-23,1251,1251,1228,1238,193250,-0.001612903225806428
2023-05-24,1238,1238,1216,1225,136269,-0.01050080775444262
2023-05-25,1224,1227,1212,1212,113254,-0.0106122448979592
2023-05-26,1217,1228,1210,1210,143660,-0.0016501650165016146
2023-05-30,1211,1240,1210,1232,210422,0.018181818181818077
2023-05-31,1232,1247,1221,1221,103673,-0.008928571428571397
2023-06-01,1222,1228,1214,1219,125873,-0.0016380016380016515
2023-06-02,1224,1228,1215,1219,111608,0.0
2023-06-05,1220,1271,1197,1205,426254,-0.011484823625922846
2023-06-07,1205,1215,1195,1202,206023,-0.0024896265560165887
2023-06-08,1199,1209,1186,1198,168357,-0.0033277870216306127
2023-06-09,1200,1209,1189,1205,134348,0.005843071786310494
2023-06-12,1205,1207,1179,1180,226144,-0.020746887966805017
2023-06-13,1181,1193,1180,1181,81811,0.0008474576271186862
2023-06-14,1182,1192,1145,1159,352827,-0.018628281117696877
2023-06-15,1160,1165,1134,1139,167975,-0.0172562553925798
2023-06-16,1149,1154,1130,1139,122831,0.0
2023-06-19,1159,1159,1132,1150,90452,0.009657594381035972
2023-06-20,1150,1154,1138,1141,99041,-0.00782608695652176
2023-06-21,1149,1170,1131,1161,189953,0.01752848378615246
2023-06-22,1154,1170,1141,1147,110155,-0.012058570198105079
2023-06-23,1148,1160,1122,1144,157766,-0.0026155187445510153
2023-06-26,1144,1144,1127,1136,134950,-0.006993006993006978
2023-06-27,1136,1144,1119,1123,148756,-0.011443661971830998
2023-06-28,1125,1133,1106,1114,218866,-0.00801424755120217
2023-06-29,1115,1116,1080,1087,255776,-0.024236983842010784
2023-06-30,1075,1110,1061,1100,149162,0.011959521619135272
2023-07-03,1105,1136,1100,1125,173603,0.022727272727272707
2023-07-04,1137,1137,1102,1104,126721,-0.01866666666666672
2023-07-05,1115,1115,1077,1115,176870,0.009963768115942129
2023-07-06,1104,1112,1080,1089,147718,-0.02331838565022426
2023-07-07,1087,1087,1060,1064,182488,-0.022956841138659367
2023-07-10,1055,1073,1045,1067,161091,0.0028195488721804995
2023-07-11,1067,1095,1060,1083,95722,0.014995313964386137
2023-07-12,1089,1090,1069,1085,86994,0.001846722068328699
2023-07-13,1090,1130,1079,1108,174197,0.021198156682027625
2023-07-14,1113,1140,1091,1110,128371,0.0018050541516245744
2023-07-17,1110,1116,1084,1085,156064,-0.022522522522522515
2023-07-18,1095,1121,1067,1087,137604,0.0018433179723502668
2023-07-19,1088,1094,1057,1060,154489,-0.02483900643974246
2023-07-20,1051,1075,1043,1075,229755,0.014150943396226356
2023-07-21,1080,1085,1060,1073,101540,-0.0018604651162790198
2023-07-24,1054,1055,1030,1030,241839,-0.040074557315936676
2023-07-25,1021,1021,995,1002,268008,-0.027184466019417486
2023-07-26,998,1002,955,990,443544,-0.0119760479041916
2023-07-27,972,1069,972,1017,190539,0.027272727272727337
2023-07-28,1028,1050,1000,1048,87283,0.03048180924287114
2023-07-31,1048,1065,1035,1039,60199,-0.00858778625954193
2023-08-01,1061,1096,1060,1096,222227,0.05486044273339741
2023-08-02,1106,1117,1078,1098,112699,0.0018248175182482562
2023-08-03,1087,1090,1054,1080,105944,-0.016393442622950838
2023-08-04,1074,1090,1057,1090,95951,0.0092592592592593
2023-08-07,1079,1103,1076,1098,196428,0.007339449541284404
2023-08-08,1088,1112,1076,1094,113859,-0.0036429872495445936
2023-08-09,1094,1109,1093,1108,106477,0.01279707495429605
2023-08-10,1101,1120,1098,1114,90898,0.005415162454873723
2023-08-11,1114,1140,1113,1133,151658,0.017055655296229766
2023-08-14,1133,1142,1110,1130,68807,-0.0026478375992938785
2023-08-16,1100,1159,1083,1098,217861,-0.02831858407079646
2023-08-17,1067,1087,1058,1073,110920,-0.022768670309653904
2023-08-18,1073,1140,1030,1075,406846,0.0018639328984155767
2023-08-21,1074,1181,1066,1119,804889,0.040930232558139545
2023-08-22,1105,1113,1070,1080,177525,-0.034852546916890104
2023-08-23,1080,1081,1039,1079,128273,-0.0009259259259258856
2023-08-24,1071,1090,1062,1070,63344,-0.008341056533827662
2023-08-25,1070,1070,1041,1058,82600,-0.01121495327102806
2023-08-28,1058,1060,1048,1058,56561,0.0
2023-08-29,1054,1062,1041,1060,96082,0.001890359168241984
2023-08-30,1054,1070,1053,1070,41637,0.009433962264151052
2023-08-31,1064,1096,1063,1063,171173,-0.0065420560747663226
2023-09-01,1053,1090,1053,1089,136317,0.024459078080903085
2023-09-04,1090,1415,1090,1310,21211227,0.2029384756657484
2023-09-05,1328,1331,1235,1258,2988377,-0.03969465648854964
2023-09-06,1257,1260,1220,1236,1490576,-0.01748807631160576
2023-09-07,1252,1265,1165,1188,1814901,-0.03883495145631066
2023-09-08,1190,1221,1161,1216,1091044,0.023569023569023573
2023-09-11,1218,1219,1152,1157,789097,-0.04851973684210531
2023-09-12,1168,1184,1150,1152,487262,-0.004321521175453813
2023-09-13,1150,1172,1135,1149,389665,-0.0026041666666666297
2023-09-14,1140,1192,1140,1164,1031406,0.01305483028720622
2023-09-15,1173,1188,1146,1154,380657,-0.00859106529209619
2023-09-18,1154,1172,1148,1155,171268,0.0008665511265164572
2023-09-19,1155,1158,1111,1144,296793,-0.00952380952380949
2023-09-20,1137,1144,1123,1136,242912,-0.006993006993006978
2023-09-21,1120,1121,1095,1102,310344,-0.029929577464788748
2023-09-22,1085,1139,1085,1107,212696,0.00453720508166966
2023-09-25,1107,1108,1065,1077,288776,-0.027100271002710064
2023-09-26,1090,1090,1039,1040,340603,-0.03435468895078919
2023-09-27,1036,1061,1010,1054,215518,0.013461538461538414
2023-10-04,1050,1054,997,1004,289027,-0.04743833017077803
2023-10-05,1004,1016,991,1000,172938,-0.003984063745019917
2023-10-06,981,1019,981,1017,143803,0.016999999999999904
2023-10-10,1008,1034,1002,1014,271033,-0.002949852507374673
2023-10-11,1008,1027,1008,1027,145899,0.012820512820512775
2023-10-12,1028,1052,1028,1040,124685,0.012658227848101333
2023-10-13,1027,1040,1011,1012,216221,-0.02692307692307694
2023-10-16,1012,1012,990,1001,169090,-0.010869565217391353
2023-10-17,998,1018,997,1006,115446,0.004995004995004937
2023-10-18,1006,1006,987,990,172121,-0.015904572564612307
2023-10-19,960,980,951,962,285229,-0.028282828282828243
2023-10-20,956,956,924,931,282118,-0.032224532224532254
2023-10-23,929,929,905,913,233918,-0.01933404940923733
2023-10-24,913,929,896,928,125229,0.016429353778751432
2023-10-25,928,934,906,920,103141,-0.008620689655172376
2023-10-26,905,917,880,881,176960,-0.04239130434782612
2023-10-27,881,900,875,900,90823,0.02156640181611813
2023-10-30,900,910,895,910,72297,0.011111111111111072
2023-10-31,938,938,894,900,124483,-0.01098901098901095
2023-11-01,892,918,892,910,59375,0.011111111111111072
2023-11-02,920,947,913,939,133082,0.03186813186813198
2023-11-03,940,957,924,951,98172,0.012779552715654896
2023-11-06,946,963,940,948,85144,-0.003154574132492094
2023-11-07,948,969,925,939,103341,-0.009493670886076
2023-11-08,939,945,933,940,23071,0.0010649627263046302
2023-11-09,940,950,927,935,54488,-0.005319148936170248
2023-11-10,935,935,909,935,55722,0.0
2023-11-13,935,935,902,910,72327,-0.0267379679144385
2023-11-14,902,920,902,913,48089,0.003296703296703285
2023-11-15,913,920,906,913,77341,0.0
2023-11-16,922,976,909,920,161759,0.00766703176341732
2023-11-17,920,1011,902,965,1219474,0.048913043478260976
2023-11-20,1000,1015,940,974,823067,0.00932642487046631
2023-11-21,963,999,951,984,151818,0.010266940451745477
2023-11-22,985,990,964,982,155074,-0.002032520325203291
2023-11-23,972,987,936,936,124734,-0.046843177189409335
2023-11-24,954,965,936,945,97905,0.009615384615384581
2023-11-27,945,949,928,930,89099,-0.015873015873015928
2023-11-28,935,943,916,936,56482,0.006451612903225712
2023-11-29,948,948,915,930,94924,-0.0064102564102563875
2023-11-30,932,933,918,929,29270,-0.0010752688172043223
2023-12-01,929,929,916,927,44169,-0.0021528525296017342
2023-12-04,903,925,903,920,74078,-0.007551240560949246
2023-12-05,902,935,902,933,92635,0.01413043478260878
2023-12-06,920,1086,918,932,2728044,-0.001071811361200381
2023-12-07,933,1066,922,973,6447054,0.04399141630901293
2023-12-08,974,981,951,966,441055,-0.007194244604316502
2023-12-11,990,991,966,968,263715,0.0020703933747412417
2023-12-12,954,975,950,962,189645,-0.006198347107438051
2023-12-13,970,970,941,955,120894,-0.007276507276507305
2023-12-14,959,980,940,942,155526,-0.013612565445026203
2023-12-15,943,949,932,947,151441,0.005307855626327074
2023-12-18,948,948,930,940,128363,-0.007391763463569179
2023-12-19,931,950,929,940,69885,0.0
2023-12-20,932,941,930,932,104109,-0.008510638297872353
2023-12-21,930,933,920,933,175327,0.0010729613733906351
2023-12-22,935,936,922,931,130970,-0.002143622722400873
2023-12-26,926,950,918,930,213175,-0.0010741138560687036
2023-12-27,930,938,915,916,225396,-0.01505376344086018
2023-12-28,925,925,911,915,108602,-0.0010917030567685337
2024-01-02,924,949,920,948,141725,0.0360655737704918
2024-01-03,948,972,936,942,107649,-0.006329113924050667
2024-01-04,944,944,927,932,82453,-0.010615711252653925
2024-01-05,932,942,919,927,132954,-0.005364806866952843
2024-01-08,942,956,925,945,172254,0.01941747572815533
2024-01-09,969,969,936,945,88026,0.0
2024-01-10,945,951,928,937,74634,-0.00846560846560851
2024-01-11,932,945,926,940,94215,0.0032017075773747017
2024-01-12,940,943,925,934,105833,-0.006382978723404209
2024-01-15,934,939,927,927,60151,-0.00749464668094213
2024-01-16,939,939,922,924,87363,-0.003236245954692518
2024-01-17,914,922,908,918,137579,-0.00649350649350644
2024-01-18,918,927,909,927,142234,0.009803921568627416
2024-01-19,927,931,914,928,47812,0.0010787486515642097
2024-01-22,930,931,906,909,90120,-0.020474137931034475
2024-01-23,914,916,907,910,189201,0.0011001100110010764
2024-01-24,906,925,905,911,54085,0.001098901098901095
2024-01-25,903,917,893,906,118798,-0.005488474204171201
2024-01-26,906,913,893,912,100924,0.0066225165562914245
2024-01-29,914,915,895,901,111178,-0.01206140350877194
2024-01-30,901,910,890,891,179666,-0.011098779134295245
2024-01-31,888,898,883,885,91296,-0.006734006734006703
2024-02-01,880,903,876,900,90425,0.016949152542372836
2024-02-02,893,909,893,903,39190,0.0033333333333334103
2024-02-05,916,916,884,894,83611,-0.009966777408637828
2024-02-06,902,902,878,891,101498,-0.003355704697986628
2024-02-07,890,890,879,884,83906,-0.007856341189674487
2024-02-08,884,892,880,885,37079,0.0011312217194570096
2024-02-13,890,899,883,899,47904,0.01581920903954792
2024-02-14,898,899,888,898,40166,-0.0011123470522803602
2024-02-15,899,925,894,920,188812,0.024498886414253906
2024-02-16,928,935,870,929,247590,0.009782608695652284
2024-02-19,927,945,903,914,150034,-0.016146393972012896
2024-02-20,919,919,900,910,83122,-0.004376367614879695
2024-02-21,911,911,885,889,142011,-0.023076923076923106
2024-02-22,880,899,879,885,266637,-0.004499437570303688
2024-02-23,885,887,875,882,84170,-0.003389830508474523
2024-02-26,880,891,873,886,98834,0.0045351473922903285
2024-02-27,886,889,874,885,95939,-0.0011286681715575453
2024-02-28,877,891,875,880,37412,-0.005649717514124242
2024-02-29,880,884,870,876,150510,-0.004545454545454519
2024-03-04,876,876,860,861,242841,-0.017123287671232834
2024-03-05,855,863,812,835,274518,-0.030197444831591147
2024-03-06,835,852,830,849,78100,0.016766467065868262
2024-03-07,856,1059,848,924,10333018,0.08833922261484095
2024-03-08,920,936,881,887,971170,-0.04004329004328999
2024-03-11,887,887,870,873,309950,-0.015783540022547893
2024-03-12,870,876,841,871,411804,-0.002290950744558984
2024-03-13,871,878,851,865,194847,-0.006888633754305373
2024-03-14,865,877,859,874,179520,0.010404624277456698
2024-03-15,874,884,867,878,173447,0.004576659038901587
2024-03-18,879,899,879,892,127135,0.015945330296127658
2024-03-19,892,895,876,887,165023,-0.005605381165919243
2024-03-20,880,897,876,885,96121,-0.0022547914317925244
2024-03-21,893,893,870,878,144282,-0.00790960451977396
2024-03-22,885,885,865,874,118680,-0.004555808656036442
2024-03-25,878,878,859,868,117727,-0.006864988558352381
2024-03-26,864,871,860,865,90119,-0.003456221198156695
2024-03-27,865,878,865,865,109440,0.0
2024-03-28,865,875,861,862,51296,-0.003468208092485603
2024-03-29,862,870,858,862,63314,0.0
2024-04-01,863,869,854,860,112211,-0.002320185614849146
2024-04-02,860,862,853,859,86151,-0.0011627906976744429
2024-04-03,850,855,841,850,124898,-0.010477299185098987
2024-04-04,850,850,837,844,109765,-0.007058823529411784
2024-04-05,833,841,821,837,105338,-0.008293838862559189
2024-04-08,837,837,815,820,119103,-0.020310633213859064
2024-04-09,830,830,815,822,69458,0.0024390243902439046
2024-04-11,817,828,810,815,76086,-0.008515815085158196
2024-04-12,815,824,795,802,183425,-0.015950920245398792
2024-04-15,801,801,783,790,86116,-0.014962593516209433
2024-04-16,786,800,771,784,132561,-0.0075949367088608
2024-04-17,791,791,744,780,34375,-0.005102040816326481
2024-04-18,784,793,769,780,41337,0.0
2024-04-19,778,778,761,762,83145,-0.023076923076923106
2024-04-22,762,769,744,760,97275,-0.002624671916010457
2024-04-23,759,781,745,754,90031,-0.007894736842105288
2024-04-24,768,773,754,764,59920,0.013262599469495928
2024-04-25,752,770,750,762,42792,-0.002617801047120394
2024-04-26,762,779,752,760,87054,-0.002624671916010457
2024-04-29,765,778,765,776,43875,0.021052631578947434
2024-04-30,778,789,775,787,86616,0.014175257731958713
2024-05-02,781,794,781,791,49466,0.0050825921219821435
2024-05-03,790,793,779,782,72894,-0.011378002528445008
2024-05-07,786,787,779,787,45837,0.006393861892583175
2024-05-08,790,790,769,769,62744,-0.02287166454891998
2024-05-09,775,795,765,787,110976,0.023407022106632036
2024-05-10,792,872,789,847,822129,0.07623888182973326
2024-05-13,847,848,820,829,115561,-0.02125147579693032
2024-05-14,829,829,810,821,102213,-0.00965018094089265
2024-05-16,835,837,813,820,104799,-0.0012180267965895553
2024-05-17,820,862,816,841,258806,0.025609756097561
2024-05-20,860,894,832,855,582324,0.016646848989298357
2024-05-21,879,879,840,861,73718,0.007017543859649145
2024-05-22,891,891,848,856,73578,-0.005807200929152101
2024-05-23,880,880,855,880,133693,0.028037383177569986
2024-05-24,878,878,860,872,79994,-0.009090909090909038
2024-05-27,873,873,857,865,74188,-0.008027522935779796
2024-05-28,865,870,859,864,55756,-0.0011560693641619046
2024-05-29,864,875,861,864,50664,0.0
2024-05-30,864,865,852,855,55629,-0.01041666666666663
2024-05-31,870,885,858,880,145400,0.029239766081871288
2024-06-03,880,888,862,879,71848,-0.001136363636363602
2024-06-04,865,879,865,871,71822,-0.009101251422070522
2024-06-05,872,878,865,876,56140,0.00574052812858783
2024-06-07,877,882,874,878,72002,0.0022831050228311334
2024-06-10,877,878,867,872,41262,-0.006833712984054663
2024-06-11,864,882,864,882,117163,0.011467889908256979
2024-06-12,880,900,880,899,180613,0.01927437641723362
2024-06-13,900,911,885,900,129990,0.0011123470522802492
2024-06-14,900,906,895,906,104406,0.006666666666666599
2024-06-17,909,951,906,915,223640,0.009933774834437026
2024-06-18,918,935,899,903,178844,-0.013114754098360604
2024-06-19,906,906,893,894,102025,-0.009966777408637828
2024-06-20,894,929,894,925,83320,0.034675615212528044
2024-06-21,925,945,870,916,158983,-0.009729729729729741
2024-06-24,916,929,886,906,98645,-0.01091703056768556
2024-06-25,898,925,898,918,140481,0.013245033112582849
2024-06-26,909,930,900,905,103502,-0.014161220043573008
2024-06-27,910,913,897,901,67341,-0.0044198895027623974
2024-06-28,901,968,901,922,288470,0.023307436182020025
2024-07-01,928,934,908,928,196217,0.006507592190889477
2024-07-02,920,927,904,904,163785,-0.025862068965517238
2024-07-03,904,994,862,884,1279222,-0.02212389380530977
2024-07-04,884,916,884,909,120255,0.02828054298642524
2024-07-05,893,905,891,899,72277,-0.011001100110010986
2024-07-08,900,901,882,888,117406,-0.012235817575083408
2024-07-09,891,892,869,876,103962,-0.013513513513513487
2024-07-10,876,876,852,852,115416,-0.0273972602739726
2024-07-11,853,862,846,859,48689,0.008215962441314506
2024-07-12,859,915,851,892,118568,0.038416763678696064
2024-07-15,892,892,876,877,70696,-0.01681614349775784
2024-07-16,877,920,859,889,297819,0.0136830102622576
2024-07-17,888,913,885,894,225546,0.0056242969628796935
2024-07-18,900,900,871,883,48302,-0.01230425055928408
2024-07-19,875,883,864,881,112038,-0.0022650056625141968
2024-07-22,880,880,860,861,97073,-0.022701475595913734
2024-07-23,861,870,852,862,95456,0.0011614401858304202
2024-07-24,862,866,858,862,64638,0.0
2024-07-25,862,870,850,860,80371,-0.002320185614849146
2024-07-26,850,883,850,869,55253,0.010465116279069875
2024-07-29,869,882,865,870,96519,0.0011507479861909697
2024-07-30,870,910,865,878,60359,0.009195402298850519
2024-07-31,880,880,867,873,28567,-0.005694760820045608
2024-08-01,874,880,867,873,30938,0.0
2024-08-02,873,878,851,868,57914,-0.00572737686139746
2024-08-05,835,867,795,797,217488,-0.08179723502304148
2024-08-06,749,816,749,802,353044,0.006273525721455453
2024-08-07,798,834,798,812,67084,0.012468827930174564
2024-08-08,808,811,797,806,20402,-0.007389162561576401
2024-08-09,801,849,800,824,65434,0.022332506203474045
2024-08-12,824,845,816,829,89747,0.0060679611650484855
2024-08-13,829,832,816,817,54313,-0.014475271411338975
2024-08-14,820,828,807,818,59173,0.001223990208078396
2024-08-16,818,820,806,814,83705,-0.004889975550122272
2024-08-19,814,820,796,807,70698,-0.008599508599508643
2024-08-20,803,811,800,807,102302,0.0
2024-08-21,800,805,796,797,36772,-0.012391573729863659
2024-08-22,797,801,789,794,54263,-0.0037641154328732496
2024-08-23,787,790,779,789,88694,-0.006297229219143552
2024-08-26,788,796,771,782,50700,-0.008871989860583018
2024-08-27,782,785,766,781,56589,-0.0012787723785165905
2024-08-28,776,787,776,784,23498,0.003841229193341844
2024-08-29,784,787,770,782,33132,-0.0025510204081632404
2024-08-30,784,786,770,778,29705,-0.005115089514066473
2024-09-02,786,786,773,778,48311,0.0
2024-09-03,777,782,773,775,36955,-0.003856041131105381
2024-09-04,760,767,750,759,79419,-0.020645161290322567
2024-09-05,753,771,750,754,38150,-0.006587615283267456
2024-09-06,754,758,741,741,46192,-0.017241379310344862
2024-09-09,741,744,720,741,63565,0.0
2024-09-10,741,815,740,752,174449,0.014844804318488558
2024-09-11,751,753,739,744,54770,-0.010638297872340385
2024-09-12,744,765,730,765,69389,0.02822580645161299
2024-09-13,763,766,748,760,32871,-0.006535947712418277
2024-09-19,760,760,745,752,50318,-0.010526315789473717
2024-09-20,752,761,752,755,38986,0.003989361702127603
2024-09-23,755,760,740,745,46915,-0.013245033112582738
2024-09-24,745,755,745,750,40082,0.006711409395973256
2024-09-25,749,751,741,749,34216,-0.0013333333333332975
2024-09-26,750,760,745,755,63234,0.008010680907877266
2024-09-27,756,770,753,759,36095,0.005298013245033095
2024-09-30,759,764,754,762,41813,0.0039525691699604515
2024-10-02,762,764,751,764,44095,0.002624671916010568
2024-10-04,764,780,760,774,34334,0.01308900523560208
2024-10-07,766,778,766,777,26997,0.003875968992248069
2024-10-08,780,780,767,770,26993,-0.009009009009009028
2024-10-10,770,775,762,766,32462,-0.0051948051948051965
2024-10-11,766,775,755,775,79789,0.011749347258485532
2024-10-14,774,930,765,791,2581377,0.020645161290322678
2024-10-15,791,791,773,778,195583,-0.01643489254108721
2024-10-16,778,782,762,769,81962,-0.011568123393316143
2024-10-17,770,781,767,772,50953,0.0039011703511053764
2024-10-18,770,774,763,774,37091,0.002590673575129543
2024-10-21,772,803,772,797,62092,0.029715762273901714
2024-10-22,785,863,785,829,512212,0.04015056461731503
2024-10-23,829,843,787,821,138215,-0.00965018094089265
2024-10-24,820,826,812,817,44853,-0.00487210718635811
2024-10-25,808,819,780,800,121944,-0.020807833537331732
2024-10-28,800,800,770,800,62032,0.0
2024-10-29,800,807,791,799,34741,-0.0012499999999999734
2024-10-30,791,796,767,776,100203,-0.028785982478097605
2024-10-31,775,810,771,797,118354,0.027061855670102997
2024-11-01,797,808,786,799,55970,0.0025094102885820924
2024-11-04,799,799,785,797,37246,-0.0025031289111389077
2024-11-05,797,805,780,797,75329,0.0
2024-11-06,792,800,780,790,46326,-0.008782936010037656
2024-11-07,790,790,770,774,40489,-0.020253164556962022
2024-11-08,774,797,763,787,74676,0.01679586563307489
2024-11-11,792,818,765,802,122206,0.019059720457433205
2024-11-12,802,802,773,779,88313,-0.028678304239401542
2024-11-13,773,776,751,760,120752,-0.024390243902439046
2024-11-14,762,769,742,760,76224,0.0
2024-11-15,760,783,738,762,156782,0.002631578947368318
2024-11-18,763,767,751,753,91255,-0.011811023622047223
2024-11-19,757,762,752,760,50817,0.009296148738379806
2024-11-20,760,775,760,767,56218,0.009210526315789558
2024-11-21,762,773,758,767,26220,0.0
2024-11-22,767,774,750,770,56657,0.003911342894393766
2024-11-25,784,784,763,766,65641,-0.0051948051948051965
2024-11-26,766,774,756,760,34802,-0.007832898172323799
2024-11-27,760,767,757,760,65785,0.0
2024-11-28,762,769,753,768,36317,0.010526315789473717
2024-11-29,768,778,757,757,32603,-0.01432291666666663
2024-12-02,757,762,747,748,115207,-0.011889035667106973
2024-12-03,752,763,747,748,64741,0.0
2024-12-04,721,757,719,740,98962,-0.010695187165775444
2024-12-05,740,813,738,744,243736,0.00540540540540535
2024-12-06,760,760,655,699,467989,-0.06048387096774188
2024-12-09,697,703,637,672,230912,-0.03862660944206009
2024-12-10,670,707,669,688,111269,0.023809523809523725
2024-12-11,689,742,689,715,180518,0.03924418604651159
2024-12-12,740,767,724,734,290760,0.02657342657342654
2024-12-13,734,755,720,735,84174,0.0013623978201635634
2024-12-16,740,760,736,738,72674,0.004081632653061273
2024-12-17,738,750,733,744,80062,0.008130081300812941
2024-12-18,741,761,739,756,199179,0.016129032258064502
2024-12-19,763,799,743,797,294889,0.05423280423280419
2024-12-20,802,900,798,812,1772700,0.01882057716436636
2024-12-23,839,840,797,797,191794,-0.018472906403940836
2024-12-24,785,797,768,776,146018,-0.02634880803011297
2024-12-26,776,776,755,766,148756,-0.012886597938144284
2024-12-27,766,873,766,823,2336926,0.0744125326370757
2024-12-30,828,1065,824,1026,15204719,0.24665856622114224
2025-01-02,1030,1333,987,1227,22912477,0.19590643274853803
2025-01-03,1227,1300,1195,1236,8849025,0.007334963325183352
2025-01-06,1262,1399,1262,1282,2746985,0.03721682847896446
2025-01-07,1245,1302,1203,1302,1903291,0.015600624024961096
2025-01-08,1200,1395,1200,1360,2545467,0.044546850998463894
2025-01-09,1191,1288,1130,1160,4679957,-0.1470588235294118
2025-01-10,1161,1202,1142,1164,2096030,0.0034482758620688614
2025-01-13,1164,1164,1035,1044,2147496,-0.1030927835051546
2025-01-14,1029,1029,988,1011,1441781,-0.031609195402298895
2025-01-15,1040,1314,993,1314,17194301,0.2997032640949555
2025-01-16,1430,1530,1200,1254,20414923,-0.045662100456621
2025-01-17,1265,1286,1166,1243,5021262,-0.00877192982456143
2025-01-20,1208,1224,1170,1204,1859706,-0.03137570394207567
2025-01-21,1191,1228,1140,1140,1599027,-0.05315614617940201
2025-01-22,1211,1332,1145,1158,5745338,0.015789473684210575
2025-01-23,1120,1146,1065,1072,1944885,-0.07426597582037997
2025-01-24,1060,1067,1022,1032,1250402,-0.03731343283582089
2025-01-31,1043,1077,1010,1058,936647,0.025193798449612448
2025-02-03,1020,1020,938,953,1454221,-0.09924385633270316
2025-02-04,970,1238,961,1238,10008925,0.29905561385099677
2025-02-05,1276,1309,1180,1190,8113068,-0.03877221324717284
2025-02-06,1190,1204,1156,1173,1918132,-0.014285714285714235
2025-02-07,1177,1180,1125,1140,1174338,-0.02813299232736577
2025-02-10,1148,1148,1111,1119,897920,-0.018421052631578894
2025-02-11,1165,1183,1083,1085,1590938,-0.030384271671134888
2025-02-12,1068,1096,1050,1058,783809,-0.02488479262672816
2025-02-13,1058,1084,1045,1069,560769,0.010396975425330801
2025-02-14,1069,1164,1037,1102,1667935,0.030869971936389184
2025-02-17,1110,1120,1069,1072,709728,-0.02722323049001818
2025-02-18,1072,1099,1057,1091,510522,0.017723880597015018
2025-02-19,1081,1090,1061,1077,391390,-0.012832263978001857
2025-02-20,1110,1136,1050,1050,992222,-0.02506963788300831
2025-02-21,1059,1070,1045,1065,485606,0.014285714285714235
2025-02-24,1058,1088,1039,1080,546965,0.014084507042253502
2025-02-25,1075,1100,1048,1053,660745,-0.025000000000000022
2025-02-26,1043,1044,1010,1040,725638,-0.012345679012345734
2025-02-27,1039,1048,1009,1015,441185,-0.024038461538461564
2025-02-28,999,1015,996,1000,528561,-0.014778325123152691
2025-03-04,998,1050,994,1023,632038,0.02299999999999991
2025-03-05,1022,1069,1005,1019,628446,-0.003910068426197455
2025-03-06,1017,1115,1002,1050,2604004,0.0304219823356231
2025-03-07,1030,1043,1007,1011,693500,-0.037142857142857144
2025-03-10,1011,1033,1001,1022,380744,0.010880316518298683
2025-03-11,982,1010,980,1004,520306,-0.017612524461839585
2025-03-12,1007,1043,1003,1006,279941,0.0019920318725099584
2025-03-13,1038,1112,997,1003,3871611,-0.0029821073558647937
2025-03-14,995,1035,995,1015,492739,0.011964107676968982
2025-03-17,1033,1090,1023,1074,1670862,0.058128078817734075
2025-03-18,1075,1090,1048,1057,573161,-0.01582867783985098
2025-03-19,1073,1073,1030,1040,511570,-0.016083254493850507
2025-03-20,1030,1046,995,1005,840905,-0.033653846153846145
2025-03-21,1000,1011,960,960,586820,-0.04477611940298509
2025-03-24,961,994,961,972,277376,0.012499999999999956
2025-03-25,1014,1014,971,973,278404,0.0010288065843622185
2025-03-26,973,980,954,961,325403,-0.012332990750256956
2025-03-27,961,961,927,931,566736,-0.031217481789802326
2025-03-28,934,934,896,902,452546,-0.031149301825993514
2025-03-31,902,902,812,861,577735,-0.045454545454545414
2025-04-01,912,912,862,883,303800,0.025551684088269466
2025-04-02,897,897,864,873,230994,-0.011325028312570762
2025-04-03,864,877,840,868,191865,-0.00572737686139746
2025-04-04,859,876,832,869,293668,0.0011520737327188613
2025-04-07,850,850,813,830,297665,-0.04487917146144993
2025-04-08,847,853,804,806,348062,-0.028915662650602414
2025-04-09,821,821,771,806,305945,0.0
2025-04-10,855,860,830,853,296787,0.058312655086848686
2025-04-11,840,876,837,868,333461,0.017584994138335253
2025-04-14,876,900,868,890,307664,0.025345622119815614
2025-04-15,880,908,872,902,211388,0.01348314606741563
2025-04-16,902,908,882,883,272974,-0.02106430155210648
2025-04-17,889,897,875,894,128906,0.01245753114382775
2025-04-18,895,904,880,897,204855,0.003355704697986628
2025-04-21,897,953,894,930,831923,0.03678929765886285
2025-04-22,1049,1050,882,889,3369982,-0.04408602150537633
2025-04-23,904,915,883,887,436295,-0.0022497187851518996
2025-04-24,888,898,880,898,381587,0.012401352874858995
2025-04-25,898,906,888,900,207250,0.00222717149220486
2025-04-28,900,935,890,890,453002,-0.011111111111111072
2025-04-29,890,915,884,888,277350,-0.0022471910112359383
2025-04-30,890,894,820,863,307642,-0.028153153153153143
2025-05-02,864,892,842,867,126326,0.004634994206257348
2025-05-07,867,887,866,886,187559,0.021914648212226107
2025-05-08,886,898,880,896,171302,0.011286681715575675
2025-05-09,919,919,880,880,215692,-0.017857142857142905
2025-05-12,897,905,874,897,226382,0.01931818181818179
2025-05-13,901,906,891,897,112079,0.0
2025-05-14,900,903,894,900,145066,0.0033444816053511683
2025-05-15,894,900,875,884,242679,-0.01777777777777778
2025-05-16,883,883,800,815,486146,-0.07805429864253388
2025-05-19,823,845,813,817,255453,0.0024539877300613355
2025-05-20,825,835,817,828,73078,0.01346389228886169
2025-05-21,832,850,790,816,305322,-0.01449275362318836
2025-05-22,815,817,795,802,202812,-0.01715686274509809
2025-05-23,811,842,807,821,175677,0.023690773067331694
2025-05-26,822,824,805,811,146027,-0.01218026796589522
2025-05-27,826,826,805,813,81048,0.002466091245376001
2025-05-28,816,819,807,810,85791,-0.0036900369003689537
2025-05-29,810,819,806,818,82700,0.009876543209876631
2025-05-30,813,826,808,822,107385,0.004889975550122161
2025-06-02,822,825,804,810,119726,-0.014598540145985384
2025-06-04,812,821,807,809,108751,-0.0012345679012345512
2025-06-05,809,819,805,812,104333,0.003708281829418958
2025-06-09,812,824,807,811,139409,-0.0012315270935960854
2025-06-10,816,816,797,797,329681,-0.01726263871763256
2025-06-11,798,809,752,785,498483,-0.01505646173149311
2025-06-12,787,817,787,801,293044,0.020382165605095537
2025-06-13,816,816,785,792,247883,-0.011235955056179803
2025-06-16,792,794,780,792,133230,0.0
2025-06-17,786,808,786,792,160626,0.0
2025-06-18,792,800,782,786,126338,-0.007575757575757569
2025-06-19,786,793,782,789,126365,0.003816793893129722
2025-06-20,789,792,780,784,55182,-0.006337135614702172
2025-06-23,784,875,769,832,1940332,0.061224489795918435
2025-06-24,832,839,802,819,265890,-0.015625
2025-06-25,819,900,801,810,1892455,-0.01098901098901095
2025-06-26,828,857,809,850,974440,0.04938271604938271
2025-06-27,845,850,830,834,276458,-0.018823529411764683
2025-06-30,834,870,834,844,228551,0.011990407673860837
2025-07-01,856,863,835,845,236479,0.0011848341232227888
2025-07-02,844,844,815,823,110461,-0.026035502958579926
2025-07-03,824,838,814,826,147211,0.0036452004860267895
2025-07-04,819,826,811,817,151731,-0.010895883777239712
2025-07-07,814,833,810,818,116586,0.001223990208078396
2025-07-08,818,820,805,807,153900,-0.01344743276283622
2025-07-09,806,820,802,802,126266,-0.006195786864931829
2025-07-10,801,809,798,801,108992,-0.0012468827930174342
2025-07-11,801,815,798,804,107335,0.0037453183520599342
2025-07-14,803,818,799,800,87367,-0.00497512437810943
2025-07-15,805,849,801,825,364804,0.03125
2025-07-16,825,825,808,813,79898,-0.014545454545454528
2025-07-17,825,837,810,815,265523,0.002460024600245969
2025-07-18,817,845,813,828,350589,0.01595092024539868
2025-07-21,828,834,819,826,118777,-0.0024154589371980784
2025-07-22,825,835,812,820,95056,-0.007263922518159771
2025-07-23,806,824,806,809,99355,-0.013414634146341475
2025-07-24,809,818,800,801,123970,-0.00988875154511748
2025-07-25,816,816,790,799,97769,-0.0024968789013732895
2025-07-28,793,805,785,794,140534,-0.006257822277847325
2025-07-29,793,799,780,782,113001,-0.015113350125944613
2025-07-30,789,794,778,781,130442,-0.0012787723785165905
2025-07-31,781,788,777,781,78106,0.0
2025-08-01,803,803,756,762,199652,-0.02432778489116516
2025-08-04,767,796,762,783,75090,0.027559055118110187
2025-08-05,783,794,775,791,85819,0.010217113665389466
2025-08-06,791,800,783,792,72056,0.0012642225031604948
2025-08-07,794,801,782,790,64069,-0.002525252525252486
2025-08-08,792,795,783,787,44100,-0.0037974683544304
2025-08-11,788,793,779,780,60674,-0.008894536213468918
2025-08-12,788,789,774,779,73721,-0.0012820512820512775
2025-08-13,779,844,777,817,370337,0.04878048780487809
2025-08-14,816,902,816,887,2716076,0.0856793145654835
2025-08-18,945,990,901,913,3056899,0.02931228861330326
2025-08-19,907,964,890,932,1252784,0.020810514786418377
2025-08-20,932,970,903,941,1103824,0.00965665236051505
2025-08-21,941,953,920,921,444998,-0.02125398512221044
2025-08-22,912,921,876,884,807751,-0.04017372421281218
2025-08-25,884,885,856,884,566262,0.0
2025-08-26,869,917,869,906,345371,0.02488687782805421
2025-08-27,906,906,875,881,282691,-0.02759381898454749
2025-08-28,882,886,867,880,106712,-0.0011350737797957144
2025-08-29,878,890,873,880,145420,0.0
2025-09-01,888,888,871,887,191866,0.007954545454545547
2025-09-02,887,928,878,912,271172,0.028184892897406888
2025-09-03,918,918,905,916,146792,0.004385964912280604
2025-09-04,914,922,909,915,158165,-0.0010917030567685337
2025-09-05,915,920,898,913,286281,-0.002185792349726823
2025-09-08,913,918,907,912,119792,-0.0010952902519167917
2025-09-09,910,919,904,912,105800,0.0
2025-09-10,918,930,910,930,272238,0.019736842105263053
2025-09-11,928,930,915,918,160975,-0.012903225806451646
2025-09-12,919,920,892,899,382958,-0.020697167755991286
2025-09-15,899,900,826,868,536409,-0.03448275862068961
2025-09-16,868,877,853,869,176027,0.0011520737327188613
2025-09-17,876,876,854,854,211295,-0.017261219792865323
2025-09-18,854,1026,854,967,8442741,0.13231850117096022
2025-09-19,969,970,900,914,1355801,-0.054808686659772454
2025-09-22,924,995,920,921,891674,0.007658643326039494
2025-09-23,920,939,911,926,336198,0.005428881650380024
2025-09-24,927,940,912,929,338437,0.003239740820734305
2025-09-25,939,939,909,932,262515,0.0032292787944026013
2025-09-26,924,930,895,906,333015,-0.027896995708154515
2025-09-29,904,932,904,930,347120,0.026490066225165476
2025-09-30,953,953,894,917,580331,-0.013978494623655968
2025-10-01,913,932,896,917,277999,0.0
2025-10-02,927,928,910,923,246958,0.0065430752453652374
2025-10-10,926,975,920,944,478741,0.02275189599133265
2025-10-13,920,940,910,927,245383,-0.018008474576271194
2025-10-14,952,1044,927,962,6112615,0.03775620280474645
2025-10-15,948,964,910,923,827795,-0.04054054054054057
2025-10-16,925,928,905,908,425031,-0.01625135427952329
2025-10-17,900,910,881,883,459207,-0.02753303964757714
2025-10-20,883,899,874,880,233679,-0.003397508493771184
2025-10-21,881,892,876,881,369223,0.001136363636363713
2025-10-22,880,887,868,881,290526,0.0
2025-10-23,881,917,869,885,519319,0.004540295119182858
2025-10-24,885,895,865,880,365239,-0.005649717514124242
2025-10-27,880,898,871,876,212998,-0.004545454545454519
2025-10-28,877,884,862,868,244436,-0.0091324200913242
2025-10-29,868,886,852,856,175856,-0.01382488479262678
2025-10-30,855,857,825,831,325591,-0.029205607476635476
2025-10-31,831,839,820,832,122734,0.001203369434416457
2025-11-03,835,835,817,822,160429,-0.012019230769230727
2025-11-04,822,828,805,817,118642,-0.006082725060827299
2025-11-05,816,823,790,807,306853,-0.012239902080783405
2025-11-06,803,828,803,819,127479,0.014869888475836479
2025-11-07,808,820,797,814,318076,-0.006105006105006083
2025-11-10,814,840,806,830,112723,0.019656019656019597
2025-11-11,830,844,816,826,79595,-0.004819277108433773
2025-11-12,837,846,811,844,157120,0.021791767554479424
2025-11-13,853,854,835,844,90261,0.0
2025-11-14,840,840,812,829,182831,-0.017772511848341277
2025-11-17,834,893,806,842,500578,0.01568154402895061
2025-11-18,841,846,810,839,159693,-0.0035629453681710332
2025-11-19,837,844,812,831,125243,-0.009535160905840279
2025-11-20,831,845,820,828,107965,-0.0036101083032491488
2025-11-21,815,819,799,805,156357,-0.02777777777777779
2025-11-24,800,812,800,801,109620,-0.004968944099378869
2025-11-25,803,819,795,801,96039,0.0
2025-11-26,800,816,792,804,205333,0.0037453183520599342
2025-11-27,804,822,804,808,164790,0.004975124378109541
2025-11-28,802,814,800,810,100141,0.0024752475247524774
2025-12-01,810,819,807,807,182352,-0.0037037037037036535
2025-12-02,807,820,806,816,93331,0.011152416356877248
2025-12-03,827,827,809,817,67277,0.001225490196078427
2025-12-04,819,820,810,811,54793,-0.007343941248470043
2025-12-05,815,838,805,826,146557,0.018495684340320562
2025-12-08,825,830,813,815,127472,-0.013317191283293006
2025-12-09,811,823,805,820,67842,0.006134969325153339
2025-12-10,817,835,812,828,75924,0.009756097560975618
2025-12-11,828,838,820,836,136489,0.009661835748792313
