Date,Open,High,Low,Close,Volume,Change
2022-01-03,2185,2200,2120,2190,140712,0.0022883295194509046
2022-01-04,2190,2205,2100,2120,95080,-0.03196347031963476
2022-01-05,2140,2140,2070,2100,110963,-0.009433962264150941
2022-01-06,2095,2135,2010,2095,159038,-0.0023809523809523725
2022-01-07,2095,2140,2070,2095,171923,0.0
2022-01-10,2095,2095,2010,2080,118065,-0.007159904534606243
2022-01-11,2055,2060,1965,1970,174201,-0.05288461538461542
2022-01-12,1980,2080,1930,2045,122858,0.038071065989847774
2022-01-13,2100,2100,1980,2050,97705,0.0024449877750611915
2022-01-14,1995,2055,1970,2050,165613,0.0
2022-01-17,2050,2150,2005,2135,314255,0.04146341463414638
2022-01-18,2150,2150,2050,2110,144464,-0.011709601873536313
2022-01-19,2055,2140,2055,2100,111454,-0.004739336492891044
2022-01-20,2100,2190,2090,2165,166712,0.030952380952380842
2022-01-21,2170,2210,2115,2150,256364,-0.006928406466512715
2022-01-24,2145,2160,2090,2135,162002,-0.006976744186046546
2022-01-25,2160,2210,2045,2070,294477,-0.030444964871194413
2022-01-26,2070,2120,2055,2070,108339,0.0
2022-01-27,2070,2115,2000,2020,177136,-0.024154589371980673
2022-01-28,2030,2095,2025,2085,218218,0.03217821782178221
2022-02-03,2085,2205,2085,2195,570278,0.052757793764987904
2022-02-04,2190,2210,2170,2195,171251,0.0
2022-02-07,2245,2245,2175,2195,178880,0.0
2022-02-08,2220,2285,2205,2235,369678,0.018223234624145768
2022-02-09,2235,2275,2185,2205,116599,-0.01342281879194629
2022-02-10,2220,2220,2095,2170,233905,-0.015873015873015928
2022-02-11,2165,2195,2100,2170,171659,0.0
2022-02-14,2165,2380,2140,2200,483972,0.01382488479262678
2022-02-15,2210,2215,2050,2065,303236,-0.0613636363636364
2022-02-16,2110,2160,2060,2065,123285,0.0
2022-02-17,2100,2135,2025,2070,227241,0.002421307506053294
2022-02-18,2070,2080,2030,2070,102429,0.0
2022-02-21,2005,2050,1970,1995,223260,-0.036231884057971064
2022-02-22,1990,2000,1930,1960,141329,-0.01754385964912286
2022-02-23,1960,2040,1925,2035,119520,0.03826530612244894
2022-02-24,2025,2025,1920,1945,139639,-0.04422604422604426
2022-02-25,1950,2020,1945,2005,153893,0.03084832904884327
2022-02-28,2000,2050,1980,2005,92598,0.0
2022-03-02,2005,2040,1960,2020,187110,0.007481296758104827
2022-03-03,2050,2150,2020,2105,260244,0.04207920792079212
2022-03-04,2150,2150,2090,2135,188041,0.014251781472684133
2022-03-07,2120,2250,2085,2175,418734,0.0187353629976581
2022-03-08,2165,2285,2130,2260,618926,0.03908045977011487
2022-03-10,2260,2425,2240,2395,1314680,0.05973451327433632
2022-03-11,2410,2615,2410,2590,1949990,0.08141962421711901
2022-03-14,2540,2580,2370,2500,1042344,-0.03474903474903479
2022-03-15,2470,2620,2470,2600,907404,0.040000000000000036
2022-03-16,2600,2650,2545,2610,387300,0.0038461538461538325
2022-03-17,2580,2680,2580,2610,217953,0.0
2022-03-18,2575,2695,2575,2675,455688,0.02490421455938696
2022-03-21,2690,2730,2600,2640,388576,-0.013084112149532756
2022-03-22,2640,2680,2545,2635,290173,-0.0018939393939394478
2022-03-23,2680,2680,2565,2580,410288,-0.020872865275142316
2022-03-24,2555,2650,2550,2605,306011,0.009689922480620172
2022-03-25,2600,2720,2600,2670,410761,0.0249520153550864
2022-03-28,2700,2700,2580,2625,262750,-0.016853932584269704
2022-03-29,2625,2745,2595,2730,426828,0.040000000000000036
2022-03-30,2770,2835,2735,2790,504451,0.0219780219780219
2022-03-31,2790,2845,2755,2810,270789,0.007168458781362075
2022-04-01,2835,2855,2680,2800,563951,-0.003558718861209953
2022-04-04,2800,2830,2695,2735,308284,-0.023214285714285743
2022-04-05,2785,3120,2775,2965,1657129,0.08409506398537481
2022-04-06,2950,3080,2935,3020,750459,0.018549747048903775
2022-04-07,3020,3060,2945,2980,323881,-0.013245033112582738
2022-04-08,2965,2965,2880,2920,236834,-0.020134228187919434
2022-04-11,2920,3100,2880,3020,361328,0.03424657534246567
2022-04-12,3055,3055,2790,2850,378476,-0.056291390728476776
2022-04-13,2805,2890,2805,2855,115225,0.0017543859649122862
2022-04-14,2930,2970,2750,2770,311920,-0.02977232924693518
2022-04-15,2775,2850,2720,2775,252669,0.0018050541516245744
2022-04-18,2780,2780,2570,2620,435114,-0.05585585585585584
2022-04-19,2590,2665,2545,2550,202281,-0.026717557251908386
2022-04-20,2635,2635,2410,2440,514990,-0.04313725490196074
2022-04-21,2495,2705,2440,2650,738334,0.08606557377049184
2022-04-22,2660,2710,2540,2700,480270,0.018867924528301883
2022-04-25,2700,2745,2635,2660,229382,-0.014814814814814836
2022-04-26,2660,2700,2635,2655,117709,-0.001879699248120259
2022-04-27,2620,2645,2515,2645,148369,-0.0037664783427495685
2022-04-28,2645,2665,2530,2560,221202,-0.032136105860113395
2022-04-29,2640,2640,2520,2595,104141,0.013671875
2022-05-02,2600,2620,2550,2570,95410,-0.009633911368015391
2022-05-03,2580,2690,2575,2575,81262,0.0019455252918287869
2022-05-04,2575,2640,2570,2585,104718,0.003883495145631022
2022-05-06,2600,2620,2525,2545,50058,-0.015473887814313358
2022-05-09,2500,2605,2405,2425,111720,-0.047151277013752435
2022-05-10,2480,2480,2300,2395,121390,-0.012371134020618513
2022-05-11,2450,2510,2350,2480,143049,0.035490605427974886
2022-05-12,2480,2480,2320,2395,127020,-0.03427419354838712
2022-05-13,2365,2500,2260,2460,204328,0.02713987473903967
2022-05-16,2460,2495,2390,2460,82223,0.0
2022-05-17,2460,2460,2375,2430,90473,-0.012195121951219523
2022-05-18,2380,2430,2300,2355,77423,-0.030864197530864224
2022-05-19,2355,2355,2245,2250,81652,-0.04458598726114649
2022-05-20,2260,2400,2260,2380,191204,0.057777777777777706
2022-05-23,2395,2425,2355,2405,94017,0.010504201680672232
2022-05-24,2440,2440,2345,2370,55389,-0.014553014553014498
2022-05-25,2385,2415,2220,2370,203250,0.0
2022-05-26,2385,2575,2365,2550,430880,0.07594936708860756
2022-05-27,2550,2595,2520,2530,297677,-0.007843137254901933
2022-05-30,2555,2675,2510,2650,450897,0.04743083003952564
2022-05-31,2650,2690,2610,2630,154514,-0.007547169811320753
2022-06-02,2620,2635,2580,2630,319494,0.0
2022-06-03,2615,2650,2605,2630,183383,0.0
2022-06-07,2640,2805,2640,2770,530490,0.05323193916349811
2022-06-08,2770,2985,2660,2735,1716691,-0.012635379061371799
2022-06-09,2700,2780,2590,2595,485529,-0.051188299817184646
2022-06-10,2630,2675,2560,2605,168159,0.003853564547206201
2022-06-13,2520,2580,2460,2550,306589,-0.021113243761996192
2022-06-14,2505,2520,2375,2500,309743,-0.019607843137254943
2022-06-15,2465,2520,2370,2450,130764,-0.020000000000000018
2022-06-16,2450,2535,2360,2425,126304,-0.010204081632653073
2022-06-17,2275,2455,2275,2455,91551,0.012371134020618513
2022-06-20,2410,2485,2250,2350,165813,-0.04276985743380857
2022-06-21,2350,2440,2285,2410,114449,0.025531914893617058
2022-06-22,2450,2460,2320,2395,141671,-0.006224066390041472
2022-06-23,2305,2370,2155,2240,273866,-0.06471816283924847
2022-06-24,2240,2340,2230,2340,114230,0.044642857142857206
2022-06-27,2315,2380,2310,2350,77298,0.004273504273504258
2022-06-28,2350,2395,2305,2350,45630,0.0
2022-06-29,2320,2430,2220,2350,181089,0.0
2022-06-30,2400,2500,2300,2350,697010,0.0
2022-07-01,2400,2410,2170,2195,253523,-0.06595744680851068
2022-07-04,2195,2245,2090,2105,169946,-0.04100227790432798
2022-07-05,2100,2230,2085,2230,137819,0.05938242280285033
2022-07-06,2210,2480,2195,2435,786218,0.09192825112107617
2022-07-07,2450,2520,2310,2490,204365,0.022587268993839782
2022-07-08,2465,2515,2400,2445,135374,-0.01807228915662651
2022-07-11,2400,2510,2390,2480,56738,0.014314928425357865
2022-07-12,2390,2480,2380,2470,96640,-0.0040322580645161255
2022-07-13,2470,2495,2410,2465,16652,-0.002024291497975672
2022-07-14,2440,2450,2370,2445,26486,-0.008113590263691739
2022-07-15,2460,2460,2320,2400,91240,-0.018404907975460127
2022-07-18,2400,2475,2330,2460,572626,0.02499999999999991
2022-07-19,2470,2530,2395,2515,352224,0.022357723577235866
2022-07-20,2535,2570,2450,2505,154255,-0.003976143141153132
2022-07-21,2500,2505,2440,2495,51209,-0.003992015968063867
2022-07-22,2495,2495,2435,2490,108846,-0.002004008016032066
2022-07-25,2460,2465,2395,2420,274865,-0.028112449799196804
2022-07-26,2420,2460,2330,2355,122804,-0.02685950413223137
2022-07-27,2390,2390,2020,2175,1184032,-0.07643312101910826
2022-07-28,2175,2245,2010,2175,528154,0.0
2022-07-29,2200,2260,2115,2180,150541,0.0022988505747125743
2022-08-01,2180,2210,2145,2175,37007,-0.002293577981651418
2022-08-02,2240,2240,2155,2180,70333,0.0022988505747125743
2022-08-03,2180,2225,2110,2155,67606,-0.011467889908256867
2022-08-04,2145,2255,2120,2255,155661,0.04640371229698381
2022-08-05,2300,2345,2230,2300,93983,0.019955654101995624
2022-08-08,2300,2330,2245,2300,41527,0.0
2022-08-09,2295,2385,2255,2335,150036,0.01521739130434785
2022-08-10,2320,2345,2275,2335,24369,0.0
2022-08-11,2310,2370,2285,2335,49680,0.0
2022-08-12,2325,2325,2215,2255,79924,-0.03426124197002145
2022-08-16,2255,2295,2210,2255,52142,0.0
2022-08-17,2255,2290,2215,2280,44187,0.011086474501108556
2022-08-18,2260,2290,2235,2265,19718,-0.006578947368421018
2022-08-19,2265,2285,2220,2270,19397,0.002207505518763808
2022-08-22,2380,2390,2250,2290,285886,0.008810572687224738
2022-08-23,2220,2290,2150,2260,87445,-0.013100436681222738
2022-08-24,2260,2285,2190,2240,82725,-0.008849557522123908
2022-08-25,2240,2240,2160,2235,71635,-0.0022321428571429047
2022-08-26,2295,2295,2180,2225,119906,-0.004474272930648726
2022-08-29,2200,2270,2115,2265,84795,0.01797752808988773
2022-08-30,2230,2245,2175,2240,83627,-0.01103752759381893
2022-08-31,2200,2245,2190,2230,31225,-0.004464285714285698
2022-09-01,2230,2235,2100,2180,154345,-0.022421524663677084
2022-09-02,2145,2160,2010,2060,313973,-0.05504587155963303
2022-09-05,2050,2070,1975,2060,209145,0.0
2022-09-06,2060,2145,2020,2115,211650,0.02669902912621369
2022-09-07,2115,2150,2020,2100,111888,-0.007092198581560294
2022-09-08,2100,2140,2020,2020,57309,-0.03809523809523807
2022-09-13,2040,2090,2040,2075,76741,0.027227722772277252
2022-09-14,2045,2095,2020,2080,50136,0.002409638554216942
2022-09-15,2095,2120,2070,2080,44572,0.0
2022-09-16,2100,2110,2020,2075,19108,-0.0024038461538461453
2022-09-19,2075,2100,1950,2045,129472,-0.014457831325301207
2022-09-20,2015,2120,2015,2045,22350,0.0
2022-09-21,2090,2100,1980,2055,30751,0.004889975550122161
2022-09-22,2040,2065,1975,2020,15763,-0.01703163017031628
2022-09-23,2000,2060,1970,2055,65408,0.017326732673267342
2022-09-26,2045,2045,1905,2000,38935,-0.02676399026763987
2022-09-27,1905,2000,1905,1995,54828,-0.0024999999999999467
2022-09-28,2020,2020,1895,1995,56733,0.0
2022-09-29,2020,2020,1865,1965,226945,-0.015037593984962405
2022-09-30,1935,1970,1855,1960,94155,-0.0025445292620864812
2022-10-04,2005,2060,1945,2040,219002,0.04081632653061229
2022-10-05,2040,2080,2000,2050,52756,0.004901960784313708
2022-10-06,2050,2060,2010,2045,40727,-0.0024390243902439046
2022-10-07,2045,2060,2025,2050,19778,0.0024449877750611915
2022-10-11,1965,2100,1965,2065,77672,0.007317073170731714
2022-10-12,2035,2120,2025,2100,193357,0.016949152542372836
2022-10-13,2120,2260,2080,2235,338015,0.06428571428571428
2022-10-14,2275,2275,2085,2230,240155,-0.0022371364653244186
2022-10-17,2250,2640,2195,2640,335296,0.18385650224215255
2022-10-18,2560,2575,2410,2510,752968,-0.0492424242424242
2022-10-19,2510,2610,2260,2450,911022,-0.0239043824701195
2022-10-20,2400,2475,2310,2360,279303,-0.03673469387755102
2022-10-21,2355,2355,2255,2300,321532,-0.025423728813559365
2022-10-24,2315,2400,2125,2195,429023,-0.04565217391304344
2022-10-25,2245,2245,2020,2090,410160,-0.04783599088838264
2022-10-26,2070,2100,2020,2090,127512,0.0
2022-10-27,2090,2100,1985,1985,253666,-0.05023923444976075
2022-10-28,1995,2010,1895,1995,193750,0.005037783375314797
2022-10-31,1990,1990,1880,1880,239006,-0.057644110275689275
2022-11-01,1880,1935,1810,1930,206304,0.02659574468085113
2022-11-02,1920,1970,1840,1960,95029,0.015544041450777257
2022-11-03,1935,1960,1880,1935,119726,-0.012755102040816313
2022-11-04,1895,1940,1885,1905,95396,-0.015503875968992276
2022-11-07,1935,1940,1875,1890,76830,-0.007874015748031482
2022-11-08,1865,1935,1855,1890,93043,0.0
2022-11-09,1870,1915,1850,1890,109265,0.0
2022-11-10,1875,1885,1735,1770,258219,-0.06349206349206349
2022-11-11,1760,1850,1665,1670,480270,-0.05649717514124297
2022-11-14,1695,1735,1660,1700,293554,0.017964071856287456
2022-11-15,1750,1750,1685,1730,139795,0.01764705882352935
2022-11-16,1730,1730,1630,1670,284061,-0.034682080924855474
2022-11-17,1695,1695,1625,1650,116133,-0.0119760479041916
2022-11-18,1640,1670,1620,1635,158583,-0.009090909090909038
2022-11-21,1640,1670,1585,1630,171622,-0.003058103975535187
2022-11-22,1600,1665,1590,1645,87299,0.009202453987730008
2022-11-23,1795,2115,1680,2100,8433901,0.27659574468085113
2022-11-24,2140,2140,1850,1890,2684302,-0.09999999999999998
2022-11-25,1880,1880,1780,1820,791590,-0.03703703703703709
2022-11-28,1805,1805,1745,1775,302385,-0.02472527472527475
2022-11-29,1740,1775,1720,1775,179973,0.0
2022-11-30,1750,1760,1715,1725,198868,-0.028169014084507005
2022-12-01,1735,1780,1710,1725,237645,0.0
2022-12-02,1715,1750,1700,1730,82821,0.0028985507246377384
2022-12-05,1715,1735,1655,1660,214262,-0.040462427745664775
2022-12-06,1640,1675,1620,1665,88839,0.003012048192771122
2022-12-07,1655,1655,1610,1640,100159,-0.01501501501501501
2022-12-08,1640,1645,1595,1630,91082,-0.0060975609756097615
2022-12-09,1610,1665,1605,1625,84148,-0.0030674846625766694
2022-12-12,1635,1720,1550,1715,190833,0.055384615384615365
2022-12-13,1700,1730,1610,1700,223296,-0.008746355685131157
2022-12-14,1700,1720,1655,1700,94114,0.0
2022-12-15,1705,1705,1660,1680,64593,-0.0117647058823529
2022-12-16,1650,1675,1620,1665,66119,-0.008928571428571397
2022-12-19,1630,1725,1630,1700,75066,0.021021021021021102
2022-12-20,1700,1700,1625,1670,116261,-0.01764705882352946
2022-12-21,1660,1700,1610,1660,64797,-0.005988023952095856
2022-12-22,1655,1690,1615,1640,60565,-0.012048192771084376
2022-12-23,1630,1635,1550,1605,96157,-0.021341463414634165
2022-12-26,1605,1645,1555,1605,62613,0.0
2022-12-27,1605,1705,1580,1630,221890,0.015576323987538832
2022-12-28,1625,1645,1605,1625,53671,-0.0030674846625766694
2022-12-29,1615,1625,1545,1610,122778,-0.009230769230769265
2023-01-02,1605,1630,1560,1630,55891,0.012422360248447228
2023-01-03,1560,1630,1550,1590,111347,-0.024539877300613466
2023-01-04,1590,1630,1570,1590,79247,0.0
2023-01-05,1590,1625,1555,1625,184701,0.022012578616352307
2023-01-06,1625,1630,1580,1630,31236,0.003076923076922977
2023-01-09,1620,1640,1595,1625,99790,-0.0030674846625766694
2023-01-10,1620,1635,1600,1620,49278,-0.003076923076923088
2023-01-11,1615,1630,1600,1615,35049,-0.0030864197530864335
2023-01-12,1615,1620,1585,1605,83253,-0.006191950464396245
2023-01-13,1610,1620,1585,1610,127383,0.0031152647975076775
2023-01-16,1620,1620,1575,1605,110979,-0.0031055900621117516
2023-01-17,1600,1610,1590,1605,25021,0.0
2023-01-18,1600,1725,1580,1615,527252,0.006230529595015577
2023-01-19,1585,1605,1550,1570,142452,-0.02786377708978327
2023-01-20,1560,1590,1560,1575,43204,0.0031847133757962887
2023-01-25,1580,1640,1573,1573,45611,-0.0012698412698413097
2023-01-26,1579,1600,1567,1574,51243,0.0006357279084552303
2023-01-27,1570,1570,1517,1545,386023,-0.01842439644218552
2023-01-30,1547,1560,1537,1542,64201,-0.001941747572815511
2023-01-31,1534,1545,1495,1541,151940,-0.0006485084306095956
2023-02-01,1521,1541,1521,1541,44773,0.0
2023-02-02,1551,1565,1541,1558,94910,0.011031797534068799
2023-02-03,1559,1567,1547,1557,44416,-0.0006418485237483784
2023-02-06,1557,1565,1527,1541,98121,-0.010276172125883054
2023-02-07,1541,1556,1500,1500,126074,-0.026606099935107097
2023-02-08,1509,1513,1483,1483,118762,-0.011333333333333306
2023-02-09,1498,1508,1481,1490,37488,0.00472016183411994
2023-02-10,1490,1498,1460,1468,84935,-0.014765100671140896
2023-02-13,1459,1509,1453,1509,198963,0.027929155313351606
2023-02-14,1509,1534,1496,1508,81291,-0.000662690523525522
2023-02-15,1510,1510,1477,1500,54293,-0.0053050397877983935
2023-02-16,1495,1502,1484,1502,34597,0.0013333333333334085
2023-02-17,1502,1508,1450,1501,82542,-0.0006657789613848664
2023-02-20,1501,1502,1451,1500,62177,-0.0006662225183211579
2023-02-21,1500,1500,1466,1480,88982,-0.013333333333333308
2023-02-22,1480,1509,1474,1493,93419,0.00878378378378386
2023-02-23,1492,1502,1482,1492,29872,-0.0006697923643670389
2023-02-24,1493,1500,1486,1496,56051,0.002680965147453085
2023-02-27,1500,1552,1489,1523,182477,0.018048128342246006
2023-02-28,1508,1579,1508,1555,269514,0.02101116217990806
2023-03-02,1553,1570,1460,1542,181330,-0.00836012861736335
2023-03-03,1533,1573,1525,1545,183103,0.0019455252918287869
2023-03-06,1545,1618,1541,1617,552369,0.046601941747572706
2023-03-07,1607,1673,1605,1669,324247,0.03215831787260348
2023-03-08,1670,1697,1616,1680,174622,0.006590772917914878
2023-03-09,1664,1779,1664,1779,647326,0.05892857142857144
2023-03-10,1753,1877,1745,1867,509781,0.04946599213041036
2023-03-13,1853,1941,1816,1941,276812,0.039635779325120524
2023-03-14,1941,1999,1880,1945,415013,0.002060793405461059
2023-03-15,1945,2040,1800,1896,342142,-0.025192802056555275
2023-03-16,1893,1993,1830,1973,450699,0.04061181434599148
2023-03-17,1951,1951,1816,1847,469439,-0.06386213887480996
2023-03-20,1847,1988,1846,1964,179488,0.06334596643205193
2023-03-21,1945,1974,1926,1926,148689,-0.0193482688391039
2023-03-22,1926,1945,1700,1870,711274,-0.029075804776739322
2023-03-23,1840,2200,1639,1750,4801719,-0.06417112299465244
2023-03-24,1707,1829,1552,1747,993915,-0.0017142857142856682
2023-03-27,1720,1840,1719,1775,411476,0.01602747567258156
2023-03-28,1750,1839,1750,1788,238918,0.007323943661971866
2023-03-29,1799,1897,1755,1871,385061,0.04642058165548102
2023-03-30,1871,2220,1865,2150,3568678,0.14911811865312674
2023-03-31,2140,2225,2030,2170,1336098,0.009302325581395321
2023-04-03,2150,2290,2150,2230,740351,0.02764976958525356
2023-04-04,2220,2305,2185,2250,449819,0.008968609865470878
2023-04-05,2205,2330,2205,2310,448890,0.026666666666666616
2023-04-06,2340,2400,2255,2300,469345,-0.0043290043290042934
2023-04-07,2305,2530,2270,2345,2712066,0.019565217391304346
2023-04-10,2395,2415,2180,2355,949986,0.004264392324093924
2023-04-11,2350,2450,2270,2305,1000635,-0.02123142250530785
2023-04-12,2305,2330,2255,2290,406112,-0.006507592190889366
2023-04-13,2290,2415,2200,2330,936724,0.017467248908296984
2023-04-14,2330,2430,2330,2425,846076,0.04077253218884125
2023-04-17,2430,2490,2375,2420,458649,-0.0020618556701030855
2023-04-18,2425,2600,2310,2485,2546292,0.026859504132231482
2023-04-19,2495,2590,2485,2545,721396,0.024144869215291687
2023-04-20,2510,2565,2490,2540,412741,-0.0019646365422396617
2023-04-21,2530,2540,2420,2520,346391,-0.007874015748031482
2023-04-24,2545,2545,2320,2355,467635,-0.06547619047619047
2023-04-25,2395,2450,2300,2430,428583,0.031847133757961776
2023-04-26,2460,2460,2360,2410,226403,-0.008230452674897082
2023-04-27,2530,2550,2410,2465,620954,0.022821576763485396
2023-04-28,2470,2580,2420,2555,1263640,0.03651115618661249
2023-05-02,2580,2620,2520,2540,643777,-0.005870841487279899
2023-05-03,2465,2510,2440,2470,406012,-0.027559055118110187
2023-05-04,2470,2470,2315,2375,534437,-0.038461538461538436
2023-05-08,2405,2470,2340,2340,278887,-0.01473684210526316
2023-05-09,2335,2400,2195,2210,545837,-0.05555555555555558
2023-05-10,2240,2430,2220,2380,560514,0.07692307692307687
2023-05-11,2385,2500,2370,2450,545988,0.02941176470588225
2023-05-12,2475,2520,2250,2320,2168560,-0.05306122448979589
2023-05-15,2340,2355,1934,2100,3474871,-0.09482758620689657
2023-05-16,2110,2140,2000,2040,483720,-0.02857142857142858
2023-05-17,2040,2075,1967,2070,344319,0.014705882352941124
2023-05-18,2075,2075,1990,2015,407554,-0.02657004830917875
2023-05-19,2005,2010,1916,1939,532504,-0.037717121588089375
2023-05-22,1939,2040,1901,1999,237202,0.030943785456420736
2023-05-23,1983,2065,1983,1996,192697,-0.0015007503751875984
2023-05-24,1983,2040,1960,2000,173389,0.002004008016031955
2023-05-25,2000,2010,1966,1989,158925,-0.005499999999999949
2023-05-26,1989,1989,1896,1934,374107,-0.0276520864756159
2023-05-30,1934,1972,1902,1924,96549,-0.005170630816959676
2023-05-31,1932,1932,1800,1895,180773,-0.015072765072765115
2023-06-01,1896,1952,1889,1896,170663,0.0005277044854881119
2023-06-02,1934,1934,1860,1861,258889,-0.01845991561181437
2023-06-05,1880,1906,1861,1890,128760,0.0155830198817839
2023-06-07,1867,1904,1820,1850,147671,-0.021164021164021163
2023-06-08,1832,1860,1799,1799,139686,-0.02756756756756762
2023-06-09,1825,1829,1756,1792,173409,-0.0038910505836575737
2023-06-12,1786,1824,1756,1766,174302,-0.014508928571428603
2023-06-13,1786,1891,1763,1798,395925,0.018120045300113352
2023-06-14,1786,1819,1748,1769,236032,-0.016129032258064502
2023-06-15,1769,1777,1720,1734,160640,-0.019785189372526824
2023-06-16,1742,1780,1730,1751,137435,0.009803921568627416
2023-06-19,1780,1907,1752,1892,532363,0.08052541404911473
2023-06-20,1889,1916,1815,1821,174631,-0.03752642706131082
2023-06-21,1816,1842,1784,1795,112566,-0.014277869302581014
2023-06-22,1795,1802,1757,1765,119894,-0.01671309192200554
2023-06-23,1774,1800,1753,1770,72191,0.0028328611898016387
2023-06-26,1763,1787,1756,1772,70212,0.001129943502824915
2023-06-27,1805,1806,1759,1769,99598,-0.0016930022573363734
2023-06-28,1773,1803,1758,1766,92054,-0.0016958733747880483
2023-06-29,1790,1790,1725,1740,122275,-0.014722536806342057
2023-06-30,1730,1768,1730,1736,55955,-0.0022988505747126853
2023-07-03,1754,1794,1724,1729,123373,-0.0040322580645161255
2023-07-04,1747,1780,1729,1738,124954,0.005205320994794649
2023-07-05,1756,1769,1682,1688,136382,-0.028768699654775576
2023-07-06,1697,1697,1631,1634,127208,-0.03199052132701419
2023-07-07,1634,1675,1610,1661,70294,0.01652386780905757
2023-07-10,1674,1727,1638,1719,110234,0.03491872366044557
2023-07-11,1719,1725,1667,1700,84979,-0.01105293775450844
2023-07-12,1688,1700,1625,1625,90887,-0.044117647058823484
2023-07-13,1625,1667,1623,1623,64969,-0.0012307692307692575
2023-07-14,1634,1672,1600,1630,164311,0.004313000616142926
2023-07-17,1717,1717,1610,1643,115283,0.00797546012269934
2023-07-18,1640,1708,1603,1628,97569,-0.00912964090079127
2023-07-19,1628,1628,1560,1593,186622,-0.02149877149877155
2023-07-20,1600,1635,1577,1619,150489,0.016321406151914575
2023-07-21,1610,1619,1587,1591,88850,-0.01729462631253864
2023-07-24,1589,1589,1530,1560,134276,-0.019484600879949743
2023-07-25,1536,1559,1500,1525,169623,-0.022435897435897467
2023-07-26,1525,1525,1470,1509,245914,-0.010491803278688483
2023-07-27,1497,1574,1471,1560,56788,0.03379721669980129
2023-07-28,1536,1623,1471,1603,96170,0.027564102564102466
2023-07-31,1650,1680,1597,1597,89013,-0.0037429819089207506
2023-08-01,1600,1680,1597,1620,85477,0.01440200375704448
2023-08-02,1637,1637,1556,1556,98625,-0.03950617283950619
2023-08-03,1549,1572,1522,1566,39669,0.006426735218509005
2023-08-04,1543,1599,1538,1596,30373,0.019157088122605304
2023-08-07,1596,1611,1534,1590,37884,-0.003759398496240629
2023-08-08,1570,1588,1514,1537,111955,-0.033333333333333326
2023-08-09,1537,1545,1505,1532,72474,-0.003253090435914152
2023-08-10,1548,1593,1513,1540,156217,0.005221932114882533
2023-08-11,1541,1725,1541,1683,573651,0.09285714285714275
2023-08-14,1751,1751,1612,1629,180506,-0.03208556149732622
2023-08-16,1629,1631,1593,1624,102265,-0.0030693677102516803
2023-08-17,1620,1790,1590,1731,690759,0.06588669950738923
2023-08-18,1733,1825,1676,1797,337704,0.03812824956672434
2023-08-21,1821,1868,1742,1753,428529,-0.024485253199777457
2023-08-22,1765,1860,1713,1728,369763,-0.01426126640045633
2023-08-23,1728,1728,1675,1680,133704,-0.02777777777777779
2023-08-24,1680,1717,1675,1695,31404,0.008928571428571397
2023-08-25,1695,1721,1679,1693,37491,-0.0011799410029498247
2023-08-28,1693,1737,1658,1660,102602,-0.019492025989367945
2023-08-29,1660,1679,1639,1654,109306,-0.0036144578313253017
2023-08-30,1654,1678,1630,1661,145917,0.004232164449818665
2023-08-31,1661,1698,1648,1680,79257,0.011438892233594178
2023-09-01,1658,1701,1613,1653,125029,-0.016071428571428625
2023-09-04,1695,1695,1601,1659,149546,0.003629764065335772
2023-09-05,1659,1694,1638,1679,51106,0.012055455093429757
2023-09-06,1682,1708,1631,1660,39816,-0.011316259678380014
2023-09-07,1670,1670,1639,1652,35697,-0.004819277108433773
2023-09-08,1662,1662,1620,1650,58026,-0.001210653753026647
2023-09-11,1650,1660,1588,1615,127657,-0.021212121212121238
2023-09-12,1615,1776,1580,1658,706392,0.026625386996903977
2023-09-13,1658,1660,1616,1621,68108,-0.02231604342581428
2023-09-14,1621,1668,1616,1654,90760,0.02035780382479957
2023-09-15,1630,1654,1620,1654,88140,0.0
2023-09-18,1646,1646,1613,1627,68302,-0.016324062877871803
2023-09-19,1628,1628,1584,1597,124162,-0.018438844499078066
2023-09-20,1595,1629,1552,1581,97622,-0.010018785222291826
2023-09-21,1552,1597,1525,1542,72899,-0.024667931688804545
2023-09-22,1525,1573,1510,1550,136086,0.005188067444876765
2023-09-25,1615,1615,1513,1530,24004,-0.012903225806451646
2023-09-26,1589,1589,1490,1505,59380,-0.016339869281045805
2023-09-27,1505,1540,1490,1506,26285,0.0006644518272425071
2023-10-04,1483,1630,1453,1493,190949,-0.00863213811420982
2023-10-05,1483,1514,1463,1491,65336,-0.0013395847287340779
2023-10-06,1491,1526,1479,1490,36621,-0.0006706908115359234
2023-10-10,1505,1505,1458,1475,77728,-0.010067114093959773
2023-10-11,1455,1495,1455,1483,8322,0.0054237288135592365
2023-10-12,1473,1499,1472,1479,20850,-0.0026972353337828547
2023-10-13,1478,1496,1463,1470,29206,-0.006085192697768749
2023-10-16,1476,1476,1432,1450,68886,-0.013605442176870763
2023-10-17,1431,1471,1430,1444,24469,-0.004137931034482789
2023-10-18,1444,1444,1375,1415,191945,-0.020083102493074767
2023-10-19,1381,1420,1381,1415,46687,0.0
2023-10-20,1447,1447,1345,1370,117323,-0.03180212014134276
2023-10-23,1368,1385,1295,1380,109925,0.007299270072992803
2023-10-24,1393,1393,1281,1321,106405,-0.04275362318840581
2023-10-25,1328,1350,1272,1281,61348,-0.0302800908402725
2023-10-26,1277,1279,1215,1249,120381,-0.024980483996877467
2023-10-27,1249,1259,1208,1226,54262,-0.018414731785428295
2023-10-30,1226,1240,1185,1230,92522,0.0032626427406199365
2023-10-31,1224,1261,1221,1230,21049,0.0
2023-11-01,1230,1234,1210,1230,32512,0.0
2023-11-02,1232,1281,1230,1238,53083,0.006504065040650486
2023-11-03,1245,1270,1233,1252,87983,0.011308562197092087
2023-11-06,1254,1293,1234,1287,114745,0.027955271565495154
2023-11-07,1287,1330,1261,1300,67838,0.010101010101010166
2023-11-08,1300,1318,1284,1301,45692,0.0007692307692308553
2023-11-09,1308,1308,1201,1250,51290,-0.039200614911606424
2023-11-10,1246,1247,1200,1222,113782,-0.022399999999999975
2023-11-13,1223,1587,1223,1520,3555404,0.24386252045826518
2023-11-14,1566,1722,1532,1589,1440020,0.045394736842105265
2023-11-15,1622,1643,1542,1628,548922,0.024543738200125897
2023-11-16,1628,1669,1602,1658,200051,0.01842751842751844
2023-11-17,1679,1680,1594,1640,199981,-0.010856453558504175
2023-11-20,1638,1851,1590,1800,1098083,0.09756097560975618
2023-11-21,1783,1891,1740,1792,569566,-0.004444444444444473
2023-11-22,1792,1826,1650,1674,749043,-0.0658482142857143
2023-11-23,1670,1743,1628,1688,334262,0.008363201911588902
2023-11-24,1686,1686,1625,1627,271875,-0.03613744075829384
2023-11-27,1627,1627,1515,1549,352509,-0.047940995697602906
2023-11-28,1549,1549,1433,1476,346545,-0.047127178825048466
2023-11-29,1476,1476,1418,1436,138994,-0.027100271002710064
2023-11-30,1436,1436,1350,1410,274776,-0.01810584958217265
2023-12-01,1398,1409,1337,1346,209980,-0.04539007092198577
2023-12-04,1345,1430,1310,1404,153036,0.043090638930163516
2023-12-05,1401,1578,1401,1578,352902,0.12393162393162394
2023-12-06,1599,1619,1437,1450,321154,-0.08111533586818753
2023-12-07,1451,1533,1451,1482,135250,0.022068965517241468
2023-12-08,1472,1527,1452,1482,69527,0.0
2023-12-11,1458,1519,1451,1468,79372,-0.009446693657219951
2023-12-12,1455,1509,1421,1421,102730,-0.03201634877384196
2023-12-13,1468,1468,1400,1416,53333,-0.0035186488388458947
2023-12-14,1420,1438,1400,1419,100836,0.0021186440677967155
2023-12-15,1411,1445,1387,1410,116144,-0.006342494714587699
2023-12-18,1400,1468,1392,1430,100585,0.014184397163120588
2023-12-19,1411,1445,1401,1431,42828,0.0006993006993007977
2023-12-20,1415,1467,1415,1432,67495,0.0006988120195667857
2023-12-21,1421,1460,1421,1445,82812,0.009078212290502874
2023-12-22,1445,1515,1432,1457,204875,0.008304498269896099
2023-12-26,1479,1479,1405,1405,86520,-0.03568977350720659
2023-12-27,1410,1428,1331,1331,134850,-0.05266903914590748
2023-12-28,1345,1398,1325,1350,290230,0.01427498121712989
2024-01-02,1350,1497,1350,1463,156043,0.08370370370370361
2024-01-03,1465,1540,1433,1519,146564,0.038277511961722466
2024-01-04,1500,1590,1490,1535,235150,0.010533245556286985
2024-01-05,1535,1650,1466,1483,328364,-0.03387622149837133
2024-01-08,1543,1543,1400,1475,173497,-0.0053944706675657095
2024-01-09,1470,1500,1465,1478,87451,0.0020338983050847137
2024-01-10,1478,1508,1411,1411,166535,-0.04533152909336946
2024-01-11,1400,1446,1375,1420,185795,0.006378454996456506
2024-01-12,1387,1418,1351,1351,139557,-0.048591549295774694
2024-01-15,1351,1361,1297,1302,195453,-0.03626943005181349
2024-01-16,1310,1310,1270,1295,133413,-0.005376344086021501
2024-01-17,1287,1289,1251,1274,54956,-0.01621621621621616
2024-01-18,1282,1316,1274,1304,94783,0.023547880690737877
2024-01-19,1319,1333,1261,1271,127497,-0.02530674846625769
2024-01-22,1271,1271,1230,1231,133321,-0.03147128245476005
2024-01-23,1222,1264,1190,1263,98303,0.025995125913891082
2024-01-24,1240,1262,1204,1217,133478,-0.0364212193190816
2024-01-25,1218,1218,1160,1200,182415,-0.01396877567789645
2024-01-26,1242,1242,1183,1199,88170,-0.0008333333333333526
2024-01-29,1199,1217,1165,1199,105895,0.0
2024-01-30,1193,1199,1168,1188,39909,-0.00917431192660545
2024-01-31,1155,1199,1120,1123,306955,-0.054713804713804715
2024-02-01,1126,1129,1091,1112,132995,-0.009795191451469232
2024-02-02,1095,1172,1095,1140,89422,0.02517985611510798
2024-02-05,1118,1152,1092,1093,146145,-0.041228070175438614
2024-02-06,1090,1092,1053,1065,123641,-0.025617566331198494
2024-02-07,1066,1085,1048,1048,94264,-0.015962441314554043
2024-02-08,1078,1090,1034,1074,122748,0.024809160305343525
2024-02-13,1070,1140,1070,1091,72650,0.01582867783985109
2024-02-14,1090,1090,1040,1052,173924,-0.03574702108157657
2024-02-15,1053,1120,1053,1119,177465,0.06368821292775673
2024-02-16,1159,1159,1087,1100,147840,-0.016979445933869575
2024-02-19,1100,1100,1076,1085,104344,-0.013636363636363669
2024-02-20,1085,1085,1041,1076,146688,-0.00829493087557609
2024-02-21,1076,1076,1059,1070,42369,-0.005576208178438624
2024-02-22,1070,1086,1058,1070,89050,0.0
2024-02-23,1061,1090,1030,1030,157692,-0.03738317757009346
2024-02-26,1045,1045,1004,1012,178483,-0.01747572815533982
2024-02-27,1020,1028,1009,1011,59410,-0.0009881422924901129
2024-02-28,1011,1042,999,1042,116577,0.03066271018793265
2024-02-29,1050,1354,1042,1193,10038264,0.14491362763915538
2024-03-04,1162,1233,1116,1165,746214,-0.023470243084660503
2024-03-05,1153,1210,1118,1123,383379,-0.03605150214592279
2024-03-06,1145,1194,1100,1147,252063,0.021371326803205637
2024-03-07,1147,1155,1107,1120,182456,-0.023539668700959027
2024-03-08,1125,1125,1061,1071,268914,-0.043749999999999956
2024-03-11,1071,1076,1057,1069,61252,-0.0018674136321195078
2024-03-12,1060,1090,1059,1082,85229,0.012160898035547207
2024-03-13,1082,1097,1070,1078,55988,-0.003696857670979714
2024-03-14,1078,1090,1066,1078,47169,0.0
2024-03-15,1068,1096,1040,1040,104449,-0.03525046382189234
2024-03-18,1044,1067,1040,1060,62451,0.019230769230769162
2024-03-19,1060,1060,1031,1041,65849,-0.017924528301886844
2024-03-20,1040,1059,1040,1043,38349,0.0019212295869357465
2024-03-21,1053,1076,1050,1075,92915,0.030680728667305868
2024-03-22,1062,1319,1062,1250,3261669,0.16279069767441867
2024-03-25,1250,1282,1201,1240,415792,-0.008000000000000007
2024-03-26,1252,1252,1171,1181,189194,-0.04758064516129035
2024-03-27,1181,1190,1137,1174,87259,-0.005927180355630779
2024-03-28,1155,1363,1141,1201,1387783,0.022998296422487297
2024-03-29,1201,1248,1180,1220,130192,0.01582014987510405
2024-04-01,1225,1268,1211,1240,151611,0.016393442622950838
2024-04-02,1245,1277,1195,1198,77034,-0.03387096774193543
2024-04-03,1180,1221,1177,1200,50824,0.0016694490818029983
2024-04-04,1199,1212,1152,1200,54200,0.0
2024-04-05,1199,1200,1160,1186,48019,-0.011666666666666714
2024-04-08,1182,1219,1162,1180,86487,-0.005059021922428353
2024-04-09,1180,1208,1172,1205,35848,0.021186440677966045
2024-04-11,1204,1204,1161,1170,37911,-0.02904564315352698
2024-04-12,1164,1180,1125,1153,110891,-0.014529914529914478
2024-04-15,1145,1145,1080,1119,108345,-0.02948829141370335
2024-04-16,1114,1114,1078,1090,57652,-0.025915996425379784
2024-04-17,1090,1099,1073,1095,63648,0.004587155963302836
2024-04-18,1089,1120,1060,1098,88263,0.00273972602739736
2024-04-19,1101,1296,1098,1120,1818081,0.020036429872495543
2024-04-22,1122,1280,1122,1153,739844,0.02946428571428572
2024-04-23,1153,1200,1143,1175,95896,0.019080659150043422
2024-04-24,1170,1187,1115,1167,82437,-0.006808510638297904
2024-04-25,1167,1187,1147,1173,90574,0.005141388174807249
2024-04-26,1166,1173,1160,1168,74717,-0.004262574595055413
2024-04-29,1168,1178,1151,1160,82409,-0.006849315068493178
2024-04-30,1160,1163,1140,1150,114662,-0.008620689655172376
2024-05-02,1150,1151,1080,1090,310432,-0.05217391304347829
2024-05-03,1103,1127,1083,1098,74246,0.007339449541284404
2024-05-07,1100,1100,1084,1097,68462,-0.0009107468123861207
2024-05-08,1097,1106,1092,1102,33368,0.004557885141294404
2024-05-09,1102,1128,1098,1107,60716,0.00453720508166966
2024-05-10,1129,1129,1060,1100,121168,-0.006323396567298967
2024-05-13,1100,1100,1063,1079,80638,-0.019090909090909047
2024-05-14,1079,1098,1075,1085,54534,0.005560704355885182
2024-05-16,1086,1132,1086,1104,42455,0.01751152073732709
2024-05-17,1105,1139,1050,1069,122118,-0.03170289855072461
2024-05-20,1069,1070,1041,1067,52038,-0.00187090739008422
2024-05-21,1049,1067,1045,1067,102463,0.0
2024-05-22,1068,1068,1043,1061,142255,-0.005623242736644829
2024-05-23,1051,1060,1034,1044,79003,-0.01602262016965128
2024-05-24,1044,1067,1035,1067,20288,0.022030651340996243
2024-05-27,1067,1078,1030,1070,100999,0.00281162136832247
2024-05-28,1048,1072,1045,1055,36175,-0.014018691588784993
2024-05-29,1043,1057,1028,1050,75695,-0.004739336492891044
2024-05-30,1041,1060,1027,1044,36264,-0.005714285714285672
2024-05-31,1030,1035,1015,1024,44821,-0.019157088122605415
2024-06-03,1010,1024,1009,1012,86796,-0.01171875
2024-06-04,1012,1032,1005,1015,30380,0.0029644268774704496
2024-06-05,1037,1037,1000,1013,124040,-0.0019704433497537144
2024-06-07,1001,1013,1000,1012,37624,-0.000987166831194486
2024-06-10,1038,1038,975,1000,47499,-0.011857707509881465
2024-06-11,1001,1014,1001,1013,42101,0.0129999999999999
2024-06-12,1013,1013,1006,1009,13885,-0.0039486673247778326
2024-06-13,1003,1018,1002,1007,39560,-0.001982160555004997
2024-06-14,1006,1006,992,993,96568,-0.013902681231380387
2024-06-17,993,993,947,969,168746,-0.024169184290030232
2024-06-18,969,969,873,923,332286,-0.047471620227038214
2024-06-19,924,928,903,917,38361,-0.00650054171180936
2024-06-20,927,928,904,904,52959,-0.014176663031624903
2024-06-21,925,928,877,901,50840,-0.0033185840707964376
2024-06-24,901,916,862,890,109150,-0.01220865704772478
2024-06-25,900,978,880,923,118796,0.03707865168539315
2024-06-26,924,960,916,949,99171,0.028169014084507005
