Date,Open,High,Low,Close,Volume,Change
2022-08-04,70000,91000,70000,72500,2784861,
2022-08-05,75900,78400,70200,74000,1187138,0.020689655172413834
2022-08-08,73000,73500,68100,68700,341034,-0.07162162162162167
2022-08-09,66500,70000,65100,69000,332054,0.004366812227074135
2022-08-10,68400,89700,67400,89700,3309092,0.30000000000000004
2022-08-11,93900,94500,87000,89800,1956738,0.0011148272017837968
2022-08-12,88900,91400,88300,90500,567405,0.007795100222717233
2022-08-16,89500,97000,87300,87400,931900,-0.034254143646408886
2022-08-17,92300,103000,91000,93700,2345800,0.07208237986270016
2022-08-18,91300,103900,90600,102800,1632583,0.09711846318036277
2022-08-19,108000,111500,98000,102700,1305838,-0.0009727626459143934
2022-08-22,100000,118500,99400,117200,1635947,0.14118792599805263
2022-08-23,113800,133800,112000,123900,2253291,0.05716723549488045
2022-08-24,122600,135500,121500,127100,1472945,0.025827280064568248
2022-08-25,130200,139400,129500,132000,902275,0.03855232100708106
2022-08-26,133500,134600,128600,128600,298185,-0.025757575757575757
2022-08-29,123800,146900,123000,143800,873104,0.11819595645412129
2022-08-30,143800,184800,142300,173000,2209178,0.20305980528511824
2022-08-31,173500,184600,163300,173000,992192,0.0
2022-09-01,180300,182800,173000,174200,587906,0.006936416184971206
2022-09-02,173800,179400,169000,171700,490798,-0.014351320321469574
2022-09-05,172500,174400,151000,155900,1048683,-0.09202096680256255
2022-09-06,155200,163700,152100,162100,844129,0.039769082745349627
2022-09-07,162100,169400,160400,160700,696010,-0.00863664404688469
2022-09-08,162000,174600,155400,156900,732131,-0.023646546359676446
2022-09-13,158000,163000,150500,152300,397655,-0.029318036966220484
2022-09-14,148500,159400,147300,154400,620411,0.013788575180564644
2022-09-15,160400,168300,158500,165300,834713,0.07059585492227982
2022-09-16,163800,164400,150500,150500,407998,-0.08953418027828186
2022-09-19,150500,153800,129200,129700,464436,-0.13820598006644513
2022-09-20,133300,133500,123200,126900,345613,-0.021588280647648395
2022-09-21,125600,128000,123900,128000,214189,0.008668242710795804
2022-09-22,124000,141300,123700,138500,539766,0.08203125
2022-09-23,138900,143700,130200,132000,307927,-0.04693140794223827
2022-09-26,129300,130000,117700,118800,224676,-0.09999999999999998
2022-09-27,121500,135200,121000,135200,544636,0.13804713804713797
2022-09-28,139000,147700,133100,138000,818779,0.020710059171597628
2022-09-29,143000,143800,130000,130000,311915,-0.05797101449275366
2022-09-30,126500,133800,125100,127100,252546,-0.02230769230769236
2022-10-04,130200,137400,127900,137000,210816,0.07789142407553107
2022-10-05,139600,142000,130000,131000,350365,-0.04379562043795615
2022-10-06,133400,142200,133200,142200,341630,0.08549618320610697
2022-10-07,140100,143500,133800,135700,250341,-0.04571026722925453
2022-10-11,132000,132600,128900,130600,126089,-0.037582903463522443
2022-10-12,131500,134000,126300,132700,175230,0.01607963246554367
2022-10-13,130600,137000,129400,137000,239949,0.03240391861341374
2022-10-14,141100,144200,137600,138100,227965,0.008029197080291928
2022-10-17,135000,139400,134700,137100,154738,-0.007241129616220143
2022-10-18,139500,140500,135200,136000,131818,-0.008023340627279385
2022-10-19,136800,138000,130500,130900,166693,-0.03749999999999998
2022-10-20,131900,132800,125900,126500,116808,-0.03361344537815125
2022-10-21,125600,128300,121800,121900,98294,-0.036363636363636376
2022-10-24,123500,124400,119000,120200,100492,-0.013945857260049266
2022-10-25,120200,123500,117100,119800,115683,-0.0033277870216306127
2022-10-26,120800,121600,112900,113200,106841,-0.05509181969949917
2022-10-27,114200,114500,108800,113000,148109,-0.0017667844522968323
2022-10-28,111100,124800,109600,119200,394743,0.05486725663716818
2022-10-31,121000,127500,115400,125700,250378,0.054530201342281925
2022-11-01,127800,129400,123200,123700,160579,-0.015910898965791564
2022-11-02,124000,126500,118600,119200,137773,-0.03637833468067908
2022-11-03,119100,122900,117800,120500,104452,0.01090604026845643
2022-11-04,118000,119300,115500,115600,257952,-0.040663900414937726
2022-11-07,117000,117200,113600,115000,96476,-0.00519031141868509
2022-11-08,116600,116900,113100,115000,96680,0.0
2022-11-09,114700,117400,114200,115300,117266,0.002608695652173809
2022-11-10,114400,115800,113000,113000,80376,-0.01994796183868175
2022-11-11,116200,116800,113000,115600,156747,0.023008849557522026
2022-11-14,115600,116600,114200,114200,78519,-0.01211072664359858
2022-11-15,114200,115100,111100,111800,91027,-0.021015761821365997
2022-11-16,112700,112900,110800,111300,55282,-0.004472271914132353
2022-11-17,110700,110800,106900,107300,74927,-0.035938903863432126
2022-11-18,106600,110700,106300,106700,71265,-0.005591798695246952
2022-11-21,107200,111500,107200,108400,79154,0.015932521087160367
2022-11-22,108500,109600,103800,103900,66022,-0.04151291512915134
2022-11-23,104100,104800,101000,102200,75097,-0.016361886429258954
2022-11-24,102900,107000,102600,102700,101314,0.004892367906066619
2022-11-25,103300,103800,99900,100400,76809,-0.022395326192794496
2022-11-28,99900,101300,96900,96900,83942,-0.03486055776892427
2022-11-29,97400,104500,97200,102100,184924,0.05366357069143457
2022-11-30,101100,102600,99200,102600,65765,0.004897159647404559
2022-12-01,105300,105300,102100,102300,64390,-0.0029239766081871066
2022-12-02,102300,104200,100300,101000,42503,-0.012707722385141729
2022-12-05,100100,101000,98000,98000,69198,-0.02970297029702973
2022-12-06,96800,97800,95000,95000,37946,-0.030612244897959218
2022-12-07,94000,97500,93200,94600,32603,-0.004210526315789442
2022-12-08,94300,101000,94300,98100,107351,0.03699788583509522
2022-12-09,98100,99600,94900,95000,56063,-0.031600407747196746
2022-12-12,93300,94500,92000,92500,44101,-0.02631578947368418
2022-12-13,92000,97000,91700,92000,61878,-0.00540540540540535
2022-12-14,93000,95700,92700,94700,58843,0.02934782608695663
2022-12-15,94000,100400,92800,96700,116342,0.021119324181626098
2022-12-16,94800,95300,93300,93800,47038,-0.02998965873836612
2022-12-19,94200,94200,92100,92400,28584,-0.014925373134328401
2022-12-20,91000,91800,88000,88000,81912,-0.04761904761904767
2022-12-21,88700,89400,85900,86000,49531,-0.022727272727272707
2022-12-22,85900,87300,85300,86000,57294,0.0
2022-12-23,83300,84700,81300,81500,69596,-0.05232558139534882
2022-12-26,80700,82500,80000,80900,57005,-0.007361963190184007
2022-12-27,80900,82100,80000,81500,70340,0.007416563658838138
2022-12-28,80300,80500,77600,77900,122945,-0.04417177914110426
2022-12-29,77900,78200,74800,76300,59361,-0.020539152759948665
2023-01-02,76400,79500,73500,73900,88488,-0.03145478374836175
2023-01-03,74100,76100,73000,76100,70140,0.02976995940460081
2023-01-04,74500,77100,73800,76800,56458,0.009198423127463773
2023-01-05,78100,79500,75100,75600,73558,-0.015625
2023-01-06,75000,79500,74600,78400,81036,0.03703703703703698
2023-01-09,79000,81300,78000,81300,80464,0.036989795918367374
2023-01-10,81800,83000,80200,80600,80589,-0.008610086100861003
2023-01-11,81500,82700,80000,82500,69915,0.023573200992555776
2023-01-12,83600,87400,83200,85400,164705,0.035151515151515156
2023-01-13,86000,86200,83700,84600,57826,-0.00936768149882905
2023-01-16,84800,84900,83600,83800,34706,-0.009456264775413725
2023-01-17,83500,84400,81200,82000,47153,-0.021479713603818618
2023-01-18,82500,82600,80100,80300,33667,-0.02073170731707319
2023-01-19,79400,80100,79000,79500,23429,-0.00996264009962644
2023-01-20,80400,82300,80300,82100,51670,0.03270440251572326
2023-01-25,82600,84200,82500,83600,51776,0.018270401948842885
2023-01-26,84200,93500,83700,89500,372114,0.07057416267942584
2023-01-27,92300,92900,88100,88600,154759,-0.010055865921787754
2023-01-30,88700,91000,88700,90100,85842,0.016930022573363512
2023-01-31,88900,90800,88700,89800,64163,-0.0033296337402886067
2023-02-01,90200,91900,89800,91300,85285,0.016703786191536674
2023-02-02,93400,103100,91300,100000,591737,0.095290251916758
2023-02-03,99800,101200,97000,99000,212955,-0.010000000000000009
2023-02-06,97600,101600,97600,98000,282844,-0.010101010101010055
2023-02-07,99600,101500,98200,99800,506585,0.01836734693877551
2023-02-08,101900,102400,99400,100400,225806,0.006012024048096087
2023-02-09,100300,103500,99100,101000,300861,0.005976095617529875
2023-02-10,102300,103100,98500,99300,250038,-0.016831683168316847
2023-02-13,98800,100100,96700,97200,116410,-0.02114803625377648
2023-02-14,98200,98600,94200,95200,115192,-0.020576131687242816
2023-02-15,96000,100100,94500,95400,239614,0.0021008403361344463
2023-02-16,97700,104200,97600,103700,637470,0.08700209643605872
2023-02-17,103500,118700,102000,110200,1174707,0.06268081002892956
2023-02-20,111000,112000,106100,108100,294517,-0.019056261343012748
2023-02-21,108900,113000,106600,112900,306678,0.044403330249768835
2023-02-22,110300,116900,107000,109600,461665,-0.029229406554473036
2023-02-23,111400,111500,104700,109000,247335,-0.005474452554744547
2023-02-24,111000,117500,111000,116100,582996,0.06513761467889911
2023-02-27,117000,119000,114800,117800,372614,0.014642549526270532
2023-02-28,119800,123100,114100,116400,430946,-0.011884550084889645
2023-03-02,118000,145300,117500,132500,2680055,0.1383161512027491
2023-03-03,134800,134900,128500,133900,477324,0.010566037735848965
2023-03-06,137300,137300,130300,136500,425415,0.01941747572815533
2023-03-07,133700,135000,129400,129500,298758,-0.05128205128205132
2023-03-08,127100,136700,127000,132300,360081,0.021621621621621623
2023-03-09,131900,133300,119700,123500,302161,-0.06651549508692367
2023-03-10,117500,121800,115900,116200,211447,-0.059109311740890735
2023-03-13,115900,118700,113000,118600,221284,0.0206540447504302
2023-03-14,119400,123700,115500,116000,266271,-0.021922428330522714
2023-03-15,120100,123500,116500,118000,275494,0.01724137931034475
2023-03-16,119600,119600,110600,113300,186590,-0.039830508474576254
2023-03-17,115300,115400,107500,108000,175526,-0.04677846425419241
2023-03-20,104100,110000,103500,109000,107166,0.0092592592592593
2023-03-21,110500,114300,109200,112700,135027,0.03394495412844045
2023-03-22,114600,117500,112900,114000,160342,0.011535048802129522
2023-03-23,111900,119300,111500,113900,271324,-0.0008771929824561431
2023-03-24,117300,117400,111800,114000,115211,0.0008779631255486642
2023-03-27,114700,123200,114700,119800,498627,0.050877192982456076
2023-03-28,120800,121800,116800,119200,143203,-0.005008347245408995
2023-03-29,119500,120100,117200,118000,118092,-0.010067114093959773
2023-03-30,118000,119400,113200,113900,140225,-0.03474576271186436
2023-03-31,113000,113900,110200,110900,115798,-0.026338893766461813
2023-04-03,111000,117000,111000,116900,241054,0.05410279531109108
2023-04-04,117000,119100,113500,114300,190832,-0.022241231822070162
2023-04-05,115300,115300,112300,115000,91611,0.006124234470691103
2023-04-06,113400,116200,110500,110900,148518,-0.03565217391304343
2023-04-07,111700,114100,111600,113000,82137,0.018935978358881833
2023-04-10,113000,113500,109100,110000,176881,-0.026548672566371723
2023-04-11,109900,111000,105100,108700,113912,-0.011818181818181839
2023-04-12,108800,112100,105800,105800,120102,-0.026678932842686298
2023-04-13,104100,104500,100400,103000,76727,-0.026465028355387554
2023-04-14,104600,105000,102600,103100,60515,0.000970873786407811
2023-04-17,103000,104000,100900,102100,68349,-0.009699321047526688
2023-04-18,101600,103200,99700,101100,84367,-0.009794319294809006
2023-04-19,100900,103800,100500,102600,62294,0.014836795252225476
2023-04-20,101600,103700,99000,99100,77756,-0.03411306042884987
2023-04-21,98000,100500,96500,97000,57673,-0.021190716448032276
2023-04-24,95000,99800,94900,97700,61365,0.007216494845360799
2023-04-25,97900,98800,91000,91900,88521,-0.05936540429887416
2023-04-26,90900,95800,90900,92000,68801,0.0010881392818280489
2023-04-27,91200,93200,89600,93100,45700,0.011956521739130421
2023-04-28,94600,95000,89800,89800,61650,-0.03544575725026855
2023-05-02,89900,92100,89800,91000,41465,0.013363028953229383
2023-05-03,90900,91800,89900,90000,25188,-0.01098901098901095
2023-05-04,90000,91700,89000,90500,32812,0.005555555555555536
2023-05-08,91300,93900,90300,90300,47361,-0.0022099447513812542
2023-05-09,90300,90700,88100,88600,29581,-0.018826135105204922
2023-05-10,88100,90000,87800,87900,19089,-0.007900677200902928
2023-05-11,88100,89800,86800,87700,24100,-0.0022753128555176305
2023-05-12,87700,88000,86200,86200,32414,-0.01710376282782211
2023-05-15,85600,85800,83400,85600,37457,-0.00696055684454755
2023-05-16,85500,86600,82800,83700,42396,-0.02219626168224298
2023-05-17,84000,86900,83600,86800,53532,0.03703703703703698
2023-05-18,87900,88200,85700,85900,32373,-0.010368663594470084
2023-05-19,86200,86900,84900,86300,26834,0.00465657741559955
2023-05-22,86300,88400,85800,87300,39804,0.011587485515643037
2023-05-23,87700,89700,87300,88000,58715,0.008018327605956443
2023-05-24,88000,89100,87200,88000,29107,0.0
2023-05-25,88200,89300,86200,86300,34104,-0.01931818181818179
2023-05-26,86300,86900,84700,84700,27016,-0.018539976825028948
2023-05-30,85500,87300,85000,86500,25437,0.02125147579693043
2023-05-31,86400,89400,86300,88500,41004,0.023121387283236983
2023-06-01,89100,89600,87500,87500,32300,-0.011299435028248594
2023-06-02,88200,89900,87700,89900,34354,0.027428571428571358
2023-06-05,90500,92500,89800,91100,37800,0.013348164627363657
2023-06-07,90300,92400,90300,91900,41734,0.008781558726673966
2023-06-08,90800,91500,89500,89800,36938,-0.02285092491838958
2023-06-09,90500,93300,89800,92800,54274,0.03340757238307357
2023-06-12,93400,97100,93400,95600,98358,0.030172413793103425
2023-06-13,96800,97500,94100,96100,76614,0.0052301255230124966
2023-06-14,97000,97100,90600,91500,77619,-0.04786680541103017
2023-06-15,93300,95700,91800,93400,55604,0.02076502732240426
2023-06-16,93500,94000,92300,93300,25348,-0.0010706638115631772
2023-06-19,94600,95400,93300,93900,34475,0.006430868167202508
2023-06-20,93400,93800,91700,91700,27784,-0.023429179978700754
2023-06-21,92400,92400,89000,89000,44820,-0.0294438386041439
2023-06-22,88000,91000,87500,88800,22316,-0.0022471910112359383
2023-06-23,89500,89500,86900,87000,27404,-0.020270270270270285
2023-06-26,86800,87000,85000,86000,23344,-0.011494252873563204
2023-06-27,85500,86000,84100,84600,30136,-0.016279069767441867
2023-06-28,84700,86000,83900,84800,25415,0.0023640661938533203
2023-06-29,83700,85500,83400,83600,19293,-0.014150943396226467
2023-06-30,83200,83900,81200,83900,24360,0.0035885167464115852
2023-07-03,85200,86700,84500,86700,31842,0.033373063170440975
2023-07-04,86700,86800,84200,84600,28825,-0.02422145328719727
2023-07-05,84000,87900,83500,86100,39666,0.01773049645390068
2023-07-06,85700,85700,83100,83100,34819,-0.03484320557491294
2023-07-07,83000,83000,81100,81400,24693,-0.020457280385078214
2023-07-10,81300,81400,77900,79500,34663,-0.023341523341523396
2023-07-11,79500,80900,79500,80700,18831,0.015094339622641506
2023-07-12,81100,82400,79600,79900,23459,-0.009913258983890949
2023-07-13,80000,81400,79600,79600,30488,-0.003754693366708417
2023-07-14,80400,80900,78100,79900,34384,0.0037688442211054607
2023-07-17,80400,80400,78400,79100,21625,-0.010012515644555742
2023-07-18,79200,97500,79200,92600,885960,0.170670037926675
2023-07-19,89900,90400,87200,89500,239350,-0.03347732181425489
2023-07-20,99800,109400,95600,95800,1495661,0.07039106145251406
2023-07-21,99100,104400,98100,101000,556043,0.05427974947807934
2023-07-24,100200,104400,97000,103800,401850,0.027722772277227747
2023-07-25,105800,106000,99600,99800,250848,-0.038535645472061675
2023-07-26,98400,105500,90600,93000,658960,-0.06813627254509014
2023-07-27,94700,94800,88200,88500,108791,-0.048387096774193505
2023-07-28,86500,91800,86500,89500,75826,0.011299435028248483
2023-07-31,89300,92600,89200,92200,62336,0.03016759776536304
2023-08-01,93200,93200,89100,91200,72831,-0.010845986984815648
2023-08-02,91000,94600,89400,89700,76720,-0.016447368421052655
2023-08-03,91000,91500,87700,89400,58734,-0.0033444816053511683
2023-08-04,88800,89800,88100,88300,35729,-0.01230425055928408
2023-08-07,88000,88000,83000,83400,80644,-0.05549263873159682
2023-08-08,83400,84900,82600,83500,37933,0.0011990407673860837
2023-08-09,83700,88700,82800,87900,58866,0.052694610778443174
2023-08-10,87900,103800,86600,92000,587254,0.04664391353811159
2023-08-11,90000,93800,89100,91600,89408,-0.004347826086956497
2023-08-14,91800,93000,88900,89100,54458,-0.02729257641921401
2023-08-16,86200,88300,84700,84700,54981,-0.04938271604938271
2023-08-17,83100,85900,82200,85000,42745,0.0035419126328217754
2023-08-18,83100,84900,82700,83500,29634,-0.01764705882352946
2023-08-21,83000,85800,82900,84500,26403,0.011976047904191711
2023-08-22,85000,86200,83700,84100,24571,-0.004733727810650845
2023-08-23,84200,84700,83000,83000,20600,-0.013079667063020217
2023-08-24,83300,84200,82700,84000,19125,0.012048192771084265
2023-08-25,82600,84400,82500,83400,15056,-0.0071428571428571175
2023-08-28,84400,86500,83500,85100,29990,0.020383693045563644
2023-08-29,85300,86500,85000,85100,19983,0.0
2023-08-30,86100,86900,84900,85300,19642,0.00235017626321965
2023-08-31,86000,89600,85600,86400,67352,0.01289566236811246
2023-09-01,86900,87000,84300,84800,35235,-0.01851851851851849
2023-09-04,83900,85300,83700,85200,22545,0.004716981132075526
2023-09-05,85200,85200,84100,84900,17121,-0.0035211267605633756
2023-09-06,85100,85300,83200,83700,24239,-0.014134275618374548
2023-09-07,83100,83700,82200,82200,25391,-0.017921146953404965
2023-09-08,82200,83500,82100,82900,14859,0.008515815085158085
2023-09-11,82100,82500,80600,81100,25740,-0.021712907117008462
2023-09-12,81100,81800,79200,79400,28402,-0.020961775585696674
2023-09-13,79000,79900,77900,78000,22645,-0.017632241813602012
2023-09-14,78000,79500,78000,78700,16666,0.008974358974358942
2023-09-15,79200,81400,79000,80700,27243,0.02541296060991116
2023-09-18,80400,82000,79300,81200,19370,0.006195786864931829
2023-09-19,80600,80800,79100,79400,15341,-0.022167487684729092
2023-09-20,79900,80000,79000,79400,10522,0.0
2023-09-21,78800,79100,77000,77000,22514,-0.030226700251889116
2023-09-22,76600,77000,75100,75700,18305,-0.016883116883116833
2023-09-25,75000,75300,73000,73000,21579,-0.03566710700132103
2023-09-26,73000,74200,70100,70200,28450,-0.0383561643835616
2023-09-27,68500,73000,68500,71900,23889,0.024216524216524205
2023-10-04,70900,71000,67200,67500,25069,-0.061196105702364445
2023-10-05,68400,68800,66000,66000,18039,-0.022222222222222254
2023-10-06,65000,67500,65000,66900,17345,0.013636363636363669
2023-10-10,66400,67600,63700,63800,20553,-0.046337817638266054
2023-10-11,64900,67500,64700,67200,19478,0.053291536050156685
2023-10-12,67400,69500,67400,68800,15064,0.023809523809523725
2023-10-13,68300,69200,67100,67900,8544,-0.013081395348837233
2023-10-16,67000,67100,65500,66100,11143,-0.026509572901325495
2023-10-17,66300,69000,66300,67600,13732,0.0226928895612708
2023-10-18,67700,68200,66100,66400,8239,-0.017751479289940808
2023-10-19,65100,66000,62500,62700,24170,-0.05572289156626509
2023-10-20,61800,62300,58400,59900,32589,-0.044657097288676284
2023-10-23,59100,60700,59000,59000,15026,-0.015025041736227096
2023-10-24,59000,62200,57100,62100,18180,0.05254237288135588
2023-10-25,61800,62400,59000,59500,16772,-0.041867954911433136
2023-10-26,57400,59500,56300,56300,18863,-0.05378151260504205
2023-10-27,56000,58300,55600,56700,23770,0.007104795737122638
2023-10-30,55900,58200,55900,57900,14455,0.021164021164021163
2023-10-31,58400,58400,55200,55600,19591,-0.03972366148531947
2023-11-01,55700,56700,54500,55000,15196,-0.010791366906474864
2023-11-02,55900,57600,55700,57400,18889,0.043636363636363695
2023-11-03,58600,60600,58200,59300,17603,0.03310104529616731
2023-11-06,61500,67400,60800,67000,72365,0.1298482293423271
2023-11-07,67600,67700,62300,64100,30294,-0.043283582089552186
2023-11-08,63400,65100,62400,62500,17088,-0.0249609984399376
2023-11-09,64000,64400,61000,61200,14846,-0.02080000000000004
2023-11-10,60000,60800,59500,60500,10221,-0.011437908496731986
2023-11-13,62200,62200,58300,59300,11415,-0.01983471074380161
2023-11-14,59800,61800,59800,60800,13039,0.025295109612141653
2023-11-15,62500,63500,61600,61800,16951,0.016447368421052655
2023-11-16,61800,66500,61200,62700,57485,0.014563106796116498
2023-11-17,63700,63700,61200,62000,13484,-0.011164274322169043
2023-11-20,62000,65000,61500,63600,22217,0.02580645161290329
2023-11-21,64400,64400,63100,64000,12854,0.0062893081761006275
2023-11-22,64000,64400,63100,63500,8906,-0.0078125
2023-11-23,64000,64800,63300,63900,14902,0.006299212598425141
2023-11-24,63400,64700,63400,64300,9750,0.006259780907668322
2023-11-27,64600,64600,63000,63000,10526,-0.02021772939346811
2023-11-28,63100,64000,62600,62700,9552,-0.004761904761904745
2023-11-29,62700,64500,62200,64300,15298,0.02551834130781505
2023-11-30,64200,66300,64000,65200,24646,0.013996889580093264
2023-12-01,65200,65500,63700,64000,10240,-0.018404907975460127
2023-12-04,64000,65800,63600,64500,12466,0.0078125
2023-12-05,63400,64900,63200,63800,14457,-0.010852713178294615
2023-12-06,63300,64300,63200,63500,9353,-0.00470219435736674
2023-12-07,63400,63500,61700,62500,13085,-0.015748031496062964
2023-12-08,63100,66000,63100,64700,27646,0.0351999999999999
2023-12-11,64700,66100,64200,65000,18026,0.004636785162287493
2023-12-12,64300,65600,64100,65300,11428,0.004615384615384688
2023-12-13,65900,66200,63800,63900,19162,-0.02143950995405819
2023-12-14,64900,70600,64900,67200,163208,0.05164319248826299
2023-12-15,67500,69500,65300,66200,52475,-0.014880952380952328
2023-12-18,67900,69000,66400,68400,49165,0.0332326283987916
2023-12-19,69000,70000,67500,69600,48922,0.01754385964912286
2023-12-20,71100,71100,69400,70500,49498,0.012931034482758674
2023-12-21,70600,70900,68800,69600,39513,-0.012765957446808529
2023-12-22,70500,72500,70100,70100,46622,0.007183908045977017
2023-12-26,70000,70800,68000,68500,25091,-0.022824536376604865
2023-12-27,68500,69200,68200,68400,20573,-0.0014598540145985828
2023-12-28,68400,69100,67900,69100,14736,0.01023391812865504
2024-01-02,69100,69100,68100,68500,14348,-0.00868306801736618
2024-01-03,68200,68200,66500,66900,17190,-0.023357664233576658
2024-01-04,66400,68900,66400,68900,18916,0.029895366218236186
2024-01-05,68900,70100,67600,69700,22418,0.011611030478954953
2024-01-08,70000,70000,68100,68500,17532,-0.017216642754662836
2024-01-09,69500,69500,67700,68000,13517,-0.007299270072992692
2024-01-10,67900,68300,66600,66800,13834,-0.01764705882352946
2024-01-11,66800,67400,66500,66500,23291,-0.004491017964071808
2024-01-12,67000,67000,65100,65700,14797,-0.012030075187969946
2024-01-15,66000,66100,63500,64000,18733,-0.025875190258751957
2024-01-16,64000,64500,63000,63600,11174,-0.006249999999999978
2024-01-17,63100,64000,61100,61100,14654,-0.03930817610062898
2024-01-18,60600,62400,60300,61200,11180,0.0016366612111293755
2024-01-19,61100,62100,60900,61500,11867,0.004901960784313708
2024-01-22,60800,60900,58400,58800,24892,-0.04390243902439028
2024-01-23,58000,58900,57500,57800,16417,-0.017006802721088454
2024-01-24,57700,58200,57000,57800,11375,0.0
2024-01-25,57600,57600,55500,57200,20821,-0.01038062283737029
2024-01-26,57200,59300,56500,58700,18195,0.02622377622377625
2024-01-29,58300,59700,57000,57600,18486,-0.01873935264054516
2024-01-30,57900,59200,56900,57500,14021,-0.0017361111111111605
2024-01-31,57500,58000,56300,56600,11160,-0.01565217391304352
2024-02-01,56600,56600,54600,55700,26170,-0.01590106007067138
2024-02-02,55900,57500,55900,57300,14596,0.02872531418312385
2024-02-05,58000,58000,53600,56300,10084,-0.017452006980802848
2024-02-06,56300,56300,54600,55400,10452,-0.01598579040852577
2024-02-07,56800,57000,55000,55900,12462,0.00902527075812265
2024-02-08,56300,56900,55900,56500,10247,0.01073345259391778
2024-02-13,56900,58500,56200,57500,17810,0.017699115044247815
2024-02-14,57200,58900,56000,58600,15220,0.019130434782608674
2024-02-15,58800,60500,58400,60400,24137,0.030716723549488067
2024-02-16,61600,61900,60600,61000,26487,0.009933774834437026
2024-02-19,60900,61200,59700,59800,13975,-0.01967213114754096
2024-02-20,59500,62200,58700,62200,58326,0.04013377926421402
2024-02-21,62200,63800,61200,62500,26090,0.004823151125401992
2024-02-22,62200,62500,61100,61200,16438,-0.02080000000000004
2024-02-23,60800,61800,59200,61000,26328,-0.0032679738562091387
2024-02-26,60500,61000,59900,60200,8938,-0.013114754098360604
2024-02-27,60500,60500,58400,58400,17984,-0.029900332225913595
2024-02-28,58500,63000,58500,61000,34195,0.044520547945205546
2024-02-29,61000,61000,59300,59600,16647,-0.022950819672131195
2024-03-04,59800,60900,59000,59600,13017,0.0
2024-03-05,58700,59500,58000,58100,14198,-0.025167785234899376
2024-03-06,57300,58800,57200,57600,13265,-0.008605851979345935
2024-03-07,57200,59500,56600,59000,24810,0.02430555555555558
2024-03-08,59600,60500,58900,59600,17552,0.01016949152542379
2024-03-11,59600,59600,58200,58500,10825,-0.01845637583892612
2024-03-12,59200,61000,58400,60900,31630,0.0410256410256411
2024-03-13,62300,62300,59900,60600,20659,-0.0049261083743842304
2024-03-14,60300,60500,58600,59000,18915,-0.02640264026402639
2024-03-15,58800,58800,57700,58000,15000,-0.016949152542372836
2024-03-18,58000,60900,57600,59200,23385,0.020689655172413834
2024-03-19,59500,60100,58600,59500,11610,0.0050675675675675436
2024-03-20,59500,60400,58200,58300,14377,-0.020168067226890796
2024-03-21,58400,60500,58300,58300,9644,0.0
2024-03-22,58600,59100,58400,59000,8702,0.012006861063464935
2024-03-25,59500,59800,58700,59400,10470,0.006779661016949046
2024-03-26,58900,60000,58100,58500,18637,-0.015151515151515138
2024-03-27,59000,59500,57800,58200,12246,-0.00512820512820511
2024-03-28,57800,58200,56900,57000,20434,-0.020618556701030966
2024-03-29,57800,57800,56600,57100,10886,0.0017543859649122862
2024-04-01,56900,58500,56900,57800,15587,0.012259194395796813
2024-04-02,57800,57800,56300,56300,16952,-0.02595155709342556
2024-04-03,55700,56000,54100,54600,21791,-0.030195381882770822
2024-04-04,54600,55200,52200,52200,28756,-0.04395604395604391
2024-04-05,52100,52200,49900,50200,27605,-0.03831417624521072
2024-04-08,50300,50300,47900,49250,25351,-0.018924302788844605
2024-04-09,48800,50200,48350,48600,17697,-0.013197969543147225
2024-04-11,47400,48000,47200,48000,10592,-0.012345679012345734
2024-04-12,47700,48400,47000,47000,10661,-0.02083333333333337
2024-04-15,46500,46500,43900,45200,18812,-0.03829787234042559
2024-04-16,44450,44600,42050,42400,25000,-0.06194690265486724
2024-04-17,42400,43150,41700,42000,15516,-0.009433962264150941
2024-04-18,41600,45000,41600,44600,17465,0.06190476190476191
2024-04-19,44300,44500,42450,43650,10750,-0.02130044843049328
2024-04-22,43300,45100,43300,44900,9321,0.028636884306987298
2024-04-23,44500,45200,44150,44150,7441,-0.016703786191536785
2024-04-24,45000,45600,44700,45500,9438,0.0305775764439411
2024-04-25,45100,45550,44850,45150,4811,-0.007692307692307665
2024-04-26,45150,45750,44300,44700,4430,-0.009966777408637828
2024-04-29,44950,46550,44700,46300,8527,0.03579418344519025
2024-04-30,46650,47800,46150,47000,16701,0.015118790496760237
2024-05-02,46450,47200,45550,46550,8022,-0.009574468085106425
2024-05-03,47000,47950,46500,47100,5344,0.011815252416756072
2024-05-07,47200,47450,46300,46900,7041,-0.00424628450106157
2024-05-08,46550,47500,46500,47450,4582,0.011727078891258014
2024-05-09,47450,47750,46000,46000,7314,-0.030558482613277094
2024-05-10,46050,46950,45500,46000,7563,0.0
2024-05-13,45450,46000,44450,45150,6560,-0.018478260869565166
2024-05-14,44700,45750,44700,45350,5544,0.0044296788482836025
2024-05-16,45450,46150,45250,45900,5366,0.012127894156560126
2024-05-17,45900,57500,45200,52800,686863,0.15032679738562083
2024-05-20,53300,54400,52200,52500,70568,-0.005681818181818232
2024-05-21,53300,53400,51000,51200,40927,-0.024761904761904763
2024-05-22,50900,51600,49250,49300,35719,-0.037109375
2024-05-23,49500,50800,49200,49500,26425,0.0040567951318457585
2024-05-24,49600,49900,47900,48000,23947,-0.030303030303030276
2024-05-27,48000,50200,47450,50100,32806,0.043749999999999956
2024-05-28,50400,50800,49300,49550,35361,-0.010978043912175606
2024-05-29,49550,49700,47800,48050,19011,-0.030272452068617506
2024-05-30,48050,48650,47800,47800,9885,-0.005202913631633721
2024-05-31,47350,50500,47300,49300,32510,0.03138075313807542
2024-06-03,48800,49600,48400,48400,12515,-0.018255578093306246
2024-06-04,48050,50500,48050,49400,31847,0.02066115702479343
2024-06-05,50000,51500,49800,49800,48669,0.00809716599190291
2024-06-07,50500,51300,49350,50800,29456,0.02008032128514059
2024-06-10,50800,50800,49900,49950,17906,-0.0167322834645669
2024-06-11,49900,52400,49900,51300,49507,0.027027027027026973
2024-06-12,52000,52500,50800,51000,30582,-0.005847953216374324
2024-06-13,51400,51900,50800,51000,16189,0.0
2024-06-14,51300,51700,50300,50800,26180,-0.0039215686274509665
2024-06-17,50500,50700,48900,49000,21728,-0.03543307086614178
2024-06-18,48800,49500,48000,48100,17487,-0.01836734693877551
2024-06-19,48000,48650,47750,48400,15325,0.006237006237006293
2024-06-20,48700,49050,47900,47950,13745,-0.009297520661157077
2024-06-21,47950,48050,46750,46800,10717,-0.023983315954118845
2024-06-24,46900,47100,45250,45600,12216,-0.02564102564102566
2024-06-25,45250,46450,44800,45450,13469,-0.003289473684210509
2024-06-26,45100,46450,45050,45500,7232,0.0011001100110010764
