Date,Open,High,Low,Close,Volume,Change
2022-01-03,2060,2085,2040,2085,292400,0.019559902200489088
2022-01-04,2085,2155,2080,2145,1020449,0.02877697841726623
2022-01-05,2145,2165,2095,2120,627676,-0.011655011655011704
2022-01-06,2065,2170,2050,2090,656194,-0.014150943396226467
2022-01-07,2105,2165,2105,2120,395468,0.014354066985645897
2022-01-10,2135,2150,2060,2070,323793,-0.02358490566037741
2022-01-11,2070,2080,2015,2035,240781,-0.016908212560386437
2022-01-12,2040,2135,2030,2115,489142,0.039312039312039415
2022-01-13,2115,2285,2105,2125,2523725,0.004728132387706863
2022-01-14,2080,2140,2060,2115,391955,-0.004705882352941226
2022-01-17,2095,2120,2065,2070,320597,-0.021276595744680882
2022-01-18,2060,2120,1995,2000,460126,-0.033816425120772986
2022-01-19,1975,2025,1935,1965,264953,-0.01749999999999996
2022-01-20,1955,2025,1955,2015,122435,0.025445292620865034
2022-01-21,2015,2020,1960,1985,134919,-0.01488833746898266
2022-01-24,1970,1970,1875,1880,309210,-0.052896725440806036
2022-01-25,1870,1910,1770,1780,727104,-0.05319148936170215
2022-01-26,1770,1825,1755,1800,237117,0.011235955056179803
2022-01-27,1795,1850,1680,1740,475761,-0.033333333333333326
2022-01-28,1740,1790,1675,1765,261100,0.014367816091954033
2022-02-03,1785,1860,1780,1850,219302,0.04815864022662897
2022-02-04,1850,1890,1825,1880,189301,0.016216216216216273
2022-02-07,1885,1905,1865,1905,116024,0.013297872340425565
2022-02-08,1905,1925,1865,1880,231726,-0.013123359580052507
2022-02-09,1885,1925,1885,1920,137799,0.02127659574468077
2022-02-10,1920,1925,1880,1890,179268,-0.015625
2022-02-11,1885,1900,1840,1885,143584,-0.002645502645502673
2022-02-14,1835,1850,1775,1820,284369,-0.03448275862068961
2022-02-15,1815,1850,1760,1770,201146,-0.027472527472527486
2022-02-16,1815,1880,1815,1880,180652,0.062146892655367214
2022-02-17,1880,1940,1830,1880,280545,0.0
2022-02-18,1875,1895,1840,1895,85744,0.007978723404255428
2022-02-21,1890,1895,1845,1880,89611,-0.0079155672823219
2022-02-22,1825,1890,1800,1855,265626,-0.013297872340425565
2022-02-23,1840,1870,1835,1865,135911,0.005390835579514919
2022-02-24,1850,1855,1780,1780,194346,-0.04557640750670244
2022-02-25,1810,1845,1800,1825,84339,0.02528089887640439
2022-02-28,1830,1840,1800,1840,107271,0.008219178082191858
2022-03-02,1845,1870,1810,1865,128797,0.013586956521739024
2022-03-03,1920,1920,1865,1885,155193,0.01072386058981234
2022-03-04,1895,1895,1865,1890,131794,0.0026525198938991412
2022-03-07,1885,1890,1840,1850,129552,-0.021164021164021163
2022-03-08,1820,1850,1815,1830,127150,-0.010810810810810811
2022-03-10,1845,1870,1830,1850,757038,0.010928961748633892
2022-03-11,2105,2150,1900,1910,7036895,0.03243243243243232
2022-03-14,1910,1980,1910,1920,1069240,0.005235602094240788
2022-03-15,1890,1925,1860,1865,605430,-0.02864583333333337
2022-03-16,1875,1900,1855,1900,585998,0.018766756032171594
2022-03-17,1970,2050,1905,1920,914872,0.010526315789473717
2022-03-18,1935,1940,1910,1940,424489,0.01041666666666674
2022-03-21,1940,1985,1920,1940,443551,0.0
2022-03-22,1965,1965,1930,1955,486776,0.0077319587628865705
2022-03-23,1960,1985,1945,1975,524382,0.010230179028132946
2022-03-24,1955,1980,1950,1980,338138,0.0025316455696202667
2022-03-25,1990,1995,1950,1960,1547757,-0.010101010101010055
2022-03-28,2160,2315,2015,2025,17486133,0.03316326530612246
2022-03-29,2070,2140,2020,2045,3184426,0.009876543209876631
2022-03-30,2075,2090,2025,2040,1450713,-0.0024449877750610804
2022-03-31,2020,2060,2015,2040,729313,0.0
2022-04-01,2040,2040,1995,2010,711866,-0.014705882352941124
2022-04-04,2015,2050,2000,2040,555297,0.014925373134328401
2022-04-05,2050,2060,2020,2040,469591,0.0
2022-04-06,2030,2050,2005,2045,429290,0.002450980392156854
2022-04-07,2025,2030,1990,1995,540999,-0.02444987775061125
2022-04-08,2000,2010,1970,1975,766533,-0.010025062656641603
2022-04-11,1990,2030,1990,2015,455701,0.020253164556962133
2022-04-12,1985,2000,1950,1965,513275,-0.02481389578163773
2022-04-13,1970,2010,1965,2005,307298,0.020356234096692072
2022-04-14,2005,2040,1995,2040,352751,0.0174563591022443
2022-04-15,2020,2090,2010,2070,927522,0.014705882352941124
2022-04-18,2095,2130,2060,2070,1642340,0.0
2022-04-19,2060,2090,2055,2080,394034,0.004830917874396157
2022-04-20,2085,2135,2070,2115,905920,0.016826923076923128
2022-04-21,2125,2155,2095,2130,1056972,0.007092198581560183
2022-04-22,2125,2125,2070,2100,592741,-0.014084507042253502
2022-04-25,2060,2090,2050,2065,431600,-0.01666666666666672
2022-04-26,2075,2220,2075,2195,4674425,0.06295399515738498
2022-04-27,2130,2160,2115,2155,1814477,-0.018223234624145768
2022-04-28,2185,2195,2085,2090,908740,-0.030162412993039456
2022-04-29,2095,2190,2080,2155,2001890,0.031100478468899517
2022-05-02,2100,2140,2090,2120,610564,-0.016241299303944357
2022-05-03,2130,2130,2085,2110,507987,-0.004716981132075526
2022-05-04,2090,2125,2080,2090,457125,-0.009478672985781977
2022-05-06,2060,2075,2000,2030,464842,-0.028708133971291905
2022-05-09,2000,2050,1940,1945,594120,-0.041871921182266014
2022-05-10,1920,1960,1840,1950,512611,0.0025706940874035134
2022-05-11,1955,2035,1955,2015,531407,0.03333333333333344
2022-05-12,2000,2175,1980,2075,2933806,0.02977667493796532
2022-05-13,2140,2145,2035,2055,796440,-0.009638554216867434
2022-05-16,2085,2090,2040,2045,396172,-0.0048661800486617945
2022-05-17,2045,2055,2020,2040,335107,-0.0024449877750610804
2022-05-18,2045,2065,1990,2020,394944,-0.009803921568627416
2022-05-19,1970,2015,1965,2005,542990,-0.007425742574257432
2022-05-20,2030,2095,2030,2085,776047,0.03990024937655856
2022-05-23,2100,2100,2010,2015,677269,-0.033573141486810565
2022-05-24,2030,2145,1985,2000,1538624,-0.007444168734491274
2022-05-25,2020,2025,1985,2015,272177,0.007500000000000062
2022-05-26,2015,2045,2000,2015,361379,0.0
2022-05-27,2020,2035,2005,2015,201505,0.0
2022-05-30,2025,2090,2015,2060,510750,0.022332506203474045
2022-05-31,2080,2100,2055,2060,480578,0.0
2022-06-02,2080,2110,2055,2095,431864,0.016990291262136026
2022-06-03,2105,2140,2055,2070,395222,-0.011933174224343701
2022-06-07,2060,2060,2005,2020,251835,-0.024154589371980673
2022-06-08,2020,2025,1995,2000,316490,-0.00990099009900991
2022-06-09,2010,2025,1955,1995,329488,-0.0024999999999999467
2022-06-10,1980,1985,1940,1955,279860,-0.020050125313283207
2022-06-13,1890,1915,1815,1835,474008,-0.0613810741687979
2022-06-14,1725,1820,1725,1790,682111,-0.02452316076294281
2022-06-15,1785,1810,1685,1730,437549,-0.03351955307262566
2022-06-16,1730,1785,1720,1730,344350,0.0
2022-06-17,1670,1710,1620,1700,435889,-0.017341040462427793
2022-06-20,1715,1725,1545,1570,543827,-0.07647058823529407
2022-06-21,1560,1630,1560,1610,326420,0.02547770700636942
2022-06-22,1630,1640,1500,1500,488643,-0.06832298136645965
2022-06-23,1495,1540,1385,1395,612365,-0.06999999999999995
2022-06-24,1385,1495,1385,1490,497146,0.06810035842293916
2022-06-27,1515,1575,1510,1565,282138,0.05033557046979875
2022-06-28,1555,1625,1555,1610,459417,0.028753993610223683
2022-06-29,1590,1620,1565,1605,314829,-0.0031055900621117516
2022-06-30,1605,1625,1570,1570,289454,-0.02180685358255452
2022-07-01,1570,1605,1515,1535,234673,-0.022292993630573243
2022-07-04,1545,1555,1460,1495,224414,-0.026058631921824116
2022-07-05,1510,1570,1500,1570,206111,0.050167224080267525
2022-07-06,1570,1580,1515,1530,150577,-0.02547770700636942
2022-07-07,1535,1670,1535,1580,1319781,0.03267973856209161
2022-07-08,1600,1630,1600,1610,371201,0.018987341772152
2022-07-11,1620,1650,1595,1610,301298,0.0
2022-07-12,1605,1605,1535,1545,188444,-0.04037267080745344
2022-07-13,1540,1585,1515,1580,189293,0.02265372168284796
2022-07-14,1570,1630,1560,1630,250926,0.03164556962025311
2022-07-15,1615,1670,1560,1600,347506,-0.018404907975460127
2022-07-18,1610,1625,1595,1610,179004,0.006250000000000089
2022-07-19,1610,1655,1595,1645,387504,0.021739130434782705
2022-07-20,1665,1670,1625,1625,356357,-0.012158054711246202
2022-07-21,1640,1670,1635,1660,214122,0.021538461538461506
2022-07-22,1655,1680,1625,1645,221341,-0.009036144578313254
2022-07-25,1650,1675,1635,1655,310256,0.006079027355623046
2022-07-26,1660,1685,1635,1675,274517,0.012084592145015005
2022-07-27,1665,1680,1645,1660,133873,-0.008955223880596996
2022-07-28,1675,1685,1660,1675,199175,0.009036144578313143
2022-07-29,1680,1690,1670,1690,134572,0.008955223880596996
2022-08-01,1685,1695,1670,1685,135138,-0.00295857988165682
2022-08-02,1680,1700,1660,1665,151803,-0.011869436201780381
2022-08-03,1660,1690,1655,1685,103968,0.012012012012011963
2022-08-04,1690,1720,1685,1685,230828,0.0
2022-08-05,1685,1760,1655,1680,358011,-0.0029673590504450953
2022-08-08,1700,1850,1695,1770,2704614,0.0535714285714286
2022-08-09,1770,1805,1745,1790,324507,0.011299435028248483
2022-08-10,1775,1785,1750,1755,258935,-0.019553072625698276
2022-08-11,1770,1780,1745,1755,468531,0.0
2022-08-12,1845,2010,1830,1860,9694181,0.05982905982905984
2022-08-16,1855,1855,1810,1815,633794,-0.024193548387096753
2022-08-17,1815,1825,1790,1800,519056,-0.008264462809917328
2022-08-18,1785,1815,1780,1785,482374,-0.008333333333333304
2022-08-19,1785,1810,1775,1780,265521,-0.0028011204481792618
2022-08-22,1760,1780,1740,1740,421296,-0.022471910112359605
2022-08-23,1750,1750,1685,1695,478057,-0.025862068965517238
2022-08-24,1700,1730,1675,1710,364966,0.008849557522123908
2022-08-25,1740,1760,1725,1745,292531,0.020467836257309857
2022-08-26,1755,1810,1740,1775,419987,0.017191977077363862
2022-08-29,1725,1735,1690,1715,374384,-0.033802816901408406
2022-08-30,1715,1800,1710,1790,561092,0.0437317784256559
2022-08-31,1765,1795,1750,1775,451122,-0.008379888268156388
2022-09-01,1775,1780,1725,1740,264506,-0.019718309859154903
2022-09-02,1740,1775,1725,1730,231780,-0.005747126436781658
2022-09-05,1720,1740,1690,1710,227958,-0.011560693641618491
2022-09-06,1710,1775,1710,1770,281235,0.03508771929824572
2022-09-07,1765,1785,1710,1730,212270,-0.02259887005649719
2022-09-08,1735,1740,1705,1715,108917,-0.00867052023121384
2022-09-13,1740,1750,1730,1750,140834,0.020408163265306145
2022-09-14,1720,1740,1690,1730,219408,-0.011428571428571455
2022-09-15,1735,1755,1720,1730,196474,0.0
2022-09-16,1720,1740,1695,1695,197241,-0.020231213872832332
2022-09-19,1690,1695,1620,1630,269018,-0.03834808259587019
2022-09-20,1650,1685,1645,1685,198632,0.033742331288343586
2022-09-21,1680,1685,1655,1670,145152,-0.008902077151335286
2022-09-22,1635,1655,1600,1625,223118,-0.026946107784431184
2022-09-23,1620,1625,1545,1555,346647,-0.043076923076923124
2022-09-26,1520,1540,1440,1470,434827,-0.054662379421221874
2022-09-27,1415,1465,1395,1450,462547,-0.013605442176870763
2022-09-28,1425,1460,1365,1410,326399,-0.02758620689655178
2022-09-29,1410,1445,1380,1380,269194,-0.021276595744680882
2022-09-30,1360,1400,1340,1395,172088,0.010869565217391353
2022-10-04,1415,1455,1410,1450,262025,0.03942652329749108
2022-10-05,1515,1520,1440,1455,333297,0.0034482758620688614
2022-10-06,1460,1495,1455,1495,141137,0.027491408934707806
2022-10-07,1480,1485,1460,1480,107733,-0.010033444816053505
2022-10-11,1455,1455,1385,1400,144241,-0.05405405405405406
2022-10-12,1375,1400,1370,1380,136261,-0.014285714285714235
2022-10-13,1365,1380,1295,1310,340361,-0.050724637681159424
2022-10-14,1330,1375,1320,1370,167146,0.04580152671755733
2022-10-17,1355,1395,1340,1395,72274,0.018248175182481674
2022-10-18,1410,1440,1400,1430,77714,0.02508960573476693
2022-10-19,1435,1470,1415,1440,181064,0.006993006993007089
2022-10-20,1450,1450,1415,1420,67040,-0.01388888888888884
2022-10-21,1410,1430,1390,1405,66152,-0.010563380281690127
2022-10-24,1420,1450,1410,1425,81941,0.014234875444839812
2022-10-25,1450,1455,1430,1440,73640,0.010526315789473717
2022-10-26,1435,1675,1430,1470,1894291,0.02083333333333326
2022-10-27,1465,1575,1465,1555,670289,0.05782312925170063
2022-10-28,1555,1555,1505,1530,175876,-0.01607717041800638
2022-10-31,1545,1570,1535,1570,179487,0.02614379084967311
2022-11-01,1560,1575,1550,1575,122567,0.0031847133757962887
2022-11-02,1560,1590,1550,1575,158092,0.0
2022-11-03,1545,1560,1505,1560,146437,-0.00952380952380949
2022-11-04,1545,1560,1525,1550,120269,-0.0064102564102563875
2022-11-07,1550,1625,1545,1605,427163,0.03548387096774186
2022-11-08,1700,1715,1610,1640,846175,0.02180685358255441
2022-11-09,1645,1680,1620,1625,255484,-0.009146341463414642
2022-11-10,1605,1640,1600,1625,85980,0.0
2022-11-11,1650,1665,1620,1640,158066,0.009230769230769154
2022-11-14,1640,1690,1640,1665,233564,0.015243902439024293
2022-11-15,1660,1685,1655,1685,147316,0.012012012012011963
2022-11-16,1690,1690,1660,1690,202096,0.0029673590504450953
2022-11-17,1670,1675,1645,1665,121052,-0.014792899408283988
2022-11-18,1665,1670,1640,1660,92846,-0.0030030030030030463
2022-11-21,1660,1660,1600,1620,202702,-0.02409638554216864
2022-11-22,1605,1655,1605,1645,123401,0.015432098765432167
2022-11-23,1650,1720,1645,1680,381481,0.02127659574468077
2022-11-24,1700,1710,1675,1700,273949,0.011904761904761862
2022-11-25,1700,1710,1680,1695,97780,-0.002941176470588225
2022-11-28,1700,1710,1665,1695,226277,0.0
2022-11-29,1655,1715,1655,1710,110457,0.008849557522123908
2022-11-30,1715,1715,1675,1705,116163,-0.0029239766081871066
2022-12-01,1710,1725,1700,1715,131158,0.0058651026392961825
2022-12-02,1715,1745,1700,1715,190854,0.0
2022-12-05,1715,1720,1685,1690,89930,-0.014577259475218707
2022-12-06,1690,1690,1650,1655,105112,-0.020710059171597628
2022-12-07,1645,1655,1620,1645,79754,-0.0060422960725075026
2022-12-08,1630,1655,1590,1635,117764,-0.006079027355623046
2022-12-09,1630,1635,1605,1625,66485,-0.006116207951070374
2022-12-12,1600,1625,1600,1610,71617,-0.009230769230769265
2022-12-13,1610,1625,1600,1610,50170,0.0
2022-12-14,1600,1635,1600,1635,75757,0.01552795031055898
2022-12-15,1635,1650,1630,1640,63455,0.003058103975535076
2022-12-16,1620,1645,1620,1630,116545,-0.0060975609756097615
2022-12-19,1610,1625,1600,1615,64376,-0.009202453987730008
2022-12-20,1595,1610,1560,1575,206633,-0.024767801857585092
2022-12-21,1565,1580,1550,1560,67141,-0.00952380952380949
2022-12-22,1560,1570,1560,1570,78434,0.0064102564102563875
2022-12-23,1565,1570,1525,1525,100940,-0.0286624203821656
2022-12-26,1525,1535,1510,1520,86937,-0.003278688524590123
2022-12-27,1520,1535,1510,1530,79611,0.006578947368421018
2022-12-28,1540,1540,1505,1505,100458,-0.016339869281045805
2022-12-29,1495,1505,1430,1465,95656,-0.02657807308970095
2023-01-02,1470,1495,1440,1440,133173,-0.017064846416382284
2023-01-03,1410,1455,1380,1455,154404,0.01041666666666674
2023-01-04,1420,1475,1415,1470,83954,0.010309278350515427
2023-01-05,1485,1485,1455,1475,50028,0.00340136054421758
2023-01-06,1475,1500,1460,1500,74114,0.016949152542372836
2023-01-09,1500,1550,1500,1535,85616,0.023333333333333428
2023-01-10,1535,1550,1525,1535,47458,0.0
2023-01-11,1545,1550,1535,1550,26120,0.009771986970684043
2023-01-12,1555,1565,1550,1555,45665,0.003225806451612856
2023-01-13,1560,1575,1555,1570,44859,0.009646302250803762
2023-01-16,1565,1585,1555,1565,46426,-0.0031847133757961776
2023-01-17,1565,1570,1540,1550,44497,-0.009584664536741228
2023-01-18,1530,1540,1515,1540,69876,-0.006451612903225823
2023-01-19,1525,1530,1495,1500,90283,-0.025974025974025983
2023-01-20,1500,1515,1490,1515,72470,0.010000000000000009
2023-01-25,1520,1557,1516,1553,150610,0.02508250825082503
2023-01-26,1548,1575,1548,1575,111451,0.014166130070830674
2023-01-27,1585,1599,1578,1585,87897,0.006349206349206327
2023-01-30,1587,1595,1552,1574,70843,-0.006940063091482651
2023-01-31,1570,1588,1558,1576,49350,0.0012706480304955914
2023-02-01,1573,1591,1573,1579,104516,0.0019035532994924331
2023-02-02,1581,1594,1581,1590,48196,0.006966434452184922
2023-02-03,1602,1604,1581,1589,51529,-0.0006289308176100628
2023-02-06,1589,1589,1540,1574,98789,-0.009439899307740696
2023-02-07,1564,1585,1564,1580,51630,0.003811944091486552
2023-02-08,1595,1610,1582,1610,89457,0.018987341772152
2023-02-09,1610,1679,1596,1679,293812,0.04285714285714293
2023-02-10,1671,1709,1654,1657,583249,-0.01310303752233477
2023-02-13,1740,1748,1654,1654,784564,-0.0018105009052504784
2023-02-14,1669,1671,1580,1652,165340,-0.0012091898428052694
2023-02-15,1665,1668,1606,1612,134888,-0.02421307506053272
2023-02-16,1606,1653,1594,1652,160702,0.02481389578163773
2023-02-17,1651,1663,1646,1657,95682,0.003026634382566673
2023-02-20,1650,1674,1639,1671,100263,0.00844900422450201
2023-02-21,1671,1678,1660,1663,79490,-0.004787552363853975
2023-02-22,1651,1658,1628,1638,61043,-0.015033072760072153
2023-02-23,1637,1654,1620,1654,84251,0.009768009768009733
2023-02-24,1671,1671,1634,1645,92125,-0.0054413542926239344
2023-02-27,1636,1644,1618,1634,81313,-0.006686930091185372
2023-02-28,1630,1684,1630,1681,201144,0.028763769889840862
2023-03-02,1682,1688,1668,1681,138971,0.0
2023-03-03,1685,1699,1665,1691,146022,0.005948839976204656
2023-03-06,1691,1705,1683,1699,138955,0.004730928444707239
2023-03-07,1699,1699,1670,1694,76577,-0.002942907592701549
2023-03-08,1676,1700,1661,1679,136890,-0.008854781582054327
2023-03-09,1685,1767,1679,1719,1301941,0.0238237045860632
2023-03-10,1705,1709,1642,1643,181716,-0.04421175101803376
2023-03-13,1626,1634,1595,1632,169230,-0.0066950699939135605
2023-03-14,1615,1615,1564,1580,186289,-0.031862745098039214
2023-03-15,1580,1633,1580,1630,130401,0.03164556962025311
2023-03-16,1614,1639,1589,1616,59181,-0.008588957055214674
2023-03-17,1617,1655,1600,1619,111848,0.0018564356435644136
2023-03-20,1613,1635,1612,1615,51640,-0.002470660901791266
2023-03-21,1620,1632,1590,1596,81947,-0.0117647058823529
2023-03-22,1596,1615,1594,1609,58362,0.008145363408521344
2023-03-23,1612,1612,1580,1585,66020,-0.014916096954630254
2023-03-24,1591,1599,1582,1596,57927,0.006940063091482651
2023-03-27,1590,1605,1551,1590,98101,-0.003759398496240629
2023-03-28,1589,1607,1588,1606,103568,0.010062893081761004
2023-03-29,1606,1648,1606,1645,178278,0.02428393524283945
2023-03-30,1645,1688,1633,1671,235973,0.015805471124620052
2023-03-31,1671,1678,1650,1669,157702,-0.0011968880909635216
2023-04-03,1669,1713,1669,1707,464645,0.022768124625524244
2023-04-04,1690,1710,1690,1699,185401,-0.004686584651435233
2023-04-05,1699,1715,1671,1708,171760,0.005297233666862855
2023-04-06,1702,1707,1672,1680,95435,-0.016393442622950838
2023-04-07,1690,1691,1660,1670,136586,-0.005952380952380931
2023-04-10,1680,1685,1640,1649,143267,-0.012574850299401197
2023-04-11,1643,1731,1635,1717,429509,0.04123711340206193
2023-04-12,1765,1812,1726,1810,3237448,0.05416423995340702
2023-04-13,2055,2060,1815,1837,5567293,0.014917127071823133
2023-04-14,1815,1837,1782,1782,857920,-0.029940119760479056
2023-04-17,1799,1863,1765,1852,678132,0.03928170594837255
2023-04-18,1850,1852,1769,1794,568129,-0.03131749460043198
2023-04-19,1792,1845,1774,1840,559644,0.02564102564102555
2023-04-20,1840,1847,1760,1783,589348,-0.030978260869565233
2023-04-21,1752,1772,1707,1711,510184,-0.04038137969713962
2023-04-24,1711,1745,1670,1722,395408,0.006428988895382792
2023-04-25,1722,1800,1680,1794,602845,0.04181184668989557
2023-04-26,1761,1766,1715,1719,445460,-0.041806020066889604
2023-04-27,1719,1782,1715,1763,469707,0.025596276905177406
2023-04-28,1772,1776,1712,1718,267599,-0.02552467385138968
2023-05-02,1733,1780,1722,1777,491412,0.03434225844004657
2023-05-03,1777,1818,1767,1800,409498,0.01294316263365225
2023-05-04,1778,1804,1772,1791,259584,-0.0050000000000000044
2023-05-08,1793,1834,1786,1819,469167,0.015633724176437713
2023-05-09,1820,1848,1786,1836,349373,0.009345794392523255
2023-05-10,1835,1904,1811,1865,1327377,0.015795206971677578
2023-05-11,1879,1901,1845,1874,910518,0.004825737265415464
2023-05-12,1899,2000,1883,1895,3044957,0.011205976520811012
2023-05-15,1890,1890,1835,1860,454591,-0.01846965699208447
2023-05-16,1850,1900,1830,1840,539635,-0.010752688172043001
2023-05-17,1830,1915,1812,1909,773518,0.03750000000000009
2023-05-18,1909,1912,1878,1888,312723,-0.011000523834468257
2023-05-19,1888,1888,1855,1860,267462,-0.014830508474576232
2023-05-22,1860,1878,1859,1862,148376,0.0010752688172042113
2023-05-23,1866,1881,1848,1849,179404,-0.006981740064446851
2023-05-24,1840,1874,1830,1857,118391,0.004326663061114067
2023-05-25,1857,1875,1822,1844,198338,-0.007000538502961784
2023-05-26,1845,1871,1805,1812,153820,-0.017353579175705014
2023-05-30,1813,1838,1792,1802,161376,-0.0055187637969095205
2023-05-31,1810,1844,1810,1841,142215,0.02164261931187572
2023-06-01,1826,1872,1826,1849,211247,0.004345464421509959
2023-06-02,1849,1857,1833,1836,132782,-0.007030827474310386
2023-06-05,1835,1870,1812,1867,178363,0.01688453159041403
2023-06-07,1867,2185,1855,2040,10566477,0.09266202463845752
2023-06-08,2090,2095,1977,2025,2301170,-0.007352941176470562
2023-06-09,2080,2115,2020,2080,1408719,0.02716049382716057
2023-06-12,2080,2080,1998,2030,504237,-0.024038461538461564
2023-06-13,2010,2035,1940,1969,727974,-0.03004926108374384
2023-06-14,1969,2030,1919,1954,561364,-0.0076180802437785244
2023-06-15,1951,1995,1915,1978,463799,0.0122824974411464
2023-06-16,1978,1988,1935,1937,265750,-0.02072800808897879
2023-06-19,1937,1953,1919,1949,173043,0.006195147134744561
2023-06-20,1949,1970,1913,1925,191192,-0.012314007183170883
2023-06-21,1925,1974,1920,1961,232077,0.018701298701298663
2023-06-22,1951,1961,1903,1907,265530,-0.027536970933197402
2023-06-23,1906,1947,1878,1881,195330,-0.013633980073413765
2023-06-26,1876,1960,1871,1926,151062,0.02392344497607657
2023-06-27,1919,1941,1910,1925,102606,-0.0005192107995846129
2023-06-28,1926,1983,1918,1918,247924,-0.0036363636363636598
2023-06-29,1920,1936,1876,1924,224083,0.0031282586027112647
2023-06-30,1912,1979,1912,1964,440604,0.02079002079002068
2023-07-03,1966,1980,1941,1978,331396,0.007128309572301372
2023-07-04,1980,2025,1951,2010,455799,0.016177957532861553
2023-07-05,2020,2035,1980,1980,249278,-0.014925373134328401
2023-07-06,1976,2100,1969,1995,1199352,0.007575757575757569
2023-07-07,1994,2005,1944,1948,291686,-0.02355889724310778
2023-07-10,1949,2040,1937,1983,445973,0.017967145790554362
2023-07-11,1979,2000,1963,1987,206605,0.0020171457387796465
2023-07-12,1991,2020,1964,1970,203068,-0.008555611474584834
2023-07-13,1971,1980,1937,1947,215371,-0.011675126903553323
2023-07-14,1939,1947,1887,1910,254041,-0.01900359527478168
2023-07-17,1912,1933,1887,1900,168430,-0.005235602094240788
2023-07-18,1928,1928,1832,1841,348902,-0.03105263157894733
2023-07-19,1835,1867,1819,1844,267530,0.0016295491580662347
2023-07-20,1859,1859,1817,1831,127630,-0.007049891540130138
2023-07-21,1818,1861,1792,1816,301334,-0.008192244675040983
2023-07-24,1810,1810,1729,1731,331036,-0.04680616740088106
2023-07-25,1715,1754,1705,1724,131580,-0.004043905257076874
2023-07-26,1727,1740,1621,1658,420723,-0.03828306264501158
2023-07-27,1628,1767,1628,1740,282303,0.049457177322074886
2023-07-28,1715,1770,1715,1746,115954,0.0034482758620688614
2023-07-31,1748,1771,1722,1758,97267,0.0068728522336769515
2023-08-01,1758,1778,1740,1748,101170,-0.005688282138794132
2023-08-02,1748,1760,1693,1725,133374,-0.013157894736842146
2023-08-03,1721,1725,1689,1718,104783,-0.004057971014492789
2023-08-04,1710,1728,1690,1698,140467,-0.011641443538998875
2023-08-07,1709,1714,1649,1662,149979,-0.021201413427561877
2023-08-08,1662,1683,1647,1647,90871,-0.009025270758122761
2023-08-09,1647,1684,1641,1671,75317,0.014571948998178597
2023-08-10,1685,1685,1653,1668,38305,-0.0017953321364452268
2023-08-11,1668,1720,1666,1691,74645,0.013788968824939962
2023-08-14,1691,1700,1667,1689,54043,-0.0011827321111768097
2023-08-16,1685,1685,1605,1605,227191,-0.04973357015985791
2023-08-17,1622,1646,1570,1616,84426,0.006853582554517068
2023-08-18,1578,1665,1578,1631,72761,0.009282178217821846
2023-08-21,1667,1667,1631,1648,29664,0.01042305334150817
2023-08-22,1663,1668,1644,1650,75621,0.0012135922330096527
2023-08-23,1673,1673,1644,1655,60235,0.003030303030302939
2023-08-24,1650,1670,1650,1657,48311,0.0012084592145014117
2023-08-25,1652,1665,1632,1632,64461,-0.015087507543753764
2023-08-28,1649,1664,1627,1664,43900,0.019607843137254832
2023-08-29,1674,1678,1659,1667,49847,0.0018028846153845812
2023-08-30,1667,1678,1664,1667,53407,0.0
2023-08-31,1676,1676,1660,1670,35569,0.00179964007198552
2023-09-01,1678,1684,1667,1676,52711,0.00359281437125758
2023-09-04,1676,1688,1659,1678,57241,0.0011933174224343368
2023-09-05,1663,1715,1659,1686,50721,0.004767580452920139
2023-09-06,1686,1686,1665,1674,41791,-0.007117437722419906
2023-09-07,1720,1720,1660,1668,68383,-0.0035842293906810374
2023-09-08,1678,1678,1625,1658,48960,-0.005995203836930418
2023-09-11,1651,1675,1640,1674,83615,0.00965018094089265
2023-09-12,1674,1800,1669,1743,1176051,0.04121863799283143
2023-09-13,1740,1750,1670,1720,243584,-0.01319563970166382
2023-09-14,1713,1730,1697,1724,93770,0.0023255813953488857
2023-09-15,1724,1735,1712,1720,73777,-0.002320185614849146
2023-09-18,1722,1729,1700,1710,45936,-0.005813953488372103
2023-09-19,1710,1710,1685,1686,52287,-0.01403508771929829
2023-09-20,1695,1720,1670,1705,81080,0.011269276393831573
2023-09-21,1680,1689,1660,1670,84432,-0.02052785923753664
2023-09-22,1650,1668,1636,1636,73834,-0.02035928143712573
2023-09-25,1647,1647,1599,1615,79838,-0.012836185819070867
2023-09-26,1599,1615,1599,1602,33202,-0.00804953560371513
2023-09-27,1583,1668,1583,1639,43882,0.023096129837702817
2023-10-04,1638,1638,1590,1629,91627,-0.006101281269066505
2023-10-05,1630,1639,1587,1600,72049,-0.017802332719459746
2023-10-06,1599,1617,1587,1612,44186,0.007500000000000062
2023-10-10,1612,1619,1584,1584,83213,-0.017369727047146455
2023-10-11,1576,1614,1568,1609,36336,0.015782828282828287
2023-10-12,1620,1621,1609,1619,31746,0.00621504039776255
2023-10-13,1619,1630,1592,1598,37587,-0.012970969734403925
2023-10-16,1598,1606,1571,1606,65606,0.005006257822277815
2023-10-17,1596,1612,1581,1605,52550,-0.0006226650062266526
2023-10-18,1605,1654,1596,1609,44652,0.0024922118380061864
2023-10-19,1600,1607,1565,1600,109031,-0.005593536357986317
2023-10-20,1595,1595,1521,1535,100913,-0.04062500000000002
2023-10-23,1535,1564,1520,1535,63412,0.0
2023-10-24,1522,1556,1516,1532,50214,-0.001954397394136831
2023-10-25,1533,1574,1533,1567,66803,0.022845953002611052
2023-10-26,1535,1559,1511,1524,110678,-0.02744097000638157
2023-10-27,1525,1551,1513,1538,62133,0.009186351706036655
2023-10-30,1538,1576,1534,1573,27265,0.022756827048114436
2023-10-31,1560,1584,1550,1555,52859,-0.011443102352193257
2023-11-01,1587,1591,1563,1588,65610,0.021221864951768588
2023-11-02,1588,1619,1588,1608,47048,0.012594458438287104
2023-11-03,1628,1628,1603,1614,34883,0.003731343283582156
2023-11-06,1639,1640,1614,1633,75603,0.011771995043370564
2023-11-07,1633,1633,1606,1631,36803,-0.0012247397428046813
2023-11-08,1631,1639,1623,1629,38025,-0.0012262415695891704
2023-11-09,1620,1628,1611,1619,23056,-0.006138735420503361
2023-11-10,1619,1619,1585,1596,47479,-0.014206300185299559
2023-11-13,1596,1597,1556,1592,78380,-0.0025062656641604564
2023-11-14,1581,1638,1576,1616,53695,0.015075376884422065
2023-11-15,1625,1638,1618,1635,99554,0.011757425742574323
2023-11-16,1635,1673,1635,1669,131444,0.020795107033639182
2023-11-17,1665,1669,1651,1669,85698,0.0
2023-11-20,1669,1698,1654,1698,74348,0.017375674056321122
2023-11-21,1700,1720,1688,1705,75215,0.0041224970553592755
2023-11-22,1705,1709,1676,1709,83997,0.002346041055718562
2023-11-23,1712,1719,1675,1694,43421,-0.008777062609713338
2023-11-24,1684,1715,1664,1666,92814,-0.016528925619834656
2023-11-27,1666,1674,1660,1674,59380,0.004801920768307433
2023-11-28,1674,1690,1657,1665,49123,-0.005376344086021501
2023-11-29,1652,1670,1645,1661,48045,-0.002402402402402415
2023-11-30,1661,1666,1648,1666,66147,0.003010234798314304
2023-12-01,1671,1701,1671,1696,179031,0.01800720288115243
2023-12-04,1696,1697,1667,1688,83339,-0.004716981132075526
2023-12-05,1688,1720,1660,1670,97552,-0.010663507109004766
2023-12-06,1671,1689,1650,1675,57927,0.0029940119760478723
2023-12-07,1676,1698,1667,1690,50747,0.008955223880596996
2023-12-08,1690,1690,1660,1671,81799,-0.011242603550295827
2023-12-11,1675,1705,1675,1686,45716,0.008976660682226134
2023-12-12,1700,1700,1688,1700,47286,0.008303677342823335
2023-12-13,1724,1724,1677,1685,49280,-0.008823529411764675
2023-12-14,1701,1707,1678,1689,89833,0.002373887240356032
2023-12-15,1689,1699,1685,1699,60077,0.005920663114268754
2023-12-18,1699,1715,1699,1709,58148,0.005885815185403098
2023-12-19,1709,1719,1695,1701,49483,-0.004681100058513743
2023-12-20,1702,1730,1701,1718,121953,0.009994121105232123
2023-12-21,1710,1735,1699,1717,76593,-0.0005820721769499437
2023-12-22,1716,1729,1703,1720,74283,0.0017472335468839972
2023-12-26,1720,1721,1695,1720,102598,0.0
2023-12-27,1719,1719,1687,1710,75387,-0.005813953488372103
2023-12-28,1710,1718,1667,1712,104343,0.0011695906432749315
2024-01-02,1718,1719,1700,1711,108897,-0.0005841121495326895
2024-01-03,1713,1735,1710,1725,146843,0.008182349503214503
2024-01-04,1725,1729,1686,1717,104497,-0.004637681159420315
2024-01-05,1717,1729,1695,1719,51934,0.0011648223645894795
2024-01-08,1726,1726,1697,1697,53211,-0.012798138452588703
2024-01-09,1700,1709,1690,1695,67291,-0.0011785503830288313
2024-01-10,1699,1710,1687,1694,49402,-0.0005899705014749124
2024-01-11,1691,1702,1672,1679,77027,-0.008854781582054327
2024-01-12,1670,1679,1628,1650,84179,-0.01727218582489576
2024-01-15,1650,1668,1631,1650,82603,0.0
2024-01-16,1640,1649,1620,1649,66453,-0.00060606060606061
2024-01-17,1631,1631,1594,1607,115270,-0.025469981807155873
2024-01-18,1590,1620,1584,1602,43434,-0.0031113876789048422
2024-01-19,1604,1625,1604,1610,50720,0.004993757802746579
2024-01-22,1616,1620,1596,1615,48139,0.0031055900621117516
2024-01-23,1614,1614,1597,1600,37029,-0.009287925696594423
2024-01-24,1595,1600,1584,1586,50016,-0.008750000000000036
2024-01-25,1586,1586,1560,1569,111361,-0.010718789407313967
2024-01-26,1569,1586,1560,1560,88491,-0.005736137667303964
2024-01-29,1579,1579,1561,1563,73353,0.0019230769230769162
2024-01-30,1564,1589,1564,1579,80285,0.010236724248240625
2024-01-31,1579,1611,1568,1583,112121,0.002533248891703588
2024-02-01,1587,1617,1587,1614,150013,0.019583070120025248
2024-02-02,1619,1669,1619,1655,151294,0.025402726146220633
2024-02-05,1682,1685,1648,1655,164532,0.0
2024-02-06,1659,1675,1598,1612,134706,-0.02598187311178246
2024-02-07,1650,1700,1625,1665,121704,0.03287841191066998
2024-02-08,1665,1670,1645,1659,35894,-0.003603603603603567
2024-02-13,1660,1672,1645,1655,101385,-0.0024110910186859735
2024-02-14,1615,1670,1615,1656,78593,0.0006042296072508169
2024-02-15,1675,1675,1638,1655,69772,-0.0006038647342995196
2024-02-16,1655,1665,1641,1661,68730,0.003625377643504457
2024-02-19,1662,1680,1657,1658,44827,-0.0018061408789885602
2024-02-20,1658,1667,1626,1626,80038,-0.0193003618817853
2024-02-21,1626,1648,1626,1640,70536,0.008610086100861114
2024-02-22,1645,1645,1616,1616,81318,-0.014634146341463428
2024-02-23,1629,1629,1601,1604,48911,-0.007425742574257432
2024-02-26,1604,1613,1603,1612,74621,0.004987531172069737
2024-02-27,1603,1608,1583,1595,72829,-0.010545905707196046
2024-02-28,1595,1601,1581,1597,51199,0.0012539184952977678
2024-02-29,1597,1605,1586,1601,129948,0.00250469630557304
2024-03-04,1601,1617,1594,1599,175232,-0.0012492192379762734
2024-03-05,1610,1610,1577,1584,78752,-0.009380863039399667
2024-03-06,1584,1605,1573,1584,51419,0.0
2024-03-07,1580,1584,1561,1570,146110,-0.008838383838383868
2024-03-08,1555,1582,1555,1581,48479,0.007006369426751702
2024-03-11,1580,1590,1574,1575,55466,-0.003795066413662229
2024-03-12,1580,1580,1560,1578,67632,0.0019047619047618536
2024-03-13,1578,1578,1549,1560,86183,-0.011406844106463865
2024-03-14,1559,1559,1538,1544,154442,-0.01025641025641022
2024-03-15,1541,1550,1539,1545,92241,0.0006476683937823857
2024-03-18,1545,1550,1536,1546,116826,0.0006472491909386147
2024-03-19,1539,1562,1539,1549,57385,0.0019404915912031306
2024-03-20,1544,1549,1540,1545,47625,-0.002582311168495832
2024-03-21,1542,1552,1537,1545,119024,0.0
2024-03-22,1552,1552,1543,1549,56543,0.0025889967637540146
2024-03-25,1552,1564,1550,1554,30063,0.0032278889606196515
2024-03-26,1554,1561,1542,1550,94229,-0.002574002574002532
2024-03-27,1550,1550,1541,1547,45398,-0.001935483870967758
2024-03-28,1543,1555,1541,1545,58230,-0.0012928248222365823
2024-03-29,1545,1550,1529,1535,128862,-0.006472491909385147
2024-04-01,1535,1535,1526,1530,101949,-0.0032573289902280145
2024-04-02,1524,1524,1505,1517,210326,-0.00849673202614376
2024-04-03,1515,1520,1499,1515,219199,-0.0013183915622939635
2024-04-04,1519,1547,1499,1504,256145,-0.007260726072607304
2024-04-05,1504,1512,1492,1499,88871,-0.0033244680851063357
2024-04-08,1504,1504,1477,1477,95259,-0.014676450967311516
2024-04-09,1476,1490,1466,1480,107588,0.0020311442112390665
2024-04-11,1453,1481,1453,1463,72530,-0.011486486486486536
2024-04-12,1463,1464,1446,1464,80299,0.0006835269993163973
2024-04-15,1458,1477,1430,1477,110325,0.008879781420765065
2024-04-16,1475,1491,1456,1457,127524,-0.01354096140826
2024-04-17,1458,1460,1449,1452,49535,-0.0034317089910775866
2024-04-18,1451,1484,1451,1456,72036,0.0027548209366390353
2024-04-19,1464,1464,1424,1433,99217,-0.01579670329670335
2024-04-22,1433,1455,1432,1443,77795,0.006978367062107527
2024-04-23,1443,1475,1443,1460,50765,0.011781011781011763
2024-04-24,1452,1471,1452,1471,48232,0.007534246575342518
2024-04-25,1465,1480,1463,1480,53072,0.00611828687967364
2024-04-26,1480,1486,1456,1477,52689,-0.002027027027027062
2024-04-29,1468,1483,1465,1471,71517,-0.004062288422478022
2024-04-30,1465,1471,1461,1461,93717,-0.00679809653297081
2024-05-02,1460,1491,1456,1488,130911,0.01848049281314168
2024-05-03,1488,1500,1471,1482,40674,-0.0040322580645161255
2024-05-07,1482,1500,1481,1490,35030,0.005398110661268607
2024-05-08,1499,1499,1481,1493,32644,0.002013422818792021
2024-05-09,1492,1497,1484,1493,26361,0.0
2024-05-10,1493,1500,1483,1485,44185,-0.0053583389149364224
2024-05-13,1485,1489,1476,1484,34888,-0.0006734006734007147
2024-05-14,1476,1498,1476,1493,42621,0.006064690026954089
2024-05-16,1493,1505,1481,1498,80678,0.0033489618218351946
2024-05-17,1495,1506,1480,1506,79586,0.005340453938584844
2024-05-20,1506,1507,1487,1506,58102,0.0
2024-05-21,1506,1507,1492,1506,62285,0.0
2024-05-22,1501,1512,1500,1507,67388,0.0006640106241699861
2024-05-23,1507,1511,1494,1502,67308,-0.0033178500331785266
2024-05-24,1502,1503,1484,1484,47440,-0.011984021304926817
2024-05-27,1474,1485,1471,1483,34566,-0.0006738544474393926
2024-05-28,1483,1495,1479,1482,29858,-0.0006743088334457692
2024-05-29,1481,1483,1464,1467,42450,-0.010121457489878583
2024-05-30,1466,1479,1460,1471,26655,0.0027266530334015826
2024-05-31,1471,1480,1460,1471,15430,0.0
2024-06-03,1471,1476,1458,1469,104107,-0.0013596193065941176
2024-06-04,1480,1480,1460,1462,40636,-0.004765146358066685
2024-06-05,1467,1469,1459,1465,41113,0.0020519835841312783
2024-06-07,1466,1475,1457,1463,44837,-0.0013651877133106227
2024-06-10,1463,1470,1451,1465,29892,0.0013670539986330166
2024-06-11,1458,1476,1457,1473,56210,0.005460750853242269
2024-06-12,1473,1494,1464,1483,99098,0.006788866259334725
2024-06-13,1484,1517,1476,1481,83030,-0.0013486176668914274
2024-06-14,1481,1494,1480,1489,68876,0.005401755570560329
2024-06-17,1489,1537,1489,1512,404400,0.015446608462055034
2024-06-18,1512,1529,1496,1510,112335,-0.001322751322751281
2024-06-19,1502,1526,1494,1500,83067,-0.0066225165562914245
2024-06-20,1506,1506,1485,1498,43435,-0.0013333333333332975
2024-06-21,1485,1495,1469,1478,61000,-0.013351134846461998
2024-06-24,1477,1478,1466,1469,33976,-0.006089309878213767
2024-06-25,1465,1491,1465,1488,45989,0.01293396868618113
2024-06-26,1488,1499,1470,1486,30720,-0.0013440860215053752
