Date,Open,High,Low,Close,Volume,Change
2022-01-03,277000,284000,276500,280000,264270,0.020036429872495543
2022-01-04,279500,288000,278500,286500,347412,0.023214285714285632
2022-01-05,288500,298500,286500,295500,867085,0.03141361256544495
2022-01-06,297500,310000,293000,304500,1038400,0.030456852791878264
2022-01-07,301500,306500,298000,305000,518413,0.0016420361247948545
2022-01-10,304000,308500,301000,304000,303091,-0.003278688524590123
2022-01-11,300500,304000,296000,300000,390725,-0.013157894736842146
2022-01-12,300500,306500,299500,305500,333786,0.018333333333333313
2022-01-13,310500,316000,305500,306500,526231,0.003273322422258529
2022-01-14,303500,306000,298000,299000,309975,-0.024469820554649302
2022-01-17,299000,299000,290500,292500,255851,-0.021739130434782594
2022-01-18,294500,294500,284000,286000,325795,-0.022222222222222254
2022-01-19,280500,289500,279500,284500,308227,-0.005244755244755206
2022-01-20,285500,294000,285000,286000,383480,0.005272407732864748
2022-01-21,282500,283000,278000,282000,324796,-0.013986013986013957
2022-01-24,280000,282500,273000,274500,319122,-0.02659574468085102
2022-01-25,273000,273000,265500,266500,448495,-0.02914389799635697
2022-01-26,267500,272000,266500,269500,283576,0.011257035647279645
2022-01-27,263500,269000,256000,257500,463038,-0.04452690166975881
2022-01-28,260000,267000,256500,265000,333753,0.029126213592232997
2022-02-03,274500,275500,267000,268000,360416,0.01132075471698113
2022-02-04,268000,270000,263500,268500,247870,0.001865671641791078
2022-02-07,268000,269500,261000,268500,282832,0.0
2022-02-08,270000,272500,265000,267000,352795,-0.005586592178770999
2022-02-09,271000,283000,270000,282000,532576,0.05617977528089879
2022-02-10,285000,286000,279000,280000,312672,-0.007092198581560294
2022-02-11,281000,292000,280500,290000,542251,0.03571428571428581
2022-02-14,287500,290000,283000,284000,259367,-0.020689655172413834
2022-02-15,285500,287000,277500,280500,420548,-0.01232394366197187
2022-02-16,283000,283500,278000,280500,240682,0.0
2022-02-17,282500,286000,278000,283000,266814,0.00891265597147961
2022-02-18,278000,281500,274500,281500,253732,-0.005300353356890497
2022-02-21,275500,281500,275000,281000,189587,-0.001776198934280604
2022-02-22,276000,278500,273500,278500,238780,-0.008896797153024938
2022-02-23,279000,280500,274000,276500,275697,-0.007181328545781018
2022-02-24,273000,279000,272500,278000,332271,0.005424954792043302
2022-02-25,278000,278500,273000,275500,273489,-0.008992805755395739
2022-02-28,275000,285000,273000,285000,368713,0.034482758620689724
2022-03-02,284500,287000,281000,283500,332940,-0.0052631578947368585
2022-03-03,287000,294500,284000,290500,361119,0.024691358024691468
2022-03-04,291000,293500,288000,291500,218986,0.0034423407917383297
2022-03-07,286500,289500,285000,285500,245246,-0.020583190394511175
2022-03-08,281500,285500,275500,276500,360988,-0.031523642732048995
2022-03-10,287000,287000,279500,283500,390503,0.025316455696202445
2022-03-11,283000,285000,279000,282000,208498,-0.005291005291005346
2022-03-14,282000,291000,281000,287000,277812,0.01773049645390068
2022-03-15,285000,285000,280000,282000,231309,-0.017421602787456414
2022-03-16,283000,285000,279000,283000,222274,0.0035460992907800915
2022-03-17,286500,288000,283500,283500,225722,0.0017667844522968323
2022-03-18,286500,293500,284500,287000,377985,0.012345679012345734
2022-03-21,289000,291000,286000,287000,181821,0.0
2022-03-22,289000,294500,287500,293000,324522,0.020905923344947785
2022-03-23,297500,306500,297000,306500,519555,0.04607508532423199
2022-03-24,303500,304500,299000,304000,353201,-0.00815660685154973
2022-03-25,304000,305000,297500,299500,263554,-0.014802631578947345
2022-03-28,299500,300000,294000,299500,265949,0.0
2022-03-29,300500,301000,296000,299000,284426,-0.0016694490818029983
2022-03-30,296500,298500,289000,290000,440166,-0.030100334448160515
2022-03-31,291000,294500,290000,293000,292573,0.010344827586206806
2022-04-01,289500,291500,286000,288000,304417,-0.017064846416382284
2022-04-04,287000,294000,286500,294000,207021,0.02083333333333326
2022-04-05,292500,293500,287500,289500,191471,-0.015306122448979553
2022-04-06,286000,288000,283500,285000,235528,-0.015544041450777257
2022-04-07,283500,286500,280500,280500,220834,-0.015789473684210575
2022-04-08,284500,284500,281000,283000,185278,0.00891265597147961
2022-04-11,282500,289000,281500,286000,196683,0.010600706713780994
2022-04-12,285500,287000,282000,282000,196710,-0.013986013986013957
2022-04-13,285000,286500,283000,285500,128670,0.012411347517730542
2022-04-14,285500,288000,284000,286000,207690,0.0017513134851139256
2022-04-15,292000,293500,282000,282500,443687,-0.012237762237762184
2022-04-18,281500,283500,278000,283000,181166,0.001769911504424737
2022-04-19,284500,288500,282500,288500,256646,0.019434628975264934
2022-04-20,288500,292000,287000,289500,218556,0.0034662045060658286
2022-04-21,292000,300000,291500,299000,417039,0.032815198618307395
2022-04-22,295500,297000,292500,295500,254910,-0.01170568561872909
2022-04-25,289500,290500,286000,286000,251867,-0.032148900169204686
2022-04-26,288000,288500,282000,284000,302521,-0.006993006993006978
2022-04-27,279000,279500,276000,278000,304986,-0.021126760563380254
2022-04-28,280500,290000,280500,290000,341213,0.043165467625899234
2022-04-29,286500,290500,285500,289000,178473,-0.0034482758620689724
2022-05-02,285000,293500,284500,293000,234352,0.01384083044982698
2022-05-03,292000,295000,289000,289000,154703,-0.013651877133105783
2022-05-04,289000,298000,289000,291500,193167,0.00865051903114189
2022-05-06,286000,288000,284000,286000,192881,-0.018867924528301883
2022-05-09,284500,286000,280500,281000,180846,-0.0174825174825175
2022-05-10,277500,280000,272000,276000,291390,-0.017793594306049876
2022-05-11,275500,276500,273000,274500,177462,-0.005434782608695676
2022-05-12,273000,279000,272500,273000,251662,-0.005464480874316946
2022-05-13,276500,282000,273000,280500,254670,0.027472527472527375
2022-05-16,282000,284000,279500,281000,175543,0.0017825311942958333
2022-05-17,283000,288500,283000,287500,190081,0.02313167259786475
2022-05-18,289000,290500,287000,288000,193713,0.0017391304347826875
2022-05-19,280000,287500,279500,285000,262911,-0.01041666666666663
2022-05-20,286500,293000,286500,291500,206080,0.02280701754385972
2022-05-23,292500,294000,289000,292500,189083,0.0034305317324185847
2022-05-24,291500,295500,289000,289000,221667,-0.011965811965811923
2022-05-25,293000,294000,290500,290500,201411,0.00519031141868509
2022-05-26,289000,294000,289000,294000,245009,0.012048192771084265
2022-05-27,295000,296500,292000,294000,240511,0.0
2022-05-30,295000,296000,292500,294000,200031,0.0
2022-05-31,294000,294000,288000,289000,695314,-0.017006802721088454
2022-06-02,291500,291500,286000,288000,311949,-0.0034602076124568004
2022-06-03,290500,295000,289000,290000,237752,0.00694444444444442
2022-06-07,290000,293000,286500,287000,243572,-0.010344827586206917
2022-06-08,287500,290000,285000,285500,151759,-0.005226480836236891
2022-06-09,285500,287000,284000,286000,262830,0.0017513134851139256
2022-06-10,282500,282500,278000,279000,284607,-0.02447552447552448
2022-06-13,273500,274000,268000,268000,374998,-0.03942652329749108
2022-06-14,262000,265000,261000,263500,395108,-0.016791044776119368
2022-06-15,265500,266000,259000,261500,281819,-0.007590132827324458
2022-06-16,263500,270000,263500,267500,301214,0.02294455066921608
2022-06-17,260000,265000,259500,262500,627182,-0.01869158878504673
2022-06-20,264000,264000,250500,252500,350343,-0.03809523809523807
2022-06-21,253500,255000,248500,250500,219217,-0.007920792079207928
2022-06-22,252500,252500,241000,242500,371830,-0.031936127744510934
2022-06-23,240000,241000,233500,234000,437747,-0.035051546391752564
2022-06-24,234000,239500,229500,238000,328581,0.017094017094017033
2022-06-27,240500,241000,233500,238000,297209,0.0
2022-06-28,238500,243000,238500,243000,257774,0.021008403361344463
2022-06-29,237000,237500,233000,234000,302546,-0.03703703703703709
2022-06-30,234000,235500,230500,230500,323966,-0.014957264957264904
2022-07-01,234500,236500,230000,232500,298947,0.008676789587852562
2022-07-04,233500,235000,226500,230000,265047,-0.010752688172043001
2022-07-05,233000,239000,231000,238500,287694,0.03695652173913033
2022-07-06,236000,236500,230000,230000,324077,-0.03563941299790352
2022-07-07,232000,232500,227500,230000,266156,0.0
2022-07-08,232500,235500,231000,231000,209419,0.004347826086956497
2022-07-11,231500,232000,228000,230000,130550,-0.0043290043290042934
2022-07-12,229500,229500,221000,223000,252206,-0.0304347826086957
2022-07-13,223000,228500,223000,226500,187735,0.015695067264573925
2022-07-14,223000,225000,222000,223000,310781,-0.015452538631346546
2022-07-15,225000,228000,221500,224000,298831,0.004484304932735439
2022-07-18,226000,227000,222000,226500,273744,0.01116071428571419
2022-07-19,226500,230500,225500,230000,273542,0.015452538631346657
2022-07-20,234000,234000,230500,232000,199103,0.008695652173912993
2022-07-21,230000,235000,228000,235000,260004,0.012931034482758674
2022-07-22,235500,236500,232500,234000,168210,-0.004255319148936176
2022-07-25,233500,236000,232500,234500,342567,0.002136752136752129
2022-07-26,234500,236000,233000,235500,103839,0.004264392324093924
2022-07-27,235500,237000,234000,236500,185386,0.00424628450106157
2022-07-28,238500,239500,237000,238500,179304,0.008456659619450413
2022-07-29,237500,243000,237500,242000,306236,0.01467505241090139
2022-08-01,245000,245000,238500,240000,273551,-0.008264462809917328
2022-08-02,240000,240500,234500,236000,278244,-0.01666666666666672
2022-08-03,234500,237500,232500,235500,272038,-0.0021186440677966045
2022-08-04,237000,239000,232500,233000,430497,-0.010615711252653925
2022-08-05,234500,241000,233000,239500,374503,0.027896995708154515
2022-08-08,239500,241000,236500,240000,181139,0.0020876826722338038
2022-08-09,245500,249000,243000,246000,318194,0.02499999999999991
2022-08-10,247500,251500,246000,248500,312580,0.010162601626016343
2022-08-11,251500,258000,250000,257000,378261,0.03420523138832987
2022-08-12,257000,261500,255500,259500,304190,0.009727626459143934
2022-08-16,263500,266500,257000,258000,368851,-0.005780346820809301
2022-08-17,260000,265500,257500,258000,345970,0.0
2022-08-18,255000,257000,252000,256000,262167,-0.007751937984496138
2022-08-19,256500,256500,251500,255000,256031,-0.00390625
2022-08-22,252000,253500,248000,249000,297487,-0.02352941176470591
2022-08-23,246500,250500,244500,248000,279380,-0.004016064257028162
2022-08-24,246000,248000,243000,245500,267236,-0.01008064516129037
2022-08-25,247000,250500,245500,250500,234092,0.020366598778004175
2022-08-26,252500,254000,247500,249000,238026,-0.005988023952095856
2022-08-29,241500,245500,240000,244000,209755,-0.02008032128514059
2022-08-30,246500,255500,245000,254000,341331,0.040983606557376984
2022-08-31,251500,258000,249000,255000,468949,0.003937007874015741
2022-09-01,252500,259500,251500,253000,437904,-0.007843137254901933
2022-09-02,253000,254000,246000,246000,450262,-0.02766798418972327
2022-09-05,246000,254000,245000,252500,307203,0.026422764227642226
2022-09-06,248500,254500,248500,252500,209262,0.0
2022-09-07,248500,249500,242000,246000,413650,-0.025742574257425765
2022-09-08,242500,245000,237500,241500,497799,-0.018292682926829285
2022-09-13,240000,250000,240000,248000,539335,0.0269151138716357
2022-09-14,240000,242500,237500,239500,382467,-0.03427419354838712
2022-09-15,239000,239000,228500,235000,514057,-0.018789144050104345
2022-09-16,231500,236500,230000,230500,392504,-0.019148936170212738
2022-09-19,229000,232000,228000,231000,245546,0.002169197396963085
2022-09-20,233000,241000,233000,239500,339939,0.03679653679653683
2022-09-21,238000,241000,235500,238000,208920,-0.006263048016701411
2022-09-22,235000,236500,234000,235500,197040,-0.010504201680672232
2022-09-23,236000,242500,234000,236000,240590,0.002123142250530785
2022-09-26,230500,232500,222500,224500,412237,-0.048728813559322015
2022-09-27,226000,229500,224000,229000,409286,0.020044543429844186
2022-09-28,227000,232500,225500,228000,373979,-0.004366812227074246
2022-09-29,229000,230000,219000,219500,421889,-0.037280701754385914
2022-09-30,218500,219000,211000,211000,412612,-0.038724373576309756
2022-10-04,215500,226000,215000,222500,322898,0.05450236966824651
2022-10-05,226000,226500,220000,223000,236774,0.0022471910112360494
2022-10-06,224000,227500,223000,224000,183132,0.004484304932735439
2022-10-07,223500,228000,223000,226500,274457,0.01116071428571419
2022-10-11,225000,231000,223500,230000,512457,0.015452538631346657
2022-10-12,230500,238000,227000,236500,386804,0.02826086956521734
2022-10-13,237500,245000,237000,237500,515327,0.0042283298097252064
2022-10-14,240500,249000,239000,246000,467706,0.03578947368421059
2022-10-17,243500,249500,243000,247500,293992,0.0060975609756097615
2022-10-18,251500,253000,244500,250000,364684,0.010101010101010166
2022-10-19,250000,258000,249000,255000,493090,0.020000000000000018
2022-10-20,253500,254500,248000,252000,613413,-0.0117647058823529
2022-10-21,250000,251000,243000,249000,372162,-0.011904761904761862
2022-10-24,255000,256000,245500,248000,306768,-0.004016064257028162
2022-10-25,246500,247000,236000,239500,588197,-0.03427419354838712
2022-10-26,237500,241000,235000,237000,377516,-0.01043841336116913
2022-10-27,240000,250000,239500,249000,476197,0.05063291139240511
2022-10-28,246500,251000,245500,247000,390447,-0.008032128514056214
2022-10-31,250000,250000,244500,249000,378237,0.00809716599190291
2022-11-01,250000,255500,247000,254500,332397,0.02208835341365467
2022-11-02,257000,267000,255000,258500,677114,0.015717092337917515
2022-11-03,253500,262500,252500,258000,557476,-0.0019342359767892114
2022-11-04,257500,260500,252500,256000,341234,-0.007751937984496138
2022-11-07,258000,276500,258000,276500,786325,0.080078125
2022-11-08,277500,280000,271500,273000,574555,-0.012658227848101222
2022-11-09,275500,285000,275000,283500,698635,0.03846153846153855
2022-11-10,280000,288500,278000,281000,695094,-0.00881834215167554
2022-11-11,289000,289000,281500,285500,539139,0.016014234875444844
2022-11-14,292000,301000,291000,294500,919941,0.031523642732049106
2022-11-15,295500,297000,289000,291500,469800,-0.01018675721561968
2022-11-16,290500,290500,278500,288000,705848,-0.012006861063464824
2022-11-17,285000,290500,282500,284000,331954,-0.01388888888888884
2022-11-18,288000,295500,287500,289500,401272,0.01936619718309851
2022-11-21,290000,290000,284000,288500,266548,-0.003454231433506094
2022-11-22,288000,295000,286500,292500,315350,0.013864818024263537
2022-11-23,295500,296500,289000,289500,310435,-0.01025641025641022
2022-11-24,291000,294500,288500,289500,259179,0.0
2022-11-25,290500,296500,290500,295500,320362,0.020725388601036343
2022-11-28,295500,298000,292000,294000,341848,-0.005076142131979711
2022-11-29,293000,296000,292000,293500,223793,-0.00170068027210879
2022-11-30,294500,303000,293500,299500,917771,0.020442930153321992
2022-12-01,304500,306500,299000,301000,496246,0.005008347245408995
2022-12-02,297000,301000,294000,295000,450549,-0.019933554817275767
2022-12-05,296000,297500,289000,293500,498884,-0.005084745762711895
2022-12-06,289000,292000,283000,286500,505646,-0.023850085178875657
2022-12-07,283500,293000,282500,290000,330579,0.01221640488656206
2022-12-08,290000,291000,284000,286500,576852,-0.012068965517241348
2022-12-09,286000,288000,277500,284000,490437,-0.008726003490401424
2022-12-12,280500,286500,278000,283000,241773,-0.0035211267605633756
2022-12-13,285500,290500,283000,286500,374379,0.012367491166077826
2022-12-14,286500,289500,284500,286000,286313,-0.0017452006980802626
2022-12-15,283000,284500,280500,283500,246861,-0.00874125874125875
2022-12-16,279000,281000,277000,279000,360911,-0.015873015873015928
2022-12-19,277500,283000,276500,281500,221946,0.008960573476702427
2022-12-20,281500,283000,279500,281000,225221,-0.001776198934280604
2022-12-21,283000,293500,282500,287500,470239,0.02313167259786475
2022-12-22,289000,291000,284000,289500,263381,0.006956521739130528
2022-12-23,285000,289500,283500,288500,341122,-0.003454231433506094
2022-12-26,289500,293500,289000,292000,331276,0.0121317157712304
2022-12-27,293000,294500,290500,292000,424295,0.0
2022-12-28,290500,295000,288500,291000,413622,-0.003424657534246589
2022-12-29,288500,289000,276000,276500,606222,-0.04982817869415812
2023-01-02,277000,279000,271500,272000,360653,-0.016274864376130238
2023-01-03,271500,274000,265500,272000,359010,0.0
2023-01-04,268500,276000,268000,274500,218258,0.009191176470588314
2023-01-05,276500,282000,274000,278500,327195,0.014571948998178597
2023-01-06,278500,287500,278500,286000,390204,0.026929982046678624
2023-01-09,289500,290000,286500,289000,267873,0.010489510489510412
2023-01-10,289000,291500,287500,291000,311729,0.006920415224913601
2023-01-11,293000,293500,290500,292000,301818,0.0034364261168384758
2023-01-12,293500,295000,291000,291000,325084,-0.003424657534246589
2023-01-13,294000,305000,293500,305000,762472,0.04810996563573888
2023-01-16,306000,313000,302500,311000,547935,0.01967213114754096
2023-01-17,310500,314000,305000,305500,333407,-0.01768488745980712
2023-01-18,304500,306000,298000,300000,413955,-0.018003273322422242
2023-01-19,297500,303500,297000,300500,230209,0.0016666666666667052
2023-01-20,300500,309500,300500,308500,280284,0.0266222961730449
2023-01-25,312000,312500,302000,303000,384315,-0.017828200972447306
2023-01-26,303500,314500,301500,314000,538052,0.03630363036303641
2023-01-27,314000,314000,309000,311500,329254,-0.0079617834394905
2023-01-30,310000,315000,302500,303500,578986,-0.025682182985553803
2023-01-31,307500,308000,300000,300500,507244,-0.009884678747940745
2023-02-01,302000,304500,300500,303500,333222,0.009983361064891838
2023-02-02,307000,309000,302000,303500,392097,0.0
2023-02-03,302000,305000,298000,303000,365227,-0.0016474464579900872
2023-02-06,300000,303000,298000,298000,389270,-0.01650165016501648
2023-02-07,297000,299500,293500,298500,424378,0.001677852348993314
2023-02-08,300000,305000,298000,298000,419661,-0.0016750418760469454
2023-02-09,297500,307500,295000,306000,530381,0.02684563758389258
2023-02-10,306500,306500,299000,300000,443512,-0.019607843137254943
2023-02-13,298500,304500,297000,304500,361539,0.014999999999999902
2023-02-14,306500,313000,304500,307000,495815,0.008210180623973828
2023-02-15,309500,329000,308500,325500,1356822,0.06026058631921827
2023-02-16,329000,329500,323000,329000,810231,0.010752688172043001
2023-02-17,325500,346000,325000,334000,1279962,0.015197568389057725
2023-02-20,341000,349500,338000,346000,1075480,0.03592814371257491
2023-02-21,347000,348500,339000,346000,717022,0.0
2023-02-22,339000,341500,329000,332000,974061,-0.040462427745664775
2023-02-23,333000,336000,325000,331500,618887,-0.001506024096385561
2023-02-24,332000,332000,319500,322000,763089,-0.02865761689291102
2023-02-27,315500,322000,313500,319000,873124,-0.009316770186335366
2023-02-28,322500,324500,315500,318000,1446654,-0.0031347962382445305
2023-03-02,325500,344000,325000,337000,1333108,0.05974842767295607
2023-03-03,339500,341000,329500,332000,797958,-0.014836795252225476
2023-03-06,334000,335000,321000,329500,1270453,-0.0075301204819276935
2023-03-07,330500,344500,330000,335000,1022487,0.01669195751138086
2023-03-08,332500,332500,326500,329000,612776,-0.017910447761193993
2023-03-09,330500,333500,321500,322500,686362,-0.019756838905775065
2023-03-10,316000,324500,314500,320500,386284,-0.006201550387596955
2023-03-13,318000,328000,315500,327000,585821,0.020280811232449292
2023-03-14,324500,324500,316000,316000,599657,-0.033639143730886834
2023-03-15,323500,329500,320000,326500,626558,0.03322784810126578
2023-03-16,319500,327000,317000,323000,662637,-0.01071975497702915
2023-03-17,329000,332500,320500,321000,688227,-0.006191950464396245
2023-03-20,316500,324500,314500,319000,408075,-0.006230529595015577
2023-03-21,322000,325500,319000,319000,432909,0.0
2023-03-22,322500,337500,322500,330000,881894,0.034482758620689724
2023-03-23,327000,332500,325000,329000,878007,-0.00303030303030305
2023-03-24,330000,330000,320000,322000,595650,-0.021276595744680882
2023-03-27,327000,336000,325500,332000,788021,0.03105590062111796
2023-03-28,334000,344000,332500,339000,822344,0.02108433734939763
2023-03-29,344000,344500,336500,341000,711759,0.005899705014749346
2023-03-30,341000,344000,335000,339500,700132,-0.004398826979472137
2023-03-31,338000,392000,337000,368000,3767223,0.08394698085419727
2023-04-03,385000,401500,381500,392000,2647969,0.0652173913043479
2023-04-04,392000,394500,366000,367000,2636739,-0.06377551020408168
2023-04-05,362500,378000,358000,373500,1920793,0.017711171662125436
2023-04-06,368500,369000,361000,362500,1599156,-0.029451137884872858
2023-04-07,365500,372000,361500,369500,1161822,0.0193103448275862
2023-04-10,389000,409500,386000,398500,3400129,0.07848443843031117
2023-04-11,402500,411500,391500,397000,2388116,-0.0037641154328732496
2023-04-12,401500,433000,399000,406500,4199534,0.023929471032745564
2023-04-13,394000,398500,376000,391500,2625269,-0.03690036900369009
2023-04-14,406000,421000,396000,416000,2744732,0.06257982120051087
2023-04-17,419500,436000,416500,423500,2943959,0.018028846153846256
2023-04-18,431000,434000,413000,414500,2542208,-0.02125147579693032
2023-04-19,415500,426000,411000,412000,1910849,-0.006031363088057851
2023-04-20,409000,426000,405000,409500,1735312,-0.0060679611650485965
2023-04-21,404000,408000,392500,396000,1811713,-0.03296703296703296
2023-04-24,389500,409000,389000,398500,1492362,0.0063131313131312705
2023-04-25,400500,403000,376000,379500,2061154,-0.04767879548306153
2023-04-26,377000,382500,370000,371500,1356256,-0.021080368906455815
2023-04-27,370500,388000,369000,387000,1259153,0.04172274562584111
2023-04-28,400000,400500,376000,377000,1523535,-0.025839793281653756
2023-05-02,379000,387500,377000,382000,997936,0.013262599469495928
2023-05-03,382000,385500,378000,380000,768864,-0.005235602094240788
2023-05-04,376500,381500,373000,379000,621657,-0.0026315789473684292
2023-05-08,384000,384000,367000,367500,1063039,-0.03034300791556732
2023-05-09,363000,373000,360000,372000,1089617,0.012244897959183598
2023-05-10,370000,376000,365500,366000,798825,-0.016129032258064502
2023-05-11,370000,373000,362500,362500,836456,-0.0095628415300546
2023-05-12,359500,368000,359500,363500,627365,0.0027586206896552667
2023-05-15,363500,369000,356000,368000,805678,0.012379642365887289
2023-05-16,372500,374000,368000,370500,613026,0.006793478260869623
2023-05-17,369500,372500,367500,370000,409493,-0.0013495276653171517
2023-05-18,373000,374500,367500,373000,562035,0.008108108108108025
2023-05-19,373500,374500,363500,364500,609598,-0.02278820375335122
2023-05-22,360500,371500,359000,369000,528344,0.012345679012345734
2023-05-23,372000,382000,370500,377000,827935,0.021680216802167918
2023-05-24,377000,377000,371000,371000,679805,-0.01591511936339518
2023-05-25,368500,368500,364000,365000,529820,-0.016172506738544423
2023-05-26,363000,366500,360000,360500,573455,-0.012328767123287676
2023-05-30,361500,368500,360500,363000,618415,0.006934812760055475
2023-05-31,364000,368000,360000,360000,783723,-0.008264462809917328
2023-06-01,361000,363000,357000,361000,563485,0.002777777777777768
2023-06-02,364000,378000,361500,376500,898394,0.04293628808864258
2023-06-05,382000,390000,378000,387500,1059256,0.02921646746347939
2023-06-07,388000,391000,386000,388500,854667,0.002580645161290418
2023-06-08,388500,396000,386000,388000,911859,-0.0012870012870013214
2023-06-09,393500,395500,388500,394000,680374,0.015463917525773141
2023-06-12,398500,399500,391500,391500,639741,-0.006345177664974666
2023-06-13,394000,395000,387500,389500,751529,-0.005108556832694733
2023-06-14,393000,410500,389500,391500,2069738,0.005134788189987249
2023-06-15,397000,399000,382000,386000,1122476,-0.01404853128991057
2023-06-16,388500,395500,383000,393000,640873,0.0181347150259068
2023-06-19,391500,394500,385500,392500,565125,-0.0012722646310432406
2023-06-20,390500,391500,386000,386000,537721,-0.016560509554140124
2023-06-21,385000,388000,382000,382500,493898,-0.0090673575129534
2023-06-22,382000,398500,379000,396000,1007756,0.03529411764705892
2023-06-23,398000,399500,391500,392000,492324,-0.010101010101010055
2023-06-26,391500,407000,390500,400000,956793,0.020408163265306145
2023-06-27,401500,404000,396000,403500,788317,0.008750000000000036
2023-06-28,406000,406500,389500,389500,848166,-0.03469640644361838
2023-06-29,390000,396500,387000,387500,557777,-0.005134788189987138
2023-06-30,390500,390500,384000,388000,520732,0.001290322580645098
2023-07-03,391500,403000,391000,402000,846399,0.03608247422680422
2023-07-04,402500,409000,397000,402500,853254,0.0012437810945273853
2023-07-05,403000,406500,401000,403000,705287,0.001242236024844745
2023-07-06,402500,402500,393000,394000,809495,-0.022332506203473934
2023-07-07,390500,401500,390500,400000,752802,0.015228426395939021
2023-07-10,404000,407500,395000,397000,1079444,-0.007499999999999951
2023-07-11,398000,400500,391500,394500,1071681,-0.006297229219143552
2023-07-12,396500,426000,389500,417500,3323841,0.0583016476552598
2023-07-13,424000,431500,417500,431500,2320901,0.033532934131736525
2023-07-14,430500,452500,426000,447000,2198833,0.035921205098493614
2023-07-17,452500,485000,451000,478000,2933840,0.06935123042505587
2023-07-18,482000,495000,474000,488000,2798504,0.02092050209205021
2023-07-19,496000,517000,493000,499500,2381695,0.023565573770491843
2023-07-20,490500,507000,488500,497500,1329119,-0.004004004004004025
2023-07-21,486000,555000,483500,551000,3458805,0.10753768844221101
2023-07-24,566000,682000,565000,642000,7321997,0.16515426497277685
2023-07-25,655000,679000,636000,658000,5728769,0.024922118380062308
2023-07-26,666000,764000,599000,630000,11631776,-0.04255319148936165
2023-07-27,613000,649000,560000,594000,7424260,-0.05714285714285716
2023-07-28,586000,619000,579000,619000,4114475,0.042087542087542174
2023-07-31,632000,662000,621000,642000,3304143,0.037156704361873905
2023-08-01,653000,655000,613000,621000,3092475,-0.032710280373831724
2023-08-02,603000,624000,585000,585000,2873833,-0.05797101449275366
2023-08-03,592000,593000,570000,592000,1967322,0.011965811965811923
2023-08-04,595000,614000,584000,594000,1429396,0.0033783783783782884
2023-08-07,585000,592000,555000,561000,2168072,-0.05555555555555558
2023-08-08,565000,597000,556000,597000,1878204,0.06417112299465244
2023-08-09,597000,604000,587000,597000,1191171,0.0
2023-08-10,590000,611000,589000,598000,1034234,0.0016750418760469454
2023-08-11,600000,601000,575000,577000,1198157,-0.03511705685618727
2023-08-14,565000,585000,558000,577000,1168580,0.0
2023-08-16,570000,572000,544000,546000,1660436,-0.05372616984402079
2023-08-17,543000,557000,525000,553000,1767674,0.012820512820512775
2023-08-18,552000,561000,542000,549000,892609,-0.007233273056057921
2023-08-21,549000,563000,545000,551000,950697,0.0036429872495447047
2023-08-22,563000,573000,552000,560000,1051757,0.016333938294010864
2023-08-23,560000,561000,543000,551000,748945,-0.016071428571428625
2023-08-24,557000,583000,548000,579000,1270728,0.05081669691470059
2023-08-25,567000,583000,561000,577000,904736,-0.003454231433506094
2023-08-28,588000,599000,582000,593000,1004931,0.02772963604852685
2023-08-29,595000,596000,581000,583000,802162,-0.016863406408094472
2023-08-30,595000,605000,580000,580000,930082,-0.005145797598627766
2023-08-31,581000,584000,575000,579000,888954,-0.0017241379310344307
2023-09-01,576000,580000,558000,560000,940959,-0.032815198618307395
2023-09-04,554000,596000,553000,590000,1315360,0.0535714285714286
2023-09-05,595000,609000,587000,597000,1144118,0.011864406779660941
2023-09-06,595000,601000,577000,580000,865525,-0.028475711892797295
2023-09-07,575000,584000,563000,568000,954854,-0.020689655172413834
2023-09-08,567000,583000,567000,583000,716625,0.02640845070422526
2023-09-11,587000,588000,567000,570000,635976,-0.022298456260720356
2023-09-12,576000,577000,545000,546000,1333031,-0.04210526315789476
2023-09-13,539000,549000,525000,529000,1335818,-0.031135531135531136
2023-09-14,533000,555000,531000,553000,928896,0.04536862003780717
2023-09-15,560000,597000,554000,584000,1831875,0.05605786618444841
2023-09-18,591000,605000,584000,603000,1396160,0.03253424657534243
2023-09-19,604000,608000,588000,593000,1036725,-0.016583747927031545
2023-09-20,592000,596000,582000,594000,829143,0.001686340640809414
2023-09-21,588000,595000,576000,577000,715070,-0.028619528619528656
2023-09-22,568000,573000,556000,569000,924090,-0.013864818024263426
2023-09-25,564000,566000,536000,539000,1503031,-0.0527240773286467
2023-09-26,539000,549000,532000,533000,870926,-0.011131725417439675
2023-09-27,528000,537000,525000,535000,804112,0.0037523452157599557
2023-10-04,529000,532000,510000,511000,1239625,-0.04485981308411213
2023-10-05,524000,531000,510000,511000,896556,0.0
2023-10-06,510000,522000,507000,514000,652301,0.005870841487279899
2023-10-10,521000,522000,490000,493000,1498746,-0.040856031128404635
2023-10-11,501000,513000,498000,507000,1003202,0.028397565922920975
2023-10-12,511000,532000,507000,518000,1057678,0.021696252465483346
2023-10-13,518000,524000,509000,512000,671304,-0.01158301158301156
2023-10-16,502000,508000,496000,507000,837155,-0.009765625
2023-10-17,514000,518000,502000,503000,625836,-0.007889546351084853
2023-10-18,501000,507000,499000,500000,624079,-0.005964214711729587
2023-10-19,486000,488500,477000,477000,1548134,-0.04600000000000004
2023-10-20,469000,475000,448000,453000,2322796,-0.05031446540880502
2023-10-23,452000,457500,442500,453000,1049913,0.0
2023-10-24,455000,483000,441500,474000,1529774,0.04635761589403975
2023-10-25,476500,476500,443000,445500,1237237,-0.060126582278481
2023-10-26,424500,435000,419000,421500,1676774,-0.05387205387205385
2023-10-27,423000,435000,415500,423000,1199624,0.003558718861210064
2023-10-30,417500,433000,416500,433000,743725,0.023640661938534313
2023-10-31,433000,433500,406000,411500,1155827,-0.049653579676674386
2023-11-01,412500,418500,399500,402500,883988,-0.021871202916160404
2023-11-02,413500,427500,413000,427500,815086,0.06211180124223592
2023-11-03,444000,444000,428000,438000,872168,0.024561403508772006
2023-11-06,471000,527000,462000,522000,3341452,0.19178082191780832
2023-11-07,510000,511000,452000,464500,2357481,-0.11015325670498088
2023-11-08,456500,474000,453500,456500,938184,-0.017222820236813763
2023-11-09,460000,466000,444000,460500,798154,0.008762322015334112
2023-11-10,450000,455500,445000,447500,483230,-0.028230184581976125
2023-11-13,455000,462500,450000,452000,548925,0.010055865921787754
2023-11-14,459000,481000,458500,471500,892775,0.04314159292035402
2023-11-15,494000,494000,468500,474000,787775,0.005302226935312904
2023-11-16,470000,475000,465500,467000,477203,-0.014767932489451518
2023-11-17,459500,465000,453000,463500,499297,-0.00749464668094213
2023-11-20,463500,477000,459500,472000,462658,0.01833872707659112
2023-11-21,474000,477000,466500,474000,418594,0.004237288135593209
2023-11-22,468500,475500,467500,472000,314942,-0.00421940928270037
2023-11-23,470000,475000,467500,475000,295399,0.006355932203389925
2023-11-24,476500,481500,471500,472500,371597,-0.0052631578947368585
2023-11-27,473000,475000,466000,468000,328044,-0.00952380952380949
2023-11-28,468000,478000,467500,478000,417140,0.02136752136752129
2023-11-29,480000,485500,474000,483000,537203,0.010460251046025215
2023-11-30,481000,488500,477500,483000,562014,0.0
2023-12-01,483000,483000,469500,474000,524432,-0.018633540372670843
2023-12-04,474000,479000,464000,475000,881284,0.0021097046413502962
2023-12-05,469500,476500,460000,460500,536732,-0.030526315789473735
2023-12-06,459000,461000,451000,451500,628444,-0.019543973941368087
2023-12-07,454000,458500,438000,447000,758013,-0.009966777408637828
2023-12-08,452500,473500,451500,471500,692298,0.05480984340044737
2023-12-11,474500,477500,467000,467000,488730,-0.009544008483563071
2023-12-12,464000,469500,461500,468000,383666,0.0021413276231263545
2023-12-13,460500,461000,451000,453000,556213,-0.03205128205128205
2023-12-14,463500,468000,457000,461000,706380,0.017660044150110465
2023-12-15,469500,485000,468500,480000,1037003,0.04121475054229928
2023-12-18,493500,498000,485500,489500,857346,0.019791666666666652
2023-12-19,491500,499000,482000,496000,556757,0.013278855975485282
2023-12-20,499500,501000,495000,496000,417055,0.0
2023-12-21,488500,499500,481500,486500,736449,-0.019153225806451624
2023-12-22,490500,492500,480000,480500,459588,-0.012332990750256956
2023-12-26,474500,481500,471500,473500,744558,-0.014568158168574374
2023-12-27,477500,508000,477500,492500,1346438,0.040126715945089764
2023-12-28,495500,502000,493000,499500,560329,0.014213197969543234
2024-01-02,495000,496000,488000,488000,535256,-0.02302302302302306
2024-01-03,483000,487000,472500,472500,561452,-0.03176229508196726
2024-01-04,465000,476000,462500,469500,484710,-0.006349206349206327
2024-01-05,471000,486500,466000,480000,570408,0.022364217252396124
2024-01-08,480500,481000,469500,469500,393617,-0.021874999999999978
2024-01-09,471000,474500,460500,460500,481273,-0.019169329073482455
2024-01-10,456500,458500,450000,450500,507557,-0.021715526601520097
2024-01-11,451500,459000,451000,451500,466466,0.002219755826859071
2024-01-12,448500,453500,441500,448500,472056,-0.006644518272425293
2024-01-15,442500,446500,439500,442000,415046,-0.01449275362318836
2024-01-16,438000,444000,434000,437500,424725,-0.010180995475113086
2024-01-17,434000,438500,418000,419000,783683,-0.04228571428571426
2024-01-18,417000,432000,415000,422000,667276,0.007159904534606243
2024-01-19,424000,429000,408000,414500,713744,-0.017772511848341277
2024-01-22,412000,416000,398500,398500,997443,-0.0386007237635706
2024-01-23,398000,409500,396000,403000,713222,0.01129234629861986
2024-01-24,401500,408000,398000,400000,535634,-0.007444168734491274
2024-01-25,395000,403500,387000,400000,740145,0.0
2024-01-26,391500,418000,391500,412500,682506,0.03125
2024-01-29,417500,429500,407000,423000,811428,0.025454545454545396
2024-01-30,430000,449500,428000,428500,1035095,0.013002364066193817
2024-01-31,426000,437000,424500,426000,448818,-0.005834305717619559
2024-02-01,422500,440000,417000,437000,685759,0.025821596244131495
2024-02-02,446500,450500,437000,449000,631354,0.027459954233409523
2024-02-05,450000,451500,437500,446500,557374,-0.0055679287305122616
2024-02-06,442500,443500,431500,437000,529324,-0.021276595744680882
2024-02-07,444000,459000,444000,449500,753430,0.028604118993134975
2024-02-08,459000,462000,452000,453000,755443,0.007786429365962189
2024-02-13,450000,451500,435000,438000,1113501,-0.0331125827814569
2024-02-14,429000,437000,425000,433000,605227,-0.011415525114155223
2024-02-15,438500,444000,435000,440500,516334,0.01732101616628179
2024-02-16,450000,452000,441000,442000,459341,0.0034052213393871433
2024-02-19,437500,450500,436000,444500,517344,0.005656108597285048
2024-02-20,443000,443000,433500,440000,445525,-0.010123734533183382
2024-02-21,436000,442500,434000,438000,348308,-0.004545454545454519
2024-02-22,441500,442500,435500,436500,321302,-0.003424657534246589
2024-02-23,437000,440500,434000,435500,368549,-0.002290950744558984
2024-02-26,435500,443000,432000,432500,401741,-0.006888633754305373
2024-02-27,435000,438500,425500,427000,426286,-0.012716763005780396
2024-02-28,430000,441500,430000,437500,510943,0.024590163934426146
2024-02-29,435500,437000,431500,431500,427024,-0.013714285714285679
2024-03-04,434000,460000,434000,458000,1057367,0.06141367323290847
2024-03-05,453000,471000,447000,447000,923980,-0.024017467248908297
2024-03-06,444000,449000,438500,439500,475291,-0.016778523489932917
2024-03-07,443500,449000,439000,443000,402186,0.007963594994311762
2024-03-08,447000,456500,444000,444500,489844,0.003386004514672747
2024-03-11,444500,445500,436000,437000,392589,-0.01687289088863897
2024-03-12,441500,451500,439000,450000,471093,0.029748283752860427
2024-03-13,449000,452500,444000,448000,393813,-0.004444444444444473
2024-03-14,448000,448500,442000,442000,463835,-0.013392857142857095
2024-03-15,439500,441500,435000,435000,566617,-0.015837104072398245
2024-03-18,436500,439500,432000,439500,423126,0.010344827586206806
2024-03-19,440500,441500,423000,431500,733681,-0.018202502844141044
2024-03-20,431000,433000,425000,426500,496417,-0.011587485515643148
2024-03-21,430500,435000,428000,428000,505623,0.003516998827667095
2024-03-22,427500,436000,427500,428500,441565,0.001168224299065379
2024-03-25,430000,435000,429500,432000,354232,0.008168028004667427
2024-03-26,433500,435500,428000,429000,384054,-0.00694444444444442
2024-03-27,429000,432000,425500,428000,338183,-0.002331002331002363
2024-03-28,429500,430000,421000,421000,509919,-0.016355140186915862
2024-03-29,420000,426000,417500,422000,368605,0.002375296912114022
2024-04-01,422000,424500,416500,418000,403197,-0.009478672985781977
2024-04-02,414000,417000,409500,409500,521651,-0.020334928229665095
2024-04-03,400000,404500,398500,398500,719857,-0.026862026862026878
2024-04-04,401000,405000,393000,401500,637428,0.007528230865746499
2024-04-05,396000,400000,393000,394500,424303,-0.01743462017434616
2024-04-08,390500,404500,380500,403000,940103,0.02154626108998725
2024-04-09,406500,411000,401000,403500,372690,0.001240694789081953
2024-04-11,395500,406000,393500,400000,473313,-0.008674101610904539
2024-04-12,404500,405000,394500,395000,322166,-0.012499999999999956
2024-04-15,387000,392000,386000,390500,392019,-0.011392405063291089
2024-04-16,386000,389000,380500,380500,483959,-0.025608194622279146
2024-04-17,380500,384000,371000,371000,532497,-0.024967148488830526
2024-04-18,373000,395000,373000,390000,702664,0.05121293800539073
2024-04-19,386500,389500,377000,386500,489889,-0.008974358974358942
2024-04-22,397500,398500,390500,395000,333838,0.02199223803363526
2024-04-23,395000,397500,389500,391500,252536,-0.008860759493670933
2024-04-24,399500,403500,395500,396000,362468,0.011494252873563315
2024-04-25,392500,398500,391000,392500,298528,-0.008838383838383868
2024-04-26,395000,395500,389500,394500,255838,0.005095541401273884
2024-04-29,393500,409000,392000,407000,450439,0.03168567807351086
2024-04-30,412000,412000,404000,405000,328307,-0.004914004914004955
2024-05-02,404000,407500,399000,399000,245698,-0.014814814814814836
2024-05-03,402000,407500,399000,403500,277160,0.011278195488721776
2024-05-07,410000,411500,404000,406500,243946,0.0074349442379182396
2024-05-08,405000,406500,401000,403500,205380,-0.0073800738007380184
2024-05-09,403500,404000,398000,398000,303018,-0.013630731102850069
2024-05-10,402000,404000,399000,401000,193446,0.007537688442211143
2024-05-13,402000,402500,396500,399000,209352,-0.004987531172069848
2024-05-14,399500,403000,399000,401500,211204,0.006265664160401085
2024-05-16,406000,407500,401500,402500,237901,0.00249066002490661
2024-05-17,400500,402500,398000,398000,220887,-0.011180124223602483
2024-05-20,399000,405000,398500,401000,253949,0.007537688442211143
2024-05-21,399000,399500,392000,393500,340790,-0.018703241895261846
2024-05-22,394000,396000,390500,390500,227064,-0.007623888182973326
2024-05-23,390000,392000,385000,387500,292191,-0.007682458386683688
2024-05-24,382000,384000,380000,381500,357992,-0.015483870967741953
2024-05-27,380500,390500,375500,388500,520982,0.0183486238532109
2024-05-28,389000,390500,382500,383000,253275,-0.014157014157014203
2024-05-29,379000,381000,373000,374000,450870,-0.023498694516971286
2024-05-30,370500,376000,367000,369500,432926,-0.012032085561497374
2024-05-31,370500,379500,368500,369000,523294,-0.0013531799729363803
2024-06-03,370000,384000,368500,374000,377722,0.013550135501354976
2024-06-04,370000,378000,369500,375000,240787,0.002673796791443861
