Date,Open,High,Low,Close,Volume,Change
2022-01-03,70000,71300,69100,69700,168730,-0.004285714285714337
2022-01-04,69700,71500,67500,68000,270302,-0.024390243902439046
2022-01-05,64200,65900,63000,63400,402481,-0.0676470588235294
2022-01-06,61000,62800,59000,59200,282967,-0.06624605678233442
2022-01-07,58800,60900,54100,58500,845648,-0.011824324324324342
2022-01-10,57300,57600,52100,53000,811205,-0.09401709401709402
2022-01-11,53000,54200,51200,52500,688012,-0.009433962264150941
2022-01-12,53600,53700,52000,52700,404131,0.003809523809523707
2022-01-13,52400,53300,50700,51000,371287,-0.032258064516129004
2022-01-14,49500,51600,48400,50500,406837,-0.009803921568627416
2022-01-17,50500,50800,46950,47500,441450,-0.05940594059405946
2022-01-18,47800,51400,47550,48700,569378,0.025263157894736876
2022-01-19,48700,51900,48300,50300,612874,0.03285420944558526
2022-01-20,51600,53200,51000,52600,581445,0.045725646123260466
2022-01-21,51500,54900,51300,52700,538003,0.0019011406844107182
2022-01-24,51700,51700,48500,49150,408448,-0.06736242884250476
2022-01-25,49500,49950,45000,45400,426644,-0.07629704984740593
2022-01-26,45400,46650,43750,44800,350914,-0.013215859030836996
2022-01-27,45300,45450,43050,43500,284374,-0.029017857142857095
2022-01-28,43500,45650,41450,45550,320407,0.047126436781609105
2022-02-03,45650,47100,44200,44500,224801,-0.023051591657519244
2022-02-04,43250,46000,42600,46000,290382,0.03370786516853941
2022-02-07,46000,46200,44100,44350,195525,-0.035869565217391264
2022-02-08,44350,46400,43500,45200,259985,0.01916572717023679
2022-02-09,46100,47150,45050,45800,201480,0.01327433628318575
2022-02-10,46800,51400,46500,46900,975868,0.024017467248908186
2022-02-11,45750,47150,45400,45500,180010,-0.02985074626865669
2022-02-14,43600,44250,41950,42000,278192,-0.07692307692307687
2022-02-15,41800,43200,41500,42000,142587,0.0
2022-02-16,43350,44750,42700,44400,239344,0.05714285714285716
2022-02-17,43650,44750,42350,43100,257038,-0.029279279279279313
2022-02-18,42000,43450,42000,42750,125592,-0.008120649651972123
2022-02-21,42000,43350,41400,43300,156146,0.012865497076023358
2022-02-22,42500,43900,42200,42450,151159,-0.019630484988452657
2022-02-23,43100,43850,42650,43550,153374,0.025912838633686652
2022-02-24,42750,43000,41100,41100,183052,-0.05625717566016075
2022-02-25,42700,42800,41450,42400,116197,0.031630170316301776
2022-02-28,42550,44750,41950,44450,265508,0.048349056603773644
2022-03-02,44050,47600,44050,47600,347767,0.07086614173228356
2022-03-03,48350,48700,46650,47600,178568,0.0
2022-03-04,47400,47600,45950,46200,131721,-0.02941176470588236
2022-03-07,45550,46600,44250,44850,224633,-0.02922077922077926
2022-03-08,44150,44900,43300,43550,128026,-0.02898550724637683
2022-03-10,44750,46350,44650,44650,186800,0.025258323765786406
2022-03-11,45350,47700,44900,47100,326315,0.054871220604703286
2022-03-14,46850,47000,43800,44000,249512,-0.06581740976645434
2022-03-15,44250,45200,43700,44850,106513,0.01931818181818179
2022-03-16,45950,46600,45200,46450,175565,0.035674470457079055
2022-03-17,48700,51000,48050,50200,1026441,0.08073196986006459
2022-03-18,50900,52000,50300,51900,636281,0.03386454183266929
2022-03-21,52700,52800,49700,49850,312350,-0.039499036608863225
2022-03-22,50300,50900,49650,49700,170623,-0.0030090270812437314
2022-03-23,50500,52400,50400,51000,295814,0.026156941649899457
2022-03-24,50300,50500,49100,50400,113117,-0.0117647058823529
2022-03-25,51100,51900,50200,50500,179465,0.001984126984126977
2022-03-28,50000,50000,43000,44750,2108512,-0.11386138613861385
2022-03-29,45900,45900,44600,44700,357298,-0.0011173184357542443
2022-03-30,45100,45300,41500,42200,751603,-0.055928411633109576
2022-03-31,42100,42950,41300,42900,297428,0.016587677725118377
2022-04-01,42950,42950,42100,42250,155695,-0.015151515151515138
2022-04-04,41600,42500,41400,41850,236027,-0.009467455621301801
2022-04-05,42600,43750,42500,43450,339863,0.03823178016726403
2022-04-06,42750,43300,42050,42650,135794,-0.018411967779056404
2022-04-07,42050,42350,39700,40100,491703,-0.05978898007033995
2022-04-08,40350,40750,38650,39000,293708,-0.027431421446383997
2022-04-11,38650,39650,38100,38750,143754,-0.0064102564102563875
2022-04-12,38500,38550,36700,36900,305450,-0.047741935483870956
2022-04-13,36850,37500,36750,37350,132539,0.012195121951219523
2022-04-14,37700,38750,37150,37200,144467,-0.004016064257028162
2022-04-15,37000,37350,36400,36750,94130,-0.012096774193548376
2022-04-18,36250,36650,34950,35200,285703,-0.042176870748299344
2022-04-19,35400,35700,34550,35400,169856,0.005681818181818121
2022-04-20,35600,36350,34300,34400,229968,-0.02824858757062143
2022-04-21,34150,34800,34000,34400,128611,0.0
2022-04-22,34000,34100,33150,33550,154365,-0.02470930232558144
2022-04-25,32500,32800,31950,32000,233609,-0.046199701937406856
2022-04-26,32050,32650,31850,31950,118506,-0.0015625000000000222
2022-04-27,30750,30750,29500,29700,427391,-0.07042253521126762
2022-04-28,30800,31800,29500,29700,303648,0.0
2022-04-29,29850,30800,29800,29950,218060,0.008417508417508435
2022-05-02,28900,29100,28200,28550,315836,-0.046744574290484175
2022-05-03,28900,30000,28900,29750,274009,0.042031523642731994
2022-05-04,29850,29850,28500,28700,160296,-0.03529411764705881
2022-05-06,28150,29200,27750,28100,258155,-0.020905923344947785
2022-05-09,27900,27950,26450,26750,212997,-0.04804270462633453
2022-05-10,25800,26400,25300,26150,204810,-0.02242990654205612
2022-05-11,25850,26400,25250,25350,146020,-0.030592734225621365
2022-05-12,24950,25300,23700,23800,238980,-0.06114398422090728
2022-05-13,24200,25400,24100,24450,182054,0.027310924369747802
2022-05-16,25200,26500,25150,25300,216356,0.03476482617586907
2022-05-17,24900,25850,24900,25400,83184,0.0039525691699604515
2022-05-18,25950,26850,25350,25450,218323,0.0019685039370078705
2022-05-19,24250,24850,23500,24600,149798,-0.03339882121807469
2022-05-20,25000,31400,25000,30650,3806637,0.24593495934959342
2022-05-23,30250,30300,28250,28400,870448,-0.0734094616639478
2022-05-24,28500,31100,27400,27850,2757974,-0.01936619718309862
2022-05-25,27650,29450,27600,28050,589578,0.007181328545780907
2022-05-26,28850,30400,28400,28550,989846,0.017825311942959
2022-05-27,29300,30200,28550,28700,388353,0.005253940455341555
2022-05-30,29350,29500,28850,28900,242579,0.006968641114982521
2022-05-31,29250,29600,28500,29600,246260,0.02422145328719716
2022-06-02,29500,30200,28950,29200,250316,-0.013513513513513487
2022-06-03,29950,31200,29300,30450,1063194,0.042808219178082085
2022-06-07,29900,29950,28950,28950,198027,-0.049261083743842415
2022-06-08,29000,29200,27950,28100,166549,-0.029360967184801412
2022-06-09,27850,28500,27500,27600,168871,-0.017793594306049876
2022-06-10,27050,27200,26250,27200,214103,-0.01449275362318836
2022-06-13,26100,26400,24700,24700,343954,-0.09191176470588236
2022-06-14,23850,25050,23800,24900,192176,0.00809716599190291
2022-06-15,24450,24950,22800,22950,220625,-0.07831325301204817
2022-06-16,23800,24500,22250,22250,322935,-0.030501089324618702
2022-06-17,21250,22200,21200,21850,217765,-0.017977528089887618
2022-06-20,22200,22400,20150,20450,205875,-0.06407322654462244
2022-06-21,20500,21550,20400,21400,154845,0.046454767726161306
2022-06-22,21400,22300,20100,20250,169238,-0.053738317757009324
2022-06-23,20550,21000,19350,19400,205497,-0.041975308641975295
2022-06-24,19550,21200,19550,21200,180083,0.09278350515463907
2022-06-27,21600,22100,20900,21700,129583,0.02358490566037741
2022-06-28,21450,21950,20850,21950,125039,0.011520737327188835
2022-06-29,21050,22250,21050,21700,101816,-0.011389521640091105
2022-06-30,21700,21750,20650,20650,80654,-0.048387096774193505
2022-07-01,20650,21800,19600,20200,171563,-0.021791767554479424
2022-07-04,20350,20950,19700,20300,103540,0.004950495049504955
2022-07-05,20550,21450,20400,21400,112109,0.054187192118226646
2022-07-06,22100,23100,21550,21850,474454,0.02102803738317749
2022-07-07,22100,22150,21450,21800,129231,-0.0022883295194507935
2022-07-08,22250,23500,22100,22950,288054,0.05275229357798161
2022-07-11,23150,24200,22950,23750,292827,0.034858387799564294
2022-07-12,23700,24400,23000,23550,262986,-0.008421052631578996
2022-07-13,23500,24250,23350,23900,258688,0.014861995753715496
2022-07-14,24100,24700,23700,23800,225866,-0.004184100418409997
2022-07-15,23950,23950,22450,22650,208933,-0.04831932773109249
2022-07-18,23000,23750,22650,23650,197799,0.04415011037527594
2022-07-19,23850,24200,23500,23650,162593,0.0
2022-07-20,24250,24700,23750,23850,192790,0.008456659619450413
2022-07-21,24050,28500,24000,26850,3174663,0.12578616352201255
2022-07-22,26850,27600,26050,26050,634267,-0.029795158286778367
2022-07-25,25700,27100,25400,26400,481541,0.013435700575815668
2022-07-26,26150,26200,25200,25850,256097,-0.02083333333333337
2022-07-27,25650,26100,25400,26100,170935,0.009671179883945946
2022-07-28,26750,26800,25500,25500,233413,-0.02298850574712641
2022-07-29,25600,26250,25500,25600,190863,0.0039215686274509665
2022-08-01,25700,27500,25600,26550,635851,0.037109375
2022-08-02,26600,26650,25600,25700,208216,-0.032015065913371
2022-08-03,25650,26600,25400,26500,217149,0.03112840466926059
2022-08-04,27400,29650,27100,27900,2616664,0.05283018867924527
2022-08-05,27800,28550,27600,28050,300392,0.005376344086021501
2022-08-08,28200,28650,27350,28500,359169,0.016042780748663166
2022-08-09,28450,28950,27450,27650,383038,-0.029824561403508754
2022-08-10,27150,27200,26550,26550,199594,-0.039783001808318286
2022-08-11,27450,27850,27200,27350,234044,0.030131826741996326
2022-08-12,27500,28000,26850,27000,175733,-0.012797074954296161
2022-08-16,27250,27650,26950,27250,115061,0.0092592592592593
2022-08-17,27150,27200,26200,26350,137643,-0.03302752293577982
2022-08-18,25900,26150,25350,25600,133126,-0.028462998102466774
2022-08-19,25800,25900,25250,25250,86167,-0.013671875
2022-08-22,24600,24700,23950,24000,178384,-0.04950495049504955
2022-08-23,23500,24200,23300,23550,114089,-0.018750000000000044
2022-08-24,23600,23850,23000,23500,105557,-0.002123142250530785
2022-08-25,23500,24350,23450,24050,112853,0.023404255319148914
2022-08-26,24300,24950,24300,24400,113262,0.01455301455301461
2022-08-29,23200,23400,22650,22950,178352,-0.05942622950819676
2022-08-30,23150,23550,22900,23450,65236,0.02178649237472774
2022-08-31,23050,24050,23050,24000,70694,0.023454157782516027
2022-09-01,23800,24050,23100,23200,89944,-0.033333333333333326
2022-09-02,23400,25050,23400,24050,329673,0.03663793103448265
2022-09-05,23600,23950,22750,22800,138220,-0.05197505197505192
2022-09-06,22800,24150,22800,24050,186654,0.054824561403508776
2022-09-07,23950,26400,23750,25600,953971,0.06444906444906451
2022-09-08,25400,25850,24750,25500,255076,-0.00390625
2022-09-13,25900,26200,25400,25600,210832,0.0039215686274509665
2022-09-14,24300,24500,23900,24000,228561,-0.0625
2022-09-15,24500,24700,23500,23550,148861,-0.018750000000000044
2022-09-16,23200,24050,22950,22950,132502,-0.02547770700636942
2022-09-19,23250,23250,21800,21900,127065,-0.04575163398692805
2022-09-20,22100,22500,21700,21800,116454,-0.004566210045662156
2022-09-21,21500,22100,21350,21750,94715,-0.002293577981651418
2022-09-22,21200,21300,20400,21000,159632,-0.03448275862068961
2022-09-23,20900,21400,20050,20150,116392,-0.04047619047619044
2022-09-26,19550,19900,18400,18800,180314,-0.0669975186104218
2022-09-27,18500,19050,18050,18650,152655,-0.007978723404255317
2022-09-28,18650,18900,17250,17400,161379,-0.06702412868632712
2022-09-29,17800,18550,17400,17400,127140,0.0
2022-09-30,17000,17950,17000,17850,100228,0.02586206896551735
2022-10-04,18400,18500,17950,18300,80696,0.025210084033613356
2022-10-05,18750,18750,17350,17450,113552,-0.04644808743169404
2022-10-06,17500,18250,17500,18150,82301,0.04011461318051568
2022-10-07,17900,18150,17450,17550,140527,-0.03305785123966942
2022-10-11,16900,16950,16000,16100,124233,-0.08262108262108259
2022-10-12,15950,16400,15650,16200,107444,0.006211180124223503
2022-10-13,16100,16200,15100,15250,98282,-0.058641975308642014
2022-10-14,15800,16550,15800,16300,121557,0.06885245901639347
2022-10-17,15850,16700,15500,16400,83239,0.006134969325153339
2022-10-18,18000,20650,17900,17900,1820492,0.09146341463414642
2022-10-19,18400,18700,17300,17850,392863,-0.0027932960893854997
2022-10-20,17700,18350,17400,17950,251920,0.0056022408963585235
2022-10-21,17750,17800,17050,17150,166196,-0.04456824512534818
2022-10-24,17700,18100,17300,17300,116402,0.008746355685131268
2022-10-25,17500,18050,17450,17650,116907,0.020231213872832443
2022-10-26,18250,18250,17450,17550,108168,-0.005665722379603388
2022-10-27,17650,18300,17650,18100,194761,0.031339031339031376
2022-10-28,17700,17800,16950,17000,179735,-0.06077348066298338
2022-10-31,17400,17400,17000,17100,66250,0.00588235294117645
2022-11-01,16950,17200,16800,17200,84388,0.005847953216374213
2022-11-02,17050,18500,16850,18250,235487,0.061046511627907085
2022-11-03,17500,18200,17400,18100,176943,-0.008219178082191747
2022-11-04,18850,19250,18050,18100,449694,0.0
2022-11-07,18200,18500,17750,18450,122768,0.01933701657458564
2022-11-08,18700,19100,18550,18600,232724,0.008130081300812941
2022-11-09,18600,19300,18450,18450,173747,-0.008064516129032251
2022-11-10,18050,18250,17850,18100,87889,-0.01897018970189701
2022-11-11,19200,19850,18700,19750,581382,0.09116022099447507
2022-11-14,20350,21800,20100,20150,713914,0.020253164556962133
2022-11-15,20050,21550,20050,21050,407390,0.04466501240694787
2022-11-16,21300,21300,20250,20800,200316,-0.01187648456057011
2022-11-17,20450,21650,20200,21600,140725,0.03846153846153855
2022-11-18,21600,21700,20500,20600,200146,-0.04629629629629628
2022-11-21,20350,20700,19300,19300,202166,-0.06310679611650483
2022-11-22,19150,19500,18850,18850,97972,-0.023316062176165775
2022-11-23,19350,20200,19300,20000,205696,0.0610079575596818
2022-11-24,20250,23300,20200,22300,1528453,0.11499999999999999
2022-11-25,22200,25400,21750,23100,1919375,0.03587443946188351
2022-11-28,22850,25050,22850,23500,897066,0.017316017316017396
2022-11-29,23300,23900,22750,23900,323518,0.017021276595744705
2022-11-30,24050,24150,23350,23700,406250,-0.008368200836820106
2022-12-01,24550,24900,23800,23800,337521,0.00421940928270037
2022-12-02,23900,26250,23800,24650,1211350,0.03571428571428581
2022-12-05,24850,24950,22450,22950,742624,-0.06896551724137934
2022-12-06,22550,23700,22100,23050,286973,0.004357298474945592
2022-12-07,22550,23550,22150,22950,241658,-0.004338394793926281
2022-12-08,23300,24050,22450,22750,360057,-0.008714596949891074
2022-12-09,23400,24050,23150,23250,492654,0.0219780219780219
2022-12-12,23350,23450,22200,22350,235733,-0.03870967741935483
2022-12-13,22450,22650,20700,20750,414882,-0.07158836689038028
2022-12-14,20800,21350,20450,21250,180498,0.024096385542168752
2022-12-15,20900,21350,20850,21000,131211,-0.0117647058823529
2022-12-16,20300,20950,20250,20550,136354,-0.021428571428571463
2022-12-19,20350,21200,20300,21050,123471,0.024330900243308973
2022-12-20,20600,20600,17600,18050,2380530,-0.14251781472684089
2022-12-21,18500,18500,17850,18050,366802,0.0
2022-12-22,18150,18200,17400,17750,427326,-0.0166204986149584
2022-12-23,17300,17650,16750,16800,333281,-0.05352112676056342
2022-12-26,16700,17250,16500,16900,183630,0.005952380952380931
2022-12-27,16900,17600,16900,17550,178334,0.03846153846153855
2022-12-28,17450,17950,17300,17500,233073,-0.002849002849002802
2022-12-29,17350,17950,17150,17450,182614,-0.0028571428571428914
2023-01-02,17750,17800,16700,16950,191402,-0.028653295128939882
2023-01-03,16950,17750,16750,17650,218828,0.041297935103244754
2023-01-04,17450,18600,17300,18200,490424,0.031161473087818692
2023-01-05,18300,18500,17500,17650,238454,-0.030219780219780223
2023-01-06,17350,17800,17200,17500,130929,-0.008498583569405138
2023-01-09,17850,18150,17750,18000,198738,0.02857142857142847
2023-01-10,18000,18450,17800,18000,291786,0.0
2023-01-11,18250,18600,18250,18450,199619,0.02499999999999991
2023-01-12,18650,18750,18250,18350,158254,-0.005420054200542035
2023-01-13,18600,18900,18200,18400,189543,0.0027247956403269047
2023-01-16,18550,19250,18500,18950,402661,0.029891304347826164
2023-01-17,19150,20450,18450,19950,1014648,0.05277044854881274
2023-01-18,20800,22700,20400,20550,2040038,0.03007518796992481
2023-01-19,20250,20250,19450,19600,467450,-0.04622871046228716
2023-01-20,19600,22450,19600,21800,2414783,0.11224489795918369
2023-01-25,22400,23300,22000,22250,1280229,0.020642201834862428
2023-01-26,22350,22750,21050,21400,615068,-0.038202247191011285
2023-01-27,21500,22000,20550,21500,498100,0.004672897196261738
2023-01-30,21550,22050,21000,21100,370953,-0.018604651162790753
2023-01-31,20850,21500,20500,21150,322741,0.0023696682464455776
2023-02-01,21350,23450,21250,22800,1822146,0.07801418439716312
2023-02-02,23950,24800,23100,23350,1558745,0.02412280701754388
2023-02-03,24350,26800,24100,25000,6275936,0.07066381156316925
2023-02-06,25250,25600,23850,24050,951903,-0.038000000000000034
2023-02-07,23950,25100,23650,23950,911582,-0.004158004158004158
2023-02-08,24300,25050,24150,24450,656976,0.02087682672233826
2023-02-09,23850,24300,23550,23800,488683,-0.026584867075664653
2023-02-10,23650,23650,22300,22500,558276,-0.054621848739495826
2023-02-13,22350,23750,22000,23500,455838,0.04444444444444451
2023-02-14,23850,24100,23000,23050,339070,-0.019148936170212738
2023-02-15,23050,23150,21250,21350,540242,-0.07375271149674623
2023-02-16,22250,22500,21650,21800,478606,0.021077283372365363
2023-02-17,21150,21850,21100,21250,206968,-0.025229357798165153
2023-02-20,21250,21950,21250,21500,212268,0.0117647058823529
2023-02-21,21550,21900,21350,21650,170860,0.006976744186046435
2023-02-22,21200,21300,20800,20950,194143,-0.0323325635103926
2023-02-23,21150,22700,21000,22250,416770,0.06205250596658707
2023-02-24,22500,23150,22100,22850,513778,0.026966292134831482
2023-02-27,23200,23400,22350,22400,400970,-0.01969365426695846
2023-02-28,22500,23900,22400,22950,740510,0.024553571428571397
2023-03-02,22900,22900,21450,21700,417674,-0.05446623093681913
2023-03-03,21800,23600,21650,22550,944121,0.03917050691244239
2023-03-06,22900,23350,22600,23100,437327,0.024390243902439046
2023-03-07,23100,23100,22400,22600,218944,-0.02164502164502169
2023-03-08,22300,22350,21800,22000,226333,-0.026548672566371723
2023-03-09,22000,22050,21100,21400,201905,-0.027272727272727226
2023-03-10,21000,21350,20800,20950,137202,-0.0210280373831776
2023-03-13,20550,20750,19770,20400,260449,-0.026252983293556076
2023-03-14,20400,20450,19400,19400,243912,-0.0490196078431373
2023-03-15,19770,20100,19490,19590,116799,0.009793814432989656
2023-03-16,19320,19480,18800,19180,175650,-0.020929045431342552
2023-03-17,19660,20550,19510,20250,260124,0.05578727841501574
2023-03-20,20200,20200,19650,19960,118029,-0.014320987654320994
2023-03-21,20200,20350,19610,19610,141673,-0.01753507014028055
2023-03-22,19940,20950,19800,20700,276660,0.05558388577256501
2023-03-23,20300,20450,19870,20000,169503,-0.033816425120772986
2023-03-24,20350,20550,19990,20400,136300,0.020000000000000018
2023-03-27,20350,20400,19690,19800,134793,-0.02941176470588236
2023-03-28,20050,21450,19820,20900,537171,0.05555555555555558
2023-03-29,20700,21150,20350,21150,178873,0.011961722488038173
2023-03-30,21300,21300,20550,20800,172042,-0.01654846335697402
2023-03-31,20550,20650,19980,20000,202762,-0.038461538461538436
2023-04-03,20150,20150,19540,19680,168139,-0.016000000000000014
2023-04-04,19550,19920,19550,19720,127027,0.00203252032520318
2023-04-05,19700,20200,19630,19780,117635,0.0030425963488844854
2023-04-06,19710,19750,19000,19060,221797,-0.03640040444893833
2023-04-07,19070,19210,18810,19020,124978,-0.0020986358866736943
2023-04-10,19060,19070,18500,18600,194148,-0.02208201892744477
2023-04-11,18510,18620,18220,18500,139554,-0.005376344086021501
2023-04-12,18370,18500,18100,18350,158167,-0.008108108108108136
2023-04-13,18390,20300,18230,20300,580889,0.10626702997275195
2023-04-14,20450,20500,19750,20300,275377,0.0
2023-04-17,20300,20300,19800,19990,119492,-0.015270935960591148
2023-04-18,19960,19960,19300,19310,158855,-0.034017008504252155
2023-04-19,20000,20300,19420,19490,162157,0.009321595028482621
2023-04-20,19420,19480,18870,18900,113904,-0.03027193432529507
2023-04-21,18860,19000,18520,18530,107096,-0.01957671957671958
2023-04-24,18530,19950,18400,18820,206757,0.015650296815974185
2023-04-25,19020,19490,18220,18300,154692,-0.02763018065887357
2023-04-26,18300,18580,18020,18140,76055,-0.008743169398907069
2023-04-27,18490,18600,18000,18170,79130,0.001653803748621785
2023-04-28,18500,19250,18100,18200,191482,0.001651073197578512
2023-05-02,18230,18470,18210,18370,66834,0.009340659340659307
2023-05-03,18370,18580,18110,18130,78003,-0.013064779531845372
2023-05-04,18020,18200,17810,17910,76647,-0.012134583563155
2023-05-08,17920,18550,17920,18170,86638,0.014517029592406416
2023-05-09,17980,18250,17370,17840,95563,-0.018161805173362633
2023-05-10,17840,18000,17650,17710,48222,-0.007286995515695116
2023-05-11,18030,18420,17750,18000,87617,0.01637492941840768
2023-05-12,17830,18300,17760,17850,40850,-0.008333333333333304
2023-05-15,17770,17850,17050,17250,104312,-0.03361344537815125
2023-05-16,17000,17600,16990,17080,67924,-0.009855072463768155
2023-05-17,16950,17410,16910,17270,53738,0.011124121779859442
2023-05-18,17380,17720,17380,17410,59179,0.00810654313839021
2023-05-19,17650,17900,17510,17710,66228,0.017231476163124704
2023-05-22,17710,17830,17510,17750,47272,0.0022586109542630517
2023-05-23,17750,18140,17750,17850,56773,0.005633802816901401
2023-05-24,17850,17990,17350,17360,80763,-0.027450980392156876
2023-05-25,17360,17520,17150,17150,62062,-0.012096774193548376
2023-05-26,17300,17310,17030,17100,49822,-0.002915451895043719
2023-05-30,17170,17440,17100,17440,43460,0.019883040935672502
2023-05-31,17440,17770,17300,17310,53580,-0.007454128440366969
2023-06-01,17250,17620,17250,17550,38405,0.013864818024263537
2023-06-02,17770,17920,17460,17600,50795,0.002849002849002913
2023-06-05,17840,18750,17760,18490,221391,0.05056818181818179
2023-06-07,18550,18870,18130,18180,118641,-0.016765819361817202
2023-06-08,18170,18170,17680,17800,71750,-0.020902090209020896
2023-06-09,17990,18310,17820,17820,92540,0.0011235955056179137
2023-06-12,17820,18460,17820,18110,114091,0.016273849607183033
2023-06-13,18280,18410,18010,18140,76618,0.001656543346217454
2023-06-14,18050,18180,17620,17820,99331,-0.01764057331863289
2023-06-15,17970,18120,17480,17520,58533,-0.01683501683501687
2023-06-16,17750,17900,17510,17510,50632,-0.0005707762557077833
2023-06-19,17580,17580,17160,17230,61785,-0.0159908623643632
2023-06-20,17400,17890,17220,17300,82426,0.004062681369704002
2023-06-21,17300,17550,17140,17160,52932,-0.008092485549133
2023-06-22,17280,17280,17020,17060,38546,-0.005827505827505797
2023-06-23,17100,17120,16910,16920,53085,-0.008206330597889777
2023-06-26,17100,17100,16450,16500,114617,-0.024822695035460973
2023-06-27,16400,16500,16160,16160,77894,-0.020606060606060628
2023-06-28,16250,16400,15900,16020,91321,-0.008663366336633671
2023-06-29,15980,16170,15440,15440,92486,-0.03620474406991259
2023-06-30,15440,15580,15070,15320,94515,-0.007772020725388629
2023-07-03,15300,15760,15300,15600,59922,0.018276762402088753
2023-07-04,15480,15600,15180,15350,56724,-0.01602564102564108
2023-07-05,15120,15330,14910,14920,120190,-0.028013029315960947
2023-07-06,14890,14900,14040,14140,212151,-0.052278820375335155
2023-07-07,13860,14150,13800,13880,114322,-0.018387553041018356
2023-07-10,13700,13980,13680,13720,92376,-0.011527377521613813
2023-07-11,13490,14110,13470,14000,92978,0.020408163265306145
2023-07-12,14000,14030,13500,13660,105663,-0.024285714285714244
2023-07-13,13660,15940,13650,15780,633548,0.15519765739385072
2023-07-14,15520,15560,14860,14890,189229,-0.056400506970849196
2023-07-17,14890,15120,14520,15060,99626,0.011417058428475402
2023-07-18,14910,15010,14530,14570,82966,-0.03253652058432932
2023-07-19,14570,14670,14130,14320,124802,-0.017158544955387822
2023-07-20,14300,14450,14130,14250,47218,-0.004888268156424624
2023-07-21,14010,14390,13820,14080,87644,-0.011929824561403457
2023-07-24,14000,14240,13350,14210,189176,0.009232954545454586
2023-07-25,14010,14200,13520,13540,114305,-0.047149894440534856
2023-07-26,13440,14600,12500,12700,218268,-0.06203840472673561
2023-07-27,12350,13270,12350,13160,100502,0.03622047244094495
2023-07-28,13010,13480,13010,13230,66034,0.005319148936170137
2023-07-31,13360,13480,12910,13450,84362,0.016628873771730834
2023-08-01,13460,14150,13460,13970,162105,0.03866171003717467
2023-08-02,13970,14150,13410,13550,90277,-0.030064423765211123
2023-08-03,13500,13500,13040,13200,60566,-0.02583025830258301
2023-08-04,13420,13420,13110,13200,63001,0.0
2023-08-07,13200,13580,13060,13410,74807,0.015909090909090873
2023-08-08,13280,13360,12930,12990,92466,-0.031319910514541416
2023-08-09,12740,13190,12730,13120,38841,0.01000769822940728
2023-08-10,12900,13060,12750,13000,53681,-0.009146341463414642
2023-08-11,13140,13540,12910,13270,102704,0.020769230769230873
2023-08-14,13270,13270,12890,12900,69565,-0.02788244159758857
2023-08-16,12730,12730,12310,12330,135043,-0.04418604651162794
2023-08-17,12190,12580,11710,12190,93786,-0.01135442011354415
2023-08-18,11910,12530,11810,11880,68373,-0.025430680885972112
2023-08-21,11710,12130,11710,11800,46284,-0.006734006734006703
2023-08-22,11800,11970,11660,11700,52681,-0.008474576271186418
2023-08-23,11680,11910,11530,11540,61941,-0.013675213675213627
2023-08-24,11580,12310,11580,12250,126289,0.0615251299826689
2023-08-25,12190,12190,11900,12000,36687,-0.020408163265306145
2023-08-28,11950,12280,11950,12210,53490,0.01750000000000007
2023-08-29,12300,12690,12220,12400,111560,0.015561015561015523
2023-08-30,12480,13120,12480,12830,108444,0.0346774193548387
2023-08-31,12970,12980,12410,12490,60694,-0.026500389711613392
2023-09-01,12600,13740,12590,13120,253965,0.05044035228182553
2023-09-04,13140,13150,12750,12780,67674,-0.02591463414634143
2023-09-05,12630,12850,12580,12680,39355,-0.007824726134585291
2023-09-06,12550,12890,12400,12450,52870,-0.01813880126182965
2023-09-07,12600,13300,12280,12300,275974,-0.012048192771084376
2023-09-08,12350,13400,12350,13200,275799,0.07317073170731714
2023-09-11,13250,13260,12850,12860,73562,-0.025757575757575757
2023-09-12,12810,13260,12650,12660,65973,-0.015552099533437058
2023-09-13,12700,12740,12400,12740,53236,0.006319115323854652
2023-09-14,12740,13320,12680,12750,113207,0.0007849293563579884
2023-09-15,13220,13500,12800,13080,180994,0.025882352941176467
2023-09-18,12920,13000,12580,12610,64398,-0.03593272171253825
2023-09-19,12530,12700,12320,12500,51309,-0.008723235527359208
2023-09-20,12410,12790,12300,12380,43873,-0.009600000000000053
2023-09-21,12100,12270,11820,11850,72411,-0.04281098546042006
2023-09-22,11700,11780,11510,11550,62028,-0.025316455696202556
2023-09-25,11520,11550,11090,11170,71298,-0.032900432900432874
2023-09-26,11090,11240,10690,10740,81846,-0.038495971351835245
2023-09-27,10720,11050,10690,10940,34641,0.01862197392923659
2023-10-04,10710,10870,10140,10180,77219,-0.06946983546617913
2023-10-05,10180,10550,10000,10170,67144,-0.0009823182711198308
2023-10-06,9980,10620,9980,10490,44481,0.03146509341199599
2023-10-10,10600,10620,9990,10130,55033,-0.03431839847473783
2023-10-11,10160,10410,10160,10240,40016,0.010858835143139123
2023-10-12,10300,11080,10300,10900,100447,0.064453125
2023-10-13,10900,10900,10310,10370,39739,-0.04862385321100915
2023-10-16,10220,10220,10000,10040,39788,-0.03182256509161041
2023-10-17,10060,10320,10060,10200,35976,0.015936254980079667
2023-10-18,10160,10200,9920,9940,62204,-0.025490196078431393
2023-10-19,9900,9900,9350,9500,90474,-0.044265593561368166
2023-10-20,9330,9440,9120,9390,58637,-0.011578947368421022
2023-10-23,9080,9480,9080,9160,39025,-0.024494142705005273
2023-10-24,9120,9690,9030,9690,65661,0.05786026200873362
2023-10-25,9670,9770,9460,9460,28338,-0.023735810113519107
2023-10-26,9060,9960,9060,9130,76895,-0.03488372093023251
2023-10-27,9140,9370,9070,9140,32029,0.0010952902519167917
2023-10-30,9050,9250,9000,9210,24202,0.007658643326039494
2023-10-31,9260,9450,8910,8960,35788,-0.02714440825190012
2023-11-01,8990,9350,8990,9150,45164,0.021205357142857206
2023-11-02,9160,9580,9160,9420,48999,0.029508196721311553
2023-11-03,9500,9640,9390,9600,49789,0.019108280254777066
2023-11-06,9720,10070,9600,10060,85915,0.04791666666666661
2023-11-07,10000,10030,9600,9800,53053,-0.025844930417495027
2023-11-08,9830,10700,9830,10400,192414,0.061224489795918435
2023-11-09,10890,11180,10090,10090,487346,-0.029807692307692313
2023-11-10,9910,10080,9750,9800,84473,-0.0287413280475719
2023-11-13,10010,10400,9800,9900,130127,0.010204081632652962
2023-11-14,9920,10300,9920,10000,45992,0.010101010101010166
2023-11-15,10200,10340,10150,10230,47124,0.02299999999999991
2023-11-16,10560,10560,10260,10280,72916,0.004887585532746819
2023-11-17,10210,10280,9900,9900,58588,-0.03696498054474706
2023-11-20,10000,10440,9820,10210,116783,0.031313131313131404
2023-11-21,10300,11560,10300,11050,1168022,0.0822722820763957
2023-11-22,10830,10930,10640,10860,116093,-0.017194570135746656
2023-11-23,11100,11300,10910,11000,192530,0.012891344383057168
2023-11-24,10900,11100,10630,11000,76028,0.0
2023-11-27,10910,11000,10390,10410,100884,-0.05363636363636359
2023-11-28,10410,10510,10360,10440,36760,0.0028818443804035088
2023-11-29,10540,10540,10240,10280,48777,-0.01532567049808431
2023-11-30,10250,10340,10000,10020,80285,-0.02529182879377434
2023-12-01,10030,10100,9940,9960,101888,-0.005988023952095856
2023-12-04,10010,11300,9880,11080,451050,0.11244979919678721
2023-12-05,10930,12020,10720,11520,540059,0.03971119133573997
2023-12-06,11580,12150,11330,11980,488641,0.03993055555555558
2023-12-07,11990,12250,11560,11600,226800,-0.03171953255425708
2023-12-08,11620,11960,11430,11480,153950,-0.010344827586206917
2023-12-11,11830,12490,11600,11820,536129,0.029616724738676048
2023-12-12,12030,12040,11340,11590,141539,-0.019458544839255465
2023-12-13,11600,11610,11310,11310,77684,-0.02415875754961172
2023-12-14,11500,11660,11260,11460,70465,0.013262599469495928
2023-12-15,11480,11810,11290,11810,122193,0.030541012216404928
2023-12-18,11760,11870,11600,11810,82165,0.0
2023-12-19,11800,12800,11800,12200,450134,0.03302286198137172
2023-12-20,12390,13150,12300,12950,401121,0.061475409836065475
2023-12-21,12810,12870,12450,12460,147142,-0.037837837837837784
2023-12-22,12720,13120,12430,12690,169617,0.018459069020866803
2023-12-26,12690,12690,11820,11980,147428,-0.05594956658786443
2023-12-27,11890,12400,11700,12400,85138,0.03505843071786319
2023-12-28,12510,12540,12150,12370,48511,-0.0024193548387096975
2024-01-02,12370,12480,12110,12250,65081,-0.009700889248181133
2024-01-03,12120,12360,12000,12190,68961,-0.004897959183673417
2024-01-04,12300,12300,11610,11840,94558,-0.028712059064807227
2024-01-05,11930,12350,11830,11830,103603,-0.0008445945945946276
2024-01-08,11700,12750,11670,12710,199551,0.07438715131022833
2024-01-09,12850,16520,12600,16300,8571542,0.2824547600314713
2024-01-10,16170,17330,15680,16330,3964161,0.0018404907975460016
2024-01-11,16340,17260,15710,16330,3187506,0.0
2024-01-12,16560,17000,15730,15980,1563212,-0.02143294549908148
2024-01-15,15820,16040,14490,14600,700229,-0.08635794743429281
2024-01-16,14610,15150,14160,14890,637727,0.019863013698630194
2024-01-17,14540,14710,13670,13790,425827,-0.07387508394895903
2024-01-18,13730,14250,13620,14200,348571,0.029731689630166702
2024-01-19,14200,15490,14170,15150,684927,0.06690140845070425
2024-01-22,15480,16330,14910,16260,872751,0.07326732673267333
2024-01-23,16780,16910,15500,15720,701814,-0.03321033210332103
2024-01-24,15840,15840,14460,15280,392390,-0.027989821882951627
2024-01-25,15430,15430,14340,14860,235320,-0.027486910994764413
2024-01-26,14730,16630,14580,16080,1210673,0.08209959623149388
2024-01-29,16380,16590,15030,15230,592580,-0.052860696517412986
2024-01-30,15300,15650,14780,15030,199475,-0.013131976362442566
2024-01-31,14970,15790,14860,15040,316451,0.0006653359946773296
2024-02-01,14840,15020,12840,13000,504214,-0.13563829787234039
2024-02-02,13400,13600,12910,12920,320283,-0.006153846153846176
2024-02-05,13360,13540,12800,12920,201561,0.0
2024-02-06,12920,13030,12020,12220,224335,-0.05417956656346745
2024-02-07,12230,12350,11860,11900,165564,-0.026186579378068786
2024-02-08,12080,12410,12030,12240,122925,0.02857142857142847
2024-02-13,12240,12610,12240,12610,126634,0.030228758169934533
2024-02-14,12210,12530,12060,12530,124680,-0.006344171292624878
2024-02-15,12640,12670,12240,12450,116233,-0.006384676775738174
2024-02-16,12670,12670,12230,12250,91596,-0.016064257028112428
2024-02-19,12250,12520,12100,12420,75599,0.013877551020408108
2024-02-20,12420,12420,12120,12200,75339,-0.017713365539452464
2024-02-21,12110,12360,12060,12140,71987,-0.004918032786885296
2024-02-22,12200,12270,12070,12090,86846,-0.004118616144975329
2024-02-23,12410,12890,12190,12220,194546,0.010752688172043001
2024-02-26,12250,12680,12250,12400,126962,0.014729950900163713
2024-02-27,12700,12700,11920,11990,109272,-0.03306451612903227
2024-02-28,12010,12120,11150,11180,181290,-0.06755629691409504
2024-02-29,11280,11280,10810,10810,150443,-0.03309481216457966
2024-03-04,10810,10860,10210,10310,227582,-0.046253469010175796
2024-03-05,10390,10390,10030,10050,96150,-0.02521823472356932
2024-03-06,10050,10100,9830,10090,80626,0.003980099502487455
2024-03-07,10170,10510,9890,10460,135199,0.03666997026759167
2024-03-08,10480,10550,10080,10150,97528,-0.029636711281070705
2024-03-11,10120,11300,10030,10970,253502,0.08078817733990151
2024-03-12,10970,10970,10580,10830,72530,-0.012762078395624377
2024-03-13,10850,11370,10690,11350,165172,0.048014773776546615
2024-03-14,11360,11560,11220,11300,125614,-0.004405286343612369
2024-03-15,11350,11350,10580,10640,148172,-0.05840707964601766
2024-03-18,10550,10740,10490,10630,82560,-0.0009398496240601295
2024-03-19,10530,10670,10470,10470,52336,-0.015051740357478804
2024-03-20,10650,10670,10190,10480,54019,0.0009551098376312517
2024-03-21,10540,10690,10420,10450,58206,-0.002862595419847347
2024-03-22,10440,10540,10300,10390,39091,-0.005741626794258381
2024-03-25,10390,10510,10280,10350,42645,-0.0038498556304138454
2024-03-26,10360,10650,10280,10560,85778,0.020289855072463725
2024-03-27,10560,10580,10280,10340,56271,-0.02083333333333337
2024-03-28,10370,10400,10200,10280,43619,-0.005802707930367523
2024-03-29,10280,10310,10190,10270,43735,-0.0009727626459143934
2024-04-01,10200,10480,10200,10480,36451,0.020447906523855863
2024-04-02,10500,10500,10100,10100,72934,-0.0362595419847328
2024-04-03,10150,10150,9940,9940,59052,-0.015841584158415856
2024-04-04,10000,10030,9900,9940,41342,0.0
2024-04-05,9940,10210,9940,10010,50961,0.007042253521126751
2024-04-08,10200,10200,9900,9930,40903,-0.007992007992007943
2024-04-09,9930,10060,9850,9850,45765,-0.00805639476334341
2024-04-11,9850,10190,9650,10050,81069,0.020304568527918843
2024-04-12,9900,10030,9430,9430,99145,-0.06169154228855722
2024-04-15,9190,9430,9050,9100,72525,-0.03499469777306474
2024-04-16,9030,9180,8980,9060,60999,-0.00439560439560438
2024-04-17,9020,9240,8970,8980,39268,-0.008830022075055233
2024-04-18,8980,9170,8940,9160,35961,0.020044543429844186
2024-04-19,9180,9180,8940,9000,46818,-0.017467248908296984
2024-04-22,9050,9250,8950,9010,21874,0.0011111111111110628
2024-04-23,9090,9230,9020,9060,29825,0.005549389567147678
2024-04-24,9060,9320,9060,9270,37502,0.023178807947019875
2024-04-25,9250,9270,9030,9030,27667,-0.02588996763754048
2024-04-26,9050,9080,8950,9000,33327,-0.0033222591362126463
2024-04-29,9000,9220,9000,9180,34897,0.020000000000000018
2024-04-30,9180,9280,9130,9180,21991,0.0
2024-05-02,9180,9210,9090,9090,26978,-0.009803921568627416
2024-05-03,9090,9330,9090,9260,31837,0.018701870187018743
2024-05-07,9330,9340,9150,9220,35799,-0.004319654427645814
2024-05-08,9160,9460,9160,9400,25378,0.01952277657266821
2024-05-09,9400,9410,9300,9310,22479,-0.009574468085106425
2024-05-10,9370,9530,9300,9300,26902,-0.0010741138560687036
2024-05-13,9310,9320,9150,9160,30702,-0.01505376344086018
2024-05-14,9160,10340,9160,9650,295315,0.053493449781659486
2024-05-16,9660,9710,9520,9550,39695,-0.010362694300518172
2024-05-17,9390,9560,9380,9420,33270,-0.013612565445026203
2024-05-20,9420,9500,9220,9230,43051,-0.02016985138004246
2024-05-21,9230,9230,9080,9090,42726,-0.015167930660888396
2024-05-22,9090,9170,8950,8970,63853,-0.01320132013201325
2024-05-23,8930,9180,8800,9000,39000,0.0033444816053511683
2024-05-24,8980,9020,8850,8910,25005,-0.010000000000000009
2024-05-27,8910,8980,8800,8860,38111,-0.0056116722783389195
2024-05-28,8800,8890,8800,8830,32791,-0.003386004514672636
2024-05-29,8810,8890,8790,8860,34272,0.003397508493771184
2024-05-30,8830,8850,8700,8720,41431,-0.015801354401805856
2024-05-31,8690,8790,8600,8610,54160,-0.012614678899082521
2024-06-03,8610,8760,8450,8510,41967,-0.011614401858304313
2024-06-04,8490,8540,8280,8300,77495,-0.024676850763807323
