Date,Open,High,Low,Close,Volume,Change
2022-01-03,39600,40200,39600,40050,272913,0.011363636363636465
2022-01-04,40100,41600,39700,41500,501580,0.0362047440699127
2022-01-05,41200,42900,41000,42700,1059738,0.028915662650602414
2022-01-06,42250,44200,41950,43750,1069284,0.024590163934426146
2022-01-07,43650,44700,43150,44350,869943,0.01371428571428579
2022-01-10,44350,45250,43750,44350,658017,0.0
2022-01-11,43800,44800,43300,43850,652084,-0.011273957158962844
2022-01-12,43700,44000,42650,43850,747879,0.0
2022-01-13,43300,44900,43150,44500,828327,0.014823261117445918
2022-01-14,44450,44650,42600,43000,602460,-0.0337078651685393
2022-01-17,42700,43150,42200,42800,363682,-0.0046511627906976605
2022-01-18,42950,43050,39500,40400,2004702,-0.05607476635514019
2022-01-19,39800,41300,39750,40700,709989,0.007425742574257432
2022-01-20,40700,41850,40650,41200,548412,0.01228501228501222
2022-01-21,40600,40950,39350,39850,943278,-0.03276699029126218
2022-01-24,39850,40500,39450,40000,767204,0.0037641154328733606
2022-01-25,40100,40150,38600,39050,504514,-0.02375000000000005
2022-01-26,39200,39850,38650,38650,329775,-0.010243277848911658
2022-01-27,38800,39000,36450,37100,781786,-0.040103492884864145
2022-01-28,37050,39650,36950,39250,649859,0.05795148247978443
2022-02-03,39800,39900,38950,39250,459431,0.0
2022-02-04,39250,40950,38900,40650,579329,0.03566878980891719
2022-02-07,40450,40500,38950,39450,543967,-0.029520295202952074
2022-02-08,39800,39950,38900,39350,475501,-0.0025348542458808465
2022-02-09,39700,40650,39450,40400,338734,0.02668360864040653
2022-02-10,40250,41350,39850,40550,443024,0.003712871287128605
2022-02-11,40100,40450,39300,39400,379238,-0.0283600493218249
2022-02-14,39100,39100,38400,38450,463469,-0.024111675126903598
2022-02-15,38750,39200,37900,38350,413742,-0.002600780234070177
2022-02-16,38850,39300,38600,38900,259619,0.014341590612777066
2022-02-17,39200,40150,38550,39250,497925,0.008997429305912519
2022-02-18,39000,40200,38750,39900,386440,0.016560509554140124
2022-02-21,39400,41200,39150,41150,545588,0.03132832080200498
2022-02-22,40600,41150,40300,40650,330101,-0.012150668286755817
2022-02-23,41000,42300,40800,41900,504518,0.03075030750307506
2022-02-24,41250,42300,41100,41500,513613,-0.009546539379474916
2022-02-25,41850,42500,41400,41850,366487,0.008433734939758963
2022-02-28,41750,43200,41450,42850,773048,0.0238948626045401
2022-03-02,43000,43400,42700,43050,359602,0.004667444574095736
2022-03-03,43550,44800,43500,44400,900949,0.03135888501742157
2022-03-04,44050,44750,43850,44550,486461,0.0033783783783782884
2022-03-07,44150,44900,43750,44200,638989,-0.007856341189674487
2022-03-08,43850,44050,42250,42800,871284,-0.03167420814479638
2022-03-10,45000,46450,44300,46300,2280198,0.08177570093457942
2022-03-11,46500,47700,45800,47450,1225067,0.024838012958963374
2022-03-14,47750,49550,47550,48200,1469205,0.015806111696522684
2022-03-15,48100,48150,46250,46950,1026317,-0.025933609958506243
2022-03-16,47650,47650,46200,47350,679692,0.008519701810436597
2022-03-17,47850,48000,46100,46650,898224,-0.014783526927138357
2022-03-18,46650,47000,45350,46100,1123550,-0.011789924973204746
2022-03-21,46100,46300,44700,45400,942812,-0.015184381778741818
2022-03-22,45350,46950,45100,46700,794879,0.028634361233480066
2022-03-23,47000,47500,46000,47400,683448,0.01498929336188426
2022-03-24,47000,47650,46600,47550,586101,0.0031645569620253333
2022-03-25,47300,47650,46250,47000,540693,-0.011566771819137789
2022-03-28,47000,47600,46350,47400,464512,0.008510638297872353
2022-03-29,47400,47500,45500,46000,882466,-0.029535864978902926
2022-03-30,46200,46200,45600,45700,488871,-0.006521739130434745
2022-03-31,45750,46500,45750,46400,462202,0.015317286652078765
2022-04-01,46400,46900,46200,46600,458734,0.004310344827586299
2022-04-04,46350,46350,44200,44550,1418279,-0.04399141630901282
2022-04-05,44800,44800,43950,44650,640491,0.002244668911335568
2022-04-06,44300,44400,43400,43950,771643,-0.015677491601343796
2022-04-07,43650,43850,42950,43000,865417,-0.021615472127417545
2022-04-08,43200,43550,41800,43300,920875,0.006976744186046435
2022-04-11,43000,43650,42900,43150,363700,-0.0034642032332563577
2022-04-12,42600,43600,42600,42900,388518,-0.005793742757821518
2022-04-13,43250,43350,42550,43250,324656,0.008158508158508049
2022-04-14,43250,43300,42350,42500,641182,-0.017341040462427793
2022-04-15,42300,42800,41950,42350,418726,-0.003529411764705892
2022-04-18,42350,42700,41900,42000,394804,-0.008264462809917328
2022-04-19,42200,42450,41950,42150,265920,0.0035714285714285587
2022-04-20,42100,42150,40950,41150,707822,-0.023724792408066464
2022-04-21,41150,41800,41100,41650,358043,0.012150668286755817
2022-04-22,41350,41550,40650,41350,396165,-0.007202881152461038
2022-04-25,40750,40800,40300,40400,362311,-0.022974607013301118
2022-04-26,40700,40800,40100,40350,408396,-0.0012376237623762387
2022-04-27,39600,40450,39300,40000,446806,-0.008674101610904539
2022-04-28,40500,42650,39950,42600,1283876,0.06499999999999995
2022-04-29,42100,42450,41800,42050,417390,-0.012910798122065748
2022-05-02,41650,43150,41650,42300,535945,0.005945303210463715
2022-05-03,42350,42450,41800,41900,409606,-0.009456264775413725
2022-05-04,41900,42400,41600,41900,267722,0.0
2022-05-06,41400,41400,40350,40900,600823,-0.023866348448687402
2022-05-09,40600,41200,39600,40300,606563,-0.014669926650366705
2022-05-10,39450,39900,38900,39700,643676,-0.01488833746898266
2022-05-11,39750,39750,38550,39350,609512,-0.008816120906801062
2022-05-12,38700,39700,38650,38650,582200,-0.017789072426937724
2022-05-13,39350,39950,38850,39700,364724,0.027166882276843385
2022-05-16,39950,40050,39150,39450,281019,-0.006297229219143552
2022-05-17,39400,39700,38900,39400,456447,-0.0012674271229404788
2022-05-18,39550,39600,38050,38400,886825,-0.025380710659898442
2022-05-19,37600,37900,37150,37600,677108,-0.02083333333333337
2022-05-20,37750,38200,37550,38000,476452,0.010638297872340496
2022-05-23,38050,38200,37400,38150,469856,0.003947368421052699
2022-05-24,38500,39550,38150,38750,1111867,0.01572739187418093
2022-05-25,39200,39550,38800,39200,674666,0.011612903225806548
2022-05-26,38900,39850,38700,39450,706817,0.0063775510204082675
2022-05-27,39750,39850,39350,39500,236780,0.0012674271229404788
2022-05-30,39850,40150,39700,40050,370648,0.013924050632911467
2022-05-31,40100,40400,39650,39800,922682,-0.006242197253433224
2022-06-02,39800,39900,38050,38550,865198,-0.031407035175879394
2022-06-03,38700,38850,38250,38800,473527,0.006485084306095956
2022-06-07,38600,38600,37450,37700,655547,-0.028350515463917536
2022-06-08,37900,38300,37600,37900,400391,0.0053050397877985045
2022-06-09,37750,37850,37000,37450,764096,-0.01187335092348285
2022-06-10,37250,38700,36900,38200,635704,0.020026702269692942
2022-06-13,37300,37650,35850,36000,854279,-0.05759162303664922
2022-06-14,35100,36100,34400,35800,835456,-0.005555555555555536
2022-06-15,35650,36400,34950,35100,544858,-0.019553072625698276
2022-06-16,35600,35750,33950,34250,633935,-0.024216524216524205
2022-06-17,33000,34600,33000,34350,502257,0.0029197080291971655
2022-06-20,34350,34450,32800,33150,673573,-0.03493449781659386
2022-06-21,33200,33300,32200,32850,695158,-0.009049773755656076
2022-06-22,33000,33000,31200,31300,742795,-0.04718417047184176
2022-06-23,31200,31550,29600,29850,1087126,-0.04632587859424919
2022-06-24,30000,31750,29900,31400,640960,0.051926298157453976
2022-06-27,31700,32100,31150,31900,591659,0.015923566878981
2022-06-28,31650,32350,31550,32150,380578,0.00783699059561127
2022-06-29,31500,32050,31250,31600,464689,-0.017107309486780742
2022-06-30,31750,32750,31100,31550,882920,-0.0015822784810126667
2022-07-01,32250,32950,31350,31500,753743,-0.0015847860538826808
2022-07-04,31900,31900,28300,28850,2298568,-0.08412698412698416
2022-07-05,29050,30050,28850,30050,948656,0.04159445407279039
2022-07-06,30050,30150,28900,28900,701800,-0.038269550748752046
2022-07-07,29300,29750,28800,29550,499337,0.02249134948096887
2022-07-08,29700,30450,29450,29550,680599,0.0
2022-07-11,29550,29600,28450,28950,799117,-0.02030456852791873
2022-07-12,28850,29100,28200,28550,601658,-0.013816925734024155
2022-07-13,28500,29000,28150,28550,515177,0.0
2022-07-14,28300,28600,28000,28300,764623,-0.008756567425569184
2022-07-15,28450,28550,26900,27700,971754,-0.021201413427561877
2022-07-18,28050,29100,27950,28850,755307,0.041516245487364545
2022-07-19,28800,29150,28250,28900,368462,0.0017331022530329143
2022-07-20,29400,29850,28850,28950,550010,0.0017301038062282892
2022-07-21,29050,29350,28750,29200,480211,0.008635578583765069
2022-07-22,29400,30200,28850,29200,760887,0.0
2022-07-25,29100,29500,29000,29300,438688,0.003424657534246478
2022-07-26,29350,29950,29200,29750,704687,0.015358361774743923
2022-07-27,29800,30000,29250,29900,595606,0.005042016806722671
2022-07-28,30050,30200,28650,28900,1418770,-0.03344481605351168
2022-07-29,29100,29800,29000,29800,1016403,0.03114186851211076
2022-08-01,29750,30200,29550,30000,580068,0.006711409395973256
2022-08-02,29950,30400,29700,30100,632860,0.0033333333333334103
2022-08-03,29950,30650,29750,30100,473700,0.0
2022-08-04,30300,30400,29850,30050,402225,-0.0016611295681062677
2022-08-05,30200,31100,30150,30900,612979,0.028286189683860208
2022-08-08,30900,31100,30400,30850,500607,-0.0016181229773463146
2022-08-09,30800,31050,30600,30950,337808,0.0032414910858995505
2022-08-10,31200,32350,31050,31800,1169642,0.02746365105008075
2022-08-11,32500,32650,31800,31900,777400,0.003144654088050425
2022-08-12,32050,33200,32050,33200,1133443,0.040752351097178785
2022-08-16,33350,33500,31900,32100,1057976,-0.033132530120481896
2022-08-17,32100,32550,31550,31800,690593,-0.009345794392523366
2022-08-18,31500,31700,31000,31500,609516,-0.009433962264150941
2022-08-19,31500,31550,30900,30950,636672,-0.01746031746031751
2022-08-22,30500,30600,30000,30300,646238,-0.021001615508885352
2022-08-23,29850,30350,29550,29900,544960,-0.01320132013201325
2022-08-24,30050,30450,29700,30250,556333,0.0117056856187292
2022-08-25,30500,30750,30250,30650,398886,0.013223140495867813
2022-08-26,30800,31300,30500,30900,524827,0.00815660685154973
2022-08-29,29900,30150,29600,29650,560564,-0.04045307443365698
2022-08-30,29850,30200,29550,29900,618980,0.008431703204047292
2022-08-31,29650,30150,29300,30150,965856,0.008361204013378032
2022-09-01,29750,30000,28950,29000,799380,-0.03814262023217252
2022-09-02,29200,29550,28950,29200,590629,0.006896551724137945
2022-09-05,29300,30000,29300,29500,693798,0.010273972602739656
2022-09-06,29500,29550,28950,29000,548643,-0.016949152542372836
2022-09-07,28900,28950,28000,28350,666002,-0.022413793103448265
2022-09-08,28600,28750,28150,28200,865408,-0.005291005291005346
2022-09-13,29000,29150,28750,29100,642905,0.03191489361702127
2022-09-14,28150,28150,27650,27650,1033435,-0.04982817869415812
2022-09-15,27750,28250,27450,28100,800515,0.016274864376130127
2022-09-16,27800,28500,27650,27800,751788,-0.010676156583629859
2022-09-19,27900,28000,27200,27300,532646,-0.017985611510791366
2022-09-20,27500,28000,27500,28000,387250,0.02564102564102555
2022-09-21,27700,28000,27050,27250,611192,-0.0267857142857143
2022-09-22,26900,26950,26150,26550,558877,-0.025688073394495414
2022-09-23,26500,26500,25800,25950,543762,-0.02259887005649719
2022-09-26,25500,25650,24350,24550,885033,-0.05394990366088637
2022-09-27,24250,25000,24250,24950,710509,0.016293279022403295
2022-09-28,24750,24950,23650,24000,930862,-0.038076152304609256
2022-09-29,24400,24550,23150,23200,1228169,-0.033333333333333326
2022-09-30,22700,23250,22550,22550,1090282,-0.028017241379310387
2022-10-04,22900,24100,22500,23600,1138759,0.04656319290465638
2022-10-05,24050,24150,22800,23000,819792,-0.025423728813559365
2022-10-06,23000,23300,22600,22600,834768,-0.017391304347826098
2022-10-07,22500,22700,22050,22650,1224712,0.0022123893805310324
2022-10-11,22150,22250,21500,21550,1111226,-0.04856512141280356
2022-10-12,21500,23050,21400,22950,1427124,0.0649651972157772
2022-10-13,22700,23000,21650,21650,1380517,-0.05664488017429192
2022-10-14,22350,23000,22300,23000,985566,0.06235565819861422
2022-10-17,22400,22900,22000,22650,620576,-0.01521739130434785
2022-10-18,23150,24050,22900,23800,1111793,0.050772626931567366
2022-10-19,23900,24050,23050,23100,817667,-0.02941176470588236
2022-10-20,23100,23550,22500,22950,962951,-0.00649350649350644
2022-10-21,22750,22750,21550,21700,1476763,-0.05446623093681913
2022-10-24,22300,23350,22250,22450,1303976,0.034562211981566726
2022-10-25,22550,22550,21450,21750,1060975,-0.031180400890868598
2022-10-26,21850,21900,21100,21300,1123588,-0.020689655172413834
2022-10-27,21250,23000,20800,22650,1507575,0.06338028169014076
2022-10-28,22350,22800,22200,22350,910354,-0.013245033112582738
2022-10-31,22700,22700,21600,21700,1045728,-0.029082774049216997
2022-11-01,21800,23050,21600,22800,1218480,0.05069124423963123
2022-11-02,22900,23050,22300,22600,620409,-0.00877192982456143
2022-11-03,22050,22650,22000,22250,896085,-0.015486725663716783
2022-11-04,22400,22550,22000,22300,571811,0.0022471910112360494
2022-11-07,22500,23300,22500,23100,917155,0.03587443946188351
2022-11-08,23300,23700,23050,23550,792887,0.01948051948051943
2022-11-09,23700,24250,23450,23950,960135,0.01698513800424628
2022-11-10,23600,24450,23550,23800,858530,-0.006263048016701411
2022-11-11,24850,24950,23800,24250,1934346,0.018907563025210017
2022-11-14,24500,24800,23750,23900,1433756,-0.014432989690721598
2022-11-15,24000,24500,23800,24400,871040,0.02092050209205021
2022-11-16,24500,24500,23450,24150,1110536,-0.010245901639344246
2022-11-17,24250,24250,23150,23150,1192445,-0.04140786749482406
2022-11-18,23300,23550,23050,23350,595926,0.008639308855291628
2022-11-21,23450,23550,22300,22450,1030222,-0.03854389721627405
2022-11-22,22400,23200,22300,23050,953541,0.026726057906458767
2022-11-23,23150,23400,22900,23200,587191,0.006507592190889477
2022-11-24,23350,23450,23050,23350,655299,0.006465517241379226
2022-11-25,23400,23750,23200,23550,547296,0.008565310492505418
2022-11-28,23500,23800,22850,23550,935433,0.0
2022-11-29,23600,23950,23450,23750,966961,0.00849256900212314
2022-11-30,23650,24050,23300,23400,8608540,-0.01473684210526316
2022-12-01,24000,25850,23950,24900,3529724,0.0641025641025641
2022-12-02,25050,25050,23800,23800,1501690,-0.04417670682730923
2022-12-05,24000,24100,23450,23850,855376,0.0021008403361344463
2022-12-06,23650,23950,23200,23300,1056084,-0.023060796645702264
2022-12-07,23300,23350,22700,22950,1368068,-0.015021459227467782
2022-12-08,23050,23100,22500,22550,1316474,-0.017429193899782147
2022-12-09,22750,23450,22700,23450,972548,0.039911308203991025
2022-12-12,23150,23250,22500,22650,1146232,-0.034115138592750505
2022-12-13,22850,22950,22500,22750,621996,0.004415011037527616
2022-12-14,22900,23050,22700,23050,808965,0.01318681318681314
2022-12-15,22850,23000,22700,22700,733349,-0.015184381778741818
2022-12-16,22400,22500,22200,22250,806923,-0.01982378854625555
2022-12-19,22200,22200,21900,22000,713902,-0.011235955056179803
2022-12-20,22000,22300,21900,22050,637020,0.002272727272727204
2022-12-21,22300,22600,21900,22400,707421,0.015873015873015817
2022-12-22,22650,23050,22350,22900,1031443,0.022321428571428603
2022-12-23,22600,22700,22300,22500,767092,-0.017467248908296984
2022-12-26,22600,22900,22500,22700,571828,0.008888888888888946
2022-12-27,22850,23300,22650,23200,1226450,0.022026431718061623
2022-12-28,22650,22650,21850,22150,1451886,-0.04525862068965514
2022-12-29,22000,22000,21150,21150,963181,-0.04514672686230248
2023-01-02,21250,21400,19950,20050,1172464,-0.05200945626477538
2023-01-03,20100,20250,19250,19950,1155512,-0.004987531172069848
2023-01-04,19850,21500,19850,21150,2288441,0.06015037593984962
2023-01-05,21050,21500,20900,21350,992396,0.009456264775413725
2023-01-06,21050,23350,21050,23150,2856382,0.08430913348946145
2023-01-09,23300,23400,22850,23150,856392,0.0
2023-01-10,23050,24000,23000,23650,1380174,0.021598272138228847
2023-01-11,23750,23800,23050,23200,922145,-0.019027484143763207
2023-01-12,23400,23600,22850,22900,1190566,-0.012931034482758674
2023-01-13,23050,23650,22950,23050,1054927,0.0065502183406114245
2023-01-16,23200,23400,22850,23200,504896,0.006507592190889477
2023-01-17,23400,23950,22950,23000,955315,-0.008620689655172376
2023-01-18,23000,23100,22450,22800,1029137,-0.008695652173912993
2023-01-19,22550,23050,22400,22800,507755,0.0
2023-01-20,22600,23950,22600,23850,1047091,0.046052631578947345
2023-01-25,24050,24100,23100,23150,773838,-0.02935010482180289
2023-01-26,23250,23550,23100,23400,725105,0.010799136069114423
2023-01-27,23400,24000,23150,23500,820012,0.004273504273504258
2023-01-30,23600,23850,23200,23200,741726,-0.012765957446808529
2023-01-31,23200,23600,22800,23300,1423418,0.004310344827586299
2023-02-01,23400,23450,22800,23100,689705,-0.008583690987124415
2023-02-02,23300,23550,22950,23100,849949,0.0
2023-02-03,23150,23500,22900,22900,582791,-0.008658008658008698
2023-02-06,22900,22950,22200,22350,633096,-0.024017467248908297
2023-02-07,22450,22500,21950,22050,684810,-0.01342281879194629
2023-02-08,22250,22500,21900,22450,730820,0.018140589569161092
2023-02-09,22300,22500,22050,22050,795450,-0.017817371937639215
2023-02-10,22100,22450,21800,22400,541231,0.015873015873015817
2023-02-13,22350,22400,21900,22300,503016,-0.004464285714285698
2023-02-14,22350,22600,22150,22350,533944,0.0022421524663676085
2023-02-15,22300,22350,21700,21750,723915,-0.02684563758389258
2023-02-16,21900,22400,21900,22300,568630,0.025287356321838983
2023-02-17,22000,23300,21950,22750,1088749,0.020179372197309364
2023-02-20,23000,23200,22600,22800,394773,0.00219780219780219
2023-02-21,22950,24450,22850,24300,2457450,0.06578947368421062
2023-02-22,23900,24100,23400,23500,995826,-0.03292181069958844
2023-02-23,23700,24150,23300,24050,1023650,0.023404255319148914
2023-02-24,24050,24200,23250,23250,786379,-0.033264033264033266
2023-02-27,23100,23150,22500,22600,585970,-0.027956989247311825
2023-02-28,22700,22850,22150,22250,808246,-0.015486725663716783
2023-03-02,22250,23150,22200,22850,712086,0.026966292134831482
2023-03-03,22950,23100,22500,22700,556051,-0.006564551422319487
2023-03-06,22850,22850,22250,22400,551499,-0.013215859030836996
2023-03-07,22500,22750,22300,22600,416906,0.008928571428571397
2023-03-08,22300,22400,21800,22250,590784,-0.015486725663716783
2023-03-09,22500,23000,22400,22400,792956,0.006741573033707926
2023-03-10,22200,22700,22000,22050,486452,-0.015625
2023-03-13,21900,22050,21200,21800,814858,-0.0113378684807256
2023-03-14,21650,21750,21000,21050,687043,-0.0344036697247706
2023-03-15,21450,21950,21250,21450,615691,0.019002375296912177
2023-03-16,21300,21450,20900,21000,559495,-0.020979020979020935
2023-03-17,21300,21500,21100,21300,617742,0.014285714285714235
2023-03-20,21200,21750,21000,21100,551634,-0.009389671361502372
2023-03-21,21250,21300,20850,20900,484097,-0.009478672985781977
2023-03-22,21050,21100,20600,20700,692046,-0.009569377990430672
2023-03-23,20400,20500,20000,20250,835546,-0.021739130434782594
2023-03-24,20250,20400,20150,20250,408544,0.0
2023-03-27,20350,20500,19960,20050,553799,-0.00987654320987652
2023-03-28,20100,20300,20000,20100,519161,0.0024937655860348684
2023-03-29,20100,20350,19990,20100,633497,0.0
2023-03-30,20250,21050,19970,20800,1093135,0.03482587064676612
2023-03-31,20850,21350,20600,20650,1032232,-0.007211538461538436
2023-04-03,20950,21600,20950,21350,879214,0.03389830508474567
2023-04-04,21600,21600,21000,21300,645286,-0.0023419203747072626
2023-04-05,21400,21600,21100,21150,571927,-0.007042253521126751
2023-04-06,21250,21300,20600,20650,988329,-0.023640661938534313
2023-04-07,20800,21150,20650,21100,543515,0.021791767554479424
2023-04-10,21000,21250,20800,20850,507189,-0.011848341232227444
2023-04-11,20950,21300,20700,21200,526752,0.01678657074340517
2023-04-12,21200,21800,21050,21600,959109,0.018867924528301883
2023-04-13,21500,21600,21200,21300,699646,-0.01388888888888884
2023-04-14,21550,22250,21350,21800,920138,0.023474178403755763
2023-04-17,21900,22250,21650,21950,671473,0.006880733944954143
2023-04-18,22000,22000,21450,21650,676855,-0.013667425968109326
2023-04-19,21700,22300,21700,21850,608237,0.009237875288683695
2023-04-20,21950,22200,21550,21750,758968,-0.004576659038901587
2023-04-21,21750,22550,21650,22300,825757,0.025287356321838983
2023-04-24,22250,22500,21200,21300,1084093,-0.04484304932735428
2023-04-25,21350,21550,20950,21050,851635,-0.011737089201877882
2023-04-26,20950,21550,20850,21200,484627,0.0071258907363420665
2023-04-27,21200,21500,20850,21300,477108,0.004716981132075526
2023-04-28,21400,22000,21200,21600,943070,0.014084507042253502
2023-05-02,21250,21400,20200,20500,2765917,-0.05092592592592593
2023-05-03,20100,20300,19820,20100,1859963,-0.019512195121951237
2023-05-04,20050,20700,20000,20650,867370,0.027363184079602032
2023-05-08,20600,21900,20550,21600,1677301,0.04600484261501214
2023-05-09,21600,21800,21250,21550,655556,-0.0023148148148147696
2023-05-10,21200,21500,20850,20950,774236,-0.02784222737819031
2023-05-11,21000,22100,21000,21700,1207123,0.03579952267303099
2023-05-12,21800,21850,21100,21100,504138,-0.027649769585253448
2023-05-15,20900,21350,20800,21050,370464,-0.0023696682464454666
2023-05-16,21050,21200,20700,20800,459330,-0.01187648456057011
2023-05-17,20700,20850,20550,20600,423965,-0.009615384615384581
2023-05-18,20800,21000,20600,20900,371641,0.014563106796116498
2023-05-19,21050,21300,20950,21100,397589,0.009569377990430672
2023-05-22,21200,21950,21150,21500,670202,0.018957345971563955
2023-05-23,21600,21850,21600,21650,329997,0.006976744186046435
2023-05-24,21500,22150,21400,21750,528345,0.004618937644341736
2023-05-25,21850,21900,21350,21500,386381,-0.011494252873563204
2023-05-26,21550,21600,21050,21150,397484,-0.016279069767441867
2023-05-30,21350,21600,21100,21200,376116,0.0023640661938533203
2023-05-31,21350,21350,20750,20750,746071,-0.021226415094339646
2023-06-01,20800,20900,20650,20750,326185,0.0
2023-06-02,20800,20950,20650,20850,367687,0.004819277108433662
2023-06-05,21000,21350,20950,21300,399663,0.021582733812949728
2023-06-07,21400,21450,21200,21250,420623,-0.0023474178403756207
2023-06-08,21250,21450,20950,21300,512571,0.0023529411764706687
2023-06-09,21500,21600,21200,21400,426288,0.0046948356807512415
2023-06-12,21550,21600,21250,21400,331519,0.0
2023-06-13,21500,21850,21250,21550,740272,0.007009345794392496
2023-06-14,21700,21900,21350,21400,540907,-0.00696055684454755
2023-06-15,21400,21550,20900,21050,516708,-0.016355140186915862
2023-06-16,21250,21350,20950,21200,474815,0.0071258907363420665
2023-06-19,21200,21950,21200,21750,721685,0.02594339622641506
2023-06-20,21650,21800,21050,21050,602401,-0.03218390804597704
2023-06-21,21100,21100,20650,20800,564457,-0.01187648456057011
2023-06-22,20700,21000,20550,20700,581175,-0.004807692307692291
2023-06-23,20700,20700,20000,20050,994382,-0.03140096618357491
2023-06-26,20250,20600,20050,20200,553310,0.007481296758104827
2023-06-27,20200,20350,20050,20200,330955,0.0
2023-06-28,20200,20400,20150,20200,343692,0.0
2023-06-29,20150,20150,18570,18600,3375403,-0.07920792079207917
2023-06-30,18520,18780,18020,18640,1278914,0.0021505376344086446
2023-07-03,18740,19240,18550,19020,749529,0.020386266094420513
2023-07-04,18990,19070,18770,18830,577300,-0.009989484752891742
2023-07-05,18830,18950,18030,18030,1825761,-0.04248539564524689
2023-07-06,15980,15990,14440,14520,9290211,-0.19467554076539106
2023-07-07,14550,14570,13700,13750,5382930,-0.05303030303030298
2023-07-10,13620,14300,13370,14120,3836687,0.026909090909090994
2023-07-11,14160,14620,13930,14460,2349805,0.024079320113314484
2023-07-12,14440,14530,14060,14220,1749897,-0.016597510373444035
2023-07-13,14250,14290,14090,14250,2323019,0.0021097046413502962
2023-07-14,14250,14290,13880,14170,1808910,-0.0056140350877192935
2023-07-17,14170,15080,14110,14900,3213649,0.05151729004940009
2023-07-18,14870,14870,14330,14480,1559195,-0.028187919463087296
2023-07-19,14570,14770,14430,14550,1054784,0.004834254143646355
2023-07-20,14510,14670,14310,14310,1085625,-0.016494845360824795
2023-07-21,14310,14580,14260,14330,1002944,0.0013976240391335715
2023-07-24,14300,14300,14020,14110,938386,-0.01535240753663647
2023-07-25,14110,14460,14000,14410,1361931,0.02126151665485465
2023-07-26,14410,14420,13820,13980,1935171,-0.029840388619014613
2023-07-27,13910,14040,13510,13960,1541496,-0.0014306151645206988
2023-07-28,13950,14190,13810,14100,947685,0.01002865329512903
2023-07-31,14120,14900,13940,14610,1951048,0.036170212765957555
2023-08-01,14640,14680,14380,14510,1309695,-0.006844626967830281
2023-08-02,14470,14690,14350,14480,883218,-0.002067539627842896
2023-08-03,14400,14490,14200,14340,860086,-0.00966850828729282
2023-08-04,14250,14380,14070,14310,472846,-0.0020920502092049986
2023-08-07,14310,14360,14160,14190,539975,-0.008385744234800874
2023-08-08,14180,14280,13970,13990,828956,-0.014094432699083836
2023-08-09,14020,14210,13900,14020,592627,0.0021443888491778917
2023-08-10,14020,14440,14020,14190,1039913,0.012125534950071293
2023-08-11,14220,14550,14220,14320,751917,0.009161381254404466
2023-08-14,14380,14400,14190,14290,456214,-0.0020949720670391248
2023-08-16,14270,14270,13950,14000,603893,-0.020293911826452016
2023-08-17,13920,14050,13770,13830,729967,-0.012142857142857122
2023-08-18,13830,14040,13680,13800,525448,-0.002169197396963085
2023-08-21,13800,14150,13800,13810,504355,0.0007246376811593791
2023-08-22,13870,14050,13770,13870,605265,0.004344677769732019
2023-08-23,13900,14230,13770,13940,668796,0.005046863734679219
2023-08-24,14010,14220,13980,14120,476215,0.012912482065997155
2023-08-25,13990,14140,13970,14000,347147,-0.008498583569405138
2023-08-28,14000,14760,13440,14480,3145357,0.03428571428571425
2023-08-29,14590,14930,14440,14740,1250629,0.017955801104972302
2023-08-30,14970,14970,14480,14510,591438,-0.015603799185888723
2023-08-31,14530,14700,14380,14530,569984,0.001378359751895264
2023-09-01,14540,14790,14420,14420,613348,-0.007570543702684063
2023-09-04,14500,14790,14350,14770,648845,0.024271844660194164
2023-09-05,14830,14880,14620,14690,598615,-0.005416384563303955
2023-09-06,14630,14680,14300,14410,854510,-0.019060585432266852
2023-09-07,14310,14390,14170,14250,437560,-0.011103400416377474
2023-09-08,14240,14430,14100,14400,343165,0.010526315789473717
2023-09-11,14470,14740,14400,14660,675671,0.01805555555555549
2023-09-12,14700,14730,14360,14380,498965,-0.019099590723055893
2023-09-13,14360,14620,14300,14590,440945,0.014603616133518793
2023-09-14,14640,14690,14480,14630,714260,0.002741603838245288
2023-09-15,14630,14940,14580,14840,1006415,0.014354066985645897
2023-09-18,14840,14920,14670,14670,502278,-0.011455525606469008
2023-09-19,14670,14750,14550,14720,324269,0.0034083162917519783
2023-09-20,14720,14790,14610,14710,313416,-0.0006793478260869179
2023-09-21,14710,14790,14370,14420,579884,-0.01971447994561526
2023-09-22,14370,14380,14190,14210,506075,-0.014563106796116498
2023-09-25,14200,14260,14050,14160,471306,-0.0035186488388458947
2023-09-26,14120,14170,13740,13800,926448,-0.025423728813559365
2023-09-27,13650,14060,13640,14030,429980,0.016666666666666607
2023-10-04,13990,14060,13510,13510,743177,-0.03706343549536706
2023-10-05,13570,13700,13330,13390,472625,-0.0088823094004441
2023-10-06,13370,13540,13140,13300,596025,-0.006721433905899965
2023-10-10,13340,13360,12670,12750,1443280,-0.041353383458646586
2023-10-11,12840,13130,12790,13050,663261,0.0235294117647058
2023-10-12,13060,13480,13060,13330,592778,0.0214559386973181
2023-10-13,13330,13400,13130,13170,356364,-0.012003000750187565
2023-10-16,13050,13340,13030,13290,448237,0.009111617312072884
2023-10-17,13380,13460,13140,13280,291833,-0.0007524454477050302
2023-10-18,13230,13550,13220,13550,1140657,0.02033132530120474
2023-10-19,13420,13420,13210,13290,332022,-0.01918819188191878
2023-10-20,13260,13470,12930,13370,562200,0.0060195635816402415
2023-10-23,13250,13360,12900,13000,678657,-0.027673896783844465
2023-10-24,13000,13280,12780,13270,494521,0.020769230769230873
2023-10-25,13270,13530,13210,13490,407073,0.016578749058025588
2023-10-26,13420,13430,13110,13190,387501,-0.022238695329873992
2023-10-27,13200,13440,13180,13250,371243,0.004548900682335155
2023-10-30,13150,13410,13150,13320,284245,0.005283018867924483
2023-10-31,13420,13500,13080,13160,461674,-0.012012012012011963
2023-11-01,13210,13520,13210,13370,350543,0.015957446808510634
2023-11-02,13490,13550,13330,13420,397242,0.0037397157816005944
2023-11-03,13510,13780,13470,13710,590514,0.0216095380029806
2023-11-06,13960,14140,13750,14140,692287,0.031363967906637535
2023-11-07,14140,14200,13950,14150,564421,0.0007072135785006761
2023-11-08,14280,14640,14130,14540,782567,0.027561837455830407
2023-11-09,14540,14760,14380,14380,680697,-0.011004126547455306
2023-11-10,14280,14560,14170,14470,302589,0.006258692628650975
2023-11-13,14530,14530,14260,14340,293049,-0.008984105044920532
2023-11-14,14340,14570,14340,14490,277689,0.010460251046025215
2023-11-15,14750,15250,14590,15200,1277815,0.04899930986887502
2023-11-16,15200,15660,15070,15420,1011340,0.014473684210526416
2023-11-17,15440,15950,15340,15810,1003117,0.02529182879377423
2023-11-20,15820,16340,15800,16000,858600,0.012017710309930374
2023-11-21,16180,16800,16050,16730,1387930,0.04562500000000003
2023-11-22,16700,17100,16470,16970,1093733,0.014345487148834435
2023-11-23,17000,17400,16810,16910,1112043,-0.003535651149086605
2023-11-24,16920,16940,16350,16670,1092770,-0.014192785334121827
2023-11-27,16670,17020,16490,16790,671298,0.007198560287942302
2023-11-28,16870,16940,16650,16810,496765,0.001191185229303171
2023-11-29,16800,16810,15850,16000,1145674,-0.04818560380725756
2023-11-30,16010,16250,16010,16210,401914,0.013125000000000053
2023-12-01,16270,16320,16060,16170,313102,-0.002467612584824197
2023-12-04,16170,16380,16030,16240,330056,0.0043290043290042934
2023-12-05,16110,16220,15930,16020,496099,-0.013546798029556606
2023-12-06,16070,16250,15890,16140,381314,0.0074906367041198685
2023-12-07,16040,16140,15870,15910,386588,-0.014250309789343274
2023-12-08,16060,16110,15690,15900,645884,-0.0006285355122563896
2023-12-11,16010,16010,15220,15540,923961,-0.02264150943396226
2023-12-12,15570,16020,15510,15850,599635,0.01994851994851987
2023-12-13,15850,15920,15550,15580,315575,-0.017034700315457396
2023-12-14,15930,15950,15640,15640,726713,0.0038510911424902705
2023-12-15,15700,16040,15690,15740,456496,0.006393861892583175
2023-12-18,15720,15740,15270,15470,454006,-0.01715374841168993
2023-12-19,15340,15610,15200,15500,482063,0.0019392372333548735
2023-12-20,15550,15650,15470,15510,354869,0.00064516129032266
2023-12-21,15480,15570,15390,15530,232360,0.0012894906511928816
2023-12-22,15530,15580,15440,15480,341681,-0.00321957501609782
2023-12-26,15480,16020,15360,15970,910251,0.03165374677002575
2023-12-27,15720,15810,14820,15000,1606488,-0.06073888541014405
2023-12-28,14840,15120,14660,15020,730385,0.0013333333333334085
2024-01-02,14840,14870,14550,14730,725529,-0.019307589880159792
2024-01-03,14620,14810,14580,14670,447332,-0.004073319755600768
2024-01-04,14640,14680,14410,14410,415732,-0.017723244717109732
2024-01-05,14420,14500,14270,14300,308544,-0.007633587786259555
2024-01-08,14250,14570,14240,14310,269656,0.0006993006993007977
2024-01-09,14460,14950,14290,14830,451691,0.036338225017470194
2024-01-10,14730,15720,14720,15290,1032415,0.03101820633850294
2024-01-11,15370,15760,15050,15080,706391,-0.01373446697187708
2024-01-12,15150,15170,14740,14820,379051,-0.017241379310344862
2024-01-15,14790,14900,14650,14690,276543,-0.00877192982456143
2024-01-16,14600,14860,14570,14620,305261,-0.004765146358066685
2024-01-17,14590,14690,14170,14280,509860,-0.023255813953488413
2024-01-18,14260,14480,14190,14230,262270,-0.003501400560224077
2024-01-19,14250,14520,14170,14250,285564,0.0014054813773718422
2024-01-22,14290,14340,14000,14030,406515,-0.01543859649122803
2024-01-23,14030,14150,13860,14100,375529,0.0049893086243764095
2024-01-24,14100,14140,13880,14140,190849,0.0028368794326241176
2024-01-25,14130,14590,14020,14460,334912,0.022630834512022524
2024-01-26,14400,14950,14330,14860,356956,0.027662517289073207
2024-01-29,14850,15260,14740,15190,597669,0.022207267833109112
2024-01-30,15260,15520,15020,15090,464809,-0.006583278472679366
2024-01-31,15100,15360,14920,15110,739613,0.001325381047051044
2024-02-01,15010,15870,14950,15690,1335139,0.03838517538054265
2024-02-02,15520,15530,14740,15400,1165048,-0.018483110261312885
2024-02-05,15310,15340,14880,15280,555335,-0.007792207792207795
2024-02-06,15200,15470,15140,15260,399788,-0.0013089005235602524
2024-02-07,15280,15570,15060,15570,474328,0.020314547837483543
2024-02-08,15500,15750,15240,15240,502424,-0.021194605009633882
2024-02-13,15220,15600,15180,15220,482918,-0.001312335958005284
2024-02-14,15080,15230,14850,14910,611053,-0.02036793692509853
2024-02-15,15040,15070,14870,14930,365983,0.0013413816230718467
2024-02-16,15050,15370,14940,15330,434570,0.02679169457468178
2024-02-19,15300,15790,15270,15700,670897,0.0241356816699283
2024-02-20,15800,15800,15440,15520,322540,-0.01146496815286624
2024-02-21,15570,15780,15380,15420,243862,-0.006443298969072142
2024-02-22,15560,15700,15270,15650,459998,0.0149156939040207
2024-02-23,15650,15810,15470,15570,350016,-0.005111821086261958
2024-02-26,15700,15700,15270,15350,335713,-0.014129736673089255
2024-02-27,15330,15700,15280,15320,303269,-0.001954397394136831
2024-02-28,15330,16230,15250,16210,897343,0.05809399477806787
2024-02-29,16100,16180,15860,15950,559515,-0.01603948180135717
2024-03-04,15960,16050,15680,15740,501887,-0.013166144200627006
2024-03-05,15720,15840,15560,15600,294054,-0.008894536213468918
2024-03-06,15550,15580,15110,15310,494629,-0.018589743589743635
2024-03-07,15340,15390,15120,15150,324072,-0.0104506858262573
2024-03-08,15270,15510,15250,15450,345895,0.01980198019801982
2024-03-11,15400,15510,15090,15110,441692,-0.022006472491909346
2024-03-12,15110,15120,14860,15100,441074,-0.0006618133686300265
2024-03-13,15200,15210,15060,15110,195751,0.0006622516556291647
2024-03-14,15200,15360,15100,15250,535066,0.009265387160820593
2024-03-15,15250,15440,15170,15390,478846,0.009180327868852478
2024-03-18,15390,15390,15100,15200,310410,-0.012345679012345734
2024-03-19,15130,15290,15010,15020,383666,-0.011842105263157876
2024-03-20,15100,15100,14920,15010,363947,-0.0006657789613848664
2024-03-21,15110,15360,15090,15210,509377,0.013324450366422491
2024-03-22,15180,15300,15150,15190,183693,-0.0013149243918474385
2024-03-25,15180,15180,14960,14980,362651,-0.01382488479262678
2024-03-26,15000,15100,14940,15010,313531,0.0020026702269693164
2024-03-27,14950,15160,14950,15070,285123,0.003997335109926725
2024-03-28,15060,15230,15000,15180,225699,0.007299270072992803
2024-03-29,15230,15230,14950,14950,271583,-0.015151515151515138
2024-04-01,14970,15380,14900,15060,195662,0.0073578595317724815
2024-04-02,14970,15060,14900,14980,321385,-0.005312084993359889
2024-04-03,15500,16550,15400,15630,4065591,0.04339118825100141
2024-04-04,15760,15840,15100,15190,950723,-0.028150991682661552
2024-04-05,15030,15290,15000,15120,365003,-0.004608294930875556
2024-04-08,15100,15110,14870,14940,409432,-0.011904761904761862
2024-04-09,14860,15080,14860,14960,261322,0.0013386880856760541
2024-04-11,14860,14930,14590,14610,544634,-0.023395721925133728
2024-04-12,14580,14640,14380,14480,469855,-0.008898015058179332
2024-04-15,14320,14470,14150,14470,258778,-0.0006906077348066697
2024-04-16,14310,14440,14220,14300,278522,-0.011748445058742174
2024-04-17,14320,14360,14080,14080,321436,-0.01538461538461533
2024-04-18,14100,14330,14100,14270,167080,0.013494318181818121
2024-04-19,14200,14430,14040,14410,289808,0.009810791871058155
2024-04-22,14490,14700,14400,14700,290773,0.02012491325468435
2024-04-23,14660,14930,14620,14900,307250,0.013605442176870763
2024-04-24,14890,14990,14770,14910,230773,0.0006711409395974144
2024-04-25,14900,15080,14860,14920,261092,0.0006706908115359234
2024-04-26,15000,15190,14840,15150,414714,0.015415549597855183
2024-04-29,15030,15640,14950,15640,774505,0.032343234323432446
2024-04-30,15640,16720,15600,16480,2104657,0.053708439897698135
2024-05-02,16320,16500,16130,16150,548663,-0.020024271844660158
2024-05-03,16280,16290,16000,16080,303748,-0.004334365325077361
2024-05-07,16110,16430,16070,16270,368625,0.011815920398009938
2024-05-08,16430,16500,16160,16180,264355,-0.005531653349723387
2024-05-09,16180,16340,15900,15900,469165,-0.017305315203955507
2024-05-10,16050,16170,15850,15890,232004,-0.0006289308176100628
2024-05-13,16020,16080,15620,15770,274995,-0.007551919446192601
2024-05-14,15770,16040,15660,15840,206951,0.00443880786303108
2024-05-16,15990,16070,15700,15740,357956,-0.0063131313131312705
2024-05-17,15710,15880,15540,15570,177324,-0.010800508259212194
2024-05-20,15630,15840,15500,15650,259168,0.005138086062941527
2024-05-21,15550,15590,15360,15440,302722,-0.013418530351437696
2024-05-22,15420,15630,15340,15470,243886,0.0019430051813471572
2024-05-23,15420,15500,15280,15350,200059,-0.007756948933419494
2024-05-24,15230,15290,15100,15160,317013,-0.01237785016286641
2024-05-27,15160,15330,15120,15170,215796,0.0006596306068602509
2024-05-28,15120,15200,15000,15100,271690,-0.004614370468029039
2024-05-29,15010,15100,14880,14930,347728,-0.011258278145695355
2024-05-30,14850,14910,14590,14670,428937,-0.017414601473543234
2024-05-31,14800,15030,14710,14990,378797,0.021813224267211995
2024-06-03,15040,15190,14950,15140,284239,0.010006671114076049
2024-06-04,15040,15140,14730,14810,342614,-0.02179656538969621
2024-06-05,14810,14910,14740,14810,231914,0.0
2024-06-07,14830,14920,14760,14820,186195,0.0006752194463199857
2024-06-10,14710,14800,14660,14690,202573,-0.00877192982456143
2024-06-11,14720,14830,14590,14640,205864,-0.003403675970047648
2024-06-12,14640,14780,14630,14710,191021,0.004781420765027411
2024-06-13,14750,15100,14650,14650,539649,-0.004078857919782464
2024-06-14,14650,14690,14490,14560,455998,-0.006143344709897636
2024-06-17,14550,14650,14500,14600,198825,0.0027472527472527375
2024-06-18,14600,14660,14460,14470,250973,-0.008904109589041087
2024-06-19,14520,15050,14450,14900,494190,0.029716655148583238
2024-06-20,14900,15210,14770,15140,314025,0.016107382550335503
2024-06-21,15140,15580,14850,15090,701572,-0.0033025099075296716
2024-06-24,14990,15070,14730,14760,299781,-0.021868787276341894
2024-06-25,14890,15070,14700,15020,259102,0.017615176151761558
2024-06-26,14980,15150,14830,15150,284430,0.008655126498002597
2024-06-27,15010,15020,14800,14800,240493,-0.02310231023102305
2024-06-28,14830,15040,14770,15030,221039,0.015540540540540437
2024-07-01,15000,15350,14940,15330,396459,0.019960079840319445
2024-07-02,15330,15330,14930,14970,344074,-0.023483365949119372
2024-07-03,15040,15080,14840,14900,200050,-0.004676018704074858
2024-07-04,14900,15080,14900,15070,198297,0.011409395973154268
2024-07-05,15010,15320,15010,15050,366824,-0.0013271400132713884
2024-07-08,14980,15300,14980,15220,231860,0.011295681063122842
2024-07-09,15290,15670,15250,15330,405670,0.007227332457293123
2024-07-10,15270,15330,15170,15180,170358,-0.009784735812133127
2024-07-11,15320,15580,15250,15460,444546,0.01844532279314892
2024-07-12,15780,16640,15730,16050,2333987,0.038163001293661125
2024-07-15,16120,17260,16050,17260,2751558,0.07538940809968842
2024-07-16,17260,17950,17070,17550,2222886,0.016801853997682414
2024-07-17,17660,18620,17660,18220,2431903,0.03817663817663819
2024-07-18,18300,18330,17630,17990,1200558,-0.012623490669593895
2024-07-19,17900,18130,17630,17900,665850,-0.005002779321845452
2024-07-22,17870,17900,17510,17800,656752,-0.005586592178770999
2024-07-23,17650,18220,17650,17730,714399,-0.00393258426966292
2024-07-24,17730,18000,17620,17760,399069,0.0016920473773265332
2024-07-25,17680,17850,17500,17570,451340,-0.010698198198198172
2024-07-26,17610,19300,17610,19210,2331978,0.09334092202618094
2024-07-29,19220,20100,19070,19680,1943456,0.024466423737636633
2024-07-30,19660,20150,19200,19820,988043,0.007113821138211351
2024-07-31,19500,20400,19500,19850,1184941,0.0015136226034309086
2024-08-01,19800,20250,19430,20250,956158,0.02015113350125941
2024-08-02,19860,19870,18870,19050,1188582,-0.059259259259259234
2024-08-05,18420,18660,16650,17050,1702699,-0.10498687664041995
2024-08-06,17200,18120,17130,17300,1116688,0.014662756598240456
2024-08-07,17200,17360,16750,16750,1002152,-0.03179190751445082
2024-08-08,16680,18780,16560,18640,1812519,0.11283582089552247
2024-08-09,18860,19540,18710,19130,1391506,0.026287553648068673
2024-08-12,19130,20100,18870,20050,1032868,0.04809200209095654
2024-08-13,19900,20050,19300,19430,670381,-0.030922693266832946
2024-08-14,19600,19750,19000,19370,529107,-0.0030880082346885773
2024-08-16,19560,19680,19190,19300,456387,-0.0036138358286009753
2024-08-19,19310,20000,19120,19940,987454,0.033160621761658016
2024-08-20,19800,21250,19770,20700,1767070,0.03811434302908734
2024-08-21,20750,21650,20350,21050,1711663,0.01690821256038655
2024-08-22,21050,21100,19770,19960,1279481,-0.051781472684085506
2024-08-23,19940,20700,19810,20450,783190,0.024549098196392727
2024-08-26,21000,21700,20500,21300,1451832,0.041564792176039145
2024-08-27,21300,21750,21050,21550,918817,0.011737089201877993
2024-08-28,21400,21450,20450,20650,865350,-0.04176334106728541
2024-08-29,20400,21150,20350,20950,699976,0.014527845036319542
2024-08-30,20950,20950,20200,20500,728191,-0.021479713603818618
2024-09-02,20350,20750,20250,20400,400978,-0.004878048780487809
2024-09-03,20400,20450,20000,20250,531047,-0.007352941176470562
2024-09-04,19800,19960,19300,19700,917959,-0.02716049382716046
2024-09-05,19700,19780,18650,18800,1205246,-0.045685279187817285
2024-09-06,18910,18980,18080,18250,821503,-0.0292553191489362
2024-09-09,18000,18800,17870,18670,532916,0.023013698630137025
2024-09-10,18670,18670,18150,18260,383488,-0.021960364220674933
2024-09-11,18270,18690,18110,18350,330211,0.004928806133625452
2024-09-12,18490,18980,18360,18610,572378,0.01416893732970026
2024-09-13,18710,19370,18660,19170,503858,0.030091348737238066
2024-09-19,19550,19780,19000,19080,528377,-0.0046948356807511304
2024-09-20,19280,19370,18890,19160,506670,0.004192872117400492
2024-09-23,19280,19400,18170,18250,689558,-0.04749478079331937
2024-09-24,18250,18910,18240,18910,477134,0.036164383561643865
2024-09-25,19090,19100,18230,18230,541618,-0.035959809624537264
2024-09-26,18390,18510,18180,18510,363611,0.015359297860669141
2024-09-27,18510,18600,18020,18210,484236,-0.01620745542949753
2024-09-30,18150,18530,18140,18340,316626,0.007138934651290452
2024-10-02,18340,18340,17560,18000,487761,-0.018538713195201728
2024-10-04,17980,18040,17630,18040,555043,0.0022222222222221255
2024-10-07,17970,18030,17550,17810,588877,-0.012749445676274895
2024-10-08,17780,18660,17710,18660,580216,0.047725996631106105
2024-10-10,18700,18700,18020,18220,607802,-0.02357984994640938
2024-10-11,18400,19320,18320,18420,744631,0.010976948408342402
2024-10-14,18600,18780,18170,18350,265664,-0.003800217155266017
2024-10-15,18360,18570,18140,18570,341782,0.011989100817438647
2024-10-16,18250,18600,18150,18440,246060,-0.007000538502961784
2024-10-17,18650,19140,18470,19020,746112,0.0314533622559654
2024-10-18,19020,19060,18500,18560,289446,-0.024185068349106165
2024-10-21,18600,18850,18520,18620,266273,0.003232758620689724
2024-10-22,18530,18640,18200,18550,397320,-0.003759398496240629
2024-10-23,18560,18590,17990,18070,475452,-0.02587601078167112
2024-10-24,18070,18300,17880,18300,371030,0.01272827891532935
2024-10-25,18300,18300,17840,18100,323440,-0.010928961748633892
2024-10-28,18000,18290,17960,18270,170377,0.00939226519337022
2024-10-29,18270,18330,18090,18300,184639,0.0016420361247948545
2024-10-30,18300,18300,17630,17870,465358,-0.023497267759562845
2024-10-31,17860,17940,17440,17770,385472,-0.005595970900951319
2024-11-01,17770,18170,17510,17820,294621,0.002813731007315745
2024-11-04,17770,17780,17490,17700,364087,-0.006734006734006703
2024-11-05,17640,18310,17640,18240,332531,0.03050847457627115
2024-11-06,18260,18420,18040,18420,290243,0.009868421052631637
2024-11-07,18290,18450,18030,18200,398471,-0.011943539630836053
2024-11-08,18250,18400,18070,18230,212659,0.0016483516483516425
2024-11-11,18230,18360,17590,17610,406564,-0.034009873834338955
2024-11-12,17790,17790,17270,17390,485539,-0.01249290176036344
2024-11-13,17290,17400,16860,16920,384745,-0.027027027027026973
2024-11-14,17080,17560,17000,17500,451757,0.03427895981087481
2024-11-15,17500,17690,17180,17690,320815,0.010857142857142899
2024-11-18,17690,18250,17520,18140,492203,0.02543810062182028
2024-11-19,18020,18250,17900,18250,258828,0.006063947078279952
2024-11-20,18250,18250,17780,17800,285222,-0.024657534246575352
2024-11-21,17820,18450,17760,18450,374889,0.03651685393258419
2024-11-22,18450,18770,18260,18500,279676,0.0027100271002709064
2024-11-25,18540,19200,18500,19170,637262,0.03621621621621629
2024-11-26,19050,19780,18980,19780,746556,0.03182055294731345
2024-11-27,19750,19750,19250,19400,338237,-0.01921132457027297
2024-11-28,19480,19880,19180,19600,310518,0.010309278350515427
2024-11-29,19800,19800,19100,19480,321260,-0.006122448979591799
2024-12-02,19480,19630,19000,19280,279157,-0.010266940451745366
2024-12-03,19440,20100,19310,20050,685780,0.039937759336099665
2024-12-04,19880,19880,18840,19250,753738,-0.03990024937655856
2024-12-05,19080,19260,18680,18800,281520,-0.023376623376623384
2024-12-06,18770,18890,17840,18680,595458,-0.006382978723404209
2024-12-09,18470,18470,17030,17130,781757,-0.08297644539614557
2024-12-10,17300,18470,17230,18260,501920,0.06596614127262113
2024-12-11,18020,18390,17740,18200,271185,-0.003285870755750264
2024-12-12,18200,18300,17830,18190,548558,-0.0005494505494505475
2024-12-13,18160,18620,18140,18560,253149,0.020340846619021358
2024-12-16,18650,18760,18250,18300,171996,-0.014008620689655138
2024-12-17,18400,18660,18180,18430,347343,0.0071038251366120075
2024-12-18,18490,18500,18170,18440,204653,0.0005425935973955021
2024-12-19,18120,18340,17710,18340,276534,-0.005422993492407824
2024-12-20,18130,18340,17800,17800,245559,-0.0294438386041439
2024-12-23,17970,18220,17830,18190,119696,0.02191011235955065
2024-12-24,18190,18480,17870,18100,264310,-0.004947773501924102
2024-12-26,18220,18230,17630,17730,379070,-0.02044198895027627
2024-12-27,17680,17700,17350,17520,286491,-0.011844331641285955
2024-12-30,17510,17910,17340,17350,254437,-0.009703196347031984
2025-01-02,17380,17740,17220,17350,344088,0.0
2025-01-03,17280,18010,17280,17950,326266,0.03458213256484144
2025-01-06,17850,18040,17690,17970,174333,0.0011142061281337323
2025-01-07,17950,18430,17810,18430,391258,0.025598219254312715
2025-01-08,18230,18380,17910,18150,281712,-0.01519262072707539
2025-01-09,18050,18160,17730,17740,347301,-0.022589531680440755
2025-01-10,17740,18200,17740,18200,280291,0.025930101465614364
2025-01-13,18190,18190,17350,17420,629175,-0.042857142857142816
2025-01-14,17420,17490,17190,17490,300918,0.0040183696900115695
2025-01-15,17510,17520,17040,17130,463995,-0.020583190394511175
2025-01-16,17260,17390,17050,17310,458329,0.01050788091068311
2025-01-17,17280,17280,16960,16960,375453,-0.02021952628538415
2025-01-20,17000,17120,16910,17010,172874,0.002948113207547065
2025-01-21,17090,17180,16880,16960,276854,-0.0029394473838918467
2025-01-22,17020,17640,16800,17470,722184,0.030070754716981174
2025-01-23,17590,17840,17360,17580,377857,0.00629650829994266
2025-01-24,17580,17830,17440,17820,409365,0.013651877133105783
2025-01-31,17950,17950,17260,17260,583892,-0.03142536475869806
2025-02-03,17110,17110,16620,16970,444439,-0.016801853997682525
2025-02-04,17010,17500,16970,17500,322129,0.03123158515026514
2025-02-05,17300,17760,17260,17300,338689,-0.011428571428571455
2025-02-06,17500,17820,17290,17500,509064,0.011560693641618602
2025-02-07,17450,17810,17410,17520,253870,0.0011428571428571122
2025-02-10,17440,17680,17400,17450,262439,-0.003995433789954372
2025-02-11,17500,17600,17310,17390,283509,-0.0034383954154727503
2025-02-12,17470,17500,17270,17440,159233,0.002875215641173101
2025-02-13,17700,18790,17540,18650,1183845,0.06938073394495414
2025-02-14,18710,18740,18420,18710,377491,0.0032171581769437907
2025-02-17,18690,18770,18460,18700,347329,-0.0005344735435596215
2025-02-18,18640,19800,18470,19560,809265,0.04598930481283414
2025-02-19,19660,19660,19060,19060,482618,-0.02556237218813906
2025-02-20,19000,19090,18570,18570,429703,-0.02570828961175231
2025-02-21,18540,18720,18420,18540,175304,-0.001615508885298822
2025-02-24,18360,18620,18270,18450,246067,-0.004854368932038833
2025-02-25,18450,18850,18290,18650,322482,0.01084010840108407
2025-02-26,18600,18870,18440,18770,378987,0.006434316353887359
2025-02-27,18770,18810,18310,18540,261283,-0.012253596164091607
2025-02-28,18270,18330,17560,17570,673017,-0.05231930960086295
2025-03-04,17460,17620,17250,17460,312465,-0.00626067159931698
2025-03-05,17430,18360,17430,18200,347471,0.04238258877434142
2025-03-06,18270,18700,18200,18280,334016,0.00439560439560438
2025-03-07,18230,18870,18120,18390,399419,0.006017505470459428
2025-03-10,18400,18860,18110,18610,329199,0.011963023382272953
2025-03-11,18270,18405,17860,17970,433920,-0.034390112842557774
2025-03-12,18050,18440,18030,18080,295412,0.006121313299944253
2025-03-13,18100,18330,17700,17740,437221,-0.01880530973451322
2025-03-14,17750,18120,17690,17780,190385,0.0022547914317925244
2025-03-17,17990,18140,17770,17950,113614,0.009561304836895435
2025-03-18,18030,18140,17790,17820,194609,-0.007242339832869038
2025-03-19,17970,18240,17810,17820,246706,0.0
2025-03-20,17900,17970,17490,17490,283186,-0.01851851851851849
2025-03-21,17550,17600,17310,17580,429114,0.005145797598627766
2025-03-24,17550,17680,17420,17440,162567,-0.007963594994311762
2025-03-25,17390,17670,17060,17180,344361,-0.014908256880733939
2025-03-26,17280,17340,17150,17150,183381,-0.0017462165308498312
2025-03-27,17130,17660,17130,17370,300650,0.01282798833819232
2025-03-28,17470,17500,16990,17120,380219,-0.014392630972941856
2025-03-31,17010,17150,16850,16960,342758,-0.009345794392523366
2025-04-01,17010,17260,16860,16970,337927,0.000589622641509413
2025-04-02,17000,17150,16650,16720,422210,-0.014731879787860946
2025-04-03,16520,16720,16340,16650,292897,-0.004186602870813405
2025-04-04,16400,16750,16230,16750,396212,0.006006006006006093
2025-04-07,16300,16450,15550,15550,577434,-0.07164179104477608
2025-04-08,15800,16120,15620,15700,450330,0.009646302250803762
2025-04-09,15410,15520,15190,15340,376813,-0.02292993630573248
2025-04-10,16010,16260,15800,16160,383645,0.0534550195567145
2025-04-11,16050,16300,15920,16300,186988,0.00866336633663356
2025-04-14,16350,16420,16210,16350,189633,0.0030674846625766694
2025-04-15,16300,16600,16290,16490,188356,0.008562691131498434
2025-04-16,16480,16770,16460,16550,207897,0.0036385688295936802
2025-04-17,16630,16630,16340,16440,354407,-0.006646525679758319
2025-04-18,16450,16760,16450,16650,149403,0.012773722627737127
2025-04-21,16620,16770,16530,16590,122249,-0.003603603603603567
2025-04-22,16530,16740,16530,16600,201957,0.0006027727546715766
2025-04-23,16790,16960,16740,16810,201502,0.012650602409638445
2025-04-24,16890,17240,16840,17120,257018,0.01844140392623439
2025-04-25,17200,17360,17110,17240,265327,0.007009345794392496
2025-04-28,17300,18050,17280,17980,509682,0.04292343387470998
2025-04-29,17970,18080,17680,17850,283731,-0.007230255839822064
2025-04-30,17820,18460,17810,18250,601687,0.022408963585434094
2025-05-02,18220,18320,17660,17740,422287,-0.027945205479452007
2025-05-07,17850,18430,17680,18200,443723,0.025930101465614364
2025-05-08,18290,18340,17780,17830,506450,-0.02032967032967037
2025-05-09,17850,18130,17830,17890,270114,0.0033651149747615516
2025-05-12,18160,19050,18150,18970,858416,0.060368921185019575
2025-05-13,18790,18970,18610,18810,311693,-0.008434370057986307
2025-05-14,19000,19230,18880,18940,333412,0.006911217437533201
2025-05-15,18800,18960,18530,18530,303007,-0.021647307286166817
2025-05-16,18720,19500,18670,19200,649919,0.03615758229897459
2025-05-19,19050,19880,19030,19220,460727,0.0010416666666666075
2025-05-20,19390,19560,18860,19140,467346,-0.004162330905306932
2025-05-21,19300,19790,19200,19360,521424,0.011494252873563315
2025-05-22,19220,19600,19000,19030,478913,-0.017045454545454586
2025-05-23,19360,20650,19330,20500,1322827,0.07724645296899624
2025-05-26,21000,21350,20100,20950,1016855,0.02195121951219514
2025-05-27,20800,21150,20700,21000,459051,0.0023866348448686736
2025-05-28,21500,23250,21350,22600,2370831,0.07619047619047614
2025-05-29,22350,23450,22250,23250,1123278,0.028761061946902755
2025-05-30,23050,23150,22100,22650,1188038,-0.02580645161290318
2025-06-02,22250,23050,22250,22550,521218,-0.004415011037527616
2025-06-04,23100,23400,22700,23100,692500,0.024390243902439046
2025-06-05,23550,23650,22750,23500,1314374,0.017316017316017396
2025-06-09,23650,24400,23200,23400,927631,-0.004255319148936176
2025-06-10,23450,24600,23400,24000,1066344,0.02564102564102555
2025-06-11,23800,24300,23550,24150,664626,0.006250000000000089
2025-06-12,24200,24850,23500,23650,1090948,-0.020703933747411973
2025-06-13,23800,23950,22650,23000,893400,-0.02748414376321351
2025-06-16,22900,23900,22850,23800,596110,0.034782608695652195
2025-06-17,24250,24350,22650,23200,1553163,-0.025210084033613467
2025-06-18,22850,23250,22400,22600,849858,-0.025862068965517238
2025-06-19,22800,22900,21650,22200,854419,-0.017699115044247815
2025-06-20,22250,22300,21550,21850,636317,-0.015765765765765716
2025-06-23,21350,21650,21250,21450,567635,-0.01830663615560646
2025-06-24,22200,22450,21550,21950,634249,0.02331002331002341
2025-06-25,22300,23050,22150,22400,845424,0.0205011389521641
2025-06-26,22400,22500,21250,21650,854313,-0.033482142857142905
2025-06-27,21900,22050,21100,21300,528474,-0.0161662817551963
2025-06-30,21350,21500,20550,20750,626849,-0.025821596244131495
2025-07-01,20850,21750,20800,20850,730421,0.004819277108433662
2025-07-02,20850,21200,20450,21100,420178,0.011990407673860837
2025-07-03,21300,21400,20950,21300,443066,0.009478672985782088
2025-07-04,21400,21450,20700,20800,420465,-0.023474178403755874
2025-07-07,20800,21000,20350,20550,389970,-0.012019230769230727
2025-07-08,20700,21100,20650,20950,456837,0.019464720194647178
2025-07-09,20950,21450,20700,21400,377004,0.021479713603818507
2025-07-10,21450,21500,20800,20850,736719,-0.025700934579439227
2025-07-11,21000,21250,20750,20900,458710,0.0023980815347721673
2025-07-14,21000,21350,20800,21250,447444,0.01674641148325362
2025-07-15,21350,21450,20800,21050,540860,-0.009411764705882342
2025-07-16,21050,21100,20550,20550,402476,-0.02375296912114011
2025-07-17,20650,20750,20250,20550,367787,0.0
2025-07-18,20700,20750,20300,20600,247559,0.0024330900243310083
2025-07-21,20500,20550,20150,20250,397871,-0.016990291262135915
2025-07-22,20250,20350,19870,20050,505670,-0.00987654320987652
2025-07-23,20250,20400,19880,20300,268953,0.012468827930174564
2025-07-24,20400,20600,20050,20050,339700,-0.012315270935960632
2025-07-25,20050,20150,19890,20050,332839,0.0
2025-07-28,19990,20150,19590,19600,480426,-0.02244389027431426
2025-07-29,19600,20200,19350,20200,518468,0.030612244897959107
2025-07-30,20050,20500,19440,19570,980910,-0.031188118811881216
2025-07-31,19610,19640,19340,19350,892818,-0.01124169647419515
2025-08-01,19250,19370,18740,18780,600116,-0.029457364341085257
2025-08-04,18810,18970,18630,18900,393161,0.006389776357827559
2025-08-05,19030,19480,19020,19400,395496,0.02645502645502651
2025-08-06,19280,19730,19220,19540,302093,0.007216494845360799
2025-08-07,19560,19590,19310,19540,355649,0.0
2025-08-08,19620,19740,19370,19480,289124,-0.0030706243602866
2025-08-11,19500,19500,18910,19060,340938,-0.021560574948665256
2025-08-12,19030,19270,18950,18970,240200,-0.004721930745015701
2025-08-13,18990,19060,18180,18540,986687,-0.022667369530838144
2025-08-14,18540,18630,18380,18570,404772,0.0016181229773462036
2025-08-18,18560,18820,18440,18640,451988,0.003769520732364029
2025-08-19,18640,18720,18190,18590,485436,-0.002682403433476366
2025-08-20,18630,18630,18070,18600,485154,0.0005379236148466138
2025-08-21,18680,19080,18500,18890,437248,0.015591397849462396
2025-08-22,18950,19410,18790,19070,456561,0.009528851244044567
2025-08-25,19250,19560,19050,19100,424906,0.0015731515469323831
2025-08-26,19000,19100,18750,18820,454943,-0.014659685863874339
2025-08-27,18860,19000,18740,18900,308898,0.004250797024442088
2025-08-28,18810,18940,18630,18900,215172,0.0
2025-08-29,18960,19040,18650,18670,243278,-0.012169312169312163
2025-09-01,18650,18650,18380,18450,215155,-0.011783610069630468
2025-09-02,18430,18590,18290,18560,199469,0.005962059620596261
2025-09-03,18470,18500,17790,18070,629362,-0.026400862068965525
2025-09-04,18000,18810,18000,18800,494753,0.04039845047039292
2025-09-05,18670,18830,18610,18740,189757,-0.0031914893617021045
2025-09-08,19110,19230,18960,19170,272218,0.022945570971184548
2025-09-09,19260,19270,19090,19200,248490,0.0015649452269170805
2025-09-10,19070,19350,19060,19290,228095,0.004687499999999956
2025-09-11,19310,19520,19240,19300,464294,0.0005184033177811909
