Date,Open,High,Low,Close,Volume,Change
2022-01-03,5550,5550,5380,5470,32997,0.005514705882353033
2022-01-04,5580,5690,5370,5470,22317,0.0
2022-01-05,5470,5750,5370,5740,83081,0.04936014625228524
2022-01-06,5600,6050,5600,5850,114661,0.019163763066202044
2022-01-07,5770,6050,5770,5910,49462,0.01025641025641022
2022-01-10,5910,5910,5600,5890,60996,-0.0033840947546531774
2022-01-11,5800,5890,5710,5830,29641,-0.01018675721561968
2022-01-12,5830,5940,5720,5910,53345,0.013722126929674117
2022-01-13,5970,5970,5830,5960,44392,0.008460236886632888
2022-01-14,5960,6150,5890,6030,65610,0.011744966442952975
2022-01-17,6280,6280,5980,6040,29006,0.0016583747927032544
2022-01-18,5990,6080,5710,5840,100758,-0.0331125827814569
2022-01-19,6010,6010,5710,5750,36812,-0.015410958904109595
2022-01-20,5890,5890,5700,5880,35412,0.022608695652173827
2022-01-21,5970,5970,5750,5780,18799,-0.017006802721088454
2022-01-24,5860,5860,5500,5590,38932,-0.03287197231833905
2022-01-25,5590,5800,5180,5380,48196,-0.03756708407871201
2022-01-26,5370,5430,5240,5330,27150,-0.009293680297397744
2022-01-27,5330,5670,5230,5600,73898,0.05065666041275807
2022-01-28,5680,5780,5390,5640,70769,0.0071428571428571175
2022-02-03,5670,5840,5650,5780,25735,0.024822695035461084
2022-02-04,5790,6060,5770,5940,95322,0.02768166089965396
2022-02-07,5930,6040,5810,5930,31404,-0.0016835016835017313
2022-02-08,6020,6020,5820,5880,23062,-0.00843170320404718
2022-02-09,6020,6020,5610,5870,19794,-0.00170068027210879
2022-02-10,5930,5930,5740,5800,13991,-0.011925042589437829
2022-02-11,5800,5800,5600,5650,34951,-0.025862068965517238
2022-02-14,5590,5760,5420,5440,45165,-0.03716814159292037
2022-02-15,5500,5560,5410,5500,18906,0.011029411764705843
2022-02-16,5500,5630,5500,5620,11321,0.021818181818181737
2022-02-17,5620,5720,5480,5600,23714,-0.003558718861209953
2022-02-18,5540,5670,5510,5660,9144,0.010714285714285676
2022-02-21,5520,5950,5490,5770,27997,0.019434628975264934
2022-02-22,5750,5750,5550,5720,24650,-0.008665511265164683
2022-02-23,5870,5870,5630,5780,21660,0.010489510489510412
2022-02-24,5780,5890,5550,5680,27194,-0.01730103806228378
2022-02-25,5790,5790,5610,5640,15608,-0.007042253521126751
2022-02-28,5690,5940,5560,5780,56535,0.024822695035461084
2022-03-02,5880,6050,5700,5970,67579,0.03287197231833905
2022-03-03,6040,6040,5810,5950,24272,-0.00335008375209378
2022-03-04,6000,6050,5890,5940,17074,-0.001680672268907557
2022-03-07,5890,5940,5880,5890,44992,-0.008417508417508435
2022-03-08,5820,5940,5820,5900,24216,0.001697792869269854
2022-03-10,5910,6130,5900,6000,47226,0.016949152542372836
2022-03-11,6050,6070,5970,6060,40359,0.010000000000000009
2022-03-14,6140,6150,5940,5970,44976,-0.014851485148514865
2022-03-15,5970,5990,5810,5960,16525,-0.0016750418760469454
2022-03-16,5960,6050,5850,5990,19974,0.005033557046979942
2022-03-17,6040,6040,5900,5960,18844,-0.005008347245408995
2022-03-18,6000,6000,5850,5930,19954,-0.005033557046979831
2022-03-21,5860,5990,5820,5930,16995,0.0
2022-03-22,5950,5970,5870,5940,13862,0.001686340640809414
2022-03-23,5920,6050,5840,5980,22710,0.006734006734006703
2022-03-24,6050,6050,5680,5810,59104,-0.02842809364548493
2022-03-25,5810,6330,5710,6130,360496,0.055077452667814164
2022-03-28,6130,6190,6000,6100,80654,-0.004893964110929905
2022-03-29,6100,6190,5970,6050,79545,-0.008196721311475419
2022-03-30,6140,6350,6130,6170,165286,0.01983471074380172
2022-03-31,6250,6250,6000,6130,54743,-0.00648298217179899
2022-04-01,6130,6490,6010,6400,303150,0.04404567699836859
2022-04-04,6390,6740,6300,6510,222713,0.01718749999999991
2022-04-05,6520,6590,6370,6500,111341,-0.001536098310291889
2022-04-06,6400,6490,6360,6390,53162,-0.01692307692307693
2022-04-07,6260,6330,6090,6170,57389,-0.03442879499217533
2022-04-08,6110,6200,6040,6080,47902,-0.014586709886547866
2022-04-11,6070,6080,5890,6000,40957,-0.013157894736842146
2022-04-12,5970,5970,5790,5920,31253,-0.013333333333333308
2022-04-13,5900,5960,5810,5960,20594,0.006756756756756799
2022-04-14,5990,6040,5860,5960,28961,0.0
2022-04-15,5820,5940,5700,5900,33726,-0.010067114093959773
2022-04-18,5840,5920,5700,5710,51870,-0.03220338983050852
2022-04-19,5660,5780,5630,5770,31147,0.01050788091068311
2022-04-20,5770,5780,5620,5730,27545,-0.006932409012131768
2022-04-21,5680,5770,5650,5720,19855,-0.0017452006980802626
2022-04-22,5640,5710,5620,5670,27370,-0.00874125874125875
2022-04-25,5510,5600,5430,5460,62424,-0.03703703703703709
2022-04-26,5410,5500,5310,5400,59297,-0.01098901098901095
2022-04-27,5370,5370,5100,5210,63480,-0.03518518518518521
2022-04-28,5390,5390,5110,5180,23176,-0.0057581573896353655
2022-04-29,5360,5360,5100,5180,50443,0.0
2022-05-02,5130,5210,5030,5060,101024,-0.02316602316602312
2022-05-03,5090,5110,4955,5000,76419,-0.011857707509881465
2022-05-04,5110,5760,5070,5280,296668,0.05600000000000005
2022-05-06,5150,5270,5010,5110,66608,-0.032196969696969724
2022-05-09,5100,5100,4865,4945,74613,-0.03228962818003911
2022-05-10,4930,4930,4680,4850,38692,-0.01921132457027297
2022-05-11,4815,5030,4800,4830,22848,-0.004123711340206171
2022-05-12,4875,4875,4575,4645,49871,-0.038302277432712195
2022-05-13,4555,4795,4555,4660,29050,0.0032292787944026013
2022-05-16,4605,4685,4200,4335,150385,-0.06974248927038629
2022-05-17,4335,4570,4285,4420,56332,0.019607843137254832
2022-05-18,4440,4640,4335,4410,58219,-0.002262443438914019
2022-05-19,4410,4690,4250,4670,72243,0.05895691609977316
2022-05-20,4670,5340,4625,5130,266752,0.09850107066381164
2022-05-23,5130,5130,4840,4900,63067,-0.04483430799220278
2022-05-24,4905,4985,4810,4860,26353,-0.008163265306122436
2022-05-25,4865,4930,4715,4835,19279,-0.005144032921810648
2022-05-26,4985,4985,4835,4850,16147,0.0031023784901758056
2022-05-27,4980,4980,4765,4860,16168,0.0020618556701030855
2022-05-30,4835,4955,4800,4860,19910,0.0
2022-05-31,4995,4995,4740,4800,34075,-0.012345679012345734
2022-06-02,4800,4900,4685,4815,17619,0.0031250000000000444
2022-06-03,4840,4900,4730,4780,23735,-0.007268951194184803
2022-06-07,4780,4780,4700,4700,11283,-0.01673640167364021
2022-06-08,4630,4820,4570,4705,21133,0.0010638297872340718
2022-06-09,4790,5370,4785,4870,438200,0.03506907545164717
2022-06-10,4840,5210,4840,5160,94666,0.05954825462012314
2022-06-13,5160,5160,4925,5040,50454,-0.023255813953488413
2022-06-14,4880,5050,4800,4950,35363,-0.017857142857142905
2022-06-15,4960,5090,4780,4895,36374,-0.011111111111111072
2022-06-16,4895,5040,4870,4975,57597,0.01634320735444339
2022-06-17,4945,4945,4550,4910,52458,-0.013065326633165841
2022-06-20,4880,4915,4670,4725,35883,-0.03767820773930752
2022-06-21,4690,4785,4610,4635,34957,-0.01904761904761909
2022-06-22,4655,4830,4470,4470,39888,-0.035598705501618144
2022-06-23,4335,4560,4200,4200,33644,-0.06040268456375841
2022-06-24,4195,4375,4150,4330,18704,0.030952380952380842
2022-06-27,4330,4555,4175,4450,30749,0.02771362586605086
2022-06-28,4470,4585,4355,4435,31766,-0.003370786516853963
2022-06-29,4460,4580,4370,4565,12569,0.02931228861330326
2022-06-30,4555,4735,4440,4465,16313,-0.02190580503833517
2022-07-01,4420,4530,4420,4460,12302,-0.0011198208286674616
2022-07-04,4345,5040,4315,4875,147495,0.09304932735426008
2022-07-05,4845,5090,4800,5090,57124,0.04410256410256408
2022-07-06,5090,5090,4955,5030,21646,-0.011787819253438081
2022-07-07,5030,5640,5020,5600,313775,0.11332007952286283
2022-07-08,5600,5730,5490,5580,112456,-0.0035714285714285587
2022-07-11,5580,5590,5330,5590,53554,0.0017921146953405742
2022-07-12,5390,5460,5100,5230,66704,-0.06440071556350624
2022-07-13,5170,5340,5150,5340,20759,0.021032504780114758
2022-07-14,5240,5250,5010,5160,58023,-0.0337078651685393
2022-07-15,5120,5190,4880,5140,35472,-0.003875968992248069
2022-07-18,5140,5170,5060,5140,14826,0.0
2022-07-19,5080,5190,5040,5110,16745,-0.005836575875486361
2022-07-20,5200,5370,5150,5360,33163,0.048923679060665304
2022-07-21,5330,5570,5300,5430,48346,0.013059701492537323
2022-07-22,5370,5480,5300,5410,24025,-0.0036832412523020164
2022-07-25,5350,5590,5280,5500,24832,0.01663585951940849
2022-07-26,5550,5690,5490,5670,42822,0.030909090909090997
2022-07-27,5670,5810,5440,5520,42459,-0.02645502645502651
2022-07-28,5530,5560,5300,5370,55618,-0.02717391304347827
2022-07-29,5410,5550,5370,5480,29563,0.020484171322160183
2022-08-01,5670,5670,5510,5580,21561,0.018248175182481674
2022-08-02,5530,5790,5530,5690,70429,0.019713261648745428
2022-08-03,5670,5720,5500,5570,25821,-0.02108963093145866
2022-08-04,5560,5630,5420,5550,55804,-0.0035906642728904536
2022-08-05,5640,5640,5510,5510,37836,-0.007207207207207245
2022-08-08,5540,5540,5210,5410,47774,-0.01814882032667875
2022-08-09,5410,5410,5260,5390,16786,-0.003696857670979714
2022-08-10,5390,5500,5270,5450,18620,0.011131725417439675
2022-08-11,5440,5500,5300,5410,29542,-0.007339449541284404
2022-08-12,5400,5490,5380,5460,13119,0.009242144177449063
2022-08-16,5490,5580,5260,5320,34513,-0.02564102564102566
2022-08-17,5250,5410,5250,5300,20460,-0.003759398496240629
2022-08-18,5300,5330,5120,5320,28030,0.0037735849056603765
2022-08-19,5330,5350,5220,5220,22819,-0.018796992481203034
2022-08-22,5150,5320,5100,5130,22640,-0.017241379310344862
2022-08-23,4985,5160,4985,5000,38321,-0.025341130604288553
2022-08-24,5090,5320,5020,5290,34918,0.05800000000000005
2022-08-25,5290,5750,5230,5680,100680,0.07372400756143671
2022-08-26,5680,6240,5680,5940,290242,0.045774647887323994
2022-08-29,5880,6000,5730,5830,42806,-0.01851851851851849
2022-08-30,5800,5800,5560,5770,82761,-0.010291595197255532
2022-08-31,5700,5790,5500,5630,43886,-0.024263431542461023
2022-09-01,5630,5850,5530,5780,53880,0.026642984014209503
2022-09-02,5780,5780,5630,5710,23529,-0.01211072664359858
2022-09-05,5680,5710,5420,5450,43395,-0.045534150612959734
2022-09-06,5450,5600,5440,5570,18159,0.022018348623853212
2022-09-07,5580,5660,5450,5460,8886,-0.019748653500897717
2022-09-08,5460,5690,5310,5310,51304,-0.027472527472527486
2022-09-13,5270,5400,5200,5280,43489,-0.005649717514124242
2022-09-14,5150,5240,5100,5180,51984,-0.018939393939393923
2022-09-15,5160,5270,5120,5180,20907,0.0
2022-09-16,5160,5200,5050,5100,28258,-0.015444015444015413
2022-09-19,5100,5130,4875,4945,54937,-0.0303921568627451
2022-09-20,4900,5440,4900,4975,19330,0.006066734074823055
2022-09-21,4970,5080,4865,4930,29650,-0.009045226130653283
2022-09-22,4905,5200,4860,5060,14898,0.026369168356997985
2022-09-23,5380,5380,4940,4975,30366,-0.01679841897233203
2022-09-26,4980,4990,4725,4785,36013,-0.03819095477386936
2022-09-27,4780,4785,4695,4715,17932,-0.014629049111807735
2022-09-28,4740,4740,4485,4610,41063,-0.022269353128313907
2022-09-29,4610,4750,4540,4610,7440,0.0
2022-09-30,4825,4825,4315,4595,13791,-0.0032537960954447387
2022-10-04,4860,4870,4650,4750,7374,0.0337323177366704
2022-10-05,5050,5050,4650,4665,9083,-0.017894736842105297
2022-10-06,4940,4940,4650,4660,4491,-0.001071811361200381
2022-10-07,4660,4660,4555,4630,5390,-0.006437768240343367
2022-10-11,4510,4570,4400,4450,6762,-0.0388768898488121
2022-10-12,4450,4740,4355,4545,12208,0.02134831460674147
2022-10-13,4595,4595,4315,4375,12086,-0.037403740374037375
2022-10-14,4555,4555,4380,4420,7458,0.010285714285714231
2022-10-17,4595,4595,4310,4495,5601,0.016968325791855143
2022-10-18,4590,4590,4455,4550,1560,0.012235817575083408
2022-10-19,4550,4625,4455,4550,3951,0.0
2022-10-20,4545,4585,4375,4540,21674,-0.00219780219780219
2022-10-21,4540,4540,4315,4345,31134,-0.04295154185022021
2022-10-24,4370,4515,4305,4315,19870,-0.0069044879171461515
2022-10-25,4315,4550,4300,4460,20747,0.03360370799536505
2022-10-26,4540,4540,4365,4415,17161,-0.010089686098654682
2022-10-27,4370,4540,4370,4485,2855,0.015855039637599155
2022-10-28,4385,4465,4360,4360,15578,-0.027870680044593144
2022-10-31,4355,4360,4200,4200,23627,-0.03669724770642202
2022-11-01,4200,4440,4160,4390,9860,0.0452380952380953
2022-11-02,4325,4500,4325,4475,28221,0.019362186788154823
2022-11-03,4475,4495,4240,4420,2290,-0.012290502793296132
2022-11-04,4385,4465,4330,4400,6287,-0.004524886877828038
2022-11-07,4400,4480,4400,4425,7011,0.005681818181818121
2022-11-08,4480,4500,4380,4420,8988,-0.001129943502824804
2022-11-09,4500,4590,4350,4525,19443,0.0237556561085972
2022-11-10,4500,4500,4420,4500,4410,-0.0055248618784530246
2022-11-11,4560,4715,4485,4575,13965,0.016666666666666607
2022-11-14,4595,4600,4475,4475,9841,-0.021857923497267784
2022-11-15,4475,4505,4360,4495,14459,0.004469273743016755
2022-11-16,4470,4595,4405,4545,20780,0.011123470522803158
2022-11-17,4545,4600,4450,4575,8858,0.0066006600660066805
2022-11-18,4685,4685,4450,4535,1379,-0.008743169398907069
2022-11-21,4550,4555,4450,4530,9615,-0.0011025358324145973
2022-11-22,4470,4535,4380,4455,3234,-0.01655629139072845
2022-11-23,4670,4670,4330,4410,16788,-0.010101010101010055
2022-11-24,4510,4510,4360,4360,40300,-0.0113378684807256
2022-11-25,4360,4465,4355,4455,23487,0.02178899082568808
2022-11-28,4505,4505,4350,4350,6260,-0.023569023569023573
2022-11-29,4360,4420,4280,4320,25968,-0.006896551724137945
2022-11-30,4395,4505,4300,4305,20559,-0.00347222222222221
2022-12-01,4305,4460,4305,4460,10705,0.03600464576074325
2022-12-02,4475,4565,4475,4505,11901,0.010089686098654793
2022-12-05,4575,4575,4465,4530,10562,0.005549389567147678
2022-12-06,4485,4600,4485,4555,10417,0.0055187637969094094
2022-12-07,4510,4595,4430,4470,3847,-0.01866081229418226
2022-12-08,4500,4500,4375,4490,6810,0.004474272930648837
2022-12-09,4455,4525,4410,4460,5791,-0.006681514476614692
2022-12-12,4555,4555,4380,4500,5014,0.008968609865470878
2022-12-13,4545,4545,4310,4390,8902,-0.02444444444444449
2022-12-14,4415,4560,4290,4315,25079,-0.017084282460136713
2022-12-15,4380,4380,4225,4245,42196,-0.016222479721900385
2022-12-16,4240,4250,4105,4190,13536,-0.012956419316843326
2022-12-19,4120,4150,4085,4150,26193,-0.009546539379474916
2022-12-20,4120,4130,4050,4050,16951,-0.02409638554216864
2022-12-21,4310,4310,3975,3975,18486,-0.01851851851851849
2022-12-22,4000,4070,3975,4045,4605,0.017610062893081757
2022-12-23,4075,4075,3890,3900,18400,-0.03584672435105063
2022-12-26,3865,3985,3860,3905,14230,0.0012820512820512775
2022-12-27,3810,4100,3810,3845,15437,-0.015364916773367487
2022-12-28,3985,4080,3800,4080,50942,0.061118335500650156
2022-12-29,3990,4875,3980,4220,947026,0.03431372549019618
2023-01-02,4305,4540,4185,4420,94119,0.04739336492891
2023-01-03,4420,4445,4140,4265,44759,-0.03506787330316741
2023-01-04,4230,4385,4220,4360,32231,0.022274325908558046
2023-01-05,4360,4555,4295,4540,39016,0.041284403669724856
2023-01-06,4540,4945,4540,4895,178395,0.07819383259911894
2023-01-09,4850,5170,4765,5110,92522,0.04392236976506636
2023-01-10,5110,5320,4995,5110,39472,0.0
2023-01-11,5110,5350,4990,5190,17647,0.015655577299412915
2023-01-12,5190,5290,5100,5190,15637,0.0
2023-01-13,5340,5430,5260,5380,52486,0.03660886319845846
2023-01-16,5380,5490,5310,5350,20725,-0.005576208178438624
2023-01-17,5260,5350,5130,5260,31252,-0.016822429906542036
2023-01-18,5230,5260,5060,5170,22868,-0.017110266159695797
2023-01-19,5170,5250,5100,5170,7971,0.0
2023-01-20,5080,5240,5010,5230,13590,0.011605415860735047
2023-01-25,5190,5300,4930,5250,36073,0.003824091778202643
2023-01-26,5160,5280,5120,5190,42072,-0.011428571428571455
2023-01-27,5250,5250,5120,5200,12914,0.0019267822736031004
2023-01-30,5200,5500,5190,5240,18751,0.007692307692307665
2023-01-31,5290,5320,5090,5190,15269,-0.009541984732824416
2023-02-01,5320,5320,5020,5240,15058,0.009633911368015502
2023-02-02,5350,5350,5150,5240,3692,0.0
2023-02-03,5290,5290,5130,5240,9731,0.0
2023-02-06,5130,5250,5040,5240,15859,0.0
2023-02-07,5180,5400,5130,5230,8663,-0.001908396946564861
2023-02-08,5230,5310,5150,5200,10527,-0.005736137667303964
2023-02-09,5200,5210,5050,5080,19691,-0.023076923076923106
2023-02-10,5080,5170,4900,5090,31972,0.0019685039370078705
2023-02-13,4905,5060,4905,4945,43961,-0.028487229862475427
2023-02-14,4900,5090,4900,4925,24652,-0.004044489383215333
2023-02-15,5010,5010,4800,5000,20156,0.015228426395939021
2023-02-16,4920,5000,4860,4875,14136,-0.025000000000000022
2023-02-17,4875,4950,4800,4875,3621,0.0
2023-02-20,4900,5000,4785,4860,21110,-0.003076923076923088
2023-02-21,4860,4860,4750,4845,8857,-0.0030864197530864335
2023-02-22,4860,4875,4600,4860,27533,0.003095975232198178
2023-02-23,4795,4985,4795,4885,5927,0.005144032921810648
2023-02-24,5000,5070,4790,4875,25189,-0.0020470829068577334
2023-02-27,5030,5030,4875,4900,10099,0.00512820512820511
2023-02-28,4895,4995,4780,4900,24082,0.0
2023-03-02,4900,4940,4820,4930,20010,0.00612244897959191
2023-03-03,4955,4955,4860,4890,7539,-0.008113590263691739
2023-03-06,4885,5300,4840,5090,58607,0.04089979550102241
2023-03-07,5090,5240,5070,5130,30270,0.007858546168958647
2023-03-08,5130,5130,4965,4965,16742,-0.032163742690058506
2023-03-09,5020,5300,4870,4975,17814,0.002014098690835908
2023-03-10,5040,5050,4860,5050,31693,0.015075376884422065
2023-03-13,4970,4975,4800,4850,16240,-0.03960396039603964
2023-03-14,4875,4895,4730,4805,28249,-0.009278350515463885
2023-03-15,4805,5100,4730,4840,33742,0.007284079084287187
2023-03-16,4805,4805,4745,4760,13593,-0.016528925619834656
2023-03-17,4760,5000,4760,4875,34342,0.024159663865546133
2023-03-20,5170,5170,4850,4915,35218,0.00820512820512831
2023-03-21,5060,5090,4885,4910,13942,-0.0010172939979654627
2023-03-22,5080,5080,4600,4860,68208,-0.010183299389002087
2023-03-23,4850,4850,4610,4740,37161,-0.024691358024691357
2023-03-24,4735,4905,4600,4845,80026,0.02215189873417711
2023-03-27,4845,5100,4695,4880,93816,0.007223942208462342
2023-03-28,4880,4930,4840,4840,28073,-0.008196721311475419
2023-03-29,4870,4920,4810,4860,37982,0.004132231404958775
2023-03-30,4715,5180,4715,5060,96198,0.04115226337448563
2023-03-31,5070,5250,4810,4850,115890,-0.04150197628458496
2023-04-03,4850,4915,4760,4760,47265,-0.01855670103092788
2023-04-04,4880,5090,4880,5020,130896,0.054621848739495826
2023-04-05,5020,5260,5020,5190,137909,0.03386454183266929
2023-04-06,5190,5260,5100,5160,67228,-0.005780346820809301
2023-04-07,5160,5180,5010,5090,58181,-0.013565891472868241
2023-04-10,4980,5240,4980,5150,60795,0.011787819253438192
2023-04-11,5110,5260,5110,5180,54296,0.005825242718446644
2023-04-12,5150,5200,5050,5050,62762,-0.025096525096525046
2023-04-13,5050,5090,4900,5080,58804,0.005940594059405946
2023-04-14,5040,5170,5040,5140,49943,0.011811023622047223
2023-04-17,5200,5400,5100,5190,93628,0.009727626459143934
2023-04-18,5210,5260,5130,5200,34821,0.0019267822736031004
2023-04-19,5200,5340,5160,5300,71148,0.019230769230769162
2023-04-20,5270,5350,5190,5260,58860,-0.007547169811320753
2023-04-21,5110,5230,5080,5120,42713,-0.026615969581749055
2023-04-24,5100,5150,4960,5020,61554,-0.01953125
2023-04-25,5050,5150,4940,5100,55984,0.015936254980079667
2023-04-26,5200,5240,5000,5180,51083,0.015686274509803866
2023-04-27,5230,5480,5100,5370,106338,0.03667953667953672
2023-04-28,5290,5430,5200,5220,94160,-0.027932960893854775
2023-05-02,5170,5360,5160,5330,41016,0.021072796934865856
2023-05-03,5290,6200,5270,6040,712984,0.13320825515947465
2023-05-04,6080,6140,5680,5930,227168,-0.018211920529801362
2023-05-08,5930,6120,5860,6020,163881,0.015177065767284947
2023-05-09,6020,6120,5930,6090,74138,0.011627906976744207
2023-05-10,6050,6390,6040,6290,218397,0.03284072249589487
2023-05-11,6290,6400,6100,6190,76118,-0.015898251192368873
2023-05-12,6200,6290,5920,5990,120576,-0.03231017770597733
2023-05-15,6000,6060,5800,6000,69363,0.0016694490818029983
2023-05-16,5960,6200,5960,6150,49809,0.02499999999999991
2023-05-17,6210,6210,6020,6030,47570,-0.019512195121951237
2023-05-18,6120,6120,5910,5970,40938,-0.00995024875621886
2023-05-19,5970,6010,5910,5940,15185,-0.005025125628140725
2023-05-22,5940,6080,5870,5920,54390,-0.0033670033670033517
2023-05-23,6080,6630,5970,6540,611985,0.10472972972972983
2023-05-24,6500,6500,6150,6450,267264,-0.013761467889908285
2023-05-25,6300,6670,6200,6670,83371,0.03410852713178292
2023-05-26,6640,6730,6450,6670,109790,0.0
2023-05-30,6670,6770,6350,6650,124381,-0.0029985007496251548
2023-05-31,6690,6690,6360,6530,98814,-0.018045112781954864
2023-06-01,6530,6550,6380,6540,21354,0.0015313935681469104
2023-06-02,6340,6540,6300,6420,71283,-0.01834862385321101
2023-06-05,6420,6420,6220,6340,47928,-0.012461059190031154
2023-06-07,6340,6400,6250,6350,31919,0.001577287066246047
2023-06-08,6290,6350,6210,6270,28677,-0.012598425196850394
2023-06-09,6170,6330,6160,6230,38126,-0.006379585326953707
2023-06-12,6230,6230,6050,6200,41339,-0.0048154093097912964
2023-06-13,6150,6380,6110,6280,71781,0.012903225806451646
2023-06-14,6400,6700,6200,6540,151941,0.04140127388535042
2023-06-15,6420,6590,6160,6430,100886,-0.016819571865443472
2023-06-16,6320,6950,6320,6940,225477,0.07931570762052886
2023-06-19,6850,7380,6850,7380,405797,0.06340057636887608
2023-06-20,7380,7590,7100,7400,204213,0.0027100271002709064
2023-06-21,7400,7490,7070,7160,106789,-0.032432432432432434
2023-06-22,7010,7200,7010,7180,40304,0.0027932960893854997
2023-06-23,7110,7490,7050,7080,28365,-0.013927576601671321
2023-06-26,7080,7260,7020,7150,34041,0.009887005649717562
2023-06-27,7050,7300,7050,7250,59980,0.013986013986013957
2023-06-28,7250,7340,6920,7020,117953,-0.03172413793103446
2023-06-29,7040,7080,6850,7000,34745,-0.002849002849002802
2023-06-30,7100,7360,6820,6950,57011,-0.0071428571428571175
2023-07-03,7100,7100,6820,6850,53642,-0.014388489208633115
2023-07-04,6850,6850,6590,6670,69611,-0.026277372262773713
2023-07-05,6670,6670,6290,6570,112076,-0.014992503748125885
2023-07-06,6450,6450,6100,6300,107293,-0.04109589041095896
2023-07-07,6230,6390,6190,6390,29804,0.014285714285714235
2023-07-10,6390,6430,6230,6430,20666,0.006259780907668322
2023-07-11,6430,6680,6290,6390,33220,-0.0062208398133748455
2023-07-12,6450,6450,6320,6330,17494,-0.009389671361502372
2023-07-13,6330,6500,6280,6320,24970,-0.0015797788309637184
2023-07-14,6390,6500,6280,6500,43843,0.028481012658227778
2023-07-17,6500,6610,6390,6610,47889,0.01692307692307682
2023-07-18,6580,6850,6500,6560,86677,-0.0075642965204235635
2023-07-19,6590,6660,6480,6570,45841,0.0015243902439023849
2023-07-20,6580,6750,6540,6700,61459,0.019786910197869156
2023-07-21,6650,6750,6530,6550,61475,-0.02238805970149249
2023-07-24,6530,6530,5780,6060,237240,-0.07480916030534346
2023-07-25,5970,6130,5800,6000,88101,-0.00990099009900991
2023-07-26,5960,6130,5670,5770,116603,-0.03833333333333333
2023-07-27,5660,5940,5660,5850,42047,0.013864818024263537
2023-07-28,5900,6170,5820,6140,38064,0.04957264957264962
2023-07-31,6190,6280,5890,6070,87325,-0.01140065146579805
2023-08-01,6080,6170,5980,6130,51285,0.009884678747940745
2023-08-02,6050,6140,5930,6100,46914,-0.004893964110929905
2023-08-03,6040,6130,5940,6030,73947,-0.011475409836065542
2023-08-04,6120,6120,5920,6010,62207,-0.0033167495854062867
2023-08-07,6090,6090,5900,5990,59737,-0.0033277870216306127
2023-08-08,5930,6050,5770,5910,101534,-0.013355592654423987
2023-08-09,5890,6260,5860,6200,66551,0.04906937394247035
2023-08-10,6190,6350,6100,6280,38994,0.012903225806451646
2023-08-11,6250,6430,6200,6270,48219,-0.0015923566878981443
2023-08-14,6330,6330,6070,6330,31295,0.009569377990430672
2023-08-16,6250,6320,6110,6200,28506,-0.020537124802527673
2023-08-17,6200,6290,6050,6200,42730,0.0
2023-08-18,6200,6200,6060,6130,27233,-0.011290322580645107
2023-08-21,6130,6300,6020,6210,41965,0.013050570962479524
2023-08-22,6440,6440,6170,6230,60506,0.0032206119162641045
2023-08-23,6390,6390,6050,6210,42170,-0.0032102728731941976
2023-08-24,6200,6220,6100,6110,14802,-0.01610305958132041
2023-08-25,5930,6080,5680,5780,89043,-0.054009819967266726
2023-08-28,5730,5940,5550,5690,46055,-0.01557093425605538
2023-08-29,5790,5890,5660,5890,52385,0.03514938488576447
2023-08-30,5820,6230,5800,6100,63401,0.035653650254668934
2023-08-31,6300,6300,5930,5930,75316,-0.02786885245901638
2023-09-01,5930,6070,5830,5890,34080,-0.006745362563237767
2023-09-04,5830,5950,5830,5850,27081,-0.006791171477079749
2023-09-05,5850,5990,5810,5870,30557,0.0034188034188034067
2023-09-06,5890,6060,5780,5890,26925,0.0034071550255536653
2023-09-07,5940,6420,5860,6290,195572,0.06791171477079794
2023-09-08,6320,6500,5930,6180,123823,-0.01748807631160576
2023-09-11,6170,6170,5940,6070,22344,-0.017799352750809017
2023-09-12,6040,6260,6000,6260,51551,0.0313014827018121
2023-09-13,6180,6280,5940,5980,62341,-0.04472843450479236
2023-09-14,6050,6050,5830,5840,57930,-0.02341137123745818
2023-09-15,5850,5880,5500,5580,116608,-0.044520547945205435
2023-09-18,5550,5700,5520,5600,129513,0.0035842293906809264
2023-09-19,5610,5890,5570,5650,82388,0.008928571428571397
2023-09-20,5750,5790,5650,5660,46713,0.001769911504424737
2023-09-21,5610,5830,5610,5770,43783,0.019434628975264934
2023-09-22,5650,5940,5650,5820,37607,0.008665511265164572
2023-09-25,5770,5950,5770,5810,14345,-0.0017182130584192379
2023-09-26,5790,5870,5770,5790,30316,-0.0034423407917383297
2023-09-27,5850,5850,5540,5690,26084,-0.01727115716753025
2023-10-04,5740,5860,5630,5640,25589,-0.008787346221441172
2023-10-05,5710,5780,5590,5750,32854,0.019503546099290725
2023-10-06,5840,5940,5660,5920,32142,0.029565217391304355
2023-10-10,6050,6050,5830,5830,54430,-0.015202702702702742
2023-10-11,5830,5890,5760,5830,27543,0.0
2023-10-12,5790,5860,5700,5780,28768,-0.00857632933104635
2023-10-13,5780,5830,5610,5610,24103,-0.02941176470588236
2023-10-16,5780,5780,5450,5580,32859,-0.005347593582887722
2023-10-17,5520,5610,5520,5540,7653,-0.007168458781361964
2023-10-18,5540,5590,5210,5330,36324,-0.03790613718411551
2023-10-19,5330,5330,5100,5190,24792,-0.026266416510318913
2023-10-20,5190,5190,4815,5170,46801,-0.003853564547206201
2023-10-23,5060,5190,5010,5010,5035,-0.030947775628626717
2023-10-24,5020,5140,4735,5090,123336,0.015968063872255467
2023-10-25,5280,5280,5090,5170,13256,0.015717092337917515
2023-10-26,5170,5170,5050,5080,9348,-0.01740812379110257
2023-10-27,5220,5230,4945,5150,22304,0.013779527559055094
2023-10-30,5150,5150,5000,5080,14221,-0.013592233009708687
2023-10-31,5210,5210,4970,5060,33145,-0.003937007874015741
2023-11-01,5010,5180,5000,5060,17210,0.0
2023-11-02,5030,5140,5030,5090,9638,0.005928853754940677
2023-11-03,5150,5200,5080,5190,16509,0.01964636542239684
2023-11-06,5190,5380,5130,5190,14601,0.0
2023-11-07,5200,5280,5080,5150,13357,-0.0077071290944122905
2023-11-08,5150,5200,5060,5180,12226,0.005825242718446644
2023-11-09,5210,5240,5050,5150,23014,-0.00579150579150578
2023-11-10,5210,5210,5010,5100,19125,-0.009708737864077666
2023-11-13,5300,5300,5050,5070,32476,-0.00588235294117645
2023-11-14,5100,5170,5010,5160,13685,0.01775147928994092
2023-11-15,5200,5240,5100,5220,18152,0.011627906976744207
2023-11-16,5270,5300,5210,5300,15124,0.015325670498084198
2023-11-17,5370,5370,5220,5300,15376,0.0
2023-11-20,5290,5480,5240,5290,21936,-0.0018867924528301883
2023-11-21,5280,5510,5280,5390,18908,0.018903591682419618
2023-11-22,5390,5440,5270,5370,11388,-0.0037105751391465214
2023-11-23,5300,5510,5300,5310,10383,-0.011173184357541888
2023-11-24,5450,5450,5310,5410,11428,0.01883239171374762
2023-11-27,5610,5610,5340,5370,17007,-0.007393715341959317
2023-11-28,5300,5510,5300,5380,18359,0.0018621973929235924
2023-11-29,5500,5500,5300,5320,15555,-0.01115241635687736
2023-11-30,5480,5480,5260,5350,9196,0.005639097744360999
2023-12-01,5300,5410,5290,5300,12314,-0.009345794392523366
2023-12-04,5300,5500,5240,5400,17452,0.018867924528301883
2023-12-05,5400,5410,5260,5260,15874,-0.025925925925925908
2023-12-06,5260,5310,5240,5280,13866,0.0038022813688212143
2023-12-07,5270,5430,5260,5340,15494,0.011363636363636465
2023-12-08,5220,5500,5220,5480,32319,0.02621722846441954
2023-12-11,5520,5520,5370,5370,26908,-0.02007299270072993
2023-12-12,5350,5350,5260,5280,15647,-0.016759776536312887
2023-12-13,5300,5300,5150,5220,9388,-0.011363636363636354
2023-12-14,5170,5220,5060,5090,14166,-0.02490421455938696
2023-12-15,5120,5350,5030,5100,34280,0.0019646365422396617
2023-12-18,5050,5440,5040,5440,55099,0.06666666666666665
2023-12-19,5600,5600,5250,5380,40133,-0.011029411764705843
2023-12-20,5400,5440,5200,5200,17270,-0.03345724907063197
2023-12-21,5180,5350,4955,5020,43219,-0.0346153846153846
2023-12-22,5010,5170,4770,4990,59475,-0.005976095617529875
2023-12-26,4920,5150,4870,4985,26054,-0.0010020040080159776
2023-12-27,5010,5140,4910,5050,24312,0.013039117352056095
2023-12-28,5120,5120,4995,5090,13146,0.007920792079207928
2024-01-02,5070,5100,5000,5090,14737,0.0
2024-01-03,5200,5200,4910,5040,12686,-0.00982318271119842
2024-01-04,5040,5040,4970,5000,6486,-0.007936507936507908
2024-01-05,5000,5120,4955,5020,14766,0.0040000000000000036
2024-01-08,5020,5170,4980,5020,13580,0.0
2024-01-09,5150,5150,5000,5000,12555,-0.003984063745019917
2024-01-10,4970,5030,4910,4915,40245,-0.017000000000000015
2024-01-11,5140,5140,4920,4935,7196,0.004069175991861629
2024-01-12,4935,4980,4890,4935,9906,0.0
2024-01-15,4940,4980,4895,4960,8206,0.005065856129685908
2024-01-16,5310,5310,4880,4960,23837,0.0
2024-01-17,4960,5050,4855,4965,13867,0.0010080645161290036
2024-01-18,4965,5180,4900,4960,16583,-0.001007049345417954
2024-01-19,5230,5230,4920,4965,4549,0.0010080645161290036
2024-01-22,5030,5030,4865,4890,6846,-0.015105740181268867
2024-01-23,4810,4925,4810,4810,14215,-0.01635991820040905
2024-01-24,4845,4845,4730,4805,14529,-0.0010395010395010118
2024-01-25,4760,4790,4710,4725,7720,-0.01664932362122784
2024-01-26,4720,4810,4680,4750,3482,0.005291005291005346
2024-01-29,4755,4795,4670,4735,5869,-0.0031578947368421373
2024-01-30,4690,4760,4640,4730,8036,-0.001055966209081327
2024-01-31,4725,4770,4615,4715,5463,-0.003171247357293905
2024-02-01,4945,4950,4650,4715,3455,0.0
2024-02-02,4715,4900,4680,4895,10426,0.038176033934252285
2024-02-05,4895,4895,4775,4775,5925,-0.024514811031664974
2024-02-06,4775,4850,4705,4765,15725,-0.0020942408376963817
2024-02-07,4760,4825,4735,4770,8916,0.0010493179433368471
2024-02-08,4770,4840,4755,4790,5437,0.004192872117400492
2024-02-13,4790,4905,4775,4840,17707,0.010438413361169019
2024-02-14,4795,4950,4785,4950,6715,0.022727272727272707
2024-02-15,4900,4980,4855,4940,7455,-0.002020202020202033
2024-02-16,4950,5020,4840,4890,8201,-0.010121457489878583
2024-02-19,4830,4935,4830,4870,8340,-0.004089979550102263
2024-02-20,4890,5030,4850,4870,6355,0.0
2024-02-21,5100,5100,4800,4870,9629,0.0
2024-02-22,4910,4930,4810,4865,12236,-0.0010266940451745254
2024-02-23,4880,4885,4745,4800,19636,-0.01336073997944498
2024-02-26,4935,4935,4780,4850,8244,0.01041666666666674
2024-02-27,4860,4860,4775,4825,8378,-0.005154639175257714
2024-02-28,4825,4895,4780,4895,4904,0.014507772020725396
2024-02-29,4900,4920,4800,4800,13299,-0.019407558733401387
2024-03-04,4800,4835,4705,4800,12684,0.0
2024-03-05,4780,4800,4700,4775,6233,-0.00520833333333337
2024-03-06,4820,4820,4705,4795,6126,0.004188481675392763
2024-03-07,4715,4810,4715,4790,8510,-0.0010427528675703845
2024-03-08,4775,4800,4725,4800,8451,0.0020876826722338038
2024-03-11,4790,4790,4750,4750,8491,-0.01041666666666663
2024-03-12,4800,4840,4680,4840,11629,0.0189473684210526
2024-03-13,4840,4855,4775,4840,10339,0.0
2024-03-14,4840,4930,4750,4930,17901,0.018595041322314154
2024-03-15,4930,5130,4860,5090,40929,0.032454361054766734
2024-03-18,5100,5200,5070,5180,23713,0.017681728880157177
2024-03-19,5170,5270,5130,5190,16262,0.0019305019305020377
2024-03-20,5190,5220,5020,5100,32013,-0.017341040462427793
2024-03-21,5100,5140,4950,5080,12676,-0.0039215686274509665
2024-03-22,5140,5140,5010,5080,19335,0.0
2024-03-25,5070,5140,4990,5090,11787,0.0019685039370078705
2024-03-26,4960,5130,4960,5080,6139,-0.0019646365422396617
2024-03-27,5080,5130,5030,5060,14840,-0.003937007874015741
2024-03-28,5010,5380,5010,5130,16669,0.01383399209486158
2024-03-29,5180,5180,5020,5050,15679,-0.015594541910331383
2024-04-01,5000,5060,4970,5040,8271,-0.001980198019801982
2024-04-02,4995,5170,4995,5040,14405,0.0
2024-04-03,4950,5040,4905,5040,6326,0.0
2024-04-04,5180,5180,4995,5040,9088,0.0
2024-04-05,5040,5090,5000,5040,13764,0.0
2024-04-08,5330,5330,4860,5030,34964,-0.001984126984126977
2024-04-09,5030,5040,4930,5030,9646,0.0
2024-04-11,5030,5080,4920,5070,6153,0.007952286282306265
2024-04-12,5100,5100,4970,5040,5174,-0.00591715976331364
2024-04-15,5090,5090,4980,5000,7038,-0.007936507936507908
2024-04-16,4995,5000,4920,4930,2208,-0.014000000000000012
2024-04-17,4880,5080,4880,4930,7391,0.0
2024-04-18,4810,5050,4810,4990,1635,0.012170385395537497
2024-04-19,5070,5640,5040,5200,207897,0.04208416833667328
2024-04-22,5310,5380,5200,5220,26117,0.0038461538461538325
2024-04-23,5220,5380,5160,5300,40260,0.015325670498084198
2024-04-24,5270,5370,5200,5300,12391,0.0
2024-04-25,5310,5370,5310,5340,19926,0.007547169811320753
2024-04-26,5390,5540,5340,5400,42277,0.011235955056179803
2024-04-29,5580,5650,5430,5620,69187,0.040740740740740744
2024-04-30,5730,5730,5480,5670,20713,0.008896797153024938
2024-05-02,5620,5650,5240,5640,49949,-0.005291005291005346
2024-05-03,5640,5690,5570,5640,10418,0.0
2024-05-07,5640,5640,5420,5500,32951,-0.024822695035460973
2024-05-08,5500,5500,5360,5360,29833,-0.025454545454545507
2024-05-09,5360,5540,5360,5520,12892,0.029850746268656803
2024-05-10,5540,5620,5520,5520,20413,0.0
2024-05-13,5520,5560,5390,5520,13681,0.0
2024-05-14,5390,5560,5390,5500,13079,-0.0036231884057971175
2024-05-16,5420,5510,5330,5510,32928,0.0018181818181817189
2024-05-17,5510,5530,5390,5520,54545,0.001814882032667775
2024-05-20,5480,5540,5400,5500,14643,-0.0036231884057971175
2024-05-21,5500,5500,5360,5420,11803,-0.014545454545454528
2024-05-22,5420,5500,5360,5430,10188,0.0018450184501845879
2024-05-23,5430,5690,5410,5530,42255,0.018416206261510082
2024-05-24,5500,5790,5490,5700,68447,0.030741410488245968
2024-05-27,5710,5970,5710,5880,73277,0.03157894736842115
2024-05-28,5840,5990,5840,5890,38695,0.001700680272108901
2024-05-29,5880,5890,5630,5700,40277,-0.032258064516129004
2024-05-30,5700,5700,5550,5620,18059,-0.01403508771929829
2024-05-31,5510,5700,5360,5470,21760,-0.026690391459074703
2024-06-03,5470,5470,5250,5360,42603,-0.020109689213894
2024-06-04,5360,5500,5330,5500,26752,0.026119402985074647
2024-06-05,5500,5570,5310,5500,41749,0.0
2024-06-07,5390,5480,5330,5420,7406,-0.014545454545454528
2024-06-10,5420,5420,5260,5350,24122,-0.01291512915129156
2024-06-11,5350,5350,5210,5270,20145,-0.01495327102803734
2024-06-12,5270,5390,5210,5300,6101,0.005692599620493288
2024-06-13,5300,5380,5160,5190,26580,-0.02075471698113207
2024-06-14,5190,5320,5190,5190,13291,0.0
2024-06-17,5190,5640,5130,5520,49836,0.06358381502890165
2024-06-18,5520,5540,5380,5410,15316,-0.019927536231884035
2024-06-19,5410,5640,5210,5500,42815,0.01663585951940849
2024-06-20,5490,5520,5320,5500,13698,0.0
2024-06-21,5540,5540,5340,5350,8795,-0.027272727272727226
2024-06-24,5400,6090,5350,6080,265241,0.1364485981308412
2024-06-25,6110,6290,5760,5900,164062,-0.02960526315789469
2024-06-26,6070,6070,5600,5610,71861,-0.04915254237288136
2024-06-27,5570,5650,5410,5500,40292,-0.019607843137254943
2024-06-28,5500,5970,5500,5890,101726,0.07090909090909081
2024-07-01,5990,6880,5900,6650,707876,0.12903225806451624
2024-07-02,6580,6600,6210,6360,187000,-0.043609022556390986
2024-07-03,6360,6570,6100,6440,118900,0.012578616352201255
2024-07-04,6440,6480,6230,6430,83729,-0.0015527950310558758
2024-07-05,6400,6400,6170,6220,66515,-0.03265940902021769
2024-07-08,6220,6440,6140,6350,47399,0.020900321543408262
2024-07-09,6220,6350,6220,6240,31803,-0.017322834645669305
2024-07-10,6240,6540,6200,6200,84358,-0.0064102564102563875
2024-07-11,6200,6340,5930,5950,80107,-0.040322580645161255
2024-07-12,6140,6470,6050,6290,127958,0.05714285714285716
2024-07-15,6400,7750,6350,7320,2225797,0.16375198728139906
2024-07-16,7470,7810,6900,6990,1020295,-0.04508196721311475
2024-07-17,6820,7180,6460,6600,348795,-0.05579399141630903
2024-07-18,6480,7200,6270,6950,665019,0.05303030303030298
2024-07-19,6870,6870,6340,6460,297531,-0.07050359712230214
2024-07-22,6460,6620,5990,6200,198246,-0.04024767801857587
2024-07-23,6190,6410,6020,6180,183076,-0.003225806451612856
2024-07-24,6230,6590,6020,6530,162813,0.05663430420711979
2024-07-25,6470,6470,5960,6100,136210,-0.06584992343032159
2024-07-26,6100,6230,6000,6140,80884,0.006557377049180246
2024-07-29,6140,6300,6000,6240,96952,0.016286644951140072
2024-07-30,6120,6240,5960,5990,103063,-0.04006410256410253
2024-07-31,5910,5990,5800,5900,94397,-0.015025041736227096
2024-08-01,5940,6140,5900,6060,54939,0.027118644067796627
2024-08-02,6000,6000,5740,5740,71438,-0.05280528052805278
2024-08-05,5530,5690,5020,5190,229637,-0.09581881533101044
2024-08-06,5370,5900,5220,5580,309028,0.07514450867052025
2024-08-07,5580,5850,5510,5740,39978,0.028673835125448077
2024-08-08,5610,5700,5520,5650,28169,-0.015679442508710784
2024-08-09,5650,5830,5640,5800,45680,0.026548672566371723
2024-08-12,5750,5790,5600,5770,17892,-0.005172413793103403
2024-08-13,5770,5870,5670,5780,32614,0.0017331022530329143
2024-08-14,5880,5880,5510,5600,57284,-0.03114186851211076
2024-08-16,5610,5650,5390,5510,65724,-0.016071428571428625
2024-08-19,5510,5510,5300,5300,39196,-0.038112522686025385
2024-08-20,5430,5550,5330,5490,61034,0.03584905660377369
2024-08-21,5490,5490,5290,5320,14640,-0.030965391621129323
2024-08-22,5320,5460,5200,5390,24924,0.013157894736842035
2024-08-23,5340,5500,5220,5320,28902,-0.012987012987012991
2024-08-26,5310,5310,5050,5180,45644,-0.02631578947368418
2024-08-27,5190,5190,5050,5140,21051,-0.007722007722007707
2024-08-28,5120,5140,4965,5050,45757,-0.017509727626459193
2024-08-29,5000,5090,4905,5060,19253,0.001980198019801982
2024-08-30,5060,5310,5010,5240,21484,0.035573122529644285
2024-09-02,5240,5240,5000,5080,34613,-0.03053435114503822
2024-09-03,5080,5190,5010,5030,9087,-0.009842519685039353
2024-09-04,4900,4935,4775,4840,54240,-0.03777335984095431
2024-09-05,4900,4995,4710,4800,14474,-0.008264462809917328
2024-09-06,4845,4845,4390,4735,42543,-0.013541666666666674
2024-09-09,4735,4800,4550,4675,33533,-0.012671594508975703
2024-09-10,4795,4795,4555,4635,22738,-0.00855614973262031
2024-09-11,4720,4795,4480,4500,131220,-0.029126213592232997
2024-09-12,4695,4695,4370,4530,122019,0.006666666666666599
2024-09-13,4500,4745,4500,4685,17146,0.034216335540838916
2024-09-19,4695,4710,4535,4540,14687,-0.03094983991462108
2024-09-20,4735,4890,4660,4720,29406,0.0396475770925111
2024-09-23,4720,4845,4655,4705,7599,-0.0031779661016949623
2024-09-24,4720,4820,4590,4675,16322,-0.006376195536663132
2024-09-25,4675,4790,4465,4465,67924,-0.044919786096256686
2024-09-26,4470,4610,4470,4605,6623,0.03135498320268759
2024-09-27,4605,4860,4500,4530,23679,-0.016286644951140072
2024-09-30,4530,4620,4470,4500,19453,-0.0066225165562914245
2024-10-02,4540,4550,4425,4495,6621,-0.0011111111111110628
2024-10-04,4495,4525,4440,4500,7602,0.0011123470522802492
2024-10-07,4500,4835,4450,4800,37494,0.06666666666666665
2024-10-08,4760,4995,4655,4835,21368,0.007291666666666696
2024-10-10,4835,4855,4580,4600,21290,-0.04860392967942084
2024-10-11,4535,4630,4505,4535,11441,-0.01413043478260867
2024-10-14,4535,4575,4475,4550,14314,0.00330760749724357
2024-10-15,4540,4620,4510,4605,7350,0.012087912087912045
2024-10-16,4550,4645,4500,4575,11205,-0.006514657980456029
2024-10-17,4685,4830,4565,4710,29088,0.029508196721311553
2024-10-18,4700,4795,4615,4650,12022,-0.01273885350318471
2024-10-21,4650,4895,4535,4560,23623,-0.01935483870967747
2024-10-22,4560,4800,4500,4660,40882,0.021929824561403466
2024-10-23,4745,4890,4695,4810,44901,0.032188841201716833
2024-10-24,4810,4810,4690,4745,8968,-0.013513513513513487
2024-10-25,4795,4890,4620,4630,10737,-0.02423603793466811
2024-10-28,4630,4630,4360,4415,60214,-0.04643628509719222
2024-10-29,4415,4450,4305,4400,17406,-0.003397508493771184
2024-10-30,4465,4465,4330,4350,11677,-0.011363636363636354
2024-10-31,4350,4415,4250,4410,7658,0.01379310344827589
2024-11-01,4405,4415,4240,4240,9784,-0.038548752834467126
2024-11-04,4245,4470,4100,4450,22147,0.04952830188679247
2024-11-05,4460,4555,4340,4345,8711,-0.02359550561797752
2024-11-06,4345,4570,4340,4430,16628,0.019562715765247374
2024-11-07,4430,4700,4210,4210,40205,-0.04966139954853277
2024-11-08,4220,4485,4220,4350,12061,0.03325415676959631
2024-11-11,4660,4660,4200,4200,11495,-0.03448275862068961
2024-11-12,4200,4200,3915,3930,25626,-0.06428571428571428
2024-11-13,3895,4080,3770,3770,24267,-0.040712468193384255
2024-11-14,3735,3890,3735,3855,3251,0.022546419098143256
2024-11-15,3830,3865,3665,3775,11588,-0.02075226977950717
2024-11-18,3775,3955,3720,3720,21281,-0.014569536423841067
2024-11-19,3700,3750,3695,3730,11386,0.0026881720430107503
2024-11-20,3730,4490,3730,4005,40132,0.07372654155495972
2024-11-21,3950,3985,3745,3850,10832,-0.038701622971285876
2024-11-22,3860,4040,3760,4000,13339,0.03896103896103886
2024-11-25,4000,4120,3785,3985,22383,-0.003750000000000031
2024-11-26,3985,4025,3935,4000,10121,0.0037641154328733606
2024-11-27,4000,4025,3925,4000,11767,0.0
2024-11-28,4015,4015,3900,3950,10405,-0.012499999999999956
2024-11-29,3950,4000,3845,3990,8001,0.010126582278481067
2024-12-02,3975,3975,3700,3750,29405,-0.06015037593984962
2024-12-03,3750,3895,3700,3860,8385,0.029333333333333433
2024-12-04,3680,3895,3680,3750,4523,-0.02849740932642486
2024-12-05,3720,3785,3670,3720,6745,-0.008000000000000007
2024-12-06,3720,3720,3365,3505,16415,-0.05779569892473113
2024-12-09,3380,3480,3190,3395,32308,-0.031383737517831634
2024-12-10,3335,3950,3335,3540,4067,0.042709867452135564
2024-12-11,3745,3745,3495,3695,7199,0.043785310734463234
2024-12-12,3860,3860,3620,3695,7109,0.0
2024-12-13,3695,3795,3690,3730,11589,0.009472259810554773
2024-12-16,3740,3900,3700,3775,9725,0.012064343163538771
2024-12-17,3810,3865,3705,3860,20138,0.02251655629139071
2024-12-18,3895,3950,3810,3840,8528,-0.005181347150259086
2024-12-19,3840,3905,3775,3890,7715,0.01302083333333326
2024-12-20,3985,3985,3805,3885,9010,-0.0012853470437017567
2024-12-23,3885,3970,3865,3870,6815,-0.0038610038610038533
2024-12-24,3995,3995,3835,3920,6203,0.012919896640826822
2024-12-26,3900,3925,3840,3870,4585,-0.012755102040816313
2024-12-27,3885,3885,3730,3800,5977,-0.018087855297157618
2024-12-30,3800,3870,3800,3825,4963,0.006578947368421018
2025-01-02,3845,3980,3825,3975,14150,0.03921568627450989
2025-01-03,3990,3990,3870,3940,27682,-0.008805031446540879
2025-01-06,3940,3975,3875,3895,6267,-0.011421319796954266
2025-01-07,4045,4045,3865,3900,8866,0.0012836970474967568
2025-01-08,3945,3945,3840,3925,3940,0.0064102564102563875
2025-01-09,3910,3915,3850,3895,9496,-0.007643312101910826
2025-01-10,3905,3995,3805,3930,25473,0.00898587933247752
2025-01-13,3985,3995,3810,3895,8734,-0.008905852417302795
2025-01-14,3895,3920,3825,3895,5813,0.0
2025-01-15,3995,3995,3805,3840,7542,-0.014120667522464658
2025-01-16,3840,3875,3775,3845,10764,0.0013020833333332593
2025-01-17,3870,3870,3745,3845,10009,0.0
2025-01-20,3810,3845,3725,3845,3224,0.0
2025-01-21,3845,3900,3740,3840,4203,-0.0013003901170350884
2025-01-22,3830,3895,3785,3805,8644,-0.00911458333333337
2025-01-23,3770,3865,3765,3825,5573,0.005256241787122251
2025-01-24,3895,3895,3730,3820,4555,-0.0013071895424836555
2025-01-31,3885,3885,3725,3800,6210,-0.005235602094240788
2025-02-03,3800,3805,3655,3750,6772,-0.013157894736842146
2025-02-04,3750,4040,3750,3940,28051,0.05066666666666664
2025-02-05,3930,4050,3930,4005,10616,0.016497461928933976
2025-02-06,4005,4190,3805,4050,44747,0.011235955056179803
2025-02-07,4040,4045,3930,3975,9606,-0.01851851851851849
2025-02-10,3965,4000,3805,3940,17554,-0.008805031446540879
2025-02-11,3940,3980,3850,3865,12493,-0.019035532994923887
2025-02-12,3865,4300,3865,4170,65741,0.0789133247089262
2025-02-13,4220,4340,4020,4240,24100,0.01678657074340517
2025-02-14,4200,4230,4020,4060,23032,-0.04245283018867929
2025-02-17,4055,4230,4005,4005,18896,-0.013546798029556606
2025-02-18,4045,4340,4045,4180,47820,0.043695380774032566
2025-02-19,4170,4190,4060,4060,20548,-0.028708133971291905
2025-02-20,4060,4135,3970,3970,22471,-0.022167487684729092
2025-02-21,4025,4050,3765,3870,37323,-0.02518891687657432
2025-02-24,4030,4180,3950,4070,43387,0.05167958656330751
2025-02-25,4075,4085,3880,3925,40379,-0.035626535626535616
2025-02-26,3925,4150,3860,3930,27252,0.001273885350318471
2025-02-27,3900,4125,3705,4000,90064,0.01781170483460559
2025-02-28,3970,4150,3880,3880,11483,-0.030000000000000027
2025-03-04,3870,4680,3750,4330,243746,0.115979381443299
2025-03-05,4330,4470,4275,4345,121804,0.0034642032332563577
2025-03-06,4360,4970,4315,4710,160928,0.08400460299194479
2025-03-07,4690,4910,4600,4680,36884,-0.006369426751592355
2025-03-10,4770,4860,4505,4770,71374,0.019230769230769162
2025-03-11,4750,4750,4530,4655,13342,-0.024109014675052443
2025-03-12,4645,4785,4375,4400,40038,-0.05477980665950588
2025-03-13,4400,4715,4270,4270,17464,-0.02954545454545454
2025-03-14,4330,4445,4260,4335,18921,0.015222482435597096
2025-03-17,4390,4800,4335,4610,37039,0.06343713956170705
2025-03-18,4610,4660,4455,4505,12368,-0.022776572668112838
2025-03-19,4500,4700,4335,4360,20755,-0.0321864594894562
2025-03-20,4360,4635,4155,4485,25795,0.028669724770642224
2025-03-21,4485,4485,4310,4400,22695,-0.018952062430323324
2025-03-24,4400,4400,4215,4300,20727,-0.022727272727272707
2025-03-25,4295,4295,4170,4180,13546,-0.027906976744186074
2025-03-26,4180,4180,4060,4075,8720,-0.02511961722488043
2025-03-27,4075,4075,3975,4000,12169,-0.018404907975460127
2025-03-28,4000,4155,3925,3995,13260,-0.0012499999999999734
2025-03-31,3995,3995,3780,3880,14006,-0.028785982478097605
2025-04-01,4290,4470,4075,4290,22993,0.10567010309278357
2025-04-02,4285,4500,4255,4490,23106,0.046620046620046596
2025-04-03,4590,4590,4370,4440,14415,-0.011135857461024523
2025-04-04,4445,4575,4370,4445,11082,0.0011261261261261701
2025-04-07,4400,4415,3900,4315,64575,-0.02924634420697414
2025-04-08,4270,4500,4270,4455,22381,0.03244495944380077
2025-04-09,4550,4550,4210,4290,10867,-0.03703703703703709
2025-04-10,4350,4495,4335,4450,8598,0.037296037296037365
2025-04-11,4400,4630,4340,4605,19309,0.03483146067415732
2025-04-14,4605,4780,4605,4715,34367,0.023887079261672106
2025-04-15,4715,4790,4660,4705,8702,-0.0021208907741251393
2025-04-16,4705,4720,4600,4715,10237,0.002125398512220933
2025-04-17,4720,4750,4665,4750,8020,0.007423117709437932
2025-04-18,4795,5100,4795,5100,94314,0.0736842105263158
2025-04-21,5100,5200,4970,4990,26014,-0.021568627450980427
2025-04-22,4975,5360,4840,5240,52915,0.05010020040080154
2025-04-23,5240,5350,4985,5100,39563,-0.026717557251908386
2025-04-24,5100,5190,5000,5180,22476,0.015686274509803866
2025-04-25,5130,5250,5030,5140,16208,-0.007722007722007707
2025-04-28,5140,5200,4980,4980,18700,-0.0311284046692607
2025-04-29,4980,5130,4800,4960,33439,-0.004016064257028162
2025-04-30,4950,5090,4745,4800,46777,-0.032258064516129004
2025-05-02,4800,4900,4780,4890,27408,0.018750000000000044
2025-05-07,4890,5190,4890,5140,62755,0.05112474437627812
2025-05-08,5370,5550,5020,5370,133395,0.04474708171206232
2025-05-09,5370,5520,5140,5370,37170,0.0
2025-05-12,5380,5390,4945,4960,75792,-0.07635009310986962
2025-05-13,5040,5080,4750,4935,17374,-0.005040322580645129
2025-05-14,4835,5100,4805,5060,28747,0.025329280648429542
2025-05-15,5050,5110,4880,4990,30354,-0.013833992094861691
2025-05-16,5200,5200,4930,5000,18004,0.002004008016031955
2025-05-19,4950,5200,4930,4965,13732,-0.007000000000000006
2025-05-20,5150,5190,4970,5090,32235,0.025176233635448186
2025-05-21,5150,5190,5030,5190,17438,0.01964636542239684
2025-05-22,5180,5240,5080,5170,16762,-0.003853564547206201
2025-05-23,5170,5230,5080,5120,27044,-0.009671179883945835
2025-05-26,5210,5310,5070,5250,39298,0.025390625
2025-05-27,5300,5620,5250,5410,61032,0.030476190476190546
2025-05-28,5590,5590,5150,5170,36218,-0.044362292051756014
2025-05-29,5170,5190,5040,5090,32263,-0.015473887814313358
2025-05-30,5080,5120,5020,5100,18100,0.0019646365422396617
2025-06-02,5120,5800,5110,5510,119542,0.08039215686274503
2025-06-04,5550,5610,5400,5460,42551,-0.00907441016333943
2025-06-05,5460,5550,5360,5390,29150,-0.012820512820512775
2025-06-09,5380,5500,5150,5340,56749,-0.00927643784786647
2025-06-10,5340,5500,5230,5300,15648,-0.0074906367041198685
2025-06-11,5300,5450,5180,5190,42263,-0.02075471698113207
2025-06-12,5190,5360,5170,5340,21937,0.028901734104046284
2025-06-13,5350,5610,5200,5400,141593,0.011235955056179803
2025-06-16,5500,5500,5180,5200,71191,-0.03703703703703709
2025-06-17,5210,5340,5100,5150,46338,-0.009615384615384581
2025-06-18,5300,5780,5100,5450,335146,0.058252427184465994
2025-06-19,5470,5540,5250,5450,111131,0.0
2025-06-20,5540,5540,5290,5360,69530,-0.016513761467889854
2025-06-23,5380,5650,5090,5180,140842,-0.03358208955223885
2025-06-24,5250,5270,4900,4980,163714,-0.038610038610038644
2025-06-25,4990,5300,4825,4950,179305,-0.0060240963855421326
2025-06-26,4950,4960,4745,4750,118416,-0.04040404040404044
2025-06-27,4845,4845,4500,4560,73719,-0.040000000000000036
2025-06-30,4595,4680,4500,4600,31702,0.00877192982456143
2025-07-01,4765,4765,4525,4660,24107,0.01304347826086949
2025-07-02,4660,4700,4555,4560,28525,-0.02145922746781115
2025-07-03,4560,4720,4550,4630,13210,0.015350877192982448
2025-07-04,4630,4775,4520,4520,21339,-0.023758099352051865
2025-07-07,4515,4605,4385,4555,21330,0.007743362831858391
2025-07-08,4555,4770,4470,4500,45030,-0.01207464324917673
2025-07-09,4625,4705,4550,4705,17693,0.04555555555555557
2025-07-10,4705,4770,4650,4715,15748,0.002125398512220933
2025-07-11,4765,4765,4580,4580,21429,-0.028632025450689325
2025-07-14,4655,4670,4410,4520,36072,-0.013100436681222738
2025-07-15,4520,4690,4480,4560,38006,0.008849557522123908
2025-07-16,4645,4645,4500,4565,22805,0.0010964912280702066
2025-07-17,4530,4640,4530,4595,15856,0.006571741511500528
2025-07-18,4550,4655,4460,4515,11786,-0.017410228509249226
2025-07-21,4510,4545,4445,4460,29995,-0.01218161683277963
2025-07-22,4585,4650,4460,4515,25214,0.012331838565022402
2025-07-23,4515,4715,4515,4530,29930,0.0033222591362125353
2025-07-24,4695,4695,4525,4595,30149,0.014348785871964642
2025-07-25,4620,4620,4450,4505,16876,-0.019586507072905324
2025-07-28,4600,4625,4450,4470,21501,-0.007769145394006638
2025-07-29,4425,4600,4425,4445,21303,-0.005592841163310935
2025-07-30,4365,4640,4365,4600,32343,0.03487064116985383
2025-07-31,4605,4655,4535,4595,11162,-0.0010869565217391797
2025-08-01,4620,4620,4420,4465,10555,-0.028291621327529937
2025-08-04,4465,4685,4350,4455,16811,-0.002239641657334812
2025-08-05,4450,4700,4430,4500,34899,0.010101010101010166
2025-08-06,4500,4690,4495,4525,11714,0.005555555555555536
2025-08-07,4600,4690,4515,4675,45450,0.03314917127071815
2025-08-08,4630,4740,4600,4660,41475,-0.0032085561497325887
2025-08-11,4660,4855,4605,4615,48642,-0.00965665236051505
2025-08-12,4670,4670,4530,4545,29004,-0.015167930660888396
2025-08-13,4500,4630,4350,4430,35137,-0.025302530253025313
2025-08-14,4380,4570,4350,4385,13808,-0.010158013544018019
2025-08-18,4400,4475,4200,4420,55439,0.007981755986316896
2025-08-19,4420,4435,4245,4310,13884,-0.02488687782805432
2025-08-20,4310,4310,4120,4235,27083,-0.01740139211136893
2025-08-21,4235,4485,4220,4390,10511,0.03659976387249109
2025-08-22,4370,4450,4250,4395,10056,0.001138952164009055
2025-08-25,4420,4505,4365,4480,19579,0.019340159271899804
2025-08-26,4480,4510,4435,4435,8795,-0.010044642857142905
2025-08-27,4500,4630,4345,4500,36701,0.014656144306651742
2025-08-28,4500,4700,4500,4660,34904,0.03555555555555556
2025-08-29,4665,4990,4655,4895,112941,0.0504291845493563
2025-09-01,4885,5000,4710,4750,41829,-0.02962206332992845
2025-09-02,4750,5230,4750,5230,88291,0.10105263157894728
2025-09-03,5300,5350,5060,5270,52714,0.007648183556405286
2025-09-04,5270,5280,4960,5120,33489,-0.028462998102466774
2025-09-05,5120,5190,4990,5160,33810,0.0078125
2025-09-08,5280,5440,5080,5320,165016,0.03100775193798455
2025-09-09,5280,5510,5280,5390,79474,0.013157894736842035
2025-09-10,5530,6180,5530,5940,530933,0.1020408163265305
2025-09-11,5960,6190,5850,6000,101145,0.010101010101010166
