Date,Open,High,Low,Close,Volume,Change
2022-01-03,5761,5761,5693,5732,42823,-0.0017415534656913811
2022-01-04,5732,5732,5605,5625,151787,-0.018667131891137445
2022-01-05,5595,5683,5595,5654,47835,0.00515555555555558
2022-01-06,5654,5664,5595,5615,47407,-0.006897771489211224
2022-01-07,5654,5654,5566,5605,78606,-0.0017809439002671734
2022-01-10,5624,5634,5556,5605,69098,0.0
2022-01-11,5605,5644,5546,5557,64672,-0.0085637823371989
2022-01-12,5605,5605,5527,5576,60476,0.003419111031131905
2022-01-13,5576,5585,5498,5518,65769,-0.010401721664275443
2022-01-14,5546,5566,5517,5537,22441,0.0034432765494745166
2022-01-17,5566,5566,5498,5518,43839,-0.0034314610800072476
2022-01-18,5507,5546,5488,5518,41594,0.0
2022-01-19,5566,5566,5478,5527,16600,0.0016310257339615664
2022-01-20,5527,5537,5468,5527,43556,0.0
2022-01-21,5566,5595,5507,5596,28875,0.012484168626741399
2022-01-24,5556,5595,5517,5527,59839,-0.012330235882773377
2022-01-25,5566,5566,5449,5449,71067,-0.014112538447620726
2022-01-26,5517,5546,5449,5527,73045,0.014314553129014529
2022-01-27,5546,5556,5498,5518,46207,-0.0016283698208793274
2022-01-28,5498,5537,5468,5488,51581,-0.0054367524465386285
2022-02-03,5517,5566,5498,5518,103144,0.0054664723032069595
2022-02-04,5517,5546,5498,5518,115397,0.0
2022-02-07,5517,5556,5507,5547,176881,0.005255527364987245
2022-02-08,5566,5615,5537,5566,106764,0.003425274923382071
2022-02-09,5595,5664,5566,5664,78953,0.01760689902982393
2022-02-10,5664,5693,5615,5684,46847,0.003531073446327637
2022-02-11,5693,5722,5664,5713,64733,0.005102040816326481
2022-02-14,5693,5703,5615,5684,69095,-0.005076142131979711
2022-02-15,5703,5712,5664,5693,56173,0.001583391977480586
2022-02-16,5654,5722,5654,5713,66728,0.0035130862462673385
2022-02-17,5712,5771,5693,5742,102923,0.0050761421319796
2022-02-18,5732,5761,5722,5752,19994,0.0017415534656914922
2022-02-21,5742,5771,5673,5752,72778,0.0
2022-02-22,5761,5761,5693,5703,154709,-0.008518776077885981
2022-02-23,5742,5751,5683,5693,125048,-0.0017534630896020031
2022-02-24,5683,5732,5683,5713,120325,0.0035130862462673385
2022-02-25,5556,5624,5556,5615,135508,-0.01715385961841409
2022-02-28,5624,5624,5585,5596,17255,-0.0033837934105075407
2022-03-02,5615,5654,5566,5654,47484,0.010364546104360217
2022-03-03,5673,5673,5624,5625,50563,-0.005129112133003155
2022-03-04,5654,5673,5634,5654,39585,0.00515555555555558
2022-03-07,5673,5673,5605,5605,28169,-0.008666430845419182
2022-03-08,5605,5664,5585,5644,43083,0.006958073148974231
2022-03-10,5664,5673,5644,5664,42799,0.003543586109142405
2022-03-11,5693,5693,5673,5684,42973,0.003531073446327637
2022-03-14,5712,5771,5654,5723,76717,0.006861365235749428
2022-03-15,5703,5790,5693,5752,58921,0.005067272409575496
2022-03-16,5771,5781,5722,5771,94532,0.003303198887343539
2022-03-17,5761,5781,5722,5762,32347,-0.0015595217466644051
2022-03-18,5781,5790,5742,5791,34966,0.0050329746615758175
2022-03-21,5790,5810,5761,5762,17200,-0.005007770678639223
2022-03-22,5761,5771,5712,5742,62463,-0.003471017007983357
2022-03-23,5751,5751,5693,5693,42297,-0.008533611981887845
2022-03-24,5703,5722,5683,5723,23974,0.005269629369401008
2022-03-25,5742,5771,5703,5742,36949,0.0033199370959287045
2022-03-28,5751,5751,5673,5693,38019,-0.008533611981887845
2022-03-29,5693,5751,5664,5752,44482,0.01036360442648876
2022-03-30,5751,5761,5722,5762,25033,0.00173852573018074
2022-03-31,5761,5781,5722,5762,32823,0.0
2022-04-01,5771,5771,5722,5732,22746,-0.00520652551197498
2022-04-04,5732,5761,5703,5732,35982,0.0
2022-04-05,5761,5790,5693,5732,54471,0.0
2022-04-06,5693,5781,5693,5762,47569,0.005233775296580534
2022-04-07,5781,5790,5751,5781,89545,0.0032974661575841946
2022-04-08,5761,5859,5751,5850,104841,0.011935651271406389
2022-04-11,5898,5917,5830,5908,51180,0.009914529914530013
2022-04-12,5917,6015,5898,5986,67718,0.013202437373053488
2022-04-13,5976,6103,5976,6016,68119,0.005011693952555962
2022-04-14,6035,6074,5996,6025,68119,0.001496010638297962
2022-04-15,6035,6083,6005,6074,42491,0.008132780082987567
2022-04-18,6113,6201,5986,6055,128353,-0.003128086927889351
2022-04-19,6044,6044,5869,5967,81366,-0.014533443435177484
2022-04-20,5966,5976,5908,5967,43186,0.0
2022-04-21,5976,6074,5937,6074,42379,0.017931959108429707
2022-04-22,6035,6083,6005,6074,37244,0.0
2022-04-25,6074,6074,5927,5996,117839,-0.012841620019756306
2022-04-26,5996,6064,5956,6045,40727,0.008172114743162151
2022-04-27,6025,6074,5966,6055,78868,0.0016542597187758634
2022-04-28,6064,6064,5927,6006,49588,-0.008092485549133
2022-04-29,6025,6093,5966,6084,65312,0.01298701298701288
2022-05-02,6103,6122,6054,6103,62588,0.003122945430637847
2022-05-03,6152,6152,5888,5937,68427,-0.02719973783385221
2022-05-04,5956,5956,5869,5898,34935,-0.0065689742294088305
2022-05-06,5947,5947,5830,5869,48356,-0.004916920990166163
2022-05-09,5937,5937,5849,5879,31311,0.001703867779860202
2022-05-10,5849,5869,5771,5781,52951,-0.016669501615921067
2022-05-11,5781,5830,5673,5674,45885,-0.018508908493340304
2022-05-12,5693,5771,5683,5723,41702,0.00863588297497353
2022-05-13,5703,5771,5703,5742,75167,0.0033199370959287045
2022-05-16,5742,5810,5742,5791,17021,0.008533611981887734
2022-05-17,5839,5839,5722,5762,62233,-0.005007770678639223
2022-05-18,5732,5742,5615,5703,73648,-0.010239500173550797
2022-05-19,5703,6035,5624,5723,42946,0.0035069261792040063
2022-05-20,5771,5790,5703,5791,26963,0.011881880132797562
2022-05-23,5830,5830,5722,5723,35189,-0.011742358832671385
2022-05-24,5771,5781,5732,5771,21422,0.0083872095055042
2022-05-25,5800,5830,5781,5820,30572,0.008490729509617045
2022-05-26,5830,5859,5800,5859,23920,0.006701030927835028
2022-05-27,5898,5898,5800,5820,12426,-0.0066564260112647045
2022-05-30,5820,5908,5751,5869,22516,0.008419243986254266
2022-05-31,5859,5908,5859,5898,37984,0.004941216561594741
2022-06-02,5898,5956,5869,5928,20013,0.0050864699898269805
2022-06-03,5927,5976,5878,5967,33861,0.006578947368421018
2022-06-07,5956,5976,5908,5947,12065,-0.0033517680576503617
2022-06-08,5986,5986,5869,5937,10549,-0.001681520094165112
2022-06-09,5937,5947,5820,5840,40189,-0.016338217955196188
2022-06-10,5859,5859,5800,5830,7271,-0.001712328767123239
2022-06-13,5742,5790,5732,5732,35048,-0.0168096054888508
2022-06-14,5712,5722,5605,5664,52244,-0.011863224005582707
2022-06-15,5664,5664,5566,5576,31599,-0.015536723163841804
2022-06-16,5566,5605,5507,5576,47710,0.0
2022-06-17,5517,5537,5449,5478,19687,-0.017575322812051652
2022-06-20,5507,5507,5185,5371,219896,-0.019532676159182194
2022-06-21,5361,5556,5283,5322,93343,-0.009123068329919937
2022-06-22,5468,5468,5126,5146,81158,-0.033070274332957506
2022-06-23,5361,5361,5019,5068,71021,-0.015157403808783498
2022-06-24,5029,5195,5029,5088,70565,0.003946329913180779
2022-06-27,5175,5302,5087,5273,43273,0.0363600628930818
2022-06-28,5097,5322,5097,5264,50807,-0.0017068082685378627
2022-06-29,5292,5292,5205,5205,42304,-0.011208206686930122
2022-06-30,5263,5273,5117,5137,15337,-0.013064361191162388
2022-07-01,5136,5244,5039,5039,26789,-0.01907728246058016
2022-07-04,5126,5126,4843,4932,53338,-0.02123437189918631
2022-07-05,4931,5029,4931,5019,25645,0.017639902676398922
2022-07-06,5107,5107,4833,5019,34904,0.0
2022-07-07,4980,5058,4980,5059,13377,0.007969715082685846
2022-07-08,5078,5078,4990,5019,37429,-0.007906700929037336
2022-07-11,5019,5019,4912,4941,54452,-0.015540944411237323
2022-07-12,4912,4912,4741,4770,169844,-0.03460837887067392
2022-07-13,4765,4819,4697,4717,77288,-0.011111111111111072
2022-07-14,4711,4736,4667,4727,33136,0.002119991520033837
2022-07-15,4726,4726,4653,4668,42217,-0.012481489316691352
2022-07-18,4697,4770,4697,4707,36576,0.008354755784061751
2022-07-19,4736,4746,4638,4687,71241,-0.004248990864669677
2022-07-20,4721,4785,4697,4707,98894,0.004267121826328157
2022-07-21,4706,4741,4687,4707,56929,0.0
2022-07-22,4706,4765,4697,4717,53468,0.0021244954323347276
2022-07-25,4760,4760,4682,4692,39050,-0.005299978800084815
2022-07-26,4726,4726,4633,4663,68859,-0.006180733162830299
2022-07-27,4658,4711,4643,4653,52344,-0.0021445421402530584
2022-07-28,4658,4765,4658,4766,66993,0.024285407264130754
2022-07-29,4804,5146,4785,5010,49513,0.05119597146454047
2022-08-01,5097,5097,4999,5088,51788,0.015568862275449069
2022-08-02,5097,5136,5048,5088,21029,0.0
2022-08-03,5107,5107,4990,5019,127895,-0.013561320754716943
2022-08-04,5068,5087,4980,5039,17908,0.003984857541342812
2022-08-05,5048,5058,5009,5049,73637,0.001984520738241624
2022-08-08,5048,5048,4902,5010,50006,-0.007724301841948944
2022-08-09,5019,5039,4951,5000,14539,-0.001996007984031989
2022-08-10,5009,5009,4912,4932,35184,-0.013599999999999945
2022-08-11,5087,5087,4912,4922,51832,-0.0020275750202757292
2022-08-12,4951,4951,4912,4922,76309,0.0
2022-08-16,4960,4980,4912,4980,75343,0.011783827712312123
2022-08-17,4980,4990,4941,4971,80631,-0.0018072289156626509
2022-08-18,4960,5058,4960,5010,34402,0.00784550392275185
2022-08-19,5039,5058,5019,5059,43733,0.009780439121756412
2022-08-22,5058,5087,4999,5010,31828,-0.009685708638070722
2022-08-23,4999,5009,4902,4932,88894,-0.015568862275449069
2022-08-24,4941,4951,4912,4922,42611,-0.0020275750202757292
2022-08-25,4931,4980,4931,4980,34694,0.011783827712312123
2022-08-26,4990,4990,4960,4971,65628,-0.0018072289156626509
2022-08-29,4931,4931,4848,4902,110762,-0.013880506940253445
2022-08-30,4790,4829,4790,4814,71226,-0.017951856385148957
2022-08-31,4833,4833,4760,4800,24371,-0.00290818446198593
2022-09-01,4814,4814,4711,4712,30233,-0.018333333333333313
2022-09-02,4799,4799,4702,4722,17927,0.0021222410865875396
2022-09-05,4643,4746,4643,4673,14298,-0.010376958915713663
2022-09-06,4672,4721,4648,4717,25021,0.009415792852557336
2022-09-07,4716,4716,4648,4692,25350,-0.005299978800084815
2022-09-08,4731,4731,4653,4692,31118,0.0
2022-09-13,4750,4750,4687,4722,30419,0.006393861892583175
2022-09-14,4716,4716,4667,4697,12625,-0.00529436679373152
2022-09-15,4687,4736,4667,4673,37179,-0.005109644453906714
2022-09-16,4623,4711,4623,4712,19051,0.008345816392039351
2022-09-19,4672,4721,4663,4707,20272,-0.0010611205432937698
2022-09-20,4711,4736,4687,4736,13874,0.006161036753770999
2022-09-21,4736,4746,4716,4731,23650,-0.0010557432432432012
2022-09-22,4711,4711,4614,4639,42917,-0.019446205876136102
2022-09-23,4682,4682,4580,4595,23811,-0.009484802759215372
2022-09-26,4677,4677,4477,4482,30801,-0.024591947769314504
2022-09-27,4531,4531,4326,4346,60462,-0.03034359660865682
2022-09-28,4360,4360,4184,4360,56866,0.003221352968246771
2022-09-29,4365,4389,4272,4307,31311,-0.01215596330275226
2022-09-30,4272,4335,4208,4297,42687,-0.0023218017181332318
2022-10-04,4384,4384,4228,4238,45359,-0.013730509657900902
2022-10-05,4238,4326,4140,4155,74113,-0.019584709768758812
2022-10-06,4179,4179,4042,4180,118800,0.006016847172081841
2022-10-07,4179,4179,4067,4111,52369,-0.016507177033492804
2022-10-11,4091,4111,4013,4106,101852,-0.0012162490878131482
2022-10-12,4106,4130,4052,4062,43539,-0.010716025328787127
2022-10-13,4077,4077,3906,3936,56816,-0.03101920236336775
2022-10-14,3974,3974,3886,3916,45686,-0.005081300813008172
2022-10-17,3886,3911,3813,3882,55695,-0.00868232890704801
2022-10-18,3881,3950,3789,3921,48146,0.01004636785162294
2022-10-19,3920,3925,3818,3906,58428,-0.0038255547054323324
2022-10-20,3925,3925,3852,3887,45600,-0.004864311315924241
2022-10-21,3891,3891,3769,3838,44784,-0.012606122974015976
2022-10-24,3872,4003,3837,3975,59977,0.035695674830640955
2022-10-25,3998,4072,3964,4023,23009,0.012075471698113294
2022-10-26,4067,4169,4023,4062,99058,0.009694258016405666
2022-10-27,4101,4248,4072,4204,58359,0.034958148695223956
2022-10-28,4248,4306,4150,4287,47256,0.019743101807802033
2022-10-31,4287,4384,4272,4341,23283,0.01259622113365988
2022-11-01,4389,4389,4321,4336,17527,-0.0011518083390923417
2022-11-02,4335,4365,4272,4302,16043,-0.00784132841328411
2022-11-03,4301,4301,4223,4248,18779,-0.012552301255230103
2022-11-04,4248,4394,4179,4219,21427,-0.006826741996233565
2022-11-07,4277,4277,4184,4224,19113,0.0011851149561508123
2022-11-08,4223,4521,4218,4316,36738,0.021780303030302983
2022-11-09,4316,4350,4248,4321,14183,0.0011584800741426537
2022-11-10,4321,4321,4272,4297,13456,-0.005554269844943338
2022-11-11,4311,4453,4311,4414,73532,0.027228298813125384
2022-11-14,4477,4477,4414,4434,8524,0.004531037607612198
2022-11-15,4433,4487,4404,4487,12350,0.011953089760938118
2022-11-16,4487,4580,4472,4507,20587,0.004457321149988758
2022-11-17,4536,4536,4443,4502,18460,-0.0011093854004881054
2022-11-18,4526,4526,4467,4492,15001,-0.002221235006663713
2022-11-21,4492,4492,4438,4478,13380,-0.003116651825467498
2022-11-22,4477,4511,4296,4302,69649,-0.039303260384100036
2022-11-23,4301,4423,4301,4375,9691,0.016968851696885112
2022-11-24,4409,4423,4345,4424,16280,0.011200000000000099
2022-11-25,4448,4453,4394,4453,23659,0.006555153707052508
2022-11-28,4492,4492,4414,4424,24608,-0.00651246350774759
2022-11-29,4423,4443,4414,4438,16341,0.0031645569620253333
2022-11-30,4492,4492,4443,4492,13619,0.012167643082469537
2022-12-01,4536,4589,4506,4531,18816,0.008682101513802332
2022-12-02,4565,4570,4521,4556,34946,0.005517545795630019
2022-12-05,4570,4594,4526,4551,13908,-0.0010974539069359412
2022-12-06,4550,4589,4296,4473,43337,-0.01713909030982197
2022-12-07,4545,4545,4418,4502,22900,0.006483344511513556
2022-12-08,4531,4531,4433,4512,19723,0.002221235006663713
2022-12-09,4536,4536,4453,4473,20254,-0.008643617021276584
2022-12-12,4472,4560,4394,4434,17936,-0.008718980549966449
2022-12-13,4433,4438,4404,4404,21079,-0.006765899864682012
2022-12-14,4414,4443,4374,4434,14281,0.006811989100817373
2022-12-15,4433,4487,4394,4487,7123,0.011953089760938118
2022-12-16,4487,4570,4423,4570,37867,0.01849788277245379
2022-12-19,4570,4653,4540,4556,22305,-0.0030634573304157975
2022-12-20,4589,4589,4540,4546,33787,-0.0021949078138717715
2022-12-21,4560,4565,4511,4561,21565,0.003299604047514393
2022-12-22,4589,4609,4526,4570,19412,0.0019732514799386536
2022-12-23,4589,4633,4511,4634,29894,0.014004376367614979
2022-12-26,4638,4643,4599,4639,13008,0.0010789814415193
2022-12-27,4653,4653,4623,4639,11365,0.0
2022-12-28,4638,4765,4599,4736,30151,0.020909678810088428
2022-12-29,4731,4760,4653,4727,20884,-0.0019003378378378288
2023-01-02,4726,4770,4706,4746,29531,0.004019462661307482
2023-01-03,4760,4760,4687,4746,23936,0.0
2023-01-04,4755,4868,4706,4741,24398,-0.0010535187526338197
2023-01-05,4804,4931,4741,4893,61375,0.03206074667791614
2023-01-06,4921,4921,4853,4893,34554,0.0
2023-01-09,4931,5029,4794,4883,32242,-0.002043735949315395
2023-01-10,4877,4892,4824,4844,27171,-0.00798689330329716
2023-01-11,4858,4873,4819,4873,24311,0.005986787778695213
2023-01-12,4921,4921,4863,4883,54307,0.002052123948286466
2023-01-13,4951,4951,4868,4873,47291,-0.002047921359819793
2023-01-16,4902,4902,4853,4883,109780,0.002052123948286466
2023-01-17,4941,4941,4892,4932,43229,0.010034814663116842
2023-01-18,4931,4990,4868,4932,62263,0.0
2023-01-19,4951,4951,4902,4932,20056,0.0
2023-01-20,4941,4970,4882,4951,49963,0.0038523925385238744
2023-01-25,4951,4980,4951,4971,42075,0.004039587962027857
2023-01-26,4990,4990,4941,4941,25064,-0.0060350030175014835
2023-01-27,4960,4960,4902,4932,34394,-0.0018214936247723523
2023-01-30,4873,4999,4873,4902,40079,-0.006082725060827299
2023-01-31,4902,4912,4833,4834,38431,-0.013871889024887785
2023-02-01,4848,4882,4848,4863,27084,0.0059991725279271435
2023-02-02,4921,4931,4882,4922,19574,0.01213242854205232
2023-02-03,4951,4951,4882,4922,53315,0.0
2023-02-06,4921,4941,4902,4932,13483,0.002031694433157316
2023-02-07,4912,4960,4902,4932,17490,0.0
2023-02-08,4931,4941,4912,4922,21499,-0.0020275750202757292
2023-02-09,4931,4931,4882,4902,29381,-0.004063388866314521
2023-02-10,4921,4931,4892,4912,11105,0.002039983680130586
2023-02-13,4892,4931,4877,4912,32586,0.0
2023-02-14,4912,4931,4882,4912,29565,0.0
2023-02-15,4921,4921,4873,4922,32289,0.0020358306188925646
2023-02-16,4921,4931,4882,4922,13789,0.0
2023-02-17,4921,4960,4892,4922,40402,0.0
2023-02-20,4960,4960,4892,4912,19027,-0.002031694433157205
2023-02-21,4951,4951,4892,4912,25470,0.0
2023-02-22,4912,4912,4882,4883,18175,-0.005903908794788304
2023-02-23,4912,4912,4882,4893,38883,0.002047921359819682
2023-02-24,4902,4902,4873,4883,70275,-0.002043735949315395
2023-02-27,4755,4755,4716,4722,28422,-0.03297153389309848
2023-02-28,4736,4741,4721,4741,6375,0.004023718763235928
2023-03-02,4614,4750,4614,4653,58868,-0.018561484918793503
2023-03-03,4677,4692,4628,4648,22845,-0.0010745755426606607
2023-03-06,4702,4702,4609,4624,38685,-0.005163511187607606
2023-03-07,4614,4643,4614,4624,29499,0.0
2023-03-08,4638,4638,4614,4624,15090,0.0
2023-03-09,4628,4638,4609,4624,6502,0.0
2023-03-10,4643,4643,4589,4600,8367,-0.00519031141868509
2023-03-13,4638,4638,4521,4561,18778,-0.008478260869565268
2023-03-14,4628,4628,4453,4482,36377,-0.01732076299057228
2023-03-15,4565,4565,4497,4526,9572,0.009817045961624249
2023-03-16,4531,4536,4492,4521,19642,-0.0011047282368537026
2023-03-17,4589,4589,4409,4409,30292,-0.024773280247732843
2023-03-20,4414,4477,4394,4478,78348,0.01564980721251974
2023-03-21,4545,4545,4453,4487,13751,0.0020098258150960113
2023-03-22,4497,4511,4443,4492,15934,0.0011143302874971894
2023-03-23,4492,4492,4326,4385,35150,-0.023820124666072973
2023-03-24,4428,4443,4335,4351,19280,-0.007753705815279344
2023-03-27,4394,4394,4208,4307,59914,-0.010112617789014067
2023-03-28,4306,4404,4277,4370,27427,0.014627350824239604
2023-03-29,4399,4399,4326,4326,21892,-0.010068649885583536
2023-03-30,4326,4365,4326,4365,13963,0.009015256588072118
2023-03-31,4389,4404,4331,4336,22924,-0.006643757159221053
2023-04-03,4340,4560,4340,4561,29201,0.05189114391143912
2023-04-04,4555,4584,4497,4585,10822,0.005262003946503002
2023-04-05,4501,4589,4501,4580,69729,-0.0010905125408942062
2023-04-06,4599,4599,4497,4570,22395,-0.0021834061135370675
2023-04-07,4560,4614,4497,4570,20239,0.0
2023-04-10,4580,4604,4501,4502,30183,-0.014879649890590763
2023-04-11,4501,4570,4467,4546,24537,0.009773434029320294
2023-04-12,4545,4545,4492,4502,27551,-0.009678838539375234
2023-04-13,4497,4516,4482,4502,10419,0.0
2023-04-14,4497,4570,4472,4565,34508,0.013993780541981415
2023-04-17,4570,4653,4565,4639,23837,0.016210295728368074
2023-04-18,4667,4912,4633,4712,68358,0.015736150032334528
2023-04-19,4711,4775,4638,4639,26022,-0.015492359932088307
2023-04-20,4785,4785,4594,4673,29358,0.007329165768484636
2023-04-21,4687,4746,4604,4673,22551,0.0
2023-04-24,4638,4697,4545,4590,55585,-0.017761609244596577
2023-04-25,4623,4623,4560,4580,7038,-0.002178649237472796
2023-04-26,4599,4667,4545,4600,23784,0.004366812227074135
2023-04-27,4633,4643,4589,4595,13198,-0.0010869565217391797
2023-04-28,4589,4648,4536,4575,21871,-0.0043525571273123065
2023-05-02,4604,4628,4492,4556,7939,-0.00415300546448083
2023-05-03,4594,4594,4487,4580,15210,0.005267778753292429
2023-05-04,4580,4580,4521,4580,28448,0.0
2023-05-08,4580,4628,4580,4595,53723,0.0032751091703056012
2023-05-09,4623,4623,4560,4595,22109,0.0
2023-05-10,4614,4614,4584,4595,26004,0.0
2023-05-11,4638,4638,4580,4600,37215,0.0010881392818280489
2023-05-12,4599,4638,4589,4595,49220,-0.0010869565217391797
2023-05-15,4599,4750,4599,4673,48895,0.01697497279651805
2023-05-16,4697,4741,4672,4702,37825,0.006205863471003603
2023-05-17,4716,4736,4648,4702,28799,0.0
2023-05-18,4706,4706,4658,4697,18817,-0.001063377286261158
2023-05-19,4697,4711,4687,4702,23707,0.001064509261230473
2023-05-22,4711,4736,4697,4712,16475,0.002126754572522316
2023-05-23,4716,4731,4663,4687,22943,-0.005305602716468627
2023-05-24,4687,4736,4653,4668,23420,-0.004053765735011705
2023-05-25,4667,4692,4648,4668,14846,0.0
2023-05-26,4682,4702,4653,4692,31223,0.005141388174807249
2023-05-30,4702,4755,4692,4751,47510,0.012574595055413473
2023-05-31,4790,4868,4721,4853,80049,0.02146916438644486
2023-06-01,4858,4863,4833,4849,37633,-0.0008242324335462348
2023-06-02,4848,4848,4824,4839,23330,-0.0020622808826562533
2023-06-05,4843,4921,4833,4878,72614,0.008059516429014257
2023-06-07,4794,4794,4609,4648,190245,-0.047150471504715075
2023-06-08,4648,4663,4497,4551,163431,-0.020869191049913915
2023-06-09,4531,4667,4531,4658,77839,0.02351131619424307
2023-06-12,4677,4692,4658,4678,53802,0.004293688278230956
2023-06-13,4677,4721,4658,4702,71195,0.005130397605814352
2023-06-14,4702,4746,4682,4746,62337,0.00935772011909819
2023-06-15,4726,4785,4716,4785,57131,0.00821744627054355
2023-06-16,4799,4799,4702,4790,67194,0.0010449320794148065
2023-06-19,4705,4760,4680,4690,47551,-0.02087682672233826
2023-06-20,4760,4760,4605,4700,49645,0.002132196162046851
2023-06-21,4745,4745,4655,4690,10993,-0.0021276595744680327
2023-06-22,4625,4675,4625,4650,26694,-0.008528784648187626
2023-06-23,4645,4645,4565,4575,41392,-0.016129032258064502
2023-06-26,4570,4570,4530,4565,16630,-0.002185792349726823
2023-06-27,4580,4630,4575,4625,22928,0.013143483023001057
2023-06-28,4625,4680,4625,4635,15165,0.00216216216216214
2023-06-29,4645,4685,4585,4645,16637,0.0021574973031284195
2023-06-30,4645,4670,4625,4645,7222,0.0
2023-07-03,4625,4695,4620,4670,49544,0.005382131324004336
2023-07-04,4670,4670,4640,4645,19730,-0.005353319057815886
2023-07-05,4700,4700,4595,4600,58530,-0.009687836383207804
2023-07-06,4600,4630,4460,4495,40289,-0.022826086956521774
2023-07-07,4495,4495,4435,4450,26798,-0.010011123470522798
2023-07-10,4450,4475,4405,4420,32076,-0.006741573033707815
2023-07-11,4415,4415,4380,4400,27769,-0.004524886877828038
2023-07-12,4400,4400,4365,4390,54835,-0.002272727272727315
2023-07-13,4435,4440,4380,4405,68233,0.003416856492027387
2023-07-14,4425,4500,4395,4500,45379,0.02156640181611813
2023-07-17,4530,4575,4435,4575,44925,0.016666666666666607
2023-07-18,4585,4595,4490,4570,41475,-0.0010928961748634114
2023-07-19,4550,4595,4450,4450,81037,-0.026258205689277947
2023-07-20,4470,4555,4470,4475,39369,0.00561797752808979
2023-07-21,4470,4480,4410,4420,60053,-0.012290502793296132
2023-07-24,4420,4430,4380,4400,97353,-0.004524886877828038
2023-07-25,4400,4410,4355,4400,70478,0.0
2023-07-26,4430,4525,4415,4460,46115,0.013636363636363669
2023-07-27,4490,4490,4360,4460,37288,0.0
2023-07-28,4425,4500,4410,4495,66488,0.007847533632286963
2023-07-31,4520,4530,4490,4530,18264,0.007786429365962189
2023-08-01,4490,4595,4490,4595,54628,0.014348785871964642
2023-08-02,4595,4600,4575,4595,38730,0.0
2023-08-03,4590,4595,4570,4585,39567,-0.0021762785636560977
2023-08-04,4585,4595,4540,4590,32720,0.0010905125408942062
2023-08-07,4585,4585,4470,4550,36390,-0.008714596949891074
2023-08-08,4540,4545,4365,4405,144075,-0.031868131868131866
2023-08-09,4405,4440,4360,4430,54366,0.00567536889897835
2023-08-10,4405,4460,4350,4425,73537,-0.0011286681715575453
2023-08-11,4300,4335,4260,4325,413951,-0.02259887005649719
2023-08-14,4295,4350,4285,4345,230027,0.0046242774566473965
2023-08-16,4370,4370,4295,4330,220211,-0.0034522439585730202
2023-08-17,4330,4335,4260,4275,124793,-0.012702078521939941
2023-08-18,4275,4295,4265,4290,55955,0.0035087719298245723
2023-08-21,4270,4295,4270,4280,64563,-0.002331002331002363
2023-08-22,4260,4350,4260,4340,206236,0.014018691588784993
2023-08-23,4310,4365,4280,4335,84238,-0.0011520737327188613
2023-08-24,4305,4355,4305,4340,94065,0.0011534025374855261
2023-08-25,4370,4370,4320,4365,125352,0.005760368663594528
2023-08-28,4350,4495,4350,4455,285900,0.020618556701030855
2023-08-29,4455,4560,4435,4535,550475,0.017957351290684542
2023-08-30,4385,4535,4370,4475,157857,-0.013230429988974612
2023-08-31,4475,4505,4380,4455,103561,-0.004469273743016755
2023-09-01,4410,4465,4405,4435,42402,-0.004489337822671136
2023-09-04,4390,4420,4320,4350,110981,-0.01916572717023679
2023-09-05,4350,4360,4280,4340,73907,-0.0022988505747126853
2023-09-06,4340,4340,4255,4290,119216,-0.011520737327188946
2023-09-07,4300,4300,4265,4300,43855,0.002331002331002363
2023-09-08,4300,4360,4300,4355,47608,0.012790697674418539
2023-09-11,4330,4365,4315,4345,33371,-0.0022962112514350874
2023-09-12,4350,4350,4300,4335,40147,-0.0023014959723820505
2023-09-13,4340,4350,4275,4300,46546,-0.008073817762399127
2023-09-14,4300,4325,4280,4305,57298,0.0011627906976743319
2023-09-15,4290,4315,4200,4200,315504,-0.024390243902439046
2023-09-18,4200,4225,4155,4155,136604,-0.010714285714285676
2023-09-19,4160,4235,4160,4235,35808,0.019253910950661757
2023-09-20,4215,4245,4205,4230,43420,-0.0011806375442738881
2023-09-21,4235,4235,4165,4170,35659,-0.014184397163120588
2023-09-22,4170,4170,4135,4170,45247,0.0
2023-09-25,4175,4180,4130,4165,45024,-0.0011990407673860837
2023-09-26,4185,4195,4150,4175,14660,0.0024009603841537164
2023-09-27,4190,4190,4130,4185,41169,0.0023952095808383866
2023-10-04,4185,4185,4085,4105,46836,-0.019115890083632014
2023-10-05,4115,4135,4075,4100,30478,-0.0012180267965895553
2023-10-06,4155,4155,4075,4115,26853,0.003658536585365857
2023-10-10,4100,4140,4080,4095,16116,-0.004860267314702349
2023-10-11,4100,4155,4100,4120,26118,0.006105006105006083
2023-10-12,4125,4155,4110,4140,4639,0.004854368932038833
2023-10-13,4150,4180,4050,4165,59991,0.006038647342995196
2023-10-16,4150,4190,4130,4180,34374,0.0036014405762305746
2023-10-17,4195,4225,4160,4205,17307,0.005980861244019087
2023-10-18,4205,4215,4180,4210,14825,0.0011890606420927874
2023-10-19,4210,4210,4160,4190,10715,-0.004750593824228044
2023-10-20,4190,4190,4080,4150,66351,-0.009546539379474916
2023-10-23,4160,4180,4080,4095,42934,-0.013253012048192736
2023-10-24,4105,4145,4080,4095,9316,0.0
2023-10-25,4125,4135,4100,4125,15824,0.0073260073260073
2023-10-26,4120,4120,4055,4120,17031,-0.00121212121212122
2023-10-27,4120,4120,4060,4120,23478,0.0
2023-10-30,4120,4150,4070,4115,25799,-0.0012135922330097637
2023-10-31,4135,4135,4090,4115,18771,0.0
2023-11-01,4115,4155,4095,4125,24379,0.002430133657351119
2023-11-02,4125,4160,4100,4130,42311,0.00121212121212122
2023-11-03,4165,4225,4125,4215,51703,0.02058111380145289
2023-11-06,4220,4280,4220,4275,72487,0.014234875444839812
2023-11-07,4275,4285,4250,4280,28300,0.0011695906432749315
2023-11-08,4280,4335,4275,4325,37294,0.010514018691588856
2023-11-09,4325,4360,4315,4355,41592,0.006936416184971206
2023-11-10,4350,4370,4330,4370,29179,0.003444316877152742
2023-11-13,4370,4400,4340,4360,16548,-0.0022883295194507935
2023-11-14,4360,4360,4250,4295,40465,-0.014908256880733939
2023-11-15,4295,4345,4295,4335,33936,0.0093131548311991
2023-11-16,4350,4385,4290,4330,27484,-0.0011534025374856371
2023-11-17,4340,4350,4300,4345,37311,0.0034642032332563577
2023-11-20,4345,4395,4325,4375,76785,0.0069044879171460405
2023-11-21,4380,4425,4365,4400,47084,0.005714285714285783
2023-11-22,4405,4415,4380,4400,16433,0.0
2023-11-23,4395,4410,4390,4410,20314,0.002272727272727204
2023-11-24,4420,4430,4370,4410,27127,0.0
2023-11-27,4415,4440,4395,4435,45777,0.005668934240362855
2023-11-28,4440,4440,4390,4425,49985,-0.0022547914317925244
2023-11-29,4470,4470,4410,4435,22321,0.002259887005649608
2023-11-30,4435,4445,4430,4440,23722,0.0011273957158963732
2023-12-01,4405,4455,4405,4445,24102,0.0011261261261261701
2023-12-04,4430,4510,4430,4500,72935,0.012373453318335281
2023-12-05,4510,4575,4490,4555,44282,0.012222222222222134
2023-12-06,4555,4670,4555,4670,91494,0.02524698133918779
2023-12-07,4685,4685,4610,4615,60047,-0.011777301927194839
2023-12-08,4610,4655,4595,4640,44010,0.005417118093174356
2023-12-11,4650,4660,4630,4660,48600,0.004310344827586299
2023-12-12,4665,4680,4660,4665,34327,0.0010729613733906351
2023-12-13,4675,4675,4645,4665,37011,0.0
2023-12-14,4675,4765,4665,4735,88812,0.015005359056806
2023-12-15,4735,4765,4715,4725,57160,-0.002111932418162654
2023-12-18,4725,4730,4555,4555,117840,-0.035978835978836
2023-12-19,4615,4615,4425,4470,141327,-0.01866081229418226
2023-12-20,4535,4540,4470,4505,51844,0.007829977628635243
2023-12-21,4595,4595,4465,4525,23626,0.004439511653718142
2023-12-22,4575,4590,4500,4525,41701,0.0
2023-12-26,4535,4565,4490,4495,67073,-0.006629834254143652
2023-12-27,4410,4560,4410,4535,28647,0.008898776418242438
2023-12-28,4580,4580,4530,4545,35500,0.0022050716648291946
2024-01-02,4600,4625,4545,4600,68886,0.012101210121012063
2024-01-03,4630,4645,4600,4645,74455,0.009782608695652284
2024-01-04,4670,4730,4600,4695,102249,0.010764262648008671
2024-01-05,4700,4700,4620,4670,43394,-0.005324813631522929
2024-01-08,4695,4720,4660,4710,56927,0.008565310492505418
2024-01-09,4710,4730,4690,4690,30331,-0.00424628450106157
2024-01-10,4720,4720,4655,4680,65031,-0.002132196162046962
2024-01-11,4690,4690,4665,4685,38007,0.0010683760683760646
2024-01-12,4700,4700,4620,4640,50452,-0.009605122732123772
2024-01-15,4620,4700,4560,4580,65021,-0.012931034482758674
2024-01-16,4600,4600,4490,4525,51831,-0.012008733624454093
2024-01-17,4530,4530,4455,4510,52763,-0.0033149171270717703
2024-01-18,4505,4510,4455,4500,43593,-0.0022172949002217113
2024-01-19,4500,4535,4465,4535,41896,0.007777777777777883
2024-01-22,4535,4600,4500,4600,48306,0.014332965821389099
2024-01-23,4610,4635,4600,4615,45974,0.003260869565217428
2024-01-24,4630,4650,4610,4630,58513,0.003250270855904569
2024-01-25,4645,4645,4560,4620,39241,-0.002159827213822907
2024-01-26,4635,4635,4570,4590,43639,-0.00649350649350644
2024-01-29,4590,4620,4580,4580,66972,-0.002178649237472796
2024-01-30,4635,4635,4580,4610,40764,0.0065502183406114245
2024-01-31,4615,4615,4585,4615,37883,0.0010845986984815426
2024-02-01,4615,4630,4605,4630,60908,0.003250270855904569
2024-02-02,4630,4660,4620,4645,62179,0.003239740820734305
2024-02-05,4665,4725,4620,4675,92974,0.006458557588805203
2024-02-06,4685,4695,4650,4675,57044,0.0
2024-02-07,4700,4700,4660,4675,47684,0.0
2024-02-08,4690,4690,4670,4690,74073,0.0032085561497325887
2024-02-13,4690,4730,4685,4715,104627,0.005330490405117239
2024-02-14,4685,4735,4680,4720,88621,0.0010604453870626251
2024-02-15,4720,4730,4690,4720,66071,0.0
2024-02-16,4720,4740,4705,4725,55658,0.0010593220338983578
2024-02-19,4730,4740,4705,4725,97781,0.0
2024-02-20,4725,4735,4700,4725,96104,0.0
2024-02-21,4725,4725,4700,4725,58226,0.0
2024-02-22,4725,4725,4705,4725,82348,0.0
2024-02-23,4725,4730,4715,4715,87144,-0.002116402116402072
2024-02-26,4725,4735,4710,4720,159914,0.0010604453870626251
2024-02-27,4715,4730,4690,4720,130557,0.0
2024-02-28,4540,4580,4510,4560,253733,-0.03389830508474578
2024-02-29,4525,4580,4525,4580,51923,0.004385964912280604
2024-03-04,4580,4630,4550,4625,104553,0.009825327510917026
2024-03-05,4620,4675,4620,4675,65701,0.0108108108108107
2024-03-06,4670,4755,4660,4720,154914,0.009625668449197766
2024-03-07,4720,4775,4695,4695,123245,-0.005296610169491567
2024-03-08,4695,4695,4630,4690,66984,-0.0010649627263046302
2024-03-11,4680,4725,4670,4715,117229,0.005330490405117239
2024-03-12,4700,4740,4695,4725,98969,0.0021208907741250282
2024-03-13,4725,4725,4665,4675,63812,-0.010582010582010581
2024-03-14,4675,4700,4660,4675,68181,0.0
2024-03-15,4680,4680,4645,4675,53847,0.0
2024-03-18,4670,4685,4625,4665,40368,-0.002139037433155133
2024-03-19,4695,4695,4615,4645,76157,-0.004287245444801746
2024-03-20,4655,4670,4625,4645,28317,0.0
2024-03-21,4655,4655,4620,4630,132412,-0.0032292787944026013
2024-03-22,4635,4660,4595,4655,60550,0.005399568034557323
2024-03-25,4655,4665,4630,4645,89594,-0.002148227712137518
2024-03-26,4680,4680,4580,4615,88408,-0.006458557588805203
2024-03-27,4615,4615,4495,4495,212747,-0.026002166847237218
2024-03-28,4480,4480,4345,4470,267076,-0.005561735261401579
2024-03-29,4480,4545,4455,4540,95250,0.015659955257270708
2024-04-01,4550,4585,4500,4550,39104,0.0022026431718060735
2024-04-02,4585,4600,4520,4550,101896,0.0
2024-04-03,4560,4645,4530,4640,125452,0.01978021978021971
2024-04-04,4645,4645,4550,4600,75648,-0.008620689655172376
2024-04-05,4595,4610,4545,4610,51354,0.0021739130434783593
2024-04-08,4610,4615,4550,4585,48612,-0.005422993492407824
2024-04-09,4590,4650,4545,4605,89441,0.004362050163576825
2024-04-11,4610,4790,4590,4755,382612,0.032573289902280145
2024-04-12,4755,4810,4745,4790,1994115,0.007360672975814886
2024-04-15,4800,4890,4795,4860,145096,0.014613778705636848
2024-04-16,4860,4885,4800,4815,161242,-0.0092592592592593
2024-04-17,4835,4835,4720,4785,107490,-0.006230529595015577
2024-04-18,4790,4840,4775,4825,40202,0.008359456635318674
2024-04-19,4825,4860,4800,4855,115336,0.006217616580310947
2024-04-22,4870,4935,4845,4910,126062,0.011328527291452062
2024-04-23,4920,4920,4830,4845,122869,-0.013238289205702691
2024-04-24,4855,4915,4840,4910,86389,0.013415892672858698
2024-04-25,4915,4985,4905,4980,110108,0.014256619144602745
2024-04-26,4950,4990,4910,4970,64707,-0.002008032128514081
2024-04-29,4995,4995,4910,4945,58936,-0.005030181086519092
2024-04-30,4945,4980,4930,4945,35911,0.0
2024-05-02,4925,4960,4900,4945,50326,0.0
2024-05-03,4925,4945,4920,4940,53319,-0.0010111223458038054
2024-05-07,4940,4955,4890,4905,58380,-0.007085020242915019
2024-05-08,4885,4975,4885,4975,108137,0.014271151885830724
2024-05-09,4975,5090,4975,5070,171448,0.019095477386934734
2024-05-10,5070,5100,5010,5030,101310,-0.007889546351084853
2024-05-13,5010,5080,5010,5070,88674,0.007952286282306265
2024-05-14,5080,5090,5030,5040,94944,-0.00591715976331364
2024-05-16,5050,5070,5000,5050,58776,0.001984126984126977
2024-05-17,5050,5070,5010,5070,72376,0.003960396039603964
2024-05-20,5070,5140,5060,5100,123195,0.00591715976331364
2024-05-21,5120,5190,5090,5190,128830,0.01764705882352935
2024-05-22,5200,5270,5160,5190,122129,0.0
2024-05-23,5190,5230,5150,5180,92136,-0.0019267822736031004
2024-05-24,5180,5180,5120,5140,74355,-0.007722007722007707
2024-05-27,5190,5200,5140,5200,76254,0.011673151750972721
2024-05-28,5190,5250,5060,5110,163208,-0.017307692307692357
2024-05-29,5130,5160,5050,5130,83785,0.00391389432485334
2024-05-30,5120,5150,5080,5130,95672,0.0
2024-05-31,5120,5150,5070,5120,71623,-0.0019493177387914784
2024-06-03,5120,5180,5060,5080,84776,-0.0078125
2024-06-04,5080,5120,5060,5120,33656,0.007874015748031482
2024-06-05,5120,5160,5090,5150,82657,0.005859375
2024-06-07,5150,5170,5100,5150,48606,0.0
2024-06-10,5130,5150,5100,5150,69670,0.0
2024-06-11,5140,5150,5070,5100,77929,-0.009708737864077666
2024-06-12,5100,5120,5070,5110,59683,0.0019607843137254832
2024-06-13,5110,5130,5070,5130,79641,0.00391389432485334
2024-06-14,5100,5140,5090,5130,40747,0.0
2024-06-17,5110,5150,5060,5080,55418,-0.00974658869395717
2024-06-18,5110,5140,5080,5120,54208,0.007874015748031482
2024-06-19,5120,5130,5090,5120,61142,0.0
2024-06-20,5110,5150,5100,5130,46561,0.001953125
2024-06-21,5130,5170,5090,5140,91930,0.0019493177387914784
2024-06-24,5140,5140,5110,5130,33022,-0.0019455252918287869
2024-06-25,5130,5140,5090,5110,62638,-0.003898635477582846
2024-06-26,5110,5140,5100,5110,60032,0.0
2024-06-27,5130,5150,5100,5130,44721,0.00391389432485334
2024-06-28,5150,5250,5150,5230,69437,0.01949317738791434
2024-07-01,5240,5240,5180,5210,40586,-0.003824091778202643
2024-07-02,5190,5190,5090,5120,76195,-0.017274472168905985
2024-07-03,5140,5140,5090,5130,46319,0.001953125
2024-07-04,5150,5150,5110,5140,48302,0.0019493177387914784
2024-07-05,5140,5150,5080,5110,74979,-0.005836575875486361
2024-07-08,5110,5140,5100,5130,37985,0.00391389432485334
2024-07-09,5130,5150,5100,5150,33800,0.003898635477582957
2024-07-10,5150,5150,5110,5130,59099,-0.003883495145631022
2024-07-11,5130,5130,5090,5110,57854,-0.003898635477582846
2024-07-12,5110,5120,5090,5110,30416,0.0
2024-07-15,5110,5150,5090,5130,24721,0.00391389432485334
2024-07-16,5130,5140,5100,5140,54210,0.0019493177387914784
2024-07-17,5140,5210,5120,5210,109014,0.013618677042801508
2024-07-18,5210,5250,5180,5240,55239,0.0057581573896352545
2024-07-19,5240,5240,5180,5220,34015,-0.003816793893129722
2024-07-22,5200,5220,5180,5200,39884,-0.003831417624521105
2024-07-23,5200,5300,5200,5290,62944,0.017307692307692246
2024-07-24,5300,5320,5230,5280,113470,-0.001890359168241984
2024-07-25,5240,5300,5190,5290,146299,0.0018939393939394478
2024-07-26,5240,5350,5240,5330,66216,0.007561436672967936
2024-07-29,5300,5380,5300,5350,38125,0.0037523452157599557
2024-07-30,5370,5410,5330,5400,77571,0.009345794392523255
2024-07-31,5400,5420,5270,5350,84489,-0.0092592592592593
2024-08-01,5360,5370,5310,5350,51959,0.0
2024-08-02,5340,5340,5270,5280,73726,-0.013084112149532756
2024-08-05,5280,5280,5050,5080,158439,-0.037878787878787845
2024-08-06,5110,5190,5110,5180,91775,0.019685039370078705
2024-08-07,5180,5300,5180,5260,78708,0.015444015444015413
2024-08-08,5260,5290,5200,5250,75060,-0.0019011406844106071
2024-08-09,5220,5280,5220,5270,42963,0.003809523809523707
2024-08-12,5250,5280,5220,5280,75077,0.00189753320683117
2024-08-13,5280,5280,5230,5270,24125,-0.0018939393939394478
2024-08-14,5270,5340,5260,5330,110511,0.011385199240986799
2024-08-16,5340,5340,5280,5320,49748,-0.0018761726078799779
2024-08-19,5300,5330,5280,5310,53430,-0.001879699248120259
2024-08-20,5310,5310,5270,5300,73850,-0.0018832391713747842
2024-08-21,5290,5310,5240,5300,91107,0.0
2024-08-22,5300,5310,5220,5250,62198,-0.009433962264150941
2024-08-23,5220,5250,5180,5190,71487,-0.011428571428571455
2024-08-26,5190,5200,5100,5170,153211,-0.003853564547206201
2024-08-27,5170,5210,5120,5180,111479,0.0019342359767891004
2024-08-28,5190,5220,5150,5210,103604,0.005791505791505891
2024-08-29,5100,5230,5100,5220,118321,0.0019193857965451588
2024-08-30,5210,5220,5170,5220,40180,0.0
2024-09-02,5220,5220,5140,5170,69089,-0.009578544061302652
2024-09-03,5170,5220,5160,5210,73691,0.007736943907156624
2024-09-04,5180,5210,5130,5200,89613,-0.0019193857965451588
2024-09-05,5200,5210,5150,5190,22845,-0.0019230769230769162
2024-09-06,5140,5190,5130,5170,47045,-0.003853564547206201
2024-09-09,5160,5240,5120,5240,82714,0.013539651837524147
2024-09-10,5200,5370,5190,5340,162158,0.01908396946564883
2024-09-11,5340,5380,5270,5320,103835,-0.0037453183520599342
2024-09-12,5370,5380,5300,5330,75976,0.001879699248120259
2024-09-13,5320,5370,5270,5370,92729,0.007504690431519689
2024-09-19,5320,5400,5320,5400,127110,0.005586592178770999
2024-09-20,5400,5580,5380,5470,563767,0.012962962962963065
2024-09-23,5520,5520,5360,5420,92216,-0.009140767824497242
2024-09-24,5420,5420,5300,5310,59874,-0.020295202952029467
2024-09-25,5310,5320,5270,5300,80824,-0.0018832391713747842
2024-09-26,5300,5320,5250,5320,47747,0.0037735849056603765
2024-09-27,5330,5330,5220,5280,62488,-0.007518796992481258
2024-09-30,5270,5270,5210,5250,16387,-0.005681818181818232
2024-10-02,5190,5290,5180,5240,54737,-0.0019047619047618536
2024-10-04,5210,5270,5180,5200,37136,-0.007633587786259555
2024-10-07,5180,5220,5160,5220,54810,0.0038461538461538325
2024-10-08,5230,5240,5120,5210,69594,-0.0019157088122605526
2024-10-10,5230,5230,5160,5210,52028,0.0
2024-10-11,5170,5210,5160,5200,55640,-0.0019193857965451588
2024-10-14,5200,5250,5170,5250,45580,0.009615384615384581
2024-10-15,5250,5270,5190,5270,51455,0.003809523809523707
2024-10-16,5270,5280,5210,5260,60042,-0.00189753320683117
2024-10-17,5260,5270,5190,5260,87765,0.0
2024-10-18,5250,5250,5150,5200,96437,-0.011406844106463865
2024-10-21,5200,5240,5150,5210,45732,0.0019230769230769162
2024-10-22,5210,5210,5120,5150,84871,-0.01151631477927062
2024-10-23,5150,5150,5050,5070,100503,-0.01553398058252431
2024-10-24,5080,5090,5030,5050,65303,-0.0039447731755424265
