Date,Open,High,Low,Close,Volume,Change
2022-01-03,8024,8223,7984,8105,22288,0.0
2022-01-04,8184,8184,8024,8145,18907,0.004935225169648394
2022-01-05,8145,8185,7905,7914,56891,-0.028360957642725615
2022-01-06,7825,7913,7721,7762,23928,-0.01920646954763705
2022-01-07,7721,8024,7721,7985,16132,0.02872970883792836
2022-01-10,8025,8065,7905,7954,17623,-0.003882279273638045
2022-01-11,7897,7897,7745,7874,17789,-0.010057832537088252
2022-01-12,7826,7977,7753,7970,10663,0.01219202438404876
2022-01-13,8065,8065,7889,7970,11321,0.0
2022-01-14,7864,7953,7729,7738,16190,-0.029109159347553315
2022-01-17,7729,7729,7443,7443,20789,-0.03812354613595248
2022-01-18,7441,7736,7377,7522,17382,0.010613999731291068
2022-01-19,7497,7497,7321,7490,18054,-0.00425418771603292
2022-01-20,7489,7641,7361,7634,12270,0.019225634178905215
2022-01-21,7658,7786,7475,7587,16443,-0.006156667539952809
2022-01-24,7449,7457,7297,7378,11311,-0.027547120073810438
2022-01-25,7347,7378,7027,7347,20069,-0.004201680672268893
2022-01-26,7130,7273,7130,7147,16763,-0.027221995372260777
2022-01-27,7147,7147,6763,7108,15790,-0.005456835035679286
2022-01-28,7026,7298,6835,7291,16489,0.02574563871693858
2022-02-03,7299,7467,7299,7451,15005,0.021944863530379832
2022-02-04,7481,7545,7449,7530,8059,0.010602603677358768
2022-02-07,7561,7561,7488,7538,7590,0.0010624169986719334
2022-02-08,7465,7529,7321,7490,13804,-0.006367736800212298
2022-02-09,7483,7570,7355,7459,5061,-0.004138851802403254
2022-02-10,7459,7467,7362,7435,6546,-0.003217589489207695
2022-02-11,7434,7434,7178,7187,13631,-0.03335574983187628
2022-02-14,7035,7115,6859,6868,13374,-0.04438569639627099
2022-02-15,6827,6867,6740,6740,14107,-0.01863715783343045
2022-02-16,6739,7059,6739,7059,8549,0.04732937685459948
2022-02-17,7066,7226,6994,7099,16863,0.005666525003541478
2022-02-18,7099,7203,6987,7195,11490,0.013523031412875142
2022-02-21,7059,7307,7011,7307,18424,0.015566365531619164
2022-02-22,7235,7298,7058,7227,13653,-0.010948405638428915
2022-02-23,7154,7258,7154,7235,8509,0.0011069600110695799
2022-02-24,7235,7330,7083,7195,15004,-0.005528680027643396
2022-02-25,7194,7242,7130,7235,12349,0.005559416261292638
2022-02-28,7274,7314,7210,7283,4567,0.0066344160331721636
2022-03-02,7289,7385,7289,7362,8303,0.010847178360565701
2022-03-03,7442,7442,7298,7339,16081,-0.0031241510459114608
2022-03-04,7386,7386,7290,7355,4711,0.0021801335331788074
2022-03-07,7346,7346,7210,7259,6338,-0.013052345343303906
2022-03-08,7122,7258,7067,7211,12806,-0.006612481057996944
2022-03-10,7211,7250,7138,7203,11052,-0.0011094161697406957
2022-03-11,7202,7202,7129,7163,7165,-0.005553241704845169
2022-03-14,7170,7744,7058,7163,74712,0.0
2022-03-15,7098,7106,6993,7035,10855,-0.01786960770626833
2022-03-16,7034,7074,6993,7043,10559,0.0011371712864249872
2022-03-17,7329,7329,7050,7051,18479,0.0011358795967626456
2022-03-18,7186,7186,7066,7131,9480,0.011345908381789727
2022-03-21,7202,7226,7154,7155,10670,0.0033655868742112904
2022-03-22,7154,7211,7146,7203,8662,0.006708595387840743
2022-03-23,7203,7227,7186,7203,9848,0.0
2022-03-24,7203,7219,7162,7195,4704,-0.0011106483409690782
2022-03-25,7195,7219,7186,7195,6899,0.0
2022-03-28,7194,7250,7178,7227,5654,0.00444753300903411
2022-03-29,7227,7258,7146,7187,9339,-0.00553480005534801
2022-03-30,7187,7227,7130,7179,5873,-0.001113120912759169
2022-03-31,7130,7178,7122,7139,6873,-0.00557180665830892
2022-04-01,7145,7145,7042,7043,24616,-0.013447261521221443
2022-04-04,7042,7050,6954,7035,45999,-0.0011358795967627566
2022-04-05,7050,7106,7042,7043,12829,0.0011371712864249872
2022-04-06,7043,7171,6988,7108,23046,0.009229021723697217
2022-04-07,7106,7106,7025,7051,9608,-0.008019133370849696
2022-04-08,6986,7050,6978,7027,9284,-0.00340377251453694
2022-04-11,7019,7019,6948,6948,8755,-0.011242350932119005
2022-04-12,6899,6948,6860,6948,7544,0.0
2022-04-13,6891,6988,6875,6988,13675,0.005757052389176787
2022-04-14,6988,6988,6931,6980,7974,-0.0011448196908986352
2022-04-15,6978,6978,6890,6891,11905,-0.012750716332378231
2022-04-18,6818,6818,6595,6684,54810,-0.030039181541140603
2022-04-19,6515,6659,6515,6660,26990,-0.0035906642728904536
2022-04-20,6651,6675,6611,6660,15015,0.0
2022-04-21,6651,6691,6626,6660,12452,0.0
2022-04-22,6620,6659,6539,6580,18272,-0.012012012012011963
2022-04-25,6491,6514,6387,6404,24776,-0.0267477203647416
2022-04-26,6372,6468,6372,6460,17442,0.008744534665833914
2022-04-27,6427,6435,6331,6420,9862,-0.006191950464396245
2022-04-28,6373,6396,6341,6341,11734,-0.012305295950155726
2022-04-29,6341,6404,6308,6333,13006,-0.001261630657624968
2022-05-02,6323,6443,6307,6404,19066,0.011211116374546082
2022-05-03,6386,6443,6386,6412,7042,0.0012492192379762734
2022-05-04,6404,6444,6365,6365,7845,-0.007330006238303155
2022-05-06,6275,6299,6203,6292,17035,-0.011468970934799705
2022-05-09,6236,6292,6148,6245,11405,-0.007469802924348401
2022-05-10,6124,6188,5908,6173,18989,-0.01152922337870299
2022-05-11,6092,6156,6020,6125,10862,-0.0077757978292564145
2022-05-12,6084,6108,5980,6069,11836,-0.00914285714285712
2022-05-13,5996,6068,5972,6037,11646,-0.005272697314219754
2022-05-16,6036,6076,5836,6037,21150,0.0
2022-05-17,6028,6036,5932,6037,7734,0.0
2022-05-18,6036,6036,5932,5981,12486,-0.009276130528408144
2022-05-19,5836,5916,5828,5861,12467,-0.02006353452599896
2022-05-20,5861,5869,5820,5845,14565,-0.002729909571745459
2022-05-23,5900,5908,5844,5893,4148,0.00821214713430285
2022-05-24,5900,5932,5828,5861,6287,-0.005430171389784522
2022-05-25,5812,5924,5804,5853,7964,-0.0013649547858727296
2022-05-26,5853,5892,5804,5829,4876,-0.004100461301896452
2022-05-27,5828,5853,5772,5829,13977,0.0
2022-05-30,5837,6020,5828,5997,12105,0.028821410190427166
2022-05-31,5996,6005,5877,6005,9052,0.0013340003335000628
2022-06-02,6005,6005,5877,5981,8238,-0.003996669442131506
2022-06-03,5980,6011,5948,5949,5358,-0.005350275873599708
2022-06-07,5948,6067,5891,5925,6480,-0.004034291477559293
2022-06-08,5876,5948,5876,5933,4471,0.0013502109704641718
2022-06-09,5924,5964,5861,5965,4890,0.005393561436035643
2022-06-10,5973,6324,5901,6205,44611,0.0402347024308467
2022-06-13,6068,6667,5828,5829,147156,-0.06059629331184524
2022-06-14,5788,5892,5453,5893,24484,0.010979584834448497
2022-06-15,5828,5908,5597,5829,14984,-0.010860342779568932
2022-06-16,5813,5861,5693,5734,29826,-0.016297821238634436
2022-06-17,5630,5718,5502,5718,20851,-0.002790373212417152
2022-06-20,5724,5724,5381,5422,23527,-0.051766351871283645
2022-06-21,5357,5461,5333,5446,10491,0.0044264109184801725
2022-06-22,5382,5390,5135,5135,11779,-0.05710613294160849
2022-06-23,5126,5302,4910,4991,22064,-0.028042843232716663
2022-06-24,4822,5110,4822,4991,148124,0.0
2022-06-27,5103,5111,4951,5103,14416,0.02244039270687237
2022-06-28,5102,5254,5022,5246,16317,0.028022731726435435
2022-06-29,5230,5325,5053,5230,9333,-0.003049942813572293
2022-06-30,5229,5261,5029,5206,12199,-0.004588910133843216
2022-07-01,5111,5206,5070,5111,14480,-0.018248175182481785
2022-07-04,5052,5109,4885,5086,6836,-0.004891410682840935
2022-07-05,5028,5204,4965,5086,13262,0.0
2022-07-06,5190,5701,5054,5103,99027,0.0033425088478176157
2022-07-07,5102,5190,5046,5151,6333,0.009406231628453776
2022-07-08,5197,5413,5157,5390,30812,0.046398757522811085
2022-07-11,5428,5444,5261,5334,9953,-0.010389610389610393
2022-07-12,5333,5389,5157,5318,8198,-0.0029996250468691255
2022-07-13,5269,5349,5189,5326,3562,0.00150432493418573
2022-07-14,5349,5349,5205,5294,1212,-0.00600826135936916
2022-07-15,5293,5317,5181,5230,2706,-0.01208915753683415
2022-07-18,5229,5293,5229,5294,6561,0.012237093690248502
2022-07-19,5270,5390,5246,5366,3487,0.013600302228938377
2022-07-20,5429,5429,5309,5414,5045,0.008945210585165952
2022-07-21,5357,5453,5357,5454,5750,0.007388252678241614
2022-07-22,5453,5573,5445,5510,6007,0.010267693436010195
2022-07-25,5485,5557,5405,5406,4975,-0.01887477313974595
2022-07-26,5453,5502,5374,5494,1678,0.016278209396966226
2022-07-27,5493,5573,5429,5574,5987,0.014561339643247129
2022-07-28,5605,5622,5549,5622,3088,0.008611410118406937
2022-07-29,5628,5724,5572,5669,3676,0.008360014229811474
2022-08-01,5597,5661,5518,5638,17058,-0.0054683365672958395
2022-08-02,5638,5758,5590,5750,12950,0.01986520042568296
2022-08-03,5758,5789,5693,5750,20333,0.0
2022-08-04,5789,5789,5630,5734,8827,-0.0027826086956521667
2022-08-05,5765,5765,5597,5638,10409,-0.016742239274502912
2022-08-08,5638,5693,5597,5638,3864,0.0
2022-08-09,5589,6874,5493,5989,2955509,0.06225611919120255
2022-08-10,5940,6259,5852,5861,363153,-0.021372516279846376
2022-08-11,5877,6196,5837,5965,196499,0.017744412216345262
2022-08-12,5948,6020,5892,5981,45807,0.002682313495389721
2022-08-16,5981,5981,5853,5878,37623,-0.017221200468149123
2022-08-17,5852,5908,5772,5893,28352,0.0025518883974140483
2022-08-18,5812,6579,5749,5909,473125,0.0027150856948923163
2022-08-19,5996,5996,5876,5917,40666,0.0013538669825690075
2022-08-22,5852,5916,5780,5861,27808,-0.00946425553489949
2022-08-23,5852,5852,5700,5701,25854,-0.02729909571745437
2022-08-24,5692,5788,5684,5781,16680,0.014032625855113112
2022-08-25,5836,5908,5788,5909,19110,0.022141498010724847
2022-08-26,5932,5948,5820,5845,10728,-0.010830935860551727
2022-08-29,5732,5732,5596,5669,13596,-0.030111206159110337
2022-08-30,5669,5781,5645,5766,22694,0.017110601517022372
2022-08-31,5861,6188,5772,6109,153248,0.059486645855012066
2022-09-01,6148,6148,5750,5750,63640,-0.05876575544278928
2022-09-02,5852,6011,5852,5941,51549,0.033217391304347865
2022-09-05,5932,5996,5804,5949,24034,0.0013465746507321796
2022-09-06,5916,5940,5740,5925,13835,-0.004034291477559293
2022-09-07,5925,5989,5717,5758,24231,-0.028185654008438865
2022-09-08,5758,5845,5701,5758,11416,0.0
2022-09-13,5869,5901,5797,5878,12725,0.020840569642236906
2022-09-14,5820,5820,5612,5789,14869,-0.015141204491323612
2022-09-15,5812,5884,5708,5813,18197,0.004145793746761051
2022-09-16,5758,5805,5669,5750,19940,-0.010837777395492854
2022-09-19,5685,5733,5613,5630,12049,-0.02086956521739125
2022-09-20,5588,5652,5588,5645,14674,0.002664298401420906
2022-09-21,5677,5677,5549,5590,9076,-0.009743135518157642
2022-09-22,5540,5588,5237,5541,27081,-0.00876565295169951
2022-09-23,5517,5517,5341,5454,11107,-0.015701136978884644
2022-09-26,5420,5420,4989,5166,37608,-0.05280528052805278
2022-09-27,5143,5190,4934,5143,19035,-0.004452187379016648
2022-09-28,5110,5134,4782,4959,26687,-0.035776783978222815
2022-09-29,4958,5054,4903,4999,12828,0.008066142367412876
2022-09-30,4871,4966,4790,4855,30061,-0.028805761152230436
2022-10-04,4894,5189,4894,5190,21431,0.06900102986611745
2022-10-05,5333,5389,5237,5310,25058,0.023121387283236983
2022-10-06,5357,5437,5349,5430,6581,0.02259887005649719
2022-10-07,5446,5590,5390,5590,18385,0.02946593001841613
2022-10-11,5590,5590,5062,5103,9766,-0.08711985688729873
2022-10-12,5102,5565,5102,5390,28198,0.056241426611796985
2022-10-13,5390,5446,5102,5119,14101,-0.05027829313543597
2022-10-14,5190,5263,5119,5255,8242,0.0265676890017581
2022-10-17,5213,5213,5109,5190,8117,-0.01236917221693623
2022-10-18,5229,5333,5189,5238,7440,0.009248554913294793
2022-10-19,5221,5325,5213,5302,4611,0.012218403970981395
2022-10-20,5349,5477,5284,5318,4683,0.003017729158808047
2022-10-21,5262,5271,5198,5271,3745,-0.00883790898834147
2022-10-24,5263,5645,5078,5263,54529,-0.0015177385695314127
2022-10-25,5262,5445,5229,5414,17685,0.028690860725821832
2022-10-26,5412,5564,5365,5525,24910,0.020502401182120433
2022-10-27,5525,5598,5462,5590,9594,0.0117647058823529
2022-10-28,5605,5629,5429,5550,23626,-0.007155635062611854
2022-10-31,5548,5795,5540,5685,45670,0.024324324324324298
2022-11-01,5692,5732,5564,5661,20983,-0.004221635883905006
2022-11-02,5660,5708,5580,5669,22133,0.001413177883766048
2022-11-03,5604,5668,5517,5661,7761,-0.0014111836302699299
2022-11-04,5659,5700,5540,5685,14842,0.004239533651298366
2022-11-07,5676,5716,5636,5677,6596,-0.0014072119613016687
2022-11-08,5693,5742,5677,5734,12383,0.010040514356174146
2022-11-09,5733,5750,5701,5734,8020,0.0
2022-11-10,5734,5734,5677,5718,3988,-0.002790373212417152
2022-11-11,5812,5820,5724,5773,14242,0.009618747813920914
2022-11-14,5772,5780,5692,5781,15156,0.0013857613026155846
2022-11-15,5684,5748,5612,5685,28549,-0.01660612350804358
2022-11-16,5638,5710,5590,5710,21344,0.004397537379067673
2022-11-17,5749,5828,5597,5829,23266,0.02084063047285456
2022-11-18,5779,5779,5620,5653,15330,-0.0301938582947332
2022-11-21,5661,5709,5470,5470,20836,-0.03237219175658945
2022-11-22,5382,5470,5350,5462,10720,-0.001462522851919612
2022-11-23,5413,5597,5390,5598,13240,0.024899304284144996
2022-11-24,5622,5661,5597,5606,11891,0.0014290818149338413
2022-11-25,5685,5685,5597,5638,7554,0.005708169818052111
2022-11-28,5692,5692,5573,5574,9191,-0.011351543100390216
2022-11-29,5493,5741,5429,5582,33294,0.0014352350197344155
2022-11-30,5580,5684,5484,5533,37241,-0.00877821569329984
2022-12-01,5564,5708,5556,5653,30501,0.0216880534971986
2022-12-02,5606,5653,5533,5598,8735,-0.009729347249248232
2022-12-05,5597,5605,5517,5566,14417,-0.005716327259735587
2022-12-06,5557,5557,5477,5518,10781,-0.008623787279913753
2022-12-07,5469,5510,5398,5510,4191,-0.0014498006524102935
2022-12-08,5453,5502,5374,5462,9806,-0.008711433756805831
2022-12-09,5453,5462,5374,5462,9601,0.0
2022-12-12,5462,5573,5429,5462,4000,0.0
2022-12-13,5461,5461,5373,5382,6099,-0.014646649578908821
2022-12-14,5382,5470,5382,5470,6913,0.01635079895949465
2022-12-15,5470,5773,5470,5630,55511,0.02925045703839113
2022-12-16,5589,5605,5501,5558,14334,-0.012788632326820593
2022-12-19,5549,5557,5469,5518,5162,-0.007196833393306901
2022-12-20,5501,5517,5437,5454,9103,-0.011598405219282348
2022-12-21,5413,5445,5405,5422,3677,-0.005867253392005889
2022-12-22,5421,5502,5398,5470,6259,0.008852821836960567
2022-12-23,5469,5469,5270,5382,17198,-0.016087751371115178
2022-12-26,5365,5365,5205,5286,11816,-0.017837235228539527
2022-12-27,5285,5398,5238,5398,11500,0.02118804388951956
2022-12-28,5657,5657,5425,5497,32775,0.01834012597258239
2022-12-29,5496,5568,5309,5488,8746,-0.0016372566854647719
2023-01-02,5487,5496,5317,5434,13418,-0.009839650145772594
2023-01-03,5434,5506,5166,5363,8974,-0.013065881486934106
2023-01-04,5398,5479,5309,5479,5999,0.02162968487786676
2023-01-05,5809,7115,5783,7115,2391118,0.2985946340573098
2023-01-06,7775,8070,7114,7302,5462174,0.02628250175685176
2023-01-09,7552,7650,7257,7329,1197399,0.003697617091207972
2023-01-10,7213,7257,7061,7213,592744,-0.01582753445217633
2023-01-11,7364,7641,7025,7186,1509481,-0.0037432413697490174
2023-01-12,7275,7275,6909,6972,290652,-0.02978012802671859
2023-01-13,6972,7079,6846,6972,301900,0.0
2023-01-16,7025,7311,6962,7195,530780,0.03198508318990245
2023-01-17,7168,7195,6694,6793,300949,-0.05587213342599029
2023-01-18,6801,6935,6721,6927,158465,0.019726188723686144
2023-01-19,6864,7221,6622,7177,873917,0.03609065973725989
2023-01-20,7043,7106,6936,6990,203255,-0.026055454925456356
2023-01-25,7364,7471,7060,7168,621686,0.02546494992846915
2023-01-26,7481,7588,7106,7133,781897,-0.0048828125
2023-01-27,7132,7168,6900,6972,183808,-0.02257114818449457
2023-01-30,7034,7043,6909,6927,99256,-0.0064543889845094515
2023-01-31,6863,7042,6756,6998,171282,0.010249747365381756
2023-02-01,6997,7042,6720,6855,117950,-0.02043440983138034
2023-02-02,6891,6989,6837,6972,67812,0.017067833698030555
2023-02-03,7007,7007,6829,6838,62263,-0.019219736087205952
2023-02-06,6828,6828,6560,6739,95579,-0.014477917519742589
2023-02-07,6739,6971,6703,6909,92018,0.02522629470247817
2023-02-08,6909,7097,6882,6972,135661,0.00911854103343468
2023-02-09,6971,7418,6721,6909,1016524,-0.009036144578313254
2023-02-10,7060,7176,6560,6596,374345,-0.045303227674048374
2023-02-13,6578,6917,6345,6614,324592,0.00272892662219526
2023-02-14,6613,6747,6604,6703,49005,0.013456304807982988
2023-02-15,6748,8714,6748,7830,10699058,0.1681336714903774
2023-02-16,7668,7686,7463,7624,1370738,-0.02630906768837804
2023-02-17,7463,7812,7106,7124,1578920,-0.06558237145855195
2023-02-20,7042,7096,6703,6882,491245,-0.03396967995508138
2023-02-21,6882,6900,6757,6793,247573,-0.012932287125835495
2023-02-22,6658,6748,6587,6632,211353,-0.02370086854114528
2023-02-23,6694,6980,6685,6775,585393,0.02156212303980709
2023-02-24,6837,6900,6489,6650,189095,-0.01845018450184499
2023-02-27,6560,6712,6426,6641,141970,-0.001353383458646662
2023-02-28,6721,6900,6569,6775,271090,0.020177684083722225
2023-03-02,6774,6900,6587,6614,176538,-0.023763837638376417
2023-03-03,6658,6757,6614,6650,96341,0.005442999697611084
2023-03-06,6703,6810,6596,6793,122979,0.021503759398496136
2023-03-07,6793,6829,6659,6686,102421,-0.015751508906227008
2023-03-08,6614,6658,6426,6480,120691,-0.03081064911755904
2023-03-09,6479,6560,6354,6560,69899,0.012345679012345734
2023-03-10,6498,6954,6265,6391,541925,-0.025762195121951215
2023-03-13,6283,6372,6113,6355,90981,-0.005632921295571913
2023-03-14,6265,6265,5952,6078,126212,-0.043587726199842636
2023-03-15,6104,6426,6095,6292,153831,0.03520895031260274
2023-03-16,6211,6247,6059,6149,65198,-0.022727272727272707
2023-03-17,6381,6399,6176,6355,87556,0.03350138233859168
2023-03-20,6363,6461,6300,6435,66148,0.01258851298190411
2023-03-21,6399,6640,6336,6480,187892,0.006993006993007089
2023-03-22,6480,6506,6354,6355,37393,-0.019290123456790154
2023-03-23,6211,6345,6211,6274,41527,-0.012745869394177767
2023-03-24,6283,6381,6283,6346,27205,0.01147593241950906
2023-03-27,6346,6614,6310,6534,224199,0.029624960605105555
2023-03-28,6855,6855,6542,6668,292411,0.020508111417202324
2023-03-29,6569,6667,6515,6614,71829,-0.008098380323935173
2023-03-30,6622,6748,6542,6605,72430,-0.0013607499244028265
2023-03-31,6613,6685,6336,6462,54518,-0.021650264950794806
2023-04-03,6391,6972,6310,6972,690462,0.07892293407613749
2023-04-04,6703,6774,6586,6703,274158,-0.03858290304073442
2023-04-05,6604,6792,6542,6569,98625,-0.019991048784126497
2023-04-06,6569,6569,6292,6301,94668,-0.040797686101385344
2023-04-07,6328,6667,6274,6328,139614,0.00428503412156811
2023-04-10,6390,6390,6033,6185,113895,-0.022597977243994927
2023-04-11,6140,6158,5979,6060,85529,-0.0202101859337106
2023-04-12,6006,6605,6006,6480,206214,0.06930693069306937
2023-04-13,6220,6247,6104,6149,143967,-0.05108024691358026
2023-04-14,6175,6175,6095,6131,90240,-0.0029273052528866472
2023-04-17,6149,6149,6015,6033,71935,-0.0159843418691894
2023-04-18,6032,6077,5988,5997,53981,-0.005967180507210346
2023-04-19,5970,6095,5970,6051,48823,0.00900450225112559
2023-04-20,6051,6059,5756,5765,156650,-0.04726491489010076
2023-04-21,5765,5773,5595,5622,69273,-0.024804856895056404
2023-04-24,5568,5612,5514,5568,36653,-0.009605122732123772
2023-04-25,5532,5648,5523,5595,51572,0.004849137931034475
2023-04-26,5506,5595,5497,5533,29091,-0.011081322609472699
2023-04-27,5532,5613,5443,5506,34405,-0.004879812036869713
2023-04-28,5541,5541,5362,5416,47977,-0.01634580457682533
2023-05-02,5416,6659,5193,5381,11943283,-0.006462333825701605
2023-05-03,5326,5541,5201,5309,712210,-0.013380412562720712
2023-05-04,5290,5353,5237,5282,195576,-0.005085703522320628
2023-05-08,5282,5362,5282,5300,119801,0.0034078000757289395
2023-05-09,5299,5317,5210,5264,75533,-0.0067924528301887
2023-05-10,5237,5318,5220,5229,74774,-0.0066489361702127825
2023-05-11,5228,5308,5228,5273,52716,0.008414610824249324
2023-05-12,5264,5309,5202,5229,48336,-0.008344395979518304
2023-05-15,5237,5255,5103,5148,71975,-0.015490533562822706
2023-05-16,5183,5353,5183,5327,119903,0.03477078477078477
2023-05-17,5326,5487,5300,5470,255670,0.026844377698516997
2023-05-18,5470,5550,5443,5533,109413,0.011517367458866445
2023-05-19,5586,5586,5487,5586,73316,0.009578890294596132
2023-05-22,5621,5621,5523,5586,50977,0.0
2023-05-23,5541,5666,5541,5586,62971,0.0
2023-05-24,5585,5603,5451,5577,41086,-0.0016111707841031109
2023-05-25,5577,5640,5497,5524,50021,-0.009503317195624916
2023-05-26,5488,5604,5372,5533,38711,0.0016292541636495628
2023-05-30,5684,6005,5576,5702,380890,0.030544008675221335
2023-05-31,5621,5800,5621,5720,64450,0.0031567870922484254
2023-06-01,5719,5880,5693,5836,69795,0.020279720279720248
2023-06-02,5943,5952,5720,5747,56226,-0.015250171350239872
2023-06-05,5827,6068,5728,5979,134912,0.040368888115538626
2023-06-07,5827,5979,5755,5863,104807,-0.01940123766516144
2023-06-08,5854,5944,5774,5801,38239,-0.010574791062595956
2023-06-09,6006,6131,5836,5944,305726,0.024650922254783714
2023-06-12,5943,5979,5854,5926,35630,-0.00302826379542398
2023-06-13,5917,6033,5774,5783,90831,-0.024130948363145444
2023-06-14,5836,5952,5782,5890,79178,0.01850250734912673
2023-06-15,5881,6095,5764,5899,86564,0.0015280135823430019
2023-06-16,5952,6033,5854,5944,46819,0.00762841159518568
2023-06-19,5988,6032,5809,5854,35034,-0.015141318977119789
2023-06-20,5854,5899,5675,5783,51164,-0.012128459173214923
2023-06-21,5782,5845,5693,5711,30744,-0.012450285319038579
2023-06-22,5639,5809,5621,5729,48547,0.003151812292067957
2023-06-23,5729,5944,5667,5667,42689,-0.010822133007505674
2023-06-26,5613,5702,5568,5667,16709,0.0
2023-06-27,5711,5765,5631,5667,33045,0.0
2023-06-28,5666,5764,5639,5729,37528,0.010940532909828882
2023-06-29,5729,5970,5586,5595,133499,-0.0233897713388026
2023-06-30,5594,5764,5586,5738,40394,0.025558534405719424
2023-07-03,5845,6595,5791,5988,3799492,0.043569187870338144
2023-07-04,5988,6051,5908,5917,298236,-0.011857047428189715
2023-07-05,5881,5988,5800,5801,178272,-0.01960452932229173
2023-07-06,5800,5809,5568,5604,131056,-0.03395966212721946
2023-07-07,5496,5568,5452,5479,69463,-0.02230549607423271
2023-07-10,5452,5532,5407,5461,45748,-0.0032852710348604264
2023-07-11,5470,5720,5452,5649,84569,0.03442592931697486
2023-07-12,5710,5719,5568,5568,55432,-0.014338821030270843
2023-07-13,5568,5648,5568,5631,20439,0.011314655172413701
2023-07-14,5657,5684,5541,5559,46736,-0.012786361214704334
2023-07-17,5559,5630,5496,5577,39410,0.0032379924446843678
2023-07-18,5586,5657,5488,5506,55223,-0.012730858884705043
2023-07-19,5505,5523,5434,5488,55112,-0.0032691609153651102
2023-07-20,5487,5594,5442,5559,15284,0.012937317784256663
2023-07-21,5496,5657,5461,5479,24445,-0.014391077531930252
2023-07-24,5470,5470,5318,5327,79120,-0.027742288738821008
2023-07-25,5309,5372,5229,5238,56143,-0.016707339966209878
2023-07-26,5201,5228,4843,4969,126382,-0.05135547919053074
2023-07-27,4888,5157,4888,5157,42496,0.03783457436103843
2023-07-28,5103,5308,5103,5273,26245,0.022493697886368125
2023-07-31,5282,5389,5264,5363,31215,0.017068082685378405
2023-08-01,5363,5622,5336,5533,147489,0.03169867611411514
2023-08-02,5533,5533,5390,5390,51322,-0.025844930417495027
2023-08-03,5389,5389,5273,5363,26104,-0.005009276437847876
2023-08-04,5336,5389,5300,5372,29866,0.0016781652060413599
2023-08-07,5318,5389,5282,5318,22416,-0.01005212211466866
2023-08-08,5309,5398,5202,5363,27005,0.008461827754794982
2023-08-09,5336,6051,5318,5524,3207106,0.030020510908073783
2023-08-10,5523,5523,5371,5434,149987,-0.016292541636495295
2023-08-11,5434,5496,5416,5434,97665,0.0
2023-08-14,5336,5380,5193,5229,144780,-0.037725432462274555
2023-08-16,5228,5228,5041,5050,116222,-0.03423216676228724
2023-08-17,5005,5041,4862,5041,87256,-0.0017821782178217838
2023-08-18,4987,5184,4942,5077,100341,0.007141440190438386
2023-08-21,5059,5139,5023,5086,70391,0.0017727004136300906
2023-08-22,5094,5175,5041,5041,30053,-0.008847817538340519
2023-08-23,5040,5094,5014,5014,21711,-0.005356080142828845
2023-08-24,5023,5130,5014,5041,24630,0.005384922217790189
2023-08-25,5041,5112,5005,5059,41413,0.003570720095219304
2023-08-28,5058,5147,5031,5103,29450,0.008697371021941125
2023-08-29,5103,5532,5103,5157,371338,0.010582010582010692
2023-08-30,5211,5229,5166,5229,50629,0.013961605584642323
2023-08-31,5255,5479,5201,5345,283863,0.022183973991202866
2023-09-01,5308,5836,5219,5738,1758116,0.07352666043030864
2023-09-04,5541,5648,5344,5416,603016,-0.05611711397699548
2023-09-05,5380,6810,5344,6122,9660318,0.13035450516986713
2023-09-06,6042,6051,5729,5801,890372,-0.05243384514864424
2023-09-07,5782,5907,5559,5559,545888,-0.0417169453542493
2023-09-08,5532,5711,5523,5631,283290,0.012951969778737249
2023-09-11,5631,5783,5470,5524,227313,-0.019001953471852295
2023-09-12,5541,5684,5452,5488,140252,-0.00651701665459814
2023-09-13,5452,5666,5416,5479,278781,-0.0016399416909621545
2023-09-14,5631,6185,5533,5533,3330386,0.009855813104581168
2023-09-15,5541,5640,5506,5515,238351,-0.0032532080245798456
2023-09-18,5497,5497,5363,5372,208747,-0.02592928377153214
2023-09-19,5380,5451,5291,5291,137743,-0.015078183172002935
2023-09-20,5272,5326,5255,5264,60029,-0.005103005103005098
2023-09-21,5273,5273,5148,5148,94978,-0.02203647416413379
2023-09-22,5147,5183,5076,5112,60125,-0.006993006993006978
2023-09-25,5059,5148,5041,5068,62453,-0.008607198748043832
2023-09-26,5076,5120,4969,4969,80958,-0.019534333070244658
2023-09-27,4915,5103,4915,5050,52739,0.01630106661300057
2023-10-04,5005,5201,4924,5041,80183,-0.0017821782178217838
2023-10-05,5041,5210,5041,5050,69767,0.001785360047609652
2023-10-06,4987,5568,4987,5095,907864,0.008910891089108919
2023-10-10,5103,5264,5040,5175,146737,0.015701668302257055
2023-10-11,5174,5237,5112,5112,86981,-0.012173913043478257
2023-10-12,5130,5237,5130,5184,60042,0.014084507042253502
2023-10-13,5193,5193,5023,5086,95901,-0.018904320987654266
2023-10-16,5050,5077,4925,4952,103896,-0.026346834447502965
2023-10-17,4960,5085,4960,4987,48969,0.007067851373182554
2023-10-18,5004,5022,4933,4969,42661,-0.0036093843994385866
2023-10-19,4915,4968,4790,4817,137425,-0.030589655866371523
2023-10-20,4808,4808,4719,4800,42719,-0.0035291675316586613
2023-10-23,4790,4844,4737,4737,23920,-0.013125000000000053
2023-10-24,4843,4968,4647,4817,135091,0.016888325944690807
2023-10-25,4844,5005,4781,5005,46749,0.039028440938343456
2023-10-26,4916,5103,4791,4791,120056,-0.0427572427572428
2023-10-27,4870,4870,4575,4683,54625,-0.02254226675015658
2023-10-30,4647,5103,4638,4782,171791,0.021140294682895577
2023-10-31,4799,4816,4656,4665,47556,-0.02446675031367629
2023-11-01,4665,4736,4665,4683,25310,0.0038585209003214604
2023-11-02,4728,4835,4719,4764,34447,0.017296604740550947
2023-11-03,4817,4852,4727,4817,33587,0.011125104953820353
2023-11-06,4835,4924,4835,4916,34045,0.02055221091965964
2023-11-07,4915,4969,4844,4898,27649,-0.003661513425549212
2023-11-08,4951,4978,4844,4853,43594,-0.009187423438138054
2023-11-09,4843,4915,4826,4835,19827,-0.003709045950958223
2023-11-10,4862,4933,4737,4773,25416,-0.012823164426060019
2023-11-13,4817,4844,4701,4728,16404,-0.009428032683846621
2023-11-14,4719,4925,4656,4800,41075,0.015228426395939021
2023-11-15,4907,4978,4853,4934,52188,0.02791666666666659
2023-11-16,4942,4995,4870,4960,19105,0.005269558167815269
2023-11-17,4969,4996,4871,4880,19542,-0.016129032258064502
2023-11-20,4870,4960,4861,4960,26961,0.016393442622950838
2023-11-21,4960,5049,4924,5032,46465,0.014516129032257963
2023-11-22,5067,5228,4790,4978,380109,-0.010731319554848961
2023-11-23,4978,5005,4934,4943,23751,-0.007030936118923248
2023-11-24,4960,5050,4952,4952,39706,0.0018207566255310503
2023-11-27,4960,5022,4879,4969,26672,0.003432956381260066
2023-11-28,5023,5023,4898,4943,24676,-0.00523244113503718
2023-11-29,4916,4969,4907,4943,11702,0.0
2023-11-30,4907,4996,4898,4925,28026,-0.0036415132510621007
2023-12-01,4924,4986,4915,4969,22151,0.008934010152284344
2023-12-04,4978,5049,4906,5005,52172,0.007244918494667019
2023-12-05,5094,5103,4898,4925,41789,-0.015984015984015998
2023-12-06,4888,4996,4888,4996,26429,0.014416243654822303
2023-12-07,4969,5068,4960,5068,38734,0.014411529223378627
2023-12-08,5067,5139,5067,5139,34968,0.014009471191791745
2023-12-11,5139,5183,5094,5139,24928,0.0
2023-12-12,5210,5272,5129,5264,60028,0.02432379840435872
2023-12-13,5219,5282,5166,5211,40848,-0.01006838905775076
2023-12-14,5237,5317,5237,5264,32049,0.010170792554212271
2023-12-15,5264,5282,5211,5211,27032,-0.01006838905775076
2023-12-18,5273,5282,5112,5175,54113,-0.006908462867012077
2023-12-19,5130,5317,5121,5166,33790,-0.0017391304347825765
2023-12-20,5174,5263,5165,5255,18274,0.01722802942315127
2023-12-21,5228,5362,5184,5336,64618,0.015413891531874446
2023-12-22,5353,5380,5309,5318,20948,-0.0033733133433283546
2023-12-26,5381,5407,5345,5390,36794,0.013538924407672015
2023-12-27,5650,5690,5410,5570,34075,0.033395176252319025
2023-12-28,5570,5600,5460,5580,27109,0.0017953321364452268
2024-01-02,5580,5730,5550,5700,30043,0.021505376344086002
2024-01-03,5750,5780,5660,5690,21068,-0.0017543859649122862
2024-01-04,5990,6570,5500,5550,1480684,-0.024604569420035194
2024-01-05,6050,6500,5760,6160,1360556,0.1099099099099099
2024-01-08,6100,6150,5830,6010,370924,-0.024350649350649345
2024-01-09,5960,6140,5850,5920,189767,-0.014975041597337757
2024-01-10,5890,5920,5680,5680,113793,-0.04054054054054057
