Date,Open,High,Low,Close,Volume,Change
2022-01-03,2595,2635,2550,2610,236283,0.011627906976744207
2022-01-04,2610,2635,2580,2610,147722,0.0
2022-01-05,2605,2615,2555,2560,115173,-0.019157088122605415
2022-01-06,2515,2750,2510,2700,714745,0.0546875
2022-01-07,2680,2700,2630,2665,241876,-0.012962962962962954
2022-01-10,2665,2675,2570,2595,143732,-0.026266416510318913
2022-01-11,2595,2600,2535,2575,108530,-0.0077071290944122905
2022-01-12,2580,2710,2580,2655,269519,0.03106796116504862
2022-01-13,2630,2670,2610,2620,75965,-0.013182674199623379
2022-01-14,2570,2630,2550,2575,148631,-0.01717557251908397
2022-01-17,2580,2590,2485,2510,106207,-0.025242718446601975
2022-01-18,2510,2520,2425,2425,100534,-0.03386454183266929
2022-01-19,2425,2450,2390,2405,72846,-0.008247422680412342
2022-01-20,2400,2445,2360,2430,72477,0.01039501039501034
2022-01-21,2430,2450,2390,2415,73752,-0.006172839506172867
2022-01-24,2415,2415,2320,2320,103192,-0.039337474120082816
2022-01-25,2290,2345,2200,2230,174436,-0.03879310344827591
2022-01-26,2205,2265,2200,2215,89984,-0.006726457399103158
2022-01-27,2215,2300,2120,2155,99296,-0.02708803611738153
2022-01-28,2180,2230,2120,2220,81084,0.030162412993039345
2022-02-03,2280,2325,2260,2300,76801,0.03603603603603611
2022-02-04,2280,2345,2270,2315,118467,0.006521739130434856
2022-02-07,2315,2345,2300,2345,77104,0.012958963282937441
2022-02-08,2350,2380,2310,2330,49388,-0.006396588486140775
2022-02-09,2315,2360,2315,2355,28623,0.010729613733905685
2022-02-10,2355,2370,2310,2350,49117,-0.002123142250530785
2022-02-11,2340,2345,2280,2290,55413,-0.025531914893617058
2022-02-14,2235,2265,2180,2200,99801,-0.0393013100436681
2022-02-15,2190,2190,1975,2030,294919,-0.07727272727272727
2022-02-16,2080,2160,2075,2160,92942,0.0640394088669951
2022-02-17,2200,2200,2090,2150,120982,-0.00462962962962965
2022-02-18,2075,2155,2070,2155,82445,0.0023255813953488857
2022-02-21,2150,2150,2090,2130,60345,-0.011600928074245953
2022-02-22,2110,2145,2065,2080,92717,-0.023474178403755874
2022-02-23,2090,2115,2075,2105,49851,0.012019230769230838
2022-02-24,2105,2110,2015,2015,93479,-0.04275534441805229
2022-02-25,2045,2095,2045,2080,49505,0.032258064516129004
2022-02-28,2065,2130,2050,2120,51232,0.019230769230769162
2022-03-02,2120,2215,2120,2180,141391,0.028301886792452935
2022-03-03,2240,2240,2180,2195,49154,0.006880733944954143
2022-03-04,2195,2195,2145,2185,32084,-0.004555808656036442
2022-03-07,2175,2175,2105,2135,60857,-0.022883295194508046
2022-03-08,2125,2125,2060,2105,61399,-0.014051522248243575
2022-03-10,2100,2180,2100,2155,45367,0.02375296912114022
2022-03-11,2195,2195,2120,2160,41354,0.002320185614849146
2022-03-14,2190,2190,2110,2130,34540,-0.01388888888888884
2022-03-15,2130,2180,2110,2160,79617,0.014084507042253502
2022-03-16,2170,2225,2145,2190,58459,0.01388888888888884
2022-03-17,2220,2255,2195,2240,64337,0.022831050228310446
2022-03-18,2245,2250,2200,2225,40168,-0.006696428571428603
2022-03-21,2230,2255,2215,2230,48297,0.0022471910112360494
2022-03-22,2225,2245,2195,2220,47336,-0.004484304932735439
2022-03-23,2230,2255,2215,2245,115876,0.011261261261261257
2022-03-24,2240,2255,2200,2245,29616,0.0
2022-03-25,2245,2250,2200,2235,84099,-0.0044543429844098315
2022-03-28,2240,2255,2215,2245,81014,0.004474272930648837
2022-03-29,2225,2290,2225,2280,72656,0.015590200445434244
2022-03-30,2290,2290,2255,2280,59269,0.0
2022-03-31,2260,2355,2260,2330,102382,0.021929824561403466
2022-04-01,2320,2355,2295,2355,69222,0.010729613733905685
2022-04-04,2380,2415,2340,2410,151765,0.023354564755838636
2022-04-05,2415,2455,2385,2430,87317,0.008298755186721962
2022-04-06,2430,2430,2380,2395,53099,-0.014403292181069949
2022-04-07,2395,2395,2330,2345,75672,-0.02087682672233826
2022-04-08,2330,2355,2295,2335,53822,-0.004264392324093813
2022-04-11,2330,2350,2300,2320,46568,-0.0064239828693790635
2022-04-12,2295,2320,2290,2320,37155,0.0
2022-04-13,2315,2375,2315,2350,39962,0.012931034482758674
2022-04-14,2370,2370,2325,2335,18179,-0.006382978723404209
2022-04-15,2335,2340,2295,2340,29518,0.0021413276231263545
2022-04-18,2340,2340,2300,2325,44042,-0.0064102564102563875
2022-04-19,2310,2340,2305,2315,36459,-0.004301075268817178
2022-04-20,2320,2530,2305,2390,199216,0.03239740820734349
2022-04-21,2370,2755,2365,2510,2565672,0.05020920502092041
2022-04-22,2510,2510,2430,2485,241272,-0.009960159362549792
2022-04-25,2450,2485,2385,2430,200898,-0.02213279678068414
2022-04-26,2470,2485,2235,2250,615836,-0.07407407407407407
2022-04-27,2210,2245,2170,2240,126910,-0.004444444444444473
2022-04-28,2240,2260,2175,2200,114062,-0.017857142857142905
2022-04-29,2200,2225,2190,2200,80060,0.0
2022-05-02,2155,2250,2155,2215,44530,0.006818181818181834
2022-05-03,2215,2230,2170,2205,54007,-0.004514672686230292
2022-05-04,2215,2215,2140,2140,123455,-0.02947845804988658
2022-05-06,2100,2140,2095,2130,76221,-0.004672897196261627
2022-05-09,2130,2140,2065,2110,86206,-0.009389671361502372
2022-05-10,2100,2130,2045,2110,117942,0.0
2022-05-11,2175,2175,2115,2150,64802,0.018957345971563955
2022-05-12,2140,2170,2095,2110,58516,-0.018604651162790753
2022-05-13,2110,2150,2105,2130,41872,0.009478672985782088
2022-05-16,2140,2145,2050,2115,87829,-0.007042253521126751
2022-05-17,2100,2115,2080,2100,64309,-0.007092198581560294
2022-05-18,2090,2115,2075,2085,39594,-0.0071428571428571175
2022-05-19,2020,2055,2000,2055,104742,-0.014388489208633115
2022-05-20,2055,2080,2040,2070,49006,0.007299270072992803
2022-05-23,2075,2075,2025,2060,72357,-0.004830917874396157
2022-05-24,2060,2065,2015,2025,81013,-0.016990291262135915
2022-05-25,2035,2050,2010,2045,74083,0.009876543209876631
2022-05-26,2055,2060,2045,2050,28627,0.0024449877750611915
2022-05-27,2055,2070,2040,2045,31193,-0.0024390243902439046
2022-05-30,2055,2075,2045,2065,23485,0.009779951100244544
2022-05-31,2065,2075,2030,2070,65120,0.002421307506053294
2022-06-02,2050,2080,2050,2070,40551,0.0
2022-06-03,2075,2085,2055,2075,56055,0.0024154589371980784
2022-06-07,2085,2160,2060,2110,211406,0.01686746987951815
2022-06-08,2110,2110,2060,2080,63925,-0.014218009478673022
2022-06-09,2085,2085,2050,2060,32433,-0.009615384615384581
2022-06-10,2060,2075,2040,2055,49053,-0.0024271844660194164
2022-06-13,2020,2030,1950,1950,151740,-0.051094890510948954
2022-06-14,1900,1935,1815,1890,187613,-0.03076923076923077
2022-06-15,1840,1905,1835,1840,121208,-0.02645502645502651
2022-06-16,1865,1945,1805,1805,57472,-0.01902173913043481
2022-06-17,1735,1810,1730,1785,107888,-0.011080332409972304
2022-06-20,1790,1805,1615,1660,145620,-0.07002801120448177
2022-06-21,1630,1755,1630,1695,108892,0.02108433734939763
2022-06-22,1710,1725,1605,1610,86679,-0.05014749262536877
2022-06-23,1610,1630,1450,1450,195108,-0.0993788819875776
2022-06-24,1450,1540,1445,1510,157281,0.04137931034482767
2022-06-27,1515,1595,1515,1590,106860,0.052980132450331174
2022-06-28,1575,1585,1505,1565,78766,-0.01572327044025157
2022-06-29,1545,1580,1535,1575,28748,0.006389776357827559
2022-06-30,1585,1595,1530,1550,38467,-0.015873015873015928
2022-07-01,1540,1560,1480,1505,51791,-0.029032258064516148
2022-07-04,1500,1525,1455,1480,61995,-0.01661129568106312
2022-07-05,1455,1550,1455,1535,96901,0.03716216216216206
2022-07-06,1535,1555,1490,1515,76823,-0.013029315960912058
2022-07-07,1550,1575,1540,1575,52030,0.03960396039603964
2022-07-08,1575,1630,1570,1595,72772,0.012698412698412653
2022-07-11,1660,1670,1620,1635,72146,0.02507836990595602
2022-07-12,1630,1630,1575,1580,36535,-0.033639143730886834
2022-07-13,1565,1630,1560,1620,58340,0.025316455696202445
2022-07-14,1600,1660,1600,1620,54451,0.0
2022-07-15,1665,1665,1565,1640,47939,0.012345679012345734
2022-07-18,1660,1660,1630,1660,24139,0.012195121951219523
2022-07-19,1670,1670,1630,1655,21860,-0.003012048192771122
2022-07-20,1675,1685,1645,1660,30399,0.0030211480362538623
2022-07-21,1670,1690,1650,1670,54428,0.006024096385542244
2022-07-22,1685,1690,1630,1665,31070,-0.0029940119760478723
2022-07-25,1665,1680,1645,1670,29316,0.0030030030030030463
2022-07-26,1665,1675,1635,1660,22530,-0.005988023952095856
2022-07-27,1660,1665,1630,1660,46801,0.0
2022-07-28,1670,1670,1645,1645,30579,-0.009036144578313254
2022-07-29,1675,1675,1640,1665,25686,0.012158054711246091
2022-08-01,1665,1665,1630,1650,39600,-0.009009009009009028
2022-08-02,1630,1655,1560,1585,99937,-0.039393939393939426
2022-08-03,1585,1600,1545,1600,41583,0.009463722397476282
2022-08-04,1605,1645,1605,1630,35244,0.018750000000000044
2022-08-05,1645,1645,1615,1625,25919,-0.0030674846625766694
2022-08-08,1630,1700,1605,1610,56005,-0.009230769230769265
2022-08-09,1630,1850,1610,1740,1005315,0.08074534161490687
2022-08-10,1765,1785,1700,1740,192895,0.0
2022-08-11,1740,1755,1705,1720,75755,-0.011494252873563204
2022-08-12,1720,1745,1710,1720,44421,0.0
2022-08-16,1720,1755,1715,1725,41547,0.0029069767441860517
2022-08-17,1720,1720,1665,1670,55274,-0.03188405797101446
2022-08-18,1670,1685,1635,1660,81635,-0.005988023952095856
2022-08-19,1660,1670,1640,1655,28802,-0.003012048192771122
2022-08-22,1645,1650,1555,1560,116738,-0.05740181268882172
2022-08-23,1560,1560,1470,1520,182180,-0.02564102564102566
2022-08-24,1520,1535,1435,1510,132717,-0.006578947368421018
2022-08-25,1515,1525,1495,1520,32437,0.0066225165562914245
2022-08-26,1535,1540,1500,1520,30135,0.0
2022-08-29,1430,1505,1430,1455,68142,-0.042763157894736836
2022-08-30,1455,1485,1450,1475,48593,0.013745704467353903
2022-08-31,1470,1525,1465,1515,27443,0.027118644067796627
2022-09-01,1505,1520,1475,1480,58226,-0.02310231023102305
2022-09-02,1480,1505,1400,1420,89672,-0.04054054054054057
2022-09-05,1420,1450,1400,1415,34812,-0.0035211267605633756
2022-09-06,1415,1490,1415,1445,48599,0.021201413427561766
2022-09-07,1445,1445,1395,1400,53068,-0.03114186851211076
2022-09-08,1460,1460,1420,1430,35285,0.021428571428571352
2022-09-13,1465,1485,1450,1475,56780,0.03146853146853146
2022-09-14,1415,1915,1400,1715,6558093,0.16271186440677976
2022-09-15,1715,1755,1590,1610,1213694,-0.061224489795918324
2022-09-16,1590,1615,1540,1545,345292,-0.04037267080745344
2022-09-19,1570,1760,1505,1545,2273487,0.0
2022-09-20,1605,1675,1490,1565,782378,0.012944983818770295
2022-09-21,1530,1545,1485,1500,165546,-0.04153354632587858
2022-09-22,1475,1475,1410,1435,161530,-0.043333333333333335
2022-09-23,1410,1445,1395,1415,249869,-0.013937282229965153
2022-09-26,1350,1355,1180,1190,580359,-0.1590106007067138
2022-09-27,1190,1235,1130,1180,200828,-0.008403361344537785
2022-09-28,1165,1450,1150,1190,1882107,0.008474576271186418
2022-09-29,1425,1545,1280,1280,8230821,0.07563025210084029
2022-09-30,1230,1620,1200,1415,9997564,0.10546875
2022-10-04,1480,1540,1395,1395,1987519,-0.014134275618374548
2022-10-05,1400,1655,1340,1525,7672634,0.09318996415770608
2022-10-06,1525,1770,1510,1635,9012320,0.0721311475409836
2022-10-07,1660,1735,1515,1515,2731680,-0.07339449541284404
2022-10-11,1485,1615,1475,1485,1141188,-0.01980198019801982
2022-10-12,1480,1625,1400,1410,1868560,-0.0505050505050505
2022-10-13,1425,1425,1230,1290,607004,-0.08510638297872342
2022-10-14,1310,1375,1305,1355,285292,0.050387596899224896
2022-10-17,1310,1365,1305,1345,196964,-0.0073800738007380184
2022-10-18,1375,1435,1355,1365,529372,0.014869888475836479
2022-10-19,1380,1395,1315,1320,246218,-0.03296703296703296
2022-10-20,1290,1330,1255,1260,226899,-0.045454545454545414
2022-10-21,1260,1270,1235,1235,121586,-0.019841269841269882
2022-10-24,1250,1275,1235,1250,91698,0.012145748987854255
2022-10-25,1275,1380,1250,1285,748573,0.028000000000000025
2022-10-26,1310,1315,1245,1250,150355,-0.027237354085603127
2022-10-27,1250,1285,1250,1265,121209,0.01200000000000001
2022-10-28,1270,1365,1260,1265,392188,0.0
2022-10-31,1270,1285,1255,1270,124056,0.0039525691699604515
2022-11-01,1270,1290,1260,1290,132390,0.015748031496062964
2022-11-02,1300,1325,1280,1320,130919,0.023255813953488413
2022-11-03,1285,1310,1270,1295,67756,-0.018939393939393923
2022-11-04,1335,1350,1290,1325,250028,0.02316602316602312
2022-11-07,1320,1335,1295,1330,97149,0.0037735849056603765
2022-11-08,1345,1350,1310,1345,149885,0.011278195488721776
2022-11-09,1360,1365,1330,1335,139802,-0.0074349442379182396
2022-11-10,1335,1340,1310,1335,87400,0.0
2022-11-11,1390,1395,1340,1350,151915,0.011235955056179803
2022-11-14,1340,1400,1340,1390,174835,0.029629629629629672
2022-11-15,1400,1420,1395,1410,139788,0.014388489208633004
2022-11-16,1425,1450,1385,1440,249459,0.02127659574468077
2022-11-17,1445,1450,1395,1405,94411,-0.02430555555555558
2022-11-18,1405,1420,1360,1375,145081,-0.02135231316725983
2022-11-21,1375,1425,1350,1360,191307,-0.010909090909090868
2022-11-22,1350,1380,1345,1375,82557,0.011029411764705843
2022-11-23,1375,1415,1370,1375,64426,0.0
2022-11-24,1385,1410,1370,1410,97240,0.025454545454545396
2022-11-25,1430,1435,1380,1415,122071,0.0035460992907800915
2022-11-28,1405,1490,1380,1385,441360,-0.021201413427561877
2022-11-29,1375,1380,1320,1380,198720,-0.0036101083032491488
2022-11-30,1405,1480,1300,1345,710701,-0.025362318840579712
2022-12-01,1365,1370,1335,1365,144524,0.014869888475836479
2022-12-02,1365,1370,1325,1345,144132,-0.0146520146520146
2022-12-05,1345,1390,1315,1320,113853,-0.018587360594795488
2022-12-06,1320,1320,1255,1270,195289,-0.037878787878787845
2022-12-07,1290,1290,1230,1245,139014,-0.019685039370078705
2022-12-08,1245,1255,1205,1225,155395,-0.016064257028112428
2022-12-09,1230,1260,1230,1250,91822,0.020408163265306145
2022-12-12,1240,1305,1240,1275,82550,0.020000000000000018
2022-12-13,1280,1300,1265,1285,57216,0.007843137254901933
2022-12-14,1305,1325,1265,1305,91667,0.015564202334630295
2022-12-15,1310,1365,1310,1320,222902,0.011494252873563315
2022-12-16,1315,1325,1285,1320,79071,0.0
2022-12-19,1335,1335,1285,1295,79629,-0.018939393939393923
2022-12-20,1295,1475,1255,1320,2173846,0.019305019305019266
2022-12-21,1320,1345,1300,1310,206206,-0.007575757575757569
2022-12-22,1340,1340,1270,1275,182267,-0.026717557251908386
2022-12-23,1260,1260,1190,1220,332252,-0.04313725490196074
2022-12-26,1200,1295,1190,1200,290313,-0.016393442622950838
2022-12-27,1200,1215,1190,1190,103193,-0.008333333333333304
2022-12-28,1180,1210,1175,1185,56508,-0.004201680672268893
2022-12-29,1185,1185,1145,1150,94075,-0.029535864978902926
2023-01-02,1135,1170,1135,1145,60998,-0.004347826086956497
2023-01-03,1145,1150,1035,1110,261917,-0.03056768558951961
2023-01-04,1125,1145,1095,1140,177296,0.027027027027026973
2023-01-05,1130,1165,1115,1130,81659,-0.00877192982456143
2023-01-06,1130,1440,1100,1250,9248662,0.10619469026548667
2023-01-09,1310,1625,1305,1625,10055138,0.30000000000000004
2023-01-10,1765,2030,1745,1780,26410240,0.0953846153846154
2023-01-11,1725,2075,1685,1795,22757086,0.008426966292134797
2023-01-12,1840,1890,1740,1795,5765674,0.0
2023-01-13,1755,1795,1730,1760,1642458,-0.01949860724233987
2023-01-16,1775,1850,1710,1780,3035649,0.011363636363636465
2023-01-17,1765,1820,1735,1765,1382078,-0.008426966292134797
2023-01-18,1775,1935,1705,1735,6350093,-0.016997167138810165
2023-01-19,1745,1850,1710,1790,4674757,0.03170028818443793
2023-01-20,1830,2035,1805,1855,17419921,0.036312849162011274
2023-01-25,1880,1904,1801,1871,2269229,0.008625336927223781
2023-01-26,1881,2370,1842,2230,35570717,0.19187600213789424
2023-01-27,2125,2125,2070,2070,1594460,-0.0717488789237668
2023-01-30,2090,2115,2055,2090,1022746,0.009661835748792313
2023-01-31,2075,2130,2060,2090,1030130,0.0
2023-02-01,2165,2275,1865,1880,7406786,-0.1004784688995215
2023-02-02,1884,1931,1853,1916,1438286,0.01914893617021285
2023-02-03,1936,1988,1832,1883,2144961,-0.017223382045928992
2023-02-06,1873,1888,1786,1786,833711,-0.05151354221986193
2023-02-07,1765,1801,1730,1760,842712,-0.014557670772676334
2023-02-08,1763,1780,1736,1760,595963,0.0
2023-02-09,1760,1793,1693,1740,973762,-0.011363636363636354
2023-02-10,1760,1760,1633,1640,743391,-0.05747126436781613
2023-02-13,1644,1690,1610,1646,624528,0.003658536585365857
2023-02-14,1660,1670,1580,1590,681876,-0.03402187120291611
2023-02-15,1603,1605,1527,1543,583312,-0.02955974842767295
2023-02-16,1545,1571,1515,1526,650306,-0.011017498379779611
2023-02-17,1530,1570,1521,1546,433462,0.013106159895150737
2023-02-20,1548,1651,1510,1613,1420683,0.04333764553686925
2023-02-21,1625,1628,1550,1557,467944,-0.03471791692498449
2023-02-22,1521,1557,1514,1518,362654,-0.025048169556840083
2023-02-23,1519,1547,1500,1546,360793,0.01844532279314892
2023-02-24,1546,1550,1481,1495,497933,-0.03298835705045278
2023-02-27,1494,1561,1440,1548,510787,0.03545150501672234
2023-02-28,1560,1643,1535,1553,941769,0.00322997416020665
2023-03-02,1565,1610,1553,1573,433941,0.012878300064391501
2023-03-03,1587,1588,1540,1543,313622,-0.019071837253655466
2023-03-06,1550,1569,1513,1555,335260,0.007777057679844379
2023-03-07,1554,1555,1513,1518,264904,-0.023794212218649524
2023-03-08,1516,1516,1480,1488,262646,-0.01976284584980237
2023-03-09,1474,1487,1443,1456,252801,-0.021505376344086002
2023-03-10,1454,1472,1426,1430,235758,-0.017857142857142905
2023-03-13,1621,1622,1459,1469,1664348,0.027272727272727337
2023-03-14,1482,1490,1370,1380,383615,-0.060585432266848205
2023-03-15,1386,1434,1386,1432,214236,0.037681159420289934
2023-03-16,1430,1430,1378,1408,174359,-0.016759776536312887
2023-03-17,1440,1624,1400,1552,2385733,0.10227272727272729
2023-03-20,1580,1615,1525,1533,631415,-0.01224226804123707
2023-03-21,1548,1590,1490,1501,321530,-0.020874103065883887
2023-03-22,1517,1550,1450,1483,270618,-0.011992005329780175
2023-03-23,1470,1510,1425,1425,305392,-0.039109912339851616
2023-03-24,1435,1478,1430,1472,141558,0.03298245614035089
2023-03-27,1502,1502,1399,1420,214511,-0.03532608695652173
2023-03-28,1393,1448,1393,1442,189941,0.015492957746478853
2023-03-29,1460,1460,1410,1418,118475,-0.01664355062413314
2023-03-30,1418,1438,1396,1421,210244,0.0021156558533146352
2023-03-31,1413,1418,1400,1403,188941,-0.012667135819845132
2023-04-03,1403,1420,1382,1419,193778,0.011404133998574428
2023-04-04,1435,1480,1420,1472,222691,0.03735024665257214
2023-04-05,1474,1552,1450,1514,423366,0.028532608695652106
2023-04-06,1514,1514,1433,1440,259318,-0.04887714663143994
2023-04-07,1479,1583,1431,1450,756238,0.00694444444444442
2023-04-10,1445,1445,1391,1402,350856,-0.03310344827586209
2023-04-11,1415,1450,1395,1436,187967,0.024251069900142586
2023-04-12,1423,1472,1423,1458,285218,0.01532033426183843
2023-04-13,1407,1449,1407,1429,184422,-0.01989026063100141
2023-04-14,1426,1486,1426,1451,195487,0.015395381385584272
2023-04-17,1468,1473,1415,1420,220287,-0.021364576154376258
2023-04-18,1426,1426,1400,1412,183386,-0.005633802816901401
2023-04-19,1403,1423,1398,1407,167905,-0.003541076487252104
2023-04-20,1397,1421,1391,1395,212889,-0.008528784648187626
2023-04-21,1395,1403,1350,1353,190131,-0.03010752688172047
2023-04-24,1353,1353,1300,1312,213131,-0.030303030303030276
2023-04-25,1308,1330,1283,1297,190702,-0.01143292682926833
2023-04-26,1261,1329,1261,1279,143106,-0.013878180416345365
2023-04-27,1272,1299,1255,1284,165861,0.00390930414386248
2023-04-28,1297,1316,1258,1290,180915,0.004672897196261738
2023-05-02,1285,1300,1270,1291,95708,0.0007751937984497026
2023-05-03,1291,1302,1267,1275,83765,-0.012393493415956636
2023-05-04,1345,1657,1345,1657,2533070,0.29960784313725486
2023-05-08,1855,1949,1560,1564,17094773,-0.05612552806276405
2023-05-09,1547,1630,1498,1565,2980247,0.0006393861892584063
2023-05-10,1563,1576,1486,1498,1041861,-0.04281150159744407
2023-05-11,1499,1597,1499,1540,1137154,0.028037383177569986
2023-05-12,1540,1641,1501,1580,2222278,0.025974025974025983
2023-05-15,1567,1577,1460,1463,794371,-0.07405063291139236
2023-05-16,1488,1489,1429,1445,450743,-0.012303485987696483
2023-05-17,1435,1495,1435,1459,444254,0.009688581314878819
2023-05-18,1474,1495,1465,1488,256196,0.01987662782727906
2023-05-19,1491,1519,1476,1480,352342,-0.005376344086021501
2023-05-22,1483,1512,1440,1511,345245,0.02094594594594601
2023-05-23,1549,1667,1510,1567,2118686,0.037061548643282594
2023-05-24,1567,1618,1537,1565,812783,-0.0012763241863433805
2023-05-25,1565,1590,1515,1530,293777,-0.022364217252396124
2023-05-26,1559,1566,1496,1503,364360,-0.01764705882352946
2023-05-30,1515,1582,1499,1582,369663,0.05256154357950771
2023-05-31,1551,1598,1535,1596,311864,0.008849557522123908
2023-06-01,1582,1616,1566,1602,348502,0.003759398496240518
2023-06-02,1623,1638,1581,1599,409755,-0.0018726591760299671
2023-06-05,1603,1638,1581,1622,308059,0.014383989993746127
2023-06-07,1722,1722,1615,1644,789155,0.013563501849568338
2023-06-08,1643,1750,1560,1644,975980,0.0
2023-06-09,1631,1670,1590,1600,465053,-0.02676399026763987
2023-06-12,1698,1798,1529,1655,2206468,0.034375000000000044
2023-06-13,1655,1670,1622,1653,424584,-0.0012084592145015227
2023-06-14,1701,1998,1624,1686,7068815,0.019963702359346636
2023-06-15,1705,1705,1619,1622,567490,-0.037959667852906276
2023-06-16,1622,1695,1622,1646,395012,0.01479654747225645
2023-06-19,1646,1690,1633,1686,416823,0.024301336573511634
2023-06-20,1699,1912,1673,1813,4769262,0.07532621589561095
2023-06-21,1786,1793,1718,1722,910512,-0.050193050193050204
2023-06-22,1702,1733,1670,1671,524162,-0.029616724738675937
2023-06-23,1686,1766,1675,1716,523834,0.026929982046678624
2023-06-26,1725,1740,1655,1681,424742,-0.020396270396270344
2023-06-27,1677,1709,1623,1636,421519,-0.026769779892920842
2023-06-28,1638,1656,1604,1614,347406,-0.01344743276283622
2023-06-29,1624,1635,1597,1609,195499,-0.0030978934324659146
2023-06-30,1610,1690,1581,1690,358819,0.05034182722187697
2023-07-03,1718,1795,1702,1793,910256,0.0609467455621302
2023-07-04,1790,1866,1741,1850,1234090,0.031790295593976614
2023-07-05,1880,1886,1788,1863,1042740,0.007027027027026955
2023-07-06,1863,2395,1778,2115,21707039,0.13526570048309172
2023-07-07,2240,2565,1866,1908,23168480,-0.09787234042553195
2023-07-10,1921,2150,1879,1937,8412342,0.015199161425576424
2023-07-11,1907,1944,1835,1883,1656807,-0.02787816210635008
2023-07-12,1883,1889,1800,1817,1297548,-0.035050451407328764
2023-07-13,1817,1851,1767,1793,1105423,-0.01320858558062743
2023-07-14,1772,1783,1710,1712,1057126,-0.04517568321249299
2023-07-17,1716,1716,1569,1571,2200135,-0.08235981308411211
2023-07-18,1571,1579,1433,1437,1854481,-0.0852959898154042
2023-07-19,1450,1454,1408,1418,793010,-0.013221990257480831
2023-07-20,1421,1443,1406,1422,620008,0.0028208744710860323
2023-07-21,1420,1430,1393,1400,746374,-0.015471167369901506
2023-07-24,1404,1405,1322,1335,809924,-0.046428571428571375
2023-07-25,1336,1349,1300,1303,606016,-0.02397003745318349
2023-07-26,1291,1301,1210,1235,781391,-0.05218726016884112
2023-07-27,1233,1289,1233,1254,545635,0.01538461538461533
2023-07-28,1254,1283,1241,1270,455671,0.012759170653907415
2023-07-31,1273,1289,1233,1277,361832,0.005511811023622082
2023-08-01,1279,1333,1273,1291,617880,0.010963194988253822
2023-08-02,1300,1303,1230,1241,686697,-0.03872966692486446
2023-08-03,1241,1242,1197,1232,633539,-0.00725221595487513
2023-08-04,1234,1316,1221,1302,923147,0.05681818181818188
2023-08-07,1319,1692,1255,1692,4349872,0.29953917050691237
2023-08-08,1805,1820,1409,1439,10729487,-0.14952718676122934
2023-08-09,1451,1578,1421,1453,7032179,0.00972897845726206
2023-08-10,1422,1450,1374,1389,1791763,-0.044046799724707486
2023-08-11,1407,1564,1395,1532,5277635,0.10295176385889127
2023-08-14,1531,1557,1469,1488,1406327,-0.02872062663185382
2023-08-16,1425,1449,1307,1317,1853758,-0.11491935483870963
2023-08-17,1300,1345,1270,1312,991103,-0.0037965072133636646
2023-08-18,1290,1388,1274,1370,1114037,0.044207317073170715
2023-08-21,1375,1375,1295,1298,791081,-0.052554744525547425
2023-08-22,1301,1302,1255,1265,750259,-0.025423728813559365
2023-08-23,1269,1303,1254,1254,630613,-0.008695652173912993
2023-08-24,1275,1284,1261,1265,372929,0.00877192982456143
2023-08-25,1260,1267,1228,1247,307145,-0.014229249011857736
2023-08-28,1245,1252,1220,1236,360438,-0.008821170809943824
2023-08-29,1242,1290,1242,1278,416470,0.03398058252427183
2023-08-30,1289,1302,1261,1295,393280,0.013302034428795073
2023-08-31,1286,1310,1259,1268,406340,-0.020849420849420874
2023-09-01,1286,1286,1246,1250,448514,-0.014195583596214534
2023-09-04,1252,1256,1231,1247,316284,-0.0023999999999999577
2023-09-05,1242,1398,1238,1280,3723093,0.02646351242983158
2023-09-06,1280,1284,1254,1255,755649,-0.01953125
2023-09-07,1259,1265,1223,1229,480278,-0.02071713147410359
2023-09-08,1220,1267,1220,1229,344218,0.0
2023-09-11,1229,1244,1227,1237,338855,0.006509357200976451
2023-09-12,1250,1274,1241,1256,586036,0.015359741309620034
2023-09-13,1256,1267,1234,1235,320414,-0.01671974522292996
2023-09-14,1250,1250,1235,1239,187885,0.0032388663967610754
2023-09-15,1240,1249,1230,1236,272311,-0.002421307506053294
2023-09-18,1238,1255,1224,1229,241125,-0.005663430420711935
2023-09-19,1225,1240,1219,1229,259333,0.0
2023-09-20,1223,1231,1210,1212,232685,-0.013832384052074875
2023-09-21,1212,1212,1172,1172,327915,-0.03300330033003296
2023-09-22,1150,1189,1145,1163,195846,-0.007679180887371961
2023-09-25,1152,1173,1138,1140,195828,-0.019776440240756643
2023-09-26,1152,1153,1110,1118,196373,-0.019298245614035037
2023-09-27,1100,1158,1100,1147,220563,0.025939177101967692
2023-10-04,1121,1130,1094,1095,173758,-0.04533565823888408
2023-10-05,1141,1141,1050,1060,267698,-0.03196347031963476
2023-10-06,1039,1111,1039,1090,207470,0.028301886792452935
2023-10-10,1090,1135,1076,1081,233124,-0.008256880733944927
2023-10-11,1073,1143,1073,1124,275811,0.03977798334875127
2023-10-12,1113,1200,1113,1162,457623,0.03380782918149472
2023-10-13,1150,1162,1120,1124,262094,-0.03270223752151458
2023-10-16,1111,1124,1073,1082,169565,-0.03736654804270467
2023-10-17,1082,1118,1082,1092,159777,0.009242144177449063
2023-10-18,1102,1118,1054,1070,199938,-0.020146520146520186
2023-10-19,1070,1070,1010,1026,290427,-0.04112149532710285
2023-10-20,1004,1023,986,1006,287877,-0.01949317738791423
2023-10-23,999,1020,995,1006,139189,0.0
2023-10-24,1002,1043,991,1043,182464,0.036779324055665974
2023-10-25,1035,1050,1011,1023,85523,-0.019175455417066112
2023-10-26,1011,1011,991,996,120523,-0.02639296187683282
2023-10-27,996,1013,991,995,82353,-0.0010040160642570406
2023-10-30,996,1034,991,1020,89962,0.025125628140703515
2023-10-31,1015,1024,990,996,110908,-0.02352941176470591
2023-11-01,1003,1017,995,1009,75948,0.013052208835341306
2023-11-02,1009,1036,1009,1025,113644,0.015857284440039754
2023-11-03,1022,1046,1021,1036,99967,0.01073170731707318
2023-11-06,1046,1062,1036,1046,95345,0.009652509652509744
2023-11-07,1050,1050,1017,1023,89259,-0.02198852772466542
2023-11-08,1040,1057,1025,1045,113703,0.021505376344086002
2023-11-09,1040,1055,1005,1011,109624,-0.032535885167464085
2023-11-10,1007,1019,993,995,119112,-0.015825914935707175
2023-11-13,997,1007,987,991,101608,-0.004020100502512558
2023-11-14,983,1069,983,1025,417764,0.034308779011099855
2023-11-15,1032,1075,1032,1048,168589,0.022439024390243922
2023-11-16,1070,1070,1019,1052,162181,0.003816793893129722
2023-11-17,1065,1065,1025,1031,77466,-0.019961977186311763
2023-11-20,1032,1043,1026,1040,60168,0.008729388942773975
2023-11-21,1049,1058,1040,1053,94435,0.012499999999999956
2023-11-22,1053,1053,1036,1047,81250,-0.005698005698005715
2023-11-23,1047,1063,1038,1049,82471,0.0019102196752627254
2023-11-24,1049,1084,1029,1051,505755,0.0019065776930409228
2023-11-27,1049,1054,1029,1029,146083,-0.020932445290199775
2023-11-28,1037,1054,1036,1038,113841,0.008746355685131268
2023-11-29,1030,1048,970,1006,397867,-0.030828516377649273
2023-11-30,1008,1023,991,1020,178493,0.013916500994035852
2023-12-01,1020,1028,1001,1007,119907,-0.012745098039215641
2023-12-04,1010,1016,1000,1007,113444,0.0
2023-12-05,1012,1012,999,1001,93720,-0.005958291956305817
2023-12-06,995,1019,995,1010,163426,0.00899100899100902
2023-12-07,1015,1015,998,1001,151396,-0.008910891089108919
2023-12-08,1003,1010,1001,1003,145182,0.0019980019980019303
2023-12-11,1007,1016,1002,1004,80321,0.0009970089730808596
2023-12-12,1005,1013,1000,1007,89267,0.0029880478087649376
2023-12-13,1010,1010,1002,1004,140240,-0.002979145978152964
2023-12-14,1005,1011,1001,1002,112444,-0.0019920318725099584
2023-12-15,1007,1007,1000,1005,138481,0.0029940119760478723
2023-12-18,1005,1006,994,998,190759,-0.006965174129353269
2023-12-19,1004,1004,980,985,240197,-0.013026052104208374
2023-12-20,981,993,980,985,151239,0.0
2023-12-21,985,995,976,980,179956,-0.005076142131979711
2023-12-22,978,983,966,973,163289,-0.0071428571428571175
2023-12-26,961,970,930,931,383308,-0.043165467625899234
2023-12-27,926,954,920,954,186086,0.02470461868958118
2023-12-28,954,988,954,983,195793,0.03039832285115307
2024-01-02,990,1020,960,1020,205367,0.03763987792472023
2024-01-03,1022,1198,1022,1093,3477364,0.07156862745098036
2024-01-04,1093,1093,1045,1072,437272,-0.019213174748398898
2024-01-05,1067,1099,1065,1090,226291,0.01679104477611948
2024-01-08,1112,1112,1051,1071,222605,-0.017431192660550487
2024-01-09,1061,1070,1042,1051,190739,-0.01867413632119519
2024-01-10,1041,1110,1036,1067,380769,0.015223596574690745
2024-01-11,1067,1088,1049,1070,155800,0.00281162136832247
2024-01-12,1059,1070,1039,1050,120081,-0.01869158878504673
2024-01-15,1040,1075,1038,1059,95867,0.008571428571428674
2024-01-16,1057,1064,1028,1037,89744,-0.020774315391879128
2024-01-17,1043,1069,996,999,138013,-0.03664416586306651
2024-01-18,995,1037,994,1022,86443,0.02302302302302306
2024-01-19,1060,1060,1008,1015,84028,-0.006849315068493178
2024-01-22,1015,1020,992,997,183541,-0.017733990147783207
2024-01-23,990,1007,979,996,119181,-0.0010030090270812808
2024-01-24,997,1030,979,988,123126,-0.008032128514056214
2024-01-25,983,988,964,969,166035,-0.019230769230769273
2024-01-26,968,988,960,981,51449,0.01238390092879249
2024-01-29,982,996,970,971,150140,-0.010193679918450549
2024-01-30,968,987,966,966,132832,-0.005149330587023715
2024-01-31,966,987,956,965,208585,-0.0010351966873706209
2024-02-01,969,987,963,986,114750,0.021761658031087983
2024-02-02,986,1017,982,1006,250407,0.020283975659229236
2024-02-05,1012,1091,992,1002,425376,-0.003976143141153132
2024-02-06,1002,1030,986,1021,121893,0.01896207584830334
2024-02-07,1022,1200,1010,1120,3308377,0.09696376101860915
2024-02-08,1101,1111,1067,1111,435211,-0.008035714285714257
2024-02-13,1102,1105,1050,1075,271600,-0.03240324032403241
2024-02-14,1075,1204,1071,1190,1344626,0.10697674418604652
2024-02-15,1210,1547,1208,1450,14723405,0.21848739495798308
2024-02-16,1550,1697,1440,1456,7673258,0.004137931034482678
2024-02-19,1500,1532,1456,1459,1436145,0.002060439560439553
2024-02-20,1446,1531,1438,1461,1136778,0.001370801919122755
2024-02-21,1426,1448,1360,1380,748584,-0.05544147843942504
2024-02-22,1380,1380,1305,1350,557488,-0.021739130434782594
2024-02-23,1330,1440,1310,1418,552758,0.0503703703703704
2024-02-26,1400,1418,1310,1390,455211,-0.019746121297602226
2024-02-27,1321,1374,1160,1176,2170855,-0.15395683453237408
2024-02-28,1176,1185,1110,1134,882798,-0.0357142857142857
2024-02-29,1133,1135,1083,1101,567060,-0.02910052910052907
2024-03-04,1111,1229,1111,1181,1352099,0.07266121707538598
2024-03-05,1181,1204,1150,1187,360826,0.00508044030482635
2024-03-06,1187,1187,1135,1151,331526,-0.030328559393428822
2024-03-07,1151,1199,1100,1112,752151,-0.03388357949609033
2024-03-08,1139,1169,1113,1120,352974,0.007194244604316502
2024-03-11,1120,1217,1105,1208,710470,0.07857142857142851
2024-03-12,1211,1350,1201,1350,1940344,0.11754966887417218
2024-03-13,1352,1393,1300,1300,1656621,-0.03703703703703709
2024-03-14,1302,1358,1256,1339,875284,0.030000000000000027
2024-03-15,1339,1350,1255,1314,381818,-0.01867064973861088
2024-03-18,1314,1410,1312,1393,1364367,0.060121765601217625
2024-03-19,1370,1402,1336,1379,948188,-0.01005025125628145
2024-03-20,1382,1382,1335,1344,455592,-0.025380710659898442
2024-03-21,1349,1477,1337,1427,2076067,0.06175595238095233
2024-03-22,1410,1442,1338,1415,623202,-0.008409250175192673
2024-03-25,1400,1487,1395,1443,746214,0.01978798586572439
2024-03-26,1444,1538,1444,1502,1094346,0.04088704088704098
2024-03-27,1510,1567,1417,1565,1351629,0.041944074567243694
2024-03-28,1565,1565,1505,1550,539667,-0.009584664536741228
2024-03-29,1540,1555,1461,1500,771164,-0.032258064516129004
2024-04-01,1509,1548,1460,1484,711005,-0.010666666666666713
2024-04-02,1484,1500,1365,1395,872635,-0.05997304582210239
2024-04-03,1395,1416,1320,1400,717879,0.0035842293906809264
2024-04-04,1402,1420,1359,1398,407030,-0.0014285714285714457
2024-04-05,1397,1412,1364,1399,812770,0.0007153075822603494
2024-04-08,1400,1463,1380,1420,561882,0.015010721944245908
2024-04-09,1444,1446,1391,1397,310516,-0.016197183098591528
2024-04-11,1400,1400,1341,1400,146889,0.0021474588403722628
2024-04-12,1356,1498,1356,1410,1033085,0.0071428571428571175
2024-04-15,1410,1413,1272,1314,987121,-0.06808510638297871
2024-04-16,1312,1312,1235,1276,826240,-0.028919330289193357
2024-04-17,1276,1295,1188,1274,1191456,-0.0015673981191222097
2024-04-18,1272,1334,1214,1280,667187,0.0047095761381474865
2024-04-19,1280,1289,1241,1279,302410,-0.0007812499999999556
2024-04-22,1254,1330,1254,1300,410639,0.016419077404222104
2024-04-23,1300,1345,1289,1342,430406,0.03230769230769237
2024-04-24,1338,1360,1324,1350,338371,0.005961251862891315
2024-04-25,1359,1418,1350,1399,562722,0.03629629629629627
2024-04-26,1379,1452,1374,1445,553607,0.03288062902072908
2024-04-29,1443,1448,1362,1424,895636,-0.01453287197231834
2024-04-30,1425,1510,1392,1480,690974,0.0393258426966292
2024-05-02,1480,1592,1422,1479,1418680,-0.0006756756756757243
2024-05-03,1501,1511,1450,1480,511359,0.0006761325219744041
2024-05-07,1496,1535,1469,1476,530052,-0.002702702702702675
2024-05-08,1480,1523,1459,1502,438185,0.017615176151761558
2024-05-09,1503,1528,1493,1511,387959,0.005992010652463353
2024-05-10,1525,1536,1488,1510,669685,-0.0006618133686300265
2024-05-13,1515,1526,1490,1505,244202,-0.0033112582781457123
2024-05-14,1505,1509,1425,1443,355106,-0.04119601328903655
2024-05-16,1442,1485,1375,1463,334582,0.013860013860013787
2024-05-17,1449,1513,1449,1482,320193,0.01298701298701288
2024-05-20,1482,1525,1468,1480,700180,-0.0013495276653171517
2024-05-21,1461,1498,1432,1473,455491,-0.004729729729729737
2024-05-22,1493,1493,1420,1453,295297,-0.013577732518669339
2024-05-23,1435,1455,1340,1439,257374,-0.009635237439779787
2024-05-24,1410,1450,1395,1434,306476,-0.0034746351633078154
2024-05-27,1434,1436,1396,1419,237865,-0.010460251046025104
2024-05-28,1418,1423,1383,1423,263826,0.0028188865398168783
2024-05-29,1421,1469,1395,1441,307022,0.012649332396345692
2024-05-30,1441,1502,1431,1493,369891,0.036086051353226845
2024-05-31,1515,1590,1408,1452,1010086,-0.02746148693904893
2024-06-03,1452,1478,1410,1430,290475,-0.015151515151515138
2024-06-04,1403,1431,1378,1426,355231,-0.002797202797202747
2024-06-05,1426,1428,1390,1404,139007,-0.015427769985974726
2024-06-07,1408,1436,1393,1406,144767,0.0014245014245013454
2024-06-10,1399,1410,1380,1410,213972,0.002844950213371167
2024-06-11,1417,1424,1388,1409,62390,-0.0007092198581559739
2024-06-12,1410,1520,1403,1431,914389,0.015613910574875822
2024-06-13,1463,1511,1441,1484,1502946,0.03703703703703698
2024-06-14,1499,1500,1452,1484,1428389,0.0
2024-06-17,1482,1506,1435,1480,720258,-0.0026954177897574594
2024-06-18,1480,1480,1274,1382,1673509,-0.0662162162162162
2024-06-19,1362,1405,1350,1372,380765,-0.00723589001447178
2024-06-20,1400,1400,1320,1348,231773,-0.017492711370262426
2024-06-21,1345,1431,1345,1362,375278,0.010385756676557945
2024-06-24,1343,1375,1329,1363,277252,0.0007342143906019505
2024-06-25,1375,1390,1320,1388,251448,0.018341892883345645
2024-06-26,1405,1428,1380,1389,269279,0.0007204610951008217
2024-06-27,1389,1399,1335,1375,231588,-0.010079193664506825
2024-06-28,1336,1423,1330,1417,496274,0.030545454545454653
2024-07-01,1414,1414,1387,1387,359685,-0.02117148906139732
2024-07-02,1397,1401,1373,1385,153783,-0.0014419610670511895
2024-07-03,1410,1410,1351,1386,205769,0.0007220216606498298
2024-07-04,1420,1422,1316,1387,303578,0.0007215007215006786
2024-07-05,1387,1387,1329,1369,331449,-0.012977649603460706
2024-07-08,1369,1370,1333,1370,474078,0.0007304601899196239
2024-07-09,1370,1423,1350,1371,508978,0.0007299270072993469
2024-07-10,1371,1449,1371,1444,862940,0.053245805981035677
2024-07-11,1431,1475,1420,1473,275510,0.020083102493074767
2024-07-12,1452,1470,1410,1458,210510,-0.010183299389002087
2024-07-15,1443,1445,1371,1379,499414,-0.05418381344307266
2024-07-16,1380,1394,1348,1367,225836,-0.008701957940536631
2024-07-17,1367,1417,1367,1409,233910,0.0307242136064374
2024-07-18,1409,1454,1354,1446,600125,0.026259758694109347
2024-07-19,1487,1518,1438,1465,1121253,0.013139695712309774
2024-07-22,1480,1480,1418,1436,366718,-0.01979522184300342
2024-07-23,1423,1432,1383,1395,225904,-0.028551532033426197
2024-07-24,1395,1430,1388,1399,293499,0.0028673835125447855
2024-07-25,1399,1399,1309,1356,224927,-0.030736240171551077
2024-07-26,1370,1383,1320,1339,434453,-0.012536873156342221
2024-07-29,1344,1348,1210,1340,515379,0.0007468259895444529
2024-07-30,1340,1340,1216,1299,998278,-0.030597014925373145
2024-07-31,1298,1320,1256,1315,275349,0.012317167051578037
2024-08-01,1295,1393,1262,1376,842338,0.04638783269961988
2024-08-02,1363,1374,1304,1307,280449,-0.050145348837209336
2024-08-05,1305,1316,1100,1303,772386,-0.003060443764345777
2024-08-06,1291,1361,1230,1320,629136,0.01304681504221028
2024-08-07,1318,1332,1292,1305,251021,-0.011363636363636354
2024-08-08,1291,1310,1245,1304,545363,-0.0007662835249042654
2024-08-09,1292,1320,1270,1298,309595,-0.004601226993865004
2024-08-12,1298,1304,1265,1290,370760,-0.006163328197226536
2024-08-13,1280,1309,1258,1309,390568,0.014728682170542573
2024-08-14,1309,1319,1287,1292,159075,-0.012987012987012991
2024-08-16,1292,1309,1278,1302,221064,0.007739938080495445
2024-08-19,1302,1306,1280,1302,120152,0.0
2024-08-20,1289,1355,1289,1348,407690,0.03533026113671278
2024-08-21,1344,1369,1330,1360,226443,0.008902077151335286
2024-08-22,1364,1445,1357,1410,598714,0.03676470588235303
2024-08-23,1403,1418,1330,1398,218930,-0.008510638297872353
2024-08-26,1384,1397,1332,1364,190071,-0.024320457796852657
2024-08-27,1350,1364,1301,1318,225088,-0.03372434017595305
2024-08-28,1318,1327,1282,1316,168043,-0.0015174506828528056
2024-08-29,1323,1325,1221,1319,416804,0.0022796352583587254
2024-08-30,1320,1320,1278,1299,227686,-0.015163002274450332
2024-09-02,1302,1320,1293,1316,304894,0.013086989992301845
2024-09-03,1316,1317,1294,1317,208339,0.0007598784194529085
2024-09-04,1299,1305,1265,1305,179919,-0.009111617312072884
2024-09-05,1310,1319,1260,1309,205065,0.0030651340996168397
2024-09-06,1309,1309,1280,1307,111483,-0.0015278838808250317
2024-09-09,1294,1305,1233,1294,305228,-0.009946442234123998
2024-09-10,1278,1289,1175,1175,623548,-0.09196290571870169
2024-09-11,1193,1245,1193,1242,523759,0.05702127659574474
2024-09-12,1242,1247,1212,1240,339512,-0.0016103059581320522
2024-09-13,1238,1239,1201,1231,341806,-0.007258064516128981
2024-09-19,1231,1231,1120,1201,801626,-0.024370430544272903
2024-09-20,1192,1228,1161,1227,487975,0.02164862614487917
2024-09-23,1227,1247,1200,1228,665705,0.0008149959250203231
2024-09-24,1226,1227,1200,1227,503959,-0.0008143322475570036
2024-09-25,1215,1227,1186,1220,218353,-0.005704971475142595
2024-09-26,1219,1220,1194,1219,306426,-0.0008196721311475308
2024-09-27,1207,1276,1179,1240,1437712,0.01722723543888427
2024-09-30,1246,1282,1236,1243,813210,0.0024193548387096975
2024-10-02,1243,1243,1203,1243,481053,0.0
2024-10-04,1220,1242,1220,1233,365431,-0.008045052292839916
2024-10-07,1233,1240,1202,1220,362612,-0.010543390105433925
2024-10-08,1220,1223,1200,1219,422146,-0.0008196721311475308
2024-10-10,1272,1272,1204,1211,847114,-0.00656275635767023
2024-10-11,1219,1220,1193,1218,537277,0.005780346820809301
2024-10-14,1206,1249,1206,1227,493943,0.00738916256157629
2024-10-15,1226,1298,1220,1298,979795,0.05786471067644672
2024-10-16,1286,1345,1280,1340,926032,0.03235747303543923
2024-10-17,1332,1381,1300,1372,1085259,0.023880597014925398
2024-10-18,1360,1382,1342,1381,854340,0.006559766763848396
2024-10-21,1383,1385,1245,1350,1214820,-0.022447501810282433
2024-10-22,1349,1350,1290,1323,700629,-0.020000000000000018
2024-10-23,1322,1323,1255,1285,828408,-0.028722600151171562
2024-10-24,1283,1283,1204,1230,836232,-0.04280155642023342
2024-10-25,1231,1268,1152,1215,1061620,-0.012195121951219523
2024-10-28,1215,1226,1176,1207,390808,-0.006584362139917643
2024-10-29,1196,1213,1168,1213,606290,0.004971002485501197
2024-10-30,1211,1227,1181,1227,426221,0.01154163231657046
2024-10-31,1201,1240,1200,1223,302305,-0.0032599837000815146
2024-11-01,1221,1225,1193,1225,207860,0.0016353229762877675
2024-11-04,1225,1230,1205,1225,168422,0.0
2024-11-05,1225,1225,1190,1220,431371,-0.004081632653061273
2024-11-06,1219,1227,1200,1224,180280,0.003278688524590123
2024-11-07,1221,1227,1202,1224,375608,0.0
2024-11-08,1224,1224,1179,1217,303533,-0.005718954248365993
2024-11-11,1213,1218,1182,1212,343181,-0.004108463434675413
2024-11-12,1215,1215,1140,1197,660162,-0.012376237623762387
2024-11-13,1195,1203,1156,1197,475453,0.0
2024-11-14,1196,1218,1177,1196,316148,-0.0008354218880535225
2024-11-15,1196,1196,1159,1179,345604,-0.014214046822742521
2024-11-18,1178,1250,1149,1198,1465630,0.016115351993214677
2024-11-19,1171,1205,1164,1188,470553,-0.008347245409014992
2024-11-20,1183,1190,1164,1185,157065,-0.002525252525252486
2024-11-21,1173,1196,1167,1184,167175,-0.0008438818565400519
2024-11-22,1183,1187,1131,1181,272353,-0.0025337837837837718
2024-11-25,1178,1180,1157,1180,161432,-0.0008467400508044287
2024-11-26,1180,1200,1168,1178,190826,-0.0016949152542372614
2024-11-27,1171,1220,1161,1206,474267,0.02376910016977929
2024-11-28,1207,1418,1207,1326,3679929,0.09950248756218905
2024-11-29,1336,1376,1305,1350,1410800,0.018099547511312153
2024-12-02,1331,1352,1288,1315,656978,-0.025925925925925908
2024-12-03,1315,1319,1283,1295,437115,-0.01520912547528519
2024-12-04,1250,1294,1235,1290,592679,-0.0038610038610038533
2024-12-05,1290,1290,1237,1258,227020,-0.024806201550387597
2024-12-06,1257,1289,1205,1244,305560,-0.011128775834658211
2024-12-09,1210,1240,1143,1147,665662,-0.07797427652733124
2024-12-10,1110,1248,1110,1248,519052,0.08805579773321703
2024-12-11,1259,1347,1259,1306,1016139,0.04647435897435903
2024-12-12,1306,1311,1262,1262,349714,-0.03369065849923425
2024-12-13,1252,1283,1239,1270,437552,0.006339144215530945
2024-12-16,1280,1335,1265,1291,558799,0.016535433070866246
2024-12-17,1278,1298,1254,1260,284142,-0.024012393493415995
2024-12-18,1251,1306,1250,1303,328407,0.03412698412698423
2024-12-19,1280,1304,1234,1244,329039,-0.04528012279355331
2024-12-20,1244,1299,1239,1269,517113,0.020096463022508004
2024-12-23,1283,1300,1241,1248,329404,-0.01654846335697402
2024-12-24,1238,1274,1200,1271,541510,0.018429487179487225
2024-12-26,1274,1274,1232,1256,381884,-0.011801730920535047
2024-12-27,1235,1268,1209,1223,272738,-0.026273885350318493
2024-12-30,1276,1276,1185,1215,795032,-0.006541291905151292
2025-01-02,1219,1237,1193,1220,266651,0.004115226337448652
2025-01-03,1207,1244,1200,1224,271034,0.003278688524590123
2025-01-06,1225,1240,1200,1238,435263,0.011437908496731986
2025-01-07,1226,1249,1176,1199,637131,-0.03150242326332797
2025-01-08,1188,1210,1149,1190,596085,-0.007506255212677226
2025-01-09,1191,1209,1180,1199,242754,0.007563025210084007
2025-01-10,1196,1303,1183,1293,1349618,0.07839866555462893
2025-01-13,1295,1308,1222,1259,802965,-0.026295436968290842
2025-01-14,1260,1279,1244,1257,429359,-0.001588562351072298
2025-01-15,1236,1255,1200,1226,657067,-0.024661893396976886
2025-01-16,1217,1238,1199,1220,396641,-0.004893964110929905
2025-01-17,1216,1249,1210,1235,611311,0.012295081967213184
2025-01-20,1236,1449,1236,1347,6924882,0.09068825910931166
2025-01-21,1328,1340,1240,1292,1723590,-0.04083147735708981
2025-01-22,1265,1317,1235,1280,1308600,-0.009287925696594423
2025-01-23,1280,1292,1131,1192,1909196,-0.06874999999999998
2025-01-24,1200,1200,1085,1098,1148543,-0.07885906040268453
2025-01-31,1098,1150,1055,1089,723576,-0.008196721311475419
2025-02-03,1058,1082,980,980,809785,-0.10009182736455469
2025-02-04,979,1000,686,686,7912509,-0.30000000000000004
2025-02-05,614,674,492,518,26302591,-0.24489795918367352
2025-02-06,532,668,530,637,32425722,0.22972972972972983
2025-02-07,651,654,579,582,6402523,-0.08634222919937207
2025-02-10,577,604,558,585,2401064,0.005154639175257714
2025-02-11,586,592,547,550,2061242,-0.05982905982905984
2025-02-12,549,590,510,529,2147264,-0.038181818181818206
2025-02-13,530,536,501,505,1935642,-0.04536862003780717
2025-02-14,505,507,465,472,2924329,-0.0653465346534653
2025-02-17,460,502,460,485,1930407,0.02754237288135597
2025-02-18,481,490,460,470,1439496,-0.030927835051546393
