Date,Open,High,Low,Close,Volume,Change
2022-01-03,19100,19250,18250,18950,66676,0.002645502645502562
2022-01-04,19200,19350,18750,19200,75765,0.013192612137203241
2022-01-05,19200,19300,18400,18750,70388,-0.0234375
2022-01-06,18350,18600,17800,17900,97027,-0.04533333333333334
2022-01-07,18100,18250,17850,18050,56940,0.008379888268156499
2022-01-10,18050,18050,17450,17650,78248,-0.02216066481994461
2022-01-11,17800,17800,17050,17100,62145,-0.031161473087818692
2022-01-12,17200,17400,16850,16900,116671,-0.011695906432748537
2022-01-13,17050,17050,16400,16700,85500,-0.011834319526627168
2022-01-14,16500,16700,16300,16350,44791,-0.020958083832335328
2022-01-17,16300,16350,15700,15750,85322,-0.03669724770642202
2022-01-18,15900,16000,14700,14700,83023,-0.06666666666666665
2022-01-19,14600,14950,14200,14500,88255,-0.013605442176870763
2022-01-20,14400,14700,14050,14450,116671,-0.0034482758620689724
2022-01-21,14400,15000,14100,14150,67333,-0.02076124567474047
2022-01-24,14150,14350,12750,13350,126360,-0.05653710247349819
2022-01-25,13600,13600,12500,12600,94567,-0.0561797752808989
2022-01-26,12700,12950,12300,12450,80405,-0.011904761904761862
2022-01-27,12550,12600,11700,11950,105928,-0.04016064257028118
2022-01-28,12200,12500,11900,12350,92203,0.03347280334728042
2022-02-03,12750,12750,11950,12200,184195,-0.012145748987854255
2022-02-04,12100,12300,11800,12050,123059,-0.012295081967213073
2022-02-07,12150,12600,12100,12350,74269,0.024896265560165887
2022-02-08,12350,12450,11700,11950,139266,-0.03238866396761131
2022-02-09,11950,12800,11850,12500,111098,0.046025104602510414
2022-02-10,12500,12500,11950,12100,76365,-0.03200000000000003
2022-02-11,11900,12000,11350,11350,125828,-0.06198347107438018
2022-02-14,10950,11100,10050,10250,295111,-0.09691629955947134
2022-02-15,10350,10400,9910,9970,141404,-0.02731707317073173
2022-02-16,10100,10300,10000,10300,91411,0.033099297893681046
2022-02-17,10250,10400,9820,10100,142564,-0.01941747572815533
2022-02-18,9980,10600,9830,10400,108010,0.02970297029702973
2022-02-21,10300,10500,10250,10450,47500,0.004807692307692291
2022-02-22,10250,10400,9980,10000,60002,-0.0430622009569378
2022-02-23,10050,10300,9990,10100,31817,0.010000000000000009
2022-02-24,9990,10050,9400,9410,124926,-0.06831683168316827
2022-02-25,9600,9860,9590,9670,41746,0.02763018065887346
2022-02-28,9770,9940,9720,9940,31670,0.02792140641158225
2022-03-02,9850,10050,9700,9960,52406,0.002012072434607548
2022-03-03,9960,10300,9960,10150,57205,0.01907630522088355
2022-03-04,10200,10250,9910,10050,43034,-0.009852216748768461
2022-03-07,9970,9980,9600,9710,56537,-0.03383084577114426
2022-03-08,9580,9790,9410,9660,55439,-0.005149330587023715
2022-03-10,9800,10050,9800,9990,45170,0.03416149068322971
2022-03-11,9990,10950,9990,10450,256072,0.04604604604604612
2022-03-14,10450,10550,9830,9920,87170,-0.05071770334928227
2022-03-15,9860,10350,9610,9900,94092,-0.0020161290322581182
2022-03-16,10050,10850,10000,10650,126988,0.07575757575757569
2022-03-17,10700,11650,10450,11100,429270,0.04225352112676051
2022-03-18,11150,11150,10800,10950,94757,-0.013513513513513487
2022-03-21,11050,11100,10650,10700,63114,-0.022831050228310557
2022-03-22,10700,10800,10400,10800,48568,0.009345794392523255
2022-03-23,10800,10900,10600,10700,57940,-0.0092592592592593
2022-03-24,10900,10900,10350,10800,53542,0.009345794392523255
2022-03-25,10900,10900,10400,10700,58780,-0.0092592592592593
2022-03-28,10500,11000,10500,10800,60489,0.009345794392523255
2022-03-29,10800,10900,10650,10850,41691,0.004629629629629539
2022-03-30,10900,11450,10850,11150,114420,0.02764976958525356
2022-03-31,11100,11200,10900,11050,54032,-0.008968609865470878
2022-04-01,11050,11800,10950,11300,161404,0.02262443438914019
2022-04-04,11400,11950,11350,11850,125538,0.04867256637168138
2022-04-05,12000,13450,11700,13350,566721,0.12658227848101267
2022-04-06,13350,13400,12400,12600,225111,-0.0561797752808989
2022-04-07,12450,12800,11950,12150,134201,-0.0357142857142857
2022-04-08,12150,12300,11700,12000,88110,-0.012345679012345734
2022-04-11,11900,12300,11800,11950,56782,-0.004166666666666652
2022-04-12,11700,11800,11350,11500,58353,-0.03765690376569042
2022-04-13,11500,11950,11500,11750,56427,0.021739130434782705
2022-04-14,11850,11850,11500,11600,47834,-0.012765957446808529
2022-04-15,11650,11650,11300,11450,31171,-0.012931034482758674
2022-04-18,11450,11450,10650,10800,90301,-0.05676855895196509
2022-04-19,10900,11150,10850,11050,27360,0.02314814814814814
2022-04-20,11200,11200,10800,10900,34465,-0.013574660633484115
2022-04-21,11000,11000,10650,10750,31519,-0.013761467889908285
2022-04-22,10600,11300,10500,10650,101327,-0.009302325581395321
2022-04-25,10650,10650,10100,10200,47887,-0.04225352112676062
2022-04-26,10300,10750,10250,10550,22393,0.03431372549019618
2022-04-27,10200,10450,10050,10400,25645,-0.014218009478673022
2022-04-28,10400,10400,10050,10200,31800,-0.019230769230769273
2022-04-29,10200,10700,10200,10700,23996,0.0490196078431373
2022-05-02,10500,10700,10300,10500,18959,-0.01869158878504673
2022-05-03,10550,10900,10500,10750,22945,0.023809523809523725
2022-05-04,10750,10800,10600,10650,19054,-0.009302325581395321
2022-05-06,10650,10800,10450,10650,41281,0.0
2022-05-09,10850,10850,10150,10250,24867,-0.03755868544600938
2022-05-10,10150,10150,9600,10000,41742,-0.024390243902439046
2022-05-11,9880,10150,9880,10050,14737,0.004999999999999893
2022-05-12,9950,10500,9660,9670,115663,-0.037810945273631824
2022-05-13,9770,10000,9760,9820,15930,0.015511892450879028
2022-05-16,9810,10250,9810,9860,24522,0.004073319755600879
2022-05-17,9950,10000,9900,9940,16335,0.008113590263691739
2022-05-18,10000,10750,10000,10500,85591,0.05633802816901401
2022-05-19,10850,10850,10400,10500,57416,0.0
2022-05-20,10550,10700,10400,10700,22228,0.01904761904761898
2022-05-23,10700,10700,10500,10650,14957,-0.004672897196261627
2022-05-24,10550,10700,10350,10400,14092,-0.023474178403755874
2022-05-25,10400,10600,10200,10300,38205,-0.009615384615384581
2022-05-26,10350,10500,9970,10000,40488,-0.029126213592232997
2022-05-27,10100,10300,10000,10100,26240,0.010000000000000009
2022-05-30,10150,10250,10100,10250,15518,0.014851485148514865
2022-05-31,10150,10400,10050,10250,41669,0.0
2022-06-02,10300,10350,10100,10200,12845,-0.004878048780487809
2022-06-03,10200,10700,10150,10500,58510,0.02941176470588225
2022-06-07,10450,10450,10000,10000,47644,-0.04761904761904767
2022-06-08,10050,10100,9870,9900,31870,-0.010000000000000009
2022-06-09,10250,10250,9700,9940,67527,0.004040404040404066
2022-06-10,9820,10150,9820,9930,35251,-0.001006036217303774
2022-06-13,9780,9780,9420,9470,54983,-0.046324269889224556
2022-06-14,9100,9320,8900,9020,72994,-0.04751847940865894
2022-06-15,9050,9110,8540,8650,64077,-0.04101995565410199
2022-06-16,8850,9020,8730,8780,22680,0.015028901734104094
2022-06-17,8550,8590,8380,8500,48669,-0.03189066059225509
2022-06-20,8650,8650,7880,7900,60507,-0.07058823529411762
2022-06-21,7870,8000,7730,7990,38966,0.0113924050632912
2022-06-22,7940,8220,7150,7440,72206,-0.06883604505632035
2022-06-23,7460,7640,7260,7490,50895,0.006720430107526987
2022-06-24,7510,7750,7410,7700,48642,0.028037383177569986
2022-06-27,7710,8090,7610,8020,43983,0.04155844155844157
2022-06-28,7940,8090,7830,7920,18139,-0.012468827930174564
2022-06-29,7920,8060,7740,8000,26823,0.010101010101010166
2022-06-30,8000,8040,7840,7900,20828,-0.012499999999999956
2022-07-01,7910,8100,7320,7600,39750,-0.03797468354430378
2022-07-04,7790,7920,7540,7590,26475,-0.001315789473684159
2022-07-05,7630,7990,7630,7920,19750,0.04347826086956519
2022-07-06,7920,8140,7860,8030,40172,0.01388888888888884
2022-07-07,8110,8300,8060,8150,30987,0.014943960149439661
2022-07-08,8150,8200,8040,8120,21871,-0.0036809815950920033
2022-07-11,8110,8300,8050,8190,27043,0.008620689655172376
2022-07-12,8190,8370,7830,7890,24042,-0.03663003663003661
2022-07-13,7900,8000,7730,7940,27043,0.006337135614702172
2022-07-14,7940,8050,7790,7960,25161,0.0025188916876575096
2022-07-15,7970,8200,7820,7910,15113,-0.006281407035175879
2022-07-18,7990,8220,7910,8180,31766,0.03413400758533491
2022-07-19,8180,8200,8050,8140,23163,-0.004889975550122272
2022-07-20,8220,8250,7920,8000,321260,-0.017199017199017175
2022-07-21,8090,8090,7290,7570,279412,-0.053749999999999964
2022-07-22,7600,7780,7360,7570,139145,0.0
2022-07-25,7570,7670,7400,7490,85676,-0.010568031704095149
2022-07-26,7490,7550,7370,7400,44995,-0.012016021361815787
2022-07-27,7480,7800,7340,7630,123310,0.031081081081081097
2022-07-28,7700,7790,7420,7470,59348,-0.020969855832241202
2022-07-29,7490,7640,7410,7560,67239,0.012048192771084265
2022-08-01,7680,7680,7450,7600,45059,0.005291005291005346
2022-08-02,7550,7910,7510,7730,155074,0.017105263157894735
2022-08-03,7640,8470,7640,7980,321386,0.03234152652005173
2022-08-04,8020,8310,8020,8050,111009,0.00877192982456143
2022-08-05,8050,8230,8010,8230,49429,0.022360248447204967
2022-08-08,8260,8260,7970,7980,55192,-0.03037667071688943
2022-08-09,7870,7940,7790,7890,48454,-0.011278195488721776
2022-08-10,7810,7880,7650,7700,52482,-0.02408111533586821
2022-08-11,7940,7940,7690,7700,42153,0.0
2022-08-12,7830,7830,7620,7690,18253,-0.0012987012987012436
2022-08-16,7690,7690,7450,7470,79090,-0.02860858257477239
2022-08-17,7500,7500,7180,7200,97543,-0.03614457831325302
2022-08-18,7300,7300,7040,7150,38268,-0.00694444444444442
2022-08-19,7200,7250,7040,7180,32663,0.00419580419580412
2022-08-22,7230,7230,6990,7020,54207,-0.02228412256267409
2022-08-23,7060,7060,6750,6830,96905,-0.027065527065527117
2022-08-24,6830,6870,6750,6790,42023,-0.005856515373352855
2022-08-25,6900,7030,6790,6840,160738,0.007363770250368162
2022-08-26,6920,6920,6760,6780,47879,-0.00877192982456143
2022-08-29,6680,6690,6520,6520,58268,-0.03834808259587019
2022-08-30,6510,6620,6500,6600,23348,0.012269938650306678
2022-08-31,6500,6750,6490,6740,38177,0.021212121212121238
2022-09-01,6750,6750,6590,6610,37067,-0.01928783382789323
2022-09-02,6570,6620,6430,6430,33760,-0.027231467473525006
2022-09-05,6500,6500,6280,6410,41828,-0.0031104199066873672
2022-09-06,6440,6470,6350,6380,22852,-0.004680187207488307
2022-09-07,6400,6400,6050,6050,55313,-0.051724137931034475
2022-09-08,6120,6280,6110,6130,25489,0.013223140495867813
2022-09-13,6190,6340,6190,6260,18295,0.021207177814029254
2022-09-14,6130,7340,5960,6400,379131,0.022364217252396124
2022-09-15,6400,6510,6300,6300,42189,-0.015625
2022-09-16,6350,6490,6210,6300,24737,0.0
2022-09-19,6370,6430,6190,6190,24746,-0.01746031746031751
2022-09-20,6190,6380,6180,6190,12727,0.0
2022-09-21,6260,6270,6060,6150,17399,-0.00646203554119551
2022-09-22,6070,6080,5960,5990,32032,-0.026016260162601612
2022-09-23,6020,6020,5730,5800,34676,-0.03171953255425708
2022-09-26,5620,5800,5320,5450,56368,-0.06034482758620685
2022-09-27,5440,5580,5400,5510,21127,0.011009174311926495
2022-09-28,5680,5680,5120,5230,49310,-0.05081669691470059
2022-09-29,5270,5790,5270,5490,84356,0.0497131931166348
2022-09-30,5500,5580,5370,5460,37715,-0.005464480874316946
2022-10-04,5510,5710,5510,5700,28185,0.04395604395604402
2022-10-05,5730,5750,5500,5550,26201,-0.02631578947368418
2022-10-06,5560,6090,5560,5970,69551,0.07567567567567557
2022-10-07,5950,6000,5800,5880,17912,-0.015075376884422065
2022-10-11,5600,5750,5300,5390,41893,-0.08333333333333337
2022-10-12,5340,5390,5180,5310,24929,-0.014842300556586308
2022-10-13,5280,5300,5000,5070,30943,-0.04519774011299438
2022-10-14,5170,5560,5110,5390,32922,0.0631163708086786
2022-10-17,5510,5620,5270,5520,22638,0.024118738404452778
2022-10-18,5580,6410,5550,5870,272178,0.06340579710144922
2022-10-19,5920,5920,5750,5760,26990,-0.01873935264054516
2022-10-20,5760,5800,5620,5720,18950,-0.00694444444444442
2022-10-21,5690,5690,5500,5540,18439,-0.03146853146853146
2022-10-24,5590,5670,5550,5580,13179,0.0072202166064982976
2022-10-25,5580,5670,5430,5560,14045,-0.0035842293906810374
2022-10-26,5560,5640,5520,5550,8228,-0.0017985611510791255
2022-10-27,5560,5920,5560,5830,42202,0.05045045045045038
2022-10-28,5830,6020,5760,5820,43557,-0.0017152658662092923
2022-10-31,5830,5950,5760,5950,14623,0.022336769759450092
2022-11-01,5970,6080,5850,6020,19072,0.0117647058823529
2022-11-02,6080,6250,5800,6140,35370,0.019933554817275656
2022-11-03,6100,6200,5910,5970,24807,-0.027687296416938123
2022-11-04,5970,5970,5540,5960,22190,-0.0016750418760469454
2022-11-07,6000,6030,5910,5980,16124,0.003355704697986628
2022-11-08,5970,6340,5970,6250,89200,0.045150501672240884
2022-11-09,6330,6680,6270,6440,67295,0.030399999999999983
2022-11-10,6320,6450,6270,6390,11075,-0.00776397515527949
2022-11-11,6470,6660,6450,6450,44600,0.009389671361502261
2022-11-14,6550,6580,6370,6420,15680,-0.0046511627906976605
2022-11-15,6490,6540,6300,6420,13357,0.0
2022-11-16,6590,6600,6310,6430,19209,0.0015576323987538387
2022-11-17,6420,6700,6420,6540,37659,0.01710730948678063
2022-11-18,6590,6590,6350,6460,8939,-0.012232415902140636
2022-11-21,6450,6460,6210,6280,13930,-0.02786377708978327
2022-11-22,6110,6260,5980,6150,17897,-0.02070063694267521
2022-11-23,6150,6260,6150,6230,10240,0.01300813008130075
2022-11-24,6230,6540,6180,6530,37782,0.04815409309791341
2022-11-25,6410,6710,6410,6700,37443,0.026033690658499253
2022-11-28,6720,6720,6560,6610,16983,-0.013432835820895495
2022-11-29,6420,6960,6420,6880,50566,0.0408472012102874
2022-11-30,6880,6900,6700,6810,36638,-0.01017441860465118
2022-12-01,7000,7060,6810,6830,37245,0.002936857562408246
2022-12-02,6830,6850,6380,6800,15947,-0.004392386530014614
2022-12-05,6750,7000,6450,6700,20036,-0.014705882352941124
2022-12-06,6810,7280,6680,6820,155578,0.017910447761193993
2022-12-07,6780,6920,6600,6840,17008,0.0029325513196480912
2022-12-08,6980,6980,6690,6740,16267,-0.014619883040935644
2022-12-09,6600,6850,6570,6820,12020,0.011869436201780381
2022-12-12,6850,6850,6700,6700,9850,-0.017595307917888547
2022-12-13,6700,7000,6370,6650,24073,-0.007462686567164201
2022-12-14,6650,6950,6650,6800,24241,0.022556390977443552
2022-12-15,6800,6950,6660,6730,14466,-0.010294117647058787
2022-12-16,6660,6900,6530,6690,15188,-0.005943536404160454
2022-12-19,6690,6730,6430,6560,13593,-0.019431988041853532
2022-12-20,6500,6580,6000,6380,21955,-0.027439024390243927
2022-12-21,6520,6550,6380,6470,10720,0.014106583072100332
2022-12-22,6470,6580,6450,6530,6006,0.009273570324574987
2022-12-23,6530,6530,6260,6340,12674,-0.029096477794793296
2022-12-26,6340,6420,6100,6330,13219,-0.001577287066246047
2022-12-27,6490,6490,6220,6310,7534,-0.003159557661927326
2022-12-28,6310,6380,6110,6260,12063,-0.007923930269413626
2022-12-29,6200,6290,6130,6240,15130,-0.0031948881789137795
2023-01-02,6210,6380,6200,6230,11060,-0.0016025641025640969
2023-01-03,6500,6500,6000,6360,17904,0.020866773675762396
2023-01-04,6530,6530,6270,6490,20234,0.020440251572326984
2023-01-05,6590,6590,6370,6480,8227,-0.0015408320493066618
2023-01-06,6480,6720,6410,6720,21981,0.03703703703703698
2023-01-09,6780,6870,6660,6720,13791,0.0
2023-01-10,6750,6750,6600,6600,12100,-0.017857142857142905
2023-01-11,6600,6920,6600,6910,32434,0.046969696969696884
2023-01-12,6920,6920,6790,6890,11776,-0.0028943560057886897
2023-01-13,6870,7310,6850,7000,107896,0.0159651669085632
2023-01-16,7000,7750,7000,7710,425916,0.10142857142857142
2023-01-17,7710,8050,7670,7780,232559,0.009079118028534339
2023-01-18,7780,8580,7700,8350,417246,0.07326478149100257
2023-01-19,8300,8400,7900,8050,122659,-0.0359281437125748
2023-01-20,8200,8820,8170,8640,260983,0.0732919254658384
2023-01-25,8820,9360,8820,9100,344957,0.0532407407407407
2023-01-26,9120,9820,8570,8900,620937,-0.02197802197802201
2023-01-27,8830,9120,8580,8970,164760,0.00786516853932584
2023-01-30,9100,9210,8330,8420,230125,-0.06131549609810483
2023-01-31,8470,9770,8400,9600,808140,0.14014251781472686
2023-02-01,9800,10280,9420,9860,546133,0.027083333333333348
2023-02-02,9830,10040,9610,10030,227226,0.01724137931034475
2023-02-03,9990,9990,9590,9840,141996,-0.018943170488534444
2023-02-06,9800,9800,9390,9590,107436,-0.025406504065040636
2023-02-07,9600,10720,9600,10230,527326,0.06673618352450461
2023-02-08,10440,11690,10370,11210,765236,0.09579667644183765
2023-02-09,11040,12140,10460,12010,736982,0.07136485280999105
2023-02-10,11750,11750,10190,10980,657203,-0.08576186511240635
2023-02-13,10780,10870,10230,10680,258712,-0.02732240437158473
2023-02-14,10680,11320,10680,10860,239621,0.016853932584269593
2023-02-15,10990,11200,10400,10720,194908,-0.012891344383057057
2023-02-16,10780,11100,10650,10650,120915,-0.006529850746268662
2023-02-17,10410,10830,10370,10660,112007,0.0009389671361501595
2023-02-20,10660,11500,10460,10750,203847,0.008442776735459567
2023-02-21,10760,11390,10500,10680,140959,-0.006511627906976791
2023-02-22,10550,10550,9980,10080,147323,-0.0561797752808989
2023-02-23,10440,12940,10380,11760,2115566,0.16666666666666674
2023-02-24,11800,14770,11800,14770,2880600,0.25595238095238093
2023-02-27,14770,15640,13700,14330,1271305,-0.029790115098171976
2023-02-28,14700,18120,14500,16050,3065460,0.12002791346824848
2023-03-02,16470,16490,14850,15110,695360,-0.05856697819314638
2023-03-03,15500,16540,14750,15000,887335,-0.007279947054930513
2023-03-06,14950,15310,14050,14660,474628,-0.022666666666666613
2023-03-07,14540,14610,13870,14010,340857,-0.044338335607094104
2023-03-08,14050,15220,14000,14120,537378,0.007851534618129818
2023-03-09,14130,14190,13240,13750,246777,-0.02620396600566577
2023-03-10,13330,13850,13100,13370,171979,-0.02763636363636368
2023-03-13,13050,13780,12880,13620,194861,0.018698578908002972
2023-03-14,14050,14350,12530,12530,333318,-0.08002936857562404
2023-03-15,13110,14070,13100,14070,456070,0.12290502793296088
2023-03-16,13980,15900,13710,14540,988394,0.03340440653873489
2023-03-17,14990,15740,14630,15140,766980,0.04126547455295726
2023-03-20,15730,17720,15650,16650,1369662,0.09973579920739772
2023-03-21,16410,16600,15360,16060,552193,-0.03543543543543548
2023-03-22,16300,16500,15670,15850,315163,-0.013075965130759704
2023-03-23,15600,15800,14890,15040,366653,-0.05110410094637219
2023-03-24,15100,16130,14810,15550,432169,0.03390957446808507
2023-03-27,15540,15540,14720,15250,190929,-0.019292604501607746
2023-03-28,15210,15340,14800,14860,148447,-0.025573770491803316
2023-03-29,14850,15720,14410,15670,364640,0.054508748317631195
2023-03-30,15870,16390,15440,15960,290663,0.01850670070197835
2023-03-31,15770,15830,14900,15100,185517,-0.053884711779448646
2023-04-03,15100,15550,14240,15320,220945,0.014569536423840956
2023-04-04,15490,17590,15490,16650,1037831,0.08681462140992169
2023-04-05,17190,19420,16500,18950,2290740,0.13813813813813813
2023-04-06,19140,20050,18020,18320,942036,-0.03324538258575194
2023-04-07,18340,18850,17520,17660,326919,-0.03602620087336239
2023-04-10,17400,17940,16610,17230,488249,-0.024348810872027227
2023-04-11,17110,19330,16680,19060,836897,0.10621009866511888
2023-04-12,19060,20000,18290,19540,936395,0.025183630640083887
2023-04-13,19800,19950,18530,19530,455621,-0.0005117707267143778
2023-04-14,20400,23500,20350,22400,2237207,0.1469534050179211
2023-04-17,22400,23200,21150,21650,535433,-0.033482142857142905
2023-04-18,21600,21600,19950,20450,476052,-0.05542725173210161
2023-04-19,20400,21150,19770,20700,289773,0.012224938875305513
2023-04-20,20400,20400,18720,19000,388672,-0.08212560386473433
2023-04-21,19210,20500,18850,19110,482094,0.0057894736842105665
2023-04-24,19050,19600,18500,18590,203207,-0.027210884353741527
2023-04-25,18590,18590,17360,17520,290334,-0.057557826788596
2023-04-26,17520,17630,16710,17170,189218,-0.01997716894977164
2023-04-27,17110,17330,16600,17100,161958,-0.004076878276062845
2023-04-28,17300,17700,16170,16580,283566,-0.03040935672514622
2023-05-02,16800,18400,16600,18400,388152,0.10977080820265384
2023-05-03,18220,18550,17820,17970,142828,-0.023369565217391308
2023-05-04,17860,18410,17540,17630,165231,-0.018920422927100722
2023-05-08,17630,18280,17370,17590,137893,-0.0022688598979012653
2023-05-09,17840,17840,16610,17010,159209,-0.032973280272882266
2023-05-10,17030,17790,17030,17150,146174,0.008230452674897082
2023-05-11,17680,19740,17420,19400,1057386,0.13119533527696792
2023-05-12,19230,21150,18410,21100,800525,0.08762886597938135
2023-05-15,20700,22150,19400,19950,752513,-0.0545023696682464
2023-05-16,19320,21250,18850,21100,718359,0.057644110275689275
2023-05-17,21250,22650,20750,21200,761406,0.004739336492890933
2023-05-18,21400,21900,19770,19930,523532,-0.05990566037735845
2023-05-19,20150,20600,19320,19330,302431,-0.03010536879076764
2023-05-22,19320,20200,18800,19990,217030,0.03414381789963783
2023-05-23,20450,21750,19820,19980,617025,-0.0005002501250624958
2023-05-24,19950,21450,19530,21000,611812,0.05105105105105112
2023-05-25,21500,22750,20450,21150,951474,0.0071428571428571175
2023-05-26,21150,21950,20500,20700,379907,-0.021276595744680882
2023-05-30,20850,21350,19950,20550,286513,-0.007246376811594235
2023-05-31,20550,20650,19800,19800,298083,-0.03649635036496346
2023-06-01,19610,21500,19600,20150,710285,0.017676767676767735
2023-06-02,20350,24900,20050,23650,3456398,0.1736972704714641
2023-06-05,23400,23650,22050,22700,891615,-0.04016913319238902
2023-06-07,23150,24650,22650,23750,1508435,0.04625550660792954
2023-06-08,24800,28150,24500,26250,4042242,0.10526315789473695
2023-06-09,26300,28000,25450,28000,1306431,0.06666666666666665
2023-06-12,28700,32300,26900,30000,2549777,0.0714285714285714
2023-06-13,29700,30000,27400,28750,1154958,-0.04166666666666663
2023-06-14,28200,28200,26200,26550,970473,-0.07652173913043481
2023-06-15,26650,27700,26100,26650,540128,0.0037664783427495685
2023-06-16,27550,29300,27550,28250,1199648,0.060037523452157515
2023-06-19,28100,29100,27000,28600,556266,0.012389380530973382
2023-06-20,28900,34900,28550,33600,4807987,0.1748251748251748
2023-06-21,33600,34100,32150,32950,1166199,-0.019345238095238138
2023-06-22,32150,34100,30950,32900,874409,-0.0015174506828528056
2023-06-23,33500,37650,33100,34250,2322496,0.04103343465045595
2023-06-26,34300,40100,33600,36800,3881814,0.07445255474452561
2023-06-27,36850,37700,33200,36000,1391602,-0.021739130434782594
2023-06-28,36650,39050,31700,31750,2107281,-0.11805555555555558
2023-06-29,32600,32950,29550,31050,1343173,-0.022047244094488216
2023-06-30,30800,30800,27050,28400,1580773,-0.08534621578099844
2023-07-03,28550,29150,27450,28400,763506,0.0
2023-07-04,28000,30100,27300,29900,1203275,0.052816901408450745
2023-07-05,31550,32400,29150,31950,1553183,0.06856187290969906
2023-07-06,32000,34400,30550,31700,1170790,-0.007824726134585291
2023-07-07,31150,31750,30150,31700,473703,0.0
2023-07-10,31000,31400,29200,29200,391497,-0.07886435331230279
2023-07-11,29250,30600,28450,30300,328553,0.03767123287671237
2023-07-12,30600,31450,28900,31000,320620,0.02310231023102305
2023-07-13,31950,38300,31850,36150,3336540,0.1661290322580644
2023-07-14,37700,40700,35650,37950,2176497,0.049792531120331995
2023-07-17,36650,36700,34750,35000,701750,-0.07773386034255603
2023-07-18,35350,38850,35150,37500,1148181,0.0714285714285714
2023-07-19,38200,45400,37600,40200,3940383,0.07200000000000006
2023-07-20,40400,40400,37250,39100,1090902,-0.027363184079602032
2023-07-21,38200,41600,37500,37950,927280,-0.02941176470588236
2023-07-24,37900,37900,35200,36050,765459,-0.050065876152832645
2023-07-25,36400,39000,35050,37250,947341,0.03328710124826628
2023-07-26,36900,37150,32050,33000,1135399,-0.11409395973154357
2023-07-27,36200,38700,35000,36500,1636663,0.10606060606060597
2023-07-28,37600,39700,35950,37950,795105,0.039726027397260166
2023-07-31,38350,38700,36600,37200,585869,-0.01976284584980237
2023-08-01,37600,41000,36600,41000,1656172,0.10215053763440851
2023-08-02,40600,40850,37250,38000,810098,-0.07317073170731703
2023-08-03,37750,37750,34500,36700,649756,-0.03421052631578947
2023-08-04,37400,39250,37000,37600,470907,0.02452316076294281
2023-08-07,37600,38750,34500,35550,521214,-0.05452127659574468
2023-08-08,36350,36500,34000,34600,432112,-0.026722925457102642
2023-08-09,34000,35150,33200,34400,548695,-0.005780346820809301
2023-08-10,34750,34750,32650,34150,433205,-0.007267441860465129
2023-08-11,33850,36600,32200,35450,702797,0.038067349926793614
2023-08-14,35000,36400,33600,35800,425372,0.009873060648801113
2023-08-16,36100,37300,33000,33700,728375,-0.05865921787709494
2023-08-17,33850,35400,32050,32700,659366,-0.029673590504451064
2023-08-18,32950,37600,31950,36300,1480979,0.11009174311926606
2023-08-21,36300,36900,34650,34900,437525,-0.038567493112947604
2023-08-22,35600,36350,34550,36350,438725,0.04154727793696278
2023-08-23,37700,40900,37100,39500,1872157,0.08665749656121036
2023-08-24,38500,42500,37500,38950,1759748,-0.013924050632911356
2023-08-25,39150,41900,37750,39950,801990,0.025673940949935803
2023-08-28,41350,43400,39400,40400,711663,0.01126408010012514
2023-08-29,42000,50200,41400,50100,5825015,0.2400990099009901
2023-08-30,48800,52200,47850,51200,2245377,0.02195608782435121
2023-08-31,53000,62200,51800,55900,3473384,0.091796875
2023-09-01,55200,56900,51400,52500,879231,-0.06082289803220031
2023-09-04,52500,56000,50800,54200,757299,0.0323809523809524
2023-09-05,54400,68200,53800,64200,5726146,0.18450184501845013
2023-09-06,64500,68300,60600,65500,1829052,0.02024922118380057
2023-09-07,65800,69500,62000,63600,1458286,-0.02900763358778624
2023-09-08,64400,65000,58500,61500,995430,-0.03301886792452835
2023-09-11,62400,65500,58500,60400,1013491,-0.01788617886178867
2023-09-12,60500,63900,54700,56000,1070023,-0.07284768211920534
2023-09-13,56600,57500,53300,54400,719504,-0.02857142857142858
2023-09-14,54400,57300,52600,56200,658030,0.03308823529411775
2023-09-15,55300,56600,51700,51900,738890,-0.07651245551601427
2023-09-18,52100,52900,48400,49050,751075,-0.054913294797687806
2023-09-19,49350,49350,46000,47350,878291,-0.03465851172273193
2023-09-20,48150,48350,43650,45600,898646,-0.03695881731784578
2023-09-21,44500,46000,42850,43700,703614,-0.04166666666666663
2023-09-22,42550,44150,41900,42750,503653,-0.021739130434782594
2023-09-25,42500,42750,40250,40700,459271,-0.04795321637426897
2023-09-26,41750,42500,38650,38650,573239,-0.05036855036855037
2023-09-27,38400,39300,36700,39050,539016,0.010349288486416475
2023-10-04,38100,38100,34600,34600,595259,-0.11395646606914211
2023-10-05,35800,36100,33000,33550,513966,-0.030346820809248554
2023-10-06,33900,36400,33900,36000,592118,0.07302533532041733
2023-10-10,37850,38550,32200,32500,942838,-0.09722222222222221
2023-10-11,33650,35750,33500,34250,610700,0.05384615384615388
2023-10-12,34750,37500,34000,36350,688457,0.0613138686131387
2023-10-13,35700,35700,33650,35150,325368,-0.03301237964236592
2023-10-16,34050,34050,30950,31650,842398,-0.09957325746799428
2023-10-17,32250,32750,29650,30500,903289,-0.0363349131121643
2023-10-18,30500,30850,28300,28550,841572,-0.06393442622950818
2023-10-19,27850,28100,26100,26550,672657,-0.07005253940455336
2023-10-20,26100,26950,25100,25900,730202,-0.024482109227871973
2023-10-23,25550,26100,25100,25850,274838,-0.0019305019305019266
2023-10-24,26450,27300,23900,27150,997452,0.05029013539651839
2023-10-25,27850,27850,25950,26150,490366,-0.036832412523020275
2023-10-26,24700,26500,24350,25150,442585,-0.03824091778202676
2023-10-27,25850,27750,24900,27750,1024047,0.1033797216699801
2023-10-30,27850,29300,27100,28150,1113958,0.01441441441441449
2023-10-31,29100,30000,27050,27350,1167508,-0.028419182948490218
2023-11-01,27950,29350,27050,29150,563430,0.06581352833638032
2023-11-02,29700,36350,29550,34850,3671789,0.195540308747856
2023-11-03,36000,38850,34900,38150,2756019,0.09469153515064566
2023-11-06,37600,41450,35200,40650,2709938,0.06553079947575369
2023-11-07,40800,40850,37500,38300,1155644,-0.05781057810578105
2023-11-08,38800,39500,36650,37600,786916,-0.018276762402088753
2023-11-09,38050,42800,36600,36800,2869882,-0.021276595744680882
2023-11-10,35850,38450,35600,36700,813449,-0.0027173913043477826
2023-11-13,36800,37800,32900,33150,865607,-0.09673024523160767
2023-11-14,33150,38850,32350,38850,2129553,0.17194570135746612
2023-11-15,40900,40950,39150,39700,1052374,0.02187902187902191
2023-11-16,38350,39100,36000,37150,1340706,-0.0642317380352645
2023-11-17,36250,37000,35100,35750,860107,-0.037685060565275874
2023-11-20,35750,36650,35000,36100,546813,0.009790209790209836
2023-11-21,36550,38600,35500,38600,974861,0.06925207756232687
2023-11-22,37750,42600,37100,42100,2553446,0.09067357512953378
2023-11-23,43900,44600,40750,41100,1680640,-0.02375296912114011
2023-11-24,40650,46350,40500,46000,3188170,0.11922141119221408
2023-11-27,45650,48150,42750,46550,2263891,0.011956521739130421
2023-11-28,46200,46900,44500,46000,961194,-0.011815252416756183
2023-11-29,45500,49350,43050,44150,2006976,-0.04021739130434787
2023-11-30,44650,45450,42500,44550,1038926,0.009060022650056565
2023-12-01,43850,47000,43300,45550,1132786,0.022446689113355678
2023-12-04,44650,44950,42000,42450,780796,-0.0680570801317234
2023-12-05,41500,43000,39400,39750,657098,-0.06360424028268552
2023-12-06,39750,40450,38500,40050,452652,0.007547169811320753
2023-12-07,39200,39300,36800,37000,789319,-0.07615480649188511
2023-12-08,37450,41600,37200,41200,918798,0.11351351351351346
2023-12-11,39900,42600,39400,40450,754672,-0.01820388349514568
2023-12-12,40900,41650,39400,40650,348525,0.0049443757725586845
2023-12-13,40400,40400,38800,39750,360116,-0.022140221402214055
2023-12-14,40950,42250,40050,40400,699631,0.01635220125786163
2023-12-15,41050,41300,39700,40000,271554,-0.00990099009900991
2023-12-18,40350,42250,40350,41350,511566,0.03374999999999995
2023-12-19,41600,41700,39850,40100,402409,-0.030229746070132957
2023-12-20,41000,44000,40400,41950,1122230,0.046134663341645954
2023-12-21,42000,45350,41550,42900,1443972,0.022646007151370773
2023-12-22,42800,45250,41400,43650,1000000,0.0174825174825175
2023-12-26,43400,44400,41650,42050,477290,-0.03665521191294385
2023-12-27,42900,43800,42250,42850,550767,0.019024970273483932
2023-12-28,42900,43150,41500,42000,311323,-0.019836639439906656
2024-01-02,41850,41850,39700,40100,535907,-0.04523809523809519
2024-01-03,39550,39600,37600,38050,560670,-0.05112219451371569
2024-01-04,37450,38850,36000,36300,770959,-0.04599211563731931
2024-01-05,36750,37250,36100,36850,321003,0.015151515151515138
2024-01-08,37300,40450,36900,39250,882520,0.0651289009497964
2024-01-09,40550,41500,39750,40400,699523,0.029299363057324834
2024-01-10,41300,41350,38650,39350,419084,-0.025990099009901013
2024-01-11,39800,39850,38900,39000,209826,-0.008894536213468918
2024-01-12,38400,38700,37050,37650,295303,-0.0346153846153846
2024-01-15,38350,39950,38000,38450,409358,0.021248339973439556
2024-01-16,39000,39400,36700,37450,371634,-0.026007802340702213
2024-01-17,37450,37500,34550,34550,447593,-0.07743658210947935
2024-01-18,34300,35300,33400,34150,298620,-0.01157742402315487
2024-01-19,34900,35300,32700,33200,421563,-0.027818448023426035
2024-01-22,32900,33350,32050,33100,519812,-0.003012048192771122
2024-01-23,34300,35500,33300,34150,697735,0.031722054380664666
2024-01-24,34900,35000,33300,33700,289298,-0.013177159590043952
2024-01-25,33700,34000,31250,31700,596107,-0.05934718100890213
2024-01-26,31450,32100,30900,31200,422581,-0.01577287066246058
2024-01-29,31100,31150,29850,30300,487889,-0.028846153846153855
2024-01-30,30700,30850,29300,29800,343986,-0.01650165016501648
2024-01-31,29800,29900,29000,29150,185110,-0.021812080536912748
2024-02-01,28500,29450,28050,29000,342006,-0.005145797598627766
2024-02-02,29900,30550,28750,29300,317052,0.010344827586206806
2024-02-05,29000,29300,27800,28150,235833,-0.03924914675767921
2024-02-06,28150,28200,26650,27250,428356,-0.03197158081705154
2024-02-07,27500,27600,26350,26850,362803,-0.014678899082568808
2024-02-08,26850,27300,26600,26800,299651,-0.0018621973929237035
2024-02-13,27050,31000,26900,30400,831429,0.13432835820895517
2024-02-14,29400,32400,29400,30950,660325,0.018092105263157965
2024-02-15,31450,32100,30450,31550,361503,0.01938610662358653
2024-02-16,32700,34500,31450,32000,989907,0.014263074484944571
2024-02-19,32700,33450,31850,32100,413699,0.0031250000000000444
2024-02-20,32300,33500,31900,32450,476211,0.010903426791277315
2024-02-21,32800,32850,31050,31700,253986,-0.023112480739599373
2024-02-22,32300,33800,31700,33650,574654,0.061514195583596276
2024-02-23,34100,34550,32450,34200,487309,0.01634472511144125
2024-02-26,34450,35000,32500,32800,390064,-0.040935672514619936
2024-02-27,32500,32650,29850,30250,485821,-0.0777439024390244
2024-02-28,30400,30800,29950,30000,173053,-0.008264462809917328
2024-02-29,29900,30300,29250,29600,142612,-0.013333333333333308
2024-03-04,30150,30400,29000,29050,291043,-0.01858108108108103
2024-03-05,29050,29550,28500,29250,173654,0.0068846815834766595
2024-03-06,28800,31000,28400,29500,281718,0.008547008547008517
2024-03-07,30000,31850,29800,31150,459805,0.055932203389830404
2024-03-08,32000,32100,30650,31450,256352,0.009630818619582593
2024-03-11,31750,32450,30050,30050,314647,-0.04451510333863273
2024-03-12,30400,33350,30200,33050,826226,0.09983361064891838
2024-03-13,33900,35650,33850,34900,1225985,0.05597579425113475
2024-03-14,35000,36000,33400,35700,724700,0.022922636103151817
2024-03-15,35650,35650,34150,34400,404872,-0.036414565826330514
2024-03-18,34100,34650,33150,34150,323439,-0.007267441860465129
2024-03-19,33950,33950,33050,33300,224544,-0.024890190336749662
2024-03-20,33300,33350,32250,32250,207218,-0.03153153153153154
2024-03-21,32750,34350,32400,34200,324461,0.0604651162790697
2024-03-22,35000,36450,34300,35150,585069,0.02777777777777768
2024-03-25,35450,35500,33700,34700,266914,-0.012802275960170695
2024-03-26,35200,35600,32950,32950,374748,-0.050432276657060515
2024-03-27,33050,33100,31300,31950,355613,-0.030349013657056112
2024-03-28,32500,32650,31500,32250,194598,0.009389671361502261
2024-03-29,32100,32250,31350,31650,172983,-0.018604651162790753
2024-04-01,31700,34000,31500,34000,339297,0.07424960505529232
2024-04-02,34700,34700,31900,31900,362822,-0.061764705882352944
2024-04-03,32600,33400,31550,33400,253481,0.047021943573667624
2024-04-04,33400,33450,31600,31950,295347,-0.04341317365269459
2024-04-05,31100,31500,30400,30550,314857,-0.04381846635367759
2024-04-08,30800,30850,29000,29250,257423,-0.04255319148936165
2024-04-09,28800,29350,27950,28650,338306,-0.02051282051282055
2024-04-11,27800,28050,27200,27700,173247,-0.03315881326352532
2024-04-12,28200,29200,27650,28050,185043,0.012635379061371799
2024-04-15,27400,27700,26550,26800,205150,-0.0445632798573975
2024-04-16,26550,26700,25500,25800,194401,-0.03731343283582089
2024-04-17,25950,26350,25450,25450,161448,-0.013565891472868241
2024-04-18,25200,27200,25200,26950,165934,0.058939096267190516
2024-04-19,26750,26750,25150,26100,180804,-0.03153988868274582
2024-04-22,26100,28750,26100,28350,246590,0.0862068965517242
2024-04-23,29200,29500,27900,28450,214593,0.003527336860670305
2024-04-24,29150,29350,28400,28850,153613,0.014059753954305698
2024-04-25,28550,29350,27900,27900,95470,-0.032928942807625705
2024-04-26,28100,28750,27900,28300,85982,0.014336917562723928
2024-04-29,28400,28850,27850,28400,142613,0.0035335689045936647
2024-04-30,28700,29600,28200,28400,282691,0.0
2024-05-02,28200,28250,27050,27200,184657,-0.04225352112676062
2024-05-03,27350,27600,27000,27200,79049,0.0
2024-05-07,27600,27800,27150,27500,86066,0.011029411764705843
2024-05-08,27600,29100,27200,28800,149890,0.047272727272727355
2024-05-09,29450,31750,29350,29650,775321,0.02951388888888884
2024-05-10,29750,29950,28100,28250,231668,-0.04721753794266437
2024-05-13,28850,29250,26800,27450,241239,-0.02831858407079646
2024-05-14,27600,28700,27250,28400,173453,0.03460837887067392
2024-05-16,28850,29300,27950,28200,117762,-0.007042253521126751
2024-05-17,28450,31200,27800,30650,630311,0.08687943262411357
2024-05-20,30650,31350,30000,30700,393435,0.0016313213703098572
2024-05-21,30800,31500,29800,31050,369874,0.01140065146579805
2024-05-22,31150,31200,29900,30550,297396,-0.01610305958132041
2024-05-23,30550,30800,29500,29650,213924,-0.029459901800327315
2024-05-24,29200,29900,28900,29200,124638,-0.015177065767284947
2024-05-27,29200,29500,27850,28500,235438,-0.023972602739726012
2024-05-28,28300,28700,27800,27800,155551,-0.024561403508771895
2024-05-29,28100,28100,27150,27250,146500,-0.01978417266187049
2024-05-30,27150,28550,26850,27950,153865,0.025688073394495303
2024-05-31,27950,28750,27600,28750,152579,0.028622540250447193
2024-06-03,29100,29350,28250,28450,131527,-0.01043478260869568
2024-06-04,28300,29450,27900,28900,203914,0.01581722319859402
2024-06-05,29300,29900,28500,29300,211893,0.01384083044982698
2024-06-07,29100,29800,28850,29250,113685,-0.0017064846416382506
2024-06-10,29250,29250,27850,28250,177598,-0.03418803418803418
2024-06-11,28250,28500,27950,27950,106021,-0.010619469026548645
2024-06-12,28000,28850,27550,28050,187879,0.003577817531305927
2024-06-13,28200,28500,27400,27600,168247,-0.016042780748663055
2024-06-14,27600,27750,26200,26450,264466,-0.04166666666666663
2024-06-17,26250,26300,25600,26250,114091,-0.007561436672967825
2024-06-18,25950,28950,24800,27800,753210,0.059047619047619015
2024-06-19,28300,29000,26750,26950,366492,-0.030575539568345356
2024-06-20,27200,27450,26000,26100,176012,-0.03153988868274582
2024-06-21,26100,26100,24400,24850,370176,-0.04789272030651337
2024-06-24,24700,25850,24250,25150,213809,0.012072434607645954
2024-06-25,25050,25850,24800,25200,111873,0.001988071570576455
2024-06-26,25100,27050,24900,26550,294375,0.0535714285714286
2024-06-27,26700,27850,26250,26400,242377,-0.005649717514124242
2024-06-28,26500,28100,26500,27400,266684,0.037878787878787845
2024-07-01,28100,29000,27700,28650,336042,0.04562043795620441
2024-07-02,28800,29450,27950,28050,194288,-0.020942408376963373
2024-07-03,28400,28600,27550,27750,145866,-0.010695187165775444
