Date,Open,High,Low,Close,Volume,Change
2022-01-03,36200,36200,35600,35800,1458,-0.01377410468319562
2022-01-04,36200,36200,35450,35800,1920,0.0
2022-01-05,35800,35900,35600,35600,898,-0.005586592178770999
2022-01-06,35600,35600,34900,35300,3695,-0.008426966292134797
2022-01-07,35300,35450,35000,35350,419,0.0014164305949009304
2022-01-10,35800,35800,34450,34600,3082,-0.021216407355021172
2022-01-11,34450,35200,33850,34450,3921,-0.00433526011560692
2022-01-12,34400,35600,34400,35350,2151,0.026124818577648812
2022-01-13,35300,35550,34750,35200,1151,-0.004243281471004279
2022-01-14,34800,35200,34300,34750,2639,-0.01278409090909094
2022-01-17,34750,34750,33600,34700,3064,-0.0014388489208633226
2022-01-18,34700,34800,33250,33300,2781,-0.04034582132564846
2022-01-19,33000,33550,32150,32350,5163,-0.028528528528528496
2022-01-20,32350,32600,32150,32500,3546,0.004636785162287493
2022-01-21,32700,32850,32250,32850,2175,0.010769230769230864
2022-01-24,32700,32700,31500,31550,3693,-0.0395738203957382
2022-01-25,31800,31800,28650,28650,12416,-0.09191759112519815
2022-01-26,28750,29850,28700,29200,8359,0.01919720767888311
2022-01-27,28600,29400,28300,28650,4011,-0.018835616438356184
2022-01-28,27850,29750,27850,29750,5034,0.03839441535776622
2022-02-03,29500,30750,29500,30400,2295,0.02184873949579824
2022-02-04,30450,30700,30000,30700,1444,0.009868421052631637
2022-02-07,30700,30700,30150,30500,790,-0.006514657980456029
2022-02-08,31900,31900,30300,30350,1742,-0.004918032786885296
2022-02-09,30350,30950,30350,30850,1060,0.016474464579901094
2022-02-10,30850,31150,30650,31150,2428,0.009724473257698651
2022-02-11,31100,31100,30700,30900,1295,-0.008025682182985605
2022-02-14,30850,30850,30400,30600,1004,-0.009708737864077666
2022-02-15,30600,30650,30100,30300,1483,-0.009803921568627416
2022-02-16,30450,30800,30450,30800,1116,0.01650165016501659
2022-02-17,30850,30900,30450,30850,2031,0.0016233766233766378
2022-02-18,30100,30800,29950,30800,3050,-0.0016207455429497752
2022-02-21,30800,30800,30500,30750,858,-0.0016233766233766378
2022-02-22,30600,30600,30250,30550,963,-0.006504065040650375
2022-02-23,30300,30650,30300,30650,1022,0.003273322422258529
2022-02-24,30300,30700,29750,29750,3971,-0.029363784665579096
2022-02-25,30400,30700,29650,30550,1994,0.026890756302520913
2022-02-28,30550,31050,30400,30850,1785,0.009819967266775809
2022-03-02,30800,31600,30700,31450,1881,0.01944894651539708
2022-03-03,31200,31750,31200,31650,1193,0.006359300476947549
2022-03-04,31650,31700,31450,31700,1645,0.0015797788309637184
2022-03-07,31700,31700,30850,31300,1169,-0.012618296529968487
2022-03-08,30450,31700,30150,30150,2208,-0.036741214057507965
2022-03-10,30250,31300,30050,30250,1739,0.0033167495854062867
2022-03-11,30050,30600,29850,30250,2285,0.0
2022-03-14,30250,30350,30000,30100,548,-0.0049586776859503745
2022-03-15,30100,30500,29850,30200,2938,0.0033222591362125353
2022-03-16,30250,30450,30200,30350,304,0.004966887417218624
2022-03-17,30600,31000,30050,31000,1319,0.021416803953871577
2022-03-18,31000,31100,30800,31050,600,0.001612903225806539
2022-03-21,31050,31600,30950,31300,1395,0.008051529790660261
2022-03-22,31650,31650,30650,31400,1460,0.0031948881789136685
2022-03-23,31700,32300,31350,31650,3292,0.0079617834394905
2022-03-24,31700,31850,31000,31500,1782,-0.004739336492891044
2022-03-25,31550,31800,31000,31800,2338,0.00952380952380949
2022-03-28,31800,31800,31300,31700,1291,-0.0031446540880503138
2022-03-29,31750,31850,31350,31800,1078,0.003154574132492094
2022-03-30,31900,32650,31900,32400,3051,0.018867924528301883
2022-03-31,32450,32900,31050,32250,3094,-0.00462962962962965
2022-04-01,32250,32300,31800,32250,805,0.0
2022-04-04,32550,32550,32200,32300,1228,0.0015503875968991832
2022-04-05,32900,32900,32150,32400,1661,0.003095975232198178
2022-04-06,32000,32400,31850,32200,1153,-0.006172839506172867
2022-04-07,32200,33300,31950,33150,7706,0.029503105590062084
2022-04-08,33150,33500,32400,33300,5014,0.004524886877828038
2022-04-11,33350,33850,33200,33350,3966,0.0015015015015014122
2022-04-12,33300,33300,33000,33100,2269,-0.007496251874062998
2022-04-13,33300,33400,33150,33350,3915,0.007552870090634434
2022-04-14,33400,33500,32900,32900,4009,-0.013493253373313308
2022-04-15,33100,33300,32300,33000,2115,0.003039513677811634
2022-04-18,32550,33600,32550,33350,1618,0.010606060606060508
2022-04-19,33350,33550,33250,33250,1596,-0.0029985007496251548
2022-04-20,33300,33900,33000,33500,2999,0.007518796992481258
2022-04-21,33500,34000,33500,33950,2700,0.013432835820895495
2022-04-22,33950,34350,33850,34300,4835,0.010309278350515427
2022-04-25,34000,35450,33750,34750,8519,0.013119533527696792
2022-04-26,34200,35250,34200,34800,3812,0.0014388489208632116
2022-04-27,34500,34900,34300,34700,1409,-0.002873563218390829
2022-04-28,34800,34900,34500,34900,1129,0.0057636887608070175
2022-04-29,34900,35150,34800,35000,1633,0.002865329512893977
2022-05-02,34900,35100,34700,35050,1612,0.0014285714285713347
2022-05-03,35050,35150,34700,34700,1061,-0.0099857346647646
2022-05-04,35000,35000,34400,34550,719,-0.004322766570605152
2022-05-06,34750,34750,33850,34050,2051,-0.01447178002894356
2022-05-09,34250,34300,33250,33500,2669,-0.016152716593245242
2022-05-10,33450,33450,32750,33250,1205,-0.007462686567164201
2022-05-11,33450,33500,32750,33000,1699,-0.007518796992481258
2022-05-12,32950,32950,32600,32650,810,-0.010606060606060619
2022-05-13,32850,33350,32850,33350,1554,0.0214395099540583
2022-05-16,33400,33500,33200,33500,705,0.004497751124437732
2022-05-17,33500,33750,33400,33650,2038,0.004477611940298498
2022-05-18,33750,33800,33550,33700,3126,0.0014858841010401136
2022-05-19,33400,33400,33000,33300,1236,-0.011869436201780381
2022-05-20,33350,34150,33250,33550,1630,0.007507507507507505
2022-05-23,33650,33650,33000,33550,1220,0.0
2022-05-24,33600,33600,33100,33100,988,-0.01341281669150518
2022-05-25,33150,33200,32750,33050,828,-0.0015105740181269312
2022-05-26,33900,33900,32500,33100,1501,0.001512859304084735
2022-05-27,33150,33250,33050,33200,856,0.0030211480362538623
2022-05-30,33600,33900,33250,33600,3294,0.012048192771084265
2022-05-31,33650,35200,33600,34250,10043,0.019345238095238138
2022-06-02,34250,34500,33350,33450,3954,-0.023357664233576658
2022-06-03,33450,33750,33400,33700,2014,0.007473841554558991
2022-06-07,33700,33800,33400,33450,1753,-0.007418397626112738
2022-06-08,33700,34050,33500,33850,1891,0.01195814648729443
2022-06-09,33350,33950,33350,33850,809,0.0
2022-06-10,33850,34700,33600,34250,3762,0.011816838995568624
2022-06-13,34150,34150,33000,33350,4948,-0.026277372262773713
2022-06-14,32950,33000,32450,32450,3582,-0.026986506746626726
2022-06-15,32450,32450,31200,31400,2887,-0.03235747303543912
2022-06-16,31400,32200,31050,31350,6747,-0.0015923566878981443
2022-06-17,30700,30850,29950,30050,11805,-0.04146730462519932
2022-06-20,29000,29700,28800,29250,18443,-0.0266222961730449
2022-06-21,29000,29950,29000,29450,3076,0.006837606837606813
2022-06-22,29550,29850,28700,28850,3073,-0.02037351443123936
2022-06-23,28300,28950,27600,27700,5581,-0.03986135181975736
2022-06-24,27650,28550,27650,28500,3509,0.028880866425992746
2022-06-27,28550,30000,28550,29700,3974,0.042105263157894646
2022-06-28,29700,30100,29650,29950,1289,0.008417508417508435
2022-06-29,29800,30050,29500,29950,1192,0.0
2022-06-30,29800,29900,29300,29600,1093,-0.011686143572620988
2022-07-01,29350,29700,28950,29150,1360,-0.015202702702702742
2022-07-04,29150,29150,28450,28800,1707,-0.012006861063464824
2022-07-05,28900,33000,28900,29700,16155,0.03125
2022-07-06,29600,33300,29150,29700,27357,0.0
2022-07-07,29850,31800,29750,30200,6598,0.01683501683501687
2022-07-08,30450,31650,30200,30250,1161,0.0016556291390728006
2022-07-11,30450,31500,30250,30250,3644,0.0
2022-07-12,30300,30600,29200,29600,3215,-0.02148760330578514
2022-07-13,29600,29850,29300,29800,420,0.006756756756756799
2022-07-14,29800,30050,29500,30050,819,0.008389261744966348
2022-07-15,29800,30000,29600,29950,577,-0.0033277870216306127
2022-07-18,29800,30000,29800,30000,927,0.0016694490818029983
2022-07-19,30000,30150,29850,30050,1388,0.0016666666666667052
2022-07-20,30050,30500,30050,30400,903,0.011647254575707144
2022-07-21,30400,30500,30150,30450,1306,0.00164473684210531
2022-07-22,30450,30500,30100,30300,3323,-0.0049261083743842304
2022-07-25,30300,30350,30200,30300,1042,0.0
2022-07-26,30300,30300,29850,30150,1144,-0.004950495049504955
2022-07-27,30250,30250,29900,30000,852,-0.00497512437810943
2022-07-28,30150,30350,30050,30200,1029,0.006666666666666599
2022-07-29,30300,30950,30200,30800,2551,0.019867549668874274
2022-08-01,30650,31200,30650,31000,2993,0.006493506493506551
2022-08-02,31000,31000,30600,30650,891,-0.011290322580645107
2022-08-03,30650,31200,30550,30900,1548,0.00815660685154973
2022-08-04,31150,31150,30700,31000,1420,0.003236245954692629
2022-08-05,31000,31250,30950,31250,1705,0.008064516129032251
2022-08-08,31100,31200,30900,31150,1116,-0.0031999999999999806
2022-08-09,31150,31800,31000,31300,1612,0.0048154093097914075
2022-08-10,31300,31300,30600,30800,1170,-0.015974440894568676
2022-08-11,30900,31250,30300,31100,1150,0.009740259740259827
2022-08-12,31200,31800,31100,31450,611,0.0112540192926045
2022-08-16,31400,32000,31400,31750,1646,0.009538950715421324
2022-08-17,31700,31800,31500,31650,1410,-0.0031496062992125706
2022-08-18,31650,31650,31400,31550,231,-0.003159557661927326
2022-08-19,31550,31650,31000,31300,1669,-0.007923930269413626
2022-08-22,31000,31400,30800,31150,580,-0.004792332268370614
2022-08-23,30000,31150,30000,30300,2526,-0.027287319422150902
2022-08-24,31300,31300,30400,30750,694,0.014851485148514865
2022-08-25,31050,31050,30400,30800,807,0.001626016260162677
2022-08-26,31000,31250,30700,30950,1071,0.004870129870129913
2022-08-29,30200,30800,30150,30350,1161,-0.01938610662358642
2022-08-30,30600,30700,30200,30700,1607,0.011532125205930832
2022-08-31,30750,30750,30500,30750,463,0.0016286644951140072
2022-09-01,30750,30800,30350,30600,1193,-0.004878048780487809
2022-09-02,31500,31900,30800,30950,4051,0.011437908496731986
2022-09-05,30950,31100,30500,30600,2129,-0.011308562197092087
2022-09-06,31100,31100,30550,30650,1613,0.0016339869281045694
2022-09-07,30600,30900,30250,30600,2199,-0.0016313213703099683
2022-09-08,30600,30850,30450,30600,1388,0.0
2022-09-13,31200,31200,30700,30800,657,0.006535947712418277
2022-09-14,30700,30700,30350,30500,1352,-0.009740259740259716
2022-09-15,30450,31000,30400,30700,952,0.006557377049180246
2022-09-16,30700,30950,30550,30700,1242,0.0
2022-09-19,30700,31000,30300,30750,4178,0.0016286644951140072
2022-09-20,30850,30950,30500,30700,1732,-0.001626016260162566
2022-09-21,30700,30700,30500,30700,974,0.0
2022-09-22,30600,30750,30000,30350,1019,-0.01140065146579805
2022-09-23,30350,30600,29850,30050,1647,-0.009884678747940745
2022-09-26,30050,30100,28300,28500,3063,-0.0515806988352745
2022-09-27,28500,28650,27500,28000,5297,-0.01754385964912286
2022-09-28,28000,28000,26650,27400,1815,-0.021428571428571463
2022-09-29,27450,27750,27400,27450,1703,0.0018248175182482562
2022-09-30,27050,27400,26800,27250,1649,-0.007285974499089298
2022-10-04,27250,28300,27250,28300,1189,0.038532110091743066
2022-10-05,28350,28450,27850,28000,1492,-0.010600706713780883
2022-10-06,28000,29050,28000,28450,2047,0.016071428571428514
2022-10-07,28400,28500,28000,28500,761,0.0017574692442883233
2022-10-11,28500,28500,27650,27700,1518,-0.028070175438596467
2022-10-12,27700,27700,27300,27650,1023,-0.0018050541516245744
2022-10-13,27650,27650,26900,27200,921,-0.016274864376130238
2022-10-14,26500,27650,26500,27500,3637,0.011029411764705843
2022-10-17,27500,27600,27200,27300,971,-0.0072727272727273196
2022-10-18,27750,27900,27700,27850,1118,0.020146520146520075
2022-10-19,27950,28000,27700,27750,824,-0.0035906642728904536
2022-10-20,27750,27750,27250,27350,800,-0.014414414414414378
2022-10-21,27350,27350,26300,26800,3085,-0.020109689213894
2022-10-24,26850,27150,26850,27000,884,0.00746268656716409
2022-10-25,27000,27350,27000,27000,401,0.0
2022-10-26,27150,27400,26900,27250,1299,0.0092592592592593
2022-10-27,27250,27500,27250,27400,302,0.005504587155963359
2022-10-28,27400,27500,26900,27500,1765,0.0036496350364962904
2022-10-31,27500,27800,27400,27800,1263,0.01090909090909098
2022-11-01,27800,27800,27550,27800,800,0.0
2022-11-02,27800,27950,27800,27900,1094,0.003597122302158251
2022-11-03,27850,28000,27650,28000,1312,0.0035842293906809264
2022-11-04,28000,28250,28000,28250,1668,0.008928571428571397
2022-11-07,28250,28250,27950,28000,2418,-0.008849557522123908
2022-11-08,28300,28300,27800,27950,4583,-0.0017857142857142794
2022-11-09,28200,28200,27900,27950,906,0.0
2022-11-10,27950,28250,27700,27950,3180,0.0
2022-11-11,28100,28350,28000,28300,1645,0.012522361359570633
2022-11-14,28300,29100,28200,29000,3576,0.02473498233215543
2022-11-15,29150,29750,29000,29450,3054,0.01551724137931032
2022-11-16,29750,29800,29500,29600,1840,0.005093378607809784
2022-11-17,29600,29700,29250,29500,632,-0.0033783783783783994
2022-11-18,29500,29500,28500,29050,1267,-0.015254237288135575
2022-11-21,29150,29150,28600,28800,1186,-0.008605851979345935
2022-11-22,29500,29500,28350,28650,672,-0.00520833333333337
2022-11-23,28700,28700,28450,28700,3084,0.0017452006980802626
2022-11-24,28750,28750,28300,28500,3712,-0.006968641114982632
2022-11-25,28550,28550,28450,28550,422,0.0017543859649122862
2022-11-28,28650,28650,28400,28500,601,-0.0017513134851138146
2022-11-29,28550,29550,28500,29500,1509,0.03508771929824572
2022-11-30,29450,29500,28900,29300,2708,-0.006779661016949157
2022-12-01,29500,29600,28700,29150,3162,-0.005119453924914641
2022-12-02,29150,29450,29000,29300,1702,0.005145797598627766
2022-12-05,29300,29450,29050,29400,948,0.0034129692832765013
2022-12-06,29300,29450,29000,29100,1771,-0.010204081632653073
2022-12-07,29300,29300,28900,29100,520,0.0
2022-12-08,29250,29800,28700,29350,1400,0.00859106529209619
2022-12-09,29600,29600,29050,29350,572,0.0
2022-12-12,29350,29400,29100,29350,1383,0.0
2022-12-13,29500,29500,29000,29400,1397,0.0017035775127767216
2022-12-14,29400,29550,29250,29300,1458,-0.003401360544217691
2022-12-15,29400,29400,29000,29200,552,-0.0034129692832765013
2022-12-16,29200,29350,29000,29200,1432,0.0
2022-12-19,29200,29500,29200,29250,207,0.001712328767123239
2022-12-20,29200,29600,29100,29300,644,0.0017094017094017033
2022-12-21,29350,29350,29050,29250,553,-0.0017064846416382506
2022-12-22,29250,29450,29100,29350,639,0.0034188034188034067
2022-12-23,29350,29350,29100,29150,624,-0.006814310051107331
2022-12-26,29250,29250,29050,29200,6015,0.0017152658662091813
2022-12-27,29300,29800,29050,29100,3474,-0.003424657534246589
2022-12-28,29000,29000,28400,28500,1629,-0.020618556701030966
2022-12-29,28350,28450,27950,28000,1127,-0.01754385964912286
2023-01-02,28050,28200,27000,27800,2635,-0.0071428571428571175
2023-01-03,27300,27750,26950,27200,1668,-0.021582733812949617
2023-01-04,27200,27500,26950,27400,1605,0.007352941176470562
2023-01-05,27400,27500,27000,27050,1586,-0.012773722627737238
2023-01-06,27100,27250,27050,27250,793,0.007393715341959428
2023-01-09,27150,27400,27150,27400,493,0.005504587155963359
2023-01-10,27400,31300,27400,28200,31689,0.029197080291970767
2023-01-11,28200,28300,27900,28100,1648,-0.0035460992907800915
2023-01-12,28100,28100,27550,28100,2944,0.0
2023-01-13,28100,28250,27900,28000,2326,-0.003558718861209953
2023-01-16,28200,28300,28050,28050,1331,0.0017857142857142794
2023-01-17,28000,28400,27850,28100,809,0.0017825311942958333
2023-01-18,28300,28300,27900,28100,4409,0.0
2023-01-19,27700,28250,27700,28250,543,0.005338078291814874
2023-01-20,28300,28350,28100,28350,1440,0.003539823008849474
2023-01-25,28350,28450,27800,28350,4982,0.0
2023-01-26,28350,28450,28150,28400,1350,0.0017636684303350414
2023-01-27,28450,28900,28250,28800,2856,0.014084507042253502
2023-01-30,28900,28950,28650,28800,341,0.0
2023-01-31,28800,28800,28450,28500,2509,-0.01041666666666663
2023-02-01,28850,28850,28500,28500,734,0.0
2023-02-02,28800,28850,28550,28600,2000,0.0035087719298245723
2023-02-03,28700,28750,28500,28500,633,-0.0034965034965035446
2023-02-06,28450,28550,28200,28350,1610,-0.0052631578947368585
2023-02-07,28500,28600,28400,28400,1492,0.0017636684303350414
2023-02-08,28700,29200,28650,29100,4932,0.02464788732394374
2023-02-09,29100,29350,28850,29000,1716,-0.0034364261168384758
2023-02-10,29250,29300,28850,29300,2561,0.010344827586206806
2023-02-13,29050,29600,29050,29300,2075,0.0
2023-02-14,29250,29750,29200,29650,2611,0.011945392491467643
2023-02-15,29650,29800,28700,29050,4398,-0.0202360876897133
2023-02-16,29150,30200,29150,29750,3934,0.024096385542168752
2023-02-17,29800,30100,29350,29750,2076,0.0
2023-02-20,28950,30050,28950,29800,2442,0.001680672268907557
2023-02-21,30250,30250,29600,29750,2186,-0.001677852348993314
2023-02-22,29450,29850,29300,29300,1660,-0.015126050420168013
2023-02-23,29600,29950,28650,29800,2668,0.017064846416382284
2023-02-24,29750,30000,28300,29100,2023,-0.023489932885906062
2023-02-27,29100,29400,28350,28900,1878,-0.0068728522336769515
2023-02-28,28900,29450,28600,29100,3012,0.006920415224913601
2023-03-02,29400,29450,28300,29250,2798,0.005154639175257714
2023-03-03,29500,29500,29000,29350,1167,0.0034188034188034067
2023-03-06,29050,29450,28850,29200,1585,-0.005110732538330498
2023-03-07,29200,29200,28950,29200,2171,0.0
2023-03-08,29100,29250,28700,29000,2457,-0.006849315068493178
2023-03-09,28750,29250,28600,29000,1847,0.0
2023-03-10,29000,29000,28750,28850,478,-0.005172413793103403
2023-03-13,28800,28800,28250,28600,2761,-0.008665511265164683
2023-03-14,28050,28500,27500,28400,3898,-0.006993006993006978
2023-03-15,28400,28500,27750,28100,5597,-0.010563380281690127
2023-03-16,28050,28350,27550,27700,1363,-0.014234875444839812
2023-03-17,27550,28000,27550,27850,1653,0.005415162454873723
2023-03-20,27800,28200,27450,28200,3519,0.012567324955116588
2023-03-21,28200,28300,27650,27800,1666,-0.014184397163120588
2023-03-22,27850,28000,27650,27900,2123,0.003597122302158251
2023-03-23,27900,28050,27450,27850,3068,-0.0017921146953404632
2023-03-24,27800,28150,27550,27800,2140,-0.0017953321364452268
2023-03-27,27700,28100,27550,27800,3254,0.0
2023-03-28,28000,28050,27650,27900,1747,0.003597122302158251
2023-03-29,27900,28400,27750,27950,2784,0.0017921146953405742
2023-03-30,28000,28100,27650,27950,6736,0.0
2023-03-31,28050,28200,27700,28000,6409,0.0017889087656528524
2023-04-03,28150,28400,27800,27950,3343,-0.0017857142857142794
2023-04-04,27950,28200,27750,28000,1526,0.0017889087656528524
2023-04-05,28000,28000,27750,27850,1128,-0.005357142857142838
2023-04-06,27850,28200,27750,27850,2495,0.0
2023-04-07,27850,28500,27750,28150,2695,0.010771992818671361
2023-04-10,28100,28100,27500,27900,7363,-0.008880994671403242
2023-04-11,27900,28100,27500,28100,6937,0.007168458781362075
2023-04-12,28050,28450,27800,28300,5895,0.007117437722419906
2023-04-13,28200,29750,28100,29100,4986,0.028268551236749095
2023-04-14,28650,29550,28650,29100,3863,0.0
2023-04-17,29100,29450,28800,29350,6361,0.00859106529209619
2023-04-18,29350,29650,28700,29250,9321,-0.0034071550255536653
2023-04-19,29050,29500,29000,29100,2010,-0.00512820512820511
2023-04-20,29100,29300,28850,28850,2669,-0.00859106529209619
2023-04-21,28900,28950,28200,28700,5238,-0.005199306759098743
2023-04-24,28700,28750,28300,28600,6918,-0.0034843205574912606
2023-04-25,28850,28850,28000,28500,3920,-0.0034965034965035446
2023-04-26,28550,29850,28000,28450,9101,-0.0017543859649122862
2023-04-27,28500,28650,28100,28400,7739,-0.0017574692442882123
2023-04-28,28700,28800,28200,28500,2412,0.0035211267605634866
2023-05-02,28200,28800,28050,28600,6297,0.0035087719298245723
2023-05-03,28650,28700,28500,28650,1601,0.0017482517482516613
2023-05-04,28750,28850,28500,28850,2609,0.00698080279232105
2023-05-08,29250,29300,28850,29100,5794,0.008665511265164572
2023-05-09,29200,29350,28800,29150,4711,0.0017182130584192379
2023-05-10,29150,29350,28900,29300,5742,0.005145797598627766
2023-05-11,29350,29400,29050,29300,3927,0.0
2023-05-12,29350,29450,29000,29100,2473,-0.0068259385665528916
2023-05-15,28750,29250,28750,29250,9857,0.005154639175257714
2023-05-16,28900,29200,28800,29150,2085,-0.0034188034188034067
2023-05-17,29150,29250,28850,29150,3014,0.0
2023-05-18,29150,29250,28800,29250,2527,0.0034305317324185847
2023-05-19,29250,29500,28950,29350,3710,0.0034188034188034067
2023-05-22,29300,29450,29150,29400,4125,0.0017035775127767216
2023-05-23,29400,29700,29150,29550,5464,0.005102040816326481
2023-05-24,29500,29750,29250,29400,3407,-0.005076142131979711
2023-05-25,29400,29550,29300,29400,3058,0.0
2023-05-26,29400,29400,29200,29250,973,-0.005102040816326481
2023-05-30,29400,29400,28900,29400,4331,0.00512820512820511
2023-05-31,29400,29500,29100,29500,5409,0.00340136054421758
2023-06-01,29450,29700,29050,29500,4690,0.0
2023-06-02,29400,29950,29300,29800,5532,0.01016949152542379
2023-06-05,29950,30100,29650,30000,6040,0.006711409395973256
2023-06-07,30000,30500,30000,30500,4716,0.016666666666666607
2023-06-08,30300,30500,30150,30400,4332,-0.003278688524590123
2023-06-09,30400,30800,30200,30750,3736,0.011513157894736947
2023-06-12,30700,30750,30100,30350,5365,-0.013008130081300862
2023-06-13,30300,30500,30200,30300,2253,-0.0016474464579900872
2023-06-14,30350,30450,29850,29850,3509,-0.014851485148514865
2023-06-15,29900,30200,29850,30150,2932,0.01005025125628145
2023-06-16,30050,30400,29900,30150,5767,0.0
2023-06-19,30150,30400,29750,30100,3182,-0.0016583747927031434
2023-06-20,30100,30250,29900,30150,4696,0.0016611295681063787
2023-06-21,30100,30250,29850,29900,2548,-0.008291873963515717
2023-06-22,30000,30000,29550,29750,1844,-0.0050167224080267525
2023-06-23,29750,30150,29400,29700,4010,-0.001680672268907557
2023-06-26,29700,29950,29400,29450,6577,-0.008417508417508435
2023-06-27,29450,29750,29450,29700,2052,0.008488964346349714
2023-06-28,29500,29800,29500,29650,1616,-0.0016835016835017313
2023-06-29,29600,29900,29050,29700,3342,0.001686340640809414
2023-06-30,29300,29650,29050,29200,2151,-0.01683501683501687
2023-07-03,29300,29300,28850,29100,3369,-0.003424657534246589
2023-07-04,29250,29250,28550,28800,3411,-0.010309278350515427
2023-07-05,28900,28900,28400,28550,4724,-0.00868055555555558
2023-07-06,28350,28700,27100,27600,10476,-0.03327495621716292
2023-07-07,27600,27650,27250,27400,2746,-0.007246376811594235
2023-07-10,27400,27900,27250,27650,2865,0.009124087591240837
2023-07-11,27800,27800,27350,27700,2368,0.001808318264014508
2023-07-12,27550,27800,27400,27700,5912,0.0
2023-07-13,27450,28150,27300,27550,8664,-0.005415162454873612
2023-07-14,27650,27700,27500,27700,2412,0.005444646098003547
2023-07-17,27700,27700,27400,27450,2608,-0.009025270758122761
2023-07-18,27450,27700,27450,27500,1164,0.0018214936247722413
2023-07-19,27500,27750,27450,27550,1070,0.0018181818181817189
2023-07-20,27600,28350,27450,28200,9914,0.023593466424682408
2023-07-21,31900,34550,28500,29350,59747,0.04078014184397172
2023-07-24,29100,29300,28400,29100,11345,-0.008517887563884163
2023-07-25,28700,29550,28700,29300,7823,0.0068728522336769515
2023-07-26,29300,29300,27800,29150,6646,-0.005119453924914641
2023-07-27,29150,29200,28600,29000,4910,-0.005145797598627766
2023-07-28,28650,29000,28150,28600,6061,-0.01379310344827589
2023-07-31,28600,29250,28600,29000,2727,0.013986013986013957
2023-08-01,29200,29750,29000,29500,4665,0.01724137931034475
2023-08-02,29500,29700,29200,29350,4140,-0.005084745762711895
2023-08-03,29500,29700,28950,29450,5744,0.0034071550255536653
2023-08-04,29450,29600,29250,29450,2874,0.0
2023-08-07,29450,29500,29100,29300,3086,-0.005093378607809895
2023-08-08,29450,29550,28950,29000,4070,-0.010238907849829393
2023-08-09,29200,29450,29050,29450,3535,0.01551724137931032
2023-08-10,29450,29600,29350,29550,4818,0.00339558573853993
2023-08-11,29550,30200,29550,30150,8298,0.020304568527918843
2023-08-14,30200,30500,30000,30100,3612,-0.0016583747927031434
2023-08-16,30100,30100,29350,29600,5166,-0.01661129568106312
2023-08-17,29850,29850,28900,29450,3572,-0.0050675675675675436
2023-08-18,29700,31650,29300,30350,50337,0.03056027164685915
2023-08-21,32100,32500,30400,30850,51313,0.016474464579901094
2023-08-22,29950,30950,28600,30400,28143,-0.014586709886547866
2023-08-23,30150,30700,29900,30200,4812,-0.006578947368421018
2023-08-24,30000,30150,29850,30150,6259,-0.0016556291390728006
2023-08-25,30150,30500,29800,30100,3433,-0.0016583747927031434
2023-08-28,30100,30200,29750,30050,5580,-0.0016611295681062677
2023-08-29,30050,30250,29850,30050,3145,0.0
2023-08-30,30000,30900,30000,30650,7043,0.019966722129783676
2023-08-31,30850,30850,30400,30750,3219,0.0032626427406199365
2023-09-01,30850,30850,30250,30250,5442,-0.016260162601625994
2023-09-04,30200,30450,30050,30250,3414,0.0
2023-09-05,30200,30400,30050,30250,1784,0.0
2023-09-06,30300,30300,30000,30150,1429,-0.0033057851239669533
2023-09-07,30150,30400,29400,29750,8843,-0.013266998341625258
2023-09-08,29750,30700,29750,30300,7386,0.018487394957983128
2023-09-11,30350,30850,30200,30400,2298,0.0033003300330032292
2023-09-12,30400,30600,30000,30300,3764,-0.003289473684210509
2023-09-13,30300,30500,29850,30050,5835,-0.008250825082508295
2023-09-14,30300,30550,30050,30300,2105,0.008319467554076532
2023-09-15,30450,31000,30200,30500,7091,0.0066006600660066805
2023-09-18,30500,30950,30300,30650,3745,0.004918032786885185
2023-09-19,30700,32000,30050,31050,33626,0.013050570962479524
2023-09-20,31050,31450,30850,31300,4788,0.008051529790660261
2023-09-21,31300,33900,30550,30600,33716,-0.022364217252396124
2023-09-22,30600,31250,30450,31000,7644,0.013071895424836555
2023-09-25,30900,31150,30300,30600,7682,-0.012903225806451646
2023-09-26,30400,30900,29750,30150,6083,-0.014705882352941124
2023-09-27,29950,30200,29600,30100,3903,-0.0016583747927031434
2023-10-04,30300,30300,29000,29150,8747,-0.031561461794019974
2023-10-05,30000,30550,29350,29950,5080,0.027444253859348233
2023-10-06,29950,30300,29600,30250,4159,0.01001669449081799
2023-10-10,30600,30600,29900,30100,5232,-0.0049586776859503745
2023-10-11,30250,30400,29850,30300,3377,0.006644518272425293
2023-10-12,30050,30450,30050,30300,6064,0.0
2023-10-13,30300,30750,30100,30750,2622,0.014851485148514865
2023-10-16,30550,31150,30550,31100,8219,0.011382113821138296
2023-10-17,31300,31500,30250,31100,2432,0.0
2023-10-18,30800,31450,30650,30950,2897,-0.004823151125401881
2023-10-19,31000,31050,30150,30450,9786,-0.016155088852988664
2023-10-20,30150,30500,29500,30300,6238,-0.0049261083743842304
2023-10-23,30300,30400,29600,30000,3728,-0.00990099009900991
2023-10-24,30000,30100,29450,29750,5315,-0.008333333333333304
2023-10-25,29750,29900,29500,29750,3611,0.0
2023-10-26,29750,29750,28950,29300,5432,-0.015126050420168013
2023-10-27,29500,29550,28600,29200,3083,-0.0034129692832765013
2023-10-30,29300,29750,29100,29550,3467,0.011986301369863117
2023-10-31,29750,29750,29000,29200,3438,-0.011844331641285955
2023-11-01,29300,29650,28900,29150,8991,-0.001712328767123239
2023-11-02,29500,29550,28800,29300,2494,0.005145797598627766
2023-11-03,29400,29750,29400,29700,2541,0.013651877133105783
2023-11-06,29900,30250,29850,30050,2555,0.011784511784511675
2023-11-07,30050,30200,29750,30050,5335,0.0
2023-11-08,30100,30250,30000,30200,1205,0.004991680532445919
2023-11-09,30200,30450,30050,30450,1999,0.008278145695364225
2023-11-10,30350,30550,30050,30350,2427,-0.003284072249589487
2023-11-13,30400,30550,30000,30250,3425,-0.0032948929159802853
2023-11-14,30200,30600,30100,30350,6279,0.0033057851239668423
2023-11-15,30450,30800,30400,30600,3936,0.008237232289950658
2023-11-16,30750,30750,30350,30600,2741,0.0
2023-11-17,30550,30550,30250,30400,2211,-0.006535947712418277
2023-11-20,30500,30700,30350,30600,4313,0.006578947368421018
2023-11-21,30450,30700,30450,30600,750,0.0
2023-11-22,30800,31100,30550,31000,2763,0.013071895424836555
2023-11-23,31350,31350,30950,31100,3658,0.003225806451612856
2023-11-24,31100,31400,30900,31400,18183,0.009646302250803762
2023-11-27,31400,31600,31250,31450,7931,0.0015923566878981443
2023-11-28,31500,31500,31050,31350,6754,-0.0031796502384737746
2023-11-29,31100,31650,31050,31600,10841,0.00797448165869219
2023-11-30,31600,31800,31500,31650,4997,0.0015822784810126667
2023-12-01,31600,32400,31300,32150,15335,0.01579778830963674
2023-12-04,32250,33450,32250,33200,23902,0.03265940902021769
2023-12-05,33000,33600,32700,32850,11062,-0.010542168674698815
2023-12-06,33250,33250,31750,32800,4726,-0.0015220700152207556
2023-12-07,32800,32950,32200,32800,9368,0.0
2023-12-08,33200,33200,31950,32200,12172,-0.018292682926829285
2023-12-11,32500,32550,31350,31750,7403,-0.013975155279503104
2023-12-12,31750,31800,31400,31550,6258,-0.006299212598425252
2023-12-13,31700,31800,31300,31450,3586,-0.0031695721077654726
2023-12-14,31300,31800,31150,31300,5907,-0.004769475357710662
2023-12-15,31700,31700,31050,31300,4726,0.0
2023-12-18,31300,31500,31050,31300,5557,0.0
2023-12-19,31150,31600,31050,31350,2641,0.0015974440894568342
2023-12-20,31350,32050,31150,31700,7013,0.011164274322169154
2023-12-21,32050,32050,31500,31750,3194,0.001577287066246047
2023-12-22,31650,31950,31450,31850,14112,0.0031496062992126816
2023-12-26,31900,31950,31350,31450,14847,-0.012558869701726816
2023-12-27,31200,31200,30250,30400,5410,-0.03338632750397452
2023-12-28,30700,30700,30250,30600,4126,0.006578947368421018
2024-01-02,30600,31300,30450,30800,5761,0.006535947712418277
2024-01-03,30800,31350,30400,30500,4359,-0.009740259740259716
2024-01-04,30850,30900,30450,30600,1172,0.003278688524590123
2024-01-05,30800,30900,30400,30700,4189,0.0032679738562091387
2024-01-08,30700,30850,30500,30700,3764,0.0
2024-01-09,30800,30900,30500,30750,1318,0.0016286644951140072
2024-01-10,30750,30800,30300,30600,2139,-0.004878048780487809
2024-01-11,30500,30600,30450,30550,1701,-0.0016339869281045694
2024-01-12,30350,30550,30150,30400,4773,-0.004909983633387904
2024-01-15,30400,30450,29750,30250,1754,-0.004934210526315819
2024-01-16,30250,30650,29900,30150,2352,-0.0033057851239669533
2024-01-17,30200,30200,29150,29500,7064,-0.021558872305140975
2024-01-18,29900,29900,29250,29800,2622,0.01016949152542379
2024-01-19,29900,30150,29800,30100,2176,0.010067114093959662
2024-01-22,30100,30100,29850,30050,818,-0.0016611295681062677
2024-01-23,30050,30200,29750,30000,2145,-0.0016638935108153063
2024-01-24,29950,30050,29650,30050,6691,0.0016666666666667052
2024-01-25,30050,30150,28500,29900,4435,-0.004991680532445919
2024-01-26,29900,30150,29750,30050,2090,0.0050167224080268635
2024-01-29,29900,30450,29900,30200,2200,0.004991680532445919
2024-01-30,30450,30450,30000,30250,3153,0.0016556291390728006
2024-01-31,30450,30450,30150,30300,2451,0.0016528925619834212
2024-02-01,30300,31850,30300,31600,11955,0.04290429042904287
2024-02-02,31900,32100,31350,31900,6013,0.009493670886076
2024-02-05,32100,32500,31650,32400,9961,0.01567398119122254
2024-02-06,32400,32550,31600,31900,7647,-0.015432098765432056
2024-02-07,31900,32700,31900,32400,9170,0.01567398119122254
2024-02-08,32550,32650,32250,32300,4106,-0.0030864197530864335
2024-02-13,32300,32550,31900,32300,6801,0.0
2024-02-14,31800,32000,31600,31900,5346,-0.012383900928792602
2024-02-15,32250,32250,31350,31650,7462,-0.00783699059561127
2024-02-16,31950,31950,31500,31900,3366,0.00789889415481837
2024-02-19,31750,33000,31750,32850,11590,0.029780564263322873
2024-02-20,32900,33250,32350,32650,4860,-0.0060882800608828
2024-02-21,32900,32900,32300,32600,4492,-0.0015313935681470214
2024-02-22,32750,32750,32300,32500,7627,-0.0030674846625766694
2024-02-23,32750,33000,32150,32550,5025,0.0015384615384614886
2024-02-26,32850,32850,31700,31700,5024,-0.02611367127496156
2024-02-27,31700,32200,31250,31600,3004,-0.003154574132492094
2024-02-28,31850,32000,31450,31750,9646,0.004746835443038
2024-02-29,31750,31850,31400,31550,1859,-0.006299212598425252
2024-03-04,31750,31750,31450,31650,2605,0.0031695721077653616
2024-03-05,31900,31900,31450,31550,2103,-0.003159557661927326
2024-03-06,31900,32250,31800,31800,7201,0.007923930269413626
2024-03-07,32000,32200,31700,31900,1505,0.003144654088050425
2024-03-08,32050,32250,31500,32150,2950,0.00783699059561127
2024-03-11,32150,32450,31850,32100,3688,-0.0015552099533436836
2024-03-12,32300,32300,31550,31700,3677,-0.012461059190031154
2024-03-13,31950,32150,31850,32000,2243,0.009463722397476282
2024-03-14,32150,32200,31750,32150,2492,0.004687499999999956
2024-03-15,32600,32600,31600,31750,2338,-0.01244167962674958
2024-03-18,31900,31900,31550,31700,852,-0.0015748031496063408
2024-03-19,31900,32050,31500,31850,695,0.004731861198738141
2024-03-20,31950,32000,31700,31750,1123,-0.0031397174254317317
2024-03-21,31800,31950,31650,31850,1081,0.0031496062992126816
2024-03-22,31950,32000,31650,31850,1662,0.0
2024-03-25,32000,32000,31450,31600,3444,-0.00784929356357933
2024-03-26,31800,31800,31500,31700,5327,0.0031645569620253333
2024-03-27,31850,31850,31300,31750,2549,0.001577287066246047
2024-03-28,31900,31900,31400,31550,2351,-0.006299212598425252
2024-03-29,31550,31600,31300,31500,2573,-0.0015847860538826808
2024-04-01,31700,31700,31200,31300,1828,-0.006349206349206327
2024-04-02,31600,32400,31150,31700,8395,0.012779552715654896
2024-04-03,31350,31800,31200,31350,7194,-0.01104100946372244
2024-04-04,31350,31650,31200,31450,2410,0.0031897926634769647
2024-04-05,31600,31800,31300,31700,3032,0.007949125596184325
2024-04-08,32150,32150,31350,31500,2089,-0.006309148264984188
2024-04-09,31700,31700,31350,31400,2478,-0.0031746031746031633
2024-04-11,31250,31400,31150,31300,8502,-0.0031847133757961776
2024-04-12,31400,31550,30900,31100,2089,-0.006389776357827448
2024-04-15,31100,31200,30900,31000,2053,-0.003215434083601254
2024-04-16,31200,31200,29500,30100,6477,-0.029032258064516148
2024-04-17,30500,30500,30100,30300,2693,0.006644518272425293
2024-04-18,30500,30900,30350,30900,2267,0.01980198019801982
2024-04-19,31100,31400,30800,31000,1864,0.003236245954692629
2024-04-22,30800,31650,30800,31550,2896,0.01774193548387104
2024-04-23,31550,31650,31450,31600,1568,0.0015847860538826808
2024-04-24,31700,31950,31600,31900,3316,0.009493670886076
2024-04-25,31750,32000,31750,31950,3731,0.0015673981191222097
2024-04-26,31950,32150,31900,32100,3286,0.0046948356807512415
2024-04-29,32200,32500,32050,32250,3789,0.004672897196261738
2024-04-30,32250,32450,32100,32250,2513,0.0
2024-05-02,32000,32600,32000,32600,3233,0.010852713178294504
2024-05-03,32600,32700,32400,32550,1842,-0.0015337423312883347
2024-05-07,32550,32700,32300,32400,1744,-0.004608294930875556
2024-05-08,31900,32750,31900,32650,4016,0.007716049382715973
2024-05-09,32650,32650,32000,32300,2332,-0.01071975497702915
2024-05-10,32550,32550,31750,32000,3389,-0.009287925696594423
2024-05-13,32050,32100,31650,31850,2771,-0.004687499999999956
2024-05-14,31850,32150,31850,32100,1928,0.007849293563579218
2024-05-16,32100,32150,31800,31900,2734,-0.006230529595015577
2024-05-17,31700,32100,31650,32100,3373,0.006269592476489061
2024-05-20,32200,32300,32050,32250,2662,0.004672897196261738
2024-05-21,32200,32200,32000,32100,4648,-0.0046511627906976605
2024-05-22,32000,32300,31100,32150,9424,0.0015576323987538387
2024-05-23,32150,32500,31750,32350,2997,0.0062208398133747345
2024-05-24,32350,32650,32300,32500,20233,0.004636785162287493
2024-05-27,32500,32700,31750,32050,4418,-0.013846153846153841
2024-05-28,32250,32850,32050,32700,6920,0.020280811232449292
2024-05-29,32700,32850,32200,32650,5293,-0.001529051987767538
2024-05-30,32450,32550,32000,32400,1437,-0.007656967840735107
2024-05-31,32700,33400,31850,32300,29054,-0.0030864197530864335
2024-06-03,32800,33700,32300,32800,24420,0.015479876160990669
2024-06-04,32700,32950,31700,32300,8697,-0.015243902439024404
2024-06-05,32300,32500,31650,32100,7233,-0.006191950464396245
2024-06-07,32100,32950,32000,32550,4977,0.014018691588784993
2024-06-10,32550,32850,32150,32150,3401,-0.01228878648233489
2024-06-11,32200,32750,31550,32050,11961,-0.0031104199066873672
2024-06-12,32050,32400,31700,32000,2311,-0.0015600624024960652
2024-06-13,32200,32550,31950,32250,4162,0.0078125
2024-06-14,32250,32900,31900,32600,5788,0.010852713178294504
2024-06-17,32600,32600,32000,32400,2675,-0.006134969325153339
2024-06-18,32400,32650,32100,32100,1837,-0.0092592592592593
2024-06-19,32150,32700,32000,32050,2945,-0.0015576323987538387
2024-06-20,32000,33150,32000,32700,5815,0.020280811232449292
2024-06-21,32700,33050,32450,32850,7095,0.004587155963302836
2024-06-24,32900,33050,32150,32450,7135,-0.0121765601217656
2024-06-25,32200,32700,32200,32500,3162,0.0015408320493066618
2024-06-26,32500,32550,31850,32000,3857,-0.01538461538461533
2024-06-27,32000,32000,31500,31600,2873,-0.012499999999999956
2024-06-28,31650,33100,31600,32500,9398,0.028481012658227778
2024-07-01,32450,32900,31900,32500,3146,0.0
2024-07-02,32000,32550,32000,32400,6524,-0.003076923076923088
2024-07-03,32400,32400,31550,31850,12527,-0.016975308641975273
2024-07-04,32250,32450,31800,32100,3384,0.007849293563579218
2024-07-05,32100,32300,31950,31950,3547,-0.004672897196261627
2024-07-08,31900,32300,31750,32150,3654,0.006259780907668322
2024-07-09,31850,32200,31800,31900,7307,-0.007776049766718529
2024-07-10,31900,33450,31700,32000,10530,0.0031347962382444194
2024-07-11,32200,32300,31800,32100,2814,0.0031250000000000444
2024-07-12,32100,32500,31900,32200,2301,0.0031152647975076775
2024-07-15,32200,32300,32000,32200,1677,0.0
2024-07-16,32400,32400,31950,32250,1289,0.0015527950310558758
2024-07-17,32050,32450,31900,32200,3550,-0.0015503875968991832
2024-07-18,32250,32500,32000,32150,2030,-0.0015527950310558758
2024-07-19,32150,32500,31900,32250,6164,0.0031104199066873672
2024-07-22,32400,32500,32050,32450,7892,0.006201550387596955
2024-07-23,32450,32800,32250,32750,4774,0.009244992295839749
2024-07-24,32500,32900,32500,32700,4533,-0.0015267175572518665
2024-07-25,32500,33100,32150,32900,5610,0.006116207951070374
2024-07-26,32900,33500,32850,33450,6066,0.016717325227963542
2024-07-29,33450,34150,31900,33750,18893,0.008968609865470878
2024-07-30,33800,34000,33450,33950,4875,0.00592592592592589
2024-07-31,33950,34200,33700,34000,2666,0.0014727540500736325
2024-08-01,34250,34250,33750,34050,3331,0.0014705882352941124
2024-08-02,34050,34050,32450,32600,6003,-0.042584434654919234
2024-08-05,32550,32750,30800,31300,22380,-0.039877300613496924
2024-08-06,31800,32600,31500,31950,7891,0.02076677316293929
2024-08-07,32500,32700,31600,31900,3776,-0.0015649452269170805
2024-08-08,31700,32200,31700,31950,1741,0.0015673981191222097
2024-08-09,31900,32300,31100,32200,2002,0.00782472613458518
2024-08-12,32100,33500,32100,32700,7268,0.01552795031055898
2024-08-13,32700,33000,32250,32700,2786,0.0
2024-08-14,32700,32800,32200,32550,1669,-0.004587155963302725
2024-08-16,32900,33000,31950,32850,7476,0.009216589861751112
2024-08-19,32850,33100,32400,33050,9991,0.0060882800608828
2024-08-20,33050,33300,32600,33300,8814,0.0075642965204236745
2024-08-21,33200,33750,33200,33650,8158,0.010510510510510551
2024-08-22,33650,33650,32500,33000,4113,-0.019316493313521588
2024-08-23,33450,33450,32600,32950,2354,-0.0015151515151514694
2024-08-26,32900,33150,32700,33100,5935,0.004552352048558417
2024-08-27,32950,33250,32900,33250,1046,0.004531722054380571
2024-08-28,32900,33300,32900,33100,2426,-0.004511278195488688
2024-08-29,33200,33200,32500,32500,2750,-0.01812688821752262
2024-08-30,32050,33050,32050,32900,1931,0.012307692307692353
2024-09-02,32900,32950,32500,32800,1483,-0.003039513677811523
2024-09-03,32850,32950,32450,32950,1321,0.004573170731707377
2024-09-04,32850,32950,32400,32850,3359,-0.003034901365705611
2024-09-05,32950,32950,32250,32300,1038,-0.016742770167427756
2024-09-06,32400,32400,31850,31850,1624,-0.01393188854489169
2024-09-09,31800,32150,31200,31800,2454,-0.0015698587127158659
2024-09-10,31700,32150,31700,32000,679,0.0062893081761006275
2024-09-11,31750,32800,31750,31800,2331,-0.006249999999999978
2024-09-12,31900,32000,31750,31800,3521,0.0
2024-09-13,32450,32450,31500,31900,1114,0.003144654088050425
2024-09-19,31900,32200,31450,31750,2091,-0.00470219435736674
2024-09-20,32000,32900,31800,31900,3608,0.0047244094488188
2024-09-23,31900,32150,31850,31900,530,0.0
2024-09-24,32200,32200,31750,32000,1264,0.0031347962382444194
2024-09-25,32000,32600,31700,32050,430,0.0015624999999999112
2024-09-26,32250,32300,31900,31950,2047,-0.0031201248049922414
2024-09-27,32300,32300,31550,32000,686,0.0015649452269170805
2024-09-30,32000,32000,31700,31950,788,-0.0015625000000000222
2024-10-02,31900,32000,31550,31600,2369,-0.010954616588419452
2024-10-04,32300,32300,31200,31300,2209,-0.009493670886076
2024-10-07,31600,32850,31200,31350,8651,0.0015974440894568342
2024-10-08,31350,31750,31050,31300,4330,-0.0015948963317384823
2024-10-10,31500,31600,31050,31400,4683,0.0031948881789136685
2024-10-11,31400,31800,31200,31450,2437,0.0015923566878981443
2024-10-14,31500,31650,31200,31300,2503,-0.004769475357710662
2024-10-15,31300,31400,30950,31300,2585,0.0
2024-10-16,31300,31750,31050,31300,3340,0.0
2024-10-17,31300,31400,31200,31300,1993,0.0
2024-10-18,31300,31300,31100,31250,825,-0.0015974440894568342
2024-10-21,31250,31350,31050,31250,1876,0.0
2024-10-22,31150,31350,31100,31350,2764,0.0032000000000000917
2024-10-23,31350,31550,31050,31250,3262,-0.0031897926634768536
2024-10-24,31250,31950,31050,31050,3388,-0.006399999999999961
2024-10-25,31050,31350,30900,31100,2259,0.0016103059581320522
2024-10-28,31050,31400,30950,31350,3408,0.008038585209003246
2024-10-29,31400,31400,30650,31100,5295,-0.00797448165869219
2024-10-30,31100,31100,30850,31050,500,-0.001607717041800627
2024-10-31,30900,31050,30800,30950,616,-0.0032206119162641045
2024-11-01,30950,31000,30900,30950,1099,0.0
2024-11-04,31450,31450,30900,31000,142,0.001615508885298933
2024-11-05,31250,31400,30800,30950,7926,-0.001612903225806428
2024-11-06,30950,31400,30900,30950,6158,0.0
2024-11-07,30850,31300,30800,31150,2045,0.00646203554119551
2024-11-08,31150,32200,30950,32200,2459,0.03370786516853941
2024-11-11,31300,32300,31300,31900,13197,-0.009316770186335366
2024-11-12,32000,32100,31350,31400,2820,-0.01567398119122254
2024-11-13,31750,31750,30800,30850,3804,-0.017515923566879033
2024-11-14,30850,30950,30450,30850,3246,0.0
2024-11-15,31200,31250,30400,30600,9364,-0.008103727714748765
2024-11-18,30350,31050,30350,30900,2779,0.009803921568627416
2024-11-19,30850,31500,30800,31450,1860,0.017799352750809128
2024-11-20,31000,31750,31000,31350,4881,-0.0031796502384737746
2024-11-21,31450,31800,31400,31750,1768,0.012759170653907415
2024-11-22,31400,31900,31400,31750,1440,0.0
2024-11-25,31500,31950,30150,31750,3792,0.0
2024-11-26,31750,32000,31750,32000,1198,0.007874015748031482
2024-11-27,31950,33150,31500,33150,7298,0.035937499999999956
2024-11-28,32800,33300,32000,33100,10898,-0.0015082956259426794
2024-11-29,33100,33100,32000,32650,7221,-0.013595166163142047
2024-12-02,32200,32800,31900,32100,7742,-0.016845329249617125
2024-12-03,32000,32850,32000,32400,4655,0.009345794392523255
2024-12-04,31250,32600,31250,32350,5901,-0.0015432098765432167
2024-12-05,32650,32650,31700,31850,7847,-0.015455950540958274
2024-12-06,31850,32400,31100,32000,7715,0.0047095761381474865
2024-12-09,31000,32000,30750,31800,8549,-0.006249999999999978
2024-12-10,31750,32900,31700,32600,3321,0.02515723270440251
2024-12-11,32600,33000,32350,32600,2062,0.0
2024-12-12,32550,32900,32250,32700,1739,0.0030674846625766694
2024-12-13,32700,32850,32500,32600,1042,-0.003058103975535187
2024-12-16,32600,32750,31750,32200,3933,-0.012269938650306789
2024-12-17,32450,32450,32000,32200,2226,0.0
2024-12-18,32350,32350,32000,32050,99,-0.004658385093167738
2024-12-19,32050,32200,31550,32100,924,0.0015600624024960652
2024-12-20,32100,32100,31650,31700,620,-0.012461059190031154
2024-12-23,32000,32100,31750,32000,786,0.009463722397476282
2024-12-24,31900,32200,31500,32200,874,0.006250000000000089
2024-12-26,32400,32400,31700,31850,1302,-0.010869565217391353
2024-12-27,31850,31950,31400,31900,3681,0.0015698587127157548
2024-12-30,32000,32050,31900,32000,234,0.0031347962382444194
2025-01-02,32000,32450,31700,31800,3653,-0.006249999999999978
2025-01-03,32200,32200,31850,31950,1360,0.004716981132075526
2025-01-06,32000,32050,31600,31950,1222,0.0
2025-01-07,31950,32300,31850,31900,625,-0.0015649452269170805
2025-01-08,32000,32250,31500,32250,4370,0.01097178683385569
2025-01-09,32250,33500,31850,32050,7433,-0.006201550387596955
2025-01-10,32050,32600,31800,31950,6416,-0.0031201248049922414
2025-01-13,31900,32500,31550,32050,8528,0.003129890453834161
2025-01-14,32200,32200,31650,31850,4672,-0.006240249609984372
2025-01-15,31850,32350,31850,32050,1841,0.006279434850863463
2025-01-16,31900,32200,31700,31950,1955,-0.0031201248049922414
2025-01-17,31800,32350,31700,31800,6408,-0.0046948356807511304
2025-01-20,31700,31900,31450,31550,1462,-0.00786163522012584
2025-01-21,31600,32200,31500,31650,4791,0.0031695721077653616
2025-01-22,31650,32150,31400,31700,3712,0.0015797788309637184
2025-01-23,31600,32000,31250,31550,5182,-0.004731861198738141
2025-01-24,31650,31950,31300,31650,1039,0.0031695721077653616
2025-01-31,31650,31900,31350,31450,4981,-0.006319115323854652
2025-02-03,31450,31550,31200,31450,3724,0.0
2025-02-04,31550,31800,31400,31400,667,-0.0015898251192368873
2025-02-05,31700,32300,31400,31900,5213,0.015923566878981
2025-02-06,31900,32300,31500,31700,6136,-0.006269592476489061
2025-02-07,31950,31950,31600,31650,661,-0.001577287066246047
2025-02-10,31650,31800,30950,31500,6077,-0.004739336492891044
2025-02-11,31300,31900,31300,31450,4428,-0.0015873015873015817
2025-02-12,31400,31700,31350,31500,1722,0.0015898251192367763
2025-02-13,31650,31900,31400,31800,1493,0.00952380952380949
2025-02-14,31800,31850,31250,31750,3452,-0.0015723270440252124
2025-02-17,31700,32150,31550,32100,2647,0.011023622047244164
2025-02-18,32150,32600,32100,32200,1621,0.0031152647975076775
2025-02-19,31900,32350,31750,32100,3360,-0.0031055900621117516
2025-02-20,31900,32250,31900,32050,783,-0.0015576323987538387
2025-02-21,32050,32400,31850,32350,2856,0.009360374414976613
2025-02-24,32350,32700,32000,32300,4857,-0.0015455950540957941
2025-02-25,32150,32550,32150,32300,701,0.0
2025-02-26,32300,32600,31650,32050,4211,-0.007739938080495334
2025-02-27,32000,32150,31750,31950,3832,-0.0031201248049922414
2025-02-28,31800,31950,31450,31800,3617,-0.0046948356807511304
2025-03-04,31800,32200,31800,31950,3232,0.004716981132075526
2025-03-05,31850,33350,31850,32850,7384,0.028169014084507005
2025-03-06,32850,33250,32700,33000,5439,0.004566210045662045
2025-03-07,32700,33100,32150,32750,7535,-0.007575757575757569
2025-03-10,32750,33250,32750,32950,5195,0.006106870229007688
2025-03-11,32950,33550,32650,32900,4227,-0.0015174506828528056
2025-03-12,32950,33300,32700,33150,5772,0.0075987841945288626
2025-03-13,33150,33500,32900,33000,4023,-0.004524886877828038
2025-03-14,33050,33500,33000,33500,7129,0.015151515151515138
2025-03-17,33550,34050,33250,33800,13093,0.008955223880596996
2025-03-18,34000,34050,33150,33650,2571,-0.004437869822485174
2025-03-19,33800,34100,33350,33950,2276,0.008915304606240682
2025-03-20,33750,34500,33750,33850,3588,-0.002945508100147265
2025-03-21,33500,34250,33100,33900,6374,0.001477104874446189
2025-03-24,33950,35500,33150,33800,6770,-0.002949852507374673
2025-03-25,34350,34350,32700,32700,7373,-0.03254437869822491
2025-03-26,32700,34150,32650,33700,8068,0.030581039755351647
2025-03-27,33700,34150,33100,33800,2120,0.0029673590504450953
2025-03-28,32550,33400,32500,32750,5189,-0.031065088757396442
2025-03-31,32750,32750,32000,32100,5159,-0.01984732824427482
2025-04-01,32100,32500,32050,32350,3386,0.007788161993769416
2025-04-02,32100,33050,32100,32800,10898,0.01391035548686248
2025-04-03,32800,32800,32450,32600,3035,-0.0060975609756097615
2025-04-04,32600,32600,32050,32450,8972,-0.004601226993865004
2025-04-07,32450,32450,31650,31700,1986,-0.023112480739599373
2025-04-08,31750,32450,31750,32250,1900,0.017350157728706517
2025-04-09,32050,32350,31950,32100,2228,-0.0046511627906976605
2025-04-10,32300,32750,31900,32350,12187,0.007788161993769416
2025-04-11,32350,32350,32000,32050,2997,-0.009273570324574987
2025-04-14,32350,32550,32250,32550,1834,0.015600624024961096
2025-04-15,32550,32900,32500,32850,1320,0.009216589861751112
2025-04-16,32750,33450,32750,32800,6485,-0.0015220700152207556
2025-04-17,32800,33450,32700,33300,2433,0.015243902439024293
2025-04-18,33300,33600,33200,33550,1554,0.007507507507507505
2025-04-21,33550,33800,33400,33750,1608,0.005961251862891315
2025-04-22,33800,34450,33300,33900,5159,0.004444444444444473
2025-04-23,33900,34150,33450,34050,4085,0.004424778761061843
2025-04-24,33700,34850,33700,34550,9001,0.014684287812041008
2025-04-25,34800,35200,33450,35050,7070,0.01447178002894356
2025-04-28,35000,35850,34500,35300,17709,0.007132667617689048
2025-04-29,35300,35650,35000,35350,7909,0.0014164305949009304
2025-04-30,35550,35600,34650,35400,13470,0.0014144271570013522
2025-05-02,35500,35800,34600,34650,20728,-0.021186440677966156
2025-05-07,34650,35800,34650,35350,15130,0.02020202020202011
2025-05-08,35800,35800,35000,35600,11085,0.007072135785006983
2025-05-09,35700,35700,35200,35550,1910,-0.001404494382022503
2025-05-12,35500,36100,35500,35750,3825,0.005625879043600568
2025-05-13,35750,36100,35650,36000,5769,0.006993006993007089
2025-05-14,35700,36100,35700,36050,2429,0.001388888888888884
2025-05-15,36000,36700,35750,36350,5834,0.00832177531206657
2025-05-16,36000,36600,35650,36000,11092,-0.009628610729023435
2025-05-19,35100,36800,35000,35850,38351,-0.004166666666666652
2025-05-20,36000,36600,35600,36350,14955,0.013947001394700065
2025-05-21,36300,36750,35750,36200,5416,-0.004126547455295726
2025-05-22,36000,36650,35750,36000,8803,-0.0055248618784530246
2025-05-23,36000,36850,35800,35950,12605,-0.001388888888888884
2025-05-26,36000,36400,36000,36200,4710,0.006954102920723182
2025-05-27,36000,37700,35900,37500,10831,0.035911602209944826
2025-05-28,37300,38500,37300,38100,3924,0.016000000000000014
2025-05-29,37500,39450,37500,39150,6373,0.027559055118110187
2025-05-30,39150,39250,37150,37650,13669,-0.03831417624521072
2025-06-02,37650,38650,37500,37900,17766,0.006640106241699861
2025-06-04,38000,40450,37750,40150,11169,0.05936675461741414
2025-06-05,39900,40500,39750,39950,7788,-0.00498132004981322
2025-06-09,39950,41000,39750,40400,8974,0.01126408010012514
2025-06-10,40200,40550,39800,39800,9595,-0.014851485148514865
2025-06-11,39900,40350,39450,39950,10807,0.0037688442211054607
2025-06-12,40200,41100,39900,40850,5424,0.02252816020025028
2025-06-13,40300,40850,39600,40500,7645,-0.008567931456548328
2025-06-16,39800,41250,39750,41100,6824,0.014814814814814836
2025-06-17,40600,41600,40450,40750,3308,-0.008515815085158196
2025-06-18,40100,41000,39600,39600,5417,-0.02822085889570547
2025-06-19,39650,40850,39500,40250,11568,0.016414141414141437
2025-06-20,40000,40500,39700,40200,9037,-0.001242236024844745
2025-06-23,40050,42550,40000,42500,10850,0.05721393034825861
2025-06-24,42100,43000,41800,42350,4805,-0.003529411764705892
2025-06-25,41750,42750,41250,42200,12860,-0.0035419126328217754
2025-06-26,41700,43300,40850,41900,5169,-0.007109004739336511
2025-06-27,42050,43800,42050,43200,9321,0.031026252983293645
2025-06-30,42800,43900,42800,43500,7368,0.00694444444444442
2025-07-01,43250,44700,43250,44300,7471,0.01839080459770126
2025-07-02,44450,44450,42900,44000,5829,-0.006772009029345383
2025-07-03,44000,44700,43800,44300,4298,0.006818181818181834
2025-07-04,44600,44600,42600,42600,3905,-0.038374717832957095
2025-07-07,42300,43550,42300,43550,4597,0.02230046948356801
2025-07-08,43300,44100,43050,44100,3428,0.012629161882893314
2025-07-09,44100,44950,44100,44850,4195,0.017006802721088343
2025-07-10,45500,45550,44550,45350,4269,0.011148272017837302
2025-07-11,45600,45850,44750,45250,3835,-0.0022050716648290836
2025-07-14,45250,45500,44850,45300,3926,0.0011049723756906271
2025-07-15,45500,45500,44800,45100,1771,-0.004415011037527616
2025-07-16,45100,45600,44800,44900,3231,-0.0044345898004434225
2025-07-17,44950,45000,43500,43750,6965,-0.025612472160356337
2025-07-18,43750,43750,42100,42150,9717,-0.03657142857142859
2025-07-21,42150,43300,41950,42400,2382,0.005931198102016699
2025-07-22,42600,42600,40650,41650,4745,-0.017688679245283057
2025-07-23,42350,42500,41450,41850,2815,0.004801920768307433
2025-07-24,41900,42050,40650,40800,3019,-0.02508960573476704
2025-07-25,40800,40800,40400,40650,3296,-0.003676470588235281
2025-07-28,40700,40700,38100,38950,13949,-0.04182041820418203
2025-07-29,38950,39500,38650,38800,4307,-0.0038510911424903815
2025-07-30,38800,39050,38250,38350,4019,-0.011597938144329856
2025-07-31,38500,38500,37850,37900,3519,-0.011734028683181186
2025-08-01,37900,37900,36100,36450,6534,-0.03825857519788922
2025-08-04,36400,37250,36100,37200,2838,0.020576131687242816
2025-08-05,37450,38900,37400,38900,2849,0.045698924731182755
2025-08-06,39050,40000,38800,39050,2203,0.003856041131105492
2025-08-07,39050,39950,38550,39500,2541,0.011523687580025532
2025-08-08,39100,39150,38650,39100,1279,-0.010126582278481067
2025-08-11,39200,39350,37300,37450,4567,-0.0421994884910486
2025-08-12,37450,37750,36600,36900,3278,-0.014686248331108098
2025-08-13,36950,36950,36350,36550,3131,-0.009485094850948506
2025-08-14,36600,37075,36200,36300,2640,-0.0068399452804377425
2025-08-18,36550,36550,35750,35750,1697,-0.015151515151515138
2025-08-19,36000,36000,34950,35350,4657,-0.01118881118881121
2025-08-20,35900,35900,34050,34950,10249,-0.011315417256011262
2025-08-21,35950,35950,35050,35850,2633,0.025751072961373467
2025-08-22,36100,36600,35500,35600,3782,-0.006973500697350032
2025-08-25,35950,35950,35700,35950,684,0.00983146067415741
2025-08-26,35950,35950,35400,35550,2395,-0.011126564673157202
2025-08-27,35950,35950,34950,35300,4066,-0.007032348804500654
2025-08-28,35950,36150,35100,35700,3770,0.011331444759206777
2025-08-29,35850,35900,35600,35700,683,0.0
2025-09-01,35850,35850,35250,35850,662,0.004201680672268893
2025-09-02,36000,36050,35500,35900,2401,0.001394700139470073
2025-09-03,35950,35950,35300,35450,4052,-0.012534818941504211
2025-09-04,35600,35900,35500,35700,2624,0.007052186177715081
2025-09-05,35900,36050,35700,36050,706,0.009803921568627416
2025-09-08,36250,36500,35700,36300,3371,0.006934812760055475
2025-09-09,36900,36950,36550,36900,1868,0.016528925619834656
2025-09-10,36900,37300,36550,37000,3141,0.0027100271002709064
2025-09-11,37100,37350,36850,37150,2338,0.004054054054054124
2025-09-12,37150,37300,36700,37250,2089,0.0026917900403768957
2025-09-15,37250,37850,36100,37500,7248,0.006711409395973256
2025-09-16,37750,38300,37650,37950,2692,0.01200000000000001
2025-09-17,38150,38150,37450,37850,2072,-0.0026350461133070047
2025-09-18,37850,37850,37350,37600,1102,-0.006605019815059454
2025-09-19,37650,37700,36800,37150,5598,-0.01196808510638303
2025-09-22,37200,37600,37200,37500,2720,0.009421265141319024
2025-09-23,37750,37750,36750,37000,2529,-0.013333333333333308
2025-09-24,37450,37450,36600,36950,4397,-0.0013513513513513375
2025-09-25,36950,36950,36650,36750,779,-0.005412719891745632
2025-09-26,37100,37100,35700,35950,2825,-0.0217687074829932
2025-09-29,36400,37850,36300,37350,9295,0.03894297635605004
2025-09-30,37350,37500,36850,37150,342,-0.0053547523427041055
2025-10-01,36950,36950,36350,36500,2499,-0.01749663526244949
2025-10-02,37000,37450,36600,37000,2383,0.013698630136986356
2025-10-10,37150,37150,36100,36150,4940,-0.02297297297297296
2025-10-13,36150,36150,35150,35250,5903,-0.024896265560165998
2025-10-14,35250,35600,34300,34300,2527,-0.026950354609929117
2025-10-15,34500,36000,34450,36000,2732,0.04956268221574334
2025-10-16,35900,35950,35450,35550,1364,-0.012499999999999956
2025-10-17,35900,35900,35000,35250,1878,-0.008438818565400852
2025-10-20,35100,35450,34650,35000,5557,-0.007092198581560294
2025-10-21,35250,35350,34550,35200,6347,0.005714285714285783
2025-10-22,35200,36400,34800,36350,4455,0.032670454545454586
2025-10-23,36350,36650,36100,36400,1991,0.0013755158184318717
2025-10-24,36350,37100,36200,37050,5743,0.017857142857142794
2025-10-27,37050,39300,37050,38300,10886,0.03373819163292846
2025-10-28,38400,40050,37750,39950,8693,0.04308093994778073
2025-10-29,40050,40200,39150,39900,3518,-0.0012515644555695093
2025-10-30,39900,39900,38250,39100,3650,-0.020050125313283207
2025-10-31,39100,39200,38400,38600,2521,-0.012787723785166238
2025-11-03,38600,39250,38400,38700,4605,0.002590673575129543
