Date,Open,High,Low,Close,Volume,Change
2022-01-03,1250,1275,1240,1245,1185297,0.012195121951219523
2022-01-04,1250,1270,1230,1255,1020658,0.008032128514056325
2022-01-05,1255,1295,1230,1280,2516499,0.019920318725099584
2022-01-06,1245,1280,1225,1230,1440754,-0.0390625
2022-01-07,1235,1255,1225,1235,657251,0.004065040650406582
2022-01-10,1240,1240,1190,1200,864092,-0.028340080971659964
2022-01-11,1205,1210,1170,1170,793430,-0.025000000000000022
2022-01-12,1180,1230,1180,1220,858508,0.042735042735042805
2022-01-13,1230,1230,1200,1205,419641,-0.012295081967213073
2022-01-14,1200,1200,1160,1180,588329,-0.020746887966805017
2022-01-17,1180,1180,1140,1155,684464,-0.021186440677966156
2022-01-18,1140,1205,1140,1150,906064,-0.0043290043290042934
2022-01-19,1135,1185,1135,1155,477529,0.004347826086956497
2022-01-20,1150,1190,1150,1185,358517,0.025974025974025983
2022-01-21,1215,1540,1205,1540,30705475,0.29957805907172985
2022-01-24,1680,1710,1515,1525,42717365,-0.009740259740259716
2022-01-25,1535,1625,1400,1530,36666417,0.003278688524590123
2022-01-26,1625,1675,1420,1420,25196443,-0.07189542483660127
2022-01-27,1395,1510,1335,1450,11418645,0.021126760563380254
2022-01-28,1430,1465,1345,1395,5080873,-0.037931034482758585
2022-02-03,1400,1515,1385,1480,9022947,0.06093189964157708
2022-02-04,1475,1540,1460,1505,6728311,0.016891891891891886
2022-02-07,1510,1510,1425,1460,3559947,-0.029900332225913595
2022-02-08,1460,1495,1405,1420,2864168,-0.0273972602739726
2022-02-09,1430,1470,1415,1465,1687614,0.03169014084507049
2022-02-10,1460,1470,1390,1405,2283021,-0.04095563139931746
2022-02-11,1380,1435,1335,1340,3357348,-0.0462633451957295
2022-02-14,1315,1340,1255,1260,2093977,-0.05970149253731338
2022-02-15,1245,1285,1200,1220,2120005,-0.031746031746031744
2022-02-16,1255,1385,1240,1345,4287119,0.10245901639344268
2022-02-17,1345,1375,1255,1330,2856061,-0.01115241635687736
2022-02-18,1330,1350,1305,1335,1651625,0.003759398496240518
2022-02-21,1305,1350,1285,1345,1050265,0.0074906367041198685
2022-02-22,1295,1340,1290,1290,1130902,-0.040892193308550207
2022-02-23,1300,1320,1285,1310,907810,0.015503875968992276
2022-02-24,1285,1300,1230,1230,1631951,-0.06106870229007633
2022-02-25,1270,1310,1250,1255,1352999,0.020325203252032464
2022-02-28,1255,1305,1245,1290,894932,0.027888446215139417
2022-03-02,1290,1335,1285,1335,897278,0.03488372093023262
2022-03-03,1345,1385,1315,1360,2079558,0.01872659176029967
2022-03-04,1370,1395,1320,1335,1248617,-0.018382352941176516
2022-03-07,1335,1340,1295,1315,639247,-0.014981273408239737
2022-03-08,1285,1315,1270,1275,1064242,-0.03041825095057038
2022-03-10,1305,1345,1295,1315,1066036,0.031372549019607954
2022-03-11,1325,1450,1290,1450,5748911,0.102661596958175
2022-03-14,1710,1860,1565,1670,74388670,0.15172413793103456
2022-03-15,1675,1790,1655,1680,24070455,0.0059880239520957446
2022-03-16,1805,1880,1700,1740,20438605,0.03571428571428581
2022-03-17,1730,1925,1705,1825,36071758,0.04885057471264376
2022-03-18,1795,1835,1745,1780,5544641,-0.024657534246575352
2022-03-21,1780,1885,1730,1885,10599266,0.0589887640449438
2022-03-22,2130,2160,1920,1960,27012001,0.039787798408488007
2022-03-23,1895,2095,1890,2005,16435070,0.022959183673469497
2022-03-24,1985,1985,1905,1940,4797609,-0.032418952618453845
2022-03-25,1925,2070,1910,1975,11105686,0.018041237113401998
2022-03-28,1975,1990,1820,1920,5604237,-0.027848101265822822
2022-03-29,2005,2110,1890,2070,15618979,0.078125
2022-03-30,1980,2060,1955,1995,7626911,-0.036231884057971064
2022-03-31,1915,2390,1875,2225,83286386,0.11528822055137855
2022-04-01,2170,2205,2100,2115,7233346,-0.04943820224719098
2022-04-04,2110,2135,2025,2080,5977751,-0.01654846335697402
2022-04-05,2045,2100,2025,2045,3365372,-0.016826923076923128
2022-04-06,2015,2025,1925,1970,4281721,-0.03667481662591687
2022-04-07,1925,1960,1830,1855,3387306,-0.058375634517766506
2022-04-08,1850,1870,1780,1790,2544429,-0.035040431266846306
2022-04-11,1750,1760,1705,1725,2530843,-0.03631284916201116
2022-04-12,1715,1715,1650,1710,2208376,-0.008695652173912993
2022-04-13,1700,1725,1605,1625,4000983,-0.049707602339181256
2022-04-14,1620,1645,1565,1590,3928413,-0.021538461538461506
2022-04-15,1590,1680,1590,1680,3510389,0.05660377358490565
2022-04-18,1640,1640,1585,1585,2419823,-0.05654761904761907
2022-04-19,1580,1605,1500,1595,2515217,0.006309148264984188
2022-04-20,1590,1595,1530,1530,1799630,-0.040752351097178674
2022-04-21,1545,1635,1530,1600,3077423,0.045751633986928164
2022-04-22,1535,1560,1405,1445,7659720,-0.09687500000000004
2022-04-25,1415,1435,1395,1415,1774822,-0.02076124567474047
2022-04-26,1430,1495,1430,1470,2363914,0.03886925795053009
2022-04-27,1430,1465,1425,1465,986523,-0.003401360544217691
2022-04-28,1465,1475,1405,1405,967709,-0.04095563139931746
2022-04-29,1425,1455,1415,1450,854355,0.03202846975088969
2022-05-02,1425,1485,1410,1475,944885,0.01724137931034475
2022-05-03,1495,1530,1450,1470,1948705,-0.003389830508474523
2022-05-04,1480,1485,1455,1470,726937,0.0
2022-05-06,1440,1470,1430,1435,596078,-0.023809523809523836
2022-05-09,1425,1430,1380,1400,856898,-0.024390243902439046
2022-05-10,1365,1405,1310,1400,1046763,0.0
2022-05-11,1385,1420,1375,1380,442604,-0.014285714285714235
2022-05-12,1375,1375,1295,1295,1102993,-0.061594202898550776
2022-05-13,1305,1380,1305,1355,918032,0.04633204633204624
2022-05-16,1375,1415,1370,1400,563756,0.03321033210332103
2022-05-17,1400,1410,1385,1410,358986,0.0071428571428571175
2022-05-18,1420,1425,1375,1385,546997,-0.01773049645390068
2022-05-19,1350,1365,1335,1350,451467,-0.02527075812274371
2022-05-20,1350,1390,1350,1365,301910,0.011111111111111072
2022-05-23,1375,1410,1375,1380,319359,0.01098901098901095
2022-05-24,1385,1390,1345,1345,407407,-0.025362318840579712
2022-05-25,1345,1410,1335,1380,502172,0.026022304832713727
2022-05-26,1385,1480,1380,1400,1555513,0.01449275362318847
2022-05-27,1420,1450,1400,1450,1287177,0.03571428571428581
2022-05-30,1455,1465,1430,1435,747202,-0.010344827586206917
2022-05-31,1425,1440,1425,1430,433240,-0.0034843205574912606
2022-06-02,1430,1445,1415,1425,572439,-0.0034965034965035446
2022-06-03,1425,1445,1425,1430,408943,0.0035087719298245723
2022-06-07,1425,1425,1370,1375,514324,-0.038461538461538436
2022-06-08,1375,1400,1350,1360,414859,-0.010909090909090868
2022-06-09,1345,1365,1315,1340,800122,-0.014705882352941124
2022-06-10,1335,1345,1310,1330,411258,-0.007462686567164201
2022-06-13,1250,1280,1185,1200,2297999,-0.09774436090225569
2022-06-14,1150,1230,1150,1210,1269230,0.008333333333333304
2022-06-15,1185,1205,1145,1160,832905,-0.04132231404958675
2022-06-16,1180,1200,1140,1140,674793,-0.017241379310344862
2022-06-17,1100,1175,1090,1175,610601,0.030701754385964897
2022-06-20,1180,1180,1085,1090,788890,-0.07234042553191489
2022-06-21,1090,1135,1090,1115,677523,0.022935779816513735
2022-06-22,1130,1135,1040,1055,716353,-0.053811659192825156
2022-06-23,1045,1065,999,999,894411,-0.05308056872037914
2022-06-24,1000,1060,998,1045,649624,0.04604604604604612
2022-06-27,1065,1110,1065,1105,517675,0.05741626794258381
2022-06-28,1115,1140,1095,1135,477812,0.02714932126696823
2022-06-29,1130,1165,1105,1155,326361,0.017621145374449254
2022-06-30,1155,1155,1100,1115,511390,-0.03463203463203468
2022-07-01,1115,1145,1060,1060,716821,-0.04932735426008972
2022-07-04,1065,1090,1010,1055,403684,-0.004716981132075526
2022-07-05,1060,1105,1060,1100,609497,0.042654028436019065
2022-07-06,1110,1120,1080,1095,368074,-0.004545454545454519
2022-07-07,1100,1135,1100,1115,258360,0.0182648401826484
2022-07-08,1150,1170,1125,1150,348674,0.03139013452914807
2022-07-11,1155,1155,1130,1145,312481,-0.004347826086956497
2022-07-12,1140,1140,1100,1110,221633,-0.03056768558951961
2022-07-13,1100,1140,1095,1135,273308,0.022522522522522515
2022-07-14,1145,1150,1100,1150,275689,0.013215859030837107
2022-07-15,1150,1155,1115,1125,159058,-0.021739130434782594
2022-07-18,1140,1165,1130,1160,229845,0.03111111111111109
2022-07-19,1140,1160,1135,1160,298844,0.0
2022-07-20,1180,1185,1160,1170,220643,0.008620689655172376
2022-07-21,1175,1200,1160,1195,353670,0.02136752136752129
2022-07-22,1190,1215,1185,1200,443319,0.004184100418409997
2022-07-25,1200,1205,1170,1200,173075,0.0
2022-07-26,1190,1210,1185,1200,213577,0.0
2022-07-27,1200,1235,1190,1215,484391,0.012499999999999956
2022-07-28,1225,1245,1215,1225,383151,0.008230452674897082
2022-07-29,1230,1305,1220,1225,859013,0.0
2022-08-01,1240,1255,1225,1255,242797,0.02448979591836742
2022-08-02,1250,1255,1210,1230,343252,-0.019920318725099584
2022-08-03,1215,1250,1215,1245,188101,0.012195121951219523
2022-08-04,1245,1260,1190,1245,293418,0.0
2022-08-05,1250,1260,1235,1250,155400,0.004016064257028162
2022-08-08,1250,1260,1230,1255,218498,0.0040000000000000036
2022-08-09,1250,1250,1230,1240,180070,-0.01195219123505975
2022-08-10,1300,1505,1290,1360,33621989,0.09677419354838701
2022-08-11,1360,1480,1335,1390,8401540,0.022058823529411686
2022-08-12,1415,1445,1395,1410,3156793,0.014388489208633004
2022-08-16,1435,1435,1340,1375,1860114,-0.024822695035460973
2022-08-17,1410,1580,1400,1460,36090644,0.06181818181818177
2022-08-18,1455,1475,1390,1445,3157915,-0.010273972602739767
2022-08-19,1430,1430,1355,1385,3387786,-0.04152249134948094
2022-08-22,1360,1395,1345,1345,1438108,-0.028880866425992746
2022-08-23,1320,1340,1275,1295,1448110,-0.03717472118959109
2022-08-24,1315,1365,1280,1290,1906528,-0.0038610038610038533
2022-08-25,1290,1325,1285,1310,674863,0.015503875968992276
2022-08-26,1325,1450,1310,1350,6786802,0.03053435114503822
2022-08-29,1295,1350,1285,1330,1683938,-0.014814814814814836
2022-08-30,1355,1440,1340,1380,8413024,0.03759398496240607
2022-08-31,1370,1395,1350,1390,1218658,0.007246376811594235
2022-09-01,1370,1370,1340,1340,1107392,-0.03597122302158273
2022-09-02,1335,1355,1300,1305,846181,-0.026119402985074647
2022-09-05,1295,1345,1285,1300,781997,-0.003831417624521105
2022-09-06,1280,1325,1280,1300,475092,0.0
2022-09-07,1290,1295,1245,1255,606890,-0.0346153846153846
2022-09-08,1255,1270,1240,1260,407871,0.003984063745019917
2022-09-13,1275,1305,1275,1305,625485,0.03571428571428581
2022-09-14,1265,1285,1250,1275,489512,-0.02298850574712641
2022-09-15,1275,1285,1240,1255,389984,-0.015686274509803977
2022-09-16,1250,1340,1245,1270,2250346,0.01195219123505975
2022-09-19,1255,1265,1190,1190,1091113,-0.06299212598425197
2022-09-20,1190,1205,1145,1155,920833,-0.02941176470588236
2022-09-21,1160,1170,1150,1150,428830,-0.0043290043290042934
2022-09-22,1125,1175,1115,1175,815606,0.021739130434782705
2022-09-23,1160,1265,1130,1140,1325748,-0.029787234042553234
2022-09-26,1125,1160,1125,1140,809454,0.0
2022-09-27,1140,1160,1125,1140,535207,0.0
2022-09-28,1150,1210,1115,1140,1129723,0.0
2022-09-29,1155,1175,1135,1140,497950,0.0
2022-09-30,1140,1245,1140,1230,2400642,0.07894736842105265
2022-10-04,1235,1295,1235,1275,1378225,0.03658536585365857
2022-10-05,1290,1310,1245,1255,910418,-0.015686274509803977
2022-10-06,1255,1315,1255,1270,1630406,0.01195219123505975
2022-10-07,1315,1360,1280,1315,2498301,0.03543307086614167
2022-10-11,1355,1380,1280,1310,2131448,-0.0038022813688213253
2022-10-12,1380,1430,1325,1340,8429910,0.022900763358778553
2022-10-13,1325,1330,1265,1275,1343451,-0.04850746268656714
2022-10-14,1320,1355,1300,1315,1002636,0.031372549019607954
2022-10-17,1355,1410,1325,1405,6213208,0.06844106463878319
2022-10-18,1400,1470,1365,1410,4178575,0.003558718861210064
2022-10-19,1395,1425,1340,1365,1196625,-0.03191489361702127
2022-10-20,1355,1405,1320,1360,2069104,-0.00366300366300365
2022-10-21,1355,1370,1310,1310,886117,-0.03676470588235292
2022-10-24,1320,1340,1305,1315,570108,0.003816793893129722
2022-10-25,1320,1330,1295,1310,532824,-0.0038022813688213253
2022-10-26,1310,1355,1285,1350,822211,0.03053435114503822
2022-10-27,1370,1375,1330,1335,589609,-0.011111111111111072
2022-10-28,1330,1380,1330,1335,560915,0.0
2022-10-31,1350,1360,1335,1340,490356,0.0037453183520599342
2022-11-01,1330,1350,1325,1335,452028,-0.003731343283582045
2022-11-02,1345,1395,1330,1340,885222,0.0037453183520599342
2022-11-03,1315,1335,1310,1325,413492,-0.011194029850746245
2022-11-04,1320,1340,1300,1330,371363,0.0037735849056603765
2022-11-07,1325,1365,1320,1360,441652,0.022556390977443552
2022-11-08,1365,1370,1345,1365,506883,0.003676470588235281
2022-11-09,1375,1375,1340,1350,551031,-0.01098901098901095
2022-11-10,1340,1370,1315,1325,532334,-0.01851851851851849
2022-11-11,1350,1385,1345,1370,1043805,0.03396226415094339
2022-11-14,1355,1375,1340,1365,576893,-0.0036496350364964014
2022-11-15,1365,1385,1350,1380,790070,0.01098901098901095
2022-11-16,1370,1440,1340,1345,2500103,-0.025362318840579712
2022-11-17,1325,1345,1295,1295,876574,-0.03717472118959109
2022-11-18,1295,1305,1280,1290,529507,-0.0038610038610038533
2022-11-21,1290,1295,1255,1255,629774,-0.027131782945736482
2022-11-22,1255,1270,1240,1255,459828,0.0
2022-11-23,1260,1300,1260,1280,309795,0.019920318725099584
2022-11-24,1295,1325,1275,1300,358792,0.015625
2022-11-25,1305,1380,1300,1310,532026,0.007692307692307665
2022-11-28,1310,1310,1285,1285,261845,-0.01908396946564883
2022-11-29,1275,1330,1275,1310,307470,0.01945525291828787
2022-11-30,1310,1355,1305,1335,548823,0.01908396946564883
2022-12-01,1350,1370,1295,1335,706376,0.0
2022-12-02,1335,1340,1305,1325,389760,-0.0074906367041198685
2022-12-05,1315,1350,1310,1345,374520,0.015094339622641506
2022-12-06,1335,1335,1295,1305,410395,-0.029739776951672847
2022-12-07,1395,1570,1340,1530,65601191,0.17241379310344818
2022-12-08,1510,1575,1500,1560,18833642,0.019607843137254832
2022-12-09,1590,1600,1445,1490,10139593,-0.04487179487179482
2022-12-12,1460,1485,1415,1445,3009395,-0.030201342281879207
2022-12-13,1440,1495,1400,1405,3532381,-0.02768166089965396
2022-12-14,1405,1450,1405,1420,1260928,0.01067615658362997
2022-12-15,1420,1535,1405,1475,13772496,0.03873239436619724
2022-12-16,1460,1535,1445,1490,5460309,0.01016949152542379
2022-12-19,1455,1480,1345,1365,5369102,-0.08389261744966447
2022-12-20,1375,1385,1300,1305,2292816,-0.04395604395604391
2022-12-21,1325,1360,1295,1305,2063504,0.0
2022-12-22,1320,1350,1310,1340,1292160,0.026819923371647514
2022-12-23,1325,1400,1315,1365,3625827,0.018656716417910557
2022-12-26,1360,1360,1325,1335,1233567,-0.02197802197802201
2022-12-27,1360,1390,1330,1335,1226251,0.0
2022-12-28,1325,1365,1305,1365,885889,0.022471910112359605
2022-12-29,1360,1360,1315,1315,744309,-0.03663003663003661
2023-01-02,1280,1280,1125,1145,4779999,-0.12927756653992395
2023-01-03,1125,1140,1080,1120,1656981,-0.02183406113537123
2023-01-04,1095,1140,1095,1135,1099757,0.013392857142857206
2023-01-05,1135,1150,1125,1135,590206,0.0
2023-01-06,1125,1170,1125,1155,789930,0.017621145374449254
2023-01-09,1165,1220,1160,1200,1093311,0.03896103896103886
2023-01-10,1200,1225,1195,1225,752532,0.02083333333333326
2023-01-11,1225,1255,1220,1250,742637,0.020408163265306145
2023-01-12,1260,1260,1225,1240,408669,-0.008000000000000007
2023-01-13,1240,1260,1225,1250,481299,0.008064516129032251
2023-01-16,1240,1285,1235,1280,1569362,0.02400000000000002
2023-01-17,1335,1350,1205,1210,3187489,-0.0546875
2023-01-18,1220,1220,1180,1180,763579,-0.024793388429752095
2023-01-19,1175,1190,1170,1185,440062,0.004237288135593209
2023-01-20,1180,1280,1180,1205,2383854,0.016877637130801704
2023-01-25,1211,1288,1198,1281,2048100,0.06307053941908713
2023-01-26,1275,1296,1259,1284,1016127,0.0023419203747072626
2023-01-27,1300,1310,1280,1291,830331,0.005451713395638658
2023-01-30,1285,1327,1282,1315,1155753,0.018590240123934842
2023-01-31,1320,1320,1172,1176,6326781,-0.10570342205323191
2023-02-01,1178,1186,1168,1168,1277849,-0.006802721088435382
2023-02-02,1175,1187,1170,1185,840708,0.014554794520547976
2023-02-03,1197,1230,1186,1209,1553674,0.020253164556962133
2023-02-06,1250,1310,1229,1230,6151662,0.017369727047146455
2023-02-07,1240,1255,1231,1236,915128,0.004878048780487809
2023-02-08,1245,1253,1231,1239,712984,0.0024271844660195274
2023-02-09,1239,1259,1230,1255,922837,0.012913640032284013
2023-02-10,1248,1252,1215,1223,716770,-0.025498007968127512
2023-02-13,1222,1222,1199,1204,419944,-0.015535568274734235
2023-02-14,1209,1218,1193,1195,574351,-0.007475083056478371
2023-02-15,1203,1203,1165,1168,670414,-0.02259414225941425
2023-02-16,1165,1180,1164,1174,416059,0.005136986301369939
2023-02-17,1178,1178,1165,1169,293283,-0.004258943781942026
2023-02-20,1171,1206,1155,1198,519004,0.02480752780153983
2023-02-21,1200,1236,1200,1220,710342,0.01836393989983298
2023-02-22,1219,1219,1171,1195,297359,-0.020491803278688492
2023-02-23,1195,1295,1195,1227,2745331,0.02677824267782425
2023-02-24,1227,1248,1206,1223,980296,-0.0032599837000815146
2023-02-27,1220,1226,1194,1206,492790,-0.013900245298446468
2023-02-28,1206,1220,1206,1214,241793,0.0066334991708125735
2023-03-02,1220,1222,1190,1198,398889,-0.01317957166392092
2023-03-03,1198,1206,1170,1191,593712,-0.005843071786310494
2023-03-06,1191,1218,1183,1213,409001,0.018471872376154552
2023-03-07,1213,1222,1205,1214,262376,0.0008244023083263663
2023-03-08,1214,1214,1193,1197,237205,-0.014003294892915963
2023-03-09,1189,1205,1170,1170,584663,-0.022556390977443663
2023-03-10,1150,1170,1126,1128,779538,-0.03589743589743588
2023-03-13,1100,1127,1076,1120,442596,-0.007092198581560294
2023-03-14,1094,1112,1073,1083,371903,-0.03303571428571428
2023-03-15,1090,1182,1090,1134,757790,0.047091412742382266
2023-03-16,1135,1136,1100,1119,199541,-0.013227513227513255
2023-03-17,1120,1169,1115,1168,422904,0.04378909740840031
2023-03-20,1165,1170,1144,1159,240808,-0.0077054794520547976
2023-03-21,1145,1159,1138,1138,222897,-0.018119068162208762
2023-03-22,1144,1147,1115,1116,249965,-0.019332161687170446
2023-03-23,1111,1119,1093,1094,275686,-0.01971326164874554
2023-03-24,1091,1118,1080,1113,358145,0.017367458866544894
2023-03-27,1120,1132,1091,1127,207527,0.012578616352201255
2023-03-28,1127,1128,1105,1125,387511,-0.0017746228926353025
2023-03-29,1124,1124,1109,1121,252887,-0.003555555555555534
2023-03-30,1123,1123,1113,1114,217021,-0.006244424620874267
2023-03-31,1120,1120,1106,1109,185711,-0.004488330341113067
2023-04-03,1105,1121,1102,1109,354362,0.0
2023-04-04,1115,1145,1111,1138,396116,0.026149684400360584
2023-04-05,1138,1147,1125,1130,168217,-0.007029876977152849
2023-04-06,1126,1131,1103,1111,238884,-0.016814159292035447
2023-04-07,1112,1123,1105,1106,252812,-0.004500450045004545
2023-04-10,1106,1115,1089,1097,352629,-0.008137432188065064
2023-04-11,1097,1106,1075,1104,310710,0.006381039197812299
2023-04-12,1112,1128,1107,1124,289535,0.018115942028985588
2023-04-13,1124,1129,1106,1125,125733,0.000889679715302405
2023-04-14,1135,1142,1125,1140,399242,0.01333333333333342
2023-04-17,1140,1145,1129,1136,189431,-0.0035087719298245723
2023-04-18,1136,1138,1120,1129,203960,-0.0061619718309858795
2023-04-19,1135,1143,1127,1133,247688,0.003542958370239102
2023-04-20,1133,1134,1115,1120,312441,-0.011473962930273585
2023-04-21,1110,1116,1093,1110,209289,-0.008928571428571397
2023-04-24,1092,1105,1085,1091,223221,-0.017117117117117164
2023-04-25,1091,1092,1067,1078,318910,-0.01191567369385882
2023-04-26,1073,1083,1057,1073,188940,-0.004638218923933235
2023-04-27,1065,1077,1045,1067,235603,-0.005591798695246952
2023-04-28,1078,1079,1060,1069,113186,0.0018744142455482393
2023-05-02,1069,1095,1068,1094,202934,0.023386342376052305
2023-05-03,1056,1090,1055,1075,150956,-0.017367458866544783
2023-05-04,1074,1115,1064,1088,260587,0.01209302325581385
2023-05-08,1091,1104,1088,1092,103781,0.003676470588235281
2023-05-09,1090,1096,1074,1076,109971,-0.0146520146520146
2023-05-10,1077,1091,1072,1082,94221,0.005576208178438735
2023-05-11,1084,1120,1082,1106,240792,0.022181146025878062
2023-05-12,1106,1124,1088,1120,344651,0.012658227848101333
2023-05-15,1119,1141,1111,1121,587485,0.0008928571428572507
2023-05-16,1121,1136,1119,1127,369680,0.00535236396074934
2023-05-17,1127,1145,1120,1140,444476,0.011535048802129522
2023-05-18,1141,1150,1136,1136,227037,-0.0035087719298245723
2023-05-19,1136,1146,1133,1137,133878,0.0008802816901407606
2023-05-22,1139,1145,1120,1141,216903,0.0035180299032542273
2023-05-23,1141,1147,1129,1138,148583,-0.002629272567922891
2023-05-24,1139,1139,1122,1132,167657,-0.005272407732864637
2023-05-25,1131,1135,1107,1108,252117,-0.021201413427561877
2023-05-26,1109,1119,1102,1112,252021,0.0036101083032491488
2023-05-30,1117,1125,1103,1120,220910,0.007194244604316502
2023-05-31,1120,1127,1116,1117,142158,-0.002678571428571419
2023-06-01,1117,1127,1113,1127,189379,0.00895255147717089
2023-06-02,1127,1137,1123,1131,133432,0.003549245785270605
2023-06-05,1131,1135,1124,1134,152584,0.0026525198938991412
2023-06-07,1134,1139,1113,1121,255821,-0.011463844797178102
2023-06-08,1121,1199,1121,1155,1519427,0.030330062444246186
2023-06-09,1155,1171,1147,1154,391256,-0.0008658008658009031
2023-06-12,1146,1161,1145,1154,218531,0.0
2023-06-13,1154,1192,1154,1184,674420,0.025996533795493937
2023-06-14,1184,1184,1146,1149,325985,-0.029560810810810856
2023-06-15,1150,1158,1143,1150,157569,0.0008703220191470518
2023-06-16,1150,1175,1149,1163,320927,0.011304347826087024
2023-06-19,1164,1169,1145,1165,114890,0.0017196904557179593
2023-06-20,1159,1350,1159,1210,21325413,0.03862660944205998
2023-06-21,1212,1220,1191,1191,1386309,-0.015702479338842945
2023-06-22,1185,1190,1165,1173,937948,-0.015113350125944613
2023-06-23,1173,1173,1151,1159,558995,-0.011935208866155178
2023-06-26,1157,1177,1155,1169,440293,0.008628127696289845
2023-06-27,1169,1185,1162,1170,423596,0.0008554319931566301
2023-06-28,1165,1171,1157,1165,480808,-0.004273504273504258
2023-06-29,1160,1164,1118,1134,992112,-0.026609442060085864
2023-06-30,1131,1151,1127,1151,302665,0.014991181657848296
2023-07-03,1157,1179,1154,1168,350973,0.01476976542137276
2023-07-04,1168,1284,1168,1210,6202088,0.03595890410958913
2023-07-05,1210,1290,1205,1220,4650010,0.008264462809917328
2023-07-06,1218,1218,1167,1173,1018376,-0.03852459016393439
2023-07-07,1170,1212,1170,1173,537660,0.0
2023-07-10,1166,1188,1150,1172,343528,-0.0008525149190110604
2023-07-11,1173,1195,1172,1191,344912,0.016211604095563104
2023-07-12,1197,1203,1172,1173,338975,-0.015113350125944613
2023-07-13,1175,1193,1170,1183,311831,0.008525149190110826
2023-07-14,1183,1188,1160,1165,325681,-0.015215553677092153
2023-07-17,1164,1187,1158,1177,227317,0.010300429184549431
2023-07-18,1177,1198,1140,1140,374677,-0.03143585386576042
2023-07-19,1147,1190,1138,1147,615348,0.0061403508771928905
2023-07-20,1155,1155,1136,1150,303987,0.0026155187445509043
2023-07-21,1149,1163,1140,1146,253213,-0.003478260869565264
2023-07-24,1144,1146,1101,1115,496806,-0.027050610820244292
2023-07-25,1116,1130,1071,1081,396473,-0.030493273542600896
2023-07-26,1081,1084,1022,1041,720245,-0.03700277520814066
2023-07-27,1041,1077,1030,1074,244451,0.03170028818443793
2023-07-28,1074,1094,1074,1086,127487,0.011173184357541999
2023-07-31,1090,1100,1083,1094,177055,0.007366482504604033
2023-08-01,1094,1103,1079,1082,428943,-0.010968921389396757
2023-08-02,1082,1099,1080,1085,138385,0.0027726432532346745
2023-08-03,1079,1082,1068,1081,218107,-0.0036866359447004227
2023-08-04,1077,1121,1075,1113,326073,0.029602220166512483
2023-08-07,1120,1124,1107,1117,179504,0.003593890386343279
2023-08-08,1103,1115,1102,1102,189183,-0.013428827215756445
2023-08-09,1097,1122,1086,1113,132397,0.009981851179673429
2023-08-10,1114,1128,1104,1120,141170,0.0062893081761006275
2023-08-11,1115,1125,1113,1121,87781,0.0008928571428572507
2023-08-14,1115,1126,1109,1119,161094,-0.001784121320249743
2023-08-16,1110,1111,1099,1102,238161,-0.015192135835567444
2023-08-17,1084,1101,1073,1091,215235,-0.009981851179673318
2023-08-18,1090,1091,1075,1082,195976,-0.008249312557286892
2023-08-21,1080,1095,1075,1091,118816,0.008317929759704246
2023-08-22,1091,1098,1083,1095,118749,0.0036663611365719273
2023-08-23,1095,1116,1082,1101,141029,0.005479452054794498
2023-08-24,1130,1168,1120,1136,736513,0.031789282470481295
2023-08-25,1134,1150,1130,1140,215602,0.0035211267605634866
2023-08-28,1142,1185,1142,1182,547996,0.03684210526315779
2023-08-29,1183,1189,1165,1174,181352,-0.006768189509306244
2023-08-30,1174,1189,1170,1185,230042,0.009369676320272635
2023-08-31,1185,1185,1170,1175,117514,-0.008438818565400852
2023-09-01,1164,1189,1164,1176,275164,0.0008510638297871687
2023-09-04,1180,1187,1162,1174,132113,-0.00170068027210879
2023-09-05,1175,1185,1150,1161,202314,-0.011073253833049357
2023-09-06,1165,1169,1158,1163,185282,0.0017226528854434875
2023-09-07,1160,1178,1150,1160,120865,-0.002579535683576939
2023-09-08,1160,1180,1150,1165,137895,0.004310344827586299
2023-09-11,1168,1180,1152,1161,121676,-0.0034334763948498104
2023-09-12,1158,1161,1135,1141,192468,-0.017226528854435874
2023-09-13,1132,1139,1121,1132,232088,-0.007887817703768674
2023-09-14,1130,1130,1120,1125,108060,-0.006183745583038913
2023-09-15,1125,1133,1119,1127,129330,0.001777777777777878
2023-09-18,1127,1128,1110,1121,137507,-0.0053238686779059075
2023-09-19,1122,1122,1105,1108,162541,-0.011596788581623496
2023-09-20,1099,1111,1090,1111,90828,0.0027075812274368616
2023-09-21,1099,1111,1089,1105,128848,-0.005400540054005365
2023-09-22,1095,1102,1082,1087,179274,-0.01628959276018105
2023-09-25,1087,1195,1078,1088,1316066,0.0009199632014720294
2023-09-26,1095,1122,1080,1108,256002,0.018382352941176405
2023-09-27,1108,1133,1081,1122,196856,0.012635379061371799
2023-10-04,1114,1119,1075,1076,320222,-0.04099821746880572
2023-10-05,1077,1090,1076,1082,138653,0.005576208178438735
2023-10-06,1083,1124,1083,1120,152170,0.03512014787430684
2023-10-10,1120,1150,1109,1128,255461,0.0071428571428571175
2023-10-11,1129,1153,1129,1146,225120,0.015957446808510634
2023-10-12,1147,1150,1133,1146,124668,0.0
2023-10-13,1141,1143,1121,1128,94729,-0.015706806282722474
2023-10-16,1115,1117,1103,1111,99673,-0.01507092198581561
2023-10-17,1110,1128,1109,1120,107883,0.008100810081008047
2023-10-18,1120,1185,1120,1156,871294,0.03214285714285725
2023-10-19,1145,1178,1139,1172,639132,0.01384083044982698
2023-10-20,1169,1280,1160,1201,5226781,0.024744027303754246
2023-10-23,1203,1232,1151,1192,750033,-0.007493755203996644
2023-10-24,1204,1255,1204,1222,1383256,0.025167785234899265
2023-10-25,1240,1270,1218,1250,1176897,0.022913256955810146
2023-10-26,1222,1247,1200,1212,558288,-0.030399999999999983
2023-10-27,1212,1225,1190,1202,293560,-0.008250825082508295
2023-10-30,1197,1220,1158,1200,381046,-0.0016638935108153063
2023-10-31,1212,1219,1170,1180,285562,-0.01666666666666672
2023-11-01,1170,1220,1170,1205,250604,0.021186440677966045
2023-11-02,1211,1218,1199,1203,177436,-0.0016597510373443924
2023-11-03,1204,1258,1195,1256,1200216,0.044056525353283416
2023-11-06,1250,1264,1225,1264,702233,0.006369426751592355
2023-11-07,1262,1264,1235,1245,442554,-0.015031645569620222
2023-11-08,1240,1253,1226,1232,300966,-0.010441767068273045
2023-11-09,1232,1246,1208,1218,302827,-0.011363636363636354
2023-11-10,1200,1209,1179,1186,311077,-0.026272577996715896
2023-11-13,1186,1201,1160,1169,313439,-0.01433389544688024
2023-11-14,1168,1243,1167,1215,414900,0.03934987168520099
2023-11-15,1230,1236,1219,1233,389917,0.014814814814814836
2023-11-16,1243,1269,1236,1256,602424,0.018653690186536842
2023-11-17,1256,1261,1217,1227,318622,-0.023089171974522316
2023-11-20,1215,1274,1215,1263,561688,0.02933985330073341
2023-11-21,1261,1282,1242,1264,516506,0.0007917656373712667
2023-11-22,1260,1294,1245,1293,512357,0.022943037974683556
2023-11-23,1291,1292,1252,1264,418428,-0.022428460943542117
2023-11-24,1264,1270,1235,1263,212009,-0.0007911392405063333
2023-11-27,1260,1260,1228,1241,296986,-0.017418844022169422
2023-11-28,1230,1261,1222,1246,249517,0.0040290088638195165
2023-11-29,1252,1260,1243,1259,170675,0.010433386837881198
2023-11-30,1259,1279,1231,1259,237125,0.0
2023-12-01,1259,1277,1252,1261,316444,0.001588562351072298
2023-12-04,1261,1285,1259,1269,422044,0.006344171292624878
2023-12-05,1280,1280,1227,1245,408796,-0.01891252955082745
2023-12-06,1245,1249,1209,1209,327643,-0.028915662650602414
2023-12-07,1212,1218,1190,1192,275616,-0.014061207609594728
2023-12-08,1192,1240,1183,1240,343187,0.04026845637583887
2023-12-11,1240,1266,1235,1246,339160,0.004838709677419395
2023-12-12,1240,1252,1235,1250,431959,0.0032102728731941976
2023-12-13,1298,1298,1246,1265,1082126,0.01200000000000001
2023-12-14,1250,1266,1216,1216,499149,-0.03873517786561265
2023-12-15,1221,1261,1218,1261,395861,0.03700657894736836
2023-12-18,1261,1269,1251,1269,401606,0.006344171292624878
2023-12-19,1262,1270,1242,1255,250951,-0.011032308904649346
2023-12-20,1271,1294,1254,1280,1030615,0.019920318725099584
2023-12-21,1280,1286,1238,1244,443084,-0.028124999999999956
2023-12-22,1244,1290,1226,1276,500631,0.025723472668810254
2023-12-26,1278,1281,1248,1256,338398,-0.01567398119122254
2023-12-27,1260,1281,1247,1263,245242,0.005573248407643394
2023-12-28,1252,1270,1245,1248,220757,-0.01187648456057011
2024-01-02,1246,1268,1233,1253,268036,0.004006410256410353
2024-01-03,1250,1273,1248,1271,252008,0.014365522745410919
2024-01-04,1271,1277,1248,1253,233573,-0.014162077104642012
2024-01-05,1255,1289,1255,1289,606370,0.02873104549082206
2024-01-08,1295,1298,1268,1279,361414,-0.007757951900698168
2024-01-09,1273,1279,1248,1249,293279,-0.023455824863174324
2024-01-10,1255,1286,1246,1261,440756,0.009607686148919159
2024-01-11,1261,1272,1247,1260,282740,-0.0007930214115781098
2024-01-12,1268,1268,1220,1228,352256,-0.025396825396825418
2024-01-15,1220,1236,1220,1226,149210,-0.0016286644951140072
2024-01-16,1220,1231,1200,1204,204048,-0.01794453507340943
2024-01-17,1200,1204,1175,1186,472684,-0.014950166112956853
2024-01-18,1186,1205,1180,1200,115174,0.01180438448566612
2024-01-19,1201,1221,1197,1207,126996,0.005833333333333357
2024-01-22,1214,1234,1214,1230,253220,0.0190555095277547
2024-01-23,1215,1234,1194,1203,270144,-0.02195121951219514
2024-01-24,1205,1210,1186,1195,203807,-0.006650041562759723
2024-01-25,1190,1259,1190,1224,794936,0.024267782426778295
2024-01-26,1222,1251,1215,1234,267897,0.008169934640522847
2024-01-29,1173,1173,1080,1108,2161475,-0.10210696920583473
2024-01-30,1108,1117,1098,1117,468555,0.008122743682310363
2024-01-31,1160,1178,1126,1142,945226,0.022381378692927445
2024-02-01,1142,1142,1112,1124,280450,-0.015761821366024553
2024-02-02,1120,1130,1102,1109,610812,-0.013345195729537407
2024-02-05,1118,1133,1111,1123,340057,0.012623985572587815
2024-02-06,1123,1133,1106,1111,245648,-0.010685663401602818
2024-02-07,1116,1120,1111,1120,94296,0.008100810081008047
2024-02-08,1121,1128,1113,1121,167906,0.0008928571428572507
2024-02-13,1130,1140,1121,1130,188265,0.00802854594112401
2024-02-14,1127,1131,1119,1129,102060,-0.0008849557522123686
2024-02-15,1134,1136,1114,1116,300267,-0.011514614703277193
2024-02-16,1125,1125,1112,1121,132999,0.0044802867383513245
2024-02-19,1124,1135,1116,1130,156578,0.00802854594112401
2024-02-20,1130,1135,1120,1125,196603,-0.004424778761061954
2024-02-21,1125,1133,1116,1117,112536,-0.007111111111111068
2024-02-22,1115,1119,1106,1108,171771,-0.008057296329453845
2024-02-23,1113,1116,1092,1107,268681,-0.0009025270758122872
2024-02-26,1105,1110,1091,1108,122854,0.0009033423667570428
2024-02-27,1096,1103,1083,1091,206723,-0.01534296028880866
2024-02-28,1085,1102,1085,1102,112320,0.010082493125572967
2024-02-29,1102,1103,1086,1102,151099,0.0
2024-03-04,1102,1105,1092,1102,128190,0.0
2024-03-05,1114,1114,1099,1108,142166,0.005444646098003547
2024-03-06,1108,1108,1050,1092,245152,-0.014440433212996373
2024-03-07,1092,1095,1070,1077,239502,-0.013736263736263687
2024-03-08,1077,1105,1077,1093,168609,0.01485608170844932
2024-03-11,1103,1103,1086,1096,100754,0.0027447392497712553
2024-03-12,1087,1095,1064,1065,368493,-0.02828467153284675
2024-03-13,1067,1082,1063,1076,97751,0.010328638497652642
2024-03-14,1078,1098,1071,1097,139447,0.01951672862453524
2024-03-15,1097,1140,1087,1112,130337,0.013673655423883213
2024-03-18,1110,1111,1090,1104,178342,-0.007194244604316502
2024-03-19,1103,1103,1075,1083,207136,-0.01902173913043481
2024-03-20,1075,1089,1072,1088,140032,0.004616805170821747
2024-03-21,1095,1100,1085,1090,168700,0.0018382352941177516
2024-03-22,1092,1102,1084,1102,165009,0.011009174311926495
2024-03-25,1097,1138,1097,1127,543248,0.02268602540834852
2024-03-26,1125,1175,1115,1175,812178,0.04259094942324748
2024-03-27,1163,1177,1140,1145,491258,-0.025531914893617058
2024-03-28,1141,1144,1100,1110,361130,-0.03056768558951961
2024-03-29,1110,1135,1106,1109,240352,-0.0009009009009008917
2024-04-01,1109,1157,1104,1155,539814,0.041478809738503264
2024-04-02,1161,1161,1121,1126,323119,-0.02510822510822508
2024-04-03,1125,1129,1109,1123,290488,-0.002664298401420906
2024-04-04,1120,1124,1112,1119,174087,-0.003561887800534236
2024-04-05,1110,1133,1102,1132,219148,0.011617515638963294
2024-04-08,1129,1164,1123,1152,367981,0.0176678445229681
2024-04-09,1146,1180,1140,1179,755268,0.0234375
2024-04-11,1150,1155,1114,1128,821203,-0.043256997455470736
2024-04-12,1121,1147,1104,1140,541205,0.010638297872340496
2024-04-15,1113,1122,1100,1110,357770,-0.02631578947368418
2024-04-16,1109,1135,1100,1113,482434,0.002702702702702675
2024-04-17,1103,1132,1103,1114,192822,0.0008984725965857088
2024-04-18,1113,1131,1110,1129,216416,0.013464991023339312
2024-04-19,1129,1130,1072,1095,389628,-0.030115146147032812
2024-04-22,1086,1095,1077,1089,221036,-0.005479452054794498
2024-04-23,1089,1103,1080,1089,218781,0.0
2024-04-24,1089,1096,1081,1087,172368,-0.0018365472910927272
2024-04-25,1081,1082,1059,1060,406481,-0.02483900643974246
2024-04-26,1062,1074,1055,1060,191084,0.0
2024-04-29,1060,1085,1053,1078,206397,0.016981132075471805
2024-04-30,1078,1083,1073,1074,161747,-0.0037105751391465214
2024-05-02,1099,1115,1092,1106,361528,0.029795158286778367
2024-05-03,1106,1111,1090,1107,155023,0.0009041591320071429
2024-05-07,1105,1113,1088,1105,450321,-0.0018066847335139746
2024-05-08,1099,1111,1097,1100,137471,-0.004524886877828038
2024-05-09,1101,1114,1090,1100,178497,0.0
2024-05-10,1097,1117,1096,1111,205760,0.010000000000000009
2024-05-13,1130,1166,1119,1151,1515884,0.036003600360035914
2024-05-14,1141,1170,1141,1153,466584,0.0017376194613378804
2024-05-16,1154,1158,1138,1143,345438,-0.008673026886383384
2024-05-17,1143,1149,1123,1138,269110,-0.004374453193350836
2024-05-20,1127,1139,1114,1119,226894,-0.016695957820738183
2024-05-21,1119,1133,1112,1117,134014,-0.0017873100983020196
2024-05-22,1117,1123,1106,1112,179120,-0.004476275738585445
2024-05-23,1112,1115,1100,1115,151544,0.0026978417266187993
2024-05-24,1139,1139,1101,1111,493295,-0.0035874439461883734
2024-05-27,1121,1164,1118,1140,756045,0.026102610261026005
2024-05-28,1141,1147,1126,1135,246183,-0.004385964912280715
2024-05-29,1132,1132,1102,1104,282806,-0.027312775330396444
2024-05-30,1100,1100,1084,1086,197197,-0.016304347826086918
2024-05-31,1080,1089,1076,1085,202551,-0.0009208103130755596
2024-06-03,1082,1091,1075,1089,324176,0.0036866359447005337
2024-06-04,1088,1100,1076,1082,239681,-0.006427915518824601
2024-06-05,1082,1111,1073,1088,306411,0.005545286506469571
2024-06-07,1087,1106,1083,1098,206363,0.009191176470588314
2024-06-10,1098,1098,1082,1086,171687,-0.010928961748633892
2024-06-11,1086,1094,1075,1080,275747,-0.0055248618784530246
2024-06-12,1082,1107,1080,1107,217933,0.02499999999999991
2024-06-13,1106,1117,1081,1092,384496,-0.013550135501354976
2024-06-14,1092,1093,1070,1078,349319,-0.012820512820512775
2024-06-17,1071,1100,1068,1080,405302,0.0018552875695732052
2024-06-18,1075,1086,1072,1080,169459,0.0
2024-06-19,1080,1083,1050,1057,427219,-0.021296296296296258
2024-06-20,1050,1068,1050,1066,163327,0.008514664143803197
2024-06-21,1072,1072,1026,1028,548252,-0.03564727954971858
2024-06-24,1028,1032,1000,1020,387757,-0.0077821011673151474
2024-06-25,1012,1017,1000,1010,183816,-0.009803921568627416
2024-06-26,1010,1014,1003,1007,115110,-0.002970297029702973
2024-06-27,1005,1007,998,1003,238944,-0.003972194637537285
2024-06-28,1001,1011,999,1010,133888,0.006979062811565351
2024-07-01,1010,1012,1003,1005,201374,-0.004950495049504955
2024-07-02,1007,1014,999,1007,215056,0.0019900497512437276
2024-07-03,1005,1006,999,1001,122910,-0.005958291956305817
2024-07-04,1001,1006,999,1002,138933,0.0009990009990010762
2024-07-05,1001,1006,1000,1001,108285,-0.0009980039920159944
2024-07-08,1002,1024,999,1024,199361,0.022977022977022976
2024-07-09,1024,1031,1014,1025,120241,0.0009765625
2024-07-10,1025,1028,1005,1022,74701,-0.0029268292682926855
2024-07-11,1025,1033,1011,1025,113063,0.0029354207436398383
2024-07-12,1025,1028,1009,1012,88772,-0.012682926829268304
2024-07-15,1019,1019,1000,1009,179261,-0.0029644268774703386
2024-07-16,1014,1014,999,1007,148793,-0.001982160555004997
2024-07-17,1005,1009,1000,1003,93461,-0.003972194637537285
2024-07-18,1001,1004,996,998,210945,-0.004985044865403743
2024-07-19,997,1002,996,1000,115592,0.002004008016031955
2024-07-22,1000,1001,991,999,137596,-0.0010000000000000009
2024-07-23,999,1002,995,999,75542,0.0
2024-07-24,991,999,990,993,117585,-0.006006006006005982
2024-07-25,985,997,961,972,256442,-0.02114803625377648
2024-07-26,972,975,966,975,81345,0.0030864197530864335
2024-07-29,974,984,974,976,127744,0.0010256410256410664
2024-07-30,976,981,962,968,146567,-0.008196721311475419
2024-07-31,968,979,960,970,158927,0.0020661157024792765
2024-08-01,975,986,974,980,120452,0.010309278350515427
2024-08-02,976,980,956,957,171519,-0.02346938775510199
2024-08-05,951,951,851,873,455132,-0.08777429467084641
2024-08-06,841,922,841,905,419232,0.036655211912943964
2024-08-07,905,940,900,938,180452,0.03646408839779003
2024-08-08,938,941,911,925,50583,-0.013859275053304865
2024-08-09,925,940,925,938,92815,0.014054054054054133
2024-08-12,938,945,937,938,59175,0.0
2024-08-13,943,948,925,935,64789,-0.0031982942430703876
2024-08-14,936,948,931,939,120426,0.004278074866310266
2024-08-16,939,946,923,936,137022,-0.0031948881789137795
2024-08-19,933,940,919,920,104806,-0.017094017094017144
2024-08-20,915,925,910,921,143133,0.0010869565217390686
2024-08-21,921,925,909,915,59735,-0.006514657980456029
2024-08-22,915,917,903,915,97141,0.0
2024-08-23,905,911,895,905,204555,-0.010928961748633892
2024-08-26,905,907,889,898,126384,-0.007734806629834279
2024-08-27,898,907,892,906,73276,0.008908685968819663
2024-08-28,906,910,883,900,224044,-0.0066225165562914245
2024-08-29,900,902,878,883,159334,-0.018888888888888844
2024-08-30,883,899,883,898,94437,0.016987542468856143
2024-09-02,899,901,890,898,57617,0.0
2024-09-03,892,898,882,894,123125,-0.0044543429844098315
2024-09-04,884,885,849,865,242095,-0.032438478747203625
2024-09-05,871,873,846,870,133718,0.005780346820809301
2024-09-06,861,870,845,857,223488,-0.014942528735632177
2024-09-09,854,868,841,865,150650,0.009334889148191472
2024-09-10,871,877,853,872,50583,0.008092485549132888
2024-09-11,872,876,857,875,174193,0.0034403669724769603
2024-09-12,875,880,865,880,90351,0.005714285714285783
2024-09-13,880,885,873,883,70119,0.003409090909090917
2024-09-19,883,887,872,886,84823,0.003397508493771184
2024-09-20,890,897,840,897,83025,0.01241534988713311
2024-09-23,895,900,884,900,99712,0.0033444816053511683
2024-09-24,894,914,893,910,63376,0.011111111111111072
2024-09-25,910,916,900,901,91650,-0.009890109890109855
2024-09-26,905,915,900,914,52820,0.01442841287458374
2024-09-27,909,920,906,920,71499,0.006564551422319376
2024-09-30,920,924,904,919,50840,-0.0010869565217391797
2024-10-02,910,914,894,909,57494,-0.01088139281828071
2024-10-04,901,913,900,910,54676,0.0011001100110010764
2024-10-07,910,910,897,903,43724,-0.007692307692307665
2024-10-08,903,907,880,907,101704,0.0044296788482836025
2024-10-10,900,907,894,902,75917,-0.005512679162072764
2024-10-11,907,907,891,901,39701,-0.0011086474501108556
2024-10-14,903,907,897,904,59511,0.0033296337402886067
2024-10-15,903,909,897,908,76442,0.004424778761061843
2024-10-16,908,910,902,907,62048,-0.0011013215859030367
2024-10-17,908,908,886,900,59220,-0.007717750826901848
2024-10-18,903,905,886,902,35382,0.0022222222222221255
2024-10-21,889,906,889,897,14666,-0.005543237250554278
2024-10-22,902,902,877,886,84743,-0.012263099219620988
2024-10-23,888,891,874,886,59826,0.0
2024-10-24,891,891,861,870,97683,-0.018058690744920947
2024-10-25,870,875,858,868,44577,-0.0022988505747126853
2024-10-28,872,875,862,869,84857,0.0011520737327188613
2024-10-29,874,886,867,872,34673,0.0034522439585731313
2024-10-30,875,879,858,865,70253,-0.008027522935779796
2024-10-31,865,876,853,873,20445,0.009248554913294793
2024-11-01,873,873,861,870,38137,-0.0034364261168384758
2024-11-04,870,873,866,872,11636,0.0022988505747125743
2024-11-05,872,923,868,888,78179,0.0183486238532109
2024-11-06,888,898,876,889,56477,0.0011261261261261701
2024-11-07,889,894,881,889,63630,0.0
2024-11-08,889,894,881,884,23359,-0.0056242969628796935
2024-11-11,871,877,850,851,136445,-0.037330316742081426
2024-11-12,855,864,830,834,145520,-0.0199764982373678
2024-11-13,825,834,811,824,104897,-0.011990407673860948
2024-11-14,824,824,804,810,67423,-0.016990291262135915
2024-11-15,810,810,789,804,195671,-0.007407407407407418
2024-11-18,804,812,785,806,118010,0.0024875621890547706
2024-11-19,803,808,785,807,73513,0.001240694789081953
2024-11-20,807,810,791,807,84403,0.0
2024-11-21,810,811,794,798,38671,-0.01115241635687736
2024-11-22,794,838,794,830,116514,0.040100250626566414
2024-11-25,830,863,830,858,157459,0.033734939759036076
2024-11-26,862,875,851,859,171281,0.0011655011655011815
2024-11-27,864,876,851,854,53707,-0.005820721769499437
2024-11-28,847,870,846,865,39667,0.012880562060889833
2024-11-29,863,863,847,859,50702,-0.006936416184971095
2024-12-02,856,858,840,847,52805,-0.01396973224679865
2024-12-03,823,850,823,846,79497,-0.0011806375442738881
2024-12-04,900,970,866,921,1734382,0.08865248226950362
2024-12-05,925,965,875,885,850207,-0.039087947882736174
2024-12-06,885,941,855,906,1079691,0.023728813559322104
2024-12-09,861,980,861,979,1319376,0.08057395143487867
2024-12-10,960,1035,942,998,1261705,0.019407558733401498
2024-12-11,1010,1056,985,1042,1065301,0.044088176352705455
2024-12-12,1056,1087,1028,1046,927471,0.0038387715930903177
2024-12-13,1044,1061,1020,1055,478586,0.008604206500955947
2024-12-16,1098,1180,1097,1135,2352563,0.07582938388625582
2024-12-17,1140,1141,1036,1061,1037954,-0.06519823788546253
2024-12-18,1061,1062,1011,1038,419774,-0.021677662582469392
2024-12-19,1047,1349,1046,1274,33670513,0.22736030828516385
2024-12-20,1313,1395,1146,1162,20825788,-0.08791208791208793
2024-12-23,1173,1270,1155,1179,8826460,0.014629948364888179
2024-12-24,1151,1151,1050,1063,3604291,-0.09838846480067853
2024-12-26,1069,1110,1040,1042,1896349,-0.019755409219190945
2024-12-27,1036,1060,1000,1001,1107937,-0.039347408829174646
2024-12-30,997,1001,959,984,977492,-0.016983016983016963
2025-01-02,999,1114,999,1068,2873637,0.08536585365853666
2025-01-03,1071,1133,1053,1094,1377046,0.02434456928838946
2025-01-06,1082,1124,1051,1065,623758,-0.026508226691042025
2025-01-07,1063,1069,1040,1046,561547,-0.017840375586854473
2025-01-08,1046,1069,1037,1065,445440,0.018164435946462776
2025-01-09,1074,1080,1046,1065,445774,0.0
2025-01-10,1080,1080,1053,1057,330902,-0.007511737089201831
2025-01-13,1047,1054,1030,1034,415759,-0.021759697256386046
2025-01-14,1047,1078,1037,1055,292380,0.02030947775628622
2025-01-15,1090,1105,1041,1060,906714,0.004739336492890933
2025-01-16,1067,1091,1023,1031,1064465,-0.027358490566037785
2025-01-17,1032,1064,1027,1060,475132,0.02812803103782735
2025-01-20,1066,1200,1066,1131,4388961,0.06698113207547163
2025-01-21,1131,1134,1095,1112,523364,-0.016799292661361598
2025-01-22,1100,1202,1071,1075,4291376,-0.033273381294964044
2025-01-23,1075,1096,1049,1060,679286,-0.013953488372092981
2025-01-24,1055,1056,1029,1042,508095,-0.016981132075471694
2025-01-31,1042,1042,1004,1030,403043,-0.01151631477927062
2025-02-03,1044,1079,1025,1047,649571,0.01650485436893212
2025-02-04,1050,1061,1020,1056,266862,0.008595988538681931
2025-02-05,1060,1070,1037,1070,337445,0.01325757575757569
2025-02-06,1070,1075,1043,1044,207583,-0.024299065420560706
2025-02-07,1044,1052,1006,1013,414994,-0.029693486590038343
2025-02-10,1012,1027,1000,1020,175579,0.006910167818361401
2025-02-11,1012,1036,1010,1021,182554,0.0009803921568627416
2025-02-12,1029,1065,1019,1049,315756,0.027424094025465307
2025-02-13,1049,1087,1033,1072,395718,0.0219256434699715
2025-02-14,1079,1114,1059,1069,341293,-0.002798507462686617
2025-02-17,1070,1091,1070,1080,214492,0.010289990645462987
2025-02-18,1080,1103,1073,1092,310756,0.011111111111111072
2025-02-19,1092,1126,1080,1126,520524,0.031135531135531025
2025-02-20,1127,1214,1117,1196,1673913,0.06216696269982247
2025-02-21,1194,1200,1150,1191,575675,-0.004180602006689016
2025-02-24,1191,1208,1182,1207,474951,0.013434089000839533
2025-02-25,1201,1219,1172,1210,319901,0.0024855012427507095
2025-02-26,1192,1221,1191,1200,264710,-0.008264462809917328
2025-02-27,1220,1244,1188,1207,510915,0.005833333333333357
2025-02-28,1207,1215,1180,1195,409728,-0.009942004971002505
2025-03-04,1211,1212,1108,1136,735981,-0.0493723849372385
2025-03-05,1137,1155,1117,1153,244817,0.014964788732394263
2025-03-06,1145,1170,1143,1168,183264,0.013009540329575131
2025-03-07,1158,1174,1103,1120,447004,-0.04109589041095896
2025-03-10,1119,1119,1077,1100,429576,-0.017857142857142905
2025-03-11,1067,1111,1065,1111,218367,0.010000000000000009
2025-03-12,1110,1114,1086,1091,203468,-0.018001800180017957
2025-03-13,1085,1101,1075,1092,146135,0.0009165902841430373
2025-03-14,1090,1103,1080,1095,187159,0.0027472527472527375
2025-03-17,1095,1113,1080,1111,181722,0.01461187214611881
2025-03-18,1114,1117,1095,1109,134720,-0.0018001800180017513
2025-03-19,1105,1107,1068,1074,388213,-0.03155996393146976
2025-03-20,1072,1081,1050,1069,292262,-0.004655493482309092
2025-03-21,1066,1071,1045,1063,211583,-0.005612722170252549
2025-03-24,1053,1066,1044,1044,220830,-0.017873941674506066
2025-03-25,1039,1053,1022,1030,183151,-0.013409961685823757
2025-03-26,1040,1049,1011,1045,224299,0.014563106796116498
2025-03-27,1042,1163,1042,1147,1550347,0.09760765550239237
2025-03-28,1120,1490,1117,1178,49718471,0.027027027027026973
2025-03-31,1130,1460,1120,1174,50901581,-0.00339558573853993
2025-04-01,1188,1299,1070,1170,29311854,-0.0034071550255536653
2025-04-02,1172,1187,1089,1095,5120592,-0.0641025641025641
2025-04-03,1040,1262,1040,1157,13042833,0.05662100456621011
2025-04-04,1179,1310,1101,1287,11067941,0.1123595505617978
2025-04-07,1445,1550,1363,1475,20191605,0.14607614607614616
2025-04-08,1481,1907,1438,1750,42246043,0.18644067796610164
2025-04-09,1748,1899,1575,1658,16233834,-0.0525714285714286
2025-04-10,1631,2000,1592,1727,19083834,0.04161640530759958
2025-04-11,1685,1687,1305,1310,15391744,-0.24145917776491022
2025-04-14,1110,1495,1071,1250,34246190,-0.04580152671755722
2025-04-15,1257,1295,1233,1275,4965870,0.020000000000000018
2025-04-16,1240,1254,1204,1217,2822314,-0.04549019607843141
2025-04-17,1217,1231,1178,1180,2280514,-0.030402629416598215
2025-04-18,1180,1265,1151,1222,3473401,0.035593220338983045
2025-04-21,1222,1228,1169,1183,1644247,-0.03191489361702127
2025-04-22,1172,1240,1170,1174,1534718,-0.0076077768385460764
2025-04-23,1174,1217,1174,1200,1203876,0.022146507666098714
2025-04-24,1215,1300,1178,1198,3119028,-0.0016666666666667052
2025-04-25,1201,1208,1156,1173,1371066,-0.02086811352253759
2025-04-28,1169,1171,1133,1148,1052716,-0.021312872975277064
2025-04-29,1163,1197,1139,1162,1645536,0.012195121951219523
2025-04-30,1186,1235,1160,1217,1887268,0.047332185886402645
2025-05-02,1215,1215,1175,1175,1155121,-0.03451109285127363
2025-05-07,1175,1192,1112,1150,1539033,-0.021276595744680882
2025-05-08,1151,1160,1120,1138,1039062,-0.01043478260869568
2025-05-09,1132,1158,1111,1124,1034313,-0.012302284710017597
2025-05-12,1111,1172,1111,1165,1012528,0.03647686832740216
2025-05-13,1170,1217,1142,1191,1955068,0.022317596566523656
2025-05-14,1193,1217,1185,1188,1159305,-0.0025188916876573986
2025-05-15,1212,1269,1204,1228,3879679,0.03367003367003374
2025-05-16,1232,1291,1140,1155,3770650,-0.059446254071661264
2025-05-19,1156,1165,1140,1150,1088791,-0.0043290043290042934
2025-05-20,1151,1159,1131,1148,846249,-0.0017391304347825765
2025-05-21,1148,1195,1138,1170,855783,0.019163763066202044
2025-05-22,1190,1203,1161,1164,1167716,-0.00512820512820511
2025-05-23,1164,1170,1130,1137,811368,-0.023195876288659822
2025-05-26,1122,1147,1113,1147,536379,0.008795074758135346
2025-05-27,1147,1147,1114,1121,653181,-0.022667829119441985
2025-05-28,1122,1141,1121,1130,514302,0.00802854594112401
2025-05-29,1130,1138,1120,1130,494015,0.0
2025-05-30,1135,1135,1088,1088,771309,-0.03716814159292037
2025-06-02,1088,1115,1087,1102,441798,0.012867647058823595
2025-06-04,1103,1136,1103,1134,461009,0.029038112522685955
2025-06-05,1134,1149,1127,1138,470181,0.003527336860670305
2025-06-09,1140,1163,1137,1162,471790,0.02108963093145877
2025-06-10,1169,1170,1136,1148,415296,-0.012048192771084376
2025-06-11,1165,1165,1135,1150,441952,0.0017421602787457413
2025-06-12,1150,1189,1147,1178,838630,0.024347826086956514
2025-06-13,1178,1181,1150,1166,867115,-0.01018675721561968
2025-06-16,1154,1165,1142,1157,534378,-0.007718696397941649
2025-06-17,1172,1267,1128,1151,4345858,-0.0051858254105444646
2025-06-18,1147,1160,1116,1146,1015781,-0.004344048653344923
2025-06-19,1170,1340,1166,1275,20389274,0.11256544502617793
2025-06-20,1276,1277,1209,1234,3029488,-0.03215686274509799
2025-06-23,1222,1222,1169,1183,1517254,-0.041329011345218825
2025-06-24,1187,1223,1183,1206,1227014,0.019442096365173356
2025-06-25,1206,1218,1188,1198,1077539,-0.0066334991708125735
2025-06-26,1192,1193,1145,1152,1162188,-0.03839732888146907
2025-06-27,1145,1162,1130,1132,696356,-0.01736111111111116
2025-06-30,1135,1152,1118,1122,693510,-0.00883392226148405
2025-07-01,1119,1134,1118,1120,627828,-0.0017825311942959443
2025-07-02,1127,1127,1106,1120,694550,0.0
2025-07-03,1134,1147,1117,1122,779639,0.0017857142857142794
2025-07-04,1125,1130,1112,1114,387633,-0.007130124777183555
2025-07-07,1114,1131,1110,1124,353124,0.008976660682226134
2025-07-08,1127,1129,1110,1123,227183,-0.000889679715302516
2025-07-09,1120,1129,1110,1120,251525,-0.00267141585040076
2025-07-10,1120,1156,1118,1142,912349,0.019642857142857073
2025-07-11,1150,1173,1140,1148,549514,0.005253940455341555
2025-07-14,1146,1150,1123,1126,354062,-0.019163763066202044
2025-07-15,1121,1128,1110,1117,382371,-0.007992895204262829
2025-07-16,1117,1120,1110,1111,261477,-0.0053715308863026
2025-07-17,1115,1115,1087,1092,493873,-0.017101710171017137
2025-07-18,1090,1109,1080,1104,344553,0.01098901098901095
2025-07-21,1105,1113,1094,1102,247250,-0.0018115942028985588
2025-07-22,1103,1103,1063,1069,562953,-0.029945553539019953
2025-07-23,1073,1092,1058,1076,467480,0.00654817586529477
2025-07-24,1066,1083,1057,1072,652447,-0.0037174721189591198
2025-07-25,1076,1076,1056,1073,413144,0.000932835820895539
2025-07-28,1147,1195,1043,1052,2650056,-0.019571295433364444
2025-07-29,1052,1058,1040,1054,272232,0.0019011406844107182
2025-07-30,1049,1068,1046,1054,309313,0.0
2025-07-31,1044,1072,1039,1072,365473,0.017077798861480087
2025-08-01,1069,1070,1026,1038,675039,-0.03171641791044777
2025-08-04,1038,1049,1025,1048,290841,0.009633911368015502
2025-08-05,1049,1060,1046,1053,189410,0.004770992366412319
2025-08-06,1055,1056,1046,1050,156868,-0.002849002849002802
2025-08-07,1051,1053,1040,1047,248901,-0.0028571428571428914
2025-08-08,1048,1055,1041,1046,124519,-0.0009551098376313627
2025-08-11,1044,1049,1035,1037,138636,-0.008604206500956058
2025-08-12,1040,1048,1033,1037,215558,0.0
2025-08-13,1038,1045,1036,1042,109440,0.004821600771456103
2025-08-14,1042,1055,1041,1053,212674,0.01055662188099804
2025-08-18,1047,1051,1030,1032,308510,-0.019943019943019946
2025-08-19,1032,1036,1017,1023,258393,-0.008720930232558155
2025-08-20,1006,1030,1006,1024,229749,0.0009775171065493637
2025-08-21,1058,1058,1013,1015,182133,-0.0087890625
2025-08-22,1018,1025,1005,1010,139655,-0.0049261083743842304
2025-08-25,1014,1025,1011,1012,176109,0.001980198019801982
2025-08-26,1016,1027,1005,1011,142001,-0.0009881422924901129
2025-08-27,1011,1017,1006,1007,95303,-0.003956478733926794
2025-08-28,1011,1011,999,1001,287730,-0.005958291956305817
2025-08-29,1007,1019,986,1000,468837,-0.0009990009990009652
2025-09-01,1000,1000,965,983,522602,-0.017000000000000015
2025-09-02,982,1003,975,999,333291,0.016276703967446515
2025-09-03,999,1005,993,995,50186,-0.004004004004004025
2025-09-04,995,1010,995,1005,144829,0.01005025125628145
2025-09-05,1010,1013,1005,1012,137967,0.006965174129353269
2025-09-08,1014,1017,1005,1007,71084,-0.004940711462450564
2025-09-09,981,1008,981,999,170283,-0.00794438927507446
2025-09-10,998,1005,993,998,235554,-0.0010010010010009784
2025-09-11,1001,1007,996,1003,122018,0.005010020040080221
2025-09-12,1007,1010,999,1008,262432,0.004985044865403854
2025-09-15,1010,1010,996,1003,175376,-0.004960317460317443
2025-09-16,1003,1005,990,990,293231,-0.012961116650049842
2025-09-17,995,995,976,993,380028,0.003030303030302939
2025-09-18,993,1008,993,1004,206948,0.011077542799597273
2025-09-19,1004,1009,996,997,276402,-0.006972111553784854
2025-09-22,998,1006,992,998,194914,0.0010030090270811698
2025-09-23,1000,1004,989,998,226068,0.0
2025-09-24,998,1015,996,1000,260024,0.002004008016031955
2025-09-25,1000,1012,986,1001,403294,0.0009999999999998899
2025-09-26,1001,1001,982,993,248671,-0.007992007992007943
2025-09-29,1050,1150,1027,1048,4401683,0.05538771399798592
2025-09-30,1048,1048,1017,1027,635196,-0.020038167938931317
2025-10-01,1024,1030,1002,1012,511362,-0.014605647517039966
2025-10-02,1019,1049,1010,1049,445852,0.03656126482213429
2025-10-10,1049,1049,1019,1036,309687,-0.012392755004766443
2025-10-13,1016,1036,1006,1022,235307,-0.013513513513513487
2025-10-14,1023,1060,1023,1039,407894,0.016634050880626194
2025-10-15,1034,1060,1033,1050,246437,0.010587102983638186
2025-10-16,1054,1087,1040,1040,444085,-0.00952380952380949
2025-10-17,1040,1045,1019,1021,264059,-0.018269230769230815
2025-10-20,1021,1044,1021,1036,123802,0.014691478942213454
2025-10-21,1036,1044,1022,1025,167275,-0.010617760617760652
2025-10-22,1025,1075,1025,1052,501955,0.02634146341463417
2025-10-23,1042,1080,1040,1060,560715,0.0076045627376426506
2025-10-24,1059,1069,1048,1050,322800,-0.009433962264150941
2025-10-27,1054,1059,1043,1046,187017,-0.003809523809523818
2025-10-28,1047,1076,1042,1072,266580,0.0248565965583174
2025-10-29,1066,1076,1057,1072,284900,0.0
2025-10-30,1083,1093,1059,1062,391130,-0.009328358208955279
2025-10-31,1051,1079,1051,1070,368137,0.007532956685499137
2025-11-03,1063,1067,1021,1039,503527,-0.028971962616822444
