Date,Open,High,Low,Close,Volume,Change
2022-01-03,29500,31000,29500,30000,355,0.016949152542372836
2022-01-04,30000,31000,30000,31000,187,0.03333333333333344
2022-01-05,30000,31000,30000,30800,151,-0.006451612903225823
2022-01-06,29000,30000,29000,29900,45,-0.02922077922077926
2022-01-07,29000,30050,29000,30050,62,0.0050167224080268635
2022-01-10,30950,30950,30950,30950,1,0.029950083194675514
2022-01-11,30000,31000,30000,30050,602,-0.029079159935379684
2022-01-12,31000,31900,30000,31000,1836,0.03161397670549082
2022-01-13,31000,31300,31000,31300,60,0.00967741935483879
2022-01-14,30550,32000,30550,32000,1003,0.022364217252396124
2022-01-17,31000,34000,30550,33000,665,0.03125
2022-01-18,33500,34000,31000,33000,1584,0.0
2022-01-19,33000,33000,33000,33000,0,0.0
2022-01-20,33950,33950,33950,33950,10,0.028787878787878807
2022-01-21,33000,34000,32000,33500,61,-0.013254786450662692
2022-01-24,32000,33000,32000,33000,97,-0.014925373134328401
2022-01-25,32000,32000,32000,32000,93,-0.030303030303030276
2022-01-26,31500,31500,31000,31000,202,-0.03125
2022-01-27,30100,31950,30000,31950,252,0.030645161290322687
2022-01-28,31850,31850,31850,31850,0,-0.003129890453834161
2022-02-03,31800,31800,30600,31800,57,-0.0015698587127158659
2022-02-04,30950,30950,30950,30950,12,-0.026729559748427723
2022-02-07,31850,31850,31800,31800,4,0.02746365105008075
2022-02-08,31700,31700,31700,31700,0,-0.0031446540880503138
2022-02-09,30100,31700,30100,31500,202,-0.006309148264984188
2022-02-10,31450,31450,31450,31450,0,-0.0015873015873015817
2022-02-11,31500,31500,31500,31500,1,0.0015898251192367763
2022-02-14,31400,31400,31400,31400,0,-0.0031746031746031633
2022-02-15,31400,31400,31400,31400,0,0.0
2022-02-16,31400,31400,31400,31400,1,0.0
2022-02-17,31400,31400,31400,31400,1,0.0
2022-02-18,31400,31400,31400,31400,0,0.0
2022-02-21,31450,31450,31400,31400,223,0.0
2022-02-22,31000,31400,31000,31400,400,0.0
2022-02-23,31400,31400,31400,31400,0,0.0
2022-02-24,31350,31350,31350,31350,0,-0.0015923566878981443
2022-02-25,31000,31000,31000,31000,0,-0.011164274322169043
2022-02-28,30000,31000,30000,31000,9,0.0
2022-03-02,31400,31400,31400,31400,1,0.012903225806451646
2022-03-03,30000,31000,30000,31000,53,-0.01273885350318471
2022-03-04,31000,31000,31000,31000,0,0.0
2022-03-07,31000,31000,31000,31000,0,0.0
2022-03-08,31400,31400,29100,31100,181,0.003225806451612856
2022-03-10,30000,31350,29000,31350,67,0.008038585209003246
2022-03-11,30000,31350,30000,31350,40,0.0
2022-03-14,30000,31000,30000,31000,2,-0.011164274322169043
2022-03-15,31400,31400,30000,31000,2033,0.0
2022-03-16,31400,31400,29000,31200,104,0.006451612903225712
2022-03-17,29000,31100,26550,31000,530,-0.0064102564102563875
2022-03-18,29000,30000,28100,29450,536,-0.050000000000000044
2022-03-21,30000,30950,29450,30950,152,0.05093378607809851
2022-03-22,29000,30950,28100,30450,154,-0.016155088852988664
2022-03-23,29500,29500,28800,29050,98,-0.04597701149425293
2022-03-24,30400,30400,27200,28400,298,-0.022375215146299476
2022-03-25,28100,28100,27100,27300,344,-0.03873239436619713
2022-03-28,27100,28900,27100,28900,86,0.05860805860805862
2022-03-29,28000,29850,27000,28150,955,-0.02595155709342556
2022-03-30,28900,28900,26500,28200,1343,0.001776198934280604
2022-03-31,27000,27950,26600,27850,332,-0.012411347517730542
2022-04-01,28950,28950,26100,26950,1491,-0.032315978456014416
2022-04-04,27850,27850,27000,27100,118,0.005565862708719838
2022-04-05,27050,27700,27050,27700,212,0.022140221402213944
2022-04-06,26800,27500,26100,27100,755,-0.02166064981949456
2022-04-07,27550,27550,26200,27150,1531,0.0018450184501845879
2022-04-08,27550,27550,27550,27550,1,0.014732965009208066
2022-04-11,26550,27600,26550,27600,1124,0.001814882032667775
2022-04-12,28000,31700,28000,29850,224,0.08152173913043481
2022-04-13,30900,30900,28000,29750,27,-0.00335008375209378
2022-04-14,30950,30950,28000,28000,4,-0.05882352941176472
2022-04-15,29900,29900,29900,29900,1,0.06785714285714284
2022-04-18,29000,29950,27000,28800,927,-0.03678929765886285
2022-04-19,28000,28750,26900,28650,407,-0.00520833333333337
2022-04-20,28300,28300,28300,28300,2,-0.012216404886561949
2022-04-21,28700,28700,28700,28700,1,0.014134275618374659
2022-04-22,27000,28600,26000,27650,335,-0.03658536585365857
2022-04-25,27650,27650,27650,27650,0,0.0
2022-04-26,27550,27550,27550,27550,3,-0.003616636528028905
2022-04-27,27400,27400,27400,27400,0,-0.005444646098003658
2022-04-28,28000,28000,27000,27700,3,0.010948905109489093
2022-04-29,27000,27550,27000,27550,2,-0.005415162454873612
2022-05-02,28900,28900,26050,28150,758,0.02177858439201441
2022-05-03,27000,28000,27000,27700,14,-0.01598579040852577
2022-05-04,28100,28100,27000,28000,3,0.010830324909747224
2022-05-06,27000,27650,27000,27600,8,-0.014285714285714235
2022-05-09,27000,28050,27000,28050,2,0.016304347826086918
2022-05-10,27000,27850,26800,27250,39,-0.028520499108734443
2022-05-11,27850,27850,26000,27600,1002,0.012844036697247763
2022-05-12,26000,27350,26000,27000,87,-0.021739130434782594
2022-05-13,26650,26650,26650,26650,0,-0.012962962962962954
2022-05-16,27500,28000,26800,27900,824,0.046904315196998114
2022-05-17,26050,28150,26000,27900,760,0.0
2022-05-18,27000,28850,25900,27950,369,0.0017921146953405742
2022-05-19,27000,28700,27000,28450,22,0.017889087656529412
2022-05-20,31550,31550,27000,28800,246,0.012302284710017597
2022-05-23,28000,29700,27500,28000,64,-0.02777777777777779
2022-05-24,29000,29900,28000,28000,45,0.0
2022-05-25,28950,30000,27000,28250,432,0.008928571428571397
2022-05-26,28700,28800,27000,28650,211,0.014159292035398341
2022-05-27,29950,29950,28000,29950,4,0.04537521815008727
2022-05-30,28000,30000,28000,30000,35,0.0016694490818029983
2022-05-31,29000,29950,28000,29950,12,-0.0016666666666667052
2022-06-02,28000,29950,28000,29950,20,0.0
2022-06-03,28100,29950,28000,28950,41,-0.03338898163606008
2022-06-07,29900,29900,28000,28950,3,0.0
2022-06-08,29750,29750,29750,29750,1,0.02763385146804831
2022-06-09,29800,29800,28000,29800,11,0.001680672268907557
2022-06-10,28000,29950,28000,29750,17,-0.001677852348993314
2022-06-13,28000,29700,28000,29700,67,-0.001680672268907557
2022-06-14,28000,29450,27050,29250,112,-0.015151515151515138
2022-06-15,30000,30000,27000,28800,170,-0.01538461538461533
2022-06-16,28800,28800,28800,28800,4,0.0
2022-06-17,28800,28800,28800,28800,3,0.0
2022-06-20,27300,28600,27200,28600,70,-0.00694444444444442
2022-06-21,28600,28950,28600,28950,7,0.012237762237762295
2022-06-22,28000,29850,28000,29850,2,0.031088082901554515
2022-06-23,29900,29900,29900,29900,1,0.0016750418760469454
2022-06-24,29850,29850,29850,29850,0,-0.0016722408026755842
2022-06-27,29000,29000,29000,29000,0,-0.028475711892797295
2022-06-28,28550,28550,28550,28550,0,-0.01551724137931032
2022-06-29,28500,28500,28500,28500,6,-0.0017513134851138146
2022-06-30,27950,27950,27950,27950,0,-0.019298245614035037
2022-07-01,28500,28500,25000,27300,871,-0.023255813953488413
2022-07-04,28900,28900,28900,28900,1,0.05860805860805862
2022-07-05,28850,28850,26300,28050,96,-0.02941176470588236
2022-07-06,28800,28800,28800,28800,1,0.02673796791443861
2022-07-07,26900,28000,26900,28000,60,-0.02777777777777779
2022-07-08,28950,28950,24450,28750,115,0.02678571428571419
2022-07-11,27500,27500,27500,27500,40,-0.04347826086956519
2022-07-12,28950,28950,28950,28950,1,0.052727272727272734
2022-07-13,26750,28500,25800,26400,675,-0.08808290155440412
2022-07-14,28000,28000,28000,28000,1,0.06060606060606055
2022-07-15,26050,27150,26000,27150,40,-0.03035714285714286
2022-07-18,27900,27900,27900,27900,1,0.027624309392265234
2022-07-19,27200,27200,27200,27200,0,-0.02508960573476704
2022-07-20,26550,26550,26550,26550,0,-0.023897058823529438
2022-07-21,27600,27600,27600,27600,1,0.039548022598870025
2022-07-22,26900,26900,26900,26900,0,-0.025362318840579712
2022-07-25,26550,26550,26550,26550,0,-0.013011152416356864
2022-07-26,27500,27500,27500,27500,1,0.03578154425612046
2022-07-27,26950,26950,26950,26950,0,-0.020000000000000018
2022-07-28,27350,27350,27350,27350,10,0.014842300556586308
2022-07-29,27350,27350,27350,27350,0,0.0
2022-08-01,27350,27350,27350,27350,0,0.0
2022-08-02,29000,29000,25000,26500,845,-0.031078610603290646
2022-08-03,27750,27750,27750,27750,1,0.04716981132075482
2022-08-04,27250,27250,27250,27250,0,-0.018018018018018056
2022-08-05,27900,27900,27900,27900,31,0.023853211009174258
2022-08-08,25150,28300,25150,28300,32,0.014336917562723928
2022-08-09,28050,28050,28050,28050,3,-0.00883392226148405
2022-08-10,27000,28600,26700,26900,15,-0.04099821746880572
2022-08-11,29000,29000,29000,29000,1,0.07806691449814118
2022-08-12,27650,27650,27650,27650,0,-0.04655172413793107
2022-08-16,28900,31750,27650,27650,2389,0.0
2022-08-17,27500,28400,27200,28400,101,0.027124773960216952
2022-08-18,28050,28050,28050,28050,0,-0.01232394366197187
2022-08-19,28250,28250,27850,28000,201,-0.0017825311942959443
2022-08-22,28000,28100,27000,27650,3010,-0.012499999999999956
2022-08-23,28000,28500,28000,28500,16,0.030741410488245968
2022-08-24,28050,28050,28050,28050,0,-0.015789473684210575
2022-08-25,28050,28050,28050,28050,0,0.0
2022-08-26,28950,28950,28950,28950,1,0.03208556149732611
2022-08-29,29350,29350,29350,29350,1,0.013816925734024155
2022-08-30,28000,29300,28000,29300,5,-0.0017035775127768327
2022-08-31,28000,29250,28000,29250,2,-0.0017064846416382506
2022-09-01,28000,29000,28000,29000,8,-0.008547008547008517
2022-09-02,28000,28950,28000,28950,2,-0.0017241379310344307
2022-09-05,29000,29000,29000,29000,1,0.0017271157167531026
2022-09-06,28950,28950,28950,28950,0,-0.0017241379310344307
2022-09-07,28950,28950,28950,28950,3,0.0
2022-09-08,29000,29000,29000,29000,6,0.0017271157167531026
2022-09-13,28950,28950,28950,28950,0,-0.0017241379310344307
2022-09-14,28950,28950,28950,28950,0,0.0
2022-09-15,28800,28800,28800,28800,0,-0.005181347150259086
2022-09-16,29150,29150,27350,29000,42,0.00694444444444442
2022-09-19,28000,30850,25800,28300,1311,-0.024137931034482807
2022-09-20,28950,28950,27200,28850,3,0.019434628975264934
2022-09-21,28550,28550,28550,28550,0,-0.010398613518197597
2022-09-22,27000,27950,27000,27950,2,-0.021015761821365997
2022-09-23,28900,28900,27000,27200,36,-0.02683363148479423
2022-09-26,28800,28800,27000,27800,22,0.022058823529411686
2022-09-27,27000,27000,27000,27000,0,-0.02877697841726623
2022-09-28,27700,27800,27700,27800,10,0.029629629629629672
2022-09-29,27650,27650,27650,27650,0,-0.0053956834532373765
2022-09-30,27000,27000,27000,27000,0,-0.023508137432188048
2022-10-04,26050,27450,26050,27450,21,0.016666666666666607
2022-10-05,27500,27600,26500,27600,22,0.005464480874316946
2022-10-06,27000,27000,27000,27000,0,-0.021739130434782594
2022-10-07,27450,29000,26550,27000,268,0.0
2022-10-11,25200,26950,25200,26750,61,-0.0092592592592593
2022-10-12,27950,27950,27950,27950,1,0.04485981308411224
2022-10-13,26900,26900,26900,26900,0,-0.03756708407871201
2022-10-14,27800,27800,26400,27000,128,0.0037174721189590088
2022-10-17,28000,28000,25850,26800,448,-0.007407407407407418
2022-10-18,27850,27850,27850,27850,1,0.03917910447761197
2022-10-19,26100,28250,26100,28250,198,0.014362657091562037
2022-10-20,26000,28450,26000,26650,184,-0.05663716814159292
2022-10-21,27900,27900,27900,27900,1,0.046904315196998114
2022-10-24,26700,26700,26700,26700,0,-0.043010752688172005
2022-10-25,27900,27900,27900,27900,1,0.04494382022471921
2022-10-26,27000,27000,26000,26800,176,-0.03942652329749108
2022-10-27,26500,26800,26500,26800,11,0.0
2022-10-28,26350,26350,26350,26350,0,-0.016791044776119368
2022-10-31,28100,28100,26000,28000,6149,0.06261859582542684
2022-11-01,28000,28050,28000,28050,5,0.0017857142857142794
2022-11-02,27000,27000,27000,27000,11,-0.03743315508021394
2022-11-03,28150,28150,28150,28150,1,0.042592592592592515
2022-11-04,28750,28850,28450,28850,18,0.0248667850799289
2022-11-07,27000,27000,27000,27000,0,-0.06412478336221838
2022-11-08,28150,28150,25500,27500,57,0.0185185185185186
2022-11-09,26400,26400,26400,26400,0,-0.040000000000000036
2022-11-10,28800,28800,28800,28800,1,0.09090909090909083
2022-11-11,26900,26900,26900,26900,1,-0.06597222222222221
2022-11-14,27350,27350,27350,27350,3,0.016728624535315983
2022-11-15,26200,26200,26200,26200,0,-0.042047531992687404
2022-11-16,26900,26900,26900,26900,1,0.026717557251908497
2022-11-17,25000,26900,25000,26900,527,0.0
2022-11-18,28000,28000,25000,26550,322,-0.013011152416356864
2022-11-21,25050,25050,25050,25050,27,-0.05649717514124297
2022-11-22,26350,26350,26350,26350,1,0.05189620758483038
2022-11-23,25050,25700,25050,25650,14,-0.026565464895635715
2022-11-24,26450,26450,24350,26050,769,0.015594541910331383
2022-11-25,25000,25950,25000,25950,6,-0.0038387715930902067
2022-11-28,25550,25550,25550,25550,0,-0.015414258188824692
2022-11-29,25900,25900,25900,25900,1,0.013698630136986356
2022-11-30,25250,25250,25250,25250,0,-0.025096525096525046
2022-12-01,25400,25850,24850,25850,109,0.023762376237623783
2022-12-02,25900,25900,25900,25900,4,0.0019342359767891004
2022-12-05,25000,25650,25000,25650,10,-0.009652509652509633
2022-12-06,26000,26000,26000,26000,1,0.013645224171539905
2022-12-07,25350,25350,25350,25350,0,-0.025000000000000022
2022-12-08,25900,25900,25900,25900,1,0.021696252465483346
2022-12-09,25000,25850,25000,25850,11,-0.0019305019305019266
2022-12-12,25250,25250,25250,25250,0,-0.023210831721469982
2022-12-13,25950,25950,25950,25950,1,0.027722772277227747
2022-12-14,25450,25450,25450,25450,0,-0.019267822736030782
2022-12-15,25250,25250,25250,25250,0,-0.007858546168958758
2022-12-16,25850,25850,24900,25250,20,0.0
2022-12-19,25900,25900,25000,25000,6,-0.00990099009900991
2022-12-20,26000,26000,26000,26000,1,0.040000000000000036
2022-12-21,26000,26000,26000,26000,3,0.0
2022-12-22,25000,25500,25000,25400,49,-0.023076923076923106
2022-12-23,25900,25900,25000,25800,7,0.015748031496062964
2022-12-26,25000,25900,25000,25250,18,-0.02131782945736438
2022-12-27,25950,25950,25000,25800,13,0.0217821782178218
2022-12-28,25000,25450,25000,25450,6,-0.013565891472868241
2022-12-29,25950,25950,25950,25950,1,0.01964636542239684
2023-01-02,25350,25350,25350,25350,0,-0.023121387283236983
2023-01-03,26450,26450,25000,26350,7,0.03944773175542404
2023-01-04,25000,26250,25000,26250,16,-0.003795066413662229
2023-01-05,25000,25400,25000,25400,6,-0.0323809523809524
2023-01-06,26300,26300,26300,26300,1,0.03543307086614167
2023-01-09,25000,26200,25000,25900,32,-0.01520912547528519
2023-01-10,26250,26250,24800,25600,28,-0.01158301158301156
2023-01-11,26250,26250,24550,25950,4,0.013671875
2023-01-12,25950,25950,25950,25950,10,0.0
2023-01-13,26250,26250,25000,25600,11,-0.013487475915221592
2023-01-16,26300,26300,26300,26300,1,0.02734375
2023-01-17,25400,25400,25400,25400,5,-0.034220532319391594
2023-01-18,26350,26350,26350,26350,1,0.03740157480314954
2023-01-19,25500,26250,25000,26250,185,-0.003795066413662229
2023-01-20,25900,26250,25800,25800,47,-0.017142857142857126
2023-01-25,26300,27500,25000,27000,1272,0.04651162790697683
2023-01-26,27500,27500,27500,27500,1,0.0185185185185186
2023-01-27,27450,27500,27450,27500,2,0.0
2023-01-30,27500,27500,27500,27500,1030,0.0
2023-01-31,28200,28200,27000,27600,1074,0.0036363636363636598
2023-02-01,28700,28700,26950,27000,3,-0.021739130434782594
2023-02-02,27950,28200,25000,27500,259,0.0185185185185186
2023-02-03,25500,27500,25000,26850,268,-0.023636363636363678
2023-02-06,25100,26800,25000,26500,22,-0.013035381750465591
2023-02-07,27400,27400,25000,26650,40,0.005660377358490676
2023-02-08,26400,26400,24650,25000,612,-0.06191369606003749
2023-02-09,25300,25300,25000,25000,2,0.0
2023-02-10,26500,28750,25000,25000,3964,0.0
2023-02-13,27350,27350,25000,25700,1772,0.028000000000000025
2023-02-14,25650,25650,25000,25000,2553,-0.027237354085603127
2023-02-15,25200,25550,25000,25550,853,0.02200000000000002
2023-02-16,25550,26950,25100,25200,1974,-0.013698630136986356
2023-02-17,25050,25300,25000,25000,429,-0.007936507936507908
2023-02-20,25150,25150,24900,25050,1543,0.0020000000000000018
2023-02-21,25800,26600,25000,25950,4246,0.03592814371257491
2023-02-22,25950,26300,25350,26300,2346,0.01348747591522148
2023-02-23,7560,7560,6320,7190,1912,-0.7266159695817491
2023-02-24,6540,7160,6300,6320,3177,-0.12100139082058414
2023-02-27,6260,6500,6160,6430,33,0.017405063291139333
2023-02-28,6400,6490,6150,6290,919,-0.021772939346811793
2023-03-02,6490,6490,6490,6490,16,0.031796502384737746
2023-03-03,6480,6480,6470,6470,17,-0.0030816640986132127
2023-03-06,6470,6470,6300,6450,543,-0.0030911901081916993
2023-03-07,6350,6440,6250,6430,109,-0.0031007751937984773
2023-03-08,6470,6470,6000,6330,1069,-0.015552099533437058
2023-03-09,6460,6460,6300,6420,217,0.014218009478673022
2023-03-10,6420,6420,6000,6390,103,-0.004672897196261627
2023-03-13,6470,6470,5750,6340,151,-0.007824726134585291
2023-03-14,6310,6310,5390,5740,11500,-0.09463722397476337
2023-03-15,6270,6600,6210,6550,4309,0.14111498257839727
2023-03-16,6440,6440,6000,6190,4095,-0.05496183206106875
2023-03-17,5810,6350,5660,5970,5580,-0.03554119547657508
2023-03-20,6360,6360,5650,6070,68,0.01675041876046901
2023-03-21,6320,6320,5220,5400,5816,-0.11037891268533773
2023-03-22,5770,5770,5300,5600,7327,0.03703703703703698
2023-03-23,5390,5400,5350,5380,507,-0.03928571428571426
2023-03-24,5470,5470,5000,5170,7234,-0.03903345724907059
2023-03-27,5640,5640,5000,5580,1202,0.079303675048356
2023-03-28,5010,5240,4750,5040,12835,-0.09677419354838712
2023-03-29,5000,5000,4950,4980,1704,-0.011904761904761862
2023-03-30,5040,5080,4900,4995,1160,0.003012048192771122
2023-03-31,5170,5170,4905,4905,195,-0.018018018018018056
2023-04-03,5150,5150,4900,5070,2004,0.033639143730886945
2023-04-04,5150,5150,4945,5070,400764,0.0
2023-04-05,5170,5170,4935,4970,3555,-0.01972386587771202
2023-04-06,5170,5170,5170,5170,1,0.04024144869215296
2023-04-07,5110,5110,5000,5080,24,-0.01740812379110257
2023-04-10,5150,5400,5140,5390,9149,0.061023622047243986
2023-04-11,5780,6190,5640,6190,675039,0.14842300556586263
2023-04-12,6440,7110,6440,7110,7416,0.14862681744749606
2023-04-13,7490,7600,6810,6840,11236,-0.03797468354430378
2023-04-14,7160,7160,5910,6070,23337,-0.11257309941520466
2023-04-17,6190,6240,5240,6240,23556,0.028006589785831926
2023-04-18,6230,6230,6000,6170,4301,-0.011217948717948678
2023-04-19,6100,6590,6100,6580,6218,0.06645056726094012
2023-04-20,6660,6800,6550,6790,5775,0.03191489361702127
2023-04-21,6800,7380,6790,7250,6482,0.06774668630338732
2023-04-24,7250,8330,7000,8120,28350,0.1200000000000001
2023-04-25,8130,8130,7720,7760,15423,-0.044334975369458074
2023-04-26,7760,8120,7560,8020,6497,0.03350515463917536
2023-04-27,7720,8100,6840,7230,14449,-0.09850374064837908
2023-04-28,6900,7490,6870,7050,1861,-0.024896265560165998
2023-05-02,6860,7370,6690,6880,2015,-0.024113475177305
2023-05-03,7050,7100,6560,6800,2852,-0.011627906976744207
2023-05-04,6650,7100,6650,6750,2176,-0.007352941176470562
2023-05-08,6760,7100,6760,7100,4610,0.051851851851851816
2023-05-09,7110,7240,6050,7100,45157,0.0
2023-05-10,6800,7500,6800,7340,5466,0.033802816901408406
2023-05-11,7110,7510,7110,7380,14885,0.005449591280654031
2023-05-12,7530,7530,7200,7300,1407,-0.010840108401083959
2023-05-15,7300,7400,7220,7400,9479,0.013698630136986356
2023-05-16,7210,7480,7120,7400,3480,0.0
2023-05-17,7010,7490,7010,7490,1962,0.012162162162162149
2023-05-18,7260,8110,7260,8110,2878,0.08277703604806419
2023-05-19,7800,8100,7800,8050,309,-0.007398273736128225
2023-05-22,8090,8090,7710,8080,2975,0.003726708074534235
2023-05-23,7920,8120,7920,8120,662,0.004950495049504955
2023-05-24,8120,8120,7800,8040,1012,-0.009852216748768461
2023-05-25,8100,9160,8090,8550,1230,0.06343283582089554
2023-05-26,8300,9000,8150,8700,234,0.01754385964912286
2023-05-30,8210,8990,8150,8460,728,-0.02758620689655178
2023-05-31,8500,8500,8040,8450,152,-0.0011820330969266601
2023-06-01,8490,8490,8400,8400,178,-0.00591715976331364
2023-06-02,8590,8590,8200,8200,345,-0.023809523809523836
2023-06-05,8390,9180,8100,9180,1784,0.11951219512195133
2023-06-07,9400,9400,8200,9090,2003,-0.009803921568627416
2023-06-08,9090,9200,8830,9170,220,0.008800880088008833
2023-06-09,9400,9410,8800,9400,937,0.025081788440566966
2023-06-12,9200,9980,9200,9500,1147,0.010638297872340496
2023-06-13,9000,10180,9000,9890,6800,0.04105263157894745
2023-06-14,9600,10100,9600,9700,2588,-0.01921132457027297
2023-06-15,9400,10000,9020,9870,444,0.017525773195876226
2023-06-16,9600,10000,9010,9690,2685,-0.018237082066869248
2023-06-19,9370,9370,8240,8800,9451,-0.09184726522187825
2023-06-20,8250,8950,8000,8750,645,-0.005681818181818232
2023-06-21,8400,8750,7900,8740,2729,-0.0011428571428571122
2023-06-22,8240,8750,8240,8590,84,-0.017162471395881007
2023-06-23,8240,8740,7800,8200,3573,-0.0454016298020955
2023-06-26,7840,8720,7840,8100,753,-0.012195121951219523
2023-06-27,7670,8340,7670,8100,377,0.0
2023-06-28,7750,8690,7750,8320,269,0.02716049382716057
2023-06-29,7830,8890,7830,8890,1568,0.06850961538461542
2023-06-30,8430,9270,8430,9270,7072,0.042744656917885315
2023-07-03,9400,10090,9400,9410,11022,0.015102481121898492
2023-07-04,9850,9850,9220,9390,4247,-0.002125398512221044
2023-07-05,9040,9590,9040,9390,7812,0.0
2023-07-06,9210,9430,9030,9170,7537,-0.023429179978700754
2023-07-07,9030,9400,8990,9240,4692,0.007633587786259444
2023-07-10,9200,9390,9000,9230,1539,-0.0010822510822511289
2023-07-11,9190,9440,8600,9080,2325,-0.01625135427952329
2023-07-12,9000,9240,9000,9220,2575,0.01541850220264318
2023-07-13,9350,9400,9100,9210,3374,-0.0010845986984815426
2023-07-14,9110,9330,9030,9190,2219,-0.0021715526601520097
2023-07-17,9330,9330,8840,9100,2579,-0.009793253536452662
2023-07-18,9330,9330,8940,9150,4748,0.005494505494505475
2023-07-19,9290,9350,9100,9240,11478,0.009836065573770592
2023-07-20,9300,9330,9100,9250,7123,0.0010822510822510178
2023-07-21,10100,10620,9150,9310,24736,0.00648648648648642
2023-07-24,9520,9560,9100,9310,6752,0.0
2023-07-25,9360,9800,9130,9250,12466,-0.0064446831364124435
2023-07-26,9290,9300,8630,8970,17100,-0.030270270270270294
2023-07-27,8990,9150,8700,8930,7135,-0.004459308807134854
2023-07-28,9070,9070,7950,8100,13936,-0.09294512877939531
2023-07-31,9080,9080,7900,8340,4098,0.029629629629629672
2023-08-01,8860,8860,8010,8460,1223,0.014388489208633004
2023-08-02,8150,8770,8150,8400,4488,-0.007092198581560294
2023-08-03,8760,8760,8100,8400,3206,0.0
2023-08-04,8670,8670,8350,8490,2624,0.010714285714285676
2023-08-07,8470,8470,8000,8200,37981,-0.0341578327444052
2023-08-08,8700,8700,8050,8200,4912,0.0
2023-08-09,8790,8790,8110,8550,1174,0.04268292682926833
2023-08-10,8260,8700,8200,8680,4239,0.015204678362572999
2023-08-11,8800,8800,8300,8700,3056,0.0023041474654377225
2023-08-14,8880,8880,8500,8860,1072,0.01839080459770126
2023-08-16,8510,8840,7910,8100,28275,-0.08577878103837466
2023-08-17,8150,8410,7560,8090,20454,-0.0012345679012345512
2023-08-18,8090,8360,7760,8000,4230,-0.011124845488257096
2023-08-21,8360,8360,7780,7890,14423,-0.01375000000000004
2023-08-22,8000,8000,7600,7900,10558,0.0012674271229404788
2023-08-23,8350,8350,7820,7910,5801,0.0012658227848101333
2023-08-24,8350,8360,7860,8050,4621,0.017699115044247815
2023-08-25,8330,8330,7920,8030,1305,-0.00248447204968949
2023-08-28,8200,8200,7900,8050,1441,0.00249066002490661
2023-08-29,8360,8360,7910,8100,863,0.006211180124223503
2023-08-30,8360,8360,7900,8080,2646,-0.0024691358024691024
2023-08-31,8330,8330,7950,8180,1050,0.012376237623762387
2023-09-01,8180,8180,7920,8120,1246,-0.007334963325183352
2023-09-04,8170,8170,7970,8140,1437,0.0024630541871921707
2023-09-05,8160,8290,8140,8290,1031,0.01842751842751844
2023-09-06,8320,8630,8030,8630,8260,0.04101326899879365
2023-09-07,7340,7800,7340,7340,8789,-0.14947856315179608
2023-09-08,6500,7300,6500,7000,29976,-0.0463215258855586
2023-09-11,7880,7880,6870,7040,1403,0.005714285714285783
2023-09-12,7250,7250,6940,7050,1156,0.0014204545454545858
2023-09-13,7670,7670,7000,7060,785,0.0014184397163119478
2023-09-14,7370,7370,6940,7070,2104,0.0014164305949009304
2023-09-15,7190,7190,7000,7000,545,-0.00990099009900991
2023-09-18,7000,7280,7000,7190,987,0.027142857142857135
2023-09-19,7320,7320,7160,7230,469,0.0055632823365785455
2023-09-20,7870,7870,7180,7320,302,0.012448132780082943
2023-09-21,7480,7480,7240,7340,64,0.002732240437158362
2023-09-22,7390,7390,7210,7300,669,-0.00544959128065392
2023-09-25,7300,7300,7090,7300,1990,0.0
2023-09-26,7370,7370,7200,7330,302,0.004109589041095818
2023-09-27,7120,7360,7010,7270,3797,-0.008185538881309684
2023-10-04,7340,7340,6990,7180,8853,-0.012379642365887178
2023-10-05,7270,7270,6990,7130,6484,-0.0069637883008356605
2023-10-06,7160,7160,6990,7030,4913,-0.014025245441795287
2023-10-10,7220,7220,7000,7030,2506,0.0
2023-10-11,7000,7030,6930,7020,1825,-0.0014224751066855834
2023-10-12,6980,7030,6950,7010,991,-0.0014245014245014564
2023-10-13,7020,7320,6960,7270,2219,0.03708987161198296
2023-10-16,7270,7270,6980,7030,2837,-0.03301237964236592
2023-10-17,7190,7190,7000,7090,5003,0.008534850640113723
2023-10-18,7090,7090,6940,7000,15232,-0.012693935119887145
2023-10-19,7000,7090,6950,7000,2012,0.0
2023-10-20,7000,7070,6690,6990,4131,-0.0014285714285714457
2023-10-23,7000,7200,5950,6000,54014,-0.14163090128755362
2023-10-24,6180,6190,5950,6070,16982,0.011666666666666714
2023-10-25,6100,6230,6060,6150,8977,0.01317957166392092
2023-10-26,6100,6450,6100,6260,14186,0.01788617886178856
2023-10-27,6200,6700,6160,6650,13987,0.06230031948881787
2023-10-30,6650,6680,6310,6680,9796,0.004511278195488799
2023-10-31,6830,6830,6540,6790,13350,0.01646706586826352
2023-11-01,6700,7100,6300,6790,21111,0.0
2023-11-02,6000,10730,5690,8550,39673567,0.2592047128129602
2023-11-03,9300,10950,9300,10290,18955106,0.20350877192982453
2023-11-06,9690,9700,8540,8800,5182532,-0.14480077745383868
2023-11-07,8460,8500,7150,7170,2394227,-0.18522727272727268
2023-11-08,7010,7700,6640,6800,3374845,-0.051603905160390484
2023-11-09,6690,6760,6060,6300,849315,-0.07352941176470584
2023-11-10,6480,6890,6000,6010,1219724,-0.04603174603174598
2023-11-13,6100,6260,5500,5640,1048478,-0.061564059900166335
2023-11-14,5840,6080,5660,5760,1146385,0.02127659574468077
2023-11-15,5810,5860,5660,5680,407937,-0.01388888888888884
2023-11-16,5750,5750,5450,5520,379646,-0.028169014084507005
2023-11-17,5610,5610,5120,5230,589598,-0.05253623188405798
2023-11-20,5270,5450,5180,5260,276480,0.005736137667303964
2023-11-21,5290,6100,5200,5520,2351732,0.049429657794676896
2023-11-22,5530,5610,5290,5390,315495,-0.023550724637681153
2023-11-23,5390,5610,5270,5280,317676,-0.020408163265306145
2023-11-24,5260,6450,5240,5910,8684206,0.11931818181818188
2023-11-27,5880,6880,5750,6280,4348548,0.06260575296108284
2023-11-28,6220,6280,5830,5880,708621,-0.06369426751592355
2023-11-29,5980,6170,5670,5690,591659,-0.03231292517006801
2023-11-30,5630,6190,5630,5840,803315,0.026362038664323295
2023-12-01,5840,6150,5800,5830,711013,-0.001712328767123239
2023-12-04,5800,5810,5520,5570,308953,-0.044596912521440824
2023-12-05,5460,5560,5280,5370,272673,-0.03590664272890487
2023-12-06,5340,5870,5320,5540,529220,0.03165735567970196
2023-12-07,5550,6230,5550,5680,1821817,0.025270758122743597
2023-12-08,5630,5740,5540,5570,220578,-0.01936619718309862
2023-12-11,5640,5990,5490,5710,524122,0.025134649910233398
2023-12-12,5710,5860,5590,5630,209832,-0.014010507880910628
2023-12-13,5610,5800,5400,5540,182024,-0.01598579040852577
2023-12-14,5600,5600,5350,5380,162828,-0.028880866425992746
2023-12-15,5440,5440,5260,5270,176094,-0.020446096654275103
2023-12-18,5310,5470,5270,5340,175977,0.013282732447817747
2023-12-19,5330,5510,5330,5430,118842,0.016853932584269593
2023-12-20,5540,5540,5380,5400,159431,-0.0055248618784530246
2023-12-21,5400,5510,5310,5310,161286,-0.01666666666666672
2023-12-22,5330,6050,5140,5290,940245,-0.0037664783427495685
2023-12-26,5260,5500,5250,5370,160301,0.01512287334593565
2023-12-27,5350,5450,5350,5360,95841,-0.0018621973929237035
2023-12-28,5420,5420,5270,5280,100751,-0.014925373134328401
2024-01-02,5240,5340,5210,5300,69375,0.0037878787878788955
2024-01-03,5300,5410,5250,5340,123291,0.007547169811320753
2024-01-04,5330,5400,5290,5340,103842,0.0
2024-01-05,5340,5430,5250,5410,165775,0.013108614232209659
2024-01-08,5410,5690,5410,5510,191827,0.01848428835489835
2024-01-09,5620,5620,5470,5550,92766,0.007259528130671544
2024-01-10,5570,5570,5350,5440,82972,-0.01981981981981984
2024-01-11,5480,5480,5370,5400,75769,-0.007352941176470562
2024-01-12,5420,5460,5220,5460,178599,0.011111111111111072
2024-01-15,5500,5500,5290,5310,376062,-0.027472527472527486
2024-01-16,5310,5380,5220,5310,65959,0.0
2024-01-17,5320,5350,5090,5170,92967,-0.026365348399246757
2024-01-18,5150,5220,5040,5150,65022,-0.003868471953578312
2024-01-19,5150,5220,5030,5090,45223,-0.011650485436893177
2024-01-22,5130,5130,4905,4970,77494,-0.023575638506876273
2024-01-23,4950,5110,4810,5050,63808,0.016096579476861272
2024-01-24,5050,5090,4755,4830,101598,-0.0435643564356436
2024-01-25,4830,4850,4540,4590,110627,-0.0496894409937888
2024-01-26,4600,4665,4580,4640,36810,0.01089324618736387
2024-01-29,4650,4690,4575,4640,36726,0.0
2024-01-30,4605,4820,4605,4820,50744,0.0387931034482758
2024-01-31,4795,4815,4700,4735,33837,-0.01763485477178428
2024-02-01,4805,4830,4660,4665,44377,-0.014783526927138357
2024-02-02,4665,4740,4635,4645,47056,-0.004287245444801746
2024-02-05,4650,4665,4495,4500,35490,-0.031216361679224924
2024-02-06,4390,4525,4250,4330,133391,-0.0377777777777778
2024-02-07,4270,4345,3925,4170,124474,-0.036951501154734445
2024-02-08,4225,4225,4165,4180,23137,0.0023980815347721673
2024-02-13,4180,4290,4155,4230,41382,0.011961722488038173
2024-02-14,4235,4345,4210,4340,43777,0.026004728132387633
2024-02-15,4480,4480,4300,4345,32368,0.0011520737327188613
2024-02-16,4400,4460,4300,4395,65995,0.011507479861910141
2024-02-19,4485,5470,4410,4955,1832100,0.12741751990898753
2024-02-20,4975,4980,4700,4835,261937,-0.024217961654894093
2024-02-21,4835,4855,4535,4535,193921,-0.062047569803516
2024-02-22,4590,4620,4410,4550,102371,0.00330760749724357
2024-02-23,4525,4800,4415,4610,211945,0.01318681318681314
2024-02-26,4615,4675,4430,4550,102132,-0.013015184381778733
2024-02-27,4540,4580,4350,4350,79942,-0.04395604395604391
2024-02-28,4335,4415,4180,4220,64292,-0.029885057471264354
2024-02-29,4200,4350,4110,4275,61564,0.013033175355450233
2024-03-04,4200,4330,4150,4295,89295,0.004678362573099504
2024-03-05,4310,4390,4220,4255,32025,-0.0093131548311991
2024-03-06,4220,5020,4210,4320,948827,0.01527614571092828
2024-03-07,4330,4420,4220,4250,110577,-0.01620370370370372
2024-03-08,4290,4290,4160,4175,67070,-0.01764705882352946
2024-03-11,4180,4740,4175,4505,334064,0.07904191616766476
2024-03-12,4485,4565,4450,4490,63744,-0.0033296337402886067
2024-03-13,4535,4535,4425,4510,50892,0.00445434298440972
2024-03-14,4440,4590,4385,4500,40801,-0.0022172949002217113
2024-03-15,4500,4525,4405,4455,32700,-0.010000000000000009
2024-03-18,4590,4590,4430,4500,53882,0.010101010101010166
2024-03-19,4490,4490,4360,4390,45954,-0.02444444444444449
2024-03-20,4390,4440,4365,4405,25272,0.003416856492027387
2024-03-21,4365,4430,4365,4380,37004,-0.005675368898978461
2024-03-22,4380,4440,4315,4360,22131,-0.004566210045662156
2024-03-25,4365,4380,4295,4350,26695,-0.002293577981651418
2024-03-26,4350,4390,4300,4345,20098,-0.0011494252873562871
2024-03-27,4320,4385,4180,4250,47306,-0.021864211737629424
2024-03-28,4250,4330,4175,4180,24541,-0.016470588235294126
2024-03-29,4180,4265,4130,4180,28283,0.0
2024-04-01,4195,4360,4100,4320,43149,0.03349282296650724
2024-04-02,4345,4400,4130,4200,40484,-0.02777777777777779
2024-04-03,4200,4250,4040,4220,83237,0.004761904761904745
2024-04-04,4220,4540,4160,4240,54693,0.004739336492890933
2024-04-05,4165,4295,4160,4290,62643,0.011792452830188704
2024-04-08,4275,4370,3955,4185,65486,-0.02447552447552448
2024-04-09,4185,4225,3850,3850,150191,-0.0800477897252091
2024-04-11,3825,3915,3720,3740,40471,-0.02857142857142858
2024-04-12,3735,4400,3735,4065,495306,0.08689839572192515
2024-04-15,4055,4055,3870,3920,46128,-0.035670356703567
2024-04-16,3890,4035,3860,3970,27179,0.012755102040816313
2024-04-17,4030,4030,3830,3925,35462,-0.01133501259445846
2024-04-18,3925,3940,3855,3930,35889,0.001273885350318471
2024-04-19,3925,4095,3720,3815,87810,-0.029262086513994867
2024-04-22,3760,3840,3750,3800,20291,-0.003931847968545177
2024-04-23,3780,3840,3750,3755,25006,-0.011842105263157876
2024-04-24,3795,3880,3780,3790,12281,0.009320905459387463
2024-04-25,3805,3850,3740,3760,13690,-0.0079155672823219
2024-04-26,3780,3825,3735,3765,9305,0.0013297872340425343
2024-04-29,3765,3825,3755,3805,45984,0.010624169986719778
2024-04-30,3815,3880,3800,3845,13400,0.010512483574244502
2024-05-02,3840,3955,3830,3860,15504,0.0039011703511053764
2024-05-03,3920,3920,3820,3860,19628,0.0
2024-05-07,3870,3935,3785,3830,38686,-0.007772020725388629
2024-05-08,3800,3870,3765,3795,16521,-0.009138381201044377
2024-05-09,3800,3800,3730,3770,16412,-0.006587615283267456
2024-05-10,3770,3925,3725,3900,70497,0.034482758620689724
2024-05-13,3905,3910,3795,3870,23249,-0.007692307692307665
2024-05-14,3870,4050,3830,3985,96556,0.029715762273901714
2024-05-16,3990,4155,3915,4110,58238,0.031367628607277265
2024-05-17,4110,4140,3940,4000,27730,-0.02676399026763987
2024-05-20,4000,4000,3860,3865,14466,-0.03374999999999995
2024-05-21,3900,4155,3810,3990,98172,0.03234152652005173
2024-05-22,4095,4475,3990,4170,343504,0.04511278195488733
2024-05-23,4165,4470,4020,4400,174224,0.05515587529976029
2024-05-24,4410,4720,4370,4500,239652,0.022727272727272707
2024-05-27,4545,4730,4470,4675,185690,0.03888888888888897
2024-05-28,4700,4745,4455,4475,137320,-0.04278074866310155
2024-05-29,4480,4595,4390,4530,76879,0.012290502793296021
2024-05-30,4530,4575,4350,4545,38031,0.0033112582781456013
2024-05-31,4525,4535,4400,4500,21191,-0.00990099009900991
2024-06-03,4500,4595,4420,4520,37724,0.004444444444444473
2024-06-04,4570,4605,4425,4585,34914,0.014380530973451267
2024-06-05,4600,4600,4335,4370,61570,-0.04689203925845142
2024-06-07,4390,4400,4100,4245,29275,-0.028604118993134975
2024-06-10,4245,4285,4020,4245,42534,0.0
2024-06-11,4245,4285,4165,4255,14724,0.002355712603062443
2024-06-12,4175,4260,4145,4195,17713,-0.014101057579318454
2024-06-13,4230,4230,4065,4195,27747,0.0
2024-06-14,4195,4195,4020,4180,49596,-0.0035756853396901045
2024-06-17,4190,4210,3920,3950,29160,-0.055023923444976086
2024-06-18,3950,3990,3850,3900,27721,-0.012658227848101222
2024-06-19,3855,3900,3735,3800,60497,-0.02564102564102566
2024-06-20,3765,3880,3700,3720,55121,-0.021052631578947323
2024-06-21,3720,3890,3690,3720,26436,0.0
2024-06-24,3700,3790,3590,3680,30269,-0.010752688172043001
2024-06-25,3650,3760,3590,3745,29609,0.017663043478260976
2024-06-26,3790,3820,3670,3670,12837,-0.020026702269692942
2024-06-27,3670,3790,3670,3710,15493,0.01089918256130784
2024-06-28,3675,3780,3670,3740,18881,0.008086253369272267
2024-07-01,3695,3790,3690,3760,9071,0.005347593582887722
2024-07-02,3760,3800,3635,3700,37743,-0.015957446808510634
2024-07-03,3700,3700,3550,3550,40327,-0.04054054054054057
2024-07-04,3555,3620,3455,3515,39674,-0.009859154929577452
2024-07-05,3515,3570,3490,3500,18305,-0.004267425320056861
2024-07-08,3525,3580,3500,3575,5115,0.021428571428571352
2024-07-09,3575,3630,3530,3630,12757,0.01538461538461533
2024-07-10,3625,3630,3535,3570,12900,-0.016528925619834656
2024-07-11,3545,3590,3505,3555,10078,-0.004201680672268893
2024-07-12,3500,3540,3440,3470,24265,-0.023909985935302358
2024-07-15,3470,3480,3415,3415,17567,-0.015850144092218965
2024-07-16,3420,3470,3355,3400,15609,-0.004392386530014614
2024-07-17,3400,4420,3400,4270,2315985,0.25588235294117645
2024-07-18,4085,4270,3725,3910,691164,-0.08430913348946134
2024-07-19,4000,4395,3765,3780,608296,-0.03324808184143224
2024-07-22,3830,3925,3470,3560,168826,-0.05820105820105825
2024-07-23,3515,4610,3510,4160,4826658,0.1685393258426966
2024-07-24,4120,4800,4050,4420,3480735,0.0625
2024-07-25,4350,4650,4215,4215,466034,-0.0463800904977375
2024-07-26,4140,4630,4135,4305,694512,0.021352313167259718
2024-07-29,4310,4310,4135,4150,176825,-0.03600464576074336
2024-07-30,4160,4220,3805,3945,182940,-0.04939759036144575
2024-07-31,3945,4145,3850,3850,143011,-0.02408111533586821
2024-08-01,3850,3990,3830,3905,123355,0.014285714285714235
2024-08-02,3855,4835,3700,4165,5770579,0.06658130601792567
2024-08-05,4150,4560,3970,4290,2324788,0.03001200480192079
2024-08-06,4350,4675,4290,4290,1259798,0.0
2024-08-07,4405,5130,4380,4605,8866255,0.07342657342657333
2024-08-08,4900,5550,4740,4880,6840896,0.059717698154180265
2024-08-09,5300,5490,4810,4960,2395250,0.016393442622950838
2024-08-12,4980,4980,4450,4600,1132152,-0.07258064516129037
2024-08-13,4540,4540,4130,4185,722944,-0.0902173913043478
2024-08-14,4285,4550,4035,4385,1262362,0.04778972520907998
2024-08-16,4385,4945,4290,4455,3043526,0.015963511972634015
2024-08-19,4590,5020,4590,4750,2672700,0.06621773288439958
2024-08-20,4765,4775,4505,4515,545954,-0.049473684210526336
2024-08-21,4550,4895,4145,4150,767619,-0.08084163898117391
2024-08-22,4200,4380,3840,3975,386955,-0.04216867469879515
2024-08-23,3900,4080,3650,4025,314149,0.012578616352201255
2024-08-26,4015,4015,3760,3760,172701,-0.06583850931677016
2024-08-27,3770,3910,3670,3715,154896,-0.01196808510638303
2024-08-28,3745,3820,3665,3695,151297,-0.0053835800807536804
2024-08-29,3660,3680,3500,3510,155225,-0.05006765899864685
2024-08-30,3510,3600,3410,3575,102073,0.0185185185185186
2024-09-02,3575,3595,3440,3440,86570,-0.03776223776223775
2024-09-03,3410,3485,3410,3430,78136,-0.0029069767441860517
2024-09-04,3330,3395,3150,3180,148205,-0.07288629737609331
2024-09-05,3200,3285,2995,3030,216851,-0.047169811320754707
2024-09-06,2990,3125,2885,2915,94578,-0.037953795379537913
2024-09-09,2795,2975,2775,2910,101553,-0.0017152658662092923
2024-09-10,2910,3020,2900,2965,57276,0.018900343642611617
2024-09-11,2935,3060,2890,3010,69991,0.015177065767284947
2024-09-12,3010,3285,2980,3250,142878,0.07973421926910307
2024-09-13,3250,3280,3100,3105,90692,-0.04461538461538461
2024-09-19,3225,3225,3015,3075,91007,-0.009661835748792313
2024-09-20,3120,3120,3020,3040,50469,-0.011382113821138184
2024-09-23,3100,3405,3000,3000,668563,-0.013157894736842146
2024-09-24,3000,3055,2960,2985,58438,-0.0050000000000000044
2024-09-25,2990,3075,2970,3040,83750,0.018425460636515956
2024-09-26,3040,3135,3030,3100,53094,0.019736842105263053
2024-09-27,3070,3125,3035,3105,50837,0.001612903225806539
2024-09-30,3105,3105,3005,3005,57191,-0.032206119162640934
2024-10-02,3005,3005,2890,2925,67940,-0.0266222961730449
2024-10-04,2895,3040,2880,2930,25625,0.0017094017094017033
2024-10-07,2965,3000,2925,2935,23555,0.0017064846416381396
2024-10-08,2925,2975,2870,2880,57442,-0.01873935264054516
2024-10-10,2880,2900,2850,2875,20607,-0.0017361111111111605
2024-10-11,2845,2875,2790,2865,32231,-0.003478260869565264
2024-10-14,2855,2855,2795,2810,19819,-0.01919720767888311
2024-10-15,2835,2910,2810,2835,41314,0.008896797153024938
2024-10-16,2835,2875,2790,2815,33462,-0.007054673721340388
2024-10-17,2815,2900,2785,2850,32948,0.01243339253996445
2024-10-18,2870,3705,2805,3550,5061654,0.2456140350877194
2024-10-21,3460,4185,3295,3640,4780679,0.025352112676056304
2024-10-22,3625,3640,3265,3280,540206,-0.09890109890109888
2024-10-23,3150,3435,3150,3265,604531,-0.004573170731707266
2024-10-24,3220,3250,3065,3250,261247,-0.004594180704441064
2024-10-25,3220,3355,3070,3105,261903,-0.04461538461538461
2024-10-28,3100,3275,3080,3135,257407,0.009661835748792313
2024-10-29,3135,3225,3070,3200,139591,0.020733652312599604
2024-10-30,3200,3205,3000,3000,188742,-0.0625
2024-10-31,2980,3080,2870,2900,161251,-0.033333333333333326
2024-11-01,2915,3500,2910,3265,3239169,0.12586206896551722
2024-11-04,3285,3610,3205,3205,690491,-0.018376722817764146
2024-11-05,3270,3345,3155,3200,252053,-0.0015600624024960652
2024-11-06,3285,3525,3195,3215,559489,0.004687499999999956
2024-11-07,3260,3260,3015,3130,119808,-0.026438569206842955
2024-11-08,3130,3150,3000,3010,114958,-0.03833865814696491
2024-11-11,3005,3010,2905,2960,77819,-0.01661129568106312
2024-11-12,2960,2995,2915,2990,46776,0.010135135135135087
2024-11-13,2955,3150,2655,2655,285377,-0.11204013377926425
2024-11-14,2640,2795,2600,2715,119802,0.02259887005649719
2024-11-15,2615,2800,2615,2800,79072,0.03130755064456725
2024-11-18,2790,2910,2725,2740,54184,-0.021428571428571463
2024-11-19,2690,2900,2690,2820,97045,0.029197080291970767
2024-11-20,2790,2970,2740,2780,53397,-0.014184397163120588
2024-11-21,2780,2850,2700,2700,64936,-0.02877697841726623
2024-11-22,2690,2730,2640,2670,52067,-0.011111111111111072
2024-11-25,2645,3325,2645,2945,2226951,0.10299625468164786
2024-11-26,2930,2940,2800,2815,166305,-0.04414261460101865
2024-11-27,2780,2835,2710,2730,59872,-0.030195381882770822
2024-11-28,2770,3240,2770,2975,1327562,0.08974358974358965
2024-11-29,2930,3035,2850,2915,112263,-0.020168067226890796
2024-12-02,2935,3000,2810,2810,101097,-0.03602058319039447
2024-12-03,2830,2945,2795,2865,118255,0.019572953736654908
2024-12-04,2800,2955,2800,2875,87976,0.003490401396160525
2024-12-05,2870,2925,2680,2680,98882,-0.0678260869565217
2024-12-06,2650,2900,2645,2750,128129,0.026119402985074647
2024-12-09,2760,2760,2370,2385,145868,-0.1327272727272727
2024-12-10,2400,2660,2400,2570,48189,0.07756813417190767
2024-12-11,2510,2735,2510,2720,87492,0.05836575875486383
2024-12-12,2720,2765,2650,2660,44106,-0.022058823529411797
2024-12-13,2650,2760,2650,2700,36314,0.015037593984962516
2024-12-16,2690,2760,2660,2750,39827,0.0185185185185186
2024-12-17,2715,2785,2690,2785,37792,0.012727272727272698
2024-12-18,2775,2815,2740,2815,46688,0.010771992818671361
2024-12-19,2815,2835,2750,2810,35468,-0.001776198934280604
2024-12-20,2875,2875,2490,2515,133467,-0.104982206405694
2024-12-23,2555,2605,2525,2595,47379,0.031809145129224614
2024-12-24,2660,2725,2575,2720,55271,0.048169556840077066
2024-12-26,2715,2720,2640,2695,27952,-0.009191176470588203
2024-12-27,2605,2780,2605,2710,21415,0.005565862708719838
2024-12-30,2760,2760,2665,2665,45429,-0.016605166051660514
2025-01-02,2665,2745,2625,2695,39427,0.011257035647279645
2025-01-03,2755,2965,2720,2760,240859,0.024118738404452778
2025-01-06,2785,3305,2755,2925,1366995,0.059782608695652106
2025-01-07,2930,3050,2830,2870,229792,-0.018803418803418848
2025-01-08,2905,3730,2905,3730,8520842,0.29965156794425085
2025-01-09,4100,4460,3600,3645,8573163,-0.02278820375335122
2025-01-10,3590,3595,3400,3500,759112,-0.03978052126200271
2025-01-13,3370,3435,3090,3140,661939,-0.10285714285714287
2025-01-14,3125,3850,3115,3320,4830225,0.0573248407643312
2025-01-15,3325,3325,3055,3055,420070,-0.07981927710843373
2025-01-16,3110,3210,3095,3150,365652,0.03109656301145658
2025-01-17,3150,3230,3025,3065,208003,-0.026984126984127
2025-01-20,3070,3135,3020,3090,105760,0.00815660685154973
2025-01-21,3060,3110,3045,3060,102907,-0.009708737864077666
2025-01-22,3065,3130,3030,3035,69770,-0.008169934640522847
2025-01-23,3030,3035,2905,2905,111255,-0.04283360790774304
2025-01-24,2950,2970,2855,2935,61112,0.010327022375215211
2025-01-31,2900,2905,2790,2810,79692,-0.04258943781942082
2025-02-03,2785,2785,2685,2685,72728,-0.04448398576512458
2025-02-04,2685,2850,2685,2835,57667,0.05586592178770955
2025-02-05,2855,2945,2760,2860,83831,0.008818342151675429
2025-02-06,2860,2900,2860,2870,18964,0.0034965034965035446
2025-02-07,2875,2915,2835,2845,28903,-0.008710801393728262
2025-02-10,2810,3140,2770,2860,454115,0.005272407732864748
2025-02-11,2860,2940,2860,2870,47126,0.0034965034965035446
2025-02-12,2920,2920,2760,2760,54206,-0.0383275261324042
2025-02-13,2765,2795,2740,2760,34654,0.0
2025-02-14,2725,2760,2715,2750,46279,-0.0036231884057971175
2025-02-17,2750,2760,2700,2700,87810,-0.018181818181818188
2025-02-18,2725,2745,2700,2745,44950,0.016666666666666607
2025-02-19,2745,2780,2730,2765,60811,0.007285974499089187
2025-02-20,2780,2810,2745,2795,41472,0.010849909584086825
2025-02-21,2825,2825,2735,2760,49524,-0.012522361359570633
2025-02-24,2900,3585,2810,2950,4736240,0.06884057971014501
2025-02-25,2875,3795,2870,3430,8822814,0.16271186440677976
2025-02-26,3345,3685,2980,3155,4798956,-0.08017492711370267
2025-02-27,3155,3940,3155,3755,13068163,0.19017432646592702
2025-02-28,3695,4465,3645,3645,10894809,-0.02929427430093212
2025-03-04,3600,3730,3230,3260,864549,-0.1056241426611797
2025-03-05,3250,3370,3060,3100,1676991,-0.049079754601227044
2025-03-06,3105,3570,3030,3265,4321670,0.0532258064516129
2025-03-07,3175,3250,3060,3105,578338,-0.049004594180704464
2025-03-10,3100,3435,3030,3170,1939877,0.02093397745571668
2025-03-11,3080,3460,3070,3205,1012521,0.011041009463722329
2025-03-12,3230,3400,3170,3170,426463,-0.010920436817472678
2025-03-13,3220,3230,3125,3125,183127,-0.014195583596214534
2025-03-14,3125,3560,3120,3240,3603942,0.036799999999999944
2025-03-17,3260,3265,3200,3245,286468,0.0015432098765431057
2025-03-18,3240,3925,3225,3490,10191365,0.07550077041602465
2025-03-19,3475,3565,3425,3540,944811,0.014326647564469885
2025-03-20,3545,3605,3335,3360,668212,-0.05084745762711862
2025-03-21,3390,3855,3315,3540,4998473,0.0535714285714286
2025-03-24,3530,3655,3420,3560,667667,0.005649717514124353
2025-03-25,3560,3780,3355,3430,1890690,-0.0365168539325843
2025-03-26,3490,3810,3440,3790,1477773,0.10495626822157433
2025-03-27,3700,3830,3595,3665,715967,-0.03298153034300788
2025-03-28,3640,3730,3415,3450,542621,-0.058663028649386106
2025-03-31,3395,3445,3150,3260,251426,-0.05507246376811592
2025-04-01,3260,3550,3260,3355,414831,0.02914110429447847
2025-04-02,3365,3370,3185,3205,254731,-0.04470938897168408
2025-04-03,3085,3250,3080,3110,131896,-0.029641185647425905
2025-04-04,3110,3175,3000,3170,134576,0.019292604501607746
2025-04-07,3050,3090,2940,2945,127476,-0.07097791798107256
2025-04-08,3010,3125,2980,3020,97926,0.025466893039049143
2025-04-09,2995,3045,2850,2875,100774,-0.04801324503311255
2025-04-10,3115,3115,2950,3050,65870,0.0608695652173914
2025-04-11,3030,3145,3010,3115,90053,0.021311475409836023
2025-04-14,3150,3260,3130,3235,119894,0.038523274478330594
2025-04-15,3245,3270,3160,3220,112056,-0.004636785162287493
2025-04-16,3290,3450,3190,3210,495341,-0.0031055900621117516
2025-04-17,3235,3340,3210,3220,133879,0.0031152647975076775
2025-04-18,3220,3250,3130,3185,96278,-0.010869565217391353
2025-04-21,3155,3270,3130,3150,61629,-0.01098901098901095
2025-04-22,3140,3160,3080,3140,68396,-0.0031746031746031633
2025-04-23,3170,3170,3115,3145,46906,0.0015923566878981443
2025-04-24,3170,3295,3145,3215,116033,0.022257551669316422
2025-04-25,3250,3250,3160,3195,42179,-0.0062208398133748455
2025-04-28,3215,3235,3170,3225,32419,0.009389671361502261
2025-04-29,3235,3280,3190,3245,46287,0.006201550387596955
2025-04-30,3300,3300,3125,3130,69995,-0.035439137134052334
2025-05-02,3150,3245,3105,3150,74081,0.006389776357827559
2025-05-07,3145,3265,3105,3230,26293,0.025396825396825307
2025-05-08,3230,3280,3195,3270,36200,0.01238390092879249
2025-05-09,3270,3295,3240,3250,31153,-0.006116207951070374
2025-05-12,3215,3340,3215,3265,61498,0.004615384615384688
2025-05-13,3295,3295,3215,3260,44648,-0.0015313935681470214
2025-05-14,3260,3300,3220,3275,64423,0.004601226993865115
2025-05-15,3275,3305,3235,3265,32394,-0.003053435114503844
2025-05-16,3235,3270,3130,3170,41670,-0.029096477794793296
2025-05-19,3280,3695,3240,3300,3418640,0.04100946372239744
2025-05-20,3260,3270,3120,3180,326869,-0.036363636363636376
2025-05-21,3275,3370,3235,3295,306455,0.036163522012578664
2025-05-22,3325,3695,3325,3460,1758860,0.050075872534142585
2025-05-23,3405,3405,3275,3340,266345,-0.034682080924855474
2025-05-26,3410,3500,3325,3355,239903,0.004491017964071808
2025-05-27,3375,3435,3200,3295,230141,-0.01788375558867361
2025-05-28,3240,3295,3225,3250,84684,-0.01365705614567525
2025-05-29,3240,3345,3240,3265,114068,0.004615384615384688
2025-05-30,3260,3385,3235,3280,127273,0.004594180704440953
2025-06-02,3275,3360,3255,3285,71630,0.0015243902439023849
2025-06-04,3320,3320,3235,3240,64523,-0.013698630136986356
2025-06-05,3220,3245,3190,3205,79846,-0.010802469135802517
2025-06-09,3240,3240,3150,3200,91823,-0.0015600624024960652
2025-06-10,3200,3200,3145,3175,62337,-0.0078125
2025-06-11,3165,3260,3155,3250,48318,0.023622047244094446
2025-06-12,3245,3245,3180,3185,49105,-0.020000000000000018
2025-06-13,3195,3250,2950,3040,150958,-0.04552590266875978
2025-06-16,3040,3050,2950,3045,36201,0.00164473684210531
2025-06-17,3045,3550,3010,3190,2824525,0.04761904761904767
2025-06-18,3190,3285,3180,3210,124483,0.006269592476489061
2025-06-19,3210,3270,3175,3205,68204,-0.0015576323987538387
2025-06-20,3190,3235,3165,3180,48416,-0.007800312012480548
2025-06-23,3130,3170,3055,3080,134249,-0.03144654088050314
2025-06-24,3115,3145,3045,3070,117876,-0.0032467532467532756
2025-06-25,3070,3085,3045,3065,88406,-0.0016286644951140072
2025-06-26,3065,3070,2960,2990,166306,-0.024469820554649302
2025-06-27,2990,3030,2920,2985,58874,-0.0016722408026755842
2025-06-30,2970,2990,2900,2920,94184,-0.021775544388609736
2025-07-01,2920,2990,2910,2990,26223,0.023972602739726012
2025-07-02,3040,3040,2920,3000,41178,0.0033444816053511683
2025-07-03,3000,3060,2985,3050,27244,0.016666666666666607
2025-07-04,3040,3045,2920,2965,64290,-0.02786885245901638
2025-07-07,2965,3260,2950,3055,356814,0.030354131534569895
2025-07-08,3080,3100,3040,3090,49895,0.011456628477905184
2025-07-09,3050,3115,3050,3080,33735,-0.003236245954692518
2025-07-10,3080,3120,3080,3080,36948,0.0
2025-07-11,3080,3120,3080,3100,26595,0.006493506493506551
2025-07-14,3100,3145,3085,3115,33424,0.004838709677419395
2025-07-15,3145,3165,3080,3160,41402,0.014446227929374
2025-07-16,3160,3195,3095,3180,51089,0.006329113924050667
2025-07-17,3180,3230,3115,3200,38339,0.0062893081761006275
2025-07-18,3180,3230,3165,3205,22544,0.0015624999999999112
2025-07-21,3210,3210,3150,3165,19406,-0.012480499219968744
2025-07-22,3165,3205,3085,3120,39205,-0.014218009478673022
2025-07-23,3110,3140,3075,3115,26775,-0.0016025641025640969
2025-07-24,3080,3135,3080,3090,20747,-0.008025682182985605
2025-07-25,3090,3140,3090,3100,16466,0.003236245954692629
2025-07-28,3075,3250,3075,3100,54827,0.0
2025-07-29,3085,3140,3070,3115,17326,0.004838709677419395
2025-07-30,3090,3155,3070,3095,23099,-0.006420545746388395
2025-07-31,3100,3165,3075,3130,15725,0.011308562197092087
2025-08-01,3135,3200,3060,3060,83140,-0.022364217252396124
2025-08-04,3060,3105,3010,3030,46411,-0.009803921568627416
2025-08-05,3040,3100,3020,3050,32812,0.0066006600660066805
2025-08-06,3080,3105,3010,3050,39977,0.0
2025-08-07,3045,3105,3020,3095,25437,0.014754098360655776
2025-08-08,3065,3150,3060,3150,13784,0.017770597738287597
2025-08-11,3150,3150,3095,3095,20732,-0.01746031746031751
2025-08-12,3095,3125,3080,3100,7794,0.001615508885298933
2025-08-13,3090,3185,3085,3100,87677,0.0
2025-08-14,3100,3145,3095,3125,28037,0.008064516129032251
2025-08-18,3125,3185,3100,3100,13528,-0.008000000000000007
2025-08-19,3100,3130,3075,3100,24978,0.0
2025-08-20,3070,3160,3065,3105,29620,0.001612903225806539
2025-08-21,3110,3130,3080,3110,25182,0.0016103059581320522
2025-08-22,3110,3120,3090,3120,15881,0.003215434083601254
2025-08-25,3140,3160,3110,3130,9273,0.0032051282051281937
2025-08-26,3140,3170,3110,3145,19262,0.004792332268370503
2025-08-27,3140,3140,3060,3105,26698,-0.012718600953895098
2025-08-28,3105,3155,3075,3125,19543,0.006441223832528209
2025-08-29,3120,3125,3090,3115,28580,-0.0031999999999999806
2025-09-01,3115,3115,3070,3090,65438,-0.008025682182985605
2025-09-02,3060,3110,3060,3110,15256,0.006472491909385036
2025-09-03,3085,3105,3080,3095,5965,-0.004823151125401881
2025-09-04,3150,3150,3085,3100,8898,0.001615508885298933
2025-09-05,3090,3295,3080,3100,141787,0.0
2025-09-08,3100,3125,3095,3100,13988,0.0
2025-09-09,3105,3140,3100,3105,7715,0.001612903225806539
2025-09-10,3095,3140,3095,3105,9707,0.0
2025-09-11,3095,3145,3095,3100,15398,-0.0016103059581320522
2025-09-12,3105,3295,3105,3205,234516,0.03387096774193554
2025-09-15,3190,3255,3155,3215,52520,0.0031201248049921304
2025-09-16,3195,3200,3160,3165,22522,-0.015552099533437058
2025-09-17,3165,3195,3145,3160,21423,-0.0015797788309637184
2025-09-18,3165,3200,3135,3170,49250,0.0031645569620253333
2025-09-19,3195,3250,3175,3240,71401,0.02208201892744488
2025-09-22,3225,3275,3195,3215,29492,-0.007716049382716084
2025-09-23,3220,3280,3190,3250,46227,0.010886469673405896
2025-09-24,3285,3310,3195,3255,67795,0.0015384615384614886
2025-09-25,3255,3255,3180,3200,33225,-0.016897081413210446
2025-09-26,3200,3250,3190,3200,36303,0.0
2025-09-29,3170,3290,3170,3220,33302,0.006250000000000089
2025-09-30,3240,3290,3180,3250,27142,0.009316770186335477
2025-10-01,3250,3305,3215,3250,31659,0.0
2025-10-02,3225,3365,3220,3260,69999,0.003076923076922977
2025-10-10,3240,3275,3180,3235,27329,-0.0076687116564416735
2025-10-13,3195,3415,3190,3405,65791,0.05255023183925811
2025-10-14,3405,3410,3310,3355,37647,-0.014684287812041119
2025-10-15,3350,3565,3340,3440,107456,0.0253353204172877
2025-10-16,3440,3505,3425,3495,33504,0.015988372093023173
2025-10-17,3465,3565,3445,3520,30526,0.007153075822603716
2025-10-20,3520,3605,3500,3520,27929,0.0
2025-10-21,3520,3605,3455,3480,26425,-0.011363636363636354
2025-10-22,3480,3620,3455,3600,28997,0.034482758620689724
2025-10-23,3600,3605,3460,3490,21656,-0.030555555555555558
2025-10-24,3510,3600,3350,3370,115277,-0.034383954154727836
2025-10-27,3370,3510,3145,3360,76749,-0.0029673590504450953
2025-10-28,3360,3420,3360,3375,14164,0.0044642857142858094
2025-10-29,3380,3415,3340,3340,13198,-0.010370370370370363
2025-10-30,3700,3700,3335,3535,172358,0.058383233532934176
2025-10-31,3615,3650,3400,3500,47047,-0.00990099009900991
2025-11-03,3465,3560,3400,3490,25424,-0.0028571428571428914
