Date,Open,High,Low,Close,Volume,Change
2022-01-03,3000,3050,2950,2990,116746,-0.0033333333333332993
2022-01-04,2990,3015,2985,3010,111256,0.006688963210702337
2022-01-05,3020,3040,2945,2975,104968,-0.011627906976744207
2022-01-06,2945,3000,2810,2925,150525,-0.01680672268907568
2022-01-07,2925,2945,2900,2925,53987,0.0
2022-01-10,2925,2980,2880,2960,101892,0.011965811965811923
2022-01-11,2940,2995,2855,2930,153870,-0.010135135135135087
2022-01-12,2985,3150,2970,3130,951950,0.06825938566552892
2022-01-13,3140,3140,3040,3065,235077,-0.02076677316293929
2022-01-14,3065,3220,3015,3190,692325,0.040783034257748874
2022-01-17,3250,3250,3100,3160,428799,-0.009404388714733591
2022-01-18,3225,3355,3185,3260,1484774,0.03164556962025311
2022-01-19,3400,3500,3270,3450,2395635,0.05828220858895716
2022-01-20,3410,3520,3370,3485,775354,0.010144927536231974
2022-01-21,3440,3615,3395,3410,1322416,-0.021520803443328518
2022-01-24,3380,3390,3190,3280,602206,-0.038123167155425186
2022-01-25,3280,3330,3050,3145,741486,-0.041158536585365835
2022-01-26,3140,3225,3115,3155,241492,0.0031796502384737746
2022-01-27,3155,3460,3105,3190,779831,0.011093502377178988
2022-01-28,3250,3355,3130,3330,456234,0.043887147335423204
2022-02-03,3330,3415,3290,3305,247766,-0.007507507507507505
2022-02-04,3340,3470,3320,3430,454094,0.03782148260211793
2022-02-07,3435,3475,3345,3460,294586,0.008746355685131268
2022-02-08,3425,3490,3340,3405,472110,-0.01589595375722541
2022-02-09,3415,3495,3380,3410,356541,0.001468428781204123
2022-02-10,3425,3575,3410,3485,671821,0.021994134897360684
2022-02-11,3435,3480,3330,3425,307906,-0.017216642754662836
2022-02-14,3250,3535,3250,3460,598087,0.010218978102189746
2022-02-15,3440,3665,3420,3545,842250,0.024566473988439252
2022-02-16,3660,3720,3405,3500,1313711,-0.012693935119887145
2022-02-17,3555,3555,3355,3430,615406,-0.020000000000000018
2022-02-18,3360,3560,3355,3525,495672,0.0276967930029155
2022-02-21,3480,3530,3435,3520,286180,-0.0014184397163120588
2022-02-22,3455,3505,3410,3410,312158,-0.03125
2022-02-23,3455,3520,3385,3410,495634,0.0
2022-02-24,3435,3470,3155,3210,771221,-0.058651026392961825
2022-02-25,3275,3320,3215,3255,219557,0.014018691588784993
2022-02-28,3240,3285,3190,3230,267695,-0.007680491551459334
2022-03-02,3200,3260,3190,3230,193476,0.0
2022-03-03,3260,3280,3210,3230,243607,0.0
2022-03-04,3230,3250,3180,3195,217754,-0.010835913312693513
2022-03-07,3180,3180,3060,3100,211391,-0.029733959311424085
2022-03-08,3045,3160,3000,3145,238756,0.014516129032257963
2022-03-10,3165,3230,3100,3120,167267,-0.007949125596184436
2022-03-11,3125,3145,3095,3120,77755,0.0
2022-03-14,3120,3120,3000,3020,177475,-0.03205128205128205
2022-03-15,2970,3040,2970,3000,144359,-0.0066225165562914245
2022-03-16,3010,3080,2995,3060,114851,0.020000000000000018
2022-03-17,3135,3155,3080,3135,115881,0.02450980392156854
2022-03-18,3135,3275,3110,3235,218570,0.03189792663476876
2022-03-21,3240,3315,3230,3280,192376,0.01391035548686248
2022-03-22,3220,3295,3205,3235,98288,-0.013719512195121908
2022-03-23,3235,3255,3135,3210,238329,-0.007727975270479082
2022-03-24,3200,3200,3130,3185,101539,-0.007788161993769416
2022-03-25,3185,3230,3135,3230,157769,0.014128728414442682
2022-03-28,3250,3360,3210,3245,726815,0.004643962848297267
2022-03-29,3245,3315,3180,3290,159452,0.013867488443759735
2022-03-30,3350,3460,3250,3315,746408,0.0075987841945288626
2022-03-31,3315,3350,3255,3295,147487,-0.006033182503770718
2022-04-01,3245,3295,3175,3290,196758,-0.0015174506828528056
2022-04-04,3270,3285,3225,3280,115558,-0.003039513677811523
2022-04-05,3290,3345,3255,3285,111260,0.0015243902439023849
2022-04-06,3280,3280,3200,3220,109150,-0.019786910197869156
2022-04-07,3230,3235,3185,3210,155036,-0.0031055900621117516
2022-04-08,3200,3245,3195,3240,47830,0.009345794392523255
2022-04-11,3275,3275,3175,3215,105342,-0.007716049382716084
2022-04-12,3200,3200,3090,3130,224757,-0.026438569206842955
2022-04-13,3155,3225,3150,3200,118516,0.022364217252396124
2022-04-14,3200,3275,3180,3240,98422,0.012499999999999956
2022-04-15,3200,3250,3175,3190,184860,-0.015432098765432056
2022-04-18,3190,3280,3170,3270,189765,0.02507836990595602
2022-04-19,3270,3310,3250,3260,97614,-0.003058103975535187
2022-04-20,3250,3280,3210,3250,112833,-0.0030674846625766694
2022-04-21,3300,3345,3245,3330,229502,0.024615384615384706
2022-04-22,3280,3325,3250,3310,156801,-0.006006006006005982
2022-04-25,3285,3285,3170,3170,228340,-0.04229607250755285
2022-04-26,3175,3210,3150,3160,150430,-0.003154574132492094
2022-04-27,3095,3140,3035,3125,107460,-0.011075949367088556
2022-04-28,3120,3155,3095,3120,142256,-0.0016000000000000458
2022-04-29,3130,3210,3050,3205,126837,0.027243589743589647
2022-05-02,3185,3205,3130,3180,50229,-0.007800312012480548
2022-05-03,3160,3225,3140,3140,54162,-0.012578616352201255
2022-05-04,3140,3165,3095,3115,99910,-0.0079617834394905
2022-05-06,3060,3125,3060,3125,36107,0.0032102728731941976
2022-05-09,3115,3120,3005,3040,198519,-0.027200000000000002
2022-05-10,3000,3135,2935,3125,229410,0.02796052631578938
2022-05-11,3195,3290,3165,3240,563823,0.036799999999999944
2022-05-12,3225,3305,3110,3180,201040,-0.01851851851851849
2022-05-13,3150,3205,3125,3185,98229,0.0015723270440251014
2022-05-16,3195,3195,3105,3145,174362,-0.012558869701726816
2022-05-17,3100,3120,3060,3100,123727,-0.014308426073131986
2022-05-18,3100,3180,3100,3160,96365,0.019354838709677358
2022-05-19,3100,3115,3035,3080,91601,-0.025316455696202556
2022-05-20,3070,3145,3035,3045,188758,-0.011363636363636354
2022-05-23,3055,3075,2985,2985,284274,-0.019704433497536922
2022-05-24,2995,3015,2945,2985,206009,0.0
2022-05-25,2985,3065,2965,2990,139358,0.0016750418760469454
2022-05-26,2990,3030,2965,2975,107213,-0.0050167224080267525
2022-05-27,2985,3030,2965,3020,227211,0.015126050420168013
2022-05-30,3085,3085,3000,3000,67756,-0.0066225165562914245
2022-05-31,3010,3070,3000,3060,85113,0.020000000000000018
2022-06-02,3060,3060,3015,3055,62573,-0.0016339869281045694
2022-06-03,3045,3090,3045,3075,96557,0.00654664484451728
2022-06-07,3115,3115,2980,3035,73425,-0.013008130081300862
2022-06-08,3025,3050,3000,3005,52002,-0.009884678747940745
2022-06-09,3005,3025,2980,2995,86828,-0.0033277870216306127
2022-06-10,2980,3020,2970,3000,40557,0.0016694490818029983
2022-06-13,2970,2970,2860,2880,151113,-0.040000000000000036
2022-06-14,2815,2955,2815,2890,82402,0.003472222222222321
2022-06-15,2865,2910,2750,2755,127513,-0.04671280276816614
2022-06-16,2760,2830,2600,2705,113732,-0.01814882032667875
2022-06-17,2620,2745,2605,2720,178492,0.005545286506469571
2022-06-20,2710,2745,2520,2590,163901,-0.047794117647058876
2022-06-21,2570,2665,2570,2665,69508,0.02895752895752901
2022-06-22,2635,2715,2545,2550,176861,-0.04315196998123827
2022-06-23,2540,2570,2370,2415,176687,-0.05294117647058827
2022-06-24,2405,2520,2380,2495,109433,0.0331262939958592
2022-06-27,2520,2620,2520,2580,64078,0.03406813627254501
2022-06-28,2570,2630,2550,2600,57346,0.007751937984496138
2022-06-29,2515,2630,2515,2620,69211,0.007692307692307665
2022-06-30,2580,2615,2515,2540,94340,-0.03053435114503822
2022-07-01,2585,2585,2415,2450,124088,-0.03543307086614178
2022-07-04,2445,2465,2270,2355,82568,-0.038775510204081653
2022-07-05,2385,2440,2335,2410,65603,0.023354564755838636
2022-07-06,2400,2430,2365,2390,78101,-0.008298755186721962
2022-07-07,2380,2450,2365,2425,75534,0.014644351464435212
2022-07-08,2430,2510,2430,2475,58665,0.020618556701030855
2022-07-11,2525,2570,2485,2530,79770,0.022222222222222143
2022-07-12,2520,2580,2430,2465,110382,-0.025691699604743046
2022-07-13,2455,2505,2420,2485,54889,0.008113590263691739
2022-07-14,2510,2550,2435,2490,53922,0.002012072434607548
2022-07-15,2485,2500,2410,2485,52195,-0.002008032128514081
2022-07-18,2490,2520,2490,2515,33603,0.012072434607645954
2022-07-19,2495,2555,2460,2555,122248,0.015904572564612307
2022-07-20,2595,2610,2550,2565,54202,0.00391389432485334
2022-07-21,2545,2595,2535,2570,33674,0.0019493177387914784
2022-07-22,2585,2590,2530,2570,51111,0.0
2022-07-25,2570,2580,2555,2555,24826,-0.005836575875486361
2022-07-26,2555,2570,2525,2560,28868,0.001956947162426559
2022-07-27,2575,3325,2540,3300,14578060,0.2890625
2022-07-28,3280,3285,2925,3070,5848722,-0.0696969696969697
2022-07-29,3055,3065,2975,3025,1581437,-0.014657980456026065
2022-08-01,3080,3230,3025,3110,5025776,0.028099173553719048
2022-08-02,3030,3080,2980,2990,872038,-0.03858520900321538
2022-08-03,2980,3045,2945,2970,617575,-0.006688963210702337
2022-08-04,2970,3015,2955,2970,374687,0.0
2022-08-05,2990,3035,2980,3010,1160534,0.013468013468013407
2022-08-08,3245,3250,3055,3080,2753365,0.023255813953488413
2022-08-09,3145,3180,2965,2970,1011608,-0.0357142857142857
2022-08-10,3010,3105,2995,3090,1333512,0.04040404040404044
2022-08-11,3090,3480,3050,3380,11501792,0.09385113268608425
2022-08-12,3355,3415,3310,3375,1704782,-0.0014792899408283544
2022-08-16,3380,3390,3255,3320,1054635,-0.016296296296296253
2022-08-17,3290,3295,3150,3175,696766,-0.04367469879518071
2022-08-18,3135,3225,3065,3110,933660,-0.020472440944881876
2022-08-19,3085,3120,2975,2985,641081,-0.04019292604501612
2022-08-22,2965,3080,2900,2985,469847,0.0
2022-08-23,2950,3445,2920,3000,10041853,0.005025125628140614
2022-08-24,2990,3065,2945,3030,681905,0.010000000000000009
2022-08-25,3060,3210,3015,3170,1269786,0.0462046204620461
2022-08-26,3180,3320,3050,3070,1181655,-0.03154574132492116
2022-08-29,2915,3015,2900,2965,416398,-0.03420195439739415
2022-08-30,2960,3090,2955,3040,383560,0.025295109612141653
2022-08-31,3010,3075,2980,3075,240559,0.011513157894736947
2022-09-01,3075,3075,2950,2950,324936,-0.04065040650406504
2022-09-02,2950,3030,2935,2990,199572,0.013559322033898313
2022-09-05,2990,2990,2935,2945,146803,-0.015050167224080258
2022-09-06,2920,3150,2920,3060,492630,0.039049235993208864
2022-09-07,3060,3110,3020,3090,287402,0.009803921568627416
2022-09-08,3135,3140,3020,3020,296484,-0.02265372168284785
2022-09-13,3025,3090,2990,3090,258609,0.023178807947019875
2022-09-14,2960,3085,2945,3045,206937,-0.014563106796116498
2022-09-15,3075,3130,3030,3070,344179,0.008210180623973828
2022-09-16,3040,3105,2940,2975,380497,-0.030944625407166138
2022-09-19,2980,2990,2865,2885,251307,-0.030252100840336138
2022-09-20,2885,2950,2875,2910,243330,0.008665511265164572
2022-09-21,2910,2940,2875,2895,152800,-0.005154639175257714
2022-09-22,2810,2855,2730,2800,320754,-0.032815198618307395
2022-09-23,2800,2800,2615,2615,408169,-0.06607142857142856
2022-09-26,2595,2595,2460,2480,351589,-0.05162523900573612
2022-09-27,2450,2530,2415,2520,167043,0.016129032258064502
2022-09-28,2490,2555,2370,2415,199781,-0.04166666666666663
2022-09-29,2480,2485,2370,2370,172519,-0.018633540372670843
2022-09-30,2310,2480,2300,2405,197442,0.014767932489451407
2022-10-04,2420,2660,2405,2495,623190,0.03742203742203731
2022-10-05,2520,2525,2425,2470,102640,-0.01002004008016033
2022-10-06,2450,2540,2440,2540,174009,0.028340080971659853
2022-10-07,2495,2540,2460,2495,78375,-0.017716535433070835
2022-10-11,2480,2480,2345,2370,126975,-0.05010020040080165
2022-10-12,2320,2390,2320,2385,66404,0.006329113924050667
2022-10-13,2350,2370,2235,2275,201832,-0.04612159329140464
2022-10-14,2295,2390,2295,2370,74451,0.04175824175824183
2022-10-17,2350,2445,2290,2445,79188,0.03164556962025311
2022-10-18,2460,2510,2420,2445,46720,0.0
2022-10-19,2445,2495,2435,2440,76031,-0.002044989775051076
2022-10-20,2405,2465,2355,2385,43076,-0.02254098360655743
2022-10-21,2355,2700,2330,2355,1860978,-0.012578616352201255
2022-10-24,2380,2420,2355,2360,109125,0.002123142250530785
2022-10-25,2350,2390,2305,2340,119663,-0.008474576271186418
2022-10-26,2340,2350,2290,2310,78699,-0.012820512820512775
2022-10-27,2290,2395,2290,2360,93615,0.02164502164502169
2022-10-28,2375,2445,2345,2350,115757,-0.004237288135593209
2022-10-31,2395,2420,2345,2390,50769,0.017021276595744705
2022-11-01,2395,2625,2390,2490,417621,0.04184100418410042
2022-11-02,2440,2495,2440,2475,61429,-0.0060240963855421326
2022-11-03,2440,2470,2330,2470,79196,-0.002020202020202033
2022-11-04,2460,2470,2380,2425,35285,-0.018218623481781382
2022-11-07,2425,2480,2400,2400,93895,-0.010309278350515427
2022-11-08,2400,2490,2400,2465,59067,0.027083333333333348
2022-11-09,2465,2540,2445,2530,165331,0.026369168356997985
2022-11-10,2530,2540,2495,2495,67573,-0.013833992094861691
2022-11-11,2530,2555,2505,2555,85288,0.024048096192384794
2022-11-14,2685,2685,2590,2605,182069,0.019569471624266255
2022-11-15,2605,2640,2560,2605,70735,0.0
2022-11-16,2620,2990,2620,2725,4829609,0.04606525911708248
2022-11-17,2735,2735,2640,2705,407488,-0.007339449541284404
2022-11-18,2695,2730,2660,2690,200745,-0.00554528650646946
2022-11-21,2690,2690,2580,2600,178818,-0.03345724907063197
2022-11-22,2540,2615,2540,2585,110649,-0.005769230769230749
2022-11-23,2560,2640,2560,2625,86135,0.015473887814313247
2022-11-24,2650,2685,2620,2655,90595,0.011428571428571344
2022-11-25,2655,2680,2610,2630,47340,-0.00941619585687381
2022-11-28,2680,2680,2565,2600,117376,-0.011406844106463865
2022-11-29,2570,2640,2550,2620,59151,0.007692307692307665
2022-11-30,2590,2655,2585,2625,46691,0.001908396946564972
2022-12-01,2625,2950,2625,2700,2699809,0.02857142857142847
2022-12-02,2685,2725,2670,2695,207291,-0.0018518518518518823
2022-12-05,2695,2715,2605,2635,269054,-0.02226345083487946
2022-12-06,2610,2655,2575,2600,111994,-0.013282732447817858
2022-12-07,2550,2565,2500,2535,134126,-0.025000000000000022
2022-12-08,2520,2750,2470,2520,525042,-0.00591715976331364
2022-12-09,2510,2540,2475,2510,94375,-0.003968253968253954
2022-12-12,2470,2550,2460,2545,89663,0.013944223107569709
2022-12-13,2625,2625,2545,2570,104103,0.00982318271119853
2022-12-14,2590,2630,2585,2610,65721,0.015564202334630295
2022-12-15,2585,2610,2560,2580,35826,-0.011494252873563204
2022-12-16,2530,2615,2520,2610,91357,0.011627906976744207
2022-12-19,2580,2635,2570,2605,47455,-0.0019157088122605526
2022-12-20,2575,2600,2555,2570,84889,-0.013435700575815779
2022-12-21,2570,2600,2525,2570,60315,0.0
2022-12-22,2575,2700,2575,2600,98474,0.011673151750972721
2022-12-23,2590,2610,2485,2500,109024,-0.038461538461538436
2022-12-26,2475,2485,2440,2485,102725,-0.006000000000000005
2022-12-27,2460,2490,2455,2485,64860,0.0
2022-12-28,2460,2510,2440,2500,23268,0.006036217303822866
2022-12-29,2460,2485,2410,2410,89947,-0.03600000000000003
2023-01-02,2410,2525,2355,2365,80999,-0.018672199170124526
2023-01-03,2300,2380,2295,2365,108770,0.0
2023-01-04,2345,2430,2330,2400,49969,0.014799154334038
2023-01-05,2380,2455,2380,2405,60586,0.002083333333333437
2023-01-06,2395,2570,2360,2520,174513,0.047817047817047875
2023-01-09,2500,2575,2500,2565,51923,0.017857142857142794
2023-01-10,2530,2605,2530,2575,52778,0.003898635477582957
2023-01-11,2640,2640,2580,2610,58684,0.013592233009708687
2023-01-12,2625,2625,2580,2600,25648,-0.003831417624521105
2023-01-13,2590,2640,2545,2560,90913,-0.01538461538461533
2023-01-16,2545,2590,2510,2560,89713,0.0
2023-01-17,2560,2590,2535,2555,34243,-0.001953125
2023-01-18,2595,2595,2530,2585,60129,0.011741682974559797
2023-01-19,2570,2595,2520,2545,117721,-0.015473887814313358
2023-01-20,2555,2580,2535,2560,40376,0.005893909626718985
2023-01-25,2570,2605,2565,2590,73694,0.01171875
2023-01-26,2600,2650,2590,2650,147036,0.02316602316602312
2023-01-27,2665,2675,2625,2630,68021,-0.007547169811320753
2023-01-30,2635,2645,2600,2600,56850,-0.011406844106463865
2023-01-31,2600,2610,2450,2590,86861,-0.0038461538461538325
2023-02-01,2590,2630,2560,2590,30577,0.0
2023-02-02,2600,2775,2600,2740,363019,0.05791505791505802
2023-02-03,2740,2825,2710,2810,183299,0.025547445255474477
2023-02-06,2810,2845,2745,2820,120787,0.003558718861210064
2023-02-07,2795,2865,2780,2845,166024,0.00886524822695045
2023-02-08,2885,2885,2795,2840,81107,-0.0017574692442882123
2023-02-09,2840,2905,2810,2890,113731,0.01760563380281699
2023-02-10,2900,2905,2835,2860,84464,-0.01038062283737029
2023-02-13,2860,2920,2715,2790,188352,-0.02447552447552448
2023-02-14,2765,2820,2735,2790,95518,0.0
2023-02-15,2790,2860,2680,2700,197774,-0.032258064516129004
2023-02-16,2735,2735,2660,2705,149298,0.0018518518518517713
2023-02-17,2705,3140,2675,3005,2445939,0.11090573012939009
2023-02-20,3045,3110,3010,3025,1241801,0.006655574043261225
2023-02-21,3025,3150,2985,3100,1043554,0.024793388429751984
2023-02-22,3045,3160,3020,3140,660129,0.012903225806451646
2023-02-23,3140,3145,3015,3040,506516,-0.031847133757961776
2023-02-24,3005,3070,2960,3030,308279,-0.003289473684210509
2023-02-27,3010,3055,2950,3045,280404,0.004950495049504955
2023-02-28,3090,3090,2980,3000,242646,-0.014778325123152691
2023-03-02,3000,3010,2925,2940,262145,-0.020000000000000018
2023-03-03,2940,3130,2940,3120,430578,0.061224489795918435
2023-03-06,3150,3150,3000,3060,299121,-0.019230769230769273
2023-03-07,3060,3115,3000,3060,290971,0.0
2023-03-08,3050,3065,2985,3045,198613,-0.004901960784313708
2023-03-09,3045,3045,2955,2980,216570,-0.021346469622331665
2023-03-10,2950,3210,2935,3080,1079629,0.033557046979865834
2023-03-13,3050,3240,2975,3160,1017743,0.025974025974025983
2023-03-14,3160,3210,2990,2995,398514,-0.05221518987341767
2023-03-15,3030,3165,3025,3130,340620,0.04507512520868118
2023-03-16,3125,3155,3055,3135,283927,0.0015974440894568342
2023-03-17,3135,3275,3065,3090,422721,-0.014354066985645897
2023-03-20,3090,3265,3070,3215,555628,0.040453074433656866
2023-03-21,3215,3500,3200,3395,1864866,0.055987558320373276
2023-03-22,3405,3425,3330,3350,469995,-0.013254786450662692
2023-03-23,3335,3615,3335,3495,1476994,0.0432835820895523
2023-03-24,3540,3575,3360,3500,511561,0.0014306151645206988
2023-03-27,3510,3755,3490,3710,1006013,0.06000000000000005
2023-03-28,3765,3870,3690,3715,659080,0.0013477088948787852
2023-03-29,3800,3815,3635,3725,353968,0.0026917900403768957
2023-03-30,3675,3705,3550,3550,511587,-0.046979865771812124
2023-03-31,3555,3700,3555,3610,260534,0.016901408450704203
2023-04-03,3705,3960,3675,3925,1257116,0.0872576177285318
2023-04-04,3935,4235,3580,3605,3006833,-0.08152866242038215
2023-04-05,3635,3680,3455,3650,854539,0.012482662968099856
2023-04-06,3725,4000,3720,3905,1924672,0.06986301369863024
2023-04-07,3965,4025,3800,3885,906932,-0.005121638924455829
2023-04-10,3890,3915,3550,3640,1139081,-0.06306306306306309
2023-04-11,3640,3700,3575,3695,529422,0.015109890109890056
2023-04-12,3670,3785,3615,3695,506649,0.0
2023-04-13,3695,3700,3580,3580,366706,-0.03112313937753719
2023-04-14,3610,3640,3565,3595,278405,0.0041899441340782495
2023-04-17,3580,3630,3480,3620,372192,0.006954102920723182
2023-04-18,3620,3810,3565,3675,491468,0.015193370165745845
2023-04-19,3675,4180,3655,4180,1711533,0.13741496598639458
2023-04-20,4300,4690,3995,4075,4766337,-0.02511961722488043
2023-04-21,4055,4460,3980,4110,1883779,0.008588957055214674
2023-04-24,4215,4255,3855,3935,745545,-0.04257907542579076
2023-04-25,3865,4140,3785,4140,844803,0.05209656925031769
2023-04-26,4080,4120,3900,3925,494306,-0.05193236714975846
2023-04-27,3900,4055,3835,4030,326710,0.026751592356687892
2023-04-28,4060,4090,3850,3900,447762,-0.032258064516129004
2023-05-02,3900,4045,3850,4005,320685,0.026923076923076827
2023-05-03,4000,4280,3915,4140,661533,0.03370786516853941
2023-05-04,4305,5380,4265,5380,48914000,0.2995169082125604
2023-05-08,5350,5520,4820,4925,14113335,-0.08457249070631967
2023-05-09,4920,4925,4615,4780,4387378,-0.029441624365482255
2023-05-10,4645,4730,4520,4550,2696160,-0.04811715481171552
2023-05-11,4570,4730,4515,4540,2192916,-0.00219780219780219
2023-05-12,4560,4700,4345,4440,2094958,-0.022026431718061623
2023-05-15,4440,4465,4270,4395,1153917,-0.010135135135135087
2023-05-16,4415,4440,4340,4355,851042,-0.009101251422070522
2023-05-17,4325,4715,4285,4715,3692442,0.0826636050516647
2023-05-18,4815,5030,4775,4905,4335872,0.040296924708377535
2023-05-19,4840,4850,4585,4600,1631302,-0.06218144750254839
2023-05-22,4615,4685,4450,4625,789577,0.005434782608695565
2023-05-23,4620,4705,4520,4650,891831,0.00540540540540535
2023-05-24,4650,4710,4555,4580,584629,-0.01505376344086018
2023-05-25,4595,5030,4530,4805,5071563,0.04912663755458513
2023-05-26,4785,4820,4505,4575,1126211,-0.04786680541103017
2023-05-30,4690,4995,4600,4910,4057802,0.0732240437158469
2023-05-31,5150,5300,4760,4760,4707352,-0.03054989816700615
2023-06-01,4730,4840,4685,4775,772051,0.0031512605042016695
2023-06-02,4850,5070,4730,4965,2126010,0.039790575916230475
2023-06-05,4970,4985,4825,4825,801241,-0.028197381671701938
2023-06-07,4810,4825,4470,4535,1220553,-0.060103626943005195
2023-06-08,4480,4500,4315,4375,825401,-0.03528114663726567
2023-06-09,4400,4450,4355,4405,406057,0.006857142857142895
2023-06-12,4405,4560,4380,4455,573602,0.011350737797956922
2023-06-13,4505,4575,4470,4510,371358,0.012345679012345734
2023-06-14,4510,4550,4200,4325,653511,-0.04101995565410199
2023-06-15,4350,4370,4150,4275,506751,-0.011560693641618491
2023-06-16,4250,4300,4125,4230,440729,-0.010526315789473717
2023-06-19,4230,4255,4085,4245,435861,0.0035460992907800915
2023-06-20,4240,4240,4080,4100,340303,-0.0341578327444052
2023-06-21,4080,4130,3980,4015,509324,-0.02073170731707319
2023-06-22,3940,4045,3920,3980,491515,-0.008717310087173136
2023-06-23,3995,4095,3950,4025,356444,0.011306532663316604
2023-06-26,4005,4125,3965,4055,241405,0.007453416149068248
2023-06-27,4010,4055,3945,4030,240645,-0.006165228113440224
2023-06-28,4060,4190,4030,4130,372148,0.02481389578163773
2023-06-29,4090,4140,4015,4080,228333,-0.01210653753026636
2023-06-30,4035,4360,4035,4280,794648,0.0490196078431373
2023-07-03,4305,4440,4265,4435,429063,0.03621495327102808
2023-07-04,4385,4460,4330,4405,283281,-0.006764374295377684
2023-07-05,4440,4450,4360,4410,258467,0.0011350737797957144
2023-07-06,4425,4425,4240,4270,280512,-0.031746031746031744
2023-07-07,4240,4335,4210,4250,155878,-0.004683840749414525
2023-07-10,4250,4250,4120,4175,198768,-0.01764705882352946
2023-07-11,4170,4325,4165,4325,147769,0.03592814371257491
2023-07-12,4325,4335,4200,4220,168211,-0.024277456647398887
2023-07-13,4260,4430,4230,4350,348534,0.0308056872037914
2023-07-14,4350,4350,4155,4245,290347,-0.024137931034482807
2023-07-17,4245,4245,4090,4095,242443,-0.035335689045936425
2023-07-18,4145,4250,4045,4200,239849,0.02564102564102555
2023-07-19,4230,4500,4105,4470,766641,0.06428571428571428
2023-07-20,4680,4900,4505,4750,4128036,0.06263982102908283
2023-07-21,4650,4795,4530,4705,952549,-0.0094736842105263
2023-07-24,4705,4935,4605,4840,1238463,0.02869287991498415
2023-07-25,4850,4955,4620,4645,821869,-0.04028925619834711
2023-07-26,4640,4680,4200,4310,907169,-0.07212055974165765
2023-07-27,4315,4470,4165,4230,567043,-0.018561484918793503
2023-07-28,4195,4550,4195,4485,402889,0.06028368794326244
2023-07-31,4485,4645,4470,4570,315829,0.018952062430323213
2023-08-01,4615,4615,4350,4470,324190,-0.021881838074398252
2023-08-02,4400,4580,4200,4235,410493,-0.05257270693512306
2023-08-03,4155,4225,4040,4135,426900,-0.023612750885478206
2023-08-04,4100,4130,4020,4070,279300,-0.01571946795646917
2023-08-07,4020,4070,3890,3925,405675,-0.035626535626535616
2023-08-08,3900,4010,3795,3910,605450,-0.003821656050955413
2023-08-09,3880,4250,3855,4180,454317,0.06905370843989767
2023-08-10,4185,4185,4030,4110,199568,-0.01674641148325362
2023-08-11,4195,4265,4130,4180,241644,0.017031630170316392
2023-08-14,4130,4245,4040,4100,292767,-0.019138755980861233
2023-08-16,3930,4130,3930,4015,295588,-0.02073170731707319
2023-08-17,3930,4090,3860,4010,313386,-0.001245330012453305
2023-08-18,4010,4350,3945,4320,544536,0.07730673316708225
2023-08-21,4310,4530,4285,4450,700570,0.03009259259259256
2023-08-22,4495,4575,4455,4520,402374,0.01573033707865168
2023-08-23,4725,5000,4480,4930,3235336,0.09070796460176989
2023-08-24,5080,6300,4945,6090,17348793,0.23529411764705888
2023-08-25,5770,5900,5460,5530,2875130,-0.09195402298850575
2023-08-28,5790,6100,5630,5830,3696946,0.054249547920433905
2023-08-29,5850,5940,5670,5690,1057615,-0.02401372212692965
2023-08-30,5690,5750,5550,5580,822195,-0.019332161687170446
2023-08-31,5510,5630,5350,5460,1116279,-0.021505376344086002
2023-09-01,5480,5480,5240,5320,971062,-0.02564102564102566
2023-09-04,5310,5400,5050,5400,794568,0.015037593984962516
2023-09-05,5360,5500,5210,5240,714216,-0.029629629629629672
2023-09-06,5200,5280,5100,5110,457250,-0.024809160305343525
2023-09-07,5110,5290,5070,5290,515242,0.03522504892367917
2023-09-08,5300,5300,4980,5110,573576,-0.03402646502835538
2023-09-11,5070,5160,4960,5130,334762,0.00391389432485334
2023-09-12,5130,5540,5130,5370,1813212,0.04678362573099415
2023-09-13,5550,5720,5210,5340,2319548,-0.005586592178770999
2023-09-14,5350,5650,5250,5620,1037345,0.05243445692883886
2023-09-15,5650,5780,5540,5690,824054,0.01245551601423478
2023-09-18,5690,5690,5420,5540,499478,-0.026362038664323406
2023-09-19,5490,5490,4800,4990,1850384,-0.09927797833935015
2023-09-20,4980,5700,4745,5500,2701697,0.10220440881763526
2023-09-21,5610,5700,5250,5310,1507171,-0.034545454545454546
2023-09-22,5170,5270,4995,5120,778118,-0.03578154425612057
2023-09-25,5060,5060,4800,4800,601887,-0.0625
2023-09-26,4805,4885,4760,4820,331398,0.004166666666666652
2023-09-27,4750,4995,4740,4915,310379,0.01970954356846466
2023-10-04,4890,4970,4745,4930,408158,0.003051881993896277
2023-10-05,5000,5230,4980,5150,689510,0.04462474645030423
2023-10-06,5120,5250,5100,5190,250516,0.007766990291262044
2023-10-10,5260,5260,4950,4975,287134,-0.041425818882466325
2023-10-11,5000,5110,4910,4970,210185,-0.0010050251256281673
2023-10-12,5000,5200,5000,5110,322395,0.028169014084507005
2023-10-13,5120,5150,4835,4905,323082,-0.04011741682974557
2023-10-16,4895,4895,4620,4750,345247,-0.031600407747196746
2023-10-17,4755,5180,4755,5080,458390,0.06947368421052635
2023-10-18,5050,5200,5000,5110,263432,0.0059055118110236116
2023-10-19,4980,5520,4980,5010,2099978,-0.019569471624266144
2023-10-20,5010,5200,4855,5150,640996,0.027944111776447178
2023-10-23,5130,5260,5010,5040,378969,-0.021359223300970842
2023-10-24,5000,5180,4900,5110,380101,0.01388888888888884
2023-10-25,5200,5390,5120,5190,705375,0.015655577299412915
2023-10-26,5050,5210,4975,5150,366089,-0.0077071290944122905
2023-10-27,5150,5200,5030,5100,301748,-0.009708737864077666
2023-10-30,5100,5150,4965,5020,318350,-0.015686274509803977
2023-10-31,5110,5120,4800,4980,432320,-0.007968127490039834
2023-11-01,5000,5040,4920,4920,167407,-0.012048192771084376
2023-11-02,4955,5140,4955,5070,251512,0.030487804878048808
2023-11-03,5240,5600,5150,5550,2735947,0.09467455621301779
2023-11-06,5650,6170,5540,5660,7004945,0.01981981981981984
2023-11-07,5550,5620,5320,5360,1061889,-0.05300353356890464
2023-11-08,5420,5540,5330,5440,649619,0.014925373134328401
2023-11-09,5350,5470,5220,5250,450730,-0.03492647058823528
2023-11-10,5180,5220,5040,5070,322077,-0.03428571428571425
2023-11-13,5050,5150,4945,5030,364624,-0.007889546351084853
2023-11-14,5000,5200,5000,5070,219096,0.007952286282306265
2023-11-15,5180,5420,5100,5270,639521,0.03944773175542404
2023-11-16,5300,5300,5150,5270,255885,0.0
2023-11-17,5270,5300,5080,5220,225847,-0.009487666034155628
2023-11-20,5130,5440,5130,5440,495078,0.04214559386973171
2023-11-21,5480,5500,5330,5340,233112,-0.018382352941176516
2023-11-22,5340,5370,5230,5280,145377,-0.011235955056179803
2023-11-23,5260,5340,5070,5110,346370,-0.032196969696969724
2023-11-24,5050,5150,5010,5140,206717,0.005870841487279899
2023-11-27,5140,5150,5010,5050,176879,-0.017509727626459193
2023-11-28,5030,5180,5030,5070,133629,0.003960396039603964
2023-11-29,5020,5270,5020,5250,342912,0.035502958579881616
2023-11-30,5250,5270,5080,5130,279730,-0.02285714285714291
2023-12-01,5130,5130,4930,5060,520113,-0.013645224171540016
2023-12-04,5070,5090,4855,4880,322200,-0.035573122529644285
2023-12-05,4865,4930,4500,4530,935949,-0.07172131147540983
2023-12-06,4580,4915,4475,4910,434459,0.08388520971302427
2023-12-07,4850,4925,4765,4775,159996,-0.027494908350305547
2023-12-08,4800,4870,4590,4685,405742,-0.01884816753926699
2023-12-11,4625,4835,4625,4685,158000,0.0
2023-12-12,4690,4750,4600,4710,164263,0.005336179295624355
2023-12-13,4670,4675,4490,4495,376331,-0.04564755838641188
2023-12-14,4520,4585,4350,4500,463330,0.0011123470522802492
2023-12-15,4500,4575,4485,4500,198972,0.0
2023-12-18,4510,4720,4510,4700,461824,0.04444444444444451
2023-12-19,4725,4845,4610,4650,438625,-0.010638297872340385
2023-12-20,4670,4770,4645,4650,223455,0.0
2023-12-21,4600,4705,4515,4550,448667,-0.021505376344086002
2023-12-22,4560,4595,4505,4555,118017,0.001098901098901095
2023-12-26,4550,4570,4175,4480,366667,-0.016465422612513714
2023-12-27,4405,4520,4405,4490,91468,0.0022321428571427937
2023-12-28,4490,4575,4435,4520,121706,0.006681514476614803
2024-01-02,4475,4575,4465,4500,197252,-0.004424778761061954
2024-01-03,4495,4520,4430,4490,176929,-0.0022222222222222365
2024-01-04,4455,4560,4420,4560,247658,0.015590200445434244
2024-01-05,4595,4735,4575,4640,347883,0.01754385964912286
2024-01-08,4680,4940,4590,4620,499905,-0.004310344827586188
2024-01-09,4610,4650,4575,4630,322945,0.0021645021645022577
2024-01-10,4650,4890,4635,4685,806973,0.011879049676025932
2024-01-11,4705,4830,4655,4765,292182,0.01707577374599789
2024-01-12,4710,4855,4615,4830,363663,0.01364113326337879
2024-01-15,4830,4830,4680,4700,224345,-0.026915113871635588
2024-01-16,4650,4710,4600,4640,141354,-0.012765957446808529
2024-01-17,4615,4670,4400,4415,257012,-0.04849137931034486
2024-01-18,4385,4560,4385,4520,149636,0.023782559456398733
2024-01-19,4500,4620,4420,4620,201314,0.022123893805309658
2024-01-22,4695,4695,4425,4425,171475,-0.04220779220779225
2024-01-23,4370,4460,4330,4355,234666,-0.015819209039548032
2024-01-24,4340,4460,4005,4305,259310,-0.01148105625717566
2024-01-25,4305,4305,3650,4000,1818561,-0.07084785133565619
2024-01-26,4055,4215,3865,4170,488053,0.04249999999999998
2024-01-29,4245,4245,3990,3995,246616,-0.04196642685851315
2024-01-30,3995,4035,3855,3910,335325,-0.021276595744680882
2024-01-31,3900,3940,3730,3745,321751,-0.0421994884910486
2024-02-01,3735,3790,3655,3700,269364,-0.012016021361815787
2024-02-02,3710,3750,3545,3650,498335,-0.013513513513513487
2024-02-05,3650,3700,3610,3675,196307,0.006849315068493178
2024-02-06,3620,3725,3580,3685,193426,0.0027210884353741083
2024-02-07,3650,3795,3650,3780,187106,0.02578018995929443
2024-02-08,3780,3785,3700,3755,181874,-0.006613756613756627
2024-02-13,3755,3890,3755,3885,181009,0.03462050599201061
2024-02-14,3830,3975,3800,3960,140186,0.019305019305019266
2024-02-15,3960,3995,3930,3985,127695,0.0063131313131312705
2024-02-16,4015,4170,3985,4125,211675,0.035131744040150625
2024-02-19,4125,4190,4065,4080,148761,-0.010909090909090868
2024-02-20,4050,4515,4050,4255,2230893,0.04289215686274517
2024-02-21,4200,4400,4130,4250,270112,-0.001175088131609825
2024-02-22,4250,4310,4200,4230,129525,-0.004705882352941226
2024-02-23,4205,4230,4160,4170,133915,-0.014184397163120588
2024-02-26,4130,4195,4105,4150,85506,-0.004796163069544335
2024-02-27,4100,4220,4010,4090,159830,-0.014457831325301207
2024-02-28,4055,4230,4055,4110,125299,0.004889975550122161
2024-02-29,4105,4655,4025,4270,1608553,0.038929440389294356
2024-03-04,4270,4450,4265,4340,255540,0.016393442622950838
2024-03-05,4300,4390,4225,4290,147939,-0.011520737327188946
2024-03-06,4250,4310,4180,4220,115364,-0.01631701631701632
2024-03-07,4220,4340,4100,4115,297287,-0.024881516587677677
2024-03-08,4120,4200,4085,4155,254791,0.009720534629404698
2024-03-11,4155,4210,4040,4115,137809,-0.009626955475330878
2024-03-12,4070,4285,4020,4180,190769,0.015795868772782606
2024-03-13,4185,4230,4100,4145,115084,-0.00837320574162681
2024-03-14,4120,4140,4050,4090,144300,-0.013268998793727338
2024-03-15,4040,4090,4000,4040,143123,-0.012224938875305624
2024-03-18,4025,4115,4015,4045,72761,0.0012376237623761277
2024-03-19,4045,4065,3880,4005,196024,-0.00988875154511748
2024-03-20,3980,4020,3950,4000,122442,-0.0012484394506866447
2024-03-21,4005,4035,3875,3940,284576,-0.015000000000000013
2024-03-22,3940,3995,3905,3940,76109,0.0
2024-03-25,3980,4100,3865,4075,201216,0.03426395939086291
2024-03-26,4075,4360,4045,4295,378991,0.053987730061349604
2024-03-27,4295,4385,4235,4290,231781,-0.0011641443538998875
2024-03-28,4300,4340,4170,4190,123181,-0.023310023310023298
2024-03-29,4190,4200,3870,4005,607187,-0.04415274463007157
2024-04-01,4055,4270,3995,4240,263814,0.05867665418227208
2024-04-02,4230,4315,4115,4135,137666,-0.024764150943396235
2024-04-03,4105,4190,4010,4180,125165,0.010882708585247869
2024-04-04,4180,4225,4130,4145,104507,-0.00837320574162681
2024-04-05,4145,4145,4035,4105,99806,-0.00965018094089265
2024-04-08,4105,4150,3970,3975,164259,-0.03166869671132766
2024-04-09,3980,4080,3960,3975,76588,0.0
2024-04-11,3945,4000,3890,3930,74162,-0.01132075471698113
2024-04-12,3965,4100,3910,4020,164300,0.022900763358778553
2024-04-15,3950,3970,3875,3945,112829,-0.018656716417910446
2024-04-16,3935,3935,3820,3885,243573,-0.01520912547528519
2024-04-17,3885,3915,3835,3870,59622,-0.0038610038610038533
2024-04-18,3900,3965,3860,3960,89950,0.023255813953488413
2024-04-19,3960,4000,3790,3860,96112,-0.025252525252525304
2024-04-22,3890,3890,3800,3820,96466,-0.010362694300518172
2024-04-23,3820,3860,3785,3815,85648,-0.0013089005235602524
2024-04-24,3865,3950,3830,3915,69172,0.026212319790301475
2024-04-25,3920,3920,3825,3830,84068,-0.02171136653895278
2024-04-26,3855,3855,3740,3760,162534,-0.018276762402088753
2024-04-29,3800,3855,3765,3840,96794,0.02127659574468077
2024-04-30,3840,3910,3835,3880,57910,0.01041666666666674
2024-05-02,3835,3875,3795,3860,58844,-0.005154639175257714
2024-05-03,3830,3910,3705,3845,86272,-0.0038860103626943143
2024-05-07,3850,3930,3845,3880,120574,0.00910273081924573
2024-05-08,3860,4005,3805,3950,254221,0.018041237113401998
2024-05-09,3925,3970,3805,3830,176651,-0.03037974683544309
2024-05-10,3870,3870,3800,3815,102868,-0.003916449086161844
2024-05-13,3815,3845,3710,3740,177879,-0.019659239842726106
2024-05-14,3740,3785,3695,3755,79484,0.00401069518716568
2024-05-16,3890,3955,3840,3930,296293,0.046604527296937315
2024-05-17,3895,3920,3800,3825,154204,-0.026717557251908386
2024-05-20,3875,3875,3690,3695,281432,-0.033986928104575154
2024-05-21,3750,3755,3615,3630,337601,-0.017591339648173165
2024-05-22,3650,3660,3605,3640,124394,0.0027548209366390353
2024-05-23,3640,3660,3500,3530,320939,-0.030219780219780223
2024-05-24,3530,3650,3390,3550,345367,0.0056657223796034994
2024-05-27,3520,3540,3335,3445,396738,-0.029577464788732355
2024-05-28,3410,3440,3360,3395,218086,-0.014513788098693747
2024-05-29,3395,3400,3285,3300,253758,-0.027982326951399128
2024-05-30,3300,4030,3240,3425,5985580,0.037878787878787845
2024-05-31,3345,3515,3335,3400,477452,-0.007299270072992692
2024-06-03,3430,3770,3420,3635,884687,0.0691176470588235
2024-06-04,3635,3735,3540,3640,264924,0.0013755158184318717
2024-06-05,3770,3770,3605,3610,179626,-0.008241758241758212
2024-06-07,3595,3665,3475,3535,152240,-0.020775623268698085
2024-06-10,3540,3635,3480,3550,156638,0.004243281471004279
2024-06-11,3590,3635,3540,3555,123712,0.0014084507042253502
2024-06-12,3595,3670,3545,3620,99309,0.0182841068917019
2024-06-13,3625,3660,3550,3650,199345,0.008287292817679592
2024-06-14,4005,4500,3705,3720,8285329,0.019178082191780854
2024-06-17,3780,3790,3640,3650,668738,-0.018817204301075252
2024-06-18,3875,4280,3860,3945,7310878,0.08082191780821923
2024-06-19,3970,4170,3895,4160,1517715,0.05449936628643859
2024-06-20,4070,4130,4025,4080,640185,-0.019230769230769273
2024-06-21,4035,4255,3970,4080,806401,0.0
2024-06-24,4080,4155,4000,4120,404333,0.009803921568627416
2024-06-25,4095,4155,4030,4040,351466,-0.01941747572815533
2024-06-26,4050,4130,3910,3970,598309,-0.017326732673267342
2024-06-27,3960,4000,3830,3970,370215,0.0
2024-06-28,3975,4025,3895,3980,223419,0.0025188916876575096
2024-07-01,3980,4085,3930,3985,236824,0.0012562814070351536
2024-07-02,3980,3990,3845,3870,240390,-0.02885821831869506
2024-07-03,3930,3950,3805,3920,268741,0.012919896640826822
2024-07-04,3920,3965,3865,3915,190072,-0.0012755102040816757
2024-07-05,3915,4285,3895,4055,1583888,0.03575989782886335
2024-07-08,4030,4085,3990,4050,279622,-0.0012330456226880004
2024-07-09,4020,4065,3980,4040,213463,-0.0024691358024691024
2024-07-10,4050,4325,4050,4240,1138552,0.04950495049504955
2024-07-11,4200,4230,4065,4095,371085,-0.034198113207547176
2024-07-12,4095,4170,4045,4130,239122,0.008547008547008517
2024-07-15,4105,4175,4030,4160,167178,0.007263922518159882
2024-07-16,4125,4175,4065,4085,213488,-0.018028846153846145
2024-07-17,4120,4120,3980,4000,217103,-0.020807833537331732
2024-07-18,3960,4170,3885,4075,369185,0.018750000000000044
2024-07-19,4090,4130,3940,3980,246504,-0.0233128834355828
2024-07-22,4025,4025,3630,3705,566712,-0.06909547738693467
2024-07-23,3745,3890,3745,3800,184275,0.02564102564102555
2024-07-24,3780,3895,3770,3840,118644,0.010526315789473717
2024-07-25,3755,3810,3640,3640,257974,-0.05208333333333337
2024-07-26,3680,3775,3640,3775,104390,0.03708791208791218
2024-07-29,3820,3835,3700,3790,106872,0.003973509933774766
2024-07-30,3790,3850,3735,3740,60466,-0.01319261213720313
2024-07-31,3745,3835,3680,3785,81164,0.012032085561497263
2024-08-01,3765,3980,3765,3860,49739,0.01981505944517825
2024-08-02,3780,3800,3665,3690,225618,-0.04404145077720212
2024-08-05,3590,3685,3000,3090,810123,-0.16260162601626016
2024-08-06,3115,3490,3090,3415,347822,0.10517799352750812
2024-08-07,3395,3530,3370,3500,128077,0.02489019033674955
2024-08-08,3495,3500,3385,3490,124814,-0.0028571428571428914
2024-08-09,3525,3630,3520,3570,128659,0.022922636103151817
2024-08-12,3540,3740,3540,3675,185059,0.02941176470588225
2024-08-13,3715,3940,3675,3870,349730,0.05306122448979589
2024-08-14,3960,3980,3750,3820,402626,-0.012919896640826822
2024-08-16,3890,3960,3700,3800,181714,-0.005235602094240788
2024-08-19,3865,4005,3845,3845,337147,0.011842105263157876
2024-08-20,3865,3970,3845,3950,159971,0.027308192457737412
2024-08-21,3955,3975,3895,3940,82657,-0.0025316455696202667
2024-08-22,3970,3985,3890,3945,122852,0.0012690355329949554
2024-08-23,3915,4050,3915,3940,198793,-0.0012674271229404788
2024-08-26,3940,3960,3900,3905,109740,-0.008883248730964466
2024-08-27,3900,3905,3855,3865,95435,-0.010243277848911658
2024-08-28,3870,3870,3765,3865,178998,0.0
2024-08-29,3855,3970,3820,3965,185996,0.025873221216041298
2024-08-30,3955,4045,3955,4035,301093,0.017654476670870167
2024-09-02,4080,4250,4035,4230,440284,0.048327137546468446
2024-09-03,4325,4355,4160,4265,422318,0.008274231678486954
2024-09-04,4100,4225,4060,4195,310677,-0.016412661195779554
2024-09-05,4195,4535,4195,4505,1412266,0.07389749702026216
2024-09-06,4580,4615,4300,4415,767119,-0.019977802441731418
2024-09-09,4310,4640,4270,4590,929744,0.039637599093997666
2024-09-10,4640,4695,4515,4545,413421,-0.009803921568627416
2024-09-11,4525,4605,4475,4530,267206,-0.0033003300330033403
2024-09-12,4620,4950,4495,4730,1468161,0.04415011037527594
2024-09-13,4730,4915,4700,4865,539906,0.02854122621564481
2024-09-19,4900,4905,4690,4850,364861,-0.0030832476875641834
2024-09-20,4885,4970,4750,4950,468956,0.020618556701030855
2024-09-23,4945,5150,4845,5030,515196,0.016161616161616266
2024-09-24,5090,5660,5050,5150,2153239,0.02385685884691857
2024-09-25,5100,5310,4900,5210,1016310,0.011650485436893288
2024-09-26,5240,5380,5190,5380,547734,0.03262955854126681
2024-09-27,5490,5550,5340,5450,627818,0.013011152416356975
2024-09-30,5450,5600,5250,5490,591141,0.007339449541284404
2024-10-02,5390,5540,5150,5150,566953,-0.06193078324225865
2024-10-04,5150,5210,5010,5040,423400,-0.021359223300970842
2024-10-07,5060,5460,5040,5410,688752,0.07341269841269837
2024-10-08,5400,5460,5260,5260,216769,-0.027726432532347522
2024-10-10,5260,5300,5090,5090,276199,-0.03231939163498099
2024-10-11,5160,5220,5020,5060,296604,-0.005893909626719096
2024-10-14,5040,5220,4870,4895,547415,-0.03260869565217395
2024-10-15,4940,4970,4620,4735,691468,-0.03268641470888667
2024-10-16,4750,4885,4700,4760,338335,0.0052798310454065245
2024-10-17,4795,4825,4685,4720,168215,-0.008403361344537785
2024-10-18,4720,4805,4640,4805,199285,0.018008474576271194
2024-10-21,4805,4880,4755,4805,206384,0.0
2024-10-22,4805,4815,4560,4600,397529,-0.042663891779396446
2024-10-23,4560,4685,4540,4610,331958,0.0021739130434783593
2024-10-24,4600,4680,4570,4615,172973,0.0010845986984815426
2024-10-25,4620,4850,4550,4590,284036,-0.005417118093174467
2024-10-28,4500,4570,4280,4365,754684,-0.0490196078431373
2024-10-29,4360,4445,4255,4425,191757,0.013745704467353903
2024-10-30,4420,4420,4295,4295,158571,-0.029378531073446346
2024-10-31,4330,4420,4180,4380,231341,0.019790454016298087
2024-11-01,4280,4380,4150,4200,260147,-0.04109589041095896
2024-11-04,4200,4340,4160,4235,159746,0.008333333333333304
2024-11-05,4210,4250,4140,4155,101696,-0.018890200708382543
2024-11-06,4165,4300,4060,4150,345131,-0.001203369434416346
2024-11-07,4220,4220,4095,4160,163698,0.002409638554216942
2024-11-08,4200,4235,4105,4205,162691,0.01081730769230771
2024-11-11,4200,4220,3935,4000,329511,-0.04875148632580262
2024-11-12,3985,4050,3850,3905,301655,-0.02375000000000005
2024-11-13,3830,3970,3755,3785,231629,-0.030729833546734975
2024-11-14,3750,3895,3695,3770,201778,-0.003963011889035695
2024-11-15,3770,3825,3565,3685,307473,-0.022546419098143256
2024-11-18,3690,3825,3620,3765,169661,0.02170963364993206
2024-11-19,3765,3810,3690,3780,100557,0.003984063745019917
2024-11-20,3785,3870,3695,3780,155521,0.0
2024-11-21,3780,3795,3705,3745,83739,-0.0092592592592593
2024-11-22,3760,3815,3705,3740,120676,-0.001335113484646211
2024-11-25,3740,3900,3715,3900,115380,0.04278074866310155
2024-11-26,3920,3940,3775,3835,98105,-0.01666666666666672
2024-11-27,3835,3835,3630,3645,235493,-0.049543676662320735
2024-11-28,3645,3700,3640,3670,50735,0.006858710562414272
2024-11-29,3670,3670,3510,3555,153319,-0.03133514986376018
2024-12-02,3560,3625,3460,3460,180054,-0.026722925457102642
2024-12-03,3430,3550,3425,3515,111003,0.01589595375722541
2024-12-04,3430,3500,3225,3395,197968,-0.03413940256045522
2024-12-05,3380,3515,3330,3450,94171,0.016200294550809957
2024-12-06,3435,3480,3290,3375,136851,-0.021739130434782594
2024-12-09,3330,3345,3050,3115,370426,-0.07703703703703701
2024-12-10,3200,3450,3190,3420,259954,0.0979133226324238
2024-12-11,3400,3565,3355,3550,138235,0.03801169590643272
2024-12-12,3650,3655,3465,3560,112032,0.0028169014084507005
2024-12-13,3560,3635,3510,3550,154461,-0.002808988764044895
2024-12-16,3855,3970,3675,3760,680449,0.05915492957746471
2024-12-17,3890,3920,3730,3875,289571,0.030585106382978733
2024-12-18,3875,3885,3770,3770,150533,-0.02709677419354839
2024-12-19,3660,3800,3620,3770,91486,0.0
2024-12-20,3720,3745,3610,3660,130538,-0.02917771883289122
2024-12-23,3690,3775,3655,3755,66943,0.025956284153005438
2024-12-24,3810,3875,3755,3860,139323,0.02796271637816239
2024-12-26,3860,3915,3750,3780,89616,-0.020725388601036232
2024-12-27,3795,3795,3610,3680,97159,-0.02645502645502651
2024-12-30,3680,3740,3640,3700,58869,0.005434782608695565
2025-01-02,3710,3790,3615,3665,97951,-0.009459459459459474
2025-01-03,3620,3805,3620,3770,109054,0.028649386084584005
2025-01-06,3860,3900,3765,3850,86966,0.021220159151193574
2025-01-07,3850,3950,3830,3880,108221,0.007792207792207684
2025-01-08,3840,3900,3805,3890,87927,0.002577319587628857
2025-01-09,3900,3900,3815,3850,82585,-0.010282776349614386
2025-01-10,3850,3860,3695,3775,194785,-0.01948051948051943
2025-01-13,3775,3775,3670,3710,85808,-0.017218543046357615
2025-01-14,3700,3810,3700,3785,74219,0.020215633423180668
2025-01-15,3785,3820,3655,3670,93760,-0.0303830911492734
2025-01-16,3720,3955,3680,3920,184067,0.0681198910081744
2025-01-17,3885,4265,3885,4115,475103,0.04974489795918369
2025-01-20,4420,4635,4300,4340,1314018,0.054678007290400954
2025-01-21,4340,4545,4300,4390,450857,0.011520737327188835
2025-01-22,4530,4630,4295,4345,476473,-0.01025056947608205
2025-01-23,4340,4340,4090,4135,447546,-0.04833141542002306
2025-01-24,4135,4340,4110,4315,214738,0.043530834340991476
2025-01-31,4225,4375,4205,4345,148127,0.006952491309385911
2025-02-03,4210,4415,4175,4310,281820,-0.008055235903337121
