Date,Open,High,Low,Close,Volume,Change
2022-01-03,4863,4912,4712,4875,163713,0.012461059190031154
2022-01-04,4874,4944,4712,4945,245081,0.014358974358974264
2022-01-05,4917,4923,4815,4918,112474,-0.005460060667340727
2022-01-06,4815,4939,4804,4885,176877,-0.0067100447336315705
2022-01-07,4917,4966,4847,4880,200578,-0.0010235414534288667
2022-01-10,4880,4880,4443,4718,256777,-0.03319672131147544
2022-01-11,4680,4691,4524,4535,154437,-0.03878762187367524
2022-01-12,4551,4578,4367,4368,336401,-0.036824696802646106
2022-01-13,4491,4745,4362,4362,471258,-0.0013736263736263687
2022-01-14,4362,4448,4313,4352,208199,-0.0022925263640531934
2022-01-17,4324,4340,4146,4158,210160,-0.04457720588235292
2022-01-18,4157,5095,4152,4335,4289650,0.04256854256854248
2022-01-19,4335,4335,4233,4244,252607,-0.020991926182237552
2022-01-20,4189,4254,4152,4206,177755,-0.00895381715362864
2022-01-21,4362,4799,4249,4260,1871570,0.012838801711840153
2022-01-24,4259,4308,3979,4017,314633,-0.057042253521126796
2022-01-25,4103,4141,3855,3856,275272,-0.04007966143888475
2022-01-26,3855,4001,3774,3856,247180,0.0
2022-01-27,4017,4017,3634,3634,249647,-0.057572614107883835
2022-01-28,3612,4249,3553,3818,1584368,0.05063291139240511
2022-02-03,3823,3936,3796,3931,173161,0.029596647459402936
2022-02-04,3871,3920,3790,3829,182198,-0.025947596031544173
2022-02-07,3828,3882,3796,3829,98658,0.0
2022-02-08,3833,3909,3790,3839,188631,0.002611647949856355
2022-02-09,3860,3974,3860,3936,180203,0.025266996613701576
2022-02-10,3968,3990,3850,3850,112819,-0.02184959349593496
2022-02-11,3833,3995,3769,3883,485465,0.008571428571428674
2022-02-14,3774,3817,3612,3640,236072,-0.06258047901107389
2022-02-15,3618,3693,3472,3494,135119,-0.04010989010989008
2022-02-16,3564,3704,3558,3667,105438,0.049513451631368
2022-02-17,3682,3753,3558,3688,112309,0.005726752113444311
2022-02-18,3629,3736,3569,3732,86133,0.01193058568329719
2022-02-21,3726,3796,3666,3758,53872,0.006966773847802754
2022-02-22,3720,3774,3645,3645,62360,-0.030069185737094162
2022-02-23,3650,3709,3623,3672,148988,0.007407407407407307
2022-02-24,3720,3828,3483,3537,283361,-0.03676470588235292
2022-02-25,3564,3650,3542,3602,113197,0.018377155781736043
2022-02-28,3634,3666,3580,3591,63851,-0.0030538589672404193
2022-03-02,3580,3688,3580,3661,103099,0.01949317738791434
2022-03-03,3656,3699,3650,3683,65225,0.006009287080032788
2022-03-04,3682,3720,3607,3634,95921,-0.013304371436329121
2022-03-07,3591,3591,3483,3489,128420,-0.03990093560814534
2022-03-08,3424,3467,3370,3419,141783,-0.02006305531670971
2022-03-10,3418,3602,3289,3343,333360,-0.02222872184849367
2022-03-11,3451,3532,3391,3500,252532,0.04696380496559982
2022-03-14,3521,3521,3375,3413,94035,-0.02485714285714291
2022-03-15,3375,4044,3354,3602,2036119,0.05537650161148555
2022-03-16,4276,4680,4108,4681,3514311,0.2995558023320377
2022-03-17,4680,5386,4642,4718,8407067,0.00790429395428327
2022-03-18,4826,4982,4712,4729,1666475,0.00233149639677821
2022-03-21,4739,4739,4518,4621,618037,-0.022837809262000408
2022-03-22,4578,4783,4540,4761,522632,0.030296472624973037
2022-03-23,4707,4826,4685,4740,449705,-0.004410838059231259
2022-03-24,4777,5176,4680,4805,1670436,0.01371308016877637
2022-03-25,4777,4934,4756,4891,539946,0.017898022892820054
2022-03-28,4880,4907,4734,4745,591654,-0.02985074626865669
2022-03-29,4874,5020,4756,4810,1496413,0.013698630136986356
2022-03-30,5320,6200,4895,4915,4275266,0.021829521829521914
2022-03-31,4880,5030,4670,4890,470486,-0.0050864699898270915
2022-04-01,4890,4890,4520,4520,396576,-0.07566462167689159
2022-04-04,4685,4715,4520,4620,188532,0.022123893805309658
2022-04-05,4665,4670,4595,4650,115929,0.006493506493506551
2022-04-06,4650,4750,4600,4645,124227,-0.0010752688172043223
2022-04-07,4645,4645,4500,4515,65327,-0.027987082884822434
2022-04-08,4515,4535,4265,4330,131445,-0.04097452934662238
2022-04-11,4330,4330,4205,4255,62830,-0.01732101616628179
2022-04-12,4255,4255,4070,4190,70271,-0.01527614571092828
2022-04-13,4150,4330,4150,4310,74511,0.02863961813842475
2022-04-14,4390,4390,4330,4370,38448,0.0139211136890951
2022-04-15,4400,4515,4375,4510,72282,0.03203661327231111
2022-04-18,4510,4600,4510,4510,77260,0.0
2022-04-19,4510,4565,4475,4510,48315,0.0
2022-04-20,4585,4670,4540,4635,89470,0.027716186252771724
2022-04-21,4550,4550,4260,4315,240559,-0.06903991370010787
2022-04-22,4340,4340,4225,4260,66561,-0.01274623406720743
2022-04-25,3930,3985,3760,3810,700145,-0.10563380281690138
2022-04-26,3800,3905,3790,3815,283785,0.001312335958005173
2022-04-27,3790,3795,3605,3795,214198,-0.005242463958060273
2022-04-28,3795,3850,3650,3725,171726,-0.01844532279314892
2022-04-29,3725,3825,3725,3795,164758,0.01879194630872494
2022-05-02,3795,3935,3755,3905,248654,0.02898550724637672
2022-05-03,3905,3950,3840,3905,180133,0.0
2022-05-04,3905,3935,3830,3830,127290,-0.01920614596670933
2022-05-06,3825,3885,3700,3865,148615,0.009138381201044377
2022-05-09,3815,3900,3725,3795,101223,-0.018111254851228997
2022-05-10,3710,3770,3580,3770,123360,-0.006587615283267456
2022-05-11,3695,3785,3660,3660,77629,-0.02917771883289122
2022-05-12,3685,3720,3500,3550,141593,-0.030054644808743203
2022-05-13,3530,3625,3530,3580,99325,0.008450704225352101
2022-05-16,3605,3725,3575,3575,117153,-0.0013966480446927498
2022-05-17,3590,3640,3575,3630,63256,0.01538461538461533
2022-05-18,3620,3660,3515,3535,167721,-0.026170798898071612
2022-05-19,3435,3465,3385,3455,129430,-0.022630834512022635
2022-05-20,3440,3540,3440,3495,94410,0.011577424023154759
2022-05-23,3495,3515,3400,3435,77720,-0.01716738197424894
2022-05-24,3490,3490,3340,3340,104784,-0.027656477438136817
2022-05-25,3320,3450,3300,3385,84063,0.013473053892215647
2022-05-26,3360,3455,3345,3395,61038,0.002954209748892156
2022-05-27,3430,3430,3365,3365,50767,-0.008836524300441795
2022-05-30,3370,3480,3365,3440,89331,0.022288261515601704
2022-05-31,3430,3460,3410,3445,75934,0.0014534883720929148
2022-06-02,3415,3460,3380,3420,82225,-0.007256894049346929
2022-06-03,3420,3450,3385,3400,58946,-0.005847953216374324
2022-06-07,3400,3430,3320,3330,98722,-0.020588235294117685
2022-06-08,3330,3425,3325,3345,69536,0.0045045045045044585
2022-06-09,3360,3360,3205,3300,99164,-0.013452914798206317
2022-06-10,3300,3300,3225,3230,58307,-0.021212121212121238
2022-06-13,3195,3195,3000,3075,136527,-0.047987616099071206
2022-06-14,2965,3060,2930,2990,103081,-0.027642276422764178
2022-06-15,2930,2990,2830,2875,134990,-0.038461538461538436
2022-06-16,2880,3060,2875,2915,110965,0.013913043478260834
2022-06-17,2860,2945,2770,2915,49751,0.0
2022-06-20,2915,2925,2665,2710,131609,-0.07032590051457976
2022-06-21,2665,2845,2665,2810,72291,0.03690036900368998
2022-06-22,2780,2835,2600,2600,81989,-0.07473309608540923
2022-06-23,2600,2625,2380,2410,174279,-0.07307692307692304
2022-06-24,2410,2590,2400,2580,97203,0.0705394190871369
2022-06-27,2690,2725,2605,2710,76203,0.050387596899224896
2022-06-28,2735,2780,2715,2720,40321,0.0036900369003689537
2022-06-29,2720,2745,2660,2705,44132,-0.005514705882352922
2022-06-30,2705,2715,2510,2540,82322,-0.060998151571164505
2022-07-01,2540,2660,2500,2540,59800,0.0
2022-07-04,2540,2600,2440,2515,31076,-0.009842519685039353
2022-07-05,2515,2665,2515,2655,40618,0.055666003976143186
2022-07-06,2780,2780,2655,2665,22174,0.0037664783427495685
2022-07-07,2665,2720,2630,2670,32389,0.0018761726078799779
2022-07-08,2700,2740,2690,2700,29952,0.011235955056179803
2022-07-11,2725,2760,2685,2705,23104,0.0018518518518517713
2022-07-12,2705,2705,2630,2650,53635,-0.020332717190388205
2022-07-13,2630,2750,2595,2705,36378,0.020754716981132182
2022-07-14,2715,2780,2680,2710,28460,0.001848428835489857
2022-07-15,2715,2755,2640,2700,40725,-0.0036900369003689537
2022-07-18,2700,2790,2695,2740,74310,0.014814814814814836
2022-07-19,2740,2790,2725,2780,44887,0.014598540145985384
2022-07-20,2795,2850,2795,2805,44515,0.008992805755395628
2022-07-21,2810,2870,2805,2825,36242,0.007130124777183555
2022-07-22,2850,2890,2780,2780,41169,-0.015929203539822967
2022-07-25,2805,2845,2750,2785,33367,0.0017985611510791255
2022-07-26,2755,2825,2755,2790,33110,0.0017953321364452268
2022-07-27,2765,2875,2760,2835,50767,0.016129032258064502
2022-07-28,2850,2920,2820,2875,38836,0.014109347442680775
2022-07-29,2875,2940,2875,2910,123698,0.012173913043478368
2022-08-01,2910,2970,2895,2945,53214,0.012027491408934665
2022-08-02,2945,2945,2875,2890,67783,-0.018675721561969394
2022-08-03,2890,2960,2860,2945,33207,0.01903114186851207
2022-08-04,2950,2985,2950,2980,42754,0.011884550084889645
2022-08-05,2990,3040,2970,3000,48619,0.006711409395973256
2022-08-08,3000,3025,2960,2995,36186,-0.0016666666666667052
2022-08-09,2995,3030,2940,2995,32211,0.0
2022-08-10,2990,2990,2930,2950,32069,-0.015025041736227096
2022-08-11,2965,3025,2955,3005,30347,0.01864406779661021
2022-08-12,2995,3050,2995,3040,61702,0.011647254575707144
2022-08-16,3030,3060,2990,2990,37459,-0.016447368421052655
2022-08-17,2990,2995,2925,2950,67927,-0.013377926421404673
2022-08-18,2885,2935,2835,2915,74856,-0.011864406779661052
2022-08-19,2885,2915,2860,2895,40408,-0.006861063464837058
2022-08-22,2860,2860,2720,2735,90439,-0.05526770293609673
2022-08-23,2705,2720,2655,2680,44816,-0.020109689213894
2022-08-24,2680,2745,2670,2740,37305,0.02238805970149249
2022-08-25,2765,2805,2765,2795,30011,0.02007299270072993
2022-08-26,2880,2880,2780,2785,32281,-0.003577817531305927
2022-08-29,2730,2730,2620,2620,68775,-0.05924596050269304
2022-08-30,2620,2710,2520,2705,63562,0.03244274809160297
2022-08-31,2705,2735,2665,2735,49622,0.01109057301293892
2022-09-01,2735,2740,2610,2665,64066,-0.025594149908592323
2022-09-02,2630,2665,2610,2610,24097,-0.0206378986866792
2022-09-05,2590,2605,2550,2570,33302,-0.01532567049808431
2022-09-06,2555,2600,2550,2590,55554,0.0077821011673151474
2022-09-07,2640,2670,2590,2595,68424,0.0019305019305020377
2022-09-08,2595,2635,2550,2570,55694,-0.009633911368015391
2022-09-13,2610,2660,2595,2600,47623,0.011673151750972721
2022-09-14,2600,2635,2565,2605,54950,0.0019230769230769162
2022-09-15,2630,2935,2630,2740,342596,0.051823416506717956
2022-09-16,2740,2740,2620,2665,66317,-0.027372262773722622
2022-09-19,2620,2630,2535,2595,44467,-0.026266416510318913
2022-09-20,2560,2590,2545,2560,33312,-0.013487475915221592
2022-09-21,2560,2560,2505,2555,32565,-0.001953125
2022-09-22,2530,2530,2435,2500,50100,-0.021526418786692814
2022-09-23,2485,2485,2430,2430,49882,-0.028000000000000025
2022-09-26,2395,2425,2270,2350,75767,-0.03292181069958844
2022-09-27,2275,2340,2210,2285,70601,-0.02765957446808509
2022-09-28,2285,2285,2155,2155,66754,-0.05689277899343548
2022-09-29,2160,2235,2160,2175,45877,0.009280742459396807
2022-09-30,2160,2215,2105,2215,31462,0.01839080459770126
2022-10-04,2230,2260,2165,2260,70505,0.020316027088036037
2022-10-05,2300,2395,2280,2385,110447,0.055309734513274256
2022-10-06,2400,2720,2380,2380,875422,-0.002096436058700246
2022-10-07,2380,2400,2295,2330,88158,-0.021008403361344574
2022-10-11,2300,2310,2170,2170,48380,-0.06866952789699576
2022-10-12,2165,2225,2140,2175,77252,0.0023041474654377225
2022-10-13,2175,2185,2065,2115,54158,-0.02758620689655178
2022-10-14,2120,2205,2120,2175,41498,0.028368794326241176
2022-10-17,2185,2265,2175,2265,36397,0.04137931034482767
2022-10-18,2275,2330,2250,2280,37156,0.0066225165562914245
2022-10-19,2555,2960,2430,2960,2754232,0.29824561403508776
2022-10-20,3220,3495,2900,2940,6584309,-0.006756756756756799
2022-10-21,2885,3150,2670,2710,1990693,-0.07823129251700678
2022-10-24,2715,2850,2680,2730,598714,0.007380073800737907
2022-10-25,2760,2885,2635,2645,632019,-0.031135531135531136
2022-10-26,2680,2720,2540,2595,315204,-0.018903591682419618
2022-10-27,2630,2830,2610,2790,780139,0.07514450867052025
2022-10-28,2850,2955,2570,2580,1522670,-0.07526881720430112
2022-10-31,2850,2895,2580,2630,733278,0.019379844961240345
2022-11-01,2600,2685,2570,2650,226400,0.0076045627376426506
2022-11-02,2635,2685,2620,2655,141250,0.0018867924528302993
2022-11-03,2640,2645,2585,2630,138136,-0.00941619585687381
2022-11-04,2620,2625,2545,2580,147484,-0.019011406844106515
2022-11-07,2580,2660,2580,2615,93241,0.013565891472868241
2022-11-08,2635,2700,2615,2690,158800,0.028680688336520044
2022-11-09,2690,2695,2630,2670,90276,-0.0074349442379182396
2022-11-10,2630,2645,2570,2580,104268,-0.0337078651685393
2022-11-11,2655,2680,2615,2630,155442,0.019379844961240345
2022-11-14,2650,2690,2580,2685,127897,0.02091254752851701
2022-11-15,2685,2765,2620,2765,139789,0.029795158286778367
2022-11-16,2765,2780,2695,2730,148743,-0.012658227848101222
2022-11-17,2715,2740,2680,2735,55399,0.001831501831501825
2022-11-18,2720,2755,2690,2730,114774,-0.001828153564899404
2022-11-21,2720,2720,2570,2590,125659,-0.05128205128205132
2022-11-22,2555,2600,2545,2595,67605,0.0019305019305020377
2022-11-23,2585,2665,2580,2640,57333,0.01734104046242768
2022-11-24,2675,2710,2645,2660,71811,0.007575757575757569
2022-11-25,2670,2735,2665,2680,88808,0.007518796992481258
2022-11-28,2680,2700,2620,2620,84361,-0.02238805970149249
2022-11-29,2860,3090,2630,2680,1465205,0.022900763358778553
2022-11-30,2695,2770,2680,2705,230082,0.009328358208955168
2022-12-01,2750,2770,2705,2715,154644,0.003696857670979714
2022-12-02,2715,2805,2690,2765,209679,0.018416206261510082
2022-12-05,2800,2810,2700,2715,129244,-0.018083182640144635
2022-12-06,2720,2735,2630,2645,137636,-0.025782688766114226
2022-12-07,2640,2640,2530,2600,133215,-0.017013232514177745
2022-12-08,2710,3015,2550,2570,3006032,-0.011538461538461497
2022-12-09,2545,2625,2545,2610,231127,0.015564202334630295
2022-12-12,2620,2770,2585,2655,363554,0.01724137931034475
2022-12-13,2630,2755,2630,2705,156063,0.01883239171374762
2022-12-14,2690,2760,2690,2735,104337,0.01109057301293892
2022-12-15,2755,2765,2690,2710,91279,-0.009140767824497242
2022-12-16,2635,2715,2610,2675,102298,-0.01291512915129156
2022-12-19,2660,2690,2585,2670,76296,-0.0018691588785046953
2022-12-20,2680,2680,2540,2575,155410,-0.035580524344569264
2022-12-21,2580,2605,2510,2525,70437,-0.01941747572815533
2022-12-22,2535,2615,2535,2595,94352,0.027722772277227747
2022-12-23,2595,2600,2475,2490,106448,-0.040462427745664775
2022-12-26,2490,2520,2465,2470,54958,-0.008032128514056214
2022-12-27,2465,2600,2465,2565,102127,0.03846153846153855
2022-12-28,2655,2695,2565,2570,315603,0.0019493177387914784
2022-12-29,2610,2610,2350,2380,156005,-0.07392996108949412
2023-01-02,2385,2420,2305,2310,58010,-0.02941176470588236
2023-01-03,2270,2340,2220,2340,128777,0.01298701298701288
2023-01-04,2260,2395,2260,2385,40134,0.019230769230769162
2023-01-05,2440,2495,2385,2470,58634,0.03563941299790363
2023-01-06,2450,2520,2445,2500,42154,0.012145748987854255
2023-01-09,2505,2570,2500,2535,57169,0.014000000000000012
2023-01-10,2535,2610,2530,2575,65915,0.015779092702169706
2023-01-11,2575,2640,2575,2630,82149,0.021359223300970953
2023-01-12,2640,2665,2595,2630,80451,0.0
2023-01-13,2630,2670,2615,2620,48693,-0.0038022813688213253
2023-01-16,2590,2640,2560,2630,96133,0.003816793893129722
2023-01-17,2630,2630,2555,2560,57823,-0.026615969581749055
2023-01-18,2575,2625,2530,2570,44678,0.00390625
2023-01-19,2555,2605,2495,2600,61286,0.011673151750972721
2023-01-20,2570,2695,2570,2670,60595,0.026923076923076827
2023-01-25,2670,2720,2655,2710,138893,0.014981273408239737
2023-01-26,2705,2730,2680,2720,102374,0.0036900369003689537
2023-01-27,2735,2880,2725,2845,320540,0.045955882352941124
2023-01-30,2860,2895,2790,2885,331779,0.014059753954305698
2023-01-31,2860,2970,2800,2895,385638,0.0034662045060658286
2023-02-01,2925,2925,2815,2830,151175,-0.022452504317789335
2023-02-02,2850,2915,2850,2905,135335,0.026501766784452263
2023-02-03,2920,2925,2850,2890,83815,-0.005163511187607606
2023-02-06,2890,2900,2820,2865,86751,-0.00865051903114189
2023-02-07,2870,3130,2860,3055,1523723,0.06631762652705064
2023-02-08,3010,3170,3010,3145,527401,0.029459901800327426
2023-02-09,3105,3145,3040,3100,258190,-0.014308426073131986
2023-02-10,3100,3100,2920,2930,319226,-0.05483870967741933
2023-02-13,2940,2985,2855,2960,131502,0.010238907849829282
2023-02-14,2995,2995,2880,2900,121210,-0.020270270270270285
2023-02-15,2900,2945,2740,2785,190732,-0.03965517241379313
2023-02-16,2770,2885,2770,2885,106155,0.03590664272890476
2023-02-17,2875,2935,2865,2885,83101,0.0
2023-02-20,2885,2920,2845,2890,56456,0.0017331022530329143
2023-02-21,2900,2920,2865,2900,65324,0.0034602076124568004
2023-02-22,2845,2870,2800,2820,67559,-0.02758620689655178
2023-02-23,2810,2900,2785,2850,89802,0.010638297872340496
2023-02-24,2865,2900,2825,2845,63553,-0.0017543859649122862
2023-02-27,2815,2835,2745,2830,83974,-0.005272407732864637
2023-02-28,2805,2930,2805,2920,86890,0.03180212014134276
2023-03-02,2920,2930,2840,2840,64992,-0.0273972602739726
2023-03-03,2845,2875,2805,2820,49701,-0.007042253521126751
2023-03-06,2820,2880,2800,2865,81741,0.015957446808510634
2023-03-07,2870,2870,2810,2835,56037,-0.010471204188481686
2023-03-08,2825,2830,2735,2750,68469,-0.029982363315696703
2023-03-09,2750,2770,2660,2715,66847,-0.012727272727272698
2023-03-10,2685,2690,2590,2590,64378,-0.046040515653775316
2023-03-13,2530,2625,2495,2625,69539,0.013513513513513598
2023-03-14,2525,2575,2435,2450,74839,-0.06666666666666665
2023-03-15,2450,2555,2450,2510,51965,0.02448979591836742
2023-03-16,2510,2560,2415,2450,57669,-0.0239043824701195
2023-03-17,2475,2565,2460,2555,41709,0.04285714285714293
2023-03-20,2555,2640,2555,2640,54940,0.03326810176125239
2023-03-21,2625,2635,2545,2580,69214,-0.022727272727272707
2023-03-22,2685,2685,2560,2570,41813,-0.003875968992248069
2023-03-23,2570,2570,2475,2480,68213,-0.035019455252918275
2023-03-24,2480,2550,2465,2520,26133,0.016129032258064502
2023-03-27,2475,2535,2430,2490,85428,-0.011904761904761862
2023-03-28,2490,2545,2435,2535,51539,0.01807228915662651
2023-03-29,2505,2590,2470,2550,65661,0.00591715976331364
2023-03-30,2535,2580,2505,2540,44259,-0.0039215686274509665
2023-03-31,2515,2535,2440,2515,95168,-0.009842519685039353
2023-04-03,2525,2620,2510,2595,112468,0.031809145129224614
2023-04-04,2580,2620,2510,2550,51066,-0.017341040462427793
2023-04-05,2575,2600,2545,2565,41556,0.00588235294117645
2023-04-06,2560,2580,2500,2510,57427,-0.021442495126705707
2023-04-07,2510,2590,2485,2560,48801,0.019920318725099584
2023-04-10,2550,2575,2445,2455,109240,-0.041015625
2023-04-11,2430,2480,2420,2455,54589,0.0
2023-04-12,2455,2500,2440,2480,40220,0.010183299389002087
2023-04-13,2475,2510,2430,2510,27604,0.012096774193548487
2023-04-14,2525,2535,2495,2510,33455,0.0
2023-04-17,2510,2515,2450,2510,69440,0.0
2023-04-18,2520,2520,2465,2480,39619,-0.01195219123505975
2023-04-19,2475,2560,2475,2540,68926,0.024193548387096753
2023-04-20,2545,2560,2475,2525,69902,-0.0059055118110236116
2023-04-21,2500,2500,2425,2425,80882,-0.03960396039603964
2023-04-24,2400,2425,2365,2400,40325,-0.010309278350515427
2023-04-25,2370,2390,2355,2360,55556,-0.01666666666666672
2023-04-26,2335,2390,2305,2355,39599,-0.0021186440677966045
2023-04-27,2350,2350,2280,2300,53426,-0.023354564755838636
2023-04-28,2325,2370,2305,2345,38383,0.019565217391304346
2023-05-02,2355,2400,2335,2335,54032,-0.004264392324093813
2023-05-03,2335,2450,2335,2435,47317,0.04282655246252687
2023-05-04,2430,2455,2380,2455,68997,0.008213552361396204
2023-05-08,2455,2475,2435,2475,40092,0.008146639511201537
2023-05-09,2445,2470,2425,2430,23297,-0.018181818181818188
2023-05-10,2430,2445,2415,2445,13284,0.006172839506172867
2023-05-11,2425,2470,2400,2460,20023,0.006134969325153339
2023-05-12,2425,2450,2410,2420,14506,-0.016260162601625994
2023-05-15,2420,2420,2350,2380,46959,-0.016528925619834656
2023-05-16,2380,2470,2370,2435,140918,0.02310924369747891
2023-05-17,2460,2515,2435,2505,108882,0.028747433264887157
2023-05-18,2515,2540,2505,2530,61509,0.009980039920159722
2023-05-19,2610,2690,2530,2535,118669,0.0019762845849802257
2023-05-22,2535,2590,2535,2570,122280,0.013806706114398493
2023-05-23,2620,2620,2555,2555,75982,-0.005836575875486361
2023-05-24,2555,2555,2515,2540,36174,-0.005870841487279899
2023-05-25,2600,2670,2555,2610,259946,0.027559055118110187
2023-05-26,2600,2615,2540,2585,74924,-0.009578544061302652
2023-05-30,2620,2630,2540,2590,102432,0.0019342359767891004
2023-05-31,2590,2590,2550,2580,39521,-0.0038610038610038533
2023-06-01,2550,2580,2545,2570,57957,-0.003875968992248069
2023-06-02,2590,2610,2550,2550,68821,-0.0077821011673151474
2023-06-05,2555,2575,2530,2570,44029,0.007843137254901933
2023-06-07,2570,2605,2555,2590,52709,0.0077821011673151474
2023-06-08,2585,2600,2550,2580,55673,-0.0038610038610038533
2023-06-09,2565,2595,2545,2570,79171,-0.003875968992248069
2023-06-12,2595,2595,2550,2570,82972,0.0
2023-06-13,2575,2620,2575,2600,63734,0.011673151750972721
2023-06-14,2600,2600,2530,2550,63101,-0.019230769230769273
2023-06-15,2560,2595,2530,2555,102836,0.0019607843137254832
2023-06-16,2590,2845,2590,2695,2026216,0.0547945205479452
2023-06-19,2670,2700,2650,2670,199662,-0.00927643784786647
2023-06-20,2660,2680,2640,2660,102321,-0.0037453183520599342
2023-06-21,2680,2680,2625,2645,103497,-0.005639097744360888
2023-06-22,2625,2685,2625,2635,102778,-0.003780718336483968
2023-06-23,2700,2760,2655,2655,470792,0.007590132827324458
2023-06-26,2685,2725,2620,2705,99616,0.01883239171374762
2023-06-27,2705,2720,2665,2705,97213,0.0
2023-06-28,2705,2805,2690,2765,257242,0.022181146025878062
2023-06-29,2800,2820,2700,2710,219685,-0.019891500904159143
2023-06-30,2715,2755,2705,2720,79717,0.0036900369003689537
2023-07-03,2725,2770,2720,2725,95898,0.0018382352941177516
2023-07-04,2730,2765,2710,2725,62392,0.0
2023-07-05,2720,2740,2630,2665,90923,-0.022018348623853212
2023-07-06,2620,2660,2515,2530,180251,-0.05065666041275796
2023-07-07,2520,2545,2480,2525,61845,-0.0019762845849802257
2023-07-10,2475,2550,2465,2545,46120,0.007920792079207928
2023-07-11,2545,2550,2480,2510,58276,-0.013752455795677854
2023-07-12,2535,2545,2495,2520,41851,0.003984063745019917
2023-07-13,2520,2620,2515,2550,91378,0.011904761904761862
2023-07-14,2550,2570,2525,2570,55403,0.007843137254901933
2023-07-17,2570,2700,2540,2630,127988,0.023346303501945442
2023-07-18,2630,2650,2500,2545,77940,-0.03231939163498099
2023-07-19,2545,2555,2495,2510,28558,-0.013752455795677854
2023-07-20,2510,2530,2475,2515,52448,0.0019920318725099584
2023-07-21,2515,2525,2475,2490,32911,-0.00994035785288272
2023-07-24,2490,2490,2385,2415,84658,-0.030120481927710885
2023-07-25,2405,2415,2370,2390,52871,-0.010351966873705987
2023-07-26,2390,2390,2210,2230,190316,-0.06694560669456062
2023-07-27,2230,2375,2230,2360,48356,0.058295964125560484
2023-07-28,2360,2410,2350,2405,19631,0.019067796610169552
2023-07-31,2405,2445,2385,2385,31574,-0.008316008316008316
2023-08-01,2405,2470,2395,2435,29900,0.020964360587002018
2023-08-02,2435,2450,2360,2375,59718,-0.024640657084188944
2023-08-03,2390,2410,2310,2325,42898,-0.021052631578947323
2023-08-04,2340,2390,2335,2380,29987,0.023655913978494647
2023-08-07,2380,2390,2325,2370,24099,-0.004201680672268893
2023-08-08,2345,2380,2310,2310,56056,-0.025316455696202556
2023-08-09,2310,2365,2285,2365,30878,0.023809523809523725
2023-08-10,2365,2395,2340,2390,32716,0.010570824524312794
2023-08-11,2390,2405,2360,2370,31796,-0.008368200836820106
2023-08-14,2375,2440,2325,2400,60190,0.012658227848101333
2023-08-16,2380,2390,2300,2370,58153,-0.012499999999999956
2023-08-17,2370,2510,2345,2460,227413,0.03797468354430378
2023-08-18,2510,2510,2375,2410,81102,-0.020325203252032575
2023-08-21,2400,2410,2310,2390,87660,-0.008298755186721962
2023-08-22,2410,2415,2370,2410,42427,0.008368200836819994
2023-08-23,2395,2440,2365,2430,36695,0.008298755186721962
2023-08-24,2610,2610,2400,2435,230083,0.002057613168724215
2023-08-25,2435,2465,2390,2410,93054,-0.010266940451745366
2023-08-28,2415,2440,2385,2435,56295,0.010373443983402453
2023-08-29,2420,2455,2405,2445,59042,0.004106776180698102
2023-08-30,2450,2455,2405,2430,51149,-0.006134969325153339
2023-08-31,2435,2450,2415,2430,47721,0.0
2023-09-01,2430,2430,2380,2385,48782,-0.01851851851851849
2023-09-04,2385,2395,2345,2365,35734,-0.008385744234800874
2023-09-05,2365,2400,2355,2400,32420,0.014799154334038
2023-09-06,2405,2425,2400,2415,22276,0.006250000000000089
2023-09-07,2410,2410,2350,2380,25977,-0.01449275362318836
2023-09-08,2370,2370,2330,2340,29785,-0.01680672268907568
2023-09-11,2345,2395,2315,2395,41611,0.02350427350427342
2023-09-12,2380,2430,2380,2390,38917,-0.0020876826722338038
2023-09-13,2360,2385,2325,2335,47440,-0.023012552301255207
2023-09-14,2335,2390,2330,2390,31460,0.023554603854389677
2023-09-15,2395,2435,2390,2395,58852,0.0020920502092049986
2023-09-18,2405,2425,2380,2425,39170,0.012526096033402823
2023-09-19,2410,2425,2355,2385,29955,-0.016494845360824795
2023-09-20,2385,2385,2340,2375,41185,-0.004192872117400381
2023-09-21,2360,2365,2305,2350,37677,-0.010526315789473717
2023-09-22,2335,2340,2270,2340,48317,-0.004255319148936176
2023-09-25,2310,2315,2275,2305,36388,-0.014957264957264904
2023-09-26,2275,2290,2245,2290,62216,-0.006507592190889366
2023-09-27,2290,2325,2265,2315,38270,0.01091703056768556
2023-10-04,2315,2315,2260,2275,47601,-0.017278617710583144
2023-10-05,2275,2275,2230,2250,53530,-0.01098901098901095
2023-10-06,2165,2290,2160,2290,54986,0.01777777777777767
2023-10-10,2310,2310,2225,2265,49493,-0.01091703056768556
2023-10-11,2255,2300,2235,2295,52374,0.013245033112582849
2023-10-12,2305,2325,2285,2320,53820,0.01089324618736387
2023-10-13,2360,2400,2300,2370,158230,0.02155172413793105
2023-10-16,2345,2360,2305,2355,38152,-0.006329113924050667
2023-10-17,2330,2365,2310,2345,31411,-0.00424628450106157
2023-10-18,2345,2375,2325,2345,38703,0.0
2023-10-19,2340,2340,2260,2300,42618,-0.019189765458422214
2023-10-20,2280,2280,2215,2250,47219,-0.021739130434782594
2023-10-23,2240,2270,2215,2220,43746,-0.013333333333333308
2023-10-24,2220,2300,2120,2300,40718,0.03603603603603611
2023-10-25,2300,2320,2260,2315,25957,0.006521739130434856
2023-10-26,2270,2290,2205,2245,55105,-0.030237580993520474
2023-10-27,2225,2255,2205,2240,25490,-0.00222717149220486
2023-10-30,2235,2255,2200,2255,94011,0.006696428571428603
2023-10-31,2270,2270,2235,2270,60403,0.006651884700665134
2023-11-01,2260,2290,2250,2285,27257,0.0066079295154184425
2023-11-02,2335,2340,2280,2285,57957,0.0
2023-11-03,2300,2340,2285,2335,35214,0.02188183807439814
2023-11-06,2335,2340,2290,2320,67152,-0.0064239828693790635
2023-11-07,2345,2345,2285,2340,27389,0.008620689655172376
2023-11-08,2335,2335,2300,2300,20172,-0.017094017094017144
2023-11-09,2300,2315,2290,2310,9059,0.004347826086956497
2023-11-10,2285,2285,2265,2270,12892,-0.017316017316017285
2023-11-13,2265,2275,2245,2250,21588,-0.008810572687224627
2023-11-14,2225,2295,2225,2295,31677,0.020000000000000018
2023-11-15,2295,2330,2270,2305,58371,0.004357298474945592
2023-11-16,2320,2400,2305,2380,151352,0.03253796095444694
2023-11-17,2380,2385,2345,2365,30156,-0.006302521008403339
2023-11-20,2350,2385,2340,2375,27614,0.0042283298097252064
2023-11-21,2375,2430,2340,2395,46068,0.008421052631578885
2023-11-22,2395,2415,2350,2380,26049,-0.006263048016701411
2023-11-23,2405,2410,2360,2385,22507,0.0021008403361344463
2023-11-24,2385,2490,2350,2420,105506,0.01467505241090139
2023-11-27,2420,2440,2345,2375,86068,-0.018595041322314043
2023-11-28,2375,2395,2350,2375,38067,0.0
2023-11-29,2375,2385,2350,2385,27278,0.004210526315789442
2023-11-30,2375,2415,2300,2385,51435,0.0
2023-12-01,2375,2405,2370,2390,34147,0.002096436058700135
2023-12-04,2390,2415,2380,2410,69834,0.008368200836819994
2023-12-05,2405,2410,2355,2385,88874,-0.010373443983402453
2023-12-06,2385,2420,2370,2420,36934,0.01467505241090139
2023-12-07,2410,2415,2350,2415,78797,-0.0020661157024793875
2023-12-08,2440,2440,2395,2415,68868,0.0
2023-12-11,2420,2440,2400,2425,44985,0.0041407867494824835
2023-12-12,2430,2510,2430,2480,58884,0.02268041237113394
2023-12-13,2475,2490,2405,2470,33566,-0.0040322580645161255
2023-12-14,2450,2485,2445,2470,28093,0.0
2023-12-15,2460,2500,2445,2450,26681,-0.0080971659919028
2023-12-18,2455,2470,2430,2445,27143,-0.0020408163265306367
2023-12-19,2445,2450,2420,2440,49331,-0.002044989775051076
2023-12-20,2440,2480,2435,2465,45252,0.010245901639344357
2023-12-21,2475,2475,2445,2450,18742,-0.006085192697768749
2023-12-22,2450,2475,2425,2475,37811,0.010204081632652962
2023-12-26,2450,2485,2440,2470,77864,-0.002020202020202033
2023-12-27,2430,2450,2395,2400,33615,-0.028340080971659964
2023-12-28,2400,2425,2380,2395,29893,-0.002083333333333326
2024-01-02,2395,2400,2370,2390,76875,-0.0020876826722338038
2024-01-03,2400,2420,2380,2400,44059,0.004184100418409997
2024-01-04,2400,2410,2360,2365,43740,-0.014583333333333282
2024-01-05,2350,2395,2350,2385,27364,0.008456659619450413
2024-01-08,2385,2395,2360,2375,18780,-0.004192872117400381
2024-01-09,2375,2420,2375,2420,61840,0.0189473684210526
2024-01-10,2405,2425,2375,2375,33549,-0.018595041322314043
2024-01-11,2370,2400,2365,2400,32243,0.010526315789473717
2024-01-12,2415,2415,2285,2345,70480,-0.022916666666666696
2024-01-15,2340,2350,2310,2345,38713,0.0
2024-01-16,2335,2355,2310,2330,57298,-0.006396588486140775
2024-01-17,2330,2335,2285,2300,78152,-0.012875536480686733
2024-01-18,2495,2570,2315,2345,931158,0.019565217391304346
2024-01-19,2345,2380,2315,2360,174140,0.006396588486140775
2024-01-22,2360,2415,2360,2395,79231,0.014830508474576343
2024-01-23,2465,2740,2445,2560,1500405,0.06889352818371597
2024-01-24,2535,2560,2470,2555,215874,-0.001953125
2024-01-25,2530,2530,2470,2485,111520,-0.0273972602739726
2024-01-26,2450,2530,2450,2495,113326,0.004024144869215318
2024-01-29,2495,2560,2455,2460,118398,-0.014028056112224463
2024-01-30,2480,2505,2415,2420,85012,-0.016260162601625994
2024-01-31,2425,2495,2420,2450,85922,0.012396694214876103
2024-02-01,2425,2480,2410,2480,82881,0.012244897959183598
2024-02-02,2480,2490,2445,2465,52164,-0.006048387096774244
2024-02-05,2450,2525,2430,2515,85813,0.020283975659229236
2024-02-06,2510,2525,2455,2470,64546,-0.017892644135188873
2024-02-07,2475,2500,2440,2465,39286,-0.002024291497975672
2024-02-08,2465,2490,2405,2430,127481,-0.014198782961460488
2024-02-13,2430,2485,2430,2485,61562,0.02263374485596703
2024-02-14,2480,2515,2470,2515,44771,0.012072434607645954
2024-02-15,2490,2550,2490,2535,71340,0.007952286282306265
2024-02-16,2525,2615,2510,2590,252968,0.021696252465483346
2024-02-19,2590,2610,2560,2605,68116,0.005791505791505891
2024-02-20,2590,2605,2530,2555,54720,-0.019193857965451033
2024-02-21,2545,2550,2510,2550,58921,-0.00195694716242667
2024-02-22,2540,2550,2515,2540,23228,-0.0039215686274509665
2024-02-23,2535,2535,2485,2520,34490,-0.007874015748031482
2024-02-26,2520,2520,2470,2470,47206,-0.019841269841269882
2024-02-27,2470,2490,2415,2475,49386,0.002024291497975783
2024-02-28,2450,2500,2440,2485,27740,0.004040404040404066
2024-02-29,2485,2505,2435,2480,50938,-0.002012072434607659
2024-03-04,2460,2490,2410,2490,86961,0.0040322580645162365
2024-03-05,2490,2490,2440,2470,28302,-0.008032128514056214
2024-03-06,2445,2520,2425,2500,49400,0.012145748987854255
2024-03-07,2500,2515,2465,2470,50158,-0.01200000000000001
2024-03-08,2455,2500,2440,2500,44989,0.012145748987854255
2024-03-11,2560,2590,2495,2540,112421,0.016000000000000014
2024-03-12,2540,2580,2470,2500,83320,-0.015748031496062964
2024-03-13,2490,2520,2465,2510,92327,0.0040000000000000036
2024-03-14,2495,2510,2330,2460,195266,-0.019920318725099584
2024-03-15,2460,2460,2380,2400,67188,-0.024390243902439046
2024-03-18,2390,2420,2355,2365,62260,-0.014583333333333282
2024-03-19,2370,2400,2355,2355,31704,-0.0042283298097252064
2024-03-20,2340,2395,2325,2350,54572,-0.002123142250530785
2024-03-21,2365,2420,2365,2420,25083,0.029787234042553123
2024-03-22,2435,2440,2385,2405,32578,-0.006198347107438051
2024-03-25,2405,2445,2385,2405,31377,0.0
2024-03-26,2405,2435,2385,2420,28299,0.006237006237006293
2024-03-27,2400,2420,2375,2400,36489,-0.008264462809917328
2024-03-28,2400,2400,2350,2350,35509,-0.02083333333333337
2024-03-29,2350,2390,2350,2355,45812,0.0021276595744681437
2024-04-01,2355,2415,2350,2400,61488,0.019108280254777066
2024-04-02,2400,2410,2315,2345,109823,-0.022916666666666696
2024-04-03,2350,2370,2305,2350,66131,0.002132196162046851
2024-04-04,2330,2355,2315,2325,56107,-0.010638297872340385
2024-04-05,2315,2330,2295,2330,50282,0.0021505376344086446
2024-04-08,2305,2335,2280,2290,68328,-0.01716738197424894
2024-04-09,2265,2320,2265,2315,44346,0.01091703056768556
2024-04-11,2285,2305,2265,2280,59349,-0.015118790496760237
2024-04-12,2290,2290,2260,2290,33233,0.004385964912280604
2024-04-15,2290,2290,2225,2270,44431,-0.008733624454148492
2024-04-16,2250,2250,2195,2205,70965,-0.028634361233480177
2024-04-17,2205,2240,2205,2205,22450,0.0
2024-04-18,2205,2240,2205,2235,17250,0.013605442176870763
2024-04-19,2235,2235,2165,2230,48739,-0.0022371364653244186
2024-04-22,2220,2265,2200,2250,35840,0.008968609865470878
2024-04-23,2235,2260,2225,2255,259771,0.0022222222222221255
2024-04-24,2265,2320,2245,2320,34906,0.02882483370288247
2024-04-25,2320,2320,2255,2270,59099,-0.02155172413793105
2024-04-26,2270,2275,2240,2275,33400,0.0022026431718060735
2024-04-29,2275,2275,2255,2255,14310,-0.00879120879120876
2024-04-30,2245,2260,2245,2250,30152,-0.0022172949002217113
2024-05-02,2255,2270,2245,2260,58969,0.004444444444444473
2024-05-03,2260,2280,2250,2255,32846,-0.0022123893805309214
2024-05-07,2285,2285,2245,2265,39838,0.0044345898004434225
2024-05-08,2265,2310,2245,2295,27418,0.013245033112582849
2024-05-09,2300,2330,2275,2310,23485,0.006535947712418277
2024-05-10,2310,2320,2265,2315,26417,0.0021645021645022577
2024-05-13,2295,2340,2270,2315,17933,0.0
2024-05-14,2315,2350,2295,2340,37559,0.010799136069114423
2024-05-16,2355,2365,2320,2335,42628,-0.002136752136752129
2024-05-17,2300,2345,2295,2335,50102,0.0
2024-05-20,2300,2325,2300,2315,21331,-0.008565310492505307
2024-05-21,2295,2360,2290,2345,66073,0.012958963282937441
2024-05-22,2335,2335,2295,2335,26732,-0.004264392324093813
2024-05-23,2325,2390,2300,2385,64278,0.021413276231263323
2024-05-24,2370,2400,2355,2400,55420,0.0062893081761006275
2024-05-27,2385,2405,2340,2400,58970,0.0
2024-05-28,2400,2400,2360,2370,36041,-0.012499999999999956
2024-05-29,2370,2370,2305,2315,48044,-0.02320675105485237
2024-05-30,2295,2310,2275,2275,32122,-0.017278617710583144
2024-05-31,2270,2280,2250,2280,22832,0.00219780219780219
2024-06-03,2265,2295,2265,2295,28798,0.006578947368421018
2024-06-04,2295,2335,2295,2320,24241,0.01089324618736387
2024-06-05,2325,2330,2300,2320,8797,0.0
2024-06-07,2305,2315,2285,2295,20339,-0.010775862068965525
2024-06-10,2295,2295,2255,2285,16317,-0.004357298474945481
2024-06-11,2285,2300,2275,2290,20607,0.002188183807439792
2024-06-12,2300,2310,2275,2300,31087,0.004366812227074135
2024-06-13,2300,2320,2300,2320,14712,0.008695652173912993
2024-06-14,2320,2325,2280,2280,27147,-0.017241379310344862
2024-06-17,2280,2305,2265,2275,14535,-0.002192982456140302
2024-06-18,2260,2285,2235,2255,27508,-0.00879120879120876
2024-06-19,2255,2270,2240,2260,18140,0.0022172949002217113
2024-06-20,2260,2275,2245,2265,27460,0.0022123893805310324
2024-06-21,2245,2265,2235,2245,37034,-0.008830022075055233
2024-06-24,2260,2260,2225,2235,24542,-0.0044543429844098315
2024-06-25,2245,2265,2230,2255,16181,0.008948545861297452
2024-06-26,2255,2255,2230,2230,4783,-0.011086474501108667
2024-06-27,2230,2265,2230,2235,27161,0.0022421524663676085
2024-06-28,2235,2270,2235,2265,20788,0.01342281879194629
2024-07-01,2270,2270,2235,2235,35145,-0.013245033112582738
2024-07-02,2225,2245,2220,2220,30673,-0.006711409395973145
2024-07-03,2210,2235,2200,2215,36598,-0.0022522522522522292
2024-07-04,2215,2235,2205,2205,34004,-0.004514672686230292
2024-07-05,2205,2230,2180,2230,14258,0.01133786848072571
2024-07-08,2230,2260,2230,2255,25389,0.011210762331838486
2024-07-09,2255,2260,2220,2235,9815,-0.008869179600886956
2024-07-10,2235,2250,2235,2250,9914,0.006711409395973256
2024-07-11,2235,2255,2200,2250,93304,0.0
2024-07-12,2250,2250,2200,2240,44714,-0.004444444444444473
2024-07-15,2240,2240,2210,2235,17185,-0.0022321428571429047
2024-07-16,2225,2235,2210,2230,5257,-0.0022371364653244186
2024-07-17,2215,2225,2205,2220,18224,-0.004484304932735439
2024-07-18,2215,2220,2190,2220,25415,0.0
2024-07-19,2205,2215,2190,2215,15010,-0.0022522522522522292
2024-07-22,2195,2215,2190,2190,18281,-0.011286681715575675
2024-07-23,2175,2205,2160,2205,38654,0.006849315068493178
2024-07-24,2185,2210,2180,2200,11493,-0.0022675736961451642
2024-07-25,2190,2195,2160,2195,18624,-0.002272727272727315
2024-07-26,2175,2200,2165,2180,20186,-0.006833712984054663
2024-07-29,2180,2190,2165,2180,12559,0.0
2024-07-30,2180,2200,2135,2165,51510,-0.006880733944954143
2024-07-31,2190,2215,2150,2195,31713,0.01385681293302543
2024-08-01,2190,2210,2165,2185,26903,-0.004555808656036442
2024-08-02,2185,2185,2130,2150,20496,-0.016018306636155555
2024-08-05,2125,2125,1864,1870,131391,-0.13023255813953494
2024-08-06,1870,2050,1867,1962,77969,0.04919786096256695
2024-08-07,1963,2025,1962,2025,46336,0.032110091743119185
2024-08-08,1970,1994,1964,1992,20275,-0.016296296296296253
2024-08-09,1992,2035,1992,2035,16110,0.02158634538152615
2024-08-12,2035,2055,2015,2030,13061,-0.002457002457002422
2024-08-13,2030,2050,2015,2045,5868,0.00738916256157629
2024-08-14,2050,2095,2030,2050,6687,0.0024449877750611915
2024-08-16,2040,2145,2030,2090,26340,0.019512195121951237
2024-08-19,2100,2150,2030,2075,35072,-0.0071770334928229484
2024-08-20,2090,2100,2055,2100,18759,0.012048192771084265
2024-08-21,2110,2115,2070,2105,9294,0.0023809523809523725
2024-08-22,2090,2110,2065,2100,11300,-0.002375296912114022
2024-08-23,2080,2085,2050,2055,10438,-0.021428571428571463
2024-08-26,2060,2060,2010,2050,5947,-0.0024330900243308973
2024-08-27,2050,2445,2045,2425,4487756,0.18292682926829262
2024-08-28,2385,3150,2250,3150,25614044,0.2989690721649485
2024-08-29,3350,3750,3030,3225,26002437,0.023809523809523725
2024-08-30,3300,3720,3215,3255,9059357,0.009302325581395321
2024-09-02,3300,3525,3300,3445,1255316,0.05837173579109067
2024-09-03,3560,3560,3350,3535,849735,0.026124818577648812
2024-09-04,3535,3585,3380,3380,1076534,-0.04384724186704381
2024-09-05,3610,3820,3015,3105,10653386,-0.08136094674556216
2024-09-06,3140,3150,2580,2710,2550663,-0.12721417069243157
2024-09-09,2600,2700,2410,2470,2328510,-0.08856088560885611
2024-09-10,2500,2515,2345,2345,1327167,-0.05060728744939269
2024-09-11,2325,2425,2290,2355,969530,0.004264392324093924
2024-09-12,2380,2425,2345,2405,679287,0.02123142250530785
2024-09-13,2495,2570,2280,2285,2093690,-0.0498960498960499
2024-09-19,2300,2620,2230,2285,6674631,0.0
2024-09-20,2355,2380,2180,2185,1460914,-0.043763676148796504
2024-09-23,2235,2250,2175,2195,613241,0.004576659038901587
2024-09-24,2350,2475,2220,2260,1764171,0.029612756264236983
2024-09-25,2260,2435,2235,2255,2196098,-0.0022123893805309214
2024-09-26,2245,2330,2215,2300,436557,0.019955654101995624
2024-09-27,2260,2305,2215,2230,351724,-0.0304347826086957
2024-09-30,2220,2245,2170,2200,288925,-0.013452914798206317
2024-10-02,2155,2185,2115,2160,210344,-0.018181818181818188
2024-10-04,2160,2180,2130,2175,126111,0.00694444444444442
2024-10-07,2175,2205,2075,2090,471919,-0.039080459770114984
2024-10-08,2085,2120,2070,2105,200372,0.0071770334928229484
2024-10-10,2125,2150,2075,2110,165112,0.002375296912114022
2024-10-11,2110,2115,2085,2095,83788,-0.007109004739336511
2024-10-14,2095,2105,2035,2090,218485,-0.0023866348448687846
2024-10-15,2080,2130,2080,2120,132673,0.014354066985645897
2024-10-16,2120,2130,2080,2120,120875,0.0
2024-10-17,2120,2130,2080,2090,129015,-0.014150943396226467
2024-10-18,2075,2115,2060,2060,115371,-0.014354066985645897
2024-10-21,2075,2095,2055,2075,75578,0.00728155339805836
2024-10-22,2095,2095,2005,2010,191426,-0.031325301204819245
2024-10-23,2020,2070,2000,2040,96981,0.014925373134328401
2024-10-24,2030,2030,1995,1997,95115,-0.021078431372549056
2024-10-25,2000,2020,1980,1998,108389,0.0005007511266901243
2024-10-28,1991,2035,1991,2020,38784,0.011011011011011096
2024-10-29,2020,2075,1999,2025,39973,0.0024752475247524774
2024-10-30,2030,2045,1997,2010,65851,-0.007407407407407418
2024-10-31,1992,2105,1988,2085,160267,0.03731343283582089
2024-11-01,2040,2105,2040,2060,62854,-0.011990407673860948
2024-11-04,2050,2100,2050,2075,40699,0.00728155339805836
2024-11-05,2065,2110,2065,2075,36056,0.0
2024-11-06,2075,2115,2045,2090,82692,0.0072289156626506035
2024-11-07,2085,2100,2015,2075,95167,-0.0071770334928229484
2024-11-08,2085,2135,2085,2105,85646,0.014457831325301207
2024-11-11,2120,2120,1990,2035,93768,-0.0332541567695962
2024-11-12,2010,2060,1980,2005,136872,-0.014742014742014753
2024-11-13,2005,2020,1912,1912,176096,-0.04638403990024942
2024-11-14,1912,2010,1912,1983,85751,0.03713389121338917
2024-11-15,1998,2000,1876,1995,287759,0.00605143721633894
2024-11-18,2025,2040,2005,2010,102629,0.007518796992481258
2024-11-19,2030,2035,1995,1996,38589,-0.006965174129353269
2024-11-20,2015,2035,1994,1996,45999,0.0
2024-11-21,2000,2010,1983,1993,41728,-0.0015030060120240218
2024-11-22,1979,2020,1977,1993,47973,0.0
2024-11-25,1982,2060,1979,2060,97703,0.03361766181635728
2024-11-26,2035,2060,2030,2050,40108,-0.004854368932038833
2024-11-27,2060,2070,2010,2015,86964,-0.017073170731707332
2024-11-28,2025,2095,2025,2080,81028,0.032258064516129004
2024-11-29,2095,2095,2025,2030,58762,-0.024038461538461564
2024-12-02,2025,2050,2005,2025,70578,-0.0024630541871921707
2024-12-03,2045,2070,2010,2025,79559,0.0
2024-12-04,2070,2230,1997,2230,949245,0.10123456790123453
2024-12-05,2140,2155,2060,2070,350767,-0.0717488789237668
2024-12-06,2050,2335,2005,2170,2211539,0.048309178743961345
2024-12-09,2105,2700,2070,2570,4493303,0.18433179723502313
2024-12-10,2450,2950,2350,2630,3400431,0.023346303501945442
2024-12-11,2800,3050,2690,3000,4803578,0.14068441064638781
2024-12-12,3255,3270,2695,2715,2379292,-0.09499999999999997
2024-12-13,2815,3095,2650,2920,2869032,0.07550644567219145
2024-12-16,2920,3035,2680,2705,939675,-0.07363013698630139
2024-12-17,2675,2680,2515,2570,557766,-0.049907578558225474
2024-12-18,2520,2590,2445,2520,435351,-0.01945525291828798
2024-12-19,2480,2480,2375,2400,355322,-0.04761904761904767
2024-12-20,2400,2450,2310,2360,443434,-0.01666666666666672
2024-12-23,2360,2420,2325,2365,222309,0.0021186440677967155
2024-12-24,2390,2450,2340,2430,260364,0.02748414376321362
2024-12-26,2470,2585,2435,2530,430855,0.04115226337448563
2024-12-27,2445,2510,2360,2360,248271,-0.06719367588932801
2024-12-30,2310,2440,2280,2425,154955,0.02754237288135597
2025-01-02,2450,2570,2400,2565,299120,0.057731958762886615
2025-01-03,2565,2565,2445,2500,245964,-0.025341130604288553
2025-01-06,2480,2570,2440,2555,236605,0.02200000000000002
2025-01-07,2555,2570,2515,2535,179417,-0.007827788649706457
2025-01-08,2530,2575,2505,2520,109382,-0.00591715976331364
2025-01-09,2535,2535,2420,2480,95116,-0.015873015873015928
2025-01-10,2455,2500,2455,2495,70390,0.006048387096774244
2025-01-13,2490,2510,2425,2425,61898,-0.028056112224448926
2025-01-14,2450,2465,2345,2415,142329,-0.004123711340206171
2025-01-15,2435,2460,2335,2335,109610,-0.0331262939958592
2025-01-16,2340,2440,2340,2440,83778,0.044967880085653
2025-01-17,2440,2530,2365,2420,190735,-0.008196721311475419
2025-01-20,2420,2450,2380,2395,79815,-0.010330578512396715
2025-01-21,2395,2450,2370,2370,78408,-0.01043841336116913
2025-01-22,2400,2465,2360,2425,93638,0.02320675105485237
2025-01-23,2405,2445,2375,2420,62969,-0.0020618556701030855
2025-01-24,2420,2520,2390,2510,166803,0.037190082644628086
2025-01-31,2560,2570,2420,2460,158865,-0.019920318725099584
2025-02-03,2430,2455,2380,2435,60804,-0.010162601626016232
