Date,Open,High,Low,Close,Volume,Change
2022-04-28,41600,45500,41000,43450,184729,
2022-04-29,43750,45250,43600,44850,33628,0.03222094361334871
2022-05-02,44800,44800,43750,44300,17659,-0.012263099219620988
2022-05-03,43500,43650,42250,42300,27285,-0.04514672686230248
2022-05-04,42600,43100,42250,42800,9533,0.011820330969267046
2022-05-06,43050,43050,41200,42100,8886,-0.016355140186915862
2022-05-09,41800,41800,40650,41000,11832,-0.026128266033254133
2022-05-10,40650,41450,39850,41000,6816,0.0
2022-05-11,40400,41000,40000,41000,4831,0.0
2022-05-12,41000,41100,40200,40300,7641,-0.017073170731707332
2022-05-13,39900,41250,39900,40700,2478,0.00992555831265518
2022-05-16,40700,41000,40200,40200,2428,-0.012285012285012331
2022-05-17,40200,41000,39950,40200,2929,0.0
2022-05-18,41000,41000,39450,39650,8399,-0.013681592039801016
2022-05-19,39000,40200,38100,38450,8710,-0.030264817150063017
2022-05-20,39750,39750,37800,38200,12130,-0.006501950585175553
2022-05-23,38200,38200,37750,38000,2711,-0.005235602094240788
2022-05-24,38900,38900,38200,38350,5313,0.009210526315789558
2022-05-25,38400,39500,38050,39300,9126,0.024771838331160367
2022-05-26,38800,39850,38800,39100,1654,-0.0050890585241730735
2022-05-27,39800,40000,39100,39500,3265,0.010230179028132946
2022-05-30,39600,40050,39600,40000,1970,0.012658227848101333
2022-05-31,40000,40550,39700,40200,6343,0.004999999999999893
2022-06-02,40200,40300,39050,39150,3359,-0.026119402985074647
2022-06-03,39250,39450,38800,39300,3314,0.003831417624521105
2022-06-07,39300,39300,38000,38400,3067,-0.022900763358778664
2022-06-08,38350,39900,38200,38350,1893,-0.0013020833333333703
2022-06-09,38350,38600,37950,38250,2223,-0.0026075619295958807
2022-06-10,38150,39000,38100,38650,2357,0.010457516339869244
2022-06-13,37700,39200,36900,37300,5133,-0.03492884864165591
2022-06-14,36400,37250,36000,37000,4929,-0.008042895442359255
2022-06-15,37800,37800,35800,36250,4525,-0.020270270270270285
2022-06-16,37850,37850,36000,36000,3082,-0.006896551724137945
2022-06-17,34450,36000,34450,35850,4844,-0.004166666666666652
2022-06-20,35900,35900,33950,34850,4746,-0.02789400278940024
2022-06-21,35000,35450,34250,34850,4038,0.0
2022-06-22,34850,34850,33600,33650,4145,-0.03443328550932567
2022-06-23,33650,33650,32400,32900,3635,-0.022288261515601815
2022-06-24,33250,35000,32900,34200,1966,0.03951367781155013
2022-06-27,34900,35500,33500,34900,3053,0.020467836257309857
2022-06-28,35300,35350,34400,34900,1792,0.0
2022-06-29,34900,35150,34000,34850,2115,-0.0014326647564469885
2022-06-30,34850,35750,34600,35150,7829,0.008608321377331363
2022-07-01,35150,36900,34600,35400,5750,0.007112375533428139
2022-07-04,35400,35400,33750,34250,2005,-0.03248587570621464
2022-07-05,33900,34850,33900,34250,3101,0.0
2022-07-06,34900,34900,33750,33750,1203,-0.014598540145985384
2022-07-07,33750,34300,33750,34150,2136,0.01185185185185178
2022-07-08,34500,34500,34050,34250,2450,0.002928257686676483
2022-07-11,34300,34450,33800,34200,1042,-0.0014598540145985828
2022-07-12,33800,34450,33250,33600,1194,-0.01754385964912286
2022-07-13,33550,33900,33200,33500,1309,-0.0029761904761904656
2022-07-14,33500,33850,33250,33300,942,-0.005970149253731294
2022-07-15,34900,34950,33050,33250,1021,-0.0015015015015015232
2022-07-18,33400,34000,31750,33600,1559,0.010526315789473717
2022-07-19,33600,34050,32550,33800,986,0.005952380952380931
2022-07-20,34150,34200,33550,34000,2465,0.00591715976331364
2022-07-21,34450,34450,33750,34200,1163,0.00588235294117645
2022-07-22,34000,34300,33950,34000,637,-0.005847953216374324
2022-07-25,33650,34150,33650,33750,1026,-0.007352941176470562
2022-07-26,33750,34000,33600,33900,812,0.004444444444444473
2022-07-27,33550,34000,33500,34000,769,0.002949852507374562
2022-07-28,34200,34300,33300,33700,2493,-0.008823529411764675
2022-07-29,33900,33950,33700,33900,2073,0.005934718100890191
2022-08-01,33000,34000,33000,33750,1307,-0.004424778761061954
2022-08-02,34400,34400,33700,33900,1152,0.004444444444444473
2022-08-03,33850,33950,33750,33900,1422,0.0
2022-08-04,34400,34400,33750,33900,2620,0.0
2022-08-05,34000,34700,33850,34000,11530,0.002949852507374562
2022-08-08,34000,34550,33850,34400,2336,0.0117647058823529
2022-08-09,34400,34600,32900,34400,2435,0.0
2022-08-10,34700,35000,34600,34700,4414,0.008720930232558155
2022-08-11,35050,35050,34850,34850,1696,0.004322766570605152
2022-08-12,34850,35900,34850,35700,3009,0.024390243902439046
2022-08-16,35750,35850,35400,35400,1315,-0.008403361344537785
2022-08-17,35200,35400,35000,35000,2361,-0.011299435028248594
2022-08-18,34750,34900,34500,34800,1338,-0.005714285714285672
2022-08-19,35000,35600,34000,34800,1173,0.0
2022-08-22,34000,34400,34000,34000,1282,-0.02298850574712641
2022-08-23,33600,33950,33300,33700,1376,-0.008823529411764675
2022-08-24,33900,33950,33550,33950,1179,0.007418397626112849
2022-08-25,33950,34050,33850,33850,1141,-0.002945508100147265
2022-08-26,33850,34400,33800,33950,1101,0.002954209748892156
2022-08-29,33750,33750,32950,33100,1223,-0.025036818851251863
2022-08-30,32650,33950,32650,33300,883,0.0060422960725075026
2022-08-31,33300,34000,33300,33850,563,0.016516516516516422
2022-09-01,33850,34150,33000,34100,1450,0.007385524372230501
2022-09-02,34300,34800,34100,34400,2213,0.008797653958944274
2022-09-05,35050,35050,33950,34450,588,0.0014534883720929148
2022-09-06,34650,34650,34000,34350,652,-0.002902757619738794
2022-09-07,34150,35150,33350,33950,594,-0.011644832605531286
2022-09-08,34500,34500,33650,34000,555,0.0014727540500736325
2022-09-13,34450,34450,33950,34050,992,0.0014705882352941124
2022-09-14,33850,33950,32500,33750,646,-0.008810572687224627
2022-09-15,33800,34100,33600,33700,563,-0.001481481481481528
2022-09-16,33050,33650,33000,33050,1141,-0.01928783382789323
2022-09-19,33100,33100,32500,32500,915,-0.016641452344931973
2022-09-20,32650,33500,32500,33100,1840,0.01846153846153853
2022-09-21,32950,33450,32800,33200,1220,0.0030211480362538623
2022-09-22,32300,32900,31950,32350,1799,-0.025602409638554202
2022-09-23,32350,32400,31100,31100,1589,-0.03863987635239563
2022-09-26,30900,30900,29300,29700,2876,-0.045016077170418
2022-09-27,29450,29700,28750,29450,2978,-0.008417508417508435
2022-09-28,29600,29600,28500,28600,1989,-0.028862478777589184
2022-09-29,28750,30350,28600,28600,1294,0.0
2022-09-30,28000,28400,27450,27700,3927,-0.03146853146853146
2022-10-04,27600,28500,27600,28450,3561,0.02707581227436817
2022-10-05,28450,28450,27700,27800,3336,-0.02284710017574687
2022-10-06,27650,28500,27350,28400,3020,0.021582733812949728
2022-10-07,28500,28500,27750,28450,672,0.0017605633802817433
2022-10-11,27400,27950,27000,27450,1573,-0.03514938488576447
2022-10-12,27450,27600,26950,27600,2364,0.005464480874316946
2022-10-13,27600,27600,26350,26350,2182,-0.04528985507246375
2022-10-14,26350,27350,26350,27150,4333,0.030360531309297834
2022-10-17,26650,27400,26650,26850,390,-0.011049723756906049
2022-10-18,26950,28500,26900,28350,3849,0.05586592178770955
2022-10-19,27850,28500,27450,27450,3777,-0.031746031746031744
2022-10-20,27450,27800,26500,27800,1616,0.012750455373406133
2022-10-21,26750,27700,26600,27250,1015,-0.01978417266187049
2022-10-24,27350,28300,27350,27750,2867,0.0183486238532109
2022-10-25,27800,27800,27250,27700,1700,-0.0018018018018017834
2022-10-26,27100,27400,26750,26950,1712,-0.027075812274368283
2022-10-27,26500,28500,26500,27500,2161,0.020408163265306145
2022-10-28,27500,27900,27200,27500,1246,0.0
2022-10-31,27300,27900,27050,27150,2166,-0.012727272727272698
2022-11-01,27150,27550,26700,27350,1480,0.007366482504604033
2022-11-02,27150,27600,27150,27500,865,0.005484460694698434
2022-11-03,27050,27500,27000,27400,1504,-0.0036363636363636598
2022-11-04,27500,27500,27050,27400,1127,0.0
2022-11-07,27500,28300,27400,28250,2056,0.031021897810219023
2022-11-08,27750,28550,27750,28250,2565,0.0
2022-11-09,28450,28450,27750,28250,1756,0.0
2022-11-10,27800,28350,27650,28000,1060,-0.008849557522123908
2022-11-11,28500,28850,28350,28800,3940,0.02857142857142847
2022-11-14,28800,29150,28500,28700,941,-0.00347222222222221
2022-11-15,29000,29250,28600,29250,1511,0.019163763066202044
2022-11-16,28950,29350,28950,29250,2390,0.0
2022-11-17,29300,29450,28750,28850,1726,-0.013675213675213627
2022-11-18,29000,29550,28850,29150,4007,0.010398613518197486
2022-11-21,28800,29150,28750,28900,609,-0.00857632933104635
2022-11-22,28900,29650,28700,29500,5587,0.02076124567474058
2022-11-23,29750,29750,28900,29450,2143,-0.0016949152542372614
2022-11-24,29250,29450,29150,29450,2132,0.0
2022-11-25,29000,29650,29000,29250,2222,-0.006791171477079749
2022-11-28,28950,29300,28650,28950,2015,-0.01025641025641022
2022-11-29,28950,29000,28550,28850,2971,-0.003454231433506094
2022-11-30,28850,29600,28850,29450,2617,0.020797227036395194
2022-12-01,29700,30200,29550,29750,3639,0.01018675721561979
2022-12-02,29300,29950,29300,29650,1788,-0.003361344537815114
2022-12-05,29700,29850,29300,29550,1603,-0.003372681281618939
2022-12-06,29650,29650,29150,29150,693,-0.013536379018612488
2022-12-07,28850,29000,28450,28700,721,-0.015437392795883409
2022-12-08,28700,28700,28350,28350,1153,-0.012195121951219523
2022-12-09,28350,28700,28350,28500,1947,0.005291005291005346
2022-12-12,28000,28450,27700,28150,3080,-0.012280701754386003
2022-12-13,27850,28150,27750,27900,1472,-0.008880994671403242
2022-12-14,28000,28000,27800,27950,945,0.0017921146953405742
2022-12-15,27650,27950,27650,27900,1172,-0.0017889087656529634
2022-12-16,27900,27900,27350,27500,2664,-0.014336917562724039
2022-12-19,27300,27400,27100,27400,3677,-0.0036363636363636598
2022-12-20,27100,27300,27100,27250,1273,-0.005474452554744547
2022-12-21,27300,27300,27000,27200,645,-0.0018348623853210455
2022-12-22,27350,27500,27200,27500,360,0.011029411764705843
2022-12-23,26750,27450,26750,27100,1810,-0.014545454545454528
2022-12-26,27250,27250,26850,27100,944,0.0
2022-12-27,27200,27800,26950,27550,1415,0.016605166051660625
2022-12-28,26300,27000,26300,26650,2764,-0.03266787658802173
2022-12-29,26650,26650,24450,25700,2677,-0.03564727954971858
2023-01-02,26000,26000,24450,24500,4975,-0.046692607003890996
2023-01-03,24700,24900,22950,24100,5018,-0.01632653061224487
2023-01-04,24200,25300,23550,24700,3200,0.024896265560165887
2023-01-05,24500,24800,24500,24800,1356,0.004048582995951344
2023-01-06,25000,26150,24800,26100,1556,0.05241935483870974
2023-01-09,26350,26450,25750,26400,1936,0.011494252873563315
2023-01-10,26500,26700,25700,26400,1122,0.0
2023-01-11,26300,26300,25650,25850,1757,-0.02083333333333337
2023-01-12,26000,26000,25500,25850,513,0.0
2023-01-13,25550,26450,25550,25750,1797,-0.003868471953578312
2023-01-16,25750,25850,25300,25750,947,0.0
2023-01-17,25450,26200,25350,26100,3579,0.013592233009708687
2023-01-18,25700,26250,25700,26050,686,-0.0019157088122605526
2023-01-19,25850,26650,25800,26200,769,0.0057581573896352545
2023-01-20,25850,27300,25550,27250,3945,0.040076335877862634
2023-01-25,27450,27450,26750,26900,1470,-0.012844036697247652
2023-01-26,27000,27000,26750,27000,839,0.0037174721189590088
2023-01-27,26650,27150,26650,27150,1518,0.005555555555555536
2023-01-30,26700,27200,26550,26700,1797,-0.016574585635359074
2023-01-31,26400,27050,26350,26900,1592,0.0074906367041198685
2023-02-01,26900,27000,26300,26800,2171,-0.0037174721189591198
2023-02-02,26850,27000,26650,26800,938,0.0
2023-02-03,26800,27000,26500,26800,889,0.0
2023-02-06,26800,26800,25900,26100,1882,-0.026119402985074647
2023-02-07,26100,26100,25600,25650,1837,-0.017241379310344862
2023-02-08,25500,26100,25450,25900,2039,0.00974658869395717
2023-02-09,25950,25950,25450,25500,1873,-0.015444015444015413
2023-02-10,25550,25800,25400,25500,1461,0.0
2023-02-13,25500,25700,25250,25400,1258,-0.0039215686274509665
2023-02-14,25450,25650,25200,25500,1643,0.003937007874015741
2023-02-15,25600,25600,24950,25000,2033,-0.019607843137254943
2023-02-16,24850,25550,24850,25050,1079,0.0020000000000000018
2023-02-17,25000,25300,24550,25000,889,-0.001996007984031989
2023-02-20,25200,25200,24600,24950,4265,-0.0020000000000000018
2023-02-21,25000,25900,24950,25800,2828,0.03406813627254501
2023-02-22,25250,25400,24950,25100,4293,-0.027131782945736482
2023-02-23,25100,25350,24950,25350,2977,0.009960159362549792
2023-02-24,25000,25200,24100,24500,3447,-0.0335305719921104
2023-02-27,24250,24500,23400,24000,2224,-0.020408163265306145
2023-02-28,23900,24150,23700,24000,2188,0.0
2023-03-02,24000,24200,23550,23550,4263,-0.018750000000000044
2023-03-03,23600,23900,23550,23750,2032,0.00849256900212314
2023-03-06,23750,23750,23400,23500,2059,-0.010526315789473717
2023-03-07,23500,23800,23250,23600,2517,0.004255319148936065
2023-03-08,23800,23800,23300,23500,1776,-0.004237288135593209
2023-03-09,24100,24300,23950,24100,3389,0.025531914893617058
2023-03-10,24000,24300,23600,24100,3342,0.0
2023-03-13,23400,23550,22850,23100,11909,-0.04149377593360992
2023-03-14,23000,23000,22350,22500,5704,-0.025974025974025983
2023-03-15,22600,22850,22300,22750,11696,0.011111111111111072
2023-03-16,22450,22800,22250,22700,3849,-0.00219780219780219
2023-03-17,22700,23050,22300,23000,5263,0.013215859030837107
2023-03-20,22950,23300,22500,22550,5660,-0.019565217391304346
2023-03-21,22500,22750,22400,22550,2665,0.0
2023-03-22,22550,22700,22250,22250,3637,-0.013303769401330379
2023-03-23,22250,22300,21900,22250,3149,0.0
2023-03-24,22200,22200,21900,22050,2939,-0.008988764044943864
2023-03-27,22050,22250,21750,21750,4642,-0.013605442176870763
2023-03-28,21800,22000,21650,21700,4012,-0.0022988505747126853
2023-03-29,21700,22350,21600,22250,5773,0.025345622119815614
2023-03-30,22250,22700,21850,22350,5068,0.004494382022471877
2023-03-31,22500,22800,22250,22350,4699,0.0
2023-04-03,22400,22900,22400,22850,6794,0.02237136465324374
2023-04-04,22950,23250,22800,23100,5400,0.010940919037199182
2023-04-05,23050,23350,23050,23100,1905,0.0
2023-04-06,23400,23400,22550,22750,4331,-0.015151515151515138
2023-04-07,22950,23200,22500,23000,4850,0.01098901098901095
2023-04-10,23000,23100,22600,22700,3587,-0.013043478260869601
2023-04-11,22700,22950,22250,22750,1638,0.0022026431718060735
2023-04-12,22750,23300,22550,23300,5494,0.02417582417582409
2023-04-13,23050,23450,23050,23300,3843,0.0
2023-04-14,23450,24150,23450,23850,7778,0.023605150214592197
2023-04-17,23850,23900,23650,23850,4363,0.0
2023-04-18,23800,24250,23650,24150,7923,0.012578616352201255
2023-04-19,24100,24600,24100,24250,8074,0.0041407867494824835
2023-04-20,24200,24700,23900,24050,4073,-0.008247422680412342
2023-04-21,23950,24600,23900,24550,7520,0.02079002079002068
2023-04-24,24450,24600,23950,24050,4720,-0.020366598778004064
2023-04-25,24400,24400,23900,24000,1702,-0.0020790020790020236
2023-04-26,24000,24650,24000,24250,3036,0.01041666666666674
2023-04-27,24350,24350,23850,24300,1350,0.0020618556701030855
2023-04-28,24400,25250,24000,25000,4954,0.028806584362139898
2023-05-02,24900,25200,24850,25200,1469,0.008000000000000007
2023-05-03,25200,25350,24950,25200,2484,0.0
2023-05-04,25200,25550,25100,25300,1596,0.003968253968253954
2023-05-08,25500,25700,25400,25500,2640,0.007905138339920903
2023-05-09,25600,25750,25400,25500,1362,0.0
2023-05-10,25550,25600,25300,25400,1318,-0.0039215686274509665
2023-05-11,25400,25850,25350,25800,2018,0.015748031496062964
2023-05-12,25800,25800,25200,25500,810,-0.011627906976744207
2023-05-15,25500,25500,24700,25250,1477,-0.009803921568627416
2023-05-16,25200,26000,24750,25200,2345,-0.001980198019801982
2023-05-17,25200,25250,24450,25100,1529,-0.003968253968253954
2023-05-18,25100,25250,24950,25150,693,0.0019920318725099584
2023-05-19,25200,25450,25000,25400,1560,0.00994035785288272
2023-05-22,25400,26000,25400,25950,10202,0.021653543307086576
2023-05-23,25950,26400,25750,26250,3802,0.011560693641618602
2023-05-24,26250,26600,26000,26200,5770,-0.0019047619047618536
2023-05-25,26200,26300,25650,25700,2758,-0.01908396946564883
2023-05-26,25900,26150,25200,25450,7302,-0.009727626459143934
2023-05-30,25800,26150,25650,25850,4536,0.015717092337917515
2023-05-31,25800,26150,25750,25950,1857,0.003868471953578423
2023-06-01,26000,26050,25550,25850,1398,-0.003853564547206201
2023-06-02,26000,26250,25850,26250,2404,0.015473887814313247
2023-06-05,26450,26450,26000,26250,2377,0.0
2023-06-07,26250,26400,26050,26300,2318,0.0019047619047618536
2023-06-08,26250,26300,25950,26250,4099,-0.0019011406844106071
2023-06-09,26250,26350,26200,26300,1044,0.0019047619047618536
2023-06-12,26300,26300,26000,26200,3430,-0.0038022813688213253
2023-06-13,26150,26400,25900,26200,1625,0.0
2023-06-14,26200,26200,25850,25950,1516,-0.009541984732824416
2023-06-15,25950,26100,25500,25800,1457,-0.005780346820809301
2023-06-16,25800,26500,25400,26450,7925,0.025193798449612448
2023-06-19,26350,26500,26000,26300,4443,-0.005671077504725952
2023-06-20,25850,26350,25850,26150,1051,-0.005703422053231932
2023-06-21,25850,26150,25450,25900,1421,-0.009560229445506718
2023-06-22,25900,25900,24950,25550,2575,-0.013513513513513487
2023-06-23,25550,25550,24550,25250,3977,-0.011741682974559686
2023-06-26,25500,25600,25100,25300,763,0.001980198019801982
2023-06-27,25300,25450,25050,25150,1147,-0.005928853754940677
2023-06-28,25150,25250,24400,24800,4469,-0.013916500994035741
2023-06-29,24800,24950,24000,24350,3741,-0.01814516129032262
2023-06-30,24350,24450,24100,24300,2039,-0.002053388090349051
2023-07-03,24500,24850,24250,24600,3368,0.012345679012345734
2023-07-04,24250,24650,23550,23800,23202,-0.03252032520325199
2023-07-05,23700,23900,23500,23700,4910,-0.004201680672268893
2023-07-06,23700,23700,22650,23100,7117,-0.025316455696202556
2023-07-07,23100,23100,22100,22600,11582,-0.02164502164502169
2023-07-10,22600,22800,21250,22600,2556,0.0
2023-07-11,22850,22850,22050,22600,1970,0.0
2023-07-12,22800,22950,21500,22750,1897,0.006637168141592875
2023-07-13,23200,23200,22600,22600,1516,-0.00659340659340657
2023-07-14,22950,22950,22200,22750,1423,0.006637168141592875
2023-07-17,22950,23100,22350,23000,3315,0.01098901098901095
2023-07-18,23000,23000,22350,22550,713,-0.019565217391304346
2023-07-19,22350,22900,22000,22150,1401,-0.0177383592017738
2023-07-20,22350,22450,22150,22250,1100,0.004514672686230181
2023-07-21,22400,22500,22000,22050,5718,-0.008988764044943864
2023-07-24,21850,22000,21650,22000,1940,-0.0022675736961451642
2023-07-25,21650,22500,21650,21800,10656,-0.009090909090909038
2023-07-26,22000,22000,20850,21300,6887,-0.022935779816513735
2023-07-27,21300,21900,21000,21750,4679,0.021126760563380254
2023-07-28,21750,21800,21550,21600,1809,-0.006896551724137945
2023-07-31,21350,21950,21350,21800,1302,0.0092592592592593
2023-08-01,22000,22000,21350,21750,5755,-0.002293577981651418
2023-08-02,21800,22000,21400,21700,4833,-0.0022988505747126853
2023-08-03,21800,21800,21450,21700,941,0.0
2023-08-04,21300,21750,21300,21750,1559,0.0023041474654377225
2023-08-07,21800,21800,21500,21750,814,0.0
2023-08-08,21850,22050,21700,21700,3372,-0.0022988505747126853
2023-08-09,21900,21900,21250,21800,893,0.004608294930875667
2023-08-10,21850,21850,21500,21600,3761,-0.00917431192660545
2023-08-11,21800,21800,21100,21450,16130,-0.00694444444444442
2023-08-14,21750,21750,21350,21600,5178,0.006993006993007089
2023-08-16,21600,21600,21100,21300,3189,-0.01388888888888884
2023-08-17,21350,21350,20700,21200,6691,-0.0046948356807511304
2023-08-18,21400,21400,20950,21350,2965,0.007075471698113178
2023-08-21,21350,21350,20700,21100,4168,-0.011709601873536313
2023-08-22,21250,21250,20750,20950,14565,-0.007109004739336511
2023-08-23,21300,21300,20900,21100,3503,0.007159904534606243
2023-08-24,21000,21150,20800,21050,4258,-0.0023696682464454666
2023-08-25,21100,21150,20900,21050,3798,0.0
2023-08-28,21050,21600,21050,21600,6149,0.026128266033254244
2023-08-29,21750,22000,21600,21850,4289,0.011574074074074181
2023-08-30,21950,22100,21500,21900,2641,0.0022883295194509046
2023-08-31,21900,22100,21750,22100,1885,0.009132420091324311
2023-09-01,22100,22300,21800,22250,3115,0.006787330316742057
2023-09-04,21850,22200,21500,22100,3015,-0.006741573033707815
2023-09-05,22250,22250,21700,21900,2852,-0.009049773755656076
2023-09-06,21650,21800,21400,21550,9656,-0.01598173515981738
2023-09-07,21550,21600,21200,21550,6965,0.0
2023-09-08,21400,21650,21400,21600,2496,0.002320185614849146
2023-09-11,21700,21700,21400,21650,6619,0.0023148148148148806
2023-09-12,21450,21750,21450,21650,1823,0.0
2023-09-13,21650,22300,21650,21850,3878,0.009237875288683695
2023-09-14,21850,22100,21800,22100,2401,0.011441647597254079
2023-09-15,22050,22500,22050,22350,6168,0.011312217194570096
2023-09-18,22400,22500,22300,22350,784,0.0
2023-09-19,22500,22500,21900,22300,3711,-0.0022371364653244186
2023-09-20,22150,22500,22150,22200,901,-0.004484304932735439
2023-09-21,22150,22300,21850,22000,2229,-0.009009009009009028
2023-09-22,21750,21800,21350,21600,2716,-0.018181818181818188
2023-09-25,21600,21600,21300,21300,2915,-0.01388888888888884
2023-09-26,21300,21550,21200,21200,1563,-0.0046948356807511304
2023-09-27,21200,21650,21200,21650,1306,0.021226415094339535
2023-10-04,21450,22000,21200,21200,16310,-0.020785219399538146
2023-10-05,21250,21500,21100,21150,2134,-0.002358490566037763
2023-10-06,21000,21400,21000,21350,3293,0.009456264775413725
2023-10-10,21600,21600,20700,20800,6130,-0.025761124121779888
2023-10-11,20950,21050,20800,20900,2210,0.004807692307692291
2023-10-12,20800,21300,20800,21300,9217,0.019138755980861344
2023-10-13,21300,21300,20850,21000,3310,-0.014084507042253502
2023-10-16,21000,21200,20750,21200,4505,0.00952380952380949
2023-10-17,21300,21550,21200,21400,4904,0.009433962264151052
2023-10-18,21500,21700,21500,21700,1634,0.014018691588784993
2023-10-19,22100,22600,21750,22250,12117,0.025345622119815614
2023-10-20,22500,22500,21100,22400,2631,0.006741573033707926
2023-10-23,22300,22300,21550,22200,2342,-0.008928571428571397
2023-10-24,22500,22500,22000,22500,1772,0.013513513513513598
2023-10-25,22500,22900,21750,22750,3560,0.011111111111111072
2023-10-26,22550,22550,21800,22000,4282,-0.03296703296703296
2023-10-27,22200,22700,21650,22600,3385,0.027272727272727337
2023-10-30,22450,22600,22300,22550,3321,-0.0022123893805309214
2023-10-31,22700,22800,22550,22700,3165,0.006651884700665134
2023-11-01,22850,23000,22550,22800,1442,0.004405286343612369
2023-11-02,22800,23050,22800,22900,2362,0.004385964912280604
2023-11-03,22400,23400,22400,23400,5091,0.02183406113537112
2023-11-06,23700,23800,23400,23650,827,0.010683760683760646
2023-11-07,23850,23850,23250,23650,735,0.0
2023-11-08,23900,24050,23000,24050,4882,0.016913319238900604
2023-11-09,24100,24150,23500,23800,1948,-0.01039501039501034
2023-11-10,23500,24250,23500,24200,2864,0.01680672268907557
2023-11-13,24300,24450,23550,23900,983,-0.012396694214875992
2023-11-14,23900,24200,22650,23900,2815,0.0
2023-11-15,24200,24200,23600,23900,2598,0.0
2023-11-16,24000,24050,23350,23950,2322,0.0020920502092049986
2023-11-17,24100,24100,23800,23950,2978,0.0
2023-11-20,24000,24000,23250,23750,1460,-0.008350730688935326
2023-11-21,24050,24500,23650,24400,6283,0.027368421052631486
2023-11-22,24100,24300,23900,24150,465,-0.010245901639344246
2023-11-23,24450,24450,23850,24050,477,-0.0041407867494823725
2023-11-24,24450,24600,24000,24350,2475,0.012474012474012364
2023-11-27,24350,24400,24000,24350,910,0.0
2023-11-28,24400,24550,24300,24550,1506,0.008213552361396204
2023-11-29,24550,24550,24250,24500,1612,-0.0020366598778004397
2023-11-30,24500,24650,24200,24550,1591,0.0020408163265306367
2023-12-01,24700,24700,24100,24550,1323,0.0
2023-12-04,24600,24650,24150,24650,1791,0.004073319755600879
2023-12-05,24450,24650,24450,24650,1898,0.0
2023-12-06,24500,24800,24400,24700,2499,0.0020283975659229903
2023-12-07,24850,24850,24500,24650,3554,-0.002024291497975672
2023-12-08,24850,24950,24400,24600,3257,-0.0020283975659228792
2023-12-11,24950,24950,24250,24450,3458,-0.0060975609756097615
2023-12-12,24450,24900,24350,24650,1111,0.008179959100204526
2023-12-13,24500,24800,23950,24450,5333,-0.008113590263691739
2023-12-14,24450,24650,24200,24350,2286,-0.004089979550102263
2023-12-15,24000,24750,24000,24250,1726,-0.004106776180698102
2023-12-18,24050,24650,23800,23900,1655,-0.014432989690721598
2023-12-19,23900,23900,23650,23800,1939,-0.004184100418409997
2023-12-20,24950,24950,23550,23950,2687,0.006302521008403339
2023-12-21,23700,24700,23700,24300,3894,0.014613778705636848
2023-12-22,24500,24800,24050,24350,2740,0.002057613168724215
2023-12-26,24500,24550,23750,24450,7429,0.004106776180698102
2023-12-27,24400,24400,23550,23650,8530,-0.03271983640081799
2023-12-28,23600,23850,23450,23850,4300,0.008456659619450413
2024-01-02,23800,23800,23200,23650,4667,-0.008385744234800874
2024-01-03,23650,24350,23600,24050,16566,0.016913319238900604
2024-01-04,24100,24350,24000,24200,4429,0.006237006237006293
2024-01-05,24200,24200,23800,23950,10131,-0.010330578512396715
2024-01-08,24300,24300,23900,24000,2825,0.0020876826722338038
2024-01-09,23950,24550,23950,24400,8889,0.016666666666666607
2024-01-10,24300,25350,24300,25100,15908,0.028688524590164022
2024-01-11,25450,25500,25100,25200,1756,0.003984063745019917
2024-01-12,25000,25200,24700,25200,6611,0.0
2024-01-15,25400,25400,24550,24900,3900,-0.011904761904761862
2024-01-16,25300,25300,24450,24550,2662,-0.014056224899598346
2024-01-17,24450,24450,23700,23700,27016,-0.03462321792260692
2024-01-18,24150,24200,23750,23900,5514,0.00843881856540074
2024-01-19,24150,24250,23750,24000,3072,0.004184100418409997
2024-01-22,23650,24450,23600,24000,2762,0.0
2024-01-23,23650,24150,23300,23750,9652,-0.01041666666666663
2024-01-24,23950,23950,23650,23700,3429,-0.002105263157894721
2024-01-25,23750,24100,23500,23950,11530,0.010548523206751037
2024-01-26,24200,24750,23950,24650,9536,0.029227557411273475
2024-01-29,24600,26250,24600,26250,16574,0.06490872210953347
2024-01-30,26250,26600,26250,26300,15172,0.0019047619047618536
2024-01-31,25850,26250,25850,26150,3327,-0.005703422053231932
2024-02-01,25800,27100,25800,26950,14544,0.030592734225621365
2024-02-02,27250,27250,25500,25850,6064,-0.04081632653061229
2024-02-05,25850,25850,24900,25250,5434,-0.023210831721469982
2024-02-06,25400,25400,24750,24950,2105,-0.011881188118811892
2024-02-07,25050,25350,24900,25350,1868,0.01603206412825653
2024-02-08,25550,25700,25350,25500,1695,0.00591715976331364
2024-02-13,25500,26000,25500,25900,3890,0.015686274509803866
2024-02-14,25900,25950,25400,25450,1920,-0.01737451737451734
2024-02-15,25450,25450,24700,24900,3138,-0.0216110019646365
2024-02-16,25100,25200,24800,25200,2799,0.012048192771084265
2024-02-19,25250,25700,25250,25650,1758,0.017857142857142794
2024-02-20,25150,25700,25150,25350,484,-0.011695906432748537
2024-02-21,25450,25650,25200,25300,910,-0.0019723865877712132
2024-02-22,25050,25500,25000,25350,984,0.0019762845849802257
2024-02-23,25350,25500,25050,25400,852,0.0019723865877712132
2024-02-26,25400,25500,25000,25000,2194,-0.015748031496062964
2024-02-27,25000,25250,24750,24950,1670,-0.0020000000000000018
2024-02-28,25050,25300,24850,25300,1647,0.014028056112224352
2024-02-29,25500,25500,25000,25050,1146,-0.00988142292490124
2024-03-04,25050,25050,24750,24950,1438,-0.003992015968063867
2024-03-05,24950,24950,24500,24700,1120,-0.01002004008016033
2024-03-06,24450,24550,23700,24450,4213,-0.010121457489878583
2024-03-07,24450,24600,24250,24450,2369,0.0
2024-03-08,24900,24900,24300,24350,555,-0.004089979550102263
2024-03-11,24050,24500,24050,24500,4040,0.006160164271047153
2024-03-12,24450,24500,22900,24500,6873,0.0
2024-03-13,25000,25000,23600,24100,2026,-0.01632653061224487
2024-03-14,24000,24550,24000,24500,3150,0.016597510373443924
2024-03-15,24400,24400,24050,24200,656,-0.01224489795918371
2024-03-18,24000,24450,23500,23800,4700,-0.016528925619834656
2024-03-19,23800,24700,23700,24400,4001,0.025210084033613356
2024-03-20,24700,24700,24300,24500,773,0.004098360655737654
2024-03-21,24700,24800,23800,24450,1330,-0.0020408163265306367
2024-03-22,24650,24700,24250,24500,1473,0.002044989775051187
2024-03-25,25900,25900,24250,24500,2671,0.0
2024-03-26,24450,25450,24050,24600,1891,0.004081632653061273
2024-03-27,25200,25200,24200,24550,1333,-0.002032520325203291
2024-03-28,24900,25100,24350,24550,3420,0.0
2024-03-29,24850,24850,24300,24550,1861,0.0
2024-04-01,24550,26000,24200,24750,7749,0.008146639511201537
2024-04-02,24700,24700,24200,24700,4937,-0.002020202020202033
2024-04-03,24700,24900,24400,24700,4179,0.0
2024-04-04,24650,25200,24250,24300,7263,-0.01619433198380571
2024-04-05,24500,24600,24000,24400,2781,0.004115226337448652
2024-04-08,24300,24900,24200,24400,4487,0.0
2024-04-09,24350,24900,24150,24300,10379,-0.004098360655737654
2024-04-11,24050,24750,23750,24000,15937,-0.012345679012345734
2024-04-12,24350,24350,23600,23650,2853,-0.014583333333333282
2024-04-15,24300,24300,23350,23850,7701,0.008456659619450413
2024-04-16,23500,24400,23050,23050,12658,-0.033542976939203384
2024-04-17,23800,23900,23000,23100,7482,0.002169197396963085
2024-04-18,23750,24600,22850,23350,11309,0.010822510822510845
2024-04-19,23650,23950,23050,23150,5051,-0.008565310492505307
2024-04-22,23750,24850,23100,23900,8658,0.03239740820734349
2024-04-23,23850,24650,23850,24050,3515,0.006276150627614996
2024-04-24,24050,24950,24000,24300,5323,0.01039501039501034
2024-04-25,24200,24800,23750,24050,3601,-0.010288065843621408
2024-04-26,23750,24750,23750,24400,5859,0.01455301455301461
2024-04-29,24400,25150,24250,25050,5277,0.026639344262294973
2024-04-30,25000,25600,24900,25200,5348,0.0059880239520957446
2024-05-02,25050,25450,24450,25100,6466,-0.003968253968253954
2024-05-03,24900,25250,24450,24550,2259,-0.021912350597609542
2024-05-07,24550,25650,24550,24950,6179,0.016293279022403295
2024-05-08,24600,25250,24300,25200,5995,0.01002004008016022
2024-05-09,25200,25500,24700,25150,5684,-0.001984126984126977
2024-05-10,25150,25350,24650,24750,12264,-0.015904572564612307
2024-05-13,25200,25200,24550,24700,1819,-0.002020202020202033
2024-05-14,24700,24900,24300,24600,5658,-0.004048582995951455
2024-05-16,25000,25150,24400,24600,5437,0.0
2024-05-17,24100,24750,24100,24500,8634,-0.004065040650406471
2024-05-20,24800,24800,24000,24050,5233,-0.01836734693877551
2024-05-21,24300,24300,23750,24200,2023,0.006237006237006293
2024-05-22,23850,24150,23700,23750,2880,-0.018595041322314043
2024-05-23,23750,24000,23600,24000,2611,0.010526315789473717
2024-05-24,23950,24250,23450,23550,5775,-0.018750000000000044
2024-05-27,23550,24300,23500,23700,8323,0.006369426751592355
2024-05-28,23650,24000,23350,23700,4766,0.0
2024-05-29,23450,23750,23300,23600,2599,-0.00421940928270037
2024-05-30,23350,23500,23000,23400,2047,-0.008474576271186418
2024-05-31,23400,23950,23400,23700,1049,0.012820512820512775
2024-06-03,23700,23950,23350,23900,2909,0.00843881856540074
2024-06-04,23500,24250,23500,23850,7028,-0.0020920502092049986
2024-06-05,23450,24100,23450,23950,2392,0.004192872117400492
2024-06-07,23950,23950,23650,23700,586,-0.01043841336116913
2024-06-10,23750,23750,23450,23600,1315,-0.00421940928270037
2024-06-11,23600,24050,23500,23550,1368,-0.0021186440677966045
2024-06-12,23950,23950,23600,23800,398,0.010615711252653925
2024-06-13,24000,29500,23850,24800,199996,0.04201680672268915
2024-06-14,24100,24400,23500,23800,23078,-0.040322580645161255
