Date,Open,High,Low,Close,Volume,Change
2022-01-03,41100,41450,40950,41150,88403,-0.0012135922330097637
2022-01-04,41000,41050,40550,40850,115772,-0.007290400972053468
2022-01-05,40700,41500,40550,41050,184667,0.004895960832313362
2022-01-06,40600,41050,40600,40750,111542,-0.0073081607795371095
2022-01-07,40700,41100,40500,40850,99557,0.0024539877300613355
2022-01-10,40850,41150,40150,40500,111760,-0.008567931456548328
2022-01-11,40250,40850,39500,39900,174513,-0.014814814814814836
2022-01-12,39950,40450,39850,40200,102680,0.007518796992481258
2022-01-13,40400,41300,40350,40700,161394,0.01243781094527363
2022-01-14,40500,40800,39950,39950,106662,-0.01842751842751844
2022-01-17,40500,40800,39700,39900,149350,-0.0012515644555695093
2022-01-18,40000,40050,39000,39000,182251,-0.022556390977443663
2022-01-19,38650,39100,38150,38450,168629,-0.014102564102564052
2022-01-20,37950,38950,37950,38800,95979,0.00910273081924573
2022-01-21,38300,38650,37950,38050,118935,-0.019329896907216537
2022-01-24,38050,38600,36950,37150,153656,-0.023653088042049908
2022-01-25,37350,37500,36300,36300,193865,-0.02288021534320328
2022-01-26,36300,36800,35850,36000,167634,-0.008264462809917328
2022-01-27,36050,36250,34750,34750,240401,-0.03472222222222221
2022-01-28,34750,36200,34450,36150,179205,0.04028776978417259
2022-02-03,36500,36950,36400,36650,113022,0.013831258644536604
2022-02-04,36700,38150,36500,37550,116957,0.024556616643929052
2022-02-07,37500,38100,37000,37450,172957,-0.0026631158455392434
2022-02-08,37700,38200,37150,37650,112941,0.005340453938584844
2022-02-09,37800,38350,37500,38100,91613,0.01195219123505975
2022-02-10,38100,38550,38000,38100,96304,0.0
2022-02-11,37850,38300,37550,37850,87773,-0.006561679790026198
2022-02-14,37250,37400,36750,36950,162980,-0.023778071334214057
2022-02-15,37100,37300,36350,36550,99488,-0.010825439783491153
2022-02-16,36900,37500,36800,36950,129347,0.010943912448700521
2022-02-17,37150,37550,36600,37000,111861,0.0013531799729364913
2022-02-18,36800,37200,36400,37200,85503,0.00540540540540535
2022-02-21,36600,37450,36550,37400,80371,0.005376344086021501
2022-02-22,36750,37000,36500,36650,148560,-0.020053475935828846
2022-02-23,36700,37550,36650,37400,81457,0.02046384720327432
2022-02-24,36600,37250,36200,36450,109551,-0.025401069518716568
2022-02-25,36700,37350,36700,37050,85955,0.016460905349794164
2022-02-28,36850,37850,36750,37750,101267,0.018893387314439902
2022-03-02,37700,38250,37550,37950,114525,0.005298013245033095
2022-03-03,37950,38700,37750,38500,128178,0.01449275362318847
2022-03-04,38500,38950,38050,38900,125420,0.010389610389610393
2022-03-07,38300,38850,37800,38050,119384,-0.02185089974293064
2022-03-08,37750,38000,37350,37500,85629,-0.014454664914586024
2022-03-10,37500,37650,36100,36650,297762,-0.022666666666666613
2022-03-11,36800,37950,36550,37950,159085,0.03547066848567537
2022-03-14,37500,38350,36700,36800,189989,-0.030303030303030276
2022-03-15,36500,36750,36100,36400,103690,-0.010869565217391353
2022-03-16,36700,36900,36350,36600,119034,0.005494505494505475
2022-03-17,37150,37600,37100,37350,134559,0.020491803278688492
2022-03-18,37400,37500,37000,37450,103228,0.0026773761713521083
2022-03-21,37300,37600,37100,37350,74448,-0.002670226969292422
2022-03-22,37450,38050,37250,37850,117679,0.01338688085676032
2022-03-23,38200,38200,37800,38150,102043,0.00792602377807139
2022-03-24,37850,38300,37750,38300,69186,0.003931847968545288
2022-03-25,38250,38450,37800,37850,109146,-0.011749347258485643
2022-03-28,37700,38300,37550,38000,158241,0.003963011889035695
2022-03-29,37800,38150,37750,37950,101620,-0.001315789473684159
2022-03-30,38300,38350,37900,37900,88895,-0.0013175230566534468
2022-03-31,37950,38200,37650,38200,73075,0.0079155672823219
2022-04-01,38200,38250,37800,38000,114691,-0.005235602094240788
2022-04-04,38000,38200,37650,38000,79261,0.0
2022-04-05,38150,38250,37850,38050,81785,0.001315789473684159
2022-04-06,37950,38150,37700,37800,99097,-0.006570302233902758
2022-04-07,37600,37600,36950,36950,138848,-0.022486772486772444
2022-04-08,37050,37050,36450,36800,97647,-0.004059539918809252
2022-04-11,36800,37000,36450,36750,66675,-0.0013586956521739468
2022-04-12,36550,36600,36100,36450,81596,-0.008163265306122436
2022-04-13,36500,36850,36450,36800,62724,0.009602194787379892
2022-04-14,36650,37000,36500,36800,80112,0.0
2022-04-15,36600,36700,36300,36500,66022,-0.008152173913043459
2022-04-18,36300,36500,36150,36350,112969,-0.004109589041095929
2022-04-19,36350,36700,36250,36650,75637,0.008253094910591452
2022-04-20,36700,36800,36300,36350,78868,-0.008185538881309684
2022-04-21,36600,37150,36400,36800,140895,0.012379642365887289
2022-04-22,36750,36750,36300,36400,74778,-0.010869565217391353
2022-04-25,36150,36400,35450,35500,150885,-0.02472527472527475
2022-04-26,35600,35800,35300,35400,110142,-0.0028169014084507005
2022-04-27,34750,35150,34700,35150,111152,-0.007062146892655385
2022-04-28,35150,35300,34850,35300,99902,0.004267425320056972
2022-04-29,35400,35700,35200,35650,90735,0.009915014164305846
2022-05-02,35400,35600,35250,35500,64874,-0.0042075736325385416
2022-05-03,35500,35900,35400,35800,61146,0.008450704225352101
2022-05-04,35800,36500,35800,36150,116316,0.009776536312849249
2022-05-06,35800,36200,35750,36200,75676,0.0013831258644536604
2022-05-09,35900,36050,35000,35150,104012,-0.029005524861878462
2022-05-10,34800,34950,33850,34750,117328,-0.011379800853485111
2022-05-11,34400,34800,34250,34450,73750,-0.008633093525179825
2022-05-12,34200,34400,33500,33550,142658,-0.026124818577648812
2022-05-13,33500,34850,33500,34800,111235,0.037257824143070106
2022-05-16,34900,35400,34700,35100,87441,0.008620689655172376
2022-05-17,35100,35700,34750,35300,100065,0.005698005698005604
2022-05-18,35050,35300,34400,34700,83504,-0.016997167138810165
2022-05-19,33950,34000,33500,33700,93861,-0.028818443804034533
2022-05-20,33750,34250,33750,34100,76265,0.011869436201780381
2022-05-23,34300,34450,33950,34200,56277,0.0029325513196480912
2022-05-24,34000,34500,33550,33600,83798,-0.01754385964912286
2022-05-25,33800,34100,33500,33900,78763,0.008928571428571397
2022-05-26,33700,34150,33600,33750,89572,-0.004424778761061954
2022-05-27,33900,34200,33850,34050,60605,0.008888888888888946
2022-05-30,34250,34700,34250,34450,70926,0.011747430249632984
2022-05-31,34450,34650,34200,34450,111217,0.0
2022-06-02,34250,34350,33900,33950,67239,-0.014513788098693747
2022-06-03,34150,34550,34150,34550,74484,0.01767304860088359
2022-06-07,34200,34650,33700,33750,98022,-0.02315484804630974
2022-06-08,33800,33950,33500,33600,71741,-0.004444444444444473
2022-06-09,33550,33700,33150,33250,150912,-0.01041666666666663
2022-06-10,33000,33200,32700,33000,98480,-0.007518796992481258
2022-06-13,32100,32300,31150,31150,180406,-0.05606060606060603
2022-06-14,30250,30900,30000,30400,162782,-0.024077046548956704
2022-06-15,30050,30500,29050,29400,164922,-0.03289473684210531
2022-06-16,29600,29950,28950,28950,136792,-0.015306122448979553
2022-06-17,27900,28950,27900,28900,157355,-0.0017271157167529916
2022-06-20,28900,29050,27450,27650,160840,-0.04325259515570934
2022-06-21,27800,28250,27550,27950,143875,0.010849909584086825
2022-06-22,28050,28150,26400,26400,185293,-0.05545617173524153
2022-06-23,26750,26950,25750,25800,217003,-0.022727272727272707
2022-06-24,25800,27050,25750,26750,161432,0.036821705426356655
2022-06-27,27000,27850,26800,27700,601458,0.03551401869158877
2022-06-28,27400,27850,27400,27650,133316,-0.0018050541516245744
2022-06-29,27150,27750,27150,27400,80770,-0.009041591320072317
2022-06-30,27200,27650,26850,26900,97535,-0.018248175182481785
2022-07-01,27150,27600,26550,26800,120993,-0.0037174721189591198
2022-07-04,26850,27000,25800,26100,146788,-0.026119402985074647
2022-07-05,26150,26950,26000,26600,140872,0.019157088122605304
2022-07-06,26400,26800,26000,26000,128108,-0.022556390977443663
2022-07-07,26400,26600,25900,26400,107379,0.01538461538461533
2022-07-08,26500,26950,26250,26350,102761,-0.0018939393939394478
2022-07-11,26550,26550,25950,26100,79506,-0.009487666034155628
2022-07-12,26100,26300,25400,25550,98427,-0.021072796934865856
2022-07-13,25550,26250,25450,26150,109702,0.023483365949119372
2022-07-14,26200,26250,25750,26000,115213,-0.005736137667303964
2022-07-15,26100,26300,25500,25800,100111,-0.007692307692307665
2022-07-18,25900,26800,25900,26650,129810,0.032945736434108586
2022-07-19,26550,26850,26400,26550,86676,-0.0037523452157598447
2022-07-20,27050,27150,26600,26800,123878,0.009416195856873921
2022-07-21,26800,26900,26550,26800,126545,0.0
2022-07-22,26850,27450,26750,27150,200852,0.013059701492537323
2022-07-25,27150,27400,26950,27250,69349,0.0036832412523020164
2022-07-26,27000,27650,27000,27550,143648,0.011009174311926495
2022-07-27,27600,28100,27250,27900,114014,0.012704174228675091
2022-07-28,28150,28350,27700,27700,162008,-0.007168458781361964
2022-07-29,27750,28350,27750,28150,101428,0.016245487364620947
2022-08-01,28250,28700,28250,28300,125047,0.005328596802841812
2022-08-02,28200,28700,28050,28400,111430,0.0035335689045936647
2022-08-03,28500,28700,28250,28600,79627,0.007042253521126751
2022-08-04,28600,29200,28550,29000,102275,0.013986013986013957
2022-08-05,29250,29250,28900,29000,92276,0.0
2022-08-08,28950,29200,28800,29100,70280,0.0034482758620688614
2022-08-09,28850,29650,28850,29550,89894,0.015463917525773141
2022-08-10,29650,29950,29550,29700,109608,0.0050761421319796
2022-08-11,29850,30100,29700,29700,107150,0.0
2022-08-12,29700,30150,29700,30000,62207,0.010101010101010166
2022-08-16,30350,30450,29950,30000,81892,0.0
2022-08-17,30000,30200,29300,29300,138833,-0.023333333333333317
2022-08-18,29200,29350,28650,29150,86099,-0.005119453924914641
2022-08-19,29000,29100,28500,28700,68255,-0.015437392795883409
2022-08-22,28300,28500,27900,28100,68222,-0.020905923344947785
2022-08-23,27750,28100,27500,27650,75937,-0.016014234875444844
2022-08-24,27850,28650,27600,28500,78037,0.030741410488245968
2022-08-25,28500,29150,28500,28950,52871,0.015789473684210575
2022-08-26,28950,29800,28700,29750,114538,0.02763385146804831
2022-08-29,29000,29250,28550,28650,131479,-0.036974789915966366
2022-08-30,28650,29200,28650,29050,47424,0.013961605584642323
2022-08-31,28650,29500,28550,29300,54725,0.008605851979345935
2022-09-01,29000,29100,28150,28150,109167,-0.03924914675767921
2022-09-02,28150,28400,27650,27900,103467,-0.008880994671403242
2022-09-05,28150,28350,27700,27950,55788,0.0017921146953405742
2022-09-06,27950,28300,27800,28000,41218,0.0017889087656528524
2022-09-07,27750,27800,26950,27250,95671,-0.0267857142857143
2022-09-08,27400,27700,27150,27450,99704,0.007339449541284404
2022-09-13,27600,27950,27550,27700,89452,0.00910746812386165
2022-09-14,27150,27200,26500,26900,96533,-0.028880866425992746
2022-09-15,26950,27050,26650,26700,86931,-0.0074349442379182396
2022-09-16,26350,26750,26350,26600,96972,-0.0037453183520599342
2022-09-19,26350,26750,25950,26000,66687,-0.022556390977443663
2022-09-20,26300,26350,25950,26150,79707,0.005769230769230749
2022-09-21,25850,26150,25650,25950,71886,-0.007648183556405397
2022-09-22,25800,25800,25100,25250,103267,-0.026974951830443183
2022-09-23,25000,25400,24450,24550,118124,-0.027722772277227747
2022-09-26,23900,24200,23200,23450,165714,-0.044806517311609007
2022-09-27,23450,24000,23350,24000,148871,0.023454157782516027
2022-09-28,23700,23900,22850,23450,128674,-0.022916666666666696
2022-09-29,23650,23900,22900,22900,103454,-0.023454157782516027
2022-09-30,22800,23150,22400,22450,137801,-0.01965065502183405
2022-10-04,22650,23400,22600,23200,83869,0.03340757238307357
2022-10-05,23650,23700,22800,22900,109418,-0.012931034482758674
2022-10-06,22950,23500,22900,23150,70538,0.01091703056768556
2022-10-07,22700,23100,22600,22900,69342,-0.010799136069114423
2022-10-11,22500,22800,22050,22150,93387,-0.03275109170305679
2022-10-12,22050,22900,21900,22800,80279,0.02934537246049662
2022-10-13,22450,22700,21850,21850,85620,-0.04166666666666663
2022-10-14,22100,23450,22100,23350,126495,0.06864988558352403
2022-10-17,23050,23100,22600,22800,90179,-0.023554603854389677
2022-10-18,23250,23400,22950,23300,62338,0.021929824561403466
2022-10-19,23500,23700,22800,22850,80116,-0.01931330472102999
2022-10-20,22800,23750,22800,23650,186755,0.035010940919037115
2022-10-21,23450,23650,23050,23050,109459,-0.025369978858350906
2022-10-24,23550,24050,23300,23500,87324,0.01952277657266821
2022-10-25,23750,23800,23050,23100,68279,-0.017021276595744705
2022-10-26,23150,23250,22800,22800,58615,-0.012987012987012991
2022-10-27,22800,23750,22650,23700,79822,0.03947368421052633
2022-10-28,23600,26000,23550,25950,479865,0.09493670886075956
2022-10-31,26200,26200,25150,25200,206059,-0.028901734104046284
2022-11-01,25200,25750,25100,25500,169886,0.011904761904761862
2022-11-02,25350,26000,25200,25700,138216,0.007843137254901933
2022-11-03,25300,25700,25000,25300,96280,-0.015564202334630295
2022-11-04,25250,25600,25200,25550,54678,0.009881422924901129
2022-11-07,25650,26050,25450,25950,72957,0.015655577299412915
2022-11-08,26300,26900,26000,26800,136144,0.032755298651252485
2022-11-09,27100,27500,26800,27200,157172,0.014925373134328401
2022-11-10,26850,27300,26750,27100,129288,-0.003676470588235281
2022-11-11,28000,28100,27500,28000,150637,0.03321033210332103
2022-11-14,28000,28200,27850,27900,94153,-0.0035714285714285587
2022-11-15,28350,28900,28200,28800,158890,0.032258064516129004
2022-11-16,28800,28900,28350,28450,84955,-0.01215277777777779
2022-11-17,28600,29000,28150,28800,94024,0.012302284710017597
2022-11-18,28750,29100,28600,28850,62420,0.0017361111111111605
2022-11-21,29100,29100,28000,28500,110275,-0.012131715771230511
2022-11-22,28300,28800,28250,28500,78675,0.0
2022-11-23,28600,29350,28550,28850,130668,0.012280701754386003
2022-11-24,28900,29300,28500,29250,101220,0.013864818024263537
2022-11-25,29400,30150,29100,29550,171545,0.01025641025641022
2022-11-28,29500,29700,28850,29300,124221,-0.008460236886632777
2022-11-29,29550,29850,28750,29750,91896,0.015358361774743923
2022-11-30,29450,30000,29400,29800,92035,0.001680672268907557
2022-12-01,29800,30150,29700,30050,113160,0.008389261744966348
2022-12-02,29950,30150,29450,29750,105762,-0.009983361064891838
2022-12-05,29600,30400,29600,30100,131726,0.0117647058823529
2022-12-06,29800,30100,29700,29750,77756,-0.011627906976744207
2022-12-07,29750,30000,29400,29800,99894,0.001680672268907557
2022-12-08,30150,30150,29700,29900,142347,0.003355704697986628
2022-12-09,29900,30300,29850,30200,154404,0.010033444816053505
2022-12-12,30350,30400,30050,30050,47378,-0.004966887417218513
2022-12-13,30350,30350,29950,29950,41713,-0.0033277870216306127
2022-12-14,30100,30150,29600,30150,94147,0.006677796327211993
2022-12-15,30150,30300,29850,29850,75343,-0.00995024875621886
2022-12-16,29550,29800,28700,28700,189213,-0.038525963149078746
2022-12-19,28450,29150,28200,28650,102446,-0.0017421602787456303
2022-12-20,28950,29050,27950,28550,122923,-0.003490401396160525
2022-12-21,28900,29050,28550,28750,66333,0.007005253940455258
2022-12-22,28750,29000,28550,28850,62541,0.003478260869565153
2022-12-23,28850,28850,28150,28300,90803,-0.01906412478336217
2022-12-26,28050,28600,28050,28550,89130,0.008833922261484162
2022-12-27,28600,28800,28250,28500,91931,-0.0017513134851138146
2022-12-28,27800,28600,27600,28450,135202,-0.0017543859649122862
2022-12-29,28200,28600,27750,28300,147874,-0.005272407732864637
2023-01-02,28350,28400,26600,26600,157820,-0.060070671378091856
2023-01-03,26550,27200,26300,27000,183310,0.015037593984962516
2023-01-04,26750,28100,26750,28000,84337,0.03703703703703698
2023-01-05,27800,28400,27700,28050,80625,0.0017857142857142794
2023-01-06,27700,28600,27700,28450,110782,0.01426024955436711
2023-01-09,28650,29500,28500,29500,67033,0.03690685413005279
2023-01-10,29500,29650,29050,29550,81061,0.0016949152542373724
2023-01-11,29450,29600,29050,29250,88683,-0.010152284263959421
2023-01-12,29250,29500,29100,29300,73733,0.0017094017094017033
2023-01-13,29400,29600,28900,29250,89912,-0.0017064846416382506
2023-01-16,29250,29950,29050,29600,113884,0.011965811965811923
2023-01-17,29300,29800,29300,29350,56452,-0.008445945945945943
2023-01-18,29250,29550,28750,29450,113882,0.0034071550255536653
2023-01-19,29100,30000,29100,29900,89709,0.015280135823429575
2023-01-20,29800,30600,29800,30550,164055,0.021739130434782705
2023-01-25,30700,30950,30450,30600,108513,0.0016366612111293755
2023-01-26,30350,31300,30100,30800,167159,0.006535947712418277
2023-01-27,30500,31000,30450,30500,67798,-0.009740259740259716
2023-01-30,30150,30500,29700,29750,66580,-0.024590163934426257
2023-01-31,29700,30000,29400,29800,65237,0.001680672268907557
2023-02-01,29600,30350,29400,30150,118736,0.011744966442952975
2023-02-02,30100,30350,29200,29200,120820,-0.031509121061359835
2023-02-03,29250,29600,29000,29350,72486,0.005136986301369939
2023-02-06,29150,29550,28550,28950,73641,-0.013628620102214661
2023-02-07,28800,29050,28500,28700,61298,-0.008635578583765069
2023-02-08,28600,28900,28500,28800,46925,0.0034843205574912606
2023-02-09,28550,28750,28150,28650,91369,-0.00520833333333337
2023-02-10,28250,28600,28050,28300,62037,-0.012216404886561949
2023-02-13,28350,29050,27950,28850,85897,0.019434628975264934
2023-02-14,29050,29200,28800,29000,54813,0.005199306759098743
2023-02-15,28850,29100,28100,28100,62839,-0.03103448275862064
2023-02-16,28100,28700,28100,28500,62061,0.014234875444839812
2023-02-17,28100,28550,28000,28200,51580,-0.010526315789473717
2023-02-20,28150,28850,28000,28750,46432,0.019503546099290725
2023-02-21,28500,28950,28450,28500,53179,-0.008695652173912993
2023-02-22,28350,28450,27950,28100,45067,-0.01403508771929829
2023-02-23,28100,28850,28100,28750,63319,0.02313167259786475
2023-02-24,28550,28800,28100,28200,59142,-0.019130434782608674
2023-02-27,27900,28050,27450,27700,59134,-0.01773049645390068
2023-02-28,27700,28150,27550,27750,54272,0.0018050541516245744
2023-03-02,27550,28050,27500,27750,64779,0.0
2023-03-03,27600,28000,27550,27800,37130,0.0018018018018017834
2023-03-06,27850,28100,27650,27900,50337,0.003597122302158251
2023-03-07,27950,27950,27550,27700,45870,-0.007168458781361964
2023-03-08,27500,27800,27000,27000,97680,-0.02527075812274371
2023-03-09,27000,27250,26800,27150,69785,0.005555555555555536
2023-03-10,27000,27100,26400,26450,71223,-0.025782688766114226
2023-03-13,26400,26600,25850,26450,70597,0.0
2023-03-14,26000,26300,25500,25550,68923,-0.03402646502835538
2023-03-15,25650,26200,25400,26050,78572,0.019569471624266255
2023-03-16,25500,25950,25300,25550,63024,-0.019193857965451033
2023-03-17,25600,26250,25600,25900,69607,0.013698630136986356
2023-03-20,26200,26750,26050,26100,42127,0.007722007722007707
2023-03-21,26100,26400,26000,26150,37085,0.0019157088122605526
2023-03-22,26150,26250,25750,25900,44017,-0.009560229445506718
2023-03-23,25900,25900,25450,25850,56278,-0.0019305019305019266
2023-03-24,25650,26000,25600,25950,52549,0.003868471953578423
2023-03-27,26050,26150,25450,25800,46927,-0.005780346820809301
2023-03-28,25750,26400,25750,26400,58702,0.023255813953488413
2023-03-29,26500,26650,25950,26150,57920,-0.009469696969697017
2023-03-30,26000,30250,25850,29700,965049,0.13575525812619493
2023-03-31,29850,33650,29700,31700,1770220,0.06734006734006726
2023-04-03,31500,31650,30450,30850,343195,-0.02681388012618302
2023-04-04,30800,36250,30550,35600,1691886,0.15397082658022687
2023-04-05,36100,36250,34750,35100,734439,-0.014044943820224698
2023-04-06,34950,35300,32350,33100,751505,-0.056980056980056926
2023-04-07,33200,34700,32550,34450,537048,0.04078549848942603
2023-04-10,34050,36450,32850,35550,747047,0.03193033381712618
2023-04-11,35450,35550,34050,35100,383945,-0.012658227848101222
2023-04-12,34750,37650,34700,36450,858138,0.03846153846153855
2023-04-13,36000,37600,35650,37600,479856,0.03155006858710552
2023-04-14,36700,37100,33750,34400,1137994,-0.08510638297872342
2023-04-17,34400,34750,33700,34050,271714,-0.01017441860465118
2023-04-18,33900,34150,33000,33600,349444,-0.013215859030836996
2023-04-19,33600,35450,33550,34350,429937,0.022321428571428603
2023-04-20,34350,35200,33850,35050,272839,0.020378457059679667
2023-04-21,35000,35400,34050,35000,224790,-0.0014265335235378318
2023-04-24,34950,35200,34150,34700,172697,-0.008571428571428563
2023-04-25,34250,35450,34150,35250,274392,0.015850144092218965
2023-04-26,35300,35750,34300,34400,176506,-0.024113475177305
2023-04-27,34050,34100,31400,32700,348652,-0.04941860465116277
2023-04-28,32950,33700,32650,33500,146592,0.024464831804281273
2023-05-02,33200,33900,33200,33600,93366,0.0029850746268655914
2023-05-03,33550,34650,33200,33650,143034,0.0014880952380953438
2023-05-04,33950,37300,33950,35900,923268,0.06686478454680533
2023-05-08,35500,35600,34750,35050,211952,-0.0236768802228412
2023-05-09,35100,37350,34900,36500,372920,0.041369472182596345
2023-05-10,36550,38400,36500,37800,640647,0.03561643835616435
2023-05-11,38100,43200,38100,42100,1830891,0.11375661375661372
2023-05-12,41700,42900,40750,42100,831334,0.0
2023-05-15,41500,41650,40200,40750,394147,-0.03206650831353919
2023-05-16,41000,41500,40700,40850,331106,0.0024539877300613355
2023-05-17,40850,42250,40700,41350,338989,0.012239902080783294
2023-05-18,41550,42950,41550,42700,440077,0.03264812575574361
2023-05-19,42700,44000,42500,43500,464770,0.0187353629976581
2023-05-22,43900,44550,43200,44100,415410,0.01379310344827589
2023-05-23,44250,44700,43200,43800,391012,-0.006802721088435382
2023-05-24,43800,43800,41650,42850,667858,-0.02168949771689499
2023-05-25,42500,43650,42450,43450,387530,0.014002333722286986
2023-05-26,43250,43600,42600,42950,338694,-0.011507479861910253
2023-05-30,43000,43650,42050,42900,346584,-0.0011641443538998875
2023-05-31,42550,43300,40900,41850,632495,-0.02447552447552448
2023-06-01,41850,41950,39900,40300,371654,-0.03703703703703709
2023-06-02,40150,40650,39450,40250,206916,-0.001240694789081842
2023-06-05,40250,41600,40100,41400,200458,0.02857142857142847
2023-06-07,41450,42950,41100,42200,220992,0.019323671497584627
2023-06-08,42200,42650,41700,42350,250572,0.0035545023696681444
2023-06-09,42400,42400,41600,41900,106825,-0.010625737898465215
2023-06-12,42150,42500,41750,42350,94157,0.010739856801909253
2023-06-13,42550,43750,42250,42500,199789,0.0035419126328217754
2023-06-14,42900,43000,41950,42700,138821,0.004705882352941115
2023-06-15,42700,43050,42200,42650,123631,-0.0011709601873536313
2023-06-16,42300,43450,42150,42850,226325,0.004689331770222793
2023-06-19,44000,44350,43150,43450,216675,0.014002333722286986
2023-06-20,43000,43350,42150,43100,181198,-0.008055235903337121
2023-06-21,43250,43750,42500,43300,165177,0.004640371229698292
2023-06-22,43200,43450,42750,43300,95814,0.0
2023-06-23,43150,43400,42500,42900,115461,-0.009237875288683584
2023-06-26,42950,43500,42550,43100,145788,0.004662004662004726
2023-06-27,41350,41450,37600,40950,986352,-0.04988399071925753
2023-06-28,40450,40950,40000,40450,104653,-0.012210012210012167
2023-06-29,40800,40850,39650,39700,148808,-0.018541409147095234
2023-06-30,40000,40650,39700,40250,120207,0.01385390428211597
2023-07-03,39700,40350,39700,40000,137805,-0.006211180124223614
2023-07-04,39650,39850,38950,39100,152701,-0.022499999999999964
2023-07-05,38850,39850,38000,39550,167311,0.011508951406649537
2023-07-06,40450,40450,38750,39050,158403,-0.012642225031605614
2023-07-07,38600,39600,38600,39450,103669,0.010243277848911658
2023-07-10,39450,40500,38900,39650,122091,0.005069708491761693
2023-07-11,39900,40850,39500,40450,139303,0.020176544766708604
2023-07-12,40500,41000,40250,40250,115666,-0.0049443757725586845
2023-07-13,40700,41000,40150,40650,205068,0.009937888198757738
2023-07-14,40700,41000,39750,40750,199536,0.002460024600245969
2023-07-17,40350,42550,40350,42000,207850,0.030674846625766916
2023-07-18,42300,42400,41300,42150,135028,0.0035714285714285587
2023-07-19,42000,42800,41600,42100,141975,-0.0011862396204033177
2023-07-20,42000,43800,41750,43400,231429,0.030878859857482288
2023-07-21,43650,43800,41700,42100,153968,-0.02995391705069128
2023-07-24,41450,42100,40700,41200,207735,-0.02137767220902609
2023-07-25,40900,41800,40900,41750,120738,0.013349514563106846
2023-07-26,41800,41850,40000,40550,206719,-0.028742514970059863
2023-07-27,40700,42100,40400,41450,164878,0.022194821208384674
2023-07-28,41500,42700,40500,42000,145321,0.013268998793727338
2023-07-31,42550,42600,41600,41800,132628,-0.004761904761904745
2023-08-01,41600,43500,41500,43350,156192,0.037081339712918604
2023-08-02,43050,43100,40350,41650,293991,-0.039215686274509776
2023-08-03,41650,42200,41150,41200,106701,-0.010804321728691502
2023-08-04,41200,43150,41050,43100,189072,0.04611650485436902
2023-08-07,43100,44200,42500,42850,236484,-0.0058004640371229765
2023-08-08,42900,44100,42600,43300,277903,0.010501750291715295
2023-08-09,43300,44000,42700,43450,139347,0.0034642032332563577
2023-08-10,43500,46350,43050,46050,525526,0.05983889528193331
2023-08-11,45700,46000,44800,45350,284394,-0.015200868621064068
2023-08-14,45350,45400,41200,42300,447002,-0.06725468577728777
2023-08-16,42300,43100,41500,42550,166657,0.005910165484633634
2023-08-17,42500,43300,41700,42850,187451,0.007050528789659172
2023-08-18,42450,43450,42250,42900,149253,0.001166861143523823
2023-08-21,42900,43300,42150,42700,119678,-0.004662004662004615
2023-08-22,42700,47400,42200,46900,1084224,0.09836065573770503
2023-08-23,46300,50400,46200,49300,1525996,0.05117270788912576
2023-08-24,49000,49050,46300,47100,594767,-0.04462474645030423
2023-08-25,47100,47100,45800,45800,242925,-0.027600849256900206
2023-08-28,45800,46050,44750,45000,201836,-0.017467248908296984
2023-08-29,45300,45500,44400,45250,188855,0.005555555555555536
2023-08-30,45250,45700,44450,44700,168101,-0.012154696132596676
2023-08-31,44450,45600,44450,45000,174922,0.006711409395973256
2023-09-01,44850,45500,44400,44650,146400,-0.007777777777777772
2023-09-04,44750,45850,43250,44650,223742,0.0
2023-09-05,44600,44700,43600,43950,135824,-0.015677491601343796
2023-09-06,44000,44100,42700,42750,202620,-0.027303754266211566
2023-09-07,42300,42900,41250,41400,245607,-0.03157894736842104
2023-09-08,41400,42050,41350,41900,103889,0.012077294685990392
2023-09-11,41700,42500,40800,41900,173356,0.0
2023-09-12,42350,42600,41200,41200,112840,-0.01670644391408116
2023-09-13,41200,41750,40550,40900,145540,-0.007281553398058249
2023-09-14,40900,41800,40450,41600,181076,0.017114914425427896
2023-09-15,41650,42750,41600,42200,176647,0.014423076923076872
2023-09-18,42000,43100,41700,42500,143948,0.007109004739336511
2023-09-19,42350,42950,41850,42100,130822,-0.009411764705882342
2023-09-20,41950,43700,41950,43200,264609,0.026128266033254244
2023-09-21,43100,43500,42650,42800,138523,-0.0092592592592593
2023-09-22,42600,43700,41600,43250,176164,0.010514018691588856
2023-09-25,43600,44200,43250,43650,170257,0.009248554913294793
2023-09-26,43250,43750,42800,43000,130024,-0.014891179839633395
2023-09-27,42500,44150,42450,43800,137548,0.018604651162790642
2023-10-04,44150,44200,42900,43500,209175,-0.006849315068493178
2023-10-05,43500,43900,42500,42800,149974,-0.016091954022988464
2023-10-06,42850,44400,42800,44100,183944,0.030373831775700966
2023-10-10,44550,44550,43500,44100,176110,0.0
2023-10-11,44150,44850,44150,44800,123684,0.015873015873015817
2023-10-12,44950,45400,44350,45350,177122,0.01227678571428581
2023-10-13,44900,46400,44900,46050,292676,0.015435501653803696
2023-10-16,45950,46300,43300,43700,356155,-0.05103148751357223
2023-10-17,44000,44400,43400,44100,180307,0.009153318077803174
2023-10-18,44300,45950,44100,45700,351734,0.03628117913832196
2023-10-19,45100,46200,45100,46200,160569,0.010940919037199182
2023-10-20,46350,46600,45150,45450,290240,-0.016233766233766267
2023-10-23,45500,46150,45350,45950,197881,0.011001100110010986
2023-10-24,46300,47500,45650,46750,246181,0.017410228509249226
2023-10-25,46750,47700,44650,46000,240710,-0.016042780748663055
2023-10-26,46250,46950,45250,46700,236188,0.01521739130434785
2023-10-27,46700,46700,42400,43500,322501,-0.06852248394004279
2023-10-30,43700,44350,43500,44150,74681,0.014942528735632177
2023-10-31,44200,44700,42550,43200,225786,-0.021517553793884536
2023-11-01,43350,44050,41850,42350,166967,-0.01967592592592593
2023-11-02,42350,42700,41850,42300,93945,-0.0011806375442738881
2023-11-03,42700,43700,42400,43600,81562,0.030732860520094496
2023-11-06,44900,47000,44550,47000,206581,0.07798165137614688
2023-11-07,47150,48350,46250,47100,189820,0.0021276595744681437
2023-11-08,47350,48150,46850,47350,108976,0.005307855626327074
2023-11-09,46900,47800,46900,47650,113423,0.006335797254487963
2023-11-10,47100,48350,47050,48200,82224,0.011542497376705096
2023-11-13,48300,48450,47550,48250,62365,0.0010373443983402453
2023-11-14,48800,48800,47000,47900,76385,-0.007253886010362698
2023-11-15,48900,48900,48100,48650,89462,0.01565762004175375
2023-11-16,48600,48750,47200,47200,59177,-0.029804727646454254
2023-11-17,46850,47800,45750,47050,130064,-0.0031779661016949623
2023-11-20,47050,47250,45500,45950,87984,-0.023379383634431483
2023-11-21,46050,46450,45750,45750,35749,-0.0043525571273123065
2023-11-22,45300,46200,45200,45950,39936,0.004371584699453646
2023-11-23,45950,46250,45450,45950,46225,0.0
2023-11-24,45900,46100,44850,45500,62009,-0.009793253536452662
2023-11-27,45850,45850,45100,45450,53587,-0.001098901098901095
2023-11-28,45900,45900,45250,45700,44640,0.005500550055005604
2023-11-29,45450,46250,44100,44700,83468,-0.021881838074398252
2023-11-30,44700,45050,43950,44300,78211,-0.008948545861297563
2023-12-01,44050,44900,43750,43750,79447,-0.01241534988713322
2023-12-04,43950,45450,43200,45100,94385,0.030857142857142916
2023-12-05,44600,45850,43850,45200,94852,0.0022172949002217113
2023-12-06,45500,45900,44800,45000,40979,-0.004424778761061954
2023-12-07,44700,45100,44300,44600,52785,-0.008888888888888835
2023-12-08,44850,45000,44250,44350,31620,-0.005605381165919243
2023-12-11,44350,44600,43800,43950,57763,-0.009019165727170209
2023-12-12,44400,44700,43950,44200,75918,0.005688282138794021
2023-12-13,44500,44950,44050,44300,63174,0.002262443438914019
2023-12-14,44900,45600,44450,45100,202240,0.018058690744920947
2023-12-15,45000,46950,45000,45850,123467,0.016629711751662946
2023-12-18,45550,46650,45100,46050,79444,0.004362050163576825
2023-12-19,46050,46450,45750,46250,44794,0.004343105320304019
2023-12-20,46500,47100,45850,46350,104812,0.00216216216216214
2023-12-21,45800,46300,44600,44800,92860,-0.033441208198489725
2023-12-22,45000,45650,44850,45050,53033,0.005580357142857206
2023-12-26,45500,46150,45150,45900,108190,0.018867924528301883
2023-12-27,45450,45500,43550,44100,87983,-0.039215686274509776
2023-12-28,44500,44800,43850,44350,52717,0.005668934240362855
2024-01-02,44100,44700,42050,42500,117385,-0.04171364148816237
2024-01-03,42600,42650,41850,42100,69044,-0.009411764705882342
2024-01-04,42100,42550,41550,42000,53597,-0.002375296912114022
2024-01-05,42050,42500,41150,41650,55296,-0.008333333333333304
2024-01-08,41200,41750,40700,41150,51730,-0.01200480192076836
2024-01-09,41950,42100,41300,41750,37389,0.014580801944106936
2024-01-10,41650,42100,41100,41100,21782,-0.015568862275449069
2024-01-11,41600,41650,40550,40550,36340,-0.01338199513381999
2024-01-12,40600,40700,39500,40300,43157,-0.006165228113440224
2024-01-15,39800,41350,39800,40450,57746,0.003722084367245637
2024-01-16,40500,40850,39850,40200,43476,-0.006180469715698411
2024-01-17,40750,40750,39450,39950,37272,-0.006218905472636815
2024-01-18,39650,40300,39650,40150,28289,0.005006257822277815
2024-01-19,39800,41000,39800,39800,29863,-0.008717310087173136
2024-01-22,40200,40350,39400,39700,32167,-0.002512562814070307
2024-01-23,40450,40450,39650,40050,21557,0.00881612090680095
2024-01-24,39800,40000,39000,39350,60330,-0.017478152309613026
2024-01-25,39000,39700,38800,39700,32561,0.008894536213468918
2024-01-26,39350,40450,39200,40000,38852,0.007556675062972307
2024-01-29,40050,40450,39900,39900,25682,-0.0024999999999999467
2024-01-30,39900,40900,39900,40350,56683,0.011278195488721776
2024-01-31,40350,40800,39850,40600,36018,0.006195786864931829
2024-02-01,40000,41350,40000,41050,63230,0.011083743842364546
2024-02-02,40650,42000,40600,41650,60632,0.014616321559074219
2024-02-05,41500,41850,41000,41600,38635,-0.0012004801920768582
2024-02-06,40950,41750,40950,41500,26315,-0.0024038461538461453
2024-02-07,41950,42000,41450,41450,35346,-0.001204819277108471
2024-02-08,41850,42150,41250,41250,63775,-0.004825090470446325
2024-02-13,41750,42400,41350,42050,58618,0.019393939393939297
2024-02-14,41000,41900,40700,41400,56616,-0.015457788347205681
2024-02-15,42400,42400,41500,41550,39264,0.0036231884057971175
2024-02-16,42100,42800,41650,42500,69016,0.022864019253910906
2024-02-19,42500,43000,42350,42800,50616,0.007058823529411784
2024-02-20,42350,42800,41250,41300,47007,-0.03504672897196259
2024-02-21,41850,42150,41300,41500,30494,0.004842615012106588
2024-02-22,41900,41950,40900,41650,36003,0.0036144578313253017
2024-02-23,41700,42200,41050,41400,35103,-0.00600240096038418
2024-02-26,42000,42000,40750,40850,45517,-0.01328502415458932
2024-02-27,41300,41400,39950,40000,56902,-0.020807833537331732
2024-02-28,40450,40650,39750,40050,37366,0.0012499999999999734
2024-02-29,39850,40400,39800,39900,85948,-0.0037453183520599342
2024-03-04,40700,41200,40150,40550,96618,0.01629072681704269
2024-03-05,40100,40750,39600,40200,78109,-0.008631319358816225
2024-03-06,40500,40600,39700,39900,25449,-0.007462686567164201
2024-03-07,39900,40700,39700,40450,42239,0.013784461152882121
2024-03-08,41050,41400,40250,40600,41604,0.003708281829418958
2024-03-11,40000,41150,39000,40300,80449,-0.007389162561576401
2024-03-12,40750,40850,40000,40650,42950,0.008684863523573227
2024-03-13,40600,42450,40600,41900,163558,0.03075030750307506
2024-03-14,42300,42300,41050,41350,113645,-0.013126491646778038
2024-03-15,41050,41550,40350,40350,61807,-0.024183796856106388
2024-03-18,41300,41650,40550,40750,55829,0.00991325898389106
2024-03-19,40300,41150,40300,40850,39066,0.0024539877300613355
2024-03-20,41400,41400,40250,40450,28380,-0.009791921664626724
2024-03-21,41000,41700,40500,41300,67068,0.021013597033374465
2024-03-22,40850,41500,40600,40950,66880,-0.008474576271186418
2024-03-25,40950,41150,40100,40400,39872,-0.013431013431013383
2024-03-26,40900,41050,40350,40350,38877,-0.0012376237623762387
2024-03-27,40050,41050,40050,40750,63094,0.00991325898389106
2024-03-28,40750,42650,40650,41450,85687,0.01717791411042935
2024-03-29,41900,41950,41050,41050,33415,-0.00965018094089265
2024-04-01,41800,41800,40900,41400,30888,0.008526187576126665
2024-04-02,40950,41500,40600,40600,45887,-0.019323671497584516
2024-04-03,40500,40850,40050,40500,129609,-0.0024630541871921707
2024-04-04,41200,41250,40450,40500,38315,0.0
2024-04-05,40100,40500,40050,40250,37790,-0.006172839506172867
2024-04-08,40050,41150,39850,40450,69708,0.00496894409937898
2024-04-09,40950,40950,39950,40300,46739,-0.003708281829419069
2024-04-11,39750,40400,39300,39800,76253,-0.012406947890818865
2024-04-12,39550,40550,39500,40000,46478,0.005025125628140614
2024-04-15,40050,40450,39600,40350,48965,0.008750000000000036
2024-04-16,39950,40450,39750,40100,52165,-0.006195786864931829
2024-04-17,40100,40300,39300,39600,42900,-0.012468827930174564
2024-04-18,39950,40100,39450,40000,44532,0.010101010101010166
2024-04-19,39500,40000,39400,39500,57853,-0.012499999999999956
2024-04-22,40300,40450,39750,40450,64855,0.02405063291139231
2024-04-23,40100,40600,39950,40500,40425,0.0012360939431397266
2024-04-24,40800,40800,39850,40000,38749,-0.012345679012345734
2024-04-25,39650,40200,39650,39850,22727,-0.003750000000000031
2024-04-26,40150,40150,39900,40100,12437,0.006273525721455453
2024-04-29,40400,40500,39900,40500,32065,0.009975062344139696
2024-04-30,40100,40500,40000,40500,24088,0.0
2024-05-02,40000,40500,40000,40100,19799,-0.00987654320987652
2024-05-03,40450,40500,39950,40250,17576,0.0037406483790523026
2024-05-07,40400,40700,40050,40350,37944,0.00248447204968949
2024-05-08,40700,40750,40200,40500,29021,0.0037174721189590088
2024-05-09,40650,41150,40350,40450,76986,-0.0012345679012345512
2024-05-10,40850,41200,40450,40900,42319,0.011124845488257096
2024-05-13,40900,41000,40250,40600,44603,-0.007334963325183352
2024-05-14,40600,41600,40350,41150,79185,0.013546798029556717
2024-05-16,41750,42100,41200,41450,79132,0.007290400972053357
2024-05-17,40550,41050,40550,40850,35373,-0.014475271411338975
2024-05-20,41300,41350,40400,40500,45972,-0.008567931456548328
2024-05-21,40300,40600,39950,40000,49578,-0.012345679012345734
2024-05-22,39900,40950,39850,40000,48639,0.0
2024-05-23,39900,40700,39900,39950,27412,-0.0012499999999999734
2024-05-24,39850,40100,39350,39500,52799,-0.01126408010012514
2024-05-27,39650,40500,39550,39950,31414,0.0113924050632912
2024-05-28,39800,40100,39800,39800,29101,-0.003754693366708417
2024-05-29,39500,40500,38500,38850,90705,-0.023869346733668362
2024-05-30,38600,38800,37550,37750,96741,-0.028314028314028294
2024-05-31,37900,40150,37900,40150,107686,0.06357615894039736
2024-06-03,40150,40450,39700,40400,66303,0.0062266500622665255
2024-06-04,39900,40500,39800,40100,51968,-0.007425742574257432
2024-06-05,39950,40800,39700,40500,75555,0.009975062344139696
2024-06-07,40400,40950,39750,40100,102660,-0.00987654320987652
2024-06-10,39800,40750,39650,40200,47449,0.0024937655860348684
2024-06-11,40200,40750,39750,40150,58835,-0.0012437810945273853
2024-06-12,39900,41350,39900,41000,87690,0.021170610211706187
2024-06-13,41050,42600,40750,42200,218883,0.029268292682926855
2024-06-14,41800,44200,41700,44150,202864,0.04620853080568721
2024-06-17,43750,44250,42750,43300,65940,-0.01925254813137034
2024-06-18,43300,44200,42900,43600,55392,0.006928406466512715
2024-06-19,44000,44350,42700,43950,88344,0.008027522935779796
2024-06-20,43600,47350,43600,46850,268475,0.0659840728100114
2024-06-21,46350,47400,45700,46350,122654,-0.01067235859124871
2024-06-24,46500,47400,45700,46750,139061,0.008629989212513456
2024-06-25,47200,47500,46000,46650,128423,-0.002139037433155133
2024-06-26,46400,47300,45850,46100,100386,-0.011789924973204746
2024-06-27,44700,45050,43100,43200,96218,-0.06290672451193058
2024-06-28,43200,45100,42900,44250,77409,0.02430555555555558
2024-07-01,43950,44150,41600,43000,67528,-0.02824858757062143
2024-07-02,42500,43000,41750,41950,50345,-0.024418604651162745
2024-07-03,41900,42200,41200,41450,59124,-0.011918951132300348
2024-07-04,41400,42400,41250,42350,42930,0.02171290711700835
2024-07-05,42500,42850,41950,42250,56008,-0.0023612750885477762
2024-07-08,41700,42450,41600,42050,21553,-0.004733727810650845
2024-07-09,42450,42650,41950,42250,17790,0.0047562425683709275
2024-07-10,42200,42900,42050,42300,24609,0.0011834319526626835
2024-07-11,42850,42850,41600,41600,75228,-0.01654846335697402
2024-07-12,42200,43650,42100,43050,89100,0.03485576923076916
2024-07-15,44200,45450,43750,43950,138316,0.020905923344947785
2024-07-16,44850,48500,44050,47950,514515,0.09101251422070544
2024-07-17,47450,48300,46300,46900,138410,-0.021897810218978075
2024-07-18,46500,46700,43850,44250,218536,-0.05650319829424311
2024-07-19,44200,47400,43050,46000,286450,0.039548022598870025
2024-07-22,46200,46250,43450,43900,195082,-0.04565217391304344
2024-07-23,43550,44000,42950,43250,66114,-0.014806378132118492
2024-07-24,42950,43450,42550,42950,64206,-0.006936416184971095
2024-07-25,43350,43500,42150,42200,107966,-0.0174621653084982
2024-07-26,42200,42650,42100,42500,80545,0.007109004739336511
2024-07-29,42550,42750,41900,42000,105743,-0.0117647058823529
2024-07-30,41700,42350,41500,41600,94049,-0.00952380952380949
2024-07-31,42000,43000,41550,42650,59173,0.02524038461538458
2024-08-01,42550,44000,42550,43500,66461,0.01992966002344665
2024-08-02,43000,43300,42400,43100,41363,-0.00919540229885063
2024-08-05,41650,42000,39100,39750,213734,-0.07772621809744784
2024-08-06,40250,42100,40000,40700,119219,0.023899371069182385
2024-08-07,40250,41700,40200,41000,60396,0.0073710073710073765
2024-08-08,41000,42350,40550,41450,100338,0.01097560975609757
2024-08-09,41650,42500,41600,42150,46942,0.016887816646562026
2024-08-12,42200,42750,42100,42500,35267,0.008303677342823335
2024-08-13,42200,42800,42100,42100,37463,-0.009411764705882342
2024-08-14,42350,42650,42200,42450,26653,0.008313539192398967
2024-08-16,43000,43900,42450,43200,97823,0.0176678445229681
2024-08-19,43700,43800,42950,43350,55491,0.003472222222222321
2024-08-20,43750,43850,43100,43200,43112,-0.0034602076124568004
2024-08-21,43600,43850,43150,43850,43303,0.01504629629629628
2024-08-22,43850,43950,42850,43100,82060,-0.01710376282782211
2024-08-23,43300,43400,42600,42900,37879,-0.004640371229698403
2024-08-26,42950,43500,42900,43400,38699,0.011655011655011593
2024-08-27,43700,43700,42150,43100,56826,-0.00691244239631339
2024-08-28,42800,43300,42500,42750,35103,-0.008120649651972123
2024-08-29,43050,43050,42050,42400,40152,-0.008187134502923965
2024-08-30,42800,42800,41850,42000,43396,-0.009433962264150941
2024-09-02,41950,42200,41550,41950,43765,-0.0011904761904761862
2024-09-03,41950,42850,41900,42650,28859,0.016686531585220488
2024-09-04,42500,42500,41350,41700,56371,-0.022274325908558046
2024-09-05,41850,42450,41600,42050,25593,0.008393285371702586
2024-09-06,42300,42300,40750,41600,54901,-0.010701545778834753
2024-09-09,41000,42000,39600,41900,29646,0.007211538461538547
2024-09-10,41600,42150,41450,41700,22851,-0.004773269689737458
2024-09-11,42000,42050,41400,41900,28492,0.004796163069544335
2024-09-12,42000,42400,41400,42100,77641,0.004773269689737569
2024-09-13,42550,43150,41750,43150,60311,0.02494061757719712
2024-09-19,43550,43750,42850,43450,62888,0.006952491309385911
2024-09-20,43450,43650,42350,42350,44892,-0.025316455696202556
2024-09-23,42900,43700,42300,43200,83748,0.02007083825265643
2024-09-24,43750,43750,43000,43600,37401,0.0092592592592593
2024-09-25,44950,45650,43450,43550,110240,-0.0011467889908256534
2024-09-26,44000,44150,43300,43750,74814,0.004592422502870175
2024-09-27,43600,45200,43450,44150,87589,0.00914285714285712
2024-09-30,44550,45850,44150,45500,129260,0.0305775764439411
2024-10-02,45450,45800,43750,43750,70073,-0.038461538461538436
2024-10-04,43750,44150,43400,43800,31050,0.0011428571428571122
2024-10-07,43800,44150,43300,43800,40378,0.0
2024-10-08,43700,44000,43050,43050,48643,-0.017123287671232834
2024-10-10,43700,44550,43200,43550,96389,0.011614401858304202
2024-10-11,44000,44300,43600,43900,171566,0.008036739380022917
2024-10-14,43850,44200,43050,43500,58573,-0.009111617312072884
2024-10-15,43450,43950,43250,43900,46777,0.009195402298850519
2024-10-16,43500,44100,42900,42900,67486,-0.02277904328018221
2024-10-17,43400,45350,43300,44100,117944,0.027972027972027913
2024-10-18,44550,45000,44000,44750,96814,0.01473922902494329
2024-10-21,45000,45050,44300,44550,50158,-0.004469273743016755
2024-10-22,43650,44700,43050,44200,89378,-0.007856341189674487
2024-10-23,44450,45200,44200,44500,68765,0.006787330316742057
2024-10-24,44800,45100,44350,44900,52573,0.008988764044943753
2024-10-25,44650,44850,44250,44600,45837,-0.006681514476614692
2024-10-28,44600,45200,44350,45200,33275,0.013452914798206317
2024-10-29,45400,47400,44950,46700,194517,0.0331858407079646
2024-10-30,47000,47000,46000,46700,47120,0.0
2024-10-31,46800,47400,45900,47300,80695,0.012847965738758127
2024-11-01,46900,47050,45700,45900,66002,-0.029598308668076112
2024-11-04,45700,45750,44600,45500,83664,-0.008714596949891074
2024-11-05,45000,45700,44700,45650,48084,0.003296703296703285
2024-11-06,45500,48700,45500,47400,231043,0.0383351588170866
2024-11-07,46800,47500,46650,47400,84385,0.0
2024-11-08,47900,51800,47250,50800,528355,0.07172995780590719
2024-11-11,50500,51000,48600,50200,216245,-0.011811023622047223
2024-11-12,49800,51800,48350,48950,177717,-0.02490039840637448
2024-11-13,48550,49050,47500,48100,137177,-0.01736465781409602
2024-11-14,48050,49400,46350,48250,230517,0.0031185031185030354
2024-11-15,49750,52900,48800,51700,453398,0.07150259067357512
2024-11-18,51500,52000,50200,51100,158652,-0.011605415860735047
2024-11-19,50800,51900,50200,50500,93004,-0.011741682974559686
2024-11-20,50600,51900,50100,51700,100702,0.023762376237623783
2024-11-21,52200,52300,50500,51600,93366,-0.0019342359767892114
2024-11-22,51200,51800,50700,51000,56248,-0.011627906976744207
2024-11-25,51800,53200,51500,51800,145786,0.015686274509803866
2024-11-26,51700,52900,51300,51700,96699,-0.0019305019305019266
2024-11-27,54600,55700,52900,53800,556616,0.04061895551257244
2024-11-28,53800,54000,52600,52900,116321,-0.016728624535315983
2024-11-29,53000,54300,52500,53400,126373,0.00945179584120992
2024-12-02,54200,54600,51800,51900,150409,-0.028089887640449396
2024-12-03,52400,52400,50800,51500,88933,-0.0077071290944122905
2024-12-04,51400,53900,50400,53300,296706,0.03495145631067964
2024-12-05,52300,53700,51500,52400,141827,-0.016885553470919357
2024-12-06,52400,52600,50600,51700,230206,-0.013358778625954248
2024-12-09,51000,51400,48200,48600,255511,-0.05996131528046422
2024-12-10,49100,50500,48800,48850,110432,0.005144032921810648
2024-12-11,49050,50000,48650,50000,60303,0.023541453428863823
2024-12-12,50500,51600,49500,50400,313622,0.008000000000000007
2024-12-13,51800,58000,51600,57100,900536,0.1329365079365079
2024-12-16,57800,60500,56100,56700,373889,-0.007005253940455369
2024-12-17,57100,57300,54900,56700,244274,0.0
2024-12-18,56400,59200,56400,58500,264098,0.031746031746031855
2024-12-19,58600,59300,56700,58700,254662,0.0034188034188034067
2024-12-20,58900,59800,58200,58900,161646,0.0034071550255536653
2024-12-23,58900,60500,58700,59100,232146,0.00339558573853993
2024-12-24,59000,59500,58200,59500,152368,0.006768189509306355
2024-12-26,59700,60100,57500,58600,284163,-0.015126050420168013
2024-12-27,55500,55900,52800,54000,372477,-0.07849829351535831
2024-12-30,53300,53700,51800,52400,190796,-0.029629629629629672
2025-01-02,52200,52200,50100,51100,284631,-0.024809160305343525
2025-01-03,50900,51500,50700,50800,165098,-0.005870841487279899
2025-01-06,51000,51100,48600,49100,387261,-0.03346456692913391
2025-01-07,49100,49750,48400,49200,218592,0.0020366598778003286
2025-01-08,48900,49200,48450,48700,181185,-0.010162601626016232
2025-01-09,48800,48800,47550,48100,362363,-0.012320328542094416
2025-01-10,48050,49350,47350,49100,245807,0.02079002079002068
2025-01-13,49000,50400,48400,49100,334592,0.0
2025-01-14,49400,50500,49350,50200,178607,0.022403258655804503
2025-01-15,50600,51400,49850,50200,121219,0.0
2025-01-16,50700,50800,49400,50300,142746,0.0019920318725099584
2025-01-17,49900,50700,49700,50500,128404,0.003976143141153132
2025-01-20,50500,50600,49650,49800,91390,-0.013861386138613874
2025-01-21,49500,51700,49500,51000,377443,0.024096385542168752
2025-01-22,50900,53200,50700,52700,253422,0.03333333333333344
2025-01-23,53100,53700,51500,51700,177817,-0.018975332068311146
2025-01-24,52000,54500,51100,54000,275007,0.044487427466150864
2025-01-31,53000,53500,51600,53000,180143,-0.01851851851851849
2025-02-03,51600,52500,50000,50200,172149,-0.05283018867924527
2025-02-04,50800,51700,49800,49900,179480,-0.005976095617529875
2025-02-05,49950,51100,49950,50600,101513,0.014028056112224352
2025-02-06,51000,52400,50800,52000,111339,0.027667984189723382
2025-02-07,51500,52500,51400,51400,72411,-0.011538461538461497
2025-02-10,52200,53900,51900,53200,208125,0.035019455252918386
2025-02-11,52800,56400,52400,55100,289538,0.03571428571428581
2025-02-12,55100,55200,53600,53700,99221,-0.025408348457350294
2025-02-13,54300,57900,53800,55700,341089,0.03724394785847296
2025-02-14,55700,57000,54900,56200,144560,0.008976660682226134
2025-02-17,56600,57100,54900,55700,125215,-0.008896797153024938
2025-02-18,55200,57700,54900,56100,200275,0.007181328545780907
2025-02-19,56300,56500,55000,56100,120283,0.0
2025-02-20,55600,56300,54600,55200,156446,-0.016042780748663055
2025-02-21,55200,55200,54000,54500,104738,-0.0126811594202898
2025-02-24,53800,54600,53600,54500,78794,0.0
2025-02-25,54000,55100,53600,55000,98033,0.00917431192660545
2025-02-26,55100,57000,54700,56600,173658,0.029090909090909056
2025-02-27,56600,57200,56000,57100,112000,0.008833922261484162
2025-02-28,56600,57500,55000,55000,149287,-0.03677758318739055
2025-03-04,55000,56300,53200,55700,80613,0.012727272727272698
2025-03-05,56200,57000,55700,56600,110596,0.016157989228007263
2025-03-06,56600,58000,55700,56400,133468,-0.0035335689045936647
2025-03-07,55800,56400,53500,53700,203196,-0.0478723404255319
