Date,Open,High,Low,Close,Volume,Change
2022-01-03,1295,1325,1290,1325,158899,0.03112840466926059
2022-01-04,1325,1330,1280,1315,258098,-0.007547169811320753
2022-01-05,1315,1330,1275,1285,216485,-0.02281368821292773
2022-01-06,1270,1305,1220,1225,407113,-0.046692607003890996
2022-01-07,1230,1275,1230,1260,108369,0.02857142857142847
2022-01-10,1270,1315,1260,1295,287585,0.02777777777777768
2022-01-11,1295,1320,1270,1300,358902,0.0038610038610038533
2022-01-12,1300,1410,1290,1410,1270999,0.08461538461538454
2022-01-13,1405,1415,1370,1410,548296,0.0
2022-01-14,1400,1400,1330,1330,542473,-0.05673758865248224
2022-01-17,1330,1345,1280,1305,214608,-0.018796992481203034
2022-01-18,1300,1325,1265,1270,211608,-0.026819923371647514
2022-01-19,1285,1585,1275,1510,18419228,0.18897637795275601
2022-01-20,1510,1525,1440,1495,3350002,-0.009933774834437137
2022-01-21,1495,1500,1410,1450,1759888,-0.030100334448160515
2022-01-24,1420,1450,1380,1450,844800,0.0
2022-01-25,1430,1445,1320,1340,1124538,-0.07586206896551728
2022-01-26,1340,1395,1320,1360,512135,0.014925373134328401
2022-01-27,1355,1390,1305,1320,626000,-0.02941176470588236
2022-01-28,1325,1390,1315,1380,565405,0.045454545454545414
2022-02-03,1380,1450,1380,1440,959866,0.04347826086956519
2022-02-04,1440,1475,1425,1465,828900,0.01736111111111116
2022-02-07,1465,1470,1370,1445,671474,-0.013651877133105783
2022-02-08,1440,1455,1375,1415,621415,-0.02076124567474047
2022-02-09,1415,1460,1410,1450,486383,0.02473498233215543
2022-02-10,1450,1450,1365,1395,458611,-0.037931034482758585
2022-02-11,1375,1385,1335,1335,287327,-0.043010752688172005
2022-02-14,1320,1320,1245,1245,624162,-0.0674157303370787
2022-02-15,1235,1260,1185,1230,380843,-0.012048192771084376
2022-02-16,1245,1275,1240,1260,239835,0.024390243902439046
2022-02-17,1275,1310,1225,1245,492619,-0.011904761904761862
2022-02-18,1240,1290,1230,1290,212976,0.03614457831325302
2022-02-21,1280,1285,1230,1270,271592,-0.015503875968992276
2022-02-22,1245,1260,1205,1225,322513,-0.03543307086614178
2022-02-23,1220,1285,1220,1280,413259,0.044897959183673564
2022-02-24,1255,1305,1250,1290,306396,0.0078125
2022-02-25,1290,1305,1250,1300,301177,0.007751937984496138
2022-02-28,1300,1310,1280,1300,179195,0.0
2022-03-02,1295,1310,1260,1285,306304,-0.011538461538461497
2022-03-03,1315,1370,1295,1360,556658,0.05836575875486383
2022-03-04,1360,1375,1335,1365,350890,0.003676470588235281
2022-03-07,1370,1375,1340,1350,273701,-0.01098901098901095
2022-03-08,1345,1345,1305,1310,174890,-0.029629629629629672
2022-03-10,1315,1360,1310,1335,227215,0.01908396946564883
2022-03-11,1340,1365,1335,1355,163635,0.014981273408239737
2022-03-14,1355,1375,1315,1325,186877,-0.022140221402214055
2022-03-15,1310,1320,1280,1300,218955,-0.018867924528301883
2022-03-16,1300,1310,1270,1285,208410,-0.011538461538461497
2022-03-17,1295,1370,1295,1360,518383,0.05836575875486383
2022-03-18,1365,1415,1365,1390,646151,0.022058823529411686
2022-03-21,1390,1395,1370,1395,204401,0.003597122302158251
2022-03-22,1395,1415,1385,1395,326317,0.0
2022-03-23,1395,1420,1385,1385,377391,-0.007168458781361964
2022-03-24,1385,1390,1350,1380,429107,-0.0036101083032491488
2022-03-25,1385,1385,1355,1375,226002,-0.0036231884057971175
2022-03-28,1385,1405,1360,1375,285607,0.0
2022-03-29,1380,1415,1370,1390,225808,0.01090909090909098
2022-03-30,1400,1400,1380,1385,101998,-0.003597122302158251
2022-03-31,1385,1385,1365,1370,225073,-0.010830324909747335
2022-04-01,1370,1385,1350,1350,331530,-0.014598540145985384
2022-04-04,1350,1420,1350,1415,374588,0.04814814814814805
2022-04-05,1425,1425,1375,1405,341823,-0.007067137809187329
2022-04-06,1410,1415,1380,1385,245926,-0.014234875444839812
2022-04-07,1380,1380,1315,1335,356941,-0.03610108303249093
2022-04-08,1325,1355,1305,1335,170283,0.0
2022-04-11,1335,1340,1305,1325,100928,-0.0074906367041198685
2022-04-12,1310,1330,1265,1295,217822,-0.02264150943396226
2022-04-13,1300,1330,1290,1325,94605,0.02316602316602312
2022-04-14,1330,1355,1310,1350,240463,0.018867924528301883
2022-04-15,1355,1410,1345,1410,580824,0.04444444444444451
2022-04-18,1410,1420,1365,1395,317740,-0.010638297872340385
2022-04-19,1395,1405,1380,1395,177599,0.0
2022-04-20,1425,1425,1380,1385,326361,-0.007168458781361964
2022-04-21,1390,1400,1385,1390,131472,0.0036101083032491488
2022-04-22,1390,1400,1370,1390,108504,0.0
2022-04-25,1370,1375,1330,1340,214358,-0.03597122302158273
2022-04-26,1335,1360,1335,1350,115124,0.00746268656716409
2022-04-27,1345,1370,1325,1360,239446,0.007407407407407307
2022-04-28,1365,1375,1330,1360,195184,0.0
2022-04-29,1370,1370,1335,1335,236500,-0.018382352941176516
2022-05-02,1335,1360,1330,1350,177940,0.011235955056179803
2022-05-03,1350,1365,1335,1340,213214,-0.007407407407407418
2022-05-04,1340,1410,1340,1365,594139,0.018656716417910557
2022-05-06,1340,1405,1340,1380,307896,0.01098901098901095
2022-05-09,1380,1380,1290,1290,394388,-0.06521739130434778
2022-05-10,1275,1290,1220,1280,300834,-0.007751937984496138
2022-05-11,1280,1290,1260,1280,111900,0.0
2022-05-12,1280,1300,1230,1255,263006,-0.01953125
2022-05-13,1245,1285,1240,1260,119637,0.003984063745019917
2022-05-16,1285,1330,1250,1285,228621,0.01984126984126977
2022-05-17,1305,1315,1270,1280,139387,-0.0038910505836575737
2022-05-18,1295,1320,1280,1290,125330,0.0078125
2022-05-19,1275,1340,1260,1310,271342,0.015503875968992276
2022-05-20,1310,1330,1300,1310,150352,0.0
2022-05-23,1320,1320,1280,1305,205039,-0.003816793893129722
2022-05-24,1320,1320,1265,1265,169109,-0.03065134099616862
2022-05-25,1255,1270,1250,1255,127170,-0.007905138339920903
2022-05-26,1255,1280,1250,1260,135419,0.003984063745019917
2022-05-27,1265,1290,1235,1250,320346,-0.007936507936507908
2022-05-30,1255,1275,1255,1270,108220,0.016000000000000014
2022-05-31,1270,1295,1265,1270,158116,0.0
2022-06-02,1275,1325,1270,1290,293114,0.015748031496062964
2022-06-03,1285,1295,1275,1295,78034,0.003875968992248069
2022-06-07,1290,1300,1255,1275,189346,-0.015444015444015413
2022-06-08,1265,1290,1240,1250,277274,-0.019607843137254943
2022-06-09,1250,1255,1230,1245,222633,-0.0040000000000000036
2022-06-10,1235,1350,1210,1260,1916565,0.012048192771084265
2022-06-13,1230,1240,1205,1210,338604,-0.03968253968253965
2022-06-14,1185,1210,1140,1180,308142,-0.024793388429752095
2022-06-15,1170,1180,1105,1120,338552,-0.05084745762711862
2022-06-16,1120,1165,1115,1125,179848,0.0044642857142858094
2022-06-17,1115,1115,1080,1100,263424,-0.022222222222222254
2022-06-20,1100,1120,1000,1030,852837,-0.0636363636363636
2022-06-21,1030,1045,1010,1035,159310,0.004854368932038833
2022-06-22,1050,1060,1005,1005,204331,-0.02898550724637683
2022-06-23,995,1040,962,997,399384,-0.007960199004975133
2022-06-24,997,1050,976,1045,179437,0.0481444332998997
2022-06-27,1055,1100,1045,1090,173935,0.04306220095693769
2022-06-28,1080,1105,1065,1080,86462,-0.00917431192660545
2022-06-29,1070,1100,1060,1095,119294,0.01388888888888884
2022-06-30,1095,1100,1055,1055,188710,-0.0365296803652968
2022-07-01,1045,1095,1040,1060,113034,0.004739336492890933
2022-07-04,1055,1055,1020,1055,146989,-0.004716981132075526
2022-07-05,1055,1090,1040,1075,69683,0.018957345971563955
2022-07-06,1085,1085,1055,1060,67901,-0.013953488372092981
2022-07-07,1070,1100,1050,1100,109920,0.037735849056603765
2022-07-08,1110,1120,1085,1100,148134,0.0
2022-07-11,1105,1115,1085,1100,70519,0.0
2022-07-12,1100,1100,1065,1075,76254,-0.022727272727272707
2022-07-13,1060,1090,1060,1080,148847,0.0046511627906977715
2022-07-14,1080,1100,1070,1100,57915,0.0185185185185186
2022-07-15,1100,1110,1080,1100,73493,0.0
2022-07-18,1100,1125,1095,1115,57605,0.013636363636363669
2022-07-19,1095,1110,1085,1105,123576,-0.008968609865470878
2022-07-20,1110,1135,1110,1115,119854,0.009049773755656076
2022-07-21,1125,1145,1115,1145,148830,0.026905829596412634
2022-07-22,1145,1155,1135,1145,59103,0.0
2022-07-25,1145,1145,1120,1130,78780,-0.013100436681222738
2022-07-26,1130,1130,1110,1115,95878,-0.013274336283185861
2022-07-27,1115,1115,1095,1115,115823,0.0
2022-07-28,1125,1140,1125,1130,55440,0.013452914798206317
2022-07-29,1130,1140,1120,1135,94706,0.004424778761061843
2022-08-01,1135,1135,1115,1120,97069,-0.013215859030836996
2022-08-02,1120,1150,1100,1150,192822,0.02678571428571419
2022-08-03,1145,1150,1120,1120,92251,-0.02608695652173909
2022-08-04,1125,1145,1125,1140,140262,0.017857142857142794
2022-08-05,1140,1170,1140,1170,144464,0.026315789473684292
2022-08-08,1175,1200,1165,1180,161524,0.008547008547008517
2022-08-09,1180,1185,1160,1180,160797,0.0
2022-08-10,1175,1175,1140,1145,201277,-0.029661016949152574
2022-08-11,1145,1215,1145,1195,291142,0.04366812227074246
2022-08-12,1215,1225,1195,1220,341678,0.02092050209205021
2022-08-16,1220,1260,1195,1255,475350,0.028688524590164022
2022-08-17,1255,1255,1205,1210,292526,-0.03585657370517925
2022-08-18,1205,1260,1195,1240,374316,0.024793388429751984
2022-08-19,1255,1270,1235,1240,180903,0.0
2022-08-22,1220,1225,1175,1210,234700,-0.024193548387096753
2022-08-23,1195,1225,1185,1200,166670,-0.008264462809917328
2022-08-24,1200,1220,1185,1215,87436,0.012499999999999956
2022-08-25,1230,1245,1210,1225,101423,0.008230452674897082
2022-08-26,1225,1245,1195,1195,139276,-0.024489795918367308
2022-08-29,1175,1185,1145,1155,286617,-0.03347280334728031
2022-08-30,1145,1215,1145,1210,219558,0.04761904761904767
2022-08-31,1210,1225,1190,1225,139213,0.012396694214876103
2022-09-01,1225,1230,1180,1180,119637,-0.03673469387755102
2022-09-02,1175,1200,1170,1195,156725,0.012711864406779627
2022-09-05,1195,1210,1170,1185,109432,-0.008368200836820106
2022-09-06,1175,1200,1170,1190,69813,0.00421940928270037
2022-09-07,1200,1210,1150,1180,202219,-0.008403361344537785
2022-09-08,1170,1210,1170,1200,80774,0.016949152542372836
2022-09-13,1210,1255,1200,1210,104945,0.008333333333333304
2022-09-14,1195,1210,1170,1205,81420,-0.004132231404958664
2022-09-15,1205,1210,1165,1180,110943,-0.020746887966805017
2022-09-16,1175,1180,1130,1135,140002,-0.03813559322033899
2022-09-19,1125,1140,1090,1110,147743,-0.022026431718061623
2022-09-20,1110,1150,1105,1150,84351,0.03603603603603611
2022-09-21,1150,1160,1125,1140,111673,-0.008695652173912993
2022-09-22,1105,1130,1070,1095,259277,-0.03947368421052633
2022-09-23,1090,1095,1055,1065,137596,-0.0273972602739726
2022-09-26,1050,1055,980,990,197174,-0.07042253521126762
2022-09-27,990,1005,979,1000,161719,0.010101010101010166
2022-09-28,994,1025,950,974,112417,-0.026000000000000023
2022-09-29,984,1010,968,968,89042,-0.006160164271047264
2022-09-30,968,1010,962,997,98964,0.029958677685950397
2022-10-04,1025,1040,1000,1025,159412,0.028084252758274753
2022-10-05,1040,1055,1025,1055,171885,0.029268292682926855
2022-10-06,1070,1075,1055,1055,53392,0.0
2022-10-07,1055,1065,1020,1020,99932,-0.033175355450236976
2022-10-11,1025,1040,973,1040,156240,0.019607843137254832
2022-10-12,1005,1005,981,984,112544,-0.05384615384615388
2022-10-13,982,982,944,946,142683,-0.03861788617886175
2022-10-14,946,999,946,996,105330,0.052854122621564414
2022-10-17,995,1010,978,1010,89649,0.014056224899598346
2022-10-18,1015,1030,999,1000,98817,-0.00990099009900991
2022-10-19,1005,1020,1000,1020,85149,0.020000000000000018
2022-10-20,1020,1055,994,1005,77470,-0.014705882352941124
2022-10-21,990,994,978,978,74803,-0.0268656716417911
2022-10-24,980,1020,980,1000,116886,0.02249488752556239
2022-10-25,1000,1045,995,1040,202885,0.040000000000000036
2022-10-26,1050,1065,1035,1060,94096,0.019230769230769162
2022-10-27,1060,1060,1030,1055,66405,-0.004716981132075526
2022-10-28,1055,1055,1015,1015,90979,-0.03791469194312791
2022-10-31,1015,1065,1005,1065,92746,0.049261083743842304
2022-11-01,1080,1085,1055,1075,79670,0.009389671361502261
2022-11-02,1075,1100,1060,1075,87824,0.0
2022-11-03,1035,1065,1030,1050,69531,-0.023255813953488413
2022-11-04,1040,1055,1025,1040,71797,-0.00952380952380949
2022-11-07,1040,1060,1030,1045,55290,0.004807692307692291
2022-11-08,1045,1065,1045,1060,66432,0.014354066985645897
2022-11-09,1060,1070,1040,1040,119719,-0.018867924528301883
2022-11-10,1035,1035,1010,1025,100847,-0.014423076923076872
2022-11-11,1045,1060,1035,1035,167154,0.009756097560975618
2022-11-14,1035,1065,1035,1055,101774,0.019323671497584627
2022-11-15,1060,1140,1060,1115,230238,0.056872037914691864
2022-11-16,1115,1150,1105,1150,274258,0.03139013452914807
2022-11-17,1140,1145,1115,1135,115146,-0.013043478260869601
2022-11-18,1130,1145,1125,1130,97506,-0.004405286343612369
2022-11-21,1120,1130,1085,1095,154501,-0.030973451327433676
2022-11-22,1085,1105,1075,1080,153981,-0.013698630136986356
2022-11-23,1080,1105,1065,1105,188546,0.02314814814814814
2022-11-24,1115,1155,1105,1140,225311,0.03167420814479649
2022-11-25,1145,1155,1105,1110,134348,-0.02631578947368418
2022-11-28,1115,1125,1085,1085,108642,-0.022522522522522515
2022-11-29,1075,1125,1070,1125,148785,0.03686635944700467
2022-11-30,1135,1155,1125,1155,170502,0.026666666666666616
2022-12-01,1165,1185,1155,1175,165734,0.017316017316017396
2022-12-02,1175,1220,1170,1180,343312,0.004255319148936065
2022-12-05,1180,1235,1180,1200,260651,0.016949152542372836
2022-12-06,1200,1300,1170,1170,725083,-0.025000000000000022
2022-12-07,1160,1270,1155,1215,331824,0.03846153846153855
2022-12-08,1205,1240,1200,1235,128300,0.016460905349794164
2022-12-09,1225,1300,1225,1250,436509,0.012145748987854255
2022-12-12,1250,1305,1250,1270,216034,0.016000000000000014
2022-12-13,1260,1305,1255,1300,198609,0.023622047244094446
2022-12-14,1290,1305,1260,1300,369887,0.0
2022-12-15,1300,1325,1260,1295,236791,-0.0038461538461538325
2022-12-16,1285,1305,1265,1290,120339,-0.0038610038610038533
2022-12-19,1275,1285,1255,1255,60916,-0.027131782945736482
2022-12-20,1245,1290,1235,1235,60367,-0.015936254980079667
2022-12-21,1235,1260,1230,1240,87271,0.004048582995951344
2022-12-22,1245,1295,1245,1265,86292,0.02016129032258074
2022-12-23,1275,1275,1195,1195,97105,-0.055335968379446654
2022-12-26,1185,1190,1150,1150,132924,-0.03765690376569042
2022-12-27,1150,1170,1145,1165,97445,0.01304347826086949
2022-12-28,1175,1190,1170,1170,53158,0.0042918454935623185
2022-12-29,1160,1170,1145,1160,50131,-0.008547008547008517
2023-01-02,1150,1160,1090,1095,165835,-0.05603448275862066
2023-01-03,1095,1120,1060,1120,90654,0.022831050228310446
2023-01-04,1115,1140,1090,1140,54616,0.017857142857142794
2023-01-05,1155,1160,1125,1150,147466,0.00877192982456143
2023-01-06,1150,1160,1115,1140,90134,-0.008695652173912993
2023-01-09,1145,1170,1145,1160,31965,0.01754385964912286
2023-01-10,1160,1195,1160,1195,62675,0.030172413793103425
2023-01-11,1200,1235,1195,1225,76556,0.025104602510460206
2023-01-12,1225,1230,1210,1220,48920,-0.004081632653061273
2023-01-13,1220,1230,1205,1205,33432,-0.012295081967213073
2023-01-16,1205,1210,1185,1195,57110,-0.008298755186721962
2023-01-17,1205,1205,1160,1165,67082,-0.025104602510460206
2023-01-18,1170,1175,1140,1140,82465,-0.02145922746781115
2023-01-19,1140,1150,1125,1130,31066,-0.00877192982456143
2023-01-20,1130,1145,1120,1130,27754,0.0
2023-01-25,1147,1160,1130,1135,90558,0.004424778761061843
2023-01-26,1136,1180,1136,1180,98881,0.0396475770925111
2023-01-27,1180,1190,1166,1189,49400,0.007627118644067732
2023-01-30,1189,1204,1170,1202,86713,0.010933557611438216
2023-01-31,1190,1225,1190,1214,67468,0.009983361064891838
2023-02-01,1214,1240,1207,1237,67934,0.018945634266886335
2023-02-02,1237,1238,1170,1210,105788,-0.021827000808407382
2023-02-03,1210,1210,1190,1200,49506,-0.008264462809917328
2023-02-06,1200,1201,1180,1186,137081,-0.011666666666666714
2023-02-07,1186,1257,1181,1237,109315,0.04300168634064083
2023-02-08,1237,1265,1230,1238,84955,0.0008084074373484462
2023-02-09,1250,1309,1242,1273,443348,0.028271405492730217
2023-02-10,1273,1288,1220,1249,149767,-0.01885310290651998
2023-02-13,1249,1249,1202,1202,78914,-0.03763010408326661
2023-02-14,1203,1230,1203,1210,77135,0.006655574043261225
2023-02-15,1214,1238,1190,1190,136072,-0.016528925619834656
2023-02-16,1182,1229,1182,1228,90338,0.031932773109243806
2023-02-17,1237,1240,1216,1216,123101,-0.009771986970684043
2023-02-20,1224,1235,1202,1235,92220,0.015625
2023-02-21,1242,1242,1224,1232,52879,-0.0024291497975708065
2023-02-22,1226,1240,1215,1215,78090,-0.01379870129870131
2023-02-23,1203,1218,1201,1216,73418,0.0008230452674897748
2023-02-24,1223,1226,1193,1198,95099,-0.014802631578947345
2023-02-27,1183,1215,1170,1186,111412,-0.01001669449081799
2023-02-28,1186,1220,1185,1215,162527,0.024451939291736835
2023-03-02,1228,1259,1220,1235,99950,0.016460905349794164
2023-03-03,1237,1260,1233,1240,118056,0.004048582995951344
2023-03-06,1240,1275,1240,1267,97937,0.021774193548387055
2023-03-07,1265,1275,1255,1270,61449,0.0023677979479084232
2023-03-08,1257,1257,1241,1249,46043,-0.016535433070866135
2023-03-09,1240,1249,1230,1237,66001,-0.009607686148919159
2023-03-10,1225,1226,1190,1193,69997,-0.035569927243330635
2023-03-13,1160,1201,1151,1191,124447,-0.0016764459346185756
2023-03-14,1175,1178,1122,1136,130872,-0.04617968094038627
2023-03-15,1142,1165,1142,1163,83076,0.023767605633802757
2023-03-16,1163,1175,1142,1151,64261,-0.010318142734307867
2023-03-17,1151,1185,1145,1151,100396,0.0
2023-03-20,1163,1182,1163,1181,53765,0.026064291920069538
2023-03-21,1181,1184,1164,1166,45249,-0.012701100762066098
2023-03-22,1171,1171,1151,1157,52001,-0.007718696397941649
2023-03-23,1140,1152,1131,1138,101958,-0.016421780466724267
2023-03-24,1138,1149,1138,1149,37827,0.009666080843585334
2023-03-27,1149,1170,1149,1170,86589,0.018276762402088753
2023-03-28,1170,1198,1167,1187,43480,0.014529914529914478
2023-03-29,1187,1188,1161,1172,43278,-0.01263689974726201
2023-03-30,1180,1218,1173,1212,85291,0.03412969283276457
2023-03-31,1212,1248,1205,1234,98782,0.018151815181518094
2023-04-03,1235,1245,1231,1231,182952,-0.002431118314424663
2023-04-04,1231,1235,1212,1234,173700,0.002437043054427379
2023-04-05,1234,1279,1220,1224,157649,-0.008103727714748765
2023-04-06,1224,1231,1193,1215,93438,-0.007352941176470562
2023-04-07,1215,1220,1185,1189,122833,-0.02139917695473248
2023-04-10,1190,1190,1174,1183,169835,-0.005046257359125339
2023-04-11,1183,1229,1176,1217,112804,0.02874049027895187
2023-04-12,1217,1230,1202,1218,106950,0.0008216926869351049
2023-04-13,1216,1222,1191,1218,80400,0.0
2023-04-14,1218,1227,1213,1227,193387,0.00738916256157629
2023-04-17,1252,1264,1230,1252,155615,0.02037489812550941
2023-04-18,1252,1252,1210,1212,90283,-0.03194888178913735
2023-04-19,1212,1233,1212,1222,4463552,0.008250825082508184
2023-04-20,1223,1399,1223,1255,1657295,0.027004909983633363
2023-04-21,1248,1248,1185,1214,408278,-0.03266932270916334
2023-04-24,1214,1214,1160,1163,255285,-0.04200988467874789
2023-04-25,1163,1163,1128,1162,254894,-0.0008598452278589797
2023-04-26,1162,1176,1140,1168,105661,0.005163511187607606
2023-04-27,1168,1199,1153,1199,89862,0.02654109589041087
2023-04-28,1199,1234,1199,1199,124252,0.0
2023-05-02,1199,1248,1180,1248,151295,0.0408673894912428
2023-05-03,1242,1248,1231,1242,112362,-0.004807692307692291
2023-05-04,1229,1243,1225,1243,70488,0.0008051529790660261
2023-05-08,1237,1269,1215,1231,106601,-0.0096540627514079
2023-05-09,1231,1260,1160,1259,99282,0.022745735174654724
2023-05-10,1259,1270,1213,1270,125061,0.008737092930897639
2023-05-11,1257,1265,1233,1233,99122,-0.029133858267716528
2023-05-12,1233,1247,1213,1238,96130,0.0040551500405514584
2023-05-15,1238,1238,1190,1219,169735,-0.015347334410339308
2023-05-16,1200,1214,1182,1190,105511,-0.0237899917965545
2023-05-17,1204,1266,1203,1237,418000,0.03949579831932781
2023-05-18,1256,1271,1238,1260,158187,0.01859337105901382
2023-05-19,1260,1287,1255,1270,140202,0.007936507936507908
2023-05-22,1264,1280,1261,1261,87291,-0.007086614173228312
2023-05-23,1268,1280,1261,1276,102132,0.011895321173671647
2023-05-24,1276,1280,1238,1272,103499,-0.0031347962382445305
2023-05-25,1272,1279,1259,1263,84875,-0.007075471698113178
2023-05-26,1263,1292,1262,1274,179611,0.008709422011084822
2023-05-30,1274,1303,1224,1237,574056,-0.029042386185243352
2023-05-31,1255,1288,1244,1256,270415,0.015359741309620034
2023-06-01,1250,1272,1237,1270,137314,0.011146496815286566
2023-06-02,1271,1287,1250,1285,177153,0.011811023622047223
2023-06-05,1285,1293,1269,1286,244680,0.0007782101167315147
2023-06-07,1286,1307,1280,1296,256106,0.007776049766718529
2023-06-08,1296,1317,1265,1315,268774,0.014660493827160392
2023-06-09,1315,1325,1296,1317,157788,0.001520912547528619
2023-06-12,1319,1320,1296,1296,146948,-0.015945330296127547
2023-06-13,1297,1310,1290,1292,86263,-0.0030864197530864335
2023-06-14,1294,1307,1269,1272,115224,-0.015479876160990669
2023-06-15,1266,1282,1250,1271,181879,-0.0007861635220125507
2023-06-16,1272,1305,1271,1305,79135,0.026750590086546122
2023-06-19,1304,1304,1280,1288,115168,-0.013026819923371624
2023-06-20,1332,1340,1290,1324,235645,0.02795031055900621
2023-06-21,1323,1323,1295,1295,133528,-0.021903323262839836
2023-06-22,1288,1293,1250,1270,138079,-0.019305019305019266
2023-06-23,1269,1303,1260,1281,184917,0.008661417322834541
2023-06-26,1269,1318,1269,1300,130602,0.014832162373145996
2023-06-27,1300,1314,1287,1287,111675,-0.010000000000000009
2023-06-28,1287,1304,1275,1276,70479,-0.008547008547008517
2023-06-29,1276,1276,1253,1254,52468,-0.017241379310344862
2023-06-30,1248,1270,1231,1269,73961,0.011961722488038173
2023-07-03,1269,1303,1269,1300,124947,0.024428684003152012
2023-07-04,1301,1306,1291,1303,67590,0.002307692307692344
2023-07-05,1297,1313,1290,1300,86054,-0.002302379125095899
2023-07-06,1300,1300,1246,1247,107687,-0.04076923076923078
2023-07-07,1237,1264,1232,1263,72192,0.012830793905372895
2023-07-10,1254,1269,1248,1258,46871,-0.003958828186856667
2023-07-11,1258,1280,1231,1248,109538,-0.007949125596184436
2023-07-12,1261,1445,1261,1280,5172265,0.02564102564102555
2023-07-13,1281,1307,1275,1277,344762,-0.002343749999999978
2023-07-14,1277,1300,1232,1242,370890,-0.027407987470634332
2023-07-17,1242,1305,1239,1295,244357,0.04267310789049916
2023-07-18,1295,1306,1273,1302,275502,0.00540540540540535
2023-07-19,1293,1306,1261,1275,179316,-0.020737327188940058
2023-07-20,1275,1275,1244,1246,125985,-0.02274509803921565
2023-07-21,1235,1246,1210,1231,157826,-0.012038523274478297
2023-07-24,1229,1229,1185,1215,181263,-0.012997562956945541
2023-07-25,1209,1213,1164,1175,170043,-0.03292181069958844
2023-07-26,1170,1175,1080,1130,268995,-0.03829787234042559
2023-07-27,1125,1185,1119,1167,94179,0.0327433628318583
2023-07-28,1157,1188,1147,1182,79205,0.01285347043701801
2023-07-31,1184,1190,1171,1181,73578,-0.0008460236886632666
2023-08-01,1181,1216,1181,1196,56723,0.012701100762066098
2023-08-02,1196,1215,1175,1196,72392,0.0
2023-08-03,1184,1203,1151,1203,95921,0.005852842809364489
2023-08-04,1204,1214,1177,1201,33007,-0.0016625103906899863
2023-08-07,1189,1189,1159,1163,99874,-0.03164029975020821
2023-08-08,1164,1164,1127,1128,197925,-0.03009458297506451
2023-08-09,1131,1138,1118,1130,44029,0.0017730496453900457
2023-08-10,1145,1153,1135,1140,46358,0.008849557522123908
2023-08-11,1140,1156,1140,1140,47825,0.0
2023-08-14,1140,1170,1140,1149,110716,0.007894736842105177
2023-08-16,1149,1152,1115,1125,108469,-0.02088772845953002
2023-08-17,1108,1125,1089,1116,202966,-0.008000000000000007
2023-08-18,1115,1118,1095,1112,72501,-0.0035842293906810374
2023-08-21,1112,1145,1104,1118,92742,0.0053956834532373765
2023-08-22,1118,1141,1107,1129,81026,0.009838998211091132
2023-08-23,1129,1129,1110,1128,48812,-0.0008857395925597755
2023-08-24,1117,1128,1110,1128,120308,0.0
2023-08-25,1128,1128,1111,1116,68244,-0.010638297872340385
2023-08-28,1116,1123,1102,1123,80083,0.006272401433691677
2023-08-29,1123,1129,1111,1124,56873,0.0008904719501334757
2023-08-30,1124,1131,1122,1125,59368,0.000889679715302405
2023-08-31,1125,1130,1114,1125,80672,0.0
2023-09-01,1145,1145,1121,1135,73420,0.008888888888888946
2023-09-04,1135,1135,1124,1125,68046,-0.008810572687224627
2023-09-05,1128,1133,1114,1125,66006,0.0
2023-09-06,1114,1123,1114,1121,41967,-0.003555555555555534
2023-09-07,1121,1121,1109,1109,69280,-0.01070472792149868
2023-09-08,1103,1113,1100,1109,75557,0.0
2023-09-11,1109,1125,1109,1117,42223,0.007213706041478751
2023-09-12,1117,1122,1094,1114,94178,-0.0026857654431512445
2023-09-13,1110,1110,1086,1086,71694,-0.025134649910233398
2023-09-14,1083,1113,1060,1104,152363,0.016574585635359185
2023-09-15,1118,1120,1100,1106,52222,0.0018115942028984477
2023-09-18,1106,1111,1096,1096,33257,-0.009041591320072317
2023-09-19,1090,1101,1088,1101,53707,0.0045620437956204185
2023-09-20,1094,1110,1093,1109,22665,0.0072661217075387086
2023-09-21,1100,1102,1086,1090,41078,-0.017132551848512145
2023-09-22,1113,1118,1080,1090,117199,0.0
2023-09-25,1090,1098,1075,1094,94142,0.003669724770642091
2023-09-26,1084,1093,1073,1077,58428,-0.015539305301645379
2023-09-27,1072,1087,1053,1087,104897,0.00928505106778088
2023-10-04,1087,1087,1040,1055,84464,-0.029438822447102164
2023-10-05,1055,1065,1029,1053,82416,-0.0018957345971564177
2023-10-06,1053,1070,1043,1062,128949,0.008547008547008517
2023-10-10,1063,1120,1062,1080,107576,0.016949152542372836
2023-10-11,1065,1090,1065,1087,72352,0.0064814814814815325
2023-10-12,1089,1109,1085,1087,45606,0.0
2023-10-13,1089,1113,1073,1099,57391,0.011039558417663242
2023-10-16,1093,1093,1058,1089,68411,-0.009099181073703333
2023-10-17,1069,1088,1069,1082,25064,-0.006427915518824601
2023-10-18,1082,1082,1049,1058,50113,-0.02218114602587795
2023-10-19,1058,1058,1027,1050,67005,-0.007561436672967825
2023-10-20,1039,1039,1003,1030,77292,-0.01904761904761909
2023-10-23,1019,1024,990,1001,51319,-0.028155339805825297
2023-10-24,1001,1034,1001,1034,76816,0.03296703296703307
2023-10-25,1034,1055,1029,1044,59667,0.009671179883945946
2023-10-26,1034,1040,1011,1040,35065,-0.003831417624521105
2023-10-27,1015,1030,1003,1005,60278,-0.033653846153846145
2023-10-30,1005,1025,995,1019,112722,0.013930348258706537
2023-10-31,1025,1039,1019,1026,49734,0.006869479882237517
2023-11-01,1026,1037,1019,1025,63675,-0.0009746588693957392
2023-11-02,1025,1048,1025,1036,57105,0.01073170731707318
2023-11-03,1052,1056,1034,1042,49739,0.005791505791505891
2023-11-06,1044,1065,1042,1065,89856,0.02207293666026877
2023-11-07,1065,1065,1025,1032,119071,-0.030985915492957705
2023-11-08,1032,1064,1032,1056,53824,0.023255813953488413
2023-11-09,1056,1061,1035,1042,48843,-0.013257575757575801
2023-11-10,1037,1050,1020,1040,110835,-0.0019193857965451588
2023-11-13,1040,1046,1029,1040,78938,0.0
2023-11-14,1030,1047,1027,1047,110559,0.006730769230769207
2023-11-15,1058,1068,1050,1050,107372,0.002865329512893977
2023-11-16,1050,1082,1050,1060,142830,0.00952380952380949
2023-11-17,1069,1069,1054,1059,81815,-0.0009433962264151496
2023-11-20,1067,1071,1061,1066,71174,0.006610009442870712
2023-11-21,1076,1079,1067,1070,67323,0.0037523452157599557
2023-11-22,1071,1079,1070,1076,40666,0.005607476635514086
2023-11-23,1076,1084,1072,1082,44699,0.005576208178438735
2023-11-24,1082,1088,1074,1088,67385,0.005545286506469571
2023-11-27,1078,1094,1078,1092,55566,0.003676470588235281
2023-11-28,1098,1098,1083,1088,37626,-0.00366300366300365
2023-11-29,1088,1096,1088,1093,40789,0.004595588235294157
2023-11-30,1088,1095,1088,1094,51136,0.0009149130832570851
2023-12-01,1084,1095,1070,1070,63015,-0.021937842778793404
2023-12-04,1070,1089,1069,1086,65848,0.01495327102803734
2023-12-05,1086,1086,1070,1075,49658,-0.0101289134438306
2023-12-06,1075,1075,1063,1068,49409,-0.006511627906976791
2023-12-07,1069,1088,1068,1084,29883,0.014981273408239737
2023-12-08,1078,1092,1071,1071,55398,-0.011992619926199266
2023-12-11,1073,1096,1073,1096,54874,0.023342670401493848
2023-12-12,1100,1103,1087,1096,34489,0.0
2023-12-13,1087,1096,1085,1091,32895,-0.0045620437956204185
2023-12-14,1091,1100,1080,1091,52246,0.0
2023-12-15,1090,1092,1080,1090,39307,-0.0009165902841430373
2023-12-18,1090,1095,1080,1087,22166,-0.0027522935779816793
2023-12-19,1087,1088,1073,1073,30735,-0.01287948482060719
2023-12-20,1073,1090,1073,1089,94192,0.01491146318732528
2023-12-21,1100,1100,1079,1089,28303,0.0
2023-12-22,1089,1089,1073,1081,58586,-0.00734618916437102
2023-12-26,1078,1083,1068,1075,55219,-0.005550416281221104
2023-12-27,1069,1088,1067,1077,38310,0.0018604651162790198
2023-12-28,1077,1155,1077,1149,396917,0.06685236768802238
2024-01-02,1148,1148,1120,1131,101979,-0.015665796344647487
2024-01-03,1127,1131,1120,1122,42585,-0.007957559681697646
2024-01-04,1122,1122,1064,1082,296533,-0.035650623885918
2024-01-05,1115,1137,1077,1083,199504,0.0009242144177448175
2024-01-08,1083,1114,1080,1110,90381,0.024930747922437657
2024-01-09,1110,1125,1099,1111,69266,0.0009009009009008917
2024-01-10,1111,1119,1098,1119,47582,0.007200720072007227
2024-01-11,1118,1118,1103,1112,52324,-0.006255585344057235
2024-01-12,1112,1117,1095,1100,45885,-0.010791366906474864
2024-01-15,1094,1102,1091,1099,35199,-0.0009090909090908594
2024-01-16,1100,1108,1089,1097,28188,-0.0018198362147406888
2024-01-17,1097,1097,1063,1063,83999,-0.030993618960802216
2024-01-18,1057,1070,1039,1054,129849,-0.008466603951081897
2024-01-19,1054,1063,1048,1053,152583,-0.000948766603415585
2024-01-22,1053,1064,1050,1053,55417,0.0
2024-01-23,1053,1061,1048,1053,74961,0.0
2024-01-24,1061,1061,1043,1050,80620,-0.002849002849002802
2024-01-25,1051,1057,1036,1045,38577,-0.004761904761904745
2024-01-26,1039,1054,1031,1040,48290,-0.004784688995215336
2024-01-29,1045,1045,1018,1019,94796,-0.02019230769230773
2024-01-30,1019,1025,1016,1020,83640,0.0009813542688910104
2024-01-31,1020,1021,1017,1017,50596,-0.002941176470588225
2024-02-01,1016,1024,1002,1013,145623,-0.003933136676499527
2024-02-02,1013,1043,1012,1043,66655,0.029615004935834133
2024-02-05,1043,1049,1026,1038,46180,-0.0047938638542665
2024-02-06,1038,1038,1024,1029,48800,-0.00867052023121384
2024-02-07,1030,1039,1023,1033,53959,0.0038872691933915515
2024-02-08,1033,1054,1030,1046,57376,0.012584704743465736
2024-02-13,1046,1046,1035,1040,232980,-0.005736137667303964
2024-02-14,1045,1070,1034,1055,112938,0.014423076923076872
2024-02-15,1065,1065,1044,1055,101512,0.0
2024-02-16,1052,1064,1049,1064,62029,0.008530805687203769
2024-02-19,1055,1073,1055,1065,32919,0.0009398496240602405
2024-02-20,1074,1083,1067,1077,44584,0.011267605633802802
2024-02-21,1075,1075,1058,1058,28750,-0.01764159702878365
2024-02-22,1052,1065,1050,1052,39221,-0.005671077504725952
2024-02-23,1052,1065,1047,1065,25528,0.012357414448669113
2024-02-26,1065,1066,1048,1057,30266,-0.007511737089201831
2024-02-27,1057,1065,1037,1037,61778,-0.018921475875118277
2024-02-28,1038,1055,1035,1045,84739,0.0077145612343298975
2024-02-29,1045,1050,1030,1044,45240,-0.000956937799043045
2024-03-04,1038,1038,1020,1022,94488,-0.021072796934865856
2024-03-05,1022,1035,1016,1016,61347,-0.005870841487279899
2024-03-06,1016,1043,1014,1032,84562,0.015748031496062964
2024-03-07,1027,1029,1014,1019,52553,-0.012596899224806224
2024-03-08,1019,1052,1013,1041,54861,0.02158979391560356
2024-03-11,1040,1042,1026,1034,50841,-0.00672430355427478
2024-03-12,1030,1112,1026,1062,280197,0.027079303675048294
2024-03-13,1062,1068,1031,1049,122423,-0.012241054613935987
2024-03-14,1049,1059,1034,1034,57346,-0.014299332697807476
2024-03-15,1034,1040,1025,1037,27046,0.0029013539651836506
2024-03-18,1026,1032,1020,1020,76073,-0.016393442622950838
2024-03-19,1024,1030,1017,1017,60745,-0.002941176470588225
2024-03-20,1017,1021,1008,1015,88095,-0.001966568338249708
2024-03-21,1026,1030,1010,1025,56101,0.009852216748768461
2024-03-22,1027,1033,1020,1027,48611,0.0019512195121951237
2024-03-25,1027,1027,1017,1022,30746,-0.004868549172346692
2024-03-26,1022,1022,1013,1022,43966,0.0
2024-03-27,1022,1029,1013,1022,111490,0.0
2024-03-28,1022,1022,1007,1020,69000,-0.00195694716242667
2024-03-29,1015,1023,1003,1019,59260,-0.0009803921568627416
2024-04-01,1015,1019,1004,1008,73323,-0.01079489695780178
2024-04-02,1008,1010,1000,1006,94446,-0.001984126984126977
2024-04-03,1005,1006,996,1005,110994,-0.0009940357852882276
2024-04-04,1010,1022,1000,1011,64985,0.005970149253731405
2024-04-05,1001,1011,996,1002,78735,-0.008902077151335286
2024-04-08,1002,1005,995,996,53507,-0.005988023952095856
2024-04-09,994,1005,992,996,32847,0.0
2024-04-11,987,1000,986,987,52307,-0.009036144578313254
2024-04-12,982,996,972,985,69378,-0.0020263424518743856
2024-04-15,985,985,960,974,49468,-0.011167512690355319
2024-04-16,974,974,951,952,63629,-0.022587268993839782
2024-04-17,942,966,942,966,37620,0.014705882352941124
2024-04-18,951,967,951,961,44516,-0.005175983436852993
2024-04-19,967,983,937,942,71757,-0.019771071800208095
2024-04-22,940,962,925,949,167600,0.007430997876857859
2024-04-23,958,970,926,950,56622,0.0010537407797681642
2024-04-24,950,960,945,955,37553,0.0052631578947368585
2024-04-25,955,960,951,955,28333,0.0
2024-04-26,955,958,945,953,32107,-0.0020942408376963817
2024-04-29,951,954,946,947,46755,-0.006295907660020972
2024-04-30,947,960,937,948,84611,0.001055966209081216
2024-05-02,948,1000,940,979,73742,0.03270042194092837
2024-05-03,979,983,961,978,53168,-0.0010214504596527396
2024-05-07,978,990,973,975,23623,-0.0030674846625766694
2024-05-08,975,984,973,984,610839,0.009230769230769154
2024-05-09,984,1000,976,991,34291,0.007113821138211351
2024-05-10,980,997,911,926,1319083,-0.065590312815338
2024-05-13,932,975,928,928,241442,0.002159827213822796
2024-05-14,930,979,921,970,260645,0.04525862068965525
2024-05-16,970,1020,970,993,65283,0.023711340206185483
2024-05-17,996,999,979,979,133319,-0.014098690835850913
2024-05-20,982,989,963,984,115813,0.005107252298263587
2024-05-21,978,984,959,974,38971,-0.010162601626016232
2024-05-22,965,993,948,990,180722,0.01642710472279263
2024-05-23,974,987,955,963,55756,-0.027272727272727226
2024-05-24,962,962,935,938,134946,-0.025960539979231534
2024-05-27,937,968,932,961,46854,0.024520255863539342
2024-05-28,961,994,952,980,92051,0.019771071800208206
2024-05-29,979,980,964,974,56782,-0.006122448979591799
2024-05-30,973,1000,965,987,29110,0.013347022587268942
2024-05-31,976,987,966,969,25358,-0.018237082066869248
2024-06-03,969,999,961,992,44707,0.023735810113518996
2024-06-04,992,992,965,965,37727,-0.027217741935483875
2024-06-05,965,973,946,951,48683,-0.014507772020725396
2024-06-07,943,969,943,962,34329,0.011566771819137678
2024-06-10,962,962,946,946,30098,-0.016632016632016633
2024-06-11,946,955,942,947,57312,0.0010570824524311906
2024-06-12,947,963,940,950,34646,0.0031678986272438703
2024-06-13,951,956,944,949,23143,-0.001052631578947416
2024-06-14,942,1005,937,985,164822,0.037934668071654354
2024-06-17,981,985,962,962,37108,-0.023350253807106647
2024-06-18,962,977,957,962,36968,0.0
2024-06-19,979,979,949,953,46007,-0.009355509355509328
2024-06-20,955,970,946,967,40540,0.014690451206715638
2024-06-21,967,967,948,954,41947,-0.013443640124095158
2024-06-24,952,953,942,953,11914,-0.0010482180293500676
2024-06-25,941,952,940,949,27436,-0.0041972717733472775
2024-06-26,945,953,937,949,85441,0.0
2024-06-27,949,959,941,950,33251,0.0010537407797681642
2024-06-28,950,954,943,951,69516,0.001052631578947416
2024-07-01,951,951,941,950,32426,-0.001051524710830698
2024-07-02,947,950,938,945,20950,-0.0052631578947368585
2024-07-03,935,954,934,946,38499,0.0010582010582009804
2024-07-04,935,946,926,928,51285,-0.019027484143763207
2024-07-05,928,934,922,932,27866,0.004310344827586299
2024-07-08,932,940,922,940,26727,0.008583690987124415
2024-07-09,949,949,909,925,58325,-0.015957446808510634
2024-07-10,925,934,913,925,46805,0.0
2024-07-11,928,932,923,930,33884,0.00540540540540535
2024-07-12,930,930,919,926,21328,-0.004301075268817178
2024-07-15,935,935,913,930,28631,0.004319654427645814
2024-07-16,940,940,928,937,32490,0.007526881720430145
2024-07-17,937,938,930,937,14668,0.0
2024-07-18,935,935,910,925,52461,-0.012806830309498363
2024-07-19,923,923,915,918,22563,-0.007567567567567601
2024-07-22,918,918,900,908,71161,-0.01089324618736387
2024-07-23,908,928,894,897,36833,-0.01211453744493396
2024-07-24,897,901,880,897,21891,0.0
2024-07-25,888,896,869,877,173902,-0.022296544035674493
2024-07-26,877,884,862,883,43413,0.0068415051311288
2024-07-29,883,892,866,884,41249,0.0011325028312569874
2024-07-30,884,893,864,869,28630,-0.016968325791855254
2024-07-31,860,880,852,878,26914,0.010356731875719172
2024-08-01,887,887,877,878,26981,0.0
2024-08-02,878,895,868,872,20401,-0.006833712984054663
2024-08-05,820,849,698,698,415885,-0.1995412844036697
2024-08-06,700,774,698,740,108337,0.06017191977077374
2024-08-07,743,801,743,794,79207,0.0729729729729729
2024-08-08,794,869,787,847,144211,0.0667506297229219
2024-08-09,860,880,839,865,35884,0.02125147579693043
2024-08-12,865,907,855,898,73668,0.03815028901734108
2024-08-13,890,905,890,905,49185,0.007795100222717233
2024-08-14,905,911,896,903,63230,-0.0022099447513812542
2024-08-16,903,939,893,910,67291,0.007751937984496138
2024-08-19,910,920,898,912,70138,0.00219780219780219
2024-08-20,917,918,900,912,40868,0.0
2024-08-21,912,917,900,904,27646,-0.00877192982456143
2024-08-22,900,913,900,900,44731,-0.004424778761061954
2024-08-23,892,907,892,905,20567,0.005555555555555536
2024-08-26,900,910,900,910,43583,0.005524861878453136
2024-08-27,902,910,902,904,15797,-0.00659340659340657
2024-08-28,904,909,894,905,65955,0.0011061946902655162
2024-08-29,905,909,897,900,16345,-0.0055248618784530246
2024-08-30,900,908,892,901,28988,0.0011111111111110628
2024-09-02,902,905,882,895,38842,-0.006659267480577102
2024-09-03,895,895,872,880,46837,-0.016759776536312887
2024-09-04,868,877,846,850,40399,-0.03409090909090906
2024-09-05,850,883,850,870,28388,0.0235294117647058
2024-09-06,861,875,851,861,29981,-0.010344827586206917
2024-09-09,861,865,850,859,16314,-0.0023228803716608404
2024-09-10,861,890,853,868,23133,0.010477299185098987
2024-09-11,863,900,851,880,24296,0.01382488479262678
2024-09-12,880,895,875,895,15547,0.017045454545454586
2024-09-13,897,905,888,902,11340,0.007821229050279266
2024-09-19,902,910,893,902,35225,0.0
2024-09-20,903,909,901,905,16319,0.003325942350332678
2024-09-23,905,926,905,924,23909,0.02099447513812147
2024-09-24,916,930,915,929,24432,0.005411255411255311
2024-09-25,929,930,916,916,25690,-0.013993541442411161
2024-09-26,916,934,916,933,14392,0.018558951965065518
2024-09-27,924,945,924,940,13180,0.007502679528403
2024-09-30,931,943,922,942,20251,0.0021276595744681437
2024-10-02,945,949,932,948,45889,0.006369426751592355
2024-10-04,945,948,929,939,31135,-0.009493670886076
2024-10-07,935,935,881,921,41007,-0.019169329073482455
2024-10-08,921,942,921,940,7494,0.02062975027144409
2024-10-10,932,940,926,938,9758,-0.0021276595744680327
2024-10-11,944,944,930,942,15075,0.004264392324093924
2024-10-14,938,938,921,938,7950,-0.00424628450106157
2024-10-15,938,944,929,942,7286,0.004264392324093924
2024-10-16,942,948,919,941,73184,-0.0010615711252653925
2024-10-17,941,948,930,948,11129,0.007438894792773709
2024-10-18,948,949,936,948,15712,0.0
2024-10-21,925,948,925,940,7853,-0.008438818565400852
2024-10-22,940,953,920,944,21717,0.004255319148936065
2024-10-23,939,944,927,943,4522,-0.0010593220338983578
2024-10-24,943,943,927,942,11344,-0.0010604453870625141
2024-10-25,932,938,924,935,4772,-0.007430997876857748
2024-10-28,935,938,929,936,41190,0.0010695187165774556
2024-10-29,936,940,927,936,37209,0.0
2024-10-30,936,944,932,943,10906,0.007478632478632452
2024-10-31,960,960,925,956,41761,0.01378579003181346
2024-11-01,944,954,941,948,17058,-0.008368200836820106
2024-11-04,948,959,939,947,17752,-0.0010548523206751481
2024-11-05,949,954,940,940,7059,-0.007391763463569179
2024-11-06,944,944,939,939,4894,-0.0010638297872340718
2024-11-07,922,938,922,924,15650,-0.015974440894568676
2024-11-08,924,941,924,938,10041,0.015151515151515138
2024-11-11,938,939,921,936,11783,-0.002132196162046962
2024-11-12,908,936,901,934,11812,-0.002136752136752129
2024-11-13,931,934,895,929,14623,-0.005353319057815886
2024-11-14,929,929,902,927,2292,-0.0021528525296017342
2024-11-15,892,927,880,925,41978,-0.0021574973031284195
2024-11-18,913,922,888,889,75167,-0.038918918918918965
2024-11-19,884,920,884,920,31035,0.03487064116985383
2024-11-20,920,920,889,918,11148,-0.0021739130434782483
2024-11-21,907,918,891,893,17972,-0.027233115468409563
2024-11-22,885,905,885,905,2836,0.013437849944008873
2024-11-25,905,924,897,908,21670,0.0033149171270718814
2024-11-26,908,908,896,907,26629,-0.0011013215859030367
2024-11-27,907,907,892,903,10127,-0.004410143329658167
2024-11-28,900,900,896,898,6778,-0.0055370985603543366
2024-11-29,898,898,885,885,7642,-0.014476614699331813
2024-12-02,885,885,849,883,63673,-0.002259887005649719
2024-12-03,872,883,871,875,18665,-0.009060022650056676
2024-12-04,875,875,839,850,40059,-0.02857142857142858
2024-12-05,850,850,829,829,28563,-0.024705882352941133
2024-12-06,829,829,771,824,43107,-0.006031363088057851
2024-12-09,795,803,717,732,322354,-0.11165048543689315
2024-12-10,732,800,732,757,77237,0.03415300546448097
2024-12-11,764,795,764,788,10620,0.04095112285336855
2024-12-12,793,817,785,806,52716,0.02284263959390853
2024-12-13,806,821,801,821,39297,0.018610421836228186
2024-12-16,821,830,812,830,26121,0.010962241169305775
2024-12-17,830,859,805,819,56952,-0.013253012048192736
2024-12-18,811,843,811,840,11191,0.02564102564102555
2024-12-19,840,840,804,822,22719,-0.021428571428571463
2024-12-20,813,825,779,779,31971,-0.05231143552311435
2024-12-23,779,800,779,795,86590,0.020539152759948553
2024-12-24,790,810,780,809,24642,0.017610062893081757
2024-12-26,801,809,780,800,15124,-0.011124845488257096
2024-12-27,800,800,764,783,20057,-0.02124999999999999
2024-12-30,792,805,781,802,19700,0.024265644955300036
2025-01-02,802,836,798,827,30436,0.0311720698254363
2025-01-03,827,844,818,828,17265,0.0012091898428052694
2025-01-06,823,850,800,809,56793,-0.022946859903381633
2025-01-07,809,848,809,812,13778,0.003708281829418958
2025-01-08,812,836,812,836,26563,0.029556650246305383
2025-01-09,836,836,820,822,19711,-0.01674641148325362
2025-01-10,820,845,811,844,20621,0.02676399026763998
2025-01-13,844,844,829,843,15518,-0.0011848341232227888
2025-01-14,843,843,816,816,12624,-0.03202846975088969
2025-01-15,816,849,812,815,21210,-0.001225490196078427
2025-01-16,815,837,813,829,10551,0.01717791411042935
2025-01-17,829,830,815,823,15381,-0.007237635705669487
2025-01-20,823,824,809,821,43558,-0.002430133657351119
2025-01-21,819,819,800,809,22720,-0.01461632155907433
2025-01-22,800,810,798,807,16898,-0.0024721878862793423
2025-01-23,807,820,799,811,53131,0.004956629491945419
2025-01-24,809,829,807,829,18029,0.022194821208384674
2025-01-31,829,833,811,832,37598,0.003618817852834688
2025-02-03,832,845,803,836,17411,0.004807692307692291
2025-02-04,828,836,820,835,7003,-0.0011961722488038617
2025-02-05,835,855,827,850,14408,0.017964071856287456
2025-02-06,857,866,843,864,24792,0.016470588235294015
2025-02-07,864,890,855,864,9484,0.0
2025-02-10,857,893,849,864,9917,0.0
2025-02-11,862,890,850,863,15606,-0.0011574074074074403
2025-02-12,863,863,850,863,17456,0.0
2025-02-13,858,863,845,852,10868,-0.01274623406720743
2025-02-14,852,852,844,851,13662,-0.0011737089201877549
2025-02-17,851,851,843,848,2954,-0.003525264394829586
2025-02-18,841,848,831,834,57569,-0.01650943396226412
2025-02-19,831,846,824,831,17731,-0.003597122302158251
2025-02-20,831,870,821,851,20000,0.024067388688327362
2025-02-21,851,851,840,850,10456,-0.001175088131609825
2025-02-24,850,878,838,848,23993,-0.0023529411764705577
2025-02-25,848,878,838,854,8582,0.007075471698113178
2025-02-26,847,875,847,875,20204,0.024590163934426146
2025-02-27,875,878,831,834,26216,-0.04685714285714282
2025-02-28,830,844,813,832,21385,-0.0023980815347721673
2025-03-04,832,832,823,831,7764,-0.0012019230769231282
2025-03-05,823,850,823,834,13686,0.0036101083032491488
2025-03-06,834,849,831,847,8923,0.015587529976019088
2025-03-07,840,846,824,832,6600,-0.017709563164108655
2025-03-10,825,825,816,816,57545,-0.019230769230769273
2025-03-11,816,831,811,824,1989,0.009803921568627416
2025-03-12,821,831,817,825,2276,0.0012135922330096527
2025-03-13,818,829,816,824,8820,-0.00121212121212122
2025-03-14,817,822,809,814,19365,-0.012135922330097082
2025-03-17,803,814,786,799,58918,-0.01842751842751844
2025-03-18,799,799,787,795,5864,-0.005006257822277815
2025-03-19,795,815,786,786,21853,-0.01132075471698113
2025-03-20,786,811,779,809,37403,0.029262086513994978
2025-03-21,798,809,775,792,5555,-0.021013597033374576
2025-03-24,785,807,781,786,8106,-0.007575757575757569
2025-03-25,786,798,781,796,8949,0.012722646310432628
2025-03-26,796,875,791,794,250785,-0.002512562814070307
2025-03-27,794,813,792,795,19881,0.0012594458438286438
2025-03-28,795,800,784,796,12156,0.0012578616352201255
2025-03-31,789,796,761,796,27779,0.0
2025-04-01,796,820,796,804,24135,0.01005025125628145
2025-04-02,813,820,797,818,14069,0.017412935323383172
2025-04-03,811,835,809,818,12270,0.0
2025-04-04,818,830,807,827,17827,0.011002444987775029
2025-04-07,832,832,756,783,40517,-0.053204353083434075
2025-04-08,776,808,776,800,25423,0.02171136653895278
2025-04-09,800,815,794,810,20625,0.012499999999999956
2025-04-10,823,825,817,820,25301,0.012345679012345734
2025-04-11,830,843,825,843,8438,0.028048780487804903
2025-04-14,843,853,811,843,20491,0.0
2025-04-15,843,849,828,842,31157,-0.0011862396204033177
2025-04-16,839,839,821,830,29792,-0.014251781472684133
2025-04-17,830,850,830,839,35080,0.010843373493975905
2025-04-18,849,857,838,850,20685,0.013110846245530494
2025-04-21,843,853,836,847,30905,-0.003529411764705892
2025-04-22,872,872,844,847,44912,0.0
2025-04-23,869,869,847,867,15174,0.023612750885478206
2025-04-24,867,867,851,852,16253,-0.01730103806228378
2025-04-25,852,856,834,844,12111,-0.009389671361502372
2025-04-28,866,866,838,861,21979,0.020142180094786744
2025-04-29,861,870,849,860,25774,-0.0011614401858304202
2025-04-30,860,860,847,847,19269,-0.015116279069767424
2025-05-02,841,857,837,857,17680,0.011806375442739103
2025-05-07,856,869,854,866,10312,0.010501750291715295
2025-05-08,871,880,858,875,14480,0.010392609699769073
2025-05-09,875,879,849,870,38975,-0.005714285714285672
2025-05-12,868,870,854,857,24611,-0.014942528735632177
2025-05-13,870,876,861,874,24468,0.019836639439906545
2025-05-14,866,883,866,876,3811,0.0022883295194509046
2025-05-15,876,876,842,842,23955,-0.038812785388127824
2025-05-16,831,860,830,860,42704,0.0213776722090262
2025-05-19,860,860,830,832,31681,-0.032558139534883734
2025-05-20,832,850,832,838,10910,0.007211538461538547
2025-05-21,840,860,835,860,20980,0.026252983293556076
2025-05-22,860,860,840,844,13943,-0.018604651162790753
2025-05-23,844,853,843,853,15067,0.010663507109004655
2025-05-26,853,853,843,847,10241,-0.007033997655334079
2025-05-27,847,853,840,849,21989,0.0023612750885477762
2025-05-28,849,869,845,869,26036,0.02355712603062421
2025-05-29,869,880,860,873,25586,0.004602991944764101
2025-05-30,872,883,870,877,5410,0.004581901489117968
2025-06-02,877,893,871,871,6695,-0.0068415051311288
2025-06-04,871,882,859,878,10864,0.008036739380022917
2025-06-05,878,891,864,880,16768,0.002277904328018332
2025-06-09,880,885,872,885,9662,0.005681818181818121
2025-06-10,880,895,880,893,25645,0.009039548022598876
2025-06-11,893,906,893,893,25427,0.0
2025-06-12,893,911,880,897,31188,0.004479283314669624
2025-06-13,911,911,881,881,20595,-0.017837235228539527
2025-06-16,881,910,866,881,43823,0.0
2025-06-17,881,907,861,877,20405,-0.004540295119182747
2025-06-18,871,899,871,878,6790,0.0011402508551880963
2025-06-19,878,903,875,888,4010,0.011389521640091216
2025-06-20,900,910,888,899,51475,0.012387387387387427
2025-06-23,899,910,885,897,16748,-0.0022246941045606095
2025-06-24,899,907,893,904,14464,0.0078037904124861335
2025-06-25,904,913,893,908,6990,0.004424778761061843
2025-06-26,899,909,895,908,15799,0.0
2025-06-27,908,911,895,905,16027,-0.0033039647577092213
2025-06-30,905,906,891,901,20116,-0.0044198895027623974
2025-07-01,909,909,900,904,7118,0.0033296337402886067
2025-07-02,904,909,894,894,7396,-0.011061946902654829
2025-07-03,894,915,887,909,20896,0.016778523489932917
2025-07-04,909,909,894,894,9646,-0.01650165016501648
2025-07-07,894,904,885,895,14133,0.0011185682326622093
2025-07-08,895,913,895,904,5431,0.010055865921787754
2025-07-09,904,916,904,916,10627,0.01327433628318575
2025-07-10,907,941,905,940,40288,0.026200873362445476
2025-07-11,940,958,925,937,22904,-0.0031914893617021045
2025-07-14,928,948,926,936,5517,-0.0010672358591248265
2025-07-15,923,933,912,912,32382,-0.02564102564102566
2025-07-16,912,921,900,913,26085,0.0010964912280702066
2025-07-17,912,920,902,919,12287,0.006571741511500528
2025-07-18,919,922,899,900,62646,-0.020674646354733373
2025-07-21,900,907,889,902,25722,0.0022222222222221255
2025-07-22,905,907,890,890,19677,-0.013303769401330379
2025-07-23,890,901,885,899,12239,0.010112359550561889
2025-07-24,899,910,889,896,10788,-0.0033370411568409697
2025-07-25,903,904,882,884,11995,-0.013392857142857095
2025-07-28,876,884,870,871,23987,-0.014705882352941124
2025-07-29,865,881,856,876,39418,0.00574052812858783
2025-07-30,876,893,864,885,8482,0.010273972602739656
2025-07-31,893,900,885,896,10185,0.012429378531073398
2025-08-01,910,910,866,866,13220,-0.033482142857142905
2025-08-04,858,880,850,865,23755,-0.0011547344110854896
2025-08-05,865,875,857,871,9628,0.006936416184971206
2025-08-06,871,881,871,879,7783,0.009184845005740572
2025-08-07,879,879,870,874,4440,-0.005688282138794132
2025-08-08,875,894,866,893,6630,0.021739130434782705
2025-08-11,885,885,868,883,3753,-0.011198208286674172
2025-08-12,883,885,861,868,42232,-0.016987542468856143
2025-08-13,868,889,868,880,19193,0.01382488479262678
2025-08-14,880,891,873,881,3364,0.001136363636363713
2025-08-18,866,881,857,862,25838,-0.02156640181611802
2025-08-19,862,862,829,841,63364,-0.02436194895591648
2025-08-20,841,841,825,835,16094,-0.007134363852556502
2025-08-21,833,839,825,837,13922,0.0023952095808383866
2025-08-22,837,845,837,844,13744,0.008363201911588902
2025-08-25,844,862,836,857,27789,0.01540284360189581
2025-08-26,857,860,849,857,8694,0.0
2025-08-27,862,862,842,842,14638,-0.017502917152858788
2025-08-28,842,848,839,848,4340,0.0071258907363420665
2025-08-29,848,848,836,839,11302,-0.010613207547169767
2025-09-01,839,839,820,821,31592,-0.021454112038140627
2025-09-02,821,830,815,829,44198,0.00974421437271622
2025-09-03,829,848,828,847,28742,0.02171290711700835
2025-09-04,845,853,845,847,17751,0.0
2025-09-05,847,859,847,857,5344,0.011806375442739103
2025-09-08,857,865,851,864,6625,0.008168028004667427
2025-09-09,856,878,856,877,43176,0.01504629629629628
2025-09-10,877,881,864,864,27288,-0.014823261117445807
2025-09-11,864,872,859,864,2428,0.0
2025-09-12,859,875,857,871,4031,0.00810185185185186
2025-09-15,871,871,844,844,25878,-0.030998851894374235
2025-09-16,865,865,826,826,9924,-0.021327014218009532
2025-09-17,849,849,826,833,9564,0.008474576271186418
2025-09-18,833,841,832,836,16792,0.0036014405762305746
2025-09-19,836,849,833,837,8403,0.0011961722488038617
2025-09-22,831,860,818,840,43938,0.0035842293906809264
2025-09-23,836,870,825,828,24182,-0.014285714285714235
2025-09-24,828,828,819,827,34104,-0.0012077294685990392
2025-09-25,827,828,821,825,12430,-0.00241837968561065
2025-09-26,820,832,803,819,45445,-0.0072727272727273196
2025-09-29,812,819,810,816,12209,-0.00366300366300365
2025-09-30,830,830,814,823,28496,0.008578431372548989
2025-10-01,822,823,808,808,16700,-0.018226002430133614
2025-10-02,808,817,805,806,34854,-0.0024752475247524774
2025-10-10,810,812,800,809,7911,0.003722084367245637
2025-10-13,799,809,796,800,28445,-0.011124845488257096
2025-10-14,800,800,784,789,29034,-0.01375000000000004
2025-10-15,783,809,783,807,16718,0.02281368821292773
2025-10-16,807,811,799,804,13637,-0.0037174721189591198
2025-10-17,818,818,802,802,21607,-0.0024875621890547706
2025-10-20,790,810,790,801,19429,-0.0012468827930174342
2025-10-21,805,811,779,791,48121,-0.012484394506866447
2025-10-22,791,812,774,808,50612,0.02149178255372952
2025-10-23,808,817,801,811,13849,0.003712871287128605
2025-10-24,803,808,801,804,15676,-0.008631319358816225
2025-10-27,804,808,797,805,11504,0.0012437810945273853
2025-10-28,805,805,790,805,33305,0.0
2025-10-29,805,805,792,801,17098,-0.004968944099378869
2025-10-30,801,819,792,793,35295,-0.009987515605493158
2025-10-31,787,801,780,785,35857,-0.010088272383354302
2025-11-03,781,797,760,776,31874,-0.01146496815286624
2025-11-04,766,776,745,757,61099,-0.02448453608247425
2025-11-05,757,774,757,759,26449,0.0026420079260238705
2025-11-06,750,778,750,762,5523,0.0039525691699604515
2025-11-07,754,755,739,750,15705,-0.015748031496062964
2025-11-10,736,757,736,755,47855,0.006666666666666599
2025-11-11,759,772,759,770,2144,0.019867549668874274
2025-11-12,763,779,760,776,11422,0.007792207792207684
2025-11-13,771,785,771,785,8939,0.011597938144329856
2025-11-14,785,792,777,785,5736,0.0
2025-11-17,789,888,752,778,690024,-0.008917197452229297
2025-11-18,782,813,765,800,56477,0.028277634961439535
2025-11-19,793,809,784,800,27917,0.0
2025-11-20,789,820,789,819,22398,0.023749999999999938
2025-11-21,820,820,799,807,11776,-0.0146520146520146
2025-11-24,807,808,795,800,8917,-0.008674101610904539
2025-11-25,787,798,782,798,16293,-0.0024999999999999467
2025-11-26,791,804,791,804,21450,0.007518796992481258
2025-11-27,801,830,801,815,16824,0.013681592039801016
2025-11-28,815,815,804,813,15409,-0.0024539877300613355
2025-12-01,812,812,805,810,17320,-0.0036900369003689537
2025-12-02,810,816,804,816,10647,0.007407407407407307
2025-12-03,843,843,825,828,10340,0.014705882352941124
2025-12-04,820,850,819,821,15653,-0.008454106280193274
2025-12-05,813,830,813,818,6482,-0.0036540803897685548
2025-12-08,837,837,809,809,13502,-0.011002444987775029
2025-12-09,811,816,790,796,18547,-0.01606922126081578
2025-12-10,816,816,797,801,25191,0.00628140703517599
2025-12-11,801,824,801,815,8909,0.017478152309613026
2025-12-12,807,809,799,799,18456,-0.019631901840490795
2025-12-15,799,802,788,795,18827,-0.005006257822277815
2025-12-16,795,811,772,800,31618,0.0062893081761006275
2025-12-17,800,808,791,802,16133,0.0024999999999999467
2025-12-18,809,810,794,800,10133,-0.0024937655860348684
2025-12-19,800,830,800,816,22704,0.020000000000000018
