Date,Open,High,Low,Close,Volume,Change
2022-01-03,304000,333500,294500,312000,51686,0.028006589785831926
2022-01-04,312000,337000,310000,335500,101079,0.07532051282051277
2022-01-05,340500,359000,336000,347000,123909,0.03427719821162434
2022-01-06,341000,357000,335500,343000,60326,-0.011527377521613813
2022-01-07,340500,365000,340000,365000,65869,0.06413994169096204
2022-01-10,367000,371500,356500,365000,44773,0.0
2022-01-11,361500,367000,336000,351500,67864,-0.03698630136986303
2022-01-12,351500,365000,346000,348500,45580,-0.008534850640113834
2022-01-13,360500,370000,346500,349000,59005,0.0014347202295552641
2022-01-14,347500,368500,345500,352000,63104,0.008595988538681931
2022-01-17,349000,354000,334500,337000,30084,-0.042613636363636354
2022-01-18,334500,335500,306500,312500,75295,-0.07270029673590506
2022-01-19,303500,309000,296500,306000,61765,-0.02080000000000004
2022-01-20,304500,324500,304500,313500,46652,0.02450980392156854
2022-01-21,311000,316500,305000,308500,23870,-0.01594896331738438
2022-01-24,302000,303500,290500,298000,29443,-0.03403565640194495
2022-01-25,303000,304000,285500,285500,27037,-0.04194630872483218
2022-01-26,284000,293500,282500,284000,18013,-0.005253940455341555
2022-01-27,275000,275000,237500,238500,124896,-0.16021126760563376
2022-01-28,242000,242000,226000,234500,51563,-0.016771488469601636
2022-02-03,239000,247000,237000,239000,23712,0.019189765458422103
2022-02-04,240000,243500,235500,242500,23986,0.014644351464435212
2022-02-07,243500,249000,238000,245500,18037,0.012371134020618513
2022-02-08,245500,249500,238000,238000,22738,-0.03054989816700615
2022-02-09,239500,267000,239000,264500,64234,0.1113445378151261
2022-02-10,267000,289500,258000,277500,53467,0.04914933837429114
2022-02-11,272500,296000,267000,289500,49270,0.043243243243243246
2022-02-14,283500,289500,265000,266000,29970,-0.08117443868739205
2022-02-15,263500,278000,260000,273000,28681,0.026315789473684292
2022-02-16,282500,300000,282500,299500,47009,0.09706959706959717
2022-02-17,302500,306000,285500,287500,45828,-0.04006677796327207
2022-02-18,280000,297500,279500,291000,27684,0.012173913043478368
2022-02-21,286000,294500,282000,290500,10098,-0.0017182130584192379
2022-02-22,282000,290000,275000,275000,20626,-0.05335628227194489
2022-02-23,277500,287000,274000,275500,26357,0.0018181818181817189
2022-02-24,270000,281000,262500,262500,28248,-0.047186932849364815
2022-02-25,270000,274000,264500,270000,19396,0.02857142857142847
2022-02-28,270000,275500,269000,275000,10914,0.0185185185185186
2022-03-02,271000,279500,270500,275000,14048,0.0
2022-03-03,276500,290500,276500,288000,25275,0.047272727272727355
2022-03-04,288000,289500,280000,283000,13368,-0.01736111111111116
2022-03-07,276500,279500,265000,267000,24602,-0.05653710247349819
2022-03-08,260000,271500,260000,263000,15065,-0.014981273408239737
2022-03-10,270000,275000,268500,268500,10122,0.02091254752851701
2022-03-11,268500,276000,266000,267500,10996,-0.003724394785847296
2022-03-14,270500,270500,260500,261000,9114,-0.024299065420560706
2022-03-15,260000,265000,260000,260500,6843,-0.0019157088122605526
2022-03-16,265000,270500,263500,265500,9211,0.019193857965451144
2022-03-17,273000,273000,265500,267000,16964,0.005649717514124353
2022-03-18,268000,270500,261000,261500,23450,-0.02059925093632964
2022-03-21,262000,263000,256000,256500,21461,-0.019120458891013437
2022-03-22,257500,259500,254500,257500,8675,0.003898635477582957
2022-03-23,260000,261000,256000,256000,20105,-0.005825242718446644
2022-03-24,256000,256000,251000,254000,14449,-0.0078125
2022-03-25,255500,257000,253500,254500,10907,0.0019685039370078705
2022-03-28,254500,256500,251500,252500,6415,-0.007858546168958758
2022-03-29,256000,264000,255000,258000,17023,0.0217821782178218
2022-03-30,261000,263500,255500,259500,13319,0.005813953488372103
2022-03-31,259500,273000,258000,272000,36047,0.048169556840077066
2022-04-01,272000,276000,266000,267000,20735,-0.018382352941176516
2022-04-04,267000,267500,260000,263500,16363,-0.01310861423220977
2022-04-05,263500,265000,258500,260000,22057,-0.013282732447817858
2022-04-06,257000,259500,250000,252500,20765,-0.028846153846153855
2022-04-07,247500,252000,247000,249500,12479,-0.011881188118811892
2022-04-08,248500,254500,247000,249500,13375,0.0
2022-04-11,249500,251500,242500,244000,16893,-0.022044088176352727
2022-04-12,240000,246500,240000,246000,10100,0.008196721311475308
2022-04-13,243500,247500,243500,247000,11557,0.004065040650406582
2022-04-14,248000,248000,243500,247000,7918,0.0
2022-04-15,246000,248500,243000,244000,8611,-0.012145748987854255
2022-04-18,245000,245000,239500,240000,10778,-0.016393442622950838
2022-04-19,242000,242000,239500,240000,7206,0.0
2022-04-20,245500,245500,240000,240500,6146,0.002083333333333437
2022-04-21,240000,245000,240000,243000,9554,0.01039501039501034
2022-04-22,241000,241500,239500,240000,6106,-0.012345679012345734
2022-04-25,236000,237500,232500,232500,9538,-0.03125
2022-04-26,233000,238000,230000,233000,8224,0.0021505376344086446
2022-04-27,227000,229000,225000,228500,12389,-0.01931330472102999
2022-04-28,226000,231500,218000,228000,23143,-0.002188183807439792
2022-04-29,227500,230000,225500,227500,7302,-0.002192982456140302
2022-05-02,225000,225000,221000,223000,8335,-0.01978021978021982
2022-05-03,221500,225500,221500,224000,5521,0.004484304932735439
2022-05-04,224000,225500,220000,222500,8244,-0.006696428571428603
2022-05-06,218500,223500,218000,220000,6640,-0.011235955056179803
2022-05-09,218000,219000,208500,209500,13700,-0.04772727272727273
2022-05-10,203000,207500,198500,205500,21355,-0.019093078758949833
2022-05-11,205000,208000,202000,208000,7628,0.012165450121654597
2022-05-12,201000,206000,201000,201000,7251,-0.033653846153846145
2022-05-13,199500,202500,198000,200500,14840,-0.0024875621890547706
2022-05-16,200000,208000,200000,205000,7554,0.02244389027431426
2022-05-17,204000,204500,202000,204000,3062,-0.004878048780487809
2022-05-18,204000,207000,203000,204000,5117,0.0
2022-05-19,199000,202500,198500,200500,6085,-0.01715686274509809
2022-05-20,200500,205500,200500,205000,6291,0.02244389027431426
2022-05-23,203500,214000,203500,212000,10345,0.034146341463414664
2022-05-24,214000,226000,212500,223500,37795,0.054245283018867996
2022-05-25,225500,231500,218000,230000,21214,0.029082774049216997
2022-05-26,227500,231000,223000,228000,12636,-0.008695652173912993
2022-05-27,227000,231000,227000,227000,5644,-0.004385964912280715
2022-05-30,230500,235000,227000,233500,10573,0.028634361233480066
2022-05-31,236500,236500,231000,233500,7236,0.0
2022-06-02,233500,233500,226000,230000,6804,-0.01498929336188437
2022-06-03,230500,234500,229000,231500,4141,0.006521739130434856
2022-06-07,232500,238000,222000,223500,12980,-0.03455723542116629
2022-06-08,222000,226000,217500,218000,10917,-0.02460850111856827
2022-06-09,219000,221000,215000,218000,8531,0.0
2022-06-10,215500,221000,215000,218500,5153,0.002293577981651307
2022-06-13,212000,215000,208000,209000,7084,-0.04347826086956519
2022-06-14,201000,215000,201000,212000,14733,0.014354066985645897
2022-06-15,207500,213500,201500,210000,14111,-0.009433962264150941
2022-06-16,211500,221000,211500,213500,10288,0.016666666666666607
2022-06-17,207500,221000,205500,218500,10118,0.023419203747072626
2022-06-20,220000,220500,209000,210500,4566,-0.03661327231121281
2022-06-21,209000,212500,206500,209000,4162,-0.0071258907363420665
2022-06-22,209500,211500,201500,201500,6972,-0.03588516746411485
2022-06-23,198500,202000,193500,195500,14694,-0.02977667493796521
2022-06-24,194000,200500,194000,198000,5776,0.01278772378516635
2022-06-27,199500,203000,195500,200500,3560,0.012626262626262541
2022-06-28,203500,204500,199500,200000,4131,-0.0024937655860348684
2022-06-29,198000,203000,198000,200000,5698,0.0
2022-06-30,198500,202000,193000,194500,6325,-0.02749999999999997
2022-07-01,194500,198000,193000,193500,4676,-0.005141388174807249
2022-07-04,191000,192500,178500,181000,15868,-0.06459948320413433
2022-07-05,180000,184500,180000,183500,5148,0.013812154696132506
2022-07-06,183000,183000,175500,176000,12195,-0.04087193460490468
2022-07-07,177000,179000,171500,176500,12778,0.0028409090909091717
2022-07-08,179000,182000,176500,176500,6213,0.0
2022-07-11,175000,180000,175000,177500,4380,0.0056657223796034994
2022-07-12,174500,175500,169500,172000,9789,-0.030985915492957705
2022-07-13,171000,173500,169500,172000,3311,0.0
2022-07-14,170000,173500,169000,172500,5124,0.0029069767441860517
2022-07-15,172000,172000,166000,167500,9561,-0.02898550724637683
2022-07-18,170500,170500,167000,169500,6287,0.011940298507462588
2022-07-19,168500,171000,168500,169000,3801,-0.002949852507374673
2022-07-20,172000,175000,169500,171000,7875,0.01183431952662728
2022-07-21,172500,173500,171500,173000,4296,0.011695906432748648
2022-07-22,173000,175500,171500,173500,8569,0.0028901734104045396
2022-07-25,174000,182000,171000,182000,13093,0.04899135446685876
2022-07-26,181000,187000,181000,181500,7541,-0.0027472527472527375
2022-07-27,183000,183000,175500,175500,11274,-0.03305785123966942
2022-07-28,177500,178500,173500,175000,8914,-0.002849002849002802
2022-07-29,175500,186500,175500,184500,22180,0.05428571428571427
2022-08-01,180000,183000,178000,181000,17630,-0.01897018970189701
2022-08-02,181000,185500,179500,185500,9528,0.024861878453038777
2022-08-03,186500,191000,183500,190000,13142,0.0242587601078168
2022-08-04,193000,193000,186500,187500,11459,-0.013157894736842146
2022-08-05,188500,193000,184000,192500,7963,0.026666666666666616
2022-08-08,192500,192500,188500,190500,5175,-0.010389610389610393
2022-08-09,189500,190500,184000,186500,10101,-0.02099737532808399
2022-08-10,184000,188500,183000,183000,7113,-0.018766756032171594
2022-08-11,185000,193000,184000,190000,19153,0.03825136612021862
2022-08-12,187000,191000,186500,187500,9478,-0.013157894736842146
2022-08-16,190000,194000,188000,192000,9021,0.02400000000000002
2022-08-17,192000,195000,189000,190000,8255,-0.01041666666666663
2022-08-18,188000,190000,186000,188000,3650,-0.010526315789473717
2022-08-19,186500,187500,182500,183500,6079,-0.02393617021276595
2022-08-22,180500,181000,171500,172500,16033,-0.05994550408719346
2022-08-23,170000,172000,168500,169000,8982,-0.020289855072463725
2022-08-24,168000,171500,167000,169500,7927,0.002958579881656709
2022-08-25,170000,174500,170000,172000,5825,0.014749262536873253
2022-08-26,175000,178500,172500,173500,5594,0.008720930232558155
2022-08-29,166000,169500,166000,169000,5915,-0.025936599423631135
2022-08-30,169000,171500,168500,170000,5289,0.00591715976331364
2022-08-31,171000,173500,168000,173500,6573,0.020588235294117574
2022-09-01,171000,172500,167500,168000,7106,-0.03170028818443804
2022-09-02,168000,173000,168000,171000,8171,0.017857142857142794
2022-09-05,168000,170500,167000,168000,9098,-0.01754385964912286
2022-09-06,168500,171500,168000,170500,9546,0.014880952380952328
2022-09-07,168500,169500,163000,164500,11566,-0.035190615835777095
2022-09-08,165000,166500,163000,165000,4422,0.003039513677811634
2022-09-13,167500,169500,165000,169000,7118,0.024242424242424176
2022-09-14,164000,165000,160000,164000,7402,-0.029585798816568087
2022-09-15,164500,164500,162000,162000,4149,-0.012195121951219523
2022-09-16,159500,162000,152000,153000,18803,-0.05555555555555558
2022-09-19,153000,153000,146500,150000,13684,-0.019607843137254943
2022-09-20,148500,152000,148500,150000,4103,0.0
2022-09-21,147500,150000,139000,140000,23678,-0.06666666666666665
2022-09-22,136000,143500,130000,141500,23728,0.010714285714285676
2022-09-23,140000,140000,134000,134000,7328,-0.05300353356890464
2022-09-26,130000,131000,125000,125500,18177,-0.06343283582089554
2022-09-27,124000,127500,121000,123000,16611,-0.019920318725099584
2022-09-28,122500,124000,116000,117000,13872,-0.04878048780487809
2022-09-29,120000,123500,117000,117000,11559,0.0
2022-09-30,114000,116500,112500,114500,14901,-0.021367521367521403
2022-10-04,116000,120500,116000,120500,9836,0.05240174672489073
2022-10-05,122000,123000,115000,117500,8341,-0.024896265560165998
2022-10-06,119500,123000,117500,123000,5341,0.04680851063829783
2022-10-07,120500,124500,120000,123000,7086,0.0
2022-10-11,120000,120000,114000,116500,8207,-0.05284552845528456
2022-10-12,115500,120500,114000,117500,13736,0.008583690987124415
2022-10-13,115500,117000,109500,110000,11194,-0.06382978723404253
2022-10-14,111500,119000,111500,118500,11066,0.07727272727272738
2022-10-17,113500,129000,113500,125000,10261,0.05485232067510548
2022-10-18,128000,129000,124500,125500,8517,0.0040000000000000036
2022-10-19,126500,128500,120500,122000,7334,-0.027888446215139417
2022-10-20,120000,122500,115500,117000,8551,-0.040983606557377095
2022-10-21,118500,118500,113000,113000,6551,-0.03418803418803418
2022-10-24,115000,115500,111000,112000,13367,-0.008849557522123908
2022-10-25,113000,113000,108000,110000,11390,-0.017857142857142905
2022-10-26,111500,111500,108000,109000,7308,-0.009090909090909038
2022-10-27,109500,114000,109500,113000,11253,0.03669724770642202
2022-10-28,112000,113000,109000,110500,10215,-0.02212389380530977
2022-10-31,107000,108000,99900,101500,40478,-0.08144796380090502
2022-11-01,101500,104000,100000,104000,26729,0.024630541871921263
2022-11-02,103000,111500,100000,108500,30158,0.04326923076923084
2022-11-03,105000,108000,105000,106500,11874,-0.018433179723502335
2022-11-04,104500,108500,103000,108500,16643,0.018779342723004744
2022-11-07,110000,125000,109500,117000,63891,0.07834101382488479
2022-11-08,118000,121000,116000,117000,25223,0.0
2022-11-09,118500,122500,115000,120000,28969,0.02564102564102555
2022-11-10,119000,133500,117000,128000,63799,0.06666666666666665
2022-11-11,134500,134500,126000,129000,47635,0.0078125
2022-11-14,129000,138000,127500,133000,47739,0.03100775193798455
2022-11-15,137000,142000,133500,141000,44957,0.06015037593984962
2022-11-16,144000,144000,133000,134000,41748,-0.049645390070921946
2022-11-17,134000,134500,128500,130500,24355,-0.026119402985074647
2022-11-18,129000,130000,126000,126500,19051,-0.03065134099616862
2022-11-21,125500,129000,122000,125500,18681,-0.007905138339920903
2022-11-22,123500,125500,120000,120500,22520,-0.03984063745019917
2022-11-23,122000,124000,121000,122500,12516,0.016597510373443924
2022-11-24,123000,141000,123000,138000,69780,0.12653061224489792
2022-11-25,139500,147500,132500,133000,63522,-0.036231884057971064
2022-11-28,132500,132500,125500,127500,32442,-0.041353383458646586
2022-11-29,126500,132000,125000,130000,25061,0.019607843137254832
2022-11-30,128500,129500,125000,125000,63285,-0.038461538461538436
2022-12-01,127500,128500,123000,123500,32768,-0.01200000000000001
2022-12-02,123500,124000,120000,121000,23346,-0.020242914979757054
2022-12-05,121000,127500,119000,125000,35725,0.03305785123966931
2022-12-06,124000,125500,118500,118500,29762,-0.052000000000000046
2022-12-07,116500,122000,116500,118000,20481,-0.00421940928270037
2022-12-08,117000,118000,111000,112000,41275,-0.05084745762711862
2022-12-09,114000,115000,111000,112000,19110,0.0
2022-12-12,111500,111500,107500,109000,26442,-0.0267857142857143
2022-12-13,110000,114000,109000,111000,24768,0.0183486238532109
2022-12-14,112000,116500,112000,114000,28023,0.027027027027026973
2022-12-15,112500,113000,110500,112500,18672,-0.013157894736842146
2022-12-16,109500,111500,108500,110000,17697,-0.022222222222222254
2022-12-19,109500,109500,107000,107000,18060,-0.027272727272727226
2022-12-20,107000,108000,103500,104000,24303,-0.028037383177570097
2022-12-21,105000,106000,101500,102500,15625,-0.014423076923076872
2022-12-22,103500,107000,103000,105500,16747,0.029268292682926855
2022-12-23,104000,104000,101500,101500,16628,-0.03791469194312791
2022-12-26,101000,103000,100500,102000,9461,0.0049261083743843415
2022-12-27,102000,104000,101000,101500,19424,-0.004901960784313708
2022-12-28,101500,102500,100000,102500,12122,0.009852216748768461
2022-12-29,101500,102000,99500,99500,21887,-0.029268292682926855
2023-01-02,100000,101000,95500,95500,17715,-0.04020100502512558
2023-01-03,94500,96500,91400,96300,28006,0.008376963350785305
2023-01-04,94100,98200,94000,96800,15276,0.005192107995846351
2023-01-05,96800,100500,96700,98400,13671,0.016528925619834656
2023-01-06,98000,101500,96800,99400,14072,0.010162601626016343
2023-01-09,101000,109000,100000,108000,34380,0.08651911468812878
2023-01-10,107000,122000,106500,121000,100667,0.12037037037037046
2023-01-11,122500,129500,119500,125500,83983,0.037190082644628086
2023-01-12,126000,127500,120000,120500,38651,-0.03984063745019917
2023-01-13,120500,125000,118000,120000,35365,-0.004149377593360981
2023-01-16,120500,126000,120500,124000,31551,0.03333333333333344
2023-01-17,123500,128500,122500,125000,22769,0.008064516129032251
2023-01-18,123000,124000,117000,120500,42807,-0.03600000000000003
2023-01-19,118000,120500,117000,118000,11407,-0.020746887966805017
2023-01-20,117000,123500,116000,122000,19201,0.03389830508474567
2023-01-25,123300,125000,116900,117200,30394,-0.03934426229508192
2023-01-26,117200,119000,115500,118500,16033,0.011092150170648463
2023-01-27,118800,120600,116600,118500,14728,0.0
2023-01-30,118900,121000,117100,117500,14918,-0.008438818565400852
2023-01-31,115700,118800,115600,117900,12198,0.0034042553191488967
2023-02-01,119300,121300,118200,119500,14353,0.013570822731127974
2023-02-02,121000,121500,118700,120200,15247,0.0058577405857740406
2023-02-03,121400,127500,120500,123900,49290,0.030782029950083167
2023-02-06,125000,128400,122000,123500,41494,-0.0032284100080710587
2023-02-07,123000,123200,119800,120600,29435,-0.02348178137651824
2023-02-08,121600,121800,118300,118800,19555,-0.014925373134328401
2023-02-09,119800,119800,113300,114300,39732,-0.037878787878787845
2023-02-10,114700,114700,111300,111600,22551,-0.023622047244094446
2023-02-13,111700,113000,109700,111400,17193,-0.0017921146953404632
2023-02-14,112900,114500,110600,112000,14230,0.0053859964093356805
2023-02-15,111200,112900,109900,109900,13169,-0.018750000000000044
2023-02-16,109400,118000,109400,118000,32793,0.07370336669699729
2023-02-17,116800,145500,114000,141800,278380,0.20169491525423733
2023-02-20,141800,144000,133400,141000,101312,-0.005641748942172065
2023-02-21,139500,154000,139500,154000,155136,0.09219858156028371
2023-02-22,152200,165400,150900,156200,139792,0.014285714285714235
2023-02-23,158500,164000,152500,159100,69764,0.018565941101152283
2023-02-24,160000,160500,156000,156800,40711,-0.014456316781898182
2023-02-27,154800,154800,146500,147400,54189,-0.05994897959183676
2023-02-28,147300,150400,145600,146300,25702,-0.007462686567164201
2023-03-02,148800,156600,148600,152500,50128,0.04237867395762129
2023-03-03,152500,155400,148000,149200,29593,-0.02163934426229508
2023-03-06,148200,148900,143000,144700,34824,-0.03016085790884715
2023-03-07,145000,149100,141500,144500,27932,-0.0013821700069108767
2023-03-08,144500,144500,137600,139500,29687,-0.03460207612456745
2023-03-09,140400,145500,138200,139500,28232,0.0
2023-03-10,137000,138800,132900,132900,23889,-0.047311827956989294
2023-03-13,130100,133000,130000,133000,13166,0.0007524454477050302
2023-03-14,133300,138000,126000,126000,33098,-0.052631578947368474
2023-03-15,130000,131600,124800,128300,23717,0.01825396825396819
2023-03-16,123400,129300,122600,129300,17794,0.0077942322681214815
2023-03-17,133200,134000,130400,132900,27043,0.0278422273781902
2023-03-20,134700,136400,130000,130100,15273,-0.02106847253574118
2023-03-21,131600,132400,129200,129200,8642,-0.006917755572636408
2023-03-22,129500,129900,125700,126500,25516,-0.02089783281733748
2023-03-23,124900,130500,124900,129000,20422,0.01976284584980248
2023-03-24,131000,131000,126500,127400,12062,-0.012403100775193798
2023-03-27,127200,127200,123100,125700,16741,-0.013343799058084804
2023-03-28,125000,132500,125000,130000,29956,0.0342084327764518
2023-03-29,130000,130800,127800,129900,11053,-0.0007692307692307443
2023-03-30,130200,132600,128000,131000,31013,0.008468052347959887
2023-03-31,130900,131600,128800,130100,18034,-0.006870229007633566
2023-04-03,132000,132000,123400,124200,56409,-0.04534973097617212
2023-04-04,125300,125300,121900,123100,31630,-0.008856682769726287
2023-04-05,123100,124000,119800,120300,31484,-0.022745735174654724
2023-04-06,120300,120300,116100,116300,36377,-0.03325020781379884
2023-04-07,116500,117400,114900,115400,30085,-0.007738607050730817
2023-04-10,115400,118200,112200,118000,48739,0.022530329289428108
2023-04-11,118000,120900,115800,118500,36577,0.004237288135593209
2023-04-12,118400,118400,115800,116700,24513,-0.015189873417721489
2023-04-13,116900,117800,115000,115900,19422,-0.006855184233076295
2023-04-14,115900,117900,115700,116700,22270,0.00690250215703192
2023-04-17,116600,120400,115100,118000,32009,0.011139674378748854
2023-04-18,118600,119100,116200,116700,20708,-0.011016949152542366
2023-04-19,116500,117200,115300,115600,22084,-0.009425878320479808
2023-04-20,115900,115900,112100,112100,31478,-0.030276816608996504
2023-04-21,110600,112000,110300,110500,19865,-0.014272970561998166
2023-04-24,110000,110500,106300,107000,21052,-0.03167420814479638
2023-04-25,105700,110100,105600,107000,14935,0.0
2023-04-26,107500,111900,106800,108800,20093,0.016822429906542036
2023-04-27,111700,111700,103000,106400,16376,-0.022058823529411797
2023-04-28,106400,108800,106400,106500,7933,0.0009398496240602405
2023-05-02,108500,111500,107900,111200,19439,0.04413145539906105
2023-05-03,111200,111500,107100,107900,14456,-0.029676258992805793
2023-05-04,107600,108400,105700,107200,11897,-0.006487488415199305
2023-05-08,107100,109100,105900,107600,15520,0.003731343283582156
2023-05-09,108500,108500,105200,106000,11596,-0.014869888475836479
2023-05-10,105800,108500,104100,104900,13098,-0.010377358490566091
2023-05-11,104900,107300,103300,103400,14731,-0.014299332697807476
2023-05-12,102600,103300,101200,102300,14885,-0.010638297872340385
2023-05-15,102100,102100,99500,101100,22929,-0.011730205278592365
2023-05-16,101400,101800,99800,100000,9748,-0.010880316518298683
2023-05-17,99000,102000,99000,100400,9127,0.0040000000000000036
2023-05-18,100400,102000,99900,100600,10232,0.0019920318725099584
2023-05-19,100600,101600,100200,100800,10263,0.001988071570576455
2023-05-22,100800,103000,99900,102400,13239,0.015873015873015817
2023-05-23,102400,103500,101400,103300,8696,0.0087890625
2023-05-24,101300,103300,101100,101300,8986,-0.019361084220716362
2023-05-25,101000,101500,100200,100300,6006,-0.009871668311944748
2023-05-26,100400,101700,100000,100500,5698,0.001994017946161497
2023-05-30,100500,101300,100100,100200,6991,-0.0029850746268657025
2023-05-31,100400,100900,99500,99500,7312,-0.006986027944111739
2023-06-01,100000,100000,98900,99900,9624,0.004020100502512669
2023-06-02,99900,102400,99100,101300,11407,0.01401401401401392
2023-06-05,102500,109100,102300,106000,37256,0.04639684106614017
2023-06-07,107000,109300,106600,106600,18027,0.005660377358490676
2023-06-08,105100,108000,105000,105400,11401,-0.011257035647279534
2023-06-09,105500,106000,103200,104000,13520,-0.013282732447817858
2023-06-12,103700,106000,102700,103700,8487,-0.0028846153846153744
2023-06-13,104100,109400,103700,105600,36110,0.018322082931533368
2023-06-14,105600,106100,103700,104300,15402,-0.012310606060606077
2023-06-15,103700,104100,100000,101000,18699,-0.03163950143815919
2023-06-16,101000,103000,100300,101900,8946,0.008910891089108919
2023-06-19,101000,103000,101000,101300,6649,-0.0058881256133463955
2023-06-20,101500,108000,101500,105200,32541,0.038499506416584506
2023-06-21,105800,106900,101400,102800,20155,-0.02281368821292773
2023-06-22,102700,105300,101400,102200,12557,-0.005836575875486361
2023-06-23,102900,102900,100500,100600,19315,-0.015655577299412915
2023-06-26,100600,101200,99600,100100,11040,-0.00497017892644136
2023-06-27,100100,100500,99600,100400,7973,0.0029970029970030065
2023-06-28,100400,102900,99000,99100,17543,-0.01294820717131473
2023-06-29,98500,98500,94500,94500,27038,-0.0464177598385469
2023-06-30,94100,94900,93000,93800,11588,-0.007407407407407418
2023-07-03,93800,94400,91800,91800,23430,-0.021321961620469065
2023-07-04,90600,91700,86100,87000,43602,-0.05228758169934644
2023-07-05,85100,85800,80400,80800,71828,-0.07126436781609191
2023-07-06,80500,83200,77000,81700,55954,0.011138613861386037
2023-07-07,80700,81200,77600,81200,27794,-0.006119951040391647
2023-07-10,80900,102900,80200,93400,236331,0.1502463054187193
2023-07-11,92400,100000,88500,98000,98881,0.04925053533190571
2023-07-12,97300,99400,94000,94700,28856,-0.03367346938775506
2023-07-13,94100,94700,90000,90400,32120,-0.04540654699049629
2023-07-14,90400,90600,88400,89500,18285,-0.009955752212389424
2023-07-17,88200,91000,86900,90400,15021,0.010055865921787754
2023-07-18,89500,91000,88200,89400,12578,-0.011061946902654829
2023-07-19,89400,90000,87500,88100,12868,-0.014541387024608499
2023-07-20,87800,88400,85100,86000,13847,-0.023836549375709448
2023-07-21,85200,90200,85100,89200,18643,0.037209302325581506
2023-07-24,89200,89200,83800,84200,34369,-0.056053811659192876
2023-07-25,83800,85600,81800,84100,20839,-0.001187648456057011
2023-07-26,82400,83900,80000,81500,25356,-0.030915576694411362
2023-07-27,80000,82100,78000,80900,19847,-0.007361963190184007
2023-07-28,80800,81900,78000,81400,21925,0.006180469715698411
2023-07-31,81400,93600,80900,89700,61482,0.10196560196560189
2023-08-01,91800,91800,87100,88700,25004,-0.01114827201783719
2023-08-02,90300,108500,89500,101900,219404,0.14881623449830883
2023-08-03,100000,110500,96600,110500,154114,0.084396467124632
2023-08-04,107200,109500,101300,105800,52062,-0.04253393665158367
2023-08-07,107000,108500,103100,106800,22768,0.00945179584120992
2023-08-08,106900,107700,101100,102600,29138,-0.0393258426966292
2023-08-09,102000,104000,99500,101900,25449,-0.006822612085769952
2023-08-10,100100,104100,99500,101800,13317,-0.0009813542688911214
2023-08-11,102700,106200,100100,104800,14928,0.02946954813359537
2023-08-14,104500,107000,99900,100200,15139,-0.043893129770992356
2023-08-16,99600,100700,95800,97400,17258,-0.027944111776447067
2023-08-17,95200,98000,94000,95900,18754,-0.015400410677618104
2023-08-18,94000,98000,94000,95500,20172,-0.004171011470281538
2023-08-21,95300,112100,95300,108400,123223,0.13507853403141357
2023-08-22,108200,109800,102200,102300,43897,-0.056273062730627266
2023-08-23,102400,108500,102100,103700,29564,0.013685239491691092
2023-08-24,104000,110000,100100,108600,34670,0.047251687560269984
2023-08-25,107600,109400,104200,108000,25835,-0.0055248618784530246
2023-08-28,109000,109500,106200,106900,13404,-0.010185185185185186
2023-08-29,106000,108700,103600,106500,23752,-0.003741814780168329
2023-08-30,106300,111300,105500,110100,37627,0.033802816901408406
2023-08-31,111600,117000,104800,105500,62563,-0.04178019981834691
2023-09-01,107300,107300,99600,100800,35082,-0.04454976303317537
2023-09-04,99200,102800,99200,100800,17099,0.0
2023-09-05,102000,103400,99400,99500,18670,-0.012896825396825351
2023-09-06,99500,100800,99000,99000,9298,-0.005025125628140725
2023-09-07,99000,99600,96800,96800,13803,-0.022222222222222254
2023-09-08,96800,98900,96000,96400,9772,-0.004132231404958664
2023-09-11,97400,100000,96200,97000,15689,0.006224066390041472
2023-09-12,98000,98800,95500,95500,11204,-0.015463917525773141
2023-09-13,95500,96000,94000,94100,7300,-0.014659685863874339
2023-09-14,94100,97000,94100,95000,6161,0.009564293304994642
2023-09-15,94500,97500,94500,97500,6509,0.026315789473684292
2023-09-18,97400,98100,95900,96100,5489,-0.014358974358974375
2023-09-19,98700,100600,97000,97900,14775,0.018730489073881307
2023-09-20,98700,98700,95900,96300,6592,-0.01634320735444328
2023-09-21,96300,100700,96000,97000,24837,0.007268951194184803
2023-09-22,95500,97500,94500,97100,7335,0.0010309278350515427
2023-09-25,94600,96900,89900,91700,26326,-0.05561277033985579
2023-09-26,91200,92400,85200,85500,27297,-0.06761177753544168
2023-09-27,84200,86800,84200,86300,10104,0.009356725146198785
2023-10-04,86100,86900,84200,84500,11046,-0.02085747392815762
2023-10-05,84600,86500,83500,84300,5948,-0.002366863905325478
2023-10-06,82400,85000,82400,83200,4687,-0.013048635824436494
2023-10-10,82400,85700,81400,82000,7589,-0.014423076923076872
2023-10-11,81800,84800,81800,83600,10963,0.019512195121951237
2023-10-12,83400,84800,83400,84500,6204,0.010765550239234534
2023-10-13,88600,89500,83500,83500,14770,-0.011834319526627168
2023-10-16,83300,84400,82000,82100,5574,-0.016766467065868262
2023-10-17,82300,85700,82300,83800,5581,0.020706455542021995
2023-10-18,83800,84300,82900,84000,4628,0.0023866348448686736
2023-10-19,84000,84300,82000,82900,5717,-0.013095238095238049
2023-10-20,82900,84300,81400,83500,11144,0.007237635705669376
2023-10-23,81500,86300,80500,85100,14861,0.01916167664670665
2023-10-24,85100,87500,82900,86500,7046,0.016451233842538215
2023-10-25,86700,94500,86100,88800,45000,0.026589595375722475
2023-10-26,87900,89300,84400,84800,21679,-0.04504504504504503
2023-10-27,84800,87900,84200,87200,8644,0.028301886792452935
2023-10-30,87200,94500,85400,88800,22787,0.0183486238532109
2023-10-31,88900,90100,85000,86900,15822,-0.021396396396396344
2023-11-01,85900,87600,85400,86100,11428,-0.009205983889528202
2023-11-02,86400,90600,84400,88500,17733,0.027874564459930307
2023-11-03,88700,92600,88200,91800,17586,0.03728813559322042
2023-11-06,93800,93800,90200,92100,15621,0.0032679738562091387
2023-11-07,91600,91900,89800,90900,9152,-0.013029315960912058
2023-11-08,91800,94600,89100,90300,10428,-0.0066006600660065695
2023-11-09,90500,90900,88600,90400,4305,0.001107419712070845
2023-11-10,90400,90400,86900,87000,11317,-0.03761061946902655
2023-11-13,87300,88200,85400,87500,10015,0.005747126436781658
2023-11-14,83700,88400,83700,86400,14640,-0.012571428571428567
2023-11-15,87000,90700,86800,88300,16364,0.0219907407407407
2023-11-16,90100,91000,88400,90400,8659,0.023782559456398733
2023-11-17,90900,90900,88100,88300,5256,-0.023230088495575174
2023-11-20,88300,92400,88300,92400,9112,0.04643261608154026
2023-11-21,92400,92400,89000,92000,7384,-0.0043290043290042934
2023-11-22,92400,92400,90100,91300,5620,-0.007608695652173925
2023-11-23,91300,91500,90000,90000,3273,-0.014238773274917849
2023-11-24,91400,92000,89800,91900,4205,0.02111111111111108
2023-11-27,91900,91900,90100,90100,4055,-0.019586507072905324
2023-11-28,90300,90400,89000,89000,6200,-0.01220865704772478
2023-11-29,88300,89800,87900,88000,6600,-0.011235955056179803
2023-11-30,87200,89900,87200,89500,3887,0.017045454545454586
2023-12-01,89600,90800,88100,88500,12236,-0.011173184357541888
2023-12-04,89000,95400,89000,92400,20573,0.04406779661016946
2023-12-05,92400,93900,91100,91100,8240,-0.01406926406926412
2023-12-06,90300,90800,87600,89000,12421,-0.023051591657519244
2023-12-07,89100,92000,89100,91000,8471,0.022471910112359605
2023-12-08,92500,92500,88700,89300,8206,-0.018681318681318726
2023-12-11,89900,89900,88200,88600,6175,-0.007838745800671898
2023-12-12,88300,89400,87900,88000,9499,-0.006772009029345383
2023-12-13,88000,88300,86000,86000,10699,-0.022727272727272707
2023-12-14,88200,88800,86000,86600,7474,0.006976744186046435
2023-12-15,87000,88800,87000,88800,7218,0.025404157043879882
2023-12-18,87800,88700,86900,88300,9159,-0.005630630630630629
2023-12-19,88000,88000,86500,86900,10443,-0.015855039637599044
2023-12-20,86900,87700,86900,87200,7292,0.0034522439585731313
2023-12-21,86100,87000,86100,86500,7675,-0.008027522935779796
2023-12-22,86500,86600,85300,85500,11071,-0.011560693641618491
2023-12-26,85500,85500,84100,84400,8331,-0.012865497076023358
2023-12-27,83200,85800,82500,85100,7635,0.0082938388625593
2023-12-28,85400,86800,84800,86000,5435,0.010575793184488758
2024-01-02,86000,86500,84400,86300,3914,0.0034883720930232176
2024-01-03,86300,86300,85000,85600,5905,-0.008111239860950192
2024-01-04,84600,86100,83800,83800,10049,-0.0210280373831776
2024-01-05,84500,84900,82500,83100,5763,-0.00835322195704058
2024-01-08,83400,83500,82000,82800,3182,-0.0036101083032491488
2024-01-09,84800,86000,82600,83300,13857,0.006038647342995196
2024-01-10,83900,84400,82000,82100,6214,-0.014405762304921965
2024-01-11,82200,82400,77400,80700,11387,-0.01705237515225333
2024-01-12,80700,81800,80700,81500,3583,0.00991325898389106
2024-01-15,81500,82000,80600,81200,2570,-0.0036809815950920033
2024-01-16,81300,82400,79400,80800,6264,-0.0049261083743842304
2024-01-17,79700,80700,76700,78500,17546,-0.02846534653465349
2024-01-18,78500,80400,77000,78100,10147,-0.005095541401273884
2024-01-19,78200,79200,77200,78100,7496,0.0
2024-01-22,79500,79500,74900,75800,8693,-0.02944942381562099
2024-01-23,76000,77900,75000,76100,5484,0.003957783641160839
2024-01-24,76200,77600,74900,76200,5900,0.0013140604467805073
2024-01-25,77400,79100,71200,71700,51436,-0.05905511811023623
2024-01-26,72700,75600,71600,75100,12983,0.04741980474198049
2024-01-29,74500,76000,73100,74900,8659,-0.0026631158455392434
2024-01-30,73900,76100,73100,73200,11126,-0.022696929238985364
2024-01-31,72300,73100,65100,69400,65141,-0.051912568306010876
2024-02-01,69400,71600,66400,71300,23442,0.027377521613832778
2024-02-02,70800,74700,70700,74000,17885,0.03786816269284721
2024-02-05,73100,74000,72000,73500,4896,-0.006756756756756799
2024-02-06,73100,73500,71500,71700,3930,-0.024489795918367308
2024-02-07,71600,72700,71500,71700,4399,0.0
2024-02-08,72800,72800,71600,71800,4277,0.001394700139470073
2024-02-13,71800,72500,71500,72300,3613,0.0069637883008355494
2024-02-14,72300,72300,70700,71400,7405,-0.012448132780082943
2024-02-15,71400,72300,70000,71000,6201,-0.0056022408963585235
2024-02-16,71200,75900,70800,74500,18945,0.04929577464788726
2024-02-19,79900,79900,73800,74000,21153,-0.006711409395973145
2024-02-20,74000,74800,72000,72900,10953,-0.014864864864864824
2024-02-21,72900,74300,72100,72500,9872,-0.005486968449931462
2024-02-22,71600,76600,71600,74700,21907,0.030344827586206824
2024-02-23,73700,74500,72700,73500,12539,-0.016064257028112428
2024-02-26,73500,74000,72500,73000,4521,-0.006802721088435382
2024-02-27,73400,73400,71400,71900,9275,-0.015068493150684925
2024-02-28,71800,71800,69500,70500,21865,-0.01947148817802502
2024-02-29,69600,70300,67400,67500,23106,-0.04255319148936165
2024-03-04,67500,68400,67400,67800,9637,0.004444444444444473
2024-03-05,66800,68100,66800,67000,10851,-0.01179941002949858
2024-03-06,66600,67500,65000,67500,13710,0.00746268656716409
2024-03-07,67500,67500,66000,66200,10247,-0.01925925925925931
2024-03-08,65600,67300,65600,66800,5994,0.009063444108761365
2024-03-11,66800,67500,66000,66000,4427,-0.0119760479041916
2024-03-12,66000,67800,66000,67100,7310,0.016666666666666607
2024-03-13,67100,68000,66300,67100,6969,0.0
2024-03-14,67700,68200,66200,66400,8174,-0.010432190760059634
2024-03-15,67500,67500,64000,64000,17359,-0.03614457831325302
2024-03-18,64200,65100,61600,62800,15627,-0.018750000000000044
2024-03-19,62400,62700,60800,61600,9496,-0.019108280254777066
2024-03-20,61200,62600,61200,61500,6327,-0.0016233766233766378
2024-03-21,61200,62800,61200,61700,9394,0.003252032520325132
2024-03-22,61700,62800,61000,62500,5670,0.01296596434359798
2024-03-25,62600,62900,61400,61700,8320,-0.012800000000000034
2024-03-26,61700,63300,61700,62600,6497,0.014586709886547755
2024-03-27,62500,63300,62100,62300,4490,-0.004792332268370614
2024-03-28,63300,63300,61600,62000,12938,-0.0048154093097912964
2024-03-29,61900,64100,61700,62800,7419,0.012903225806451646
2024-04-01,62500,67000,62400,65900,18586,0.0493630573248407
2024-04-02,65900,65900,62500,63400,13696,-0.03793626707132014
2024-04-03,62600,66000,62100,64300,18271,0.014195583596214423
2024-04-04,64200,64200,62100,62600,13302,-0.026438569206842955
2024-04-05,62000,62600,61300,61300,7616,-0.02076677316293929
2024-04-08,61700,61800,59500,59900,14353,-0.022838499184339334
2024-04-09,61300,61300,59500,59600,6044,-0.005008347245408995
2024-04-11,59600,61500,59300,60300,6623,0.011744966442952975
2024-04-12,60300,60500,59000,59800,6053,-0.008291873963515717
2024-04-15,59000,59500,57100,58000,12412,-0.030100334448160515
2024-04-16,58000,58600,55700,55700,8135,-0.03965517241379313
2024-04-17,55200,57700,55200,57400,4738,0.030520646319569078
2024-04-18,56900,59500,56600,58000,6891,0.010452961672473782
2024-04-19,57800,57800,54600,55500,10818,-0.0431034482758621
2024-04-22,54800,58300,54800,58300,5674,0.05045045045045038
2024-04-23,59800,59800,55800,56700,7144,-0.027444253859348233
2024-04-24,56900,57600,56100,57400,3910,0.012345679012345734
2024-04-25,55800,57900,55800,56400,5078,-0.017421602787456414
2024-04-26,56400,57300,55800,56700,3000,0.005319148936170137
2024-04-29,56700,60400,56700,60400,13454,0.06525573192239853
2024-04-30,60500,61500,59800,60400,7012,0.0
2024-05-02,60400,61000,58700,58700,8194,-0.028145695364238388
2024-05-03,58800,60800,58700,59500,5871,0.013628620102214661
2024-05-07,59700,60300,58500,58700,8500,-0.013445378151260456
2024-05-08,58700,59600,58600,59000,4105,0.005110732538330387
2024-05-09,59500,59700,57100,57500,7597,-0.025423728813559365
2024-05-10,58700,59800,57800,57800,8115,0.00521739130434784
2024-05-13,57400,58500,57200,57700,5221,-0.0017301038062284002
2024-05-14,58500,62700,57400,60800,19985,0.05372616984402079
2024-05-16,60800,60800,59000,60100,9108,-0.011513157894736836
2024-05-17,60000,63500,59300,62900,15335,0.04658901830282858
2024-05-20,63100,72000,63100,71000,147332,0.12877583465818754
2024-05-21,72500,72500,67700,67900,39360,-0.04366197183098597
2024-05-22,67600,70400,66300,67500,27374,-0.00589101620029453
2024-05-23,68200,68300,62500,64500,21670,-0.0444444444444444
2024-05-24,64400,64500,62500,63500,18437,-0.015503875968992276
2024-05-27,63600,64000,62000,63300,17379,-0.0031496062992125706
2024-05-28,63600,65100,62500,64300,14953,0.01579778830963674
2024-05-29,64000,64900,62100,62100,13702,-0.034214618973561484
2024-05-30,62100,66500,60400,65900,23152,0.06119162640901776
2024-05-31,66000,68100,63700,64300,18266,-0.02427921092564489
2024-06-03,65300,69800,63800,67500,42210,0.04976671850699854
2024-06-04,67700,69500,64600,64600,21634,-0.04296296296296298
2024-06-05,66000,66300,64400,65000,7772,0.006191950464396356
2024-06-07,64400,66200,63500,64700,10410,-0.004615384615384577
2024-06-10,65000,68600,64200,66200,15606,0.023183925811437467
2024-06-11,67000,67800,65800,66200,7297,0.0
2024-06-12,66200,72000,65500,67900,37127,0.025679758308157163
2024-06-13,68000,68200,63500,64400,25509,-0.05154639175257736
2024-06-14,64000,64400,62300,63200,12163,-0.018633540372670843
2024-06-17,63900,63900,62700,62800,5023,-0.006329113924050667
2024-06-18,63500,63500,61600,62000,8076,-0.01273885350318471
2024-06-19,62000,62200,59500,60400,14671,-0.02580645161290318
2024-06-20,59800,62000,59800,61300,7916,0.01490066225165565
2024-06-21,60400,61800,60300,61800,5038,0.00815660685154973
2024-06-24,61200,62600,60700,61300,4257,-0.008090614886731351
2024-06-25,61300,61300,60300,60300,3942,-0.01631321370309946
2024-06-26,60300,60800,59500,59600,4406,-0.011608623548922004
2024-06-27,59200,77400,58000,65600,548818,0.10067114093959728
2024-06-28,64500,68800,63800,65100,76253,-0.007621951219512146
2024-07-01,64500,66700,63700,64200,21102,-0.01382488479262678
2024-07-02,64200,64300,61000,61700,19477,-0.0389408099688473
2024-07-03,61000,62500,60900,61900,16115,0.0032414910858995505
2024-07-04,61300,62700,60700,61300,9122,-0.009693053311793265
2024-07-05,61500,63000,61000,61200,9678,-0.0016313213703099683
2024-07-08,60800,61200,60000,60300,14163,-0.014705882352941124
2024-07-09,61400,61700,60500,60800,6215,0.008291873963515828
2024-07-10,61200,62000,60400,61100,5147,0.004934210526315708
2024-07-11,61200,67000,61200,63600,40123,0.04091653027823239
2024-07-12,62700,63800,62100,63100,16177,-0.00786163522012584
2024-07-15,63100,65500,61200,61300,9968,-0.02852614896988903
2024-07-16,61000,62300,60300,60800,8104,-0.00815660685154973
2024-07-17,60800,62000,60500,61500,7935,0.011513157894736947
2024-07-18,60800,61900,60100,61200,6183,-0.004878048780487809
2024-07-19,60600,61200,55500,58200,58982,-0.0490196078431373
2024-07-22,58000,58500,56300,57300,14513,-0.015463917525773141
2024-07-23,57300,58400,55100,55900,9485,-0.024432809773123898
2024-07-24,55000,56800,55000,55800,6124,-0.0017889087656529634
2024-07-25,55200,56300,54700,55900,6736,0.0017921146953405742
2024-07-26,56900,56900,54400,55000,7938,-0.01610017889087656
2024-07-29,54300,56800,54300,55000,6100,0.0
2024-07-30,54600,55800,52800,53000,11788,-0.036363636363636376
2024-07-31,53000,53100,50300,52100,18558,-0.016981132075471694
2024-08-01,52000,53800,51200,52600,9088,0.009596928982725572
2024-08-02,51900,52200,48050,49150,25865,-0.06558935361216733
2024-08-05,49100,49100,40200,41600,25724,-0.1536113936927772
2024-08-06,40800,45700,40800,44000,22135,0.05769230769230771
2024-08-07,42800,45400,42800,44450,8655,0.010227272727272751
2024-08-08,44450,45500,42550,44000,4260,-0.010123734533183382
2024-08-09,44050,45450,44050,44650,5068,0.014772727272727382
2024-08-12,44700,49150,44700,46250,17010,0.035834266517357216
2024-08-13,46900,46900,43950,44700,14096,-0.033513513513513504
2024-08-14,45200,46250,44000,46000,4723,0.029082774049216997
2024-08-16,47300,47300,45000,45600,5457,-0.008695652173912993
2024-08-19,45850,47200,45450,45650,4559,0.0010964912280702066
2024-08-20,45600,48050,45600,47900,7468,0.049288061336254074
2024-08-21,47800,48500,46200,47600,12321,-0.006263048016701411
2024-08-22,47650,48800,47100,47650,5894,0.0010504201680672232
2024-08-23,47650,47700,46250,47650,4530,0.0
2024-08-26,47650,48200,47050,47350,2148,-0.006295907660020972
2024-08-27,47350,47450,45500,47050,1904,-0.006335797254487852
2024-08-28,46500,46900,45600,45950,4552,-0.023379383634431483
2024-08-29,46000,46450,45250,45550,2228,-0.008705114254624613
2024-08-30,45150,46000,45000,45450,3674,-0.002195389681668547
2024-09-02,45750,47600,45000,45650,10580,0.004400440044004306
2024-09-03,45700,47400,45700,46100,4932,0.009857612267250904
2024-09-04,46100,46100,43300,43800,11778,-0.049891540130151846
2024-09-05,43800,44600,42950,43750,6239,-0.0011415525114155667
2024-09-06,43750,43750,42250,43000,5655,-0.017142857142857126
2024-09-09,41500,42900,41400,42500,3697,-0.011627906976744207
2024-09-10,42500,42950,41500,42500,4051,0.0
2024-09-11,42100,43200,41650,42550,2615,0.0011764705882353343
2024-09-12,43000,44250,43000,43300,3953,0.01762632197414815
2024-09-13,43300,43900,42150,42700,5790,-0.01385681293302543
2024-09-19,42300,42950,41650,41850,4889,-0.01990632318501173
2024-09-20,41850,42850,41850,42100,1986,0.005973715651135025
2024-09-23,42100,43300,41800,43000,4552,0.0213776722090262
2024-09-24,43000,44250,42650,44250,6297,0.029069767441860517
2024-09-25,44250,48650,44250,45900,20858,0.03728813559322042
2024-09-26,45750,46800,45100,46600,6849,0.015250544662309462
2024-09-27,46150,51200,46150,50100,34618,0.07510729613733913
2024-09-30,50300,50300,47600,48000,16132,-0.041916167664670656
2024-10-02,46400,48150,46300,47200,3753,-0.01666666666666672
2024-10-04,46350,47000,45750,45800,6378,-0.029661016949152574
2024-10-07,45800,46500,45300,46500,7160,0.015283842794759916
2024-10-08,46500,46550,45600,46300,4564,-0.004301075268817178
2024-10-10,46200,46200,44650,45100,6685,-0.02591792656587477
2024-10-11,44650,45100,43750,44100,10479,-0.022172949002217335
2024-10-14,44000,44000,42700,43050,11999,-0.023809523809523836
2024-10-15,43050,54900,42650,43200,336944,0.0034843205574912606
2024-10-16,43200,43200,41250,41850,28910,-0.03125
2024-10-17,41650,42750,41150,41150,20136,-0.016726403823178027
2024-10-18,41050,41650,40250,40300,19313,-0.020656136087484844
2024-10-21,40100,41050,39950,40500,8408,0.00496277915632759
2024-10-22,40300,41100,39450,39700,10748,-0.01975308641975304
2024-10-23,39700,40250,39400,40050,7635,0.00881612090680095
2024-10-24,39800,40450,39450,39750,5995,-0.0074906367041198685
2024-10-25,39800,40900,39500,39550,7837,-0.005031446540880502
2024-10-28,39250,40850,39250,40400,8860,0.02149178255372952
2024-10-29,41850,41850,39750,39800,10540,-0.014851485148514865
2024-10-30,39900,40550,39800,39950,8171,0.0037688442211054607
2024-10-31,39650,40350,39500,40000,5787,0.0012515644555695093
2024-11-01,39800,39850,39350,39500,5331,-0.012499999999999956
2024-11-04,39550,40000,39550,39650,2295,0.0037974683544304
2024-11-05,40050,40600,39600,40200,7826,0.013871374527112179
2024-11-06,39900,40800,39500,39550,5248,-0.016169154228855676
2024-11-07,39550,39700,38350,38800,8869,-0.01896333754740831
2024-11-08,38500,39300,37750,38000,7515,-0.020618556701030966
2024-11-11,37600,38000,35150,35800,17664,-0.05789473684210522
2024-11-12,35850,36500,33100,33100,28326,-0.07541899441340782
2024-11-13,33100,33750,32050,32150,8749,-0.028700906344410915
2024-11-14,31850,33500,31850,32950,8787,0.02488335925349916
2024-11-15,32950,33500,31050,32000,11331,-0.028831562974203306
2024-11-18,31500,32900,31500,32500,8770,0.015625
2024-11-19,32000,32850,31950,31950,4586,-0.01692307692307693
2024-11-20,31450,32400,31450,31700,4551,-0.007824726134585291
2024-11-21,31050,31550,30050,30800,9173,-0.028391167192429068
2024-11-22,30600,32300,30600,31350,9284,0.017857142857142794
2024-11-25,31000,33500,31000,31700,15818,0.011164274322169154
2024-11-26,31700,32250,30450,30550,16171,-0.0362776025236593
2024-11-27,30550,30550,28150,28500,32835,-0.06710310965630117
2024-11-28,28800,30400,28550,30400,15588,0.06666666666666665
2024-11-29,30700,30700,28650,28850,7814,-0.050986842105263164
2024-12-02,29900,37500,29100,37500,212139,0.2998266897746966
2024-12-03,41200,45300,36150,39000,471771,0.040000000000000036
2024-12-04,38500,38950,36400,36600,53286,-0.06153846153846154
2024-12-05,37500,37800,33350,34800,55619,-0.049180327868852514
2024-12-06,35000,36750,32300,35400,43657,0.01724137931034475
2024-12-09,34250,34850,32800,33500,22925,-0.053672316384180796
2024-12-10,33000,38200,33000,37650,48151,0.12388059701492526
2024-12-11,37650,40950,36200,40050,53631,0.06374501992031867
2024-12-12,40900,44950,38800,44950,53667,0.12234706616729096
2024-12-13,49800,57000,45000,45650,205175,0.015572858731924377
2024-12-16,45600,48250,43050,46800,51047,0.025191675794085322
2024-12-17,46800,48800,44550,46800,24651,0.0
2024-12-18,46800,53400,44800,50400,76739,0.07692307692307687
2024-12-19,49200,50000,45500,48400,18544,-0.03968253968253965
2024-12-20,47500,47700,45350,45550,14711,-0.058884297520661155
2024-12-23,45600,46700,43950,44100,13064,-0.03183315038419321
2024-12-24,44100,44100,42350,42700,14917,-0.031746031746031744
2024-12-26,42500,43900,42050,42050,7882,-0.015222482435597207
2024-12-27,41300,43350,40500,40700,8770,-0.03210463733650415
2024-12-30,39550,40700,39000,39600,8319,-0.027027027027026973
2025-01-02,38850,39600,38200,38550,8080,-0.02651515151515149
2025-01-03,38600,40600,38200,40350,9267,0.04669260700389111
2025-01-06,40350,41100,39600,40150,6736,-0.00495662949194553
2025-01-07,39850,40750,39500,39650,8123,-0.012453300124533051
2025-01-08,39500,40300,39150,39700,6284,0.0012610340479193294
2025-01-09,42000,45650,40100,40750,42850,0.026448362720403074
2025-01-10,41500,41500,39650,40950,6119,0.004907975460122671
2025-01-13,40900,40900,39750,40000,4869,-0.023199023199023228
2025-01-14,40150,40150,39100,39400,4236,-0.015000000000000013
2025-01-15,39600,40850,39000,39550,5935,0.0038071065989848663
2025-01-16,39550,40100,39550,39700,3457,0.0037926675094817064
2025-01-17,39700,40500,39100,39900,4728,0.005037783375314797
2025-01-20,39550,40650,39300,39750,5239,-0.003759398496240629
2025-01-21,39500,40000,38300,38600,8724,-0.028930817610062887
2025-01-22,39000,39150,38400,38800,4000,0.005181347150259086
2025-01-23,39250,39250,37800,37850,5509,-0.02448453608247425
2025-01-24,39000,41500,38500,39750,11245,0.05019815059445176
2025-01-31,39550,39900,38800,39150,3709,-0.015094339622641506
2025-02-03,39550,39550,36000,37750,4882,-0.03575989782886335
2025-02-04,37750,40000,36750,37700,4210,-0.0013245033112583293
2025-02-05,37700,38750,37650,38100,5454,0.010610079575596787
2025-02-06,39200,39200,37750,38300,7019,0.005249343832020914
2025-02-07,37800,38300,37200,37200,8037,-0.02872062663185382
2025-02-10,37200,37200,36050,36300,8009,-0.024193548387096753
2025-02-11,36800,37150,36350,36950,5593,0.017906336088154173
2025-02-12,36950,37350,36000,36050,5392,-0.024357239512855178
2025-02-13,37000,37000,36100,36950,4881,0.02496532593619971
2025-02-14,38000,38000,36550,36650,4037,-0.008119079837618393
2025-02-17,36750,38400,36650,37550,9328,0.024556616643929052
2025-02-18,37650,37800,36750,37600,9388,0.0013315579227697327
2025-02-19,38350,41900,37600,40400,37561,0.07446808510638303
2025-02-20,41250,41250,39700,40300,11011,-0.0024752475247524774
2025-02-21,40950,41300,40300,40300,7585,0.0
2025-02-24,40000,43500,39700,41700,20234,0.03473945409429291
2025-02-25,43150,43150,40550,41650,10970,-0.0011990407673860837
2025-02-26,41550,42400,40400,40950,9617,-0.01680672268907568
2025-02-27,41200,41200,39900,40050,6460,-0.02197802197802201
2025-02-28,40400,40750,38900,38900,7470,-0.028714107365792718
2025-03-04,38900,38900,38900,38900,0,0.0
2025-03-05,38900,38900,38900,38900,0,0.0
2025-03-06,38900,38900,38900,38900,0,0.0
2025-03-07,0,0,0,38900,0,0.0
2025-03-10,0,0,0,38900,0,0.0
2025-03-11,0,0,0,38900,0,0.0
2025-03-12,0,0,0,38900,0,0.0
2025-03-13,0,0,0,38900,0,0.0
2025-03-14,0,0,0,38900,0,0.0
2025-03-17,0,0,0,38900,0,0.0
2025-03-18,0,0,0,38900,0,0.0
2025-03-19,0,0,0,38900,0,0.0
2025-03-20,0,0,0,38900,0,0.0
2025-03-21,0,0,0,38900,0,0.0
2025-03-24,0,0,0,38900,0,0.0
2025-03-25,0,0,0,38900,0,0.0
2025-03-26,0,0,0,38900,0,0.0
2025-03-27,0,0,0,38900,0,0.0
2025-03-28,0,0,0,38900,0,0.0
2025-03-31,0,0,0,38900,0,0.0
2025-04-01,0,0,0,38900,0,0.0
2025-04-02,0,0,0,38900,0,0.0
2025-04-03,0,0,0,38900,0,0.0
2025-04-04,0,0,0,38900,0,0.0
2025-04-07,0,0,0,38900,0,0.0
2025-04-08,0,0,0,38900,0,0.0
2025-04-09,0,0,0,38900,0,0.0
2025-04-10,0,0,0,38900,0,0.0
2025-04-11,0,0,0,38900,0,0.0
2025-04-14,0,0,0,38900,0,0.0
2025-04-15,0,0,0,38900,0,0.0
2025-04-16,0,0,0,38900,0,0.0
2025-04-17,0,0,0,38900,0,0.0
2025-04-18,0,0,0,38900,0,0.0
2025-04-21,0,0,0,38900,0,0.0
2025-04-22,0,0,0,38900,0,0.0
2025-04-23,0,0,0,38900,0,0.0
2025-04-24,0,0,0,38900,0,0.0
2025-04-25,0,0,0,38900,0,0.0
2025-04-28,0,0,0,38900,0,0.0
2025-04-29,0,0,0,38900,0,0.0
2025-04-30,0,0,0,38900,0,0.0
2025-05-02,0,0,0,38900,0,0.0
2025-05-07,0,0,0,38900,0,0.0
2025-05-08,0,0,0,38900,0,0.0
2025-05-09,0,0,0,38900,0,0.0
2025-05-12,0,0,0,38900,0,0.0
2025-05-13,0,0,0,38900,0,0.0
2025-05-14,0,0,0,38900,0,0.0
2025-05-15,0,0,0,38900,0,0.0
2025-05-16,0,0,0,38900,0,0.0
2025-05-19,0,0,0,38900,0,0.0
2025-05-20,0,0,0,38900,0,0.0
2025-05-21,0,0,0,38900,0,0.0
2025-05-22,0,0,0,38900,0,0.0
2025-05-23,0,0,0,38900,0,0.0
2025-05-26,0,0,0,38900,0,0.0
2025-05-27,0,0,0,38900,0,0.0
2025-05-28,0,0,0,38900,0,0.0
2025-05-29,0,0,0,38900,0,0.0
2025-05-30,0,0,0,38900,0,0.0
2025-06-02,0,0,0,38900,0,0.0
2025-06-04,0,0,0,38900,0,0.0
2025-06-05,0,0,0,38900,0,0.0
2025-06-09,0,0,0,38900,0,0.0
2025-06-10,0,0,0,38900,0,0.0
2025-06-11,0,0,0,38900,0,0.0
2025-06-12,0,0,0,38900,0,0.0
2025-06-13,0,0,0,38900,0,0.0
2025-06-16,0,0,0,38900,0,0.0
2025-06-17,0,0,0,38900,0,0.0
2025-06-18,0,0,0,38900,0,0.0
2025-06-19,0,0,0,38900,0,0.0
2025-06-20,0,0,0,38900,0,0.0
2025-06-23,0,0,0,38900,0,0.0
2025-06-24,0,0,0,38900,0,0.0
2025-06-25,0,0,0,38900,0,0.0
2025-06-26,0,0,0,38900,0,0.0
2025-06-27,0,0,0,38900,0,0.0
2025-06-30,0,0,0,38900,0,0.0
2025-07-01,0,0,0,38900,0,0.0
2025-07-02,0,0,0,38900,0,0.0
2025-07-03,0,0,0,38900,0,0.0
2025-07-04,0,0,0,38900,0,0.0
2025-07-07,0,0,0,38900,0,0.0
2025-07-08,0,0,0,38900,0,0.0
2025-07-09,0,0,0,38900,0,0.0
2025-07-10,0,0,0,38900,0,0.0
2025-07-11,0,0,0,38900,0,0.0
2025-07-14,0,0,0,38900,0,0.0
2025-07-15,0,0,0,38900,0,0.0
2025-07-16,0,0,0,38900,0,0.0
2025-07-17,0,0,0,38900,0,0.0
2025-07-18,0,0,0,38900,0,0.0
2025-07-21,0,0,0,38900,0,0.0
2025-07-22,0,0,0,38900,0,0.0
2025-07-23,0,0,0,38900,0,0.0
2025-07-24,0,0,0,38900,0,0.0
2025-07-25,0,0,0,38900,0,0.0
2025-07-28,0,0,0,38900,0,0.0
2025-07-29,0,0,0,38900,0,0.0
2025-07-30,0,0,0,38900,0,0.0
2025-07-31,0,0,0,38900,0,0.0
2025-08-01,0,0,0,38900,0,0.0
2025-08-04,0,0,0,38900,0,0.0
2025-08-05,0,0,0,38900,0,0.0
2025-08-06,0,0,0,38900,0,0.0
2025-08-07,0,0,0,38900,0,0.0
2025-08-08,0,0,0,38900,0,0.0
2025-08-11,0,0,0,38900,0,0.0
2025-08-12,0,0,0,38900,0,0.0
2025-08-13,0,0,0,38900,0,0.0
2025-08-14,0,0,0,38900,0,0.0
2025-08-18,0,0,0,38900,0,0.0
2025-08-19,0,0,0,38900,0,0.0
2025-08-20,0,0,0,38900,0,0.0
2025-08-21,0,0,0,38900,0,0.0
2025-08-22,0,0,0,38900,0,0.0
2025-08-25,0,0,0,38900,0,0.0
2025-08-26,0,0,0,38900,0,0.0
2025-08-27,0,0,0,38900,0,0.0
2025-08-28,0,0,0,38900,0,0.0
2025-08-29,0,0,0,38900,0,0.0
2025-09-01,0,0,0,38900,0,0.0
2025-09-02,0,0,0,38900,0,0.0
2025-09-03,0,0,0,38900,0,0.0
2025-09-04,0,0,0,38900,0,0.0
2025-09-05,0,0,0,38900,0,0.0
2025-09-08,0,0,0,38900,0,0.0
2025-09-09,0,0,0,38900,0,0.0
2025-09-10,0,0,0,38900,0,0.0
2025-09-11,0,0,0,38900,0,0.0
2025-09-12,0,0,0,38900,0,0.0
2025-09-15,0,0,0,38900,0,0.0
2025-09-16,0,0,0,38900,0,0.0
2025-09-17,0,0,0,38900,0,0.0
2025-09-18,0,0,0,38900,0,0.0
2025-09-19,0,0,0,38900,0,0.0
2025-09-22,0,0,0,38900,0,0.0
2025-09-23,0,0,0,38900,0,0.0
2025-09-24,0,0,0,38900,0,0.0
2025-09-25,0,0,0,38900,0,0.0
2025-09-26,0,0,0,38900,0,0.0
2025-09-29,0,0,0,38900,0,0.0
2025-09-30,0,0,0,38900,0,0.0
2025-10-01,0,0,0,38900,0,0.0
2025-10-02,0,0,0,38900,0,0.0
2025-10-10,0,0,0,38900,0,0.0
2025-10-13,0,0,0,38900,0,0.0
2025-10-14,0,0,0,38900,0,0.0
2025-10-15,0,0,0,38900,0,0.0
2025-10-16,0,0,0,38900,0,0.0
2025-10-17,0,0,0,38900,0,0.0
2025-10-20,0,0,0,38900,0,0.0
2025-10-21,0,0,0,38900,0,0.0
2025-10-22,0,0,0,38900,0,0.0
2025-10-23,0,0,0,38900,0,0.0
2025-10-24,0,0,0,38900,0,0.0
2025-10-27,0,0,0,38900,0,0.0
2025-10-28,0,0,0,38900,0,0.0
2025-10-29,0,0,0,38900,0,0.0
2025-10-30,0,0,0,38900,0,0.0
2025-10-31,0,0,0,38900,0,0.0
2025-11-03,0,0,0,38900,0,0.0
2025-11-04,0,0,0,38900,0,0.0
2025-11-05,0,0,0,38900,0,0.0
2025-11-06,0,0,0,38900,0,0.0
2025-11-07,0,0,0,38900,0,0.0
2025-11-10,0,0,0,38900,0,0.0
2025-11-11,0,0,0,38900,0,0.0
2025-11-12,0,0,0,38900,0,0.0
2025-11-13,0,0,0,38900,0,0.0
2025-11-14,0,0,0,38900,0,0.0
2025-11-17,0,0,0,38900,0,0.0
2025-11-18,0,0,0,38900,0,0.0
2025-11-19,0,0,0,38900,0,0.0
2025-11-20,0,0,0,38900,0,0.0
2025-11-21,0,0,0,38900,0,0.0
2025-11-24,0,0,0,38900,0,0.0
2025-11-25,0,0,0,38900,0,0.0
2025-11-26,0,0,0,38900,0,0.0
2025-11-27,0,0,0,38900,0,0.0
2025-11-28,0,0,0,38900,0,0.0
2025-12-01,0,0,0,38900,0,0.0
2025-12-02,0,0,0,38900,0,0.0
2025-12-03,0,0,0,38900,0,0.0
2025-12-04,0,0,0,38900,0,0.0
2025-12-05,0,0,0,38900,0,0.0
2025-12-08,0,0,0,38900,0,0.0
2025-12-09,0,0,0,38900,0,0.0
2025-12-10,0,0,0,38900,0,0.0
2025-12-11,0,0,0,38900,0,0.0
2025-12-12,0,0,0,38900,0,0.0
2025-12-15,0,0,0,38900,0,0.0
2025-12-16,0,0,0,38900,0,0.0
2025-12-17,0,0,0,38900,0,0.0
2025-12-18,0,0,0,38900,0,0.0
2025-12-19,0,0,0,38900,0,0.0
