Date,Open,High,Low,Close,Volume,Change
2022-01-03,33400,33400,32650,32650,31038,-0.010606060606060619
2022-01-04,33000,33000,32100,32400,46001,-0.007656967840735107
2022-01-05,32350,32650,30800,30950,92863,-0.04475308641975306
2022-01-06,30050,30900,29850,30300,179572,-0.021001615508885352
2022-01-07,30000,32950,30000,31900,218755,0.05280528052805278
2022-01-10,31900,33100,31700,32650,140263,0.023510971786833812
2022-01-11,32100,33200,31300,32050,93558,-0.018376722817764146
2022-01-12,32100,32300,31500,32300,62187,0.007800312012480548
2022-01-13,32200,32500,31900,32250,28999,-0.001547987616099089
2022-01-14,32200,32200,31050,31500,44881,-0.023255813953488413
2022-01-17,31300,31650,30600,30850,20964,-0.020634920634920673
2022-01-18,31300,31550,30100,30400,39472,-0.014586709886547866
2022-01-19,30100,30900,30100,30550,61956,0.004934210526315708
2022-01-20,30550,32700,30300,32550,84228,0.06546644844517191
2022-01-21,32400,32400,31300,31700,54260,-0.02611367127496156
2022-01-24,31550,31550,30700,31050,26023,-0.02050473186119872
2022-01-25,31650,31900,30100,30750,66682,-0.009661835748792313
2022-01-26,31050,32750,31050,32450,148348,0.055284552845528356
2022-01-27,32500,32800,31100,31850,68802,-0.018489984591679498
2022-01-28,31600,32600,31200,32400,55503,0.017268445839874413
2022-02-03,32650,32900,32200,32550,44777,0.004629629629629539
2022-02-04,32650,33450,32600,32950,81980,0.01228878648233489
2022-02-07,33300,33850,32800,33250,63277,0.009104704097116834
2022-02-08,33100,33650,32300,32850,44773,-0.012030075187969946
2022-02-09,33000,33100,32400,32600,38767,-0.007610350076103556
2022-02-10,32600,32700,32000,32700,40169,0.0030674846625766694
2022-02-11,32650,33650,32100,33400,80321,0.021406727828746197
2022-02-14,33000,34500,32700,33100,236801,-0.008982035928143728
2022-02-15,33350,33600,31650,32500,116625,-0.01812688821752262
2022-02-16,33000,33450,32400,32700,72672,0.006153846153846176
2022-02-17,32450,32800,31700,32650,135561,-0.001529051987767538
2022-02-18,31900,32750,31900,32750,43144,0.003062787136294043
2022-02-21,32150,33350,32000,33050,43749,0.009160305343511421
2022-02-22,32400,33600,32400,32850,57817,-0.006051437216338829
2022-02-23,32900,33150,32750,32850,26493,0.0
2022-02-24,32750,32850,31800,31800,42830,-0.03196347031963476
2022-02-25,32100,32850,31900,32850,26552,0.03301886792452824
2022-02-28,32850,32850,32100,32600,25373,-0.007610350076103556
2022-03-02,32700,32700,32200,32500,21209,-0.0030674846625766694
2022-03-03,32700,32800,32150,32650,34405,0.004615384615384688
2022-03-04,32750,34200,32450,32450,124152,-0.006125574272588086
2022-03-07,31850,32800,31750,32050,31384,-0.012326656394452962
2022-03-08,31300,32350,31300,32300,29341,0.007800312012480548
2022-03-10,32350,32900,32200,32450,27032,0.004643962848297267
2022-03-11,32450,32750,32250,32700,21374,0.007704160246533087
2022-03-14,32700,33000,32300,32350,26422,-0.010703363914373099
2022-03-15,32350,33300,32100,32650,55642,0.009273570324574987
2022-03-16,33400,34800,32950,34500,296501,0.05666156202143946
2022-03-17,34250,34900,33400,34400,253887,-0.0028985507246376274
2022-03-18,34450,34700,33900,34350,88672,-0.0014534883720930258
2022-03-21,34250,34300,33100,34300,123951,-0.0014556040756914523
2022-03-22,34050,34450,33700,33700,64202,-0.017492711370262426
2022-03-23,33700,33850,32850,33000,115315,-0.020771513353115778
2022-03-24,33100,33900,32600,33850,72402,0.025757575757575868
2022-03-25,33750,34450,33750,33900,77181,0.001477104874446189
2022-03-28,33900,35550,33800,35300,273176,0.041297935103244754
2022-03-29,35600,35600,34900,35250,103904,-0.0014164305949008194
2022-03-30,35200,35350,34450,34550,69566,-0.019858156028368823
2022-03-31,34550,34950,34300,34900,58560,0.01013024602026058
2022-04-01,34550,34850,34450,34500,25190,-0.011461318051575908
2022-04-04,34950,36150,34600,34650,171534,0.004347826086956497
2022-04-05,34700,34850,33850,34150,79998,-0.01443001443001446
2022-04-06,33850,34000,33200,33400,59460,-0.02196193265007318
2022-04-07,33000,33600,32900,33250,40965,-0.004491017964071808
2022-04-08,33050,33500,32850,33300,23627,0.0015037593984963404
2022-04-11,33300,33450,32850,33250,26847,-0.0015015015015015232
2022-04-12,32800,33050,32400,32550,40537,-0.021052631578947323
2022-04-13,32400,32950,32400,32700,23572,0.004608294930875667
2022-04-14,32600,33350,32550,33200,38207,0.015290519877675823
2022-04-15,33100,33100,32600,32950,25605,-0.0075301204819276935
2022-04-18,32800,33000,32150,32150,43322,-0.02427921092564489
2022-04-19,32150,32400,32000,32150,38162,0.0
2022-04-20,32400,32400,31700,32200,45222,0.0015552099533437946
2022-04-21,32000,32200,31550,31850,49022,-0.010869565217391353
2022-04-22,31600,31800,31050,31700,56110,-0.004709576138147598
2022-04-25,31100,31600,30800,30850,48577,-0.02681388012618302
2022-04-26,30800,31250,30800,30850,31605,0.0
2022-04-27,30100,30500,30000,30350,50987,-0.01620745542949753
2022-04-28,30350,30600,30000,30500,39012,0.0049423393739702615
2022-04-29,30350,31150,30350,31000,22827,0.016393442622950838
2022-05-02,30900,30900,30050,30750,30499,-0.008064516129032251
2022-05-03,30550,31150,30500,31050,24293,0.009756097560975618
2022-05-04,31000,31100,30650,31050,21771,0.0
2022-05-06,30550,31150,30550,31100,13129,0.0016103059581320522
2022-05-09,31150,31250,29550,29800,48384,-0.04180064308681675
2022-05-10,29200,29600,28400,29000,54881,-0.02684563758389258
2022-05-11,29000,29500,28950,29300,10775,0.010344827586206806
2022-05-12,28600,29100,27800,28000,53942,-0.04436860068259385
2022-05-13,27900,28400,27900,28200,20498,0.0071428571428571175
2022-05-16,28050,28400,27550,28150,22781,-0.0017730496453900457
2022-05-17,28100,28400,27800,28400,28412,0.008880994671403242
2022-05-18,28400,28650,28050,28250,13179,-0.005281690140845119
2022-05-19,27700,27900,27250,27250,32454,-0.03539823008849563
2022-05-20,27300,28400,27250,28300,15791,0.038532110091743066
2022-05-23,28250,28300,27350,27750,23758,-0.019434628975265045
2022-05-24,27600,27950,26650,26650,53626,-0.03963963963963968
2022-05-25,26650,27100,26500,26850,13468,0.007504690431519689
2022-05-26,26850,27500,26400,26650,39312,-0.007448789571694592
2022-05-27,27100,27250,26650,27050,16619,0.015009380863039379
2022-05-30,27050,27350,27050,27300,15925,0.009242144177449063
2022-05-31,27300,28000,27050,28000,47927,0.02564102564102555
2022-06-02,27950,28000,27650,27950,8779,-0.0017857142857142794
2022-06-03,28100,28100,27550,27700,13257,-0.008944543828264706
2022-06-07,27650,27650,27100,27300,10482,-0.014440433212996373
2022-06-08,27200,27600,27150,27400,16397,0.00366300366300365
2022-06-09,27150,27550,26900,27550,14757,0.005474452554744547
2022-06-10,27600,27700,27200,27650,11783,0.003629764065335772
2022-06-13,27300,27300,25500,26100,72319,-0.05605786618444841
2022-06-14,25500,26450,25100,26450,44686,0.013409961685823646
2022-06-15,26350,27100,25850,26900,48753,0.017013232514177634
2022-06-16,27100,27650,26900,27500,38073,0.02230483271375472
2022-06-17,26950,27650,26900,27400,26768,-0.0036363636363636598
2022-06-20,27400,27450,24850,25900,136095,-0.054744525547445244
2022-06-21,26000,26400,25600,26150,39416,0.009652509652509744
2022-06-22,26150,26300,24950,25000,59559,-0.04397705544933084
2022-06-23,24800,25300,24050,24050,80219,-0.038000000000000034
2022-06-24,24050,25550,24050,25550,44336,0.06237006237006226
2022-06-27,26250,26850,25850,26800,56350,0.048923679060665304
2022-06-28,27000,27500,26800,27500,105728,0.026119402985074647
2022-06-29,26500,26550,26000,26000,56716,-0.054545454545454564
2022-06-30,26000,26050,25050,25550,29280,-0.017307692307692357
2022-07-01,25200,25650,24400,24750,28688,-0.03131115459882583
2022-07-04,24750,24850,23500,24000,33068,-0.030303030303030276
2022-07-05,23900,24200,23700,24200,39466,0.008333333333333304
2022-07-06,24150,24400,23750,24050,15986,-0.006198347107438051
2022-07-07,24050,24150,23800,24100,15879,0.0020790020790020236
2022-07-08,24100,24200,23750,23850,15675,-0.010373443983402453
2022-07-11,23850,23950,23600,23900,9795,0.002096436058700135
2022-07-12,23800,24050,23600,23950,21108,0.0020920502092049986
2022-07-13,23950,24550,23850,24500,16961,0.022964509394572064
2022-07-14,24100,24400,23800,24250,17271,-0.010204081632653073
2022-07-15,24300,24750,24000,24450,14386,0.008247422680412342
2022-07-18,24550,24800,24450,24600,7620,0.006134969325153339
2022-07-19,24400,24600,24350,24600,11245,0.0
2022-07-20,24900,24950,24450,24650,20646,0.00203252032520318
2022-07-21,24600,25550,24400,25200,68722,0.022312373225152227
2022-07-22,25200,25250,24700,24900,24290,-0.011904761904761862
2022-07-25,24950,24950,24450,24800,12558,-0.004016064257028162
2022-07-26,24800,24800,24350,24600,12316,-0.008064516129032251
2022-07-27,24650,25200,24550,24600,20775,0.0
2022-07-28,24700,24850,24250,24400,23260,-0.008130081300813052
2022-07-29,24600,24650,24400,24550,13446,0.006147540983606481
2022-08-01,24800,25500,24500,24800,45882,0.010183299389002087
2022-08-02,24550,24700,24250,24500,14282,-0.012096774193548376
2022-08-03,24400,24600,24300,24500,7661,0.0
2022-08-04,24550,24750,24450,24750,8794,0.010204081632652962
2022-08-05,24750,24900,24150,24550,14857,-0.008080808080808133
2022-08-08,24750,24750,24250,24500,9903,-0.0020366598778004397
2022-08-09,24450,24550,24100,24300,16078,-0.008163265306122436
2022-08-10,24500,24500,24000,24300,13377,0.0
2022-08-11,24450,24450,24050,24200,16171,-0.004115226337448541
2022-08-12,24050,24250,24000,24150,17390,-0.0020661157024793875
2022-08-16,24250,24650,23700,24200,40573,0.0020703933747412417
2022-08-17,24600,24700,24100,24250,40399,0.0020661157024792765
2022-08-18,24250,24450,24050,24200,14522,-0.0020618556701030855
2022-08-19,24250,24350,24050,24150,11453,-0.0020661157024793875
2022-08-22,24000,26350,23800,24950,295517,0.0331262939958592
2022-08-23,24950,24950,24200,24450,43859,-0.02004008016032066
2022-08-24,24450,24850,24400,24800,26032,0.014314928425357865
2022-08-25,24650,24950,24500,24800,18607,0.0
2022-08-26,24700,24950,24650,24750,14534,-0.0020161290322581182
2022-08-29,24050,24450,24000,24300,22532,-0.018181818181818188
2022-08-30,24100,24450,24100,24450,11394,0.006172839506172867
2022-08-31,24200,24550,24150,24550,10799,0.004089979550102152
2022-09-01,24450,24500,24100,24100,12169,-0.018329938900203624
2022-09-02,24100,24200,23900,23900,18387,-0.008298755186721962
2022-09-05,23800,24150,23650,23900,14537,0.0
2022-09-06,24100,24150,23750,23750,8524,-0.006276150627615107
2022-09-07,23850,24050,23350,23550,13628,-0.008421052631578996
2022-09-08,23550,23800,23500,23600,9145,0.002123142250530785
2022-09-13,23600,23850,23500,23700,15596,0.004237288135593209
2022-09-14,23300,23600,23200,23550,7918,-0.006329113924050667
2022-09-15,23550,23650,23350,23450,15387,-0.00424628450106157
2022-09-16,23500,23550,23050,23050,14703,-0.017057569296375252
2022-09-19,23050,23150,22350,22500,23292,-0.02386117136659438
2022-09-20,22500,22950,22500,22650,12018,0.006666666666666599
2022-09-21,22500,22900,22450,22850,9511,0.008830022075055233
2022-09-22,22850,22850,22200,22750,13531,-0.004376367614879695
2022-09-23,22500,22750,22100,22200,13334,-0.0241758241758242
2022-09-26,21800,22000,21200,21400,21080,-0.036036036036036
2022-09-27,21300,21600,20500,21100,20747,-0.014018691588784993
2022-09-28,20900,21150,20200,20450,23690,-0.03080568720379151
2022-09-29,20250,20900,19700,19700,65945,-0.03667481662591687
2022-09-30,19500,20100,19200,19950,34390,0.012690355329949332
2022-10-04,20300,20650,19950,20650,13242,0.03508771929824572
2022-10-05,20650,20900,20200,20550,11842,-0.004842615012106588
2022-10-06,20700,20800,20350,20700,7870,0.007299270072992803
2022-10-07,20550,20950,20300,20750,12135,0.0024154589371980784
2022-10-11,20700,20700,19750,19950,21257,-0.03855421686746985
2022-10-12,19600,20350,19600,19800,11909,-0.007518796992481258
2022-10-13,19700,19900,19100,19200,22135,-0.030303030303030276
2022-10-14,19300,20200,19300,20100,32721,0.046875
2022-10-17,19750,20000,19300,20000,10107,-0.00497512437810943
2022-10-18,20100,20300,19900,20250,17921,0.012499999999999956
2022-10-19,20300,20750,20000,20350,19253,0.004938271604938205
2022-10-20,20350,20650,20050,20650,16451,0.014742014742014753
2022-10-21,20350,20450,19950,19950,13563,-0.03389830508474578
2022-10-24,20000,20300,20000,20150,11943,0.010025062656641603
2022-10-25,20150,20300,20000,20100,8927,-0.002481389578163795
2022-10-26,20100,20300,20050,20150,8897,0.0024875621890547706
2022-10-27,20300,20600,20100,20600,14679,0.022332506203474045
2022-10-28,20500,20650,20300,20550,6340,-0.0024271844660194164
2022-10-31,20600,20750,20400,20700,7249,0.007299270072992803
2022-11-01,20500,21000,20450,21000,10100,0.01449275362318847
2022-11-02,21000,21150,20650,20850,8343,-0.0071428571428571175
2022-11-03,20550,20900,20550,20900,4574,0.0023980815347721673
2022-11-04,20850,20850,20350,20600,17739,-0.014354066985645897
2022-11-07,20650,20650,20200,20300,20112,-0.014563106796116498
2022-11-08,20250,20400,20200,20400,24544,0.0049261083743843415
2022-11-09,20350,20700,20350,20350,15612,-0.002450980392156854
2022-11-10,20200,20350,19900,20000,43236,-0.017199017199017175
2022-11-11,20300,20450,20200,20450,20657,0.022499999999999964
2022-11-14,20450,20850,20450,20800,28800,0.017114914425427896
2022-11-15,20550,20550,19950,20050,71453,-0.03605769230769229
2022-11-16,20200,20300,20000,20250,25170,0.009975062344139696
2022-11-17,20250,20300,19900,20050,21592,-0.00987654320987652
2022-11-18,20150,20200,19850,20050,24519,0.0
2022-11-21,20050,20050,19450,19650,36421,-0.01995012468827928
2022-11-22,19450,19800,19450,19700,20657,0.0025445292620864812
2022-11-23,19700,19950,19700,19900,10331,0.010152284263959421
2022-11-24,19950,20050,19800,20050,16497,0.007537688442211143
2022-11-25,20050,20200,19900,20150,21353,0.004987531172069737
2022-11-28,20000,20150,19850,19900,16656,-0.012406947890818865
2022-11-29,19800,20200,19750,20200,15315,0.015075376884422065
2022-11-30,20000,20300,20000,20200,14233,0.0
2022-12-01,20250,20900,20250,20750,43314,0.027227722772277252
2022-12-02,20750,20850,20450,20600,18032,-0.0072289156626506035
2022-12-05,20500,20750,20500,20600,13596,0.0
2022-12-06,20350,20600,20150,20200,17907,-0.01941747572815533
2022-12-07,20100,20250,20000,20100,21908,-0.004950495049504955
2022-12-08,20050,20100,19750,19900,21245,-0.00995024875621886
2022-12-09,19950,20250,19900,20100,17969,0.01005025125628145
2022-12-12,20100,20400,20050,20200,17018,0.004975124378109541
2022-12-13,20050,20200,19850,19850,27246,-0.017326732673267342
2022-12-14,19950,20300,19850,20000,57769,0.007556675062972307
2022-12-15,19900,20100,19850,19900,14846,-0.0050000000000000044
2022-12-16,19750,19800,19500,19800,66334,-0.005025125628140725
2022-12-19,19950,21250,19800,19850,307633,0.002525252525252597
2022-12-20,19900,19900,19550,19700,59952,-0.007556675062972307
2022-12-21,19900,19900,19500,19550,33690,-0.0076142131979695105
2022-12-22,19600,20050,19600,20000,26159,0.023017902813299296
2022-12-23,19750,20100,19700,20000,23648,0.0
2022-12-26,19900,20000,19500,19700,70322,-0.015000000000000013
2022-12-27,19750,19850,19450,19850,96054,0.0076142131979695105
2022-12-28,19200,19350,18350,18400,122335,-0.07304785894206545
2022-12-29,18450,18450,17600,18150,72082,-0.013586956521739135
2023-01-02,18150,18450,17300,17300,53130,-0.04683195592286504
2023-01-03,17100,17300,16600,17150,48694,-0.00867052023121384
2023-01-04,16900,17050,16750,16950,102637,-0.011661807580174877
2023-01-05,16900,17250,16750,17100,69250,0.008849557522123908
2023-01-06,17700,18100,17100,17400,132495,0.01754385964912286
2023-01-09,17500,17900,17450,17850,50256,0.02586206896551735
2023-01-10,17950,17950,17450,17700,29688,-0.008403361344537785
2023-01-11,17700,18150,17650,18050,47585,0.019774011299435124
2023-01-12,17950,18200,17800,18100,31449,0.0027700831024930483
2023-01-13,18100,18400,18050,18250,34430,0.008287292817679592
2023-01-16,18300,18750,18050,18500,43572,0.013698630136986356
2023-01-17,18450,18600,18150,18300,24469,-0.010810810810810811
2023-01-18,18300,18550,18050,18350,34423,0.002732240437158362
2023-01-19,18200,18200,17650,17700,120807,-0.03542234332425065
2023-01-20,17700,17850,17350,17500,160596,-0.011299435028248594
2023-01-25,17600,18250,17550,17990,55739,0.028000000000000025
2023-01-26,18000,18180,17810,17970,35126,-0.0011117287381878782
2023-01-27,17990,18170,17990,18100,40176,0.0072342793544797335
2023-01-30,18130,18150,17880,18050,23780,-0.002762430939226568
2023-01-31,18250,18450,18090,18310,49440,0.01440443213296394
2023-02-01,18350,18420,18130,18310,37244,0.0
2023-02-02,18330,18550,18330,18420,24467,0.006007646095030017
2023-02-03,18550,18570,18360,18420,25012,0.0
2023-02-06,18420,18530,18180,18400,20305,-0.0010857763300760048
2023-02-07,18400,18570,18340,18460,29760,0.003260869565217428
2023-02-08,18500,18650,18440,18570,32125,0.005958829902491969
2023-02-09,18550,18750,18460,18690,29595,0.00646203554119551
2023-02-10,18600,18680,18320,18500,33420,-0.01016586409844833
2023-02-13,18390,18500,18170,18500,48964,0.0
2023-02-14,18500,18700,18430,18570,33744,0.003783783783783745
2023-02-15,18570,18660,18150,18230,51070,-0.01830910070005387
2023-02-16,18230,18420,18200,18220,29375,-0.0005485463521667233
2023-02-17,18230,18290,18080,18160,23677,-0.003293084522502765
2023-02-20,18180,18290,18010,18210,37986,0.002753303964757814
2023-02-21,18210,18290,18040,18170,27313,-0.0021965952773201902
2023-02-22,18130,18130,17870,17900,25366,-0.014859658778205831
2023-02-23,17980,21250,17900,19220,979955,0.07374301675977657
2023-02-24,19220,19340,18790,18840,152120,-0.019771071800208095
2023-02-27,18800,19010,18480,18540,108197,-0.015923566878980888
2023-02-28,18760,19540,18710,19350,231110,0.043689320388349495
2023-03-02,19550,19550,19200,19410,112480,0.0031007751937983663
2023-03-03,19530,19550,19150,19420,67079,0.0005151983513653757
2023-03-06,19530,19530,19150,19220,64307,-0.010298661174047319
2023-03-07,19240,19300,18980,18990,46611,-0.01196670135275757
2023-03-08,18950,19060,18650,18900,35037,-0.004739336492891044
2023-03-09,18900,19330,18800,19050,51434,0.007936507936507908
2023-03-10,18930,18930,18480,18490,47142,-0.029396325459317585
2023-03-13,18490,18550,17870,18200,46191,-0.01568415359653863
2023-03-14,18030,18160,17500,17720,68719,-0.02637362637362639
2023-03-15,17810,18050,17680,17830,28696,0.006207674943566666
2023-03-16,17800,17900,17360,17700,45154,-0.007291082445316843
2023-03-17,17800,17840,17680,17840,16558,0.00790960451977396
2023-03-20,17620,17890,17590,17780,22056,-0.0033632286995515237
2023-03-21,17700,17900,17700,17870,15846,0.005061867266591635
2023-03-22,17980,18070,17780,18010,32111,0.007834359261331914
2023-03-23,17780,18190,17760,18000,37258,-0.0005552470849528035
2023-03-24,18200,18230,17960,18100,17684,0.005555555555555536
2023-03-27,17970,18280,17810,18080,34330,-0.0011049723756906271
2023-03-28,17920,18110,17920,18040,20672,-0.0022123893805309214
2023-03-29,18100,18360,17960,18190,50818,0.008314855875831473
2023-03-30,18190,18190,17990,18170,19014,-0.0010995052226497881
2023-03-31,18170,18170,18000,18020,21728,-0.008255365987892116
2023-04-03,18140,18140,17870,18070,35080,0.002774694783573839
2023-04-04,18060,18070,17880,18000,24054,-0.00387382401770886
2023-04-05,18010,18050,17670,17880,63552,-0.00666666666666671
2023-04-06,17830,18060,17700,18000,33099,0.006711409395973256
2023-04-07,18140,18140,17800,17900,23399,-0.005555555555555536
2023-04-10,17880,17880,17660,17790,25884,-0.0061452513966480105
2023-04-11,17650,17850,17650,17790,20589,0.0
2023-04-12,17870,17880,17700,17830,19115,0.0022484541877458852
2023-04-13,17830,17900,17730,17880,21583,0.0028042624789679227
2023-04-14,17900,18100,17850,18000,43201,0.006711409395973256
2023-04-17,18140,18140,17910,18000,15034,0.0
2023-04-18,17950,18040,17750,17910,53568,-0.0050000000000000044
2023-04-19,17820,18100,17820,18090,28142,0.01005025125628145
2023-04-20,18050,18080,17880,17880,22109,-0.011608623548922004
2023-04-21,17880,17930,17800,17930,17485,0.002796420581655523
2023-04-24,17940,18130,17850,17940,22585,0.000557724484104849
2023-04-25,18010,18010,17680,17870,25726,-0.0039018952062430667
2023-04-26,17740,17880,17730,17840,11700,-0.0016787912702853625
2023-04-27,17740,17870,17700,17820,18496,-0.0011210762331838042
2023-04-28,17910,17910,17730,17830,18929,0.0005611672278338364
2023-05-02,17770,17920,17690,17860,29515,0.0016825574873808868
2023-05-03,17750,18780,17750,18590,185865,0.040873460246360516
2023-05-04,18610,18950,18480,18840,73219,0.013448090371167343
2023-05-08,18980,19250,18870,19100,76871,0.013800424628450214
2023-05-09,19160,19260,18850,19130,44862,0.0015706806282722585
2023-05-10,19130,19370,19050,19280,39232,0.007841087297438598
2023-05-11,19280,19540,19170,19230,44891,-0.002593360995850613
2023-05-12,19390,19440,19060,19230,35146,0.0
2023-05-15,19150,19230,18800,19160,47138,-0.003640145605824263
2023-05-16,19200,19240,18860,19070,26556,-0.0046972860125260585
2023-05-17,19020,19160,18890,19120,20549,0.002621919244887305
2023-05-18,19130,19270,19070,19170,21996,0.0026150627615062483
2023-05-19,19180,19300,19010,19130,28140,-0.0020865936358893666
2023-05-22,19230,19230,19030,19080,16209,-0.002613695765812829
2023-05-23,19030,19220,19030,19100,8936,0.0010482180293500676
2023-05-24,18950,19150,18950,19100,10421,0.0
2023-05-25,19090,19200,19030,19080,8886,-0.0010471204188481353
2023-05-26,19140,19210,19050,19120,20498,0.002096436058700135
2023-05-30,19220,19380,19020,19300,33719,0.009414225941422494
2023-05-31,19300,19440,19160,19300,29229,0.0
2023-06-01,19190,19380,19190,19290,10299,-0.0005181347150259308
2023-06-02,19240,19690,19240,19600,41795,0.01607050285121825
2023-06-05,19600,19980,19600,19800,49713,0.010204081632652962
2023-06-07,19650,19970,19600,19710,37267,-0.004545454545454519
2023-06-08,19650,19780,19500,19650,24390,-0.0030441400304414
2023-06-09,19690,19760,19600,19640,23275,-0.0005089058524172518
2023-06-12,19620,19670,19500,19630,25954,-0.0005091649694500822
2023-06-13,19630,19640,19340,19420,37849,-0.01069791136016307
2023-06-14,19410,19540,19310,19420,26047,0.0
2023-06-15,19320,19470,19230,19350,41894,-0.003604531410916545
2023-06-16,19350,19390,18800,18970,80195,-0.0196382428940568
2023-06-19,18980,18980,18630,18800,64135,-0.008961518186610395
2023-06-20,18790,19000,18640,18760,43263,-0.0021276595744680327
2023-06-21,18800,19200,18690,18840,59908,0.004264392324093924
2023-06-22,18990,19220,18720,18820,48914,-0.0010615711252653925
2023-06-23,18920,18920,18680,18760,30710,-0.0031880977683315104
2023-06-26,18800,19110,18700,19090,43256,0.01759061833688702
2023-06-27,19090,19390,19030,19100,60575,0.0005238344683080598
2023-06-28,19260,19550,19120,19330,140622,0.012041884816753834
2023-06-29,18450,18510,17410,18260,118053,-0.05535437144335231
2023-06-30,18320,18320,17930,18260,34442,0.0
2023-07-03,18260,18260,18000,18150,15294,-0.0060240963855421326
2023-07-04,18120,18200,17990,18090,20681,-0.0033057851239669533
2023-07-05,18110,18110,17910,17910,24393,-0.00995024875621886
2023-07-06,17870,18150,17560,17830,35017,-0.004466778336125077
2023-07-07,17620,17910,17610,17810,12494,-0.001121704991587258
2023-07-10,17610,18170,17610,18080,14033,0.015160022459292488
2023-07-11,17960,18130,17770,18130,14279,0.0027654867256636795
2023-07-12,18130,18130,17950,18060,6621,-0.0038610038610038533
2023-07-13,18120,18330,18050,18260,13625,0.011074197120708673
2023-07-14,18260,18260,18000,18170,7629,-0.004928806133625452
2023-07-17,18270,18270,17610,17770,51277,-0.022014309301045643
2023-07-18,17750,17890,17310,17530,26078,-0.013505908835115377
2023-07-19,17690,17690,17340,17480,23343,-0.0028522532800913103
2023-07-20,17530,17690,17350,17490,12960,0.0005720823798627261
2023-07-21,17410,17410,17230,17350,33670,-0.00800457404230992
2023-07-24,17240,17340,17100,17110,24387,-0.01383285302593662
2023-07-25,17260,17400,16610,16820,54714,-0.016949152542372836
2023-07-26,16740,16800,15980,16400,77096,-0.024970273483947647
2023-07-27,15850,16570,15850,16350,43563,-0.0030487804878048808
2023-07-28,16250,16360,16170,16320,24351,-0.0018348623853210455
2023-07-31,16220,16380,15830,15860,86031,-0.028186274509803932
2023-08-01,16000,16630,15910,16620,47389,0.047919293820933184
2023-08-02,16600,16880,16190,16880,387452,0.01564380264741283
2023-08-03,16620,16950,16580,16950,24236,0.004146919431279539
2023-08-04,16950,17080,16830,17000,14272,0.002949852507374562
2023-08-07,17000,17030,16470,16730,40898,-0.01588235294117646
2023-08-08,16730,16750,16360,16640,41830,-0.005379557680812885
2023-08-09,16500,16690,16430,16660,20672,0.0012019230769231282
2023-08-10,16620,16730,16210,16620,34244,-0.0024009603841537164
2023-08-11,16630,17200,16630,17000,77532,0.022864019253910906
2023-08-14,17020,17090,16730,16950,47255,-0.002941176470588225
2023-08-16,16940,16940,16350,16440,37020,-0.030088495575221197
2023-08-17,16230,16560,16120,16470,43392,0.0018248175182482562
2023-08-18,16310,16500,16240,16460,14571,-0.0006071645415908211
2023-08-21,16370,16990,16370,16730,52573,0.01640340218712022
2023-08-22,16790,16870,16500,16730,28163,0.0
2023-08-23,16620,16690,16420,16690,33076,-0.002390914524805776
2023-08-24,16690,16690,16440,16550,27926,-0.008388256440982622
2023-08-25,16550,16630,16430,16600,33496,0.0030211480362538623
2023-08-28,16640,16760,16570,16680,27642,0.004819277108433662
2023-08-29,16680,17320,16610,16940,52040,0.015587529976019088
2023-08-30,17050,17170,16810,17040,14491,0.005903187721369552
2023-08-31,17050,17270,17010,17170,23212,0.00762910798122074
2023-09-01,17120,17390,17120,17350,41099,0.01048340128130465
2023-09-04,17350,17350,16710,16890,54529,-0.026512968299711837
2023-09-05,16800,16990,16680,16930,13948,0.002368265245707546
2023-09-06,17030,17030,16700,16950,21802,0.0011813349084466296
2023-09-07,16900,16900,16620,16800,24488,-0.008849557522123908
2023-09-08,16800,17150,16650,17080,25303,0.016666666666666607
2023-09-11,16930,17160,16930,17150,12158,0.004098360655737654
2023-09-12,17150,17190,16960,17150,20402,0.0
2023-09-13,17190,17300,17050,17140,15863,-0.0005830903790087216
2023-09-14,17140,21700,17100,17730,3160464,0.03442240373395555
2023-09-15,17950,17960,17470,17550,400424,-0.010152284263959421
2023-09-18,17460,17570,17120,17260,180229,-0.01652421652421654
2023-09-19,17150,17390,17060,17260,97374,0.0
2023-09-20,17260,17340,17020,17060,66388,-0.011587485515643148
2023-09-21,16900,17180,16710,16780,102171,-0.016412661195779554
2023-09-22,16580,16660,16450,16600,70051,-0.010727056019070313
2023-09-25,16670,16770,16270,16450,59221,-0.009036144578313254
2023-09-26,16420,16450,16150,16240,43549,-0.012765957446808529
2023-09-27,16130,16530,16130,16530,27798,0.017857142857142794
2023-10-04,16510,16510,16080,16170,46297,-0.02177858439201452
2023-10-05,16140,16260,16080,16170,24372,0.0
2023-10-06,16080,16450,16080,16360,27911,0.011750154607297558
2023-10-10,16360,16360,16030,16100,46792,-0.0158924205378973
2023-10-11,16130,16580,16130,16580,26981,0.029813664596273215
2023-10-12,16580,16750,16510,16670,19205,0.005428226779252032
2023-10-13,16600,16780,16500,16780,32890,0.006598680263947276
2023-10-16,16580,16750,16330,16500,20661,-0.016686531585220488
2023-10-17,16500,16840,16500,16650,24448,0.009090909090909038
2023-10-18,16650,16650,16460,16570,18297,-0.00480480480480483
2023-10-19,16570,16570,16250,16280,24615,-0.017501508750754402
2023-10-20,16280,16280,16000,16140,31685,-0.008599508599508643
2023-10-23,16060,16190,16000,16110,48027,-0.0018587360594795044
2023-10-24,16020,16370,15940,16360,33975,0.015518311607697122
2023-10-25,16300,16590,16300,16550,22855,0.011613691931540382
2023-10-26,16420,16510,16260,16410,22968,-0.008459214501510548
2023-10-27,16690,17140,16410,16700,155512,0.017672151127361424
2023-10-30,16690,16830,16570,16760,22383,0.00359281437125758
2023-10-31,16780,16800,16500,16620,23554,-0.00835322195704058
2023-11-01,16660,16730,16600,16610,10674,-0.0006016847172082285
2023-11-02,16840,16840,16650,16770,19531,0.009632751354605729
2023-11-03,16870,16940,16730,16910,20718,0.008348240906380422
2023-11-06,16990,17010,16780,16850,35030,-0.003548196333530429
2023-11-07,16910,16990,16820,16950,34637,0.005934718100890191
2023-11-08,16950,17060,16920,17000,16519,0.002949852507374562
2023-11-09,17000,17030,16880,16990,18571,-0.0005882352941176672
2023-11-10,16980,17000,16770,16970,23108,-0.0011771630370805974
2023-11-13,16970,17050,16800,16910,20047,-0.003535651149086605
2023-11-14,16840,17060,16840,16980,12802,0.004139562389118945
2023-11-15,16980,17200,16970,17140,34011,0.009422850412249772
2023-11-16,17100,17150,17000,17100,15557,-0.002333722287047868
2023-11-17,17080,17080,16910,17030,22231,-0.004093567251462038
2023-11-20,17030,17160,16990,17130,15742,0.005871990604815025
2023-11-21,17150,17550,17130,17320,54953,0.011091652072387603
2023-11-22,17280,17420,17190,17380,19641,0.0034642032332563577
2023-11-23,17400,17440,17330,17430,21773,0.0028768699654775354
2023-11-24,17310,17450,17310,17450,19016,0.0011474469305794432
2023-11-27,17450,17520,17430,17500,23299,0.002865329512893977
2023-11-28,17510,17520,17350,17510,23987,0.0005714285714286671
2023-11-29,17510,17860,17330,17510,63782,0.0
2023-11-30,17510,17600,17410,17590,17866,0.004568817818389581
2023-12-01,17580,17660,17520,17620,21701,0.0017055144968731728
2023-12-04,17620,17650,17490,17630,24604,0.0005675368898978572
2023-12-05,17530,17630,17520,17630,12656,0.0
2023-12-06,17540,17640,17530,17620,19596,-0.0005672149744753163
2023-12-07,17540,17710,17530,17630,19688,0.0005675368898978572
2023-12-08,17630,17660,17510,17550,23816,-0.004537719795802642
2023-12-11,17550,17590,17420,17530,22697,-0.0011396011396010985
2023-12-12,17530,17600,17410,17600,22570,0.003993154592127679
2023-12-13,17540,17650,17510,17550,14864,-0.0028409090909090606
2023-12-14,17550,17580,17430,17530,41494,-0.0011396011396010985
2023-12-15,17530,17540,17410,17470,29120,-0.00342270393610955
2023-12-18,17450,17500,17300,17380,37782,-0.005151688609044025
2023-12-19,17350,17390,17300,17330,20918,-0.0028768699654775354
2023-12-20,17330,17460,17250,17460,23516,0.007501442585112539
2023-12-21,17510,17510,17400,17470,23695,0.000572737686139746
2023-12-22,17480,17650,17460,17540,62898,0.00400686891814539
2023-12-26,17690,17690,16980,17240,151775,-0.01710376282782211
2023-12-27,16830,16830,16290,16420,74818,-0.047563805104408385
2023-12-28,16410,16750,16390,16630,22093,0.012789281364190108
2024-01-02,16630,16700,16370,16510,27216,-0.007215874924834664
2024-01-03,16510,16550,16420,16520,10884,0.0006056935190792423
2024-01-04,16550,16560,16350,16470,22336,-0.003026634382566562
2024-01-05,16470,16470,16340,16430,17147,-0.0024286581663630624
2024-01-08,16430,16480,16330,16400,15492,-0.0018259281801582539
2024-01-09,16310,16450,16310,16430,12047,0.0018292682926828174
2024-01-10,16440,16440,16350,16430,9631,0.0
2024-01-11,16370,16520,16370,16500,16115,0.004260499087035852
2024-01-12,16440,16480,16310,16400,13628,-0.0060606060606061
2024-01-15,16400,16430,16290,16360,9770,-0.0024390243902439046
2024-01-16,16350,16450,16290,16360,8321,0.0
2024-01-17,16360,16370,15980,16080,29583,-0.017114914425427896
2024-01-18,16080,16230,16020,16210,10229,0.008084577114427782
2024-01-19,16210,16300,16070,16200,18557,-0.0006169031462059937
2024-01-22,16240,16340,16100,16200,7149,0.0
2024-01-23,16200,16230,16100,16170,11551,-0.0018518518518518823
2024-01-24,16180,16280,16100,16260,10266,0.005565862708719838
2024-01-25,16270,16270,16080,16230,8384,-0.0018450184501844769
2024-01-26,16200,16350,16130,16270,16850,0.0024645717806530687
2024-01-29,16300,16300,16150,16240,15213,-0.0018438844499077955
2024-01-30,16270,16360,16200,16340,15102,0.006157635467980205
2024-01-31,16300,16380,16210,16360,16630,0.001223990208078396
2024-02-01,16300,16700,16270,16550,46655,0.011613691931540382
2024-02-02,16550,16710,16500,16670,23364,0.007250755287009136
2024-02-05,16730,16730,16550,16570,16480,-0.005998800239952029
2024-02-06,16530,16680,16510,16590,13617,0.001207000603500319
2024-02-07,16520,16670,16490,16580,14600,-0.0006027727546714656
2024-02-08,16590,16620,16540,16620,15908,0.0024125452352230514
2024-02-13,16720,16900,16700,16900,52349,0.016847172081829065
2024-02-14,16900,17410,16720,17320,87090,0.024852071005917242
2024-02-15,17270,17590,17270,17510,69184,0.010969976905311762
2024-02-16,17510,17950,17430,17950,87508,0.02512849800114214
2024-02-19,17980,17980,16880,17890,57350,-0.003342618384401086
2024-02-20,17800,17990,17670,17900,42878,0.0005589714924538747
2024-02-21,17900,17900,17510,17560,36367,-0.018994413407821265
2024-02-22,17640,17680,17370,17560,25855,0.0
2024-02-23,17600,17630,17450,17590,21635,0.0017084282460135825
2024-02-26,17590,17590,17190,17240,37562,-0.019897669130187645
2024-02-27,17220,17400,17100,17390,19756,0.008700696055684354
2024-02-28,17390,17610,17210,17600,27543,0.012075905692926936
2024-02-29,17600,17720,17550,17680,22229,0.00454545454545463
2024-03-04,17700,17920,17650,17850,44884,0.009615384615384581
2024-03-05,17850,17880,17460,17600,34782,-0.014005602240896309
2024-03-06,17600,17600,17370,17530,24046,-0.003977272727272774
2024-03-07,17450,17520,17270,17350,27073,-0.01026811180832854
2024-03-08,17350,17500,17280,17400,13468,0.0028818443804035088
2024-03-11,17400,17490,17240,17490,12694,0.005172413793103514
2024-03-12,17480,17540,17250,17490,29491,0.0
2024-03-13,17400,17530,17400,17490,24800,0.0
