Date,Open,High,Low,Close,Volume,Change
2022-01-03,1925,1940,1890,1930,157213,0.007832898172323688
2022-01-04,1935,1955,1910,1945,228304,0.007772020725388629
2022-01-05,1945,1950,1910,1930,164981,-0.007712082262210762
2022-01-06,1895,1950,1885,1900,216780,-0.015544041450777257
2022-01-07,1890,1945,1890,1940,171337,0.021052631578947434
2022-01-10,1955,1960,1890,1915,263463,-0.012886597938144284
2022-01-11,1925,1935,1840,1850,313288,-0.03394255874673624
2022-01-12,1855,1960,1850,1940,501961,0.048648648648648596
2022-01-13,1945,1990,1920,1975,399794,0.018041237113401998
2022-01-14,1960,1960,1900,1945,231304,-0.015189873417721489
2022-01-17,1945,1945,1870,1890,297310,-0.028277634961439535
2022-01-18,1865,1915,1800,1820,444512,-0.03703703703703709
2022-01-19,1785,1820,1765,1770,203919,-0.027472527472527486
2022-01-20,1760,1845,1760,1845,183737,0.04237288135593231
2022-01-21,1845,1975,1815,1850,989026,0.0027100271002709064
2022-01-24,1815,1850,1785,1820,271672,-0.01621621621621616
2022-01-25,1810,1825,1670,1670,488744,-0.08241758241758246
2022-01-26,1660,1740,1655,1685,243650,0.008982035928143617
2022-01-27,1685,1705,1590,1600,359431,-0.05044510385756673
2022-01-28,1575,1665,1575,1655,253689,0.034375000000000044
2022-02-03,1670,1750,1670,1740,159380,0.051359516616314105
2022-02-04,1720,1775,1720,1765,111884,0.014367816091954033
2022-02-07,1785,1785,1745,1770,104668,0.0028328611898016387
2022-02-08,1770,1835,1750,1760,192073,-0.005649717514124242
2022-02-09,1770,1800,1765,1780,87177,0.011363636363636465
2022-02-10,1800,1800,1755,1755,100643,-0.014044943820224698
2022-02-11,1775,1775,1705,1715,105513,-0.022792022792022748
2022-02-14,1690,1695,1630,1645,153662,-0.04081632653061229
2022-02-15,1640,1665,1600,1600,226416,-0.027355623100303927
2022-02-16,1635,1710,1630,1700,151993,0.0625
2022-02-17,1700,1730,1580,1685,160023,-0.008823529411764675
2022-02-18,1690,1705,1650,1695,104940,0.005934718100890191
2022-02-21,1675,1730,1660,1725,140744,0.017699115044247815
2022-02-22,1705,1720,1665,1680,125383,-0.02608695652173909
2022-02-23,1665,1720,1665,1695,104533,0.008928571428571397
2022-02-24,1695,1695,1595,1600,194874,-0.05604719764011801
2022-02-25,1615,2020,1615,1945,21904008,0.21562499999999996
2022-02-28,1940,1965,1915,1935,2958247,-0.005141388174807249
2022-03-02,1985,2390,1955,2210,57808884,0.1421188630490957
2022-03-03,2220,2415,2175,2250,20444880,0.018099547511312153
2022-03-04,2275,2375,2190,2210,12637939,-0.01777777777777778
2022-03-07,2210,2335,2210,2260,5595698,0.02262443438914019
2022-03-08,2305,2485,2125,2160,18116525,-0.04424778761061943
2022-03-10,2110,2310,2055,2220,5074144,0.02777777777777768
2022-03-11,2210,2255,2115,2145,1949212,-0.03378378378378377
2022-03-14,2150,2275,2130,2225,2905643,0.037296037296037365
2022-03-15,2205,2210,2065,2070,1623826,-0.06966292134831464
2022-03-16,2130,2300,2120,2150,6535227,0.03864734299516903
2022-03-17,2145,2205,2140,2205,1299056,0.0255813953488373
2022-03-18,2240,2265,2175,2185,1714141,-0.009070294784580546
2022-03-21,2180,2195,2060,2095,2189965,-0.041189931350114395
2022-03-22,2135,2170,2090,2170,1519531,0.03579952267303099
2022-03-23,2160,2200,2125,2180,1354597,0.004608294930875667
2022-03-24,2235,2290,2185,2220,3730423,0.0183486238532109
2022-03-25,2225,2435,2185,2375,17169655,0.06981981981981988
2022-03-28,2280,2285,2210,2240,3443002,-0.056842105263157916
2022-03-29,2260,2275,2125,2190,2486453,-0.022321428571428603
2022-03-30,2180,2240,2160,2180,1418492,-0.004566210045662156
2022-03-31,2130,2350,2125,2260,7778814,0.03669724770642202
2022-04-01,2260,2395,2175,2300,6830707,0.017699115044247815
2022-04-04,2290,2310,2250,2305,1304833,0.0021739130434783593
2022-04-05,2315,2350,2255,2275,1523606,-0.013015184381778733
2022-04-06,2245,2250,2210,2220,805451,-0.0241758241758242
2022-04-07,2225,2240,2115,2125,910295,-0.0427927927927928
2022-04-08,2140,2255,2090,2135,1288645,0.004705882352941115
2022-04-11,2110,2145,2100,2115,555421,-0.00936768149882905
2022-04-12,2120,2120,2010,2110,735623,-0.0023640661938534313
2022-04-13,2120,2170,2055,2170,545363,0.028436018957346043
2022-04-14,2175,2215,2125,2170,709764,0.0
2022-04-15,2140,2225,2125,2185,698056,0.00691244239631339
2022-04-18,2185,2190,2140,2155,342196,-0.013729977116704761
2022-04-19,2145,2165,2125,2150,438456,-0.002320185614849146
2022-04-20,2120,2130,2075,2075,798157,-0.03488372093023251
2022-04-21,2070,2125,2070,2090,434900,0.0072289156626506035
2022-04-22,2090,2090,2035,2040,463026,-0.02392344497607657
2022-04-25,2020,2030,1970,1985,590985,-0.026960784313725505
2022-04-26,2010,2045,1995,2035,273395,0.025188916876574208
2022-04-27,1980,2060,1970,2055,517993,0.00982800982800991
2022-04-28,2070,2080,2005,2035,279473,-0.009732360097323589
2022-04-29,2030,2065,2030,2045,244838,0.004914004914004844
2022-05-02,2020,2065,1995,2040,274830,-0.0024449877750610804
2022-05-03,2045,2085,2045,2060,354945,0.009803921568627416
2022-05-04,2080,2080,1995,2000,380571,-0.029126213592232997
2022-05-06,1970,2020,1970,1985,290110,-0.007499999999999951
2022-05-09,1965,1975,1875,1890,657698,-0.04785894206549124
2022-05-10,1820,1895,1800,1880,452357,-0.005291005291005346
2022-05-11,1850,1930,1850,1880,235265,0.0
2022-05-12,1855,1885,1785,1800,557467,-0.04255319148936165
2022-05-13,1805,1985,1805,1865,2539021,0.036111111111111205
2022-05-16,1870,1900,1860,1875,353008,0.00536193029490617
2022-05-17,1875,1960,1875,1915,425244,0.021333333333333426
2022-05-18,1920,1940,1900,1900,246333,-0.007832898172323799
2022-05-19,1930,2255,1920,2140,29186769,0.12631578947368416
2022-05-20,2180,2320,2140,2165,10444992,0.011682242990654235
2022-05-23,2185,2195,2100,2105,1662919,-0.02771362586605086
2022-05-24,2115,2130,2055,2055,1179603,-0.02375296912114011
2022-05-25,2055,2120,2025,2060,944883,0.0024330900243310083
2022-05-26,2065,2675,2065,2675,75057882,0.29854368932038833
2022-05-27,2760,2965,2635,2730,94032942,0.020560747663551426
2022-05-30,2835,2945,2720,2750,34574121,0.0073260073260073
2022-05-31,2750,2910,2695,2750,33718300,0.0
2022-06-02,2900,3020,2780,2840,30179585,0.032727272727272716
2022-06-03,2855,3350,2805,3045,97191186,0.07218309859154926
2022-06-07,3045,3055,3000,3005,4205900,-0.013136288998357948
2022-06-08,3060,3095,3040,3095,4476305,0.029950083194675514
2022-06-09,3090,3100,2990,2990,3223309,-0.03392568659127626
2022-06-10,2950,2960,2750,2860,10521650,-0.04347826086956519
2022-06-13,2760,2835,2690,2745,5908019,-0.04020979020979021
2022-06-14,2720,2880,2595,2770,21284782,0.00910746812386165
2022-06-15,2925,3000,2605,2605,19032004,-0.05956678700361007
2022-06-16,2700,2835,2660,2815,15401686,0.08061420345489445
2022-06-17,2695,2695,2610,2640,5221760,-0.06216696269982236
2022-06-20,2695,2825,2490,2520,9213849,-0.045454545454545414
2022-06-21,2550,2960,2470,2840,64070341,0.12698412698412698
2022-06-22,2815,2870,2770,2835,11400823,-0.0017605633802817433
2022-06-23,2825,3105,2445,2445,62735445,-0.13756613756613756
2022-06-24,2545,2585,2420,2515,7983697,0.02862985685071573
2022-06-27,2500,2660,2500,2610,6583225,0.0377733598409542
2022-06-28,2640,3015,2625,2900,61036371,0.11111111111111116
2022-06-29,2850,3040,2850,2925,28932869,0.008620689655172376
2022-06-30,2900,2910,2760,2760,7020523,-0.05641025641025643
2022-07-01,2815,3000,2760,2810,19727658,0.018115942028985588
2022-07-04,2845,2880,2550,2580,5613529,-0.08185053380782914
2022-07-05,2630,2740,2575,2700,5487165,0.04651162790697683
2022-07-06,2675,2685,2420,2495,5179667,-0.07592592592592595
2022-07-07,2505,2570,2425,2520,4260885,0.01002004008016022
2022-07-08,2645,2660,2510,2510,4530191,-0.003968253968253954
2022-07-11,2540,2585,2465,2515,2624057,0.0019920318725099584
2022-07-12,2510,2570,2420,2450,2789308,-0.025844930417495027
2022-07-13,2415,2420,2280,2335,2922351,-0.04693877551020409
2022-07-14,2310,2335,2240,2260,2335431,-0.032119914346895095
2022-07-15,2260,2270,2190,2230,1845639,-0.013274336283185861
2022-07-18,2250,2290,2210,2290,1363432,0.026905829596412634
2022-07-19,2350,2540,2330,2425,15416302,0.058951965065502154
2022-07-20,2480,2585,2445,2585,6135219,0.06597938144329896
2022-07-21,2640,2690,2535,2540,11432718,-0.01740812379110257
2022-07-22,2665,2665,2550,2585,5357640,0.017716535433070835
2022-07-25,2555,2555,2455,2475,1697038,-0.04255319148936165
2022-07-26,2485,2525,2445,2450,1348305,-0.010101010101010055
2022-07-27,2515,2595,2490,2530,3745326,0.03265306122448974
2022-07-28,2615,2715,2570,2660,12697586,0.05138339920948609
2022-07-29,2865,2920,2690,2690,18414740,0.011278195488721776
2022-08-01,2785,3345,2760,3155,106999561,0.17286245353159857
2022-08-02,3230,3240,3055,3090,20515075,-0.020602218700475405
2022-08-03,3130,3140,2980,3005,9636305,-0.027508090614886682
2022-08-04,2950,3015,2940,2950,5379597,-0.01830282861896837
2022-08-05,2940,3065,2935,3005,9141220,0.01864406779661021
2022-08-08,3040,3105,2995,3050,12738811,0.014975041597337757
2022-08-09,3080,3145,2910,2945,12067373,-0.03442622950819674
2022-08-10,2915,3045,2910,2970,6550706,0.008488964346349714
2022-08-11,3020,3165,2985,3110,24538892,0.047138047138047146
2022-08-12,3130,3145,3010,3040,5643180,-0.022508038585209
2022-08-16,3055,3130,3005,3005,4795691,-0.011513157894736836
2022-08-17,3040,3065,3010,3010,2620482,0.0016638935108153063
2022-08-18,3000,3010,2850,2925,1817007,-0.028239202657807327
2022-08-19,2900,2980,2820,2835,2740178,-0.03076923076923077
2022-08-22,2805,2875,2750,2785,1610295,-0.01763668430335097
2022-08-23,2765,2940,2765,2885,4626846,0.03590664272890476
2022-08-24,2870,2970,2835,2970,3640746,0.029462738301559765
2022-08-25,2985,2990,2890,2900,2093920,-0.023569023569023573
2022-08-26,2905,3030,2900,2970,5222479,0.024137931034482696
2022-08-29,2835,2960,2825,2900,2046665,-0.023569023569023573
2022-08-30,2915,2945,2780,2900,2517981,0.0
2022-08-31,2905,2965,2865,2900,2615508,0.0
2022-09-01,2875,2995,2795,2800,3413566,-0.03448275862068961
2022-09-02,2800,2825,2660,2675,2029092,-0.044642857142857095
2022-09-05,2650,2695,2600,2630,1117953,-0.016822429906542036
2022-09-06,2620,2760,2620,2730,1921392,0.03802281368821303
2022-09-07,2750,2765,2625,2655,1286257,-0.027472527472527486
2022-09-08,2725,2735,2650,2650,999210,-0.0018832391713747842
2022-09-13,2670,2715,2635,2645,894282,-0.0018867924528301883
2022-09-14,2560,2630,2530,2610,829757,-0.013232514177693777
2022-09-15,2660,2930,2660,2795,13978943,0.07088122605363978
2022-09-16,2795,2875,2670,2705,2946606,-0.03220035778175312
2022-09-19,2725,2760,2540,2540,1648753,-0.060998151571164505
2022-09-20,2555,2680,2540,2575,1130426,0.013779527559055094
2022-09-21,2575,2670,2570,2605,2387199,0.011650485436893288
2022-09-22,2585,2655,2535,2650,1190537,0.017274472168905985
2022-09-23,2630,2635,2525,2525,995725,-0.047169811320754707
2022-09-26,2440,2510,2240,2260,2386906,-0.10495049504950493
2022-09-27,2220,2300,2140,2220,2193690,-0.017699115044247815
2022-09-28,2220,2250,2050,2090,2063247,-0.058558558558558516
2022-09-29,2100,2215,2090,2090,2271982,0.0
2022-09-30,2000,2150,1905,2120,1702422,0.014354066985645897
2022-10-04,2150,2230,2090,2220,1532902,0.04716981132075482
2022-10-05,2275,2280,2140,2170,770100,-0.022522522522522515
2022-10-06,2175,2245,2170,2240,745433,0.032258064516129004
2022-10-07,2320,2360,2175,2195,1481897,-0.0200892857142857
2022-10-11,2125,2175,2030,2050,606161,-0.06605922551252852
2022-10-12,2045,2070,2000,2050,574519,0.0
2022-10-13,2015,2040,1865,1880,1079191,-0.08292682926829265
2022-10-14,1920,2020,1920,2005,911024,0.0664893617021276
2022-10-17,1950,2135,1945,2045,1179613,0.01995012468827939
2022-10-18,2100,2120,2060,2110,793155,0.0317848410757946
2022-10-19,2150,2155,2060,2060,623197,-0.023696682464455
2022-10-20,2080,2120,2015,2040,476777,-0.009708737864077666
2022-10-21,2030,2065,1975,1975,430627,-0.031862745098039214
2022-10-24,2020,2080,2020,2035,426488,0.030379746835442978
2022-10-25,2065,2095,1985,1995,491447,-0.019656019656019708
2022-10-26,2020,2030,1945,1945,506808,-0.02506265664160401
2022-10-27,1960,2050,1960,2045,596215,0.05141388174807204
2022-10-28,2015,2065,1965,1980,442847,-0.0317848410757946
2022-10-31,2015,2015,1965,1985,281962,0.002525252525252597
2022-11-01,2005,2065,1990,2065,779723,0.04030226700251882
2022-11-02,2030,2030,1985,2000,390191,-0.03147699757869249
2022-11-03,1970,2020,1965,2000,366837,0.0
2022-11-04,1985,2075,1950,1975,984039,-0.012499999999999956
2022-11-07,1980,2015,1975,1985,402746,0.005063291139240533
2022-11-08,1990,2020,1980,2015,516304,0.015113350125944613
2022-11-09,2035,2105,2025,2065,1240750,0.02481389578163773
2022-11-10,2045,2215,2005,2050,6929116,-0.007263922518159771
2022-11-11,2120,2145,2065,2085,1848326,0.017073170731707332
2022-11-14,2150,2250,2135,2180,6240547,0.0455635491606714
2022-11-15,2165,2195,2120,2190,1581727,0.004587155963302836
2022-11-16,2210,2215,2155,2200,1065303,0.004566210045662045
2022-11-17,2200,2205,2110,2120,695972,-0.036363636363636376
2022-11-18,2110,2150,2105,2115,574163,-0.002358490566037763
2022-11-21,2130,2130,2065,2075,577245,-0.01891252955082745
2022-11-22,2150,2175,2085,2095,985373,0.009638554216867545
2022-11-23,2105,2145,2100,2110,436752,0.007159904534606243
2022-11-24,2140,2185,2105,2170,894061,0.028436018957346043
2022-11-25,2160,2165,2105,2110,713299,-0.027649769585253448
2022-11-28,2085,2085,1980,1990,1171083,-0.056872037914691975
2022-11-29,1990,2010,1960,2010,323330,0.01005025125628145
2022-11-30,1990,2090,1980,2050,1139643,0.01990049751243772
2022-12-01,2075,2080,2030,2045,458201,-0.0024390243902439046
2022-12-02,2030,2055,2005,2005,383654,-0.019559902200488977
2022-12-05,2020,2050,2005,2010,358926,0.0024937655860348684
2022-12-06,1995,2025,1970,1975,356706,-0.01741293532338306
2022-12-07,1975,2005,1920,1955,492800,-0.010126582278481067
2022-12-08,1950,1965,1905,1925,405224,-0.01534526854219953
2022-12-09,1940,1965,1910,1935,334128,0.0051948051948051965
2022-12-12,1910,1990,1905,1980,762168,0.023255813953488413
2022-12-13,2005,2005,1940,1940,422376,-0.02020202020202022
2022-12-14,1945,1975,1945,1960,243199,0.010309278350515427
2022-12-15,1960,1975,1930,1945,261722,-0.007653061224489832
2022-12-16,1920,1935,1900,1920,247738,-0.01285347043701801
2022-12-19,1905,1925,1885,1890,347337,-0.015625
2022-12-20,1870,1895,1840,1840,463539,-0.02645502645502651
2022-12-21,1860,1885,1800,1800,387948,-0.021739130434782594
2022-12-22,1820,1930,1820,1850,491212,0.02777777777777768
2022-12-23,1865,1925,1805,1805,849628,-0.024324324324324298
2022-12-26,1780,1810,1740,1745,476457,-0.03324099722991691
2022-12-27,1745,1850,1740,1790,572546,0.025787965616045794
2022-12-28,1775,1825,1760,1770,178744,-0.011173184357541888
2022-12-29,1770,1775,1710,1715,316694,-0.031073446327683607
2023-01-02,1720,1760,1655,1655,427812,-0.03498542274052474
2023-01-03,1630,1700,1600,1670,541251,0.009063444108761365
2023-01-04,1650,1725,1620,1720,414806,0.029940119760478945
2023-01-05,1740,1780,1715,1750,400592,0.01744186046511631
2023-01-06,1715,1820,1715,1805,311885,0.03142857142857136
2023-01-09,1815,1825,1790,1815,223273,0.005540166204986097
2023-01-10,1820,1835,1800,1835,205974,0.011019283746556363
2023-01-11,1840,1910,1835,1880,1099679,0.02452316076294281
2023-01-12,1920,2235,1915,2035,33710924,0.08244680851063824
2023-01-13,2035,2065,1990,1995,2366523,-0.019656019656019708
2023-01-16,2015,2055,1995,1995,1760139,0.0
2023-01-17,1985,2040,1955,1955,1344114,-0.020050125313283207
2023-01-18,1935,1975,1920,1950,943372,-0.002557544757033292
2023-01-19,1950,1980,1865,1880,1282340,-0.03589743589743588
2023-01-20,1850,1950,1840,1910,880459,0.015957446808510634
2023-01-25,1935,1936,1865,1886,714070,-0.012565445026177957
2023-01-26,1890,1938,1885,1935,718874,0.025980911983032984
2023-01-27,1959,1990,1915,1925,1048403,-0.0051679586563307955
2023-01-30,1926,1935,1900,1901,373520,-0.012467532467532516
2023-01-31,1895,1928,1881,1914,339971,0.006838506049447579
2023-02-01,1931,1938,1905,1912,381127,-0.0010449320794148065
2023-02-02,1915,1950,1912,1926,685423,0.007322175732217495
2023-02-03,1923,1942,1922,1930,436927,0.0020768431983384517
2023-02-06,1935,1935,1880,1897,542466,-0.01709844559585494
2023-02-07,1890,1905,1885,1887,439823,-0.005271481286241442
2023-02-08,1915,1977,1900,1972,1793482,0.04504504504504503
2023-02-09,1985,1988,1956,1974,908007,0.0010141987829614951
2023-02-10,1966,2140,1965,2010,6002790,0.01823708206686936
2023-02-13,1998,2040,1986,2020,769227,0.004975124378109541
2023-02-14,2035,2040,1991,1992,731698,-0.013861386138613874
2023-02-15,1992,2020,1935,1939,794262,-0.026606425702811243
2023-02-16,1940,1980,1940,1948,396603,0.004641567818463033
2023-02-17,1924,1938,1880,1918,418165,-0.015400410677618104
2023-02-20,1905,1920,1868,1917,537026,-0.0005213764337852478
2023-02-21,1911,1960,1911,1934,359620,0.008868022952529975
2023-02-22,1926,1934,1893,1897,375073,-0.0191313340227508
2023-02-23,1895,1915,1887,1891,264137,-0.003162888771744865
2023-02-24,1886,1935,1860,1880,413508,-0.005817028027498727
2023-02-27,1860,1911,1820,1876,324787,-0.0021276595744680327
2023-02-28,1900,1903,1878,1896,246715,0.010660980810234477
2023-03-02,1923,1984,1922,1939,1056894,0.02267932489451474
2023-03-03,1940,1954,1910,1927,339000,-0.006188757091284192
2023-03-06,1962,1983,1930,1956,614535,0.015049299429164442
2023-03-07,1952,2125,1935,2095,2196295,0.07106339468302658
2023-03-08,2030,2210,1980,2150,9204457,0.026252983293556076
2023-03-09,2360,2465,2110,2130,16617819,-0.009302325581395321
2023-03-10,2070,2265,2060,2140,4413601,0.0046948356807512415
2023-03-13,2090,2130,2010,2030,1540174,-0.051401869158878455
2023-03-14,1982,2030,1880,1885,1538548,-0.0714285714285714
2023-03-15,1904,2025,1904,2010,1077194,0.06631299734748008
2023-03-16,1980,2000,1930,1968,469460,-0.020895522388059695
2023-03-17,1981,2025,1981,2025,673713,0.028963414634146423
2023-03-20,2020,2085,2020,2080,594387,0.02716049382716057
2023-03-21,2100,2210,2065,2150,2234849,0.033653846153846256
2023-03-22,2180,2180,2085,2095,899490,-0.025581395348837188
2023-03-23,2085,2135,2040,2050,682473,-0.021479713603818618
2023-03-24,2055,2125,2040,2110,480686,0.029268292682926855
2023-03-27,2100,2145,2050,2090,515025,-0.009478672985781977
2023-03-28,2085,2165,2085,2150,749222,0.028708133971291794
2023-03-29,2145,2240,2115,2210,2942630,0.027906976744185963
2023-03-30,2200,2225,2145,2190,1269695,-0.009049773755656076
2023-03-31,2285,2345,2125,2130,7062872,-0.0273972602739726
2023-04-03,2180,2240,2165,2170,2772488,0.018779342723004744
2023-04-04,2295,2325,2160,2175,3275217,0.0023041474654377225
2023-04-05,2180,2185,2105,2160,853883,-0.006896551724137945
2023-04-06,2135,2180,2065,2100,1371496,-0.02777777777777779
2023-04-07,2120,2175,2090,2090,685834,-0.004761904761904745
2023-04-10,2125,2195,2090,2180,1675962,0.04306220095693769
2023-04-11,2230,2280,2145,2195,3445946,0.006880733944954143
2023-04-12,2180,2240,2155,2185,1367464,-0.004555808656036442
2023-04-13,2195,2260,2130,2260,1841905,0.034324942791762014
2023-04-14,2260,2270,2190,2200,1636427,-0.026548672566371723
2023-04-17,2170,2270,2170,2255,2052178,0.02499999999999991
2023-04-18,2280,2290,2225,2240,2052270,-0.006651884700665134
2023-04-19,2230,2275,2205,2245,1175057,0.0022321428571427937
2023-04-20,2230,2265,2125,2165,1554874,-0.03563474387527843
2023-04-21,2135,2165,2060,2160,1148212,-0.002309468822170868
2023-04-24,2195,2375,2185,2220,11314692,0.02777777777777768
2023-04-25,2175,2190,2065,2115,1792568,-0.04729729729729726
2023-04-26,2090,2115,2015,2015,948591,-0.047281323877068515
2023-04-27,2000,2015,1940,1984,824265,-0.01538461538461533
2023-04-28,1991,2010,1912,1915,658171,-0.034778225806451624
2023-05-02,1911,1964,1911,1951,358642,0.01879895561357703
2023-05-03,1930,1980,1930,1958,277168,0.0035879036391595065
2023-05-04,1942,1973,1940,1956,298356,-0.0010214504596527396
2023-05-08,1960,1991,1960,1988,324303,0.01635991820040905
2023-05-09,1986,1999,1951,1961,218852,-0.01358148893360156
2023-05-10,1977,1977,1948,1953,162991,-0.004079551249362545
2023-05-11,1953,2010,1950,1987,506575,0.017409114183307706
2023-05-12,1988,2065,1985,2050,1007111,0.031706089582284935
2023-05-15,2110,2125,2015,2025,588900,-0.012195121951219523
2023-05-16,2025,2150,2000,2145,1774540,0.059259259259259345
2023-05-17,2080,2150,2060,2125,944055,-0.009324009324009341
2023-05-18,2125,2135,2095,2100,363740,-0.0117647058823529
2023-05-19,2110,2120,2060,2080,419769,-0.00952380952380949
2023-05-22,2060,2115,2055,2100,315997,0.009615384615384581
2023-05-23,2100,2230,2100,2175,4005904,0.03571428571428581
2023-05-24,2120,2140,2085,2105,1263092,-0.03218390804597704
2023-05-25,2100,2110,2035,2060,608018,-0.02137767220902609
2023-05-26,2060,2070,2005,2025,478930,-0.016990291262135915
2023-05-30,2035,2060,2025,2030,401129,0.0024691358024691024
2023-05-31,2015,2040,2015,2025,262678,-0.0024630541871921707
2023-06-01,2025,2080,2025,2065,266323,0.01975308641975304
2023-06-02,2055,2090,2045,2085,315097,0.009685230024213176
2023-06-05,2095,2100,2060,2090,360474,0.0023980815347721673
2023-06-07,2090,2125,2090,2100,629773,0.004784688995215225
2023-06-08,2085,2125,2060,2065,331067,-0.01666666666666672
2023-06-09,2075,2090,2060,2065,186377,0.0
2023-06-12,2060,2075,2030,2035,338021,-0.014527845036319653
2023-06-13,2030,2055,2020,2030,317149,-0.002457002457002422
2023-06-14,2030,2045,1970,1974,659916,-0.02758620689655178
2023-06-15,1973,1998,1933,1936,385379,-0.019250253292806496
2023-06-16,1936,1973,1936,1962,201502,0.013429752066115741
2023-06-19,1955,1989,1950,1980,173522,0.00917431192660545
2023-06-20,1980,2015,1950,1972,273472,-0.004040404040404066
2023-06-21,1955,1970,1921,1923,339171,-0.024847870182555742
2023-06-22,1925,1948,1916,1921,143088,-0.0010400416016640435
2023-06-23,1922,1929,1800,1880,466047,-0.02134305049453411
2023-06-26,1918,1918,1863,1892,161176,0.006382978723404209
2023-06-27,1892,1925,1863,1899,136424,0.0036997885835095
2023-06-28,1911,1923,1891,1910,119244,0.005792522380200005
2023-06-29,1910,1949,1864,1896,304339,-0.007329842931937169
2023-06-30,1896,1913,1851,1890,282887,-0.0031645569620253333
2023-07-03,1874,1938,1874,1924,263242,0.017989417989418
2023-07-04,1915,1922,1890,1906,158675,-0.009355509355509328
2023-07-05,1920,1920,1875,1881,180398,-0.013116474291710367
2023-07-06,1867,1895,1813,1820,282446,-0.03242955874534825
2023-07-07,1790,1821,1750,1763,284199,-0.03131868131868132
2023-07-10,1749,1923,1749,1810,977654,0.02665910380034031
2023-07-11,1800,1852,1800,1832,163646,0.012154696132596676
2023-07-12,1854,1915,1810,1817,394714,-0.008187772925764225
2023-07-13,1822,1841,1818,1819,181125,0.0011007154650521933
2023-07-14,1819,1820,1778,1787,248267,-0.017592083562396943
2023-07-17,1760,1815,1760,1788,258324,0.0005595970900951208
2023-07-18,1789,1827,1761,1761,267702,-0.015100671140939603
2023-07-19,1759,1761,1701,1705,347089,-0.03180011357183421
2023-07-20,1724,1740,1705,1736,202223,0.018181818181818077
2023-07-21,1721,1738,1702,1702,227622,-0.019585253456221197
2023-07-24,1700,1701,1630,1642,410279,-0.03525264394829608
2023-07-25,1629,1655,1608,1610,333736,-0.01948842874543244
2023-07-26,1600,1620,1484,1502,969449,-0.0670807453416149
2023-07-27,1496,1592,1496,1556,296160,0.03595206391478034
2023-07-28,1550,1612,1523,1600,271353,0.028277634961439535
2023-07-31,1620,1636,1594,1633,164763,0.020624999999999893
2023-08-01,1615,1646,1597,1610,207525,-0.014084507042253502
2023-08-02,1640,1663,1603,1610,230442,0.0
2023-08-03,1593,1610,1550,1581,262175,-0.01801242236024847
2023-08-04,1570,1596,1565,1593,123402,0.007590132827324458
2023-08-07,1577,1594,1551,1588,172136,-0.003138731952291307
2023-08-08,1572,1627,1515,1520,339466,-0.04282115869017633
2023-08-09,1504,1555,1501,1550,236344,0.019736842105263053
2023-08-10,1531,1582,1531,1576,183077,0.016774193548387162
2023-08-11,1577,1635,1577,1602,165827,0.016497461928933976
2023-08-14,1600,1602,1540,1542,189779,-0.03745318352059923
2023-08-16,1544,1544,1414,1474,315534,-0.04409857328145261
2023-08-17,1450,1505,1415,1421,221160,-0.03595658073270014
2023-08-18,1409,1473,1409,1470,256388,0.034482758620689724
2023-08-21,1471,1528,1471,1493,193036,0.0156462585034014
2023-08-22,1493,1496,1420,1438,178959,-0.036838580040187585
2023-08-23,1423,1483,1421,1443,202600,0.003477051460361702
2023-08-24,1443,1470,1443,1451,118758,0.00554400554400547
2023-08-25,1440,1465,1440,1451,100483,0.0
2023-08-28,1449,1630,1449,1552,1996466,0.06960716747070994
2023-08-29,1552,1607,1538,1601,540440,0.03157216494845372
2023-08-30,1602,1690,1602,1672,581357,0.044347282948157485
2023-08-31,1660,1663,1598,1609,259779,-0.037679425837320535
2023-09-01,1572,1600,1556,1567,214654,-0.026103169670602888
2023-09-04,1567,1594,1535,1565,158665,-0.0012763241863433805
2023-09-05,1547,1564,1540,1541,145383,-0.015335463258785986
2023-09-06,1548,1566,1525,1529,128831,-0.0077871512005190935
2023-09-07,1529,1534,1496,1503,138018,-0.017004578155657257
2023-09-08,1488,1526,1488,1520,76630,0.011310711909514382
2023-09-11,1509,1541,1509,1527,114179,0.004605263157894779
2023-09-12,1514,1536,1484,1490,213858,-0.024230517354289494
2023-09-13,1480,1490,1461,1462,156170,-0.018791946308724827
2023-09-14,1452,1483,1452,1456,93771,-0.004103967168262668
2023-09-15,1444,1509,1444,1502,206409,0.0315934065934067
2023-09-18,1502,1502,1471,1483,90694,-0.012649800266311573
2023-09-19,1453,1465,1449,1458,162187,-0.01685772083614301
2023-09-20,1453,1474,1443,1454,184505,-0.002743484224965731
2023-09-21,1450,1453,1409,1420,400935,-0.023383768913342484
2023-09-22,1525,1677,1350,1350,6145079,-0.04929577464788737
2023-09-25,1321,1370,1304,1325,609348,-0.01851851851851849
2023-09-26,1323,1362,1303,1309,389086,-0.012075471698113183
2023-09-27,1260,1315,1250,1290,594766,-0.014514896867838023
2023-10-04,1308,1308,1210,1230,347529,-0.046511627906976716
2023-10-05,1230,1260,1170,1170,405763,-0.04878048780487809
2023-10-06,1140,1250,1140,1230,958779,0.05128205128205132
2023-10-10,1233,1288,1221,1237,338752,0.005691056910569037
2023-10-11,1270,1300,1254,1269,185312,0.025869037995149613
2023-10-12,1275,1295,1265,1268,252142,-0.0007880220646178104
2023-10-13,1276,1283,1210,1283,167023,0.011829652996845352
2023-10-16,1261,1286,1229,1236,166675,-0.036632891660171474
2023-10-17,1227,1321,1227,1268,297015,0.025889967637540368
2023-10-18,1267,1295,1230,1259,159791,-0.007097791798107211
2023-10-19,1252,1252,1172,1173,281880,-0.06830818109610803
2023-10-20,1168,1185,1121,1156,175058,-0.01449275362318836
2023-10-23,1111,1165,1111,1126,277796,-0.02595155709342556
2023-10-24,1121,1175,1097,1168,258905,0.03730017761989335
2023-10-25,1165,1195,1135,1176,180422,0.006849315068493178
2023-10-26,1147,1170,1120,1120,207982,-0.04761904761904767
2023-10-27,1120,1160,1102,1120,196466,0.0
2023-10-30,1111,1160,1111,1145,165929,0.022321428571428603
2023-10-31,1145,1155,1110,1112,294151,-0.02882096069869
2023-11-01,1118,1160,1118,1136,182945,0.021582733812949728
2023-11-02,1142,1164,1142,1163,147497,0.023767605633802757
2023-11-03,1170,1188,1155,1180,142662,0.014617368873602654
2023-11-06,1181,1230,1181,1219,156154,0.03305084745762721
2023-11-07,1220,1226,1182,1203,172958,-0.01312551271534046
2023-11-08,1203,1250,1196,1196,133874,-0.005818786367414841
2023-11-09,1190,1214,1179,1179,62800,-0.014214046822742521
2023-11-10,1178,1180,1150,1156,95887,-0.019508057675996615
2023-11-13,1156,1219,1125,1147,177374,-0.007785467128027634
2023-11-14,1142,1190,1142,1190,71850,0.037489102005231034
2023-11-15,1220,1250,1210,1234,314495,0.03697478991596648
2023-11-16,1244,1244,1217,1227,131932,-0.005672609400324102
2023-11-17,1238,1247,1202,1225,74592,-0.0016299918500407573
2023-11-20,1225,1232,1212,1230,153516,0.004081632653061273
2023-11-21,1232,1237,1218,1230,87109,0.0
2023-11-22,1230,1231,1210,1220,90814,-0.008130081300813052
2023-11-23,1234,1250,1216,1249,169111,0.023770491803278615
2023-11-24,1264,1378,1147,1229,2131878,-0.01601281024819856
2023-11-27,1239,1240,1200,1200,203121,-0.02359641985353944
2023-11-28,1200,1215,1182,1184,226673,-0.013333333333333308
2023-11-29,1190,1203,1181,1196,101248,0.010135135135135087
2023-11-30,1196,1220,1181,1205,155563,0.007525083612040184
2023-12-01,1208,1230,1198,1215,112912,0.008298755186721962
2023-12-04,1215,1225,1205,1206,68261,-0.007407407407407418
2023-12-05,1191,1206,1184,1184,133174,-0.018242122719734688
2023-12-06,1195,1195,1176,1191,122824,0.00591216216216206
2023-12-07,1191,1191,1161,1177,139890,-0.011754827875734675
2023-12-08,1177,1285,1177,1220,612855,0.03653355989804585
2023-12-11,1224,1276,1224,1254,403957,0.02786885245901649
2023-12-12,1243,1264,1243,1251,159935,-0.0023923444976076125
2023-12-13,1261,1265,1204,1220,315303,-0.02478017585931258
2023-12-14,1255,1255,1208,1215,279490,-0.004098360655737654
2023-12-15,1230,1420,1230,1266,10335087,0.041975308641975406
2023-12-18,1266,1275,1235,1245,669619,-0.016587677725118488
2023-12-19,1259,1259,1210,1220,510570,-0.02008032128514059
2023-12-20,1261,1394,1243,1296,6369200,0.062295081967213006
2023-12-21,1296,1325,1272,1296,926396,0.0
2023-12-22,1308,1315,1270,1277,476024,-0.014660493827160503
2023-12-26,1272,1276,1253,1260,311571,-0.013312451057165275
2023-12-27,1253,1289,1247,1289,562395,0.023015873015872934
2023-12-28,1318,1318,1272,1285,424789,-0.003103180760279267
2024-01-02,1295,1309,1280,1305,396822,0.015564202334630295
2024-01-03,1289,1310,1264,1270,314424,-0.026819923371647514
2024-01-04,1267,1279,1258,1261,264344,-0.007086614173228312
2024-01-05,1260,1275,1254,1265,223564,0.003172085646312439
2024-01-08,1265,1275,1251,1257,226404,-0.006324110671936722
2024-01-09,1257,1284,1257,1282,269774,0.01988862370723954
2024-01-10,1280,1308,1270,1288,466814,0.004680187207488196
2024-01-11,1297,1315,1288,1288,345635,0.0
2024-01-12,1284,1297,1273,1285,239215,-0.0023291925465838137
2024-01-15,1285,1307,1275,1307,345808,0.017120622568093324
2024-01-16,1400,1539,1305,1305,10040757,-0.0015302218821728886
2024-01-17,1326,1363,1289,1310,1023215,0.003831417624521105
2024-01-18,1298,1320,1284,1290,661618,-0.01526717557251911
2024-01-19,1280,1318,1279,1288,506682,-0.0015503875968991832
2024-01-22,1290,1302,1240,1251,536930,-0.028726708074534146
2024-01-23,1242,1260,1231,1245,231114,-0.004796163069544335
2024-01-24,1249,1265,1235,1235,313126,-0.008032128514056214
2024-01-25,1235,1262,1219,1233,248370,-0.0016194331983805377
2024-01-26,1230,1254,1226,1234,165449,0.0008110300081103361
2024-01-29,1233,1242,1201,1210,370173,-0.01944894651539708
2024-01-30,1210,1225,1189,1194,367995,-0.013223140495867813
2024-01-31,1186,1210,1167,1175,250882,-0.015912897822445538
2024-02-01,1168,1187,1160,1167,207583,-0.006808510638297904
2024-02-02,1170,1220,1170,1191,191231,0.020565552699228773
2024-02-05,1202,1202,1180,1189,138523,-0.0016792611251049694
2024-02-06,1180,1196,1172,1175,134848,-0.011774600504625754
2024-02-07,1176,1210,1176,1193,121887,0.015319148936170146
2024-02-08,1193,1197,1185,1189,118585,-0.0033528918692372622
2024-02-13,1191,1271,1190,1234,959750,0.037846930193439876
2024-02-14,1215,1319,1215,1240,1953917,0.004862236628849326
2024-02-15,1258,1258,1230,1232,260510,-0.006451612903225823
2024-02-16,1248,1248,1228,1242,159333,0.008116883116883189
2024-02-19,1231,1275,1222,1239,161967,-0.0024154589371980784
2024-02-20,1230,1245,1226,1229,115119,-0.008071025020177536
2024-02-21,1230,1235,1202,1203,171670,-0.0211554109031733
2024-02-22,1207,1218,1191,1195,182715,-0.006650041562759723
2024-02-23,1190,1200,1174,1178,269991,-0.014225941422594146
2024-02-26,1177,1184,1162,1176,174038,-0.001697792869269965
2024-02-27,1176,1176,1155,1170,184213,-0.005102040816326481
2024-02-28,1167,1180,1160,1169,153331,-0.0008547008547008517
2024-02-29,1162,1182,1151,1151,184987,-0.015397775876817787
2024-03-04,1152,1159,1142,1142,179907,-0.007819287576020906
2024-03-05,1131,1143,1124,1127,204076,-0.013134851138353776
2024-03-06,1124,1139,1120,1139,126419,0.010647737355811815
2024-03-07,1139,1139,1100,1110,291726,-0.025460930640913038
2024-03-08,1104,1117,1097,1099,293743,-0.00990990990990992
2024-03-11,1097,1125,1082,1116,140825,0.015468607825295688
2024-03-12,1131,1132,1075,1081,401704,-0.03136200716845883
2024-03-13,1085,1091,1075,1085,165679,0.0037002775208141436
2024-03-14,1083,1148,1081,1110,538372,0.02304147465437789
2024-03-15,1108,1108,1080,1083,201204,-0.024324324324324298
2024-03-18,1084,1120,1083,1107,370430,0.02216066481994461
2024-03-19,1185,1194,1100,1100,1105620,-0.006323396567298967
2024-03-20,1105,1119,1088,1093,215815,-0.006363636363636349
2024-03-21,1093,1104,1070,1070,343542,-0.021043000914913068
2024-03-22,1075,1095,1070,1085,174555,0.014018691588784993
2024-03-25,1085,1100,1075,1096,166191,0.010138248847926246
2024-03-26,1097,1221,1084,1129,2533104,0.030109489051094895
2024-03-27,1131,1135,1103,1104,283792,-0.02214348981399472
2024-03-28,1132,1435,1112,1435,60701366,0.2998188405797102
2024-03-29,1444,1553,1326,1349,20244299,-0.05993031358885015
2024-04-01,1336,1420,1293,1330,14652411,-0.014084507042253502
2024-04-02,1323,1510,1311,1349,31631826,0.014285714285714235
2024-04-03,1320,1334,1226,1227,3252770,-0.09043736100815414
2024-04-04,1238,1418,1238,1373,20131355,0.11898940505297473
2024-04-05,1350,1417,1323,1370,3931739,-0.002184996358339353
2024-04-08,1362,1370,1264,1304,1622230,-0.04817518248175179
2024-04-09,1321,1695,1318,1620,95599011,0.24233128834355822
2024-04-11,1777,1845,1533,1559,25604745,-0.03765432098765431
2024-04-12,1530,1570,1480,1510,5620058,-0.0314304041051956
2024-04-15,1482,1485,1431,1470,3658180,-0.026490066225165587
2024-04-16,1440,1447,1340,1340,3333957,-0.08843537414965985
2024-04-17,1416,1489,1383,1383,12305591,0.03208955223880605
2024-04-18,1430,1470,1406,1454,4912273,0.05133767172812731
2024-04-19,1443,1623,1351,1503,27180195,0.033700137551581744
2024-04-22,1450,1494,1400,1415,3993634,-0.05854956753160345
2024-04-23,1613,1830,1488,1796,80766888,0.26925795053003543
2024-04-24,1911,2010,1782,1782,58866761,-0.007795100222717122
2024-04-25,1782,1978,1701,1711,41637873,-0.039842873176206495
2024-04-26,1691,1778,1662,1708,12136368,-0.001753360607831711
2024-04-29,1712,1935,1681,1827,40661839,0.069672131147541
2024-04-30,1826,1826,1723,1735,4928884,-0.05035577449370554
2024-05-02,1834,1893,1731,1736,15880155,0.0005763688760807018
2024-05-03,1736,1836,1705,1717,8757305,-0.010944700460829515
