Date,Open,High,Low,Close,Volume,Change
2022-01-03,2180,2265,2175,2265,1325042,0.03899082568807333
2022-01-04,2315,2335,2225,2235,1297119,-0.013245033112582738
2022-01-05,2230,2260,2155,2180,941442,-0.02460850111856827
2022-01-06,2160,2160,2070,2080,693933,-0.04587155963302747
2022-01-07,2080,2155,2080,2145,499933,0.03125
2022-01-10,2150,2150,2055,2070,482443,-0.034965034965035
2022-01-11,2070,2125,2020,2065,700313,-0.0024154589371980784
2022-01-12,2070,2100,2055,2060,367189,-0.002421307506053294
2022-01-13,2080,2080,2040,2065,335721,0.0024271844660195274
2022-01-14,2055,2060,2000,2045,429865,-0.009685230024213065
2022-01-17,2035,2075,1995,2010,342776,-0.017114914425427896
2022-01-18,2000,2030,1930,1955,485825,-0.027363184079602032
2022-01-19,1945,1995,1900,1930,317731,-0.012787723785166238
2022-01-20,1930,1945,1880,1945,319330,0.007772020725388629
2022-01-21,1940,1945,1865,1875,412408,-0.03598971722365041
2022-01-24,1860,1860,1775,1800,441529,-0.040000000000000036
2022-01-25,1800,1825,1715,1740,397463,-0.033333333333333326
2022-01-26,1725,1795,1700,1745,364659,0.002873563218390718
2022-01-27,1750,1770,1660,1670,411134,-0.04297994269340977
2022-01-28,1670,1780,1655,1755,340809,0.05089820359281427
2022-02-03,1845,1860,1810,1825,303653,0.03988603988603989
2022-02-04,1825,1895,1825,1880,234724,0.03013698630136985
2022-02-07,1910,1910,1855,1900,211427,0.010638297872340496
2022-02-08,1900,1900,1835,1845,239816,-0.02894736842105261
2022-02-09,1850,1930,1850,1910,273341,0.035230352303523116
2022-02-10,1920,1935,1880,1910,218002,0.0
2022-02-11,1885,1890,1840,1870,224713,-0.020942408376963373
2022-02-14,1805,1820,1740,1760,401927,-0.05882352941176472
2022-02-15,1760,1805,1700,1720,329200,-0.022727272727272707
2022-02-16,1760,1815,1760,1800,255772,0.04651162790697683
2022-02-17,1815,1845,1770,1795,436974,-0.002777777777777768
2022-02-18,1790,1810,1755,1800,208232,0.0027855153203342198
2022-02-21,1780,1790,1715,1780,488111,-0.011111111111111072
2022-02-22,2000,2190,1835,1845,6248312,0.03651685393258419
2022-02-23,1850,1915,1840,1900,974298,0.02981029810298108
2022-02-24,1880,1880,1765,1765,970169,-0.07105263157894737
2022-02-25,1845,1870,1805,1860,752641,0.053824362606232246
2022-02-28,1850,1915,1840,1865,392103,0.0026881720430107503
2022-03-02,1865,1885,1825,1875,306858,0.00536193029490617
2022-03-03,1885,1925,1875,1910,376261,0.01866666666666661
2022-03-04,1905,1910,1865,1875,274700,-0.01832460732984298
2022-03-07,1850,1865,1785,1785,393589,-0.04800000000000004
2022-03-08,1770,1790,1715,1715,504076,-0.039215686274509776
2022-03-10,1760,1805,1745,1780,262013,0.03790087463556846
2022-03-11,1800,1800,1750,1770,229320,-0.005617977528089901
2022-03-14,1755,1765,1700,1705,333129,-0.03672316384180796
2022-03-15,1695,1705,1665,1700,244830,-0.0029325513196480912
2022-03-16,1710,1750,1705,1750,288650,0.02941176470588225
2022-03-17,1790,1805,1765,1800,302803,0.02857142857142847
2022-03-18,1805,1850,1795,1840,340409,0.022222222222222143
2022-03-21,1850,1880,1810,1815,218586,-0.013586956521739135
2022-03-22,1815,1845,1810,1830,267591,0.008264462809917328
2022-03-23,1850,1860,1825,1835,253196,0.002732240437158362
2022-03-24,1830,1835,1800,1830,254783,-0.0027247956403270157
2022-03-25,1845,1845,1815,1830,170683,0.0
2022-03-28,1860,1890,1830,1855,413835,0.013661202185792254
2022-03-29,1860,1885,1840,1875,476357,0.010781671159029615
2022-03-30,1885,1905,1865,1870,280609,-0.002666666666666706
2022-03-31,1920,1970,1840,1865,761408,-0.002673796791443861
2022-04-01,1860,1865,1815,1820,473836,-0.024128686327077764
2022-04-04,1820,2035,1815,1935,6010176,0.06318681318681318
2022-04-05,1935,1950,1915,1935,713661,0.0
2022-04-06,1930,1930,1890,1895,411210,-0.02067183462532296
2022-04-07,1855,1895,1835,1860,1075555,-0.01846965699208447
2022-04-08,1935,2170,1870,1870,11302212,0.005376344086021501
2022-04-11,1855,1930,1840,1885,1098434,0.008021390374331583
2022-04-12,1860,1860,1800,1850,751667,-0.018567639257294433
2022-04-13,1835,1905,1835,1885,518717,0.018918918918918948
2022-04-14,1890,1965,1885,1930,858744,0.023872679045092937
2022-04-15,1930,1935,1885,1935,506934,0.002590673575129543
2022-04-18,1925,1965,1905,1905,519396,-0.015503875968992276
2022-04-19,1910,1930,1905,1925,232190,0.01049868766404205
2022-04-20,1930,1950,1915,1940,395617,0.007792207792207684
2022-04-21,1945,1955,1895,1915,345140,-0.012886597938144284
2022-04-22,1900,1905,1885,1890,254982,-0.01305483028720622
2022-04-25,1865,1875,1820,1835,376130,-0.02910052910052907
2022-04-26,1840,1860,1830,1840,295244,0.0027247956403269047
2022-04-27,1810,1840,1780,1830,245402,-0.005434782608695676
2022-04-28,1835,1850,1790,1800,249488,-0.016393442622950838
2022-04-29,1800,1810,1790,1795,227207,-0.002777777777777768
2022-05-02,1770,1805,1765,1805,188447,0.0055710306406684396
2022-05-03,1810,1865,1805,1820,219682,0.008310249307479145
2022-05-04,1815,1820,1780,1790,174952,-0.016483516483516536
2022-05-06,1770,1770,1745,1750,180884,-0.022346368715083775
2022-05-09,1745,1745,1670,1680,289502,-0.040000000000000036
2022-05-10,1670,1730,1605,1730,315159,0.029761904761904656
2022-05-11,1710,1735,1700,1725,126477,-0.0028901734104046506
2022-05-12,1725,1725,1655,1710,191300,-0.008695652173912993
2022-05-13,1710,1750,1700,1710,157478,0.0
2022-05-16,1725,1770,1725,1750,274850,0.023391812865497075
2022-05-17,1755,1785,1750,1775,196155,0.014285714285714235
2022-05-18,1775,1810,1770,1790,236510,0.008450704225352101
2022-05-19,1770,1770,1710,1745,352257,-0.025139664804469275
2022-05-20,1765,1845,1750,1780,482938,0.02005730659025784
2022-05-23,1795,1840,1775,1780,367086,0.0
2022-05-24,1780,1795,1730,1730,275994,-0.028089887640449396
2022-05-25,1730,1750,1715,1730,147398,0.0
2022-05-26,1730,1750,1720,1725,233413,-0.0028901734104046506
2022-05-27,1735,1750,1725,1725,145527,0.0
2022-05-30,1740,1800,1740,1775,235718,0.02898550724637672
2022-05-31,1775,1780,1750,1750,217290,-0.014084507042253502
2022-06-02,1750,1770,1740,1760,141006,0.005714285714285783
2022-06-03,1765,1775,1755,1755,137868,-0.0028409090909090606
2022-06-07,1755,1755,1720,1725,191876,-0.017094017094017144
2022-06-08,1725,1745,1710,1710,130743,-0.008695652173912993
2022-06-09,1700,1700,1655,1690,273091,-0.011695906432748537
2022-06-10,1670,1690,1645,1665,193421,-0.014792899408283988
2022-06-13,1630,1630,1585,1585,353482,-0.048048048048048075
2022-06-14,1530,1585,1515,1585,300289,0.0
2022-06-15,1565,1580,1495,1525,272833,-0.03785488958990535
2022-06-16,1535,1620,1535,1570,204777,0.029508196721311553
2022-06-17,1510,1540,1485,1540,188994,-0.019108280254777066
2022-06-20,1525,1550,1430,1535,226212,-0.0032467532467532756
2022-06-21,1495,1530,1470,1500,149594,-0.0228013029315961
2022-06-22,1525,1525,1375,1380,286987,-0.07999999999999996
2022-06-23,1380,1430,1260,1295,662829,-0.061594202898550776
2022-06-24,1300,1355,1300,1350,255736,0.042471042471042386
2022-06-27,1375,1420,1355,1410,132155,0.04444444444444451
2022-06-28,1440,1440,1385,1420,114406,0.007092198581560183
2022-06-29,1405,1420,1375,1405,55546,-0.010563380281690127
2022-06-30,1405,1415,1330,1330,126879,-0.053380782918149516
2022-07-01,1330,1360,1295,1320,168075,-0.007518796992481258
2022-07-04,1320,1330,1280,1310,132527,-0.007575757575757569
2022-07-05,1315,1350,1315,1340,70858,0.022900763358778553
2022-07-06,1390,1390,1325,1325,128596,-0.011194029850746245
2022-07-07,1325,1360,1325,1325,57853,0.0
2022-07-08,1360,1395,1355,1385,111179,0.04528301886792452
2022-07-11,1420,1445,1370,1400,168275,0.010830324909747224
2022-07-12,1395,1395,1320,1320,173178,-0.05714285714285716
2022-07-13,1310,1370,1310,1360,153135,0.030303030303030276
2022-07-14,1360,1360,1330,1340,132028,-0.014705882352941124
2022-07-15,1340,1420,1320,1390,528940,0.03731343283582089
2022-07-18,1400,1460,1395,1415,304618,0.017985611510791477
2022-07-19,1420,1440,1395,1425,162769,0.007067137809187329
2022-07-20,1440,1450,1410,1425,244362,0.0
2022-07-21,1435,1450,1425,1445,96293,0.01403508771929829
2022-07-22,1460,1465,1425,1440,135191,-0.0034602076124568004
2022-07-25,1430,1440,1405,1405,124477,-0.02430555555555558
2022-07-26,1405,1420,1400,1420,63207,0.01067615658362997
2022-07-27,1420,1425,1405,1420,77741,0.0
2022-07-28,1425,1445,1420,1430,64087,0.007042253521126751
2022-07-29,1430,1455,1430,1455,297423,0.0174825174825175
2022-08-01,1500,1500,1450,1470,96557,0.010309278350515427
2022-08-02,1470,1470,1425,1425,128756,-0.030612244897959218
2022-08-03,1415,1450,1415,1450,56418,0.01754385964912286
2022-08-04,1455,1485,1450,1470,101278,0.01379310344827589
2022-08-05,1490,1490,1435,1470,138215,0.0
2022-08-08,1470,1500,1460,1495,76055,0.017006802721088343
2022-08-09,1495,1495,1460,1470,70561,-0.01672240802675584
2022-08-10,1470,1470,1435,1440,141767,-0.020408163265306145
2022-08-11,1450,1475,1450,1460,80346,0.01388888888888884
2022-08-12,1460,1500,1455,1500,98319,0.027397260273972712
2022-08-16,1515,1515,1490,1515,150084,0.010000000000000009
2022-08-17,1515,1535,1485,1490,252749,-0.01650165016501648
2022-08-18,1475,1500,1460,1500,133002,0.006711409395973256
2022-08-19,1505,1635,1485,1530,2017407,0.020000000000000018
2022-08-22,1530,1530,1455,1460,432125,-0.04575163398692805
2022-08-23,1450,1450,1405,1410,296361,-0.03424657534246578
2022-08-24,1420,1440,1405,1410,152808,0.0
2022-08-25,1435,1450,1410,1450,126175,0.028368794326241176
2022-08-26,1480,1480,1450,1455,61973,0.0034482758620688614
2022-08-29,1430,1430,1400,1410,126793,-0.030927835051546393
2022-08-30,1400,1425,1400,1415,156603,0.0035460992907800915
2022-08-31,1415,1440,1405,1435,84056,0.014134275618374659
2022-09-01,1435,1435,1395,1400,106452,-0.024390243902439046
2022-09-02,1395,1415,1385,1390,154139,-0.0071428571428571175
2022-09-05,1375,1400,1360,1360,197737,-0.021582733812949617
2022-09-06,1360,1400,1360,1390,61018,0.022058823529411686
2022-09-07,1395,1395,1360,1365,114311,-0.017985611510791366
2022-09-08,1370,1400,1360,1360,190884,-0.00366300366300365
2022-09-13,1385,1420,1375,1400,106651,0.02941176470588225
2022-09-14,1395,1395,1350,1370,110722,-0.021428571428571463
2022-09-15,1380,1415,1380,1400,112907,0.021897810218978186
2022-09-16,1380,1400,1365,1400,102031,0.0
2022-09-19,1380,1385,1320,1325,224954,-0.0535714285714286
2022-09-20,1325,1365,1325,1330,180265,0.0037735849056603765
2022-09-21,1330,1345,1325,1330,83468,0.0
2022-09-22,1320,1325,1280,1325,207183,-0.003759398496240629
2022-09-23,1300,1320,1280,1285,115007,-0.030188679245283012
2022-09-26,1275,1275,1195,1235,410329,-0.03891050583657585
2022-09-27,1235,1235,1195,1205,162519,-0.02429149797570851
2022-09-28,1205,1230,1120,1170,229783,-0.02904564315352698
2022-09-29,1190,1210,1170,1190,86650,0.017094017094017033
2022-09-30,1180,1180,1135,1155,75672,-0.02941176470588236
2022-10-04,1170,1210,1160,1210,117009,0.04761904761904767
2022-10-05,1225,1235,1185,1200,89545,-0.008264462809917328
2022-10-06,1200,1265,1200,1240,211097,0.03333333333333344
2022-10-07,1240,1245,1225,1240,38874,0.0
2022-10-11,1235,1235,1160,1195,143764,-0.03629032258064513
2022-10-12,1165,1195,1160,1180,95259,-0.012552301255230103
2022-10-13,1170,1175,1135,1140,124135,-0.03389830508474578
2022-10-14,1145,1185,1140,1155,215809,0.013157894736842035
2022-10-17,1155,1200,1145,1195,88520,0.03463203463203457
2022-10-18,1210,1225,1200,1220,54249,0.02092050209205021
2022-10-19,1215,1225,1190,1190,185043,-0.024590163934426257
2022-10-20,1185,1205,1165,1190,84523,0.0
2022-10-21,1185,1185,1160,1175,70631,-0.012605042016806678
2022-10-24,1175,1210,1175,1200,119562,0.02127659574468077
2022-10-25,1220,1220,1190,1205,39474,0.004166666666666652
2022-10-26,1220,1220,1190,1190,49031,-0.012448132780082943
2022-10-27,1200,1210,1180,1200,94627,0.008403361344537785
2022-10-28,1195,1195,1170,1175,51803,-0.02083333333333337
2022-10-31,1180,1200,1180,1200,70659,0.02127659574468077
2022-11-01,1200,1205,1180,1205,118365,0.004166666666666652
2022-11-02,1205,1205,1180,1200,69156,-0.004149377593360981
2022-11-03,1190,1220,1165,1190,135512,-0.008333333333333304
2022-11-04,1190,1190,1160,1180,131001,-0.008403361344537785
2022-11-07,1190,1190,1170,1175,113414,-0.004237288135593209
2022-11-08,1185,1195,1175,1185,169420,0.008510638297872353
2022-11-09,1200,1240,1190,1225,243842,0.03375527426160341
2022-11-10,1225,1260,1220,1260,191126,0.02857142857142847
2022-11-11,1295,1295,1265,1280,253116,0.015873015873015817
2022-11-14,1280,1305,1215,1225,349982,-0.04296875
2022-11-15,1230,1240,1200,1235,237658,0.008163265306122547
2022-11-16,1235,1255,1220,1245,306735,0.00809716599190291
2022-11-17,1245,1250,1225,1235,142163,-0.008032128514056214
2022-11-18,1240,1265,1225,1225,145756,-0.0080971659919028
2022-11-21,1225,1225,1185,1195,182324,-0.024489795918367308
2022-11-22,1180,1195,1175,1185,108557,-0.008368200836820106
2022-11-23,1185,1210,1185,1210,213156,0.021097046413502074
2022-11-24,1220,1230,1205,1230,86531,0.016528925619834656
2022-11-25,1230,1230,1220,1230,76511,0.0
2022-11-28,1220,1225,1180,1180,112649,-0.04065040650406504
2022-11-29,1170,1200,1160,1200,97218,0.016949152542372836
2022-11-30,1210,1210,1195,1200,76218,0.0
2022-12-01,1215,1230,1210,1230,188020,0.02499999999999991
2022-12-02,1230,1230,1210,1215,89205,-0.012195121951219523
2022-12-05,1215,1225,1195,1200,109860,-0.012345679012345734
2022-12-06,1195,1195,1180,1180,79850,-0.01666666666666672
2022-12-07,1170,1180,1160,1180,107599,0.0
2022-12-08,1175,1200,1160,1175,137243,-0.004237288135593209
2022-12-09,1175,1190,1160,1190,109661,0.012765957446808418
2022-12-12,1190,1190,1170,1175,76048,-0.012605042016806678
2022-12-13,1175,1190,1170,1175,89102,0.0
2022-12-14,1175,1185,1175,1185,128199,0.008510638297872353
2022-12-15,1185,1195,1175,1190,100640,0.00421940928270037
2022-12-16,1180,1180,1170,1175,87207,-0.012605042016806678
2022-12-19,1175,1175,1135,1135,249163,-0.03404255319148941
2022-12-20,1135,1135,1065,1090,347481,-0.03964757709251099
2022-12-21,1090,1100,1055,1065,298465,-0.022935779816513735
2022-12-22,1065,1080,1065,1075,184961,0.009389671361502261
2022-12-23,1070,1070,1025,1035,192399,-0.037209302325581395
2022-12-26,1035,1040,1005,1020,206262,-0.01449275362318836
2022-12-27,1020,1040,1015,1040,55189,0.019607843137254832
2022-12-28,1055,1055,1025,1035,79763,-0.004807692307692291
2022-12-29,1035,1035,989,1000,248205,-0.033816425120772986
2023-01-02,1000,1015,986,1000,140393,0.0
2023-01-03,988,1005,960,1000,223871,0.0
2023-01-04,990,1015,988,1005,81364,0.004999999999999893
2023-01-05,1015,1025,1005,1005,76464,0.0
2023-01-06,995,1020,995,1015,121171,0.00995024875621886
2023-01-09,1015,1045,1015,1035,109412,0.019704433497536922
2023-01-10,1045,1055,1035,1050,77169,0.01449275362318847
2023-01-11,1050,1065,1050,1065,117928,0.014285714285714235
2023-01-12,1070,1090,1055,1080,124131,0.014084507042253502
2023-01-13,1085,1090,1080,1090,21268,0.0092592592592593
2023-01-16,1095,1095,1070,1075,69656,-0.013761467889908285
2023-01-17,1075,1075,1055,1070,164974,-0.0046511627906976605
2023-01-18,1065,1075,1060,1075,52292,0.004672897196261738
2023-01-19,1080,1080,1050,1070,54633,-0.0046511627906976605
2023-01-20,1075,1075,1060,1065,78369,-0.004672897196261627
2023-01-25,1065,1076,1065,1075,55954,0.009389671361502261
2023-01-26,1081,1090,1078,1079,59154,0.0037209302325580396
2023-01-27,1081,1092,1078,1083,71242,0.003707136237256714
2023-01-30,1084,1084,1075,1080,100786,-0.0027700831024930483
2023-01-31,1080,1083,1070,1081,87803,0.0009259259259259967
2023-02-01,1081,1091,1078,1088,152024,0.00647548566142464
2023-02-02,1089,1100,1089,1098,119502,0.009191176470588314
2023-02-03,1099,1101,1093,1096,103820,-0.0018214936247723523
2023-02-06,1093,1099,1078,1097,137784,0.0009124087591241281
2023-02-07,1087,1093,1080,1085,76396,-0.010938924339106704
2023-02-08,1089,1117,1089,1109,285054,0.022119815668202758
2023-02-09,1112,1374,1110,1270,24865220,0.1451758340847611
2023-02-10,1255,1335,1225,1250,4621590,-0.015748031496062964
2023-02-13,1251,1260,1190,1223,1650826,-0.021599999999999953
2023-02-14,1210,1324,1207,1221,3444511,-0.0016353229762877675
2023-02-15,1232,1240,1168,1174,767444,-0.038493038493038534
2023-02-16,1185,1188,1165,1178,312469,0.0034071550255536653
2023-02-17,1182,1206,1165,1181,327754,0.002546689303905003
2023-02-20,1175,1215,1175,1205,398151,0.020321761219305623
2023-02-21,1214,1214,1189,1205,239977,0.0
2023-02-22,1196,1196,1151,1153,358546,-0.043153526970954315
2023-02-23,1149,1165,1147,1164,182092,0.0095403295750216
2023-02-24,1164,1177,1147,1154,190036,-0.00859106529209619
2023-02-27,1153,1169,1147,1157,163605,0.0025996533795493715
2023-02-28,1165,1182,1154,1174,289423,0.014693171996542853
2023-03-02,1211,1274,1175,1178,1139367,0.0034071550255536653
2023-03-03,1178,1192,1160,1191,159209,0.011035653650254718
2023-03-06,1191,1220,1191,1219,326307,0.02350965575146935
2023-03-07,1220,1231,1201,1213,354284,-0.004922067268252617
2023-03-08,1213,1213,1187,1193,315642,-0.016488046166529213
2023-03-09,1193,1193,1158,1189,198599,-0.0033528918692372622
2023-03-10,1170,1180,1155,1155,183066,-0.028595458368376736
2023-03-13,1143,1172,1111,1171,244757,0.013852813852813783
2023-03-14,1143,1175,1125,1127,183530,-0.03757472245943638
2023-03-15,1129,1172,1129,1168,184223,0.03637976929902398
2023-03-16,1168,1197,1141,1170,126683,0.001712328767123239
2023-03-17,1170,1209,1170,1190,262188,0.017094017094017033
2023-03-20,1190,1207,1179,1193,246209,0.0025210084033613356
2023-03-21,1193,1208,1180,1185,109913,-0.0067057837384744134
2023-03-22,1189,1203,1178,1194,218136,0.0075949367088608
2023-03-23,1191,1191,1160,1168,203866,-0.021775544388609736
2023-03-24,1168,1214,1168,1208,306540,0.03424657534246567
2023-03-27,1209,1220,1191,1213,188025,0.004139072847682224
2023-03-28,1214,1300,1214,1254,2002995,0.033800494641385015
2023-03-29,1262,1265,1229,1252,225263,-0.0015948963317384823
2023-03-30,1252,1280,1252,1280,488930,0.022364217252396124
2023-03-31,1280,1280,1234,1235,377250,-0.03515625
2023-04-03,1235,1258,1211,1252,224320,0.013765182186234792
2023-04-04,1250,1257,1220,1249,118672,-0.0023961661341852514
2023-04-05,1243,1254,1225,1231,182003,-0.014411529223378738
2023-04-06,1231,1231,1198,1203,155583,-0.022745735174654724
2023-04-07,1200,1239,1200,1232,86824,0.024106400665004246
2023-04-10,1246,1246,1209,1215,173104,-0.01379870129870131
2023-04-11,1215,1255,1210,1243,326376,0.023045267489711918
2023-04-12,1227,1227,1170,1198,468484,-0.03620273531777951
2023-04-13,1198,1198,1168,1173,233521,-0.02086811352253759
2023-04-14,1174,1178,1161,1170,188753,-0.002557544757033292
2023-04-17,1170,1180,1154,1180,204477,0.008547008547008517
2023-04-18,1185,1185,1160,1166,161551,-0.011864406779661052
2023-04-19,1166,1190,1160,1184,141435,0.015437392795883298
2023-04-20,1184,1184,1144,1144,280324,-0.03378378378378377
2023-04-21,1133,1143,1119,1120,229204,-0.020979020979020935
2023-04-24,1113,1119,1096,1097,189155,-0.020535714285714324
2023-04-25,1082,1097,1075,1088,236130,-0.008204193254329972
2023-04-26,1077,1091,1068,1083,95039,-0.004595588235294157
2023-04-27,1080,1088,1062,1080,70795,-0.0027700831024930483
2023-04-28,1091,1091,1073,1080,103981,0.0
2023-05-02,1102,1110,1080,1083,93590,0.002777777777777768
2023-05-03,1083,1096,1076,1093,86592,0.009233610341643494
2023-05-04,1078,1112,1077,1091,176171,-0.0018298261665141702
2023-05-08,1092,1150,1091,1111,118322,0.01833180568285986
2023-05-09,1106,1165,1099,1147,256640,0.03240324032403241
2023-05-10,1131,1142,1103,1117,300384,-0.026155187445510042
2023-05-11,1120,1139,1112,1116,94158,-0.0008952551477170445
2023-05-12,1116,1116,1090,1104,89444,-0.010752688172043001
2023-05-15,1098,1098,1078,1080,100441,-0.021739130434782594
2023-05-16,1066,1073,1012,1014,401546,-0.061111111111111116
2023-05-17,1014,1028,1010,1024,129851,0.009861932938856066
2023-05-18,1026,1041,1026,1039,69300,0.0146484375
2023-05-19,1050,1070,1050,1058,133432,0.018286814244465877
2023-05-22,1059,1108,1059,1095,290111,0.03497164461247637
2023-05-23,1126,1126,1095,1098,148677,0.00273972602739736
2023-05-24,1098,1098,1070,1096,66335,-0.0018214936247723523
2023-05-25,1096,1109,1075,1092,45902,-0.0036496350364964014
2023-05-26,1081,1097,1076,1088,110278,-0.00366300366300365
2023-05-30,1088,1105,1062,1102,138171,0.012867647058823595
2023-05-31,1102,1105,1090,1096,75238,-0.005444646098003658
2023-06-01,1096,1155,1096,1115,342535,0.017335766423357768
2023-06-02,1118,1118,1096,1116,112583,0.0008968609865471766
2023-06-05,1110,1122,1103,1114,102114,-0.0017921146953404632
2023-06-07,1100,1129,1100,1115,66718,0.0008976660682227244
2023-06-08,1104,1115,1099,1115,281555,0.0
2023-06-09,1225,1449,1215,1449,35203651,0.29955156950672657
2023-06-12,1421,1433,1347,1363,8026366,-0.059351276742581116
2023-06-13,1352,1378,1343,1361,2954606,-0.0014673514306676738
2023-06-14,1385,1393,1321,1321,3056056,-0.029390154298310045
2023-06-15,1316,1334,1279,1307,1851305,-0.010598031794095353
2023-06-16,1318,1344,1311,1335,1729160,0.021423106350420884
2023-06-19,1335,1351,1282,1351,1038023,0.011985018726591745
2023-06-20,1362,1364,1314,1319,864228,-0.023686158401184265
2023-06-21,1320,1342,1303,1320,757957,0.0007581501137225999
2023-06-22,1340,1340,1295,1318,525832,-0.0015151515151514694
2023-06-23,1315,1325,1285,1300,475950,-0.01365705614567525
2023-06-26,1300,1320,1268,1285,680851,-0.011538461538461497
2023-06-27,1285,1323,1278,1321,544852,0.02801556420233453
2023-06-28,1340,1341,1296,1300,435661,-0.015897047691143085
2023-06-29,1308,1309,1281,1306,360457,0.004615384615384688
2023-06-30,1307,1310,1257,1293,292798,-0.009954058192955584
2023-07-03,1304,1322,1296,1311,468980,0.0139211136890951
2023-07-04,1327,1329,1281,1315,371197,0.0030511060259343914
2023-07-05,1315,1324,1290,1304,324886,-0.008365019011406849
2023-07-06,1315,1320,1248,1256,803727,-0.036809815950920255
2023-07-07,1255,1255,1222,1255,278957,-0.0007961783439490722
2023-07-10,1255,1271,1224,1237,164821,-0.014342629482071767
2023-07-11,1228,1249,1225,1247,211462,0.00808407437348424
2023-07-12,1249,1249,1202,1244,256448,-0.002405773857257376
2023-07-13,1244,1262,1236,1236,235786,-0.006430868167202619
2023-07-14,1227,1269,1227,1243,391402,0.005663430420711935
2023-07-17,1236,1286,1193,1260,453083,0.013676588897827857
2023-07-18,1254,1266,1230,1246,204315,-0.011111111111111072
2023-07-19,1248,1250,1205,1228,187920,-0.014446227929374
2023-07-20,1220,1239,1160,1233,205859,0.004071661237784907
2023-07-21,1224,1224,1194,1201,243727,-0.025952960259529645
2023-07-24,1191,1198,1140,1164,304087,-0.03080766028309745
2023-07-25,1166,1179,1125,1135,306857,-0.02491408934707906
2023-07-26,1135,1142,1063,1089,1031707,-0.04052863436123344
2023-07-27,1092,1155,1092,1132,387673,0.03948576675849402
2023-07-28,1129,1156,1129,1153,137479,0.018551236749116518
2023-07-31,1154,1185,1132,1157,247674,0.003469210754553309
2023-08-01,1162,1177,1157,1177,117434,0.01728608470181503
2023-08-02,1178,1193,1153,1162,171183,-0.01274426508071369
2023-08-03,1162,1175,1113,1175,207929,0.01118760757314985
2023-08-04,1169,1174,1153,1155,100613,-0.017021276595744705
2023-08-07,1166,1166,1125,1141,135150,-0.012121212121212088
2023-08-08,1141,1160,1120,1129,182916,-0.010517090271691454
2023-08-09,1170,1177,1129,1169,190331,0.035429583702391465
2023-08-10,1173,1173,1137,1154,72921,-0.01283147989734812
2023-08-11,1154,1173,1152,1169,143024,0.012998266897746857
2023-08-14,1164,1164,1140,1145,147521,-0.020530367835757013
2023-08-16,1145,1145,1093,1093,219161,-0.04541484716157207
2023-08-17,1068,1093,1039,1083,206983,-0.009149130832570851
2023-08-18,1051,1070,1040,1064,122069,-0.01754385964912286
2023-08-21,1052,1073,1040,1066,166445,0.001879699248120259
2023-08-22,1067,1068,1031,1034,259469,-0.030018761726078758
2023-08-23,1040,1040,960,1018,193204,-0.015473887814313358
2023-08-24,1038,1051,1028,1040,164718,0.0216110019646365
2023-08-25,1040,1047,1030,1044,87032,0.0038461538461538325
2023-08-28,1040,1058,1031,1053,99807,0.008620689655172376
2023-08-29,1057,1072,1055,1067,130775,0.013295346628680038
2023-08-30,1069,1173,1065,1070,1803229,0.00281162136832247
2023-08-31,1067,1096,1058,1071,185130,0.0009345794392523477
2023-09-01,1062,1082,1062,1070,97259,-0.0009337068160597539
2023-09-04,1070,1073,1049,1056,111499,-0.013084112149532756
2023-09-05,1047,1061,1047,1055,110273,-0.0009469696969697239
2023-09-06,1055,1055,1025,1033,116256,-0.020853080568720372
2023-09-07,1033,1035,1009,1019,147473,-0.013552758954501476
2023-09-08,1010,1024,1009,1021,91656,0.001962708537782243
2023-09-11,1027,1027,960,1018,146214,-0.002938295788442735
2023-09-12,1018,1070,1009,1009,257732,-0.008840864440078589
2023-09-13,1002,1025,996,1013,135855,0.003964321110009994
2023-09-14,1013,1035,1008,1027,108803,0.01382033563672258
2023-09-15,1048,1048,1024,1031,54596,0.003894839337877265
2023-09-18,1031,1031,1012,1021,68198,-0.009699321047526688
2023-09-19,1004,1018,1002,1009,137044,-0.01175318315377083
2023-09-20,1009,1010,997,1004,100394,-0.0049554013875123815
2023-09-21,995,1004,970,975,195475,-0.028884462151394397
2023-09-22,1020,1020,960,963,151720,-0.012307692307692353
2023-09-25,992,992,951,952,104190,-0.011422637590861928
2023-09-26,943,957,943,945,137210,-0.007352941176470562
2023-09-27,917,970,917,960,130558,0.015873015873015817
2023-10-04,959,959,917,917,130209,-0.044791666666666674
2023-10-05,918,968,902,966,142065,0.05343511450381677
2023-10-06,945,987,929,986,166797,0.020703933747411973
2023-10-10,981,981,924,960,194892,-0.026369168356997985
2023-10-11,950,974,940,946,171703,-0.014583333333333282
2023-10-12,941,988,941,947,93414,0.0010570824524311906
2023-10-13,947,950,935,944,86270,-0.0031678986272439813
2023-10-16,930,935,909,913,137777,-0.032838983050847426
2023-10-17,909,941,909,932,76735,0.020810514786418377
2023-10-18,932,947,925,940,36225,0.008583690987124415
2023-10-19,937,937,907,915,58230,-0.02659574468085102
2023-10-20,915,915,885,907,108764,-0.008743169398907069
2023-10-23,883,901,875,884,124115,-0.02535832414553474
2023-10-24,871,907,854,905,110339,0.0237556561085972
2023-10-25,920,926,904,909,59170,0.0044198895027625085
2023-10-26,901,913,866,866,91185,-0.047304730473047285
2023-10-27,857,883,852,872,60986,0.006928406466512715
2023-10-30,872,888,865,885,37977,0.014908256880733939
2023-10-31,894,894,855,859,59783,-0.029378531073446346
2023-11-01,859,883,858,858,62025,-0.0011641443538998875
2023-11-02,858,894,858,892,44542,0.03962703962703973
2023-11-03,895,907,887,887,44721,-0.005605381165919243
2023-11-06,900,920,900,920,67766,0.03720405862457721
2023-11-07,920,930,905,917,37513,-0.003260869565217428
2023-11-08,917,926,911,916,36962,-0.0010905125408942062
2023-11-09,912,922,902,916,22954,0.0
2023-11-10,916,918,881,899,77858,-0.018558951965065518
2023-11-13,913,913,883,892,65805,-0.007786429365962189
2023-11-14,891,899,891,896,33701,0.004484304932735439
2023-11-15,896,929,896,920,98752,0.02678571428571419
2023-11-16,920,936,920,936,55014,0.017391304347825987
2023-11-17,936,936,917,923,27807,-0.01388888888888884
2023-11-20,925,954,916,951,65877,0.03033586132177679
2023-11-21,951,956,933,946,84604,-0.00525762355415349
2023-11-22,946,948,929,945,47128,-0.0010570824524313016
2023-11-23,951,965,930,941,102830,-0.004232804232804255
2023-11-24,956,960,927,930,86079,-0.011689691817215686
2023-11-27,930,940,921,922,68477,-0.008602150537634357
2023-11-28,930,936,919,929,58889,0.00759219088937102
2023-11-29,940,940,921,922,39262,-0.00753498385360607
2023-11-30,920,928,911,918,28740,-0.004338394793926281
2023-12-01,918,938,909,919,32566,0.0010893246187364536
2023-12-04,919,930,909,919,45750,0.0
2023-12-05,929,929,900,913,70090,-0.006528835690968404
2023-12-06,913,913,891,898,90512,-0.01642935377875132
2023-12-07,902,1088,902,928,8460938,0.03340757238307357
2023-12-08,923,935,916,925,536746,-0.003232758620689613
2023-12-11,933,933,917,925,259982,0.0
2023-12-12,926,942,909,931,525925,0.00648648648648642
2023-12-13,936,961,931,944,607045,0.013963480128893702
2023-12-14,957,960,942,950,283448,0.006355932203389925
2023-12-15,950,960,936,940,268002,-0.010526315789473717
2023-12-18,935,945,929,937,119523,-0.0031914893617021045
2023-12-19,934,944,926,932,126131,-0.005336179295624355
2023-12-20,928,939,920,932,174905,0.0
2023-12-21,931,932,914,920,155833,-0.012875536480686733
2023-12-22,935,935,917,919,152923,-0.0010869565217391797
2023-12-26,927,927,910,912,136363,-0.007616974972796564
2023-12-27,913,924,905,910,108754,-0.002192982456140302
2023-12-28,905,923,905,910,129609,0.0
2024-01-02,911,938,909,929,110567,0.020879120879120805
2024-01-03,925,925,915,922,96401,-0.00753498385360607
2024-01-04,975,1159,922,950,12431414,0.030368763557483636
2024-01-05,942,960,936,937,885066,-0.013684210526315743
2024-01-08,951,951,933,933,327429,-0.004268943436499417
2024-01-09,943,1100,941,985,7911782,0.055734190782422255
2024-01-10,986,1009,968,992,784768,0.007106598984771617
2024-01-11,1006,1198,994,1049,18393505,0.05745967741935476
2024-01-12,1040,1120,1010,1032,3312871,-0.0162059103908484
2024-01-15,1021,1123,1009,1027,2291658,-0.004844961240310086
2024-01-16,1027,1065,1023,1026,947099,-0.0009737098344693162
2024-01-17,1025,1058,1004,1004,732144,-0.021442495126705707
2024-01-18,1000,1115,995,1017,3504597,0.01294820717131473
2024-01-19,1027,1051,1020,1038,735984,0.020648967551622377
2024-01-22,1040,1054,1034,1040,399845,0.0019267822736031004
2024-01-23,1040,1040,1012,1015,445705,-0.024038461538461564
2024-01-24,1020,1026,995,997,386887,-0.017733990147783207
2024-01-25,1020,1020,988,995,372548,-0.0020060180541624506
2024-01-26,994,1020,991,1014,416152,0.019095477386934734
2024-01-29,1022,1022,997,998,340471,-0.015779092702169595
2024-01-30,1005,1011,994,1006,250114,0.008016032064128265
2024-01-31,1019,1019,994,1002,239302,-0.003976143141153132
2024-02-01,995,1020,990,1005,320759,0.0029940119760478723
2024-02-02,1014,1014,1001,1014,197276,0.008955223880596996
2024-02-05,1021,1023,1003,1005,333220,-0.00887573964497046
2024-02-06,1005,1015,990,991,261840,-0.013930348258706426
2024-02-07,1000,1000,959,968,387397,-0.02320887991927345
2024-02-08,976,976,951,955,360352,-0.013429752066115741
2024-02-13,967,994,960,989,256412,0.03560209424083771
2024-02-14,975,1003,975,992,205183,0.0030333670374114163
2024-02-15,994,999,982,999,131230,0.007056451612903247
2024-02-16,1000,1000,985,995,64965,-0.004004004004004025
2024-02-19,992,1025,992,1010,237777,0.015075376884422065
2024-02-20,1010,1025,1000,1015,163558,0.004950495049504955
2024-02-21,1015,1017,999,1004,158265,-0.010837438423645374
2024-02-22,1005,1007,980,994,178109,-0.009960159362549792
2024-02-23,994,999,976,977,196276,-0.017102615694164935
2024-02-26,989,992,963,980,121675,0.003070624360286489
2024-02-27,971,987,951,953,158404,-0.027551020408163263
2024-02-28,974,980,958,968,61714,0.015739769150052485
2024-02-29,956,962,943,960,235194,-0.008264462809917328
2024-03-04,955,970,943,957,209771,-0.0031250000000000444
2024-03-05,940,963,933,946,282723,-0.011494252873563204
2024-03-06,940,947,936,937,129862,-0.009513742071881603
2024-03-07,939,942,915,923,252768,-0.014941302027748127
2024-03-08,930,936,909,924,135641,0.0010834236186347823
2024-03-11,936,936,911,917,68602,-0.007575757575757569
2024-03-12,917,925,912,919,93728,0.0021810250817884125
2024-03-13,919,932,912,928,57170,0.009793253536452662
2024-03-14,938,1115,921,950,11946707,0.0237068965517242
2024-03-15,950,998,939,963,1531730,0.013684210526315743
2024-03-18,983,988,945,948,607774,-0.015576323987538943
2024-03-19,961,961,936,944,311532,-0.00421940928270037
2024-03-20,944,959,937,944,259781,0.0
2024-03-21,945,969,945,956,244887,0.012711864406779627
2024-03-22,960,965,949,955,133382,-0.0010460251046024993
2024-03-25,950,975,945,956,135451,0.0010471204188482464
2024-03-26,945,970,945,959,211366,0.003138075313807498
2024-03-27,984,1019,959,962,595021,0.0031282586027112647
2024-03-28,985,985,955,962,164555,0.0
2024-03-29,962,970,949,956,135201,-0.006237006237006182
2024-04-01,954,965,945,955,101455,-0.0010460251046024993
2024-04-02,948,1000,948,963,229728,0.008376963350785305
2024-04-03,945,987,945,979,279747,0.01661474558670828
2024-04-04,979,987,958,968,71106,-0.011235955056179803
2024-04-05,954,968,954,958,72565,-0.010330578512396715
2024-04-08,960,970,945,954,93703,-0.0041753653444676075
2024-04-09,944,962,944,951,61105,-0.0031446540880503138
2024-04-11,951,951,930,938,112163,-0.013669821240799185
2024-04-12,949,949,926,927,138620,-0.011727078891258014
2024-04-15,926,927,910,911,142490,-0.017259978425027023
2024-04-16,905,918,899,902,173162,-0.009879253567508184
2024-04-17,914,920,900,905,82646,0.003325942350332678
2024-04-18,900,924,900,924,34921,0.02099447513812147
2024-04-19,915,924,899,912,115781,-0.012987012987012991
2024-04-22,912,920,906,913,43523,0.0010964912280702066
2024-04-23,920,920,909,910,31195,-0.003285870755750264
2024-04-24,910,983,910,916,331373,0.00659340659340657
2024-04-25,926,926,912,918,41569,0.0021834061135370675
2024-04-26,917,944,916,943,114266,0.027233115468409563
2024-04-29,943,949,938,942,47591,-0.0010604453870625141
2024-04-30,956,956,933,940,77730,-0.002123142250530785
2024-05-02,930,940,930,937,38497,-0.0031914893617021045
2024-05-03,935,950,935,940,33421,0.0032017075773747017
2024-05-07,940,953,934,934,39692,-0.006382978723404209
2024-05-08,934,943,934,938,34578,0.004282655246252709
2024-05-09,938,940,930,933,33445,-0.005330490405117239
2024-05-10,933,961,930,937,174310,0.004287245444801746
2024-05-13,950,950,937,941,84932,0.004268943436499528
2024-05-14,932,950,932,942,73266,0.0010626992561104665
2024-05-16,951,955,941,946,50183,0.00424628450106157
2024-05-17,944,944,930,941,76084,-0.005285412262156397
2024-05-20,941,944,935,937,56321,-0.004250797024442088
2024-05-21,957,957,930,938,53429,0.0010672358591248265
2024-05-22,950,950,930,938,62454,0.0
2024-05-23,948,950,930,949,111826,0.011727078891258014
2024-05-24,948,950,935,946,51349,-0.0031612223393044925
2024-05-27,955,955,934,946,46077,0.0
2024-05-28,947,957,938,947,148594,0.0010570824524311906
2024-05-29,947,960,940,945,64377,-0.002111932418162654
2024-05-30,944,956,935,941,36932,-0.004232804232804255
2024-05-31,932,945,932,940,69639,-0.0010626992561104665
2024-06-03,958,958,937,940,28469,0.0
2024-06-04,940,953,935,942,40941,0.0021276595744681437
2024-06-05,942,950,937,943,25292,0.0010615711252655036
2024-06-07,944,950,940,948,37165,0.005302226935312904
2024-06-10,948,948,937,943,39987,-0.0052742616033755185
2024-06-11,942,948,933,934,66455,-0.009544008483563071
2024-06-12,934,942,900,926,133965,-0.008565310492505307
2024-06-13,925,935,910,919,65772,-0.0075593952483801186
2024-06-14,919,919,911,912,82374,-0.007616974972796564
2024-06-17,912,912,896,901,128445,-0.01206140350877194
2024-06-18,890,918,890,916,130529,0.01664816870144281
2024-06-19,912,923,901,908,42141,-0.008733624454148492
2024-06-20,909,918,907,907,66297,-0.0011013215859030367
2024-06-21,910,920,880,917,64429,0.011025358324145529
2024-06-24,899,917,888,915,106394,-0.0021810250817884125
2024-06-25,894,925,894,916,59847,0.0010928961748633004
2024-06-26,917,920,901,918,32846,0.0021834061135370675
2024-06-27,925,925,897,916,58834,-0.002178649237472796
2024-06-28,915,916,900,907,50665,-0.009825327510917026
2024-07-01,896,908,888,898,89377,-0.009922822491730932
2024-07-02,898,898,885,890,68752,-0.008908685968819552
2024-07-03,891,893,875,881,73632,-0.010112359550561778
2024-07-04,879,881,868,881,76989,0.0
2024-07-05,880,886,873,884,18212,0.0034052213393871433
2024-07-08,889,892,879,889,20885,0.005656108597285048
2024-07-09,889,892,880,891,15674,0.0022497187851517886
2024-07-10,885,896,877,877,65734,-0.015712682379349086
2024-07-11,879,885,876,879,34821,0.0022805017103761926
2024-07-12,879,884,865,879,54602,0.0
2024-07-15,879,879,866,875,73157,-0.004550625711035261
2024-07-16,866,875,865,872,54930,-0.0034285714285714475
2024-07-17,868,871,860,865,64953,-0.008027522935779796
2024-07-18,860,865,850,856,86878,-0.010404624277456698
2024-07-19,856,856,849,854,68269,-0.002336448598130869
2024-07-22,855,855,840,843,103607,-0.012880562060889944
2024-07-23,843,852,838,842,35194,-0.0011862396204033177
2024-07-24,835,845,791,840,139943,-0.002375296912114022
2024-07-25,840,840,818,820,42294,-0.023809523809523836
2024-07-26,820,925,818,833,596604,0.01585365853658538
2024-07-29,842,843,827,831,94459,-0.0024009603841537164
2024-07-30,840,842,831,832,33528,0.001203369434416457
2024-07-31,828,835,825,833,28297,0.0012019230769231282
2024-08-01,838,842,833,841,29160,0.009603841536614643
2024-08-02,841,841,820,835,31886,-0.007134363852556502
2024-08-05,830,830,732,769,235475,-0.07904191616766465
2024-08-06,769,799,765,768,134987,-0.0013003901170350884
2024-08-07,761,795,761,780,59670,0.015625
2024-08-08,788,804,764,784,21579,0.00512820512820511
2024-08-09,789,799,772,797,32638,0.01658163265306123
2024-08-12,789,814,789,802,28003,0.006273525721455453
2024-08-13,800,805,793,802,18894,0.0
2024-08-14,798,818,798,816,16136,0.0174563591022443
2024-08-16,820,830,820,822,33038,0.007352941176470562
2024-08-19,831,833,813,818,53849,-0.0048661800486617945
2024-08-20,818,828,817,817,22570,-0.0012224938875305957
2024-08-21,826,839,819,822,19708,0.006119951040391758
2024-08-22,850,850,809,813,39613,-0.010948905109489093
2024-08-23,813,825,808,808,12803,-0.006150061500615034
2024-08-26,843,843,808,811,20586,0.003712871287128605
2024-08-27,811,822,809,812,17157,0.0012330456226881115
2024-08-28,812,814,798,803,36142,-0.011083743842364546
2024-08-29,806,806,792,797,18741,-0.007471980074719831
2024-08-30,797,800,792,799,25633,0.0025094102885820924
2024-09-02,797,811,796,799,7941,0.0
2024-09-03,807,835,795,830,57350,0.038798498122653235
2024-09-04,824,824,786,795,59562,-0.04216867469879515
2024-09-05,814,815,784,787,48834,-0.010062893081761004
2024-09-06,804,804,782,787,20171,0.0
2024-09-09,781,799,768,776,32387,-0.013977128335451061
2024-09-10,777,790,765,769,23208,-0.009020618556700999
2024-09-11,768,774,757,761,57033,-0.01040312093628093
2024-09-12,761,778,760,769,17604,0.010512483574244502
2024-09-13,777,780,768,769,15796,0.0
2024-09-19,772,778,765,772,19122,0.0039011703511053764
2024-09-20,772,782,765,782,42061,0.012953367875647714
2024-09-23,782,788,766,777,27979,-0.006393861892583175
2024-09-24,777,795,763,781,20921,0.005148005148005064
2024-09-25,781,795,776,785,12859,0.005121638924455718
2024-09-26,785,794,781,781,20811,-0.005095541401273884
2024-09-27,782,793,777,781,11404,0.0
2024-09-30,789,790,774,778,25010,-0.003841229193341844
2024-10-02,775,778,768,768,37431,-0.01285347043701801
2024-10-04,761,771,761,770,13800,0.0026041666666667407
2024-10-07,767,780,767,774,28271,0.0051948051948051965
2024-10-08,779,779,770,774,7097,0.0
2024-10-10,774,782,765,765,29732,-0.011627906976744207
2024-10-11,765,772,743,747,99523,-0.02352941176470591
2024-10-14,750,757,745,750,48810,0.004016064257028162
2024-10-15,749,755,746,750,19160,0.0
2024-10-16,750,757,745,749,14619,-0.0013333333333332975
