Date,Open,High,Low,Close,Volume,Change
2022-01-03,82100,82300,80700,81600,8302,-0.00366300366300365
2022-01-04,81700,82000,80800,81400,4246,-0.002450980392156854
2022-01-05,81600,81800,80800,81200,3710,-0.002457002457002422
2022-01-06,80800,81200,79600,79900,5179,-0.016009852216748777
2022-01-07,79900,80700,79800,79800,6080,-0.0012515644555695093
2022-01-10,80000,80300,77800,78100,9084,-0.02130325814536338
2022-01-11,78200,78500,75600,76200,14013,-0.02432778489116516
2022-01-12,76800,78000,76500,76900,11514,0.009186351706036655
2022-01-13,77400,78000,76900,78000,4524,0.014304291287386306
2022-01-14,78000,78100,76500,76700,6432,-0.01666666666666672
2022-01-17,77800,77800,75000,75400,7781,-0.016949152542372836
2022-01-18,74600,75500,74200,74300,8025,-0.01458885941644561
2022-01-19,72500,73900,72100,72300,9225,-0.026917900403768513
2022-01-20,72300,75200,72200,73600,7648,0.017980636237897585
2022-01-21,72900,74100,72000,72500,7505,-0.014945652173913082
2022-01-24,72500,73900,70900,71400,12912,-0.015172413793103412
2022-01-25,71000,72300,69600,70600,8528,-0.011204481792717047
2022-01-26,70100,71000,69900,70100,4397,-0.007082152974504208
2022-01-27,72300,72300,68000,68200,10730,-0.02710413694721825
2022-01-28,69400,77300,68400,75300,30052,0.10410557184750724
2022-02-03,77300,77300,74500,74800,15275,-0.006640106241699861
2022-02-04,74500,76800,72200,76600,12670,0.02406417112299475
2022-02-07,76600,80000,75300,79500,23157,0.037859007832898195
2022-02-08,79400,83500,79400,81700,27327,0.02767295597484276
2022-02-09,82300,83000,80500,81400,14492,-0.003671970624234966
2022-02-10,81400,81900,80500,81400,9965,0.0
2022-02-11,82900,84100,81400,81900,21712,0.006142506142506221
2022-02-14,81400,83900,78100,81700,17333,-0.0024420024420024333
2022-02-15,81700,82000,78100,79500,14508,-0.02692778457772338
2022-02-16,80100,81500,79200,80400,8849,0.01132075471698113
2022-02-17,81500,82900,80000,81600,12454,0.014925373134328401
2022-02-18,80700,84800,80000,84200,22317,0.031862745098039325
2022-02-21,83300,84800,81700,84100,9760,-0.001187648456057011
2022-02-22,82500,83300,80400,80700,12279,-0.04042806183115344
2022-02-23,81300,82300,80000,81600,5704,0.011152416356877248
2022-02-24,81600,83900,80400,81800,12496,0.002450980392156854
2022-02-25,82600,83600,80700,81000,8723,-0.009779951100244544
2022-02-28,81600,82000,80800,81000,4486,0.0
2022-03-02,81000,84300,80600,83500,11360,0.030864197530864113
2022-03-03,84000,84000,82800,83300,4501,-0.0023952095808382756
2022-03-04,83800,83800,81100,82300,3735,-0.01200480192076836
2022-03-07,81100,82700,80300,80700,6459,-0.019441069258809285
2022-03-08,80000,80200,79000,79200,5265,-0.018587360594795488
2022-03-10,79900,81600,78400,78800,11354,-0.005050505050505083
2022-03-11,78800,82500,78800,81800,5373,0.038071065989847774
2022-03-14,82500,82500,79800,79800,5622,-0.02444987775061125
2022-03-15,80500,81100,78500,78600,8985,-0.015037593984962405
2022-03-16,79800,81200,78600,80900,5171,0.029262086513994978
2022-03-17,81200,81500,80000,80300,5248,-0.007416563658838027
2022-03-18,80300,80800,79800,80000,4364,-0.0037359900373599153
2022-03-21,80200,80700,79300,79700,5130,-0.003750000000000031
2022-03-22,80200,80200,79100,79300,6138,-0.005018820577164407
2022-03-23,79900,80000,78800,79300,6108,0.0
2022-03-24,79000,79300,78500,79000,4587,-0.003783102143757877
2022-03-25,79000,79100,77700,78200,11582,-0.010126582278481067
2022-03-28,78200,78200,76400,76600,10779,-0.020460358056266004
2022-03-29,77200,77500,76200,76600,7490,0.0
2022-03-30,77300,77900,76500,77200,6940,0.007832898172323688
2022-03-31,77100,77600,76800,77400,4251,0.002590673575129543
2022-04-01,77600,78800,77200,78000,6858,0.007751937984496138
2022-04-04,78600,78600,77300,77700,6824,-0.0038461538461538325
2022-04-05,77900,78600,77600,78600,4864,0.01158301158301156
2022-04-06,78400,78700,77500,77700,5971,-0.011450381679389277
2022-04-07,78200,78200,75100,76000,12764,-0.02187902187902191
2022-04-08,76000,76000,75100,75200,3487,-0.010526315789473717
2022-04-11,75200,76000,75000,75600,3528,0.005319148936170137
2022-04-12,75400,75500,73500,74400,7007,-0.015873015873015928
2022-04-13,74400,74800,73000,73800,10727,-0.008064516129032251
2022-04-14,73800,74100,72400,73000,15276,-0.010840108401083959
2022-04-15,72700,74500,72600,74000,15338,0.013698630136986356
2022-04-18,74400,77900,73100,76400,22467,0.03243243243243232
2022-04-19,78000,78000,76400,77200,9697,0.010471204188481575
2022-04-20,78000,79300,76900,77600,23331,0.005181347150259086
2022-04-21,77600,78300,76400,77000,9813,-0.0077319587628865705
2022-04-22,76600,76900,75200,76200,9132,-0.010389610389610393
2022-04-25,75400,77300,74900,75700,15947,-0.006561679790026198
2022-04-26,75500,76500,74500,74500,9385,-0.015852047556142668
2022-04-27,73300,74600,72800,73000,11224,-0.020134228187919434
2022-04-28,73000,73300,72100,72500,6997,-0.006849315068493178
2022-04-29,73000,73000,72200,72600,9879,0.0013793103448276334
2022-05-02,72400,73500,72300,73000,13494,0.005509641873278293
2022-05-03,73700,73700,72700,72800,11596,-0.002739726027397249
2022-05-04,73700,73700,72000,72200,14396,-0.008241758241758212
2022-05-06,72000,72000,70500,70800,11964,-0.01939058171745156
2022-05-09,70800,70800,68500,68800,15243,-0.02824858757062143
2022-05-10,68800,69900,66300,69200,20398,0.005813953488372103
2022-05-11,69200,70300,68400,68600,6428,-0.00867052023121384
2022-05-12,68200,68500,67400,68500,15738,-0.001457725947521915
2022-05-13,68800,69800,67300,67600,13860,-0.013138686131386912
2022-05-16,68300,69000,68000,68300,6402,0.010355029585798814
2022-05-17,67900,68900,67000,67200,10032,-0.016105417276720324
2022-05-18,67300,67900,67200,67700,4872,0.007440476190476275
2022-05-19,66800,67600,65400,66000,13904,-0.025110782865583436
2022-05-20,66100,66800,63100,63800,39030,-0.033333333333333326
2022-05-23,64100,65000,63800,64600,8154,0.012539184952978122
2022-05-24,64800,65400,64200,64200,5700,-0.006191950464396245
2022-05-25,64100,64600,63900,64000,6455,-0.0031152647975077885
2022-05-26,64000,64800,63700,63700,5678,-0.004687499999999956
2022-05-27,64000,64800,64000,64400,7332,0.01098901098901095
2022-05-30,65000,65400,64300,65000,5758,0.009316770186335477
2022-05-31,65000,65600,64500,65000,12599,0.0
2022-06-02,65400,65400,64600,65200,3799,0.003076923076922977
2022-06-03,65400,66200,65300,66000,4384,0.012269938650306678
2022-06-07,66400,67800,65900,66300,7173,0.00454545454545463
2022-06-08,66000,66800,66000,66100,3842,-0.003016591251885359
2022-06-09,66100,66300,64900,65300,4408,-0.012102874432677768
2022-06-10,65300,65600,65000,65300,2255,0.0
2022-06-13,64600,64900,62600,63500,9202,-0.027565084226646275
2022-06-14,62600,63500,60100,60500,12824,-0.047244094488189003
2022-06-15,60700,61200,59500,60100,6047,-0.006611570247933907
2022-06-16,60200,61700,60000,60100,3273,0.0
2022-06-17,59000,59700,58000,58200,14298,-0.03161397670549082
2022-06-20,58200,58200,55100,56200,11786,-0.03436426116838487
2022-06-21,56000,58900,55600,58000,8111,0.03202846975088969
2022-06-22,58600,59000,55700,55900,4434,-0.036206896551724155
2022-06-23,56100,56400,53300,53500,7324,-0.04293381037567079
2022-06-24,53700,55900,53300,55100,5585,0.02990654205607468
2022-06-27,55500,57500,55100,56700,6181,0.029038112522685955
2022-06-28,56700,57600,56100,57200,1691,0.008818342151675429
2022-06-29,57000,57000,56300,56500,1091,-0.012237762237762184
2022-06-30,56500,57600,55700,56300,2986,-0.0035398230088495852
2022-07-01,56400,56800,55300,56400,3752,0.001776198934280604
2022-07-04,56600,56900,55000,56700,3470,0.005319148936170137
2022-07-05,56700,58900,56700,58900,4201,0.03880070546737224
2022-07-06,58400,59500,56900,57300,2340,-0.02716468590831922
2022-07-07,57300,58800,57000,58500,2879,0.020942408376963373
2022-07-08,58400,59300,57400,57800,2910,-0.011965811965811923
2022-07-11,57800,58200,56800,57200,1928,-0.01038062283737029
2022-07-12,57900,58000,54900,56400,4243,-0.013986013986013957
2022-07-13,55900,56100,55300,56100,4275,-0.005319148936170248
2022-07-14,55800,56800,55400,56700,1968,0.010695187165775444
2022-07-15,57200,58300,55400,57500,5397,0.014109347442680775
2022-07-18,57700,58400,57000,57500,4522,0.0
2022-07-19,57500,58100,57000,57400,2792,-0.0017391304347825765
2022-07-20,58800,59300,57200,58200,6948,0.013937282229965264
2022-07-21,59000,59000,57800,58100,4628,-0.0017182130584192379
2022-07-22,58100,58300,57400,57800,4916,-0.005163511187607606
2022-07-25,58000,58200,57100,57700,5229,-0.0017301038062284002
2022-07-26,57800,58000,57200,58000,2325,0.005199306759098743
2022-07-27,58000,59000,57800,58600,2628,0.010344827586206806
2022-07-28,58700,60400,58700,59900,5332,0.022184300341296925
2022-07-29,60600,61200,59700,60000,5397,0.0016694490818029983
2022-08-01,61100,61100,59800,60100,3262,0.0016666666666667052
2022-08-02,59800,61100,58000,58500,4815,-0.0266222961730449
2022-08-03,58000,60200,58000,59900,4824,0.023931623931623847
2022-08-04,60200,63000,60200,62400,21879,0.04173622704507518
2022-08-05,62400,63100,61900,62800,4899,0.0064102564102563875
2022-08-08,62800,62800,61900,62500,4489,-0.004777070063694322
2022-08-09,62500,63400,61600,63400,8014,0.014399999999999968
2022-08-10,63000,63000,61400,61600,8305,-0.028391167192429068
2022-08-11,62100,62600,61700,62500,4530,0.014610389610389518
2022-08-12,62200,64000,62100,63400,6988,0.014399999999999968
2022-08-16,63600,65100,63000,63900,9982,0.007886435331230235
2022-08-17,64300,64300,62700,62900,3632,-0.015649452269170583
2022-08-18,63000,63600,62000,62600,4040,-0.004769475357710662
2022-08-19,62600,63400,62000,62500,2690,-0.0015974440894568342
2022-08-22,62300,62300,60100,60600,8495,-0.030399999999999983
2022-08-23,59900,60200,58600,59400,8080,-0.01980198019801982
2022-08-24,59700,59900,57800,58200,10372,-0.02020202020202022
2022-08-25,58300,59300,58300,58400,3981,0.0034364261168384758
2022-08-26,58900,59000,58200,59000,4067,0.010273972602739656
2022-08-29,57500,58000,56800,57300,4886,-0.028813559322033888
2022-08-30,57300,58500,57300,58000,1955,0.01221640488656206
2022-08-31,58000,58500,57900,58300,1690,0.005172413793103514
2022-09-01,58300,59400,57500,58000,4173,-0.005145797598627766
2022-09-02,58000,58400,57000,57700,3320,-0.005172413793103403
2022-09-05,57600,58100,56600,56800,2677,-0.01559792027729634
2022-09-06,56900,57900,56700,56700,1705,-0.0017605633802817433
2022-09-07,56900,56900,55300,56200,4119,-0.00881834215167554
2022-09-08,56800,57400,56400,57000,2809,0.014234875444839812
2022-09-13,58200,58200,57400,57800,2184,0.01403508771929829
2022-09-14,56100,57500,56100,57500,2557,-0.00519031141868509
2022-09-15,57600,57600,56400,57200,1291,-0.00521739130434784
2022-09-16,56400,57200,56200,56900,1772,-0.005244755244755206
2022-09-19,56900,57400,55100,55100,4419,-0.03163444639718804
2022-09-20,55300,56100,55100,56100,3480,0.01814882032667886
2022-09-21,56000,57200,55700,56400,4384,0.005347593582887722
2022-09-22,56300,56700,55300,56000,4066,-0.007092198581560294
2022-09-23,56100,56300,55000,55100,3806,-0.016071428571428625
2022-09-26,54000,54300,52300,52800,8303,-0.04174228675136116
2022-09-27,52300,53500,51700,52100,4105,-0.013257575757575801
2022-09-28,52100,53000,50700,51600,6224,-0.009596928982725572
2022-09-29,51500,52700,50900,50900,3854,-0.013565891472868241
2022-09-30,49800,50500,49800,50000,8839,-0.017681728880157177
2022-10-04,50200,50900,50200,50900,3222,0.018000000000000016
2022-10-05,50900,53000,49950,50200,5387,-0.013752455795677854
2022-10-06,50100,50900,50100,50900,3009,0.013944223107569709
2022-10-07,50900,51400,50300,51200,3326,0.005893909626718985
2022-10-11,51200,51200,49450,49600,3884,-0.03125
2022-10-12,48850,49450,48450,48800,4421,-0.016129032258064502
2022-10-13,48800,48800,47800,47800,3527,-0.020491803278688492
2022-10-14,48500,49000,47850,47850,5947,0.0010460251046024993
2022-10-17,47850,48700,47250,48700,2284,0.017763845350052154
2022-10-18,48750,49800,48550,49450,4650,0.015400410677617993
2022-10-19,49450,49800,48700,48750,5226,-0.014155712841253831
2022-10-20,49200,49200,47650,48050,2283,-0.014358974358974375
2022-10-21,47300,48450,47300,47850,3198,-0.004162330905306932
2022-10-24,47950,49000,47950,48600,3457,0.01567398119122254
2022-10-25,48600,49550,47850,48050,4873,-0.011316872427983515
2022-10-26,48100,48500,47750,47850,3252,-0.004162330905306932
2022-10-27,47850,48600,47750,48300,3397,0.00940438871473348
2022-10-28,47950,48500,47950,48050,1895,-0.005175983436852993
2022-10-31,48100,48550,47300,47900,2465,-0.003121748178980255
2022-11-01,47900,48250,47050,47300,21547,-0.012526096033402934
2022-11-02,47300,47650,47100,47300,8885,0.0
2022-11-03,47000,47200,46600,47000,4263,-0.006342494714587699
2022-11-04,47000,47600,46650,47300,6914,0.006382978723404209
2022-11-07,47600,48450,47350,48150,6894,0.017970401691332016
2022-11-08,48450,49100,48350,48600,4311,0.009345794392523255
2022-11-09,48650,49850,48650,49200,5274,0.012345679012345734
2022-11-10,49000,49700,48200,49000,8095,-0.004065040650406471
2022-11-11,50400,50400,49000,49550,22295,0.011224489795918391
2022-11-14,49700,50600,49550,50000,12851,0.00908173562058523
2022-11-15,50000,50000,48850,49000,20417,-0.020000000000000018
2022-11-16,49050,49150,48500,49050,6381,0.0010204081632652073
2022-11-17,49050,51500,48900,49700,5096,0.013251783893985625
2022-11-18,49350,49800,49200,49600,3074,-0.002012072434607659
2022-11-21,49700,49700,48400,48600,4143,-0.020161290322580627
2022-11-22,48700,48700,47950,48150,4206,-0.0092592592592593
2022-11-23,48700,49200,48350,49200,2144,0.02180685358255441
2022-11-24,49250,49250,48100,48300,13421,-0.018292682926829285
2022-11-25,48200,48400,48050,48100,6787,-0.0041407867494823725
2022-11-28,48150,48350,47300,47350,12199,-0.015592515592515621
2022-11-29,47350,47950,47100,47700,7637,0.007391763463569179
2022-11-30,47700,50300,47700,49900,22841,0.04612159329140453
2022-12-01,50000,51500,50000,50200,11055,0.006012024048096087
2022-12-02,50500,52000,50200,51000,12195,0.015936254980079667
2022-12-05,51000,51700,50000,50700,6709,-0.00588235294117645
2022-12-06,50300,51000,49750,49850,2628,-0.0167652859960552
2022-12-07,49800,50100,49000,49350,6613,-0.010030090270812475
2022-12-08,49800,49800,48300,48550,6070,-0.016210739614994973
2022-12-09,49500,50500,48650,49850,5871,0.026776519052523096
2022-12-12,49650,51000,49650,50600,6889,0.015045135406218657
2022-12-13,50900,51200,48050,49350,4092,-0.024703557312252933
2022-12-14,49500,50700,49300,50000,4645,0.01317122593718345
2022-12-15,49600,50800,49050,49600,5402,-0.008000000000000007
2022-12-16,48700,49650,48600,49100,2412,-0.01008064516129037
2022-12-19,49200,49500,48450,49250,3980,0.003054989816700715
2022-12-20,49200,49200,47850,48100,5430,-0.023350253807106647
2022-12-21,47950,50100,47950,50100,4886,0.04158004158004158
2022-12-22,50900,50900,49950,50400,5666,0.0059880239520957446
2022-12-23,50200,50400,49400,49500,2779,-0.017857142857142905
2022-12-26,49800,49800,48500,48700,6517,-0.016161616161616155
2022-12-27,48400,49550,48400,49000,9320,0.006160164271047153
2022-12-28,48900,49100,48400,48450,5073,-0.011224489795918391
2022-12-29,48950,48950,47650,48050,4978,-0.008255933952528327
2023-01-02,48050,48600,46800,46800,6951,-0.026014568158168605
2023-01-03,46600,47000,45900,46550,4464,-0.005341880341880323
2023-01-04,47050,47300,46400,47300,3050,0.01611170784103111
2023-01-05,47950,47950,46900,47500,3783,0.0042283298097252064
2023-01-06,47000,47850,47000,47700,3477,0.004210526315789442
2023-01-09,47800,49000,47800,48850,8010,0.024109014675052443
2023-01-10,48850,48900,48150,48200,5254,-0.013306038894575267
2023-01-11,48650,49750,48250,49250,7158,0.02178423236514515
2023-01-12,49250,49750,48750,48900,5211,-0.007106598984771617
2023-01-13,48900,49250,48600,48650,4932,-0.005112474437627856
2023-01-16,48650,49750,48650,48750,8055,0.0020554984583760483
2023-01-17,48750,49000,47800,48050,8018,-0.014358974358974375
2023-01-18,48050,48050,47500,47600,5041,-0.009365244536940653
2023-01-19,47400,48350,47400,48100,2869,0.010504201680672232
2023-01-20,47750,48650,47750,48500,3567,0.008316008316008316
2023-01-25,48550,49450,48550,49050,6843,0.01134020618556697
2023-01-26,49050,49550,49000,49200,6333,0.003058103975535076
2023-01-27,49750,49750,48900,49050,6839,-0.0030487804878048808
2023-01-30,49050,49400,48350,48800,5434,-0.0050968399592252744
2023-01-31,49250,50100,48650,49650,7335,0.01741803278688514
2023-02-01,49700,49800,49050,49150,5668,-0.010070493454179208
2023-02-02,49200,49700,49150,49600,5515,0.00915564598168861
2023-02-03,49700,49950,49500,49700,5242,0.002016129032258007
2023-02-06,49700,51100,49650,50000,9652,0.006036217303822866
2023-02-07,50000,50400,49850,50200,5266,0.0040000000000000036
2023-02-08,50200,51500,49900,50700,5587,0.009960159362549792
2023-02-09,50600,50900,50000,50600,5410,-0.0019723865877712132
2023-02-10,50600,50900,49550,50300,7693,-0.005928853754940677
2023-02-13,50100,50100,48900,49050,9912,-0.0248508946322068
2023-02-14,49150,49350,48600,49000,8269,-0.0010193679918450993
2023-02-15,49000,49100,48050,48050,7464,-0.019387755102040827
2023-02-16,48050,48850,48050,48100,7742,0.0010405827263266776
2023-02-17,47850,48400,47350,48400,6667,0.006237006237006293
2023-02-20,48300,48700,47950,48150,7313,-0.005165289256198302
2023-02-21,47950,48300,47950,48150,4523,0.0
2023-02-22,47450,47950,47400,47600,5701,-0.011422637590861928
2023-02-23,47800,47950,47600,47600,3448,0.0
2023-02-24,48500,48500,47350,47700,5532,0.0021008403361344463
2023-02-27,47600,47600,46500,47400,5292,-0.0062893081761006275
2023-02-28,47200,48500,47200,48100,3116,0.014767932489451407
2023-03-02,48100,48500,47750,48350,3436,0.005197505197505281
2023-03-03,48350,48850,48350,48600,5079,0.005170630816959676
2023-03-06,49000,49650,48300,49650,14461,0.021604938271605034
2023-03-07,49000,50300,48900,50000,6355,0.007049345417925457
2023-03-08,49500,49800,48950,49400,3946,-0.01200000000000001
2023-03-09,49400,49700,48750,49400,4302,0.0
2023-03-10,49250,49250,48100,48800,4521,-0.012145748987854255
2023-03-13,47850,48150,46650,47350,10840,-0.029713114754098324
2023-03-14,47550,47550,45850,45850,7552,-0.03167898627243926
2023-03-15,46200,46500,45800,45850,6188,0.0
2023-03-16,45800,46000,44800,46000,6551,0.0032715376226826187
2023-03-17,46600,47000,45650,46550,5329,0.011956521739130421
2023-03-20,46600,46600,46000,46200,3927,-0.007518796992481258
2023-03-21,46050,46350,45300,45850,9215,-0.007575757575757569
2023-03-22,45850,45900,44850,44950,10244,-0.019629225736095934
2023-03-23,44950,45100,44250,44400,6590,-0.012235817575083408
2023-03-24,44600,45150,43750,44050,10062,-0.007882882882882858
2023-03-27,44150,44300,43550,44100,3850,0.0011350737797957144
2023-03-28,44250,44800,44100,44550,4352,0.010204081632652962
2023-03-29,45050,45050,44500,44950,3483,0.008978675645342271
2023-03-30,44950,45050,44500,45050,3416,0.0022246941045607205
2023-03-31,45350,45350,44550,44900,8883,-0.0033296337402886067
2023-04-03,44750,44850,44500,44650,4151,-0.0055679287305122616
2023-04-04,44650,45000,44400,44850,6558,0.004479283314669624
2023-04-05,44550,45600,44550,45550,7463,0.015607580824972045
2023-04-06,45400,45400,44400,44700,7271,-0.01866081229418226
2023-04-07,44300,44700,44250,44400,5328,-0.006711409395973145
2023-04-10,44400,44600,44000,44000,7225,-0.009009009009009028
2023-04-11,44400,44400,43600,44300,6311,0.006818181818181834
2023-04-12,44050,44500,44000,44350,5518,0.0011286681715576563
2023-04-13,44350,44350,43950,44300,6949,-0.0011273957158962622
2023-04-14,44300,45200,44300,45100,5698,0.018058690744920947
2023-04-17,45250,45500,45050,45450,5157,0.0077605321507761005
2023-04-18,45500,45600,44700,45400,3919,-0.0011001100110010764
2023-04-19,45600,45600,45150,45200,4244,-0.004405286343612369
2023-04-20,45350,45350,44700,45200,5005,0.0
2023-04-21,44800,45300,44750,45150,3184,-0.0011061946902655162
2023-04-24,45400,45400,44450,44500,3972,-0.01439645625692132
2023-04-25,44050,44900,44000,44050,3976,-0.010112359550561778
2023-04-26,44000,44400,43800,43900,2766,-0.0034052213393870323
2023-04-27,43900,44000,43750,44000,2996,0.002277904328018332
2023-04-28,44300,44300,43800,44100,1993,0.002272727272727204
2023-05-02,43900,44700,43900,44250,2692,0.00340136054421758
2023-05-03,44000,44500,43950,44100,3535,-0.003389830508474523
2023-05-04,44000,44500,43950,44300,1854,0.0045351473922903285
2023-05-08,44400,45750,44350,45200,8235,0.020316027088036037
2023-05-09,45900,45900,44850,45200,3192,0.0
2023-05-10,45200,45550,44500,44900,3843,-0.006637168141592875
2023-05-11,45100,45100,44700,44750,2047,-0.0033407572383074013
2023-05-12,44800,44800,43950,44000,5115,-0.016759776536312887
2023-05-15,44050,44200,43100,43350,10507,-0.01477272727272727
2023-05-16,43400,43550,42900,43150,8995,-0.0046136101499423265
2023-05-17,43000,43600,42800,43100,9817,-0.0011587485515642815
2023-05-18,43550,43550,42750,42750,9590,-0.008120649651972123
2023-05-19,42950,43100,42850,43050,4093,0.007017543859649145
2023-05-22,43350,43450,43000,43350,7862,0.006968641114982521
2023-05-23,43500,43600,43300,43500,6300,0.0034602076124568004
2023-05-24,43500,43700,43350,43650,1799,0.0034482758620688614
2023-05-25,43900,43950,43250,43550,2637,-0.002290950744558984
2023-05-26,43750,43750,43300,43450,2967,-0.0022962112514350874
2023-05-30,43450,43550,42900,43150,3544,-0.0069044879171461515
2023-05-31,43400,43450,43000,43050,5084,-0.002317497103128674
2023-06-01,43350,43350,42900,43000,1189,-0.0011614401858304202
2023-06-02,42950,43600,42950,43100,2653,0.0023255813953488857
2023-06-05,43100,43450,43100,43250,3332,0.0034802784222738303
2023-06-07,43900,43900,43250,43400,2949,0.003468208092485492
2023-06-08,43500,43500,43150,43300,1110,-0.0023041474654378336
2023-06-09,43600,43700,43150,43350,4368,0.0011547344110853786
2023-06-12,43550,43550,42700,42800,7144,-0.012687427912341454
2023-06-13,43150,43150,42700,42750,4222,-0.001168224299065379
2023-06-14,43100,45000,42650,44050,21606,0.03040935672514622
2023-06-15,44050,45000,43550,43800,13224,-0.005675368898978461
2023-06-16,44700,44700,43100,43850,6985,0.0011415525114155667
2023-06-19,44100,44100,43000,43500,5437,-0.007981755986317007
2023-06-20,43500,43950,43300,43400,4240,-0.0022988505747126853
2023-06-21,43400,43500,42800,43100,9480,-0.00691244239631339
2023-06-22,42850,43350,42850,42850,3129,-0.0058004640371229765
2023-06-23,43000,43100,42550,42750,5567,-0.002333722287047868
2023-06-26,42750,42950,42350,42500,4121,-0.005847953216374324
2023-06-27,42500,42550,42100,42350,4137,-0.003529411764705892
2023-06-28,42600,42600,42000,42050,2827,-0.00708382526564344
2023-06-29,42450,42450,40900,41050,8955,-0.02378121284185497
2023-06-30,40700,41000,40550,40800,5510,-0.006090133982947665
2023-07-03,40550,41250,40550,41200,3791,0.009803921568627416
2023-07-04,41500,41700,40650,41700,5501,0.012135922330097193
2023-07-05,41500,41650,41000,41250,3295,-0.010791366906474864
2023-07-06,41450,41450,40250,40600,5374,-0.015757575757575748
2023-07-07,40250,40750,39800,40400,6292,-0.0049261083743842304
2023-07-10,42300,43300,41100,42850,19297,0.060643564356435586
2023-07-11,42850,43800,42150,42600,5286,-0.005834305717619559
2023-07-12,42600,42900,42000,42400,5036,-0.0046948356807511304
2023-07-13,42400,42750,42000,42400,5022,0.0
2023-07-14,42100,42800,41900,42050,2843,-0.008254716981132115
2023-07-17,42400,42550,41550,42000,4622,-0.0011890606420927874
2023-07-18,42200,42200,41300,41550,4701,-0.010714285714285676
2023-07-19,41200,41400,41100,41350,3354,-0.004813477737665495
2023-07-20,41200,41300,41000,41200,2984,-0.0036275695284159193
2023-07-21,41200,41200,40550,40800,4402,-0.009708737864077666
2023-07-24,40800,40800,40000,40450,9646,-0.008578431372548989
2023-07-25,40150,40200,39800,39900,7541,-0.013597033374536438
2023-07-26,40000,40000,37950,39100,14982,-0.020050125313283207
2023-07-27,38250,39550,38250,39400,5526,0.007672634271099765
2023-07-28,39500,41250,38900,40700,7012,0.03299492385786795
2023-07-31,40700,40800,40250,40500,5576,-0.004914004914004955
2023-08-01,40300,41250,40300,41000,3895,0.012345679012345734
2023-08-02,41100,41250,40300,40650,4557,-0.008536585365853666
2023-08-03,40650,40750,40100,40750,2689,0.002460024600245969
2023-08-04,41300,41300,40500,41000,3366,0.006134969325153339
2023-08-07,41000,41800,40750,41500,4059,0.012195121951219523
2023-08-08,41500,41950,41000,41300,4481,-0.004819277108433773
2023-08-09,41300,41500,40900,41350,4409,0.001210653753026536
2023-08-10,41500,42800,41150,42000,13679,0.01571946795646917
2023-08-11,42050,42400,41300,41800,8947,-0.004761904761904745
2023-08-14,41850,42400,41200,41350,2789,-0.010765550239234423
2023-08-16,41100,41100,39600,39950,12520,-0.03385731559854899
2023-08-17,39800,40000,38200,39100,17231,-0.021276595744680882
2023-08-18,39300,39450,38000,39450,4504,0.008951406649616356
2023-08-21,38950,39350,38900,39100,5276,-0.008871989860583018
2023-08-22,39100,39100,38500,38900,8028,-0.005115089514066473
2023-08-23,39150,39150,38350,39050,3334,0.003856041131105492
2023-08-24,39200,39350,38800,39100,4215,0.001280409731113874
2023-08-25,39100,39200,38850,39100,2690,0.0
2023-08-28,39900,40700,39550,39950,10272,0.021739130434782705
2023-08-29,40150,40450,39650,40400,2322,0.01126408010012514
2023-08-30,40700,40700,40150,40450,3324,0.0012376237623761277
2023-08-31,40400,40400,39600,39800,3860,-0.01606922126081578
2023-09-01,40200,40200,39550,39750,4850,-0.0012562814070351536
2023-09-04,40200,40200,39200,39550,3477,-0.005031446540880502
2023-09-05,39850,39850,39250,39750,1610,0.005056890012642201
2023-09-06,39750,39850,39250,39350,3820,-0.010062893081761004
2023-09-07,39150,39350,39100,39150,2048,-0.0050825921219822545
2023-09-08,39150,39250,38650,38850,5184,-0.007662835249042099
2023-09-11,38900,39100,38900,39100,1959,0.006435006435006496
2023-09-12,39100,39300,38800,39050,2417,-0.0012787723785165905
2023-09-13,38600,38950,38250,38500,9137,-0.014084507042253502
2023-09-14,38950,39550,38650,39450,5153,0.024675324675324628
2023-09-15,39850,39850,39500,39600,2581,0.0038022813688212143
2023-09-18,39650,39850,39200,39700,4589,0.002525252525252597
2023-09-19,39800,39900,39450,39450,1362,-0.006297229219143552
2023-09-20,39850,39850,39100,39400,1942,-0.0012674271229404788
2023-09-21,39750,39750,38050,39000,2358,-0.010152284263959421
2023-09-22,38800,38800,37800,38050,8248,-0.024358974358974383
2023-09-25,38000,38800,37850,38000,4175,-0.0013140604467805073
2023-09-26,38450,38450,37650,37950,4138,-0.001315789473684159
2023-09-27,37950,38050,37600,38050,1387,0.0026350461133068936
2023-10-04,37650,38000,37400,38000,4158,-0.0013140604467805073
2023-10-05,38400,38400,37300,37450,3423,-0.014473684210526305
2023-10-06,37500,37700,37400,37550,1110,0.002670226969292422
2023-10-10,37900,38000,36750,36950,6760,-0.015978695073235683
2023-10-11,36600,37200,36600,36950,2877,0.0
2023-10-12,37050,37550,37050,37550,1401,0.016238159675236785
2023-10-13,37500,37500,36950,37100,2045,-0.011984021304926817
2023-10-16,37100,37100,36400,36750,3405,-0.009433962264150941
2023-10-17,36350,36850,36350,36800,1030,0.0013605442176871652
2023-10-18,36350,36800,36350,36750,1403,-0.0013586956521739468
2023-10-19,36500,36550,36050,36150,3339,-0.01632653061224487
2023-10-20,36000,36950,35250,35950,4720,-0.0055325034578146415
2023-10-23,35450,36500,35400,35700,1595,-0.006954102920723182
2023-10-24,35200,36000,35200,36000,2577,0.008403361344537785
2023-10-25,36550,36550,36000,36500,2791,0.01388888888888884
2023-10-26,36400,36550,35300,35750,4677,-0.020547945205479423
2023-10-27,35400,36250,35400,35800,2965,0.0013986013986013734
2023-10-30,35100,36200,35100,35950,2765,0.0041899441340782495
2023-10-31,35900,36350,35600,35850,3511,-0.0027816411682892728
2023-11-01,35500,36450,35500,36300,3652,0.012552301255230214
2023-11-02,36850,37300,36500,36950,3182,0.017906336088154173
2023-11-03,37650,38850,37000,38600,12824,0.044654939106901326
2023-11-06,39650,39650,38850,38900,6401,0.007772020725388629
2023-11-07,38550,39000,38350,38500,2491,-0.010282776349614386
2023-11-08,38500,39450,38500,39050,5362,0.014285714285714235
2023-11-09,39050,40400,38950,40200,16782,0.0294494238156211
2023-11-10,40100,40150,39150,40000,5345,-0.00497512437810943
2023-11-13,40000,40450,38850,39150,4731,-0.02124999999999999
2023-11-14,38850,39500,38850,39250,1472,0.0025542784163474774
2023-11-15,39950,40000,39300,39950,5278,0.017834394904458595
2023-11-16,39950,40400,39650,40350,3588,0.01001251564455563
2023-11-17,40350,40350,39800,39950,3262,-0.009913258983890949
2023-11-20,40000,40000,39600,39650,3500,-0.007509386733416723
2023-11-21,39650,40000,39500,39900,2896,0.006305170239596425
2023-11-22,40200,40200,39050,39450,4280,-0.011278195488721776
2023-11-23,39550,39950,39450,39900,2375,0.011406844106463865
2023-11-24,39900,40500,39650,40400,5033,0.012531328320801949
2023-11-27,40400,41250,40400,40900,10031,0.012376237623762387
2023-11-28,41000,42200,40800,42150,10997,0.030562347188264116
2023-11-29,42150,42200,41150,41150,7500,-0.023724792408066464
2023-11-30,41000,41850,40550,41350,4506,0.004860267314702238
2023-12-01,41350,41350,40500,40750,2828,-0.0145102781136639
2023-12-04,40750,40750,40300,40400,3846,-0.008588957055214674
2023-12-05,40550,41400,40100,40950,4464,0.013613861386138515
2023-12-06,40850,41850,40600,41500,8087,0.013431013431013383
2023-12-07,41500,42100,40950,41400,2945,-0.002409638554216831
2023-12-08,41450,41950,41100,41200,1862,-0.004830917874396157
2023-12-11,41550,41550,40850,40900,2395,-0.007281553398058249
2023-12-12,40800,41000,40550,40550,2150,-0.008557457212713948
2023-12-13,40550,40750,40250,40450,2346,-0.002466091245376112
2023-12-14,40500,41750,39950,40200,5056,-0.006180469715698411
2023-12-15,40200,40200,39650,39950,5788,-0.006218905472636815
2023-12-18,39650,40000,39500,39600,4147,-0.008760951188986232
2023-12-19,39300,39950,39300,39350,4608,-0.0063131313131312705
2023-12-20,39400,39950,39350,39950,5251,0.015247776365946653
2023-12-21,39850,39850,39200,39250,3891,-0.017521902377972465
2023-12-22,39250,39500,39000,39100,5634,-0.003821656050955413
2023-12-26,39100,39550,39000,39050,6151,-0.0012787723785165905
2023-12-27,39050,39050,38700,38800,3752,-0.006402048655569814
2023-12-28,38750,39450,38700,39450,4094,0.01675257731958757
2024-01-02,39200,40000,38750,39050,5800,-0.010139416983523497
2024-01-03,39400,39400,38750,38850,2753,-0.005121638924455829
2024-01-04,39000,39000,38550,38550,5141,-0.007722007722007707
2024-01-05,38700,38850,38550,38600,1526,0.0012970168612191912
2024-01-08,38600,39300,38350,39100,3145,0.012953367875647714
2024-01-09,38750,39150,38550,38850,6493,-0.006393861892583175
2024-01-10,39250,39350,38500,38750,4112,-0.002574002574002532
2024-01-11,38750,39350,38600,38750,2951,0.0
2024-01-12,38650,39050,38250,38500,5121,-0.006451612903225823
2024-01-15,38550,38550,38000,38050,3798,-0.011688311688311637
2024-01-16,37800,38300,37400,37700,4937,-0.009198423127463884
2024-01-17,37700,38100,37100,37350,4693,-0.009283819628647216
2024-01-18,37200,37450,37150,37250,1394,-0.0026773761713521083
2024-01-19,38250,38550,37000,37000,4107,-0.006711409395973145
2024-01-22,37400,38700,37100,37950,5898,0.025675675675675746
2024-01-23,37900,38200,37700,37700,2187,-0.006587615283267456
2024-01-24,37700,38000,37000,37350,3688,-0.009283819628647216
2024-01-25,37400,37750,37150,37500,2004,0.004016064257028162
2024-01-26,37650,38200,37600,37650,1973,0.0040000000000000036
2024-01-29,38000,39000,37800,38600,6397,0.025232403718459473
2024-01-30,38950,39050,38550,38800,3328,0.005181347150259086
2024-01-31,39300,39350,38550,39350,6075,0.014175257731958713
2024-02-01,39350,41000,39300,40650,15237,0.033036848792884266
2024-02-02,41900,41900,40500,40650,6952,0.0
2024-02-05,40650,41250,40100,41000,10070,0.008610086100861114
2024-02-06,41000,41500,40000,40000,6883,-0.024390243902439046
2024-02-07,40150,41500,40000,41300,6819,0.03249999999999997
2024-02-08,41300,41300,40350,40750,4242,-0.013317191283293006
2024-02-13,40750,41000,39900,39950,8265,-0.019631901840490795
2024-02-14,40250,40250,39700,39700,2891,-0.006257822277847325
2024-02-15,39700,39750,39200,39500,4100,-0.005037783375314908
2024-02-16,39500,39550,39100,39500,2195,0.0
2024-02-19,39500,40900,39500,40900,4139,0.03544303797468351
2024-02-20,40450,40450,39750,40100,5461,-0.019559902200488977
2024-02-21,40100,40100,39700,39950,2759,-0.0037406483790524137
2024-02-22,39950,39950,39550,39700,2621,-0.006257822277847325
2024-02-23,39700,39900,39550,39700,2679,0.0
2024-02-26,39700,40000,38650,38800,8195,-0.02267002518891692
2024-02-27,39400,39400,38350,38500,3787,-0.0077319587628865705
2024-02-28,38500,38950,38050,38500,6353,0.0
2024-02-29,38400,40600,38300,38400,7640,-0.0025974025974025983
2024-03-04,38200,39450,38200,38850,7816,0.01171875
2024-03-05,38900,39650,38500,38750,4864,-0.002574002574002532
2024-03-06,38500,39000,38400,38800,2808,0.001290322580645098
2024-03-07,38700,38800,38300,38700,3702,-0.002577319587628857
2024-03-08,38700,39050,38500,38850,3695,0.003875968992248069
2024-03-11,38500,38950,38300,38350,3839,-0.012870012870012881
2024-03-12,38350,38550,38000,38350,7159,0.0
2024-03-13,38350,38400,38150,38400,3513,0.0013037809647979959
2024-03-14,38200,38400,38200,38350,2385,-0.0013020833333333703
2024-03-15,38800,38800,38000,38050,3034,-0.007822685788787531
2024-03-18,38050,38050,37600,37900,1755,-0.003942181340341633
2024-03-19,38000,38650,37550,38000,3617,0.0026385224274405594
2024-03-20,37550,38100,37550,37850,2042,-0.003947368421052588
2024-03-21,37850,38500,37350,37650,11111,-0.005284015852047519
2024-03-22,37650,37700,37350,37600,4741,-0.0013280212483399723
2024-03-25,37600,37600,37200,37200,4495,-0.010638297872340385
2024-03-26,37400,37900,37200,37900,4158,0.018817204301075252
2024-03-27,37500,37950,37450,37900,3058,0.0
2024-03-28,37950,38050,37450,37600,3301,-0.0079155672823219
2024-03-29,37600,37850,37500,37600,5175,0.0
2024-04-01,37600,38250,37350,38200,8348,0.015957446808510634
2024-04-02,37550,37700,37350,37600,3803,-0.015706806282722474
2024-04-03,37300,38000,37200,37900,6355,0.007978723404255428
2024-04-04,37900,37900,37500,37750,2318,-0.00395778364116095
2024-04-05,37750,37750,37350,37500,1996,-0.0066225165562914245
2024-04-08,37200,37300,36700,37100,6136,-0.010666666666666713
2024-04-09,37050,37050,36550,36700,4131,-0.010781671159029615
2024-04-11,36500,36700,35300,36000,2899,-0.019073569482288777
2024-04-12,36000,36700,35300,35600,3889,-0.011111111111111072
2024-04-15,35250,35400,34650,34900,5611,-0.0196629213483146
2024-04-16,34600,34900,33450,34300,14756,-0.017191977077363862
2024-04-17,34350,34350,33850,34350,5930,0.001457725947521915
2024-04-18,34350,34350,33850,34200,11214,-0.004366812227074246
2024-04-19,33900,34000,33250,33500,7742,-0.020467836257309968
2024-04-22,33500,34200,33300,34200,6080,0.020895522388059806
2024-04-23,34250,34650,34000,34300,4187,0.0029239766081872176
2024-04-24,34600,34950,34300,34900,4691,0.017492711370262315
2024-04-25,34800,35500,34600,35350,3137,0.012893982808023008
2024-04-26,35350,35450,34850,35250,3101,-0.0028288543140028155
2024-04-29,35150,36400,35100,36150,6752,0.025531914893617058
2024-04-30,36150,36700,36050,36500,4722,0.009681881051175623
2024-05-02,36500,36950,36000,36450,3980,-0.00136986301369868
2024-05-03,36800,36800,36100,36400,1805,-0.00137174211248281
2024-05-07,36500,36800,36000,36350,5242,-0.0013736263736263687
2024-05-08,36600,36600,36000,36200,2936,-0.004126547455295726
2024-05-09,36400,36400,35800,35900,1835,-0.008287292817679592
2024-05-10,36250,36250,36000,36150,1886,0.0069637883008355494
2024-05-13,36150,36350,36000,36200,4213,0.0013831258644536604
2024-05-14,36200,39700,36200,36900,22797,0.01933701657458564
2024-05-16,36900,37450,36800,37450,2651,0.01490514905149043
2024-05-17,37450,38650,37350,37650,12906,0.005340453938584844
2024-05-20,37650,38600,37650,38000,12263,0.009296148738379806
2024-05-21,37900,38400,37650,37800,5024,-0.0052631578947368585
2024-05-22,37800,38500,37800,37900,3060,0.002645502645502562
2024-05-23,38100,38450,37550,38250,4837,0.00923482849604218
2024-05-24,38700,40700,38000,39550,37833,0.033986928104575265
2024-05-27,40100,40150,38400,39550,20974,0.0
2024-05-28,39600,40500,39450,40050,14301,0.012642225031605614
2024-05-29,39950,41100,39800,40500,16879,0.011235955056179803
2024-05-30,39950,40600,39250,39450,9406,-0.025925925925925908
2024-05-31,39050,40250,39050,39750,5676,0.0076045627376426506
2024-06-03,39750,39850,38450,38450,10505,-0.03270440251572326
2024-06-04,39150,39200,38000,38200,3262,-0.006501950585175553
2024-06-05,38250,38700,37700,38700,5000,0.01308900523560208
2024-06-07,38750,38750,38100,38150,3591,-0.014211886304909549
2024-06-10,38600,39150,37950,39000,4583,0.022280471821756187
2024-06-11,39100,40750,39100,39300,6683,0.007692307692307665
2024-06-12,39650,39650,38500,38950,4371,-0.008905852417302795
2024-06-13,38700,39300,38350,38500,3129,-0.011553273427471145
2024-06-14,38500,44100,38300,41600,110783,0.08051948051948044
2024-06-17,42300,42300,40550,41000,27124,-0.014423076923076872
2024-06-18,40900,41300,40050,40500,9930,-0.012195121951219523
2024-06-19,40550,40950,39350,39400,12344,-0.02716049382716046
2024-06-20,39550,39950,39250,39450,4750,0.0012690355329949554
2024-06-21,39900,39950,39100,39200,3401,-0.006337135614702172
2024-06-24,39550,39750,38800,38900,4608,-0.007653061224489832
2024-06-25,39350,39350,38700,39000,3888,0.0025706940874035134
2024-06-26,39000,39350,38550,39000,4719,0.0
2024-06-27,38950,38950,38250,38750,4546,-0.0064102564102563875
2024-06-28,39300,40250,39000,40000,8615,0.032258064516129004
2024-07-01,40000,40250,38750,38950,7392,-0.026249999999999996
2024-07-02,38950,38950,38000,38200,3934,-0.019255455712451908
2024-07-03,38200,38200,37550,38050,7716,-0.003926701570680646
2024-07-04,38550,38550,37450,37550,5330,-0.013140604467805517
2024-07-05,37950,37950,37550,37850,3602,0.007989347536617952
2024-07-08,37850,38950,37350,38350,3931,0.013210039630118908
2024-07-09,38350,39500,38350,39200,3889,0.022164276401564598
2024-07-10,39600,39600,38550,39250,4782,0.0012755102040815647
2024-07-11,39450,39700,38850,38850,2124,-0.010191082802547768
2024-07-12,39250,39250,38550,38550,2279,-0.007722007722007707
2024-07-15,39200,39450,38450,39000,3567,0.011673151750972721
2024-07-16,39200,39350,38500,38800,2558,-0.00512820512820511
2024-07-17,39300,39300,38700,38800,2788,0.0
2024-07-18,38800,39050,37950,38700,3332,-0.002577319587628857
2024-07-19,38850,38850,38450,38550,1919,-0.003875968992248069
2024-07-22,39250,39250,38100,38200,3198,-0.009079118028534339
2024-07-23,38200,38500,37350,37600,5080,-0.015706806282722474
2024-07-24,37600,37850,36650,36650,6560,-0.025265957446808485
2024-07-25,36650,36650,36100,36650,2944,0.0
2024-07-26,36650,37600,36400,37050,3082,0.01091405184174632
2024-07-29,36550,37300,36550,37250,989,0.005398110661268607
2024-07-30,37250,37350,36950,37100,740,-0.004026845637583931
2024-07-31,37650,38050,36850,37850,3272,0.020215633423180668
2024-08-01,37400,38100,37400,37700,1955,-0.003963011889035695
2024-08-02,37450,37450,36750,36800,3384,-0.023872679045092826
2024-08-05,36800,36950,34100,34350,7922,-0.06657608695652173
2024-08-06,34250,36600,34250,35750,10588,0.040756914119359555
2024-08-07,35750,36000,35100,35850,4824,0.002797202797202747
2024-08-08,35500,37750,35200,35800,5889,-0.001394700139469962
2024-08-09,36000,36650,35900,36350,2651,0.015363128491620026
2024-08-12,36950,37000,36250,36500,2353,0.004126547455295837
2024-08-13,36950,36950,36050,36350,2858,-0.004109589041095929
2024-08-14,36950,36950,35700,36250,5736,-0.0027510316368638543
2024-08-16,36400,36400,36000,36050,2848,-0.0055172413793103114
2024-08-19,36000,36300,35850,35850,3423,-0.00554785020804438
2024-08-20,36300,37300,35950,36350,3504,0.013947001394700065
2024-08-21,36300,36400,35950,36350,4317,0.0
2024-08-22,36350,36400,35950,36200,2947,-0.004126547455295726
2024-08-23,36200,36250,36000,36200,1352,0.0
2024-08-26,36200,36250,35950,36050,2404,-0.004143646408839796
2024-08-27,36050,36250,36050,36100,1135,0.001386962552011095
2024-08-28,36500,36500,36100,36150,973,0.0013850415512466352
2024-08-29,36550,36750,36000,36100,2051,-0.0013831258644536604
2024-08-30,36050,36300,35850,36150,1757,0.0013850415512466352
2024-09-02,36600,36650,35950,36100,1019,-0.0013831258644536604
2024-09-03,37100,37100,36350,36450,3571,0.00969529085872578
2024-09-04,36350,36350,35850,36000,4410,-0.012345679012345734
2024-09-05,36350,36500,35050,35700,8006,-0.008333333333333304
2024-09-06,36450,36450,35200,35650,2865,-0.0014005602240896309
2024-09-09,35300,35800,34950,35650,2625,0.0
2024-09-10,36250,36250,35400,35650,590,0.0
2024-09-11,35650,35650,35200,35300,1635,-0.009817671809256634
2024-09-12,35200,35400,35050,35200,1304,-0.0028328611898017497
2024-09-13,35000,35950,35000,35300,1331,0.0028409090909091717
2024-09-19,35750,35750,35200,35500,903,0.0056657223796034994
2024-09-20,36100,36100,35400,35750,2476,0.007042253521126751
2024-09-23,35750,35800,35300,35500,1713,-0.006993006993006978
2024-09-24,35300,35600,35100,35350,2507,-0.004225352112676051
2024-09-25,35350,35500,35200,35450,1798,0.0028288543140029265
2024-09-26,35500,35850,35400,35800,2262,0.009873060648801113
2024-09-27,35800,36200,35700,35950,2073,0.0041899441340782495
2024-09-30,36000,36250,35750,36050,1349,0.0027816411682892728
2024-10-02,36100,36550,35850,36300,3898,0.006934812760055475
2024-10-04,36300,36300,35700,35950,2177,-0.009641873278236957
2024-10-07,35600,35750,35350,35600,1264,-0.009735744089012566
2024-10-08,35600,35800,35400,35500,1306,-0.002808988764044895
2024-10-10,35550,35600,35250,35400,762,-0.0028169014084507005
2024-10-11,35400,35800,34800,35150,2679,-0.007062146892655385
2024-10-14,35300,35400,35050,35200,2169,0.0014224751066855834
2024-10-15,35200,35600,35100,35600,1718,0.011363636363636465
2024-10-16,35650,35650,35150,35200,1993,-0.011235955056179803
2024-10-17,35200,36900,35150,36400,4923,0.03409090909090917
2024-10-18,36300,36550,35250,35550,3129,-0.02335164835164838
2024-10-21,35850,35850,34800,35700,2217,0.00421940928270037
2024-10-22,35700,35700,35000,35300,1051,-0.011204481792717047
2024-10-23,34800,35350,34800,35350,2838,0.0014164305949009304
2024-10-24,35000,35100,34250,34650,3787,-0.01980198019801982
2024-10-25,34350,34650,33850,34000,2832,-0.018759018759018753
2024-10-28,34450,35050,33800,34850,2921,0.02499999999999991
2024-10-29,34850,34900,34100,34850,2769,0.0
2024-10-30,34850,35200,34250,34450,1564,-0.011477761836441891
2024-10-31,34300,34750,34150,34500,900,0.0014513788098693414
2024-11-01,34500,34800,34500,34650,503,0.004347826086956497
2024-11-04,34650,34900,34350,34700,1741,0.0014430014430013571
2024-11-05,34700,35300,34550,34750,2717,0.0014409221902016434
2024-11-06,35300,35300,34100,34750,3339,0.0
2024-11-07,34450,34850,33700,34650,4908,-0.0028776978417266452
2024-11-08,34300,34700,34050,34550,1837,-0.0028860028860029363
2024-11-11,34550,34550,33750,34200,3861,-0.01013024602026047
2024-11-12,33800,34000,32850,33300,9207,-0.02631578947368418
2024-11-13,32950,33250,32000,32400,3708,-0.027027027027026973
2024-11-14,31750,32450,31700,31700,6029,-0.021604938271604923
2024-11-15,31400,32100,31250,31950,4304,0.007886435331230235
2024-11-18,31600,32650,31600,31950,12532,0.0
2024-11-19,31900,32600,31900,32000,4626,0.0015649452269170805
2024-11-20,32200,32200,31500,32000,2745,0.0
2024-11-21,32000,32150,31600,31900,4139,-0.0031250000000000444
2024-11-22,31950,33400,31700,32800,10349,0.028213166144200663
2024-11-25,32800,33200,32500,32600,2106,-0.0060975609756097615
2024-11-26,32800,33600,30750,33450,5960,0.0260736196319018
2024-11-27,33450,33700,32850,33150,1742,-0.008968609865470878
2024-11-28,33150,33300,32050,32500,7854,-0.019607843137254943
2024-11-29,32500,32500,31300,31500,15453,-0.03076923076923077
2024-12-02,32000,32000,30750,30950,4316,-0.01746031746031751
2024-12-03,30850,31350,30850,31300,2922,0.011308562197092087
2024-12-04,30800,31300,30300,30700,6567,-0.019169329073482455
2024-12-05,31000,31200,29950,30100,16495,-0.019543973941368087
2024-12-06,30100,30350,29250,30150,7025,0.0016611295681063787
2024-12-09,29350,30150,29200,29200,7499,-0.031509121061359835
2024-12-10,29250,31500,29250,30500,6278,0.044520547945205546
2024-12-11,30500,31300,30450,31050,1722,0.0180327868852459
2024-12-12,31050,31550,31050,31350,2707,0.009661835748792313
2024-12-13,31450,31600,31200,31400,1092,0.0015948963317384823
2024-12-16,31100,31650,30950,31300,2957,-0.0031847133757961776
2024-12-17,31050,31250,30850,31250,1609,-0.0015974440894568342
2024-12-18,31550,34350,31350,32500,53845,0.040000000000000036
2024-12-19,31900,32950,31550,31800,8388,-0.021538461538461506
2024-12-20,31800,32700,31400,32000,5371,0.0062893081761006275
2024-12-23,38000,41600,34250,39550,1252896,0.2359374999999999
2024-12-24,37800,44900,34850,38700,2306464,-0.02149178255372941
2024-12-26,38900,40350,38050,39050,298723,0.009043927648578753
2024-12-27,40450,43250,37650,38000,707967,-0.02688860435339313
2024-12-30,37200,38550,36000,36000,92537,-0.052631578947368474
2025-01-02,35850,35900,33800,33800,79266,-0.061111111111111116
2025-01-03,33600,34250,33500,33700,47020,-0.00295857988165682
2025-01-06,33850,34500,33850,34200,33732,0.014836795252225476
2025-01-07,34100,34350,33750,33900,34223,-0.00877192982456143
2025-01-08,34150,39000,33800,36450,548481,0.0752212389380531
2025-01-09,36150,37200,34750,35100,96324,-0.03703703703703709
2025-01-10,35400,35400,33300,34450,43527,-0.01851851851851849
2025-01-13,34800,35550,34300,34450,32309,0.0
2025-01-14,34150,34400,33450,33950,25480,-0.014513788098693747
2025-01-15,33950,34250,33750,33800,20551,-0.004418262150220897
2025-01-16,34300,34600,33800,34600,21340,0.023668639053254337
2025-01-17,34100,34500,33850,34000,12031,-0.017341040462427793
2025-01-20,34500,34850,33750,34250,18981,0.007352941176470562
2025-01-21,34250,34250,31700,32550,37823,-0.04963503649635037
2025-01-22,32300,33650,32300,32850,23610,0.009216589861751112
2025-01-23,32900,33000,32050,32800,17786,-0.0015220700152207556
2025-01-24,32400,32750,31850,32250,22941,-0.01676829268292679
2025-01-31,31750,32200,31650,31900,14217,-0.010852713178294615
2025-02-03,31300,32000,30800,31000,15691,-0.028213166144200663
2025-02-04,31000,31600,31000,31500,6656,0.016129032258064502
2025-02-05,31600,32200,31400,31900,9622,0.012698412698412653
2025-02-06,31900,32150,31550,31600,6842,-0.009404388714733591
2025-02-07,31600,31750,30700,30800,21272,-0.025316455696202556
2025-02-10,30650,30950,30400,30800,10575,0.0
2025-02-11,30600,31000,30500,30900,13579,0.0032467532467532756
2025-02-12,30700,31250,30700,30750,15569,-0.004854368932038833
2025-02-13,30650,30800,30500,30700,10386,-0.001626016260162566
2025-02-14,31050,31250,30750,31150,7333,0.014657980456026065
2025-02-17,31350,31700,31200,31650,6455,0.01605136436597121
2025-02-18,31500,31700,31200,31300,8706,-0.011058451816745696
2025-02-19,31150,31750,31150,31650,8776,0.011182108626198062
2025-02-20,31600,31950,31450,31700,11863,0.0015797788309637184
2025-02-21,31450,32100,31400,31850,13000,0.004731861198738141
2025-02-24,31850,32400,31650,31900,8948,0.0015698587127157548
2025-02-25,32000,32100,31550,31850,6159,-0.0015673981191222097
2025-02-26,31850,32450,31600,31850,9656,0.0
2025-02-27,31900,32000,31650,31750,6541,-0.0031397174254317317
2025-02-28,31650,31900,31000,31000,11713,-0.023622047244094446
2025-03-04,31000,31000,30400,30650,8518,-0.011290322580645107
2025-03-05,30400,31300,30400,31300,29168,0.021207177814029254
2025-03-06,31400,31550,31100,31400,6544,0.0031948881789136685
2025-03-07,31400,32300,31100,31600,16728,0.006369426751592355
2025-03-10,31650,32450,31550,31900,11232,0.009493670886076
2025-03-11,31500,31900,31250,31750,8903,-0.00470219435736674
2025-03-12,31500,31950,31300,31800,5390,0.0015748031496063408
2025-03-13,31850,31950,31150,31300,7038,-0.01572327044025157
2025-03-14,31500,31550,31150,31500,5637,0.006389776357827559
2025-03-17,31250,31750,31250,31500,5295,0.0
2025-03-18,31600,31750,31250,31350,5744,-0.004761904761904745
2025-03-19,31500,31650,31300,31500,4100,0.004784688995215225
2025-03-20,31650,32450,31350,32100,10956,0.01904761904761898
2025-03-21,31950,33050,31850,33000,15305,0.028037383177569986
2025-03-24,32850,32950,32350,32350,6427,-0.019696969696969657
2025-03-25,32800,32800,31500,31500,8549,-0.026275115919629055
2025-03-26,31650,32100,31450,31450,6046,-0.0015873015873015817
2025-03-27,31400,31750,31200,31200,12226,-0.007949125596184436
2025-03-28,31200,31200,30400,31000,18062,-0.0064102564102563875
2025-03-31,30000,31000,29250,29400,20140,-0.05161290322580647
2025-04-01,29200,30100,29200,29900,11584,0.017006802721088343
2025-04-02,29800,30300,29300,29750,4439,-0.0050167224080267525
2025-04-03,29200,29800,29050,29550,7238,-0.006722689075630228
2025-04-04,29550,30900,29100,30400,6265,0.02876480541455151
2025-04-07,30000,30000,28850,29550,12165,-0.02796052631578949
2025-04-08,29550,30050,29550,29700,5770,0.0050761421319796
2025-04-09,29500,29550,28400,28600,16287,-0.03703703703703709
2025-04-10,29300,29950,28900,29850,7294,0.04370629370629375
2025-04-11,29800,29950,29400,29950,5498,0.003350083752093891
2025-04-14,29950,30250,29950,30150,3339,0.006677796327211993
2025-04-15,30150,30600,30150,30550,4874,0.013266998341625147
2025-04-16,30550,30750,30200,30350,7248,-0.006546644844517169
2025-04-17,30350,30950,30350,30800,7719,0.014827018121911006
2025-04-18,31000,31000,30400,30800,6129,0.0
2025-04-21,31000,31350,30450,30800,4635,0.0
2025-04-22,31000,31800,30750,31250,9160,0.014610389610389518
2025-04-23,31800,31800,30800,31450,20772,0.006399999999999961
2025-04-24,32900,33200,31500,31900,133192,0.014308426073131875
2025-04-25,31700,32250,31300,32150,16669,0.00783699059561127
2025-04-28,32150,32350,31550,32100,11222,-0.0015552099533436836
2025-04-29,32300,32300,31600,32150,9797,0.0015576323987538387
2025-04-30,31800,32800,31600,32050,17649,-0.0031104199066873672
2025-05-02,32200,32250,31550,31850,3892,-0.006240249609984372
2025-05-07,31600,31850,31500,31800,2566,-0.0015698587127158659
2025-05-08,32000,32050,31200,32050,5650,0.007861635220125729
2025-05-09,32300,32900,31450,32600,12138,0.01716068642745716
2025-05-12,32700,33700,32700,33400,25476,0.024539877300613577
2025-05-13,33700,33700,33050,33400,5956,0.0
2025-05-14,33650,33650,33100,33400,9764,0.0
2025-05-15,33400,34050,33350,33950,17330,0.01646706586826352
2025-05-16,34100,34100,33300,33350,10000,-0.0176730486008837
2025-05-19,33350,33550,33050,33200,8643,-0.004497751124437732
2025-05-20,33300,33600,32950,33300,7748,0.003012048192771122
2025-05-21,33300,33600,32900,33500,5700,0.006006006006006093
2025-05-22,33300,33900,33250,33750,14178,0.00746268656716409
2025-05-23,33800,34600,33600,33700,17692,-0.001481481481481528
2025-05-26,33450,33750,33300,33400,3343,-0.008902077151335286
2025-05-27,33950,34650,33400,34450,19009,0.0314371257485031
2025-05-28,34800,35300,34500,34900,22814,0.013062409288824295
2025-05-29,34900,35150,34600,35000,7132,0.002865329512893977
2025-05-30,35300,35800,34650,35000,15878,0.0
2025-06-02,35000,35250,34600,34700,6346,-0.008571428571428563
2025-06-04,35050,35850,35050,35500,20599,0.023054755043227626
2025-06-05,35900,37050,35250,36350,23593,0.023943661971830954
2025-06-09,36350,37500,36300,36550,37681,0.005502063273727709
2025-06-10,37200,37200,36000,36250,12766,-0.008207934336525335
2025-06-11,36800,37000,36100,36550,10807,0.008275862068965578
2025-06-12,36650,36650,35800,35900,10086,-0.017783857729138153
2025-06-13,35950,36500,34950,35300,14671,-0.01671309192200554
2025-06-16,35000,35800,34500,35550,11067,0.007082152974504208
2025-06-17,35600,35950,34800,35550,8525,0.0
2025-06-18,35550,36250,35200,35500,13208,-0.0014064697609000865
2025-06-19,36000,38250,35800,36650,56367,0.032394366197183055
2025-06-20,37750,41300,37750,40000,157528,0.09140518417462484
2025-06-23,39800,42350,39300,42200,68674,0.05499999999999994
2025-06-24,42600,42900,41750,42000,28745,-0.004739336492891044
2025-06-25,41700,43150,40450,40950,31971,-0.025000000000000022
2025-06-26,41350,41350,39350,39600,29237,-0.03296703296703296
2025-06-27,39550,40000,38900,39000,8411,-0.015151515151515138
2025-06-30,39000,39650,38900,39200,6962,0.00512820512820511
2025-07-01,39250,40250,39200,39700,7134,0.012755102040816313
2025-07-02,39700,39950,39100,39950,6626,0.006297229219143663
2025-07-03,39950,40600,39650,40000,9145,0.0012515644555695093
2025-07-04,40000,40500,39000,39750,12897,-0.006249999999999978
2025-07-07,39800,40500,39150,40200,6152,0.01132075471698113
2025-07-08,40200,40500,39850,40300,6869,0.0024875621890547706
2025-07-09,40300,42000,39850,41900,18274,0.03970223325062028
2025-07-10,41600,42700,41300,42300,10526,0.009546539379474916
2025-07-11,42300,43250,41750,42450,10813,0.0035460992907800915
2025-07-14,43100,44500,42050,42800,32679,0.008244994110718551
2025-07-15,42850,43650,41400,42500,7807,-0.007009345794392496
2025-07-16,42900,42900,41000,42100,9442,-0.009411764705882342
2025-07-17,42150,42150,41100,41950,7305,-0.0035629453681710332
2025-07-18,41900,41900,41100,41200,5172,-0.017878426698450522
2025-07-21,41200,41550,40900,41350,6562,0.00364077669902918
2025-07-22,41800,41800,39800,40150,12259,-0.029020556227327687
2025-07-23,40100,40150,39100,39300,10027,-0.021170610211706076
2025-07-24,40000,40550,38500,39000,10745,-0.007633587786259555
2025-07-25,39950,39950,38650,39100,7593,0.002564102564102555
2025-07-28,39100,39600,37800,37800,10961,-0.03324808184143224
2025-07-29,37800,38150,37300,37650,6167,-0.003968253968253954
2025-07-30,38000,38050,37500,37850,4298,0.005312084993359889
2025-07-31,37800,38350,37700,38050,6152,0.005284015852047519
2025-08-01,38850,38850,36500,37000,7168,-0.02759526938239154
2025-08-04,36950,39150,36250,36850,14404,-0.004054054054054013
2025-08-05,37500,37550,36700,36800,6948,-0.0013568521031207537
2025-08-06,36800,37750,36650,36800,4165,0.0
2025-08-07,36800,37950,36800,37000,5376,0.005434782608695565
2025-08-08,37000,38300,36800,37600,8109,0.016216216216216273
2025-08-11,38700,39950,38250,39400,24853,0.0478723404255319
2025-08-12,39400,39950,37850,37900,9947,-0.03807106598984766
2025-08-13,38400,38400,36600,37250,12150,-0.01715039577836408
2025-08-14,36850,37450,36750,36800,8085,-0.012080536912751683
2025-08-18,37050,37700,36550,37550,13946,0.020380434782608647
2025-08-19,37550,37550,35250,37100,6476,-0.011984021304926817
2025-08-20,37850,37850,36000,36850,10779,-0.006738544474393482
2025-08-21,36800,40500,36350,40050,49455,0.08683853459972868
2025-08-22,39750,40550,39600,39800,10620,-0.006242197253433224
2025-08-25,39800,40600,39400,40500,11952,0.017587939698492372
2025-08-26,40500,42700,40100,42200,36286,0.041975308641975406
2025-08-27,42250,44000,42000,43200,41169,0.023696682464454888
2025-08-28,43200,43750,42500,43500,19214,0.00694444444444442
2025-08-29,43900,44800,40100,41000,94099,-0.05747126436781613
2025-09-01,41400,41400,39650,40150,16692,-0.02073170731707319
2025-09-02,40150,40250,39200,40000,11234,-0.0037359900373599153
2025-09-03,40000,40300,39350,39950,8826,-0.0012499999999999734
2025-09-04,39500,41400,39500,40500,17131,0.013767209011264159
2025-09-05,40500,42200,40500,42200,21822,0.041975308641975406
2025-09-08,42700,42700,41200,41500,7961,-0.016587677725118488
2025-09-09,41500,43600,41500,42800,21239,0.031325301204819356
2025-09-10,42800,42850,41600,41850,7578,-0.02219626168224298
2025-09-11,41850,41900,40700,40850,7208,-0.02389486260453999
2025-09-12,41350,42100,40850,42100,8123,0.030599755201958345
2025-09-15,42100,42700,41700,42200,9024,0.002375296912114022
2025-09-16,42400,42500,41200,41300,7350,-0.021327014218009532
2025-09-17,41350,41750,40650,40800,5418,-0.01210653753026636
2025-09-18,40900,42000,40850,41100,12124,0.007352941176470562
2025-09-19,41500,42450,40500,40750,6711,-0.008515815085158196
2025-09-22,40950,43850,40750,43000,40145,0.05521472392638027
2025-09-23,43000,43300,42050,43200,14542,0.0046511627906977715
2025-09-24,42450,43150,41750,41950,9390,-0.02893518518518523
2025-09-25,41850,42000,40650,41600,12006,-0.008343265792610244
2025-09-26,41600,43000,41250,41600,9307,0.0
2025-09-29,41650,43000,41650,42600,10405,0.024038461538461453
2025-09-30,42200,42550,40300,40300,20472,-0.0539906103286385
2025-10-01,40150,40300,37850,37950,45797,-0.058312655086848686
2025-10-02,37800,38900,37550,38050,20780,0.0026350461133068936
2025-10-10,38050,38050,36450,36700,25385,-0.03547963206307492
2025-10-13,36700,37500,36400,37150,19784,0.012261580381471404
2025-10-14,36800,37250,36100,36350,21148,-0.021534320323014833
2025-10-15,36400,37250,36400,37000,9179,0.017881705639614776
2025-10-16,37000,37500,37000,37300,10020,0.008108108108108025
2025-10-17,37300,38000,36700,36850,6992,-0.012064343163538882
2025-10-20,36850,40450,36700,38250,37229,0.037991858887381325
2025-10-21,39000,39000,37350,37550,10498,-0.018300653594771288
2025-10-22,37900,38000,37300,37950,4470,0.010652463382157196
2025-10-23,37950,38000,37500,37950,3710,0.0
2025-10-24,37950,38900,37250,37850,7092,-0.0026350461133070047
2025-10-27,37500,37550,37000,37300,11189,-0.014531043593130732
2025-10-28,37300,37550,36500,37150,15601,-0.004021447721179627
2025-10-29,38000,38000,36050,36450,19207,-0.018842530282637937
2025-10-30,36200,36400,35600,35600,26284,-0.023319615912208547
2025-10-31,35950,35950,35250,35300,11680,-0.008426966292134797
2025-11-03,35400,36450,35400,36000,9696,0.019830028328611915
2025-11-04,36450,36700,35600,36250,8716,0.00694444444444442
2025-11-05,35950,37250,35500,36800,21960,0.015172413793103523
2025-11-06,37900,37900,36600,37100,7848,0.008152173913043459
2025-11-07,36850,37700,36750,37300,17486,0.005390835579514919
2025-11-10,37300,38800,37300,38650,28201,0.036193029490616535
2025-11-11,38500,39100,38250,38750,14250,0.002587322121604174
2025-11-12,38750,40000,38500,39850,17759,0.028387096774193488
2025-11-13,39500,40500,39450,40050,19708,0.005018820577164407
2025-11-14,40050,43500,39850,42350,66733,0.057428214731585436
2025-11-17,42000,42100,39200,40900,28404,-0.03423848878394331
2025-11-18,40900,41250,39700,39750,11481,-0.028117359413202925
2025-11-19,39750,40650,39250,40200,9406,0.01132075471698113
2025-11-20,40150,42100,40150,42000,14910,0.04477611940298498
2025-11-21,41100,41900,41100,41900,8376,-0.0023809523809523725
2025-11-24,41500,42650,40850,41100,9676,-0.019093078758949833
2025-11-25,41100,41150,40300,40750,5259,-0.008515815085158196
2025-11-26,40800,41100,40000,40400,10663,-0.008588957055214674
