Date,Open,High,Low,Close,Volume,Change
2022-01-03,3410,3510,3395,3495,428165,0.024926686217008776
2022-01-04,3520,3545,3465,3545,353359,0.014306151645207432
2022-01-05,3565,3570,3495,3500,335905,-0.012693935119887145
2022-01-06,3575,3945,3530,3580,9147478,0.02285714285714291
2022-01-07,3645,3655,3545,3555,902690,-0.006983240223463638
2022-01-10,3575,3575,3440,3470,586593,-0.023909985935302358
2022-01-11,3445,3495,3355,3405,558894,-0.018731988472622474
2022-01-12,3405,3485,3405,3455,367509,0.014684287812041008
2022-01-13,3520,4485,3500,4385,58388922,0.26917510853835025
2022-01-14,4275,4355,4135,4330,15118336,-0.012542759407069504
2022-01-17,4605,5300,4600,4620,106076570,0.06697459584295617
2022-01-18,4490,4525,4270,4490,17222842,-0.02813852813852813
2022-01-19,4355,4655,4110,4130,26306830,-0.08017817371937641
2022-01-20,3895,4315,3860,4180,19562021,0.012106537530266248
2022-01-21,4090,4430,4090,4100,15706417,-0.019138755980861233
2022-01-24,4085,4085,3870,3910,4906626,-0.04634146341463419
2022-01-25,4060,4345,3900,4100,30158992,0.04859335038363177
2022-01-26,4065,4220,4020,4095,7705227,-0.0012195121951219523
2022-01-27,4120,4130,3520,3520,7455676,-0.14041514041514036
2022-01-28,3450,3775,3310,3525,6815287,0.0014204545454545858
2022-02-03,3595,3825,3575,3695,5873230,0.04822695035461
2022-02-04,3685,3865,3630,3790,3759748,0.025710419485791558
2022-02-07,3820,3900,3765,3865,2579281,0.01978891820580464
2022-02-08,3865,3900,3650,3690,2525478,-0.04527813712807249
2022-02-09,3810,4180,3750,4015,22156802,0.08807588075880757
2022-02-10,4165,4190,3965,3975,8380765,-0.00996264009962644
2022-02-11,3910,4115,3765,4100,7103578,0.03144654088050314
2022-02-14,4095,4300,3940,4100,17619162,0.0
2022-02-15,4310,4370,3825,3840,15443886,-0.06341463414634141
2022-02-16,3805,4005,3805,3865,3343185,0.006510416666666741
2022-02-17,3935,4080,3835,4015,6938893,0.03880983182406217
2022-02-18,3930,4025,3930,3960,2494152,-0.013698630136986356
2022-02-21,4040,4055,3930,3960,3228646,0.0
2022-02-22,3970,4065,3925,4005,5635079,0.011363636363636465
2022-02-23,4100,4160,3960,3985,8275950,-0.004993757802746579
2022-02-24,4025,4160,3980,4125,13030010,0.035131744040150625
2022-02-25,4360,4575,4155,4200,35576117,0.018181818181818077
2022-02-28,4230,4380,4100,4105,7552660,-0.02261904761904765
2022-03-02,4210,4435,4180,4415,17979458,0.07551766138855065
2022-03-03,4495,4515,4320,4335,10921787,-0.01812004530011324
2022-03-04,4405,4640,4400,4400,19822486,0.014994232987312506
2022-03-07,4470,4525,4330,4345,4174474,-0.012499999999999956
2022-03-08,4375,4385,4055,4055,6307104,-0.06674338319907935
2022-03-10,3995,4020,3800,4005,2329942,-0.012330456226880449
2022-03-11,4040,4075,3935,3960,2039480,-0.011235955056179803
2022-03-14,3990,4225,3855,4085,6887484,0.031565656565656575
2022-03-15,4040,4200,3980,3980,3630568,-0.025703794369645094
2022-03-16,3990,4050,3960,3965,1299961,-0.0037688442211055717
2022-03-17,3980,4040,3970,3980,1495312,0.003783102143757988
2022-03-18,4030,4080,3990,4000,1670874,0.005025125628140614
2022-03-21,4015,4075,3960,4075,1716629,0.018750000000000044
2022-03-22,4135,4150,4035,4055,1900468,-0.004907975460122671
2022-03-23,4075,4170,4050,4100,3137755,0.011097410604192337
2022-03-24,4135,4200,4105,4105,2944665,0.0012195121951219523
2022-03-25,4105,4105,4000,4005,1418869,-0.02436053593179055
2022-03-28,4005,4350,3950,4155,14600763,0.03745318352059934
2022-03-29,4155,4250,4030,4030,3924654,-0.030084235860409092
2022-03-30,4050,4095,4010,4010,1360988,-0.00496277915632759
2022-03-31,4010,4065,4000,4015,1070417,0.0012468827930174342
2022-04-01,4015,4020,3950,3980,1036221,-0.008717310087173136
2022-04-04,3980,4015,3980,3990,587459,0.002512562814070307
2022-04-05,4010,4070,3995,4000,1031634,0.0025062656641603454
2022-04-06,4000,4010,3940,3940,869718,-0.015000000000000013
2022-04-07,3875,3915,3800,3810,1092944,-0.032994923857868064
2022-04-08,3815,3860,3730,3780,740202,-0.007874015748031482
2022-04-11,3740,3825,3725,3755,435334,-0.006613756613756627
2022-04-12,3720,3740,3615,3655,769485,-0.026631158455392767
2022-04-13,3655,3775,3655,3740,480430,0.023255813953488413
2022-04-14,3745,3830,3745,3815,493749,0.020053475935828846
2022-04-15,3805,3810,3765,3790,300231,-0.006553079947575369
2022-04-18,3770,3810,3760,3760,306157,-0.0079155672823219
2022-04-19,3745,3830,3745,3830,559765,0.018617021276595702
2022-04-20,3835,3940,3815,3925,1012473,0.024804177545691974
2022-04-21,3925,3935,3855,3865,564401,-0.015286624203821653
2022-04-22,3865,3995,3795,3870,2173138,0.001293661060802087
2022-04-25,3810,3870,3750,3760,785138,-0.028423772609819098
2022-04-26,3775,3805,3750,3760,489127,0.0
2022-04-27,3650,3720,3640,3675,571103,-0.022606382978723416
2022-04-28,3700,3730,3660,3675,393057,0.0
2022-04-29,3675,3770,3665,3665,525430,-0.0027210884353741083
2022-05-02,3600,3690,3600,3670,336142,0.0013642564802183177
2022-05-03,3685,3700,3670,3675,286880,0.0013623978201635634
2022-05-04,3675,3790,3615,3755,854952,0.021768707482993088
2022-05-06,3675,3680,3630,3655,496466,-0.026631158455392767
2022-05-09,3585,3630,3520,3525,500632,-0.035567715458276306
2022-05-10,3400,3535,3335,3445,589232,-0.02269503546099294
2022-05-11,3400,3480,3400,3420,294184,-0.007256894049346929
2022-05-12,3350,3390,3240,3250,729712,-0.049707602339181256
2022-05-13,3435,3530,3310,3445,1478161,0.06000000000000005
2022-05-16,3455,3550,3420,3460,739494,0.004354136429608024
2022-05-17,3445,3510,3445,3495,286882,0.01011560693641611
2022-05-18,3495,3575,3470,3475,380880,-0.005722460658083017
2022-05-19,3380,3425,3370,3400,262579,-0.021582733812949617
2022-05-20,3405,3510,3400,3420,351130,0.00588235294117645
2022-05-23,3420,3460,3400,3405,243528,-0.004385964912280715
2022-05-24,3435,3435,3330,3335,371626,-0.02055800293685761
2022-05-25,3310,3430,3310,3350,434016,0.004497751124437732
2022-05-26,3360,3425,3330,3350,260221,0.0
2022-05-27,3365,3410,3350,3355,202129,0.0014925373134329067
2022-05-30,3355,3450,3350,3410,323951,0.016393442622950838
2022-05-31,3420,3420,3385,3420,198791,0.0029325513196480912
2022-06-02,3405,3440,3380,3425,209694,0.0014619883040936088
2022-06-03,3425,3485,3420,3440,276617,0.004379562043795637
2022-06-07,3420,3440,3360,3375,240989,-0.018895348837209336
2022-06-08,3350,3385,3350,3360,206461,-0.004444444444444473
2022-06-09,3335,3540,3250,3345,1259056,-0.004464285714285698
2022-06-10,3265,3345,3265,3285,276540,-0.017937219730941756
2022-06-13,3225,3250,3090,3090,654243,-0.05936073059360736
2022-06-14,3000,3230,2955,3010,964127,-0.02588996763754048
2022-06-15,2975,3075,2935,2935,754816,-0.02491694352159468
2022-06-16,2955,3040,2925,2935,364202,0.0
2022-06-17,2850,3030,2805,3025,803770,0.030664395229982988
2022-06-20,3035,3290,3025,3050,1922870,0.008264462809917328
2022-06-21,3010,3235,3010,3110,745272,0.01967213114754096
2022-06-22,3115,3200,2970,2985,642584,-0.04019292604501612
2022-06-23,3010,3640,3010,3080,27364616,0.031825795644891075
2022-06-24,2990,3070,2935,3020,2748110,-0.01948051948051943
2022-06-27,3070,3110,2985,3070,2109684,0.01655629139072845
2022-06-28,3080,3280,3075,3160,4328138,0.02931596091205213
2022-06-29,3100,3225,3080,3175,1246890,0.004746835443038
2022-06-30,3175,3190,3030,3030,1096721,-0.04566929133858266
2022-07-01,3040,3085,2925,2940,763773,-0.02970297029702973
2022-07-04,2940,2970,2810,2830,761563,-0.0374149659863946
2022-07-05,2835,2915,2835,2895,595302,0.0229681978798586
2022-07-06,2890,2940,2820,2830,555183,-0.022452504317789335
2022-07-07,2845,2890,2840,2860,282172,0.010600706713780994
2022-07-08,2915,3135,2915,2950,2978532,0.03146853146853146
2022-07-11,2975,3000,2940,2950,324835,0.0
2022-07-12,2905,2950,2840,2880,553032,-0.023728813559321993
2022-07-13,2850,2945,2825,2905,373790,0.00868055555555558
2022-07-14,2860,2910,2840,2865,339157,-0.013769363166953541
2022-07-15,2895,2915,2845,2875,295257,0.003490401396160525
2022-07-18,2920,3040,2900,2960,824162,0.029565217391304355
2022-07-19,2960,3010,2935,2985,395151,0.008445945945946054
2022-07-20,3015,3030,2975,2995,473895,0.003350083752093891
2022-07-21,3000,3020,2995,3010,269440,0.005008347245408995
2022-07-22,3020,3080,3005,3010,415563,0.0
2022-07-25,3010,3045,2990,3015,305701,0.0016611295681063787
2022-07-26,3000,3070,3000,3045,341260,0.00995024875621886
2022-07-27,3025,3045,3010,3040,250247,-0.0016420361247947435
2022-07-28,3110,3195,3080,3120,3148960,0.026315789473684292
2022-07-29,3130,3145,3105,3115,598722,-0.0016025641025640969
2022-08-01,3090,3175,3085,3105,591237,-0.0032102728731941976
2022-08-02,3090,3140,3080,3110,333327,0.0016103059581320522
2022-08-03,3110,3130,3080,3130,262019,0.006430868167202508
2022-08-04,3140,3155,3095,3105,334708,-0.007987220447284393
2022-08-05,3085,3175,3085,3165,511644,0.019323671497584627
2022-08-08,3185,3195,3135,3175,380930,0.003159557661927437
2022-08-09,3175,3220,3125,3195,631127,0.006299212598425141
2022-08-10,3195,3235,3150,3165,532830,-0.009389671361502372
2022-08-11,3185,3240,3185,3215,454727,0.01579778830963674
2022-08-12,3240,3265,3225,3240,486582,0.007776049766718529
2022-08-16,3260,3270,3185,3200,441881,-0.012345679012345734
2022-08-17,3240,3240,3125,3175,311047,-0.0078125
2022-08-18,3135,3175,3110,3135,266279,-0.012598425196850394
2022-08-19,3170,3220,3120,3140,344676,0.0015948963317384823
2022-08-22,3085,3125,3000,3010,531781,-0.04140127388535031
2022-08-23,2965,3170,2925,2970,1371419,-0.013289036544850474
2022-08-24,2990,3080,2990,3025,387945,0.0185185185185186
2022-08-25,3045,3110,3035,3080,277553,0.018181818181818077
2022-08-26,3085,3115,3075,3100,273970,0.006493506493506551
2022-08-29,3000,3050,2980,3025,306550,-0.024193548387096753
2022-08-30,3005,3100,3005,3080,216697,0.018181818181818077
2022-08-31,3055,3100,3030,3095,194876,0.004870129870129913
2022-09-01,3065,3090,2980,2980,395364,-0.037156704361874016
2022-09-02,2985,3030,2945,2960,292775,-0.006711409395973145
2022-09-05,2925,3060,2920,2945,367636,-0.0050675675675675436
2022-09-06,2940,3100,2940,3000,633551,0.018675721561969505
2022-09-07,2995,3030,2905,2910,396299,-0.030000000000000027
2022-09-08,2950,2975,2905,2910,159123,0.0
2022-09-13,2925,2995,2925,2985,264617,0.025773195876288568
2022-09-14,2855,2935,2855,2920,229398,-0.021775544388609736
2022-09-15,2960,2960,2890,2905,264919,-0.005136986301369828
2022-09-16,2890,2935,2860,2865,244903,-0.013769363166953541
2022-09-19,2865,2895,2750,2760,471674,-0.03664921465968585
2022-09-20,2750,2800,2750,2785,236375,0.009057971014492683
2022-09-21,2800,2800,2735,2735,184596,-0.01795332136445238
2022-09-22,2680,2720,2570,2640,514719,-0.034734917733089565
2022-09-23,2615,2635,2525,2525,500564,-0.04356060606060608
2022-09-26,2440,2515,2340,2365,624374,-0.06336633663366331
2022-09-27,2325,2415,2300,2365,436033,0.0
2022-09-28,2360,2400,2200,2280,572958,-0.03594080338266381
2022-09-29,2300,2400,2300,2300,363162,0.00877192982456143
2022-09-30,2270,2370,2250,2320,334990,0.008695652173912993
2022-10-04,2370,2430,2335,2420,522105,0.0431034482758621
2022-10-05,2495,2495,2385,2400,291168,-0.008264462809917328
2022-10-06,2430,2520,2400,2470,418956,0.029166666666666563
2022-10-07,2490,2500,2410,2415,323703,-0.022267206477732837
2022-10-11,2335,2365,2210,2225,570899,-0.07867494824016563
2022-10-12,2220,2260,2200,2260,297641,0.01573033707865168
2022-10-13,2430,2550,2200,2200,2838481,-0.026548672566371723
2022-10-14,2255,2290,2230,2260,619652,0.027272727272727337
2022-10-17,2340,2390,2295,2355,1222679,0.042035398230088505
2022-10-18,2390,2490,2355,2390,1168138,0.014861995753715496
2022-10-19,2415,2480,2365,2390,734202,0.0
2022-10-20,2405,2410,2315,2325,361418,-0.027196652719665315
2022-10-21,2315,2335,2255,2275,362965,-0.021505376344086002
2022-10-24,2320,2355,2295,2310,220165,0.01538461538461533
2022-10-25,2325,2345,2295,2295,181606,-0.00649350649350644
2022-10-26,2335,2335,2255,2265,189856,-0.013071895424836555
2022-10-27,2270,2755,2265,2500,19673480,0.10375275938189854
2022-10-28,2520,2545,2430,2460,2498036,-0.016000000000000014
2022-10-31,2470,2540,2430,2515,2001246,0.022357723577235866
2022-11-01,2470,2530,2465,2505,1033943,-0.003976143141153132
2022-11-02,2500,2500,2425,2440,768232,-0.02594810379241519
2022-11-03,2375,2480,2360,2460,591025,0.008196721311475308
2022-11-04,2430,2460,2390,2430,442465,-0.012195121951219523
2022-11-07,2465,2495,2430,2490,534280,0.024691358024691468
2022-11-08,2480,2515,2475,2485,599304,-0.002008032128514081
2022-11-09,2490,2575,2480,2540,1504283,0.02213279678068414
2022-11-10,2510,2530,2480,2510,470729,-0.011811023622047223
2022-11-11,2570,2570,2515,2525,813128,0.005976095617529875
2022-11-14,2510,2640,2510,2610,1794086,0.03366336633663369
2022-11-15,2620,2635,2585,2615,800442,0.0019157088122605526
2022-11-16,2630,2630,2570,2605,437672,-0.003824091778202643
2022-11-17,2600,3385,2595,3265,56537988,0.25335892514395386
2022-11-18,3175,3345,3150,3280,15056193,0.004594180704440953
2022-11-21,3225,3225,3055,3075,4478638,-0.0625
2022-11-22,3120,3380,2985,3010,12461002,-0.021138211382113803
2022-11-23,3080,3100,3015,3080,3152139,0.023255813953488413
2022-11-24,3115,3220,3085,3105,4113952,0.008116883116883189
2022-11-25,3110,3200,3110,3150,2137177,0.01449275362318847
2022-11-28,3155,3160,3010,3010,1289192,-0.0444444444444444
2022-11-29,2985,3145,2930,3065,1958547,0.0182724252491695
2022-11-30,3035,3145,3030,3130,1445145,0.021207177814029254
2022-12-01,3140,3160,3100,3140,1216868,0.0031948881789136685
2022-12-02,3140,3165,3015,3030,1216234,-0.035031847133757954
2022-12-05,3080,3145,3055,3070,1305264,0.013201320132013139
2022-12-06,3080,3225,3010,3010,5535722,-0.019543973941368087
2022-12-07,2940,2970,2860,2875,1280934,-0.04485049833887045
2022-12-08,2905,2905,2765,2800,1072595,-0.02608695652173909
2022-12-09,2825,2875,2760,2815,884497,0.005357142857142838
2022-12-12,2775,2880,2775,2855,577311,0.014209591474245054
2022-12-13,2865,2890,2785,2800,480028,-0.019264448336252182
2022-12-14,2795,2875,2795,2875,466337,0.02678571428571419
2022-12-15,2840,2905,2835,2890,331431,0.00521739130434784
2022-12-16,2795,2865,2795,2850,290620,-0.01384083044982698
2022-12-19,2820,2880,2795,2820,322525,-0.010526315789473717
2022-12-20,2775,2820,2730,2745,498042,-0.02659574468085102
2022-12-21,2755,2800,2745,2800,1196591,0.020036429872495543
2022-12-22,3165,3210,2935,2940,22351556,0.050000000000000044
2022-12-23,2890,2910,2750,2750,2261071,-0.06462585034013602
2022-12-26,2750,2770,2665,2665,1188227,-0.030909090909090886
2022-12-27,2645,2680,2625,2655,713024,-0.0037523452157598447
2022-12-28,2605,2680,2600,2650,837170,-0.0018832391713747842
2022-12-29,2645,2695,2560,2585,759634,-0.024528301886792447
2023-01-02,2570,2615,2500,2505,708510,-0.030947775628626717
2023-01-03,2490,2550,2440,2530,544715,0.009980039920159722
2023-01-04,2510,2600,2510,2590,456678,0.02371541501976293
2023-01-05,2595,2630,2570,2625,462969,0.013513513513513598
2023-01-06,2595,2700,2585,2690,754727,0.024761904761904763
2023-01-09,2715,2745,2700,2745,631256,0.020446096654274992
2023-01-10,2765,2805,2745,2775,779110,0.010928961748633892
2023-01-11,2785,2825,2755,2810,515057,0.012612612612612706
2023-01-12,2810,2840,2765,2790,508634,-0.007117437722419906
2023-01-13,2795,2815,2770,2795,416730,0.0017921146953405742
2023-01-16,2790,2825,2770,2775,419906,-0.007155635062611854
2023-01-17,2780,2840,2775,2775,476345,0.0
2023-01-18,2770,2790,2685,2690,464432,-0.03063063063063065
2023-01-19,2655,2695,2650,2675,341772,-0.005576208178438624
2023-01-20,2665,2720,2645,2715,334879,0.01495327102803734
2023-01-25,2725,2745,2710,2740,425969,0.009208103130755152
2023-01-26,2740,2790,2740,2785,417847,0.01642335766423364
2023-01-27,2800,2810,2755,2785,540454,0.0
2023-01-30,2795,2820,2755,2795,504602,0.0035906642728904536
2023-01-31,2765,2810,2740,2805,456854,0.003577817531305927
2023-02-01,2820,2875,2795,2815,1112955,0.0035650623885918886
2023-02-02,2830,2885,2830,2880,970692,0.023090586145648295
2023-02-03,2905,2905,2835,2840,523112,-0.01388888888888884
2023-02-06,2855,2870,2810,2830,421020,-0.0035211267605633756
2023-02-07,2910,3050,2880,2925,5460765,0.03356890459363959
2023-02-08,2955,2970,2905,2940,842872,0.00512820512820511
2023-02-09,2935,2940,2900,2905,586443,-0.011904761904761862
2023-02-10,2895,2910,2835,2855,625978,-0.01721170395869187
2023-02-13,2830,2885,2820,2860,409931,0.0017513134851139256
2023-02-14,2850,2890,2850,2860,412634,0.0
2023-02-15,2890,2895,2780,2810,563064,-0.0174825174825175
2023-02-16,2815,2850,2810,2835,301774,0.008896797153024938
2023-02-17,2800,2880,2790,2840,341992,0.0017636684303350414
2023-02-20,2850,2875,2795,2875,473029,0.012323943661971759
2023-02-21,2875,2970,2875,2900,858073,0.008695652173912993
2023-02-22,2845,2905,2810,2850,472381,-0.017241379310344862
2023-02-23,2870,2915,2840,2880,360233,0.010526315789473717
2023-02-24,2875,2885,2805,2840,470351,-0.01388888888888884
2023-02-27,2855,2930,2805,2855,891785,0.005281690140845008
2023-02-28,2855,2900,2855,2870,397893,0.005253940455341555
2023-03-02,2900,2960,2865,2935,1020917,0.022648083623693305
2023-03-03,2940,2940,2905,2940,535021,0.0017035775127767216
2023-03-06,2985,3280,2955,3125,18982817,0.06292517006802711
2023-03-07,3080,3200,3040,3200,3204927,0.02400000000000002
2023-03-08,3155,3195,3075,3110,1717511,-0.028124999999999956
2023-03-09,3100,3115,2980,3065,1566068,-0.014469453376205754
2023-03-10,2995,3190,2985,3100,2401412,0.011419249592169667
2023-03-13,3050,3065,2935,2970,1156512,-0.041935483870967794
2023-03-14,2955,3040,2800,2800,1255828,-0.0572390572390572
2023-03-15,2855,3060,2855,3010,2144768,0.07499999999999996
2023-03-16,2970,3005,2875,2910,743259,-0.03322259136212624
2023-03-17,2950,3035,2895,2920,671916,0.0034364261168384758
2023-03-20,2925,3145,2925,3110,3509050,0.06506849315068486
2023-03-21,3150,3185,3060,3155,2120072,0.014469453376205754
2023-03-22,3200,3515,3110,3395,23952266,0.0760697305863709
2023-03-23,3370,3625,3240,3320,13498375,-0.022091310751104598
2023-03-24,3345,3375,3220,3285,2132901,-0.010542168674698815
2023-03-27,3295,3385,3220,3285,2437298,0.0
2023-03-28,3265,3310,3195,3285,1661478,0.0
2023-03-29,3280,3450,3230,3385,4003735,0.030441400304414
2023-03-30,3375,3430,3295,3325,2073945,-0.017725258493353047
2023-03-31,3350,3360,3235,3255,1185528,-0.021052631578947323
2023-04-03,3310,3465,3255,3400,3726425,0.044546850998463894
2023-04-04,3390,3590,3355,3390,6477468,-0.002941176470588225
2023-04-05,3375,3375,3310,3330,1192207,-0.017699115044247815
2023-04-06,3330,3345,3200,3220,1319279,-0.033033033033033066
2023-04-07,3235,3265,3175,3220,700913,0.0
2023-04-10,3250,3410,3200,3265,2244302,0.013975155279503104
2023-04-11,3270,3325,3090,3210,1450055,-0.016845329249617125
2023-04-12,3215,3745,3215,3745,24836887,0.16666666666666674
2023-04-13,3675,3745,3480,3525,6282951,-0.058744993324432615
2023-04-14,3540,3615,3490,3500,4078118,-0.007092198581560294
2023-04-17,3510,3570,3445,3475,2981100,-0.0071428571428571175
2023-04-18,3495,3590,3385,3470,3183767,-0.0014388489208633226
2023-04-19,3470,3575,3455,3540,2494565,0.020172910662824117
2023-04-20,3550,3550,3340,3360,2173099,-0.05084745762711862
2023-04-21,3360,3530,3270,3390,4484219,0.008928571428571397
2023-04-24,3470,3870,3395,3400,23354152,0.002949852507374562
2023-04-25,3320,3370,3205,3250,2456081,-0.044117647058823484
2023-04-26,3200,3250,3115,3115,1409384,-0.041538461538461524
2023-04-27,3075,3230,3075,3220,924885,0.03370786516853941
2023-04-28,3250,3270,3105,3140,804977,-0.024844720496894457
2023-05-02,3145,3305,3145,3290,1075034,0.047770700636942776
2023-05-03,3275,3925,3250,3825,36393088,0.16261398176291797
2023-05-04,3770,3865,3615,3640,9042786,-0.048366013071895475
2023-05-08,3705,3750,3545,3580,3553124,-0.016483516483516536
2023-05-09,3565,3585,3445,3500,1893382,-0.022346368715083775
2023-05-10,3485,3610,3450,3565,2142237,0.01857142857142846
2023-05-11,3555,3660,3495,3500,1513987,-0.018232819074333828
2023-05-12,3500,3605,3445,3480,1390115,-0.005714285714285672
2023-05-15,3510,3675,3510,3605,3045720,0.03591954022988508
2023-05-16,3660,4025,3515,3515,17751451,-0.02496532593619971
2023-05-17,3555,3670,3475,3570,4046490,0.01564722617354186
2023-05-18,3590,3650,3500,3570,2568862,0.0
2023-05-19,3570,3615,3355,3390,3138917,-0.050420168067226934
2023-05-22,3420,3640,3380,3585,4212849,0.05752212389380529
2023-05-23,3565,3635,3545,3550,1600737,-0.009762900976290068
2023-05-24,3525,3580,3470,3505,1333143,-0.012676056338028152
2023-05-25,3580,3655,3415,3425,1770145,-0.022824536376604865
2023-05-26,3435,3440,3340,3375,1259836,-0.014598540145985384
2023-05-30,3385,3405,3340,3375,682456,0.0
2023-05-31,3345,3405,3330,3355,883569,-0.00592592592592589
2023-06-01,3390,3495,3370,3460,1283448,0.03129657228017879
2023-06-02,3475,3500,3405,3455,599120,-0.0014450867052022698
2023-06-05,3455,3495,3445,3465,808547,0.0028943560057888007
2023-06-07,3465,3510,3455,3490,820258,0.00721500721500723
2023-06-08,3490,3490,3380,3400,901972,-0.025787965616045794
2023-06-09,3430,3440,3400,3415,546475,0.004411764705882337
2023-06-12,3415,3425,3340,3390,1086832,-0.007320644216691097
2023-06-13,3415,3515,3405,3425,1922557,0.010324483775811188
2023-06-14,3425,3500,3360,3385,1239008,-0.011678832116788329
2023-06-15,3390,3545,3385,3450,1919558,0.019202363367799125
2023-06-16,3465,3510,3405,3500,977882,0.01449275362318847
2023-06-19,3500,3625,3480,3625,2957073,0.03571428571428581
2023-06-20,3625,3635,3510,3535,1578662,-0.024827586206896513
2023-06-21,3530,3675,3520,3610,3069694,0.021216407355021172
2023-06-22,3560,3950,3545,3950,20185781,0.09418282548476453
2023-06-23,4120,4130,3760,3880,9255085,-0.017721518987341756
2023-06-26,3925,4035,3780,3805,5152020,-0.019329896907216537
2023-06-27,3780,4150,3780,4015,15289090,0.05519053876478308
2023-06-28,4015,5110,3970,4950,65621411,0.23287671232876717
2023-06-29,4830,5110,4725,4950,25900268,0.0
2023-06-30,5160,5210,4285,4410,27787219,-0.10909090909090913
2023-07-03,4410,4845,4405,4780,18250603,0.08390022675736963
2023-07-04,4740,4870,4680,4810,8300406,0.006276150627614996
2023-07-05,4780,5020,4710,4860,9071741,0.01039501039501034
2023-07-06,4880,5160,4805,4970,16380858,0.02263374485596703
2023-07-07,4940,5040,4530,4980,8148228,0.002012072434607548
2023-07-10,4975,5090,4770,4885,5603940,-0.01907630522088355
2023-07-11,4875,5230,4775,5050,10128269,0.03377686796315249
2023-07-12,4990,5290,4830,4870,10221559,-0.035643564356435675
2023-07-13,4900,5350,4850,5230,16895298,0.07392197125256672
2023-07-14,5110,5140,4850,4965,8685016,-0.05066921606118546
2023-07-17,4990,4990,4645,4660,4616217,-0.061430010070493424
2023-07-18,4660,4720,4410,4435,4887939,-0.04828326180257514
2023-07-19,4430,4460,4230,4265,3435294,-0.03833145434047347
2023-07-20,4250,4325,4130,4195,3182320,-0.016412661195779554
2023-07-21,4165,4275,4105,4120,2427519,-0.017878426698450522
2023-07-24,4120,4265,4050,4155,2637255,0.008495145631068013
2023-07-25,4190,4355,4165,4265,4869790,0.026474127557160054
2023-07-26,4280,4285,3725,3800,5377744,-0.10902696365767883
2023-07-27,3785,3935,3780,3800,1746709,0.0
2023-07-28,3730,3930,3730,3890,1372724,0.023684210526315752
2023-07-31,3920,4035,3910,4000,998468,0.028277634961439535
2023-08-01,4025,4030,3840,3920,1435668,-0.020000000000000018
2023-08-02,3895,3970,3785,3835,1052743,-0.02168367346938771
2023-08-03,3805,3845,3710,3810,1202327,-0.006518904823989535
2023-08-04,3770,3825,3700,3770,1037767,-0.01049868766404205
2023-08-07,3795,3895,3715,3730,1892575,-0.010610079575596787
2023-08-08,3735,3870,3685,3815,1223544,0.02278820375335111
2023-08-09,3775,3930,3775,3925,930489,0.028833551769331667
2023-08-10,3880,3960,3800,3940,950171,0.003821656050955413
2023-08-11,3900,4275,3885,4200,3833171,0.06598984771573613
2023-08-14,4165,4170,4000,4070,1500245,-0.030952380952380953
2023-08-16,4030,4030,3785,3785,1631960,-0.07002457002457008
2023-08-17,3735,3780,3605,3780,1072630,-0.0013210039630119352
2023-08-18,3725,3760,3635,3725,660859,-0.014550264550264536
2023-08-21,3700,3830,3680,3760,512649,0.00939597315436247
2023-08-22,3780,3840,3670,3810,649496,0.013297872340425565
2023-08-23,3810,3850,3730,3750,444786,-0.015748031496062964
2023-08-24,3750,3890,3730,3735,948804,-0.0040000000000000036
2023-08-25,3690,3730,3605,3620,786179,-0.030789825970548912
2023-08-28,3630,3730,3610,3700,527915,0.022099447513812098
2023-08-29,3720,3775,3685,3730,482945,0.008108108108108025
2023-08-30,3795,3815,3750,3770,417889,0.01072386058981234
2023-08-31,3800,3805,3710,3720,493699,-0.01326259946949604
2023-09-01,3720,3850,3695,3720,624027,0.0
2023-09-04,3695,3720,3650,3680,365335,-0.010752688172043001
2023-09-05,3680,3705,3635,3645,413534,-0.009510869565217406
2023-09-06,3615,3665,3580,3580,563497,-0.017832647462277085
2023-09-07,3545,3590,3415,3440,1223670,-0.03910614525139666
2023-09-08,3440,3485,3415,3470,565886,0.008720930232558155
2023-09-11,3480,3600,3460,3495,743767,0.007204610951008661
2023-09-12,3510,3535,3385,3390,710900,-0.030042918454935674
2023-09-13,3365,3445,3325,3375,735809,-0.004424778761061954
2023-09-14,3350,3455,3350,3420,489161,0.01333333333333342
2023-09-15,3420,3450,3390,3425,424220,0.0014619883040936088
2023-09-18,3380,3435,3360,3370,354257,-0.016058394160583966
2023-09-19,3355,3720,3295,3695,3218152,0.09643916913946593
2023-09-20,3595,3690,3535,3665,864436,-0.008119079837618393
2023-09-21,3665,3935,3605,3750,3617452,0.023192360163710735
2023-09-22,3775,3885,3620,3750,1588728,0.0
2023-09-25,3700,3755,3585,3610,766152,-0.03733333333333333
2023-09-26,3600,3650,3480,3480,412352,-0.03601108033240996
2023-09-27,3385,3565,3380,3545,286189,0.018678160919540332
2023-10-04,3470,3495,3325,3325,529932,-0.06205923836389282
2023-10-05,3355,3400,3170,3180,958227,-0.043609022556390986
2023-10-06,3170,3280,3170,3260,380096,0.02515723270440251
2023-10-10,3230,3310,3120,3140,618100,-0.036809815950920255
2023-10-11,3165,3275,3165,3220,344024,0.02547770700636942
2023-10-12,3220,3400,3220,3345,789249,0.03881987577639756
2023-10-13,3310,3335,3200,3225,477198,-0.0358744394618834
2023-10-16,3170,3210,3090,3120,556303,-0.032558139534883734
2023-10-17,3145,3255,3145,3190,436068,0.022435897435897356
2023-10-18,3160,3235,3125,3170,332267,-0.006269592476489061
2023-10-19,3170,3170,2990,3030,885782,-0.04416403785488954
2023-10-20,3000,3020,2870,2940,857551,-0.02970297029702973
2023-10-23,2900,2960,2850,2875,680563,-0.022108843537414935
2023-10-24,2875,2935,2770,2905,1129884,0.01043478260869568
2023-10-25,2920,2945,2860,2900,530421,-0.0017211703958691649
2023-10-26,2850,2870,2700,2750,995048,-0.051724137931034475
2023-10-27,2750,2825,2715,2775,442884,0.009090909090909038
2023-10-30,2750,2790,2705,2785,442091,0.003603603603603567
2023-10-31,2810,2810,2675,2705,665328,-0.02872531418312385
2023-11-01,2715,2770,2710,2715,413253,0.003696857670979714
2023-11-02,2770,2825,2750,2820,406491,0.03867403314917128
2023-11-03,2870,3140,2810,2870,2394732,0.01773049645390068
2023-11-06,2930,3045,2905,3020,1057594,0.05226480836236935
2023-11-07,3015,3035,2815,2925,517076,-0.0314569536423841
2023-11-08,2960,2980,2850,2860,410895,-0.022222222222222254
2023-11-09,2860,2895,2835,2860,239642,0.0
2023-11-10,2800,2835,2750,2775,456050,-0.029720279720279685
2023-11-13,2830,2835,2735,2755,338625,-0.007207207207207245
2023-11-14,2780,2815,2770,2800,418092,0.016333938294010864
2023-11-15,2850,2940,2850,2885,578991,0.03035714285714275
2023-11-16,2910,2960,2865,2960,402410,0.025996533795493937
2023-11-17,2950,2950,2860,2870,371343,-0.030405405405405372
2023-11-20,2870,2935,2860,2910,251934,0.013937282229965264
2023-11-21,2920,2985,2910,2975,404061,0.022336769759450092
2023-11-22,2965,3010,2920,3005,497046,0.010084033613445342
2023-11-23,3100,3405,3000,3010,4851791,0.0016638935108153063
2023-11-24,2960,3020,2950,3010,548258,0.0
2023-11-27,3005,3010,2915,2935,512162,-0.02491694352159468
2023-11-28,2920,2965,2920,2945,229108,0.0034071550255536653
2023-11-29,2955,3020,2920,2990,519095,0.015280135823429575
2023-11-30,2965,3035,2965,3020,289236,0.010033444816053505
2023-12-01,3010,3085,2995,3055,484278,0.011589403973509826
2023-12-04,3055,3080,3025,3030,316276,-0.008183306055646433
2023-12-05,2980,3020,2945,2960,381908,-0.02310231023102305
2023-12-06,2965,3065,2935,3025,345050,0.02195945945945943
2023-12-07,3010,3030,2970,2985,285731,-0.013223140495867813
2023-12-08,3000,3005,2970,2980,195089,-0.0016750418760469454
2023-12-11,2985,3065,2985,3005,395875,0.008389261744966348
2023-12-12,3005,3030,2980,3020,279473,0.004991680532445919
2023-12-13,3020,3130,3000,3030,970398,0.0033112582781456013
2023-12-14,3070,3105,3015,3075,398861,0.014851485148514865
2023-12-15,3095,3135,3060,3060,605045,-0.004878048780487809
2023-12-18,3070,3100,3030,3055,347476,-0.0016339869281045694
2023-12-19,3065,3090,3020,3065,293273,0.003273322422258529
2023-12-20,3070,3120,3060,3105,400024,0.013050570962479524
2023-12-21,3080,3125,3060,3100,357689,-0.0016103059581320522
2023-12-22,3110,3160,3010,3030,724926,-0.022580645161290325
2023-12-26,3035,3050,2980,2990,404232,-0.01320132013201325
2023-12-27,2970,3090,2950,2985,837795,-0.0016722408026755842
2023-12-28,2990,3060,2970,3060,544823,0.025125628140703515
2024-01-02,3060,3085,3030,3080,294435,0.006535947712418277
2024-01-03,3050,3080,3035,3045,291228,-0.011363636363636354
2024-01-04,3050,3060,2990,3015,386113,-0.009852216748768461
2024-01-05,3015,3050,2980,3005,301652,-0.0033167495854062867
2024-01-08,3005,3040,2995,3025,303414,0.006655574043261225
2024-01-09,3020,3075,3010,3050,317851,0.008264462809917328
2024-01-10,3050,3080,3035,3055,357161,0.0016393442622950616
2024-01-11,3045,3095,3045,3065,431033,0.003273322422258529
2024-01-12,3065,3080,2980,3025,636600,-0.013050570962479635
2024-01-15,3030,3095,3015,3075,636622,0.016528925619834656
2024-01-16,3050,3115,3010,3020,444036,-0.01788617886178867
2024-01-17,3010,3030,2890,2890,739297,-0.04304635761589404
2024-01-18,2880,2930,2870,2910,278565,0.006920415224913601
2024-01-19,2945,3485,2945,3400,19354562,0.16838487972508598
2024-01-22,3430,3450,3340,3370,3925878,-0.008823529411764675
2024-01-23,3440,3630,3390,3400,7230024,0.008902077151335286
2024-01-24,3445,3530,3340,3435,2973742,0.010294117647058787
2024-01-25,3530,3680,3425,3425,6217217,-0.0029112081513827937
2024-01-26,3425,3500,3310,3455,1780908,0.008759124087591275
2024-01-29,3455,3475,3210,3215,1942334,-0.06946454413892911
2024-01-30,3300,3515,3285,3350,4130664,0.04199066874028001
2024-01-31,3350,3440,3300,3400,1165045,0.014925373134328401
2024-02-01,3390,3505,3365,3485,2051088,0.02499999999999991
2024-02-02,3515,3575,3435,3440,1629090,-0.012912482065997155
2024-02-05,3440,3445,3330,3350,713331,-0.026162790697674465
2024-02-06,3300,3395,3270,3345,798009,-0.0014925373134327957
2024-02-07,3375,3395,3325,3355,762232,0.002989536621823552
2024-02-08,3355,3375,3280,3325,836501,-0.008941877794336861
2024-02-13,3390,3550,3385,3490,3094466,0.049624060150375904
2024-02-14,3420,3535,3400,3490,1556879,0.0
2024-02-15,3535,3625,3475,3625,2322755,0.0386819484240688
2024-02-16,3595,3610,3485,3580,1905245,-0.012413793103448256
2024-02-19,3555,3555,3450,3490,1200588,-0.025139664804469275
2024-02-20,3460,3535,3460,3475,754802,-0.004297994269340966
2024-02-21,3435,3505,3410,3430,881900,-0.012949640287769792
2024-02-22,3470,3525,3455,3495,913773,0.01895043731778423
2024-02-23,3540,3540,3325,3395,1173375,-0.028612303290414864
2024-02-26,3395,3460,3345,3400,659958,0.0014727540500736325
2024-02-27,3420,3440,3330,3335,618857,-0.019117647058823573
2024-02-28,3320,3355,3290,3310,468382,-0.007496251874062998
2024-02-29,3295,3320,3235,3275,404833,-0.010574018126888185
2024-03-04,3330,3375,3270,3355,483668,0.02442748091603053
2024-03-05,3375,3490,3355,3450,1217711,0.028315946348733245
2024-03-06,3435,3470,3395,3420,678417,-0.008695652173912993
2024-03-07,3405,3435,3330,3330,589732,-0.02631578947368418
2024-03-08,3340,3380,3265,3300,593441,-0.009009009009009028
2024-03-11,3255,3325,3255,3270,359908,-0.009090909090909038
2024-03-12,3270,3285,3170,3185,778530,-0.025993883792048922
2024-03-13,3180,3245,3180,3245,458332,0.018838304552590168
2024-03-14,3290,3850,3250,3660,24653626,0.12788906009244982
2024-03-15,3620,3645,3485,3610,3850385,-0.013661202185792365
2024-03-18,3610,3660,3520,3630,2559116,0.005540166204986097
2024-03-19,3595,3760,3550,3580,3261985,-0.01377410468319562
2024-03-20,3600,3600,3495,3555,993447,-0.006983240223463638
2024-03-21,3570,3780,3525,3720,4957086,0.04641350210970474
2024-03-22,4010,4010,3610,3690,8854629,-0.008064516129032251
2024-03-25,3720,3980,3695,3980,8122892,0.07859078590785917
2024-03-26,4115,4520,3800,3830,26283416,-0.03768844221105527
2024-03-27,3950,3950,3555,3575,5787610,-0.06657963446475201
2024-03-28,3575,3650,3520,3525,2952126,-0.013986013986013957
2024-03-29,3560,3590,3390,3425,3635684,-0.028368794326241176
2024-04-01,3410,3505,3405,3445,1193048,0.005839416058394109
2024-04-02,3460,3465,3300,3325,1684351,-0.03483309143686497
2024-04-03,3290,3410,3255,3350,1387660,0.007518796992481258
2024-04-04,3370,3555,3365,3510,2949195,0.047761194029850795
2024-04-05,3455,3505,3375,3390,1172029,-0.03418803418803418
2024-04-08,3390,3425,3310,3340,860311,-0.014749262536873142
2024-04-09,3370,3485,3305,3320,1528800,-0.005988023952095856
2024-04-11,3305,3305,3210,3220,1117848,-0.030120481927710885
2024-04-12,3215,3385,3195,3280,1554910,0.01863354037267073
2024-04-15,3370,3510,3310,3400,3461392,0.03658536585365857
2024-04-16,3400,3450,3220,3240,1480934,-0.04705882352941182
2024-04-17,3280,3300,3225,3275,737600,0.010802469135802406
2024-04-18,3595,3650,3320,3360,6793657,0.025954198473282508
2024-04-19,3425,3475,3250,3320,2973408,-0.011904761904761862
2024-04-22,3350,3380,3255,3255,885598,-0.01957831325301207
2024-04-23,3300,3350,3230,3240,1226350,-0.004608294930875556
2024-04-24,3255,3290,3225,3290,764620,0.015432098765432167
2024-04-25,3285,3290,3230,3230,567670,-0.018237082066869248
2024-04-26,3230,3255,3210,3235,557747,0.001547987616099089
2024-04-29,3245,3310,3240,3310,995790,0.023183925811437467
2024-04-30,3320,3425,3295,3330,1610373,0.0060422960725075026
2024-05-02,3310,3360,3305,3320,562722,-0.0030030030030030463
2024-05-03,3325,3385,3295,3315,990979,-0.001506024096385561
2024-05-07,3340,3385,3325,3335,667641,0.006033182503770718
2024-05-08,3330,3370,3315,3345,793234,0.0029985007496251548
2024-05-09,3360,3365,3320,3320,522782,-0.007473841554558991
2024-05-10,3335,3340,3260,3285,644367,-0.010542168674698815
2024-05-13,3295,3375,3285,3335,1070294,0.015220700152207112
2024-05-14,3365,3430,3355,3365,1408532,0.008995502248875464
2024-05-16,3395,3395,3340,3345,788004,-0.005943536404160454
2024-05-17,3345,3345,3290,3290,596135,-0.01644245142002987
2024-05-20,3325,3485,3310,3470,3426423,0.054711246200607855
2024-05-21,3550,3575,3395,3410,4000190,-0.01729106628242072
2024-05-22,3455,3480,3340,3350,1503491,-0.017595307917888547
2024-05-23,3335,3335,3250,3295,955648,-0.016417910447761197
2024-05-24,3265,3290,3185,3215,1194949,-0.02427921092564489
2024-05-27,3215,3225,3075,3115,1603161,-0.031104199066874005
2024-05-28,3115,3170,3115,3130,653116,0.0048154093097914075
2024-05-29,3165,3170,3095,3100,570085,-0.009584664536741228
2024-05-30,3090,3155,3090,3100,532354,0.0
2024-05-31,3100,3115,3070,3100,334113,0.0
2024-06-03,3090,3135,3085,3115,498817,0.004838709677419395
2024-06-04,3110,3120,3060,3060,456998,-0.017656500802568198
2024-06-05,3045,3075,2995,3065,770289,0.0016339869281045694
2024-06-07,3070,3090,3020,3020,451772,-0.014681892332789603
2024-06-10,3010,3030,2975,3025,563892,0.0016556291390728006
2024-06-11,3030,3030,2975,3000,413352,-0.008264462809917328
2024-06-12,3005,3025,2995,3010,300362,0.0033333333333334103
2024-06-13,3010,3045,2995,3035,387948,0.008305647840531671
2024-06-14,3050,3050,2990,2990,426694,-0.014827018121911006
2024-06-17,3035,3050,3000,3010,284119,0.006688963210702337
2024-06-18,3010,3025,2950,2965,441673,-0.014950166112956853
2024-06-19,2980,2985,2920,2930,386237,-0.01180438448566612
2024-06-20,2925,2960,2915,2940,223114,0.0034129692832765013
2024-06-21,2925,2960,2915,2920,330359,-0.006802721088435382
2024-06-24,2910,2935,2850,2850,562231,-0.023972602739726012
2024-06-25,2840,2955,2840,2950,341835,0.03508771929824572
2024-06-26,2970,2970,2920,2925,257762,-0.008474576271186418
2024-06-27,2905,2925,2895,2895,227375,-0.01025641025641022
2024-06-28,2885,2950,2885,2945,138841,0.017271157167530138
2024-07-01,2915,2975,2895,2925,274024,-0.006791171477079749
2024-07-02,2900,2940,2860,2860,368144,-0.022222222222222254
2024-07-03,2860,2890,2835,2840,250292,-0.006993006993006978
2024-07-04,2850,2865,2800,2815,279169,-0.008802816901408494
2024-07-05,2800,2880,2780,2880,466464,0.023090586145648295
2024-07-08,2870,2900,2835,2875,268847,-0.0017361111111111605
2024-07-09,2875,2915,2875,2910,188068,0.012173913043478368
2024-07-10,2900,2920,2880,2895,275884,-0.005154639175257714
2024-07-11,2900,2920,2860,2870,286456,-0.008635578583765069
2024-07-12,2870,2880,2825,2830,254912,-0.013937282229965153
2024-07-15,2835,2880,2830,2875,196077,0.01590106007067127
2024-07-16,2870,2880,2820,2835,265607,-0.013913043478260834
2024-07-17,2835,2935,2835,2845,392452,0.003527336860670305
2024-07-18,2845,2855,2760,2780,373042,-0.02284710017574687
2024-07-19,2765,2810,2760,2775,144478,-0.0017985611510791255
2024-07-22,2775,2800,2705,2720,324112,-0.01981981981981984
2024-07-23,2720,2765,2705,2740,298890,0.007352941176470562
2024-07-24,2735,2755,2715,2720,198837,-0.007299270072992692
2024-07-25,2675,2700,2600,2625,538555,-0.03492647058823528
2024-07-26,2630,2695,2630,2685,225004,0.02285714285714291
2024-07-29,2680,2740,2680,2700,198058,0.005586592178770999
2024-07-30,2700,2715,2640,2645,173354,-0.020370370370370372
2024-07-31,2625,2680,2615,2680,194140,0.013232514177693666
2024-08-01,2685,2740,2685,2735,163964,0.020522388059701413
2024-08-02,2665,2690,2600,2610,384698,-0.04570383912248632
2024-08-05,2590,2595,2160,2230,1426306,-0.14559386973180077
2024-08-06,2200,2410,2200,2370,867605,0.06278026905829592
2024-08-07,2350,2460,2350,2430,286972,0.025316455696202445
2024-08-08,2400,2425,2360,2405,179008,-0.010288065843621408
2024-08-09,2425,2470,2425,2450,198311,0.018711018711018657
2024-08-12,2480,2530,2460,2525,263177,0.030612244897959107
2024-08-13,2515,2540,2455,2470,182287,-0.0217821782178218
2024-08-14,2490,2565,2490,2555,306583,0.03441295546558698
2024-08-16,2570,2590,2540,2590,275721,0.013698630136986356
2024-08-19,2570,2590,2520,2525,232635,-0.025096525096525046
2024-08-20,2545,2600,2540,2585,197217,0.023762376237623783
2024-08-21,2590,2600,2550,2560,127336,-0.009671179883945835
2024-08-22,2560,2590,2480,2520,199026,-0.015625
2024-08-23,2475,2525,2470,2490,151551,-0.011904761904761862
2024-08-26,2505,2565,2475,2530,257245,0.016064257028112428
2024-08-27,2530,2590,2475,2590,209984,0.02371541501976293
2024-08-28,2580,2595,2475,2495,314238,-0.03667953667953672
2024-08-29,2470,2470,2420,2445,173225,-0.02004008016032066
2024-08-30,2435,2480,2430,2480,134143,0.014314928425357865
2024-09-02,2480,2500,2440,2465,109981,-0.006048387096774244
2024-09-03,2470,2500,2460,2465,131197,0.0
2024-09-04,2380,2390,2325,2335,359427,-0.05273833671399597
2024-09-05,2340,2380,2290,2310,217811,-0.010706638115631661
2024-09-06,2300,2320,2260,2270,249337,-0.017316017316017285
2024-09-09,2195,2330,2150,2305,195885,0.01541850220264318
2024-09-10,2295,2350,2275,2280,170513,-0.010845986984815648
2024-09-11,2270,2320,2255,2270,169543,-0.004385964912280715
2024-09-12,2290,2360,2290,2350,130352,0.03524229074889873
2024-09-13,2350,2375,2325,2355,137637,0.0021276595744681437
2024-09-19,2370,2375,2300,2360,162511,0.002123142250530785
2024-09-20,2370,2415,2370,2390,171978,0.012711864406779627
2024-09-23,2395,2395,2370,2385,135956,-0.0020920502092049986
2024-09-24,2385,2430,2385,2425,152867,0.016771488469601747
2024-09-25,2445,2530,2425,2425,545061,0.0
2024-09-26,2450,2490,2445,2485,222431,0.024742268041237025
2024-09-27,2495,2525,2475,2485,236939,0.0
2024-09-30,2485,2510,2445,2445,126494,-0.01609657947686116
2024-10-02,2390,2615,2370,2425,1415224,-0.008179959100204526
2024-10-04,2495,2610,2475,2505,2709015,0.03298969072164959
2024-10-07,2490,2540,2455,2500,455261,-0.001996007984031989
2024-10-08,2480,2680,2455,2530,1903759,0.01200000000000001
2024-10-10,2565,2580,2500,2525,496684,-0.0019762845849802257
2024-10-11,2545,2545,2490,2495,263794,-0.011881188118811892
2024-10-14,2485,2520,2450,2500,306986,0.002004008016031955
2024-10-15,2500,2525,2460,2470,238146,-0.01200000000000001
2024-10-16,2480,2490,2430,2435,203464,-0.014170040485829927
2024-10-17,2435,2490,2435,2460,257011,0.010266940451745477
2024-10-18,2460,2465,2355,2405,341015,-0.022357723577235755
2024-10-21,2405,2415,2345,2400,162716,-0.0020790020790020236
2024-10-22,2375,2390,2300,2325,403348,-0.03125
2024-10-23,2310,2405,2310,2380,251609,0.023655913978494647
2024-10-24,2355,2370,2315,2330,210511,-0.021008403361344574
2024-10-25,2325,2355,2290,2290,252803,-0.01716738197424894
2024-10-28,2290,2355,2285,2340,139763,0.02183406113537112
2024-10-29,2345,2345,2295,2325,192092,-0.0064102564102563875
2024-10-30,2320,2350,2300,2310,169380,-0.006451612903225823
2024-10-31,2310,2330,2265,2315,199386,0.0021645021645022577
2024-11-01,2315,2315,2270,2285,125149,-0.01295896328293733
2024-11-04,2285,2330,2270,2320,188044,0.015317286652078765
2024-11-05,2300,2390,2300,2360,195383,0.01724137931034475
