Date,Open,High,Low,Close,Volume,Change
2022-01-03,18950,19150,18900,19100,17364,0.0052631578947368585
2022-01-04,19100,19300,19000,19100,33751,0.0
2022-01-05,19100,19100,18850,19000,30850,-0.005235602094240788
2022-01-06,18900,19150,18800,18800,35554,-0.010526315789473717
2022-01-07,18950,19000,18850,18950,17088,0.007978723404255428
2022-01-10,19000,19000,18750,18800,30135,-0.0079155672823219
2022-01-11,18850,19050,18450,18600,36012,-0.010638297872340385
2022-01-12,18650,18850,18550,18700,24499,0.005376344086021501
2022-01-13,18700,18750,18550,18650,25287,-0.002673796791443861
2022-01-14,18650,18700,18400,18450,33402,-0.01072386058981234
2022-01-17,18450,18450,18000,18100,47172,-0.01897018970189701
2022-01-18,18100,18150,17750,17800,39285,-0.016574585635359074
2022-01-19,17500,17800,17300,17450,37833,-0.0196629213483146
2022-01-20,17350,17700,17350,17700,25076,0.014326647564469885
2022-01-21,17650,17750,17450,17500,45683,-0.011299435028248594
2022-01-24,17200,17350,16600,16750,61738,-0.042857142857142816
2022-01-25,16550,16800,16200,16300,61415,-0.0268656716417911
2022-01-26,16150,16500,16100,16300,31943,0.0
2022-01-27,16250,16300,15600,15600,71737,-0.042944785276073594
2022-01-28,15500,16050,15300,16050,52412,0.028846153846153744
2022-02-03,16150,16650,16100,16500,35577,0.028037383177569986
2022-02-04,16250,17150,16250,17000,46282,0.030303030303030276
2022-02-07,17000,17250,16750,17200,37748,0.0117647058823529
2022-02-08,17200,17700,17200,17450,47067,0.014534883720930258
2022-02-09,17500,18100,17450,17950,64387,0.02865329512893977
2022-02-10,17950,18100,17700,17800,29137,-0.00835654596100277
2022-02-11,17450,17750,17450,17550,25636,-0.014044943820224698
2022-02-14,17150,17300,16000,16850,45504,-0.03988603988603989
2022-02-15,16800,17800,16550,17200,35449,0.020771513353115667
2022-02-16,17250,17450,17200,17400,24192,0.011627906976744207
2022-02-17,17400,18500,17400,17900,108945,0.028735632183908066
2022-02-18,17900,19700,17700,19400,358144,0.08379888268156432
2022-02-21,19350,19550,18950,19100,123072,-0.015463917525773141
2022-02-22,18750,19050,18600,18650,66949,-0.023560209424083767
2022-02-23,18700,19450,18500,19050,92830,0.02144772117962468
2022-02-24,18800,18850,18150,18400,77325,-0.034120734908136496
2022-02-25,18500,18700,18400,18650,55005,0.013586956521739024
2022-02-28,18500,19000,18350,19000,83136,0.018766756032171594
2022-03-02,19050,19100,18700,18900,62154,-0.0052631578947368585
2022-03-03,19000,19150,18800,19050,48660,0.007936507936507908
2022-03-04,19000,19000,18700,18850,36173,-0.01049868766404205
2022-03-07,18950,19350,18900,19100,115984,0.013262599469495928
2022-03-08,18800,19000,18550,18550,51485,-0.028795811518324554
2022-03-10,18900,19050,18650,18700,44852,0.008086253369272267
2022-03-11,18700,19100,18600,19050,38892,0.018716577540107027
2022-03-14,19050,19050,18300,18350,58433,-0.03674540682414695
2022-03-15,18200,18400,17950,18050,30813,-0.016348773841961872
2022-03-16,18450,18550,18200,18500,27357,0.024930747922437657
2022-03-17,18750,18950,18600,18750,35696,0.013513513513513598
2022-03-18,18750,18850,18450,18650,40682,-0.005333333333333301
2022-03-21,18650,18850,18550,18700,23758,0.002680965147453085
2022-03-22,18550,18800,18550,18700,18583,0.0
2022-03-23,18700,18850,18200,18300,74772,-0.021390374331550777
2022-03-24,18200,18450,18100,18350,29344,0.002732240437158362
2022-03-25,18400,18450,18250,18250,21195,-0.00544959128065392
2022-03-28,18250,18300,17900,18000,40060,-0.013698630136986356
2022-03-29,18000,18350,18000,18200,22407,0.011111111111111072
2022-03-30,18300,18600,18250,18450,26635,0.013736263736263687
2022-03-31,18350,18550,18150,18500,27480,0.0027100271002709064
2022-04-01,18500,19350,18350,19300,139534,0.043243243243243246
2022-04-04,19500,19700,19250,19350,91138,0.002590673575129543
2022-04-05,19400,19550,19150,19400,47868,0.0025839793281654533
2022-04-06,19450,20300,19400,19850,178491,0.02319587628865971
2022-04-07,19850,19900,19000,19000,99677,-0.04282115869017633
2022-04-08,19400,19400,18600,19050,38284,0.002631578947368318
2022-04-11,18800,19250,18750,18950,36908,-0.005249343832021025
2022-04-12,18800,18900,18250,18650,55881,-0.0158311345646438
2022-04-13,18650,18900,18600,18800,26863,0.008042895442359255
2022-04-14,18950,19550,18900,19500,74153,0.037234042553191404
2022-04-15,19400,19450,19100,19350,49343,-0.007692307692307665
2022-04-18,19350,20250,19350,19950,104432,0.03100775193798455
2022-04-19,20100,20100,19800,19950,60051,0.0
2022-04-20,19950,20650,19800,20400,145632,0.022556390977443552
2022-04-21,20400,20550,20100,20150,58835,-0.01225490196078427
2022-04-22,20150,20150,19500,20050,43844,-0.00496277915632759
2022-04-25,19950,19950,19350,19500,47589,-0.027431421446383997
2022-04-26,19450,19550,19250,19450,25087,-0.002564102564102555
2022-04-27,19050,19150,18800,19000,39378,-0.023136246786632397
2022-04-28,19150,20050,19050,19900,122651,0.047368421052631504
2022-04-29,20200,20750,19750,19800,109339,-0.005025125628140725
2022-05-02,19650,19950,19500,19700,33269,-0.005050505050505083
2022-05-03,19800,19950,19200,19450,35977,-0.012690355329949221
2022-05-04,19350,19600,19000,19200,37264,-0.01285347043701801
2022-05-06,18850,19150,18600,18950,25560,-0.01302083333333337
2022-05-09,18900,18950,18000,18200,75639,-0.0395778364116095
2022-05-10,17650,17950,17000,17900,86090,-0.016483516483516536
2022-05-11,17900,18400,17650,17650,36068,-0.013966480446927387
2022-05-12,17250,17600,16900,16900,46479,-0.04249291784702547
2022-05-13,17250,17300,16950,17300,35514,0.023668639053254337
2022-05-16,17350,17800,17350,17450,16667,0.00867052023121384
2022-05-17,17350,17550,17250,17400,27486,-0.002865329512893977
2022-05-18,17400,17600,17100,17300,22758,-0.005747126436781658
2022-05-19,16950,17100,16850,16900,38269,-0.023121387283236983
2022-05-20,17000,17300,16950,17050,18915,0.008875739644970349
2022-05-23,17050,17400,16950,17150,18603,0.0058651026392961825
2022-05-24,17250,17350,17100,17100,14528,-0.002915451895043719
2022-05-25,17100,17300,17000,17150,15334,0.0029239766081872176
2022-05-26,17300,17400,17050,17200,13046,0.00291545189504383
2022-05-27,17350,17450,17100,17250,16498,0.0029069767441860517
2022-05-30,17400,17650,17150,17500,27491,0.01449275362318847
2022-05-31,17500,17900,17500,17900,26554,0.02285714285714291
2022-06-02,17950,17950,17700,17850,7707,-0.0027932960893854997
2022-06-03,17900,18000,17700,18000,16753,0.008403361344537785
2022-06-07,18000,18000,17600,17600,11334,-0.022222222222222254
2022-06-08,17750,17750,17450,17450,9216,-0.008522727272727293
2022-06-09,17250,17650,17100,17450,14489,0.0
2022-06-10,17250,17400,16950,17050,20779,-0.022922636103151817
2022-06-13,16800,16800,16300,16300,34330,-0.04398826979472137
2022-06-14,15850,16500,15600,16450,34038,0.009202453987730008
2022-06-15,16050,16700,15900,15950,21817,-0.03039513677811545
2022-06-16,16200,16500,15750,15750,18863,-0.01253918495297801
2022-06-17,15400,15900,15000,15750,28774,0.0
2022-06-20,15850,15950,14950,15200,34792,-0.03492063492063491
2022-06-21,14950,15350,14900,15300,27392,0.006578947368421018
2022-06-22,15250,15400,14600,14600,32762,-0.04575163398692805
2022-06-23,14600,14700,13800,13800,58196,-0.0547945205479452
2022-06-24,13800,14500,13550,14500,27560,0.050724637681159424
2022-06-27,14500,14950,14000,14650,25824,0.010344827586206806
2022-06-28,14550,14900,14550,14900,20002,0.017064846416382284
2022-06-29,14700,15300,14650,15250,29331,0.02348993288590595
2022-06-30,15250,15250,14300,14300,20329,-0.06229508196721312
2022-07-01,14300,14450,13950,14050,16204,-0.0174825174825175
2022-07-04,14250,14250,13650,13700,15332,-0.02491103202846978
2022-07-05,13700,14300,13700,14200,8228,0.03649635036496357
2022-07-06,14200,14500,14000,14400,16568,0.014084507042253502
2022-07-07,14400,14650,14400,14500,15482,0.00694444444444442
2022-07-08,14500,14750,14400,14450,7906,-0.0034482758620689724
2022-07-11,14350,14650,14350,14450,11079,0.0
2022-07-12,14200,14350,13950,14100,22895,-0.02422145328719727
2022-07-13,14000,14500,14000,14500,9628,0.028368794326241176
2022-07-14,14250,14650,14200,14200,9539,-0.020689655172413834
2022-07-15,14150,14450,14050,14200,7174,0.0
2022-07-18,15000,15000,14400,14450,7490,0.01760563380281699
2022-07-19,14300,14650,14250,14650,5857,0.01384083044982698
2022-07-20,14700,14950,14700,14850,7885,0.013651877133105783
2022-07-21,14800,14900,14550,14800,10933,-0.0033670033670033517
2022-07-22,14700,15350,14700,14950,25704,0.010135135135135087
2022-07-25,14950,15100,14800,14950,6240,0.0
2022-07-26,14800,15000,14800,14900,5383,-0.0033444816053511683
2022-07-27,14750,14900,14600,14800,15558,-0.006711409395973145
2022-07-28,15000,15050,14700,14750,11188,-0.0033783783783783994
2022-07-29,14750,14950,14700,14850,7429,0.006779661016949046
2022-08-01,14850,15100,14800,14950,7997,0.006734006734006703
2022-08-02,14800,15100,14800,14800,9672,-0.010033444816053505
2022-08-03,14600,15050,14600,15000,8385,0.013513513513513598
2022-08-04,15100,15100,14600,14650,44722,-0.023333333333333317
2022-08-05,14650,14900,14600,14750,31858,0.006825938566553003
2022-08-08,14750,14750,14450,14500,16776,-0.016949152542372836
2022-08-09,14500,14550,14000,14150,73749,-0.024137931034482807
2022-08-10,14150,14150,13900,14050,45446,-0.007067137809187329
2022-08-11,14100,14300,14100,14150,29914,0.007117437722419906
2022-08-12,14150,14400,14150,14300,25820,0.010600706713780994
2022-08-16,14300,14750,14300,14350,24374,0.0034965034965035446
2022-08-17,14350,14650,14350,14600,18766,0.017421602787456525
2022-08-18,14650,14650,14350,14400,11113,-0.013698630136986356
2022-08-19,14300,14600,14300,14300,15392,-0.00694444444444442
2022-08-22,14150,14250,13950,13950,22870,-0.02447552447552448
2022-08-23,13750,14050,13650,13650,22466,-0.021505376344086002
2022-08-24,13700,13850,13600,13750,17260,0.0073260073260073
2022-08-25,13700,14100,13700,13900,14697,0.01090909090909098
2022-08-26,14100,14200,13950,14000,10164,0.007194244604316502
2022-08-29,13550,13750,13400,13600,21847,-0.02857142857142858
2022-08-30,13700,13950,13600,13800,15929,0.014705882352941124
2022-08-31,13700,14200,13600,14050,17343,0.018115942028985588
2022-09-01,14000,14000,13700,13750,9799,-0.02135231316725983
2022-09-02,13750,13850,13650,13700,7983,-0.0036363636363636598
2022-09-05,13600,13700,13200,13400,35271,-0.021897810218978075
2022-09-06,13300,13550,13300,13450,11001,0.003731343283582156
2022-09-07,13500,13500,13200,13400,14203,-0.0037174721189591198
2022-09-08,13500,13500,13250,13350,9764,-0.003731343283582045
2022-09-13,13600,13650,13350,13650,8858,0.022471910112359605
2022-09-14,13300,13500,13250,13450,7642,-0.0146520146520146
2022-09-15,13450,13650,13200,13200,22138,-0.018587360594795488
2022-09-16,13200,13250,12800,12850,29415,-0.02651515151515149
2022-09-19,12800,12950,12600,12700,19114,-0.011673151750972721
2022-09-20,12600,12900,12600,12700,9620,0.0
2022-09-21,12700,13600,12700,13400,43566,0.055118110236220375
2022-09-22,13400,14300,13250,13900,99795,0.03731343283582089
2022-09-23,14150,14150,13150,13300,40235,-0.043165467625899234
2022-09-26,13100,13250,12300,12300,46425,-0.07518796992481203
2022-09-27,12300,12500,12000,12300,28500,0.0
2022-09-28,12400,12400,11700,11950,31538,-0.028455284552845517
2022-09-29,11950,12150,11850,11900,24984,-0.004184100418409997
2022-09-30,11700,11850,11450,11700,18673,-0.01680672268907568
2022-10-04,11950,12050,11800,12000,15373,0.02564102564102555
2022-10-05,12050,12200,11650,11700,15254,-0.025000000000000022
2022-10-06,11700,12000,11700,11950,11552,0.02136752136752129
2022-10-07,11750,12000,11650,11650,17549,-0.025104602510460206
2022-10-11,11600,11650,11000,11000,43187,-0.05579399141630903
2022-10-12,11100,11400,11050,11250,12308,0.022727272727272707
2022-10-13,11100,11450,10750,10750,19586,-0.0444444444444444
2022-10-14,10900,11200,10800,10850,15857,0.009302325581395321
2022-10-17,10750,11050,10400,10900,8729,0.004608294930875667
2022-10-18,11150,11500,11000,11350,19793,0.041284403669724856
2022-10-19,11350,11450,11150,11150,11930,-0.017621145374449365
2022-10-20,11150,11200,10750,10950,11224,-0.017937219730941756
2022-10-21,10850,11050,10750,10800,11017,-0.013698630136986356
2022-10-24,10800,11050,10750,10900,15701,0.0092592592592593
2022-10-25,10800,11050,10800,10900,12861,0.0
2022-10-26,10850,10950,10750,10800,8853,-0.00917431192660545
2022-10-27,10850,10950,10750,10900,9960,0.0092592592592593
2022-10-28,10900,11250,10800,10950,28937,0.004587155963302836
2022-10-31,11000,11150,10900,11000,11860,0.004566210045662045
2022-11-01,11200,11300,11000,11150,18507,0.013636363636363669
2022-11-02,11000,11350,10950,11350,15597,0.017937219730941756
2022-11-03,11100,14550,11000,13550,1253004,0.19383259911894268
2022-11-04,13350,16800,12700,15000,2992774,0.10701107011070121
2022-11-07,14900,15250,14600,14800,430947,-0.013333333333333308
2022-11-08,15250,16350,14850,15350,775018,0.03716216216216206
2022-11-09,15350,15700,15200,15200,135254,-0.009771986970684043
2022-11-10,15200,18200,15100,15500,1927122,0.019736842105263053
2022-11-11,15800,17850,15550,16450,1289382,0.06129032258064515
2022-11-14,16450,16950,16150,16200,211119,-0.015197568389057725
2022-11-15,16000,16400,15850,16050,126437,-0.0092592592592593
2022-11-16,16050,17100,16050,16700,314529,0.04049844236760114
2022-11-17,16600,17250,16100,17100,169002,0.0239520958083832
2022-11-18,17150,17200,16550,17050,110549,-0.0029239766081871066
2022-11-21,17050,17300,16550,16550,81846,-0.029325513196480912
2022-11-22,16700,16800,16300,16750,61067,0.012084592145015005
2022-11-23,16900,17100,16000,16600,84955,-0.008955223880596996
2022-11-24,16700,16700,16450,16450,29171,-0.009036144578313254
2022-11-25,16200,18450,16200,16400,638409,-0.003039513677811523
2022-11-28,16200,16350,15250,15700,101916,-0.04268292682926833
2022-11-29,15650,17350,15650,17200,533153,0.09554140127388533
2022-11-30,16950,17600,16500,16500,273132,-0.04069767441860461
2022-12-01,16750,17150,16650,16950,126014,0.027272727272727337
2022-12-02,17050,19250,17000,18700,1126728,0.1032448377581121
2022-12-05,19100,20250,18900,20000,780224,0.06951871657754016
2022-12-06,20050,20550,19500,20250,359572,0.012499999999999956
2022-12-07,19850,21350,19700,20300,497952,0.0024691358024691024
2022-12-08,20150,20200,18600,19250,469831,-0.051724137931034475
2022-12-09,19300,20250,19100,19600,250273,0.018181818181818077
2022-12-12,19450,20650,19450,19750,226103,0.007653061224489832
2022-12-13,20000,20000,18850,19600,140607,-0.0075949367088608
2022-12-14,19500,20100,19150,19600,156395,0.0
2022-12-15,19400,20200,19400,20000,143858,0.020408163265306145
2022-12-16,19500,20250,19500,19950,113691,-0.0024999999999999467
2022-12-19,19950,20200,19350,19350,75876,-0.03007518796992481
2022-12-20,19400,19750,18950,19250,75404,-0.0051679586563307955
2022-12-21,19100,19750,19050,19300,54781,0.0025974025974024872
2022-12-22,19350,20550,19300,20450,217865,0.059585492227979264
2022-12-23,20200,20900,19900,20500,178390,0.0024449877750611915
2022-12-26,20500,21200,20000,20600,160559,0.004878048780487809
2022-12-27,20850,21650,20750,21250,242863,0.031553398058252524
2022-12-28,21300,21700,20800,20950,123307,-0.014117647058823568
2022-12-29,21000,21250,20400,20900,134021,-0.0023866348448687846
2023-01-02,20800,21250,20650,20900,113968,0.0
2023-01-03,20800,21100,20100,20400,84701,-0.02392344497607657
2023-01-04,20200,20250,18850,19150,212364,-0.06127450980392157
2023-01-05,19300,20450,19000,20200,202223,0.05483028720626626
2023-01-06,20550,21600,19300,19300,352760,-0.044554455445544594
2023-01-09,19400,20150,19300,20000,149205,0.03626943005181338
2023-01-10,19800,20000,18850,19000,177795,-0.050000000000000044
2023-01-11,18900,19350,18900,19300,109043,0.015789473684210575
2023-01-12,19150,19250,18400,18450,164315,-0.04404145077720212
2023-01-13,18500,18800,18450,18600,78351,0.008130081300812941
2023-01-16,18650,19650,18500,19450,162360,0.045698924731182755
2023-01-17,19700,20300,19450,19600,157767,0.007712082262210762
2023-01-18,19600,19800,19300,19550,54076,-0.0025510204081632404
2023-01-19,19300,20500,19050,19950,135146,0.020460358056265893
2023-01-20,19800,20150,19650,19900,56397,-0.0025062656641604564
2023-01-25,20100,20150,19440,19660,102912,-0.012060301507537674
2023-01-26,19410,19830,19350,19410,50952,-0.012716174974567673
2023-01-27,19660,19660,19380,19560,52284,0.007727975270479082
2023-01-30,19690,19870,19430,19430,60587,-0.006646216768916191
2023-01-31,19400,19810,19200,19570,48010,0.0072053525476067914
2023-02-01,19650,19800,18930,19300,112417,-0.0137966274910577
2023-02-02,19320,20100,19310,19760,135355,0.023834196891191706
2023-02-03,19980,20150,19410,19900,139753,0.007085020242914908
2023-02-06,19900,19950,19140,19610,109106,-0.014572864321608092
2023-02-07,19350,19570,19150,19190,82526,-0.021417644059153473
2023-02-08,19380,19380,18900,18910,106692,-0.014590932777488241
2023-02-09,18910,19030,18690,18720,67176,-0.01004759386567955
2023-02-10,18800,19220,18500,18600,91073,-0.0064102564102563875
2023-02-13,18610,18870,18550,18600,34415,0.0
2023-02-14,18620,19040,18510,18980,74884,0.02043010752688179
2023-02-15,18980,19110,18530,18540,66349,-0.023182297154899945
2023-02-16,18540,18700,18500,18510,39913,-0.0016181229773463146
2023-02-17,18400,18400,18010,18090,66564,-0.02269043760129663
2023-02-20,18000,18690,18000,18620,58089,0.029297954671088977
2023-02-21,18550,18620,18240,18360,28027,-0.013963480128893702
2023-02-22,18250,18600,18070,18480,56334,0.006535947712418277
2023-02-23,18490,18970,18490,18540,39868,0.0032467532467532756
2023-02-24,18520,18710,18360,18580,34970,0.0021574973031284195
2023-02-27,18530,18680,18260,18670,32479,0.004843918191603791
2023-02-28,18680,18910,18610,18660,39310,-0.0005356186395286677
2023-03-02,18850,19100,18640,19040,56518,0.02036441586280824
2023-03-03,19120,19120,18830,18910,31935,-0.0068277310924369505
2023-03-06,19070,19070,18650,18880,38446,-0.0015864621893177944
2023-03-07,18700,18860,18550,18650,30757,-0.01218220338983056
2023-03-08,18630,18630,18210,18300,43050,-0.018766756032171594
2023-03-09,18140,18450,18000,18200,67313,-0.005464480874316946
2023-03-10,18150,18150,17670,17680,42138,-0.02857142857142858
2023-03-13,17680,17680,17170,17620,29433,-0.0033936651583710287
2023-03-14,17530,17600,16910,16910,44114,-0.040295119182746864
2023-03-15,17010,17770,16990,17000,34872,0.0053222945002957545
2023-03-16,16990,17560,16600,17350,45156,0.020588235294117574
2023-03-17,17300,17600,17300,17510,21498,0.009221902017291006
2023-03-20,17510,17780,17300,17550,26893,0.0022844089091946795
2023-03-21,17550,17750,17370,17530,33369,-0.0011396011396010985
2023-03-22,17540,17640,17130,17130,38107,-0.02281802624073015
2023-03-23,17130,17470,17110,17400,37183,0.015761821366024442
2023-03-24,17400,17650,17310,17640,29303,0.01379310344827589
2023-03-27,17740,17750,17210,17400,37915,-0.013605442176870763
2023-03-28,17250,17730,17250,17720,43161,0.01839080459770126
2023-03-29,17520,17960,17520,17910,52941,0.010722347629796847
2023-03-30,18180,18180,17730,18080,47010,0.009491903964265802
2023-03-31,18200,18300,18000,18190,33722,0.006084070796460228
2023-04-03,18040,18310,17820,17870,42677,-0.017592083562396943
2023-04-04,17870,18090,17620,17920,39721,0.002797985450475604
2023-04-05,18000,18200,17810,17990,28993,0.00390625
2023-04-06,18060,18370,17770,17950,71639,-0.0022234574763757564
2023-04-07,17860,19000,17860,18920,135465,0.054038997214484574
2023-04-10,18970,21900,18740,19280,975839,0.019027484143763207
2023-04-11,19430,20000,18990,19620,318333,0.01763485477178417
2023-04-12,19450,20750,19400,20200,242952,0.029561671763506547
2023-04-13,20050,21600,20000,21500,285689,0.06435643564356441
2023-04-14,21500,21550,20900,21250,149392,-0.011627906976744207
2023-04-17,21500,22300,21000,22000,244430,0.03529411764705892
2023-04-18,22200,23700,21450,23050,377309,0.04772727272727262
2023-04-19,22950,23400,22350,22850,171263,-0.008676789587852451
2023-04-20,22500,22800,21800,22300,144751,-0.024070021881838044
2023-04-21,21800,22600,20300,21500,267566,-0.0358744394618834
2023-04-24,21450,21450,20750,20950,94946,-0.025581395348837188
2023-04-25,20800,21550,20800,21150,62239,0.009546539379474916
2023-04-26,21200,21550,20600,21050,31483,-0.004728132387706863
2023-04-27,20950,22300,20950,22000,109394,0.0451306413301662
2023-04-28,22000,22500,21300,21500,52044,-0.022727272727272707
2023-05-02,21600,22500,21600,22300,95859,0.037209302325581506
2023-05-03,21950,22550,21850,21950,64075,-0.015695067264574036
2023-05-04,22100,22650,22050,22200,64849,0.011389521640091216
2023-05-08,22750,22800,21150,21400,100848,-0.036036036036036
2023-05-09,21550,22150,21250,22000,68253,0.028037383177569986
2023-05-10,22000,25150,22000,23750,1265877,0.07954545454545459
2023-05-11,23800,24100,22600,23000,319414,-0.03157894736842104
2023-05-12,23000,23150,21600,22550,271075,-0.019565217391304346
2023-05-15,22500,24350,22500,24300,347132,0.07760532150776056
2023-05-16,24250,24500,23400,23700,165975,-0.024691358024691357
2023-05-17,23900,24500,23350,23850,98410,0.006329113924050667
2023-05-18,24100,24100,23050,23500,96891,-0.014675052410901501
2023-05-19,23500,23700,23100,23700,43852,0.008510638297872353
2023-05-22,23400,23750,22850,23150,61852,-0.02320675105485237
2023-05-23,23100,23400,22750,23150,57588,0.0
2023-05-24,23300,23300,22600,22750,39409,-0.017278617710583144
2023-05-25,22700,23200,22350,22800,91515,0.00219780219780219
2023-05-26,23200,23200,22450,22650,63545,-0.006578947368421018
2023-05-30,22500,22700,22100,22500,54201,-0.0066225165562914245
2023-05-31,22450,22750,21850,22000,105576,-0.022222222222222254
2023-06-01,22300,22400,21900,22200,30746,0.009090909090909038
2023-06-02,22200,22200,21200,22000,98651,-0.009009009009009028
2023-06-05,22400,22600,22100,22300,35960,0.013636363636363669
2023-06-07,22300,22600,21950,22100,29492,-0.008968609865470878
2023-06-08,22100,22100,21500,21700,31916,-0.018099547511312264
2023-06-09,21800,22100,21300,21450,43734,-0.011520737327188946
2023-06-12,21450,21600,21000,21400,25642,-0.002331002331002363
2023-06-13,21550,21750,21300,21350,29465,-0.002336448598130869
2023-06-14,21400,21900,21350,21600,47230,0.011709601873536313
2023-06-15,21300,21900,21300,21700,43148,0.004629629629629539
2023-06-16,21750,22300,21650,21700,77530,0.0
2023-06-19,21800,22200,21200,21300,69413,-0.018433179723502335
2023-06-20,21300,22650,21250,21900,162895,0.028169014084507005
2023-06-21,22350,22850,21450,22800,149379,0.041095890410958846
2023-06-22,22800,23700,22350,23400,181307,0.026315789473684292
2023-06-23,23650,23650,22700,23150,82361,-0.010683760683760646
2023-06-26,23150,23200,22550,22550,30300,-0.02591792656587477
2023-06-27,22350,22550,21900,22000,44603,-0.024390243902439046
2023-06-28,22300,23650,22200,23400,141979,0.06363636363636371
2023-06-29,23500,25750,23300,25100,783108,0.07264957264957261
2023-06-30,25100,25150,24150,24150,185673,-0.03784860557768921
2023-07-03,25050,25250,24400,24850,158396,0.02898550724637672
2023-07-04,25050,26300,25000,26100,306483,0.05030181086519114
2023-07-05,26250,26300,25650,25900,105281,-0.007662835249042099
2023-07-06,25650,26950,25000,26700,249894,0.030888030888030826
2023-07-07,26750,26850,25800,26600,187096,-0.0037453183520599342
2023-07-10,26200,26400,25250,25250,134605,-0.050751879699248104
2023-07-11,25600,26850,25300,26650,147440,0.055445544554455495
2023-07-12,26650,27200,26350,26700,99670,0.0018761726078799779
2023-07-13,26750,26850,26250,26400,73476,-0.011235955056179803
2023-07-14,26200,26700,24850,25400,174951,-0.037878787878787845
2023-07-17,25400,25700,25150,25200,63829,-0.007874015748031482
2023-07-18,25400,25900,24600,25550,117466,0.01388888888888884
2023-07-19,26000,26450,25000,25250,88539,-0.011741682974559686
2023-07-20,25200,25600,24500,25250,65709,0.0
2023-07-21,24900,25550,24200,24200,67432,-0.04158415841584162
2023-07-24,24000,24400,23800,24000,36551,-0.008264462809917328
2023-07-25,23700,24450,23700,23750,44779,-0.01041666666666663
2023-07-26,24050,24200,22400,22450,94587,-0.054736842105263195
2023-07-27,22350,25000,22350,24600,117523,0.09576837416481077
2023-07-28,24600,24700,23900,24550,38471,-0.002032520325203291
2023-07-31,24650,24800,24200,24300,35676,-0.010183299389002087
2023-08-01,24250,24500,24000,24250,26511,-0.002057613168724326
2023-08-02,24250,24400,22500,22750,80657,-0.061855670103092786
2023-08-03,22650,23250,22250,22700,36943,-0.00219780219780219
2023-08-04,22400,24600,22400,23950,89415,0.05506607929515428
2023-08-07,24200,25000,23650,24400,90438,0.018789144050104456
2023-08-08,24400,25100,23850,23900,62356,-0.020491803278688492
2023-08-09,23900,24100,22500,23000,88582,-0.03765690376569042
2023-08-10,24000,26900,23500,23900,1133937,0.03913043478260869
2023-08-11,24450,26800,23900,24450,979192,0.023012552301255207
2023-08-14,24950,25550,24300,24450,287468,0.0
2023-08-16,24200,24250,22400,22450,298177,-0.08179959100204504
2023-08-17,22200,22300,21150,21650,147235,-0.03563474387527843
2023-08-18,21450,22950,21350,22150,154576,0.023094688221708903
2023-08-21,22150,22400,21500,21750,71003,-0.018058690744920947
2023-08-22,21950,22250,21500,21800,47040,0.0022988505747125743
2023-08-23,21950,21950,21050,21100,66905,-0.032110091743119296
2023-08-24,21100,21700,20900,21450,54929,0.016587677725118377
2023-08-25,21200,22350,21150,22300,92540,0.03962703962703973
2023-08-28,22600,22900,21600,21700,112260,-0.026905829596412523
2023-08-29,21800,22000,21400,21400,48139,-0.01382488479262678
2023-08-30,21650,21650,20600,20700,181448,-0.032710280373831724
2023-08-31,20450,21100,19900,20350,406478,-0.016908212560386437
2023-09-01,20350,20750,19890,19900,212510,-0.02211302211302213
2023-09-04,20000,20900,19890,20450,159667,0.027638190954773822
2023-09-05,20750,20900,20100,20750,144345,0.014669926650366705
2023-09-06,20700,21600,20450,20950,213957,0.009638554216867545
2023-09-07,20800,21700,20700,21500,144866,0.026252983293556076
2023-09-08,21800,23500,21700,23450,411289,0.09069767441860455
2023-09-11,23250,23400,22500,23150,127609,-0.01279317697228144
2023-09-12,23050,23300,22400,22400,70271,-0.03239740820734338
2023-09-13,22200,22350,21700,21800,42568,-0.0267857142857143
2023-09-14,21800,22900,21750,22900,56468,0.050458715596330306
2023-09-15,22650,22950,22300,22350,77700,-0.024017467248908297
2023-09-18,22350,22700,22250,22300,27766,-0.0022371364653244186
2023-09-19,22200,22600,21700,22000,44392,-0.013452914798206317
2023-09-20,21950,22200,21900,21950,15270,-0.002272727272727315
2023-09-21,21750,22800,21750,22450,95172,0.02277904328018221
2023-09-22,22350,22450,21500,21500,55458,-0.04231625835189312
2023-09-25,21800,22650,21750,21900,60458,0.018604651162790642
2023-09-26,21900,21950,20950,21400,36874,-0.022831050228310557
2023-09-27,21050,21600,20950,21200,31453,-0.009345794392523366
2023-10-04,21200,21300,19990,20000,74509,-0.05660377358490565
2023-10-05,20100,20450,20000,20100,34348,0.004999999999999893
2023-10-06,19710,20300,19500,19930,49674,-0.008457711442786064
2023-10-10,19930,20100,19500,19500,50900,-0.021575514300050225
2023-10-11,19510,19800,19460,19470,27853,-0.0015384615384614886
2023-10-12,19520,19690,19010,19100,70526,-0.01900359527478168
2023-10-13,19170,21100,19100,20950,223041,0.09685863874345557
2023-10-16,20900,21850,20650,20900,102540,-0.0023866348448687846
2023-10-17,20950,21800,20950,21700,38907,0.038277511961722466
2023-10-18,21700,21850,20950,21650,45630,-0.0023041474654378336
2023-10-19,21500,22600,21350,21500,87478,-0.006928406466512715
2023-10-20,21800,21800,20650,20850,44537,-0.03023255813953485
2023-10-23,21000,21300,20650,20800,15177,-0.0023980815347721673
2023-10-24,20450,21250,20150,21150,27494,0.016826923076923128
2023-10-25,21350,22350,21000,21900,90731,0.03546099290780136
2023-10-26,21650,22200,21300,21850,47862,-0.0022831050228310223
2023-10-27,21850,22000,21250,21850,36875,0.0
2023-10-30,22250,22250,21600,21750,21790,-0.004576659038901587
2023-10-31,22000,23000,21700,22550,106593,0.0367816091954023
2023-11-01,22550,22950,21900,22350,43857,-0.008869179600886956
2023-11-02,22450,22800,22200,22450,49828,0.004474272930648837
2023-11-03,22700,23100,22300,22750,60132,0.013363028953229383
2023-11-06,23050,23100,21400,21550,238212,-0.05274725274725278
2023-11-07,21750,22200,20400,21350,204508,-0.009280742459396807
2023-11-08,21150,21400,20750,20950,125346,-0.0187353629976581
2023-11-09,20950,21350,20550,21300,87929,0.01670644391408116
2023-11-10,20850,21100,20650,20950,42465,-0.016431924882629123
2023-11-13,20950,21100,20000,20250,103604,-0.03341288782816232
2023-11-14,20200,20700,19960,19960,89109,-0.014320987654320994
2023-11-15,20200,20450,19940,20400,52929,0.022044088176352616
2023-11-16,20300,20500,20000,20150,28193,-0.01225490196078427
2023-11-17,20100,20200,19600,19620,79277,-0.026302729528535962
2023-11-20,19740,19780,19500,19630,51202,0.0005096839959224386
2023-11-21,19730,19850,19590,19600,48973,-0.0015282730514518672
2023-11-22,19600,19640,19430,19430,41912,-0.00867346938775515
2023-11-23,19570,19630,19210,19220,67233,-0.010808028821410187
2023-11-24,19250,19350,19150,19180,21041,-0.002081165452653466
2023-11-27,19030,19270,19030,19080,28658,-0.005213764337851923
2023-11-28,19080,19270,19070,19110,34106,0.0015723270440251014
2023-11-29,19250,19520,19120,19170,52264,0.0031397174254317317
2023-11-30,19250,19340,19140,19230,41969,0.003129890453834161
2023-12-01,19230,19290,18900,18920,59776,-0.016120644825793007
2023-12-04,18920,18990,18470,18500,63655,-0.022198731501057112
2023-12-05,18500,18500,17460,17560,193948,-0.05081081081081085
2023-12-06,17600,17810,17590,17670,54990,0.006264236902050024
2023-12-07,17680,17740,17310,17390,51695,-0.015846066779852896
2023-12-08,17390,17580,17070,17210,73348,-0.01035077630822312
2023-12-11,17250,17720,17140,17610,58517,0.02324230098779778
2023-12-12,17610,17710,17470,17510,22500,-0.005678591709256109
2023-12-13,17520,18210,17470,18110,81483,0.03426613363792108
2023-12-14,18300,18450,18000,18060,65327,-0.002760905577029238
2023-12-15,18060,18070,17750,17750,56887,-0.017165005537098543
2023-12-18,17750,17950,17750,17930,20743,0.010140845070422566
2023-12-19,17830,18130,17830,18010,25680,0.004461795872838792
2023-12-20,18090,18430,18020,18280,69072,0.014991671293725695
2023-12-21,18180,18380,18080,18080,34452,-0.01094091903719907
2023-12-22,18180,18790,18060,18450,81561,0.020464601769911495
2023-12-26,18950,19040,18780,18980,116028,0.02872628726287263
2023-12-27,18880,19010,18640,18900,55459,-0.004214963119072657
2023-12-28,18740,18800,18610,18620,52508,-0.014814814814814836
2024-01-02,18580,18610,18310,18470,54136,-0.008055853920515554
2024-01-03,18450,18450,18130,18130,48100,-0.01840822956145105
2024-01-04,18020,18130,17780,17950,42806,-0.009928295642581353
2024-01-05,17950,18040,17760,17780,34552,-0.009470752089136503
2024-01-08,17890,18440,17800,18310,59001,0.029808773903262198
2024-01-09,18360,18460,18120,18450,45298,0.007646095030038325
2024-01-10,18400,19280,18260,19130,199908,0.03685636856368557
2024-01-11,19280,19360,18830,18900,77237,-0.012023000522739191
2024-01-12,18500,18590,17510,17530,196806,-0.07248677248677249
2024-01-15,17200,17530,16710,16720,120568,-0.04620650313747865
2024-01-16,16720,17340,16720,17150,37705,0.02571770334928236
2024-01-17,17150,17330,16800,16890,27796,-0.015160349854227428
2024-01-18,16810,17160,16810,16970,20367,0.004736530491415092
2024-01-19,17390,17390,16890,17030,25088,0.003535651149086716
2024-01-22,17030,17150,16720,16840,20299,-0.011156782149148614
2024-01-23,16820,17040,16750,16910,23443,0.004156769596199483
2024-01-24,16870,17300,16860,17260,31469,0.02069781194559428
2024-01-25,17170,17250,16860,17050,32565,-0.012166859791425289
2024-01-26,17050,17960,17020,17260,137359,0.012316715542521894
2024-01-29,17250,17250,16780,16880,87119,-0.022016222479721903
2024-01-30,16850,16880,16570,16650,82358,-0.013625592417061627
2024-01-31,16640,16750,16340,16370,54824,-0.016816816816816793
2024-02-01,16200,16470,16200,16440,35597,0.004276114844227186
2024-02-02,16470,16870,16470,16700,50377,0.015815085158150888
2024-02-05,16720,16720,16490,16620,39330,-0.004790419161676662
2024-02-06,16490,16800,16360,16670,41900,0.0030084235860408093
2024-02-07,16610,16850,16610,16700,21365,0.00179964007198552
2024-02-08,16780,16780,16610,16630,44524,-0.004191616766467066
2024-02-13,16630,16840,16610,16770,20656,0.008418520745640423
2024-02-14,16650,16990,16650,16920,29322,0.008944543828264706
2024-02-15,17030,17150,16720,16760,72595,-0.009456264775413725
2024-02-16,16790,17310,16700,17030,107439,0.01610978520286399
2024-02-19,17030,17120,16870,17050,63599,0.0011743981209630938
2024-02-20,17040,17150,16780,16840,48119,-0.012316715542522005
2024-02-21,16890,16890,16580,16710,120456,-0.0077197149643705165
2024-02-22,16700,16770,16460,16470,113089,-0.014362657091561926
2024-02-23,16580,16850,16400,16710,45032,0.014571948998178597
2024-02-26,16720,16790,16570,16580,34174,-0.007779772591262724
2024-02-27,16720,16720,16150,16150,93968,-0.02593486127864897
2024-02-28,16100,16240,16100,16200,41957,0.003095975232198178
2024-02-29,16190,16230,16110,16110,33661,-0.005555555555555536
2024-03-04,16110,16230,15770,15780,99080,-0.020484171322160183
2024-03-05,15700,15840,15550,15750,35997,-0.0019011406844106071
2024-03-06,15690,15880,15500,15540,49027,-0.013333333333333308
2024-03-07,15540,15550,15200,15250,52292,-0.01866151866151866
2024-03-08,15250,15480,15240,15420,41029,0.011147540983606596
2024-03-11,15420,15730,15390,15710,30815,0.018806744487678273
2024-03-12,15630,15630,15400,15500,36430,-0.013367281985996127
2024-03-13,15600,15610,15390,15470,37284,-0.001935483870967758
2024-03-14,15470,15630,15400,15620,30803,0.009696186166774368
2024-03-15,15600,15620,15300,15400,42650,-0.014084507042253502
2024-03-18,15430,15650,15400,15570,21247,0.01103896103896096
2024-03-19,15640,15740,15540,15560,23922,-0.0006422607578676631
2024-03-20,15610,15860,15600,15730,44590,0.010925449871465265
2024-03-21,15770,16500,15620,16260,128705,0.03369357914812454
2024-03-22,16260,16420,16080,16310,69096,0.0030750307503075724
2024-03-25,16400,16430,16260,16290,46758,-0.0012262415695891704
2024-03-26,16400,16400,16200,16310,36599,0.0012277470841006721
2024-03-27,16380,16580,16310,16410,76544,0.006131207847946074
2024-03-28,16820,18800,16720,18250,869666,0.1121267519804996
2024-03-29,18370,18500,17680,17800,241353,-0.024657534246575352
2024-04-01,17820,18750,17730,18510,245318,0.039887640449438155
2024-04-02,18460,18970,18150,18450,166420,-0.0032414910858995505
2024-04-03,18500,18770,18250,18600,101589,0.008130081300812941
2024-04-04,18600,18700,18050,18300,104175,-0.016129032258064502
2024-04-05,18170,18440,18120,18150,48415,-0.008196721311475419
2024-04-08,18300,18300,17810,17930,57882,-0.012121212121212088
2024-04-09,17940,18750,17940,18350,134755,0.02342442833240388
2024-04-11,18330,19240,18150,19230,173897,0.04795640326975481
2024-04-12,19230,19440,18980,19280,145915,0.0026001040041601087
2024-04-15,18990,19020,18620,18900,73928,-0.01970954356846477
2024-04-16,18700,18700,18100,18330,69708,-0.030158730158730163
2024-04-17,18350,19350,18340,19170,122754,0.04582651391162029
2024-04-18,19280,20350,19280,20200,240772,0.05372978612415236
2024-04-19,20200,20500,19860,20050,140108,-0.007425742574257432
2024-04-22,20100,20350,19640,20100,84762,0.0024937655860348684
2024-04-23,20000,20250,19470,19480,124920,-0.030845771144278555
2024-04-24,19930,21000,19560,21000,188541,0.07802874743326482
2024-04-25,20700,20950,20150,20250,77386,-0.0357142857142857
2024-04-26,20300,20750,19770,20250,66284,0.0
2024-04-29,20600,21400,20200,20950,177484,0.03456790123456788
2024-04-30,20950,21450,20800,20850,111654,-0.004773269689737458
2024-05-02,20950,21800,20950,21550,171293,0.033573141486810565
2024-05-03,21650,21650,21000,21200,79370,-0.016241299303944357
2024-05-07,21100,21500,20800,21000,76681,-0.009433962264150941
2024-05-08,21050,21150,20500,20900,103840,-0.004761904761904745
2024-05-09,20750,22050,20150,20200,279778,-0.03349282296650713
2024-05-10,20750,21950,20550,21400,247856,0.05940594059405946
2024-05-13,22000,22100,20300,20450,233796,-0.04439252336448596
2024-05-14,20700,21150,20100,20150,125286,-0.014669926650366705
2024-05-16,20450,20750,20000,20400,73767,0.012406947890818865
2024-05-17,20500,20500,19550,19790,111586,-0.02990196078431373
2024-05-20,19820,20400,19820,20300,72631,0.02577059120768066
2024-05-21,20300,21100,20050,20900,157767,0.029556650246305383
2024-05-22,21350,22900,21200,21950,397283,0.05023923444976086
2024-05-23,21950,23450,21400,23250,379945,0.059225512528473745
2024-05-24,23250,24700,23250,23700,298718,0.019354838709677358
2024-05-27,24050,24750,22650,22900,361617,-0.03375527426160341
2024-05-28,23900,24350,23100,24000,198913,0.048034934497816595
2024-05-29,24150,24400,22750,23100,185289,-0.03749999999999998
2024-05-30,22800,24450,22600,24100,249502,0.04329004329004338
2024-05-31,24250,26650,24200,25200,765309,0.045643153526971014
2024-06-03,25550,25550,24250,24550,283396,-0.025793650793650813
2024-06-04,24600,24600,23100,23600,228424,-0.03869653767820769
2024-06-05,23500,23600,22500,22800,169387,-0.03389830508474578
2024-06-07,22700,23200,22550,22750,75566,-0.002192982456140302
2024-06-10,22600,23150,22250,22850,89590,0.00439560439560438
2024-06-11,22900,23750,22350,22600,98740,-0.01094091903719907
2024-06-12,22800,23900,22600,23900,140757,0.05752212389380529
2024-06-13,23900,24550,23400,24000,182936,0.004184100418409997
2024-06-14,24200,24800,23000,23700,142572,-0.012499999999999956
2024-06-17,23250,23650,23050,23450,71950,-0.010548523206751037
2024-06-18,23400,23750,22450,23000,179701,-0.019189765458422214
2024-06-19,23000,23300,22100,22250,121001,-0.03260869565217395
2024-06-20,22100,22250,21300,21450,140574,-0.035955056179775235
2024-06-21,21450,21950,20900,21250,155165,-0.009324009324009341
2024-06-24,21450,22500,21300,21700,124667,0.021176470588235352
2024-06-25,21350,22050,21150,21300,43736,-0.018433179723502335
2024-06-26,21300,21650,20750,21050,66197,-0.011737089201877882
2024-06-27,21100,22350,21000,21050,101395,0.0
2024-06-28,21250,21350,20200,20800,67970,-0.01187648456057011
2024-07-01,20800,21300,20100,20400,182692,-0.019230769230769273
2024-07-02,20400,20450,19820,20150,106139,-0.01225490196078427
2024-07-03,20350,20400,19390,19500,158299,-0.032258064516129004
2024-07-04,19450,19480,18750,19050,176526,-0.023076923076923106
2024-07-05,19100,19120,18490,18740,226361,-0.016272965879265078
2024-07-08,18760,18980,18390,18950,95490,0.011205976520811012
2024-07-09,19050,19290,18880,19280,71431,0.017414248021108136
2024-07-10,19200,19340,18860,19020,60845,-0.013485477178423189
2024-07-11,19100,19140,18850,18870,62342,-0.007886435331230235
2024-07-12,18870,19140,18780,18930,43476,0.0031796502384737746
2024-07-15,19000,19030,18780,18820,35861,-0.005810882197569978
2024-07-16,18830,19130,18450,18450,113338,-0.01965993623804463
2024-07-17,18610,20150,18610,19410,313099,0.052032520325203224
2024-07-18,19410,22100,19150,20650,740656,0.06388459556929416
2024-07-19,20500,20650,19760,19930,127278,-0.03486682808716712
2024-07-22,20100,21200,19930,21200,241085,0.06372303060712503
2024-07-23,21400,21950,20650,20700,175172,-0.02358490566037741
2024-07-24,20950,21650,20550,20550,105581,-0.007246376811594235
2024-07-25,20100,20600,19910,20200,76729,-0.01703163017031628
2024-07-26,20150,20250,19200,19280,137752,-0.045544554455445585
2024-07-29,19260,20050,19060,19970,76721,0.035788381742738684
2024-07-30,19900,20100,19300,19450,55062,-0.026039058587881803
2024-07-31,19520,20150,19490,19890,70561,0.02262210796915176
2024-08-01,19890,20950,19800,20850,175659,0.04826546003016596
2024-08-02,20500,20500,19850,19880,90690,-0.04652278177458036
2024-08-05,19300,19850,16000,17510,159137,-0.11921529175050305
2024-08-06,17670,18560,17670,18040,64001,0.030268418046830448
2024-08-07,17880,18190,17550,17700,76295,-0.018847006651884657
2024-08-08,17700,17980,17610,17760,60273,0.003389830508474523
2024-08-09,17910,18620,17910,18500,81954,0.04166666666666674
2024-08-12,18500,18810,18350,18460,51034,-0.00216216216216214
2024-08-13,18490,18490,16870,17360,146449,-0.05958829902491869
2024-08-14,17600,17750,17500,17700,44610,0.019585253456221308
2024-08-16,17920,18380,17910,18100,61270,0.02259887005649719
2024-08-19,18200,18300,17580,17600,72754,-0.027624309392265234
2024-08-20,17800,18090,17220,17590,94198,-0.0005681818181818565
2024-08-21,17700,17700,17410,17480,25066,-0.006253553155201819
2024-08-22,17520,17730,17210,17470,81082,-0.0005720823798627261
2024-08-23,17310,17570,17240,17480,40573,0.0005724098454493731
2024-08-26,17480,17480,16900,17070,89324,-0.02345537757437066
2024-08-27,17080,17090,16780,17000,64932,-0.004100761570005829
2024-08-28,16990,17270,16930,17010,34328,0.0005882352941175562
2024-08-29,16940,16990,16440,16630,58008,-0.022339800117577857
2024-08-30,16630,17220,16600,17220,44490,0.035478051713770276
2024-09-02,17350,17480,16960,17150,53201,-0.004065040650406471
2024-09-03,17210,17390,17110,17280,42914,0.007580174927113603
2024-09-04,16770,17280,16770,16820,52252,-0.02662037037037035
2024-09-05,16780,17150,16550,16600,40026,-0.013079667063020217
2024-09-06,16680,16690,16200,16230,31857,-0.02228915662650599
2024-09-09,16010,16940,15920,16910,32294,0.041897720271102834
2024-09-10,16950,17440,16790,17210,98158,0.017740981667652367
2024-09-11,17420,17420,16250,16630,52357,-0.03370133643230677
2024-09-12,16830,17090,16580,16970,52951,0.020444978953698234
2024-09-13,17050,17350,16950,17340,49461,0.021803182086034267
2024-09-19,17370,17940,17110,17940,95518,0.03460207612456756
2024-09-20,17970,18160,17680,18140,85888,0.011148272017837302
2024-09-23,18180,18470,17830,18070,58052,-0.0038588754134509795
2024-09-24,18110,18420,18020,18020,35397,-0.0027670171555063128
2024-09-25,18140,19370,18100,18660,178169,0.035516093229744694
2024-09-26,18810,18980,18450,18660,51468,0.0
2024-09-27,18730,19280,18670,18940,80075,0.015005359056806
2024-09-30,18950,19140,18520,18650,28076,-0.015311510031678965
2024-10-02,18600,18970,18400,18650,39583,0.0
2024-10-04,18650,18980,18500,18630,33951,-0.0010723860589811895
2024-10-07,18630,19040,18580,18890,32830,0.013955984970477786
2024-10-08,18680,19030,18030,18060,34667,-0.043938591847538344
2024-10-10,18510,18550,18010,18470,22369,0.02270210409745288
2024-10-11,18470,18470,17990,18020,16828,-0.024363833243096877
2024-10-14,18020,18270,17510,17690,31338,-0.018312985571587115
2024-10-15,17580,17770,17580,17680,11980,-0.0005652911249293124
2024-10-16,17680,17680,17210,17220,48588,-0.02601809954751133
2024-10-17,17280,17680,16980,17020,81132,-0.011614401858304313
2024-10-18,16980,17220,16650,16850,85368,-0.0099882491186839
2024-10-21,16850,17150,16630,16950,31078,0.005934718100890191
2024-10-22,17000,17010,16610,16720,26369,-0.013569321533923318
2024-10-23,16720,16980,16500,16690,19352,-0.0017942583732057926
2024-10-24,16610,16810,16610,16740,9641,0.002995805871779611
2024-10-25,16650,16960,15610,15670,123278,-0.0639187574671446
2024-10-28,15680,15880,15400,15820,49896,0.00957243139757491
2024-10-29,15830,15880,15610,15750,26477,-0.004424778761061954
2024-10-30,15750,16050,15660,15690,37027,-0.003809523809523818
2024-10-31,15660,16040,15550,16000,35588,0.019757807520713877
2024-11-01,15620,15620,15260,15310,125151,-0.04312499999999997
2024-11-04,15360,16290,15250,15980,74187,0.04376224689745256
2024-11-05,15990,16000,15790,15810,25178,-0.010638297872340385
2024-11-06,15860,15880,15500,15660,36767,-0.009487666034155628
2024-11-07,15500,15580,15380,15420,40899,-0.01532567049808431
2024-11-08,15350,15580,15300,15330,33742,-0.005836575875486361
2024-11-11,15350,15540,15010,15450,52794,0.007827788649706457
2024-11-12,15450,15450,14440,14450,94378,-0.06472491909385114
2024-11-13,14400,14700,14250,14250,30103,-0.01384083044982698
2024-11-14,14280,14450,13710,13740,66629,-0.03578947368421048
2024-11-15,13670,14240,13600,14100,70214,0.026200873362445476
2024-11-18,14100,14440,14100,14340,26185,0.017021276595744705
2024-11-19,14390,14440,14100,14180,25608,-0.01115760111576014
2024-11-20,14200,14440,14100,14130,8376,-0.0035260930888575404
2024-11-21,14130,14280,13870,13900,34887,-0.016277423920736056
2024-11-22,13900,14340,13900,14170,19938,0.01942446043165469
2024-11-25,14170,14500,13850,13850,171389,-0.022582921665490474
2024-11-26,13930,14140,13870,14040,23925,0.013718411552346543
2024-11-27,14130,14160,13910,14040,25841,0.0
2024-11-28,14140,14140,13940,14030,22681,-0.0007122507122506727
2024-11-29,14030,14170,13730,13770,40963,-0.018531717747683585
2024-12-02,13800,13970,13510,13540,44748,-0.016702977487291215
2024-12-03,13420,14030,13420,13960,53043,0.03101920236336775
2024-12-04,13560,13960,13550,13680,31676,-0.02005730659025784
2024-12-05,13680,14000,13380,13400,26756,-0.020467836257309968
2024-12-06,13420,13700,12880,13020,59495,-0.028358208955223896
2024-12-09,13010,13010,12350,12370,43759,-0.049923195084485394
2024-12-10,12120,13280,12120,13240,52340,0.07033144704931282
2024-12-11,13240,13860,13130,13800,46059,0.04229607250755296
2024-12-12,13880,13900,13550,13800,27124,0.0
2024-12-13,13530,13950,13530,13780,31751,-0.0014492753623188692
2024-12-16,13850,13910,13730,13850,21743,0.005079825834542806
2024-12-17,13770,13880,13660,13810,21396,-0.002888086642599319
2024-12-18,13810,13970,13700,13900,22528,0.006517016654598029
2024-12-19,13800,14140,13690,14070,43105,0.012230215827338187
2024-12-20,14100,14100,13730,13940,25777,-0.009239516702203243
2024-12-23,13940,14090,13820,14060,20647,0.008608321377331363
2024-12-24,14170,14340,13930,14070,33295,0.0007112375533429027
2024-12-26,14210,14260,13950,14130,29625,0.004264392324093924
2024-12-27,13850,14080,13850,13880,21298,-0.017692852087756505
2024-12-30,12850,13300,12800,13220,122563,-0.047550432276657006
2025-01-02,12970,12970,12400,12420,118205,-0.06051437216338884
2025-01-03,12490,14350,12430,12950,431861,0.04267310789049916
2025-01-06,12950,13160,12940,13120,59790,0.013127413127413057
2025-01-07,13120,13300,12900,12930,48323,-0.014481707317073211
2025-01-08,12990,13060,12820,12930,21698,0.0
2025-01-09,13050,13050,12610,12870,38473,-0.004640371229698403
2025-01-10,12880,12940,12670,12770,26559,-0.007770007770007803
2025-01-13,12770,12940,12590,12610,29568,-0.012529365700861383
2025-01-14,12770,12790,12500,12640,34159,0.0023790642347343294
2025-01-15,12720,12720,12500,12530,26154,-0.008702531645569667
2025-01-16,12550,12690,12510,12550,30230,0.0015961691939345712
2025-01-17,12670,12730,12560,12690,29057,0.011155378486055856
2025-01-20,12700,12700,12530,12680,19025,-0.0007880220646178104
2025-01-21,12780,13210,12670,12720,103599,0.003154574132492094
2025-01-22,12740,12920,12610,12790,48708,0.005503144654088077
2025-01-23,12780,12780,12270,12320,114331,-0.036747458952306467
2025-01-24,12300,12420,12100,12350,42325,0.0024350649350648457
2025-01-31,12270,12270,12110,12160,34797,-0.01538461538461533
2025-02-03,12140,12140,11700,11860,72608,-0.024671052631578982
2025-02-04,11890,12260,11850,12260,43816,0.033726812816188945
2025-02-05,12280,12400,12200,12330,34168,0.005709624796084833
2025-02-06,12400,12570,12200,12480,35160,0.012165450121654597
2025-02-07,12520,12580,12390,12450,59384,-0.0024038461538461453
2025-02-10,12430,12430,12230,12320,31101,-0.010441767068273045
2025-02-11,12260,12480,12240,12250,39988,-0.005681818181818232
2025-02-12,12370,12370,12220,12260,13285,0.0008163265306122547
2025-02-13,12260,12400,12230,12260,21114,0.0
2025-02-14,12260,12560,12260,12410,36566,0.012234910277324706
2025-02-17,12370,12640,12370,12600,33888,0.015310233682514163
2025-02-18,12600,12630,12510,12630,24539,0.0023809523809523725
2025-02-19,12700,12900,12520,12900,37260,0.0213776722090262
2025-02-20,13000,13220,12910,12940,95349,0.0031007751937983663
2025-02-21,13010,13650,12900,13620,98762,0.05255023183925811
2025-02-24,13620,13970,13530,13970,111190,0.02569750367107204
2025-02-25,14030,14330,13810,13960,119086,-0.0007158196134574579
2025-02-26,13960,13970,13550,13820,77343,-0.01002865329512892
2025-02-27,13850,13990,13620,13770,41276,-0.00361794500723589
2025-02-28,13640,14110,13560,13850,63399,0.005809731299927456
2025-03-04,13800,14070,13710,13910,42362,0.0043321299638989785
2025-03-05,14080,14300,14010,14040,53070,0.009345794392523255
2025-03-06,14100,14250,14000,14050,36623,0.0007122507122507837
2025-03-07,14060,14330,14000,14140,54279,0.006405693950177982
2025-03-10,14250,14250,13930,14120,46600,-0.0014144271570014633
2025-03-11,13900,14300,13880,14140,48687,0.0014164305949009304
2025-03-12,14300,14610,14240,14500,64628,0.02545968882602545
2025-03-13,14630,14650,14090,14300,96196,-0.01379310344827589
2025-03-14,14240,14350,14190,14250,28312,-0.0034965034965035446
2025-03-17,14250,14490,14200,14400,45613,0.010526315789473717
2025-03-18,14310,14480,14130,14270,48255,-0.009027777777777746
2025-03-19,14270,14300,14160,14260,27793,-0.0007007708479327412
2025-03-20,14330,14590,14270,14510,60764,0.017531556802244053
2025-03-21,14550,14550,14160,14160,118483,-0.024121295658166786
2025-03-24,14150,14500,14150,14320,43528,0.011299435028248483
2025-03-25,14380,14500,14010,14130,42817,-0.013268156424581012
2025-03-26,14130,14420,14130,14290,79975,0.011323425336164261
2025-03-27,13790,13960,13710,13770,66200,-0.03638908327501744
2025-03-28,13720,13790,13290,13600,59513,-0.012345679012345734
2025-03-31,13530,14100,12950,13040,50312,-0.04117647058823526
2025-04-01,13180,14570,13080,14500,259425,0.11196319018404899
2025-04-02,15700,18050,14980,16120,3065312,0.11172413793103453
2025-04-03,15990,16040,15510,15660,343389,-0.028535980148883366
2025-04-04,15140,15590,14900,15110,188494,-0.03512132822477654
2025-04-07,14360,14500,13500,13520,188983,-0.10522832561217732
2025-04-08,13730,14020,13250,13330,140549,-0.014053254437869866
2025-04-09,13190,13330,12500,12700,113562,-0.04726181545386343
2025-04-10,13200,13620,12970,13370,104908,0.052755905511810974
2025-04-11,13100,13330,12980,13330,61873,-0.0029917726252804977
2025-04-14,13370,13470,13240,13360,46487,0.0022505626406601476
2025-04-15,13360,13660,13290,13650,50406,0.021706586826347296
2025-04-16,13610,13730,13450,13450,79407,-0.0146520146520146
2025-04-17,13440,14200,13440,14200,99528,0.055762081784386686
2025-04-18,14390,14550,13790,13900,96177,-0.021126760563380254
2025-04-21,13920,13990,13760,13930,53356,0.0021582733812950394
2025-04-22,13770,13990,13770,13850,23752,-0.005743000717875035
2025-04-23,13910,14200,13860,14100,76994,0.018050541516245522
2025-04-24,14100,14370,14020,14310,64768,0.014893617021276562
2025-04-25,14370,16330,14300,14460,1059564,0.01048218029350112
2025-04-28,14410,14410,13970,14190,100363,-0.018672199170124526
2025-04-29,14100,14550,14100,14150,121594,-0.0028188865398167673
2025-04-30,13770,14400,13550,13610,158542,-0.03816254416961129
2025-05-02,13720,13720,13350,13400,50788,-0.01542983100661277
2025-05-07,13420,13620,13340,13500,39267,0.00746268656716409
2025-05-08,13520,14060,13520,13940,82122,0.032592592592592506
2025-05-09,13930,14180,13920,14060,92884,0.008608321377331363
2025-05-12,14460,14730,14130,14700,140874,0.045519203413940224
2025-05-13,14710,14760,14350,14710,85614,0.0006802721088434716
2025-05-14,14720,14860,14550,14700,70001,-0.0006798096532970588
2025-05-15,14830,14880,14400,14480,44667,-0.014965986394557818
2025-05-16,14340,14540,14150,14150,46521,-0.022790055248618768
2025-05-19,14240,14330,13920,14080,37601,-0.004946996466431042
2025-05-20,14120,14200,14050,14170,22334,0.006392045454545414
2025-05-21,14250,14280,13910,14030,38889,-0.009880028228652082
2025-05-22,14030,14150,13910,14050,45176,0.0014255167498218313
2025-05-23,14060,14660,13980,14540,62001,0.034875444839857606
2025-05-26,14620,14800,14390,14740,56319,0.01375515818431916
2025-05-27,14720,15100,14700,14810,48335,0.004748982360922582
2025-05-28,14700,14990,14500,14770,93090,-0.0027008777852801646
2025-05-29,14830,14830,14540,14740,49568,-0.0020311442112389555
2025-05-30,14750,15630,14700,15120,174657,0.02578018995929443
2025-06-02,15180,15190,14870,15000,48651,-0.007936507936507908
2025-06-04,15110,15190,14920,15080,39918,0.005333333333333412
2025-06-05,15100,15450,15040,15140,70331,0.003978779840848823
2025-06-09,15270,15880,15230,15750,106511,0.040290620871862526
2025-06-10,15900,15900,15520,15660,53459,-0.005714285714285672
2025-06-11,15660,15840,15520,15840,39813,0.011494252873563315
2025-06-12,15890,16290,15750,16180,69706,0.02146464646464641
2025-06-13,16120,16140,15230,15310,204988,-0.053770086526576
2025-06-16,16330,16740,15820,16060,189771,0.04898758981058138
2025-06-17,16020,16100,15270,15440,114800,-0.03860523038605235
2025-06-18,15590,16290,15460,16080,100959,0.041450777202072464
2025-06-19,16080,16190,15550,15700,60421,-0.023631840796019876
2025-06-20,18020,18440,17000,17210,951399,0.09617834394904468
2025-06-23,16700,16740,16300,16510,157756,-0.04067402672864617
2025-06-24,16620,16680,16280,16520,124293,0.0006056935190792423
2025-06-25,16550,16550,16090,16190,91832,-0.01997578692493951
2025-06-26,16690,16950,16220,16240,286830,0.0030883261272389717
2025-06-27,16230,16230,15700,15870,77100,-0.022783251231527135
2025-06-30,15890,16990,15790,15960,244980,0.005671077504725952
2025-07-01,16050,16500,15890,16300,176898,0.02130325814536338
2025-07-02,16890,17500,16440,16820,586576,0.031901840490797584
2025-07-03,16470,16570,16330,16500,102763,-0.019024970273483932
2025-07-04,16410,16440,16010,16120,83398,-0.023030303030303068
2025-07-07,16100,17330,15970,16480,308778,0.022332506203474045
2025-07-08,16330,16810,16330,16480,86616,0.0
2025-07-09,16490,16610,16390,16500,54709,0.0012135922330096527
2025-07-10,16510,16650,16400,16440,78961,-0.0036363636363636598
2025-07-11,16440,16590,16220,16260,75046,-0.010948905109489093
2025-07-14,16360,19230,16250,18590,1624581,0.1432964329643296
2025-07-15,17770,17850,17350,17450,365774,-0.06132329209252285
2025-07-16,17620,17680,17020,17070,162743,-0.02177650429799427
2025-07-17,17150,17280,16790,16850,110910,-0.012888107791447001
2025-07-18,16850,17000,16790,17000,71336,0.008902077151335286
2025-07-21,17030,17090,16750,16870,48309,-0.007647058823529451
2025-07-22,16990,17080,16300,16650,111316,-0.01304090100770594
2025-07-23,16680,17090,16500,16860,66081,0.012612612612612706
2025-07-24,16900,16970,16600,16620,36270,-0.014234875444839812
2025-07-25,16740,16800,16560,16650,29000,0.0018050541516245744
2025-07-28,16620,16870,16220,16440,65359,-0.012612612612612595
2025-07-29,16420,17100,16240,16680,76599,0.014598540145985384
2025-07-30,16600,16900,16590,16770,48663,0.0053956834532373765
2025-07-31,16610,16770,16510,16590,34748,-0.01073345259391767
2025-08-01,16520,16600,16040,16040,52776,-0.03315250150693194
2025-08-04,16040,16180,15870,16030,41918,-0.0006234413965087171
2025-08-05,16050,16160,16020,16140,25073,0.006862133499688117
2025-08-06,16490,16660,16350,16600,62042,0.028500619578686548
2025-08-07,16660,16810,16580,16750,34402,0.009036144578313143
2025-08-08,16680,16860,16660,16760,26228,0.0005970149253731183
2025-08-11,16790,16800,16480,16510,33737,-0.014916467780429543
2025-08-12,16490,16640,16210,16380,50707,-0.007874015748031482
2025-08-13,16400,16500,16200,16230,32115,-0.009157509157509125
2025-08-14,16330,16370,16210,16270,11845,0.0024645717806530687
2025-08-18,16300,16350,16160,16180,19905,-0.005531653349723387
2025-08-19,16210,16290,16020,16150,38008,-0.001854140914709479
2025-08-20,15960,16330,15730,16300,42633,0.009287925696594534
2025-08-21,16300,16910,16260,16500,71344,0.012269938650306678
2025-08-22,16600,16690,16380,16530,33599,0.0018181818181817189
2025-08-25,16580,16580,16300,16330,43395,-0.012099213551119203
2025-08-26,16340,16350,16000,16230,29349,-0.006123698714023296
2025-08-27,16170,16330,16120,16300,19093,0.004313000616142926
2025-08-28,16300,16310,16070,16210,13834,-0.005521472392638005
2025-08-29,16290,16290,16040,16170,19339,-0.002467612584824197
2025-09-01,16130,16140,15920,15940,33537,-0.014223871366728535
2025-09-02,15940,16170,15800,15930,24603,-0.0006273525721455231
2025-09-03,15850,16040,15780,15970,37336,0.0025109855618330457
2025-09-04,16080,16310,15800,16170,32399,0.012523481527864755
2025-09-05,16310,16400,16170,16260,33787,0.005565862708719838
2025-09-08,17310,17320,16160,16220,300742,-0.002460024600245969
2025-09-09,16240,16240,15810,15830,123867,-0.02404438964241673
2025-09-10,15860,15950,15490,15500,134308,-0.020846493998736615
2025-09-11,15520,15590,15440,15490,72181,-0.000645161290322549
2025-09-12,15520,15570,15480,15520,68811,0.0019367333763717909
2025-09-15,15580,15850,15380,15590,99451,0.0045103092783504994
2025-09-16,15590,15640,15510,15590,43334,0.0
2025-09-17,15600,15730,15450,15480,38465,-0.007055805003207238
2025-09-18,15570,15580,15400,15500,45729,0.0012919896640826156
2025-09-19,15500,15500,15190,15190,69522,-0.020000000000000018
2025-09-22,15190,15260,14900,15040,84259,-0.009874917709019049
2025-09-23,15060,15060,14790,14930,56854,-0.00731382978723405
2025-09-24,14810,14980,14800,14870,34725,-0.004018754186202234
2025-09-25,14830,14930,14770,14880,38538,0.0006724949562877391
2025-09-26,14920,15050,14620,14710,52528,-0.011424731182795744
2025-09-29,14880,15250,14710,15130,49672,0.028552005438477135
2025-09-30,15190,15230,15040,15110,32643,-0.0013218770654329637
2025-10-01,15040,15110,14970,15010,28852,-0.006618133686300487
2025-10-02,15220,15260,15000,15220,36196,0.013990672884743427
2025-10-10,15220,15220,14750,14780,68308,-0.02890932982917216
2025-10-13,14780,15140,14590,14930,40761,0.010148849797023018
2025-10-14,14930,15270,14700,14800,56199,-0.008707300736771617
2025-10-15,14800,15040,14780,14780,45797,-0.0013513513513513375
2025-10-16,14780,15060,14780,14890,50254,0.007442489851150258
2025-10-17,14890,14980,14710,14980,40435,0.006044325050369448
2025-10-20,14980,15060,14640,15060,80702,0.005340453938584844
2025-10-21,15500,15590,15060,15140,118415,0.005312084993359889
2025-10-22,15250,15250,14800,15010,39472,-0.008586525759577301
2025-10-23,15020,15140,14820,14860,50955,-0.009993337774816813
2025-10-24,14980,15350,14840,14970,85547,0.007402422611036297
2025-10-27,14970,14970,14730,14780,74084,-0.012692050768203123
2025-10-28,14720,14920,14710,14740,34475,-0.0027063599458727605
2025-10-29,14740,14840,14200,14250,123587,-0.03324287652645863
2025-10-30,14260,14320,14100,14220,59740,-0.002105263157894721
2025-10-31,14100,14270,13980,14010,60317,-0.014767932489451518
2025-11-03,14020,14120,13790,13880,67103,-0.009279086366880795
2025-11-04,13880,14200,13880,14000,70528,0.008645533141210304
2025-11-05,13950,13950,13000,13660,77028,-0.024285714285714244
2025-11-06,13940,13940,13490,13710,36324,0.0036603221083455484
2025-11-07,13510,14030,13510,13860,54680,0.010940919037199182
2025-11-10,13850,14350,13650,14000,45282,0.010101010101010166
2025-11-11,14210,14210,13910,13950,29058,-0.0035714285714285587
2025-11-12,13950,14240,13830,14240,41176,0.02078853046594986
2025-11-13,14240,14350,14120,14140,36000,-0.0070224719101124045
2025-11-14,14130,14130,13780,13780,69943,-0.02545968882602545
2025-11-17,13800,13970,13690,13800,35628,0.0014513788098693414
2025-11-18,13800,13870,13370,13420,41697,-0.02753623188405796
2025-11-19,13420,13600,13420,13470,37787,0.0037257824143070994
2025-11-20,13410,13720,13370,13630,46361,0.01187824795842607
2025-11-21,13640,13800,13460,13760,33751,0.009537784299339602
2025-11-24,13800,13970,13560,13570,39265,-0.01380813953488369
2025-11-25,13610,13700,13150,13420,28631,-0.011053795136330091
2025-11-26,13360,13570,13240,13540,18697,0.008941877794336861
2025-11-27,13540,13780,13540,13640,21660,0.007385524372230501
