Date,Open,High,Low,Close,Volume,Change
2022-01-03,60844,61344,59842,61345,285162,0.02941670022821863
2022-01-04,61595,63097,60844,62847,316308,0.02448447306218915
2022-01-05,62847,63598,62346,63098,426057,0.003993826276512902
2022-01-06,62096,65601,61595,65351,584749,0.03570636153285367
2022-01-07,65851,66853,64850,66102,356348,0.011491790485225861
2022-01-10,66102,67103,65100,66603,257804,0.007579195788327109
2022-01-11,66853,67103,64099,65101,344398,-0.022551536717565268
2022-01-12,64850,65351,63598,65101,536324,0.0
2022-01-13,65100,65601,63348,64099,274970,-0.015391468641034689
2022-01-14,63848,64349,63097,63849,236637,-0.0039002168520569924
2022-01-17,63348,63848,62096,63098,235563,-0.0117621262666604
2022-01-18,63348,63598,59592,61345,415262,-0.027782180100795584
2022-01-19,60343,62847,60343,62347,286733,0.016333849539489798
2022-01-20,62596,63097,61344,61846,132401,-0.008035671323399662
2022-01-21,61094,61344,55586,57088,2267387,-0.07693302719658501
2022-01-24,57839,58841,57088,57589,747507,0.008775924887892472
2022-01-25,58340,59341,56086,56838,454883,-0.013040684853010132
2022-01-26,57088,57589,56086,56087,255903,-0.013212991308631516
2022-01-27,55836,56337,53082,54084,449621,-0.0357123754167632
2022-01-28,54584,58340,53833,58340,615038,0.078692404407958
2022-02-03,58841,59091,56837,57840,371374,-0.008570449091532373
2022-02-04,57338,59341,57338,58841,229061,0.017306362378976425
2022-02-07,58841,59341,57088,58340,299290,-0.008514471202052953
2022-02-08,57839,58590,56587,57339,489162,-0.01715803908124791
2022-02-09,58089,58590,57338,58340,414404,0.01745757686740257
2022-02-10,58590,58841,57338,58591,457081,0.004302365443949352
2022-02-11,57839,58089,57088,57339,333661,-0.021368469560171355
2022-02-14,56587,56587,55586,56337,209958,-0.017475017004133342
2022-02-15,56337,56837,54834,55836,189664,-0.008892912295649369
2022-02-16,56837,57338,56337,56838,186679,0.0179454115624329
2022-02-17,57088,58590,56086,58090,444501,0.022027516802139324
2022-02-18,58089,60343,57839,59843,462275,0.030177311069030877
2022-02-21,58841,62596,58089,62096,506505,0.03764851361061439
2022-02-22,60844,61845,60343,61095,250124,-0.01612020097912914
2022-02-23,61094,63097,60844,61846,338100,0.012292331614698337
2022-02-24,60844,62096,60593,61095,290797,-0.012143065032500067
2022-02-25,62096,62847,61094,61846,243403,0.012292331614698337
2022-02-28,61344,65351,60844,64350,537181,0.040487662904634014
2022-03-02,64850,65351,63598,64350,275403,0.0
2022-03-03,65601,66603,64349,65852,393552,0.023341103341103286
2022-03-04,65851,66352,65351,65602,240529,-0.003796391909129615
2022-03-07,64599,65601,64099,65602,341538,0.0
2022-03-08,64600,65351,62847,64350,390325,-0.019084784000487742
2022-03-10,67103,67855,65351,66603,795688,0.03501165501165504
2022-03-11,66603,67604,65351,67104,534092,0.00752218368541957
2022-03-14,66853,69607,66352,68105,584098,0.014917143538388133
2022-03-15,67855,67855,64600,64850,504001,-0.04779384773511486
2022-03-16,66352,66352,63598,65351,479091,0.0077255204317656645
2022-03-17,66102,66102,63848,64350,422044,-0.015317286652078765
2022-03-18,64850,65100,63097,64099,265083,-0.0039005439005439513
2022-03-21,64099,64349,62596,62847,304736,-0.019532285995101373
2022-03-22,62847,65351,62596,64850,311567,0.0318710519197416
2022-03-23,65351,65601,64600,65351,188578,0.0077255204317656645
2022-03-24,65351,65851,64600,65351,199942,0.0
2022-03-25,69607,69858,67103,67104,1825156,0.02682437912197222
2022-03-28,67103,68105,66352,67605,391950,0.007466022889842661
2022-03-29,67604,67604,64850,65602,552701,-0.02962798609570294
2022-03-30,65851,66853,65851,66102,250953,0.007621718850035153
2022-03-31,66102,66603,65851,66353,238079,0.003797161961816675
2022-04-01,66102,66853,65100,66853,250160,0.007535454312540546
2022-04-04,67103,67604,65851,66353,320661,-0.007479095926884338
2022-04-05,66603,66853,65351,65602,257177,-0.011318252377435889
2022-04-06,65601,65851,64099,65101,661870,-0.007636962287735138
2022-04-07,64349,64850,63598,64600,615785,-0.0076957343205174
2022-04-08,64600,64600,61900,63000,536301,-0.024767801857585092
2022-04-11,62700,63600,61100,62000,229044,-0.015873015873015928
2022-04-12,61800,62400,60500,60900,241271,-0.01774193548387093
2022-04-13,61000,61600,60500,61100,175510,0.003284072249589487
2022-04-14,61200,61200,59700,60100,290781,-0.016366612111292977
2022-04-15,59800,60300,58700,59300,224599,-0.01331114808652245
2022-04-18,59400,60200,58800,59300,148654,0.0
2022-04-19,59100,59900,59000,59600,183875,0.005059021922428242
2022-04-20,59800,59800,58800,59100,178562,-0.008389261744966459
2022-04-21,59600,60400,59200,60100,218549,0.016920473773265554
2022-04-22,59500,61200,59100,60900,192992,0.01331114808652245
2022-04-25,59500,60200,59200,59200,194776,-0.02791461412151064
2022-04-26,59300,60100,58700,59700,230582,0.008445945945946054
2022-04-27,58800,59500,58400,58900,175788,-0.01340033500837523
2022-04-28,58800,61100,58100,61000,495645,0.035653650254668934
2022-04-29,60500,60500,59600,60300,255010,-0.011475409836065542
2022-05-02,59600,60500,59100,59600,288152,-0.011608623548922004
2022-05-03,58500,58900,55300,55400,1329322,-0.07046979865771807
2022-05-04,55500,55900,55200,55700,344316,0.005415162454873723
2022-05-06,54800,54900,53600,54500,530864,-0.021543985637342944
2022-05-09,53700,54700,52300,53100,523795,-0.025688073394495414
2022-05-10,52100,52900,51000,52700,487668,-0.007532956685499026
2022-05-11,52600,52700,51300,52500,257025,-0.003795066413662229
2022-05-12,51500,52500,50600,51400,361915,-0.020952380952380945
2022-05-13,51200,52600,51200,52600,176978,0.023346303501945442
2022-05-16,52700,52800,51300,51400,151277,-0.02281368821292773
2022-05-17,51300,51700,49950,51400,345243,0.0
2022-05-18,51600,51600,49950,50100,330083,-0.02529182879377434
2022-05-19,48950,49550,48350,49500,362282,-0.0119760479041916
2022-05-20,49450,49800,48950,49650,252517,0.003030303030302939
2022-05-23,49600,49650,48550,49450,214587,-0.004028197381671705
2022-05-24,49700,50700,49350,49500,339744,0.0010111223458038054
2022-05-25,50100,51500,49750,51000,293929,0.030303030303030276
2022-05-26,51100,51400,50500,50600,238313,-0.007843137254901933
2022-05-27,51500,51600,50400,50900,299503,0.005928853754940677
2022-05-30,51300,52000,50700,51700,234172,0.015717092337917515
2022-05-31,51900,52300,51500,52300,197466,0.011605415860735047
2022-06-02,52000,52000,49950,50600,375311,-0.0325047801147228
2022-06-03,50900,51200,50400,51000,210842,0.007905138339920903
2022-06-07,50700,50700,49750,50200,246277,-0.015686274509803977
2022-06-08,50400,50900,50100,50300,233813,0.0019920318725099584
2022-06-09,50100,50200,49100,50000,399017,-0.005964214711729587
2022-06-10,49250,51100,49250,50900,272084,0.018000000000000016
2022-06-13,49700,49950,47350,47400,445239,-0.06876227897838905
2022-06-14,46200,47150,45600,46800,441423,-0.012658227848101222
2022-06-15,46800,47400,45600,45850,284333,-0.020299145299145338
2022-06-16,46400,46750,44900,44950,369217,-0.019629225736095934
2022-06-17,43500,44750,43300,44450,356305,-0.011123470522803158
2022-06-20,44250,44550,41550,42000,502482,-0.055118110236220486
2022-06-21,42050,42600,41350,42400,306237,0.00952380952380949
2022-06-22,42600,42650,39750,39800,454550,-0.061320754716981174
2022-06-23,39700,40300,38150,38250,520490,-0.03894472361809043
2022-06-24,38400,40300,38400,40000,276224,0.045751633986928164
2022-06-27,40400,41050,40100,40800,163338,0.020000000000000018
2022-06-28,40750,41800,40550,41800,177416,0.02450980392156854
2022-06-29,40900,41650,40800,41000,166412,-0.019138755980861233
2022-06-30,41000,42400,40250,41450,291364,0.01097560975609757
2022-07-01,41950,43150,41650,42150,329633,0.016887816646562026
2022-07-04,42300,42400,38500,39200,435558,-0.06998813760379596
2022-07-05,39500,40500,39200,40300,231534,0.028061224489795977
2022-07-06,40000,40250,38500,38500,236659,-0.04466501240694787
2022-07-07,39200,40400,38900,40150,194986,0.04285714285714293
2022-07-08,40450,41450,40200,40250,235758,0.00249066002490661
2022-07-11,40150,40150,38800,39300,253651,-0.023602484472049712
2022-07-12,38950,39100,37700,38300,292156,-0.025445292620865145
2022-07-13,38000,39000,37800,38650,173655,0.009138381201044377
2022-07-14,38050,39300,37650,38450,212415,-0.005174644243208237
2022-07-15,38650,38850,36900,37800,266318,-0.016905071521456483
2022-07-18,38100,39550,38050,39300,137794,0.039682539682539764
2022-07-19,38950,39600,38600,39350,110356,0.0012722646310432406
2022-07-20,39900,41050,39700,40250,321036,0.02287166454891998
2022-07-21,40300,40400,39800,40050,131691,-0.004968944099378869
2022-07-22,39950,40400,39800,40000,110364,-0.0012484394506866447
2022-07-25,39750,40450,39650,40100,138295,0.0024999999999999467
2022-07-26,40000,40850,39800,40150,132127,0.0012468827930174342
2022-07-27,40350,40600,39700,40500,133853,0.008717310087173136
2022-07-28,40750,41100,39600,39800,200322,-0.01728395061728394
2022-07-29,40350,40800,40150,40550,214247,0.018844221105527748
2022-08-01,40750,41450,40550,41300,193322,0.018495684340320562
2022-08-02,41300,42100,40450,40850,193876,-0.010895883777239712
2022-08-03,40900,41500,40300,40950,180516,0.00244798041615657
2022-08-04,41150,41600,40600,40950,186497,0.0
2022-08-05,41250,42500,41200,41900,333737,0.023199023199023117
2022-08-08,41900,42450,41250,42400,180103,0.01193317422434359
2022-08-09,42200,42950,42100,42650,191463,0.005896226415094352
2022-08-10,42900,44300,42850,43450,395147,0.01875732708089095
2022-08-11,44300,44400,43100,43400,375117,-0.0011507479861909697
2022-08-12,43300,45650,43300,45500,473726,0.048387096774193505
2022-08-16,45650,46000,44100,44300,418452,-0.02637362637362639
2022-08-17,44350,44950,43300,43400,239275,-0.020316027088036148
2022-08-18,43100,43350,42200,43050,183226,-0.008064516129032251
2022-08-19,42950,43100,42200,42450,151720,-0.013937282229965153
2022-08-22,41550,41700,41100,41300,237939,-0.027090694935217874
2022-08-23,40600,41200,40300,40300,198175,-0.02421307506053272
2022-08-24,40400,41050,39950,41050,195613,0.018610421836228186
2022-08-25,41150,41750,40950,41400,145643,0.008526187576126665
2022-08-26,41700,42550,41250,42050,217753,0.01570048309178751
2022-08-29,40400,40950,40200,40200,223770,-0.04399524375743158
2022-08-30,40500,41600,40400,41100,200088,0.02238805970149249
2022-08-31,41200,41250,40250,40950,266645,-0.0036496350364964014
2022-09-01,40600,42300,40400,40900,399610,-0.0012210012210012167
2022-09-02,41450,43300,41350,42450,476593,0.03789731051344747
2022-09-05,42350,42850,41650,41900,214090,-0.012956419316843326
2022-09-06,42050,43050,41350,42350,193556,0.010739856801909253
2022-09-07,42050,44200,42000,43150,457564,0.018890200708382432
2022-09-08,43500,43500,42050,42150,197787,-0.023174971031286185
2022-09-13,42650,43150,42500,42950,138768,0.018979833926453082
2022-09-14,41500,41550,40700,41100,220141,-0.043073341094295725
2022-09-15,41500,42000,40950,41500,142494,0.009732360097323589
2022-09-16,40900,41900,40850,41500,201988,0.0
2022-09-19,41500,41600,39850,39850,262119,-0.03975903614457832
2022-09-20,40450,41500,40350,41100,183861,0.031367628607277265
2022-09-21,41100,41800,39950,40450,175849,-0.015815085158150888
2022-09-22,39750,39850,38800,39450,243978,-0.024721878862793534
2022-09-23,39550,39550,38050,38250,181994,-0.03041825095057038
2022-09-26,37500,37950,36200,36450,298839,-0.04705882352941182
2022-09-27,36100,37000,35950,36950,256662,0.013717421124828544
2022-09-28,36650,37000,34700,35100,320904,-0.05006765899864685
2022-09-29,35500,35900,34500,34800,294363,-0.008547008547008517
2022-09-30,34500,35200,33850,34300,234419,-0.014367816091954033
2022-10-04,35100,36300,34700,35800,175625,0.0437317784256559
2022-10-05,36300,36600,34950,35600,265108,-0.005586592178770999
2022-10-06,35650,36400,35350,35800,169821,0.00561797752808979
2022-10-07,35350,36350,35250,36000,191309,0.005586592178770999
2022-10-11,35450,35900,34500,34700,177746,-0.036111111111111094
2022-10-12,34500,35550,34250,35450,239009,0.021613832853025983
2022-10-13,35300,35500,34050,34050,179326,-0.03949224259520456
2022-10-14,35000,36550,34600,36100,253850,0.0602055800293686
2022-10-17,35400,36150,34800,35600,217439,-0.013850415512465353
2022-10-18,36150,38000,35800,37650,252547,0.057584269662921406
2022-10-19,37500,37600,36000,36000,160405,-0.043824701195219085
2022-10-20,35800,36550,35600,36100,235742,0.002777777777777768
2022-10-21,35750,35750,34350,34550,171077,-0.04293628808864269
2022-10-24,35450,37800,35450,36450,335454,0.05499276410998544
2022-10-25,36550,36650,36000,36050,178478,-0.010973936899862813
2022-10-26,36200,36250,34950,35500,185931,-0.015256588072122046
2022-10-27,35650,37300,35450,36850,196924,0.038028169014084456
2022-10-28,36450,36950,35600,35650,167099,-0.0325644504748982
2022-10-31,36000,36050,34250,34450,265979,-0.033660589060308554
2022-11-01,34600,36350,34200,35750,259625,0.037735849056603765
2022-11-02,36000,36200,34850,35700,170023,-0.0013986013986013734
2022-11-03,34800,36250,34800,35900,102644,0.0056022408963585235
2022-11-04,35750,36300,35350,36050,89923,0.00417827298050133
2022-11-07,36200,37550,36100,37250,178234,0.03328710124826628
2022-11-08,37300,38000,37050,37650,169109,0.010738255033557076
2022-11-09,37900,38200,37300,37850,168399,0.005312084993359889
2022-11-10,37500,38500,37200,37650,145114,-0.005284015852047519
2022-11-11,38900,39100,38350,38850,203581,0.031872509960159334
2022-11-14,38950,39650,38100,38350,185680,-0.012870012870012881
2022-11-15,38750,39500,38250,39450,99416,0.028683181225554133
2022-11-16,39650,39900,38850,39500,134533,0.0012674271229404788
2022-11-17,39900,40150,38650,38700,228182,-0.020253164556962022
2022-11-18,39450,40450,39350,39400,269210,0.01808785529715773
2022-11-21,39600,39900,37950,38150,192368,-0.03172588832487311
2022-11-22,38150,40200,38100,40000,206592,0.04849279161205766
2022-11-23,40250,41000,39650,40750,151951,0.018750000000000044
2022-11-24,40750,40800,40000,40700,123274,-0.0012269938650306678
2022-11-25,40800,41100,40000,40700,127658,0.0
2022-11-28,40800,40800,39300,40050,150183,-0.01597051597051602
2022-11-29,40250,40600,39850,40350,109294,0.0074906367041198685
2022-11-30,40100,41850,39800,41850,256974,0.037174721189590976
2022-12-01,42000,42500,41500,41650,171824,-0.004778972520907976
2022-12-02,41550,41700,40250,40350,119010,-0.031212484993997647
2022-12-05,40250,41000,39850,40300,92690,-0.0012391573729864103
2022-12-06,40000,40800,39450,39750,130093,-0.013647642679900707
2022-12-07,39600,39750,38400,38900,157136,-0.021383647798742134
2022-12-08,39300,39300,38200,38500,230788,-0.010282776349614386
2022-12-09,38800,39100,38400,39100,96298,0.01558441558441559
2022-12-12,39100,39150,37900,38100,133710,-0.025575447570332477
2022-12-13,38600,38950,37500,37900,177527,-0.005249343832021025
2022-12-14,38200,38550,38000,38250,104985,0.00923482849604218
2022-12-15,38100,38150,37400,37400,101533,-0.022222222222222254
2022-12-16,36700,37150,36350,36600,176343,-0.021390374331550777
2022-12-19,36550,36800,36150,36450,80043,-0.004098360655737654
2022-12-20,36250,36850,35950,36050,105835,-0.010973936899862813
2022-12-21,36300,36800,35700,36500,143069,0.012482662968099856
2022-12-22,36550,37000,36250,36900,159974,0.010958904109588996
2022-12-23,36300,37050,36100,36900,139074,0.0
2022-12-26,36950,37200,36550,36550,126294,-0.009485094850948506
2022-12-27,36600,37000,35900,36850,205566,0.008207934336525335
2022-12-28,36000,36250,34600,34900,305547,-0.052917232021709615
2022-12-29,34600,34950,33450,33750,271280,-0.03295128939828085
2023-01-02,34350,34350,32000,32250,246112,-0.0444444444444444
2023-01-03,32000,32750,30950,32500,285167,0.007751937984496138
2023-01-04,32450,34000,31700,33850,320531,0.041538461538461524
2023-01-05,33800,33950,33200,33850,182790,0.0
2023-01-06,33600,36700,33250,36050,310340,0.06499261447562787
2023-01-09,36400,36800,35900,36400,181318,0.009708737864077666
2023-01-10,36000,36900,36000,36500,200111,0.0027472527472527375
2023-01-11,36450,36800,35450,35500,139662,-0.0273972602739726
2023-01-12,35750,36250,35300,35400,159762,-0.0028169014084507005
2023-01-13,35900,36300,35600,35600,152808,0.005649717514124353
2023-01-16,35800,36000,35250,35350,234381,-0.0070224719101124045
2023-01-17,35400,36400,35100,35650,177719,0.008486562942008558
2023-01-18,35850,36050,35000,35900,190816,0.007012622720897532
2023-01-19,35850,36850,35550,36600,231083,0.01949860724233976
2023-01-20,36350,38350,36250,38050,224047,0.039617486338797914
2023-01-25,38200,38350,37150,37250,161357,-0.021024967148488782
2023-01-26,37250,38050,36900,37900,130408,0.01744966442953011
2023-01-27,37700,38450,37550,37900,139907,0.0
2023-01-30,37700,38250,37500,37700,127352,-0.00527704485488123
2023-01-31,37750,38650,37500,38000,131591,0.007957559681697646
2023-02-01,38000,38950,37700,38250,174421,0.006578947368421018
2023-02-02,38450,38900,37350,37450,210193,-0.0209150326797386
2023-02-03,37450,37700,37050,37300,124187,-0.004005340453938633
2023-02-06,37200,37300,35400,35450,309802,-0.04959785522788207
2023-02-07,35450,35900,34900,34950,154467,-0.014104372355430161
2023-02-08,35100,35450,34950,35300,113815,0.010014306151645114
2023-02-09,34950,35250,34650,34650,154689,-0.018413597733711096
2023-02-10,34600,35150,34150,35000,106531,0.010101010101010166
2023-02-13,34750,34950,34150,34900,133602,-0.0028571428571428914
2023-02-14,35050,35250,34600,34850,97536,-0.0014326647564469885
2023-02-15,35000,35000,34000,34050,201463,-0.022955523672883782
2023-02-16,34200,34950,34150,34650,146830,0.017621145374449254
2023-02-17,34300,35450,34150,34700,150998,0.0014430014430013571
2023-02-20,34600,34900,34250,34800,84946,0.0028818443804035088
2023-02-21,34850,36000,34600,35750,275360,0.027298850574712707
2023-02-22,35050,35350,34400,34600,191685,-0.032167832167832144
2023-02-23,34700,35350,34350,35200,152287,0.01734104046242768
2023-02-24,34950,35350,34200,34250,173721,-0.026988636363636354
2023-02-27,34000,34000,33200,33500,159942,-0.021897810218978075
2023-02-28,33500,33850,32900,33000,178929,-0.014925373134328401
2023-03-02,32800,33650,32800,33300,175583,0.009090909090909038
2023-03-03,33400,33550,32750,33200,115088,-0.0030030030030030463
2023-03-06,33200,33350,32650,32800,164995,-0.012048192771084376
2023-03-07,32800,33350,32550,33050,170981,0.007621951219512146
2023-03-08,32600,32900,32400,32700,159316,-0.010590015128593033
2023-03-09,34000,34450,33350,33350,380121,0.01987767584097866
2023-03-10,33100,34000,33100,33650,219655,0.008995502248875464
2023-03-13,33550,33950,31900,32700,243734,-0.02823179791976227
2023-03-14,32700,32700,31650,31800,201054,-0.02752293577981646
2023-03-15,32450,33150,32200,32900,184062,0.03459119496855356
2023-03-16,32450,32700,32100,32350,169472,-0.016717325227963542
2023-03-17,32950,33800,32300,33700,322330,0.04173106646058722
2023-03-20,33350,33900,32400,32600,205499,-0.03264094955489616
2023-03-21,32900,32900,32250,32300,150345,-0.009202453987730008
2023-03-22,32800,32900,31900,32000,210707,-0.009287925696594423
2023-03-23,31750,32000,31050,31950,272828,-0.0015625000000000222
2023-03-24,31700,32050,31350,31500,158200,-0.014084507042253502
2023-03-27,31650,31800,31000,31150,156310,-0.011111111111111072
2023-03-28,31250,31750,31000,31550,208730,0.01284109149277679
2023-03-29,31500,32200,31450,32050,136941,0.015847860538827252
2023-03-30,32100,32650,31400,32350,225640,0.009360374414976613
2023-03-31,32500,33100,32150,32350,221774,0.0
2023-04-03,32600,33300,32500,32950,153082,0.018547140649149974
2023-04-04,33000,33350,32700,33050,176939,0.003034901365705611
2023-04-05,33400,33400,32900,32900,99315,-0.004538577912254205
2023-04-06,33000,33250,32200,32300,227587,-0.018237082066869248
2023-04-07,32450,32950,32100,32850,111348,0.017027863777089758
2023-04-10,32650,32950,32150,32250,137810,-0.0182648401826484
2023-04-11,32250,32700,32000,32600,132510,0.010852713178294504
2023-04-12,32600,33750,32400,33200,181225,0.018404907975460016
2023-04-13,32950,33100,32750,32850,172723,-0.010542168674698815
2023-04-14,33200,34050,33100,33400,307699,0.016742770167427645
2023-04-17,33400,33900,33250,33800,392867,0.011976047904191711
2023-04-18,33600,34350,33300,34000,256469,0.00591715976331364
2023-04-19,33850,34600,33850,33950,198197,-0.0014705882352941124
2023-04-20,34150,34350,33200,33300,209763,-0.019145802650957333
2023-04-21,33150,34300,33150,33950,198848,0.019519519519519468
2023-04-24,33950,34300,32950,33000,188127,-0.027982326951399128
2023-04-25,33150,33600,32750,33000,129874,0.0
2023-04-26,33050,34150,32700,33600,275181,0.018181818181818077
2023-04-27,33600,34100,33150,33850,207246,0.007440476190476275
2023-04-28,33900,35550,33750,35200,476338,0.039881831610044216
2023-05-02,35250,35400,34500,35200,222355,0.0
2023-05-03,35000,35800,34700,35100,180221,-0.0028409090909090606
2023-05-04,35100,35650,34600,35450,136489,0.009971509971509862
2023-05-08,35450,36350,35300,36100,232185,0.01833568406205921
2023-05-09,36000,36600,35500,36150,152156,0.0013850415512466352
2023-05-10,36200,36350,35550,36050,129217,-0.0027662517289073207
2023-05-11,36050,36700,36000,36200,193505,0.004160887656033285
2023-05-12,35900,36050,34900,35350,154228,-0.023480662983425438
2023-05-15,34850,35600,34850,35300,92204,-0.0014144271570014633
2023-05-16,35300,35500,34350,34500,130483,-0.022662889518413554
2023-05-17,34250,34600,33950,34350,87669,-0.004347826086956497
2023-05-18,34600,34900,34400,34850,84205,0.01455604075691408
2023-05-19,34850,35500,34850,35300,147137,0.012912482065997155
2023-05-22,35250,36150,35200,35950,164885,0.018413597733710985
2023-05-23,36400,37250,36200,36650,225459,0.01947148817802513
2023-05-24,36300,37650,36200,36900,192955,0.006821282401091366
2023-05-25,36650,36900,36000,36300,144922,-0.016260162601625994
2023-05-26,36550,36550,35400,35900,150879,-0.011019283746556474
2023-05-30,36850,37200,36200,36750,170274,0.023676880222841312
2023-05-31,36750,36900,36250,36300,185786,-0.01224489795918371
2023-06-01,36400,36450,35350,36150,141027,-0.004132231404958664
2023-06-02,36200,37100,35900,36750,110375,0.016597510373443924
2023-06-05,36750,37300,36650,37000,100976,0.006802721088435382
2023-06-07,37150,37550,36950,37200,111031,0.00540540540540535
2023-06-08,37200,37400,36550,37300,160108,0.0026881720430107503
2023-06-09,37550,37550,36700,37200,110755,-0.002680965147453085
2023-06-12,37300,37450,36950,37250,73744,0.0013440860215054862
2023-06-13,37300,37300,36300,37000,157272,-0.006711409395973145
2023-06-14,36800,37150,36500,36850,158618,-0.004054054054054013
2023-06-15,36800,37050,35850,36350,168762,-0.013568521031207648
2023-06-16,36300,37850,36300,37800,210187,0.03988995873452539
2023-06-19,37600,38100,37300,37450,93988,-0.0092592592592593
2023-06-20,37550,37900,36800,36950,143781,-0.013351134846461998
2023-06-21,37000,37150,36500,36750,109954,-0.005412719891745632
2023-06-22,36500,36750,35600,36550,180711,-0.0054421768707483276
2023-06-23,36350,36500,35500,35600,152901,-0.025991792065663488
2023-06-26,35900,36600,35450,35700,160455,0.002808988764045006
2023-06-27,35950,35950,35400,35900,125014,0.0056022408963585235
2023-06-28,36250,36300,35150,35250,106129,-0.01810584958217265
2023-06-29,35550,35550,34450,34700,181339,-0.015602836879432647
2023-06-30,34700,34900,34250,34750,92284,0.0014409221902016434
2023-07-03,34900,35500,34800,35200,147276,0.012949640287769792
2023-07-04,35100,35100,33850,34050,254753,-0.032670454545454586
2023-07-05,34050,34150,33350,33350,186736,-0.02055800293685761
2023-07-06,33250,33250,31450,31900,469485,-0.04347826086956519
2023-07-07,31600,31650,30650,30850,403564,-0.0329153605015674
2023-07-10,30900,31600,30500,30950,245218,0.0032414910858995505
2023-07-11,31150,31400,30600,31050,280410,0.003231017770597644
2023-07-12,31100,31750,30950,31400,207001,0.011272141706924366
2023-07-13,31600,31850,31250,31500,206444,0.0031847133757962887
2023-07-14,31700,31900,31100,31700,177262,0.006349206349206327
2023-07-17,32050,32750,31950,32350,173547,0.020504731861198833
2023-07-18,32400,32450,31200,31300,215737,-0.03245749613601234
2023-07-19,31400,31700,31050,31200,131400,-0.0031948881789137795
2023-07-20,30950,31700,30850,31500,127818,0.009615384615384581
2023-07-21,31600,31850,31100,31500,141892,0.0
2023-07-24,31500,31500,30650,30850,257820,-0.020634920634920673
2023-07-25,30850,31250,30500,30950,190125,0.0032414910858995505
2023-07-26,30700,30750,29500,29850,353881,-0.03554119547657508
2023-07-27,29900,30900,29850,30550,190905,0.02345058626465657
2023-07-28,30250,30600,29800,30350,236499,-0.006546644844517169
2023-07-31,30400,30750,30050,30600,174634,0.008237232289950658
2023-08-01,30200,30550,29800,30500,253281,-0.0032679738562091387
2023-08-02,30500,31050,30200,30300,176584,-0.006557377049180357
2023-08-03,30150,30650,30000,30400,174047,0.0033003300330032292
2023-08-04,30450,30700,30200,30500,118335,0.00328947368421062
2023-08-07,30250,30650,30000,30250,121538,-0.008196721311475419
2023-08-08,30500,31250,30350,30700,181071,0.014876033057851235
2023-08-09,30800,31150,30500,30800,161221,0.0032573289902280145
2023-08-10,30800,31600,30750,30800,271887,0.0
2023-08-11,31200,31750,31050,31400,174021,0.01948051948051943
2023-08-14,31700,31700,30800,30900,226372,-0.015923566878980888
2023-08-16,30600,30600,30000,30400,185459,-0.016181229773462813
2023-08-17,30050,30300,29700,30050,158731,-0.011513157894736836
2023-08-18,29650,30250,29550,30000,196176,-0.0016638935108153063
2023-08-21,30100,30650,29600,29750,168861,-0.008333333333333304
2023-08-22,29750,30050,29600,29600,102989,-0.005042016806722671
2023-08-23,29550,30150,29550,29850,98415,0.008445945945946054
2023-08-24,30000,30050,29700,29800,76572,-0.0016750418760469454
2023-08-25,29550,29850,29450,29600,103769,-0.006711409395973145
2023-08-28,29950,30950,29450,30850,190052,0.042229729729729826
2023-08-29,31000,31600,30800,31150,145905,0.009724473257698651
2023-08-30,31150,31450,30850,30950,87649,-0.006420545746388395
2023-08-31,31200,31200,30500,31000,157070,0.001615508885298933
2023-09-01,30750,31400,30750,30800,153210,-0.006451612903225823
2023-09-04,30800,31300,30600,31300,94430,0.016233766233766156
2023-09-05,31100,31350,30650,30750,107034,-0.01757188498402551
2023-09-06,30600,30900,30200,30400,117908,-0.011382113821138184
2023-09-07,30300,31200,30050,30700,199100,0.009868421052631637
2023-09-08,30800,31200,30500,31150,102128,0.014657980456026065
2023-09-11,31100,31750,30950,31500,135385,0.011235955056179803
2023-09-12,31550,31950,31150,31300,130397,-0.006349206349206327
2023-09-13,31050,31800,31050,31600,109569,0.009584664536741228
2023-09-14,31850,32400,31600,32350,211464,0.023734177215189778
2023-09-15,32350,32800,32050,32450,207212,0.0030911901081915882
2023-09-18,32600,32700,32150,32350,77443,-0.0030816640986132127
2023-09-19,32400,32450,31850,32300,68530,-0.0015455950540957941
2023-09-20,32300,32450,31950,32200,76423,-0.003095975232198178
2023-09-21,31850,32150,31400,31700,122543,-0.01552795031055898
2023-09-22,31450,31750,30700,30800,104535,-0.028391167192429068
2023-09-25,30750,31050,30500,30800,107796,0.0
2023-09-26,30600,30900,30150,30350,157655,-0.01461038961038963
2023-09-27,30150,31150,30100,31150,109346,0.02635914332784184
2023-10-04,30550,31100,30100,30500,154860,-0.020866773675762396
2023-10-05,30550,30850,30100,30200,117758,-0.00983606557377048
2023-10-06,30000,30400,30000,30400,104628,0.0066225165562914245
2023-10-10,30800,30800,28850,28850,268366,-0.050986842105263164
2023-10-11,29100,30000,28850,29500,221982,0.022530329289428108
2023-10-12,29700,31250,29400,31000,256758,0.05084745762711873
2023-10-13,30550,30800,30200,30450,102901,-0.01774193548387093
2023-10-16,30200,31350,30200,31300,198407,0.02791461412151075
2023-10-17,31450,32300,31350,31700,222229,0.012779552715654896
2023-10-18,31500,32500,31500,32150,355021,0.014195583596214423
2023-10-19,32500,33300,31300,33200,581131,0.03265940902021769
2023-10-20,33000,33750,32600,33700,245181,0.015060240963855387
2023-10-23,33450,33450,32050,32950,227542,-0.022255192878338326
2023-10-24,33500,33550,32650,33450,153420,0.015174506828528056
2023-10-25,33400,34300,33250,34200,150329,0.022421524663677195
2023-10-26,33750,33900,33200,33650,138861,-0.016081871345029253
2023-10-27,33700,34350,33450,34000,163940,0.010401188707280795
2023-10-30,34100,34300,33500,34050,130549,0.0014705882352941124
2023-10-31,34250,34650,34050,34250,127446,0.005873715124816492
2023-11-01,34500,34900,34100,34550,130878,0.008759124087591275
2023-11-02,34800,34950,34450,34700,104644,0.004341534008682979
2023-11-03,34850,35800,34750,35750,175205,0.030259365994236287
2023-11-06,35900,36500,35550,36500,200810,0.020979020979021046
2023-11-07,35800,37000,35800,36700,165821,0.005479452054794498
2023-11-08,37000,37000,36550,36800,131019,0.0027247956403269047
2023-11-09,36750,37050,35650,36500,165614,-0.008152173913043459
2023-11-10,36150,37350,36150,37100,147184,0.016438356164383494
2023-11-13,37100,37500,36500,36900,116223,-0.005390835579514808
2023-11-14,37250,37250,35750,35800,174589,-0.02981029810298108
2023-11-15,36550,36950,35800,36300,187325,0.013966480446927276
2023-11-16,36000,36850,35800,36500,168978,0.005509641873278293
2023-11-17,36500,36800,35900,36700,181447,0.005479452054794498
2023-11-20,36700,36850,36400,36400,101843,-0.008174386920980936
2023-11-21,36400,37300,36200,37100,178188,0.019230769230769162
2023-11-22,36750,37400,36700,37300,78484,0.005390835579514919
2023-11-23,36950,37600,36900,37550,96497,0.006702412868632601
2023-11-24,37650,38350,37300,38150,174623,0.015978695073235683
2023-11-27,38400,38450,37700,38250,87377,0.002621231979030192
2023-11-28,38300,38550,38000,38200,102409,-0.0013071895424836555
2023-11-29,37900,38300,37500,37950,85417,-0.00654450261780104
2023-11-30,38200,38350,37350,38300,151995,0.00922266139657446
2023-12-01,38300,38450,37900,37950,69180,-0.009138381201044377
2023-12-04,37950,38650,37750,38550,90007,0.015810276679841806
2023-12-05,38300,38850,38150,38500,60249,-0.0012970168612191912
2023-12-06,38350,39050,38300,38800,67665,0.007792207792207684
2023-12-07,38550,38900,38300,38650,79468,-0.0038659793814432852
2023-12-08,39000,39000,37800,38000,132710,-0.01681759379042691
2023-12-11,38250,38250,37250,37600,105476,-0.010526315789473717
2023-12-12,37900,38650,37650,38100,101066,0.013297872340425565
2023-12-13,38300,38450,37600,37700,99362,-0.01049868766404205
2023-12-14,38350,38350,37500,37850,209095,0.003978779840848823
2023-12-15,37600,38300,37550,37650,141002,-0.005284015852047519
2023-12-18,37400,37450,36250,36900,175905,-0.019920318725099584
2023-12-19,36550,36900,35950,36200,159074,-0.01897018970189701
2023-12-20,36950,37150,36200,37150,95308,0.026243093922651894
2023-12-21,36550,37200,36400,36700,72787,-0.012113055181695809
2023-12-22,36700,36850,36400,36700,86319,0.0
2023-12-26,36900,36900,36150,36600,125563,-0.0027247956403270157
2023-12-27,36300,36450,35500,35900,134792,-0.01912568306010931
2023-12-28,35900,36500,35500,36050,94427,0.00417827298050133
2024-01-02,35700,35700,34950,35250,132387,-0.02219140083217752
2024-01-03,35600,37250,35600,36700,158349,0.041134751773049594
2024-01-04,36500,37800,36250,36950,99352,0.006811989100817373
2024-01-05,36800,37350,36600,36950,90540,0.0
2024-01-08,36950,37900,36800,37300,82528,0.009472259810554773
2024-01-09,37800,39050,37400,38900,207270,0.04289544235924936
2024-01-10,39000,41200,38950,40750,347691,0.04755784061696655
2024-01-11,41500,41600,40350,40350,195795,-0.009815950920245453
2024-01-12,40300,40500,39500,39650,133912,-0.01734820322180919
2024-01-15,39500,39850,39150,39300,128242,-0.008827238335435084
2024-01-16,39100,39500,38700,38950,76879,-0.008905852417302795
2024-01-17,39350,39350,37800,37900,154251,-0.02695763799743256
2024-01-18,37900,38150,37250,37350,98813,-0.014511873350923521
2024-01-19,37000,37850,37000,37250,67552,-0.0026773761713521083
2024-01-22,38000,38000,36550,36750,71054,-0.01342281879194629
2024-01-23,37450,37450,36550,37100,56461,0.00952380952380949
2024-01-24,37100,37200,36600,36900,51208,-0.005390835579514808
2024-01-25,36700,37550,36700,37300,79413,0.01084010840108407
2024-01-26,37300,39300,37050,38800,158177,0.04021447721179627
2024-01-29,39100,41600,38700,40850,296385,0.05283505154639179
2024-01-30,41500,42700,41100,41850,458580,0.02447980416156681
2024-01-31,41550,42300,41100,41700,176112,-0.0035842293906810374
2024-02-01,41300,43800,41250,43100,454608,0.033573141486810565
2024-02-02,44150,44150,39100,40700,795224,-0.05568445475638051
2024-02-05,40200,40600,37900,38950,408163,-0.04299754299754299
2024-02-06,38400,39000,37650,38100,172032,-0.02182284980744542
2024-02-07,38450,39350,37650,39000,175676,0.023622047244094446
2024-02-08,39450,39650,38700,39650,160209,0.016666666666666607
2024-02-13,40100,40100,39400,39850,140285,0.0050441361916770955
2024-02-14,39200,39550,38550,38650,181505,-0.03011292346298622
2024-02-15,39100,39100,37600,37750,119456,-0.023285899094437235
2024-02-16,38100,38850,37650,38700,135477,0.02516556291390737
2024-02-19,38850,39650,38400,39450,133928,0.019379844961240345
2024-02-20,39450,39850,38550,39100,130897,-0.008871989860583018
2024-02-21,39000,39700,39000,39600,91107,0.01278772378516635
2024-02-22,39800,39800,39000,39050,72094,-0.01388888888888884
2024-02-23,39050,39450,38600,39200,68426,0.003841229193341844
2024-02-26,39600,39650,38200,38350,85217,-0.02168367346938771
2024-02-27,38500,38850,37900,37950,84191,-0.010430247718383301
2024-02-28,37950,38850,37700,38800,62546,0.022397891963109373
2024-02-29,38450,38800,37000,37000,140206,-0.046391752577319534
2024-03-04,37450,37650,35800,36550,208408,-0.012162162162162149
2024-03-05,36200,37050,35800,36000,146387,-0.015047879616963078
2024-03-06,36000,36150,34600,35300,234115,-0.019444444444444486
2024-03-07,35350,35650,34350,34800,154568,-0.014164305949008527
2024-03-08,35450,35500,34650,35000,118105,0.005747126436781658
2024-03-11,35000,35000,33750,33950,199806,-0.030000000000000027
2024-03-12,34300,34400,33750,34200,126466,0.007363770250368162
2024-03-13,34400,34600,33950,34200,119464,0.0
2024-03-14,34450,35500,34050,35000,261214,0.023391812865497075
2024-03-15,35000,35200,34600,34850,147950,-0.004285714285714337
2024-03-18,35150,35250,34550,35000,84929,0.004304160688665792
2024-03-19,34650,36200,34650,35750,188494,0.021428571428571352
2024-03-20,36200,36400,35300,35650,95677,-0.002797202797202747
2024-03-21,36100,36650,35900,36400,115646,0.02103786816269282
2024-03-22,36200,36950,36100,36750,107959,0.009615384615384581
2024-03-25,36750,36750,35950,36050,97039,-0.01904761904761909
2024-03-26,36450,36650,36200,36550,86101,0.01386962552011095
2024-03-27,36050,36950,36000,36450,103399,-0.002735978112175075
2024-03-28,36450,36800,36250,36800,90743,0.009602194787379892
2024-03-29,36800,37050,36100,36150,65934,-0.017663043478260865
2024-04-01,36800,37000,36150,36950,63151,0.022130013831258566
2024-04-02,36300,37350,36250,36450,93968,-0.013531799729364025
2024-04-03,36650,37050,36050,36300,135184,-0.004115226337448541
2024-04-04,37150,37800,34400,34800,256875,-0.04132231404958675
2024-04-05,34400,35300,33850,35300,107621,0.014367816091954033
2024-04-08,34950,35000,34500,34850,59775,-0.012747875354107596
2024-04-09,34750,35450,34650,35300,110111,0.012912482065997155
2024-04-11,34800,36200,34600,35250,182536,-0.0014164305949008194
2024-04-12,34950,35150,33300,33350,181968,-0.05390070921985812
2024-04-15,33100,33950,33000,33950,69692,0.01799100449775115
2024-04-16,33300,33850,32950,33250,90017,-0.020618556701030966
2024-04-17,33400,33450,31950,32500,179023,-0.022556390977443663
2024-04-18,32800,33400,32450,33400,60222,0.027692307692307683
2024-04-19,32650,33350,32000,32800,119175,-0.017964071856287456
2024-04-22,33350,34550,33100,34100,137447,0.03963414634146334
2024-04-23,34050,34900,34000,34900,75810,0.02346041055718473
2024-04-24,35100,35100,34500,34800,69229,-0.002865329512893977
2024-04-25,34350,35100,34200,34850,45270,0.001436781609195359
2024-04-26,34850,35450,34550,35150,56984,0.008608321377331363
2024-04-29,35450,36900,35300,36650,129572,0.04267425320056906
2024-04-30,36600,37500,36350,37400,111264,0.02046384720327432
2024-05-02,36800,37500,36350,36700,76767,-0.018716577540106916
2024-05-03,36700,36900,35000,35150,112476,-0.04223433242506813
2024-05-07,35550,35950,34950,35450,134820,0.008534850640113723
2024-05-08,35450,35500,35100,35200,51372,-0.007052186177715081
2024-05-09,35200,35300,34750,34800,92645,-0.011363636363636354
2024-05-10,35200,35450,34650,35000,55869,0.005747126436781658
2024-05-13,35200,35200,34400,34650,84590,-0.010000000000000009
2024-05-14,34500,35000,34150,34450,72776,-0.005772005772005762
2024-05-16,34800,35050,34150,34250,89067,-0.005805515239477477
2024-05-17,34100,34250,33600,33750,79831,-0.014598540145985384
2024-05-20,34100,34300,33700,33900,70917,0.004444444444444473
2024-05-21,33600,33900,33400,33700,76467,-0.005899705014749235
2024-05-22,33250,33900,33250,33600,39341,-0.0029673590504450953
2024-05-23,33400,34350,33400,34000,68803,0.011904761904761862
2024-05-24,33500,34050,33500,33700,55369,-0.008823529411764675
2024-05-27,33700,34750,33600,34600,86125,0.026706231454005858
2024-05-28,34500,34600,33800,33800,78239,-0.023121387283236983
2024-05-29,33650,33950,33300,33950,87841,0.004437869822485174
2024-05-30,33550,33700,32950,33050,124921,-0.026509572901325495
2024-05-31,33700,34100,33400,34000,119546,0.02874432677760974
2024-06-03,33700,34350,33650,34100,76140,0.002941176470588225
2024-06-04,33800,36000,33300,34850,251754,0.021994134897360684
2024-06-05,34650,35800,34450,35150,115451,0.008608321377331363
2024-06-07,35050,35650,34400,34850,96107,-0.008534850640113834
2024-06-10,34450,35100,34200,34600,58699,-0.00717360114777621
2024-06-11,34750,35100,34100,34200,90189,-0.011560693641618491
2024-06-12,34100,35150,34100,34800,72709,0.01754385964912286
2024-06-13,35200,39500,35000,35200,1521215,0.011494252873563315
2024-06-14,35500,35650,34400,34600,263437,-0.017045454545454586
2024-06-17,34350,35450,34350,34900,129404,0.00867052023121384
2024-06-18,35200,35250,33300,33700,277743,-0.034383954154727836
2024-06-19,34050,34200,33350,34000,131190,0.008902077151335286
2024-06-20,34000,36100,33600,35050,360403,0.03088235294117636
2024-06-21,34850,35000,34250,34250,254750,-0.022824536376604865
2024-06-24,34300,34500,33800,33900,83959,-0.010218978102189746
2024-06-25,34200,34500,33800,34400,89052,0.014749262536873253
2024-06-26,34200,34200,33400,33450,166676,-0.02761627906976749
2024-06-27,33250,33350,32700,32750,127515,-0.020926756352765308
2024-06-28,32800,33050,32100,32400,164313,-0.010687022900763399
2024-07-01,32500,32800,32100,32650,125748,0.007716049382715973
2024-07-02,32350,32450,31700,31750,129905,-0.027565084226646275
2024-07-03,32250,32250,31400,31700,167368,-0.0015748031496063408
2024-07-04,31700,31950,31300,31600,125287,-0.003154574132492094
2024-07-05,31450,32050,31450,31550,111229,-0.0015822784810126667
2024-07-08,31450,31700,31050,31550,77883,0.0
2024-07-09,31600,32200,31550,32200,109915,0.020602218700475516
2024-07-10,32000,32000,31650,31700,73955,-0.01552795031055898
2024-07-11,32000,32400,31700,32150,115376,0.014195583596214423
2024-07-12,32600,33700,32600,33400,241630,0.038880248833592645
2024-07-15,33400,34400,33300,34200,154121,0.0239520958083832
2024-07-16,34200,34750,33900,34150,196077,-0.0014619883040936088
2024-07-17,34650,35550,34450,35150,335967,0.029282576866764165
2024-07-18,35200,35300,34200,34650,134633,-0.014224751066856278
2024-07-19,34400,34550,33300,33600,103211,-0.030303030303030276
2024-07-22,33350,33550,32800,33400,90485,-0.005952380952380931
2024-07-23,33200,33850,32650,32650,65249,-0.022455089820359264
2024-07-24,32450,33100,32350,32650,42906,0.0
2024-07-25,32650,32800,32150,32350,65018,-0.009188361408882129
2024-07-26,33750,34650,32500,34350,154508,0.0618238021638331
2024-07-29,34200,35850,33900,35300,170304,0.02765647743813693
2024-07-30,34750,35800,34600,35450,89141,0.004249291784702569
2024-07-31,35300,36000,34900,35200,619617,-0.007052186177715081
2024-08-01,34900,35800,34350,34650,202635,-0.015625
2024-08-02,33500,34000,31800,32500,377707,-0.06204906204906202
2024-08-05,32200,32250,28600,29050,326769,-0.10615384615384615
2024-08-06,29950,31100,29200,29700,226101,0.022375215146299476
2024-08-07,29750,29950,28900,29200,290898,-0.01683501683501687
2024-08-08,29000,30950,28850,30850,340988,0.05650684931506844
2024-08-09,31000,31200,30500,30600,127177,-0.008103727714748765
2024-08-12,30650,31450,30500,31400,82645,0.02614379084967311
2024-08-13,31250,31550,30750,30900,71267,-0.015923566878980888
2024-08-14,31250,31350,30550,31250,67107,0.01132686084142387
2024-08-16,31550,31600,30950,30950,73609,-0.009600000000000053
2024-08-19,31300,31450,30900,31250,71963,0.009693053311793154
2024-08-20,31350,32550,31250,32150,156607,0.028799999999999937
2024-08-21,32350,33250,31800,32700,171931,0.01710730948678063
2024-08-22,33000,33350,32050,32200,71207,-0.015290519877675823
2024-08-23,32200,32950,31950,32700,70219,0.01552795031055898
2024-08-26,33500,33650,32600,32900,156283,0.006116207951070374
2024-08-27,33100,33250,32700,33000,102594,0.003039513677811634
2024-08-28,32800,32800,31750,32000,120467,-0.030303030303030276
2024-08-29,32000,32300,31700,32100,56194,0.0031250000000000444
2024-08-30,32200,33100,31650,33000,165298,0.028037383177569986
2024-09-02,33000,33000,32300,32300,77016,-0.021212121212121238
2024-09-03,32600,32900,32250,32550,73172,0.007739938080495445
2024-09-04,31650,31950,30950,31200,124680,-0.04147465437788023
2024-09-05,31250,31450,30200,30550,160791,-0.02083333333333337
2024-09-06,30600,30600,29800,30150,140029,-0.013093289689034338
2024-09-09,29550,30450,29400,30450,119261,0.00995024875621886
2024-09-10,30350,30650,29900,29950,104935,-0.016420361247947435
2024-09-11,30350,30350,29700,29900,94868,-0.0016694490818029983
2024-09-12,30150,30550,29900,30550,101624,0.021739130434782705
2024-09-13,30550,31300,30550,31150,78066,0.019639934533551617
2024-09-19,31550,31650,30600,31100,126106,-0.0016051364365970988
2024-09-20,31400,31500,29750,29750,725504,-0.043408360128617374
2024-09-23,29950,30300,29550,29800,198455,0.001680672268907557
2024-09-24,30000,30500,29700,30500,217506,0.02348993288590595
2024-09-25,30900,30900,29700,29750,248652,-0.024590163934426257
2024-09-26,29850,30250,29700,30250,195128,0.01680672268907557
2024-09-27,30350,30350,29800,29900,193847,-0.011570247933884281
2024-09-30,30200,30400,29650,29750,173103,-0.0050167224080267525
2024-10-02,29500,29850,28900,29450,159188,-0.010084033613445342
2024-10-04,29450,29950,29150,29950,141244,0.01697792869269943
2024-10-07,29650,29700,29150,29350,198060,-0.02003338898163609
2024-10-08,29350,30150,29150,29700,318843,0.011925042589437718
2024-10-10,29900,29900,28950,29300,406424,-0.013468013468013518
2024-10-11,29300,30200,29150,29350,374760,0.0017064846416381396
2024-10-14,29450,29750,29200,29700,119471,0.011925042589437718
2024-10-15,29750,30250,29400,30150,155716,0.015151515151515138
2024-10-16,29900,30200,29650,29950,86764,-0.0066334991708125735
2024-10-17,30500,32650,30400,32100,805660,0.07178631051752915
2024-10-18,31900,32100,30750,31100,197435,-0.031152647975077885
2024-10-21,31550,31850,31050,31550,160764,0.014469453376205754
2024-10-22,31400,31900,30850,31400,209961,-0.004754358161648153
2024-10-23,31550,31550,30250,30650,151200,-0.023885350318471388
2024-10-24,30650,31050,30250,30550,125601,-0.0032626427406199365
2024-10-25,30400,30600,30050,30150,82847,-0.013093289689034338
2024-10-28,30050,30900,30050,30700,77360,0.018242122719734688
2024-10-29,30750,31000,30300,30550,96805,-0.004885993485342022
2024-10-30,30700,30750,30100,30650,77952,0.003273322422258529
2024-10-31,30750,30900,30050,30900,98638,0.00815660685154973
2024-11-01,31000,31500,29850,31200,197137,0.009708737864077666
2024-11-04,31000,31050,30500,31000,94412,-0.0064102564102563875
2024-11-05,30800,31650,30800,31500,132675,0.016129032258064502
2024-11-06,31350,31650,30850,31600,131962,0.0031746031746031633
2024-11-07,31700,31850,30750,31850,110340,0.007911392405063333
2024-11-08,31900,31900,31250,31300,72017,-0.017268445839874413
2024-11-11,31100,31400,30200,30250,93476,-0.033546325878594296
2024-11-12,30100,30550,29650,30400,134339,0.0049586776859504855
2024-11-13,29950,30550,29300,29350,119458,-0.03453947368421051
2024-11-14,29600,30500,29550,30450,151133,0.03747870528109032
2024-11-15,30400,30600,29800,30150,71550,-0.009852216748768461
2024-11-18,30150,30750,30000,30650,75474,0.016583747927031434
2024-11-19,30350,30850,30300,30850,46254,0.006525285481239873
2024-11-20,30500,31100,30500,30850,60812,0.0
2024-11-21,30850,31400,30600,31400,72793,0.017828200972447306
2024-11-22,31250,32000,31200,31500,88102,0.0031847133757962887
2024-11-25,31600,32700,31600,32700,161065,0.03809523809523818
2024-11-26,32700,32950,31800,32350,113911,-0.010703363914373099
2024-11-27,32350,32700,32100,32300,94905,-0.0015455950540957941
2024-11-28,32450,32850,32100,32700,87872,0.01238390092879249
2024-11-29,32700,33750,31950,33700,228555,0.030581039755351647
2024-12-02,33700,34350,33350,33450,183733,-0.007418397626112738
2024-12-03,33750,34800,33500,34250,162509,0.02391629297458886
2024-12-04,33800,33900,32500,33200,154209,-0.03065693430656935
2024-12-05,33050,33450,32550,32750,87958,-0.013554216867469826
2024-12-06,32750,33050,31500,32600,113474,-0.004580152671755711
2024-12-09,32000,32300,30550,31000,310735,-0.049079754601227044
2024-12-10,31300,32450,31100,32050,110153,0.03387096774193554
2024-12-11,32050,33100,32050,33100,77413,0.032761310452418035
2024-12-12,33350,33450,32250,32250,252452,-0.025679758308157052
2024-12-13,32350,33950,32300,33050,106550,0.024806201550387597
2024-12-16,33100,33350,32200,32200,76092,-0.02571860816944027
2024-12-17,32250,32600,32050,32500,104956,0.009316770186335477
2024-12-18,32850,33300,32300,32700,93275,0.006153846153846176
2024-12-19,31800,32800,31750,32350,94146,-0.010703363914373099
2024-12-20,32150,32950,31900,31900,147535,-0.01391035548686248
2024-12-23,32150,33600,32000,33100,156563,0.037617554858934144
2024-12-24,33100,33400,32750,32950,52521,-0.004531722054380682
2024-12-26,33100,33100,32050,32400,115644,-0.01669195751138086
2024-12-27,32350,32500,31500,31800,94103,-0.01851851851851849
2024-12-30,31800,32600,31700,32150,101727,0.011006289308176154
2025-01-02,32150,32400,30550,30700,179202,-0.04510108864696738
2025-01-03,30550,31800,30550,31350,84605,0.021172638436482094
2025-01-06,31250,31800,31000,31650,67171,0.009569377990430672
