Date,Open,High,Low,Close,Volume,Change
2022-01-03,2740,2770,2685,2765,340874,0.010968921389396646
2022-01-04,2735,2775,2725,2755,285129,-0.003616636528028905
2022-01-05,2735,2755,2665,2670,372265,-0.030852994555353952
2022-01-06,2630,2670,2600,2605,310555,-0.02434456928838946
2022-01-07,2595,2685,2595,2670,235159,0.0249520153550864
2022-01-10,2635,2650,2570,2600,269177,-0.02621722846441943
2022-01-11,2580,2645,2490,2535,585987,-0.025000000000000022
2022-01-12,2535,2640,2535,2580,281891,0.01775147928994092
2022-01-13,2565,2600,2530,2545,298200,-0.013565891472868241
2022-01-14,2485,2540,2480,2530,247120,-0.005893909626719096
2022-01-17,2520,2520,2430,2455,347343,-0.029644268774703608
2022-01-18,2420,2490,2340,2370,510771,-0.03462321792260692
2022-01-19,2320,2405,2320,2370,252385,0.0
2022-01-20,2320,2390,2290,2375,332502,0.0021097046413502962
2022-01-21,2355,2410,2340,2345,242343,-0.012631578947368438
2022-01-24,2310,2335,2220,2255,415269,-0.03837953091684432
2022-01-25,2240,2290,2140,2175,533808,-0.03547671840354771
2022-01-26,2160,2250,2145,2175,384426,0.0
2022-01-27,2165,2185,2095,2100,372350,-0.03448275862068961
2022-01-28,2100,2500,2050,2235,3584193,0.06428571428571428
2022-02-03,2245,2380,2245,2360,917930,0.055928411633109576
2022-02-04,2460,2460,2370,2370,506122,0.004237288135593209
2022-02-07,2380,2410,2300,2375,263087,0.0021097046413502962
2022-02-08,2375,2395,2295,2305,349315,-0.02947368421052632
2022-02-09,2315,2845,2310,2565,18843033,0.11279826464208242
2022-02-10,2540,2645,2515,2515,2497919,-0.01949317738791423
2022-02-11,2500,2560,2385,2385,1292740,-0.05168986083499005
2022-02-14,2335,2425,2280,2360,702395,-0.010482180293501009
2022-02-15,2320,2370,2235,2270,575333,-0.03813559322033899
2022-02-16,2310,2410,2310,2385,419921,0.05066079295154191
2022-02-17,2360,2430,2310,2375,452713,-0.004192872117400381
2022-02-18,2300,2390,2300,2350,244997,-0.010526315789473717
2022-02-21,2320,2350,2280,2325,202829,-0.010638297872340385
2022-02-22,2255,2315,2250,2305,293508,-0.008602150537634357
2022-02-23,2305,2395,2305,2340,307169,0.015184381778741818
2022-02-24,2310,2315,2250,2265,468781,-0.03205128205128205
2022-02-25,2280,2320,2260,2270,277213,0.002207505518763808
2022-02-28,2270,2300,2250,2270,257925,0.0
2022-03-02,2270,2290,2250,2275,212295,0.0022026431718060735
2022-03-03,2290,2340,2275,2325,371933,0.0219780219780219
2022-03-04,2315,2440,2290,2385,868705,0.02580645161290329
2022-03-07,2365,2380,2275,2285,401495,-0.04192872117400415
2022-03-08,2255,2345,2225,2260,242190,-0.01094091903719907
2022-03-10,2320,2325,2255,2265,224296,0.0022123893805310324
2022-03-11,2255,2295,2245,2260,231202,-0.002207505518763808
2022-03-14,2250,2255,2160,2215,182066,-0.019911504424778736
2022-03-15,2210,2255,2200,2245,206857,0.013544018058690765
2022-03-16,2295,2295,2245,2275,168678,0.013363028953229383
2022-03-17,2290,2390,2285,2375,600320,0.04395604395604402
2022-03-18,2375,2390,2335,2375,189939,0.0
2022-03-21,2390,2615,2375,2470,3140816,0.040000000000000036
2022-03-22,2465,2550,2450,2525,1056852,0.022267206477732726
2022-03-23,2550,2550,2335,2380,891709,-0.05742574257425748
2022-03-24,2355,2415,2350,2385,227186,0.0021008403361344463
2022-03-25,2395,2410,2370,2390,248026,0.002096436058700135
2022-03-28,2390,2430,2345,2395,249408,0.0020920502092049986
2022-03-29,2400,2465,2400,2415,404149,0.008350730688935215
2022-03-30,2420,2460,2415,2445,243667,0.012422360248447228
2022-03-31,2450,2475,2410,2445,306910,0.0
2022-04-01,2420,2520,2420,2475,548705,0.012269938650306678
2022-04-04,2475,2520,2460,2515,283159,0.016161616161616266
2022-04-05,2515,2525,2490,2510,225340,-0.001988071570576566
2022-04-06,2505,2540,2440,2510,321966,0.0
2022-04-07,2490,2490,2430,2445,354189,-0.02589641434262946
2022-04-08,2460,2490,2420,2440,141608,-0.002044989775051076
2022-04-11,2430,2450,2350,2350,153677,-0.03688524590163933
2022-04-12,2340,2365,2275,2300,220369,-0.021276595744680882
2022-04-13,2300,2355,2300,2315,159345,0.006521739130434856
2022-04-14,2360,2595,2360,2375,1452250,0.02591792656587466
2022-04-15,2375,2395,2340,2350,206168,-0.010526315789473717
2022-04-18,2350,2380,2335,2350,148871,0.0
2022-04-19,2350,2370,2340,2370,122711,0.008510638297872353
2022-04-20,2390,2390,2350,2360,146840,-0.00421940928270037
2022-04-21,2365,2410,2345,2375,262678,0.006355932203389925
2022-04-22,2380,2380,2320,2345,293887,-0.012631578947368438
2022-04-25,2310,2325,2255,2270,257227,-0.031982942430703654
2022-04-26,2280,2315,2280,2310,101686,0.017621145374449254
2022-04-27,2245,2305,2235,2295,115543,-0.00649350649350644
2022-04-28,2305,2310,2250,2275,178853,-0.008714596949891074
2022-04-29,2285,2315,2280,2295,93220,0.00879120879120876
2022-05-02,2295,2335,2280,2295,170350,0.0
2022-05-03,2275,2360,2275,2355,246617,0.02614379084967311
2022-05-04,2360,2375,2325,2345,149256,-0.00424628450106157
2022-05-06,2340,2340,2265,2280,153317,-0.02771855010660984
2022-05-09,2280,2280,2190,2200,318324,-0.03508771929824561
2022-05-10,2130,2185,2060,2180,356706,-0.009090909090909038
2022-05-11,2150,2220,2150,2200,78848,0.00917431192660545
2022-05-12,2140,2170,2050,2070,329891,-0.05909090909090908
2022-05-13,2075,2120,2075,2110,192275,0.019323671497584627
2022-05-16,2095,2215,2095,2145,151928,0.016587677725118377
2022-05-17,2145,2180,2145,2150,73536,0.002331002331002363
2022-05-18,2160,2195,2145,2160,77380,0.0046511627906977715
2022-05-19,2100,2140,2090,2090,154559,-0.03240740740740744
2022-05-20,2110,2140,2095,2110,69444,0.009569377990430672
2022-05-23,2130,2130,2085,2115,87021,0.0023696682464455776
2022-05-24,2130,2130,2050,2050,231322,-0.030732860520094607
2022-05-25,2050,2100,2035,2090,186688,0.019512195121951237
2022-05-26,2075,2115,2070,2090,121061,0.0
2022-05-27,2095,2115,2075,2080,79861,-0.004784688995215336
2022-05-30,2120,2160,2090,2130,103156,0.024038461538461453
2022-05-31,2145,2215,2115,2180,425590,0.023474178403755763
2022-06-02,2160,2270,2160,2240,331313,0.02752293577981657
2022-06-03,2260,2260,2200,2235,167340,-0.0022321428571429047
2022-06-07,2215,2255,2175,2190,111857,-0.020134228187919434
2022-06-08,2185,2205,2135,2155,121694,-0.01598173515981738
2022-06-09,2150,2170,2085,2140,198797,-0.00696055684454755
2022-06-10,2135,2155,2095,2130,79486,-0.004672897196261627
2022-06-13,2060,2110,2020,2020,253432,-0.05164319248826288
2022-06-14,1980,2005,1800,1890,741297,-0.0643564356435643
2022-06-15,1860,1925,1635,1855,3129766,-0.01851851851851849
2022-06-16,1855,1905,1805,1820,474493,-0.018867924528301883
2022-06-17,1745,1800,1710,1770,308776,-0.027472527472527486
2022-06-20,1760,1775,1595,1600,829029,-0.096045197740113
2022-06-21,1615,1710,1615,1670,379403,0.043749999999999956
2022-06-22,1665,1830,1625,1625,690996,-0.026946107784431184
2022-06-23,1625,1690,1555,1595,891869,-0.018461538461538418
2022-06-24,1570,1675,1570,1670,196299,0.047021943573667624
2022-06-27,1680,1810,1680,1755,353382,0.05089820359281427
2022-06-28,1755,1770,1725,1760,117408,0.002849002849002913
2022-06-29,1715,1740,1690,1725,102644,-0.019886363636363646
2022-06-30,1720,1730,1665,1670,205180,-0.03188405797101446
2022-07-01,1670,1780,1670,1700,349778,0.017964071856287456
2022-07-04,1700,1860,1680,1805,981742,0.061764705882352944
2022-07-05,1830,1960,1820,1915,997923,0.06094182825484773
2022-07-06,1825,1830,1650,1710,1233307,-0.10704960835509136
2022-07-07,1725,1995,1725,1850,3019081,0.08187134502923987
2022-07-08,1865,1935,1765,1785,2256032,-0.03513513513513511
2022-07-11,1825,1940,1770,1835,2226769,0.028011204481792618
2022-07-12,2180,2370,1925,1980,13554647,0.07901907356948223
2022-07-13,1960,1970,1830,1845,1909983,-0.06818181818181823
2022-07-14,1845,1850,1760,1800,921712,-0.024390243902439046
2022-07-15,1780,1800,1715,1745,711885,-0.030555555555555558
2022-07-18,1755,1815,1750,1815,665546,0.04011461318051568
2022-07-19,1795,1835,1760,1825,366264,0.005509641873278293
2022-07-20,1845,1875,1820,1825,482305,0.0
2022-07-21,1840,1840,1780,1795,312495,-0.016438356164383605
2022-07-22,1780,1805,1735,1750,554578,-0.02506963788300831
2022-07-25,1735,1755,1720,1735,210620,-0.008571428571428563
2022-07-26,1750,1790,1720,1745,407897,0.0057636887608070175
2022-07-27,1740,1770,1735,1745,198304,0.0
2022-07-28,1760,1775,1725,1725,302818,-0.011461318051575908
2022-07-29,1740,1750,1725,1745,183284,0.011594202898550732
2022-08-01,1750,1755,1725,1740,156565,-0.002865329512893977
2022-08-02,1745,1950,1715,1790,2809896,0.028735632183908066
2022-08-03,1790,1810,1750,1790,336682,0.0
2022-08-04,1810,1815,1790,1815,273327,0.013966480446927276
2022-08-05,1820,1855,1810,1825,432428,0.005509641873278293
2022-08-08,1835,1845,1775,1815,378449,-0.005479452054794498
2022-08-09,1815,1840,1795,1805,169873,-0.0055096418732781816
2022-08-10,1800,1815,1770,1770,247210,-0.01939058171745156
2022-08-11,1780,1835,1770,1830,415185,0.03389830508474567
2022-08-12,1820,1850,1820,1825,223051,-0.002732240437158473
2022-08-16,1835,1870,1795,1820,229570,-0.002739726027397249
2022-08-17,1800,1815,1765,1770,287986,-0.027472527472527486
2022-08-18,1750,1770,1685,1710,613219,-0.03389830508474578
2022-08-19,1655,1680,1600,1615,1168815,-0.05555555555555558
2022-08-22,1600,1610,1555,1605,392614,-0.006191950464396245
2022-08-23,1570,1600,1570,1570,245328,-0.02180685358255452
2022-08-24,1565,1590,1545,1570,293915,0.0
2022-08-25,1570,1595,1565,1595,166783,0.015923566878981
2022-08-26,1600,1620,1575,1600,179620,0.0031347962382444194
2022-08-29,1545,1585,1525,1565,306615,-0.021874999999999978
2022-08-30,1560,1580,1540,1580,192348,0.009584664536741228
2022-08-31,1580,1590,1550,1585,175014,0.0031645569620253333
2022-09-01,1580,1580,1505,1520,344657,-0.04100946372239744
2022-09-02,1515,1565,1480,1505,276554,-0.009868421052631526
2022-09-05,1470,1500,1375,1380,1076175,-0.0830564784053156
2022-09-06,1380,1435,1380,1415,296442,0.0253623188405796
2022-09-07,1400,1430,1355,1370,269732,-0.03180212014134276
2022-09-08,1375,1400,1365,1400,227447,0.021897810218978186
2022-09-13,1405,1435,1400,1425,293400,0.017857142857142794
2022-09-14,1365,1420,1355,1405,245129,-0.01403508771929829
2022-09-15,1410,1445,1395,1440,229228,0.02491103202846978
2022-09-16,1425,1425,1375,1380,246428,-0.04166666666666663
2022-09-19,1385,1395,1300,1315,507297,-0.047101449275362306
2022-09-20,1315,1345,1310,1335,186204,0.015209125475285079
2022-09-21,1305,1345,1305,1320,203611,-0.011235955056179803
2022-09-22,1290,1325,1245,1325,368156,0.0037878787878788955
2022-09-23,1305,1325,1240,1260,497654,-0.049056603773584895
2022-09-26,1220,1250,1125,1125,810026,-0.1071428571428571
2022-09-27,1110,1170,1110,1155,674782,0.026666666666666616
2022-09-28,1155,1170,1100,1125,355348,-0.025974025974025983
2022-09-29,1135,1180,1125,1160,365133,0.03111111111111109
2022-09-30,1105,1135,1085,1105,638272,-0.04741379310344829
2022-10-04,1115,1195,1110,1170,604485,0.05882352941176472
2022-10-05,1175,1185,1115,1140,367326,-0.02564102564102566
2022-10-06,1140,1175,1130,1165,400830,0.021929824561403466
2022-10-07,1155,1175,1135,1160,252425,-0.0042918454935622075
2022-10-11,1140,1140,1050,1050,465857,-0.09482758620689657
2022-10-12,1050,1065,999,1015,600326,-0.033333333333333326
2022-10-13,1015,1030,986,986,398845,-0.02857142857142858
2022-10-14,1005,1040,1005,1030,226415,0.04462474645030423
2022-10-17,996,1050,996,1045,272428,0.014563106796116498
2022-10-18,1055,1080,1050,1080,259330,0.03349282296650724
2022-10-19,1085,1100,1055,1060,219618,-0.01851851851851849
2022-10-20,1070,1070,1030,1050,118973,-0.009433962264150941
2022-10-21,1035,1045,1015,1025,185478,-0.023809523809523836
2022-10-24,1035,1065,1025,1040,155891,0.014634146341463428
2022-10-25,1040,1050,1025,1035,115120,-0.004807692307692291
2022-10-26,1045,1045,1000,1020,268918,-0.01449275362318836
2022-10-27,1025,1050,1025,1030,185126,0.009803921568627416
2022-10-28,1025,1065,1015,1050,178412,0.01941747572815533
2022-10-31,1050,1055,1025,1035,127902,-0.014285714285714235
2022-11-01,1035,1050,1025,1045,131093,0.009661835748792313
2022-11-02,1045,1050,1020,1025,179477,-0.019138755980861233
2022-11-03,1010,1060,1005,1055,225401,0.029268292682926855
2022-11-04,1055,1055,1015,1040,99579,-0.014218009478673022
2022-11-07,1035,1050,1025,1045,137133,0.004807692307692291
2022-11-08,1045,1115,1040,1085,457432,0.038277511961722466
2022-11-09,1085,1115,1075,1110,246353,0.02304147465437789
2022-11-10,1095,1115,1080,1080,124753,-0.027027027027026973
2022-11-11,1100,1115,1080,1105,224712,0.02314814814814814
2022-11-14,1100,1185,1100,1185,578896,0.07239819004524883
2022-11-15,1185,1210,1150,1195,389071,0.00843881856540074
2022-11-16,1200,1265,1175,1245,660107,0.04184100418410042
2022-11-17,1245,1250,1185,1205,462991,-0.032128514056224855
2022-11-18,1220,1225,1185,1200,215393,-0.004149377593360981
2022-11-21,1190,1200,1145,1180,293785,-0.01666666666666672
2022-11-22,1165,1240,1155,1215,276781,0.029661016949152463
2022-11-23,1220,1265,1200,1260,421786,0.03703703703703698
2022-11-24,1270,1280,1235,1260,369865,0.0
2022-11-25,1260,1260,1200,1210,231170,-0.03968253968253965
2022-11-28,1200,1205,1160,1180,265525,-0.024793388429752095
2022-11-29,1180,1230,1165,1220,289015,0.03389830508474567
2022-11-30,1230,1265,1205,1245,197009,0.020491803278688492
2022-12-01,1265,1325,1260,1325,1167380,0.06425702811244971
2022-12-02,1335,1385,1300,1365,711010,0.030188679245283012
2022-12-05,1360,1400,1330,1360,382082,-0.00366300366300365
2022-12-06,1360,1390,1290,1320,346019,-0.02941176470588236
2022-12-07,1300,1365,1285,1355,235201,0.026515151515151603
2022-12-08,1360,1370,1270,1290,297473,-0.047970479704797064
2022-12-09,1290,1335,1265,1325,238850,0.027131782945736482
2022-12-12,1335,1335,1280,1290,257846,-0.026415094339622636
2022-12-13,1290,1360,1265,1330,492045,0.03100775193798455
2022-12-14,1340,1355,1300,1315,216603,-0.011278195488721776
2022-12-15,1320,1350,1280,1290,252991,-0.019011406844106515
2022-12-16,1275,1290,1255,1255,156679,-0.027131782945736482
2022-12-19,1250,1255,1210,1215,185547,-0.031872509960159334
2022-12-20,1215,1220,1160,1160,398846,-0.04526748971193417
2022-12-21,1170,1190,1120,1140,521102,-0.017241379310344862
2022-12-22,1160,1240,1150,1190,662949,0.04385964912280693
2022-12-23,1190,1190,1130,1135,302962,-0.04621848739495793
2022-12-26,1135,1140,1105,1110,154713,-0.022026431718061623
2022-12-27,1105,1145,1105,1135,272887,0.022522522522522515
2022-12-28,1140,1150,1105,1140,252337,0.004405286343612369
2022-12-29,1120,1125,1070,1085,347692,-0.04824561403508776
2023-01-02,1085,1125,1060,1100,189192,0.01382488479262678
2023-01-03,1085,1115,1040,1070,257125,-0.027272727272727226
2023-01-04,1050,1150,1045,1105,250188,0.032710280373831724
2023-01-05,1130,1155,1095,1120,184166,0.013574660633484115
2023-01-06,1105,1150,1105,1145,416809,0.022321428571428603
2023-01-09,1155,1170,1130,1160,212885,0.013100436681222627
2023-01-10,1170,1175,1140,1175,305429,0.012931034482758674
2023-01-11,1170,1200,1170,1190,196540,0.012765957446808418
2023-01-12,1190,1255,1185,1245,395426,0.04621848739495804
2023-01-13,1245,1285,1220,1265,255433,0.016064257028112428
2023-01-16,1265,1265,1225,1240,334233,-0.01976284584980237
2023-01-17,1240,1245,1215,1235,218118,-0.0040322580645161255
2023-01-18,1225,1250,1220,1230,110179,-0.004048582995951455
2023-01-19,1220,1310,1205,1260,332934,0.024390243902439046
2023-01-20,1265,1330,1250,1325,587388,0.051587301587301626
2023-01-25,1340,1377,1300,1370,395157,0.03396226415094339
2023-01-26,1370,1464,1363,1422,705846,0.03795620437956204
2023-01-27,1423,1442,1390,1390,363631,-0.02250351617440227
2023-01-30,1391,1453,1380,1410,270410,0.014388489208633004
2023-01-31,1410,1460,1400,1443,314399,0.023404255319148914
2023-02-01,1443,1540,1431,1503,697640,0.04158004158004158
2023-02-02,1512,1585,1510,1567,544193,0.042581503659347986
2023-02-03,1569,1612,1533,1561,474752,-0.0038289725590300305
2023-02-06,1599,1601,1518,1578,324906,0.010890454836643082
2023-02-07,1550,1608,1550,1587,341713,0.005703422053231932
2023-02-08,1588,1600,1555,1590,240189,0.001890359168241984
2023-02-09,1582,1624,1571,1601,360871,0.006918238993710801
2023-02-10,1601,1605,1518,1524,361748,-0.048094940662086194
2023-02-13,1533,1533,1450,1500,476037,-0.015748031496062964
2023-02-14,1494,1519,1478,1513,257464,0.0086666666666666
2023-02-15,1504,1504,1379,1398,1078570,-0.07600793126239258
2023-02-16,1398,1425,1397,1418,264003,0.014306151645207432
2023-02-17,1418,1431,1412,1419,300325,0.0007052186177716191
2023-02-20,1406,1415,1392,1405,167533,-0.009866102889358741
2023-02-21,1405,1431,1350,1428,273229,0.016370106761565806
2023-02-22,1428,1428,1377,1416,179228,-0.008403361344537785
2023-02-23,1392,1464,1392,1417,469614,0.0007062146892655718
2023-02-24,1429,1442,1390,1435,386153,0.01270289343683828
2023-02-27,1399,1422,1372,1418,238265,-0.01184668989547033
2023-02-28,1402,1488,1401,1470,651525,0.03667136812411842
2023-03-02,1470,1690,1463,1570,2517374,0.06802721088435382
2023-03-03,1570,1745,1570,1679,4131781,0.06942675159235678
2023-03-06,1690,1723,1658,1672,1424401,-0.004169148302561099
2023-03-07,1673,1711,1626,1636,643939,-0.021531100478468845
2023-03-08,1633,1650,1580,1605,492858,-0.018948655256723734
2023-03-09,1611,1675,1601,1632,190464,0.016822429906542036
2023-03-10,1600,1638,1582,1620,216148,-0.007352941176470562
2023-03-13,1585,1647,1536,1610,370009,-0.006172839506172867
2023-03-14,1594,1632,1522,1541,434743,-0.042857142857142816
2023-03-15,1550,1583,1502,1540,650504,-0.0006489292667098967
2023-03-16,1540,1547,1436,1465,754867,-0.04870129870129869
2023-03-17,1480,1493,1435,1468,751333,0.0020477815699657675
2023-03-20,1451,1470,1414,1440,411593,-0.019073569482288777
2023-03-21,1427,1483,1390,1390,572902,-0.03472222222222221
2023-03-22,1396,1404,1336,1349,524178,-0.029496402877697836
2023-03-23,1332,1343,1236,1248,1796004,-0.07487027427724235
2023-03-24,1249,1338,1249,1309,788436,0.048878205128205066
2023-03-27,1311,1320,1240,1272,717958,-0.02826585179526353
2023-03-28,1271,1289,1260,1285,296996,0.010220125786163603
2023-03-29,1285,1302,1259,1290,395409,0.0038910505836575737
2023-03-30,1290,1344,1282,1321,429429,0.024031007751937894
2023-03-31,1338,1338,1290,1305,400324,-0.012112036336109022
2023-04-03,1302,1314,1285,1311,564517,0.0045977011494253706
2023-04-04,1311,1350,1306,1325,441192,0.01067887109077037
2023-04-05,1324,1348,1309,1324,184544,-0.0007547169811320531
2023-04-06,1322,1322,1287,1295,320793,-0.021903323262839836
2023-04-07,1295,1307,1280,1281,302897,-0.010810810810810811
2023-04-10,1282,1283,1233,1233,538631,-0.0374707259953162
2023-04-11,1218,1244,1211,1229,341376,-0.0032441200324412334
2023-04-12,1230,1264,1230,1252,257275,0.018714401952807158
2023-04-13,1251,1284,1239,1260,200733,0.006389776357827559
2023-04-14,1262,1335,1262,1311,538022,0.040476190476190554
2023-04-17,1311,1312,1284,1301,297331,-0.0076277650648359785
2023-04-18,1315,1323,1283,1290,434371,-0.008455034588777832
2023-04-19,1290,1310,1280,1302,268636,0.009302325581395321
2023-04-20,1302,1302,1277,1293,448869,-0.00691244239631339
2023-04-21,1267,1290,1221,1221,662745,-0.05568445475638051
2023-04-24,1193,1220,1000,1071,4100305,-0.12285012285012287
2023-04-25,1051,1069,1018,1069,1942382,-0.0018674136321195078
2023-04-26,1041,1093,1040,1077,735688,0.007483629560336658
2023-04-27,1052,1086,1025,1066,575915,-0.010213556174558991
2023-04-28,1070,1096,1055,1086,526111,0.018761726078799335
2023-05-02,1089,1110,1078,1101,392730,0.013812154696132506
2023-05-03,1105,1119,1084,1088,299699,-0.01180744777475018
2023-05-04,1083,1106,1060,1101,268149,0.011948529411764719
2023-05-08,1100,1115,1100,1115,394422,0.012715712988192518
2023-05-09,1115,1127,1102,1119,216757,0.0035874439461882623
2023-05-10,1111,1159,1111,1145,415964,0.02323503127792681
2023-05-11,1146,1186,1146,1152,348340,0.006113537117903967
2023-05-12,1145,1147,1111,1114,242202,-0.03298611111111116
2023-05-15,1112,1134,1101,1104,231029,-0.008976660682226245
2023-05-16,1106,1123,1088,1090,243620,-0.0126811594202898
2023-05-17,1101,1135,1087,1123,352054,0.03027522935779814
2023-05-18,1124,1188,1124,1169,625737,0.04096170970614432
2023-05-19,1169,1175,1130,1130,293471,-0.03336184773310524
2023-05-22,1130,1143,1117,1119,308717,-0.009734513274336276
2023-05-23,1121,1133,1096,1100,349926,-0.016979445933869575
2023-05-24,1103,1109,1097,1102,122362,0.0018181818181817189
2023-05-25,1102,1130,1096,1098,402478,-0.003629764065335772
2023-05-26,1092,1102,1086,1093,277892,-0.004553734061930825
2023-05-30,1093,1102,1082,1102,204655,0.008234217749313766
2023-05-31,1101,1117,1093,1113,273594,0.009981851179673429
2023-06-01,1108,1122,1104,1116,162891,0.0026954177897573484
2023-06-02,1120,1147,1095,1130,309329,0.012544802867383575
2023-06-05,1138,1143,1130,1139,139077,0.007964601769911539
2023-06-07,1130,1141,1126,1135,138544,-0.0035118525021948788
2023-06-08,1129,1133,1101,1105,280212,-0.026431718061673992
2023-06-09,1106,1130,1105,1129,176051,0.021719457013574583
2023-06-12,1139,1139,1106,1119,244786,-0.008857395925597866
2023-06-13,1118,1124,1111,1113,208924,-0.00536193029490617
2023-06-14,1114,1116,1081,1081,350778,-0.02875112309074568
2023-06-15,1082,1099,1074,1074,295838,-0.00647548566142464
2023-06-16,1080,1102,1065,1083,255485,0.008379888268156499
2023-06-19,1089,1118,1082,1112,269086,0.026777469990766356
2023-06-20,1102,1126,1083,1088,380149,-0.021582733812949617
2023-06-21,1088,1095,1071,1092,279160,0.003676470588235281
2023-06-22,1079,1093,1071,1084,242022,-0.0073260073260073
2023-06-23,1090,1090,1070,1077,208342,-0.0064575645756457245
2023-06-26,1066,1080,1056,1067,159821,-0.00928505106778088
2023-06-27,1073,1073,1054,1059,243990,-0.007497656982193068
2023-06-28,1057,1100,1046,1060,476340,0.0009442870632672129
2023-06-29,1065,1065,1020,1028,294242,-0.030188679245283012
2023-06-30,1028,1110,1024,1080,637752,0.05058365758754868
2023-07-03,1081,1109,1080,1105,512827,0.02314814814814814
2023-07-04,1107,1107,1069,1083,408488,-0.01990950226244348
2023-07-05,1090,1090,1058,1062,285364,-0.01939058171745156
2023-07-06,1061,1064,1045,1052,252863,-0.00941619585687381
2023-07-07,1043,1048,1034,1043,171649,-0.008555133079847899
2023-07-10,1040,1050,1029,1039,171915,-0.003835091083413178
2023-07-11,1036,1044,1024,1032,227733,-0.006737247353224229
2023-07-12,1045,1045,1030,1036,109712,0.003875968992248069
2023-07-13,1038,1057,1037,1048,154705,0.01158301158301156
2023-07-14,1053,1053,1018,1028,286185,-0.01908396946564883
2023-07-17,1024,1026,1008,1008,209039,-0.01945525291828798
2023-07-18,1008,1014,991,996,394763,-0.011904761904761862
2023-07-19,990,1050,990,1009,272434,0.013052208835341306
2023-07-20,1010,1010,997,1003,175601,-0.00594648166501488
2023-07-21,1003,1003,987,987,227918,-0.015952143569292088
2023-07-24,987,991,932,935,443827,-0.05268490374873358
2023-07-25,921,935,901,906,463270,-0.031016042780748654
2023-07-26,896,906,820,853,686924,-0.058498896247240584
2023-07-27,847,910,847,899,274795,0.053927315357561456
2023-07-28,906,937,905,912,166686,0.014460511679644128
2023-07-31,912,945,910,940,202988,0.030701754385964897
2023-08-01,944,973,941,968,285276,0.029787234042553123
2023-08-02,968,968,934,939,155467,-0.029958677685950397
2023-08-03,924,937,911,935,169516,-0.004259850905218299
2023-08-04,918,978,918,970,181676,0.03743315508021383
2023-08-07,973,973,945,956,115338,-0.014432989690721598
2023-08-08,956,956,937,943,152674,-0.013598326359832602
2023-08-09,928,970,928,947,203846,0.0042417815482502785
2023-08-10,954,986,947,977,209798,0.03167898627243937
2023-08-11,970,1000,968,990,215232,0.013306038894575156
2023-08-14,990,990,957,968,214167,-0.022222222222222254
2023-08-16,960,960,918,928,262304,-0.04132231404958675
2023-08-17,911,925,888,903,273631,-0.026939655172413812
2023-08-18,902,903,880,886,215626,-0.018826135105204922
2023-08-21,886,919,886,904,209302,0.020316027088036037
2023-08-22,904,906,886,892,128114,-0.013274336283185861
2023-08-23,892,895,879,880,134606,-0.013452914798206317
2023-08-24,880,897,880,893,69363,0.014772727272727382
2023-08-25,892,892,878,886,175802,-0.007838745800671898
2023-08-28,886,918,886,914,115728,0.03160270880361171
2023-08-29,914,924,904,920,128978,0.006564551422319376
2023-08-30,925,927,914,917,87738,-0.003260869565217428
2023-08-31,925,925,894,904,168670,-0.014176663031624903
2023-09-01,896,903,891,891,143401,-0.014380530973451378
2023-09-04,893,893,881,888,121577,-0.0033670033670033517
2023-09-05,888,890,864,870,283014,-0.020270270270270285
2023-09-06,873,873,853,861,191198,-0.010344827586206917
2023-09-07,860,861,838,842,232562,-0.022067363530778206
2023-09-08,837,844,833,837,151869,-0.005938242280285055
2023-09-11,838,860,835,850,143545,0.015531660692950977
2023-09-12,849,855,834,837,131914,-0.015294117647058791
2023-09-13,840,840,824,827,136287,-0.01194743130227005
2023-09-14,827,830,822,825,180683,-0.00241837968561065
2023-09-15,828,839,821,836,161743,0.01333333333333342
2023-09-18,836,836,823,832,102401,-0.004784688995215336
2023-09-19,830,830,820,823,126657,-0.01081730769230771
2023-09-20,820,823,810,812,149802,-0.013365735115431376
2023-09-21,809,811,790,798,224805,-0.017241379310344862
2023-09-22,795,798,790,793,76285,-0.006265664160400974
2023-09-25,786,790,771,771,148115,-0.02774274905422447
2023-09-26,770,772,749,759,291651,-0.015564202334630295
2023-09-27,755,776,749,772,320861,0.017127799736495364
2023-10-04,764,765,709,727,271429,-0.05829015544041449
2023-10-05,725,735,716,727,183221,0.0
2023-10-06,725,742,723,742,102126,0.02063273727647874
2023-10-10,742,748,730,745,178316,0.0040431266846361336
2023-10-11,745,771,745,763,211857,0.024161073825503365
2023-10-12,763,769,739,750,239915,-0.017038007863695914
2023-10-13,750,758,732,733,178221,-0.022666666666666613
2023-10-16,733,740,710,712,185806,-0.028649386084583894
2023-10-17,705,739,705,713,166243,0.001404494382022392
2023-10-18,723,730,708,725,82365,0.016830294530154388
2023-10-19,716,720,701,710,157260,-0.020689655172413834
2023-10-20,703,704,685,686,174069,-0.033802816901408406
2023-10-23,673,695,670,675,235879,-0.01603498542274051
2023-10-24,671,700,647,698,343819,0.034074074074074145
2023-10-25,710,729,698,723,164268,0.035816618911174825
2023-10-26,661,711,661,694,207853,-0.04011065006915626
2023-10-27,694,705,687,695,88379,0.0014409221902016434
2023-10-30,694,706,686,698,86123,0.004316546762589857
2023-10-31,702,710,684,685,153372,-0.01862464183381085
2023-11-01,692,704,683,700,88177,0.021897810218978186
2023-11-02,702,726,693,724,183382,0.03428571428571425
2023-11-03,724,737,721,726,81639,0.0027624309392264568
2023-11-06,730,740,722,725,161284,-0.0013774104683195176
2023-11-07,724,728,710,717,135221,-0.011034482758620734
2023-11-08,726,729,713,716,63479,-0.001394700139469962
2023-11-09,716,723,708,715,99709,-0.0013966480446927498
2023-11-10,715,715,701,709,77900,-0.008391608391608352
2023-11-13,709,713,696,696,89987,-0.01833568406205921
2023-11-14,686,709,686,700,56203,0.005747126436781658
2023-11-15,701,713,701,712,170455,0.017142857142857126
2023-11-16,713,724,704,720,102201,0.011235955056179803
2023-11-17,711,722,710,717,100090,-0.004166666666666652
2023-11-20,715,728,710,720,95114,0.004184100418409997
2023-11-21,721,738,719,731,166322,0.015277777777777724
2023-11-22,730,743,726,733,98131,0.002735978112175186
2023-11-23,740,743,734,741,61992,0.01091405184174632
2023-11-24,745,747,734,738,118918,-0.004048582995951455
2023-11-27,736,736,719,721,204297,-0.023035230352303482
2023-11-28,729,735,713,726,167487,0.006934812760055475
2023-11-29,729,729,717,717,92987,-0.012396694214875992
2023-11-30,720,722,696,706,205676,-0.015341701534170138
2023-12-01,708,715,694,695,90877,-0.015580736543909346
2023-12-04,695,714,690,710,100213,0.021582733812949728
2023-12-05,710,715,699,707,66892,-0.004225352112676051
2023-12-06,701,704,695,702,105049,-0.007072135785007094
2023-12-07,702,704,693,699,100456,-0.004273504273504258
2023-12-08,703,715,693,700,126949,0.0014306151645206988
2023-12-11,704,714,698,714,255592,0.020000000000000018
2023-12-12,714,928,713,812,14351432,0.13725490196078427
2023-12-13,827,861,763,764,4962671,-0.059113300492610876
2023-12-14,767,993,751,993,37454485,0.29973821989528804
2023-12-15,1025,1040,875,875,15881358,-0.11883182275931525
2023-12-18,865,957,834,874,9818857,-0.0011428571428571122
2023-12-19,878,880,826,835,2215135,-0.04462242562929064
2023-12-20,823,830,810,820,1573038,-0.017964071856287456
2023-12-21,805,811,777,782,1249766,-0.04634146341463419
2023-12-22,787,824,763,763,1750457,-0.024296675191815886
2023-12-26,763,769,738,752,781308,-0.014416775884665833
2023-12-27,760,868,743,760,7756175,0.010638297872340496
2023-12-28,761,783,761,779,848405,0.02499999999999991
2024-01-02,780,793,775,793,674018,0.01797175866495504
2024-01-03,786,786,766,767,840906,-0.032786885245901676
2024-01-04,767,769,753,756,537063,-0.014341590612777066
2024-01-05,760,767,749,752,471619,-0.005291005291005346
2024-01-08,750,767,750,765,324268,0.017287234042553168
2024-01-09,768,782,759,777,535422,0.015686274509803866
2024-01-10,775,782,758,759,400127,-0.02316602316602312
2024-01-11,762,785,760,781,537896,0.02898550724637672
2024-01-12,781,781,755,762,465981,-0.02432778489116516
2024-01-15,755,768,755,759,188471,-0.003937007874015741
2024-01-16,756,763,741,746,343131,-0.017127799736495364
2024-01-17,751,751,708,710,626754,-0.04825737265415553
2024-01-18,707,730,707,717,168174,0.009859154929577452
2024-01-19,721,735,717,720,179936,0.004184100418409997
2024-01-22,720,728,695,707,525730,-0.018055555555555602
2024-01-23,710,717,702,711,151301,0.005657708628005631
2024-01-24,715,715,697,703,212354,-0.011251758087201136
2024-01-25,707,710,686,698,345829,-0.007112375533428139
2024-01-26,702,709,695,705,197979,0.01002865329512903
2024-01-29,705,707,662,686,1133246,-0.026950354609929117
2024-01-30,686,692,672,679,255032,-0.010204081632653073
2024-01-31,672,709,670,704,457470,0.036818851251841034
2024-02-01,700,702,682,693,380049,-0.015625
2024-02-02,693,717,691,698,298969,0.00721500721500723
2024-02-05,698,710,697,701,247747,0.004297994269341077
2024-02-06,700,715,693,701,195945,0.0
2024-02-07,707,709,694,706,180127,0.007132667617689048
2024-02-08,706,715,690,697,168718,-0.012747875354107596
2024-02-13,700,713,699,710,124269,0.01865136298421799
2024-02-14,709,720,703,718,315474,0.011267605633802802
2024-02-15,718,720,706,711,156131,-0.00974930362116988
2024-02-16,714,720,703,720,260046,0.012658227848101333
2024-02-19,710,722,710,718,119867,-0.002777777777777768
2024-02-20,718,720,711,716,134162,-0.0027855153203342198
2024-02-21,708,718,707,713,113302,-0.0041899441340782495
2024-02-22,715,715,699,705,185035,-0.011220196353436185
2024-02-23,699,706,692,699,126625,-0.008510638297872353
2024-02-26,694,701,689,689,123957,-0.014306151645207432
2024-02-27,686,693,678,688,208672,-0.0014513788098693414
2024-02-28,689,698,680,691,150094,0.0043604651162789665
2024-02-29,691,695,680,687,68363,-0.005788712011577379
2024-03-04,685,704,685,694,189402,0.010189228529839944
2024-03-05,685,694,675,685,287437,-0.012968299711815567
2024-03-06,678,688,670,670,255638,-0.021897810218978075
2024-03-07,675,675,645,645,334896,-0.03731343283582089
2024-03-08,670,671,646,647,155703,0.0031007751937983663
2024-03-11,660,660,640,645,168009,-0.0030911901081916993
2024-03-12,640,655,640,641,122415,-0.006201550387596955
2024-03-13,640,651,636,639,120367,-0.0031201248049922414
2024-03-14,639,649,629,637,147422,-0.003129890453834161
2024-03-15,639,639,619,621,312087,-0.025117739403453743
2024-03-18,624,630,618,622,88360,0.0016103059581320522
2024-03-19,628,630,608,615,201232,-0.0112540192926045
2024-03-20,621,636,614,619,298074,0.006504065040650486
2024-03-21,625,655,625,652,354907,0.05331179321486279
2024-03-22,650,650,632,639,139068,-0.019938650306748462
2024-03-25,640,642,627,634,152484,-0.007824726134585291
2024-03-26,634,641,622,626,164186,-0.012618296529968487
2024-03-27,627,632,626,626,63361,0.0
2024-03-28,622,633,621,624,111228,-0.0031948881789137795
2024-03-29,622,626,609,611,245552,-0.02083333333333337
2024-04-01,615,649,615,638,251977,0.04418985270049092
2024-04-02,638,647,609,612,403884,-0.040752351097178674
2024-04-03,612,622,609,619,119105,0.011437908496731986
2024-04-04,615,690,615,631,970198,0.01938610662358653
2024-04-05,630,636,628,633,80928,0.0031695721077653616
2024-04-08,635,645,619,619,156512,-0.02211690363349128
2024-04-09,616,627,610,619,140520,0.0
2024-04-11,619,625,610,623,47759,0.00646203554119551
2024-04-12,627,627,613,617,56414,-0.009630818619582704
2024-04-15,617,620,610,620,62864,0.004862236628849326
2024-04-16,620,623,605,607,107748,-0.020967741935483897
2024-04-17,605,615,600,608,81062,0.0016474464579900872
2024-04-18,608,614,603,613,53085,0.008223684210526327
2024-04-19,617,618,599,605,246781,-0.013050570962479635
2024-04-22,602,608,600,605,125913,0.0
2024-04-23,603,614,603,613,108757,0.013223140495867813
2024-04-24,613,622,613,618,113020,0.00815660685154973
2024-04-25,618,620,612,617,29607,-0.0016181229773463146
2024-04-26,621,621,609,618,59768,0.0016207455429497752
2024-04-29,618,625,615,623,80074,0.008090614886731462
2024-04-30,623,624,617,622,81919,-0.0016051364365970988
2024-05-02,623,626,613,613,115143,-0.014469453376205754
2024-05-03,617,624,615,620,45685,0.011419249592169667
2024-05-07,620,623,617,621,82898,0.001612903225806539
2024-05-08,621,628,619,626,106346,0.008051529790660261
2024-05-09,622,628,621,628,126569,0.0031948881789136685
2024-05-10,629,629,620,628,159455,0.0
2024-05-13,628,634,625,632,130479,0.006369426751592355
2024-05-14,632,634,615,631,90154,-0.0015822784810126667
2024-05-16,634,635,622,631,129674,0.0
2024-05-17,631,632,619,622,92131,-0.014263074484944571
2024-05-20,620,625,613,619,81277,-0.004823151125401881
2024-05-21,618,619,608,608,153814,-0.017770597738287597
2024-05-22,608,615,602,614,87591,0.009868421052631637
2024-05-23,617,617,605,614,105751,0.0
2024-05-24,613,613,608,608,25670,-0.009771986970684043
2024-05-27,611,612,599,601,204960,-0.011513157894736836
2024-05-28,604,604,598,600,105442,-0.0016638935108153063
2024-05-29,603,603,592,595,159208,-0.008333333333333304
2024-05-30,595,600,532,533,1253651,-0.10420168067226887
2024-05-31,531,548,531,543,209176,0.018761726078799335
2024-06-03,543,562,529,555,272560,0.022099447513812098
2024-06-04,559,562,540,550,219668,-0.009009009009009028
2024-06-05,550,559,545,551,53717,0.0018181818181817189
2024-06-07,554,564,547,563,109105,0.02177858439201441
2024-06-10,567,567,546,549,97840,-0.0248667850799289
2024-06-11,549,562,549,557,41705,0.014571948998178597
2024-06-12,558,558,545,548,73055,-0.016157989228007152
2024-06-13,551,559,546,547,103320,-0.0018248175182481452
2024-06-14,550,550,535,535,63852,-0.021937842778793404
2024-06-17,535,540,531,532,74661,-0.005607476635513975
2024-06-18,532,536,528,529,107258,-0.005639097744360888
2024-06-19,529,530,518,521,134458,-0.015122873345935761
2024-06-20,521,531,514,525,149514,0.007677543186180413
2024-06-21,526,531,511,511,75897,-0.026666666666666616
2024-06-24,511,519,501,501,152679,-0.019569471624266144
2024-06-25,508,525,496,506,126130,0.009980039920159722
2024-06-26,515,527,508,520,186687,0.027667984189723382
2024-06-27,530,531,515,521,76124,0.0019230769230769162
2024-06-28,519,523,516,518,52076,-0.0057581573896353655
2024-07-01,518,518,512,518,41651,0.0
2024-07-02,518,519,507,511,65061,-0.013513513513513487
2024-07-03,511,512,500,502,205503,-0.017612524461839585
2024-07-04,504,504,491,497,174170,-0.009960159362549792
2024-07-05,497,501,494,501,79856,0.008048289738430636
2024-07-08,501,502,498,500,61832,-0.001996007984031989
2024-07-09,501,506,493,502,233443,0.0040000000000000036
2024-07-10,505,505,489,499,167146,-0.005976095617529875
2024-07-11,499,502,496,496,42538,-0.006012024048096198
2024-07-12,496,496,492,495,62707,-0.0020161290322581182
2024-07-15,495,502,494,499,129629,0.008080808080808133
2024-07-16,501,505,496,501,256582,0.004008016032064132
2024-07-17,500,504,500,501,88427,0.0
2024-07-18,500,507,492,500,97749,-0.001996007984031989
2024-07-19,496,500,492,496,93762,-0.008000000000000007
2024-07-22,496,497,489,494,108547,-0.0040322580645161255
2024-07-23,490,497,489,492,76244,-0.004048582995951455
2024-07-24,490,493,486,488,63228,-0.008130081300813052
2024-07-25,479,500,471,495,207111,0.014344262295082011
2024-07-26,494,502,492,502,80664,0.014141414141414232
2024-07-29,502,510,500,505,103889,0.005976095617529875
2024-07-30,505,507,495,495,46736,-0.01980198019801982
2024-07-31,493,498,488,490,102844,-0.010101010101010055
2024-08-01,490,500,490,499,37466,0.01836734693877551
2024-08-02,499,499,480,481,102394,-0.03607214428857719
2024-08-05,486,487,409,425,317563,-0.11642411642411643
2024-08-06,400,450,400,429,363689,0.009411764705882453
2024-08-07,429,442,429,440,78272,0.02564102564102555
2024-08-08,440,440,429,435,103054,-0.011363636363636354
2024-08-09,435,478,435,452,359316,0.03908045977011487
2024-08-12,453,477,451,461,119147,0.019911504424778848
2024-08-13,461,469,457,465,50103,0.008676789587852562
2024-08-14,467,475,464,475,134391,0.021505376344086002
2024-08-16,475,477,466,472,79950,-0.0063157894736841635
2024-08-19,474,485,470,474,76947,0.004237288135593209
2024-08-20,474,485,467,481,126343,0.014767932489451407
2024-08-21,481,495,479,488,97070,0.01455301455301461
2024-08-22,488,491,486,491,34937,0.006147540983606481
2024-08-23,491,496,480,482,31249,-0.018329938900203624
2024-08-26,482,487,477,486,73923,0.008298755186721962
2024-08-27,483,483,465,472,102917,-0.028806584362139898
2024-08-28,469,473,465,468,57307,-0.008474576271186418
2024-08-29,468,468,456,458,93534,-0.021367521367521403
2024-08-30,458,465,457,461,80192,0.0065502183406114245
2024-09-02,461,472,461,470,46793,0.01952277657266821
2024-09-03,470,480,462,462,91073,-0.017021276595744705
2024-09-04,459,459,443,452,64298,-0.02164502164502169
2024-09-05,447,454,447,450,40780,-0.004424778761061954
2024-09-06,450,543,445,477,3876350,0.06000000000000005
2024-09-09,476,509,455,504,866647,0.05660377358490565
2024-09-10,504,510,495,505,324609,0.001984126984126977
2024-09-11,505,506,494,500,254301,-0.00990099009900991
2024-09-12,500,510,495,501,66749,0.0020000000000000018
2024-09-13,498,501,486,491,152568,-0.019960079840319334
2024-09-19,500,502,492,497,79756,0.012219959266802416
2024-09-20,497,500,491,495,61486,-0.004024144869215318
2024-09-23,497,500,492,494,29370,-0.002020202020202033
2024-09-24,497,502,485,497,31876,0.006072874493927127
2024-09-25,497,499,490,491,48729,-0.012072434607645843
2024-09-26,490,501,486,491,80397,0.0
2024-09-27,490,500,490,494,113798,0.006109979633401208
2024-09-30,493,500,489,492,78361,-0.004048582995951455
2024-10-02,490,494,488,490,28873,-0.004065040650406471
2024-10-04,490,500,488,500,87691,0.020408163265306145
2024-10-07,500,511,498,508,102974,0.016000000000000014
2024-10-08,502,508,495,495,125016,-0.025590551181102317
2024-10-10,496,504,493,503,56813,0.016161616161616266
2024-10-11,503,505,500,501,20719,-0.003976143141153132
2024-10-14,498,506,494,500,51542,-0.001996007984031989
2024-10-15,496,503,496,501,31378,0.0020000000000000018
2024-10-16,499,504,496,502,44364,0.001996007984031989
2024-10-17,498,503,497,502,35046,0.0
2024-10-18,500,503,497,497,61902,-0.009960159362549792
2024-10-21,497,500,491,496,56436,-0.002012072434607659
2024-10-22,496,503,488,488,44999,-0.016129032258064502
2024-10-23,488,489,479,484,48275,-0.008196721311475419
2024-10-24,484,492,474,476,40457,-0.016528925619834656
2024-10-25,476,476,400,423,1726834,-0.1113445378151261
2024-10-28,429,450,415,435,371237,0.028368794326241176
2024-10-29,437,441,432,439,90172,0.009195402298850519
2024-10-30,439,449,431,440,294743,0.002277904328018332
2024-10-31,435,442,430,441,114559,0.002272727272727204
2024-11-01,440,442,429,431,75119,-0.0226757369614512
2024-11-04,431,433,428,431,58536,0.0
2024-11-05,433,437,430,433,147554,0.004640371229698292
2024-11-06,436,440,428,433,100672,0.0
2024-11-07,433,433,418,421,76032,-0.02771362586605086
2024-11-08,419,427,416,418,117696,-0.0071258907363420665
2024-11-11,421,421,407,407,98059,-0.02631578947368418
2024-11-12,402,407,384,392,259905,-0.03685503685503688
2024-11-13,387,392,380,382,174382,-0.025510204081632626
2024-11-14,382,388,373,385,99452,0.007853403141361293
2024-11-15,385,424,385,421,567080,0.09350649350649354
2024-11-18,422,480,422,460,644477,0.09263657957244664
2024-11-19,451,460,432,441,133214,-0.04130434782608694
2024-11-20,437,451,432,442,120970,0.0022675736961450532
2024-11-21,438,446,432,445,69522,0.006787330316742057
2024-11-22,445,448,438,442,85053,-0.006741573033707815
2024-11-25,440,443,431,442,134493,0.0
2024-11-26,449,450,436,440,40448,-0.004524886877828038
2024-11-27,442,443,431,443,110460,0.006818181818181834
2024-11-28,438,460,437,447,124357,0.009029345372460584
2024-11-29,451,451,435,447,58604,0.0
2024-12-02,446,446,417,417,154786,-0.06711409395973156
2024-12-03,400,421,400,415,115955,-0.004796163069544335
2024-12-04,408,417,400,417,122407,0.004819277108433662
2024-12-05,414,417,402,403,82662,-0.033573141486810565
2024-12-06,403,414,394,403,148355,0.0
2024-12-09,400,402,362,368,339311,-0.08684863523573205
2024-12-10,368,385,368,380,56112,0.032608695652173836
2024-12-11,380,406,380,405,87997,0.06578947368421062
2024-12-12,408,414,404,405,85605,0.0
2024-12-13,410,416,403,412,111426,0.01728395061728394
2024-12-16,418,418,407,409,58327,-0.007281553398058249
2024-12-17,409,488,402,455,3240226,0.1124694376528117
2024-12-18,459,514,459,487,2712142,0.0703296703296703
2024-12-19,483,493,462,471,452457,-0.03285420944558526
2024-12-20,459,464,421,439,432503,-0.06794055201698512
2024-12-23,422,448,401,442,533749,0.006833712984054774
2024-12-24,445,460,429,448,308241,0.013574660633484115
2024-12-26,454,464,427,454,172003,0.013392857142857206
2024-12-27,450,450,406,428,288379,-0.05726872246696035
2024-12-30,420,429,403,425,180435,-0.007009345794392496
2025-01-02,426,447,426,437,98792,0.028235294117647136
2025-01-03,439,523,439,494,4389781,0.13043478260869557
2025-01-06,495,505,465,490,1315066,-0.0080971659919028
2025-01-07,485,525,470,525,1342448,0.0714285714285714
2025-01-08,524,606,503,559,6151177,0.0647619047619048
2025-01-09,547,565,531,535,1164182,-0.04293381037567079
2025-01-10,530,531,505,511,727494,-0.04485981308411213
2025-01-13,501,525,478,481,756642,-0.05870841487279843
2025-01-14,481,490,464,490,564273,0.018711018711018657
2025-01-15,487,509,476,508,328912,0.03673469387755102
2025-01-16,503,579,497,537,4267138,0.057086614173228245
2025-01-17,533,574,528,547,1519136,0.01862197392923659
2025-01-20,547,547,493,503,1058769,-0.08043875685557589
2025-01-21,510,529,492,517,619482,0.027833001988071482
2025-01-22,511,527,489,489,552838,-0.0541586073500967
2025-01-23,489,511,489,498,868331,0.018404907975460016
2025-01-24,498,607,498,515,6795448,0.034136546184738936
2025-01-31,515,527,500,500,619920,-0.029126213592232997
2025-02-03,490,500,470,491,434856,-0.018000000000000016
2025-02-04,489,503,483,498,225434,0.014256619144602745
2025-02-05,501,510,497,505,270662,0.014056224899598346
2025-02-06,505,512,501,506,137811,0.001980198019801982
2025-02-07,512,514,502,505,290302,-0.0019762845849802257
2025-02-10,502,532,495,525,355736,0.03960396039603964
2025-02-11,528,552,518,548,574507,0.04380952380952374
2025-02-12,548,570,536,558,985843,0.018248175182481674
2025-02-13,557,572,525,558,546101,0.0
2025-02-14,564,566,530,536,192452,-0.03942652329749108
2025-02-17,536,541,531,536,199747,0.0
2025-02-18,536,536,516,530,230594,-0.011194029850746245
2025-02-19,530,531,516,523,120738,-0.013207547169811318
2025-02-20,517,517,499,499,312117,-0.04588910133843216
2025-02-21,499,513,499,501,58534,0.004008016032064132
2025-02-24,501,507,495,495,109959,-0.0119760479041916
2025-02-25,495,503,491,496,87559,0.002020202020202033
2025-02-26,497,503,484,486,126588,-0.020161290322580627
2025-02-27,494,494,478,487,81461,0.002057613168724215
2025-02-28,487,487,440,471,293642,-0.03285420944558526
2025-03-04,471,480,451,456,80406,-0.031847133757961776
2025-03-05,456,474,456,456,67046,0.0
2025-03-06,461,477,456,457,60667,0.002192982456140413
2025-03-07,457,467,430,433,155223,-0.05251641137855578
2025-03-10,433,445,433,444,50806,0.025404157043879882
2025-03-11,439,443,430,434,122099,-0.022522522522522515
2025-03-12,434,445,433,438,75120,0.009216589861751112
2025-03-13,441,445,430,431,83001,-0.01598173515981738
2025-03-14,430,435,420,422,158218,-0.02088167053364265
2025-03-17,427,447,420,439,89226,0.04028436018957349
2025-03-18,434,449,433,436,57390,-0.006833712984054663
2025-03-19,440,446,436,439,40429,0.006880733944954143
2025-03-20,436,444,436,444,21060,0.011389521640091216
2025-03-21,441,447,439,446,49045,0.0045045045045044585
2025-03-24,446,450,438,445,75687,-0.0022421524663677195
2025-03-25,441,455,438,455,91535,0.022471910112359605
2025-03-26,456,467,440,450,147606,-0.01098901098901095
2025-03-27,443,458,434,446,90369,-0.008888888888888835
2025-03-28,452,454,430,438,48218,-0.017937219730941756
2025-03-31,413,438,413,435,128861,-0.006849315068493178
2025-04-01,431,446,430,445,82689,0.02298850574712641
2025-04-02,449,449,432,443,78631,-0.004494382022471877
2025-04-03,439,442,427,432,58254,-0.02483069977426633
2025-04-04,432,439,422,431,45881,-0.0023148148148147696
2025-04-07,427,438,413,414,125953,-0.03944315545243615
2025-04-08,415,426,414,419,85068,0.012077294685990392
2025-04-09,419,425,397,409,152097,-0.023866348448687402
2025-04-10,410,424,409,419,36910,0.02444987775061125
2025-04-11,421,428,414,425,52797,0.014319809069212486
2025-04-14,425,436,417,436,124101,0.025882352941176467
2025-04-15,436,446,430,441,66712,0.011467889908256979
2025-04-16,441,445,436,443,72802,0.0045351473922903285
2025-04-17,443,456,438,441,104491,-0.004514672686230292
2025-04-18,441,447,434,440,100239,-0.0022675736961451642
2025-04-21,438,440,428,428,130412,-0.027272727272727226
2025-04-22,428,453,418,418,290760,-0.02336448598130836
2025-04-23,425,441,421,441,60572,0.055023923444976086
2025-04-24,443,452,424,431,137094,-0.0226757369614512
2025-04-25,431,468,422,444,642704,0.030162412993039345
2025-04-28,450,455,435,443,193358,-0.0022522522522522292
2025-04-29,446,465,440,451,218731,0.018058690744920947
2025-04-30,451,467,447,452,131762,0.0022172949002217113
2025-05-02,452,456,444,444,91975,-0.017699115044247815
2025-05-07,447,448,442,444,62434,0.0
2025-05-08,444,458,440,444,104755,0.0
2025-05-09,446,459,441,452,211121,0.018018018018018056
2025-05-12,448,465,448,457,161935,0.01106194690265494
2025-05-13,467,467,447,450,312930,-0.015317286652078765
2025-05-14,450,475,450,474,173786,0.05333333333333323
2025-05-15,478,494,467,482,192462,0.016877637130801704
2025-05-16,483,516,483,511,406575,0.06016597510373445
2025-05-19,511,537,488,534,427788,0.045009784735812186
2025-05-20,534,542,506,517,392753,-0.03183520599250933
2025-05-21,532,549,522,545,217128,0.05415860735009681
2025-05-22,545,551,516,520,271814,-0.04587155963302747
2025-05-23,515,541,511,524,87666,0.007692307692307665
2025-05-26,524,536,510,510,101762,-0.026717557251908386
2025-05-27,510,545,505,513,139976,0.00588235294117645
2025-05-28,513,541,509,525,92505,0.023391812865497075
2025-05-29,540,540,505,506,210833,-0.03619047619047622
2025-05-30,506,534,488,527,513849,0.04150197628458496
2025-06-02,527,540,524,527,213140,0.0
2025-06-04,527,539,522,531,105161,0.007590132827324458
2025-06-05,535,544,530,539,101896,0.015065913370998052
2025-06-09,539,555,539,547,113980,0.014842300556586308
2025-06-10,547,549,540,544,141221,-0.005484460694698323
2025-06-11,554,554,510,523,361089,-0.03860294117647056
2025-06-12,528,528,498,498,583127,-0.04780114722753348
2025-06-13,504,510,492,494,236421,-0.008032128514056214
2025-06-16,500,505,495,504,144439,0.020242914979757165
2025-06-17,504,511,498,501,186064,-0.005952380952380931
2025-06-18,503,507,499,506,26054,0.009980039920159722
2025-06-19,504,506,499,499,42150,-0.013833992094861691
2025-06-20,499,506,495,500,65126,0.002004008016031955
2025-06-23,500,505,493,498,119724,-0.0040000000000000036
2025-06-24,498,507,491,498,130725,0.0
2025-06-25,500,508,488,489,157230,-0.01807228915662651
2025-06-26,500,504,480,497,171693,0.01635991820040905
