Date,Open,High,Low,Close,Volume,Change
2022-01-03,14000,14150,13950,14100,5022,0.0
2022-01-04,14100,14450,13900,14350,9083,0.01773049645390068
2022-01-05,14350,14350,14100,14250,5226,-0.006968641114982632
2022-01-06,14100,14150,13950,13950,6194,-0.021052631578947323
2022-01-07,13950,14300,13950,14200,6105,0.017921146953405076
2022-01-10,14050,14200,13950,14000,9232,-0.014084507042253502
2022-01-11,14000,14050,13700,13750,9724,-0.017857142857142905
2022-01-12,13750,13950,13750,13950,5428,0.014545454545454639
2022-01-13,13950,14000,13700,13900,5795,-0.0035842293906810374
2022-01-14,13750,13900,13650,13850,3762,-0.003597122302158251
2022-01-17,13800,13850,13600,13800,7883,-0.0036101083032491488
2022-01-18,13800,14200,13700,13700,19002,-0.007246376811594235
2022-01-19,13700,13850,13550,13600,7142,-0.007299270072992692
2022-01-20,13350,13850,13350,13650,3765,0.003676470588235281
2022-01-21,13650,13650,13500,13650,7396,0.0
2022-01-24,13500,13550,13100,13200,8217,-0.03296703296703296
2022-01-25,13150,13250,12500,12750,26091,-0.03409090909090906
2022-01-26,12700,13050,12600,12600,9636,-0.0117647058823529
2022-01-27,12600,12800,12100,12600,13306,0.0
2022-01-28,12400,12800,12400,12600,11231,0.0
2022-02-03,12800,13250,12650,12950,8268,0.02777777777777768
2022-02-04,12950,13050,12800,12950,5920,0.0
2022-02-07,12850,13050,12700,12900,7148,-0.0038610038610038533
2022-02-08,12900,13000,12750,12950,7423,0.003875968992248069
2022-02-09,13050,13200,12800,13200,6873,0.019305019305019266
2022-02-10,13300,13300,12900,13050,4973,-0.011363636363636354
2022-02-11,13050,13150,12800,12850,6457,-0.01532567049808431
2022-02-14,12550,12650,12400,12650,6315,-0.015564202334630295
2022-02-15,12450,12600,12100,12200,13446,-0.035573122529644285
2022-02-16,12300,12900,12300,12900,29759,0.05737704918032782
2022-02-17,13000,13000,12200,12550,17192,-0.027131782945736482
2022-02-18,12400,13150,12350,12950,18490,0.031872509960159334
2022-02-21,13000,13100,12650,12900,13478,-0.0038610038610038533
2022-02-22,12550,12750,12450,12550,8553,-0.027131782945736482
2022-02-23,12500,12650,12250,12650,5889,0.007968127490039834
2022-02-24,12600,12600,12000,12050,23542,-0.04743083003952564
2022-02-25,12200,12450,12100,12200,8358,0.012448132780082943
2022-02-28,12200,12750,12050,12750,17668,0.04508196721311486
2022-03-02,12900,13300,12500,12700,34015,-0.0039215686274509665
2022-03-03,12900,12900,12600,12600,8326,-0.007874015748031482
2022-03-04,12600,13050,12500,13000,45872,0.031746031746031855
2022-03-07,12950,13100,12550,12750,17746,-0.019230769230769273
2022-03-08,12550,12650,12350,12550,11895,-0.015686274509803977
2022-03-10,12450,12650,12450,12550,13538,0.0
2022-03-11,12550,12700,12500,12650,13808,0.007968127490039834
2022-03-14,13050,13450,12600,12800,49504,0.011857707509881354
2022-03-15,12700,13200,12700,12950,9904,0.01171875
2022-03-16,12950,13200,12850,13050,8080,0.007722007722007707
2022-03-17,13150,13150,12900,13050,15771,0.0
2022-03-18,13050,13250,12850,13150,15950,0.00766283524904221
2022-03-21,13200,13250,12850,13100,24615,-0.0038022813688213253
2022-03-22,13100,13150,12950,13100,6404,0.0
2022-03-23,13100,13150,12700,12900,18288,-0.01526717557251911
2022-03-24,12900,13000,12750,12850,8106,-0.003875968992248069
2022-03-25,13000,13000,12750,13000,8233,0.011673151750972721
2022-03-28,13000,13450,12900,13350,46018,0.026923076923076827
2022-03-29,13250,13400,13050,13100,14709,-0.01872659176029967
2022-03-30,13150,13450,12900,13250,9521,0.011450381679389388
2022-03-31,13300,13750,13150,13650,42301,0.030188679245283012
2022-04-01,13600,13600,13250,13500,7485,-0.01098901098901095
2022-04-04,13400,13750,13350,13650,8320,0.011111111111111072
2022-04-05,13500,13850,13500,13750,11712,0.0073260073260073
2022-04-06,13850,13950,13500,13600,14562,-0.010909090909090868
2022-04-07,13650,13650,13150,13250,18118,-0.02573529411764708
2022-04-08,13200,13650,13100,13500,27858,0.018867924528301883
2022-04-11,13600,13600,13200,13450,5440,-0.0037037037037036535
2022-04-12,13500,13500,13100,13250,6526,-0.014869888475836479
2022-04-13,13250,13550,13150,13400,3883,0.01132075471698113
2022-04-14,13500,13550,13300,13350,5358,-0.003731343283582045
2022-04-15,13400,13500,13150,13400,8026,0.0037453183520599342
2022-04-18,13400,13550,13200,13400,2862,0.0
2022-04-19,13400,13400,13250,13400,2950,0.0
2022-04-20,13350,13500,13300,13500,8443,0.00746268656716409
2022-04-21,13600,13800,13450,13500,16659,0.0
2022-04-22,13600,13600,13200,13300,5369,-0.014814814814814836
2022-04-25,13150,13200,12700,13000,33570,-0.022556390977443663
2022-04-26,13050,13250,12850,13000,10758,0.0
2022-04-27,12700,12850,12650,12850,8761,-0.011538461538461497
2022-04-28,12800,13150,12650,13150,11381,0.023346303501945442
2022-04-29,13150,15150,12950,13800,314102,0.049429657794676896
2022-05-02,13800,13950,13550,13800,55099,0.0
2022-05-03,13750,14200,13750,14050,56771,0.018115942028985588
2022-05-04,14050,14250,13750,13750,27759,-0.02135231316725983
2022-05-06,13850,14000,13600,13600,21486,-0.010909090909090868
2022-05-09,13600,13800,13050,13050,20672,-0.0404411764705882
2022-05-10,12950,13200,12600,13200,19696,0.011494252873563315
2022-05-11,13300,13400,12900,13050,12790,-0.011363636363636354
2022-05-12,13050,13050,12400,12700,39855,-0.026819923371647514
2022-05-13,12700,12800,12550,12700,16981,0.0
2022-05-16,12700,12850,12600,12650,5592,-0.003937007874015741
2022-05-17,12650,12850,12650,12850,3726,0.015810276679841806
2022-05-18,12800,12850,12550,12550,14361,-0.023346303501945553
2022-05-19,12400,12450,12200,12450,9077,-0.007968127490039834
2022-05-20,12450,12650,12350,12550,5599,0.008032128514056325
2022-05-23,12500,12600,12350,12500,5153,-0.003984063745019917
2022-05-24,12400,12500,12100,12200,12016,-0.02400000000000002
2022-05-25,12250,12450,11950,12350,8207,0.012295081967213184
2022-05-26,12350,12600,12150,12500,9300,0.012145748987854255
2022-05-27,12650,12900,12550,12650,7600,0.01200000000000001
2022-05-30,12500,12900,12450,12850,15062,0.015810276679841806
2022-05-31,12700,12750,12450,12700,19524,-0.011673151750972721
2022-06-02,12650,12800,12450,12550,8865,-0.011811023622047223
2022-06-03,12550,12650,12350,12450,9658,-0.007968127490039834
2022-06-07,12450,12450,12150,12300,7511,-0.012048192771084376
2022-06-08,12300,12300,12100,12100,7072,-0.016260162601625994
2022-06-09,12100,12150,12000,12150,4036,0.004132231404958775
2022-06-10,12150,12200,11900,12150,7913,0.0
2022-06-13,11900,12050,11650,11750,24864,-0.03292181069958844
2022-06-14,11650,11750,11150,11650,20997,-0.008510638297872353
2022-06-15,11650,11650,11000,11250,17020,-0.03433476394849788
2022-06-16,11300,11500,11250,11450,18175,0.01777777777777767
2022-06-17,11100,11450,10950,11450,16543,0.0
2022-06-20,11300,11400,10450,10800,26888,-0.05676855895196509
2022-06-21,10800,10850,10600,10600,3925,-0.01851851851851849
2022-06-22,10600,10850,10200,10450,19035,-0.014150943396226467
2022-06-23,10400,10550,9930,10000,45794,-0.0430622009569378
2022-06-24,10000,10400,9900,10350,20028,0.03499999999999992
2022-06-27,10400,11200,10200,10700,63496,0.033816425120772875
2022-06-28,10950,11000,10300,10600,25247,-0.009345794392523366
2022-06-29,10400,10500,10050,10350,24287,-0.02358490566037741
2022-06-30,10400,10400,10000,10000,22420,-0.033816425120772986
2022-07-01,9950,10100,9710,9870,14153,-0.013000000000000012
2022-07-04,9870,9890,9530,9810,16569,-0.006079027355623046
2022-07-05,9750,12150,9750,10500,428240,0.07033639143730896
2022-07-06,10450,10700,10300,10400,69509,-0.00952380952380949
2022-07-07,10300,10750,10300,10550,21127,0.014423076923076872
2022-07-08,10600,11250,10550,10700,48535,0.014218009478673022
2022-07-11,10700,10700,10400,10450,18559,-0.02336448598130836
2022-07-12,10500,10500,10150,10300,14099,-0.014354066985645897
2022-07-13,10250,10950,10100,10450,31360,0.014563106796116498
2022-07-14,10450,10650,10350,10600,13845,0.014354066985645897
2022-07-15,10750,10750,10350,10550,9645,-0.004716981132075526
2022-07-18,10600,11000,10500,10800,25085,0.023696682464454888
2022-07-19,10700,11300,10550,11000,55807,0.0185185185185186
2022-07-20,11450,12450,11200,11200,162377,0.018181818181818077
2022-07-21,11300,11550,11200,11300,18671,0.008928571428571397
2022-07-22,11600,11650,11200,11250,14961,-0.004424778761061954
2022-07-25,11300,11400,11000,11400,17454,0.01333333333333342
2022-07-26,11400,11550,11250,11350,12085,-0.004385964912280715
2022-07-27,11200,11850,11200,11800,18706,0.0396475770925111
2022-07-28,11750,11750,11400,11400,9488,-0.03389830508474578
2022-07-29,11300,11500,11250,11350,10166,-0.004385964912280715
2022-08-01,11450,11550,11250,11350,7401,0.0
2022-08-02,11350,11350,11050,11200,8377,-0.013215859030836996
2022-08-03,11200,11600,11050,11450,20137,0.022321428571428603
2022-08-04,11600,11750,11200,11300,33490,-0.013100436681222738
2022-08-05,11400,11400,11200,11250,8025,-0.004424778761061954
2022-08-08,11200,11600,11100,11600,20494,0.03111111111111109
2022-08-09,11600,11800,11350,11550,21106,-0.004310344827586188
2022-08-10,11500,11500,11150,11200,8378,-0.030303030303030276
2022-08-11,11250,11300,11150,11200,8079,0.0
2022-08-12,11200,11450,11150,11400,9883,0.017857142857142794
2022-08-16,11500,11600,11350,11500,9844,0.00877192982456143
2022-08-17,11450,11700,11400,11450,7201,-0.004347826086956497
2022-08-18,11350,11400,11050,11400,21018,-0.004366812227074246
2022-08-19,11400,11850,11200,11600,42214,0.01754385964912286
2022-08-22,11500,11600,11000,11050,13383,-0.04741379310344829
2022-08-23,11050,11050,10450,10900,10258,-0.013574660633484115
2022-08-24,10900,11250,10450,11250,28783,0.032110091743119185
2022-08-25,11300,11350,11100,11150,6452,-0.008888888888888835
2022-08-26,11300,11400,11000,11150,5819,0.0
2022-08-29,10950,11000,10600,10700,7707,-0.04035874439461884
2022-08-30,10600,11250,10550,11000,47033,0.028037383177569986
2022-08-31,11050,11250,10800,11200,9766,0.018181818181818077
2022-09-01,11100,11150,10850,11150,12839,-0.004464285714285698
2022-09-02,11050,11300,10900,11050,20699,-0.008968609865470878
2022-09-05,10900,11100,10750,10850,21239,-0.018099547511312264
2022-09-06,11050,11350,10800,11050,22057,0.018433179723502224
2022-09-07,11050,11050,10600,10700,10482,-0.03167420814479638
2022-09-08,10700,11050,10650,11000,32248,0.028037383177569986
2022-09-13,11200,11250,11000,11200,21266,0.018181818181818077
2022-09-14,10900,11100,10600,11050,13918,-0.013392857142857095
2022-09-15,11050,11050,10800,10950,4885,-0.009049773755656076
2022-09-16,10900,10900,10600,10750,5526,-0.0182648401826484
2022-09-19,10600,10700,9880,9880,53842,-0.08093023255813958
2022-09-20,9900,10450,9880,9980,27396,0.010121457489878471
2022-09-21,9960,10000,9880,9990,5682,0.0010020040080160886
2022-09-22,9940,9950,9790,9890,7509,-0.010010010010010006
2022-09-23,9840,9990,9770,9900,14291,0.0010111223458038054
2022-09-26,9890,10250,9450,9620,32586,-0.028282828282828243
2022-09-27,9380,9670,9250,9320,23912,-0.03118503118503113
2022-09-28,9280,9420,8890,9030,18869,-0.0311158798283262
2022-09-29,9070,9170,8790,8790,12794,-0.02657807308970095
2022-09-30,8690,9730,8480,9130,75452,0.03868031854379983
2022-10-04,9150,9270,9090,9150,11979,0.0021905805038335835
2022-10-05,9250,9340,8970,9020,8070,-0.014207650273224015
2022-10-06,9020,9120,9020,9090,3317,0.0077605321507761005
2022-10-07,9090,9270,9040,9130,3284,0.004400440044004306
2022-10-11,9030,9130,8710,8990,7631,-0.01533406352683464
2022-10-12,8790,8950,8790,8950,8963,-0.004449388209121219
2022-10-13,8900,8900,8340,8370,7257,-0.06480446927374306
2022-10-14,8390,8630,8390,8620,10027,0.029868578255675127
2022-10-17,8580,8800,8470,8800,6065,0.02088167053364276
2022-10-18,8840,9000,8800,8900,9158,0.011363636363636465
2022-10-19,8950,9000,8770,8980,4858,0.008988764044943753
2022-10-20,8850,8950,8770,8880,2147,-0.011135857461024523
2022-10-21,8750,8800,8730,8780,2803,-0.011261261261261257
2022-10-24,8780,8950,8780,8860,6236,0.009111617312072884
2022-10-25,8940,9100,8860,8970,3006,0.01241534988713311
2022-10-26,8960,9100,8880,9100,3431,0.01449275362318847
2022-10-27,9150,9150,8990,9110,2818,0.001098901098901095
2022-10-28,9100,9100,8920,9040,3764,-0.007683863885839748
2022-10-31,9040,9150,8960,9150,2815,0.012168141592920456
2022-11-01,9050,9140,9020,9110,1934,-0.0043715846994535346
2022-11-02,9150,9260,9050,9180,6565,0.007683863885839637
2022-11-03,9080,9170,8940,9140,1822,-0.004357298474945481
2022-11-04,9140,9200,9040,9170,1705,0.003282275711159688
2022-11-07,9190,9250,9180,9230,2222,0.0065430752453652374
2022-11-08,9230,9270,9090,9200,4117,-0.00325027085590468
2022-11-09,9270,9290,8970,9180,2747,-0.0021739130434782483
2022-11-10,9110,9290,9100,9180,1783,0.0
2022-11-11,9320,9360,9220,9360,9239,0.019607843137254832
2022-11-14,9360,9360,9130,9160,13942,-0.021367521367521403
2022-11-15,9160,9500,9150,9500,15602,0.037117903930131035
2022-11-16,9500,9600,9330,9390,6276,-0.011578947368421022
2022-11-17,9390,9440,9220,9220,6676,-0.018104366347177825
2022-11-18,9310,9310,9250,9260,2632,0.00433839479392617
2022-11-21,9260,9260,8930,8930,5344,-0.0356371490280778
2022-11-22,8910,8930,8820,8880,3769,-0.005599104143337086
2022-11-23,8880,9030,8830,9010,3903,0.014639639639639546
2022-11-24,9090,9150,9030,9080,2773,0.007769145394006749
2022-11-25,9080,9110,9020,9080,2163,0.0
2022-11-28,9130,9130,8920,9080,8754,0.0
2022-11-29,8900,9170,8890,9170,4249,0.009911894273127775
2022-11-30,9190,9190,9020,9140,4795,-0.0032715376226826187
2022-12-01,9180,9240,9120,9230,5912,0.009846827133479286
2022-12-02,9270,9270,9150,9230,5169,0.0
2022-12-05,9190,11150,9190,9680,894474,0.04875406283856987
2022-12-06,9620,9660,9400,9400,40729,-0.02892561983471076
2022-12-07,9350,10150,9300,9730,94751,0.03510638297872348
2022-12-08,9730,10050,9540,9660,27553,-0.007194244604316502
2022-12-09,9660,9830,9560,9560,21421,-0.010351966873705987
2022-12-12,9560,9730,9380,9520,16556,-0.004184100418409997
2022-12-13,9520,9620,9500,9550,10760,0.0031512605042016695
2022-12-14,9560,9770,9510,9660,16894,0.011518324607329822
2022-12-15,9760,9770,9600,9710,10524,0.005175983436852993
2022-12-16,9610,9690,9520,9550,8087,-0.016477857878475777
2022-12-19,9510,9550,9430,9540,3328,-0.0010471204188481353
2022-12-20,9510,9520,9220,9300,12755,-0.02515723270440251
2022-12-21,9290,9310,9210,9260,3473,-0.004301075268817178
2022-12-22,9280,9360,9260,9360,1961,0.010799136069114423
2022-12-23,9390,9390,8980,9170,8933,-0.020299145299145338
2022-12-26,9030,9090,8910,8950,6811,-0.02399127589967287
2022-12-27,8910,9180,8910,9010,7640,0.006703910614525244
2022-12-28,9060,9060,8950,9000,2126,-0.0011098779134295356
2022-12-29,8920,8960,8540,8700,8262,-0.033333333333333326
2023-01-02,8700,8740,8560,8660,2683,-0.0045977011494252595
2023-01-03,8630,8630,8420,8610,3375,-0.005773672055427226
2023-01-04,8490,8720,8490,8530,6565,-0.009291521486643473
2023-01-05,8670,8700,8460,8540,4883,0.0011723329425556983
2023-01-06,8540,8730,8470,8710,3984,0.01990632318501162
2023-01-09,8710,8890,8700,8890,4787,0.02066590126291623
2023-01-10,8960,8960,8820,8870,9111,-0.0022497187851518996
2023-01-11,8870,9060,8830,8900,3291,0.0033821871476888976
2023-01-12,8920,9090,8870,9000,7149,0.011235955056179803
2023-01-13,9060,9130,9030,9100,6714,0.011111111111111072
2023-01-16,9130,9150,9040,9130,3965,0.003296703296703285
2023-01-17,9130,9190,9050,9050,4073,-0.008762322015334112
2023-01-18,9100,9100,8950,9060,4457,0.0011049723756906271
2023-01-19,9010,9070,8900,9070,4096,0.001103752759381793
2023-01-20,8930,9080,8930,9070,3604,0.0
2023-01-25,9090,9130,9050,9120,3921,0.005512679162072764
2023-01-26,9140,9600,9100,9560,55012,0.04824561403508776
2023-01-27,9560,9620,9450,9540,13338,-0.0020920502092049986
2023-01-30,9610,9610,9350,9350,5089,-0.01991614255765195
2023-01-31,9350,9520,9200,9500,7949,0.016042780748663166
2023-02-01,9590,9590,9390,9400,5463,-0.010526315789473717
2023-02-02,9440,9600,9410,9540,17088,0.014893617021276562
2023-02-03,9620,9840,9480,9670,17908,0.013626834381551323
2023-02-06,9750,9750,9520,9660,13905,-0.0010341261633919352
2023-02-07,9700,9700,9560,9650,6360,-0.0010351966873706209
2023-02-08,9650,9680,9510,9650,8050,0.0
2023-02-09,9650,9680,9550,9580,3813,-0.007253886010362698
2023-02-10,9750,9750,9490,9580,13627,0.0
2023-02-13,9460,9640,9450,9490,4532,-0.009394572025052228
2023-02-14,9470,9590,9430,9510,1838,0.0021074815595363283
2023-02-15,9490,9530,9310,9380,6359,-0.013669821240799185
2023-02-16,9330,9470,9310,9310,5644,-0.007462686567164201
2023-02-17,9380,9380,9240,9320,3119,0.0010741138560688146
2023-02-20,9280,9480,9250,9360,4703,0.0042918454935623185
2023-02-21,9450,9450,9340,9430,6939,0.007478632478632452
2023-02-22,9430,9440,9250,9360,8480,-0.007423117709437932
2023-02-23,9280,9460,9280,9410,9862,0.005341880341880323
2023-02-24,9470,9480,9370,9460,4889,0.005313496280552554
2023-02-27,9390,9450,9320,9450,1386,-0.0010570824524313016
2023-02-28,9410,9540,9380,9380,4237,-0.007407407407407418
2023-03-02,9380,9570,9290,9420,3448,0.004264392324093924
2023-03-03,9410,9550,9310,9460,2495,0.00424628450106157
2023-03-06,9400,9460,9340,9410,9504,-0.005285412262156397
2023-03-07,9330,9410,9330,9330,3158,-0.008501594048884176
2023-03-08,9330,9360,9200,9290,6085,-0.004287245444801746
2023-03-09,9290,9290,9140,9210,4723,-0.008611410118406937
2023-03-10,9210,9220,9090,9180,8111,-0.0032573289902280145
2023-03-13,9060,9170,9000,9150,5486,-0.0032679738562091387
2023-03-14,9050,9100,8790,8790,8430,-0.03934426229508192
2023-03-15,8830,8910,8830,8890,3438,0.011376564277588264
2023-03-16,8960,8980,8720,8820,2593,-0.007874015748031482
2023-03-17,8970,8970,8770,8910,2827,0.010204081632652962
2023-03-20,8910,8950,8800,8800,5297,-0.012345679012345734
2023-03-21,8880,8890,8770,8800,1810,0.0
2023-03-22,8800,8840,8710,8800,2944,0.0
2023-03-23,8750,8800,8680,8800,6578,0.0
2023-03-24,8720,8800,8720,8790,5847,-0.001136363636363602
2023-03-27,9080,9600,8890,9400,47594,0.0693970420932879
2023-03-28,9400,9650,9300,9590,14451,0.0202127659574467
2023-03-29,9530,9650,9420,9480,10680,-0.01147028154327423
2023-03-30,9590,9800,9140,9360,21153,-0.012658227848101222
2023-03-31,9360,9410,9230,9390,3125,0.0032051282051281937
2023-04-03,9530,9600,9460,9530,10614,0.014909478168264156
2023-04-04,9440,9710,9310,9610,28322,0.008394543546694555
2023-04-05,9550,9950,9410,9920,38872,0.032258064516129004
2023-04-06,9910,9980,9650,9720,24902,-0.020161290322580627
2023-04-07,9700,9780,9410,9590,7792,-0.013374485596707841
2023-04-10,9600,9600,8800,9210,15318,-0.03962460896767461
2023-04-11,9170,9300,9050,9280,4583,0.007600434310532034
2023-04-12,9350,9630,9200,9630,14860,0.037715517241379226
2023-04-13,9680,9700,9480,9540,18761,-0.009345794392523366
2023-04-14,9540,9890,9500,9620,46074,0.008385744234800763
2023-04-17,9550,9850,9510,9820,16183,0.02079002079002068
2023-04-18,9850,9930,9710,9810,27661,-0.0010183299389001643
2023-04-19,9820,9990,9810,9880,23586,0.007135575942915473
2023-04-20,9850,9850,9430,9580,11508,-0.030364372469635637
2023-04-21,9430,9520,9370,9390,10236,-0.019832985386221247
2023-04-24,9320,9390,9210,9260,6222,-0.013844515441959526
2023-04-25,9250,9260,9030,9050,8237,-0.022678185745140356
2023-04-26,8880,9090,8880,9050,5540,0.0
2023-04-27,9000,9150,8970,9110,1534,0.006629834254143541
2023-04-28,9280,9280,9090,9090,3635,-0.002195389681668547
2023-05-02,9090,9530,9010,9330,6896,0.0264026402640265
2023-05-03,9210,9330,9210,9290,4079,-0.004287245444801746
2023-05-04,9280,9470,8720,9390,8219,0.010764262648008671
2023-05-08,9470,9470,8940,9270,6471,-0.012779552715655007
2023-05-09,9370,9370,9200,9330,2954,0.006472491909385036
2023-05-10,9330,9370,9280,9350,986,0.002143622722400762
2023-05-11,9300,9480,9300,9330,5986,-0.002139037433155133
2023-05-12,9330,9460,9260,9410,2742,0.008574490889603492
2023-05-15,9370,9500,9020,9320,12055,-0.009564293304994642
2023-05-16,9300,9570,9300,9530,15710,0.022532188841201783
2023-05-17,9800,9850,9640,9840,22718,0.03252885624344182
2023-05-18,9890,9960,9790,9910,16170,0.007113821138211351
2023-05-19,9940,10350,9900,10280,41470,0.03733602421796167
2023-05-22,10280,10410,10100,10350,51684,0.006809338521400754
2023-05-23,10350,10670,10220,10670,56380,0.03091787439613536
2023-05-24,10620,10860,10480,10590,111597,-0.007497656982193068
2023-05-25,10590,10620,10370,10530,34352,-0.005665722379603388
2023-05-26,10510,10700,10250,10670,31998,0.013295346628680038
2023-05-30,10670,10870,10580,10730,43548,0.005623242736644718
2023-05-31,10710,10900,10610,10830,27497,0.009319664492078328
2023-06-01,10810,10920,10640,10870,20834,0.003693444136657398
2023-06-02,10870,10930,10730,10870,22032,0.0
2023-06-05,10820,10950,10740,10950,11480,0.007359705611775569
2023-06-07,10850,11170,10850,11080,26895,0.01187214611872145
2023-06-08,11240,11290,10950,11210,33754,0.011732851985559511
2023-06-09,11200,11360,11020,11180,27889,-0.00267618198037467
2023-06-12,11180,11180,10720,10770,11450,-0.03667262969588547
2023-06-13,10740,10860,10580,10710,12138,-0.005571030640668551
2023-06-14,10770,11200,10710,10970,28403,0.024276377217553602
2023-06-15,10960,10960,10420,10560,10181,-0.037374658158614404
2023-06-16,10570,10710,10540,10710,3098,0.014204545454545414
2023-06-19,10710,10750,10530,10640,4255,-0.006535947712418277
2023-06-20,10640,10720,10500,10630,2848,-0.0009398496240601295
2023-06-21,10630,10630,10320,10450,6647,-0.016933207902163683
2023-06-22,10260,10400,10250,10330,5242,-0.011483253588516762
2023-06-23,10330,10330,10200,10280,2534,-0.004840271055179035
2023-06-26,10270,10350,10070,10290,11517,0.0009727626459143934
2023-06-27,10290,11210,10230,10790,60628,0.048590864917395615
2023-06-28,10750,10760,10500,10520,8677,-0.025023169601482875
2023-06-29,10410,10520,10250,10510,4327,-0.0009505703422053591
2023-06-30,10300,10450,10170,10450,7336,-0.0057088487155090295
2023-07-03,10450,10540,10400,10540,9483,0.008612440191387627
2023-07-04,10640,10750,10540,10610,6823,0.006641366223908873
2023-07-05,10610,10730,10250,10370,12167,-0.022620169651272337
2023-07-06,10260,10410,9900,9950,15851,-0.04050144648023146
2023-07-07,9920,10050,9860,9990,4502,0.004020100502512669
2023-07-10,9990,10280,9900,10140,4017,0.01501501501501501
2023-07-11,10140,10140,9790,9970,11515,-0.0167652859960552
2023-07-12,10010,10180,9870,10180,7153,0.02106318956870612
2023-07-13,10180,10270,10080,10140,4877,-0.003929273084479323
2023-07-14,10140,10140,9850,10000,8575,-0.013806706114398382
2023-07-17,10000,10260,9860,10100,15203,0.010000000000000009
2023-07-18,10190,10190,10010,10150,5282,0.004950495049504955
2023-07-19,10100,10300,10030,10280,13541,0.012807881773398977
2023-07-20,10280,10400,10150,10260,9906,-0.0019455252918287869
2023-07-21,10230,10250,10030,10130,6316,-0.012670565302144277
2023-07-24,10130,10190,9900,10100,19533,-0.0029615004935834577
2023-07-25,10070,10070,9610,9680,23113,-0.04158415841584162
2023-07-26,9680,9740,9350,9580,21485,-0.010330578512396715
2023-07-27,9540,10020,9510,9950,10547,0.03862212943632559
2023-07-28,9940,10230,9770,10190,7113,0.024120603015075348
2023-07-31,10190,10400,10110,10390,25812,0.01962708537782132
2023-08-01,10500,10500,10250,10480,6956,0.008662175168431263
2023-08-02,10470,10470,10050,10230,5904,-0.02385496183206104
2023-08-03,10200,10230,10050,10140,6563,-0.008797653958944274
2023-08-04,10100,10130,9960,10070,6531,-0.006903353057199246
2023-08-07,10050,10060,9910,10000,3566,-0.006951340615690138
2023-08-08,9940,10150,9940,10000,3197,0.0
2023-08-09,9900,10100,9900,10080,3897,0.008000000000000007
2023-08-10,10030,10690,10030,10580,106295,0.04960317460317465
2023-08-11,10700,10880,10090,10090,43107,-0.046313799621928164
2023-08-14,10090,10090,9730,9730,29529,-0.03567888999008917
2023-08-16,9550,9640,9300,9370,29092,-0.03699897225077087
2023-08-17,9280,9510,9070,9230,26077,-0.014941302027748127
2023-08-18,9190,9630,9100,9600,17824,0.04008667388949072
2023-08-21,9650,9670,9330,9400,11121,-0.02083333333333337
2023-08-22,9360,9430,9150,9390,9094,-0.0010638297872340718
2023-08-23,9390,9440,9180,9400,5302,0.0010649627263046302
2023-08-24,9550,9570,9250,9550,14554,0.015957446808510634
2023-08-25,9530,9700,9270,9550,7496,0.0
2023-08-28,9500,9770,9380,9720,40355,0.017801047120418856
2023-08-29,9650,9720,9480,9680,20186,-0.004115226337448541
2023-08-30,9630,9710,9540,9650,12309,-0.0030991735537190257
2023-08-31,9670,9770,9590,9750,28780,0.010362694300518172
2023-09-01,9730,9730,9550,9730,16156,-0.002051282051282022
2023-09-04,9730,9920,9610,9660,39005,-0.007194244604316502
2023-09-05,9660,9800,9520,9770,21486,0.011387163561076497
2023-09-06,9770,9900,9680,9800,51697,0.003070624360286489
2023-09-07,9720,9900,9510,9510,26423,-0.0295918367346939
2023-09-08,9500,9620,9390,9620,8814,0.011566771819137678
2023-09-11,9610,9820,9570,9820,44256,0.02079002079002068
2023-09-12,9820,9850,9660,9760,29779,-0.006109979633401208
2023-09-13,9760,9860,9460,9560,55202,-0.020491803278688492
2023-09-14,9600,9680,9490,9580,32606,0.0020920502092049986
2023-09-15,9580,9640,9530,9630,22003,0.005219206680584509
2023-09-18,9540,9730,9540,9720,22794,0.009345794392523255
2023-09-19,9670,9890,9660,9790,31792,0.007201646090535085
2023-09-20,9730,9800,9520,9670,20068,-0.012257405515832431
2023-09-21,9660,9660,9220,9310,18484,-0.03722854188210967
2023-09-22,9280,9300,9000,9100,13779,-0.022556390977443663
2023-09-25,8920,9060,8870,8940,11978,-0.01758241758241763
2023-09-26,8990,9170,8920,9170,30049,0.02572706935123037
2023-09-27,9120,9340,9010,9330,14557,0.017448200654307522
2023-10-04,9330,9330,8870,8990,17669,-0.03644158628081462
2023-10-05,8910,9060,8740,8910,19488,-0.008898776418242438
2023-10-06,8910,9290,8900,9270,33738,0.04040404040404044
2023-10-10,9280,9280,8750,8780,24136,-0.052858683926645056
2023-10-11,8780,8910,8780,8860,5551,0.009111617312072884
2023-10-12,8850,9190,8850,8930,28411,0.007900677200902928
2023-10-13,8950,9070,8800,9020,5187,0.010078387458006821
2023-10-16,8930,8930,8630,8900,16552,-0.013303769401330379
2023-10-17,8820,9100,8820,9030,53879,0.014606741573033766
2023-10-18,9030,9030,8740,8840,7593,-0.021040974529346612
2023-10-19,8710,8710,8370,8370,18239,-0.05316742081447967
2023-10-20,8370,8370,8060,8310,27928,-0.007168458781361964
2023-10-23,8150,8450,8130,8280,15663,-0.0036101083032491488
2023-10-24,8200,8650,8190,8640,22596,0.04347826086956519
2023-10-25,8670,8670,8490,8550,7857,-0.01041666666666663
2023-10-26,8480,8520,8340,8520,32566,-0.0035087719298245723
2023-10-27,8430,8450,8200,8200,16385,-0.03755868544600938
2023-10-30,8200,8450,8190,8450,22027,0.030487804878048808
2023-10-31,8450,8450,8070,8210,12106,-0.028402366863905293
2023-11-01,8210,8320,8170,8290,22691,0.00974421437271622
2023-11-02,8340,8480,8230,8420,23432,0.01568154402895061
2023-11-03,8540,9370,8450,8460,107494,0.004750593824228044
2023-11-06,8530,8780,8510,8730,19737,0.03191489361702127
2023-11-07,8730,8730,8350,8550,15993,-0.020618556701030966
2023-11-08,8550,8720,8410,8410,15005,-0.01637426900584793
2023-11-09,8420,8590,8350,8530,11639,0.014268727705113005
2023-11-10,8440,8540,8400,8510,6342,-0.0023446658851113966
2023-11-13,8600,8660,8510,8600,21298,0.010575793184488758
2023-11-14,8800,9600,8630,8650,120111,0.005813953488372103
2023-11-15,8820,8890,8680,8860,31593,0.024277456647398887
2023-11-16,8860,9100,8790,9100,32423,0.02708803611738153
2023-11-17,9090,9090,8900,9000,7301,-0.01098901098901095
2023-11-20,9000,9250,8940,9170,18173,0.018888888888888955
2023-11-21,9100,9300,9100,9290,7048,0.013086150490730697
2023-11-22,9260,9350,9190,9320,6911,0.0032292787944026013
2023-11-23,9220,9370,9180,9300,11671,-0.0021459227467811592
2023-11-24,9380,9450,9130,9450,13312,0.016129032258064502
2023-11-27,9440,9440,9170,9400,6293,-0.005291005291005346
2023-11-28,9230,9340,9140,9210,6569,-0.02021276595744681
2023-11-29,9290,9390,9160,9210,13959,0.0
2023-11-30,9210,9380,9140,9360,17720,0.016286644951140072
2023-12-01,9340,9440,9270,9370,8066,0.0010683760683760646
2023-12-04,9360,9380,9150,9280,5252,-0.009605122732123772
2023-12-05,9280,9490,9130,9250,5274,-0.003232758620689613
2023-12-06,9250,9400,9080,9400,9016,0.016216216216216273
2023-12-07,9390,9400,9260,9340,2402,-0.006382978723404209
2023-12-08,9270,9340,9200,9320,3197,-0.0021413276231263545
2023-12-11,9320,9330,9170,9230,4113,-0.00965665236051505
2023-12-12,9160,9290,9100,9260,16810,0.003250270855904569
2023-12-13,9260,9370,9050,9260,20867,0.0
2023-12-14,9260,9370,9220,9330,21876,0.0075593952483801186
2023-12-15,9320,9330,9090,9280,20301,-0.005359056806002127
2023-12-18,9300,9400,9160,9340,36873,0.006465517241379226
2023-12-19,9350,9400,9160,9270,29785,-0.00749464668094213
2023-12-20,9240,9440,9120,9430,14383,0.01725997842502691
2023-12-21,9400,9400,9210,9370,19656,-0.006362672322375418
2023-12-22,9370,9400,9150,9340,19444,-0.0032017075773745907
2023-12-26,9250,9320,9130,9200,17233,-0.01498929336188437
2023-12-27,9190,9210,8960,9140,15536,-0.006521739130434745
2023-12-28,9030,9340,9020,9170,67873,0.003282275711159688
2024-01-02,9250,10150,9210,9240,169106,0.007633587786259444
2024-01-03,9240,9360,9170,9240,17710,0.0
2024-01-04,9240,9250,9160,9200,12694,-0.0043290043290042934
2024-01-05,9170,9290,9160,9240,11531,0.004347826086956497
2024-01-08,9280,9490,9200,9470,21641,0.024891774891774965
2024-01-09,9470,9720,9470,9680,46191,0.022175290390707536
2024-01-10,9630,9720,9510,9550,4656,-0.013429752066115741
2024-01-11,9450,9490,9340,9340,15126,-0.021989528795811508
2024-01-12,9380,9460,9290,9330,4126,-0.0010706638115631772
2024-01-15,9380,9380,9310,9360,7915,0.003215434083601254
2024-01-16,9310,9480,9310,9470,10166,0.01175213675213671
2024-01-17,9470,9510,9380,9450,25992,-0.002111932418162654
2024-01-18,9450,9490,9410,9470,3024,0.002116402116402183
2024-01-19,9470,9900,9470,9900,31210,0.04540654699049629
2024-01-22,9950,10840,9910,10490,118533,0.05959595959595965
2024-01-23,10440,10550,10320,10460,20668,-0.0028598665395614953
2024-01-24,10460,10950,10430,10440,55867,-0.0019120458891013214
2024-01-25,10580,10880,10410,10790,30795,0.03352490421455934
2024-01-26,10720,10750,10550,10700,24968,-0.008341056533827662
2024-01-29,10700,10710,10520,10680,21229,-0.0018691588785046953
2024-01-30,10680,10840,10620,10700,13989,0.001872659176029856
2024-01-31,10630,10810,10530,10700,21653,0.0
2024-02-01,10600,10800,10410,10800,29633,0.009345794392523255
2024-02-02,10790,10830,10690,10770,15256,-0.002777777777777768
2024-02-05,10770,10830,10640,10760,13605,-0.0009285051067781103
2024-02-06,10700,10750,10530,10670,9383,-0.008364312267657992
2024-02-07,10610,11170,10610,11120,52434,0.04217432052483594
2024-02-08,11150,11280,10850,11110,30647,-0.0008992805755395628
2024-02-13,11170,11170,10650,10860,20804,-0.022502250225022502
2024-02-14,10800,11030,10620,10800,18876,-0.0055248618784530246
2024-02-15,10800,11250,10740,10900,43489,0.0092592592592593
2024-02-16,10900,11080,10700,10870,39155,-0.0027522935779816793
2024-02-19,10800,10870,10750,10850,5101,-0.0018399264029438367
2024-02-20,10820,11060,10710,10960,6483,0.010138248847926246
2024-02-21,10820,11100,10820,10950,6255,-0.0009124087591241281
2024-02-22,11010,11310,10910,11300,33745,0.03196347031963476
2024-02-23,11270,11300,10800,10840,22304,-0.04070796460176995
2024-02-26,10840,10950,10480,10530,13385,-0.02859778597785978
2024-02-27,10480,10510,9990,9990,19144,-0.05128205128205132
2024-02-28,9950,10430,9950,10210,12214,0.02202202202202197
2024-02-29,10210,10830,10210,10800,28345,0.057786483839373126
2024-03-04,10800,11280,10770,11250,35823,0.04166666666666674
2024-03-05,11130,11340,10830,10950,25699,-0.026666666666666616
2024-03-06,10850,11340,10850,11270,24663,0.029223744292237397
2024-03-07,11220,11480,11220,11460,18028,0.01685891748003554
2024-03-08,11460,11620,11370,11550,20900,0.007853403141361293
2024-03-11,11550,11630,11350,11630,11838,0.006926406926407003
2024-03-12,11600,11650,11250,11440,15396,-0.016337059329320724
2024-03-13,11430,11440,11170,11230,9516,-0.018356643356643332
2024-03-14,11220,11460,11010,11460,10175,0.02048085485307216
2024-03-15,11370,11600,11320,11470,8203,0.0008726003490402423
2024-03-18,11470,11720,11450,11550,14557,0.006974716652136115
2024-03-19,11450,11770,11400,11770,27949,0.01904761904761898
2024-03-20,11860,11930,11550,11820,22634,0.004248088360237823
2024-03-21,11810,11810,11590,11750,12195,-0.005922165820642977
2024-03-22,11850,11850,11500,11750,16675,0.0
2024-03-25,11700,11870,11690,11810,23621,0.005106382978723456
2024-03-26,11810,11910,11450,11810,42513,0.0
2024-03-27,11820,12430,11820,12240,77440,0.036409822184589435
2024-03-28,12110,12310,11980,12240,24468,0.0
2024-03-29,12210,12300,12000,12240,42799,0.0
2024-04-01,12250,12440,12240,12340,29947,0.008169934640522847
2024-04-02,12350,12770,12180,12770,87903,0.034846029173419835
2024-04-03,12770,13210,12370,12970,129545,0.01566170712607673
2024-04-04,12970,12980,12670,12700,40559,-0.020817270624518103
2024-04-05,12700,12950,12560,12700,75610,0.0
2024-04-08,12700,12770,12540,12600,29280,-0.007874015748031482
2024-04-09,12510,12750,12510,12720,50364,0.00952380952380949
2024-04-11,12720,12900,12610,12720,39471,0.0
2024-04-12,12730,12930,12650,12720,18020,0.0
2024-04-15,12510,12900,12490,12810,35205,0.007075471698113178
2024-04-16,12810,12900,12760,12820,22959,0.0007806401249024209
2024-04-17,12920,12950,12800,12810,16671,-0.0007800312012480326
2024-04-18,12880,12980,12780,12900,24239,0.007025761124121788
2024-04-19,12810,13040,12810,12950,15656,0.003875968992248069
2024-04-22,13000,13650,12700,12720,121146,-0.01776061776061777
2024-04-23,12700,13200,11820,12750,61996,0.002358490566037652
2024-04-24,12780,12930,12640,12750,37130,0.0
2024-04-25,12630,12850,12500,12750,20113,0.0
2024-04-26,12750,12890,12540,12750,39912,0.0
2024-04-29,12850,12850,12370,12700,43695,-0.0039215686274509665
2024-04-30,12680,12950,12450,12800,92781,0.007874015748031482
2024-05-02,12810,13180,12800,13000,83309,0.015625
2024-05-03,13240,13450,13000,13250,47725,0.019230769230769162
2024-05-07,13490,13570,13200,13500,49499,0.018867924528301883
2024-05-08,13500,13700,13230,13300,35149,-0.014814814814814836
2024-05-09,13390,13390,13000,13200,33795,-0.007518796992481258
2024-05-10,13200,13200,13020,13200,14111,0.0
2024-05-13,13060,13310,13030,13200,16406,0.0
2024-05-14,13200,13310,13100,13210,21017,0.0007575757575757347
2024-05-16,13210,13340,13040,13290,33647,0.006056018168054456
2024-05-17,13290,13340,13010,13130,54623,-0.012039127163280705
2024-05-20,12960,13100,12700,12790,38555,-0.025894897182025867
2024-05-21,12790,12850,11550,11550,69981,-0.09695074276778737
2024-05-22,11410,11950,11330,11570,27843,0.0017316017316018062
2024-05-23,11460,11620,11430,11560,9724,-0.0008643042350907626
2024-05-24,11540,11770,11500,11700,5979,0.01211072664359869
2024-05-27,11700,11950,11510,11620,8451,-0.006837606837606813
2024-05-28,11620,11740,11350,11350,13637,-0.023235800344234114
2024-05-29,11350,11500,11050,11100,10219,-0.022026431718061623
2024-05-30,11100,11550,10940,11410,11869,0.027927927927927865
