Date,Open,High,Low,Close,Volume,Change
2022-01-03,57028,57888,57028,57028,1710,0.010149676733681723
2022-01-04,57219,57601,55404,57028,923,0.0
2022-01-05,57028,57028,56359,56360,1516,-0.011713544223890038
2022-01-06,55977,56932,55977,56455,599,0.001685592618878573
2022-01-07,56550,56932,56359,56455,690,0.0
2022-01-10,57601,57601,55977,56360,500,-0.0016827561774864774
2022-01-11,56264,69542,55882,58652,139738,0.040667139815471876
2022-01-12,58652,59034,56741,57315,22302,-0.02279547159517148
2022-01-13,57219,57219,55404,55882,8720,-0.025002180929948548
2022-01-14,55022,56359,54449,55787,6412,-0.0017000107369099515
2022-01-17,55500,55691,54735,55213,3474,-0.010289135461666654
2022-01-18,54640,55500,54640,54927,2461,-0.005179939507000131
2022-01-19,55022,55404,54640,54736,1637,-0.003477342654796378
2022-01-20,55117,55117,54544,54831,493,0.0017356036246711781
2022-01-21,55308,55308,54544,54831,1101,0.0
2022-01-24,54449,55213,54258,54736,2896,-0.0017325965238642604
2022-01-25,54258,55213,53398,54449,2020,-0.005243349897690708
2022-01-26,53971,54258,53685,53972,740,-0.0087604914690812
2022-01-27,53876,53971,52347,52443,1708,-0.028329504187356358
2022-01-28,52443,54449,51965,52730,3825,0.005472608355738595
2022-02-03,53016,54353,53016,53685,1220,0.018111132182818235
2022-02-04,54162,54353,53111,54067,892,0.007115581633603485
2022-02-07,53971,54353,53780,54258,717,0.0035326539293838444
2022-02-08,53493,55882,53493,54831,602,0.010560654650005441
2022-02-09,54831,55404,54258,55022,463,0.0034834309058744406
2022-02-10,55022,55786,54162,54831,448,-0.0034713387372323767
2022-02-11,54640,54831,53971,54545,1091,-0.005216027429738701
2022-02-14,53589,53876,53016,53303,1275,-0.022770189751581293
2022-02-15,52538,53398,52538,53016,716,-0.005384312327636365
2022-02-16,53111,53589,53016,53494,2202,0.009016146069111164
2022-02-17,53971,53971,52538,53207,2689,-0.00536508767338395
2022-02-18,52729,53589,52729,53494,611,0.00539402710169723
2022-02-21,54735,54735,53111,53303,748,-0.003570493887164905
2022-02-22,53302,53398,52920,53016,334,-0.005384312327636365
2022-02-23,53016,53493,52634,53112,1725,0.001810774105930335
2022-02-24,53111,53111,52347,52348,699,-0.014384696490435278
2022-02-25,52443,52825,52347,52634,536,0.005463436998548232
2022-02-28,53111,54831,52347,53494,1938,0.016339248394573902
2022-03-02,53111,53876,53111,53876,647,0.00714098777432981
2022-03-03,54067,54353,53493,54354,1172,0.0088722251095108
2022-03-04,54162,54353,53685,54163,344,-0.0035140008095080333
2022-03-07,54640,54640,53589,53972,270,-0.003526392555803781
2022-03-08,53780,54067,53493,53972,612,0.0
2022-03-10,54449,54544,53876,54449,581,0.008837915956421805
2022-03-11,54258,54544,54067,54449,205,0.0
2022-03-14,54735,54735,53493,53972,415,-0.0087604914690812
2022-03-15,53971,54640,53780,54354,721,0.007077744015415499
2022-03-16,54353,54544,53685,54449,672,0.0017478014497553929
2022-03-17,54735,54735,54258,54640,681,0.0035078697496739863
2022-03-18,54640,54640,54258,54640,352,0.0
2022-03-21,54640,54735,53876,54258,1359,-0.006991215226940017
2022-03-22,54067,54449,53780,54449,710,0.0035202182166684803
2022-03-23,54640,54640,53876,54449,621,0.0
2022-03-24,54162,56741,53971,54831,3608,0.007015739499347973
2022-03-25,54831,54926,53493,54831,1451,0.0
2022-03-28,54831,55022,54449,54640,566,-0.0034834309058744406
2022-03-29,54831,55213,54162,55118,1235,0.008748169838945774
2022-03-30,55117,55213,54735,55118,686,0.0
2022-03-31,55117,55404,54449,54927,1112,-0.003465292644871054
2022-04-01,55022,55500,54640,55404,1021,0.008684253645748097
2022-04-04,55404,55691,55308,55404,565,0.0
2022-04-05,55404,55691,55213,55404,535,0.0
2022-04-06,55786,55786,55022,55404,1174,0.0
2022-04-07,55404,55404,54831,55213,1259,-0.0034474045195292957
2022-04-08,55213,56264,55213,55787,5733,0.010396102367196125
2022-04-11,55786,56359,54926,55404,1666,-0.0068653987488124235
2022-04-12,55213,55882,54449,55309,1164,-0.0017146776406035125
2022-04-13,54926,55500,54449,55309,1530,0.0
2022-04-14,56073,56168,54831,55118,976,-0.0034533258601674444
2022-04-15,55117,55404,54449,55309,1359,0.003465292644871054
2022-04-18,55500,55500,54735,55309,491,0.0
2022-04-19,54831,55500,54831,55500,559,0.0034533258601674444
2022-04-20,55500,55595,55308,55404,600,-0.0017297297297297343
2022-04-21,55404,55595,55117,55500,418,0.0017327268789257833
2022-04-22,55595,55595,55022,55500,333,0.0
2022-04-25,55500,55500,54353,54927,1175,-0.010324324324324285
2022-04-26,54926,55308,54544,55022,866,0.0017295683361553404
2022-04-27,54162,55595,54162,55404,1316,0.0069426774744647535
2022-04-28,55691,55691,55213,55596,714,0.0034654537578513445
2022-04-29,55595,55691,55404,55691,548,0.0017087560256132672
2022-05-02,55691,55882,55308,55691,385,0.0
2022-05-03,55977,55977,55213,55596,517,-0.0017058411592537626
2022-05-04,55308,55882,54831,55596,680,0.0
2022-05-06,55595,55595,54449,55404,1035,-0.003453485862292216
2022-05-09,55213,55404,53876,54449,1832,-0.017237022597646368
2022-05-10,54353,54449,53780,54163,394,-0.005252621719407102
2022-05-11,54162,54449,53780,53972,619,-0.003526392555803781
2022-05-12,53016,54449,53016,53494,1022,-0.00885644408211661
2022-05-13,53493,54544,53398,53972,319,0.008935581560548744
2022-05-16,53876,55308,53876,54258,267,0.005299043948714166
2022-05-17,55022,55022,53780,54163,303,-0.0017508938774005722
2022-05-18,54640,54640,53971,54545,580,0.007052785111607562
2022-05-19,54258,54544,53685,54067,388,-0.008763406361719683
2022-05-20,54162,54926,53780,54354,517,0.005308228679231419
2022-05-23,54353,54926,54258,54640,587,0.005261802259263426
2022-05-24,54640,54640,53876,54354,861,-0.00523426061493415
2022-05-25,54162,54926,54162,54545,449,0.0035140008095080333
2022-05-26,54544,54926,54353,54736,957,0.0035016958474654025
2022-05-27,55022,55022,54544,54831,116,0.0017356036246711781
2022-05-30,54449,55691,54449,55022,917,0.0034834309058744406
2022-05-31,54831,55404,54831,55213,517,0.0034713387372324878
2022-06-02,55213,55404,54544,55118,707,-0.001720609276800733
2022-06-03,55308,56264,54640,55213,1600,0.0017235748757211677
2022-06-07,55213,55213,54067,54354,657,-0.015557930197598435
2022-06-08,54640,54735,53111,54545,1032,0.0035140008095080333
2022-06-09,54544,54640,54258,54449,336,-0.0017600146667888783
2022-06-10,54258,54544,53493,54163,740,-0.005252621719407102
2022-06-13,52825,53971,52729,53016,935,-0.021176818123072927
2022-06-14,53016,53016,52061,52825,1282,-0.0036026859815904144
2022-06-15,53016,53016,51487,51488,1288,-0.025309985802177026
2022-06-16,51583,52347,51583,52061,268,0.0111288067122437
2022-06-17,51965,51965,51201,51297,784,-0.014675092679741097
2022-06-20,51392,51392,50437,51010,533,-0.00559486909565865
2022-06-21,50055,53111,50055,50724,453,-0.005606743775730227
2022-06-22,51774,51774,50341,50628,865,-0.001892595221197113
2022-06-23,51010,51010,50150,50628,718,0.0
2022-06-24,50150,52156,50150,51201,1792,0.01131784783123968
2022-06-27,51679,51774,51105,51583,273,0.0074607917814104585
2022-06-28,51583,51583,50723,51583,223,0.0
2022-06-29,51201,52825,50819,52061,243,0.009266618847294739
2022-06-30,51583,52156,51105,51966,361,-0.001824782466721686
2022-07-01,53207,53207,51870,51870,1395,-0.0018473617365200035
2022-07-04,51679,52347,51487,51966,254,0.0018507807981491542
2022-07-05,51965,52538,51965,52539,463,0.011026440364853896
2022-07-06,52061,52920,52061,52539,437,0.0
2022-07-07,51583,52634,51583,52634,194,0.00180818058965726
2022-07-08,52729,52729,52443,52730,110,0.001823916099859435
2022-07-11,52825,53016,52061,52921,142,0.0036222264365637358
2022-07-12,51965,52825,51965,52634,81,-0.005423177944483326
2022-07-13,52634,53207,52347,52348,590,-0.0054337500474977984
2022-07-14,52347,53016,52252,52921,373,0.010945976923664613
2022-07-15,52538,53207,52538,53112,52,0.003609153266189269
2022-07-18,54067,54067,53111,53398,400,0.005384847115529556
2022-07-19,53398,53971,53302,53876,536,0.008951646129068402
2022-07-20,53876,54162,53589,54067,1043,0.0035451778157249425
2022-07-21,54162,54353,53589,53972,323,-0.0017570791795364915
2022-07-22,53876,54162,53589,53972,843,0.0
2022-07-25,53971,54735,53016,53876,664,-0.001778700066701222
2022-07-26,54162,54162,52061,53972,189,0.0017818694780606936
2022-07-27,53971,53971,52729,53972,814,0.0
2022-07-28,53971,54162,53493,54067,203,0.0017601719410065275
2022-07-29,54162,54162,53876,54067,176,0.0
2022-08-01,54067,54162,53780,53972,357,-0.0017570791795364915
2022-08-02,53876,53876,53111,53590,117,-0.007077744015415388
2022-08-03,53876,53876,53302,53781,611,0.003564097779436448
2022-08-04,53971,54640,53589,53876,328,0.0017664230862199926
2022-08-05,53876,53876,53398,53781,1055,-0.0017633083376642489
2022-08-08,53780,53971,53493,53972,676,0.003551440099663461
2022-08-09,54162,54162,53398,53876,425,-0.001778700066701222
2022-08-10,53876,53971,53589,53876,318,0.0
2022-08-11,54162,54353,53876,54258,2876,0.007090355631450107
2022-08-12,54067,54353,53971,54354,657,0.0017693243392680191
2022-08-16,54353,54353,54162,54258,322,-0.0017661993597527514
2022-08-17,54258,54258,53685,53876,428,-0.007040436433337072
2022-08-18,53493,54544,53302,53685,269,-0.0035451778157250535
2022-08-19,53493,53971,53111,53685,430,0.0
2022-08-22,53685,53685,52538,53590,219,-0.0017695818198751878
2022-08-23,53876,53876,53016,53494,83,-0.0017913789886172538
2022-08-24,53589,53589,52634,53112,443,-0.00714098777432981
2022-08-25,53302,53780,53111,53685,372,0.01078852236782657
2022-08-26,53876,53971,53016,53685,276,0.0
2022-08-29,53302,53302,52538,52921,576,-0.014231163267206859
2022-08-30,52920,53207,52634,53207,151,0.005404281854084481
2022-08-31,53207,53398,53111,53303,352,0.0018042738737384934
2022-09-01,53876,53876,52729,53207,89,-0.0018010243325891073
2022-09-02,53111,53302,53016,53207,104,0.0
2022-09-05,53207,53207,52634,53016,242,-0.0035897532279587363
2022-09-06,53111,53111,52825,52921,106,-0.0017919118756601904
2022-09-07,53016,53016,52156,52921,416,0.0
2022-09-08,52920,52920,52825,52921,199,0.0
2022-09-13,52920,53207,52538,52921,783,0.0
2022-09-14,52538,52538,51679,52348,633,-0.010827459798567696
2022-09-15,52538,52538,51870,51966,495,-0.007297317949109816
2022-09-16,51965,51965,51201,51870,519,-0.0018473617365200035
2022-09-19,51870,51870,51201,51392,378,-0.009215346057451335
2022-09-20,51392,51583,51201,51392,951,0.0
2022-09-21,51105,51392,51105,51297,384,-0.0018485367372353956
2022-09-22,51296,51296,50532,51201,871,-0.0018714544710216607
2022-09-23,51105,51392,50437,50628,497,-0.011191187672115799
2022-09-26,50341,50723,49386,50151,1783,-0.009421663901398425
2022-09-27,49577,50341,49577,50151,2325,0.0
2022-09-28,50150,50437,49195,49482,868,-0.013339714063528185
2022-09-29,49768,51392,48813,49960,1329,0.009660078412351947
2022-09-30,51583,51583,49290,50151,186,0.0038230584467573436
2022-10-04,50150,51487,49672,50437,272,0.005702777611612975
2022-10-05,51487,51487,49959,50628,175,0.003786902472391329
2022-10-06,49864,51010,49864,50342,1175,-0.005649047957651865
2022-10-07,49864,51392,49864,50437,229,0.0018870922887450625
2022-10-11,49481,50437,48717,50151,1613,-0.005670440351329353
2022-10-12,49481,51105,49481,50915,387,0.015233993340112884
2022-10-13,51296,51296,49864,50628,412,-0.005636845723264283
2022-10-14,52061,52061,50532,50628,316,0.0
2022-10-17,50150,50723,49768,50151,410,-0.009421663901398425
2022-10-18,50150,51105,50055,50724,496,0.011425495005084718
2022-10-19,50055,51583,50055,51010,298,0.005638356596482819
2022-10-20,51487,51583,50437,51010,489,0.0
2022-10-21,50150,51679,50150,50724,709,-0.005606743775730227
2022-10-24,50723,52156,50723,51679,798,0.018827379544199996
2022-10-25,52061,53302,51774,53016,1241,0.02587124363861526
2022-10-26,53302,53685,52538,53685,988,0.01261883205070169
2022-10-27,53589,54353,53016,53781,365,0.0017882089969265547
2022-10-28,54353,54353,53111,54067,385,0.0053178631858834535
2022-10-31,54067,54640,53111,53972,335,-0.0017570791795364915
2022-11-01,53971,54353,53685,53972,202,0.0
2022-11-02,53780,54353,53685,54258,218,0.005299043948714166
2022-11-03,54162,54162,53111,54163,397,-0.0017508938774005722
2022-11-04,53589,54162,53111,53972,441,-0.003526392555803781
2022-11-07,53971,53971,51296,53112,1815,-0.015934188097532
2022-11-08,53111,54162,53111,53781,1045,0.012596023497514652
2022-11-09,54353,54353,53780,54067,1087,0.0053178631858834535
2022-11-10,53207,54449,53207,54258,161,0.0035326539293838444
2022-11-11,53971,54449,53971,54258,783,0.0
2022-11-14,54353,54449,53876,53972,740,-0.005271112094069053
2022-11-15,53589,54449,53589,54258,409,0.005299043948714166
2022-11-16,54449,54449,54162,54354,261,0.0017693243392680191
2022-11-17,54353,54640,54067,54354,367,0.0
2022-11-18,54067,54449,52634,54258,465,-0.0017661993597527514
2022-11-21,54735,54735,54162,54449,179,0.0035202182166684803
2022-11-22,54162,55213,53780,54258,595,-0.0035078697496739863
2022-11-23,53971,54544,53876,54354,281,0.0017693243392680191
2022-11-24,54162,54258,53971,54163,120,-0.0035140008095080333
2022-11-25,53876,54353,53876,54163,283,0.0
2022-11-28,54162,54353,53780,53876,514,-0.005298820227830792
2022-11-29,53685,54162,53685,54163,524,0.005327047293785636
2022-11-30,53780,54735,53780,54545,562,0.007052785111607562
2022-12-01,54544,54831,54544,54640,483,0.0017416811806765242
2022-12-02,54353,54926,54353,54736,701,0.0017569546120057566
2022-12-05,54926,54926,54449,54640,1677,-0.0017538731365097648
2022-12-06,54735,55882,54640,54736,5679,0.0017569546120057566
2022-12-07,55308,55308,54735,54736,2069,0.0
2022-12-08,54640,54926,54640,54927,493,0.003489476761180832
2022-12-09,54544,55213,54449,54831,582,-0.0017477743186411487
2022-12-12,55308,55308,54449,54927,530,0.0017508343820100691
2022-12-13,54353,55213,54353,55118,598,0.003477342654796267
2022-12-14,55117,55404,55117,55118,619,0.0
2022-12-15,54735,55404,54735,55309,557,0.003465292644871054
2022-12-16,55404,55404,55022,55022,1042,-0.005189028910303928
2022-12-19,55022,55595,54926,55118,2042,0.0017447566427974959
2022-12-20,54926,55786,54831,55118,1142,0.0
2022-12-21,54735,55404,54735,55213,618,0.0017235748757211677
2022-12-22,55022,55786,55022,55404,280,0.003459330230199509
2022-12-23,55404,55404,55022,55213,762,-0.0034474045195292957
2022-12-26,54926,55500,54831,55309,1449,0.0017387209533985537
2022-12-27,55308,55500,55213,55500,1535,0.0034533258601674444
2022-12-28,56400,56400,55000,55000,861,-0.009009009009009028
2022-12-29,54100,55000,54100,54600,545,-0.0072727272727273196
2023-01-02,54600,56500,54500,55000,294,0.0073260073260073
2023-01-03,55000,55000,53600,53600,542,-0.025454545454545507
2023-01-04,53600,53700,53300,53400,463,-0.003731343283582045
2023-01-05,53400,53600,53400,53500,257,0.001872659176029856
2023-01-06,53500,54700,53500,54100,117,0.01121495327102795
2023-01-09,54300,54800,53800,54500,558,0.007393715341959428
2023-01-10,54300,54700,53800,54400,262,-0.0018348623853210455
2023-01-11,53900,54800,53900,54200,297,-0.003676470588235281
2023-01-12,54300,54400,53400,54000,315,-0.0036900369003689537
2023-01-13,53500,54600,53400,54000,113,0.0
2023-01-16,53500,54000,53200,53800,1481,-0.0037037037037036535
2023-01-17,53600,53900,52100,52100,1776,-0.03159851301115246
2023-01-18,54400,55000,52000,52100,605,0.0
2023-01-19,53400,53400,52100,52500,420,0.007677543186180413
2023-01-20,53200,53200,52000,53000,290,0.00952380952380949
2023-01-25,53100,53800,53000,53100,192,0.0018867924528302993
2023-01-26,52800,53400,52100,52600,972,-0.00941619585687381
2023-01-27,52600,53400,52600,53300,295,0.013307984790874583
2023-01-30,53500,53500,52800,53000,176,-0.0056285178236398226
2023-01-31,52800,53300,52000,52000,1592,-0.018867924528301883
2023-02-01,52200,52800,52200,52800,214,0.01538461538461533
2023-02-02,52600,53400,52600,53200,209,0.007575757575757569
2023-02-03,52800,53300,52700,53200,190,0.0
2023-02-06,53400,53400,52600,53300,243,0.001879699248120259
2023-02-07,53300,53300,52600,52900,544,-0.007504690431519689
2023-02-08,52900,53200,52800,53000,70,0.001890359168241984
2023-02-09,52800,53200,52600,53100,169,0.0018867924528302993
2023-02-10,53600,53600,51600,52700,1571,-0.007532956685499026
2023-02-13,52600,52600,51500,52400,881,-0.005692599620493399
2023-02-14,52300,52400,51900,52300,307,-0.001908396946564861
2023-02-15,52300,52300,51800,51800,348,-0.009560229445506718
2023-02-16,51800,52300,51600,51700,298,-0.0019305019305019266
2023-02-17,51800,51800,51000,51000,1521,-0.013539651837524147
2023-02-20,52000,52400,51000,52100,276,0.021568627450980316
2023-02-21,52400,52400,51700,52200,153,0.0019193857965451588
2023-02-22,52700,52800,50600,51100,879,-0.021072796934865856
2023-02-23,51400,52400,51100,51200,201,0.001956947162426559
2023-02-24,51700,52800,51700,52500,1757,0.025390625
2023-02-27,53800,53800,52200,52900,342,0.007619047619047636
2023-02-28,53600,53700,52400,53000,145,0.001890359168241984
2023-03-02,53000,53100,51800,51800,470,-0.02264150943396226
2023-03-03,51700,52800,51500,52400,101,0.01158301158301156
2023-03-06,52300,52900,51900,52700,304,0.005725190839694694
2023-03-07,52700,52700,52600,52700,221,0.0
2023-03-08,52700,52700,52300,52500,101,-0.003795066413662229
2023-03-09,52400,52400,52000,52100,94,-0.007619047619047636
2023-03-10,52000,52000,51100,52000,240,-0.0019193857965451588
2023-03-13,51000,52000,50900,51100,345,-0.017307692307692357
2023-03-14,51300,51500,50000,50200,675,-0.017612524461839585
2023-03-15,50400,55100,50400,50700,464,0.009960159362549792
2023-03-16,50300,51800,50200,51100,134,0.007889546351084853
2023-03-17,51300,51800,50800,51500,243,0.007827788649706457
2023-03-20,52300,52300,50800,51500,157,0.0
2023-03-21,51500,51500,50300,51200,468,-0.005825242718446644
2023-03-22,51200,51400,50300,50700,158,-0.009765625
2023-03-23,50700,51000,50600,50900,110,0.0039447731755424265
2023-03-24,50900,50900,49850,50000,436,-0.017681728880157177
2023-03-27,50100,50800,49800,50300,444,0.006000000000000005
2023-03-28,50300,50500,50100,50200,453,-0.001988071570576566
2023-03-29,50200,50400,49800,49800,2100,-0.007968127490039834
2023-03-30,50700,50700,49700,49950,1066,0.003012048192771122
2023-03-31,50700,50700,49900,50100,297,0.0030030030030030463
2023-04-03,50100,50800,49800,50000,389,-0.001996007984031989
2023-04-04,50200,50300,49800,50300,2003,0.006000000000000005
2023-04-05,50300,51000,50000,50900,595,0.011928429423459175
2023-04-06,50900,52500,50900,52300,973,0.027504911591355707
2023-04-07,52200,52400,51600,52300,485,0.0
2023-04-10,52500,53300,52400,53000,1438,0.013384321223709472
2023-04-11,54000,54500,53000,54200,1564,0.02264150943396226
2023-04-12,55000,55000,54100,54800,1292,0.011070110701107083
2023-04-13,55000,55000,54500,55000,1254,0.0036496350364962904
2023-04-14,55000,55200,52800,55000,1080,0.0
2023-04-17,55000,55400,53900,54900,1493,-0.0018181818181818299
2023-04-18,55100,55100,54200,54700,77,-0.0036429872495445936
2023-04-19,54700,54700,54000,54100,588,-0.010968921389396757
2023-04-20,54100,54700,53000,54100,404,0.0
2023-04-21,54100,54500,53100,54200,500,0.001848428835489857
2023-04-24,54200,54200,53200,53500,543,-0.01291512915129156
2023-04-25,53200,54100,53200,53600,230,0.0018691588785046953
2023-04-26,53600,54100,53400,54000,741,0.00746268656716409
2023-04-27,54000,54000,53500,54000,460,0.0
2023-04-28,54000,54200,53000,54000,1599,0.0
2023-05-02,54000,54000,53100,53900,827,-0.0018518518518518823
2023-05-03,53200,54100,52900,53800,1272,-0.0018552875695733162
2023-05-04,53700,54300,53200,54200,788,0.0074349442379182396
2023-05-08,54300,54500,53700,54300,279,0.0018450184501845879
2023-05-09,54400,54400,53800,54100,225,-0.0036832412523020164
2023-05-10,54200,54200,53300,54100,295,0.0
2023-05-11,54300,54300,53800,54000,46,-0.001848428835489857
2023-05-12,54200,54200,53600,53900,144,-0.0018518518518518823
2023-05-15,53900,54700,53200,53900,764,0.0
2023-05-16,54000,55000,53300,53800,89,-0.0018552875695733162
2023-05-17,54100,54200,53700,54000,882,0.0037174721189590088
2023-05-18,54700,54700,53700,54100,535,0.0018518518518517713
2023-05-19,54300,54300,53800,54200,129,0.001848428835489857
2023-05-22,55000,55000,54000,54100,1246,-0.0018450184501844769
2023-05-23,54800,55300,54600,55100,1636,0.01848428835489835
2023-05-24,55100,55300,54000,54600,577,-0.00907441016333943
2023-05-25,54900,55000,54100,54600,330,0.0
2023-05-26,54300,54800,54200,54700,803,0.001831501831501825
2023-05-30,55100,55100,52400,54800,1463,0.001828153564899404
2023-05-31,54700,54800,54000,54800,408,0.0
2023-06-01,54700,55400,54700,55300,1065,0.009124087591240837
2023-06-02,55300,55800,55300,55500,689,0.003616636528029016
2023-06-05,55800,55800,55300,55700,406,0.003603603603603567
2023-06-07,55900,55900,55000,55600,3251,-0.0017953321364452268
2023-06-08,55600,55800,52900,55200,741,-0.007194244604316502
2023-06-09,55200,55500,54000,55000,696,-0.0036231884057971175
2023-06-12,55000,55200,54500,54900,703,-0.0018181818181818299
2023-06-13,55200,55500,54800,55300,780,0.007285974499089187
2023-06-14,55300,55300,54000,54600,907,-0.012658227848101222
2023-06-15,54800,54800,54200,54500,118,-0.001831501831501825
2023-06-16,54000,54800,54000,54100,1019,-0.007339449541284404
2023-06-19,54000,55000,54000,54200,636,0.001848428835489857
2023-06-20,54100,54800,54100,54700,907,0.009225092250922495
2023-06-21,54000,54800,54000,54700,234,0.0
2023-06-22,55000,55000,54000,54500,553,-0.003656307129798919
2023-06-23,54500,55100,54100,54300,189,-0.003669724770642202
2023-06-26,54000,55000,53900,54500,143,0.0036832412523020164
2023-06-27,54500,54500,54200,54400,73,-0.0018348623853210455
2023-06-28,54700,54700,54300,54500,130,0.0018382352941177516
2023-06-29,54500,54500,53600,54100,553,-0.007339449541284404
2023-06-30,54100,56600,53500,54900,5040,0.014787430683918634
2023-07-03,55100,55500,54200,55000,817,0.0018214936247722413
2023-07-04,55100,55200,54000,54500,881,-0.009090909090909038
2023-07-05,54600,54900,54200,54700,171,0.003669724770642091
2023-07-06,54600,54600,53700,54100,357,-0.010968921389396757
2023-07-07,53700,54100,53100,54000,2354,-0.001848428835489857
2023-07-10,54100,54100,53500,53800,334,-0.0037037037037036535
2023-07-11,54100,54800,53500,54300,758,0.009293680297397744
2023-07-12,54500,54800,54000,54700,829,0.007366482504604033
2023-07-13,54800,54900,53900,54700,943,0.0
2023-07-14,54000,54800,54000,54300,422,-0.007312614259597838
2023-07-17,54300,54800,53500,54100,884,-0.0036832412523020164
2023-07-18,54400,54400,53200,54000,3508,-0.001848428835489857
2023-07-19,53500,55000,53300,54600,1894,0.011111111111111072
2023-07-20,54500,55100,54000,54900,1330,0.005494505494505475
2023-07-21,55000,58700,55000,57000,18193,0.03825136612021862
2023-07-24,57900,57900,56200,56900,2939,-0.0017543859649122862
2023-07-25,56900,56900,55200,55400,1715,-0.026362038664323406
2023-07-26,55400,56200,54600,55000,5203,-0.0072202166064981865
2023-07-27,54500,57700,54500,57400,5664,0.043636363636363695
2023-07-28,57400,58500,56100,58300,3513,0.015679442508710784
2023-07-31,58000,59700,58000,59700,4138,0.02401372212692965
2023-08-01,60000,61100,60000,60900,4371,0.0201005025125629
2023-08-02,60900,61400,59600,60100,2700,-0.013136288998357948
2023-08-03,60800,62800,60100,61000,10453,0.014975041597337757
2023-08-04,60800,61700,59800,61100,5381,0.0016393442622950616
2023-08-07,61400,62700,60900,61500,2319,0.00654664484451728
2023-08-08,61500,63600,61500,62800,8283,0.021138211382113914
2023-08-09,62900,65000,62800,63800,9093,0.015923566878981
2023-08-10,63800,64000,62100,63000,1300,-0.01253918495297801
2023-08-11,63500,63500,62100,62700,1952,-0.004761904761904745
2023-08-14,62800,63000,61700,62200,2566,-0.00797448165869219
2023-08-16,61600,62300,61100,61500,3764,-0.0112540192926045
2023-08-17,61500,62700,60000,60000,4579,-0.024390243902439046
2023-08-18,60200,61300,59500,60400,1343,0.006666666666666599
2023-08-21,61300,61900,60400,61500,1601,0.01821192052980125
2023-08-22,61900,61900,60500,61500,1024,0.0
2023-08-23,61500,63400,61400,62900,5063,0.02276422764227637
2023-08-24,60800,63200,60800,62800,3287,-0.0015898251192368873
2023-08-25,62800,62900,61600,62800,767,0.0
2023-08-28,63000,63200,60700,61400,3688,-0.022292993630573243
2023-08-29,61000,61800,60800,61600,874,0.0032573289902280145
2023-08-30,61600,62400,61100,61300,1633,-0.004870129870129913
2023-08-31,62500,64000,61600,61900,3134,0.00978792822185981
2023-09-01,62000,62100,61100,61500,1405,-0.00646203554119551
2023-09-04,62300,62300,60800,61500,762,0.0
2023-09-05,61500,61800,61000,61300,408,-0.003252032520325243
2023-09-06,61500,61500,60700,61500,509,0.0032626427406199365
2023-09-07,61500,61600,61000,61500,449,0.0
2023-09-08,61600,62200,61500,61900,2164,0.006504065040650486
2023-09-11,61900,65200,61700,65000,15328,0.050080775444264924
2023-09-12,65100,66800,64500,64500,10930,-0.007692307692307665
2023-09-13,65300,65300,62700,63900,1759,-0.009302325581395321
2023-09-14,64000,64800,63500,63800,1983,-0.0015649452269170805
2023-09-15,64500,64900,63900,64100,1055,0.004702194357366851
2023-09-18,64900,65300,64100,64800,6594,0.010920436817472678
2023-09-19,65800,66400,64900,66200,4717,0.021604938271605034
2023-09-20,66500,67100,62700,64300,2692,-0.028700906344410915
2023-09-21,66600,66600,62000,63300,1782,-0.015552099533437058
2023-09-22,63200,63200,62300,62300,1600,-0.01579778830963663
2023-09-25,63200,63400,62600,63100,949,0.01284109149277679
2023-09-26,63200,63400,62700,63200,2534,0.0015847860538826808
2023-09-27,63300,65200,63000,64000,5292,0.012658227848101333
2023-10-04,67300,72100,64500,65500,32462,0.0234375
2023-10-05,65400,66800,63900,63900,5867,-0.02442748091603053
2023-10-06,64000,66600,63100,65800,6634,0.029733959311424085
2023-10-10,66000,68000,65900,66600,2230,0.012158054711246091
2023-10-11,66600,67900,65400,67600,3171,0.01501501501501501
2023-10-12,67700,68000,67100,67800,5362,0.002958579881656709
2023-10-13,71000,73400,64000,66800,14949,-0.014749262536873142
2023-10-16,66800,67000,64000,65000,1899,-0.026946107784431184
2023-10-17,68000,68000,64500,65000,1232,0.0
2023-10-18,63000,63000,58900,58900,12837,-0.0938461538461538
2023-10-19,58900,60700,57800,58500,3253,-0.006791171477079749
2023-10-20,57900,61200,57500,59200,2311,0.011965811965811923
2023-10-23,59300,59300,58100,58500,1866,-0.011824324324324342
2023-10-24,61200,61200,53900,56300,3778,-0.037606837606837584
2023-10-25,57200,57200,55600,56200,1139,-0.001776198934280604
2023-10-26,55700,56400,54100,55000,1804,-0.02135231316725983
2023-10-27,55400,57400,53900,54900,1356,-0.0018181818181818299
2023-10-30,54900,57000,54000,55000,1230,0.0018214936247722413
2023-10-31,55400,56700,55000,55100,690,0.0018181818181817189
2023-11-01,57700,57700,54900,55200,1087,0.001814882032667775
2023-11-02,56000,57200,55600,56100,729,0.016304347826086918
2023-11-03,56500,57400,56500,57000,241,0.016042780748663166
2023-11-06,58800,59300,57000,59300,1977,0.04035087719298236
2023-11-07,59300,59500,58200,58800,1383,-0.00843170320404718
2023-11-08,58800,59700,58800,59500,1457,0.011904761904761862
2023-11-09,60000,60300,58600,59200,496,-0.005042016806722671
2023-11-10,59500,59500,58000,58500,510,-0.011824324324324342
2023-11-13,58500,59300,56000,57200,1013,-0.022222222222222254
2023-11-14,58600,58600,57500,58200,425,0.0174825174825175
2023-11-15,58600,58800,58000,58700,539,0.00859106529209619
2023-11-16,58700,58700,57700,58500,339,-0.0034071550255536653
2023-11-17,58500,58500,57300,58000,1241,-0.008547008547008517
2023-11-20,58000,58900,57900,58800,1132,0.01379310344827589
2023-11-21,59000,59200,58600,58800,1101,0.0
2023-11-22,58700,58800,58100,58400,269,-0.006802721088435382
2023-11-23,58700,58800,58100,58600,309,0.003424657534246478
2023-11-24,58400,61200,57900,58400,1205,-0.0034129692832765013
2023-11-27,58600,58800,57700,58400,1070,0.0
2023-11-28,58300,58900,58000,58500,403,0.001712328767123239
2023-11-29,58500,59200,58000,58900,338,0.006837606837606813
2023-11-30,59100,59800,58400,59100,851,0.00339558573853993
2023-12-01,59100,59800,58500,59400,517,0.0050761421319796
2023-12-04,59400,60100,58600,59300,1997,-0.0016835016835017313
2023-12-05,59300,61700,59100,61200,2676,0.03204047217537953
2023-12-06,61600,61700,60000,61700,1467,0.008169934640522847
2023-12-07,61000,63200,61000,63000,2560,0.021069692058346856
2023-12-08,63000,63600,61100,62600,2404,-0.006349206349206327
2023-12-11,63900,63900,61900,62700,1315,0.0015974440894568342
2023-12-12,62200,63200,62200,62800,1277,0.0015948963317384823
2023-12-13,62800,63500,62000,62600,889,-0.0031847133757961776
2023-12-14,62700,63000,62700,62700,698,0.0015974440894568342
2023-12-15,62700,63000,62300,63000,442,0.004784688995215225
2023-12-18,63100,63300,62700,63000,321,0.0
2023-12-19,63100,64000,62600,63400,765,0.006349206349206327
2023-12-20,63400,63800,63400,63600,958,0.003154574132492094
2023-12-21,63600,63900,62700,63500,1695,-0.0015723270440252124
2023-12-22,63500,65200,63500,64500,3326,0.015748031496062964
2023-12-26,65000,66300,65000,65200,3856,0.010852713178294504
2023-12-27,62700,62800,62000,62700,1633,-0.03834355828220859
2023-12-28,63200,63900,62000,63500,858,0.012759170653907415
2024-01-02,62900,63000,61600,62700,948,-0.012598425196850394
2024-01-03,63300,63400,61600,62800,1837,0.0015948963317384823
2024-01-04,63800,63800,61000,61600,1731,-0.019108280254777066
2024-01-05,61600,62800,60500,61000,928,-0.009740259740259716
2024-01-08,61100,61700,59000,61100,944,0.0016393442622950616
2024-01-09,61100,61400,60400,61100,458,0.0
2024-01-10,60900,60900,60000,60600,676,-0.008183306055646433
2024-01-11,60200,60600,59700,60500,2166,-0.0016501650165016146
2024-01-12,60500,61000,59800,60000,1189,-0.008264462809917328
2024-01-15,60000,60800,59300,59500,1180,-0.008333333333333304
2024-01-16,60000,60100,58500,59500,889,0.0
2024-01-17,60000,60000,57800,57800,1624,-0.02857142857142858
2024-01-18,57900,57900,56700,57000,1771,-0.01384083044982698
2024-01-19,58000,58300,57200,57500,2036,0.00877192982456143
2024-01-22,58900,58900,57400,57800,1116,0.00521739130434784
2024-01-23,58400,58400,57800,58200,404,0.006920415224913601
2024-01-24,58200,58400,57000,57500,1414,-0.012027491408934665
2024-01-25,57500,57500,57200,57300,967,-0.003478260869565264
2024-01-26,57800,57800,57400,57700,1014,0.00698080279232105
2024-01-29,58200,58200,57500,57800,970,0.0017331022530329143
2024-01-30,58200,58500,58000,58000,702,0.0034602076124568004
2024-01-31,58000,58000,57000,58000,1604,0.0
2024-02-01,58000,58000,56000,57400,2878,-0.010344827586206917
2024-02-02,57800,57800,57000,57600,1487,0.0034843205574912606
2024-02-05,57600,57700,57400,57400,561,-0.00347222222222221
2024-02-06,57500,57800,57300,57500,314,0.0017421602787457413
2024-02-07,57500,59000,57500,58500,578,0.017391304347825987
2024-02-08,59200,59200,58200,58500,932,0.0
2024-02-13,58500,59300,58500,59200,1543,0.011965811965811923
2024-02-14,59200,59200,57800,58800,1323,-0.006756756756756799
2024-02-15,59300,59300,58600,58800,170,0.0
2024-02-16,59200,59200,58700,59000,254,0.00340136054421758
2024-02-19,59000,59100,58700,59100,2010,0.0016949152542373724
2024-02-20,59200,60000,59100,59800,2679,0.011844331641285955
2024-02-21,59800,60500,59800,59900,2180,0.0016722408026756952
2024-02-22,60100,60100,59400,59800,1473,-0.0016694490818029983
2024-02-23,60600,61300,58100,60100,5198,0.0050167224080268635
2024-02-26,60100,61300,60100,61300,4989,0.019966722129783676
2024-02-27,61600,61600,60500,60800,2592,-0.00815660685154973
2024-02-28,60500,60500,60000,60300,2229,-0.008223684210526327
2024-02-29,60800,60800,60200,60500,526,0.0033167495854062867
2024-03-04,60500,61200,59800,60500,805,0.0
2024-03-05,60500,61300,60300,61100,1859,0.009917355371900749
2024-03-06,61000,61600,60700,61400,2267,0.004909983633387904
2024-03-07,61800,62700,61100,61400,1665,0.0
2024-03-08,63100,63100,61300,62800,3941,0.0228013029315961
2024-03-11,64000,66400,63700,64700,10862,0.030254777070063632
2024-03-12,64700,65700,64000,64500,3714,-0.0030911901081916993
2024-03-13,64700,66000,64500,65200,7396,0.010852713178294504
2024-03-14,65200,65500,64400,65000,968,-0.0030674846625766694
2024-03-15,65000,65800,63200,63400,1952,-0.024615384615384595
2024-03-18,64200,64400,63000,63600,3988,0.003154574132492094
2024-03-19,63600,64800,63100,64000,3378,0.0062893081761006275
2024-03-20,64700,65000,63300,64100,3556,0.0015624999999999112
2024-03-21,64700,67000,63600,64700,6299,0.009360374414976613
2024-03-22,64800,65600,64700,64900,2917,0.0030911901081915882
2024-03-25,64900,66200,64900,66200,4849,0.02003081664098616
2024-03-26,66100,66500,63500,66200,4959,0.0
2024-03-27,63100,65400,63100,65400,6184,-0.012084592145015116
2024-03-28,65600,65900,65200,65400,1417,0.0
2024-03-29,65400,65600,64700,64900,1143,-0.007645259938837912
2024-04-01,65000,67500,65000,67300,10995,0.036979969183358996
2024-04-02,67400,67400,65500,65700,1693,-0.02377414561664193
2024-04-03,65000,65500,63800,64000,2323,-0.025875190258751957
2024-04-04,65700,65700,64000,64500,971,0.0078125
2024-04-05,64600,64600,63200,63800,1085,-0.010852713178294615
2024-04-08,63800,63800,61000,62500,5088,-0.020376175548589393
2024-04-09,62900,63000,61400,62300,2847,-0.0031999999999999806
2024-04-11,62300,62300,60600,61800,1440,-0.008025682182985605
2024-04-12,61900,62900,61300,62600,829,0.012944983818770295
2024-04-15,62800,62800,60500,60800,2243,-0.028753993610223683
2024-04-16,60700,61000,59700,60700,1541,-0.00164473684210531
2024-04-17,61800,61900,60400,60700,513,0.0
2024-04-18,61900,61900,60500,60800,973,0.0016474464579900872
2024-04-19,61300,61300,59500,60700,2858,-0.00164473684210531
2024-04-22,61900,62200,60900,61100,1351,0.006589785831960571
2024-04-23,61700,62400,61400,62100,981,0.016366612111292866
2024-04-24,62500,62700,61800,62400,641,0.004830917874396157
2024-04-25,62400,62500,61400,61900,400,-0.008012820512820484
2024-04-26,62000,62000,61200,61600,381,-0.004846526655896577
2024-04-29,61900,62100,60400,61800,1580,0.0032467532467532756
2024-04-30,62000,62200,61500,61500,464,-0.004854368932038833
2024-05-02,61600,61800,61500,61600,901,0.001626016260162677
2024-05-03,61600,62100,61600,62100,558,0.008116883116883189
2024-05-07,62300,62500,61700,62200,609,0.0016103059581320522
2024-05-08,62200,62700,61900,62000,773,-0.003215434083601254
2024-05-09,62000,62400,61200,61700,294,-0.004838709677419395
2024-05-10,62400,62400,61200,61900,1674,0.0032414910858995505
2024-05-13,61600,62100,61200,61700,704,-0.003231017770597755
2024-05-14,61800,61900,61300,61700,610,0.0
2024-05-16,62000,62900,61700,62700,1821,0.01620745542949753
2024-05-17,62900,64400,60900,64300,12137,0.02551834130781505
2024-05-20,64300,64300,63300,63800,1118,-0.007776049766718529
2024-05-21,63800,64200,63200,64200,831,0.006269592476489061
2024-05-22,64200,64700,61000,62100,2543,-0.032710280373831724
2024-05-23,62100,62800,61900,62500,806,0.006441223832528209
2024-05-24,63000,63000,61500,62000,1049,-0.008000000000000007
2024-05-27,62100,62100,61100,61600,1850,-0.006451612903225823
2024-05-28,61700,61900,61300,61600,920,0.0
2024-05-29,61600,61900,61400,61400,751,-0.0032467532467532756
2024-05-30,61900,61900,61000,61200,1671,-0.0032573289902280145
2024-05-31,61000,61600,60900,60900,1534,-0.004901960784313708
2024-06-03,60900,69900,60900,63800,51384,0.04761904761904767
2024-06-04,65000,66000,63400,65400,9557,0.02507836990595602
2024-06-05,65700,66700,64100,65500,6956,0.001529051987767538
2024-06-07,65500,68900,65100,67400,7653,0.02900763358778624
2024-06-10,67400,67900,65700,66400,5839,-0.014836795252225476
2024-06-11,66400,66700,65000,65300,2446,-0.016566265060240948
2024-06-12,65300,65600,64500,65300,917,0.0
2024-06-13,65300,65900,64600,65600,1011,0.004594180704440953
2024-06-14,65600,65700,64500,65200,1166,-0.0060975609756097615
2024-06-17,65700,65700,64500,65400,1109,0.0030674846625766694
2024-06-18,65000,65400,64500,65000,559,-0.006116207951070374
2024-06-19,65000,65700,64400,65200,545,0.003076923076922977
2024-06-20,65800,66400,64500,66300,2712,0.016871165644171793
2024-06-21,66300,69300,65100,66000,8348,-0.004524886877828038
2024-06-24,66400,67400,65800,66400,3776,0.0060606060606061
2024-06-25,66800,67300,66000,67200,1479,0.012048192771084265
2024-06-26,67200,68000,66600,67900,4798,0.01041666666666674
2024-06-27,67900,68000,67100,67500,1965,-0.00589101620029453
2024-06-28,67900,68500,66500,68500,1689,0.014814814814814836
2024-07-01,68700,69500,68000,69000,6145,0.007299270072992803
2024-07-02,69400,69400,66100,66700,3365,-0.033333333333333326
2024-07-03,67000,67200,65600,66700,5094,0.0
2024-07-04,66900,67400,66600,67000,1603,0.004497751124437732
2024-07-05,67000,72600,67000,69400,42031,0.035820895522387985
2024-07-08,70400,71700,69500,70400,15254,0.014409221902017322
2024-07-09,70700,70900,70100,70800,6469,0.005681818181818121
2024-07-10,70800,71600,70200,71300,7831,0.007062146892655274
2024-07-11,71300,71600,70600,70800,4216,-0.007012622720897643
2024-07-12,70800,75200,70800,74200,23517,0.04802259887005644
2024-07-15,75200,75300,73900,74800,9502,0.008086253369272267
2024-07-16,75000,77800,74900,76300,18305,0.020053475935828846
2024-07-17,77200,78300,75300,75500,10280,-0.010484927916120546
2024-07-18,76800,77700,74500,75600,6990,0.0013245033112583293
2024-07-19,76000,76400,74000,74200,4004,-0.01851851851851849
2024-07-22,74900,75300,73700,74900,3375,0.009433962264151052
2024-07-23,75000,75800,74400,74800,3896,-0.001335113484646211
2024-07-24,74800,75300,74000,75300,2155,0.006684491978609541
2024-07-25,75200,76900,74300,75000,6624,-0.003984063745019917
2024-07-26,75100,76400,75000,75600,2303,0.008000000000000007
2024-07-29,75600,76500,74500,76200,2354,0.007936507936507908
2024-07-30,76800,76900,75200,76500,3196,0.003937007874015741
2024-07-31,76900,77100,72000,73900,6093,-0.033986928104575154
2024-08-01,73000,74900,73000,73500,1485,-0.005412719891745632
2024-08-02,73500,73500,71200,71700,4115,-0.024489795918367308
2024-08-05,69000,71000,65100,65100,6897,-0.09205020920502094
2024-08-06,66200,71000,66200,69700,5640,0.07066052227342556
2024-08-07,70900,72400,70200,71900,4826,0.031563845050215145
2024-08-08,72000,72500,71200,71900,2396,0.0
2024-08-09,72800,73500,72500,73200,1692,0.018080667593880495
2024-08-12,73500,74500,71700,73300,5316,0.001366120218579292
2024-08-13,74400,74400,71000,72700,5106,-0.008185538881309684
2024-08-14,72700,77000,71500,74800,6563,0.028885832187070193
2024-08-16,74900,79200,72700,78900,16165,0.05481283422459904
2024-08-19,79000,80900,77600,79800,13814,0.011406844106463865
2024-08-20,80300,80500,77100,79000,10642,-0.010025062656641603
2024-08-21,102500,102700,84200,96600,769270,0.22278481012658236
2024-08-22,93200,125400,88600,107900,1023491,0.11697722567287783
2024-08-23,105500,129000,104200,111600,981124,0.03429101019462455
2024-08-26,123000,123000,113600,118700,81026,0.06362007168458783
2024-08-27,117100,121200,117000,121200,58583,0.021061499578769904
2024-08-28,123500,157500,123000,148000,160113,0.22112211221122102
2024-08-29,152000,161700,144000,147000,109449,-0.006756756756756799
2024-08-30,140100,151500,137300,148000,67174,0.006802721088435382
2024-09-02,156000,160100,148200,160100,56570,0.08175675675675675
2024-09-03,153000,202000,151100,188100,521058,0.17489069331667717
2024-09-04,188500,207000,183500,188400,328709,0.0015948963317384823
2024-09-05,200000,200000,160300,166500,445895,-0.11624203821656054
2024-09-06,160400,182500,148700,177900,605666,0.06846846846846844
2024-09-09,174900,184900,170100,174200,264940,-0.02079820123664977
2024-09-10,180800,182400,157100,163600,307057,-0.06084959816303104
2024-09-11,163600,167000,142900,144400,391127,-0.11735941320293397
2024-09-12,147100,147200,137800,143100,271034,-0.009002770083102463
2024-09-13,144700,147000,136000,138200,186505,-0.03424178895877006
2024-09-19,138500,143400,130700,142900,214305,0.0340086830680173
2024-09-20,142900,175000,141900,157600,725570,0.10286913925822261
2024-09-23,159500,161400,147500,152500,224603,-0.032360406091370586
2024-09-24,151900,157200,146000,152000,287229,-0.003278688524590123
2024-09-25,151900,156000,141300,141300,161613,-0.07039473684210529
2024-09-26,142000,152000,140000,147300,149580,0.0424628450106157
2024-09-27,146600,155300,142500,148300,167364,0.006788866259334725
2024-09-30,149300,151000,142500,142700,92006,-0.03776129467296019
2024-10-02,138500,140800,135000,137800,69692,-0.034337771548703544
2024-10-04,139000,148000,137800,144000,121436,0.044992743105950694
2024-10-07,148000,149600,143100,144400,48276,0.002777777777777768
2024-10-08,142500,146300,141900,143900,47199,-0.003462603878116366
2024-10-10,145500,150600,142500,147700,166215,0.026407227241139752
2024-10-11,143800,148300,140800,145100,131324,-0.01760324983073802
2024-10-14,146000,146800,142300,142400,53246,-0.01860785665058584
2024-10-15,142500,147700,142000,144000,87346,0.011235955056179803
2024-10-16,144500,145600,139000,139900,56706,-0.028472222222222232
2024-10-17,138900,140900,136000,136000,48345,-0.027877055039313814
2024-10-18,134500,138500,134500,135400,31861,-0.004411764705882337
2024-10-21,136100,140900,133500,137100,53790,0.01255539143279183
2024-10-22,136500,136900,131700,131900,36851,-0.03792851932895691
2024-10-23,131700,133600,125200,127300,44566,-0.03487490523123582
2024-10-24,127300,133400,126700,129200,38958,0.014925373134328401
2024-10-25,130700,137500,126500,133800,54224,0.035603715170278605
2024-10-28,135100,150000,134000,142500,125362,0.06502242152466375
2024-10-29,145100,146600,134700,135300,71932,-0.05052631578947364
2024-10-30,134000,136500,128900,130000,58789,-0.03917220990391723
2024-10-31,130000,130200,125000,126800,46125,-0.024615384615384595
2024-11-01,125000,126700,122000,122000,36264,-0.03785488958990535
2024-11-04,121000,128500,120500,128200,37931,0.050819672131147575
2024-11-05,128600,128700,123800,124000,25108,-0.032761310452418146
2024-11-06,124200,127500,122000,124700,40250,0.005645161290322553
2024-11-07,125000,125800,118100,119100,36274,-0.04490777866880513
2024-11-08,119100,124400,119100,120300,32399,0.010075566750629816
2024-11-11,120300,121200,118100,119700,35768,-0.004987531172069848
2024-11-12,118600,123500,114800,115600,43997,-0.0342522974101922
2024-11-13,114500,117800,110800,111000,33169,-0.03979238754325265
2024-11-14,111000,112800,108800,108800,29950,-0.01981981981981984
2024-11-15,107500,109300,105900,108800,29771,0.0
2024-11-18,112600,117000,110400,110700,40150,0.01746323529411775
2024-11-19,110700,116900,108100,108800,21775,-0.017163504968383037
2024-11-20,110000,111800,107100,108100,24842,-0.006433823529411797
2024-11-21,107700,109000,101900,106000,31934,-0.01942645698427381
2024-11-22,107200,107700,103000,104000,24791,-0.018867924528301883
2024-11-25,104200,109300,104000,108300,28225,0.04134615384615392
2024-11-26,108900,109800,103500,103700,20446,-0.04247460757156052
2024-11-27,103800,106000,103000,104500,16491,0.0077145612343298975
2024-11-28,104700,109800,104100,107700,23355,0.030622009569377884
2024-11-29,109000,109200,103900,104300,16467,-0.03156917363045497
2024-12-02,104800,107800,104000,105200,22079,0.008628954937679678
2024-12-03,106200,109000,106200,108300,20472,0.02946768060836491
2024-12-04,106000,107500,102700,105700,25978,-0.024007386888273308
2024-12-05,106000,106000,104000,104700,14267,-0.009460737937559083
2024-12-06,103700,104600,100300,102900,30849,-0.017191977077363862
2024-12-09,100000,101100,95200,95200,56523,-0.07482993197278909
2024-12-10,95200,105200,95200,105200,32874,0.10504201680672276
2024-12-11,105200,107100,103900,107100,18420,0.018060836501901045
2024-12-12,108000,109400,105200,105500,23500,-0.014939309056956063
2024-12-13,105900,110400,105000,108500,14735,0.028436018957346043
2024-12-16,111000,111100,106200,107400,11731,-0.010138248847926246
2024-12-17,106900,106900,100100,102300,21489,-0.04748603351955305
2024-12-18,102400,108000,101200,105100,17679,0.027370478983382185
2024-12-19,102100,103700,100800,102000,9668,-0.02949571836346332
2024-12-20,101900,102700,99500,99800,11588,-0.021568627450980427
2024-12-23,98800,105500,98800,104100,15899,0.043086172344689366
2024-12-24,105000,105000,102000,102800,6737,-0.012487992315081686
2024-12-26,103400,104500,99700,100500,16686,-0.02237354085603116
2024-12-27,100000,100500,96500,97900,19952,-0.025870646766169125
2024-12-30,97800,106800,97600,103900,25193,0.06128702757916238
2025-01-02,113600,115000,105200,106100,29900,0.02117420596727615
2025-01-03,106100,108100,104600,107000,11504,0.008482563619227168
2025-01-06,107400,107800,105600,106500,11996,-0.004672897196261627
2025-01-07,106000,109200,105900,108200,18737,0.015962441314554043
2025-01-08,110200,129400,110200,122200,168825,0.12939001848428844
2025-01-09,123600,124500,120500,121200,31755,-0.008183306055646433
2025-01-10,120100,124500,119000,121200,41873,0.0
2025-01-13,121100,124800,119800,123200,29439,0.01650165016501659
2025-01-14,123300,123300,116600,117200,25716,-0.04870129870129869
2025-01-15,117300,119500,116700,117600,15164,0.0034129692832765013
2025-01-16,118000,123300,118000,122000,32943,0.03741496598639449
2025-01-17,122200,123300,119600,120800,13169,-0.00983606557377048
2025-01-20,121700,121700,117500,118000,12125,-0.023178807947019875
2025-01-21,117100,120700,117100,118500,10640,0.004237288135593209
2025-01-22,119900,121300,116200,116800,12725,-0.014345991561181437
2025-01-23,116100,117500,112400,114500,12405,-0.019691780821917804
2025-01-24,114900,117400,114900,116800,9457,0.02008733624454151
2025-01-31,117500,119900,115100,116200,8588,-0.005136986301369828
2025-02-03,113000,115200,110500,110500,12461,-0.04905335628227192
2025-02-04,112800,115500,112000,114200,13945,0.033484162895927705
2025-02-05,114200,122900,113100,121300,37905,0.06217162872154125
2025-02-06,122000,123600,120300,123600,18261,0.018961253091508645
2025-02-07,123600,126300,121900,122700,10853,-0.007281553398058249
2025-02-10,122900,123000,119900,121100,14854,-0.013039934800325947
2025-02-11,121500,123300,120200,120600,9446,-0.004128819157720898
2025-02-12,122800,122800,112600,113200,18813,-0.06135986733001664
2025-02-13,113300,114500,110900,111700,17340,-0.013250883392226132
2025-02-14,111800,117200,111600,112000,8236,0.0026857654431513556
2025-02-17,112200,112800,110700,111200,9614,-0.0071428571428571175
2025-02-18,111500,111500,109200,110400,11715,-0.007194244604316502
2025-02-19,110500,110800,109400,109700,8718,-0.0063405797101449
2025-02-20,110000,112500,107800,108500,12349,-0.010938924339106704
2025-02-21,107800,109700,107800,109100,4388,0.0055299539170508005
2025-02-24,109600,109700,107300,108000,6596,-0.010082493125572856
2025-02-25,107000,110800,106300,108800,8300,0.007407407407407307
2025-02-26,108800,111000,108300,110900,7839,0.01930147058823528
2025-02-27,110900,113500,110300,112400,11101,0.01352569882777277
2025-02-28,112400,113100,107900,109000,12529,-0.030249110320284656
2025-03-04,109000,117900,106000,113300,32183,0.03944954128440359
2025-03-05,112300,114500,112300,112900,7615,-0.003530450132391838
2025-03-06,113900,113900,109000,109100,9139,-0.033658104517271914
2025-03-07,108000,108000,104000,105700,18884,-0.031164069660861604
2025-03-10,104500,106800,103100,105500,7625,-0.0018921475875117721
2025-03-11,101300,106800,101300,106000,7451,0.004739336492890933
2025-03-12,107200,107400,105400,105600,2835,-0.0037735849056603765
2025-03-13,105800,107700,105100,106100,5402,0.004734848484848397
2025-03-14,105300,109600,105300,109500,7462,0.03204524033930256
2025-03-17,109800,111500,109000,110800,10628,0.01187214611872145
2025-03-18,110800,112000,110400,111000,5339,0.0018050541516245744
2025-03-19,110000,112700,110000,112000,6781,0.009009009009008917
2025-03-20,112100,119100,110000,112900,39621,0.008035714285714368
2025-03-21,112900,113600,107500,108300,13614,-0.04074402125775023
2025-03-24,108300,109400,106700,106700,5251,-0.014773776546629702
2025-03-25,108500,116800,106500,112800,33861,0.057169634489222076
2025-03-26,115000,115800,109100,110000,9174,-0.024822695035460973
2025-03-27,110000,110700,106600,107300,6694,-0.024545454545454537
2025-03-28,108100,109000,102200,103900,9996,-0.03168685927306614
2025-03-31,102000,102500,99400,99900,8386,-0.038498556304138565
2025-04-01,99900,101400,99800,99800,6620,-0.0010010010010009784
2025-04-02,100100,101500,98100,98200,9130,-0.01603206412825653
2025-04-03,97000,100000,95100,98000,9193,-0.0020366598778004397
2025-04-04,97000,100500,96000,98000,8531,0.0
2025-04-07,96000,96000,91600,91600,12558,-0.0653061224489796
2025-04-08,92500,97500,92500,94500,8260,0.031659388646288145
2025-04-09,93500,95000,91600,92500,7133,-0.021164021164021163
2025-04-10,96700,99500,95200,98900,7051,0.06918918918918915
2025-04-11,97000,100800,97000,99700,5218,0.008088978766430666
2025-04-14,101500,103200,100600,101900,5404,0.02206619859578729
2025-04-15,102900,103500,101000,102000,5250,0.0009813542688910104
2025-04-16,102200,105000,101500,101900,6169,-0.0009803921568627416
2025-04-17,102400,104000,101600,101900,4884,0.0
2025-04-18,103000,103100,101400,102600,3687,0.006869479882237517
2025-04-21,102400,103300,101500,102000,2728,-0.005847953216374324
2025-04-22,101500,102300,100200,101800,3419,-0.0019607843137254832
2025-04-23,101900,102400,101500,102100,3609,0.0029469548133596035
2025-04-24,102100,102800,101400,101800,5611,-0.002938295788442735
2025-04-25,101800,103400,101600,101600,2598,-0.0019646365422396617
2025-04-28,101600,101900,99800,99800,6941,-0.017716535433070835
2025-04-29,99700,102900,99700,100500,6102,0.007014028056112176
2025-04-30,100700,101400,99500,99900,3938,-0.005970149253731294
2025-05-02,99900,100800,99500,100000,3603,0.0010010010010010895
2025-05-07,99900,100000,97300,98800,10112,-0.01200000000000001
2025-05-08,97800,99700,97800,98600,4671,-0.002024291497975672
2025-05-09,98600,98600,96100,96400,6153,-0.022312373225152116
2025-05-12,97800,97800,95000,96200,7887,-0.0020746887966804906
2025-05-13,96500,100300,96500,99400,5635,0.033264033264033266
2025-05-14,99000,99900,97600,99000,2892,-0.004024144869215318
2025-05-15,99000,99000,97300,97800,4807,-0.012121212121212088
2025-05-16,97900,98500,97000,97200,3832,-0.006134969325153339
2025-05-19,95900,98000,95900,97000,3617,-0.002057613168724326
2025-05-20,97100,98500,96700,97500,4212,0.005154639175257714
2025-05-21,97400,100400,97400,100000,4743,0.02564102564102555
2025-05-22,100200,100500,98000,98000,4068,-0.020000000000000018
2025-05-23,98300,98600,96900,97400,2874,-0.006122448979591799
2025-05-26,96500,99900,96400,97200,3764,-0.002053388090349051
2025-05-27,97000,99800,96100,97700,3516,0.005144032921810648
2025-05-28,97700,98900,97600,97800,4313,0.0010235414534287557
2025-05-29,97900,99500,97900,98100,3219,0.0030674846625766694
2025-05-30,99100,100000,98000,98900,3269,0.00815494393476035
2025-06-02,98400,99300,97800,99100,3188,0.002022244691607611
2025-06-04,99500,99800,97800,98100,5095,-0.010090817356205872
2025-06-05,97800,99700,96800,98400,4408,0.003058103975535076
2025-06-09,98500,100400,98100,99500,9089,0.011178861788617933
2025-06-10,100500,100500,98100,99100,3509,-0.004020100502512558
2025-06-11,98500,99900,98000,98400,5626,-0.007063572149344055
2025-06-12,98500,99700,97500,98400,6719,0.0
2025-06-13,99300,99500,95300,96800,10622,-0.016260162601625994
2025-06-16,96400,98100,96100,97000,3996,0.0020661157024792765
2025-06-17,97000,97800,96000,96300,5107,-0.007216494845360799
2025-06-18,96300,97500,95600,96100,3183,-0.0020768431983385627
2025-06-19,96100,96800,94000,94400,8680,-0.01768990634755463
2025-06-20,94500,98800,94500,97700,10572,0.03495762711864403
2025-06-23,97000,97000,94900,95200,8138,-0.025588536335721557
2025-06-24,95600,97700,95600,97500,5885,0.024159663865546133
2025-06-25,97700,98300,96500,97200,4772,-0.003076923076923088
2025-06-26,97200,97700,95700,96800,3429,-0.004115226337448541
2025-06-27,97400,99000,95500,97500,9140,0.00723140495867769
2025-06-30,96500,98400,96100,97000,4017,-0.00512820512820511
2025-07-01,97000,98000,96500,97400,3294,0.004123711340206171
2025-07-02,97500,98800,96500,97600,5556,0.002053388090349051
2025-07-03,97000,98500,97000,98300,7068,0.0071721311475410054
2025-07-04,98000,98000,96000,96500,4408,-0.01831129196337744
2025-07-07,97000,97000,95800,96300,3219,-0.002072538860103612
2025-07-08,96300,96400,94900,95400,5664,-0.009345794392523366
2025-07-09,95400,96700,94300,96600,5548,0.012578616352201255
2025-07-10,97300,98400,96200,98000,9889,0.01449275362318847
2025-07-11,98400,99700,98100,98400,4603,0.004081632653061273
2025-07-14,98400,99100,97400,98000,3066,-0.004065040650406471
2025-07-15,97900,99700,97700,98700,5471,0.0071428571428571175
2025-07-16,98700,98700,97500,98400,4080,-0.003039513677811523
2025-07-17,99700,117200,99000,113300,107511,0.15142276422764223
2025-07-18,112000,112400,106100,110000,25603,-0.029126213592232997
2025-07-21,112500,113000,106700,106700,8987,-0.030000000000000027
2025-07-22,106700,108400,102200,105200,8058,-0.014058106841612017
2025-07-23,106000,107300,104200,105300,4869,0.000950570342205248
2025-07-24,106000,107900,104250,105200,6152,-0.0009496676163343043
2025-07-25,105200,105500,104000,105000,6765,-0.0019011406844106071
2025-07-28,104500,105500,102900,104500,3786,-0.004761904761904745
2025-07-29,104500,105500,103000,104500,2853,0.0
2025-07-30,103800,106000,103300,104700,5543,0.00191387559808609
2025-07-31,103800,105800,103300,104700,5203,0.0
2025-08-01,102800,104300,101500,101600,8127,-0.029608404966571134
2025-08-04,101600,103100,101400,102500,2463,0.008858267716535417
2025-08-05,103000,106000,102500,105100,2538,0.025365853658536608
2025-08-06,105000,105200,103700,103800,2839,-0.01236917221693623
