Date,Open,High,Low,Close,Volume,Change
2022-01-03,5230,5400,5150,5370,728821,0.028735632183908066
2022-01-04,5360,5360,5200,5250,313541,-0.022346368715083775
2022-01-05,5250,5330,5100,5100,328277,-0.02857142857142858
2022-01-06,5050,5100,4930,4970,283076,-0.025490196078431393
2022-01-07,5000,5140,5000,5130,162635,0.03219315895372232
2022-01-10,5130,5190,4980,5000,105174,-0.025341130604288553
2022-01-11,4915,5000,4725,4845,365949,-0.031000000000000028
2022-01-12,4920,5090,4865,5020,194475,0.03611971104231171
2022-01-13,5030,5030,4880,4915,178182,-0.020916334661354563
2022-01-14,4890,5020,4855,4970,195686,0.011190233977619535
2022-01-17,4980,5020,4880,4895,100956,-0.015090543259557387
2022-01-18,4935,5000,4745,4745,216578,-0.03064351378958119
2022-01-19,4730,4790,4650,4710,104536,-0.00737618545837726
2022-01-20,4660,4855,4660,4810,96299,0.02123142250530785
2022-01-21,4770,4965,4750,4840,178501,0.006237006237006293
2022-01-24,4835,4870,4590,4665,316451,-0.03615702479338845
2022-01-25,4670,4760,4350,4530,348206,-0.02893890675241162
2022-01-26,4505,4580,4450,4475,183650,-0.012141280353200834
2022-01-27,4415,4520,4250,4300,307317,-0.03910614525139666
2022-01-28,4300,4530,4250,4525,162331,0.05232558139534893
2022-02-03,4600,4865,4545,4855,291292,0.07292817679558006
2022-02-04,4855,4895,4770,4840,95213,-0.003089598352214229
2022-02-07,4840,4895,4730,4840,117435,0.0
2022-02-08,4840,4975,4760,4860,171307,0.004132231404958775
2022-02-09,4865,4965,4845,4855,109881,-0.0010288065843621075
2022-02-10,4860,4880,4615,4630,147465,-0.04634397528321321
2022-02-11,4600,4600,4420,4520,182838,-0.023758099352051865
2022-02-14,4445,4455,4105,4440,269210,-0.017699115044247815
2022-02-15,4380,4465,4310,4370,193216,-0.015765765765765716
2022-02-16,4450,4640,4450,4640,216944,0.06178489702517154
2022-02-17,4670,4745,4440,4600,199297,-0.008620689655172376
2022-02-18,4570,4615,4485,4600,130668,0.0
2022-02-21,4585,4610,4480,4585,115082,-0.003260869565217428
2022-02-22,4495,4585,4410,4500,134207,-0.018538713195201728
2022-02-23,4485,4590,4485,4540,87459,0.008888888888888946
2022-02-24,4535,4555,4305,4310,187758,-0.0506607929515418
2022-02-25,4355,4440,4315,4355,154614,0.010440835266821269
2022-02-28,4355,4535,4300,4505,91413,0.03444316877152698
2022-03-02,4510,4660,4440,4590,139512,0.018867924528301883
2022-03-03,4615,4675,4515,4635,94886,0.009803921568627416
2022-03-04,4640,4795,4590,4705,248995,0.015102481121898492
2022-03-07,4615,4870,4605,4740,243267,0.007438894792773709
2022-03-08,4630,5170,4630,4810,2016759,0.014767932489451407
2022-03-10,4760,5110,4760,4780,386912,-0.006237006237006182
2022-03-11,4780,4905,4750,4815,170322,0.007322175732217495
2022-03-14,4820,4835,4530,4550,297997,-0.05503634475597097
2022-03-15,4575,4580,4440,4465,208615,-0.018681318681318726
2022-03-16,4485,4560,4455,4515,105312,0.011198208286674172
2022-03-17,4560,4830,4560,4810,338633,0.06533776301218164
2022-03-18,4810,4810,4695,4765,86420,-0.009355509355509328
2022-03-21,4795,4850,4665,4665,121652,-0.02098635886673661
2022-03-22,4670,4865,4670,4850,223196,0.03965702036441576
2022-03-23,4870,4870,4780,4845,90045,-0.0010309278350515427
2022-03-24,4800,4885,4755,4780,141740,-0.013415892672858587
2022-03-25,4795,4835,4740,4800,81918,0.004184100418409997
2022-03-28,4800,4805,4670,4715,132692,-0.017708333333333326
2022-03-29,4725,5230,4720,5150,3192013,0.09225874867444328
2022-03-30,5110,5220,5030,5030,431529,-0.023300970873786353
2022-03-31,5020,5190,5000,5170,331975,0.027833001988071482
2022-04-01,5130,5450,5090,5400,637938,0.044487427466150864
2022-04-04,5400,5510,5330,5460,462014,0.011111111111111072
2022-04-05,5500,5510,5370,5370,185011,-0.016483516483516536
2022-04-06,5360,5540,5230,5510,357908,0.026070763500931182
2022-04-07,5450,5590,5220,5250,306012,-0.047186932849364815
2022-04-08,5270,6010,5230,5260,6490356,0.0019047619047618536
2022-04-11,5220,5470,5200,5390,520295,0.024714828897338448
2022-04-12,5310,5410,5130,5170,305198,-0.04081632653061229
2022-04-13,5170,5480,5160,5390,384411,0.042553191489361764
2022-04-14,5400,5440,5260,5300,154042,-0.016697588126159513
2022-04-15,5310,5610,5250,5500,539554,0.037735849056603765
2022-04-18,5510,5550,5360,5400,193931,-0.018181818181818188
2022-04-19,5400,5440,5330,5370,124024,-0.005555555555555536
2022-04-20,5310,5340,5200,5250,132388,-0.022346368715083775
2022-04-21,5220,5390,5200,5260,90643,0.0019047619047618536
2022-04-22,5270,5280,5090,5090,149623,-0.03231939163498099
2022-04-25,4960,5030,4820,4835,195636,-0.05009823182711204
2022-04-26,4885,4925,4835,4845,102031,0.0020682523267838704
2022-04-27,4715,4790,4650,4745,231347,-0.02063983488132093
2022-04-28,4755,4805,4600,4620,149761,-0.026343519494204437
2022-04-29,4675,4700,4530,4660,85760,0.008658008658008587
2022-05-02,4630,4630,4525,4545,98374,-0.02467811158798283
2022-05-03,4590,4660,4590,4630,57338,0.018701870187018743
2022-05-04,4630,4750,4545,4610,138400,-0.004319654427645814
2022-05-06,4500,4630,4500,4540,69222,-0.015184381778741818
2022-05-09,4535,4550,4230,4335,209294,-0.045154185022026394
2022-05-10,4215,4410,4060,4410,276517,0.01730103806228378
2022-05-11,4410,4440,4315,4345,33545,-0.01473922902494329
2022-05-12,4340,4340,4040,4140,219295,-0.04718066743383198
2022-05-13,4100,4160,3985,4055,295742,-0.020531400966183555
2022-05-16,4005,4100,3900,3965,487440,-0.022194821208384674
2022-05-17,3995,4025,3940,3995,83287,0.007566204287515754
2022-05-18,3995,4100,3970,4005,162567,0.0025031289111390187
2022-05-19,3925,3995,3830,3865,186477,-0.03495630461922594
2022-05-20,3865,3875,3760,3865,289141,0.0
2022-05-23,3870,3995,3825,3980,110011,0.02975420439844756
2022-05-24,3995,4000,3800,3870,58852,-0.027638190954773822
2022-05-25,3875,3950,3810,3870,105006,0.0
2022-05-26,3880,4055,3860,3925,103604,0.01421188630490966
2022-05-27,3980,3995,3890,3910,56194,-0.003821656050955413
2022-05-30,3980,4085,3935,4080,87341,0.04347826086956519
2022-05-31,4120,4140,4020,4080,78711,0.0
2022-06-02,4030,4080,3950,4010,56433,-0.01715686274509809
2022-06-03,4035,4245,3995,4130,277893,0.029925187032418865
2022-06-07,4135,4140,4000,4030,84243,-0.02421307506053272
2022-06-08,4030,4085,3950,4035,64103,0.001240694789081953
2022-06-09,3970,4035,3950,4030,56768,-0.0012391573729864103
2022-06-10,3890,4035,3890,4000,88419,-0.007444168734491274
2022-06-13,3955,3955,3720,3750,148927,-0.0625
2022-06-14,3600,3725,3530,3600,174660,-0.040000000000000036
2022-06-15,3570,3605,3350,3500,198075,-0.02777777777777779
2022-06-16,3485,3605,3400,3505,199843,0.0014285714285713347
2022-06-17,3335,3480,3265,3480,192854,-0.007132667617689048
2022-06-20,3445,3495,3220,3275,231799,-0.05890804597701149
2022-06-21,3275,3345,3230,3305,90221,0.009160305343511421
2022-06-22,3300,3350,3065,3185,153103,-0.036308623298033305
2022-06-23,3165,3240,2850,2920,412993,-0.08320251177394034
2022-06-24,2850,3160,2850,3145,238964,0.07705479452054798
2022-06-27,3155,3270,3095,3205,109761,0.019077901430842648
2022-06-28,3155,3225,3110,3225,106501,0.006240249609984483
2022-06-29,3180,3300,3100,3230,189053,0.0015503875968991832
2022-06-30,3260,3405,3150,3235,189538,0.001547987616099089
2022-07-01,3255,3255,3040,3175,179879,-0.018547140649149974
2022-07-04,3170,3280,3065,3180,170724,0.0015748031496063408
2022-07-05,3195,3260,3150,3180,93760,0.0
2022-07-06,3165,3280,3130,3200,118452,0.0062893081761006275
2022-07-07,3200,3295,3185,3285,71286,0.026562500000000044
2022-07-08,3300,3470,3295,3380,198772,0.028919330289193246
2022-07-11,3400,3490,3355,3380,95775,0.0
2022-07-12,3345,3360,3260,3325,86825,-0.016272189349112454
2022-07-13,3310,3390,3285,3365,36167,0.012030075187969835
2022-07-14,3380,3500,3345,3465,81714,0.029717682020802272
2022-07-15,3445,3500,3245,3345,93308,-0.03463203463203468
2022-07-18,3350,3410,3325,3385,77001,0.01195814648729443
2022-07-19,3300,3455,3300,3440,95184,0.01624815361890697
2022-07-20,3550,4020,3490,3810,1579694,0.10755813953488369
2022-07-21,3870,3870,3755,3800,223395,-0.002624671916010457
2022-07-22,3820,3930,3730,3805,213611,0.001315789473684159
2022-07-25,3840,3845,3780,3800,74858,-0.0013140604467805073
2022-07-26,3805,3815,3640,3730,129703,-0.018421052631578894
2022-07-27,3695,3765,3610,3610,132507,-0.03217158176943702
2022-07-28,3650,3715,3550,3550,128312,-0.0166204986149584
2022-07-29,3580,3670,3535,3620,96331,0.019718309859154903
2022-08-01,3610,3620,3540,3575,97443,-0.012430939226519389
2022-08-02,3560,3590,3500,3560,80277,-0.004195804195804231
2022-08-03,3550,3645,3510,3620,95873,0.016853932584269593
2022-08-04,3635,3770,3635,3680,124242,0.016574585635359185
2022-08-05,3680,3740,3615,3655,55610,-0.006793478260869512
2022-08-08,3635,3725,3560,3715,90015,0.01641586867305067
2022-08-09,3715,3880,3715,3760,176833,0.01211305518169592
2022-08-10,3760,3760,3600,3625,119470,-0.03590425531914898
2022-08-11,3665,3820,3665,3810,148759,0.05103448275862066
2022-08-12,3830,3830,3730,3735,61849,-0.019685039370078705
2022-08-16,3725,3765,3635,3635,74455,-0.02677376171352075
2022-08-17,3635,3660,3575,3620,52996,-0.004126547455295726
2022-08-18,3580,3660,3550,3650,70881,0.008287292817679592
2022-08-19,3645,3675,3605,3655,39202,0.00136986301369868
2022-08-22,3670,3670,3570,3610,56862,-0.012311901504788003
2022-08-23,3540,3610,3435,3460,110218,-0.04155124653739617
2022-08-24,3475,3515,3370,3485,66573,0.007225433526011571
2022-08-25,3485,3690,3485,3660,166890,0.050215208034433356
2022-08-26,3675,3700,3615,3675,49623,0.004098360655737654
2022-08-29,3595,3600,3490,3530,73646,-0.039455782312925125
2022-08-30,3510,3890,3510,3685,587680,0.0439093484419264
2022-08-31,3685,3705,3600,3695,75890,0.0027137042062415073
2022-09-01,3665,3710,3550,3570,129225,-0.03382949932341006
2022-09-02,3590,3610,3510,3575,37700,0.0014005602240896309
2022-09-05,3535,3600,3470,3515,90677,-0.016783216783216814
2022-09-06,3455,3615,3455,3605,186793,0.02560455192034139
2022-09-07,3570,3580,3440,3485,79948,-0.03328710124826628
2022-09-08,3495,3540,3495,3495,46797,0.0028694404591105283
2022-09-13,3535,3585,3510,3580,69793,0.024320457796852546
2022-09-14,3490,3590,3455,3575,73432,-0.0013966480446927498
2022-09-15,3575,3590,3500,3510,46506,-0.018181818181818188
2022-09-16,3510,3525,3355,3510,141599,0.0
2022-09-19,3460,3535,3400,3455,122408,-0.015669515669515688
2022-09-20,3505,3805,3505,3610,288894,0.04486251808972508
2022-09-21,3595,3745,3580,3695,137091,0.023545706371191244
2022-09-22,3630,3690,3535,3610,88968,-0.023004059539918797
2022-09-23,3605,3645,3465,3465,118853,-0.040166204986149534
2022-09-26,3395,3465,3165,3205,295686,-0.07503607503607501
2022-09-27,3185,3235,2995,3100,255898,-0.032761310452418146
2022-09-28,3050,3120,2935,3080,148743,-0.006451612903225823
2022-09-29,3130,3320,3130,3195,176044,0.03733766233766245
2022-09-30,3155,3290,3075,3265,134856,0.021909233176838905
2022-10-04,3280,3350,3245,3265,160142,0.0
2022-10-05,3265,3290,3115,3125,105362,-0.04287901990811638
2022-10-06,3125,3255,3125,3240,89522,0.036799999999999944
2022-10-07,3230,3230,3045,3080,163747,-0.04938271604938271
2022-10-11,3000,3030,2850,2945,116768,-0.043831168831168776
2022-10-12,2875,3495,2845,2995,960342,0.01697792869269943
2022-10-13,2980,3020,2825,3000,222904,0.0016694490818029983
2022-10-14,3060,3205,3050,3135,195465,0.04499999999999993
2022-10-17,3035,3205,3035,3160,106271,0.00797448165869219
2022-10-18,3180,3265,3120,3170,85284,0.0031645569620253333
2022-10-19,3345,3400,3140,3175,439303,0.001577287066246047
2022-10-20,3205,3210,3045,3145,109854,-0.009448818897637823
2022-10-21,3120,3165,3010,3145,92950,0.0
2022-10-24,3235,3235,3125,3155,71337,0.0031796502384737746
2022-10-25,3175,3215,3125,3160,59876,0.0015847860538826808
2022-10-26,3160,3190,3105,3145,85943,-0.004746835443038
2022-10-27,3175,3275,3165,3235,169038,0.02861685214626397
2022-10-28,3220,3250,3125,3170,101834,-0.020092735703245768
2022-10-31,3145,3190,3130,3175,74558,0.001577287066246047
2022-11-01,3165,3220,3150,3210,119811,0.011023622047244164
2022-11-02,3175,3220,3130,3180,77803,-0.009345794392523366
2022-11-03,3060,3155,3060,3095,105746,-0.026729559748427723
2022-11-04,3100,3100,3005,3015,196055,-0.02584814216478193
2022-11-07,3010,3130,3010,3110,97775,0.031509121061359835
2022-11-08,3105,3340,3105,3280,314445,0.05466237942122176
2022-11-09,3280,3295,3230,3275,46147,-0.0015243902439023849
2022-11-10,3245,3280,3210,3230,25042,-0.013740458015267132
2022-11-11,3300,3315,3230,3295,156961,0.020123839009287936
2022-11-14,3295,3440,3265,3395,270315,0.030349013657056112
2022-11-15,3390,3425,3350,3415,104189,0.00589101620029453
2022-11-16,3415,3515,3400,3490,131286,0.02196193265007329
2022-11-17,3465,3495,3420,3435,53375,-0.015759312320916874
2022-11-18,3435,3565,3415,3485,168647,0.01455604075691408
2022-11-21,3510,3580,3415,3425,257274,-0.017216642754662836
2022-11-22,3415,3550,3395,3425,158968,0.0
2022-11-23,3570,3770,3450,3755,1138880,0.09635036496350358
2022-11-24,3760,3855,3715,3815,379134,0.015978695073235683
2022-11-25,3780,3930,3765,3875,348287,0.01572739187418093
2022-11-28,3885,4170,3825,4025,1187366,0.03870967741935494
2022-11-29,4000,4230,3975,4200,758144,0.04347826086956519
2022-11-30,4210,4290,4055,4215,458045,0.0035714285714285587
2022-12-01,4245,4585,4160,4455,788839,0.05693950177935947
2022-12-02,4465,4615,4465,4605,509618,0.03367003367003374
2022-12-05,4640,4670,4255,4260,427923,-0.07491856677524433
2022-12-06,4260,4390,4155,4210,325115,-0.011737089201877882
2022-12-07,4170,4390,4070,4315,491763,0.02494061757719712
2022-12-08,4375,4415,4130,4220,230334,-0.022016222479721903
2022-12-09,4350,4880,4275,4805,1837835,0.13862559241706163
2022-12-12,4910,5150,4775,4785,1631954,-0.004162330905306932
2022-12-13,4855,4915,4615,4835,689959,0.010449320794148287
2022-12-14,4885,5450,4835,5320,2547124,0.10031023784901749
2022-12-15,5290,5410,5260,5310,535875,-0.001879699248120259
2022-12-16,5280,5420,5140,5230,578612,-0.015065913370998163
2022-12-19,5190,5370,5190,5260,451701,0.005736137667303964
2022-12-20,5240,5340,4920,4940,825344,-0.06083650190114065
2022-12-21,4990,5410,4985,5290,1084019,0.07085020242914974
2022-12-22,5260,5300,5060,5130,491711,-0.03024574669187141
2022-12-23,5140,5170,4905,5050,419507,-0.015594541910331383
2022-12-26,4995,5160,4920,5060,389899,0.001980198019801982
2022-12-27,5030,5430,5030,5250,629546,0.03754940711462451
2022-12-28,5200,5370,5100,5320,273229,0.01333333333333342
2022-12-29,5350,5620,5200,5210,639972,-0.020676691729323293
2023-01-02,5240,5260,4925,4975,437226,-0.04510556621881001
2023-01-03,4950,5490,4905,5340,1297307,0.07336683417085421
2023-01-04,5320,5410,5150,5210,434903,-0.02434456928838946
2023-01-05,5210,5540,5120,5160,936859,-0.009596928982725572
2023-01-06,5150,5180,4965,5030,451369,-0.025193798449612448
2023-01-09,5030,5200,4980,4980,464110,-0.00994035785288272
2023-01-10,4995,5030,4655,4705,903298,-0.05522088353413657
2023-01-11,4755,4895,4720,4780,376418,0.015940488841657885
2023-01-12,4800,4800,4655,4710,248326,-0.014644351464435101
2023-01-13,4735,5050,4650,5000,737715,0.06157112526539277
2023-01-16,5000,5190,4845,4930,479801,-0.014000000000000012
2023-01-17,4940,5120,4920,5060,314759,0.026369168356997985
2023-01-18,5060,5150,4950,5030,228425,-0.005928853754940677
2023-01-19,4970,5370,4850,5340,1182728,0.06163021868787277
2023-01-20,5450,5660,5340,5570,1562426,0.04307116104868913
2023-01-25,5690,5880,5610,5640,922287,0.012567324955116588
2023-01-26,5680,5720,5250,5310,634622,-0.058510638297872286
2023-01-27,5320,5580,5320,5550,478212,0.04519774011299438
2023-01-30,5560,5560,5350,5500,334468,-0.009009009009009028
2023-01-31,5470,5930,5400,5890,878229,0.07090909090909081
2023-02-01,5920,6080,5700,5800,729831,-0.015280135823429575
2023-02-02,5910,6050,5850,6030,429161,0.039655172413793016
2023-02-03,6060,6060,5760,5840,470270,-0.031509121061359835
2023-02-06,5800,5810,5480,5760,568057,-0.013698630136986356
2023-02-07,5690,5820,5610,5730,256394,-0.00520833333333337
2023-02-08,5740,5830,5560,5590,201102,-0.024432809773123898
2023-02-09,5570,5630,5380,5500,330756,-0.01610017889087656
2023-02-10,5440,5830,5440,5680,583296,0.032727272727272716
2023-02-13,5750,5790,5590,5610,122202,-0.01232394366197187
2023-02-14,5610,5660,5410,5440,144076,-0.030303030303030276
2023-02-15,5440,5500,5240,5320,245133,-0.022058823529411797
2023-02-16,5330,5550,5180,5420,268542,0.018796992481203034
2023-02-17,5360,5460,5290,5420,112042,0.0
2023-02-20,5420,5590,5350,5490,116089,0.012915129151291449
2023-02-21,5490,5520,5220,5320,316516,-0.030965391621129323
2023-02-22,5250,5250,5110,5200,260900,-0.022556390977443663
2023-02-23,5190,5340,5180,5300,166948,0.019230769230769162
2023-02-24,5340,5340,5150,5210,105615,-0.016981132075471694
2023-02-27,5280,5280,5050,5220,151485,0.0019193857965451588
2023-02-28,5250,5320,5180,5270,130930,0.009578544061302763
2023-03-02,5250,5370,5200,5350,157896,0.015180265654648917
2023-03-03,5410,5410,5170,5200,334177,-0.028037383177570097
2023-03-06,5230,5300,5060,5260,210493,0.011538461538461497
2023-03-07,5270,5360,5170,5340,147413,0.015209125475285079
2023-03-08,5270,5300,5120,5170,162894,-0.03183520599250933
2023-03-09,5180,5320,5090,5250,134697,0.015473887814313247
2023-03-10,5180,5180,4940,5000,396677,-0.04761904761904767
2023-03-13,4940,4950,4750,4895,166303,-0.02100000000000002
2023-03-14,4870,4940,4650,4650,184948,-0.05005107252298269
2023-03-15,4700,4820,4395,4510,624242,-0.03010752688172047
2023-03-16,4430,4570,4265,4540,400666,0.006651884700665134
2023-03-17,4600,4795,4505,4740,271232,0.044052863436123246
2023-03-20,4775,4930,4745,4780,218731,0.00843881856540074
2023-03-21,4900,4900,4525,4600,290220,-0.03765690376569042
2023-03-22,4600,4710,4555,4630,144629,0.006521739130434856
2023-03-23,4630,4750,4400,4545,236243,-0.018358531317494653
2023-03-24,4550,4900,4550,4810,437839,0.05830583058305838
2023-03-27,4950,5180,4800,5110,556473,0.06237006237006226
2023-03-28,5060,5090,4685,4850,560061,-0.050880626223091974
2023-03-29,4890,4900,4725,4870,263471,0.004123711340206171
2023-03-30,4800,4970,4690,4870,370233,0.0
2023-03-31,4935,4960,4700,4850,533236,-0.004106776180698102
2023-04-03,4800,4915,4760,4800,234647,-0.010309278350515427
2023-04-04,4800,5470,4700,5370,1795481,0.11874999999999991
2023-04-05,5400,5490,5230,5410,631084,0.007448789571694592
2023-04-06,5270,5600,5190,5330,667431,-0.014787430683918634
2023-04-07,5450,5680,5320,5380,682648,0.009380863039399667
2023-04-10,5380,5550,5260,5380,489616,0.0
2023-04-11,5380,5420,5050,5160,443834,-0.040892193308550207
2023-04-12,5160,5180,5040,5090,183828,-0.013565891472868241
2023-04-13,5100,5460,5000,5430,562408,0.06679764243614938
2023-04-14,5510,5990,5440,5640,1498970,0.03867403314917128
2023-04-17,5650,5740,5410,5600,361343,-0.007092198581560294
2023-04-18,5640,5950,5470,5520,1175337,-0.014285714285714235
2023-04-19,5510,5520,5330,5370,341383,-0.02717391304347827
2023-04-20,5400,5440,4925,5020,842273,-0.06517690875232773
2023-04-21,5000,5000,4755,4800,676738,-0.043824701195219085
2023-04-24,4735,4830,4660,4710,189074,-0.018750000000000044
2023-04-25,4940,5110,4775,4995,1661043,0.060509554140127486
2023-04-26,5020,5020,4735,4980,421028,-0.0030030030030030463
2023-04-27,4980,5110,4865,5000,280979,0.004016064257028162
2023-04-28,5010,5150,4930,4935,249584,-0.013000000000000012
2023-05-02,4860,5440,4830,5030,1751917,0.019250253292806496
2023-05-03,4980,5330,4975,5290,548272,0.05168986083499005
2023-05-04,5210,5320,5070,5250,283760,-0.007561436672967825
2023-05-08,5270,5480,5200,5470,415120,0.04190476190476189
2023-05-09,5460,5490,5300,5430,162086,-0.007312614259597838
2023-05-10,5370,5540,5350,5440,199130,0.0018416206261511192
2023-05-11,5450,5490,5310,5350,110919,-0.016544117647058876
2023-05-12,5330,5580,5230,5260,431208,-0.016822429906542036
2023-05-15,5210,5260,5100,5130,166592,-0.024714828897338448
2023-05-16,5110,5280,5090,5180,256176,0.00974658869395717
2023-05-17,5110,5550,5110,5500,574041,0.061776061776061875
2023-05-18,5520,5690,5380,5640,405047,0.025454545454545396
2023-05-19,5710,5710,5410,5570,310485,-0.012411347517730542
2023-05-22,5550,5550,5400,5460,177452,-0.019748653500897717
2023-05-23,5420,5540,5390,5500,150274,0.0073260073260073
2023-05-24,5440,5440,5170,5200,389519,-0.054545454545454564
2023-05-25,5200,5220,5080,5090,139269,-0.02115384615384619
2023-05-26,5100,5300,4990,5050,184411,-0.007858546168958758
2023-05-30,5020,5080,4900,5010,145951,-0.007920792079207928
2023-05-31,4980,5050,4955,4990,88574,-0.003992015968063867
2023-06-01,4985,5230,4950,5230,178187,0.04809619238476959
2023-06-02,5240,5290,5110,5170,151027,-0.01147227533460804
2023-06-05,5210,5580,5100,5570,564601,0.07736943907156668
2023-06-07,5480,5620,5370,5570,323309,0.0
2023-06-08,5520,5750,5480,5620,219550,0.008976660682226134
2023-06-09,5550,5670,5360,5390,205086,-0.040925266903914626
2023-06-12,5390,5510,5330,5470,120127,0.014842300556586308
2023-06-13,5730,5980,5710,5920,1787556,0.0822669104204754
2023-06-14,5860,5860,5420,5470,685230,-0.07601351351351349
2023-06-15,5590,5750,5500,5700,395351,0.042047531992687404
2023-06-16,5700,5890,5610,5850,412497,0.026315789473684292
2023-06-19,5950,5950,5650,5770,264275,-0.013675213675213627
2023-06-20,5790,6050,5740,6030,747299,0.045060658578856216
2023-06-21,6170,6190,5800,5800,675866,-0.03814262023217252
2023-06-22,5750,5780,5500,5570,500989,-0.03965517241379313
2023-06-23,5600,5620,5450,5500,198878,-0.012567324955116699
2023-06-26,5450,5650,5370,5620,168904,0.021818181818181737
2023-06-27,5600,5600,5430,5520,182518,-0.017793594306049876
2023-06-28,5520,5540,5230,5280,420478,-0.04347826086956519
2023-06-29,5280,5380,5200,5340,120800,0.011363636363636465
2023-06-30,5340,5380,5280,5320,109009,-0.0037453183520599342
2023-07-03,5360,5360,5110,5170,499462,-0.02819548872180455
2023-07-04,5170,5170,5000,5140,359959,-0.005802707930367523
2023-07-05,5120,5130,4980,5030,293765,-0.021400778210116767
2023-07-06,5000,5020,4750,4750,1106631,-0.055666003976143186
2023-07-07,4750,4890,4630,4770,329007,0.004210526315789442
2023-07-10,4800,4810,4600,4625,218508,-0.03039832285115307
2023-07-11,4660,4680,4430,4540,301770,-0.018378378378378413
2023-07-12,4585,4595,4400,4445,425445,-0.020925110132158586
2023-07-13,4480,4510,4415,4445,266696,0.0
2023-07-14,4470,4470,4275,4360,396285,-0.019122609673790758
2023-07-17,4350,4350,4150,4270,488221,-0.020642201834862428
2023-07-18,4270,4360,4050,4065,618564,-0.04800936768149888
2023-07-19,4085,4220,3990,4120,445570,0.013530135301353052
2023-07-20,4020,4270,4020,4210,265543,0.02184466019417486
2023-07-21,4215,4215,4100,4120,122166,-0.02137767220902609
2023-07-24,4125,4145,3950,3995,255666,-0.03033980582524276
2023-07-25,3930,4000,3880,3935,288475,-0.015018773466833557
2023-07-26,3890,3940,3620,3770,566089,-0.041931385006353294
2023-07-27,3770,3915,3770,3860,169820,0.023872679045092937
2023-07-28,3860,4080,3785,3970,288763,0.02849740932642497
2023-07-31,4005,4225,3965,4225,482901,0.06423173803526439
2023-08-01,4260,4445,4200,4260,446283,0.008284023668639007
2023-08-02,4260,4285,4105,4185,197969,-0.017605633802816878
2023-08-03,4130,4240,4040,4235,135990,0.01194743130227005
2023-08-04,4300,4555,4185,4525,542530,0.06847697756788662
2023-08-07,4540,4550,4340,4495,354228,-0.006629834254143652
2023-08-08,4585,4585,4210,4360,255724,-0.030033370411568394
2023-08-09,4370,4505,4335,4425,229890,0.014908256880733939
2023-08-10,4485,4550,4415,4525,217233,0.02259887005649719
2023-08-11,4545,4545,4295,4380,478959,-0.03204419889502763
2023-08-14,4320,4455,4245,4405,251305,0.005707762557077611
2023-08-16,4295,4350,4225,4260,220811,-0.03291713961407494
2023-08-17,4340,4340,4035,4170,267234,-0.021126760563380254
2023-08-18,4050,4105,3980,4030,279528,-0.033573141486810565
2023-08-21,4010,4155,4000,4150,80404,0.02977667493796532
2023-08-22,4190,4190,4085,4140,147843,-0.002409638554216831
2023-08-23,4140,4190,4105,4160,76619,0.004830917874396157
2023-08-24,4185,4700,4185,4300,1141683,0.033653846153846256
2023-08-25,4255,4270,4105,4105,204854,-0.04534883720930227
2023-08-28,4115,4230,4115,4215,160025,0.02679658952496955
2023-08-29,4230,4485,4215,4355,362550,0.033214709371292894
2023-08-30,4375,4405,4260,4310,221032,-0.010332950631458115
2023-08-31,4325,4405,4295,4315,172753,0.0011600928074246841
2023-09-01,4335,4440,4275,4300,355960,-0.0034762456546929554
2023-09-04,4300,4300,4135,4195,178574,-0.024418604651162745
2023-09-05,4195,4580,4100,4170,502690,-0.005959475566150174
2023-09-06,4205,4240,4115,4120,109538,-0.011990407673860948
2023-09-07,4120,4155,4010,4025,143123,-0.02305825242718451
2023-09-08,4005,4050,3995,4030,94237,0.001242236024844745
2023-09-11,4040,4075,3985,4015,118415,-0.003722084367245637
2023-09-12,4035,4145,4010,4040,150801,0.0062266500622665255
2023-09-13,4005,4040,3920,4000,151054,-0.00990099009900991
2023-09-14,3975,4015,3965,4005,36883,0.0012499999999999734
2023-09-15,4020,4030,3970,4000,83554,-0.0012484394506866447
2023-09-18,3975,4000,3920,3935,86050,-0.016249999999999987
2023-09-19,3935,3965,3890,3935,89012,0.0
2023-09-20,3935,4010,3875,3975,87746,0.010165184243964509
2023-09-21,4035,4120,3920,3920,173657,-0.01383647798742138
2023-09-22,3885,3935,3850,3930,89424,0.0025510204081633514
2023-09-25,3950,4000,3810,3825,77021,-0.026717557251908386
2023-09-26,3820,3855,3710,3715,96600,-0.02875816993464053
2023-09-27,3685,3770,3650,3725,80785,0.0026917900403768957
2023-10-04,3795,4170,3565,4000,572938,0.0738255033557047
2023-10-05,4010,4120,3785,3810,344581,-0.04749999999999999
2023-10-06,3790,3980,3715,3950,117781,0.036745406824147064
2023-10-10,3940,3940,3780,3815,124625,-0.03417721518987338
2023-10-11,3820,3890,3820,3845,62177,0.007863695937090354
2023-10-12,3825,3935,3825,3910,143245,0.016905071521456483
2023-10-13,3910,3910,3820,3835,56605,-0.019181585677749413
2023-10-16,3835,3835,3720,3800,107322,-0.009126466753585416
2023-10-17,3810,3835,3740,3755,67287,-0.011842105263157876
2023-10-18,3770,3770,3710,3750,68610,-0.0013315579227696217
2023-10-19,3820,3820,3645,3700,71974,-0.013333333333333308
2023-10-20,3630,3680,3575,3640,102422,-0.01621621621621616
2023-10-23,3635,3635,3500,3540,37652,-0.027472527472527486
2023-10-24,3550,3660,3440,3635,56538,0.026836158192090398
2023-10-25,3645,3755,3600,3745,60964,0.030261348005502064
2023-10-26,3675,3675,3540,3540,68217,-0.05473965287049398
2023-10-27,3540,3600,3470,3480,65922,-0.016949152542372836
2023-10-30,3450,3660,3450,3640,50489,0.04597701149425282
2023-10-31,3625,3675,3485,3520,59023,-0.03296703296703296
2023-11-01,3520,3580,3510,3575,55803,0.015625
2023-11-02,3605,3710,3580,3700,82160,0.034965034965035
2023-11-03,3760,3820,3635,3810,93284,0.029729729729729648
2023-11-06,3830,3860,3790,3850,99836,0.01049868766404205
2023-11-07,3850,3890,3785,3865,97751,0.003896103896103842
2023-11-08,3900,3970,3865,3925,207660,0.015523932729624823
2023-11-09,3920,3950,3835,3890,52739,-0.008917197452229297
2023-11-10,3890,3890,3760,3760,49247,-0.033419023136246784
2023-11-13,3760,3780,3620,3660,49178,-0.02659574468085102
2023-11-14,3660,3790,3660,3730,54069,0.0191256830601092
2023-11-15,3790,3835,3710,3770,68886,0.01072386058981234
2023-11-16,3760,3800,3695,3735,156334,-0.009283819628647216
2023-11-17,3735,3795,3555,3630,263324,-0.028112449799196804
2023-11-20,3630,3690,3580,3630,81792,0.0
2023-11-21,3630,3730,3630,3700,94134,0.019283746556473913
2023-11-22,3670,3695,3620,3670,86474,-0.008108108108108136
2023-11-23,3640,3700,3630,3670,56328,0.0
2023-11-24,3670,3680,3610,3630,38631,-0.010899182561307952
2023-11-27,3610,3645,3505,3540,131592,-0.024793388429752095
2023-11-28,3520,3635,3490,3535,85511,-0.0014124293785310327
2023-11-29,3510,3565,3510,3555,67788,0.005657708628005631
2023-11-30,3560,3655,3535,3600,84335,0.012658227848101333
2023-12-01,3575,3815,3550,3750,226882,0.04166666666666674
2023-12-04,3740,3760,3615,3715,135550,-0.009333333333333305
2023-12-05,3655,3750,3580,3620,218248,-0.025572005383580065
2023-12-06,3610,3755,3580,3700,94006,0.022099447513812098
2023-12-07,3700,3800,3650,3745,144911,0.012162162162162149
2023-12-08,3800,3870,3735,3835,172844,0.024032042723631575
2023-12-11,3840,3900,3805,3835,125366,0.0
2023-12-12,3860,3865,3790,3835,90468,0.0
2023-12-13,3840,3880,3755,3865,140978,0.007822685788787531
2023-12-14,3910,4050,3830,3850,420517,-0.0038809831824062613
2023-12-15,3860,3935,3800,3920,338635,0.018181818181818077
2023-12-18,3950,3960,3880,3940,122393,0.005102040816326481
2023-12-19,3945,4000,3890,3975,145749,0.008883248730964466
2023-12-20,3955,4000,3915,3935,217980,-0.010062893081761004
2023-12-21,3900,4010,3820,3935,313370,0.0
2023-12-22,3900,3925,3820,3860,155124,-0.019059720457433316
2023-12-26,3850,3915,3790,3810,115264,-0.012953367875647714
2023-12-27,3800,3850,3755,3830,107814,0.005249343832020914
2023-12-28,3820,3850,3810,3835,47330,0.0013054830287206887
2024-01-02,3805,3855,3790,3820,92025,-0.003911342894393766
2024-01-03,3825,3825,3730,3745,111825,-0.01963350785340312
2024-01-04,3710,3765,3650,3740,105675,-0.001335113484646211
2024-01-05,3710,3770,3640,3650,105528,-0.024064171122994638
2024-01-08,3635,3705,3585,3655,169038,0.00136986301369868
2024-01-09,3660,3920,3660,3850,351185,0.05335157318741457
2024-01-10,3850,4070,3795,3980,1015250,0.033766233766233666
2024-01-11,4010,4075,3925,4030,444309,0.012562814070351758
2024-01-12,4065,4065,3795,3815,289272,-0.053349875930521096
2024-01-15,3855,3965,3635,3685,279566,-0.03407601572739183
2024-01-16,3680,3720,3615,3645,107394,-0.01085481682496603
2024-01-17,3680,3680,3490,3505,206589,-0.0384087791495199
2024-01-18,3480,3585,3480,3575,78336,0.0199714693295292
2024-01-19,3575,3645,3540,3550,113176,-0.006993006993006978
2024-01-22,3585,3590,3495,3495,70217,-0.015492957746478853
2024-01-23,3540,3575,3450,3545,92688,0.014306151645207432
2024-01-24,3570,3685,3560,3610,162686,0.01833568406205921
2024-01-25,3620,3690,3505,3580,111791,-0.008310249307479256
2024-01-26,3570,3625,3550,3560,51949,-0.005586592178770999
2024-01-29,3540,3540,3395,3405,262392,-0.0435393258426966
2024-01-30,3405,3530,3400,3485,177539,0.023494860499265746
2024-01-31,3485,3490,3385,3395,115284,-0.02582496413199431
2024-02-01,3420,3420,3275,3300,198133,-0.027982326951399128
2024-02-02,3300,3435,3300,3345,139162,0.013636363636363669
2024-02-05,3345,3350,3280,3290,70031,-0.01644245142002987
2024-02-06,3300,3310,3095,3150,212679,-0.04255319148936165
2024-02-07,3155,3255,3065,3255,131803,0.03333333333333344
2024-02-08,3265,3305,3240,3290,93188,0.010752688172043001
2024-02-13,3285,3320,3255,3275,78123,-0.00455927051671734
2024-02-14,3215,3325,3215,3315,50686,0.012213740458015376
2024-02-15,3325,3330,3290,3290,61157,-0.007541478129713397
2024-02-16,3325,3325,3280,3300,23938,0.003039513677811634
2024-02-19,3280,3340,3220,3270,161737,-0.009090909090909038
2024-02-20,3235,3265,3200,3235,68028,-0.010703363914373099
2024-02-21,3235,3265,3170,3205,154317,-0.009273570324574987
2024-02-22,3210,3220,3135,3160,157076,-0.01404056162246492
2024-02-23,3185,3185,3120,3150,59010,-0.0031645569620253333
2024-02-26,3120,3180,3115,3155,80314,0.0015873015873015817
2024-02-27,3175,3175,3115,3130,92655,-0.007923930269413626
2024-02-28,3105,3140,3065,3100,160929,-0.009584664536741228
2024-02-29,3080,3140,3055,3115,63817,0.004838709677419395
2024-03-04,3115,3170,3105,3120,53748,0.0016051364365972098
2024-03-05,3035,3110,3030,3040,196661,-0.02564102564102566
2024-03-06,3055,3060,3000,3035,76168,-0.00164473684210531
2024-03-07,3015,3040,2950,3000,145188,-0.011532125205930832
2024-03-08,3000,3015,2960,2985,75996,-0.0050000000000000044
2024-03-11,2960,3100,2940,3080,140450,0.031825795644891075
2024-03-12,3070,3070,3020,3020,67830,-0.01948051948051943
2024-03-13,3020,3040,2960,3000,173547,-0.0066225165562914245
2024-03-14,2995,3080,2980,3010,135098,0.0033333333333334103
2024-03-15,3010,3010,2945,2975,127042,-0.011627906976744207
2024-03-18,2975,2990,2900,2960,78984,-0.005042016806722671
2024-03-19,2940,2965,2900,2945,118697,-0.0050675675675675436
2024-03-20,2945,2945,2870,2945,159992,0.0
2024-03-21,2960,3025,2875,2900,189677,-0.015280135823429575
2024-03-22,2900,2935,2860,2920,182892,0.006896551724137945
2024-03-25,2930,2945,2890,2920,93215,0.0
2024-03-26,2920,2935,2750,2900,220860,-0.006849315068493178
2024-03-27,2905,3040,2905,2965,188264,0.022413793103448265
2024-03-28,2940,2990,2925,2940,81299,-0.00843170320404718
2024-03-29,2915,2940,2820,2865,151808,-0.025510204081632626
2024-04-01,2905,2955,2870,2945,103180,0.027923211169284423
2024-04-02,2955,2955,2850,2880,85591,-0.022071307300509324
2024-04-03,2850,2900,2840,2860,59737,-0.00694444444444442
2024-04-04,2875,2875,2795,2805,104306,-0.019230769230769273
2024-04-05,2805,2895,2770,2840,74171,0.012477718360071277
2024-04-08,2845,2850,2710,2805,54916,-0.01232394366197187
2024-04-09,2790,2810,2740,2740,54240,-0.02317290552584672
2024-04-11,2705,2800,2670,2780,75249,0.014598540145985384
2024-04-12,2755,2790,2715,2715,50354,-0.023381294964028743
2024-04-15,2730,2740,2670,2715,66858,0.0
2024-04-16,2690,2700,2630,2695,107088,-0.007366482504604033
2024-04-17,2695,2735,2690,2720,29725,0.00927643784786647
2024-04-18,2675,2770,2675,2770,58667,0.018382352941176405
2024-04-19,2765,2770,2690,2730,60160,-0.014440433212996373
2024-04-22,2705,2745,2705,2740,41668,0.00366300366300365
2024-04-23,2720,2775,2670,2730,66172,-0.0036496350364964014
2024-04-24,2725,2745,2720,2740,42462,0.00366300366300365
2024-04-25,2735,2750,2705,2725,36087,-0.005474452554744547
2024-04-26,2740,2745,2690,2705,50803,-0.007339449541284404
2024-04-29,2705,2850,2705,2845,129450,0.05175600739371533
2024-04-30,2815,2865,2795,2840,39607,-0.0017574692442882123
2024-05-02,2880,2880,2800,2845,20630,0.0017605633802817433
2024-05-03,2845,2870,2805,2855,27313,0.0035149384885764245
2024-05-07,2855,2860,2805,2835,22600,-0.007005253940455369
2024-05-08,2810,2845,2800,2835,24905,0.0
2024-05-09,2835,2850,2800,2835,31905,0.0
2024-05-10,2845,2875,2820,2865,61086,0.010582010582010692
2024-05-13,2845,2950,2845,2920,121334,0.01919720767888311
2024-05-14,2915,2995,2905,2975,107329,0.018835616438356073
2024-05-16,2975,2995,2905,2920,150510,-0.01848739495798324
2024-05-17,2925,2925,2735,2790,162934,-0.044520547945205435
2024-05-20,2775,2820,2705,2725,130374,-0.023297491039426577
2024-05-21,2715,2740,2675,2725,69088,0.0
2024-05-22,2700,2735,2680,2725,44395,0.0
2024-05-23,2715,2720,2675,2705,50090,-0.007339449541284404
2024-05-24,2700,2795,2695,2765,68346,0.022181146025878062
2024-05-27,2810,2880,2770,2795,103642,0.010849909584086825
2024-05-28,2770,2800,2750,2770,31588,-0.008944543828264706
2024-05-29,2770,2790,2705,2720,70729,-0.018050541516245522
2024-05-30,2720,2740,2700,2715,33122,-0.0018382352941176405
2024-05-31,2705,2745,2700,2720,16933,0.0018416206261511192
2024-06-03,2720,2760,2720,2750,27170,0.011029411764705843
2024-06-04,2750,2750,2700,2715,39335,-0.012727272727272698
2024-06-05,2730,2730,2660,2695,47607,-0.007366482504604033
2024-06-07,2695,2710,2675,2695,29774,0.0
2024-06-10,2695,2725,2685,2710,35642,0.005565862708719838
2024-06-11,2690,2710,2680,2700,27257,-0.0036900369003689537
2024-06-12,2710,2710,2670,2685,27793,-0.005555555555555536
2024-06-13,2675,2710,2650,2710,72063,0.009310986964618184
2024-06-14,2705,2705,2640,2650,81724,-0.022140221402214055
2024-06-17,2640,2655,2615,2655,33792,0.0018867924528302993
2024-06-18,2640,2680,2575,2680,137932,0.009416195856873921
2024-06-19,2680,2680,2625,2660,36916,-0.007462686567164201
2024-06-20,2645,2665,2635,2655,22955,-0.001879699248120259
2024-06-21,2655,2680,2615,2650,23851,-0.0018832391713747842
2024-06-24,2640,2665,2570,2575,37988,-0.028301886792452824
2024-06-25,2560,2595,2535,2580,47888,0.001941747572815622
2024-06-26,2555,2635,2550,2590,28775,0.003875968992248069
2024-06-27,2565,2595,2540,2575,20011,-0.00579150579150578
2024-06-28,2580,2770,2580,2725,182992,0.058252427184465994
2024-07-01,2760,2835,2705,2740,128086,0.005504587155963359
2024-07-02,2770,2770,2645,2700,73635,-0.014598540145985384
2024-07-03,2650,2700,2575,2610,59479,-0.033333333333333326
2024-07-04,2630,2640,2540,2585,38974,-0.009578544061302652
2024-07-05,2585,2595,2560,2595,28536,0.003868471953578423
2024-07-08,2580,2610,2560,2600,45955,0.0019267822736031004
2024-07-09,2580,2605,2560,2600,33933,0.0
2024-07-10,2585,2595,2560,2575,27473,-0.009615384615384581
2024-07-11,2575,2680,2565,2625,93871,0.01941747572815533
2024-07-12,2630,2635,2575,2605,37897,-0.007619047619047636
2024-07-15,2585,2630,2570,2630,67499,0.009596928982725572
2024-07-16,2605,2625,2560,2560,63139,-0.026615969581749055
2024-07-17,2565,2580,2525,2555,51514,-0.001953125
2024-07-18,2525,2555,2475,2480,79362,-0.02935420743639927
2024-07-19,2480,2495,2380,2405,169736,-0.030241935483870996
2024-07-22,2405,2405,2315,2330,89190,-0.03118503118503113
2024-07-23,2315,2350,2315,2345,64437,0.006437768240343367
2024-07-24,2315,2400,2280,2400,97731,0.023454157782516027
2024-07-25,2385,2385,2260,2340,104404,-0.025000000000000022
2024-07-26,2320,2360,2310,2330,93231,-0.004273504273504258
2024-07-29,2335,2355,2320,2330,22567,0.0
2024-07-30,2310,2330,2265,2285,74323,-0.01931330472102999
2024-07-31,2295,2295,2245,2270,35879,-0.006564551422319487
2024-08-01,2270,2295,2220,2280,83834,0.004405286343612369
2024-08-02,2270,2270,2150,2200,110463,-0.03508771929824561
2024-08-05,2195,2195,1810,1942,196503,-0.1172727272727273
2024-08-06,1953,2090,1934,2020,123396,0.040164778578784865
2024-08-07,1959,2090,1959,2075,64892,0.027227722772277252
2024-08-08,2055,2060,1995,2060,39941,-0.0072289156626506035
2024-08-09,2050,2110,2050,2110,27206,0.024271844660194164
2024-08-12,2110,2175,2100,2170,33703,0.028436018957346043
2024-08-13,2160,2160,2070,2120,30060,-0.02304147465437789
2024-08-14,2125,2170,2115,2160,16554,0.018867924528301883
2024-08-16,2165,2180,2110,2160,30359,0.0
2024-08-19,2155,2165,2115,2140,15653,-0.0092592592592593
2024-08-20,2120,2160,2100,2155,35626,0.007009345794392496
2024-08-21,2145,2160,2120,2145,13591,-0.004640371229698403
2024-08-22,2140,2155,2085,2130,19715,-0.006993006993006978
2024-08-23,2125,2125,2030,2075,73496,-0.025821596244131495
2024-08-26,2085,2085,1999,2045,56128,-0.014457831325301207
2024-08-27,2040,2045,2005,2035,33673,-0.004889975550122272
2024-08-28,2045,2045,2005,2030,24266,-0.002457002457002422
2024-08-29,2030,2030,1999,2025,23668,-0.0024630541871921707
2024-08-30,2025,2080,2025,2050,18077,0.012345679012345734
2024-09-02,2050,2070,2010,2035,14610,-0.007317073170731714
2024-09-03,2010,2080,2010,2080,41626,0.02211302211302213
2024-09-04,1976,2055,1976,2000,22291,-0.038461538461538436
2024-09-05,2010,2050,1992,2050,26615,0.02499999999999991
2024-09-06,2030,2040,1982,2020,35770,-0.014634146341463428
2024-09-09,1929,2010,1929,2010,19150,-0.004950495049504955
2024-09-10,2010,2090,2010,2065,44993,0.027363184079602032
2024-09-11,2045,2110,2015,2090,39199,0.012106537530266248
2024-09-12,2090,2110,2070,2095,23698,0.0023923444976077235
2024-09-13,2090,2120,2075,2100,35712,0.0023866348448686736
2024-09-19,2100,2110,2080,2085,38873,-0.0071428571428571175
2024-09-20,2080,2130,2055,2120,34190,0.01678657074340517
2024-09-23,2100,2140,2055,2125,26634,0.002358490566037652
2024-09-24,2105,2190,2085,2185,38432,0.028235294117647136
2024-09-25,2165,2205,2165,2195,18330,0.004576659038901587
2024-09-26,2195,2245,2180,2210,33979,0.006833712984054774
2024-09-27,2200,2220,2170,2220,28378,0.004524886877828038
2024-09-30,2220,2220,2135,2190,43487,-0.013513513513513487
2024-10-02,2170,2205,2145,2190,23503,0.0
2024-10-04,2190,2190,2080,2165,83822,-0.011415525114155223
2024-10-07,2140,2210,2125,2205,28744,0.018475750577367167
2024-10-08,2175,2210,2160,2190,20976,-0.006802721088435382
2024-10-10,2190,2200,2155,2180,27319,-0.004566210045662156
2024-10-11,2185,2240,2180,2215,23420,0.016055045871559592
2024-10-14,2210,2220,2185,2215,22817,0.0
2024-10-15,2205,2250,2170,2230,57380,0.006772009029345272
2024-10-16,2200,2215,2165,2190,35178,-0.017937219730941756
2024-10-17,2185,2195,2140,2170,26247,-0.0091324200913242
2024-10-18,2185,2215,2095,2150,50850,-0.009216589861751112
2024-10-21,2135,2170,2120,2145,40487,-0.0023255813953488857
2024-10-22,2125,2170,2060,2160,43385,0.006993006993007089
2024-10-23,2140,2175,2125,2165,15662,0.0023148148148148806
2024-10-24,2120,2145,2090,2140,30081,-0.011547344110854452
2024-10-25,2150,2185,2125,2180,41614,0.01869158878504673
2024-10-28,2180,2190,2105,2170,40026,-0.004587155963302725
2024-10-29,2165,2165,2100,2110,50887,-0.027649769585253448
2024-10-30,2110,2140,2110,2130,9037,0.009478672985782088
2024-10-31,2130,2135,2085,2120,28291,-0.0046948356807511304
2024-11-01,2075,2095,2055,2080,40960,-0.018867924528301883
2024-11-04,2075,2125,2050,2115,43677,0.016826923076923128
2024-11-05,2095,2150,2090,2120,55587,0.0023640661938533203
2024-11-06,2120,2150,2100,2120,31564,0.0
2024-11-07,2100,2125,2060,2090,27131,-0.014150943396226467
2024-11-08,2070,2105,2070,2090,31596,0.0
2024-11-11,2100,2100,2000,2075,78919,-0.0071770334928229484
2024-11-12,2070,2075,1995,2045,40418,-0.014457831325301207
2024-11-13,2025,2045,1994,2015,15678,-0.014669926650366705
2024-11-14,2005,2025,1960,2010,24100,-0.002481389578163795
2024-11-15,1979,2010,1951,2005,40257,-0.0024875621890547706
2024-11-18,2005,2005,1970,1998,18880,-0.003491271820448838
2024-11-19,1986,2120,1986,2050,72950,0.026026026026026106
2024-11-20,2045,2060,2000,2030,36959,-0.009756097560975618
2024-11-21,2005,2020,1995,2005,27179,-0.012315270935960632
2024-11-22,2000,2005,1980,2000,32296,-0.0024937655860348684
2024-11-25,2000,2065,1994,2005,81567,0.0024999999999999467
2024-11-26,2005,2045,1996,2045,23026,0.01995012468827939
2024-11-27,2050,2095,2015,2095,29254,0.02444987775061125
2024-11-28,2080,2200,2080,2190,123408,0.04534606205250591
2024-11-29,2190,2240,2120,2240,92170,0.022831050228310446
2024-12-02,2235,2280,2155,2200,126618,-0.017857142857142905
2024-12-03,2210,2220,2070,2145,199589,-0.025000000000000022
2024-12-04,2045,2090,2005,2025,195824,-0.05594405594405594
2024-12-05,2025,2050,1991,2015,92462,-0.004938271604938316
2024-12-06,2005,2015,1901,2000,73566,-0.007444168734491274
2024-12-09,1905,1979,1869,1887,126189,-0.056499999999999995
2024-12-10,1860,2000,1860,1990,133690,0.05458399576046635
2024-12-11,1995,2130,1980,2130,132971,0.07035175879396993
2024-12-12,2115,2150,2065,2110,41572,-0.009389671361502372
2024-12-13,2110,2205,2080,2195,125771,0.04028436018957349
2024-12-16,2195,2235,2155,2210,56516,0.006833712984054774
2024-12-17,2210,2215,2160,2195,32561,-0.006787330316742057
2024-12-18,2175,2210,2160,2200,63174,0.002277904328018332
2024-12-19,2140,2185,2140,2165,24856,-0.015909090909090873
2024-12-20,2145,2180,2090,2140,44936,-0.011547344110854452
2024-12-23,2165,2195,2035,2190,89818,0.02336448598130847
2024-12-24,2170,2240,2095,2140,99278,-0.022831050228310557
2024-12-26,2145,2160,2100,2140,93412,0.0
2024-12-27,2130,2130,2000,2040,110047,-0.04672897196261683
2024-12-30,2025,2050,2000,2050,17492,0.004901960784313708
2025-01-02,2050,2105,2000,2095,89341,0.02195121951219514
2025-01-03,2110,2200,2095,2170,101919,0.03579952267303099
2025-01-06,2185,2235,2160,2170,169132,0.0
2025-01-07,2170,2280,2170,2230,164418,0.02764976958525356
2025-01-08,2245,2300,2220,2265,80952,0.015695067264573925
2025-01-09,2255,2290,2240,2265,34463,0.0
2025-01-10,2270,2275,2230,2265,82413,0.0
2025-01-13,2260,2280,2235,2260,39145,-0.002207505518763808
2025-01-14,2265,2285,2250,2275,34363,0.006637168141592875
2025-01-15,2260,2410,2260,2400,203483,0.05494505494505497
2025-01-16,2395,2410,2345,2400,66605,0.0
2025-01-17,2390,2400,2360,2390,45109,-0.004166666666666652
2025-01-20,2390,2410,2325,2355,69397,-0.014644351464435101
2025-01-21,2360,2380,2320,2375,72384,0.00849256900212314
2025-01-22,2400,2425,2350,2420,107957,0.0189473684210526
2025-01-23,2440,2540,2390,2520,400179,0.04132231404958686
2025-01-24,2535,2625,2530,2535,365413,0.005952380952380931
2025-01-31,2535,2630,2505,2615,145047,0.03155818540433919
2025-02-03,2615,2660,2550,2600,146463,-0.005736137667303964
2025-02-04,2600,2635,2560,2600,123233,0.0
2025-02-05,2600,2655,2565,2625,64861,0.009615384615384581
2025-02-06,2620,2670,2595,2630,81429,0.0019047619047618536
2025-02-07,2630,2740,2600,2740,186466,0.041825095057034245
2025-02-10,2740,2790,2680,2745,188988,0.0018248175182482562
2025-02-11,2745,2775,2720,2740,90645,-0.0018214936247723523
2025-02-12,2740,2900,2720,2895,305003,0.0565693430656935
2025-02-13,2860,2880,2780,2830,184646,-0.022452504317789335
2025-02-14,2820,2885,2745,2800,151202,-0.010600706713780883
2025-02-17,2800,2800,2500,2545,697769,-0.09107142857142858
2025-02-18,2545,2590,2420,2590,168017,0.017681728880157177
2025-02-19,2565,2645,2510,2635,109808,0.01737451737451745
2025-02-20,2675,2940,2610,2710,1152659,0.028462998102466885
2025-02-21,2630,2655,2520,2565,301616,-0.053505535055350606
2025-02-24,2550,2595,2515,2560,111988,-0.0019493177387914784
2025-02-25,2620,2675,2565,2645,159667,0.033203125
2025-02-26,2675,2680,2565,2590,86294,-0.020793950850661602
2025-02-27,2640,2640,2545,2620,107526,0.01158301158301156
2025-02-28,2565,2655,2555,2620,180407,0.0
2025-03-04,2620,2625,2460,2525,232177,-0.0362595419847328
2025-03-05,2570,2630,2530,2630,237831,0.04158415841584162
2025-03-06,2650,2680,2595,2680,260814,0.019011406844106515
2025-03-07,2675,2740,2620,2645,346979,-0.013059701492537323
2025-03-10,2925,3435,2825,3230,16434410,0.2211720226843099
2025-03-11,3300,3385,3210,3335,5395596,0.03250773993808043
2025-03-12,3345,3610,3250,3285,6678094,-0.014992503748125885
2025-03-13,3295,3520,3280,3430,3272209,0.04414003044140036
2025-03-14,3470,4210,3400,3930,27710679,0.14577259475218662
2025-03-17,3870,3930,3565,3570,4378896,-0.09160305343511455
2025-03-18,3630,3660,3450,3525,2441909,-0.012605042016806678
2025-03-19,3460,3535,3300,3460,2052663,-0.018439716312056764
2025-03-20,3410,3495,3355,3495,1883021,0.01011560693641611
2025-03-21,3415,3440,3045,3090,2752401,-0.11587982832618027
2025-03-24,3035,3040,2870,2915,1872937,-0.05663430420711979
2025-03-25,2890,2960,2750,2755,1791452,-0.054888507718696355
2025-03-26,2755,2880,2710,2730,1499471,-0.00907441016333943
2025-03-27,2730,2825,2710,2765,782784,0.012820512820512775
2025-03-28,2870,3265,2640,2765,22208295,0.0
2025-03-31,2775,3065,2720,2720,7052323,-0.016274864376130238
2025-04-01,2680,2770,2535,2650,2263874,-0.02573529411764708
2025-04-02,2630,2675,2445,2460,1506427,-0.07169811320754715
2025-04-03,2405,2495,2360,2380,870953,-0.03252032520325199
2025-04-04,2360,2515,2325,2430,1148876,0.021008403361344463
2025-04-07,2370,2380,2140,2180,1163867,-0.10288065843621397
2025-04-08,2225,2315,2190,2210,556757,0.013761467889908285
2025-04-09,2160,2205,2060,2095,528032,-0.05203619909502266
2025-04-10,2180,2265,2155,2260,505371,0.07875894988066823
2025-04-11,2245,2615,2200,2400,7562811,0.06194690265486735
2025-04-14,2325,2415,2295,2385,965489,-0.006249999999999978
2025-04-15,2400,2420,2340,2365,583923,-0.008385744234800874
2025-04-16,2365,2435,2275,2280,817686,-0.03594080338266381
2025-04-17,2315,2410,2305,2390,764066,0.04824561403508776
2025-04-18,2425,2500,2360,2370,1187853,-0.008368200836820106
2025-04-21,2390,2390,2300,2300,345614,-0.029535864978902926
2025-04-22,2280,2330,2265,2290,218689,-0.004347826086956497
2025-04-23,2305,2345,2280,2315,264538,0.01091703056768556
2025-04-24,2315,2330,2270,2270,195301,-0.01943844492440605
2025-04-25,2280,2320,2265,2285,182865,0.0066079295154184425
2025-04-28,2270,2290,2190,2195,367980,-0.03938730853391681
2025-04-29,2180,2285,2180,2255,276103,0.02733485193621865
2025-04-30,2260,2310,2225,2260,301181,0.0022172949002217113
2025-05-02,2265,2330,2200,2295,241971,0.015486725663716783
2025-05-07,2255,2285,2195,2250,346628,-0.019607843137254943
2025-05-08,2225,2300,2210,2285,169761,0.015555555555555545
2025-05-09,2285,2295,2200,2230,203301,-0.024070021881838044
2025-05-12,2230,2275,2200,2270,156940,0.017937219730941756
2025-05-13,2275,2280,2245,2250,167599,-0.008810572687224627
2025-05-14,2245,2270,2230,2250,133073,0.0
2025-05-15,2250,2270,2195,2200,192581,-0.022222222222222254
2025-05-16,2220,2220,2135,2165,173210,-0.015909090909090873
2025-05-19,2125,2155,2110,2150,133134,-0.006928406466512715
2025-05-20,2130,2165,2110,2115,123109,-0.016279069767441867
2025-05-21,2110,2150,2105,2115,106706,0.0
2025-05-22,2105,2120,2075,2110,108725,-0.0023640661938534313
2025-05-23,2110,2130,2070,2095,79343,-0.007109004739336511
2025-05-26,2090,2145,2070,2090,119804,-0.0023866348448687846
2025-05-27,2080,2110,2040,2050,151616,-0.019138755980861233
2025-05-28,2050,2100,2050,2075,89325,0.012195121951219523
2025-05-29,2060,2110,2060,2110,76865,0.01686746987951815
2025-05-30,2110,2110,2050,2065,131613,-0.021327014218009532
2025-06-02,2130,2310,2120,2150,1943428,0.041162227602905554
2025-06-04,2150,2195,2130,2180,236971,0.013953488372093092
2025-06-05,2175,2245,2150,2190,302018,0.004587155963302836
2025-06-09,2190,2240,2185,2220,167386,0.013698630136986356
2025-06-10,2220,2580,2185,2485,3822611,0.11936936936936937
2025-06-11,2450,2450,2350,2385,818940,-0.04024144869215296
2025-06-12,2360,2390,2330,2330,428942,-0.023060796645702264
2025-06-13,2330,2400,2215,2250,701789,-0.03433476394849788
2025-06-16,2230,2270,2210,2235,300780,-0.00666666666666671
2025-06-17,2235,2260,2200,2230,315006,-0.0022371364653244186
2025-06-18,2210,2250,2155,2235,192812,0.0022421524663676085
2025-06-19,2250,2595,2235,2480,4212211,0.10961968680089496
2025-06-20,2460,2680,2400,2620,1834745,0.056451612903225756
2025-06-23,2550,2555,2465,2465,588667,-0.059160305343511466
2025-06-24,2490,2535,2460,2500,386489,0.014198782961460488
2025-06-25,2495,2510,2400,2410,243048,-0.03600000000000003
2025-06-26,2410,2500,2320,2335,226159,-0.03112033195020747
2025-06-27,2335,2380,2300,2340,151631,0.0021413276231263545
2025-06-30,2400,2575,2365,2365,1231132,0.010683760683760646
2025-07-01,2370,2405,2285,2345,511546,-0.008456659619450302
2025-07-02,2315,2350,2255,2315,224910,-0.01279317697228144
2025-07-03,2315,2350,2295,2320,149051,0.002159827213822796
2025-07-04,2310,2320,2250,2270,155723,-0.02155172413793105
2025-07-07,2270,2325,2245,2290,89319,0.008810572687224738
2025-07-08,2255,2320,2225,2280,153134,-0.004366812227074246
2025-07-09,2280,2315,2255,2285,101892,0.002192982456140413
2025-07-10,2310,2310,2255,2260,105664,-0.01094091903719907
2025-07-11,2260,2305,2255,2275,111538,0.006637168141592875
2025-07-14,2275,2280,2245,2275,106597,0.0
2025-07-15,2280,2285,2250,2275,106534,0.0
2025-07-16,2280,2280,2220,2230,165377,-0.01978021978021982
2025-07-17,2230,2250,2190,2245,140128,0.006726457399103047
2025-07-18,2230,2250,2190,2210,126554,-0.015590200445434244
2025-07-21,2195,2275,2195,2270,126794,0.02714932126696823
2025-07-22,2280,2285,2210,2245,94597,-0.011013215859030812
2025-07-23,2245,2245,2190,2225,116643,-0.008908685968819552
2025-07-24,2215,2230,2155,2165,203497,-0.026966292134831482
2025-07-25,2165,2185,2135,2140,122106,-0.011547344110854452
2025-07-28,2135,2170,2115,2120,75470,-0.009345794392523366
2025-07-29,2120,2130,2100,2115,76207,-0.002358490566037763
2025-07-30,2130,2130,2095,2120,86959,0.0023640661938533203
2025-07-31,2130,2170,2105,2170,93466,0.02358490566037741
2025-08-01,2165,2165,2055,2055,225914,-0.05299539170506917
2025-08-04,2055,2115,2025,2065,54250,0.0048661800486617945
2025-08-05,2090,2120,2080,2100,66191,0.016949152542372836
2025-08-06,2100,2125,2085,2095,46997,-0.0023809523809523725
2025-08-07,2095,2185,2095,2185,156869,0.042959427207637235
2025-08-08,2185,2195,2145,2195,122095,0.004576659038901587
2025-08-11,2195,2200,2150,2200,73890,0.002277904328018332
2025-08-12,2210,2220,2170,2210,99034,0.00454545454545463
2025-08-13,2215,2215,2120,2175,81349,-0.015837104072398245
2025-08-14,2160,2200,2160,2185,53583,0.0045977011494253706
2025-08-18,2155,2160,2105,2120,96579,-0.029748283752860427
2025-08-19,2150,2740,2120,2670,35810205,0.25943396226415105
2025-08-20,2630,2710,2460,2505,6891612,-0.061797752808988804
2025-08-21,2495,2585,2450,2515,3120573,0.003992015968063978
2025-08-22,2515,2675,2435,2445,5907205,-0.027833001988071593
2025-08-25,2450,2475,2375,2400,1201549,-0.018404907975460127
2025-08-26,2365,2560,2360,2445,2537615,0.018750000000000044
2025-08-27,2415,2420,2315,2325,918971,-0.049079754601227044
2025-08-28,2315,2320,2270,2305,542110,-0.008602150537634357
2025-08-29,2290,2310,2245,2275,291670,-0.013015184381778733
2025-09-01,2250,2275,2210,2235,333430,-0.01758241758241763
2025-09-02,2230,2280,2190,2235,411447,0.0
2025-09-03,2245,2250,2205,2235,147520,0.0
2025-09-04,2235,2275,2225,2255,140085,0.008948545861297452
2025-09-05,2255,2290,2230,2270,203001,0.006651884700665134
2025-09-08,2270,2285,2220,2245,147317,-0.011013215859030812
2025-09-09,2255,2260,2180,2245,315267,0.0
2025-09-10,2250,2265,2155,2195,1095075,-0.022271714922049046
2025-09-11,2195,2235,2190,2215,209741,0.009111617312072884
2025-09-12,2215,2245,2182,2235,200028,0.009029345372460584
2025-09-15,2235,2235,2185,2210,158937,-0.01118568232662187
2025-09-16,2210,2270,2195,2205,370138,-0.002262443438914019
2025-09-17,2200,2330,2200,2245,847763,0.018140589569161092
2025-09-18,2275,2300,2265,2270,351486,0.011135857461024523
2025-09-19,2275,2305,2230,2255,155652,-0.0066079295154185536
2025-09-22,2255,2305,2240,2265,289425,0.0044345898004434225
2025-09-23,2245,2280,2180,2185,251130,-0.03532008830022071
2025-09-24,2185,2185,2150,2165,141362,-0.009153318077803174
2025-09-25,2150,2165,2095,2140,338565,-0.011547344110854452
2025-09-26,2125,2135,2075,2090,188928,-0.02336448598130836
2025-09-29,2090,2120,2075,2115,111232,0.011961722488038173
2025-09-30,2090,2110,2060,2070,164863,-0.021276595744680882
2025-10-01,2070,2090,2030,2055,211015,-0.007246376811594235
2025-10-02,2055,2095,2045,2085,101414,0.014598540145985384
2025-10-10,2085,2095,2057,2060,108782,-0.011990407673860948
2025-10-13,2050,2095,2005,2060,128544,0.0
2025-10-14,2065,2080,2015,2025,198869,-0.016990291262135915
2025-10-15,2055,2150,2035,2090,138938,0.032098765432098775
2025-10-16,2075,2180,2050,2055,178505,-0.01674641148325362
2025-10-17,2055,2055,2010,2025,110080,-0.014598540145985384
2025-10-20,2035,2035,2010,2020,83696,-0.0024691358024691024
2025-10-21,2010,2050,2010,2025,125750,0.0024752475247524774
2025-10-22,2020,2045,2005,2040,83345,0.007407407407407307
2025-10-23,2045,2060,2010,2010,90811,-0.014705882352941124
2025-10-24,2020,2025,2005,2015,79739,0.0024875621890547706
2025-10-27,2015,2115,2015,2085,294912,0.03473945409429291
2025-10-28,2085,2130,2045,2060,148213,-0.011990407673860948
2025-10-29,2070,2075,2010,2010,200577,-0.024271844660194164
2025-10-30,2020,2155,2020,2050,522743,0.01990049751243772
2025-10-31,2050,2125,2030,2080,209167,0.014634146341463428
2025-11-03,2120,2120,1963,1997,588216,-0.03990384615384612
2025-11-04,1999,2035,1977,1981,206550,-0.008012018027040546
2025-11-05,1962,1980,1800,1960,362944,-0.010600706713780883
2025-11-06,1960,1986,1881,1979,219468,0.009693877551020469
2025-11-07,1979,1985,1902,1933,111905,-0.023244062657908016
2025-11-10,1929,1970,1929,1951,57068,0.009311950336264863
2025-11-11,1951,1976,1900,1935,150735,-0.008200922603792904
2025-11-12,1935,1965,1920,1956,66259,0.010852713178294504
2025-11-13,1980,2060,1926,1960,434735,0.002044989775051187
2025-11-14,1927,1958,1920,1941,95400,-0.009693877551020358
2025-11-17,1941,1955,1870,1919,130631,-0.011334363730036046
2025-11-18,1871,1938,1861,1868,74360,-0.026576341844710805
2025-11-19,1850,1866,1827,1832,141717,-0.01927194860813708
2025-11-20,1830,1920,1830,1900,103527,0.037117903930131035
2025-11-21,1835,1896,1835,1843,67163,-0.030000000000000027
2025-11-24,1844,1865,1836,1836,72759,-0.0037981551817688475
2025-11-25,1827,1868,1827,1850,77563,0.007625272331154731
2025-11-26,1850,1880,1850,1859,109810,0.004864864864864815
2025-11-27,1877,1880,1855,1863,59690,0.002151694459386677
2025-11-28,1850,1935,1850,1914,47548,0.027375201288244666
2025-12-01,1898,1943,1898,1908,91843,-0.0031347962382445305
2025-12-02,1897,1925,1893,1923,48038,0.007861635220125729
2025-12-03,1928,1929,1900,1910,46330,-0.006760270410816394
2025-12-04,1893,1917,1889,1910,75335,0.0
2025-12-05,1913,1913,1875,1900,91445,-0.005235602094240788
2025-12-08,1900,1901,1860,1877,90955,-0.01210526315789473
2025-12-09,1877,1880,1765,1873,64158,-0.0021310602024506853
2025-12-10,1873,1912,1867,1904,60169,0.016550987720235
2025-12-11,1885,1935,1885,1910,91238,0.0031512605042016695
2025-12-12,1910,1939,1909,1935,129104,0.01308900523560208
2025-12-15,1919,1956,1912,1948,80673,0.006718346253229868
2025-12-16,1934,1958,1905,1913,67633,-0.017967145790554362
2025-12-17,1897,1924,1893,1912,60616,-0.000522739153162588
2025-12-18,1903,1923,1890,1919,61424,0.0036610878661087476
2025-12-19,1903,1945,1900,1929,52624,0.005211047420531578
2025-12-22,1924,1949,1915,1942,50315,0.006739243131156147
2025-12-23,1934,1954,1915,1921,75663,-0.010813594232749746
2025-12-24,1915,1929,1904,1929,33264,0.004164497657470179
2025-12-26,1919,1946,1890,1900,26774,-0.015033696215655756
2025-12-29,1900,1911,1860,1879,64033,-0.011052631578947314
2025-12-30,1880,1885,1860,1879,79404,0.0
2026-01-02,1910,2040,1910,1977,533543,0.0521554018094732
2026-01-05,1986,1999,1935,1961,126584,-0.008093070308548334
2026-01-06,1961,1978,1885,1901,152411,-0.03059663437021931
2026-01-07,1880,1900,1872,1900,81373,-0.0005260389268806342
2026-01-08,1899,1919,1850,1876,108877,-0.012631578947368438
2026-01-09,1880,1895,1852,1876,49428,0.0
2026-01-12,1876,1900,1845,1878,145858,0.0010660980810235365
2026-01-13,1878,1878,1837,1856,122183,-0.011714589989350377
2026-01-14,1856,1862,1837,1847,45854,-0.004849137931034475
2026-01-15,1847,1882,1827,1830,94291,-0.00920411478072547
2026-01-16,1830,1880,1800,1826,146062,-0.002185792349726823
2026-01-19,1826,1843,1781,1827,126545,0.0005476451259582849
2026-01-20,1827,1836,1796,1825,56236,-0.0010946907498631253
2026-01-21,1810,1824,1781,1781,97222,-0.024109589041095836
2026-01-22,1783,1807,1783,1803,55046,0.012352610892756966
