Date,Open,High,Low,Close,Volume,Change
2022-01-03,2149,2169,2126,2169,1438887,0.013078000934142908
2022-01-04,2169,2264,2154,2216,3520275,0.02166897187644068
2022-01-05,2216,2216,2144,2164,819550,-0.023465703971119134
2022-01-06,2136,2209,2099,2154,1173097,-0.004621072088724532
2022-01-07,2154,2209,2154,2196,777692,0.01949860724233976
2022-01-10,2194,2194,2144,2176,551207,-0.00910746812386154
2022-01-11,2171,2171,2094,2124,600345,-0.023897058823529438
2022-01-12,2126,2156,2111,2131,312609,0.003295668549905928
2022-01-13,2119,2131,2084,2116,583707,-0.007038948850304982
2022-01-14,2089,2114,2064,2109,434124,-0.0033081285444234165
2022-01-17,2086,2099,2024,2039,523195,-0.03319108582266472
2022-01-18,2014,2066,1999,2019,457230,-0.009808729769494873
2022-01-19,1959,2019,1939,1939,626909,-0.039623576027736473
2022-01-20,1939,1999,1929,1999,309196,0.030943785456420736
2022-01-21,1969,2224,1969,2096,6191789,0.04852426213106553
2022-01-24,2061,2214,2019,2049,5326740,-0.022423664122137366
2022-01-25,2049,2081,1959,1984,1253012,-0.03172279160566127
2022-01-26,1964,2014,1964,1976,717653,-0.0040322580645161255
2022-01-27,1976,2006,1904,1921,931458,-0.027834008097165963
2022-01-28,1921,1994,1904,1976,556805,0.028630921395106812
2022-02-03,1991,2019,1974,2011,658584,0.01771255060728749
2022-02-04,1991,2026,1981,2024,612289,0.006464445549477782
2022-02-07,2091,2129,2014,2049,2067203,0.012351778656126466
2022-02-08,2069,2126,2024,2029,1516241,-0.009760858955588092
2022-02-09,2049,2129,2029,2074,2601972,0.022178413011335607
2022-02-10,2069,2084,2044,2049,632382,-0.012054001928640257
2022-02-11,2041,2051,1991,2024,470662,-0.012201073694485087
2022-02-14,1981,1996,1921,1966,686420,-0.028656126482213384
2022-02-15,1974,2001,1924,1961,614721,-0.0025432349949134903
2022-02-16,1979,2049,1979,2034,963999,0.03722590515043356
2022-02-17,2084,2101,1964,2024,2092096,-0.004916420845624381
2022-02-18,2024,2084,1994,2054,1204320,0.014822134387351804
2022-02-21,2011,2079,2001,2029,620409,-0.012171372930866564
2022-02-22,1991,2036,1984,1991,561862,-0.018728437654016772
2022-02-23,2001,2019,1979,2001,461249,0.0050226017076846485
2022-02-24,2059,2066,1949,1961,1204706,-0.019990004997501254
2022-02-25,2011,2061,1989,2026,1162438,0.03314635390107079
2022-02-28,2049,2086,2024,2061,1431739,0.01727541954590328
2022-03-02,2074,2109,2049,2109,1145479,0.02328966521106257
2022-03-03,2109,2119,2084,2114,893081,0.0023707918444759724
2022-03-04,2104,2109,2069,2084,473579,-0.014191106906338735
2022-03-07,2069,2074,2014,2016,699834,-0.03262955854126681
2022-03-08,1986,2031,1979,2031,593389,0.007440476190476275
2022-03-10,2076,2076,2034,2061,515513,0.01477104874446078
2022-03-11,2066,2096,2046,2096,830069,0.016982047549733092
2022-03-14,2111,2176,2096,2166,2636684,0.033396946564885566
2022-03-15,2154,2176,2131,2166,1169270,0.0
2022-03-16,2169,2219,2139,2166,1601092,0.0
2022-03-17,2176,2211,2161,2206,1625022,0.01846722068328721
2022-03-18,2204,2206,2169,2189,748922,-0.007706255666364514
2022-03-21,2201,2221,2184,2209,1017773,0.009136592051165016
2022-03-22,2219,2229,2191,2229,1059293,0.009053870529651453
2022-03-23,2246,2284,2231,2261,2477406,0.014356213548676555
2022-03-24,2276,2279,2211,2251,1386554,-0.00442282176028308
2022-03-25,2254,2264,2226,2249,768061,-0.0008884940026654409
2022-03-28,2251,2261,2211,2251,866906,0.0008892841262784223
2022-03-29,2241,2264,2201,2246,1287738,-0.002221235006663713
2022-03-30,2246,2246,2179,2189,1158207,-0.02537845057880672
2022-03-31,2169,2266,2169,2266,2816373,0.035175879396984966
2022-04-01,2216,2236,2201,2219,1118962,-0.020741394527802326
2022-04-04,2216,2216,2159,2194,1027127,-0.01126633618747186
2022-04-05,2194,2216,2184,2216,543551,0.010027347310847867
2022-04-06,2174,2214,2169,2201,543307,-0.006768953068592043
2022-04-07,2156,2189,2129,2154,750422,-0.021353930031803747
2022-04-08,2139,2164,2121,2146,456356,-0.00371402042711233
2022-04-11,2161,2179,2119,2174,597823,0.013047530288909703
2022-04-12,2161,2169,2104,2129,567910,-0.020699172033118662
2022-04-13,2114,2164,2111,2149,363918,0.009394081728510972
2022-04-14,2136,2156,2134,2149,285411,0.0
2022-04-15,2149,2166,2141,2161,326659,0.0055839925546765645
2022-04-18,2166,2224,2166,2214,1606599,0.02452568255437293
2022-04-19,2199,2224,2186,2216,766253,0.0009033423667570428
2022-04-20,2211,2211,2169,2171,764136,-0.02030685920577613
2022-04-21,2171,2186,2151,2174,512658,0.0013818516812529325
2022-04-22,2174,2174,2139,2149,346733,-0.011499540018399257
2022-04-25,2119,2139,2071,2071,647977,-0.03629595160539789
2022-04-26,2069,2109,2064,2074,401028,0.0014485755673587786
2022-04-27,2024,2064,2011,2064,305461,-0.004821600771456103
2022-04-28,2054,2066,2039,2049,297947,-0.007267441860465129
2022-04-29,2041,2066,2039,2064,259624,0.007320644216691097
2022-05-02,2036,2054,2011,2049,281342,-0.007267441860465129
2022-05-03,2049,2136,2039,2091,873401,0.020497803806734938
2022-05-04,2084,2099,2046,2059,383157,-0.015303682448589151
2022-05-06,2024,2041,2014,2031,250085,-0.013598834385624037
2022-05-09,2001,2029,1969,1999,354535,-0.015755785327424943
2022-05-10,1946,1974,1789,1911,919753,-0.04402201100550274
2022-05-11,1894,1936,1894,1899,261976,-0.006279434850863463
2022-05-12,1856,1919,1821,1861,452217,-0.020010531858873137
2022-05-13,1856,1896,1856,1896,252008,0.018807092960773764
2022-05-16,1894,2144,1894,1974,4267723,0.04113924050632911
2022-05-17,1956,1971,1949,1969,279980,-0.002532928064842954
2022-05-18,1971,2139,1971,2014,3775870,0.022854240731335684
2022-05-19,1979,2001,1956,1996,279457,-0.00893743793445878
2022-05-20,1989,2016,1976,1976,438831,-0.01002004008016033
2022-05-23,2001,2019,1984,2016,332815,0.020242914979757165
2022-05-24,2016,2016,1959,1994,300760,-0.010912698412698374
2022-05-25,1994,2191,1964,2004,8112355,0.005015045135406293
2022-05-26,2024,2054,2011,2031,922139,0.013473053892215647
2022-05-27,2036,2049,2016,2041,453091,0.00492368291482026
2022-05-30,2044,2056,2029,2044,355453,0.0014698677119058257
2022-05-31,2036,2054,2019,2034,281598,-0.004892367906066508
2022-06-02,2044,2044,2016,2019,250793,-0.007374631268436627
2022-06-03,2021,2044,2016,2044,375407,0.012382367508667613
2022-06-07,2049,2169,2014,2069,2999468,0.012230919765166437
2022-06-08,2059,2061,2024,2029,501561,-0.019333011116481447
2022-06-09,2024,2031,1991,2006,468123,-0.011335633316904903
2022-06-10,1979,2001,1974,1996,292677,-0.004985044865403743
2022-06-13,1931,2014,1869,1869,906071,-0.06362725450901807
2022-06-14,1809,1841,1791,1816,666520,-0.028357410379882264
2022-06-15,1784,1814,1714,1727,780941,-0.049008810572687245
2022-06-16,1732,1886,1732,1799,1313823,0.04169079328315006
2022-06-17,1722,1864,1697,1841,1686770,0.023346303501945442
2022-06-20,1841,1859,1724,1744,892337,-0.052688756110809365
2022-06-21,1729,1791,1684,1732,1622790,-0.006880733944954143
2022-06-22,1734,1742,1562,1582,850839,-0.08660508083140872
2022-06-23,1574,1594,1424,1424,1533588,-0.09987357774968397
2022-06-24,1397,1524,1397,1524,1248543,0.0702247191011236
2022-06-27,1544,1627,1534,1609,745411,0.05577427821522307
2022-06-28,1589,1649,1542,1609,890804,0.0
2022-06-29,1574,1612,1564,1604,298589,-0.003107520198881275
2022-06-30,1594,1597,1524,1542,313325,-0.03865336658354113
2022-07-01,1542,1604,1479,1479,373806,-0.040856031128404635
2022-07-04,1499,1517,1439,1494,268174,0.010141987829614507
2022-07-05,1474,1544,1474,1542,292093,0.032128514056224855
2022-07-06,1542,1579,1512,1569,386828,0.017509727626459082
2022-07-07,1582,1589,1557,1569,345310,0.0
2022-07-08,1584,1597,1554,1554,264647,-0.009560229445506718
2022-07-11,1554,1589,1552,1589,211766,0.022522522522522515
2022-07-12,1584,1584,1537,1557,241311,-0.02013845185651353
2022-07-13,1567,1844,1557,1644,10964467,0.05587668593448947
2022-07-14,1654,1672,1619,1642,1091222,-0.0012165450121655041
2022-07-15,1642,1642,1564,1564,872515,-0.047503045066991434
2022-07-18,1587,1614,1582,1614,461051,0.03196930946291565
2022-07-19,1617,1627,1597,1614,360769,0.0
2022-07-20,1644,1649,1619,1632,440299,0.011152416356877248
2022-07-21,1634,1652,1627,1639,437741,0.004289215686274606
2022-07-22,1639,1647,1619,1634,335025,-0.003050640634533197
2022-07-25,1609,1634,1607,1634,324180,0.0
2022-07-26,1619,1672,1617,1654,714998,0.012239902080783294
2022-07-27,1642,1654,1629,1637,255327,-0.010278113663845234
2022-07-28,1649,1657,1622,1642,301184,0.0030543677458765295
2022-07-29,1647,1654,1639,1649,267914,0.004263093788063443
2022-08-01,1649,1727,1632,1682,1475582,0.02001212856276524
2022-08-02,1664,1689,1644,1672,539352,-0.005945303210463715
2022-08-03,1672,1737,1654,1694,1442418,0.013157894736842035
2022-08-04,1699,1712,1684,1702,474709,0.0047225501770955525
2022-08-05,1702,1704,1689,1694,306105,-0.004700352526439522
2022-08-08,1694,1699,1664,1699,438077,0.002951593860684776
2022-08-09,1697,1722,1677,1714,600981,0.008828722778104758
2022-08-10,1709,1709,1667,1687,723284,-0.015752625437572942
2022-08-11,1699,1702,1674,1702,388961,0.00889152341434496
2022-08-12,1699,1714,1689,1709,345612,0.004112808460634554
2022-08-16,1724,1724,1689,1717,342027,0.004681100058513854
2022-08-17,1694,1714,1682,1699,455632,-0.01048340128130465
2022-08-18,1674,1699,1652,1699,565141,0.0
2022-08-19,1682,1707,1679,1689,318377,-0.005885815185403209
2022-08-22,1682,1682,1624,1624,368337,-0.03848431024274723
2022-08-23,1599,1612,1544,1562,602572,-0.03817733990147787
2022-08-24,1564,1584,1537,1557,307191,-0.003201024327784907
2022-08-25,1559,1617,1559,1614,376485,0.03660886319845846
2022-08-26,1622,1632,1592,1614,262609,0.0
2022-08-29,1532,1594,1529,1569,431615,-0.027881040892193343
2022-08-30,1554,1572,1552,1569,242585,0.0
2022-08-31,1577,1619,1559,1592,264291,0.014659018483110353
2022-09-01,1574,1599,1524,1544,265960,-0.03015075376884424
2022-09-02,1549,1567,1542,1544,179623,0.0
2022-09-05,1524,1547,1519,1532,224238,-0.007772020725388629
2022-09-06,1532,1554,1529,1544,162332,0.007832898172323688
2022-09-07,1532,1547,1514,1534,275984,-0.006476683937823857
2022-09-08,1534,1554,1532,1544,195097,0.006518904823989535
2022-09-13,1549,1587,1547,1572,303350,0.0181347150259068
2022-09-14,1507,1544,1507,1532,295394,-0.025445292620865145
2022-09-15,1544,1562,1522,1532,284689,0.0
2022-09-16,1532,1544,1514,1522,151689,-0.00652741514360311
2022-09-19,1514,1524,1457,1457,272241,-0.04270696452036793
2022-09-20,1454,1599,1454,1507,1111990,0.034317089910775644
2022-09-21,1492,1517,1484,1517,180047,0.006635700066357053
2022-09-22,1497,1512,1447,1479,211452,-0.025049439683585972
2022-09-23,1457,1479,1404,1404,340381,-0.05070993914807298
2022-09-26,1374,1399,1272,1279,1078430,-0.08903133903133909
2022-09-27,1272,1397,1264,1284,3010527,0.00390930414386248
2022-09-28,1272,1309,1212,1227,713798,-0.04439252336448596
2022-09-29,1239,1362,1239,1269,1508545,0.03422982885085579
2022-09-30,1229,1282,1229,1282,269387,0.010244286840031425
2022-10-04,1297,1324,1287,1324,274910,0.032761310452418035
2022-10-05,1332,1359,1287,1327,287740,0.0022658610271903967
2022-10-06,1324,1399,1324,1392,1475816,0.04898266767143933
2022-10-07,1382,1387,1359,1379,240972,-0.009339080459770166
2022-10-11,1339,1359,1279,1299,394965,-0.058013052936910836
2022-10-12,1282,1304,1244,1254,467283,-0.034642032332563466
2022-10-13,1254,1269,1179,1179,440237,-0.05980861244019142
2022-10-14,1199,1239,1197,1239,237529,0.05089058524173029
2022-10-17,1207,1322,1207,1304,1133692,0.05246166263115426
2022-10-18,1317,1367,1302,1349,948361,0.0345092024539877
2022-10-19,1347,1357,1332,1352,300527,0.002223869532987477
2022-10-20,1342,1349,1299,1319,244071,-0.02440828402366868
2022-10-21,1299,1309,1282,1294,145293,-0.018953752843062888
2022-10-24,1314,1324,1289,1309,262815,0.011591962905718622
2022-10-25,1299,1334,1299,1334,226198,0.01909854851031323
2022-10-26,1334,1337,1304,1334,298877,0.0
2022-10-27,1319,1339,1317,1337,237373,0.002248875562218977
2022-10-28,1324,1382,1309,1337,665234,0.0
2022-10-31,1352,1369,1327,1354,390883,0.012715033657441976
2022-11-01,1344,1372,1339,1369,188319,0.01107828655834564
2022-11-02,1367,1377,1347,1377,175680,0.005843681519357213
2022-11-03,1352,1367,1332,1359,175214,-0.013071895424836555
2022-11-04,1359,1369,1317,1359,258187,0.0
2022-11-07,1359,1447,1344,1434,4538986,0.05518763796909498
2022-11-08,1409,1457,1394,1454,1254929,0.013947001394700065
2022-11-09,1432,1449,1417,1424,503292,-0.02063273727647863
2022-11-10,1399,1414,1377,1379,519084,-0.0316011235955056
2022-11-11,1412,1469,1329,1457,1650384,0.056562726613488046
2022-11-14,1457,1679,1457,1577,18554642,0.08236101578586141
2022-11-15,1559,1579,1527,1574,1896982,-0.0019023462270133518
2022-11-16,1559,1559,1509,1537,1400542,-0.023506988564167774
2022-11-17,1532,1532,1474,1494,778834,-0.02797657774886142
2022-11-18,1494,1509,1447,1489,750934,-0.0033467202141901353
2022-11-21,1477,1489,1424,1462,399648,-0.01813297515110812
2022-11-22,1432,1462,1422,1454,502817,-0.005471956224350261
2022-11-23,1462,1469,1449,1457,313481,0.0020632737276478075
2022-11-24,1469,1522,1459,1509,1605889,0.03568977350720659
2022-11-25,1512,1519,1469,1489,472797,-0.013253810470510219
2022-11-28,1469,1477,1434,1434,471993,-0.036937541974479515
2022-11-29,1422,1452,1409,1434,269397,0.0
2022-11-30,1437,1454,1434,1452,187917,0.012552301255230214
2022-12-01,1467,1494,1464,1477,407990,0.017217630853994415
2022-12-02,1482,1489,1454,1484,329312,0.004739336492890933
2022-12-05,1489,1494,1474,1492,365376,0.005390835579514919
2022-12-06,1484,1559,1477,1504,3086171,0.008042895442359255
2022-12-07,1497,1497,1434,1474,781597,-0.019946808510638347
2022-12-08,1449,1464,1412,1432,690875,-0.028493894165535938
2022-12-09,1477,1484,1424,1439,567056,0.004888268156424624
2022-12-12,1437,1462,1422,1462,162652,0.015983321751216195
2022-12-13,1462,1462,1424,1434,311717,-0.019151846785225746
2022-12-14,1437,1457,1434,1457,237902,0.016039051603905063
2022-12-15,1439,1459,1432,1449,191314,-0.005490734385724116
2022-12-16,1429,1434,1334,1424,303612,-0.017253278122843385
2022-12-19,1414,1429,1399,1424,177938,0.0
2022-12-20,1407,1422,1364,1379,257727,-0.0316011235955056
2022-12-21,1382,1394,1349,1372,213004,-0.005076142131979711
2022-12-22,1374,1397,1354,1392,371570,0.014577259475218707
2022-12-23,1367,1379,1322,1344,304823,-0.03448275862068961
2022-12-26,1319,1449,1314,1349,2726772,0.0037202380952381375
2022-12-27,1337,1357,1324,1337,267540,-0.008895478131949575
2022-12-28,1332,1404,1332,1404,606113,0.05011219147344792
2022-12-29,1392,1392,1359,1374,406204,-0.021367521367521403
2023-01-02,1367,1382,1319,1342,354895,-0.02328966521106257
2023-01-03,1312,1389,1299,1327,736172,-0.011177347242920965
2023-01-04,1314,1357,1314,1354,331464,0.02034664657121321
2023-01-05,1347,1459,1347,1402,2636188,0.03545051698670609
2023-01-06,1394,1472,1369,1424,2025837,0.015691868758915817
2023-01-09,1419,1447,1419,1427,505848,0.00210674157303381
2023-01-10,1434,1484,1419,1477,3021416,0.035038542396636396
2023-01-11,1477,1527,1454,1522,3030427,0.030467163168584888
2023-01-12,1582,1584,1454,1467,3437445,-0.03613666228646517
2023-01-13,1462,1489,1434,1459,550263,-0.005453306066803054
2023-01-16,1462,1497,1444,1477,696151,0.012337217272104128
2023-01-17,1474,1572,1462,1504,3037431,0.018280297901150933
2023-01-18,1497,1502,1472,1492,639777,-0.007978723404255317
2023-01-19,1484,1509,1477,1494,1168288,0.0013404825737264314
2023-01-20,1514,1549,1487,1497,2110125,0.002008032128514081
2023-01-25,1522,1664,1519,1634,13828768,0.09151636606546432
2023-01-26,1647,1659,1604,1657,4037519,0.014075887392900777
2023-01-27,1642,1687,1602,1644,4659021,-0.007845503922751962
2023-01-30,1647,1732,1634,1664,6083932,0.012165450121654597
2023-01-31,1664,1717,1624,1689,3860084,0.015024038461538547
2023-02-01,1709,1709,1634,1649,2084836,-0.023682652457075237
2023-02-02,1649,1684,1644,1672,1319813,0.013947847180109108
2023-02-03,1694,1759,1677,1729,5253505,0.03409090909090917
2023-02-06,1729,1739,1634,1664,2246252,-0.03759398496240607
2023-02-07,1657,1697,1647,1682,1523407,0.01081730769230771
2023-02-08,1709,1784,1672,1732,5595300,0.029726516052318575
2023-02-09,1724,1766,1697,1712,2065502,-0.011547344110854452
2023-02-10,1717,1717,1624,1654,2166395,-0.033878504672897214
2023-02-13,1654,1682,1622,1644,973880,-0.006045949214026569
2023-02-14,1644,1677,1642,1647,911186,0.0018248175182482562
2023-02-15,1647,1659,1549,1549,1354695,-0.059502125075895584
2023-02-16,1582,1607,1572,1592,672870,0.02775984506132989
2023-02-17,1559,1584,1549,1557,442702,-0.02198492462311563
2023-02-20,1594,1599,1554,1592,517818,0.02247912652536921
2023-02-21,1592,1664,1587,1644,1432899,0.03266331658291466
2023-02-22,1607,1609,1567,1582,867542,-0.03771289537712896
2023-02-23,1602,1617,1567,1614,638604,0.020227560050568805
2023-02-24,1619,1622,1559,1584,557719,-0.018587360594795488
2023-02-27,1582,1684,1557,1607,4222600,0.014520202020201989
2023-02-28,1607,1677,1602,1662,1851679,0.0342252644679526
2023-03-02,1667,1674,1617,1669,942499,0.004211793020457266
2023-03-03,1649,1682,1647,1679,1349646,0.005991611743559
2023-03-06,1719,1769,1679,1734,4194126,0.03275759380583687
2023-03-07,1751,1771,1702,1744,2074191,0.005767012687427853
2023-03-08,1719,1766,1704,1742,1504020,-0.0011467889908256534
2023-03-09,1834,1996,1769,1869,41210085,0.07290470723306552
2023-03-10,2034,2049,1869,1894,22195174,0.013376136971642527
2023-03-13,1839,1869,1717,1729,4516522,-0.08711721224920799
2023-03-14,1707,1709,1597,1599,3229448,-0.07518796992481203
2023-03-15,1619,1694,1617,1662,2896532,0.039399624765478425
2023-03-16,1667,1717,1602,1612,2465661,-0.030084235860409092
2023-03-17,1647,1734,1634,1709,2208603,0.060173697270471393
2023-03-20,1699,1702,1649,1659,1566980,-0.029256875365710977
2023-03-21,1672,1679,1627,1627,1336594,-0.019288728149487677
2023-03-22,1657,1674,1619,1644,1448886,0.010448678549477508
2023-03-23,1607,1627,1594,1604,1203058,-0.024330900243308973
2023-03-24,1629,1679,1599,1662,1886975,0.03615960099750626
2023-03-27,1689,1722,1617,1682,2047907,0.012033694344163681
2023-03-28,1704,1734,1674,1724,1536111,0.024970273483947647
2023-03-29,1734,1734,1594,1699,1564849,-0.014501160092807441
2023-03-30,1699,1699,1632,1682,1462580,-0.010005885815185356
2023-03-31,1699,1699,1639,1657,1125746,-0.014863258026159287
2023-04-03,1672,1689,1657,1679,1084278,0.013277006638503286
2023-04-04,1679,1702,1664,1674,1039303,-0.0029779630732579276
2023-04-05,1662,1724,1662,1704,2012075,0.017921146953405076
2023-04-06,1714,1724,1627,1629,1787131,-0.04401408450704225
2023-04-07,1644,1644,1599,1599,992189,-0.018416206261510082
2023-04-10,1602,1617,1557,1564,1450619,-0.021888680425265816
2023-04-11,1564,1582,1547,1574,655941,0.006393861892583175
2023-04-12,1574,1592,1562,1577,762560,0.001905972045743276
2023-04-13,1604,1664,1599,1609,2550001,0.02029169308814205
2023-04-14,1619,1622,1594,1607,717049,-0.0012430080795524656
2023-04-17,1607,1612,1572,1584,758372,-0.01431238332296203
2023-04-18,1592,1592,1557,1574,535217,-0.0063131313131312705
2023-04-19,1569,1599,1562,1594,493989,0.01270648030495547
2023-04-20,1584,1594,1557,1562,504806,-0.020075282308657516
2023-04-21,1549,1567,1489,1529,890880,-0.021126760563380254
2023-04-24,1502,1527,1479,1487,651762,-0.027468933943754048
2023-04-25,1499,1502,1437,1469,580530,-0.012104909213180859
2023-04-26,1439,1477,1419,1469,533096,0.0
2023-04-27,1467,1482,1439,1482,285013,0.008849557522123908
2023-04-28,1487,1494,1462,1462,389071,-0.013495276653171406
2023-05-02,1449,1494,1449,1489,275936,0.01846785225718195
2023-05-03,1472,1512,1472,1502,287186,0.008730691739422536
2023-05-04,1502,1502,1467,1489,371060,-0.008655126498002708
2023-05-08,1499,1517,1492,1517,383593,0.018804566823371394
2023-05-09,1512,1514,1469,1489,345612,-0.018457481872116044
2023-05-10,1474,1514,1469,1502,466485,0.008730691739422536
2023-05-11,1514,1529,1487,1509,425327,0.0046604527296938425
2023-05-12,1599,1639,1529,1542,6057239,0.021868787276341894
2023-05-15,1549,1579,1532,1549,1102887,0.004539559014267169
2023-05-16,1557,1572,1537,1567,768179,0.01162040025823119
2023-05-17,1562,1597,1549,1584,1279494,0.01084875558391829
2023-05-18,1599,1644,1592,1624,1730703,0.025252525252525304
2023-05-19,1624,1629,1599,1614,791730,-0.006157635467980316
2023-05-22,1619,1634,1599,1632,1098048,0.011152416356877248
2023-05-23,1654,1654,1604,1627,1266180,-0.0030637254901960675
2023-05-24,1624,1624,1584,1594,693238,-0.020282728948985862
2023-05-25,1597,1624,1574,1589,515737,-0.0031367628607277265
2023-05-26,1597,1597,1557,1582,366784,-0.004405286343612369
2023-05-30,1577,1602,1569,1574,564245,-0.005056890012642201
2023-05-31,1569,1599,1569,1584,484226,0.006353240152477735
2023-06-01,1584,1652,1584,1652,1986136,0.04292929292929304
2023-06-02,1649,1657,1629,1629,671878,-0.013922518159806274
2023-06-05,1642,1684,1624,1664,1756390,0.021485573971761873
2023-06-07,1664,1667,1629,1637,934563,-0.016225961538461564
2023-06-08,1624,1647,1614,1619,657854,-0.010995723885155795
2023-06-09,1627,1637,1609,1619,522059,0.0
2023-06-12,1624,1629,1612,1629,510424,0.0061766522544781655
2023-06-13,1624,1647,1624,1632,473263,0.0018416206261511192
2023-06-14,1632,1639,1577,1599,752513,-0.020220588235294157
2023-06-15,1599,1619,1564,1584,537801,-0.009380863039399667
2023-06-16,1592,1594,1579,1589,318175,0.0031565656565657463
2023-06-19,1589,1619,1564,1619,504822,0.01887979861548139
2023-06-20,1599,1722,1599,1637,7187806,0.011117974058060476
2023-06-21,1644,1662,1627,1639,1195187,0.0012217470983506562
2023-06-22,1652,1684,1632,1634,1880015,-0.003050640634533197
2023-06-23,1664,1679,1634,1672,1584429,0.023255813953488413
2023-06-26,1662,1719,1649,1664,2573388,-0.004784688995215336
2023-06-27,1664,1869,1654,1796,40658077,0.07932692307692313
2023-06-28,1809,1846,1769,1776,7125348,-0.011135857461024523
2023-06-29,1796,1799,1747,1759,2523850,-0.009572072072072113
2023-06-30,1754,1769,1742,1751,1842403,-0.004548038658328646
2023-07-03,1751,1786,1742,1764,1835235,0.007424328954882986
2023-07-04,1751,1781,1737,1779,1446747,0.008503401360544283
2023-07-05,1766,1774,1712,1722,1397195,-0.03204047217537942
2023-07-06,1722,1754,1677,1684,1172339,-0.022067363530778206
2023-07-07,1667,1687,1644,1672,739673,-0.0071258907363420665
2023-07-10,1654,1692,1647,1684,558005,0.0071770334928229484
2023-07-11,1672,1712,1669,1712,835044,0.016627078384798155
2023-07-12,1719,1759,1699,1729,1182262,0.009929906542056166
2023-07-13,1737,1742,1717,1742,612067,0.007518796992481258
2023-07-14,1751,1751,1707,1742,761083,0.0
2023-07-17,1724,1739,1692,1717,716376,-0.014351320321469574
2023-07-18,1717,1719,1667,1672,939162,-0.026208503203261513
2023-07-19,1684,1692,1664,1667,581452,-0.0029904306220095433
2023-07-20,1657,1682,1639,1672,517524,0.0029994001199760145
2023-07-21,1669,1682,1642,1642,619283,-0.01794258373205737
2023-07-24,1642,1642,1524,1539,1674281,-0.06272838002436054
2023-07-25,1537,1547,1484,1494,1152273,-0.0292397660818714
2023-07-26,1494,1507,1422,1464,1865365,-0.02008032128514059
2023-07-27,1464,1517,1452,1512,762866,0.032786885245901676
2023-07-28,1512,1537,1487,1534,484698,0.014550264550264647
2023-07-31,1539,1564,1532,1564,474537,0.019556714471968606
2023-08-01,1544,1584,1544,1574,581620,0.006393861892583175
2023-08-02,1574,1627,1564,1614,1511614,0.02541296060991116
2023-08-03,1609,1609,1539,1572,1041473,-0.026022304832713727
2023-08-04,1559,1567,1527,1529,511974,-0.027353689567430006
2023-08-07,1522,1567,1502,1564,478078,0.0228907782864618
2023-08-08,1557,1724,1529,1547,7916018,-0.010869565217391353
2023-08-09,1559,1619,1542,1619,1271177,0.04654169360051719
2023-08-10,1624,1629,1582,1612,925490,-0.004323656578134605
2023-08-11,1594,1644,1594,1639,844605,0.01674937965260548
2023-08-14,1634,1662,1612,1642,1146073,0.0018303843807199183
2023-08-16,1634,1664,1592,1599,1412510,-0.026187576126674772
2023-08-17,1582,1582,1509,1539,959182,-0.03752345215759845
2023-08-18,1534,1539,1497,1507,644240,-0.02079272254710851
2023-08-21,1507,1544,1494,1532,458569,0.01658925016589241
2023-08-22,1532,1599,1527,1537,834212,0.0032637075718016106
2023-08-23,1542,1964,1539,1934,75777721,0.2582953806115811
2023-08-24,2124,2216,1876,1909,52408853,-0.01292657704239919
2023-08-25,1886,1929,1779,1781,8800606,-0.06705081194342588
2023-08-28,1811,1856,1751,1824,9516216,0.024143739472206605
2023-08-29,1899,2036,1859,1876,34389481,0.028508771929824483
2023-08-30,1899,1919,1864,1876,5564364,0.0
2023-08-31,1876,1876,1811,1814,3364096,-0.03304904051172708
2023-09-01,1821,1891,1821,1834,3075469,0.011025358324145529
2023-09-04,1799,1841,1759,1784,1822733,-0.02726281352235549
2023-09-05,1781,1854,1754,1804,2820591,0.011210762331838486
2023-09-06,1921,1939,1771,1776,8064799,-0.01552106430155209
2023-09-07,1774,1824,1717,1729,2560394,-0.026463963963964
2023-09-08,1737,1749,1709,1712,1088367,-0.009832272990167756
2023-09-11,1712,2009,1712,1846,31088763,0.07827102803738328
2023-09-12,1819,1879,1754,1769,4834349,-0.041711809317443116
2023-09-13,1764,1939,1756,1811,30439911,0.023742227247032233
2023-09-14,1796,1826,1756,1801,3547108,-0.005521811154058476
2023-09-15,1799,1879,1786,1874,7929726,0.040533037201554656
2023-09-18,2051,2054,1846,1846,20178829,-0.014941302027748127
2023-09-19,1819,1971,1814,1964,9078547,0.06392199349945837
2023-09-20,1936,2124,1869,1926,24399445,-0.0193482688391039
2023-09-21,1926,1981,1819,1819,7069858,-0.05555555555555558
2023-09-22,1764,1799,1739,1749,2841016,-0.03848268279274325
2023-09-25,1744,1784,1679,1679,2219449,-0.04002287021154949
2023-09-26,1669,1707,1604,1617,1718975,-0.03692674210839786
2023-09-27,1584,1637,1584,1629,1129703,0.007421150278293043
2023-10-04,1594,1717,1572,1632,3188120,0.0018416206261511192
2023-10-05,1634,1672,1552,1552,1355549,-0.0490196078431373
2023-10-06,1604,1914,1604,1801,38096698,0.160438144329897
2023-10-10,1809,1914,1699,1722,18642342,-0.04386451971127148
2023-10-11,1749,1826,1742,1786,5288413,0.03716608594657367
2023-10-12,1804,1849,1796,1821,2905625,0.019596864501679745
2023-10-13,1809,1899,1724,1754,6363608,-0.036792970895112576
2023-10-16,1739,1781,1639,1664,1990779,-0.05131128848346633
2023-10-17,1674,1734,1674,1717,1336604,0.03185096153846145
2023-10-18,1724,1747,1679,1687,1207747,-0.01747233546884097
2023-10-19,1669,1697,1619,1632,1445621,-0.03260225251926496
2023-10-20,1614,1644,1577,1607,1599977,-0.015318627450980338
2023-10-23,1584,1627,1574,1597,881080,-0.0062227753578095735
2023-10-24,1604,1669,1557,1669,1991131,0.04508453350031316
2023-10-25,1709,1719,1657,1682,1903490,0.007789095266626633
2023-10-26,1642,1652,1562,1574,1501211,-0.0642092746730083
2023-10-27,1574,1594,1554,1562,891220,-0.007623888182973326
2023-10-30,1544,1599,1512,1589,719169,0.01728553137003841
2023-10-31,1614,1644,1519,1534,897136,-0.03461296412838266
2023-11-01,1559,1589,1549,1579,373438,0.02933507170795302
2023-11-02,1604,1627,1604,1617,754299,0.024065864471184195
2023-11-03,1634,1654,1604,1644,821268,0.016697588126159513
2023-11-06,1674,1799,1634,1699,8206149,0.03345498783454981
2023-11-07,1702,1714,1634,1667,1805640,-0.018834608593290225
2023-11-08,1682,1699,1639,1639,878421,-0.016796640671865593
2023-11-09,1642,1662,1624,1629,401790,-0.006101281269066505
2023-11-10,1612,1632,1589,1597,542983,-0.019643953345610754
2023-11-13,1599,1644,1579,1582,444017,-0.00939261114589851
2023-11-14,1587,1669,1587,1644,1097566,0.03919089759797734
2023-11-15,1677,1704,1664,1684,936802,0.024330900243308973
2023-11-16,1674,1704,1674,1699,517716,0.008907363420427528
2023-11-17,1687,1694,1647,1664,893329,-0.020600353148911177
2023-11-20,1667,1707,1654,1679,614021,0.009014423076923128
2023-11-21,1682,1712,1682,1699,723180,0.011911852293031489
2023-11-22,1684,1717,1677,1707,673154,0.004708652148322612
2023-11-23,1702,1737,1699,1704,1085056,-0.0017574692442882123
2023-11-24,1702,1739,1699,1719,948867,0.008802816901408494
2023-11-27,1709,1712,1649,1654,907881,-0.037812681791739355
2023-11-28,1654,1679,1654,1659,601292,0.0030229746070133956
2023-11-29,1672,1744,1659,1737,2129011,0.047016274864376095
2023-11-30,1737,1749,1712,1749,920041,0.006908462867012188
2023-12-01,1749,1779,1732,1742,1181688,-0.004002287021154904
2023-12-04,1749,1801,1742,1764,2025767,0.012629161882893314
2023-12-05,1816,1909,1729,1732,10314053,-0.01814058956916098
2023-12-06,1749,1821,1749,1791,4101855,0.03406466512702089
2023-12-07,1799,1804,1742,1749,1710739,-0.02345058626465657
2023-12-08,1764,1789,1756,1769,1063298,0.011435105774728394
2023-12-11,1776,1871,1769,1821,4142859,0.02939513849632558
2023-12-12,1821,1824,1781,1789,1210924,-0.01757276221856119
2023-12-13,1769,1789,1749,1749,1028812,-0.02235885969815543
2023-12-14,1764,1786,1722,1727,1103865,-0.012578616352201255
2023-12-15,1737,1781,1734,1751,772885,0.01389693109438328
2023-12-18,1776,1784,1742,1744,584077,-0.003997715591090856
2023-12-19,1729,1751,1724,1724,697967,-0.011467889908256867
2023-12-20,1724,1756,1722,1724,794887,0.0
2023-12-21,1699,1704,1687,1692,1032749,-0.018561484918793503
2023-12-22,1697,1697,1662,1667,817319,-0.014775413711583973
2023-12-26,1667,1669,1642,1649,588118,-0.010797840431913563
2023-12-27,1649,1697,1644,1697,602066,0.029108550636749442
2023-12-28,1694,1697,1664,1689,354691,-0.004714201532115547
2024-01-02,1694,1737,1692,1727,709979,0.022498519834221353
2024-01-03,1727,1739,1709,1724,434746,-0.0017371163867979655
2024-01-04,1724,1724,1692,1699,451573,-0.014501160092807441
2024-01-05,1699,1737,1697,1729,453363,0.017657445556209517
2024-01-08,1749,1944,1749,1826,27825633,0.05610179294389828
2024-01-09,1824,1856,1804,1846,3766853,0.010952902519167473
2024-01-10,1884,1884,1831,1844,2742326,-0.0010834236186348933
2024-01-11,1859,2049,1841,1921,17739315,0.041757049891540055
2024-01-12,1906,1921,1841,1849,2288178,-0.03748047891723061
2024-01-15,1844,1866,1809,1834,1447260,-0.008112493239588958
2024-01-16,1819,1856,1799,1826,1027948,-0.004362050163576936
2024-01-17,1819,1831,1759,1761,1003143,-0.03559693318729462
2024-01-18,1751,1819,1751,1819,916538,0.03293583191368543
2024-01-19,1834,1861,1809,1829,980724,0.005497526113249052
2024-01-22,1839,1889,1834,1871,1514293,0.02296336796063425
2024-01-23,1884,1896,1831,1896,1305615,0.01336183858898976
2024-01-24,1906,1911,1844,1879,1342274,-0.00896624472573837
2024-01-25,1871,1894,1826,1854,1010951,-0.013304949441192093
2024-01-26,1859,1911,1844,1886,1752261,0.01725997842502691
2024-01-29,1926,1959,1836,1849,2296423,-0.019618239660657455
2024-01-30,1861,1869,1771,1796,1299509,-0.028664142779881052
2024-01-31,1784,1809,1739,1747,870971,-0.02728285077950998
2024-02-01,1742,1766,1714,1754,777738,0.00400686891814539
2024-02-02,1754,1801,1754,1781,755834,0.015393386545039967
2024-02-05,1784,1794,1751,1784,511388,0.0016844469399213136
2024-02-06,1784,1789,1739,1764,626489,-0.011210762331838597
2024-02-07,1764,1801,1761,1796,648893,0.018140589569161092
2024-02-08,1799,1824,1786,1794,597178,-0.00111358574610243
2024-02-13,1801,1864,1794,1861,1196680,0.03734671125975475
2024-02-14,1844,1914,1831,1896,1747952,0.018807092960773764
2024-02-15,1914,2029,1904,2009,7941980,0.05959915611814348
2024-02-16,1991,2009,1919,1929,2624216,-0.03982080637132901
2024-02-19,1964,2004,1934,1974,2422479,0.023328149300155587
2024-02-20,1974,1974,1909,1934,1193013,-0.020263424518743633
2024-02-21,1934,1964,1899,1901,1737519,-0.01706308169596693
2024-02-22,1919,1934,1889,1919,1125582,0.009468700683850528
2024-02-23,1929,1934,1866,1879,991615,-0.02084418968212609
2024-02-26,1869,1906,1861,1864,580614,-0.007982969664715234
2024-02-27,1851,1876,1824,1836,813102,-0.015021459227467782
2024-02-28,1879,1951,1879,1934,2005155,0.053376906318082895
2024-02-29,1944,1961,1894,1906,1341273,-0.014477766287487093
2024-03-04,1921,1964,1914,1914,1104007,0.0041972717733473885
2024-03-05,1926,1969,1896,1969,1801771,0.028735632183908066
2024-03-06,1959,2004,1934,1956,2407110,-0.006602336211274706
2024-03-07,1956,1994,1909,1911,1731893,-0.02300613496932513
2024-03-08,1924,1944,1874,1906,1005113,-0.0026164311878598134
2024-03-11,1904,1944,1861,1874,857717,-0.016789087093389332
2024-03-12,1864,1954,1864,1909,1381573,0.01867662753468524
2024-03-13,1916,2036,1891,1969,5834631,0.03143006809848092
2024-03-14,1951,1971,1894,1896,1660779,-0.037074657186389026
2024-03-15,1894,1926,1849,1861,2362039,-0.01845991561181437
2024-03-18,1909,1944,1854,1861,3726178,0.0
2024-03-19,1856,1871,1841,1869,1100794,0.004298764105319819
2024-03-20,1869,1876,1851,1854,804380,-0.008025682182985605
2024-03-21,1859,1871,1851,1854,714214,0.0
2024-03-22,1851,1859,1829,1841,773619,-0.007011866235167252
2024-03-25,1839,1854,1821,1826,633999,-0.008147745790331395
2024-03-26,1826,1894,1816,1869,1722854,0.023548740416210245
2024-03-27,1884,1899,1824,1826,1387314,-0.02300695559122523
2024-03-28,1844,1854,1821,1826,623834,0.0
2024-03-29,1826,1841,1786,1794,877096,-0.017524644030668113
2024-04-01,1809,1824,1796,1819,346771,0.013935340022296572
2024-04-02,1811,1824,1774,1789,576120,-0.016492578339747155
2024-04-03,1786,1799,1754,1791,560126,0.0011179429849077493
2024-04-04,1791,1804,1774,1786,468059,-0.0027917364600781314
2024-04-05,1766,1779,1732,1737,746207,-0.027435610302351643
2024-04-08,1732,1744,1694,1702,573390,-0.020149683362118642
2024-04-09,1699,1712,1674,1677,504052,-0.014688601645123422
2024-04-11,1647,1669,1632,1664,613875,-0.007751937984496138
2024-04-12,1654,1679,1637,1657,541334,-0.0042067307692307265
2024-04-15,1634,1649,1599,1639,563875,-0.010863005431502759
2024-04-16,1629,1639,1574,1597,625220,-0.0256253813300793
2024-04-17,1599,1642,1594,1627,397193,0.01878522229179702
2024-04-18,1614,1664,1614,1649,340999,0.013521819299323834
2024-04-19,1642,1654,1594,1612,527038,-0.022437841115827806
2024-04-22,1619,1642,1619,1637,258559,0.015508684863523525
2024-04-23,1627,1697,1627,1644,423621,0.004276114844227186
2024-04-24,1649,1704,1642,1684,940227,0.024330900243308973
2024-04-25,1684,1689,1662,1662,288788,-0.013064133016627122
2024-04-26,1669,1679,1659,1664,307640,0.001203369434416457
2024-04-29,1664,1689,1662,1679,283387,0.009014423076923128
2024-04-30,1679,1687,1672,1679,230655,0.0
2024-05-02,1679,1699,1669,1682,348887,0.0017867778439546456
2024-05-03,1689,1704,1677,1687,245156,0.0029726516052319685
2024-05-07,1689,1699,1684,1689,273016,0.0011855364552459946
2024-05-08,1689,1714,1689,1704,463040,0.008880994671403242
2024-05-09,1707,1714,1694,1702,209990,-0.0011737089201877549
2024-05-10,1714,1722,1667,1677,417153,-0.014688601645123422
2024-05-13,1689,1699,1674,1677,256771,0.0
2024-05-14,1664,1717,1664,1704,298057,0.01610017889087656
2024-05-16,1717,1717,1694,1707,357150,0.0017605633802817433
2024-05-17,1702,1737,1702,1717,368587,0.005858230814294041
2024-05-20,1709,1742,1692,1707,471939,-0.0058241118229469535
2024-05-21,1699,1702,1679,1689,289078,-0.010544815465729385
2024-05-22,1689,1689,1667,1677,420920,-0.007104795737122527
2024-05-23,1664,1664,1622,1649,583018,-0.016696481812760844
2024-05-24,1629,1667,1614,1637,384860,-0.0072771376591873604
2024-05-27,1637,1654,1607,1622,380344,-0.00916310323762981
2024-05-28,1627,1672,1627,1657,306401,0.02157829839704073
2024-05-29,1657,1657,1624,1624,215177,-0.01991550995775493
2024-05-30,1624,1637,1607,1627,207223,0.001847290640394128
2024-05-31,1629,1642,1612,1619,228953,-0.0049170251997541214
2024-06-03,1624,1647,1612,1639,214059,0.012353304508956109
2024-06-04,1639,1647,1624,1629,192927,-0.006101281269066505
2024-06-05,1637,1637,1612,1622,203298,-0.0042971147943523524
2024-06-07,1619,1627,1564,1594,406736,-0.01726263871763256
2024-06-10,1604,1607,1562,1604,284809,0.006273525721455453
2024-06-11,1594,1662,1594,1629,659888,0.01558603491271815
2024-06-12,1614,1642,1614,1617,241291,-0.007366482504604033
2024-06-13,1614,1632,1609,1619,198350,0.0012368583797155441
2024-06-14,1619,1634,1597,1604,194599,-0.009264978381717137
2024-06-17,1599,1609,1587,1587,201111,-0.010598503740648413
2024-06-18,1584,1607,1567,1574,323944,-0.008191556395715227
2024-06-19,1582,1649,1562,1569,827168,-0.0031766200762388674
2024-06-20,1584,1612,1569,1572,250817,0.0019120458891013214
2024-06-21,1577,1582,1539,1542,401748,-0.01908396946564883
2024-06-24,1542,1542,1499,1504,491930,-0.024643320363164745
2024-06-25,1489,1524,1479,1512,349391,0.005319148936170137
2024-06-26,1517,1534,1507,1512,148332,0.0
2024-06-27,1512,1537,1497,1504,197082,-0.005291005291005346
2024-06-28,1504,1512,1497,1504,99308,0.0
2024-07-01,1522,1529,1509,1522,145199,0.01196808510638303
2024-07-02,1512,1522,1494,1504,191188,-0.01182654402102501
2024-07-03,1504,1509,1484,1484,234028,-0.013297872340425565
2024-07-04,1484,1499,1474,1484,155810,0.0
2024-07-05,1499,1499,1474,1474,138699,-0.006738544474393482
2024-07-08,1472,1492,1449,1489,150805,0.010176390773405597
2024-07-09,1489,1517,1487,1504,219954,0.010073875083948858
2024-07-10,1492,1504,1489,1489,152493,-0.009973404255319118
2024-07-11,1499,1509,1492,1494,143873,0.00335795836131636
2024-07-12,1494,1504,1482,1494,170612,0.0
2024-07-15,1499,1504,1484,1499,165831,0.0033467202141901353
2024-07-16,1502,1532,1489,1514,326245,0.010006671114076049
2024-07-17,1522,1532,1497,1497,309964,-0.011228533685601061
2024-07-18,1504,1507,1472,1474,238332,-0.015364061456245803
2024-07-19,1469,1479,1467,1469,175356,-0.0033921302578019397
2024-07-22,1507,1544,1464,1464,797468,-0.003403675970047648
2024-07-23,1459,1467,1419,1419,606595,-0.030737704918032738
2024-07-24,1419,1429,1399,1409,237033,-0.007047216349541974
2024-07-25,1394,1437,1374,1409,286818,0.0
2024-07-26,1409,1427,1409,1422,143164,0.009226401703335663
2024-07-29,1412,1437,1407,1429,169236,0.004922644163150469
2024-07-30,1422,1429,1399,1417,115024,-0.00839748075577329
2024-07-31,1404,1419,1374,1397,119664,-0.014114326040931546
2024-08-01,1409,1429,1404,1427,164507,0.021474588403722183
2024-08-02,1422,1422,1359,1372,316370,-0.03854239663629988
2024-08-05,1342,1369,1142,1147,1039745,-0.1639941690962099
2024-08-06,1147,1244,1147,1209,656807,0.054054054054053946
2024-08-07,1199,1284,1199,1279,273126,0.057899090157154776
2024-08-08,1249,1272,1234,1267,214791,-0.009382329945269774
2024-08-09,1272,1299,1267,1277,160171,0.007892659826361559
2024-08-12,1277,1337,1262,1332,418787,0.04306969459671106
2024-08-13,1337,1337,1292,1314,183046,-0.013513513513513487
2024-08-14,1332,1367,1329,1347,341353,0.02511415525114158
2024-08-16,1352,1369,1334,1352,218548,0.0037119524870081744
2024-08-19,1352,1389,1347,1352,230828,0.0
2024-08-20,1372,1407,1367,1399,277157,0.03476331360946738
2024-08-21,1384,1437,1384,1419,278553,0.014295925661186537
2024-08-22,1422,1449,1409,1424,542363,0.0035236081747709314
2024-08-23,1474,1474,1402,1424,1571105,0.0
2024-08-26,1424,1484,1412,1469,652158,0.0316011235955056
2024-08-27,1482,1607,1474,1559,8205075,0.06126616746085767
2024-08-28,1594,1614,1504,1507,3863523,-0.033354714560615784
2024-08-29,1497,1554,1482,1487,1127550,-0.013271400132713995
2024-08-30,1494,1554,1494,1517,842341,0.02017484868863484
2024-09-02,1504,1527,1459,1479,606203,-0.025049439683585972
2024-09-03,1479,1514,1472,1509,378730,0.020283975659229236
2024-09-04,1464,1502,1447,1462,786128,-0.031146454605699092
2024-09-05,1489,1592,1474,1522,2705784,0.041039671682626455
2024-09-06,1522,1557,1474,1557,2039415,0.022996057818659654
2024-09-09,1664,1734,1529,1532,11193932,-0.016056518946692355
2024-09-10,1549,1614,1522,1529,1283083,-0.001958224543080922
2024-09-11,1544,1564,1494,1494,1075691,-0.022890778286461688
2024-09-12,1499,1534,1494,1534,552173,0.02677376171352086
2024-09-13,1544,1562,1524,1524,484812,-0.006518904823989535
2024-09-19,1539,1614,1524,1614,972334,0.059055118110236116
2024-09-20,1589,1614,1564,1579,721850,-0.021685254027261514
2024-09-23,1579,1584,1542,1569,439927,-0.0063331222292589695
2024-09-24,1574,1579,1559,1569,405974,0.0
2024-09-25,1574,1602,1562,1562,450642,-0.004461440407903083
2024-09-26,1569,1624,1569,1602,591857,0.025608194622279035
2024-09-27,1609,1609,1582,1597,352034,-0.003121098626716612
2024-09-30,1609,1609,1564,1569,347847,-0.017532874139010612
2024-10-02,1564,1577,1537,1537,417779,-0.020395156150414318
2024-10-04,1552,1552,1524,1529,131437,-0.005204944697462577
2024-10-07,1529,1542,1522,1532,96135,0.0019620667102682177
2024-10-08,1519,1547,1509,1529,248155,-0.001958224543080922
2024-10-10,1547,1597,1547,1589,449884,0.03924133420536302
2024-10-11,1592,1602,1577,1577,405089,-0.007551919446192601
2024-10-14,1594,1617,1582,1607,415949,0.019023462270133074
2024-10-15,1607,1672,1607,1624,1590931,0.010578718108276375
2024-10-16,1619,1664,1597,1664,936269,0.024630541871921263
2024-10-17,1629,1659,1614,1639,408028,-0.015024038461538436
2024-10-18,1637,1657,1634,1644,380426,0.003050640634533197
2024-10-21,1644,1669,1629,1667,459481,0.013990267639902632
2024-10-22,1699,1729,1612,1617,1869855,-0.029994001199760034
2024-10-23,1619,1674,1609,1649,636254,0.019789734075448262
2024-10-24,1634,1664,1619,1637,366026,-0.0072771376591873604
2024-10-25,1639,1657,1589,1589,324418,-0.029321930360415416
2024-10-28,1589,1654,1589,1649,419169,0.03775959723096278
2024-10-29,1662,1702,1649,1694,1040951,0.0272892662219526
2024-10-30,1697,1714,1687,1709,579405,0.008854781582054327
2024-10-31,1702,1729,1687,1712,609846,0.0017554125219425565
2024-11-01,1697,1724,1687,1704,493157,-0.004672897196261627
2024-11-04,1734,1759,1722,1756,1058536,0.030516431924882736
2024-11-05,1756,1814,1754,1789,1452613,0.018792710706150295
2024-11-06,1799,1799,1684,1694,1038877,-0.05310229178311909
2024-11-07,1697,1781,1687,1742,762028,0.02833530106257376
2024-11-08,1849,1854,1747,1747,2516209,0.002870264064293915
2024-11-11,1771,1776,1714,1734,683253,-0.0074413279908414065
2024-11-12,1734,1742,1619,1619,846644,-0.06632064590542097
2024-11-13,1624,1637,1554,1584,627629,-0.021618282890673246
2024-11-14,1649,1682,1559,1559,976807,-0.015782828282828287
2024-11-15,1559,1582,1497,1562,488839,0.0019243104554200752
2024-11-18,1574,1639,1574,1634,498180,0.04609475032010235
2024-11-19,1634,1649,1592,1599,413282,-0.02141982864137082
2024-11-20,1602,1612,1557,1574,281954,-0.015634771732332742
2024-11-21,1587,1617,1559,1559,311985,-0.009529860228716602
2024-11-22,1579,1627,1574,1577,321141,0.011545862732520895
2024-11-25,1582,1624,1527,1619,485752,0.02663284717818648
2024-11-26,1624,1629,1599,1627,370263,0.004941321803582532
2024-11-27,1627,1629,1589,1589,307121,-0.023355869698832188
2024-11-28,1634,1811,1629,1674,12313223,0.053492762743864164
2024-11-29,1674,1717,1627,1634,1487833,-0.02389486260453999
2024-12-02,1669,1791,1662,1662,4775374,0.017135862913096656
2024-12-03,1637,1677,1637,1657,637716,-0.0030084235860409203
2024-12-04,1642,1652,1559,1587,1118846,-0.042245021122510606
2024-12-05,1582,1587,1539,1547,728380,-0.02520478890989286
2024-12-06,1537,1607,1507,1594,843211,0.030381383322559685
2024-12-09,1594,1594,1484,1489,982605,-0.06587202007528226
2024-12-10,1487,1602,1487,1584,704663,0.06380120886501017
2024-12-11,1749,1949,1719,1819,23854183,0.14835858585858586
2024-12-12,1844,1996,1806,1864,19238234,0.024738867509620732
2024-12-13,1846,1846,1774,1811,2785817,-0.028433476394849833
2024-12-16,1884,1974,1834,1864,9383762,0.029265599116510277
2024-12-17,1989,2031,1849,1861,7559032,-0.0016094420600858417
2024-12-18,1904,1929,1836,1836,2787231,-0.013433637829124101
2024-12-19,1776,1944,1764,1856,6380549,0.01089324618736387
2024-12-20,1849,1849,1684,1692,2952314,-0.08836206896551724
2024-12-23,1781,1814,1739,1742,2042606,0.029550827423167947
2024-12-24,1739,1761,1694,1694,1180831,-0.027554535017221604
2024-12-26,1709,1831,1709,1809,3973644,0.06788665879574962
2024-12-27,1841,2079,1789,1969,32308418,0.08844665561083476
2024-12-30,1969,1976,1901,1924,5582763,-0.022854240731335684
2025-01-02,1934,1941,1889,1931,3291067,0.0036382536382535413
2025-01-03,1961,2154,1929,2009,19972338,0.04039357845675817
2025-01-06,2031,2214,2004,2079,25117402,0.03484320557491283
2025-01-07,2114,2116,1994,2016,4602638,-0.030303030303030276
2025-01-08,1939,1964,1896,1901,3980100,-0.05704365079365081
2025-01-09,1699,1756,1639,1751,6394691,-0.07890583903208837
2025-01-10,1751,1769,1704,1729,2179865,-0.01256424900057107
2025-01-13,1697,1699,1634,1642,2232058,-0.050318102949681864
2025-01-14,1624,1657,1617,1649,1100882,0.004263093788063443
2025-01-15,1692,1821,1664,1776,8493506,0.07701637355973312
2025-01-16,1931,1981,1829,1834,11494110,0.0326576576576576
2025-01-17,1831,1831,1749,1766,2139574,-0.037077426390403456
2025-01-20,1756,1774,1724,1727,1273480,-0.02208380520951303
2025-01-21,1724,1786,1719,1751,1609116,0.01389693109438328
2025-01-22,1811,1839,1759,1804,2365562,0.030268418046830448
2025-01-23,1779,1786,1742,1761,984157,-0.023835920177383563
2025-01-24,1751,1761,1724,1734,782417,-0.015332197614991494
2025-01-31,1739,1786,1737,1769,830081,0.020184544405997595
2025-02-03,1739,1747,1674,1697,1254002,-0.04070096099491238
2025-02-04,1717,1921,1717,1824,5180308,0.07483794932233345
2025-02-05,1826,1891,1806,1849,2289218,0.013706140350877138
2025-02-06,1876,1896,1831,1844,2723277,-0.0027041644131963194
2025-02-07,1839,1876,1831,1841,1222929,-0.0016268980477223138
2025-02-10,1836,1856,1786,1841,1101735,0.0
2025-02-11,1894,1906,1839,1839,1773055,-0.0010863661053774898
2025-02-12,1819,1844,1796,1809,899643,-0.01631321370309946
2025-02-13,1831,1839,1786,1801,685872,-0.004422332780541716
2025-02-14,1804,1859,1791,1844,1208381,0.02387562465297055
2025-02-17,1826,1841,1819,1836,634605,-0.004338394793926281
2025-02-18,1836,1846,1799,1844,994750,0.004357298474945592
2025-02-19,1826,1834,1789,1799,1277121,-0.02440347071583515
2025-02-20,1841,1856,1784,1784,1257247,-0.008337965536409087
2025-02-21,1796,1826,1784,1821,701446,0.020739910313901433
2025-02-24,1791,1804,1774,1796,566069,-0.013728720483250911
2025-02-25,1776,1799,1751,1761,721802,-0.01948775055679286
2025-02-26,1754,1774,1734,1766,585845,0.0028392958546279434
2025-02-27,1764,1769,1732,1737,448382,-0.01642129105322765
2025-02-28,1717,1717,1682,1689,710813,-0.02763385146804831
2025-03-04,1667,1693,1647,1659,458521,-0.017761989342806372
2025-03-05,1659,1714,1659,1684,494901,0.015069318866787196
2025-03-06,1699,1709,1682,1692,403825,0.004750593824228044
2025-03-07,1679,1704,1672,1679,334623,-0.0076832151300236795
2025-03-10,1679,1697,1662,1664,311651,-0.008933889219773672
2025-03-11,1554,1667,1554,1637,825946,-0.016225961538461564
2025-03-12,1629,1682,1619,1629,412173,-0.004886988393402514
2025-03-13,1672,1766,1649,1654,3437411,0.015346838551258513
2025-03-14,1649,1669,1642,1657,418521,0.0018137847642079041
2025-03-17,1697,1707,1644,1649,860314,-0.004828002414001165
2025-03-18,1672,1692,1649,1649,562432,0.0
2025-03-19,1642,1657,1637,1657,345838,0.004851425106124907
2025-03-20,1654,1657,1614,1614,466317,-0.025950512975256523
2025-03-21,1602,1602,1572,1592,450414,-0.013630731102850069
2025-03-24,1592,1622,1589,1607,327535,0.009422110552763874
2025-03-25,1627,1637,1567,1567,499316,-0.024891101431238294
2025-03-26,1564,1589,1562,1569,364946,0.0012763241863433805
2025-03-27,1567,1602,1547,1574,754173,0.0031867431485022024
2025-03-28,1587,1637,1567,1617,946612,0.027318932655654438
2025-03-31,1609,1627,1562,1562,542861,-0.03401360544217691
2025-04-01,1569,1639,1569,1627,471640,0.04161331626120357
2025-04-02,1609,1634,1594,1594,210706,-0.020282728948985862
2025-04-03,1554,1604,1554,1599,249171,0.0031367628607277265
2025-04-04,1584,1597,1539,1582,500335,-0.010631644777986282
2025-04-07,1539,1567,1467,1467,450612,-0.072692793931732
2025-04-08,1494,1529,1469,1472,278877,0.0034083162917519783
2025-04-09,1424,1484,1414,1432,293353,-0.02717391304347827
2025-04-10,1514,1522,1482,1522,205648,0.06284916201117308
2025-04-11,1499,1539,1492,1534,192439,0.007884362680683266
2025-04-14,1549,1589,1534,1589,604312,0.035853976531942555
2025-04-15,1577,1632,1572,1622,389629,0.020767778477029486
2025-04-16,1622,1639,1594,1612,316982,-0.006165228113440224
2025-04-17,1602,1632,1599,1629,243781,0.010545905707195935
2025-04-18,1647,1649,1612,1644,341133,0.009208103130755152
2025-04-21,1647,1654,1622,1629,139687,-0.009124087591240837
2025-04-22,1602,1634,1602,1629,132539,0.0
2025-04-23,1649,1659,1627,1649,296792,0.012277470841006721
2025-04-24,1649,1672,1639,1652,292733,0.0018192844147968401
2025-04-25,1662,1677,1649,1674,359956,0.013317191283293006
2025-04-28,2014,2041,1801,1901,10983498,0.13560334528076456
2025-04-29,2094,2096,1829,1829,7558908,-0.037874802735402446
2025-04-30,1781,1799,1729,1749,1518590,-0.04373974849644613
2025-05-02,1759,1774,1697,1704,1165553,-0.02572898799313894
2025-05-07,1699,1732,1699,1717,689641,0.00762910798122074
2025-05-08,1717,1732,1704,1717,762328,0.0
2025-05-09,1769,1771,1719,1737,1139876,0.011648223645893907
2025-05-12,1732,1761,1732,1759,629758,0.012665515256188753
2025-05-13,1771,1771,1747,1754,380058,-0.002842524161455362
2025-05-14,1789,1791,1764,1781,763640,0.015393386545039967
2025-05-15,1784,1801,1769,1771,613977,-0.005614823133071267
2025-05-16,1774,1774,1727,1729,571419,-0.02371541501976282
2025-05-19,1729,1743,1702,1717,460769,-0.006940427993059606
2025-05-20,1729,1759,1729,1754,466323,0.021549213744903817
2025-05-21,1751,1824,1751,1771,635603,0.009692132269099263
2025-05-22,1776,1779,1739,1747,381899,-0.013551665725578754
2025-05-23,1846,1854,1761,1774,1520146,0.015455065827132186
2025-05-26,1761,1786,1761,1774,380652,0.0
2025-05-27,1769,1774,1749,1756,408957,-0.01014656144306647
2025-05-28,1771,1784,1766,1774,362139,0.010250569476081939
2025-05-29,1774,1781,1759,1769,225242,-0.002818489289740711
2025-05-30,1764,1771,1719,1732,341505,-0.02091577162238556
2025-06-02,1729,1751,1687,1749,318661,0.009815242494226384
2025-06-04,1737,1786,1737,1784,343330,0.020011435105774744
2025-06-05,1784,1806,1771,1779,464530,-0.002802690582959677
2025-06-09,1786,1839,1786,1834,843757,0.030916245081506366
2025-06-10,1871,1876,1809,1871,980168,0.020174482006543037
2025-06-11,1881,2066,1854,1916,7483847,0.024051309460181747
2025-06-12,1974,1979,1906,1919,1382501,0.0015657620041753528
2025-06-13,1921,1926,1839,1861,1247136,-0.030224075039082865
2025-06-16,1864,1909,1841,1901,780073,0.02149382052659865
2025-06-17,1941,1961,1904,1931,871453,0.015781167806417695
2025-06-18,1944,1979,1914,1971,1238738,0.02071465561885044
2025-06-19,1981,2004,1954,1994,1597845,0.011669203450025423
2025-06-20,2151,2151,1951,1989,4403391,-0.0025075225677031465
2025-06-23,1939,2004,1901,1964,1223874,-0.012569130216188995
2025-06-24,2016,2086,1979,2079,2411485,0.05855397148676178
2025-06-25,2049,2059,1984,1996,1119454,-0.039923039923039916
2025-06-26,2001,2004,1909,1936,1279536,-0.030060120240480992
2025-06-27,1944,1959,1849,1904,679962,-0.016528925619834656
2025-06-30,1894,1911,1874,1879,557559,-0.01313025210084029
2025-07-01,1879,1911,1879,1889,928793,0.0053219797764767485
2025-07-02,1886,1886,1804,1829,1104045,-0.03176283748014819
2025-07-03,1866,1869,1824,1834,609438,0.0027337342810278553
2025-07-04,1834,1836,1799,1801,533834,-0.017993456924754625
2025-07-07,1799,1844,1789,1814,500119,0.0072182121043864456
2025-07-08,1816,1856,1814,1854,475500,0.022050716648291058
2025-07-09,1856,1879,1831,1879,540030,0.013484358144552289
2025-07-10,1889,2049,1861,1981,3450629,0.05428419372006377
2025-07-11,1994,2024,1954,1986,1732351,0.0025239777889953796
2025-07-14,1966,1979,1919,1951,816693,-0.01762336354481364
2025-07-15,1954,1971,1916,1924,650242,-0.013839056893900525
2025-07-16,1924,1934,1896,1909,435902,-0.007796257796257811
2025-07-17,1936,1971,1884,1904,935045,-0.002619172341540077
2025-07-18,1904,1909,1874,1881,416763,-0.012079831932773066
2025-07-21,1881,1894,1864,1864,326629,-0.009037745879851178
2025-07-22,1864,1879,1811,1834,685146,-0.016094420600858417
2025-07-23,1829,1839,1799,1809,464536,-0.0136314067611778
2025-07-24,1809,1821,1761,1766,528441,-0.023770038695411833
2025-07-25,1766,1824,1766,1794,439833,0.015855039637599155
2025-07-28,1794,1806,1739,1756,641479,-0.021181716833890696
2025-07-29,1809,1814,1749,1756,2967969,0.0
2025-07-30,1756,1766,1739,1744,570819,-0.006833712984054663
2025-07-31,1744,1769,1709,1727,483834,-0.009747706422018387
2025-08-01,1707,1717,1654,1657,861016,-0.04053271569195138
2025-08-04,1639,1739,1639,1699,542987,0.025347012673506253
2025-08-05,1707,1727,1682,1699,288868,0.0
2025-08-06,1722,1737,1702,1707,464770,0.004708652148322612
2025-08-07,1704,1729,1692,1717,340751,0.005858230814294041
2025-08-08,1712,1742,1709,1724,375741,0.004076878276062956
2025-08-11,1724,1732,1707,1712,250103,-0.00696055684454755
2025-08-12,1719,1747,1692,1692,390743,-0.011682242990654235
2025-08-13,1714,1724,1684,1692,263157,0.0
2025-08-14,1692,1704,1679,1687,286638,-0.002955082742316817
2025-08-18,1677,1687,1664,1677,255060,-0.005927682276229973
2025-08-19,1677,1684,1647,1654,455748,-0.013714967203339312
2025-08-20,1642,1644,1589,1624,461424,-0.01813784764207982
2025-08-21,1614,1639,1614,1617,216523,-0.004310344827586188
2025-08-22,1607,1657,1607,1642,379304,0.015460729746443969
2025-08-25,1649,1667,1649,1654,204074,0.0073081607795371095
2025-08-26,1649,1659,1634,1652,168954,-0.0012091898428052694
2025-08-27,1654,1659,1634,1649,213176,-0.001815980629539915
2025-08-28,1634,1664,1634,1652,135220,0.0018192844147968401
2025-08-29,1652,1664,1632,1637,221389,-0.009079903147699797
2025-09-01,1632,1634,1589,1597,380414,-0.02443494196701279
2025-09-02,1632,1664,1599,1599,307431,0.0012523481527864089
2025-09-03,1609,1619,1592,1612,172805,0.008130081300812941
2025-09-04,1599,1642,1599,1632,171885,0.012406947890818865
2025-09-05,1634,1639,1619,1629,140246,-0.0018382352941176405
2025-09-08,1622,1647,1619,1639,259672,0.006138735420503361
2025-09-09,1632,1652,1632,1647,196896,0.004881025015253115
2025-09-10,1679,1704,1654,1684,805970,0.022465088038858605
2025-09-11,1692,1712,1674,1682,471829,-0.001187648456057011
2025-09-12,1694,1709,1682,1699,404969,0.010107015457788249
2025-09-15,1749,1749,1699,1724,652488,0.014714537963507857
2025-09-16,1732,1751,1702,1704,440458,-0.011600928074245953
2025-09-17,1709,1712,1684,1694,285047,-0.005868544600938996
2025-09-18,1704,1819,1704,1774,2889458,0.04722550177095641
2025-09-19,1849,1914,1794,1836,8639089,0.03494926719278468
2025-09-22,1869,1901,1826,1836,2569399,0.0
2025-09-23,1821,1856,1791,1819,1600567,-0.0092592592592593
2025-09-24,1824,1839,1776,1796,1013964,-0.012644310060472841
2025-09-25,1796,1814,1771,1806,692512,0.0055679287305121505
2025-09-26,1791,1796,1729,1732,830959,-0.04097452934662238
2025-09-29,1774,1826,1756,1756,1151103,0.01385681293302543
2025-09-30,1749,1761,1719,1734,396303,-0.01252847380410027
2025-10-01,1739,1739,1689,1694,531508,-0.023068050749711633
2025-10-02,1694,1717,1687,1697,300255,0.0017709563164107767
2025-10-10,1717,1754,1714,1737,735076,0.023571007660577514
2025-10-13,1729,1734,1677,1709,391552,-0.016119746689694847
2025-10-14,1774,1871,1732,1781,6533915,0.0421299005266238
2025-10-15,1784,1799,1761,1786,1072332,0.0028074115665357446
2025-10-16,1799,1799,1744,1749,1093540,-0.020716685330347095
2025-10-17,1724,1734,1682,1682,1056106,-0.038307604345340196
2025-10-20,1709,1709,1659,1704,520785,0.013079667063020217
2025-10-21,1704,1714,1682,1687,578915,-0.00997652582159625
2025-10-22,1687,1702,1654,1697,796926,0.005927682276229973
2025-10-23,1699,1781,1674,1749,2272764,0.030642309958750724
2025-10-24,1756,1819,1717,1724,1075583,-0.014293882218410547
2025-10-27,1734,1756,1727,1744,861500,0.011600928074245953
2025-10-28,1749,1774,1722,1729,682421,-0.008600917431192623
2025-10-29,1729,1759,1717,1739,720172,0.005783689994216301
2025-10-30,1732,1739,1677,1679,712213,-0.0345025876940771
2025-10-31,1669,1687,1664,1669,413212,-0.005955926146515744
2025-11-03,1669,1697,1669,1674,515869,0.002995805871779611
2025-11-04,1839,1859,1749,1834,5484061,0.09557945041816018
2025-11-05,1831,1856,1771,1854,2070760,0.010905125408942284
2025-11-06,1869,1931,1831,1851,2641219,-0.0016181229773463146
2025-11-07,1824,1849,1774,1811,1160159,-0.02160994057266341
2025-11-10,1824,1839,1786,1829,695935,0.00993926007730539
2025-11-11,1831,1854,1794,1814,728508,-0.008201202843083677
2025-11-12,1804,1829,1794,1819,651478,0.002756339581036382
2025-11-13,1819,1826,1789,1806,632821,-0.007146783947223789
2025-11-14,1781,1806,1749,1754,805084,-0.02879291251384275
2025-11-17,1749,1809,1744,1747,1344222,-0.003990877993158448
2025-11-18,1733,1734,1600,1623,1908693,-0.07097882083571838
2025-11-19,1624,1672,1618,1634,506779,0.0067775723967959944
2025-11-20,1643,1715,1624,1642,341138,0.004895960832313362
2025-11-21,1635,1635,1592,1617,320211,-0.015225334957369108
2025-11-24,1620,1622,1547,1552,462761,-0.04019789734075452
2025-11-25,1552,1650,1531,1550,348470,-0.0012886597938144284
2025-11-26,1552,1569,1543,1563,154642,0.00838709677419347
2025-11-27,1557,1611,1557,1607,230912,0.02815099168266144
2025-11-28,1632,1664,1610,1658,229488,0.0317361543248289
2025-12-01,1750,1771,1620,1684,860237,0.01568154402895061
2025-12-02,1685,1699,1650,1696,200342,0.0071258907363420665
2025-12-03,1696,1723,1690,1720,238664,0.014150943396226356
2025-12-04,1721,1743,1704,1725,267478,0.0029069767441860517
2025-12-05,1754,1760,1703,1729,212077,0.002318840579710102
2025-12-08,1729,1749,1723,1737,175028,0.0046269519953729965
2025-12-09,1723,1737,1698,1736,167187,-0.0005757052389177009
2025-12-10,1691,1691,1634,1666,707869,-0.040322580645161255
2025-12-11,1666,1675,1638,1644,315046,-0.013205282112845107
2025-12-12,1602,1700,1581,1646,1050023,0.0012165450121655041
2025-12-15,1640,1655,1550,1628,578689,-0.010935601458080146
2025-12-16,1628,1628,1572,1572,629634,-0.03439803439803435
2025-12-17,1580,1583,1557,1570,396098,-0.0012722646310432406
2025-12-18,1553,1632,1532,1565,352208,-0.0031847133757961776
2025-12-19,1570,1621,1556,1618,489020,0.03386581469648564
2025-12-22,1620,1664,1620,1660,569152,0.02595797280593315
2025-12-23,1675,1695,1620,1646,508911,-0.008433734939759074
2025-12-24,1645,1650,1580,1608,623288,-0.023086269744835963
2025-12-26,1608,1625,1577,1622,292944,0.008706467661691475
2025-12-29,1622,1640,1592,1635,279810,0.00801479654747217
2025-12-30,1635,1646,1597,1645,356628,0.006116207951070374
2026-01-02,1645,1678,1621,1665,411068,0.012158054711246091
2026-01-05,1667,1680,1619,1650,618509,-0.009009009009009028
2026-01-06,1650,1650,1617,1617,408256,-0.020000000000000018
2026-01-07,1619,1620,1574,1587,450941,-0.01855287569573283
2026-01-08,1583,1655,1542,1542,564384,-0.02835538752362954
2026-01-09,1530,1580,1530,1559,342631,0.011024643320363126
2026-01-12,1559,1590,1540,1588,391814,0.018601667735728133
2026-01-13,1570,1588,1570,1584,367239,-0.0025188916876573986
2026-01-14,1583,1590,1566,1577,297153,-0.004419191919191934
2026-01-15,1577,1580,1553,1577,365106,0.0
2026-01-16,1580,1580,1544,1570,434168,-0.00443880786303108
2026-01-19,1570,1585,1542,1584,485649,0.008917197452229297
2026-01-20,1583,1634,1564,1626,777129,0.026515151515151603
2026-01-21,1626,1626,1561,1574,595331,-0.03198031980319804
2026-01-22,1577,1591,1560,1590,463246,0.010165184243964509
