Date,Open,High,Low,Close,Volume,Change
2022-01-03,5250,5360,5220,5280,47313,-0.001890359168241984
2022-01-04,5360,5370,5250,5370,61963,0.017045454545454586
2022-01-05,5320,5360,5260,5290,68784,-0.014897579143389184
2022-01-06,5220,5290,5080,5080,106224,-0.03969754253308133
2022-01-07,4745,4860,4715,4755,423310,-0.0639763779527559
2022-01-10,4800,4800,4535,4630,221326,-0.02628811777076756
2022-01-11,4520,4570,4390,4435,224489,-0.04211663066954641
2022-01-12,4495,4545,4350,4470,150405,0.007891770011273946
2022-01-13,4490,4535,4445,4500,73710,0.006711409395973256
2022-01-14,4415,4635,4340,4635,138645,0.030000000000000027
2022-01-17,4635,4635,4410,4440,155551,-0.04207119741100329
2022-01-18,4520,4520,4330,4370,85233,-0.015765765765765716
2022-01-19,4320,4595,4320,4380,115932,0.0022883295194509046
2022-01-20,4420,4475,4355,4435,43983,0.01255707762557079
2022-01-21,4430,4570,4410,4480,80555,0.01014656144306647
2022-01-24,4480,4480,4195,4205,183183,-0.0613839285714286
2022-01-25,4215,4230,3935,4000,164703,-0.04875148632580262
2022-01-26,3910,4120,3910,4000,80503,0.0
2022-01-27,4010,4045,3820,3860,134003,-0.03500000000000003
2022-01-28,4020,4055,3805,4000,93666,0.03626943005181338
2022-02-03,4100,4150,3990,4040,86173,0.010000000000000009
2022-02-04,4030,4165,4020,4155,64678,0.02846534653465338
2022-02-07,4160,4200,4090,4115,33056,-0.009626955475330878
2022-02-08,4115,4185,4050,4095,47548,-0.004860267314702349
2022-02-09,4095,4230,4095,4190,67076,0.023199023199023117
2022-02-10,4190,4250,4100,4110,69435,-0.019093078758949833
2022-02-11,4080,4115,4055,4075,62934,-0.008515815085158196
2022-02-14,4075,4075,3880,3945,96157,-0.031901840490797584
2022-02-15,3900,4050,3900,3935,46404,-0.0025348542458808465
2022-02-16,3975,4100,3975,4090,59221,0.03939008894536222
2022-02-17,4090,4165,3950,4045,65386,-0.011002444987775029
2022-02-18,3980,4135,3980,4090,48504,0.011124845488257096
2022-02-21,4010,4230,3980,4205,118455,0.028117359413202925
2022-02-22,4175,4175,4020,4065,56627,-0.03329369797859694
2022-02-23,4070,4120,4050,4105,37814,0.009840098400984099
2022-02-24,4155,4155,3960,3980,139651,-0.030450669914738104
2022-02-25,4110,4195,4005,4130,92821,0.03768844221105527
2022-02-28,4110,4305,4080,4190,67118,0.014527845036319542
2022-03-02,4195,4295,4110,4275,69109,0.02028639618138417
2022-03-03,4280,4375,4250,4370,75924,0.022222222222222143
2022-03-04,4370,4370,4240,4300,46739,-0.016018306636155555
2022-03-07,4240,4245,4150,4150,36730,-0.03488372093023251
2022-03-08,4040,4135,4040,4085,48693,-0.015662650602409678
2022-03-10,4130,4255,4120,4220,41586,0.03304773561811514
2022-03-11,4220,4325,4185,4325,89386,0.024881516587677677
2022-03-14,4355,4355,4170,4215,58661,-0.02543352601156068
2022-03-15,4215,4280,4150,4190,37368,-0.005931198102016588
2022-03-16,4255,4285,4175,4265,43220,0.017899761336515496
2022-03-17,4350,4440,4285,4355,99875,0.021101992966002348
2022-03-18,4405,4405,4280,4335,42300,-0.004592422502870286
2022-03-21,4320,4465,4320,4415,129999,0.018454440599769306
2022-03-22,4430,4475,4380,4425,55908,0.0022650056625141968
2022-03-23,4425,4470,4370,4395,61416,-0.006779661016949157
2022-03-24,4395,4425,4320,4400,48359,0.0011376564277587597
2022-03-25,4450,4590,4430,4465,115045,0.014772727272727382
2022-03-28,4525,4575,4400,4555,100278,0.02015677491601342
2022-03-29,4540,4685,4485,4685,205511,0.028540065861690556
2022-03-30,4785,4785,4610,4620,134793,-0.0138740661686233
2022-03-31,4620,4715,4610,4675,77093,0.011904761904761862
2022-04-01,4675,4685,4610,4640,56446,-0.007486631016042744
2022-04-04,4750,4780,4640,4755,107538,0.024784482758620774
2022-04-05,4760,4920,4715,4905,163898,0.03154574132492116
2022-04-06,4880,4950,4790,4945,160552,0.00815494393476035
2022-04-07,4910,4910,4800,4810,110828,-0.027300303336703746
2022-04-08,4810,4865,4600,4655,198528,-0.032224532224532254
2022-04-11,4720,4720,4515,4565,101677,-0.01933404940923733
2022-04-12,4460,4525,4420,4480,95528,-0.018619934282584905
2022-04-13,4475,4685,4470,4565,286491,0.01897321428571419
2022-04-14,4565,4615,4535,4555,80375,-0.0021905805038334725
2022-04-15,4530,4530,4425,4450,80239,-0.023051591657519244
2022-04-18,4405,4460,4390,4400,65784,-0.011235955056179803
2022-04-19,4445,4490,4400,4490,50793,0.020454545454545503
2022-04-20,4500,4690,4490,4605,86529,0.025612472160356337
2022-04-21,4590,4635,4575,4580,45094,-0.005428881650380024
2022-04-22,4500,4530,4460,4460,68794,-0.026200873362445365
2022-04-25,4400,4440,4330,4380,118871,-0.017937219730941756
2022-04-26,4380,4450,4380,4435,40624,0.01255707762557079
2022-04-27,4255,4360,4255,4300,94829,-0.030439684329199523
2022-04-28,4295,4335,4165,4200,140722,-0.023255813953488413
2022-04-29,4220,4285,4220,4285,73824,0.020238095238095166
2022-05-02,4225,4230,4165,4200,41837,-0.019836639439906656
2022-05-03,4200,4265,4195,4225,44477,0.005952380952380931
2022-05-04,4245,4245,4175,4175,81222,-0.011834319526627168
2022-05-06,4120,4930,4090,4530,729446,0.0850299401197605
2022-05-09,4530,4700,4405,4410,164411,-0.026490066225165587
2022-05-10,4370,4400,4195,4325,108385,-0.019274376417233507
2022-05-11,4325,4400,4250,4285,58917,-0.009248554913294793
2022-05-12,4250,4420,4120,4120,135586,-0.03850641773628938
2022-05-13,4170,4360,4170,4300,98971,0.043689320388349495
2022-05-16,4340,4400,4215,4295,60440,-0.0011627906976744429
2022-05-17,4330,4490,4300,4415,102409,0.0279394644935973
2022-05-18,4415,4495,4335,4335,53721,-0.01812004530011324
2022-05-19,4260,4420,4220,4355,102590,0.0046136101499423265
2022-05-20,4350,4600,4300,4545,194309,0.04362801377726755
2022-05-23,4545,4670,4475,4640,130384,0.020902090209020896
2022-05-24,4625,4640,4510,4510,99856,-0.028017241379310387
2022-05-25,4510,4640,4475,4590,97720,0.017738359201773912
2022-05-26,4590,4650,4500,4525,57986,-0.014161220043573008
2022-05-27,4680,4750,4575,4610,136109,0.01878453038674044
2022-05-30,4615,4690,4560,4605,60389,-0.0010845986984815426
2022-05-31,4580,4650,4580,4620,57111,0.0032573289902280145
2022-06-02,4610,4670,4570,4640,50267,0.0043290043290042934
2022-06-03,4625,4755,4625,4690,133419,0.010775862068965525
2022-06-07,4665,4690,4575,4645,91972,-0.009594882729211052
2022-06-08,4635,4790,4615,4665,94530,0.0043057050592034685
2022-06-09,4670,4690,4540,4690,80148,0.005359056806002238
2022-06-10,4680,4680,4570,4600,58057,-0.019189765458422214
2022-06-13,4505,4650,4385,4420,185263,-0.03913043478260869
2022-06-14,4270,4415,4240,4335,100571,-0.019230769230769273
2022-06-15,4290,4340,4140,4140,97100,-0.04498269896193774
2022-06-16,4190,4390,4140,4215,89070,0.018115942028985588
2022-06-17,4100,4255,3900,4190,57333,-0.005931198102016588
2022-06-20,4120,4160,3900,3955,117153,-0.05608591885441527
2022-06-21,3990,4090,3955,4010,52925,0.013906447534766109
2022-06-22,3995,4060,3750,3775,72064,-0.05860349127182041
2022-06-23,3800,3800,3500,3560,123237,-0.05695364238410594
2022-06-24,3560,3715,3530,3670,52847,0.030898876404494402
2022-06-27,3695,3855,3670,3845,50598,0.04768392370572205
2022-06-28,3850,3940,3820,3940,33996,0.024707412223667014
2022-06-29,3895,3970,3830,3945,28061,0.0012690355329949554
2022-06-30,3945,3960,3800,3880,36092,-0.016476552598225558
2022-07-01,3870,3920,3700,3850,63267,-0.0077319587628865705
2022-07-04,3850,3900,3695,3750,37996,-0.025974025974025983
2022-07-05,3730,3855,3720,3850,22408,0.026666666666666616
2022-07-06,3820,3870,3750,3785,36840,-0.016883116883116833
2022-07-07,3790,3850,3770,3850,28672,0.017173051519154603
2022-07-08,3905,4000,3850,3880,54405,0.007792207792207684
2022-07-11,3970,3985,3680,3855,45544,-0.006443298969072142
2022-07-12,3840,3840,3690,3700,35785,-0.04020752269779504
2022-07-13,3700,3780,3660,3715,29348,0.004054054054054124
2022-07-14,3630,3790,3630,3730,19085,0.004037685060565233
2022-07-15,3680,3775,3650,3740,35378,0.002680965147453085
2022-07-18,3740,3785,3660,3750,57120,0.002673796791443861
2022-07-19,3660,3940,3660,3855,58935,0.028000000000000025
2022-07-20,3865,3950,3845,3845,22456,-0.0025940337224383825
2022-07-21,3840,3910,3780,3905,36946,0.015604681404421283
2022-07-22,3870,4000,3870,3915,48229,0.00256081946222797
2022-07-25,3900,3965,3895,3940,26951,0.0063856960408683605
2022-07-26,3900,3970,3900,3940,17044,0.0
2022-07-27,3965,3990,3925,3960,26095,0.0050761421319796
2022-07-28,4080,4080,3950,3965,33848,0.0012626262626262985
2022-07-29,3950,4170,3950,4145,65181,0.045397225725094525
2022-08-01,4730,4800,4285,4330,1148608,0.04463208685162856
2022-08-02,4330,4330,4185,4200,140028,-0.03002309468822173
2022-08-03,4155,4305,4155,4205,94205,0.0011904761904761862
2022-08-04,4215,4300,4210,4265,68336,0.014268727705113005
2022-08-05,4270,4275,4210,4230,43576,-0.008206330597889777
2022-08-08,4240,4270,4100,4160,57527,-0.01654846335697402
2022-08-09,4125,4200,4125,4140,57918,-0.004807692307692291
2022-08-10,4180,4180,4055,4120,81099,-0.004830917874396157
2022-08-11,4190,4190,4105,4125,41634,0.0012135922330096527
2022-08-12,4190,4295,4160,4165,71845,0.00969696969696976
2022-08-16,4170,4470,4130,4240,123797,0.01800720288115243
2022-08-17,4225,4270,4185,4220,44045,-0.004716981132075526
2022-08-18,4215,4250,4150,4230,42853,0.0023696682464455776
2022-08-19,4205,4235,4120,4185,30372,-0.010638297872340385
2022-08-22,4185,4185,4000,4000,57362,-0.044205495818399054
2022-08-23,3910,4015,3910,3980,26729,-0.0050000000000000044
2022-08-24,5170,5170,5170,5170,824357,0.2989949748743719
2022-08-25,5960,6330,5170,5250,13987796,0.015473887814313247
2022-08-26,5270,5310,4920,4920,2446598,-0.06285714285714283
2022-08-29,4705,4800,4580,4700,1157727,-0.04471544715447151
2022-08-30,4680,4840,4610,4725,973726,0.005319148936170137
2022-08-31,4720,4815,4625,4810,538205,0.017989417989418
2022-09-01,4765,4765,4440,4485,772275,-0.06756756756756754
2022-09-02,4480,4520,4310,4435,439652,-0.01114827201783719
2022-09-05,4435,4540,4370,4370,306079,-0.01465614430665163
2022-09-06,4370,4540,4360,4530,282882,0.03661327231121292
2022-09-07,4525,4530,4075,4225,445575,-0.06732891832229582
2022-09-08,4225,4315,4155,4160,159830,-0.01538461538461533
2022-09-13,4160,4330,4160,4325,196324,0.03966346153846145
2022-09-14,4110,4320,4095,4260,127396,-0.015028901734104094
2022-09-15,4265,4400,4110,4215,212590,-0.010563380281690127
2022-09-16,4215,4270,4070,4085,187101,-0.03084223013048637
2022-09-19,4070,4085,3920,3935,197832,-0.0367197062423501
2022-09-20,4000,4070,3950,4020,109878,0.021601016518424387
2022-09-21,3960,4050,3950,3965,102143,-0.013681592039801016
2022-09-22,3885,3910,3745,3880,225263,-0.021437578814628044
2022-09-23,3950,3950,3675,3700,174434,-0.046391752577319534
2022-09-26,3600,3625,3400,3405,337485,-0.07972972972972969
2022-09-27,3400,3490,3320,3420,182332,0.004405286343612369
2022-09-28,3425,3450,3170,3195,200645,-0.06578947368421051
2022-09-29,3295,3320,3165,3165,123156,-0.009389671361502372
2022-09-30,3110,3240,3075,3185,79521,0.006319115323854652
2022-10-04,3220,3315,3210,3280,69291,0.02982731554160134
2022-10-05,3290,3995,3165,3360,1292340,0.024390243902439046
2022-10-06,3400,3570,3350,3410,288897,0.014880952380952328
2022-10-07,3420,3475,3315,3395,133225,-0.004398826979472137
2022-10-11,3280,3325,3150,3155,181060,-0.07069219440353458
2022-10-12,3145,3435,3110,3175,302709,0.006339144215530945
2022-10-13,3175,3265,3080,3100,102700,-0.023622047244094446
2022-10-14,3115,3260,3115,3165,114473,0.020967741935483897
2022-10-17,3100,3285,3075,3245,141940,0.025276461295418606
2022-10-18,3290,3335,3260,3300,123443,0.016949152542372836
2022-10-19,3315,3370,3240,3280,112263,-0.0060606060606061
2022-10-20,3490,3490,3280,3280,291927,0.0
2022-10-21,3250,3270,3205,3210,67119,-0.021341463414634165
2022-10-24,3235,3290,3180,3190,90629,-0.006230529595015577
2022-10-25,3195,3325,3190,3250,107992,0.018808777429467183
2022-10-26,3240,3265,3155,3155,59613,-0.029230769230769282
2022-10-27,3255,3380,3150,3330,172101,0.05546751188589538
2022-10-28,3430,4325,3200,4325,2685129,0.2987987987987988
2022-10-31,4610,4685,4030,4115,7054258,-0.048554913294797664
2022-11-01,4165,4250,4080,4230,2050798,0.0279465370595382
2022-11-02,4110,4135,3810,3900,1234327,-0.07801418439716312
2022-11-03,4395,4990,4375,4515,14197984,0.1576923076923078
2022-11-04,4520,4540,4325,4370,1275136,-0.032115171650055396
2022-11-07,4375,4480,4285,4300,1123556,-0.016018306636155555
2022-11-08,4225,4295,4205,4275,616217,-0.005813953488372103
2022-11-09,4260,4950,4150,4435,10335275,0.037426900584795364
2022-11-10,4515,4655,4410,4425,2415328,-0.0022547914317925244
2022-11-11,4500,4595,4430,4430,1039659,0.001129943502824915
2022-11-14,4430,4740,4430,4495,2160578,0.0146726862302482
2022-11-15,4495,4700,4430,4645,1552967,0.03337041156840925
2022-11-16,4760,4935,4610,4675,2694279,0.006458557588805203
2022-11-17,4635,4820,4400,4725,1930082,0.010695187165775444
2022-11-18,4865,5180,4540,4600,5033792,-0.02645502645502651
2022-11-21,4645,4750,4470,4470,493211,-0.02826086956521734
2022-11-22,4425,4520,4330,4425,287840,-0.010067114093959773
2022-11-23,4410,5270,4410,4900,10022612,0.10734463276836159
2022-11-24,4865,5180,4815,5110,2926511,0.04285714285714293
2022-11-25,5070,5380,4845,4880,2800805,-0.045009784735812186
2022-11-28,4910,4985,4755,4765,745779,-0.023565573770491843
2022-11-29,4720,4885,4720,4755,351750,-0.0020986358866736943
2022-11-30,4785,5100,4785,5030,2676909,0.05783385909568883
2022-12-01,5030,5080,4920,5010,682329,-0.003976143141153132
2022-12-02,4990,5010,4820,4835,461102,-0.03493013972055892
2022-12-05,4825,4860,4700,4760,268739,-0.015511892450879028
2022-12-06,4700,4725,4500,4500,346459,-0.054621848739495826
2022-12-07,4480,4800,4405,4590,401464,0.020000000000000018
2022-12-08,4590,4660,4435,4555,204635,-0.007625272331154731
2022-12-09,4600,4645,4475,4515,155975,-0.008781558726673966
2022-12-12,4450,4550,4420,4420,132864,-0.021040974529346612
2022-12-13,4410,4540,4310,4325,184653,-0.021493212669683293
2022-12-14,4355,4460,4340,4415,114415,0.020809248554913395
2022-12-15,4415,4485,4360,4365,113386,-0.011325028312570762
2022-12-16,4410,4520,4290,4310,221124,-0.012600229095074411
2022-12-19,4410,4410,4280,4325,80799,0.0034802784222738303
2022-12-20,4280,4295,4155,4205,137438,-0.02774566473988438
2022-12-21,4200,4240,4170,4235,75272,0.007134363852556502
2022-12-22,4215,4345,4195,4275,78972,0.009445100354191327
2022-12-23,4600,4890,4135,4145,1489733,-0.03040935672514622
2022-12-26,4175,4260,3985,4010,423448,-0.03256936067551264
2022-12-27,4005,4100,3990,3990,144959,-0.004987531172069848
2022-12-28,3950,4015,3910,3965,87916,-0.006265664160400974
2022-12-29,3945,3965,3810,3825,187478,-0.035308953341740223
2023-01-02,3895,3905,3750,3750,130854,-0.019607843137254943
2023-01-03,3700,4065,3700,3900,626286,0.040000000000000036
2023-01-04,3825,3945,3805,3900,147955,0.0
2023-01-05,3875,3950,3825,3830,112328,-0.017948717948717996
2023-01-06,3960,4080,3880,3930,224583,0.02610966057441244
2023-01-09,3935,4075,3935,4050,186308,0.03053435114503822
2023-01-10,4010,4190,4010,4110,188911,0.014814814814814836
2023-01-11,4150,4150,4080,4105,127076,-0.0012165450121655041
2023-01-12,4120,4165,4060,4060,56325,-0.010962241169305775
2023-01-13,4100,4290,4050,4160,331173,0.024630541871921263
2023-01-16,4170,4275,4125,4175,185679,0.0036057692307691624
2023-01-17,4175,4175,4050,4080,134342,-0.022754491017964118
2023-01-18,4050,4085,4025,4075,104961,-0.001225490196078427
2023-01-19,4150,4200,3960,3970,269710,-0.025766871165644134
2023-01-20,3970,4130,3950,4025,95799,0.01385390428211597
2023-01-25,4010,4155,4010,4095,121520,0.017391304347825987
2023-01-26,4095,4175,4095,4150,109048,0.013431013431013383
2023-01-27,4160,4210,4120,4160,71236,0.002409638554216942
2023-01-30,4170,4245,4115,4220,154682,0.014423076923076872
2023-01-31,4220,4220,4130,4155,95194,-0.0154028436018957
2023-02-01,4175,4215,4085,4155,123099,0.0
2023-02-02,4165,4265,4165,4265,160156,0.026474127557160054
2023-02-03,4300,4325,4245,4325,219012,0.014067995310668158
2023-02-06,4350,4350,4235,4265,107190,-0.01387283236994219
2023-02-07,4265,4300,4200,4280,109210,0.003516998827667095
2023-02-08,4285,4380,4285,4295,120455,0.003504672897196359
2023-02-09,4295,4315,4250,4290,86440,-0.0011641443538998875
2023-02-10,4290,4300,4150,4185,153783,-0.02447552447552448
2023-02-13,4200,4350,4160,4275,177457,0.021505376344086002
2023-02-14,4300,4310,4225,4275,89458,0.0
2023-02-15,4285,4290,4060,4110,175689,-0.038596491228070184
2023-02-16,4255,4430,4170,4200,662047,0.021897810218978186
2023-02-17,4250,4290,4175,4200,190484,0.0
2023-02-20,4250,4515,4235,4495,952654,0.07023809523809521
2023-02-21,4495,4920,4465,4675,5439886,0.04004449388209119
2023-02-22,4730,4870,4605,4695,1482252,0.004278074866310266
2023-02-23,4730,4810,4520,4725,809085,0.006389776357827559
2023-02-24,4700,4900,4510,4545,1022202,-0.03809523809523807
2023-02-27,4540,4540,4410,4460,299691,-0.018701870187018743
2023-02-28,4450,4685,4420,4585,417723,0.028026905829596327
2023-03-02,4545,4650,4445,4520,440575,-0.014176663031624903
2023-03-03,4505,4525,4465,4465,184104,-0.012168141592920345
2023-03-06,4470,4685,4430,4660,468750,0.043673012318029114
2023-03-07,4675,4680,4505,4595,420116,-0.013948497854077258
2023-03-08,4580,4580,4455,4465,236598,-0.028291621327529937
2023-03-09,4470,4505,4320,4400,245253,-0.014557670772676334
2023-03-10,4295,4370,4265,4265,158957,-0.030681818181818143
2023-03-13,4200,4340,4130,4315,256888,0.011723329425556761
2023-03-14,4205,4240,3955,3955,437594,-0.08342989571263038
2023-03-15,4010,4075,3980,4005,134119,0.012642225031605614
2023-03-16,3980,4030,3865,3930,202189,-0.01872659176029967
2023-03-17,3970,4195,3970,4175,184023,0.06234096692111968
2023-03-20,4130,4170,4080,4110,144021,-0.015568862275449069
2023-03-21,4100,4150,4070,4080,93566,-0.007299270072992692
2023-03-22,4170,4170,4040,4060,129395,-0.004901960784313708
2023-03-23,4030,4045,3970,4000,134858,-0.014778325123152691
2023-03-24,4060,4240,3990,4175,376700,0.043749999999999956
2023-03-27,4170,4380,4070,4225,255901,0.011976047904191711
2023-03-28,4230,4335,4200,4300,242480,0.01775147928994092
2023-03-29,4325,4370,4235,4330,252757,0.006976744186046435
2023-03-30,4385,4440,4280,4360,246514,0.006928406466512715
2023-03-31,4435,4470,4140,4360,299136,0.0
2023-04-03,4350,4425,4315,4380,203062,0.004587155963302836
2023-04-04,4410,4455,4380,4405,231966,0.005707762557077611
2023-04-05,4440,4440,4300,4365,177477,-0.009080590238365494
2023-04-06,4340,4390,4260,4355,167079,-0.002290950744558984
2023-04-07,4385,4395,4280,4300,183726,-0.012629161882893203
2023-04-10,4345,4380,4270,4290,250459,-0.0023255813953488857
2023-04-11,4320,4465,4255,4415,464734,0.029137529137529095
2023-04-12,4520,4940,4495,4550,3730937,0.0305775764439411
2023-04-13,4700,4705,4495,4615,819131,0.014285714285714235
2023-04-14,4700,4730,4610,4730,518216,0.024918743228602436
2023-04-17,4845,4890,4550,4660,1407061,-0.014799154334038
2023-04-18,4725,4735,4545,4595,525858,-0.013948497854077258
2023-04-19,4540,4740,4540,4705,531396,0.02393906420021752
2023-04-20,4705,4725,4485,4505,335807,-0.04250797024442088
2023-04-21,4500,4545,4350,4400,264665,-0.023307436182020025
2023-04-24,4370,4450,4300,4300,206166,-0.022727272727272707
2023-04-25,4330,4330,4130,4160,283324,-0.032558139534883734
2023-04-26,4150,4220,4065,4075,185960,-0.02043269230769229
2023-04-27,4075,4245,4030,4160,214299,0.020858895705521574
2023-04-28,4180,4215,4100,4160,151037,0.0
2023-05-02,4295,4320,4160,4295,171953,0.03245192307692313
2023-05-03,4290,4305,4170,4180,164072,-0.0267753201396973
2023-05-04,4145,4230,4120,4220,155912,0.009569377990430672
2023-05-08,4330,4330,4205,4205,127362,-0.0035545023696682554
2023-05-09,4205,4370,4125,4325,196495,0.02853745541022601
2023-05-10,4285,4285,4195,4215,190218,-0.02543352601156068
2023-05-11,4210,4250,4175,4175,135299,-0.009489916963226541
2023-05-12,4155,4230,4110,4210,106378,0.008383233532934131
2023-05-15,4210,4210,4105,4140,115077,-0.016627078384798155
2023-05-16,4145,4210,4080,4090,88404,-0.012077294685990392
2023-05-17,4060,4210,4045,4155,89181,0.01589242053789741
2023-05-18,4190,4225,3975,4160,98709,0.001203369434416457
2023-05-19,4165,4870,4155,4390,4889987,0.05528846153846145
2023-05-22,4365,4535,4315,4455,656184,0.01480637813211838
2023-05-23,4585,4725,4400,4415,1394723,-0.008978675645342271
2023-05-24,4335,4570,4335,4440,446558,0.005662514156285381
2023-05-25,4425,4440,4300,4305,210874,-0.030405405405405372
2023-05-26,4340,4460,4325,4335,197170,0.006968641114982521
2023-05-30,4335,4475,4335,4440,191878,0.02422145328719716
2023-05-31,4450,4460,4380,4435,235744,-0.0011261261261261701
2023-06-01,4595,4630,4435,4435,607503,0.0
2023-06-02,4435,4545,4435,4495,164109,0.013528748590755368
2023-06-05,4565,4700,4500,4500,324204,0.0011123470522802492
2023-06-07,4500,4600,4500,4570,242180,0.015555555555555545
2023-06-08,4550,4565,4475,4510,131210,-0.013129102844638973
2023-06-09,4570,4720,4525,4720,1209760,0.04656319290465638
2023-06-12,5120,5630,4945,5020,8065242,0.06355932203389836
2023-06-13,5030,5310,5000,5060,2868398,0.007968127490039834
2023-06-14,5100,5520,4980,5360,6810561,0.059288537549407216
2023-06-15,5250,5600,4980,5600,3529420,0.04477611940298498
2023-06-16,5440,5550,5320,5380,1649178,-0.03928571428571426
2023-06-19,5380,5440,5180,5340,984668,-0.0074349442379182396
2023-06-20,5320,5440,5050,5060,1306917,-0.05243445692883897
2023-06-21,5240,6570,5210,6570,30715078,0.29841897233201586
2023-06-22,6880,7100,6360,6450,16968473,-0.0182648401826484
2023-06-23,6160,6340,6000,6240,8503575,-0.032558139534883734
2023-06-26,6180,6570,6080,6540,9925656,0.04807692307692313
2023-06-27,6290,6410,6150,6390,4164450,-0.022935779816513735
2023-06-28,6290,6300,6010,6170,2473266,-0.03442879499217533
2023-06-29,6100,6480,6020,6110,7316817,-0.00972447325769854
2023-06-30,6260,6700,6160,6160,10853675,0.008183306055646433
2023-07-03,6190,6480,6160,6320,3097985,0.025974025974025983
2023-07-04,6390,6390,5920,6010,2143983,-0.049050632911392444
2023-07-05,6040,6040,5580,5640,2704619,-0.061564059900166335
2023-07-06,5620,5670,5350,5400,1720964,-0.04255319148936165
2023-07-07,5330,5430,5190,5260,1404620,-0.025925925925925908
2023-07-10,5210,5350,5170,5200,825280,-0.011406844106463865
2023-07-11,5240,5390,5190,5330,997190,0.02499999999999991
2023-07-12,5280,5290,5080,5230,980685,-0.018761726078799223
2023-07-13,5260,5430,5180,5340,1383852,0.021032504780114758
2023-07-14,5370,5390,5130,5280,755119,-0.011235955056179803
2023-07-17,5300,5390,5200,5350,860687,0.01325757575757569
2023-07-18,5370,5450,5210,5370,956823,0.0037383177570093906
2023-07-19,5430,5450,5090,5100,883797,-0.05027932960893855
2023-07-20,5060,5150,4995,5120,559159,0.0039215686274509665
2023-07-21,5030,5100,4955,4965,545682,-0.0302734375
2023-07-24,4965,4985,4780,4850,679429,-0.023162134944612278
2023-07-25,4800,4905,4730,4735,521973,-0.023711340206185594
2023-07-26,4780,4815,4400,4540,1179358,-0.04118268215417109
2023-07-27,4660,4790,4555,4555,620367,0.0033039647577093323
2023-07-28,4525,4810,4525,4780,736544,0.04939626783754125
2023-07-31,4780,4815,4655,4780,365804,0.0
2023-08-01,4900,4900,4685,4760,623251,-0.004184100418409997
2023-08-02,4785,4875,4675,4680,544852,-0.01680672268907568
2023-08-03,4630,4635,4480,4615,403326,-0.01388888888888884
2023-08-04,4615,4730,4560,4665,270211,0.010834236186348933
2023-08-07,4675,4965,4605,4800,1043372,0.02893890675241151
2023-08-08,4790,4830,4580,4605,393390,-0.04062500000000002
2023-08-09,4595,4620,4525,4610,267582,0.0010857763300760048
2023-08-10,4565,4600,4480,4480,328932,-0.02819956616052066
2023-08-11,4480,4725,4480,4600,363665,0.02678571428571419
2023-08-14,4650,4650,4535,4560,197668,-0.008695652173912993
2023-08-16,4575,4585,4425,4440,303826,-0.02631578947368418
2023-08-17,4425,4480,4260,4370,497485,-0.015765765765765716
2023-08-18,4280,4390,4230,4350,264176,-0.004576659038901587
2023-08-21,4300,4500,4280,4365,180954,0.0034482758620688614
2023-08-22,4370,4450,4335,4360,185827,-0.001145475372279492
2023-08-23,4350,4540,4290,4435,204170,0.017201834862385246
2023-08-24,4420,4530,4420,4520,178823,0.01916572717023679
2023-08-25,4475,4525,4420,4460,117112,-0.013274336283185861
2023-08-28,4460,4660,4430,4625,437534,0.036995515695067205
2023-08-29,4655,4690,4550,4655,198855,0.00648648648648642
2023-08-30,4685,4695,4610,4620,165462,-0.007518796992481258
2023-08-31,4670,4775,4560,4560,582844,-0.012987012987012991
2023-09-01,4560,4735,4550,4605,273843,0.009868421052631637
2023-09-04,4620,4685,4535,4610,157643,0.0010857763300760048
2023-09-05,4540,4785,4440,4700,540303,0.01952277657266821
2023-09-06,4660,4820,4575,4720,645755,0.004255319148936065
2023-09-07,4635,4760,4500,4500,383299,-0.04661016949152541
2023-09-08,4500,4525,4420,4450,154334,-0.011111111111111072
2023-09-11,4445,4580,4400,4500,186454,0.011235955056179803
2023-09-12,4500,4590,4390,4390,221706,-0.02444444444444449
2023-09-13,4380,4470,4310,4345,184041,-0.01025056947608205
2023-09-14,4320,4480,4320,4435,120693,0.020713463751438344
2023-09-15,4405,4545,4405,4500,123657,0.014656144306651742
2023-09-18,4490,4660,4480,4515,433304,0.0033333333333334103
2023-09-19,4515,4625,4470,4515,202222,0.0
2023-09-20,4515,4520,4380,4400,181803,-0.025470653377630104
2023-09-21,4345,4400,4250,4250,242108,-0.03409090909090906
2023-09-22,4170,4260,4085,4240,199761,-0.0023529411764705577
2023-09-25,4195,4220,4080,4135,162651,-0.024764150943396235
2023-09-26,4075,4175,4040,4040,121506,-0.022974607013301118
2023-09-27,3960,4100,3960,4100,125950,0.014851485148514865
2023-10-04,4040,4045,3890,3895,185820,-0.050000000000000044
2023-10-05,3890,3950,3840,3885,152547,-0.0025673940949936247
2023-10-06,4300,4450,3930,3950,977604,0.016731016731016624
2023-10-10,3990,4015,3815,3850,220171,-0.025316455696202556
2023-10-11,3850,3980,3850,3900,108594,0.01298701298701288
2023-10-12,3955,4060,3910,4005,152770,0.026923076923076827
2023-10-13,3995,4020,3940,3990,146298,-0.0037453183520599342
2023-10-16,3940,3960,3855,3885,161789,-0.02631578947368418
2023-10-17,3885,3960,3855,3925,87750,0.01029601029601035
2023-10-18,3900,3985,3870,3885,104693,-0.010191082802547768
2023-10-19,3825,3850,3645,3695,225587,-0.04890604890604888
2023-10-20,3690,3690,3540,3550,213292,-0.03924221921515558
2023-10-23,3470,3685,3470,3565,166061,0.004225352112676051
2023-10-24,3550,3705,3490,3705,136394,0.03927068723702676
2023-10-25,3705,3760,3660,3675,72964,-0.0080971659919028
2023-10-26,3590,3660,3510,3515,128354,-0.0435374149659864
2023-10-27,3480,3600,3480,3530,77240,0.004267425320056972
2023-10-30,3530,3655,3495,3630,72831,0.028328611898017053
2023-10-31,3610,3770,3530,3540,129438,-0.024793388429752095
2023-11-01,3545,3615,3540,3545,62901,0.0014124293785311437
2023-11-02,3620,3725,3600,3680,118293,0.038081805359661436
2023-11-03,3720,3755,3685,3750,91382,0.01902173913043481
2023-11-06,3830,3855,3770,3855,152793,0.028000000000000025
2023-11-07,3815,3870,3720,3775,136502,-0.02075226977950717
2023-11-08,3775,3850,3765,3835,133579,0.015894039735099286
2023-11-09,3860,3865,3730,3770,159483,-0.016949152542372836
2023-11-10,3760,3790,3650,3725,109635,-0.011936339522546469
2023-11-13,3690,3755,3620,3670,115480,-0.014765100671140896
2023-11-14,3670,3810,3670,3770,118009,0.027247956403269713
2023-11-15,3835,3885,3775,3885,151392,0.0305039787798409
2023-11-16,3860,3945,3855,3925,139292,0.01029601029601035
2023-11-17,3945,3945,3790,3850,110394,-0.019108280254777066
2023-11-20,3850,3915,3820,3885,46796,0.009090909090909038
2023-11-21,3905,3920,3860,3895,62917,0.002574002574002643
2023-11-22,3895,3960,3840,3960,147859,0.016688061617458283
2023-11-23,4085,4085,3910,3940,186712,-0.005050505050505083
2023-11-24,3930,3945,3905,3920,34605,-0.005076142131979711
2023-11-27,3885,3935,3845,3845,57862,-0.01913265306122447
2023-11-28,3845,3900,3805,3820,51298,-0.006501950585175553
2023-11-29,3815,3905,3760,3760,93067,-0.015706806282722474
2023-11-30,3800,3860,3735,3825,98955,0.017287234042553168
2023-12-01,3815,3825,3760,3760,67164,-0.016993464052287632
2023-12-04,3760,3760,3695,3760,88289,0.0
2023-12-05,3790,3825,3700,3700,108425,-0.015957446808510634
2023-12-06,3705,3790,3690,3785,56634,0.02297297297297307
2023-12-07,3750,3765,3685,3685,63881,-0.026420079260237816
2023-12-08,3700,3745,3690,3740,55862,0.014925373134328401
2023-12-11,3730,3805,3620,3785,87276,0.012032085561497263
2023-12-12,3765,3820,3760,3765,96202,-0.005284015852047519
2023-12-13,3785,3845,3715,3785,87373,0.005312084993359889
2023-12-14,3795,3845,3745,3790,84235,0.0013210039630118242
2023-12-15,3790,3885,3785,3815,128225,0.006596306068601621
2023-12-18,3840,3980,3820,3905,356768,0.023591087811271283
2023-12-19,3940,3940,3875,3915,92528,0.00256081946222797
2023-12-20,3990,4350,3915,3995,3022573,0.020434227330779153
2023-12-21,3975,4005,3890,3905,217829,-0.02252816020025028
2023-12-22,3910,3945,3870,3880,209479,-0.006402048655569814
2023-12-26,3865,3905,3815,3815,140816,-0.01675257731958768
2023-12-27,3810,3860,3810,3835,134330,0.005242463958060384
2023-12-28,3875,3875,3815,3840,70932,0.0013037809647979959
2024-01-02,3825,3940,3825,3940,209845,0.02604166666666674
2024-01-03,3865,3970,3865,3920,109618,-0.005076142131979711
2024-01-04,3920,3920,3840,3870,122321,-0.012755102040816313
2024-01-05,3870,3965,3860,3895,78737,0.006459948320413522
2024-01-08,3900,3955,3870,3950,117025,0.01412066752246477
2024-01-09,3960,4010,3935,3970,139511,0.005063291139240533
2024-01-10,3970,4000,3915,3960,64054,-0.0025188916876573986
2024-01-11,3960,4055,3950,4020,226772,0.015151515151515138
2024-01-12,4055,4055,3865,3915,154491,-0.026119402985074647
2024-01-15,3880,3975,3845,3935,98735,0.005108556832694733
2024-01-16,3910,3960,3860,3900,87810,-0.008894536213468918
2024-01-17,3900,3915,3730,3730,215674,-0.043589743589743546
2024-01-18,3675,3815,3675,3780,94878,0.013404825737265424
2024-01-19,3780,3960,3770,3835,102433,0.014550264550264647
2024-01-22,3840,3880,3805,3855,56992,0.0052151238591917615
2024-01-23,3820,3930,3815,3830,80528,-0.006485084306095956
2024-01-24,3885,3885,3785,3840,50581,0.0026109660574411553
2024-01-25,3810,3850,3750,3770,85004,-0.01822916666666663
2024-01-26,3790,4165,3770,4040,1593039,0.07161803713527859
2024-01-29,4035,4045,3870,3910,334057,-0.03217821782178221
2024-01-30,3910,3945,3845,3920,169995,0.002557544757033181
2024-01-31,3905,4570,3880,4240,12802481,0.08163265306122458
2024-02-01,4375,4460,4255,4320,3042583,0.018867924528301883
2024-02-02,4320,4365,4280,4365,1408161,0.01041666666666674
2024-02-05,4305,4325,4130,4215,802041,-0.03436426116838487
2024-02-06,4190,4245,4070,4190,564221,-0.005931198102016588
2024-02-07,4220,4320,4195,4275,633250,0.02028639618138417
2024-02-08,4275,4305,4155,4200,409487,-0.01754385964912286
2024-02-13,4205,4245,4175,4200,268777,0.0
2024-02-14,4170,4195,4080,4170,317959,-0.0071428571428571175
2024-02-15,4240,4370,4225,4250,1077588,0.01918465227817756
2024-02-16,4290,4365,4270,4315,628705,0.015294117647058902
2024-02-19,4320,4385,4200,4275,941552,-0.009269988412514474
2024-02-20,4345,4660,4315,4500,6007138,0.05263157894736836
2024-02-21,4550,4620,4405,4420,1642967,-0.01777777777777778
2024-02-22,4445,4445,4285,4345,560563,-0.016968325791855254
2024-02-23,4350,4420,4235,4280,432260,-0.014959723820483273
2024-02-26,4290,4340,4225,4300,189856,0.004672897196261738
2024-02-27,4300,4330,4100,4115,348671,-0.0430232558139535
2024-02-28,4105,4210,4105,4150,145007,0.008505467800729027
2024-02-29,4150,4335,4105,4210,263073,0.014457831325301207
2024-03-04,4220,4250,4135,4210,210752,0.0
2024-03-05,4220,4230,4100,4140,239526,-0.016627078384798155
2024-03-06,4100,4190,4095,4120,200248,-0.004830917874396157
2024-03-07,4120,4135,4020,4060,274941,-0.014563106796116498
2024-03-08,4115,4115,3990,4015,185108,-0.011083743842364546
2024-03-11,3975,4035,3975,3985,187834,-0.007471980074719831
2024-03-12,3985,4040,3950,4020,145778,0.008782936010037545
2024-03-13,4040,4105,3975,4080,174565,0.014925373134328401
2024-03-14,4040,4105,3965,4000,215140,-0.019607843137254943
2024-03-15,4010,4015,3955,3955,101309,-0.011249999999999982
2024-03-18,3955,4150,3955,4035,228236,0.020227560050568805
2024-03-19,4015,4035,3975,3995,110021,-0.009913258983890949
2024-03-20,4000,4000,3945,3955,148332,-0.010012515644555742
2024-03-21,3980,3980,3915,3955,109191,0.0
2024-03-22,3955,3965,3935,3935,73926,-0.005056890012642201
2024-03-25,3935,4000,3935,4000,107067,0.016518424396442244
2024-03-26,3960,4090,3960,4070,228941,0.01750000000000007
2024-03-27,4070,4070,4025,4040,79839,-0.0073710073710073765
2024-03-28,4065,4095,4000,4005,109870,-0.008663366336633671
2024-03-29,3980,4005,3945,3960,162083,-0.011235955056179803
2024-04-01,3960,4215,3960,4215,558704,0.06439393939393945
2024-04-02,4220,4295,4200,4230,370342,0.003558718861210064
2024-04-03,4230,4280,4145,4225,316973,-0.0011820330969266601
2024-04-04,4250,4260,4130,4140,249941,-0.020118343195266286
2024-04-05,4095,4140,4045,4135,163703,-0.0012077294685990392
2024-04-08,4105,4170,4000,4000,205049,-0.03264812575574361
2024-04-09,4000,4040,3965,3965,108125,-0.008750000000000036
2024-04-11,3950,3965,3805,3900,162903,-0.016393442622950838
2024-04-12,3850,3945,3850,3890,76183,-0.002564102564102555
2024-04-15,3870,3920,3830,3915,113337,0.006426735218509005
2024-04-16,3850,3935,3820,3885,152704,-0.007662835249042099
2024-04-17,3885,4015,3860,3945,151754,0.015444015444015413
2024-04-18,3945,4005,3925,3990,70644,0.011406844106463865
2024-04-19,3955,3990,3815,3930,134548,-0.015037593984962405
2024-04-22,3895,3950,3870,3935,62700,0.0012722646310432406
2024-04-23,3900,4025,3900,4010,100582,0.019059720457433205
2024-04-24,4010,4040,4000,4020,74231,0.0024937655860348684
2024-04-25,4030,4050,3960,3985,86142,-0.008706467661691586
2024-04-26,3985,4000,3945,3990,66085,0.0012547051442910462
2024-04-29,3990,4110,3965,4040,162533,0.012531328320801949
2024-04-30,4015,4170,4015,4065,212586,0.006188118811881083
2024-05-02,4065,4120,4040,4060,98632,-0.0012300123001229846
2024-05-03,4065,4105,4015,4060,89911,0.0
2024-05-07,4060,4135,4040,4130,124273,0.01724137931034475
2024-05-08,4100,4140,4085,4130,61869,0.0
2024-05-09,4120,4125,4040,4060,143204,-0.016949152542372836
2024-05-10,4060,4090,4000,4075,114293,0.003694581280788256
2024-05-13,4095,4095,4025,4065,89141,-0.0024539877300613355
2024-05-14,4085,4090,4050,4075,73610,0.002460024600245969
2024-05-16,4075,4125,4055,4075,132768,0.0
2024-05-17,4000,4055,3895,3925,288479,-0.036809815950920255
2024-05-20,3945,3970,3890,3900,103104,-0.006369426751592355
2024-05-21,3885,3930,3880,3930,81299,0.007692307692307665
2024-05-22,3910,3930,3820,3855,151647,-0.01908396946564883
2024-05-23,3830,3855,3780,3845,65680,-0.0025940337224383825
2024-05-24,3830,3940,3795,3845,92264,0.0
2024-05-27,3900,3900,3800,3880,76032,0.00910273081924573
2024-05-28,3810,3890,3810,3860,99050,-0.005154639175257714
2024-05-29,4010,4170,3855,3855,517717,-0.0012953367875647714
2024-05-30,3880,3900,3805,3840,76966,-0.0038910505836575737
2024-05-31,3805,3860,3805,3805,75369,-0.00911458333333337
2024-06-03,3920,3975,3850,3950,178554,0.03810775295663604
2024-06-04,3910,4080,3890,3935,301642,-0.0037974683544304
2024-06-05,3925,3980,3890,3935,85219,0.0
2024-06-07,3935,3975,3880,3910,84320,-0.006353240152477735
2024-06-10,3885,3900,3840,3880,110789,-0.007672634271099765
2024-06-11,3880,3960,3850,3880,57212,0.0
2024-06-12,3880,3885,3820,3850,81747,-0.0077319587628865705
2024-06-13,3845,3915,3845,3865,77016,0.003896103896103842
2024-06-14,3900,3900,3825,3855,118040,-0.002587322121604174
2024-06-17,3915,3985,3900,3925,196662,0.018158236057068677
2024-06-18,3925,3950,3840,3890,98240,-0.008917197452229297
2024-06-19,3890,3900,3840,3855,68983,-0.00899742930591263
2024-06-20,3885,3885,3840,3860,53041,0.0012970168612191912
2024-06-21,3840,3865,3810,3840,57606,-0.005181347150259086
2024-06-24,3860,3860,3780,3785,81400,-0.01432291666666663
2024-06-25,3735,3810,3735,3795,52368,0.0026420079260238705
2024-06-26,3800,3825,3770,3800,56909,0.0013175230566535578
2024-06-27,3810,3810,3725,3790,105673,-0.0026315789473684292
2024-06-28,3820,3900,3770,3790,131058,0.0
2024-07-01,3850,3850,3770,3795,61320,0.0013192612137202797
2024-07-02,3835,3935,3745,3795,212737,0.0
2024-07-03,3845,3845,3750,3795,47907,0.0
2024-07-04,3765,3790,3700,3755,73128,-0.010540184453227908
2024-07-05,3720,3795,3670,3730,87944,-0.0066577896138482195
2024-07-08,3730,3790,3690,3715,46618,-0.004021447721179627
2024-07-09,3715,3980,3690,3715,374937,0.0
2024-07-10,3705,3715,3675,3700,52037,-0.004037685060565233
2024-07-11,3700,3740,3690,3700,59498,0.0
2024-07-12,3720,3735,3675,3700,45525,0.0
2024-07-15,3685,3735,3680,3705,36545,0.0013513513513514486
2024-07-16,3705,3715,3675,3675,47996,-0.0080971659919028
2024-07-17,3675,3740,3645,3720,77257,0.012244897959183598
2024-07-18,3720,3740,3700,3715,48571,-0.0013440860215053752
2024-07-19,3715,3785,3700,3765,77191,0.013458950201884257
2024-07-22,3765,3805,3705,3765,77290,0.0
2024-07-23,3690,3795,3690,3735,96340,-0.007968127490039834
2024-07-24,3735,3810,3730,3750,74254,0.004016064257028162
2024-07-25,3750,3750,3600,3630,100107,-0.03200000000000003
2024-07-26,3690,3725,3670,3725,55120,0.026170798898071723
2024-07-29,3690,3785,3690,3725,56404,0.0
2024-07-30,3725,3745,3680,3685,56538,-0.010738255033557076
2024-07-31,3685,3710,3620,3690,134184,0.0013568521031208647
2024-08-01,3690,3745,3630,3735,60316,0.012195121951219523
2024-08-02,3735,3735,3585,3600,152083,-0.03614457831325302
2024-08-05,3505,3585,3050,3145,333128,-0.12638888888888888
2024-08-06,3150,3375,3150,3315,201053,0.054054054054053946
2024-08-07,3255,3395,3250,3390,86344,0.02262443438914019
2024-08-08,3385,3485,3310,3465,95581,0.022123893805309658
2024-08-09,3475,3550,3475,3485,51125,0.005772005772005873
2024-08-12,3455,3715,3455,3710,224116,0.06456241032998555
2024-08-13,3735,3850,3655,3670,381701,-0.010781671159029615
2024-08-14,3735,3735,3660,3660,83999,-0.0027247956403270157
2024-08-16,3650,3720,3635,3690,70866,0.008196721311475308
2024-08-19,3940,4255,3660,3665,5594544,-0.006775067750677488
2024-08-20,3880,3885,3675,3690,848713,0.006821282401091366
2024-08-21,3640,3705,3600,3645,363376,-0.012195121951219523
2024-08-22,3670,3690,3600,3625,218170,-0.005486968449931462
2024-08-23,3610,3610,3555,3555,150030,-0.0193103448275862
2024-08-26,3580,3620,3515,3545,160844,-0.002812939521800284
2024-08-27,3535,3660,3420,3650,162791,0.02961918194640334
2024-08-28,3625,3660,3580,3635,68201,-0.004109589041095929
2024-08-29,3595,3635,3560,3605,85703,-0.008253094910591452
2024-08-30,3580,3625,3565,3605,68626,0.0
2024-09-02,3615,3675,3590,3650,105648,0.012482662968099856
2024-09-03,3615,3655,3585,3595,96750,-0.015068493150684925
2024-09-04,3510,3550,3450,3455,203345,-0.03894297635605004
2024-09-05,3500,3640,3500,3615,247983,0.04630969609261948
2024-09-06,3645,3945,3630,3765,890010,0.04149377593361003
2024-09-09,3670,3855,3670,3825,305449,0.015936254980079667
2024-09-10,3870,4165,3860,4050,1146956,0.05882352941176472
2024-09-11,4050,4230,4025,4145,739242,0.023456790123456805
2024-09-12,4155,4785,4135,4455,4604737,0.07478890229191792
2024-09-13,4430,5340,4420,5190,10324009,0.164983164983165
2024-09-19,5350,5980,5260,5820,9305302,0.12138728323699421
2024-09-20,5800,6110,5770,5850,3133971,0.005154639175257714
2024-09-23,5820,6010,5820,5980,634148,0.022222222222222143
2024-09-24,6050,6050,5940,5940,340577,-0.006688963210702337
2024-09-25,5880,5880,5000,5000,1255085,-0.1582491582491582
2024-09-26,5100,5420,4785,5190,3513374,0.038000000000000034
2024-09-27,5260,5380,4910,4920,1509647,-0.052023121387283267
2024-09-30,4900,4950,4650,4735,1192198,-0.03760162601626016
2024-10-02,4700,4865,4590,4775,806587,0.008447729672650395
2024-10-04,4735,5100,4725,4925,1092884,0.03141361256544495
2024-10-07,5040,5110,4805,4905,862171,-0.004060913705583702
2024-10-08,5100,5160,4655,4790,969456,-0.023445463812436285
2024-10-10,4835,5120,4735,4775,1216961,-0.0031315240083507057
2024-10-11,4765,4930,4730,4930,610947,0.032460732984293195
2024-10-14,5040,5070,4915,5050,731939,0.024340770791074995
2024-10-15,5050,5070,4645,4695,1182256,-0.07029702970297025
2024-10-16,4695,4725,4525,4720,383608,0.005324813631522929
2024-10-17,4790,4800,4470,4470,603199,-0.052966101694915224
2024-10-18,4470,4550,4355,4450,357739,-0.004474272930648726
2024-10-21,4375,4440,4300,4350,286079,-0.022471910112359605
2024-10-22,4330,4415,4185,4395,406827,0.010344827586206806
2024-10-23,4425,4530,4020,4200,1035981,-0.04436860068259385
2024-10-24,4190,4270,4000,4270,952307,0.016666666666666607
2024-10-25,4285,4300,4120,4185,357013,-0.01990632318501173
2024-10-28,4195,4325,4130,4290,363688,0.02508960573476693
2024-10-29,4245,4350,4200,4265,247769,-0.005827505827505797
2024-10-30,4265,4420,4240,4420,366523,0.036342321219226204
2024-10-31,4365,4390,4255,4355,298695,-0.014705882352941124
2024-11-01,4270,4300,4150,4150,276032,-0.04707233065442018
2024-11-04,4105,4370,4105,4240,290843,0.02168674698795181
2024-11-05,4240,4295,4100,4165,197135,-0.017688679245283057
2024-11-06,4145,4190,4050,4090,215607,-0.01800720288115243
2024-11-07,4095,4200,4090,4195,156499,0.025672371638141733
2024-11-08,4155,4230,4125,4155,145962,-0.009535160905840279
2024-11-11,4130,4140,4030,4105,205899,-0.012033694344163681
2024-11-12,4105,4125,3850,3860,535854,-0.059683313032886764
2024-11-13,3820,4145,3820,3825,332794,-0.0090673575129534
2024-11-14,3900,4025,3840,3900,249924,0.019607843137254832
2024-11-15,3880,4105,3795,4080,399955,0.04615384615384621
2024-11-18,4145,4145,4005,4010,151794,-0.01715686274509809
2024-11-19,4000,4165,3970,4085,139879,0.018703241895261735
2024-11-20,4065,4140,4020,4085,125396,0.0
2024-11-21,4060,4090,3965,3965,161922,-0.02937576499388006
2024-11-22,3930,4095,3930,4075,144030,0.027742749054224358
2024-11-25,4080,4120,4010,4065,118673,-0.0024539877300613355
2024-11-26,4075,4090,3990,4080,122160,0.0036900369003689537
2024-11-27,4100,4255,4035,4075,524343,-0.001225490196078427
2024-11-28,4055,4080,3975,4065,210769,-0.0024539877300613355
2024-11-29,4005,4065,3935,3950,235477,-0.028290282902828978
2024-12-02,3990,3990,3790,3820,325823,-0.032911392405063244
2024-12-03,3750,3830,3705,3760,240982,-0.015706806282722474
2024-12-04,3650,3730,3590,3650,345439,-0.0292553191489362
2024-12-05,3650,3680,3575,3610,131177,-0.010958904109588996
2024-12-06,3565,3605,3410,3535,323824,-0.020775623268698085
2024-12-09,3425,3465,3340,3340,226759,-0.05516265912305518
2024-12-10,3315,3565,3315,3560,119013,0.06586826347305386
2024-12-11,3560,3820,3555,3800,150282,0.0674157303370786
2024-12-12,3800,3815,3690,3770,132428,-0.007894736842105288
2024-12-13,3765,3855,3720,3855,124063,0.022546419098143256
2024-12-16,3920,3940,3830,3865,200811,0.0025940337224383825
2024-12-17,3860,3880,3760,3860,76997,-0.001293661060802087
2024-12-18,3860,3860,3755,3815,115325,-0.011658031088082943
2024-12-19,3720,3825,3705,3810,54712,-0.001310615989515096
2024-12-20,3785,3815,3710,3765,85391,-0.011811023622047223
2024-12-23,3765,3895,3765,3860,126419,0.025232403718459473
2024-12-24,3895,3895,3800,3830,71598,-0.007772020725388629
2024-12-26,3920,3920,3790,3790,93341,-0.010443864229765065
2024-12-27,3745,3820,3705,3760,92442,-0.0079155672823219
2024-12-30,3695,3810,3695,3785,65815,0.0066489361702126715
2025-01-02,3710,3815,3710,3805,89252,0.005284015852047519
2025-01-03,3805,3850,3790,3825,78391,0.005256241787122251
2025-01-06,3825,3855,3790,3840,65590,0.0039215686274509665
2025-01-07,3835,3850,3775,3795,81223,-0.01171875
2025-01-08,3760,3815,3740,3790,91717,-0.0013175230566534468
2025-01-09,3800,3820,3705,3820,177060,0.0079155672823219
2025-01-10,3830,4070,3795,4030,351111,0.054973821989528826
2025-01-13,3985,4010,3905,3910,146893,-0.02977667493796521
2025-01-14,3950,4050,3925,3950,72961,0.010230179028132946
2025-01-15,3925,3990,3885,3930,114677,-0.005063291139240533
2025-01-16,3920,4030,3890,3945,60157,0.003816793893129722
2025-01-17,3910,3950,3900,3945,55515,0.0
2025-01-20,3985,3985,3900,3925,34171,-0.005069708491761693
2025-01-21,3915,3945,3875,3900,68692,-0.006369426751592355
2025-01-22,3915,4210,3895,4145,467287,0.06282051282051282
2025-01-23,4150,4150,4010,4015,203113,-0.03136308805790111
2025-01-24,4050,4435,3985,4275,999797,0.06475716064757164
2025-01-31,4300,4320,4160,4170,192647,-0.024561403508771895
2025-02-03,4150,4190,3930,4000,257861,-0.04076738609112707
2025-02-04,4040,4120,4040,4090,143971,0.022499999999999964
2025-02-05,4125,4125,4035,4090,72587,0.0
2025-02-06,4090,4165,4080,4130,116884,0.009779951100244544
2025-02-07,4130,4130,4035,4085,112042,-0.010895883777239712
2025-02-10,4075,4120,3985,4100,103492,0.003671970624234966
2025-02-11,4100,4115,4010,4030,104416,-0.017073170731707332
2025-02-12,4030,4030,3920,3980,132067,-0.012406947890818865
2025-02-13,3980,4095,3935,4050,108030,0.017587939698492372
2025-02-14,4050,4085,3985,4045,71700,-0.0012345679012345512
2025-02-17,4045,4080,4000,4050,86069,0.0012360939431397266
2025-02-18,4050,4100,4005,4100,75246,0.012345679012345734
2025-02-19,4125,4150,4055,4125,122139,0.0060975609756097615
2025-02-20,4125,4175,4040,4060,142436,-0.015757575757575748
2025-02-21,4075,4095,4015,4020,67786,-0.009852216748768461
2025-02-24,3995,4085,3875,4055,171112,0.008706467661691475
2025-02-25,4040,4040,3935,3935,114721,-0.0295930949445129
2025-02-26,3960,4060,3905,4040,98659,0.02668360864040653
2025-02-27,4045,4070,3980,3980,53161,-0.014851485148514865
2025-02-28,3925,3950,3780,3780,280628,-0.05025125628140703
2025-03-04,3775,3800,3700,3775,128469,-0.001322751322751281
2025-03-05,3775,3870,3720,3860,68506,0.02251655629139071
2025-03-06,3870,3880,3810,3820,44194,-0.010362694300518172
2025-03-07,3820,3820,3720,3775,87735,-0.011780104712041939
2025-03-10,3785,3795,3730,3755,45967,-0.005298013245033095
2025-03-11,3745,3745,3635,3735,118556,-0.005326231691078598
2025-03-12,3735,3835,3720,3760,100508,0.006693440428380271
2025-03-13,3780,3800,3690,3705,81583,-0.0146276595744681
2025-03-14,3670,3765,3670,3740,41018,0.009446693657219951
2025-03-17,3740,3900,3715,3800,72423,0.016042780748663166
2025-03-18,3805,3950,3790,3840,74153,0.010526315789473717
2025-03-19,3825,3855,3790,3840,51500,0.0
2025-03-20,3830,3860,3780,3840,71679,0.0
2025-03-21,3840,3840,3720,3750,100229,-0.0234375
2025-03-24,3745,3770,3685,3740,47963,-0.002666666666666706
2025-03-25,3740,3815,3665,3710,83154,-0.008021390374331583
2025-03-26,3695,3805,3695,3795,44421,0.022911051212938016
2025-03-27,3795,3830,3730,3745,68425,-0.013175230566534912
2025-03-28,3710,3740,3650,3655,79569,-0.024032042723631464
2025-03-31,3605,3800,3550,3565,103158,-0.024623803009575895
2025-04-01,3575,3670,3565,3660,56136,0.026647966339411022
2025-04-02,3625,3700,3625,3660,49667,0.0
2025-04-03,3600,3710,3430,3675,61030,0.004098360655737654
2025-04-04,3605,3750,3605,3730,68577,0.014965986394557929
2025-04-07,3700,3700,3500,3545,161492,-0.04959785522788207
2025-04-08,3645,3660,3535,3590,87160,0.012693935119887145
2025-04-09,3580,3600,3465,3510,99380,-0.02228412256267409
2025-04-10,3590,3725,3590,3680,126659,0.04843304843304841
2025-04-11,3615,3780,3615,3765,86129,0.02309782608695654
2025-04-14,3770,3850,3740,3830,136981,0.01726427622841964
2025-04-15,3840,3880,3815,3870,66288,0.010443864229765065
2025-04-16,3870,3875,3805,3825,40840,-0.011627906976744207
2025-04-17,3825,3875,3800,3865,31920,0.010457516339869244
2025-04-18,3870,3885,3770,3865,36260,0.0
2025-04-21,3865,3900,3825,3895,54443,0.0077619663648125226
2025-04-22,3865,3950,3845,3945,122756,0.012836970474968012
2025-04-23,3955,4180,3945,3995,330325,0.012674271229404344
2025-04-24,3995,4000,3945,3950,63609,-0.01126408010012514
2025-04-25,3955,3980,3920,3980,59036,0.0075949367088608
2025-04-28,3980,4015,3925,3940,131055,-0.01005025125628145
2025-04-29,3930,4000,3930,3980,64719,0.010152284263959421
2025-04-30,3980,3980,3895,3950,62573,-0.007537688442211032
2025-05-02,3925,4005,3830,4000,95051,0.012658227848101333
2025-05-07,3960,4220,3960,4210,415853,0.05249999999999999
2025-05-08,4215,4260,3910,3945,730050,-0.06294536817102137
2025-05-09,3950,3965,3885,3965,85679,0.005069708491761693
2025-05-12,3955,4030,3950,4010,61014,0.011349306431273742
2025-05-13,4010,4045,3980,4040,57073,0.007481296758104827
2025-05-14,4050,4050,3990,4000,87794,-0.00990099009900991
2025-05-15,4005,4005,3905,3950,100089,-0.012499999999999956
2025-05-16,3950,3970,3860,3925,106951,-0.006329113924050667
2025-05-19,3860,3940,3780,3870,78592,-0.014012738853503182
2025-05-20,3840,4100,3840,4030,181339,0.04134366925064592
2025-05-21,3990,4015,3935,3975,80420,-0.013647642679900707
2025-05-22,3890,3960,3800,3960,71688,-0.0037735849056603765
2025-05-23,3960,4095,3885,4020,89287,0.015151515151515138
2025-05-26,4020,4020,3920,3920,88797,-0.02487562189054726
2025-05-27,3960,3970,3880,3940,51991,0.005102040816326481
2025-05-28,3940,3980,3905,3960,61303,0.0050761421319796
2025-05-29,3975,4080,3950,4055,80764,0.023989898989899006
2025-05-30,4055,4055,3950,3995,42325,-0.01479654747225645
2025-06-02,3990,3990,3900,3960,38723,-0.008760951188986232
2025-06-04,3960,4095,3940,4065,168752,0.026515151515151603
2025-06-05,4055,4145,4025,4105,129646,0.009840098400984099
2025-06-09,4100,4185,4080,4105,147476,0.0
2025-06-10,4175,4175,4020,4110,79005,0.0012180267965895553
2025-06-11,4115,4180,4055,4135,142435,0.006082725060827299
2025-06-12,4175,4245,4125,4175,226893,0.0096735187424426
2025-06-13,4355,4440,4135,4210,1565182,0.008383233532934131
2025-06-16,4170,4210,4080,4200,226413,-0.002375296912114022
2025-06-17,4235,4235,4090,4130,250718,-0.01666666666666672
2025-06-18,4120,4180,4100,4175,205657,0.010895883777239712
2025-06-19,4195,4200,4105,4170,158849,-0.0011976047904191933
2025-06-20,4170,4180,4100,4150,231645,-0.004796163069544335
2025-06-23,4100,4140,4025,4110,137403,-0.009638554216867434
2025-06-24,4150,4315,4150,4285,471980,0.04257907542579065
2025-06-25,4330,4335,4220,4280,156899,-0.001166861143523934
2025-06-26,4280,4280,4110,4115,198974,-0.03855140186915884
2025-06-27,4130,4160,4020,4070,188363,-0.010935601458080146
2025-06-30,4070,4080,3985,3995,154520,-0.01842751842751844
2025-07-01,4005,4060,3990,4000,90583,0.0012515644555695093
2025-07-02,4030,4115,3910,4050,198810,0.012499999999999956
2025-07-03,4100,4100,4020,4050,90505,0.0
2025-07-04,4050,4110,4015,4080,125957,0.007407407407407307
2025-07-07,4080,4240,4040,4195,329953,0.02818627450980382
2025-07-08,4170,4230,4140,4160,107250,-0.008343265792610244
2025-07-09,4185,4195,4110,4195,108606,0.008413461538461453
2025-07-10,4200,4200,4125,4145,106217,-0.011918951132300348
2025-07-11,4130,4175,4105,4125,84969,-0.004825090470446325
2025-07-14,4105,4160,4045,4105,145153,-0.00484848484848488
2025-07-15,4055,4125,4025,4115,92219,0.0024360535931791105
2025-07-16,4110,4115,4040,4060,74805,-0.013365735115431376
2025-07-17,4125,4125,4005,4050,97322,-0.0024630541871921707
2025-07-18,4050,4085,4000,4025,64462,-0.006172839506172867
2025-07-21,4025,4050,3995,4010,61433,-0.003726708074534124
2025-07-22,4005,4020,3895,3925,183574,-0.021197007481296715
2025-07-23,3940,3975,3860,3940,76420,0.003821656050955413
2025-07-24,3945,3970,3810,3885,154996,-0.013959390862944177
2025-07-25,3850,3915,3840,3900,86070,0.0038610038610038533
2025-07-28,3900,3900,3790,3835,191304,-0.01666666666666672
2025-07-29,3800,3885,3770,3830,75965,-0.0013037809647978849
2025-07-30,3800,3880,3800,3835,112509,0.0013054830287206887
2025-07-31,3840,3900,3805,3880,81420,0.011734028683181297
2025-08-01,3835,3835,3755,3790,156389,-0.023195876288659822
2025-08-04,3755,3895,3710,3835,62755,0.01187335092348274
2025-08-05,3840,3880,3840,3870,70210,0.009126466753585305
2025-08-06,3825,3925,3825,3895,48436,0.006459948320413522
2025-08-07,3895,3910,3855,3885,48580,-0.0025673940949936247
2025-08-08,3890,3915,3860,3885,58234,0.0
2025-08-11,3930,3930,3815,3845,102877,-0.01029601029601035
2025-08-12,3830,3900,3830,3890,36227,0.011703511053315907
2025-08-13,3890,3920,3830,3860,68800,-0.007712082262210762
2025-08-14,3860,3890,3845,3860,38370,0.0
2025-08-18,3885,3935,3850,3895,83135,0.0090673575129534
2025-08-19,3895,3950,3865,3900,108666,0.0012836970474967568
2025-08-20,3900,3925,3760,3855,153964,-0.011538461538461497
2025-08-21,3855,3885,3810,3835,71741,-0.005188067444876765
2025-08-22,3835,3845,3800,3810,44668,-0.006518904823989535
2025-08-25,3815,3900,3815,3870,69178,0.015748031496062964
2025-08-26,3870,3880,3835,3870,59644,0.0
2025-08-27,3870,3870,3820,3845,64804,-0.006459948320413411
2025-08-28,4010,4020,3845,3865,354502,0.005201560468140354
2025-08-29,3875,3955,3865,3905,188033,0.010349288486416475
2025-09-01,3870,3900,3830,3840,94719,-0.016645326504481472
2025-09-02,3830,3880,3800,3835,140332,-0.0013020833333333703
2025-09-03,3820,3835,3780,3805,119937,-0.007822685788787531
2025-09-04,3815,3860,3800,3855,51022,0.013140604467805517
2025-09-05,3855,3855,3805,3825,45815,-0.0077821011673151474
2025-09-08,3825,3855,3795,3840,61198,0.0039215686274509665
2025-09-09,3840,3865,3805,3865,62050,0.006510416666666741
2025-09-10,3865,3900,3840,3900,94684,0.009055627425614388
2025-09-11,3900,3910,3860,3890,50410,-0.002564102564102555
2025-09-12,3900,3935,3880,3930,83666,0.010282776349614497
2025-09-15,3930,3940,3880,3915,49376,-0.003816793893129722
2025-09-16,3905,3915,3870,3910,69121,-0.0012771392081737387
2025-09-17,3875,3910,3855,3880,82764,-0.007672634271099765
2025-09-18,3880,3945,3855,3945,74974,0.01675257731958757
2025-09-19,3910,3945,3905,3905,78464,-0.010139416983523497
2025-09-22,3910,3925,3855,3880,138359,-0.006402048655569814
2025-09-23,3895,3895,3845,3880,77159,0.0
2025-09-24,3910,3910,3845,3880,74646,0.0
2025-09-25,3880,4165,3845,3910,532871,0.0077319587628865705
2025-09-26,3895,3900,3830,3875,140653,-0.008951406649616356
2025-09-29,3885,3945,3860,3900,93863,0.006451612903225712
2025-09-30,3900,3900,3845,3895,85492,-0.0012820512820512775
2025-10-01,3895,4170,3860,3900,1462441,0.0012836970474967568
2025-10-02,3910,3970,3905,3935,223738,0.008974358974358942
2025-10-10,3935,3990,3905,3945,155706,0.0025412960609911828
2025-10-13,3900,3940,3850,3905,165629,-0.010139416983523497
2025-10-14,3905,3905,3785,3830,289069,-0.01920614596670933
2025-10-15,3795,3840,3795,3830,54474,0.0
2025-10-16,3805,3855,3790,3815,157111,-0.003916449086161844
2025-10-17,3795,3795,3675,3715,339696,-0.026212319790301475
2025-10-20,3720,3760,3710,3760,110845,0.01211305518169592
2025-10-21,3760,3775,3700,3720,146557,-0.010638297872340385
2025-10-22,3720,3770,3630,3770,90784,0.013440860215053752
2025-10-23,3750,3770,3720,3745,51284,-0.006631299734747964
2025-10-24,3750,3750,3680,3700,189223,-0.012016021361815787
2025-10-27,3745,3840,3675,3740,215741,0.0108108108108107
2025-10-28,3740,3740,3660,3710,167553,-0.008021390374331583
2025-10-29,3710,3715,3665,3675,76403,-0.009433962264150941
2025-10-30,3675,3690,3615,3675,152169,0.0
2025-10-31,3640,3675,3610,3660,87790,-0.004081632653061273
2025-11-03,3660,3690,3635,3665,68034,0.001366120218579292
2025-11-04,3635,3685,3635,3665,93407,0.0
2025-11-05,3630,3640,3510,3630,250410,-0.009549795361528002
2025-11-06,3660,3660,3565,3630,47971,0.0
2025-11-07,3645,3650,3550,3630,163640,0.0
2025-11-10,3605,3665,3595,3655,50446,0.00688705234159781
2025-11-11,3620,3680,3605,3615,83661,-0.01094391244870041
2025-11-12,3615,3680,3605,3675,66930,0.016597510373443924
2025-11-13,3675,3685,3630,3665,37133,-0.0027210884353741083
2025-11-14,3625,3685,3570,3640,152805,-0.006821282401091366
2025-11-17,3645,3645,3545,3560,99470,-0.02197802197802201
2025-11-18,3540,3580,3485,3535,110324,-0.0070224719101124045
2025-11-19,3505,3570,3500,3535,30767,0.0
2025-11-20,3535,3600,3530,3600,30386,0.018387553041018467
2025-11-21,3510,3555,3500,3540,53875,-0.01666666666666672
2025-11-24,3570,3570,3485,3485,55472,-0.015536723163841804
2025-11-25,3540,3540,3480,3515,30313,0.008608321377331363
2025-11-26,3520,3545,3510,3535,45788,0.005689900426742556
2025-11-27,3540,3595,3525,3595,88939,0.016973125884016893
2025-11-28,3595,3670,3595,3630,60166,0.009735744089012455
2025-12-01,3630,3675,3605,3655,53452,0.00688705234159781
2025-12-02,3600,3655,3585,3645,59876,-0.002735978112175075
2025-12-03,3645,3645,3595,3600,58367,-0.012345679012345734
2025-12-04,3600,3640,3570,3605,45722,0.001388888888888884
2025-12-05,3605,3650,3585,3650,57129,0.012482662968099856
2025-12-08,3650,3665,3575,3650,61355,0.0
2025-12-09,3650,3650,3595,3610,30780,-0.010958904109588996
2025-12-10,3580,3635,3580,3605,76597,-0.0013850415512465242
2025-12-11,3575,3620,3575,3605,47467,0.0
2025-12-12,3625,3630,3590,3610,60168,0.001386962552011095
2025-12-15,3570,3610,3530,3540,96390,-0.01939058171745156
2025-12-16,3540,3540,3480,3500,116795,-0.011299435028248594
2025-12-17,3470,3530,3450,3495,83220,-0.0014285714285714457
2025-12-18,3500,3530,3470,3490,41614,-0.0014306151645206988
2025-12-19,3490,3550,3470,3540,75182,0.014326647564469885
2025-12-22,3510,3550,3490,3550,51372,0.0028248587570620654
2025-12-23,3555,3555,3465,3480,78750,-0.019718309859154903
2025-12-24,3480,3495,3450,3490,61869,0.002873563218390718
2025-12-26,3480,3490,3440,3490,73858,0.0
2025-12-29,3455,3490,3445,3480,80760,-0.002865329512893977
2025-12-30,3460,3500,3430,3500,58726,0.005747126436781658
2026-01-02,3510,3635,3475,3600,98638,0.02857142857142847
2026-01-05,3575,3645,3530,3640,113687,0.011111111111111072
2026-01-06,3640,3645,3575,3610,48979,-0.008241758241758212
2026-01-07,3605,3605,3520,3555,44317,-0.015235457063711877
2026-01-08,3555,3555,3515,3525,41324,-0.008438818565400852
2026-01-09,3525,3610,3525,3600,51608,0.02127659574468077
2026-01-12,3600,3625,3550,3610,63845,0.002777777777777768
2026-01-13,3530,3620,3530,3575,88278,-0.00969529085872578
2026-01-14,3560,3600,3525,3600,42616,0.006993006993007089
2026-01-15,3570,3600,3520,3550,53033,-0.01388888888888884
2026-01-16,3555,3555,3450,3535,67097,-0.004225352112676051
2026-01-19,3500,3550,3480,3505,70850,-0.008486562942008447
2026-01-20,3480,3575,3480,3560,72752,0.015691868758915817
2026-01-21,3425,3560,3425,3535,76996,-0.0070224719101124045
2026-01-22,3555,3560,3490,3495,101107,-0.011315417256011262
