Date,Open,High,Low,Close,Volume,Change
2022-03-23,3604,4029,3312,3337,24838573,
2022-03-24,3387,4338,3278,4338,31767969,0.2999700329637398
2022-03-25,4488,4580,3912,4055,9724489,-0.0652374366067312
2022-03-28,4071,4388,3921,4013,3723916,-0.010357583230579559
2022-03-29,3987,5114,3679,4547,28655295,0.13306753052579112
2022-03-30,4421,5314,4396,4547,24152180,0.0
2022-03-31,4521,4872,4471,4697,7622519,0.03298878381350345
2022-04-01,4638,4763,4288,4288,3214422,-0.08707685756866079
2022-04-04,4229,4605,4221,4305,2288189,0.003964552238805874
2022-04-05,4313,5022,4279,4755,15420349,0.1045296167247387
2022-04-06,4705,6056,4655,5831,34112177,0.22628811777076763
2022-04-07,5789,6340,5614,5823,14267891,-0.0013719773623734888
2022-04-08,5839,6081,5506,5773,5858549,-0.008586639189421263
2022-04-11,5873,6290,5339,5406,12212957,-0.06357179975749172
2022-04-12,5464,5589,5289,5548,3017751,0.026267110617832046
2022-04-13,5506,5681,5055,5147,2564374,-0.07227829848594092
2022-04-14,5155,5322,5005,5147,1404843,0.0
2022-04-15,5130,6023,5097,5456,10183027,0.06003497182824957
2022-04-18,5531,5823,5489,5573,4267625,0.021444281524926723
2022-04-19,5614,6557,5506,6123,13815580,0.09869011304503861
2022-04-20,6173,6215,5823,5823,2690018,-0.0489955903968643
2022-04-21,5889,6532,5823,6340,10993272,0.08878584921861576
2022-04-22,6248,6657,6231,6282,3073891,-0.009148264984227161
2022-04-25,6173,6357,6015,6174,1944855,-0.017191977077363862
2022-04-26,6507,6941,6065,6182,6866598,0.0012957563977971098
2022-04-27,6048,6165,5856,6165,1221375,-0.0027499191200258677
2022-04-28,6123,6281,6048,6065,925754,-0.016220600162206056
2022-04-29,6065,6357,5981,6023,1137115,-0.0069249793899422984
2022-05-02,5923,6123,5923,5965,530889,-0.009629752614975895
2022-05-03,5981,6065,5914,5990,556103,0.00419111483654655
2022-05-04,5981,6523,5964,6007,2023062,0.0028380634390650084
2022-05-06,6048,6240,5973,6190,660807,0.03046445813217913
2022-05-09,6173,6348,5914,5990,1017746,-0.03231017770597733
2022-05-10,6040,6140,5556,5581,1933971,-0.0682804674457429
2022-05-11,5647,5739,5280,5381,675754,-0.03583587170757929
2022-05-12,5289,5305,4847,4880,901415,-0.09310537074893144
2022-05-13,4913,5956,4880,5423,3648100,0.11127049180327875
2022-05-16,5389,5823,5355,5498,1072639,0.013829983404019863
2022-05-17,5639,5764,5522,5598,709599,0.01818843215714816
2022-05-18,5697,5823,5589,5806,514174,0.03715612718828143
2022-05-19,5622,6156,5614,5806,1110858,0.0
2022-05-20,5873,5956,5798,5907,279781,0.01739579745091291
2022-05-23,6006,6198,5889,6115,723689,0.03521245979346532
2022-05-24,6090,6256,5848,5848,518831,-0.04366312346688472
2022-05-25,5939,6432,5889,6224,1105207,0.06429548563611487
2022-05-26,6290,6365,6123,6165,435044,-0.009479434447300816
2022-05-27,6198,7308,6198,6891,8271261,0.1177615571776156
2022-05-30,6807,7024,6699,6766,1212547,-0.018139602379915853
2022-05-31,6732,6757,6423,6440,963896,-0.04818208690511383
2022-06-02,6365,6540,6357,6432,474870,-0.001242236024844745
2022-06-03,6448,7533,6448,7133,4791886,0.10898631840796025
2022-06-07,7024,7157,6732,6866,917190,-0.03743165568484508
2022-06-08,6849,7491,6790,7250,2647687,0.055927759976696745
2022-06-09,7149,8843,7141,8201,10560739,0.1311724137931034
2022-06-10,8184,10511,8058,9711,17614035,0.1841238873308133
2022-06-13,9710,11579,9410,10211,13101343,0.05148800329523229
2022-06-14,10444,13264,10344,13265,9413902,0.29908921751052797
2022-06-15,17235,17235,17235,17236,158230,0.2993592159819072
2022-06-16,18604,21540,13698,14399,19930261,-0.1645973543745649
2022-06-17,13598,16518,12764,14683,13707401,0.019723591916105176
2022-06-20,13865,14466,11229,11763,4561562,-0.1988694408499625
2022-06-21,11696,13348,10895,11329,6472542,-0.03689534982572473
2022-06-22,11462,12430,10044,10295,3015540,-0.09127019154382554
2022-06-23,10578,10645,9527,9844,2499196,-0.043807673627974775
2022-06-24,9927,10494,9727,10078,2311575,0.0237708248679398
2022-06-27,10344,13097,10094,12814,10111892,0.27148243699146657
2022-06-28,12814,15150,11813,15000,11630884,0.17059466208834095
2022-06-29,19500,19500,19500,19500,22568,0.30000000000000004
2022-06-30,25350,25350,25350,25350,37920,0.30000000000000004
2022-07-01,0,0,0,25350,0,0.0
2022-07-04,32950,32950,32950,32950,101845,0.29980276134122286
2022-07-05,38850,42800,35100,42800,2212684,0.2989377845220029
2022-07-06,46000,54500,32500,36450,7170091,-0.14836448598130836
2022-07-07,34500,41500,33400,35450,2209112,-0.027434842249657088
2022-07-08,36900,38100,31500,31600,1074063,-0.10860366713681247
2022-07-11,31600,31650,27050,27450,764531,-0.13132911392405067
2022-07-12,27350,31450,25750,27000,1685740,-0.016393442622950838
2022-07-13,28200,30050,27100,27350,631538,0.012962962962963065
2022-07-14,19150,19150,19150,19150,191437,-0.29981718464351004
2022-07-15,15400,16000,13550,14250,4461768,-0.25587467362924277
2022-07-18,13700,14550,13000,14300,5328852,0.0035087719298245723
2022-07-19,14700,14700,13150,13950,3248270,-0.02447552447552448
2022-07-20,13950,14700,13750,14700,2805867,0.053763440860215006
2022-07-21,14400,15000,13750,13900,2100890,-0.05442176870748294
2022-07-22,13750,14000,13400,13450,1222004,-0.03237410071942448
2022-07-25,13300,13800,13150,13300,639268,-0.01115241635687736
2022-07-26,13400,13550,13050,13200,574400,-0.007518796992481258
2022-07-27,13200,13500,13100,13300,521313,0.007575757575757569
2022-07-28,13350,13400,12100,12400,1281955,-0.06766917293233088
2022-07-29,12300,12850,12150,12600,669854,0.016129032258064502
2022-08-01,12600,13700,12350,13000,1765926,0.031746031746031855
2022-08-02,12850,13000,12350,12450,683619,-0.04230769230769227
2022-08-03,12450,12650,12300,12350,382917,-0.008032128514056214
2022-08-04,12350,12600,11450,11850,1003449,-0.04048582995951422
2022-08-05,11950,12400,11650,11850,732214,0.0
2022-08-08,11900,12200,11700,11950,450513,0.00843881856540074
2022-08-09,11950,13000,11800,11900,2504724,-0.004184100418409997
2022-08-10,11800,11850,11200,11250,824303,-0.054621848739495826
2022-08-11,11350,11550,11300,11450,329165,0.01777777777777767
2022-08-12,11450,12250,11300,11750,986709,0.026200873362445476
2022-08-16,11850,12100,11600,12050,632583,0.025531914893617058
2022-08-17,12050,12200,11550,11600,600369,-0.03734439834024894
2022-08-18,12000,13950,12000,12600,12112864,0.0862068965517242
2022-08-19,12650,12900,11850,11950,2173511,-0.051587301587301626
2022-08-22,12450,12650,11900,11900,1795315,-0.004184100418409997
2022-08-23,11550,11650,11000,11100,988262,-0.0672268907563025
2022-08-24,11050,11300,10450,10600,1056234,-0.04504504504504503
2022-08-25,10650,10950,10550,10650,440488,0.004716981132075526
2022-08-26,10900,11150,10700,10800,611593,0.014084507042253502
2022-08-29,10250,10450,10150,10250,423984,-0.05092592592592593
2022-08-30,10350,10550,10250,10450,257600,0.019512195121951237
2022-08-31,10400,10650,10200,10600,296827,0.014354066985645897
2022-09-01,10650,10750,10000,10100,425947,-0.047169811320754707
2022-09-02,10200,10350,9920,10000,442672,-0.00990099009900991
2022-09-05,9960,10050,9690,9820,356544,-0.018000000000000016
2022-09-06,10100,10350,9990,10000,446123,0.018329938900203624
2022-09-07,10000,10100,9330,9410,403404,-0.05900000000000005
2022-09-08,9500,9790,9440,9450,266371,0.004250797024442088
2022-09-13,9500,9870,9500,9650,386949,0.021164021164021163
2022-09-14,9270,9410,9270,9360,272911,-0.030051813471502542
2022-09-15,9410,9720,9310,9370,216681,0.0010683760683760646
2022-09-16,9410,9410,9050,9090,276201,-0.029882604055496254
2022-09-19,9050,9500,8720,8720,486606,-0.040704070407040716
2022-09-20,8730,9000,8730,8830,183730,0.012614678899082632
2022-09-21,8750,9050,8730,8760,209413,-0.007927519818799578
2022-09-22,8550,8850,8520,8790,226815,0.003424657534246478
2022-09-23,8830,8830,8340,8400,248664,-0.04436860068259385
2022-09-26,8280,8330,7900,8020,273244,-0.04523809523809519
2022-09-27,8000,8140,7850,8030,196130,0.0012468827930174342
2022-09-28,8040,8170,7610,7730,224333,-0.03735990037359904
2022-09-29,7840,7990,7600,7600,142678,-0.01681759379042691
2022-09-30,7550,7740,7390,7550,123591,-0.006578947368421018
2022-10-04,7650,7840,7650,7820,109679,0.03576158940397356
2022-10-05,7940,7980,7630,7700,101308,-0.01534526854219953
2022-10-06,7780,8010,7740,7940,128808,0.03116883116883118
2022-10-07,8130,8130,7820,7870,124455,-0.008816120906801062
2022-10-11,7800,7800,7260,7270,174860,-0.07623888182973315
2022-10-12,7300,7300,7080,7240,100190,-0.004126547455295726
2022-10-13,7240,7240,6740,6790,166809,-0.06215469613259672
2022-10-14,6940,7250,6900,7140,197048,0.05154639175257736
2022-10-17,7020,7720,6910,7420,325880,0.03921568627450989
2022-10-18,7480,7710,7420,7540,213007,0.016172506738544534
2022-10-19,7500,7610,7410,7420,100667,-0.01591511936339518
2022-10-20,7390,9640,7390,9210,12330208,0.24123989218328834
2022-10-21,8970,10600,8770,9430,12196106,0.023887079261672106
2022-10-24,9330,12050,9160,11050,15225247,0.17179215270413573
2022-10-25,10950,12100,10450,10650,9955856,-0.03619909502262442
2022-10-26,10750,11100,9900,9950,3084414,-0.06572769953051638
2022-10-27,9990,10250,9820,9950,1705995,0.0
2022-10-28,9870,11050,9770,10250,7184064,0.03015075376884413
2022-10-31,10200,10450,9810,9850,1615196,-0.039024390243902474
2022-11-01,9860,10100,9450,9660,1830327,-0.019289340101522834
2022-11-02,9670,9940,9250,9260,1415013,-0.04140786749482406
2022-11-03,9280,9470,8990,9160,1010728,-0.010799136069114423
2022-11-04,9100,9480,9060,9290,1182632,0.01419213973799116
2022-11-07,9250,9460,9150,9180,652577,-0.011840688912809427
2022-11-08,9210,9760,9200,9340,1631972,0.017429193899782147
2022-11-09,9390,9530,9190,9280,854399,-0.0064239828693790635
2022-11-10,9210,9700,9160,9180,1083900,-0.010775862068965525
2022-11-11,9370,9430,9150,9160,611916,-0.002178649237472796
2022-11-14,9160,9200,8750,8800,588393,-0.0393013100436681
2022-11-15,8750,9060,8750,8910,378794,0.012499999999999956
2022-11-16,8870,11150,8870,10500,13393694,0.17845117845117842
2022-11-17,10700,11900,10500,10550,8002416,0.004761904761904745
2022-11-18,10500,11650,10450,10950,7259423,0.03791469194312791
2022-11-21,11100,11150,10250,10450,1812388,-0.045662100456621
2022-11-22,10400,10600,10050,10200,2045577,-0.02392344497607657
2022-11-23,10450,11050,10250,10300,2861298,0.009803921568627416
2022-11-24,10400,10500,10050,10150,755979,-0.014563106796116498
2022-11-25,10200,10250,9820,9840,602246,-0.030541871921182295
2022-11-28,9800,10700,9770,10250,2712826,0.04166666666666674
2022-11-29,10250,10250,9880,10100,631299,-0.014634146341463428
2022-11-30,10100,10500,10100,10100,688447,0.0
2022-12-01,10250,10550,10100,10300,850468,0.01980198019801982
2022-12-02,10350,11350,10200,10950,4960105,0.06310679611650483
2022-12-05,10950,11700,10600,11600,3880234,0.05936073059360725
2022-12-06,11450,11500,10750,10800,1315246,-0.06896551724137934
2022-12-07,10950,14000,10850,14000,20865334,0.2962962962962963
2022-12-08,13900,17300,13850,15700,28201780,0.12142857142857144
2022-12-09,15400,15650,14750,15500,5092680,-0.01273885350318471
2022-12-12,15650,15750,13750,14100,3985346,-0.0903225806451613
2022-12-13,14000,14500,13400,13550,4897380,-0.03900709219858156
2022-12-14,13550,13950,13200,13850,2857225,0.022140221402213944
2022-12-15,13600,13750,12800,13100,1830607,-0.054151624548736454
2022-12-16,12850,14500,12800,13400,8768630,0.022900763358778553
2022-12-19,13400,14150,12950,13950,3822949,0.04104477611940305
2022-12-20,13750,15100,13650,14450,9747746,0.03584229390680993
2022-12-21,14700,15250,13950,14000,4244888,-0.03114186851211076
2022-12-22,14200,15150,13900,14950,5847783,0.06785714285714284
2022-12-23,14700,14850,13300,13400,2624092,-0.10367892976588633
2022-12-26,13350,13800,12900,12950,1392222,-0.03358208955223885
2022-12-27,12850,13650,12850,13150,1593448,0.015444015444015413
2022-12-28,13050,13850,13050,13650,1822514,0.03802281368821303
2022-12-29,13600,13650,11900,11900,1761190,-0.1282051282051282
2023-01-02,12000,12050,11450,11500,764304,-0.03361344537815125
2023-01-03,11500,12450,11500,11800,1897046,0.026086956521739202
2023-01-04,11750,12300,11400,12150,1154865,0.029661016949152463
2023-01-05,12450,12750,11750,11800,1125770,-0.028806584362139898
2023-01-06,11900,12700,11850,12100,1439247,0.025423728813559254
2023-01-09,12400,12850,12350,12600,1260337,0.04132231404958686
2023-01-10,12500,12650,12200,12300,695161,-0.023809523809523836
2023-01-11,12550,12600,12250,12350,473779,0.004065040650406582
2023-01-12,12450,12450,11800,11900,710305,-0.036437246963562764
2023-01-13,11900,12100,11850,12050,400990,0.012605042016806678
2023-01-16,12150,12400,12000,12100,574663,0.004149377593360981
2023-01-17,12200,12700,12100,12350,901984,0.02066115702479343
2023-01-18,12450,12450,11900,12000,648196,-0.028340080971659964
2023-01-19,12200,12950,12000,12900,2544068,0.07499999999999996
2023-01-20,12800,13900,12700,12700,3595249,-0.015503875968992276
2023-01-25,12800,13040,12700,12740,774613,0.0031496062992126816
2023-01-26,12660,12940,12380,12510,1017970,-0.01805337519623229
2023-01-27,12640,12640,12400,12410,432952,-0.007993605115907298
2023-01-30,12420,12760,12400,12490,750366,0.006446414182111226
2023-01-31,12400,12660,12360,12440,556391,-0.004003202562049668
2023-02-01,12500,12640,12370,12370,517795,-0.00562700964630225
2023-02-02,12450,12600,12380,12420,448346,0.004042037186742009
2023-02-03,12410,12500,12100,12140,485403,-0.02254428341384862
2023-02-06,12190,12320,11980,12000,442594,-0.011532125205930832
2023-02-07,12100,12260,11850,11930,588149,-0.005833333333333357
2023-02-08,12000,12100,11860,11880,395485,-0.00419111483654655
2023-02-09,11880,12210,11830,11960,549835,0.006734006734006703
2023-02-10,12070,13100,11970,12750,3836209,0.06605351170568552
2023-02-13,12580,12920,12360,12410,1170452,-0.026666666666666616
2023-02-14,12600,13240,12450,13200,3149649,0.06365834004834814
2023-02-15,13410,13450,12650,12730,1965039,-0.03560606060606064
2023-02-16,12860,13260,12660,12810,1246791,0.00628436763550666
2023-02-17,12780,13100,12240,12360,1169175,-0.03512880562060894
2023-02-20,12450,12540,12100,12220,773238,-0.01132686084142398
2023-02-21,12230,12510,12140,12290,507059,0.005728314238952592
2023-02-22,12210,12210,11490,11680,705212,-0.04963384865744502
2023-02-23,11740,11860,11510,11790,427282,0.009417808219178037
2023-02-24,11740,11910,11550,11570,429675,-0.018659881255301047
2023-02-27,11430,11520,11060,11100,416197,-0.04062229904926529
2023-02-28,11220,11660,11140,11270,548736,0.015315315315315381
2023-03-02,11280,11680,11270,11470,597529,0.017746228926353247
2023-03-03,11700,11700,11400,11430,250081,-0.0034873583260680574
2023-03-06,11430,11510,11110,11210,305154,-0.01924759405074361
2023-03-07,11230,11560,11150,11220,464870,0.000892060660124816
2023-03-08,11170,11340,11090,11110,317026,-0.009803921568627416
2023-03-09,11140,11300,11090,11100,319508,-0.0009000900090009312
2023-03-10,10810,10900,10100,10100,503842,-0.09009009009009006
2023-03-13,9980,10000,9520,9950,371524,-0.014851485148514865
2023-03-14,9800,9940,9320,9320,347292,-0.06331658291457287
2023-03-15,9540,10150,9540,10010,438401,0.0740343347639485
2023-03-16,9990,9990,9600,9810,183187,-0.01998001998001997
2023-03-17,9880,10160,9800,9880,363459,0.007135575942915473
2023-03-20,9810,10130,9810,10000,190906,0.012145748987854255
2023-03-21,10030,10120,9860,9860,187500,-0.014000000000000012
2023-03-22,9910,9970,9620,9780,221689,-0.008113590263691739
2023-03-23,9690,9690,9470,9510,261661,-0.027607361963190136
2023-03-24,9580,9720,9460,9720,163873,0.02208201892744488
2023-03-27,9750,9790,9220,9400,291222,-0.03292181069958844
2023-03-28,9300,9510,9140,9260,319930,-0.014893617021276562
2023-03-29,9250,9260,9030,9080,318767,-0.01943844492440605
2023-03-30,9180,9190,8960,9020,278001,-0.0066079295154185536
2023-03-31,9040,9440,8970,8970,688207,-0.005543237250554278
2023-04-03,9000,9250,8900,9020,350636,0.00557413600891854
2023-04-04,9050,9200,8980,9150,246226,0.014412416851441234
2023-04-05,9200,9200,9070,9070,186532,-0.008743169398907069
2023-04-06,9070,9100,8910,8940,187544,-0.01433296582138921
2023-04-07,8940,9170,8900,8980,187416,0.004474272930648837
2023-04-10,9010,9010,8660,8700,297339,-0.031180400890868598
2023-04-11,8650,8810,8550,8810,185462,0.012643678160919603
2023-04-12,8760,8880,8720,8800,173374,-0.0011350737797957144
2023-04-13,8820,8880,8600,8800,151049,0.0
2023-04-14,8850,9180,8820,9070,354384,0.030681818181818254
2023-04-17,9270,10400,9240,9840,3547743,0.08489525909592066
2023-04-18,9760,10590,9570,10250,2154730,0.04166666666666674
2023-04-19,10260,10350,9860,9900,584205,-0.034146341463414664
2023-04-20,9900,10190,9390,9500,422722,-0.04040404040404044
2023-04-21,9450,10970,9320,10080,3989757,0.06105263157894747
2023-04-24,10120,10130,9100,9230,866383,-0.08432539682539686
2023-04-25,9270,9600,8850,8900,735125,-0.03575297941495126
2023-04-26,8870,9100,8640,8750,350440,-0.016853932584269704
2023-04-27,8700,8760,8500,8650,321208,-0.011428571428571455
2023-04-28,8660,9050,8660,8820,311976,0.01965317919075149
2023-05-02,8840,9010,8700,8840,202152,0.0022675736961450532
2023-05-03,8790,8950,8550,8550,235466,-0.03280542986425339
2023-05-04,8620,8640,8400,8410,235960,-0.01637426900584793
2023-05-08,8440,8500,8280,8280,163342,-0.015457788347205681
2023-05-09,8280,8470,8050,8270,245296,-0.0012077294685990392
2023-05-10,8200,8560,8200,8240,182583,-0.0036275695284159193
2023-05-11,8400,8420,8220,8270,97764,0.00364077669902918
2023-05-12,8210,8260,8090,8090,155852,-0.021765417170495738
2023-05-15,8040,8120,7930,7950,118070,-0.017305315203955507
2023-05-16,7930,8160,7920,7950,117741,0.0
2023-05-17,7940,8230,7940,8230,142155,0.035220125786163514
2023-05-18,8230,8310,8140,8270,99497,0.004860267314702238
2023-05-19,8270,8640,8260,8350,419067,0.0096735187424426
2023-05-22,8380,8510,8280,8480,127561,0.015568862275449069
2023-05-23,8400,8640,8390,8390,241068,-0.010613207547169767
2023-05-24,8260,8360,8220,8260,115044,-0.015494636471990453
2023-05-25,8270,8330,8210,8210,95602,-0.006053268765133124
2023-05-26,8180,8290,8050,8050,101080,-0.01948842874543244
2023-05-30,8180,8180,8010,8030,68926,-0.00248447204968949
2023-05-31,8140,8180,8030,8040,83390,0.001245330012453305
2023-06-01,8060,8110,8010,8090,60969,0.006218905472636926
2023-06-02,8140,10040,8080,9310,8611655,0.15080346106304088
2023-06-05,9570,9700,9120,9160,1420311,-0.01611170784103111
2023-06-07,9100,9270,8940,9130,739043,-0.0032751091703057122
2023-06-08,9400,10210,9120,9150,5068451,0.0021905805038335835
2023-06-09,9100,9630,9070,9220,1258398,0.007650273224043769
2023-06-12,9380,9470,8970,8970,520952,-0.027114967462039008
2023-06-13,8810,9160,8800,8890,553993,-0.00891861761426982
2023-06-14,8920,9160,8750,8800,455135,-0.010123734533183382
2023-06-15,8800,9140,8750,8870,374533,0.007954545454545547
2023-06-16,8910,9150,8910,9030,262578,0.018038331454340417
2023-06-19,9030,9100,8870,9070,288963,0.0044296788482836025
2023-06-20,9000,10290,9000,9450,5363979,0.04189636163175314
2023-06-21,9360,9540,9150,9150,567499,-0.031746031746031744
2023-06-22,9120,9460,9070,9070,602705,-0.008743169398907069
2023-06-23,9110,9310,8860,8880,384730,-0.02094818081587657
2023-06-26,8890,8930,8520,8530,279585,-0.0394144144144144
2023-06-27,8500,8770,8500,8550,246313,0.0023446658851113966
2023-06-28,8700,8760,8540,8540,184850,-0.0011695906432748204
2023-06-29,8520,8650,8200,8280,218754,-0.030444964871194413
2023-06-30,8250,8510,8180,8320,170966,0.004830917874396157
2023-07-03,8290,8550,8290,8410,175972,0.01081730769230771
2023-07-04,8350,8530,8350,8450,112806,0.0047562425683709275
2023-07-05,8440,8510,8310,8310,111691,-0.016568047337278125
2023-07-06,8300,8340,8000,8040,160398,-0.032490974729241895
2023-07-07,8020,8180,8000,8030,93502,-0.0012437810945273853
2023-07-10,7950,8130,7950,8000,87242,-0.0037359900373599153
2023-07-11,8020,8210,8010,8180,92473,0.022499999999999964
2023-07-12,8220,8310,8140,8270,107534,0.011002444987775029
2023-07-13,8360,8360,8220,8300,97633,0.0036275695284160303
2023-07-14,8260,8370,8080,8120,146330,-0.02168674698795181
2023-07-17,8240,8240,8010,8070,73472,-0.006157635467980316
2023-07-18,8050,8140,7990,7990,106540,-0.009913258983890949
2023-07-19,7950,8010,7740,7760,187982,-0.028785982478097605
2023-07-20,7740,7860,7730,7810,66000,0.006443298969072142
2023-07-21,7800,8000,7710,7800,102676,-0.001280409731113985
2023-07-24,7900,7900,7300,7310,229697,-0.06282051282051282
2023-07-25,7190,7380,7090,7100,170118,-0.028727770177838563
2023-07-26,7000,7100,6310,6670,368769,-0.06056338028169017
2023-07-27,6530,7180,6530,7050,162668,0.05697151424287861
2023-07-28,7000,7130,6930,7050,71003,0.0
2023-07-31,7110,7140,6650,7090,86674,0.005673758865248235
2023-08-01,7060,7240,7050,7160,86515,0.009873060648801113
2023-08-02,7160,7200,6960,7040,95671,-0.016759776536312887
2023-08-03,6980,7030,6840,7000,75292,-0.005681818181818232
2023-08-04,7010,7190,6960,7180,95938,0.0257142857142858
2023-08-07,7130,7250,7040,7130,66891,-0.0069637883008356605
2023-08-08,7160,7190,6900,6960,85373,-0.02384291725105192
2023-08-09,6960,7200,6830,7120,64473,0.02298850574712641
2023-08-10,7280,7920,7150,7700,1439571,0.0814606741573034
2023-08-11,7650,7740,7460,7570,308202,-0.016883116883116833
2023-08-14,7620,7890,7540,7540,536487,-0.003963011889035695
2023-08-16,7330,7480,6980,7010,233801,-0.07029177718832891
2023-08-17,6900,6990,6630,6760,148470,-0.03566333808844513
2023-08-18,6580,7050,6580,6710,192779,-0.007396449704141994
2023-08-21,6680,6870,6620,6700,99832,-0.0014903129657227732
2023-08-22,6700,7050,6670,6760,185930,0.008955223880596996
2023-08-23,6760,6860,6660,6660,132092,-0.014792899408283988
2023-08-24,6680,6780,6650,6650,58469,-0.0015015015015015232
2023-08-25,6610,7700,6600,7030,1251365,0.05714285714285716
2023-08-28,7040,8700,6940,8040,5256214,0.14366998577524903
2023-08-29,7890,8340,7750,7890,1541520,-0.018656716417910446
2023-08-30,7940,8150,7810,7810,459968,-0.010139416983523497
2023-08-31,7800,7850,7550,7610,275705,-0.025608194622279146
2023-09-01,7550,7710,7340,7450,213947,-0.021024967148488782
2023-09-04,7400,7530,7360,7430,101137,-0.0026845637583892135
2023-09-05,7430,7740,7420,7470,190229,0.0053835800807537915
2023-09-06,7470,7680,7430,7490,127241,0.0026773761713521083
2023-09-07,7490,7540,7110,7160,182003,-0.044058744993324406
2023-09-08,7130,7260,7040,7250,105638,0.012569832402234526
2023-09-11,7190,7380,7110,7320,88811,0.009655172413793212
2023-09-12,7320,7440,7100,7100,109344,-0.030054644808743203
2023-09-13,7050,7300,6860,6880,273139,-0.030985915492957705
2023-09-14,6810,7020,6810,6970,56280,0.013081395348837122
2023-09-15,6970,7140,6970,7080,87415,0.015781922525107683
2023-09-18,7030,7200,7010,7010,180050,-0.009887005649717562
2023-09-19,6970,7010,6900,6910,61144,-0.014265335235377985
2023-09-20,6850,6920,6780,6780,68724,-0.01881331403762665
2023-09-21,6690,6850,6690,6690,59850,-0.013274336283185861
2023-09-22,6570,6720,6570,6720,47068,0.004484304932735439
2023-09-25,6580,6730,6460,6600,71115,-0.017857142857142905
2023-09-26,6540,6660,6440,6440,68926,-0.024242424242424288
2023-09-27,6270,6580,6270,6520,60277,0.012422360248447228
2023-10-04,6310,6390,5930,6150,97250,-0.05674846625766872
2023-10-05,6200,7310,6130,6290,1252522,0.02276422764227637
2023-10-06,6170,6600,6170,6440,169891,0.0238473767885532
2023-10-10,6380,6520,6110,6200,86302,-0.037267080745341574
2023-10-11,6220,6410,6220,6400,51804,0.032258064516129004
2023-10-12,6380,6560,6360,6520,60037,0.018750000000000044
2023-10-13,6460,6570,6310,6390,43112,-0.019938650306748462
2023-10-16,6390,6390,6220,6280,37408,-0.017214397496087663
2023-10-17,6290,6470,6290,6380,42063,0.015923566878981
2023-10-18,6330,6430,6250,6290,35656,-0.014106583072100332
2023-10-19,6160,6230,6000,6040,86477,-0.03974562798092207
2023-10-20,5950,6040,5650,5710,132138,-0.054635761589403975
2023-10-23,5410,5850,5410,5700,55580,-0.0017513134851138146
2023-10-24,5700,5900,5510,5860,66315,0.02807017543859658
2023-10-25,5880,7050,5860,6080,1528856,0.03754266211604085
2023-10-26,5820,6060,5510,5570,246427,-0.08388157894736847
2023-10-27,5550,5700,5470,5580,104758,0.0017953321364452268
2023-10-30,5500,5800,5500,5700,94557,0.021505376344086002
2023-10-31,5790,6600,5630,5740,1661623,0.007017543859649145
2023-11-01,5740,6130,5680,5850,301755,0.019163763066202044
2023-11-02,5930,6140,5930,6070,153476,0.037606837606837695
2023-11-03,6140,6250,5830,6080,144470,0.0016474464579900872
2023-11-06,6160,6320,6160,6210,121827,0.021381578947368363
2023-11-07,6290,6400,6080,6220,196453,0.0016103059581320522
2023-11-08,6250,6670,6190,6230,337830,0.001607717041800738
2023-11-09,6160,6280,6020,6030,95420,-0.0321027287319422
2023-11-10,6000,6010,5870,5940,50630,-0.014925373134328401
2023-11-13,5980,6070,5750,5780,63504,-0.026936026936026924
2023-11-14,5790,6200,5790,6160,86385,0.0657439446366781
2023-11-15,6250,6490,6210,6320,162526,0.025974025974025983
2023-11-16,6250,6340,6230,6270,65347,-0.007911392405063333
2023-11-17,6230,6260,6070,6160,70709,-0.01754385964912286
2023-11-20,6100,6280,6080,6210,65615,0.008116883116883189
2023-11-21,6240,6430,6240,6330,95281,0.019323671497584627
2023-11-22,6330,6330,6170,6220,46488,-0.017377567140600347
2023-11-23,6250,6310,6180,6200,45362,-0.003215434083601254
2023-11-24,6220,6310,6170,6190,61100,-0.001612903225806428
2023-11-27,6270,6340,6080,6080,72594,-0.017770597738287597
2023-11-28,6080,6180,6080,6130,42174,0.008223684210526327
2023-11-29,6150,6170,6050,6050,55262,-0.013050570962479635
2023-11-30,6060,6290,6060,6160,62400,0.018181818181818077
2023-12-01,6210,6390,6160,6230,97682,0.011363636363636465
2023-12-04,6290,6340,6130,6150,52644,-0.012841091492776902
2023-12-05,6140,6180,6070,6100,56022,-0.008130081300813052
2023-12-06,6110,6290,6090,6250,83245,0.024590163934426146
2023-12-07,6290,6290,5960,5990,100663,-0.04159999999999997
2023-12-08,6020,6190,6010,6150,64961,0.026711185308847973
2023-12-11,6150,6190,6070,6080,57843,-0.011382113821138184
2023-12-12,6040,6150,6040,6110,37159,0.004934210526315708
2023-12-13,6050,6110,5900,5900,100242,-0.03436988543371522
2023-12-14,5970,6030,5940,5940,42018,0.006779661016949046
2023-12-15,6000,6110,5970,6020,50520,0.013468013468013407
2023-12-18,6070,6070,6000,6030,34724,0.0016611295681063787
2023-12-19,6000,6050,5910,5920,81727,-0.018242122719734688
2023-12-20,5930,6000,5910,5950,48422,0.0050675675675675436
2023-12-21,5910,6080,5900,5970,96972,0.003361344537815114
2023-12-22,6050,6760,5960,6110,1626423,0.02345058626465657
2023-12-26,6130,6170,6040,6050,109780,-0.009819967266775809
2023-12-27,6020,6100,5980,6030,78837,-0.0033057851239669533
2023-12-28,6040,6230,6030,6160,112243,0.021558872305140975
2024-01-02,6180,6280,6120,6220,118018,0.009740259740259827
2024-01-03,6210,6260,6140,6230,96013,0.001607717041800738
2024-01-04,6210,6400,6170,6280,167111,0.008025682182985605
2024-01-05,6270,6350,6160,6260,86209,-0.0031847133757961776
2024-01-08,6310,6310,6180,6280,80482,0.0031948881789136685
2024-01-09,6340,6410,6240,6330,137963,0.0079617834394905
2024-01-10,6330,6540,6190,6230,265869,-0.01579778830963663
2024-01-11,6230,6390,6210,6280,124266,0.008025682182985605
2024-01-12,6280,6350,6110,6120,107071,-0.02547770700636942
2024-01-15,6100,6140,6000,6010,75149,-0.017973856209150374
2024-01-16,5960,6070,5910,5950,47697,-0.009983361064891838
2024-01-17,5920,5950,5710,5750,88828,-0.03361344537815125
2024-01-18,5720,5840,5700,5760,42578,0.0017391304347826875
2024-01-19,5770,5890,5720,5770,56869,0.0017361111111111605
2024-01-22,5790,5860,5710,5720,47064,-0.008665511265164683
2024-01-23,5730,5790,5630,5670,33497,-0.00874125874125875
2024-01-24,5640,5750,5570,5610,55302,-0.010582010582010581
2024-01-25,5660,5660,5490,5520,70336,-0.016042780748663055
2024-01-26,5500,5620,5500,5510,45911,-0.0018115942028985588
2024-01-29,5600,5670,5550,5620,50159,0.019963702359346636
2024-01-30,5620,6750,5620,6240,6885452,0.11032028469750887
2024-01-31,6090,6980,6080,6290,5620032,0.008012820512820484
2024-02-01,6160,6680,6090,6360,2113775,0.0111287758346581
2024-02-02,6300,6980,6290,6550,4236305,0.029874213836478036
2024-02-05,6670,6830,6430,6490,676433,-0.009160305343511421
2024-02-06,6530,6540,6170,6280,363668,-0.03235747303543912
2024-02-07,6230,6430,6160,6230,284836,-0.0079617834394905
2024-02-08,6190,6410,6140,6140,246745,-0.014446227929374
2024-02-13,6170,6380,6150,6200,190951,0.009771986970684043
2024-02-14,6170,6330,6080,6240,268588,0.006451612903225712
2024-02-15,6310,6390,6230,6280,159852,0.0064102564102563875
2024-02-16,6400,6400,6230,6300,142401,0.0031847133757962887
2024-02-19,6230,6350,6230,6350,124540,0.007936507936507908
2024-02-20,6330,6520,6280,6470,263501,0.018897637795275646
2024-02-21,6430,6500,6250,6260,184375,-0.03245749613601234
2024-02-22,6300,6300,6200,6220,107565,-0.006389776357827448
2024-02-23,6230,6260,6100,6100,134084,-0.019292604501607746
2024-02-26,6100,6200,6030,6040,109579,-0.00983606557377048
2024-02-27,6010,6080,5850,5850,158934,-0.0314569536423841
2024-02-28,5860,5950,5860,5870,51791,0.0034188034188034067
2024-02-29,5900,5920,5750,5780,81861,-0.015332197614991494
2024-03-04,5800,5940,5740,5770,88701,-0.0017301038062284002
2024-03-05,5750,5840,5700,5700,80130,-0.012131715771230511
2024-03-06,5650,5750,5650,5710,62671,0.0017543859649122862
2024-03-07,5730,5750,5550,5620,107682,-0.015761821366024553
2024-03-08,5620,5710,5610,5670,69431,0.008896797153024938
2024-03-11,5650,5810,5650,5770,92142,0.01763668430335108
2024-03-12,5780,5900,5780,5780,70479,0.0017331022530329143
2024-03-13,5790,5870,5750,5750,62916,-0.00519031141868509
2024-03-14,5790,5810,5730,5800,40634,0.008695652173912993
2024-03-15,5800,5860,5760,5800,40350,0.0
2024-03-18,5800,5820,5650,5790,41931,-0.0017241379310344307
2024-03-19,5750,5830,5660,5720,52312,-0.012089810017271163
2024-03-20,5710,5770,5670,5710,40881,-0.0017482517482517723
2024-03-21,5710,5800,5690,5760,62703,0.008756567425569184
2024-03-22,5780,5930,5760,5890,120414,0.02256944444444442
2024-03-25,5880,5930,5810,5860,94261,-0.005093378607809895
2024-03-26,5860,5890,5810,5830,59235,-0.005119453924914641
2024-03-27,5870,5870,5770,5770,48676,-0.010291595197255532
2024-03-28,5810,5820,5720,5760,39959,-0.0017331022530329143
2024-03-29,5760,5790,5650,5680,47652,-0.01388888888888884
2024-04-01,5650,5850,5650,5840,70613,0.028169014084507005
2024-04-02,5800,5850,5700,5760,62548,-0.013698630136986356
2024-04-03,5750,5750,5620,5620,63736,-0.02430555555555558
2024-04-04,5620,5650,5500,5540,78148,-0.014234875444839812
2024-04-05,5540,5600,5420,5430,84038,-0.019855595667869985
2024-04-08,5420,5460,5250,5290,86165,-0.025782688766114226
2024-04-09,5290,5400,5250,5290,32214,0.0
2024-04-11,5240,5300,5180,5300,48717,0.001890359168241984
2024-04-12,5450,5450,5250,5300,68484,0.0
2024-04-15,5210,5240,5100,5120,99813,-0.03396226415094339
2024-04-16,5070,5170,5000,5010,74460,-0.021484375
2024-04-17,5030,5180,5000,5040,66532,0.0059880239520957446
2024-04-18,5040,5190,5040,5150,47245,0.021825396825396748
2024-04-19,5200,5230,5000,5080,66860,-0.013592233009708687
2024-04-22,5100,5190,5080,5140,36043,0.011811023622047223
2024-04-23,5140,5250,5090,5090,61809,-0.009727626459143934
2024-04-24,5100,5180,5100,5150,30746,0.011787819253438192
2024-04-25,5140,5200,5110,5170,30279,0.003883495145631022
2024-04-26,5160,5180,5100,5120,38617,-0.009671179883945835
2024-04-29,5120,5220,5120,5200,44772,0.015625
2024-04-30,5200,6350,5160,5680,4224678,0.0923076923076922
2024-05-02,5650,5910,5610,5620,742522,-0.010563380281690127
2024-05-03,5670,5750,5590,5650,222224,0.005338078291814874
2024-05-07,5630,5720,5520,5700,180629,0.008849557522123908
2024-05-08,5640,5750,5570,5590,132938,-0.019298245614035037
2024-05-09,5630,5760,5590,5670,150533,0.014311270125223707
2024-05-10,5670,6050,5630,5690,466694,0.003527336860670305
2024-05-13,5700,5730,5570,5630,94189,-0.010544815465729385
2024-05-14,5680,5790,5650,5740,125920,0.019538188277087087
2024-05-16,5800,5950,5710,5740,140562,0.0
2024-05-17,5740,5740,5580,5640,67235,-0.017421602787456414
2024-05-20,5620,5660,5490,5510,73736,-0.023049645390070927
2024-05-21,5510,5720,5500,5620,122701,0.019963702359346636
2024-05-22,5620,5650,5480,5480,66260,-0.02491103202846978
2024-05-23,5470,5550,5310,5420,73557,-0.010948905109489093
2024-05-24,5360,6980,5360,6890,13883003,0.27121771217712176
2024-05-27,6850,7870,6590,6610,8015398,-0.04063860667634256
2024-05-28,6590,6800,6590,6620,1443670,0.001512859304084735
2024-05-29,6590,7230,6420,6560,5891318,-0.009063444108761365
2024-05-30,6440,6540,6200,6220,732596,-0.05182926829268297
2024-05-31,6190,7070,6170,6450,4385348,0.036977491961414755
2024-06-03,6490,6870,6370,6570,876233,0.018604651162790642
2024-06-04,6520,6560,6250,6330,532387,-0.0365296803652968
2024-06-05,6330,6810,6070,6120,1243283,-0.033175355450236976
2024-06-07,6060,6280,6030,6160,237893,0.006535947712418277
2024-06-10,6130,6270,6020,6040,351288,-0.01948051948051943
2024-06-11,6070,6300,6060,6170,420308,0.021523178807947074
2024-06-12,6170,6300,6120,6210,411036,0.006482982171799101
2024-06-13,6250,6780,6230,6510,2427874,0.048309178743961345
2024-06-14,6510,6730,6390,6430,557638,-0.01228878648233489
2024-06-17,6430,6640,6290,6420,385357,-0.0015552099533436836
2024-06-18,6450,6740,6270,6600,1286406,0.028037383177569986
2024-06-19,6550,6910,6510,6570,1339672,-0.004545454545454519
2024-06-20,6600,6780,6360,6360,461858,-0.03196347031963476
2024-06-21,6350,6450,6080,6160,421689,-0.03144654088050314
2024-06-24,6160,6340,6110,6110,166507,-0.008116883116883078
2024-06-25,6080,6170,6030,6150,110776,0.00654664484451728
2024-06-26,6180,6270,6070,6070,106410,-0.013008130081300862
2024-06-27,6070,6350,5820,5860,304495,-0.034596375617792385
2024-06-28,5870,5930,5800,5880,121799,0.0034129692832765013
2024-07-01,5880,6030,5840,6010,136127,0.022108843537415046
2024-07-02,6010,6050,5780,5830,118425,-0.029950083194675514
2024-07-03,5830,5860,5530,5550,194754,-0.0480274442538593
2024-07-04,5520,5800,5490,5490,120311,-0.010810810810810811
2024-07-05,5540,5620,5450,5460,98931,-0.005464480874316946
2024-07-08,5450,5640,5440,5640,80276,0.03296703296703307
2024-07-09,5640,5660,5510,5600,46858,-0.007092198581560294
2024-07-10,5640,5650,5490,5570,76090,-0.005357142857142838
2024-07-11,5570,5640,5500,5500,72842,-0.012567324955116699
2024-07-12,5500,5580,5370,5500,61147,0.0
2024-07-15,5460,5560,5460,5550,48824,0.009090909090909038
2024-07-16,5550,5550,5380,5500,63425,-0.009009009009009028
2024-07-17,5500,5680,5500,5510,161912,0.0018181818181817189
2024-07-18,5480,5480,5260,5330,90594,-0.03266787658802173
2024-07-19,5280,5380,5270,5330,51850,0.0
2024-07-22,5300,5340,5200,5250,67651,-0.015009380863039379
2024-07-23,5250,5360,5160,5210,59494,-0.007619047619047636
2024-07-24,5180,5280,5150,5150,62872,-0.01151631477927062
2024-07-25,5100,5180,5030,5170,70302,0.003883495145631022
2024-07-26,5170,5200,5110,5120,35563,-0.009671179883945835
2024-07-29,5090,5230,5090,5230,24970,0.021484375
2024-07-30,5300,5300,5130,5140,44555,-0.017208413001912004
2024-07-31,5120,5480,5120,5240,42141,0.01945525291828787
2024-08-01,5240,5360,5240,5340,49304,0.01908396946564883
2024-08-02,5240,5260,5050,5050,88587,-0.054307116104868935
2024-08-05,4900,4975,3810,4220,422035,-0.1643564356435644
2024-08-06,3940,4660,3940,4300,599161,0.018957345971563955
2024-08-07,4300,5380,4300,4600,2513754,0.06976744186046502
2024-08-08,4505,4900,4360,4485,406924,-0.025000000000000022
2024-08-09,4515,4695,4515,4575,136366,0.02006688963210701
2024-08-12,4570,4780,4570,4675,118013,0.021857923497267784
2024-08-13,4690,4700,4550,4585,141459,-0.019251336898395754
2024-08-14,4635,4675,4605,4620,87275,0.007633587786259444
2024-08-16,4650,4705,4645,4650,70706,0.006493506493506551
2024-08-19,4640,4665,4545,4565,73735,-0.018279569892473146
2024-08-20,4560,4705,4560,4640,85742,0.016429353778751432
2024-08-21,4605,4670,4605,4620,48065,-0.004310344827586188
2024-08-22,4630,4670,4505,4525,97934,-0.02056277056277056
2024-08-23,4525,4565,4450,4480,56733,-0.009944751381215422
2024-08-26,4480,4510,4410,4435,48041,-0.010044642857142905
2024-08-27,4395,4500,4380,4490,31470,0.012401352874858995
2024-08-28,4450,4510,4400,4450,35640,-0.008908685968819552
2024-08-29,4455,4460,4360,4370,37829,-0.017977528089887618
2024-08-30,4360,5280,4355,4655,3492542,0.0652173913043479
2024-09-02,4655,5450,4600,5010,6306398,0.07626208378088073
2024-09-03,4965,5280,4960,5030,967445,0.003992015968063978
2024-09-04,4890,5750,4800,5200,4958042,0.03379721669980129
2024-09-05,5170,5730,5140,5260,3309177,0.011538461538461497
2024-09-06,5200,5640,4830,4925,1912817,-0.06368821292775662
2024-09-09,4800,5090,4715,4900,474187,-0.005076142131979711
2024-09-10,4900,4970,4630,4670,341520,-0.04693877551020409
2024-09-11,4675,4860,4450,4470,311598,-0.04282655246252676
2024-09-12,4610,4745,4560,4700,174000,0.05145413870246096
2024-09-13,4715,4790,4660,4700,99237,0.0
2024-09-19,4695,4695,4570,4645,87710,-0.011702127659574457
2024-09-20,4650,4865,4650,4740,170557,0.020452099031216253
2024-09-23,4725,4800,4685,4765,86359,0.0052742616033756295
2024-09-24,4750,4835,4735,4825,58913,0.012591815320041944
2024-09-25,4830,5190,4830,4950,376132,0.02590673575129543
2024-09-26,4955,5030,4910,5010,129041,0.0121212121212122
2024-09-27,5040,5300,4945,4990,336789,-0.003992015968063867
2024-09-30,5060,5310,4950,5050,551801,0.012024048096192397
2024-10-02,4920,5000,4865,4880,178582,-0.03366336633663369
2024-10-04,4880,4930,4725,4725,112082,-0.03176229508196726
2024-10-07,4750,4930,4750,4885,68858,0.033862433862433816
2024-10-08,4840,4890,4750,4750,65226,-0.02763561924257929
2024-10-10,4765,4825,4745,4775,52093,0.0052631578947368585
2024-10-11,4750,4825,4660,4670,60772,-0.021989528795811508
2024-10-14,4620,4680,4605,4660,51304,-0.0021413276231263545
2024-10-15,4640,4725,4635,4715,34030,0.011802575107296098
2024-10-16,4660,4740,4570,4625,55192,-0.019088016967126142
2024-10-17,4610,4650,4550,4585,48657,-0.008648648648648671
2024-10-18,4570,4640,4550,4600,36321,0.0032715376226826187
2024-10-21,4570,4615,4520,4530,65192,-0.01521739130434785
2024-10-22,4515,4530,4315,4340,111281,-0.04194260485651213
2024-10-23,4315,4440,4245,4305,54216,-0.008064516129032251
2024-10-24,4270,4325,4240,4295,30626,-0.0023228803716608404
2024-10-25,4255,4295,4180,4200,52732,-0.02211874272409775
2024-10-28,4200,4305,4195,4295,44613,0.02261904761904754
2024-10-29,4265,4320,4260,4300,37509,0.0011641443538998875
2024-10-30,4300,4335,4275,4305,22305,0.0011627906976743319
2024-10-31,4305,4345,4210,4320,35828,0.0034843205574912606
2024-11-01,4325,4325,4170,4175,60727,-0.03356481481481477
2024-11-04,4155,4305,4100,4245,51637,0.016766467065868262
2024-11-05,4205,4290,4205,4290,56329,0.010600706713780994
2024-11-06,4300,4305,4180,4235,46246,-0.012820512820512775
2024-11-07,4220,4245,4155,4185,43269,-0.011806375442739103
2024-11-08,4165,4290,4165,4215,21310,0.007168458781362075
2024-11-11,4200,4215,3975,4020,101281,-0.0462633451957295
2024-11-12,4025,4035,3715,3715,179669,-0.07587064676616917
2024-11-13,3620,3760,3620,3740,96345,0.006729475100942128
2024-11-14,3665,3930,3650,3680,174894,-0.016042780748663055
2024-11-15,3710,3810,3410,3760,140571,0.021739130434782705
2024-11-18,3765,3890,3760,3845,49577,0.022606382978723305
2024-11-19,3845,3875,3800,3825,36516,-0.005201560468140465
2024-11-20,3815,3880,3800,3815,24416,-0.002614379084967311
2024-11-21,3815,4040,3775,3855,116282,0.010484927916120546
2024-11-22,3825,3930,3805,3845,75122,-0.0025940337224383825
2024-11-25,3850,4000,3845,3970,49963,0.032509752925877766
2024-11-26,3950,4060,3940,4050,89349,0.02015113350125941
2024-11-27,4060,4060,3975,4005,42822,-0.011111111111111072
2024-11-28,4005,4045,3985,4000,23167,-0.0012484394506866447
2024-11-29,4020,4020,3845,3865,46716,-0.03374999999999995
2024-12-02,3885,3895,3710,3720,40196,-0.03751617076325997
2024-12-03,3685,3870,3685,3805,30995,0.02284946236559149
2024-12-04,3805,3805,3610,3690,40493,-0.030223390275952666
2024-12-05,3690,3725,3600,3605,37652,-0.023035230352303482
2024-12-06,3555,3625,3425,3545,57000,-0.01664355062413314
2024-12-09,3525,3525,3175,3190,91731,-0.10014104372355426
2024-12-10,3175,3965,3175,3625,1197930,0.13636363636363646
2024-12-11,3790,3830,3655,3805,217632,0.049655172413793025
2024-12-12,3815,3865,3660,3865,88343,0.01576872536136653
2024-12-13,3790,3920,3790,3905,36504,0.010349288486416475
2024-12-16,3910,3945,3885,3920,36942,0.003841229193341844
2024-12-17,3880,3935,3850,3910,26261,-0.0025510204081632404
2024-12-18,3875,3940,3865,3930,32273,0.005115089514066584
2024-12-19,3810,3920,3810,3895,28577,-0.008905852417302795
2024-12-20,3895,3895,3700,3755,72543,-0.03594351732991019
2024-12-23,3720,3830,3720,3810,36247,0.01464713715046595
2024-12-24,3810,3865,3770,3770,19774,-0.01049868766404205
2024-12-26,3770,3800,3655,3655,43617,-0.0305039787798409
2024-12-27,3650,3675,3500,3540,44995,-0.03146374829001364
2024-12-30,3500,3650,3495,3650,16677,0.031073446327683607
2025-01-02,3645,3700,3610,3650,7917,0.0
2025-01-03,3615,3725,3615,3725,18487,0.020547945205479534
2025-01-06,3740,3825,3740,3785,42092,0.016107382550335503
2025-01-07,3750,3850,3750,3795,27569,0.0026420079260238705
2025-01-08,3795,3830,3765,3820,27774,0.006587615283267567
2025-01-09,3850,3850,3765,3795,34366,-0.00654450261780104
2025-01-10,3780,3840,3780,3800,32829,0.0013175230566535578
2025-01-13,3800,3850,3650,3650,38493,-0.03947368421052633
2025-01-14,3670,3805,3655,3755,51599,0.02876712328767117
2025-01-15,3740,4880,3650,4880,8483892,0.2996005326231692
2025-01-16,4965,5640,4855,4950,11757162,0.014344262295082011
2025-01-17,4930,5130,4650,4650,2177403,-0.06060606060606055
2025-01-20,4550,5220,4415,4415,5530969,-0.05053763440860215
2025-01-21,4425,4520,4310,4415,540986,0.0
2025-01-22,4365,4435,4310,4330,410980,-0.01925254813137034
2025-01-23,4220,4235,4115,4225,375120,-0.024249422632794504
2025-01-24,4310,4845,4250,4285,5360817,0.014201183431952646
2025-01-31,4290,4315,4120,4165,625903,-0.028004667444574083
2025-02-03,4330,5200,4330,4600,10051302,0.10444177671068422
2025-02-04,4615,5540,4570,4840,9728698,0.05217391304347818
2025-02-05,4865,5250,4830,4900,2580224,0.012396694214876103
2025-02-06,4870,5340,4760,4960,3758001,0.012244897959183598
2025-02-07,5100,5620,5090,5120,4952295,0.032258064516129004
2025-02-10,5170,5380,5050,5090,1099076,-0.005859375
2025-02-11,5090,5150,4845,4850,458348,-0.047151277013752435
2025-02-12,4805,5060,4740,4930,350772,0.016494845360824684
2025-02-13,4925,5090,4825,5070,452905,0.028397565922920975
2025-02-14,5030,5060,4860,4860,261716,-0.041420118343195256
2025-02-17,4800,4940,4765,4940,130115,0.016460905349794164
2025-02-18,4935,5220,4890,4925,615574,-0.0030364372469635637
2025-02-19,4935,4965,4850,4855,156298,-0.014213197969543123
2025-02-20,4980,5080,4815,4835,401429,-0.004119464469618972
2025-02-21,4840,4850,4600,4675,202537,-0.033092037228541926
2025-02-24,4675,4760,4610,4705,111031,0.0064171122994651775
2025-02-25,4635,4760,4630,4695,100139,-0.002125398512221044
2025-02-26,4640,4685,4625,4645,84384,-0.010649627263045747
2025-02-27,4645,5120,4605,4760,1165910,0.02475780409041972
2025-02-28,4710,5090,4660,4930,1413829,0.03571428571428581
2025-03-04,4900,5180,4810,4810,949970,-0.024340770791075106
2025-03-05,4860,4970,4755,4775,219790,-0.007276507276507305
2025-03-06,4775,4860,4660,4680,333157,-0.019895287958115238
2025-03-07,4625,4915,4610,4670,233540,-0.002136752136752129
2025-03-10,4640,4690,4520,4520,149182,-0.032119914346895095
2025-03-11,4350,4560,4330,4435,183847,-0.01880530973451322
2025-03-12,4435,4557,4435,4500,48209,0.014656144306651742
2025-03-13,4500,4610,4425,4430,65966,-0.015555555555555545
2025-03-14,4410,4495,4310,4495,57186,0.0146726862302482
2025-03-17,4495,4550,4440,4445,70078,-0.011123470522803158
2025-03-18,4420,4470,4405,4410,62256,-0.007874015748031482
2025-03-19,4370,4410,4270,4330,123835,-0.01814058956916098
2025-03-20,4320,4390,4220,4230,71913,-0.023094688221709014
2025-03-21,4180,4285,4130,4225,91753,-0.0011820330969266601
2025-03-24,4200,4265,4165,4195,43585,-0.007100591715976323
2025-03-25,4170,4295,4070,4120,62040,-0.017878426698450522
2025-03-26,4100,4195,4100,4145,36156,0.0060679611650484855
2025-03-27,4130,4155,4055,4065,47257,-0.0193003618817853
2025-03-28,4065,4070,3925,4015,63635,-0.012300123001230068
2025-03-31,4030,4030,3885,3900,59577,-0.028642590286425906
2025-04-01,3865,4080,3865,4055,63834,0.039743589743589824
2025-04-02,4055,4085,3955,4025,32389,-0.007398273736128225
2025-04-03,3925,4005,3890,3945,48295,-0.019875776397515477
2025-04-04,3885,4100,3880,4100,54392,0.03929024081115329
