Date,Open,High,Low,Close,Volume,Change
2022-01-03,3855,3915,3715,3725,410637,-0.007989347536617841
2022-01-04,3820,3820,3725,3770,225403,0.012080536912751683
2022-01-05,3780,3865,3670,3825,405887,0.01458885941644561
2022-01-06,3825,4185,3725,3975,1784538,0.03921568627450989
2022-01-07,3970,3985,3800,3855,323193,-0.030188679245283012
2022-01-10,3830,3850,3465,3560,438391,-0.0765239948119325
2022-01-11,3610,3660,3445,3515,284892,-0.012640449438202195
2022-01-12,3475,3540,3430,3460,210929,-0.015647226173541973
2022-01-13,3420,3555,3420,3490,164273,0.00867052023121384
2022-01-14,3450,3555,3440,3460,112599,-0.008595988538681931
2022-01-17,3460,3460,3250,3270,267975,-0.054913294797687806
2022-01-18,3270,3315,3060,3095,237447,-0.05351681957186549
2022-01-19,2990,3140,2910,2980,270869,-0.037156704361874016
2022-01-20,2985,3035,2870,2965,229875,-0.005033557046979831
2022-01-21,2950,3000,2870,2885,183253,-0.026981450252951067
2022-01-24,2815,2820,2550,2580,745449,-0.10571923743500866
2022-01-25,2595,2640,2310,2415,554099,-0.06395348837209303
2022-01-26,2415,2520,2320,2430,285972,0.006211180124223503
2022-01-27,2400,2470,2210,2335,374282,-0.039094650205761305
2022-01-28,2310,2535,2310,2495,329472,0.0685224839400429
2022-02-03,2480,2635,2470,2610,300531,0.04609218436873741
2022-02-04,2545,2690,2530,2595,227491,-0.005747126436781658
2022-02-07,2600,2610,2540,2570,140778,-0.009633911368015391
2022-02-08,2570,2690,2550,2565,216713,-0.0019455252918287869
2022-02-09,2580,2645,2580,2625,134589,0.023391812865497075
2022-02-10,2640,2665,2605,2630,170332,0.0019047619047618536
2022-02-11,2610,2610,2400,2535,210468,-0.03612167300380231
2022-02-14,2485,2485,2260,2300,477663,-0.09270216962524658
2022-02-15,2305,2375,2170,2235,302798,-0.02826086956521734
2022-02-16,2270,2360,2260,2360,201175,0.055928411633109576
2022-02-17,2410,2425,2270,2320,328544,-0.016949152542372836
2022-02-18,2270,2740,2190,2440,3094674,0.051724137931034475
2022-02-21,2440,2600,2435,2440,863816,0.0
2022-02-22,2390,2420,2295,2320,338550,-0.049180327868852514
2022-02-23,2325,2395,2320,2345,179002,0.010775862068965525
2022-02-24,2340,2380,2240,2240,333224,-0.04477611940298509
2022-02-25,2270,2330,2270,2315,201169,0.033482142857142794
2022-02-28,2340,2525,2325,2355,553749,0.017278617710583255
2022-03-02,2355,2390,2280,2375,304042,0.00849256900212314
2022-03-03,2235,2310,2100,2265,1251361,-0.0463157894736842
2022-03-04,2240,2295,2130,2145,853951,-0.052980132450331174
2022-03-07,2165,2240,2135,2190,1001170,0.020979020979021046
2022-03-08,2180,2185,2010,2020,1191484,-0.07762557077625576
2022-03-10,1730,1925,1620,1885,1732079,-0.06683168316831678
2022-03-11,1860,1920,1805,1845,408890,-0.021220159151193685
2022-03-14,1865,1865,1765,1810,322587,-0.01897018970189701
2022-03-15,1790,1795,1725,1785,313220,-0.013812154696132617
2022-03-16,1785,1910,1760,1910,413777,0.07002801120448177
2022-03-17,1955,1965,1890,1955,351159,0.023560209424083878
2022-03-18,1955,2060,1900,1925,598515,-0.01534526854219953
2022-03-21,1950,1950,1920,1945,118232,0.010389610389610393
2022-03-22,1955,1955,1895,1945,137403,0.0
2022-03-23,1950,2025,1920,2020,353278,0.03856041131105403
2022-03-24,2020,2135,1980,2060,414164,0.01980198019801982
2022-03-25,2060,2155,2030,2100,460138,0.01941747572815533
2022-03-28,2090,2120,2040,2040,163673,-0.02857142857142858
2022-03-29,2080,2110,2035,2070,207402,0.014705882352941124
2022-03-30,2100,2100,2030,2055,135868,-0.007246376811594235
2022-03-31,2050,2160,2045,2150,227386,0.04622871046228716
2022-04-01,2140,2180,2095,2145,167797,-0.0023255813953488857
2022-04-04,2180,2340,2140,2285,699401,0.06526806526806528
2022-04-05,2340,2355,2145,2280,306691,-0.002188183807439792
2022-04-06,2260,2315,2190,2200,206177,-0.03508771929824561
2022-04-07,2230,2230,2085,2120,184607,-0.036363636363636376
2022-04-08,2100,2170,2090,2110,81776,-0.004716981132075526
2022-04-11,2110,2140,2060,2075,60069,-0.016587677725118488
2022-04-12,2025,2070,2000,2025,117407,-0.02409638554216864
2022-04-13,2005,2075,2005,2065,79994,0.01975308641975304
2022-04-14,2080,2125,2040,2075,81033,0.004842615012106588
2022-04-15,2020,2160,2000,2130,230122,0.026506024096385472
2022-04-18,2130,2185,2120,2140,107397,0.0046948356807512415
2022-04-19,2120,2150,2085,2140,90270,0.0
2022-04-20,2150,2155,2100,2115,110194,-0.011682242990654235
2022-04-21,2100,2130,2070,2085,177507,-0.014184397163120588
2022-04-22,2090,2115,2010,2020,143769,-0.031175059952038398
2022-04-25,2015,2015,1935,1955,123694,-0.03217821782178221
2022-04-26,1955,1985,1910,1940,67836,-0.007672634271099765
2022-04-27,1930,1930,1845,1920,107585,-0.010309278350515427
2022-04-28,1900,1950,1850,1880,144249,-0.02083333333333337
2022-04-29,1915,2020,1900,1995,188006,0.061170212765957466
2022-05-02,1995,2040,1965,2000,148589,0.0025062656641603454
2022-05-03,2005,2090,2000,2050,150978,0.02499999999999991
2022-05-04,2090,2120,1970,1975,168123,-0.03658536585365857
2022-05-06,1960,2430,1945,2120,3532374,0.07341772151898729
2022-05-09,2135,2400,2115,2380,4529489,0.12264150943396235
2022-05-10,2240,2320,2190,2320,900774,-0.025210084033613467
2022-05-11,2315,2315,2150,2175,668667,-0.0625
2022-05-12,2135,2275,2095,2110,557799,-0.029885057471264354
2022-05-13,2120,2150,2010,2070,271409,-0.018957345971563955
2022-05-16,2080,2110,2010,2065,194622,-0.0024154589371980784
2022-05-17,2065,2095,2010,2065,181879,0.0
2022-05-18,2060,2080,1985,2000,320993,-0.03147699757869249
2022-05-19,1925,1970,1895,1930,275918,-0.03500000000000003
2022-05-20,1935,1955,1915,1930,195162,0.0
2022-05-23,1930,1940,1850,1885,321685,-0.023316062176165775
2022-05-24,1895,1895,1800,1810,216028,-0.03978779840848812
2022-05-25,1820,1860,1810,1825,98554,0.008287292817679592
2022-05-26,1830,1880,1820,1830,122306,0.00273972602739736
2022-05-27,1830,1860,1815,1830,119472,0.0
2022-05-30,1860,1890,1830,1870,147432,0.021857923497267784
2022-05-31,1875,1970,1850,1950,295539,0.04278074866310155
2022-06-02,1945,1965,1890,1910,137040,-0.02051282051282055
2022-06-03,1905,1945,1905,1920,93396,0.005235602094240788
2022-06-07,1920,1950,1875,1925,130704,0.0026041666666667407
2022-06-08,1920,1940,1900,1930,65858,0.0025974025974024872
2022-06-09,1910,1930,1850,1870,195543,-0.031088082901554404
2022-06-10,1870,1875,1830,1875,82101,0.002673796791443861
2022-06-13,1810,1825,1740,1750,191740,-0.06666666666666665
2022-06-14,1730,1735,1650,1680,228217,-0.040000000000000036
2022-06-15,1645,1700,1575,1605,312578,-0.044642857142857095
2022-06-16,1650,1675,1580,1620,101935,0.009345794392523255
2022-06-17,1585,1760,1520,1630,287588,0.006172839506172867
2022-06-20,1620,1655,1505,1530,164962,-0.06134969325153372
2022-06-21,1500,1585,1500,1565,82004,0.02287581699346397
2022-06-22,1540,1620,1465,1465,152397,-0.06389776357827481
2022-06-23,1440,1485,1345,1350,259252,-0.07849829351535831
2022-06-24,1305,1435,1305,1420,343286,0.051851851851851816
2022-06-27,1430,1525,1420,1490,151855,0.04929577464788726
2022-06-28,1500,1565,1500,1540,148600,0.033557046979865834
2022-06-29,1490,1595,1490,1580,110140,0.025974025974025983
2022-06-30,1570,1570,1525,1555,54552,-0.015822784810126556
2022-07-01,1550,1585,1435,1500,142676,-0.03536977491961413
2022-07-04,1500,1505,1430,1470,76198,-0.020000000000000018
2022-07-05,1470,1505,1460,1500,101121,0.020408163265306145
2022-07-06,1515,1525,1415,1485,66573,-0.010000000000000009
2022-07-07,1500,1565,1485,1555,103800,0.047138047138047146
2022-07-08,1555,1600,1555,1595,81046,0.025723472668810254
2022-07-11,1620,1620,1565,1600,76555,0.0031347962382444194
2022-07-12,1635,1635,1505,1560,123576,-0.025000000000000022
2022-07-13,1550,1570,1515,1560,76682,0.0
2022-07-14,1550,1625,1505,1585,104738,0.01602564102564097
2022-07-15,1615,1615,1495,1525,261503,-0.03785488958990535
2022-07-18,1555,1595,1515,1570,205889,0.029508196721311553
2022-07-19,1565,1720,1550,1655,269638,0.05414012738853513
2022-07-20,1655,1675,1605,1620,107249,-0.02114803625377648
2022-07-21,1630,1645,1610,1625,63583,0.0030864197530864335
2022-07-22,1615,1640,1595,1600,63339,-0.01538461538461533
2022-07-25,1595,1610,1560,1605,116584,0.0031250000000000444
2022-07-26,1605,1620,1580,1610,129815,0.0031152647975076775
2022-07-27,1610,1940,1585,1740,2255432,0.08074534161490687
2022-07-28,1745,1750,1655,1685,351815,-0.031609195402298895
2022-07-29,1685,1710,1660,1670,205312,-0.008902077151335286
2022-08-01,1810,1815,1690,1700,753119,0.017964071856287456
2022-08-02,1715,1720,1655,1695,302076,-0.002941176470588225
2022-08-03,1660,1705,1655,1705,146863,0.005899705014749346
2022-08-04,1705,1775,1700,1715,269833,0.0058651026392961825
2022-08-05,1730,1740,1695,1725,190305,0.005830903790087438
2022-08-08,1740,1805,1725,1805,448816,0.04637681159420293
2022-08-09,1820,1820,1745,1750,292305,-0.030470914127423865
2022-08-10,1775,1940,1700,1700,1154146,-0.02857142857142858
2022-08-11,1700,1725,1690,1715,141219,0.008823529411764675
2022-08-12,1730,1730,1695,1730,83976,0.008746355685131268
2022-08-16,1725,1740,1705,1715,112765,-0.00867052023121384
2022-08-17,1705,1725,1680,1715,191398,0.0
2022-08-18,1690,1715,1680,1715,83482,0.0
2022-08-19,1705,1715,1690,1715,61376,0.0
2022-08-22,1700,1705,1650,1680,169618,-0.020408163265306145
2022-08-23,1690,1690,1615,1650,290577,-0.017857142857142905
2022-08-24,1650,1690,1625,1675,117349,0.015151515151515138
2022-08-25,1675,1690,1650,1690,109634,0.008955223880596996
2022-08-26,1690,1725,1655,1705,102552,0.008875739644970349
2022-08-29,1685,1685,1630,1665,98608,-0.02346041055718473
2022-08-30,1665,1685,1655,1675,51121,0.006006006006006093
2022-08-31,1675,1715,1665,1715,129773,0.023880597014925398
2022-09-01,1695,1715,1670,1710,107764,-0.002915451895043719
2022-09-02,1690,1725,1635,1715,213633,0.0029239766081872176
2022-09-05,1685,1695,1625,1680,144147,-0.020408163265306145
2022-09-06,1655,1690,1635,1685,79070,0.0029761904761904656
2022-09-07,1675,1685,1625,1665,109137,-0.011869436201780381
2022-09-08,1690,1715,1620,1665,185185,0.0
2022-09-13,1650,1665,1610,1645,206601,-0.012012012012011963
2022-09-14,1610,1630,1595,1615,91739,-0.018237082066869248
2022-09-15,1620,1645,1600,1640,89431,0.015479876160990669
2022-09-16,1640,1640,1590,1630,67895,-0.0060975609756097615
2022-09-19,1620,1625,1565,1580,60618,-0.030674846625766916
2022-09-20,1580,1610,1540,1605,120311,0.015822784810126667
2022-09-21,1580,1760,1460,1465,2112014,-0.08722741433021808
2022-09-22,1460,1475,1375,1420,416557,-0.030716723549488067
2022-09-23,1405,1460,1385,1425,229540,0.0035211267605634866
2022-09-26,1410,1410,1275,1295,322630,-0.09122807017543855
2022-09-27,1250,1360,1250,1320,224829,0.019305019305019266
2022-09-28,1300,1390,1295,1330,357833,0.007575757575757569
2022-09-29,1335,1390,1310,1335,112847,0.003759398496240518
2022-09-30,1275,1340,1275,1330,145435,-0.0037453183520599342
2022-10-04,1335,1430,1335,1430,164484,0.07518796992481214
2022-10-05,1420,1440,1370,1380,134663,-0.034965034965035
2022-10-06,1385,1415,1385,1400,61361,0.01449275362318847
2022-10-07,1400,1405,1360,1385,40975,-0.010714285714285676
2022-10-11,1385,1385,1290,1355,87658,-0.02166064981949456
2022-10-12,1355,1385,1330,1360,48960,0.0036900369003689537
2022-10-13,1365,1365,1280,1310,100461,-0.03676470588235292
2022-10-14,1380,1385,1320,1385,115722,0.057251908396946494
2022-10-17,1350,1395,1280,1370,41488,-0.010830324909747335
2022-10-18,1370,1425,1370,1405,63889,0.025547445255474477
2022-10-19,1410,1445,1395,1420,73262,0.01067615658362997
2022-10-20,1420,1770,1420,1495,6830877,0.052816901408450745
2022-10-21,1500,1625,1410,1410,1815047,-0.05685618729096986
2022-10-24,1410,1435,1355,1370,354185,-0.028368794326241176
2022-10-25,1375,1400,1350,1360,218336,-0.007299270072992692
2022-10-26,1370,1745,1370,1530,11977863,0.125
2022-10-27,1545,1610,1460,1480,3752917,-0.0326797385620915
2022-10-28,1475,1480,1415,1415,663253,-0.04391891891891897
2022-10-31,1430,1475,1430,1455,496181,0.028268551236749095
2022-11-01,1450,1730,1415,1545,6836630,0.061855670103092786
2022-11-02,1530,1765,1520,1640,5432128,0.06148867313915862
2022-11-03,1635,1720,1565,1600,1919778,-0.024390243902439046
2022-11-04,1600,1630,1520,1570,644881,-0.018750000000000044
2022-11-07,1720,1860,1600,1625,2778597,0.035031847133758065
2022-11-08,1625,1935,1615,1725,13343217,0.06153846153846154
2022-11-09,1750,1805,1645,1660,1939724,-0.03768115942028982
2022-11-10,1635,1740,1620,1630,732837,-0.01807228915662651
2022-11-11,1665,1680,1635,1655,436903,0.015337423312883347
2022-11-14,1650,1710,1650,1660,452431,0.0030211480362538623
2022-11-15,1655,1655,1595,1605,385517,-0.033132530120481896
2022-11-16,1600,1705,1570,1620,1867455,0.009345794392523255
2022-11-17,1610,1610,1570,1585,180665,-0.021604938271604923
2022-11-18,1585,1665,1575,1590,526310,0.003154574132492094
2022-11-21,1590,1650,1575,1610,385845,0.012578616352201255
2022-11-22,1605,1645,1600,1635,211931,0.01552795031055898
2022-11-23,1635,1640,1610,1630,137800,-0.003058103975535187
2022-11-24,1630,1645,1620,1630,194303,0.0
2022-11-25,1630,1710,1605,1625,772942,-0.0030674846625766694
2022-11-28,1625,1665,1580,1585,221954,-0.024615384615384595
2022-11-29,1570,1595,1565,1585,130674,0.0
2022-11-30,1570,1695,1545,1560,1525633,-0.01577287066246058
2022-12-01,1580,1590,1550,1555,262642,-0.0032051282051281937
2022-12-02,1555,1560,1520,1520,170083,-0.022508038585209
2022-12-05,1505,1540,1505,1520,141022,0.0
2022-12-06,1515,1610,1470,1470,842954,-0.03289473684210531
2022-12-07,1465,1495,1435,1440,253191,-0.020408163265306145
2022-12-08,1445,1455,1395,1430,217983,-0.00694444444444442
2022-12-09,1420,1450,1420,1450,113180,0.013986013986013957
2022-12-12,1435,1455,1420,1450,126936,0.0
2022-12-13,1440,1450,1415,1430,185258,-0.01379310344827589
2022-12-14,1440,1445,1405,1440,180039,0.006993006993007089
2022-12-15,1420,1485,1420,1445,123222,0.003472222222222321
2022-12-16,1425,1435,1400,1430,148380,-0.01038062283737029
2022-12-19,1425,1435,1415,1420,45126,-0.006993006993006978
2022-12-20,1425,1440,1375,1410,72725,-0.007042253521126751
2022-12-21,1410,1410,1370,1395,55277,-0.010638297872340385
2022-12-22,1385,1410,1355,1385,52203,-0.007168458781361964
2022-12-23,1385,1385,1345,1375,59178,-0.0072202166064981865
2022-12-26,1355,1375,1305,1330,132889,-0.032727272727272716
2022-12-27,1325,1355,1285,1345,89781,0.011278195488721776
2022-12-28,1350,1380,1330,1370,74066,0.018587360594795488
2022-12-29,1355,1375,1300,1310,123582,-0.04379562043795615
2023-01-02,1290,1350,1255,1280,114997,-0.022900763358778664
2023-01-03,1275,1295,1215,1295,95357,0.01171875
2023-01-04,1275,1305,1250,1295,52557,0.0
2023-01-05,1300,1345,1300,1310,46330,0.01158301158301156
2023-01-06,1280,1340,1280,1325,38705,0.011450381679389388
2023-01-09,1350,1385,1335,1385,96383,0.04528301886792452
2023-01-10,1390,1465,1370,1385,489292,0.0
2023-01-11,1390,1540,1385,1410,912029,0.018050541516245522
2023-01-12,1435,1500,1435,1480,431187,0.049645390070921946
2023-01-13,1480,1505,1450,1500,128620,0.013513513513513598
2023-01-16,1515,1515,1485,1495,144629,-0.0033333333333332993
2023-01-17,1520,1520,1440,1455,162596,-0.026755852842809347
2023-01-18,1455,1480,1450,1470,69763,0.010309278350515427
2023-01-19,1470,1480,1435,1460,76786,-0.006802721088435382
2023-01-20,1475,1475,1435,1455,56501,-0.003424657534246589
2023-01-25,1475,1489,1455,1487,88714,0.021993127147766245
2023-01-26,1487,1490,1472,1478,133095,-0.0060524546065904294
2023-01-27,1460,1499,1460,1492,104986,0.009472259810554773
2023-01-30,1509,1510,1479,1488,72093,-0.002680965147453085
2023-01-31,1470,1502,1415,1500,151808,0.008064516129032251
2023-02-01,1500,1511,1485,1501,115693,0.0006666666666665932
2023-02-02,1488,1514,1488,1507,132954,0.003997335109926725
2023-02-03,1507,1515,1450,1503,56304,-0.002654280026542777
2023-02-06,1528,1528,1475,1504,65165,0.0006653359946773296
2023-02-07,1502,1510,1489,1492,41849,-0.007978723404255317
2023-02-08,1500,1522,1492,1494,80699,0.0013404825737264314
2023-02-09,1477,1518,1477,1518,58834,0.016064257028112428
2023-02-10,1520,1520,1478,1485,50015,-0.021739130434782594
2023-02-13,1485,1486,1452,1457,76268,-0.018855218855218903
2023-02-14,1457,1471,1421,1422,251701,-0.024021962937542884
2023-02-15,1431,1455,1391,1391,168445,-0.021800281293952173
2023-02-16,1400,1429,1398,1420,52525,0.02084831056793668
2023-02-17,1420,1423,1400,1404,44302,-0.011267605633802802
2023-02-20,1404,1419,1394,1400,67755,-0.002849002849002802
2023-02-21,1410,1414,1402,1402,41360,0.0014285714285713347
2023-02-22,1401,1401,1380,1387,58306,-0.010699001426533572
2023-02-23,1371,1403,1298,1400,80621,0.009372746935832676
2023-02-24,1445,1445,1377,1388,40815,-0.008571428571428563
2023-02-27,1388,1395,1353,1375,58116,-0.009365994236311237
2023-02-28,1359,1405,1358,1400,51199,0.018181818181818077
2023-03-02,1395,1415,1395,1410,37323,0.0071428571428571175
2023-03-03,1410,1420,1386,1392,43135,-0.012765957446808529
2023-03-06,1392,1399,1350,1368,88186,-0.017241379310344862
2023-03-07,1366,1375,1341,1373,56401,0.003654970760234022
2023-03-08,1360,1399,1321,1340,161604,-0.024034959941733436
2023-03-09,1327,1327,1301,1302,149092,-0.028358208955223896
2023-03-10,1290,1302,1270,1272,93995,-0.02304147465437789
2023-03-13,1251,1251,1217,1244,177253,-0.022012578616352196
2023-03-14,1226,1237,1171,1189,161405,-0.04421221864951763
2023-03-15,1190,1215,1190,1193,60937,0.003364171572750152
2023-03-16,1214,1214,1163,1171,76051,-0.018440905280804665
2023-03-17,1195,1200,1175,1199,40355,0.023911187019641345
2023-03-20,1230,1230,1199,1216,39464,0.014178482068390341
2023-03-21,1216,1225,1201,1204,41605,-0.009868421052631526
2023-03-22,1204,1212,1181,1193,74830,-0.00913621262458475
2023-03-23,1193,1196,1135,1174,76861,-0.0159262363788768
2023-03-24,1174,1186,1160,1180,29449,0.005110732538330387
2023-03-27,1199,1199,1159,1168,36182,-0.01016949152542368
2023-03-28,1168,1196,1166,1195,43593,0.023116438356164393
2023-03-29,1195,1240,1195,1240,75651,0.03765690376569042
2023-03-30,1240,1250,1223,1245,41317,0.0040322580645162365
2023-03-31,1245,1254,1222,1245,74081,0.0
2023-04-03,1246,1250,1200,1228,73466,-0.013654618473895597
2023-04-04,1217,1246,1217,1243,50354,0.012214983713354943
2023-04-05,1242,1260,1225,1258,73244,0.012067578439259874
2023-04-06,1258,1258,1212,1221,58580,-0.02941176470588236
2023-04-07,1221,1229,1202,1212,71395,-0.0073710073710073765
2023-04-10,1202,1212,1180,1180,84748,-0.02640264026402639
2023-04-11,1180,1190,1156,1188,49571,0.006779661016949046
2023-04-12,1186,1195,1177,1187,74949,-0.0008417508417508657
2023-04-13,1186,1196,1170,1195,59312,0.006739679865206405
2023-04-14,1183,1203,1183,1198,123416,0.002510460251045954
2023-04-17,1227,1248,1202,1232,168166,0.028380634390651194
2023-04-18,1233,1239,1220,1223,81614,-0.007305194805194759
2023-04-19,1221,1236,1211,1225,68311,0.0016353229762877675
2023-04-20,1255,1520,1255,1316,2653981,0.07428571428571429
2023-04-21,1287,1304,1260,1273,241328,-0.032674772036474176
2023-04-24,1273,1499,1230,1333,4704177,0.04713275726630006
2023-04-25,1334,1398,1300,1341,750051,0.006001500375093727
2023-04-26,1332,1335,1310,1313,237246,-0.020879940343027537
2023-04-27,1310,1380,1303,1306,314805,-0.005331302361005319
2023-04-28,1295,1340,1290,1290,256097,-0.01225114854517606
2023-05-02,1303,1365,1292,1339,296716,0.037984496124030986
2023-05-03,1348,1350,1325,1325,133764,-0.010455563853622118
2023-05-04,1325,1333,1305,1312,65701,-0.009811320754717023
2023-05-08,1312,1370,1295,1299,90260,-0.009908536585365835
2023-05-09,1304,1339,1299,1333,93046,0.026173979984603468
2023-05-10,1333,1343,1295,1302,117313,-0.023255813953488413
2023-05-11,1288,1318,1287,1294,55730,-0.006144393241167445
2023-05-12,1294,1306,1226,1265,131631,-0.022411128284389514
2023-05-15,1265,1265,1239,1248,50023,-0.013438735177865646
2023-05-16,1248,1271,1219,1230,107803,-0.014423076923076872
2023-05-17,1280,1329,1244,1328,321837,0.0796747967479674
2023-05-18,1342,1363,1325,1342,146491,0.010542168674698704
2023-05-19,1342,1358,1335,1345,76823,0.0022354694485842153
2023-05-22,1345,1699,1345,1549,20080548,0.1516728624535315
2023-05-23,1549,1550,1505,1506,1391177,-0.02775984506132989
2023-05-24,1506,1537,1485,1485,709621,-0.013944223107569709
2023-05-25,1510,1510,1460,1506,310311,0.014141414141414232
2023-05-26,1509,1511,1482,1499,261087,-0.004648074369189903
2023-05-30,1499,1517,1479,1503,166274,0.0026684456304202353
2023-05-31,1503,1522,1488,1490,175963,-0.008649367930805063
2023-06-01,1522,1522,1480,1499,129478,0.006040268456375841
2023-06-02,1500,1515,1484,1510,198684,0.007338225483655814
2023-06-05,1516,1528,1487,1526,161982,0.01059602649006619
2023-06-07,1520,1537,1507,1533,243006,0.004587155963302836
2023-06-08,1533,1533,1490,1510,183414,-0.015003261578604099
2023-06-09,1512,1538,1508,1521,197652,0.007284768211920589
2023-06-12,1538,1596,1514,1564,866974,0.02827087442472065
2023-06-13,1561,1561,1505,1520,285619,-0.02813299232736577
2023-06-14,1520,1531,1493,1521,260717,0.0006578947368420796
2023-06-15,1507,1530,1492,1504,161807,-0.011176857330703505
2023-06-16,1504,1538,1504,1530,181050,0.017287234042553168
2023-06-19,1522,1550,1518,1544,131626,0.009150326797385588
2023-06-20,1548,1566,1524,1545,339058,0.0006476683937823857
2023-06-21,1545,1612,1524,1537,684317,-0.00517799352750814
2023-06-22,1537,1625,1529,1585,727876,0.03122966818477546
2023-06-23,1603,1603,1535,1585,276321,0.0
2023-06-26,1570,1582,1532,1542,169045,-0.02712933753943214
2023-06-27,1542,1559,1508,1517,137984,-0.01621271076524
2023-06-28,1517,1528,1501,1507,89761,-0.0065919578114700395
2023-06-29,1512,1512,1461,1471,163201,-0.023888520238885214
2023-06-30,1463,1511,1445,1505,99401,0.023113528212100665
2023-07-03,1503,1526,1501,1503,73807,-0.0013289036544850141
2023-07-04,1510,1544,1504,1532,108944,0.019294743845642115
2023-07-05,1532,1555,1495,1503,78066,-0.018929503916449097
2023-07-06,1503,1514,1420,1428,182925,-0.04990019960079839
2023-07-07,1420,1452,1393,1427,78553,-0.0007002801120448154
2023-07-10,1420,1444,1407,1437,63740,0.00700770847932719
2023-07-11,1437,1443,1415,1437,38795,0.0
2023-07-12,1450,1450,1403,1413,55327,-0.01670146137787054
2023-07-13,1413,1444,1391,1396,99606,-0.012031139419674486
2023-07-14,1396,1410,1355,1380,126809,-0.011461318051575908
2023-07-17,1380,1402,1369,1394,72938,0.010144927536231974
2023-07-18,1394,1420,1370,1375,83119,-0.013629842180774787
2023-07-19,1375,1375,1345,1366,128473,-0.006545454545454521
2023-07-20,1366,1378,1344,1372,45561,0.004392386530014614
2023-07-21,1375,1450,1345,1351,218531,-0.015306122448979553
2023-07-24,1351,1351,1250,1268,274567,-0.06143597335307183
2023-07-25,1276,1293,1257,1257,117885,-0.008675078864353258
2023-07-26,1257,1259,1178,1232,223313,-0.019888623707239428
2023-07-27,1224,1257,1224,1255,85763,0.018668831168831224
2023-07-28,1234,1309,1227,1309,92016,0.04302788844621519
2023-07-31,1310,1313,1257,1272,218506,-0.02826585179526353
2023-08-01,1287,1287,1260,1266,78743,-0.004716981132075526
2023-08-02,1271,1279,1254,1278,198329,0.009478672985782088
2023-08-03,1270,1295,1253,1293,105319,0.011737089201877993
2023-08-04,1287,1324,1275,1319,91726,0.02010827532869297
2023-08-07,1319,1330,1299,1300,63769,-0.014404852160727843
2023-08-08,1299,1300,1271,1275,35030,-0.019230769230769273
2023-08-09,1259,1281,1255,1260,29959,-0.0117647058823529
2023-08-10,1263,1303,1263,1294,34956,0.026984126984126888
2023-08-11,1294,1323,1277,1302,67689,0.0061823802163833985
2023-08-14,1287,1692,1282,1406,16852185,0.07987711213517668
2023-08-16,1383,1827,1335,1610,30556961,0.14509246088193462
2023-08-17,1626,1638,1494,1516,2789469,-0.05838509316770191
2023-08-18,1500,1767,1483,1522,9222813,0.003957783641160839
2023-08-21,1484,1528,1429,1481,1083012,-0.026938239159001287
2023-08-22,1450,1520,1433,1511,816266,0.020256583389601568
2023-08-23,1461,1476,1427,1440,608273,-0.046988749172733324
2023-08-24,1432,1640,1432,1520,4996421,0.05555555555555558
2023-08-25,1525,1574,1483,1504,842055,-0.010526315789473717
2023-08-28,1503,1610,1490,1543,1008080,0.025930851063829863
2023-08-29,1552,1620,1525,1572,626937,0.0187945560596241
2023-08-30,1572,1585,1551,1585,370516,0.008269720101781175
2023-08-31,1590,1612,1555,1571,550712,-0.00883280757097793
2023-09-01,1571,1643,1515,1532,675507,-0.024824952259707156
2023-09-04,1550,1600,1542,1556,530370,0.015665796344647598
2023-09-05,1619,1780,1496,1501,4474543,-0.03534704370179953
2023-09-06,1521,1590,1517,1555,679606,0.035976015989340526
2023-09-07,1555,1575,1510,1540,318100,-0.009646302250803873
2023-09-08,1553,1575,1500,1540,323487,0.0
2023-09-11,1540,1564,1506,1549,224973,0.005844155844155763
2023-09-12,1548,1584,1522,1564,305368,0.009683666881859176
2023-09-13,1546,1556,1505,1505,312184,-0.03772378516624042
2023-09-14,1505,1525,1472,1481,195769,-0.015946843853820614
2023-09-15,1510,1530,1481,1511,128859,0.020256583389601568
2023-09-18,1495,1516,1468,1481,191382,-0.01985440105890135
2023-09-19,1482,1509,1420,1454,341676,-0.0182309250506415
2023-09-20,1454,1458,1414,1420,175308,-0.023383768913342484
2023-09-21,1410,1434,1391,1421,205188,0.0007042253521127861
2023-09-22,1352,1405,1352,1360,203603,-0.04292751583391974
2023-09-25,1360,1400,1355,1367,73137,0.0051470588235293935
2023-09-26,1340,1420,1340,1360,109171,-0.00512070226773953
2023-09-27,1479,1529,1332,1383,1989275,0.016911764705882293
2023-10-04,1360,1383,1306,1315,250372,-0.049168474331164114
2023-10-05,1315,1330,1250,1300,184315,-0.011406844106463865
2023-10-06,1285,1350,1285,1345,77317,0.034615384615384714
2023-10-10,1331,1480,1311,1345,562983,0.0
2023-10-11,1347,1432,1345,1401,246475,0.04163568773234205
2023-10-12,1402,1429,1388,1399,247241,-0.001427551748750866
2023-10-13,1382,1404,1377,1384,73024,-0.010721944245889903
2023-10-16,1362,1384,1328,1340,123177,-0.03179190751445082
2023-10-17,1340,1411,1340,1368,124002,0.020895522388059806
2023-10-18,1382,1384,1343,1360,71909,-0.005847953216374324
2023-10-19,1348,1410,1301,1410,330450,0.03676470588235303
2023-10-20,1431,1494,1291,1337,675078,-0.05177304964539009
2023-10-23,1325,1355,1255,1293,211945,-0.03290949887808525
2023-10-24,1281,1347,1268,1339,138788,0.03557617942768765
2023-10-25,1339,1398,1339,1367,128776,0.020911127707244237
2023-10-26,1350,1361,1304,1317,106082,-0.03657644476956845
2023-10-27,1310,1328,1291,1314,105607,-0.002277904328018221
2023-10-30,1295,1330,1293,1315,65375,0.0007610350076103778
2023-10-31,1315,1330,1280,1280,73537,-0.026615969581749055
2023-11-01,1285,1319,1281,1281,63252,0.0007812499999999556
2023-11-02,1289,1320,1281,1315,44741,0.02654176424668231
2023-11-03,1322,1333,1317,1329,49142,0.010646387832699666
2023-11-06,1330,1393,1330,1364,91904,0.0263355906696765
2023-11-07,1347,1364,1325,1349,47154,-0.010997067448680342
2023-11-08,1351,1375,1332,1350,75717,0.000741289844329085
2023-11-09,1350,1350,1321,1340,37340,-0.007407407407407418
2023-11-10,1337,1337,1307,1308,52555,-0.023880597014925398
2023-11-13,1308,1309,1285,1309,170658,0.000764525993883769
2023-11-14,1301,1330,1280,1323,61724,0.010695187165775444
2023-11-15,1325,1362,1325,1347,112162,0.018140589569161092
2023-11-16,1379,1400,1364,1400,187109,0.039346696362286604
2023-11-17,1400,1402,1375,1390,51993,-0.0071428571428571175
2023-11-20,1389,1417,1381,1412,120081,0.015827338129496438
2023-11-21,1400,1432,1375,1425,118429,0.009206798866855603
2023-11-22,1425,1434,1402,1423,49320,-0.0014035087719298511
2023-11-23,1423,1438,1403,1410,79038,-0.00913562895291642
2023-11-24,1413,1446,1380,1404,70047,-0.004255319148936176
2023-11-27,1404,1414,1386,1404,79977,0.0
2023-11-28,1390,1414,1390,1404,74712,0.0
2023-11-29,1404,1411,1380,1404,53626,0.0
2023-11-30,1406,1425,1405,1425,72740,0.014957264957264904
2023-12-01,1425,1441,1420,1441,77213,0.011228070175438587
2023-12-04,1434,1500,1426,1441,170038,0.0
2023-12-05,1441,1485,1404,1404,102133,-0.025676613462872977
2023-12-06,1382,1404,1367,1380,94406,-0.017094017094017144
2023-12-07,1380,1399,1376,1392,63071,0.008695652173912993
2023-12-08,1392,1417,1383,1404,57181,0.008620689655172376
2023-12-11,1385,1415,1385,1412,34339,0.005698005698005604
2023-12-12,1420,1422,1404,1422,47513,0.007082152974504208
2023-12-13,1430,1430,1412,1425,53805,0.0021097046413502962
2023-12-14,1425,1430,1398,1413,91865,-0.008421052631578996
2023-12-15,1425,1425,1389,1418,71176,0.0035385704175512345
2023-12-18,1401,1421,1401,1418,70749,0.0
2023-12-19,1417,1427,1406,1418,45503,0.0
2023-12-20,1404,1418,1398,1415,97715,-0.002115655853314524
2023-12-21,1415,1420,1400,1409,137380,-0.004240282685512353
2023-12-22,1409,1423,1398,1401,57260,-0.005677785663591228
2023-12-26,1402,1420,1320,1392,84962,-0.0064239828693790635
2023-12-27,1392,1400,1377,1386,28904,-0.004310344827586188
2023-12-28,1398,1399,1362,1386,37504,0.0
2024-01-02,1382,1520,1374,1447,1054890,0.04401154401154406
2024-01-03,1447,1470,1410,1454,216950,0.004837595024187902
2024-01-04,1454,1454,1421,1440,115344,-0.009628610729023435
2024-01-05,1440,1440,1412,1425,55369,-0.01041666666666663
2024-01-08,1426,1438,1419,1429,62343,0.0028070175438597023
2024-01-09,1432,1500,1410,1427,61536,-0.0013995801259621965
2024-01-10,1434,1434,1385,1406,188975,-0.014716187806587233
2024-01-11,1418,1420,1383,1414,78647,0.005689900426742556
2024-01-12,1416,1416,1383,1397,50009,-0.01202263083451205
2024-01-15,1397,1406,1361,1397,88368,0.0
2024-01-16,1397,1397,1370,1377,62424,-0.01431639226914816
2024-01-17,1377,1377,1319,1345,126382,-0.023238925199709493
2024-01-18,1345,1347,1313,1327,98142,-0.013382899628252787
2024-01-19,1327,1339,1315,1327,60733,0.0
2024-01-22,1341,1344,1316,1328,71312,0.0007535795026374359
2024-01-23,1325,1359,1315,1359,70782,0.02334337349397586
2024-01-24,1359,1365,1340,1361,63086,0.0014716703458426128
2024-01-25,1355,1355,1320,1352,33540,-0.006612784717119791
2024-01-26,1342,1360,1333,1344,41624,-0.00591715976331364
2024-01-29,1345,1345,1314,1341,115089,-0.0022321428571429047
2024-01-30,1324,1362,1320,1358,82485,0.012677106636838076
2024-01-31,1331,1364,1331,1340,25578,-0.013254786450662692
2024-02-01,1345,1350,1320,1328,53496,-0.008955223880596996
2024-02-02,1329,1345,1325,1330,25939,0.001506024096385561
2024-02-05,1330,1341,1330,1330,42659,0.0
2024-02-06,1330,1333,1312,1313,90085,-0.012781954887218006
2024-02-07,1319,1328,1307,1328,29924,0.011424219345011366
2024-02-08,1328,1343,1317,1330,42701,0.001506024096385561
2024-02-13,1330,1343,1316,1320,76812,-0.007518796992481258
2024-02-14,1319,1339,1318,1330,46677,0.007575757575757569
2024-02-15,1325,1335,1309,1316,118608,-0.010526315789473717
2024-02-16,1318,1380,1318,1379,146812,0.0478723404255319
2024-02-19,1379,1380,1346,1347,65046,-0.023205221174764312
2024-02-20,1347,1359,1340,1355,42428,0.005939123979213035
2024-02-21,1350,1350,1329,1329,40671,-0.01918819188191878
2024-02-22,1329,1338,1319,1325,29269,-0.0030097817908201208
2024-02-23,1325,1346,1320,1335,36182,0.007547169811320753
2024-02-26,1334,1335,1320,1334,47302,-0.0007490636704119424
2024-02-27,1322,1329,1315,1328,48045,-0.004497751124437732
2024-02-28,1324,1328,1294,1297,94152,-0.02334337349397586
2024-02-29,1286,1314,1286,1304,44472,0.005397070161912154
2024-03-04,1294,1319,1287,1294,67270,-0.0076687116564416735
2024-03-05,1294,1296,1259,1259,130100,-0.027047913446677008
2024-03-06,1245,1267,1210,1253,73094,-0.004765687053216894
2024-03-07,1243,1267,1243,1265,40990,0.009577015163607427
2024-03-08,1259,1275,1259,1270,32637,0.0039525691699604515
2024-03-11,1270,1280,1240,1262,38560,-0.006299212598425252
2024-03-12,1246,1260,1238,1244,60241,-0.014263074484944571
2024-03-13,1235,1264,1235,1250,54764,0.004823151125401992
2024-03-14,1250,1255,1230,1233,75771,-0.013599999999999945
2024-03-15,1229,1233,1216,1226,52876,-0.005677210056772131
2024-03-18,1223,1255,1222,1255,66811,0.023654159869494373
2024-03-19,1255,1272,1252,1264,63585,0.007171314741035939
2024-03-20,1266,1285,1266,1284,51616,0.015822784810126667
2024-03-21,1284,1310,1281,1298,67849,0.010903426791277315
2024-03-22,1298,1304,1285,1300,46154,0.0015408320493066618
2024-03-25,1300,1324,1295,1317,67165,0.013076923076922986
2024-03-26,1328,1331,1311,1324,55237,0.005315110098709219
2024-03-27,1325,1325,1305,1320,32190,-0.0030211480362537513
2024-03-28,1320,1320,1262,1289,121678,-0.023484848484848442
2024-03-29,1282,1290,1252,1279,100874,-0.007757951900698168
2024-04-01,1273,1300,1253,1280,71488,0.0007818608287724071
2024-04-02,1280,1287,1270,1272,92781,-0.006249999999999978
2024-04-03,1271,1285,1260,1261,113120,-0.00864779874213839
2024-04-04,1261,1290,1260,1288,46833,0.021411578112608964
2024-04-05,1275,1310,1270,1295,116874,0.005434782608695565
2024-04-08,1295,1302,1275,1295,70983,0.0
2024-04-09,1278,1305,1276,1281,78761,-0.010810810810810811
2024-04-11,1270,1288,1261,1261,90668,-0.015612802498048417
2024-04-12,1261,1273,1228,1239,122030,-0.017446471054718526
2024-04-15,1206,1239,1200,1208,128274,-0.025020177562550483
2024-04-16,1201,1203,1170,1177,91759,-0.025662251655629187
2024-04-17,1177,1183,1174,1180,39218,0.002548853016142827
2024-04-18,1199,1199,1180,1197,32743,0.014406779661017
2024-04-19,1202,1202,1163,1190,89876,-0.005847953216374324
2024-04-22,1190,1215,1180,1210,38830,0.01680672268907557
2024-04-23,1225,1225,1200,1217,49133,0.005785123966942196
2024-04-24,1217,1228,1205,1228,46318,0.009038619556285932
2024-04-25,1218,1232,1215,1217,13527,-0.00895765472312704
2024-04-26,1217,1217,1194,1209,36910,-0.006573541495480728
2024-04-29,1240,1240,1190,1200,51706,-0.007444168734491274
2024-04-30,1205,1205,1185,1196,33148,-0.0033333333333332993
2024-05-02,1212,1212,1192,1194,55951,-0.0016722408026755842
2024-05-03,1200,1204,1191,1195,20720,0.0008375209380233617
2024-05-07,1196,1200,1183,1192,20733,-0.002510460251046065
2024-05-08,1185,1197,1185,1190,28788,-0.001677852348993314
2024-05-09,1200,1224,1185,1210,63196,0.01680672268907557
2024-05-10,1200,1215,1196,1203,26121,-0.005785123966942196
2024-05-13,1193,1205,1189,1196,19655,-0.005818786367414841
2024-05-14,1195,1215,1193,1204,37693,0.006688963210702337
2024-05-16,1223,1223,1200,1200,47452,-0.0033222591362126463
2024-05-17,1236,1264,1221,1249,158656,0.04083333333333328
2024-05-20,1250,1260,1225,1236,110490,-0.01040832666132907
2024-05-21,1224,1237,1210,1223,53862,-0.010517799352750767
2024-05-22,1220,1220,1191,1200,84969,-0.01880621422730988
2024-05-23,1200,1207,1185,1203,66854,0.0024999999999999467
2024-05-24,1203,1210,1190,1207,38008,0.0033250207813799726
2024-05-27,1201,1210,1195,1207,48659,0.0
2024-05-28,1239,1362,1207,1208,2525595,0.0008285004142503105
2024-05-29,1216,1217,1191,1199,136496,-0.007450331125827825
2024-05-30,1199,1202,1181,1182,114432,-0.014178482068390341
2024-05-31,1183,1194,1179,1194,98242,0.010152284263959421
2024-06-03,1194,1208,1185,1208,89563,0.011725293132328396
2024-06-04,1212,1219,1192,1208,75271,0.0
2024-06-05,1208,1209,1190,1198,51103,-0.008278145695364225
2024-06-07,1200,1200,1184,1198,85199,0.0
2024-06-10,1190,1190,1170,1179,48164,-0.015859766277128595
2024-06-11,1185,1185,1165,1170,86564,-0.007633587786259555
2024-06-12,1170,1178,1164,1168,76396,-0.0017094017094017033
2024-06-13,1175,1177,1165,1169,42030,0.0008561643835616195
2024-06-14,1173,1176,1163,1163,40344,-0.0051325919589392255
2024-06-17,1163,1170,1150,1154,47070,-0.007738607050730817
2024-06-18,1154,1157,1135,1141,68205,-0.011265164644714054
2024-06-19,1141,1152,1132,1141,60639,0.0
2024-06-20,1141,1153,1136,1150,53434,0.007887817703768674
2024-06-21,1146,1161,1132,1145,67220,-0.004347826086956497
2024-06-24,1145,1145,1119,1120,62950,-0.02183406113537123
2024-06-25,1120,1129,1116,1128,108889,0.0071428571428571175
2024-06-26,1128,1140,1120,1128,19709,0.0
2024-06-27,1116,1135,1111,1115,31266,-0.011524822695035408
2024-06-28,1117,1145,1115,1132,30329,0.015246636771300448
2024-07-01,1132,1144,1125,1141,43467,0.007950530035335746
2024-07-02,1141,1255,1121,1125,1181996,-0.014022787028922012
2024-07-03,1133,1139,1120,1120,34178,-0.004444444444444473
2024-07-04,1130,1135,1115,1120,37732,0.0
2024-07-05,1123,1130,1115,1127,33782,0.006250000000000089
2024-07-08,1127,1130,1118,1130,14451,0.002661934338952898
2024-07-09,1119,1133,1118,1124,24148,-0.005309734513274322
2024-07-10,1125,1135,1122,1130,32415,0.005338078291814874
2024-07-11,1122,1139,1120,1127,67376,-0.0026548672566372167
2024-07-12,1127,1131,1120,1129,38004,0.0017746228926354135
2024-07-15,1136,1140,1121,1137,65265,0.007085916740478204
2024-07-16,1137,1240,1137,1183,294548,0.04045734388742295
2024-07-17,1176,1194,1166,1180,87759,-0.002535925612848655
2024-07-18,1168,1193,1155,1183,62628,0.0025423728813558366
2024-07-19,1183,1190,1170,1183,34127,0.0
2024-07-22,1187,1188,1127,1181,39326,-0.0016906170752324368
2024-07-23,1165,1181,1164,1175,30570,-0.005080440304826461
2024-07-24,1173,1182,1163,1170,17334,-0.004255319148936176
2024-07-25,1146,1181,1146,1160,20196,-0.008547008547008517
2024-07-26,1145,1177,1076,1145,94506,-0.012931034482758674
2024-07-29,1149,1162,1131,1144,56324,-0.0008733624454148048
2024-07-30,1144,1150,1132,1135,42026,-0.00786713286713292
