Date,Open,High,Low,Close,Volume,Change
2022-01-03,60900,60900,60000,60300,2387,0.004999999999999893
2022-01-04,60300,61400,60200,61400,4624,0.018242122719734688
2022-01-05,61400,61800,61000,61400,4570,0.0
2022-01-06,61200,61400,60800,61400,2267,0.0
2022-01-07,61400,61500,61000,61200,3426,-0.0032573289902280145
2022-01-10,61200,61500,61000,61500,3616,0.004901960784313708
2022-01-11,61300,62000,60900,61300,2343,-0.003252032520325243
2022-01-12,61300,61600,61000,61300,4877,0.0
2022-01-13,61400,61600,61100,61400,1177,0.0016313213703098572
2022-01-14,61600,61800,61200,61600,2829,0.0032573289902280145
2022-01-17,61400,61600,60900,61400,3646,-0.0032467532467532756
2022-01-18,61400,61500,61000,61100,3357,-0.004885993485342022
2022-01-19,61100,61800,60800,61000,6140,-0.0016366612111292644
2022-01-20,61000,61600,61000,61300,3696,0.004918032786885185
2022-01-21,61600,61600,60800,61000,4254,-0.004893964110929905
2022-01-24,61000,61100,60500,60900,4231,-0.0016393442622950616
2022-01-25,61000,61000,59700,59700,25498,-0.019704433497536922
2022-01-26,60300,60700,60000,60500,3373,0.01340033500837512
2022-01-27,60500,60700,59300,59300,10062,-0.01983471074380161
2022-01-28,59900,60500,59600,60100,8621,0.013490725126475533
2022-02-03,60600,60800,60200,60800,4605,0.011647254575707144
2022-02-04,60600,60900,60500,60500,3340,-0.004934210526315819
2022-02-07,60700,60900,60400,60800,3333,0.0049586776859504855
2022-02-08,60600,61100,60400,60500,5302,-0.004934210526315819
2022-02-09,60800,60900,60500,60800,3014,0.0049586776859504855
2022-02-10,60800,61300,60700,61100,28281,0.004934210526315708
2022-02-11,61400,62500,60800,62200,16082,0.018003273322422242
2022-02-14,62200,62600,61900,62200,8483,0.0
2022-02-15,62000,62400,61800,62000,11216,-0.003215434083601254
2022-02-16,62400,62700,62200,62300,1438,0.004838709677419395
2022-02-17,62500,63000,62300,62800,6501,0.008025682182985605
2022-02-18,62800,63000,62500,62800,5082,0.0
2022-02-21,62800,63300,62300,63000,4860,0.0031847133757962887
2022-02-22,62800,63100,62600,62800,5616,-0.0031746031746031633
2022-02-23,62900,63200,62800,63100,2413,0.004777070063694211
2022-02-24,63200,63200,62400,63100,9409,0.0
2022-02-25,63100,63400,62800,63200,2038,0.0015847860538826808
2022-02-28,63200,63400,62900,63100,3757,-0.0015822784810126667
2022-03-02,63100,63500,62900,62900,5380,-0.0031695721077654726
2022-03-03,62900,63300,62800,62900,3214,0.0
2022-03-04,62800,63100,62800,63000,2530,0.0015898251192367763
2022-03-07,63400,63400,62800,62800,4848,-0.0031746031746031633
2022-03-08,62800,62800,62000,62300,4927,-0.0079617834394905
2022-03-10,63000,63100,62400,62900,3994,0.009630818619582593
2022-03-11,62800,63100,62500,62900,3861,0.0
2022-03-14,62900,63000,62600,62800,5422,-0.0015898251192368873
2022-03-15,62900,63000,62400,62800,4809,0.0
2022-03-16,63000,63000,62500,62800,4840,0.0
2022-03-17,63000,63100,62800,62900,6633,0.0015923566878981443
2022-03-18,63000,63200,62900,63200,5850,0.004769475357710551
2022-03-21,63300,63300,62900,63100,5423,-0.0015822784810126667
2022-03-22,63200,63200,62700,63100,10534,0.0
2022-03-23,63000,63100,62700,63000,8518,-0.0015847860538826808
2022-03-24,62700,63000,62700,62900,4294,-0.0015873015873015817
2022-03-25,63000,63100,62800,62900,12955,0.0
2022-03-28,63000,63300,62800,63200,18671,0.004769475357710551
2022-03-29,63100,63500,63000,63400,27475,0.0031645569620253333
2022-03-30,60500,60700,60000,60300,26902,-0.04889589905362779
2022-03-31,60200,60200,59600,59600,12151,-0.011608623548922004
2022-04-01,59500,60000,59400,59600,16091,0.0
2022-04-04,59700,59900,59400,59600,4297,0.0
2022-04-05,59700,59700,59400,59600,4635,0.0
2022-04-06,59600,59600,58800,58900,7359,-0.011744966442952975
2022-04-07,58900,59200,58300,58300,4684,-0.01018675721561968
2022-04-08,58500,59500,58400,58900,3548,0.010291595197255532
2022-04-11,58900,58900,57900,58100,16277,-0.01358234295415961
2022-04-12,58400,58400,57700,57900,4378,-0.0034423407917383297
2022-04-13,57900,58500,57700,58500,2273,0.010362694300518172
2022-04-14,58900,58900,58200,58600,1970,0.0017094017094017033
2022-04-15,58800,58800,58200,58500,1902,-0.0017064846416382506
2022-04-18,58500,58500,58000,58200,1026,-0.00512820512820511
2022-04-19,58200,58600,58000,58100,5685,-0.0017182130584192379
2022-04-20,58400,58400,57500,58000,13839,-0.0017211703958691649
2022-04-21,58000,58200,57500,57600,7241,-0.006896551724137945
2022-04-22,57600,57800,57400,57800,3334,0.003472222222222321
2022-04-25,57800,57800,57400,57500,4635,-0.00519031141868509
2022-04-26,57700,57800,57300,57800,2698,0.00521739130434784
2022-04-27,57500,57600,56900,57300,6270,-0.00865051903114189
2022-04-28,57500,57900,57000,57700,3923,0.00698080279232105
2022-04-29,57700,57700,57100,57700,1165,0.0
2022-05-02,57700,57800,57300,57800,1066,0.0017331022530329143
2022-05-03,57800,57900,57400,57400,2479,-0.00692041522491349
2022-05-04,57800,57800,57300,57500,2579,0.0017421602787457413
2022-05-06,57200,57500,57000,57500,13298,0.0
2022-05-09,57500,57500,56800,57100,5824,-0.006956521739130417
2022-05-10,57100,57100,55700,56400,9149,-0.012259194395796813
2022-05-11,56800,57300,56400,57000,9698,0.010638297872340496
2022-05-12,57000,57200,56500,56500,6788,-0.00877192982456143
2022-05-13,56600,57300,56500,56700,11968,0.003539823008849474
2022-05-16,57000,57300,56700,57000,6095,0.005291005291005346
2022-05-17,57000,57500,56900,56900,3709,-0.0017543859649122862
2022-05-18,57000,57400,56700,56700,5812,-0.0035149384885764245
2022-05-19,56500,57000,56200,57000,6973,0.005291005291005346
2022-05-20,57000,57500,56900,57200,5152,0.0035087719298245723
2022-05-23,56900,57300,56800,57100,3301,-0.0017482517482517723
2022-05-24,57100,57300,57000,57000,2836,-0.0017513134851138146
2022-05-25,56500,57400,56500,56900,3740,-0.0017543859649122862
2022-05-26,56900,57400,56800,56900,2155,0.0
2022-05-27,57100,57300,56900,57100,1798,0.0035149384885764245
2022-05-30,57200,57700,57100,57700,4528,0.01050788091068311
2022-05-31,57500,57800,57200,57200,2843,-0.008665511265164683
2022-06-02,57600,57700,57000,57600,3505,0.006993006993007089
2022-06-03,57700,58100,57600,58000,3346,0.00694444444444442
2022-06-07,58000,58000,57500,57500,2702,-0.008620689655172376
2022-06-08,58200,58200,57200,58000,5305,0.008695652173912993
2022-06-09,58200,58200,57600,57700,3649,-0.005172413793103403
2022-06-10,58300,58300,57700,58200,5541,0.008665511265164572
2022-06-13,58100,58100,57300,57300,2813,-0.015463917525773141
2022-06-14,57200,57300,56400,56700,9708,-0.010471204188481686
2022-06-15,56800,57000,56100,56100,2819,-0.010582010582010581
2022-06-16,56200,57100,56000,56300,2797,0.0035650623885918886
2022-06-17,55900,56600,55200,56100,4085,-0.003552397868561319
2022-06-20,56300,56300,55100,55400,3391,-0.012477718360071277
2022-06-21,55500,57400,55200,56000,3668,0.010830324909747224
2022-06-22,56400,56400,55200,55500,2461,-0.008928571428571397
2022-06-23,56000,56000,54100,54100,7707,-0.02522522522522519
2022-06-24,54500,56300,54100,56100,4189,0.0369685767097967
2022-06-27,56700,56700,55600,56500,4199,0.007130124777183555
2022-06-28,56500,56500,55800,56200,1557,-0.005309734513274322
2022-06-29,56300,56300,55000,55300,2511,-0.016014234875444844
2022-06-30,55800,55800,54800,55200,609,-0.001808318264014508
2022-07-01,55200,55500,54800,55100,1266,-0.0018115942028985588
2022-07-04,55900,55900,54800,55200,1694,0.001814882032667775
2022-07-05,55300,55700,55000,55300,1011,0.0018115942028984477
2022-07-06,55800,55800,54700,55100,2258,-0.003616636528028905
2022-07-07,55200,55600,54700,55200,703,0.001814882032667775
2022-07-08,55800,55800,53500,55100,6132,-0.0018115942028985588
2022-07-11,55100,56000,55100,55400,1613,0.005444646098003547
2022-07-12,55300,55400,54400,54800,1877,-0.010830324909747335
2022-07-13,54800,55400,54200,54700,4055,-0.0018248175182481452
2022-07-14,54700,56100,54600,55900,5166,0.021937842778793515
2022-07-15,56200,56300,54600,56000,6118,0.0017889087656528524
2022-07-18,56000,57300,56000,56300,4020,0.005357142857142838
2022-07-19,56300,56400,55200,55300,2307,-0.017761989342806372
2022-07-20,56000,56500,55400,55500,3026,0.003616636528029016
2022-07-21,56600,56600,55300,55700,1143,0.003603603603603567
2022-07-22,55700,56200,55500,55500,319,-0.0035906642728904536
2022-07-25,55500,57000,55500,55600,1309,0.0018018018018017834
2022-07-26,56100,56100,55000,55200,3189,-0.007194244604316502
2022-07-27,55100,55900,55000,55000,1698,-0.0036231884057971175
2022-07-28,55200,55700,55000,55200,770,0.0036363636363636598
2022-07-29,55200,55900,55200,55900,851,0.0126811594202898
2022-08-01,55900,56400,55100,56400,8568,0.008944543828264706
2022-08-02,56600,56900,55600,56800,1398,0.007092198581560183
2022-08-03,56100,56800,56100,56800,294,0.0
2022-08-04,57500,57500,56200,57100,1448,0.005281690140845008
2022-08-05,57500,57500,56400,57300,1016,0.003502626970227629
2022-08-08,57400,57400,56900,57000,180,-0.005235602094240788
2022-08-09,57000,57400,56200,57400,874,0.007017543859649145
2022-08-10,57400,57400,56800,57300,405,-0.0017421602787456303
2022-08-11,57500,57500,56900,57400,830,0.0017452006980802626
2022-08-12,57500,57600,57300,57400,1326,0.0
2022-08-16,57400,57800,57100,57800,2897,0.006968641114982521
2022-08-17,56800,57800,56700,56900,4846,-0.01557093425605538
2022-08-18,56900,56900,56100,56800,2530,-0.0017574692442882123
2022-08-19,56800,56900,56300,56600,1452,-0.0035211267605633756
2022-08-22,56600,56600,56100,56100,1290,-0.00883392226148405
2022-08-23,56100,56700,55700,55900,3451,-0.0035650623885917776
2022-08-24,56200,56800,55700,55800,1402,-0.0017889087656529634
2022-08-25,55300,55800,55000,55800,4940,0.0
2022-08-26,55800,56000,55800,56000,1232,0.0035842293906809264
2022-08-29,55400,55900,55400,55900,1495,-0.0017857142857142794
2022-08-30,56000,56000,55600,56000,751,0.0017889087656528524
2022-08-31,56400,56900,55300,56900,8181,0.016071428571428514
2022-09-01,56500,56800,56300,56300,1428,-0.010544815465729385
2022-09-02,56300,56300,55700,55800,927,-0.008880994671403242
2022-09-05,55800,56000,55700,56000,627,0.0035842293906809264
2022-09-06,56100,56100,55900,56100,123,0.0017857142857142794
2022-09-07,56400,56400,55700,56100,1073,0.0
2022-09-08,56300,56300,55500,55600,1087,-0.0089126559714795
2022-09-13,55600,55800,55200,55500,2451,-0.0017985611510791255
2022-09-14,55500,56100,55100,55500,1066,0.0
2022-09-15,55600,55800,55300,55800,2845,0.00540540540540535
2022-09-16,55900,55900,55300,55600,1430,-0.0035842293906810374
2022-09-19,55600,55600,55400,55500,1089,-0.0017985611510791255
2022-09-20,55800,55900,55500,55700,2312,0.003603603603603567
2022-09-21,56200,56200,55700,55900,922,0.0035906642728904536
2022-09-22,55800,56000,55300,55900,1339,0.0
2022-09-23,55900,55900,55300,55600,1018,-0.00536672629695889
2022-09-26,55500,55500,54500,54600,4525,-0.017985611510791366
2022-09-27,54600,54600,52800,53100,3241,-0.027472527472527486
2022-09-28,53300,53300,51800,52800,5336,-0.005649717514124242
2022-09-29,52700,54300,52200,53200,3793,0.007575757575757569
2022-09-30,54200,54600,53200,54500,3116,0.02443609022556381
2022-10-04,54500,55600,54200,55500,2285,0.0183486238532109
2022-10-05,55500,56100,55100,55300,4398,-0.003603603603603567
2022-10-06,55800,56600,55400,56600,1665,0.02350813743218816
2022-10-07,56600,57000,56200,56200,2791,-0.007067137809187329
2022-10-11,56000,56200,55100,55300,6407,-0.016014234875444844
2022-10-12,55300,55900,55300,55500,1965,0.003616636528029016
2022-10-13,55500,56100,54800,55600,4454,0.0018018018018017834
2022-10-14,55200,56100,55200,56000,1735,0.007194244604316502
2022-10-17,55600,55900,54600,54600,11510,-0.025000000000000022
2022-10-18,54600,55700,54600,55100,2284,0.009157509157509125
2022-10-19,55100,55800,55000,55000,3607,-0.001814882032667886
2022-10-20,55500,55600,55000,55200,1292,0.0036363636363636598
2022-10-21,55200,55500,54800,54800,830,-0.007246376811594235
2022-10-24,54800,55500,54100,54200,3473,-0.010948905109489093
2022-10-25,54200,54800,54200,54300,277,0.0018450184501845879
2022-10-26,54300,54500,53700,53700,22133,-0.011049723756906049
2022-10-27,53600,55500,53500,54000,3521,0.005586592178770999
2022-10-28,54800,55500,54300,55300,4003,0.024074074074074137
2022-10-31,55300,55300,55100,55300,278,0.0
2022-11-01,55300,55300,54900,55100,236,-0.003616636528028905
2022-11-02,53300,55500,53300,55100,1858,0.0
2022-11-03,55200,55200,54500,55100,1128,0.0
2022-11-04,55100,55200,54400,54800,1559,-0.005444646098003658
2022-11-07,54800,55300,54600,54700,2468,-0.0018248175182481452
2022-11-08,55100,55200,54700,54900,1176,0.003656307129798808
2022-11-09,55300,55600,54900,55300,1235,0.007285974499089187
2022-11-10,55800,55800,55100,55100,412,-0.003616636528028905
2022-11-11,55700,55700,55000,55200,1373,0.001814882032667775
2022-11-14,55200,55900,54900,55300,1743,0.0018115942028984477
2022-11-15,55600,56300,55300,55900,578,0.010849909584086825
2022-11-16,56200,56500,55500,56400,820,0.008944543828264706
2022-11-17,56400,56500,56000,56400,2463,0.0
2022-11-18,56900,56900,56100,56600,1433,0.0035460992907800915
2022-11-21,56600,56900,56500,56900,3553,0.005300353356890497
2022-11-22,56900,57100,56700,56900,2191,0.0
2022-11-23,57100,57300,56900,57300,828,0.007029876977152849
2022-11-24,57400,57500,57100,57500,900,0.003490401396160525
2022-11-25,57300,57900,57000,57900,2006,0.006956521739130528
2022-11-28,57800,57900,57200,57700,1295,-0.003454231433506094
2022-11-29,57500,58000,57200,57800,1003,0.0017331022530329143
2022-11-30,58100,58100,57100,58000,7081,0.0034602076124568004
2022-12-01,58000,58100,57600,58000,1045,0.0
2022-12-02,58000,58100,57400,57800,773,-0.0034482758620689724
2022-12-05,57700,57900,57500,57500,2200,-0.00519031141868509
2022-12-06,57900,57900,57500,57500,378,0.0
2022-12-07,57600,57700,57200,57700,297,0.003478260869565153
2022-12-08,57300,58100,57200,57600,838,-0.0017331022530329143
2022-12-09,57000,57900,56600,57900,4484,0.005208333333333259
2022-12-12,57800,57800,56800,57100,1554,-0.013816925734024155
2022-12-13,57100,57700,57000,57400,1845,0.005253940455341555
2022-12-14,57400,57800,57100,57600,877,0.0034843205574912606
2022-12-15,57700,57700,57000,57600,2097,0.0
2022-12-16,57100,58000,57100,57500,1179,-0.0017361111111111605
2022-12-19,57500,57600,57200,57600,545,0.0017391304347826875
2022-12-20,57600,57600,57200,57600,1783,0.0
2022-12-21,57600,58400,56900,58400,6291,0.01388888888888884
2022-12-22,58200,59000,57900,59000,3120,0.010273972602739656
2022-12-23,58400,58400,58000,58300,1761,-0.011864406779661052
2022-12-26,58200,58200,57800,58100,1025,-0.0034305317324184736
2022-12-27,58000,58200,58000,58100,3168,0.0
2022-12-28,57800,57900,57400,57500,1993,-0.0103270223752151
2022-12-29,57500,57500,56800,57100,2112,-0.006956521739130417
2023-01-02,57100,57100,56600,57000,1773,-0.0017513134851138146
2023-01-03,57100,57300,56500,57200,543,0.0035087719298245723
2023-01-04,57500,57500,57100,57100,745,-0.0017482517482517723
2023-01-05,58000,58000,56600,56600,1029,-0.008756567425569184
2023-01-06,56600,57200,56300,56300,1640,-0.005300353356890497
2023-01-09,56300,57500,56200,56700,895,0.007104795737122638
2023-01-10,56900,57500,56700,56800,729,0.0017636684303350414
2023-01-11,57700,57700,56700,56700,1503,-0.0017605633802817433
2023-01-12,56900,57500,56900,57300,701,0.010582010582010692
2023-01-13,57300,58100,57300,58100,1283,0.013961605584642323
2023-01-16,58100,58500,58000,58300,1129,0.0034423407917383297
2023-01-17,58500,58700,58000,58000,1588,-0.005145797598627766
2023-01-18,58400,58400,57600,58000,2807,0.0
2023-01-19,58000,58200,57600,58100,786,0.0017241379310344307
2023-01-20,58100,58600,57200,58600,1947,0.008605851979345935
2023-01-25,58600,58700,58200,58200,1751,-0.0068259385665528916
2023-01-26,58300,58500,58200,58400,1416,0.0034364261168384758
2023-01-27,58400,58600,58200,58400,3008,0.0
2023-01-30,58300,58500,58200,58500,2362,0.001712328767123239
2023-01-31,58500,59400,58300,58700,3401,0.0034188034188034067
2023-02-01,58700,58800,58400,58700,3701,0.0
2023-02-02,58700,59100,58500,58700,2061,0.0
2023-02-03,58700,58800,58300,58400,2636,-0.005110732538330498
2023-02-06,58400,59300,58200,59300,1998,0.015410958904109595
2023-02-07,59000,59200,58900,59100,1211,-0.003372681281618939
2023-02-08,59000,59100,58700,59100,1396,0.0
2023-02-09,59100,59600,58700,59300,1537,0.0033840947546530664
2023-02-10,59200,59200,58600,59000,1220,-0.005059021922428353
2023-02-13,59000,59000,58700,58800,873,-0.003389830508474523
2023-02-14,58800,59000,58500,58900,1645,0.001700680272108901
2023-02-15,58900,59100,58500,59100,3149,0.00339558573853993
2023-02-16,59100,59600,59000,59300,4997,0.0033840947546530664
2023-02-17,59100,59400,58800,59200,3110,-0.001686340640809414
2023-02-20,59400,59700,59000,59200,2794,0.0
2023-02-21,59200,60100,59000,60100,5801,0.01520270270270263
2023-02-22,59700,60600,59700,60600,3487,0.008319467554076532
2023-02-23,60600,60700,60000,60200,2152,-0.0066006600660065695
2023-02-24,60200,60300,60000,60100,601,-0.0016611295681062677
2023-02-27,60100,60200,59900,60100,600,0.0
2023-02-28,60100,60500,59700,60100,3120,0.0
2023-03-02,60100,60300,59800,60000,2183,-0.0016638935108153063
2023-03-03,60000,60200,59900,60000,2602,0.0
2023-03-06,60200,60200,59700,60000,2164,0.0
2023-03-07,60200,60200,59800,60000,2126,0.0
2023-03-08,60200,60200,59800,60100,2098,0.0016666666666667052
2023-03-09,60200,60200,59800,60000,2796,-0.0016638935108153063
2023-03-10,60000,60000,59700,60000,1688,0.0
2023-03-13,59900,59900,59400,59500,1109,-0.008333333333333304
2023-03-14,59500,59900,58200,58900,3304,-0.010084033613445342
2023-03-15,59000,59700,59000,59100,999,0.00339558573853993
2023-03-16,59100,59100,58200,58600,2238,-0.008460236886632777
2023-03-17,59000,59000,58200,58400,1987,-0.0034129692832765013
2023-03-20,58400,59100,58000,58100,3546,-0.005136986301369828
2023-03-21,58200,58400,57800,57900,2757,-0.0034423407917383297
2023-03-22,58500,58600,57700,57900,4584,0.0
2023-03-23,58600,58700,57900,58600,3354,0.012089810017271052
2023-03-24,58900,59200,58800,59000,3467,0.006825938566553003
2023-03-27,59000,59100,58500,59000,3019,0.0
2023-03-28,58900,59300,58900,58900,3820,-0.0016949152542372614
2023-03-29,59000,59200,58500,59000,10583,0.001697792869269854
2023-03-30,56900,57000,55500,55900,8475,-0.05254237288135588
2023-03-31,55900,56200,55300,55800,3890,-0.0017889087656529634
2023-04-03,55800,56100,55100,55500,3285,-0.005376344086021501
2023-04-04,55100,55900,55100,55900,721,0.007207207207207134
2023-04-05,56000,56100,55200,55300,1582,-0.01073345259391767
2023-04-06,55400,55500,54900,55000,1528,-0.005424954792043413
2023-04-07,55000,55400,54600,54800,1021,-0.0036363636363636598
2023-04-10,54800,55200,54700,55000,1035,0.0036496350364962904
2023-04-11,55100,55400,54900,55200,1018,0.0036363636363636598
2023-04-12,55300,55500,55100,55100,1046,-0.0018115942028985588
2023-04-13,55300,55500,54800,55100,822,0.0
2023-04-14,55200,55700,55200,55500,662,0.007259528130671544
2023-04-17,56600,56600,55300,55600,737,0.0018018018018017834
2023-04-18,56100,56100,54700,55300,1679,-0.0053956834532373765
2023-04-19,55300,56400,55300,55500,1020,0.003616636528029016
2023-04-20,55500,56000,55400,55400,290,-0.0018018018018017834
2023-04-21,55400,55400,55000,55100,305,-0.005415162454873612
2023-04-24,55100,55500,54800,55100,327,0.0
2023-04-25,55300,55300,54800,55200,757,0.001814882032667775
2023-04-26,55400,55400,54700,55200,790,0.0
2023-04-27,55500,55500,54800,55400,1033,0.0036231884057971175
2023-04-28,55400,55500,55000,55500,601,0.0018050541516245744
2023-05-02,55400,55800,55300,55800,1145,0.00540540540540535
2023-05-03,55800,56000,55500,55600,937,-0.0035842293906810374
2023-05-04,55600,56000,55500,55700,777,0.0017985611510791255
2023-05-08,55100,56100,55000,55300,1351,-0.007181328545781018
2023-05-09,55300,55600,55100,55500,780,0.003616636528029016
2023-05-10,55900,55900,55300,55600,616,0.0018018018018017834
2023-05-11,55600,56000,55400,56000,912,0.007194244604316502
2023-05-12,56100,56100,55200,55200,712,-0.014285714285714235
2023-05-15,55300,55700,55200,55500,309,0.005434782608695565
2023-05-16,55500,55800,55100,55600,291,0.0018018018018017834
2023-05-17,56000,56000,55400,55500,385,-0.0017985611510791255
2023-05-18,56000,56000,55400,55500,724,0.0
2023-05-19,55600,55900,55600,55600,161,0.0018018018018017834
2023-05-22,55600,56000,55600,55800,322,0.003597122302158251
2023-05-23,55800,55900,55600,55600,1342,-0.0035842293906810374
2023-05-24,55700,55700,55400,55500,304,-0.0017985611510791255
2023-05-25,55700,55800,55400,55500,262,0.0
2023-05-26,55900,56000,55300,55500,923,0.0
2023-05-30,55500,55800,55000,55300,1198,-0.003603603603603567
2023-05-31,55800,55800,53500,53500,14069,-0.032549728752260365
2023-06-01,55000,55400,55000,55300,987,0.03364485981308407
2023-06-02,55300,55500,55200,55500,504,0.003616636528029016
2023-06-05,55800,55900,55500,55600,723,0.0018018018018017834
2023-06-07,55600,55600,54900,55100,7836,-0.008992805755395739
2023-06-08,55100,55900,55000,55200,1017,0.001814882032667775
2023-06-09,55200,55500,55100,55500,1133,0.005434782608695565
2023-06-12,55500,55700,55200,55400,2200,-0.0018018018018017834
2023-06-13,55700,56100,55300,55400,2224,0.0
2023-06-14,55400,56300,55400,56300,2165,0.016245487364620947
2023-06-15,55700,55800,55100,55300,979,-0.017761989342806372
2023-06-16,55400,56200,55200,55700,1000,0.00723327305605781
2023-06-19,55700,55800,55500,55800,651,0.0017953321364452268
2023-06-20,56000,56000,55300,55300,796,-0.008960573476702538
2023-06-21,55300,55500,55000,55200,968,-0.001808318264014508
2023-06-22,55300,55400,55100,55200,359,0.0
2023-06-23,55200,56500,55100,55100,988,-0.0018115942028985588
2023-06-26,55200,56100,55200,55400,460,0.005444646098003547
2023-06-27,55400,55500,55000,55500,632,0.0018050541516245744
2023-06-28,55400,55900,55300,55500,350,0.0
2023-06-29,55500,56300,55300,55400,1235,-0.0018018018018017834
2023-06-30,55400,55700,55300,55700,523,0.005415162454873723
2023-07-03,56000,56200,55100,55500,785,-0.0035906642728904536
2023-07-04,55500,56000,55400,55500,1769,0.0
2023-07-05,55800,56000,55300,55300,2672,-0.003603603603603567
2023-07-06,55100,56500,55100,56500,932,0.02169981916817365
2023-07-07,55900,56000,54900,56000,2363,-0.008849557522123908
2023-07-10,55400,56000,55400,55400,1417,-0.010714285714285676
2023-07-11,55500,56000,55400,55800,2338,0.0072202166064982976
2023-07-12,55800,56000,55600,55800,2011,0.0
2023-07-13,55800,55900,55600,55700,865,-0.0017921146953404632
2023-07-14,55600,56000,55400,56000,2571,0.0053859964093356805
2023-07-17,56000,56000,55500,55600,1855,-0.0071428571428571175
2023-07-18,55800,55800,55200,55300,1727,-0.0053956834532373765
2023-07-19,55300,55800,55300,55300,551,0.0
2023-07-20,55500,55800,55300,55300,1194,0.0
2023-07-21,55300,55600,55200,55600,3729,0.005424954792043302
2023-07-24,55600,55600,55100,55200,1022,-0.007194244604316502
2023-07-25,55200,55500,55100,55300,2229,0.0018115942028984477
2023-07-26,55300,55600,54900,55100,7298,-0.003616636528028905
2023-07-27,55100,55700,54900,55100,2072,0.0
2023-07-28,55100,55800,55000,55600,807,0.00907441016333932
2023-07-31,55800,55800,55100,55800,4430,0.003597122302158251
2023-08-01,56000,56000,55600,55900,759,0.0017921146953405742
2023-08-02,55900,56000,55600,55900,888,0.0
2023-08-03,56000,56000,55500,55500,506,-0.007155635062611854
2023-08-04,55500,56000,55500,55700,500,0.003603603603603567
2023-08-07,55900,55900,55600,55800,477,0.0017953321364452268
2023-08-08,55900,55900,55500,55600,772,-0.0035842293906810374
2023-08-09,55600,56500,55500,56000,2156,0.007194244604316502
2023-08-10,56000,56000,55600,55600,573,-0.0071428571428571175
2023-08-11,55600,55800,55500,55600,848,0.0
2023-08-14,55600,56300,55300,56300,3854,0.012589928057553879
2023-08-16,56100,56100,55600,55700,951,-0.010657193605683846
2023-08-17,55500,56400,55500,55900,772,0.0035906642728904536
2023-08-18,55900,56000,55500,55600,675,-0.00536672629695889
2023-08-21,56100,56100,55500,56100,331,0.008992805755395628
2023-08-22,56100,56100,55500,55600,3102,-0.0089126559714795
2023-08-23,55600,55900,55600,55900,167,0.0053956834532373765
2023-08-24,55800,56300,55400,55900,663,0.0
2023-08-25,56300,56300,55500,56100,293,0.003577817531305927
2023-08-28,56300,56300,55500,56000,728,-0.0017825311942959443
2023-08-29,56000,56200,55800,56100,469,0.0017857142857142794
2023-08-30,56000,56200,55800,56100,769,0.0
2023-08-31,56200,56300,55700,56300,1544,0.0035650623885918886
2023-09-01,56000,56300,55800,56000,386,-0.005328596802841923
2023-09-04,55900,56300,55700,55900,1203,-0.0017857142857142794
2023-09-05,55900,56000,55300,55300,4656,-0.01073345259391767
2023-09-06,55400,55900,55300,55800,2337,0.009041591320072317
2023-09-07,55900,56000,55600,55700,231,-0.0017921146953404632
2023-09-08,55700,55900,55600,55700,604,0.0
2023-09-11,55800,56200,55800,56100,841,0.007181328545780907
2023-09-12,56100,56200,56000,56100,450,0.0
2023-09-13,55700,56100,55500,55600,1735,-0.0089126559714795
2023-09-14,55600,56100,55500,55800,3086,0.003597122302158251
2023-09-15,56000,56300,55800,56200,663,0.007168458781362075
2023-09-18,56200,56300,55900,56200,816,0.0
2023-09-19,56400,56500,56000,56400,1205,0.003558718861210064
2023-09-20,56400,56500,56200,56500,903,0.0017730496453900457
2023-09-21,56700,56700,55600,55600,908,-0.015929203539822967
2023-09-22,55700,56200,55500,56200,1515,0.010791366906474753
2023-09-25,56200,56300,55700,56300,733,0.001779359430605032
2023-09-26,56300,56300,55500,55600,694,-0.01243339253996445
2023-09-27,56300,56300,55700,56100,197,0.008992805755395628
2023-10-04,56200,56200,55500,55500,652,-0.010695187165775444
2023-10-05,56000,56500,55500,55900,2155,0.007207207207207134
2023-10-06,55900,56100,55700,56100,1038,0.003577817531305927
2023-10-10,56100,56300,56000,56100,610,0.0
2023-10-11,56100,56600,55800,56000,1703,-0.0017825311942959443
2023-10-12,56000,56300,55600,56100,1869,0.0017857142857142794
2023-10-13,56100,56300,55000,55800,1403,-0.005347593582887722
2023-10-16,55800,56200,55700,55800,645,0.0
2023-10-17,55800,56000,55500,55700,833,-0.0017921146953404632
2023-10-18,55800,56900,55700,56700,4243,0.01795332136445249
2023-10-19,56600,57000,55900,56700,708,0.0
2023-10-20,56700,56700,56000,56100,1011,-0.010582010582010581
2023-10-23,56200,56600,55800,55800,1061,-0.005347593582887722
2023-10-24,55900,56500,55500,56400,2959,0.010752688172043001
2023-10-25,56400,56700,56200,56700,1007,0.005319148936170137
2023-10-26,56800,56800,56300,56400,796,-0.005291005291005346
2023-10-27,56600,56700,56000,56500,2924,0.0017730496453900457
2023-10-30,56500,56700,56000,56000,702,-0.008849557522123908
2023-10-31,56100,56300,55800,56000,2282,0.0
2023-11-01,56000,56300,55900,56300,734,0.005357142857142838
2023-11-02,56200,56300,56000,56300,1615,0.0
2023-11-03,56300,56400,56000,56100,590,-0.003552397868561319
2023-11-06,56300,56700,56200,56500,2028,0.007130124777183555
2023-11-07,56800,56800,56400,56500,1750,0.0
2023-11-08,56900,57000,56400,56400,1367,-0.001769911504424737
2023-11-09,56500,56700,56300,56400,1027,0.0
2023-11-10,56500,56700,56000,56200,4665,-0.0035460992907800915
2023-11-13,56100,56700,56100,56300,1036,0.001779359430605032
2023-11-14,56300,56900,56300,56700,1232,0.007104795737122638
2023-11-15,56800,57400,56700,57400,925,0.012345679012345734
2023-11-16,58100,58300,57500,58200,2083,0.013937282229965264
2023-11-17,58200,58500,57600,58400,999,0.0034364261168384758
2023-11-20,58400,58700,58200,58500,1008,0.001712328767123239
2023-11-21,58600,58900,58300,58600,1070,0.0017094017094017033
2023-11-22,58600,58600,58300,58300,248,-0.005119453924914641
2023-11-23,58300,58300,58000,58300,832,0.0
2023-11-24,58300,58500,58000,58400,790,0.0017152658662091813
2023-11-27,58900,59300,58700,59200,1558,0.013698630136986356
2023-11-28,59000,59300,58600,59200,1190,0.0
2023-11-29,59200,59200,58700,58800,304,-0.006756756756756799
2023-11-30,58800,60600,57900,60600,6722,0.030612244897959107
2023-12-01,60500,60700,59500,60400,5521,-0.0033003300330033403
2023-12-04,60400,60500,60000,60400,2293,0.0
2023-12-05,60100,60500,60000,60500,1849,0.0016556291390728006
2023-12-06,59900,60500,59900,60200,1418,-0.0049586776859503745
2023-12-07,60200,60400,60000,60300,2139,0.0016611295681063787
2023-12-08,60400,60400,60000,60300,2444,0.0
2023-12-11,60300,60300,59700,60200,985,-0.0016583747927031434
2023-12-12,59500,60200,59300,59400,1485,-0.013289036544850474
2023-12-13,59500,59900,59000,59000,3136,-0.006734006734006703
2023-12-14,59500,59800,59000,59000,3971,0.0
2023-12-15,59000,60400,59000,60400,3934,0.023728813559322104
2023-12-18,60400,60400,59300,59700,1626,-0.011589403973509937
2023-12-19,59700,59700,59300,59400,1053,-0.005025125628140725
2023-12-20,59500,59800,59400,59700,1240,0.005050505050504972
2023-12-21,60200,60300,59400,59500,1705,-0.00335008375209378
2023-12-22,59600,60000,59000,59300,612,-0.003361344537815114
2023-12-26,59100,59500,59000,59200,1616,-0.001686340640809414
2023-12-27,59000,59800,58800,59800,1010,0.010135135135135087
2023-12-28,59800,59800,59500,59500,942,-0.0050167224080267525
2024-01-02,59900,59900,59500,59600,2486,0.001680672268907557
2024-01-03,59100,59400,59000,59000,872,-0.010067114093959773
2024-01-04,59700,59700,59000,59000,1563,0.0
2024-01-05,58600,59300,58600,58600,877,-0.006779661016949157
2024-01-08,58800,58900,58500,58600,1035,0.0
2024-01-09,58800,59800,58600,59200,895,0.010238907849829282
2024-01-10,59200,59200,58700,58700,794,-0.008445945945945943
2024-01-11,58700,59100,58500,58600,871,-0.0017035775127768327
2024-01-12,58600,59400,58600,59400,1152,0.013651877133105783
2024-01-15,58900,59500,58900,59000,1421,-0.006734006734006703
2024-01-16,59000,59200,58700,59200,2587,0.003389830508474523
2024-01-17,59200,59400,58500,58700,1193,-0.008445945945945943
2024-01-18,59300,59500,58500,58800,1559,0.0017035775127767216
2024-01-19,59300,59300,58800,59000,1392,0.00340136054421758
2024-01-22,59500,59500,59000,59300,806,0.005084745762711895
2024-01-23,59300,59300,59000,59100,2605,-0.003372681281618939
2024-01-24,59100,59200,58800,58800,2520,-0.005076142131979711
2024-01-25,58900,59200,58800,59100,834,0.005102040816326481
2024-01-26,59400,60400,59400,59900,7743,0.013536379018612488
2024-01-29,60100,60500,59900,60400,3167,0.008347245409014992
2024-01-30,60700,62900,60600,62500,18878,0.0347682119205297
2024-01-31,62200,62500,61200,61900,6353,-0.009600000000000053
2024-02-01,61700,63300,61200,63000,13606,0.017770597738287597
2024-02-02,63200,63700,61900,63100,11559,0.0015873015873015817
2024-02-05,63200,64000,61600,63900,11632,0.01267828843106189
2024-02-06,63900,65700,63100,65500,17470,0.025039123630672844
2024-02-07,65500,67000,64600,66800,11918,0.01984732824427482
2024-02-08,67000,67100,66500,67000,6704,0.0029940119760478723
2024-02-13,67000,68900,67000,68900,10386,0.028358208955223896
2024-02-14,68800,69500,68100,69200,4965,0.004354136429608024
2024-02-15,69600,69600,67200,67300,11114,-0.027456647398843903
2024-02-16,67300,67900,65000,67100,7274,-0.002971768202080227
2024-02-19,68000,69000,67300,68500,14132,0.02086438152011927
2024-02-20,68600,69000,67300,67500,6298,-0.014598540145985384
2024-02-21,67500,68000,66500,67200,19683,-0.004444444444444473
2024-02-22,67100,67300,66900,67300,5522,0.0014880952380953438
2024-02-23,67700,69000,67500,68500,9175,0.017830609212481363
2024-02-26,67500,68300,65200,65700,5858,-0.040875912408759096
2024-02-27,65000,66500,64800,65600,1991,-0.0015220700152207556
2024-02-28,65600,66800,65100,66800,6038,0.018292682926829285
2024-02-29,66600,67100,66100,66100,5053,-0.010479041916167664
2024-03-04,66000,67500,65900,66100,6708,0.0
2024-03-05,66100,67900,65800,66800,8281,0.010590015128593144
2024-03-06,66800,67100,66000,66100,3321,-0.010479041916167664
2024-03-07,66100,67000,66000,66000,3839,-0.001512859304084735
2024-03-08,66100,66500,65600,66500,12403,0.007575757575757569
2024-03-11,66700,66700,66000,66500,3270,0.0
2024-03-12,67000,67000,66100,66700,1500,0.003007518796992459
2024-03-13,66700,67700,66300,67400,8078,0.010494752623688264
2024-03-14,67200,69400,67000,68200,9061,0.011869436201780381
2024-03-15,69000,69200,68000,68800,6000,0.008797653958944274
2024-03-18,68900,68900,66200,67100,13189,-0.02470930232558144
2024-03-19,67700,67700,66800,67200,1624,0.0014903129657228842
2024-03-20,67200,67800,66600,67200,2835,0.0
2024-03-21,67400,67800,66800,67400,6932,0.0029761904761904656
2024-03-22,67700,67800,67000,67200,1194,-0.0029673590504450953
2024-03-25,67200,68800,66500,68700,13096,0.022321428571428603
2024-03-26,68700,69100,68200,68700,6189,0.0
2024-03-27,68700,68700,67200,67500,9297,-0.017467248908296984
2024-03-28,64900,64900,63500,63700,13556,-0.05629629629629629
2024-03-29,63800,64300,62500,62600,6520,-0.017268445839874413
2024-04-01,62500,64300,62400,64300,7048,0.02715654952076685
2024-04-02,64200,64200,63600,63900,2856,-0.0062208398133748455
2024-04-03,63900,64300,63800,64000,4233,0.0015649452269170805
2024-04-04,64000,65200,64000,64400,5728,0.006250000000000089
2024-04-05,64400,65100,64300,64400,3973,0.0
2024-04-08,64400,65000,64400,65000,1346,0.009316770186335477
2024-04-09,65100,65400,64500,64800,4375,-0.003076923076923088
2024-04-11,64200,65200,64000,64700,5911,-0.0015432098765432167
2024-04-12,65000,65500,64400,64900,3233,0.0030911901081915882
2024-04-15,64500,64500,63500,64500,4478,-0.006163328197226536
2024-04-16,64500,64700,63700,64000,5235,-0.007751937984496138
2024-04-17,64700,64800,62600,63300,4659,-0.010937500000000044
2024-04-18,63300,64200,63200,63800,4623,0.00789889415481837
2024-04-19,63700,65000,63300,64900,5336,0.01724137931034475
2024-04-22,64900,66500,64900,66300,2743,0.02157164869029282
2024-04-23,66200,66700,65700,65700,1495,-0.009049773755656076
2024-04-24,65800,66700,65000,65400,2320,-0.004566210045662156
2024-04-25,65400,68900,65400,68900,7470,0.05351681957186538
2024-04-26,68000,68500,66000,68500,10395,-0.005805515239477477
2024-04-29,68300,68300,66900,67000,9301,-0.021897810218978075
2024-04-30,66800,67700,66700,67700,3705,0.010447761194029903
2024-05-02,67700,68700,66500,67300,16599,-0.005908419497784312
2024-05-03,67500,68400,67500,68000,2470,0.010401188707280795
2024-05-07,67900,68500,67700,68400,4080,0.00588235294117645
2024-05-08,69000,69200,68100,68900,3716,0.007309941520467822
2024-05-09,69000,69000,68400,68400,2236,-0.007256894049346929
2024-05-10,68400,69000,68000,68100,5514,-0.004385964912280715
2024-05-13,68700,68700,67200,67900,4521,-0.002936857562408246
2024-05-14,67900,69000,67400,67800,4267,-0.0014727540500736325
2024-05-16,67800,68600,67300,67900,4492,0.001474926253687281
2024-05-17,68400,69200,68000,68800,6485,0.013254786450662692
2024-05-20,68800,69200,68000,68000,2398,-0.011627906976744207
2024-05-21,68500,68500,67500,67900,3429,-0.0014705882352941124
2024-05-22,68400,68400,67500,67600,2078,-0.004418262150220897
2024-05-23,67600,68100,67200,67200,2333,-0.00591715976331364
2024-05-24,67000,67200,66600,66600,2249,-0.008928571428571397
2024-05-27,66600,67700,66100,66200,1972,-0.006006006006005982
2024-05-28,67000,68300,66300,67600,2619,0.02114803625377637
2024-05-29,68300,69200,67600,68700,11537,0.016272189349112454
2024-05-30,68700,70300,68500,69900,11255,0.017467248908296984
2024-05-31,70300,72800,69900,72800,15220,0.0414878397711016
2024-06-03,72800,74700,71900,74000,15327,0.016483516483516425
2024-06-04,74400,76300,73200,75400,13796,0.018918918918918948
2024-06-05,75400,75700,74500,75000,5311,-0.0053050397877983935
2024-06-07,74800,75000,73500,75000,5083,0.0
2024-06-10,74300,74900,73300,74600,8938,-0.005333333333333301
2024-06-11,74600,74800,73300,73500,3486,-0.014745308310991967
2024-06-12,74000,74000,70900,72300,8880,-0.01632653061224487
2024-06-13,72100,72200,71300,71400,3622,-0.012448132780082943
2024-06-14,71400,74200,70400,74200,10854,0.03921568627450989
2024-06-17,73000,73000,71200,71500,3761,-0.03638814016172509
2024-06-18,71500,71800,71300,71600,3979,0.0013986013986013734
2024-06-19,71800,72300,71000,71200,3338,-0.005586592178770999
2024-06-20,71000,72300,70500,72200,3919,0.014044943820224809
2024-06-21,71900,72200,70700,71800,3547,-0.005540166204986097
2024-06-24,71700,72500,70800,71400,3636,-0.005571030640668551
2024-06-25,71400,71400,70800,71100,1861,-0.004201680672268893
2024-06-26,71100,71200,69800,71200,4792,0.0014064697609001975
2024-06-27,71000,71900,70000,71900,4145,0.00983146067415741
2024-06-28,71900,72400,71100,71800,1928,-0.0013908205841446364
2024-07-01,71700,71700,71000,71200,870,-0.00835654596100277
2024-07-02,71100,71500,70800,71500,2333,0.004213483146067398
2024-07-03,71500,71500,70700,71100,3208,-0.005594405594405605
2024-07-04,71400,72300,70900,72200,4344,0.015471167369901506
2024-07-05,72200,72600,71600,71900,5967,-0.0041551246537395725
2024-07-08,71800,71900,71500,71800,2018,-0.0013908205841446364
2024-07-09,71900,72400,71600,71600,4557,-0.0027855153203342198
2024-07-10,71700,71700,71300,71500,5026,-0.0013966480446927498
2024-07-11,71600,71700,71200,71200,6021,-0.004195804195804231
2024-07-12,71900,71900,70800,71200,5900,0.0
2024-07-15,71200,71700,71100,71400,2779,0.002808988764045006
2024-07-16,71800,71800,70900,71200,4157,-0.0028011204481792618
2024-07-17,71200,72000,71200,71600,3369,0.00561797752808979
2024-07-18,71600,71900,71000,71200,9537,-0.005586592178770999
2024-07-19,71200,71200,70400,71200,3678,0.0
2024-07-22,71200,71200,70000,70000,2642,-0.016853932584269704
2024-07-23,70200,70400,69500,70000,10632,0.0
2024-07-24,70000,70800,69800,70700,4461,0.010000000000000009
2024-07-25,70200,70800,69800,70400,1693,-0.004243281471004279
2024-07-26,69700,71300,69700,71200,2548,0.011363636363636465
2024-07-29,71200,72200,70600,71900,2999,0.00983146067415741
2024-07-30,71600,72800,71500,72300,3781,0.0055632823365785455
2024-07-31,72700,72900,71800,72900,6857,0.008298755186721962
2024-08-01,72900,73300,72600,73200,3640,0.004115226337448652
2024-08-02,72800,73100,71400,72800,4695,-0.005464480874316946
2024-08-05,72100,72300,68800,70500,16731,-0.03159340659340659
2024-08-06,70500,71900,70100,71300,13072,0.01134751773049647
2024-08-07,71300,72300,70600,72000,7060,0.009817671809256634
2024-08-08,70900,75900,70900,75200,12526,0.04444444444444451
2024-08-09,75000,75500,74200,74900,4033,-0.003989361702127714
2024-08-12,74200,75100,74000,74000,2715,-0.012016021361815787
2024-08-13,74700,75500,73900,74800,2614,0.0108108108108107
2024-08-14,74700,75300,74200,74900,2657,0.0013368983957218195
2024-08-16,74400,75500,74400,74700,2192,-0.002670226969292422
2024-08-19,74900,80600,74500,79900,27908,0.06961178045515393
2024-08-20,80300,81600,78700,80500,29407,0.007509386733416834
2024-08-21,78400,83400,78400,82700,13178,0.027329192546583947
2024-08-22,82500,86000,81400,84600,29890,0.022974607013301007
2024-08-23,84600,84600,81200,82600,8248,-0.023640661938534313
2024-08-26,82600,82700,79500,82500,12372,-0.001210653753026647
2024-08-27,80900,81600,79800,80100,5242,-0.029090909090909056
2024-08-28,80000,81900,79600,81600,15483,0.01872659176029967
2024-08-29,81000,83200,81000,81900,4810,0.003676470588235281
2024-08-30,83000,83000,81500,82000,9316,0.0012210012210012167
2024-09-02,81500,82800,81400,81900,4576,-0.0012195121951219523
2024-09-03,81900,82400,80600,82100,6268,0.0024420024420024333
2024-09-04,81500,83200,81300,82500,11214,0.004872107186357999
2024-09-05,82500,82600,81400,82000,6416,-0.0060606060606061
2024-09-06,82000,82800,81000,82000,4417,0.0
2024-09-09,81000,82500,80600,81300,3198,-0.008536585365853666
2024-09-10,81300,82300,80600,80600,4924,-0.008610086100861003
2024-09-11,80500,81800,79200,79400,12310,-0.01488833746898266
2024-09-12,79400,83000,77500,81400,34684,0.025188916876574208
2024-09-13,81100,83900,81100,81600,8726,0.002457002457002533
2024-09-19,81600,83000,79600,80300,11548,-0.015931372549019662
2024-09-20,80300,80900,78300,78500,13747,-0.02241594022415938
2024-09-23,78500,79900,77700,79500,2981,0.01273885350318471
2024-09-24,78600,80900,78500,78600,2070,-0.01132075471698113
2024-09-25,79400,79400,77600,77600,3712,-0.012722646310432517
2024-09-26,78900,79000,77600,78900,2056,0.01675257731958757
2024-09-27,78300,82700,78100,79000,4067,0.0012674271229404788
2024-09-30,81000,81000,78100,79200,2083,0.0025316455696202667
2024-10-02,79600,79600,78600,78600,2121,-0.007575757575757569
2024-10-04,78300,79800,78100,78600,2087,0.0
2024-10-07,78700,80800,78500,80200,1918,0.020356234096692072
2024-10-08,80800,82200,80100,82200,6264,0.02493765586034913
2024-10-10,81600,85400,81100,84700,8378,0.03041362530413627
2024-10-11,84700,84900,83600,83600,4280,-0.012987012987012991
2024-10-14,83600,84000,82800,82900,2890,-0.00837320574162681
2024-10-15,82900,84000,82900,83700,2341,0.00965018094089265
2024-10-16,83600,84300,82800,82900,1614,-0.009557945041816063
2024-10-17,82900,84500,82900,83400,1719,0.006031363088057962
2024-10-18,83000,84500,83000,83000,2357,-0.004796163069544335
2024-10-21,82600,84200,81800,82100,1394,-0.010843373493975905
2024-10-22,82100,82800,81700,81900,1149,-0.0024360535931789995
2024-10-23,81700,82000,81500,81500,1288,-0.004884004884004867
2024-10-24,81600,82300,81000,82300,2213,0.009815950920245342
2024-10-25,82600,83000,80500,81100,2083,-0.014580801944106936
2024-10-28,82300,82300,80200,80300,1014,-0.009864364981504337
2024-10-29,80400,82000,80100,81100,2019,0.00996264009962644
2024-10-30,81100,81100,80100,80200,1713,-0.011097410604192337
2024-10-31,80100,82200,79900,82000,5220,0.02244389027431426
2024-11-01,82200,82200,80000,81500,5131,-0.0060975609756097615
2024-11-04,81500,82000,80100,80500,1719,-0.012269938650306789
2024-11-05,80500,81200,80000,80200,1331,-0.003726708074534124
2024-11-06,80200,80500,80000,80400,1730,0.0024937655860348684
2024-11-07,80400,81500,80100,80700,2541,0.003731343283582156
2024-11-08,81000,81200,80000,80000,1934,-0.008674101610904539
2024-11-11,80100,80200,79600,80000,1840,0.0
2024-11-12,79500,80300,78500,78600,3850,-0.01749999999999996
2024-11-13,79900,79900,77700,77800,4161,-0.010178117048346036
2024-11-14,78900,78900,76500,77500,3858,-0.003856041131105381
2024-11-15,77500,78400,77000,77400,1709,-0.001290322580645209
2024-11-18,77700,79100,77500,77800,1688,0.0051679586563306845
2024-11-19,77800,78800,77500,78100,2564,0.003856041131105492
2024-11-20,78200,79100,78000,78600,1143,0.006402048655569814
2024-11-21,77800,78700,77800,78100,2064,-0.006361323155216314
2024-11-22,78100,78900,77700,78900,681,0.010243277848911658
2024-11-25,79000,79400,78200,79200,1796,0.0038022813688212143
2024-11-26,79300,79800,78500,79400,1705,0.002525252525252597
2024-11-27,79600,79600,78100,78700,1355,-0.008816120906801062
2024-11-28,79000,79300,78300,78300,1504,-0.0050825921219822545
2024-11-29,78400,78600,77500,77500,2015,-0.010217113665389577
2024-12-02,77700,77700,76600,76700,2676,-0.010322580645161339
2024-12-03,76700,79000,76700,78900,3902,0.028683181225554133
2024-12-04,77800,78800,77300,77700,2376,-0.01520912547528519
2024-12-05,77700,78900,76200,76200,3622,-0.019305019305019266
2024-12-06,76200,77300,75700,76500,3560,0.003937007874015741
2024-12-09,74600,76500,73900,74500,5053,-0.02614379084967322
2024-12-10,75000,76200,74300,74500,3353,0.0
2024-12-11,74200,77600,74200,77400,3647,0.03892617449664426
2024-12-12,77400,77400,74300,75700,16381,-0.021963824289405687
2024-12-13,75500,76100,73900,73900,9585,-0.023778071334214057
2024-12-16,74600,74800,74100,74700,2356,0.010825439783491264
2024-12-17,75400,75700,74200,75700,3823,0.01338688085676032
2024-12-18,75800,76200,74900,75700,2044,0.0
2024-12-19,75700,76200,74700,75000,2558,-0.009247027741083214
2024-12-20,75400,76200,74500,75400,3069,0.005333333333333412
2024-12-23,75400,76100,75400,76100,724,0.009283819628647105
2024-12-24,77000,77000,76100,76400,2455,0.003942181340341744
2024-12-26,76400,77500,76400,77500,5234,0.014397905759162333
2024-12-27,76700,77200,75900,76300,1416,-0.015483870967741953
2024-12-30,76100,76300,75900,76000,963,-0.003931847968545177
2025-01-02,76000,77100,75600,76300,4492,0.003947368421052699
2025-01-03,76900,77500,75800,76400,2849,0.001310615989515096
2025-01-06,77300,77300,75800,75800,2579,-0.007853403141361293
2025-01-07,76100,76300,75500,75600,2568,-0.0026385224274406704
2025-01-08,75600,76700,75600,76400,2528,0.010582010582010692
2025-01-09,77100,77100,75600,75700,2454,-0.009162303664921434
2025-01-10,76200,76200,75600,75600,2542,-0.0013210039630119352
2025-01-13,76300,76400,75600,75900,2188,0.003968253968253954
2025-01-14,77200,77200,75600,75800,1304,-0.0013175230566534468
2025-01-15,76000,76700,75600,75900,1590,0.0013192612137202797
2025-01-16,76800,76800,75500,76100,3390,0.0026350461133068936
2025-01-17,76200,76500,75700,75700,1751,-0.005256241787122251
2025-01-20,75700,76500,75700,75700,1788,0.0
2025-01-21,75800,76300,75400,75900,5283,0.0026420079260238705
2025-01-22,75900,76500,75400,76300,3771,0.005270092226614009
2025-01-23,76300,76300,75200,75400,3131,-0.011795543905635641
2025-01-24,75800,76000,75400,75900,2222,0.006631299734747964
2025-01-31,75400,76500,75400,75900,4820,0.0
2025-02-03,77000,77100,75200,75300,4824,-0.007905138339920903
2025-02-04,75300,76700,75300,76700,3037,0.01859229747675961
2025-02-05,76700,77400,76300,77400,5535,0.009126466753585305
2025-02-06,77500,79300,77500,78800,7486,0.01808785529715773
2025-02-07,78600,79200,78600,78900,3249,0.0012690355329949554
2025-02-10,79300,79300,78700,79300,4982,0.005069708491761693
2025-02-11,79600,79700,78300,79200,4124,-0.0012610340479193294
2025-02-12,78700,80500,78700,79100,4014,-0.0012626262626262985
2025-02-13,78900,79700,78400,78400,4031,-0.008849557522123908
2025-02-14,79000,81100,78500,80900,7499,0.03188775510204089
2025-02-17,81900,89000,81700,86400,40022,0.0679851668726823
2025-02-18,86300,86900,82200,86400,11751,0.0
2025-02-19,85200,86600,84200,86300,12103,-0.0011574074074074403
2025-02-20,86400,86600,85000,85000,4075,-0.015063731170335992
2025-02-21,85000,85800,84000,84400,2798,-0.007058823529411784
2025-02-24,83500,85500,83300,85500,3123,0.013033175355450233
2025-02-25,84700,87700,84700,86800,7391,0.015204678362572999
2025-02-26,86500,87400,86200,86700,3764,-0.0011520737327188613
2025-02-27,86100,87900,85800,87000,2135,0.0034602076124568004
2025-02-28,86200,86200,85100,86200,8219,-0.00919540229885063
2025-03-04,86000,87100,85200,85200,5593,-0.011600928074245953
2025-03-05,85300,85900,84100,84500,1861,-0.008215962441314506
2025-03-06,85100,87800,84100,84200,4667,-0.0035502958579881616
2025-03-07,83800,84400,82700,84200,8061,0.0
2025-03-10,84200,84400,81900,81900,9912,-0.027315914489311144
2025-03-11,81100,81100,78800,80000,25747,-0.023199023199023228
2025-03-12,80100,80900,79500,79800,6636,-0.0024999999999999467
2025-03-13,79800,80400,79500,79600,3660,-0.0025062656641604564
2025-03-14,79900,79900,79200,79600,6692,0.0
2025-03-17,78000,79100,76400,77700,27007,-0.023869346733668362
2025-03-18,79000,80900,78000,80400,16987,0.03474903474903468
2025-03-19,80900,81200,80000,80000,4546,-0.00497512437810943
2025-03-20,80000,80700,80000,80100,2987,0.0012499999999999734
2025-03-21,80100,81000,79600,80800,4776,0.008739076154806513
2025-03-24,80800,82700,80100,80700,9308,-0.0012376237623762387
2025-03-25,80100,81700,80100,80500,9980,-0.0024783147459727095
2025-03-26,82000,82500,80200,81000,10908,0.006211180124223503
2025-03-27,81300,81300,80000,80000,9212,-0.012345679012345734
2025-03-28,78100,78200,75300,77800,17327,-0.02749999999999997
2025-03-31,76000,77700,75000,75100,9541,-0.03470437017994854
2025-04-01,75100,75600,73400,73800,13695,-0.017310252996005304
2025-04-02,75000,75000,73400,74200,6370,0.005420054200542035
2025-04-03,73700,74800,72800,74700,5112,0.006738544474393482
2025-04-04,74700,75000,73000,74000,9446,-0.009370816599732268
2025-04-07,74000,74400,71000,71500,15843,-0.03378378378378377
2025-04-08,73900,74000,70000,73400,4329,0.02657342657342654
2025-04-09,73500,74400,71500,73400,5534,0.0
2025-04-10,74500,76500,73800,76300,3011,0.03950953678474112
2025-04-11,76000,77500,75300,75500,2782,-0.010484927916120546
2025-04-14,74800,76900,74800,76400,1716,0.01192052980132452
2025-04-15,76800,76800,75400,75900,2512,-0.00654450261780104
2025-04-16,76600,76900,75300,75700,2732,-0.0026350461133070047
2025-04-17,76200,76600,75300,76600,1160,0.011889035667107084
2025-04-18,76000,77500,75900,77000,1204,0.005221932114882533
2025-04-21,77000,77600,76300,77600,3760,0.007792207792207684
2025-04-22,77600,79600,77000,79100,7158,0.019329896907216426
2025-04-23,79200,79500,78600,79500,6062,0.005056890012642201
2025-04-24,79500,80300,78900,79300,4330,-0.002515723270440251
2025-04-25,79300,80100,79250,80000,6074,0.008827238335435084
2025-04-28,80000,81900,80000,81500,9016,0.018750000000000044
2025-04-29,81900,85400,81500,85300,19477,0.0466257668711656
2025-04-30,85500,90800,85300,89300,39610,0.04689331770222749
2025-05-02,89300,95400,88200,94800,37820,0.06159014557670783
2025-05-07,96800,98400,94200,97600,31277,0.029535864978903037
2025-05-08,97600,98900,91200,94400,17581,-0.032786885245901676
2025-05-09,95900,98500,94900,98400,25290,0.04237288135593231
2025-05-12,98900,109400,98700,107300,76314,0.09044715447154461
2025-05-13,109000,111000,103700,110600,36101,0.03075489282385835
2025-05-14,109800,111100,104000,107000,32482,-0.032549728752260365
2025-05-15,107100,108700,102400,106000,18300,-0.009345794392523366
2025-05-16,105000,106000,100300,102200,21496,-0.03584905660377358
2025-05-19,101200,102500,99500,101200,15081,-0.009784735812133127
2025-05-20,108400,110000,102400,109300,35584,0.0800395256916997
2025-05-21,106700,111100,106700,110900,19386,0.014638609332113361
2025-05-22,110900,113900,108400,111600,26251,0.006311992786294018
2025-05-23,111600,114500,106300,110500,25584,-0.009856630824372714
2025-05-26,110500,110500,106100,109700,21645,-0.007239819004524861
2025-05-27,108100,108100,104900,106700,15487,-0.027347310847766648
2025-05-28,107300,109500,106000,107100,15333,0.0037488284910964786
2025-05-29,107500,114000,107100,111300,82514,0.03921568627450989
2025-05-30,111900,114400,108400,111800,37421,0.004492362982928988
2025-06-02,112000,114400,103300,104600,52960,-0.06440071556350624
2025-06-04,110000,119500,108000,117800,131506,0.12619502868068833
2025-06-05,123000,124000,116900,121000,68834,0.02716468590831922
2025-06-09,125700,142000,125700,130900,122912,0.08181818181818179
2025-06-10,133400,133400,121000,123400,80766,-0.05729564553093969
2025-06-11,124500,126000,119100,126000,65740,0.021069692058346856
2025-06-12,124500,124500,121400,121400,50659,-0.03650793650793649
2025-06-13,122800,124900,115000,116000,58103,-0.04448105436573313
2025-06-16,116000,120300,115400,117200,51158,0.010344827586206806
2025-06-17,118600,127100,117300,118900,73853,0.014505119453924964
2025-06-18,119100,121900,117500,119000,38158,0.000841042893187538
2025-06-19,118700,119000,114600,117700,46253,-0.01092436974789912
2025-06-20,117700,119200,113200,118700,53239,0.008496176720475868
2025-06-23,117800,121900,114000,120400,59712,0.0143218197135635
2025-06-24,122400,126500,118000,120300,79247,-0.0008305647840531893
2025-06-25,120600,123400,119000,121900,41547,0.013300083125519446
2025-06-26,121800,121800,115200,116900,46699,-0.04101722723543888
2025-06-27,117500,117900,115800,117200,21266,0.0025662959794696683
2025-06-30,118000,121400,116500,121000,30597,0.03242320819112621
2025-07-01,122500,128000,121500,125200,39180,0.034710743801652955
2025-07-02,127500,128200,118700,120100,25913,-0.04073482428115016
2025-07-03,123200,125200,119900,122900,28529,0.023313905079100694
2025-07-04,124800,124800,117800,118100,18634,-0.039056143205858374
2025-07-07,116900,120200,116900,118300,12549,0.0016934801016088574
2025-07-08,118300,145600,117500,142000,245940,0.20033812341504653
2025-07-09,155500,175000,146500,166400,414238,0.17183098591549295
2025-07-10,162400,178600,156000,162600,264768,-0.022836538461538436
2025-07-11,166000,166100,158000,161600,108517,-0.006150061500615034
2025-07-14,160300,161000,150800,157600,101219,-0.024752475247524774
2025-07-15,159000,159700,154100,157100,64731,-0.0031725888324872775
2025-07-16,155000,155100,144700,146800,84572,-0.06556333545512416
2025-07-17,146900,148500,140000,140500,63293,-0.042915531335149915
2025-07-18,142000,142700,137400,140100,40742,-0.002846975088967918
2025-07-21,138700,140500,137600,139300,24693,-0.005710206995003575
2025-07-22,146400,156000,140500,148400,252492,0.0653266331658291
2025-07-23,144600,145400,137000,141600,77485,-0.04582210242587603
2025-07-24,140800,143300,138000,138500,60526,-0.021892655367231617
2025-07-25,137200,141400,137200,139800,20713,0.009386281588447565
2025-07-28,136900,139200,126000,128300,56076,-0.08226037195994274
2025-07-29,128100,135000,126200,130500,40252,0.017147310989867437
2025-07-30,131000,131500,127600,128200,16369,-0.017624521072796884
2025-07-31,128400,130000,126400,127900,15524,-0.002340093603744098
2025-08-01,125200,125800,118900,119000,41923,-0.06958561376075056
2025-08-04,119600,121000,117800,120500,16563,0.012605042016806678
2025-08-05,121600,129100,121000,127800,37694,0.060580912863070546
2025-08-06,125300,128900,125200,128900,10569,0.008607198748043832
2025-08-07,129700,131200,128100,130400,20628,0.011636927851047307
2025-08-08,130700,130800,126400,127100,14854,-0.02530674846625769
2025-08-11,126200,126600,123250,125300,14222,-0.014162077104642012
2025-08-12,125100,134400,125100,130500,31604,0.04150039904229841
2025-08-13,132000,132000,128800,130800,20496,0.0022988505747125743
2025-08-14,130600,132800,128900,129000,7248,-0.013761467889908285
2025-08-18,127100,130400,125000,129600,17282,0.0046511627906977715
2025-08-19,128600,131000,126100,129300,18394,-0.0023148148148147696
2025-08-20,125400,127900,121200,125000,17518,-0.03325599381283839
2025-08-21,125900,128700,125900,127500,15467,0.020000000000000018
2025-08-22,127600,129400,125100,127600,11595,0.0007843137254901489
2025-08-25,129500,135000,125500,134200,26844,0.051724137931034475
2025-08-26,134000,134000,130800,133200,18060,-0.007451564828613977
2025-08-27,132300,133400,131200,131900,15116,-0.009759759759759734
2025-08-28,132000,148000,130900,142400,94544,0.07960576194086433
2025-08-29,147500,149000,144100,149000,52393,0.0463483146067416
2025-09-01,151400,156600,148100,150700,62070,0.011409395973154268
2025-09-02,149100,150700,142500,142500,53866,-0.05441274054412737
2025-09-03,141700,142500,137900,139500,21990,-0.021052631578947323
2025-09-04,140100,140100,136500,136500,25867,-0.021505376344086002
2025-09-05,137900,138400,135000,137100,19920,0.00439560439560438
2025-09-08,139000,143000,138000,143000,35003,0.0430342815463165
2025-09-09,144800,150800,142500,146300,149477,0.023076923076922995
2025-09-10,151500,153900,148100,151800,96048,0.03759398496240607
2025-09-11,154000,155000,145100,149400,80619,-0.015810276679841917
2025-09-12,152300,152400,145100,145300,68049,-0.027443105756358777
2025-09-15,148300,154300,147300,152600,90296,0.050240880935994436
2025-09-16,152800,152900,146700,147100,47015,-0.03604193971166447
2025-09-17,147300,147500,143000,144300,30376,-0.0190346702923182
2025-09-18,146400,147300,143600,146000,23494,0.011781011781011763
2025-09-19,147500,147500,143900,145500,12303,-0.003424657534246589
2025-09-22,146100,148500,143400,146000,26853,0.0034364261168384758
2025-09-23,148200,148200,142400,142600,17767,-0.023287671232876672
2025-09-24,141500,141600,133000,134500,52364,-0.0568022440392707
2025-09-25,133300,133300,128100,131200,27326,-0.024535315985130146
2025-09-26,136200,136200,130300,131600,29212,0.0030487804878047697
2025-09-29,132900,135300,129100,132800,20136,0.00911854103343468
2025-09-30,133400,133400,130500,132400,8740,-0.003012048192771122
2025-10-01,133700,133700,130200,131600,11868,-0.0060422960725075026
2025-10-02,131800,136500,131300,135400,26573,0.028875379939209633
2025-10-10,138000,138000,133700,134400,18101,-0.00738552437223039
2025-10-13,130500,132100,129900,131000,14249,-0.02529761904761907
2025-10-14,130600,133800,130500,131000,12873,0.0
2025-10-15,131400,134400,130600,134400,12370,0.025954198473282508
2025-10-16,134500,139400,134400,137800,23789,0.02529761904761907
2025-10-17,136600,136600,133300,133500,16060,-0.031204644412191618
2025-10-20,134600,143500,131800,143400,46712,0.07415730337078652
2025-10-21,145100,145200,138300,138300,32749,-0.03556485355648531
2025-10-22,139800,139800,133300,137700,21954,-0.004338394793926281
2025-10-23,137200,137200,133200,135600,13785,-0.015250544662309351
2025-10-24,137000,139700,136100,137700,18986,0.015486725663716783
2025-10-27,142000,146100,140200,142000,37437,0.031227305737109745
2025-10-28,141300,145300,140000,142300,26781,0.0021126760563381364
2025-10-29,142800,142800,140200,142000,17980,-0.0021082220660576523
2025-10-30,143600,145100,139300,140100,26135,-0.013380281690140827
2025-10-31,141200,146900,139600,144900,46522,0.03426124197002145
2025-11-03,147100,153900,145300,153400,63559,0.05866114561766733
2025-11-04,152600,152600,143900,143900,53828,-0.06192959582790092
2025-11-05,141900,142100,136300,140500,31915,-0.023627519110493433
2025-11-06,143100,150300,138600,147000,41434,0.0462633451957295
2025-11-07,144900,146500,139000,141500,26594,-0.0374149659863946
2025-11-10,148400,159200,148400,155000,129370,0.09540636042402828
2025-11-11,156200,156700,149700,155500,70828,0.003225806451612856
2025-11-12,156500,168700,153000,166700,130101,0.07202572347266889
2025-11-13,164500,165500,159000,163300,56230,-0.020395920815836854
2025-11-14,157000,158800,154200,155100,34954,-0.050214329454990825
2025-11-17,155400,157000,151100,153900,42889,-0.007736943907156624
2025-11-18,152000,152600,143100,143400,39764,-0.06822612085769986
2025-11-19,144400,145600,140100,142500,22893,-0.006276150627615107
2025-11-20,145800,147900,143900,147000,26971,0.03157894736842115
2025-11-21,140600,143000,139800,141100,14439,-0.04013605442176871
2025-11-24,144100,148700,140100,144100,41700,0.02126151665485465
2025-11-25,146600,146900,139000,139900,31471,-0.029146426092991007
2025-11-26,141200,141200,137000,140100,29108,0.0014295925661187425
2025-11-27,140500,143400,140100,141200,18918,0.007851534618129818
2025-11-28,141700,142900,139600,139900,18136,-0.009206798866855492
