Date,Open,High,Low,Close,Volume,Change
2022-01-03,31050,31600,30900,31600,76371,0.012820512820512775
2022-01-04,31750,32450,31500,31700,140410,0.0031645569620253333
2022-01-05,32000,33600,31900,32250,486799,0.017350157728706517
2022-01-06,31500,32450,31050,31100,192801,-0.03565891472868221
2022-01-07,31400,32200,31150,31800,119781,0.022508038585209
2022-01-10,31550,31750,30700,30800,135599,-0.03144654088050314
2022-01-11,30800,31100,29900,30150,148534,-0.02110389610389607
2022-01-12,30300,30900,30250,30750,88912,0.01990049751243772
2022-01-13,30750,31050,30350,30650,87164,-0.003252032520325243
2022-01-14,30100,30250,29600,29900,113696,-0.024469820554649302
2022-01-17,29900,30100,29150,29850,120498,-0.0016722408026755842
2022-01-18,29550,29950,28550,28700,167102,-0.038525963149078746
2022-01-19,28600,29150,27500,28200,161053,-0.017421602787456414
2022-01-20,28200,28850,28000,28650,64398,0.015957446808510634
2022-01-21,28450,28650,28000,28150,90727,-0.017452006980802848
2022-01-24,28050,28400,27200,27750,81815,-0.014209591474245165
2022-01-25,27950,27950,26250,26500,148695,-0.04504504504504503
2022-01-26,26350,26900,25900,26050,104653,-0.016981132075471694
2022-01-27,26050,26550,24750,24950,158750,-0.04222648752399227
2022-01-28,24950,26300,24500,26300,109185,0.054108216432865675
2022-02-03,26950,27150,26200,26250,70785,-0.0019011406844106071
2022-02-04,26100,26700,26050,26650,51866,0.015238095238095273
2022-02-07,26650,26650,26000,26450,65505,-0.007504690431519689
2022-02-08,26600,27100,26050,26250,73606,-0.007561436672967825
2022-02-09,26450,26800,26050,26300,80723,0.0019047619047618536
2022-02-10,26400,26500,26050,26100,68025,-0.0076045627376425395
2022-02-11,25600,25900,25300,25400,105524,-0.026819923371647514
2022-02-14,25150,25600,24700,25150,121340,-0.009842519685039353
2022-02-15,24950,25300,24500,24800,82159,-0.013916500994035741
2022-02-16,25150,25350,24900,25250,64159,0.01814516129032251
2022-02-17,25200,26100,25000,25250,95670,0.0
2022-02-18,25050,25650,24850,25550,62581,0.011881188118811892
2022-02-21,25100,25750,24850,25550,50811,0.0
2022-02-22,24950,25100,24550,24700,105503,-0.0332681017612525
2022-02-23,24900,25050,24550,24750,55643,0.002024291497975783
2022-02-24,24550,24700,23400,23600,153125,-0.04646464646464643
2022-02-25,23950,24250,23600,23800,88532,0.008474576271186418
2022-02-28,23600,24200,23450,23700,90767,-0.004201680672268893
2022-03-02,23450,23900,23400,23650,87367,-0.002109704641350185
2022-03-03,23900,25000,23850,24600,128084,0.04016913319238902
2022-03-04,25500,25550,24450,24650,198637,0.00203252032520318
2022-03-07,24300,24300,23750,23750,80584,-0.0365111561866126
2022-03-08,23500,23550,22800,22850,137332,-0.037894736842105314
2022-03-10,23550,23800,23100,23400,77017,0.024070021881838155
2022-03-11,23400,23750,22950,23050,86201,-0.014957264957264904
2022-03-14,23000,23000,22100,22300,111055,-0.03253796095444683
2022-03-15,22300,22650,22100,22350,59336,0.0022421524663676085
2022-03-16,22650,23000,22500,22900,61204,0.02460850111856816
2022-03-17,23450,23800,23000,23000,123521,0.004366812227074135
2022-03-18,23100,23300,22700,23300,81643,0.01304347826086949
2022-03-21,23700,23750,23250,23650,75626,0.015021459227467782
2022-03-22,23700,24150,23650,23800,93990,0.00634249471458781
2022-03-23,23950,24150,23450,23650,82692,-0.006302521008403339
2022-03-24,23500,23700,23200,23550,71507,-0.0042283298097252064
2022-03-25,23650,24000,23500,23650,87803,0.00424628450106157
2022-03-28,23650,23650,23300,23400,63378,-0.010570824524312905
2022-03-29,23700,24800,23650,24700,281337,0.05555555555555558
2022-03-30,25300,26050,24900,24950,369549,0.010121457489878471
2022-03-31,24900,25050,24450,24750,135742,-0.008016032064128265
2022-04-01,24500,24500,24100,24400,89301,-0.014141414141414121
2022-04-04,24500,24550,24250,24350,41169,-0.002049180327868827
2022-04-05,24400,24500,24150,24300,51317,-0.002053388090349051
2022-04-06,24050,25050,23800,24700,158150,0.016460905349794164
2022-04-07,24700,24700,24200,24200,69365,-0.020242914979757054
2022-04-08,24200,24500,23750,23900,70253,-0.012396694214875992
2022-04-11,23700,24450,23600,24200,79350,0.012552301255230214
2022-04-12,23650,24000,22850,23150,197158,-0.04338842975206614
2022-04-13,23200,24000,22950,23900,114323,0.03239740820734349
2022-04-14,24250,24700,24100,24500,117909,0.025104602510460206
2022-04-15,24200,25150,24000,24950,168374,0.01836734693877551
2022-04-18,24950,25300,24650,24950,92106,0.0
2022-04-19,24950,25450,24800,25450,112295,0.02004008016032066
2022-04-20,25500,26100,25050,25700,207870,0.00982318271119853
2022-04-21,26000,26250,25700,25850,115618,0.005836575875486361
2022-04-22,25650,26150,25300,25900,114118,0.0019342359767891004
2022-04-25,25350,25600,24900,25100,166122,-0.030888030888030937
2022-04-26,25450,26800,25400,25800,420761,0.027888446215139417
2022-04-27,25100,25450,24800,25000,175952,-0.03100775193798455
2022-04-28,25700,27850,25300,27300,868032,0.09200000000000008
2022-04-29,27150,27200,26350,27000,298679,-0.01098901098901095
2022-05-02,26500,27100,26450,27100,138434,0.0037037037037037646
2022-05-03,27000,27300,26500,26750,159672,-0.01291512915129156
2022-05-04,26650,26850,26000,26050,145788,-0.0261682242990654
2022-05-06,26050,26450,26000,26250,106259,0.007677543186180413
2022-05-09,26300,26400,25600,25650,101565,-0.02285714285714291
2022-05-10,25350,26800,24500,26700,239611,0.040935672514619936
2022-05-11,26800,27900,26500,27850,444688,0.04307116104868913
2022-05-12,27600,29400,27350,28000,668744,0.0053859964093356805
2022-05-13,28350,28750,27200,27750,323808,-0.008928571428571397
2022-05-16,28000,28150,27250,27250,192210,-0.018018018018018056
2022-05-17,28100,29850,27900,29700,829586,0.0899082568807339
2022-05-18,29600,29650,28700,29150,324840,-0.01851851851851849
2022-05-19,28600,29750,28450,29200,343798,0.0017152658662091813
2022-05-20,29300,30750,29300,30150,422606,0.03253424657534243
2022-05-23,30900,30950,28500,29100,518373,-0.03482587064676612
2022-05-24,28700,29600,28650,28800,223242,-0.010309278350515427
2022-05-25,29100,29950,28800,29350,229023,0.01909722222222232
2022-05-26,29400,29650,29050,29250,130985,-0.0034071550255536653
2022-05-27,29450,30600,29400,29900,271481,0.022222222222222143
2022-05-30,30150,31300,30000,30600,229320,0.02341137123745818
2022-05-31,30450,31800,30450,31250,299731,0.0212418300653594
2022-06-02,31300,31650,30900,31500,127201,0.008000000000000007
2022-06-03,31850,31850,30800,31150,126097,-0.011111111111111072
2022-06-07,31000,31300,30400,30600,115044,-0.017656500802568198
2022-06-08,30800,31800,30750,31500,185163,0.02941176470588225
2022-06-09,31300,31500,30800,31150,139173,-0.011111111111111072
2022-06-10,30800,31450,30650,30900,117089,-0.008025682182985605
2022-06-13,30350,30750,29400,29600,204009,-0.04207119741100329
2022-06-14,28800,29500,28250,29200,214384,-0.013513513513513487
2022-06-15,29300,30500,28850,29150,165571,-0.001712328767123239
2022-06-16,29950,30000,28700,28800,122102,-0.012006861063464824
2022-06-17,28050,29100,27750,28550,120937,-0.00868055555555558
2022-06-20,28650,28800,27600,27950,86032,-0.021015761821365997
2022-06-21,28250,29450,28100,29050,136831,0.03935599284436497
2022-06-22,29500,29500,28050,28300,114030,-0.025817555938037917
2022-06-23,28750,29100,27650,28000,165812,-0.010600706713780883
2022-06-24,28000,28750,27700,28550,89690,0.019642857142857073
2022-06-27,29100,31400,29000,31200,365677,0.09281961471103317
2022-06-28,31250,31950,30950,31750,216764,0.017628205128205066
2022-06-29,30850,30950,29850,30750,322666,-0.03149606299212604
2022-06-30,30700,32150,30350,31400,346762,0.021138211382113914
2022-07-01,31750,33000,31000,31250,251367,-0.004777070063694322
2022-07-04,31000,31650,30350,30900,161203,-0.011199999999999988
2022-07-05,30950,31400,29050,30000,332301,-0.029126213592232997
2022-07-06,29500,29950,27700,27800,329216,-0.07333333333333336
2022-07-07,28200,28850,27850,28600,145444,0.02877697841726623
2022-07-08,28900,29250,28800,28900,91968,0.010489510489510412
2022-07-11,29550,30700,29250,30000,216883,0.03806228373702414
2022-07-12,29700,30200,29000,29500,127336,-0.01666666666666672
2022-07-13,29450,31400,29450,31350,337746,0.06271186440677967
2022-07-14,31000,31650,30950,30950,144825,-0.012759170653907526
2022-07-15,31100,31650,30600,31150,148115,0.00646203554119551
2022-07-18,31450,31450,30600,31050,136093,-0.0032102728731941976
2022-07-19,31000,32500,30850,31700,338115,0.02093397745571668
2022-07-20,32000,32050,30850,31000,253269,-0.02208201892744477
2022-07-21,31050,31950,30750,31100,201231,0.003225806451612856
2022-07-22,31350,31600,30700,30700,140553,-0.012861736334405127
2022-07-25,30700,32100,30550,31900,199140,0.039087947882736174
2022-07-26,31800,31800,31350,31700,109513,-0.006269592476489061
2022-07-27,31750,32100,31250,31850,123923,0.004731861198738141
2022-07-28,32000,32300,30750,31050,237698,-0.025117739403453743
2022-07-29,31300,31400,30950,31350,110357,0.009661835748792313
2022-08-01,31300,31300,30600,30900,138235,-0.014354066985645897
2022-08-02,31150,31850,30850,31050,159132,0.004854368932038833
2022-08-03,30950,32300,30950,31950,227621,0.02898550724637672
2022-08-04,32150,32650,31550,31550,171703,-0.012519561815336422
2022-08-05,31650,31950,31250,31350,74942,-0.006339144215530945
2022-08-08,31350,32000,30800,32000,118681,0.020733652312599604
2022-08-09,32000,32000,30950,31000,176336,-0.03125
2022-08-10,30800,31450,30800,31000,145438,0.0
2022-08-11,31150,31450,30900,31100,118586,0.003225806451612856
2022-08-12,31100,31650,30950,31200,79233,0.003215434083601254
2022-08-16,31350,31450,30800,30900,128847,-0.009615384615384581
2022-08-17,32050,36500,31750,35600,2381615,0.15210355987055024
2022-08-18,35150,36150,34700,35550,704364,-0.001404494382022503
2022-08-19,35550,37650,35100,36150,702574,0.016877637130801704
2022-08-22,35700,36750,35200,35850,240396,-0.008298755186721962
2022-08-23,36000,36850,35450,35850,244378,0.0
2022-08-24,35850,35950,32600,34450,1150992,-0.03905160390516038
2022-08-25,34300,36300,34250,36250,327889,0.052249637155297624
2022-08-26,36450,36800,35450,35800,273320,-0.012413793103448256
2022-08-29,34500,36100,34500,35450,175969,-0.009776536312849138
2022-08-30,35350,37500,35250,37250,379675,0.05077574047954858
2022-08-31,37200,38600,37150,38450,461341,0.03221476510067123
2022-09-01,38450,39300,38000,38450,304549,0.0
2022-09-02,39300,41000,39200,39600,426594,0.02990897269180759
2022-09-05,39450,40200,38600,39000,163448,-0.015151515151515138
2022-09-06,39050,39650,38450,39300,152296,0.007692307692307665
2022-09-07,39050,40350,38750,39500,205154,0.0050890585241729624
2022-09-08,39950,40200,39000,40000,219767,0.012658227848101333
2022-09-13,41150,41150,38100,39350,224125,-0.016249999999999987
2022-09-14,38050,39800,38050,39600,153360,0.006353240152477735
2022-09-15,39900,40750,38450,39500,272110,-0.002525252525252486
2022-09-16,39500,40400,38900,38950,140651,-0.013924050632911356
2022-09-19,39350,39400,37950,38600,212991,-0.00898587933247752
2022-09-20,39100,40350,38150,38700,168091,0.002590673575129543
2022-09-21,38200,38600,36300,37300,280993,-0.036175710594315236
2022-09-22,36500,37300,36400,37050,100598,-0.006702412868632712
2022-09-23,36750,36750,35250,35600,191438,-0.03913630229419707
2022-09-26,35400,35500,33650,33950,211019,-0.0463483146067416
2022-09-27,34400,34450,33000,34450,184285,0.014727540500736325
2022-09-28,34000,34150,32700,33100,170993,-0.03918722786647311
2022-09-29,33800,34400,32700,33000,136989,-0.0030211480362537513
2022-09-30,32700,33350,32000,32300,168081,-0.021212121212121238
2022-10-04,32650,33350,32200,32950,109134,0.020123839009287936
2022-10-05,34000,34600,31200,31900,188005,-0.03186646433990892
2022-10-06,31800,32150,29750,31900,475601,0.0
2022-10-07,31500,31700,29900,30100,314600,-0.056426332288401215
2022-10-11,28950,29000,27800,28100,326001,-0.06644518272425248
2022-10-12,28100,28400,27650,28400,161137,0.01067615658362997
2022-10-13,28550,28550,27400,27900,204563,-0.017605633802816878
2022-10-14,28500,28800,27800,28050,340614,0.005376344086021501
2022-10-17,27350,28500,26800,27850,211167,-0.007130124777183555
2022-10-18,28550,30200,28100,30150,459707,0.0825852782764811
2022-10-19,29800,31850,29550,30600,433807,0.014925373134328401
2022-10-20,30600,30900,29250,29350,203374,-0.040849673202614345
2022-10-21,29500,30350,28650,28950,145552,-0.013628620102214661
2022-10-24,29400,30200,28550,28850,161302,-0.003454231433506094
2022-10-25,29250,30000,28450,29850,165335,0.03466204506065851
2022-10-26,30050,30050,28650,28900,143721,-0.031825795644891075
2022-10-27,29250,29750,29000,29550,81329,0.02249134948096887
2022-10-28,29600,32150,29450,31850,396595,0.07783417935702208
2022-10-31,32200,32400,30650,30750,210934,-0.03453689167974883
2022-11-01,30850,31300,30400,30950,170278,0.006504065040650486
2022-11-02,31050,32250,30550,31800,222514,0.02746365105008075
2022-11-03,30950,32400,30900,31850,135044,0.0015723270440251014
2022-11-04,31700,32250,30950,31650,95612,-0.006279434850863463
2022-11-07,32200,33150,31900,32300,173550,0.020537124802527673
2022-11-08,32350,32650,31500,32150,119591,-0.004643962848297267
2022-11-09,32800,33000,32000,32200,154158,0.0015552099533437946
2022-11-10,31750,32500,31300,31500,172945,-0.021739130434782594
2022-11-11,32750,32900,32000,32600,214094,0.03492063492063502
2022-11-14,33050,33750,32850,32850,185786,0.0076687116564417845
2022-11-15,32200,32200,28400,28900,1380431,-0.12024353120243536
2022-11-16,29050,29100,27600,28050,763383,-0.02941176470588236
2022-11-17,27900,28450,27700,28100,296606,0.0017825311942958333
2022-11-18,28250,28700,27650,27650,315005,-0.016014234875444844
2022-11-21,27550,27700,27000,27500,282732,-0.005424954792043413
2022-11-22,27500,27750,27300,27650,138408,0.005454545454545379
2022-11-23,27850,28100,27550,28100,157519,0.016274864376130127
2022-11-24,28450,28550,27850,28450,262048,0.01245551601423478
2022-11-25,28500,28550,28250,28350,154287,-0.0035149384885764245
2022-11-28,28350,28350,27600,27650,155706,-0.024691358024691357
2022-11-29,27550,28100,27550,28000,130218,0.012658227848101333
2022-11-30,28050,28250,27700,27900,111578,-0.0035714285714285587
2022-12-01,28500,28550,27850,27900,183527,0.0
2022-12-02,28200,28450,27650,27700,259951,-0.007168458781361964
2022-12-05,27750,27750,26500,26600,418128,-0.03971119133574008
2022-12-06,26150,27050,26000,26700,193701,0.003759398496240518
2022-12-07,26750,26850,26200,26300,133000,-0.014981273408239737
2022-12-08,26300,26300,25700,25900,215636,-0.01520912547528519
2022-12-09,25900,26150,25700,25900,117225,0.0
2022-12-12,25850,25900,25100,25550,179425,-0.013513513513513487
2022-12-13,25750,25750,24700,24850,268678,-0.0273972602739726
2022-12-14,24900,25550,24650,25400,159842,0.02213279678068414
2022-12-15,25200,25450,24750,24950,139527,-0.017716535433070835
2022-12-16,24450,25100,24400,24900,155793,-0.002004008016032066
2022-12-19,24850,24850,23700,24400,301705,-0.02008032128514059
2022-12-20,24100,24300,23750,24050,209769,-0.014344262295082011
2022-12-21,24100,24150,23350,23500,190237,-0.022869022869022815
2022-12-22,23600,24450,23600,24450,228000,0.04042553191489362
2022-12-23,24050,24300,23700,23700,134628,-0.030674846625766916
2022-12-26,23750,24250,23700,24100,87735,0.016877637130801704
2022-12-27,24100,24350,23900,24150,115736,0.0020746887966804906
2022-12-28,23700,23850,23500,23500,118379,-0.026915113871635588
2022-12-29,23300,23400,22700,22950,133051,-0.023404255319148914
2023-01-02,23250,24800,23250,23750,290190,0.034858387799564294
2023-01-03,23750,24150,22800,23750,234680,0.0
2023-01-04,23350,23650,23150,23350,144538,-0.01684210526315788
2023-01-05,23350,23800,23100,23200,105645,-0.0064239828693790635
2023-01-06,23100,25000,22900,24800,351736,0.06896551724137923
2023-01-09,25200,25800,24850,25250,238878,0.01814516129032251
2023-01-10,25350,25650,24950,25000,117568,-0.00990099009900991
2023-01-11,25350,25600,25050,25050,90094,0.0020000000000000018
2023-01-12,25350,26300,25300,26050,252169,0.03992015968063867
2023-01-13,26300,26600,25550,25600,227743,-0.017274472168905985
2023-01-16,25600,25600,25000,25250,151620,-0.013671875
2023-01-17,25200,25400,24850,24900,124568,-0.013861386138613874
2023-01-18,24800,25050,24450,25050,132004,0.006024096385542244
2023-01-19,24750,24750,24150,24200,200622,-0.03393213572854292
2023-01-20,24100,24900,24050,24900,101982,0.02892561983471076
2023-01-25,25300,25650,25200,25450,142684,0.02208835341365467
2023-01-26,25200,27250,25200,27050,463915,0.06286836935166984
2023-01-27,27100,27350,26100,26100,322830,-0.03512014787430684
2023-01-30,26150,26650,25350,25350,235696,-0.028735632183908066
2023-01-31,25350,26050,25300,25650,249143,0.01183431952662728
2023-02-01,26050,26500,25950,26300,245295,0.025341130604288553
2023-02-02,26600,26800,26100,26200,156547,-0.0038022813688213253
2023-02-03,26200,27200,26150,26900,311870,0.026717557251908497
2023-02-06,26900,26950,26100,26150,169864,-0.027881040892193343
2023-02-07,26200,26600,26200,26500,91860,0.013384321223709472
2023-02-08,26800,26800,26450,26650,150080,0.005660377358490676
2023-02-09,26350,26950,26250,26750,120678,0.0037523452157599557
2023-02-10,26650,26650,26300,26550,87687,-0.00747663551401867
2023-02-13,26500,26500,25900,26250,98866,-0.011299435028248594
2023-02-14,26500,27700,26400,27400,405018,0.04380952380952374
2023-02-15,27550,27750,26350,26450,232403,-0.034671532846715314
2023-02-16,26750,27550,26600,27150,186400,0.026465028355387554
2023-02-17,26800,27300,26650,26900,113316,-0.009208103130755041
2023-02-20,26500,26500,25700,26350,260803,-0.020446096654275103
2023-02-21,26500,27050,26400,26900,142012,0.020872865275142205
2023-02-22,26400,26950,26150,26250,98852,-0.024163568773234223
2023-02-23,26350,27700,26250,27450,275480,0.04571428571428582
2023-02-24,27350,27650,26850,27000,139688,-0.016393442622950838
2023-02-27,26700,26950,26200,26650,97144,-0.012962962962962954
2023-02-28,26800,27700,26750,27300,231989,0.024390243902439046
2023-03-02,27000,27950,27000,27550,176338,0.009157509157509125
2023-03-03,27900,28400,27250,27600,189805,0.001814882032667775
2023-03-06,28000,28000,27250,27500,113503,-0.0036231884057971175
2023-03-07,27300,27500,26900,27100,157139,-0.014545454545454528
2023-03-08,26600,27450,26600,27350,119121,0.009225092250922495
2023-03-09,27400,28800,27300,28100,710443,0.027422303473491727
2023-03-10,27750,27750,27100,27200,179521,-0.03202846975088969
2023-03-13,26800,26900,26200,26750,164458,-0.016544117647058876
2023-03-14,26600,26600,25000,25000,238447,-0.06542056074766356
2023-03-15,25700,26350,25450,26150,215772,0.04600000000000004
2023-03-16,25800,25900,25350,25500,102473,-0.0248565965583174
2023-03-17,25850,25850,25300,25650,132328,0.00588235294117645
2023-03-20,25450,25550,24600,24800,190348,-0.033138401559454245
2023-03-21,25150,25200,24750,24800,105557,0.0
2023-03-22,25200,26000,24900,26000,189753,0.048387096774193505
2023-03-23,25750,26850,25550,26100,187489,0.0038461538461538325
2023-03-24,26350,26350,25500,26000,167323,-0.003831417624521105
2023-03-27,25800,26400,25700,26350,96579,0.013461538461538414
2023-03-28,26550,26650,26100,26350,98876,0.0
2023-03-29,26350,27000,26250,26900,177761,0.020872865275142205
2023-03-30,27200,28750,26650,28450,796325,0.05762081784386619
2023-03-31,28450,28600,27600,27900,332244,-0.019332161687170446
2023-04-03,28300,29400,27950,28300,395982,0.014336917562723928
2023-04-04,28550,29000,28100,28150,295510,-0.005300353356890497
2023-04-05,28600,31200,28600,30800,1699827,0.09413854351687378
2023-04-06,30950,31250,30000,30300,670037,-0.016233766233766267
2023-04-07,30700,30800,30200,30400,242460,0.0033003300330032292
2023-04-10,30500,30550,29600,30150,306983,-0.008223684210526327
2023-04-11,30150,32550,29450,31850,1009371,0.056384742951907096
2023-04-12,32850,33400,31400,32450,1051453,0.018838304552590168
2023-04-13,32200,33300,30950,33150,602372,0.02157164869029282
2023-04-14,33500,33500,31650,32100,477598,-0.03167420814479638
2023-04-17,32300,32800,31850,32400,264217,0.009345794392523255
2023-04-18,32050,33500,31000,32350,455386,-0.0015432098765432167
2023-04-19,32550,34050,32050,33000,318718,0.020092735703245657
2023-04-20,32650,33000,31550,31650,210978,-0.040909090909090895
2023-04-21,31550,32000,30700,31300,191729,-0.011058451816745696
2023-04-24,31300,32150,31250,32100,209092,0.025559105431310014
2023-04-25,32100,32900,31700,32650,360501,0.017133956386292892
2023-04-26,32850,33850,31000,31650,537738,-0.030627871362940318
2023-04-27,31200,32500,31150,31300,215237,-0.011058451816745696
2023-04-28,31400,31700,30700,31000,142535,-0.009584664536741228
2023-05-02,31000,31450,30350,31200,153839,0.006451612903225712
2023-05-03,30800,31000,29650,30000,369998,-0.038461538461538436
2023-05-04,30050,30800,29900,30550,119092,0.018333333333333313
2023-05-08,30650,31700,30550,30700,139185,0.004909983633387904
2023-05-09,30700,31200,30300,30900,154369,0.006514657980456029
2023-05-10,30750,32800,30550,32050,286271,0.03721682847896446
2023-05-11,32300,32750,31500,32200,262279,0.004680187207488196
2023-05-12,32450,33500,32150,32700,343138,0.01552795031055898
2023-05-15,32800,33100,32000,32550,238869,-0.004587155963302725
2023-05-16,36500,39900,35400,37500,3250680,0.1520737327188939
2023-05-17,37800,38850,37200,38700,820730,0.03200000000000003
2023-05-18,38900,38900,37300,38500,481733,-0.0051679586563307955
2023-05-19,38500,38800,36950,37100,571829,-0.036363636363636376
2023-05-22,36450,37200,36250,36700,319587,-0.010781671159029615
2023-05-23,36350,36950,36250,36400,306077,-0.008174386920980936
2023-05-24,36300,38000,35900,37150,470078,0.02060439560439553
2023-05-25,36700,37000,36000,36200,253855,-0.025572005383580065
2023-05-26,36000,36400,35300,35750,275395,-0.012430939226519389
2023-05-30,35850,36500,34650,35900,277421,0.00419580419580412
2023-05-31,35900,37250,35850,36050,352633,0.00417827298050133
2023-06-01,35750,37000,35650,36250,184848,0.00554785020804438
2023-06-02,36350,36900,35350,36000,219911,-0.006896551724137945
2023-06-05,36100,37650,35450,37300,293081,0.036111111111111205
2023-06-07,37350,37350,34550,34850,507043,-0.06568364611260058
2023-06-08,34600,35100,34400,34550,213935,-0.008608321377331474
2023-06-09,34750,35500,34400,35300,208338,0.02170767004341534
2023-06-12,35150,35600,34150,34750,256540,-0.015580736543909346
2023-06-13,34900,35150,34500,34700,146954,-0.0014388489208633226
2023-06-14,34850,35250,33950,34100,210085,-0.01729106628242072
2023-06-15,34100,34300,33550,33950,178443,-0.004398826979472137
2023-06-16,34150,34200,33150,34050,159047,0.002945508100147265
2023-06-19,34000,34100,33200,33950,168992,-0.002936857562408246
2023-06-20,33950,34150,33350,33900,168794,-0.0014727540500736325
2023-06-21,34300,35650,33850,35450,419166,0.04572271386430682
2023-06-22,35600,35750,34800,35050,153655,-0.01128349788434413
2023-06-23,35050,35250,34350,34350,97034,-0.0199714693295292
2023-06-26,34050,36050,34000,35450,226151,0.03202328966521106
2023-06-27,35550,36650,35250,36500,275728,0.02961918194640334
2023-06-28,36850,37450,36450,36550,239765,0.00136986301369868
2023-06-29,36600,36900,36050,36250,119674,-0.008207934336525335
2023-06-30,36550,37600,36500,36700,283624,0.012413793103448256
2023-07-03,37000,37150,36250,36700,174882,0.0
2023-07-04,37000,38350,36700,37950,394057,0.034059945504087086
2023-07-05,38300,38450,37300,37750,173737,-0.005270092226614009
2023-07-06,38250,41900,38200,40000,1677017,0.0596026490066226
2023-07-07,40050,40800,38500,40600,601870,0.014999999999999902
2023-07-10,40450,40450,38400,39500,468586,-0.027093596059113323
2023-07-11,39450,41550,39450,40950,416049,0.036708860759493644
2023-07-12,41100,41850,40600,40850,336860,-0.0024420024420024333
2023-07-13,41100,41150,39750,40300,282771,-0.01346389228886169
2023-07-14,40300,41100,39700,40700,221792,0.00992555831265518
2023-07-17,41000,42400,38450,38750,429129,-0.04791154791154795
2023-07-18,38900,39850,38600,38950,252561,0.005161290322580614
2023-07-19,39000,39550,38200,38600,200818,-0.00898587933247752
2023-07-20,38450,38450,37500,37950,167720,-0.016839378238341918
2023-07-21,37650,39100,37000,38800,260392,0.022397891963109373
2023-07-24,38850,38850,37600,37600,172748,-0.030927835051546393
2023-07-25,37850,39350,37750,39000,209541,0.037234042553191404
2023-07-26,39050,39050,36600,37350,298035,-0.04230769230769227
2023-07-27,38150,38550,36800,37150,154540,-0.0053547523427041055
2023-07-28,36800,38250,36750,37450,189591,0.008075370121130465
2023-07-31,37800,37900,36950,37550,128813,0.002670226969292422
2023-08-01,37300,37550,36000,37400,142698,-0.003994673768308976
2023-08-02,37750,38850,36150,36200,486944,-0.03208556149732622
2023-08-03,36400,38250,35700,36200,353667,0.0
2023-08-04,35850,36050,35050,35600,145494,-0.016574585635359074
2023-08-07,35000,35200,33050,34200,520229,-0.0393258426966292
2023-08-08,34250,35000,33850,34000,130451,-0.005847953216374324
2023-08-09,33950,34750,33850,34450,121593,0.013235294117647012
2023-08-10,34150,34450,33550,34200,97244,-0.007256894049346929
2023-08-11,34250,35550,34200,35150,229745,0.02777777777777768
2023-08-14,35650,35750,34350,34550,290085,-0.017069701280227556
2023-08-16,35600,35900,33200,34900,733604,0.01013024602026058
2023-08-17,34600,34600,32300,32650,472873,-0.0644699140401146
2023-08-18,32200,35300,32050,34550,499644,0.05819295558958659
2023-08-21,34550,34850,33850,34100,151087,-0.013024602026049159
2023-08-22,34250,35100,34200,34700,142796,0.017595307917888547
2023-08-23,34450,34950,34400,34750,68566,0.0014409221902016434
2023-08-24,34800,35000,33300,33800,231074,-0.027338129496402908
2023-08-25,33400,33750,33000,33200,152279,-0.017751479289940808
2023-08-28,33500,33900,32600,33550,261958,0.010542168674698704
2023-08-29,33800,35250,33500,35000,248401,0.0432190760059612
2023-08-30,35300,35350,34550,34900,170938,-0.0028571428571428914
2023-08-31,35150,35800,34850,35800,202251,0.025787965616045794
2023-09-01,35600,35850,33050,34200,207455,-0.04469273743016755
2023-09-04,34150,35600,34000,35050,193513,0.024853801169590684
2023-09-05,35050,35850,35050,35450,139301,0.011412268188302432
2023-09-06,35600,37200,35400,36550,376528,0.031029619181946355
2023-09-07,36200,36550,35250,35500,148696,-0.028727770177838563
2023-09-08,35500,35600,34500,34500,113975,-0.028169014084507005
2023-09-11,34500,35200,33900,34250,91324,-0.007246376811594235
2023-09-12,34600,35150,33550,33650,116091,-0.017518248175182438
2023-09-13,33800,34300,33300,33850,169993,0.005943536404160454
2023-09-14,34000,34950,34000,34500,168150,0.019202363367799125
2023-09-15,34950,35700,34550,35400,226891,0.026086956521739202
2023-09-18,35100,35200,33650,33750,149625,-0.04661016949152541
2023-09-19,33850,33900,32450,32800,206657,-0.028148148148148144
2023-09-20,32950,34000,32950,33850,146907,0.03201219512195119
2023-09-21,33900,34100,32450,32600,169103,-0.03692762186115217
2023-09-22,32200,33000,32150,32600,59130,0.0
2023-09-25,32350,33300,32200,33000,87478,0.012269938650306678
2023-09-26,33000,33250,32350,32450,64769,-0.01666666666666672
2023-09-27,32100,32800,32100,32600,42915,0.0046224961479199855
2023-10-04,32050,32050,30600,31000,194223,-0.049079754601227044
2023-10-05,31550,31700,31000,31250,70873,0.008064516129032251
2023-10-06,31050,31700,30700,31300,190722,0.0016000000000000458
2023-10-10,31650,31800,30200,30700,99576,-0.019169329073482455
2023-10-11,31150,31800,31050,31300,102349,0.019543973941368087
2023-10-12,31600,31850,31250,31800,77330,0.015974440894568787
2023-10-13,31500,31900,30400,30450,208541,-0.04245283018867929
2023-10-16,30300,30650,29750,30050,166843,-0.013136288998357948
2023-10-17,30200,30800,29900,29900,106764,-0.004991680532445919
2023-10-18,30150,30700,30000,30450,152349,0.018394648829431537
2023-10-19,30450,30500,29650,29900,106858,-0.01806239737274218
2023-10-20,29600,29750,28500,29050,174105,-0.02842809364548493
2023-10-23,29300,30300,29250,30150,146471,0.03786574870912229
2023-10-24,30450,30450,29200,30050,97905,-0.0033167495854062867
2023-10-25,30050,30300,29100,29100,137826,-0.03161397670549082
2023-10-26,28700,29250,28550,28750,120386,-0.012027491408934665
2023-10-27,28800,30800,28800,30150,183290,0.04869565217391303
2023-10-30,30000,30300,29050,29250,103086,-0.02985074626865669
2023-10-31,29850,30500,29200,29700,122029,0.01538461538461533
2023-11-01,30000,30050,29250,29300,81851,-0.013468013468013518
2023-11-02,29900,30150,29700,30050,85595,0.025597269624573427
2023-11-03,30300,30300,29000,29700,119407,-0.011647254575707144
2023-11-06,30200,31350,30100,31350,130776,0.05555555555555558
2023-11-07,31600,31600,29900,30050,162765,-0.04146730462519932
2023-11-08,30350,30650,29800,29800,73655,-0.008319467554076532
2023-11-09,29800,30250,29800,30050,56985,0.008389261744966348
2023-11-10,29800,29800,29000,29250,93810,-0.0266222961730449
2023-11-13,29450,29650,28850,29200,64732,-0.0017094017094017033
2023-11-14,29500,30100,29300,30050,61292,0.02910958904109595
2023-11-15,31500,32600,30800,32150,402813,0.06988352745424287
2023-11-16,32250,33900,32250,33400,342829,0.038880248833592645
2023-11-17,33300,33400,32800,33300,99893,-0.0029940119760478723
2023-11-20,33100,33150,32400,32600,103743,-0.02102102102102099
2023-11-21,32950,33600,32600,33400,89221,0.024539877300613577
2023-11-22,33100,33400,32500,32550,115852,-0.025449101796407136
2023-11-23,32650,32700,32150,32600,90806,0.001536098310291889
2023-11-24,32750,33400,32550,33250,99688,0.019938650306748462
2023-11-27,33250,33450,32600,33350,90307,0.003007518796992459
2023-11-28,33600,33600,32650,32800,85598,-0.016491754122938573
2023-11-29,33000,33000,32350,32750,75765,-0.0015243902439023849
2023-11-30,32900,33000,32150,32550,97095,-0.006106870229007688
2023-12-01,32500,32500,30500,30600,267840,-0.05990783410138245
2023-12-04,30800,31300,30750,30850,79687,0.008169934640522847
2023-12-05,30600,31100,30400,30600,78077,-0.008103727714748765
2023-12-06,30800,30950,30450,30500,55202,-0.0032679738562091387
2023-12-07,30550,30700,30200,30500,37328,0.0
2023-12-08,30500,31050,30500,30950,37356,0.014754098360655776
2023-12-11,30950,31200,30650,31000,33421,0.001615508885298933
2023-12-12,31200,31650,31000,31300,78289,0.00967741935483879
2023-12-13,31300,31400,30800,30800,46482,-0.015974440894568676
2023-12-14,31300,31350,30450,30700,143256,-0.0032467532467532756
2023-12-15,30950,34200,30850,32850,618877,0.07003257328990231
2023-12-18,32800,34000,32700,33850,210475,0.030441400304414
2023-12-19,34050,34350,33500,34050,180064,0.005908419497784312
2023-12-20,34400,36550,33550,35600,419349,0.04552129221732737
2023-12-21,35400,37200,35200,35800,300482,0.00561797752808979
2023-12-22,36000,36250,35400,35500,76005,-0.008379888268156388
2023-12-26,35400,36000,34600,35450,136556,-0.0014084507042253502
2023-12-27,35450,35750,34100,34650,140086,-0.02256699576868826
2023-12-28,34950,36500,34750,35700,172717,0.030303030303030276
2024-01-02,35700,36100,34900,35650,124165,-0.0014005602240896309
2024-01-03,35350,35500,34100,34200,106840,-0.0406732117812062
2024-01-04,34000,34300,33250,33450,139039,-0.021929824561403466
2024-01-05,33500,34050,33100,33200,82296,-0.007473841554558991
2024-01-08,33350,33900,32750,32800,110298,-0.012048192771084376
2024-01-09,33400,33450,32100,32300,132500,-0.015243902439024404
2024-01-10,32200,32900,32150,32800,81398,0.015479876160990669
2024-01-11,33000,33650,32850,32850,90946,0.0015243902439023849
2024-01-12,32850,33100,32300,32900,62196,0.0015220700152207556
2024-01-15,32600,33750,32600,33200,50862,0.00911854103343468
2024-01-16,33000,33300,32500,32700,37831,-0.015060240963855387
2024-01-17,32750,32900,31700,31800,55113,-0.02752293577981646
2024-01-18,31700,31800,30800,31000,101446,-0.02515723270440251
2024-01-19,31350,31700,31000,31150,68801,0.004838709677419395
2024-01-22,31300,31300,30550,30800,82358,-0.011235955056179803
2024-01-23,30800,31250,30550,31250,98650,0.014610389610389518
2024-01-24,31450,31450,30750,31150,58577,-0.0031999999999999806
2024-01-25,31200,32200,30900,32200,113388,0.03370786516853941
2024-01-26,32500,32650,31450,31450,91764,-0.02329192546583847
2024-01-29,31400,32250,31250,31950,75176,0.015898251192368873
2024-01-30,32250,32800,31250,31350,82397,-0.018779342723004744
2024-01-31,31550,32800,31350,32100,161554,0.02392344497607657
2024-02-01,32200,34550,31900,33750,335669,0.051401869158878455
2024-02-02,34450,36450,33750,35800,560405,0.06074074074074076
2024-02-05,37400,37450,34450,36000,523472,0.005586592178770999
2024-02-06,35500,36750,33650,33800,417318,-0.061111111111111116
2024-02-07,34500,35300,33800,34500,248065,0.020710059171597628
2024-02-08,34500,34850,33800,34050,155104,-0.013043478260869601
2024-02-13,34500,35350,34200,34300,200451,0.007342143906020615
2024-02-14,33800,35100,33500,34750,122232,0.013119533527696792
2024-02-15,35200,35200,33750,33750,119513,-0.02877697841726623
2024-02-16,34100,34300,33650,34050,178518,0.008888888888888946
2024-02-19,35000,35950,34350,34550,272213,0.014684287812041008
2024-02-20,34250,34700,33600,33750,126696,-0.02315484804630974
2024-02-21,33900,34450,33600,33650,108235,-0.002962962962962945
2024-02-22,33800,34500,33300,34200,151300,0.01634472511144125
2024-02-23,34300,34400,33600,33600,106601,-0.01754385964912286
2024-02-26,33850,34800,33400,34000,146718,0.011904761904761862
2024-02-27,34100,34400,33250,33250,104840,-0.022058823529411797
2024-02-28,33250,34000,33100,33700,87974,0.013533834586466176
2024-02-29,33600,34000,33350,33750,116312,0.0014836795252226587
2024-03-04,34100,34200,33600,33900,103901,0.004444444444444473
2024-03-05,33650,33700,32550,32750,140194,-0.03392330383480824
2024-03-06,32600,33150,32450,32800,90804,0.0015267175572519776
2024-03-07,32900,32950,32150,32450,116194,-0.010670731707317027
2024-03-08,32750,32750,32050,32400,130924,-0.0015408320493066618
2024-03-11,32400,32950,32000,32100,109409,-0.0092592592592593
2024-03-12,32300,32300,31600,31950,95319,-0.004672897196261627
2024-03-13,31950,32250,31500,31900,124541,-0.0015649452269170805
2024-03-14,32150,33100,32000,32700,136001,0.02507836990595602
2024-03-15,32700,33200,32450,32700,76321,0.0
2024-03-18,33000,33000,32450,32550,65413,-0.004587155963302725
2024-03-19,32550,32950,32050,32150,81706,-0.01228878648233489
2024-03-20,32400,32900,32300,32800,75600,0.02021772939346822
2024-03-21,33200,33500,32850,33250,151930,0.013719512195121908
2024-03-22,33300,33350,32350,32600,117342,-0.019548872180451093
2024-03-25,32600,32900,32000,32050,69048,-0.016871165644171793
2024-03-26,32150,32650,32100,32300,55166,0.007800312012480548
2024-03-27,32050,33000,32000,32650,78180,0.010835913312693402
2024-03-28,32750,32750,31650,31800,137842,-0.026033690658499253
2024-03-29,31900,31900,31200,31200,94174,-0.018867924528301883
2024-04-01,31550,32150,31500,32000,66031,0.02564102564102555
2024-04-02,31600,32300,31550,31650,68462,-0.010937500000000044
2024-04-03,31450,31750,31200,31200,72364,-0.014218009478673022
2024-04-04,31550,31600,31250,31300,46336,0.0032051282051281937
2024-04-05,31300,31650,30850,31100,84242,-0.006389776357827448
2024-04-08,31150,31850,31100,31350,54955,0.008038585209003246
2024-04-09,31250,32200,31250,31550,57431,0.006379585326953707
2024-04-11,31250,32150,31100,31900,65877,0.011093502377178988
2024-04-12,31900,31950,31450,31450,48693,-0.014106583072100332
2024-04-15,31300,31500,30650,31400,62792,-0.0015898251192368873
2024-04-16,31000,31200,30300,30300,80454,-0.035031847133757954
2024-04-17,30450,30600,30000,30000,68697,-0.00990099009900991
2024-04-18,30250,30450,30050,30350,65200,0.011666666666666714
2024-04-19,30150,30200,29450,29800,105796,-0.018121911037891292
2024-04-22,30150,31250,30150,31000,91739,0.04026845637583887
2024-04-23,30750,31200,30600,30900,92389,-0.003225806451612856
2024-04-24,31200,31650,30900,31450,67184,0.017799352750809128
2024-04-25,31150,32250,30950,31850,99951,0.012718600953895098
2024-04-26,32100,32100,31450,31850,45559,0.0
2024-04-29,32050,34300,31800,34150,340532,0.07221350078492939
2024-04-30,33850,34150,33600,33650,105330,-0.014641288433382083
2024-05-02,33500,34150,33500,33550,59860,-0.002971768202080227
2024-05-03,33600,33700,32850,33100,75568,-0.01341281669150518
2024-05-07,33500,33700,33050,33200,45336,0.0030211480362538623
2024-05-08,33200,33650,33100,33450,42152,0.0075301204819278045
2024-05-09,33500,33500,32350,32400,104820,-0.03139013452914796
2024-05-10,32850,32900,32350,32850,42047,0.01388888888888884
2024-05-13,32850,33050,32400,33000,41377,0.004566210045662045
2024-05-14,32950,33150,32700,32800,46343,-0.0060606060606061
2024-05-16,33100,33550,32700,32750,131056,-0.0015243902439023849
2024-05-17,34700,35900,34150,35500,788876,0.08396946564885499
2024-05-20,35400,35500,34350,34350,229927,-0.032394366197183055
2024-05-21,34100,34700,33700,34250,119054,-0.0029112081513827937
2024-05-22,34300,35450,33700,35200,244853,0.027737226277372296
2024-05-23,35500,35500,34300,35150,164579,-0.0014204545454545858
2024-05-24,34650,34700,33750,33800,157405,-0.038406827880512084
2024-05-27,33900,35400,33450,35200,202156,0.041420118343195256
2024-05-28,34700,35000,34350,34600,100096,-0.017045454545454586
2024-05-29,35700,36350,35150,35800,258709,0.034682080924855585
2024-05-30,35250,36450,35050,36250,225562,0.012569832402234526
2024-05-31,36450,36700,35900,36550,181405,0.008275862068965578
2024-06-03,36400,37150,35800,36000,142274,-0.015047879616963078
2024-06-04,35500,36300,35450,35700,99665,-0.008333333333333304
2024-06-05,35800,37550,35500,36800,238525,0.03081232492997188
2024-06-07,37300,37900,37050,37550,193932,0.020380434782608647
2024-06-10,37050,39450,36350,38700,334038,0.030625832223701632
2024-06-11,39400,39900,38650,39000,240273,0.007751937984496138
2024-06-12,39650,44450,39550,41600,1358012,0.06666666666666665
2024-06-13,41600,42350,41050,41150,376879,-0.01081730769230771
2024-06-14,40750,43850,40600,41900,490304,0.018226002430133725
2024-06-17,43350,47650,42800,44200,1147358,0.054892601431980825
2024-06-18,44700,46350,43750,45000,710756,0.018099547511312153
2024-06-19,45100,45850,43500,44200,463704,-0.01777777777777778
2024-06-20,44550,44800,42850,43200,396388,-0.022624434389140302
2024-06-21,42950,43200,42000,42400,292760,-0.01851851851851849
2024-06-24,42350,43600,41700,41850,259134,-0.01297169811320753
2024-06-25,42200,43950,41850,42950,848953,0.02628434886499398
2024-06-26,43400,45600,42500,45200,553239,0.052386495925494714
2024-06-27,44650,46000,44250,44750,310820,-0.009955752212389424
2024-06-28,45150,45800,44100,44600,193312,-0.003351955307262622
2024-07-01,44750,46400,44650,45250,216323,0.014573991031390232
2024-07-02,46000,46000,41700,44150,446871,-0.024309392265193353
2024-07-03,44150,44800,42550,43150,221788,-0.022650056625141524
2024-07-04,42600,44200,42600,44100,139297,0.022016222479721792
2024-07-05,44100,44450,42050,42600,265283,-0.03401360544217691
2024-07-08,42450,42700,41400,42100,184726,-0.011737089201877882
2024-07-09,42550,42650,41250,41600,217338,-0.01187648456057011
2024-07-10,41450,41900,40750,41150,296436,-0.01081730769230771
2024-07-11,41550,41550,40300,40850,195017,-0.007290400972053468
2024-07-12,40700,41250,39950,40600,150720,-0.006119951040391647
2024-07-15,40850,41150,40200,40600,99244,0.0
2024-07-16,40600,41800,40500,41150,190009,0.013546798029556717
2024-07-17,41200,41250,40150,40150,111013,-0.024301336573511523
2024-07-18,39750,40100,39050,39550,280103,-0.01494396014943955
2024-07-19,39150,39750,38500,39450,93179,-0.0025284450063211006
2024-07-22,39550,39650,38350,38650,128664,-0.020278833967046883
2024-07-23,38700,39700,38700,38900,81578,0.0064683053040104355
2024-07-24,38900,38900,37900,38250,87757,-0.016709511568123392
2024-07-25,37450,37950,37050,37200,108034,-0.027450980392156876
2024-07-26,37200,37350,35850,36650,207266,-0.014784946236559127
2024-07-29,36500,37550,36200,37150,129745,0.013642564802182733
2024-07-30,36750,37500,36500,36700,62822,-0.012113055181695809
2024-07-31,36700,37200,36550,37050,99674,0.0095367847411445
2024-08-01,37250,38000,37000,37450,87242,0.010796221322537214
2024-08-02,36650,37300,36200,36400,82548,-0.028037383177570097
2024-08-05,35600,35600,30950,32750,243440,-0.10027472527472525
2024-08-06,33100,34800,33050,33550,194291,0.02442748091603053
2024-08-07,33150,33400,32600,32850,125260,-0.02086438152011927
2024-08-08,32500,33300,32200,32750,126083,-0.0030441400304414
2024-08-09,33500,34000,33250,33400,87996,0.01984732824427482
2024-08-12,33800,34650,33700,34400,80254,0.029940119760478945
2024-08-13,34300,34900,34050,34450,75849,0.0014534883720929148
2024-08-14,34900,35700,34700,35200,90792,0.021770682148040565
2024-08-16,36100,36100,35000,35150,118427,-0.0014204545454545858
2024-08-19,35150,36350,34550,34600,115076,-0.015647226173541973
2024-08-20,35050,35250,34400,34500,71618,-0.0028901734104046506
2024-08-21,34750,35000,34150,34350,83475,-0.004347826086956497
2024-08-22,34450,34700,33450,33600,134987,-0.02183406113537123
2024-08-23,33300,34100,33200,34050,63385,0.013392857142857206
2024-08-26,34050,34300,33300,33600,57016,-0.013215859030836996
2024-08-27,33550,33750,32900,33450,65875,-0.004464285714285698
2024-08-28,33450,34200,33300,34200,101866,0.022421524663677195
2024-08-29,34200,34600,33350,33600,103324,-0.01754385964912286
2024-08-30,33900,34100,33350,33700,85057,0.0029761904761904656
2024-09-02,33700,33750,32800,32800,81095,-0.02670623145400597
2024-09-03,32750,33050,31700,31900,154562,-0.027439024390243927
2024-09-04,31100,31300,30800,30850,103755,-0.0329153605015674
2024-09-05,31000,31750,30850,31350,91719,0.01620745542949753
2024-09-06,31350,31500,30700,31050,65646,-0.009569377990430672
2024-09-09,30550,32150,30400,31800,62763,0.024154589371980784
2024-09-10,31800,31950,31500,31600,47018,-0.0062893081761006275
2024-09-11,31850,31900,30800,31150,63434,-0.014240506329113889
2024-09-12,31500,32450,31250,32250,140637,0.035313001605136396
2024-09-13,33000,35350,32700,32800,348121,0.01705426356589146
2024-09-19,33400,34500,32850,34400,228496,0.04878048780487809
2024-09-20,34550,34950,33800,34000,132583,-0.011627906976744207
2024-09-23,34000,34200,33500,33950,74200,-0.0014705882352941124
2024-09-24,34400,34750,33850,34300,77093,0.010309278350515427
2024-09-25,35350,36200,34500,34500,219937,0.005830903790087438
2024-09-26,34350,34950,33850,34700,105748,0.005797101449275255
2024-09-27,34700,35300,34400,34650,104859,-0.0014409221902017544
2024-09-30,34800,35650,34650,35450,124066,0.023088023088023046
2024-10-02,35000,35200,34200,34250,96207,-0.03385049365303239
2024-10-04,34300,34500,33900,34250,39176,0.0
2024-10-07,34700,35400,34050,34600,97638,0.010218978102189746
2024-10-08,34600,34700,34050,34150,61977,-0.013005780346820761
2024-10-10,34900,36000,34700,34700,91629,0.016105417276720324
2024-10-11,35100,35100,34000,34700,70659,0.0
2024-10-14,35500,35600,34300,34450,99510,-0.007204610951008661
2024-10-15,34500,34550,33850,33850,71217,-0.01741654571843254
2024-10-16,33600,35400,33300,35300,128262,0.042836041358936594
2024-10-17,35300,35300,33000,33200,201902,-0.059490084985835745
2024-10-18,33550,33850,32900,33600,75153,0.012048192771084265
2024-10-21,33550,34050,33300,33650,79867,0.0014880952380953438
2024-10-22,33350,34050,32950,33100,92087,-0.01634472511144136
2024-10-23,33600,33800,32700,33550,59759,0.013595166163141936
2024-10-24,33550,33550,32850,33200,51695,-0.010432190760059634
2024-10-25,33000,33250,32500,33150,62141,-0.001506024096385561
2024-10-28,33150,33350,32800,33250,51885,0.003016591251885359
2024-10-29,33250,33250,31600,32100,90746,-0.0345864661654135
2024-10-30,32300,32300,31350,32100,60570,0.0
2024-10-31,32100,33150,31600,33150,96455,0.032710280373831724
2024-11-01,32600,32800,31950,32200,56913,-0.02865761689291102
2024-11-04,32200,32800,32050,32800,34513,0.01863354037267073
2024-11-05,32500,33200,32400,32750,45008,-0.0015243902439023849
2024-11-06,32600,32750,32000,32150,55255,-0.018320610687022953
2024-11-07,31700,32150,30850,31950,72588,-0.0062208398133748455
2024-11-08,32100,32350,31150,31600,67980,-0.010954616588419452
2024-11-11,31400,31800,31050,31800,51839,0.006329113924050667
2024-11-12,31450,31800,30800,30800,64910,-0.03144654088050314
2024-11-13,30650,31250,30000,30000,87046,-0.025974025974025983
2024-11-14,30100,30350,29200,29400,101676,-0.020000000000000018
2024-11-15,29400,30050,29050,29950,87180,0.018707482993197244
2024-11-18,29700,31450,29550,31400,84753,0.048414023372287174
2024-11-19,31400,31800,30950,31500,63912,0.0031847133757962887
2024-11-20,31200,32350,31100,31700,62929,0.006349206349206327
2024-11-21,32050,32050,31200,31200,34717,-0.01577287066246058
2024-11-22,31700,31700,30850,31300,34933,0.0032051282051281937
2024-11-25,31700,31750,31100,31400,49793,0.0031948881789136685
2024-11-26,31450,31700,31100,31700,49510,0.009554140127388644
2024-11-27,31400,31600,30150,30150,130135,-0.04889589905362779
2024-11-28,30500,31500,30400,31200,66872,0.03482587064676612
2024-11-29,31450,31450,30400,30750,42357,-0.014423076923076872
2024-12-02,31100,31150,29950,30400,50871,-0.011382113821138184
2024-12-03,30700,30800,30300,30500,42012,0.00328947368421062
2024-12-04,30400,30700,29900,30250,73575,-0.008196721311475419
2024-12-05,30200,30400,29850,29850,49197,-0.013223140495867813
2024-12-06,29950,30050,29000,29400,80349,-0.015075376884422065
2024-12-09,29400,29400,28400,28400,79852,-0.03401360544217691
2024-12-10,28400,30100,28400,29650,54888,0.04401408450704225
2024-12-11,29650,31250,29650,31050,63313,0.04721753794266448
2024-12-12,31300,31600,30800,31050,110569,0.0
2024-12-13,31150,31800,30750,31650,50315,0.019323671497584627
2024-12-16,31550,31900,31100,31100,28367,-0.017377567140600347
2024-12-17,31450,32050,31150,31850,58891,0.02411575562700974
2024-12-18,31950,32400,31550,32100,67160,0.007849293563579218
2024-12-19,31450,31700,31250,31250,58902,-0.026479750778816147
2024-12-20,31200,31250,30400,30750,41892,-0.016000000000000014
2024-12-23,31050,31550,30650,31500,53521,0.024390243902439046
2024-12-24,31400,31600,30850,31300,40620,-0.006349206349206327
2024-12-26,31350,31900,31100,31650,69988,0.011182108626198062
2024-12-27,31200,31300,30050,30200,68067,-0.04581358609794628
2024-12-30,30200,30800,30100,30150,30232,-0.0016556291390728006
2025-01-02,30150,30550,29850,30150,98352,0.0
2025-01-03,30150,30650,30150,30150,58407,0.0
2025-01-06,30150,30250,29900,30200,57850,0.0016583747927032544
2025-01-07,30300,30650,30000,30000,46580,-0.0066225165562914245
2025-01-08,29850,30650,29800,30150,59991,0.004999999999999893
2025-01-09,30100,32450,30100,31500,239665,0.04477611940298498
2025-01-10,31500,32150,31250,31800,82780,0.00952380952380949
2025-01-13,31600,31950,31250,31550,41969,-0.00786163522012584
2025-01-14,32000,33100,31450,32700,93312,0.03645007923930277
2025-01-15,32900,32950,32200,32450,41553,-0.007645259938837912
2025-01-16,32800,32800,31950,32400,50978,-0.0015408320493066618
2025-01-17,32200,32600,32100,32250,38099,-0.00462962962962965
2025-01-20,32300,32300,31850,32000,23879,-0.007751937984496138
2025-01-21,32150,32800,31600,31900,54715,-0.0031250000000000444
2025-01-22,32200,32200,30900,31600,70493,-0.009404388714733591
2025-01-23,31750,31900,30950,31550,59796,-0.0015822784810126667
2025-01-24,31300,32400,31250,31500,67265,-0.0015847860538826808
2025-01-31,31950,33200,31800,32050,134395,0.0174603174603174
2025-02-03,31650,32150,30600,30700,82326,-0.04212168486739465
2025-02-04,31050,31500,30500,30500,80148,-0.006514657980456029
2025-02-05,30550,30950,30400,30450,56524,-0.0016393442622950616
2025-02-06,30600,30750,30050,30200,66772,-0.008210180623973717
2025-02-07,30100,30900,30100,30250,62286,0.0016556291390728006
2025-02-10,30250,30300,29050,29300,155373,-0.031404958677686
2025-02-11,29350,29500,28250,28300,284846,-0.03412969283276446
2025-02-12,28350,28400,27100,27200,221501,-0.03886925795053009
2025-02-13,27600,28500,27600,27650,279840,0.016544117647058876
2025-02-14,27700,28150,27300,27850,125126,0.00723327305605781
2025-02-17,27900,27950,26850,27250,165473,-0.021543985637342944
2025-02-18,27250,27550,27100,27350,108094,0.003669724770642091
2025-02-19,27250,28650,27050,28600,216213,0.04570383912248621
2025-02-20,28600,29700,28000,29350,240505,0.02622377622377625
2025-02-21,32000,35950,30950,34700,2533077,0.18228279386712098
2025-02-24,33650,35350,33400,34800,406288,0.0028818443804035088
2025-02-25,34500,35750,34000,35200,233513,0.011494252873563315
2025-02-26,35100,38000,34400,37400,574653,0.0625
2025-02-27,36950,37500,35950,36450,246892,-0.025401069518716568
2025-02-28,35850,36150,34000,34400,284544,-0.056241426611796985
2025-03-04,34450,35000,33450,33700,195761,-0.02034883720930236
2025-03-05,34000,34700,33750,34100,217125,0.011869436201780381
2025-03-06,36000,36150,33350,33550,393442,-0.016129032258064502
2025-03-07,33400,33600,31950,32250,226138,-0.03874813710879288
2025-03-10,32000,32750,31600,32300,137076,0.0015503875968991832
2025-03-11,31600,32100,31400,31850,146920,-0.01393188854489169
2025-03-12,31850,34100,31500,33650,227592,0.05651491365777073
2025-03-13,33650,37350,33550,34950,612845,0.038632986627043175
2025-03-14,34950,35750,34250,34400,129817,-0.01573676680972813
2025-03-17,35400,35450,33900,34950,100108,0.015988372093023173
2025-03-18,35400,36150,35050,35400,96479,0.012875536480686733
2025-03-19,35400,37050,34950,37000,202633,0.04519774011299438
2025-03-20,37900,38850,36000,36450,232368,-0.014864864864864824
2025-03-21,36800,38500,35650,38000,209696,0.04252400548696844
2025-03-24,38550,40500,38100,38900,455362,0.023684210526315752
2025-03-25,41150,41450,38550,39100,607139,0.005141388174807249
2025-03-26,39250,40500,39100,39100,233238,0.0
2025-03-27,38000,39950,37900,39700,179526,0.01534526854219953
2025-03-28,38600,39800,37750,38900,150492,-0.02015113350125941
2025-03-31,38050,38950,37850,38350,119015,-0.014138817480719768
2025-04-01,38600,38900,37250,37950,97324,-0.010430247718383301
2025-04-02,37950,38350,37350,37500,81098,-0.011857707509881465
2025-04-03,36000,37650,35700,36850,117158,-0.01733333333333331
2025-04-04,35250,36450,34500,35250,240819,-0.04341926729986434
2025-04-07,33000,33350,30900,31150,288849,-0.1163120567375886
2025-04-08,31950,32100,31050,31200,116345,0.0016051364365972098
2025-04-09,30600,31350,29950,30500,135094,-0.022435897435897467
2025-04-10,32900,32900,31300,31550,179154,0.03442622950819674
2025-04-11,30900,30950,29100,30200,332843,-0.0427892234548336
2025-04-14,30400,30450,29500,30300,201365,0.0033112582781456013
2025-04-15,32500,32600,31700,32100,271272,0.05940594059405946
2025-04-16,32050,32050,29950,30150,242988,-0.06074766355140182
2025-04-17,30400,30800,30050,30600,74748,0.014925373134328401
2025-04-18,30800,32000,30300,31700,153209,0.03594771241830075
2025-04-21,31900,31900,31250,31500,99222,-0.006309148264984188
2025-04-22,30800,31600,30800,31300,74724,-0.006349206349206327
2025-04-23,32350,33700,32250,33550,303796,0.0718849840255591
2025-04-24,34750,34850,33100,34300,259449,0.02235469448584193
2025-04-25,34950,34950,33300,33800,177043,-0.014577259475218707
2025-04-28,33550,33850,32900,33150,173139,-0.019230769230769273
2025-04-29,34250,34500,32700,33350,209748,0.006033182503770718
2025-04-30,33450,33700,32400,32850,157803,-0.014992503748125885
2025-05-02,32700,33000,32200,32900,116650,0.0015220700152207556
2025-05-07,33050,33050,31350,31800,154892,-0.033434650455927084
2025-05-08,31850,32650,31850,32550,99831,0.02358490566037741
2025-05-09,33250,33950,32750,33200,181919,0.019969278033794113
2025-05-12,33250,33950,32950,33850,131697,0.01957831325301207
2025-05-13,34100,34450,33350,33950,140027,0.002954209748892156
2025-05-14,33950,34000,33150,33450,105597,-0.014727540500736325
2025-05-15,33050,33350,32950,33050,77693,-0.01195814648729443
2025-05-16,32900,33050,31950,32000,111417,-0.0317700453857791
2025-05-19,31800,31800,30750,31050,131192,-0.029687499999999978
2025-05-20,31450,31500,30350,30900,122416,-0.004830917874396157
2025-05-21,31100,31350,30800,31250,55030,0.01132686084142387
2025-05-22,30950,31000,30150,30400,151826,-0.027200000000000002
2025-05-23,30400,30600,30050,30200,100231,-0.006578947368421018
2025-05-26,30350,30550,30000,30300,52457,0.0033112582781456013
2025-05-27,30300,30400,29900,30050,96295,-0.008250825082508295
2025-05-28,30150,30800,30050,30550,107500,0.016638935108153063
2025-05-29,31400,32000,30800,31850,149233,0.042553191489361764
2025-05-30,31550,31950,31250,31700,112246,-0.004709576138147598
2025-06-02,31150,31400,30250,30400,113703,-0.04100946372239744
2025-06-04,30500,31550,30150,31200,99674,0.026315789473684292
2025-06-05,31100,32200,30950,31550,138265,0.011217948717948678
2025-06-09,31950,32800,31500,32150,141251,0.019017432646592614
2025-06-10,32600,32650,32050,32300,115663,0.004665629860031162
2025-06-11,32400,32900,32050,32400,110615,0.003095975232198178
2025-06-12,32400,33100,32250,32600,202181,0.006172839506172867
2025-06-13,32400,32400,30850,31050,231824,-0.0475460122699386
2025-06-16,31100,31350,30300,31250,120674,0.006441223832528209
2025-06-17,31300,31950,31050,31500,137263,0.008000000000000007
2025-06-18,31100,31500,30700,31500,110282,0.0
2025-06-19,31750,32500,31100,32150,173076,0.02063492063492056
2025-06-20,32000,32400,31500,32150,127594,0.0
2025-06-23,31350,31700,30800,31450,158789,-0.021772939346811793
2025-06-24,31900,32950,31800,32350,243321,0.02861685214626397
2025-06-25,32400,34500,32100,33400,404757,0.032457496136012454
2025-06-26,33200,33350,31900,32250,165995,-0.034431137724550864
2025-06-27,32350,32350,31300,31500,194855,-0.023255813953488413
2025-06-30,31650,31825,31150,31250,79865,-0.007936507936507908
2025-07-01,31550,32400,31300,31800,139823,0.01760000000000006
2025-07-02,31950,32700,31650,32500,137535,0.022012578616352307
2025-07-03,32200,33100,32200,33050,120586,0.01692307692307682
2025-07-04,33100,33150,32100,32150,72416,-0.027231467473525006
2025-07-07,32000,32350,31750,31850,68235,-0.009331259720062213
2025-07-08,31800,32250,31550,32100,54752,0.007849293563579218
2025-07-09,31850,31950,31500,31850,72867,-0.007788161993769416
2025-07-10,31950,32350,31700,31850,131034,0.0
2025-07-11,31950,32350,31800,32250,120854,0.012558869701726927
2025-07-14,32250,33450,32000,32800,146898,0.01705426356589146
2025-07-15,33000,33000,32200,32700,92857,-0.0030487804878048808
2025-07-16,32500,32600,31850,31850,126922,-0.025993883792048922
2025-07-17,32100,32200,31350,32000,84948,0.0047095761381474865
2025-07-18,32050,32650,32000,32300,85804,0.009374999999999911
2025-07-21,32350,32550,32050,32250,53377,-0.001547987616099089
2025-07-22,32250,32350,31400,31650,120777,-0.018604651162790753
2025-07-23,32400,36250,32400,35700,1443481,0.12796208530805697
2025-07-24,35250,36100,34800,35400,335521,-0.008403361344537785
2025-07-25,34850,35250,33950,34150,160240,-0.035310734463276816
2025-07-28,34900,35050,34050,34600,133170,0.013177159590043841
2025-07-29,34500,35200,33800,34850,136790,0.007225433526011571
2025-07-30,34950,37450,34800,36400,406062,0.0444763271162123
2025-07-31,37900,37900,33050,33400,921746,-0.08241758241758246
2025-08-01,32700,33450,32400,32400,200028,-0.029940119760479056
2025-08-04,32000,32800,32000,32450,105066,0.0015432098765431057
2025-08-05,32700,32950,32300,32600,97741,0.0046224961479199855
2025-08-06,32350,33100,32300,32900,90263,0.009202453987730008
2025-08-07,33500,34000,33100,34000,175994,0.033434650455927084
2025-08-08,33750,33950,33350,33400,106628,-0.01764705882352946
2025-08-11,33400,33650,33025,33100,94409,-0.008982035928143728
2025-08-12,33050,33500,32900,32950,109943,-0.004531722054380682
2025-08-13,33250,33750,33100,33450,85100,0.015174506828528056
2025-08-14,33600,33850,32950,32950,111919,-0.014947683109118093
2025-08-18,32800,33000,32350,32800,46566,-0.004552352048558417
2025-08-19,32950,33400,32550,33350,66498,0.0167682926829269
2025-08-20,33450,33750,33000,33750,133845,0.011994002998500841
2025-08-21,33750,34150,33500,33800,115527,0.001481481481481417
2025-08-22,33950,34450,33600,33800,131859,0.0
2025-08-25,33950,33950,33200,33550,99471,-0.007396449704141994
2025-08-26,33250,34500,33250,33650,119348,0.0029806259314455463
2025-08-27,34000,34000,33400,33400,59420,-0.007429420505200568
2025-08-28,33500,34650,33350,33950,136066,0.01646706586826352
2025-08-29,33950,34250,33625,34000,84447,0.0014727540500736325
2025-09-01,34050,34500,33750,33800,74612,-0.00588235294117645
2025-09-02,33900,34000,33200,33800,52865,0.0
2025-09-03,33500,34300,33300,33850,72574,0.0014792899408284654
2025-09-04,33950,34000,33500,33850,57127,0.0
2025-09-05,34000,34200,33450,33700,85602,-0.004431314623338234
2025-09-08,33400,33400,32650,33300,104045,-0.011869436201780381
2025-09-09,33550,33650,33150,33450,88936,0.0045045045045044585
2025-09-10,33350,33950,33350,33850,77016,0.01195814648729443
2025-09-11,35350,37100,34900,36200,541365,0.069423929098966
2025-09-12,36050,36100,35300,35900,148460,-0.008287292817679592
2025-09-15,35500,35500,34000,34500,310014,-0.03899721448467963
2025-09-16,34550,35700,34400,35450,148681,0.02753623188405796
2025-09-17,35200,35750,34900,35450,75136,0.0
2025-09-18,35400,36250,34950,36050,152646,0.016925246826516194
2025-09-19,36050,36050,34450,34800,254851,-0.03467406380027738
2025-09-22,35050,36750,34800,36400,271950,0.04597701149425282
2025-09-23,36400,36650,35800,36550,136863,0.004120879120879106
2025-09-24,36250,36250,35050,35650,144415,-0.024623803009575895
2025-09-25,35400,35800,34800,35200,88095,-0.012622720897615736
2025-09-26,34900,34950,34150,34550,98452,-0.01846590909090906
2025-09-29,34700,34750,34150,34200,65851,-0.01013024602026047
2025-09-30,34100,34250,33600,33900,89615,-0.00877192982456143
2025-10-01,33900,34300,33900,33950,57950,0.001474926253687281
2025-10-02,34400,35150,34200,34450,105876,0.014727540500736325
2025-10-10,34150,34600,33800,34300,107763,-0.004354136429608135
2025-10-13,34200,34350,33500,33800,95412,-0.014577259475218707
2025-10-14,33650,34600,33650,33750,117011,-0.0014792899408283544
2025-10-15,34050,35100,34050,34850,90458,0.032592592592592506
2025-10-16,36950,37800,36100,36650,435038,0.05164992826398862
2025-10-17,36150,36850,36000,36400,135246,-0.006821282401091366
2025-10-20,37600,37700,35600,36300,204933,-0.0027472527472527375
2025-10-21,36950,37700,36300,36600,276957,0.008264462809917328
2025-10-22,37950,38000,36400,37200,211800,0.016393442622950838
2025-10-23,36450,36800,36100,36100,140266,-0.029569892473118253
2025-10-24,36400,36400,35700,36250,127572,0.0041551246537396835
2025-10-27,36300,36600,35650,36000,192473,-0.006896551724137945
2025-10-28,35800,35800,35300,35600,130008,-0.011111111111111072
2025-10-29,36000,36250,35350,36100,144360,0.014044943820224809
2025-10-30,38750,38750,35400,35450,385088,-0.018005540166205036
2025-10-31,36050,36850,35650,36350,305593,0.02538787023977429
2025-11-03,36850,36850,35150,35350,249761,-0.02751031636863821
2025-11-04,35250,35250,34550,34650,118001,-0.01980198019801982
2025-11-05,34400,34500,33200,33750,152109,-0.025974025974025983
2025-11-06,34500,34700,33650,34400,90674,0.01925925925925931
2025-11-07,34400,34400,33400,33850,101256,-0.015988372093023284
2025-11-10,34100,35150,33950,34900,92789,0.03101920236336775
2025-11-11,35100,35250,34550,34800,81471,-0.002865329512893977
2025-11-12,34600,35300,34350,35100,78734,0.008620689655172376
2025-11-13,35150,35500,34900,35050,110894,-0.0014245014245014564
2025-11-14,34550,35300,34300,34300,80178,-0.021398002853067033
2025-11-17,35050,35050,34200,34800,71036,0.014577259475218707
2025-11-18,34450,35000,34200,34450,97196,-0.010057471264367845
2025-11-19,34850,35850,34650,35400,167837,0.027576197387518153
2025-11-20,35850,37050,35600,36500,272331,0.031073446327683607
2025-11-21,35800,36600,35550,36100,137389,-0.010958904109588996
2025-11-24,36500,36850,35900,36450,143022,0.00969529085872578
2025-11-25,36800,37900,36750,37150,196248,0.019204389574760006
2025-11-26,37350,38100,36650,38100,202872,0.025572005383580176
2025-11-27,37800,40500,37800,40300,449192,0.05774278215223094
2025-11-28,40100,42100,40100,41400,338577,0.027295285359801413
