Date,Open,High,Low,Close,Volume,Change
2023-10-13,2000,5480,1991,2375,87575540,
2023-10-16,2200,2955,2145,2380,31815595,0.002105263157894832
2023-10-17,2510,2750,2420,2460,14820459,0.03361344537815136
2023-10-18,2385,2475,2100,2160,3862662,-0.12195121951219512
2023-10-19,2060,2130,2010,2010,1700749,-0.06944444444444442
2023-10-20,2005,2050,1992,1992,967272,-0.008955223880596996
2023-10-23,1991,2005,1990,1990,399628,-0.0010040160642570406
2023-10-24,1981,1995,1963,1976,456232,-0.007035175879396949
2023-10-25,1975,1988,1968,1984,234953,0.004048582995951344
2023-10-26,1984,1990,1956,1977,264792,-0.0035282258064516236
2023-10-27,1977,1979,1962,1963,124192,-0.0070814365199797225
2023-10-30,1962,1979,1957,1959,199591,-0.002037697401935823
2023-10-31,1961,1970,1955,1959,69483,0.0
2023-11-01,1959,1964,1951,1957,94441,-0.0010209290454313846
2023-11-02,2000,2000,1951,1977,191251,0.010219724067450198
2023-11-03,1959,1990,1958,1988,92259,0.005563985837127028
2023-11-06,1988,1988,1972,1980,84401,-0.004024144869215318
2023-11-07,1978,1980,1961,1961,68200,-0.009595959595959602
2023-11-08,1960,1969,1954,1959,38502,-0.0010198878123406363
2023-11-09,1954,1966,1952,1953,47996,-0.003062787136294043
2023-11-10,1950,1960,1944,1949,69125,-0.0020481310803891484
2023-11-13,1958,1958,1941,1941,47382,-0.004104669061056998
2023-11-14,1941,1950,1935,1940,51323,-0.0005151983513652647
2023-11-15,1938,1956,1935,1945,44998,0.002577319587628857
2023-11-16,1944,1953,1940,1942,20009,-0.0015424164524421302
2023-11-17,1939,1951,1939,1940,27792,-0.001029866117404743
2023-11-20,1940,1941,1934,1940,38160,0.0
2023-11-21,1935,1948,1931,1947,43624,0.0036082474226803996
2023-11-22,1944,1970,1936,1969,46916,0.011299435028248483
2023-11-23,1966,1972,1961,1972,25083,0.001523616048755727
2023-11-24,1970,1981,1969,1978,36428,0.0030425963488844854
2023-11-27,1979,1990,1977,1986,66313,0.004044489383215444
2023-11-28,1980,1985,1963,1980,45874,-0.0030211480362537513
2023-11-29,1978,1984,1970,1981,32109,0.0005050505050505638
2023-11-30,1979,1979,1967,1977,12147,-0.002019182231196348
2023-12-01,1972,1977,1966,1971,32454,-0.003034901365705611
2023-12-04,1971,1975,1966,1970,35746,-0.0005073566717402889
2023-12-05,1966,1971,1961,1969,91614,-0.0005076142131980044
2023-12-06,1969,1971,1961,1969,16227,0.0
2023-12-07,1969,1973,1960,1971,23714,0.001015744032503818
2023-12-08,1971,1972,1962,1971,25618,0.0
2023-12-11,1970,1973,1965,1972,26205,0.0005073566717401778
2023-12-12,1972,1973,1963,1972,37509,0.0
2023-12-13,1972,1972,1962,1970,27936,-0.0010141987829614951
2023-12-14,1969,1978,1965,1975,27659,0.002538071065989911
2023-12-15,1968,1987,1968,1987,16804,0.006075949367088551
2023-12-18,1986,1986,1971,1979,8902,-0.004026170105686955
2023-12-19,1971,1986,1971,1986,23935,0.0035371399696817463
2023-12-20,1983,1989,1975,1988,31957,0.001007049345417954
2023-12-21,1983,1989,1976,1988,25811,0.0
2023-12-22,1988,1989,1979,1987,16921,-0.0005030181086519425
2023-12-26,1989,1990,1980,1988,12843,0.0005032712632109249
2023-12-27,1988,1988,1981,1987,10861,-0.0005030181086519425
2023-12-28,1989,1997,1987,1997,66636,0.0050327126321088045
2024-01-02,1996,1998,1991,1997,26475,0.0
2024-01-03,1997,1999,1995,1996,43304,-0.0005007511266900133
2024-01-04,1996,1996,1989,1995,16614,-0.0005010020040080443
2024-01-05,1991,2005,1991,2000,19897,0.0025062656641603454
2024-01-08,2005,2010,1998,2005,22894,0.0024999999999999467
2024-01-09,1997,2020,1997,2010,30242,0.0024937655860348684
2024-01-10,2010,2030,2010,2020,33647,0.004975124378109541
2024-01-11,2020,2045,2020,2035,20894,0.007425742574257432
2024-01-12,2035,2045,2025,2045,19027,0.004914004914004844
2024-01-15,2065,2065,2040,2045,24752,0.0
2024-01-16,2045,2055,2035,2045,15339,0.0
2024-01-17,2060,2060,2025,2040,14582,-0.0024449877750610804
2024-01-18,2030,2040,2015,2015,30407,-0.01225490196078427
2024-01-19,2020,2040,2015,2040,13606,0.012406947890818865
2024-01-22,2030,2040,2020,2040,18480,0.0
2024-01-23,2025,2040,2025,2035,14328,-0.002450980392156854
2024-01-24,2020,2055,2020,2050,18267,0.0073710073710073765
2024-01-25,2030,2060,2030,2050,12704,0.0
2024-01-26,2050,2070,2040,2065,16885,0.007317073170731714
2024-01-29,2065,2070,2030,2060,23783,-0.002421307506053294
2024-01-30,2050,2065,2050,2060,7769,0.0
2024-01-31,2060,2070,2050,2070,9527,0.004854368932038833
2024-02-01,2050,2065,2050,2065,15889,-0.0024154589371980784
2024-02-02,2060,2065,2055,2065,8832,0.0
2024-02-05,2060,2070,2055,2065,2550,0.0
2024-02-06,2065,2070,2060,2065,3715,0.0
2024-02-07,2055,2070,2055,2065,5553,0.0
2024-02-08,2055,2075,2050,2075,13010,0.004842615012106588
2024-02-13,2060,2075,2055,2070,17509,-0.002409638554216831
2024-02-14,2060,2070,2055,2070,14192,0.0
2024-02-15,2055,2070,2050,2060,18238,-0.004830917874396157
2024-02-16,2060,2080,2055,2060,25500,0.0
2024-02-19,2055,2070,2055,2070,27784,0.004854368932038833
2024-02-20,2075,2075,2055,2065,20395,-0.0024154589371980784
2024-02-21,2065,2075,2060,2075,24900,0.004842615012106588
2024-02-22,2075,2080,2060,2075,36916,0.0
2024-02-23,2065,2110,2065,2105,28141,0.014457831325301207
2024-02-26,2105,2110,2090,2105,6451,0.0
2024-02-27,2095,2105,2080,2080,6813,-0.01187648456057011
2024-02-28,2080,2095,2070,2085,5443,0.0024038461538462563
2024-02-29,2070,2100,2070,2090,15436,0.0023980815347721673
2024-03-04,2075,2115,2075,2090,11742,0.0
2024-03-05,2090,2090,2065,2080,20437,-0.004784688995215336
2024-03-06,2080,2080,2065,2075,3953,-0.0024038461538461453
2024-03-07,2070,2075,2065,2070,4043,-0.002409638554216831
2024-03-08,2070,2075,2055,2075,6025,0.0024154589371980784
2024-03-11,2070,2070,2060,2070,220,-0.002409638554216831
2024-03-12,2070,2070,2060,2070,2605,0.0
2024-03-13,2070,2070,2050,2060,11529,-0.004830917874396157
2024-03-14,2055,2075,2055,2065,26069,0.0024271844660195274
2024-03-15,2065,2065,2055,2060,3098,-0.002421307506053294
2024-03-18,2055,2070,2045,2070,19878,0.004854368932038833
2024-03-19,2080,2080,2055,2075,1807,0.0024154589371980784
2024-03-20,2070,2080,2060,2070,6399,-0.002409638554216831
2024-03-21,2065,2080,2055,2075,10932,0.0024154589371980784
2024-03-22,2070,2085,2070,2080,5787,0.002409638554216942
2024-03-25,2075,2090,2065,2085,16337,0.0024038461538462563
2024-03-26,2080,2080,2065,2080,4066,-0.0023980815347721673
2024-03-27,2075,2090,2070,2090,21841,0.004807692307692291
2024-03-28,2090,2100,2080,2100,9754,0.004784688995215225
2024-03-29,2100,2100,2075,2100,8462,0.0
2024-04-01,2090,2090,2080,2090,2246,-0.004761904761904745
2024-04-02,2090,2090,2070,2085,1966,-0.0023923444976076125
2024-04-03,2075,2085,2075,2085,1821,0.0
2024-04-04,2085,2085,2065,2075,1406,-0.004796163069544335
2024-04-05,2070,2075,2065,2075,8511,0.0
2024-04-08,2080,2080,2055,2070,13489,-0.002409638554216831
2024-04-09,2075,2080,2065,2065,12797,-0.0024154589371980784
2024-04-11,2060,2075,2060,2070,4851,0.002421307506053294
2024-04-12,2070,2080,2070,2075,7105,0.0024154589371980784
2024-04-15,2065,2075,2060,2075,17041,0.0
2024-04-16,2070,2075,2060,2070,10632,-0.002409638554216831
2024-04-17,2070,2080,2065,2065,13013,-0.0024154589371980784
2024-04-18,2075,2080,2070,2070,5581,0.002421307506053294
2024-04-19,2065,2085,2065,2080,3257,0.004830917874396157
2024-04-22,2075,2080,2065,2080,4002,0.0
2024-04-23,2070,2080,2065,2080,2931,0.0
2024-04-24,2085,2085,2065,2075,6587,-0.0024038461538461453
2024-04-25,2070,2090,2055,2090,21875,0.0072289156626506035
2024-04-26,2090,2095,2080,2095,27467,0.0023923444976077235
2024-04-29,2090,2105,2090,2100,10128,0.0023866348448686736
2024-04-30,2105,2105,2095,2100,2476,0.0
2024-05-02,2090,2095,2070,2090,12264,-0.004761904761904745
2024-05-03,2090,2105,2080,2090,43360,0.0
2024-05-07,2090,2090,2075,2080,4426,-0.004784688995215336
2024-05-08,2075,2080,2075,2075,2011,-0.0024038461538461453
2024-05-09,2080,2085,2075,2085,2562,0.004819277108433662
2024-05-10,2080,2085,2075,2080,2423,-0.0023980815347721673
2024-05-13,2085,2085,2080,2085,3395,0.0024038461538462563
2024-05-14,2090,2090,2080,2085,1929,0.0
2024-05-16,2080,2090,2080,2085,6844,0.0
2024-05-17,2085,2090,2085,2090,2164,0.0023980815347721673
2024-05-20,2090,2090,2085,2090,670,0.0
2024-05-21,2090,2090,2080,2090,4195,0.0
2024-05-22,2090,2095,2075,2085,3902,-0.0023923444976076125
2024-05-23,2080,2085,2075,2085,7710,0.0
2024-05-24,2080,2090,2075,2090,13134,0.0023980815347721673
2024-05-27,2080,2085,2075,2080,10221,-0.004784688995215336
2024-05-28,2080,2080,2075,2080,5152,0.0
2024-05-29,2080,2080,2070,2080,8671,0.0
2024-05-30,2080,2080,2070,2080,12470,0.0
2024-05-31,2075,2075,2065,2075,5330,-0.0024038461538461453
2024-06-03,2070,2075,2065,2075,3115,0.0
2024-06-04,2070,2075,2065,2075,7994,0.0
2024-06-05,2075,2085,2060,2085,11131,0.004819277108433662
2024-06-07,2085,2090,2070,2090,6674,0.0023980815347721673
2024-06-10,2090,2100,2085,2100,9874,0.004784688995215225
2024-06-11,2100,2100,2080,2095,18646,-0.0023809523809523725
2024-06-12,2095,2100,2080,2095,5905,0.0
2024-06-13,2085,2095,2080,2095,14464,0.0
2024-06-14,2080,2095,2080,2085,5847,-0.004773269689737458
2024-06-17,2080,2085,2055,2080,12243,-0.0023980815347721673
2024-06-18,2080,2085,2075,2080,3028,0.0
2024-06-19,2070,2080,2065,2080,11036,0.0
2024-06-20,2080,2085,2080,2085,10874,0.0024038461538462563
2024-06-21,2090,2130,2055,2080,40118,-0.0023980815347721673
2024-06-24,2080,2085,2060,2075,17758,-0.0024038461538461453
2024-06-25,2070,2080,2060,2075,16314,0.0
2024-06-26,2070,2080,2065,2075,9699,0.0
2024-06-27,2070,2085,2065,2075,15649,0.0
2024-06-28,2070,2085,2055,2080,21479,0.002409638554216942
2024-07-01,2075,2085,2075,2085,10428,0.0024038461538462563
2024-07-02,2080,2095,2070,2095,23956,0.004796163069544335
2024-07-03,2085,2100,2085,2100,4545,0.0023866348448686736
2024-07-04,2095,2100,2080,2100,8034,0.0
2024-07-05,2100,2105,2085,2100,5359,0.0
2024-07-08,2100,2105,2085,2105,7587,0.0023809523809523725
2024-07-09,2100,2105,2100,2100,4034,-0.002375296912114022
2024-07-10,2090,2100,2090,2100,4400,0.0
2024-07-11,2100,2100,2090,2100,5225,0.0
2024-07-12,2100,2105,2090,2100,2784,0.0
2024-07-15,2100,2105,2090,2105,6566,0.0023809523809523725
2024-07-16,2100,2105,2095,2105,4239,0.0
2024-07-17,2110,2110,2095,2105,658,0.0
2024-07-18,2095,2110,2075,2090,29030,-0.0071258907363420665
2024-07-19,2090,2105,2090,2105,11136,0.0071770334928229484
2024-07-22,2105,2105,2090,2105,5610,0.0
2024-07-23,2105,2105,2100,2105,7575,0.0
2024-07-24,2105,2110,2100,2110,5765,0.002375296912114022
2024-07-25,2110,2110,2090,2110,6917,0.0
2024-07-26,2090,2110,2090,2110,22893,0.0
2024-07-29,2105,2110,2095,2110,8767,0.0
2024-07-30,2110,2115,2095,2115,2866,0.0023696682464455776
2024-07-31,2115,2115,2100,2115,2073,0.0
2024-08-01,2090,2110,2085,2105,3378,-0.004728132387706863
2024-08-02,2095,2110,2095,2110,1565,0.002375296912114022
2024-08-05,2110,2110,2070,2105,30404,-0.0023696682464454666
2024-08-06,2065,2100,2065,2100,17247,-0.002375296912114022
2024-08-07,2080,2100,2080,2100,6230,0.0
2024-08-08,2095,2110,2090,2110,3181,0.004761904761904745
2024-08-09,2095,2100,2090,2100,2794,-0.004739336492891044
2024-08-12,2090,2100,2090,2100,5750,0.0
2024-08-13,2100,2100,2090,2100,9254,0.0
2024-08-14,2100,2100,2085,2100,10552,0.0
2024-08-16,2100,2105,2095,2105,3123,0.0023809523809523725
2024-08-19,2090,2100,2090,2100,7094,-0.002375296912114022
2024-08-20,2100,2100,2090,2100,4108,0.0
2024-08-21,2090,2095,2085,2095,2989,-0.0023809523809523725
2024-08-22,2085,2095,2080,2090,788,-0.0023866348448687846
2024-08-23,2065,2090,2015,2090,20741,0.0
2024-08-26,2070,2085,2070,2085,6666,-0.0023923444976076125
2024-08-27,2085,2085,2055,2075,4558,-0.004796163069544335
2024-08-28,2075,2080,2075,2075,2024,0.0
2024-08-29,2060,2070,2060,2070,2730,-0.002409638554216831
2024-08-30,2060,2060,2055,2060,2174,-0.004830917874396157
2024-09-02,2060,2065,2050,2065,4060,0.0024271844660195274
2024-09-03,2065,2065,2055,2065,4587,0.0
2024-09-04,2060,2065,2045,2045,6608,-0.009685230024213065
2024-09-05,2055,2060,2035,2050,8073,0.0024449877750611915
2024-09-06,2050,2060,2035,2060,7845,0.004878048780487809
2024-09-09,2055,2060,2035,2050,12688,-0.004854368932038833
2024-09-10,2050,2055,2035,2050,4880,0.0
2024-09-11,2035,2040,2025,2035,21011,-0.007317073170731714
2024-09-12,2045,2050,2025,2040,51557,0.002457002457002533
2024-09-13,2045,2045,2025,2035,13192,-0.002450980392156854
2024-09-19,2035,2035,2025,2030,14469,-0.002457002457002422
2024-09-20,2025,2035,2025,2030,839,0.0
2024-09-23,2020,2045,2020,2040,8571,0.0049261083743843415
2024-09-24,2030,2040,2030,2040,634,0.0
2024-09-25,2040,2040,2035,2040,2320,0.0
2024-09-26,2040,2040,2025,2030,14271,-0.004901960784313708
2024-09-27,2030,2045,2025,2040,5725,0.0049261083743843415
2024-09-30,2030,2045,2030,2040,1044,0.0
2024-10-02,2025,2035,2025,2035,1835,-0.002450980392156854
2024-10-04,2025,2045,2025,2035,449,0.0
2024-10-07,2025,2050,2025,2030,980,-0.002457002457002422
2024-10-08,2030,2040,2030,2040,273,0.0049261083743843415
2024-10-10,2030,2040,2030,2035,4765,-0.002450980392156854
2024-10-11,2030,2035,2025,2030,15724,-0.002457002457002422
2024-10-14,2035,2040,2025,2040,10357,0.0049261083743843415
2024-10-15,2030,2035,2030,2030,1062,-0.004901960784313708
2024-10-16,2030,2040,2025,2030,324,0.0
2024-10-17,2030,2035,2030,2035,1834,0.0024630541871921707
2024-10-18,2035,2040,2030,2040,5361,0.002457002457002533
2024-10-21,2035,2040,2030,2040,3546,0.0
2024-10-22,2035,2035,2030,2030,1644,-0.004901960784313708
2024-10-23,2030,2040,2030,2040,2880,0.0049261083743843415
2024-10-24,2040,2040,2035,2040,553,0.0
2024-10-25,2025,2040,2020,2030,7133,-0.004901960784313708
2024-10-28,2030,2040,2030,2040,6165,0.0049261083743843415
2024-10-29,2040,2040,2030,2040,202,0.0
2024-10-30,2030,2035,2025,2035,5611,-0.002450980392156854
2024-10-31,2035,2040,2035,2040,131,0.002457002457002533
2024-11-01,2030,2040,2030,2040,10353,0.0
2024-11-04,2050,2050,2030,2030,3921,-0.004901960784313708
2024-11-05,2030,2040,2030,2040,279,0.0049261083743843415
2024-11-06,2030,2035,2030,2030,8078,-0.004901960784313708
2024-11-07,2030,2035,2030,2035,1053,0.0024630541871921707
2024-11-08,2040,2040,2025,2035,4683,0.0
2024-11-11,2025,2030,2020,2030,5857,-0.002457002457002422
2024-11-12,2020,2030,2020,2025,7026,-0.0024630541871921707
2024-11-13,2020,2030,2015,2015,2127,-0.004938271604938316
2024-11-14,2015,2020,2010,2015,9758,0.0
2024-11-15,2015,2025,2010,2015,17116,0.0
2024-11-18,2010,2015,2005,2010,20754,-0.002481389578163795
2024-11-19,2005,2010,2005,2010,8065,0.0
2024-11-20,2005,2010,2000,2005,9220,-0.0024875621890547706
2024-11-21,2000,2015,2000,2015,24360,0.004987531172069737
2024-11-22,2015,2015,2000,2015,7281,0.0
2024-11-25,2015,2015,2000,2015,459,0.0
2024-11-26,2015,2015,2000,2010,6296,-0.002481389578163795
2024-11-27,2000,2010,2000,2010,11351,0.0
2024-11-28,2000,2015,2000,2010,1266,0.0
2024-11-29,2000,2010,2000,2010,2759,0.0
2024-12-02,2010,2010,1984,1999,9353,-0.005472636815920362
2024-12-03,1999,2000,1993,2000,11219,0.0005002501250626068
2024-12-04,1994,2000,1993,2000,748,0.0
2024-12-05,2000,2000,1994,2000,106,0.0
2024-12-06,2000,2000,1985,1998,15343,-0.0010000000000000009
2024-12-09,1997,2000,1969,2000,22810,0.0010010010010010895
2024-12-10,2000,2000,1979,1999,17076,-0.0004999999999999449
2024-12-11,1999,2000,1978,1987,675,-0.006003001500750393
2024-12-12,1961,1995,1961,1995,17762,0.004026170105686955
2024-12-13,1985,1995,1966,1995,6337,0.0
2024-12-16,1990,1995,1990,1995,8494,0.0
2024-12-17,2000,2000,1974,1997,7670,0.001002506265664227
2024-12-18,1997,1997,1991,1991,61,-0.003004506760140191
2024-12-19,1990,1990,1977,1977,1203,-0.007031642390758375
2024-12-20,1977,1981,1977,1981,321,0.002023267577137
2024-12-23,1990,1990,1971,1988,1634,0.0035335689045936647
2024-12-24,1990,1990,1972,1972,7026,-0.008048289738430636
2024-12-26,1982,1982,1952,1952,17058,-0.010141987829614618
2024-12-27,1962,1962,1952,1959,4586,0.0035860655737705027
2024-12-30,1969,1986,1960,1986,48250,0.013782542113323082
2025-01-02,1990,1999,1990,1994,8335,0.004028197381671594
2025-01-03,1997,1997,1975,1975,29357,-0.00952858575727178
2025-01-06,1975,1985,1975,1985,2958,0.005063291139240533
2025-01-07,1990,1990,1980,1987,11,0.001007556675062915
2025-01-08,1990,1990,1976,1989,185,0.0010065425264218497
2025-01-09,1989,1989,1989,1989,513,0.0
2025-01-10,1989,1989,1985,1989,15524,0.0
2025-01-13,1980,1995,1980,1990,1193,0.0005027652086475598
2025-01-14,1990,1992,1990,1990,546,0.0
2025-01-15,1994,1994,1983,1983,2875,-0.0035175879396984744
2025-01-16,1983,1987,1979,1987,6642,0.0020171457387796465
2025-01-17,1990,1990,1974,1987,569,0.0
2025-01-20,1992,1992,1981,1989,363,0.0010065425264218497
2025-01-21,1995,1995,1980,1992,968,0.0015082956259426794
2025-01-22,1990,1990,1990,1990,5,-0.0010040160642570406
2025-01-23,1990,1995,1990,1990,10054,0.0
2025-01-24,1990,1990,1980,1989,5687,-0.0005025125628140836
2025-01-31,1980,1987,1980,1987,5427,-0.0010055304172951196
2025-02-03,1987,1998,1975,1980,6722,-0.003522898842476141
2025-02-04,1990,1998,1976,1998,1022,0.009090909090909038
2025-02-05,1981,1998,1981,1998,513,0.0
2025-02-06,1990,2000,1990,1999,5422,0.0005005005005005447
2025-02-07,1984,1999,1984,1998,230,-0.0005002501250624958
2025-02-10,1991,2000,1991,2000,6217,0.0010010010010010895
2025-02-11,1999,2000,1998,1999,1350,-0.0004999999999999449
2025-02-12,1996,2000,1994,1999,16680,0.0
2025-02-13,1998,2005,1998,2005,4999,0.0030015007503751967
2025-02-14,1999,2010,1999,2000,1056,-0.0024937655860348684
2025-02-17,1990,2020,1990,2015,429,0.007500000000000062
2025-02-18,2000,2020,2000,2020,98,0.002481389578163684
2025-02-19,2015,2020,2015,2015,1222,-0.0024752475247524774
2025-02-20,2000,2020,2000,2015,2792,0.0
2025-02-21,2010,2020,2010,2020,6592,0.002481389578163684
2025-02-24,2010,2015,2010,2015,11757,-0.0024752475247524774
2025-02-25,2010,2025,2010,2025,23,0.00496277915632759
2025-02-26,2020,2025,2015,2025,1512,0.0
2025-02-27,2025,2025,2025,2025,6,0.0
2025-02-28,2025,2025,2015,2025,4098,0.0
2025-03-04,2020,2025,2020,2020,2300,-0.0024691358024691024
2025-03-05,2020,2020,2005,2020,19744,0.0
2025-03-06,2015,2020,2000,2005,20047,-0.007425742574257432
2025-03-07,2005,2020,2005,2020,14471,0.007481296758104827
2025-03-10,2010,2025,2010,2020,1586,0.0
2025-03-11,2025,2025,2015,2015,689,-0.0024752475247524774
2025-03-12,2015,2015,2005,2015,719,0.0
2025-03-13,2015,2015,2000,2015,500,0.0
2025-03-14,2010,2015,2005,2015,15023,0.0
2025-03-17,2010,2015,2005,2015,3871,0.0
2025-03-18,2010,2010,2005,2010,12081,-0.002481389578163795
2025-03-19,2010,2020,2005,2015,4944,0.0024875621890547706
2025-03-20,2010,2025,2000,2025,31668,0.00496277915632759
2025-03-21,2020,2020,2010,2020,206,-0.0024691358024691024
2025-03-24,2010,2020,2000,2015,20331,-0.0024752475247524774
2025-03-25,2010,2010,2005,2010,5402,-0.002481389578163795
2025-03-26,2005,2010,2000,2010,35516,0.0
2025-03-27,2010,2010,2010,2010,11,0.0
2025-03-28,2015,2015,2005,2015,7506,0.0024875621890547706
2025-03-31,2010,2015,2005,2015,1798,0.0
2025-04-01,2010,2015,2010,2015,250,0.0
2025-04-02,2010,2025,2010,2020,952,0.002481389578163684
2025-04-03,2015,2025,2010,2020,588,0.0
2025-04-04,2015,2020,2010,2015,683,-0.0024752475247524774
2025-04-07,2020,2020,2005,2020,18570,0.002481389578163684
2025-04-08,2015,2020,2015,2015,973,-0.0024752475247524774
2025-04-09,2010,2010,2005,2005,674,-0.00496277915632759
2025-04-10,2010,2020,2010,2010,361,0.0024937655860348684
2025-04-11,2010,2010,2000,2010,8390,0.0
2025-04-14,2015,2015,2005,2010,3459,0.0
2025-04-15,2005,2010,2005,2010,9146,0.0
2025-04-16,2005,2010,2000,2010,27932,0.0
2025-04-17,2010,2010,2000,2005,2680,-0.0024875621890547706
2025-04-18,2005,2010,2000,2010,7185,0.0024937655860348684
2025-04-21,2020,2020,2005,2015,530,0.0024875621890547706
2025-04-22,2015,2015,2005,2010,4781,-0.002481389578163795
2025-04-23,2010,2015,2005,2010,4176,0.0
2025-04-24,2010,2015,2010,2015,166,0.0024875621890547706
2025-04-25,2015,2015,2010,2015,13118,0.0
2025-04-28,2015,2015,2010,2015,319,0.0
2025-04-29,2015,2015,2010,2015,765,0.0
2025-04-30,2020,2020,2010,2015,527,0.0
2025-05-02,2020,2020,2015,2020,209,0.002481389578163684
2025-05-07,2020,2020,2015,2020,15542,0.0
2025-05-08,2020,2030,2020,2030,1979,0.004950495049504955
2025-05-09,2025,2030,2025,2030,1996,0.0
2025-05-12,2030,2030,2025,2030,400,0.0
2025-05-13,2025,2025,2020,2025,2464,-0.0024630541871921707
2025-05-14,2025,2030,2020,2025,10901,0.0
2025-05-15,2030,2035,2025,2035,7662,0.004938271604938205
2025-05-16,2035,2035,2030,2030,677,-0.002457002457002422
2025-05-19,2030,2035,2030,2035,6806,0.0024630541871921707
2025-05-20,2032,2035,2032,2035,151,0.0
2025-05-21,2030,2035,2030,2035,34230,0.0
2025-05-22,2035,2040,2035,2040,482,0.002457002457002533
2025-05-23,2040,2040,2030,2040,8911,0.0
2025-05-26,2040,2040,2035,2040,1751,0.0
2025-05-27,2040,2040,2035,2040,3859,0.0
2025-05-28,2040,2040,2040,2040,5759,0.0
2025-05-29,2040,2045,2040,2045,13620,0.002450980392156854
2025-05-30,2050,2050,2040,2050,589,0.0024449877750611915
2025-06-02,2050,2050,2045,2050,1334,0.0
2025-06-04,2040,2050,2040,2050,2374,0.0
2025-06-05,2050,2050,2040,2045,5875,-0.0024390243902439046
2025-06-09,2050,2055,2050,2050,3439,0.0024449877750611915
2025-06-10,2050,2055,2045,2055,5352,0.0024390243902439046
2025-06-11,2055,2055,2045,2055,5800,0.0
2025-06-12,2055,2055,2040,2045,1971,-0.0048661800486617945
2025-06-13,2045,2055,2040,2055,6271,0.004889975550122161
2025-06-16,2050,2050,2040,2050,2980,-0.0024330900243308973
2025-06-17,2050,2050,2040,2050,14613,0.0
2025-06-18,2050,2055,2045,2045,3647,-0.0024390243902439046
2025-06-19,2042,2045,2040,2045,1237,0.0
2025-06-20,2040,2050,2040,2050,504,0.0024449877750611915
2025-06-23,2045,2050,2040,2045,13889,-0.0024390243902439046
2025-06-24,2040,2045,2040,2040,12655,-0.0024449877750610804
2025-06-25,2040,2045,2040,2045,5358,0.002450980392156854
2025-06-26,2045,2045,2040,2045,4004,0.0
2025-06-27,2045,2045,2040,2045,7291,0.0
2025-06-30,2045,2045,2040,2040,4667,-0.0024449877750610804
2025-07-01,2040,2045,2040,2045,2062,0.002450980392156854
2025-07-02,2040,2045,2040,2045,4353,0.0
2025-07-03,2040,2040,2040,2040,470,-0.0024449877750610804
2025-07-04,2040,2040,2035,2040,68,0.0
2025-07-07,2035,2040,2025,2035,30331,-0.002450980392156854
2025-07-08,2035,2045,2035,2040,4874,0.002457002457002533
2025-07-09,2035,2045,2025,2040,14675,0.0
2025-07-10,2030,2035,2030,2035,20631,-0.002450980392156854
2025-07-11,2030,2040,2030,2030,15549,-0.002457002457002422
2025-07-14,2030,2030,2025,2030,16156,0.0
2025-07-15,2035,2035,2030,2030,10270,0.0
2025-07-16,2030,2035,2025,2035,8184,0.0024630541871921707
2025-07-17,2025,2035,2025,2035,4295,0.0
2025-07-18,2030,2035,2025,2025,11870,-0.004914004914004955
2025-07-21,2025,2030,2025,2025,48273,0.0
2025-07-22,2025,2035,2025,2035,8041,0.004938271604938205
2025-07-23,2025,2040,2025,2040,3044,0.002457002457002533
2025-07-24,2035,2040,2035,2040,1397,0.0
2025-07-25,2025,2040,2025,2040,2489,0.0
2025-07-28,2030,2040,2030,2040,155,0.0
2025-07-29,2035,2040,2035,2040,328,0.0
2025-07-30,2040,2040,2030,2040,15078,0.0
2025-07-31,2035,2040,2035,2040,1769,0.0
2025-08-01,2035,2040,2035,2040,1574,0.0
2025-08-04,2037,2040,2037,2040,53,0.0
2025-08-05,2040,2040,2040,2040,10023,0.0
2025-08-06,2045,2050,2040,2050,13913,0.004901960784313708
2025-08-07,2045,2050,2040,2050,12066,0.0
2025-08-08,2040,2045,2040,2045,7156,-0.0024390243902439046
2025-08-11,2040,2045,2040,2045,3361,0.0
2025-08-12,2040,2050,2040,2045,7103,0.0
2025-08-13,2040,2050,2040,2040,22851,-0.0024449877750610804
2025-08-14,2050,2055,2040,2050,4101,0.004901960784313708
2025-08-18,2040,2050,2040,2050,1330,0.0
2025-08-19,2040,2050,2040,2045,1236,-0.0024390243902439046
2025-08-20,2050,2055,2045,2045,11452,0.0
2025-08-21,2050,2055,2050,2050,6090,0.0024449877750611915
2025-08-22,2050,2055,2040,2055,14782,0.0024390243902439046
2025-08-25,2050,2050,2040,2040,161,-0.007299270072992692
2025-08-26,2050,2050,2040,2040,5298,0.0
2025-08-27,2040,2045,2040,2045,125,0.002450980392156854
2025-08-28,2045,2045,2045,2045,0,0.0
2025-08-29,2040,2045,2040,2045,402,0.0
2025-09-01,2045,2045,2040,2040,784,-0.0024449877750610804
2025-09-02,2040,2055,2040,2055,374,0.007352941176470562
2025-09-03,2055,2055,2055,2055,500,0.0
2025-09-04,2040,2050,2040,2050,758,-0.0024330900243308973
2025-09-05,2040,2055,2040,2040,558,-0.004878048780487809
2025-09-08,2045,2050,2040,2050,2667,0.004901960784313708
2025-09-09,2050,2050,2050,2050,114,0.0
2025-09-10,2050,2060,2050,2060,24472,0.004878048780487809
2025-09-11,2060,2060,2060,2060,700,0.0
2025-09-12,2055,2065,2055,2060,5642,0.0
2025-09-15,2060,2065,2060,2065,3325,0.0024271844660195274
2025-09-16,2060,2070,2060,2070,6483,0.002421307506053294
2025-09-17,2070,2070,2060,2070,125,0.0
2025-09-18,2070,2070,2065,2065,604,-0.0024154589371980784
2025-09-19,2065,2070,2065,2070,3102,0.002421307506053294
2025-09-22,2065,2070,2065,2070,1196,0.0
2025-09-23,2070,2075,2060,2060,13268,-0.004830917874396157
2025-09-24,2070,2070,2065,2070,2140,0.004854368932038833
2025-09-25,2065,2070,2050,2070,6016,0.0
2025-09-26,2070,2070,2060,2070,7055,0.0
2025-09-29,2065,2070,2065,2067,3546,-0.0014492753623188692
2025-09-30,2065,2070,2065,2070,11115,0.0014513788098693414
2025-10-01,2065,2070,2065,2070,11960,0.0
2025-10-02,2065,2075,2065,2075,960,0.0024154589371980784
2025-10-10,2070,2075,2065,2075,13758,0.0
2025-10-13,2070,2075,2070,2075,3106,0.0
2025-10-14,2070,2075,2070,2075,4066,0.0
2025-10-15,2070,2075,2070,2075,5306,0.0
2025-10-16,2070,2075,2070,2075,1269,0.0
2025-10-17,2075,2075,2070,2075,19337,0.0
2025-10-20,2070,2075,2070,2075,1251,0.0
2025-10-21,2070,2080,2070,2075,6284,0.0
2025-10-22,2070,2075,2070,2075,1011,0.0
2025-10-23,2070,2075,2070,2075,2003,0.0
2025-10-24,2070,2080,2070,2080,6926,0.002409638554216942
2025-10-27,2075,2075,2065,2075,26736,-0.0024038461538461453
2025-10-28,2075,2080,2075,2080,8,0.002409638554216942
2025-10-29,2075,2080,2070,2080,8000,0.0
2025-10-30,2075,2075,2070,2070,316,-0.004807692307692291
2025-10-31,2070,2080,2070,2075,2049,0.0024154589371980784
2025-11-03,2070,2085,2070,2080,44745,0.002409638554216942
2025-11-04,2070,2075,2070,2075,3650,-0.0024038461538461453
2025-11-05,2070,2080,2070,2070,2863,-0.002409638554216831
2025-11-06,2075,2085,2075,2075,18354,0.0024154589371980784
2025-11-07,2075,2075,2070,2075,4182,0.0
2025-11-10,2075,2085,2075,2075,10036,0.0
2025-11-11,2075,2075,2075,2075,5170,0.0
2025-11-12,2070,2085,2070,2085,8289,0.004819277108433662
2025-11-13,2080,2080,2075,2075,76,-0.004796163069544335
2025-11-14,2075,2075,2075,2075,789,0.0
2025-11-17,2075,2075,2075,2075,337,0.0
2025-11-18,2080,2080,2075,2075,7258,0.0
2025-11-19,2075,2080,2075,2080,44,0.002409638554216942
2025-11-20,2080,2085,2080,2080,2186,0.0
2025-11-21,2080,2085,2075,2085,11659,0.0024038461538462563
2025-11-24,2080,2085,2080,2085,104,0.0
2025-11-25,2080,2080,2080,2080,2,-0.0023980815347721673
2025-11-26,2080,2085,2080,2085,14285,0.0024038461538462563
2025-11-27,2085,2085,2085,2085,5000,0.0
2025-11-28,2085,2085,2080,2080,7055,-0.0023980815347721673
