Date,Open,High,Low,Close,Volume,Change
2022-01-03,10500,11350,10250,10650,8721358,0.014285714285714235
2022-01-04,10650,11250,10500,11150,4439840,0.04694835680751175
2022-01-05,11200,11500,9980,10050,7238446,-0.09865470852017932
2022-01-06,10000,10800,9910,10150,5435735,0.00995024875621886
2022-01-07,10150,10250,10000,10050,1371771,-0.009852216748768461
2022-01-10,10000,10050,9350,9500,2269989,-0.05472636815920395
2022-01-11,9460,9640,9180,9210,1818406,-0.030526315789473735
2022-01-12,9310,9580,8900,9090,2870141,-0.013029315960912058
2022-01-13,9150,9370,9000,9130,2059720,0.004400440044004306
2022-01-14,8950,9300,8820,9040,1487480,-0.009857612267250793
2022-01-17,9380,9810,9090,9210,6774366,0.01880530973451333
2022-01-18,9330,9420,8980,8980,1446196,-0.02497285559174811
2022-01-19,8820,9350,8640,8740,3105068,-0.026726057906458767
2022-01-20,8720,9030,8720,9000,869285,0.029748283752860427
2022-01-21,8860,9030,8690,8720,879847,-0.03111111111111109
2022-01-24,8590,8590,8270,8410,863533,-0.03555045871559637
2022-01-25,8410,8550,8170,8240,800614,-0.02021403091557672
2022-01-26,8250,8800,8150,8450,1934372,0.025485436893203817
2022-01-27,8500,8520,7870,8010,1134041,-0.05207100591715974
2022-01-28,8040,8420,7890,8290,736237,0.03495630461922605
2022-02-03,8470,8650,8430,8450,648339,0.0193003618817853
2022-02-04,8370,8780,8340,8710,935155,0.03076923076923066
2022-02-07,8850,9130,8660,8850,2144845,0.016073478760045834
2022-02-08,8860,8890,8320,8380,1112277,-0.05310734463276834
2022-02-09,8440,8580,8310,8580,443972,0.023866348448687402
2022-02-10,8610,8660,8420,8420,493749,-0.018648018648018683
2022-02-11,8330,8420,8160,8160,465043,-0.030878859857482177
2022-02-14,7870,8040,7700,7890,673682,-0.03308823529411764
2022-02-15,7880,8130,7650,7750,493121,-0.017743979721166037
2022-02-16,7910,8250,7910,8230,501326,0.06193548387096781
2022-02-17,8230,8330,7760,8050,617446,-0.021871202916160404
2022-02-18,7900,8180,7880,8120,271620,0.008695652173912993
2022-02-21,7970,9250,7920,8500,9265519,0.046798029556650356
2022-02-22,8320,9100,8300,8760,8176714,0.030588235294117583
2022-02-23,8820,8940,8700,8730,1632189,-0.003424657534246589
2022-02-24,8600,8890,8310,8390,2018814,-0.038946162657502836
2022-02-25,8900,9090,8510,8670,3032902,0.033373063170440975
2022-02-28,8690,8900,8520,8750,1211332,0.009227220299884653
2022-03-02,8830,9300,8760,9290,2636729,0.06171428571428561
2022-03-03,9240,9570,8920,9150,5914012,-0.015069967707212029
2022-03-04,9170,9480,9090,9210,2516263,0.006557377049180246
2022-03-07,9100,9230,8890,8910,944625,-0.032573289902280145
2022-03-08,8830,9250,8810,8810,1300267,-0.011223344556677839
2022-03-10,9070,9130,8800,8830,722962,0.002270147559591429
2022-03-11,8930,9440,8840,9080,3111565,0.028312570781426905
2022-03-14,8990,9180,8930,9120,1094148,0.004405286343612369
2022-03-15,9210,9270,8880,8880,914462,-0.02631578947368418
2022-03-16,8980,9140,8890,9050,862071,0.019144144144144226
2022-03-17,9140,9590,9060,9380,4783555,0.03646408839779003
2022-03-18,9330,9440,9240,9270,1161804,-0.011727078891258014
2022-03-21,9330,9540,9240,9290,1799959,0.0021574973031284195
2022-03-22,9310,9490,9270,9340,831078,0.005382131324004336
2022-03-23,9420,9420,9200,9200,1007219,-0.01498929336188437
2022-03-24,9320,9380,9070,9100,718412,-0.010869565217391353
2022-03-25,9150,9190,8980,9000,671720,-0.01098901098901095
2022-03-28,8960,9300,8840,9030,898658,0.0033333333333334103
2022-03-29,9100,9220,9050,9090,572462,0.006644518272425293
2022-03-30,9140,9140,9020,9060,305415,-0.0033003300330033403
2022-03-31,9050,9090,9000,9000,300490,-0.0066225165562914245
2022-04-01,8930,8960,8790,8850,443136,-0.01666666666666672
2022-04-04,8810,9010,8790,8830,350173,-0.002259887005649719
2022-04-05,9270,9790,9160,9170,8093645,0.03850509626274068
2022-04-06,9260,9430,9180,9220,1382748,0.005452562704471031
2022-04-07,9220,9230,8860,8870,919299,-0.037960954446854656
2022-04-08,9000,9160,8930,8980,668244,0.012401352874858995
2022-04-11,8980,9050,8820,8850,405579,-0.014476614699331813
2022-04-12,8850,9300,8740,8900,1535756,0.005649717514124353
2022-04-13,8830,9430,8830,9130,3262456,0.02584269662921357
2022-04-14,9190,9230,9070,9140,572642,0.0010952902519167917
2022-04-15,9140,9710,9090,9380,5646615,0.026258205689277947
2022-04-18,9300,9680,9260,9640,1821925,0.02771855010660973
2022-04-19,9540,9690,9410,9570,1558053,-0.007261410788381717
2022-04-20,10100,10300,9510,9510,7163288,-0.006269592476489061
2022-04-21,9650,12300,9590,11900,28555942,0.2513144058885384
2022-04-22,11350,11700,10800,11200,13130312,-0.05882352941176472
2022-04-25,10900,11850,10850,11250,9452457,0.0044642857142858094
2022-04-26,11200,11550,10950,11050,3697089,-0.01777777777777778
2022-04-27,10800,11250,10750,11150,2940749,0.009049773755656076
2022-04-28,11700,13200,11000,11100,19740068,-0.004484304932735439
2022-04-29,11200,12150,11050,11550,9577909,0.04054054054054057
2022-05-02,11350,11800,11300,11750,2555955,0.017316017316017396
2022-05-03,11650,11750,11250,11250,1885305,-0.04255319148936165
2022-05-04,11300,11600,11000,11100,2016217,-0.013333333333333308
2022-05-06,10900,11400,10600,10700,1880760,-0.036036036036036
2022-05-09,10600,10950,10000,10200,2364266,-0.04672897196261683
2022-05-10,9980,10550,9890,10500,1939525,0.02941176470588225
2022-05-11,10550,10600,10100,10100,1180315,-0.03809523809523807
2022-05-12,9930,10450,9800,9810,1361238,-0.02871287128712874
2022-05-13,9890,10100,9890,9920,782348,0.011213047910295648
2022-05-16,10250,10450,9990,10050,1785158,0.013104838709677491
2022-05-17,10300,10400,10100,10300,1005196,0.02487562189054726
2022-05-18,10450,10500,10100,10150,769337,-0.014563106796116498
2022-05-19,9890,10250,9870,10150,713281,0.0
2022-05-20,10200,10550,10100,10450,1099176,0.029556650246305383
2022-05-23,10400,10400,10100,10250,603962,-0.019138755980861233
2022-05-24,10250,10300,9850,9880,759363,-0.03609756097560979
2022-05-25,9980,10050,9680,9810,546962,-0.007085020242915019
2022-05-26,9870,10350,9860,9900,975660,0.00917431192660545
2022-05-27,10100,10300,10000,10050,545996,0.015151515151515138
2022-05-30,10250,10250,10000,10050,392771,0.0
2022-05-31,10250,10800,10200,10200,2904282,0.014925373134328401
2022-06-02,10250,10400,10150,10250,446087,0.004901960784313708
2022-06-03,10300,10400,10100,10200,453256,-0.004878048780487809
2022-06-07,10250,10400,10000,10050,728989,-0.014705882352941124
2022-06-08,10250,10700,10200,10350,1910659,0.029850746268656803
2022-06-09,10400,10650,10350,10400,879457,0.004830917874396157
2022-06-10,10350,10950,10250,10650,2370170,0.024038461538461453
2022-06-13,10600,10850,10050,10100,1523263,-0.05164319248826288
2022-06-14,9980,10400,9820,10350,1235074,0.024752475247524774
2022-06-15,10300,10350,9990,10100,856108,-0.024154589371980673
2022-06-16,10300,10450,10100,10100,945791,0.0
2022-06-17,9940,10250,9850,10250,632346,0.014851485148514865
2022-06-20,10350,10500,9940,10050,981109,-0.019512195121951237
2022-06-21,10150,10200,9980,10100,526735,0.004975124378109541
2022-06-22,10200,10450,9980,9990,1001941,-0.0108910891089109
2022-06-23,10100,10150,7810,7860,3811912,-0.21321321321321318
2022-06-24,7940,8170,7520,8040,1194409,0.022900763358778553
2022-06-27,8220,8810,8220,8570,1853168,0.06592039800995031
2022-06-28,8510,8710,8370,8630,659730,0.007001166861143604
2022-06-29,8410,8680,8410,8540,483720,-0.010428736964078755
2022-06-30,8510,8510,7930,7960,718753,-0.0679156908665105
2022-07-01,7960,8160,7420,7530,761117,-0.0540201005025126
2022-07-04,7600,8040,7130,7450,1550046,-0.010624169986719778
2022-07-05,7500,7790,7380,7750,542799,0.04026845637583887
2022-07-06,7770,8270,7490,7710,2221763,-0.005161290322580614
2022-07-07,7820,8060,7740,7800,924824,0.011673151750972721
2022-07-08,8900,9320,8700,8770,7028373,0.12435897435897436
2022-07-11,8890,9150,8790,8790,2242874,0.0022805017103761926
2022-07-12,9430,9440,8880,8900,2551505,0.012514220705347023
2022-07-13,8810,8930,8650,8740,844306,-0.017977528089887618
2022-07-14,8750,9100,8690,8740,851377,0.0
2022-07-15,8710,8810,8500,8640,494516,-0.011441647597253968
2022-07-18,8720,8850,8620,8850,628152,0.02430555555555558
2022-07-19,8890,9350,8820,9350,1750062,0.05649717514124286
2022-07-20,9360,9590,9200,9220,2422096,-0.013903743315508033
2022-07-21,9300,9480,9220,9440,987426,0.02386117136659438
2022-07-22,9530,9620,9000,9390,1460029,-0.005296610169491567
2022-07-25,9410,9790,9370,9610,2064604,0.023429179978700754
2022-07-26,9610,9930,9430,9810,2681628,0.020811654526534884
2022-07-27,9730,10700,9690,10600,3926658,0.08053007135575951
2022-07-28,10350,10350,9540,9550,3758320,-0.09905660377358494
2022-07-29,9670,9820,9400,9420,1575690,-0.013612565445026203
2022-08-01,9450,9530,9240,9260,722314,-0.01698513800424628
2022-08-02,9250,9390,9110,9150,525864,-0.011879049676025932
2022-08-03,9150,9570,9150,9510,1167137,0.03934426229508192
2022-08-04,10000,10050,9450,9460,2783983,-0.00525762355415349
2022-08-05,9400,9570,9340,9470,662753,0.0010570824524311906
2022-08-08,9410,9640,9380,9610,578148,0.014783526927138357
2022-08-09,9570,9650,9510,9610,456490,0.0
2022-08-10,9590,10100,9460,9680,2858277,0.007284079084287187
2022-08-11,9800,9830,9660,9670,636797,-0.0010330578512396382
2022-08-12,9670,9670,9500,9500,483327,-0.0175801447776629
2022-08-16,9540,9610,9460,9470,265064,-0.0031578947368421373
2022-08-17,9540,9720,9450,9450,655345,-0.002111932418162654
2022-08-18,9370,9380,9200,9330,320713,-0.012698412698412653
2022-08-19,9450,9580,9280,9280,519977,-0.005359056806002127
2022-08-22,9100,9220,8960,8980,375239,-0.032327586206896575
2022-08-23,8890,9050,8750,8830,340842,-0.016703786191536785
2022-08-24,8850,9300,8850,9110,753231,0.03171007927519809
2022-08-25,9190,9510,9120,9330,769985,0.02414928649835346
2022-08-26,9400,9660,9320,9440,942632,0.011789924973204746
2022-08-29,9080,9280,9070,9160,373904,-0.029661016949152574
2022-08-30,9240,9800,9170,9400,2685427,0.026200873362445476
2022-08-31,9400,10100,9390,9760,4885743,0.038297872340425476
2022-09-01,9760,9860,9470,9470,1017663,-0.029713114754098324
2022-09-02,9550,9640,8960,8980,1081852,-0.05174234424498414
2022-09-05,8850,8960,8550,8590,726986,-0.04342984409799555
2022-09-06,8560,8860,8550,8810,387621,0.025611175785797524
2022-09-07,8830,9260,8660,8960,1422882,0.017026106696935273
2022-09-08,9060,9160,8820,8890,540743,-0.0078125
2022-09-13,9000,9070,8960,9020,306293,0.01462317210348707
2022-09-14,8700,9030,8630,8970,362812,-0.005543237250554278
2022-09-15,9020,9180,8960,8990,662984,0.0022296544035673715
2022-09-16,8910,9160,8770,8770,401235,-0.024471635150166815
2022-09-19,8810,8870,8170,8170,519748,-0.06841505131128844
2022-09-20,8230,8350,8200,8260,249163,0.01101591187270512
2022-09-21,8180,8310,8060,8210,264661,-0.006053268765133124
2022-09-22,8100,8190,7940,8080,276389,-0.015834348355663774
2022-09-23,8070,8150,7700,7710,351769,-0.04579207920792083
2022-09-26,7480,7640,7120,7150,542235,-0.07263294422827493
2022-09-27,7150,7480,7150,7410,449546,0.036363636363636376
2022-09-28,7410,7460,6970,7010,441081,-0.053981106612685514
2022-09-29,7100,7330,7000,7010,277152,0.0
2022-09-30,6870,7140,6810,6980,240980,-0.004279600570613384
2022-10-04,7070,7340,7070,7340,218584,0.05157593123209159
2022-10-05,7430,7490,7160,7210,152434,-0.017711171662125325
2022-10-06,7230,7400,7230,7360,127107,0.020804438280166426
2022-10-07,7350,7450,7270,7300,140937,-0.008152173913043459
2022-10-11,7130,7140,6700,6820,322963,-0.0657534246575342
2022-10-12,6820,7050,6710,7020,209035,0.029325513196480912
2022-10-13,6930,7020,6510,6560,254345,-0.06552706552706555
2022-10-14,6730,6930,6710,6900,225551,0.05182926829268286
2022-10-17,6730,7010,6600,7000,137749,0.01449275362318847
2022-10-18,7140,7180,6960,7110,131079,0.01571428571428579
2022-10-19,7120,7220,7020,7030,196639,-0.011251758087201136
2022-10-20,7050,7170,6960,6980,379580,-0.007112375533428139
2022-10-21,7020,7020,6810,6820,196711,-0.022922636103151817
2022-10-24,6910,7030,6910,6960,190778,0.02052785923753664
2022-10-25,6980,7030,6900,6970,154844,0.001436781609195359
2022-10-26,6980,7000,6770,6770,192357,-0.028694404591104727
2022-10-27,6790,6880,6770,6800,152004,0.004431314623338345
2022-10-28,6770,6920,6680,6690,387164,-0.016176470588235348
2022-10-31,6780,6870,6760,6770,279839,0.01195814648729443
2022-11-01,6820,7230,6800,7200,724492,0.06351550960118169
2022-11-02,7190,7370,7080,7190,840993,-0.001388888888888884
2022-11-03,7590,7800,7190,7190,1761321,0.0
2022-11-04,7120,7250,7040,7220,522012,0.004172461752433909
2022-11-07,7370,7550,7240,7240,789544,0.0027700831024930483
2022-11-08,7330,7340,7170,7240,347502,0.0
2022-11-09,7300,7320,7230,7310,267367,0.00966850828729271
2022-11-10,7230,7280,7170,7210,183660,-0.013679890560875485
2022-11-11,7370,7410,7300,7350,428590,0.01941747572815533
2022-11-14,7370,7460,7350,7400,337355,0.006802721088435382
2022-11-15,7360,7360,7140,7230,578806,-0.02297297297297296
2022-11-16,7420,7510,7320,7460,853778,0.03181189488243441
2022-11-17,7500,7540,7330,7510,376187,0.006702412868632601
2022-11-18,7520,7530,7300,7300,1273384,-0.0279627163781625
2022-11-21,7290,7350,7030,7030,304423,-0.03698630136986303
2022-11-22,7040,7110,6940,6950,161862,-0.011379800853485111
2022-11-23,7010,7130,7000,7060,134595,0.015827338129496438
2022-11-24,7090,7300,7090,7270,201449,0.02974504249291776
2022-11-25,7260,7350,7200,7200,148691,-0.009628610729023435
2022-11-28,7220,7250,7020,7030,191324,-0.023611111111111138
2022-11-29,6980,7150,6980,7150,165427,0.017069701280227667
2022-11-30,7110,7160,7040,7090,120886,-0.008391608391608352
2022-12-01,7170,7220,7140,7160,167953,0.009873060648801113
2022-12-02,7130,7240,7090,7120,160782,-0.005586592178770999
2022-12-05,7140,7150,7010,7040,133878,-0.011235955056179803
2022-12-06,6980,7040,6860,6900,152798,-0.019886363636363646
2022-12-07,6810,6890,6770,6830,153820,-0.010144927536231862
2022-12-08,6810,6860,6670,6730,175455,-0.014641288433382083
2022-12-09,6840,6840,6650,6730,115473,0.0
2022-12-12,6680,6740,6650,6700,87110,-0.004457652303120341
2022-12-13,6680,6750,6660,6700,93486,0.0
2022-12-14,6720,6800,6710,6790,120834,0.013432835820895495
2022-12-15,6750,6810,6720,6750,90069,-0.00589101620029453
2022-12-16,6670,6700,6610,6630,127595,-0.01777777777777778
2022-12-19,6600,6620,6520,6530,120914,-0.015082956259426794
2022-12-20,6510,6530,6240,6250,237172,-0.04287901990811638
2022-12-21,6270,6360,6160,6190,113464,-0.009600000000000053
2022-12-22,6210,6270,6200,6250,89746,0.009693053311793154
2022-12-23,6190,6190,5970,6050,191864,-0.03200000000000003
2022-12-26,5990,6050,5880,6020,134423,-0.0049586776859503745
2022-12-27,5970,6070,5970,6030,124054,0.0016611295681063787
2022-12-28,5960,6090,5930,6090,114071,0.00995024875621886
2022-12-29,6000,6060,5770,5820,186584,-0.044334975369458074
2023-01-02,5810,5870,5580,5640,136957,-0.030927835051546393
2023-01-03,5560,5690,5420,5690,147434,0.00886524822695045
2023-01-04,5650,5880,5610,5840,106814,0.026362038664323295
2023-01-05,5880,5900,5750,5760,83491,-0.013698630136986356
2023-01-06,5670,5920,5670,5870,87834,0.01909722222222232
2023-01-09,5870,6050,5870,6000,105718,0.022146507666098714
2023-01-10,6090,6090,6000,6020,87480,0.0033333333333334103
2023-01-11,6050,6140,6030,6100,118426,0.013289036544850585
2023-01-12,6140,7070,6110,6280,2682909,0.029508196721311553
2023-01-13,6340,6420,6220,6240,310792,-0.006369426751592355
2023-01-16,6240,6310,6190,6210,126598,-0.004807692307692291
2023-01-17,6190,6270,6130,6270,162737,0.009661835748792313
2023-01-18,6350,6420,6290,6360,306982,0.014354066985645897
2023-01-19,6310,6380,6300,6360,114232,0.0
2023-01-20,6320,6370,6250,6250,154536,-0.01729559748427678
2023-01-25,6310,6850,6250,6420,1324291,0.02719999999999989
2023-01-26,6480,6680,6400,6550,541187,0.02024922118380057
2023-01-27,6600,6680,6500,6500,226176,-0.007633587786259555
2023-01-30,6500,6550,6360,6440,176245,-0.009230769230769265
2023-01-31,6400,6600,6330,6510,370428,0.010869565217391353
2023-02-01,6550,6620,6520,6620,267401,0.016897081413210335
2023-02-02,6690,6800,6620,6700,308274,0.012084592145015005
2023-02-03,6690,6750,6620,6670,162699,-0.004477611940298498
2023-02-06,6670,7140,6630,6810,2693170,0.020989505247376306
2023-02-07,6880,7220,6810,6990,1614335,0.026431718061673992
2023-02-08,7070,7090,6910,7000,406071,0.0014306151645206988
2023-02-09,6970,7070,6950,6970,337823,-0.004285714285714337
2023-02-10,7020,7040,6760,6810,396446,-0.022955523672883782
2023-02-13,6830,7010,6780,6960,352561,0.022026431718061623
2023-02-14,6990,7030,6940,6980,251943,0.002873563218390718
2023-02-15,7010,7030,6670,6730,422074,-0.035816618911174825
2023-02-16,6730,7070,6730,7040,579657,0.04606240713224374
2023-02-17,6860,7450,6790,7200,1952125,0.022727272727272707
2023-02-20,7420,7440,7150,7220,536532,0.002777777777777768
2023-02-21,7310,7310,7110,7160,262606,-0.008310249307479256
2023-02-22,7020,7120,6940,6970,281808,-0.026536312849162025
2023-02-23,7050,7190,6850,7010,323874,0.0057388809182210565
2023-02-24,7110,7170,6970,7030,343108,0.0028530670470756636
2023-02-27,6960,7070,6720,6860,314255,-0.024182076813655806
2023-02-28,6890,7240,6870,7110,831741,0.036443148688046545
2023-03-02,7160,8150,7080,7740,9095426,0.08860759493670889
2023-03-03,7720,7820,7500,7690,1328405,-0.006459948320413411
2023-03-06,7840,7840,7550,7770,990670,0.01040312093628093
2023-03-07,7800,8400,7560,7970,3961425,0.025740025740025763
2023-03-08,7870,8090,7740,7870,863010,-0.012547051442910906
2023-03-09,8020,8020,7550,7640,729696,-0.029224904701397714
2023-03-10,7500,7830,7410,7580,682649,-0.007853403141361293
2023-03-13,7410,8000,7280,7870,1024501,0.03825857519788922
2023-03-14,7770,7870,7300,7300,739018,-0.07242693773824649
2023-03-15,7500,7610,7350,7430,447725,0.017808219178082174
2023-03-16,7370,7400,7130,7290,396304,-0.018842530282637937
2023-03-17,7380,7530,7310,7420,345782,0.017832647462277196
2023-03-20,7380,7390,7170,7200,455427,-0.029649595687331498
2023-03-21,7250,7380,7200,7210,328360,0.001388888888888884
2023-03-22,7300,7380,7270,7310,347469,0.01386962552011095
2023-03-23,7200,7520,7200,7360,604783,0.0068399452804377425
2023-03-24,7450,7470,7140,7160,443831,-0.02717391304347827
2023-03-27,7200,7300,7160,7190,243986,0.0041899441340782495
2023-03-28,7230,7300,7060,7170,291105,-0.0027816411682892728
2023-03-29,7170,7350,7100,7320,348098,0.02092050209205021
2023-03-30,7420,7420,7160,7180,300732,-0.01912568306010931
2023-03-31,7210,7220,7000,7060,318197,-0.01671309192200554
2023-04-03,7070,7450,7020,7310,678420,0.03541076487252126
2023-04-04,7360,7550,7290,7440,746581,0.017783857729138264
2023-04-05,7440,7500,7280,7440,292265,0.0
2023-04-06,7450,7450,7240,7270,212581,-0.022849462365591378
2023-04-07,7270,7320,7180,7200,201608,-0.009628610729023435
2023-04-10,7300,7300,7050,7120,321230,-0.011111111111111072
2023-04-11,7120,7200,6860,7070,399510,-0.0070224719101124045
2023-04-12,7030,7220,7030,7070,237657,0.0
2023-04-13,7080,7080,6900,6980,226342,-0.012729844413012725
2023-04-14,7060,7080,6980,7060,172111,0.011461318051575908
2023-04-17,7070,7210,7030,7180,298284,0.016997167138810276
2023-04-18,7180,7240,7100,7200,204735,0.0027855153203342198
2023-04-19,7200,7650,7180,7500,960532,0.04166666666666674
2023-04-20,7500,7510,7120,7190,374961,-0.04133333333333333
2023-04-21,7150,7180,6910,6910,417798,-0.03894297635605004
2023-04-24,6930,6940,6600,6700,286267,-0.03039073806078152
2023-04-25,6670,6750,6470,6600,260012,-0.014925373134328401
2023-04-26,6520,6630,6450,6460,160504,-0.021212121212121238
2023-04-27,6460,6790,6350,6770,212732,0.04798761609907132
2023-04-28,6730,6770,6560,6610,95757,-0.02363367799113736
2023-05-02,6610,6690,6560,6590,88046,-0.00302571860816947
2023-05-03,6550,6630,6520,6550,49706,-0.006069802731411222
2023-05-04,6500,6580,6450,6460,97159,-0.013740458015267132
2023-05-08,6490,6560,6460,6490,56688,0.004643962848297267
2023-05-09,6420,6520,6400,6430,52373,-0.009244992295839749
2023-05-10,6400,6470,6360,6370,80649,-0.009331259720062213
2023-05-11,6400,6430,6340,6360,82146,-0.0015698587127158659
2023-05-12,6340,6420,6300,6360,55356,0.0
2023-05-15,6340,6340,6150,6240,88035,-0.018867924528301883
2023-05-16,6260,6350,6210,6300,63987,0.009615384615384581
2023-05-17,6300,6430,6260,6420,110751,0.01904761904761898
2023-05-18,6610,6610,6460,6510,126527,0.014018691588784993
2023-05-19,6520,6560,6450,6490,96651,-0.003072196620583667
2023-05-22,6500,6540,6410,6540,45178,0.007704160246533087
2023-05-23,6540,6700,6540,6550,138839,0.001529051987767538
2023-05-24,6520,6570,6420,6550,73486,0.0
2023-05-25,6550,6570,6400,6430,82140,-0.018320610687022953
2023-05-26,6380,6450,6290,6300,81879,-0.02021772939346811
2023-05-30,6370,7070,6280,6500,970078,0.031746031746031855
2023-05-31,6490,6630,6430,6490,194407,-0.0015384615384614886
2023-06-01,6490,6580,6460,6480,93190,-0.0015408320493066618
2023-06-02,6520,6900,6490,6830,508039,0.05401234567901225
2023-06-05,7000,7250,6940,7230,1116037,0.05856515373352855
2023-06-07,7330,7340,7200,7260,680566,0.004149377593360981
2023-06-08,7240,7330,7210,7270,354884,0.0013774104683195176
2023-06-09,7300,7590,7160,7260,1460892,-0.0013755158184318717
2023-06-12,7310,7380,7110,7120,484796,-0.019283746556473802
2023-06-13,7200,7500,7190,7310,1104893,0.026685393258427004
2023-06-14,7360,7370,7000,7160,429159,-0.020519835841313228
2023-06-15,7280,7290,7010,7150,309588,-0.0013966480446927498
2023-06-16,7180,7190,7010,7010,218767,-0.01958041958041956
2023-06-19,7010,7150,6970,7030,217751,0.0028530670470756636
2023-06-20,7010,7070,6860,6870,198373,-0.022759601706970112
2023-06-21,6890,7040,6850,6880,217670,0.0014556040756914523
2023-06-22,6910,6930,6830,6830,134717,-0.007267441860465129
2023-06-23,6840,6940,6680,6680,155956,-0.02196193265007318
2023-06-26,6670,6750,6570,6630,110847,-0.007485029940119792
2023-06-27,6580,6700,6550,6660,95665,0.004524886877828038
2023-06-28,6700,6740,6550,6590,121291,-0.010510510510510551
2023-06-29,6590,6620,6440,6460,115219,-0.019726858877086473
2023-06-30,6440,6740,6400,6670,164515,0.03250773993808043
2023-07-03,6770,6930,6760,6900,261727,0.034482758620689724
2023-07-04,6890,6950,6820,6870,120796,-0.004347826086956497
2023-07-05,6930,6940,6800,6810,129592,-0.008733624454148492
2023-07-06,6850,6850,6490,6570,143494,-0.03524229074889873
2023-07-07,6490,6570,6460,6550,65508,-0.0030441400304414
2023-07-10,6550,6670,6470,6520,79949,-0.004580152671755711
2023-07-11,6520,6650,6520,6610,82189,0.013803680981595123
2023-07-12,6650,6650,6570,6600,79900,-0.001512859304084735
2023-07-13,6610,6720,6590,6590,109871,-0.0015151515151514694
2023-07-14,6620,6630,6330,6380,268669,-0.03186646433990892
2023-07-17,6310,6420,6260,6400,144796,0.0031347962382444194
2023-07-18,6400,6720,6350,6580,474608,0.028124999999999956
2023-07-19,6560,6570,6380,6380,244307,-0.03039513677811545
2023-07-20,6800,7530,6700,6980,10559682,0.09404388714733547
2023-07-21,7010,7260,6930,6930,1812560,-0.007163323782234943
2023-07-24,6900,6960,6700,6940,805171,0.0014430014430013571
2023-07-25,6910,7050,6640,6650,752939,-0.0417867435158501
2023-07-26,6610,6650,6070,6150,972309,-0.07518796992481203
2023-07-27,6160,6320,6140,6140,346285,-0.001626016260162566
2023-07-28,6060,6350,6050,6230,295267,0.014657980456026065
2023-07-31,6230,6420,6230,6390,234029,0.025682182985553803
2023-08-01,6370,6420,6250,6340,233944,-0.007824726134585291
2023-08-02,6330,6400,6180,6190,215677,-0.023659305993690816
2023-08-03,6190,6200,6060,6110,217243,-0.012924071082390909
2023-08-04,6110,6170,6080,6150,119020,0.00654664484451728
2023-08-07,6130,6150,6000,6030,194725,-0.019512195121951237
2023-08-08,6030,6100,5940,5940,171011,-0.014925373134328401
2023-08-09,5920,6040,5860,6020,120601,0.013468013468013407
2023-08-10,6010,6040,5940,6020,114566,0.0
2023-08-11,6060,6140,6000,6090,109157,0.011627906976744207
2023-08-14,6030,6130,6000,6030,78891,-0.009852216748768461
2023-08-16,5990,6040,5890,5900,140278,-0.021558872305140975
2023-08-17,5780,5890,5700,5770,143131,-0.02203389830508473
2023-08-18,5750,5890,5690,5780,108684,0.0017331022530329143
2023-08-21,5720,5880,5720,5780,69477,0.0
2023-08-22,5760,5840,5700,5760,74526,-0.0034602076124568004
2023-08-23,5720,5800,5710,5720,95281,-0.00694444444444442
2023-08-24,5760,5820,5730,5800,75031,0.013986013986013957
2023-08-25,5780,5790,5700,5720,103726,-0.01379310344827589
2023-08-28,5750,5890,5720,5840,106354,0.020979020979021046
2023-08-29,5830,5930,5830,5900,83647,0.010273972602739656
2023-08-30,5950,6000,5920,5940,97966,0.006779661016949046
2023-08-31,5940,6000,5850,5880,91332,-0.010101010101010055
2023-09-01,5880,5960,5850,5930,112727,0.008503401360544283
2023-09-04,5930,5960,5890,5930,58667,0.0
2023-09-05,5950,5950,5870,5870,82633,-0.010118043844856706
2023-09-06,5820,5900,5820,5870,48820,0.0
2023-09-07,5810,5870,5700,5720,100492,-0.02555366269165249
2023-09-08,5720,5780,5700,5750,70707,0.005244755244755206
2023-09-11,5750,5850,5700,5800,77335,0.008695652173912993
2023-09-12,5790,5850,5700,5720,78442,-0.01379310344827589
2023-09-13,5700,5720,5600,5600,100305,-0.020979020979020935
2023-09-14,5600,5650,5590,5610,58921,0.0017857142857142794
2023-09-15,5640,5800,5640,5760,103369,0.02673796791443861
2023-09-18,5750,5750,5630,5690,77626,-0.01215277777777779
2023-09-19,5640,5680,5560,5610,94783,-0.01405975395430581
2023-09-20,5600,5630,5590,5600,39400,-0.0017825311942959443
2023-09-21,5590,5630,5460,5460,109529,-0.025000000000000022
2023-09-22,5390,5490,5360,5470,61007,0.001831501831501825
2023-09-25,5410,5510,5380,5390,46636,-0.014625228519195566
2023-09-26,5350,5430,5190,5200,102990,-0.03525046382189234
2023-09-27,5060,5360,5060,5350,78465,0.028846153846153744
2023-10-04,5350,5350,5110,5140,59655,-0.03925233644859816
2023-10-05,5230,5230,5040,5060,50995,-0.015564202334630295
2023-10-06,4995,5200,4995,5190,37390,0.025691699604743157
2023-10-10,5150,5270,5050,5090,44731,-0.019267822736030782
2023-10-11,5090,5310,5090,5260,144897,0.03339882121807469
2023-10-12,5230,5360,5230,5350,48067,0.017110266159695797
2023-10-13,5290,5400,5240,5290,53406,-0.01121495327102806
2023-10-16,5290,5330,5180,5230,29344,-0.011342155009451793
2023-10-17,5230,5310,5230,5230,26276,0.0
2023-10-18,5190,5400,5190,5240,193841,0.0019120458891013214
2023-10-19,5240,5250,5050,5080,88726,-0.03053435114503822
2023-10-20,5030,5050,4950,4995,90485,-0.0167322834645669
2023-10-23,4900,5030,4900,4915,64272,-0.016016016016015988
2023-10-24,4890,5040,4815,5010,110024,0.019328585961342792
2023-10-25,5070,5070,4960,4960,41522,-0.009980039920159722
2023-10-26,4925,4925,4765,4780,85447,-0.03629032258064513
2023-10-27,4780,4940,4780,4885,121782,0.021966527196652708
2023-10-30,4800,5030,4800,4950,61899,0.013306038894575156
2023-10-31,4995,4995,4805,4855,63351,-0.019191919191919204
2023-11-01,4855,4900,4825,4835,60607,-0.004119464469618972
2023-11-02,4890,4985,4890,4950,94926,0.02378490175801451
2023-11-03,4970,5110,4955,5090,71390,0.028282828282828243
2023-11-06,5150,5300,5120,5280,138687,0.037328094302554016
2023-11-07,5320,5320,5040,5140,89537,-0.02651515151515149
2023-11-08,5150,5660,5080,5550,1266455,0.07976653696498048
2023-11-09,5450,5450,5230,5330,182069,-0.03963963963963968
2023-11-10,5260,5290,5120,5130,111576,-0.03752345215759845
2023-11-13,5190,5210,5070,5070,89700,-0.011695906432748537
2023-11-14,5070,5480,5070,5220,344656,0.029585798816567976
2023-11-15,5250,5360,5220,5280,164526,0.011494252873563315
2023-11-16,5340,5510,5280,5410,145001,0.024621212121212155
2023-11-17,5400,5420,5350,5400,50025,-0.001848428835489857
2023-11-20,5400,5470,5350,5450,100740,0.0092592592592593
2023-11-21,5460,5610,5410,5450,181236,0.0
2023-11-22,5420,5450,5380,5420,84633,-0.0055045871559632475
2023-11-23,5420,5480,5350,5350,70404,-0.01291512915129156
2023-11-24,5350,5470,5300,5370,64373,0.0037383177570093906
2023-11-27,5350,5420,5340,5340,51655,-0.005586592178770999
2023-11-28,5290,5410,5290,5380,55037,0.0074906367041198685
2023-11-29,5340,5380,5280,5330,59149,-0.009293680297397744
2023-11-30,5360,5490,5310,5440,125662,0.02063789868667909
2023-12-01,5420,5470,5350,5390,79113,-0.009191176470588203
2023-12-04,5410,5480,5330,5440,91934,0.00927643784786647
2023-12-05,5410,5460,5310,5320,98610,-0.022058823529411797
2023-12-06,5360,5360,5260,5300,67449,-0.003759398496240629
2023-12-07,5270,5350,5240,5310,32018,0.0018867924528302993
2023-12-08,5320,5550,5290,5370,240110,0.011299435028248483
2023-12-11,5380,5440,5350,5390,62655,0.003724394785847407
2023-12-12,5360,5630,5360,5590,419660,0.03710575139146566
2023-12-13,5600,5630,5420,5460,295599,-0.023255813953488413
2023-12-14,5480,5670,5430,5440,290080,-0.00366300366300365
2023-12-15,5450,5500,5390,5410,119824,-0.005514705882352922
2023-12-18,5410,5450,5380,5450,80836,0.007393715341959428
2023-12-19,5450,5480,5380,5400,104970,-0.00917431192660545
2023-12-20,5440,5870,5420,5570,1021210,0.031481481481481444
2023-12-21,5570,5650,5520,5630,237448,0.010771992818671361
2023-12-22,5670,6230,5590,5680,2460887,0.008880994671403242
2023-12-26,5690,5710,5540,5560,178299,-0.021126760563380254
2023-12-27,5550,5590,5450,5470,113895,-0.01618705035971224
2023-12-28,5490,5680,5470,5570,136898,0.018281535648994485
2024-01-02,5550,5630,5550,5620,97755,0.008976660682226134
2024-01-03,5590,5700,5550,5660,108981,0.007117437722419906
2024-01-04,5680,5700,5600,5600,97424,-0.010600706713780883
2024-01-05,5620,5650,5570,5620,48383,0.0035714285714285587
2024-01-08,5620,5620,5560,5570,69391,-0.008896797153024938
2024-01-09,5580,5630,5560,5570,42995,0.0
2024-01-10,5600,5830,5540,5690,284493,0.021543985637342944
2024-01-11,5710,5810,5680,5740,214338,0.008787346221441172
2024-01-12,5740,5740,5570,5600,111361,-0.024390243902439046
2024-01-15,5620,5670,5510,5510,64698,-0.016071428571428625
2024-01-16,5490,5540,5370,5470,117276,-0.007259528130671544
2024-01-17,5460,5460,5240,5260,126191,-0.038391224862888484
2024-01-18,5210,5320,5170,5210,92839,-0.009505703422053258
2024-01-19,5220,5370,5210,5220,93248,0.0019193857965451588
2024-01-22,5240,5300,5170,5250,88140,0.005747126436781658
2024-01-23,5250,5340,5160,5170,74159,-0.015238095238095273
2024-01-24,5170,5230,5110,5130,60065,-0.007736943907156624
2024-01-25,5130,5170,5090,5130,52964,0.0
2024-01-26,5130,5230,5100,5140,53923,0.0019493177387914784
2024-01-29,5140,5210,5130,5140,46028,0.0
2024-01-30,5140,5300,5130,5140,92612,0.0
2024-01-31,5140,5220,5040,5040,75186,-0.01945525291828798
2024-02-01,4970,5010,4865,4920,335191,-0.023809523809523836
2024-02-02,4915,5050,4915,5010,142649,0.018292682926829285
2024-02-05,5010,5070,4980,4985,119560,-0.004990019960079861
2024-02-06,4980,5020,4925,4970,66071,-0.0030090270812437314
2024-02-07,4955,5040,4955,5020,60257,0.010060362173038184
2024-02-08,5020,5080,5010,5040,51743,0.003984063745019917
2024-02-13,5050,5210,5050,5150,142593,0.021825396825396748
2024-02-14,5140,5180,5080,5170,52530,0.003883495145631022
2024-02-15,5180,5220,5150,5200,72440,0.005802707930367523
2024-02-16,5220,5240,5160,5220,90884,0.0038461538461538325
2024-02-19,5200,5270,5190,5220,65419,0.0
2024-02-20,5200,5240,5170,5200,45260,-0.003831417624521105
2024-02-21,5200,5220,5150,5220,41083,0.0038461538461538325
2024-02-22,5240,5240,5160,5180,63118,-0.007662835249042099
2024-02-23,5200,5200,5100,5120,59125,-0.01158301158301156
2024-02-26,5100,5120,5040,5080,46508,-0.0078125
2024-02-27,5080,5120,4980,4985,59477,-0.01870078740157477
2024-02-28,4990,5050,4985,5010,46005,0.005015045135406293
2024-02-29,4995,5050,4965,4985,50487,-0.004990019960079861
2024-03-04,4980,5070,4980,5060,62478,0.015045135406218657
2024-03-05,5060,5080,4980,4985,61203,-0.014822134387351804
2024-03-06,5020,5020,4955,4970,46979,-0.0030090270812437314
2024-03-07,4970,5010,4925,4980,69208,0.002012072434607548
2024-03-08,5010,5050,4955,4985,43298,0.0010040160642570406
2024-03-11,4960,5030,4960,4975,25432,-0.0020060180541624506
2024-03-12,4965,5000,4960,4980,31712,0.0010050251256281673
2024-03-13,5010,5020,4950,4960,56171,-0.004016064257028162
2024-03-14,4945,4995,4930,4960,28858,0.0
2024-03-15,4950,4955,4910,4920,43879,-0.008064516129032251
2024-03-18,4920,4965,4905,4910,33642,-0.002032520325203291
2024-03-19,4915,4930,4900,4905,29287,-0.0010183299389001643
2024-03-20,4915,4925,4905,4915,22508,0.0020387359836901986
2024-03-21,4920,4960,4920,4950,71919,0.007121057985757906
2024-03-22,4985,5040,4975,4995,69737,0.009090909090909038
2024-03-25,4985,5020,4955,4960,47308,-0.00700700700700696
2024-03-26,4965,4980,4940,4940,58913,-0.0040322580645161255
2024-03-27,4940,4950,4900,4905,77278,-0.007085020242915019
2024-03-28,4905,4925,4885,4900,43005,-0.0010193679918450993
2024-03-29,4900,4910,4860,4870,64563,-0.006122448979591799
2024-04-01,4870,4905,4840,4885,31597,0.0030800821355236874
2024-04-02,4890,5200,4855,5030,365362,0.029682702149437024
2024-04-03,5040,5050,4975,5040,160774,0.001988071570576455
2024-04-04,5080,5220,5040,5190,285413,0.029761904761904656
2024-04-05,5150,5260,5130,5180,159408,-0.0019267822736031004
2024-04-08,5200,5250,5150,5210,130010,0.005791505791505891
2024-04-09,5190,5190,5080,5130,70568,-0.015355086372360827
2024-04-11,5100,5140,5050,5100,70133,-0.005847953216374324
2024-04-12,5090,5140,5060,5080,85713,-0.0039215686274509665
2024-04-15,5010,5040,4960,4975,55091,-0.02066929133858264
2024-04-16,4930,4995,4825,4835,92987,-0.028140703517587906
2024-04-17,4855,5040,4855,4965,106283,0.026887280248190315
2024-04-18,4975,5100,4975,5100,83699,0.027190332326284095
2024-04-19,5100,5110,4945,4975,68929,-0.02450980392156865
2024-04-22,4975,5140,4970,5120,77390,0.029145728643216184
2024-04-23,5070,5120,5050,5070,31710,-0.009765625
2024-04-24,5100,5140,5080,5120,48105,0.009861932938856066
2024-04-25,5100,5150,5090,5110,49594,-0.001953125
2024-04-26,5150,5160,5110,5140,62700,0.005870841487279899
2024-04-29,5140,5180,5130,5160,64358,0.0038910505836575737
2024-04-30,5150,5210,5150,5180,75470,0.003875968992248069
2024-05-02,5180,5230,5160,5200,72465,0.0038610038610038533
2024-05-03,5230,5250,5180,5220,71686,0.0038461538461538325
2024-05-07,5220,5260,5190,5230,65281,0.0019157088122605526
2024-05-08,5220,5310,5200,5280,65378,0.009560229445506607
2024-05-09,5280,5370,5270,5350,82797,0.01325757575757569
2024-05-10,5340,5410,5330,5350,112280,0.0
2024-05-13,5350,5390,5320,5340,56007,-0.0018691588785046953
2024-05-14,5340,5380,5310,5340,60817,0.0
2024-05-16,5350,5410,5350,5380,99652,0.0074906367041198685
2024-05-17,5350,5490,5310,5350,148270,-0.005576208178438624
2024-05-20,5350,5410,5310,5340,89727,-0.0018691588785046953
2024-05-21,5340,5360,5200,5210,41197,-0.02434456928838946
2024-05-22,5210,5300,5210,5210,57885,0.0
2024-05-23,5240,5370,5200,5340,99848,0.0249520153550864
2024-05-24,5300,5340,5240,5280,32787,-0.011235955056179803
2024-05-27,5280,5310,5130,5130,43832,-0.02840909090909094
2024-05-28,5130,5160,5100,5140,24905,0.0019493177387914784
2024-05-29,5120,5150,5080,5110,24159,-0.005836575875486361
2024-05-30,5010,5110,5000,5010,31420,-0.019569471624266144
2024-05-31,5010,5060,4980,4985,26845,-0.004990019960079861
2024-06-03,5040,5090,4995,5050,222700,0.013039117352056095
2024-06-04,5020,5060,4980,4990,32856,-0.011881188118811892
2024-06-05,4960,5050,4960,5040,29205,0.01002004008016022
2024-06-07,5040,5080,5000,5000,18088,-0.007936507936507908
2024-06-10,4975,5030,4960,5010,27738,0.0020000000000000018
2024-06-11,5010,5110,5010,5040,40487,0.0059880239520957446
2024-06-12,5000,5100,5000,5020,18316,-0.003968253968253954
2024-06-13,5090,5090,5000,5010,26856,-0.0019920318725099584
2024-06-14,5040,5520,4950,5120,819658,0.02195608782435121
2024-06-17,5120,5130,5020,5030,70766,-0.017578125
2024-06-18,5030,5080,4985,4995,47880,-0.006958250497017926
2024-06-19,4990,5030,4945,4960,54626,-0.00700700700700696
2024-06-20,4940,5000,4940,4970,24990,0.002016129032258007
2024-06-21,4965,4995,4935,4960,24887,-0.002012072434607659
2024-06-24,4925,4980,4845,4845,55931,-0.02318548387096775
2024-06-25,4845,4890,4840,4890,27978,0.009287925696594534
2024-06-26,4860,4955,4860,4905,26239,0.0030674846625766694
2024-06-27,4905,4935,4875,4875,15790,-0.006116207951070374
2024-06-28,4875,4890,4850,4865,21058,-0.002051282051282022
2024-07-01,4865,4910,4850,4855,17826,-0.0020554984583761593
2024-07-02,4865,4900,4730,4770,76202,-0.01750772399588052
2024-07-03,4780,4820,4730,4740,30487,-0.0062893081761006275
2024-07-04,4735,4760,4670,4675,47508,-0.01371308016877637
2024-07-05,4675,4730,4630,4665,41009,-0.002139037433155133
2024-07-08,4670,4725,4650,4675,20365,0.002143622722400762
2024-07-09,4655,4700,4655,4670,17915,-0.0010695187165775666
2024-07-10,4745,4745,4645,4675,38872,0.0010706638115631772
2024-07-11,4770,4955,4675,4690,96494,0.0032085561497325887
2024-07-12,4700,4720,4645,4655,48870,-0.007462686567164201
2024-07-15,4660,4670,4575,4620,32909,-0.007518796992481258
2024-07-16,4580,4605,4535,4560,73993,-0.012987012987012991
2024-07-17,4540,4575,4495,4505,67696,-0.01206140350877194
2024-07-18,4475,4500,4390,4405,73542,-0.02219755826859049
2024-07-19,4405,4535,4360,4465,50287,0.013620885357548351
2024-07-22,4410,4490,4335,4350,36598,-0.025755879059350506
2024-07-23,4355,4380,4315,4330,50016,-0.0045977011494252595
2024-07-24,4320,4385,4320,4335,33377,0.0011547344110853786
2024-07-25,4310,4320,4200,4245,89867,-0.02076124567474047
2024-07-26,4210,4260,4140,4205,49178,-0.009422850412249661
2024-07-29,4205,4240,4180,4210,29864,0.0011890606420927874
2024-07-30,4200,4235,4125,4175,48323,-0.008313539192399078
2024-07-31,4150,4215,4135,4205,32807,0.007185628742514938
2024-08-01,4220,4285,4200,4265,29048,0.014268727705113005
2024-08-02,4255,4255,4105,4115,72961,-0.035169988276670616
2024-08-05,4115,4145,3530,3615,275814,-0.12150668286755772
2024-08-06,3510,3885,3510,3885,123041,0.07468879668049788
2024-08-07,3890,4180,3885,4150,164735,0.06821106821106815
2024-08-08,4145,4210,4070,4165,84895,0.0036144578313253017
2024-08-09,4165,4205,4165,4180,26681,0.0036014405762305746
2024-08-12,4155,4295,4155,4255,57758,0.017942583732057482
2024-08-13,4295,4325,4240,4285,91703,0.007050528789659172
2024-08-14,4370,4505,4320,4505,133147,0.05134189031505243
2024-08-16,4530,4580,4450,4490,169977,-0.0033296337402886067
2024-08-19,4540,4625,4520,4585,112722,0.021158129175946616
2024-08-20,4630,4745,4590,4735,110860,0.03271537622682663
2024-08-21,4745,4875,4720,4855,148181,0.025343189017951406
2024-08-22,4825,4850,4730,4735,65583,-0.02471678681771372
2024-08-23,4745,4825,4735,4805,94796,0.014783526927138357
2024-08-26,4765,4835,4765,4780,54297,-0.005202913631633721
2024-08-27,4780,4790,4720,4730,54080,-0.010460251046025104
2024-08-28,4740,4780,4630,4725,62268,-0.0010570824524313016
2024-08-29,4725,4750,4685,4730,74878,0.0010582010582009804
2024-08-30,4750,4870,4750,4860,97779,0.02748414376321362
2024-09-02,4865,4890,4820,4870,62183,0.002057613168724215
2024-09-03,4870,4905,4855,4885,66235,0.0030800821355236874
2024-09-04,4800,4865,4735,4750,90601,-0.02763561924257929
2024-09-05,4800,4905,4745,4765,100178,0.0031578947368420263
2024-09-06,4820,4820,4560,4700,80597,-0.01364113326337879
2024-09-09,4660,4685,4510,4645,72688,-0.011702127659574457
2024-09-10,4645,4740,4545,4545,70552,-0.02152852529601723
2024-09-11,4605,4605,4335,4335,33804,-0.04620462046204621
2024-09-12,4340,4420,4340,4420,10652,0.019607843137254832
2024-09-13,4400,4490,4400,4475,12334,0.012443438914027105
2024-09-19,4475,4600,4460,4545,10625,0.015642458100558754
2024-09-20,4545,4615,4525,4525,12075,-0.004400440044004417
2024-09-23,4515,4910,4485,4855,134907,0.07292817679558006
2024-09-24,4930,5090,4900,5000,138486,0.029866117404737436
2024-09-25,4995,5040,4965,4965,41205,-0.007000000000000006
2024-09-26,4985,5000,4955,4990,15254,0.0050352467270895485
2024-09-27,4970,5040,4970,4985,15023,-0.0010020040080159776
2024-09-30,5050,5080,5010,5030,94942,0.009027081243731194
2024-10-02,5030,5090,4970,5070,64497,0.007952286282306265
2024-10-04,5100,5130,5040,5090,88578,0.0039447731755424265
2024-10-07,5090,5160,5090,5160,53910,0.013752455795677854
2024-10-08,5140,5200,5120,5180,105834,0.003875968992248069
2024-10-10,5200,5230,5080,5140,103007,-0.007722007722007707
2024-10-11,5170,5210,5160,5180,113539,0.0077821011673151474
2024-10-14,5200,5220,5100,5140,89975,-0.007722007722007707
2024-10-15,5190,5220,5120,5140,120350,0.0
2024-10-16,5160,5250,5150,5220,103107,0.015564202334630295
2024-10-17,5160,5200,5130,5160,29854,-0.011494252873563204
2024-10-18,5180,5260,5170,5240,121526,0.015503875968992276
2024-10-21,5200,5230,5160,5210,21218,-0.005725190839694694
2024-10-22,5180,5210,5080,5100,37988,-0.021113243761996192
2024-10-23,5050,5070,4910,4950,36007,-0.02941176470588236
2024-10-24,5010,5190,4995,5170,104077,0.04444444444444451
2024-10-25,5160,5160,5000,5030,24687,-0.027079303675048405
2024-10-28,4980,5060,4980,5020,7413,-0.001988071570576566
2024-10-29,4985,5020,4950,5010,14681,-0.0019920318725099584
2024-10-30,5010,5010,4945,4960,12179,-0.009980039920159722
2024-10-31,4950,4950,4825,4880,23494,-0.016129032258064502
2024-11-01,4995,5110,4975,5040,92296,0.032786885245901676
2024-11-04,5100,5170,5050,5100,124631,0.011904761904761862
2024-11-05,5050,5080,4940,4945,33638,-0.0303921568627451
2024-11-06,5030,5080,5020,5050,84884,0.02123356926188058
2024-11-07,5100,5170,5030,5100,116067,0.00990099009900991
2024-11-08,5050,5110,4970,4970,23659,-0.025490196078431393
2024-11-11,4965,4965,4500,4710,50221,-0.0523138832997988
2024-11-12,4770,4860,4730,4730,121515,0.00424628450106157
2024-11-13,4720,4750,4445,4515,23711,-0.045454545454545414
2024-11-14,4450,4665,4400,4400,27382,-0.025470653377630104
2024-11-15,4405,4460,4280,4350,23747,-0.011363636363636354
2024-11-18,4310,4560,4310,4380,18674,0.006896551724137945
2024-11-19,4380,4495,4340,4380,12740,0.0
2024-11-20,4380,4485,4345,4380,8684,0.0
2024-11-21,4390,4450,4380,4445,6480,0.014840182648401923
2024-11-22,4490,4490,4450,4480,15788,0.007874015748031482
2024-11-25,4485,4575,4455,4500,15657,0.0044642857142858094
2024-11-26,4495,4560,4495,4560,14367,0.01333333333333342
2024-11-27,4590,4630,4330,4500,20523,-0.013157894736842146
2024-11-28,4525,4550,4495,4520,19756,0.004444444444444473
2024-11-29,4485,4525,4450,4505,20994,-0.0033185840707964376
2024-12-02,4510,4545,4255,4505,23803,0.0
2024-12-03,4500,4600,4300,4470,22104,-0.007769145394006638
2024-12-04,4395,4550,4385,4400,19278,-0.015659955257270708
2024-12-05,4490,4490,4200,4345,27619,-0.012499999999999956
2024-12-06,4400,4450,4220,4375,83724,0.0069044879171460405
2024-12-09,4320,4380,4010,4045,66563,-0.0754285714285714
2024-12-10,3845,4200,3845,4180,46735,0.03337453646477129
2024-12-11,4180,4340,4100,4340,26743,0.038277511961722466
2024-12-12,4340,4380,4300,4345,20677,0.0011520737327188613
2024-12-13,4305,4475,4305,4465,14486,0.027617951668584606
2024-12-16,4465,4475,4400,4415,9985,-0.011198208286674172
2024-12-17,4500,4500,4335,4365,12399,-0.011325028312570762
2024-12-18,4365,4450,4365,4380,11570,0.0034364261168384758
2024-12-19,4380,4380,4305,4305,8506,-0.017123287671232834
2024-12-20,4305,4375,4280,4350,8696,0.010452961672473782
2024-12-23,4315,4430,4290,4430,16783,0.01839080459770126
2024-12-24,4380,4435,4355,4410,12287,-0.004514672686230292
2024-12-26,4410,4430,4370,4370,18437,-0.009070294784580546
2024-12-27,4375,4375,4215,4270,19190,-0.022883295194508046
2024-12-30,4200,4385,4165,4295,7518,0.005854800936768045
2025-01-02,4295,4330,4135,4255,12077,-0.0093131548311991
2025-01-03,4260,4355,4235,4340,19456,0.0199764982373678
2025-01-06,4340,4440,4330,4400,25134,0.01382488479262678
2025-01-07,4390,4465,4355,4420,26596,0.00454545454545463
2025-01-08,4395,4415,4350,4395,18266,-0.005656108597285048
2025-01-09,4445,4455,4310,4330,15762,-0.014789533560864654
2025-01-10,4365,4365,4240,4305,17793,-0.005773672055427226
2025-01-13,4280,4320,4250,4250,15590,-0.012775842044134733
2025-01-14,4170,4335,4170,4315,30428,0.015294117647058902
2025-01-15,4280,4340,4280,4280,128230,-0.008111239860950192
2025-01-16,4285,4330,4280,4285,12250,0.001168224299065379
2025-01-17,4285,4325,4215,4315,10249,0.007001166861143604
2025-01-20,4300,4385,4300,4345,20333,0.006952491309385911
2025-01-21,4335,4365,4305,4325,11475,-0.004602991944764101
2025-01-22,4330,4375,4245,4290,29716,-0.008092485549133
2025-01-23,4350,4350,4200,4210,19295,-0.018648018648018683
2025-01-24,4465,4465,4220,4280,32785,0.016627078384798155
2025-01-31,4245,4295,4210,4215,18679,-0.015186915887850483
2025-02-03,4170,4200,4015,4035,33880,-0.042704626334519546
2025-02-04,4005,4110,4005,4040,33041,0.0012391573729864103
2025-02-05,4050,4090,4005,4030,38181,-0.0024752475247524774
2025-02-06,4060,4070,4005,4030,20468,0.0
2025-02-07,4030,4040,3985,4015,15556,-0.003722084367245637
2025-02-10,4035,4035,3950,4015,13096,0.0
2025-02-11,4010,4075,4010,4060,7251,0.011207970112079746
2025-02-12,4050,4070,4030,4035,24453,-0.006157635467980316
2025-02-13,4065,4070,4030,4050,12180,0.0037174721189590088
2025-02-14,4085,4090,4035,4040,12630,-0.0024691358024691024
2025-02-17,4040,4155,4040,4045,15445,0.0012376237623761277
2025-02-18,4045,4080,4010,4065,20177,0.0049443757725586845
2025-02-19,4065,4180,4035,4170,30871,0.02583025830258312
2025-02-20,4160,4205,4100,4190,1222318,0.004796163069544335
2025-02-21,4205,4275,4145,4180,22753,-0.0023866348448687846
2025-02-24,4250,4250,4145,4220,12104,0.009569377990430672
2025-02-25,4165,4295,4165,4190,24633,-0.007109004739336511
2025-02-26,4190,4200,4160,4200,12749,0.0023866348448686736
2025-02-27,4170,4205,4070,4115,22147,-0.020238095238095277
2025-02-28,4085,4155,4025,4025,33955,-0.021871202916160404
2025-03-04,3995,4050,3970,3970,28948,-0.013664596273291973
2025-03-05,3955,4045,3955,4035,8848,0.016372795969773257
2025-03-06,4035,4075,4010,4030,13996,-0.0012391573729864103
2025-03-07,4030,4065,3990,4040,10207,0.002481389578163684
2025-03-10,4020,4075,3985,4050,20177,0.0024752475247524774
2025-03-11,4000,4050,3985,4030,4243,-0.004938271604938316
2025-03-12,4005,4030,3980,4020,48770,-0.002481389578163795
2025-03-13,4000,4030,3975,3975,20029,-0.011194029850746245
2025-03-14,3975,4035,3970,4005,8939,0.007547169811320753
2025-03-17,4005,4020,3975,3980,9003,-0.006242197253433224
2025-03-18,3955,4035,3955,3985,13073,0.0012562814070351536
2025-03-19,3955,4010,3955,3985,14633,0.0
2025-03-20,3990,4005,3950,3965,18216,-0.005018820577164407
2025-03-21,3965,3970,3920,3925,35220,-0.010088272383354302
2025-03-24,3890,3970,3880,3940,19858,0.003821656050955413
2025-03-25,3920,4015,3900,3900,16744,-0.010152284263959421
2025-03-26,3915,3935,3895,3895,3980,-0.0012820512820512775
2025-03-27,3920,3985,3900,3900,6096,0.0012836970474967568
2025-03-28,3905,3915,3830,3885,14788,-0.0038461538461538325
2025-03-31,3885,3885,3775,3790,22802,-0.02445302445302444
2025-04-01,3850,3860,3800,3840,4001,0.013192612137203241
2025-04-02,3840,3940,3825,3870,15553,0.0078125
2025-04-03,3840,3910,3775,3900,10412,0.007751937984496138
2025-04-04,3840,3940,3835,3940,34839,0.01025641025641022
2025-04-07,3815,3935,3800,3800,22834,-0.035532994923857864
2025-04-08,3845,3875,3785,3800,24014,0.0
2025-04-09,3775,3920,3750,3835,44902,0.009210526315789558
2025-04-10,3855,3990,3855,3920,14346,0.022164276401564598
2025-04-11,3940,4000,3875,4000,18761,0.020408163265306145
2025-04-14,4010,4045,3915,3960,42423,-0.010000000000000009
2025-04-15,3960,4035,3900,3950,44244,-0.002525252525252486
2025-04-16,3950,4000,3930,3990,40394,0.010126582278481067
2025-04-17,3990,4010,3980,3990,5582,0.0
2025-04-18,3990,4005,3945,3995,20390,0.0012531328320801727
2025-04-21,3995,4040,3950,4025,20233,0.007509386733416834
2025-04-22,4000,4380,4000,4145,223674,0.029813664596273215
2025-04-23,4145,4200,4100,4150,25291,0.0012062726176116367
2025-04-24,4150,4195,4105,4165,21299,0.0036144578313253017
2025-04-25,4200,4200,4150,4175,13740,0.0024009603841537164
2025-04-28,4175,4180,4100,4150,29140,-0.005988023952095856
2025-04-29,4150,4200,4085,4145,33938,-0.001204819277108471
2025-04-30,4105,4200,4060,4105,19672,-0.00965018094089265
2025-05-02,4110,4160,4095,4160,34583,0.013398294762484664
2025-05-07,4160,4180,4100,4140,16228,-0.004807692307692291
2025-05-08,4175,4175,4125,4165,20575,0.006038647342995196
2025-05-09,4165,4170,4090,4125,20671,-0.009603841536614643
2025-05-12,4145,4160,4115,4145,22164,0.00484848484848488
2025-05-13,4125,4180,4120,4180,18139,0.008443908323281013
2025-05-14,4185,4245,4150,4245,26737,0.015550239234449759
2025-05-15,4245,4540,4200,4260,141861,0.0035335689045936647
2025-05-16,4260,4305,4235,4265,22687,0.0011737089201877549
2025-05-19,4265,4277,4175,4195,16419,-0.016412661195779554
2025-05-20,4170,4280,4150,4235,13589,0.009535160905840279
2025-05-21,4240,4260,4205,4235,8483,0.0
2025-05-22,4235,4240,4185,4200,6094,-0.008264462809917328
2025-05-23,4175,4340,4165,4245,21293,0.010714285714285676
2025-05-26,4245,4360,4235,4325,47323,0.018845700824499323
2025-05-27,4325,4370,4265,4330,25765,0.0011560693641619046
2025-05-28,4335,4355,4280,4330,21196,0.0
2025-05-29,4350,4460,4300,4460,49035,0.03002309468822162
2025-05-30,4460,4545,4420,4460,57196,0.0
2025-06-02,4540,4545,4390,4465,140554,0.0011210762331839152
2025-06-04,4530,4530,4435,4465,28184,0.0
2025-06-05,4445,4490,4400,4430,23192,-0.007838745800671898
2025-06-09,4430,4530,4430,4495,32740,0.0146726862302482
2025-06-10,4455,4540,4450,4495,27082,0.0
2025-06-11,4495,4585,4475,4535,48621,0.008898776418242438
2025-06-12,4590,4600,4530,4540,31480,0.0011025358324145973
2025-06-13,4545,4700,4535,4570,51701,0.0066079295154184425
2025-06-16,4570,4650,4555,4575,25783,0.001094091903719896
2025-06-17,4605,4605,4485,4500,31014,-0.016393442622950838
2025-06-18,4500,4590,4420,4525,21521,0.005555555555555536
2025-06-19,4525,4595,4520,4560,33541,0.007734806629834168
2025-06-20,4560,4580,4500,4525,19763,-0.007675438596491224
2025-06-23,4525,4525,4375,4375,42398,-0.03314917127071826
2025-06-24,4390,4530,4390,4520,37766,0.03314285714285714
2025-06-25,4500,4580,4500,4560,27143,0.008849557522123908
2025-06-26,4560,4605,4480,4480,16317,-0.01754385964912286
2025-06-27,4480,4555,4160,4370,34246,-0.024553571428571397
2025-06-30,4380,4480,4380,4445,12066,0.017162471395880896
2025-07-01,4445,4495,4385,4415,43871,-0.006749156355455588
2025-07-02,4415,4510,4320,4500,36995,0.01925254813137034
2025-07-03,4505,4505,4445,4500,19828,0.0
2025-07-04,4500,4510,4415,4475,15445,-0.005555555555555536
2025-07-07,4505,4505,4420,4450,22629,-0.005586592178770999
2025-07-08,4410,4500,4410,4490,23967,0.008988764044943753
2025-07-09,4490,4540,4465,4530,21975,0.008908685968819663
2025-07-10,4530,4570,4505,4570,32956,0.008830022075055233
2025-07-11,4540,4600,4540,4575,21098,0.001094091903719896
2025-07-14,4580,4590,4550,4590,29229,0.003278688524590123
2025-07-15,4580,4590,4520,4575,20403,-0.0032679738562091387
2025-07-16,4575,4575,4515,4530,16104,-0.00983606557377048
2025-07-17,4580,4580,4500,4520,9225,-0.002207505518763808
2025-07-18,4520,4590,4505,4570,21708,0.01106194690265494
2025-07-21,4590,4625,4550,4560,17152,-0.002188183807439792
2025-07-22,4560,4565,4360,4420,45458,-0.030701754385964897
2025-07-23,4445,4540,4395,4470,13874,0.011312217194570096
