Date,Open,High,Low,Close,Volume,Change
2022-01-03,3025,3075,2962,3025,32204,0.0
2022-01-04,3037,3149,3024,3137,37768,0.03702479338842979
2022-01-05,3137,3325,3087,3175,52732,0.012113484220592996
2022-01-06,3149,3224,3112,3112,31468,-0.01984251968503936
2022-01-07,3100,3237,3100,3225,21688,0.0363110539845759
2022-01-10,3225,3300,3175,3225,15168,0.0
2022-01-11,3200,3275,3175,3250,38872,0.007751937984496138
2022-01-12,3249,3336,3187,3212,19232,-0.011692307692307669
2022-01-13,3200,3237,3175,3200,11468,-0.0037359900373599153
2022-01-14,3112,3200,3112,3150,14144,-0.015625
2022-01-17,3150,3150,3075,3100,35892,-0.015873015873015928
2022-01-18,3112,3150,2962,3025,21684,-0.024193548387096753
2022-01-19,3025,3025,2862,2975,60888,-0.016528925619834656
2022-01-20,2912,2974,2912,2962,12796,-0.0043697478991596705
2022-01-21,2962,3075,2887,2950,35232,-0.004051316677920358
2022-01-24,2937,2937,2737,2875,46356,-0.025423728813559365
2022-01-25,2849,2886,2737,2737,80624,-0.04800000000000004
2022-01-26,2750,2812,2712,2775,11544,0.013883814395323268
2022-01-27,2775,2825,2625,2700,51164,-0.027027027027026973
2022-01-28,2712,2837,2712,2837,11780,0.05074074074074075
2022-02-03,2837,2925,2787,2850,15732,0.004582305252026853
2022-02-04,2787,2887,2787,2875,7852,0.00877192982456143
2022-02-07,2875,2900,2825,2900,7804,0.008695652173912993
2022-02-08,2887,2937,2837,2900,17884,0.0
2022-02-09,2936,2936,2862,2887,12212,-0.0044827586206896974
2022-02-10,2924,2936,2849,2887,8144,0.0
2022-02-11,2886,2936,2837,2837,20716,-0.01731901627987531
2022-02-14,2836,2836,2624,2712,51944,-0.0440606274233345
2022-02-15,2674,2736,2574,2662,21208,-0.018436578171091456
2022-02-16,2637,2725,2637,2700,22964,0.01427498121712989
2022-02-17,2699,2699,2624,2687,23360,-0.004814814814814827
2022-02-18,2686,2699,2624,2637,29524,-0.01860811313732791
2022-02-21,2624,2636,2487,2487,106024,-0.056882821387940874
2022-02-22,2464,2481,2354,2412,138572,-0.030156815440289475
2022-02-23,2417,2512,2384,2512,49768,0.041459369817578695
2022-02-24,2524,2524,2429,2457,27056,-0.021894904458598763
2022-02-25,2445,2550,2445,2525,25264,0.027676027676027726
2022-02-28,2550,2550,2512,2525,11036,0.0
2022-03-02,2525,3175,2477,2850,318440,0.1287128712871286
2022-03-03,2862,2887,2725,2775,59780,-0.02631578947368418
2022-03-04,2774,2774,2687,2737,25532,-0.013693693693693665
2022-03-07,2736,2736,2612,2662,25068,-0.027402265253927638
2022-03-08,2637,2737,2575,2675,21832,0.00488354620586029
2022-03-10,2662,2737,2662,2700,15584,0.009345794392523255
2022-03-11,2712,2950,2700,2900,99236,0.07407407407407418
2022-03-14,2875,2912,2812,2850,17312,-0.017241379310344862
2022-03-15,2850,2875,2712,2875,14324,0.00877192982456143
2022-03-16,2824,2899,2799,2887,12220,0.004173913043478361
2022-03-17,2862,2974,2862,2937,21544,0.01731901627987531
2022-03-18,2937,2937,2899,2937,11160,0.0
2022-03-21,2937,3012,2912,2950,13068,0.004426285325161761
2022-03-22,2949,2949,2899,2937,12136,-0.004406779661016991
2022-03-23,2950,3000,2900,3000,19692,0.021450459652706755
2022-03-24,2937,3049,2937,3037,24532,0.012333333333333307
2022-03-25,3037,3149,2974,3087,61368,0.01646361540994401
2022-03-28,3087,3100,3037,3075,30484,-0.0038872691933916625
2022-03-29,3187,3350,3025,3250,161168,0.05691056910569103
2022-03-30,3250,3362,3250,3275,86588,0.007692307692307665
2022-03-31,3212,3312,3125,3200,39908,-0.022900763358778664
2022-04-01,3224,3236,3099,3212,14756,0.00374999999999992
2022-04-04,3175,3187,3100,3100,18060,-0.03486924034869243
2022-04-05,3099,3124,3037,3112,14188,0.003870967741935516
2022-04-06,3100,3100,2900,3025,59412,-0.02795629820051415
2022-04-07,3036,3036,2824,2887,81876,-0.04561983471074382
2022-04-08,2900,2925,2850,2875,7432,-0.004156563907170119
2022-04-11,2875,2875,2687,2850,74048,-0.008695652173912993
2022-04-12,2811,2824,2674,2737,38124,-0.03964912280701749
2022-04-13,2725,3537,2687,3100,361736,0.13262696382900985
2022-04-14,2937,2999,2862,2962,128888,-0.0445161290322581
2022-04-15,2937,2937,2862,2900,32348,-0.020931802835921665
2022-04-18,2900,2925,2862,2900,14088,0.0
2022-04-19,2899,2949,2874,2912,25768,0.004137931034482678
2022-04-20,2912,2912,2825,2875,30336,-0.012706043956043911
2022-04-21,2887,2900,2862,2900,14872,0.008695652173912993
2022-04-22,2887,2950,2825,2875,17528,-0.008620689655172376
2022-04-25,2874,2874,2774,2787,15808,-0.030608695652173945
2022-04-26,2787,2824,2787,2787,8980,0.0
2022-04-27,2749,2799,2687,2737,25068,-0.01794043774668097
2022-04-28,2787,2787,2724,2787,9536,0.018268176835951833
2022-04-29,2824,2849,2699,2812,17144,0.008970218873340485
2022-05-02,2825,2875,2737,2825,12796,0.004623044096728313
2022-05-03,2862,2899,2824,2862,8904,0.01309734513274341
2022-05-04,2850,2875,2787,2850,6352,-0.004192872117400381
2022-05-06,2849,2849,2674,2687,56736,-0.05719298245614035
2022-05-09,2636,2724,2477,2477,120792,-0.07815407517677708
2022-05-10,2487,2600,2402,2490,77872,0.005248284214775856
2022-05-11,2499,2562,2484,2562,17320,0.028915662650602414
2022-05-12,2525,2562,2450,2455,39076,-0.041764246682279516
2022-05-13,2444,2536,2444,2512,10812,0.02321792260692468
2022-05-16,2512,2549,2462,2512,7256,0.0
2022-05-17,2512,2550,2460,2465,23840,-0.018710191082802585
2022-05-18,2465,2537,2450,2500,19084,0.014198782961460488
2022-05-19,2465,2587,2422,2525,46552,0.010000000000000009
2022-05-20,2485,2550,2485,2550,16348,0.00990099009900991
2022-05-23,2550,2637,2550,2625,29844,0.02941176470588225
2022-05-24,2600,2725,2587,2725,54908,0.03809523809523818
2022-05-25,2724,2749,2624,2637,15472,-0.032293577981651334
2022-05-26,2675,2762,2637,2750,23020,0.04285172544558202
2022-05-27,2750,2787,2662,2675,18524,-0.027272727272727226
2022-05-30,2687,2799,2649,2787,26988,0.04186915887850473
2022-05-31,2787,3075,2775,2925,142712,0.049515608180839665
2022-06-02,2949,3049,2799,2937,28828,0.004102564102564044
2022-06-03,2924,2999,2837,2962,14584,0.008512087163772497
2022-06-07,2949,2961,2762,2787,41136,-0.05908170155300474
2022-06-08,2824,2961,2762,2812,19304,0.008970218873340485
2022-06-09,2812,2812,2725,2750,10740,-0.02204836415362732
2022-06-10,2749,2774,2649,2687,16948,-0.02290909090909088
2022-06-13,2624,2674,2449,2462,83572,-0.08373650911797548
2022-06-14,2477,2490,2412,2450,43300,-0.004874086108854536
2022-06-15,2425,2472,2352,2370,40276,-0.03265306122448974
2022-06-16,2375,2447,2350,2370,23640,0.0
2022-06-17,2350,2392,2202,2295,16488,-0.03164556962025311
2022-06-20,2281,2344,2134,2222,28480,-0.03180827886710236
2022-06-21,2190,2280,2162,2185,26256,-0.016651665166516616
2022-06-22,2186,2279,2064,2122,36320,-0.028832951945080065
2022-06-23,2065,2127,1927,1975,67968,-0.06927426955702165
2022-06-24,2012,2094,1962,2062,31524,0.04405063291139233
2022-06-27,2100,2200,2050,2185,14464,0.059650824442289085
2022-06-28,2212,2374,2172,2322,24532,0.0627002288329519
2022-06-29,2322,2437,2255,2435,19556,0.048664944013781186
2022-06-30,2425,2432,2352,2390,9156,-0.01848049281314168
2022-07-01,2369,2386,2247,2287,15448,-0.043096234309623394
2022-07-04,2287,2287,2227,2270,1348,-0.007433318758198526
2022-07-05,2262,2342,2262,2285,4068,0.0066079295154184425
2022-07-06,2249,2324,2249,2317,6404,0.014004376367614979
2022-07-07,2346,2374,2219,2242,53168,-0.032369443245576224
2022-07-08,2244,2299,2239,2287,14232,0.020071364852809914
2022-07-11,2295,2312,2265,2295,4464,0.003498032356799241
2022-07-12,2292,2295,2247,2290,5236,-0.002178649237472796
2022-07-13,2277,2427,2277,2325,32900,0.015283842794759916
2022-07-14,2325,2355,2295,2340,4252,0.006451612903225712
2022-07-15,2390,2390,2250,2275,7712,-0.02777777777777779
2022-07-18,2274,2319,2252,2287,5556,0.005274725274725167
2022-07-19,2234,2324,2234,2262,3512,-0.010931351114997767
2022-07-20,2262,2346,2254,2312,19920,0.022104332449160102
2022-07-21,2312,2370,2292,2350,8968,0.016435986159169635
2022-07-22,2370,2370,2312,2350,20572,0.0
2022-07-25,2350,2362,2300,2325,9436,-0.010638297872340385
2022-07-26,2324,2351,2304,2337,1840,0.005161290322580614
2022-07-27,2332,2366,2324,2337,13044,0.0
2022-07-28,2332,2370,2315,2340,6128,0.0012836970474967568
2022-07-29,2384,2389,2319,2367,3424,0.011538461538461497
2022-08-01,2385,2397,2342,2390,23480,0.009716941275876634
2022-08-02,2369,2376,2312,2372,7864,-0.007531380753138084
2022-08-03,2341,2364,2302,2307,3936,-0.027403035413153476
2022-08-04,2307,2335,2282,2325,8332,0.007802340702210753
2022-08-05,2325,2325,2275,2315,14152,-0.004301075268817178
2022-08-08,2315,2315,2295,2315,2820,0.0
2022-08-09,2315,2325,2275,2320,8472,0.002159827213822796
2022-08-10,2319,2411,2314,2362,10532,0.018103448275861966
2022-08-11,2340,2397,2340,2370,2256,0.003386960203217715
2022-08-12,2364,2439,2332,2347,5372,-0.009704641350210985
2022-08-16,2347,2347,2275,2305,9076,-0.01789518534299106
2022-08-17,2305,2317,2287,2300,5976,-0.002169197396963085
2022-08-18,2265,2350,2262,2310,17848,0.004347826086956497
2022-08-19,2310,2310,2270,2280,34724,-0.012987012987012991
2022-08-22,2224,2294,2222,2272,29100,-0.0035087719298245723
2022-08-23,2262,2262,2192,2260,40748,-0.005281690140845119
2022-08-24,2256,2256,2204,2222,9028,-0.016814159292035447
2022-08-25,2217,2300,2187,2225,13684,0.0013501350135014523
2022-08-26,2225,2322,2225,2230,5824,0.0022471910112360494
2022-08-29,2230,2887,2130,2345,2627276,0.05156950672645744
2022-08-30,2325,2345,2240,2265,363324,-0.034115138592750505
2022-08-31,2256,2266,2229,2247,97180,-0.007947019867549643
2022-09-01,2224,2226,2027,2047,263916,-0.08900756564307966
2022-09-02,2055,2095,2012,2025,74704,-0.010747435271128536
2022-09-05,2025,2045,1920,1950,134556,-0.03703703703703709
2022-09-06,1919,1966,1919,1947,30836,-0.0015384615384614886
2022-09-07,1946,1966,1844,1882,127844,-0.0333846944016436
2022-09-08,1882,1925,1862,1880,17512,-0.0010626992561104665
2022-09-13,1879,1909,1852,1857,95228,-0.012234042553191493
2022-09-14,1832,1906,1782,1837,63728,-0.010770059235325813
2022-09-15,1827,1850,1817,1845,21268,0.004354926510615087
2022-09-16,1809,1886,1809,1867,43292,0.011924119241192521
2022-09-19,1869,1909,1824,1857,18044,-0.005356186395286566
2022-09-20,1832,1907,1832,1850,10116,-0.003769520732364029
2022-09-21,1850,2375,1825,2015,1226876,0.08918918918918917
2022-09-22,2131,2611,2029,2077,5016708,0.03076923076923066
2022-09-23,2024,2026,1927,1927,321544,-0.07221954742416947
2022-09-26,1855,1915,1795,1825,149892,-0.052932018681888904
2022-09-27,1874,1874,1774,1777,118488,-0.02630136986301368
2022-09-28,1776,1949,1742,1747,225052,-0.01688238604389425
2022-09-29,1782,1816,1767,1782,34884,0.02003434459072695
2022-09-30,1745,1787,1670,1745,77812,-0.020763187429854058
2022-10-04,1750,1787,1737,1745,38328,0.0
2022-10-05,1742,1791,1719,1772,53428,0.015472779369627432
2022-10-06,1822,1922,1785,1905,70716,0.07505643340857793
2022-10-07,1890,2005,1887,2005,96452,0.05249343832021003
2022-10-11,1984,2092,1894,2092,174256,0.04339152119700751
2022-10-12,2074,2169,2052,2147,105628,0.026290630975143392
2022-10-13,2146,2211,2027,2137,93316,-0.004657661853749384
2022-10-14,2140,2217,2100,2180,103408,0.020121665886757123
2022-10-17,2179,2274,2129,2207,80224,0.012385321100917501
2022-10-18,2207,2291,2194,2212,106588,0.002265518803806099
2022-10-19,2232,2240,2150,2150,25196,-0.028028933092224206
2022-10-20,2150,2192,2100,2185,49668,0.016279069767441756
2022-10-21,2155,2242,2152,2230,47584,0.020594965675057253
2022-10-24,2232,2325,2207,2235,48556,0.0022421524663676085
2022-10-25,2257,2312,2240,2280,35332,0.020134228187919545
2022-10-26,2322,2322,2252,2280,26812,0.0
2022-10-27,2285,2737,2285,2525,623020,0.10745614035087714
2022-10-28,2536,2749,2462,2462,366652,-0.024950495049504973
2022-10-31,2462,2512,2337,2345,105256,-0.04752233956133223
2022-11-01,2345,2410,2267,2400,90124,0.023454157782516027
2022-11-02,2370,2390,2342,2380,29268,-0.008333333333333304
2022-11-03,2372,2372,2310,2345,15756,-0.014705882352941124
2022-11-04,2339,2356,2289,2347,18672,0.0008528784648187404
2022-11-07,2319,2437,2317,2437,42936,0.03834682573498083
2022-11-08,2430,2465,2387,2445,19584,0.003282724661469061
2022-11-09,2420,2425,2397,2410,10912,-0.014314928425357865
2022-11-10,2315,2435,2315,2400,24428,-0.004149377593360981
2022-11-11,2310,2400,2165,2175,481392,-0.09375
2022-11-14,2175,2187,2110,2175,67156,0.0
2022-11-15,2160,2220,2130,2190,68196,0.006896551724137945
2022-11-16,2197,2525,2175,2265,361432,0.03424657534246567
2022-11-17,2267,2411,2267,2397,144400,0.05827814569536427
2022-11-18,2574,2999,2152,2177,2262044,-0.09178139340842717
2022-11-21,2272,2525,2255,2325,1215636,0.06798346348185569
2022-11-22,2361,2361,2202,2207,265740,-0.05075268817204304
2022-11-23,2207,2272,2192,2200,83140,-0.003171726325328472
2022-11-24,2200,2242,2160,2180,71348,-0.009090909090909038
2022-11-25,2200,2212,2155,2180,17908,0.0
2022-11-28,2197,2197,2100,2150,69676,-0.013761467889908285
2022-11-29,2107,2137,2075,2095,73036,-0.025581395348837188
2022-11-30,2095,2157,2037,2070,71636,-0.011933174224343701
2022-12-01,2087,2117,2050,2075,61784,0.0024154589371980784
2022-12-02,2110,2130,2065,2100,28460,0.012048192771084265
2022-12-05,2125,2135,2047,2060,44600,-0.01904761904761909
2022-12-06,2111,2111,1989,2002,52856,-0.028155339805825297
2022-12-07,1992,2205,1960,2130,220704,0.06393606393606399
2022-12-08,2130,2130,2065,2100,21004,-0.014084507042253502
2022-12-09,2077,2141,2067,2092,24368,-0.003809523809523818
2022-12-12,2111,2111,2049,2067,23624,-0.01195028680688337
2022-12-13,2067,2112,2052,2095,27004,0.013546202225447557
2022-12-14,2082,2125,2057,2120,17464,0.01193317422434359
2022-12-15,2131,2146,2097,2097,16364,-0.010849056603773555
2022-12-16,2092,2122,2084,2122,3172,0.011921793037672934
2022-12-19,2110,2137,2082,2110,33260,-0.005655042412818112
2022-12-20,2091,2109,2044,2082,46864,-0.013270142180094813
2022-12-21,2082,2149,2072,2117,53444,0.01681075888568695
2022-12-22,2144,2271,2107,2227,139904,0.05196032120925831
2022-12-23,2207,2375,2200,2350,161088,0.055231252806466014
2022-12-26,2349,2376,2252,2302,76896,-0.020425531914893602
2022-12-27,2277,2362,2200,2215,38436,-0.03779322328410073
2022-12-28,2316,2316,2134,2177,38372,-0.017155756207674955
2022-12-29,2177,2220,2110,2140,27872,-0.016995865870463978
2023-01-02,2140,2157,2050,2115,38196,-0.011682242990654235
2023-01-03,2084,2124,1999,2037,25388,-0.03687943262411353
2023-01-04,2017,2080,2002,2050,8688,0.006381934216985741
2023-01-05,2075,2075,2030,2055,15528,0.0024390243902439046
2023-01-06,2054,2062,2024,2062,18328,0.003406326034063323
2023-01-09,2075,2250,2075,2180,33592,0.057225994180407413
2023-01-10,2225,2225,2130,2150,24960,-0.013761467889908285
2023-01-11,2170,2170,2125,2135,30508,-0.006976744186046546
2023-01-12,2124,2221,2124,2132,12404,-0.001405152224824402
2023-01-13,2132,2342,2132,2230,215720,0.045966228893058236
2023-01-16,2250,2250,2172,2200,41588,-0.013452914798206317
2023-01-17,2267,2267,2172,2210,25744,0.00454545454545463
2023-01-18,2199,2274,2132,2207,37176,-0.0013574660633484115
2023-01-19,2204,2311,2187,2237,81016,0.013593112822836373
2023-01-20,2246,2281,2187,2217,27932,-0.008940545373267716
2023-01-25,2216,2271,2194,2212,64064,-0.002255299954894041
2023-01-26,2212,2237,2190,2190,70720,-0.009945750452079571
2023-01-27,2187,2242,2175,2175,42816,-0.006849315068493178
2023-01-30,2181,2216,2139,2157,59420,-0.008275862068965467
2023-01-31,2137,2222,2137,2195,42444,0.0176170607324988
2023-02-01,2180,2247,2177,2225,88996,0.013667425968109326
2023-02-02,2224,2266,2202,2242,55536,0.007640449438202301
2023-02-03,2267,2272,2217,2230,47228,-0.00535236396074934
2023-02-06,2212,2247,2152,2190,76768,-0.017937219730941756
2023-02-07,2204,2246,2162,2187,61780,-0.00136986301369868
2023-02-08,2187,2269,2164,2187,53356,0.0
2023-02-09,2186,2189,2157,2157,28296,-0.013717421124828544
2023-02-10,2171,2179,2089,2157,32876,0.0
2023-02-13,2127,2179,2112,2152,10184,-0.0023180343069076903
2023-02-14,2135,2205,2135,2190,18808,0.017657992565055736
2023-02-15,2201,2201,2144,2192,17992,0.0009132420091324533
2023-02-16,2176,2191,2104,2127,91764,-0.02965328467153283
2023-02-17,2127,2140,2112,2140,13608,0.00611189468735307
2023-02-20,2116,2131,2052,2107,38080,-0.015420560747663514
2023-02-21,2107,2199,2099,2172,43124,0.030849549121974462
2023-02-22,2150,2162,2110,2110,22480,-0.028545119705340682
2023-02-23,2087,2124,2074,2107,190144,-0.0014218009478672577
2023-02-24,2102,2122,2052,2090,72476,-0.008068343616516427
2023-02-27,2102,2102,2025,2075,42024,-0.0071770334928229484
2023-02-28,2075,2122,2060,2110,18524,0.01686746987951815
2023-03-02,2112,2142,2080,2080,22408,-0.014218009478673022
2023-03-03,2132,2150,2040,2075,58388,-0.0024038461538461453
2023-03-06,2110,2110,2052,2110,48196,0.01686746987951815
2023-03-07,2084,2106,2039,2067,64296,-0.020379146919431324
2023-03-08,2064,2121,2022,2067,40188,0.0
2023-03-09,2030,2085,2030,2070,81384,0.0014513788098693414
2023-03-10,2047,2072,2047,2065,20512,-0.0024154589371980784
2023-03-13,2051,2204,2022,2042,133828,-0.01113801452784502
2023-03-14,2142,2142,2025,2050,121292,0.003917727717923647
2023-03-15,2040,2145,2040,2075,64292,0.012195121951219523
2023-03-16,2046,2106,2039,2042,22444,-0.015903614457831283
2023-03-17,2075,2130,2032,2090,46600,0.02350636630754166
2023-03-20,2077,2101,2074,2092,24976,0.000956937799043045
2023-03-21,2072,2107,2072,2095,17504,0.001434034416825991
2023-03-22,2089,2106,2039,2057,64396,-0.018138424821002364
2023-03-23,2056,2066,2019,2042,15920,-0.007292173067574126
2023-03-24,2044,2139,2027,2042,60364,0.0
2023-03-27,2064,2074,2027,2067,27560,0.012242899118511286
2023-03-28,2119,2119,2047,2057,36624,-0.004837929366231286
2023-03-29,2105,2105,2052,2065,25456,0.003889158969372808
2023-03-30,2065,2172,2042,2110,68188,0.021791767554479424
2023-03-31,2109,2109,2059,2077,32164,-0.01563981042654028
2023-04-03,2076,2076,2027,2032,38068,-0.02166586422725081
2023-04-04,2025,2050,2000,2000,81044,-0.015748031496062964
2023-04-05,2002,2047,1962,2015,136048,0.007500000000000062
2023-04-06,2015,2015,1950,1985,94700,-0.01488833746898266
2023-04-07,1995,2022,1950,1995,38208,0.005037783375314797
2023-04-10,1994,1994,1924,1932,91804,-0.03157894736842104
2023-04-11,1931,1931,1854,1907,124976,-0.012939958592132483
2023-04-12,1907,2019,1864,1992,106724,0.0445726271630833
2023-04-13,2024,2024,1919,1957,81504,-0.01757028112449799
2023-04-14,1957,2027,1947,1950,71668,-0.0035769034236076136
2023-04-17,1969,2001,1924,1957,43976,0.0035897435897436214
2023-04-18,2020,2020,1950,1960,18708,0.0015329586101175963
2023-04-19,1977,2024,1912,2007,79288,0.023979591836734704
2023-04-20,2032,2032,1950,1975,34496,-0.015944195316392573
2023-04-21,1954,2009,1929,1992,43892,0.008607594936708818
2023-04-24,1969,1991,1849,1987,50176,-0.0025100401606426015
2023-04-25,1987,1987,1900,1955,69360,-0.01610468042274782
2023-04-26,1935,1955,1897,1905,36000,-0.025575447570332477
2023-04-27,1890,1890,1752,1795,122884,-0.05774278215223094
2023-04-28,1799,2006,1794,1802,197608,0.003899721448467952
2023-05-02,1802,1860,1785,1805,88308,0.0016648168701443034
2023-05-03,1895,1895,1767,1785,92180,-0.011080332409972304
2023-05-04,1665,1762,1665,1700,337560,-0.04761904761904767
2023-05-08,1687,1989,1687,1797,429628,0.05705882352941183
2023-05-09,1797,2010,1795,1930,268056,0.07401224262659989
2023-05-10,1932,2011,1932,1967,239432,0.01917098445595844
2023-05-11,1965,1982,1952,1975,58556,0.004067107269954295
2023-05-12,1974,1974,1889,1957,39892,-0.009113924050632938
2023-05-15,1962,1996,1937,1987,132648,0.015329586101175297
2023-05-16,2014,2061,1954,1957,149680,-0.01509813789632608
2023-05-17,2047,2047,1880,1915,44640,-0.02146142054164535
2023-05-18,1922,1984,1892,1922,30116,0.0036553524804177062
2023-05-19,1909,1921,1892,1907,18592,-0.007804370447450526
2023-05-22,1907,1934,1892,1922,80724,0.007865757734661694
2023-05-23,1922,1935,1885,1900,47200,-0.01144640998959412
2023-05-24,1882,1971,1867,1897,64688,-0.0015789473684210131
2023-05-25,1897,2085,1895,1990,219356,0.04902477596204524
2023-05-26,1990,2032,1990,2025,109640,0.017587939698492372
2023-05-30,2025,2025,1967,1970,30160,-0.02716049382716046
2023-05-31,2035,2035,1917,1920,36964,-0.025380710659898442
2023-06-01,2025,2025,1910,1920,34504,0.0
2023-06-02,1920,1957,1917,1950,28156,0.015625
2023-06-05,1941,1941,1904,1927,31556,-0.01179487179487182
2023-06-07,1907,1934,1897,1932,45272,0.002594706798131785
2023-06-08,1914,1929,1877,1912,49200,-0.010351966873705987
2023-06-09,1905,1982,1892,1950,73300,0.01987447698744771
2023-06-12,1997,2002,1942,1950,78188,0.0
2023-06-13,2039,2094,1962,2017,251256,0.03435897435897428
2023-06-14,1997,2086,1997,2017,221760,0.0
2023-06-15,2017,2055,1980,2030,92124,0.006445215666831983
2023-06-16,2019,2021,2004,2012,10064,-0.00886699507389166
2023-06-19,2004,2004,1987,1987,13020,-0.0124254473161034
2023-06-20,1986,1986,1949,1967,14640,-0.010065425264217387
2023-06-21,1970,2022,1952,1970,64000,0.0015251652262329163
2023-06-22,1960,2050,1902,1980,67892,0.0050761421319796
2023-06-23,1971,1996,1947,1952,32940,-0.014141414141414121
2023-06-26,1952,1959,1942,1952,10900,0.0
2023-06-27,1952,1965,1927,1965,121364,0.006659836065573854
2023-06-28,1942,2004,1939,1972,19284,0.003562340966921207
2023-06-29,1972,1980,1952,1970,30500,-0.0010141987829614951
2023-06-30,1952,2072,1942,2065,27188,0.048223350253807196
2023-07-03,2065,2122,2057,2120,176184,0.026634382566586012
2023-07-04,2119,2136,2072,2112,154088,-0.0037735849056603765
2023-07-05,2072,2146,2042,2122,111152,0.004734848484848397
2023-07-06,2121,2121,2049,2107,85728,-0.00706880301602264
2023-07-07,2080,2162,2005,2115,305772,0.0037968675842430244
2023-07-10,2115,2147,2072,2125,119204,0.004728132387706863
2023-07-11,2112,2124,2084,2117,46316,-0.0037647058823528923
2023-07-12,2130,2240,2100,2215,278772,0.046291922531884744
2023-07-13,2250,2300,2195,2215,364948,0.0
2023-07-14,2287,2287,2195,2245,144168,0.013544018058690765
2023-07-17,2251,2251,2132,2197,208324,-0.021380846325167013
2023-07-18,2202,2250,2102,2165,170528,-0.014565316340464318
2023-07-19,2152,2250,2087,2170,193472,0.002309468822170979
2023-07-20,2175,2185,2132,2170,229420,0.0
2023-07-21,2170,2187,2090,2170,176420,0.0
2023-07-24,2170,2170,2062,2120,289380,-0.02304147465437789
2023-07-25,2109,2109,2039,2082,156252,-0.017924528301886844
2023-07-26,2071,2079,1957,1992,142156,-0.043227665706051854
2023-07-27,1992,2121,1992,2002,230776,0.005020080321285203
2023-07-28,1992,2047,1992,2010,145704,0.003996003996004083
2023-07-31,2020,2027,1980,1980,115000,-0.014925373134328401
2023-08-01,2009,2009,1937,1962,97960,-0.009090909090909038
2023-08-02,1980,1980,1865,1865,91460,-0.049439347604485206
2023-08-03,1847,2200,1812,2055,540872,0.10187667560321723
2023-08-04,2044,2224,2012,2062,108988,0.003406326034063323
2023-08-07,2072,2255,2045,2230,248892,0.08147429679922413
2023-08-08,2207,2357,2207,2340,415400,0.049327354260089606
2023-08-09,2354,2354,2212,2322,387488,-0.007692307692307665
2023-08-10,2321,2524,2242,2317,356524,-0.0021533161068044704
2023-08-11,2316,2464,2307,2312,254992,-0.002157962883038378
2023-08-14,2322,2337,2177,2295,216968,-0.007352941176470562
2023-08-16,2247,2270,2190,2215,114776,-0.034858387799564294
2023-08-17,2195,2275,2175,2275,92408,0.02708803611738153
2023-08-18,2241,2324,2174,2237,56456,-0.016703296703296733
2023-08-21,2350,2365,2200,2240,63788,0.0013410818059902407
2023-08-22,2204,2269,2194,2227,46232,-0.0058035714285714635
2023-08-23,2274,2274,2174,2177,27864,-0.022451728783116298
2023-08-24,2177,2192,2149,2192,57960,0.006890215893431417
2023-08-25,2192,2235,2135,2220,150924,0.012773722627737127
2023-08-28,2250,2250,2150,2180,55588,-0.018018018018018056
2023-08-29,2249,2249,2117,2182,116508,0.0009174311926605228
2023-08-30,2187,2217,2169,2217,36988,0.016040329972502265
2023-08-31,2194,2231,2189,2222,16064,0.00225529995489393
2023-09-01,2222,2270,2195,2260,34412,0.017101710171017137
2023-09-04,2299,2486,2252,2462,229768,0.08938053097345122
2023-09-05,2487,2490,2355,2375,79536,-0.035337124289195776
2023-09-06,2349,2374,2274,2297,47124,-0.032842105263157895
2023-09-07,2294,2314,2229,2287,43228,-0.004353504571179778
2023-09-08,2256,2269,2202,2232,39044,-0.0240489724529952
2023-09-11,2229,2231,2172,2227,45220,-0.0022401433691756623
2023-09-12,2207,2299,2182,2237,53048,0.004490345756623215
2023-09-13,2205,2242,2187,2225,34996,-0.00536432722396063
2023-09-14,2214,2349,2182,2197,58576,-0.012584269662921366
2023-09-15,2237,2237,2195,2210,12900,0.00591715976331364
2023-09-18,2350,2350,2192,2210,23256,0.0
2023-09-19,2199,2209,2164,2197,22640,-0.00588235294117645
2023-09-20,2197,2255,2172,2220,32212,0.010468821119708593
2023-09-21,2167,2249,2132,2172,45692,-0.021621621621621623
2023-09-22,2222,2222,2125,2165,31384,-0.0032228360957642366
2023-09-25,2127,2302,2000,2195,107036,0.01385681293302543
2023-09-26,2195,2232,2132,2175,32576,-0.009111617312072884
2023-09-27,2347,2347,2080,2130,25240,-0.020689655172413834
2023-10-04,2187,2195,2085,2135,28676,0.0023474178403755097
2023-10-05,2077,2170,2077,2090,27296,-0.021077283372365363
2023-10-06,2090,2187,2090,2140,39496,0.02392344497607657
2023-10-10,2139,2139,2099,2107,21608,-0.015420560747663514
2023-10-11,2116,2156,2097,2107,29896,0.0
2023-10-12,2107,2124,2092,2122,26456,0.00711912672045556
2023-10-13,2121,2121,2054,2117,39548,-0.0023562676720075837
2023-10-16,2116,2116,2029,2047,21656,-0.03306565895134628
2023-10-17,2046,2066,2019,2042,40168,-0.002442598925256445
2023-10-18,2040,2045,1980,2000,60512,-0.020568070519098924
2023-10-19,1992,1997,1917,1960,47472,-0.020000000000000018
2023-10-20,1954,1956,1877,1947,33968,-0.006632653061224514
2023-10-23,1892,1944,1889,1892,7236,-0.02824858757062143
2023-10-24,1892,1986,1877,1942,32064,0.026427061310782207
2023-10-25,1997,1997,1912,1945,11572,0.001544799176107059
2023-10-26,1999,2001,1927,1942,34672,-0.0015424164524421302
2023-10-27,1957,1957,1875,1875,20560,-0.034500514933058724
2023-10-30,1872,1880,1850,1880,22628,0.002666666666666595
2023-10-31,1870,1870,1800,1800,33440,-0.04255319148936165
2023-11-01,1822,1831,1799,1822,26308,0.012222222222222134
2023-11-02,1829,1896,1829,1852,20244,0.016465422612513825
2023-11-03,1859,1891,1842,1862,8724,0.005399568034557323
2023-11-06,1861,1946,1819,1847,73360,-0.008055853920515554
2023-11-07,1842,1876,1842,1857,14728,0.00541418516513259
2023-11-08,1857,2412,1840,2375,1999932,0.27894453419493814
2023-11-09,2301,2529,2239,2282,613740,-0.03915789473684206
2023-11-10,2285,2400,2282,2375,116012,0.04075372480280448
2023-11-13,2369,2369,2197,2207,99132,-0.07073684210526321
2023-11-14,2207,2255,2095,2155,116944,-0.023561395559583143
2023-11-15,2164,2476,2157,2312,314104,0.07285382830626452
2023-11-16,2424,2429,2254,2302,53948,-0.004325259515570945
2023-11-17,2291,2291,2204,2217,34032,-0.03692441355343179
2023-11-20,2192,2267,2150,2175,46628,-0.018944519621109657
2023-11-21,2217,2286,2162,2242,42080,0.030804597701149516
2023-11-22,2242,2286,2224,2282,22044,0.017841213202497874
2023-11-23,2285,2332,2272,2305,25508,0.010078878177037787
2023-11-24,2345,2345,2225,2255,27628,-0.021691973969631184
2023-11-27,2255,2347,2242,2300,59080,0.019955654101995624
2023-11-28,2295,2485,2260,2350,99988,0.021739130434782705
2023-11-29,2350,2422,2300,2345,13008,-0.0021276595744680327
2023-11-30,2354,2354,2299,2307,12452,-0.016204690831556512
2023-12-01,2300,2322,2200,2275,38364,-0.013870827915041128
2023-12-04,2251,2261,2192,2202,44204,-0.03208791208791206
2023-12-05,2216,2216,2144,2162,21060,-0.01816530426884655
2023-12-06,2124,2246,2124,2202,11892,0.018501387604070274
2023-12-07,2192,2271,2179,2247,32288,0.02043596730245234
2023-12-08,2244,2274,2202,2202,24988,-0.020026702269692942
2023-12-11,2284,2284,2172,2172,30332,-0.013623978201634857
2023-12-12,2177,2207,2177,2185,20692,0.005985267034990693
2023-12-13,2255,2255,2150,2165,31220,-0.009153318077803174
2023-12-14,2167,2190,2150,2160,33448,-0.002309468822170868
2023-12-15,2180,2220,2157,2180,24928,0.0092592592592593
2023-12-18,2249,2279,2154,2182,37700,0.0009174311926605228
2023-12-19,2174,2196,2152,2182,56120,0.0
2023-12-20,2181,2196,2157,2162,45624,-0.00916590284142993
2023-12-21,2122,2184,2122,2167,25092,0.0023126734505087843
2023-12-22,2210,2210,2160,2175,5964,0.00369173973234882
2023-12-26,2175,2205,2142,2175,14700,0.0
2023-12-27,2139,2214,2139,2187,25180,0.0055172413793103114
2023-12-28,2224,2244,2164,2217,16660,0.013717421124828544
2024-01-02,2175,2222,2175,2215,12064,-0.0009021199819575498
2024-01-03,2195,2227,2187,2215,46592,0.0
2024-01-04,2201,2204,2147,2182,82440,-0.014898419864559864
2024-01-05,2179,2179,2149,2167,19584,-0.006874427131072447
2024-01-08,2167,2167,2140,2150,25860,-0.007844946931241381
2024-01-09,2145,2160,2132,2150,13032,0.0
2024-01-10,2149,2159,2132,2137,10244,-0.006046511627906925
2024-01-11,2137,2470,2122,2260,572976,0.05755732335049135
2024-01-12,2269,2271,2199,2222,30004,-0.016814159292035447
2024-01-15,2199,2209,2129,2137,80228,-0.0382538253825383
2024-01-16,2137,2137,2087,2105,28088,-0.014974262985493647
2024-01-17,2105,2182,2075,2075,52952,-0.014251781472684133
2024-01-18,2075,2105,1982,1990,117148,-0.04096385542168679
2024-01-19,2005,2050,1965,1965,48972,-0.012562814070351758
2024-01-22,1975,1995,1900,1995,70468,0.01526717557251911
2024-01-23,1965,1970,1917,1940,61624,-0.027568922305764465
2024-01-24,1982,2149,1927,2062,191504,0.06288659793814433
2024-01-25,2002,2046,1937,2007,78884,-0.02667313288069839
2024-01-26,1977,2040,1977,2015,24372,0.003986048829098143
2024-01-29,2015,2052,1952,2020,55972,0.002481389578163684
2024-01-30,1999,2021,1937,1977,75632,-0.021287128712871306
2024-01-31,1955,2007,1947,2005,17804,0.014162873039959445
2024-02-01,1954,2001,1954,1977,22580,-0.013965087281795463
2024-02-02,2024,2024,1969,2002,10920,0.01264542235710664
2024-02-05,2016,2036,1987,2002,10508,0.0
2024-02-06,2002,2002,1982,2000,13008,-0.0009990009990009652
2024-02-07,2000,2025,1980,2000,5192,0.0
2024-02-08,2002,2039,1982,2037,17380,0.01849999999999996
2024-02-13,2034,2141,2034,2117,32232,0.03927344133529709
2024-02-14,2095,2125,2057,2065,21836,-0.02456306093528582
2024-02-15,2062,2157,2037,2095,17340,0.014527845036319542
2024-02-16,2137,2147,2065,2130,52328,0.01670644391408116
2024-02-19,2087,2182,2087,2175,25980,0.021126760563380254
2024-02-20,2197,2250,2175,2235,51932,0.02758620689655178
2024-02-21,2222,2297,2210,2265,49724,0.01342281879194629
2024-02-22,2264,2284,2229,2237,20480,-0.01236203090507726
2024-02-23,2236,2236,2152,2167,32132,-0.031291908806437174
2024-02-26,2166,2286,2124,2162,20236,-0.00230733733271804
2024-02-27,2162,2162,1975,2100,194828,-0.028677150786308947
2024-02-28,2099,2186,2074,2107,51172,0.0033333333333334103
2024-02-29,2137,2137,2002,2025,29996,-0.03891789273849078
2024-03-04,2025,2095,1975,1975,83824,-0.024691358024691357
2024-03-05,1987,2009,1987,2007,19404,0.016202531645569618
2024-03-06,2007,2044,1992,2007,29472,0.0
2024-03-07,2017,2286,2014,2122,125480,0.05729945191828589
2024-03-08,2120,2127,2050,2100,33624,-0.010367577756833168
2024-03-11,1987,2069,1937,1992,78572,-0.05142857142857138
2024-03-12,1992,2060,1992,2040,23256,0.024096385542168752
2024-03-13,2054,2084,2044,2047,29500,0.0034313725490195957
2024-03-14,2125,2200,2040,2080,55596,0.016121152906692693
2024-03-15,2074,2176,2074,2137,32200,0.027403846153846168
2024-03-18,2125,2127,2092,2125,13696,-0.005615348619560145
2024-03-19,2114,2149,2092,2147,16136,0.010352941176470676
2024-03-20,2122,2250,2122,2215,61492,0.03167210060549608
2024-03-21,2209,2246,2184,2232,41740,0.007674943566591486
2024-03-22,2232,2270,2207,2225,6356,-0.0031362007168458383
2024-03-25,2297,2297,2222,2270,65356,0.020224719101123556
2024-03-26,2256,2271,2162,2172,44236,-0.043171806167400906
2024-03-27,2201,2294,2187,2187,11700,0.006906077348066253
2024-03-28,2225,2225,2170,2205,12520,0.008230452674897082
2024-03-29,2200,2200,2165,2170,10792,-0.015873015873015928
2024-04-01,2169,2194,2134,2192,24608,0.010138248847926246
2024-04-02,2209,2209,2137,2142,26112,-0.022810218978102204
2024-04-03,2126,2209,2087,2087,50124,-0.025676937441643344
2024-04-04,2095,2127,2095,2100,5840,0.006229036895064599
2024-04-05,2099,2099,2037,2067,18532,-0.01571428571428568
2024-04-08,2070,2275,2067,2080,38268,0.0062893081761006275
2024-04-09,2067,2131,2067,2087,4272,0.0033653846153847145
2024-04-11,2075,2692,2055,2145,4262172,0.027791087685673288
2024-04-12,2144,2209,2077,2102,279776,-0.020046620046620056
2024-04-15,2111,2111,2054,2077,72952,-0.0118934348239772
2024-04-16,2077,2127,1930,2050,64196,-0.012999518536350507
2024-04-17,2050,2072,2012,2020,41796,-0.014634146341463428
2024-04-18,2017,2096,2017,2037,23280,0.008415841584158423
2024-04-19,2041,2061,2002,2017,35108,-0.009818360333824216
2024-04-22,2017,2122,2017,2050,28780,0.01636093207734257
2024-04-23,2139,2139,2049,2102,27168,0.025365853658536608
2024-04-24,2120,2187,2082,2185,88344,0.03948620361560429
2024-04-25,2185,2250,2052,2140,66484,-0.020594965675057253
2024-04-26,2140,2217,2140,2200,28236,0.028037383177569986
2024-04-29,2179,2246,2162,2242,21520,0.019090909090909047
2024-04-30,2221,2221,2164,2167,14800,-0.033452274754683264
2024-05-02,2167,2184,2139,2167,7836,0.0
2024-05-03,2167,2209,2167,2182,13580,0.006922011998154121
2024-05-07,2187,2247,2150,2155,27408,-0.012373968835930338
2024-05-08,2181,2236,2149,2152,50780,-0.0013921113689094877
2024-05-09,2142,2229,2142,2192,42284,0.018587360594795488
2024-05-10,2190,2245,2170,2205,38440,0.0059306569343065
2024-05-13,2244,2244,2167,2192,22460,-0.005895691609977272
2024-05-14,2192,2335,2172,2240,62012,0.021897810218978186
2024-05-16,2239,2424,2217,2382,249340,0.06339285714285725
2024-05-17,2375,2512,2375,2500,142040,0.04953820319059621
2024-05-20,2489,2734,2489,2537,214440,0.014799999999999924
2024-05-21,2529,2651,2477,2542,123020,0.0019708316909736734
2024-05-22,2534,2586,2527,2562,29912,0.007867820613689958
2024-05-23,2562,2749,2512,2607,80656,0.017564402810304358
2024-05-24,2550,2670,2520,2575,75916,-0.012274645186037603
2024-05-27,2574,2721,2574,2677,131408,0.03961165048543691
2024-05-28,2670,2875,2632,2875,164476,0.07396339185655587
2024-05-29,2961,2961,2804,2807,110480,-0.023652173913043528
2024-05-30,2781,2826,2582,2632,85332,-0.06234413965087282
2024-05-31,2631,2704,2537,2592,53084,-0.015197568389057725
2024-06-03,2592,2667,2592,2660,37676,0.026234567901234573
2024-06-04,2659,2686,2614,2652,34704,-0.003007518796992459
2024-06-05,2725,2875,2607,2650,39196,-0.0007541478129713397
2024-06-07,2650,2712,2607,2690,26736,0.015094339622641506
2024-06-10,2741,2774,2552,2592,58328,-0.03643122676579924
2024-06-11,2591,2634,2407,2497,153828,-0.0366512345679012
2024-06-12,2495,2507,2410,2485,39660,-0.004805766920304322
2024-06-13,2467,2622,2467,2565,101180,0.03219315895372232
2024-06-14,2555,2710,2540,2635,114648,0.02729044834308003
2024-06-17,2634,2704,2554,2597,64548,-0.014421252371916493
2024-06-18,2659,2659,2532,2532,24272,-0.02502887947631882
2024-06-19,2649,2651,2529,2562,16580,0.011848341232227444
2024-06-20,2637,2637,2552,2585,10824,0.008977361436377729
2024-06-21,2576,2619,2507,2552,20428,-0.012765957446808529
2024-06-24,2552,2625,2510,2530,16980,-0.008620689655172376
2024-06-25,2530,2545,2437,2475,53440,-0.021739130434782594
2024-06-26,2475,2500,2375,2375,55728,-0.04040404040404044
2024-06-27,2327,2470,2327,2465,26564,0.0378947368421052
2024-06-28,2440,2522,2420,2440,27352,-0.010141987829614618
2024-07-01,2471,2499,2424,2462,21348,0.00901639344262306
2024-07-02,2495,2495,2402,2425,30852,-0.01502843216896832
2024-07-03,2424,2446,2399,2442,18884,0.007010309278350446
2024-07-04,2442,2470,2392,2395,18752,-0.01924651924651921
2024-07-05,2437,2482,2360,2375,31760,-0.008350730688935326
2024-07-08,2377,2392,2330,2335,42304,-0.01684210526315788
2024-07-09,2492,2492,2277,2305,90116,-0.012847965738758016
2024-07-10,2292,2346,2287,2307,48676,0.0008676789587851452
2024-07-11,2399,2399,2262,2267,56888,-0.01733853489380144
2024-07-12,2396,2396,2252,2272,29988,0.002205558006175501
2024-07-15,2292,2329,2277,2327,31968,0.02420774647887325
2024-07-16,2304,2349,2244,2312,50340,-0.00644606789858182
2024-07-17,2290,2307,2270,2270,12120,-0.018166089965397925
2024-07-18,2250,2270,2150,2255,74888,-0.0066079295154185536
2024-07-19,2242,2290,2215,2250,22380,-0.0022172949002217113
2024-07-22,2252,2322,2217,2275,14552,0.011111111111111072
2024-07-23,2322,2322,2267,2275,16872,0.0
2024-07-24,2275,2295,2252,2275,19088,0.0
2024-07-25,2275,2337,2192,2225,67660,-0.02197802197802201
2024-07-26,2225,2257,2210,2220,24428,-0.0022471910112359383
2024-07-29,2232,2314,2212,2237,25608,0.0076576576576576905
2024-07-30,2309,2309,2222,2227,13036,-0.004470272686633914
2024-07-31,2227,2259,2199,2227,14968,0.0
2024-08-01,2205,2285,2205,2285,9020,0.026044005388415004
2024-08-02,2284,2299,2212,2212,15624,-0.03194748358862143
2024-08-05,2201,2399,2107,2142,121072,-0.03164556962025311
2024-08-06,2037,2284,2037,2262,17556,0.05602240896358546
2024-08-07,2240,2292,2237,2250,21972,-0.0053050397877983935
2024-08-08,2224,2287,2174,2287,21796,0.016444444444444484
2024-08-09,2274,2419,2274,2382,42340,0.04153913423699174
2024-08-12,2449,2449,2372,2372,28800,-0.004198152812762368
2024-08-13,2360,2437,2325,2325,18556,-0.019814502529511002
2024-08-14,2305,2375,2290,2345,36892,0.008602150537634357
2024-08-16,2324,2336,2307,2332,12736,-0.005543710021321924
2024-08-19,2384,2387,2317,2387,10664,0.02358490566037741
2024-08-20,2387,2387,2332,2335,18320,-0.021784666945957265
2024-08-21,2312,2399,2312,2397,18232,0.026552462526766574
2024-08-22,2435,2435,2342,2400,16744,0.0012515644555695093
2024-08-23,2394,2444,2337,2337,12500,-0.026249999999999996
2024-08-26,2360,2392,2300,2300,23440,-0.015832263585793704
2024-08-27,2280,2390,2280,2305,11548,0.0021739130434783593
2024-08-28,2305,2340,2305,2315,3632,0.00433839479392617
2024-08-29,2352,2362,2305,2340,8944,0.010799136069114423
2024-08-30,2337,2430,2295,2410,25796,0.029914529914529808
2024-09-02,2389,2414,2342,2407,24340,-0.0012448132780082943
2024-09-03,2384,2409,2259,2307,55008,-0.04154549231408389
2024-09-04,2250,2307,2215,2285,74600,-0.009536194191590797
2024-09-05,2349,2349,2239,2292,34932,0.0030634573304157975
2024-09-06,2259,2349,2259,2277,17976,-0.00654450261780104
2024-09-09,2187,2372,2187,2245,32532,-0.014053579270970618
2024-09-10,2277,2300,2250,2295,12088,0.022271714922049046
2024-09-11,2295,2330,2250,2250,10824,-0.019607843137254943
2024-09-12,2249,2336,2237,2267,24660,0.007555555555555538
2024-09-13,2257,2280,2250,2265,3816,-0.0008822232024702226
2024-09-19,2269,2289,2259,2272,17112,0.003090507726269287
2024-09-20,2272,2320,2260,2275,13276,0.001320422535211252
2024-09-23,2275,2287,2267,2270,9236,-0.00219780219780219
2024-09-24,2269,2349,2244,2272,11896,0.0008810572687225626
2024-09-25,2255,2285,2215,2255,29728,-0.0074823943661971315
2024-09-26,2255,2275,2255,2270,8488,0.006651884700665134
2024-09-27,2269,2281,2232,2262,52028,-0.0035242290748899174
2024-09-30,2225,2285,2222,2250,33196,-0.0053050397877983935
2024-10-02,2250,2260,2222,2225,38432,-0.011111111111111072
2024-10-04,2344,2344,2227,2232,43360,0.0031460674157304247
2024-10-07,2232,2304,2209,2232,45144,0.0
2024-10-08,2252,2267,2212,2260,43960,0.012544802867383575
2024-10-10,2249,2299,2227,2247,47300,-0.005752212389380507
2024-10-11,2247,2277,2225,2250,24356,0.001335113484646211
2024-10-14,2249,2271,2204,2242,33764,-0.003555555555555534
2024-10-15,2232,2260,2230,2235,16540,-0.003122212310437078
2024-10-16,2212,2237,2110,2220,23240,-0.006711409395973145
2024-10-17,2246,2246,2202,2222,31224,0.0009009009009008917
2024-10-18,2245,2245,2192,2205,74020,-0.007650765076507637
2024-10-21,2207,2250,2207,2230,14556,0.01133786848072571
2024-10-22,2224,2224,2129,2187,58856,-0.0192825112107623
2024-10-23,2187,2229,2177,2187,25468,0.0
2024-10-24,2182,2190,2167,2175,11492,-0.005486968449931462
2024-10-25,2175,2265,2170,2175,25004,0.0
2024-10-28,2174,2196,2149,2157,36408,-0.008275862068965467
2024-10-29,2150,2215,2122,2125,14036,-0.014835419564209529
2024-10-30,2241,2241,2092,2092,24780,-0.015529411764705903
2024-10-31,2079,2146,2002,2052,142068,-0.019120458891013437
2024-11-01,2042,2125,2002,2015,39312,-0.01803118908382062
2024-11-04,2020,2117,2017,2100,28012,0.042183622828784184
2024-11-05,2074,2119,2074,2102,9944,0.0009523809523810378
2024-11-06,2102,2186,2089,2137,20644,0.016650808753567947
2024-11-07,2104,2114,2064,2087,18392,-0.02339728591483392
2024-11-08,2087,2182,2055,2065,20912,-0.010541447053186381
2024-11-11,2036,2084,1979,2017,58152,-0.02324455205811138
2024-11-12,2046,2046,1954,1982,65388,-0.017352503718393697
2024-11-13,2001,2009,1974,1977,33404,-0.0025227043390514403
2024-11-14,2124,2129,1987,2032,30376,0.027819929185634695
2024-11-15,2005,2100,1977,2025,21820,-0.0034448818897637734
2024-11-18,2019,2174,2019,2037,35700,0.00592592592592589
2024-11-19,2019,2102,2019,2102,13300,0.031909671084928926
2024-11-20,2092,2102,2075,2075,11464,-0.012844909609895372
2024-11-21,2084,2166,2084,2107,20916,0.01542168674698785
2024-11-22,2102,2165,2100,2110,20192,0.0014238253440910231
2024-11-25,2095,2150,2092,2120,8188,0.004739336492890933
2024-11-26,2111,2149,2069,2072,24600,-0.02264150943396226
2024-11-27,2077,2100,2052,2080,10672,0.0038610038610038533
2024-11-28,2077,2179,2024,2177,91348,0.04663461538461533
2024-11-29,2171,2171,2092,2092,11492,-0.03904455672944418
2024-12-02,2155,2200,2072,2150,82536,0.027724665391969383
2024-12-03,2161,2161,2124,2142,23372,-0.0037209302325581506
2024-12-04,2136,2194,2007,2112,72900,-0.014005602240896309
2024-12-05,2105,2140,2062,2135,25020,0.010890151515151603
2024-12-06,2112,2144,2057,2112,12044,-0.010772833723653341
2024-12-09,2084,2149,2069,2082,55552,-0.014204545454545414
2024-12-10,2027,2150,2027,2100,29852,0.008645533141210304
2024-12-11,2194,2194,2082,2082,124384,-0.008571428571428563
2024-12-12,2182,2182,2087,2100,29140,0.008645533141210304
2024-12-13,2116,2121,2092,2097,27868,-0.0014285714285714457
2024-12-16,2080,2195,2077,2080,53768,-0.008106819265617515
2024-12-17,2089,2121,2072,2072,18912,-0.0038461538461538325
2024-12-18,2064,2109,2059,2087,31404,0.007239382239382142
2024-12-19,2084,2104,2064,2072,19432,-0.00718735026353623
2024-12-20,2181,2181,2039,2077,17024,0.0024131274131273805
2024-12-23,2142,2150,2040,2045,151284,-0.01540683678382282
2024-12-24,2065,2147,2030,2070,65312,0.012224938875305513
2024-12-26,2084,2086,2062,2067,6212,-0.0014492753623188692
2024-12-27,2042,2100,2042,2100,62996,0.0159651669085632
2024-12-30,2100,2115,2050,2060,52948,-0.01904761904761909
2025-01-02,2059,2149,2044,2082,32048,0.010679611650485477
2025-01-03,2134,2134,2062,2062,40984,-0.009606147934678178
2025-01-06,2062,2094,2062,2067,77764,0.002424830261881672
2025-01-07,2067,2469,2062,2087,728672,0.009675858732462572
2025-01-08,2137,2332,2090,2170,287488,0.03977000479156678
2025-01-09,2187,2336,2187,2282,131340,0.05161290322580636
2025-01-10,2282,2332,2202,2270,25632,-0.005258545135845782
2025-01-13,2269,2411,2264,2337,132596,0.02951541850220263
2025-01-14,2436,2436,2327,2372,30328,0.014976465554129126
2025-01-15,2440,2462,2280,2280,153920,-0.038785834738617186
2025-01-16,2282,2372,2282,2350,66916,0.030701754385964897
2025-01-17,2314,2426,2309,2367,39252,0.0072340425531916
2025-01-20,2367,2460,2347,2420,114072,0.022391212505280977
2025-01-21,2409,2499,2397,2432,79136,0.0049586776859504855
2025-01-22,2430,2455,2382,2390,28184,-0.01726973684210531
2025-01-23,2389,2439,2374,2417,26296,0.011297071129707126
2025-01-24,2389,2471,2372,2432,48144,0.006206040546131497
2025-01-31,2432,2599,2432,2567,114412,0.055509868421052655
2025-02-03,2560,2607,2452,2505,60584,-0.02415270744059217
2025-02-04,2477,2575,2477,2565,47564,0.0239520958083832
2025-02-05,2561,2611,2509,2527,36784,-0.014814814814814836
2025-02-06,2527,2610,2510,2530,44904,0.0011871784724970524
2025-02-07,2532,2532,2425,2530,45380,0.0
2025-02-10,2529,2536,2464,2502,30496,-0.011067193675889375
2025-02-11,2474,2541,2457,2457,21372,-0.017985611510791366
2025-02-12,2575,2575,2427,2460,10180,0.0012210012210012167
2025-02-13,2440,2467,2385,2385,38136,-0.030487804878048808
2025-02-14,2390,2400,2370,2385,6436,0.0
2025-02-17,2360,2385,2320,2325,21696,-0.02515723270440251
2025-02-18,2314,2342,2299,2342,8596,0.007311827956989259
2025-02-19,2342,2345,2295,2325,7804,-0.0072587532023911105
2025-02-20,2324,2374,2302,2337,4212,0.005161290322580614
2025-02-21,2371,2371,2287,2287,15004,-0.021394950791613132
2025-02-24,2325,2325,2230,2315,26952,0.012243113248797455
2025-02-25,2314,2324,2279,2292,11096,-0.00993520518358526
2025-02-26,2325,2325,2225,2265,70316,-0.011780104712041939
2025-02-27,2237,2252,2200,2225,51244,-0.017660044150110354
2025-02-28,2199,2226,2199,2222,19696,-0.001348314606741563
2025-03-04,2350,2350,2210,2210,18300,-0.005400540054005365
2025-03-05,2210,2250,2200,2215,9432,0.002262443438914019
2025-03-06,2220,2280,2095,2095,64792,-0.05417607223476295
2025-03-07,2109,2224,2102,2112,22120,0.008114558472553712
2025-03-10,2114,2156,2042,2057,54296,-0.02604166666666663
2025-03-11,2037,2064,2012,2062,35576,0.002430724355858116
2025-03-12,2062,2087,2037,2065,5368,0.0014548981571289588
2025-03-13,2039,2124,2039,2062,6412,-0.0014527845036319542
2025-03-14,2121,2121,2054,2062,22956,0.0
2025-03-17,2037,2057,2015,2015,18148,-0.02279340446168765
2025-03-18,2014,2014,1962,1977,22748,-0.018858560794044688
2025-03-19,2017,2042,2010,2040,20688,0.03186646433990892
2025-03-20,2112,2112,2000,2000,16952,-0.019607843137254943
2025-03-21,2016,2041,1994,1997,15048,-0.0014999999999999458
2025-03-24,2197,2197,2025,2025,37436,0.014021031547321039
2025-03-25,2031,2126,1974,1997,25700,-0.01382716049382715
2025-03-26,1997,2052,1997,2005,13912,0.0040060090135203286
2025-03-27,2004,2009,1977,2007,29768,0.0009975062344138586
2025-03-28,2006,2196,1987,1987,11788,-0.009965122072745358
2025-03-31,1982,1982,1947,1950,20128,-0.01862103673880222
2025-04-01,1955,2022,1900,1975,73340,0.012820512820512775
2025-04-02,1975,2002,1972,2000,8052,0.012658227848101333
2025-04-03,1952,1975,1937,1940,17296,-0.030000000000000027
2025-04-04,1962,1970,1925,1945,7092,0.002577319587628857
2025-04-07,1939,1949,1887,1897,123760,-0.024678663239074528
2025-04-08,1912,1994,1882,1912,46312,0.007907221929362107
2025-04-09,1917,1956,1899,1922,22436,0.0052301255230124966
2025-04-10,1942,2074,1932,2062,19460,0.0728407908428721
2025-04-11,2027,2052,2000,2015,12660,-0.02279340446168765
2025-04-14,1999,2024,1952,1952,35652,-0.03126550868486355
2025-04-15,1977,2050,1962,2020,12952,0.0348360655737705
2025-04-16,2050,2050,1990,2005,5836,-0.007425742574257432
2025-04-17,2004,2034,1997,2012,9920,0.003491271820448949
2025-04-18,1990,2020,1967,1990,20824,-0.010934393638170947
2025-04-21,2026,2026,1994,2002,2988,0.0060301507537687815
2025-04-22,2015,2015,1992,2015,5252,0.006493506493506551
2025-04-23,2030,2075,2022,2045,20060,0.014888337468982549
2025-04-24,2027,2101,2027,2077,42080,0.015647921760391093
2025-04-25,2077,2125,2065,2120,31356,0.02070293692826186
2025-04-28,2119,2129,2024,2037,31580,-0.03915094339622638
2025-04-29,2037,2071,2037,2057,6500,0.009818360333824216
2025-04-30,2052,2061,2009,2052,9388,-0.002430724355858005
2025-05-02,2051,2061,2002,2032,14320,-0.00974658869395717
2025-05-07,2150,2150,2015,2035,2568,0.001476377952756014
2025-05-08,2034,2059,2017,2032,4372,-0.0014742014742015197
2025-05-09,2122,2122,2010,2030,16160,-0.0009842519685039353
2025-05-12,2012,2050,2005,2030,11576,0.0
2025-05-13,2032,2047,1997,2025,7796,-0.0024630541871921707
2025-05-14,2012,2049,2012,2027,5040,0.0009876543209876854
2025-05-15,2031,2041,1962,2027,33084,0.0
2025-05-16,2012,2041,2007,2022,2116,-0.0024666995559941007
2025-05-19,2022,2032,1977,1985,9480,-0.01829871414441142
2025-05-20,1962,2035,1962,2020,6488,0.017632241813602123
2025-05-21,2071,2071,2002,2027,16916,0.0034653465346534684
2025-05-22,2026,2026,1979,1987,4256,-0.019733596447952695
2025-05-23,1999,2049,1964,1997,6988,0.0050327126321088045
2025-05-26,1972,2017,1972,2015,19192,0.009013520280420684
2025-05-27,2016,2016,1989,2002,7116,-0.006451612903225823
2025-05-28,1969,2044,1962,2007,6892,0.0024975024975024684
2025-05-29,2004,2031,1987,1997,11204,-0.004982561036372735
2025-05-30,2121,2594,2042,2042,7961944,0.0225338007010516
2025-06-02,2007,2135,1950,2125,551504,0.040646425073457504
2025-06-04,2124,2164,2047,2127,267348,0.0009411764705882231
2025-06-05,2099,2124,2079,2097,144840,-0.014104372355430161
2025-06-09,2125,2190,2095,2175,112264,0.03719599427753928
2025-06-10,2137,2229,2124,2212,124728,0.017011494252873627
2025-06-11,2212,2275,2185,2235,72896,0.010397830018083143
2025-06-12,2274,2391,2249,2387,780576,0.06800894854586126
2025-06-13,2370,2562,2350,2505,426072,0.04943443653121071
2025-06-16,2545,3255,2525,2550,4922140,0.017964071856287456
2025-06-17,2549,2584,2467,2512,690788,-0.014901960784313717
2025-06-18,2524,2586,2474,2572,397272,0.023885350318471277
2025-06-19,2572,2721,2564,2712,547188,0.05443234836702948
2025-06-20,2699,2781,2634,2757,371216,0.0165929203539823
2025-06-23,2697,2814,2649,2797,300896,0.014508523757707614
2025-06-24,2819,2884,2744,2872,303936,0.026814444047193353
2025-06-25,2855,2980,2852,2945,324700,0.02541782729805009
2025-06-26,2981,3074,2849,2957,476472,0.004074702886247783
2025-06-27,3000,3110,2722,3110,991284,0.0517416300304363
2025-06-30,4040,4040,4040,4040,108412,0.2990353697749195
2025-07-01,4120,5110,3410,3505,5062919,-0.13242574257425743
2025-07-02,3505,3550,3090,3140,481276,-0.10413694721825961
2025-07-03,3135,3760,3115,3265,1100886,0.039808917197452276
2025-07-04,3265,3290,3200,3240,161033,-0.007656967840735107
2025-07-07,3240,3450,3205,3240,117185,0.0
2025-07-08,3245,3345,3205,3285,81080,0.01388888888888884
2025-07-09,3400,3400,3165,3180,57458,-0.03196347031963476
2025-07-10,3185,3230,3100,3195,43113,0.004716981132075526
2025-07-11,3195,3195,3100,3100,54353,-0.029733959311424085
2025-07-14,3100,3195,3055,3060,45351,-0.012903225806451646
2025-07-15,3060,3110,2980,3070,32273,0.0032679738562091387
2025-07-16,3070,3085,2920,2960,58436,-0.03583061889250816
2025-07-17,2995,2995,2910,2910,38442,-0.016891891891891886
2025-07-18,2910,2950,2830,2870,50300,-0.013745704467353903
2025-07-21,3010,3490,2885,3115,272750,0.08536585365853666
2025-07-22,3050,3080,2920,2960,51929,-0.049759229534510396
2025-07-23,2980,3015,2880,2925,32758,-0.011824324324324342
