Date,Open,High,Low,Close,Volume,Change
2022-01-03,3190,3190,3115,3135,60966,-0.018779342723004744
2022-01-04,3135,3140,3085,3130,60308,-0.0015948963317384823
2022-01-05,3130,3180,3115,3140,37157,0.0031948881789136685
2022-01-06,3115,3150,3105,3150,38371,0.0031847133757962887
2022-01-07,3150,3170,3120,3130,28531,-0.006349206349206327
2022-01-10,3170,3170,3090,3145,58200,0.004792332268370503
2022-01-11,3125,3125,3065,3085,34172,-0.019077901430842648
2022-01-12,3070,3105,3070,3100,30050,0.004862236628849326
2022-01-13,3100,3115,3095,3100,33638,0.0
2022-01-14,3095,3155,3080,3085,45525,-0.004838709677419395
2022-01-17,3080,3090,3010,3045,28506,-0.012965964343598091
2022-01-18,3005,3050,2990,2995,29152,-0.016420361247947435
2022-01-19,2975,3010,2935,2945,27054,-0.016694490818030094
2022-01-20,2960,2970,2930,2960,26250,0.005093378607809784
2022-01-21,2960,2965,2930,2955,30769,-0.0016891891891891442
2022-01-24,2925,2925,2845,2875,40674,-0.027072758037225086
2022-01-25,2855,2860,2740,2755,54516,-0.04173913043478261
2022-01-26,2735,2795,2735,2780,25382,0.00907441016333932
2022-01-27,2780,2780,2670,2680,29971,-0.03597122302158273
2022-01-28,2670,2785,2615,2750,40003,0.026119402985074647
2022-02-03,2800,2870,2790,2850,131015,0.036363636363636376
2022-02-04,3165,3250,2915,2920,1193144,0.024561403508772006
2022-02-07,2940,2950,2890,2945,160967,0.008561643835616417
2022-02-08,2945,2970,2890,2915,107262,-0.01018675721561968
2022-02-09,2910,2945,2905,2930,52232,0.005145797598627766
2022-02-10,2950,2990,2930,2935,60147,0.0017064846416381396
2022-02-11,2920,2965,2870,2955,57477,0.006814310051107331
2022-02-14,2900,2920,2860,2880,115686,-0.025380710659898442
2022-02-15,2855,2895,2820,2840,76525,-0.01388888888888884
2022-02-16,2870,2895,2860,2885,61359,0.015845070422535246
2022-02-17,2895,2915,2875,2900,78990,0.005199306759098743
2022-02-18,2885,2920,2870,2895,23186,-0.0017241379310344307
2022-02-21,2895,2900,2865,2885,13869,-0.003454231433506094
2022-02-22,2880,2880,2845,2855,18350,-0.010398613518197597
2022-02-23,2845,2865,2845,2860,17965,0.0017513134851139256
2022-02-24,2860,2860,2765,2770,49797,-0.03146853146853146
2022-02-25,2780,2840,2780,2820,28280,0.018050541516245522
2022-02-28,2815,2825,2805,2815,21771,-0.0017730496453900457
2022-03-02,2815,2835,2805,2830,30108,0.005328596802841812
2022-03-03,2850,2870,2830,2870,48524,0.014134275618374659
2022-03-04,2865,2875,2845,2870,39367,0.0
2022-03-07,2840,2850,2820,2830,10372,-0.013937282229965153
2022-03-08,2810,2830,2765,2770,81615,-0.021201413427561877
2022-03-10,2780,2805,2775,2775,50400,0.0018050541516245744
2022-03-11,2785,2830,2780,2805,49778,0.0108108108108107
2022-03-14,2825,2825,2780,2795,42757,-0.0035650623885917776
2022-03-15,2775,2810,2775,2780,20414,-0.00536672629695889
2022-03-16,2800,2840,2795,2830,28958,0.017985611510791477
2022-03-17,2850,2870,2835,2870,101815,0.014134275618374659
2022-03-18,2875,2915,2860,2895,28901,0.008710801393728262
2022-03-21,2900,2930,2895,2915,50318,0.006908462867012188
2022-03-22,2920,2925,2900,2925,28247,0.0034305317324185847
2022-03-23,2940,2970,2930,2950,63541,0.008547008547008517
2022-03-24,2960,2965,2920,2965,41901,0.005084745762711895
2022-03-25,2965,3010,2965,3000,52324,0.01180438448566612
2022-03-28,3000,3005,2970,3000,28797,0.0
2022-03-29,3000,3035,2985,3010,38863,0.0033333333333334103
2022-03-30,3035,3035,2990,3030,43776,0.006644518272425293
2022-03-31,3035,3095,3035,3050,47630,0.0066006600660066805
2022-04-01,3050,3060,3040,3050,41803,0.0
2022-04-04,3045,3160,3040,3150,108157,0.032786885245901676
2022-04-05,3160,3160,3095,3140,58003,-0.0031746031746031633
2022-04-06,3125,3130,3085,3095,27083,-0.014331210191082855
2022-04-07,3070,3090,3030,3055,27650,-0.012924071082390909
2022-04-08,3040,3075,3040,3050,11532,-0.0016366612111292644
2022-04-11,3050,3065,3025,3060,28846,0.003278688524590123
2022-04-12,3025,3060,3020,3050,37161,-0.0032679738562091387
2022-04-13,3045,3100,3035,3095,32480,0.014754098360655776
2022-04-14,3105,3120,3090,3100,21193,0.001615508885298933
2022-04-15,3085,3130,3080,3115,22105,0.004838709677419395
2022-04-18,3100,3140,3100,3120,24001,0.0016051364365972098
2022-04-19,3105,3155,3105,3155,32519,0.011217948717948678
2022-04-20,3165,3180,3135,3170,35403,0.004754358161648264
2022-04-21,3150,3190,3115,3160,52203,-0.003154574132492094
2022-04-22,3120,3170,3100,3170,24764,0.0031645569620253333
2022-04-25,3125,3145,3100,3105,22016,-0.02050473186119872
2022-04-26,3105,3125,3095,3115,23838,0.0032206119162641045
2022-04-27,3105,3105,3040,3055,16796,-0.019261637239165297
2022-04-28,3065,3080,3040,3060,18752,0.0016366612111293755
2022-04-29,3040,3085,3035,3085,17643,0.008169934640522847
2022-05-02,3085,3130,3065,3125,49872,0.01296596434359798
2022-05-03,3125,3735,3115,3275,1746788,0.04800000000000004
2022-05-04,3280,3320,3240,3240,264953,-0.010687022900763399
2022-05-06,3235,3390,3190,3345,559133,0.03240740740740744
2022-05-09,3310,3350,3250,3290,115518,-0.01644245142002987
2022-05-10,3190,3280,3140,3265,109503,-0.0075987841945288626
2022-05-11,3220,3260,3190,3190,72820,-0.02297090352220521
2022-05-12,3170,3190,3080,3080,88577,-0.03448275862068961
2022-05-13,3050,3235,3050,3210,78498,0.04220779220779214
2022-05-16,3205,3260,3200,3230,51337,0.006230529595015577
2022-05-17,3210,3215,3145,3170,39728,-0.018575851393188847
2022-05-18,3170,3270,3150,3270,83170,0.03154574132492116
2022-05-19,3200,3220,3155,3185,49778,-0.025993883792048922
2022-05-20,3190,3215,3165,3185,49333,0.0
2022-05-23,3185,3225,3165,3210,48339,0.007849293563579218
2022-05-24,3210,3245,3100,3105,82439,-0.032710280373831724
2022-05-25,3105,3130,3080,3090,61700,-0.004830917874396157
2022-05-26,3090,3165,3090,3120,32637,0.009708737864077666
2022-05-27,3125,3195,3115,3195,26571,0.024038461538461453
2022-05-30,3195,3205,3165,3180,24562,-0.0046948356807511304
2022-05-31,3180,3225,3180,3205,25910,0.007861635220125729
2022-06-02,3210,3210,3170,3180,17675,-0.007800312012480548
2022-06-03,3180,3210,3175,3190,7108,0.003144654088050425
2022-06-07,3160,3190,3135,3135,38322,-0.017241379310344862
2022-06-08,3120,3155,3105,3135,18452,0.0
2022-06-09,3135,3140,3075,3100,24228,-0.011164274322169043
2022-06-10,3100,3185,3085,3175,28342,0.024193548387096753
2022-06-13,3125,3435,3040,3070,380231,-0.03307086614173227
2022-06-14,2970,3100,2970,3070,55461,0.0
2022-06-15,3050,3055,2945,2950,75395,-0.039087947882736174
2022-06-16,2960,3055,2945,3000,19915,0.016949152542372836
2022-06-17,2915,2975,2900,2945,24067,-0.018333333333333313
2022-06-20,2940,2940,2700,2750,83984,-0.06621392190152797
2022-06-21,2780,2840,2750,2840,10949,0.032727272727272716
2022-06-22,2850,2865,2715,2735,26927,-0.0369718309859155
2022-06-23,2710,2725,2530,2620,52843,-0.042047531992687404
2022-06-24,2610,2725,2605,2725,27417,0.040076335877862634
2022-06-27,2755,2800,2720,2800,9764,0.02752293577981657
2022-06-28,2765,2870,2740,2870,60159,0.02499999999999991
2022-06-29,2850,2850,2790,2850,27562,-0.006968641114982632
2022-06-30,2850,2860,2825,2840,17897,-0.0035087719298245723
2022-07-01,2830,2850,2795,2815,10780,-0.008802816901408494
2022-07-04,2845,2845,2770,2770,6555,-0.01598579040852577
2022-07-05,2825,2830,2785,2830,9580,0.02166064981949467
2022-07-06,2840,2840,2810,2835,8796,0.0017667844522968323
2022-07-07,2850,2860,2815,2830,12194,-0.0017636684303351524
2022-07-08,2830,2875,2805,2820,11580,-0.0035335689045936647
2022-07-11,2805,2850,2795,2815,7969,-0.0017730496453900457
2022-07-12,2815,2840,2750,2750,10779,-0.023090586145648295
2022-07-13,2750,2790,2700,2775,9374,0.009090909090909038
2022-07-14,2790,2795,2760,2785,5671,0.003603603603603567
2022-07-15,2805,2900,2750,2820,17114,0.012567324955116588
2022-07-18,2840,2855,2825,2830,11386,0.0035460992907800915
2022-07-19,2800,2830,2780,2825,5434,-0.0017667844522968323
2022-07-20,2830,2865,2830,2835,14077,0.003539823008849474
2022-07-21,2835,2870,2835,2850,14088,0.005291005291005346
2022-07-22,2855,2895,2855,2885,4148,0.012280701754386003
2022-07-25,2885,2895,2860,2895,10906,0.0034662045060658286
2022-07-26,2895,2895,2865,2870,9654,-0.008635578583765069
2022-07-27,2890,2890,2865,2890,2372,0.006968641114982521
2022-07-28,2890,2920,2880,2900,25983,0.0034602076124568004
2022-07-29,2900,2945,2895,2945,21924,0.01551724137931032
2022-08-01,2945,2975,2925,2970,21561,0.008488964346349714
2022-08-02,2975,2975,2925,2940,20077,-0.010101010101010055
2022-08-03,2935,2955,2920,2950,6496,0.00340136054421758
2022-08-04,2950,2955,2890,2950,18863,0.0
2022-08-05,2925,2960,2925,2955,12806,0.0016949152542373724
2022-08-08,2990,2990,2925,2940,8528,-0.005076142131979711
2022-08-09,2910,2995,2910,2955,6828,0.005102040816326481
2022-08-10,2955,2990,2940,2980,12247,0.008460236886632888
2022-08-11,2955,3000,2955,3000,19496,0.006711409395973256
2022-08-12,3000,3020,2990,3010,5663,0.0033333333333334103
2022-08-16,3010,3025,2995,3025,20216,0.004983388704318914
2022-08-17,3015,3025,2995,3015,5144,-0.0033057851239669533
2022-08-18,2985,3095,2980,3015,20917,0.0
2022-08-19,3015,3030,3000,3005,10398,-0.0033167495854062867
2022-08-22,2990,2995,2950,2965,26575,-0.01331114808652245
2022-08-23,2935,2965,2905,2905,20249,-0.0202360876897133
2022-08-24,2905,2925,2905,2915,4838,0.0034423407917383297
2022-08-25,2915,2995,2910,2925,6727,0.0034305317324185847
2022-08-26,2925,2945,2910,2935,6449,0.0034188034188034067
2022-08-29,2905,2925,2825,2885,18588,-0.017035775127768327
2022-08-30,2840,2885,2840,2865,8674,-0.006932409012131768
2022-08-31,2865,2880,2845,2875,11081,0.003490401396160525
2022-09-01,2865,2875,2830,2840,18077,-0.012173913043478257
2022-09-02,2805,2835,2790,2795,47224,-0.015845070422535246
2022-09-05,2795,2810,2710,2750,39952,-0.01610017889087656
2022-09-06,2725,2805,2725,2780,27198,0.01090909090909098
2022-09-07,2805,2820,2725,2770,19661,-0.003597122302158251
2022-09-08,2755,2780,2750,2760,21034,-0.0036101083032491488
2022-09-13,2765,2845,2765,2785,22672,0.009057971014492683
2022-09-14,2770,2780,2730,2760,9586,-0.008976660682226245
2022-09-15,2760,2805,2760,2795,13580,0.0126811594202898
2022-09-16,2790,2810,2755,2780,16944,-0.00536672629695889
2022-09-19,2760,2800,2740,2800,14580,0.007194244604316502
2022-09-20,2735,2800,2735,2800,14355,0.0
2022-09-21,2830,2840,2770,2830,17201,0.010714285714285676
2022-09-22,2775,2850,2770,2835,28108,0.0017667844522968323
2022-09-23,2795,2830,2780,2800,23241,-0.012345679012345734
2022-09-26,2765,2800,2675,2710,28744,-0.03214285714285714
2022-09-27,2720,2720,2600,2640,36397,-0.02583025830258301
2022-09-28,2645,2660,2600,2640,9678,0.0
2022-09-29,2635,2670,2600,2650,20412,0.0037878787878788955
2022-09-30,2645,2645,2570,2600,8185,-0.018867924528301883
2022-10-04,2605,2660,2605,2650,12570,0.019230769230769162
2022-10-05,2660,2680,2640,2655,25251,0.0018867924528302993
2022-10-06,2660,2700,2655,2700,49254,0.016949152542372836
2022-10-07,2695,2770,2680,2725,39271,0.0092592592592593
2022-10-11,2710,2710,2635,2660,12733,-0.023853211009174258
2022-10-12,2660,2660,2625,2635,18587,-0.009398496240601517
2022-10-13,2635,2635,2590,2600,13498,-0.013282732447817858
2022-10-14,2610,2655,2605,2655,28647,0.02115384615384608
2022-10-17,2645,2660,2625,2645,14994,-0.0037664783427495685
2022-10-18,2655,2675,2650,2665,13177,0.007561436672967936
2022-10-19,2690,2690,2645,2655,19258,-0.0037523452157598447
2022-10-20,2650,2650,2605,2620,27331,-0.013182674199623379
2022-10-21,2600,2620,2600,2615,19733,-0.001908396946564861
2022-10-24,2620,2635,2590,2620,28329,0.0019120458891013214
2022-10-25,2640,2655,2625,2635,10907,0.005725190839694694
2022-10-26,2650,2650,2615,2620,13224,-0.005692599620493399
2022-10-27,2620,2655,2615,2625,25834,0.001908396946564972
2022-10-28,2625,2650,2620,2635,20996,0.003809523809523707
2022-10-31,2675,2680,2645,2645,47810,0.00379506641366234
2022-11-01,2690,2690,2645,2660,48838,0.005671077504725952
2022-11-02,2665,2680,2645,2680,19671,0.007518796992481258
2022-11-03,2670,2695,2655,2690,11635,0.003731343283582156
2022-11-04,2675,2770,2675,2700,27623,0.0037174721189590088
2022-11-07,2700,2785,2700,2780,34990,0.029629629629629672
2022-11-08,2815,3095,2785,2840,761639,0.021582733812949728
2022-11-09,2850,2855,2780,2800,83898,-0.014084507042253502
2022-11-10,2780,2820,2765,2790,24306,-0.0035714285714285587
2022-11-11,2830,2865,2800,2830,46082,0.014336917562723928
2022-11-14,2835,2910,2835,2900,74283,0.02473498233215543
2022-11-15,2900,2935,2880,2920,36720,0.006896551724137945
2022-11-16,2945,2945,2880,2915,18149,-0.001712328767123239
2022-11-17,2925,2930,2885,2905,17542,-0.0034305317324184736
2022-11-18,2905,2910,2875,2900,18994,-0.0017211703958691649
2022-11-21,2895,2895,2855,2885,13551,-0.005172413793103403
2022-11-22,2845,2875,2840,2855,8345,-0.010398613518197597
2022-11-23,2855,2900,2855,2900,13408,0.015761821366024442
2022-11-24,2915,2945,2900,2930,32597,0.010344827586206806
2022-11-25,2935,2945,2915,2940,13985,0.0034129692832765013
2022-11-28,2940,2950,2910,2930,8557,-0.003401360544217691
2022-11-29,2855,2945,2855,2940,20419,0.0034129692832765013
2022-11-30,2940,2955,2930,2950,33091,0.00340136054421758
2022-12-01,2960,3025,2945,3020,39053,0.023728813559322104
2022-12-02,2995,3020,2975,2995,16029,-0.008278145695364225
2022-12-05,2995,3000,2950,2980,17357,-0.005008347245408995
2022-12-06,2980,2980,2880,2960,52479,-0.006711409395973145
2022-12-07,2905,2915,2870,2870,64307,-0.030405405405405372
2022-12-08,2870,2895,2795,2805,75915,-0.022648083623693416
2022-12-09,2810,2830,2775,2795,47502,-0.0035650623885917776
2022-12-12,2805,2810,2780,2810,11556,0.005366726296958779
2022-12-13,2800,2820,2790,2810,18017,0.0
2022-12-14,2810,2860,2800,2845,29559,0.01245551601423478
2022-12-15,2865,2870,2835,2845,23773,0.0
2022-12-16,2840,2845,2800,2845,28320,0.0
2022-12-19,2815,2845,2815,2845,28162,0.0
2022-12-20,2840,2845,2795,2815,32288,-0.010544815465729385
2022-12-21,2815,2820,2805,2815,17625,0.0
2022-12-22,2815,2830,2815,2820,30962,0.001776198934280604
2022-12-23,2815,2820,2785,2805,39503,-0.005319148936170248
2022-12-26,2810,2835,2795,2800,52705,-0.0017825311942959443
2022-12-27,2800,2840,2800,2825,29301,0.008928571428571397
2022-12-28,2820,2820,2710,2710,32225,-0.04070796460176995
2022-12-29,2710,2710,2655,2675,16482,-0.01291512915129156
2023-01-02,2675,2675,2635,2660,13079,-0.005607476635513975
2023-01-03,2635,2660,2605,2660,24481,0.0
2023-01-04,2610,2745,2610,2720,18686,0.022556390977443552
2023-01-05,2740,2770,2725,2725,12491,0.0018382352941177516
2023-01-06,2735,2775,2700,2730,17029,0.0018348623853210455
2023-01-09,2755,2805,2740,2790,21503,0.0219780219780219
2023-01-10,2805,2865,2795,2825,17308,0.012544802867383575
2023-01-11,2850,2860,2830,2855,52095,0.010619469026548645
2023-01-12,2860,2865,2835,2850,10668,-0.0017513134851138146
2023-01-13,2850,2865,2835,2835,4798,-0.0052631578947368585
2023-01-16,2825,2850,2820,2840,9954,0.0017636684303350414
2023-01-17,2820,2845,2800,2815,7180,-0.008802816901408494
2023-01-18,2815,2865,2780,2815,24860,0.0
2023-01-19,2815,2845,2785,2820,17627,0.001776198934280604
2023-01-20,2820,2825,2785,2800,10614,-0.007092198581560294
2023-01-25,2805,2840,2800,2825,41760,0.008928571428571397
2023-01-26,2850,2850,2815,2830,20089,0.001769911504424737
2023-01-27,2835,2875,2815,2825,40840,-0.0017667844522968323
2023-01-30,2835,2860,2810,2855,20799,0.010619469026548645
2023-01-31,2845,2855,2810,2820,48415,-0.012259194395796813
2023-02-01,2830,2860,2815,2850,63178,0.010638297872340496
2023-02-02,2870,2910,2860,2910,28196,0.021052631578947434
2023-02-03,2900,2910,2870,2870,22454,-0.013745704467353903
2023-02-06,2860,2890,2850,2890,8980,0.006968641114982521
2023-02-07,2890,2900,2870,2900,23416,0.0034602076124568004
2023-02-08,2910,2910,2885,2910,11004,0.0034482758620688614
2023-02-09,2905,2920,2895,2910,29959,0.0
2023-02-10,2915,2915,2865,2890,18878,-0.0068728522336769515
2023-02-13,2880,2885,2820,2850,34490,-0.01384083044982698
2023-02-14,2855,2875,2805,2850,23192,0.0
2023-02-15,2855,2860,2830,2840,29567,-0.0035087719298245723
2023-02-16,2825,2845,2825,2840,13108,0.0
2023-02-17,2840,2840,2825,2830,5673,-0.0035211267605633756
2023-02-20,2845,2875,2810,2835,21250,0.0017667844522968323
2023-02-21,2840,2920,2840,2895,29900,0.021164021164021163
2023-02-22,2885,2895,2835,2855,35318,-0.013816925734024155
2023-02-23,2855,2905,2850,2880,15473,0.008756567425569184
2023-02-24,2880,2940,2880,2900,22789,0.00694444444444442
2023-02-27,2880,2900,2855,2855,36416,-0.01551724137931032
2023-02-28,2855,2875,2855,2875,12963,0.007005253940455258
2023-03-02,2880,2905,2860,2905,25180,0.01043478260869568
2023-03-03,2890,2920,2890,2920,10220,0.005163511187607606
2023-03-06,2925,2925,2900,2920,25812,0.0
2023-03-07,2930,2935,2905,2920,20839,0.0
2023-03-08,2920,2930,2885,2915,49969,-0.001712328767123239
2023-03-09,2910,2930,2895,2925,45979,0.0034305317324185847
2023-03-10,2925,2955,2915,2935,57663,0.0034188034188034067
2023-03-13,2915,2920,2860,2885,58310,-0.017035775127768327
2023-03-14,2885,2890,2835,2835,44783,-0.017331022530329254
2023-03-15,2845,2875,2835,2845,24277,0.003527336860670305
2023-03-16,2845,2845,2805,2840,24599,-0.0017574692442882123
2023-03-17,2845,2860,2810,2850,20724,0.0035211267605634866
2023-03-20,2825,2845,2825,2830,15105,-0.007017543859649145
2023-03-21,2845,2845,2805,2805,25563,-0.00883392226148405
2023-03-22,2810,2825,2790,2805,18724,0.0
2023-03-23,2800,2800,2770,2790,39176,-0.005347593582887722
2023-03-24,2795,2800,2775,2780,19722,-0.0035842293906810374
2023-03-27,2785,2795,2745,2795,19660,0.0053956834532373765
2023-03-28,2800,2820,2790,2815,9969,0.007155635062611854
2023-03-29,2820,2870,2810,2855,16916,0.014209591474245054
2023-03-30,2860,2870,2845,2870,9388,0.005253940455341555
2023-03-31,2875,2890,2850,2855,26079,-0.005226480836236891
2023-04-03,2900,2900,2850,2875,40965,0.007005253940455258
2023-04-04,2875,2905,2860,2905,34946,0.01043478260869568
2023-04-05,2905,2930,2880,2905,33711,0.0
2023-04-06,2905,2925,2875,2890,15076,-0.005163511187607606
2023-04-07,2900,2900,2870,2890,21644,0.0
2023-04-10,2875,2915,2865,2865,20151,-0.00865051903114189
2023-04-11,2865,2885,2860,2880,28471,0.005235602094240788
2023-04-12,2910,2920,2890,2920,43300,0.01388888888888884
2023-04-13,2930,2975,2920,2955,84371,0.011986301369863117
2023-04-14,2935,2965,2935,2955,40682,0.0
2023-04-17,2955,3005,2930,2995,65127,0.013536379018612488
2023-04-18,2995,3030,2960,3000,72493,0.0016694490818029983
2023-04-19,3000,3005,2955,3000,46899,0.0
2023-04-20,2975,2990,2960,2970,26883,-0.010000000000000009
2023-04-21,2950,2965,2915,2925,41004,-0.015151515151515138
2023-04-24,2935,2940,2875,2885,47275,-0.013675213675213627
2023-04-25,2885,2920,2865,2915,49496,0.010398613518197486
2023-04-26,2920,2945,2895,2895,81687,-0.006861063464837058
2023-04-27,2895,2950,2880,2945,32870,0.017271157167530138
2023-04-28,2960,2960,2865,2900,39369,-0.015280135823429575
2023-05-02,2900,2935,2900,2930,28108,0.010344827586206806
2023-05-03,2930,2945,2910,2915,26196,-0.005119453924914641
2023-05-04,2900,3125,2900,3125,263066,0.07204116638078895
2023-05-08,3125,3300,3090,3250,313408,0.040000000000000036
2023-05-09,3205,3275,3185,3240,143327,-0.003076923076923088
2023-05-10,3235,3265,3195,3250,84504,0.0030864197530864335
2023-05-11,3280,3280,3215,3245,39109,-0.0015384615384614886
2023-05-12,3215,3270,3160,3180,60066,-0.02003081664098616
2023-05-15,3180,3210,3135,3210,52733,0.009433962264151052
2023-05-16,3215,3215,3105,3125,48671,-0.026479750778816147
2023-05-17,3150,3170,3110,3145,67022,0.006399999999999961
2023-05-18,3165,3270,3150,3270,64849,0.03974562798092207
2023-05-19,3285,3290,3190,3200,51765,-0.021406727828746197
2023-05-22,3200,3235,3200,3225,34156,0.0078125
2023-05-23,3205,3235,3170,3170,44769,-0.01705426356589146
2023-05-24,3175,3235,3175,3210,63389,0.012618296529968376
2023-05-25,3210,3235,3190,3210,25200,0.0
2023-05-26,3210,3245,3170,3180,37873,-0.009345794392523366
2023-05-30,3180,3255,3180,3250,42374,0.022012578616352307
2023-05-31,3245,3280,3215,3215,47993,-0.010769230769230753
2023-06-01,3245,3245,3180,3190,31244,-0.007776049766718529
2023-06-02,3200,3220,3090,3100,69372,-0.028213166144200663
2023-06-05,3115,3140,3105,3130,24734,0.00967741935483879
2023-06-07,3130,3145,3100,3145,21698,0.004792332268370503
2023-06-08,3125,3125,3090,3100,26172,-0.014308426073131986
2023-06-09,3100,3120,3070,3070,20770,-0.009677419354838679
2023-06-12,3080,3145,3080,3115,30919,0.014657980456026065
2023-06-13,3145,3150,3105,3120,22864,0.0016051364365972098
2023-06-14,3125,3145,3075,3075,26793,-0.014423076923076872
2023-06-15,3075,3105,3050,3080,23364,0.001626016260162677
2023-06-16,3100,3120,2900,3035,53196,-0.01461038961038963
2023-06-19,3035,3245,3035,3245,82448,0.06919275123558477
2023-06-20,3250,3260,3145,3160,56825,-0.026194144838212585
2023-06-21,3160,3190,3095,3150,43389,-0.0031645569620253333
2023-06-22,3145,3250,3140,3195,22927,0.014285714285714235
2023-06-23,3195,3195,3125,3140,23538,-0.017214397496087663
2023-06-26,3135,3135,2990,3000,135996,-0.04458598726114649
2023-06-27,3020,3045,2975,3010,59729,0.0033333333333334103
2023-06-28,3010,3045,3000,3040,28729,0.009966777408637828
2023-06-29,3035,3035,3005,3015,20337,-0.008223684210526327
2023-06-30,3015,3055,3005,3030,24230,0.004975124378109541
2023-07-03,3035,3085,3030,3060,31238,0.00990099009900991
2023-07-04,3095,3210,3070,3210,91684,0.0490196078431373
2023-07-05,3210,3225,3150,3175,42491,-0.010903426791277204
2023-07-06,3180,3190,3130,3180,23594,0.0015748031496063408
2023-07-07,3130,3170,3090,3095,49480,-0.026729559748427723
2023-07-10,3090,3095,3045,3090,23060,-0.001615508885298822
2023-07-11,3095,3130,3075,3095,21804,0.0016181229773462036
2023-07-12,3150,3150,3095,3115,23077,0.00646203554119551
2023-07-13,3115,3145,3090,3090,11250,-0.008025682182985605
2023-07-14,3120,3120,3080,3090,15980,0.0
2023-07-17,3100,3110,3065,3095,17212,0.0016181229773462036
2023-07-18,3100,3100,3005,3020,34621,-0.024232633279482996
2023-07-19,3015,3045,3005,3010,19583,-0.0033112582781457123
2023-07-20,3010,3035,2985,3030,28561,0.006644518272425293
2023-07-21,3030,3030,2965,3000,18307,-0.00990099009900991
2023-07-24,3000,3000,2910,2930,67103,-0.023333333333333317
2023-07-25,2930,2945,2890,2890,25276,-0.013651877133105783
2023-07-26,2890,2895,2735,2795,82812,-0.03287197231833905
2023-07-27,2725,2860,2725,2845,20618,0.017889087656529412
2023-07-28,2845,2870,2815,2860,22424,0.005272407732864748
2023-07-31,2850,2970,2850,2925,24394,0.022727272727272707
2023-08-01,2900,2930,2865,2895,22830,-0.01025641025641022
2023-08-02,2895,2915,2850,2890,28322,-0.0017271157167529916
2023-08-03,2890,2890,2815,2830,21988,-0.02076124567474047
2023-08-04,2835,2890,2800,2820,30808,-0.0035335689045936647
2023-08-07,2820,2830,2785,2800,21712,-0.007092198581560294
2023-08-08,2780,2880,2780,2880,18345,0.02857142857142847
2023-08-09,2835,2880,2825,2850,10656,-0.01041666666666663
2023-08-10,2890,2895,2850,2875,16211,0.00877192982456143
2023-08-11,2915,2915,2875,2880,11844,0.0017391304347826875
2023-08-14,2915,2985,2915,2970,46591,0.03125
2023-08-16,2945,2970,2900,2915,35989,-0.01851851851851849
2023-08-17,2915,2915,2855,2880,21902,-0.012006861063464824
2023-08-18,2880,2895,2840,2875,31412,-0.0017361111111111605
2023-08-21,2885,2900,2850,2895,11590,0.006956521739130528
2023-08-22,2905,2915,2880,2890,11260,-0.0017271157167529916
2023-08-23,2890,2980,2850,2895,22646,0.0017301038062282892
2023-08-24,2895,2940,2880,2910,14619,0.005181347150259086
2023-08-25,2905,2940,2885,2885,7869,-0.00859106529209619
2023-08-28,2895,2940,2895,2910,26185,0.008665511265164572
2023-08-29,2915,2955,2915,2935,12221,0.00859106529209619
2023-08-30,2935,2945,2930,2940,21641,0.0017035775127767216
2023-08-31,2940,3065,2930,3045,80622,0.03571428571428581
2023-09-01,3060,3065,2980,3035,68524,-0.003284072249589487
2023-09-04,3025,3030,2990,2995,23057,-0.01317957166392092
2023-09-05,2995,2995,2950,2960,33168,-0.011686143572620988
2023-09-06,2955,3010,2955,2980,24086,0.006756756756756799
2023-09-07,2975,3000,2930,2950,16146,-0.010067114093959773
2023-09-08,2930,2955,2915,2940,21288,-0.003389830508474523
2023-09-11,2935,3025,2930,2995,24360,0.018707482993197244
2023-09-12,2995,3020,2915,2915,25742,-0.026711185308848084
2023-09-13,2935,2985,2930,2940,17973,0.00857632933104635
2023-09-14,2930,2990,2930,2980,14043,0.013605442176870763
2023-09-15,2965,3030,2965,3020,28391,0.01342281879194629
2023-09-18,3010,3010,2985,3005,21289,-0.004966887417218513
2023-09-19,3010,3030,2985,3010,20462,0.0016638935108153063
2023-09-20,3015,3035,2990,3005,14337,-0.0016611295681062677
2023-09-21,3000,3005,2980,2995,14304,-0.0033277870216306127
2023-09-22,2980,2990,2960,2980,10264,-0.005008347245408995
2023-09-25,2985,3025,2950,2975,20585,-0.001677852348993314
2023-09-26,2980,2990,2950,2950,17314,-0.008403361344537785
2023-09-27,2950,2955,2915,2935,36617,-0.005084745762711895
2023-10-04,2920,2925,2895,2915,29881,-0.006814310051107331
2023-10-05,2920,2940,2880,2910,24366,-0.0017152658662092923
2023-10-06,2910,2925,2905,2910,14590,0.0
2023-10-10,2900,2930,2875,2875,26175,-0.012027491408934665
2023-10-11,2880,2910,2875,2890,23422,0.00521739130434784
2023-10-12,2905,2955,2880,2925,20857,0.01211072664359869
2023-10-13,2925,2925,2905,2915,8468,-0.0034188034188034067
2023-10-16,2915,2945,2890,2910,16151,-0.0017152658662092923
2023-10-17,2925,2960,2915,2935,10802,0.00859106529209619
2023-10-18,2955,2960,2930,2945,11505,0.0034071550255536653
2023-10-19,2935,2935,2895,2895,38154,-0.01697792869269954
2023-10-20,2890,2895,2805,2815,28379,-0.02763385146804831
2023-10-23,2825,2840,2750,2770,15757,-0.01598579040852577
2023-10-24,2775,2820,2765,2820,17402,0.018050541516245522
2023-10-25,2820,2885,2800,2825,23812,0.0017730496453900457
2023-10-26,2800,2835,2800,2835,12419,0.003539823008849474
2023-10-27,2825,2900,2825,2845,12879,0.003527336860670305
2023-10-30,2855,2900,2855,2870,21280,0.008787346221441172
2023-10-31,2870,2895,2850,2850,9550,-0.006968641114982632
2023-11-01,2850,2895,2850,2870,13366,0.007017543859649145
2023-11-02,2870,2895,2865,2865,25295,-0.0017421602787456303
2023-11-03,2905,2905,2865,2895,8159,0.010471204188481575
2023-11-06,2910,2910,2865,2895,22770,0.0
2023-11-07,2890,2925,2885,2905,13995,0.003454231433505983
2023-11-08,2920,2935,2870,2910,28500,0.001721170395869276
2023-11-09,2910,2950,2895,2895,11223,-0.005154639175257714
2023-11-10,2895,2920,2870,2895,15368,0.0
2023-11-13,2940,2940,2895,2895,10469,0.0
2023-11-14,2895,2935,2855,2855,49877,-0.013816925734024155
2023-11-15,2865,2910,2845,2850,22935,-0.0017513134851138146
2023-11-16,2850,2870,2845,2870,17359,0.007017543859649145
2023-11-17,2875,2875,2825,2830,25510,-0.013937282229965153
2023-11-20,2825,2880,2825,2840,19045,0.0035335689045936647
2023-11-21,2860,2870,2815,2850,36386,0.0035211267605634866
2023-11-22,2840,2850,2830,2850,9732,0.0
2023-11-23,2850,2865,2840,2860,13661,0.0035087719298245723
2023-11-24,2870,2900,2845,2875,19891,0.005244755244755206
2023-11-27,2880,2895,2840,2855,15538,-0.006956521739130417
2023-11-28,2855,2885,2855,2880,13613,0.008756567425569184
2023-11-29,2880,2890,2860,2880,22475,0.0
2023-11-30,2880,2925,2880,2925,21545,0.015625
2023-12-01,2925,2940,2900,2930,22098,0.0017094017094017033
2023-12-04,2930,2935,2900,2925,7781,-0.0017064846416382506
2023-12-05,2920,2945,2910,2930,31483,0.0017094017094017033
2023-12-06,2930,2930,2900,2920,10626,-0.0034129692832765013
2023-12-07,2905,2940,2880,2920,29160,0.0
2023-12-08,2920,2945,2890,2930,41863,0.003424657534246478
2023-12-11,2940,2945,2905,2935,21955,0.0017064846416381396
2023-12-12,2915,2950,2915,2950,6206,0.005110732538330387
2023-12-13,2950,2950,2920,2935,11259,-0.005084745762711895
2023-12-14,2935,2955,2925,2940,19911,0.0017035775127767216
2023-12-15,2945,2955,2935,2945,28494,0.001700680272108901
2023-12-18,2940,2960,2935,2955,9399,0.00339558573853993
2023-12-19,2950,2950,2915,2930,40048,-0.008460236886632777
2023-12-20,2915,2980,2915,2945,9794,0.005119453924914641
2023-12-21,2940,2950,2920,2945,30417,0.0
2023-12-22,2945,2960,2930,2935,18882,-0.00339558573853993
2023-12-26,2935,2950,2930,2950,28315,0.005110732538330387
2023-12-27,2910,2915,2835,2915,23373,-0.011864406779661052
2023-12-28,2910,2910,2860,2870,24753,-0.015437392795883409
2024-01-02,2855,2900,2845,2890,29748,0.006968641114982521
2024-01-03,2875,2880,2830,2845,11220,-0.01557093425605538
2024-01-04,2855,2855,2805,2820,20086,-0.008787346221441172
2024-01-05,2820,2850,2805,2805,11973,-0.005319148936170248
2024-01-08,2855,2855,2810,2810,8106,0.0017825311942958333
2024-01-09,2845,2845,2815,2830,2138,0.007117437722419906
2024-01-10,2830,2830,2800,2815,13523,-0.005300353356890497
2024-01-11,2815,2825,2805,2825,5252,0.003552397868561208
2024-01-12,2810,2835,2750,2800,30629,-0.008849557522123908
2024-01-15,2805,2860,2755,2820,13531,0.0071428571428571175
2024-01-16,2820,2820,2790,2810,6121,-0.0035460992907800915
2024-01-17,2800,2800,2750,2750,17289,-0.02135231316725983
2024-01-18,2760,2795,2725,2750,20577,0.0
2024-01-19,2750,2790,2745,2760,5807,0.0036363636363636598
2024-01-22,2770,2775,2745,2775,4917,0.005434782608695565
2024-01-23,2765,2775,2755,2765,3778,-0.003603603603603567
2024-01-24,2770,2785,2730,2740,7839,-0.009041591320072317
2024-01-25,2740,2755,2720,2740,6661,0.0
2024-01-26,2740,2760,2710,2725,21073,-0.005474452554744547
2024-01-29,2735,2760,2715,2750,16995,0.00917431192660545
2024-01-30,2750,2765,2745,2760,30960,0.0036363636363636598
2024-01-31,2780,2780,2750,2765,10203,0.0018115942028984477
2024-02-01,2785,2840,2770,2830,27063,0.02350813743218816
2024-02-02,2830,2880,2825,2880,43444,0.0176678445229681
2024-02-05,2890,2950,2890,2930,97477,0.01736111111111116
2024-02-06,2920,3025,2880,2900,64443,-0.010238907849829393
2024-02-07,2920,2945,2885,2940,60542,0.01379310344827589
2024-02-08,2940,2975,2925,2970,49462,0.010204081632652962
2024-02-13,2970,2995,2965,2980,63809,0.0033670033670034627
2024-02-14,2960,2980,2950,2970,20557,-0.003355704697986628
2024-02-15,2950,2975,2930,2955,43236,-0.005050505050505083
2024-02-16,2950,2970,2935,2960,23972,0.0016920473773265332
2024-02-19,2970,3015,2925,2995,36714,0.011824324324324342
2024-02-20,2995,2995,2970,2990,16243,-0.0016694490818029983
2024-02-21,2995,3000,2955,2990,7956,0.0
2024-02-22,2990,3000,2960,2970,9495,-0.006688963210702337
2024-02-23,2970,2970,2925,2970,12659,0.0
2024-02-26,2945,2970,2910,2910,27577,-0.02020202020202022
2024-02-27,2900,2935,2890,2900,20402,-0.0034364261168384758
2024-02-28,2915,2935,2880,2920,12322,0.006896551724137945
2024-02-29,2950,2950,2900,2920,9196,0.0
2024-03-04,2920,2950,2890,2910,12595,-0.003424657534246589
2024-03-05,2890,2900,2865,2870,19821,-0.013745704467353903
2024-03-06,2870,2900,2850,2860,15354,-0.0034843205574912606
2024-03-07,2850,2865,2820,2830,21288,-0.010489510489510523
2024-03-08,2835,2855,2785,2810,32990,-0.007067137809187329
2024-03-11,2810,2855,2800,2815,5256,0.001779359430605032
2024-03-12,2845,2845,2785,2795,9183,-0.007104795737122527
2024-03-13,2805,2810,2785,2785,11560,-0.003577817531305927
2024-03-14,2790,2815,2785,2800,10392,0.0053859964093356805
2024-03-15,2815,2820,2780,2790,9723,-0.0035714285714285587
2024-03-18,2800,2800,2755,2775,14710,-0.005376344086021501
2024-03-19,2790,2790,2750,2755,20838,-0.007207207207207245
2024-03-20,2765,2780,2745,2755,6822,0.0
2024-03-21,2765,2800,2760,2785,10424,0.010889292196007316
2024-03-22,2800,2800,2770,2785,11558,0.0
2024-03-25,2785,2790,2755,2780,47609,-0.0017953321364452268
2024-03-26,2750,2810,2750,2810,86597,0.010791366906474753
2024-03-27,2805,2825,2800,2805,15257,-0.001779359430605032
2024-03-28,2815,2815,2795,2810,11450,0.0017825311942958333
2024-03-29,2805,2815,2785,2795,22198,-0.005338078291814985
2024-04-01,2795,2825,2770,2790,13794,-0.0017889087656529634
2024-04-02,2795,2815,2790,2810,6381,0.007168458781362075
2024-04-03,2805,2805,2780,2780,8201,-0.010676156583629859
2024-04-04,2790,2790,2730,2735,35246,-0.01618705035971224
2024-04-05,2735,2750,2715,2735,19435,0.0
2024-04-08,2720,2735,2710,2710,13547,-0.009140767824497242
2024-04-09,2720,2720,2690,2705,12313,-0.0018450184501844769
2024-04-11,2685,2705,2680,2685,21617,-0.007393715341959317
2024-04-12,2690,2705,2685,2700,9873,0.005586592178770999
2024-04-15,2675,2715,2665,2685,10793,-0.005555555555555536
2024-04-16,2685,2690,2660,2680,7269,-0.0018621973929237035
2024-04-17,2680,2690,2670,2685,7061,0.001865671641791078
2024-04-18,2690,2705,2675,2695,14256,0.003724394785847407
2024-04-19,2705,2705,2655,2685,11552,-0.0037105751391465214
2024-04-22,2700,2700,2670,2685,17129,0.0
2024-04-23,2695,2695,2670,2685,15498,0.0
2024-04-24,2685,2695,2670,2695,28392,0.003724394785847407
2024-04-25,2690,2690,2675,2690,9860,-0.0018552875695733162
2024-04-26,2690,2690,2670,2670,22640,-0.0074349442379182396
2024-04-29,2690,2690,2650,2675,32539,0.001872659176029856
2024-04-30,2675,2695,2670,2680,22425,0.0018691588785046953
2024-05-02,2680,2695,2675,2685,11916,0.001865671641791078
2024-05-03,2685,2705,2685,2700,18451,0.005586592178770999
2024-05-07,2700,2715,2675,2700,20525,0.0
2024-05-08,2700,2705,2685,2700,9365,0.0
2024-05-09,2685,2700,2670,2670,20961,-0.011111111111111072
2024-05-10,2690,2690,2655,2670,17231,0.0
2024-05-13,2675,2690,2670,2680,12985,0.0037453183520599342
2024-05-14,2695,2695,2675,2680,7443,0.0
2024-05-16,2680,2705,2675,2700,17339,0.00746268656716409
2024-05-17,2695,2705,2675,2680,22147,-0.007407407407407418
2024-05-20,2695,2700,2680,2695,22776,0.005597014925373234
2024-05-21,2715,2715,2680,2690,22831,-0.0018552875695733162
2024-05-22,2690,2700,2665,2675,27532,-0.005576208178438624
2024-05-23,2685,2685,2640,2675,41042,0.0
2024-05-24,2655,2675,2645,2650,5152,-0.009345794392523366
2024-05-27,2650,2670,2620,2620,56305,-0.01132075471698113
2024-05-28,2630,2700,2615,2650,20578,0.011450381679389388
2024-05-29,2650,2650,2595,2625,63054,-0.009433962264150941
2024-05-30,2625,2640,2605,2625,12156,0.0
2024-05-31,2620,2630,2610,2630,11710,0.0019047619047618536
2024-06-03,2635,2650,2610,2640,28974,0.0038022813688212143
2024-06-04,2645,2650,2620,2645,28237,0.0018939393939394478
2024-06-05,2650,2675,2640,2665,31708,0.007561436672967936
2024-06-07,2675,2685,2660,2680,12179,0.0056285178236397115
2024-06-10,2685,2685,2660,2660,27231,-0.007462686567164201
2024-06-11,2680,2680,2660,2670,1439,0.003759398496240518
2024-06-12,2685,2685,2660,2660,3957,-0.0037453183520599342
2024-06-13,2680,2680,2640,2640,16146,-0.007518796992481258
2024-06-14,2660,2660,2640,2650,6418,0.0037878787878788955
2024-06-17,2665,2675,2645,2670,6590,0.007547169811320753
2024-06-18,2670,2690,2580,2665,32303,-0.0018726591760299671
2024-06-19,2665,2690,2620,2650,28174,-0.0056285178236398226
2024-06-20,2650,2665,2630,2665,29358,0.005660377358490676
2024-06-21,2650,2665,2615,2615,16980,-0.018761726078799223
2024-06-24,2615,2625,2595,2615,21901,0.0
2024-06-25,2585,2610,2580,2605,39558,-0.003824091778202643
2024-06-26,2605,2605,2585,2590,6676,-0.0057581573896353655
2024-06-27,2585,2600,2550,2580,26567,-0.0038610038610038533
2024-06-28,2590,2590,2540,2560,28297,-0.007751937984496138
2024-07-01,2560,2575,2555,2570,8879,0.00390625
2024-07-02,2570,2580,2545,2565,26169,-0.0019455252918287869
2024-07-03,2550,2570,2545,2560,7820,-0.0019493177387914784
2024-07-04,2560,2560,2525,2530,21718,-0.01171875
2024-07-05,2530,2540,2505,2530,23372,0.0
2024-07-08,2510,2530,2495,2510,41031,-0.007905138339920903
2024-07-09,2510,2525,2505,2510,13802,0.0
2024-07-10,2525,2545,2500,2505,40260,-0.0019920318725099584
2024-07-11,2520,2525,2505,2525,10229,0.007984031936127733
2024-07-12,2510,2525,2505,2510,8575,-0.005940594059405946
2024-07-15,2510,2530,2510,2525,7512,0.005976095617529875
2024-07-16,2520,2520,2500,2520,15754,-0.001980198019801982
2024-07-17,2520,2525,2505,2510,16319,-0.003968253968253954
2024-07-18,2525,2530,2505,2530,7447,0.007968127490039834
2024-07-19,2530,2530,2495,2525,6023,-0.0019762845849802257
2024-07-22,2520,2525,2480,2480,17072,-0.017821782178217838
2024-07-23,2495,2520,2470,2500,31131,0.008064516129032251
2024-07-24,2490,2515,2480,2500,15170,0.0
2024-07-25,2500,2500,2440,2455,76341,-0.018000000000000016
2024-07-26,2455,2470,2440,2455,13885,0.0
2024-07-29,2460,2470,2430,2455,83322,0.0
2024-07-30,2450,2450,2430,2435,42323,-0.008146639511201648
2024-07-31,2435,2480,2430,2470,27418,0.014373716632443578
2024-08-01,2470,2480,2440,2475,24272,0.002024291497975783
2024-08-02,2460,2470,2430,2435,16397,-0.016161616161616155
2024-08-05,2430,2430,2225,2310,73894,-0.05133470225872694
2024-08-06,2310,2335,2265,2300,64622,-0.0043290043290042934
2024-08-07,2300,2330,2290,2310,29493,0.004347826086956497
2024-08-08,2310,2310,2290,2310,15319,0.0
2024-08-09,2320,2335,2315,2325,17911,0.006493506493506551
2024-08-12,2330,2375,2330,2365,22867,0.017204301075268713
2024-08-13,2375,2375,2345,2350,10006,-0.006342494714587699
2024-08-14,2380,2390,2250,2320,92516,-0.012765957446808529
2024-08-16,2300,2320,2280,2290,46799,-0.012931034482758674
2024-08-19,2290,2305,2285,2290,9707,0.0
2024-08-20,2290,2375,2290,2350,33422,0.026200873362445476
2024-08-21,2360,2370,2320,2370,9678,0.008510638297872353
2024-08-22,2360,2375,2295,2305,26586,-0.02742616033755274
2024-08-23,2300,2350,2290,2315,12176,0.00433839479392617
2024-08-26,2340,2340,2295,2320,11808,0.002159827213822796
2024-08-27,2320,2320,2270,2315,24607,-0.0021551724137931494
2024-08-28,2315,2335,2305,2315,3565,0.0
2024-08-29,2320,2330,2305,2315,2000,0.0
2024-08-30,2300,2330,2275,2285,22448,-0.01295896328293733
2024-09-02,2285,2295,2270,2280,11588,-0.002188183807439792
2024-09-03,2280,2295,2270,2270,10587,-0.004385964912280715
2024-09-04,2260,2260,2215,2225,33381,-0.01982378854625555
2024-09-05,2225,2245,2195,2210,28021,-0.006741573033707815
2024-09-06,2235,2235,2185,2205,18656,-0.002262443438914019
2024-09-09,2200,2210,2170,2205,16010,0.0
2024-09-10,2205,2210,2195,2205,6429,0.0
2024-09-11,2220,2220,2170,2185,19790,-0.009070294784580546
2024-09-12,2200,2210,2180,2205,14299,0.009153318077803174
2024-09-13,2220,2220,2175,2195,29159,-0.0045351473922902175
2024-09-19,2180,2195,2145,2175,43375,-0.009111617312072884
2024-09-20,2175,2175,2165,2170,10772,-0.0022988505747126853
2024-09-23,2170,2170,2150,2160,16080,-0.004608294930875556
2024-09-24,2180,2180,2150,2160,10412,0.0
2024-09-25,2160,2175,2145,2150,19051,-0.00462962962962965
2024-09-26,2150,2170,2150,2160,17643,0.0046511627906977715
2024-09-27,2180,2180,2155,2160,28359,0.0
2024-09-30,2170,2170,2140,2150,25031,-0.00462962962962965
2024-10-02,2145,2150,2125,2140,13846,-0.0046511627906976605
2024-10-04,2135,2150,2125,2125,17947,-0.007009345794392496
2024-10-07,2135,2135,2115,2130,17592,0.0023529411764706687
2024-10-08,2130,2140,2115,2125,9838,-0.0023474178403756207
2024-10-10,2125,2125,2115,2125,15371,0.0
2024-10-11,2130,2130,2120,2130,17169,0.0023529411764706687
2024-10-14,2130,2130,2110,2130,15566,0.0
2024-10-15,2115,2135,2110,2120,15240,-0.0046948356807511304
2024-10-16,2110,2130,2105,2125,38127,0.002358490566037652
2024-10-17,2125,2130,2110,2110,23444,-0.007058823529411784
2024-10-18,2125,2130,2085,2090,20755,-0.009478672985781977
2024-10-21,2085,2095,2060,2060,30761,-0.014354066985645897
2024-10-22,2060,2085,2035,2045,25129,-0.007281553398058249
2024-10-23,2040,2055,2025,2050,22000,0.0024449877750611915
2024-10-24,2030,2050,2015,2015,4085,-0.017073170731707332
2024-10-25,2015,2020,1984,1996,43647,-0.009429280397022288
2024-10-28,1996,2025,1996,2010,22571,0.007014028056112176
2024-10-29,2025,2030,2005,2010,22851,0.0
2024-10-30,2035,2035,1997,2005,34799,-0.0024875621890547706
2024-10-31,2005,2030,1998,2005,18675,0.0
2024-11-01,2010,2010,1993,1996,19812,-0.0044887780548628076
2024-11-04,1997,2000,1976,1989,57887,-0.003507014028056088
2024-11-05,1989,2050,1987,2030,37108,0.020613373554549952
2024-11-06,2050,2050,2010,2020,40782,-0.0049261083743842304
2024-11-07,2045,2045,2000,2005,13215,-0.007425742574257432
2024-11-08,2030,2030,1999,2000,20378,-0.0024937655860348684
2024-11-11,2000,2030,1953,1970,57538,-0.015000000000000013
2024-11-12,1970,1975,1943,1950,59905,-0.010152284263959421
2024-11-13,1950,1969,1917,1920,42469,-0.01538461538461533
2024-11-14,1932,1937,1919,1920,41179,0.0
2024-11-15,1910,1922,1882,1909,48968,-0.005729166666666674
2024-11-18,1912,1914,1890,1892,57400,-0.00890518596123624
2024-11-19,1902,1920,1893,1919,11252,0.014270613107822516
2024-11-20,1922,1932,1907,1907,32130,-0.0062532569046378494
2024-11-21,1907,1931,1907,1922,38600,0.007865757734661694
2024-11-22,1932,1932,1900,1903,75487,-0.009885535900104103
2024-11-25,1900,1910,1880,1910,11438,0.0036784025223330907
2024-11-26,1920,1920,1895,1905,17429,-0.002617801047120394
2024-11-27,1912,1913,1905,1910,14189,0.002624671916010568
2024-11-28,1920,1926,1884,1897,65777,-0.006806282722513046
2024-11-29,1910,1910,1865,1871,63053,-0.013705851344227749
2024-12-02,1869,1880,1862,1862,54194,-0.0048102618920363716
2024-12-03,1862,1894,1850,1868,32159,0.0032223415682062218
2024-12-04,1860,1889,1860,1865,24397,-0.0016059957173447659
2024-12-05,1870,1887,1856,1870,6994,0.002680965147453085
2024-12-06,1878,1891,1828,1829,56513,-0.021925133689839615
2024-12-09,1829,1829,1746,1758,90854,-0.0388190267905959
2024-12-10,1840,1840,1772,1795,25336,0.021046643913538166
2024-12-11,1840,1840,1783,1812,15775,0.009470752089136392
2024-12-12,1847,1855,1821,1849,45514,0.02041942604856506
2024-12-13,1852,1862,1847,1861,20579,0.006489994591671211
2024-12-16,1852,1878,1852,1878,64871,0.009134873723804393
2024-12-17,1878,1887,1870,1874,14469,-0.0021299254526091493
2024-12-18,1881,1902,1871,1889,36418,0.008004268943436532
2024-12-19,1887,1909,1878,1909,29560,0.010587612493382803
2024-12-20,1912,1912,1880,1896,35653,-0.006809848088004222
2024-12-23,1911,1911,1888,1897,16211,0.0005274261603376296
2024-12-24,1905,1905,1890,1897,5491,0.0
2024-12-26,1910,1911,1871,1887,37502,-0.005271481286241442
2024-12-27,1891,1891,1844,1854,32278,-0.01748807631160576
2024-12-30,1854,1854,1822,1849,4094,-0.0026968716289104133
2025-01-02,1852,1853,1800,1835,11768,-0.007571660356949672
2025-01-03,1838,1886,1838,1874,33642,0.02125340599455039
2025-01-06,1874,1890,1870,1882,36637,0.004268943436499528
2025-01-07,1884,1890,1872,1872,24380,-0.005313496280552554
2025-01-08,1891,1891,1865,1865,14776,-0.003739316239316226
2025-01-09,1886,1886,1855,1861,16073,-0.00214477211796249
2025-01-10,1861,1861,1854,1859,25442,-0.0010746910263299547
2025-01-13,1880,1884,1845,1878,69367,0.010220548682087216
2025-01-14,1880,1889,1851,1865,117177,-0.006922257720979763
2025-01-15,1869,1886,1854,1855,74639,-0.00536193029490617
2025-01-16,1879,1879,1858,1862,20516,0.0037735849056603765
2025-01-17,1878,1890,1870,1873,26963,0.005907626208378147
2025-01-20,1860,1930,1860,1899,58987,0.013881473571810021
2025-01-21,1900,1918,1875,1875,9150,-0.012638230647709303
2025-01-22,1899,1899,1870,1893,8026,0.009600000000000053
2025-01-23,1893,1893,1871,1887,12227,-0.0031695721077654726
2025-01-24,1877,1890,1877,1889,10281,0.0010598834128245915
2025-01-31,1889,1900,1883,1890,14346,0.000529380624669118
2025-02-03,1890,1890,1838,1839,72817,-0.026984126984127
2025-02-04,1855,1883,1840,1883,90698,0.023926046764545905
2025-02-05,1882,1887,1864,1883,78364,0.0
2025-02-06,1880,1883,1871,1883,15278,0.0
2025-02-07,1882,1882,1863,1863,14953,-0.010621348911311723
2025-02-10,1863,1884,1853,1865,80941,0.0010735373054213682
2025-02-11,1865,1900,1852,1900,84132,0.018766756032171594
2025-02-12,1894,1894,1853,1879,192612,-0.011052631578947314
2025-02-13,1874,1878,1860,1874,36680,-0.0026609898882383742
2025-02-14,1874,1880,1868,1880,6717,0.0032017075773747017
2025-02-17,1879,1879,1861,1865,36316,-0.007978723404255317
2025-02-18,1865,1896,1861,1865,43275,0.0
2025-02-19,1865,1865,1857,1861,43034,-0.00214477211796249
2025-02-20,1878,1878,1856,1860,40720,-0.0005373455131649774
2025-02-21,1864,1874,1859,1867,20205,0.0037634408602149616
2025-02-24,1856,1873,1856,1870,14410,0.0016068559185860032
2025-02-25,1876,1900,1863,1867,16518,-0.0016042780748662944
2025-02-26,1871,1880,1860,1877,35862,0.005356186395286455
2025-02-27,1868,1883,1868,1875,6187,-0.0010655301012253426
2025-02-28,1875,1875,1850,1852,31860,-0.012266666666666648
2025-03-04,1847,1861,1846,1861,11285,0.004859611231101457
2025-03-05,1864,1864,1849,1852,26827,-0.004836109618484685
2025-03-06,1852,1861,1852,1858,12886,0.003239740820734305
2025-03-07,1852,1860,1842,1860,37049,0.0010764262648008671
2025-03-10,1845,1859,1845,1854,15912,-0.003225806451612856
2025-03-11,1850,1850,1833,1839,43160,-0.008090614886731351
2025-03-12,1843,1843,1835,1839,15136,0.0
2025-03-13,1849,1895,1833,1839,29918,0.0
2025-03-14,1839,1870,1832,1837,10338,-0.0010875475802066825
2025-03-17,1837,1840,1833,1839,9358,0.0010887316276537717
2025-03-18,1843,1843,1835,1835,7869,-0.002175095160413254
2025-03-19,1871,1871,1834,1834,26346,-0.0005449591280654031
2025-03-20,1847,1847,1832,1835,13499,0.0005452562704471031
2025-03-21,1866,1866,1831,1831,20014,-0.0021798365122616126
2025-03-24,1830,1839,1830,1832,11361,0.0005461496450027692
2025-03-25,1840,1841,1834,1836,6065,0.0021834061135370675
2025-03-26,1840,1847,1839,1841,15398,0.002723311546841023
2025-03-27,1849,1849,1839,1840,20454,-0.0005431830526887449
2025-03-28,1840,1842,1806,1808,43260,-0.017391304347826098
2025-03-31,1808,1813,1791,1792,27784,-0.008849557522123908
2025-04-01,1810,1810,1790,1793,5739,0.0005580357142858094
2025-04-02,1793,1809,1793,1798,12189,0.002788622420524245
2025-04-03,1810,1810,1781,1800,12501,0.0011123470522802492
2025-04-04,1845,1847,1813,1840,52722,0.022222222222222143
2025-04-07,1848,1850,1814,1837,19417,-0.001630434782608714
2025-04-08,1840,1860,1837,1841,44858,0.0021774632553075435
2025-04-09,1859,1859,1833,1839,46060,-0.0010863661053774898
2025-04-10,1858,1858,1828,1839,72812,0.0
2025-04-11,1839,1841,1835,1841,8734,0.0010875475802065715
2025-04-14,1841,1855,1841,1848,21745,0.0038022813688212143
2025-04-15,1860,1860,1848,1857,4898,0.004870129870129913
2025-04-16,1860,1866,1850,1857,30423,0.0
2025-04-17,1857,1866,1846,1865,20521,0.004308023694130414
2025-04-18,1865,1871,1858,1867,14094,0.0010723860589811895
2025-04-21,1872,1874,1858,1870,9423,0.0016068559185860032
2025-04-22,1870,1880,1851,1877,21485,0.0037433155080213165
2025-04-23,1885,1926,1882,1926,62534,0.026105487480021283
2025-04-24,1921,1949,1918,1930,27687,0.0020768431983384517
2025-04-25,1950,1950,1921,1943,16275,0.006735751295336767
2025-04-28,1952,1959,1930,1931,27073,-0.006176016469377266
2025-04-29,1959,1959,1937,1950,7695,0.009839461418953865
2025-04-30,1959,1959,1938,1947,7385,-0.0015384615384614886
2025-05-02,1962,1962,1931,1947,7080,0.0
2025-05-07,1970,1970,1934,1939,70350,-0.004108885464817691
2025-05-08,1963,1963,1935,1939,85925,0.0
2025-05-09,1968,1968,1929,1929,80205,-0.005157297576070086
2025-05-12,1929,1957,1925,1936,74480,0.003628823224468558
2025-05-13,1965,1965,1935,1947,19233,0.005681818181818121
2025-05-14,1962,1962,1941,1956,20709,0.0046224961479199855
2025-05-15,1970,1979,1961,1972,16704,0.008179959100204526
2025-05-16,1980,1983,1962,1962,19427,-0.005070993914807254
2025-05-19,1941,1970,1941,1969,15944,0.0035677879714577365
2025-05-20,1956,1975,1956,1967,11593,-0.001015744032503818
2025-05-21,1967,1973,1960,1966,9361,-0.0005083884087442314
2025-05-22,1970,1974,1962,1966,15020,0.0
2025-05-23,1966,1966,1950,1959,13202,-0.003560528992878953
2025-05-26,1959,1964,1949,1963,11277,0.0020418580908627693
2025-05-27,1966,1975,1960,1974,31097,0.005603667855323513
2025-05-28,1979,1979,1855,1956,72727,-0.00911854103343468
2025-05-29,1970,1970,1929,1961,38433,0.002556237218813928
2025-05-30,1982,1982,1960,1969,43269,0.004079551249362545
2025-06-02,1982,1982,1960,1979,28498,0.00507872016251909
2025-06-04,1983,1993,1981,1990,22883,0.005558362809499728
2025-06-05,1993,2000,1989,1994,11335,0.0020100502512563345
2025-06-09,1997,2015,1990,2000,30860,0.0030090270812437314
2025-06-10,2020,2030,1997,2005,26631,0.0024999999999999467
2025-06-11,2005,2040,2000,2035,20109,0.014962593516209433
2025-06-12,2035,2070,2025,2050,14126,0.0073710073710073765
2025-06-13,2070,2070,2005,2020,20235,-0.014634146341463428
2025-06-16,2035,2045,1998,2015,25944,-0.0024752475247524774
2025-06-17,2020,2070,1999,2020,15243,0.002481389578163684
2025-06-18,2020,2020,1999,2005,7300,-0.007425742574257432
2025-06-19,2005,2005,1983,1998,21909,-0.003491271820448838
2025-06-20,2015,2015,1979,1993,21559,-0.0025025025025025016
2025-06-23,1992,1992,1978,1984,38315,-0.004515805318615174
2025-06-24,1989,2035,1989,2020,35862,0.01814516129032251
2025-06-25,2035,2035,2015,2025,7807,0.0024752475247524774
2025-06-26,2040,2090,2000,2070,72715,0.022222222222222143
2025-06-27,2075,2090,2055,2075,14995,0.0024154589371980784
2025-06-30,2075,2090,2055,2075,9208,0.0
2025-07-01,2080,2115,2045,2115,25914,0.01927710843373487
2025-07-02,2115,2175,2095,2175,28211,0.028368794326241176
2025-07-03,2175,2225,2150,2215,28088,0.01839080459770126
2025-07-04,2215,2245,2180,2230,22657,0.006772009029345272
2025-07-07,2250,2270,2215,2270,52650,0.017937219730941756
2025-07-08,2275,2285,2245,2280,49019,0.004405286343612369
2025-07-09,2290,2310,2275,2300,28271,0.00877192982456143
2025-07-10,2300,2315,2270,2315,29241,0.006521739130434856
2025-07-11,2315,2355,2290,2350,46973,0.015118790496760237
2025-07-14,2350,2465,2350,2440,81531,0.038297872340425476
2025-07-15,2440,2485,2420,2475,70011,0.014344262295082011
2025-07-16,2475,2475,2355,2380,32650,-0.03838383838383841
2025-07-17,2385,2405,2360,2400,18721,0.008403361344537785
2025-07-18,2400,2400,2280,2325,45527,-0.03125
2025-07-21,2325,2345,2320,2330,10633,0.0021505376344086446
2025-07-22,2320,2360,2315,2340,31931,0.0042918454935623185
2025-07-23,2330,2375,2330,2370,53990,0.012820512820512775
2025-07-24,2360,2385,2310,2315,25107,-0.02320675105485237
2025-07-25,2340,2350,2300,2345,16230,0.012958963282937441
2025-07-28,2335,2345,2330,2345,9513,0.0
2025-07-29,2340,2400,2225,2370,31591,0.010660980810234477
2025-07-30,2380,2420,2380,2390,49283,0.00843881856540074
2025-07-31,2385,2435,2380,2400,43878,0.004184100418409997
2025-08-01,2400,2400,2325,2380,104555,-0.008333333333333304
2025-08-04,2370,2470,2365,2420,81737,0.01680672268907557
2025-08-05,2420,2430,2400,2420,19150,0.0
2025-08-06,2420,2425,2400,2410,13660,-0.004132231404958664
2025-08-07,2410,2430,2390,2415,13711,0.0020746887966804906
2025-08-08,2400,2435,2395,2400,11326,-0.006211180124223614
2025-08-11,2400,2400,2365,2365,6434,-0.014583333333333282
2025-08-12,2345,2350,2275,2275,17530,-0.038054968287526414
2025-08-13,2305,2340,2275,2300,33692,0.01098901098901095
2025-08-14,2300,2305,2235,2255,39569,-0.019565217391304346
2025-08-18,2240,2250,2215,2215,15603,-0.0177383592017738
2025-08-19,2205,2205,2145,2150,53593,-0.02934537246049662
2025-08-20,2150,2150,2100,2115,6571,-0.016279069767441867
2025-08-21,2125,2165,2110,2145,15927,0.014184397163120588
2025-08-22,2140,2145,2110,2115,8708,-0.013986013986013957
2025-08-25,2115,2130,2110,2115,4862,0.0
2025-08-26,2135,2160,2085,2095,22628,-0.009456264775413725
2025-08-27,2115,2130,2070,2110,29295,0.007159904534606243
2025-08-28,2110,2140,2050,2090,44261,-0.009478672985781977
2025-08-29,2090,2105,2055,2105,9742,0.0071770334928229484
2025-09-01,2080,2130,2070,2080,21944,-0.01187648456057011
2025-09-02,2080,2110,2025,2070,60388,-0.004807692307692291
2025-09-03,2070,2130,2035,2095,29777,0.012077294685990392
2025-09-04,2095,2115,2080,2100,8262,0.0023866348448686736
2025-09-05,2095,2165,2085,2145,13070,0.021428571428571352
2025-09-08,2130,2180,2110,2150,31628,0.002331002331002363
2025-09-09,2150,2170,2130,2135,12546,-0.006976744186046546
2025-09-10,2140,2180,2140,2140,44129,0.0023419203747072626
2025-09-11,2145,2180,2120,2120,12990,-0.009345794392523366
2025-09-12,2120,2155,2105,2130,31393,0.004716981132075526
2025-09-15,2105,2135,2065,2065,41165,-0.030516431924882625
2025-09-16,2075,2110,2055,2100,29980,0.016949152542372836
2025-09-17,2100,2105,2020,2100,62969,0.0
2025-09-18,2095,2095,2050,2060,17451,-0.01904761904761909
2025-09-19,2060,2075,2015,2015,29942,-0.021844660194174748
2025-09-22,2015,2040,2000,2005,28839,-0.00496277915632759
2025-09-23,2005,2040,2005,2010,17972,0.0024937655860348684
2025-09-24,1995,2035,1985,1993,34296,-0.008457711442786064
2025-09-25,1991,2005,1991,1995,12776,0.0010035122930256435
2025-09-26,1995,2010,1946,1958,27241,-0.018546365914786977
2025-09-29,1952,1983,1952,1981,13501,0.011746680286006228
2025-09-30,1982,2100,1982,2065,48275,0.042402826855123754
2025-10-01,2085,2110,2050,2070,29475,0.002421307506053294
2025-10-02,2100,2100,2040,2040,28129,-0.01449275362318836
2025-10-10,2020,2050,1992,1992,26557,-0.02352941176470591
2025-10-13,1992,2020,1978,1988,21682,-0.002008032128514081
2025-10-14,1988,2015,1980,1998,13094,0.005030181086519203
2025-10-15,2000,2045,1999,2025,11840,0.013513513513513598
2025-10-16,2030,2080,1999,1999,16963,-0.012839506172839465
2025-10-17,2015,2040,1988,1991,36237,-0.004002001000500299
2025-10-20,2010,2010,1968,2010,32007,0.00954294324460081
2025-10-21,2010,2080,2000,2055,32246,0.02238805970149249
2025-10-22,2050,2050,2015,2045,15472,-0.0048661800486617945
2025-10-23,2030,2065,2020,2040,17369,-0.0024449877750610804
2025-10-24,2040,2045,2025,2045,3810,0.002450980392156854
2025-10-27,2045,2050,1980,2045,40662,0.0
2025-10-28,2045,2070,2010,2035,18759,-0.004889975550122272
2025-10-29,2015,2050,1980,2005,23992,-0.014742014742014753
2025-10-30,2010,2030,2000,2010,20105,0.0024937655860348684
2025-10-31,2030,2030,1988,1990,29096,-0.00995024875621886
2025-11-03,1985,2000,1954,1954,57532,-0.018090452261306567
2025-11-04,1954,1987,1949,1950,48295,-0.0020470829068577334
2025-11-05,1935,1984,1926,1945,65682,-0.002564102564102555
2025-11-06,1940,1991,1940,1985,70484,0.020565552699228773
2025-11-07,1990,2035,1985,1990,58834,0.0025188916876575096
2025-11-10,1990,2020,1980,2010,26587,0.01005025125628145
2025-11-11,2010,2015,1996,1996,2959,-0.006965174129353269
2025-11-12,2005,2035,1981,1995,38281,-0.0005010020040080443
2025-11-13,1995,2045,1987,1996,22497,0.0005012531328321135
2025-11-14,2015,2045,1950,2005,88089,0.0045090180360720655
2025-11-17,2005,2015,1997,2010,18034,0.0024937655860348684
2025-11-18,2015,2035,1970,1970,87995,-0.01990049751243783
2025-11-19,1970,1993,1959,1976,58735,0.003045685279187804
2025-11-20,1975,2040,1975,1992,61784,0.00809716599190291
2025-11-21,1999,2035,1988,1990,41752,-0.0010040160642570406
2025-11-24,1990,2035,1977,2015,71206,0.012562814070351758
2025-11-25,2015,2040,1984,1984,48568,-0.01538461538461533
2025-11-26,1990,2040,1989,2020,36927,0.01814516129032251
2025-11-27,2020,2050,1967,1980,167184,-0.01980198019801982
2025-11-28,1990,2010,1970,2010,84906,0.015151515151515138
2025-12-01,2010,2215,2000,2020,76480,0.004975124378109541
2025-12-02,2020,2200,1989,2105,232572,0.04207920792079212
2025-12-03,2135,2180,2110,2125,64579,0.009501187648456089
2025-12-04,2120,2150,2090,2115,34854,-0.004705882352941226
2025-12-05,2120,2155,2100,2130,22569,0.007092198581560183
2025-12-08,2160,2160,2120,2135,51482,0.0023474178403755097
2025-12-09,2125,2145,2120,2135,11578,0.0
2025-12-10,2135,2155,2125,2150,116677,0.007025761124121788
2025-12-11,2160,2160,2100,2140,30095,-0.0046511627906976605
2025-12-12,2140,2265,2120,2210,165627,0.032710280373831724
2025-12-15,2245,2260,2195,2210,54107,0.0
2025-12-16,2210,2250,2190,2230,29741,0.009049773755656076
2025-12-17,2225,2240,2210,2210,9175,-0.008968609865470878
2025-12-18,2230,2230,2165,2170,27514,-0.018099547511312264
2025-12-19,2180,2305,2180,2260,83875,0.041474654377880116
2025-12-22,2240,2315,2225,2275,36154,0.006637168141592875
2025-12-23,2300,2320,2270,2270,49905,-0.00219780219780219
2025-12-24,2275,2300,2270,2285,18690,0.0066079295154184425
2025-12-26,2270,2290,2260,2260,13553,-0.01094091903719907
2025-12-29,2245,2255,2190,2200,41851,-0.026548672566371723
2025-12-30,2205,2240,2195,2220,22720,0.009090909090909038
2026-01-02,2215,2240,2185,2220,20317,0.0
2026-01-05,2220,2270,2200,2200,16640,-0.009009009009009028
2026-01-06,2205,2250,2090,2140,94135,-0.027272727272727226
2026-01-07,2145,2290,2140,2205,57607,0.030373831775700966
2026-01-08,2205,2230,2205,2210,16239,0.0022675736961450532
2026-01-09,2210,2210,2185,2210,14570,0.0
2026-01-12,2210,2220,2180,2180,24893,-0.013574660633484115
2026-01-13,2175,2210,2150,2160,27584,-0.00917431192660545
2026-01-14,2155,2330,2130,2250,182708,0.04166666666666674
2026-01-15,2250,2250,2195,2210,59616,-0.01777777777777778
2026-01-16,2205,2230,2170,2200,28998,-0.004524886877828038
2026-01-19,2200,2225,2150,2150,47878,-0.022727272727272707
2026-01-20,2135,2160,2110,2125,24320,-0.011627906976744207
2026-01-21,2100,2130,2085,2125,16367,0.0
2026-01-22,2120,2120,2070,2075,23833,-0.02352941176470591
2026-01-23,2075,2160,2055,2155,57124,0.03855421686746996
