Date,Open,High,Low,Close,Volume,Change
2022-01-03,23700,24000,23300,23800,135235,0.00421940928270037
2022-01-04,24000,24000,22750,23050,164060,-0.031512605042016806
2022-01-05,22950,23000,21800,21900,234028,-0.049891540130151846
2022-01-06,21800,22150,20950,21400,324406,-0.022831050228310557
2022-01-07,21400,21450,20950,21050,191759,-0.016355140186915862
2022-01-10,21050,21300,20350,20650,169641,-0.019002375296912066
2022-01-11,20750,21000,20550,20600,158758,-0.002421307506053294
2022-01-12,20950,21550,20950,21450,198041,0.04126213592233019
2022-01-13,21950,22250,21100,21100,240173,-0.01631701631701632
2022-01-14,21100,21350,20750,20850,144869,-0.011848341232227444
2022-01-17,20800,21150,20600,20800,184133,-0.0023980815347721673
2022-01-18,21200,21200,20050,20100,324288,-0.033653846153846145
2022-01-19,20350,20950,20300,20800,270413,0.03482587064676612
2022-01-20,20950,21000,20100,20550,326967,-0.012019230769230727
2022-01-21,20100,20450,19750,20050,847782,-0.024330900243308973
2022-01-24,20100,21800,20000,21650,441956,0.07980049875311712
2022-01-25,21650,22150,21050,21600,419839,-0.002309468822170868
2022-01-26,21850,21900,21100,21350,311854,-0.01157407407407407
2022-01-27,21700,21700,20050,20050,263364,-0.060889929742388715
2022-01-28,20300,20700,19800,20500,260989,0.02244389027431426
2022-02-03,21450,21450,20150,20200,272857,-0.014634146341463428
2022-02-04,20200,20450,20000,20300,310992,0.004950495049504955
2022-02-07,20300,20300,20000,20100,362270,-0.009852216748768461
2022-02-08,20250,20350,19900,19900,438397,-0.00995024875621886
2022-02-09,20000,20200,19750,20100,119063,0.01005025125628145
2022-02-10,20200,20250,19800,19900,424159,-0.00995024875621886
2022-02-11,19800,20050,19600,19850,129699,-0.002512562814070307
2022-02-14,19450,19700,18700,19250,410633,-0.030226700251889116
2022-02-15,19350,19800,19150,19250,122907,0.0
2022-02-16,19600,19800,19300,19650,155965,0.020779220779220786
2022-02-17,19650,19800,19300,19400,183467,-0.012722646310432517
2022-02-18,19000,19400,18650,19300,192270,-0.005154639175257714
2022-02-21,18950,19150,18600,18850,169761,-0.023316062176165775
2022-02-22,18450,18900,18300,18650,153234,-0.010610079575596787
2022-02-23,18700,19150,18550,19150,117464,0.02680965147453085
2022-02-24,18900,19050,18350,18450,212738,-0.036553524804177506
2022-02-25,18600,19400,18600,19250,192707,0.04336043360433606
2022-02-28,19000,19200,18700,19050,183145,-0.010389610389610393
2022-03-02,18900,19350,18350,18550,330161,-0.026246719160105014
2022-03-03,18650,19400,18550,19200,282729,0.03504043126684642
2022-03-04,18850,19100,18700,18850,193799,-0.01822916666666663
2022-03-07,18600,18600,17550,17600,461807,-0.06631299734748008
2022-03-08,17100,17600,16750,17250,366453,-0.019886363636363646
2022-03-10,17350,18000,17250,17650,467650,0.023188405797101463
2022-03-11,17550,18050,17450,18000,236903,0.019830028328611915
2022-03-14,17850,18150,17200,17500,215927,-0.02777777777777779
2022-03-15,17300,17900,17200,17650,165900,0.008571428571428674
2022-03-16,18100,18150,17450,17850,185644,0.011331444759206777
2022-03-17,18200,18400,17800,17900,253641,0.0028011204481792618
2022-03-18,17950,18150,17600,17850,382353,-0.0027932960893854997
2022-03-21,17950,18350,17850,18050,271951,0.011204481792717047
2022-03-22,18100,18600,18000,18550,176619,0.027700831024930705
2022-03-23,18700,18700,18350,18550,186907,0.0
2022-03-24,18450,19000,18350,18950,204177,0.02156334231805923
2022-03-25,19200,19200,18700,19000,249333,0.0026385224274405594
2022-03-28,18850,19150,18500,18700,183124,-0.015789473684210575
2022-03-29,19200,19800,19150,19400,294418,0.03743315508021383
2022-03-30,19400,19650,19300,19400,168130,0.0
2022-03-31,19250,19250,18850,18950,209200,-0.023195876288659822
2022-04-01,18900,19000,18500,18500,183932,-0.0237467018469657
2022-04-04,18500,18800,18400,18500,180682,0.0
2022-04-05,18600,18750,18350,18550,195085,0.002702702702702675
2022-04-06,18300,18600,18000,18150,211434,-0.021563342318059342
2022-04-07,17950,17950,17500,17650,215973,-0.02754820936639113
2022-04-08,17700,17800,17400,17650,176637,0.0
2022-04-11,17550,17600,17200,17350,249940,-0.016997167138810165
2022-04-12,17050,17400,17050,17250,201454,-0.0057636887608069065
2022-04-13,17400,17800,16750,17700,291781,0.026086956521739202
2022-04-14,17800,17850,17400,17550,207035,-0.008474576271186418
2022-04-15,17550,18800,17100,18700,525525,0.06552706552706544
2022-04-18,18600,18850,18200,18500,321175,-0.010695187165775444
2022-04-19,18850,20000,18800,20000,622602,0.08108108108108114
2022-04-20,20150,20150,19550,19900,362408,-0.0050000000000000044
2022-04-21,19750,20250,19750,19750,246182,-0.007537688442211032
2022-04-22,19450,19750,18850,19100,354025,-0.032911392405063244
2022-04-25,18600,19150,18550,18900,168386,-0.010471204188481686
2022-04-26,18850,19350,18650,19250,181973,0.0185185185185186
2022-04-27,18600,18900,18450,18600,148221,-0.03376623376623378
2022-04-28,18650,18750,18350,18500,170477,-0.005376344086021501
2022-04-29,18550,19350,18550,19350,238503,0.04594594594594592
2022-05-02,18950,19050,18550,18750,163335,-0.03100775193798455
2022-05-03,18750,19150,18650,18900,168269,0.008000000000000007
2022-05-04,19150,19150,18400,18400,273505,-0.02645502645502651
2022-05-06,17900,17950,17250,17350,478518,-0.057065217391304324
2022-05-09,17300,17750,16950,17700,234188,0.020172910662824117
2022-05-10,17150,17550,17150,17150,293213,-0.031073446327683607
2022-05-11,17200,17450,16950,17350,314650,0.011661807580174877
2022-05-12,17050,17250,16500,16500,375108,-0.04899135446685876
2022-05-13,16700,17000,16550,17000,207751,0.030303030303030276
2022-05-16,17200,17400,16750,16850,214868,-0.008823529411764675
2022-05-17,16950,17150,16750,16900,217519,0.0029673590504450953
2022-05-18,17050,17300,16700,17000,264330,0.00591715976331364
2022-05-19,16500,16550,16000,16100,478086,-0.05294117647058827
2022-05-20,16200,16850,16000,16800,256827,0.04347826086956519
2022-05-23,16750,17000,16600,16900,166541,0.005952380952380931
2022-05-24,16750,16850,16200,16200,284760,-0.041420118343195256
2022-05-25,16250,17100,16100,16750,385009,0.033950617283950546
2022-05-26,16850,16900,16200,16300,267331,-0.0268656716417911
2022-05-27,16450,16500,16200,16250,341075,-0.0030674846625766694
2022-05-30,16500,16750,16400,16650,294194,0.024615384615384706
2022-05-31,16650,16650,16200,16550,274589,-0.006006006006005982
2022-06-02,16500,16550,16350,16450,167565,-0.0060422960725075026
2022-06-03,16700,17050,16550,16700,294932,0.015197568389057725
2022-06-07,16700,16700,16050,16100,286966,-0.0359281437125748
2022-06-08,16200,16300,15900,16100,233350,0.0
2022-06-09,15950,16000,15500,15750,377837,-0.021739130434782594
2022-06-10,15400,15500,14850,15000,637433,-0.04761904761904767
2022-06-13,14500,14600,14150,14400,596881,-0.040000000000000036
2022-06-14,13850,14250,13550,14150,874268,-0.01736111111111116
2022-06-15,14050,14750,14000,14550,447279,0.028268551236749095
2022-06-16,14900,15000,14200,14300,334926,-0.01718213058419249
2022-06-17,13900,14100,13700,14050,333172,-0.0174825174825175
2022-06-20,14050,14400,13600,13800,352579,-0.017793594306049876
2022-06-21,13850,14100,13250,13400,356690,-0.02898550724637683
2022-06-22,13550,13550,12850,12950,517847,-0.03358208955223885
2022-06-23,12850,13750,12850,13750,534787,0.061776061776061875
2022-06-24,13850,13850,13400,13600,377022,-0.010909090909090868
2022-06-27,13700,14150,13450,13900,281958,0.022058823529411686
2022-06-28,13900,14250,13800,14200,224760,0.021582733812949728
2022-06-29,13950,14450,13800,14150,218669,-0.0035211267605633756
2022-06-30,13950,14250,13800,14100,292881,-0.0035335689045936647
2022-07-01,14000,14100,13250,13250,323657,-0.06028368794326244
2022-07-04,13300,13500,13050,13350,162721,0.007547169811320753
2022-07-05,13350,13700,13300,13550,219336,0.014981273408239737
2022-07-06,13450,13550,13100,13200,226152,-0.02583025830258301
2022-07-07,13250,13500,13150,13400,177122,0.015151515151515138
2022-07-08,13500,13800,13350,13450,125385,0.003731343283582156
2022-07-11,13500,13700,13350,13400,117470,-0.0037174721189591198
2022-07-12,13200,13300,12750,12800,184853,-0.04477611940298509
2022-07-13,12850,13250,12800,13000,145349,0.015625
2022-07-14,12900,13100,12550,12850,384240,-0.011538461538461497
2022-07-15,13050,13600,12800,13550,380362,0.054474708171206254
2022-07-18,13650,14000,13550,13950,291906,0.029520295202952074
2022-07-19,13650,13900,13550,13750,241891,-0.014336917562724039
2022-07-20,14150,14150,13650,13800,184500,0.0036363636363636598
2022-07-21,13850,14000,13700,13800,125091,0.0
2022-07-22,13900,14050,13700,13750,119209,-0.0036231884057971175
2022-07-25,13750,13750,13450,13550,150146,-0.014545454545454528
2022-07-26,13450,13900,13350,13750,118606,0.014760147601476037
2022-07-27,13950,14000,13750,13850,159457,0.0072727272727273196
2022-07-28,14100,14350,13900,14000,237644,0.010830324909747224
2022-07-29,14150,14550,14050,14100,253287,0.0071428571428571175
2022-08-01,14200,14300,14050,14150,132141,0.0035460992907800915
2022-08-02,14100,14900,14050,14750,499624,0.042402826855123754
2022-08-03,14650,14700,14300,14350,223660,-0.027118644067796627
2022-08-04,14450,14450,14150,14300,158135,-0.0034843205574912606
2022-08-05,14250,14450,14200,14300,153345,0.0
2022-08-08,14300,14500,14150,14450,101810,0.010489510489510412
2022-08-09,14350,14500,14200,14450,106805,0.0
2022-08-10,14300,14350,13900,13900,159231,-0.03806228373702425
2022-08-11,14350,14850,14350,14700,393594,0.05755395683453246
2022-08-12,14800,15100,14600,14800,267197,0.006802721088435382
2022-08-16,15000,15000,14650,14800,154397,0.0
2022-08-17,14700,14700,14200,14350,184826,-0.030405405405405372
2022-08-18,14100,14500,14050,14450,118009,0.006968641114982521
2022-08-19,14450,14500,14200,14250,88245,-0.01384083044982698
2022-08-22,14000,14300,13900,14050,97361,-0.01403508771929829
2022-08-23,14050,14250,13800,14000,128191,-0.003558718861209953
2022-08-24,14050,14200,13850,13900,147501,-0.0071428571428571175
2022-08-25,13850,14400,13850,14400,123850,0.03597122302158273
2022-08-26,14400,14650,14150,14150,140055,-0.01736111111111116
2022-08-29,13750,13800,13300,13400,277183,-0.05300353356890464
2022-08-30,13650,13850,13350,13750,141330,0.026119402985074647
2022-08-31,13550,14200,13450,14150,145448,0.029090909090909056
2022-09-01,14050,14150,13400,13400,219078,-0.05300353356890464
2022-09-02,13600,13700,13200,13200,112934,-0.014925373134328401
2022-09-05,13200,13450,13050,13150,97797,-0.0037878787878787845
2022-09-06,13200,13700,13150,13500,141733,0.026615969581748944
2022-09-07,13150,13300,12900,12950,181769,-0.040740740740740744
2022-09-08,13050,13450,13050,13100,412400,0.01158301158301156
2022-09-13,13050,14250,13000,14250,559523,0.08778625954198471
2022-09-14,13600,14500,13550,14450,452586,0.01403508771929829
2022-09-15,14700,14700,13450,13600,600820,-0.05882352941176472
2022-09-16,13500,14000,13300,13800,397803,0.014705882352941124
2022-09-19,14000,14300,13700,13850,241388,0.0036231884057971175
2022-09-20,14200,14200,13800,13900,161213,0.0036101083032491488
2022-09-21,13850,14000,13450,13550,164030,-0.025179856115107868
2022-09-22,13250,13700,13050,13400,182223,-0.011070110701106972
2022-09-23,13250,13850,13250,13600,187174,0.014925373134328401
2022-09-26,13600,13850,13200,13350,294857,-0.018382352941176516
2022-09-27,13400,13700,12950,13300,301330,-0.0037453183520599342
2022-09-28,13200,13450,12900,13350,263418,0.003759398496240518
2022-09-29,13500,13750,12900,12900,224558,-0.0337078651685393
2022-09-30,12700,13000,12400,12700,242400,-0.015503875968992276
2022-10-04,12950,13500,12950,13500,241718,0.06299212598425208
2022-10-05,13700,13850,13350,13350,208440,-0.011111111111111072
2022-10-06,13400,13950,13350,13900,144785,0.04119850187265928
2022-10-07,13600,13950,13600,13650,167416,-0.017985611510791366
2022-10-11,13500,13850,13000,13550,291468,-0.0073260073260073
2022-10-12,13450,14100,13450,14050,310042,0.03690036900368998
2022-10-13,13950,14300,13550,13550,234563,-0.03558718861209964
2022-10-14,13950,14000,13400,13450,261655,-0.0073800738007380184
2022-10-17,13300,13400,12950,13150,177872,-0.022304832713754608
2022-10-18,13350,13400,12650,12750,542452,-0.03041825095057038
2022-10-19,12800,12800,12100,12100,712194,-0.050980392156862786
2022-10-20,12050,12100,11550,11600,587778,-0.04132231404958675
2022-10-21,11650,11900,11500,11700,268886,0.008620689655172376
2022-10-24,12100,12400,12050,12400,372565,0.05982905982905984
2022-10-25,12300,12350,11900,11900,243088,-0.040322580645161255
2022-10-26,11950,12050,11750,11800,174926,-0.008403361344537785
2022-10-27,11900,12150,11850,11900,168753,0.008474576271186418
2022-10-28,11800,11900,11600,11600,196527,-0.025210084033613467
2022-10-31,11850,12100,11750,11950,166610,0.030172413793103425
2022-11-01,11950,12150,11800,12100,164091,0.012552301255230214
2022-11-02,12100,12100,11800,11850,191470,-0.02066115702479343
2022-11-03,11600,11950,11600,11800,184300,-0.00421940928270037
2022-11-04,11900,11950,11500,11850,220469,0.004237288135593209
2022-11-07,11950,12400,11900,12100,277213,0.021097046413502074
2022-11-08,12200,12650,12200,12600,373995,0.04132231404958686
2022-11-09,12800,12850,12450,12600,276812,0.0
2022-11-10,12500,13100,12350,12950,387679,0.02777777777777768
2022-11-11,13550,13950,13250,13850,538171,0.06949806949806958
2022-11-14,13900,13900,13400,13400,257738,-0.032490974729241895
2022-11-15,13600,14050,13350,13900,263778,0.03731343283582089
2022-11-16,13950,14200,13700,14000,230231,0.007194244604316502
2022-11-17,13750,14050,13600,13900,127966,-0.0071428571428571175
2022-11-18,13900,14200,13750,13750,191880,-0.010791366906474864
2022-11-21,13600,13700,13100,13250,194352,-0.036363636363636376
2022-11-22,13300,13650,13150,13500,145034,0.018867924528301883
2022-11-23,13650,13950,13550,13950,121248,0.03333333333333344
2022-11-24,14100,14150,13550,13950,195178,0.0
2022-11-25,13900,14050,13800,13800,101725,-0.010752688172043001
2022-11-28,13700,13950,13600,13900,151752,0.007246376811594235
2022-11-29,13900,13950,13550,13800,142011,-0.007194244604316502
2022-11-30,13850,14200,13600,14200,205016,0.02898550724637672
2022-12-01,14450,14450,14000,14050,282452,-0.010563380281690127
2022-12-02,14150,14350,14000,14150,176133,0.007117437722419906
2022-12-05,14350,14700,14200,14550,264792,0.028268551236749095
2022-12-06,14500,14500,14100,14150,125079,-0.027491408934707917
2022-12-07,13850,14400,13800,14100,126756,-0.0035335689045936647
2022-12-08,14200,14500,14100,14300,355910,0.014184397163120588
2022-12-09,14450,14750,14200,14450,211590,0.010489510489510412
2022-12-12,14300,14300,13850,14000,140744,-0.03114186851211076
2022-12-13,14000,14150,13750,14100,85319,0.0071428571428571175
2022-12-14,14200,14450,14100,14450,105951,0.024822695035461084
2022-12-15,14350,14500,14050,14150,92889,-0.02076124567474047
2022-12-16,13800,14100,13700,13700,227333,-0.03180212014134276
2022-12-19,13700,14150,13650,13950,79081,0.018248175182481674
2022-12-20,13800,13850,13350,13350,179866,-0.043010752688172005
2022-12-21,13450,13600,13300,13300,222725,-0.0037453183520599342
2022-12-22,13500,14000,13500,13850,179930,0.041353383458646586
2022-12-23,13600,13600,13000,13050,248685,-0.0577617328519856
2022-12-26,13050,13650,12900,13550,162304,0.03831417624521083
2022-12-27,14150,14150,13650,13950,202419,0.029520295202952074
2022-12-28,13800,13800,12900,12950,307274,-0.07168458781362008
2022-12-29,12950,13150,12600,12750,202246,-0.015444015444015413
2023-01-02,12900,13050,12400,12500,109548,-0.019607843137254943
2023-01-03,12500,12900,12350,12750,106093,0.020000000000000018
2023-01-04,12550,13150,12550,13100,154998,0.027450980392156765
2023-01-05,13200,13200,12850,13150,162526,0.003816793893129722
2023-01-06,13000,13650,13000,13550,177968,0.03041825095057038
2023-01-09,13700,14200,13600,13900,191836,0.02583025830258312
2023-01-10,13700,14000,13550,13550,170201,-0.025179856115107868
2023-01-11,13750,14100,13750,13850,166386,0.022140221402213944
2023-01-12,13900,14100,13750,14050,137295,0.014440433212996373
2023-01-13,14000,14100,13700,13800,87930,-0.017793594306049876
2023-01-16,13900,14000,13700,13800,69041,0.0
2023-01-17,13750,13900,13450,13450,190572,-0.025362318840579712
2023-01-18,13400,14000,13400,14000,190747,0.040892193308550207
2023-01-19,14150,16000,13950,15900,1686284,0.13571428571428568
2023-01-20,15900,16450,15550,16000,900176,0.0062893081761006275
2023-01-25,16700,16820,16170,16750,631671,0.046875
2023-01-26,16850,17690,16750,16970,866318,0.013134328358209046
2023-01-27,16970,17700,16590,17390,533926,0.024749558043606346
2023-01-30,17150,17230,16580,16890,473061,-0.0287521564117309
2023-01-31,16740,17340,16730,17140,442957,0.014801657785671996
2023-02-01,17240,17310,16630,16730,309933,-0.02392065344224037
2023-02-02,17020,17240,16810,16990,280313,0.015540944411237323
2023-02-03,16990,17200,16600,16770,316524,-0.012948793407887016
2023-02-06,16760,17130,16580,16750,236478,-0.0011926058437686793
2023-02-07,16760,17180,16640,16960,268360,0.012537313432835928
2023-02-08,17290,17600,17100,17500,371172,0.03183962264150941
2023-02-09,17350,17570,17020,17520,228138,0.0011428571428571122
2023-02-10,17230,17230,16920,17050,212155,-0.026826484018264818
2023-02-13,17040,17470,16810,17170,231023,0.007038123167155463
2023-02-14,17320,18150,17270,18030,607028,0.05008736167734429
2023-02-15,18200,18810,17520,18290,805572,0.014420410427065988
2023-02-16,18280,18690,17820,18370,355265,0.004373974849644524
2023-02-17,17920,17950,17140,17200,664390,-0.06369080021774631
2023-02-20,17190,17350,16800,17270,264862,0.0040697674418603835
2023-02-21,17170,17280,16830,17260,222820,-0.0005790387955992848
2023-02-22,16850,17000,16560,16610,386591,-0.03765932792584015
2023-02-23,16640,17100,16640,16980,267953,0.02227573750752554
2023-02-24,17010,17170,16360,16600,369011,-0.0223792697290931
2023-02-27,16490,16860,16100,16640,509321,0.002409638554216942
2023-02-28,16640,16920,16410,16750,534951,0.006610576923076872
2023-03-02,16750,17000,16460,16650,392169,-0.005970149253731294
2023-03-03,16880,16880,16480,16660,411756,0.0006006006006005205
2023-03-06,16720,17050,16500,16860,462563,0.01200480192076836
2023-03-07,16890,17020,16660,16910,348738,0.0029655990510082386
2023-03-08,16850,16850,16450,16540,263410,-0.02188054405677109
2023-03-09,16400,16800,16310,16570,454111,0.0018137847642079041
2023-03-10,16300,16370,15910,16020,382469,-0.033192516596258326
2023-03-13,15850,16150,15620,16110,306557,0.00561797752808979
2023-03-14,15970,15970,15450,15530,264037,-0.036002482929857194
2023-03-15,15730,15970,15330,15750,444632,0.014166130070830674
2023-03-16,16700,16820,15960,16450,1326020,0.04444444444444451
2023-03-17,16880,17090,16030,16030,862963,-0.025531914893617058
2023-03-20,16360,16490,16020,16140,417824,0.006862133499688117
2023-03-21,16300,16370,15900,15940,328559,-0.012391573729863659
2023-03-22,16110,16140,15700,15710,421911,-0.014429109159347586
2023-03-23,15710,15750,15300,15510,523044,-0.012730744748567835
2023-03-24,15520,15950,15410,15900,888729,0.025145067698259194
2023-03-27,16270,16310,15390,15660,754507,-0.015094339622641506
2023-03-28,15700,16940,15670,16940,1327925,0.08173690932311617
2023-03-29,17090,17090,16400,16720,817610,-0.012987012987012991
2023-03-30,16990,17160,16450,16700,964908,-0.0011961722488038617
2023-03-31,16930,17200,16720,16900,809671,0.011976047904191711
2023-04-03,16910,16920,16180,16260,654720,-0.037869822485207094
2023-04-04,16110,16230,15730,15750,625970,-0.03136531365313655
2023-04-05,15750,15810,15450,15530,480554,-0.013968253968253963
2023-04-06,15440,15440,15080,15270,497503,-0.016741790083708907
2023-04-07,15290,15570,15240,15350,379099,0.0052390307793057644
2023-04-10,15440,15470,14980,15300,509590,-0.0032573289902280145
2023-04-11,15450,15720,15320,15630,473573,0.021568627450980316
2023-04-12,15630,15690,15170,15200,422766,-0.0275111964171465
2023-04-13,15200,15280,15050,15190,348777,-0.0006578947368420796
2023-04-14,15210,15260,15050,15180,281441,-0.0006583278472679366
2023-04-17,15120,15140,14810,14910,530523,-0.017786561264822143
2023-04-18,14860,14880,14600,14690,539937,-0.014755197853789426
2023-04-19,14690,14820,14360,14570,567101,-0.008168822328114334
2023-04-20,14570,14580,13650,13650,1126486,-0.06314344543582706
2023-04-21,13640,13790,13450,13530,599609,-0.00879120879120876
2023-04-24,13530,13660,13300,13350,696426,-0.013303769401330379
2023-04-25,13370,13650,12890,13100,693957,-0.01872659176029967
2023-04-26,13130,13370,13000,13090,373459,-0.0007633587786259888
2023-04-27,13100,13250,12900,13090,388808,0.0
2023-04-28,13200,13320,13050,13210,359001,0.009167303284950412
2023-05-02,13300,13430,13030,13410,265459,0.01514004542013625
2023-05-03,13260,13400,13140,13220,256753,-0.014168530947054392
2023-05-04,13230,13250,12950,13050,182425,-0.012859304084720136
2023-05-08,13090,13350,12990,13200,368470,0.011494252873563315
2023-05-09,13240,13300,12970,13040,285260,-0.012121212121212088
2023-05-10,13040,13040,12720,12840,375697,-0.015337423312883458
2023-05-11,12870,12990,12780,12840,341771,0.0
2023-05-12,12840,12890,12640,12700,327828,-0.010903426791277204
2023-05-15,12590,12780,12450,12710,458403,0.0007874015748030594
2023-05-16,12750,12970,12690,12930,270654,0.01730920535011804
2023-05-17,12840,13110,12730,13070,363003,0.010827532869296164
2023-05-18,13070,13280,13020,13260,329265,0.014537107880642663
2023-05-19,13300,13670,13300,13650,588377,0.02941176470588225
2023-05-22,13690,13690,13480,13590,242017,-0.00439560439560438
2023-05-23,13590,13710,13470,13640,227730,0.003679175864606421
2023-05-24,13500,13630,13370,13580,365677,-0.004398826979472137
2023-05-25,13660,13940,13540,13580,323758,0.0
2023-05-26,13700,13870,13610,13640,314043,0.004418262150220897
2023-05-30,13800,14180,13740,14010,547128,0.027126099706744844
2023-05-31,14080,14080,13610,13820,559158,-0.013561741613133504
2023-06-01,13720,13890,13560,13870,225984,0.003617945007236001
2023-06-02,14020,14110,13870,13990,306292,0.008651766402307137
2023-06-05,14060,14080,13690,13700,480632,-0.020729092208720545
2023-06-07,13710,14070,13710,13960,488866,0.01897810218978102
2023-06-08,13970,14040,13780,14040,386240,0.005730659025787954
2023-06-09,14040,14090,13820,13990,285917,-0.0035612535612535856
2023-06-12,14120,14120,13850,13980,206867,-0.0007147962830593713
2023-06-13,14070,14500,14070,14200,608516,0.01573676680972813
2023-06-14,14160,14220,13930,14000,344954,-0.014084507042253502
2023-06-15,14000,14340,13900,14180,479812,0.0128571428571429
2023-06-16,14290,14440,14220,14300,307636,0.008462623413258097
2023-06-19,14330,14330,14060,14140,331056,-0.01118881118881121
2023-06-20,14180,14370,14130,14250,322374,0.007779349363507881
2023-06-21,14250,14610,14050,14120,533475,-0.009122807017543866
2023-06-22,14120,14400,14020,14210,348394,0.006373937677053743
2023-06-23,14240,14300,13810,13850,271289,-0.025334271639690376
2023-06-26,13760,14900,13750,14730,777664,0.06353790613718413
2023-06-27,14770,14770,14310,14530,583736,-0.013577732518669339
2023-06-28,14810,16940,14810,16770,9702977,0.15416379903647615
2023-06-29,16930,17590,16530,16650,3249332,-0.007155635062611854
2023-06-30,16650,16650,15390,15400,2351905,-0.07507507507507505
2023-07-03,15580,16590,15570,16300,2467119,0.05844155844155852
2023-07-04,16300,16530,15850,15890,1100729,-0.0251533742331288
2023-07-05,16190,16490,15750,15820,1498397,-0.004405286343612369
2023-07-06,16190,16300,14940,15020,1639620,-0.050568900126422234
2023-07-07,14900,14920,14300,14320,1042033,-0.046604527296937426
2023-07-10,14370,14440,13930,13940,946525,-0.026536312849162025
2023-07-11,14060,14330,13770,13940,925459,0.0
2023-07-12,14000,14240,13940,14230,672692,0.020803443328550886
2023-07-13,14320,14940,14310,14800,1276095,0.04005621925509484
2023-07-14,15000,15040,14340,14900,1198857,0.006756756756756799
2023-07-17,15080,15350,14650,14720,1351583,-0.012080536912751683
2023-07-18,14840,14840,14230,14310,1031133,-0.02785326086956519
2023-07-19,14380,15500,14380,15250,2722883,0.0656883298392732
2023-07-20,15180,15210,14680,15210,1183656,-0.0026229508196721207
2023-07-21,14680,14840,14370,14520,1325288,-0.04536489151873768
2023-07-24,14520,14570,13900,14030,1041270,-0.03374655647382918
2023-07-25,14000,14160,13500,13630,1201822,-0.028510334996436182
2023-07-26,13560,13630,12880,12960,1526410,-0.04915627292736613
2023-07-27,13050,13630,12890,13590,1103742,0.04861111111111116
2023-07-28,13700,13760,13330,13750,512566,0.011773362766740236
2023-07-31,13820,13930,13500,13820,483162,0.005090909090909035
2023-08-01,13810,13850,13530,13690,602250,-0.00940665701881327
2023-08-02,13720,14270,13420,13680,905647,-0.0007304601899196239
2023-08-03,13510,13590,13210,13590,493179,-0.006578947368421018
2023-08-04,13640,13850,13350,13380,331143,-0.015452538631346546
2023-08-07,13380,13720,13180,13500,511155,0.008968609865470878
2023-08-08,13630,13640,13100,13110,467266,-0.028888888888888853
2023-08-09,13160,13410,13090,13340,291816,0.01754385964912286
2023-08-10,13200,13360,12920,13350,462329,0.0007496251874063997
2023-08-11,13310,13500,13220,13450,293374,0.0074906367041198685
2023-08-14,13450,13450,13160,13330,282027,-0.00892193308550182
2023-08-16,13210,13370,13040,13170,272824,-0.012003000750187565
2023-08-17,13070,13080,12800,12950,692166,-0.016704631738800324
2023-08-18,12720,13060,12500,12910,526732,-0.003088803088803105
2023-08-21,13180,13270,12870,12920,407751,0.0007745933384972759
2023-08-22,13160,13160,12820,12910,409805,-0.0007739938080495445
2023-08-23,12800,12950,12590,12600,401804,-0.024012393493415995
2023-08-24,12800,13170,12650,13090,442989,0.03888888888888897
2023-08-25,12860,12900,12650,12730,308287,-0.027501909854851014
2023-08-28,12900,12900,12660,12750,192366,0.0015710919088767206
2023-08-29,12800,13070,12740,12970,295440,0.017254901960784386
2023-08-30,13170,13340,13090,13120,258563,0.01156515034695449
2023-08-31,13140,13230,12910,13000,340521,-0.009146341463414642
2023-09-01,13000,13240,12980,13220,527961,0.01692307692307682
2023-09-04,13300,13310,13050,13270,355409,0.0037821482602118373
2023-09-05,13220,13410,13060,13240,470095,-0.0022607385079125297
2023-09-06,13280,13400,13070,13100,589905,-0.010574018126888185
2023-09-07,13020,13230,12880,12980,395663,-0.009160305343511421
2023-09-08,13120,13120,12790,12840,440845,-0.01078582434514641
2023-09-11,12880,14830,12630,13400,5067674,0.04361370716510904
2023-09-12,13480,13480,12850,12870,1266332,-0.03955223880597014
2023-09-13,12870,12970,12550,12650,783369,-0.017094017094017144
2023-09-14,12800,13190,12740,13060,1365442,0.032411067193675924
2023-09-15,13060,13260,12900,13200,490425,0.010719754977029039
2023-09-18,12930,13050,12870,12960,321714,-0.018181818181818188
2023-09-19,12990,13070,12850,12860,304230,-0.007716049382716084
2023-09-20,12940,12940,12600,12620,430038,-0.018662519440124425
2023-09-21,12570,12740,12200,12200,706291,-0.033280507131537296
2023-09-22,12000,12270,12000,12230,344387,0.0024590163934425924
2023-09-25,12240,12600,12230,12280,461332,0.004088307440719641
2023-09-26,12290,12330,12020,12100,381855,-0.014657980456026065
2023-09-27,12060,12440,12010,12380,416244,0.023140495867768562
2023-10-04,12170,13030,12160,12960,1134377,0.04684975767366728
2023-10-05,13050,13180,12780,12840,661577,-0.0092592592592593
2023-10-06,12950,13570,12950,13490,877596,0.050623052959501535
2023-10-10,13400,13600,13070,13130,697714,-0.026686434395848724
2023-10-11,13240,13430,13190,13300,455066,0.012947448591013044
2023-10-12,13530,13580,13270,13530,377032,0.017293233082706694
2023-10-13,13500,13840,13420,13670,615768,0.010347376201034653
2023-10-16,13510,13840,13370,13820,642155,0.01097293343087058
2023-10-17,13990,14290,13920,14250,814636,0.03111432706222872
2023-10-18,14100,14370,14060,14370,512391,0.008421052631578885
2023-10-19,14180,14370,13960,14130,681260,-0.01670146137787054
2023-10-20,13420,13660,10610,10900,4144829,-0.22859164897381457
2023-10-23,10830,11760,10820,11320,1282004,0.038532110091743066
2023-10-24,11330,11780,10920,11780,874230,0.04063604240282692
2023-10-25,11790,11800,11350,11620,617915,-0.01358234295415961
2023-10-26,11220,11470,11080,11250,537074,-0.03184165232358005
2023-10-27,11360,11500,11010,11120,548148,-0.011555555555555541
2023-10-30,11130,11420,11040,11300,363161,0.01618705035971213
2023-10-31,11310,11350,10950,11000,455984,-0.026548672566371723
2023-11-01,11120,11340,11090,11200,349595,0.018181818181818077
2023-11-02,11370,11590,11370,11490,637663,0.025892857142857162
2023-11-03,11580,11680,11430,11610,351597,0.010443864229765065
2023-11-06,12160,12560,11830,12550,979388,0.08096468561584835
2023-11-07,12450,12800,12260,12480,690072,-0.005577689243027928
2023-11-08,12600,12780,12520,12620,362886,0.011217948717948678
2023-11-09,12600,12670,12350,12400,189390,-0.017432646592709933
2023-11-10,12170,12200,11690,11770,392653,-0.0508064516129032
2023-11-13,11940,12190,11720,12100,293832,0.028037383177569986
2023-11-14,12100,12270,11980,12010,180866,-0.007438016528925617
2023-11-15,12280,12360,12070,12080,248730,0.005828476269775118
2023-11-16,12000,12160,11850,12140,266073,0.004966887417218624
2023-11-17,12020,12190,11990,12020,158380,-0.009884678747940745
2023-11-20,12000,12140,11970,12050,231205,0.0024958402662229595
2023-11-21,12160,12180,11940,12010,231200,-0.003319502074688785
2023-11-22,11920,12020,11890,11990,245528,-0.0016652789342215257
2023-11-23,12030,12030,11690,11700,482795,-0.024186822351960013
2023-11-24,11700,11770,11570,11760,298535,0.00512820512820511
2023-11-27,11760,11860,11660,11780,224303,0.001700680272108901
2023-11-28,11780,11880,11630,11630,199979,-0.012733446519524572
2023-11-29,11630,11630,11380,11510,391418,-0.010318142734307867
2023-11-30,11450,11550,11400,11460,214643,-0.004344048653344923
2023-12-01,11460,11490,11090,11110,523762,-0.030541012216404928
2023-12-04,11110,11180,11050,11110,176943,0.0
2023-12-05,11060,11100,10900,10910,260845,-0.018001800180017957
2023-12-06,10950,11140,10900,11140,282906,0.02108157653528875
2023-12-07,11140,11140,10920,10940,207528,-0.01795332136445238
2023-12-08,11000,11410,11000,11300,367105,0.03290676416819016
2023-12-11,11940,13490,11820,13490,8375918,0.19380530973451338
2023-12-12,14270,16740,13940,15950,26764236,0.18235730170496667
2023-12-13,15860,16150,15300,15420,5004888,-0.033228840125391845
2023-12-14,15540,15900,14480,15710,7861258,0.018806744487678273
2023-12-15,15710,15850,14640,15030,3170757,-0.043284532145130505
2023-12-18,14960,15630,14480,15300,4427073,0.017964071856287456
2023-12-19,15220,17570,15090,16440,20562025,0.07450980392156858
2023-12-20,16270,17480,16220,16820,7879902,0.02311435523114347
2023-12-21,16600,16980,16300,16980,1033783,0.009512485136742077
2023-12-22,16990,17180,16820,16890,728069,-0.005300353356890497
2023-12-26,16890,17400,16890,17320,853915,0.02545885139135584
2023-12-27,17320,17760,16320,16980,2830322,-0.019630484988452657
2023-12-28,16910,16980,16380,16550,1403206,-0.02532391048292104
2024-01-02,16410,17450,16220,17370,2877852,0.049546827794561876
2024-01-03,16890,16910,16350,16720,1926844,-0.03742084052964878
2024-01-04,16600,17990,16500,17300,4930399,0.0346889952153111
2024-01-05,17430,18210,17300,17700,3585205,0.023121387283236983
2024-01-08,17900,17900,17160,17200,1349434,-0.02824858757062143
2024-01-09,17520,17950,16400,16420,2602303,-0.04534883720930227
2024-01-10,16550,16780,15770,16050,1566506,-0.022533495736906217
2024-01-11,16240,16330,15510,15550,1625695,-0.031152647975077885
2024-01-12,15550,15810,15280,15530,1391064,-0.0012861736334405238
2024-01-15,15530,16290,15380,15530,1499869,0.0
2024-01-16,15570,16240,15530,15620,1555494,0.0057952350289762755
2024-01-17,15810,16150,15550,15610,1616319,-0.000640204865556937
2024-01-18,15780,16080,15640,16030,1085102,0.026905829596412634
2024-01-19,16460,16490,15830,16050,1711966,0.0012476606363069909
2024-01-22,16300,17400,16180,17140,3908917,0.06791277258566986
2024-01-23,17520,17600,16840,17050,2775658,-0.0052508751458576475
2024-01-24,17420,20200,17360,18380,19773907,0.0780058651026394
2024-01-25,18730,21700,18720,21050,27125503,0.14526659412404785
2024-01-26,19850,20050,18950,19280,7208360,-0.08408551068883607
2024-01-29,19540,19830,17940,18320,5496727,-0.049792531120331995
2024-01-30,18190,18310,17410,17850,2874859,-0.025655021834061098
2024-01-31,17820,18890,17450,17450,4703726,-0.022408963585434205
2024-02-01,17450,18000,16590,17110,2668283,-0.019484240687679066
2024-02-02,17260,18200,17200,17530,2574798,0.02454704850964351
2024-02-05,17950,17980,17180,17200,1905597,-0.01882487164860236
2024-02-06,17510,18150,17140,17780,3377517,0.033720930232558066
2024-02-07,17510,17670,16600,16600,2401520,-0.06636670416197976
2024-02-08,16600,17100,16400,16590,2170671,-0.00060240963855418
2024-02-13,16880,18240,16880,17470,4981628,0.053044002411090974
2024-02-14,17000,18530,16910,18250,4528273,0.04464796794504866
2024-02-15,18700,18950,17860,18600,4105678,0.019178082191780854
2024-02-16,18740,18770,17810,18540,2301194,-0.003225806451612856
2024-02-19,18410,19780,18250,19590,9357664,0.05663430420711979
2024-02-20,19460,19960,19060,19680,4928781,0.004594180704440953
2024-02-21,20550,21550,18220,18330,14078532,-0.06859756097560976
2024-02-22,18670,19480,17900,19320,5191479,0.054009819967266726
2024-02-23,19350,24050,18840,21350,35260608,0.10507246376811596
2024-02-26,21000,21650,20000,20450,6561665,-0.042154566744730726
2024-02-27,20950,21400,20150,20300,7996837,-0.007334963325183352
2024-02-28,19700,20700,19290,20100,4227511,-0.009852216748768461
2024-02-29,19800,19880,19200,19210,2618496,-0.04427860696517416
2024-03-04,19600,22850,19550,21900,15895006,0.14003123373243098
2024-03-05,21700,22150,20850,21250,3898890,-0.029680365296803624
2024-03-06,20900,21550,20650,21250,2540908,0.0
2024-03-07,21700,21800,19970,20250,3859741,-0.04705882352941182
2024-03-08,20750,21800,20500,20900,4519474,0.032098765432098775
2024-03-11,20150,20400,19930,20050,1513447,-0.04066985645933019
2024-03-12,20200,20950,20000,20700,1833372,0.032418952618453956
2024-03-13,21100,21150,19670,19850,2513624,-0.04106280193236711
2024-03-14,19730,20050,18940,18970,1882558,-0.044332493702770814
2024-03-15,18700,19620,18690,19300,1690702,0.017395888244596813
2024-03-18,19540,20150,19320,19980,1263293,0.03523316062176174
2024-03-19,19760,19950,19470,19690,892685,-0.014514514514514465
2024-03-20,19700,20750,19700,20150,3192434,0.023362112747587593
2024-03-21,20800,20900,20000,20000,1907743,-0.007444168734491274
2024-03-22,20050,20250,19370,19370,1263092,-0.03149999999999997
2024-03-25,19520,19640,18770,18900,1041401,-0.024264326277749104
2024-03-26,18910,19170,18500,18600,1287535,-0.015873015873015928
2024-03-27,18450,18980,18300,18930,1200605,0.01774193548387104
2024-03-28,18950,19830,18700,19440,2291583,0.02694136291600624
2024-03-29,19660,19780,19040,19100,1206813,-0.017489711934156382
2024-04-01,19290,19460,18610,18610,1021569,-0.02565445026178015
2024-04-02,18630,18830,17980,18110,1099559,-0.026867275658248202
2024-04-03,17890,18080,17480,17900,895847,-0.011595803423522955
2024-04-04,17980,18390,17980,18220,825402,0.01787709497206702
2024-04-05,18100,18160,17800,18050,566761,-0.00933040614709113
2024-04-08,18250,18250,17230,17230,804822,-0.04542936288088639
2024-04-09,17230,17550,17030,17170,807236,-0.0034822983168891763
2024-04-11,16850,17400,16800,17370,705639,0.011648223645893907
2024-04-12,17580,18950,17570,18170,2634268,0.04605641911341385
2024-04-15,17830,18560,17730,18450,1084903,0.015410016510732039
2024-04-16,18300,18450,17650,17750,672101,-0.03794037940379402
2024-04-17,17810,18150,17670,17670,584822,-0.004507042253521165
2024-04-18,17470,18100,17450,18050,492361,0.021505376344086002
2024-04-19,17800,17840,16670,16910,1075745,-0.06315789473684208
2024-04-22,16740,16880,16020,16240,1092658,-0.039621525724423456
2024-04-23,16400,16780,16330,16340,523840,0.006157635467980205
2024-04-24,16620,16890,16620,16660,461168,0.019583843329253448
2024-04-25,16330,17090,16240,16710,441842,0.0030012004801920344
2024-04-26,17040,17160,16760,16880,483950,0.010173548773189767
2024-04-29,17020,17140,16680,16850,505634,-0.0017772511848340722
2024-04-30,16950,16990,16270,16350,767056,-0.029673590504451064
2024-05-02,16200,16530,16190,16530,402013,0.011009174311926495
2024-05-03,16580,16630,15460,15460,1858020,-0.06473079249848757
2024-05-07,15650,15830,15540,15590,821700,0.008408796895213344
2024-05-08,15520,15920,15250,15690,1756975,0.006414368184733732
2024-05-09,15580,15750,15410,15430,684551,-0.016571064372211564
2024-05-10,15630,16340,15610,15840,1676984,0.02657161373946848
2024-05-13,15850,15950,15500,15510,545776,-0.02083333333333337
2024-05-14,15580,15700,15300,15340,658565,-0.010960670535138606
2024-05-16,15500,15780,15350,15350,690786,0.0006518904823988869
2024-05-17,15460,15470,15040,15060,827633,-0.01889250814332244
2024-05-20,15170,15330,15110,15140,411542,0.005312084993359889
2024-05-21,15280,15400,15110,15140,558123,0.0
2024-05-22,15130,15230,15060,15100,361376,-0.0026420079260237594
2024-05-23,15120,15210,14760,15020,440282,-0.005298013245033095
2024-05-24,14880,14920,14630,14660,454016,-0.023968042609853524
2024-05-27,14670,14730,14330,14590,814363,-0.004774897680764001
2024-05-28,14560,14840,14560,14650,484782,0.004112405757368043
2024-05-29,14800,14840,14310,14310,505027,-0.02320819112627981
2024-05-30,14270,14280,13860,13990,605461,-0.02236198462613559
2024-05-31,13960,14100,13720,13760,645391,-0.01644031451036454
2024-06-03,13870,13950,13730,13820,596615,0.0043604651162789665
2024-06-04,13820,13850,13470,13500,555959,-0.02315484804630974
2024-06-05,13620,13900,13530,13720,724313,0.016296296296296253
2024-06-07,13760,13890,13520,13530,673556,-0.01384839650145775
2024-06-10,13430,13450,13100,13200,755831,-0.024390243902439046
2024-06-11,13210,13320,13120,13170,850299,-0.002272727272727315
2024-06-12,13120,13180,12910,13020,776858,-0.011389521640091105
2024-06-13,13140,13190,12760,12760,1558144,-0.019969278033794113
2024-06-14,12860,12900,12510,12520,1135996,-0.018808777429467072
2024-06-17,12460,12580,12240,12260,1094250,-0.02076677316293929
2024-06-18,12290,12330,12160,12250,823498,-0.0008156606851549286
2024-06-19,12340,13230,12280,12810,2127588,0.04571428571428582
2024-06-20,12810,13580,12740,12820,2046070,0.0007806401249024209
2024-06-21,12810,12930,12400,12590,1100486,-0.017940717628705194
2024-06-24,12560,12700,12410,12490,468035,-0.007942811755361379
2024-06-25,12420,12620,12250,12410,597137,-0.006405124099279402
2024-06-26,12500,12730,12360,12550,587433,0.011281224818694646
2024-06-27,12580,12580,12240,12280,516773,-0.021513944223107595
2024-06-28,12310,12640,12240,12640,542060,0.02931596091205213
2024-07-01,12900,13310,12810,13000,1237138,0.028481012658227778
2024-07-02,13150,13160,12550,12620,628558,-0.029230769230769282
2024-07-03,12640,12710,12380,12450,635909,-0.01347068145800312
2024-07-04,12540,13530,12540,13370,2873712,0.07389558232931726
2024-07-05,13330,13630,13030,13110,1834475,-0.01944652206432307
2024-07-08,13110,13420,12900,13050,735615,-0.004576659038901587
2024-07-09,13100,13290,12980,13000,696601,-0.003831417624521105
2024-07-10,13030,13050,12720,12780,627680,-0.01692307692307693
2024-07-11,12890,13050,12730,12790,657603,0.0007824726134584292
2024-07-12,12830,12830,12370,12500,700445,-0.022673964034401917
2024-07-15,12500,12640,12390,12600,303209,0.008000000000000007
2024-07-16,12600,13020,12500,12900,705648,0.023809523809523725
2024-07-17,12970,12970,12500,12520,604835,-0.029457364341085257
2024-07-18,12380,12470,12100,12470,700976,-0.003993610223642197
2024-07-19,12360,12610,12300,12610,742782,0.01122694466720131
2024-07-22,12510,12540,11750,11750,1187200,-0.06819984139571766
2024-07-23,11740,12080,11740,11980,684060,0.019574468085106433
2024-07-24,11800,12100,11800,12030,639130,0.004173622704507496
2024-07-25,11760,11870,11700,11850,564984,-0.014962593516209433
2024-07-26,11820,12000,11700,11700,375026,-0.012658227848101222
2024-07-29,11720,11770,11570,11610,442154,-0.007692307692307665
2024-07-30,11580,11580,11260,11390,551264,-0.01894918173987936
2024-07-31,11300,11650,11230,11580,436579,0.01668129938542573
2024-08-01,11700,11880,11610,11610,355711,0.002590673575129543
2024-08-02,11400,11480,10900,10900,869153,-0.06115417743324725
2024-08-05,10690,10720,9420,9710,1376448,-0.10917431192660554
2024-08-06,9710,10500,9710,10340,802663,0.06488156539649848
2024-08-07,10260,10560,10240,10250,872259,-0.008704061895551285
2024-08-08,10030,10290,9950,10290,557172,0.0039024390243902474
2024-08-09,10500,10610,10260,10350,511690,0.005830903790087438
2024-08-12,10390,10680,10380,10630,373502,0.0270531400966183
2024-08-13,10670,10730,10520,10580,272752,-0.00470366886171214
2024-08-14,10750,10890,10600,10800,335698,0.020793950850661602
2024-08-16,11040,11180,10910,10950,390407,0.01388888888888884
2024-08-19,10970,11250,10890,10900,319562,-0.004566210045662156
2024-08-20,10990,11250,10990,11110,304217,0.019266055045871644
2024-08-21,10980,11310,10980,11140,307071,0.0027002700270026825
2024-08-22,11230,11310,10980,11080,354485,-0.0053859964093356805
2024-08-23,10810,11030,10810,10960,165277,-0.010830324909747335
2024-08-26,11000,11110,10930,10970,251646,0.0009124087591241281
2024-08-27,10870,10960,10680,10920,276721,-0.004557885141294404
2024-08-28,10890,11130,10830,10990,297464,0.0064102564102563875
2024-08-29,10730,10790,10610,10700,249803,-0.02638762511373971
2024-08-30,10700,10810,10690,10750,156258,0.004672897196261738
2024-09-02,10780,10780,10380,10420,322211,-0.030697674418604604
2024-09-03,10380,10550,10340,10340,198863,-0.007677543186180413
2024-09-04,10000,10090,9920,9920,404856,-0.04061895551257255
2024-09-05,9970,10210,9920,9920,262500,0.0
2024-09-06,9870,10000,9670,9750,299951,-0.017137096774193505
2024-09-09,9610,10150,9610,10150,283681,0.0410256410256411
2024-09-10,10050,10140,9930,9930,210031,-0.021674876847290636
2024-09-11,9940,10090,9830,9850,170493,-0.00805639476334341
2024-09-12,10050,10340,10050,10190,367246,0.034517766497461855
2024-09-13,10210,10270,10000,10170,198467,-0.001962708537782132
2024-09-19,10100,10200,9930,10080,189797,-0.008849557522123908
2024-09-20,10240,10440,10200,10290,326205,0.02083333333333326
2024-09-23,10290,10410,10160,10160,137198,-0.01263362487852282
2024-09-24,10180,10310,10140,10200,126489,0.003937007874015741
2024-09-25,10400,10470,10250,10250,251349,0.004901960784313708
2024-09-26,10500,10950,10470,10740,553430,0.04780487804878053
2024-09-27,10780,11190,10740,10930,505697,0.017690875232774683
2024-09-30,11050,11100,10580,10580,266598,-0.0320219579139982
2024-10-02,10500,10700,10320,10470,172335,-0.010396975425330801
2024-10-04,10560,10760,10470,10570,173125,0.009551098376313183
2024-10-07,10640,10840,10490,10670,198239,0.009460737937559083
2024-10-08,10670,10740,10430,10440,184253,-0.021555763823805085
2024-10-10,10530,10680,10400,10450,197759,0.0009578544061301653
2024-10-11,10550,10680,10370,10380,212040,-0.006698564593301426
2024-10-14,10430,10670,10380,10500,156380,0.011560693641618602
2024-10-15,10650,10710,10340,10360,237643,-0.013333333333333308
2024-10-16,10300,10320,9900,9900,572046,-0.044401544401544424
2024-10-17,9980,10050,9790,9920,381089,0.002020202020202033
2024-10-18,9960,10000,9630,9700,438684,-0.022177419354838745
2024-10-21,9680,10220,9600,10010,463017,0.03195876288659805
2024-10-22,9920,10060,9760,9800,298811,-0.020979020979020935
2024-10-23,9920,10070,9700,10010,336368,0.021428571428571352
2024-10-24,10000,10000,9660,9720,325449,-0.02897102897102899
2024-10-25,9720,9930,9640,9850,293809,0.01337448559670773
2024-10-28,9780,10220,9780,10120,340247,0.02741116751269046
2024-10-29,10050,10390,10050,10290,224362,0.01679841897233203
2024-10-30,10280,11120,10280,10810,986942,0.05053449951409128
2024-10-31,10810,11280,10650,10980,920340,0.015726179463459777
2024-11-01,10710,11090,10700,11000,415642,0.0018214936247722413
2024-11-04,10480,10830,10110,10670,1548589,-0.030000000000000027
2024-11-05,10860,11150,10500,10500,834338,-0.015932521087160256
2024-11-06,10600,10710,9980,9980,1313923,-0.049523809523809526
2024-11-07,9980,10050,9800,9820,820991,-0.01603206412825653
2024-11-08,9960,9980,9620,9620,645874,-0.020366598778004064
2024-11-11,9570,9600,8970,8970,821146,-0.06756756756756754
2024-11-12,8940,8950,8380,8400,927035,-0.0635451505016722
2024-11-13,8160,8450,8160,8200,539103,-0.023809523809523836
2024-11-14,8210,8420,8150,8190,477623,-0.0012195121951219523
2024-11-15,8100,8390,8080,8300,503532,0.013431013431013383
2024-11-18,8280,8630,8220,8450,448061,0.01807228915662651
2024-11-19,8450,8550,8350,8490,286229,0.004733727810650956
2024-11-20,8550,8600,8420,8480,257913,-0.0011778563015312216
2024-11-21,8430,8590,8410,8460,282532,-0.002358490566037763
2024-11-22,8440,8600,8440,8460,269504,0.0
2024-11-25,8500,8620,8490,8530,331567,0.008274231678486954
2024-11-26,8540,8610,8480,8600,274554,0.008206330597889888
2024-11-27,8640,8650,8350,8500,340896,-0.011627906976744207
2024-11-28,8490,8520,8400,8470,205340,-0.003529411764705892
2024-11-29,8480,8520,8180,8220,355851,-0.029515938606847647
2024-12-02,8240,8360,7980,7980,397174,-0.029197080291970767
2024-12-03,7980,8280,7970,8220,486237,0.03007518796992481
2024-12-04,7990,8190,7960,8080,466658,-0.01703163017031628
2024-12-05,8090,8170,8020,8020,220900,-0.007425742574257432
2024-12-06,8090,8100,7730,8000,506349,-0.0024937655860348684
2024-12-09,7810,7900,7610,7610,465731,-0.04874999999999996
2024-12-10,7610,8110,7610,8090,305408,0.06307490144546657
2024-12-11,8010,8440,7990,8390,328375,0.03708281829419047
2024-12-12,8420,8550,8190,8250,651085,-0.016686531585220488
2024-12-13,8270,8540,8270,8510,351684,0.031515151515151496
2024-12-16,8530,8610,8460,8510,349429,0.0
2024-12-17,8510,8560,8430,8500,397274,-0.001175088131609825
2024-12-18,8500,8530,8390,8520,258847,0.0023529411764706687
2024-12-19,8330,8700,8210,8570,506525,0.005868544600938996
2024-12-20,8570,8580,8270,8320,498093,-0.029171528588098017
2024-12-23,8500,8640,8410,8520,353271,0.024038461538461453
2024-12-24,8520,8530,8360,8400,203710,-0.014084507042253502
2024-12-26,8410,8480,8230,8240,209305,-0.01904761904761909
2024-12-27,8220,8310,8000,8060,347096,-0.021844660194174748
2024-12-30,7980,8170,7960,8110,151926,0.006203473945409321
2025-01-02,8150,9050,8150,8890,1696740,0.09617755856966714
2025-01-03,9000,9000,8670,8770,882442,-0.013498312710911176
2025-01-06,8900,9270,8870,9020,1107007,0.02850627137970352
2025-01-07,9140,9190,8850,8860,726459,-0.0177383592017738
2025-01-08,8810,9060,8710,8990,690427,0.0146726862302482
2025-01-09,8970,9010,8840,8850,527591,-0.015572858731924377
2025-01-10,8850,9170,8830,8900,585063,0.005649717514124353
2025-01-13,8820,8890,8650,8650,425550,-0.028089887640449396
2025-01-14,8690,9130,8590,8950,1044403,0.034682080924855585
2025-01-15,8970,9350,8940,9240,902281,0.03240223463687153
2025-01-16,9300,9420,9150,9170,747355,-0.007575757575757569
2025-01-17,9230,9600,9200,9400,951300,0.025081788440566966
2025-01-20,9650,12220,9310,12220,10306645,0.30000000000000004
2025-01-21,13360,15580,13080,14580,52938486,0.19312602291325698
2025-01-22,14390,14520,13510,14380,17376876,-0.013717421124828544
2025-01-23,14940,16430,14590,15670,41533962,0.0897079276773296
2025-01-24,15460,15990,15060,15800,5901091,0.008296107211231751
2025-01-31,15120,16710,15110,16350,6695265,0.034810126582278444
2025-02-03,16390,17530,15910,16650,5953898,0.0183486238532109
2025-02-04,16480,17360,16150,16730,4769195,0.00480480480480483
2025-02-05,17820,19200,17120,17710,10850039,0.05857740585774063
2025-02-06,17800,18070,17100,17560,3402484,-0.008469791078486777
2025-02-07,17220,18290,16720,18120,4652888,0.03189066059225509
2025-02-10,18110,19200,17550,18090,3904168,-0.0016556291390728006
2025-02-11,17630,18850,17510,18790,3334767,0.038695411829740234
2025-02-12,18870,18950,18260,18760,2674462,-0.0015965939329430912
2025-02-13,18760,19950,18600,19880,3836207,0.05970149253731338
2025-02-14,20250,20550,19720,20500,2757730,0.031187122736418438
2025-02-17,20300,20550,18810,20450,3105561,-0.0024390243902439046
2025-02-18,20300,22250,20050,22100,8222687,0.0806845965770171
2025-02-19,21500,21550,19980,20300,4707715,-0.08144796380090502
2025-02-20,19850,20350,18710,19000,5537732,-0.0640394088669951
2025-02-21,18710,19630,18560,18900,5545753,-0.0052631578947368585
2025-02-24,18700,19500,18240,19210,3721004,0.016402116402116418
2025-02-25,18910,19490,18710,18970,3190719,-0.012493492972410203
2025-02-26,18950,19090,18520,18640,2056880,-0.017395888244596702
2025-02-27,18780,18800,17290,17510,6896998,-0.060622317596566555
2025-02-28,16960,17450,16460,16520,4554216,-0.05653912050256993
2025-03-04,16200,16800,15890,16640,2841687,0.007263922518159882
2025-03-05,16770,17270,16580,16850,2701441,0.01262019230769229
2025-03-06,16860,17170,16100,16230,2406108,-0.03679525222551927
2025-03-07,15800,16490,15800,16370,2027616,0.008626001232285851
2025-03-10,16240,16560,15760,15870,2047397,-0.030543677458766072
2025-03-11,15250,16500,15180,16100,3778869,0.01449275362318847
2025-03-12,16160,17460,16000,17200,6207980,0.06832298136645965
2025-03-13,17650,17810,16440,16440,3613225,-0.04418604651162794
2025-03-14,16440,17410,16370,17160,3147936,0.04379562043795615
2025-03-17,17280,17410,16450,16570,2343379,-0.03438228438228441
2025-03-18,16650,16870,16070,16180,2068847,-0.023536511768255886
2025-03-19,16120,16420,15870,16010,1623067,-0.010506798516687232
2025-03-20,16150,16350,15950,16070,1206140,0.0037476577139288203
2025-03-21,15920,16800,15670,15940,2556715,-0.008089607965152457
2025-03-24,15920,15980,15280,15370,1080915,-0.03575909661229615
2025-03-25,15550,15550,14430,14450,2035442,-0.0598568640208198
2025-03-26,14490,14670,14040,14590,1377265,0.009688581314878819
2025-03-27,14290,14700,14160,14320,996766,-0.018505825908156304
2025-03-28,14430,14570,13910,14000,1429277,-0.022346368715083775
2025-03-31,13610,13940,13500,13580,1083480,-0.030000000000000027
2025-04-01,13720,13990,13570,13800,842464,0.016200294550809957
2025-04-02,14120,14180,13710,13850,659250,0.0036231884057971175
2025-04-03,13350,14080,13160,13860,667898,0.0007220216606498298
2025-04-04,13620,14050,13250,13510,896815,-0.025252525252525304
2025-04-07,12930,12940,12350,12360,1164241,-0.08512213175425609
2025-04-08,12800,12810,12230,12360,821665,0.0
2025-04-09,12180,12570,11930,12090,850808,-0.021844660194174748
2025-04-10,12970,13000,12530,12810,1052769,0.05955334987593042
2025-04-11,12660,13520,12540,13450,1467040,0.049960967993754934
2025-04-14,13970,14070,13540,13650,1286397,0.014869888475836479
2025-04-15,13810,13810,13330,13570,1032008,-0.00586080586080584
2025-04-16,14180,14180,13160,13250,1781766,-0.02358142962417098
2025-04-17,13000,13670,12980,13310,888289,0.004528301886792541
2025-04-18,13310,13520,12980,13210,633822,-0.007513148009015813
2025-04-21,13130,13455,13090,13330,528737,0.009084027252081794
2025-04-22,13120,13580,13100,13180,610189,-0.011252813203300849
2025-04-23,13400,13400,13080,13290,708231,0.008345978755690542
2025-04-24,13330,13430,13050,13150,604999,-0.010534236267870534
2025-04-25,13200,13440,13190,13260,727054,0.008365019011406849
2025-04-28,13330,13340,12840,12870,552435,-0.02941176470588236
2025-04-29,13470,14510,13400,13890,8130912,0.07925407925407923
2025-04-30,14790,14870,13650,13800,3965930,-0.006479481641468721
2025-05-02,13900,14550,13710,14390,2859159,0.04275362318840581
2025-05-07,14670,14710,14130,14310,1600973,-0.005559416261292527
2025-05-08,14350,17880,14270,17400,15680513,0.2159329140461217
2025-05-09,18200,18200,16990,17390,5472363,-0.0005747126436781436
2025-05-12,17380,17430,16540,16910,3446115,-0.027602070155261615
2025-05-13,17370,17880,17040,17610,6500789,0.04139562389118856
2025-05-14,18030,18200,17500,18200,4837085,0.03350369108461093
2025-05-15,18070,18580,17150,17250,3441491,-0.052197802197802234
2025-05-16,17050,18400,16890,18200,7368880,0.05507246376811592
2025-05-19,17670,17770,16860,17170,2236463,-0.056593406593406614
2025-05-20,17400,17400,16480,16480,1933710,-0.04018637157833427
2025-05-21,16480,16810,16100,16390,2098731,-0.005461165048543659
2025-05-22,16000,16190,15660,15850,1515416,-0.032946918852959084
2025-05-23,16120,16230,15510,15720,1189943,-0.008201892744479466
2025-05-26,15480,15860,15410,15680,1090931,-0.0025445292620864812
2025-05-27,15920,15920,15230,15400,1158682,-0.017857142857142905
2025-05-28,15600,16130,15210,15350,1719338,-0.0032467532467532756
2025-05-29,15520,15530,15140,15200,1112611,-0.009771986970684043
2025-05-30,15250,15350,15030,15060,661700,-0.009210526315789447
2025-06-02,15050,15780,14910,15500,1282570,0.02921646746347939
2025-06-04,15650,16090,15300,15970,1377302,0.030322580645161246
2025-06-05,16090,16100,15640,15810,1075799,-0.010018785222291826
2025-06-09,16020,16450,15730,15800,1281142,-0.0006325110689436864
2025-06-10,15880,15940,15480,15650,839202,-0.009493670886076
2025-06-11,15700,15970,15620,15670,757935,0.0012779552715656006
2025-06-12,15720,15920,15550,15700,1064424,0.0019144862795150708
2025-06-13,15720,15780,14890,15200,1523591,-0.031847133757961776
2025-06-16,15000,15580,14820,15480,1058706,0.018421052631578894
2025-06-17,15490,15540,15000,15210,1063260,-0.01744186046511631
2025-06-18,15150,15640,15000,15490,1132153,0.018408941485864583
2025-06-19,15900,16130,15120,15280,1452590,-0.01355713363460298
2025-06-20,15210,16500,15160,16300,4843597,0.06675392670157065
2025-06-23,16500,16940,16200,16740,3356694,0.026993865030674913
2025-06-24,17450,17450,16740,16790,2305475,0.0029868578255674016
2025-06-25,16970,17270,16450,16550,1928028,-0.01429422275163783
2025-06-26,16810,17040,15970,16140,1306933,-0.024773413897280938
2025-06-27,16240,16540,16090,16280,719129,0.00867410161090465
2025-06-30,16290,16440,16010,16050,601402,-0.014127764127764175
2025-07-01,16090,16240,15560,15560,1033061,-0.030529595015576283
2025-07-02,15610,15740,15210,15470,959173,-0.005784061696658127
2025-07-03,15600,16240,15470,16050,1266642,0.03749191984486111
2025-07-04,16830,16830,15600,15670,1727187,-0.023676012461059215
2025-07-07,15550,15720,15320,15400,679792,-0.01723037651563497
2025-07-08,15450,15540,15180,15250,583287,-0.009740259740259716
2025-07-09,15340,15400,15040,15040,735311,-0.013770491803278717
2025-07-10,15160,15160,14850,15030,776048,-0.0006648936170212671
2025-07-11,15000,15360,14970,15120,728459,0.0059880239520957446
2025-07-14,15140,15190,14580,14600,691817,-0.03439153439153442
2025-07-15,14680,14990,14260,14840,925946,0.016438356164383494
2025-07-16,14920,15180,14690,14940,499249,0.006738544474393482
2025-07-17,15100,15330,14740,15260,893345,0.021419009370816644
2025-07-18,15260,15270,15070,15200,443265,-0.003931847968545177
2025-07-21,15270,15330,15080,15280,369617,0.0052631578947368585
2025-07-22,15260,15290,14700,14830,590520,-0.02945026178010468
2025-07-23,14790,14830,14350,14760,662614,-0.004720161834120051
2025-07-24,14780,14890,14510,14570,438688,-0.01287262872628725
2025-07-25,14580,14800,14510,14650,226297,0.005490734385724005
2025-07-28,15470,15490,14920,15280,1432174,0.04300341296928334
2025-07-29,15180,15230,14860,14880,592465,-0.02617801047120416
2025-07-30,14850,15020,14710,14710,460324,-0.011424731182795744
2025-07-31,14760,14790,14420,14510,523914,-0.013596193065941509
2025-08-01,14400,14440,13900,14040,562051,-0.03239145416953826
2025-08-04,13990,14230,13870,14200,376516,0.01139601139601143
2025-08-05,14290,14470,14260,14400,298846,0.014084507042253502
2025-08-06,14320,14480,14240,14450,218357,0.003472222222222321
2025-08-07,14210,14960,14150,14770,927971,0.02214532871972308
2025-08-08,14750,15440,14650,15190,1089366,0.028436018957346043
2025-08-11,15330,15340,15100,15280,417600,0.00592495062541154
2025-08-12,15220,15780,15220,15330,912854,0.00327225130890052
2025-08-13,15470,15560,15340,15490,453013,0.010437051532941943
2025-08-14,15350,15470,15210,15470,444836,-0.0012911555842478606
2025-08-18,15190,15250,14510,14550,703171,-0.05946994182288301
2025-08-19,14410,14580,14260,14300,369023,-0.01718213058419249
2025-08-20,14040,14180,13760,13980,449629,-0.02237762237762242
2025-08-21,13990,14080,13550,13640,564506,-0.024320457796852657
2025-08-22,13580,13940,13580,13870,319090,0.016862170087976525
2025-08-25,14040,14680,14040,14610,702144,0.053352559480894124
2025-08-26,14450,14840,14390,14750,535907,0.00958247775496246
2025-08-27,14800,14840,14500,14640,281575,-0.007457627118644061
2025-08-28,14790,14810,14510,14550,206349,-0.006147540983606592
2025-08-29,14460,14890,14430,14600,447285,0.0034364261168384758
2025-09-01,14670,14670,14170,14270,322592,-0.022602739726027443
2025-09-02,14250,14310,13800,14200,474973,-0.004905395935529078
2025-09-03,14200,14520,14170,14450,348639,0.01760563380281699
2025-09-04,14480,14660,14410,14600,437051,0.01038062283737018
2025-09-05,14800,14880,14650,14720,323044,0.008219178082191858
2025-09-08,14720,14940,14620,14850,313825,0.008831521739130377
2025-09-09,14970,15370,14820,15270,788382,0.028282828282828243
2025-09-10,15450,15700,15210,15400,1283650,0.008513425016371867
2025-09-11,15540,15550,15160,15510,915229,0.0071428571428571175
2025-09-12,15540,15770,15360,15580,726593,0.004513217279174642
2025-09-15,15700,15830,15390,15630,775693,0.003209242618742003
2025-09-16,16820,17020,15640,15790,4306897,0.010236724248240625
2025-09-17,15500,15620,15150,15200,820280,-0.0373654211526282
2025-09-18,15400,15700,15350,15570,777130,0.02434210526315783
2025-09-19,15840,15880,15470,15600,848468,0.0019267822736031004
2025-09-22,15640,15680,15480,15570,718950,-0.0019230769230769162
2025-09-23,15760,16050,15500,15590,931420,0.0012845215157353262
2025-09-24,15550,15550,15110,15400,602693,-0.01218729955099418
2025-09-25,15320,15690,15220,15320,494261,-0.0051948051948051965
2025-09-26,15250,15310,14610,14730,590711,-0.03851174934725854
2025-09-29,14730,14900,14620,14700,324003,-0.0020366598778004397
2025-09-30,14710,14780,14440,14450,375286,-0.017006802721088454
2025-10-01,14520,15650,14520,15500,1458466,0.0726643598615917
2025-10-02,15880,16130,15570,15820,1381944,0.020645161290322678
2025-10-10,16170,16370,15790,16080,1517385,0.01643489254108732
2025-10-13,15580,16890,15530,16640,2710332,0.03482587064676612
2025-10-14,17300,17300,15600,15860,2591586,-0.046875
2025-10-15,16300,16460,15990,16370,924911,0.0321563682219419
2025-10-16,17010,17300,16430,16850,2607518,0.029321930360415305
2025-10-17,16480,16860,15960,15960,1406589,-0.052818991097922874
2025-10-20,16190,17100,16010,16790,1872799,0.052005012531328276
2025-10-21,18200,18400,17000,17040,6236122,0.014889815366289527
2025-10-22,17500,17500,16790,17180,1640689,0.008215962441314506
2025-10-23,17000,17170,16510,16650,1249508,-0.030849825378346907
2025-10-24,16770,17130,16620,16870,1233547,0.013213213213213226
2025-10-27,16840,16860,16420,16430,1222659,-0.026081802015411992
2025-10-28,16490,16540,16140,16240,747643,-0.011564211807668867
2025-10-29,16350,16850,16040,16790,1572550,0.03386699507389168
2025-10-30,16630,16630,16000,16280,1012099,-0.03037522334723053
2025-10-31,16590,16940,16230,16700,1750220,0.025798525798525818
2025-11-03,16820,17180,16610,16940,1871441,0.014371257485029876
2025-11-04,17470,17500,16800,17070,1628144,0.007674144037780328
2025-11-05,16700,16860,15730,16280,2412215,-0.046280023432923256
2025-11-06,16950,21000,16920,20100,64938285,0.23464373464373467
2025-11-07,19600,19840,18310,18530,19332182,-0.07810945273631842
2025-11-10,18630,21750,18120,20350,43136677,0.09821910415542368
2025-11-11,20450,21050,19150,19630,13669062,-0.03538083538083536
2025-11-12,20000,21200,20000,20500,20292662,0.04431991849210393
2025-11-13,20100,21550,20000,20700,9341076,0.009756097560975618
2025-11-14,20200,20850,19260,19300,6751306,-0.06763285024154586
2025-11-17,19620,19980,18560,19540,8236198,0.012435233160621673
2025-11-18,19140,19600,18260,18300,4168539,-0.06345957011258951
2025-11-19,18420,18790,17540,17950,3709496,-0.01912568306010931
2025-11-20,18400,18670,18000,18200,3359072,0.013927576601671321
2025-11-21,17200,17790,17180,17500,2199779,-0.038461538461538436
2025-11-24,17860,19550,17290,18890,11627154,0.0794285714285714
2025-11-25,19410,19460,18780,19100,4652846,0.011116993118051921
2025-11-26,19100,19420,18590,19200,3635264,0.005235602094240788
2025-11-27,19260,19750,18980,19490,4213069,0.015104166666666696
2025-11-28,19960,24500,19780,23700,43219516,0.21600820933812215
2025-12-01,24650,27850,24200,26200,42412407,0.10548523206751059
2025-12-02,26450,28150,25650,27750,23566848,0.059160305343511466
2025-12-03,27750,29450,27550,28800,15724185,0.037837837837837895
2025-12-04,28900,29400,27500,28050,11740521,-0.02604166666666663
2025-12-05,28350,28600,26450,26950,8813715,-0.039215686274509776
2025-12-08,27000,27250,26000,26500,5218172,-0.016697588126159513
2025-12-09,26550,30300,25850,27400,23070172,0.03396226415094339
2025-12-10,27650,27650,26450,26950,4759614,-0.01642335766423353
2025-12-11,27050,28650,26700,27250,9250402,0.011131725417439675
2025-12-12,26950,27450,26300,26550,4177427,-0.025688073394495414
2025-12-15,25850,26950,25700,26000,3990844,-0.020715630885122405
2025-12-16,25950,26200,24550,24650,3748884,-0.05192307692307696
2025-12-17,24950,25250,24150,24450,3623334,-0.008113590263691739
2025-12-18,23900,24900,23450,23900,3534312,-0.02249488752556239
2025-12-19,24500,24500,23150,23700,4072011,-0.008368200836820106
2025-12-22,24050,25650,23350,24500,7615936,0.03375527426160341
2025-12-23,24800,25275,23400,23650,4018823,-0.03469387755102038
2025-12-24,23650,24150,23100,23200,2227919,-0.019027484143763207
2025-12-26,23300,23750,22950,23100,2481061,-0.004310344827586188
2025-12-29,23200,24100,23100,23550,3055037,0.01948051948051943
2025-12-30,23650,23750,22500,22900,2612138,-0.027600849256900206
2026-01-02,23750,27800,23700,27150,9703535,0.18558951965065495
2026-01-05,28250,28250,25700,26450,4463909,-0.025782688766114226
2026-01-06,26300,26350,25450,25800,2028349,-0.02457466918714557
2026-01-07,27100,27750,25750,26200,3257887,0.015503875968992276
2026-01-08,25800,26650,25250,26650,1732555,0.01717557251908386
2026-01-09,27450,27500,25450,25550,2637782,-0.0412757973733584
2026-01-12,26600,27000,25800,26250,2836346,0.027397260273972712
2026-01-13,27050,30850,26850,29750,22009654,0.1333333333333333
2026-01-14,29050,29200,27650,28100,3830443,-0.055462184873949605
2026-01-15,28650,28750,27750,28300,3211518,0.007117437722419906
2026-01-16,28850,29450,27800,28400,4014791,0.0035335689045936647
2026-01-19,28500,30800,28100,30000,8475002,0.05633802816901401
2026-01-20,31050,34050,28000,29900,17729911,-0.0033333333333332993
2026-01-21,28700,30500,28525,29050,5023662,-0.02842809364548493
2026-01-22,30650,31900,29000,29050,5158486,0.0
2026-01-23,28650,29700,28350,28900,2640898,-0.005163511187607606
