Date,Open,High,Low,Close,Volume,Change
2022-01-03,6450,6500,6375,6500,111012,0.015625
2022-01-04,6550,6575,6400,6450,94369,-0.007692307692307665
2022-01-05,6475,6575,6450,6550,77073,0.015503875968992276
2022-01-06,6475,6600,6400,6450,70429,-0.01526717557251911
2022-01-07,6450,6525,6375,6475,40880,0.003875968992248069
2022-01-10,6525,6600,6450,6550,70389,0.01158301158301156
2022-01-11,6550,6575,6400,6500,56968,-0.007633587786259555
2022-01-12,6500,6675,6500,6600,73294,0.01538461538461533
2022-01-13,6625,6625,6525,6550,31598,-0.007575757575757569
2022-01-14,6500,6525,6400,6450,44776,-0.01526717557251911
2022-01-17,6425,6475,6325,6375,37469,-0.011627906976744207
2022-01-18,6325,6425,6250,6275,35654,-0.015686274509803977
2022-01-19,6200,6325,6075,6125,35081,-0.0239043824701195
2022-01-20,6100,6225,6025,6150,37900,0.004081632653061273
2022-01-21,6150,6250,6125,6250,36614,0.016260162601626105
2022-01-24,6150,6150,5925,6000,75067,-0.040000000000000036
2022-01-25,5975,6000,5675,5700,50521,-0.050000000000000044
2022-01-26,5725,5900,5675,5850,36778,0.026315789473684292
2022-01-27,5850,6175,5825,6050,126353,0.03418803418803429
2022-01-28,6075,6475,5900,6450,183039,0.06611570247933884
2022-02-03,6575,6825,6475,6700,263355,0.03875968992248069
2022-02-04,6675,6800,6525,6775,134692,0.011194029850746245
2022-02-07,6800,7475,6775,7475,582626,0.10332103321033204
2022-02-08,7350,8025,6800,7025,733988,-0.06020066889632103
2022-02-09,7175,7700,7150,7525,510816,0.07117437722419928
2022-02-10,7625,7700,7325,7375,244340,-0.019933554817275767
2022-02-11,7350,7600,7250,7550,186973,0.023728813559322104
2022-02-14,7375,7500,7200,7375,154182,-0.023178807947019875
2022-02-15,7325,7425,7150,7325,101170,-0.006779661016949157
2022-02-16,7425,7825,7375,7825,414622,0.06825938566552892
2022-02-17,7925,8450,6975,7100,1870955,-0.09265175718849838
2022-02-18,7025,7200,7025,7125,255228,0.0035211267605634866
2022-02-21,7100,7100,6900,6975,442422,-0.021052631578947323
2022-02-22,6975,7300,6225,6225,2445247,-0.10752688172043012
2022-02-23,6275,6450,6250,6275,156420,0.008032128514056325
2022-02-24,6275,6300,5700,5725,585051,-0.08764940239043828
2022-02-25,5950,5950,5625,5650,325476,-0.013100436681222738
2022-02-28,5625,6000,5575,5975,295343,0.05752212389380529
2022-03-02,5975,6025,5875,6000,126725,0.004184100418409997
2022-03-03,6000,6050,5900,5950,104773,-0.008333333333333304
2022-03-04,5925,5975,5775,5850,87705,-0.01680672268907568
2022-03-07,5775,5800,5650,5725,63568,-0.021367521367521403
2022-03-08,5650,5700,5600,5675,52712,-0.008733624454148492
2022-03-10,5750,5850,5750,5850,74319,0.03083700440528636
2022-03-11,5875,6050,5775,6050,171461,0.03418803418803429
2022-03-14,5950,6025,5850,5950,78131,-0.016528925619834656
2022-03-15,5900,5950,5825,5900,60743,-0.008403361344537785
2022-03-16,5900,6025,5900,5975,140722,0.012711864406779627
2022-03-17,6025,6050,5925,5975,75377,0.0
2022-03-18,5950,5975,5900,5950,38665,-0.004184100418409997
2022-03-21,5975,6375,5950,6150,299915,0.03361344537815136
2022-03-22,6150,6200,6075,6200,39532,0.008130081300812941
2022-03-23,6200,6200,6100,6150,39684,-0.008064516129032251
2022-03-24,6075,6125,6050,6075,34470,-0.012195121951219523
2022-03-25,6100,6125,5950,6100,95943,0.004115226337448652
2022-03-28,6125,6125,6000,6050,31733,-0.008196721311475419
2022-03-29,6025,6100,6000,6050,40752,0.0
2022-03-30,6075,6125,6025,6075,36787,0.004132231404958775
2022-03-31,6025,6350,6025,6225,179775,0.024691358024691468
2022-04-01,6200,6550,6125,6450,222914,0.03614457831325302
2022-04-04,6525,7425,6475,7325,1052141,0.1356589147286822
2022-04-05,7325,7500,7250,7475,249585,0.020477815699658786
2022-04-06,7475,7800,7325,7475,332300,0.0
2022-04-07,7550,7850,7300,7775,279206,0.04013377926421402
2022-04-08,7775,8150,7750,7950,290459,0.022508038585209
2022-04-11,8000,8525,7975,8100,514763,0.018867924528301883
2022-04-12,7900,8225,7225,7550,381421,-0.0679012345679012
2022-04-13,7550,7800,7450,7475,194824,-0.009933774834437137
2022-04-14,7625,8600,7550,8425,1197266,0.1270903010033444
2022-04-15,8250,8250,7700,8150,702040,-0.03264094955489616
2022-04-18,8025,8075,7600,7850,255800,-0.036809815950920255
2022-04-19,7775,8150,7625,7650,311051,-0.02547770700636942
2022-04-20,7750,8025,7675,7875,163430,0.02941176470588225
2022-04-21,7650,7700,7000,7075,665105,-0.10158730158730156
2022-04-22,7025,7100,6800,7000,250419,-0.010600706713780883
2022-04-25,6775,6900,6625,6700,165207,-0.042857142857142816
2022-04-26,6700,6950,6625,6725,173205,0.003731343283582156
2022-04-27,6500,6575,6350,6525,230556,-0.029739776951672847
2022-04-28,6525,6725,6275,6375,121965,-0.02298850574712641
2022-04-29,6375,6500,6325,6400,80632,0.0039215686274509665
2022-05-02,6350,6400,6275,6375,60646,-0.00390625
2022-05-03,6375,6675,6350,6375,148687,0.0
2022-05-04,6425,6500,6350,6475,82476,0.015686274509803866
2022-05-06,6325,6400,6250,6300,71239,-0.027027027027026973
2022-05-09,6300,6300,5975,6100,114447,-0.031746031746031744
2022-05-10,6000,6125,5775,6125,63101,0.004098360655737654
2022-05-11,6025,6150,6000,6075,42608,-0.008163265306122436
2022-05-12,5875,6000,5725,5900,143322,-0.028806584362139898
2022-05-13,5875,6000,5625,5750,306756,-0.025423728813559365
2022-05-16,5800,5925,5725,5900,81356,0.026086956521739202
2022-05-17,5800,5900,5775,5900,34807,0.0
2022-05-18,5925,5975,5775,5875,54119,-0.004237288135593209
2022-05-19,5750,5800,5625,5800,64629,-0.012765957446808529
2022-05-20,5775,5900,5700,5750,100613,-0.008620689655172376
2022-05-23,5675,5775,5625,5725,233338,-0.004347826086956497
2022-05-24,5725,5775,5575,5650,147033,-0.013100436681222738
2022-05-25,5625,5725,5575,5650,97839,0.0
2022-05-26,5675,5850,5650,5700,84313,0.008849557522123908
2022-05-27,5700,5775,5625,5675,65320,-0.004385964912280715
2022-05-30,5675,5775,5675,5750,81637,0.013215859030837107
2022-05-31,5750,5950,5750,5800,132026,0.008695652173912993
2022-06-02,5825,6350,5825,6050,723115,0.0431034482758621
2022-06-03,6075,6100,5900,5975,100990,-0.012396694214875992
2022-06-07,5975,5975,5775,5850,122217,-0.02092050209205021
2022-06-08,5800,5900,5775,5850,52723,0.0
2022-06-09,5825,5875,5650,5825,88572,-0.004273504273504258
2022-06-10,5775,5800,5650,5775,79762,-0.008583690987124415
2022-06-13,5650,5675,5375,5475,125758,-0.051948051948051965
2022-06-14,5300,5475,5225,5475,106272,0.0
2022-06-15,5375,5450,5075,5175,95249,-0.0547945205479452
2022-06-16,5250,5400,5125,5225,118974,0.009661835748792313
2022-06-17,5025,5225,4955,5125,174891,-0.019138755980861233
2022-06-20,5125,5150,4600,4630,202164,-0.09658536585365851
2022-06-21,4605,4685,4530,4555,89315,-0.016198704103671746
2022-06-22,4580,4585,4150,4350,188607,-0.04500548847420416
2022-06-23,4345,4390,3895,3940,204896,-0.09425287356321843
2022-06-24,3940,4075,3890,4055,135030,0.02918781725888331
2022-06-27,4150,4255,4100,4210,80294,0.038224414303329235
2022-06-28,4225,4225,4060,4100,65227,-0.026128266033254133
2022-06-29,4005,4045,3900,3975,93022,-0.030487804878048808
2022-06-30,3995,4090,3915,3915,80898,-0.015094339622641506
2022-07-01,3915,4015,3880,3905,55761,-0.0025542784163473664
2022-07-04,3940,3990,3875,3930,41730,0.006402048655569814
2022-07-05,3925,4065,3925,4065,45905,0.03435114503816794
2022-07-06,4090,4090,3990,4040,22830,-0.006150061500615034
2022-07-07,4065,4125,4035,4125,20240,0.021039603960395947
2022-07-08,4140,4200,4125,4185,32618,0.014545454545454639
2022-07-11,4200,4240,4155,4155,33301,-0.007168458781361964
2022-07-12,4120,4145,3995,4030,27872,-0.030084235860409092
2022-07-13,4060,4075,3995,4040,27146,0.002481389578163684
2022-07-14,4050,4065,4000,4050,17792,0.0024752475247524774
2022-07-15,4055,4070,3935,3975,30147,-0.01851851851851849
2022-07-18,4000,4100,4000,4095,22988,0.030188679245283012
2022-07-19,4075,4095,4035,4080,20086,-0.00366300366300365
2022-07-20,4120,4165,4100,4145,34219,0.01593137254901955
2022-07-21,4155,4180,4085,4155,24056,0.0024125452352230514
2022-07-22,4285,4285,4145,4195,27205,0.00962695547533099
2022-07-25,4180,4180,4105,4115,25878,-0.019070321811680557
2022-07-26,4110,4145,4095,4115,12357,0.0
2022-07-27,4105,4150,4095,4145,19536,0.007290400972053357
2022-07-28,4160,4225,4135,4165,23597,0.004825090470446325
2022-07-29,4200,4200,4160,4180,23337,0.0036014405762305746
2022-08-01,4185,4200,4155,4185,23471,0.0011961722488038617
2022-08-02,4185,4185,4115,4115,22171,-0.016726403823178027
2022-08-03,4110,4210,4080,4210,16580,0.023086269744835963
2022-08-04,4210,4290,4165,4230,41305,0.004750593824228044
2022-08-05,4230,4305,4230,4285,23764,0.013002364066193817
2022-08-08,4285,4285,4205,4260,44069,-0.005834305717619559
2022-08-09,4220,4290,4220,4240,11070,-0.0046948356807511304
2022-08-10,4235,4235,4165,4180,23926,-0.014150943396226467
2022-08-11,4240,4305,4225,4275,20063,0.022727272727272707
2022-08-12,4255,4290,4245,4280,15701,0.0011695906432749315
2022-08-16,4280,4890,4230,4890,189456,0.14252336448598135
2022-08-17,4700,5500,4510,4735,903014,-0.0316973415132924
2022-08-18,4600,4840,4600,4730,109795,-0.001055966209081327
2022-08-19,4755,4875,4730,4750,101951,0.0042283298097252064
2022-08-22,4750,4770,4665,4755,50452,0.001052631578947416
2022-08-23,4645,4890,4645,4820,67262,0.013669821240799074
2022-08-24,4820,4935,4820,4895,52843,0.01556016597510368
2022-08-25,4940,4985,4905,4965,36695,0.01430030643513791
2022-08-26,4990,5050,4875,4895,77376,-0.014098690835850913
2022-08-29,4780,4840,4750,4810,53795,-0.01736465781409602
2022-08-30,4800,4905,4795,4890,25539,0.016632016632016633
2022-08-31,4890,5050,4815,5050,86448,0.0327198364008181
2022-09-01,4995,4995,4860,4860,51083,-0.03762376237623766
2022-09-02,4865,4985,4865,4940,56444,0.016460905349794164
2022-09-05,4940,4940,4805,4855,47421,-0.01720647773279349
2022-09-06,4845,4900,4805,4870,26853,0.003089598352214118
2022-09-07,4880,4885,4745,4785,24778,-0.017453798767967155
2022-09-08,4800,4840,4775,4815,17679,0.006269592476489061
2022-09-13,4850,4915,4840,4900,45760,0.017653167185877505
2022-09-14,4835,4955,4770,4915,51670,0.003061224489795844
2022-09-15,4950,5200,4920,5175,124696,0.0528992878942014
2022-09-16,5150,5300,4930,4995,195114,-0.034782608695652195
2022-09-19,4970,4990,4850,4880,57856,-0.02302302302302306
2022-09-20,4880,4930,4865,4910,21888,0.006147540983606481
2022-09-21,4910,4910,4670,4690,82719,-0.044806517311609007
2022-09-22,4680,4680,4420,4530,63746,-0.034115138592750505
2022-09-23,4485,4525,4385,4505,40184,-0.0055187637969095205
2022-09-26,4390,4420,4070,4110,115972,-0.08768035516093231
2022-09-27,4065,4100,3925,4025,116421,-0.020681265206812682
2022-09-28,3985,3995,3755,3790,129665,-0.05838509316770191
2022-09-29,3795,3960,3790,3790,57585,0.0
2022-09-30,3775,3775,3660,3760,86253,-0.0079155672823219
2022-10-04,3830,4060,3800,4060,64047,0.07978723404255317
2022-10-05,4125,4140,4010,4065,72409,0.0012315270935960854
2022-10-06,4085,4300,4085,4235,45778,0.04182041820418214
2022-10-07,4235,4425,4220,4305,67559,0.016528925619834656
2022-10-11,4300,4300,3785,3900,174149,-0.09407665505226481
2022-10-12,3850,4050,3850,4010,93683,0.028205128205128105
2022-10-13,3990,4005,3865,3875,63907,-0.03366583541147128
2022-10-14,3940,4055,3940,4025,34112,0.03870967741935494
2022-10-17,4025,4145,3985,4125,39128,0.024844720496894457
2022-10-18,4190,4195,4120,4180,30784,0.01333333333333342
2022-10-19,4230,4230,4065,4065,47688,-0.027511961722488043
2022-10-20,4060,4105,4000,4035,17140,-0.0073800738007380184
2022-10-21,3980,4035,3950,3960,47180,-0.018587360594795488
2022-10-24,3995,4090,3995,4025,32415,0.016414141414141437
2022-10-25,4095,4150,4040,4105,35360,0.019875776397515477
2022-10-26,4115,4200,4110,4120,48606,0.0036540803897686658
2022-10-27,4145,4230,4130,4200,78810,0.01941747572815533
2022-10-28,4200,4215,4105,4130,46888,-0.01666666666666672
2022-10-31,4220,4370,4150,4330,121230,0.04842615012106544
2022-11-01,4340,4525,4335,4525,83432,0.04503464203233265
2022-11-02,4520,4555,4465,4485,41566,-0.008839779005524906
2022-11-03,4415,4455,4330,4435,30297,-0.01114827201783719
2022-11-04,4435,4435,4325,4350,32724,-0.01916572717023679
2022-11-07,4350,4430,4330,4380,29903,0.006896551724137945
2022-11-08,4415,4500,4415,4445,42433,0.014840182648401923
2022-11-09,4470,4485,4400,4450,35543,0.0011248593925758943
2022-11-10,4450,4450,4380,4450,22704,0.0
2022-11-11,4595,4595,4400,4430,42640,-0.004494382022471877
2022-11-14,4540,4540,4355,4395,42802,-0.007900677200902928
2022-11-15,4385,4470,4340,4425,46974,0.006825938566553003
2022-11-16,4425,4450,4340,4355,51999,-0.015819209039548032
2022-11-17,4350,4355,4230,4280,37321,-0.01722158438576349
2022-11-18,4280,4320,4145,4155,47191,-0.029205607476635476
2022-11-21,4155,4230,3970,4005,135196,-0.03610108303249093
2022-11-22,3980,4090,3980,4075,32410,0.017478152309613026
2022-11-23,4065,4150,4065,4150,47585,0.018404907975460016
2022-11-24,4155,4240,4150,4230,34590,0.01927710843373487
2022-11-25,4270,4270,4220,4245,25112,0.0035460992907800915
2022-11-28,4245,4250,4150,4195,38240,-0.011778563015312105
2022-11-29,4190,4195,4075,4175,36844,-0.004767580452920139
2022-11-30,4175,4255,4170,4250,52254,0.017964071856287456
2022-12-01,4255,4285,4185,4215,42535,-0.008235294117647007
2022-12-02,4210,4210,4100,4130,29524,-0.02016607354685651
2022-12-05,4130,4165,4080,4090,21159,-0.009685230024213065
2022-12-06,4045,4085,4010,4080,22312,-0.0024449877750610804
2022-12-07,4025,4090,4000,4065,29848,-0.003676470588235281
2022-12-08,4065,4085,3950,3975,49130,-0.022140221402214055
2022-12-09,3975,4045,3975,4025,31043,0.012578616352201255
2022-12-12,4050,4050,3985,3985,17950,-0.009937888198757738
2022-12-13,4010,4020,3965,4005,19247,0.005018820577164407
2022-12-14,4005,4040,3995,4035,33654,0.0074906367041198685
2022-12-15,4040,4055,4010,4040,20374,0.0012391573729864103
2022-12-16,3990,3990,3940,3970,22314,-0.017326732673267342
2022-12-19,3940,3960,3900,3940,11640,-0.007556675062972307
2022-12-20,3920,3920,3820,3840,23278,-0.025380710659898442
2022-12-21,3805,3840,3795,3805,17431,-0.00911458333333337
2022-12-22,3810,3860,3810,3850,14055,0.01182654402102501
2022-12-23,3835,3835,3700,3720,32381,-0.03376623376623378
2022-12-26,3655,3710,3630,3650,30658,-0.018817204301075252
2022-12-27,3615,3685,3605,3680,23049,0.008219178082191858
2022-12-28,3720,3725,3635,3655,9676,-0.006793478260869512
2022-12-29,3635,3645,3510,3550,33468,-0.028727770177838563
2023-01-02,3505,3580,3505,3510,42817,-0.011267605633802802
2023-01-03,3510,3525,3435,3525,18262,0.004273504273504258
2023-01-04,3475,3580,3470,3550,28113,0.007092198581560183
2023-01-05,3620,3620,3545,3545,9800,-0.0014084507042253502
2023-01-06,3505,3580,3505,3560,9228,0.004231311706629048
2023-01-09,3575,3595,3555,3575,29278,0.004213483146067398
2023-01-10,3575,3625,3575,3625,37176,0.013986013986013957
2023-01-11,3625,3655,3625,3645,11627,0.0055172413793103114
2023-01-12,3655,3670,3595,3600,43319,-0.012345679012345734
2023-01-13,3615,3635,3600,3620,32028,0.005555555555555536
2023-01-16,3630,3635,3605,3620,25624,0.0
2023-01-17,3625,3650,3605,3630,10217,0.0027624309392264568
2023-01-18,3630,3645,3600,3645,15076,0.004132231404958775
2023-01-19,3615,3650,3610,3630,10376,-0.004115226337448541
2023-01-20,3635,3645,3620,3635,19031,0.0013774104683195176
2023-01-25,3625,3670,3625,3665,21860,0.008253094910591452
2023-01-26,3665,3675,3645,3675,11706,0.0027285129604366354
2023-01-27,3675,3705,3650,3700,17806,0.006802721088435382
2023-01-30,3685,3710,3625,3625,13243,-0.020270270270270285
2023-01-31,3615,3645,3600,3630,17294,0.0013793103448276334
2023-02-01,3630,3690,3630,3675,20908,0.012396694214876103
2023-02-02,3680,3845,3680,3795,77833,0.03265306122448974
2023-02-03,3795,3865,3775,3805,19857,0.0026350461133068936
2023-02-06,3805,3820,3770,3815,22258,0.0026281208935610145
2023-02-07,3740,3805,3735,3755,33959,-0.01572739187418082
2023-02-08,3755,3830,3750,3825,27016,0.018641810918774926
2023-02-09,3830,3835,3760,3770,27110,-0.01437908496732021
2023-02-10,3775,3775,3710,3715,23440,-0.01458885941644561
2023-02-13,3695,3715,3670,3690,19448,-0.006729475100942128
2023-02-14,3685,3765,3685,3745,25785,0.01490514905149043
2023-02-15,3750,3790,3740,3750,24994,0.001335113484646211
2023-02-16,3750,3780,3705,3755,16505,0.0013333333333334085
2023-02-17,3725,3835,3720,3815,32073,0.015978695073235683
2023-02-20,3800,3825,3765,3785,7819,-0.007863695937090465
2023-02-21,3785,3830,3785,3815,23207,0.00792602377807139
2023-02-22,3780,3815,3755,3765,16956,-0.013106159895150737
2023-02-23,3765,3780,3695,3695,37746,-0.01859229747675961
2023-02-24,3730,3730,3650,3650,16096,-0.012178619756427644
2023-02-27,3625,3650,3565,3630,11788,-0.005479452054794498
2023-02-28,3615,3655,3605,3655,10798,0.00688705234159781
2023-03-02,3655,3715,3655,3680,16636,0.0068399452804377425
2023-03-03,3680,3685,3635,3640,11271,-0.010869565217391353
2023-03-06,3685,3685,3635,3660,8973,0.005494505494505475
2023-03-07,3660,3675,3640,3675,12136,0.004098360655737654
2023-03-08,3670,3670,3600,3615,20484,-0.01632653061224487
2023-03-09,3560,3615,3550,3595,54186,-0.0055325034578146415
2023-03-10,3585,3585,3520,3540,23024,-0.015299026425591111
2023-03-13,3520,3520,3400,3485,31625,-0.015536723163841804
2023-03-14,3465,3465,3365,3370,22229,-0.03299856527977041
2023-03-15,3370,3400,3305,3325,51667,-0.013353115727002929
2023-03-16,3350,3535,3285,3505,178788,0.0541353383458647
2023-03-17,3525,3525,3395,3495,30444,-0.0028530670470755526
2023-03-20,3495,3535,3450,3450,25913,-0.012875536480686733
2023-03-21,3500,3510,3315,3345,32461,-0.0304347826086957
2023-03-22,3350,3530,3350,3460,33659,0.034379671150971625
2023-03-23,3430,3450,3375,3405,19888,-0.01589595375722541
2023-03-24,3405,3465,3385,3460,14099,0.01615271659324513
2023-03-27,3440,3460,3300,3365,60995,-0.027456647398843903
2023-03-28,3365,4035,3360,3770,1369495,0.12035661218424965
2023-03-29,4005,4335,3700,3715,874590,-0.01458885941644561
2023-03-30,3765,3845,3660,3700,157649,-0.004037685060565233
2023-03-31,3700,3700,3615,3675,81238,-0.006756756756756799
2023-04-03,3670,3670,3540,3585,88887,-0.024489795918367308
2023-04-04,3585,3645,3580,3600,52603,0.004184100418409997
2023-04-05,3615,3775,3545,3730,142925,0.036111111111111205
2023-04-06,3730,3740,3615,3660,73498,-0.018766756032171594
2023-04-07,3705,3705,3600,3635,50995,-0.006830601092896127
2023-04-10,3640,3640,3575,3590,58372,-0.012379642365887178
2023-04-11,3590,3605,3460,3500,77638,-0.02506963788300831
2023-04-12,3505,3615,3500,3555,86338,0.01571428571428579
2023-04-13,3555,3595,3520,3585,64065,0.00843881856540074
2023-04-14,3610,3650,3585,3600,35288,0.004184100418409997
2023-04-17,3600,3630,3580,3610,28002,0.002777777777777768
2023-04-18,3615,3620,3500,3580,46281,-0.008310249307479256
2023-04-19,3575,3580,3500,3535,49723,-0.012569832402234637
2023-04-20,3525,3535,3435,3440,111099,-0.026874115983026914
2023-04-21,3405,3435,3350,3350,119056,-0.026162790697674465
2023-04-24,3350,3365,3285,3345,92883,-0.0014925373134327957
2023-04-25,3325,3330,3210,3235,67042,-0.03288490284005974
2023-04-26,3235,3270,3180,3200,56984,-0.010819165378670781
2023-04-27,3200,3220,3155,3185,45096,-0.004687499999999956
2023-04-28,3220,3225,3115,3145,65821,-0.012558869701726816
2023-05-02,3160,3215,3140,3180,25235,0.0111287758346581
2023-05-03,3210,3235,3185,3200,26505,0.0062893081761006275
2023-05-04,3200,3205,3170,3190,26999,-0.0031250000000000444
2023-05-08,3190,3220,3180,3200,27835,0.0031347962382444194
2023-05-09,3190,3210,3160,3180,21858,-0.006249999999999978
2023-05-10,3180,3220,3150,3180,20899,0.0
2023-05-11,3180,3295,3170,3275,75803,0.029874213836478036
2023-05-12,3275,3275,3200,3220,26541,-0.016793893129770976
2023-05-15,3220,3225,3140,3170,55921,-0.01552795031055898
2023-05-16,3170,3455,3120,3145,685180,-0.007886435331230235
2023-05-17,3145,3235,3145,3180,48925,0.0111287758346581
2023-05-18,3220,3225,3160,3185,55117,0.0015723270440251014
2023-05-19,3215,3240,3200,3215,32028,0.009419152276295195
2023-05-22,3225,3255,3215,3240,39185,0.007776049766718529
2023-05-23,3250,3270,3220,3225,34499,-0.00462962962962965
2023-05-24,3230,3235,3205,3205,28940,-0.006201550387596955
2023-05-25,3210,3230,3190,3205,29712,0.0
2023-05-26,3205,3265,3190,3200,43426,-0.0015600624024960652
2023-05-30,3200,3240,3200,3220,36129,0.006250000000000089
2023-05-31,3220,3335,3220,3300,93373,0.024844720496894457
2023-06-01,3305,3330,3285,3285,22744,-0.004545454545454519
2023-06-02,3290,3315,3260,3275,29814,-0.0030441400304414
2023-06-05,3290,3300,3275,3285,26624,0.003053435114503733
2023-06-07,3285,3315,3285,3305,39789,0.0060882800608828
2023-06-08,3305,3335,3250,3270,59468,-0.010590015128593033
2023-06-09,3275,3290,3265,3280,28501,0.003058103975535076
2023-06-12,3280,3285,3255,3275,35618,-0.0015243902439023849
2023-06-13,3275,3305,3275,3285,44730,0.003053435114503733
2023-06-14,3290,3310,3275,3290,36414,0.0015220700152207556
2023-06-15,3290,3310,3260,3260,30175,-0.00911854103343468
2023-06-16,3290,3300,3235,3275,37300,0.004601226993865115
2023-06-19,3275,3430,3275,3370,88489,0.02900763358778624
2023-06-20,3390,3605,3385,3590,158205,0.06528189910979232
2023-06-21,3625,3740,3510,3595,129114,0.0013927576601671099
2023-06-22,3570,3660,3540,3630,41957,0.009735744089012455
2023-06-23,3580,3605,3505,3505,57495,-0.03443526170798894
2023-06-26,3485,3525,3355,3525,48220,0.005706134094151105
2023-06-27,3520,3570,3485,3505,28589,-0.005673758865248235
2023-06-28,3505,3540,3485,3485,23530,-0.005706134094151216
2023-06-29,3485,3540,3470,3485,30993,0.0
2023-06-30,3465,3520,3465,3505,14067,0.0057388809182210565
2023-07-03,3520,3555,3500,3505,31656,0.0
2023-07-04,3515,3530,3470,3495,25720,-0.0028530670470755526
2023-07-05,3495,3505,3420,3435,31630,-0.01716738197424894
2023-07-06,3455,3455,3350,3360,29541,-0.02183406113537123
2023-07-07,3310,3360,3285,3360,22412,0.0
2023-07-10,3360,3385,3315,3385,14438,0.007440476190476275
2023-07-11,3385,3425,3370,3400,20645,0.004431314623338345
2023-07-12,3560,3560,3440,3525,50873,0.03676470588235303
2023-07-13,3525,3570,3515,3520,25718,-0.0014184397163120588
2023-07-14,3525,3550,3465,3520,18760,0.0
2023-07-17,3510,3510,3385,3490,20670,-0.008522727272727293
2023-07-18,3460,3460,3325,3335,47354,-0.044412607449856756
2023-07-19,3335,3380,3335,3380,18341,0.013493253373313419
2023-07-20,3380,3395,3330,3335,18625,-0.013313609467455634
2023-07-21,3335,3350,3150,3150,32229,-0.05547226386806592
2023-07-24,3200,3395,2905,3030,75777,-0.03809523809523807
2023-07-25,3030,3035,2755,2755,105032,-0.0907590759075908
2023-07-26,2765,2800,2290,2535,240055,-0.07985480943738654
2023-07-27,2550,2730,2525,2525,81603,-0.0039447731755424265
2023-07-28,2535,2665,2525,2545,26505,0.007920792079207928
2023-07-31,2605,2945,2585,2780,190658,0.09233791748526521
2023-08-01,2845,3600,2810,3240,1140000,0.16546762589928066
2023-08-02,3265,3400,3175,3245,181476,0.0015432098765431057
2023-08-03,3250,3275,3055,3145,72078,-0.03081664098613246
2023-08-04,3145,3190,3065,3185,41177,0.012718600953895098
2023-08-07,3175,3175,3005,3040,38205,-0.04552590266875978
2023-08-08,3040,3050,2895,2905,46978,-0.044407894736842146
2023-08-09,2905,2940,2855,2885,20617,-0.0068846815834767705
2023-08-10,2885,2945,2800,2945,35343,0.020797227036395194
2023-08-11,2920,2930,2880,2880,47182,-0.022071307300509324
2023-08-14,2880,2890,2690,2690,99803,-0.06597222222222221
2023-08-16,2675,2675,2510,2555,63099,-0.05018587360594795
2023-08-17,2555,2555,2420,2495,58564,-0.023483365949119372
2023-08-18,2495,2550,2405,2465,40318,-0.012024048096192397
2023-08-21,2465,2520,2445,2460,33308,-0.0020283975659228792
2023-08-22,2460,2460,2275,2290,107602,-0.06910569105691056
2023-08-23,2290,2510,2290,2440,75229,0.06550218340611358
2023-08-24,2440,2645,2440,2550,77492,0.04508196721311486
2023-08-25,2575,2605,2450,2480,38485,-0.027450980392156876
2023-08-28,2475,2585,2475,2585,28812,0.04233870967741926
2023-08-29,2555,2650,2510,2550,29568,-0.013539651837524147
2023-08-30,2550,2775,2550,2615,43233,0.025490196078431282
2023-08-31,2615,3250,2615,2685,1044391,0.026768642447418722
2023-09-01,2685,2800,2585,2590,145595,-0.035381750465549366
2023-09-04,2590,2715,2530,2695,53458,0.04054054054054057
2023-09-05,2695,2750,2635,2710,38847,0.005565862708719838
2023-09-06,2710,2760,2670,2740,34480,0.011070110701107083
2023-09-07,2725,2785,2670,2685,37545,-0.02007299270072993
2023-09-08,2680,2685,2630,2680,18139,-0.0018621973929237035
2023-09-11,2670,2670,2565,2575,31873,-0.03917910447761197
2023-09-12,2575,2955,2550,2555,178020,-0.007766990291262155
2023-09-13,2545,2545,2450,2460,80703,-0.03718199608610573
2023-09-14,2440,2495,2350,2455,29963,-0.002032520325203291
2023-09-15,2455,2510,2455,2465,14785,0.004073319755600879
2023-09-18,2465,2500,2465,2495,11361,0.012170385395537497
2023-09-19,2495,2525,2480,2490,13710,-0.002004008016032066
2023-09-20,2480,2490,2425,2430,23998,-0.02409638554216864
2023-09-21,2380,2430,2320,2430,35299,0.0
2023-09-22,2385,2395,2330,2350,17516,-0.03292181069958844
2023-09-25,2350,2380,2320,2360,8763,0.004255319148936065
2023-09-26,2340,2375,2315,2365,10043,0.0021186440677967155
2023-09-27,2350,2365,2310,2360,6983,-0.0021141649048626032
2023-10-04,2360,2365,2270,2295,34325,-0.02754237288135597
2023-10-05,2295,2315,2200,2215,41690,-0.034858387799564294
2023-10-06,2215,2235,2180,2210,28219,-0.0022573363431150906
2023-10-10,2235,2235,1945,1975,194140,-0.10633484162895923
2023-10-11,1985,2115,1870,2055,136484,0.040506329113924044
2023-10-12,2085,2150,2055,2090,41709,0.017031630170316392
2023-10-13,2100,2140,2090,2095,16569,0.0023923444976077235
2023-10-16,2085,2085,1990,2015,18908,-0.03818615751789978
2023-10-17,2015,2040,1980,2040,15921,0.012406947890818865
2023-10-18,2075,2075,2010,2030,5855,-0.004901960784313708
2023-10-19,2000,2005,1920,1950,38543,-0.039408866995073843
2023-10-20,1930,1930,1810,1860,40989,-0.0461538461538461
2023-10-23,2415,2415,2415,2415,225351,0.2983870967741935
2023-10-24,2540,2795,2105,2185,1618333,-0.09523809523809523
2023-10-25,2185,2250,2100,2230,218451,0.020594965675057253
2023-10-26,2205,2835,2140,2345,2246459,0.05156950672645744
2023-10-27,2330,2715,2295,2505,1203752,0.06823027718550101
2023-10-30,2500,2590,2415,2475,309419,-0.0119760479041916
2023-10-31,2405,2475,2140,2240,306765,-0.0949494949494949
2023-11-01,2245,2325,2200,2320,109775,0.03571428571428581
2023-11-02,2315,2320,2250,2255,85980,-0.028017241379310387
2023-11-03,2255,2360,2235,2310,81820,0.024390243902439046
2023-11-06,2300,2345,2225,2300,87971,-0.0043290043290042934
2023-11-07,2300,2395,2280,2320,71437,0.008695652173912993
2023-11-08,2325,2400,2325,2335,87939,0.006465517241379226
2023-11-09,2340,2345,2285,2315,59554,-0.008565310492505307
2023-11-10,2305,2305,2255,2300,33238,-0.006479481641468721
2023-11-13,2300,2335,2170,2195,68501,-0.04565217391304344
2023-11-14,2195,2600,2190,2275,1274322,0.036446469248291535
2023-11-15,2245,2300,2240,2265,84824,-0.00439560439560438
2023-11-16,2250,2270,2235,2265,44135,0.0
2023-11-17,2265,2265,2205,2220,47987,-0.019867549668874163
2023-11-20,2220,2240,2200,2230,22181,0.0045045045045044585
2023-11-21,2230,2235,2175,2190,56850,-0.017937219730941756
2023-11-22,2185,2190,2130,2190,46856,0.0
2023-11-23,2190,2200,2140,2200,32200,0.004566210045662045
2023-11-24,2205,2210,2140,2155,40183,-0.020454545454545503
2023-11-27,2165,2170,2100,2110,25674,-0.02088167053364265
2023-11-28,2110,2140,2080,2105,22741,-0.0023696682464454666
2023-11-29,2115,2115,2025,2030,58666,-0.03562945368171022
2023-11-30,2050,2050,1950,2000,24606,-0.014778325123152691
2023-12-01,2005,2135,1960,2120,52835,0.06000000000000005
2023-12-04,2115,2125,2060,2125,27122,0.002358490566037652
2023-12-05,2100,2155,2070,2090,32374,-0.016470588235294126
2023-12-06,2075,2085,2040,2060,16714,-0.014354066985645897
2023-12-07,2055,2125,2020,2050,28235,-0.004854368932038833
2023-12-08,2075,2160,2045,2100,55134,0.024390243902439046
2023-12-11,2100,2130,2095,2100,18419,0.0
2023-12-12,2115,2115,2065,2080,24698,-0.00952380952380949
2023-12-13,2080,2125,2060,2125,24128,0.02163461538461542
2023-12-14,2110,2125,2055,2055,51889,-0.03294117647058825
2023-12-15,2065,2070,2025,2055,10459,0.0
2023-12-18,2060,2060,2000,2015,44037,-0.019464720194647178
2023-12-19,2025,2030,2000,2000,16380,-0.007444168734491274
2023-12-20,2000,2100,1985,2010,54803,0.004999999999999893
2023-12-21,2000,2100,1990,2060,27519,0.02487562189054726
2023-12-22,2060,2130,2035,2130,42821,0.03398058252427183
2023-12-26,2130,2130,2020,2035,48750,-0.04460093896713613
2023-12-27,2050,2050,2005,2025,21143,-0.004914004914004955
2023-12-28,2025,2075,2015,2060,12644,0.01728395061728394
2024-01-02,2060,2105,2025,2045,27118,-0.007281553398058249
2024-01-03,2040,2060,2025,2050,40617,0.0024449877750611915
2024-01-04,2045,2060,2035,2060,11219,0.004878048780487809
2024-01-05,2050,2090,2050,2060,19283,0.0
2024-01-08,2060,2060,2040,2045,15556,-0.007281553398058249
2024-01-09,2040,2055,2035,2035,14184,-0.004889975550122272
2024-01-10,2035,2080,2035,2035,15383,0.0
2024-01-11,2035,2085,2015,2075,39436,0.019656019656019597
2024-01-12,2075,2085,2025,2040,12744,-0.016867469879518038
2024-01-15,2040,2045,2005,2020,12142,-0.009803921568627416
2024-01-16,2010,2030,1995,2000,36722,-0.00990099009900991
2024-01-17,1990,2000,1975,1995,14498,-0.0024999999999999467
2024-01-18,1985,2005,1985,1990,7379,-0.0025062656641604564
2024-01-19,1990,2010,1980,2000,27911,0.005025125628140614
2024-01-22,2000,2030,1985,1990,35789,-0.0050000000000000044
2024-01-23,1990,2005,1960,1965,39611,-0.012562814070351758
2024-01-24,1980,1980,1940,1950,19533,-0.007633587786259555
2024-01-25,1945,1950,1895,1895,40430,-0.028205128205128216
2024-01-26,1900,1985,1885,1960,37248,0.03430079155672816
2024-01-29,1990,1990,1930,1930,26346,-0.015306122448979553
2024-01-30,1930,1995,1900,1915,37342,-0.007772020725388629
2024-01-31,1915,1915,1825,1825,39953,-0.04699738903394257
2024-02-01,1825,1825,1770,1800,44408,-0.013698630136986356
2024-02-02,1800,1835,1780,1805,29968,0.002777777777777768
2024-02-05,1805,1815,1770,1775,38814,-0.0166204986149584
2024-02-06,1780,1785,1725,1725,34089,-0.028169014084507005
2024-02-07,1725,1725,1600,1650,97926,-0.04347826086956519
2024-02-08,1650,2145,1650,2145,2129067,0.30000000000000004
2024-02-13,2445,2785,2335,2785,2901453,0.2983682983682985
2024-02-14,3140,3620,3065,3620,10164087,0.29982046678635554
2024-02-15,4255,4705,4135,4705,7251232,0.29972375690607733
2024-02-16,5205,5215,3925,3925,14370458,-0.1657810839532412
2024-02-19,3840,3925,3230,3345,2815627,-0.14777070063694264
2024-02-20,3340,4240,3235,3335,7449440,-0.002989536621823663
2024-02-21,3385,3720,3185,3210,2336421,-0.03748125937031488
2024-02-22,3270,3440,3070,3165,1385653,-0.014018691588784993
2024-02-23,3215,3375,3010,3090,1130859,-0.023696682464455
2024-02-26,3120,3160,2970,3055,553094,-0.01132686084142398
2024-02-27,3055,3055,2815,2900,538863,-0.0507364975450082
2024-02-28,2900,3480,2895,3210,3036277,0.10689655172413803
2024-02-29,3305,3365,2940,2950,780371,-0.0809968847352025
2024-03-04,2925,3130,2745,2845,680868,-0.035593220338983045
2024-03-05,2805,2950,2700,2730,412256,-0.040421792618629215
2024-03-06,2655,2920,2635,2665,521647,-0.023809523809523836
2024-03-07,2755,3460,2750,3125,8627239,0.17260787992495308
2024-03-08,3125,3135,2820,2855,1431237,-0.08640000000000003
2024-03-11,2925,2960,2755,2760,581750,-0.03327495621716292
2024-03-12,2815,2900,2650,2680,395547,-0.02898550724637683
2024-03-13,2680,2710,2600,2615,297042,-0.02425373134328357
2024-03-14,2715,2725,2570,2675,314126,0.02294455066921608
2024-03-15,2680,2700,2585,2590,172835,-0.03177570093457949
2024-03-18,2570,2635,2565,2605,139102,0.005791505791505891
2024-03-19,2625,2625,2490,2530,214049,-0.028790786948176605
2024-03-20,2530,3100,2495,2665,2713579,0.05335968379446632
2024-03-21,2635,2645,2550,2570,334309,-0.03564727954971858
2024-03-22,2595,2620,2535,2535,154021,-0.013618677042801508
2024-03-25,2560,2645,2535,2575,268812,0.015779092702169706
2024-03-26,2600,2600,2515,2560,173093,-0.005825242718446644
2024-03-27,2555,2560,2505,2520,111684,-0.015625
2024-03-28,2500,2520,2410,2415,202858,-0.04166666666666663
2024-03-29,2430,2450,2365,2450,145810,0.01449275362318847
2024-04-01,2505,2530,2435,2480,82411,0.012244897959183598
2024-04-02,2520,2520,2405,2445,100794,-0.014112903225806495
2024-04-03,2445,2470,2250,2310,258381,-0.05521472392638038
2024-04-04,2355,2880,2355,2405,2327691,0.04112554112554112
2024-04-05,2340,2390,2300,2330,180768,-0.03118503118503113
2024-04-08,2370,2700,2235,2495,919341,0.07081545064377681
2024-04-09,2495,2630,2435,2450,256515,-0.018036072144288595
2024-04-11,2450,2450,2380,2400,86503,-0.020408163265306145
2024-04-12,2440,2455,2390,2395,74238,-0.002083333333333326
2024-04-15,2355,2380,2295,2325,95156,-0.029227557411273475
2024-04-16,2325,2325,2240,2265,105041,-0.02580645161290318
2024-04-17,2265,2315,2255,2290,50783,0.011037527593819041
2024-04-18,2290,2325,2250,2300,60828,0.004366812227074135
2024-04-19,2300,2300,2190,2200,118301,-0.04347826086956519
2024-04-22,2235,2240,2155,2190,91296,-0.004545454545454519
2024-04-23,2200,2220,2165,2185,76211,-0.0022831050228310223
2024-04-24,2215,2235,2180,2230,77216,0.020594965675057253
2024-04-25,2275,2275,2185,2190,55482,-0.017937219730941756
2024-04-26,2205,2250,2175,2195,54760,0.0022831050228311334
2024-04-29,2180,2240,2180,2225,42143,0.013667425968109326
2024-04-30,2230,2275,2200,2225,61076,0.0
2024-05-02,2225,2240,2135,2145,90421,-0.035955056179775235
2024-05-03,2145,2180,2130,2140,68080,-0.002331002331002363
2024-05-07,2110,2180,2105,2145,89362,0.002336448598130758
2024-05-08,2170,2175,2110,2130,56059,-0.006993006993006978
2024-05-09,2130,2150,2035,2105,85100,-0.011737089201877882
2024-05-10,2125,2125,2065,2070,68210,-0.016627078384798155
2024-05-13,2075,2080,2035,2045,49389,-0.012077294685990392
2024-05-14,2055,2095,2025,2050,101271,0.0024449877750611915
2024-05-16,2050,2095,2040,2050,54020,0.0
2024-05-17,2065,2085,2040,2050,34809,0.0
2024-05-20,2025,2050,1990,2015,56907,-0.017073170731707332
2024-05-21,2055,2055,1935,1950,89174,-0.032258064516129004
2024-05-22,1950,1995,1940,1950,54253,0.0
2024-05-23,1835,2000,1835,1985,119761,0.017948717948717885
2024-05-24,1980,1980,1930,1930,39142,-0.027707808564231717
2024-05-27,1930,1930,1850,1890,87854,-0.020725388601036232
2024-05-28,1890,1915,1850,1860,88785,-0.015873015873015928
2024-05-29,1860,2025,1820,1915,203479,0.029569892473118253
2024-05-30,1915,2070,1885,1980,147762,0.03394255874673635
2024-05-31,1980,2570,1980,2570,3236239,0.297979797979798
2024-06-03,3025,3250,2735,2735,8701818,0.06420233463035019
2024-06-04,2750,3250,2740,2800,5326158,0.02376599634369292
2024-06-05,2905,3195,2355,2460,1965792,-0.12142857142857144
2024-06-07,2505,3150,2465,2840,4096394,0.15447154471544722
2024-06-10,2925,3500,2925,3035,4198960,0.06866197183098599
2024-06-11,3170,3180,2840,2940,1752372,-0.03130148270181221
2024-06-12,3030,3180,2860,2870,866973,-0.023809523809523836
2024-06-13,2900,2910,2680,2740,492720,-0.04529616724738672
2024-06-14,2700,2705,2510,2615,465295,-0.04562043795620441
2024-06-17,2560,2600,2400,2555,385292,-0.02294455066921608
2024-06-18,2540,2550,2455,2460,221125,-0.03718199608610573
2024-06-19,2435,2930,2360,2670,2200533,0.08536585365853666
2024-06-20,2645,2665,2520,2525,276676,-0.054307116104868935
2024-06-21,2535,2535,2450,2455,169129,-0.027722772277227747
2024-06-24,2430,2575,2425,2460,136121,0.0020366598778003286
2024-06-25,2525,2575,2355,2425,206000,-0.014227642276422814
2024-06-26,2430,2475,2410,2440,77803,0.006185567010309256
2024-06-27,2455,2455,2365,2395,79933,-0.018442622950819665
2024-06-28,2450,2450,2365,2410,78904,0.006263048016701411
2024-07-01,2390,2430,2275,2290,140726,-0.049792531120331995
2024-07-02,2300,2385,2210,2280,134840,-0.004366812227074246
2024-07-03,2300,2315,2225,2275,70508,-0.002192982456140302
2024-07-04,2285,2510,2250,2335,262589,0.02637362637362628
2024-07-05,2340,2355,2290,2340,63242,0.0021413276231263545
2024-07-08,2340,2420,2295,2415,65308,0.03205128205128216
2024-07-09,2410,2750,2410,2495,865742,0.0331262939958592
2024-07-10,2500,2545,2410,2425,140725,-0.028056112224448926
2024-07-11,2445,2460,2350,2365,90500,-0.024742268041237137
2024-07-12,2365,2420,2300,2310,110846,-0.023255813953488413
2024-07-15,2310,2390,2300,2350,55238,0.017316017316017396
2024-07-16,2365,2400,2310,2355,84108,0.0021276595744681437
2024-07-17,2380,2390,2325,2360,64691,0.002123142250530785
2024-07-18,2320,2390,2295,2345,67711,-0.006355932203389814
2024-07-19,2355,2370,2305,2320,35410,-0.010660980810234588
2024-07-22,2325,2325,2275,2300,33675,-0.008620689655172376
2024-07-23,2300,2350,2275,2305,41961,0.0021739130434783593
2024-07-24,2305,2355,2290,2305,38425,0.0
2024-07-25,2285,2340,2150,2250,70337,-0.02386117136659438
2024-07-26,2225,2300,2160,2260,43963,0.004444444444444473
2024-07-29,2260,2470,2235,2320,109448,0.026548672566371723
2024-07-30,2320,2400,2290,2320,48148,0.0
2024-07-31,2300,2315,2275,2290,30755,-0.012931034482758674
2024-08-01,2335,2335,2285,2305,23818,0.0065502183406114245
2024-08-02,2280,2315,2165,2245,67690,-0.026030368763557465
2024-08-05,2240,2240,1955,2095,81079,-0.06681514476614703
2024-08-06,2075,2145,2020,2100,71044,0.0023866348448686736
2024-08-07,2100,2200,2100,2195,29375,0.0452380952380953
2024-08-08,2195,2195,2105,2145,34999,-0.02277904328018221
2024-08-09,2150,2185,2120,2150,67920,0.002331002331002363
2024-08-12,2130,2175,2130,2130,28583,-0.009302325581395321
2024-08-13,2130,2140,2075,2075,37653,-0.025821596244131495
2024-08-14,2085,2285,2085,2145,92575,0.033734939759036076
2024-08-16,2195,2220,2125,2140,31167,-0.002331002331002363
2024-08-19,2145,2195,2125,2130,16601,-0.004672897196261627
2024-08-20,2130,2185,2100,2120,39280,-0.0046948356807511304
2024-08-21,2120,2145,2055,2115,34239,-0.002358490566037763
2024-08-22,2120,2135,2075,2085,31286,-0.014184397163120588
2024-08-23,2085,2145,2055,2070,36470,-0.007194244604316502
2024-08-26,2070,2075,2010,2025,37942,-0.021739130434782594
2024-08-27,2030,2050,2000,2025,34699,0.0
2024-08-28,2090,2090,2000,2030,45247,0.0024691358024691024
2024-08-29,2020,2035,1985,1995,40361,-0.017241379310344862
2024-08-30,2000,2045,1975,2030,19778,0.01754385964912286
2024-09-02,2030,2040,1975,2005,20697,-0.012315270935960632
2024-09-03,2025,2025,1970,1975,37512,-0.014962593516209433
2024-09-04,1970,2020,1945,1975,25342,0.0
2024-09-05,1990,2010,1980,2005,23043,0.0151898734177216
2024-09-06,2035,2035,1945,1985,22621,-0.009975062344139696
2024-09-09,1985,2005,1900,1985,33676,0.0
2024-09-10,1985,2070,1985,2015,33989,0.015113350125944613
2024-09-11,2025,2055,1995,1995,21301,-0.00992555831265507
2024-09-12,1995,2020,1985,2005,40758,0.005012531328320913
2024-09-13,2005,2015,1945,1950,56062,-0.027431421446383997
2024-09-19,1955,1965,1890,1920,41830,-0.01538461538461533
2024-09-20,1930,1965,1930,1945,27677,0.01302083333333326
2024-09-23,1950,1960,1900,1945,20819,0.0
2024-09-24,1925,1950,1915,1930,26186,-0.007712082262210762
2024-09-25,1915,2025,1915,2005,61754,0.03886010362694292
2024-09-26,2030,2045,1995,2015,39576,0.004987531172069737
2024-09-27,2035,2035,1980,1990,18190,-0.012406947890818865
2024-09-30,1990,2395,1985,2145,502457,0.07788944723618085
2024-10-02,2160,2160,2065,2090,77935,-0.02564102564102566
2024-10-04,2070,2110,2025,2040,45494,-0.02392344497607657
2024-10-07,2040,2100,2015,2080,39640,0.019607843137254832
2024-10-08,2080,2080,2045,2045,24367,-0.016826923076923128
2024-10-10,2060,2090,2045,2055,27051,0.004889975550122161
2024-10-11,2035,2100,2030,2070,25636,0.007299270072992803
2024-10-14,2055,2065,1995,2015,55438,-0.02657004830917875
2024-10-15,2020,2050,2005,2005,21717,-0.00496277915632759
2024-10-16,2015,2020,2000,2015,19801,0.004987531172069737
2024-10-17,2040,2040,1975,1990,34912,-0.012406947890818865
2024-10-18,1980,2005,1965,1975,26968,-0.007537688442211032
2024-10-21,1975,1990,1920,1970,19244,-0.0025316455696202667
2024-10-22,1965,1965,1890,1925,39818,-0.022842639593908642
2024-10-23,1925,1945,1895,1900,36691,-0.012987012987012991
2024-10-24,1900,1900,1865,1875,14515,-0.013157894736842146
2024-10-25,1875,1890,1810,1835,22448,-0.021333333333333315
2024-10-28,1815,1995,1815,1890,49961,0.02997275204359684
2024-10-29,1920,1920,1875,1880,10031,-0.005291005291005346
2024-10-30,1895,1925,1885,1885,14482,0.0026595744680850686
2024-10-31,1885,1900,1875,1880,12665,-0.0026525198938992522
2024-11-01,1880,2025,1865,1910,42934,0.015957446808510634
2024-11-04,1995,1995,1905,1960,27341,0.02617801047120416
2024-11-05,1955,1980,1905,1905,15572,-0.028061224489795866
2024-11-06,1935,1935,1855,1855,34112,-0.026246719160105014
2024-11-07,1855,1855,1800,1835,30413,-0.010781671159029615
2024-11-08,1835,1850,1810,1840,30840,0.0027247956403269047
2024-11-11,1840,1840,1810,1820,29933,-0.010869565217391353
2024-11-12,1815,1845,1750,1775,50330,-0.02472527472527475
2024-11-13,1775,1775,1700,1705,41662,-0.03943661971830981
2024-11-14,1690,1750,1690,1730,31284,0.014662756598240456
2024-11-15,1725,1750,1695,1750,21846,0.011560693641618602
2024-11-18,1735,1825,1735,1755,37146,0.0028571428571428914
2024-11-19,1770,1790,1750,1755,20810,0.0
2024-11-20,1755,1925,1740,1775,80493,0.01139601139601143
2024-11-21,1775,1800,1725,1730,37786,-0.025352112676056304
2024-11-22,1730,1750,1730,1740,11504,0.005780346820809301
2024-11-25,1740,1750,1730,1745,16230,0.002873563218390718
2024-11-26,1750,1750,1710,1735,30884,-0.005730659025787954
2024-11-27,1735,1740,1670,1675,72974,-0.03458213256484155
2024-11-28,1675,1685,1600,1685,68582,0.005970149253731405
2024-11-29,1685,1690,1660,1670,21322,-0.008902077151335286
2024-12-02,1665,1680,1625,1650,21907,-0.0119760479041916
2024-12-03,1650,1660,1620,1655,27908,0.003030303030302939
2024-12-04,1625,1645,1565,1640,48762,-0.009063444108761365
2024-12-05,1640,1645,1615,1625,13267,-0.009146341463414642
2024-12-06,1625,1625,1535,1580,27840,-0.027692307692307683
2024-12-09,1565,1565,1450,1480,62133,-0.06329113924050633
2024-12-10,1480,1575,1470,1575,47194,0.06418918918918926
2024-12-11,1590,1685,1575,1680,43767,0.06666666666666665
2024-12-12,1680,1720,1665,1675,15959,-0.0029761904761904656
2024-12-13,1665,1720,1665,1700,17217,0.014925373134328401
2024-12-16,1720,1720,1640,1665,30145,-0.020588235294117685
2024-12-17,1650,1945,1650,1720,248079,0.033033033033033066
2024-12-18,1720,2235,1720,1945,4521371,0.1308139534883721
2024-12-19,2050,2070,1850,1860,587308,-0.04370179948586117
2024-12-20,1850,1855,1675,1770,189563,-0.048387096774193505
2024-12-23,1765,1765,1690,1725,68308,-0.025423728813559365
2024-12-24,1725,1730,1695,1710,59743,-0.008695652173912993
2024-12-26,1725,1765,1665,1675,63031,-0.020467836257309968
2024-12-27,1665,1680,1630,1655,31037,-0.011940298507462699
2024-12-30,1640,1695,1625,1680,64360,0.015105740181268867
2025-01-02,1680,1790,1680,1750,65961,0.04166666666666674
2025-01-03,1735,1845,1715,1820,103360,0.040000000000000036
2025-01-06,1820,1880,1815,1870,56715,0.027472527472527375
2025-01-07,1870,1900,1830,1845,53703,-0.013368983957219305
2025-01-08,1845,1910,1840,1885,54896,0.021680216802167918
2025-01-09,1910,1910,1835,1850,26653,-0.018567639257294433
2025-01-10,1840,1885,1840,1850,21266,0.0
2025-01-13,1865,1865,1830,1835,10171,-0.008108108108108136
2025-01-14,1835,1880,1810,1870,32325,0.019073569482288777
2025-01-15,1870,1870,1785,1855,26530,-0.008021390374331583
2025-01-16,1835,1900,1835,1870,25026,0.008086253369272267
2025-01-17,1870,1910,1855,1880,19500,0.005347593582887722
2025-01-20,1885,1900,1855,1900,13092,0.010638297872340496
2025-01-21,1900,1915,1860,1885,6395,-0.007894736842105288
2025-01-22,1885,1930,1830,1890,38810,0.0026525198938991412
2025-01-23,1895,1895,1810,1850,35949,-0.021164021164021163
2025-01-24,1865,1865,1820,1820,22487,-0.01621621621621616
2025-01-31,1820,1860,1750,1770,33305,-0.027472527472527486
2025-02-03,1765,1765,1700,1745,25371,-0.01412429378531077
2025-02-04,1720,1965,1720,1760,112539,0.008595988538681931
2025-02-05,1785,1845,1760,1780,33282,0.011363636363636465
2025-02-06,1780,1800,1775,1775,14636,-0.002808988764044895
2025-02-07,1775,1825,1730,1785,47636,0.005633802816901401
2025-02-10,1745,1780,1715,1715,59998,-0.039215686274509776
2025-02-11,1715,2150,1715,1965,2512370,0.14577259475218662
2025-02-12,1955,1955,1800,1870,230855,-0.04834605597964381
2025-02-13,1870,1895,1790,1790,111231,-0.04278074866310155
2025-02-14,1825,1845,1740,1790,40013,0.0
2025-02-17,1795,1810,1750,1810,37228,0.011173184357541999
2025-02-18,1810,1830,1760,1790,62045,-0.011049723756906049
2025-02-19,1790,1825,1740,1795,37151,0.0027932960893854997
2025-02-20,1795,1795,1750,1760,45621,-0.01949860724233987
2025-02-21,1760,1780,1725,1755,32443,-0.0028409090909090606
2025-02-24,1755,1770,1740,1760,23187,0.002849002849002913
2025-02-25,1760,1800,1735,1770,33757,0.005681818181818121
2025-02-26,1770,1790,1745,1755,26233,-0.008474576271186418
2025-02-27,1735,1765,1720,1735,28977,-0.01139601139601143
2025-02-28,1755,1855,1725,1760,73144,0.014409221902017322
2025-03-04,1820,1820,1735,1755,29964,-0.0028409090909090606
2025-03-05,1755,1780,1725,1750,26994,-0.002849002849002802
2025-03-06,1735,1760,1735,1735,13589,-0.008571428571428563
2025-03-07,1735,1755,1680,1725,25076,-0.0057636887608069065
2025-03-10,1615,1715,1550,1580,215192,-0.08405797101449275
2025-03-11,1585,1650,1125,1175,340061,-0.25632911392405067
2025-03-12,1200,1525,1195,1525,349776,0.2978723404255319
2025-03-13,1630,1975,1625,1705,6409686,0.11803278688524599
2025-03-14,1715,1970,1650,1660,1487127,-0.02639296187683282
2025-03-17,1655,1740,1540,1585,522897,-0.04518072289156627
2025-03-18,1570,1600,1505,1545,233597,-0.025236593059936863
2025-03-19,1550,1550,1490,1540,95901,-0.003236245954692518
2025-03-20,1560,1560,1490,1490,86618,-0.03246753246753242
2025-03-21,1535,1535,1445,1465,121013,-0.016778523489932917
2025-03-24,1465,1535,1440,1470,108617,0.0034129692832765013
2025-03-25,1470,1525,1465,1500,55206,0.020408163265306145
2025-03-26,1485,1710,1485,1590,449260,0.06000000000000005
2025-03-27,1575,1645,1490,1605,82311,0.009433962264151052
2025-03-28,1605,1640,1550,1570,58108,-0.02180685358255452
2025-03-31,1570,1570,1490,1520,30130,-0.031847133757961776
2025-04-01,1505,1590,1500,1535,30456,0.009868421052631637
2025-04-02,1540,1575,1425,1485,43033,-0.032573289902280145
2025-04-03,1495,1515,1465,1485,52690,0.0
2025-04-04,1485,1520,1445,1490,68484,0.0033670033670034627
2025-04-07,1490,1490,1345,1410,96969,-0.05369127516778527
2025-04-08,1360,1485,1360,1415,155552,0.0035460992907800915
2025-04-09,0,0,0,1415,0,0.0
2025-04-10,0,0,0,1415,0,0.0
2025-04-11,0,0,0,1415,0,0.0
2025-04-14,0,0,0,1415,0,0.0
2025-04-15,0,0,0,1415,0,0.0
2025-04-16,0,0,0,1415,0,0.0
2025-04-17,0,0,0,1415,0,0.0
2025-04-18,0,0,0,1415,0,0.0
2025-04-21,0,0,0,1415,0,0.0
2025-04-22,0,0,0,1415,0,0.0
2025-04-23,0,0,0,1415,0,0.0
2025-04-24,0,0,0,1415,0,0.0
2025-04-25,0,0,0,1415,0,0.0
2025-04-28,0,0,0,1415,0,0.0
2025-04-29,0,0,0,1415,0,0.0
2025-04-30,0,0,0,1415,0,0.0
2025-05-02,0,0,0,1415,0,0.0
2025-05-07,0,0,0,1415,0,0.0
2025-05-08,0,0,0,1415,0,0.0
2025-05-09,1415,1800,1326,1327,631798,-0.06219081272084803
2025-05-12,1327,1400,1303,1321,120776,-0.0045214770158251705
2025-05-13,1390,1390,1308,1320,63729,-0.0007570022710068347
2025-05-14,1310,1374,1310,1326,43832,0.00454545454545463
2025-05-15,1372,1372,1321,1349,57612,0.017345399698340813
2025-05-16,1342,1348,1309,1310,33140,-0.0289103039288362
2025-05-19,1344,1355,1310,1355,56349,0.03435114503816794
2025-05-20,1354,1354,1280,1293,54168,-0.04575645756457569
2025-05-21,1280,1294,1266,1266,67801,-0.02088167053364265
2025-05-22,1279,1402,1260,1272,95828,0.004739336492890933
2025-05-23,1272,1360,1272,1322,115749,0.03930817610062887
2025-05-26,1311,1376,1225,1322,71773,0.0
2025-05-27,1320,1320,1280,1284,70001,-0.02874432677760963
2025-05-28,1284,1298,1282,1285,23293,0.0007788161993769194
2025-05-29,1286,1300,1275,1282,13531,-0.0023346303501945442
2025-05-30,1286,1295,1275,1283,8356,0.0007800312012480326
2025-06-02,1284,1360,1284,1315,94617,0.02494154325798914
2025-06-04,1306,1350,1306,1325,57682,0.0076045627376426506
2025-06-05,1311,1714,1311,1407,2872601,0.06188679245283013
2025-06-09,1393,1549,1393,1443,400072,0.02558635394456288
2025-06-10,1440,1482,1400,1409,60545,-0.023562023562023526
2025-06-11,1410,1454,1409,1443,40662,0.024130589070262554
2025-06-12,1442,1457,1411,1427,36885,-0.011088011088011052
2025-06-13,1427,1439,1350,1374,60220,-0.03714085494043451
2025-06-16,1415,1415,1325,1328,53534,-0.033478893740902516
2025-06-17,1329,1413,1329,1402,57748,0.05572289156626509
2025-06-18,1403,1447,1384,1413,43917,0.007845934379457908
2025-06-19,1413,1419,1393,1398,10537,-0.010615711252653925
2025-06-20,1409,1490,1398,1468,70199,0.05007153075822601
2025-06-23,1468,1468,1422,1442,19354,-0.017711171662125325
2025-06-24,1430,1498,1430,1470,37479,0.01941747572815533
2025-06-25,1470,1474,1440,1458,44925,-0.008163265306122436
2025-06-26,1458,1468,1419,1423,19837,-0.02400548696844995
2025-06-27,1430,1457,1399,1411,11592,-0.008432888264230498
2025-06-30,1396,1450,1396,1411,7931,0.0
2025-07-01,1432,1432,1376,1381,19951,-0.021261516654854762
2025-07-02,1418,1418,1325,1374,70068,-0.005068790731354134
2025-07-03,1374,1385,1356,1372,27327,-0.0014556040756914523
2025-07-04,1372,1372,1343,1371,58704,-0.0007288629737609575
2025-07-07,1354,1391,1354,1367,9691,-0.0029175784099197966
2025-07-08,1410,1414,1361,1363,6003,-0.002926115581565525
2025-07-09,1347,1440,1347,1370,14478,0.005135730007336692
2025-07-10,1370,1389,1361,1389,11011,0.013868613138686037
2025-07-11,1380,1398,1370,1381,13632,-0.005759539236861011
2025-07-14,1381,1418,1365,1383,12144,0.0014482259232440065
2025-07-15,1371,1410,1371,1410,12377,0.01952277657266821
2025-07-16,1398,1412,1391,1395,7877,-0.010638297872340385
2025-07-17,1380,1397,1375,1388,8707,-0.00501792114695343
2025-07-18,1388,1399,1380,1387,13119,-0.0007204610951008217
2025-07-21,1387,1390,1369,1383,18147,-0.002883922134102379
2025-07-22,1394,1394,1360,1364,20388,-0.013738250180766465
2025-07-23,1364,1365,1339,1348,23502,-0.011730205278592365
2025-07-24,1348,1638,1322,1328,2054238,-0.014836795252225476
2025-07-25,1352,1352,1261,1315,105433,-0.009789156626506035
2025-07-28,1350,1350,1295,1306,44105,-0.006844106463878341
2025-07-29,1306,1312,1291,1297,28171,-0.006891271056661541
2025-07-30,1298,1300,1280,1286,78784,-0.008481110254433322
2025-07-31,1286,1287,1260,1280,87768,-0.004665629860031051
2025-08-01,1280,1289,1263,1266,18944,-0.010937500000000044
2025-08-04,1266,1297,1265,1297,36364,0.024486571879936747
2025-08-05,1297,1303,1285,1303,44219,0.004626060138781751
2025-08-06,1304,1320,1299,1318,52365,0.011511895625479607
2025-08-07,1297,1318,1297,1304,28906,-0.01062215477996964
2025-08-08,1305,1312,1301,1307,18590,0.0023006134969325576
2025-08-11,1303,1307,1297,1303,6886,-0.003060443764345777
2025-08-12,1303,1322,1287,1320,11337,0.01304681504221028
2025-08-13,1320,1330,1309,1325,5438,0.0037878787878788955
2025-08-14,1328,1339,1311,1311,8694,-0.010566037735849076
2025-08-18,1315,1341,1315,1337,25402,0.019832189168573544
2025-08-19,1330,1350,1316,1337,8100,0.0
2025-08-20,1326,1336,1284,1309,14257,-0.020942408376963373
2025-08-21,1309,1335,1304,1307,12479,-0.0015278838808250317
2025-08-22,1307,1330,1291,1299,5176,-0.006120887528691665
2025-08-25,1287,1311,1263,1265,41682,-0.02617397998460358
2025-08-26,1274,1305,1255,1265,51227,0.0
2025-08-27,1268,1277,1265,1265,9359,0.0
2025-08-28,1263,1289,1263,1268,7337,0.002371541501976271
2025-08-29,1260,1509,1260,1304,1559532,0.028391167192429068
2025-09-01,1319,1319,1265,1265,95360,-0.029907975460122693
2025-09-02,1254,1283,1230,1270,26722,0.0039525691699604515
2025-09-03,1270,1298,1230,1275,39696,0.003937007874015741
2025-09-04,1275,1295,1272,1280,27582,0.0039215686274509665
2025-09-05,1303,1305,1269,1285,40102,0.00390625
2025-09-08,1284,1300,1269,1269,16722,-0.012451361867704236
2025-09-09,1269,1274,1263,1270,10561,0.0007880220646176994
2025-09-10,1283,1288,1260,1273,14003,0.0023622047244094
2025-09-11,1292,1294,1264,1286,24280,0.01021209740769824
2025-09-12,1286,1297,1279,1293,17011,0.005443234836703059
2025-09-15,1293,1305,1280,1295,23369,0.0015467904098993568
2025-09-16,1303,1303,1274,1277,17877,-0.013899613899613916
2025-09-17,1283,1287,1274,1287,24175,0.007830853563038476
2025-09-18,1298,1298,1271,1294,29317,0.00543900543900544
2025-09-19,1290,1310,1288,1296,33491,0.0015455950540959051
2025-09-22,1295,1310,1288,1299,8384,0.0023148148148148806
2025-09-23,1299,1315,1277,1288,17329,-0.008468052347959998
2025-09-24,1293,1326,1280,1319,61982,0.02406832298136652
2025-09-25,1321,1330,1305,1320,31947,0.0007581501137225999
2025-09-26,1310,1353,1310,1353,61024,0.02499999999999991
2025-09-29,1353,1449,1332,1333,126457,-0.014781966001478186
2025-09-30,1333,1350,1283,1285,56744,-0.036009002250562694
2025-10-01,1286,1294,1277,1294,30380,0.007003891050583633
2025-10-02,1297,1333,1297,1297,25567,0.0023183925811436357
2025-10-10,1298,1438,1281,1300,310253,0.0023130300693909867
2025-10-13,1291,1300,1286,1291,18950,-0.006923076923076921
2025-10-14,1278,1321,1276,1303,17598,0.009295120061967532
2025-10-15,1303,1303,1280,1287,38899,-0.012279355333844943
2025-10-16,1287,1310,1287,1308,18604,0.01631701631701632
2025-10-17,1294,1315,1293,1294,20044,-0.010703363914373099
2025-10-20,1294,1294,1281,1286,36138,-0.0061823802163832875
2025-10-21,1286,1286,1280,1284,17062,-0.0015552099533436836
2025-10-22,1284,1290,1279,1284,10616,0.0
2025-10-23,1284,1300,1271,1272,29508,-0.009345794392523366
2025-10-24,1270,1276,1253,1265,21635,-0.005503144654088077
2025-10-27,1307,1307,1265,1268,12373,0.002371541501976271
2025-10-28,1299,1299,1270,1286,18845,0.014195583596214423
2025-10-29,1293,1300,1248,1283,18608,-0.002332814930015581
2025-10-30,1283,1288,1270,1282,7237,-0.000779423226812126
