Date,Open,High,Low,Close,Volume,Change
2022-01-03,1990,2020,1965,2015,310765,0.012562814070351758
2022-01-04,2000,2040,1920,2015,208172,0.0
2022-01-05,1990,2010,1935,1950,246219,-0.032258064516129004
2022-01-06,1950,1965,1885,1895,351962,-0.028205128205128216
2022-01-07,1865,1945,1860,1905,192239,0.005277044854881341
2022-01-10,1915,1915,1860,1865,268780,-0.02099737532808399
2022-01-11,1865,1890,1790,1820,348811,-0.024128686327077764
2022-01-12,1805,1870,1805,1860,228538,0.0219780219780219
2022-01-13,1870,1880,1820,1850,168158,-0.005376344086021501
2022-01-14,1810,1870,1800,1870,232396,0.0108108108108107
2022-01-17,1850,1865,1790,1815,278498,-0.02941176470588236
2022-01-18,1800,1825,1730,1750,463040,-0.03581267217630857
2022-01-19,1750,1760,1660,1690,469409,-0.03428571428571425
2022-01-20,1690,1750,1680,1730,176409,0.023668639053254337
2022-01-21,1735,1780,1695,1720,203979,-0.005780346820809301
2022-01-24,1690,1705,1605,1690,398686,-0.01744186046511631
2022-01-25,1690,1720,1590,1595,456657,-0.056213017751479244
2022-01-26,1560,1635,1560,1595,283467,0.0
2022-01-27,1595,1650,1470,1510,451872,-0.053291536050156685
2022-01-28,1530,1850,1435,1660,3846624,0.09933774834437092
2022-02-03,1690,1790,1660,1760,541685,0.06024096385542177
2022-02-04,1735,1850,1715,1795,565159,0.019886363636363535
2022-02-07,1800,1810,1765,1810,240434,0.008356545961002881
2022-02-08,1785,1830,1775,1810,259448,0.0
2022-02-09,1835,1835,1795,1810,165489,0.0
2022-02-10,1815,1830,1765,1765,236377,-0.024861878453038666
2022-02-11,1765,1785,1700,1735,174631,-0.016997167138810165
2022-02-14,1700,1730,1665,1710,234755,-0.014409221902017322
2022-02-15,1700,1730,1650,1710,167706,0.0
2022-02-16,1715,1800,1715,1765,215647,0.032163742690058506
2022-02-17,1790,1790,1690,1725,228644,-0.022662889518413554
2022-02-18,1685,1805,1685,1800,307605,0.04347826086956519
2022-02-21,1780,1955,1770,1920,1259777,0.06666666666666665
2022-02-22,1895,1915,1845,1905,327623,-0.0078125
2022-02-23,1900,1985,1900,1920,519514,0.007874015748031482
2022-02-24,1920,1970,1880,1915,448674,-0.0026041666666666297
2022-02-25,1950,1975,1915,1975,258014,0.031331592689294974
2022-02-28,1955,2020,1945,1965,407321,-0.005063291139240533
2022-03-02,1990,2020,1950,1970,505187,0.0025445292620864812
2022-03-03,2005,2005,1970,1995,262915,0.012690355329949332
2022-03-04,2000,2050,1985,2030,488493,0.01754385964912286
2022-03-07,2035,2050,1985,2000,312469,-0.014778325123152691
2022-03-08,1990,1995,1915,1960,318238,-0.020000000000000018
2022-03-10,2055,2125,2000,2050,928831,0.04591836734693877
2022-03-11,2050,2075,2015,2045,252498,-0.0024390243902439046
2022-03-14,2045,2075,1995,2040,350988,-0.0024449877750610804
2022-03-15,2000,2050,1990,1990,346880,-0.02450980392156865
2022-03-16,2020,2055,1975,2025,370943,0.017587939698492372
2022-03-17,2035,2065,1990,2015,320474,-0.004938271604938316
2022-03-18,2020,2520,2020,2305,18730465,0.14392059553349879
2022-03-21,2320,2515,2305,2445,5287880,0.06073752711496749
2022-03-22,2475,2715,2445,2480,14663345,0.014314928425357865
2022-03-23,2545,2550,2380,2425,1853647,-0.022177419354838745
2022-03-24,2445,2630,2415,2480,3716721,0.02268041237113394
2022-03-25,2480,2515,2375,2405,1319774,-0.030241935483870996
2022-03-28,2395,2400,2340,2395,638361,-0.004158004158004158
2022-03-29,2365,2440,2345,2390,814818,-0.0020876826722338038
2022-03-30,2360,2380,1715,1775,21768948,-0.2573221757322176
2022-03-31,1735,1825,1735,1770,3761853,-0.0028169014084507005
2022-04-01,1770,1795,1745,1770,1953178,0.0
2022-04-04,1775,1830,1770,1795,1377768,0.01412429378531077
2022-04-05,1825,1830,1770,1785,1281840,-0.005571030640668551
2022-04-06,1765,1780,1735,1760,848437,-0.014005602240896309
2022-04-07,1740,1780,1730,1745,747909,-0.008522727272727293
2022-04-08,1735,1765,1725,1755,491778,0.005730659025787954
2022-04-11,1770,1785,1750,1765,447011,0.005698005698005604
2022-04-12,1755,1770,1720,1755,444460,-0.005665722379603388
2022-04-13,1740,1775,1730,1750,411888,-0.002849002849002802
2022-04-14,1750,1790,1735,1750,564628,0.0
2022-04-15,1750,1770,1740,1755,443369,0.0028571428571428914
2022-04-18,1755,1770,1740,1755,301324,0.0
2022-04-19,1755,1800,1750,1785,686078,0.017094017094017033
2022-04-20,1800,1800,1765,1775,558581,-0.0056022408963585235
2022-04-21,1775,1800,1755,1770,354635,-0.0028169014084507005
2022-04-22,1760,1770,1750,1765,374142,-0.0028248587570621764
2022-04-25,1750,1825,1750,1805,927564,0.022662889518413554
2022-04-26,1780,1900,1780,1885,2165374,0.04432132963988922
2022-04-27,1830,2010,1815,1985,4968154,0.05305039787798416
2022-04-28,1970,2015,1935,1975,1981807,-0.005037783375314908
2022-04-29,1950,2100,1950,2070,2819693,0.048101265822784844
2022-05-02,2060,2060,1880,2030,2480684,-0.019323671497584516
2022-05-03,1990,2055,1950,1975,1444860,-0.027093596059113323
2022-05-04,1985,2000,1930,1980,662232,0.0025316455696202667
2022-05-06,1930,1985,1900,1905,1180113,-0.037878787878787845
2022-05-09,1910,1920,1805,1835,773429,-0.03674540682414695
2022-05-10,1800,1875,1740,1820,828886,-0.008174386920980936
2022-05-11,1815,1865,1715,1745,982766,-0.04120879120879117
2022-05-12,1705,1750,1700,1720,607642,-0.014326647564469885
2022-05-13,1750,1760,1720,1735,263544,0.008720930232558155
2022-05-16,1735,1800,1735,1780,517222,0.025936599423631135
2022-05-17,1780,1795,1735,1760,295577,-0.011235955056179803
2022-05-18,1765,1785,1755,1770,244920,0.005681818181818121
2022-05-19,1735,1745,1690,1710,605017,-0.03389830508474578
2022-05-20,1700,1730,1685,1690,414837,-0.011695906432748537
2022-05-23,1685,1690,1620,1660,505416,-0.017751479289940808
2022-05-24,1650,1715,1630,1655,630184,-0.003012048192771122
2022-05-25,1640,1735,1615,1695,975089,0.024169184290030232
2022-05-26,1665,1715,1655,1705,339183,0.005899705014749346
2022-05-27,1715,1715,1630,1660,452041,-0.02639296187683282
2022-05-30,1665,1685,1660,1660,232190,0.0
2022-05-31,1660,1695,1655,1665,174014,0.003012048192771122
2022-06-02,1645,1695,1635,1660,462711,-0.0030030030030030463
2022-06-03,1670,1670,1595,1630,775014,-0.01807228915662651
2022-06-07,1635,1650,1600,1605,352977,-0.015337423312883458
2022-06-08,1605,1625,1600,1605,233107,0.0
2022-06-09,1585,1610,1550,1575,376129,-0.01869158878504673
2022-06-10,1565,1565,1515,1540,268708,-0.022222222222222254
2022-06-13,1490,1510,1455,1495,446435,-0.02922077922077926
2022-06-14,1455,1585,1380,1520,1020933,0.01672240802675584
2022-06-15,1530,1650,1515,1575,587229,0.03618421052631571
2022-06-16,1555,1615,1535,1590,375893,0.00952380952380949
2022-06-17,1520,1595,1515,1595,442246,0.003144654088050425
2022-06-20,1575,1575,1480,1495,339221,-0.06269592476489028
2022-06-21,1485,1530,1450,1490,284035,-0.0033444816053511683
2022-06-22,1480,1500,1410,1410,472312,-0.05369127516778527
2022-06-23,1400,1435,1260,1315,529965,-0.06737588652482274
2022-06-24,1275,1365,1275,1350,203041,0.026615969581748944
2022-06-27,1340,1405,1340,1390,246034,0.029629629629629672
2022-06-28,1390,1445,1350,1425,196316,0.02517985611510798
2022-06-29,1380,1430,1380,1430,152893,0.0035087719298245723
2022-06-30,1430,1520,1425,1440,293014,0.006993006993007089
2022-07-01,1405,1465,1370,1415,215115,-0.01736111111111116
2022-07-04,1410,1425,1350,1380,181061,-0.02473498233215543
2022-07-05,1395,1420,1350,1410,154450,0.021739130434782705
2022-07-06,1415,1430,1380,1380,224512,-0.021276595744680882
2022-07-07,1390,1410,1375,1385,81313,0.0036231884057971175
2022-07-08,1400,1435,1370,1385,356392,0.0
2022-07-11,1380,1395,1365,1380,135802,-0.0036101083032491488
2022-07-12,1380,1380,1325,1365,168477,-0.010869565217391353
2022-07-13,1350,1605,1345,1425,2146675,0.04395604395604402
2022-07-14,1425,1440,1380,1440,162825,0.010526315789473717
2022-07-15,1425,1470,1410,1465,186773,0.01736111111111116
2022-07-18,1465,1475,1445,1475,182849,0.006825938566553003
2022-07-19,1475,1535,1450,1505,327857,0.02033898305084736
2022-07-20,1525,1575,1480,1490,205976,-0.009966777408637828
2022-07-21,1510,1510,1470,1480,85607,-0.006711409395973145
2022-07-22,1465,1495,1460,1460,153765,-0.013513513513513487
2022-07-25,1465,1475,1435,1445,130595,-0.010273972602739767
2022-07-26,1455,1475,1430,1445,252828,0.0
2022-07-27,1445,1560,1430,1505,975261,0.04152249134948094
2022-07-28,1500,1520,1475,1475,180499,-0.019933554817275767
2022-07-29,1480,1505,1480,1505,179262,0.02033898305084736
2022-08-01,1505,1505,1455,1475,427202,-0.019933554817275767
2022-08-02,1480,1495,1465,1475,108271,0.0
2022-08-03,1480,1490,1460,1490,142634,0.01016949152542379
2022-08-04,1495,1580,1480,1525,806083,0.02348993288590595
2022-08-05,1530,1550,1515,1530,380273,0.003278688524590123
2022-08-08,1530,1570,1505,1545,238948,0.009803921568627416
2022-08-09,1545,1550,1495,1525,240161,-0.012944983818770184
2022-08-10,1525,1670,1505,1615,1016911,0.05901639344262288
2022-08-11,1615,1700,1600,1695,651744,0.049535603715170184
2022-08-12,1715,1735,1680,1695,394809,0.0
2022-08-16,1695,1775,1680,1750,543826,0.032448377581120846
2022-08-17,1740,1770,1715,1760,324546,0.005714285714285783
2022-08-18,1780,1790,1740,1770,438661,0.005681818181818121
2022-08-19,1770,1785,1755,1780,272862,0.005649717514124353
2022-08-22,1760,1780,1670,1675,420562,-0.0589887640449438
2022-08-23,1635,1695,1630,1690,248528,0.008955223880596996
2022-08-24,1650,1690,1575,1680,533199,-0.00591715976331364
2022-08-25,1640,1720,1640,1710,155864,0.017857142857142794
2022-08-26,1780,1795,1675,1700,465208,-0.005847953216374324
2022-08-29,1690,1690,1615,1630,179804,-0.04117647058823526
2022-08-30,1630,1925,1615,1650,11691473,0.012269938650306678
2022-08-31,1640,1665,1615,1645,857667,-0.00303030303030305
2022-09-01,1625,1665,1560,1560,507191,-0.05167173252279633
2022-09-02,1620,1740,1610,1690,1881525,0.08333333333333326
2022-09-05,1655,1725,1630,1640,503291,-0.029585798816568087
2022-09-06,1620,1695,1620,1690,254770,0.030487804878048808
2022-09-07,1660,1705,1635,1705,204630,0.008875739644970349
2022-09-08,1705,1730,1690,1730,284947,0.014662756598240456
2022-09-13,1790,1790,1710,1760,559309,0.01734104046242768
2022-09-14,1695,1805,1620,1765,648391,0.0028409090909091717
2022-09-15,1750,1775,1715,1765,235367,0.0
2022-09-16,1755,1805,1735,1780,652709,0.008498583569405138
2022-09-19,1770,1790,1725,1775,254913,-0.002808988764044895
2022-09-20,1775,1785,1720,1775,331808,0.0
2022-09-21,1770,1775,1730,1770,175774,-0.0028169014084507005
2022-09-22,1750,1780,1730,1770,242024,0.0
2022-09-23,1745,1770,1685,1705,318480,-0.03672316384180796
2022-09-26,1655,1700,1560,1580,389389,-0.07331378299120239
2022-09-27,1575,1620,1500,1620,194426,0.025316455696202445
2022-09-28,1590,1785,1540,1620,293275,0.0
2022-09-29,1620,1700,1585,1605,114675,-0.0092592592592593
2022-09-30,1550,1640,1530,1555,252244,-0.031152647975077885
2022-10-04,1555,1690,1550,1670,587728,0.07395498392282951
2022-10-05,1725,1770,1670,1750,830819,0.0479041916167664
2022-10-06,1750,1755,1710,1740,269343,-0.005714285714285672
2022-10-07,1730,1735,1690,1720,137227,-0.011494252873563204
2022-10-11,1700,1700,1610,1665,159817,-0.03197674418604646
2022-10-12,1660,1665,1620,1665,387325,0.0
2022-10-13,1640,1640,1575,1590,425936,-0.04504504504504503
2022-10-14,1605,1755,1575,1710,434152,0.07547169811320753
2022-10-17,1800,1945,1750,1815,10566714,0.06140350877192979
2022-10-18,1810,1865,1785,1810,1519181,-0.0027548209366391463
2022-10-19,1805,1850,1740,1800,803029,-0.0055248618784530246
2022-10-20,1805,1850,1785,1810,998688,0.005555555555555536
2022-10-21,1810,1815,1725,1775,655333,-0.01933701657458564
2022-10-24,1775,1840,1755,1795,634593,0.011267605633802802
2022-10-25,1830,1970,1795,1945,3842032,0.08356545961002793
2022-10-26,1905,1905,1840,1880,1382132,-0.033419023136246784
2022-10-27,1875,1895,1830,1885,682537,0.0026595744680850686
2022-10-28,1875,1915,1850,1880,899788,-0.0026525198938992522
2022-10-31,1915,1925,1870,1880,585496,0.0
2022-11-01,1880,1890,1775,1795,927592,-0.04521276595744683
2022-11-02,1800,1830,1750,1810,470208,0.008356545961002881
2022-11-03,1810,1810,1725,1805,267578,-0.002762430939226568
2022-11-04,1785,1835,1780,1825,297774,0.011080332409972193
2022-11-07,1840,1860,1800,1835,456990,0.005479452054794498
2022-11-08,1855,1880,1835,1870,696876,0.019073569482288777
2022-11-09,1870,1885,1845,1865,685790,-0.002673796791443861
2022-11-10,1850,1890,1770,1855,791148,-0.00536193029490617
2022-11-11,1885,1885,1835,1860,403801,0.0026954177897573484
2022-11-14,1860,1890,1825,1860,529188,0.0
2022-11-15,1860,1875,1825,1845,406235,-0.008064516129032251
2022-11-16,1850,1855,1755,1765,623231,-0.04336043360433606
2022-11-17,1770,1795,1735,1785,258777,0.011331444759206777
2022-11-18,1775,1790,1615,1705,932051,-0.0448179271708683
2022-11-21,1735,1750,1690,1740,390786,0.02052785923753664
2022-11-22,1710,1740,1695,1705,313282,-0.02011494252873558
2022-11-23,1720,1765,1705,1740,315656,0.02052785923753664
2022-11-24,1740,1745,1675,1735,315247,-0.002873563218390829
2022-11-25,1735,1740,1705,1725,575412,-0.0057636887608069065
2022-11-28,1870,2025,1735,1750,10681191,0.01449275362318847
2022-11-29,1765,1765,1690,1715,673381,-0.020000000000000018
2022-11-30,1715,1740,1680,1700,588022,-0.008746355685131157
2022-12-01,1705,1715,1690,1695,365506,-0.002941176470588225
2022-12-02,1695,1710,1670,1695,550564,0.0
2022-12-05,1705,1720,1670,1675,332346,-0.01179941002949858
2022-12-06,1685,1690,1615,1625,529035,-0.02985074626865669
2022-12-07,1625,1665,1600,1605,468289,-0.012307692307692353
2022-12-08,1615,1775,1530,1610,2832370,0.0031152647975076775
2022-12-09,1635,1635,1570,1590,396501,-0.012422360248447228
2022-12-12,1590,1620,1530,1560,445493,-0.018867924528301883
2022-12-13,1540,1655,1510,1560,744943,0.0
2022-12-14,1565,1600,1565,1595,218669,0.022435897435897356
2022-12-15,1580,1620,1575,1615,252299,0.012539184952978122
2022-12-16,1580,1620,1530,1620,332674,0.003095975232198178
2022-12-19,1615,1635,1600,1625,133427,0.0030864197530864335
2022-12-20,1615,1655,1575,1590,377603,-0.021538461538461506
2022-12-21,1600,1630,1575,1600,310675,0.0062893081761006275
2022-12-22,1600,1610,1545,1550,228621,-0.03125
2022-12-23,1560,1560,1415,1440,605224,-0.07096774193548383
2022-12-26,1450,1475,1400,1420,196938,-0.01388888888888884
2022-12-27,1410,1450,1410,1420,475005,0.0
2022-12-28,1430,1465,1365,1430,403782,0.007042253521126751
2022-12-29,1400,1460,1355,1355,324142,-0.05244755244755239
2023-01-02,1370,1425,1345,1355,339785,0.0
2023-01-03,1330,1390,1310,1360,312041,0.0036900369003689537
2023-01-04,1360,1380,1345,1365,136440,0.003676470588235281
2023-01-05,1380,1390,1350,1360,113219,-0.00366300366300365
2023-01-06,1335,1370,1325,1365,217649,0.003676470588235281
2023-01-09,1380,1405,1370,1395,176123,0.0219780219780219
2023-01-10,1400,1405,1360,1360,129473,-0.02508960573476704
2023-01-11,1370,1550,1345,1485,2957298,0.09191176470588225
2023-01-12,1500,1655,1485,1620,3718120,0.09090909090909083
2023-01-13,1630,1670,1590,1650,857925,0.0185185185185186
2023-01-16,1660,1730,1610,1725,702198,0.045454545454545414
2023-01-17,1725,1790,1700,1740,789695,0.008695652173912993
2023-01-18,1740,1765,1645,1670,688897,-0.04022988505747127
2023-01-19,1665,1685,1640,1660,323279,-0.005988023952095856
2023-01-20,1660,1705,1650,1705,277172,0.027108433734939652
2023-01-25,1705,1715,1620,1655,328819,-0.029325513196480912
2023-01-26,1709,1709,1625,1638,423746,-0.010271903323262888
2023-01-27,1648,1720,1629,1705,449926,0.04090354090354098
2023-01-30,1690,1709,1660,1668,281237,-0.02170087976539592
2023-01-31,1667,1690,1621,1655,362482,-0.007793764988009544
2023-02-01,1650,1664,1618,1623,383723,-0.01933534743202414
2023-02-02,1611,1665,1611,1632,163938,0.005545286506469571
2023-02-03,1632,1640,1610,1627,163780,-0.0030637254901960675
2023-02-06,1625,1719,1608,1691,587458,0.039336201598033194
2023-02-07,1670,1799,1648,1665,2608983,-0.015375517445298637
2023-02-08,1687,1747,1667,1719,674782,0.03243243243243232
2023-02-09,1712,1834,1712,1780,1411567,0.03548574752763245
2023-02-10,1771,1845,1770,1812,904896,0.01797752808988773
2023-02-13,1830,1925,1791,1812,1739113,0.0
2023-02-14,1800,1813,1755,1775,452308,-0.02041942604856517
2023-02-15,1753,1766,1703,1721,446941,-0.030422535211267587
2023-02-16,1726,1800,1726,1765,373422,0.025566531086577582
2023-02-17,1760,1789,1730,1767,232516,0.001133144475920611
2023-02-20,1755,1789,1745,1769,254436,0.0011318619128466434
2023-02-21,1770,1780,1740,1742,185462,-0.015262860373092102
2023-02-22,1742,1791,1733,1773,333466,0.017795637198622316
2023-02-23,1774,1924,1774,1924,1910089,0.08516638465877047
2023-02-24,1933,1996,1872,1909,1511276,-0.007796257796257811
2023-02-27,1874,1979,1872,1965,932140,0.029334730225248906
2023-02-28,1972,2030,1911,1996,1045156,0.01577608142493636
2023-03-02,1997,2075,1996,2065,944073,0.03456913827655317
2023-03-03,2065,2265,2045,2225,2423940,0.07748184019370452
2023-03-06,2245,2335,2100,2220,1031785,-0.0022471910112359383
2023-03-07,2220,2320,2170,2305,906854,0.03828828828828823
2023-03-08,2355,2355,2120,2310,1147214,0.002169197396963085
2023-03-09,2310,2395,2220,2235,981030,-0.03246753246753242
2023-03-10,2185,2310,2185,2225,496187,-0.004474272930648726
2023-03-13,2210,2310,2120,2275,746792,0.022471910112359605
2023-03-14,2295,2320,2195,2275,915687,0.0
2023-03-15,2310,2350,2260,2320,520987,0.01978021978021971
2023-03-16,2320,2330,2255,2315,513263,-0.0021551724137931494
2023-03-17,2290,2330,2255,2310,537853,-0.002159827213822907
2023-03-20,2305,2370,2235,2305,698333,-0.0021645021645021467
2023-03-21,2275,2305,2100,2230,1371869,-0.03253796095444683
2023-03-22,2235,2360,2230,2345,1086048,0.05156950672645744
2023-03-23,2345,2530,2335,2470,2298722,0.05330490405117261
2023-03-24,2450,2555,2400,2445,966341,-0.010121457489878583
2023-03-27,2450,2635,2440,2565,1712686,0.04907975460122693
2023-03-28,2585,2585,2435,2435,1100768,-0.050682261208576995
2023-03-29,2445,2490,2295,2485,927538,0.02053388090349073
2023-03-30,2465,2480,2375,2405,701780,-0.03219315895372232
2023-03-31,2405,2470,2350,2455,504882,0.02079002079002068
2023-04-03,2460,2615,2460,2540,956144,0.03462321792260692
2023-04-04,2545,2630,2505,2555,916806,0.0059055118110236116
2023-04-05,2555,2720,2460,2505,6472547,-0.019569471624266144
2023-04-06,2440,2460,2330,2370,1877094,-0.053892215568862256
2023-04-07,2325,2380,2210,2290,2078595,-0.03375527426160341
2023-04-10,2270,2530,2265,2530,1699719,0.10480349344978168
2023-04-11,2545,2625,2375,2415,1661988,-0.045454545454545414
2023-04-12,2415,2440,2370,2420,602326,0.0020703933747412417
2023-04-13,2420,2510,2370,2465,687852,0.018595041322314154
2023-04-14,2515,2600,2445,2545,1074641,0.032454361054766734
2023-04-17,2585,2685,2550,2640,2248038,0.037328094302554016
2023-04-18,2645,2895,2640,2870,3522803,0.08712121212121215
2023-04-19,2850,2915,2710,2855,1577887,-0.005226480836236891
2023-04-20,2900,2945,2750,2890,1891864,0.012259194395796813
2023-04-21,2905,2960,2855,2870,1320405,-0.00692041522491349
2023-04-24,2870,2945,2790,2940,1162241,0.024390243902439046
2023-04-25,2940,2985,2820,2960,1327534,0.006802721088435382
2023-04-26,2960,2970,2870,2965,648684,0.0016891891891892552
2023-04-27,2905,2960,2815,2920,745892,-0.015177065767284947
2023-04-28,2920,3180,2910,3100,2661950,0.06164383561643838
2023-05-02,3090,3160,3010,3085,836232,-0.004838709677419395
2023-05-03,3090,3315,3085,3245,1888322,0.05186385737439214
2023-05-04,3250,3290,3120,3265,943083,0.006163328197226425
2023-05-08,3235,3265,2340,2560,3521336,-0.2159264931087289
2023-05-09,2480,2790,2480,2695,3409053,0.052734375
2023-05-10,2710,2735,2310,2415,3175866,-0.10389610389610393
2023-05-11,2415,2600,2340,2550,2267521,0.05590062111801242
2023-05-12,2525,2735,2515,2700,1605317,0.05882352941176472
2023-05-15,2700,2805,2590,2795,1608594,0.03518518518518521
2023-05-16,2795,2940,2765,2850,1467005,0.019677996422182487
2023-05-17,2850,2950,2800,2815,909450,-0.012280701754386003
2023-05-18,2860,2865,2690,2830,658435,0.005328596802841812
2023-05-19,2860,2860,2760,2790,636048,-0.014134275618374548
2023-05-22,2790,2955,2785,2885,1135022,0.03405017921146958
2023-05-23,2875,3030,2870,3010,1225222,0.0433275563258233
2023-05-24,3010,3210,3000,3105,1789320,0.03156146179401986
2023-05-25,3080,3260,3080,3160,1216594,0.017713365539452575
2023-05-26,3170,3255,3130,3160,933443,0.0
2023-05-30,3120,3130,2520,2830,3118204,-0.10443037974683544
2023-05-31,2820,2930,2720,2860,789088,0.010600706713780994
2023-06-01,2835,2915,2805,2835,562213,-0.00874125874125875
2023-06-02,2800,2860,2760,2830,611388,-0.0017636684303351524
2023-06-05,2745,2850,2690,2705,1082351,-0.044169611307420475
2023-06-07,2705,2810,2645,2685,993264,-0.007393715341959317
2023-06-08,2710,2710,2560,2680,952830,-0.0018621973929237035
2023-06-09,2710,3075,2650,3005,3323089,0.12126865671641784
2023-06-12,3005,3165,2975,3145,2272515,0.04658901830282858
2023-06-13,3130,3185,3055,3130,955375,-0.004769475357710662
2023-06-14,3130,3220,3070,3085,895690,-0.014376996805111841
2023-06-15,3060,3090,2955,3025,653184,-0.01944894651539708
2023-06-16,3000,3170,2995,3170,869664,0.04793388429752077
2023-06-19,3190,3450,3100,3420,2311467,0.07886435331230279
2023-06-20,3420,3760,3175,3270,4687919,-0.04385964912280704
2023-06-21,3270,3490,3215,3310,1729945,0.012232415902140747
2023-06-22,3315,3440,3235,3255,1091962,-0.0166163141993958
2023-06-23,3260,3360,3185,3250,922205,-0.001536098310291889
2023-06-26,3220,3320,3185,3220,698661,-0.009230769230769265
2023-06-27,3190,3350,3100,3125,1304653,-0.029503105590062084
2023-06-28,3125,3170,2960,3020,1324906,-0.03359999999999996
2023-06-29,3020,3120,3005,3085,713105,0.021523178807947074
2023-06-30,3100,3150,3010,3105,711906,0.006482982171799101
2023-07-03,3170,3255,3050,3050,1031573,-0.017713365539452464
2023-07-04,3035,3115,2950,2960,980297,-0.02950819672131144
2023-07-05,2950,3390,2915,3095,4593280,0.045608108108108114
2023-07-06,3090,3115,2980,3070,960716,-0.008077544426494332
2023-07-07,3075,3250,3035,3240,1515802,0.055374592833876246
2023-07-10,3225,3295,3195,3235,1159423,-0.0015432098765432167
2023-07-11,3260,3375,3225,3335,1857818,0.03091190108191655
2023-07-12,3360,3435,3145,3210,1539813,-0.03748125937031488
2023-07-13,3260,3355,3145,3250,1240067,0.012461059190031154
2023-07-14,3250,3375,3225,3340,1303782,0.027692307692307683
2023-07-17,3370,3670,3290,3630,3831919,0.08682634730538918
2023-07-18,3590,3720,3535,3710,1585150,0.02203856749311295
2023-07-19,3765,3785,3415,3495,2603594,-0.05795148247978432
2023-07-20,3550,3550,3310,3345,1212159,-0.0429184549356223
2023-07-21,3330,3430,3230,3275,1040446,-0.020926756352765308
2023-07-24,3275,3340,3145,3200,1133363,-0.022900763358778664
2023-07-25,3165,3280,3095,3235,960965,0.010937500000000044
2023-07-26,3240,3275,3100,3195,1774965,-0.012364760432766575
2023-07-27,3195,3235,3070,3200,988326,0.0015649452269170805
2023-07-28,3200,3455,3145,3425,1303804,0.0703125
2023-07-31,3400,3405,3180,3190,1272675,-0.06861313868613139
2023-08-01,3190,3270,3180,3240,619889,0.01567398119122254
2023-08-02,3250,3290,3175,3235,439330,-0.0015432098765432167
2023-08-03,3225,3315,3180,3210,935832,-0.007727975270479082
2023-08-04,3195,3280,3160,3240,639669,0.009345794392523255
2023-08-07,3240,3265,2550,2880,3253938,-0.11111111111111116
2023-08-08,2880,2880,2725,2800,586969,-0.02777777777777779
2023-08-09,2740,2755,2370,2450,3825377,-0.125
2023-08-10,2450,2755,2450,2745,1640095,0.12040816326530601
2023-08-11,2755,2905,2655,2820,1016989,0.02732240437158473
2023-08-14,2730,2820,2610,2760,435337,-0.021276595744680882
2023-08-16,2760,2760,2610,2730,626919,-0.010869565217391353
2023-08-17,2710,2770,2630,2750,205952,0.0073260073260073
2023-08-18,2750,2880,2630,2770,833624,0.0072727272727273196
2023-08-21,2800,2950,2770,2830,539938,0.02166064981949467
2023-08-22,2795,2845,2715,2765,655841,-0.02296819787985871
2023-08-23,2765,2765,2525,2560,1286138,-0.07414104882459316
2023-08-24,2590,2810,2565,2770,896593,0.08203125
2023-08-25,2720,2800,2700,2750,428618,-0.0072202166064981865
2023-08-28,2755,2950,2750,2910,1364168,0.05818181818181811
2023-08-29,2910,3020,2875,2995,679464,0.029209621993127044
2023-08-30,3005,3085,2880,3005,908954,0.0033388981636059967
2023-08-31,3005,3305,2945,3150,4178994,0.048252911813643884
2023-09-01,3130,3220,3090,3170,849179,0.006349206349206327
2023-09-04,3315,3365,3185,3290,1903652,0.03785488958990535
2023-09-05,3290,3425,3200,3355,1482091,0.019756838905775176
2023-09-06,3315,3525,3265,3405,1791045,0.014903129657227954
2023-09-07,3370,3460,3280,3310,1001932,-0.027900146842878115
2023-09-08,3290,3450,3250,3370,904661,0.01812688821752273
2023-09-11,3350,3405,3305,3380,1273585,0.0029673590504450953
2023-09-12,3385,3570,3345,3425,1888248,0.013313609467455523
2023-09-13,3430,3645,3325,3355,2845444,-0.020437956204379604
2023-09-14,3400,3440,3310,3355,1152551,0.0
2023-09-15,3320,3390,3175,3365,1023017,0.0029806259314455463
2023-09-18,3365,3405,3275,3275,879792,-0.026745913818722156
2023-09-19,3255,3320,3135,3175,1130353,-0.03053435114503822
2023-09-20,3140,3295,3075,3265,1088875,0.02834645669291347
2023-09-21,3235,3265,3125,3200,1018331,-0.019908116385911168
2023-09-22,3100,3190,2815,3050,1692129,-0.046875
2023-09-25,2965,3100,2895,2940,1231055,-0.0360655737704918
2023-09-26,2940,3050,2800,3000,1261537,0.020408163265306145
2023-09-27,2905,3050,2900,2900,542770,-0.033333333333333326
2023-10-04,2820,2885,2650,2815,875595,-0.02931034482758621
2023-10-05,2815,2865,2725,2750,415063,-0.023090586145648295
2023-10-06,2700,2945,2700,2945,1394652,0.07090909090909081
2023-10-10,2955,3095,2955,3010,1025849,0.022071307300509435
2023-10-11,2965,3045,2850,2870,701226,-0.046511627906976716
2023-10-12,2880,3110,2880,3040,1700649,0.059233449477351874
2023-10-13,3035,3095,2770,2820,1470775,-0.07236842105263153
2023-10-16,2820,2820,1975,1975,8771873,-0.29964539007092195
2023-10-17,1990,2250,1954,2105,7332950,0.06582278481012649
2023-10-18,2060,2145,1711,1875,3312917,-0.10926365795724469
2023-10-19,1821,1893,1717,1800,1661258,-0.040000000000000036
2023-10-20,1770,1825,1690,1726,1140987,-0.0411111111111111
2023-10-23,1732,2080,1732,2045,2550526,0.18482039397450745
2023-10-24,1980,2120,1960,2070,1071422,0.012224938875305513
2023-10-25,2065,2140,2015,2085,662291,0.007246376811594235
2023-10-26,2080,2255,2045,2245,1137011,0.0767386091127098
2023-10-27,2215,2420,2215,2380,1437162,0.060133630289532336
2023-10-30,2390,2540,2360,2505,1351568,0.05252100840336138
2023-10-31,2505,2505,2260,2385,1237309,-0.04790419161676651
2023-11-01,2355,2530,2355,2510,627101,0.052410901467505155
2023-11-02,2510,2605,2450,2510,681700,0.0
2023-11-03,2535,2535,2400,2455,262835,-0.021912350597609542
2023-11-06,2500,2500,2375,2465,717353,0.004073319755600879
2023-11-07,2460,2730,2400,2680,1632577,0.0872210953346857
2023-11-08,2655,2775,2650,2705,837327,0.009328358208955168
2023-11-09,2780,2885,2615,2660,1669078,-0.01663585951940849
2023-11-10,2770,2870,2680,2700,2793905,0.015037593984962516
2023-11-13,2700,2860,2695,2780,671443,0.029629629629629672
2023-11-14,2785,2830,2755,2780,324862,0.0
2023-11-15,2820,2830,2755,2780,239088,0.0
2023-11-16,2775,2775,2580,2690,815259,-0.03237410071942448
2023-11-17,2645,2685,2330,2530,1299644,-0.059479553903345694
2023-11-20,2530,2680,2520,2600,290646,0.027667984189723382
2023-11-21,2590,2625,2550,2600,174399,0.0
2023-11-22,2595,2715,2590,2700,336868,0.03846153846153855
2023-11-23,2730,2765,2605,2765,674698,0.024074074074074137
2023-11-24,2775,2910,2740,2800,901316,0.012658227848101333
2023-11-27,2800,2835,2730,2770,398731,-0.010714285714285676
2023-11-28,2760,2815,2635,2670,545904,-0.03610108303249093
2023-11-29,2670,2935,2645,2750,1319472,0.029962546816479474
2023-11-30,2640,2860,2580,2600,767334,-0.054545454545454564
2023-12-01,2630,2695,2565,2570,572129,-0.011538461538461497
2023-12-04,2600,2625,2540,2575,311726,0.0019455252918287869
2023-12-05,2555,2580,2485,2500,307166,-0.029126213592232997
2023-12-06,2520,2690,2510,2640,326519,0.05600000000000005
2023-12-07,2630,2710,2620,2710,398349,0.026515151515151603
2023-12-08,2710,2800,2615,2670,555867,-0.014760147601476037
2023-12-11,2620,2670,2530,2565,400339,-0.0393258426966292
2023-12-12,2565,2635,2530,2630,249248,0.025341130604288553
2023-12-13,2635,2720,2550,2635,428777,0.0019011406844107182
2023-12-14,2635,2655,2525,2650,408711,0.005692599620493288
2023-12-15,2650,2650,2575,2610,157233,-0.015094339622641506
2023-12-18,2615,2695,2560,2560,365985,-0.019157088122605415
2023-12-19,2720,2740,2585,2645,890426,0.033203125
2023-12-20,2650,2700,2550,2645,568358,0.0
2023-12-21,2630,2665,2590,2625,252944,-0.007561436672967825
2023-12-22,2625,2810,2600,2780,1461063,0.059047619047619015
2023-12-26,2795,2995,2785,2830,1743702,0.017985611510791477
2023-12-27,2820,2980,2780,2890,2016570,0.021201413427561766
2023-12-28,2890,2890,2700,2700,861221,-0.06574394463667821
2024-01-02,2700,2850,2680,2820,448056,0.04444444444444451
2024-01-03,2765,2830,2750,2820,196564,0.0
2024-01-04,2805,2805,2715,2770,172326,-0.01773049645390068
2024-01-05,2750,2770,2700,2720,167699,-0.018050541516245522
2024-01-08,2745,2745,2660,2720,185677,0.0
2024-01-09,2700,2750,2680,2720,201780,0.0
2024-01-10,2720,2850,2650,2785,567440,0.023897058823529438
2024-01-11,2785,2800,2735,2760,196504,-0.008976660682226245
2024-01-12,2760,2775,2685,2695,285497,-0.023550724637681153
2024-01-15,2670,2710,2640,2675,162594,-0.007421150278293154
2024-01-16,2660,2725,2645,2670,100784,-0.0018691588785046953
2024-01-17,2650,2735,2640,2670,223473,0.0
2024-01-18,2660,2715,2590,2675,301388,0.001872659176029856
2024-01-19,2705,2715,2600,2660,366787,-0.005607476635513975
2024-01-22,2655,2770,2515,2570,1037737,-0.03383458646616544
2024-01-23,2600,2815,2485,2800,1976619,0.08949416342412442
2024-01-24,2710,2725,2490,2530,1546344,-0.09642857142857142
2024-01-25,2540,2555,2240,2395,923287,-0.05335968379446643
2024-01-26,2395,2570,2310,2500,509078,0.04384133611691032
2024-01-29,2550,2575,2430,2500,483733,0.0
2024-01-30,2455,2525,2395,2460,343530,-0.016000000000000014
2024-01-31,2430,2515,2410,2440,194324,-0.008130081300813052
2024-02-01,2440,2495,2290,2400,317953,-0.016393442622950838
2024-02-02,2400,2435,2295,2300,437107,-0.04166666666666663
2024-02-05,2310,2330,2245,2295,248558,-0.0021739130434782483
2024-02-06,2320,2320,2175,2245,372285,-0.02178649237472763
2024-02-07,2240,2255,2100,2150,391321,-0.04231625835189312
2024-02-08,2150,2170,2050,2115,360809,-0.016279069767441867
2024-02-13,2115,2115,1995,2060,779600,-0.026004728132387744
2024-02-14,2080,2170,2035,2110,492861,0.024271844660194164
2024-02-15,2180,2180,2010,2035,457015,-0.03554502369668244
2024-02-16,2035,2120,2010,2070,358965,0.017199017199017286
2024-02-19,2150,2360,2085,2250,902629,0.08695652173913038
2024-02-20,2300,2300,2200,2280,316147,0.01333333333333342
2024-02-21,2255,2315,2195,2195,355917,-0.037280701754385914
2024-02-22,2195,2300,2175,2215,340057,0.009111617312072884
2024-02-23,2215,2350,2180,2305,435487,0.040632054176072296
2024-02-26,2350,2350,2220,2245,219994,-0.026030368763557465
2024-02-27,2245,2310,2105,2225,232160,-0.008908685968819552
2024-02-28,2225,2255,2150,2195,272174,-0.013483146067415741
2024-02-29,2195,2300,2155,2220,403254,0.011389521640091216
2024-03-04,2280,2280,2135,2200,229413,-0.009009009009009028
2024-03-05,2165,2210,2055,2120,307545,-0.036363636363636376
2024-03-06,2130,2295,2055,2245,384385,0.0589622641509433
2024-03-07,2250,2350,2200,2240,244425,-0.00222717149220486
2024-03-08,2235,2285,2160,2165,202040,-0.033482142857142905
2024-03-11,2165,2205,2065,2180,213629,0.006928406466512715
2024-03-12,2240,2295,2130,2240,480963,0.02752293577981657
2024-03-13,2275,2275,2180,2235,233485,-0.0022321428571429047
2024-03-14,2260,2400,2125,2135,1393076,-0.044742729306487705
2024-03-15,2140,2155,2090,2140,190520,0.0023419203747072626
2024-03-18,2170,2220,2110,2150,301632,0.004672897196261738
2024-03-19,2170,2170,2085,2150,351066,0.0
2024-03-20,2150,2255,2150,2190,326554,0.018604651162790642
2024-03-21,2200,2305,2185,2275,995287,0.038812785388127935
2024-03-22,2275,2350,2255,2255,468156,-0.00879120879120876
2024-03-25,2270,2305,2190,2205,365890,-0.022172949002217335
2024-03-26,2235,2410,2165,2380,1822457,0.0793650793650793
2024-03-27,2345,2695,2315,2640,2123758,0.10924369747899165
2024-03-28,2585,2630,2445,2495,850545,-0.05492424242424243
2024-03-29,2470,2625,2450,2620,985417,0.05010020040080154
2024-04-01,3200,3235,2615,2645,7872843,0.009541984732824416
2024-04-02,2620,2625,2400,2620,1242275,-0.009451795841209809
2024-04-03,2555,2650,2520,2560,577016,-0.022900763358778664
2024-04-04,2510,2655,2435,2575,633854,0.005859375
2024-04-05,2550,2615,2465,2570,395861,-0.001941747572815511
2024-04-08,2570,2585,2485,2485,267402,-0.03307392996108949
2024-04-09,2510,2530,2470,2495,217087,0.004024144869215318
2024-04-11,2450,2750,2450,2455,2836171,-0.01603206412825653
2024-04-12,2455,2560,2435,2480,542290,0.010183299389002087
2024-04-15,2480,2480,2400,2435,304738,-0.01814516129032262
2024-04-16,2435,2775,2320,2540,6914083,0.04312114989733051
2024-04-17,2650,2845,2480,2480,3422477,-0.023622047244094446
2024-04-18,2475,2550,2435,2505,602430,0.010080645161290258
2024-04-19,2470,2530,2380,2435,546591,-0.027944111776447067
2024-04-22,2435,2470,2380,2385,309552,-0.02053388090349073
2024-04-23,2385,2420,2345,2345,273306,-0.016771488469601636
2024-04-24,2375,2375,2305,2330,259512,-0.006396588486140775
2024-04-25,2315,2450,2310,2330,295523,0.0
2024-04-26,2355,2385,2285,2285,220810,-0.01931330472102999
2024-04-29,2285,2365,2240,2340,377241,0.024070021881838155
2024-04-30,2340,2340,2240,2280,508055,-0.02564102564102566
2024-05-02,2255,2295,2200,2220,408942,-0.02631578947368418
2024-05-03,2215,2280,2035,2135,1258052,-0.03828828828828834
2024-05-07,2135,2185,2055,2175,374404,0.0187353629976581
2024-05-08,2175,2220,2100,2215,259122,0.01839080459770126
2024-05-09,2215,2225,2185,2205,189935,-0.004514672686230292
2024-05-10,2225,2270,2180,2200,250430,-0.0022675736961451642
2024-05-13,2180,2340,2130,2310,493103,0.050000000000000044
2024-05-14,2275,2320,2255,2285,190555,-0.010822510822510845
2024-05-16,2265,2345,2260,2305,353594,0.00875273522975939
2024-05-17,2300,2350,2270,2295,211814,-0.004338394793926281
2024-05-20,2330,2330,2200,2210,386061,-0.03703703703703709
2024-05-21,2210,2270,2185,2265,255207,0.02488687782805421
2024-05-22,2265,2265,2165,2175,345348,-0.039735099337748325
2024-05-23,2175,2200,2120,2150,165707,-0.011494252873563204
2024-05-24,2145,2255,2135,2210,175413,0.027906976744185963
2024-05-27,2245,2245,2135,2200,200430,-0.004524886877828038
2024-05-28,2180,2200,2155,2180,167019,-0.009090909090909038
2024-05-29,2180,2190,2135,2160,170355,-0.00917431192660545
2024-05-30,2190,2255,2135,2225,244711,0.03009259259259256
2024-05-31,2200,2335,2200,2260,325379,0.01573033707865168
2024-06-03,2270,2390,2270,2335,743262,0.0331858407079646
2024-06-04,2340,2350,2275,2320,200134,-0.0064239828693790635
2024-06-05,2350,2365,2070,2150,934086,-0.07327586206896552
2024-06-07,2140,2170,2080,2135,238586,-0.006976744186046546
2024-06-10,2100,2150,2075,2130,178808,-0.0023419203747072626
2024-06-11,2145,2145,2080,2120,219932,-0.0046948356807511304
2024-06-12,2120,2135,2090,2120,153002,0.0
2024-06-13,2130,2220,2110,2180,202082,0.028301886792452935
2024-06-14,2200,2220,2145,2200,229938,0.00917431192660545
2024-06-17,2240,2310,2185,2250,2155501,0.022727272727272707
2024-06-18,2275,2275,2150,2165,257464,-0.0377777777777778
2024-06-19,2180,2215,2105,2170,368658,0.002309468822170979
2024-06-20,2150,2175,2105,2105,177070,-0.02995391705069128
2024-06-21,2100,2170,2015,2060,567736,-0.02137767220902609
2024-06-24,2060,2090,2005,2055,237186,-0.0024271844660194164
2024-06-25,2055,2085,2000,2000,303672,-0.02676399026763987
2024-06-26,2000,2055,1957,2005,347563,0.0024999999999999467
2024-06-27,1990,2140,1990,2100,409299,0.04738154613466339
2024-06-28,2135,2135,2060,2075,118248,-0.011904761904761862
2024-07-01,2080,2080,2010,2015,229704,-0.028915662650602414
2024-07-02,2015,2045,1987,1990,220342,-0.012406947890818865
2024-07-03,1992,2050,1950,1950,296768,-0.02010050251256279
2024-07-04,1989,1990,1850,1962,436939,0.006153846153846176
2024-07-05,1963,2060,1963,2030,460480,0.03465851172273182
2024-07-08,2030,2085,2005,2005,190287,-0.012315270935960632
2024-07-09,1997,2040,1974,1980,303411,-0.012468827930174564
2024-07-10,1998,2040,1965,1994,192746,0.007070707070707005
2024-07-11,1994,2050,1965,2035,301917,0.020561685055165535
2024-07-12,2025,2040,1998,2020,291506,-0.0073710073710073765
2024-07-15,2020,2080,1996,2060,210160,0.01980198019801982
2024-07-16,2060,2175,2030,2125,471763,0.031553398058252524
2024-07-17,2140,2160,2050,2080,120989,-0.02117647058823524
2024-07-18,2105,2105,1984,2015,255391,-0.03125
2024-07-19,2020,2085,2000,2040,379146,0.012406947890818865
2024-07-22,2040,2070,1999,2010,245261,-0.014705882352941124
2024-07-23,2015,2110,2015,2045,238763,0.017412935323383172
2024-07-24,2045,2045,1999,2020,200540,-0.012224938875305624
2024-07-25,2100,2160,1991,2035,516786,0.007425742574257432
2024-07-26,2060,2060,1996,2010,182943,-0.012285012285012331
2024-07-29,1993,2015,1956,1974,180542,-0.017910447761193993
2024-07-30,1986,1986,1887,1925,178348,-0.024822695035460973
2024-07-31,1925,1999,1873,1988,242329,0.032727272727272716
2024-08-01,1985,1987,1920,1940,220963,-0.024144869215291798
2024-08-02,1902,1937,1865,1878,233807,-0.031958762886597936
2024-08-05,1875,1875,1646,1657,448117,-0.11767838125665597
2024-08-06,1540,1785,1540,1743,361112,0.05190102595051305
2024-08-07,1790,1845,1725,1800,273044,0.03270223752151469
2024-08-08,1800,1828,1721,1743,90933,-0.03166666666666662
2024-08-09,1776,1783,1728,1766,87341,0.013195639701663708
2024-08-12,1766,1798,1751,1766,55393,0.0
2024-08-13,1785,1820,1680,1819,148476,0.030011325028312497
2024-08-14,1819,1869,1804,1826,110562,0.003848268279274425
2024-08-16,1821,1848,1806,1823,75159,-0.0016429353778751876
2024-08-19,1807,1840,1752,1787,132332,-0.01974766867800326
2024-08-20,1799,1818,1756,1797,135705,0.005595970900951208
2024-08-21,1808,1809,1766,1805,65780,0.004451864218141255
2024-08-22,1805,1814,1692,1696,153352,-0.06038781163434903
2024-08-23,1696,1800,1615,1718,290556,0.01297169811320753
2024-08-26,1700,1718,1665,1682,101962,-0.020954598370197863
2024-08-27,1682,1742,1674,1737,82310,0.03269916765755054
2024-08-28,1737,1762,1711,1740,67226,0.0017271157167531026
2024-08-29,1740,1740,1687,1713,136062,-0.01551724137931032
2024-08-30,1713,1833,1713,1810,391077,0.05662580268534745
2024-09-02,1810,1891,1800,1857,320255,0.025966850828729182
2024-09-03,1880,1945,1850,1861,355683,0.002154011847065096
2024-09-04,1821,1880,1821,1864,105765,0.001612036539494932
2024-09-05,1864,2050,1864,1920,564174,0.030042918454935563
2024-09-06,1958,1958,1810,1925,182525,0.0026041666666667407
2024-09-09,1929,2060,1927,2050,1045881,0.06493506493506485
2024-09-10,2065,2105,1922,1990,481964,-0.029268292682926855
2024-09-11,2005,2040,1960,1965,438190,-0.012562814070351758
2024-09-12,2265,2280,1970,1970,3229803,0.0025445292620864812
2024-09-13,1960,2130,1960,2090,1121995,0.060913705583756306
2024-09-19,2135,2345,2110,2345,1446931,0.12200956937799035
2024-09-20,2335,2455,2255,2320,1087406,-0.010660980810234588
2024-09-23,2320,2355,2285,2345,293477,0.010775862068965525
2024-09-24,2345,2370,2270,2290,311040,-0.023454157782516027
2024-09-25,2290,2290,2080,2085,601442,-0.08951965065502188
2024-09-26,2095,2135,2075,2115,262661,0.014388489208633004
2024-09-27,2110,2145,2075,2085,142296,-0.014184397163120588
2024-09-30,2090,2160,2065,2145,209225,0.02877697841726623
2024-10-02,2105,2145,2055,2125,153433,-0.009324009324009341
2024-10-04,2120,2125,2060,2080,157841,-0.02117647058823524
2024-10-07,2145,2145,2035,2075,151051,-0.0024038461538461453
2024-10-08,2040,2075,2010,2040,110336,-0.016867469879518038
2024-10-10,2040,2070,2010,2060,153004,0.009803921568627416
2024-10-11,2040,2165,2040,2140,200954,0.03883495145631066
2024-10-14,2140,2340,2130,2330,575838,0.08878504672897192
2024-10-15,2295,2360,2195,2235,508957,-0.04077253218884125
2024-10-16,2170,2235,2135,2190,245462,-0.020134228187919434
2024-10-17,2190,2275,2125,2255,247141,0.029680365296803624
2024-10-18,2255,2315,2225,2290,232033,0.015521064301552201
2024-10-21,2280,2280,2155,2190,248572,-0.04366812227074235
2024-10-22,2140,2185,1991,2050,623362,-0.0639269406392694
2024-10-23,2040,2055,1940,2040,228342,-0.004878048780487809
2024-10-24,2020,2095,1990,2050,176831,0.004901960784313708
2024-10-25,2050,2080,1997,2025,129321,-0.012195121951219523
2024-10-28,2025,2040,1990,2000,131727,-0.012345679012345734
2024-10-29,1977,1977,1810,1869,742170,-0.0655
2024-10-30,1875,1899,1761,1873,522453,0.0021401819154627244
2024-10-31,1848,1894,1794,1825,201888,-0.02562733582487986
2024-11-01,1764,1850,1764,1826,151115,0.0005479452054795164
2024-11-04,1824,1917,1807,1879,126733,0.029025191675793982
2024-11-05,1879,1900,1824,1861,98806,-0.009579563597658325
2024-11-06,1846,1915,1825,1826,82336,-0.018807092960773764
2024-11-07,1856,1857,1823,1840,59622,0.00766703176341732
2024-11-08,1857,1857,1820,1831,72187,-0.004891304347826142
2024-11-11,1879,1879,1740,1777,205564,-0.029492080830147427
2024-11-12,1759,1800,1672,1690,290813,-0.04895891952729314
2024-11-13,1700,1718,1623,1640,163536,-0.029585798816568087
2024-11-14,1678,1697,1601,1640,85916,0.0
2024-11-15,1640,1879,1601,1814,506880,0.10609756097560985
2024-11-18,1855,1915,1824,1892,255265,0.04299889746416752
2024-11-19,1890,1921,1821,1869,129865,-0.012156448202959802
2024-11-20,1868,1868,1785,1797,106610,-0.038523274478330705
2024-11-21,1796,1796,1720,1735,180726,-0.03450194769059545
2024-11-22,1735,1765,1723,1736,111217,0.0005763688760807018
2024-11-25,1745,1817,1707,1720,153054,-0.009216589861751112
2024-11-26,1740,1745,1702,1720,227163,0.0
2024-11-27,1730,1870,1714,1728,786033,0.0046511627906977715
2024-11-28,1703,1738,1692,1707,108330,-0.01215277777777779
2024-11-29,1706,1706,1626,1631,346831,-0.044522554188635044
2024-12-02,1631,1637,1560,1573,254704,-0.03556100551808705
2024-12-03,1573,1590,1557,1573,197021,0.0
2024-12-04,1500,1587,1500,1573,261742,0.0
2024-12-05,1580,1585,1511,1512,141939,-0.03877940241576605
2024-12-06,1512,1547,1485,1547,247607,0.02314814814814814
2024-12-09,1549,1549,1270,1272,521207,-0.17776341305753074
2024-12-10,1239,1330,1228,1305,603395,0.02594339622641506
2024-12-11,1275,1330,1275,1305,270268,0.0
2024-12-12,1302,1385,1280,1355,367498,0.03831417624521083
2024-12-13,1355,1389,1288,1297,504979,-0.04280442804428042
2024-12-16,1305,1385,1305,1351,257822,0.041634541249036205
2024-12-17,1351,1351,1320,1328,90915,-0.01702442635085122
2024-12-18,1315,1382,1315,1380,188507,0.03915662650602414
2024-12-19,1350,1461,1331,1453,258472,0.05289855072463778
2024-12-20,1458,1466,1332,1400,270117,-0.03647625602202342
2024-12-23,1402,1414,1360,1383,114449,-0.012142857142857122
2024-12-24,1380,1411,1366,1366,66349,-0.012292118582791
2024-12-26,1366,1382,1295,1304,107006,-0.0453879941434846
2024-12-27,1304,1319,1270,1315,157090,0.008435582822085896
2024-12-30,1314,1327,1276,1318,51121,0.0022813688212928174
2025-01-02,1287,1327,1287,1325,68838,0.005311077389984931
2025-01-03,1325,1370,1304,1352,117424,0.02037735849056599
2025-01-06,1352,1400,1352,1381,107211,0.02144970414201186
2025-01-07,1380,1401,1355,1372,95201,-0.00651701665459814
2025-01-08,1372,1435,1340,1370,438458,-0.001457725947521915
2025-01-09,1366,1366,1291,1298,307151,-0.052554744525547425
2025-01-10,1326,1326,1240,1267,436870,-0.023882896764252703
2025-01-13,1269,1269,1197,1207,597311,-0.04735595895816891
2025-01-14,1207,1238,1202,1208,243444,0.0008285004142503105
2025-01-15,1202,1223,1185,1220,259514,0.009933774834437026
2025-01-16,1208,1260,1208,1257,346910,0.030327868852459083
2025-01-17,1257,1257,1189,1225,306681,-0.02545743834526648
2025-01-20,1240,1249,1176,1189,232070,-0.029387755102040836
2025-01-21,1189,1199,1167,1171,208014,-0.015138772077375906
2025-01-22,1161,1219,1065,1190,933621,0.016225448334756587
2025-01-23,1188,1276,1161,1253,725140,0.05294117647058827
2025-01-24,1285,1337,1226,1293,530072,0.0319233838786912
2025-01-31,1300,1340,1232,1299,385574,0.004640371229698292
2025-02-03,1299,1320,1191,1207,186268,-0.07082371054657433
2025-02-04,1208,1293,1207,1270,490838,0.05219552609776312
2025-02-05,1286,1323,1272,1310,357821,0.03149606299212593
2025-02-06,1340,1360,1273,1319,1126613,0.006870229007633677
2025-02-07,1319,1355,1226,1348,1099052,0.021986353297952954
2025-02-10,1348,1425,1309,1409,1127868,0.04525222551928776
2025-02-11,1395,1424,1354,1400,624068,-0.0063875088715400485
2025-02-12,1386,1427,1365,1365,1076093,-0.025000000000000022
2025-02-13,1356,1455,1319,1435,1233032,0.05128205128205132
2025-02-14,1435,1495,1410,1489,1300501,0.037630662020905925
2025-02-17,1493,1533,1436,1466,1232095,-0.015446608462055034
2025-02-18,1460,1475,1416,1430,1449029,-0.024556616643929052
2025-02-19,1430,1470,1397,1428,1286511,-0.0013986013986013734
2025-02-20,1400,1491,1393,1464,1036058,0.025210084033613356
2025-02-21,1461,1577,1429,1559,1997772,0.0648907103825136
2025-02-24,1599,1626,1500,1599,1351663,0.02565747273893515
2025-02-25,1580,1625,1552,1600,868133,0.0006253908692932519
2025-02-26,1593,1611,1566,1603,841808,0.001875000000000071
2025-02-27,1610,1636,1586,1625,951027,0.013724266999376233
2025-02-28,1625,1637,1580,1619,157810,-0.0036923076923076614
2025-03-04,1619,1640,1563,1619,1110401,0.0
2025-03-05,1619,1678,1586,1614,967574,-0.0030883261272390827
2025-03-06,1610,1638,1516,1614,1387467,0.0
2025-03-07,1556,1614,1532,1559,679083,-0.03407682775712517
2025-03-10,1497,1561,1353,1510,1454481,-0.0314304041051956
2025-03-11,1498,1512,1385,1507,705409,-0.001986754966887383
2025-03-12,1486,1531,1409,1461,1504887,-0.030524220305242156
2025-03-13,1510,1841,1464,1769,5597694,0.2108145106091719
2025-03-14,1760,1895,1655,1866,2125445,0.05483323911814586
2025-03-17,1850,1870,1712,1870,1219340,0.002143622722400762
2025-03-18,1869,1888,1699,1798,2148822,-0.0385026737967914
2025-03-19,1820,1863,1756,1850,868241,0.028921023359288034
2025-03-20,1810,1872,1781,1835,1501897,-0.008108108108108136
2025-03-21,1840,1864,1760,1800,830308,-0.019073569482288777
2025-03-24,1849,1875,1710,1787,1318671,-0.007222222222222241
2025-03-25,1832,1832,1752,1813,516453,0.014549524342473363
2025-03-26,1813,1854,1745,1760,686685,-0.02923331494760062
2025-03-27,1790,1835,1719,1825,2166626,0.03693181818181812
2025-03-28,1825,1969,1810,1952,1522488,0.06958904109589037
2025-03-31,1940,1960,1820,1857,1051206,-0.04866803278688525
2025-04-01,1897,1897,1744,1752,927089,-0.056542810985460434
2025-04-02,1748,1800,1723,1774,902481,0.01255707762557079
2025-04-03,1735,1785,1685,1685,512010,-0.05016910935738439
2025-04-04,1686,1727,1567,1727,1506937,0.02492581602373889
2025-04-07,1727,1734,1664,1700,326999,-0.015634047481181246
2025-04-08,1684,1734,1651,1669,379450,-0.018235294117647016
2025-04-09,1669,1700,1590,1675,436688,0.003594967046135489
2025-04-10,1676,1744,1656,1670,309097,-0.0029850746268657025
2025-04-11,1657,1717,1647,1678,480122,0.004790419161676551
2025-04-14,1679,1683,1580,1600,334133,-0.04648390941597136
2025-04-15,1615,1650,1582,1594,445355,-0.003750000000000031
2025-04-16,1610,1650,1560,1605,616758,0.006900878293601087
2025-04-17,1610,1694,1550,1687,1125192,0.05109034267912782
2025-04-18,1687,1725,1536,1702,1316419,0.00889152341434496
2025-04-21,1749,1751,1674,1727,933405,0.014688601645123311
2025-04-22,1718,1730,1640,1706,802577,-0.012159814707585426
2025-04-23,1715,1718,1594,1647,833009,-0.03458382180539277
2025-04-24,1647,1699,1611,1679,1490559,0.01942926533090472
2025-04-25,1684,1710,1650,1697,401445,0.010720667063728317
2025-04-28,1697,1729,1659,1700,712921,0.001767825574543247
2025-04-29,1700,1789,1670,1730,811195,0.01764705882352935
2025-04-30,1719,1820,1670,1754,1806512,0.01387283236994219
2025-05-02,1800,1841,1756,1839,796682,0.04846066134549609
2025-05-07,1850,1925,1817,1900,1219528,0.03317020119630243
2025-05-08,1900,1903,1762,1800,940236,-0.052631578947368474
2025-05-09,1770,1799,1686,1733,1170639,-0.03722222222222227
2025-05-12,1865,1890,1635,1699,2075882,-0.019619157530294307
2025-05-13,1699,1729,1570,1600,1191948,-0.058269570335491516
2025-05-14,1615,1615,1570,1583,348221,-0.010624999999999996
2025-05-15,1583,1604,1551,1587,716437,0.0025268477574225123
2025-05-16,1587,1599,1520,1560,765238,-0.017013232514177745
2025-05-19,1560,1560,1092,1092,5123673,-0.30000000000000004
2025-05-20,830,849,765,765,25054891,-0.2994505494505495
2025-05-21,690,859,690,849,30900702,0.1098039215686275
2025-05-22,849,866,752,756,8372720,-0.10954063604240283
2025-05-23,760,810,758,763,5207140,0.0092592592592593
2025-05-26,757,774,730,750,1951881,-0.017038007863695914
2025-05-27,737,761,691,700,3371891,-0.06666666666666665
2025-05-28,700,710,593,676,7873248,-0.03428571428571425
2025-05-29,679,755,650,735,4758268,0.08727810650887569
2025-05-30,741,804,728,730,4236693,-0.006802721088435382
2025-06-02,730,745,700,709,1032200,-0.02876712328767128
2025-06-04,709,715,686,701,890276,-0.01128349788434413
2025-06-05,705,715,691,707,674206,0.008559201141226769
2025-06-09,707,707,666,673,1334548,-0.048090523338048086
2025-06-10,673,679,655,661,849790,-0.017830609212481474
2025-06-11,665,700,663,676,741693,0.0226928895612708
2025-06-12,675,711,655,672,1108340,-0.00591715976331364
2025-06-13,673,673,628,633,1066682,-0.0580357142857143
2025-06-16,629,646,523,537,4265127,-0.15165876777251186
2025-06-17,537,595,500,568,4250941,0.05772811918063314
2025-06-18,566,599,545,578,1223319,0.01760563380281699
2025-06-19,589,589,555,562,457088,-0.02768166089965396
2025-06-20,562,673,555,648,4897595,0.15302491103202853
2025-06-23,650,689,611,666,1984296,0.02777777777777768
