Date,Open,High,Low,Close,Volume,Change
2022-01-03,8560,8690,8550,8630,47181,0.0
2022-01-04,8550,8930,8550,8860,106264,0.02665121668597914
2022-01-05,8860,8860,8630,8740,67854,-0.013544018058690765
2022-01-06,8600,8800,8510,8650,54044,-0.010297482837528626
2022-01-07,8620,8750,8620,8720,46996,0.008092485549132888
2022-01-10,8800,8800,8570,8700,67626,-0.002293577981651418
2022-01-11,8700,8780,8460,8510,62532,-0.02183908045977012
2022-01-12,8510,8930,8510,8750,83238,0.02820211515863691
2022-01-13,8830,8970,8680,8920,95233,0.01942857142857135
2022-01-14,8890,9200,8760,9000,209523,0.008968609865470878
2022-01-17,9000,9190,8890,8970,96668,-0.0033333333333332993
2022-01-18,8930,9220,8850,8870,90125,-0.01114827201783719
2022-01-19,8710,9140,8700,8940,53322,0.007891770011273946
2022-01-20,8940,9160,8930,9070,84192,0.014541387024608499
2022-01-21,9080,9100,8850,8930,74971,-0.015435501653803696
2022-01-24,8840,8840,8410,8540,111283,-0.043673012318029114
2022-01-25,8530,8590,8200,8270,90025,-0.031615925058548044
2022-01-26,8250,8500,8210,8330,38748,0.007255139056831839
2022-01-27,8500,8500,8120,8190,61618,-0.01680672268907568
2022-01-28,8190,8470,8050,8410,50382,0.026862026862026767
2022-02-03,8500,8680,8450,8610,39169,0.02378121284185486
2022-02-04,8590,8660,8500,8620,28586,0.0011614401858304202
2022-02-07,8620,8680,8500,8550,22987,-0.008120649651972123
2022-02-08,8530,8650,8320,8440,38464,-0.012865497076023358
2022-02-09,8320,8700,8320,8560,85603,0.014218009478673022
2022-02-10,8520,8770,8460,8490,51921,-0.008177570093457986
2022-02-11,8490,8490,8300,8340,31254,-0.017667844522968212
2022-02-14,8240,8270,7900,7950,89743,-0.046762589928057596
2022-02-15,7900,8010,7820,7860,35826,-0.01132075471698113
2022-02-16,7870,8150,7870,8140,28949,0.03562340966921118
2022-02-17,8180,8250,7900,8050,44736,-0.011056511056511065
2022-02-18,7950,8230,7920,8180,21750,0.016149068322981464
2022-02-21,8090,8110,7910,8090,19465,-0.011002444987775029
2022-02-22,7930,8140,7860,7900,72119,-0.023485784919653918
2022-02-23,7910,8080,7910,8080,19424,0.022784810126582178
2022-02-24,8020,8020,7770,7810,54768,-0.033415841584158446
2022-02-25,7940,8040,7900,7980,34541,0.02176696542893719
2022-02-28,8060,8080,7930,8020,17790,0.005012531328320913
2022-03-02,8020,8080,7950,8040,10448,0.0024937655860348684
2022-03-03,8100,8250,8040,8200,41304,0.01990049751243772
2022-03-04,8140,8250,8040,8170,20111,-0.003658536585365857
2022-03-07,8130,8130,7960,8040,23324,-0.01591187270501837
2022-03-08,7960,7960,7780,7890,35601,-0.018656716417910446
2022-03-10,7970,8020,7930,7980,25114,0.011406844106463865
2022-03-11,7980,8100,7930,8080,18140,0.012531328320801949
2022-03-14,8080,8130,7950,8000,18714,-0.00990099009900991
2022-03-15,7970,8000,7910,7930,13000,-0.008750000000000036
2022-03-16,7980,8080,7920,8060,16886,0.016393442622950838
2022-03-17,8090,8230,8090,8140,26254,0.00992555831265518
2022-03-18,8140,8200,8070,8170,15205,0.0036855036855036882
2022-03-21,8160,8260,8160,8220,30455,0.006119951040391758
2022-03-22,8190,8300,8190,8270,15326,0.006082725060827299
2022-03-23,8320,8320,8180,8220,18391,-0.006045949214026569
2022-03-24,8170,8350,8130,8250,29030,0.0036496350364962904
2022-03-25,8350,8350,8180,8210,13354,-0.00484848484848488
2022-03-28,8260,8290,8190,8240,16924,0.0036540803897686658
2022-03-29,8210,8290,8200,8250,17011,0.0012135922330096527
2022-03-30,8330,8350,8250,8260,12958,0.00121212121212122
2022-03-31,8260,8520,8260,8450,53144,0.02300242130750596
2022-04-01,8450,8510,8370,8420,25872,-0.0035502958579881616
2022-04-04,8590,8650,8460,8560,54597,0.016627078384798155
2022-04-05,8560,8640,8470,8530,37268,-0.003504672897196248
2022-04-06,8510,8510,8320,8380,33928,-0.017584994138335253
2022-04-07,8320,8320,8110,8200,33558,-0.021479713603818618
2022-04-08,8160,8340,8130,8310,35097,0.013414634146341475
2022-04-11,8350,8350,8200,8250,28246,-0.0072202166064981865
2022-04-12,8150,8190,8050,8100,23857,-0.018181818181818188
2022-04-13,8060,8270,8060,8180,12060,0.009876543209876631
2022-04-14,8260,8260,8130,8220,15207,0.004889975550122161
2022-04-15,8200,8210,8070,8140,15967,-0.009732360097323589
2022-04-18,8140,8190,8080,8120,22643,-0.002457002457002422
2022-04-19,8030,8180,8030,8170,23109,0.006157635467980205
2022-04-20,8250,8360,8170,8310,32687,0.017135862913096656
2022-04-21,8310,8400,8280,8300,28836,-0.001203369434416346
2022-04-22,8310,8370,8200,8280,24506,-0.002409638554216831
2022-04-25,8150,8170,8060,8080,24598,-0.024154589371980673
2022-04-26,8040,8160,8040,8080,25142,0.0
2022-04-27,7950,8010,7890,8010,46792,-0.008663366336633671
2022-04-28,7970,8060,7960,8030,10865,0.0024968789013732895
2022-04-29,8030,8140,7990,8090,10033,0.007471980074719831
2022-05-02,8070,8070,7960,8040,20241,-0.006180469715698411
2022-05-03,8090,8100,7970,8020,30066,-0.0024875621890547706
2022-05-04,8020,8160,8000,8130,26694,0.013715710723191998
2022-05-06,8020,8070,7990,8000,16287,-0.01599015990159902
2022-05-09,7950,7950,7770,7770,36807,-0.028750000000000053
2022-05-10,7610,7700,7400,7650,49752,-0.015444015444015413
2022-05-11,7590,7820,7560,7800,17117,0.019607843137254832
2022-05-12,7720,7780,7500,7670,41283,-0.01666666666666672
2022-05-13,7620,7830,7620,7740,14582,0.009126466753585305
2022-05-16,7820,7890,7690,7800,16232,0.007751937984496138
2022-05-17,7800,7850,7740,7810,16804,0.0012820512820512775
2022-05-18,7810,7830,7630,7660,29223,-0.01920614596670933
2022-05-19,7480,7590,7460,7590,21471,-0.009138381201044377
2022-05-20,7540,7750,7520,7680,13401,0.011857707509881354
2022-05-23,7750,7750,7570,7640,11879,-0.00520833333333337
2022-05-24,7630,7640,7390,7390,23395,-0.0327225130890052
2022-05-25,7390,7470,7300,7360,23993,-0.004059539918809252
2022-05-26,7360,7490,7350,7360,11204,0.0
2022-05-27,7470,7470,7300,7330,24296,-0.0040760869565217295
2022-05-30,7430,7450,7260,7310,35355,-0.0027285129604365244
2022-05-31,7320,7390,7310,7370,24879,0.008207934336525335
2022-06-02,7330,7590,7310,7500,18014,0.01763907734056991
2022-06-03,7500,7580,7440,7500,7665,0.0
2022-06-07,7570,7570,7350,7350,20122,-0.020000000000000018
2022-06-08,7350,7560,7350,7480,17692,0.017687074829932037
2022-06-09,7410,7470,7270,7350,19732,-0.017379679144384985
2022-06-10,7410,7430,7220,7240,32813,-0.014965986394557818
2022-06-13,7170,7210,6800,6810,45874,-0.05939226519337015
2022-06-14,6730,6810,6490,6620,45893,-0.027900146842878115
2022-06-15,6610,6630,6280,6280,42042,-0.051359516616314216
2022-06-16,6350,6640,6350,6530,17967,0.039808917197452276
2022-06-17,6480,6600,6100,6540,33954,0.0015313935681469104
2022-06-20,6650,6650,6000,6090,57914,-0.06880733944954132
2022-06-21,6090,6220,5930,6100,26510,0.0016420361247948545
2022-06-22,6100,6140,5720,5750,53185,-0.05737704918032782
2022-06-23,5750,5880,5420,5430,54642,-0.055652173913043446
2022-06-24,5430,5840,5430,5790,26129,0.06629834254143652
2022-06-27,5900,6040,5840,5970,27628,0.031088082901554515
2022-06-28,5960,6190,5960,6030,35956,0.01005025125628145
2022-06-29,5970,6010,5870,5990,9832,-0.0066334991708125735
2022-06-30,5990,5990,5680,5680,27167,-0.05175292153589317
2022-07-01,5600,5780,5560,5650,24833,-0.005281690140845119
2022-07-04,5650,5680,5370,5410,20228,-0.04247787610619469
2022-07-05,5500,5650,5450,5640,10081,0.04251386321626627
2022-07-06,5830,5830,5540,5600,27394,-0.007092198581560294
2022-07-07,5630,5960,5630,5930,22992,0.05892857142857144
2022-07-08,6000,6150,5930,5930,21807,0.0
2022-07-11,6050,6050,5850,5950,9733,0.003372681281618828
2022-07-12,5920,5920,5650,5650,25868,-0.050420168067226934
2022-07-13,5630,6870,5600,5890,505692,0.0424778761061948
2022-07-14,5890,6190,5860,6030,46828,0.02376910016977929
2022-07-15,5950,6020,5810,5850,32601,-0.02985074626865669
2022-07-18,5860,6040,5850,6000,15526,0.02564102564102555
2022-07-19,5970,6190,5970,6190,19625,0.03166666666666673
2022-07-20,6190,6310,6140,6140,27947,-0.008077544426494332
2022-07-21,6140,6210,6110,6150,11510,0.0016286644951140072
2022-07-22,6150,6200,6050,6080,14189,-0.011382113821138184
2022-07-25,6050,6150,6050,6120,7761,0.006578947368421018
2022-07-26,6150,6350,6070,6180,44954,0.009803921568627416
2022-07-27,6190,6300,6180,6260,23008,0.012944983818770295
2022-07-28,6290,6320,6190,6270,14595,0.0015974440894568342
2022-07-29,6270,6400,6200,6250,17430,-0.0031897926634768536
2022-08-01,6290,6430,6200,6360,16108,0.01760000000000006
2022-08-02,6350,6350,6170,6220,14789,-0.022012578616352196
2022-08-03,6220,6750,6170,6300,71425,0.012861736334405238
2022-08-04,6300,6500,6300,6420,16169,0.01904761904761898
2022-08-05,6420,6500,6380,6460,25744,0.006230529595015577
2022-08-08,6420,6420,6350,6410,6274,-0.007739938080495334
2022-08-09,6410,6580,6350,6570,40275,0.024960998439937487
2022-08-10,6550,6570,6460,6570,19069,0.0
2022-08-11,6570,6660,6530,6610,13973,0.0060882800608828
2022-08-12,6600,6600,6290,6360,77445,-0.03782148260211804
2022-08-16,6370,6440,6320,6320,17241,-0.0062893081761006275
2022-08-17,6320,6320,6160,6250,19586,-0.011075949367088556
2022-08-18,6250,6250,6110,6160,13697,-0.014399999999999968
2022-08-19,6160,6230,6100,6170,9303,0.0016233766233766378
2022-08-22,6100,6110,6010,6050,12264,-0.01944894651539708
2022-08-23,5950,6000,5900,5960,14542,-0.014876033057851235
2022-08-24,5950,6020,5910,6000,9701,0.006711409395973256
2022-08-25,6040,6100,6000,6010,15759,0.0016666666666667052
2022-08-26,6140,6140,6000,6000,6743,-0.0016638935108153063
2022-08-29,5900,5900,5740,5810,19482,-0.03166666666666662
2022-08-30,5770,5850,5750,5850,6571,0.0068846815834766595
2022-08-31,5900,5900,5820,5860,6181,0.0017094017094017033
2022-09-01,5860,5860,5730,5730,12438,-0.022184300341296925
2022-09-02,5680,5760,5680,5730,24802,0.0
2022-09-05,5670,5700,5500,5530,23901,-0.034904013961605584
2022-09-06,5530,5650,5480,5590,25425,0.010849909584086825
2022-09-07,5640,5640,5470,5500,24784,-0.01610017889087656
2022-09-08,5500,5600,5470,5600,23065,0.018181818181818077
2022-09-13,5650,5740,5600,5640,35932,0.0071428571428571175
2022-09-14,5510,5630,5410,5630,25958,-0.0017730496453900457
2022-09-15,5650,5860,5650,5820,28650,0.03374777975133214
2022-09-16,5720,5800,5700,5710,13793,-0.018900343642611728
2022-09-19,5650,5710,5610,5700,16561,-0.0017513134851138146
2022-09-20,5670,5800,5670,5730,5954,0.0052631578947368585
2022-09-21,5620,5760,5600,5720,15986,-0.0017452006980802626
2022-09-22,5660,5660,5510,5600,5635,-0.020979020979020935
2022-09-23,5600,5600,5350,5380,18670,-0.03928571428571426
2022-09-26,5220,5320,4950,5010,35617,-0.06877323420074355
2022-09-27,4960,5020,4620,4855,40083,-0.03093812375249505
2022-09-28,4835,4930,4565,4725,46576,-0.026776519052523207
2022-09-29,4755,4850,4720,4745,11669,0.004232804232804144
2022-09-30,4520,6160,4500,6160,3438737,0.298208640674394
2022-10-04,6730,7710,5910,7050,6875544,0.14448051948051943
2022-10-05,6980,7910,6880,7080,4838474,0.004255319148936065
2022-10-06,7010,7520,6960,7030,1617121,-0.007062146892655385
2022-10-07,6950,7140,6420,6490,741480,-0.07681365576102417
2022-10-11,6350,6550,6130,6250,431030,-0.036979969183358996
2022-10-12,6160,6610,6010,6590,907621,0.054400000000000004
2022-10-13,6430,6440,6080,6080,449345,-0.0773899848254932
2022-10-14,6150,6540,6000,6070,656349,-0.00164473684210531
2022-10-17,5970,6140,5620,6140,320475,0.011532125205930832
2022-10-18,6120,6300,6070,6250,347197,0.01791530944625408
2022-10-19,6310,6430,5990,6100,362781,-0.02400000000000002
2022-10-20,6170,6380,6040,6300,381407,0.032786885245901676
2022-10-21,6330,6420,5600,5600,383175,-0.11111111111111116
2022-10-24,5740,5770,5590,5610,108833,0.0017857142857142794
2022-10-25,5620,5730,5290,5370,210393,-0.04278074866310155
2022-10-26,5380,5530,5250,5370,118233,0.0
2022-10-27,5470,5670,5380,5610,91809,0.04469273743016755
2022-10-28,5610,5670,5310,5330,75188,-0.04991087344028522
2022-10-31,5360,5560,5310,5490,65109,0.030018761726078758
2022-11-01,5490,5680,5490,5620,76437,0.023679417122040025
2022-11-02,5660,6870,5650,6100,5846107,0.08540925266903909
2022-11-03,6010,6180,5890,6130,387975,0.004918032786885185
2022-11-04,6070,6070,5800,5820,240459,-0.05057096247960846
2022-11-07,5830,5960,5750,5880,148785,0.010309278350515427
2022-11-08,5900,6830,5880,6360,3081016,0.08163265306122458
2022-11-09,6360,6540,6280,6360,398915,0.0
2022-11-10,6360,6600,6230,6290,420972,-0.011006289308176154
2022-11-11,6390,6450,6260,6330,158414,0.006359300476947549
2022-11-14,6360,6380,6110,6300,109019,-0.004739336492891044
2022-11-15,6270,6410,6260,6380,126066,0.012698412698412653
2022-11-16,6420,6430,6180,6310,86812,-0.010971786833855801
2022-11-17,6310,6440,6230,6380,81082,0.011093502377178988
2022-11-18,6320,6420,6110,6250,104193,-0.020376175548589393
2022-11-21,6250,6250,5960,6090,76841,-0.025599999999999956
2022-11-22,5970,6010,5630,5880,95761,-0.03448275862068961
2022-11-23,5880,6130,5800,6060,41258,0.030612244897959107
2022-11-24,6150,6320,6050,6240,39006,0.02970297029702973
2022-11-25,6210,6340,6170,6290,41486,0.008012820512820484
2022-11-28,6180,6330,6110,6110,51779,-0.02861685214626386
2022-11-29,5990,6290,5980,6240,36536,0.02127659574468077
2022-11-30,6300,6370,6240,6270,56767,0.004807692307692291
2022-12-01,6330,6620,6330,6510,253765,0.038277511961722466
2022-12-02,6540,6550,6320,6320,104327,-0.029185867895545337
2022-12-05,6380,6500,6270,6500,82538,0.028481012658227778
2022-12-06,6510,6520,6200,6250,67820,-0.038461538461538436
2022-12-07,6240,6250,6110,6170,36963,-0.012800000000000034
2022-12-08,6130,6230,6070,6130,24453,-0.00648298217179899
2022-12-09,6130,6230,6070,6180,38160,0.00815660685154973
2022-12-12,6100,6350,6080,6340,47074,0.025889967637540368
2022-12-13,6420,6420,6200,6240,47449,-0.01577287066246058
2022-12-14,6240,6350,6230,6330,22832,0.014423076923076872
2022-12-15,6280,6360,6250,6290,29050,-0.006319115323854652
2022-12-16,6220,6320,6180,6320,25959,0.004769475357710551
2022-12-19,6280,6430,6230,6430,45346,0.017405063291139333
2022-12-20,6420,6430,6120,6120,82603,-0.04821150855365475
2022-12-21,6120,6170,6000,6120,38467,0.0
2022-12-22,6130,6270,6110,6220,24431,0.016339869281045694
2022-12-23,6190,6190,5880,5880,75277,-0.054662379421221874
2022-12-26,5880,5880,5670,5720,55793,-0.027210884353741527
2022-12-27,5720,5880,5720,5820,21137,0.0174825174825175
2022-12-28,5890,5910,5820,5870,14450,0.00859106529209619
2022-12-29,5810,5830,5640,5720,23425,-0.02555366269165249
2023-01-02,5630,5740,5540,5660,52222,-0.010489510489510523
2023-01-03,5500,5730,5390,5720,47360,0.010600706713780994
2023-01-04,5700,5860,5520,5820,18367,0.0174825174825175
2023-01-05,5860,5860,5720,5790,21516,-0.005154639175257714
2023-01-06,5730,5900,5670,5800,28210,0.0017271157167531026
2023-01-09,6130,7540,5910,7250,5664734,0.25
2023-01-10,7150,7350,6850,6910,1154278,-0.04689655172413798
2023-01-11,6920,7040,6760,6980,522252,0.01013024602026058
2023-01-12,6910,6980,6780,6780,308979,-0.028653295128939882
2023-01-13,6740,6800,6630,6790,206828,0.001474926253687281
2023-01-16,6800,6850,6700,6750,134867,-0.00589101620029453
2023-01-17,6800,6890,6640,6710,140604,-0.00592592592592589
2023-01-18,6660,6800,6630,6800,113348,0.013412816691505292
2023-01-19,6720,6820,6670,6740,100390,-0.008823529411764675
2023-01-20,6740,6780,6660,6730,67374,-0.0014836795252225476
2023-01-25,6760,6860,6660,6850,125481,0.017830609212481363
2023-01-26,6810,6980,6740,6850,192262,0.0
2023-01-27,6850,6900,6700,6860,116998,0.0014598540145984717
2023-01-30,6920,6920,6710,6790,73790,-0.010204081632653073
2023-01-31,6720,6870,6670,6800,90797,0.0014727540500736325
2023-02-01,6810,6910,6730,6850,80578,0.007352941176470562
2023-02-02,6900,6930,6830,6900,97756,0.007299270072992803
2023-02-03,6850,6900,6770,6860,61392,-0.005797101449275366
2023-02-06,6860,7030,6760,6990,138631,0.01895043731778423
2023-02-07,7010,7080,6890,6930,123144,-0.008583690987124415
2023-02-08,7000,7000,6750,6750,127664,-0.025974025974025983
2023-02-09,6800,6800,6690,6780,34933,0.004444444444444473
2023-02-10,6760,6760,6560,6620,91483,-0.02359882005899705
2023-02-13,6550,6680,6510,6680,45953,0.009063444108761365
2023-02-14,6620,6890,6620,6880,98620,0.029940119760478945
2023-02-15,6880,7030,6680,6790,134267,-0.013081395348837233
2023-02-16,6790,6950,6750,6900,87245,0.016200294550809957
2023-02-17,6870,7320,6790,7230,443122,0.047826086956521685
2023-02-20,7230,7400,7120,7130,252560,-0.013831258644536604
2023-02-21,7130,7220,7000,7220,111138,0.012622720897615736
2023-02-22,7130,7180,6910,6920,106053,-0.04155124653739617
2023-02-23,6900,6980,6760,6940,63864,0.0028901734104045396
2023-02-24,7020,7020,6730,6730,67351,-0.030259365994236287
2023-02-27,6700,6720,6330,6710,103616,-0.002971768202080227
2023-02-28,6650,7060,6580,6800,140217,0.013412816691505292
2023-03-02,6810,7100,6800,6890,93367,0.013235294117647012
2023-03-03,6920,7140,6880,7070,118199,0.026124818577648812
2023-03-06,7110,7720,7040,7430,683375,0.0509193776520509
2023-03-07,7650,9650,7420,9650,9439422,0.2987886944818303
2023-03-08,10020,10600,9210,9380,4658307,-0.02797927461139893
2023-03-09,9380,9390,8470,8500,1424880,-0.093816631130064
2023-03-10,8220,8330,8040,8130,590969,-0.04352941176470593
2023-03-13,8100,8250,7700,8110,753189,-0.002460024600245969
2023-03-14,8190,10540,8040,10040,23911382,0.23797780517879152
2023-03-15,9570,10460,9330,9870,7062354,-0.016932270916334646
2023-03-16,9730,9760,9060,9160,1601272,-0.07193515704153997
2023-03-17,9270,9620,8920,8950,2023896,-0.022925764192139764
2023-03-20,8770,9320,8610,8840,1075263,-0.012290502793296132
2023-03-21,8900,9140,8730,9010,1165670,0.019230769230769162
2023-03-22,9140,9830,9000,9150,3542122,0.015538290788013276
2023-03-23,9140,9820,9000,9050,2355546,-0.010928961748633892
2023-03-24,9200,9410,8770,8850,633592,-0.02209944751381221
2023-03-27,9000,9750,8970,9620,2108030,0.08700564971751423
2023-03-28,9500,9730,9240,9630,771055,0.0010395010395010118
2023-03-29,9660,9710,8800,9140,925745,-0.05088265835929384
2023-03-30,9110,9310,8950,9050,481161,-0.009846827133479175
2023-03-31,9060,9750,8730,8730,1367915,-0.0353591160220994
2023-04-03,8730,10060,8290,9420,5776103,0.07903780068728516
2023-04-04,9310,12240,9120,11700,14967092,0.2420382165605095
2023-04-05,11250,11350,10500,10610,1942866,-0.09316239316239316
2023-04-06,10410,10770,9890,9930,1790362,-0.06409048067860512
2023-04-07,10710,12900,10620,11600,17642298,0.16817724068479345
2023-04-10,11390,13200,11380,11740,6200769,0.012068965517241459
2023-04-11,11740,11970,10760,11540,1315528,-0.017035775127768327
2023-04-12,11450,11790,10650,10730,982360,-0.07019064124783359
2023-04-13,10730,10750,10150,10480,624585,-0.02329916123019571
2023-04-14,10630,10940,10270,10560,759743,0.007633587786259444
2023-04-17,10550,11420,10320,11410,1927083,0.08049242424242431
2023-04-18,11570,13100,11200,12950,7510339,0.13496932515337434
2023-04-19,14070,16830,13890,16830,3435793,0.2996138996138995
2023-04-20,18030,20700,16070,16250,13301022,-0.03446226975638744
2023-04-21,16000,17220,14860,15340,4233815,-0.05600000000000005
2023-04-24,16400,18580,15360,15990,9515793,0.04237288135593231
2023-04-25,15300,15520,14050,14800,1669472,-0.07442151344590364
2023-04-26,14230,14700,13680,13680,1036992,-0.07567567567567568
2023-04-27,13410,14320,13250,13910,1254532,0.016812865497076057
2023-04-28,13770,13980,12920,13060,1048256,-0.06110711718188355
2023-05-02,13440,15240,13380,14630,5830766,0.12021439509954068
2023-05-03,14280,18380,14250,16260,7285107,0.11141490088858519
2023-05-04,15810,15940,14230,14310,1430066,-0.11992619926199266
2023-05-08,16530,18180,15350,15390,8227301,0.07547169811320753
2023-05-09,14930,20000,14130,19440,14123441,0.26315789473684204
2023-05-10,18600,21150,18320,19200,11815092,-0.012345679012345734
2023-05-11,19830,20000,17200,17200,3487927,-0.10416666666666663
2023-05-12,16870,19110,16710,18060,5574951,0.050000000000000044
2023-05-15,17400,17790,16390,17200,1511404,-0.04761904761904767
2023-05-16,16820,18060,16590,16950,2144562,-0.014534883720930258
2023-05-17,17760,18300,17080,17080,2546406,0.007669616519174083
2023-05-18,16900,17250,16420,16530,965144,-0.032201405152224805
2023-05-19,16410,16570,15190,15210,928576,-0.07985480943738654
2023-05-22,14940,15380,14660,15000,627725,-0.013806706114398382
2023-05-23,14540,14670,14170,14340,922497,-0.04400000000000004
2023-05-24,14310,14320,13680,14150,899810,-0.01324965132496514
2023-05-25,14730,15950,14150,14860,5019735,0.05017667844522977
2023-05-26,14690,14700,13860,13870,716882,-0.066621803499327
2023-05-30,13890,14000,13260,13870,543359,0.0
2023-05-31,13650,14060,13600,13600,349149,-0.019466474405191114
2023-06-01,13510,13970,13480,13550,300455,-0.003676470588235281
2023-06-02,13420,13740,13310,13450,273491,-0.0073800738007380184
2023-06-05,13490,14190,13390,13720,514724,0.02007434944237918
2023-06-07,13800,13890,13330,13350,335528,-0.02696793002915454
2023-06-08,13420,13650,13070,13130,334280,-0.016479400749063622
2023-06-09,13220,13330,13050,13240,271849,0.008377760853008454
2023-06-12,13380,14140,13370,13800,1115706,0.04229607250755296
2023-06-13,13810,14770,13440,14550,1892118,0.05434782608695654
2023-06-14,14730,15650,13810,13900,1969522,-0.044673539518900296
2023-06-15,14160,14440,13630,13890,362419,-0.0007194244604316058
2023-06-16,14050,14240,13550,13580,325416,-0.022318214542836556
2023-06-19,13530,13530,13060,13190,308284,-0.028718703976435944
2023-06-20,13100,13190,12080,12400,593797,-0.05989385898407884
2023-06-21,12390,12540,11880,12100,336840,-0.024193548387096753
2023-06-22,12000,13050,11880,12960,1285523,0.07107438016528933
2023-06-23,13110,13250,11980,12110,696526,-0.06558641975308643
2023-06-26,11890,11990,11460,11500,303023,-0.05037159372419486
2023-06-27,11490,11680,11250,11500,183509,0.0
2023-06-28,11500,11560,11210,11310,192050,-0.016521739130434754
2023-06-29,11150,11340,10950,11170,183409,-0.012378426171529622
2023-06-30,11130,11330,10920,11230,125328,0.005371530886302489
2023-07-03,11350,11560,11250,11490,172447,0.02315227070347281
2023-07-04,11560,11680,11160,11390,188888,-0.00870322019147085
2023-07-05,11580,12060,11420,11960,533864,0.05004389815627741
2023-07-06,11960,11990,11260,11280,202517,-0.05685618729096986
2023-07-07,11180,11430,11110,11390,140220,0.009751773049645474
2023-07-10,11170,11660,11150,11400,180722,0.0008779631255486642
2023-07-11,11440,11740,11410,11700,134663,0.026315789473684292
2023-07-12,11700,11720,10860,11110,269780,-0.05042735042735047
2023-07-13,11170,11300,10850,10910,148466,-0.018001800180017957
2023-07-14,10910,10940,10530,10720,174559,-0.01741521539871682
2023-07-17,10640,10910,10300,10850,177500,0.012126865671641784
2023-07-18,10770,11250,10690,10870,189881,0.0018433179723502668
2023-07-19,10870,10980,10310,10480,178118,-0.035878564857405704
2023-07-20,10400,11040,10220,10840,238799,0.03435114503816794
2023-07-21,10710,10840,10400,10460,120205,-0.035055350553505504
2023-07-24,10430,10430,9990,10240,191364,-0.021032504780114758
2023-07-25,10030,10350,9850,9920,226806,-0.03125
2023-07-26,9880,10000,9050,9440,506866,-0.048387096774193505
2023-07-27,9100,9550,8850,8900,445639,-0.05720338983050843
2023-07-28,8790,9660,8790,9660,305683,0.08539325842696632
2023-07-31,9700,9790,9280,9670,163904,0.0010351966873705098
2023-08-01,9670,9870,9420,9510,126365,-0.016546018614270963
2023-08-02,9450,9860,9410,9540,115326,0.003154574132492094
2023-08-03,9540,9560,9180,9240,149943,-0.03144654088050314
2023-08-04,9220,9400,9050,9190,80962,-0.005411255411255422
2023-08-07,9260,9280,8960,9150,98568,-0.0043525571273123065
2023-08-08,9100,9290,8970,9040,112832,-0.012021857923497303
2023-08-09,9050,9280,8900,9240,115974,0.022123893805309658
2023-08-10,9120,9160,8800,8900,102254,-0.03679653679653683
2023-08-11,8830,9400,8800,9240,106019,0.038202247191011285
2023-08-14,9240,9380,9030,9080,111623,-0.017316017316017285
2023-08-16,8900,8980,8710,8750,124183,-0.03634361233480177
2023-08-17,8760,11370,8750,11370,3564743,0.2994285714285714
2023-08-18,12720,13230,11600,12050,8450502,0.059806508355320975
2023-08-21,11970,14340,11880,12380,5699122,0.027385892116182475
2023-08-22,12340,12860,11710,11980,1348738,-0.03231017770597733
2023-08-23,11750,13100,11610,11950,2246960,-0.0025041736227044975
2023-08-24,11870,12190,11650,11800,468317,-0.012552301255230103
2023-08-25,11850,12450,11710,11860,719476,0.005084745762711895
2023-08-28,11920,12850,11920,12470,1134441,0.051433389544688124
2023-08-29,12550,13990,12000,12080,3105155,-0.031275060144346445
2023-08-30,12140,12370,11890,11950,445653,-0.010761589403973537
2023-08-31,12800,14070,12430,12560,4161821,0.051046025104602544
2023-09-01,12410,12490,11950,11980,523009,-0.04617834394904463
2023-09-04,12000,12330,11740,12050,402995,0.005843071786310494
2023-09-05,11820,11970,11250,11470,429131,-0.0481327800829876
2023-09-06,11360,12200,11180,11250,344139,-0.019180470793374038
2023-09-07,11100,11100,10420,10440,414595,-0.07199999999999995
2023-09-08,10400,10620,10220,10450,175492,0.0009578544061301653
2023-09-11,10260,10450,10010,10210,170716,-0.022966507177033524
2023-09-12,10210,10560,10030,10110,170410,-0.009794319294809006
2023-09-13,9940,10180,9840,9840,157288,-0.02670623145400597
2023-09-14,9790,10110,9790,9870,113481,0.0030487804878047697
2023-09-15,9960,10160,9900,9900,135112,0.003039513677811634
2023-09-18,9870,9980,9600,9640,151196,-0.02626262626262621
2023-09-19,9550,9860,9430,9480,119808,-0.016597510373444035
2023-09-20,9420,9630,9420,9540,64239,0.006329113924050667
2023-09-21,9500,9500,9230,9280,110971,-0.027253668763102756
2023-09-22,9100,9350,9070,9180,97699,-0.010775862068965525
2023-09-25,9000,9180,8830,8830,145571,-0.03812636165577343
2023-09-26,8830,9050,8750,8750,101373,-0.009060022650056676
2023-09-27,8570,8860,8570,8860,113517,0.012571428571428678
2023-10-04,8750,9020,8280,8300,215685,-0.06320541760722342
2023-10-05,8300,8530,8130,8190,175195,-0.013253012048192736
2023-10-06,8100,8550,8100,8390,72648,0.024420024420024333
2023-10-10,8320,8500,7970,8040,184346,-0.04171632896305122
2023-10-11,8120,8440,8120,8310,80050,0.033582089552238736
2023-10-12,8300,8620,8300,8540,86800,0.02767749699157651
2023-10-13,8430,8540,8160,8540,69959,0.0
2023-10-16,8370,8370,7850,7930,169868,-0.0714285714285714
2023-10-17,7930,8420,7930,8300,132165,0.046658259773013855
2023-10-18,8290,8500,8080,8200,99505,-0.012048192771084376
2023-10-19,8010,8020,7760,7780,88515,-0.051219512195122
2023-10-20,7590,7770,7370,7530,137564,-0.03213367609254503
2023-10-23,7430,9600,7330,9600,1316959,0.2749003984063745
2023-10-24,8750,8980,7880,8320,1062904,-0.1333333333333333
2023-10-25,8460,10210,8100,9030,8802462,0.08533653846153855
2023-10-26,8800,9020,8280,8360,866509,-0.07419712070874862
2023-10-27,8200,9650,7600,8120,3109200,-0.028708133971291905
2023-10-30,8100,8280,7900,8010,357379,-0.013546798029556606
2023-10-31,8020,8180,7660,7660,285387,-0.043695380774032455
2023-11-01,7710,8260,7710,7890,367000,0.030026109660574507
2023-11-02,8080,8230,7980,8120,151109,0.0291508238276299
2023-11-03,8230,8340,8000,8230,195753,0.013546798029556717
2023-11-06,8390,8950,8390,8880,468399,0.07897934386391259
2023-11-07,8860,8880,8330,8520,244786,-0.04054054054054057
2023-11-08,8580,8790,8100,8180,236742,-0.039906103286385
2023-11-09,8190,8330,7940,7940,111834,-0.02933985330073352
2023-11-10,7900,7990,7760,7770,83943,-0.021410579345088165
2023-11-13,8000,8030,7640,7710,104228,-0.007722007722007707
2023-11-14,7750,8060,7750,7950,76803,0.03112840466926059
2023-11-15,8140,8280,8070,8110,109715,0.020125786163522008
2023-11-16,8260,8470,8040,8400,151984,0.035758323057953234
2023-11-17,8180,8300,7970,8000,110139,-0.04761904761904767
2023-11-20,8250,8750,8180,8320,302453,0.040000000000000036
2023-11-21,8320,8490,8270,8330,114035,0.0012019230769231282
2023-11-22,8440,8530,8310,8360,130795,0.0036014405762305746
2023-11-23,8370,8450,8230,8260,96983,-0.011961722488038284
2023-11-24,8290,8320,8170,8300,62919,0.004842615012106588
2023-11-27,8280,8340,8100,8130,91118,-0.02048192771084334
2023-11-28,8220,8290,8010,8050,79946,-0.009840098400983988
2023-11-29,8010,8130,7990,8120,66206,0.008695652173912993
2023-11-30,8240,9540,8180,8640,4672765,0.0640394088669951
2023-12-01,8690,8880,8430,8520,364808,-0.01388888888888884
2023-12-04,8460,8810,8370,8370,315774,-0.017605633802816878
2023-12-05,8250,8470,8160,8160,168786,-0.02508960573476704
2023-12-06,8110,8260,8080,8150,99663,-0.001225490196078427
2023-12-07,8100,8300,7980,7990,205646,-0.019631901840490795
2023-12-08,8000,8180,7970,8020,126439,0.003754693366708306
2023-12-11,8080,8170,7980,8010,100507,-0.0012468827930174342
2023-12-12,8090,8090,7770,7900,160129,-0.013732833957553092
2023-12-13,7860,8490,7730,8030,326876,0.016455696202531733
2023-12-14,8020,8070,7850,7870,166077,-0.01992528019925277
2023-12-15,7900,8570,7900,8130,591554,0.033036848792884266
2023-12-18,8180,8250,8070,8160,120167,0.0036900369003689537
2023-12-19,8230,8260,8040,8110,122546,-0.006127450980392135
2023-12-20,8130,8430,8120,8320,181407,0.025893958076448786
2023-12-21,8290,8370,8120,8260,114259,-0.007211538461538436
2023-12-22,8310,8350,8130,8150,94875,-0.013317191283293006
2023-12-26,8200,8230,7940,7990,95556,-0.019631901840490795
2023-12-27,7920,8150,7920,8030,78206,0.005006257822277815
2023-12-28,8030,8180,7990,8150,41362,0.014943960149439661
2024-01-02,8140,8330,8090,8230,68666,0.009815950920245342
2024-01-03,8220,8220,8110,8210,59761,-0.002430133657351119
2024-01-04,8170,8390,8110,8360,133433,0.018270401948842885
2024-01-05,8360,8490,8250,8290,141595,-0.00837320574162681
2024-01-08,8320,8420,8270,8330,61583,0.004825090470446325
2024-01-09,8350,8410,8200,8350,92761,0.0024009603841537164
2024-01-10,8350,8400,8150,8180,83924,-0.02035928143712573
2024-01-11,8190,8400,8190,8310,71573,0.01589242053789741
2024-01-12,8400,8400,8020,8030,117137,-0.03369434416365824
2024-01-15,8110,9090,7910,8240,3174453,0.026151930261519407
2024-01-16,8200,8360,8060,8080,305472,-0.01941747572815533
2024-01-17,8050,8130,7800,7820,192634,-0.03217821782178221
2024-01-18,7750,8080,7750,7890,91446,0.008951406649616356
2024-01-19,7900,8120,7860,7890,88367,0.0
2024-01-22,7920,7950,7720,7740,92876,-0.019011406844106515
2024-01-23,7690,7920,7690,7850,58538,0.01421188630490966
2024-01-24,7810,7920,7690,7810,55202,-0.005095541401273884
2024-01-25,7750,7810,7690,7730,52739,-0.010243277848911658
2024-01-26,7800,8200,7730,7970,185613,0.031047865459249646
2024-01-29,8130,8280,7900,8000,266977,0.0037641154328733606
2024-01-30,8040,8250,7850,8030,153564,0.00374999999999992
2024-01-31,7990,8140,7840,7850,103140,-0.02241594022415938
2024-02-01,7860,7920,7760,7850,50079,0.0
2024-02-02,7840,7980,7830,7920,42042,0.008917197452229297
2024-02-05,7950,7960,7800,7890,42999,-0.0037878787878787845
2024-02-06,7960,7960,7760,7860,49632,-0.0038022813688213253
2024-02-07,7820,7920,7800,7810,58743,-0.006361323155216314
2024-02-08,7850,7940,7810,7850,37894,0.005121638924455718
2024-02-13,7990,8050,7850,8030,75872,0.02292993630573248
2024-02-14,7950,8150,7910,8150,79642,0.014943960149439661
2024-02-15,8150,8300,8050,8240,113343,0.01104294478527601
2024-02-16,8240,8340,8170,8280,88862,0.004854368932038833
2024-02-19,8250,8290,8100,8140,48998,-0.016908212560386437
2024-02-20,8110,8180,8050,8130,42756,-0.0012285012285012664
2024-02-21,8050,8460,8050,8300,160745,0.02091020910209096
2024-02-22,8270,8380,8180,8220,68945,-0.009638554216867434
2024-02-23,8220,8830,8040,8410,831946,0.02311435523114347
2024-02-26,8500,9480,8440,8690,2114794,0.03329369797859694
2024-02-27,8670,8700,8410,8490,336590,-0.023014959723820505
2024-02-28,8560,8880,8560,8650,289896,0.018845700824499323
2024-02-29,8570,8650,8350,8350,128636,-0.034682080924855474
2024-03-04,8350,8510,8290,8300,108331,-0.005988023952095856
2024-03-05,8200,8390,8200,8310,100582,0.00120481927710836
2024-03-06,8350,9180,8310,8850,1214992,0.06498194945848379
2024-03-07,8670,9550,8520,8850,1943687,0.0
2024-03-08,8920,9120,8640,8710,305837,-0.015819209039548032
2024-03-11,8760,9450,8670,9040,1024485,0.03788748564867972
2024-03-12,9000,9400,8910,9060,457001,0.0022123893805310324
2024-03-13,9060,9090,8800,9000,218740,-0.0066225165562914245
2024-03-14,8990,9010,8710,8760,149472,-0.026666666666666616
2024-03-15,8820,8830,8600,8700,102994,-0.006849315068493178
2024-03-18,8610,8930,8610,8880,101942,0.020689655172413834
2024-03-19,9070,9070,8700,8870,106327,-0.0011261261261261701
2024-03-20,8870,8890,8400,8420,183645,-0.050732807215332576
2024-03-21,8450,8590,8410,8530,73656,0.013064133016627011
2024-03-22,8530,8530,8350,8430,74047,-0.011723329425556872
2024-03-25,8410,8820,8380,8650,88869,0.02609727164887299
2024-03-26,8600,8690,8390,8510,80456,-0.016184971098265888
2024-03-27,8430,8550,8430,8520,77150,0.001175088131609936
2024-03-28,8500,8520,8260,8260,98378,-0.030516431924882625
2024-03-29,8240,8340,8050,8090,121351,-0.020581113801452777
2024-04-01,8000,8150,7970,8140,62365,0.006180469715698411
2024-04-02,8130,8150,7850,7860,131624,-0.03439803439803435
2024-04-03,8000,8000,7800,7840,57294,-0.0025445292620864812
2024-04-04,7840,7930,7700,7820,64664,-0.0025510204081632404
2024-04-05,7750,7850,7700,7820,44063,0.0
2024-04-08,7890,7970,7630,7680,63129,-0.01790281329923271
2024-04-09,7680,7790,7610,7700,36344,0.0026041666666667407
2024-04-11,7610,7680,7430,7550,43618,-0.01948051948051943
2024-04-12,7550,7940,7520,7710,67233,0.02119205298013238
2024-04-15,7580,7800,7490,7550,64362,-0.02075226977950717
2024-04-16,7500,7540,7330,7400,64694,-0.019867549668874163
2024-04-17,7300,7480,7300,7310,63078,-0.012162162162162149
2024-04-18,7310,7550,7310,7470,25229,0.02188782489740082
2024-04-19,7470,7480,7040,7180,73891,-0.038821954484605126
2024-04-22,7180,7340,7130,7230,32141,0.0069637883008355494
2024-04-23,7160,7280,7120,7170,38129,-0.008298755186721962
2024-04-24,7340,7440,7270,7440,37329,0.03765690376569042
2024-04-25,7460,7520,7330,7420,25739,-0.0026881720430107503
2024-04-26,7420,7470,7290,7350,33942,-0.009433962264150941
2024-04-29,7350,7580,7350,7580,23722,0.0312925170068028
2024-04-30,7490,7680,7490,7550,18514,-0.00395778364116095
2024-05-02,7490,7540,7400,7400,28918,-0.019867549668874163
2024-05-03,7350,7530,7350,7520,16365,0.016216216216216273
2024-05-07,7520,7600,7450,7490,16598,-0.003989361702127714
2024-05-08,7400,7680,7400,7630,30412,0.01869158878504673
2024-05-09,7700,7700,7540,7590,22379,-0.005242463958060273
2024-05-10,7590,7730,7580,7710,33125,0.015810276679841806
2024-05-13,7900,7900,7640,7660,48890,-0.006485084306095956
2024-05-14,7590,7780,7590,7780,29209,0.015665796344647598
2024-05-16,7760,7860,7740,7820,41733,0.005141388174807249
2024-05-17,7800,7870,7780,7810,21985,-0.0012787723785165905
2024-05-20,7810,7840,7640,7680,44578,-0.016645326504481472
2024-05-21,7610,7790,7610,7670,33836,-0.0013020833333333703
2024-05-22,7710,7800,7620,7680,32100,0.0013037809647979959
2024-05-23,7680,7690,7500,7500,38661,-0.0234375
2024-05-24,7450,7540,7370,7400,30001,-0.013333333333333308
2024-05-27,7490,7530,7350,7490,27310,0.012162162162162149
2024-05-28,7450,7550,7350,7400,22574,-0.012016021361815787
2024-05-29,7350,7490,7210,7390,38518,-0.0013513513513513375
2024-05-30,7420,7490,7220,7400,36781,0.0013531799729364913
2024-05-31,7340,7450,7320,7360,12751,-0.00540540540540535
2024-06-03,7280,7370,7210,7320,34150,-0.005434782608695676
2024-06-04,7210,7460,7210,7290,41350,-0.004098360655737654
2024-06-05,7280,7570,7230,7450,47954,0.021947873799725626
2024-06-07,7380,7490,7370,7420,22013,-0.004026845637583931
2024-06-10,7350,7980,7350,7610,242696,0.025606469002695365
2024-06-11,7540,8600,7540,8040,1730038,0.05650459921156381
2024-06-12,7980,8020,7760,7850,188689,-0.023631840796019876
2024-06-13,7970,7970,7800,7830,89685,-0.002547770700636942
2024-06-14,7800,7870,7620,7660,60669,-0.02171136653895278
2024-06-17,7590,7790,7520,7650,61487,-0.0013054830287205776
2024-06-18,7550,7660,7370,7380,87238,-0.03529411764705881
2024-06-19,7360,7460,7300,7420,48257,0.005420054200542035
2024-06-20,7360,7480,7330,7390,28522,-0.0040431266846361336
2024-06-21,7390,7440,7200,7200,46618,-0.025710419485791558
2024-06-24,7160,7240,6950,6950,66979,-0.03472222222222221
2024-06-25,6930,7090,6930,7070,19467,0.01726618705035965
2024-06-26,7020,7120,6990,7000,22746,-0.00990099009900991
2024-06-27,7000,7250,7000,7020,28285,0.0028571428571428914
2024-06-28,7020,7100,7020,7050,14806,0.004273504273504258
2024-07-01,7180,7340,7180,7250,52115,0.028368794326241176
2024-07-02,7250,7270,7010,7020,39747,-0.03172413793103446
2024-07-03,7030,7150,7000,7020,42523,0.0
2024-07-04,7010,7100,6910,7010,57211,-0.0014245014245014564
2024-07-05,7010,7080,6870,6930,39990,-0.011412268188302432
2024-07-08,6930,7000,6870,6970,16447,0.005772005772005873
2024-07-09,6990,7060,6920,6960,18258,-0.0014347202295552641
2024-07-10,6960,7020,6880,6950,33029,-0.001436781609195359
2024-07-11,6960,6990,6880,6950,24360,0.0
2024-07-12,6870,6970,6830,6920,30385,-0.004316546762589968
2024-07-15,6870,6920,6710,6840,40820,-0.011560693641618491
2024-07-16,6800,6830,6560,6600,68496,-0.03508771929824561
2024-07-17,6600,6600,6400,6470,49370,-0.019696969696969657
2024-07-18,6390,6430,6310,6400,25659,-0.010819165378670781
2024-07-19,6370,6550,6370,6530,22200,0.020312499999999956
2024-07-22,6470,6590,6250,6260,23581,-0.04134762633996936
2024-07-23,6120,6360,6120,6170,30135,-0.014376996805111841
2024-07-24,6100,6310,5870,6170,25227,0.0
2024-07-25,6090,6150,5880,6110,29809,-0.00972447325769854
2024-07-26,6050,6110,5920,6100,46148,-0.0016366612111292644
2024-07-29,6100,6250,6030,6080,19915,-0.003278688524590123
2024-07-30,6000,6090,5950,6020,28995,-0.009868421052631526
2024-07-31,6000,6090,5920,6090,18462,0.011627906976744207
2024-08-01,6030,6220,6030,6200,17922,0.01806239737274229
2024-08-02,6040,6130,5930,6000,37309,-0.032258064516129004
2024-08-05,5870,5930,4900,4900,131423,-0.18333333333333335
2024-08-06,4740,5420,4740,5330,82223,0.08775510204081627
2024-08-07,5330,5410,5290,5390,25422,0.011257035647279645
2024-08-08,5450,5450,5200,5330,28859,-0.011131725417439675
2024-08-09,5370,5530,5370,5470,16580,0.026266416510319024
2024-08-12,5400,5660,5400,5660,25101,0.034734917733089565
2024-08-13,5660,6240,5500,5890,147988,0.04063604240282692
2024-08-14,5900,6040,5810,5930,43410,0.00679117147707986
2024-08-16,5940,5990,5810,5850,32395,-0.013490725126475533
2024-08-19,5920,6220,5760,5840,60939,-0.0017094017094017033
2024-08-20,5840,6740,5830,6610,720086,0.13184931506849318
2024-08-21,7100,7990,6330,6420,6206666,-0.02874432677760963
2024-08-22,6430,6730,6170,6170,609786,-0.0389408099688473
2024-08-23,6470,7990,6270,7750,11719194,0.2560777957860616
2024-08-26,7620,8350,7550,7800,5281934,0.006451612903225712
2024-08-27,7640,7820,7300,7380,595540,-0.05384615384615388
2024-08-28,7270,7270,6810,6980,480591,-0.054200542005420016
2024-08-29,6950,7930,6880,7260,3652705,0.04011461318051568
2024-08-30,7190,7690,7110,7110,591701,-0.02066115702479343
2024-09-02,7060,7400,6700,6750,563247,-0.05063291139240511
2024-09-03,6860,7540,6720,6720,887070,-0.004444444444444473
2024-09-04,6540,6710,6420,6430,212169,-0.04315476190476186
2024-09-05,6430,6780,6220,6350,261611,-0.01244167962674958
2024-09-06,6300,6470,5980,6040,147203,-0.04881889763779523
2024-09-09,5950,6200,5860,6130,84246,0.01490066225165565
2024-09-10,6120,6170,5960,5970,75407,-0.02610114192495927
2024-09-11,5930,6300,5930,6100,97562,0.021775544388609624
2024-09-12,6120,6290,5990,6280,62942,0.029508196721311553
2024-09-13,6280,6290,6130,6220,45406,-0.009554140127388533
2024-09-19,6220,6220,5980,6090,46154,-0.020900321543408373
2024-09-20,6190,6450,6140,6150,115605,0.009852216748768461
2024-09-23,6220,6500,6120,6220,150173,0.011382113821138296
2024-09-24,6380,6470,6260,6370,90698,0.02411575562700974
2024-09-25,6390,6550,6270,6310,54529,-0.009419152276295084
2024-09-26,6300,7200,6250,6400,1161266,0.014263074484944571
2024-09-27,6420,6550,6350,6430,91825,0.004687499999999956
2024-09-30,6330,6440,6200,6250,85552,-0.027993779160186638
2024-10-02,6140,6230,5990,6090,75109,-0.025599999999999956
2024-10-04,6030,6130,5990,6070,43653,-0.003284072249589487
2024-10-07,6280,6850,6190,6340,833305,0.04448105436573302
2024-10-08,6300,6420,6210,6320,77847,-0.003154574132492094
2024-10-10,6410,6560,6180,6190,107206,-0.020569620253164556
2024-10-11,6130,6250,6110,6110,39609,-0.012924071082390909
2024-10-14,6100,6160,6010,6050,38094,-0.009819967266775809
2024-10-15,6030,6140,5990,6040,59693,-0.0016528925619834212
2024-10-16,6100,6100,5930,5950,48818,-0.01490066225165565
2024-10-17,5950,5990,5860,5870,38111,-0.013445378151260456
2024-10-18,5870,5950,5700,5750,43486,-0.020442930153321992
2024-10-21,5700,5850,5680,5820,27981,0.012173913043478368
2024-10-22,5850,5870,5620,5660,44492,-0.027491408934707917
2024-10-23,5620,5730,5560,5650,46888,-0.0017667844522968323
2024-10-24,5570,5680,5550,5610,28315,-0.0070796460176991705
2024-10-25,5610,5710,5520,5520,35637,-0.016042780748663055
2024-10-28,5550,5720,5520,5690,14012,0.030797101449275388
2024-10-29,5650,5730,5630,5720,14252,0.005272407732864748
2024-10-30,5720,5750,5650,5700,13233,-0.0034965034965035446
2024-10-31,5700,5730,5570,5650,11808,-0.00877192982456143
2024-11-01,5520,5650,5520,5550,17084,-0.017699115044247815
2024-11-04,5510,5680,5470,5680,23056,0.023423423423423406
2024-11-05,5590,5740,5590,5670,23543,-0.0017605633802817433
2024-11-06,5680,5760,5490,5580,29372,-0.015873015873015928
2024-11-07,5560,5560,5380,5400,37761,-0.032258064516129004
2024-11-08,5400,5530,5360,5360,42278,-0.007407407407407418
2024-11-11,5380,5410,5150,5200,31539,-0.02985074626865669
2024-11-12,5150,5230,4960,4995,66135,-0.039423076923076894
2024-11-13,4945,4995,4800,4870,58271,-0.025025025025025016
2024-11-14,4870,4930,4700,4750,47158,-0.024640657084188944
2024-11-15,4745,4870,4610,4755,33462,0.001052631578947416
2024-11-18,4770,4990,4770,4930,30290,0.03680336487907465
2024-11-19,4930,4950,4815,4830,21013,-0.020283975659229236
2024-11-20,4840,4960,4825,4840,21424,0.0020703933747412417
2024-11-21,4870,4905,4810,4850,21109,0.0020661157024792765
2024-11-22,4855,4970,4820,4880,14556,0.006185567010309256
2024-11-25,4880,5010,4880,4930,33635,0.010245901639344357
2024-11-26,4860,5030,4840,4875,38345,-0.011156186612576113
2024-11-27,4875,4990,4865,4905,31152,0.006153846153846176
2024-11-28,4910,5010,4910,4970,15702,0.013251783893985625
2024-11-29,4920,4940,4700,4810,51744,-0.03219315895372232
2024-12-02,4810,4845,4605,4650,30168,-0.033264033264033266
2024-12-03,4635,4815,4635,4750,20876,0.021505376344086002
2024-12-04,4610,4705,4555,4615,27508,-0.028421052631578902
2024-12-05,4580,4590,4400,4400,57223,-0.04658721560130008
2024-12-06,4350,4375,3985,4135,123508,-0.060227272727272685
2024-12-09,3950,4105,3845,3890,81762,-0.059250302297460755
2024-12-10,3815,4190,3815,4180,44138,0.07455012853470433
2024-12-11,4180,4670,4180,4670,66748,0.11722488038277512
2024-12-12,4670,4670,4490,4650,22282,-0.004282655246252709
2024-12-13,4530,4725,4530,4655,17046,0.0010752688172042113
2024-12-16,4655,4790,4655,4745,28678,0.01933404940923733
2024-12-17,4745,4770,4575,4765,29625,0.004214963119072657
2024-12-18,4720,4835,4720,4815,28079,0.01049317943336825
2024-12-19,4750,4780,4665,4725,22115,-0.01869158878504673
2024-12-20,4650,4700,4510,4510,24188,-0.04550264550264549
2024-12-23,4460,4645,4460,4635,14886,0.027716186252771724
2024-12-24,4635,4840,4605,4790,38162,0.033441208198489836
2024-12-26,4790,4820,4740,4780,32887,-0.0020876826722338038
2024-12-27,4780,4790,4665,4715,23004,-0.013598326359832602
2024-12-30,4715,4730,4625,4680,8856,-0.007423117709437932
2025-01-02,4580,4800,4570,4670,13994,-0.002136752136752129
2025-01-03,4670,4920,4670,4795,34689,0.02676659528907921
2025-01-06,4795,4860,4745,4835,18292,0.008342022940563076
2025-01-07,4980,4980,4800,4860,13890,0.005170630816959676
2025-01-08,4785,4845,4755,4830,12387,-0.006172839506172867
2025-01-09,4850,4850,4775,4840,13174,0.0020703933747412417
2025-01-10,4785,4860,4780,4830,9845,-0.0020661157024793875
2025-01-13,4785,4810,4670,4700,30883,-0.026915113871635588
2025-01-14,4700,4890,4700,4885,17862,0.03936170212765955
2025-01-15,4885,4885,4700,4730,20260,-0.03172978505629476
2025-01-16,4730,4835,4730,4760,11514,0.00634249471458781
2025-01-17,4760,4785,4705,4710,15834,-0.010504201680672232
2025-01-20,4760,4820,4720,4780,10758,0.014861995753715496
2025-01-21,4780,4785,4610,4630,20244,-0.03138075313807531
2025-01-22,4630,4695,4590,4660,19723,0.00647948164146861
2025-01-23,4660,4680,4605,4660,13006,0.0
2025-01-24,4680,4730,4645,4725,9280,0.013948497854077146
2025-01-31,4730,4740,4615,4700,13988,-0.005291005291005346
2025-02-03,4665,4700,4475,4550,21771,-0.03191489361702127
2025-02-04,4525,4700,4525,4645,10340,0.020879120879120805
2025-02-05,4670,4700,4645,4670,4883,0.005382131324004336
2025-02-06,4695,4745,4625,4625,5233,-0.009635974304068484
2025-02-07,4625,4650,4560,4635,10675,0.00216216216216214
2025-02-10,4575,4980,4570,4755,37067,0.025889967637540368
2025-02-11,4735,4765,4695,4705,8532,-0.01051524710830709
2025-02-12,4650,4730,4645,4660,4191,-0.009564293304994642
2025-02-13,4630,4835,4630,4720,28972,0.012875536480686733
2025-02-14,4720,4840,4705,4810,10017,0.019067796610169552
2025-02-17,4775,4880,4775,4815,18832,0.0010395010395010118
2025-02-18,4815,4890,4775,4875,10466,0.012461059190031154
2025-02-19,4820,4985,4820,4925,36015,0.01025641025641022
2025-02-20,4900,4975,4895,4925,17253,0.0
2025-02-21,5080,5080,4885,4955,8044,0.006091370558375608
2025-02-24,4950,4995,4920,4970,16520,0.003027245206861817
2025-02-25,4895,4940,4875,4875,20126,-0.019114688128772594
2025-02-26,4860,5040,4860,4985,24706,0.022564102564102573
2025-02-27,4990,5040,4975,5010,12341,0.005015045135406293
2025-02-28,5010,5010,4845,4850,17902,-0.031936127744510934
2025-03-04,4770,4890,4760,4820,8795,-0.006185567010309256
2025-03-05,4740,4950,4740,4855,9826,0.007261410788381717
2025-03-06,4810,4880,4750,4825,17705,-0.006179196704428458
2025-03-07,4790,4935,4775,4905,8808,0.01658031088082912
2025-03-10,4865,4890,4785,4860,14930,-0.00917431192660545
2025-03-11,4760,4930,4755,4915,10696,0.011316872427983515
2025-03-12,4875,4950,4855,4915,12375,0.0
2025-03-13,4940,4945,4855,4895,5867,-0.004069175991861629
2025-03-14,4800,4930,4800,4910,15109,0.003064351378958108
2025-03-17,4910,4950,4895,4910,3274,0.0
2025-03-18,4935,4935,4785,4815,13788,-0.0193482688391039
2025-03-19,4785,4900,4750,4815,9324,0.0
2025-03-20,4850,4850,4760,4815,13754,0.0
2025-03-21,4815,4850,4715,4810,9665,-0.0010384215991692258
2025-03-24,4760,4810,4740,4810,7395,0.0
2025-03-25,4810,4830,4705,4760,16638,-0.01039501039501034
2025-03-26,4755,4770,4705,4760,9828,0.0
2025-03-27,4750,4750,4565,4690,15260,-0.014705882352941124
2025-03-28,4690,4690,4570,4605,12257,-0.018123667377398678
2025-03-31,4405,4535,4350,4350,27905,-0.055374592833876246
2025-04-01,4350,4420,4175,4315,32832,-0.008045977011494232
2025-04-02,4690,4690,4255,4295,27744,-0.004634994206257237
2025-04-03,4300,4340,4250,4300,3532,0.0011641443538998875
2025-04-04,4300,4495,4210,4495,10363,0.04534883720930227
2025-04-07,4495,4520,4105,4145,43831,-0.07786429365962177
2025-04-08,4150,4220,4095,4095,19837,-0.012062726176115812
2025-04-09,4095,4415,4055,4105,33261,0.0024420024420024333
2025-04-10,4160,4400,4155,4325,15769,0.0535931790499391
2025-04-11,4325,4415,4215,4380,11393,0.012716763005780285
2025-04-14,4345,4460,4310,4460,10383,0.0182648401826484
2025-04-15,4480,4480,4385,4415,17487,-0.010089686098654682
2025-04-16,4415,4425,4340,4395,7324,-0.0045300113250282825
2025-04-17,4385,5040,4385,4515,900130,0.027303754266211566
2025-04-18,4530,4600,4490,4535,30311,0.0044296788482836025
2025-04-21,4535,4615,4520,4555,31028,0.004410143329658167
2025-04-22,4555,4605,4465,4540,21405,-0.003293084522502765
2025-04-23,4555,4900,4555,4600,61994,0.013215859030837107
2025-04-24,4670,4670,4525,4610,8663,0.0021739130434783593
2025-04-25,4635,5380,4595,4820,1593552,0.045553145336225676
2025-04-28,4850,4935,4830,4935,158544,0.02385892116182564
2025-04-29,4935,4980,4840,4840,60749,-0.019250253292806496
2025-04-30,4825,4900,4760,4830,39305,-0.0020661157024793875
2025-05-02,4755,4825,4730,4775,19889,-0.011387163561076608
2025-05-07,4775,4820,4715,4715,24092,-0.012565445026177957
2025-05-08,4650,4800,4650,4800,26032,0.018027571580063517
2025-05-09,4750,4795,4690,4710,24802,-0.018750000000000044
2025-05-12,4665,4795,4650,4750,19273,0.00849256900212314
2025-05-13,4730,4800,4710,4760,17579,0.002105263157894832
2025-05-14,4760,4790,4715,4780,12279,0.004201680672268893
2025-05-15,4800,4830,4700,4700,15675,-0.01673640167364021
2025-05-16,4695,4695,4590,4630,35303,-0.014893617021276562
2025-05-19,4580,4630,4545,4630,16344,0.0
2025-05-20,4625,4630,4570,4600,6916,-0.006479481641468721
2025-05-21,4600,4700,4585,4700,12676,0.021739130434782705
2025-05-22,4665,4665,4560,4570,10557,-0.02765957446808509
2025-05-23,4520,4570,4440,4480,29354,-0.01969365426695846
2025-05-26,4480,4515,4385,4450,15891,-0.006696428571428603
2025-05-27,4450,4465,4295,4300,41188,-0.0337078651685393
2025-05-28,4300,4450,4300,4410,41807,0.0255813953488373
2025-05-29,4410,4480,4100,4375,43251,-0.007936507936507908
2025-05-30,4380,4455,4375,4430,12025,0.012571428571428678
2025-06-02,4555,4555,4390,4485,12298,0.01241534988713311
2025-06-04,4495,4555,4435,4555,9090,0.015607580824972045
2025-06-05,4555,4580,4510,4535,11503,-0.004390779363336983
2025-06-09,4650,4650,4510,4565,22019,0.006615214994487362
2025-06-10,4700,4700,4540,4550,8240,-0.003285870755750264
2025-06-11,4550,4700,4550,4660,17754,0.02417582417582409
2025-06-12,4610,4695,4610,4610,18499,-0.010729613733905574
2025-06-13,4675,4675,4445,4570,49130,-0.008676789587852451
2025-06-16,4560,4575,4460,4545,18749,-0.005470459518599591
2025-06-17,4545,4550,4465,4495,14252,-0.011001100110010986
2025-06-18,4500,4540,4455,4510,14276,0.0033370411568409697
2025-06-19,4485,4535,4460,4525,8316,0.003325942350332678
2025-06-20,4530,4640,4490,4585,19086,0.013259668508287303
2025-06-23,4510,4595,4450,4595,12411,0.0021810250817884125
