Date,Open,High,Low,Close,Volume,Change
2022-01-03,1700,1755,1675,1755,503644,0.032352941176470695
2022-01-04,1755,1760,1720,1750,242114,-0.002849002849002802
2022-01-05,1750,1795,1725,1745,219953,-0.0028571428571428914
2022-01-06,1725,1810,1720,1745,559156,0.0
2022-01-07,1750,1795,1675,1755,175671,0.005730659025787954
2022-01-10,1760,1770,1710,1725,201623,-0.017094017094017144
2022-01-11,1735,1735,1660,1680,180690,-0.02608695652173909
2022-01-12,1670,1700,1670,1690,123775,0.005952380952380931
2022-01-13,1690,1700,1630,1635,228158,-0.03254437869822491
2022-01-14,1635,1660,1595,1625,231587,-0.006116207951070374
2022-01-17,1600,1625,1495,1525,814953,-0.06153846153846154
2022-01-18,1525,1540,1445,1475,427056,-0.032786885245901676
2022-01-19,1460,1470,1440,1460,176866,-0.01016949152542368
2022-01-20,1455,1495,1455,1490,108672,0.020547945205479534
2022-01-21,1490,1510,1465,1475,126337,-0.010067114093959773
2022-01-24,1460,1460,1400,1410,259613,-0.04406779661016946
2022-01-25,1405,1420,1265,1320,489648,-0.06382978723404253
2022-01-26,1325,1385,1300,1325,215894,0.0037878787878788955
2022-01-27,1330,1345,1240,1265,278482,-0.04528301886792452
2022-01-28,1255,1315,1245,1310,274457,0.035573122529644285
2022-02-03,1330,1405,1325,1385,260889,0.057251908396946494
2022-02-04,1385,1415,1370,1380,106485,-0.0036101083032491488
2022-02-07,1380,1425,1380,1390,119449,0.007246376811594235
2022-02-08,1395,1415,1375,1385,115293,-0.003597122302158251
2022-02-09,1400,1420,1395,1415,122645,0.02166064981949467
2022-02-10,1410,1485,1405,1425,256438,0.007067137809187329
2022-02-11,1410,1430,1360,1365,150539,-0.04210526315789476
2022-02-14,1325,1340,1265,1290,350097,-0.05494505494505497
2022-02-15,1260,1325,1250,1260,203866,-0.023255813953488413
2022-02-16,1275,1315,1275,1310,120634,0.039682539682539764
2022-02-17,1320,1325,1270,1300,201185,-0.007633587786259555
2022-02-18,1270,1325,1270,1315,96291,0.011538461538461497
2022-02-21,1295,1380,1285,1355,158013,0.03041825095057038
2022-02-22,1330,1335,1290,1310,171394,-0.03321033210332103
2022-02-23,1300,1330,1295,1300,76293,-0.007633587786259555
2022-02-24,1295,1310,1220,1230,334622,-0.05384615384615388
2022-02-25,1235,1265,1210,1215,461503,-0.012195121951219523
2022-02-28,1220,1295,1220,1275,233599,0.04938271604938271
2022-03-02,1275,1330,1275,1300,166755,0.019607843137254832
2022-03-03,1300,1330,1290,1300,110287,0.0
2022-03-04,1300,1330,1280,1310,255149,0.007692307692307665
2022-03-07,1360,1360,1255,1255,440395,-0.041984732824427495
2022-03-08,1220,1260,1215,1235,139928,-0.015936254980079667
2022-03-10,1250,1260,1240,1245,91094,0.00809716599190291
2022-03-11,1255,1260,1235,1255,125506,0.008032128514056325
2022-03-14,1255,1260,1210,1225,187237,-0.0239043824701195
2022-03-15,1220,1245,1210,1225,192005,0.0
2022-03-16,1230,1270,1225,1265,185874,0.03265306122448974
2022-03-17,1275,1305,1260,1285,232365,0.015810276679841806
2022-03-18,1285,1300,1270,1295,138304,0.0077821011673151474
2022-03-21,1295,1330,1295,1310,232898,0.01158301158301156
2022-03-22,1310,1335,1290,1305,184932,-0.003816793893129722
2022-03-23,1305,1310,1280,1290,138502,-0.011494252873563204
2022-03-24,1275,1300,1275,1285,136339,-0.003875968992248069
2022-03-25,1285,1325,1275,1315,183073,0.023346303501945442
2022-03-28,1325,1395,1310,1340,651940,0.019011406844106515
2022-03-29,1345,1345,1320,1330,151913,-0.007462686567164201
2022-03-30,1345,1350,1320,1340,102046,0.007518796992481258
2022-03-31,1335,1345,1310,1340,152552,0.0
2022-04-01,1340,1415,1320,1405,500009,0.04850746268656714
2022-04-04,1405,1415,1380,1390,296163,-0.010676156583629859
2022-04-05,1390,1615,1370,1485,5119014,0.06834532374100721
2022-04-06,1465,1490,1435,1455,658809,-0.02020202020202022
2022-04-07,1450,1455,1380,1410,710502,-0.030927835051546393
2022-04-08,1455,1510,1400,1400,1896053,-0.007092198581560294
2022-04-11,1385,1435,1370,1390,525983,-0.0071428571428571175
2022-04-12,1370,1390,1350,1355,314961,-0.025179856115107868
2022-04-13,1350,1385,1350,1360,210568,0.0036900369003689537
2022-04-14,1380,1380,1340,1345,199056,-0.011029411764705843
2022-04-15,1345,1345,1310,1335,190221,-0.0074349442379182396
2022-04-18,1315,1340,1305,1325,125254,-0.0074906367041198685
2022-04-19,1330,1340,1315,1340,99813,0.01132075471698113
2022-04-20,1345,1350,1325,1340,119705,0.0
2022-04-21,1340,1350,1325,1340,110106,0.0
2022-04-22,1330,1340,1315,1320,120356,-0.014925373134328401
2022-04-25,1315,1320,1270,1290,218629,-0.022727272727272707
2022-04-26,1290,1310,1285,1295,95928,0.003875968992248069
2022-04-27,1290,1295,1255,1265,141392,-0.02316602316602312
2022-04-28,1270,1290,1260,1280,79335,0.011857707509881354
2022-04-29,1300,1300,1270,1285,100788,0.00390625
2022-05-02,1285,1290,1260,1265,147818,-0.015564202334630295
2022-05-03,1275,1300,1265,1295,94422,0.02371541501976293
2022-05-04,1300,1330,1285,1305,275099,0.007722007722007707
2022-05-06,1310,1325,1280,1315,201304,0.00766283524904221
2022-05-09,1310,1400,1265,1280,1188316,-0.026615969581749055
2022-05-10,1245,1265,1215,1240,303577,-0.03125
2022-05-11,1235,1270,1235,1260,106182,0.016129032258064502
2022-05-12,1255,1325,1240,1255,373935,-0.003968253968253954
2022-05-13,1245,1285,1240,1265,131324,0.007968127490039834
2022-05-16,1275,1330,1265,1285,286828,0.015810276679841806
2022-05-17,1295,1325,1285,1325,493777,0.03112840466926059
2022-05-18,1325,1325,1295,1305,543283,-0.015094339622641506
2022-05-19,1305,1320,1280,1285,711310,-0.01532567049808431
2022-05-20,1295,1320,1290,1300,325664,0.011673151750972721
2022-05-23,1315,1315,1280,1295,349614,-0.0038461538461538325
2022-05-24,1295,1320,1275,1280,270124,-0.01158301158301156
2022-05-25,1280,1290,1260,1270,142940,-0.0078125
2022-05-26,1270,1300,1265,1270,166253,0.0
2022-05-27,1265,1285,1260,1270,122571,0.0
2022-05-30,1275,1305,1270,1300,228635,0.023622047244094446
2022-05-31,1290,1315,1290,1300,469569,0.0
2022-06-02,1300,1325,1300,1310,370827,0.007692307692307665
2022-06-03,1320,1355,1305,1320,654325,0.007633587786259444
2022-06-07,1320,1325,1275,1285,270910,-0.02651515151515149
2022-06-08,1280,1295,1270,1285,196959,0.0
2022-06-09,1285,1290,1265,1275,148637,-0.0077821011673151474
2022-06-10,1265,1285,1260,1270,174642,-0.0039215686274509665
2022-06-13,1260,1265,1165,1190,399120,-0.06299212598425197
2022-06-14,1155,1185,1110,1150,330208,-0.03361344537815125
2022-06-15,1125,1150,1085,1100,223336,-0.04347826086956519
2022-06-16,1105,1145,1090,1090,154366,-0.009090909090909038
2022-06-17,1075,1090,1040,1065,233240,-0.022935779816513735
2022-06-20,1070,1080,980,985,265317,-0.07511737089201875
2022-06-21,986,1030,985,1015,197660,0.030456852791878264
2022-06-22,1020,1040,958,958,203741,-0.05615763546798025
2022-06-23,951,970,883,896,389170,-0.06471816283924847
2022-06-24,890,939,890,926,218545,0.033482142857142794
2022-06-27,931,965,931,960,159413,0.036717062634989306
2022-06-28,960,980,940,964,183418,0.004166666666666652
2022-06-29,959,984,949,978,105153,0.014522821576763434
2022-06-30,968,982,960,960,92608,-0.018404907975460127
2022-07-01,951,973,941,950,115626,-0.01041666666666663
2022-07-04,950,989,950,971,153167,0.022105263157894628
2022-07-05,997,1025,980,1025,134906,0.0556127703398559
2022-07-06,1035,1045,1015,1030,104078,0.004878048780487809
2022-07-07,1030,1045,1010,1040,141532,0.009708737864077666
2022-07-08,1045,1060,1035,1055,65081,0.014423076923076872
2022-07-11,1055,1060,1035,1045,36867,-0.009478672985781977
2022-07-12,1045,1055,1000,1015,91123,-0.028708133971291905
2022-07-13,1015,1025,939,1025,105025,0.009852216748768461
2022-07-14,1035,1055,1025,1050,90696,0.024390243902439046
2022-07-15,1055,1055,1010,1025,107622,-0.023809523809523836
2022-07-18,1025,1055,1020,1055,73225,0.029268292682926855
2022-07-19,1055,1065,1050,1060,50698,0.004739336492890933
2022-07-20,1060,1080,1055,1060,78650,0.0
2022-07-21,1175,1375,1135,1375,8545643,0.2971698113207548
2022-07-22,1570,1785,1535,1635,38809239,0.1890909090909092
2022-07-25,1745,1955,1625,1680,28927146,0.02752293577981657
2022-07-26,1650,1730,1510,1610,8168903,-0.04166666666666663
2022-07-27,1550,1565,1480,1545,3351932,-0.04037267080745344
2022-07-28,1490,1845,1440,1585,43925854,0.025889967637540368
2022-07-29,1585,1615,1480,1485,4597362,-0.06309148264984232
2022-08-01,1475,1620,1445,1475,9467615,-0.006734006734006703
2022-08-02,1450,1565,1450,1450,4440962,-0.016949152542372836
2022-08-03,1450,1520,1445,1470,1738319,0.01379310344827589
2022-08-04,1475,1495,1450,1460,1261113,-0.006802721088435382
2022-08-05,1400,1435,1165,1305,18152796,-0.10616438356164382
2022-08-08,1295,1305,1245,1270,2994795,-0.026819923371647514
2022-08-09,1310,1315,1235,1280,3046269,0.007874015748031482
2022-08-10,1265,1450,1260,1315,28607246,0.02734375
2022-08-11,1340,1350,1315,1315,3486818,0.0
2022-08-12,1305,1335,1295,1315,1994538,0.0
2022-08-16,1315,1425,1315,1345,9693030,0.02281368821292773
2022-08-17,1355,1360,1305,1305,2274025,-0.029739776951672847
2022-08-18,1295,1335,1290,1335,1578039,0.02298850574712641
2022-08-19,1305,1325,1300,1305,2018603,-0.022471910112359605
2022-08-22,1295,1300,1245,1250,1400242,-0.04214559386973182
2022-08-23,1230,1330,1220,1260,2896796,0.008000000000000007
2022-08-24,1265,1390,1265,1310,6222910,0.039682539682539764
2022-08-25,1315,1365,1310,1365,3765645,0.041984732824427384
2022-08-26,1395,1395,1320,1320,3327665,-0.03296703296703296
2022-08-29,1260,1340,1255,1330,1417684,0.007575757575757569
2022-08-30,1335,1360,1320,1335,1314202,0.003759398496240518
2022-08-31,1325,1330,1305,1315,977735,-0.014981273408239737
2022-09-01,1315,1340,1295,1300,1127650,-0.011406844106463865
2022-09-02,1305,1325,1285,1290,1096860,-0.007692307692307665
2022-09-05,1290,1300,1250,1250,852173,-0.03100775193798455
2022-09-06,1245,1295,1245,1285,608627,0.028000000000000025
2022-09-07,1280,1290,1230,1270,765008,-0.011673151750972721
2022-09-08,1275,1285,1225,1255,764172,-0.011811023622047223
2022-09-13,1300,1340,1265,1315,1823390,0.047808764940239
2022-09-14,1280,1345,1265,1330,1747094,0.011406844106463865
2022-09-15,1360,1385,1305,1315,3429702,-0.011278195488721776
2022-09-16,1300,1330,1295,1300,950034,-0.011406844106463865
2022-09-19,1300,1310,1235,1240,1117517,-0.0461538461538461
2022-09-20,1260,1290,1245,1250,530397,0.008064516129032251
2022-09-21,1255,1275,1235,1235,638099,-0.01200000000000001
2022-09-22,1230,1235,1140,1175,1527595,-0.04858299595141702
2022-09-23,1160,1170,1100,1115,868507,-0.051063829787234005
2022-09-26,1080,1110,1035,1040,1052439,-0.06726457399103136
2022-09-27,1040,1080,1000,1075,800912,0.033653846153846256
2022-09-28,1165,1185,1020,1030,3772343,-0.041860465116279055
2022-09-29,1040,1160,1025,1055,2613212,0.024271844660194164
2022-09-30,1050,1135,1030,1075,2121772,0.018957345971563955
2022-10-04,1095,1155,1080,1095,1811143,0.018604651162790642
2022-10-05,1115,1120,1085,1090,655936,-0.004566210045662156
2022-10-06,1105,1190,1095,1135,2061386,0.041284403669724856
2022-10-07,1130,1175,1120,1155,768025,0.017621145374449254
2022-10-11,1135,1155,1075,1090,590157,-0.05627705627705626
2022-10-12,1085,1150,1080,1115,608818,0.022935779816513735
2022-10-13,1100,1110,1055,1060,560443,-0.04932735426008972
2022-10-14,1090,1110,1075,1100,310945,0.037735849056603765
2022-10-17,1080,1130,1070,1120,527549,0.018181818181818077
2022-10-18,1140,1330,1130,1165,23385621,0.0401785714285714
2022-10-19,1175,1245,1145,1150,4159166,-0.012875536480686733
2022-10-20,1150,1190,1140,1155,1477248,0.004347826086956497
2022-10-21,1175,1190,1135,1140,1576042,-0.012987012987012991
2022-10-24,1155,1160,1115,1120,623154,-0.01754385964912286
2022-10-25,1125,1140,1095,1100,672886,-0.017857142857142905
2022-10-26,1110,1135,1100,1110,428084,0.009090909090909038
2022-10-27,1110,1155,1105,1145,752314,0.03153153153153143
2022-10-28,1150,1155,1110,1115,656315,-0.026200873362445365
2022-10-31,1130,1145,1115,1130,419702,0.013452914798206317
2022-11-01,1125,1180,1125,1150,742204,0.017699115044247815
2022-11-02,1140,1180,1130,1145,1048832,-0.004347826086956497
2022-11-03,1125,1140,1110,1125,647082,-0.017467248908296984
2022-11-04,1125,1125,1065,1085,822047,-0.03555555555555556
2022-11-07,1085,1100,1070,1090,470841,0.004608294930875667
2022-11-08,1090,1155,1090,1150,1003412,0.05504587155963292
2022-11-09,1150,1170,1140,1165,718147,0.01304347826086949
2022-11-10,1155,1160,1140,1145,272950,-0.01716738197424894
2022-11-11,1175,1180,1130,1150,741811,0.004366812227074135
2022-11-14,1150,1170,1140,1155,398966,0.004347826086956497
2022-11-15,1160,1215,1155,1205,1092996,0.04329004329004338
2022-11-16,1295,1405,1170,1290,32179979,0.0705394190871369
2022-11-17,1310,1315,1265,1280,3176745,-0.007751937984496138
2022-11-18,1280,1295,1225,1245,2703201,-0.02734375
2022-11-21,1230,1260,1210,1225,1710056,-0.016064257028112428
2022-11-22,1265,1275,1210,1230,3417509,0.004081632653061273
2022-11-23,1230,1230,1200,1210,1381766,-0.016260162601625994
2022-11-24,1220,1295,1210,1240,2943114,0.024793388429751984
2022-11-25,1230,1255,1220,1245,1116557,0.0040322580645162365
2022-11-28,1250,1260,1200,1215,955998,-0.02409638554216864
2022-11-29,1205,1240,1200,1240,659958,0.020576131687242816
2022-11-30,1245,1290,1240,1275,1806405,0.02822580645161299
2022-12-01,1290,1300,1275,1290,1046794,0.0117647058823529
2022-12-02,1285,1325,1270,1310,1512596,0.015503875968992276
2022-12-05,1315,1330,1290,1295,1470426,-0.011450381679389277
2022-12-06,1270,1300,1245,1265,1407868,-0.02316602316602312
2022-12-07,1250,1305,1060,1105,9139035,-0.12648221343873522
2022-12-08,1110,1210,1085,1205,3996792,0.09049773755656099
2022-12-09,1175,1215,1150,1190,1938221,-0.012448132780082943
2022-12-12,1170,1285,1160,1225,4880326,0.02941176470588225
2022-12-13,1280,1590,1245,1590,54813572,0.2979591836734694
2022-12-14,1435,1495,1410,1450,23220288,-0.08805031446540879
2022-12-15,1405,1410,1335,1370,11740982,-0.05517241379310345
2022-12-16,1350,1390,1330,1345,5680232,-0.018248175182481785
2022-12-19,1335,1340,1280,1295,6897429,-0.03717472118959109
2022-12-20,1375,1405,1260,1285,18687016,-0.007722007722007707
2022-12-21,1300,1315,1260,1310,3099978,0.01945525291828787
2022-12-22,1300,1305,1235,1240,3862971,-0.05343511450381677
2022-12-23,1210,1235,1175,1190,2634312,-0.040322580645161255
2022-12-26,1175,1185,1095,1125,2905109,-0.054621848739495826
2022-12-27,1115,1150,1105,1115,2049753,-0.008888888888888835
2022-12-28,1120,1160,1100,1155,2333584,0.03587443946188351
2022-12-29,1135,1155,1085,1095,1722519,-0.051948051948051965
2023-01-02,1110,1125,1060,1070,1424979,-0.022831050228310557
2023-01-03,1065,1085,1035,1085,1437233,0.014018691588784993
2023-01-04,1075,1100,1065,1085,846078,0.0
2023-01-05,1085,1110,1070,1080,946701,-0.004608294930875556
2023-01-06,1070,1105,1065,1090,736600,0.0092592592592593
2023-01-09,1105,1135,1105,1120,753565,0.02752293577981657
2023-01-10,1140,1140,1115,1125,1028767,0.0044642857142858094
2023-01-11,1125,1150,1125,1145,740570,0.01777777777777767
2023-01-12,1155,1155,1125,1140,790326,-0.004366812227074246
2023-01-13,1150,1160,1140,1150,880394,0.00877192982456143
2023-01-16,1160,1165,1145,1155,655591,0.004347826086956497
2023-01-17,1160,1160,1125,1135,840588,-0.017316017316017285
2023-01-18,1130,1150,1125,1140,523077,0.004405286343612369
2023-01-19,1130,1135,1120,1125,595157,-0.013157894736842146
2023-01-20,1120,1125,1100,1105,921929,-0.01777777777777778
2023-01-25,1109,1120,1088,1090,665215,-0.013574660633484115
2023-01-26,1091,1108,1080,1095,610528,0.004587155963302836
2023-01-27,1096,1148,1090,1127,917287,0.029223744292237397
2023-01-30,1144,1171,1129,1134,2373669,0.006211180124223503
2023-01-31,1213,1290,1160,1187,18849141,0.04673721340388015
2023-02-01,1178,1217,1171,1181,4236500,-0.005054759898904804
2023-02-02,1185,1245,1163,1205,5061889,0.020321761219305623
2023-02-03,1215,1225,1196,1196,2354781,-0.007468879668049766
2023-02-06,1194,1206,1168,1184,1091565,-0.010033444816053505
2023-02-07,1184,1207,1176,1204,1305674,0.016891891891891886
2023-02-08,1220,1257,1214,1240,2941459,0.029900332225913706
2023-02-09,1240,1280,1221,1264,2351262,0.019354838709677358
2023-02-10,1307,1307,1223,1231,3525224,-0.02610759493670889
2023-02-13,1155,1170,1050,1098,4748213,-0.1080422420796101
2023-02-14,1099,1124,1094,1099,1343987,0.0009107468123861207
2023-02-15,1112,1112,1049,1068,1397390,-0.0282074613284804
2023-02-16,1071,1082,1062,1070,715571,0.001872659176029856
2023-02-17,1057,1085,1057,1065,721352,-0.004672897196261627
2023-02-20,1074,1077,1063,1066,438551,0.0009389671361501595
2023-02-21,1067,1074,1065,1074,432096,0.007504690431519689
2023-02-22,1066,1073,1049,1069,746442,-0.004655493482309092
2023-02-23,1064,1069,1048,1048,502105,-0.019644527595883976
2023-02-24,1045,1052,979,985,1980742,-0.06011450381679384
2023-02-27,986,997,974,989,472109,0.004060913705583813
2023-02-28,989,1012,985,1007,509585,0.018200202224469164
2023-03-02,1010,1017,1000,1010,342720,0.002979145978152964
2023-03-03,1010,1012,997,1000,240386,-0.00990099009900991
2023-03-06,998,998,974,984,683009,-0.016000000000000014
2023-03-07,981,988,955,964,661406,-0.020325203252032575
2023-03-08,962,962,920,928,871493,-0.03734439834024894
2023-03-09,924,928,883,910,1612114,-0.0193965517241379
2023-03-10,890,907,884,905,897537,-0.005494505494505475
2023-03-13,901,901,862,890,844440,-0.016574585635359074
2023-03-14,883,885,830,830,813492,-0.0674157303370787
2023-03-15,838,879,834,858,544535,0.033734939759036076
2023-03-16,858,866,775,820,952772,-0.044289044289044344
2023-03-17,826,876,826,876,750059,0.06829268292682933
2023-03-20,875,883,851,856,414590,-0.022831050228310557
2023-03-21,855,865,830,832,472330,-0.028037383177570097
2023-03-22,833,851,825,845,332926,0.015625
2023-03-23,840,845,811,818,436879,-0.031952662721893454
2023-03-24,818,889,818,870,889339,0.0635696821515892
2023-03-27,866,866,837,848,419911,-0.025287356321839094
2023-03-28,849,956,849,910,3003566,0.07311320754716988
2023-03-29,904,920,891,911,522076,0.001098901098901095
2023-03-30,917,937,907,921,555962,0.010976948408342402
2023-03-31,921,975,902,904,691291,-0.018458197611292082
2023-04-03,907,940,903,923,421096,0.02101769911504414
2023-04-04,923,946,914,931,454514,0.008667388949079147
2023-04-05,938,955,931,941,637071,0.01074113856068748
2023-04-06,941,941,908,915,502103,-0.02763018065887357
2023-04-07,908,922,905,910,281802,-0.005464480874316946
2023-04-10,901,910,877,894,727676,-0.01758241758241763
2023-04-11,899,934,888,932,628278,0.04250559284116329
2023-04-12,933,1025,932,939,4996590,0.007510729613734002
2023-04-13,939,960,914,950,698055,0.011714589989350266
2023-04-14,960,969,935,962,708053,0.012631578947368327
2023-04-17,963,979,955,973,479285,0.011434511434511352
2023-04-18,973,1013,950,1004,1215508,0.031860226104830414
2023-04-19,1019,1144,1006,1066,9297363,0.06175298804780871
2023-04-20,1073,1085,1029,1085,1999596,0.017823639774859235
2023-04-21,1068,1085,1020,1020,1496794,-0.05990783410138245
2023-04-24,1016,1018,965,975,826454,-0.044117647058823484
2023-04-25,976,1006,928,939,1003475,-0.03692307692307695
2023-04-26,930,944,915,919,462948,-0.021299254526091604
2023-04-27,900,923,889,906,522877,-0.014145810663764968
2023-04-28,750,936,635,705,28885155,-0.2218543046357616
2023-05-02,720,772,706,713,3568471,0.01134751773049647
2023-05-03,718,743,704,727,1694762,0.019635343618513268
2023-05-04,715,734,691,695,1694660,-0.044016506189821225
2023-05-08,703,728,699,720,1004857,0.03597122302158273
2023-05-09,720,727,705,727,718452,0.009722222222222188
2023-05-10,722,738,714,725,566180,-0.0027510316368638543
2023-05-11,728,729,716,721,618425,-0.0055172413793103114
2023-05-12,721,731,712,718,465310,-0.004160887656033285
2023-05-15,714,726,677,719,1142796,0.0013927576601671099
2023-05-16,709,719,706,708,361816,-0.015299026425591111
2023-05-17,704,770,704,724,1041536,0.02259887005649719
2023-05-18,735,759,735,743,664366,0.026243093922651894
2023-05-19,743,758,741,750,362154,0.009421265141319024
2023-05-22,750,769,743,759,761234,0.01200000000000001
2023-05-23,801,825,768,768,1887856,0.011857707509881354
2023-05-24,763,763,744,751,569714,-0.02213541666666663
2023-05-25,751,756,727,728,399187,-0.030625832223701743
2023-05-26,735,750,715,719,417174,-0.012362637362637319
2023-05-30,720,734,718,734,307184,0.020862308762169768
2023-05-31,733,745,727,730,184496,-0.00544959128065392
2023-06-01,733,733,720,733,220598,0.004109589041095818
2023-06-02,745,746,731,739,146801,0.008185538881309684
2023-06-05,748,845,736,744,5920527,0.006765899864682012
2023-06-07,745,770,744,752,829330,0.010752688172043001
2023-06-08,752,752,734,735,480955,-0.022606382978723416
2023-06-09,740,748,737,739,262906,0.0054421768707482165
2023-06-12,743,750,730,734,312736,-0.006765899864682012
2023-06-13,733,741,727,729,350505,-0.006811989100817484
2023-06-14,736,736,694,702,717390,-0.03703703703703709
2023-06-15,704,718,702,704,323637,0.002849002849002913
2023-06-16,712,721,699,705,383662,0.0014204545454545858
2023-06-19,705,717,670,679,1763860,-0.03687943262411353
2023-06-20,680,684,665,667,673871,-0.0176730486008837
2023-06-21,672,672,653,657,641479,-0.014992503748125885
2023-06-22,652,666,646,656,515977,-0.0015220700152207556
2023-06-23,656,666,650,655,367104,-0.0015243902439023849
2023-06-26,652,661,647,661,172081,0.009160305343511421
2023-06-27,663,673,661,669,246033,0.012102874432677657
2023-06-28,675,675,660,664,286816,-0.007473841554558991
2023-06-29,664,667,653,656,476472,-0.012048192771084376
2023-06-30,656,677,648,669,582285,0.01981707317073167
2023-07-03,673,717,673,717,1146433,0.0717488789237668
2023-07-04,717,720,703,718,407731,0.001394700139470073
2023-07-05,718,724,688,691,405196,-0.03760445682451252
2023-07-06,691,694,651,653,591605,-0.05499276410998555
2023-07-07,651,653,638,639,498894,-0.02143950995405819
2023-07-10,639,744,600,654,2883985,0.023474178403755763
2023-07-11,654,658,630,644,401008,-0.015290519877675823
2023-07-12,647,660,627,631,703475,-0.02018633540372672
2023-07-13,637,639,629,629,435951,-0.0031695721077654726
2023-07-14,633,635,611,615,612841,-0.022257551669316422
2023-07-17,615,619,607,616,419040,0.001626016260162677
2023-07-18,620,625,601,601,410582,-0.024350649350649345
2023-07-19,602,610,594,594,425232,-0.011647254575707144
2023-07-20,595,620,590,602,280914,0.013468013468013407
2023-07-21,604,630,597,607,388679,0.008305647840531671
2023-07-24,607,610,581,585,434940,-0.036243822075782584
2023-07-25,585,585,560,565,661473,-0.03418803418803418
2023-07-26,565,566,512,524,1036265,-0.07256637168141589
2023-07-27,521,551,515,534,567958,0.01908396946564883
2023-07-28,536,566,534,560,273350,0.04868913857677892
2023-07-31,565,581,557,570,210293,0.017857142857142794
2023-08-01,578,588,568,573,192496,0.0052631578947368585
2023-08-02,569,579,556,564,308114,-0.015706806282722474
2023-08-03,555,571,542,564,511386,0.0
2023-08-04,563,580,553,576,227553,0.02127659574468077
2023-08-07,576,584,569,584,193625,0.01388888888888884
2023-08-08,581,594,573,574,376314,-0.017123287671232834
2023-08-09,568,584,566,576,399311,0.0034843205574912606
2023-08-10,578,612,573,607,579888,0.05381944444444442
2023-08-11,601,620,598,607,290047,0.0
2023-08-14,607,607,580,589,338725,-0.029654036243822124
2023-08-16,588,589,565,566,393741,-0.039049235993208864
2023-08-17,566,571,545,568,313741,0.0035335689045936647
2023-08-18,561,567,550,563,232623,-0.008802816901408494
2023-08-21,561,595,559,586,292289,0.04085257548845478
2023-08-22,581,586,563,565,319755,-0.03583617747440271
2023-08-23,565,565,550,554,396610,-0.019469026548672552
2023-08-24,554,560,553,553,253801,-0.0018050541516245744
2023-08-25,556,564,550,550,305029,-0.005424954792043413
2023-08-28,554,575,548,570,308873,0.036363636363636376
2023-08-29,570,687,569,597,9377395,0.047368421052631504
2023-08-30,600,612,586,591,799056,-0.01005025125628145
2023-08-31,590,606,580,580,435718,-0.0186125211505922
2023-09-01,585,587,572,577,342534,-0.005172413793103403
2023-09-04,577,585,566,571,341415,-0.010398613518197597
2023-09-05,571,577,561,563,364228,-0.014010507880910628
2023-09-06,566,568,556,562,287401,-0.001776198934280604
2023-09-07,563,570,560,561,216058,-0.001779359430605032
2023-09-08,558,563,550,553,277374,-0.014260249554367221
2023-09-11,553,555,547,551,212774,-0.003616636528028905
2023-09-12,551,551,539,548,422430,-0.005444646098003658
2023-09-13,545,546,534,541,393145,-0.012773722627737238
2023-09-14,540,563,531,548,593335,0.012939001848428777
2023-09-15,549,556,545,552,191396,0.007299270072992803
2023-09-18,550,559,540,541,292889,-0.019927536231884035
2023-09-19,541,544,528,530,322498,-0.020332717190388205
2023-09-20,528,532,523,525,174090,-0.009433962264150941
2023-09-21,524,524,512,513,334620,-0.02285714285714291
2023-09-22,508,524,504,514,366721,0.0019493177387914784
2023-09-25,514,525,510,510,285718,-0.0077821011673151474
2023-09-26,510,521,500,502,273014,-0.015686274509803977
2023-09-27,484,500,484,494,457517,-0.015936254980079667
2023-10-04,493,494,485,492,277318,-0.004048582995951455
2023-10-05,490,499,484,497,239582,0.010162601626016343
2023-10-06,496,508,492,501,282746,0.008048289738430636
2023-10-10,505,507,487,501,271118,0.0
2023-10-11,497,508,497,505,269286,0.007984031936127733
2023-10-12,508,511,505,506,180828,0.001980198019801982
2023-10-13,508,516,504,513,292856,0.01383399209486158
2023-10-16,509,510,497,500,174024,-0.025341130604288553
2023-10-17,497,507,496,500,162839,0.0
2023-10-18,508,508,498,498,107227,-0.0040000000000000036
2023-10-19,491,491,474,478,396110,-0.04016064257028118
2023-10-20,467,476,456,460,445868,-0.03765690376569042
2023-10-23,459,470,451,464,186177,0.008695652173912993
2023-10-24,464,468,450,464,287948,0.0
2023-10-25,469,499,469,499,247390,0.07543103448275867
2023-10-26,487,487,467,480,181113,-0.038076152304609256
2023-10-27,479,484,468,473,133907,-0.014583333333333282
2023-10-30,467,483,467,474,61104,0.0021141649048626032
2023-10-31,482,489,477,481,226546,0.014767932489451407
2023-11-01,481,489,473,477,151888,-0.008316008316008316
2023-11-02,477,494,477,488,155657,0.023060796645702375
2023-11-03,488,500,487,494,184349,0.012295081967213184
2023-11-06,494,508,492,508,145569,0.028340080971659853
2023-11-07,508,511,495,507,125159,-0.0019685039370078705
2023-11-08,502,515,502,511,145763,0.007889546351084853
2023-11-09,506,515,501,509,88989,-0.003913894324853229
2023-11-10,504,507,493,507,182002,-0.003929273084479323
2023-11-13,507,512,497,497,167209,-0.01972386587771202
2023-11-14,491,510,491,510,105468,0.026156941649899457
2023-11-15,513,532,513,518,329752,0.015686274509803866
2023-11-16,523,560,523,541,1210868,0.044401544401544424
2023-11-17,545,570,540,566,929588,0.04621072088724576
2023-11-20,566,567,548,564,392669,-0.0035335689045936647
2023-11-21,570,572,552,567,220961,0.005319148936170137
2023-11-22,567,573,561,572,173862,0.008818342151675429
2023-11-23,572,584,559,565,188483,-0.012237762237762184
2023-11-24,564,570,557,570,142289,0.008849557522123908
2023-11-27,570,573,560,568,157558,-0.0035087719298245723
2023-11-28,568,576,561,574,156826,0.010563380281690238
2023-11-29,574,578,554,560,141805,-0.024390243902439046
2023-11-30,560,565,525,553,326518,-0.012499999999999956
2023-12-01,553,570,540,562,180821,0.016274864376130127
2023-12-04,562,570,560,569,215492,0.01245551601423478
2023-12-05,569,577,564,577,166822,0.014059753954305698
2023-12-06,577,583,566,570,215996,-0.012131715771230511
2023-12-07,570,575,560,570,146120,0.0
2023-12-08,570,677,558,566,4570279,-0.007017543859649145
2023-12-11,565,566,555,566,248156,0.0
2023-12-12,565,566,554,561,240962,-0.00883392226148405
2023-12-13,561,563,551,555,195468,-0.010695187165775444
2023-12-14,552,563,552,555,138240,0.0
2023-12-15,555,557,550,557,113186,0.003603603603603567
2023-12-18,554,577,545,557,345216,0.0
2023-12-19,557,560,549,550,162089,-0.012567324955116699
2023-12-20,550,555,545,550,264098,0.0
2023-12-21,550,554,540,551,115192,0.0018181818181817189
2023-12-22,550,554,545,552,137302,0.001814882032667775
2023-12-26,552,554,544,546,199360,-0.010869565217391353
2023-12-27,546,550,542,550,186851,0.0073260073260073
2023-12-28,550,620,547,556,2406941,0.01090909090909098
2024-01-02,556,564,551,559,366559,0.0053956834532373765
2024-01-03,557,588,555,572,518573,0.023255813953488413
2024-01-04,572,598,570,576,508113,0.006993006993007089
2024-01-05,576,590,570,576,278840,0.0
2024-01-08,576,576,563,572,237179,-0.00694444444444442
2024-01-09,570,588,570,571,156874,-0.0017482517482517723
2024-01-10,571,585,565,571,114123,0.0
2024-01-11,571,572,564,565,162544,-0.010507880910682998
2024-01-12,565,566,553,555,173405,-0.017699115044247815
2024-01-15,552,571,545,556,246206,0.0018018018018017834
2024-01-16,546,560,546,554,227569,-0.003597122302158251
2024-01-17,554,559,529,534,289656,-0.03610108303249093
2024-01-18,527,575,527,535,1044869,0.001872659176029856
2024-01-19,535,547,535,542,87811,0.013084112149532645
2024-01-22,542,547,539,542,153158,0.0
2024-01-23,542,546,539,546,261502,0.007380073800737907
2024-01-24,558,584,540,541,606711,-0.009157509157509125
2024-01-25,541,541,526,534,227974,-0.012939001848428888
2024-01-26,526,534,522,530,116064,-0.0074906367041198685
2024-01-29,534,535,523,530,139539,0.0
2024-01-30,524,531,523,527,80498,-0.005660377358490565
2024-01-31,527,527,519,522,153973,-0.009487666034155628
2024-02-01,518,533,511,523,172159,0.0019157088122605526
2024-02-02,521,531,518,529,84697,0.011472275334607929
2024-02-05,529,529,519,524,146226,-0.009451795841209809
2024-02-06,520,525,517,520,136032,-0.007633587786259555
2024-02-07,520,522,514,515,128844,-0.009615384615384581
2024-02-08,513,520,512,518,81276,0.005825242718446644
2024-02-13,516,530,515,526,78202,0.015444015444015413
2024-02-14,520,526,515,521,118344,-0.009505703422053258
2024-02-15,521,526,516,524,129303,0.0057581573896352545
2024-02-16,522,524,517,524,116000,0.0
2024-02-19,524,528,522,526,142417,0.003816793893129722
2024-02-20,526,526,519,523,69494,-0.005703422053231932
2024-02-21,523,525,514,517,221502,-0.01147227533460804
2024-02-22,520,520,510,516,178479,-0.0019342359767892114
2024-02-23,512,516,496,505,544866,-0.02131782945736438
2024-02-26,505,505,491,495,301005,-0.01980198019801982
2024-02-27,495,520,489,514,490887,0.03838383838383841
2024-02-28,514,598,512,548,9852664,0.06614785992217898
2024-02-29,540,543,509,512,1411659,-0.06569343065693434
2024-03-04,513,513,503,505,277964,-0.013671875
2024-03-05,502,507,496,497,188025,-0.015841584158415856
2024-03-06,495,497,490,491,189457,-0.012072434607645843
2024-03-07,491,491,480,485,371239,-0.012219959266802416
2024-03-08,485,487,480,486,212486,0.0020618556701030855
2024-03-11,488,508,482,500,251014,0.028806584362139898
2024-03-12,500,504,487,493,205381,-0.014000000000000012
2024-03-13,493,501,490,494,87936,0.0020283975659229903
2024-03-14,494,499,487,491,155395,-0.006072874493927127
2024-03-15,491,491,481,483,196619,-0.016293279022403295
2024-03-18,483,514,482,490,559453,0.01449275362318847
2024-03-19,490,514,490,498,870223,0.01632653061224487
2024-03-20,498,506,492,501,269061,0.006024096385542244
2024-03-21,501,521,501,521,514418,0.03992015968063867
2024-03-22,521,523,512,522,291237,0.0019193857965451588
2024-03-25,522,531,516,530,302827,0.015325670498084198
2024-03-26,530,547,521,547,433423,0.03207547169811331
2024-03-27,547,550,534,541,327491,-0.010968921389396757
2024-03-28,538,540,523,525,446323,-0.02957486136783738
2024-03-29,525,534,507,514,301602,-0.020952380952380945
2024-04-01,506,529,500,519,436107,0.009727626459143934
2024-04-02,518,524,503,509,273728,-0.019267822736030782
2024-04-03,508,546,497,498,693333,-0.0216110019646365
2024-04-04,499,509,490,492,321789,-0.012048192771084376
2024-04-05,489,496,485,492,152556,0.0
2024-04-08,492,500,489,493,157445,0.00203252032520318
2024-04-09,493,503,491,494,110856,0.0020283975659229903
2024-04-11,495,496,484,487,141658,-0.014170040485829927
2024-04-12,484,493,484,488,89207,0.002053388090349051
2024-04-15,487,490,473,479,154601,-0.018442622950819665
2024-04-16,474,478,456,461,217152,-0.0375782881002088
2024-04-17,461,464,451,455,121487,-0.013015184381778733
2024-04-18,455,461,449,456,228980,0.00219780219780219
2024-04-19,461,464,446,447,245596,-0.019736842105263164
2024-04-22,447,455,445,451,239837,0.008948545861297452
2024-04-23,447,455,447,450,180626,-0.0022172949002217113
2024-04-24,458,463,450,454,132822,0.008888888888888946
2024-04-25,454,463,454,457,72220,0.0066079295154184425
2024-04-26,457,462,452,456,101898,-0.002188183807439792
2024-04-29,457,465,457,465,112643,0.019736842105263053
2024-04-30,464,475,464,468,174235,0.006451612903225712
2024-05-02,470,473,465,466,49035,-0.004273504273504258
2024-05-03,468,491,463,481,307027,0.032188841201716833
2024-05-07,481,494,474,474,158354,-0.014553014553014498
2024-05-08,476,484,465,472,135620,-0.00421940928270037
2024-05-09,472,475,467,472,213504,0.0
2024-05-10,482,496,467,469,305166,-0.006355932203389814
2024-05-13,469,471,458,458,197696,-0.023454157782516027
2024-05-14,455,471,454,464,137528,0.013100436681222627
2024-05-16,463,476,463,466,187604,0.004310344827586299
2024-05-17,466,471,460,464,165901,-0.0042918454935622075
2024-05-20,460,468,454,457,301729,-0.015086206896551713
2024-05-21,454,460,451,454,133083,-0.006564551422319487
2024-05-22,454,462,450,459,120814,0.011013215859030812
2024-05-23,459,459,448,458,114611,-0.002178649237472796
2024-05-24,454,455,445,447,203023,-0.024017467248908297
2024-05-27,447,451,443,450,146788,0.006711409395973256
2024-05-28,450,450,443,448,144108,-0.004444444444444473
2024-05-29,448,448,442,445,115981,-0.006696428571428603
2024-05-30,445,450,434,437,161086,-0.017977528089887618
2024-05-31,437,441,434,437,88009,0.0
2024-06-03,436,444,435,437,119456,0.0
2024-06-04,439,444,437,442,81065,0.011441647597254079
2024-06-05,440,445,437,445,57129,0.006787330316742057
2024-06-07,442,453,442,452,104628,0.01573033707865168
2024-06-10,449,454,442,444,65246,-0.017699115044247815
2024-06-11,444,445,438,441,118691,-0.006756756756756799
2024-06-12,454,489,410,432,1336739,-0.020408163265306145
2024-06-13,432,436,426,432,174485,0.0
2024-06-14,431,431,419,424,173934,-0.01851851851851849
2024-06-17,422,428,414,422,160720,-0.004716981132075526
2024-06-18,415,420,409,409,278170,-0.03080568720379151
2024-06-19,409,419,409,412,228024,0.007334963325183352
2024-06-20,416,416,406,410,153199,-0.004854368932038833
2024-06-21,407,414,403,405,160069,-0.012195121951219523
2024-06-24,405,408,400,402,140246,-0.007407407407407418
2024-06-25,399,405,399,399,109506,-0.007462686567164201
2024-06-26,400,403,397,400,58178,0.0025062656641603454
2024-06-27,396,406,396,403,88160,0.007500000000000062
2024-06-28,403,403,396,403,88857,0.0
2024-07-01,401,403,395,399,61113,-0.00992555831265507
2024-07-02,399,402,398,399,138546,0.0
2024-07-03,399,402,395,395,143972,-0.010025062656641603
2024-07-04,395,397,389,393,141300,-0.005063291139240533
2024-07-05,393,395,387,390,157280,-0.007633587786259555
2024-07-08,390,402,388,400,178014,0.02564102564102555
2024-07-09,400,405,392,402,57537,0.004999999999999893
2024-07-10,403,406,400,401,93169,-0.0024875621890547706
2024-07-11,401,406,400,402,77172,0.0024937655860348684
2024-07-12,401,402,395,400,107457,-0.00497512437810943
2024-07-15,400,401,395,400,89601,0.0
2024-07-16,400,402,397,401,110921,0.0024999999999999467
2024-07-17,401,404,398,402,99865,0.0024937655860348684
2024-07-18,402,405,397,397,90750,-0.01243781094527363
2024-07-19,397,399,392,397,71247,0.0
2024-07-22,397,398,389,391,93422,-0.015113350125944613
2024-07-23,389,396,386,390,182836,-0.002557544757033292
2024-07-24,391,393,388,391,97779,0.002564102564102555
2024-07-25,391,391,381,385,163130,-0.01534526854219953
2024-07-26,385,385,375,380,258050,-0.012987012987012991
2024-07-29,380,383,378,380,61260,0.0
2024-07-30,380,381,376,380,87308,0.0
2024-07-31,379,380,374,376,187810,-0.010526315789473717
2024-08-01,376,386,373,382,141294,0.015957446808510634
2024-08-02,380,381,370,375,243979,-0.01832460732984298
2024-08-05,369,370,327,329,560554,-0.1226666666666667
2024-08-06,326,348,326,346,365157,0.05167173252279644
2024-08-07,349,362,340,351,120816,0.014450867052023142
2024-08-08,340,359,340,357,98650,0.017094017094017033
2024-08-09,357,365,354,363,66058,0.01680672268907557
2024-08-12,365,369,352,364,114067,0.0027548209366390353
2024-08-13,364,365,355,360,92567,-0.01098901098901095
2024-08-14,360,394,358,364,305569,0.011111111111111072
2024-08-16,364,380,363,376,187941,0.03296703296703307
2024-08-19,376,385,366,373,237969,-0.007978723404255317
2024-08-20,373,383,367,374,181167,0.002680965147453085
2024-08-21,374,374,355,363,181332,-0.02941176470588236
2024-08-22,363,378,360,366,136531,0.008264462809917328
2024-08-23,366,366,356,357,150429,-0.024590163934426257
2024-08-26,360,365,358,362,137483,0.014005602240896309
2024-08-27,358,374,358,365,54147,0.008287292817679592
2024-08-28,361,406,361,386,998544,0.05753424657534256
2024-08-29,386,393,376,377,176761,-0.023316062176165775
2024-08-30,377,387,373,383,129774,0.01591511936339529
2024-09-02,382,394,377,386,93621,0.007832898172323688
2024-09-03,386,392,377,380,92646,-0.015544041450777257
2024-09-04,372,379,365,365,73198,-0.03947368421052633
2024-09-05,362,369,354,357,268579,-0.021917808219178103
2024-09-06,357,357,342,347,116383,-0.02801120448179273
2024-09-09,339,353,339,351,70315,0.011527377521613813
2024-09-10,347,366,347,351,86440,0.0
2024-09-11,351,360,347,352,65665,0.002849002849002913
2024-09-12,351,364,351,364,73096,0.03409090909090917
2024-09-13,364,368,357,363,22973,-0.0027472527472527375
2024-09-19,360,367,360,366,63907,0.008264462809917328
2024-09-20,364,370,360,362,181636,-0.010928961748633892
2024-09-23,362,365,355,356,109469,-0.016574585635359074
2024-09-24,355,364,351,356,97345,0.0
2024-09-25,356,364,356,360,63415,0.011235955056179803
2024-09-26,359,366,358,360,46912,0.0
2024-09-27,360,368,358,360,42207,0.0
2024-09-30,360,361,348,350,195277,-0.02777777777777779
2024-10-02,351,355,347,353,63766,0.008571428571428674
2024-10-04,353,355,347,350,101851,-0.008498583569405138
2024-10-07,348,351,345,347,46338,-0.008571428571428563
2024-10-08,347,409,347,363,3932003,0.04610951008645525
2024-10-10,362,368,354,356,313105,-0.019283746556473802
2024-10-11,356,357,349,349,193546,-0.0196629213483146
2024-10-14,349,359,346,358,123517,0.025787965616045794
2024-10-15,358,365,355,360,127152,0.005586592178770999
2024-10-16,360,364,353,359,97301,-0.002777777777777768
2024-10-17,359,364,351,354,161416,-0.013927576601671321
2024-10-18,352,355,349,351,66228,-0.008474576271186418
2024-10-21,351,355,347,352,104825,0.002849002849002913
2024-10-22,352,352,340,340,281162,-0.03409090909090906
2024-10-23,340,342,336,340,59927,0.0
2024-10-24,339,342,332,333,188173,-0.020588235294117685
2024-10-25,333,336,330,333,261307,0.0
2024-10-28,333,337,331,337,80821,0.012012012012011963
2024-10-29,339,340,330,333,236650,-0.011869436201780381
2024-10-30,333,343,332,337,94707,0.012012012012011963
2024-10-31,336,341,334,335,62299,-0.005934718100890191
2024-11-01,334,337,332,334,78773,-0.0029850746268657025
2024-11-04,331,337,331,337,66852,0.008982035928143617
2024-11-05,339,342,332,333,128913,-0.011869436201780381
2024-11-06,333,336,330,333,116796,0.0
2024-11-07,332,333,330,330,67202,-0.009009009009009028
2024-11-08,335,335,329,332,97941,0.0060606060606061
2024-11-11,330,332,326,328,135471,-0.012048192771084376
2024-11-12,328,328,315,317,258066,-0.03353658536585369
2024-11-13,315,315,301,305,217067,-0.03785488958990535
2024-11-14,301,310,300,303,167456,-0.006557377049180357
2024-11-15,303,304,273,289,475675,-0.04620462046204621
2024-11-18,284,301,284,297,135189,0.02768166089965396
2024-11-19,297,306,297,297,148322,0.0
2024-11-20,296,303,295,297,33430,0.0
2024-11-21,297,300,292,298,55081,0.0033670033670034627
2024-11-22,295,308,294,304,115233,0.020134228187919545
2024-11-25,304,304,293,302,169017,-0.006578947368421018
2024-11-26,299,304,296,300,87368,-0.0066225165562914245
2024-11-27,301,303,298,298,68184,-0.00666666666666671
2024-11-28,300,303,298,298,81529,0.0
2024-11-29,300,304,296,303,152779,0.016778523489932917
2024-12-02,299,308,291,294,172629,-0.02970297029702973
2024-12-03,291,297,289,295,152229,0.00340136054421758
2024-12-04,292,294,280,286,220342,-0.03050847457627115
2024-12-05,281,291,281,283,154950,-0.010489510489510523
2024-12-06,274,282,266,270,332457,-0.04593639575971731
2024-12-09,269,269,250,252,269077,-0.06666666666666665
2024-12-10,252,265,250,264,122009,0.04761904761904767
2024-12-11,267,280,264,278,179922,0.05303030303030298
2024-12-12,278,281,269,272,272702,-0.021582733812949617
2024-12-13,272,279,272,277,88322,0.018382352941176405
2024-12-16,285,307,278,304,302961,0.09747292418772568
2024-12-17,304,305,289,290,194645,-0.046052631578947345
2024-12-18,293,302,292,301,103538,0.037931034482758585
2024-12-19,301,305,292,299,199478,-0.006644518272425293
2024-12-20,296,305,287,295,98840,-0.013377926421404673
2024-12-23,293,299,287,289,177775,-0.02033898305084747
2024-12-24,292,293,289,292,47525,0.01038062283737018
2024-12-26,294,294,290,290,43903,-0.006849315068493178
2024-12-27,288,288,269,283,109436,-0.024137931034482807
2024-12-30,283,293,282,285,45412,0.007067137809187329
2025-01-02,284,305,283,293,166235,0.02807017543859658
2025-01-03,294,304,293,295,72186,0.006825938566553003
2025-01-06,295,302,294,302,55352,0.023728813559322104
2025-01-07,302,304,301,304,30367,0.0066225165562914245
2025-01-08,304,326,298,313,802585,0.02960526315789469
2025-01-09,319,328,308,315,255196,0.006389776357827559
2025-01-10,315,406,314,358,15289112,0.13650793650793647
2025-01-13,375,376,341,350,2794366,-0.022346368715083775
2025-01-14,350,355,333,340,789597,-0.02857142857142858
2025-01-15,340,343,327,333,450102,-0.020588235294117685
2025-01-16,333,338,329,335,298147,0.006006006006006093
2025-01-17,335,365,328,328,1027872,-0.020895522388059695
2025-01-20,330,338,315,319,425811,-0.027439024390243927
2025-01-21,319,324,314,322,157237,0.00940438871473348
2025-01-22,320,323,310,312,360909,-0.03105590062111796
2025-01-23,314,334,305,306,1408431,-0.019230769230769273
2025-01-24,306,316,306,306,145743,0.0
2025-01-31,306,308,297,298,253442,-0.02614379084967322
2025-02-03,297,299,283,286,123998,-0.04026845637583898
2025-02-04,284,312,283,299,504929,0.045454545454545414
2025-02-05,299,304,295,296,118763,-0.010033444816053505
2025-02-06,299,305,290,297,451520,0.0033783783783782884
2025-02-07,295,297,290,290,166331,-0.023569023569023573
2025-02-10,290,300,290,300,63927,0.034482758620689724
2025-02-11,300,300,295,297,77611,-0.010000000000000009
2025-02-12,294,297,291,291,83261,-0.02020202020202022
2025-02-13,286,291,282,285,318638,-0.020618556701030966
2025-02-14,284,288,280,280,86820,-0.01754385964912286
2025-02-17,280,287,279,285,73742,0.017857142857142794
2025-02-18,284,295,284,295,99258,0.03508771929824572
2025-02-19,293,332,293,324,1110345,0.09830508474576272
2025-02-20,319,324,288,313,699652,-0.03395061728395066
2025-02-21,313,313,306,309,128669,-0.012779552715655007
2025-02-24,310,318,304,310,164060,0.003236245954692629
2025-02-25,315,318,295,301,205711,-0.029032258064516148
2025-02-26,298,310,297,303,314279,0.006644518272425293
2025-02-27,309,322,301,309,529116,0.01980198019801982
2025-02-28,309,315,302,309,118686,0.0
2025-03-04,310,314,301,304,62729,-0.016181229773462813
2025-03-05,307,317,294,296,259312,-0.02631578947368418
2025-03-06,298,300,291,294,63239,-0.006756756756756799
2025-03-07,292,295,287,287,165346,-0.023809523809523836
2025-03-10,275,275,227,242,3176202,-0.15679442508710806
2025-03-11,242,252,234,252,1234321,0.04132231404958686
2025-03-12,252,325,249,272,19593805,0.0793650793650793
2025-03-13,270,296,253,253,3560354,-0.06985294117647056
2025-03-14,256,271,252,262,812003,0.035573122529644285
2025-03-17,264,265,253,260,406707,-0.007633587786259555
2025-03-18,260,270,259,264,273669,0.01538461538461533
2025-03-19,264,275,260,268,409570,0.015151515151515138
2025-03-20,267,307,267,285,4112079,0.06343283582089554
2025-03-21,283,284,260,262,986539,-0.08070175438596494
2025-03-24,264,267,254,261,542789,-0.003816793893129722
2025-03-25,261,262,250,254,354255,-0.026819923371647514
2025-03-26,255,262,251,253,333870,-0.003937007874015741
2025-03-27,255,295,255,258,2414820,0.01976284584980248
2025-03-28,258,274,256,263,723649,0.019379844961240345
2025-03-31,256,262,253,257,267001,-0.02281368821292773
2025-04-01,258,280,257,272,854143,0.05836575875486383
2025-04-02,280,303,275,280,1591966,0.02941176470588225
2025-04-03,280,285,275,280,359138,0.0
2025-04-04,279,288,270,273,352026,-0.025000000000000022
2025-04-07,273,275,263,264,509441,-0.03296703296703296
2025-04-08,265,280,265,273,267616,0.03409090909090917
2025-04-09,275,280,263,269,393693,-0.0146520146520146
2025-04-10,274,278,269,272,349528,0.011152416356877248
2025-04-11,274,313,273,292,3678268,0.07352941176470584
2025-04-14,290,299,281,292,714749,0.0
