Date,Open,High,Low,Close,Volume,Change
2022-01-03,3870,3995,3850,3890,31995,0.0064683053040104355
2022-01-04,3910,4040,3900,4000,43946,0.028277634961439535
2022-01-05,3980,4110,3900,4020,54899,0.004999999999999893
2022-01-06,3970,4095,3950,4040,62476,0.004975124378109541
2022-01-07,4040,4075,3960,4060,28656,0.004950495049504955
2022-01-10,4060,4120,4000,4020,51239,-0.009852216748768461
2022-01-11,4020,4050,3790,3855,96225,-0.04104477611940294
2022-01-12,3850,3950,3815,3945,62073,0.023346303501945442
2022-01-13,3985,4035,3860,3970,68556,0.006337135614702172
2022-01-14,3940,3975,3890,3950,41221,-0.005037783375314908
2022-01-17,3915,4040,3915,3925,81747,-0.006329113924050667
2022-01-18,3925,3960,3785,3790,81212,-0.03439490445859872
2022-01-19,3620,3785,3500,3615,130637,-0.04617414248021112
2022-01-20,3615,3730,3500,3610,91741,-0.0013831258644536604
2022-01-21,3645,3720,3545,3570,44111,-0.011080332409972304
2022-01-24,3575,3615,3300,3340,137770,-0.06442577030812324
2022-01-25,3340,3420,3150,3230,110820,-0.03293413173652693
2022-01-26,3230,3365,3200,3310,37603,0.024767801857585203
2022-01-27,3335,3445,3010,3245,161571,-0.01963746223564955
2022-01-28,3110,3320,3110,3245,95622,0.0
2022-02-03,3260,3425,3260,3350,39591,0.03235747303543923
2022-02-04,3350,3465,3330,3350,37321,0.0
2022-02-07,3450,3450,3350,3400,24697,0.014925373134328401
2022-02-08,3400,3450,3265,3315,31947,-0.025000000000000022
2022-02-09,3330,3430,3310,3385,51250,0.02111613876319751
2022-02-10,3385,3440,3365,3375,12798,-0.002954209748892156
2022-02-11,3340,3375,3230,3230,38594,-0.04296296296296298
2022-02-14,3195,3205,3060,3155,50708,-0.023219814241486114
2022-02-15,3155,3270,3105,3150,59797,-0.0015847860538826808
2022-02-16,3160,3285,3160,3265,14174,0.0365079365079366
2022-02-17,3300,3345,3200,3265,47095,0.0
2022-02-18,3260,3355,3185,3315,30643,0.015313935681470214
2022-02-21,3320,3430,3310,3345,36558,0.009049773755656076
2022-02-22,3380,3490,3295,3295,84083,-0.014947683109118093
2022-02-23,3300,3365,3280,3365,47618,0.02124430955993928
2022-02-24,3305,3345,3215,3250,59819,-0.034175334323922724
2022-02-25,3250,3360,3220,3245,32330,-0.0015384615384614886
2022-02-28,3245,3350,3225,3250,15692,0.0015408320493066618
2022-03-02,3275,3305,3190,3260,56204,0.003076923076922977
2022-03-03,3410,3410,3225,3335,62868,0.02300613496932513
2022-03-04,3340,3550,3340,3420,93819,0.025487256371814038
2022-03-07,3420,3420,3330,3330,43892,-0.02631578947368418
2022-03-08,3290,3290,3165,3250,59632,-0.024024024024024038
2022-03-10,3250,3445,3250,3365,67649,0.03538461538461535
2022-03-11,3395,3825,3380,3665,495221,0.08915304606240704
2022-03-14,3690,3690,3535,3570,152110,-0.02592087312414737
2022-03-15,3570,3670,3540,3565,66348,-0.0014005602240896309
2022-03-16,3635,4630,3610,4225,3966362,0.18513323983169716
2022-03-17,4180,4325,4085,4310,1582174,0.020118343195266286
2022-03-18,4310,4310,4175,4300,385925,-0.002320185614849146
2022-03-21,4280,4295,4145,4145,242789,-0.03604651162790695
2022-03-22,4130,4535,4125,4505,1155846,0.08685162846803385
2022-03-23,4405,4480,4290,4355,512464,-0.033296337402885734
2022-03-24,4340,4700,4225,4360,1486031,0.0011481056257176547
2022-03-25,4340,4355,4225,4280,435110,-0.01834862385321101
2022-03-28,4450,4500,4235,4235,564035,-0.010514018691588745
2022-03-29,4250,4280,4115,4170,169021,-0.015348288075560768
2022-03-30,4200,4200,4000,4040,153677,-0.031175059952038398
2022-03-31,4000,4175,3995,4170,109292,0.03217821782178221
2022-04-01,4230,4400,4140,4320,624069,0.03597122302158273
2022-04-04,4390,4390,4195,4225,247611,-0.0219907407407407
2022-04-05,4265,4340,4220,4300,184289,0.01775147928994092
2022-04-06,4240,4240,4065,4135,165438,-0.03837209302325584
2022-04-07,4085,4085,3940,3950,114709,-0.044740024183796856
2022-04-08,3860,3970,3810,3970,164308,0.005063291139240533
2022-04-11,3970,4060,3890,3925,35115,-0.01133501259445846
2022-04-12,3915,3915,3770,3840,51367,-0.021656050955414008
2022-04-13,3840,3945,3835,3930,39655,0.0234375
2022-04-14,3975,4020,3955,3995,37127,0.01653944020356235
2022-04-15,4035,4110,4000,4080,63534,0.02127659574468077
2022-04-18,4080,4105,4020,4055,36583,-0.006127450980392135
2022-04-19,4030,4055,3980,4050,32669,-0.0012330456226880004
2022-04-20,4070,4075,3950,4000,52995,-0.012345679012345734
2022-04-21,4005,4240,4005,4130,109107,0.03249999999999997
2022-04-22,4195,4195,4040,4130,43457,0.0
2022-04-25,4000,4045,3900,3920,80976,-0.05084745762711862
2022-04-26,3900,4800,3900,4325,6832800,0.10331632653061229
2022-04-27,4215,4615,4085,4275,2209625,-0.011560693641618491
2022-04-28,4660,4705,4195,4320,1583819,0.010526315789473717
2022-04-29,4315,4510,4210,4385,451308,0.01504629629629628
2022-05-02,4365,4455,4310,4380,249467,-0.0011402508551880963
2022-05-03,4380,4435,4325,4360,218735,-0.004566210045662156
2022-05-04,4380,4400,4195,4225,225285,-0.03096330275229353
2022-05-06,4220,4350,4135,4290,94257,0.01538461538461533
2022-05-09,4290,4315,4005,4120,143297,-0.03962703962703962
2022-05-10,4050,4065,3880,3960,122480,-0.03883495145631066
2022-05-11,3965,4120,3965,4070,65102,0.02777777777777768
2022-05-12,4040,4130,3850,3860,92877,-0.051597051597051635
2022-05-13,3860,4200,3820,4030,190685,0.04404145077720201
2022-05-16,4070,4200,4030,4145,76485,0.028535980148883366
2022-05-17,4210,4370,4145,4320,299780,0.04221954161640529
2022-05-18,4335,4400,4320,4350,159515,0.00694444444444442
2022-05-19,4285,4350,4200,4250,121629,-0.02298850574712641
2022-05-20,4250,4310,4165,4180,81844,-0.016470588235294126
2022-05-23,4255,4255,4035,4135,41699,-0.010765550239234423
2022-05-24,4175,4175,4005,4050,46193,-0.02055622732769047
2022-05-25,4050,4055,3925,3935,94676,-0.02839506172839501
2022-05-26,3945,4025,3915,3935,46543,0.0
2022-05-27,3975,4080,3955,4080,62706,0.03684879288437104
2022-05-30,4080,4205,4080,4100,59870,0.004901960784313708
2022-05-31,4160,4250,4095,4130,66824,0.007317073170731714
2022-06-02,4280,4335,4110,4145,145413,0.00363196125907983
2022-06-03,4145,4275,4145,4220,97773,0.018094089264173663
2022-06-07,4220,4240,4100,4230,80484,0.0023696682464455776
2022-06-08,4185,4230,4135,4175,51657,-0.013002364066193817
2022-06-09,4155,4200,4085,4130,61667,-0.010778443113772407
2022-06-10,4130,4150,3900,4065,71870,-0.0157384987893463
2022-06-13,3930,3975,3760,3760,78630,-0.07503075030750306
2022-06-14,3645,3725,3500,3680,132396,-0.021276595744680882
2022-06-15,3645,3855,3460,3500,157423,-0.048913043478260865
2022-06-16,3600,3775,3545,3630,86996,0.037142857142857144
2022-06-17,3580,3730,3470,3690,76235,0.016528925619834656
2022-06-20,3725,3730,3320,3410,110959,-0.07588075880758804
2022-06-21,3410,3525,3325,3375,78930,-0.01026392961876832
2022-06-22,3415,3565,3160,3230,128176,-0.04296296296296298
2022-06-23,3230,3250,3005,3010,90948,-0.06811145510835914
2022-06-24,3040,3200,2995,3200,62743,0.06312292358803995
2022-06-27,3335,3430,3230,3370,56387,0.05312500000000009
2022-06-28,3385,3700,3385,3570,182135,0.05934718100890213
2022-06-29,3605,3840,3575,3575,139892,0.0014005602240896309
2022-06-30,3625,3790,3560,3560,92261,-0.004195804195804231
2022-07-01,3560,3635,3460,3565,64885,0.001404494382022392
2022-07-04,3530,3605,3350,3395,67417,-0.04768583450210384
2022-07-05,3400,4050,3400,3550,821037,0.04565537555228283
2022-07-06,3590,3750,3530,3530,128008,-0.005633802816901401
2022-07-07,3535,3840,3495,3620,411240,0.025495750708215192
2022-07-08,3650,3800,3590,3615,89200,-0.0013812154696132284
2022-07-11,3650,3660,3580,3580,53726,-0.009681881051175623
2022-07-12,3580,3580,3420,3425,63974,-0.04329608938547491
2022-07-13,3425,3475,3350,3475,32442,0.014598540145985384
2022-07-14,3475,3565,3415,3490,26994,0.004316546762589857
2022-07-15,3490,3520,3360,3415,20619,-0.021489971346704828
2022-07-18,3415,3550,3415,3535,23235,0.03513909224011713
2022-07-19,3535,3620,3515,3590,15571,0.01555869872701554
2022-07-20,3590,3665,3535,3565,25791,-0.0069637883008356605
2022-07-21,3580,3740,3580,3690,82993,0.035063113604488105
2022-07-22,3670,3750,3660,3700,31946,0.0027100271002709064
2022-07-25,3700,3725,3610,3650,19691,-0.013513513513513487
2022-07-26,3650,3690,3640,3660,16314,0.00273972602739736
2022-07-27,3620,3695,3620,3640,13071,-0.005464480874316946
2022-07-28,3660,3750,3635,3725,41751,0.02335164835164827
2022-07-29,3725,3790,3660,3710,27609,-0.004026845637583931
2022-08-01,3720,3780,3680,3735,37517,0.006738544474393482
2022-08-02,3760,3800,3700,3765,74678,0.008032128514056325
2022-08-03,3755,4010,3730,4000,487585,0.062416998671978696
2022-08-04,4000,4055,3830,3875,170610,-0.03125
2022-08-05,3935,3985,3880,3905,106519,0.007741935483871032
2022-08-08,3870,4175,3825,4175,259362,0.06914212548015364
2022-08-09,4000,4050,3930,3945,258168,-0.05508982035928145
2022-08-10,4015,4045,3945,3980,164816,0.008871989860582907
2022-08-11,3980,4110,3980,4080,85460,0.025125628140703515
2022-08-12,4080,4160,4010,4080,144872,0.0
2022-08-16,4080,4080,3905,3945,193352,-0.03308823529411764
2022-08-17,3965,3990,3755,3790,136264,-0.0392902408111534
2022-08-18,3790,3895,3775,3895,117790,0.02770448548812654
2022-08-19,3895,4000,3880,3900,96950,0.0012836970474967568
2022-08-22,3860,4245,3740,3800,1518088,-0.02564102564102566
2022-08-23,3720,3780,3625,3650,134723,-0.03947368421052633
2022-08-24,3650,3860,3645,3785,137177,0.03698630136986303
2022-08-25,3785,3900,3785,3870,91496,0.022457067371202122
2022-08-26,3870,3900,3840,3845,75930,-0.006459948320413411
2022-08-29,3770,3825,3660,3670,70951,-0.04551365409622887
2022-08-30,3670,3820,3655,3750,57992,0.021798365122615904
2022-08-31,3750,3880,3750,3865,75738,0.03066666666666662
2022-09-01,3890,3920,3785,3785,70538,-0.02069857697283317
2022-09-02,3785,4120,3785,3965,451517,0.047556142668428114
2022-09-05,3965,4055,3890,4005,132431,0.010088272383354413
2022-09-06,4005,4010,3880,3970,76546,-0.008739076154806513
2022-09-07,4010,4045,3820,3845,74357,-0.03148614609571787
2022-09-08,3850,4045,3850,3870,47028,0.006501950585175553
2022-09-13,3880,4080,3880,4070,93152,0.05167958656330751
2022-09-14,3985,4020,3895,3990,40902,-0.019656019656019708
2022-09-15,3990,3990,3905,3905,37549,-0.02130325814536338
2022-09-16,3890,3905,3825,3860,44116,-0.011523687580025643
2022-09-19,3860,3860,3650,3680,77906,-0.04663212435233166
2022-09-20,3680,3870,3675,3870,53170,0.05163043478260865
2022-09-21,3865,3950,3740,3840,40834,-0.007751937984496138
2022-09-22,3750,3790,3650,3770,42549,-0.01822916666666663
2022-09-23,3720,3740,3560,3585,61592,-0.049071618037135334
2022-09-26,3500,3535,3320,3385,55607,-0.05578800557880059
2022-09-27,3330,3490,3095,3360,131932,-0.00738552437223039
2022-09-28,3325,3370,3095,3190,72466,-0.05059523809523814
2022-09-29,3280,3300,3190,3190,28405,0.0
2022-09-30,3175,3275,3050,3225,38132,0.01097178683385569
2022-10-04,3240,3350,3240,3350,41852,0.03875968992248069
2022-10-05,3415,3510,3295,3325,78659,-0.007462686567164201
2022-10-06,3335,3495,3335,3495,31720,0.051127819548872244
2022-10-07,3495,3530,3425,3460,38025,-0.010014306151645225
2022-10-11,3410,3415,3220,3240,53826,-0.06358381502890176
2022-10-12,3200,3230,3125,3185,41008,-0.016975308641975273
2022-10-13,3185,3185,2900,2900,87020,-0.0894819466248038
2022-10-14,2950,3040,2950,2950,76862,0.01724137931034475
2022-10-17,2920,3070,2860,3060,44866,0.03728813559322042
2022-10-18,3150,3205,3085,3155,53076,0.031045751633986818
2022-10-19,3210,3270,3140,3175,50879,0.006339144215530945
2022-10-20,3180,3250,3140,3140,28409,-0.011023622047244053
2022-10-21,3120,3175,3055,3065,38630,-0.023885350318471388
2022-10-24,3100,3410,3100,3270,210397,0.06688417618270792
2022-10-25,3350,3455,3290,3410,143952,0.042813455657492394
2022-10-26,3460,3500,3410,3425,80071,0.004398826979472137
2022-10-27,3425,3560,3425,3515,76143,0.026277372262773824
2022-10-28,3515,3565,3485,3525,60351,0.002844950213371167
2022-10-31,3610,3795,3535,3775,143984,0.07092198581560294
2022-11-01,3775,3950,3755,3915,106893,0.03708609271523189
2022-11-02,3915,3915,3770,3900,81573,-0.003831417624521105
2022-11-03,3790,3815,3615,3770,81945,-0.033333333333333326
2022-11-04,3710,3730,3585,3650,48450,-0.03183023872679047
2022-11-07,3650,3875,3650,3800,62130,0.041095890410958846
2022-11-08,3805,3930,3800,3840,60466,0.010526315789473717
2022-11-09,3840,3860,3770,3840,34142,0.0
2022-11-10,3820,3840,3710,3780,39710,-0.015625
2022-11-11,3835,3895,3740,3775,59967,-0.001322751322751281
2022-11-14,3805,3910,3735,3790,78388,0.003973509933774766
2022-11-15,3790,3790,3605,3650,110212,-0.03693931398416883
2022-11-16,3660,3660,3490,3560,125505,-0.024657534246575352
2022-11-17,3560,3650,3510,3615,84207,0.015449438202247201
2022-11-18,3615,3680,3460,3550,65453,-0.017980636237897696
2022-11-21,3570,3605,3500,3515,74705,-0.009859154929577452
2022-11-22,3515,3870,3485,3615,567019,0.028449502133712556
2022-11-23,3615,3700,3575,3670,72965,0.015214384508990264
2022-11-24,3680,3755,3585,3740,113986,0.019073569482288777
2022-11-25,3730,3890,3635,3885,142816,0.03877005347593587
2022-11-28,3895,4200,3800,4120,526609,0.06048906048906044
2022-11-29,3950,4400,3845,4320,2893986,0.04854368932038833
2022-11-30,4220,4350,4095,4115,441585,-0.04745370370370372
2022-12-01,4080,4190,4010,4150,237882,0.008505467800729027
2022-12-02,4115,4115,3830,3855,237772,-0.07108433734939756
2022-12-05,3855,3910,3745,3800,140849,-0.014267185473411104
2022-12-06,3800,3985,3695,3965,252806,0.04342105263157903
2022-12-07,3885,3885,3695,3695,156934,-0.0680958385876419
2022-12-08,3690,3695,3500,3590,92701,-0.02841677943166443
2022-12-09,3590,3710,3530,3685,105502,0.026462395543175532
2022-12-12,3710,3840,3655,3715,114822,0.008141112618724522
2022-12-13,3715,3795,3610,3625,62591,-0.024226110363391617
2022-12-14,3605,3680,3530,3680,53506,0.015172413793103523
2022-12-15,3680,3750,3575,3620,51948,-0.016304347826086918
2022-12-16,3580,3585,3505,3540,77175,-0.02209944751381221
2022-12-19,3525,3625,3450,3530,49293,-0.0028248587570621764
2022-12-20,3530,3530,3325,3335,94382,-0.055240793201133176
2022-12-21,3335,3475,3335,3430,58206,0.028485757121439192
2022-12-22,3430,3565,3340,3510,54150,0.023323615160349753
2022-12-23,3545,3570,3400,3400,70013,-0.031339031339031376
2022-12-26,3355,3540,3350,3410,64594,0.002941176470588225
2022-12-27,3410,3540,3370,3505,51109,0.027859237536656867
2022-12-28,3500,3500,3360,3445,36875,-0.01711840228245365
2022-12-29,3410,3410,3250,3250,63218,-0.05660377358490565
2023-01-02,3210,3335,3135,3150,70484,-0.03076923076923077
2023-01-03,3150,3195,2980,3105,84700,-0.014285714285714235
2023-01-04,3100,3200,3030,3200,28698,0.03059581320450877
2023-01-05,3230,3290,3155,3260,39542,0.018750000000000044
2023-01-06,3240,3375,3190,3335,32365,0.02300613496932513
2023-01-09,3370,3450,3300,3360,29296,0.007496251874062887
2023-01-10,3360,3490,3300,3395,43542,0.01041666666666674
2023-01-11,3395,3465,3385,3460,25667,0.019145802650957222
2023-01-12,3465,3550,3460,3500,25815,0.011560693641618602
2023-01-13,3500,3530,3450,3470,38410,-0.008571428571428563
2023-01-16,3490,3505,3425,3455,29465,-0.004322766570605152
2023-01-17,3455,3480,3405,3410,21237,-0.013024602026049159
2023-01-18,3380,3415,3340,3365,29115,-0.01319648093841641
2023-01-19,3365,3450,3300,3430,41997,0.019316493313521477
2023-01-20,3440,3495,3420,3475,32670,0.013119533527696792
2023-01-25,3525,3530,3430,3460,30319,-0.004316546762589968
2023-01-26,3460,3530,3460,3470,38421,0.0028901734104045396
2023-01-27,3470,3505,3450,3475,18259,0.0014409221902016434
2023-01-30,3445,3475,3370,3420,63189,-0.015827338129496438
2023-01-31,3420,3485,3360,3485,58685,0.01900584795321647
2023-02-01,3485,3525,3425,3430,39527,-0.015781922525107572
2023-02-02,3440,3520,3440,3490,38378,0.017492711370262315
2023-02-03,3525,3530,3385,3390,37911,-0.028653295128939882
2023-02-06,3365,3435,3350,3410,48370,0.005899705014749346
2023-02-07,3410,3525,3410,3510,81769,0.029325513196480912
2023-02-08,3525,3570,3490,3490,36457,-0.005698005698005715
2023-02-09,3525,3525,3400,3475,33485,-0.004297994269340966
2023-02-10,3475,3475,3360,3405,39732,-0.020143884892086295
2023-02-13,3405,3425,3345,3425,22229,0.005873715124816492
2023-02-14,3375,3565,3360,3475,80081,0.014598540145985384
2023-02-15,3475,3560,3355,3480,177834,0.0014388489208632116
2023-02-16,3445,3475,3370,3385,62804,-0.027298850574712596
2023-02-17,3390,3710,3335,3540,503697,0.04579025110782875
2023-02-20,3540,3675,3470,3625,113104,0.024011299435028333
2023-02-21,3625,3625,3550,3575,61494,-0.01379310344827589
2023-02-22,3530,3530,3430,3460,63780,-0.032167832167832144
2023-02-23,3430,3515,3410,3500,47212,0.011560693641618602
2023-02-24,3530,3530,3400,3425,50014,-0.021428571428571463
2023-02-27,3390,3535,3350,3485,75026,0.01751824817518255
2023-02-28,3485,3570,3440,3560,86096,0.021520803443328518
2023-03-02,3610,3610,3520,3565,54471,0.001404494382022392
2023-03-03,3565,3630,3565,3590,51354,0.007012622720897532
2023-03-06,3590,3610,3530,3585,48936,-0.0013927576601671099
2023-03-07,3585,3605,3530,3590,69559,0.001394700139470073
2023-03-08,3555,3555,3465,3510,33739,-0.02228412256267409
2023-03-09,3490,3565,3480,3550,66056,0.01139601139601143
2023-03-10,3510,3515,3445,3455,42189,-0.026760563380281654
2023-03-13,3400,3460,3305,3460,71060,0.0014471780028944004
2023-03-14,3405,3405,3245,3325,78483,-0.039017341040462394
2023-03-15,3325,3465,3325,3465,54051,0.042105263157894646
2023-03-16,3465,3485,3385,3395,25625,-0.02020202020202022
2023-03-17,3410,3430,3360,3375,75051,-0.00589101620029453
2023-03-20,3375,3415,3345,3380,51142,0.001481481481481417
2023-03-21,3380,3460,3345,3380,55463,0.0
2023-03-22,3380,3410,3355,3385,31381,0.0014792899408284654
2023-03-23,3375,3395,3310,3315,37604,-0.020679468242245203
2023-03-24,3300,3340,3290,3320,19524,0.0015082956259426794
2023-03-27,3320,3375,3250,3310,50055,-0.003012048192771122
2023-03-28,3275,3415,3275,3415,30968,0.031722054380664666
2023-03-29,3415,3445,3335,3390,22517,-0.007320644216691097
2023-03-30,3390,3490,3350,3440,43243,0.014749262536873253
2023-03-31,3440,3540,3320,3540,67576,0.029069767441860517
2023-04-03,3555,3880,3550,3870,345633,0.09322033898305082
2023-04-04,3870,3900,3805,3900,129277,0.007751937984496138
2023-04-05,3900,4015,3800,3880,126289,-0.00512820512820511
2023-04-06,3880,3965,3780,3900,77975,0.005154639175257714
2023-04-07,4005,4005,3800,3870,63752,-0.007692307692307665
2023-04-10,3850,3870,3740,3820,71035,-0.012919896640826822
2023-04-11,3810,3890,3630,3780,155611,-0.010471204188481686
2023-04-12,3815,3965,3815,3915,84404,0.03571428571428581
2023-04-13,3935,3975,3840,3945,44766,0.00766283524904221
2023-04-14,3955,4030,3945,3970,58265,0.006337135614702172
2023-04-17,3975,4085,3975,4040,91125,0.017632241813602123
2023-04-18,4040,4085,3865,4015,80902,-0.006188118811881194
2023-04-19,4015,4065,3965,3990,49610,-0.0062266500622665255
2023-04-20,3985,3985,3790,3835,110790,-0.03884711779448624
2023-04-21,3795,3845,3555,3625,196768,-0.054758800521512385
2023-04-24,3625,3640,3510,3550,70399,-0.020689655172413834
2023-04-25,3550,3655,3410,3550,82996,0.0
2023-04-26,3550,3680,3455,3475,97736,-0.021126760563380254
2023-04-27,3475,3710,3455,3655,86377,0.05179856115107917
2023-04-28,3665,3695,3545,3600,67398,-0.015047879616963078
2023-05-02,3615,3750,3610,3710,72434,0.030555555555555447
2023-05-03,3710,3730,3665,3670,52084,-0.010781671159029615
2023-05-04,3665,3725,3640,3665,43818,-0.0013623978201634523
2023-05-08,3670,3795,3665,3675,49512,0.0027285129604366354
2023-05-09,3690,3750,3635,3635,29441,-0.010884353741496544
2023-05-10,3635,3700,3595,3665,36385,0.008253094910591452
2023-05-11,3680,3810,3670,3780,93050,0.03137789904502042
2023-05-12,3780,3890,3710,3870,92433,0.023809523809523725
2023-05-15,3845,3855,3660,3695,107253,-0.0452196382428941
2023-05-16,3700,3990,3700,3960,203561,0.07171853856562915
2023-05-17,3960,3990,3805,3950,159897,-0.002525252525252486
2023-05-18,3970,4040,3960,3990,43483,0.010126582278481067
2023-05-19,4010,4015,3950,3970,43639,-0.005012531328320802
2023-05-22,3970,4030,3915,3970,40847,0.0
2023-05-23,4010,4035,3910,3940,41541,-0.007556675062972307
2023-05-24,3940,3965,3795,3850,48164,-0.022842639593908642
2023-05-25,3870,3930,3820,3840,39868,-0.0025974025974025983
2023-05-26,3840,3910,3780,3780,40445,-0.015625
2023-05-30,3800,3925,3800,3920,56273,0.03703703703703698
2023-05-31,3960,4150,3945,4100,135600,0.04591836734693877
2023-06-01,4100,4100,3965,4020,71100,-0.019512195121951237
2023-06-02,4020,4115,4020,4080,57500,0.014925373134328401
2023-06-05,4080,4080,3950,4075,66571,-0.001225490196078427
2023-06-07,4075,4175,4065,4145,93186,0.01717791411042935
2023-06-08,4135,4135,4000,4075,60521,-0.016887816646562137
2023-06-09,4070,4125,4030,4105,47244,0.007361963190184007
2023-06-12,4105,4105,3960,3995,46312,-0.02679658952496955
2023-06-13,3995,4035,3985,4020,33393,0.006257822277847325
2023-06-14,4020,4060,3840,3875,48716,-0.03606965174129351
2023-06-15,3875,4025,3875,3965,44477,0.023225806451612874
2023-06-16,3990,4055,3975,4035,30564,0.017654476670870167
2023-06-19,4045,4225,4045,4210,151043,0.04337050805452303
2023-06-20,4165,4255,4145,4230,84451,0.004750593824228044
2023-06-21,4300,4585,4295,4425,551055,0.046099290780141855
2023-06-22,4425,4425,4135,4355,148343,-0.015819209039548032
2023-06-23,4345,4460,4270,4310,76767,-0.010332950631458115
2023-06-26,4250,4365,4210,4210,69727,-0.023201856148491906
2023-06-27,4250,4310,4200,4270,102261,0.014251781472684133
2023-06-28,4270,4470,4270,4315,142736,0.01053864168618257
2023-06-29,4315,4600,4155,4600,324782,0.0660486674391656
2023-06-30,4550,4625,4300,4595,232024,-0.0010869565217391797
2023-07-03,4595,4830,4585,4825,277257,0.05005440696409136
2023-07-04,4840,4840,4610,4650,141104,-0.03626943005181349
2023-07-05,4705,4825,4535,4570,132719,-0.017204301075268824
2023-07-06,4560,4600,4275,4420,141216,-0.03282275711159732
2023-07-07,4375,4490,4320,4360,110932,-0.013574660633484115
2023-07-10,4350,4615,4230,4370,160261,0.002293577981651307
2023-07-11,4370,4405,4155,4235,175488,-0.03089244851258577
2023-07-12,4290,4350,4215,4330,80590,0.022432113341204207
2023-07-13,4370,4375,4190,4195,62676,-0.03117782909930711
2023-07-14,4200,4220,4060,4115,93379,-0.019070321811680557
2023-07-17,4155,4200,4120,4170,48289,0.013365735115431265
2023-07-18,4170,4170,4045,4055,56431,-0.027577937649880147
2023-07-19,4035,4110,3980,4030,57598,-0.006165228113440224
2023-07-20,4010,4010,3910,3915,55860,-0.028535980148883366
2023-07-21,3875,3955,3860,3865,36881,-0.012771392081736943
2023-07-24,3860,3865,3670,3795,131772,-0.018111254851228997
2023-07-25,3760,4000,3755,3950,210737,0.040843214756258295
2023-07-26,3880,3935,3545,3610,169600,-0.08607594936708862
2023-07-27,3610,3810,3595,3705,77796,0.026315789473684292
2023-07-28,3705,3800,3630,3775,44438,0.018893387314439902
2023-07-31,3775,3825,3675,3715,79193,-0.015894039735099286
2023-08-01,3715,3740,3660,3710,58502,-0.0013458950201884479
2023-08-02,3720,3840,3660,3700,79731,-0.0026954177897574594
2023-08-03,3660,3690,3575,3690,49355,-0.002702702702702675
2023-08-04,3640,3690,3600,3670,30391,-0.005420054200542035
2023-08-07,3670,3710,3580,3685,41820,0.004087193460490468
2023-08-08,3685,3750,3565,3605,42659,-0.02170963364993217
2023-08-09,3595,3630,3545,3575,42704,-0.00832177531206657
2023-08-10,3615,3640,3500,3515,83052,-0.016783216783216814
2023-08-11,3555,3650,3540,3600,61008,0.024182076813655806
2023-08-14,3595,3595,3360,3420,160148,-0.050000000000000044
2023-08-16,3420,3535,3355,3515,150914,0.02777777777777768
2023-08-17,3410,3470,3300,3470,153757,-0.012802275960170695
2023-08-18,3470,3475,3365,3395,61491,-0.021613832853025983
2023-08-21,3390,3415,3310,3345,37897,-0.014727540500736325
2023-08-22,3375,3435,3325,3390,51131,0.013452914798206317
2023-08-23,3405,3465,3390,3430,40408,0.01179941002949847
2023-08-24,3430,3470,3395,3460,23076,0.008746355685131268
2023-08-25,3460,3470,3415,3415,31021,-0.013005780346820761
2023-08-28,3425,3535,3400,3535,48745,0.03513909224011713
2023-08-29,3540,3575,3510,3530,31259,-0.0014144271570014633
2023-08-30,3530,3565,3515,3545,40247,0.004249291784702569
2023-08-31,3545,3575,3520,3540,38305,-0.0014104372355430161
2023-09-01,3540,3605,3480,3550,92689,0.0028248587570620654
2023-09-04,3550,3600,3450,3545,66605,-0.0014084507042253502
2023-09-05,3540,3540,3455,3505,47319,-0.01128349788434413
2023-09-06,3505,3530,3410,3425,45356,-0.022824536376604865
2023-09-07,3420,3450,3350,3390,55380,-0.010218978102189746
2023-09-08,3345,3440,3325,3400,55284,0.002949852507374562
2023-09-11,3450,3560,3400,3560,54047,0.04705882352941182
2023-09-12,3540,3575,3520,3550,34347,-0.002808988764044895
2023-09-13,3540,3585,3475,3525,64999,-0.007042253521126751
2023-09-14,3505,3560,3445,3525,59864,0.0
2023-09-15,3525,3590,3510,3590,26648,0.018439716312056653
2023-09-18,3560,3590,3475,3535,42885,-0.01532033426183843
2023-09-19,3510,3535,3415,3460,32370,-0.021216407355021172
2023-09-20,3440,3460,3410,3450,21162,-0.0028901734104046506
2023-09-21,3435,3435,3345,3405,33879,-0.013043478260869601
2023-09-22,3390,3995,3325,3870,2995941,0.13656387665198233
2023-09-25,3855,4095,3680,3710,743137,-0.04134366925064603
2023-09-26,3730,3960,3665,3830,445974,0.032345013477088846
2023-09-27,3585,3745,3385,3720,503115,-0.02872062663185382
2023-10-04,3675,3830,3610,3775,287547,0.014784946236559238
2023-10-05,3745,4020,3670,3770,647339,-0.0013245033112583293
2023-10-06,3855,3965,3830,3870,233179,0.02652519893899208
2023-10-10,3840,3890,3650,3805,248122,-0.01679586563307489
2023-10-11,3805,3990,3805,3885,274581,0.021024967148488782
2023-10-12,3850,3960,3820,3920,203168,0.009009009009008917
2023-10-13,3900,4125,3805,4125,270104,0.05229591836734704
2023-10-16,4115,4220,4000,4050,291720,-0.018181818181818188
2023-10-17,4025,4090,3990,4015,114390,-0.00864197530864197
2023-10-18,4005,4005,3850,3890,114169,-0.031133250311332517
2023-10-19,3815,3885,3730,3790,105763,-0.02570694087403602
2023-10-20,3755,3945,3680,3910,122785,0.0316622691292876
2023-10-23,3910,3960,3670,3675,113172,-0.06010230179028131
2023-10-24,3670,3805,3580,3800,107228,0.03401360544217691
2023-10-25,3780,3880,3755,3850,75393,0.013157894736842035
2023-10-26,3815,3825,3655,3670,70861,-0.04675324675324677
2023-10-27,3670,3785,3655,3660,52649,-0.0027247956403270157
2023-10-30,3660,3745,3600,3735,42797,0.020491803278688492
2023-10-31,3740,3780,3615,3640,61122,-0.025435073627844695
2023-11-01,3640,3770,3640,3755,59190,0.0315934065934067
2023-11-02,3765,3880,3755,3870,43482,0.030625832223701632
2023-11-03,3920,3925,3820,3855,81650,-0.003875968992248069
2023-11-06,3860,3900,3735,3765,113622,-0.023346303501945553
2023-11-07,3765,3790,3660,3775,64386,0.0026560424966799445
2023-11-08,3815,3815,3670,3690,41181,-0.02251655629139071
2023-11-09,3690,3745,3640,3705,21863,0.004065040650406582
2023-11-10,3700,3745,3655,3700,30677,-0.0013495276653171517
2023-11-13,3795,3840,3725,3755,88454,0.014864864864864824
2023-11-14,3790,4020,3780,3940,213611,0.04926764314247678
2023-11-15,4010,4010,3900,3945,162443,0.0012690355329949554
2023-11-16,4075,4185,4000,4115,231892,0.043092522179974724
2023-11-17,4115,4115,4020,4095,86858,-0.004860267314702349
2023-11-20,4060,4300,4010,4250,121490,0.03785103785103794
2023-11-21,4300,4370,4115,4170,102102,-0.018823529411764683
2023-11-22,4170,4355,4115,4325,105463,0.037170263788968816
2023-11-23,4325,4325,3955,4000,274576,-0.07514450867052025
2023-11-24,4000,4030,3880,3940,91052,-0.015000000000000013
2023-11-27,3940,4000,3870,3960,105314,0.0050761421319796
2023-11-28,3945,3995,3935,3995,77351,0.008838383838383868
2023-11-29,4000,4020,3905,3925,87910,-0.017521902377972465
2023-11-30,3890,3960,3730,3960,111185,0.008917197452229297
2023-12-01,3960,4160,3960,4160,145596,0.05050505050505061
2023-12-04,4155,4275,4085,4275,122086,0.027644230769230838
2023-12-05,4230,4260,4140,4195,79834,-0.018713450292397682
2023-12-06,4190,4315,4125,4280,80653,0.020262216924910703
2023-12-07,4225,4300,4180,4180,76846,-0.02336448598130836
2023-12-08,4180,4335,4180,4310,89055,0.031100478468899517
2023-12-11,4310,4430,4200,4325,89786,0.0034802784222738303
2023-12-12,4390,4480,4285,4335,87062,0.0023121387283238093
2023-12-13,4325,4480,4305,4335,119337,0.0
2023-12-14,4360,4395,4165,4180,51025,-0.035755478662053086
2023-12-15,4180,4280,4180,4255,35855,0.017942583732057482
2023-12-18,4260,4400,4260,4340,73967,0.0199764982373678
2023-12-19,4410,4430,4335,4350,41069,0.0023041474654377225
2023-12-20,4385,4385,4275,4310,33404,-0.00919540229885063
2023-12-21,4260,4390,4170,4185,50916,-0.029002320185614883
2023-12-22,4185,4290,4170,4260,42121,0.017921146953405076
2023-12-26,4260,4325,4200,4215,46883,-0.010563380281690127
2023-12-27,4215,4295,4170,4170,30407,-0.010676156583629859
2023-12-28,4180,4225,4065,4080,47493,-0.021582733812949617
2024-01-02,4080,4315,4070,4280,95405,0.0490196078431373
2024-01-03,4280,4370,4240,4300,75659,0.004672897196261738
2024-01-04,4320,4345,4220,4305,32260,0.0011627906976743319
2024-01-05,4305,4350,4150,4275,50517,-0.006968641114982632
2024-01-08,4295,4380,4075,4115,68905,-0.037426900584795364
2024-01-09,4190,4190,4025,4120,42350,0.0012150668286756705
2024-01-10,4120,4200,4010,4045,36464,-0.01820388349514568
2024-01-11,4045,4085,3975,3990,29293,-0.013597033374536438
2024-01-12,3990,4025,3900,3990,58160,0.0
2024-01-15,4040,4190,3995,4000,102251,0.0025062656641603454
2024-01-16,4000,4000,3835,3910,66445,-0.022499999999999964
2024-01-17,3910,3910,3775,3895,63867,-0.0038363171355498826
2024-01-18,3845,3880,3800,3840,39371,-0.014120667522464658
2024-01-19,3805,3915,3805,3895,57941,0.01432291666666674
2024-01-22,3940,3945,3800,3835,44464,-0.015404364569961526
2024-01-23,3830,3860,3775,3835,45294,0.0
2024-01-24,3865,3910,3750,3780,39738,-0.014341590612777066
2024-01-25,3750,3935,3690,3820,44478,0.010582010582010692
2024-01-26,3770,3815,3740,3770,32701,-0.01308900523560208
2024-01-29,3775,3815,3705,3745,33218,-0.006631299734747964
2024-01-30,3745,3780,3685,3750,55072,0.001335113484646211
2024-01-31,3685,3775,3685,3760,48987,0.002666666666666595
2024-02-01,3720,3815,3710,3815,53984,0.0146276595744681
2024-02-02,3815,3870,3790,3835,43933,0.005242463958060384
2024-02-05,3835,3875,3775,3825,36461,-0.0026075619295958807
2024-02-06,3825,3875,3770,3830,35041,0.0013071895424836555
2024-02-07,3795,3830,3735,3815,29991,-0.003916449086161844
2024-02-08,3840,3840,3750,3810,17707,-0.001310615989515096
2024-02-13,3810,3850,3740,3810,43773,0.0
2024-02-14,3810,3965,3775,3870,88634,0.015748031496062964
2024-02-15,3875,3950,3775,3790,85507,-0.02067183462532296
2024-02-16,3795,3840,3735,3795,42843,0.0013192612137202797
2024-02-19,3800,3880,3800,3860,49140,0.017127799736495364
2024-02-20,3860,3910,3790,3800,35079,-0.015544041450777257
2024-02-21,3795,3835,3750,3750,35890,-0.013157894736842146
2024-02-22,3750,3780,3725,3730,24070,-0.005333333333333301
2024-02-23,3730,3765,3680,3680,49878,-0.013404825737265424
2024-02-26,3660,3720,3640,3660,44045,-0.005434782608695676
2024-02-27,3660,3710,3620,3635,34633,-0.006830601092896127
2024-02-28,3625,3665,3620,3665,19927,0.008253094910591452
2024-02-29,3665,3940,3550,3785,203374,0.032742155525238736
2024-03-04,3790,3965,3785,3930,122298,0.03830911492734468
2024-03-05,3925,3925,3760,3760,60813,-0.043256997455470736
2024-03-06,3715,3760,3700,3700,30388,-0.015957446808510634
2024-03-07,3670,3730,3630,3650,32347,-0.013513513513513487
2024-03-08,3640,3675,3615,3640,33400,-0.002739726027397249
2024-03-11,3640,3640,3590,3610,22787,-0.008241758241758212
2024-03-12,3580,3685,3550,3580,41962,-0.008310249307479256
2024-03-13,3580,3655,3550,3650,35277,0.019553072625698276
2024-03-14,3635,3640,3565,3605,36918,-0.012328767123287676
2024-03-15,3580,3600,3565,3585,19256,-0.00554785020804438
2024-03-18,3570,3650,3550,3610,28865,0.0069735006973501434
2024-03-19,3610,3685,3560,3560,24246,-0.013850415512465353
2024-03-20,3560,3585,3505,3530,42590,-0.008426966292134797
2024-03-21,3530,3585,3500,3550,27526,0.0056657223796034994
2024-03-22,3550,3590,3525,3535,17414,-0.004225352112676051
2024-03-25,3535,3600,3535,3590,24701,0.01555869872701554
2024-03-26,3555,3590,3520,3535,54110,-0.01532033426183843
2024-03-27,3535,3575,3515,3545,39038,0.0028288543140029265
2024-03-28,3525,3580,3515,3575,26055,0.008462623413258097
2024-03-29,3535,3560,3520,3550,29004,-0.006993006993006978
2024-04-01,3515,3515,3450,3480,89578,-0.019718309859154903
2024-04-02,3480,3550,3450,3510,73223,0.008620689655172376
2024-04-03,3480,3485,3410,3455,55961,-0.015669515669515688
2024-04-04,3505,3510,3430,3460,27762,0.0014471780028944004
2024-04-05,3420,3460,3400,3440,31644,-0.005780346820809301
2024-04-08,3435,3435,3390,3390,34339,-0.014534883720930258
2024-04-09,3360,3415,3360,3370,37859,-0.005899705014749235
2024-04-11,3320,3360,3290,3325,52910,-0.013353115727002929
2024-04-12,3325,3370,3315,3340,20122,0.004511278195488799
2024-04-15,3305,3340,3265,3305,45361,-0.010479041916167664
2024-04-16,3260,3290,3160,3190,80622,-0.03479576399394857
2024-04-17,3185,3215,3160,3190,60616,0.0
2024-04-18,3170,3240,3170,3225,32017,0.01097178683385569
2024-04-19,3255,3255,3115,3155,42453,-0.02170542635658912
2024-04-22,3155,3185,3125,3175,48477,0.006339144215530945
2024-04-23,3175,3195,3135,3155,35953,-0.006299212598425252
2024-04-24,3155,3185,3145,3180,26667,0.007923930269413626
2024-04-25,3180,3215,3125,3145,31956,-0.011006289308176154
2024-04-26,3145,3160,3060,3135,51873,-0.0031796502384737746
2024-04-29,3135,3165,3120,3155,36819,0.006379585326953707
2024-04-30,3155,3185,3155,3155,45209,0.0
2024-05-02,3155,3315,3155,3290,99679,0.04278922345483349
2024-05-03,3280,3280,3210,3225,42257,-0.019756838905775065
2024-05-07,3250,3390,3250,3345,83292,0.037209302325581506
2024-05-08,3330,3330,3255,3325,36803,-0.005979073243647215
2024-05-09,3325,3390,3315,3315,50408,-0.003007518796992459
2024-05-10,3320,3340,3250,3295,44025,-0.006033182503770718
2024-05-13,3295,3295,3205,3240,43199,-0.01669195751138086
2024-05-14,3215,3295,3205,3290,51131,0.015432098765432167
2024-05-16,3290,3325,3240,3295,53619,0.001519756838905817
2024-05-17,3280,3290,3220,3270,72469,-0.007587253414264028
2024-05-20,3255,3280,3160,3235,102548,-0.010703363914373099
2024-05-21,3230,3230,3165,3230,48430,-0.0015455950540957941
2024-05-22,3210,3240,3175,3200,33613,-0.009287925696594423
2024-05-23,3200,3205,3160,3200,24440,0.0
2024-05-24,3180,3185,3155,3185,22380,-0.004687499999999956
2024-05-27,3170,3190,3125,3170,46036,-0.004709576138147598
2024-05-28,3175,3190,3145,3190,24139,0.006309148264984188
2024-05-29,3190,3190,3110,3125,39191,-0.020376175548589393
2024-05-30,3100,3125,3050,3095,24011,-0.009600000000000053
2024-05-31,3090,3145,3070,3100,57966,0.001615508885298933
2024-06-03,3080,3200,3080,3200,89601,0.032258064516129004
2024-06-04,3200,3200,3115,3170,71212,-0.009375000000000022
2024-06-05,3185,3215,3105,3200,62076,0.009463722397476282
2024-06-07,3195,3195,3120,3170,69743,-0.009375000000000022
2024-06-10,3140,3220,3120,3160,47310,-0.003154574132492094
2024-06-11,3140,3170,3090,3090,69922,-0.022151898734177222
2024-06-12,3090,3120,3080,3120,26312,0.009708737864077666
2024-06-13,3120,3140,3100,3125,26488,0.0016025641025640969
2024-06-14,3140,3140,3070,3090,44167,-0.011199999999999988
2024-06-17,3090,3340,3065,3105,188503,0.004854368932038833
2024-06-18,3115,3170,3095,3125,84946,0.006441223832528209
2024-06-19,3125,3320,3125,3250,126350,0.040000000000000036
2024-06-20,3250,3490,3245,3320,164673,0.021538461538461506
2024-06-21,3325,3400,3285,3345,95325,0.0075301204819278045
2024-06-24,3345,3430,3310,3370,85702,0.007473841554558991
2024-06-25,3370,3380,3260,3365,48033,-0.0014836795252225476
2024-06-26,3365,3405,3330,3360,42112,-0.0014858841010401136
2024-06-27,3360,3365,3195,3245,134349,-0.034226190476190466
2024-06-28,3220,3260,3185,3245,35988,0.0
2024-07-01,3245,3460,3235,3460,121991,0.0662557781201849
2024-07-02,3450,3470,3370,3420,62893,-0.011560693641618491
2024-07-03,3465,3465,3300,3350,40733,-0.020467836257309968
2024-07-04,3405,3405,3240,3350,38996,0.0
2024-07-05,3350,3350,3230,3300,59006,-0.014925373134328401
2024-07-08,3300,3365,3270,3360,29728,0.018181818181818077
2024-07-09,3330,3460,3330,3435,46256,0.022321428571428603
2024-07-10,3435,3455,3350,3455,43140,0.005822416302765587
2024-07-11,3385,3650,3385,3600,203764,0.04196816208393628
2024-07-12,3670,4200,3570,4200,1326329,0.16666666666666674
2024-07-15,4165,4445,4135,4255,424721,0.013095238095238049
2024-07-16,4420,4420,4025,4060,144380,-0.04582843713278495
2024-07-17,4060,4245,3990,4150,146131,0.022167487684729092
2024-07-18,4135,4135,3855,3945,134044,-0.04939759036144575
2024-07-19,3930,4035,3905,3945,49643,0.0
2024-07-22,3935,4620,3935,4125,570483,0.04562737642585546
2024-07-23,4125,4240,4070,4140,115015,0.0036363636363636598
2024-07-24,4125,4220,4015,4115,146897,-0.006038647342995196
2024-07-25,4050,4100,3835,3995,100715,-0.02916160388821387
2024-07-26,3955,4055,3940,3980,72381,-0.003754693366708417
2024-07-29,3995,4390,3960,4190,150017,0.05276381909547734
2024-07-30,4195,4225,4025,4065,78002,-0.029832935560859197
2024-07-31,4025,4175,4005,4100,46561,0.008610086100861114
2024-08-01,4130,4135,4015,4015,59425,-0.02073170731707319
2024-08-02,4015,4065,3840,3880,68205,-0.03362391033623913
2024-08-05,3690,3840,3180,3550,277878,-0.08505154639175261
2024-08-06,3545,3595,3330,3395,267486,-0.04366197183098597
2024-08-07,3370,3575,3340,3560,129139,0.048600883652430094
2024-08-08,3505,3540,3420,3480,57664,-0.022471910112359605
2024-08-09,3525,3620,3470,3575,69703,0.027298850574712707
2024-08-12,3590,3625,3495,3500,54411,-0.020979020979020935
2024-08-13,3520,3840,3340,3390,434426,-0.03142857142857147
2024-08-14,3400,3555,3400,3535,85199,0.04277286135693226
2024-08-16,3590,3700,3545,3630,103559,0.026874115983026803
2024-08-19,3630,3800,3545,3600,93283,-0.008264462809917328
2024-08-20,3615,3640,3565,3600,38750,0.0
2024-08-21,3600,3730,3585,3690,94351,0.02499999999999991
2024-08-22,3650,3680,3575,3595,55332,-0.0257452574525745
2024-08-23,3595,3595,3480,3540,55555,-0.015299026425591111
2024-08-26,3560,3605,3485,3550,42873,0.0028248587570620654
2024-08-27,3550,3645,3490,3620,45174,0.019718309859154903
2024-08-28,3620,3640,3550,3560,37017,-0.016574585635359074
2024-08-29,3540,3620,3525,3560,37595,0.0
2024-08-30,3560,3680,3560,3660,47796,0.028089887640449396
2024-09-02,3660,3810,3630,3735,42949,0.020491803278688492
2024-09-03,3695,3755,3615,3625,37105,-0.029451137884872858
2024-09-04,3495,3595,3495,3545,45552,-0.022068965517241357
2024-09-05,3520,3640,3485,3600,31969,0.015514809590973178
2024-09-06,3600,3605,3460,3575,25002,-0.00694444444444442
2024-09-09,3575,3735,3535,3720,63026,0.040559440559440496
2024-09-10,3720,3755,3580,3685,42724,-0.009408602150537626
2024-09-11,3635,3675,3565,3605,40665,-0.02170963364993217
2024-09-12,3605,3800,3575,3725,92202,0.03328710124826628
2024-09-13,3725,3840,3695,3810,55177,0.02281879194630876
2024-09-19,3850,4000,3795,3925,117143,0.030183727034120755
2024-09-20,3950,4035,3810,3835,44169,-0.02292993630573248
2024-09-23,3910,4035,3795,3835,65396,0.0
2024-09-24,3795,3910,3780,3875,52506,0.010430247718383301
2024-09-25,3870,4165,3700,3860,118868,-0.003870967741935516
2024-09-26,3860,3905,3820,3900,30850,0.010362694300518172
2024-09-27,3875,3905,3820,3885,27527,-0.0038461538461538325
2024-09-30,3850,3950,3770,3770,61821,-0.029601029601029616
2024-10-02,3710,3800,3680,3730,76269,-0.010610079575596787
2024-10-04,3740,3770,3655,3740,40961,0.002680965147453085
2024-10-07,3715,3905,3700,3870,43733,0.03475935828876997
2024-10-08,3850,3940,3815,3880,31777,0.0025839793281654533
2024-10-10,3880,3990,3875,3910,36360,0.0077319587628865705
2024-10-11,3905,3945,3840,3890,20478,-0.005115089514066473
2024-10-14,3895,3915,3840,3890,17069,0.0
2024-10-15,3890,3935,3835,3910,13368,0.005141388174807249
2024-10-16,3910,3915,3800,3870,39881,-0.010230179028132946
2024-10-17,3870,3870,3775,3800,30491,-0.018087855297157618
2024-10-18,3800,3800,3715,3740,28178,-0.015789473684210575
2024-10-21,3720,3825,3565,3800,40167,0.016042780748663166
2024-10-22,3720,3800,3650,3670,35701,-0.03421052631578947
2024-10-23,3650,3780,3620,3760,36257,0.02452316076294281
2024-10-24,3760,3760,3650,3750,33831,-0.0026595744680850686
2024-10-25,3750,3750,3665,3695,33811,-0.014666666666666717
2024-10-28,3695,3810,3650,3810,38137,0.0311231393775373
2024-10-29,3810,3890,3755,3885,37433,0.019685039370078705
2024-10-30,3885,3935,3805,3865,29893,-0.005148005148005175
2024-10-31,3835,3895,3750,3810,34508,-0.014230271668822736
2024-11-01,3720,3795,3710,3720,50550,-0.023622047244094446
2024-11-04,3720,3790,3695,3765,22328,0.012096774193548487
2024-11-05,3800,3925,3765,3895,66677,0.03452855245683928
2024-11-06,3980,3980,3780,3895,46953,0.0
2024-11-07,3975,3990,3780,3990,82525,0.024390243902439046
2024-11-08,3990,4010,3865,3885,58844,-0.02631578947368418
2024-11-11,3895,3915,3735,3785,56071,-0.025740025740025763
2024-11-12,3720,3825,3540,3580,161018,-0.05416116248348746
2024-11-13,3565,3650,3445,3470,62524,-0.030726256983240274
2024-11-14,3470,3625,3400,3535,48571,0.018731988472622474
2024-11-15,3500,3950,3350,3950,299395,0.11739745403111734
2024-11-18,4045,5130,3870,5130,1599699,0.2987341772151899
2024-11-19,5620,5880,4720,5140,2583788,0.0019493177387914784
2024-11-20,5000,5260,4975,5140,917487,0.0
2024-11-21,5180,5360,5090,5300,737102,0.03112840466926059
2024-11-22,5250,5430,5100,5310,592874,0.0018867924528302993
2024-11-25,5290,5290,3770,4060,1638904,-0.2354048964218456
2024-11-26,4140,4520,4130,4455,596736,0.09729064039408875
2024-11-27,4455,4470,4290,4370,216000,-0.019079685746352437
2024-11-28,4325,4405,4260,4285,124229,-0.0194508009153318
2024-11-29,4330,4330,4170,4265,79114,-0.004667444574095736
2024-12-02,4260,4260,4000,4035,126889,-0.05392731535756157
2024-12-03,4060,4270,3985,4260,131615,0.055762081784386686
2024-12-04,4000,4230,3710,3900,899506,-0.08450704225352113
2024-12-05,3900,3945,3745,3795,203964,-0.02692307692307694
2024-12-06,3800,3820,3365,3510,990862,-0.07509881422924902
2024-12-09,3695,3745,3330,3465,785686,-0.012820512820512775
2024-12-10,3485,4450,3485,4300,1279520,0.24098124098124107
2024-12-11,4330,4650,4135,4600,503558,0.06976744186046502
2024-12-12,4540,5550,4405,4830,3124958,0.050000000000000044
2024-12-13,4780,4780,4365,4545,678925,-0.05900621118012417
2024-12-16,4550,4590,4365,4530,427595,-0.0033003300330033403
2024-12-17,4590,4950,4495,4565,943627,0.007726269315673218
2024-12-18,4565,4605,4405,4475,234347,-0.019715224534501696
2024-12-19,4400,4710,4330,4555,962788,0.01787709497206702
2024-12-20,4450,4460,3970,4115,544670,-0.09659714599341385
2024-12-23,4075,4250,3960,4025,228681,-0.021871202916160404
2024-12-24,4025,4130,3955,4020,108340,-0.001242236024844745
2024-12-26,4025,4160,3910,3950,137186,-0.01741293532338306
2024-12-27,3920,3920,3725,3760,196767,-0.048101265822784844
2024-12-30,3680,3800,3670,3750,73789,-0.0026595744680850686
2025-01-02,3755,3980,3725,3965,128924,0.057333333333333236
2025-01-03,3965,4135,3950,4040,193811,0.018915510718789497
2025-01-06,3985,4015,3945,3950,79038,-0.022277227722772297
2025-01-07,3955,4040,3945,4005,67424,0.013924050632911467
2025-01-08,3970,4100,3950,4005,66686,0.0
2025-01-09,3985,4090,3955,4075,79893,0.017478152309613026
2025-01-10,4095,4200,4040,4145,115668,0.01717791411042935
2025-01-13,4125,4190,4070,4150,58344,0.0012062726176116367
2025-01-14,4250,4270,4090,4140,118673,-0.002409638554216831
2025-01-15,4110,4370,4075,4330,198657,0.04589371980676327
2025-01-16,4270,4320,4215,4280,102229,-0.011547344110854452
2025-01-17,4260,4380,4220,4350,178192,0.016355140186915973
2025-01-20,4390,4550,4320,4405,341969,0.012643678160919603
2025-01-21,4420,4495,4355,4440,122305,0.007945516458569779
2025-01-22,4440,4490,4350,4370,114203,-0.015765765765765716
2025-01-23,4345,4370,4130,4285,132317,-0.0194508009153318
2025-01-24,4285,4385,4170,4230,65769,-0.012835472578763163
2025-01-31,4130,4295,4130,4255,51381,0.005910165484633634
2025-02-03,4220,4320,3950,4075,225230,-0.042303172737955363
2025-02-04,4035,4185,4035,4110,62039,0.008588957055214674
2025-02-05,4100,4230,4075,4215,70795,0.025547445255474477
2025-02-06,4230,4350,4190,4240,226572,0.005931198102016699
2025-02-07,4205,4245,4150,4180,71906,-0.014150943396226467
2025-02-10,4120,4230,4120,4150,68028,-0.0071770334928229484
2025-02-11,4125,4300,3990,4120,83298,-0.0072289156626506035
2025-02-12,4090,4220,3990,4005,92859,-0.027912621359223344
2025-02-13,4010,4220,3950,4160,176103,0.03870162297128599
2025-02-14,4120,4195,4010,4030,60283,-0.03125
2025-02-17,4030,4100,4005,4075,41998,0.011166253101736912
2025-02-18,4070,4145,4060,4075,40286,0.0
2025-02-19,4100,4100,3960,4075,52972,0.0
2025-02-20,4080,4080,3930,4020,44277,-0.013496932515337456
2025-02-21,4020,4030,3915,3920,46906,-0.02487562189054726
2025-02-24,3885,4080,3830,4000,141703,0.020408163265306145
2025-02-25,4000,4095,3965,4005,45804,0.0012499999999999734
2025-02-26,4005,4050,3925,3930,102278,-0.01872659176029967
2025-02-27,3960,3960,3755,3755,102387,-0.04452926208651398
2025-02-28,3740,3745,3600,3600,153639,-0.04127829560585883
2025-03-04,3570,3650,3500,3575,51452,-0.00694444444444442
2025-03-05,3590,3775,3590,3700,34874,0.034965034965035
2025-03-06,3710,3720,3635,3680,27817,-0.00540540540540535
2025-03-07,3680,3725,3630,3720,46338,0.010869565217391353
2025-03-10,3740,3830,3685,3755,83591,0.009408602150537737
2025-03-11,3725,3745,3575,3700,37918,-0.01464713715046606
2025-03-12,3755,3790,3632,3700,54769,0.0
2025-03-13,3700,3780,3575,3575,57890,-0.03378378378378377
2025-03-14,3570,3670,3550,3665,27731,0.025174825174825166
2025-03-17,3695,3770,3625,3715,90370,0.013642564802182733
2025-03-18,3715,3765,3695,3740,26010,0.006729475100942128
2025-03-19,3740,3890,3735,3860,90235,0.03208556149732611
2025-03-20,3860,3975,3840,3915,165294,0.014248704663212486
2025-03-21,3950,3965,3760,3855,116661,-0.01532567049808431
2025-03-24,3820,4070,3775,4020,199344,0.04280155642023353
2025-03-25,3990,4115,3920,3955,236336,-0.016169154228855676
2025-03-26,3960,4190,3215,3225,1083976,-0.18457648546144123
2025-03-27,3310,3395,3270,3300,276856,0.023255813953488413
2025-03-28,3315,3500,3275,3420,233061,0.036363636363636376
2025-03-31,3420,3420,3255,3300,106845,-0.03508771929824561
2025-04-01,3310,3375,3230,3295,104770,-0.0015151515151514694
