Date,Open,High,Low,Close,Volume,Change
2022-01-03,1325,1400,1303,1374,1308301,0.02921348314606731
2022-01-04,1373,1391,1321,1352,837666,-0.01601164483260553
2022-01-05,1343,1356,1299,1308,718222,-0.03254437869822491
2022-01-06,1299,1373,1281,1321,1172044,0.009938837920489219
2022-01-07,1382,1518,1352,1475,7069034,0.11657834973504921
2022-01-10,1475,1484,1357,1357,1494133,-0.07999999999999996
2022-01-11,1352,1383,1299,1326,1113243,-0.02284450994841558
2022-01-12,1343,1422,1312,1374,1480871,0.03619909502262453
2022-01-13,1374,1404,1356,1374,650786,0.0
2022-01-14,1356,1405,1312,1348,1964175,-0.018922852983988325
2022-01-17,1360,1369,1295,1317,712251,-0.022997032640949544
2022-01-18,1303,1329,1272,1286,619585,-0.023538344722854987
2022-01-19,1246,1299,1238,1260,549554,-0.02021772939346811
2022-01-20,1260,1308,1251,1291,589787,0.024603174603174516
2022-01-21,1282,1286,1255,1282,487346,-0.006971340046475594
2022-01-24,1259,1263,1211,1242,637815,-0.03120124804992197
2022-01-25,1233,1251,1141,1159,884296,-0.06682769726247983
2022-01-26,1167,1277,1167,1225,1248901,0.056945642795513285
2022-01-27,1238,1268,1141,1168,1080243,-0.04653061224489796
2022-01-28,1185,1229,1132,1229,582961,0.052226027397260344
2022-02-03,1242,1290,1242,1260,581963,0.02522375915378361
2022-02-04,1251,1295,1238,1282,475964,0.0174603174603174
2022-02-07,1308,1343,1277,1326,903612,0.0343213728549141
2022-02-08,1347,1351,1255,1286,795880,-0.0301659125188537
2022-02-09,1285,1325,1285,1299,595874,0.010108864696733999
2022-02-10,1308,1387,1290,1326,2626904,0.020785219399538146
2022-02-11,1325,1382,1303,1343,1284523,0.012820512820512775
2022-02-14,1313,1387,1308,1335,781339,-0.005956813104988856
2022-02-15,1348,1383,1234,1256,977130,-0.05917602996254678
2022-02-16,1286,1316,1268,1286,410782,0.023885350318471277
2022-02-17,1290,1316,1237,1273,501688,-0.01010886469673411
2022-02-18,1247,1339,1233,1335,1053489,0.04870384917517678
2022-02-21,1480,1501,1361,1379,9774608,0.032958801498127244
2022-02-22,1351,1369,1316,1330,1814196,-0.035532994923857864
2022-02-23,1330,1400,1330,1392,1129774,0.046616541353383445
2022-02-24,1356,1386,1325,1343,939957,-0.035201149425287404
2022-02-25,1365,1391,1347,1352,841475,0.006701414743112366
2022-02-28,1343,1369,1334,1343,786958,-0.006656804733727761
2022-03-02,1339,1391,1330,1370,907358,0.02010424422933732
2022-03-03,1409,1462,1361,1436,2794084,0.04817518248175179
2022-03-04,1457,1597,1435,1554,7545804,0.08217270194986082
2022-03-07,1553,1562,1431,1431,2626870,-0.0791505791505791
2022-03-08,1396,1444,1321,1348,2406114,-0.05800139762403911
2022-03-10,1392,1449,1361,1392,1495923,0.03264094955489605
2022-03-11,1378,1383,1326,1357,1703168,-0.025143678160919558
2022-03-14,1369,1369,1308,1308,1157623,-0.03610906411201176
2022-03-15,1308,1316,1229,1251,1353988,-0.04357798165137616
2022-03-16,1273,1325,1264,1317,854825,0.052757793764987904
2022-03-17,1334,1343,1290,1304,938096,-0.009870918754745661
2022-03-18,1326,1374,1317,1348,1002307,0.033742331288343586
2022-03-21,1356,1374,1339,1361,449176,0.009643916913946615
2022-03-22,1369,1369,1329,1343,432481,-0.013225569434239581
2022-03-23,1374,1528,1365,1480,6563158,0.10201042442293362
2022-03-24,1479,1528,1422,1515,2479370,0.023648648648648685
2022-03-25,1514,1527,1466,1488,2268013,-0.017821782178217838
2022-03-28,1483,1531,1443,1501,3700014,0.008736559139784994
2022-03-29,1484,1550,1480,1480,5180070,-0.013990672884743538
2022-03-30,1479,1501,1413,1444,2174050,-0.024324324324324298
2022-03-31,1444,1479,1427,1471,661797,0.018698060941828354
2022-04-01,1457,1483,1439,1444,948936,-0.01835486063902103
2022-04-04,1448,1509,1448,1501,1581056,0.03947368421052633
2022-04-05,1523,1527,1461,1475,962915,-0.017321785476349105
2022-04-06,1479,1479,1448,1453,557456,-0.014915254237288122
2022-04-07,1431,1448,1369,1383,971550,-0.04817618719889882
2022-04-08,1387,1413,1325,1361,770698,-0.01590744757772955
2022-04-11,1364,1386,1312,1321,759045,-0.029390154298310045
2022-04-12,1317,1317,1264,1304,1321674,-0.012869038607115857
2022-04-13,1304,1365,1304,1348,938901,0.033742331288343586
2022-04-14,1351,1378,1325,1365,521226,0.01261127596439171
2022-04-15,1356,1369,1334,1343,555330,-0.01611721611721617
2022-04-18,1343,1378,1330,1361,633864,0.013402829486224954
2022-04-19,1356,1378,1351,1365,347176,0.0029390154298309934
2022-04-20,1378,1395,1356,1387,1013304,0.01611721611721606
2022-04-21,1396,1449,1370,1379,1295921,-0.005767844268204758
2022-04-22,1361,1361,1330,1348,723593,-0.022480058013052973
2022-04-25,1325,1338,1308,1317,806146,-0.022997032640949544
2022-04-26,1321,1443,1321,1422,4868078,0.07972665148063784
2022-04-27,1422,1475,1378,1449,4791874,0.018987341772152
2022-04-28,1716,1883,1602,1664,62851026,0.14837819185645262
2022-04-29,1646,1830,1619,1747,23753764,0.04987980769230771
2022-05-02,1738,1760,1632,1712,8309593,-0.02003434459072695
2022-05-03,1677,1694,1628,1642,3748784,-0.04088785046728971
2022-05-04,1615,1632,1536,1589,4031573,-0.03227771010962244
2022-05-06,1545,1572,1514,1572,2370953,-0.010698552548772833
2022-05-09,1522,1536,1461,1501,2400349,-0.0451653944020356
2022-05-10,1457,1488,1383,1484,2452125,-0.011325782811459018
2022-05-11,1453,1510,1444,1497,1622235,0.00876010781671166
2022-05-12,1457,1483,1360,1387,2138717,-0.07348029392117572
2022-05-13,1417,1439,1378,1396,1609515,0.006488824801730297
2022-05-16,1404,1444,1378,1396,1104664,0.0
2022-05-17,1396,1448,1396,1440,1591610,0.03151862464183375
2022-05-18,1435,1465,1400,1400,1096354,-0.02777777777777779
2022-05-19,1356,1400,1342,1400,881115,0.0
2022-05-20,1395,1400,1360,1374,1182715,-0.018571428571428572
2022-05-23,1374,1374,1321,1326,1318853,-0.03493449781659386
2022-05-24,1325,1347,1308,1317,893143,-0.006787330316742057
2022-05-25,1321,1356,1312,1317,1024016,0.0
2022-05-26,1326,1361,1321,1326,997695,0.006833712984054774
2022-05-27,1339,1361,1321,1326,696886,0.0
2022-05-30,1334,1360,1325,1352,748823,0.019607843137254832
2022-05-31,1364,1364,1329,1343,639658,-0.006656804733727761
2022-06-02,1343,1360,1325,1352,632837,0.006701414743112366
2022-06-03,1351,1378,1343,1365,715346,0.009615384615384581
2022-06-07,1378,1382,1325,1330,769025,-0.02564102564102566
2022-06-08,1334,1369,1326,1326,650359,-0.003007518796992459
2022-06-09,1321,1339,1286,1313,1109101,-0.009803921568627416
2022-06-10,1299,1312,1277,1295,717433,-0.013709063214013661
2022-06-13,1277,1282,1190,1212,1137236,-0.06409266409266412
2022-06-14,1158,1202,1141,1172,1086735,-0.03300330033003296
2022-06-15,1158,1202,1123,1128,918872,-0.03754266211604096
2022-06-16,1154,1185,1124,1133,720628,0.004432624113475114
2022-06-17,1079,1119,1079,1106,804704,-0.02383053839364524
2022-06-20,1110,1114,1000,1018,1368060,-0.07956600361663657
2022-06-21,1014,1044,996,1014,879183,-0.003929273084479323
2022-06-22,1027,1044,948,948,907521,-0.0650887573964497
2022-06-23,965,978,886,895,901192,-0.05590717299578063
2022-06-24,909,935,895,931,756240,0.040223463687150796
2022-06-27,970,988,935,988,582467,0.061224489795918435
2022-06-28,987,1005,965,992,655556,0.004048582995951344
2022-06-29,952,992,952,992,400371,0.0
2022-06-30,987,991,956,961,412447,-0.03125
2022-07-01,948,970,922,931,470018,-0.031217481789802326
2022-07-04,934,943,890,917,494284,-0.015037593984962405
2022-07-05,921,947,917,939,258644,0.02399127589967276
2022-07-06,943,965,925,939,434983,0.0
2022-07-07,943,970,935,957,504301,0.019169329073482455
2022-07-08,970,1005,952,970,566084,0.013584117032392928
2022-07-11,974,1000,965,974,257704,0.004123711340206171
2022-07-12,969,969,925,939,259883,-0.035934291581108835
2022-07-13,925,960,921,939,275284,0.0
2022-07-14,939,966,926,966,217776,0.028753993610223683
2022-07-15,956,974,935,935,276747,-0.03209109730848858
2022-07-18,948,988,944,988,437125,0.056684491978609586
2022-07-19,996,1009,970,1001,352490,0.013157894736842035
2022-07-20,1010,1045,1005,1010,554045,0.00899100899100902
2022-07-21,1017,1079,1009,1075,909811,0.06435643564356441
2022-07-22,1079,1088,1049,1071,437258,-0.0037209302325581506
2022-07-25,1071,1075,1049,1071,210083,0.0
2022-07-26,1066,1070,1035,1040,281709,-0.028944911297852483
2022-07-27,1039,1132,1039,1097,1726462,0.054807692307692335
2022-07-28,1110,1132,1089,1089,752324,-0.007292616226071136
2022-07-29,1102,1119,1075,1089,341574,0.0
2022-08-01,1084,1141,1080,1102,623505,0.011937557392102782
2022-08-02,1097,1097,1057,1071,626606,-0.028130671506352067
2022-08-03,1062,1093,1049,1080,371228,0.008403361344537785
2022-08-04,1084,1119,1084,1093,685143,0.012037037037037068
2022-08-05,1093,1123,1080,1102,766801,0.008234217749313766
2022-08-08,1115,1119,1088,1102,503265,0.0
2022-08-09,1092,1110,1079,1106,665627,0.003629764065335772
2022-08-10,1105,1123,1070,1084,811737,-0.019891500904159143
2022-08-11,1093,1150,1088,1115,1244207,0.02859778597785967
2022-08-12,1132,1158,1119,1150,933632,0.03139013452914807
2022-08-16,1154,1154,1119,1133,587250,-0.014782608695652177
2022-08-17,1137,1154,1097,1124,656526,-0.007943512797881747
2022-08-18,1110,1136,1079,1128,470154,0.003558718861210064
2022-08-19,1128,1137,1097,1102,343797,-0.023049645390070927
2022-08-22,1088,1110,1044,1075,871685,-0.024500907441016295
2022-08-23,1057,1075,1026,1062,681111,-0.012093023255813962
2022-08-24,1058,1088,1058,1067,211451,0.00470809792843685
2022-08-25,1075,1093,1066,1080,218129,0.012183692596063667
2022-08-26,1083,1189,1079,1141,5073419,0.05648148148148158
2022-08-29,1105,1118,1066,1097,1051671,-0.03856266432953548
2022-08-30,1115,1172,1115,1133,1268142,0.03281677301731989
2022-08-31,1137,1150,1102,1133,698163,0.0
2022-09-01,1132,1198,1067,1067,2462493,-0.058252427184465994
2022-09-02,1075,1088,1018,1027,710667,-0.03748828491096534
2022-09-05,1023,1031,1009,1023,293311,-0.003894839337877265
2022-09-06,1009,1044,1009,1040,272105,0.016617790811339184
2022-09-07,1040,1044,1005,1014,276072,-0.025000000000000022
2022-09-08,1014,1031,1005,1014,247045,0.0
2022-09-13,1022,1066,1022,1058,377104,0.04339250493096647
2022-09-14,1009,1036,996,1023,218088,-0.03308128544423439
2022-09-15,1035,1040,1009,1014,255329,-0.008797653958944274
2022-09-16,1009,1018,983,988,402147,-0.02564102564102566
2022-09-19,978,1097,965,1005,2631312,0.0172064777327936
2022-09-20,1000,1022,991,996,430494,-0.008955223880596996
2022-09-21,1022,1066,996,1001,633486,0.005020080321285203
2022-09-22,1000,1000,961,992,311738,-0.00899100899100902
2022-09-23,991,991,956,961,258082,-0.03125
2022-09-26,957,957,895,900,441104,-0.06347554630593133
2022-09-27,900,931,895,931,402646,0.0344444444444445
2022-09-28,912,930,874,895,622504,-0.03866809881847477
2022-09-29,899,921,877,877,347399,-0.020111731843575398
2022-09-30,867,895,858,887,330211,0.011402508551881407
2022-10-04,895,917,886,913,369992,0.02931228861330326
2022-10-05,926,934,876,891,334850,-0.02409638554216864
2022-10-06,895,982,895,939,1440056,0.05387205387205385
2022-10-07,926,935,904,931,584016,-0.008519701810436597
2022-10-11,930,939,878,878,792616,-0.0569280343716434
2022-10-12,870,891,867,891,377202,0.01480637813211838
2022-10-13,913,1001,909,931,1929865,0.04489337822671158
2022-10-14,957,957,908,922,886365,-0.009667024704618665
2022-10-17,935,943,921,935,577785,0.014099783080260275
2022-10-18,965,965,939,948,367766,0.013903743315508033
2022-10-19,952,961,926,931,419375,-0.01793248945147674
2022-10-20,943,947,912,926,349305,-0.00537056928034374
2022-10-21,917,926,900,900,251868,-0.02807775377969768
2022-10-24,908,935,895,900,321144,0.0
2022-10-25,909,917,900,909,163296,0.010000000000000009
2022-10-26,908,913,891,900,211157,-0.00990099009900991
2022-10-27,904,917,895,904,219048,0.004444444444444473
2022-10-28,908,908,891,891,153785,-0.014380530973451378
2022-10-31,899,908,890,904,187118,0.014590347923681302
2022-11-01,900,922,895,922,232636,0.019911504424778848
2022-11-02,917,917,904,904,167809,-0.0195227765726681
2022-11-03,886,904,886,900,176833,-0.004424778761061954
2022-11-04,899,903,886,895,202019,-0.005555555555555536
2022-11-07,899,908,895,904,162180,0.010055865921787754
2022-11-08,913,939,904,931,450834,0.02986725663716805
2022-11-09,930,952,921,935,379768,0.004296455424275036
2022-11-10,934,947,917,939,347600,0.004278074866310266
2022-11-11,948,974,939,966,808484,0.028753993610223683
2022-11-14,965,987,947,983,654725,0.017598343685300222
2022-11-15,966,970,948,953,870817,-0.030518819938962327
2022-11-16,947,969,939,961,755266,0.008394543546694555
2022-11-17,961,970,939,953,386210,-0.008324661810613976
2022-11-18,952,956,925,939,284530,-0.014690451206715638
2022-11-21,943,952,917,926,376842,-0.013844515441959526
2022-11-22,926,926,895,900,362309,-0.02807775377969768
2022-11-23,900,926,900,922,234690,0.02444444444444449
2022-11-24,925,991,921,974,1924504,0.05639913232104132
2022-11-25,983,996,957,979,879863,0.005133470225872738
2022-11-28,965,965,917,917,397814,-0.06332992849846786
2022-11-29,908,965,904,948,519988,0.03380588876772084
2022-11-30,948,992,939,966,489650,0.018987341772152
2022-12-01,974,983,957,979,373152,0.013457556935817738
2022-12-02,974,978,943,948,213221,-0.03166496424923393
2022-12-05,961,961,939,944,188189,-0.00421940928270037
2022-12-06,926,939,921,926,189537,-0.01906779661016944
2022-12-07,921,926,908,913,201654,-0.01403887688984884
2022-12-08,912,917,891,891,505181,-0.02409638554216864
2022-12-09,895,903,886,895,163545,0.004489337822671136
2022-12-12,895,903,890,895,133439,0.0
2022-12-13,895,904,886,891,166691,-0.004469273743016755
2022-12-14,890,899,881,895,239487,0.004489337822671136
2022-12-15,895,899,886,891,156375,-0.004469273743016755
2022-12-16,882,891,878,887,169035,-0.004489337822671136
2022-12-19,886,886,876,878,171014,-0.01014656144306647
2022-12-20,878,886,871,871,293011,-0.007972665148063829
2022-12-21,870,877,867,867,147571,-0.004592422502870286
2022-12-22,873,882,868,873,172767,0.006920415224913601
2022-12-23,874,874,852,853,216337,-0.02290950744558995
2022-12-26,853,853,807,807,309898,-0.05392731535756157
2022-12-27,806,820,757,790,420135,-0.02106567534076831
2022-12-28,789,801,786,797,87588,0.008860759493670933
2022-12-29,796,796,753,758,239012,-0.04893350062735258
2023-01-02,751,763,732,733,173953,-0.03298153034300788
2023-01-03,729,737,700,729,210894,-0.00545702592087316
2023-01-04,728,751,712,748,290972,0.026063100137174278
2023-01-05,755,768,738,752,194857,0.005347593582887722
2023-01-06,756,787,740,776,178933,0.03191489361702127
2023-01-09,777,796,775,790,154864,0.018041237113401998
2023-01-10,790,797,790,793,53796,0.0037974683544304
2023-01-11,793,822,788,815,141735,0.027742749054224358
2023-01-12,809,821,805,807,94390,-0.009815950920245453
2023-01-13,807,829,807,815,91459,0.00991325898389106
2023-01-16,832,832,804,811,71412,-0.004907975460122671
2023-01-17,812,816,804,805,49592,-0.007398273736128225
2023-01-18,804,808,796,802,83488,-0.003726708074534124
2023-01-19,790,799,786,793,97587,-0.01122194513715713
2023-01-20,796,801,785,797,62241,0.0050441361916770955
2023-01-25,795,807,795,803,147291,0.007528230865746499
2023-01-26,803,807,797,806,91330,0.0037359900373599153
2023-01-27,808,812,805,807,75087,0.001240694789081953
2023-01-30,813,814,800,803,118054,-0.00495662949194553
2023-01-31,788,798,788,794,98540,-0.011207970112079746
2023-02-01,794,800,788,791,287640,-0.0037783375314861534
2023-02-02,809,917,801,859,5099675,0.08596713021491786
2023-02-03,899,907,859,898,1436942,0.04540162980209539
2023-02-06,933,1077,907,1016,6177159,0.1314031180400892
2023-02-07,1000,1003,966,968,1120943,-0.047244094488189003
2023-02-08,1001,1010,974,1010,748807,0.04338842975206614
2023-02-09,1010,1026,986,1022,666293,0.011881188118811892
2023-02-10,1022,1080,997,1001,2455807,-0.020547945205479423
2023-02-13,1005,1075,1005,1049,1761838,0.04795204795204788
2023-02-14,1097,1097,996,1012,1151609,-0.035271687321258294
2023-02-15,999,1001,921,928,1227254,-0.08300395256916993
2023-02-16,939,960,906,916,667698,-0.012931034482758674
2023-02-17,913,928,888,909,319138,-0.007641921397379958
2023-02-20,908,950,908,930,547235,0.02310231023102305
2023-02-21,943,947,916,923,426139,-0.007526881720430145
2023-02-22,911,911,875,884,736807,-0.04225352112676062
2023-02-23,878,890,868,876,397782,-0.009049773755656076
2023-02-24,878,884,857,859,468187,-0.019406392694063967
2023-02-27,858,863,836,851,221905,-0.0093131548311991
2023-02-28,859,865,847,854,175189,0.003525264394829586
2023-03-02,854,865,841,843,272970,-0.012880562060889944
2023-03-03,860,860,835,842,172135,-0.0011862396204033177
2023-03-06,842,848,834,842,233950,0.0
2023-03-07,847,847,820,841,272870,-0.001187648456057011
2023-03-08,841,848,815,841,554619,0.0
2023-03-09,820,826,790,801,668603,-0.04756242568370983
2023-03-10,790,801,777,785,302287,-0.019975031210986316
2023-03-13,772,776,745,772,275182,-0.016560509554140124
2023-03-14,771,789,742,750,306491,-0.02849740932642486
2023-03-15,781,862,781,805,2114935,0.07333333333333325
2023-03-16,808,816,787,799,195011,-0.007453416149068359
2023-03-17,799,807,783,798,451516,-0.0012515644555695093
2023-03-20,798,810,793,801,272141,0.003759398496240518
2023-03-21,807,807,776,787,256884,-0.017478152309613026
2023-03-22,790,790,772,779,264807,-0.010165184243964398
2023-03-23,779,779,756,762,169409,-0.02182284980744542
2023-03-24,765,787,763,779,157653,0.022309711286089273
2023-03-27,777,777,751,767,244790,-0.015404364569961526
2023-03-28,766,790,760,785,171711,0.02346805736636237
2023-03-29,784,792,770,791,150143,0.007643312101910826
2023-03-30,790,811,789,796,256799,0.006321112515802696
2023-03-31,803,864,800,830,889795,0.04271356783919589
2023-04-03,830,831,803,813,212770,-0.02048192771084334
2023-04-04,813,842,807,819,417268,0.007380073800737907
2023-04-05,815,837,808,823,316822,0.004884004884004867
2023-04-06,822,834,807,809,150328,-0.017010935601458055
2023-04-07,802,823,800,816,176409,0.008652657601977642
2023-04-10,818,818,805,807,137683,-0.011029411764705843
2023-04-11,809,828,803,828,335328,0.026022304832713727
2023-04-12,824,838,823,832,397888,0.004830917874396157
2023-04-13,834,834,804,815,224150,-0.02043269230769229
2023-04-14,847,1059,843,915,22464802,0.12269938650306744
2023-04-17,919,923,889,909,1596409,-0.006557377049180357
2023-04-18,903,903,877,887,1179593,-0.024202420242024236
2023-04-19,901,952,901,909,2136793,0.024802705749718212
2023-04-20,920,934,902,907,1071843,-0.002200220022002153
2023-04-21,906,913,880,885,589213,-0.02425578831312014
2023-04-24,885,903,876,901,491054,0.01807909604519775
2023-04-25,900,909,877,884,575883,-0.018867924528301883
2023-04-26,867,902,865,902,381104,0.020361990950226172
2023-04-27,902,903,878,880,381080,-0.024390243902439046
2023-04-28,885,900,874,882,341960,0.002272727272727204
2023-05-02,882,893,873,886,287728,0.0045351473922903285
2023-05-03,883,930,877,924,1181671,0.04288939051918739
2023-05-04,911,913,884,899,491138,-0.02705627705627711
2023-05-08,898,941,885,917,648881,0.020022246941045596
2023-05-09,917,966,896,916,1627633,-0.0010905125408942062
2023-05-10,920,1026,914,1025,9039109,0.11899563318777284
2023-05-11,1070,1083,966,967,6395016,-0.05658536585365859
2023-05-12,952,1023,927,968,2324598,0.0010341261633919352
2023-05-15,964,964,921,929,846540,-0.04028925619834711
2023-05-16,920,991,919,967,1620819,0.04090419806243273
2023-05-17,969,980,927,980,779264,0.013443640124095158
2023-05-18,979,983,943,948,578725,-0.03265306122448974
2023-05-19,956,979,948,978,458116,0.03164556962025311
2023-05-22,968,975,951,966,277190,-0.012269938650306789
2023-05-23,968,1046,967,996,2065047,0.03105590062111796
2023-05-24,998,998,971,994,470437,-0.002008032128514081
2023-05-25,994,996,949,953,594484,-0.04124748490945673
2023-05-26,952,957,921,931,457214,-0.023084994753410304
2023-05-30,933,944,925,930,278317,-0.0010741138560687036
2023-05-31,944,944,906,913,362700,-0.018279569892473146
2023-06-01,923,926,904,916,220151,0.0032858707557503752
2023-06-02,916,935,907,924,215153,0.008733624454148492
2023-06-05,936,964,930,945,348100,0.022727272727272707
2023-06-07,953,963,935,938,210617,-0.007407407407407418
2023-06-08,941,952,930,944,158611,0.006396588486140775
2023-06-09,948,970,943,947,386716,0.0031779661016948513
2023-06-12,993,1025,974,1003,1645477,0.05913410770855343
2023-06-13,1003,1083,981,1073,3764025,0.06979062811565306
2023-06-14,1024,1027,986,995,1774177,-0.0726933830382106
2023-06-15,992,1009,967,996,505129,0.0010050251256281673
2023-06-16,995,995,975,985,387752,-0.011044176706827336
2023-06-19,987,1046,987,1022,2000435,0.03756345177664966
2023-06-20,1021,1079,1001,1061,2057942,0.03816046966731901
2023-06-21,1058,1071,1020,1044,917663,-0.01602262016965128
2023-06-22,1043,1079,1028,1036,1035702,-0.007662835249042099
2023-06-23,1035,1092,1025,1076,2137478,0.03861003861003853
2023-06-26,1095,1097,1023,1027,1107612,-0.04553903345724908
2023-06-27,1030,1050,1009,1016,613551,-0.01071080817916259
2023-06-28,1015,1027,993,1001,387182,-0.014763779527559029
2023-06-29,1006,1006,967,983,468976,-0.017982017982017928
2023-06-30,976,992,949,984,386797,0.0010172939979653517
2023-07-03,985,1035,985,1014,347598,0.030487804878048808
2023-07-04,1013,1031,980,997,408634,-0.0167652859960552
2023-07-05,1003,1033,954,967,568713,-0.030090270812437314
2023-07-06,966,966,938,939,420233,-0.028955532574974185
2023-07-07,935,938,919,931,247422,-0.008519701810436597
2023-07-10,924,946,900,938,229341,0.007518796992481258
2023-07-11,930,954,929,938,201639,0.0
2023-07-12,956,956,920,926,248627,-0.01279317697228144
2023-07-13,939,942,904,930,213567,0.004319654427645814
2023-07-14,946,946,916,935,189271,0.005376344086021501
2023-07-17,934,942,916,932,133234,-0.0032085561497325887
2023-07-18,932,947,904,912,228984,-0.02145922746781115
2023-07-19,917,921,879,887,407682,-0.027412280701754388
2023-07-20,887,910,881,909,117494,0.024802705749718212
2023-07-21,908,917,890,903,157877,-0.0066006600660065695
2023-07-24,903,903,877,878,399894,-0.027685492801771905
2023-07-25,877,885,861,870,260378,-0.009111617312072884
2023-07-26,865,870,808,822,862752,-0.05517241379310345
2023-07-27,821,877,812,844,218231,0.02676399026763998
2023-07-28,852,868,835,867,157497,0.027251184834123254
2023-07-31,868,883,859,883,355726,0.018454440599769306
2023-08-01,884,901,879,884,176311,0.0011325028312569874
2023-08-02,884,898,868,874,206133,-0.011312217194570096
2023-08-03,872,882,823,882,172142,0.009153318077803174
2023-08-04,865,895,865,881,141859,-0.0011337868480725266
2023-08-07,878,887,859,880,325523,-0.0011350737797957144
2023-08-08,875,884,868,873,180111,-0.007954545454545436
2023-08-09,865,882,861,880,119253,0.008018327605956443
2023-08-10,885,885,873,878,80841,-0.002272727272727315
2023-08-11,884,899,876,879,155519,0.001138952164009055
2023-08-14,879,879,869,877,201824,-0.0022753128555176305
2023-08-16,843,869,843,865,279703,-0.013683010262257711
2023-08-17,854,858,821,843,243656,-0.02543352601156068
2023-08-18,833,841,813,841,192467,-0.0023724792408066353
2023-08-21,840,844,825,839,148232,-0.0023781212841854638
2023-08-22,839,842,828,839,121073,0.0
2023-08-23,837,851,825,831,185427,-0.009535160905840279
2023-08-24,831,849,824,832,117784,0.001203369434416457
2023-08-25,846,996,832,962,3036477,0.15625
2023-08-28,953,980,921,932,837141,-0.03118503118503113
2023-08-29,933,939,913,922,363016,-0.010729613733905574
2023-08-30,921,935,906,921,442643,-0.0010845986984815426
2023-08-31,921,926,882,909,602430,-0.013029315960912058
2023-09-01,898,910,892,894,171128,-0.01650165016501648
2023-09-04,891,896,884,895,112102,0.0011185682326622093
2023-09-05,895,898,884,891,208603,-0.004469273743016755
2023-09-06,902,962,894,920,730121,0.032547699214365844
2023-09-07,918,1000,917,946,2630565,0.02826086956521734
2023-09-08,933,949,915,949,396636,0.003171247357293794
2023-09-11,949,957,926,943,271319,-0.006322444678609096
2023-09-12,934,948,914,920,349510,-0.024390243902439046
2023-09-13,920,925,904,920,173207,0.0
2023-09-14,913,949,912,938,181892,0.019565217391304346
2023-09-15,938,956,932,933,206009,-0.005330490405117239
2023-09-18,932,986,931,972,605107,0.04180064308681675
2023-09-19,963,972,927,959,389533,-0.013374485596707841
2023-09-20,958,989,936,984,398890,0.026068821689259725
2023-09-21,982,997,954,979,425986,-0.005081300813008172
2023-09-22,979,982,945,951,379544,-0.02860061287027582
2023-09-25,939,1032,928,982,4154750,0.03259726603575186
2023-09-26,987,990,908,947,1224259,-0.035641547861507084
2023-09-27,881,1050,881,1011,3170358,0.06758183738120382
2023-10-04,996,1010,965,1002,663703,-0.008902077151335286
2023-10-05,1001,1013,974,989,369508,-0.012974051896207595
2023-10-06,972,1053,972,1053,1035842,0.06471183013144599
2023-10-10,1043,1074,1024,1060,917808,0.006647673314339908
2023-10-11,1059,1096,1044,1087,714618,0.025471698113207486
2023-10-12,1092,1097,1036,1042,705583,-0.041398344066237325
2023-10-13,1048,1048,945,982,963640,-0.05758157389635321
2023-10-16,981,1000,940,982,983169,0.0
2023-10-17,972,1067,970,1033,1436543,0.05193482688391038
2023-10-18,1027,1041,994,999,484978,-0.03291384317521784
2023-10-19,991,1012,970,1005,413252,0.006006006006006093
2023-10-20,1003,1013,971,991,434158,-0.013930348258706426
2023-10-23,975,990,940,940,625524,-0.05146316851664989
2023-10-24,945,1051,945,1045,1327214,0.11170212765957444
2023-10-25,1049,1194,1023,1194,6127728,0.14258373205741637
2023-10-26,1169,1194,1123,1166,2632518,-0.02345058626465657
2023-10-27,1177,1294,1172,1234,5782474,0.05831903945111483
2023-10-30,1253,1282,1206,1225,1903205,-0.007293354943273878
2023-10-31,1234,1249,1137,1159,1835254,-0.05387755102040814
2023-11-01,1147,1211,1144,1197,1100673,0.032786885245901676
2023-11-02,1186,1228,1149,1228,1461238,0.02589807852965742
2023-11-03,1250,1383,1189,1362,9677617,0.10912052117263848
2023-11-06,1422,1423,1278,1329,4720083,-0.024229074889867808
2023-11-07,1343,1531,1311,1379,9922058,0.037622272385252176
2023-11-08,1356,1488,1347,1481,7165197,0.07396664249456131
2023-11-09,1422,1458,1346,1390,3759286,-0.06144496961512491
2023-11-10,1321,1335,1270,1292,3403486,-0.07050359712230214
2023-11-13,1299,1313,1243,1285,3645063,-0.005417956656346701
2023-11-14,1281,1338,1280,1312,2016404,0.021011673151750898
2023-11-15,1299,1325,1256,1299,1917182,-0.009908536585365835
2023-11-16,1314,1314,1184,1184,3508467,-0.0885296381832179
2023-11-17,1183,1183,1105,1140,2607146,-0.03716216216216217
2023-11-20,1158,1266,1155,1203,6651008,0.0552631578947369
2023-11-21,1187,1189,1151,1170,2318840,-0.027431421446383997
2023-11-22,1167,1213,1158,1177,2182668,0.005982905982905962
2023-11-23,1176,1268,1172,1244,3893713,0.0569243840271878
2023-11-24,1234,1290,1211,1278,2416041,0.027331189710610992
2023-11-27,1303,1303,1230,1260,3910398,-0.014084507042253502
2023-11-28,1235,1237,1178,1182,2554970,-0.06190476190476191
2023-11-29,1171,1238,1161,1212,1930461,0.025380710659898442
2023-11-30,1198,1217,1164,1194,1140705,-0.014851485148514865
2023-12-01,1214,1265,1172,1222,1328112,0.02345058626465657
2023-12-04,1234,1246,1208,1222,892879,0.0
2023-12-05,1223,1223,1127,1144,2066976,-0.06382978723404253
2023-12-06,1153,1161,1106,1144,1283384,0.0
2023-12-07,1162,1163,1104,1104,832926,-0.034965034965035
2023-12-08,1085,1167,1073,1155,2220526,0.04619565217391308
2023-12-11,1175,1225,1154,1165,2683519,0.008658008658008587
2023-12-12,1185,1265,1129,1223,7800531,0.04978540772532192
2023-12-13,1196,1208,1137,1160,2662695,-0.05151267375306623
2023-12-14,1177,1262,1143,1151,3529890,-0.00775862068965516
2023-12-15,1125,1157,1121,1140,1258536,-0.009556907037358786
2023-12-18,1145,1190,1112,1179,1274760,0.03421052631578947
2023-12-19,1170,1177,1139,1139,1208930,-0.03392705682782016
2023-12-20,1124,1146,1107,1135,1098185,-0.0035118525021948788
2023-12-21,1125,1157,1115,1138,954432,0.002643171806167466
2023-12-22,1136,1183,1135,1177,1403170,0.034270650263620306
2023-12-26,1168,1174,1083,1097,2206869,-0.06796941376380627
2023-12-27,1111,1139,1002,1016,4222161,-0.07383773928896997
2023-12-28,1004,1030,975,983,2419320,-0.032480314960629975
2024-01-02,1014,1179,1012,1122,7235892,0.14140386571719232
2024-01-03,1120,1163,1089,1155,1923230,0.02941176470588225
2024-01-04,1175,1312,1162,1225,12184926,0.06060606060606055
2024-01-05,1257,1464,1255,1421,18948440,0.15999999999999992
2024-01-08,1426,1442,1292,1292,8865042,-0.09078114004222382
2024-01-09,1264,1290,1239,1239,2770041,-0.04102167182662542
2024-01-10,1255,1334,1210,1238,4592761,-0.0008071025020177647
2024-01-11,1237,1294,1222,1273,2164852,0.028271405492730217
2024-01-12,1274,1312,1261,1311,2356912,0.029850746268656803
2024-01-15,1329,1360,1273,1293,2559925,-0.013729977116704761
2024-01-16,1295,1311,1255,1268,1324759,-0.01933488012374318
2024-01-17,1267,1269,1212,1220,1526326,-0.03785488958990535
2024-01-18,1216,1325,1213,1312,3850606,0.07540983606557372
2024-01-19,1313,1364,1229,1239,2339242,-0.055640243902439046
2024-01-22,1303,1325,1193,1215,3252781,-0.01937046004842613
2024-01-23,1229,1229,1145,1153,2498656,-0.05102880658436215
2024-01-24,1149,1171,1123,1136,1049185,-0.014744145706851675
2024-01-25,1128,1143,1100,1108,964596,-0.02464788732394363
2024-01-26,1106,1121,1074,1088,1242271,-0.018050541516245522
2024-01-29,1057,1071,1018,1043,1856051,-0.04136029411764708
2024-01-30,1044,1061,1022,1027,699866,-0.015340364333652934
2024-01-31,1023,1036,996,1002,575441,-0.02434274586173324
2024-02-01,1000,1014,981,1005,607286,0.0029940119760478723
2024-02-02,1005,1058,1005,1036,645456,0.030845771144278666
2024-02-05,1043,1046,1020,1032,365498,-0.0038610038610038533
2024-02-06,1033,1042,1008,1024,516681,-0.007751937984496138
2024-02-07,1022,1063,1013,1041,486512,0.0166015625
2024-02-08,1042,1112,1038,1096,1039088,0.05283381364073003
2024-02-13,1097,1128,1085,1122,1801421,0.02372262773722622
2024-02-14,1094,1123,1084,1109,661130,-0.01158645276292336
2024-02-15,1109,1111,1047,1047,1179104,-0.055906221821460766
2024-02-16,1015,1062,1003,1023,1365617,-0.022922636103151817
2024-02-19,990,1027,987,998,1011514,-0.024437927663734094
2024-02-20,1006,1033,992,1012,858142,0.014028056112224352
2024-02-21,1012,1026,992,997,670595,-0.014822134387351804
2024-02-22,1009,1009,974,976,855361,-0.02106318956870612
2024-02-23,976,1008,942,974,1111855,-0.002049180327868827
2024-02-26,976,983,925,944,1703464,-0.030800821355236097
2024-02-27,939,948,916,928,883839,-0.016949152542372836
2024-02-28,929,940,914,922,654491,-0.006465517241379337
2024-02-29,922,929,902,917,812621,-0.005422993492407824
2024-03-04,909,929,890,892,740127,-0.02726281352235549
2024-03-05,891,898,844,859,1796950,-0.036995515695067316
2024-03-06,852,864,803,821,1476015,-0.04423748544819561
2024-03-07,810,824,789,796,891811,-0.030450669914738104
2024-03-08,797,834,794,808,781171,0.015075376884422065
2024-03-11,808,871,808,858,1226368,0.061881188118811936
2024-03-12,857,864,820,826,609548,-0.037296037296037254
2024-03-13,827,875,824,874,821165,0.05811138014527839
2024-03-14,874,877,849,856,566811,-0.020594965675057253
2024-03-15,866,894,854,879,784088,0.026869158878504606
2024-03-18,882,1089,882,1089,12219688,0.23890784982935154
2024-03-19,1150,1189,984,988,19076383,-0.09274563820018367
2024-03-20,992,1150,973,1115,21368094,0.12854251012145745
2024-03-21,1104,1112,1037,1039,5397800,-0.06816143497757843
2024-03-22,1071,1080,992,1009,2995025,-0.02887391722810395
2024-03-25,1016,1032,965,975,3133758,-0.03369672943508428
2024-03-26,981,983,916,924,2461870,-0.05230769230769228
2024-03-27,929,929,888,907,1468165,-0.018398268398268414
2024-03-28,907,935,899,917,1136101,0.011025358324145529
2024-03-29,924,938,883,904,1341093,-0.014176663031624903
2024-04-01,917,917,891,894,932981,-0.011061946902654829
2024-04-02,720,763,698,720,11121682,-0.19463087248322153
2024-04-03,719,719,662,671,2812279,-0.06805555555555554
2024-04-04,671,694,671,684,1045401,0.019374068554396384
2024-04-05,688,702,664,685,949795,0.0014619883040936088
2024-04-08,701,720,689,695,1266982,0.014598540145985384
2024-04-09,695,722,695,716,1480948,0.030215827338129442
2024-04-11,851,894,716,717,10505774,0.0013966480446927498
2024-04-12,717,720,671,674,2499970,-0.05997210599721059
2024-04-15,654,701,652,664,795759,-0.014836795252225476
2024-04-16,684,700,652,656,1226729,-0.012048192771084376
2024-04-17,645,670,645,655,530296,-0.0015243902439023849
2024-04-18,649,701,649,692,1419555,0.056488549618320505
2024-04-19,701,701,655,671,910445,-0.030346820809248554
2024-04-22,671,681,652,673,553762,0.0029806259314455463
2024-04-23,673,682,662,667,797546,-0.008915304606240682
2024-04-24,671,672,661,663,417262,-0.005997001499250421
2024-04-25,666,672,658,658,304088,-0.007541478129713397
2024-04-26,659,660,636,642,607635,-0.024316109422492405
2024-04-29,644,651,637,649,335314,0.010903426791277315
2024-04-30,648,655,639,643,396103,-0.009244992295839749
2024-05-02,642,644,620,631,456970,-0.018662519440124425
2024-05-03,636,639,622,630,290557,-0.0015847860538826808
2024-05-07,631,635,623,624,276199,-0.00952380952380949
2024-05-08,615,630,615,617,628367,-0.011217948717948678
2024-05-09,617,625,613,623,341076,0.009724473257698651
2024-05-10,629,629,619,624,188792,0.0016051364365972098
2024-05-13,627,641,620,633,396275,0.014423076923076872
2024-05-14,628,635,608,621,850895,-0.018957345971563955
2024-05-16,656,665,638,642,785679,0.033816425120772875
2024-05-17,653,653,638,647,223957,0.007788161993769416
2024-05-20,647,658,639,643,255039,-0.0061823802163832875
2024-05-21,645,649,640,648,164073,0.007776049766718529
2024-05-22,650,650,635,637,288826,-0.016975308641975273
2024-05-23,635,645,620,625,211559,-0.01883830455259028
2024-05-24,632,632,615,619,223103,-0.009600000000000053
2024-05-27,607,609,564,589,838164,-0.0484652665589661
2024-05-28,583,595,577,586,289879,-0.005093378607809895
2024-05-29,589,589,555,562,556749,-0.04095563139931746
2024-05-30,558,579,557,563,380231,0.001779359430605032
2024-05-31,555,570,554,564,151931,0.001776198934280604
2024-06-03,570,577,560,561,215856,-0.005319148936170248
2024-06-04,570,570,520,525,796927,-0.06417112299465244
2024-06-05,525,532,500,514,478372,-0.020952380952380945
2024-06-07,514,532,510,517,269735,0.005836575875486361
2024-06-10,517,526,509,517,146455,0.0
2024-06-11,518,520,506,510,229442,-0.013539651837524147
2024-06-12,509,515,500,506,206815,-0.007843137254901933
2024-06-13,506,556,506,527,990852,0.04150197628458496
2024-06-14,530,530,501,512,430577,-0.028462998102466774
2024-06-17,512,543,505,505,487941,-0.013671875
2024-06-18,506,518,490,500,518315,-0.00990099009900991
2024-06-19,495,499,480,488,623309,-0.02400000000000002
2024-06-20,500,506,476,491,463554,0.006147540983606481
2024-06-21,485,491,478,487,285284,-0.008146639511201648
2024-06-24,487,490,470,471,269092,-0.03285420944558526
2024-06-25,473,486,472,481,177245,0.02123142250530785
2024-06-26,482,581,482,521,3807318,0.08316008316008316
2024-06-27,521,539,507,515,699332,-0.01151631477927062
2024-06-28,513,531,509,515,367824,0.0
2024-07-01,525,525,494,501,415591,-0.027184466019417486
2024-07-02,496,509,486,492,215024,-0.017964071856287456
2024-07-03,492,493,472,479,427566,-0.026422764227642226
2024-07-04,472,485,472,483,109719,0.008350730688935215
2024-07-05,487,507,484,503,319399,0.04140786749482395
2024-07-08,503,518,499,501,251357,-0.003976143141153132
2024-07-09,501,506,493,500,217927,-0.001996007984031989
2024-07-10,425,450,421,443,7488108,-0.11399999999999999
2024-07-11,445,447,437,440,970698,-0.006772009029345383
2024-07-12,438,444,425,427,1801463,-0.02954545454545454
2024-07-15,433,433,425,432,423296,0.011709601873536313
2024-07-16,432,435,422,431,574190,-0.0023148148148147696
2024-07-17,431,450,430,444,942725,0.030162412993039345
2024-07-18,441,495,440,449,2697218,0.011261261261261257
2024-07-19,450,507,449,486,4765778,0.08240534521158138
2024-07-22,488,516,479,497,1530502,0.02263374485596703
2024-07-23,508,508,472,491,888045,-0.012072434607645843
2024-07-24,491,499,479,479,613921,-0.024439918533604943
2024-07-25,472,491,456,466,1021123,-0.02713987473903967
2024-07-26,475,487,466,473,379913,0.015021459227467782
2024-07-29,473,480,470,477,173693,0.008456659619450413
2024-07-30,477,482,466,468,388913,-0.018867924528301883
2024-07-31,468,473,461,467,164894,-0.002136752136752129
2024-08-01,461,479,461,470,220434,0.0064239828693790635
2024-08-02,467,476,441,461,347138,-0.019148936170212738
2024-08-05,456,458,408,415,1584014,-0.09978308026030369
2024-08-06,415,436,415,434,459604,0.04578313253012056
2024-08-07,434,442,429,434,276273,0.0
2024-08-08,425,432,411,426,331693,-0.018433179723502335
2024-08-09,421,444,421,444,276227,0.04225352112676051
2024-08-12,444,459,442,448,269625,0.009009009009008917
2024-08-13,448,451,426,437,502638,-0.024553571428571397
2024-08-14,438,448,435,441,402901,0.009153318077803174
2024-08-16,443,448,433,435,212225,-0.013605442176870763
2024-08-19,440,440,399,419,786080,-0.0367816091954023
2024-08-20,422,430,418,427,285766,0.019093078758949833
2024-08-21,429,430,414,424,298040,-0.007025761124121788
2024-08-22,423,430,419,420,167604,-0.009433962264150941
2024-08-23,420,438,414,416,513173,-0.00952380952380949
2024-08-26,419,425,409,413,180623,-0.007211538461538436
2024-08-27,413,422,413,422,183824,0.021791767554479424
2024-08-28,419,425,415,417,172731,-0.011848341232227444
2024-08-29,417,420,412,418,89590,0.0023980815347721673
2024-08-30,411,423,411,419,148336,0.0023923444976077235
2024-09-02,432,432,411,415,283337,-0.009546539379474916
2024-09-03,420,425,410,415,260146,0.0
2024-09-04,410,412,403,406,365605,-0.02168674698795181
2024-09-05,400,415,400,407,181639,0.0024630541871921707
2024-09-06,415,415,397,403,214961,-0.009828009828009798
2024-09-09,401,403,392,403,687345,0.0
2024-09-10,400,406,392,392,241331,-0.027295285359801524
2024-09-11,392,402,385,391,287643,-0.0025510204081632404
2024-09-12,398,401,392,397,109524,0.01534526854219953
2024-09-13,400,401,393,398,153149,0.0025188916876575096
2024-09-19,401,404,393,397,103524,-0.002512562814070307
2024-09-20,402,402,396,396,83731,-0.0025188916876573986
2024-09-23,400,400,388,389,246809,-0.017676767676767624
2024-09-24,389,432,389,414,1426785,0.06426735218509005
2024-09-25,418,422,404,404,419218,-0.024154589371980673
2024-09-26,404,414,404,408,193975,0.00990099009900991
2024-09-27,403,412,396,406,324943,-0.004901960784313708
2024-09-30,404,407,398,402,148707,-0.009852216748768461
2024-10-02,395,405,394,395,199311,-0.01741293532338306
2024-10-04,395,400,389,393,205264,-0.005063291139240533
2024-10-07,316,338,285,310,11927733,-0.2111959287531806
2024-10-08,316,316,299,302,2608207,-0.02580645161290318
2024-10-10,304,311,295,303,961648,0.0033112582781456013
2024-10-11,304,308,296,296,597190,-0.02310231023102305
2024-10-14,296,300,289,291,612712,-0.016891891891891886
2024-10-15,291,297,288,289,429279,-0.0068728522336769515
2024-10-16,288,311,285,293,866821,0.01384083044982698
2024-10-17,293,297,282,290,382358,-0.010238907849829393
2024-10-18,294,294,284,290,337699,0.0
2024-10-21,289,291,279,279,460719,-0.037931034482758585
2024-10-22,280,281,259,265,858403,-0.05017921146953408
2024-10-23,265,272,257,262,895881,-0.01132075471698113
2024-10-24,267,267,259,259,326057,-0.011450381679389277
2024-10-25,259,264,250,252,920044,-0.027027027027026973
2024-10-28,256,265,252,260,541730,0.031746031746031855
2024-10-29,266,266,260,264,306804,0.01538461538461533
2024-10-30,264,280,264,267,722548,0.011363636363636465
2024-10-31,269,273,264,270,381980,0.011235955056179803
2024-11-01,260,270,260,269,229857,-0.0037037037037036535
2024-11-04,269,275,262,266,296010,-0.01115241635687736
2024-11-05,270,272,268,268,222779,0.007518796992481258
2024-11-06,268,275,268,270,364141,0.00746268656716409
2024-11-07,271,273,263,265,215445,-0.01851851851851849
2024-11-08,265,270,265,267,168312,0.007547169811320753
2024-11-11,267,268,263,266,151222,-0.0037453183520599342
2024-11-12,266,268,251,251,480647,-0.05639097744360899
2024-11-13,251,257,248,251,474040,0.0
2024-11-14,251,288,247,265,1195332,0.055776892430278835
2024-11-15,267,270,254,258,411387,-0.026415094339622636
2024-11-18,252,267,250,252,534177,-0.023255813953488413
2024-11-19,252,259,231,238,1344216,-0.05555555555555558
2024-11-20,0,0,0,238,0,0.0
2024-11-21,0,0,0,238,0,0.0
2024-11-22,0,0,0,238,0,0.0
2024-11-25,0,0,0,238,0,0.0
2024-11-26,0,0,0,238,0,0.0
2024-11-27,0,0,0,238,0,0.0
2024-11-28,0,0,0,238,0,0.0
2024-11-29,0,0,0,238,0,0.0
2024-12-02,0,0,0,238,0,0.0
2024-12-03,0,0,0,238,0,0.0
2024-12-04,0,0,0,238,0,0.0
2024-12-05,0,0,0,238,0,0.0
2024-12-06,1309,1658,1200,1475,1629179,5.197478991596639
2024-12-09,1470,1644,1377,1555,639311,0.05423728813559325
2024-12-10,1571,2020,1570,2020,1994103,0.2990353697749195
2024-12-11,2310,2480,2000,2130,1912007,0.054455445544554504
2024-12-12,2095,2195,1890,1970,961777,-0.07511737089201875
2024-12-13,1930,2450,1887,2225,1382872,0.12944162436548234
2024-12-16,2890,2890,2890,2890,586779,0.29887640449438213
2024-12-17,3300,3595,2455,2560,8675923,-0.11418685121107264
2024-12-18,2550,2725,2385,2600,1899887,0.015625
2024-12-19,2485,2485,2180,2230,730792,-0.14230769230769236
2024-12-20,2230,2300,2130,2300,313752,0.03139013452914807
2024-12-23,2300,2600,2300,2505,369308,0.08913043478260874
2024-12-24,2415,2920,2410,2665,3127610,0.06387225548902187
2024-12-26,2730,3000,2555,2685,2278890,0.007504690431519689
2024-12-27,2635,2760,2455,2480,716816,-0.07635009310986962
2024-12-30,2480,2570,2340,2515,294763,0.014112903225806495
2025-01-02,2515,2730,2490,2680,525743,0.0656063618290259
2025-01-03,2680,2785,2600,2670,601041,-0.003731343283582045
2025-01-06,2670,2700,2570,2645,313497,-0.009363295880149836
2025-01-07,2645,2830,2625,2760,596685,0.04347826086956519
2025-01-08,2770,2815,2695,2765,312798,0.0018115942028984477
2025-01-09,2735,2750,2640,2640,202286,-0.0452079566003617
2025-01-10,2605,2615,2495,2550,296192,-0.03409090909090906
2025-01-13,2485,2550,2320,2320,376532,-0.09019607843137256
2025-01-14,2320,2385,2225,2305,164606,-0.006465517241379337
2025-01-15,2365,2445,2280,2325,257484,0.008676789587852562
2025-01-16,2325,2365,2265,2290,143950,-0.01505376344086018
2025-01-17,2350,2475,2310,2390,274438,0.04366812227074246
2025-01-20,2390,2580,2345,2450,348020,0.025104602510460206
2025-01-21,2450,2515,2325,2445,175144,-0.0020408163265306367
2025-01-22,2445,2500,2315,2320,183332,-0.05112474437627812
2025-01-23,2310,2440,2255,2300,173398,-0.008620689655172376
2025-01-24,2345,2350,2250,2295,136135,-0.0021739130434782483
2025-01-31,2295,2340,2240,2340,137130,0.019607843137254832
2025-02-03,2500,2865,2400,2410,2560512,0.029914529914529808
2025-02-04,2405,2500,2355,2435,289215,0.010373443983402453
2025-02-05,2445,2445,2360,2385,184056,-0.02053388090349073
2025-02-06,2365,2365,2280,2295,279296,-0.037735849056603765
2025-02-07,2265,2300,2130,2170,311970,-0.05446623093681913
2025-02-10,2170,2170,2045,2075,240242,-0.04377880184331795
2025-02-11,2080,2110,2025,2060,155570,-0.0072289156626506035
2025-02-12,2060,2145,2020,2065,141447,0.0024271844660195274
2025-02-13,2060,2175,2050,2130,185457,0.0314769975786926
2025-02-14,2155,2170,2070,2105,139929,-0.011737089201877882
2025-02-17,2110,2135,2030,2065,97699,-0.019002375296912066
2025-02-18,2110,2140,2000,2010,181476,-0.0266343825665859
2025-02-19,2020,2020,1912,1997,370782,-0.006467661691542337
2025-02-20,1998,2165,1963,2080,227727,0.04156234351527299
2025-02-21,2050,2160,2050,2095,83573,0.007211538461538547
2025-02-24,2095,2150,2050,2150,132616,0.026252983293556076
2025-02-25,2150,2200,2120,2185,87443,0.016279069767441756
2025-02-26,2225,2370,2140,2290,333543,0.048054919908466776
2025-02-27,2290,2355,2235,2240,105121,-0.02183406113537123
2025-02-28,2225,2225,2095,2115,173107,-0.0558035714285714
2025-03-04,2115,2115,1960,2050,121899,-0.030732860520094607
2025-03-05,2050,2140,2005,2090,96214,0.019512195121951237
2025-03-06,2080,2185,2055,2070,111225,-0.009569377990430672
2025-03-07,2055,2090,1990,2010,127437,-0.02898550724637683
2025-03-10,1907,2060,1907,2030,69217,0.00995024875621886
2025-03-11,2005,2015,1910,1988,52929,-0.020689655172413834
2025-03-12,2090,2150,1990,2110,172193,0.06136820925553321
2025-03-13,2160,2160,2080,2080,95291,-0.014218009478673022
