Date,Open,High,Low,Close,Volume,Change
2022-01-03,50900,51500,50000,50300,49309,-0.017578125
2022-01-04,50700,51200,49800,50000,37579,-0.005964214711729587
2022-01-05,49900,54000,49600,52400,160101,0.04800000000000004
2022-01-06,52000,52800,51200,51600,68931,-0.01526717557251911
2022-01-07,51400,52200,50200,51600,39839,0.0
2022-01-10,51200,53400,50500,52900,65496,0.025193798449612448
2022-01-11,53300,53400,51400,51900,36436,-0.018903591682419618
2022-01-12,51900,54600,50800,54000,72515,0.040462427745664664
2022-01-13,54800,56300,53700,54900,94507,0.016666666666666607
2022-01-14,54300,55800,53900,54800,59606,-0.0018214936247723523
2022-01-17,54800,58000,54700,56900,135108,0.038321167883211604
2022-01-18,57300,58000,56200,57400,80545,0.008787346221441172
2022-01-19,56600,57800,55700,57500,54456,0.0017421602787457413
2022-01-20,57400,57700,55500,56100,50399,-0.024347826086956514
2022-01-21,55700,57200,54800,55000,53163,-0.019607843137254943
2022-01-24,54400,55600,52300,54900,40942,-0.0018181818181818299
2022-01-25,54400,55000,52100,53700,55290,-0.021857923497267784
2022-01-26,53700,54400,52800,52800,31195,-0.016759776536312887
2022-01-27,52500,53200,50500,50500,45034,-0.04356060606060608
2022-01-28,51000,52200,49800,52000,35930,0.02970297029702973
2022-02-03,53000,55200,52700,54500,39410,0.04807692307692313
2022-02-04,54200,57800,54200,57600,113001,0.05688073394495419
2022-02-07,59600,62800,58600,61800,264149,0.07291666666666674
2022-02-08,61800,63300,57100,59500,176746,-0.03721682847896435
2022-02-09,60000,63000,58500,62300,120399,0.04705882352941182
2022-02-10,62400,65700,61500,63800,209571,0.024077046548956593
2022-02-11,63300,64300,59400,59800,116878,-0.06269592476489028
2022-02-14,58400,59600,57200,57800,74808,-0.03344481605351168
2022-02-15,58100,58300,54300,55000,70350,-0.04844290657439443
2022-02-16,56500,57300,55600,56400,41541,0.025454545454545396
2022-02-17,56400,58200,53100,55900,57808,-0.00886524822695034
2022-02-18,54500,56100,54400,55400,39377,-0.008944543828264706
2022-02-21,54100,54700,53600,54100,49152,-0.023465703971119134
2022-02-22,52800,53800,51700,52300,55712,-0.03327171903881698
2022-02-23,52800,54300,52400,53700,30809,0.026768642447418722
2022-02-24,52900,53000,51200,51300,44646,-0.04469273743016755
2022-02-25,52700,54800,52600,53200,42187,0.03703703703703698
2022-02-28,52100,53500,51300,53000,64501,-0.003759398496240629
2022-03-02,53100,55000,52700,54400,40516,0.026415094339622636
2022-03-03,55200,56300,54700,56300,35559,0.03492647058823528
2022-03-04,56300,58100,55400,57200,73966,0.015985790408525657
2022-03-07,56600,57400,54000,57000,55283,-0.0034965034965035446
2022-03-08,56300,57800,55300,55600,46815,-0.024561403508771895
2022-03-10,56400,59600,55700,58700,103125,0.055755395683453335
2022-03-11,58600,59300,57700,58100,32556,-0.010221465076660996
2022-03-14,57800,57800,53400,53700,72873,-0.07573149741824436
2022-03-15,53700,54700,52500,53900,33745,0.003724394785847407
2022-03-16,54700,55100,53900,54500,39012,0.011131725417439675
2022-03-17,55400,56800,55300,56300,40545,0.03302752293577971
2022-03-18,56400,56900,55700,56400,20691,0.001776198934280604
2022-03-21,56500,57000,55300,55600,21362,-0.014184397163120588
2022-03-22,55200,56100,55100,55400,13480,-0.003597122302158251
2022-03-23,56200,56900,54900,56100,28313,0.012635379061371799
2022-03-24,55400,56100,54100,55000,28054,-0.019607843137254943
2022-03-25,55100,55800,54600,55000,21621,0.0
2022-03-28,55000,59300,54200,58700,89882,0.06727272727272737
2022-03-29,59300,59600,58200,58600,49595,-0.0017035775127768327
2022-03-30,59700,59700,57400,58300,25323,-0.005119453924914641
2022-03-31,58000,59700,58000,58900,35837,0.010291595197255532
2022-04-01,58400,58500,57200,57300,24448,-0.02716468590831922
2022-04-04,57400,58900,56500,57800,16489,0.008726003490401313
2022-04-05,57900,60300,57900,60200,71930,0.04152249134948094
2022-04-06,59500,59500,58000,58600,36894,-0.02657807308970095
2022-04-07,58000,58300,57000,57400,22209,-0.020477815699658675
2022-04-08,57800,60100,57700,59800,66547,0.04181184668989557
2022-04-11,60400,61000,57800,57800,60237,-0.03344481605351168
2022-04-12,57500,59200,57000,58900,29068,0.01903114186851207
2022-04-13,59400,59400,58400,59200,24916,0.005093378607809784
2022-04-14,59000,59500,58500,59400,20141,0.0033783783783782884
2022-04-15,58800,60100,58600,60100,31093,0.011784511784511675
2022-04-18,59900,60100,58200,59000,32139,-0.01830282861896837
2022-04-19,60100,62200,59300,61000,170516,0.03389830508474567
2022-04-20,61700,61700,59700,60200,52765,-0.013114754098360604
2022-04-21,60100,61000,59600,60400,32858,0.0033222591362125353
2022-04-22,60100,60400,59200,60100,36764,-0.004966887417218513
2022-04-25,59100,59500,58100,58200,30351,-0.03161397670549082
2022-04-26,58500,60700,58200,60000,37696,0.030927835051546282
2022-04-27,58300,59900,58200,59700,19212,-0.0050000000000000044
2022-04-28,59300,59800,58500,59100,28124,-0.01005025125628145
2022-04-29,59100,61100,58300,59400,37746,0.0050761421319796
2022-05-02,58500,59300,57300,59000,36745,-0.006734006734006703
2022-05-03,58700,59300,57100,57400,41927,-0.027118644067796627
2022-05-04,57800,58100,57100,58000,25553,0.010452961672473782
2022-05-06,57200,57400,55500,55500,45757,-0.0431034482758621
2022-05-09,55600,56000,55100,55700,31685,0.003603603603603567
2022-05-10,55200,56000,53900,55700,27536,0.0
2022-05-11,55300,56700,55100,56400,16271,0.012567324955116588
2022-05-12,55700,56100,54700,54700,31499,-0.03014184397163122
2022-05-13,55200,57300,55000,56900,29867,0.040219378427788
2022-05-16,56900,57800,56200,57200,25550,0.005272407732864748
2022-05-17,57200,57700,57200,57300,15983,0.0017482517482516613
2022-05-18,57500,57900,56800,57000,18413,-0.005235602094240788
2022-05-19,56600,56600,55300,55700,22449,-0.02280701754385961
2022-05-20,55800,57700,55800,56800,25223,0.019748653500897717
2022-05-23,57100,58400,55800,56100,31969,-0.01232394366197187
2022-05-24,56100,56400,55100,55100,27047,-0.017825311942959
2022-05-25,55800,56600,55300,56100,17524,0.01814882032667886
2022-05-26,55700,56600,55300,55400,17731,-0.012477718360071277
2022-05-27,56100,56300,55700,56300,14231,0.016245487364620947
2022-05-30,56700,57300,54900,55200,35381,-0.019538188277087087
2022-05-31,55200,55600,55000,55000,16246,-0.0036231884057971175
2022-06-02,54600,55200,54100,54600,15256,-0.0072727272727273196
2022-06-03,55300,55400,54600,55200,16397,0.01098901098901095
2022-06-07,55100,55100,54300,54400,13986,-0.01449275362318836
2022-06-08,54400,55000,54100,54400,12327,0.0
2022-06-09,53700,54300,53500,54200,24641,-0.003676470588235281
2022-06-10,53600,54200,52100,53300,28041,-0.016605166051660514
2022-06-13,51800,53100,51600,51800,45092,-0.02814258911819889
2022-06-14,50800,52600,50800,51900,26873,0.0019305019305020377
2022-06-15,52400,52600,50500,51300,26711,-0.011560693641618491
2022-06-16,51600,53200,50500,50500,20255,-0.015594541910331383
2022-06-17,49500,52600,49500,52000,23541,0.02970297029702973
2022-06-20,51600,52900,49750,49850,27947,-0.04134615384615381
2022-06-21,50900,50900,50000,50700,17177,0.01705115346038122
2022-06-22,51000,51400,49700,49700,22464,-0.01972386587771202
2022-06-23,49700,50700,49450,50200,33419,0.010060362173038184
2022-06-24,49800,52800,49800,52400,26073,0.043824701195219085
2022-06-27,52600,53300,51800,52900,15570,0.009541984732824416
2022-06-28,52900,54400,52700,54400,26882,0.02835538752362954
2022-06-29,54000,55400,53400,54000,23453,-0.007352941176470562
2022-06-30,54000,54800,53300,54000,16122,0.0
2022-07-01,55000,55000,53000,54600,25499,0.011111111111111072
2022-07-04,55400,55400,53000,53200,20125,-0.02564102564102566
2022-07-05,54200,54900,53400,53800,17550,0.011278195488721776
2022-07-06,54300,54400,52100,52100,22627,-0.03159851301115246
2022-07-07,53000,53200,52000,52900,12989,0.015355086372360827
2022-07-08,53200,53700,51900,51900,19847,-0.018903591682419618
2022-07-11,51800,51900,49950,50000,36223,-0.036608863198458574
2022-07-12,49950,51000,49200,50800,23849,0.016000000000000014
2022-07-13,50800,51400,50100,51000,9693,0.003937007874015741
2022-07-14,51000,52000,50200,51200,18139,0.0039215686274509665
2022-07-15,51500,53300,50400,52500,28420,0.025390625
2022-07-18,53200,53200,51700,52200,22790,-0.005714285714285672
2022-07-19,52000,53200,51600,52200,10308,0.0
2022-07-20,52300,52900,52100,52800,11422,0.011494252873563315
2022-07-21,52300,53100,52000,52500,14324,-0.005681818181818232
2022-07-22,52200,54700,52200,53900,35556,0.026666666666666616
2022-07-25,53900,56200,53600,56200,47267,0.042671614100185495
2022-07-26,56300,56800,55200,55400,18450,-0.014234875444839812
2022-07-27,55300,55400,54500,54700,13102,-0.012635379061371799
2022-07-28,54900,56400,54900,55500,20534,0.014625228519195677
2022-07-29,56200,56500,54200,54400,22157,-0.01981981981981984
2022-08-01,54400,55400,54000,55300,11647,0.016544117647058876
2022-08-02,54600,55000,53700,54500,15441,-0.01446654611211573
2022-08-03,54000,58300,54000,57600,83723,0.05688073394495419
2022-08-04,58400,59800,57200,58500,91580,0.015625
2022-08-05,58900,58900,57100,57100,29311,-0.023931623931623958
2022-08-08,57200,57500,56500,57300,24896,0.003502626970227629
2022-08-09,57100,57900,56300,56400,27998,-0.015706806282722474
2022-08-10,56600,57100,56100,56400,18454,0.0
2022-08-11,56500,58300,56500,57900,34965,0.02659574468085113
2022-08-12,57900,59300,57200,58500,27783,0.010362694300518172
2022-08-16,58500,60000,58200,59800,50932,0.022222222222222143
2022-08-17,60000,60400,58400,58700,27300,-0.018394648829431426
2022-08-18,58700,59000,57700,58200,13695,-0.008517887563884163
2022-08-19,58600,58700,57500,57900,15285,-0.005154639175257714
2022-08-22,56800,57700,56700,56900,10929,-0.01727115716753025
2022-08-23,56000,56800,55700,55800,13990,-0.019332161687170446
2022-08-24,55800,56700,55300,56600,13943,0.014336917562723928
2022-08-25,56600,57000,56200,56700,9568,0.0017667844522968323
2022-08-26,56600,56900,55600,55600,14127,-0.01940035273368612
2022-08-29,54400,54800,53200,54200,15767,-0.025179856115107868
2022-08-30,53800,55300,53800,54500,6455,0.005535055350553542
2022-08-31,54300,54800,53500,54100,9278,-0.007339449541284404
2022-09-01,53700,54000,50500,51000,65290,-0.05730129390018479
2022-09-02,51000,52000,50700,50900,21169,-0.0019607843137254832
2022-09-05,50600,51600,50200,51200,13857,0.005893909626718985
2022-09-06,51600,51800,50800,51100,9264,-0.001953125
2022-09-07,51100,51100,50300,50700,13286,-0.007827788649706457
2022-09-08,51500,51500,50700,51000,9951,0.00591715976331364
2022-09-13,51400,52900,51400,52900,14511,0.0372549019607844
2022-09-14,51000,51900,51000,51500,16080,-0.026465028355387554
2022-09-15,52400,52400,51100,51600,9155,0.001941747572815622
2022-09-16,50900,51600,50700,50700,10863,-0.01744186046511631
2022-09-19,50700,51300,50100,50700,10489,0.0
2022-09-20,51300,51300,50100,50500,11470,-0.0039447731755424265
2022-09-21,49800,50800,49800,50800,17467,0.005940594059405946
2022-09-22,49650,50600,49650,50000,13803,-0.015748031496062964
2022-09-23,50100,50500,48600,48700,20944,-0.026000000000000023
2022-09-26,48600,49100,44950,45300,35111,-0.06981519507186862
2022-09-27,45100,46900,45000,46200,19599,0.019867549668874274
2022-09-28,45650,46450,44300,44950,20622,-0.02705627705627711
2022-09-29,45150,46350,44450,44450,13580,-0.011123470522803158
2022-09-30,43500,46650,43500,45800,26321,0.030371203599550034
2022-10-04,45900,47100,44900,46700,11984,0.01965065502183405
2022-10-05,46700,46850,45100,45200,15200,-0.032119914346895095
2022-10-06,45400,47050,45400,47050,10761,0.04092920353982299
2022-10-07,46350,48050,46250,47450,9461,0.008501594048884176
2022-10-11,47000,47450,44100,44750,15606,-0.05690200210748153
2022-10-12,44050,45100,43750,44950,8958,0.004469273743016755
2022-10-13,44600,45300,43000,43000,17613,-0.04338153503893216
2022-10-14,44000,44750,43600,44750,10985,0.04069767441860472
2022-10-17,44200,44750,43200,43400,12388,-0.030167597765363152
2022-10-18,44000,44250,42700,43850,11328,0.010368663594469973
2022-10-19,43900,45150,43650,44100,11554,0.005701254275940704
2022-10-20,43750,45000,43700,44800,13019,0.015873015873015817
2022-10-21,44800,45100,44000,44650,8267,-0.0033482142857143016
2022-10-24,44750,46250,44750,45750,8893,0.024636058230683044
2022-10-25,46050,46100,44500,45150,10099,-0.013114754098360604
2022-10-26,44800,45300,44550,44950,6287,-0.0044296788482834915
2022-10-27,45600,46200,45000,46050,12048,0.024471635150166815
2022-10-28,46050,46650,45800,46000,8959,-0.0010857763300760048
2022-10-31,46050,46900,45950,45950,7219,-0.0010869565217391797
2022-11-01,46400,46400,45600,46350,5744,0.008705114254624613
2022-11-02,46000,46600,45700,46000,9499,-0.007551240560949246
2022-11-03,45550,47050,44600,46850,23779,0.018478260869565277
2022-11-04,46900,47650,46400,47350,9053,0.01067235859124871
2022-11-07,47100,48300,46950,47450,12012,0.002111932418162654
2022-11-08,48000,48000,46600,46850,16343,-0.012644889357218081
2022-11-09,47900,47900,46550,46600,9607,-0.005336179295624355
2022-11-10,46400,47000,45950,46200,10078,-0.008583690987124415
2022-11-11,47050,47650,46600,47400,16343,0.025974025974025983
2022-11-14,47550,48650,47550,47850,12388,0.009493670886076
2022-11-15,48500,48500,47800,48100,7544,0.0052246603970742544
2022-11-16,48500,49850,46950,48500,16497,0.008316008316008316
2022-11-17,49450,51100,47850,50700,33952,0.0453608247422681
2022-11-18,50700,50800,49150,49550,17184,-0.02268244575936884
2022-11-21,49600,49950,48600,48900,19557,-0.013118062563067578
2022-11-22,48900,48950,47100,47150,15389,-0.03578732106339466
2022-11-23,47300,47300,46350,47100,18858,-0.0010604453870625141
2022-11-24,47200,47400,46750,46800,10066,-0.006369426751592355
2022-11-25,46800,48300,46650,47850,13823,0.022435897435897356
2022-11-28,47800,52600,47400,52600,86286,0.09926854754440972
2022-11-29,52600,53100,51600,52200,48582,-0.0076045627376425395
2022-11-30,52500,53200,50700,50700,38923,-0.028735632183908066
2022-12-01,51600,51900,50300,50500,26326,-0.0039447731755424265
2022-12-02,50500,50500,48750,48800,29072,-0.03366336633663369
2022-12-05,48850,49400,48700,48800,15466,0.0
2022-12-06,48650,48950,47800,48650,17942,-0.0030737704918032405
2022-12-07,48350,48450,47900,48100,10836,-0.01130524152106882
2022-12-08,48100,48400,47100,48400,19547,0.006237006237006293
2022-12-09,48900,48950,46650,46900,22765,-0.030991735537190035
2022-12-12,46650,48000,46650,47200,15960,0.006396588486140775
2022-12-13,47400,48100,45300,45650,32104,-0.032838983050847426
2022-12-14,46150,46150,45200,45800,27260,0.0032858707557503752
2022-12-15,45950,46150,45300,45500,19464,-0.0065502183406113135
2022-12-16,45000,45300,44400,44400,24401,-0.0241758241758242
2022-12-19,44400,45650,44000,45400,11392,0.022522522522522515
2022-12-20,45000,45850,44400,45000,24782,-0.008810572687224627
2022-12-21,45400,45400,44600,44850,15726,-0.0033333333333332993
2022-12-22,45100,45400,44550,44900,16068,0.0011148272017837968
2022-12-23,44600,44600,42300,42550,42720,-0.0523385300668151
2022-12-26,42150,42900,42100,42250,27508,-0.007050528789659172
2022-12-27,42250,43300,42150,43000,29992,0.01775147928994092
2022-12-28,42400,42700,42000,42600,16496,-0.009302325581395321
2022-12-29,41950,42150,40450,40600,32130,-0.04694835680751175
2023-01-02,40400,40600,38500,38750,29400,-0.04556650246305416
2023-01-03,38350,39250,37150,39250,33172,0.012903225806451646
2023-01-04,38950,40300,38250,40000,14658,0.019108280254777066
2023-01-05,40050,40400,38850,38850,17118,-0.028750000000000053
2023-01-06,38500,39500,38350,38900,16178,0.0012870012870012104
2023-01-09,39400,40150,38750,40000,22579,0.028277634961439535
2023-01-10,40000,40550,39650,40300,18443,0.007500000000000062
2023-01-11,40300,40500,39900,40250,13679,-0.001240694789081842
2023-01-12,40350,40600,40100,40300,12937,0.001242236024844745
2023-01-13,40700,41350,40250,40250,15667,-0.001240694789081842
2023-01-16,40350,42350,39800,41700,27818,0.03602484472049694
2023-01-17,41750,41850,41000,41100,16722,-0.014388489208633115
2023-01-18,41100,41700,40550,40700,20604,-0.009732360097323589
2023-01-19,40700,41400,40250,41000,11358,0.0073710073710073765
2023-01-20,40600,41250,40600,41150,11390,0.003658536585365857
2023-01-25,41150,41650,40900,41150,16253,0.0
2023-01-26,41150,42100,41050,41750,16943,0.014580801944106936
2023-01-27,42100,42200,41400,41950,16070,0.004790419161676551
2023-01-30,42300,42850,41800,41800,19363,-0.0035756853396901045
2023-01-31,42500,44200,42400,43750,59326,0.046650717703349276
2023-02-01,44200,44200,42800,42950,26637,-0.01828571428571424
2023-02-02,43450,43550,42600,42650,24735,-0.006984866123399325
2023-02-03,42600,43250,42450,43000,17087,0.008206330597889888
2023-02-06,43000,43250,42100,43250,18020,0.005813953488372103
2023-02-07,42900,44100,42900,43600,25105,0.008092485549132888
2023-02-08,43600,43750,43050,43050,22007,-0.012614678899082521
2023-02-09,42900,43450,42700,43250,20643,0.004645760743321681
2023-02-10,44150,44400,43050,43350,29103,0.0023121387283238093
2023-02-13,43100,43100,42100,42100,23171,-0.028835063437139596
2023-02-14,42250,42600,41800,42100,20088,0.0
2023-02-15,42150,42700,40400,40600,30264,-0.03562945368171022
2023-02-16,40800,41700,40450,41650,21358,0.02586206896551735
2023-02-17,41050,41550,40500,40650,22794,-0.02400960384153661
2023-02-20,40650,41550,40100,41250,23099,0.014760147601476037
2023-02-21,41250,41450,40650,40850,14632,-0.009696969696969648
2023-02-22,40200,40400,39500,39700,35452,-0.028151774785801664
2023-02-23,39700,40100,39450,39850,16339,0.0037783375314861534
2023-02-24,39600,39900,38250,38550,54365,-0.03262233375156842
2023-02-27,38400,39800,37400,39700,59249,0.0298313878080414
2023-02-28,39900,40250,39450,39600,24900,-0.0025188916876573986
2023-03-02,39800,40450,38200,38550,87208,-0.02651515151515149
2023-03-03,38600,42450,38600,42450,154366,0.10116731517509736
2023-03-06,45200,45300,42750,43300,199791,0.020023557126030544
2023-03-07,43300,43800,41950,41950,96102,-0.03117782909930711
2023-03-08,41800,42150,40450,40750,68510,-0.028605482717520836
2023-03-09,40800,40800,38800,39400,91584,-0.03312883435582825
2023-03-10,38500,40250,38500,39700,47159,0.0076142131979695105
2023-03-13,39350,39900,38600,39400,37055,-0.007556675062972307
2023-03-14,39350,39350,37850,37950,41808,-0.03680203045685282
2023-03-15,38900,42400,38250,42250,135689,0.1133069828722002
2023-03-16,41600,43300,40700,41150,91488,-0.026035502958579926
2023-03-17,41550,41600,39300,39300,58066,-0.04495747266099637
2023-03-20,39350,39900,38900,39550,49666,0.006361323155216203
2023-03-21,39700,43300,39700,42900,171122,0.08470290771175737
2023-03-22,43800,43800,42000,42950,115761,0.0011655011655011815
2023-03-23,42800,45100,42200,43350,187828,0.0093131548311991
2023-03-24,44000,44000,41600,41850,76494,-0.03460207612456745
2023-03-27,42750,44800,42750,43550,149344,0.04062126642771813
2023-03-28,43600,44700,42700,43050,89159,-0.01148105625717566
2023-03-29,43300,45100,43150,45050,122779,0.04645760743321725
2023-03-30,45250,45800,43200,43350,122645,-0.037735849056603765
2023-03-31,43900,44650,42700,42750,71560,-0.01384083044982698
2023-04-03,43150,43150,42100,42200,47997,-0.012865497076023358
2023-04-04,42000,42550,40550,41500,100876,-0.016587677725118488
2023-04-05,41500,41950,40700,41600,56174,0.002409638554216942
2023-04-06,42000,48000,41850,47850,961946,0.15024038461538458
2023-04-07,46550,47600,45150,47150,271269,-0.014629049111807735
2023-04-10,47400,50600,46800,46850,391018,-0.006362672322375418
2023-04-11,47900,50800,46300,47200,265813,0.007470651013874008
2023-04-12,47600,48350,45350,45450,179670,-0.037076271186440635
2023-04-13,45500,46600,44200,45650,106658,0.004400440044004306
2023-04-14,46350,50000,46350,48850,258883,0.07009857612267245
2023-04-17,50700,59200,50500,55700,896208,0.1402251791197544
2023-04-18,55700,57200,53600,54200,391278,-0.026929982046678624
2023-04-19,54200,54200,51700,52300,246987,-0.035055350553505504
2023-04-20,51700,52600,49500,49800,217318,-0.04780114722753348
2023-04-21,49150,49900,46850,47450,203683,-0.04718875502008035
2023-04-24,47300,47550,45250,45750,142046,-0.035827186512118026
2023-04-25,46000,46050,43750,44250,136485,-0.032786885245901676
2023-04-26,44450,44500,43500,43800,90539,-0.01016949152542368
2023-04-27,43950,44300,42900,44300,84239,0.011415525114155223
2023-04-28,45250,45250,42500,42900,128885,-0.03160270880361171
2023-05-02,42900,43450,42250,43400,63238,0.011655011655011593
2023-05-03,43500,43500,42000,42200,70126,-0.027649769585253448
2023-05-04,43000,44250,42200,42650,114338,0.010663507109004655
2023-05-08,43700,44850,43250,43800,80796,0.02696365767878084
2023-05-09,43400,43500,41650,42050,95382,-0.03995433789954339
2023-05-10,42250,42250,40900,41250,76857,-0.019024970273483932
2023-05-11,41050,41700,41050,41350,51965,0.00242424242424244
2023-05-12,41300,41850,40700,40900,55510,-0.010882708585247869
2023-05-15,40900,40900,39750,40900,57102,0.0
2023-05-16,40650,41150,40150,40800,47385,-0.0024449877750610804
2023-05-17,40600,41600,40150,41400,45695,0.014705882352941124
2023-05-18,41550,41800,41300,41550,43259,0.0036231884057971175
2023-05-19,41550,41850,40550,40850,51027,-0.016847172081829176
2023-05-22,40900,41400,40700,41300,35380,0.01101591187270512
2023-05-23,41400,42500,41400,41600,64041,0.007263922518159882
2023-05-24,41600,42100,41000,42100,59790,0.012019230769230838
2023-05-25,41800,41800,40500,40700,81767,-0.0332541567695962
2023-05-26,40500,40600,39750,39850,74584,-0.020884520884520863
2023-05-30,40100,40250,39650,40050,40072,0.005018820577164407
2023-05-31,39800,40400,39700,40400,32132,0.008739076154806513
2023-06-01,40300,40550,39950,39950,29499,-0.011138613861386149
2023-06-02,40050,40750,39800,40700,43461,0.018773466833541974
2023-06-05,40800,41450,40700,40850,45709,0.0036855036855036882
2023-06-07,41000,41350,40500,40900,56351,0.001223990208078396
2023-06-08,40800,40900,39900,40200,72218,-0.017114914425427896
2023-06-09,40250,41650,40250,41250,79963,0.026119402985074647
2023-06-12,41000,42800,40750,41800,117890,0.01333333333333342
2023-06-13,42100,42600,41300,41700,77763,-0.0023923444976076125
2023-06-14,42000,42800,41200,41350,95905,-0.008393285371702586
2023-06-15,41350,42300,40450,40750,80498,-0.0145102781136639
2023-06-16,41000,41100,40600,40900,38982,0.0036809815950920033
2023-06-19,40650,41000,40100,40700,47832,-0.004889975550122272
2023-06-20,40700,40800,40100,40300,42957,-0.009828009828009798
2023-06-21,40350,40350,39600,39650,73322,-0.016129032258064502
2023-06-22,39600,39650,38150,38550,112223,-0.02774274905422447
2023-06-23,38600,38900,37550,37600,81441,-0.024643320363164745
2023-06-26,37550,37600,36500,37250,82054,-0.009308510638297851
2023-06-27,37000,38050,36600,38000,57196,0.020134228187919545
2023-06-28,38150,40300,37800,38050,116395,0.001315789473684159
2023-06-29,37900,38450,37000,37150,63375,-0.023653088042049908
2023-06-30,37100,37300,36650,37100,40648,-0.0013458950201884479
2023-07-03,37100,38250,37100,37700,49089,0.016172506738544534
2023-07-04,38000,38000,36650,36800,70822,-0.023872679045092826
2023-07-05,36850,37850,36250,37400,107081,0.016304347826086918
2023-07-06,37250,37250,35800,35800,116957,-0.04278074866310155
2023-07-07,35750,35950,35000,35450,56981,-0.009776536312849138
2023-07-10,35100,36850,35100,36350,51054,0.02538787023977429
2023-07-11,36000,36950,36000,36400,37566,0.0013755158184318717
2023-07-12,36350,37300,36350,36750,42746,0.009615384615384581
2023-07-13,37000,37250,36550,36650,53246,-0.0027210884353741083
2023-07-14,36650,37150,36050,37000,54759,0.009549795361528002
2023-07-17,37000,37500,36600,37400,53430,0.0108108108108107
2023-07-18,37400,37950,36800,37600,70997,0.005347593582887722
2023-07-19,37750,37800,36800,36800,46447,-0.021276595744680882
2023-07-20,37300,39850,36850,38850,171207,0.05570652173913038
2023-07-21,39000,40900,38350,39700,164130,0.02187902187902191
2023-07-24,39700,40450,38900,39800,125700,0.0025188916876575096
2023-07-25,39600,40550,39050,39950,108909,0.0037688442211054607
2023-07-26,41600,43500,39850,40500,591953,0.013767209011264159
2023-07-27,41000,41100,37850,38100,202097,-0.059259259259259234
2023-07-28,37550,39700,37300,39600,84325,0.03937007874015741
2023-07-31,39300,43000,39300,42100,212218,0.06313131313131315
2023-08-01,42150,42400,40100,40600,112590,-0.03562945368171022
2023-08-02,40300,40850,39050,39650,105893,-0.023399014778325178
2023-08-03,39650,39800,38500,39000,77107,-0.016393442622950838
2023-08-04,38750,39500,38300,39000,47914,0.0
2023-08-07,38550,38600,37000,37400,88943,-0.04102564102564099
2023-08-08,37700,38000,36500,36700,82097,-0.018716577540106916
2023-08-09,36450,37100,36350,36850,44354,0.004087193460490468
2023-08-10,36500,37100,36500,37000,29843,0.004070556309362372
2023-08-11,37000,37300,36800,37050,23815,0.0013513513513514486
2023-08-14,37150,37150,36000,36500,53999,-0.014844804318488558
2023-08-16,36300,36300,35150,35150,62126,-0.03698630136986303
2023-08-17,35000,35200,34100,35150,73567,0.0
2023-08-18,34800,34850,33850,33850,62992,-0.0369843527738265
2023-08-21,33950,34800,33800,34350,36206,0.01477104874446078
2023-08-22,34400,34800,34200,34500,26882,0.004366812227074135
2023-08-23,34500,34600,33700,33950,33818,-0.01594202898550723
2023-08-24,34350,34350,33800,33950,31201,0.0
2023-08-25,33700,34050,33550,33800,19610,-0.004418262150220897
2023-08-28,33700,34600,33700,34550,28654,0.022189349112426093
2023-08-29,34550,35200,34550,34800,18621,0.00723589001447178
2023-08-30,35100,35350,34550,34700,25624,-0.002873563218390829
2023-08-31,34800,35550,34500,34850,27419,0.004322766570605152
2023-09-01,34600,34900,33900,33950,36455,-0.02582496413199431
2023-09-04,34050,35150,34000,35000,28447,0.030927835051546282
2023-09-05,34750,35200,34350,34700,30492,-0.008571428571428563
2023-09-06,34700,34800,34200,34550,24334,-0.004322766570605152
2023-09-07,34150,34250,33650,33700,37600,-0.02460202604920403
2023-09-08,33600,33900,33500,33900,20375,0.005934718100890191
2023-09-11,33650,33900,32300,32350,95292,-0.04572271386430682
2023-09-12,32450,32650,31300,32000,68233,-0.010819165378670781
2023-09-13,31600,32550,31600,32350,31701,0.010937500000000044
2023-09-14,32400,32700,32100,32700,21742,0.010819165378670892
2023-09-15,32900,33250,32550,32950,27499,0.007645259938837912
2023-09-18,32900,33100,32300,33100,19201,0.004552352048558417
2023-09-19,33100,33100,31700,31700,37458,-0.04229607250755285
2023-09-20,31750,31950,30950,31950,40951,0.007886435331230235
2023-09-21,31700,31700,31000,31000,28213,-0.029733959311424085
2023-09-22,30800,31200,30450,31050,21531,0.001612903225806539
2023-09-25,30450,31000,30000,30000,33372,-0.033816425120772986
2023-09-26,29950,30500,29900,30050,22489,0.0016666666666667052
2023-09-27,29900,30200,29000,30000,32096,-0.0016638935108153063
2023-10-04,29200,29450,28750,28950,34485,-0.03500000000000003
2023-10-05,28900,29500,28800,29000,21486,0.0017271157167531026
2023-10-06,29200,30400,29100,30350,29531,0.04655172413793096
2023-10-10,30300,30950,29700,29900,30780,-0.014827018121911006
2023-10-11,29850,31150,29850,31000,24353,0.03678929765886285
2023-10-12,31300,31950,30900,31900,22235,0.029032258064516148
2023-10-13,31850,31950,31300,31450,13029,-0.014106583072100332
2023-10-16,31450,31650,30800,31300,10761,-0.004769475357710662
2023-10-17,31500,32250,31500,31750,15993,0.01437699680511173
2023-10-18,31750,32250,31650,31650,11039,-0.0031496062992125706
2023-10-19,31450,31550,30700,30750,9177,-0.028436018957345932
2023-10-20,30450,31500,29500,30300,31598,-0.014634146341463428
2023-10-23,29550,30700,29500,30400,12111,0.0033003300330032292
2023-10-24,30750,30800,29350,30250,17428,-0.004934210526315819
2023-10-25,30600,30600,29650,29650,8979,-0.01983471074380161
2023-10-26,29100,29550,28100,28250,35535,-0.04721753794266437
2023-10-27,28300,30250,28300,29550,28856,0.046017699115044275
2023-10-30,29600,29900,29200,29350,10397,-0.006768189509306244
2023-10-31,29400,29550,28000,28300,29250,-0.035775127768313486
2023-11-01,28300,28650,27600,27750,27394,-0.019434628975265045
2023-11-02,28000,29050,28000,29050,19661,0.04684684684684681
2023-11-03,29500,29950,29000,29800,12563,0.025817555938037806
2023-11-06,30650,31950,30400,31950,34456,0.07214765100671139
2023-11-07,31700,31900,30500,31250,19124,-0.021909233176838794
2023-11-08,31600,32050,31000,31050,11082,-0.006399999999999961
2023-11-09,31050,31500,30350,30850,13866,-0.006441223832528209
2023-11-10,29900,30400,29700,29700,10913,-0.037277147487844386
2023-11-13,29700,30350,29700,29950,9702,0.008417508417508435
2023-11-14,29900,31300,29900,30950,14302,0.03338898163606019
2023-11-15,31750,31950,30950,30950,21706,0.0
2023-11-16,31000,31400,30850,30900,9044,-0.001615508885298822
2023-11-17,30900,31300,30500,31100,8647,0.006472491909385036
2023-11-20,31150,31550,30750,31150,12552,0.001607717041800738
2023-11-21,31550,32000,31000,31550,18157,0.01284109149277679
2023-11-22,31400,32000,31400,31850,8465,0.009508716323296307
2023-11-23,31900,32450,31450,31700,17105,-0.004709576138147598
2023-11-24,32000,32000,31550,31850,5480,0.004731861198738141
2023-11-27,32400,32400,31400,31750,13087,-0.0031397174254317317
2023-11-28,32050,32050,31150,31600,11464,-0.0047244094488189115
2023-11-29,31300,31850,31000,31700,14151,0.0031645569620253333
2023-11-30,31700,34500,31700,34000,129058,0.0725552050473186
2023-12-01,34200,34300,33100,33250,56464,-0.022058823529411797
2023-12-04,33300,33850,32850,32850,19013,-0.012030075187969946
2023-12-05,32700,34800,32550,34200,70424,0.041095890410958846
2023-12-06,34450,34550,33400,33400,24213,-0.023391812865497075
2023-12-07,33100,35100,33000,34450,29255,0.0314371257485031
2023-12-08,35100,35100,34400,34850,29222,0.011611030478954953
2023-12-11,34750,35050,34000,34200,20736,-0.0186513629842181
2023-12-12,34000,34650,34000,34000,16266,-0.005847953216374324
2023-12-13,34400,34450,33250,33350,14957,-0.019117647058823573
2023-12-14,33600,34050,33050,33050,32218,-0.008995502248875575
2023-12-15,33150,34400,33150,34300,29410,0.03782148260211793
2023-12-18,34000,34250,33300,33350,17918,-0.0276967930029155
2023-12-19,34000,35100,33700,34500,42114,0.034482758620689724
2023-12-20,34900,35100,34500,35100,34467,0.017391304347825987
2023-12-21,34550,35100,34550,34600,26243,-0.014245014245014231
2023-12-22,35050,35050,34050,34100,33557,-0.014450867052023142
2023-12-26,34100,35050,34000,34500,25052,0.011730205278592365
2023-12-27,34500,34950,34250,34700,14471,0.005797101449275255
2023-12-28,34700,34900,34300,34500,16155,-0.0057636887608069065
2024-01-02,34150,34800,34150,34300,18305,-0.005797101449275366
2024-01-03,34300,34300,33400,33750,17636,-0.01603498542274051
2024-01-04,33750,33850,33050,33050,17759,-0.020740740740740726
2024-01-05,32950,33950,32950,33600,12180,0.016641452344931862
2024-01-08,34000,34050,33200,33300,16591,-0.008928571428571397
2024-01-09,33950,34050,32900,33200,33462,-0.0030030030030030463
2024-01-10,33450,33800,33000,33300,17713,0.003012048192771122
2024-01-11,33700,33700,33200,33200,14491,-0.0030030030030030463
2024-01-12,32900,33350,32600,32950,13095,-0.0075301204819276935
2024-01-15,32950,33300,32750,32800,11082,-0.004552352048558417
2024-01-16,32450,34500,32200,34300,52910,0.0457317073170731
2024-01-17,34250,34250,33000,33000,24290,-0.03790087463556846
2024-01-18,33150,34150,33150,33850,21155,0.025757575757575868
2024-01-19,33750,34800,33750,34050,33829,0.005908419497784312
2024-01-22,34250,34250,32350,32350,34276,-0.04992657856093985
2024-01-23,32900,33450,32250,32700,26953,0.010819165378670892
2024-01-24,32550,33300,32200,32200,17633,-0.015290519877675823
2024-01-25,32500,32500,30350,30850,30525,-0.04192546583850931
2024-01-26,30450,31500,30350,31100,13846,0.008103727714748876
2024-01-29,31050,31850,30950,31400,19807,0.009646302250803762
2024-01-30,31400,31900,31100,31350,15101,-0.0015923566878981443
2024-01-31,31000,31600,30800,30800,19415,-0.01754385964912286
2024-02-01,30350,31500,30050,31150,25261,0.011363636363636465
2024-02-02,31050,32200,31050,32000,24593,0.02728731942215079
2024-02-05,31800,32350,31000,32100,42210,0.0031250000000000444
2024-02-06,31550,32800,31550,32050,19335,-0.0015576323987538387
2024-02-07,32100,33350,32100,32150,22194,0.0031201248049921304
2024-02-08,32350,32900,32350,32750,14295,0.018662519440124425
2024-02-13,33250,33300,32700,33000,20168,0.007633587786259444
2024-02-14,32600,32850,32100,32600,22363,-0.012121212121212088
2024-02-15,33000,33000,32300,32350,12243,-0.0076687116564416735
2024-02-16,32950,35500,32900,34700,146168,0.07264296754250377
2024-02-19,35150,37750,34550,37600,191746,0.0835734870317002
2024-02-20,38100,38600,37300,38100,121060,0.013297872340425565
2024-02-21,38000,39200,37300,38400,120708,0.007874015748031482
2024-02-22,38650,38700,37000,37150,78533,-0.03255208333333337
2024-02-23,37150,37250,36600,37150,43331,0.0
2024-02-26,36600,36800,35300,36100,71747,-0.02826379542395696
2024-02-27,35600,36250,35200,35350,30139,-0.020775623268698085
2024-02-28,35400,35900,34950,35100,21621,-0.007072135785007094
2024-02-29,35150,35150,34500,34550,30581,-0.015669515669515688
2024-03-04,35150,36350,35000,35550,40696,0.02894356005788712
2024-03-05,35150,36300,35000,35100,29121,-0.012658227848101222
2024-03-06,34700,36450,34700,35300,24650,0.005698005698005604
2024-03-07,36000,45850,35300,41600,1817855,0.178470254957507
2024-03-08,42950,44850,41350,43400,651499,0.04326923076923084
2024-03-11,42800,42950,40100,41250,353585,-0.04953917050691248
2024-03-12,41200,46900,41200,44850,659778,0.08727272727272717
2024-03-13,47000,48450,43650,43650,313877,-0.026755852842809347
2024-03-14,45900,45950,43800,43800,217722,0.0034364261168384758
2024-03-15,43500,44050,41850,43050,161260,-0.017123287671232834
2024-03-18,44300,48000,44250,46500,422523,0.08013937282229966
2024-03-19,47550,49050,45750,47950,270801,0.031182795698924792
2024-03-20,47950,50700,47400,48800,257785,0.01772679874869665
2024-03-21,49050,52200,49050,50700,231669,0.03893442622950816
2024-03-22,51900,52100,47250,47600,231716,-0.06114398422090728
2024-03-25,47300,48000,45200,46150,208511,-0.030462184873949583
2024-03-26,46450,48000,45550,46050,161103,-0.0021668472372697867
2024-03-27,46050,47200,43900,44400,200781,-0.03583061889250816
2024-03-28,45100,45350,43400,44400,128742,0.0
2024-03-29,44250,45050,42450,43000,152820,-0.03153153153153154
2024-04-01,43000,43100,42000,42600,110015,-0.009302325581395321
2024-04-02,45000,45900,42150,42450,347504,-0.0035211267605633756
2024-04-03,41300,43700,41050,43550,122909,0.025912838633686652
2024-04-04,43750,44000,42150,42450,83659,-0.025258323765786406
2024-04-05,41650,43500,41000,42300,70603,-0.0035335689045936647
2024-04-08,42100,42100,39500,40500,144888,-0.04255319148936165
2024-04-09,40800,41200,38850,38950,112368,-0.03827160493827164
2024-04-11,38200,39750,38150,39350,64336,0.010269576379974277
2024-04-12,39400,39500,38650,39000,42453,-0.008894536213468918
2024-04-15,38650,38700,37600,38050,55121,-0.024358974358974383
2024-04-16,37600,37700,37100,37500,45772,-0.014454664914586024
2024-04-17,37500,39000,37500,38050,49750,0.014666666666666606
2024-04-18,38900,41450,38600,40800,107353,0.07227332457293034
2024-04-19,40300,40700,39450,39800,60496,-0.02450980392156865
2024-04-22,40200,41100,40200,40500,47581,0.017587939698492372
2024-04-23,40500,41350,40300,40500,38912,0.0
2024-04-24,42500,42500,41100,41900,81278,0.03456790123456788
2024-04-25,41800,42500,41200,41250,57458,-0.015513126491646823
2024-04-26,41350,41750,40300,40300,46275,-0.023030303030303068
2024-04-29,40300,42750,40100,42400,66216,0.05210918114143914
2024-04-30,43150,43400,41650,43000,88975,0.014150943396226356
2024-05-02,42800,43600,42100,42200,58584,-0.018604651162790753
2024-05-03,42250,42900,41600,41900,28463,-0.007109004739336511
