Date,Open,High,Low,Close,Volume,Change
2022-01-03,56000,57900,55000,57100,350919,0.023297491039426577
2022-01-04,56800,57300,55200,55200,294448,-0.03327495621716292
2022-01-05,54600,54700,52600,52600,334595,-0.047101449275362306
2022-01-06,51200,52500,50600,50700,293827,-0.03612167300380231
2022-01-07,50700,52300,50700,51000,156702,0.00591715976331364
2022-01-10,51100,51500,49250,49600,241059,-0.027450980392156876
2022-01-11,49550,50500,48600,49350,194810,-0.005040322580645129
2022-01-12,50300,53800,50200,52900,460475,0.07193515704154008
2022-01-13,52300,52400,49000,50100,522167,-0.052930056710775
2022-01-14,49250,52000,49000,51000,295083,0.017964071856287456
2022-01-17,50700,51400,50100,50700,144388,-0.00588235294117645
2022-01-18,51000,52200,49650,49700,177647,-0.01972386587771202
2022-01-19,49050,50800,48950,49750,133581,0.001006036217303885
2022-01-20,49800,51300,49800,50700,116377,0.019095477386934734
2022-01-21,50000,50900,49050,49800,168618,-0.017751479289940808
2022-01-24,49000,49750,47550,47600,238418,-0.04417670682730923
2022-01-25,47950,48100,46350,47300,231882,-0.006302521008403339
2022-01-26,47250,48000,46800,47100,164742,-0.0042283298097252064
2022-01-27,47250,47250,43200,43200,335470,-0.08280254777070062
2022-01-28,43200,44850,43200,44850,259391,0.03819444444444442
2022-02-03,45450,46850,45000,46000,194197,0.02564102564102555
2022-02-04,45800,46200,44700,44950,157382,-0.022826086956521774
2022-02-07,45300,45500,42900,43500,241372,-0.032258064516129004
2022-02-08,43800,44800,43450,43800,172838,0.006896551724137945
2022-02-09,44350,45100,43800,44450,130496,0.014840182648401923
2022-02-10,44900,46400,43400,44300,295517,-0.003374578177727794
2022-02-11,43400,43700,41500,41800,323365,-0.05643340857787815
2022-02-14,40800,41500,39950,40600,242826,-0.028708133971291905
2022-02-15,40400,41650,40100,40200,145517,-0.009852216748768461
2022-02-16,41300,43900,41100,43900,259062,0.09203980099502496
2022-02-17,43950,44100,41800,42450,204138,-0.03302961275626426
2022-02-18,41650,43150,41400,42800,108046,0.008244994110718551
2022-02-21,41800,43200,41700,43150,80605,0.008177570093457875
2022-02-22,41950,42750,41750,42450,111340,-0.016222479721900385
2022-02-23,43050,43950,42450,43200,153481,0.0176678445229681
2022-02-24,42500,42550,41050,41850,185846,-0.03125
2022-02-25,42700,43550,42400,42950,146856,0.02628434886499398
2022-02-28,42200,43900,42200,43900,109124,0.022118742724097862
2022-03-02,44050,44750,43450,44300,107082,0.009111617312072884
2022-03-03,44800,46700,44250,46500,244581,0.04966139954853266
2022-03-04,46000,46500,44500,44500,198246,-0.043010752688172005
2022-03-07,43500,43800,42700,42950,127767,-0.03483146067415732
2022-03-08,42300,45900,42100,44650,276874,0.03958090803259595
2022-03-10,45600,48050,45550,47900,412336,0.07278835386338178
2022-03-11,47800,48600,47300,48100,208502,0.0041753653444676075
2022-03-14,48000,49700,47500,49000,253735,0.018711018711018657
2022-03-15,49000,51400,48600,50500,385963,0.030612244897959107
2022-03-16,50500,50600,48650,50200,288433,-0.005940594059405946
2022-03-17,51600,51800,50400,51000,202512,0.015936254980079667
2022-03-18,51000,51600,50400,51500,138995,0.009803921568627416
2022-03-21,51700,51700,49800,50000,139604,-0.029126213592232997
2022-03-22,49950,51000,49000,50200,250915,0.0040000000000000036
2022-03-23,50200,50500,49000,49400,191819,-0.015936254980079667
2022-03-24,49300,49900,48700,49450,129570,0.0010121457489877805
2022-03-25,49950,50500,49000,49150,139075,-0.006066734074823055
2022-03-28,49150,49150,48050,48050,119872,-0.02238046795523907
2022-03-29,48350,49000,47800,48950,124946,0.018730489073881307
2022-03-30,49150,49200,47650,47900,186134,-0.021450459652706866
2022-03-31,47850,48200,46800,46950,163342,-0.019832985386221247
2022-04-01,46700,47200,45800,46150,154041,-0.017039403620873306
2022-04-04,45750,46950,45100,46950,118933,0.01733477789815807
2022-04-05,47200,48050,46750,47800,133620,0.018104366347177825
2022-04-06,47100,47400,46250,46600,145909,-0.025104602510460206
2022-04-07,46550,49100,46200,46350,223785,-0.005364806866952843
2022-04-08,46500,47000,46300,46500,76306,0.003236245954692629
2022-04-11,46000,46050,42900,43000,366630,-0.07526881720430112
2022-04-12,42500,43500,42000,42650,181065,-0.008139534883720878
2022-04-13,42550,44000,42400,43750,141834,0.02579132473622514
2022-04-14,43650,44750,43150,44350,115626,0.01371428571428579
2022-04-15,43900,44450,43200,43500,109755,-0.01916572717023679
2022-04-18,43500,43800,43150,43500,76479,0.0
2022-04-19,43400,44750,43400,44450,119666,0.02183908045977012
2022-04-20,44300,44350,43650,43800,85032,-0.01462317210348707
2022-04-21,43700,44100,42550,43000,195717,-0.0182648401826484
2022-04-22,42300,43200,42250,43000,107796,0.0
2022-04-25,41850,42400,41000,41350,200957,-0.03837209302325584
2022-04-26,41450,43050,41450,42950,122586,0.038694074969770176
2022-04-27,41650,43500,41650,42350,93928,-0.01396973224679865
2022-04-28,42650,43050,41100,41700,153447,-0.015348288075560768
2022-04-29,41750,43050,41450,43000,122263,0.031175059952038398
2022-05-02,42100,43200,42100,42900,80792,-0.0023255813953488857
2022-05-03,43350,43450,42550,42550,118714,-0.00815850815850816
2022-05-04,42600,42750,41650,41800,86001,-0.01762632197414804
2022-05-06,41400,41550,39850,40150,254280,-0.03947368421052633
2022-05-09,39350,40100,36750,37000,467899,-0.07845579078455789
2022-05-10,35900,36400,34500,34750,463863,-0.060810810810810856
2022-05-11,34750,37300,34650,37200,265521,0.07050359712230225
2022-05-12,36200,36500,35200,35200,173919,-0.053763440860215006
2022-05-13,35200,36750,35200,36200,140970,0.02840909090909083
2022-05-16,37250,38150,36600,36700,127365,0.013812154696132506
2022-05-17,36700,37100,36400,36600,63466,-0.0027247956403270157
2022-05-18,37450,38950,37200,38200,268702,0.04371584699453557
2022-05-19,36950,37500,36750,37000,123518,-0.03141361256544506
2022-05-20,37300,39450,37100,39300,211349,0.06216216216216219
2022-05-23,39700,41850,39000,41100,294564,0.04580152671755733
2022-05-24,40650,41650,40300,40300,130998,-0.019464720194647178
2022-05-25,40300,42000,39850,41000,197224,0.017369727047146455
2022-05-26,41000,42650,40650,40900,192332,-0.0024390243902439046
2022-05-27,41550,42000,40300,40800,81393,-0.0024449877750610804
2022-05-30,41450,42100,40900,41950,139178,0.02818627450980382
2022-05-31,42400,42400,40650,41350,142804,-0.014302741358760418
2022-06-02,40550,41400,40400,41400,64865,0.0012091898428052694
2022-06-03,41300,42050,40900,41100,76050,-0.007246376811594235
2022-06-07,40900,41000,39900,40100,81177,-0.024330900243308973
2022-06-08,40400,40900,40000,40400,68633,0.007481296758104827
2022-06-09,39950,40500,39100,40500,153818,0.0024752475247524774
2022-06-10,40000,40200,39100,39150,105469,-0.033333333333333326
2022-06-13,37650,38000,36900,37150,141453,-0.05108556832694766
2022-06-14,35600,37400,35600,37400,119133,0.006729475100942128
2022-06-15,37250,37600,35700,35950,127257,-0.03877005347593587
2022-06-16,36450,37650,36100,36500,105131,0.015299026425591
2022-06-17,36000,39400,35500,39150,252292,0.07260273972602738
2022-06-20,39550,41400,39450,39500,349962,0.008939974457215838
2022-06-21,40150,40700,38950,39600,156869,0.0025316455696202667
2022-06-22,39750,41200,39700,39850,294572,0.0063131313131312705
2022-06-23,39950,41750,39050,39750,390292,-0.0025094102885822034
2022-06-24,40100,43150,40100,43050,549487,0.08301886792452828
2022-06-27,43550,43600,41800,42150,321769,-0.020905923344947785
2022-06-28,41850,41900,40500,41500,235604,-0.01542111506524313
2022-06-29,40800,40800,38700,38700,359283,-0.06746987951807226
2022-06-30,38850,42650,38800,41950,671760,0.08397932816537468
2022-07-01,42600,43100,41400,41850,321462,-0.0023837902264600697
2022-07-04,41950,42650,40000,42350,223420,0.01194743130227005
2022-07-05,42950,44900,42750,44200,506422,0.04368358913813464
2022-07-06,44250,46600,43750,44300,634350,0.002262443438914019
2022-07-07,45100,47550,43550,46600,525272,0.05191873589164775
2022-07-08,46750,48200,45650,47950,403708,0.02896995708154515
2022-07-11,47600,48400,45900,45950,280015,-0.04171011470281538
2022-07-12,45500,46700,45250,46500,257496,0.01196953210010876
2022-07-13,46150,46900,45550,46400,141090,-0.0021505376344086446
2022-07-14,46400,46600,45200,45950,150254,-0.00969827586206895
2022-07-15,45950,46600,45300,46000,179534,0.0010881392818280489
2022-07-18,46450,46750,43850,45200,266506,-0.017391304347826098
2022-07-19,45250,46050,44450,45500,154056,0.006637168141592875
2022-07-20,46050,46950,45550,46700,187334,0.02637362637362628
2022-07-21,47000,47250,45800,46150,198512,-0.011777301927194839
2022-07-22,46200,46200,44300,44300,181933,-0.04008667388949083
2022-07-25,44050,44750,43150,44100,205512,-0.004514672686230292
2022-07-26,43750,44450,43650,43900,85878,-0.0045351473922902175
2022-07-27,43900,45050,43400,44300,145551,0.009111617312072884
2022-07-28,44400,45700,43850,44000,138747,-0.006772009029345383
2022-07-29,44000,44600,43400,43800,99996,-0.004545454545454519
2022-08-01,43850,43950,42400,43000,145418,-0.0182648401826484
2022-08-02,42850,43300,42350,42550,93659,-0.010465116279069764
2022-08-03,42200,43800,42200,43200,101861,0.01527614571092828
2022-08-04,44050,46500,43600,46350,469446,0.07291666666666674
2022-08-05,46750,50000,46750,49650,763420,0.07119741100323629
2022-08-08,50500,51400,49450,49750,432287,0.002014098690835908
2022-08-09,49400,50700,48550,50600,272833,0.0170854271356784
2022-08-10,49950,50800,48850,49050,207834,-0.03063241106719372
2022-08-11,49450,51000,49300,50400,351906,0.02752293577981657
2022-08-12,50500,51000,49350,49750,155760,-0.012896825396825351
2022-08-16,49850,50400,49100,49550,173905,-0.004020100502512558
2022-08-17,49200,49950,47850,47950,208056,-0.03229061553985868
2022-08-18,47450,48200,46500,47150,242768,-0.016684045881126153
2022-08-19,46900,48000,46550,46900,171342,-0.005302226935312793
2022-08-22,46400,47000,45550,45900,144555,-0.021321961620469065
2022-08-23,45500,45900,43550,43850,354132,-0.04466230936819171
2022-08-24,44300,44400,42900,44000,223314,0.003420752565564511
2022-08-25,44450,46550,43950,46500,283418,0.05681818181818188
2022-08-26,46750,46900,45300,45300,148745,-0.02580645161290318
2022-08-29,43500,44750,43300,43700,199931,-0.03532008830022071
2022-08-30,43800,45700,43700,45300,130635,0.03661327231121292
2022-08-31,44700,45600,44250,45100,130894,-0.004415011037527616
2022-09-01,44550,46500,43900,45100,253488,0.0
2022-09-02,45700,48150,45500,48000,483241,0.06430155210643007
2022-09-05,48100,48150,42100,42250,1208743,-0.11979166666666663
2022-09-06,42650,43750,41600,41850,230672,-0.009467455621301801
2022-09-07,42200,42200,40000,40100,301497,-0.041816009557945066
2022-09-08,42800,43550,40600,41500,508453,0.034912718204488824
2022-09-13,43050,44500,42550,42750,404101,0.030120481927710774
2022-09-14,41000,41300,40200,40400,284577,-0.054970760233918115
2022-09-15,40750,40750,39600,39650,201396,-0.01856435643564358
2022-09-16,39450,39600,38500,38650,200665,-0.02522068095838592
2022-09-19,38850,38950,37400,38000,157587,-0.01681759379042691
2022-09-20,38550,39000,37850,38150,105958,0.003947368421052699
2022-09-21,38000,38100,36850,37150,151154,-0.026212319790301475
2022-09-22,36400,37300,36150,36850,104675,-0.008075370121130576
2022-09-23,37000,37500,35750,35750,136930,-0.02985074626865669
2022-09-26,34600,36200,34300,34700,234943,-0.029370629370629397
2022-09-27,34500,36150,34500,36000,184089,0.03746397694524495
2022-09-28,36000,37000,35050,35700,147763,-0.008333333333333304
2022-09-29,36950,37700,36350,36500,149986,0.022408963585434094
2022-09-30,35800,36600,35550,35850,127473,-0.017808219178082174
2022-10-04,36650,36850,35900,36500,94546,0.018131101813110284
2022-10-05,36900,37300,34700,35250,185526,-0.03424657534246578
2022-10-06,35700,35800,34800,34850,135237,-0.01134751773049647
2022-10-07,34950,35100,32850,33000,327413,-0.05308464849354377
2022-10-11,32550,32550,30900,31450,263550,-0.046969696969696995
2022-10-12,31300,31950,31000,31750,145363,0.009538950715421324
2022-10-13,31850,31950,30050,30650,160932,-0.03464566929133861
2022-10-14,31100,33700,31050,33500,256189,0.09298531810766719
2022-10-17,32900,32900,31750,32650,117730,-0.025373134328358193
2022-10-18,33300,34200,33050,34100,131335,0.04441041347626351
2022-10-19,34650,34650,33100,33100,127169,-0.029325513196480912
2022-10-20,32650,33400,32300,32600,98162,-0.015105740181268867
2022-10-21,32600,33100,32150,32550,63601,-0.0015337423312883347
2022-10-24,33500,34450,33500,33800,128991,0.03840245775729656
2022-10-25,34050,34750,33200,33600,101560,-0.00591715976331364
2022-10-26,33650,34100,33200,33600,68728,0.0
2022-10-27,33650,34800,33650,34700,112763,0.032738095238095344
2022-10-28,34300,34450,33600,33600,89738,-0.03170028818443804
2022-10-31,34600,34700,33800,34000,43442,0.011904761904761862
2022-11-01,34400,34400,33350,33550,88207,-0.013235294117647012
2022-11-02,33400,35400,33150,34850,166416,0.03874813710879277
2022-11-03,33650,33800,32500,33150,221567,-0.04878048780487809
2022-11-04,32700,33450,32400,33150,98844,0.0
2022-11-07,33650,33850,33150,33650,60979,0.015082956259426794
2022-11-08,33650,36150,33450,35100,294637,0.043090638930163516
2022-11-09,35200,35550,34600,34900,117546,-0.005698005698005715
2022-11-10,34500,34650,33700,34100,114113,-0.022922636103151817
2022-11-11,36100,36500,35650,36100,239951,0.058651026392961825
2022-11-14,36450,36450,35100,35100,154554,-0.027700831024930705
2022-11-15,34900,38600,34900,38350,346588,0.09259259259259256
2022-11-16,38450,40600,38000,39400,524325,0.027379400260756137
2022-11-17,39750,41600,39150,41000,359074,0.04060913705583746
2022-11-18,41050,41550,40300,40350,184698,-0.01585365853658538
2022-11-21,40150,40900,39350,39500,136596,-0.02106567534076831
2022-11-22,39250,39650,38200,38200,127801,-0.032911392405063244
2022-11-23,38850,39400,38250,38500,110785,0.007853403141361293
2022-11-24,38700,39150,38250,38600,95303,0.0025974025974024872
2022-11-25,38800,39350,36550,37850,95079,-0.01943005181347146
2022-11-28,37700,37900,37000,37300,88746,-0.014531043593130732
2022-11-29,36950,39000,36950,38700,101643,0.03753351206434319
2022-11-30,38800,39100,37950,38250,88248,-0.011627906976744207
2022-12-01,39100,40550,39100,40350,213560,0.05490196078431375
2022-12-02,40050,40200,38550,38700,155004,-0.040892193308550207
2022-12-05,39000,40400,39000,39950,193255,0.03229974160206717
2022-12-06,39650,40350,39100,39350,126169,-0.015018773466833557
2022-12-07,38600,40000,38600,39550,105751,0.0050825921219821435
2022-12-08,39550,41250,39050,40800,341114,0.031605562579013924
2022-12-09,40800,42150,40400,41650,253005,0.02083333333333326
2022-12-12,41650,41650,38700,38900,237743,-0.06602641056422565
2022-12-13,39050,39250,38200,38200,117161,-0.01799485861182515
2022-12-14,38600,39600,38600,39150,123905,0.024869109947643908
2022-12-15,39000,39050,37600,37650,129451,-0.03831417624521072
2022-12-16,36850,37250,36400,36700,138240,-0.025232403718459473
2022-12-19,36400,37200,36400,36500,67083,-0.00544959128065392
2022-12-20,36150,36700,35250,35500,114006,-0.0273972602739726
2022-12-21,36200,37200,36000,36600,126593,0.030985915492957705
2022-12-22,37100,37700,35000,37450,121590,0.023224043715847076
2022-12-23,43650,44750,39900,41000,4769986,0.09479305740987987
2022-12-26,41100,43500,40950,42250,1810635,0.030487804878048808
2022-12-27,41950,44550,41500,43350,1282315,0.026035502958579926
2022-12-28,43250,45200,43000,44350,1031335,0.023068050749711633
2022-12-29,43800,43800,42400,42850,454618,-0.03382187147688842
2023-01-02,42900,43400,41550,41800,291286,-0.02450408401400228
2023-01-03,41800,42200,41100,41400,283516,-0.009569377990430672
2023-01-04,41000,41050,40050,40350,283752,-0.025362318840579712
2023-01-05,40700,40700,39300,39700,354976,-0.01610904584882278
2023-01-06,39400,39450,37700,38050,595034,-0.041561712846347576
2023-01-09,38400,38600,37550,38300,421430,0.006570302233902758
2023-01-10,38150,38350,37350,38100,326369,-0.005221932114882533
2023-01-11,38300,38750,38050,38400,265549,0.007874015748031482
2023-01-12,38700,39450,38150,38900,257029,0.01302083333333326
2023-01-13,39300,39300,38100,38600,248540,-0.007712082262210762
2023-01-16,38700,39900,38550,39200,272234,0.015544041450777257
2023-01-17,39250,39350,37900,38100,261003,-0.028061224489795866
2023-01-18,38200,38650,37750,38550,152639,0.011811023622047223
2023-01-19,38100,38250,37400,37450,262419,-0.02853437094682232
2023-01-20,37500,37850,36700,37000,183317,-0.012016021361815787
2023-01-25,37350,38450,37300,38250,194109,0.03378378378378377
2023-01-26,38150,38250,37700,38000,162057,-0.006535947712418277
2023-01-27,38150,38150,37100,37150,261123,-0.022368421052631593
2023-01-30,37250,37700,36550,36550,149546,-0.016150740242261152
2023-01-31,36450,37250,36350,36750,158631,0.00547195622435015
2023-02-01,36800,38650,36800,38400,362669,0.044897959183673564
2023-02-02,38900,41300,38700,40250,765090,0.04817708333333326
2023-02-03,40500,41400,40000,40350,356575,0.00248447204968949
2023-02-06,40200,40300,38000,38400,412802,-0.048327137546468446
2023-02-07,38450,39450,38400,39100,234147,0.01822916666666674
2023-02-08,39900,39900,38650,39350,195394,0.006393861892583175
2023-02-09,38900,39450,38500,39000,178709,-0.008894536213468918
2023-02-10,38600,38950,37700,38650,273188,-0.008974358974358942
2023-02-13,38600,38600,37900,38400,131846,-0.0064683053040103244
2023-02-14,38950,39350,37600,38050,264018,-0.00911458333333337
2023-02-15,38000,38050,36800,36900,255226,-0.030223390275952666
2023-02-16,37200,38250,37000,38100,214963,0.03252032520325199
2023-02-17,37550,37650,36850,37250,214924,-0.022309711286089273
2023-02-20,37300,39950,37000,39350,604996,0.05637583892617459
2023-02-21,39400,39650,38600,39150,235797,-0.0050825921219822545
2023-02-22,38400,38400,37300,37500,307812,-0.04214559386973182
2023-02-23,37600,38000,37400,37500,139002,0.0
2023-02-24,37600,37600,36300,36550,280705,-0.02533333333333332
2023-02-27,36200,36200,35600,36150,189030,-0.01094391244870041
2023-02-28,36400,37300,36200,37300,213591,0.03181189488243441
2023-03-02,37150,37200,36000,36500,294526,-0.02144772117962468
2023-03-03,36600,37900,36450,37250,281404,0.020547945205479534
2023-03-06,37400,37600,36550,36850,187853,-0.010738255033557076
2023-03-07,36900,38900,36700,38550,646047,0.046132971506105847
2023-03-08,37750,39200,37750,38050,251445,-0.012970168612191912
2023-03-09,38000,38700,37500,38250,235391,0.005256241787122251
2023-03-10,37400,37950,36400,36600,252949,-0.04313725490196074
2023-03-13,36150,36500,35300,36200,234136,-0.010928961748633892
2023-03-14,36750,37050,34100,34150,317318,-0.056629834254143696
2023-03-15,34950,35200,34050,34200,225005,0.0014641288433381305
2023-03-16,34100,34300,32750,34300,343505,0.0029239766081872176
2023-03-17,34550,36850,34450,36450,438206,0.06268221574344013
2023-03-20,36300,37700,36250,37400,307859,0.026063100137174278
2023-03-21,37950,38600,36850,37000,232771,-0.010695187165775444
2023-03-22,37550,37550,35600,35850,214549,-0.031081081081081097
2023-03-23,35150,35450,34550,34900,270952,-0.02649930264993028
2023-03-24,35150,36150,34600,34850,242691,-0.0014326647564469885
2023-03-27,34850,36150,34000,36000,246788,0.03299856527977041
2023-03-28,36400,36400,34750,35100,256946,-0.025000000000000022
2023-03-29,34900,35750,34650,34750,232630,-0.009971509971509973
2023-03-30,35000,36550,34650,35650,344192,0.025899280575539585
2023-03-31,35650,37250,35550,36800,350473,0.032258064516129004
2023-04-03,37100,37450,36250,36650,259406,-0.0040760869565217295
2023-04-04,36650,39900,36450,39650,946319,0.08185538881309684
2023-04-05,39700,42150,39100,41200,1389898,0.0390920554854981
2023-04-06,41400,42400,40650,41050,604284,-0.00364077669902918
2023-04-07,41300,41750,39950,41300,381446,0.006090133982947554
2023-04-10,41500,41900,40200,41000,418880,-0.007263922518159771
2023-04-11,41000,41700,40100,40900,319686,-0.0024390243902439046
2023-04-12,41400,44000,41200,43200,835153,0.05623471882640585
2023-04-13,42850,43850,41700,43200,525606,0.0
2023-04-14,43600,46000,43150,45100,958792,0.0439814814814814
2023-04-17,45400,45400,42100,42550,726943,-0.05654101995565408
2023-04-18,42400,43000,41350,41900,372303,-0.01527614571092828
2023-04-19,41500,42250,40250,41050,283670,-0.02028639618138428
2023-04-20,41100,41600,39800,39800,245315,-0.030450669914738104
2023-04-21,39800,40550,39000,39500,189629,-0.007537688442211032
2023-04-24,39850,40900,39250,39350,154180,-0.0037974683544304
2023-04-25,39350,39900,38250,38750,235618,-0.015247776365946653
2023-04-26,38650,39400,38000,38900,140848,0.003870967741935516
2023-04-27,38250,38850,37150,38500,290343,-0.010282776349614386
2023-04-28,38550,38950,37600,38150,132910,-0.009090909090909038
2023-05-02,38000,38650,37600,38550,102115,0.010484927916120546
2023-05-03,38550,38550,37300,37550,173092,-0.025940337224383936
2023-05-04,37700,39600,37550,39400,278517,0.04926764314247678
2023-05-08,39600,39900,38450,38750,187633,-0.016497461928933976
2023-05-09,38950,41450,38750,41200,577646,0.06322580645161291
2023-05-10,41000,41050,39650,40200,179334,-0.024271844660194164
2023-05-11,40700,41700,40500,41050,254950,0.021144278606965106
2023-05-12,40950,41400,40400,40850,116303,-0.00487210718635811
2023-05-15,40700,41850,39950,41550,264283,0.017135862913096656
2023-05-16,41750,42000,40600,41050,126678,-0.012033694344163681
2023-05-17,41350,42400,40700,42200,246428,0.028014616321559105
2023-05-18,42100,42650,41200,41700,201748,-0.011848341232227444
2023-05-19,41900,42500,41200,42250,194291,0.01318944844124692
2023-05-22,42700,43350,41900,42500,210160,0.00591715976331364
2023-05-23,42500,43000,42250,42750,147602,0.00588235294117645
2023-05-24,43000,43250,41050,41850,223917,-0.021052631578947323
2023-05-25,41950,42800,41600,41600,174409,-0.005973715651135025
2023-05-26,40500,40550,38150,39450,676209,-0.05168269230769229
2023-05-30,40200,40500,39450,40150,163507,0.017743979721166037
2023-05-31,40050,41400,39500,41250,229168,0.027397260273972712
2023-06-01,41300,43900,41050,43100,558930,0.044848484848484915
2023-06-02,43200,43300,42250,42500,210291,-0.0139211136890951
2023-06-05,43000,43000,41000,41100,225182,-0.03294117647058825
2023-06-07,41150,41450,40200,40300,207237,-0.019464720194647178
2023-06-08,40100,40550,40000,40450,168057,0.003722084367245637
2023-06-09,40700,41500,40300,40750,162286,0.007416563658838138
2023-06-12,40700,40700,39700,39800,203497,-0.0233128834355828
2023-06-13,39850,40600,38900,39050,226649,-0.018844221105527637
2023-06-14,39200,39900,38600,38750,154202,-0.007682458386683688
2023-06-15,38750,39200,38150,38300,215116,-0.011612903225806437
2023-06-16,38600,39900,38600,39250,228930,0.024804177545691974
2023-06-19,39200,39200,38400,38800,144197,-0.01146496815286624
2023-06-20,38550,38650,38000,38150,159103,-0.01675257731958768
2023-06-21,37800,38200,36900,36950,224047,-0.03145478374836175
2023-06-22,36750,37750,36750,37000,228174,0.0013531799729364913
2023-06-23,37450,37650,36200,36650,165992,-0.009459459459459474
2023-06-26,36600,37200,35800,36600,142159,-0.0013642564802183177
2023-06-27,36300,36850,35800,36000,156373,-0.016393442622950838
2023-06-28,36100,36750,35750,36000,143380,0.0
2023-06-29,36350,36750,35900,36200,148706,0.005555555555555536
2023-06-30,36250,36550,35150,36450,182349,0.006906077348066253
2023-07-03,36500,36950,35850,36100,175697,-0.009602194787380003
2023-07-04,35950,36100,34800,35350,295253,-0.020775623268698085
2023-07-05,35050,36100,35000,35400,172464,0.0014144271570013522
2023-07-06,35200,35250,34450,34550,218393,-0.02401129943502822
2023-07-07,34500,35150,33650,33900,400342,-0.01881331403762665
2023-07-10,33550,34000,32750,32900,265620,-0.029498525073746285
2023-07-11,33350,34200,33350,33900,149563,0.03039513677811545
2023-07-12,33600,34200,32900,34000,236675,0.002949852507374562
2023-07-13,34300,35700,34300,34800,273808,0.0235294117647058
2023-07-14,34800,34950,34150,34500,178095,-0.008620689655172376
2023-07-17,34700,34750,33700,34000,165377,-0.01449275362318836
2023-07-18,33900,34500,33450,33500,154320,-0.014705882352941124
2023-07-19,33500,34600,33100,34350,198536,0.025373134328358304
2023-07-20,34900,36300,34650,35550,371634,0.03493449781659397
2023-07-21,35300,37100,35250,36200,428915,0.0182841068917019
2023-07-24,36700,36700,34750,35600,306984,-0.016574585635359074
2023-07-25,35550,35700,34200,34400,245638,-0.0337078651685393
2023-07-26,34400,34400,31200,32800,458936,-0.046511627906976716
2023-07-27,33000,34950,33000,34750,229298,0.05945121951219523
2023-07-28,34300,35050,33600,34300,148146,-0.012949640287769792
2023-07-31,35150,35700,34500,35250,209268,0.0276967930029155
2023-08-01,35450,36200,35050,35300,209678,0.0014184397163119478
2023-08-02,35300,35700,33600,33950,214811,-0.0382436260623229
2023-08-03,33950,37200,33500,37050,603799,0.09131075110456544
2023-08-04,37300,37500,34950,35200,403959,-0.04993252361673417
2023-08-07,35200,36750,34750,35450,345588,0.007102272727272707
2023-08-08,35800,35850,34650,34850,175670,-0.016925246826516194
2023-08-09,34900,36700,34900,36250,294546,0.04017216642754673
2023-08-10,36350,37650,35900,37550,428174,0.035862068965517135
2023-08-11,37750,37750,36500,37250,235148,-0.007989347536617841
2023-08-14,37700,37850,35950,36250,197228,-0.02684563758389258
2023-08-16,36250,36700,35550,36250,184798,0.0
2023-08-17,35950,36350,35400,35700,173777,-0.015172413793103412
2023-08-18,35050,36050,34900,35350,151216,-0.009803921568627416
2023-08-21,35450,35900,35100,35350,136950,0.0
2023-08-22,35250,35600,34500,35000,134341,-0.00990099009900991
2023-08-23,34800,35400,34250,34450,123459,-0.01571428571428568
2023-08-24,34600,35100,34200,34450,179709,0.0
2023-08-25,34100,35000,34000,34700,131489,0.007256894049346929
2023-08-28,35150,35150,33600,34250,199564,-0.012968299711815567
2023-08-29,34500,35300,34400,35100,133422,0.02481751824817513
2023-08-30,35350,35450,34950,35400,106886,0.008547008547008517
2023-08-31,35150,35600,35100,35300,129246,-0.0028248587570621764
2023-09-01,35150,35400,33800,33950,227744,-0.0382436260623229
2023-09-04,34050,34350,33600,34350,132141,0.01178203240058906
2023-09-05,34300,34650,34100,34500,87957,0.004366812227074135
2023-09-06,34300,35200,33950,34450,143400,-0.0014492753623188692
2023-09-07,35800,37500,34850,34850,711380,0.011611030478954953
2023-09-08,35000,36250,34700,36150,241492,0.0373027259684362
2023-09-11,36300,39200,36250,39200,824799,0.0843706777316735
2023-09-12,39600,42300,38850,40000,1452975,0.020408163265306145
2023-09-13,40800,40800,39200,39950,402203,-0.0012499999999999734
2023-09-14,40300,40350,38400,39650,399582,-0.007509386733416723
2023-09-15,40250,40950,38600,39450,337774,-0.0050441361916772065
2023-09-18,39450,41450,39250,40600,577259,0.0291508238276299
2023-09-19,40050,40100,38550,38700,350548,-0.046798029556650245
2023-09-20,38500,39000,37150,37650,240833,-0.027131782945736482
2023-09-21,37000,37600,35850,36250,218161,-0.03718459495351922
2023-09-22,35500,36450,35400,36100,205395,-0.004137931034482789
2023-09-25,36000,36250,35200,35300,180669,-0.02216066481994461
2023-09-26,35300,35600,34650,35350,137841,0.0014164305949009304
2023-09-27,35000,37150,35000,37100,234950,0.04950495049504955
2023-10-04,36600,37200,36150,36500,156033,-0.016172506738544423
2023-10-05,36850,37200,35850,35850,182772,-0.017808219178082174
2023-10-06,36250,37800,36250,37500,175678,0.046025104602510414
2023-10-10,37800,38250,37150,37350,192865,-0.0040000000000000036
2023-10-11,37350,37900,37050,37800,136159,0.012048192771084265
2023-10-12,38100,38550,37150,38100,136989,0.007936507936507908
2023-10-13,37750,38200,37100,37550,120120,-0.014435695538057791
2023-10-16,36700,37500,36500,36950,164249,-0.015978695073235683
2023-10-17,37000,38200,37000,37500,148518,0.014884979702300516
2023-10-18,37150,37600,32550,33400,797380,-0.10933333333333328
2023-10-19,33400,34350,32400,33850,296846,0.013473053892215647
2023-10-20,33100,35000,33100,34550,284712,0.02067946824224509
2023-10-23,34500,35250,33950,35200,151146,0.01881331403762654
2023-10-24,35700,35850,33950,35850,186539,0.01846590909090917
2023-10-25,35950,35950,34950,35500,105924,-0.009762900976290068
2023-10-26,34100,36300,34050,35900,174892,0.011267605633802802
2023-10-27,36200,36500,35250,35850,130963,-0.0013927576601671099
2023-10-30,35550,37150,35250,36750,146099,0.025104602510460206
2023-10-31,36800,37400,36050,36950,137699,0.0054421768707482165
2023-11-01,37000,37550,36650,37300,100774,0.009472259810554773
2023-11-02,37800,38800,37400,38350,255017,0.02815013404825728
2023-11-03,38100,39400,37850,38950,207886,0.015645371577575062
2023-11-06,41150,42750,39700,42000,813696,0.07830551989730417
2023-11-07,43000,45750,42000,43250,1246491,0.029761904761904656
2023-11-08,43100,43600,42600,43400,277344,0.003468208092485492
2023-11-09,43550,43700,41100,42450,308237,-0.02188940092165903
2023-11-10,41200,42550,41150,41650,163639,-0.018845700824499434
2023-11-13,41800,41950,40850,40950,140893,-0.01680672268907568
2023-11-14,41300,43500,40500,42950,208434,0.04884004884004889
2023-11-15,43800,46350,42850,45750,499503,0.06519208381839348
2023-11-16,45650,45650,43600,43800,192407,-0.042622950819672156
2023-11-17,43550,44850,43200,43500,174727,-0.006849315068493178
2023-11-20,43500,45150,43300,44650,155108,0.026436781609195492
2023-11-21,44650,47000,44100,46450,255066,0.04031354983202684
2023-11-22,45950,47000,45650,45850,131184,-0.012917115177610294
2023-11-23,46650,47700,45950,46000,270167,0.0032715376226826187
2023-11-24,46000,46000,44000,45000,223226,-0.021739130434782594
2023-11-27,45250,45250,43200,43850,178722,-0.025555555555555554
2023-11-28,43700,46150,43600,45950,226397,0.047890535917902044
2023-11-29,45200,46450,44350,44400,222727,-0.03373231773667029
2023-11-30,44450,45400,43900,45100,117505,0.015765765765765716
2023-12-01,45800,49750,45750,49000,1031078,0.0864745011086474
2023-12-04,49000,50500,47650,49600,434832,0.012244897959183598
2023-12-05,48600,51000,47600,48700,353384,-0.01814516129032262
2023-12-06,49000,49350,47750,47750,227107,-0.019507186858316206
2023-12-07,47650,49700,47350,48350,253393,0.012565445026178068
2023-12-08,47650,49000,47450,48600,179893,0.005170630816959676
2023-12-11,48500,49100,47550,47700,172994,-0.01851851851851849
2023-12-12,47200,47950,46950,47350,153538,-0.007337526205450695
2023-12-13,47750,48950,47350,48000,175176,0.01372756071805692
2023-12-14,48900,49750,48000,49000,233257,0.02083333333333326
2023-12-15,48950,49000,45450,46200,322639,-0.05714285714285716
2023-12-18,46300,47700,46250,46700,174456,0.010822510822510845
2023-12-19,46300,47050,45900,46600,187339,-0.0021413276231263545
2023-12-20,47050,47300,46250,46950,156600,0.007510729613734002
2023-12-21,46850,49700,46600,48900,343461,0.04153354632587858
2023-12-22,49700,53000,49600,52000,628203,0.0633946830265848
2023-12-26,61600,64600,55700,57400,7375855,0.10384615384615392
2023-12-27,61100,65500,59500,61100,8949593,0.06445993031358888
2023-12-28,62000,67100,60600,65000,4932143,0.06382978723404253
2024-01-02,64300,66200,61000,64800,1861875,-0.003076923076923088
2024-01-03,64100,65300,61000,62000,1369269,-0.043209876543209846
2024-01-04,61000,62000,58000,58100,1378705,-0.06290322580645158
2024-01-05,59100,60600,57200,57700,1302992,-0.0068846815834767705
2024-01-08,58200,59900,55900,57200,1048990,-0.008665511265164683
2024-01-09,58700,61000,57700,58600,993196,0.02447552447552437
2024-01-10,57800,60900,55700,59800,1045131,0.020477815699658786
2024-01-11,59500,59600,57600,58300,627178,-0.025083612040133763
2024-01-12,57500,58000,55100,56200,757120,-0.03602058319039447
2024-01-15,55800,56100,53400,54800,837132,-0.02491103202846978
2024-01-16,56500,58400,50700,52200,3874295,-0.04744525547445255
2024-01-17,52800,53200,49650,51000,1432448,-0.02298850574712641
2024-01-18,51100,52200,50100,50400,957290,-0.0117647058823529
2024-01-19,50400,51000,48350,49000,1190155,-0.02777777777777779
2024-01-22,50000,53000,48500,52800,1574553,0.07755102040816331
2024-01-23,52900,55300,51600,52400,1410373,-0.007575757575757569
2024-01-24,51900,52100,50600,51300,432389,-0.020992366412213692
2024-01-25,51100,52500,51000,51600,450179,0.005847953216374213
2024-01-26,51700,54200,51300,52500,740425,0.01744186046511631
2024-01-29,54000,54000,50300,50500,692014,-0.03809523809523807
2024-01-30,51100,52600,50700,52200,524257,0.03366336633663369
2024-01-31,52200,52500,50400,50400,439039,-0.03448275862068961
2024-02-01,50200,51400,48000,48550,832664,-0.03670634920634919
2024-02-02,49000,49800,48150,48650,528820,0.002059732234809486
2024-02-05,48650,49000,47100,47100,373004,-0.031860226104830414
2024-02-06,46750,47950,46350,47200,308383,0.002123142250530785
2024-02-07,47400,49050,47050,48650,576407,0.03072033898305082
2024-02-08,48650,48700,47500,47500,376275,-0.023638232271325776
2024-02-13,48300,52300,47750,51700,882904,0.08842105263157896
2024-02-14,50500,53000,50000,52200,617913,0.009671179883945946
2024-02-15,52600,53500,51400,51900,358119,-0.005747126436781658
2024-02-16,52100,53200,51600,52500,313863,0.011560693641618602
2024-02-19,52700,54200,52400,53400,505528,0.017142857142857126
2024-02-20,53800,53800,51900,52300,295190,-0.02059925093632964
2024-02-21,51800,54200,51800,53000,437759,0.013384321223709472
2024-02-22,53400,56600,53000,56100,1246786,0.05849056603773595
2024-02-23,57700,62300,54800,55000,3504132,-0.019607843137254943
2024-02-26,56400,59200,55700,57000,1723570,0.036363636363636376
2024-02-27,57500,58000,54300,55000,1152904,-0.03508771929824561
2024-02-28,54800,55400,53000,54100,653949,-0.016363636363636358
2024-02-29,54200,56500,53000,53200,808610,-0.01663585951940849
2024-03-04,53800,57700,53800,57200,1069253,0.07518796992481214
2024-03-05,57300,60900,56400,60000,1812917,0.04895104895104896
2024-03-06,64200,77600,63200,77600,13241919,0.2933333333333332
2024-03-07,75000,77100,71900,75800,6213142,-0.023195876288659822
2024-03-08,74500,80300,72700,79000,5846265,0.04221635883905006
2024-03-11,81500,84000,77000,77600,3712188,-0.017721518987341756
2024-03-12,76300,78400,75600,77200,1588048,-0.005154639175257714
2024-03-13,76800,79500,72100,74400,2756900,-0.03626943005181349
2024-03-14,74400,75900,72100,73300,1561465,-0.014784946236559127
2024-03-15,72500,72900,67900,69000,2187540,-0.058663028649386106
2024-03-18,69800,71200,68900,69300,1269958,0.004347826086956497
2024-03-19,69300,72900,67900,72200,1682686,0.0418470418470418
2024-03-20,71200,71400,68300,68500,1187288,-0.05124653739612184
2024-03-21,69500,72400,69100,71800,1159452,0.04817518248175179
2024-03-22,71400,73700,69900,72600,1120642,0.011142061281337101
2024-03-25,74600,76400,72800,76000,1933171,0.04683195592286493
2024-03-26,74800,77200,72400,73000,1897966,-0.03947368421052633
2024-03-27,73400,76000,71000,76000,1474779,0.041095890410958846
2024-03-28,78600,78800,74000,74100,2159357,-0.025000000000000022
2024-03-29,74000,76300,73300,74800,877616,0.009446693657219951
2024-04-01,74500,76300,73300,73800,1028856,-0.013368983957219305
2024-04-02,73000,73200,64700,65100,2686364,-0.11788617886178865
2024-04-03,64000,68100,63900,66200,1510258,0.016897081413210335
2024-04-04,66400,67300,65000,65100,619457,-0.0166163141993958
2024-04-05,63200,66100,63100,64600,577985,-0.007680491551459334
2024-04-08,64600,64600,62000,62300,696992,-0.035603715170278605
2024-04-09,62300,63600,61200,63300,652739,0.01605136436597121
2024-04-11,61200,64000,60700,61400,548250,-0.03001579778830965
2024-04-12,62000,64900,61200,64400,686599,0.04885993485342022
2024-04-15,63300,64000,62100,63400,385459,-0.01552795031055898
2024-04-16,63000,63300,60100,61000,480588,-0.03785488958990535
2024-04-17,61000,61500,58800,58800,538916,-0.0360655737704918
2024-04-18,59400,62500,59000,62100,436049,0.05612244897959173
2024-04-19,62100,65500,61500,63900,901014,0.02898550724637672
2024-04-22,64800,65500,62900,63200,631404,-0.010954616588419452
2024-04-23,62800,69000,62300,67800,1303510,0.07278481012658222
2024-04-24,68000,69000,67300,68200,534214,0.005899705014749346
2024-04-25,68200,68900,66100,66200,362945,-0.029325513196480912
2024-04-26,66200,68600,65000,65500,413368,-0.010574018126888185
2024-04-29,66000,68100,65300,66800,434424,0.01984732824427482
2024-04-30,66900,68300,66100,68100,342461,0.019461077844311392
2024-05-02,67800,69500,67300,68100,373136,0.0
2024-05-03,69200,71000,67800,68000,653153,-0.001468428781204123
