Date,Open,High,Low,Close,Volume,Change
2022-01-03,6570,6880,6430,6730,987124,0.04828660436137078
2022-01-04,6700,6770,6470,6770,599267,0.005943536404160454
2022-01-05,6850,7400,6700,6960,3741411,0.028064992614475592
2022-01-06,6760,6760,6420,6420,739851,-0.07758620689655171
2022-01-07,6480,6700,6440,6460,298689,0.006230529595015577
2022-01-10,6540,7500,6540,7090,4088476,0.0975232198142415
2022-01-11,6950,8090,6830,7700,11949062,0.0860366713681242
2022-01-12,7430,7510,7150,7220,1531203,-0.06233766233766236
2022-01-13,7330,7380,7050,7340,970072,0.016620498614958512
2022-01-14,7190,7320,6760,6860,853831,-0.06539509536784738
2022-01-17,6760,6950,6670,6840,387490,-0.002915451895043719
2022-01-18,6820,6940,6550,6550,356621,-0.042397660818713434
2022-01-19,6330,6580,6280,6330,258298,-0.03358778625954195
2022-01-20,6290,6370,6160,6350,185313,0.003159557661927437
2022-01-21,6270,6490,6210,6360,259008,0.0015748031496063408
2022-01-24,6170,6270,5750,5750,363379,-0.09591194968553463
2022-01-25,5800,5900,5250,5250,280684,-0.08695652173913049
2022-01-26,5240,5760,5170,5290,288432,0.007619047619047636
2022-01-27,5250,5680,5030,5100,301237,-0.03591682419659736
2022-01-28,5200,6030,5200,5470,1163849,0.0725490196078431
2022-02-03,5530,5770,5490,5700,188010,0.042047531992687404
2022-02-04,5620,5860,5590,5780,159325,0.01403508771929829
2022-02-07,5770,5960,5720,5920,123537,0.02422145328719716
2022-02-08,5990,6000,5670,5710,121430,-0.03547297297297303
2022-02-09,5930,5930,5700,5830,51219,0.021015761821365997
2022-02-10,5940,5940,5750,5830,60766,0.0
2022-02-11,5750,5870,5520,5560,137755,-0.046312178387650116
2022-02-14,5250,5550,5130,5130,118686,-0.07733812949640284
2022-02-15,5140,5500,5060,5090,141066,-0.007797270955165692
2022-02-16,5200,5520,5200,5460,116178,0.07269155206286837
2022-02-17,5400,5580,5260,5350,143103,-0.020146520146520186
2022-02-18,5330,5480,5150,5440,97532,0.016822429906542036
2022-02-21,5340,5540,5250,5460,130476,0.003676470588235281
2022-02-22,5390,5410,5220,5270,66006,-0.034798534798534786
2022-02-23,5270,5490,5200,5350,67423,0.015180265654648917
2022-02-24,5300,5380,4970,5000,133860,-0.06542056074766356
2022-02-25,5140,5250,5080,5140,95367,0.028000000000000025
2022-02-28,5190,5330,5170,5250,63494,0.021400778210116655
2022-03-02,5250,5420,5250,5340,57307,0.017142857142857126
2022-03-03,5550,5670,5390,5600,163903,0.04868913857677892
2022-03-04,5650,5650,5410,5460,89048,-0.025000000000000022
2022-03-07,5410,5490,5240,5330,96995,-0.023809523809523836
2022-03-08,5170,5320,5130,5230,60560,-0.018761726078799223
2022-03-10,5530,6600,5470,5730,3639820,0.09560229445506696
2022-03-11,5850,7440,5820,7440,6880519,0.2984293193717278
2022-03-14,7710,8920,7320,7720,18886009,0.037634408602150504
2022-03-15,7650,8350,7440,7770,8178116,0.006476683937823857
2022-03-16,7770,7780,7500,7770,1908782,0.0
2022-03-17,7980,8320,7710,7800,6071084,0.0038610038610038533
2022-03-18,7730,8260,7650,8180,3566683,0.04871794871794877
2022-03-21,8090,8390,7960,8000,2250312,-0.022004889975550168
2022-03-22,8110,8600,7980,8030,3024670,0.00374999999999992
2022-03-23,8070,9380,8000,8630,12590891,0.07471980074719808
2022-03-24,8500,8540,7920,8310,2356368,-0.037079953650057895
2022-03-25,8180,8990,8170,8290,4096460,-0.002406738868832692
2022-03-28,8200,8590,8140,8460,1022421,0.020506634499396936
2022-03-29,8740,9200,8380,8540,4201580,0.009456264775413725
2022-03-30,8470,8500,7800,7910,1098688,-0.07377049180327866
2022-03-31,7730,8130,7700,7880,715250,-0.0037926675094817064
2022-04-01,7820,8230,7810,8050,944467,0.021573604060913798
2022-04-04,8190,9170,8060,9170,6810441,0.13913043478260878
2022-04-05,8940,9990,8800,9290,11718317,0.013086150490730697
2022-04-06,9150,9380,9010,9160,1680746,-0.013993541442411161
2022-04-07,9040,9260,8370,8510,1283637,-0.07096069868995636
2022-04-08,8390,8580,7800,7880,1224770,-0.07403055229142186
2022-04-11,7880,7960,7530,7610,512669,-0.03426395939086291
2022-04-12,7500,7780,7080,7230,976009,-0.04993429697766094
2022-04-13,7220,7310,7030,7210,360395,-0.0027662517289073207
2022-04-14,7230,7520,7200,7390,537695,0.02496532593619971
2022-04-15,7300,7840,7290,7790,716358,0.0541271989174561
2022-04-18,7660,7890,7640,7810,476493,0.0025673940949935137
2022-04-19,7760,8260,7670,8120,1181259,0.03969270166453276
2022-04-20,7950,8070,7750,7750,744698,-0.04556650246305416
2022-04-21,7780,7780,7490,7570,330338,-0.023225806451612874
2022-04-22,7440,7660,7440,7460,261184,-0.014531043593130732
2022-04-25,7310,7880,7260,7580,595869,0.01608579088471851
2022-04-26,7550,7720,7470,7620,277733,0.005277044854881341
2022-04-27,7400,7470,7260,7440,218028,-0.023622047244094446
2022-04-28,7490,7510,7260,7430,209600,-0.0013440860215053752
2022-04-29,7540,8290,7450,7940,1891226,0.06864064602960962
2022-05-02,7710,8440,7700,8270,1583412,0.04156171284634769
2022-05-03,8350,8700,7900,7960,3762057,-0.037484885126964906
2022-05-04,8040,8210,7650,7740,523601,-0.027638190954773822
2022-05-06,7510,7820,7500,7570,259025,-0.021963824289405687
2022-05-09,7470,7570,7200,7310,271005,-0.034346103038309095
2022-05-10,7110,7230,6940,7160,290116,-0.020519835841313228
2022-05-11,7080,7270,6790,6820,296101,-0.04748603351955305
2022-05-12,6770,6790,6200,6300,359286,-0.07624633431085048
2022-05-13,6310,6430,6200,6230,158030,-0.011111111111111072
2022-05-16,6270,6570,6270,6360,186817,0.020866773675762396
2022-05-17,6370,6450,6310,6400,71511,0.0062893081761006275
2022-05-18,6440,6650,6400,6460,187009,0.009374999999999911
2022-05-19,6200,6320,6200,6240,100569,-0.034055727554179516
2022-05-20,6240,6460,6210,6430,103049,0.03044871794871784
2022-05-23,6430,6490,6350,6430,84142,0.0
2022-05-24,6440,6680,6400,6530,225716,0.015552099533437058
2022-05-25,6420,6660,6270,6440,247191,-0.013782542113323082
2022-05-26,6410,6540,6330,6430,99672,-0.0015527950310558758
2022-05-27,6470,6560,6400,6430,86510,0.0
2022-05-30,6510,6720,6430,6620,152048,0.029548989113530322
2022-05-31,6650,6650,6510,6540,59611,-0.012084592145015116
2022-06-02,6510,6550,6340,6400,82171,-0.021406727828746197
2022-06-03,6410,6530,6380,6430,67954,0.004687499999999956
2022-06-07,6400,6420,6260,6260,65294,-0.026438569206842955
2022-06-08,6280,6330,6200,6220,56360,-0.006389776357827448
2022-06-09,6140,6390,5910,5990,168151,-0.036977491961414755
2022-06-10,6000,6110,5810,5920,104136,-0.011686143572620988
2022-06-13,5800,5900,5460,5570,158627,-0.0591216216216216
2022-06-14,5350,5530,5270,5480,139402,-0.016157989228007152
2022-06-15,5400,5510,5100,5170,116442,-0.05656934306569339
2022-06-16,5200,5420,5170,5170,86158,0.0
2022-06-17,5030,5300,4980,5270,92904,0.01934235976789167
2022-06-20,5290,5330,4815,4860,126265,-0.07779886148007586
2022-06-21,4830,5060,4825,5030,88780,0.034979423868312765
2022-06-22,4980,5080,4680,4680,92755,-0.06958250497017893
2022-06-23,4660,4750,4310,4345,114865,-0.07158119658119655
2022-06-24,4280,4580,4280,4510,72131,0.03797468354430378
2022-06-27,4645,4940,4635,4855,137291,0.0764966740576496
2022-06-28,4875,5980,4855,5330,4892720,0.09783728115345003
2022-06-29,5250,6210,5180,5640,4656487,0.05816135084427776
2022-06-30,5690,5720,5400,5400,457607,-0.04255319148936165
2022-07-01,5460,6190,5440,5450,3500581,0.0092592592592593
2022-07-04,5420,5440,5020,5070,330347,-0.06972477064220184
2022-07-05,5070,5880,5070,5460,2560016,0.07692307692307687
2022-07-06,5470,5710,5370,5410,558959,-0.009157509157509125
2022-07-07,5410,5820,5380,5490,465581,0.014787430683918634
2022-07-08,5530,5660,5420,5490,211963,0.0
2022-07-11,5520,5670,5480,5620,181874,0.023679417122040025
2022-07-12,5620,5640,5310,5330,176162,-0.051601423487544484
2022-07-13,5250,5390,5190,5210,118519,-0.022514071294559068
2022-07-14,5080,5340,5080,5180,150817,-0.0057581573896353655
2022-07-15,5190,5260,5050,5110,110057,-0.013513513513513487
2022-07-18,5140,5350,5090,5330,104107,0.04305283757338563
2022-07-19,5280,5350,5230,5320,61193,-0.0018761726078799779
2022-07-20,5370,5470,5320,5370,91545,0.009398496240601517
2022-07-21,5390,5530,5390,5520,118880,0.027932960893854775
2022-07-22,5550,5550,5380,5420,107187,-0.018115942028985477
2022-07-25,5440,5450,5260,5290,67433,-0.023985239852398532
2022-07-26,5230,5420,5230,5340,172343,0.00945179584120992
2022-07-27,5460,5870,5400,5470,1374010,0.02434456928838946
2022-07-28,5530,5630,5380,5470,189174,0.0
2022-07-29,5550,5660,5480,5500,137521,0.005484460694698434
2022-08-01,5510,5680,5440,5600,105365,0.018181818181818077
2022-08-02,5650,5750,5510,5710,359393,0.019642857142857073
2022-08-03,5690,5750,5600,5720,184776,0.0017513134851139256
2022-08-04,5790,5830,5700,5710,185831,-0.0017482517482517723
2022-08-05,5670,5760,5610,5740,104596,0.005253940455341555
2022-08-08,5740,5930,5600,5660,201528,-0.013937282229965153
2022-08-09,5600,5720,5600,5670,75843,0.0017667844522968323
2022-08-10,5670,5670,5510,5520,106981,-0.02645502645502651
2022-08-11,5590,5720,5570,5650,86639,0.023550724637681153
2022-08-12,5680,5810,5660,5680,130323,0.005309734513274433
2022-08-16,5790,5790,5670,5710,82032,0.005281690140845008
2022-08-17,5730,5750,5610,5630,74550,-0.014010507880910628
2022-08-18,5630,5660,5540,5650,74457,0.003552397868561208
2022-08-19,5600,5660,5570,5580,57671,-0.012389380530973493
2022-08-22,5520,5520,5230,5230,157278,-0.06272401433691754
2022-08-23,5080,5970,5030,5070,2612801,-0.030592734225621365
2022-08-24,5120,5300,5060,5270,230271,0.03944773175542404
2022-08-25,5320,5660,5250,5550,523444,0.05313092979127143
2022-08-26,5550,5680,5510,5560,146280,0.0018018018018017834
2022-08-29,5430,5470,5260,5390,76833,-0.030575539568345356
2022-08-30,5340,5540,5340,5440,52275,0.00927643784786647
2022-08-31,5520,5900,5470,5660,764597,0.040441176470588314
2022-09-01,5670,5700,5550,5550,165249,-0.019434628975265045
2022-09-02,5700,5990,5270,5300,1959815,-0.04504504504504503
2022-09-05,5270,5280,5110,5180,98900,-0.02264150943396226
2022-09-06,5100,5260,5100,5180,137384,0.0
2022-09-07,5250,5300,5000,5010,120132,-0.032818532818532864
2022-09-08,5070,5160,5050,5050,60387,0.007984031936127733
2022-09-13,5070,5290,5070,5250,91777,0.03960396039603964
2022-09-14,5050,5360,5040,5230,157182,-0.003809523809523818
2022-09-15,5220,5340,5190,5240,48446,0.0019120458891013214
2022-09-16,5180,5230,5060,5070,93639,-0.03244274809160308
2022-09-19,5070,5070,4810,4820,109413,-0.04930966469428011
2022-09-20,4825,4935,4820,4900,56202,0.016597510373443924
2022-09-21,4895,5010,4880,4905,53309,0.0010204081632652073
2022-09-22,4840,4990,4690,4845,127469,-0.012232415902140636
2022-09-23,4820,5080,4620,4640,204747,-0.042311661506707954
2022-09-26,4520,4590,4240,4245,185484,-0.08512931034482762
2022-09-27,4245,4395,4145,4350,165766,0.02473498233215543
2022-09-28,4285,4430,4115,4150,161926,-0.04597701149425293
2022-09-29,4260,4510,4200,4200,133406,0.012048192771084265
2022-09-30,4030,4355,4030,4225,61934,0.005952380952380931
2022-10-04,4440,4440,4290,4410,29338,0.04378698224852062
2022-10-05,4415,4535,4295,4325,43017,-0.019274376417233507
2022-10-06,4345,4775,4330,4505,131984,0.04161849710982657
2022-10-07,4480,4565,4425,4425,34490,-0.017758046614872347
2022-10-11,4310,4320,4170,4200,44092,-0.05084745762711862
2022-10-12,4200,4250,4130,4195,30213,-0.0011904761904761862
2022-10-13,4195,4195,3925,3945,58754,-0.05959475566150174
2022-10-14,3985,4185,3985,4160,40771,0.05449936628643859
2022-10-17,5400,5400,5230,5400,1519755,0.29807692307692313
2022-10-18,5680,6730,5170,5640,17098421,0.04444444444444451
2022-10-19,5670,7160,5640,6160,19440373,0.09219858156028371
2022-10-20,6300,6670,6160,6260,5402464,0.016233766233766156
2022-10-21,6230,6250,5650,5770,1142320,-0.07827476038338654
2022-10-24,5830,6000,5720,5760,1075861,-0.0017331022530329143
2022-10-25,5720,6150,5700,6030,2848675,0.046875
2022-10-26,5950,5950,5550,5560,748410,-0.07794361525704807
2022-10-27,5570,5620,5400,5450,381718,-0.01978417266187049
2022-10-28,5380,5510,5170,5180,455866,-0.04954128440366967
2022-10-31,5230,5340,5120,5270,324865,0.01737451737451745
2022-11-01,5270,5430,5220,5340,519639,0.013282732447817747
2022-11-02,5300,5410,5170,5240,313381,-0.01872659176029967
2022-11-03,5030,5170,5000,5120,248790,-0.022900763358778664
2022-11-04,5130,5390,4790,4830,597656,-0.056640625
2022-11-07,4850,4990,4850,4985,179175,0.03209109730848869
2022-11-08,4990,5200,4980,5180,237399,0.03911735205616851
2022-11-09,5200,5300,5130,5170,225203,-0.0019305019305019266
2022-11-10,5130,5310,5070,5190,218891,0.003868471953578423
2022-11-11,5270,5300,5210,5220,164888,0.005780346820809301
2022-11-14,5220,5680,5170,5580,644402,0.06896551724137923
2022-11-15,5430,5430,5250,5320,363306,-0.04659498207885304
2022-11-16,5370,6680,5220,6070,13462347,0.14097744360902253
2022-11-17,6020,6030,5710,5870,1194296,-0.0329489291598023
2022-11-18,5960,6520,5830,6090,6910033,0.03747870528109032
2022-11-21,6040,6050,5590,5630,634968,-0.07553366174055831
2022-11-22,5630,5860,5440,5490,635722,-0.0248667850799289
2022-11-23,5460,5650,5460,5530,271944,0.007285974499089187
2022-11-24,5530,5670,5530,5640,229567,0.019891500904159143
2022-11-25,5640,5680,5410,5460,239350,-0.03191489361702127
2022-11-28,5410,5660,5240,5260,682978,-0.03663003663003661
2022-11-29,5210,5350,5120,5290,278652,0.005703422053231932
2022-11-30,5290,5720,5250,5550,905334,0.04914933837429114
2022-12-01,5580,5980,5560,5650,1672606,0.018018018018018056
2022-12-02,5640,5790,5570,5670,266232,0.003539823008849474
2022-12-05,5740,6080,5580,6000,1505177,0.05820105820105814
2022-12-06,5800,5920,5470,5580,726104,-0.06999999999999995
2022-12-07,5660,5660,5270,5300,322378,-0.05017921146953408
2022-12-08,5270,5360,5080,5140,267214,-0.030188679245283012
2022-12-09,5160,5220,5000,5140,156940,0.0
2022-12-12,5090,5140,4960,5020,138489,-0.023346303501945553
2022-12-13,5150,5150,4950,4960,169068,-0.01195219123505975
2022-12-14,4970,5150,4970,5080,100097,0.024193548387096753
2022-12-15,5080,5320,5040,5120,147531,0.007874015748031482
2022-12-16,5030,5080,4985,5030,54748,-0.017578125
2022-12-19,5080,5270,4995,5160,214374,0.025844930417495027
2022-12-20,5110,5180,5040,5040,100149,-0.023255813953488413
2022-12-21,5120,5150,4975,4985,83927,-0.010912698412698374
2022-12-22,5060,5800,5060,5210,3879403,0.04513540621865597
2022-12-23,5130,5440,5120,5390,875053,0.03454894433781197
2022-12-26,5410,5470,5190,5220,533237,-0.03153988868274582
2022-12-27,5220,5990,5220,5400,5095785,0.034482758620689724
2022-12-28,5390,5640,5340,5600,811167,0.03703703703703698
2022-12-29,5530,5600,5410,5470,351206,-0.023214285714285743
2023-01-02,5480,5590,4995,5090,514863,-0.06946983546617913
2023-01-03,5000,5110,4860,5050,453083,-0.007858546168958758
2023-01-04,6560,6560,5480,5700,5251995,0.1287128712871286
2023-01-05,5750,6680,5730,6050,10194736,0.06140350877192979
2023-01-06,6840,7150,6420,6580,6620631,0.08760330578512399
2023-01-09,6770,6900,6510,6630,2281434,0.0075987841945288626
2023-01-10,6520,6690,6400,6690,1020466,0.009049773755656076
2023-01-11,6590,6600,6220,6300,1018257,-0.058295964125560484
2023-01-12,6300,6390,6070,6110,1012576,-0.030158730158730163
2023-01-13,6450,6840,6280,6620,7024379,0.08346972176759415
2023-01-16,6430,7640,6320,7610,6548095,0.14954682779456197
2023-01-17,7430,8250,7220,7600,9971271,-0.0013140604467805073
2023-01-18,7540,8050,7440,7790,5228895,0.02499999999999991
2023-01-19,7390,7400,6940,7050,1376214,-0.09499358151476256
2023-01-20,7060,7260,6940,7200,909618,0.02127659574468077
2023-01-25,7140,7460,7140,7270,1354091,0.009722222222222188
2023-01-26,7300,7380,7050,7220,1299764,-0.00687757909215958
2023-01-27,7770,7950,7420,7470,4055729,0.03462603878116344
2023-01-30,7590,8920,7530,8540,14969140,0.14323962516733602
2023-01-31,8400,8800,8080,8590,3628275,0.005854800936768045
2023-02-01,8800,8920,8120,8190,2765462,-0.04656577415599539
2023-02-02,8180,8380,8070,8350,1006483,0.019536019536019467
2023-02-03,8360,9190,8330,8480,6355836,0.015568862275449069
2023-02-06,8350,8380,7880,8030,1058639,-0.05306603773584906
2023-02-07,8020,8320,7850,8040,1304522,0.001245330012453305
2023-02-08,8170,9860,8170,9390,12205133,0.16791044776119413
2023-02-09,9100,10440,9020,9420,10375283,0.0031948881789136685
2023-02-10,9320,9330,8470,8470,1449126,-0.10084925690021229
2023-02-13,8520,9750,8240,8940,6989654,0.05548996458087374
2023-02-14,8980,9410,8770,8880,2473122,-0.006711409395973145
2023-02-15,8800,8960,8200,8300,1018083,-0.06531531531531531
2023-02-16,8300,8460,8220,8350,521099,0.006024096385542244
2023-02-17,8170,8450,7920,7930,734498,-0.05029940119760479
2023-02-20,7990,8100,7830,8000,336724,0.008827238335435084
2023-02-21,8450,9550,8440,8750,7048217,0.09375
2023-02-22,8540,9890,8540,9160,6322367,0.04685714285714293
2023-02-23,9160,9340,8940,9260,1907080,0.01091703056768556
2023-02-24,9360,10050,8820,9110,5362695,-0.016198704103671746
2023-02-27,9290,9780,9110,9460,4748835,0.03841931942919863
2023-02-28,9310,9340,8980,9050,1013216,-0.04334038054968292
2023-03-02,8960,9020,8460,8460,848450,-0.06519337016574589
2023-03-03,8440,9130,8430,8650,1794355,0.022458628841607542
2023-03-06,8650,8960,8430,8830,671413,0.020809248554913395
2023-03-07,8830,8830,8390,8400,518118,-0.04869762174405434
2023-03-08,8370,8590,8060,8090,533424,-0.036904761904761885
2023-03-09,8080,8900,7830,8180,2488230,0.011124845488257096
2023-03-10,7950,8070,7850,7850,314232,-0.04034229828850855
2023-03-13,7730,7930,7380,7860,386389,0.001273885350318471
2023-03-14,7760,7880,7270,7300,327860,-0.07124681933842236
2023-03-15,7400,7680,7400,7520,254370,0.03013698630136985
2023-03-16,7450,7630,7350,7400,207588,-0.015957446808510634
2023-03-17,7550,7900,7550,7790,424973,0.05270270270270272
2023-03-20,7850,7850,7640,7680,166502,-0.014120667522464658
2023-03-21,7640,7780,7540,7550,219253,-0.01692708333333337
2023-03-22,7630,7900,7580,7790,502266,0.03178807947019857
2023-03-23,7710,7900,7450,7700,403767,-0.011553273427471145
2023-03-24,7780,8060,7700,7950,571790,0.032467532467532534
2023-03-27,8230,8230,7770,7810,439614,-0.017610062893081757
2023-03-28,7940,8020,7780,7780,266459,-0.003841229193341844
2023-03-29,7840,7840,7410,7440,350926,-0.04370179948586117
2023-03-30,7450,7500,7160,7210,400973,-0.03091397849462363
2023-03-31,7280,7310,6980,7030,315323,-0.02496532593619971
2023-04-03,7050,7250,7010,7010,228800,-0.002844950213371278
2023-04-04,7080,7360,7080,7200,208541,0.02710413694721825
2023-04-05,7180,7300,7090,7260,99318,0.008333333333333304
2023-04-06,7210,7210,6910,6930,208685,-0.045454545454545414
2023-04-07,6900,7030,6850,6940,159149,0.0014430014430013571
2023-04-10,6940,6940,6620,6810,188162,-0.018731988472622474
2023-04-11,6750,6840,6610,6820,194618,0.001468428781204123
2023-04-12,6740,6860,6690,6740,148700,-0.011730205278592365
2023-04-13,6650,6820,6440,6780,197594,0.005934718100890191
2023-04-14,6780,7310,6780,7040,1283857,0.03834808259587019
2023-04-17,7040,7340,6910,7230,487322,0.026988636363636465
2023-04-18,7230,7240,6890,6890,235938,-0.047026279391424675
2023-04-19,6890,7050,6890,6930,126275,0.005805515239477588
2023-04-20,6880,6920,6640,6680,142495,-0.03607503607503604
2023-04-21,6600,6810,6560,6580,147255,-0.014970059880239472
2023-04-24,6500,6590,6410,6470,88075,-0.016717325227963542
2023-04-25,6400,6610,6280,6380,114140,-0.01391035548686248
2023-04-26,6380,6630,6280,6410,113565,0.004702194357366851
2023-04-27,6430,6650,6360,6440,190515,0.004680187207488196
2023-04-28,6590,6680,6310,6310,148134,-0.02018633540372672
2023-05-02,6310,6620,6280,6560,110353,0.03961965134706813
2023-05-03,6410,6570,6370,6390,73015,-0.02591463414634143
2023-05-04,6350,6420,6240,6250,68610,-0.021909233176838794
2023-05-08,6260,7020,6260,6410,1266159,0.025600000000000067
2023-05-09,6360,6430,6140,6190,188452,-0.03432137285491421
2023-05-10,6140,6240,5980,5990,131381,-0.03231017770597733
2023-05-11,6000,6290,6000,6100,161829,0.01836393989983298
2023-05-12,6240,6240,5980,6090,76585,-0.0016393442622950616
2023-05-15,6280,6280,5790,5850,173870,-0.039408866995073843
2023-05-16,5850,5980,5750,5770,97700,-0.013675213675213627
2023-05-17,5730,6030,5730,5970,93150,0.03466204506065851
2023-05-18,5980,6130,5980,6070,70821,0.01675041876046901
2023-05-19,6120,6370,6090,6120,314666,0.008237232289950658
2023-05-22,6230,6380,6150,6260,130297,0.02287581699346397
2023-05-23,6250,6400,6220,6290,99685,0.004792332268370503
2023-05-24,6290,6450,6200,6430,164715,0.022257551669316422
2023-05-25,6500,6520,6290,6300,131528,-0.02021772939346811
2023-05-26,6300,6370,6150,6170,70178,-0.020634920634920673
2023-05-30,6180,6500,6170,6480,215636,0.050243111831442366
2023-05-31,6400,6780,6400,6700,509405,0.033950617283950546
2023-06-01,6600,6600,6470,6530,155440,-0.025373134328358193
2023-06-02,6540,6940,6520,6740,770830,0.03215926493108734
2023-06-05,6690,6790,6560,6650,305517,-0.013353115727002929
2023-06-07,6630,6780,6620,6630,207330,-0.003007518796992459
2023-06-08,6550,6610,6390,6450,145243,-0.02714932126696834
2023-06-09,6540,6630,6450,6480,114007,0.0046511627906977715
2023-06-12,6460,6550,6380,6430,108305,-0.007716049382716084
2023-06-13,6430,6560,6430,6520,101221,0.013996889580093264
2023-06-14,6540,6570,6220,6350,156848,-0.0260736196319018
2023-06-15,6290,6550,6260,6380,185855,0.0047244094488188
2023-06-16,6410,6440,6340,6400,48586,0.0031347962382444194
2023-06-19,6400,6400,6210,6300,63177,-0.015625
2023-06-20,6290,6740,6270,6340,227706,0.006349206349206327
2023-06-21,6290,6380,6100,6110,76123,-0.0362776025236593
2023-06-22,6080,6320,6020,6050,114225,-0.009819967266775809
2023-06-23,6070,6150,5910,6010,93323,-0.006611570247933907
2023-06-26,6000,6100,5850,5980,67359,-0.004991680532445919
2023-06-27,5920,6120,5840,6090,105797,0.018394648829431537
2023-06-28,6220,6270,5940,5990,157661,-0.016420361247947435
2023-06-29,5970,6070,5750,5790,91058,-0.03338898163606008
2023-06-30,5770,5850,5660,5740,92412,-0.008635578583765069
2023-07-03,5740,5930,5740,5910,65656,0.029616724738676048
2023-07-04,5870,5940,5820,5840,44851,-0.011844331641285955
2023-07-05,6000,7090,6000,6410,5213519,0.09760273972602729
2023-07-06,6440,6500,6130,6130,553737,-0.043681747269890825
2023-07-07,6250,6350,5950,6000,412544,-0.021207177814029365
2023-07-10,5940,6190,5800,6030,710576,0.004999999999999893
2023-07-11,6530,6550,6070,6080,1032483,0.008291873963515828
2023-07-12,6040,6110,5900,5910,195385,-0.02796052631578949
2023-07-13,5910,6080,5900,5990,159371,0.013536379018612488
2023-07-14,5990,6010,5860,5920,123006,-0.011686143572620988
2023-07-17,5920,6010,5820,5910,100147,-0.0016891891891891442
2023-07-18,5880,5930,5780,5840,98673,-0.011844331641285955
2023-07-19,5880,5940,5670,5730,130571,-0.018835616438356184
2023-07-20,5680,5780,5610,5740,109779,0.0017452006980802626
2023-07-21,5890,6450,5860,5870,1683195,0.022648083623693305
2023-07-24,5840,5870,5640,5690,169691,-0.030664395229982988
2023-07-25,5690,5730,5490,5510,145599,-0.03163444639718804
2023-07-26,5370,5480,4925,5000,397444,-0.09255898366606174
2023-07-27,4975,5230,4970,5120,113286,0.02400000000000002
2023-07-28,5110,5300,5090,5250,80475,0.025390625
2023-07-31,5360,5700,5240,5510,225509,0.049523809523809526
2023-08-01,5500,5830,5450,5670,250754,0.029038112522685955
2023-08-02,5620,5750,5490,5550,98829,-0.021164021164021163
2023-08-03,5500,5500,5200,5400,101182,-0.027027027027026973
2023-08-04,5380,5500,5300,5500,87385,0.0185185185185186
2023-08-07,5480,5610,5370,5550,91735,0.009090909090909038
2023-08-08,5560,5570,5250,5350,103710,-0.036036036036036
2023-08-09,5270,5430,5250,5420,59122,0.013084112149532645
2023-08-10,5420,5420,5280,5390,55431,-0.005535055350553542
2023-08-11,5360,5440,5320,5370,45202,-0.0037105751391465214
2023-08-14,5340,5390,5250,5290,75015,-0.014897579143389184
2023-08-16,5230,5270,5050,5120,104215,-0.032136105860113395
2023-08-17,5040,5220,4965,5140,83739,0.00390625
2023-08-18,5070,5330,4985,5210,94363,0.013618677042801508
2023-08-21,5210,5240,5120,5140,64663,-0.013435700575815779
2023-08-22,5120,5220,5110,5220,58386,0.015564202334630295
2023-08-23,5230,5650,5120,5620,406234,0.07662835249042144
2023-08-24,5560,6170,5480,5690,1708970,0.01245551601423478
2023-08-25,5550,5630,5430,5430,165435,-0.04569420035149385
2023-08-28,5440,5770,5440,5680,232983,0.046040515653775316
2023-08-29,5680,5940,5670,5810,274556,0.022887323943661997
2023-08-30,5920,5980,5810,5940,221358,0.022375215146299476
2023-08-31,6000,6000,5840,5920,136229,-0.0033670033670033517
2023-09-01,5890,6000,5730,5750,115100,-0.028716216216216228
2023-09-04,5750,6000,5670,5870,349535,0.02086956521739136
2023-09-05,5790,6360,5740,5940,871396,0.011925042589437718
2023-09-06,5920,6460,5830,6030,834265,0.015151515151515138
2023-09-07,5960,6090,5850,5950,152697,-0.013266998341625258
2023-09-08,5950,6070,5760,5900,131362,-0.008403361344537785
2023-09-11,5930,6080,5810,5940,185641,0.006779661016949046
2023-09-12,5940,5990,5600,5680,171977,-0.043771043771043794
2023-09-13,5670,5680,5450,5510,113633,-0.029929577464788748
2023-09-14,5580,5680,5500,5570,44186,0.010889292196007316
2023-09-15,5570,5670,5550,5650,51485,0.014362657091562037
2023-09-18,5620,6530,5570,5950,3984961,0.053097345132743445
2023-09-19,5890,5930,5500,5600,484154,-0.05882352941176472
2023-09-20,5590,5630,5420,5430,152391,-0.03035714285714286
2023-09-21,5410,5800,5340,5350,369828,-0.014732965009208066
2023-09-22,5240,5380,5240,5280,96781,-0.013084112149532756
2023-09-25,5260,5350,5200,5200,70231,-0.015151515151515138
2023-09-26,5150,6100,5150,5420,2464312,0.04230769230769238
2023-09-27,5320,5590,5240,5440,247004,0.0036900369003689537
2023-10-04,5380,5380,5070,5110,235423,-0.06066176470588236
2023-10-05,5210,5730,5210,5250,1155268,0.027397260273972712
2023-10-06,5190,5500,5180,5350,181074,0.01904761904761898
2023-10-10,5430,5630,5130,5140,231717,-0.03925233644859816
2023-10-11,5190,5510,5190,5360,224874,0.04280155642023353
2023-10-12,5380,5620,5380,5530,195551,0.03171641791044766
2023-10-13,5530,5550,5290,5360,115248,-0.030741410488245968
2023-10-16,5300,5300,5110,5170,130549,-0.035447761194029814
2023-10-17,5230,5350,5190,5230,68961,0.011605415860735047
2023-10-18,5200,5650,5180,5330,455601,0.019120458891013437
2023-10-19,5220,5260,5050,5080,176178,-0.046904315196998114
2023-10-20,5120,5120,4925,4935,89294,-0.028543307086614123
2023-10-23,4835,4990,4835,4860,45880,-0.015197568389057725
2023-10-24,4870,5070,4820,5050,61463,0.039094650205761416
2023-10-25,5210,5760,5100,5100,1419796,0.00990099009900991
2023-10-26,5000,5050,4920,4940,137238,-0.03137254901960784
2023-10-27,4940,5190,4920,4955,128350,0.0030364372469635637
2023-10-30,4920,5010,4920,4970,43870,0.003027245206861817
2023-10-31,5000,5140,4920,4920,64467,-0.010060362173038184
2023-11-01,4955,5100,4955,5080,94848,0.03252032520325199
2023-11-02,5140,5220,5100,5180,102088,0.019685039370078705
2023-11-03,5180,5300,5150,5250,69642,0.013513513513513598
2023-11-06,5290,5340,5210,5300,99243,0.00952380952380949
2023-11-07,5430,5430,5130,5260,157617,-0.007547169811320753
2023-11-08,5300,5330,5160,5190,34699,-0.013307984790874472
2023-11-09,5220,5220,5090,5100,46060,-0.017341040462427793
2023-11-10,5020,5120,4985,5050,36690,-0.009803921568627416
2023-11-13,5080,5100,4970,4970,41764,-0.015841584158415856
2023-11-14,4940,5090,4940,5090,29223,0.024144869215291687
2023-11-15,5130,5280,5090,5180,93250,0.017681728880157177
2023-11-16,5220,5230,5160,5200,40889,0.0038610038610038533
2023-11-17,5220,5220,5070,5100,44167,-0.019230769230769273
2023-11-20,5130,5250,5090,5220,65808,0.0235294117647058
2023-11-21,5330,5350,5240,5250,79518,0.005747126436781658
2023-11-22,5250,5360,5220,5260,49852,0.0019047619047618536
2023-11-23,5370,5500,5310,5310,205694,0.009505703422053147
2023-11-24,5310,5470,5310,5400,69069,0.016949152542372836
2023-11-27,5450,5450,5320,5360,46262,-0.007407407407407418
2023-11-28,5320,5390,5300,5300,46632,-0.011194029850746245
2023-11-29,5350,5370,5290,5310,44780,0.0018867924528302993
2023-11-30,5340,5370,5250,5320,51882,0.0018832391713747842
2023-12-01,5320,5350,5290,5340,51867,0.003759398496240518
2023-12-04,5340,5340,5240,5260,52067,-0.014981273408239737
2023-12-05,5250,5300,5160,5180,57984,-0.01520912547528519
2023-12-06,5160,5250,5150,5210,19351,0.005791505791505891
2023-12-07,5190,5190,5090,5100,54687,-0.021113243761996192
2023-12-08,5180,5200,5120,5160,25784,0.0117647058823529
2023-12-11,5200,5250,5170,5230,22262,0.013565891472868241
2023-12-12,5270,5340,5250,5260,33865,0.005736137667303964
2023-12-13,5230,5290,5190,5190,38518,-0.013307984790874472
2023-12-14,5230,5250,5070,5070,97914,-0.023121387283236983
2023-12-15,5050,5150,5050,5110,119169,0.007889546351084853
2023-12-18,5210,5270,5160,5190,62535,0.015655577299412915
2023-12-19,5190,5190,5110,5120,26766,-0.013487475915221592
2023-12-20,5120,5170,5120,5140,33163,0.00390625
2023-12-21,5160,5160,5080,5150,34735,0.0019455252918287869
2023-12-22,5130,5160,5110,5110,34414,-0.007766990291262155
2023-12-26,5100,5110,5040,5040,33206,-0.013698630136986356
2023-12-27,5050,5130,5050,5080,22773,0.007936507936507908
2023-12-28,5070,5150,5040,5120,45707,0.007874015748031482
2024-01-02,5100,5220,5090,5200,49387,0.015625
2024-01-03,5240,5250,5130,5200,44128,0.0
2024-01-04,5200,5230,5100,5140,34919,-0.011538461538461497
2024-01-05,5170,5610,5110,5330,927696,0.03696498054474717
2024-01-08,5390,5690,5340,5470,510489,0.026266416510319024
2024-01-09,5670,5670,5370,5620,358337,0.027422303473491727
2024-01-10,5620,5630,5510,5580,125264,-0.007117437722419906
2024-01-11,5580,5660,5550,5590,111009,0.0017921146953405742
2024-01-12,5600,5650,5440,5500,88919,-0.01610017889087656
2024-01-15,5530,5600,5410,5500,80097,0.0
2024-01-16,5460,5600,5350,5440,75091,-0.010909090909090868
2024-01-17,5480,5480,5200,5200,97410,-0.044117647058823484
2024-01-18,5160,5950,5110,5690,4020732,0.09423076923076934
2024-01-19,5690,5760,5520,5700,484042,0.0017574692442883233
2024-01-22,5800,5820,5650,5750,371270,0.00877192982456143
2024-01-23,5740,5920,5620,5790,585011,0.006956521739130528
2024-01-24,5980,5980,5670,5790,365471,0.0
2024-01-25,5850,5900,5600,5700,251495,-0.015544041450777257
2024-01-26,5630,5990,5620,5740,425483,0.007017543859649145
2024-01-29,5800,5820,5530,5590,198206,-0.026132404181184676
2024-01-30,5630,6940,5600,6350,11730577,0.13595706618962433
2024-01-31,6100,6340,5880,6310,2640424,-0.006299212598425252
2024-02-01,6250,6730,5730,5750,5144752,-0.08874801901743268
2024-02-02,5750,5870,5490,5530,618573,-0.03826086956521735
2024-02-05,5510,5540,5410,5480,306523,-0.009041591320072317
2024-02-06,5440,5500,5300,5300,311627,-0.03284671532846717
2024-02-07,5320,5400,5250,5250,140504,-0.009433962264150941
2024-02-08,5250,5390,5250,5290,105763,0.007619047619047636
2024-02-13,5310,5500,5310,5470,167257,0.03402646502835549
2024-02-14,5410,5560,5390,5530,137180,0.010968921389396646
2024-02-15,5530,5580,5490,5500,131705,-0.005424954792043413
2024-02-16,5630,5710,5470,5520,317863,0.0036363636363636598
2024-02-19,5550,5600,5460,5560,140910,0.007246376811594235
2024-02-20,5560,5600,5500,5570,125793,0.0017985611510791255
2024-02-21,5530,5590,5450,5550,122375,-0.0035906642728904536
2024-02-22,5650,5760,5530,5620,340690,0.012612612612612706
2024-02-23,5670,5670,5430,5430,156961,-0.03380782918149461
2024-02-26,5410,5480,5330,5350,120592,-0.014732965009208066
2024-02-27,5350,5450,5230,5250,170456,-0.01869158878504673
2024-02-28,5240,5330,5220,5270,52266,0.003809523809523707
2024-02-29,5250,5300,5160,5190,65096,-0.015180265654648917
2024-03-04,5220,6060,5220,5800,6806769,0.11753371868978801
2024-03-05,5680,5780,5510,5540,462545,-0.04482758620689653
2024-03-06,5510,5750,5510,5550,435707,0.0018050541516245744
2024-03-07,5520,5550,5300,5370,300056,-0.032432432432432434
2024-03-08,5410,5630,5320,5430,216157,0.011173184357541999
2024-03-11,5400,5830,5280,5570,813272,0.025782688766114115
2024-03-12,5540,5650,5480,5610,197516,0.007181328545780907
2024-03-13,5660,5750,5580,5650,314193,0.007130124777183555
2024-03-14,5670,5680,5570,5630,113141,-0.0035398230088495852
2024-03-15,5670,5830,5620,5700,483371,0.01243339253996445
2024-03-18,5710,5750,5570,5580,152430,-0.021052631578947323
2024-03-19,5560,5940,5450,5920,1732059,0.06093189964157708
2024-03-20,5810,5900,5660,5720,470008,-0.03378378378378377
2024-03-21,5720,5780,5640,5740,232714,0.0034965034965035446
2024-03-22,5710,5730,5610,5610,139854,-0.022648083623693416
2024-03-25,5610,5680,5570,5590,97777,-0.0035650623885917776
2024-03-26,5620,5810,5560,5720,410494,0.023255813953488413
2024-03-27,5730,5890,5700,5700,365509,-0.0034965034965035446
2024-03-28,5750,5750,5640,5690,132239,-0.0017543859649122862
2024-03-29,5700,5900,5680,5870,488226,0.03163444639718804
2024-04-01,6340,7630,6110,7630,19739028,0.29982964224872233
2024-04-02,8170,8300,7500,7630,11432225,0.0
2024-04-03,8000,8060,7210,7490,5075012,-0.01834862385321101
2024-04-04,7350,7630,7270,7600,2601719,0.014686248331108098
2024-04-05,7280,7320,6970,7100,1376337,-0.06578947368421051
2024-04-08,6960,7040,6510,6700,1595003,-0.05633802816901412
2024-04-09,6680,6940,6480,6550,1549512,-0.02238805970149249
2024-04-11,6550,6990,6460,6740,1589859,0.02900763358778624
2024-04-12,6900,7830,6870,7290,9616410,0.08160237388724045
2024-04-15,7040,7500,6930,7240,2418192,-0.006858710562414272
2024-04-16,7100,7670,6950,7450,4092410,0.02900552486187835
2024-04-17,7550,7620,7110,7160,1815878,-0.03892617449664426
2024-04-18,6900,7580,6720,7550,1768072,0.0544692737430168
2024-04-19,7370,7490,6920,7170,1238834,-0.050331125827814516
2024-04-22,7040,7250,6850,6860,502867,-0.04323570432357038
2024-04-23,6870,7100,6610,6700,583393,-0.023323615160349864
2024-04-24,6760,6850,6650,6790,305442,0.013432835820895495
2024-04-25,6670,6700,6220,6250,741011,-0.07952871870397649
2024-04-26,6420,6500,6240,6470,793242,0.0351999999999999
2024-04-29,6390,6640,6340,6590,420536,0.018547140649149974
2024-04-30,6590,6750,6500,6610,371764,0.003034901365705611
2024-05-02,6520,6560,6370,6380,234086,-0.03479576399394857
2024-05-03,6450,6500,6300,6350,209534,-0.00470219435736674
