Date,Open,High,Low,Close,Volume,Change
2022-01-03,13800,14500,13800,14450,175897,0.047101449275362306
2022-01-04,14450,14650,14300,14500,81852,0.0034602076124568004
2022-01-05,14450,14500,14150,14250,87026,-0.017241379310344862
2022-01-06,14000,14350,13900,14100,58391,-0.010526315789473717
2022-01-07,14200,16250,14200,15000,1262118,0.06382978723404253
2022-01-10,15100,15150,14650,14900,168435,-0.00666666666666671
2022-01-11,14800,15450,14800,14950,281998,0.003355704697986628
2022-01-12,14950,15200,14950,15000,119556,0.0033444816053511683
2022-01-13,15150,15150,14700,14800,111234,-0.013333333333333308
2022-01-14,14800,15100,14650,14850,86396,0.0033783783783782884
2022-01-17,14850,15000,14650,14750,73438,-0.006734006734006703
2022-01-18,15050,15700,14650,14650,461629,-0.006779661016949157
2022-01-19,14650,15000,14600,14750,94944,0.006825938566553003
2022-01-20,14700,15250,14650,15200,160382,0.03050847457627115
2022-01-21,15000,15400,14900,15100,162220,-0.006578947368421018
2022-01-24,14900,15100,14500,14550,118865,-0.03642384105960261
2022-01-25,14600,14650,13750,13800,143842,-0.05154639175257736
2022-01-26,13800,14100,13700,13700,65647,-0.007246376811594235
2022-01-27,13700,13800,13150,13150,93777,-0.04014598540145986
2022-01-28,13400,13750,13100,13650,62086,0.03802281368821303
2022-02-03,13900,14050,13650,13800,44789,0.01098901098901095
2022-02-04,13750,14250,13650,14100,61981,0.021739130434782705
2022-02-07,14150,14350,14000,14100,35853,0.0
2022-02-08,14050,14250,13900,14100,37268,0.0
2022-02-09,14150,14250,14100,14250,50735,0.010638297872340496
2022-02-10,14300,14300,13900,14000,43800,-0.01754385964912286
2022-02-11,13900,14100,13700,14000,39420,0.0
2022-02-14,13700,13950,13400,13400,57745,-0.042857142857142816
2022-02-15,13350,13600,13150,13200,57166,-0.014925373134328401
2022-02-16,12850,13250,12500,12800,297347,-0.030303030303030276
2022-02-17,12750,13050,12500,12600,122356,-0.015625
2022-02-18,12300,12750,12300,12750,49008,0.011904761904761862
2022-02-21,12600,12600,12400,12600,43988,-0.0117647058823529
2022-02-22,12350,12550,12250,12250,58525,-0.02777777777777779
2022-02-23,12300,12400,12200,12350,36629,0.008163265306122547
2022-02-24,12300,12400,12100,12100,45068,-0.020242914979757054
2022-02-25,12200,12500,12200,12300,29435,0.016528925619834656
2022-02-28,12400,12450,12200,12400,56233,0.008130081300812941
2022-03-02,12300,12500,12300,12500,31656,0.008064516129032251
2022-03-03,12500,12650,12450,12600,55014,0.008000000000000007
2022-03-04,12500,12600,12450,12450,31202,-0.011904761904761862
2022-03-07,12400,12500,11950,11950,121560,-0.04016064257028118
2022-03-08,11850,12000,11600,11750,82883,-0.01673640167364021
2022-03-10,12000,12100,11850,12100,36982,0.029787234042553123
2022-03-11,12100,12100,11900,11950,38793,-0.012396694214875992
2022-03-14,12000,12000,11600,11700,56378,-0.02092050209205021
2022-03-15,11700,12400,11600,12000,104268,0.02564102564102555
2022-03-16,12100,12200,11900,12200,43160,0.016666666666666607
2022-03-17,12850,13400,12750,12850,275038,0.05327868852459017
2022-03-18,13000,13000,12800,12950,59273,0.0077821011673151474
2022-03-21,12950,13000,12800,12800,36307,-0.01158301158301156
2022-03-22,12800,12950,12700,12950,36983,0.01171875
2022-03-23,13000,13150,12900,12950,50333,0.0
2022-03-24,12900,13100,12800,13000,44645,0.0038610038610038533
2022-03-25,13050,13050,12900,12900,35560,-0.007692307692307665
2022-03-28,12750,13000,12750,12950,31268,0.003875968992248069
2022-03-29,13050,13200,12950,12950,60059,0.0
2022-03-30,13050,13150,12900,13000,60794,0.0038610038610038533
2022-03-31,12900,13100,12850,13000,42029,0.0
2022-04-01,12950,13300,12900,13300,83199,0.023076923076922995
2022-04-04,13300,13300,13050,13150,74309,-0.011278195488721776
2022-04-05,13150,13400,12800,13200,152231,0.0038022813688212143
2022-04-06,13150,13200,13000,13100,42836,-0.007575757575757569
2022-04-07,13100,13450,13000,13300,92523,0.01526717557251911
2022-04-08,13350,13350,13050,13150,51538,-0.011278195488721776
2022-04-11,13100,13250,13000,13050,45494,-0.0076045627376425395
2022-04-12,12850,13050,12850,12900,31896,-0.011494252873563204
2022-04-13,12900,13000,12850,12950,29259,0.003875968992248069
2022-04-14,12950,13050,12900,13000,16050,0.0038610038610038533
2022-04-15,12950,13300,12750,13100,73944,0.007692307692307665
2022-04-18,13150,13550,13150,13200,80439,0.007633587786259444
2022-04-19,13400,13400,13100,13300,53013,0.007575757575757569
2022-04-20,13350,13900,13200,13850,123341,0.041353383458646586
2022-04-21,14000,14150,13800,14000,103363,0.010830324909747224
2022-04-22,13900,13950,13700,13800,67462,-0.014285714285714235
2022-04-25,13600,13750,13400,13600,52333,-0.01449275362318836
2022-04-26,13650,13750,13500,13600,52165,0.0
2022-04-27,13200,13600,13200,13400,59911,-0.014705882352941124
2022-04-28,13450,13500,13300,13400,24021,0.0
2022-04-29,13450,13550,13400,13400,29794,0.0
2022-05-02,13300,13300,13000,13150,37472,-0.018656716417910446
2022-05-03,13200,13350,13200,13250,16963,0.0076045627376426506
2022-05-04,13300,13350,13150,13250,28345,0.0
2022-05-06,13100,13150,12950,12950,38467,-0.02264150943396226
2022-05-09,12950,12950,12450,12450,77489,-0.038610038610038644
2022-05-10,12250,12650,12100,12650,44300,0.016064257028112428
2022-05-11,12550,12700,12400,12550,19663,-0.007905138339920903
2022-05-12,12550,12550,12100,12150,36234,-0.031872509960159334
2022-05-13,12150,12400,12150,12350,41490,0.016460905349794164
2022-05-16,12450,12650,12400,12650,23209,0.02429149797570851
2022-05-17,12950,13400,12850,13300,101405,0.05138339920948609
2022-05-18,13300,13450,13150,13200,44057,-0.007518796992481258
2022-05-19,13050,13150,12850,13000,30799,-0.015151515151515138
2022-05-20,13000,13200,12950,13050,19814,0.0038461538461538325
2022-05-23,13050,13050,12900,12950,17357,-0.007662835249042099
2022-05-24,12900,12950,12600,12600,56261,-0.027027027027026973
2022-05-25,12650,12900,12600,12800,40960,0.015873015873015817
2022-05-26,12850,12900,12650,12700,22006,-0.0078125
2022-05-27,12750,12850,12600,12750,38672,0.003937007874015741
2022-05-30,12850,12850,12650,12750,28741,0.0
2022-05-31,12750,13000,12700,12800,29784,0.0039215686274509665
2022-06-02,12850,12850,12650,12750,23317,-0.00390625
2022-06-03,12900,12900,12650,12750,19893,0.0
2022-06-07,12750,12800,12650,12650,20740,-0.007843137254901933
2022-06-08,12650,12800,12600,12650,14159,0.0
2022-06-09,12650,12750,12500,12700,19692,0.0039525691699604515
2022-06-10,12600,12650,12500,12650,10682,-0.003937007874015741
2022-06-13,12450,12550,12050,12050,38368,-0.04743083003952564
2022-06-14,11750,12150,11650,11950,49781,-0.008298755186721962
2022-06-15,11750,12000,11600,11700,49111,-0.02092050209205021
2022-06-16,11700,12050,11600,11600,36627,-0.008547008547008517
2022-06-17,11350,11550,11200,11400,40166,-0.017241379310344862
2022-06-20,11400,11450,10800,10800,67409,-0.052631578947368474
2022-06-21,11000,11100,10850,10950,28318,0.01388888888888884
2022-06-22,10950,11100,10450,10450,51334,-0.045662100456621
2022-06-23,10350,10650,9890,10000,132150,-0.0430622009569378
2022-06-24,10000,10500,10000,10350,46047,0.03499999999999992
2022-06-27,10500,10850,10400,10800,37949,0.04347826086956519
2022-06-28,10800,10850,10550,10800,29214,0.0
2022-06-29,10700,10800,10600,10800,21016,0.0
2022-06-30,10800,10850,10550,10600,33120,-0.01851851851851849
2022-07-01,10600,10750,10250,10450,28712,-0.014150943396226467
2022-07-04,10550,10550,10000,10100,59666,-0.03349282296650713
2022-07-05,10100,10500,10100,10450,27492,0.034653465346534684
2022-07-06,10400,10500,10200,10200,23153,-0.02392344497607657
2022-07-07,10200,10500,10200,10400,23198,0.019607843137254832
2022-07-08,10450,10600,10400,10500,13051,0.009615384615384581
2022-07-11,10450,10650,10400,10400,16368,-0.00952380952380949
2022-07-12,10400,10400,9980,10050,67114,-0.033653846153846145
2022-07-13,10000,10300,9910,10000,100072,-0.00497512437810943
2022-07-14,10100,10250,10000,10100,31943,0.010000000000000009
2022-07-15,10150,10200,9950,10000,37010,-0.00990099009900991
2022-07-18,10150,10550,10100,10500,43105,0.050000000000000044
2022-07-19,10450,10650,10200,10600,23544,0.00952380952380949
2022-07-20,10800,11000,10650,10800,42603,0.018867924528301883
2022-07-21,10800,10900,10650,10800,15272,0.0
2022-07-22,10800,11100,10700,10950,26733,0.01388888888888884
2022-07-25,10850,11050,10800,11000,18912,0.004566210045662045
2022-07-26,11000,11050,10600,10700,51491,-0.027272727272727226
2022-07-27,10700,10900,10600,10850,14721,0.014018691588784993
2022-07-28,11100,11500,11000,11300,116035,0.041474654377880116
2022-07-29,11400,11600,11350,11450,29799,0.01327433628318575
2022-08-01,11400,11500,11300,11350,19656,-0.008733624454148492
2022-08-02,11400,11450,11100,11200,19061,-0.013215859030836996
2022-08-03,11200,11300,11100,11250,15312,0.0044642857142858094
2022-08-04,11300,11450,11250,11450,27214,0.01777777777777767
2022-08-05,11450,11900,11350,11850,55983,0.03493449781659397
2022-08-08,11750,11800,11650,11700,13491,-0.012658227848101222
2022-08-09,11750,11850,11650,11800,18112,0.008547008547008517
2022-08-10,11800,11800,11650,11700,15709,-0.008474576271186418
2022-08-11,11750,11900,11650,11750,26076,0.004273504273504258
2022-08-12,11750,11900,11650,11800,14785,0.004255319148936065
2022-08-16,11850,11950,11700,11900,36633,0.008474576271186418
2022-08-17,12200,12400,11900,11900,75407,0.0
2022-08-18,11850,12000,11700,11850,29823,-0.004201680672268893
2022-08-19,11850,11900,11600,11600,19089,-0.021097046413502074
2022-08-22,11550,11550,11200,11350,27628,-0.02155172413793105
2022-08-23,11300,11450,11050,11150,39341,-0.017621145374449365
2022-08-24,11200,11350,11050,11200,26038,0.004484304932735439
2022-08-25,11200,11400,11150,11400,14382,0.017857142857142794
2022-08-26,11500,11500,11250,11350,17273,-0.004385964912280715
2022-08-29,11000,11100,10900,11000,33920,-0.03083700440528636
2022-08-30,10950,11150,10950,11050,12592,0.00454545454545463
2022-08-31,11050,11600,10950,11400,34567,0.03167420814479649
2022-09-01,11250,11350,11150,11150,27256,-0.021929824561403466
2022-09-02,11150,11400,11150,11150,18630,0.0
2022-09-05,11150,11150,11000,11000,13992,-0.013452914798206317
2022-09-06,11000,11200,11000,11100,12966,0.009090909090909038
2022-09-07,11050,11050,10750,10900,18720,-0.018018018018018056
2022-09-08,10950,11000,10850,10900,7848,0.0
2022-09-13,11000,11300,11000,11200,32769,0.02752293577981657
2022-09-14,10950,11250,10900,11150,21101,-0.004464285714285698
2022-09-15,11050,11200,11000,11100,11064,-0.004484304932735439
2022-09-16,11000,11100,10950,10950,12457,-0.013513513513513487
2022-09-19,10950,11050,10600,10700,17882,-0.022831050228310557
2022-09-20,10700,10900,10600,10650,22430,-0.004672897196261627
2022-09-21,10600,10650,10450,10500,29658,-0.014084507042253502
2022-09-22,10400,10400,10250,10400,16774,-0.00952380952380949
2022-09-23,10400,10450,10150,10200,28871,-0.019230769230769273
2022-09-26,10050,10150,9760,9770,67591,-0.042156862745098
2022-09-27,9710,9870,9620,9730,33644,-0.004094165813715467
2022-09-28,9800,9920,9400,9470,28496,-0.02672147995889007
2022-09-29,9510,9740,9460,9470,16222,0.0
2022-09-30,9400,9410,9000,9290,59158,-0.019007391763463555
2022-10-04,9570,9570,9350,9450,20827,0.017222820236813874
2022-10-05,9570,9640,9300,9370,21567,-0.00846560846560851
2022-10-06,9430,9730,9430,9700,18088,0.03521878335112061
2022-10-07,9700,9780,9590,9600,11805,-0.010309278350515427
2022-10-11,9640,11450,9640,10650,1216392,0.109375
2022-10-12,11000,11400,10500,10650,370540,0.0
2022-10-13,10450,10500,9950,9960,99552,-0.06478873239436622
2022-10-14,10200,10300,10000,10000,88535,0.004016064257028162
2022-10-17,9950,10300,9840,10150,39615,0.014999999999999902
2022-10-18,10200,10300,9990,10200,59470,0.0049261083743843415
2022-10-19,10350,10400,10000,10100,24931,-0.009803921568627416
2022-10-20,10100,10150,9910,9970,32153,-0.012871287128712883
2022-10-21,9900,9970,9870,9880,45996,-0.009027081243731194
2022-10-24,9900,10050,9900,9980,20133,0.010121457489878471
2022-10-25,10100,10100,9930,9980,22045,0.0
2022-10-26,10050,10250,10000,10100,36010,0.012024048096192397
2022-10-27,10050,10300,10050,10300,21780,0.01980198019801982
2022-10-28,10300,10300,10100,10150,14239,-0.014563106796116498
2022-10-31,10250,10300,10100,10300,13151,0.014778325123152802
2022-11-01,10250,10300,10100,10200,12748,-0.009708737864077666
2022-11-02,10200,10200,10000,10050,56301,-0.014705882352941124
2022-11-03,9940,10100,9940,10050,13935,0.0
2022-11-04,10050,10100,9940,10000,18808,-0.00497512437810943
2022-11-07,9960,10350,9960,10150,46029,0.014999999999999902
2022-11-08,10300,10450,10150,10350,28893,0.019704433497536922
2022-11-09,10400,10400,10200,10350,21010,0.0
2022-11-10,10300,10350,10200,10250,13473,-0.009661835748792313
2022-11-11,10450,10550,10250,10450,78830,0.019512195121951237
2022-11-14,10450,10550,10250,10300,92243,-0.014354066985645897
2022-11-15,10300,10500,10250,10450,52157,0.014563106796116498
2022-11-16,10550,10550,10350,10450,37155,0.0
2022-11-17,10450,10450,10150,10250,49094,-0.019138755980861233
2022-11-18,10300,10300,10150,10250,23875,0.0
2022-11-21,10250,10350,10100,10200,39038,-0.004878048780487809
2022-11-22,10200,10300,10150,10200,9636,0.0
2022-11-23,10200,10300,10150,10250,12664,0.004901960784313708
2022-11-24,10300,10500,10250,10350,42773,0.009756097560975618
2022-11-25,10350,10500,10300,10450,23759,0.009661835748792313
2022-11-28,10450,10450,10250,10300,17288,-0.014354066985645897
2022-11-29,10300,10450,10200,10450,17488,0.014563106796116498
2022-11-30,10400,10550,10400,10550,32649,0.009569377990430672
2022-12-01,10600,10900,10550,10750,52425,0.018957345971563955
2022-12-02,10800,10800,10600,10650,15376,-0.009302325581395321
2022-12-05,10650,10800,10550,10600,18126,-0.0046948356807511304
2022-12-06,10600,10700,10500,10600,38546,0.0
2022-12-07,10550,10600,10400,10400,30639,-0.018867924528301883
2022-12-08,10500,10500,9990,10050,112186,-0.033653846153846145
2022-12-09,10150,10250,10050,10200,41332,0.014925373134328401
2022-12-12,10200,10200,10050,10150,26160,-0.004901960784313708
2022-12-13,10200,10250,10050,10150,34487,0.0
2022-12-14,10200,10350,10150,10350,38361,0.019704433497536922
2022-12-15,10300,10350,10200,10250,17664,-0.009661835748792313
2022-12-16,10150,10250,10050,10100,22076,-0.014634146341463428
2022-12-19,10100,10200,10050,10200,16800,0.00990099009900991
2022-12-20,10200,10200,10000,10050,21747,-0.014705882352941124
2022-12-21,10100,10100,10000,10100,19277,0.004975124378109541
2022-12-22,10100,10150,10050,10150,27216,0.004950495049504955
2022-12-23,10050,10100,9980,10100,30009,-0.0049261083743842304
2022-12-26,10150,10150,10000,10100,32269,0.0
2022-12-27,10100,10250,10050,10150,45024,0.004950495049504955
2022-12-28,10050,10100,9980,10000,23153,-0.014778325123152691
2022-12-29,10000,10000,9840,9900,58228,-0.010000000000000009
2023-01-02,9920,10000,9790,9790,22987,-0.011111111111111072
2023-01-03,9950,9950,9680,9900,41359,0.011235955056179803
2023-01-04,9900,9980,9810,9960,17365,0.0060606060606061
2023-01-05,9990,10050,9950,10050,23313,0.009036144578313143
2023-01-06,9970,10150,9970,10150,20143,0.00995024875621886
2023-01-09,10200,10300,10150,10300,21912,0.014778325123152802
2023-01-10,10300,10300,10200,10250,17192,-0.004854368932038833
2023-01-11,10250,10350,10150,10350,46319,0.009756097560975618
2023-01-12,10300,10350,10250,10350,15706,0.0
2023-01-13,10350,11000,10300,11000,168077,0.06280193236714982
2023-01-16,11050,11150,10900,11050,42567,0.00454545454545463
2023-01-17,11150,11150,10800,10950,31267,-0.009049773755656076
2023-01-18,10950,10950,10800,10900,20827,-0.004566210045662156
2023-01-19,10850,11050,10750,11000,18576,0.00917431192660545
2023-01-20,11050,11050,10850,10950,18646,-0.004545454545454519
2023-01-25,11010,11100,10890,10950,12792,0.0
2023-01-26,10950,11100,10950,11010,21456,0.005479452054794498
2023-01-27,11010,11400,11010,11350,56417,0.030881017257039067
2023-01-30,11350,12210,11350,11980,221401,0.05550660792951545
2023-01-31,11980,11980,11500,11590,97197,-0.03255425709515858
2023-02-01,11600,11710,11520,11550,53129,-0.00345125107851596
2023-02-02,11620,11790,11600,11700,38074,0.01298701298701288
2023-02-03,11700,11750,11600,11650,31669,-0.004273504273504258
2023-02-06,11660,11660,11380,11470,30172,-0.015450643776824036
2023-02-07,11460,11640,11420,11490,27546,0.0017436791630340842
2023-02-08,11500,11700,11450,11680,45055,0.01653611836379465
2023-02-09,11680,12010,11610,11860,43997,0.015410958904109595
2023-02-10,11860,12500,11650,12100,307412,0.02023608768971341
2023-02-13,12070,12070,11790,11800,64969,-0.024793388429752095
2023-02-14,11810,11830,11590,11680,39015,-0.01016949152542368
2023-02-15,11700,11710,11300,11300,70682,-0.03253424657534243
2023-02-16,11310,11550,11200,11310,65830,0.0008849557522123686
2023-02-17,10200,10680,10010,10590,772984,-0.06366047745358094
2023-02-20,10590,10600,10270,10450,161643,-0.013220018885741314
2023-02-21,10500,10680,10460,10560,90349,0.010526315789473717
2023-02-22,10450,10550,10370,10380,64276,-0.017045454545454586
2023-02-23,10400,10530,10370,10390,47863,0.0009633911368014392
2023-02-24,10450,10450,10270,10310,51914,-0.007699711260827691
2023-02-27,10230,10230,10100,10130,61010,-0.01745877788554806
2023-02-28,10130,10220,10130,10190,45457,0.005923000987166915
2023-03-02,10160,10230,10120,10200,57582,0.0009813542688910104
2023-03-03,10230,10260,10160,10240,52495,0.0039215686274509665
2023-03-06,10300,10560,10210,10460,140759,0.021484375
2023-03-07,10410,10460,10370,10400,38232,-0.005736137667303964
2023-03-08,10250,10320,10180,10240,64375,-0.01538461538461533
2023-03-09,10270,10270,10080,10180,59934,-0.005859375
2023-03-10,10080,10130,9930,10000,77217,-0.017681728880157177
2023-03-13,9930,10000,9730,9860,79202,-0.014000000000000012
2023-03-14,9790,9790,9420,9430,143873,-0.04361054766734285
2023-03-15,9550,9660,9450,9490,43048,0.006362672322375307
2023-03-16,9410,9530,9320,9470,40015,-0.0021074815595363283
2023-03-17,9560,9640,9520,9550,38656,0.008447729672650395
2023-03-20,9550,9600,9450,9530,29128,-0.0020942408376963817
2023-03-21,9560,9570,9460,9480,35891,-0.005246589716684125
2023-03-22,9530,9560,9400,9460,32481,-0.002109704641350185
2023-03-23,9440,9440,9320,9380,59610,-0.008456659619450302
2023-03-24,9390,9540,9380,9500,44183,0.01279317697228155
2023-03-27,9490,9500,9280,9350,55782,-0.015789473684210575
2023-03-28,9350,9460,9340,9420,24669,0.007486631016042855
2023-03-29,9440,9700,9400,9650,66579,0.02441613588110414
2023-03-30,9700,9840,9660,9780,62150,0.013471502590673534
2023-03-31,9830,9830,9640,9670,51826,-0.011247443762781195
2023-04-03,9670,9790,9630,9690,29157,0.0020682523267838704
2023-04-04,9670,9830,9660,9800,41526,0.011351909184726505
2023-04-05,9830,9950,9760,9860,43351,0.00612244897959191
2023-04-06,9860,9900,9700,9760,47653,-0.010141987829614618
2023-04-07,9710,9850,9710,9740,31531,-0.002049180327868827
2023-04-10,9740,9740,9540,9600,82067,-0.014373716632443578
2023-04-11,9580,9860,9490,9770,100317,0.017708333333333437
2023-04-12,9690,9850,9660,9750,54961,-0.0020470829068577334
2023-04-13,9750,9790,9710,9780,32017,0.003076923076922977
2023-04-14,9800,9880,9780,9780,37225,0.0
2023-04-17,9750,9840,9660,9780,38980,0.0
2023-04-18,9750,9810,9690,9770,48943,-0.0010224948875255935
2023-04-19,9800,9820,9660,9750,62110,-0.0020470829068577334
2023-04-20,9750,9770,9550,9580,56774,-0.017435897435897463
2023-04-21,9550,9580,9330,9380,64554,-0.02087682672233826
2023-04-24,9380,9380,9150,9200,60843,-0.019189765458422214
2023-04-25,9130,9250,9010,9100,83096,-0.010869565217391353
2023-04-26,9030,9270,9000,9110,43841,0.001098901098901095
2023-04-27,9110,9190,9020,9160,26973,0.005488474204171201
2023-04-28,9220,9330,9170,9250,38050,0.009825327510917026
2023-05-02,9250,9350,9230,9300,32131,0.00540540540540535
2023-05-03,9330,9650,9300,9380,66269,0.008602150537634357
2023-05-04,9380,9470,9280,9310,27765,-0.007462686567164201
2023-05-08,9350,9350,9230,9240,30446,-0.007518796992481258
2023-05-09,9240,9320,9120,9250,37521,0.0010822510822510178
2023-05-10,9180,9400,9180,9330,33649,0.00864864864864856
2023-05-11,9340,9400,9310,9400,16850,0.007502679528403
2023-05-12,9400,9400,9250,9270,22835,-0.013829787234042601
2023-05-15,9260,9310,9150,9270,25628,0.0
2023-05-16,9250,9340,9240,9320,23170,0.005393743257820827
2023-05-17,9250,9360,9230,9290,29372,-0.0032188841201716833
2023-05-18,9330,9390,9300,9370,12829,0.008611410118406937
2023-05-19,9370,9520,9370,9480,47966,0.011739594450373536
2023-05-22,9480,9560,9410,9520,20918,0.00421940928270037
2023-05-23,9550,9560,9470,9530,19101,0.0010504201680672232
2023-05-24,9530,9600,9460,9550,47946,0.0020986358866736943
2023-05-25,9550,9570,9410,9460,23106,-0.009424083769633551
2023-05-26,9460,9540,9340,9390,21016,-0.007399577167019
2023-05-30,9390,9500,9360,9490,25694,0.010649627263045858
2023-05-31,9510,9510,9370,9400,17978,-0.009483667017913588
2023-06-01,9430,9550,9350,9480,23445,0.008510638297872353
2023-06-02,9480,9490,9380,9470,16106,-0.0010548523206751481
2023-06-05,9470,9570,9450,9500,24304,0.0031678986272438703
2023-06-07,9460,9540,9420,9480,24390,-0.002105263157894721
2023-06-08,9480,9500,9400,9470,24389,-0.0010548523206751481
2023-06-09,9460,9490,9410,9470,30408,0.0
2023-06-12,9470,9480,9410,9440,36679,-0.0031678986272439813
2023-06-13,9410,9480,9400,9410,20066,-0.0031779661016949623
2023-06-14,9410,9420,9250,9270,41954,-0.014877789585547307
2023-06-15,9280,9320,9170,9200,46773,-0.007551240560949246
2023-06-16,9270,9270,9170,9210,30790,0.0010869565217390686
2023-06-19,9180,9210,9120,9160,20441,-0.005428881650380024
2023-06-20,9150,9430,9140,9390,38164,0.025109170305676942
2023-06-21,9370,9400,9260,9270,12952,-0.012779552715655007
2023-06-22,9270,9280,9200,9230,23054,-0.004314994606256728
2023-06-23,9230,9270,9160,9190,27054,-0.004333694474539573
2023-06-26,9190,9210,9130,9130,15018,-0.006528835690968404
2023-06-27,9120,9220,9110,9200,16246,0.00766703176341732
2023-06-28,9200,9300,9170,9170,28846,-0.003260869565217428
2023-06-29,9120,9310,9100,9160,36116,-0.0010905125408942062
2023-06-30,9150,9210,9100,9160,14099,0.0
2023-07-03,9150,9270,9130,9140,32316,-0.0021834061135370675
2023-07-04,9200,9240,9110,9230,26662,0.009846827133479286
2023-07-05,9190,9250,9130,9180,28498,-0.005417118093174467
2023-07-06,9220,9220,9010,9030,57359,-0.016339869281045805
2023-07-07,9040,9100,8930,8930,28243,-0.011074197120708784
2023-07-10,8900,9000,8750,8760,64552,-0.01903695408734607
2023-07-11,8730,8840,8720,8800,16400,0.004566210045662045
2023-07-12,8700,8880,8700,8800,47775,0.0
2023-07-13,8810,8940,8800,8840,16020,0.00454545454545463
2023-07-14,8900,9240,8850,9070,66822,0.02601809954751122
2023-07-17,9100,9150,8980,9050,21526,-0.0022050716648290836
2023-07-18,9000,9050,8850,8880,42064,-0.018784530386740328
2023-07-19,8880,8950,8770,8820,44086,-0.006756756756756799
2023-07-20,8850,8880,8750,8850,32307,0.00340136054421758
2023-07-21,8850,8870,8730,8770,36307,-0.009039548022598876
2023-07-24,8740,8780,8530,8590,55868,-0.02052451539338651
2023-07-25,8580,8610,8470,8480,50952,-0.012805587892898762
2023-07-26,8430,8470,8060,8160,80108,-0.037735849056603765
2023-07-27,8070,8460,7820,8410,48867,0.030637254901960675
2023-07-28,8410,8490,8300,8410,23264,0.0
2023-07-31,8450,8740,8450,8630,42713,0.026159334126040434
2023-08-01,8650,8720,8570,8660,15923,0.0034762456546928444
2023-08-02,8710,8710,8460,8490,23407,-0.019630484988452657
2023-08-03,8450,8640,8380,8490,19147,0.0
2023-08-04,8530,8610,8440,8550,13940,0.007067137809187329
2023-08-07,8540,8660,8450,8550,11012,0.0
2023-08-08,8620,8620,8400,8530,20097,-0.002339181286549752
2023-08-09,8530,8580,8430,8530,16608,0.0
2023-08-10,8550,8640,8500,8600,12709,0.008206330597889888
2023-08-11,8630,8680,8580,8630,17183,0.0034883720930232176
2023-08-14,8610,8670,8470,8500,22084,-0.015063731170335992
2023-08-16,8450,8470,8230,8290,44722,-0.024705882352941133
2023-08-17,8210,8300,8140,8230,16566,-0.007237635705669487
2023-08-18,8120,8240,8090,8120,18370,-0.013365735115431376
2023-08-21,8120,8180,8010,8120,20801,0.0
2023-08-22,8060,8150,8000,8050,37319,-0.008620689655172376
2023-08-23,8050,8070,7980,8040,14367,-0.001242236024844745
2023-08-24,8080,8080,7980,8040,25717,0.0
2023-08-25,8030,8100,8000,8040,19374,0.0
2023-08-28,8070,8220,8050,8140,25139,0.01243781094527363
2023-08-29,8180,8270,8160,8220,17309,0.00982800982800991
2023-08-30,8250,8290,8200,8250,13928,0.0036496350364962904
2023-08-31,8260,8290,8150,8210,15934,-0.00484848484848488
2023-09-01,8210,8230,8080,8140,19760,-0.008526187576126665
2023-09-04,8140,8190,8030,8100,23599,-0.004914004914004955
2023-09-05,8100,8150,8050,8110,15846,0.0012345679012346622
2023-09-06,8030,8110,7950,7990,44111,-0.01479654747225645
2023-09-07,7990,8010,7910,7970,16390,-0.0025031289111389077
2023-09-08,8000,8000,7920,7970,12517,0.0
2023-09-11,7970,8010,7900,7980,16366,0.0012547051442910462
2023-09-12,8000,8000,7900,7980,21307,0.0
2023-09-13,7940,8030,7880,7980,30909,0.0
2023-09-14,7980,8060,7930,8030,9607,0.006265664160401085
2023-09-15,8040,8390,8040,8360,61536,0.041095890410958846
2023-09-18,8450,8470,8220,8250,17599,-0.013157894736842146
2023-09-19,8240,8330,8110,8150,16814,-0.012121212121212088
2023-09-20,8180,8240,8020,8020,23852,-0.015950920245398792
2023-09-21,7990,8080,7860,7860,40896,-0.01995012468827928
2023-09-22,7810,7920,7810,7900,15919,0.0050890585241729624
2023-09-25,7920,7920,7760,7810,18705,-0.011392405063291089
2023-09-26,7810,7840,7740,7800,11484,-0.001280409731113985
2023-09-27,7800,7850,7700,7810,17156,0.0012820512820512775
2023-10-04,7850,7890,7510,7510,42515,-0.03841229193341866
2023-10-05,7510,7680,7510,7610,18852,0.013315579227696439
2023-10-06,7550,7830,7550,7800,15615,0.024967148488830526
2023-10-10,7750,7860,7590,7700,20895,-0.012820512820512775
2023-10-11,7650,7810,7650,7780,11681,0.010389610389610393
2023-10-12,7740,7850,7740,7780,10725,0.0
2023-10-13,7780,7850,7730,7770,7883,-0.0012853470437017567
2023-10-16,7770,7790,7670,7690,14152,-0.01029601029601035
2023-10-17,7650,7800,7640,7750,14045,0.007802340702210753
2023-10-18,7770,7790,7660,7720,12012,-0.003870967741935516
2023-10-19,7610,7800,7440,7530,38450,-0.024611398963730546
2023-10-20,7400,7480,7200,7300,57150,-0.030544488711819362
2023-10-23,7230,7300,7150,7220,19619,-0.010958904109588996
2023-10-24,7140,7330,7140,7310,18909,0.012465373961218829
2023-10-25,7270,7390,7260,7350,9152,0.00547195622435015
2023-10-26,7230,7320,7080,7120,28769,-0.03129251700680269
2023-10-27,7060,7230,7060,7200,14188,0.011235955056179803
2023-10-30,7200,7240,7110,7220,16160,0.002777777777777768
2023-10-31,7180,7270,7100,7110,37758,-0.015235457063711877
2023-11-01,7110,7180,7090,7140,17974,0.00421940928270037
2023-11-02,7180,7340,7170,7300,25228,0.022408963585434094
2023-11-03,7370,7370,7290,7370,24472,0.009589041095890316
2023-11-06,7400,7500,7310,7500,43883,0.01763907734056991
2023-11-07,7510,7510,7350,7400,27807,-0.013333333333333308
2023-11-08,7440,7500,7380,7470,24472,0.009459459459459474
2023-11-09,7470,7560,7430,7480,22742,0.0013386880856760541
2023-11-10,7470,7530,7360,7500,21410,0.002673796791443861
2023-11-13,7550,7710,7510,7630,38825,0.017333333333333423
2023-11-14,7660,7770,7640,7730,20572,0.013106159895150737
2023-11-15,7730,7820,7700,7760,45584,0.0038809831824062613
2023-11-16,7780,7860,7780,7850,21165,0.011597938144329856
2023-11-17,7890,7960,7790,7920,19608,0.008917197452229297
2023-11-20,7870,8120,7860,8000,44581,0.010101010101010166
2023-11-21,8050,8220,8040,8200,38581,0.02499999999999991
2023-11-22,8200,8550,8180,8530,112741,0.040243902439024426
2023-11-23,8570,8630,8500,8500,53006,-0.003516998827667095
2023-11-24,8500,8570,8440,8500,20383,0.0
2023-11-27,8500,8520,8300,8390,25601,-0.012941176470588234
2023-11-28,8320,8420,8160,8350,34476,-0.004767580452920139
2023-11-29,8350,8470,8180,8240,26992,-0.013173652694610793
2023-11-30,8190,8280,8100,8170,18785,-0.008495145631068013
2023-12-01,8170,8240,8100,8140,19106,-0.003671970624234966
2023-12-04,8130,8160,8060,8100,13380,-0.004914004914004955
2023-12-05,8030,8240,8030,8060,30245,-0.004938271604938316
2023-12-06,8090,8200,8040,8160,16884,0.012406947890818865
2023-12-07,8180,8190,8100,8160,8519,0.0
2023-12-08,8160,8190,8130,8140,39543,-0.002450980392156854
2023-12-11,8600,8830,8220,8250,315024,0.013513513513513598
2023-12-12,8250,8270,8150,8200,42479,-0.0060606060606061
2023-12-13,8250,8250,8100,8130,33105,-0.008536585365853666
2023-12-14,8190,8190,7970,7980,59070,-0.01845018450184499
2023-12-15,8020,8160,8010,8160,24117,0.022556390977443552
2023-12-18,8160,8190,8100,8100,11860,-0.007352941176470562
2023-12-19,8070,8180,8050,8050,27652,-0.006172839506172867
2023-12-20,8070,8150,8070,8150,20265,0.012422360248447228
2023-12-21,8150,8150,8030,8070,22012,-0.009815950920245453
2023-12-22,8060,8150,7990,8030,36498,-0.00495662949194553
2023-12-26,8010,8100,7990,8020,20124,-0.001245330012453305
2023-12-27,7910,8020,7910,7990,30124,-0.0037406483790524137
2023-12-28,8010,8070,7960,8060,7504,0.008760951188986343
2024-01-02,8060,8080,8000,8060,12532,0.0
2024-01-03,8060,8060,7970,8020,11351,-0.00496277915632759
2024-01-04,8020,8040,7920,8020,17623,0.0
2024-01-05,8030,8040,7940,7980,10347,-0.004987531172069848
2024-01-08,8000,8000,7900,7950,10450,-0.003759398496240629
2024-01-09,8000,8010,7880,7950,14263,0.0
2024-01-10,7950,7950,7880,7890,11382,-0.007547169811320753
2024-01-11,7900,7980,7840,7840,23937,-0.006337135614702172
2024-01-12,7900,7900,7780,7780,27203,-0.007653061224489832
2024-01-15,7840,7840,7500,7530,62034,-0.03213367609254503
2024-01-16,7480,7900,7460,7710,53530,0.0239043824701195
2024-01-17,7700,7900,7510,7510,38050,-0.025940337224383936
2024-01-18,7510,7590,7490,7530,16930,0.0026631158455392434
2024-01-19,7640,7700,7550,7590,10922,0.007968127490039834
2024-01-22,7690,7690,7480,7490,11508,-0.013175230566534912
2024-01-23,7450,7680,7440,7490,15200,0.0
2024-01-24,7510,7590,7430,7500,7755,0.001335113484646211
2024-01-25,7580,7580,7400,7520,14273,0.002666666666666595
2024-01-26,7520,7550,7480,7520,13390,0.0
2024-01-29,7570,7700,7500,7690,33720,0.022606382978723305
2024-01-30,7730,7850,7700,7810,14781,0.015604681404421283
2024-01-31,7840,7870,7690,7790,32971,-0.002560819462227859
2024-02-01,7790,8080,7780,8030,48632,0.030808729139923052
2024-02-02,8130,8180,8020,8150,47782,0.014943960149439661
2024-02-05,8100,8360,8100,8300,50038,0.018404907975460016
2024-02-06,8300,8330,8080,8140,27545,-0.01927710843373498
2024-02-07,8130,8200,8100,8150,14792,0.0012285012285011554
2024-02-08,8150,8330,8140,8220,29032,0.008588957055214674
2024-02-13,8280,8370,8220,8300,31226,0.009732360097323589
2024-02-14,8290,8300,8170,8200,18982,-0.012048192771084376
2024-02-15,8200,8250,8100,8140,22294,-0.007317073170731714
2024-02-16,8140,8210,8120,8180,11657,0.004914004914004844
2024-02-19,8190,8400,8180,8350,46412,0.020782396088019572
2024-02-20,8360,8400,8190,8240,27428,-0.013173652694610793
2024-02-21,8220,8280,8170,8210,10724,-0.00364077669902918
2024-02-22,8220,8220,8150,8210,13099,0.0
2024-02-23,8180,8430,8180,8390,66319,0.02192448233861155
2024-02-26,8350,8360,8070,8070,39113,-0.038140643623361115
2024-02-27,8070,8080,7910,7950,44633,-0.014869888475836479
2024-02-28,7990,8100,7900,8100,22334,0.018867924528301883
2024-02-29,8100,8100,7950,7950,23192,-0.01851851851851849
2024-03-04,7970,8040,7890,7890,22974,-0.007547169811320753
2024-03-05,7890,7900,7810,7850,11843,-0.005069708491761693
2024-03-06,7860,7860,7750,7800,15790,-0.006369426751592355
2024-03-07,7780,7850,7700,7730,21474,-0.008974358974358942
2024-03-08,7730,7800,7650,7710,17535,-0.002587322121604174
2024-03-11,7770,7810,7660,7720,6732,0.0012970168612191912
2024-03-12,7800,7800,7700,7730,8810,0.0012953367875647714
2024-03-13,7770,7770,7680,7690,18278,-0.005174644243208237
2024-03-14,7710,7810,7700,7730,3791,0.005201560468140354
2024-03-15,7700,7770,7680,7730,16518,0.0
2024-03-18,7730,7760,7690,7730,10580,0.0
2024-03-19,7730,7730,7650,7690,16358,-0.005174644243208237
2024-03-20,7770,7770,7680,7740,18563,0.006501950585175553
2024-03-21,7770,7800,7730,7800,17265,0.007751937984496138
2024-03-22,7800,7810,7710,7800,10656,0.0
2024-03-25,7810,7820,7750,7790,10339,-0.0012820512820512775
2024-03-26,7820,7820,7750,7800,9764,0.0012836970474967568
2024-03-27,7800,7900,7760,7800,22533,0.0
2024-03-28,7780,7810,7750,7810,13876,0.0012820512820512775
2024-03-29,7780,7850,7690,7770,24870,-0.005121638924455829
2024-04-01,7800,7860,7700,7790,27985,0.002574002574002643
2024-04-02,7730,7800,7700,7740,20631,-0.006418485237484006
2024-04-03,7740,7760,7640,7720,11855,-0.0025839793281653423
2024-04-04,7720,7730,7650,7730,14480,0.0012953367875647714
2024-04-05,7650,7730,7600,7700,22407,-0.0038809831824062613
2024-04-08,7700,7730,7600,7660,14462,-0.0051948051948051965
2024-04-09,7590,7670,7550,7610,27261,-0.00652741514360311
2024-04-11,7550,7650,7510,7600,15826,-0.0013140604467805073
2024-04-12,7640,7640,7520,7570,24412,-0.003947368421052588
2024-04-15,7500,7580,7470,7550,12422,-0.0026420079260237594
2024-04-16,7470,7550,7380,7420,20172,-0.017218543046357615
2024-04-17,7480,7870,7410,7420,28926,0.0
2024-04-18,7420,7500,7410,7410,18693,-0.0013477088948786742
2024-04-19,7440,7450,7270,7330,41673,-0.010796221322537103
2024-04-22,7250,7350,7250,7330,12915,0.0
2024-04-23,7290,7400,7290,7330,17216,0.0
2024-04-24,7340,7450,7320,7450,26074,0.016371077762619368
2024-04-25,7440,7450,7350,7400,11574,-0.006711409395973145
2024-04-26,7450,7470,7370,7440,9220,0.00540540540540535
2024-04-29,7480,7480,7400,7460,25105,0.0026881720430107503
2024-04-30,7450,7480,7400,7460,20854,0.0
2024-05-02,7460,7800,7460,7720,106068,0.034852546916890104
2024-05-03,7720,7800,7620,7640,17163,-0.010362694300518172
2024-05-07,7720,7720,7610,7650,13957,0.0013089005235602524
2024-05-08,7700,7700,7580,7650,18705,0.0
2024-05-09,7670,7680,7580,7650,9342,0.0
2024-05-10,7650,7740,7640,7710,12845,0.007843137254901933
2024-05-13,7710,7750,7600,7690,22163,-0.0025940337224383825
2024-05-14,7690,7700,7600,7650,24424,-0.005201560468140465
2024-05-16,7700,7700,7600,7700,22852,0.006535947712418277
2024-05-17,7720,7830,7660,7820,37630,0.01558441558441559
2024-05-20,7800,7820,7660,7770,65254,-0.006393861892583175
2024-05-21,7800,7800,7680,7750,12207,-0.002574002574002532
2024-05-22,7750,7750,7660,7740,39292,-0.001290322580645209
2024-05-23,7760,7760,7640,7670,23865,-0.009043927648578864
2024-05-24,7660,7680,7600,7660,14618,-0.0013037809647978849
2024-05-27,7660,7680,7540,7630,22109,-0.003916449086161844
2024-05-28,7620,7660,7570,7630,4297,0.0
2024-05-29,7660,7660,7430,7530,37802,-0.013106159895150737
2024-05-30,7450,7530,7340,7420,29503,-0.014608233731739695
2024-05-31,7420,7440,7350,7410,19037,-0.0013477088948786742
2024-06-03,7410,7530,7400,7510,17908,0.013495276653171295
2024-06-04,7500,7560,7430,7500,13807,-0.0013315579227696217
2024-06-05,7510,7530,7460,7520,12339,0.002666666666666595
2024-06-07,7560,7560,7460,7540,11423,0.0026595744680850686
2024-06-10,7530,7530,7480,7520,5928,-0.0026525198938992522
2024-06-11,7540,7540,7440,7480,16289,-0.005319148936170248
2024-06-12,7480,7500,7390,7440,24661,-0.005347593582887722
2024-06-13,7460,7490,7410,7460,7641,0.0026881720430107503
2024-06-14,7450,7480,7400,7460,12243,0.0
2024-06-17,7460,7470,7380,7380,13760,-0.01072386058981234
2024-06-18,7400,7460,7380,7430,11312,0.006775067750677488
2024-06-19,7430,7460,7390,7420,22787,-0.0013458950201884479
2024-06-20,7460,7520,7410,7470,27726,0.006738544474393482
2024-06-21,7470,7500,7420,7500,8703,0.004016064257028162
2024-06-24,7500,7530,7480,7510,16213,0.0013333333333334085
2024-06-25,7470,7530,7460,7530,15309,0.0026631158455392434
2024-06-26,7540,7540,7430,7430,14284,-0.013280212483399723
2024-06-27,7400,7460,7400,7440,8977,0.0013458950201883368
2024-06-28,7420,7520,7420,7490,7403,0.006720430107526987
2024-07-01,7440,7590,7440,7580,25214,0.012016021361815676
2024-07-02,7550,7680,7550,7640,3281951,0.0079155672823219
2024-07-03,7850,8200,7730,7950,232071,0.04057591623036649
2024-07-04,7960,7980,7830,7960,33908,0.0012578616352201255
2024-07-05,8050,8050,7900,7910,54684,-0.006281407035175879
2024-07-08,7990,7990,7910,7910,14295,0.0
2024-07-09,7910,8070,7880,7950,41825,0.005056890012642201
2024-07-10,8000,8030,7880,8010,14772,0.007547169811320753
2024-07-11,8060,8230,8040,8190,80039,0.022471910112359605
2024-07-12,8180,8200,8110,8110,13716,-0.009768009768009733
2024-07-15,8100,8170,8040,8150,11593,0.004932182490752224
2024-07-16,8140,8150,8070,8150,18382,0.0
2024-07-17,8160,8160,8050,8150,16497,0.0
2024-07-18,8140,8140,8000,8000,12073,-0.018404907975460127
2024-07-19,7980,8020,7890,7950,24808,-0.006249999999999978
2024-07-22,7890,7960,7780,7780,12570,-0.021383647798742134
2024-07-23,7770,7900,7760,7830,12396,0.006426735218509005
2024-07-24,7830,7830,7700,7700,16262,-0.016602809706257937
2024-07-25,7670,7670,7520,7630,26742,-0.009090909090909038
2024-07-26,7690,7700,7630,7670,12146,0.005242463958060384
2024-07-29,7710,7720,7660,7710,9626,0.0052151238591917615
2024-07-30,7660,7700,7570,7620,10573,-0.011673151750972721
2024-07-31,7620,7650,7470,7620,36994,0.0
2024-08-01,7640,7720,7600,7660,8943,0.005249343832020914
2024-08-02,7670,7670,7350,7460,46496,-0.026109660574412552
2024-08-05,7320,7340,6320,6520,116665,-0.12600536193029488
2024-08-06,6300,6890,6300,6700,82112,0.027607361963190247
2024-08-07,6690,6950,6680,6730,22052,0.004477611940298498
2024-08-08,6670,6850,6660,6820,11620,0.013372956909361022
2024-08-09,6880,6990,6860,6890,21796,0.01026392961876832
2024-08-12,6910,7000,6890,6920,14200,0.004354136429608024
2024-08-13,6920,6950,6800,6870,21264,-0.007225433526011571
2024-08-14,6910,6990,6890,6970,15383,0.01455604075691408
2024-08-16,7030,7090,7000,7070,23119,0.01434720229555242
2024-08-19,7090,7180,7010,7050,22854,-0.0028288543140028155
2024-08-20,7050,7080,7020,7030,10584,-0.0028368794326241176
2024-08-21,7030,7050,6990,7030,12553,0.0
2024-08-22,7030,7050,6850,6930,43057,-0.014224751066856278
2024-08-23,6870,6950,6840,6920,28472,-0.0014430014430014682
2024-08-26,6910,6940,6730,6780,45506,-0.020231213872832332
2024-08-27,6780,6810,6700,6790,18538,0.001474926253687281
2024-08-28,6710,6790,6650,6690,36443,-0.014727540500736325
2024-08-29,6620,6700,6610,6680,8762,-0.001494768310911776
2024-08-30,6700,6780,6660,6690,21197,0.0014970059880239361
2024-09-02,6690,6750,6600,6750,21557,0.008968609865470878
2024-09-03,6760,6800,6710,6770,10429,0.002962962962963056
2024-09-04,6670,6720,6480,6480,35600,-0.04283604135893648
2024-09-05,6480,6600,6470,6470,14799,-0.0015432098765432167
2024-09-06,6500,6530,6340,6360,24100,-0.01700154559505407
2024-09-09,6240,6410,6240,6410,10812,0.007861635220125729
2024-09-10,6420,6450,6300,6350,27800,-0.009360374414976613
2024-09-11,6220,6410,6220,6240,45009,-0.017322834645669305
2024-09-12,6300,6410,6300,6410,15847,0.027243589743589647
2024-09-13,6360,6520,6360,6490,15122,0.012480499219968744
2024-09-19,6490,6560,6460,6550,14073,0.009244992295839749
2024-09-20,6560,6620,6470,6470,14609,-0.012213740458015265
2024-09-23,6410,6530,6410,6500,4088,0.004636785162287493
2024-09-24,6460,6580,6460,6580,9445,0.012307692307692353
2024-09-25,6590,6640,6540,6550,22298,-0.00455927051671734
2024-09-26,6560,6660,6560,6630,17416,0.012213740458015376
2024-09-27,6690,6690,6600,6630,6060,0.0
2024-09-30,6630,6640,6480,6540,13171,-0.013574660633484115
2024-10-02,6480,6530,6400,6430,11269,-0.016819571865443472
2024-10-04,6430,6510,6410,6500,17614,0.010886469673405896
2024-10-07,6500,6570,6370,6530,29227,0.004615384615384688
2024-10-08,6530,6530,6430,6450,11837,-0.01225114854517606
2024-10-10,6460,6870,6460,6840,42219,0.0604651162790697
2024-10-11,6820,6870,6700,6700,9391,-0.020467836257309968
2024-10-14,6700,6910,6650,6910,30808,0.03134328358208949
2024-10-15,6800,7100,6760,7100,46380,0.02749638205499272
2024-10-16,7080,7340,6960,7280,57483,0.025352112676056304
2024-10-17,7260,7350,7100,7160,19206,-0.016483516483516536
2024-10-18,7160,7190,6900,7000,24127,-0.022346368715083775
2024-10-21,7000,7000,6850,6870,13303,-0.018571428571428572
2024-10-22,6880,7150,6770,6870,30016,0.0
2024-10-23,6910,6910,6780,6860,7212,-0.0014556040756914523
2024-10-24,6860,6870,6760,6770,8424,-0.013119533527696792
2024-10-25,6800,6840,6660,6700,16660,-0.010339734121122546
2024-10-28,6640,6760,6640,6700,9245,0.0
2024-10-29,6740,6750,6650,6730,10814,0.004477611940298498
2024-10-30,6740,6750,6670,6720,5377,-0.0014858841010401136
2024-10-31,6690,6730,6650,6700,9225,-0.0029761904761904656
2024-11-01,6630,6700,6630,6640,7439,-0.008955223880596996
2024-11-04,6670,6710,6620,6710,5005,0.010542168674698704
2024-11-05,6700,6760,6640,6760,20140,0.007451564828613977
2024-11-06,6720,6780,6700,6700,18057,-0.00887573964497046
2024-11-07,6740,6750,6630,6630,14561,-0.010447761194029903
2024-11-08,6670,6690,6570,6590,16708,-0.006033182503770718
2024-11-11,6560,6590,6390,6400,17784,-0.028831562974203306
2024-11-12,6380,6400,6130,6200,45400,-0.03125
2024-11-13,6120,6450,5890,5930,68771,-0.04354838709677422
2024-11-14,5940,6130,5860,5870,31220,-0.010118043844856706
2024-11-15,5800,5990,5710,5960,29808,0.015332197614991383
2024-11-18,5920,6170,5910,5980,47540,0.003355704697986628
2024-11-19,6010,6060,5970,6040,14622,0.010033444816053505
2024-11-20,6010,6060,5920,5980,27710,-0.009933774834437137
2024-11-21,5970,6110,5860,5970,34030,-0.0016722408026755842
2024-11-22,5960,6070,5960,6070,21442,0.01675041876046901
2024-11-25,6070,6200,6030,6080,25793,0.0016474464579900872
2024-11-26,6100,6130,6040,6130,10549,0.008223684210526327
2024-11-27,6130,6200,6100,6140,15171,0.0016313213703098572
2024-11-28,6100,6160,6080,6130,15518,-0.0016286644951140072
2024-11-29,6140,6140,5910,5930,27087,-0.03262642740619903
2024-12-02,5990,5990,5800,5820,34089,-0.018549747048903886
2024-12-03,5800,5930,5800,5920,26544,0.01718213058419238
2024-12-04,5860,5900,5710,5800,26824,-0.020270270270270285
2024-12-05,5810,5810,5720,5730,8469,-0.012068965517241348
2024-12-06,5740,5770,5510,5650,38390,-0.013961605584642212
2024-12-09,5620,5640,5210,5300,91670,-0.06194690265486724
2024-12-10,5300,5550,5300,5520,23535,0.04150943396226414
2024-12-11,5520,5780,5520,5740,14018,0.03985507246376807
2024-12-12,5720,5770,5680,5740,24229,0.0
2024-12-13,5740,5820,5710,5800,17252,0.010452961672473782
2024-12-16,5830,5930,5830,5870,20933,0.012068965517241459
2024-12-17,5870,5870,5800,5860,20554,-0.0017035775127768327
2024-12-18,5870,5900,5740,5860,21634,0.0
2024-12-19,5770,5840,5740,5740,15788,-0.020477815699658675
2024-12-20,5780,5780,5660,5720,8251,-0.0034843205574912606
2024-12-23,5740,5790,5640,5790,11636,0.012237762237762295
2024-12-24,5790,6200,5740,5910,42612,0.020725388601036343
2024-12-26,5920,5930,5790,5880,29765,-0.005076142131979711
2024-12-27,5800,5860,5650,5720,14842,-0.027210884353741527
2024-12-30,5700,5730,5640,5710,5034,-0.0017482517482517723
2025-01-02,5710,5750,5660,5710,8408,0.0
2025-01-03,5710,5780,5670,5780,5725,0.012259194395796813
2025-01-06,5810,5900,5760,5880,14468,0.01730103806228378
2025-01-07,5830,5930,5830,5880,13375,0.0
2025-01-08,5850,5910,5830,5910,9238,0.005102040816326481
2025-01-09,5950,5980,5850,5980,8440,0.011844331641285955
2025-01-10,5980,5980,5910,5980,11709,0.0
2025-01-13,6000,6000,5850,5890,9758,-0.015050167224080258
2025-01-14,5910,5950,5860,5860,9338,-0.005093378607809895
2025-01-15,5910,5910,5800,5830,7905,-0.005119453924914641
2025-01-16,5830,5900,5810,5840,16623,0.0017152658662091813
2025-01-17,5880,5890,5810,5850,7857,0.001712328767123239
2025-01-20,5850,5950,5810,5880,16888,0.00512820512820511
2025-01-21,5960,5960,5870,5900,4555,0.00340136054421758
2025-01-22,5960,5990,5840,5970,13894,0.011864406779660941
2025-01-23,5980,5980,5860,5860,14858,-0.018425460636515956
2025-01-24,5900,5980,5860,5900,9463,0.006825938566553003
2025-01-31,5900,5910,5810,5830,12013,-0.011864406779661052
2025-02-03,5800,5880,5690,5730,12767,-0.01715265866209259
2025-02-04,5700,5790,5700,5720,6576,-0.0017452006980802626
2025-02-05,5740,5780,5740,5770,9374,0.00874125874125875
2025-02-06,5770,5810,5740,5760,8961,-0.0017331022530329143
2025-02-07,5800,5890,5740,5760,10272,0.0
2025-02-10,5760,5800,5720,5750,11739,-0.0017361111111111605
2025-02-11,5800,5800,5740,5760,14034,0.0017391304347826875
2025-02-12,5800,5820,5750,5810,12132,0.00868055555555558
2025-02-13,5830,5850,5730,5840,17955,0.005163511187607606
2025-02-14,5840,6010,5790,5870,33790,0.005136986301369939
2025-02-17,5880,6150,5880,6150,67620,0.047700170357751315
2025-02-18,6150,6430,6100,6370,77012,0.03577235772357734
2025-02-19,6340,6370,6250,6300,43759,-0.01098901098901095
2025-02-20,6290,6290,6150,6160,15976,-0.022222222222222254
2025-02-21,6120,6180,6020,6150,17826,-0.0016233766233766378
2025-02-24,6150,6250,6080,6180,15171,0.004878048780487809
2025-02-25,6130,6310,6110,6200,28020,0.003236245954692629
2025-02-26,6200,6270,6140,6200,24343,0.0
2025-02-27,6200,6320,6170,6220,17519,0.003225806451612856
2025-02-28,6210,6240,6110,6140,22772,-0.012861736334405127
2025-03-04,6210,6210,6000,6020,29683,-0.019543973941368087
2025-03-05,5950,6640,5950,6400,160357,0.06312292358803995
2025-03-06,6400,6420,6250,6250,26880,-0.0234375
2025-03-07,6210,6400,6190,6350,12152,0.016000000000000014
2025-03-10,6360,6360,6200,6320,17157,-0.0047244094488189115
2025-03-11,6280,6440,6220,6440,14983,0.018987341772152
2025-03-12,6460,6540,6370,6520,23038,0.012422360248447228
2025-03-13,6530,6545,6460,6460,31955,-0.009202453987730008
2025-03-14,6400,6510,6390,6470,8723,0.001547987616099089
2025-03-17,6490,6510,6420,6510,9280,0.0061823802163833985
2025-03-18,6510,6680,6450,6670,459441,0.02457757296466978
2025-03-19,6650,6840,6610,6840,49676,0.025487256371814038
2025-03-20,6820,6860,6680,6690,33606,-0.021929824561403466
2025-03-21,6700,6700,6550,6600,11915,-0.013452914798206317
2025-03-24,6640,6650,6490,6640,17283,0.0060606060606061
2025-03-25,6650,6670,6380,6510,32400,-0.01957831325301207
2025-03-26,6510,6550,6400,6550,18920,0.006144393241167334
2025-03-27,6500,6520,6390,6430,16316,-0.018320610687022953
2025-03-28,6410,6420,6240,6340,27230,-0.013996889580093264
2025-03-31,6300,6330,6100,6180,29683,-0.025236593059936863
2025-04-01,6200,6300,6150,6270,31327,0.014563106796116498
2025-04-02,6280,6280,5990,6030,79376,-0.038277511961722466
2025-04-03,5940,6050,5890,5960,21404,-0.011608623548922004
2025-04-04,6010,6040,5790,5930,22817,-0.005033557046979831
2025-04-07,5740,5890,5590,5650,39229,-0.04721753794266437
2025-04-08,5700,5790,5690,5720,18956,0.012389380530973382
2025-04-09,5680,5760,5610,5740,12009,0.0034965034965035446
2025-04-10,5830,5890,5790,5870,27011,0.022648083623693305
2025-04-11,5830,5910,5790,5910,15693,0.006814310051107331
2025-04-14,5920,6160,5900,6150,18477,0.04060913705583746
2025-04-15,6160,6240,6150,6160,12083,0.001626016260162677
2025-04-16,6160,6250,6020,6120,25003,-0.00649350649350644
2025-04-17,6120,6170,6060,6140,10807,0.0032679738562091387
2025-04-18,6150,6170,6080,6160,8972,0.0032573289902280145
2025-04-21,6170,6310,6080,6300,35404,0.022727272727272707
2025-04-22,6320,6370,6240,6310,18193,0.0015873015873015817
2025-04-23,6380,6490,6320,6480,23033,0.02694136291600624
2025-04-24,6480,6500,6290,6290,38152,-0.029320987654321007
2025-04-25,6310,6610,6310,6590,36070,0.04769475357710662
2025-04-28,6620,6640,6520,6550,25472,-0.006069802731411222
2025-04-29,6600,6600,6460,6540,20162,-0.0015267175572518665
2025-04-30,6540,6610,6490,6490,18345,-0.007645259938837912
2025-05-02,6480,6480,6370,6380,7456,-0.016949152542372836
2025-05-07,6530,6540,6360,6450,10460,0.01097178683385569
2025-05-08,6470,6470,6300,6320,31227,-0.020155038759689936
2025-05-09,6390,6390,6210,6320,14899,0.0
2025-05-12,6400,6490,6250,6480,30496,0.025316455696202445
2025-05-13,6510,6550,6460,6510,8936,0.004629629629629539
2025-05-14,6510,6540,6460,6530,8368,0.003072196620583778
2025-05-15,6560,6560,6470,6530,12531,0.0
2025-05-16,6550,6680,6460,6550,41083,0.003062787136294043
2025-05-19,6600,6600,6390,6390,23092,-0.02442748091603053
2025-05-20,6430,6470,6410,6430,8390,0.006259780907668322
2025-05-21,6510,6650,6430,6630,46246,0.031104199066874116
2025-05-22,6620,6850,6520,6850,35513,0.03318250377073917
2025-05-23,6850,7070,6720,6900,65881,0.007299270072992803
2025-05-26,7010,7210,7010,7150,48730,0.03623188405797095
2025-05-27,7150,7170,6940,7060,27946,-0.012587412587412583
2025-05-28,7110,7300,7030,7300,39377,0.03399433427762033
2025-05-29,7300,7570,7210,7530,155612,0.03150684931506853
2025-05-30,7550,7550,7320,7400,32785,-0.01726427622841964
2025-06-02,7440,7440,7270,7270,17591,-0.01756756756756761
2025-06-04,7280,7600,7270,7420,126317,0.02063273727647874
2025-06-05,7460,7460,7290,7370,74902,-0.006738544474393482
2025-06-09,7510,8000,7440,7890,160960,0.07055630936227941
2025-06-10,7890,7950,7600,7670,60534,-0.027883396704689534
2025-06-11,7730,7900,7580,7860,47758,0.024771838331160367
2025-06-12,7900,7930,7760,7850,47068,-0.0012722646310432406
2025-06-13,7880,7900,7440,7550,172816,-0.03821656050955413
2025-06-16,7550,7910,7450,7900,49250,0.04635761589403975
2025-06-17,7900,8000,7610,7820,54373,-0.010126582278481067
2025-06-18,7790,7810,7650,7790,67261,-0.0038363171355498826
2025-06-19,7800,8000,7700,7890,30286,0.012836970474968012
2025-06-20,7890,7920,7650,7910,64800,0.0025348542458809575
2025-06-23,7900,7920,7610,7810,79039,-0.012642225031605614
2025-06-24,7850,8070,7840,8050,58218,0.030729833546734975
2025-06-25,8040,8090,8000,8030,29750,-0.00248447204968949
2025-06-26,7960,8060,7810,7850,40064,-0.02241594022415938
2025-06-27,7850,7920,7760,7830,24547,-0.002547770700636942
2025-06-30,7830,7880,7600,7720,68983,-0.01404853128991057
2025-07-01,7720,8050,7690,7970,68624,0.032383419689119064
2025-07-02,7970,7970,7710,7920,29831,-0.006273525721455453
2025-07-03,7940,7960,7780,7870,45703,-0.0063131313131312705
2025-07-04,7870,7910,7670,7790,33725,-0.010165184243964398
2025-07-07,7770,7770,7530,7600,40343,-0.024390243902439046
2025-07-08,7650,7760,7580,7700,74615,0.013157894736842035
2025-07-09,7740,8360,7690,8320,151281,0.08051948051948044
2025-07-10,8370,8380,7960,8320,77007,0.0
2025-07-11,8320,8430,8200,8300,62948,-0.0024038461538461453
2025-07-14,8260,8430,8130,8370,92401,0.008433734939758963
2025-07-15,8420,8420,8220,8400,90836,0.0035842293906809264
2025-07-16,8420,8550,8140,8140,105648,-0.030952380952380953
2025-07-17,8100,8400,8100,8390,80476,0.03071253071253066
2025-07-18,8400,8400,8190,8200,123836,-0.022646007151370662
2025-07-21,8200,8420,8150,8320,107987,0.014634146341463428
2025-07-22,8320,8330,8150,8240,114363,-0.009615384615384581
2025-07-23,8250,8300,8080,8190,104518,-0.0060679611650485965
2025-07-24,8200,8280,8090,8120,53811,-0.008547008547008517
2025-07-25,8120,8230,7990,7990,63442,-0.016009852216748777
2025-07-28,7980,7990,7610,7700,120442,-0.03629536921151444
2025-07-29,7700,7750,7540,7700,28973,0.0
2025-07-30,7730,7820,7680,7700,40245,0.0
2025-07-31,7750,7780,7690,7760,19714,0.007792207792207684
2025-08-01,7750,7760,7370,7400,108071,-0.046391752577319534
2025-08-04,7360,7640,7360,7630,25893,0.031081081081081097
2025-08-05,7610,7810,7610,7710,35439,0.010484927916120546
2025-08-06,7710,7850,7680,7770,14158,0.0077821011673151474
2025-08-07,7760,7910,7750,7800,41630,0.0038610038610038533
2025-08-08,7800,7930,7760,7810,24810,0.0012820512820512775
2025-08-11,7860,8000,7800,7880,24263,0.008962868117797784
2025-08-12,7900,8070,7880,7960,20469,0.010152284263959421
2025-08-13,8030,8250,7960,8200,117438,0.03015075376884413
2025-08-14,8180,8200,7910,8020,25797,-0.02195121951219514
2025-08-18,8000,8020,7780,7900,70855,-0.014962593516209433
2025-08-19,7900,7940,7850,7880,15122,-0.0025316455696202667
2025-08-20,7820,7880,7700,7780,57251,-0.012690355329949221
2025-08-21,7780,7870,7750,7850,11877,0.008997429305912519
2025-08-22,7830,7960,7810,7920,17952,0.008917197452229297
2025-08-25,7920,8100,7920,8070,30061,0.018939393939394034
2025-08-26,8000,8230,7970,8200,46929,0.01610904584882289
2025-08-27,8280,8280,8040,8160,26463,-0.004878048780487809
2025-08-28,8180,8220,8090,8190,26841,0.003676470588235281
2025-08-29,8210,8230,8080,8170,30874,-0.0024420024420024333
2025-09-01,8160,8310,8100,8270,82962,0.012239902080783294
2025-09-02,8270,8320,8110,8110,13690,-0.019347037484885088
2025-09-03,8100,8220,8080,8190,10012,0.009864364981504226
2025-09-04,8200,8270,8100,8190,14061,0.0
2025-09-05,8210,8470,8180,8450,59427,0.031746031746031855
2025-09-08,8450,8450,8190,8250,20769,-0.023668639053254448
2025-09-09,8250,8500,8080,8470,49211,0.026666666666666616
2025-09-10,8470,8770,8410,8600,139123,0.015348288075560879
2025-09-11,8630,8630,8410,8520,34161,-0.009302325581395321
2025-09-12,8620,8620,8040,8450,111150,-0.008215962441314506
2025-09-15,8470,8480,8330,8360,55749,-0.010650887573964485
2025-09-16,8360,8500,8170,8260,162945,-0.011961722488038284
2025-09-17,8340,8360,8120,8270,59205,0.001210653753026536
2025-09-18,8260,8420,8260,8380,45053,0.01330108827085863
2025-09-19,8500,8570,8400,8430,61834,0.005966587112171906
2025-09-22,8410,8560,8340,8360,71690,-0.008303677342823224
2025-09-23,8370,8490,8310,8420,24419,0.0071770334928229484
2025-09-24,8490,8490,8310,8400,55077,-0.002375296912114022
2025-09-25,8400,8740,8380,8580,348007,0.021428571428571352
2025-09-26,8610,8640,8050,8150,111277,-0.05011655011655014
2025-09-29,8090,8370,8010,8030,122135,-0.014723926380368124
2025-09-30,8030,8140,8010,8080,57748,0.0062266500622665255
2025-10-01,8060,8210,8060,8150,70583,0.00866336633663356
2025-10-02,8160,8290,8120,8200,43807,0.006134969325153339
2025-10-10,8290,8300,7790,7850,129669,-0.04268292682926833
2025-10-13,7680,7850,7530,7700,46221,-0.019108280254777066
2025-10-14,7770,7800,7520,7610,80461,-0.011688311688311637
2025-10-15,7620,7780,7550,7780,37650,0.02233902759526929
2025-10-16,7810,7820,7640,7730,50772,-0.006426735218509005
2025-10-17,7730,7730,7360,7500,99137,-0.02975420439844756
2025-10-20,7510,7580,7360,7580,47623,0.010666666666666602
2025-10-21,7590,7630,7360,7400,93599,-0.0237467018469657
2025-10-22,7400,7570,7300,7570,28672,0.02297297297297307
2025-10-23,7570,7740,7450,7560,28105,-0.0013210039630119352
2025-10-24,7580,7690,7490,7500,31599,-0.007936507936507908
2025-10-27,7510,7660,7490,7660,30453,0.021333333333333426
2025-10-28,7660,7840,7570,7670,37646,0.0013054830287206887
2025-10-29,7680,7720,7580,7670,40128,0.0
2025-10-30,7690,7690,7450,7500,37299,-0.022164276401564487
2025-10-31,7500,7600,7350,7350,64097,-0.020000000000000018
2025-11-03,7350,7460,7140,7150,80369,-0.027210884353741527
2025-11-04,7120,7230,7090,7140,52073,-0.0013986013986013734
2025-11-05,7090,7450,6870,7100,76935,-0.0056022408963585235
2025-11-06,7150,7340,7000,7250,50638,0.021126760563380254
2025-11-07,7120,7250,7010,7180,27082,-0.0096551724137931
2025-11-10,7200,7650,7200,7530,55061,0.04874651810584951
2025-11-11,7520,7610,7470,7580,40070,0.006640106241699861
2025-11-12,7560,7710,7510,7700,21515,0.0158311345646438
2025-11-13,7620,7860,7590,7840,54543,0.018181818181818077
2025-11-14,7830,7830,7500,7500,55860,-0.04336734693877553
2025-11-17,7500,7590,7440,7480,44062,-0.002666666666666706
2025-11-18,7480,7500,7250,7250,34055,-0.03074866310160429
2025-11-19,7210,7350,7010,7190,49352,-0.008275862068965467
2025-11-20,7200,7340,7200,7330,31901,0.01947148817802513
2025-11-21,7210,7210,7100,7200,25584,-0.017735334242837686
2025-11-24,7290,7370,7180,7330,27599,0.01805555555555549
2025-11-25,7330,7400,7200,7260,23786,-0.009549795361528002
2025-11-26,7270,7330,7240,7330,15348,0.009641873278236845
2025-11-27,7330,7360,7220,7360,35888,0.004092769440654953
2025-11-28,7360,7480,7350,7400,38816,0.005434782608695565
2025-12-01,7370,7540,7360,7400,23378,0.0
2025-12-02,7400,7650,7350,7590,51773,0.025675675675675746
2025-12-03,7590,7800,7540,7760,59247,0.022397891963109373
2025-12-04,7820,7820,7530,7530,25280,-0.029639175257731964
2025-12-05,7540,7650,7490,7640,17032,0.014608233731739695
2025-12-08,7660,7660,7500,7550,25160,-0.011780104712041939
2025-12-09,7550,7730,7500,7720,47250,0.02251655629139071
2025-12-10,7650,7720,7600,7700,20436,-0.002590673575129543
2025-12-11,7700,8110,7690,8080,75085,0.049350649350649256
2025-12-12,8130,8880,8130,8730,627426,0.0804455445544554
2025-12-15,8790,9070,8410,8540,387386,-0.021764032073310458
