Date,Open,High,Low,Close,Volume,Change
2022-01-03,7150,7410,7150,7200,84297,0.006993006993007089
2022-01-04,7270,7350,7210,7330,46881,0.01805555555555549
2022-01-05,7330,7380,7190,7260,37486,-0.009549795361528002
2022-01-06,7180,7480,7130,7400,94803,0.019283746556473913
2022-01-07,7410,7480,7280,7410,64518,0.0013513513513514486
2022-01-10,7410,7420,7310,7310,36352,-0.013495276653171406
2022-01-11,7310,7390,7110,7300,57347,-0.001367989056087593
2022-01-12,7300,7450,7270,7410,56546,0.015068493150685036
2022-01-13,7480,7500,7100,7420,57533,0.0013495276653170407
2022-01-14,7420,7700,7340,7630,109183,0.028301886792452935
2022-01-17,7510,7520,7090,7120,88699,-0.06684141546526867
2022-01-18,7120,7210,6660,6710,93831,-0.057584269662921295
2022-01-19,6640,6810,6610,6660,34185,-0.007451564828613977
2022-01-20,6600,6810,6600,6740,22316,0.012012012012011963
2022-01-21,6740,6900,6680,6710,21327,-0.004451038575667643
2022-01-24,6680,6680,6400,6490,30513,-0.032786885245901676
2022-01-25,6490,6490,6110,6200,36175,-0.044684129429892194
2022-01-26,6100,6340,6090,6230,29490,0.004838709677419395
2022-01-27,6200,6300,5980,6010,61521,-0.035313001605136396
2022-01-28,6100,6360,6020,6350,27557,0.056572379367720416
2022-02-03,6410,6640,6410,6580,23422,0.03622047244094495
2022-02-04,6640,6710,6550,6690,27192,0.016717325227963542
2022-02-07,6690,7000,6660,6740,39393,0.007473841554558991
2022-02-08,6740,6840,6610,6650,22181,-0.013353115727002929
2022-02-09,6660,6880,6660,6870,28151,0.03308270676691727
2022-02-10,6900,6900,6780,6840,11221,-0.004366812227074246
2022-02-11,6810,6840,6710,6740,9686,-0.014619883040935644
2022-02-14,6550,6610,6400,6430,21467,-0.04599406528189909
2022-02-15,6400,6560,6250,6500,26125,0.010886469673405896
2022-02-16,6700,6700,6540,6630,12587,0.020000000000000018
2022-02-17,6690,6720,6350,6630,25285,0.0
2022-02-18,6560,6700,6500,6700,15009,0.010558069381598756
2022-02-21,6700,6790,6580,6650,13803,-0.007462686567164201
2022-02-22,6650,6690,6520,6520,11039,-0.019548872180451093
2022-02-23,6520,6580,6420,6470,20308,-0.0076687116564416735
2022-02-24,6490,6600,6330,6380,32031,-0.01391035548686248
2022-02-25,6380,6540,6380,6480,26627,0.01567398119122254
2022-02-28,6540,6750,6540,6700,24141,0.033950617283950546
2022-03-02,6730,6750,6670,6680,23152,-0.0029850746268657025
2022-03-03,6740,6810,6650,6740,39317,0.008982035928143617
2022-03-04,6840,6880,6730,6880,38795,0.020771513353115667
2022-03-07,6840,6870,6670,6760,34865,-0.01744186046511631
2022-03-08,6700,6710,6550,6580,42801,-0.026627218934911268
2022-03-10,6530,6550,6010,6200,134360,-0.05775075987841949
2022-03-11,6210,7210,6210,6900,373976,0.11290322580645151
2022-03-14,7070,7200,6830,6840,134055,-0.008695652173912993
2022-03-15,6860,6930,6670,6750,48480,-0.013157894736842146
2022-03-16,6770,7550,6630,7130,489170,0.05629629629629629
2022-03-17,7160,7200,6980,7070,77444,-0.008415147265077194
2022-03-18,7190,7200,7000,7070,38236,0.0
2022-03-21,7090,7430,7000,7030,106384,-0.005657708628005631
2022-03-22,6890,7120,6890,7030,29669,0.0
2022-03-23,7030,7180,7010,7180,42623,0.021337126600284417
2022-03-24,7180,7890,7070,7400,511024,0.03064066852367686
2022-03-25,7440,7440,7190,7230,83382,-0.02297297297297296
2022-03-28,7320,7500,7250,7300,64307,0.009681881051175623
2022-03-29,7350,7390,7230,7260,38401,-0.005479452054794498
2022-03-30,7300,7300,7130,7240,38781,-0.0027548209366391463
2022-03-31,7380,7390,7140,7240,41108,0.0
2022-04-01,7260,7350,7170,7180,41038,-0.008287292817679592
2022-04-04,7170,8340,7120,7590,1714634,0.057103064066852394
2022-04-05,7540,7560,7300,7360,209345,-0.030303030303030276
2022-04-06,7490,7800,7300,7340,256136,-0.0027173913043477826
2022-04-07,7350,7350,7150,7150,96277,-0.02588555858310626
2022-04-08,7150,7180,6940,7030,74423,-0.016783216783216814
2022-04-11,7050,7840,7030,7300,801160,0.038406827880512084
2022-04-12,7200,7200,7000,7120,106719,-0.024657534246575352
2022-04-13,7090,7170,7020,7090,55861,-0.004213483146067398
2022-04-14,7130,7130,7050,7050,41519,-0.005641748942172065
2022-04-15,7050,7180,7020,7050,69389,0.0
2022-04-18,7070,7240,7070,7190,52818,0.019858156028368823
2022-04-19,7200,7350,7130,7270,77950,0.011126564673157091
2022-04-20,7370,7370,7240,7330,44163,0.008253094910591452
2022-04-21,7380,7420,7280,7370,42649,0.005457025920873049
2022-04-22,7320,7350,7130,7190,62293,-0.024423337856173677
2022-04-25,7100,7130,6980,7080,57549,-0.015299026425591111
2022-04-26,7070,9200,7040,8250,9349118,0.1652542372881356
2022-04-27,8280,10650,8150,9400,16011019,0.1393939393939394
2022-04-28,10300,10700,8770,9070,5129493,-0.03510638297872337
2022-04-29,9130,10350,8950,9260,6094049,0.02094818081587646
2022-05-02,9220,10100,9110,9840,4746442,0.06263498920086397
2022-05-03,9550,9840,9290,9390,1325935,-0.04573170731707321
2022-05-04,9330,9380,9010,9160,606791,-0.024494142705005273
2022-05-06,8880,8990,8660,8740,384995,-0.04585152838427953
2022-05-09,8740,8740,8290,8420,396591,-0.03661327231121281
2022-05-10,8310,8530,8000,8420,815661,0.0
2022-05-11,8320,9240,8210,9060,3990281,0.07600950118764849
2022-05-12,8840,9190,8660,8870,1112320,-0.020971302428256067
2022-05-13,8750,9140,8750,8830,549904,-0.00450958286358516
2022-05-16,8980,9280,8860,8880,761497,0.005662514156285381
2022-05-17,8890,9520,8840,8950,2012324,0.007882882882882969
2022-05-18,9100,9390,8900,8930,643506,-0.0022346368715083775
2022-05-19,8710,9170,8640,8810,392904,-0.013437849944008984
2022-05-20,8910,9060,8820,9030,280392,0.02497162315550505
2022-05-23,9030,9230,8920,9090,268255,0.006644518272425293
2022-05-24,9090,9190,8310,8310,496567,-0.08580858085808585
2022-05-25,8300,8510,8000,8050,257076,-0.03128760529482555
2022-05-26,8050,8260,7930,8030,142745,-0.00248447204968949
2022-05-27,8080,8400,7950,8120,130733,0.011207970112079746
2022-05-30,8200,8290,8090,8140,75629,0.0024630541871921707
2022-05-31,8140,8410,8100,8230,202886,0.011056511056511065
2022-06-02,8230,8280,8140,8160,61093,-0.008505467800729027
2022-06-03,8300,9560,8150,8890,7164868,0.0894607843137254
2022-06-07,8750,9010,8640,8660,741041,-0.025871766029246346
2022-06-08,8750,8800,8250,8320,406914,-0.03926096997690531
2022-06-09,8170,8520,8150,8160,216330,-0.019230769230769273
2022-06-10,8140,8300,7690,7700,306212,-0.056372549019607865
2022-06-13,7450,7660,7110,7180,308312,-0.06753246753246755
2022-06-14,7070,7170,6740,7020,223236,-0.02228412256267409
2022-06-15,6940,7010,6640,6750,158893,-0.038461538461538436
2022-06-16,6800,7040,6730,6730,140002,-0.002962962962962945
2022-06-17,6500,6930,6460,6910,129795,0.026745913818722045
2022-06-20,6910,6990,6420,6440,132131,-0.06801736613603471
2022-06-21,6460,6700,6220,6610,110832,0.026397515527950333
2022-06-22,6610,6780,6200,6200,106770,-0.062027231467473576
2022-06-23,6200,6270,5700,5710,173234,-0.07903225806451608
2022-06-24,5550,6050,5550,5950,128325,0.042031523642731994
2022-06-27,6010,6300,5960,6240,59674,0.04873949579831938
2022-06-28,6230,6440,6220,6370,70348,0.02083333333333326
2022-06-29,6300,6670,6250,6520,120218,0.023547880690737877
2022-06-30,6500,8060,6450,7500,5134500,0.1503067484662577
2022-07-01,7400,7950,6960,7140,1945278,-0.04800000000000004
2022-07-04,7520,7890,7050,7150,1229092,0.0014005602240896309
2022-07-05,7420,8340,7220,7630,4358470,0.06713286713286704
2022-07-06,7540,8020,7130,7910,1485180,0.03669724770642202
2022-07-07,7640,7750,7450,7570,498117,-0.04298356510745893
2022-07-08,7600,8250,7400,7440,1374084,-0.017173051519154603
2022-07-11,7390,7460,7160,7160,250833,-0.037634408602150504
2022-07-12,7160,7200,6800,6860,167716,-0.04189944134078216
2022-07-13,6780,7010,6740,6900,136357,0.005830903790087438
2022-07-14,6780,6900,6600,6610,172301,-0.04202898550724643
2022-07-15,6610,6640,6300,6360,156342,-0.03782148260211804
2022-07-18,6380,7770,6370,7200,4464841,0.13207547169811318
2022-07-19,7060,7550,7060,7290,1119471,0.012499999999999956
2022-07-20,7370,7380,7170,7230,232554,-0.008230452674897082
2022-07-21,7230,7380,7210,7250,218515,0.0027662517289073207
2022-07-22,7240,7430,7100,7150,300087,-0.01379310344827589
2022-07-25,7230,7230,6970,7030,130301,-0.016783216783216814
2022-07-26,7010,7150,6950,7010,107482,-0.002844950213371278
2022-07-27,7010,7100,6960,7030,72278,0.0028530670470756636
2022-07-28,7100,7120,6930,6930,81532,-0.014224751066856278
2022-07-29,6930,7310,6910,7000,359386,0.010101010101010166
2022-08-01,7000,7300,6970,7090,160776,0.0128571428571429
2022-08-02,7090,7170,7010,7080,107176,-0.0014104372355430161
2022-08-03,7080,7300,7080,7250,183494,0.024011299435028333
2022-08-04,7260,7370,7140,7150,181475,-0.01379310344827589
2022-08-05,7150,7220,7080,7160,67686,0.0013986013986013734
2022-08-08,7160,7280,7100,7260,103633,0.013966480446927276
2022-08-09,7400,7760,7180,7650,1504743,0.05371900826446274
2022-08-10,8200,8210,7450,7500,1611500,-0.019607843137254943
2022-08-11,7700,7970,7690,7760,623824,0.03466666666666662
2022-08-12,7760,7780,7570,7710,232044,-0.006443298969072142
2022-08-16,7800,7810,7530,7540,208546,-0.022049286640726362
2022-08-17,7450,7530,7210,7370,181180,-0.022546419098143256
2022-08-18,7250,7290,7150,7230,83110,-0.018995929443690662
2022-08-19,7230,7450,7130,7130,77652,-0.013831258644536604
2022-08-22,7100,9230,6870,7870,8917942,0.10378681626928477
2022-08-23,7790,7920,7580,7590,1321010,-0.03557814485387545
2022-08-24,7920,8640,7790,8160,6495315,0.07509881422924902
2022-08-25,8140,8380,8050,8120,1402898,-0.004901960784313708
2022-08-26,8130,9450,8070,8800,9780656,0.08374384236453203
2022-08-29,8430,8650,8210,8500,1323351,-0.03409090909090906
2022-08-30,8900,9300,8490,8560,4019823,0.007058823529411784
2022-08-31,8540,8770,8270,8600,846046,0.004672897196261738
2022-09-01,8520,8720,8290,8310,750469,-0.03372093023255818
2022-09-02,8600,8950,8410,8630,2656201,0.038507821901323736
2022-09-05,8560,8960,8450,8820,1714611,0.022016222479721792
2022-09-06,8790,8800,8510,8740,537727,-0.009070294784580546
2022-09-07,8610,8640,8030,8200,502581,-0.06178489702517165
2022-09-08,8300,8340,7950,7950,401854,-0.030487804878048808
2022-09-13,8000,8150,7900,8050,294280,0.012578616352201255
2022-09-14,7760,7950,7660,7890,253463,-0.019875776397515477
2022-09-15,7900,8040,7810,7890,254185,0.0
2022-09-16,7950,8570,7900,7910,1090480,0.0025348542458809575
2022-09-19,7800,7940,7400,7400,325795,-0.06447534766118834
2022-09-20,7480,7630,7370,7410,157049,0.0013513513513514486
2022-09-21,7360,8350,7360,7690,1120433,0.037786774628879805
2022-09-22,7530,7640,7220,7640,270098,-0.006501950585175553
2022-09-23,7520,7610,7230,7230,180623,-0.053664921465968574
2022-09-26,7000,7080,6590,6650,224272,-0.08022130013831263
2022-09-27,6580,6750,6400,6600,167885,-0.007518796992481258
2022-09-28,6590,6760,6150,6280,156870,-0.048484848484848464
2022-09-29,6390,6500,6260,6260,94550,-0.0031847133757961776
2022-09-30,6100,6430,6040,6300,106646,0.006389776357827559
2022-10-04,6400,6690,6360,6680,85935,0.060317460317460325
2022-10-05,7030,7120,6630,6690,232974,0.0014970059880239361
2022-10-06,6730,6920,6690,6730,76592,0.005979073243647326
2022-10-07,6610,7040,6610,6920,170264,0.028231797919762158
2022-10-11,6820,6820,6360,6400,99515,-0.07514450867052025
2022-10-12,6340,7720,6340,6970,3646342,0.08906250000000004
2022-10-13,6950,7040,6540,6630,435327,-0.04878048780487809
2022-10-14,6810,7080,6770,6950,462292,0.04826546003016596
2022-10-17,6540,6560,6200,6530,269504,-0.060431654676258995
2022-10-18,6710,7360,6610,7020,1470070,0.07503828483920372
2022-10-19,7020,7650,6930,7130,881617,0.015669515669515688
2022-10-20,7130,7220,6870,7020,196157,-0.015427769985974726
2022-10-21,7110,7160,6700,6700,205184,-0.04558404558404561
2022-10-24,6770,7080,6770,6900,157962,0.029850746268656803
2022-10-25,6910,7000,6740,6800,65215,-0.01449275362318836
2022-10-26,6830,6990,6680,6720,113301,-0.0117647058823529
2022-10-27,6720,7110,6710,6930,263407,0.03125
2022-10-28,6900,7090,6800,6900,142419,-0.0043290043290042934
2022-10-31,7000,7060,6900,6980,80387,0.011594202898550732
2022-11-01,7020,7390,6940,7360,887524,0.054441260744985565
2022-11-02,7580,7580,7130,7140,624453,-0.029891304347826053
2022-11-03,6960,8300,6960,7700,3699708,0.07843137254901955
2022-11-04,7700,7900,7410,7760,730712,0.007792207792207684
2022-11-07,7730,8210,7650,7890,1218118,0.01675257731958757
2022-11-08,8130,8130,7720,7840,500762,-0.006337135614702172
2022-11-09,7890,7900,7600,7690,310427,-0.01913265306122447
2022-11-10,7730,7820,7550,7610,409829,-0.01040312093628093
2022-11-11,7750,7820,7650,7760,293924,0.019710906701708275
2022-11-14,7810,7850,7650,7710,206232,-0.006443298969072142
2022-11-15,7780,8190,7770,8080,969614,0.0479896238651103
2022-11-16,8010,8020,7810,7840,309259,-0.02970297029702973
2022-11-17,7920,8030,7500,7630,541202,-0.0267857142857143
2022-11-18,7510,7640,7100,7100,410656,-0.06946264744429886
2022-11-21,7040,7280,6830,6850,250480,-0.035211267605633756
2022-11-22,6770,7080,6770,7030,150661,0.026277372262773824
2022-11-23,7060,7070,6910,6950,78700,-0.011379800853485111
2022-11-24,7000,7090,6990,7070,65665,0.01726618705035965
2022-11-25,7130,7270,7100,7170,121244,0.014144271570014189
2022-11-28,7250,7250,7000,7080,106473,-0.012552301255230103
2022-11-29,6980,8530,6960,7860,5936962,0.11016949152542366
2022-11-30,7830,8320,7820,8010,1262837,0.01908396946564883
2022-12-01,8010,8070,7870,7990,316957,-0.0024968789013732895
2022-12-02,7970,7990,7770,7810,244931,-0.02252816020025028
2022-12-05,7930,7930,7610,7640,157403,-0.0217669654289373
2022-12-06,7550,7750,7480,7480,153885,-0.020942408376963373
2022-12-07,7390,7590,7290,7360,157680,-0.016042780748663055
2022-12-08,7360,7390,7050,7120,170679,-0.03260869565217395
2022-12-09,7120,7300,7050,7220,118451,0.014044943820224809
2022-12-12,7200,7200,6920,7030,75071,-0.02631578947368418
2022-12-13,6990,7240,6990,7170,157759,0.019914651493598834
2022-12-14,7210,7290,7070,7120,97223,-0.006973500697350032
2022-12-15,7120,7170,7000,7070,76542,-0.0070224719101124045
2022-12-16,6950,7200,6950,7040,81268,-0.004243281471004279
2022-12-19,7010,7420,7000,7080,350980,0.005681818181818121
2022-12-20,7080,7160,6970,7090,117372,0.0014124293785311437
2022-12-21,7090,7400,7020,7100,435487,0.0014104372355430161
2022-12-22,7120,7140,7060,7080,60843,-0.0028169014084507005
2022-12-23,7000,7270,6960,7030,282645,-0.007062146892655385
2022-12-26,7050,7090,6990,7000,58703,-0.004267425320056861
2022-12-27,7000,7050,6970,7020,64726,0.0028571428571428914
2022-12-28,7010,7060,6930,7000,54525,-0.002849002849002802
2022-12-29,6910,6970,6690,6710,109265,-0.04142857142857148
2023-01-02,6710,6870,6470,6520,96769,-0.028315946348733245
2023-01-03,6420,6570,6300,6510,77553,-0.0015337423312883347
2023-01-04,6360,6640,6360,6600,36816,0.01382488479262678
2023-01-05,6620,7160,6610,6950,745823,0.05303030303030298
2023-01-06,6810,6890,6740,6780,125280,-0.024460431654676262
2023-01-09,6850,6920,6780,6870,117793,0.01327433628318575
2023-01-10,6810,6930,6810,6880,92913,0.0014556040756914523
2023-01-11,6880,6970,6880,6960,49234,0.011627906976744207
2023-01-12,7020,7670,6910,7150,1243514,0.027298850574712707
2023-01-13,7150,7270,7070,7120,111593,-0.004195804195804231
2023-01-16,7160,7160,7030,7040,79181,-0.011235955056179803
2023-01-17,7050,7230,6960,6960,98979,-0.011363636363636354
2023-01-18,6990,7000,6880,6900,43792,-0.008620689655172376
2023-01-19,6900,6920,6810,6860,34478,-0.005797101449275366
2023-01-20,6810,6940,6810,6860,35444,0.0
2023-01-25,6880,6930,6850,6880,45185,0.00291545189504383
2023-01-26,6880,6990,6870,6970,56958,0.013081395348837122
2023-01-27,7000,7050,6910,6960,45904,-0.0014347202295552641
2023-01-30,6960,7000,6910,6950,24771,-0.001436781609195359
2023-01-31,6960,6960,6850,6880,44664,-0.010071942446043147
2023-02-01,6900,7060,6900,6930,55641,0.007267441860465018
2023-02-02,6940,7030,6940,6980,44711,0.00721500721500723
2023-02-03,7000,7030,6950,6950,39509,-0.004297994269340966
2023-02-06,6890,6940,6850,6850,52188,-0.014388489208633115
2023-02-07,7040,7050,6880,6910,54489,0.008759124087591275
2023-02-08,6920,7000,6910,6920,59566,0.0014471780028944004
2023-02-09,6940,6980,6870,6880,45679,-0.005780346820809301
2023-02-10,6850,6850,6750,6780,68873,-0.014534883720930258
2023-02-13,6720,6780,6680,6740,62347,-0.005899705014749235
2023-02-14,6780,6830,6740,6800,46987,0.008902077151335286
2023-02-15,6800,6890,6710,6740,57767,-0.008823529411764675
2023-02-16,6680,6780,6680,6720,41865,-0.0029673590504450953
2023-02-17,6670,6750,6660,6710,35746,-0.0014880952380952328
2023-02-20,6710,6770,6680,6700,34424,-0.0014903129657227732
2023-02-21,6730,6850,6690,6800,50432,0.014925373134328401
2023-02-22,6700,6740,6650,6670,52474,-0.019117647058823573
2023-02-23,6650,6710,6630,6630,36826,-0.005997001499250421
2023-02-24,6620,6900,6590,6590,101459,-0.006033182503770718
2023-02-27,6550,6580,6460,6470,64985,-0.018209408194233667
2023-02-28,6470,6680,6460,6480,63215,0.0015455950540959051
2023-03-02,6480,6580,6480,6560,31527,0.012345679012345734
2023-03-03,6530,6680,6530,6640,34633,0.012195121951219523
2023-03-06,6700,7110,6680,7110,548938,0.07078313253012047
2023-03-07,6920,6920,6740,6750,217031,-0.05063291139240511
2023-03-08,6710,7380,6680,6840,1286611,0.01333333333333342
2023-03-09,6920,6920,6680,6800,118616,-0.005847953216374324
2023-03-10,6750,6770,6650,6650,72484,-0.022058823529411797
2023-03-13,6480,6620,6460,6560,91074,-0.013533834586466176
2023-03-14,6520,6650,6390,6410,100735,-0.02286585365853655
2023-03-15,6610,6930,6610,6770,329623,0.05616224648985968
2023-03-16,6720,6750,6510,6600,61786,-0.025110782865583436
2023-03-17,6620,6780,6540,6660,71053,0.009090909090909038
2023-03-20,6640,6760,6640,6660,47717,0.0
2023-03-21,6660,6700,6610,6640,26870,-0.0030030030030030463
2023-03-22,6700,6700,6540,6560,51322,-0.012048192771084376
2023-03-23,6560,6570,6460,6490,46459,-0.010670731707317027
2023-03-24,6530,6540,6480,6540,27562,0.007704160246533087
2023-03-27,6590,6600,6460,6540,31706,0.0
2023-03-28,6500,6550,6490,6520,30242,-0.003058103975535187
2023-03-29,6580,6610,6500,6610,36846,0.013803680981595123
2023-03-30,6640,6640,6520,6570,35771,-0.006051437216338829
2023-03-31,6600,6600,6490,6500,46906,-0.010654490106544956
2023-04-03,6520,6600,6460,6580,46229,0.012307692307692353
2023-04-04,6610,6660,6560,6620,39661,0.006079027355623046
2023-04-05,6620,6620,6530,6560,37513,-0.009063444108761365
2023-04-06,6530,6560,6420,6520,70320,-0.0060975609756097615
2023-04-07,6700,6710,6500,6520,81020,0.0
2023-04-10,6480,6520,6390,6430,35597,-0.013803680981595123
2023-04-11,6470,7870,6470,6840,5477568,0.0637636080870918
2023-04-12,6840,6900,6770,6850,305743,0.0014619883040936088
2023-04-13,6900,6960,6780,6870,193375,0.0029197080291971655
2023-04-14,6980,7050,6830,6860,170848,-0.0014556040756914523
2023-04-17,6950,6950,6800,6910,90471,0.007288629737609353
2023-04-18,6870,6960,6800,6820,80523,-0.013024602026049159
2023-04-19,6860,6930,6820,6850,59727,0.004398826979472137
2023-04-20,6890,6890,6700,6730,81577,-0.017518248175182438
2023-04-21,6730,6810,6580,6710,85906,-0.002971768202080227
2023-04-24,6680,6700,6530,6570,61566,-0.02086438152011927
2023-04-25,6630,6630,6460,6550,65591,-0.0030441400304414
2023-04-26,6510,6620,6420,6500,45703,-0.007633587786259555
2023-04-27,6550,6560,6430,6550,31954,0.007692307692307665
2023-04-28,6520,6820,6470,6820,237124,0.04122137404580162
2023-05-02,7000,7000,6610,6650,187768,-0.024926686217008776
2023-05-03,6600,6770,6540,6750,73744,0.015037593984962516
2023-05-04,6700,7300,6630,7000,1304255,0.03703703703703698
2023-05-08,6920,7000,6750,6820,231023,-0.02571428571428569
2023-05-09,6810,6910,6670,6740,95332,-0.011730205278592365
2023-05-10,6750,6870,6690,6700,74069,-0.005934718100890191
2023-05-11,6690,6780,6620,6620,62132,-0.011940298507462699
2023-05-12,6680,6680,6550,6560,63438,-0.009063444108761365
2023-05-15,6610,6610,6510,6580,34290,0.0030487804878047697
2023-05-16,6550,6690,6540,6580,56436,0.0
2023-05-17,6640,6670,6540,6600,28613,0.003039513677811634
2023-05-18,6680,6690,6610,6670,51450,0.010606060606060508
2023-05-19,6820,6950,6680,6820,194190,0.022488755622188883
2023-05-22,6840,7200,6750,6970,466925,0.021994134897360684
2023-05-23,6970,7160,6850,7030,379735,0.008608321377331363
2023-05-24,7030,7240,6930,7090,494785,0.008534850640113723
2023-05-25,7480,7500,7000,7060,669618,-0.004231311706629048
2023-05-26,7000,7120,6850,7100,197801,0.0056657223796034994
2023-05-30,7100,7110,6950,6980,86443,-0.016901408450704203
2023-05-31,6920,7050,6900,6920,51125,-0.008595988538681931
2023-06-01,6860,7150,6850,6970,134213,0.007225433526011571
2023-06-02,7060,7060,6930,7000,49713,0.004304160688665792
2023-06-05,7000,7050,6970,7000,59604,0.0
2023-06-07,7000,7060,6970,6980,50324,-0.0028571428571428914
2023-06-08,6990,6990,6910,6960,31366,-0.002865329512893977
2023-06-09,7000,7050,6960,6980,55826,0.002873563218390718
2023-06-12,7030,7200,6890,6990,101318,0.0014326647564470996
2023-06-13,6970,7400,6910,6960,543431,-0.0042918454935622075
2023-06-14,6990,6990,6810,6890,83599,-0.010057471264367845
2023-06-15,6900,6930,6760,6790,66122,-0.014513788098693747
2023-06-16,6800,6920,6800,6900,37350,0.016200294550809957
2023-06-19,6950,7180,6870,7120,268966,0.03188405797101446
2023-06-20,7170,7190,7010,7060,88509,-0.008426966292134797
2023-06-21,7100,7100,7000,7060,60975,0.0
2023-06-22,7020,7080,6960,6990,44674,-0.009915014164305958
2023-06-23,6960,7030,6870,6900,54033,-0.012875536480686733
2023-06-26,6940,6950,6860,6900,27711,0.0
2023-06-27,6990,6990,6820,6830,30036,-0.010144927536231862
2023-06-28,6890,6900,6830,6860,28419,0.004392386530014614
2023-06-29,6860,6890,6760,6760,54137,-0.014577259475218707
2023-06-30,6800,6810,6700,6720,36188,-0.00591715976331364
2023-07-03,6790,6900,6780,6810,36109,0.013392857142857206
2023-07-04,6870,6890,6730,6770,28390,-0.005873715124816492
2023-07-05,6840,6840,6640,6640,61538,-0.019202363367799125
2023-07-06,6610,6640,6470,6530,112322,-0.016566265060240948
2023-07-07,6600,6600,6440,6530,34952,0.0
2023-07-10,6580,6730,6450,6640,37890,0.016845329249617125
2023-07-11,6620,6670,6620,6660,18046,0.003012048192771122
2023-07-12,6610,6700,6600,6640,19427,-0.0030030030030030463
2023-07-13,6680,6680,6590,6620,24574,-0.003012048192771122
2023-07-14,6660,6690,6570,6600,35807,-0.0030211480362537513
2023-07-17,6630,6750,6620,6710,58485,0.016666666666666607
2023-07-18,6650,6680,6520,6540,62125,-0.025335320417287588
2023-07-19,6610,6610,6490,6520,27925,-0.003058103975535187
2023-07-20,6520,6560,6480,6560,15816,0.006134969325153339
2023-07-21,6580,6580,6490,6510,34013,-0.007621951219512146
2023-07-24,6470,6510,6320,6340,70782,-0.02611367127496156
2023-07-25,6300,6400,6250,6300,33917,-0.006309148264984188
2023-07-26,6210,6280,5720,5860,138521,-0.06984126984126982
2023-07-27,5790,6060,5790,6000,33098,0.023890784982935065
2023-07-28,5870,6180,5870,6060,24456,0.010000000000000009
2023-07-31,6060,6170,6060,6130,16156,0.011551155115511635
2023-08-01,6180,6220,6140,6170,18451,0.006525285481239873
2023-08-02,6140,6270,6110,6210,34588,0.006482982171799101
2023-08-03,6200,6200,6050,6110,15977,-0.01610305958132041
2023-08-04,6170,6170,6030,6080,12701,-0.004909983633387904
2023-08-07,6040,6090,5960,6010,25876,-0.011513157894736836
2023-08-08,6090,6090,5920,5970,43456,-0.006655574043261225
2023-08-09,5970,6900,5970,6190,673805,0.03685092127303191
2023-08-10,6200,6280,6100,6210,56215,0.003231017770597644
2023-08-11,6160,6270,6110,6170,38817,-0.006441223832528209
2023-08-14,6120,6160,5990,6040,45772,-0.021069692058346856
2023-08-16,6040,6040,5920,6000,46322,-0.0066225165562914245
2023-08-17,5880,5940,5800,5930,36370,-0.011666666666666714
2023-08-18,5940,5940,5810,5850,24890,-0.013490725126475533
2023-08-21,5910,5930,5820,5900,23890,0.008547008547008517
2023-08-22,5900,5900,5800,5830,38556,-0.011864406779661052
2023-08-23,5860,5870,5810,5830,14607,0.0
2023-08-24,5810,5950,5810,5890,26130,0.010291595197255532
2023-08-25,5900,5910,5820,5860,15956,-0.005093378607809895
2023-08-28,5870,6000,5860,5950,21230,0.015358361774743923
2023-08-29,5930,6050,5930,6010,16087,0.010084033613445342
2023-08-30,6010,6070,6010,6040,24760,0.004991680532445919
2023-08-31,6030,6030,5910,5970,22184,-0.011589403973509937
2023-09-01,5970,7090,5940,6030,9829880,0.01005025125628145
2023-09-04,6080,6120,5940,6120,355322,0.014925373134328401
2023-09-05,6100,6160,6020,6020,171394,-0.016339869281045805
2023-09-06,6020,6150,5980,6050,152666,0.004983388704318914
2023-09-07,5990,6130,5980,6040,82973,-0.0016528925619834212
2023-09-08,6050,6170,5980,6020,157649,-0.0033112582781457123
2023-09-11,6090,6170,6030,6030,133341,0.0016611295681063787
2023-09-12,6070,6070,5980,5990,68109,-0.0066334991708125735
2023-09-13,5970,6090,5910,5970,106542,-0.0033388981636059967
2023-09-14,6030,6100,6000,6040,74091,0.011725293132328396
2023-09-15,6040,6330,6010,6290,482164,0.041390728476821126
2023-09-18,6280,6330,6110,6170,170492,-0.019077901430842648
2023-09-19,6160,6640,6060,6390,996155,0.03565640194489461
2023-09-20,6250,6310,6120,6130,166659,-0.04068857589984354
2023-09-21,6140,6190,5990,6010,128859,-0.019575856443719397
2023-09-22,5980,6080,5950,5950,87994,-0.009983361064891838
2023-09-25,5930,6000,5880,5920,90144,-0.005042016806722671
2023-09-26,5920,5990,5850,5890,44599,-0.0050675675675675436
2023-09-27,5800,5970,5800,5970,21751,0.013582342954159499
2023-10-04,6040,6040,5860,5860,32084,-0.018425460636515956
2023-10-05,5970,5970,5750,5760,52914,-0.017064846416382284
2023-10-06,5700,5890,5600,5840,22718,0.01388888888888884
2023-10-10,5840,5910,5700,5710,34456,-0.022260273972602773
2023-10-11,5720,5900,5720,5870,19335,0.028021015761821255
2023-10-12,5920,5920,5840,5900,12638,0.005110732538330387
2023-10-13,5920,5920,5800,5900,18535,0.0
2023-10-16,5890,5890,5660,5780,29680,-0.02033898305084747
2023-10-17,5850,5850,5740,5770,13375,-0.0017301038062284002
2023-10-18,5730,5790,5630,5720,28753,-0.008665511265164683
2023-10-19,5710,5740,5560,5720,57401,0.0
2023-10-20,5720,5720,5510,5510,55085,-0.036713286713286664
2023-10-23,5510,5560,5410,5460,27174,-0.00907441016333943
2023-10-24,5440,6200,5420,5660,834397,0.03663003663003672
2023-10-25,5630,5770,5610,5690,29827,0.005300353356890497
2023-10-26,5560,5600,5410,5440,98545,-0.04393673110720564
2023-10-27,5450,5480,5340,5390,45889,-0.009191176470588203
2023-10-30,5330,5460,5320,5410,13928,0.0037105751391466324
2023-10-31,5410,5500,5320,5320,32328,-0.01663585951940849
2023-11-01,5330,5430,5330,5410,15426,0.016917293233082775
2023-11-02,5490,5580,5430,5550,21936,0.025878003696857776
2023-11-03,5610,5770,5490,5700,59633,0.027027027027026973
2023-11-06,5730,5740,5630,5710,51363,0.0017543859649122862
2023-11-07,5680,5720,5610,5680,20342,-0.005253940455341555
2023-11-08,5760,5760,5620,5630,15088,-0.008802816901408494
2023-11-09,5740,5740,5590,5670,17237,0.007104795737122638
2023-11-10,5590,5660,5510,5600,18905,-0.012345679012345734
2023-11-13,5600,5630,5480,5580,15521,-0.0035714285714285587
2023-11-14,5520,5760,5520,5670,15087,0.016129032258064502
2023-11-15,5670,5770,5610,5640,20799,-0.005291005291005346
2023-11-16,5650,5750,5640,5730,18581,0.015957446808510634
2023-11-17,5760,5760,5630,5670,20669,-0.010471204188481686
2023-11-20,5690,5800,5670,5750,27271,0.014109347442680775
2023-11-21,5780,5780,5730,5750,13008,0.0
2023-11-22,5770,5770,5680,5740,11071,-0.0017391304347825765
2023-11-23,5770,5810,5660,5730,21571,-0.0017421602787456303
2023-11-24,5730,5760,5640,5740,24235,0.0017452006980802626
2023-11-27,5750,5760,5650,5710,16964,-0.005226480836236891
2023-11-28,5680,5730,5650,5710,20155,0.0
2023-11-29,5680,5710,5570,5600,37787,-0.019264448336252182
2023-11-30,5700,5800,5630,5660,45791,0.010714285714285676
2023-12-01,5660,5710,5610,5650,13816,-0.0017667844522968323
2023-12-04,5660,5660,5600,5630,15068,-0.0035398230088495852
2023-12-05,5570,5700,5560,5640,22778,0.001776198934280604
2023-12-06,5640,5700,5610,5700,15678,0.010638297872340496
2023-12-07,5650,5700,5630,5670,14722,-0.0052631578947368585
2023-12-08,5700,5700,5620,5660,7914,-0.0017636684303351524
2023-12-11,5720,5720,5620,5650,12314,-0.0017667844522968323
2023-12-12,5710,5710,5580,5620,14001,-0.005309734513274322
2023-12-13,5650,5660,5570,5600,21038,-0.003558718861209953
2023-12-14,5630,5640,5540,5600,19314,0.0
2023-12-15,5600,5620,5550,5600,22031,0.0
2023-12-18,5660,5680,5580,5640,19822,0.0071428571428571175
2023-12-19,5590,5640,5580,5600,13705,-0.007092198581560294
2023-12-20,5600,6100,5600,5670,455134,0.012499999999999956
2023-12-21,5620,5660,5570,5630,33015,-0.007054673721340388
2023-12-22,5630,6190,5600,5670,582103,0.007104795737122638
2023-12-26,5690,5770,5690,5730,45214,0.010582010582010692
2023-12-27,5690,5790,5670,5730,48407,0.0
2023-12-28,5740,6000,5710,5810,98305,0.013961605584642323
2024-01-02,5810,6240,5780,5900,413931,0.015490533562822817
2024-01-03,5900,5970,5850,5880,51828,-0.003389830508474523
2024-01-04,5850,5900,5830,5850,38067,-0.005102040816326481
2024-01-05,5820,5870,5780,5830,21246,-0.0034188034188034067
2024-01-08,5880,5880,5780,5810,18982,-0.0034305317324184736
2024-01-09,5850,5860,5740,5780,20695,-0.005163511187607606
2024-01-10,5810,6790,5800,5840,4913065,0.01038062283737018
2024-01-11,5900,5960,5840,5870,211525,0.005136986301369939
2024-01-12,5880,5890,5770,5790,159615,-0.013628620102214661
2024-01-15,5760,5880,5760,5860,77192,0.012089810017271052
2024-01-16,5870,5940,5770,5800,68534,-0.010238907849829393
2024-01-17,5800,5810,5580,5600,154962,-0.03448275862068961
2024-01-18,5620,5660,5550,5620,38981,0.0035714285714285587
2024-01-19,5620,5730,5620,5680,35098,0.01067615658362997
2024-01-22,5730,5730,5660,5680,24051,0.0
2024-01-23,5710,5750,5670,5670,32357,-0.0017605633802817433
2024-01-24,5710,5710,5620,5630,27242,-0.007054673721340388
2024-01-25,5650,5750,5570,5630,45939,0.0
2024-01-26,5590,5700,5590,5660,24519,0.005328596802841812
2024-01-29,5750,5760,5570,5640,37180,-0.0035335689045936647
2024-01-30,5680,5710,5620,5710,23605,0.012411347517730542
2024-01-31,5720,5730,5640,5640,33841,-0.012259194395796813
2024-02-01,5670,5880,5670,5780,121788,0.024822695035461084
2024-02-02,5860,5860,5760,5770,26581,-0.0017301038062284002
2024-02-05,5820,5820,5750,5760,18998,-0.0017331022530329143
2024-02-06,5810,5810,5730,5740,26078,-0.00347222222222221
2024-02-07,5750,5800,5730,5780,19818,0.006968641114982521
2024-02-08,5810,5810,5710,5730,29001,-0.00865051903114189
2024-02-13,5740,5990,5730,5990,192111,0.04537521815008727
2024-02-14,5800,5960,5800,5900,61976,-0.015025041736227096
2024-02-15,5930,5930,5840,5890,33862,-0.0016949152542372614
2024-02-16,5900,6010,5850,5950,114236,0.01018675721561979
2024-02-19,5990,5990,5900,5920,34539,-0.005042016806722671
2024-02-20,5940,6040,5910,6000,89691,0.013513513513513598
2024-02-21,6000,6030,5940,6000,59918,0.0
2024-02-22,6040,6040,5900,5960,48343,-0.00666666666666671
2024-02-23,6000,6000,5870,5900,39025,-0.010067114093959773
2024-02-26,5850,5920,5850,5890,23998,-0.0016949152542372614
2024-02-27,5920,5920,5780,5860,41491,-0.005093378607809895
2024-02-28,5870,5900,5850,5890,29174,0.005119453924914641
2024-02-29,5850,5900,5840,5870,19543,-0.00339558573853993
2024-03-04,5870,5870,5790,5840,27793,-0.005110732538330498
2024-03-05,5840,5930,5790,5820,23115,-0.003424657534246589
2024-03-06,5770,5840,5760,5790,30082,-0.005154639175257714
2024-03-07,5770,5830,5700,5760,44565,-0.005181347150259086
2024-03-08,5770,5840,5730,5780,18231,0.003472222222222321
2024-03-11,5780,5830,5750,5830,17740,0.00865051903114189
2024-03-12,5840,5840,5770,5790,18112,-0.006861063464837058
2024-03-13,5770,5900,5730,5860,52216,0.012089810017271052
2024-03-14,5810,5850,5780,5810,25300,-0.008532423208191142
2024-03-15,5880,5920,5820,5850,32808,0.0068846815834766595
2024-03-18,5920,5920,5780,5800,25867,-0.008547008547008517
2024-03-19,5770,5800,5730,5750,27642,-0.008620689655172376
2024-03-20,5780,5790,5720,5760,18617,0.0017391304347826875
2024-03-21,5750,5830,5750,5760,17314,0.0
2024-03-22,5760,5800,5710,5770,18227,0.0017361111111111605
2024-03-25,5710,5780,5710,5750,19892,-0.0034662045060658286
2024-03-26,5750,5760,5700,5730,19503,-0.003478260869565264
2024-03-27,5730,5850,5690,5710,22157,-0.003490401396160525
2024-03-28,5730,5740,5670,5670,27607,-0.007005253940455369
2024-03-29,5650,5720,5650,5680,18232,0.0017636684303350414
2024-04-01,5730,5730,5650,5710,41166,0.005281690140845008
2024-04-02,5800,5800,5680,5730,29025,0.003502626970227629
2024-04-03,5720,5750,5670,5690,55816,-0.006980802792321161
2024-04-04,5690,5740,5630,5650,23185,-0.007029876977152849
2024-04-05,5650,5730,5460,5470,102446,-0.031858407079646045
2024-04-08,5470,5500,5400,5400,36367,-0.012797074954296161
2024-04-09,5420,5480,5400,5440,41762,0.007407407407407307
2024-04-11,5480,5480,5380,5390,24065,-0.009191176470588203
2024-04-12,5420,5470,5400,5470,26032,0.014842300556586308
2024-04-15,5470,5470,5360,5410,27293,-0.010968921389396757
2024-04-16,5380,5400,5240,5270,52092,-0.025878003696857665
2024-04-17,5250,5310,5210,5260,28486,-0.00189753320683117
2024-04-18,5290,5420,5250,5390,16857,0.024714828897338448
2024-04-19,5400,5400,5260,5280,16175,-0.020408163265306145
2024-04-22,5300,5440,5280,5420,17910,0.026515151515151603
2024-04-23,5420,5480,5390,5450,15720,0.005535055350553542
2024-04-24,5460,5480,5390,5450,6584,0.0
2024-04-25,5430,5430,5360,5360,18034,-0.016513761467889854
2024-04-26,5340,5380,5260,5340,18186,-0.003731343283582045
2024-04-29,5340,5450,5300,5410,17401,0.013108614232209659
2024-04-30,5420,5610,5420,5610,41261,0.0369685767097967
2024-05-02,5610,5610,5500,5500,34761,-0.019607843137254943
2024-05-03,5580,5580,5460,5480,14358,-0.0036363636363636598
2024-05-07,5480,5520,5470,5520,8848,0.007299270072992803
2024-05-08,5550,5560,5500,5530,6480,0.0018115942028984477
2024-05-09,5550,5550,5470,5510,9612,-0.003616636528028905
2024-05-10,5490,5540,5460,5540,11131,0.005444646098003547
2024-05-13,5540,5540,5450,5470,11680,-0.012635379061371799
2024-05-14,5520,5520,5420,5470,18768,0.0
2024-05-16,5490,5540,5440,5480,20937,0.001828153564899404
2024-05-17,5480,5480,5380,5470,30847,-0.0018248175182481452
2024-05-20,5440,5470,5330,5370,38826,-0.018281535648994485
2024-05-21,5370,5440,5330,5390,30578,0.003724394785847407
2024-05-22,5380,5430,5380,5390,16142,0.0
2024-05-23,5410,5410,5340,5370,16526,-0.0037105751391465214
2024-05-24,5370,5380,5300,5380,14748,0.0018621973929235924
2024-05-27,5330,5430,5310,5330,28866,-0.009293680297397744
2024-05-28,5380,5990,5330,5510,771354,0.03377110694183871
2024-05-29,5480,5510,5410,5480,51213,-0.005444646098003658
2024-05-30,5450,5460,5330,5380,33948,-0.018248175182481785
2024-05-31,5360,5490,5350,5370,22875,-0.0018587360594795044
2024-06-03,5370,5430,5340,5390,33755,0.003724394785847407
2024-06-04,5390,5440,5320,5380,40950,-0.0018552875695733162
2024-06-05,5380,5490,5340,5430,36531,0.009293680297397744
2024-06-07,5450,5460,5350,5430,17651,0.0
2024-06-10,5410,5430,5350,5400,22666,-0.0055248618784530246
2024-06-11,5400,5400,5330,5340,18920,-0.011111111111111072
2024-06-12,5430,6100,5380,5430,1515595,0.016853932584269593
2024-06-13,5470,5610,5440,5510,185381,0.014732965009208066
2024-06-14,5510,5540,5440,5450,51752,-0.010889292196007205
2024-06-17,5450,5460,5400,5440,37320,-0.0018348623853210455
2024-06-18,5420,5450,5390,5450,43771,0.0018382352941177516
2024-06-19,5450,5570,5410,5420,65640,-0.0055045871559632475
2024-06-20,5410,5590,5390,5520,69630,0.01845018450184499
2024-06-21,5610,5950,5440,5480,1002053,-0.007246376811594235
2024-06-24,5450,5550,5400,5440,102013,-0.007299270072992692
2024-06-25,5440,5560,5410,5470,70994,0.005514705882353033
2024-06-26,5440,5500,5410,5430,38767,-0.007312614259597838
2024-06-27,5410,5470,5400,5410,36476,-0.0036832412523020164
2024-06-28,5440,5440,5380,5410,36152,0.0
2024-07-01,5410,5430,5350,5380,47072,-0.00554528650646946
2024-07-02,5380,5400,5320,5320,30372,-0.01115241635687736
2024-07-03,5320,5350,5250,5270,45960,-0.009398496240601517
2024-07-04,5320,5590,5280,5280,85202,0.00189753320683117
2024-07-05,5280,5360,5260,5350,42100,0.01325757575757569
2024-07-08,5350,5380,5330,5370,14623,0.0037383177570093906
2024-07-09,5390,5390,5340,5370,18617,0.0
2024-07-10,5340,5500,5310,5350,50376,-0.003724394785847296
2024-07-11,5390,5420,5330,5350,17206,0.0
2024-07-12,5350,5400,5340,5390,17679,0.007476635514018781
2024-07-15,5380,5480,5360,5450,46849,0.011131725417439675
2024-07-16,5420,5570,5390,5400,96292,-0.00917431192660545
2024-07-17,5400,5460,5400,5400,22700,0.0
2024-07-18,5410,5410,5350,5350,17559,-0.0092592592592593
2024-07-19,5350,5380,5320,5330,14980,-0.0037383177570093906
2024-07-22,5320,5450,5320,5400,60780,0.013133208255159401
2024-07-23,5370,5480,5350,5380,36297,-0.0037037037037036535
2024-07-24,5380,5410,5320,5340,22320,-0.0074349442379182396
2024-07-25,5330,5350,5020,5290,87435,-0.009363295880149836
2024-07-26,5510,5510,5250,5330,21281,0.007561436672967936
2024-07-29,5340,5360,5300,5300,10327,-0.0056285178236398226
2024-07-30,5290,5500,5250,5420,85679,0.02264150943396226
2024-07-31,5410,5450,5330,5380,48196,-0.0073800738007380184
2024-08-01,5360,5400,5340,5390,16742,0.0018587360594795044
2024-08-02,5310,5360,5170,5230,51125,-0.029684601113172504
2024-08-05,5170,5210,4420,4560,106327,-0.12810707456978965
2024-08-06,4310,4785,4310,4735,57392,0.03837719298245612
2024-08-07,4735,4950,4735,4930,20797,0.04118268215417098
2024-08-08,4930,5010,4810,4890,8210,-0.008113590263691739
2024-08-09,4870,5030,4870,4970,29246,0.01635991820040905
2024-08-12,4995,5150,4995,5150,36965,0.03621730382293764
2024-08-13,5090,5200,5030,5100,10310,-0.009708737864077666
2024-08-14,5170,5170,5050,5110,16533,0.0019607843137254832
2024-08-16,5100,5220,5050,5070,33172,-0.007827788649706457
2024-08-19,5040,5090,5000,5000,19721,-0.013806706114398382
2024-08-20,5040,5060,5010,5060,12693,0.01200000000000001
2024-08-21,5060,5060,5000,5050,17302,-0.0019762845849802257
2024-08-22,5070,5070,4975,4975,20983,-0.014851485148514865
2024-08-23,4985,5000,4965,4990,5586,0.0030150753768845018
2024-08-26,5010,5010,4900,4950,25781,-0.008016032064128265
2024-08-27,4905,4985,4885,4985,7144,0.007070707070707005
2024-08-28,4940,4980,4910,4965,16898,-0.004012036108325012
2024-08-29,4940,4965,4860,4900,18950,-0.01309164149043307
2024-08-30,4925,4940,4705,4940,8189,0.008163265306122547
2024-09-02,4935,4935,4795,4875,26352,-0.013157894736842146
2024-09-03,4835,4885,4770,4830,14950,-0.009230769230769265
2024-09-04,4725,4770,4700,4725,19625,-0.021739130434782594
2024-09-05,4695,4980,4685,4690,98885,-0.007407407407407418
2024-09-06,4730,4780,4545,4570,34427,-0.02558635394456288
2024-09-09,4505,4625,4495,4615,19270,0.009846827133479286
2024-09-10,4615,4650,4540,4550,8883,-0.014084507042253502
2024-09-11,4550,4600,4460,4555,12657,0.001098901098901095
2024-09-12,4595,4625,4560,4610,7689,0.01207464324917673
2024-09-13,4635,4640,4520,4640,6779,0.006507592190889477
2024-09-19,4640,4675,4535,4660,13324,0.004310344827586299
2024-09-20,4620,4750,4620,4675,7528,0.0032188841201716833
2024-09-23,4685,4780,4610,4735,8976,0.012834224598930577
2024-09-24,4700,4805,4665,4735,6429,0.0
2024-09-25,4715,4755,4680,4700,7540,-0.007391763463569179
2024-09-26,4720,4720,4675,4710,6641,0.0021276595744681437
2024-09-27,4730,4730,4675,4675,6813,-0.007430997876857748
2024-09-30,4645,4690,4575,4575,12554,-0.021390374331550777
2024-10-02,4510,4590,4510,4515,5407,-0.013114754098360604
2024-10-04,4495,4545,4455,4545,9537,0.006644518272425293
2024-10-07,4570,4570,4530,4550,5588,0.0011001100110010764
2024-10-08,4505,4575,4460,4510,9699,-0.00879120879120876
2024-10-10,4535,4565,4510,4545,5403,0.0077605321507761005
2024-10-11,4545,4695,4480,4480,29055,-0.014301430143014326
2024-10-14,4495,4505,4480,4490,5601,0.0022321428571427937
2024-10-15,4495,5390,4490,4520,1739466,0.006681514476614803
2024-10-16,4490,4510,4425,4450,81401,-0.015486725663716783
2024-10-17,4465,4500,4450,4450,15832,0.0
2024-10-18,4475,4475,4380,4420,25422,-0.006741573033707815
2024-10-21,4420,4440,4360,4425,15012,0.0011312217194570096
2024-10-22,4425,4440,4330,4360,25156,-0.014689265536723117
2024-10-23,4390,4400,4320,4385,14164,0.005733944954128489
2024-10-24,4380,4400,4325,4380,7220,-0.0011402508551880963
2024-10-25,4380,4415,4345,4385,9915,0.0011415525114155667
2024-10-28,4345,4410,4345,4410,7659,0.005701254275940704
2024-10-29,4430,4430,4360,4415,10127,0.0011337868480725266
2024-10-30,4440,4530,4355,4425,23080,0.0022650056625141968
2024-10-31,4385,4445,4365,4445,7811,0.004519774011299438
2024-11-01,4450,4450,4390,4445,8539,0.0
2024-11-04,4445,4450,4360,4450,15685,0.0011248593925758943
2024-11-05,4405,4535,4405,4480,11001,0.006741573033707926
2024-11-06,4525,4565,4415,4530,19821,0.01116071428571419
2024-11-07,4525,4540,4440,4500,12319,-0.0066225165562914245
2024-11-08,4490,4495,4450,4455,7192,-0.010000000000000009
2024-11-11,4480,4480,4400,4460,18976,0.001122334455667895
2024-11-12,4460,4700,4450,4555,199513,0.02130044843049328
2024-11-13,4560,4655,4205,4400,91531,-0.034028540065861645
2024-11-14,4360,4420,4300,4300,18690,-0.022727272727272707
2024-11-15,4295,4400,4225,4305,23921,0.0011627906976743319
2024-11-18,4305,4445,4285,4350,12438,0.010452961672473782
2024-11-19,4305,4355,4270,4330,33855,-0.0045977011494252595
2024-11-20,4330,4355,4280,4325,17500,-0.0011547344110854896
2024-11-21,4390,4480,4280,4405,48331,0.018497109826589586
2024-11-22,4360,4390,4330,4330,16243,-0.017026106696935273
2024-11-25,4380,4505,4325,4465,33627,0.03117782909930722
2024-11-26,4425,4450,4355,4430,15908,-0.007838745800671898
2024-11-27,4430,4480,4410,4425,13022,-0.0011286681715575453
2024-11-28,4495,4620,4355,4385,29441,-0.009039548022598876
2024-11-29,4360,4400,4275,4390,25423,0.0011402508551880963
2024-12-02,4340,4415,4270,4280,12679,-0.02505694760820043
2024-12-03,4325,4355,4265,4290,16454,0.002336448598130758
2024-12-04,4610,5530,4400,5390,2546345,0.2564102564102564
2024-12-05,4860,5060,4395,4685,854311,-0.13079777365491652
2024-12-06,4500,5500,4465,4890,2047390,0.04375667022411944
2024-12-09,4690,5820,4550,5580,2535942,0.14110429447852768
2024-12-10,5510,6100,5190,5780,2469406,0.03584229390680993
2024-12-11,7510,7510,6780,7510,4783108,0.2993079584775087
2024-12-12,7070,7140,6370,6660,3477023,-0.1131824234354194
2024-12-13,6600,7900,6070,7410,8527026,0.11261261261261257
2024-12-16,7020,7200,6430,6510,1358502,-0.12145748987854255
2024-12-17,6440,6650,6060,6190,950266,-0.04915514592933945
2024-12-18,6070,6360,5850,6200,681439,0.001615508885298933
2024-12-19,6000,6100,5600,5750,496411,-0.07258064516129037
2024-12-20,5810,6610,5570,5740,2258985,-0.0017391304347825765
2024-12-23,5670,5810,5510,5660,345657,-0.013937282229965153
2024-12-24,5620,6580,5610,5970,2691810,0.05477031802120136
2024-12-26,5920,6290,5750,5750,603828,-0.0368509212730318
2024-12-27,5830,6060,5420,5610,566612,-0.024347826086956514
2024-12-30,5610,6050,5500,5850,540345,0.04278074866310155
2025-01-02,6190,6400,5940,6270,809516,0.07179487179487176
2025-01-03,6220,6300,5910,6130,549680,-0.022328548644338087
2025-01-06,6040,6050,5900,5960,254936,-0.027732463295269127
2025-01-07,5960,6110,5910,6020,240756,0.010067114093959662
2025-01-08,6040,6080,5910,5950,160818,-0.011627906976744207
2025-01-09,5930,5990,5630,5960,167028,0.001680672268907557
2025-01-10,5910,5990,5780,5940,199404,-0.003355704697986628
2025-01-13,5940,5940,5700,5740,132385,-0.03367003367003363
2025-01-14,5790,6020,5710,6020,185166,0.04878048780487809
2025-01-15,6140,6140,5670,5680,476027,-0.056478405315614655
