Date,Open,High,Low,Close,Volume,Change
2022-01-03,5830,5830,5710,5780,170002,-0.0017271157167529916
2022-01-04,5790,5820,5690,5780,206377,0.0
2022-01-05,5780,5850,5720,5820,264674,0.006920415224913601
2022-01-06,5740,5800,5550,5550,292521,-0.046391752577319534
2022-01-07,5550,5710,5550,5640,126585,0.016216216216216273
2022-01-10,5650,5670,5540,5640,125183,0.0
2022-01-11,5600,5610,5440,5510,157272,-0.023049645390070927
2022-01-12,5510,5570,5500,5550,69941,0.007259528130671544
2022-01-13,5550,5560,5460,5510,95528,-0.007207207207207245
2022-01-14,5510,5560,5440,5500,133148,-0.001814882032667886
2022-01-17,5450,5500,5260,5280,178991,-0.040000000000000036
2022-01-18,5260,5360,5140,5170,107781,-0.02083333333333337
2022-01-19,5070,5290,5070,5210,119079,0.007736943907156624
2022-01-20,5150,5520,5150,5510,200206,0.05758157389635321
2022-01-21,5490,5960,5460,5470,931261,-0.007259528130671544
2022-01-24,5590,5730,5460,5550,458234,0.014625228519195677
2022-01-25,5630,6000,5300,5970,1313973,0.07567567567567557
2022-01-26,5980,6160,5610,5860,1525813,-0.018425460636515956
2022-01-27,5840,5870,5240,5260,667248,-0.10238907849829348
2022-01-28,5290,5450,5250,5350,277409,0.017110266159695797
2022-02-03,5480,5830,5420,5740,567385,0.07289719626168223
2022-02-04,5810,5810,5600,5620,353431,-0.020905923344947785
2022-02-07,5630,5800,5630,5670,185319,0.008896797153024938
2022-02-08,5670,5730,5450,5560,208212,-0.01940035273368612
2022-02-09,5560,5850,5560,5800,561425,0.043165467625899234
2022-02-10,5720,5740,5510,5530,358372,-0.04655172413793107
2022-02-11,5500,5510,5240,5260,275463,-0.0488245931283906
2022-02-14,5170,5200,4970,5000,216664,-0.049429657794676785
2022-02-15,4920,5030,4740,4795,207742,-0.041000000000000036
2022-02-16,4865,5040,4865,5010,132631,0.044838373305526646
2022-02-17,5020,5090,4800,5000,156068,-0.001996007984031989
2022-02-18,4960,5070,4860,5070,74110,0.014000000000000012
2022-02-21,4960,5110,4920,5060,106366,-0.0019723865877712132
2022-02-22,4950,5030,4855,4870,117602,-0.03754940711462451
2022-02-23,4875,4945,4850,4905,113349,0.007186858316221789
2022-02-24,4865,4925,4660,4690,179588,-0.04383282364933738
2022-02-25,4730,4825,4705,4810,95507,0.02558635394456288
2022-02-28,4810,4870,4740,4865,45766,0.011434511434511352
2022-03-02,4865,4990,4810,4960,73116,0.019527235354573458
2022-03-03,5000,5150,4960,5120,143044,0.032258064516129004
2022-03-04,5120,5130,5040,5090,69156,-0.005859375
2022-03-07,5050,5130,4960,5000,43039,-0.017681728880157177
2022-03-08,4930,4995,4865,4955,63534,-0.009000000000000008
2022-03-10,5150,5160,5000,5010,49842,0.011099899091826515
2022-03-11,5010,5090,4955,5070,66860,0.011976047904191711
2022-03-14,5070,5100,4980,5010,58512,-0.011834319526627168
2022-03-15,4980,5140,4980,5020,109713,0.001996007984031989
2022-03-16,5020,5170,5020,5150,92529,0.02589641434262946
2022-03-17,5150,5200,5120,5180,131883,0.005825242718446644
2022-03-18,5120,5290,5120,5210,235974,0.005791505791505891
2022-03-21,5220,5230,5110,5140,129436,-0.013435700575815779
2022-03-22,5150,5340,5130,5250,179605,0.021400778210116655
2022-03-23,5250,5300,5190,5270,114954,0.003809523809523707
2022-03-24,5270,5340,5200,5310,101024,0.007590132827324458
2022-03-25,5310,5350,5290,5330,72917,0.0037664783427495685
2022-03-28,5390,5390,5270,5310,74790,-0.0037523452157598447
2022-03-29,5320,5440,5260,5400,193171,0.016949152542372836
2022-03-30,5350,5370,5260,5330,107530,-0.012962962962962954
2022-03-31,5330,5330,5230,5260,90903,-0.013133208255159512
2022-04-01,5260,5290,5130,5230,77719,-0.005703422053231932
2022-04-04,5180,5230,5170,5200,72975,-0.005736137667303964
2022-04-05,5240,5250,5190,5240,59734,0.007692307692307665
2022-04-06,5230,5230,5160,5200,38744,-0.007633587786259555
2022-04-07,5160,5160,4985,5000,113099,-0.038461538461538436
2022-04-08,5000,5060,4870,4970,41617,-0.006000000000000005
2022-04-11,4950,5030,4900,5020,45987,0.010060362173038184
2022-04-12,4995,4995,4850,4885,64004,-0.02689243027888444
2022-04-13,4855,4955,4855,4915,38939,0.0061412487205732
2022-04-14,4965,4965,4915,4925,22937,0.0020345879959309254
2022-04-15,4930,4930,4810,4815,79197,-0.022335025380710638
2022-04-18,4825,4850,4770,4830,45259,0.0031152647975076775
2022-04-19,4810,4905,4795,4880,140256,0.010351966873705987
2022-04-20,4935,4950,4790,4850,130894,-0.006147540983606592
2022-04-21,4870,4870,4820,4850,50944,0.0
2022-04-22,4850,4860,4770,4800,61726,-0.010309278350515427
2022-04-25,4775,4775,4660,4660,82336,-0.029166666666666674
2022-04-26,4660,4750,4660,4695,53265,0.007510729613734002
2022-04-27,4550,4600,4520,4575,82904,-0.025559105431309903
2022-04-28,4575,4595,4490,4555,64222,-0.0043715846994535346
2022-04-29,4525,4620,4525,4610,47716,0.01207464324917673
2022-05-02,4575,4680,4535,4635,59600,0.005422993492407713
2022-05-03,4665,4685,4610,4620,34444,-0.003236245954692518
2022-05-04,4620,4750,4620,4700,76191,0.017316017316017396
2022-05-06,4680,4680,4595,4645,45719,-0.011702127659574457
2022-05-09,4575,4630,4500,4500,58550,-0.031216361679224924
2022-05-10,4480,4480,4290,4455,75511,-0.010000000000000009
2022-05-11,4390,4590,4390,4515,30875,0.013468013468013407
2022-05-12,4490,4515,4335,4410,36774,-0.023255813953488413
2022-05-13,4370,4430,4370,4375,41292,-0.007936507936507908
2022-05-16,4400,4620,4400,4460,38922,0.01942857142857135
2022-05-17,4405,4525,4405,4490,29715,0.006726457399103047
2022-05-18,4505,4645,4505,4535,53654,0.010022271714922093
2022-05-19,4450,4460,4390,4425,37859,-0.02425578831312014
2022-05-20,4430,4485,4425,4440,34137,0.003389830508474523
2022-05-23,4440,4545,4440,4515,45541,0.016891891891891886
2022-05-24,4515,4560,4400,4455,29297,-0.013289036544850474
2022-05-25,4410,4585,4370,4405,83324,-0.011223344556677839
2022-05-26,4400,4415,4365,4395,33518,-0.002270147559591429
2022-05-27,4395,4425,4355,4380,39671,-0.0034129692832765013
2022-05-30,4415,4505,4380,4480,46317,0.022831050228310446
2022-05-31,4480,4580,4480,4575,52433,0.021205357142857206
2022-06-02,4565,4620,4525,4565,29159,-0.002185792349726823
2022-06-03,4565,4635,4520,4625,53241,0.013143483023001057
2022-06-07,4600,4610,4425,4500,48685,-0.027027027027026973
2022-06-08,4475,4595,4460,4510,33153,0.0022222222222221255
2022-06-09,4510,4510,4410,4450,27330,-0.013303769401330379
2022-06-10,4445,4445,4350,4400,37609,-0.011235955056179803
2022-06-13,4320,4320,4150,4210,98398,-0.04318181818181821
2022-06-14,4020,4170,3995,4050,117025,-0.038004750593824244
2022-06-15,4000,4045,3760,3770,140760,-0.06913580246913575
2022-06-16,3790,4630,3790,3980,1647154,0.0557029177718833
2022-06-17,3810,4395,3800,4225,721451,0.061557788944723635
2022-06-20,4225,4225,3950,4060,122726,-0.03905325443786978
2022-06-21,3985,4080,3790,3865,253115,-0.04802955665024633
2022-06-22,3865,3925,3600,3600,172833,-0.06856403622250973
2022-06-23,3530,3610,3230,3230,226050,-0.10277777777777775
2022-06-24,3220,3415,3220,3405,133004,0.05417956656346745
2022-06-27,3520,3705,3470,3625,94923,0.06461086637298097
2022-06-28,3660,3700,3605,3685,60026,0.016551724137930934
2022-06-29,3540,3750,3530,3650,52022,-0.009497964721845276
2022-06-30,3690,3695,3470,3520,80293,-0.03561643835616435
2022-07-01,3475,3575,3350,3410,83939,-0.03125
2022-07-04,3395,3490,3380,3440,50835,0.008797653958944274
2022-07-05,3440,3655,3440,3640,72150,0.058139534883721034
2022-07-06,3665,3770,3660,3730,63618,0.024725274725274637
2022-07-07,3760,3830,3740,3815,48258,0.02278820375335111
2022-07-08,3785,3940,3785,3870,43024,0.014416775884665833
2022-07-11,3915,4165,3915,4120,196803,0.06459948320413433
2022-07-12,4220,4285,4080,4185,240768,0.01577669902912615
2022-07-13,4355,4460,4010,4065,280047,-0.028673835125448077
2022-07-14,4055,4135,3975,4120,67894,0.013530135301353052
2022-07-15,4100,4145,3995,4095,76589,-0.0060679611650485965
2022-07-18,4095,4725,4090,4420,3152822,0.0793650793650793
2022-07-19,4500,4590,4420,4495,542607,0.016968325791855143
2022-07-20,4570,4825,4480,4825,2627985,0.07341490545050067
2022-07-21,5150,5420,4680,4680,3026864,-0.030051813471502542
2022-07-22,4640,4740,4480,4550,369276,-0.02777777777777779
2022-07-25,4505,4505,4360,4380,241714,-0.03736263736263734
2022-07-26,4395,4580,4395,4525,258262,0.033105022831050324
2022-07-27,4585,4920,4495,4695,1900301,0.037569060773480656
2022-07-28,4650,4670,4540,4540,167247,-0.03301384451544198
2022-07-29,4535,4540,4375,4390,149025,-0.033039647577092546
2022-08-01,4390,4480,4325,4465,75235,0.017084282460136713
2022-08-02,4425,4435,4315,4370,143576,-0.021276595744680882
2022-08-03,4370,4435,4330,4390,55188,0.004576659038901587
2022-08-04,4385,4385,4255,4255,122833,-0.03075170842824604
2022-08-05,4275,4280,4200,4230,75993,-0.005875440658049347
2022-08-08,4195,4250,4150,4235,79401,0.0011820330969267712
2022-08-09,4240,4300,4230,4250,68027,0.0035419126328217754
2022-08-10,4245,4250,4130,4145,63827,-0.024705882352941133
2022-08-11,4150,4225,4140,4155,44299,0.0024125452352230514
2022-08-12,4155,4245,4155,4220,34241,0.01564380264741283
2022-08-16,4220,5230,4190,4665,8813540,0.10545023696682465
2022-08-17,4620,4935,4570,4680,2407478,0.003215434083601254
2022-08-18,4765,5130,4545,4685,1311914,0.0010683760683760646
2022-08-19,4670,4725,4570,4580,190165,-0.022411953041622246
2022-08-22,4500,4875,4460,4560,601166,-0.004366812227074246
2022-08-23,4445,4610,4345,4345,115604,-0.04714912280701755
2022-08-24,4345,4555,4310,4440,109051,0.021864211737629535
2022-08-25,4405,4555,4380,4480,76084,0.009009009009008917
2022-08-26,4475,4505,4375,4375,87594,-0.0234375
2022-08-29,4180,4300,4110,4170,130011,-0.04685714285714282
2022-08-30,4195,4240,4110,4180,54808,0.0023980815347721673
2022-08-31,4125,4190,4080,4180,71214,0.0
2022-09-01,4165,4225,4030,4060,102594,-0.028708133971291905
2022-09-02,4065,4105,3765,3825,263505,-0.05788177339901479
2022-09-05,3825,3835,3705,3800,79655,-0.006535947712418277
2022-09-06,3760,3845,3750,3820,54143,0.0052631578947368585
2022-09-07,3780,3800,3685,3700,84577,-0.03141361256544506
2022-09-08,3715,3760,3700,3725,52775,0.006756756756756799
2022-09-13,3735,3850,3735,3840,65536,0.03087248322147662
2022-09-14,3750,3870,3650,3765,42862,-0.01953125
2022-09-15,3800,3805,3685,3715,64794,-0.013280212483399723
2022-09-16,3660,3700,3620,3620,72059,-0.025572005383580065
2022-09-19,3590,3620,3525,3540,60033,-0.02209944751381221
2022-09-20,3500,3610,3500,3580,61335,0.011299435028248483
2022-09-21,3570,3815,3540,3570,38307,-0.0027932960893854997
2022-09-22,3500,3605,3410,3505,67687,-0.018207282913165312
2022-09-23,3405,3635,3405,3445,78328,-0.01711840228245365
2022-09-26,3395,3440,3155,3165,197581,-0.08127721335268501
2022-09-27,3150,3250,3075,3165,110121,0.0
2022-09-28,3165,3230,2965,3050,117479,-0.0363349131121643
2022-09-29,3080,3450,3080,3210,319506,0.05245901639344264
2022-09-30,3100,3170,3070,3110,67323,-0.031152647975077885
2022-10-04,3140,3235,3140,3235,44300,0.04019292604501601
2022-10-05,3285,3285,3090,3120,61927,-0.03554868624420404
2022-10-06,3190,3240,3135,3220,35020,0.03205128205128216
2022-10-07,3220,3350,3195,3290,39801,0.021739130434782705
2022-10-11,3260,3290,3070,3070,72923,-0.06686930091185406
2022-10-12,3010,3085,3005,3045,40375,-0.008143322475570036
2022-10-13,3005,3035,2865,2865,90981,-0.059113300492610876
2022-10-14,2910,3390,2910,3145,543589,0.09773123909249559
2022-10-17,3110,3385,3085,3230,111713,0.027027027027026973
2022-10-18,3230,3350,3200,3255,94405,0.007739938080495445
2022-10-19,3270,3410,3260,3360,82812,0.032258064516129004
2022-10-20,3330,3360,3280,3305,33180,-0.016369047619047672
2022-10-21,3260,3350,3260,3330,41608,0.0075642965204236745
2022-10-24,3355,3385,3310,3350,39194,0.006006006006006093
2022-10-25,3340,3365,3305,3335,53219,-0.004477611940298498
2022-10-26,3330,3380,3250,3330,36441,-0.0014992503748125774
2022-10-27,3300,3385,3270,3365,42098,0.010510510510510551
2022-10-28,3330,3365,3300,3310,21973,-0.01634472511144136
2022-10-31,3335,3390,3335,3375,28726,0.01963746223564944
2022-11-01,3375,3395,3310,3380,34893,0.001481481481481417
2022-11-02,3395,3435,3360,3430,58261,0.014792899408283988
2022-11-03,3395,3395,3300,3390,36501,-0.011661807580174877
2022-11-04,3360,3360,3275,3345,43356,-0.013274336283185861
2022-11-07,3345,3390,3320,3390,40615,0.013452914798206317
2022-11-08,3390,3475,3390,3460,28310,0.020648967551622377
2022-11-09,3465,3510,3440,3485,37799,0.007225433526011571
2022-11-10,3455,3535,3400,3490,50802,0.0014347202295552641
2022-11-11,3545,3595,3530,3555,44807,0.018624641833810962
2022-11-14,3555,3665,3535,3565,125607,0.002812939521800173
2022-11-15,3575,3620,3540,3620,64494,0.015427769985974837
2022-11-16,3675,3675,3565,3605,33963,-0.004143646408839796
2022-11-17,3585,3640,3555,3600,40824,-0.001386962552011095
2022-11-18,3600,3605,3545,3555,30591,-0.012499999999999956
2022-11-21,3560,3575,3455,3520,45865,-0.009845288326300938
2022-11-22,3510,3515,3465,3470,15660,-0.014204545454545414
2022-11-23,3475,3545,3475,3525,30061,0.015850144092218965
2022-11-24,3575,3600,3560,3600,43816,0.02127659574468077
2022-11-25,3600,3620,3565,3600,28606,0.0
2022-11-28,3600,3615,3560,3570,50654,-0.008333333333333304
2022-11-29,3525,3600,3525,3600,48019,0.008403361344537785
2022-11-30,3640,3650,3590,3630,35505,0.008333333333333304
2022-12-01,3640,3670,3605,3620,55817,-0.0027548209366391463
2022-12-02,3630,3655,3620,3620,24538,0.0
2022-12-05,3620,3650,3585,3630,33575,0.0027624309392264568
2022-12-06,3595,3630,3530,3530,24634,-0.02754820936639113
2022-12-07,3510,3510,3445,3485,20453,-0.012747875354107596
2022-12-08,3450,3480,3350,3480,32737,-0.0014347202295552641
2022-12-09,3480,3520,3405,3515,22446,0.010057471264367734
2022-12-12,3515,3515,3405,3440,26638,-0.02133712660028453
2022-12-13,3455,4035,3455,3645,3029479,0.05959302325581395
2022-12-14,3645,3705,3550,3675,170237,0.008230452674897082
2022-12-15,3675,3710,3580,3680,96199,0.0013605442176871652
2022-12-16,3610,3730,3590,3690,101361,0.0027173913043478937
2022-12-19,3800,4215,3770,3855,4141356,0.04471544715447151
2022-12-20,3880,3890,3660,3705,236795,-0.03891050583657585
2022-12-21,3710,3980,3710,3875,888862,0.045883940620782715
2022-12-22,3855,3870,3750,3755,147280,-0.030967741935483906
2022-12-23,3755,3775,3530,3625,218468,-0.03462050599201061
2022-12-26,3570,3610,3500,3500,95500,-0.03448275862068961
2022-12-27,3465,3530,3465,3520,62571,0.005714285714285783
2022-12-28,3440,3490,3390,3420,112306,-0.02840909090909094
2022-12-29,3405,4000,3400,3435,3911348,0.004385964912280604
2023-01-02,3400,3490,3370,3375,209148,-0.017467248908296984
2023-01-03,3350,3350,3145,3250,241703,-0.03703703703703709
2023-01-04,3185,3385,3155,3355,130071,0.03230769230769237
2023-01-05,3360,3440,3355,3390,94875,0.010432190760059523
2023-01-06,3390,3485,3390,3465,88130,0.022123893805309658
2023-01-09,3465,3530,3465,3500,102328,0.010101010101010166
2023-01-10,3490,3555,3475,3555,49278,0.01571428571428579
2023-01-11,3555,3655,3550,3600,118130,0.012658227848101333
2023-01-12,3620,3695,3595,3615,119375,0.004166666666666652
2023-01-13,3625,3675,3620,3650,77632,0.009681881051175623
2023-01-16,3650,3670,3615,3635,68907,-0.004109589041095929
2023-01-17,3640,3655,3555,3575,62496,-0.016506189821182904
2023-01-18,3560,3670,3555,3625,73410,0.013986013986013957
2023-01-19,3625,3690,3585,3675,60811,0.01379310344827589
2023-01-20,3675,3775,3635,3715,113464,0.010884353741496655
2023-01-25,3745,3950,3715,3865,349629,0.04037685060565277
2023-01-26,3855,3895,3820,3820,125399,-0.011642949547218673
2023-01-27,3860,4000,3835,4000,555686,0.04712041884816753
2023-01-30,4480,4500,4050,4070,1769176,0.01750000000000007
2023-01-31,4070,4215,4065,4130,467053,0.014742014742014753
2023-02-01,4130,4135,4015,4065,245733,-0.0157384987893463
2023-02-02,4045,4130,4015,4060,128941,-0.0012300123001229846
2023-02-03,4100,4165,4070,4080,214918,0.0049261083743843415
2023-02-06,4055,4080,4005,4050,74458,-0.007352941176470562
2023-02-07,4050,4285,4025,4125,505317,0.0185185185185186
2023-02-08,4200,4315,4175,4220,351028,0.023030303030302957
2023-02-09,4195,4255,4170,4230,125778,0.0023696682464455776
2023-02-10,4230,4230,4060,4065,94791,-0.03900709219858156
2023-02-13,4060,4120,3995,4095,66892,0.007380073800737907
2023-02-14,4075,4160,4020,4060,71081,-0.008547008547008517
2023-02-15,4060,4060,3885,3905,148848,-0.03817733990147787
2023-02-16,3905,3965,3905,3935,49677,0.007682458386683688
2023-02-17,3900,3950,3900,3940,25697,0.0012706480304955914
2023-02-20,3920,4030,3915,4025,39835,0.021573604060913798
2023-02-21,4025,4025,3950,3980,45196,-0.011180124223602483
2023-02-22,3905,3965,3895,3935,56476,-0.011306532663316604
2023-02-23,3920,4030,3890,3925,42640,-0.0025412960609910717
2023-02-24,3925,4480,3900,4480,1015260,0.1414012738853503
2023-02-27,4205,4395,4200,4250,463164,-0.0513392857142857
2023-02-28,4255,4495,4215,4420,442313,0.040000000000000036
2023-03-02,4410,4570,4355,4520,479944,0.02262443438914019
2023-03-03,4520,4520,4405,4460,247364,-0.013274336283185861
2023-03-06,4415,4520,4275,4410,379197,-0.011210762331838597
2023-03-07,4400,4490,4365,4365,176653,-0.010204081632653073
2023-03-08,4240,4660,4225,4505,1378690,0.032073310423825996
2023-03-09,4480,4525,4370,4385,256418,-0.02663706992230852
2023-03-10,4330,4480,4210,4280,175085,-0.023945267958951022
2023-03-13,4210,4325,4110,4290,149176,0.002336448598130758
2023-03-14,4220,4270,3955,4015,257106,-0.0641025641025641
2023-03-15,4070,4195,4070,4150,133228,0.033623910336239016
2023-03-16,4040,4135,3890,4010,235242,-0.03373493975903619
2023-03-17,4070,4260,4035,4250,233416,0.05985037406483795
2023-03-20,4190,4280,4185,4220,55984,-0.007058823529411784
2023-03-21,4585,4585,4200,4230,560556,0.0023696682464455776
2023-03-22,4250,4330,4205,4320,152262,0.02127659574468077
2023-03-23,4275,4485,4270,4420,409929,0.02314814814814814
2023-03-24,4420,4530,4340,4530,293796,0.02488687782805421
2023-03-27,4555,4660,4320,4610,624332,0.017660044150110465
2023-03-28,4490,4530,4355,4430,388668,-0.0390455531453362
2023-03-29,4200,4200,4060,4085,494995,-0.07787810383747173
2023-03-30,4085,4095,3935,3955,228968,-0.03182374541003674
2023-03-31,3950,3965,3840,3870,136592,-0.02149178255372941
2023-04-03,3870,3935,3850,3865,85717,-0.0012919896640827266
2023-04-04,3870,3905,3830,3855,110945,-0.002587322121604174
2023-04-05,3845,3885,3820,3885,64765,0.0077821011673151474
2023-04-06,3885,3895,3795,3850,92147,-0.009009009009009028
2023-04-07,3850,3850,3760,3765,99912,-0.02207792207792203
2023-04-10,3765,3800,3665,3700,78438,-0.01726427622841964
2023-04-11,3675,3795,3630,3795,78393,0.025675675675675746
2023-04-12,3800,3835,3700,3825,63997,0.007905138339920903
2023-04-13,3800,3830,3755,3825,46154,0.0
2023-04-14,3835,3850,3770,3830,39271,0.0013071895424836555
2023-04-17,3845,3870,3815,3850,53095,0.005221932114882533
2023-04-18,3870,3870,3790,3835,29723,-0.003896103896103842
2023-04-19,3835,3840,3790,3830,55459,-0.0013037809647978849
2023-04-20,3815,3825,3715,3730,84402,-0.026109660574412552
2023-04-21,3705,3730,3600,3730,75748,0.0
2023-04-24,3690,3750,3625,3650,30767,-0.02144772117962468
2023-04-25,3630,3650,3550,3610,47325,-0.010958904109588996
2023-04-26,3600,3615,3535,3545,33812,-0.018005540166205036
2023-04-27,3545,3605,3505,3575,27361,0.008462623413258097
2023-04-28,3595,3645,3510,3520,42985,-0.01538461538461533
2023-05-02,3480,3605,3480,3595,50276,0.02130681818181812
2023-05-03,3595,3610,3560,3565,21930,-0.008344923504867818
2023-05-04,3430,3565,3430,3565,48356,0.0
2023-05-08,3550,3600,3505,3590,44777,0.007012622720897532
2023-05-09,3505,3620,3505,3580,27130,-0.0027855153203342198
2023-05-10,3580,3615,3555,3580,17262,0.0
2023-05-11,3580,3645,3570,3640,22597,0.016759776536312776
2023-05-12,3605,3660,3585,3660,30232,0.005494505494505475
2023-05-15,3610,3655,3565,3590,35192,-0.01912568306010931
2023-05-16,3550,3590,3520,3550,41162,-0.011142061281337101
2023-05-17,3535,3620,3535,3570,19317,0.005633802816901401
2023-05-18,3650,3665,3605,3655,37903,0.023809523809523725
2023-05-19,3655,3685,3610,3685,35719,0.008207934336525335
2023-05-22,3650,3690,3635,3685,27118,0.0
2023-05-23,3685,3685,3640,3640,22595,-0.012211668928086894
2023-05-24,3615,3665,3595,3665,22951,0.006868131868131844
2023-05-25,3650,3660,3610,3630,12150,-0.009549795361528002
2023-05-26,3650,3650,3540,3585,39223,-0.012396694214875992
2023-05-30,3550,3620,3550,3590,22721,0.001394700139470073
2023-05-31,3590,3605,3480,3520,65337,-0.01949860724233987
2023-06-01,3520,3605,3500,3605,54679,0.024147727272727293
2023-06-02,3605,3635,3600,3600,18403,-0.001386962552011095
2023-06-05,3600,3600,3550,3555,27244,-0.012499999999999956
2023-06-07,3555,3590,3525,3555,42054,0.0
2023-06-08,3550,3550,3525,3550,21895,-0.0014064697609000865
2023-06-09,3550,3570,3535,3550,28308,0.0
2023-06-12,3550,3640,3540,3605,29486,0.015492957746478853
2023-06-13,3605,3690,3600,3665,57058,0.01664355062413314
2023-06-14,3670,3685,3595,3605,19727,-0.016371077762619368
2023-06-15,3605,3695,3600,3605,46348,0.0
2023-06-16,3610,3635,3580,3635,25030,0.00832177531206657
2023-06-19,3605,3635,3580,3590,23935,-0.012379642365887178
2023-06-20,3590,3625,3580,3610,20743,0.0055710306406684396
2023-06-21,3610,3625,3580,3580,38434,-0.008310249307479256
2023-06-22,3565,3580,3510,3570,35680,-0.0027932960893854997
2023-06-23,3555,3555,3520,3550,25810,-0.0056022408963585235
2023-06-26,3510,3550,3455,3545,32831,-0.0014084507042253502
2023-06-27,3545,3605,3545,3575,30161,0.008462623413258097
2023-06-28,3575,3620,3570,3570,31976,-0.0013986013986013734
2023-06-29,3575,3595,3510,3570,42997,0.0
2023-06-30,3555,3600,3535,3600,27216,0.008403361344537785
2023-07-03,3630,3710,3600,3680,85304,0.022222222222222143
2023-07-04,3680,3690,3630,3685,45457,0.0013586956521738358
2023-07-05,3685,3715,3660,3660,35745,-0.006784260515603768
2023-07-06,3640,3670,3610,3615,67373,-0.012295081967213073
2023-07-07,3580,3640,3510,3620,52054,0.0013831258644536604
2023-07-10,3590,3780,3590,3690,97404,0.01933701657458564
2023-07-11,3690,3695,3625,3695,39341,0.0013550135501354532
2023-07-12,3685,3740,3620,3640,55778,-0.014884979702300405
2023-07-13,3645,3700,3645,3655,34210,0.004120879120879106
2023-07-14,3655,3675,3600,3645,33463,-0.002735978112175075
2023-07-17,3645,3655,3600,3655,25570,0.00274348422496562
2023-07-18,3650,3675,3565,3660,37038,0.001367989056087593
2023-07-19,3625,3635,3550,3610,43988,-0.013661202185792365
2023-07-20,3565,3775,3440,3600,143613,-0.0027700831024930483
2023-07-21,3570,3595,3530,3590,28049,-0.002777777777777768
2023-07-24,3550,3550,3460,3510,60845,-0.02228412256267409
2023-07-25,3455,3460,3360,3360,76909,-0.042735042735042694
2023-07-26,3370,3370,3100,3165,169630,-0.0580357142857143
2023-07-27,3165,3220,3110,3175,63921,0.003159557661927437
2023-07-28,3175,3250,3175,3220,36459,0.014173228346456623
2023-07-31,3250,3285,3220,3285,42318,0.020186335403726607
2023-08-01,3295,3380,3275,3355,42866,0.021308980213089912
2023-08-02,3350,3380,3260,3330,39515,-0.007451564828613977
2023-08-03,3300,3300,3250,3290,49191,-0.012012012012011963
2023-08-04,3265,3325,3255,3320,18084,0.00911854103343468
2023-08-07,3320,3320,3260,3320,32127,0.0
2023-08-08,3265,3330,3225,3290,49934,-0.009036144578313254
2023-08-09,3285,3290,3245,3290,18214,0.0
2023-08-10,3290,3290,3235,3270,34743,-0.006079027355623046
2023-08-11,3290,3290,3225,3235,100805,-0.010703363914373099
2023-08-14,3215,3220,3095,3140,69377,-0.029366306027820754
2023-08-16,3095,3100,3020,3050,45668,-0.0286624203821656
2023-08-17,3025,3030,2975,3025,41421,-0.008196721311475419
2023-08-18,3020,3025,2940,3015,50341,-0.0033057851239669533
2023-08-21,2980,3015,2970,3015,22792,0.0
2023-08-22,3015,3020,2990,3010,14845,-0.0016583747927031434
2023-08-23,2995,3015,2990,2990,25964,-0.006644518272425293
2023-08-24,3000,3265,2980,3080,155531,0.030100334448160515
2023-08-25,3090,3185,3070,3180,73415,0.032467532467532534
2023-08-28,3190,3245,3180,3200,47937,0.0062893081761006275
2023-08-29,3200,3245,3200,3210,33215,0.0031250000000000444
2023-08-30,3215,3275,3195,3245,36160,0.010903426791277315
2023-08-31,3240,3265,3200,3230,37568,-0.0046224961479198745
2023-09-01,3230,3255,3205,3205,29006,-0.007739938080495334
2023-09-04,3210,3290,3205,3225,71663,0.006240249609984483
2023-09-05,3260,3305,3230,3305,74448,0.024806201550387597
2023-09-06,3310,3330,3305,3330,43932,0.0075642965204236745
2023-09-07,3330,3345,3305,3310,52868,-0.006006006006005982
2023-09-08,3300,3310,3245,3295,25016,-0.004531722054380682
2023-09-11,3310,3335,3310,3325,45869,0.009104704097116834
2023-09-12,3345,3350,3300,3330,51552,0.0015037593984963404
2023-09-13,3315,3350,3300,3320,28983,-0.0030030030030030463
2023-09-14,3320,3340,3280,3315,29718,-0.001506024096385561
2023-09-15,3320,3340,3315,3335,34561,0.006033182503770718
2023-09-18,3320,3345,3315,3335,36886,0.0
2023-09-19,3320,3345,3315,3330,38012,-0.0014992503748125774
2023-09-20,3320,3345,3290,3320,43406,-0.0030030030030030463
2023-09-21,3310,3340,3275,3320,43476,0.0
2023-09-22,3290,3320,3250,3285,39001,-0.010542168674698815
2023-09-25,3285,3305,3190,3270,73049,-0.004566210045662156
2023-09-26,3265,3290,3215,3245,43058,-0.007645259938837912
2023-09-27,3190,3240,3150,3225,32054,-0.006163328197226536
2023-10-04,3220,3220,3165,3180,31306,-0.013953488372092981
2023-10-05,3170,3595,2975,3145,919784,-0.011006289308176154
2023-10-06,3145,3250,3110,3230,68291,0.027027027027026973
2023-10-10,3205,3280,3200,3215,54246,-0.004643962848297267
2023-10-11,3200,3280,3200,3260,29236,0.013996889580093264
2023-10-12,3260,3290,3225,3280,26227,0.006134969325153339
2023-10-13,3275,3310,3250,3270,21021,-0.0030487804878048808
2023-10-16,3280,3280,3170,3260,23890,-0.003058103975535187
2023-10-17,3240,3280,3230,3270,33833,0.0030674846625766694
2023-10-18,3260,3300,3235,3265,30743,-0.001529051987767538
2023-10-19,3230,3285,3215,3255,31272,-0.003062787136294043
2023-10-20,3255,3255,3190,3195,39503,-0.018433179723502335
2023-10-23,3180,3300,3180,3270,42508,0.023474178403755763
2023-10-24,3250,3295,3230,3285,32412,0.004587155963302836
2023-10-25,3295,3345,3260,3340,54500,0.016742770167427645
2023-10-26,3280,3340,3255,3305,19117,-0.010479041916167664
2023-10-27,3305,3365,3270,3325,48188,0.00605143721633894
2023-10-30,3275,3315,3265,3285,10329,-0.012030075187969946
2023-10-31,3300,3320,3220,3275,24042,-0.0030441400304414
2023-11-01,3275,3315,3250,3315,20774,0.012213740458015376
2023-11-02,3315,3370,3285,3350,28616,0.010558069381598756
2023-11-03,3350,3375,3315,3365,21752,0.004477611940298498
2023-11-06,3365,3395,3285,3390,40254,0.007429420505200568
2023-11-07,3385,3385,3320,3360,12654,-0.008849557522123908
2023-11-08,3350,3390,3280,3320,21292,-0.011904761904761862
2023-11-09,3320,3320,3265,3320,9934,0.0
2023-11-10,3270,3305,3130,3130,29496,-0.05722891566265065
2023-11-13,3210,3245,3160,3220,35336,0.028753993610223683
2023-11-14,3220,3330,3220,3275,42944,0.017080745341614856
2023-11-15,3335,3510,3330,3440,126244,0.05038167938931304
2023-11-16,3585,3605,3475,3605,154175,0.04796511627906974
2023-11-17,3595,3655,3540,3635,70333,0.00832177531206657
2023-11-20,3635,3700,3595,3700,56729,0.017881705639614776
2023-11-21,3710,3805,3655,3785,102256,0.02297297297297307
2023-11-22,3785,3800,3765,3795,43854,0.0026420079260238705
2023-11-23,3810,3810,3770,3800,19722,0.0013175230566535578
2023-11-24,3800,3815,3630,3745,65509,-0.014473684210526305
2023-11-27,3745,3820,3635,3670,45425,-0.020026702269692942
2023-11-28,3660,3720,3630,3660,21825,-0.0027247956403270157
2023-11-29,3665,3735,3665,3700,17409,0.010928961748633892
2023-11-30,3775,3775,3690,3750,32956,0.013513513513513598
2023-12-01,3750,3780,3705,3770,59226,0.005333333333333412
2023-12-04,3770,3805,3700,3720,24826,-0.01326259946949604
2023-12-05,3720,3745,3525,3710,36458,-0.0026881720430107503
2023-12-06,3675,3750,3635,3740,17879,0.008086253369272267
2023-12-07,3740,3745,3645,3670,7771,-0.018716577540106916
2023-12-08,3675,3725,3645,3675,9234,0.0013623978201635634
2023-12-11,3675,3675,3615,3650,16792,-0.006802721088435382
2023-12-12,3650,3650,3580,3610,17040,-0.010958904109588996
2023-12-13,3610,3615,3595,3610,9019,0.0
2023-12-14,3620,3625,3530,3585,12248,-0.006925207756232732
2023-12-15,3580,3610,3500,3515,19264,-0.019525801952580246
2023-12-18,3530,3635,3520,3615,25226,0.028449502133712556
2023-12-19,3650,3660,3585,3615,10129,0.0
2023-12-20,3615,3630,3550,3620,24573,0.0013831258644536604
2023-12-21,3620,3620,3550,3585,7843,-0.00966850828729282
2023-12-22,3585,3605,3500,3585,13335,0.0
2023-12-26,3550,3585,3505,3585,18370,0.0
2023-12-27,3585,3585,3500,3575,44638,-0.002789400278940035
2023-12-28,3575,3585,3480,3515,52587,-0.016783216783216814
2024-01-02,3515,3525,3480,3510,29455,-0.0014224751066855834
2024-01-03,3510,3590,3480,3570,29238,0.017094017094017033
2024-01-04,3570,3600,3550,3590,16884,0.0056022408963585235
2024-01-05,3595,3610,3580,3600,22129,0.0027855153203342198
2024-01-08,3605,3645,3565,3640,33166,0.011111111111111072
2024-01-09,3630,3660,3625,3660,39119,0.005494505494505475
2024-01-10,3625,3690,3625,3670,25775,0.002732240437158362
2024-01-11,3630,3690,3630,3655,24708,-0.004087193460490468
2024-01-12,3670,3670,3615,3640,19733,-0.004103967168262668
2024-01-15,3640,3645,3605,3630,15577,-0.0027472527472527375
2024-01-16,3630,3630,3575,3620,22784,-0.0027548209366391463
2024-01-17,3575,3605,3530,3530,21518,-0.024861878453038666
2024-01-18,3555,4280,3555,3945,7247287,0.11756373937677056
2024-01-19,4215,4235,3720,3830,1792383,-0.0291508238276299
2024-01-22,3800,3910,3755,3810,391970,-0.005221932114882533
2024-01-23,3820,3945,3805,3910,270247,0.026246719160105014
2024-01-24,3885,3910,3780,3840,164283,-0.01790281329923271
2024-01-25,3810,3915,3790,3840,81173,0.0
2024-01-26,3870,3880,3810,3860,66752,0.005208333333333259
2024-01-29,3885,3900,3800,3850,99873,-0.002590673575129543
2024-01-30,3860,3865,3750,3820,88780,-0.007792207792207795
2024-01-31,3820,3845,3750,3810,66628,-0.002617801047120394
2024-02-01,3810,3810,3670,3735,81306,-0.019685039370078705
2024-02-02,3750,3795,3705,3725,48723,-0.0026773761713521083
2024-02-05,3725,3765,3690,3715,56053,-0.0026845637583892135
2024-02-06,3710,3760,3655,3760,72687,0.01211305518169592
2024-02-07,3760,3760,3675,3715,39096,-0.01196808510638303
2024-02-08,3715,3745,3680,3720,32350,0.0013458950201883368
2024-02-13,3720,3745,3690,3745,36590,0.006720430107526987
2024-02-14,3745,3780,3705,3780,42099,0.009345794392523255
2024-02-15,3775,3795,3750,3785,23745,0.001322751322751392
2024-02-16,3770,3875,3755,3875,130449,0.023778071334213946
2024-02-19,3875,3950,3830,3875,208158,0.0
2024-02-20,3875,3890,3830,3865,45975,-0.002580645161290307
2024-02-21,3900,3945,3820,3865,90278,0.0
2024-02-22,3865,3865,3765,3815,58921,-0.012936610608020649
2024-02-23,3815,3815,3740,3740,32169,-0.019659239842726106
2024-02-26,3720,3775,3710,3765,24611,0.006684491978609541
2024-02-27,3760,3780,3710,3710,51518,-0.014608233731739695
2024-02-28,3710,3755,3710,3750,22443,0.010781671159029615
2024-02-29,3750,3750,3670,3745,51319,-0.0013333333333332975
2024-03-04,3745,3745,3695,3745,30409,0.0
2024-03-05,3730,3730,3680,3710,32168,-0.009345794392523366
2024-03-06,3690,3725,3660,3700,23050,-0.0026954177897574594
2024-03-07,3690,3710,3620,3630,48205,-0.018918918918918948
2024-03-08,3630,3665,3615,3665,19873,0.009641873278236845
2024-03-11,3630,3660,3625,3630,17154,-0.009549795361528002
2024-03-12,3630,3665,3590,3595,35318,-0.009641873278236957
2024-03-13,3590,3615,3590,3615,18684,0.0055632823365785455
2024-03-14,3615,3620,3600,3620,12468,0.0013831258644536604
2024-03-15,3620,3690,3610,3690,27940,0.01933701657458564
2024-03-18,3690,3695,3605,3660,44018,-0.008130081300813052
2024-03-19,3660,3660,3610,3630,30699,-0.008196721311475419
2024-03-20,3630,3660,3620,3655,35161,0.00688705234159781
2024-03-21,3655,3680,3600,3675,20159,0.00547195622435015
2024-03-22,3690,3700,3645,3670,20093,-0.0013605442176870541
2024-03-25,3685,3685,3635,3670,35150,0.0
2024-03-26,3670,3705,3650,3690,32778,0.005449591280654031
2024-03-27,3690,3710,3655,3690,41734,0.0
2024-03-28,3685,3685,3580,3590,66791,-0.027100271002710064
2024-03-29,3590,3615,3575,3590,62068,0.0
2024-04-01,3565,3605,3565,3605,48335,0.00417827298050133
2024-04-02,3605,3605,3525,3555,66379,-0.01386962552011095
2024-04-03,3530,3530,3495,3495,47284,-0.016877637130801704
2024-04-04,3495,3510,3475,3475,27345,-0.005722460658083017
2024-04-05,3450,3475,3365,3375,75305,-0.02877697841726623
2024-04-08,3375,3405,3330,3370,36737,-0.001481481481481528
2024-04-09,3370,3430,3305,3305,36562,-0.01928783382789323
2024-04-11,3300,3400,3220,3400,38030,0.02874432677760974
2024-04-12,3400,3450,3385,3425,29574,0.007352941176470562
2024-04-15,3420,3425,3350,3375,18715,-0.014598540145985384
2024-04-16,3370,3370,3265,3285,37038,-0.026666666666666616
2024-04-17,3285,3300,3255,3255,17215,-0.0091324200913242
2024-04-18,3255,3295,3255,3290,30829,0.010752688172043001
2024-04-19,3290,3305,3235,3245,26420,-0.01367781155015202
2024-04-22,3260,3330,3260,3315,15442,0.02157164869029282
2024-04-23,3315,3320,3280,3295,12098,-0.006033182503770718
2024-04-24,3315,3345,3280,3340,10653,0.01365705614567525
2024-04-25,3340,3350,3305,3310,5788,-0.008982035928143728
2024-04-26,3305,3330,3290,3295,24489,-0.004531722054380682
2024-04-29,3290,3335,3270,3290,30593,-0.0015174506828528056
2024-04-30,3305,3310,3265,3290,47672,0.0
2024-05-02,3305,3330,3265,3275,21079,-0.00455927051671734
2024-05-03,3280,3380,3265,3380,43710,0.032061068702289974
2024-05-07,3365,3450,3300,3415,62642,0.010355029585798814
2024-05-08,3410,3455,3400,3455,22060,0.01171303074670571
2024-05-09,3455,3455,3395,3430,44217,-0.00723589001447178
2024-05-10,3430,3450,3400,3445,16409,0.004373177842565523
2024-05-13,3420,3470,3405,3440,8804,-0.0014513788098693414
2024-05-14,3405,3480,3405,3455,17792,0.0043604651162789665
2024-05-16,3410,3475,3410,3455,22371,0.0
2024-05-17,3415,3465,3365,3370,40723,-0.02460202604920403
2024-05-20,3370,3395,3310,3325,29548,-0.013353115727002929
2024-05-21,3310,3325,3275,3295,19314,-0.009022556390977488
2024-05-22,3280,3320,3275,3320,17535,0.007587253414264028
2024-05-23,3340,3395,3255,3325,35372,0.001506024096385561
2024-05-24,3325,3600,3280,3290,941956,-0.010526315789473717
2024-05-27,3295,3350,3275,3310,45697,0.006079027355623046
2024-05-28,3330,3360,3285,3355,29187,0.013595166163141936
2024-05-29,3350,3350,3280,3285,17296,-0.02086438152011927
2024-05-30,3285,3350,3260,3305,24988,0.0060882800608828
2024-05-31,3260,3345,3260,3285,35168,-0.006051437216338829
2024-06-03,3290,3300,3250,3260,38984,-0.007610350076103556
2024-06-04,3280,3540,3255,3265,386099,0.0015337423312884457
2024-06-05,3270,3340,3260,3310,34997,0.013782542113323082
2024-06-07,3310,3370,3300,3365,43889,0.0166163141993958
2024-06-10,3345,3390,3285,3375,17053,0.002971768202080227
2024-06-11,3375,3375,3295,3300,22863,-0.022222222222222254
2024-06-12,3295,3350,3295,3300,10133,0.0
2024-06-13,3335,3335,3290,3315,13529,0.00454545454545463
2024-06-14,3315,3340,3290,3330,22879,0.004524886877828038
2024-06-17,3315,3330,3270,3325,13146,-0.0015015015015015232
2024-06-18,3305,3315,3260,3270,18614,-0.016541353383458635
2024-06-19,3280,3350,3280,3330,32952,0.0183486238532109
2024-06-20,3330,3365,3275,3350,31705,0.006006006006006093
2024-06-21,3320,3350,3190,3190,69274,-0.047761194029850795
2024-06-24,3190,3300,3190,3260,38168,0.021943573667711602
2024-06-25,3240,3295,3230,3295,25447,0.010736196319018454
2024-06-26,3295,3295,3255,3280,4613,-0.004552352048558417
2024-06-27,3280,3300,3250,3300,13741,0.0060975609756097615
2024-06-28,3265,3320,3265,3290,14920,-0.00303030303030305
2024-07-01,3290,3320,3290,3320,17842,0.00911854103343468
2024-07-02,3295,3345,3280,3300,8947,-0.0060240963855421326
2024-07-03,3270,3350,3270,3275,17205,-0.007575757575757569
2024-07-04,3275,3330,3275,3320,14249,0.013740458015267132
2024-07-05,3345,3350,3300,3340,22162,0.006024096385542244
2024-07-08,3300,3335,3300,3335,6298,-0.0014970059880239361
2024-07-09,3320,3350,3310,3335,10459,0.0
2024-07-10,3335,3340,3295,3335,6133,0.0
2024-07-11,3335,3345,3280,3320,11451,-0.004497751124437732
2024-07-12,3320,3320,3250,3265,28305,-0.016566265060240948
2024-07-15,3265,3350,3250,3320,25142,0.016845329249617125
2024-07-16,3320,3350,3255,3320,9889,0.0
2024-07-17,3270,3295,3260,3290,20932,-0.009036144578313254
2024-07-18,3290,3300,3240,3285,20298,-0.001519756838905817
2024-07-19,3300,3300,3255,3300,12007,0.004566210045662045
2024-07-22,3270,3270,3210,3250,23348,-0.015151515151515138
2024-07-23,3240,3290,3240,3265,18804,0.004615384615384688
2024-07-24,3250,3300,3235,3250,19051,-0.004594180704441064
2024-07-25,3245,3245,3165,3195,64981,-0.01692307692307693
2024-07-26,3160,3210,3160,3175,24746,-0.006259780907668211
2024-07-29,3190,3245,3185,3245,20243,0.022047244094488105
2024-07-30,3250,3595,3200,3200,3324569,-0.013867488443759624
2024-07-31,3150,3190,3050,3110,239063,-0.028124999999999956
2024-08-01,3110,3215,3105,3135,49108,0.008038585209003246
2024-08-02,3145,3150,3060,3060,42678,-0.02392344497607657
2024-08-05,3050,3060,2820,2935,107914,-0.040849673202614345
2024-08-06,2850,3000,2850,2995,24546,0.020442930153321992
2024-08-07,2995,3095,2840,3025,21643,0.01001669449081799
2024-08-08,2990,3085,2965,3050,37347,0.008264462809917328
2024-08-09,3025,3080,3010,3070,24799,0.006557377049180246
2024-08-12,3065,3110,3020,3085,21916,0.004885993485342022
2024-08-13,3020,3085,3020,3085,10213,0.0
2024-08-14,3085,3110,3060,3085,19276,0.0
2024-08-16,3110,3250,3100,3250,76372,0.05348460291734192
2024-08-19,3250,3420,3170,3320,185733,0.021538461538461506
2024-08-20,3315,3355,3260,3300,59070,-0.0060240963855421326
2024-08-21,3265,3295,3100,3165,85104,-0.040909090909090895
2024-08-22,3180,3200,3050,3100,54473,-0.020537124802527673
2024-08-23,3090,3125,3060,3125,15597,0.008064516129032251
2024-08-26,3135,3140,3000,3040,61096,-0.027200000000000002
2024-08-27,3030,3035,3005,3010,12131,-0.009868421052631526
2024-08-28,3020,3050,2955,3005,25730,-0.0016611295681062677
2024-08-29,2980,3005,2975,2980,11136,-0.008319467554076532
2024-08-30,2985,3025,2945,3005,13199,0.008389261744966348
2024-09-02,3005,3020,2970,2975,11789,-0.009983361064891838
2024-09-03,2975,3000,2925,2970,16185,-0.001680672268907557
2024-09-04,2960,2960,2840,2915,32596,-0.01851851851851849
2024-09-05,2965,2980,2850,2850,24209,-0.022298456260720356
2024-09-06,2850,2940,2805,2860,22677,0.0035087719298245723
2024-09-09,2840,2840,2690,2805,34005,-0.019230769230769273
2024-09-10,2810,2810,2705,2785,13367,-0.007130124777183555
2024-09-11,2785,2825,2660,2725,29188,-0.021543985637342944
2024-09-12,2705,2775,2705,2775,15055,0.0183486238532109
2024-09-13,2780,2890,2775,2870,13868,0.03423423423423433
2024-09-19,2875,2880,2800,2850,17343,-0.006968641114982632
2024-09-20,2900,2945,2815,2850,18561,0.0
2024-09-23,2850,2950,2840,2930,38226,0.02807017543859658
2024-09-24,2930,2955,2920,2955,15436,0.008532423208191142
2024-09-25,2960,2965,2915,2945,7644,-0.0033840947546531774
2024-09-26,2950,2965,2910,2965,21030,0.00679117147707986
2024-09-27,2965,2965,2910,2955,12970,-0.003372681281618939
2024-09-30,2955,2965,2915,2935,16297,-0.006768189509306244
2024-10-02,2960,2960,2890,2940,5650,0.0017035775127767216
2024-10-04,2965,2965,2900,2945,1586,0.001700680272108901
2024-10-07,2945,2970,2905,2970,34705,0.008488964346349714
2024-10-08,2965,2975,2910,2970,11427,0.0
2024-10-10,2970,2995,2885,2970,21504,0.0
2024-10-11,2970,2995,2910,2965,5360,-0.0016835016835017313
2024-10-14,2965,2965,2900,2935,4784,-0.010118043844856706
2024-10-15,2935,2935,2875,2915,10747,-0.006814310051107331
2024-10-16,2910,2950,2855,2895,11800,-0.006861063464837058
2024-10-17,2895,2925,2840,2860,17178,-0.012089810017271163
2024-10-18,2860,2860,2810,2840,11186,-0.006993006993006978
2024-10-21,2825,2850,2770,2820,18551,-0.007042253521126751
2024-10-22,2790,2820,2775,2820,11017,0.0
2024-10-23,2815,2815,2750,2795,23579,-0.00886524822695034
2024-10-24,2770,2770,2720,2770,18240,-0.008944543828264706
2024-10-25,2745,3100,2745,2925,384043,0.05595667870036092
2024-10-28,2950,3065,2880,2995,46445,0.023931623931623847
2024-10-29,3000,3055,2840,3045,45876,0.016694490818029983
2024-10-30,3020,3070,3000,3010,24270,-0.011494252873563204
2024-10-31,2960,3095,2955,3060,23669,0.01661129568106312
2024-11-01,3080,3080,3010,3045,20315,-0.004901960784313708
2024-11-04,3015,3075,2990,3060,22686,0.0049261083743843415
2024-11-05,3060,3060,3010,3040,16813,-0.006535947712418277
2024-11-06,3040,3070,3000,3030,17474,-0.003289473684210509
2024-11-07,3095,3095,2990,3040,15202,0.0033003300330032292
2024-11-08,3040,3060,2985,3055,22182,0.004934210526315708
2024-11-11,3055,3055,2955,2980,15189,-0.02454991816693941
2024-11-12,2950,2980,2820,2860,51714,-0.04026845637583898
2024-11-13,2900,2900,2800,2870,26321,0.0034965034965035446
2024-11-14,2845,2930,2845,2910,25959,0.013937282229965264
2024-11-15,2880,2910,2875,2905,22042,-0.0017182130584192379
2024-11-18,2880,2950,2850,2930,20208,0.008605851979345935
2024-11-19,2900,2955,2900,2915,14250,-0.005119453924914641
2024-11-20,2920,2925,2875,2910,19323,-0.0017152658662092923
2024-11-21,2910,2930,2830,2910,13342,0.0
2024-11-22,2895,2905,2875,2900,16815,-0.0034364261168384758
2024-11-25,2905,2970,2870,2885,30300,-0.005172413793103403
2024-11-26,2885,2935,2870,2930,15946,0.015597920277296451
2024-11-27,2935,2945,2900,2915,13837,-0.005119453924914641
2024-11-28,2915,2940,2865,2875,29970,-0.013722126929674117
2024-11-29,2875,2875,2810,2870,18293,-0.0017391304347825765
2024-12-02,2855,2865,2815,2830,15431,-0.013937282229965153
2024-12-03,2775,2870,2775,2845,14511,0.005300353356890497
2024-12-04,2750,2880,2750,2830,24804,-0.005272407732864637
2024-12-05,2830,2900,2820,2900,14522,0.02473498233215543
2024-12-06,2900,2900,2850,2865,9917,-0.012068965517241348
2024-12-09,2850,2880,2750,2825,23910,-0.013961605584642212
2024-12-10,2815,2915,2815,2890,17768,0.023008849557522026
2024-12-11,2920,2990,2890,2900,28373,0.0034602076124568004
2024-12-12,2965,2990,2900,2950,15019,0.01724137931034475
2024-12-13,2935,2990,2920,2960,11273,0.003389830508474523
2024-12-16,2960,2995,2935,2980,22328,0.006756756756756799
2024-12-17,2970,3015,2965,3000,20458,0.006711409395973256
2024-12-18,3000,3020,2965,3010,19648,0.0033333333333334103
2024-12-19,3010,3100,2985,3100,66537,0.029900332225913706
2024-12-20,3105,3395,3100,3120,395139,0.006451612903225712
2024-12-23,3150,3300,3100,3250,87253,0.04166666666666674
2024-12-24,3290,3340,3100,3175,107514,-0.023076923076923106
2024-12-26,3175,3175,2995,3100,65850,-0.023622047244094446
2024-12-27,3070,3070,2915,3000,31110,-0.032258064516129004
2024-12-30,2995,2995,2950,2955,14696,-0.015000000000000013
2025-01-02,2955,3030,2955,2980,12059,0.008460236886632888
2025-01-03,2980,3065,2960,3010,18333,0.010067114093959662
2025-01-06,3025,3100,2990,3095,30401,0.028239202657807327
2025-01-07,3095,3100,3070,3085,8564,-0.003231017770597755
2025-01-08,3055,3160,3055,3145,14682,0.01944894651539708
2025-01-09,3115,3170,3105,3160,9303,0.004769475357710551
2025-01-10,3160,3170,3095,3150,9231,-0.0031645569620253333
2025-01-13,3120,3135,3055,3085,5073,-0.020634920634920673
2025-01-14,3055,3105,3055,3105,7082,0.006482982171799101
2025-01-15,3145,3145,3040,3050,9644,-0.017713365539452464
