Date,Open,High,Low,Close,Volume,Change
2022-01-03,19601,20015,19601,20015,5649,0.01893804408695199
2022-01-04,20178,20178,19684,19932,5056,-0.0041468898326255665
2022-01-05,19973,20138,19808,20015,6336,0.004164158137668128
2022-01-06,19767,20510,19767,20469,12310,0.02268298775918054
2022-01-07,20468,20839,20468,20675,7667,0.010063999218330233
2022-01-10,20715,20963,20096,20427,5347,-0.01199516324062877
2022-01-11,20427,20469,19849,20015,8076,-0.020169383658882878
2022-01-12,20015,20881,19974,20511,7455,0.02478141393954525
2022-01-13,20551,20674,20303,20469,4162,-0.0020476817317537366
2022-01-14,20427,20551,20179,20304,6327,-0.00806097024769159
2022-01-17,20302,20302,19600,19643,6770,-0.0325551615445232
2022-01-18,19766,19766,19106,19107,12016,-0.027287074275823442
2022-01-19,18569,19064,18569,18859,6516,-0.012979536295598448
2022-01-20,18816,18941,18651,18859,3161,0.0
2022-01-21,18651,18982,18651,18859,4738,0.0
2022-01-24,18858,18858,18322,18323,9685,-0.028421443342701136
2022-01-25,17951,18116,17538,17663,19772,-0.036020302352234856
2022-01-26,17538,19231,17415,18406,24776,0.04206533431466908
2022-01-27,18529,18529,17579,17663,12976,-0.04036727154188846
2022-01-28,17662,18158,17331,18158,12197,0.028024684368453734
2022-02-03,18610,19065,18239,19066,6607,0.05000550721445096
2022-02-04,18777,19231,18736,19025,4400,-0.0021504248400293635
2022-02-07,18899,19353,18858,19066,4316,0.002155059132720183
2022-02-08,19106,19231,18900,19190,6007,0.006503723906430281
2022-02-09,19189,19437,19189,19396,6902,0.010734757686294838
2022-02-10,19726,20138,19437,20056,17020,0.034027634563827514
2022-02-11,19972,19972,19559,19602,6224,-0.022636617471080922
2022-02-14,19313,19354,18818,19190,8633,-0.021018263442505902
2022-02-15,19190,19354,18406,18406,8808,-0.04085461177696714
2022-02-16,18570,18984,18570,18984,1538,0.03140280343366286
2022-02-17,18983,19437,18776,19231,5970,0.013010956595027379
2022-02-18,19023,20591,18734,20097,42257,0.04503145962248456
2022-02-21,20055,20138,19478,20139,7636,0.002089864158829613
2022-02-22,19395,19726,19190,19190,11144,-0.04712249863449025
2022-02-23,19189,19519,19147,19396,3623,0.010734757686294838
2022-02-24,19395,19438,18653,19025,8501,-0.019127655186636394
2022-02-25,19189,19312,18858,19148,4597,0.006465177398160327
2022-02-28,19354,19354,18983,19190,10351,0.0021934405682055846
2022-03-02,19353,19394,19105,19313,5518,0.00640958832725369
2022-03-03,19437,20056,19437,20015,7706,0.03634857349971532
2022-03-04,20096,20179,19808,20139,6413,0.006195353484886423
2022-03-07,19848,20302,19848,20097,9647,-0.002085505735140769
2022-03-08,19766,19972,19559,19643,7360,-0.022590436383539858
2022-03-10,19643,20345,19643,20263,10152,0.03156340681158687
2022-03-11,20345,20593,20015,20511,6842,0.012239056408231752
2022-03-14,20509,21127,20426,20840,23600,0.01604017356540388
2022-03-15,20756,20921,20096,20386,6556,-0.02178502879078692
2022-03-16,20385,20757,20055,20593,6087,0.010154027273619137
2022-03-17,20632,21004,20261,20386,8248,-0.010051959403680866
2022-03-18,20467,20509,19889,20097,7700,-0.014176395565584254
2022-03-21,20097,20345,20056,20263,8165,0.008259939294422036
2022-03-22,20263,20593,20180,20552,7157,0.014262448798302296
2022-03-23,20551,20922,20551,20799,8508,0.012018295056442252
2022-03-24,20757,20839,20550,20675,6279,-0.0059618250877445655
2022-03-25,20758,20758,20263,20511,4757,-0.00793228536880286
2022-03-28,20469,20551,20221,20469,4641,-0.0020476817317537366
2022-03-29,20550,20632,20261,20427,3129,-0.0020518833357761057
2022-03-30,20426,20426,20179,20180,6623,-0.012091839232388546
2022-03-31,20014,25586,20014,23152,1608702,0.14727452923686823
2022-04-01,23068,23768,21829,21872,303399,-0.055286800276433956
2022-04-04,21872,22079,21542,22079,69181,0.009464155084125903
2022-04-05,21871,22367,21706,22326,85307,0.011187100865075461
2022-04-06,22284,22408,21953,21996,43157,-0.014780972856758945
2022-04-07,21871,21912,21210,21377,31779,-0.028141480269139874
2022-04-08,21377,21501,21047,21336,28738,-0.001917949197735913
2022-04-11,21211,21583,21129,21501,13913,0.007733408323959523
2022-04-12,21418,21418,21047,21336,15035,-0.007674061671550159
2022-04-13,21129,21831,21129,21749,31797,0.019356955380577467
2022-04-14,21789,21871,21541,21625,12050,-0.005701411559152159
2022-04-15,21624,21749,21335,21749,10219,0.0057341040462428605
2022-04-18,21749,22079,21707,22038,19599,0.013287967262862743
2022-04-19,21995,22284,21830,22202,21541,0.007441691623559343
2022-04-20,22077,22284,21788,22202,21465,0.0
2022-04-21,22243,22449,22078,22367,26254,0.007431762904242856
2022-04-22,22325,22407,21995,22202,25513,-0.0073769392408459256
2022-04-25,21912,21996,21583,21583,18238,-0.027880371137735338
2022-04-26,21624,22038,21542,22038,13583,0.021081406662651236
2022-04-27,21458,21830,21458,21666,9920,-0.016879934658317497
2022-04-28,21458,21871,21417,21625,15372,-0.0018923659189513664
2022-04-29,21623,22243,21582,21707,13035,0.0037919075144507985
2022-05-02,21253,21789,21253,21583,8637,-0.005712442990740363
2022-05-03,21705,22118,21623,21872,16900,0.0133901681879256
2022-05-04,21912,23232,21871,22161,115874,0.013213240673006554
2022-05-06,21913,24307,21665,22285,448056,0.0055954153693424935
2022-05-09,22448,23108,21953,21954,82777,-0.014853040161543651
2022-05-10,21872,21872,20634,21254,45853,-0.031884850141204346
2022-05-11,21211,21377,20922,20965,17597,-0.013597440481791678
2022-05-12,20550,21334,20509,20675,21850,-0.013832578106367732
2022-05-13,20551,21294,20551,20882,10889,0.01001209189842811
2022-05-16,20882,21624,20882,21254,13731,0.017814385595249504
2022-05-17,22077,22779,21788,22697,72336,0.06789310247482816
2022-05-18,22821,22821,22326,22533,22400,-0.007225624531876473
2022-05-19,21912,22284,21830,22161,16172,-0.01650911995739579
2022-05-20,22159,22407,21912,22202,11894,0.0018500970172825593
2022-05-23,22614,22614,21871,22326,26296,0.005585082425006771
2022-05-24,22325,22325,21665,21666,16397,-0.02956194571351789
2022-05-25,21583,21790,21211,21790,12930,0.005723253023169894
2022-05-26,21665,22119,21582,21996,10834,0.009453877925653886
2022-05-27,22119,22285,21748,22244,9418,0.011274777232224142
2022-05-30,22367,23069,22161,22863,40719,0.027827728825750686
2022-05-31,23232,23727,22779,23481,74783,0.027030573415562253
2022-06-02,23481,24060,23317,23565,42415,0.0035773604190623143
2022-06-03,23810,23810,23232,23440,24049,-0.00530447697856995
2022-06-07,23481,23606,23069,23565,20966,0.005332764505119547
2022-06-08,23440,24224,23110,23276,34694,-0.012263950774453636
2022-06-09,23067,23274,22531,22738,16049,-0.023113937102594906
2022-06-10,22489,22737,22283,22697,10058,-0.0018031489137126933
2022-06-13,22200,22531,21128,21129,34636,-0.06908401991452617
2022-06-14,20592,21087,20138,20758,23247,-0.017558805433290692
2022-06-15,20468,20756,19394,19643,20332,-0.05371423065805958
2022-06-16,19849,20798,19684,19850,13225,0.010538105177416934
2022-06-17,19395,20427,18570,20304,18852,0.02287153652392937
2022-06-20,20138,23688,19767,20552,290708,0.012214342001576117
2022-06-21,20963,21210,20262,20634,44462,0.003989879330478896
2022-06-22,20799,20840,19768,19768,22555,-0.041969564795967806
2022-06-23,19559,19972,18321,18570,39169,-0.06060299473897213
2022-06-24,18157,19189,18157,19066,16229,0.026709746903607945
2022-06-27,19190,19560,19065,19190,11764,0.006503723906430281
2022-06-28,19066,21211,19066,20552,72465,0.07097446586763945
2022-06-29,20345,21129,19974,21047,34442,0.02408524717789029
2022-06-30,21087,21335,20221,20882,30428,-0.00783959709222215
2022-07-01,20965,21253,20139,20511,19046,-0.017766497461928932
2022-07-04,20716,20881,19190,19190,38699,-0.0644044658963483
2022-07-05,19395,19891,19395,19809,16400,0.03225638353309024
2022-07-06,19767,19974,18736,18736,24307,-0.0541672976929678
2022-07-07,19147,19395,18776,19231,11455,0.02641972672929116
2022-07-08,19436,19519,18941,19107,10409,-0.006447922624928548
2022-07-11,19106,19478,18776,18942,4248,-0.008635578583765069
2022-07-12,18983,18983,18158,18488,12813,-0.02396790201668253
2022-07-13,18487,18529,17951,18529,10335,0.0022176546949372877
2022-07-14,18488,18652,18075,18447,3412,-0.004425495169733895
2022-07-15,18280,18362,17702,18116,8722,-0.017943297013064408
2022-07-18,18321,18569,18239,18570,10065,0.025060719805696685
2022-07-19,18651,18651,18362,18570,4832,0.0
2022-07-20,18735,18817,18528,18612,5245,0.0022617124394184174
2022-07-21,18487,18694,18405,18612,9095,0.0
2022-07-22,18569,19230,18487,18653,6933,0.0022028798624542656
2022-07-25,18569,19271,18487,19107,11144,0.024339248378276945
2022-07-26,19106,19230,18899,18942,5193,-0.008635578583765069
2022-07-27,18983,19272,18900,19272,6237,0.017421602787456525
2022-07-28,19313,19519,19230,19272,6191,0.0
2022-07-29,19353,19601,19312,19602,6469,0.017123287671232834
2022-08-01,19974,20015,19561,19768,9483,0.008468523620038804
2022-08-02,19767,19767,19313,19479,7853,-0.014619587211655238
2022-08-03,19477,19601,19353,19602,4834,0.0063144925304172705
2022-08-04,19600,19766,19477,19643,3702,0.002091623303744461
2022-08-05,19726,19726,19395,19479,5930,-0.008349030188871343
2022-08-08,19561,19809,19354,19768,7192,0.014836490579598571
2022-08-09,19561,19768,19520,19727,3241,-0.0020740590853904894
2022-08-10,18859,19024,17043,17209,167896,-0.12764231763572764
2022-08-11,17248,17455,17083,17332,55454,0.007147422860131369
2022-08-12,17331,17910,17331,17828,33830,0.02861758596815145
2022-08-16,17827,17827,17538,17828,30455,0.0
2022-08-17,17868,17910,17703,17828,14209,0.0
2022-08-18,17785,18569,17537,18570,26874,0.041619923715503715
2022-08-19,18569,18858,18363,18364,16071,-0.011093161012385555
2022-08-22,18116,18281,17911,17911,11133,-0.0246678283598345
2022-08-23,17827,18158,17620,18158,14096,0.01379040812908272
2022-08-24,18322,18652,18240,18447,13482,0.015915849763189716
2022-08-25,18611,18652,18322,18447,5316,0.0
2022-08-26,18570,18652,18406,18406,12472,-0.002222583617932483
2022-08-29,18074,18322,17827,18199,10811,-0.011246332717592122
2022-08-30,18074,18445,17867,18075,14104,-0.006813561184680461
2022-08-31,18073,18239,17909,18116,4626,0.002268326417703914
2022-09-01,18116,18116,17745,17911,9381,-0.011315963788915862
2022-09-02,17827,18158,17827,18158,10123,0.01379040812908272
2022-09-05,18157,18569,17992,18323,16805,0.009086903844035765
2022-09-06,18281,18570,18199,18529,15468,0.011242700431152164
2022-09-07,18322,18447,18199,18406,22859,-0.006638242754600898
2022-09-08,18645,18645,18023,18167,26123,-0.012984896229490395
2022-09-13,18262,18310,17784,18215,20166,0.0026421533549843
2022-09-14,17305,17927,17305,17545,12596,-0.03678287125995061
2022-09-15,17593,17688,17497,17641,5470,0.005471644343117754
2022-09-16,17449,17545,17306,17306,3832,-0.01898985318292612
2022-09-19,17258,17354,16923,17163,10958,-0.00826303016294927
2022-09-20,16971,17402,16971,17211,4445,0.0027967138612130515
2022-09-21,16924,17211,16924,17020,3540,-0.011097553889954148
2022-09-22,17019,17019,16254,16541,13335,-0.028143360752056368
2022-09-23,16493,16493,15824,16207,15416,-0.020192249561695186
2022-09-26,15967,16062,14772,15059,23081,-0.07083359042389092
2022-09-27,15059,15107,14676,14868,11185,-0.0126834451158776
2022-09-28,14868,14868,14198,14629,17903,-0.016074791498520313
2022-09-29,14580,16254,14533,15298,37051,0.04573108209720411
2022-09-30,15011,15298,14533,15203,20881,-0.006209962086547227
2022-10-04,15203,16063,15107,15968,19565,0.05031901598368749
2022-10-05,16254,16254,15203,15251,18564,-0.0449023046092184
2022-10-06,15441,15489,14963,15394,7733,0.009376434332174943
2022-10-07,15298,15776,15155,15681,11270,0.01864362738729386
2022-10-11,15489,15489,14963,15394,12335,-0.018302404183406673
2022-10-12,15106,15298,14820,14820,12793,-0.0372872547745875
2022-10-13,14629,14820,14342,14390,16451,-0.029014844804318485
2022-10-14,14437,14867,14437,14533,23204,0.009937456567060465
2022-10-17,14581,14868,13864,14438,14614,-0.006536847175393934
2022-10-18,14628,14915,14628,14820,8974,0.02645795816595098
2022-10-19,15011,15489,14868,14964,13308,0.009716599190283448
2022-10-20,15155,15203,14773,14773,4672,-0.012763966853782449
2022-10-21,14437,14724,13672,14103,30596,-0.04535300886752858
2022-10-24,14198,14772,14198,14438,10588,0.0237538112458342
2022-10-25,14533,14772,14390,14438,11014,0.0
2022-10-26,14677,14772,14437,14438,8698,0.0
2022-10-27,14581,16684,14533,15633,43659,0.08276769635683623
2022-10-28,15680,15872,15441,15633,20040,0.0
2022-10-31,15681,16159,15537,15968,25591,0.021429028337491163
2022-11-01,16159,16924,16015,16924,28429,0.05986973947895802
2022-11-02,16923,16923,16159,16159,16782,-0.04520207988655167
2022-11-03,15872,16350,15728,15968,9980,-0.011820038368710928
2022-11-04,14581,14581,13672,14103,273554,-0.1167960921843687
2022-11-07,14198,14485,14198,14390,61977,0.020350280082251926
2022-11-08,14485,14581,14389,14581,46996,0.013273106323836048
2022-11-09,14581,14963,14581,14916,30476,0.022975104588162765
2022-11-10,14916,14963,14629,14677,37296,-0.01602306248323948
2022-11-11,15059,15107,14820,14916,28177,0.016283981740137676
2022-11-14,15202,15489,15011,15442,35450,0.03526414588361493
2022-11-15,15633,15824,15442,15777,40149,0.02169408107758053
2022-11-16,15681,15729,15250,15490,31569,-0.01819103758635987
2022-11-17,15489,15584,15154,15537,21412,0.003034215622982561
2022-11-18,15394,15585,15394,15490,13271,-0.003025037008431486
2022-11-21,15489,15489,15011,15107,28356,-0.02472562943834733
2022-11-22,15106,15202,14963,15059,10882,-0.003177335010260185
2022-11-23,15107,15298,15059,15251,16097,0.012749850587688405
2022-11-24,15298,15393,15250,15394,8487,0.009376434332174943
2022-11-25,15490,15490,15298,15490,14719,0.006236195920488408
2022-11-28,15680,16541,15584,15824,164297,0.021562298256939894
2022-11-29,15824,17306,15489,16446,183617,0.03930738119312438
2022-11-30,16541,18549,16494,17498,551518,0.06396692204791443
2022-12-01,17545,17545,17067,17115,97122,-0.021888215796091015
2022-12-02,17019,17832,16923,17832,57726,0.04189307624890448
2022-12-05,17784,17784,17306,17354,49155,-0.026805742485419448
2022-12-06,17258,17306,16637,16637,42545,-0.04131612308401522
2022-12-07,16494,17354,16446,17020,48736,0.023020977339664572
2022-12-08,16972,17115,16541,16781,23390,-0.014042303172737913
2022-12-09,16923,16971,16493,16589,19735,-0.011441511232942014
2022-12-12,16589,17689,16398,17498,98838,0.054795346313822435
2022-12-13,17497,17832,16971,17115,47094,-0.021888215796091015
2022-12-14,17353,17449,16971,17306,22587,0.011159801343850528
2022-12-15,17306,17879,17210,17832,56713,0.03039408297700219
2022-12-16,17593,18166,17497,17641,47220,-0.010711081202332884
2022-12-19,17545,18453,17401,18310,85978,0.037923020236948046
2022-12-20,18167,18502,17689,18024,56993,-0.015619879847078133
2022-12-21,18023,19506,17976,19267,205724,0.06896360408344426
2022-12-22,19266,20700,19027,19601,210751,0.017335340219027273
2022-12-23,19409,20509,19361,19840,116496,0.012193255446150797
2022-12-26,19697,19744,18884,18980,102275,-0.043346774193548376
2022-12-27,18980,20223,18980,19984,103730,0.05289778714436255
2022-12-28,19888,20175,19219,19506,50680,-0.02391913530824663
2022-12-29,19123,19457,18262,18645,90168,-0.04414026453398956
2023-01-02,18501,18788,17258,17593,126681,-0.05642263341378384
2023-01-03,18119,18645,17880,18263,82413,0.03808332859660091
2023-01-04,17832,18263,17784,18024,29849,-0.013086568471773585
2023-01-05,17832,18119,17497,17689,34409,-0.018586329338659557
2023-01-06,17641,17975,17497,17689,24057,0.0
2023-01-09,17879,18549,17640,18358,49033,0.037820114195262544
2023-01-10,18215,18358,17880,18024,21829,-0.018193703017757912
2023-01-11,18024,18310,17832,18024,27423,0.0
2023-01-12,18118,18501,18071,18071,42970,0.002607634265423986
2023-01-13,18358,18454,17784,18024,19677,-0.0026008521941232043
2023-01-16,18023,18166,17688,17784,30697,-0.013315579227696439
2023-01-17,17736,17880,17545,17689,22970,-0.005341880341880323
2023-01-18,17737,17880,17450,17498,21614,-0.010797670868901599
2023-01-19,17497,17784,17306,17737,14591,0.013658703851868736
2023-01-20,17689,17880,17545,17737,11316,0.0
2023-01-25,17736,17831,17545,17679,15586,-0.0032700005637932295
2023-01-26,17679,17956,17679,17775,27611,0.005430171389784411
2023-01-27,17851,18090,17774,17880,24346,0.005907172995780696
2023-01-30,17879,17956,17612,17813,21833,-0.003747203579418379
2023-01-31,17717,17956,17545,17823,22242,0.0005613877505192821
2023-02-01,17823,17823,17230,17326,91288,-0.027885316725579257
2023-02-02,17487,17487,17038,17115,58448,-0.012178229250836892
2023-02-03,17134,17182,16990,17096,27164,-0.0011101373064563713
2023-02-06,17095,17114,16847,16981,21556,-0.0067267197005147494
2023-02-07,16933,17000,16875,16962,17611,-0.0011188975914256938
2023-02-08,17066,17066,16923,17000,27650,0.0022403018511967243
2023-02-09,16771,16771,15776,16207,317184,-0.046647058823529375
2023-02-10,16063,16168,15796,15863,72633,-0.021225396433639743
2023-02-13,15853,15862,15623,15662,47206,-0.012670995398096241
2023-02-14,15719,15949,15719,15949,26565,0.018324607329842868
2023-02-15,15968,15996,15298,15404,67086,-0.03417142140573082
2023-02-16,15403,15594,15384,15518,24398,0.007400675149311864
2023-02-17,15499,16025,15356,15968,49391,0.028998582291532404
2023-02-20,16015,16129,15881,16082,29670,0.00713927855711427
2023-02-21,16082,16197,15872,15882,33005,-0.01243626414625043
2023-02-22,15690,15863,15547,15624,25118,-0.016244805440120857
2023-02-23,15623,15834,15623,15729,18958,0.006720430107526987
2023-02-24,15776,15776,15604,15614,17020,-0.007311335749253023
2023-02-27,15604,15613,15384,15480,14903,-0.008582041757397185
2023-02-28,15479,15670,15307,15604,15288,0.008010335917312705
2023-03-02,15614,15815,15614,15729,15423,0.008010766470135877
2023-03-03,15852,15852,15632,15719,11471,-0.0006357683260219682
2023-03-06,15728,15814,15556,15614,20782,-0.006679814237546933
2023-03-07,15613,16129,15498,16063,50774,0.02875624439605473
2023-03-08,15910,16092,15843,15853,23245,-0.013073523003174992
2023-03-09,15785,15919,15690,15910,16289,0.003595533968334008
2023-03-10,15776,15843,15556,15681,18121,-0.014393463230672587
2023-03-13,15394,15671,15011,15308,28672,-0.02378674829411387
2023-03-14,15288,15479,14724,15298,44665,-0.0006532532009406733
2023-03-15,15174,15729,15174,15557,14272,0.01693031768858666
2023-03-16,15556,15556,15203,15337,12648,-0.01414154399948575
2023-03-17,15365,15633,15356,15490,20040,0.009975875334159223
2023-03-20,15489,15632,15327,15480,11926,-0.0006455777921239303
2023-03-21,15479,15499,15250,15260,18928,-0.014211886304909549
2023-03-22,15298,15298,15174,15184,21181,-0.004980340760157298
2023-03-23,15183,15279,14982,15107,11105,-0.005071127502634387
2023-03-24,15107,15212,14906,14945,24484,-0.010723505659627985
2023-03-27,15011,15011,14724,14820,17406,-0.008364001338240223
2023-03-28,14753,15154,14753,15126,39091,0.02064777327935219
2023-03-29,15250,15365,15078,15193,14703,0.004429459209308373
2023-03-30,15202,15326,15011,15231,12181,0.0025011518462449978
2023-03-31,15250,15575,15212,15356,24803,0.00820694635939856
2023-04-03,15461,15633,15270,15624,27052,0.017452461578536083
2023-04-04,15699,15699,15403,15518,22493,-0.006784434203789047
2023-04-05,15518,15556,15394,15461,16413,-0.0036731537569274497
2023-04-06,15403,15403,15250,15298,26453,-0.010542655714378069
2023-04-07,15451,15451,15126,15203,21804,-0.006209962086547227
2023-04-10,15202,15479,14915,14973,22387,-0.015128593040847238
2023-04-11,14972,15345,14877,15298,18148,0.02170573699325451
2023-04-12,15298,16005,15298,15872,77896,0.03752124460713824
2023-04-13,15871,16110,15604,16044,35154,0.01083669354838701
2023-04-14,16073,16379,15939,16255,106616,0.013151333831962209
2023-04-17,16379,16733,16178,16647,144240,0.024115656721009016
2023-04-18,16350,16494,15929,16102,69405,-0.03273863158527057
2023-04-19,16101,16856,16101,16742,110035,0.039746615327288515
2023-04-20,16828,16866,16235,16360,67571,-0.02281686775773506
2023-04-21,16206,16350,15709,15901,44976,-0.028056234718826456
2023-04-24,15738,15986,15604,15767,20491,-0.008427142946984434
2023-04-25,15766,16550,15403,15853,34947,0.005454430138897681
2023-04-26,15853,16140,15633,15777,16541,-0.004794045291112048
2023-04-27,15776,16035,15413,15624,19953,-0.0096976611523103
2023-04-28,15680,15757,15460,15499,16737,-0.00800051203277008
2023-05-02,15499,15853,15499,15767,8378,0.017291438157300387
2023-05-03,15690,15881,15585,15662,8659,-0.0066594786579564635
2023-05-04,15633,15700,15547,15624,5621,-0.002426254629038449
2023-05-08,15633,15872,15633,15777,7902,0.009792626728110543
2023-05-09,15776,18998,15747,16656,1326132,0.05571401407111609
2023-05-10,16828,16837,16311,16436,128409,-0.013208453410182508
2023-05-11,16435,16808,16359,16522,70044,0.005232416646385962
2023-05-12,16761,16761,16254,16417,50963,-0.006355162813218684
2023-05-15,16379,16436,16159,16255,75377,-0.009867819942742329
2023-05-16,18645,21131,17641,17957,2584606,0.10470624423254393
2023-05-17,17908,18358,17258,18119,264891,0.009021551484100998
2023-05-18,18090,18099,17612,17832,127164,-0.015839726254208264
2023-05-19,17832,18195,17688,18081,118199,0.013963660834454883
2023-05-22,17994,18357,17985,18052,90713,-0.0016038935899562734
2023-05-23,18253,18253,17650,17861,71005,-0.010580545091956606
2023-05-24,17689,17985,17488,17651,81856,-0.011757460388556074
2023-05-25,17602,17899,16990,17402,44002,-0.014106849470284955
2023-05-26,17325,17401,17028,17153,45365,-0.014308700149408105
2023-05-30,17153,17411,17153,17278,30730,0.007287354981635907
2023-05-31,17306,17670,16991,17479,48645,0.011633290890149306
2023-06-01,17555,17736,17373,17469,36838,-0.0005721151095600119
2023-06-02,17612,18081,17354,17995,79459,0.030110481424237223
2023-06-05,18062,18645,18062,18569,139468,0.031897749374826256
2023-06-07,18597,18711,18185,18205,56943,-0.019602563412138507
2023-06-08,18215,18664,18090,18349,55128,0.0079099148585553
2023-06-09,18625,18625,18080,18272,35492,-0.0041964139735135575
2023-06-12,18367,19036,18070,18941,79577,0.036613397548161064
2023-06-13,18988,19046,18711,18855,40674,-0.004540414972810325
2023-06-14,18855,19267,18368,18569,58059,-0.015168390347387928
2023-06-15,18568,19046,18367,18913,46232,0.018525499488394548
2023-06-16,19008,19410,18951,19219,83064,0.01617934753872996
2023-06-19,19218,19409,18998,19123,48530,-0.0049950569748685725
2023-06-20,18969,19313,18855,19008,31776,-0.006013700779166409
2023-06-21,18941,19218,18711,18836,21230,-0.009048821548821584
2023-06-22,18750,19018,18693,18846,30764,0.0005308982798895023
2023-06-23,19103,19103,18568,18616,24637,-0.012204181258622548
2023-06-26,18616,18836,18482,18645,16867,0.0015577997421571954
2023-06-27,18559,19553,18559,19114,52083,0.02515419683561282
2023-06-28,19314,19314,18855,18951,26235,-0.008527780684315145
2023-06-29,18846,19266,18712,18808,27131,-0.007545775948498812
2023-06-30,18779,19267,18750,19267,35029,0.024404508719693796
2023-07-03,19744,20174,19218,19792,88456,0.027248663517932314
2023-07-04,20270,20366,19505,20127,63518,0.01692603071948251
2023-07-05,20270,20509,19505,19553,36946,-0.028518904953545032
2023-07-06,19792,19792,18874,18961,41865,-0.03027668388482585
2023-07-07,18864,20079,18644,19840,87291,0.04635831443489269
2023-07-10,19840,20079,19170,19362,59403,-0.02409274193548383
2023-07-11,19553,20843,19505,20796,159678,0.07406259683916949
2023-07-12,21035,21704,20557,20701,157941,-0.004568186189651824
2023-07-13,21130,21130,20031,20318,74521,-0.018501521665620024
2023-07-14,20366,20462,19888,20032,52204,-0.01407618860124027
2023-07-17,20031,20031,19361,19792,43334,-0.011980830670926479
2023-07-18,19792,19792,19409,19601,27530,-0.009650363783346827
2023-07-19,19601,20031,19170,19362,39712,-0.012193255446150686
2023-07-20,19600,20461,19122,20318,44984,0.0493750645594464
2023-07-21,20175,20318,19458,19506,31019,-0.03996456344128363
2023-07-24,19410,19601,19123,19506,53643,0.0
2023-07-25,19553,23473,19170,22374,843649,0.14703168255921262
2023-07-26,22613,24573,19553,19697,724404,-0.1196478054885135
2023-07-27,19696,21370,19696,20892,202618,0.06066913743209623
2023-07-28,21083,21609,20079,21179,98012,0.01373731571893555
2023-07-31,21179,22565,21179,21705,161785,0.024835922375938457
2023-08-01,21944,22039,20892,21514,63747,-0.008799815710665793
2023-08-02,21609,24812,21418,22470,889031,0.044436181091382254
2023-08-03,22660,23521,20652,21131,405968,-0.059590565198041845
2023-08-04,20749,21274,20366,20510,110630,-0.029388102787374026
2023-08-07,20557,21274,20079,20366,91337,-0.0070209653827401075
2023-08-08,20461,21322,20270,21131,91504,0.037562604340567685
2023-08-09,21178,22278,20413,21609,149955,0.022620794093985097
2023-08-10,21466,22756,21322,21992,125193,0.017724096441297688
2023-08-11,22087,23043,21800,22661,107780,0.030420152782830057
2023-08-14,22613,23426,22039,22757,173258,0.0042363532059486175
2023-08-16,22995,24095,22661,23426,267203,0.02939754800720662
2023-08-17,22852,22900,21465,21705,133126,-0.07346538034662342
2023-08-18,21370,21848,20844,20940,75376,-0.03524533517622663
2023-08-21,20844,22230,20844,21848,58316,0.043361986628462246
2023-08-22,21991,21991,20987,21609,43006,-0.010939216404247554
2023-08-23,21657,22326,21370,21753,48804,0.006663890045814247
2023-08-24,22134,22278,21513,21609,37974,-0.006619776582540315
2023-08-25,21321,22230,21035,21800,36954,0.008838909713545284
2023-08-28,21896,22039,21274,21753,41556,-0.0021559633027522507
2023-08-29,21800,21848,21131,21275,46513,-0.02197398060037692
2023-08-30,21226,21657,20987,21657,49743,0.017955346650998738
2023-08-31,21704,22756,21417,22613,112902,0.04414277139031264
2023-09-01,22374,22565,21131,21514,69284,-0.04860036262326983
2023-09-04,21513,21513,20653,20749,61152,-0.035558241145300706
2023-09-05,20605,21179,20271,20271,76533,-0.02303725480746055
2023-09-06,20270,20366,19314,19506,111387,-0.03773864140890926
2023-09-07,19362,19649,19219,19506,30770,0.0
2023-09-08,19410,19792,19410,19697,24106,0.009791858915205509
2023-09-11,19553,19935,19505,19888,29798,0.009696908158602913
2023-09-12,19887,20079,19553,19840,22066,-0.002413515687851975
2023-09-13,19601,19840,18855,19056,61144,-0.039516129032258096
2023-09-14,19056,19218,18692,18951,42507,-0.00551007556675065
2023-09-15,19218,19553,19027,19458,24111,0.026753205635586585
2023-09-18,19266,20270,19113,19840,48989,0.019632027957652287
2023-09-19,19935,20079,19505,19649,17211,-0.009627016129032273
2023-09-20,19648,19696,19122,19553,34245,-0.004885744821619409
2023-09-21,19362,19362,18903,19047,38583,-0.025878381833989716
2023-09-22,18969,19046,18702,18855,21633,-0.010080327610647366
2023-09-25,18846,18846,18014,18024,34331,-0.04407319013524269
2023-09-26,18023,20701,17545,17584,256044,-0.024411895250776694
2023-09-27,17430,18425,17430,18387,28948,0.04566651501364882
2023-10-04,18377,18377,17297,17450,40848,-0.050959917332898286
2023-10-05,17468,17803,16875,17048,42444,-0.02303724928366757
2023-10-06,16819,17593,16819,17479,15139,0.025281557954012213
2023-10-10,17478,17975,17363,17641,27726,0.009268264774872748
2023-10-11,17880,18100,17670,18024,11224,0.021710787370330387
2023-10-12,17995,18597,17995,18502,13440,0.02652019529516192
2023-10-13,18339,19046,18215,18521,30073,0.0010269160090801144
2023-10-16,19075,19075,18186,18693,30244,0.009286755574752892
2023-10-17,18702,18970,18453,18626,8803,-0.0035842293906810374
2023-10-18,18922,18931,18405,18511,28733,-0.006174165145495514
2023-10-19,17191,17200,15680,15738,207678,-0.14980281994489764
2023-10-20,15738,15852,15231,15480,45456,-0.016393442622950838
2023-10-23,15355,15556,15231,15279,43957,-0.012984496124030964
2023-10-24,15289,16111,15251,16102,33351,0.053864781726552735
2023-10-25,16139,16149,15747,16130,14120,0.0017389144205688378
2023-10-26,15680,15890,15613,15843,12503,-0.017792932424054553
2023-10-27,15843,16034,15623,16006,6541,0.010288455469292357
2023-10-30,16006,16006,15738,15777,6794,-0.014307134824440793
2023-10-31,15757,15824,15184,15184,60273,-0.03758635989098058
2023-11-01,15279,15489,15279,15346,14310,0.010669125395152745
2023-11-02,15374,16005,15345,15824,26414,0.031148181936661024
2023-11-03,15833,16321,15661,16149,17411,0.02053842264914052
2023-11-06,16130,16445,15298,16398,31908,0.015418911387702128
2023-11-07,16388,16388,15738,16111,23946,-0.01750213440663495
2023-11-08,16111,16398,15815,15930,22967,-0.011234560238346458
2023-11-09,16220,16500,15940,16010,15015,0.005021971123666091
2023-11-10,16010,16060,15870,16000,8590,-0.0006246096189881367
2023-11-13,15860,16040,15520,15620,34103,-0.02375000000000005
2023-11-14,15470,16500,15470,16500,27843,0.05633802816901401
2023-11-15,16580,16780,16330,16610,19012,0.006666666666666599
2023-11-16,16670,16900,16450,16590,17553,-0.0012040939193257438
2023-11-17,16630,16750,16500,16600,10709,0.0006027727546715766
2023-11-20,16640,17320,16640,17320,39730,0.04337349397590362
2023-11-21,17390,17750,17190,17750,34140,0.024826789838337193
2023-11-22,17750,18060,17540,17750,24938,0.0
2023-11-23,17750,18440,17540,18300,43058,0.030985915492957705
2023-11-24,18640,19600,18470,18710,95206,0.022404371584699545
2023-11-27,18900,19440,18760,19300,79432,0.031533939070016004
2023-11-28,19380,20350,18510,20050,95028,0.03886010362694292
2023-11-29,20000,20650,20000,20350,70507,0.014962593516209433
2023-11-30,20250,21350,19710,21000,113575,0.03194103194103204
2023-12-01,21450,25000,21000,22650,468054,0.07857142857142851
2023-12-04,22300,22500,20650,21300,195812,-0.05960264900662249
2023-12-05,20950,21900,20700,20750,62274,-0.025821596244131495
2023-12-06,20650,22200,20300,21400,106706,0.031325301204819356
2023-12-07,21850,21850,21000,21500,48235,0.004672897196261738
2023-12-08,21200,22500,21150,22100,101683,0.027906976744185963
2023-12-11,22200,22650,21500,22050,59477,-0.002262443438914019
2023-12-12,22050,23250,21500,23000,124981,0.04308390022675734
2023-12-13,23000,24050,22400,23250,124934,0.010869565217391353
2023-12-14,23250,23500,22700,23150,59022,-0.004301075268817178
2023-12-15,23100,23650,22100,23650,87792,0.021598272138228847
2023-12-18,23600,23900,23100,23400,43539,-0.010570824524312905
2023-12-19,23400,23650,22750,23150,57136,-0.010683760683760646
2023-12-20,23550,23650,23050,23300,45137,0.00647948164146861
2023-12-21,23400,23400,22000,22300,115471,-0.0429184549356223
2023-12-22,22550,22550,21150,21250,83288,-0.047085201793722
2023-12-26,21250,21800,20600,21650,84248,0.018823529411764683
2023-12-27,21250,21600,20700,20800,74310,-0.03926096997690531
2023-12-28,20850,21200,20550,21200,48478,0.019230769230769162
2024-01-02,21050,21150,20200,20450,32764,-0.035377358490566
2024-01-03,20500,21700,20300,20850,65487,0.019559902200489088
2024-01-04,20850,20900,20500,20550,17532,-0.014388489208633115
2024-01-05,20500,21550,20400,21300,71460,0.03649635036496357
2024-01-08,21300,21750,20700,21000,59888,-0.014084507042253502
2024-01-09,21000,21300,20400,20550,34218,-0.021428571428571463
2024-01-10,20550,20550,19850,19990,45222,-0.027250608272506027
2024-01-11,20050,20150,19700,19820,36328,-0.008504252126062983
2024-01-12,19910,20100,19400,19500,36160,-0.016145307769929396
2024-01-15,19500,19530,19010,19300,20793,-0.01025641025641022
2024-01-16,19500,19500,19000,19240,19798,-0.0031088082901554737
2024-01-17,19240,20450,19210,19220,71454,-0.0010395010395010118
2024-01-18,19220,20750,19220,20400,90417,0.06139438085327775
2024-01-19,20650,22350,20650,21750,194435,0.06617647058823528
2024-01-22,21750,21800,20800,21750,49812,0.0
2024-01-23,21350,21750,20500,20950,33107,-0.0367816091954023
2024-01-24,20700,21200,20200,20700,72121,-0.011933174224343701
2024-01-25,21700,26900,20750,26250,2945632,0.2681159420289856
2024-01-26,25900,27850,24500,25100,959232,-0.043809523809523854
2024-01-29,24800,24900,22450,23050,676007,-0.0816733067729084
2024-01-30,23050,23350,21700,22650,315225,-0.017353579175705014
2024-01-31,22500,23400,21950,22400,168362,-0.01103752759381893
2024-02-01,22400,23950,22250,22800,294668,0.017857142857142794
2024-02-02,23000,23700,22800,23400,205478,0.026315789473684292
2024-02-05,23550,23750,22550,23400,134235,0.0
2024-02-06,23400,23900,22650,23600,140744,0.008547008547008517
2024-02-07,23900,24450,22650,24350,193485,0.03177966101694918
2024-02-08,24400,24800,23600,23950,153474,-0.01642710472279263
2024-02-13,23950,24900,23850,24350,147890,0.016701461377870652
2024-02-14,24150,24400,23600,24100,94642,-0.010266940451745366
2024-02-15,24300,24450,23700,24000,85133,-0.004149377593360981
2024-02-16,24000,26850,23700,26150,489068,0.08958333333333335
2024-02-19,25650,26150,25250,25350,121099,-0.030592734225621365
2024-02-20,25500,27300,25250,26800,271615,0.05719921104536496
2024-02-21,26900,27650,25900,25950,160040,-0.03171641791044777
2024-02-22,26050,26100,25050,25250,117499,-0.026974951830443183
2024-02-23,25300,27450,25200,26900,226251,0.0653465346534654
2024-02-26,26950,27600,25500,25750,155931,-0.04275092936802971
2024-02-27,25700,26000,24600,24650,137956,-0.042718446601941795
2024-02-28,24650,25300,24300,25050,65023,0.016227180527383478
2024-02-29,24600,25050,23850,24150,112221,-0.0359281437125748
2024-03-04,24100,25750,23800,24750,143015,0.024844720496894457
2024-03-05,25200,29450,25100,27400,1471689,0.1070707070707071
2024-03-06,27000,27600,26150,27150,409162,-0.009124087591240837
2024-03-07,27200,27250,26250,26600,150438,-0.02025782688766109
2024-03-08,26600,28500,26450,28100,423700,0.0563909774436091
2024-03-11,27750,29300,26750,27050,353442,-0.03736654804270467
2024-03-12,27450,28100,26550,27950,206889,0.03327171903881698
2024-03-13,27950,32000,27600,29100,937773,0.041144901610017826
2024-03-14,28800,31300,28650,28950,625303,-0.005154639175257714
2024-03-15,29100,30100,28350,28450,180485,-0.01727115716753025
2024-03-18,29000,31750,29000,30500,522973,0.07205623901581726
2024-03-19,30900,31000,29250,29550,202531,-0.031147540983606503
2024-03-20,29450,29750,28400,28550,248767,-0.03384094754653133
2024-03-21,28500,29650,28050,29500,261249,0.03327495621716281
2024-03-22,29600,29800,28550,28700,117806,-0.027118644067796627
2024-03-25,28600,28700,27700,28050,174152,-0.022648083623693416
2024-03-26,28150,28400,27650,28400,117464,0.012477718360071277
2024-03-27,28350,30150,27950,29300,351714,0.03169014084507049
2024-03-28,29300,30500,28700,28900,227174,-0.013651877133105783
2024-03-29,29300,30600,28700,28950,308343,0.0017301038062282892
2024-04-01,29250,29250,27150,27500,276142,-0.050086355785837644
2024-04-02,27550,27600,26800,27100,111217,-0.014545454545454528
2024-04-03,26800,26850,25950,26500,127070,-0.022140221402214055
2024-04-04,27050,29650,26900,29650,465781,0.11886792452830197
2024-04-05,31350,36650,30700,31800,4505449,0.07251264755480613
2024-04-08,31400,37000,31250,34200,2641636,0.07547169811320753
2024-04-09,35750,41700,35300,37750,3943662,0.10380116959064334
2024-04-11,36950,39200,36500,37550,943157,-0.005298013245033095
2024-04-12,39450,48150,38500,44650,6530469,0.18908122503328895
2024-04-15,45100,45900,43000,45100,1506009,0.010078387458006821
2024-04-16,44250,46950,38200,39050,1789805,-0.13414634146341464
2024-04-17,39300,40300,37450,38450,1041029,-0.015364916773367487
2024-04-18,40250,41100,39000,41000,1187926,0.06631989596879073
2024-04-19,40500,40550,36550,38950,846017,-0.050000000000000044
2024-04-22,38500,40400,36650,37350,525754,-0.04107830551989733
2024-04-23,37800,39450,36700,39150,599004,0.04819277108433728
2024-04-24,39150,40400,37600,40400,570705,0.03192848020434225
2024-04-25,39200,39400,37600,37700,400839,-0.06683168316831678
2024-04-26,38900,48300,38850,47100,4832998,0.24933687002652527
2024-04-29,47100,54000,45600,49400,3555386,0.04883227176220806
2024-04-30,50300,51800,48400,49250,1129351,-0.0030364372469635637
2024-05-02,48400,50100,47100,48100,671937,-0.023350253807106647
2024-05-03,47650,48200,44800,45100,615123,-0.062370062370062374
2024-05-07,45600,54200,45150,52100,2803474,0.15521064301552112
2024-05-08,51400,52600,49600,50800,955019,-0.0249520153550864
2024-05-09,51400,58100,49850,56900,1627296,0.12007874015748032
2024-05-10,57500,69500,55600,65200,4736085,0.14586994727592262
2024-05-13,66800,74500,64000,66300,3556501,0.016871165644171793
2024-05-14,67700,70900,62000,63600,1259143,-0.040723981900452455
2024-05-16,64500,66000,60400,65200,1401650,0.02515723270440251
2024-05-17,63200,65100,60500,61300,590070,-0.059815950920245387
2024-05-20,62400,68600,62400,65600,1417888,0.07014681892332786
2024-05-21,67000,68100,61700,61700,753376,-0.05945121951219512
2024-05-22,62800,63900,58100,59200,575406,-0.04051863857374394
2024-05-23,56900,58900,55300,57500,545313,-0.028716216216216228
2024-05-24,55900,60300,55500,60000,663756,0.04347826086956519
2024-05-27,60000,62600,56900,61000,614099,0.016666666666666607
2024-05-28,62800,65100,60500,62100,693274,0.0180327868852459
2024-05-29,63200,64700,59600,59600,410240,-0.040257648953301084
2024-05-30,58100,59300,54900,55500,502019,-0.06879194630872487
2024-05-31,54900,55400,53000,53500,386015,-0.036036036036036
2024-06-03,53000,53900,50900,51700,413418,-0.03364485981308407
2024-06-04,52200,52300,49000,49500,345023,-0.04255319148936165
2024-06-05,49100,49850,47000,47250,454602,-0.045454545454545414
2024-06-07,47650,48200,46400,47150,225311,-0.002116402116402072
2024-06-10,46900,50200,46350,49950,539879,0.05938494167550368
2024-06-11,49950,50100,47500,47500,287257,-0.049049049049049054
2024-06-12,47350,47600,45700,46200,286805,-0.027368421052631597
2024-06-13,46850,49400,46300,48100,604476,0.04112554112554112
2024-06-14,48300,49750,47350,48200,308154,0.0020790020790020236
2024-06-17,48550,48800,46500,47150,159778,-0.021784232365145262
2024-06-18,47200,47750,45600,45700,195688,-0.030752916224814464
2024-06-19,46800,47850,45100,45300,260561,-0.008752735229759279
2024-06-20,45500,46200,43650,44300,249069,-0.02207505518763797
2024-06-21,44750,46500,44200,45600,375655,0.02934537246049662
2024-06-24,45950,46500,45100,45250,156886,-0.007675438596491224
2024-06-25,45000,46450,44600,45100,123635,-0.0033149171270717703
2024-06-26,45100,50800,45100,47550,1080486,0.05432372505543248
2024-06-27,48050,55400,46650,54700,2606880,0.1503680336487907
2024-06-28,55500,55500,52500,53200,576079,-0.027422303473491727
2024-07-01,53300,53400,49200,49200,425605,-0.07518796992481203
2024-07-02,48900,52000,48100,49700,617026,0.010162601626016343
2024-07-03,49700,50100,45950,47050,364994,-0.053319919517102576
2024-07-04,47850,48300,45950,46450,208687,-0.012752391073326264
2024-07-05,46350,47200,45450,45450,169491,-0.02152852529601723
2024-07-08,45550,48250,45550,47100,239137,0.03630363036303641
2024-07-09,47050,50900,46950,49750,457811,0.056263269639065916
2024-07-10,52000,54300,51200,52600,906415,0.05728643216080398
2024-07-11,53000,55200,51800,53100,542836,0.009505703422053147
2024-07-12,52900,53700,50600,50600,222329,-0.04708097928436916
2024-07-15,50200,52800,49700,51000,163035,0.007905138339920903
2024-07-16,50800,53000,49200,52200,205991,0.0235294117647058
2024-07-17,52600,52800,50100,50300,166040,-0.036398467432950166
2024-07-18,48800,49500,47100,47450,180841,-0.05666003976143141
2024-07-19,46700,47000,45750,46200,132242,-0.026343519494204437
2024-07-22,45500,45800,41750,42550,246338,-0.07900432900432897
2024-07-23,42750,45950,41900,45200,288223,0.062279670975323054
2024-07-24,45100,47200,44800,45350,182868,0.0033185840707965486
2024-07-25,43800,44700,41350,42800,180740,-0.05622932745314224
2024-07-26,42650,43500,41000,41100,114705,-0.03971962616822433
2024-07-29,41200,41800,40900,41750,73965,0.015815085158150888
2024-07-30,41750,41750,39750,40850,103143,-0.021556886227544925
2024-07-31,40200,41950,39700,41950,68360,0.02692778457772338
2024-08-01,43100,47000,43050,43600,237748,0.03933253873659126
2024-08-02,43450,43450,39550,41750,161888,-0.04243119266055051
2024-08-05,39500,39750,30900,32400,288299,-0.22395209580838327
2024-08-06,33800,39000,33700,37900,405508,0.16975308641975317
2024-08-07,37900,39450,36300,38750,140724,0.02242744063324542
2024-08-08,38400,39100,37150,39000,59844,0.006451612903225712
2024-08-09,39950,40850,39400,39900,102277,0.023076923076922995
2024-08-12,40000,40650,39500,39650,53133,-0.006265664160400974
2024-08-13,39650,40200,38550,39100,49469,-0.013871374527112179
2024-08-14,39950,42750,39750,41200,184313,0.053708439897698135
2024-08-16,41800,42450,39700,40400,176690,-0.01941747572815533
2024-08-19,40650,40650,39400,39500,81366,-0.022277227722772297
2024-08-20,40200,41150,39700,39800,68591,0.0075949367088608
2024-08-21,40000,40100,38800,39050,54303,-0.018844221105527637
2024-08-22,41500,42500,37650,37650,223211,-0.035851472471190804
2024-08-23,36900,38750,36750,38450,67722,0.021248339973439556
2024-08-26,38450,39050,36600,36750,65648,-0.044213263979193784
2024-08-27,36200,37300,35700,37100,50025,0.00952380952380949
2024-08-28,36750,37250,35800,36450,43694,-0.01752021563342321
2024-08-29,36250,36250,35100,35250,58764,-0.03292181069958844
2024-08-30,35250,35900,34650,35400,58233,0.004255319148936065
2024-09-02,35400,35400,34600,35000,52523,-0.011299435028248594
2024-09-03,38800,39650,35050,35050,418314,0.0014285714285713347
2024-09-04,32450,33750,32400,33100,184999,-0.05563480741797433
2024-09-05,33000,33200,30900,31200,134478,-0.05740181268882172
2024-09-06,30850,31200,29800,29800,106341,-0.04487179487179482
2024-09-09,28900,31200,28600,30850,104814,0.03523489932885915
2024-09-10,30950,31550,30100,30400,46890,-0.014586709886547866
2024-09-11,30300,31800,30300,30800,100201,0.013157894736842035
2024-09-12,31850,32600,31600,32500,89633,0.05519480519480524
2024-09-13,32500,32850,31450,31900,39545,-0.018461538461538418
2024-09-19,31800,33400,31800,32600,72630,0.021943573667711602
2024-09-20,33400,36450,33250,34550,250353,0.059815950920245387
2024-09-23,35000,35950,34700,35050,86345,0.01447178002894356
2024-09-24,35600,36100,35200,35950,81112,0.02567760342368053
2024-09-25,37800,40050,36300,38100,407746,0.05980528511821981
2024-09-26,38450,39800,38250,39600,167278,0.03937007874015741
2024-09-27,40900,41050,38000,38000,167243,-0.04040404040404044
2024-09-30,37900,38800,37500,38000,77936,0.0
2024-10-02,37050,38050,36600,37350,74105,-0.017105263157894735
2024-10-04,37000,40500,37000,40000,194038,0.07095046854082998
2024-10-07,39900,40000,38250,39200,103338,-0.020000000000000018
2024-10-08,38750,38900,38150,38200,46714,-0.025510204081632626
2024-10-10,38200,39050,38100,38200,59584,0.0
2024-10-11,38400,38950,37350,37400,50506,-0.020942408376963373
2024-10-14,37650,42000,37650,40750,283391,0.08957219251336901
2024-10-15,41200,42300,40300,41000,145752,0.006134969325153339
2024-10-16,39950,42000,39300,40150,110976,-0.02073170731707319
2024-10-17,41500,43000,40750,42550,181986,0.05977584059775842
2024-10-18,42750,42800,39500,39700,142389,-0.06698002350176269
2024-10-21,40700,41300,39900,40100,63631,0.010075566750629816
2024-10-22,40100,40100,38500,38750,96833,-0.03366583541147128
2024-10-23,38700,39000,37650,38500,56406,-0.006451612903225823
2024-10-24,38500,38500,37350,38250,32366,-0.00649350649350644
2024-10-25,38600,40350,38200,38450,91123,0.005228758169934622
2024-10-28,38600,39600,38250,38350,49998,-0.002600780234070177
2024-10-29,38600,38800,37100,38100,67120,-0.006518904823989535
2024-10-30,37900,38350,37550,38100,40986,0.0
2024-10-31,38100,38250,37250,37650,39039,-0.011811023622047223
2024-11-01,37300,37950,36250,37000,54719,-0.01726427622841964
2024-11-04,36950,39500,36550,39150,65127,0.05810810810810807
2024-11-05,38400,40750,38400,39850,72881,0.017879948914431676
2024-11-06,40700,42600,40250,41350,153181,0.03764115432873272
2024-11-07,42100,42700,41200,41900,83762,0.01330108827085863
2024-11-08,42500,43600,41000,41550,106438,-0.00835322195704058
2024-11-11,41100,41500,40050,40550,79017,-0.024067388688327362
2024-11-12,40700,40800,36200,36400,161484,-0.10234278668310726
2024-11-13,35850,36200,33400,33750,122926,-0.07280219780219777
2024-11-14,33850,36300,33850,35750,101614,0.059259259259259345
2024-11-15,34750,35500,33500,34500,84775,-0.034965034965035
2024-11-18,33650,34850,33300,33800,61788,-0.020289855072463725
2024-11-19,33350,43900,33350,43900,255561,0.29881656804733736
2024-11-20,46450,51000,41650,41650,1582530,-0.05125284738041003
2024-11-21,42000,42200,38000,38300,321208,-0.08043217286914761
2024-11-22,38350,39700,37500,37950,267582,-0.009138381201044377
2024-11-25,37800,47050,37450,43300,2766229,0.14097496706192358
2024-11-26,43700,46250,42600,44100,1029407,0.018475750577367167
2024-11-27,44850,46900,44000,46800,714072,0.061224489795918435
2024-11-28,46750,46750,44300,44900,272569,-0.040598290598290565
2024-11-29,44200,50200,43300,45100,1181685,0.00445434298440972
2024-12-02,46850,47500,44200,45300,406493,0.0044345898004434225
2024-12-03,45650,46550,45350,46500,205766,0.026490066225165476
2024-12-04,45500,46900,43500,44500,239375,-0.043010752688172005
2024-12-05,45000,48500,44500,46650,574744,0.04831460674157295
2024-12-06,46150,46500,43350,45100,233114,-0.033226152197213255
2024-12-09,43900,45050,41500,41550,278647,-0.07871396895787142
2024-12-10,41550,44100,41550,43550,164574,0.048134777376654725
2024-12-11,43650,45250,43500,45150,152675,0.036739380022962065
2024-12-12,45200,45900,43500,44550,140321,-0.013289036544850474
2024-12-13,44100,46800,43550,46800,172531,0.05050505050505061
2024-12-16,48000,50000,47150,49400,493106,0.05555555555555558
2024-12-17,49400,51200,48950,49250,266960,-0.0030364372469635637
2024-12-18,49000,50500,48100,48800,176781,-0.009137055837563413
2024-12-19,47100,50900,47050,50500,245644,0.0348360655737705
2024-12-20,51300,51300,49000,49600,206474,-0.017821782178217838
2024-12-23,50000,54900,49850,52300,557349,0.05443548387096775
2024-12-24,52300,54900,51900,52000,201715,-0.005736137667303964
2024-12-26,52100,54900,52000,53900,175395,0.03653846153846163
2024-12-27,54400,58200,54000,55500,356066,0.029684601113172615
2024-12-30,55100,56100,54000,54200,117696,-0.023423423423423406
2025-01-02,54300,62000,54300,59500,352235,0.0977859778597785
2025-01-03,60100,61300,55800,57800,291163,-0.02857142857142858
2025-01-06,58100,60300,57300,60000,172680,0.03806228373702414
2025-01-07,60000,61800,58600,60900,163856,0.014999999999999902
2025-01-08,59800,63100,59100,59300,167784,-0.026272577996715896
2025-01-09,59400,64400,58600,63500,298426,0.07082630691399672
2025-01-10,64700,65200,62300,63100,145764,-0.006299212598425252
2025-01-13,64200,64700,62600,63400,185269,0.004754358161648264
2025-01-14,63900,64800,62900,63100,128878,-0.004731861198738141
2025-01-15,64100,65600,63000,65400,181998,0.03645007923930277
2025-01-16,65200,66400,64200,64500,149584,-0.013761467889908285
2025-01-17,65900,69200,63400,65500,432005,0.015503875968992276
2025-01-20,65600,65700,58300,59900,481153,-0.08549618320610686
2025-01-21,61200,62000,60400,61600,181797,0.028380634390651194
2025-01-22,61800,65400,61100,64800,232640,0.051948051948051965
2025-01-23,67700,69600,65600,67700,277620,0.044753086419753174
2025-01-24,68000,69300,66100,68000,268502,0.004431314623338345
2025-01-31,62300,63000,58100,60300,188356,-0.1132352941176471
2025-02-03,57900,58000,53300,54800,188912,-0.09121061359867333
2025-02-04,55300,58500,55300,57800,99225,0.054744525547445244
2025-02-05,58500,58800,56000,57400,57604,-0.00692041522491349
2025-02-06,58300,59900,56800,59300,70010,0.03310104529616731
2025-02-07,58800,59500,57500,58300,44182,-0.016863406408094472
2025-02-10,57100,58800,56000,57700,46333,-0.010291595197255532
2025-02-11,57700,57900,55500,56400,67337,-0.022530329289428108
2025-02-12,56700,59300,54600,57100,97944,0.012411347517730542
2025-02-13,58500,60800,58200,60700,124839,0.06304728546409799
2025-02-14,61400,61500,55700,56600,162285,-0.06754530477759468
2025-02-17,57000,58100,55500,57500,77007,0.01590106007067127
2025-02-18,57900,61000,57000,59700,230272,0.03826086956521735
2025-02-19,61800,62300,55700,57900,187326,-0.03015075376884424
2025-02-20,59100,60700,56300,57300,122115,-0.010362694300518172
2025-02-21,57000,58000,56400,57000,56214,-0.005235602094240788
2025-02-24,55300,56100,53500,53600,130482,-0.05964912280701751
2025-02-25,52100,52400,50600,52000,165629,-0.02985074626865669
2025-02-26,51600,53500,51600,52300,74779,0.005769230769230749
2025-02-27,52800,53500,51000,51100,57740,-0.02294455066921608
2025-02-28,49400,50800,48350,49800,161864,-0.025440313111546042
2025-03-04,46800,49350,46800,49000,64672,-0.016064257028112428
2025-03-05,50700,52300,49300,51800,111006,0.05714285714285716
2025-03-06,52800,56200,49800,51000,254844,-0.015444015444015413
2025-03-07,49950,54900,49100,50000,186261,-0.019607843137254943
2025-03-10,49950,54400,49100,51700,131032,0.03400000000000003
2025-03-11,49000,50500,49000,49400,89210,-0.044487427466150864
2025-03-12,50100,50100,46950,47050,125943,-0.04757085020242913
2025-03-13,47450,50400,47400,49850,166997,0.05951115834218923
2025-03-14,50600,54700,50500,53900,190153,0.08124373119358075
2025-03-17,54400,54400,52400,52800,57532,-0.020408163265306145
2025-03-18,53200,53900,52100,52500,56154,-0.005681818181818232
2025-03-19,52500,52800,51000,51300,53883,-0.02285714285714291
2025-03-20,51700,52050,50500,50700,46496,-0.011695906432748537
2025-03-21,50900,51000,48500,48500,97155,-0.04339250493096647
2025-03-24,48950,49800,48000,49150,29391,0.013402061855670055
2025-03-25,48700,50600,47250,47250,64209,-0.038657171922685696
2025-03-26,47700,49000,47250,47250,67069,0.0
2025-03-27,46500,46800,44225,44300,116236,-0.0624338624338624
2025-03-28,43600,44200,42400,43250,75640,-0.023702031602708784
2025-03-31,41700,42700,41200,41200,39240,-0.04739884393063587
2025-04-01,41300,42300,40250,41300,52386,0.0024271844660195274
2025-04-02,41450,41700,38650,38800,116402,-0.060532687651331685
2025-04-03,37000,40250,37000,39500,66189,0.018041237113401998
2025-04-04,38900,41200,38500,39750,68093,0.006329113924050667
2025-04-07,38150,38250,34900,35100,106905,-0.11698113207547167
2025-04-08,35650,36500,35450,35850,53493,0.02136752136752129
2025-04-09,35100,36250,34400,35250,42933,-0.01673640167364021
2025-04-10,38450,39150,37250,38550,63340,0.09361702127659566
2025-04-11,38800,39800,36900,39650,42124,0.028534370946822207
2025-04-14,40550,41250,39950,40600,79577,0.023959646910466592
2025-04-15,41100,45350,41000,45250,170236,0.1145320197044335
2025-04-16,46050,46900,44200,44300,109750,-0.020994475138121582
2025-04-17,44000,48250,43750,48050,146022,0.08465011286681712
2025-04-18,49650,49700,48000,48500,99540,0.009365244536940764
