Date,Open,High,Low,Close,Volume,Change
2022-07-01,17150,18700,14150,14300,15624575,
2022-07-04,14700,14800,12750,13650,4046627,-0.045454545454545414
2022-07-05,14800,15000,13800,13800,4355207,0.01098901098901095
2022-07-06,14050,16700,13850,15550,15534807,0.12681159420289845
2022-07-07,15500,15500,14050,14550,3588670,-0.06430868167202575
2022-07-08,15000,15350,14500,14700,4289928,0.010309278350515427
2022-07-11,14450,14500,13850,13900,1350372,-0.05442176870748294
2022-07-12,13600,13600,12850,13000,1170251,-0.06474820143884896
2022-07-13,12900,13600,12800,12950,1430449,-0.0038461538461538325
2022-07-14,13050,13450,12950,13050,880437,0.007722007722007707
2022-07-15,13250,13450,12650,12650,959842,-0.03065134099616862
2022-07-18,12700,12900,12300,12700,799157,0.0039525691699604515
2022-07-19,12750,13400,12600,13000,1036854,0.023622047244094446
2022-07-20,13300,13500,13000,13050,949749,0.0038461538461538325
2022-07-21,13400,14100,13100,13350,2161996,0.02298850574712641
2022-07-22,13200,13600,13100,13100,657695,-0.01872659176029967
2022-07-25,13200,13200,12550,12550,694848,-0.041984732824427495
2022-07-26,12550,12650,12350,12350,299414,-0.015936254980079667
2022-07-27,12350,12600,12250,12450,284353,0.00809716599190291
2022-07-28,12650,12850,12350,12350,364815,-0.008032128514056214
2022-07-29,12450,12500,12050,12150,466662,-0.01619433198380571
2022-08-01,12250,12700,12150,12350,689098,0.016460905349794164
2022-08-02,12300,12300,11750,11850,394471,-0.04048582995951422
2022-08-03,11850,12000,11750,11850,226634,0.0
2022-08-04,11900,12050,11400,12000,659164,0.012658227848101333
2022-08-05,11950,12250,11600,11800,499026,-0.01666666666666672
2022-08-08,11750,11900,11650,11650,194707,-0.012711864406779627
2022-08-09,11650,11650,11250,11300,261208,-0.030042918454935674
2022-08-10,11250,11300,10750,10800,302812,-0.04424778761061943
2022-08-11,11000,11300,10850,11200,274547,0.03703703703703698
2022-08-12,11050,12600,11050,11850,2005579,0.05803571428571419
2022-08-16,11950,12700,11950,12450,1090835,0.05063291139240511
2022-08-17,12400,12450,11850,11850,352185,-0.048192771084337394
2022-08-18,11600,12100,11550,11700,429219,-0.012658227848101222
2022-08-19,11700,12050,11600,11600,226726,-0.008547008547008517
2022-08-22,11300,11950,11200,11450,318572,-0.012931034482758674
2022-08-23,11200,11450,10800,10900,239911,-0.048034934497816595
2022-08-24,11000,11350,10850,11100,217142,0.0183486238532109
2022-08-25,11150,11650,11100,11500,274331,0.03603603603603611
2022-08-26,11600,11950,11400,11450,418318,-0.004347826086956497
2022-08-29,10850,11150,10850,10900,215075,-0.048034934497816595
2022-08-30,10950,11200,10850,11050,147583,0.013761467889908285
2022-08-31,11000,11300,10900,11200,262238,0.013574660633484115
2022-09-01,11400,11850,10700,10800,317881,-0.0357142857142857
2022-09-02,10900,11050,10650,10700,148869,-0.0092592592592593
2022-09-05,10700,10750,9980,10000,301539,-0.06542056074766356
2022-09-06,10100,10200,9850,9970,177588,-0.0030000000000000027
2022-09-07,9870,9940,9560,9560,215638,-0.04112337011033096
2022-09-08,9610,9830,9490,9510,142394,-0.005230125523012608
2022-09-13,9690,9890,9650,9810,99476,0.03154574132492116
2022-09-14,9220,9570,9200,9390,152696,-0.042813455657492394
2022-09-15,9480,10200,9450,9930,323167,0.057507987220447365
2022-09-16,9880,9900,9660,9770,119403,-0.01611278952668682
2022-09-19,9680,9810,9260,9260,147757,-0.05220061412487209
2022-09-20,9350,10250,9350,9600,292517,0.036717062634989306
2022-09-21,9560,9950,9450,9760,131316,0.016666666666666607
2022-09-22,10300,12650,10000,12650,5133495,0.29610655737704916
2022-09-23,13500,14750,13000,13300,12740369,0.05138339920948609
2022-09-26,13450,14100,12750,13650,3912558,0.026315789473684292
2022-09-27,13150,13650,12100,13650,2980910,0.0
2022-09-28,12900,13250,12200,12250,2373219,-0.10256410256410253
2022-09-29,11750,12400,10600,10600,2198785,-0.13469387755102036
2022-09-30,10250,10450,9620,9620,1000094,-0.09245283018867922
2022-10-04,10150,10600,10050,10100,3331017,0.0498960498960499
2022-10-05,10050,10150,9340,9360,1240431,-0.07326732673267322
2022-10-06,9530,9620,9320,9430,702013,0.007478632478632452
2022-10-07,9430,9630,9210,9230,696847,-0.02120890774125128
2022-10-11,8990,8990,8000,8000,923710,-0.133261105092091
2022-10-12,7830,8220,7760,7870,727680,-0.016249999999999987
2022-10-13,7870,8090,7300,7300,595993,-0.07242693773824649
2022-10-14,7500,7620,7410,7440,379326,0.019178082191780854
2022-10-17,7260,7410,7000,7400,255204,-0.005376344086021501
2022-10-18,7560,7740,7470,7730,446935,0.044594594594594694
2022-10-19,7850,7860,7430,7460,343887,-0.03492884864165591
2022-10-20,7420,7540,7240,7290,182064,-0.02278820375335122
2022-10-21,7240,7300,7000,7000,223969,-0.03978052126200271
2022-10-24,7200,7420,7100,7130,219590,0.01857142857142846
2022-10-25,7150,8190,7150,7930,2309808,0.11220196353436185
2022-10-26,7790,7800,7450,7600,566124,-0.04161412358133665
2022-10-27,7870,8140,7570,7740,1485615,0.018421052631578894
2022-10-28,7560,7950,7540,7850,586724,0.01421188630490966
2022-10-31,8030,8090,7720,7720,666424,-0.016560509554140124
2022-11-01,7710,7770,7540,7600,252188,-0.015544041450777257
2022-11-02,7590,7610,7320,7320,311099,-0.0368421052631579
2022-11-03,7150,7550,7100,7420,241040,0.013661202185792254
2022-11-04,7330,7400,7170,7270,173933,-0.020215633423180557
2022-11-07,7250,7400,7240,7270,157898,0.0
2022-11-08,7290,8830,7290,8190,8304221,0.12654745529573597
2022-11-09,8110,8180,7910,8050,941438,-0.017094017094017144
2022-11-10,7930,7990,7740,7740,529695,-0.03850931677018632
2022-11-11,8010,8070,7860,7870,543689,0.01679586563307489
2022-11-14,7940,7990,7740,7780,319293,-0.01143583227445999
2022-11-15,7780,8120,7600,8050,607095,0.03470437017994854
2022-11-16,8100,8550,7950,8370,1929975,0.03975155279503095
2022-11-17,8410,8550,8240,8320,747688,-0.005973715651135025
2022-11-18,8340,8550,8230,8320,440484,0.0
2022-11-21,8220,8490,8060,8090,357484,-0.027644230769230727
2022-11-22,8010,8360,7920,8360,282955,0.03337453646477129
2022-11-23,8340,8480,8130,8160,251226,-0.02392344497607657
2022-11-24,8220,8290,8130,8210,152965,0.006127450980392135
2022-11-25,8040,8200,7920,8050,231258,-0.01948842874543244
2022-11-28,7970,8040,7620,7620,277858,-0.05341614906832293
2022-11-29,7500,7670,7450,7620,110446,0.0
2022-11-30,7690,7690,7550,7650,83731,0.003937007874015741
2022-12-01,7800,7870,7740,7840,168101,0.024836601307189454
2022-12-02,7850,7850,7730,7760,82702,-0.010204081632653073
2022-12-05,7900,8520,7900,8330,1748741,0.07345360824742264
2022-12-06,8440,8790,8180,8360,1488311,0.0036014405762305746
2022-12-07,8300,9000,8150,8940,2011113,0.06937799043062198
2022-12-08,8760,8770,8350,8460,850118,-0.05369127516778527
2022-12-09,8750,9050,8430,8480,1582491,0.0023640661938533203
2022-12-12,8400,8650,8210,8250,810319,-0.027122641509433998
2022-12-13,8400,8640,8180,8210,1573980,-0.00484848484848488
2022-12-14,8230,8290,7850,8200,663421,-0.0012180267965895553
2022-12-15,8140,8340,8090,8120,285750,-0.009756097560975618
2022-12-16,7990,8000,7810,7900,297623,-0.027093596059113323
2022-12-19,7910,7930,7680,7780,179990,-0.015189873417721489
2022-12-20,7750,7860,7610,7610,228174,-0.02185089974293064
2022-12-21,7630,7730,7560,7580,176632,-0.003942181340341633
2022-12-22,7660,7850,7630,7670,192929,0.01187335092348274
2022-12-23,7560,7560,7190,7190,280220,-0.06258148631029992
2022-12-26,7050,7170,7010,7010,140143,-0.025034770514603566
2022-12-27,6980,7110,6880,6900,194167,-0.015691868758915817
2022-12-28,6920,7130,6880,6950,147325,0.007246376811594235
2022-12-29,6860,7040,6860,6890,109039,-0.008633093525179825
2023-01-02,6920,7030,6490,6520,160453,-0.053701015965166854
2023-01-03,6520,6660,6400,6630,111883,0.016871165644171793
2023-01-04,6770,7440,6770,7220,1024484,0.08898944193061831
2023-01-05,7250,7400,7180,7190,590843,-0.0041551246537395725
2023-01-06,7340,7480,7260,7310,358150,0.016689847009735637
2023-01-09,7420,7640,7400,7430,282119,0.01641586867305067
2023-01-10,7540,7980,7530,7700,632126,0.03633916554508754
2023-01-11,7920,8030,7710,7750,358652,0.006493506493506551
2023-01-12,7750,7820,7550,7710,215505,-0.005161290322580614
2023-01-13,7920,8260,7820,7980,781217,0.035019455252918386
2023-01-16,8000,8240,7890,7950,522077,-0.003759398496240629
2023-01-17,7860,7960,7660,7800,268710,-0.018867924528301883
2023-01-18,7910,8420,7770,8240,1270937,0.05641025641025643
2023-01-19,8110,8170,7810,7890,391206,-0.04247572815533984
2023-01-20,7950,8050,7850,7910,249644,0.0025348542458809575
2023-01-25,8170,8410,8070,8290,657883,0.048040455120101244
2023-01-26,8770,8810,8290,8440,1367051,0.018094089264173663
2023-01-27,8480,9870,8330,9380,10900382,0.11137440758293837
2023-01-30,9640,10120,9490,9830,4437530,0.04797441364605537
2023-01-31,9680,10380,9540,10030,2492198,0.020345879959308144
2023-02-01,10060,10060,9570,9800,970960,-0.02293120638085744
2023-02-02,9950,10100,9840,10030,1201407,0.02346938775510199
2023-02-03,10100,10930,9760,10560,2970625,0.05284147557328023
2023-02-06,10160,10290,9650,10000,1769675,-0.05303030303030298
2023-02-07,10010,10370,9900,10010,935804,0.0009999999999998899
2023-02-08,10200,11470,10060,10730,4553990,0.07192807192807193
2023-02-09,10840,10900,10140,10160,980374,-0.05312208760484627
2023-02-10,10150,10230,9560,9660,1001217,-0.049212598425196874
2023-02-13,9500,10250,9350,10150,1828087,0.050724637681159424
2023-02-14,10330,11450,10330,10340,5313859,0.01871921182266001
2023-02-15,10570,10690,10000,10050,1071726,-0.028046421663442955
2023-02-16,10050,10150,9810,10030,557440,-0.0019900497512437276
2023-02-17,9780,10190,9750,9850,433774,-0.017946161515453585
2023-02-20,9760,9970,9750,9800,257238,-0.005076142131979711
2023-02-21,9940,10950,9820,10560,2777263,0.07755102040816331
2023-02-22,10220,10540,10040,10190,1183794,-0.035037878787878785
2023-02-23,10540,11590,10370,11590,5414916,0.13738959764474967
2023-02-24,11900,12420,11150,11490,4138163,-0.008628127696289956
2023-02-27,11410,11640,11040,11350,1037743,-0.012184508268059169
2023-02-28,11700,12310,11220,11800,2356214,0.0396475770925111
2023-03-02,11940,12140,11260,11460,1368501,-0.028813559322033888
2023-03-03,11400,11620,11220,11410,550928,-0.004363001745200656
2023-03-06,11410,11490,11010,11300,621054,-0.009640666082383897
2023-03-07,11400,11950,11090,11140,1246721,-0.01415929203539823
2023-03-08,11010,11380,10710,10730,521466,-0.03680430879712748
2023-03-09,11010,11100,10130,10130,638936,-0.055917986952469745
2023-03-10,9870,10130,9650,9800,371383,-0.03257650542941759
2023-03-13,9530,9810,9330,9770,321485,-0.003061224489795955
2023-03-14,9730,9730,9020,9020,338335,-0.07676560900716478
2023-03-15,9600,9890,9320,9890,427287,0.09645232815964522
2023-03-16,9900,10340,9610,10100,593887,0.02123356926188058
2023-03-17,10240,10350,9920,10010,405970,-0.008910891089108919
2023-03-20,9980,10930,9450,10690,1719275,0.06793206793206785
2023-03-21,10750,11170,10500,10980,1002054,0.027128157156220745
2023-03-22,11000,11270,10750,11060,543465,0.007285974499089187
2023-03-23,11060,11530,10880,11130,861668,0.006329113924050667
2023-03-24,11400,11640,11120,11180,625327,0.004492362982928988
2023-03-27,11250,11310,10810,10890,371933,-0.025939177101967803
2023-03-28,10810,10970,10600,10960,346954,0.006427915518824712
2023-03-29,11140,11480,10380,10470,688762,-0.04470802919708028
2023-03-30,10510,11260,10500,10900,1004810,0.04106972301814715
2023-03-31,10920,11130,10240,10240,485137,-0.06055045871559628
2023-04-03,10410,11040,10340,10990,542072,0.0732421875
2023-04-04,10940,10990,10520,10650,255125,-0.030937215650591487
2023-04-05,10650,10990,10420,10710,253625,0.005633802816901401
2023-04-06,10500,10680,10220,10380,241697,-0.03081232492997199
2023-04-07,10440,10760,10350,10610,287178,0.022157996146435543
2023-04-10,10670,10850,10140,10360,296760,-0.023562676720075393
2023-04-11,10360,10690,10340,10650,326863,0.027992277992278103
2023-04-12,10850,10870,10440,10660,327732,0.0009389671361501595
2023-04-13,10820,11990,10670,11990,3242117,0.12476547842401509
2023-04-14,11930,12040,11410,11440,942432,-0.04587155963302747
2023-04-17,11440,11560,11190,11350,386491,-0.00786713286713292
2023-04-18,11400,11650,10950,11600,638350,0.022026431718061623
2023-04-19,11820,12180,11400,11830,1032805,0.01982758620689662
2023-04-20,11900,11940,10960,11310,785926,-0.04395604395604391
2023-04-21,11310,11470,11000,11010,376204,-0.02652519893899208
2023-04-24,10970,11030,10650,10660,225514,-0.031789282470481406
2023-04-25,10630,10740,10080,10300,307298,-0.0337711069418386
2023-04-26,10230,10620,10140,10140,182579,-0.01553398058252431
2023-04-27,10070,10500,9970,10430,189676,0.02859960552268248
2023-04-28,10490,10500,10110,10130,110041,-0.028763183125599223
2023-05-02,10290,10610,10170,10390,189907,0.02566633761105619
2023-05-03,10200,10430,10150,10210,94903,-0.017324350336862415
2023-05-04,10350,10350,10040,10070,107176,-0.013712047012732653
2023-05-08,10140,10410,10040,10040,108246,-0.002979145978152964
2023-05-09,9960,10150,9720,9780,131607,-0.02589641434262946
2023-05-10,9670,9900,9400,9440,124608,-0.03476482617586907
2023-05-11,9420,9700,9420,9430,95806,-0.0010593220338983578
2023-05-12,9450,10070,9150,9900,262548,0.04984093319194072
2023-05-15,10060,11940,9970,10240,11254969,0.03434343434343434
2023-05-16,10160,10360,9670,9810,996363,-0.0419921875
2023-05-17,9810,10100,9660,9860,427082,0.0050968399592252744
2023-05-18,10130,10280,9980,10160,487904,0.030425963488843744
2023-05-19,10830,11180,10450,10820,1963606,0.06496062992125995
2023-05-22,10710,11500,10700,11010,948416,0.01756007393715331
2023-05-23,11080,11090,10660,10740,288528,-0.02452316076294281
2023-05-24,10610,10610,10290,10400,285634,-0.03165735567970207
2023-05-25,10690,10890,10240,10340,282287,-0.005769230769230749
2023-05-26,10500,11050,10410,11000,704299,0.06382978723404253
2023-05-30,11210,11290,10860,11060,614313,0.005454545454545379
2023-05-31,10990,11830,10810,11480,1882771,0.03797468354430378
2023-06-01,11350,11790,11200,11340,767399,-0.012195121951219523
2023-06-02,11490,11590,11110,11130,296861,-0.01851851851851849
2023-06-05,11130,11230,10840,10860,207123,-0.02425876010781669
2023-06-07,10810,10980,10630,10740,195853,-0.011049723756906049
2023-06-08,11030,11230,10800,10900,306111,0.014897579143389184
2023-06-09,10850,11130,10830,11070,170948,0.015596330275229331
2023-06-12,11300,12490,10910,12440,2290174,0.1237579042457091
2023-06-13,13420,16000,13190,14960,11278938,0.202572347266881
2023-06-14,15200,15630,14650,14880,2883385,-0.005347593582887722
2023-06-15,15400,16390,13800,15790,3928185,0.061155913978494514
2023-06-16,15770,16360,15600,15780,1363328,-0.0006333122229259525
2023-06-19,16100,16110,14400,14760,1528519,-0.06463878326996197
2023-06-20,14950,15090,14320,14850,889972,0.0060975609756097615
2023-06-21,14850,15090,14210,14300,968882,-0.03703703703703709
2023-06-22,14000,16840,13890,16490,4382993,0.15314685314685317
2023-06-23,16290,17390,16110,16330,1958912,-0.009702850212249814
2023-06-26,16330,17830,15540,16560,2181629,0.014084507042253502
2023-06-27,16450,16450,14700,14900,1598663,-0.10024154589371981
2023-06-28,14990,15620,14710,14740,875823,-0.010738255033557076
2023-06-29,14990,15480,14740,15000,617932,0.01763907734056991
2023-06-30,15000,15050,14280,14800,451016,-0.013333333333333308
2023-07-03,14950,16440,14860,16070,1256896,0.08581081081081088
2023-07-04,16070,16420,15720,15900,535341,-0.010578718108276264
2023-07-05,16500,17460,15010,15100,2525413,-0.05031446540880502
2023-07-06,15160,16450,14800,15600,1536558,0.0331125827814569
2023-07-07,15330,15520,14920,15260,457804,-0.02179487179487183
2023-07-10,15210,15230,12500,13000,2392510,-0.14809960681520318
2023-07-11,13290,14100,13120,13940,904180,0.0723076923076924
2023-07-12,14130,14150,13500,13910,575565,-0.002152080344332896
2023-07-13,14480,14490,13440,14150,1080908,0.017253774263120025
2023-07-14,14710,15680,14220,15150,1726439,0.07067137809187285
2023-07-17,14820,15550,14590,15210,627575,0.003960396039603964
2023-07-18,15400,15640,14750,14980,589829,-0.015121630506245931
2023-07-19,15710,15720,14890,15000,906573,0.001335113484646211
2023-07-20,14820,14950,14230,14650,599097,-0.023333333333333317
2023-07-21,14260,15400,14100,14730,725500,0.005460750853242269
2023-07-24,14890,14900,13700,13850,556340,-0.05974202308214527
2023-07-25,13690,13960,13220,13260,481643,-0.0425992779783394
2023-07-26,13370,13520,11800,12250,1132593,-0.07616892911010553
2023-07-27,12440,12750,12050,12540,463085,0.023673469387755164
2023-07-28,12510,13080,12210,12930,353242,0.031100478468899517
2023-07-31,13310,13920,13000,13920,539529,0.07656612529002316
2023-08-01,14060,14500,13750,14110,607952,0.013649425287356243
2023-08-02,13830,14320,13090,13100,435961,-0.07158043940467751
2023-08-03,13030,13070,12340,12780,324672,-0.02442748091603053
2023-08-04,12700,13270,12510,13090,256015,0.024256651017214415
2023-08-07,12900,13000,12440,12500,213398,-0.04507257448433921
2023-08-08,12500,12700,11950,12040,249533,-0.036800000000000055
2023-08-09,12040,13410,12040,13260,439704,0.1013289036544851
2023-08-10,13300,13300,12820,13150,224908,-0.008295625942684737
2023-08-11,13220,13340,12880,13140,178782,-0.0007604562737643095
2023-08-14,12730,13000,12560,12840,135947,-0.022831050228310557
2023-08-16,12800,12870,12250,12250,173074,-0.04595015576323991
2023-08-17,12180,13680,12180,13530,640622,0.10448979591836727
2023-08-18,13140,14140,12900,13940,467744,0.030303030303030276
2023-08-21,14140,14680,13990,14500,555564,0.04017216642754673
2023-08-22,14700,14860,14060,14350,598365,-0.010344827586206917
2023-08-23,14450,14760,14290,14490,322934,0.009756097560975618
2023-08-24,14870,14870,14110,14190,383906,-0.020703933747411973
2023-08-25,13950,14200,13590,13860,255466,-0.023255813953488413
2023-08-28,14000,14120,13770,13850,103714,-0.0007215007215006786
2023-08-29,13870,14480,13870,14450,313169,0.04332129963898912
2023-08-30,14540,16350,14500,15500,2585291,0.0726643598615917
2023-08-31,15500,16340,15150,16150,874419,0.041935483870967794
2023-09-01,16160,20750,15950,20300,5865168,0.2569659442724459
2023-09-04,20050,20300,18920,19510,1804213,-0.0389162561576355
2023-09-05,19860,21800,18800,20000,3043739,0.02511532547411588
2023-09-06,19910,20050,19050,19200,872827,-0.040000000000000036
2023-09-07,19000,20400,19000,19410,1412512,0.010937500000000044
2023-09-08,19410,20050,19040,19720,858987,0.01597114889232354
2023-09-11,19920,19940,18440,18900,895595,-0.04158215010141986
2023-09-12,21000,21800,18220,18390,3348363,-0.026984126984127
2023-09-13,18500,19950,16220,16250,2728480,-0.11636759108210981
2023-09-14,16420,18340,16360,17750,1626889,0.0923076923076922
2023-09-15,18470,18990,17080,17450,923392,-0.016901408450704203
2023-09-18,17090,17520,16610,16850,433604,-0.034383954154727836
2023-09-19,17000,17000,16250,16290,389075,-0.03323442136498511
2023-09-20,16250,16450,15700,15980,301196,-0.019030079803560418
2023-09-21,15600,15800,15000,15060,451471,-0.05757196495619521
2023-09-22,14750,15110,14680,14810,267892,-0.016600265604249653
2023-09-25,14890,14910,14480,14530,142904,-0.018906144496961486
2023-09-26,14670,14820,14180,14220,159911,-0.021335168616655187
2023-09-27,14560,15900,14260,15750,622315,0.10759493670886067
2023-10-04,16000,16470,15380,15490,587096,-0.01650793650793647
2023-10-05,16040,16290,15090,15090,396643,-0.02582311168495799
2023-10-06,15110,16770,15110,16600,464595,0.10006626905235261
2023-10-10,16600,16600,15400,15690,343473,-0.054819277108433706
2023-10-11,16010,19350,16010,18100,2361782,0.1536010197578075
2023-10-12,18180,18970,17910,18650,838716,0.03038674033149169
2023-10-13,18450,19230,18150,18960,704481,0.016621983914209215
2023-10-16,18740,18960,17930,18220,501529,-0.039029535864978926
2023-10-17,18710,18820,17960,18300,390086,0.004390779363337094
2023-10-18,18400,19830,17720,19660,851013,0.07431693989071042
2023-10-19,19000,19000,16990,17020,916371,-0.13428280773143442
2023-10-20,16560,17830,15800,17220,857768,0.011750881316098694
2023-10-23,17000,17680,16600,16600,340517,-0.03600464576074336
2023-10-24,16650,17870,16110,17670,406947,0.06445783132530125
2023-10-25,17670,18460,17420,18030,448946,0.02037351443123936
2023-10-26,17000,17880,16840,17460,336857,-0.03161397670549082
2023-10-27,17700,17780,16850,17050,333619,-0.023482245131729695
2023-10-30,16910,17000,16170,16320,298216,-0.0428152492668622
2023-10-31,16510,16660,13580,14000,1038217,-0.1421568627450981
2023-11-01,14510,15300,14400,14920,571450,0.06571428571428561
2023-11-02,15590,15810,15150,15450,367047,0.03552278820375343
2023-11-03,15800,16150,15320,15800,315940,0.02265372168284796
2023-11-06,16100,16820,15360,16710,415031,0.057594936708860844
2023-11-07,16860,17790,16560,17480,638869,0.046080191502094525
2023-11-08,17550,18040,17200,17300,309121,-0.010297482837528626
2023-11-09,17180,17300,16330,16460,279772,-0.048554913294797664
2023-11-10,16100,16620,15640,16490,182013,0.0018226002430132837
2023-11-13,16560,16690,14900,14970,368672,-0.09217707701637357
2023-11-14,15150,16470,15150,16370,327665,0.09352037408149627
2023-11-15,16680,17290,16550,17110,326049,0.045204642638973835
2023-11-16,16600,17990,16600,17650,941765,0.03156049094097013
2023-11-17,17900,18110,17200,17510,447060,-0.007932011331444722
2023-11-20,17780,17940,17150,17530,245558,0.0011422044545974508
2023-11-21,17980,18830,17810,18700,1203044,0.06674272675413584
2023-11-22,18600,19150,18140,19040,630004,0.018181818181818077
2023-11-23,19140,19270,18270,18470,500136,-0.02993697478991597
2023-11-24,18450,18930,18020,18720,492799,0.013535462912831697
2023-11-27,18810,19660,18600,19340,897391,0.033119658119658224
2023-11-28,20050,20600,18500,19020,1517961,-0.016546018614270963
2023-11-29,19020,19370,18700,18880,518377,-0.007360672975814886
2023-11-30,19000,19620,18400,19000,537415,0.006355932203389925
2023-12-01,19030,19030,18550,18610,256899,-0.020526315789473726
2023-12-04,18800,18800,18050,18070,306149,-0.02901665771090811
2023-12-05,17820,18290,16860,17180,377398,-0.0492529053680133
2023-12-06,17230,17650,17030,17620,179270,0.025611175785797524
2023-12-07,17490,17900,17170,17570,186150,-0.002837684449489175
2023-12-08,18000,18870,17910,18760,419956,0.06772908366533859
2023-12-11,18760,19120,18510,18950,348469,0.010127931769722709
2023-12-12,19100,19190,18670,18730,278909,-0.011609498680738795
2023-12-13,18710,18800,17870,18030,285541,-0.03737319807794981
2023-12-14,18330,18580,17370,17670,340500,-0.019966722129783676
2023-12-15,17870,17890,17150,17600,303450,-0.003961516694963252
2023-12-18,17660,17840,17410,17620,239893,0.001136363636363713
2023-12-19,17730,17870,16900,17130,2837926,-0.027809307604994338
2023-12-20,17130,17400,16810,16970,510113,-0.009340338587273789
2023-12-21,17010,17740,17010,17700,670693,0.0430170889805539
2023-12-22,17730,18800,17510,17990,1348727,0.01638418079096038
2023-12-26,17760,18020,17350,17500,331597,-0.027237354085603127
2023-12-27,17680,18410,17300,18150,626482,0.037142857142857144
2023-12-28,18500,18800,18240,18590,686136,0.024242424242424176
2024-01-02,18710,18950,18330,18580,619230,-0.0005379236148467248
2024-01-03,18400,18600,17840,18590,538662,0.0005382131324003225
2024-01-04,18470,18730,17940,18250,577024,-0.018289402904787533
2024-01-05,17850,17860,17120,17320,792999,-0.05095890410958903
2024-01-08,17490,17630,17300,17500,245530,0.010392609699769073
2024-01-09,17850,18210,17430,17600,422909,0.005714285714285783
2024-01-10,17620,17670,16700,16930,468311,-0.038068181818181834
2024-01-11,16890,17290,16840,17230,239988,0.01772002362669811
2024-01-12,17360,17360,16900,17140,250889,-0.0052234474753337645
2024-01-15,17100,17280,16860,16960,186277,-0.010501750291715295
2024-01-16,17020,17080,16050,16420,308722,-0.03183962264150941
2024-01-17,16510,16510,15250,15440,448745,-0.059683313032886764
2024-01-18,15200,15610,15180,15550,165577,0.007124352331606243
2024-01-19,16000,16100,15630,15900,202782,0.022508038585209
2024-01-22,16300,16450,15700,16250,303717,0.022012578616352307
2024-01-23,16360,16360,15270,15500,340814,-0.0461538461538461
2024-01-24,15930,16070,15550,15630,191197,0.00838709677419347
2024-01-25,15500,15630,14310,14500,601841,-0.07229686500319898
2024-01-26,14500,14880,14300,14560,187565,0.004137931034482678
2024-01-29,14350,14560,13330,13580,596230,-0.06730769230769229
2024-01-30,13560,13610,12500,13090,601968,-0.03608247422680411
2024-01-31,13050,13050,12180,12250,340963,-0.06417112299465244
2024-02-01,12100,12440,11560,11930,449032,-0.026122448979591817
2024-02-02,12130,12500,12050,12470,311616,0.04526404023470243
2024-02-05,12520,12590,12120,12270,140692,-0.016038492381716174
2024-02-06,12270,12470,11910,12310,163631,0.0032599837000815146
2024-02-07,12310,12350,12070,12190,113301,-0.009748172217709183
2024-02-08,12450,13490,12380,12960,576289,0.06316652994257588
2024-02-13,13560,13920,13190,13550,514079,0.04552469135802473
2024-02-14,13130,13890,13080,13850,237835,0.022140221402213944
2024-02-15,14110,14120,13560,13610,244069,-0.017328519855595692
2024-02-16,14000,14880,13870,13920,978044,0.022777369581190365
2024-02-19,13920,14130,13300,13440,263194,-0.03448275862068961
2024-02-20,13260,13440,13050,13090,215882,-0.02604166666666663
2024-02-21,13000,14150,12860,13500,728390,0.031321619556913705
2024-02-22,14200,14650,13770,14430,1121846,0.068888888888889
2024-02-23,14500,14590,13700,14310,593377,-0.008316008316008316
2024-02-26,14500,14640,14020,14280,452916,-0.002096436058700246
2024-02-27,14280,14280,13300,13500,423878,-0.054621848739495826
2024-02-28,13500,13770,13180,13210,260127,-0.021481481481481435
2024-02-29,13180,13180,12430,12560,366921,-0.04920514761544281
2024-03-04,12800,13100,12730,13040,275748,0.03821656050955413
2024-03-05,13150,13190,12450,12460,245040,-0.04447852760736193
2024-03-06,12460,12550,12140,12220,253786,-0.019261637239165297
2024-03-07,12350,12400,11930,12060,277653,-0.013093289689034338
2024-03-08,12160,12350,11860,11880,277655,-0.014925373134328401
2024-03-11,11730,11860,11490,11820,210651,-0.005050505050505083
2024-03-12,11900,13450,11820,13400,985082,0.13367174280879857
2024-03-13,13550,13750,12810,12890,467584,-0.038059701492537346
2024-03-14,12890,12920,12530,12680,180524,-0.016291698991466208
2024-03-15,12510,12590,12000,12180,212997,-0.039432176656151396
2024-03-18,12180,12180,11960,12120,145101,-0.0049261083743842304
2024-03-19,12070,12080,11880,12050,116428,-0.005775577557755818
2024-03-20,12850,12870,12060,12160,381701,0.009128630705394158
2024-03-21,12320,12350,11990,12040,199611,-0.009868421052631526
2024-03-22,12360,12870,12100,12120,431469,0.006644518272425293
2024-03-25,12200,12210,12080,12110,110663,-0.0008250825082508628
2024-03-26,12150,12190,11840,11850,214022,-0.02146985962014869
2024-03-27,11980,12100,11650,11710,183694,-0.01181434599156117
2024-03-28,11770,12000,11700,11860,120466,0.012809564474807855
2024-03-29,12050,12050,11650,11710,132105,-0.012647554806070826
2024-04-01,11710,11970,11700,11890,107443,0.015371477369769515
2024-04-02,11980,12680,11910,12010,449351,0.010092514718250678
2024-04-03,11900,12190,11630,11960,177228,-0.004163197335553703
2024-04-04,11950,12280,11800,12190,177158,0.019230769230769162
2024-04-05,11900,12000,11750,11770,145656,-0.03445447087776865
2024-04-08,12040,12590,11900,11980,421795,0.017841971112999122
2024-04-09,12170,12300,11730,11730,177049,-0.02086811352253759
2024-04-11,11610,11700,11130,11150,203665,-0.04944586530264283
2024-04-12,11190,11330,10870,10880,191991,-0.024215246636771326
2024-04-15,10590,10790,10070,10210,218020,-0.061580882352941124
2024-04-16,10210,10390,9810,9960,162109,-0.02448579823702257
2024-04-17,10040,10100,9940,10050,73837,0.009036144578313143
2024-04-18,10010,10350,9930,10310,91225,0.025870646766169125
2024-04-19,10510,10810,9840,10010,235703,-0.029097963142580063
2024-04-22,10160,10160,9910,10110,82757,0.009990009990010096
2024-04-23,10130,10150,10000,10130,71909,0.001978239366963397
2024-04-24,10230,11070,10230,10860,278664,0.07206317867719636
2024-04-25,10800,11230,10610,10950,159020,0.008287292817679592
2024-04-26,11190,11200,10610,10860,146547,-0.008219178082191747
2024-04-29,11000,11560,10960,11310,205182,0.04143646408839774
2024-04-30,12010,12170,11220,11240,397439,-0.006189213085764811
2024-05-02,11220,11490,10950,11410,113426,0.015124555160142439
2024-05-03,11500,11500,11180,11290,59828,-0.010517090271691454
2024-05-07,11380,11700,11200,11290,74697,0.0
2024-05-08,11290,11290,10940,11100,84201,-0.016829052258635957
2024-05-09,11150,11150,10820,10860,80337,-0.021621621621621623
2024-05-10,10820,11060,10700,10770,107118,-0.008287292817679592
2024-05-13,10790,10900,10390,10520,89730,-0.0232126276694522
2024-05-14,10810,11670,10660,11310,357439,0.07509505703422059
2024-05-16,11380,11740,11320,11550,157047,0.021220159151193574
2024-05-17,11500,11500,11190,11320,77942,-0.019913419913419883
2024-05-20,11320,11500,10990,11390,138129,0.006183745583038913
2024-05-21,11550,12930,11550,12490,1605453,0.09657594381035994
2024-05-22,12470,12540,12130,12370,315209,-0.009607686148919159
2024-05-23,12400,12500,12020,12350,298299,-0.0016168148746968924
2024-05-24,12190,12920,11950,12740,506756,0.03157894736842115
2024-05-27,12700,12700,11820,12370,448865,-0.029042386185243352
2024-05-28,12590,12590,12150,12270,152128,-0.00808407437348424
2024-05-29,12310,12940,11990,12480,481160,0.017114914425427896
2024-05-30,12680,13380,12560,13380,868170,0.07211538461538458
2024-05-31,13540,14040,13230,14040,1240396,0.049327354260089606
2024-06-03,14230,14260,13700,13820,779014,-0.015669515669515688
2024-06-04,14020,14260,13600,13920,611353,0.00723589001447178
2024-06-05,14000,14100,13000,13200,568341,-0.051724137931034475
2024-06-07,13300,14000,12900,13800,493327,0.045454545454545414
2024-06-10,13450,14170,13420,13950,371154,0.010869565217391353
2024-06-11,14010,14420,13790,13880,439195,-0.00501792114695343
2024-06-12,13900,14000,13310,13850,457697,-0.002161383285302576
2024-06-13,13950,14210,13630,14070,558648,0.015884476534296033
2024-06-14,14170,14340,13730,13970,391154,-0.007107320540156392
2024-06-17,13830,13940,13260,13330,396516,-0.0458124552612742
2024-06-18,13480,14030,13050,13340,530167,0.0007501875468867159
2024-06-19,13330,14600,13200,14600,1052211,0.09445277361319349
2024-06-20,14700,14790,14250,14670,878661,0.004794520547945158
2024-06-21,14520,14520,13840,13840,431031,-0.05657805044308106
2024-06-24,13790,13800,13180,13280,301134,-0.040462427745664775
2024-06-25,13180,14070,12850,13930,439298,0.048945783132530174
2024-06-26,13830,13920,13260,13540,284368,-0.02799712849964109
2024-06-27,13550,13600,13080,13090,175000,-0.03323485967503692
2024-06-28,13130,13180,12530,12880,314938,-0.016042780748663055
2024-07-01,13100,13570,12920,12930,343158,0.0038819875776396895
2024-07-02,12670,12920,11810,11880,466382,-0.08120649651972156
2024-07-03,11840,12210,11840,12160,180480,0.023569023569023573
2024-07-04,12390,12500,11600,11610,268703,-0.04523026315789469
2024-07-05,11610,13940,11580,13350,2522989,0.14987080103359163
2024-07-08,13500,14440,13400,13670,1405547,0.02397003745318349
2024-07-09,13600,13950,12910,13830,657455,0.011704462326261877
2024-07-10,13800,13800,13110,13430,410446,-0.028922631959508283
2024-07-11,13460,13460,12970,13000,273915,-0.03201787043931492
2024-07-12,12790,12890,12380,12500,331051,-0.038461538461538436
2024-07-15,13000,13450,12800,13160,311863,0.05279999999999996
2024-07-16,13190,13380,12840,13330,216788,0.012917933130699
2024-07-17,13380,13700,12700,12850,411653,-0.036009002250562694
2024-07-18,12330,12440,11930,12320,337102,-0.04124513618677039
2024-07-19,12320,12450,12080,12100,121668,-0.017857142857142905
2024-07-22,12000,12000,11070,11180,405911,-0.0760330578512397
2024-07-23,11310,11450,10850,10910,199907,-0.02415026833631484
2024-07-24,10750,11420,10730,10900,165766,-0.0009165902841430373
2024-07-25,10430,10700,10050,10060,330805,-0.07706422018348624
2024-07-26,10070,10290,9970,10180,113108,0.011928429423459175
2024-07-29,10180,10410,10020,10380,107228,0.01964636542239684
2024-07-30,10440,10450,10000,10060,104099,-0.030828516377649273
2024-07-31,10060,10230,9880,10230,115801,0.016898608349900535
2024-08-01,10370,10530,9950,10130,229364,-0.009775171065493637
2024-08-02,9680,9880,9500,9540,193696,-0.05824284304047389
2024-08-05,9150,9160,7680,7970,362815,-0.1645702306079665
2024-08-06,7960,8620,7960,8220,183590,0.031367628607277265
2024-08-07,8110,8420,8050,8210,137324,-0.0012165450121655041
2024-08-08,8190,8190,7830,8010,108078,-0.02436053593179055
2024-08-09,8120,8480,8100,8220,93091,0.02621722846441954
2024-08-12,8160,8550,8160,8460,82688,0.029197080291970767
2024-08-13,8500,8560,8180,8300,67472,-0.01891252955082745
2024-08-14,8520,8600,8420,8530,90896,0.027710843373494054
2024-08-16,8650,8730,8520,8630,80380,0.011723329425556761
2024-08-19,8720,8720,8320,8320,80520,-0.035921205098493614
2024-08-20,8380,8840,8380,8710,138282,0.046875
2024-08-21,8500,8630,8410,8490,67103,-0.025258323765786406
2024-08-22,8500,8550,8310,8430,66810,-0.007067137809187329
2024-08-23,8300,8400,8190,8310,58761,-0.014234875444839812
2024-08-26,8330,8390,7950,8000,99855,-0.03730445246690739
2024-08-27,7880,8080,7800,7980,63171,-0.0024999999999999467
2024-08-28,7980,8120,7870,7970,53565,-0.0012531328320801727
2024-08-29,8220,8960,8000,8000,260730,0.0037641154328733606
2024-08-30,8150,8160,8000,8150,76273,0.018750000000000044
2024-09-02,8250,8250,7880,8040,69985,-0.013496932515337456
2024-09-03,7960,8100,7870,7870,59257,-0.021144278606965217
2024-09-04,7690,7690,7430,7500,108756,-0.04701397712833544
2024-09-05,7610,7670,7300,7360,62743,-0.01866666666666672
2024-09-06,7360,8750,7360,7550,1016756,0.025815217391304435
2024-09-09,7240,7440,7000,7440,157098,-0.014569536423841067
2024-09-10,7500,7600,7080,7080,78567,-0.048387096774193505
2024-09-11,7180,7530,7100,7250,86177,0.024011299435028333
2024-09-12,7400,7810,7300,7770,138502,0.07172413793103449
2024-09-13,7700,7780,7520,7730,69393,-0.005148005148005175
2024-09-19,7830,8390,7540,8110,128689,0.04915912031047864
2024-09-20,8400,8420,8060,8090,107672,-0.002466091245376112
2024-09-23,8100,9300,8100,9280,491222,0.1470951792336217
2024-09-24,9320,9380,9050,9080,221870,-0.02155172413793105
2024-09-25,9130,10010,9100,10000,588940,0.1013215859030836
2024-09-26,10500,10700,10200,10630,683952,0.06299999999999994
2024-09-27,10520,10800,10350,10630,296088,0.0
2024-09-30,11000,11160,10570,11110,433463,0.04515522107243641
2024-10-02,11110,11550,10800,11400,429356,0.026102610261026005
2024-10-04,11310,11450,10960,11390,296955,-0.0008771929824561431
2024-10-07,11800,12000,11510,11620,311718,0.02019315188762083
2024-10-08,11580,11930,11380,11720,314954,0.008605851979345935
2024-10-10,11950,12100,11690,11990,270362,0.023037542662116106
2024-10-11,12100,12100,11670,11960,325719,-0.002502085070892446
2024-10-14,11690,11770,11470,11690,242750,-0.022575250836120442
2024-10-15,11780,12330,11780,11970,410925,0.0239520958083832
2024-10-16,11750,11830,11300,11420,252015,-0.04594820384294074
2024-10-17,11420,11520,10700,10900,304981,-0.045534150612959734
2024-10-18,10740,11500,10500,11280,279360,0.034862385321100975
2024-10-21,11350,12400,11280,12400,472327,0.09929078014184389
2024-10-22,12390,12990,12200,12790,721760,0.031451612903225845
2024-10-23,12790,13060,12310,12760,333874,-0.0023455824863174435
2024-10-24,12560,13060,12450,12750,240881,-0.0007836990595611049
2024-10-25,12820,13450,12770,13350,555192,0.04705882352941182
2024-10-28,13500,14200,13260,14050,667629,0.05243445692883886
2024-10-29,14030,14170,13840,14100,301000,0.003558718861210064
2024-10-30,14090,14090,12340,13090,701031,-0.07163120567375891
2024-10-31,12570,13360,12540,13150,358363,0.004583651642475095
2024-11-01,12720,13400,12600,13200,362828,0.0038022813688212143
2024-11-04,13300,13300,12720,12940,255753,-0.019696969696969657
2024-11-05,13010,14040,12920,13570,511447,0.04868624420401857
2024-11-06,13640,13650,11300,12840,815400,-0.05379513633013999
2024-11-07,13140,14610,12910,14250,1182371,0.10981308411214963
2024-11-08,14260,14280,13560,13960,557496,-0.020350877192982453
2024-11-11,14000,14750,13810,14290,591710,0.023638968481375366
2024-11-12,14290,15380,14270,15100,1037715,0.05668299510146957
2024-11-13,14810,15990,14510,15200,929505,0.0066225165562914245
2024-11-14,15960,16360,15520,16240,951646,0.06842105263157894
2024-11-15,15880,16290,15300,15790,638969,-0.027709359605911366
2024-11-18,15500,16240,14700,15820,704778,0.0018999366687777464
2024-11-19,16090,16700,15140,15400,723443,-0.026548672566371723
2024-11-20,15460,15460,13500,13600,953058,-0.11688311688311692
2024-11-21,13260,14060,12660,12940,1102090,-0.04852941176470593
2024-11-22,12800,13500,12750,12800,362274,-0.010819165378670781
2024-11-25,12850,13860,12850,13820,340884,0.07968749999999991
2024-11-26,13950,14710,13610,14630,464239,0.05861070911722144
2024-11-27,14500,15070,14300,14930,443086,0.02050580997949414
2024-11-28,14720,15260,14130,14450,459157,-0.0321500334896182
2024-11-29,14350,14350,13360,13450,466572,-0.0692041522491349
2024-12-02,13430,14410,12900,14240,548701,0.05873605947955385
2024-12-03,14240,14700,13700,13840,512511,-0.028089887640449396
2024-12-04,13440,13700,12700,12830,644108,-0.07297687861271673
2024-12-05,13070,13350,12830,12930,288794,0.0077942322681214815
2024-12-06,12660,12920,11180,12100,940520,-0.06419180201082753
2024-12-09,11500,11660,10860,10900,597843,-0.09917355371900827
2024-12-10,10950,11460,10950,11460,384186,0.05137614678899083
2024-12-11,11620,12040,11300,11390,449517,-0.00610820244328103
2024-12-12,11390,11950,10970,11290,526833,-0.008779631255487308
2024-12-13,11540,11880,11380,11600,473315,0.027457927369353374
2024-12-16,12400,12630,12020,12100,488883,0.0431034482758621
2024-12-17,12300,12320,12010,12130,196060,0.0024793388429751317
2024-12-18,12390,13980,12310,13900,1597439,0.14591920857378393
2024-12-19,13360,13890,13270,13450,550353,-0.03237410071942448
2024-12-20,13630,14420,13000,13150,990694,-0.022304832713754608
2024-12-23,13550,13800,13350,13500,348326,0.026615969581748944
2024-12-24,13640,14100,13460,13810,587010,0.022962962962963074
2024-12-26,14040,14190,13040,13080,580420,-0.0528602461984069
2024-12-27,13360,13610,13180,13580,367696,0.03822629969418956
2024-12-30,13320,13670,13210,13580,277086,0.0
2025-01-02,13750,14050,13600,13880,388929,0.022091310751104487
2025-01-03,13900,14180,13610,14070,499019,0.0136887608069165
2025-01-06,14240,14790,14110,14730,555678,0.046908315565032055
2025-01-07,14930,14930,14030,14270,464312,-0.031228784792939557
2025-01-08,13920,14140,13750,14020,359374,-0.017519271198318198
2025-01-09,14020,14050,13410,13600,342098,-0.029957203994293913
2025-01-10,13600,14060,13460,13640,343785,0.002941176470588225
2025-01-13,13490,14350,12550,13270,1468113,-0.027126099706744844
2025-01-14,13600,13950,13410,13420,368311,0.01130369253956287
2025-01-15,13740,14200,13480,13490,427000,0.005216095380029762
2025-01-16,13750,13910,13560,13620,217882,0.00963676797627877
2025-01-17,13600,13600,12940,13210,359693,-0.0301027900146843
2025-01-20,13000,13290,12850,13030,241211,-0.01362604087812258
2025-01-21,13130,13170,12700,12800,255949,-0.01765157329240219
2025-01-22,12840,12880,12500,12570,299925,-0.017968749999999978
2025-01-23,12600,12600,11930,11950,392041,-0.04932378679395388
2025-01-24,11960,12130,11790,11790,251766,-0.013389121338912124
2025-01-31,11790,12270,11540,12060,204292,0.022900763358778553
2025-02-03,12060,12070,11160,11160,277484,-0.07462686567164178
2025-02-04,11450,11670,11280,11540,117819,0.03405017921146958
2025-02-05,11500,11960,11500,11850,130767,0.026863084922010394
2025-02-06,11950,11970,11360,11370,235775,-0.040506329113924044
2025-02-07,11580,12600,11350,12290,677185,0.08091468777484612
2025-02-10,12470,12900,11980,12900,503798,0.04963384865744502
2025-02-11,13000,13140,12520,12900,512213,0.0
2025-02-12,12700,12850,12400,12400,206601,-0.03875968992248058
2025-02-13,12400,12510,11960,12060,465772,-0.02741935483870972
2025-02-14,12360,12580,11920,12050,335536,-0.0008291873963516272
2025-02-17,12120,12120,11850,11990,233634,-0.004979253112033177
2025-02-18,12020,12250,11730,12080,316219,0.007506255212677226
2025-02-19,12110,12150,11800,11800,283178,-0.023178807947019875
2025-02-20,11850,11850,11330,11330,283459,-0.039830508474576254
2025-02-21,9330,10390,9260,10120,1823061,-0.10679611650485432
2025-02-24,9800,9870,9400,9540,573911,-0.05731225296442688
2025-02-25,9520,9770,9450,9500,219246,-0.004192872117400381
2025-02-26,9390,9560,9370,9490,193847,-0.001052631578947416
2025-02-27,9590,9590,9000,9020,342256,-0.04952581664910427
2025-02-28,8800,9270,8580,9000,289987,-0.0022172949002217113
2025-03-04,8840,8880,8505,8660,194349,-0.0377777777777778
2025-03-05,8670,8940,8590,8720,124990,0.006928406466512715
2025-03-06,8790,8840,8300,8440,232684,-0.032110091743119296
2025-03-07,8400,8460,8140,8160,157211,-0.033175355450236976
2025-03-10,8140,8320,8110,8130,83833,-0.003676470588235281
2025-03-11,7810,8210,7730,8200,129891,0.008610086100861114
2025-03-12,8270,8390,8110,8380,115795,0.02195121951219514
2025-03-13,8580,8580,8150,8160,120449,-0.026252983293556076
2025-03-14,8150,8285,8070,8240,108231,0.009803921568627416
2025-03-17,8270,8350,8190,8300,117844,0.00728155339805836
2025-03-18,8450,8460,8210,8240,77796,-0.0072289156626506035
2025-03-19,8240,8240,6880,7490,895057,-0.09101941747572817
2025-03-20,7700,7700,7100,7190,296118,-0.040053404539385884
2025-03-21,7180,7450,7060,7300,167618,0.015299026425591
2025-03-24,7240,7480,7070,7420,117491,0.016438356164383494
2025-03-25,7590,7970,7420,7440,295214,0.0026954177897573484
2025-03-26,7320,7600,7230,7240,100497,-0.026881720430107503
2025-03-27,7200,7200,7020,7050,99501,-0.026243093922651894
2025-03-28,7050,7090,6750,6750,139770,-0.04255319148936165
2025-03-31,6610,6720,6400,6500,81608,-0.03703703703703709
2025-04-01,6500,6780,6500,6780,55646,0.04307692307692301
2025-04-02,6840,6940,6490,6540,53580,-0.03539823008849563
2025-04-03,6440,6750,6300,6700,61169,0.024464831804281273
2025-04-04,6500,6710,6360,6580,78390,-0.017910447761193993
2025-04-07,6380,6380,5800,5810,92647,-0.11702127659574468
2025-04-08,6100,6700,5980,6020,316282,0.03614457831325302
2025-04-09,5940,6030,5710,5870,55088,-0.02491694352159468
2025-04-10,6300,6510,6010,6240,82539,0.0630323679727427
2025-04-11,6150,6660,6100,6610,105211,0.059294871794871806
2025-04-14,6810,7140,6600,7110,137967,0.07564296520423608
2025-04-15,7450,7450,7020,7270,116114,0.02250351617440227
2025-04-16,7270,7270,6870,6890,78741,-0.05226960110041268
2025-04-17,6850,7090,6850,7050,28328,0.023222060957909907
2025-04-18,7060,7060,6820,7060,32976,0.0014184397163119478
