Date,Open,High,Low,Close,Volume,Change
2022-01-03,49454,50640,49115,50132,181354,0.02245518141583891
2022-01-04,50047,50471,49285,49709,149962,-0.008437724407564073
2022-01-05,49370,49454,48015,48354,154367,-0.02725864531573763
2022-01-06,47337,47760,46575,46660,242269,-0.03503329610787109
2022-01-07,46914,47422,46745,47084,117847,0.009087012430347263
2022-01-10,46744,47083,45982,46660,92498,-0.009005182227508235
2022-01-11,46490,46913,45474,45813,162165,-0.018152593227603986
2022-01-12,45813,46575,45813,46406,73636,0.012943924213651092
2022-01-13,46575,46660,45982,46237,66221,-0.0036417704607162316
2022-01-14,45898,45982,45389,45898,100474,-0.007331790557345896
2022-01-17,45982,46406,45305,45390,66788,-0.011068020393045441
2022-01-18,45221,45813,44458,44713,82098,-0.014915179554968017
2022-01-19,42765,44712,42680,44120,201083,-0.013262362176548192
2022-01-20,44373,45389,44204,45305,59555,0.02685856754306437
2022-01-21,44712,45559,44204,44628,66523,-0.014943163006290727
2022-01-24,44119,44543,43442,43527,87953,-0.024670610379134206
2022-01-25,43526,43780,42214,42299,140141,-0.028212373928825807
2022-01-26,42341,43780,42341,42934,109412,0.015012175228728886
2022-01-27,42933,43357,41113,41113,172976,-0.04241393767177526
2022-01-28,41113,42341,40308,42341,109898,0.02986889791550107
2022-02-03,42680,43781,42680,43104,77496,0.018020358517748747
2022-02-04,42849,43950,42849,43612,77996,0.011785449146251015
2022-02-07,43272,44373,43187,43950,86494,0.007750160506282633
2022-02-08,44373,45051,43780,44289,87519,0.007713310580204746
2022-02-09,44628,45390,43273,44120,147215,-0.0038158459211090623
2022-02-10,44119,44119,43187,43442,93190,-0.015367180417044435
2022-02-11,43018,43357,42256,42934,142266,-0.011693752589659767
2022-02-14,42045,42764,41621,41664,136074,-0.029580286020403412
2022-02-15,41664,42087,40732,40902,128088,-0.018289170506912478
2022-02-16,41240,43187,41240,42595,144168,0.04139161899173627
2022-02-17,42595,43865,40986,42680,128575,0.001995539382556588
2022-02-18,41918,43188,41833,43019,91702,0.007942830365510689
2022-02-21,42256,43527,41833,43273,83903,0.005904367837467062
2022-02-22,42256,42680,41875,41918,72525,-0.03131282786032863
2022-02-23,42130,42299,41791,42003,62661,0.0020277685004055357
2022-02-24,41578,41875,40647,40732,94851,-0.03025974335166537
2022-02-25,41410,41918,41198,41749,51802,0.024968084061671503
2022-02-28,41621,42129,41071,41918,55445,0.004048001149728142
2022-03-02,41578,43103,41578,42595,64051,0.016150579703230195
2022-03-03,42680,43357,42680,43019,43051,0.009954219978870693
2022-03-04,42933,43018,42086,42595,56057,-0.009856110090890047
2022-03-07,42129,42510,41494,42214,91985,-0.008944711820636275
2022-03-08,41748,42595,41282,42172,84081,-0.0009949305917468232
2022-03-10,42934,43527,42595,42850,78317,0.016077017926586334
2022-03-11,42595,43611,42595,43188,50746,0.007887981330221727
2022-03-14,43188,43357,42426,42511,41464,-0.01567565064369736
2022-03-15,42213,43865,42086,42595,54110,0.0019759591635106766
2022-03-16,43357,43357,42595,43188,35336,0.013921821810071622
2022-03-17,43696,44373,43611,43781,76122,0.013730665925720142
2022-03-18,43781,44035,43272,43527,48578,-0.005801603435280134
2022-03-21,43526,44035,43188,43527,43151,0.0
2022-03-22,43526,43865,43357,43527,28772,0.0
2022-03-23,43865,43865,43442,43442,36217,-0.001952810898982249
2022-03-24,43187,43696,42933,43696,42270,0.005846876294829828
2022-03-25,43781,44289,43527,43612,53366,-0.0019223727572318383
2022-03-28,43611,44035,43188,43866,52354,0.0058240851141888594
2022-03-29,44119,44204,43526,43696,49479,-0.0038754388364564685
2022-03-30,43950,44882,43865,44120,52243,0.009703405346027205
2022-03-31,44034,44458,43441,43696,62512,-0.009610154125113346
2022-04-01,43526,43696,43103,43442,54734,-0.005812889051629466
2022-04-04,43442,44628,43273,44374,76284,0.021453892546383635
2022-04-05,44204,45051,44204,44628,61139,0.0057240726551583965
2022-04-06,44288,45050,44119,44458,81621,-0.0038092677242986817
2022-04-07,44119,44204,42934,43019,77229,-0.03236762787349856
2022-04-08,43104,43442,42426,42850,55076,-0.00392849671075568
2022-04-11,43104,43527,42849,43104,47070,0.005927654609101607
2022-04-12,42764,44119,41875,42426,134338,-0.01572939866369716
2022-04-13,42679,43188,42214,43188,32472,0.017960684485928358
2022-04-14,43272,43780,43187,43442,46340,0.005881263313883389
2022-04-15,43019,44035,42849,43612,47704,0.003913263661893929
2022-04-18,43357,43611,42849,42934,45596,-0.01554617995047236
2022-04-19,43018,44289,42934,44289,63457,0.031560068943028874
2022-04-20,44288,44458,43611,44204,41083,-0.0019192124455282844
2022-04-21,44120,44204,43527,43612,34855,-0.013392453171658714
2022-04-22,43442,43442,42679,42934,44210,-0.01554617995047236
2022-04-25,42511,42595,41960,42257,48952,-0.015768388689616608
2022-04-26,42298,42510,42002,42087,58742,-0.004023002106159912
2022-04-27,41410,41579,40859,41410,96565,-0.01608572718416612
2022-04-28,41452,41536,41028,41198,42448,-0.005119536343878295
2022-04-29,41325,42172,41198,42172,40201,0.02364192436526036
2022-05-02,41833,42130,41410,42003,37335,-0.004007398273736085
2022-05-03,41960,42044,41579,41579,38700,-0.01009451705830533
2022-05-04,41537,41876,41325,41368,37627,-0.005074677120661897
2022-05-06,41282,41282,40647,40817,42457,-0.013319473989557129
2022-05-09,40478,40732,39207,39335,108070,-0.036308400911384986
2022-05-10,38530,39504,38107,39335,65981,0.0
2022-05-11,38615,38826,37683,37853,131374,-0.037676369645354035
2022-05-12,37387,37387,35481,35524,206248,-0.06152748791377172
2022-05-13,35736,36921,35736,36583,82382,0.029810832113500663
2022-05-16,36921,37514,36583,36583,38976,0.0
2022-05-17,36117,37091,36117,37091,32049,0.01388623130962463
2022-05-18,37260,37557,36964,37176,40765,0.0022916610498504575
2022-05-19,35990,36328,35778,35863,70394,-0.0353184850441145
2022-05-20,36075,36668,35990,36541,44492,0.01890527842065648
2022-05-23,36583,36879,36371,36583,46965,0.0011493938315865204
2022-05-24,36583,36625,35609,35694,52759,-0.024300904791843214
2022-05-25,35778,36752,35567,36541,62818,0.023729478343699206
2022-05-26,36540,37176,36456,36668,42685,0.00347554801455896
2022-05-27,36963,37260,36582,36752,43821,0.0022908257881530947
2022-05-30,37175,37980,37091,37684,58816,0.025359164127122247
2022-05-31,37641,37768,37048,37218,49077,-0.0123659908714574
2022-06-02,37218,37260,36879,37091,35773,-0.00341232736847763
2022-06-03,37513,37683,37302,37641,46491,0.014828395028443575
2022-06-07,37641,37641,37048,37091,28266,-0.014611726574745632
2022-06-08,37090,37472,37048,37218,30799,0.0034240112156587177
2022-06-09,37006,37430,36625,37430,58657,0.00569616852060828
2022-06-10,36879,37218,36582,37218,40811,-0.005663905957787874
2022-06-13,36286,36794,35101,35101,79637,-0.05688107904777262
2022-06-14,34042,35058,34042,34466,87242,-0.01809065268795762
2022-06-15,34211,34719,33449,33619,83053,-0.024574943422503326
2022-06-16,34042,34889,33704,33704,84637,0.0025283321931051095
2022-06-17,32772,33957,32772,33746,85707,0.001246142891051516
2022-06-20,33957,34042,32179,32603,104478,-0.033870680969596445
2022-06-21,32560,33026,32306,32518,103138,-0.002607122043983723
2022-06-22,32687,33365,31502,31587,136312,-0.028630297066240207
2022-06-23,31586,32179,30866,30994,139986,-0.018773546079083214
2022-06-24,31205,32814,31162,32687,92290,0.05462347551138924
2022-06-27,32899,33195,32433,32857,50196,0.005200844372380553
2022-06-28,32857,33450,32603,33196,46107,0.010317436162766036
2022-06-29,32602,33110,32390,32814,60293,-0.011507410531389373
2022-06-30,32814,33026,32306,32518,47465,-0.009020540013408906
2022-07-01,33110,33618,32094,32645,53090,0.003905529245340933
2022-07-04,33534,33661,32306,32645,55685,0.0
2022-07-05,33152,35905,32771,35397,158841,0.08430081176290405
2022-07-06,35566,36540,35185,35228,100130,-0.004774415910952956
2022-07-07,35440,35948,35355,35440,34001,0.00601794027478153
2022-07-08,35566,35608,34635,34635,64904,-0.022714446952595946
2022-07-11,34846,35100,34296,34381,49642,-0.007333622058611211
2022-07-12,34254,34423,32941,33111,114474,-0.036939007009685554
2022-07-13,33279,34423,32856,34296,71391,0.03578871070037137
2022-07-14,33915,35185,33619,34720,64348,0.01236295777933294
2022-07-15,34338,34635,33491,33746,70717,-0.028052995391705027
2022-07-18,34295,34677,33872,34423,35384,0.020061636934747717
2022-07-19,34635,34847,34042,34720,23612,0.008627952241234027
2022-07-20,35100,35524,34846,35228,42931,0.014631336405529938
2022-07-21,35228,35355,34804,34974,33999,-0.007210173725445634
2022-07-22,35059,35651,34677,34932,32835,-0.0012008920912678356
2022-07-25,34677,35059,34508,34805,21892,-0.003635634947898758
2022-07-26,34846,35397,34634,35143,29570,0.009711248383852844
2022-07-27,35101,35228,34804,34974,23391,-0.004808923540961185
2022-07-28,35270,35778,34762,34805,28515,-0.004832161033910931
2022-07-29,35100,35989,34973,35778,79737,0.027955753483694945
2022-08-01,35355,35567,35101,35313,35245,-0.012996813684387098
2022-08-02,35354,35396,34169,34169,76901,-0.03239600147254551
2022-08-03,34169,35058,34042,34847,60163,0.019842547338230654
2022-08-04,35143,36117,34974,35821,109538,0.027950756162653967
2022-08-05,35947,35947,35481,35524,29496,-0.008291225817258052
2022-08-08,35355,35482,34974,35440,23762,-0.0023645985812408288
2022-08-09,35355,35736,35143,35567,40790,0.0035835214446953145
2022-08-10,34677,34932,32814,33069,275713,-0.0702336435459836
2022-08-11,33576,34677,33237,34254,129639,0.035834164927878165
2022-08-12,34508,35228,34381,34847,86668,0.01731184679161557
2022-08-16,34847,35736,34720,35567,50599,0.020661749935432017
2022-08-17,35566,35736,35143,35355,35708,-0.005960581437849721
2022-08-18,35270,35354,34677,35016,47700,-0.009588459906661018
2022-08-19,35143,35143,34677,34720,41969,-0.008453278501256545
2022-08-22,34719,34804,34042,34042,69091,-0.01952764976958521
2022-08-23,33958,34466,33026,33069,96872,-0.02858233946301625
2022-08-24,33068,33450,33068,33323,32075,0.007680909613232867
2022-08-25,33703,34169,33364,34169,22188,0.02538787023977429
2022-08-26,34169,34338,33872,34169,27427,0.0
2022-08-29,33491,33618,32983,33280,45485,-0.026017735374169515
2022-08-30,34212,37260,33958,36541,483425,0.09798677884615392
2022-08-31,36498,36710,35905,36414,96823,-0.00347554801455896
2022-09-01,36074,36159,35439,35736,129476,-0.018619212390838635
2022-09-02,35736,36117,35651,35821,68030,0.0023785538392657735
2022-09-05,35990,36582,35524,35990,96351,0.004717902906116622
2022-09-06,36116,36286,35777,36032,46531,0.0011669908307863075
2022-09-07,36117,36329,35524,36287,61983,0.00707704262877451
2022-09-08,36328,37090,36201,36879,80029,0.01631438256124773
2022-09-13,37218,38192,37176,38023,145566,0.03102036389273022
2022-09-14,37260,37853,36667,37303,67241,-0.018935907214054692
2022-09-15,37472,37514,37091,37176,47567,-0.003404551912714826
2022-09-16,36922,37218,36540,36922,44912,-0.006832364966645188
2022-09-19,36794,37768,36497,37133,85208,0.005714750013542158
2022-09-20,37175,37979,36751,36879,74387,-0.00684027684270061
2022-09-21,37091,37260,36244,36456,53863,-0.011469942243553244
2022-09-22,36456,36583,35820,36456,61644,0.0
2022-09-23,36582,36582,35693,35736,73540,-0.01974983541803821
2022-09-26,35397,35863,35100,35355,131744,-0.010661517797179276
2022-09-27,35312,35820,35100,35609,108428,0.007184273794371476
2022-09-28,35396,35650,34168,34296,158785,-0.03687270072172766
2022-09-29,34719,36243,34719,35905,102450,0.046915092139024894
2022-09-30,35736,37430,35736,37176,122326,0.035398969502854705
2022-10-04,37684,37768,36498,36795,98446,-0.010248547449967726
2022-10-05,36879,39081,36667,38912,157371,0.05753499116727823
2022-10-06,38996,40351,38488,40013,164796,0.028294613486842035
2022-10-07,39674,40521,39632,39632,93422,-0.009521905380751261
2022-10-11,39504,39970,38488,39166,115316,-0.011758175211949995
2022-10-12,39122,39546,38403,39377,62356,0.0053873257417147435
2022-10-13,38827,39420,38573,38785,105543,-0.015034156995200276
2022-10-14,39462,39631,38996,39547,63124,0.01964677065875975
2022-10-17,39419,39674,38530,39547,67481,0.0
2022-10-18,39589,41113,39589,40944,130179,0.035325056262168975
2022-10-19,40986,41663,40562,40859,143271,-0.0020760062524423084
2022-10-20,40944,41071,40012,40394,71811,-0.011380601581047034
2022-10-21,40097,40605,39716,40267,65955,-0.003144031291775984
2022-10-24,40563,40859,40140,40140,49563,-0.0031539474010976454
2022-10-25,39885,40690,39716,40055,46240,-0.0021175884404583956
2022-10-26,39885,41156,39843,40648,62650,0.014804643615029311
2022-10-27,40944,41663,40478,40563,70155,-0.002091123794528582
2022-10-28,39885,40689,39885,40224,45626,-0.008357370017010535
2022-10-31,40647,40901,40096,40605,34779,0.009471957040572798
2022-11-01,40478,41282,40266,40944,38357,0.00834872552641297
2022-11-02,40647,41621,40477,41113,51813,0.0041275889019147805
2022-11-03,40816,41240,40308,40986,47253,-0.003089047259990707
2022-11-04,40732,40943,40012,40224,67417,-0.01859171424388817
2022-11-07,40351,40732,40139,40563,59132,0.008427804295942698
2022-11-08,40774,41536,40774,41198,65358,0.015654660651332586
2022-11-09,41494,42087,38572,38954,241713,-0.05446866352735569
2022-11-10,38911,40181,38657,40097,89377,0.029342301175745655
2022-11-11,40817,41198,40309,40648,102084,0.013741676434646077
2022-11-14,40647,40859,38699,38742,117766,-0.04689037591025391
2022-11-15,39081,40012,38954,39928,63798,0.03061277166898968
2022-11-16,40224,40563,39081,40267,60291,0.008490282508515357
2022-11-17,40562,40859,40096,40478,57231,0.00524002284749292
2022-11-18,40647,41071,40266,40775,77807,0.007337319037501899
2022-11-21,40732,41282,40435,40944,56540,0.0041446965052114315
2022-11-22,40902,40902,39335,39759,68756,-0.02894196951934347
2022-11-23,39843,40436,39462,40394,30645,0.015971226640508984
2022-11-24,40224,41495,40224,41368,64250,0.02411249195425058
2022-11-25,41367,41875,40986,41706,49469,0.008170566621543252
2022-11-28,41833,41876,41029,41749,43377,0.0010310267107849214
2022-11-29,41748,42044,41409,41833,31919,0.0020120242401016064
2022-11-30,41706,42003,41198,41241,50891,-0.014151507183324141
2022-12-01,41283,42214,41283,41495,43329,0.006158919521835005
2022-12-02,41282,42298,41282,42087,53384,0.014266779130015728
2022-12-05,42298,42679,41536,41579,41484,-0.012070235464632817
2022-12-06,41579,41579,40732,41452,29298,-0.0030544265133841675
2022-12-07,41663,42256,41409,42214,90954,0.018382707710122625
2022-12-08,42299,42341,41367,41749,58496,-0.011015302980054043
2022-12-09,42087,42087,41282,41664,45805,-0.0020359769096265357
2022-12-12,41918,42087,41240,41749,33739,0.002040130568356391
2022-12-13,42087,42087,41367,41749,45890,0.0
2022-12-14,42045,42045,41706,41876,41809,0.003041989029677339
2022-12-15,41960,41960,41156,41495,41338,-0.009098290190085012
2022-12-16,40858,41240,40858,41113,33757,-0.009205928425111476
2022-12-19,40901,41409,40732,41325,20737,0.005156519835575191
2022-12-20,41409,41409,40901,40986,22977,-0.008203266787658814
2022-12-21,41324,41324,40308,40732,20772,-0.006197238081296019
2022-12-22,40605,40944,40605,40902,35182,0.004173622704507496
2022-12-23,40563,40901,39547,39547,51816,-0.0331279644027187
2022-12-26,39547,39885,38573,39293,44503,-0.006422737502212561
2022-12-27,39335,40690,39250,40648,69105,0.03448451378108053
2022-12-28,40054,40859,39673,40690,52345,0.001033261169061106
2022-12-29,40775,41537,39674,40013,52289,-0.016637994593266203
2023-01-02,40605,40605,39080,39208,34254,-0.020118461500012508
2023-01-03,38700,39250,37599,38573,54344,-0.01619567435217306
2023-01-04,37895,38911,37344,38869,34221,0.007673761439348725
2023-01-05,38657,39377,38530,38912,39385,0.0011062800689496388
2023-01-06,38403,38700,38192,38192,48619,-0.01850328947368418
2023-01-09,38191,39165,38022,39123,39963,0.024376832844574814
2023-01-10,39250,40055,38869,39886,39140,0.019502594381821448
2023-01-11,39927,40266,39673,40182,20828,0.007421150278293043
2023-01-12,40393,42298,40266,41706,127278,0.03792743019262357
2023-01-13,41959,42510,41663,42214,63516,0.01218050160648354
2023-01-16,42045,42299,41240,41537,34185,-0.016037333586014113
2023-01-17,41282,41536,40901,41071,30832,-0.011218913258059127
2023-01-18,41113,41621,40943,41325,40021,0.006184412359085512
2023-01-19,40986,42130,40986,42130,29581,0.019479733817301836
2023-01-20,41960,42087,41198,41622,39993,-0.012057915974365008
2023-01-25,41621,42045,41452,42003,45059,0.009153812887415347
2023-01-26,41875,41918,40944,41537,47845,-0.011094445634835637
2023-01-27,41367,41749,41283,41495,32601,-0.0010111466884945575
2023-01-30,41240,41706,41240,41495,26905,0.0
2023-01-31,41579,41706,41155,41664,43932,0.004072779852994257
2023-02-01,41494,41790,40943,40986,50721,-0.01627304147465436
2023-02-02,41240,41452,40944,41283,29134,0.007246376811594235
2023-02-03,41113,41579,40859,41495,32933,0.0051352857108253325
2023-02-06,41410,41452,41028,41283,33230,-0.005109049283046119
2023-02-07,40943,42002,40943,41706,42165,0.010246348375844816
2023-02-08,41748,42934,41536,42934,108000,0.029444204670790786
2023-02-09,43019,43358,42511,43104,81466,0.003959565845250923
2023-02-10,42849,43188,41749,41749,69584,-0.03143559762435044
2023-02-13,41409,41536,39885,40097,94705,-0.03956981005533067
2023-02-14,40436,40605,39673,39928,60032,-0.004214779160535698
2023-02-15,39969,40181,39080,39123,42409,-0.020161290322580627
2023-02-16,39547,40267,39123,40267,49651,0.029241111366715256
2023-02-17,39801,39885,39292,39674,38635,-0.014726699282290756
2023-02-20,39462,40267,39377,40267,23481,0.014946816554922693
2023-02-21,40055,40309,39885,40267,30566,0.0
2023-02-22,39843,39843,39504,39801,34531,-0.011572751881193
2023-02-23,39674,40055,39165,39293,59931,-0.012763498404562701
2023-02-24,39293,39801,39123,39632,30410,0.00862749090168724
2023-02-27,39250,39504,38615,38954,28665,-0.017107387969317767
2023-02-28,38953,39208,38826,39208,22229,0.006520511372387849
2023-03-02,39250,39293,38827,39039,45410,-0.004310344827586188
2023-03-03,38996,39207,38445,38615,38731,-0.010860933937857031
2023-03-06,38954,38954,38234,38404,35763,-0.005464197850576169
2023-03-07,38530,38530,37768,38065,38275,-0.008827205499427171
2023-03-08,38065,38192,37472,38023,31621,-0.0011033758045448927
2023-03-09,37810,38191,37556,37980,34886,-0.0011308944586171377
2023-03-10,37514,37768,35990,36414,111454,-0.041232227488151696
2023-03-13,36625,36667,35270,35567,69608,-0.023260284505959294
2023-03-14,35566,35651,34889,35228,55713,-0.009531307110523746
2023-03-15,35397,35863,35227,35482,36854,0.007210173725445745
2023-03-16,35354,35566,34634,35397,42115,-0.002395580857899815
2023-03-17,35439,36116,35396,35905,36981,0.014351498714580302
2023-03-20,35905,36201,35524,35736,25414,-0.004706865339089261
2023-03-21,35778,36159,35269,35524,54280,-0.005932393104992162
2023-03-22,35567,35778,35016,35059,43904,-0.01308974214615466
2023-03-23,35058,35101,34508,34847,37832,-0.006046949428106907
2023-03-24,34507,34931,33661,34635,75210,-0.006083737480988338
2023-03-27,35100,35693,34931,35651,61896,0.029334488234444844
2023-03-28,35439,38954,35143,36583,207130,0.026142324198479727
2023-03-29,37514,37768,36794,37557,102494,0.026624388377115116
2023-03-30,37387,38530,37302,38361,90307,0.02140746065979715
2023-03-31,38446,38530,37302,37430,37584,-0.024269440316988633
2023-04-03,37429,37810,37175,37345,26823,-0.0022709056906224934
2023-04-04,37345,38276,37302,38192,35886,0.02268041237113394
2023-04-05,37938,38531,37853,38277,32885,0.0022255969836615375
2023-04-06,38276,38784,37895,38065,46641,-0.005538574078428282
2023-04-07,38065,38446,37853,38277,43657,0.005569420727702612
2023-04-10,38276,39715,37979,39377,98473,0.028737884369203437
2023-04-11,39377,39631,38741,38869,51444,-0.012900932016151612
2023-04-12,38869,38869,38276,38446,39946,-0.010882708585247869
2023-04-13,38403,38785,38234,38785,29055,0.00881756229516717
2023-04-14,38700,39420,38657,38912,38023,0.003274461776459958
2023-04-17,38869,39970,38869,39716,39666,0.020662006578947345
2023-04-18,39589,40182,39419,39674,47888,-0.0010575083089938708
2023-04-19,39928,40097,39589,39632,33816,-0.0010586278167061813
2023-04-20,39673,39800,38614,38869,43152,-0.019252119499394427
2023-04-21,38573,38869,37684,38404,31348,-0.011963261210733545
2023-04-24,38445,38572,37810,38361,33515,-0.0011196750338506867
2023-04-25,38360,38360,37386,37768,40189,-0.015458408279241942
2023-04-26,37810,38742,37514,38319,33914,0.014589070112264402
2023-04-27,37980,38319,37556,37684,43279,-0.016571413659020373
2023-04-28,37683,38445,37683,38361,28495,0.017965184163039938
2023-05-02,38191,39081,38149,38954,26441,0.015458408279241942
2023-05-03,38488,41071,38488,40563,77071,0.04130512912666218
2023-05-04,40266,40901,40266,40563,49265,0.0
2023-05-08,40986,41325,40182,40521,51674,-0.0010354263737889502
2023-05-09,40436,40520,39589,40182,34611,-0.008366032427630121
2023-05-10,39927,40478,39800,40309,22508,0.0031606191827187047
2023-05-11,40478,40859,40055,40521,35200,0.005259371356272746
2023-05-12,40562,40647,39250,39843,38669,-0.016732064855260242
2023-05-15,39632,39801,39208,39632,31700,-0.005295785959892552
2023-05-16,39376,39885,39334,39504,20674,-0.0032297133629390906
2023-05-17,39546,39758,39292,39589,15371,0.002151680842446435
2023-05-18,39461,39673,39207,39589,22180,0.0
2023-05-19,39377,40309,39377,40055,29923,0.011770946475030852
2023-05-22,40055,40266,39631,39801,23741,-0.006341280738983879
2023-05-23,39800,39800,38657,38869,50440,-0.023416497072937914
2023-05-24,39123,39758,38530,39589,30625,0.018523759294039044
2023-05-25,39292,39758,38614,38742,37500,-0.021394831897749378
2023-05-26,38742,38742,37683,38107,64362,-0.016390480615352865
2023-05-30,38107,38446,37768,38065,24826,-0.0011021597081900536
2023-05-31,37683,38149,37641,37641,46448,-0.011138841455405224
2023-06-01,37598,37895,37175,37387,48946,-0.006747960999973435
2023-06-02,37429,37938,36794,37811,58165,0.01134084039906913
2023-06-05,37726,37895,37302,37557,26956,-0.006717621856073608
2023-06-07,37811,37853,37133,37176,34920,-0.010144580238038214
2023-06-08,37175,37599,36836,37218,37983,0.001129761136216878
2023-06-09,37429,37471,37006,37006,43753,-0.00569616852060828
2023-06-12,37260,37260,36286,36541,53083,-0.012565529914068008
2023-06-13,36541,37303,36498,36541,27690,0.0
2023-06-14,36583,36752,36413,36583,29975,0.0011493938315865204
2023-06-15,36667,36667,35482,35567,77313,-0.027772462619249372
2023-06-16,35566,36201,35354,35863,49794,0.00832232125284671
2023-06-19,35862,36074,35693,35905,27074,0.0011711234419875538
2023-06-20,35990,36286,35651,35863,28834,-0.001169753516223393
2023-06-21,36032,36032,35566,35821,39489,-0.0011711234419875538
2023-06-22,36540,36879,36117,36668,43873,0.023645347701069186
2023-06-23,36497,36963,36074,36879,44992,0.005754336205956223
2023-06-26,36497,36794,36074,36159,29558,-0.019523305946473557
2023-06-27,36370,36921,36032,36879,26957,0.019912055090019143
2023-06-28,36625,37260,36244,36329,27601,-0.014913636486889592
2023-06-29,36159,36624,35651,35651,25296,-0.01866277629442048
2023-06-30,35990,35990,34720,35694,41031,0.0012061372752516508
2023-07-03,35693,36710,35693,36329,35535,0.017790104779514815
2023-07-04,36117,36455,35524,35609,32661,-0.019818877480800468
2023-07-05,35397,35608,35016,35016,32385,-0.016653093319104695
2023-07-06,35736,35736,34508,34974,49041,-0.0011994516792322996
2023-07-07,34804,34889,34296,34889,48420,-0.00243037685137526
2023-07-10,34974,35355,34635,35059,39966,0.0048725959471467295
2023-07-11,35058,35524,35058,35228,19223,0.0048204455346700925
2023-07-12,35736,35821,35312,35694,20878,0.013228114000227054
2023-07-13,35694,37133,35694,36922,55308,0.034403541211408095
2023-07-14,37049,37133,36583,37049,31257,0.0034396836574399625
2023-07-17,36879,37133,36667,37049,25819,0.0
2023-07-18,37006,37048,35609,35609,54870,-0.03886744581500179
2023-07-19,35566,35989,35015,35143,31560,-0.013086579235586537
2023-07-20,34931,35524,34889,35101,27520,-0.0011951170930198929
2023-07-21,35185,35270,34804,34847,24179,-0.007236261075183048
2023-07-24,34889,34973,33872,34000,47565,-0.024306253049042992
2023-07-25,33703,34084,32898,33407,85355,-0.017441176470588182
2023-07-26,33068,33238,32179,32857,94996,-0.01646361540994401
2023-07-27,32645,34339,32645,34085,45571,0.03737407553945893
2023-07-28,33745,34465,33745,34042,17780,-0.0012615520023471216
2023-07-31,34085,34339,33746,33958,41853,-0.002467540097526588
2023-08-01,33830,35820,33830,35397,45421,0.042375876082219266
2023-08-02,35228,35439,34465,34593,22709,-0.022713789304178333
2023-08-03,34593,34974,34169,34593,22905,0.0
2023-08-04,34339,34805,34296,34678,21004,0.002457144509004694
2023-08-07,34466,35186,34254,34805,30981,0.0036622642597612387
2023-08-08,35142,35142,34465,34550,20159,-0.007326533544031011
2023-08-09,35820,36836,35566,36371,95929,0.05270622286541249
2023-08-10,36583,36583,35863,36287,42317,-0.0023095323197052098
2023-08-11,35736,37599,35736,37430,68908,0.031498883897814745
2023-08-14,37387,37683,36836,37218,32032,-0.005663905957787874
2023-08-16,37133,37218,36413,36837,38112,-0.01023698210543289
2023-08-17,36794,36794,35862,36159,32929,-0.01840540760648257
2023-08-18,36032,36117,35651,35990,29399,-0.004673801819740642
2023-08-21,36074,36328,35862,36117,17686,0.003528757988330078
2023-08-22,35989,36328,35142,35778,25695,-0.009386161641332325
2023-08-23,35566,36244,35270,35948,14276,0.004751523282463976
2023-08-24,35736,35948,35270,35440,28600,-0.014131523311449845
2023-08-25,35186,35440,34635,34932,43303,-0.014334085778781036
2023-08-28,35101,35440,34762,34932,29500,0.0
2023-08-29,35015,36159,35015,35651,32623,0.02058284667353716
2023-08-30,35735,36159,35608,35651,20838,0.0
2023-08-31,35947,36159,35481,36159,26806,0.014249249670416075
2023-09-01,35820,36286,35820,35990,19488,-0.004673801819740642
2023-09-04,35778,35863,34550,35482,25069,-0.014115031953320312
2023-09-05,35185,35481,34719,34762,39018,-0.02029197903162172
2023-09-06,34761,34888,34296,34296,40113,-0.013405442724814476
2023-09-07,34126,34508,34126,34381,20134,0.0024784231397247947
2023-09-08,34593,34678,34085,34678,22609,0.008638492190454095
2023-09-11,34720,34889,34508,34805,15861,0.0036622642597612387
2023-09-12,34719,35566,34719,35270,26047,0.013360149403821353
2023-09-13,35143,35567,34847,35059,25829,-0.005982421321236164
2023-09-14,35058,35694,34762,35694,56571,0.018112324937961777
2023-09-15,35778,35778,35269,35651,30773,-0.001204684260660005
2023-09-18,35524,35608,34931,35143,26074,-0.014249249670415964
2023-09-19,35016,35312,34804,35101,25880,-0.0011951170930198929
2023-09-20,35058,35567,34974,35567,26709,0.013275975043446131
2023-09-21,35228,35482,34889,34974,33231,-0.016672758455872017
2023-09-22,34804,34973,34211,34254,34474,-0.02058672156459085
2023-09-25,34380,34380,33957,34042,22672,-0.006189058212179632
2023-09-26,34042,34042,33491,33619,32858,-0.01242582691968741
2023-09-27,33534,34127,33407,33873,21699,0.007555251494690607
2023-10-04,33830,33830,33195,33238,38202,-0.018746494257963597
2023-10-05,33323,33704,33026,33069,24965,-0.0050845417895180045
2023-10-06,33068,33534,32984,33196,29024,0.0038404548066164335
2023-10-10,33618,33703,32686,32814,38393,-0.011507410531389373
2023-10-11,33025,34169,33025,33661,43024,0.02581215334918019
2023-10-12,33618,33872,33406,33661,28471,0.0
2023-10-13,33280,33534,33026,33069,25839,-0.017587118623926812
2023-10-16,33026,33238,32687,33238,43097,0.005110526474946253
2023-10-17,33407,33788,33237,33492,20735,0.007641855707323009
2023-10-18,33153,33577,33153,33450,13680,-0.0012540308133285327
2023-10-19,33110,33364,32687,32772,49429,-0.02026905829596415
2023-10-20,32687,33915,32264,33450,62577,0.02068839253020882
2023-10-23,33492,33577,33153,33450,18019,0.0
2023-10-24,33745,33915,33025,33661,18852,0.0063079222720479056
2023-10-25,33618,34381,33618,34127,28558,0.013843914322212658
2023-10-26,33788,34931,33788,34508,43480,0.011164180853869388
2023-10-27,34846,35058,34380,34550,35050,0.001217109076156353
2023-10-30,34296,34762,33830,33958,32386,-0.01713458755426922
2023-10-31,33958,35313,33958,35059,67858,0.03242240414629838
2023-11-01,35058,37683,35058,37641,170730,0.07364728029892476
2023-11-02,37726,38319,36879,38023,116267,0.010148508275550583
2023-11-03,37726,38065,36964,37430,44421,-0.015595823580464407
2023-11-06,37895,37895,36794,37514,43272,0.002244189153085774
2023-11-07,37090,37344,36667,36752,34611,-0.020312416697766178
2023-11-08,36921,38615,36836,37980,83074,0.03341314758380487
2023-11-09,38699,40224,38699,40097,187035,0.05573986308583456
2023-11-10,39674,40097,38192,38531,137334,-0.0390552909195202
2023-11-13,38869,40351,38869,39801,102800,0.03296047338506658
2023-11-14,39927,40139,38826,39081,56068,-0.018089997738750307
2023-11-15,39504,40435,39038,40224,78695,0.029246948645121673
2023-11-16,40181,40224,38911,38954,60866,-0.031573190135242624
2023-11-17,39038,39462,38657,38954,49669,0.0
2023-11-20,39547,39801,38954,39293,50361,0.008702572264722486
2023-11-21,39292,39716,38911,38954,47808,-0.008627490901687351
2023-11-22,38572,39208,38403,39208,40448,0.006520511372387849
2023-11-23,39589,39885,39165,39462,53976,0.00647826974086918
2023-11-24,39674,39716,39165,39293,24310,-0.004282600983224416
2023-11-27,39292,39461,38445,38615,30630,-0.01725498180337459
2023-11-28,38869,39377,38615,39039,39120,0.010980189045707522
2023-11-29,38658,39293,38361,38531,31804,-0.01301262839724382
2023-11-30,38827,38827,37514,38065,75056,-0.01209415795074098
2023-12-01,37980,38785,37684,38658,28132,0.015578615526073758
2023-12-04,38784,38784,38191,38573,54647,-0.0021987686895338365
2023-12-05,38319,39674,38149,39166,52907,0.015373447748425084
2023-12-06,39546,39546,38995,39377,25105,0.0053873257417147435
2023-12-07,39165,39843,38700,39674,49348,0.007542474033064961
2023-12-08,39674,39843,39123,39547,36799,-0.003201088874325797
2023-12-11,39843,39843,39250,39462,20274,-0.0021493412901104625
2023-12-12,39377,39970,39377,39759,125874,0.0075262277634180474
2023-12-13,39758,41155,39419,40732,95744,0.02447244649010294
2023-12-14,40901,41028,39970,40309,67587,-0.01038495531768635
2023-12-15,40309,40436,39589,39674,29664,-0.015753305713364307
2023-12-18,39673,39927,39504,39589,26857,-0.0021424610576196157
2023-12-19,39419,40478,39377,40436,20270,0.021394831897749267
2023-12-20,40647,40901,40266,40732,44583,0.007320209714116066
2023-12-21,40266,41748,40224,41579,86290,0.020794461357164007
2023-12-22,41579,41833,41155,41325,52883,-0.006108853026768335
2023-12-26,41663,41706,40732,41706,33381,0.009219600725952848
2023-12-27,41494,41494,40435,40944,49665,-0.0182707524097252
2023-12-28,40690,40986,40097,40267,35053,-0.01653477921062918
2024-01-02,40139,41070,40139,40732,28999,0.011547917649688433
2024-01-03,41282,44035,40986,43019,191745,0.05614750073652175
2024-01-04,43273,43357,41325,41537,77059,-0.03444989423278089
2024-01-05,41664,42214,41113,41410,50723,-0.003057514986638421
2024-01-08,41410,41833,40817,41241,37860,-0.004081139821299207
2024-01-09,41664,41664,41113,41156,25258,-0.0020610557454959766
2024-01-10,41155,41875,40901,41410,37720,0.006171639615123015
2024-01-11,41621,43103,41282,42299,79010,0.02146824438541417
2024-01-12,42680,43442,42341,43358,76375,0.025036052861769686
2024-01-15,42765,43696,42426,42850,52840,-0.011716407583375665
2024-01-16,42595,43188,42595,42850,79586,0.0
2024-01-17,42800,42900,39900,40000,68487,-0.06651108518086346
2024-01-18,40750,40750,39300,39600,29642,-0.010000000000000009
2024-01-19,39600,40750,39600,39950,21307,0.008838383838383868
2024-01-22,40300,40300,39500,39500,26376,-0.01126408010012514
2024-01-23,39850,40700,39400,40450,23303,0.02405063291139231
2024-01-24,40750,40750,40050,40350,16687,-0.0024721878862793423
2024-01-25,40350,41100,40150,41000,21870,0.01610904584882289
2024-01-26,40600,41350,40550,40800,11332,-0.004878048780487809
2024-01-29,41000,41050,40300,40300,22713,-0.01225490196078427
2024-01-30,40300,42800,40200,42500,60756,0.05459057071960305
2024-01-31,42300,42700,41300,42000,33480,-0.0117647058823529
2024-02-01,41450,44300,41450,43100,73789,0.026190476190476097
2024-02-02,43050,43600,42400,42850,32465,-0.0058004640371229765
2024-02-05,43150,43450,42400,43300,40367,0.010501750291715295
2024-02-06,42900,43700,42600,42800,29514,-0.011547344110854452
2024-02-07,43050,43300,42500,43300,22024,0.011682242990654235
2024-02-08,42850,43250,42250,42500,42893,-0.018475750577367167
2024-02-13,42700,43250,42650,42800,42335,0.007058823529411784
2024-02-14,43900,44300,42000,42700,126954,-0.002336448598130869
2024-02-15,43450,46950,43150,46000,433421,0.07728337236533966
2024-02-16,46000,47650,45300,47100,183284,0.023913043478260843
2024-02-19,47000,47850,46850,47050,76991,-0.0010615711252653925
2024-02-20,47250,47500,45800,46500,87607,-0.011689691817215686
2024-02-21,46700,48700,46150,48600,220244,0.04516129032258065
2024-02-22,48500,49500,47600,48750,128907,0.0030864197530864335
2024-02-23,48550,48550,47600,47700,56619,-0.021538461538461506
2024-02-26,47700,47950,46750,46850,64973,-0.017819706498951815
2024-02-27,47000,47450,45600,46050,90124,-0.01707577374599789
2024-02-28,46200,46900,45150,46700,71399,0.014115092290988063
2024-02-29,46300,46800,45750,46350,65168,-0.00749464668094213
2024-03-04,46500,46900,46000,46450,60020,0.0021574973031284195
2024-03-05,45950,46200,45400,45950,52314,-0.01076426264800856
2024-03-06,45600,46200,45350,45600,39988,-0.007616974972796564
2024-03-07,45800,46700,45450,46100,77838,0.010964912280701844
2024-03-08,46100,46550,45850,46150,57966,0.0010845986984815426
2024-03-11,46850,47400,46250,46600,54876,0.009750812567713929
2024-03-12,47000,47150,46000,46600,68501,0.0
2024-03-13,47000,47000,46300,46600,25858,0.0
2024-03-14,46950,47150,41050,41100,524134,-0.11802575107296143
2024-03-15,41850,44050,41600,42800,248844,0.041362530413625365
2024-03-18,42750,43000,41900,42400,56136,-0.009345794392523366
2024-03-19,42300,42950,42100,42100,38355,-0.007075471698113178
2024-03-20,42500,42650,41950,42300,45318,0.004750593824228044
2024-03-21,42550,42850,41950,42400,40325,0.0023640661938533203
2024-03-22,42100,42900,41950,42250,38515,-0.003537735849056589
2024-03-25,42250,43100,42000,42550,32342,0.007100591715976323
2024-03-26,43000,43250,42200,42900,41719,0.008225616921269108
2024-03-27,42500,43500,42500,43000,72230,0.002331002331002363
2024-03-28,43000,43800,42050,42350,76149,-0.015116279069767424
2024-03-29,42450,42450,40900,41350,77049,-0.023612750885478206
2024-04-01,41500,42100,41300,41800,47609,0.010882708585247869
2024-04-02,41650,42400,41250,41400,66051,-0.009569377990430672
2024-04-03,41400,41400,40400,40500,54624,-0.021739130434782594
2024-04-04,40750,40950,40150,40350,40499,-0.0037037037037036535
2024-04-05,40000,40500,39750,40350,57817,0.0
2024-04-08,40100,40500,39900,40100,18076,-0.006195786864931829
2024-04-09,40500,40600,40000,40200,20164,0.0024937655860348684
2024-04-11,39650,40000,39300,39400,50310,-0.01990049751243783
2024-04-12,39700,40350,39550,40050,57950,0.016497461928933976
2024-04-15,40050,40200,39200,39550,48035,-0.012484394506866447
2024-04-16,39050,40800,39000,40550,52092,0.025284450063211228
2024-04-17,40550,41250,40450,40700,33874,0.0036991368680641123
2024-04-18,40450,41000,40400,40650,25584,-0.0012285012285012664
2024-04-19,40300,40950,39800,40700,37852,0.0012300123001229846
2024-04-22,41100,42250,40800,41900,52261,0.029484029484029506
2024-04-23,42600,45300,42350,43950,226090,0.04892601431980914
2024-04-24,44450,45000,43750,44200,68551,0.005688282138794021
2024-04-25,43800,44550,43650,44150,25102,-0.0011312217194570096
2024-04-26,43850,44200,43850,44000,18733,-0.003397508493771184
2024-04-29,44100,44500,43700,44500,57070,0.011363636363636465
2024-04-30,44500,44700,43400,43750,60589,-0.016853932584269704
2024-05-02,43500,44100,43500,43900,23846,0.0034285714285713365
2024-05-03,44050,44050,43250,43500,42627,-0.009111617312072884
2024-05-07,43800,44100,43450,43600,35484,0.0022988505747125743
2024-05-08,43400,43900,43200,43350,28334,-0.005733944954128489
2024-05-09,45150,45750,44250,44900,214277,0.035755478662053086
2024-05-10,44900,45750,44500,45550,180574,0.014476614699331813
2024-05-13,45850,48900,45650,48000,232772,0.053787047200878124
2024-05-14,48000,48200,46750,47450,83468,-0.011458333333333348
2024-05-16,47750,47800,46250,46400,68417,-0.02212855637513167
2024-05-17,46400,47150,45550,46400,73562,0.0
2024-05-20,46850,46850,44850,45250,92621,-0.024784482758620663
2024-05-21,44950,45950,44450,44950,59067,-0.006629834254143652
2024-05-22,44950,45550,44700,45200,37783,0.005561735261401468
2024-05-23,45000,45300,44300,45000,42709,-0.004424778761061954
2024-05-24,44600,45000,44200,44650,31528,-0.007777777777777772
2024-05-27,44900,45400,44450,44550,43700,-0.002239641657334812
2024-05-28,44600,44700,43450,43800,52825,-0.01683501683501687
2024-05-29,43400,43750,42900,43100,78646,-0.01598173515981738
2024-05-30,42750,43700,42750,43400,25186,0.006960556844547661
2024-05-31,43650,44250,43350,44250,43738,0.019585253456221308
2024-06-03,44400,45150,44250,45100,48387,0.019209039548022666
2024-06-04,44700,45000,44100,44200,26818,-0.019955654101995512
2024-06-05,44150,44250,43550,43600,29254,-0.013574660633484115
2024-06-07,43600,45100,43550,44600,56106,0.022935779816513735
2024-06-10,44200,44600,43650,44200,35537,-0.008968609865470878
2024-06-11,44150,44400,43600,43900,22692,-0.006787330316742057
2024-06-12,43600,44100,43600,44100,16105,0.004555808656036442
2024-06-13,43950,44250,43500,43500,50858,-0.013605442176870763
2024-06-14,43400,43650,42900,43200,50322,-0.006896551724137945
2024-06-17,43050,43900,43050,43800,23114,0.01388888888888884
2024-06-18,43750,44300,43400,44050,28331,0.005707762557077611
2024-06-19,44300,45100,43900,44500,75014,0.010215664018161208
2024-06-20,44750,45750,44150,45700,85736,0.026966292134831482
2024-06-21,45500,46000,44800,45400,47065,-0.006564551422319487
2024-06-24,45500,46650,44950,45750,71843,0.007709251101321479
2024-06-25,46200,47500,46000,47200,95778,0.03169398907103815
2024-06-26,46900,47550,46400,46450,72524,-0.01588983050847459
2024-06-27,46250,46700,45400,45650,45904,-0.017222820236813763
2024-06-28,45700,46650,45700,46100,37989,0.009857612267250904
2024-07-01,46150,46250,45150,45800,52889,-0.006507592190889366
2024-07-02,45500,46150,45050,45950,43690,0.0032751091703056012
2024-07-03,45850,45950,44950,45200,43180,-0.016322089227421066
2024-07-04,45300,45750,44800,45250,34356,0.0011061946902655162
2024-07-05,45500,45800,45100,45450,39178,0.0044198895027625085
2024-07-08,45250,46700,44950,46350,49608,0.01980198019801982
2024-07-09,46550,46550,45800,46050,30902,-0.006472491909385147
2024-07-10,46000,46600,45550,46300,33977,0.005428881650380024
2024-07-11,46400,46600,45850,46300,52680,0.0
2024-07-12,46350,48250,46250,46450,87373,0.003239740820734305
2024-07-15,46850,47250,46050,46950,56965,0.010764262648008671
2024-07-16,47200,47850,46250,46400,59908,-0.011714589989350377
2024-07-17,46400,46750,45600,45600,36840,-0.017241379310344862
2024-07-18,45750,45750,45050,45600,46485,0.0
2024-07-19,45250,46350,44900,46200,33961,0.013157894736842035
2024-07-22,46300,46650,45650,46200,41691,0.0
2024-07-23,46300,47100,46300,46450,44296,0.005411255411255311
2024-07-24,46450,46450,46000,46150,30637,-0.006458557588805203
2024-07-25,46150,46200,44800,45000,50356,-0.024918743228602436
2024-07-26,45450,45700,45000,45300,21736,0.006666666666666599
2024-07-29,45450,45450,44600,45050,28393,-0.0055187637969095205
2024-07-30,44850,45950,44700,45750,35895,0.015538290788013276
2024-07-31,46100,46600,45650,46500,37016,0.016393442622950838
2024-08-01,46350,47100,46200,46800,43655,0.006451612903225712
2024-08-02,46250,46600,45200,45500,42374,-0.02777777777777779
2024-08-05,44650,44650,40500,42000,204341,-0.07692307692307687
2024-08-06,42850,44000,42000,42850,66431,0.020238095238095166
2024-08-07,42550,44050,42250,43250,41260,0.009334889148191472
2024-08-08,42950,44150,42750,43950,36219,0.016184971098266
2024-08-09,44100,44850,44050,44200,28413,0.005688282138794021
2024-08-12,44550,44950,44300,44950,21182,0.016968325791855143
2024-08-13,46700,47650,45800,46300,212825,0.030033370411568505
2024-08-14,46450,46450,43950,45250,132596,-0.022678185745140356
2024-08-16,45600,46050,45050,45200,44564,-0.0011049723756906271
2024-08-19,45500,46150,44850,45300,59232,0.0022123893805310324
2024-08-20,45400,47400,45200,47350,117701,0.045253863134657735
2024-08-21,47450,47450,46300,47000,55415,-0.007391763463569179
2024-08-22,47400,49200,47050,49150,194525,0.04574468085106376
2024-08-23,49150,50800,49150,50100,144001,0.019328585961342792
2024-08-26,50500,50800,49500,50300,69077,0.003992015968063978
2024-08-27,50500,50500,49700,50200,46861,-0.001988071570576566
2024-08-28,50300,50500,49800,50100,41624,-0.0019920318725099584
2024-08-29,50000,50100,48750,49450,46230,-0.012974051896207595
2024-08-30,50000,50000,48500,49200,52989,-0.005055611729019249
2024-09-02,49450,51200,48950,49700,93732,0.010162601626016343
2024-09-03,50000,50700,49800,50100,41170,0.008048289738430636
2024-09-04,49000,49500,48500,48950,55046,-0.022954091816367317
2024-09-05,48850,50700,48800,50300,111690,0.027579162410623193
2024-09-06,50400,50600,49100,49400,49922,-0.017892644135188873
2024-09-09,48700,49500,48500,49050,30589,-0.007085020242915019
2024-09-10,49050,49300,47250,47750,48662,-0.02650356778797147
2024-09-11,47750,48250,47150,47800,39688,0.0010471204188482464
2024-09-12,48050,48450,47450,48450,39694,0.013598326359832713
2024-09-13,48600,48650,47650,48450,30553,0.0
2024-09-19,49500,49800,48150,48450,73828,0.0
2024-09-20,48850,49650,48550,49450,75011,0.02063983488132104
2024-09-23,49600,49750,49000,49400,39778,-0.0010111223458038054
2024-09-24,49600,49600,48450,49300,61589,-0.002024291497975672
2024-09-25,49300,49650,48450,48600,61569,-0.014198782961460488
2024-09-26,49000,49000,48450,48700,51470,0.002057613168724215
2024-09-27,48950,49350,48650,48850,38834,0.0030800821355236874
2024-09-30,49200,51400,49000,50000,107954,0.023541453428863823
2024-10-02,49900,49900,49000,49350,62088,-0.013000000000000012
2024-10-04,49450,49900,48850,49500,33441,0.003039513677811634
2024-10-07,49600,49950,48700,49350,40348,-0.00303030303030305
2024-10-08,49350,50800,49050,50500,79039,0.023302938196555267
2024-10-10,50500,50500,49800,49900,39543,-0.011881188118811892
2024-10-11,50200,50300,49550,49750,36823,-0.0030060120240480437
2024-10-14,49750,50200,49450,50100,23156,0.007035175879396949
2024-10-15,50200,51700,50200,51600,105377,0.029940119760478945
2024-10-16,51700,52700,51300,52300,76934,0.013565891472868241
2024-10-17,52700,53200,51900,52000,64735,-0.005736137667303964
2024-10-18,52000,52400,51200,51500,40527,-0.009615384615384581
2024-10-21,51300,51600,50300,50800,61826,-0.013592233009708687
2024-10-22,50600,51100,50300,50800,39565,0.0
2024-10-23,50700,51400,50500,50800,46249,0.0
2024-10-24,50800,51000,49350,50200,46606,-0.011811023622047223
2024-10-25,50000,50900,49700,50200,26093,0.0
2024-10-28,50000,50600,50000,50500,25694,0.005976095617529875
2024-10-29,50200,51000,50200,50600,20053,0.001980198019801982
2024-10-30,50900,52300,50500,52100,67324,0.029644268774703608
2024-10-31,51900,53300,51800,53200,92442,0.02111324376199608
2024-11-01,52800,53700,52400,53200,58117,0.0
2024-11-04,53400,53800,52500,52800,47357,-0.007518796992481258
2024-11-05,52900,53200,51300,51600,39967,-0.022727272727272707
2024-11-06,51900,52700,51500,52700,49273,0.02131782945736438
2024-11-07,52300,52400,50900,51100,44181,-0.030360531309297945
2024-11-08,51400,51400,50100,50700,50355,-0.007827788649706457
2024-11-11,50000,51000,50000,50100,39978,-0.011834319526627168
2024-11-12,49500,49550,45800,47150,182362,-0.05888223552894212
2024-11-13,46700,49200,46500,48550,80326,0.02969247083775195
2024-11-14,48950,48950,46900,47300,74840,-0.025746652935118464
2024-11-15,47300,47600,46550,47000,46271,-0.006342494714587699
2024-11-18,46550,48350,46200,47600,29432,0.012765957446808418
2024-11-19,47350,47800,47250,47550,15319,-0.0010504201680672232
2024-11-20,47350,48100,47200,47800,23686,0.00525762355415349
2024-11-21,48050,48900,47550,48500,27213,0.014644351464435212
2024-11-22,48750,49300,48450,48900,27943,0.008247422680412342
2024-11-25,49250,49300,48800,49250,27697,0.007157464212679043
2024-11-26,48800,49350,48300,49350,21462,0.0020304568527917954
2024-11-27,49250,49800,48950,49350,27253,0.0
2024-11-28,49400,50100,49150,49900,33272,0.011144883485308954
2024-11-29,50100,51600,49650,51300,53456,0.028056112224448926
2024-12-02,51300,52000,50500,50800,37427,-0.00974658869395717
2024-12-03,51200,52100,50900,51700,39316,0.017716535433070835
2024-12-04,50600,52800,49950,52100,79927,0.007736943907156624
2024-12-05,52100,53300,52000,52900,64822,0.015355086372360827
2024-12-06,53200,53400,51800,53200,59578,0.005671077504725952
2024-12-09,53200,53200,51700,51900,72943,-0.024436090225563922
2024-12-10,51900,53900,51300,53400,48025,0.028901734104046284
2024-12-11,53500,54700,53200,53500,75567,0.001872659176029856
2024-12-12,53900,54000,53200,53400,44914,-0.0018691588785046953
2024-12-13,53300,54900,53300,54700,56705,0.02434456928838946
2024-12-16,55100,55100,53700,54300,41494,-0.007312614259597838
2024-12-17,54300,54400,53200,53700,37522,-0.011049723756906049
2024-12-18,53600,53900,52100,52800,39289,-0.016759776536312887
2024-12-19,52800,54500,51800,54400,95507,0.030303030303030276
2024-12-20,54400,55800,53300,53800,76270,-0.011029411764705843
2024-12-23,54200,55300,53900,55200,40530,0.026022304832713727
2024-12-24,55200,55300,54200,54800,31044,-0.007246376811594235
2024-12-26,54600,55000,54200,54300,24095,-0.009124087591240837
2024-12-27,54100,54300,52600,53000,54436,-0.023941068139963217
2024-12-30,53400,54300,52800,53900,43879,0.016981132075471805
2025-01-02,53900,54300,51900,52500,56352,-0.025974025974025983
2025-01-03,52300,54000,52100,52300,45531,-0.003809523809523818
2025-01-06,52300,52500,51400,52100,42775,-0.003824091778202643
2025-01-07,52000,52300,51300,51800,31012,-0.0057581573896353655
2025-01-08,51900,53000,50500,50700,70600,-0.021235521235521193
2025-01-09,50600,51200,50400,51000,50662,0.00591715976331364
2025-01-10,50700,51000,49600,49750,66792,-0.02450980392156865
2025-01-13,49700,50100,49250,49950,45560,0.004020100502512669
2025-01-14,50000,50000,49350,49650,38842,-0.006006006006005982
2025-01-15,49650,49900,49450,49800,24748,0.0030211480362538623
2025-01-16,49850,50100,49650,50100,33633,0.006024096385542244
2025-01-17,49950,51000,49950,50800,52701,0.013972055888223478
2025-01-20,50800,51000,50400,50600,21560,-0.003937007874015741
2025-01-21,50700,51800,50500,51700,41364,0.021739130434782705
2025-01-22,51900,51900,50800,51700,42915,0.0
2025-01-23,51500,51800,50600,50600,25352,-0.021276595744680882
2025-01-24,50500,51000,49600,49950,30367,-0.012845849802371578
2025-01-31,50200,50200,48850,49000,54822,-0.019019019019019034
2025-02-03,48400,48850,47450,47850,68807,-0.02346938775510199
2025-02-04,48300,48650,47750,48050,46497,0.004179728317659448
2025-02-05,48050,49300,48000,49000,31190,0.019771071800208206
2025-02-06,49250,49550,48800,49200,29100,0.004081632653061273
2025-02-07,48900,49500,48900,49150,22440,-0.00101626016260159
2025-02-10,48850,50300,48650,49300,36367,0.003051881993896277
2025-02-11,50100,50100,49100,49600,34462,0.006085192697768749
2025-02-12,49500,49500,47500,49150,126801,-0.009072580645161255
2025-02-13,49300,50100,48850,49150,50701,0.0
2025-02-14,49200,50200,49200,49700,56498,0.011190233977619535
2025-02-17,49950,50000,48900,48950,37955,-0.015090543259557387
2025-02-18,49000,49300,48350,48750,47956,-0.0040858018386108474
2025-02-19,48750,49950,48600,49750,48320,0.02051282051282044
2025-02-20,49400,49700,49200,49700,34807,-0.0010050251256281673
2025-02-21,49750,50300,49400,49550,34929,-0.003018108651911433
2025-02-24,49700,49750,48950,49250,43218,-0.006054490413723523
2025-02-25,49000,49350,48750,49200,30550,-0.0010152284263958977
2025-02-26,49300,49500,48750,49400,50990,0.004065040650406582
2025-02-27,48800,48950,48200,48700,55569,-0.014170040485829927
2025-02-28,48400,48750,47800,47900,79818,-0.01642710472279263
2025-03-04,47650,48350,47250,47300,43194,-0.012526096033402934
2025-03-05,47150,47750,46950,47150,36401,-0.003171247357293905
2025-03-06,47350,47500,47000,47300,16993,0.0031813361611876534
2025-03-07,47100,47450,47000,47000,25439,-0.006342494714587699
2025-03-10,46850,47250,46600,47000,29135,0.0
2025-03-11,46300,46650,45550,45950,69401,-0.022340425531914843
2025-03-12,46050,48000,46050,47600,57303,0.0359085963003265
2025-03-13,47600,50300,47450,50300,131640,0.05672268907563027
2025-03-14,49900,50500,49850,50000,39531,-0.005964214711729587
2025-03-17,50000,51000,49900,50700,36339,0.014000000000000012
2025-03-18,50800,50900,49950,50000,33473,-0.013806706114398382
2025-03-19,49900,50700,49750,50300,26950,0.006000000000000005
2025-03-20,50300,51500,50300,51000,41303,0.013916500994035852
2025-03-21,50800,51000,50100,50500,25533,-0.009803921568627416
2025-03-24,50400,51400,50200,50700,26005,0.003960396039603964
2025-03-25,50700,51500,50500,50800,17160,0.0019723865877712132
2025-03-26,51200,51400,50600,51200,37928,0.007874015748031482
2025-03-27,50500,51300,50500,50600,19195,-0.01171875
2025-03-28,50600,51100,50100,50700,29495,0.0019762845849802257
2025-03-31,50200,50300,49400,49850,29490,-0.0167652859960552
2025-04-01,49800,51200,49750,51100,43438,0.02507522567703102
2025-04-02,51100,53300,51000,52800,113755,0.03326810176125239
2025-04-03,52000,52700,51600,52700,34424,-0.0018939393939394478
2025-04-04,52000,53100,51700,53100,43346,0.007590132827324458
2025-04-07,51500,52000,50300,51100,70083,-0.03766478342749524
2025-04-08,51000,51900,50200,50500,52364,-0.011741682974559686
2025-04-09,50000,50300,49400,49800,56631,-0.013861386138613874
2025-04-10,50400,51800,50300,51400,46217,0.032128514056224855
2025-04-11,50900,53300,50400,53100,65744,0.0330739299610896
2025-04-14,53100,53100,52400,52700,26806,-0.007532956685499026
2025-04-15,52600,53100,52600,52900,24428,0.00379506641366234
2025-04-16,53000,53600,52900,53100,29775,0.003780718336483968
2025-04-17,53100,53700,52900,53500,38857,0.007532956685499137
2025-04-18,53400,54400,52300,54300,39928,0.01495327102803734
2025-04-21,54500,54900,54000,54500,35418,0.0036832412523020164
2025-04-22,54100,55000,53900,54300,39284,-0.003669724770642202
2025-04-23,54500,55300,54400,55100,35232,0.014732965009208066
2025-04-24,54900,55900,54900,55300,42700,0.003629764065335772
2025-04-25,55800,56700,55400,56600,79343,0.02350813743218816
2025-04-28,56700,57400,56100,56300,49132,-0.005300353356890497
2025-04-29,56400,56900,56000,56400,26659,0.001776198934280604
2025-04-30,56200,56900,55800,56400,36380,0.0
2025-05-02,56400,56900,56000,56500,38505,0.0017730496453900457
2025-05-07,56600,56900,54700,56000,99899,-0.008849557522123908
2025-05-08,55600,56000,54700,55000,50217,-0.017857142857142905
2025-05-09,55300,57400,54850,57100,100441,0.038181818181818095
2025-05-12,57400,57400,55700,56700,53832,-0.007005253940455369
2025-05-13,56200,56900,55800,56700,34422,0.0
2025-05-14,53500,54000,51600,52800,263059,-0.06878306878306883
2025-05-15,52500,53200,51900,52100,68481,-0.013257575757575801
2025-05-16,52000,52300,50600,51200,93415,-0.017274472168905985
2025-05-19,50500,50800,49500,49700,78274,-0.029296875
2025-05-20,50000,50900,49550,50100,51927,0.008048289738430636
2025-05-21,50300,50700,50100,50100,28839,0.0
2025-05-22,49800,50400,49100,49550,40533,-0.010978043912175606
2025-05-23,49150,50500,49150,50300,39392,0.015136226034308864
2025-05-26,50700,51400,50100,51400,50933,0.021868787276341894
2025-05-27,50900,51200,50200,50800,27185,-0.011673151750972721
2025-05-28,50600,51000,50200,50600,55098,-0.003937007874015741
2025-05-29,50600,50900,50200,50600,41209,0.0
2025-05-30,50400,51300,50300,50700,43315,0.0019762845849802257
2025-06-02,50300,50600,49550,49750,50991,-0.018737672583826415
2025-06-04,49600,50300,49500,49800,48771,0.0010050251256281673
2025-06-05,49600,50800,49600,50200,66536,0.008032128514056325
2025-06-09,50000,50700,50000,50200,47276,0.0
2025-06-10,50200,50800,49850,50500,75447,0.005976095617529875
2025-06-11,50400,50600,50100,50300,46578,-0.003960396039603964
2025-06-12,50000,52100,50000,51900,103199,0.031809145129224614
2025-06-13,51400,51700,49950,50500,96222,-0.026974951830443183
2025-06-16,50500,52600,50200,52400,89920,0.03762376237623766
2025-06-17,51700,52700,51500,52400,89195,0.0
2025-06-18,51800,55200,51700,53700,145311,0.024809160305343525
2025-06-19,53500,54800,53400,54300,72734,0.011173184357541999
2025-06-20,54300,54600,53600,54400,39918,0.0018416206261511192
2025-06-23,53600,55200,52900,54800,87920,0.007352941176470562
2025-06-24,58300,63800,55500,62100,645111,0.1332116788321167
2025-06-25,60400,61000,57200,57700,285218,-0.07085346215780997
2025-06-26,57100,58000,55900,57600,175468,-0.0017331022530329143
2025-06-27,57200,57400,55500,56300,83477,-0.02256944444444442
