Date,Open,High,Low,Close,Volume,Change
2022-01-03,10264,10407,10121,10217,314120,-0.004676083779834417
2022-01-04,10312,10360,10027,10075,332670,-0.013898404619751448
2022-01-05,10121,10264,9741,9789,516069,-0.0283870967741936
2022-01-06,9599,9694,9437,9485,625602,-0.03105526611502707
2022-01-07,9551,9741,9503,9599,315802,0.012018977332630465
2022-01-10,9551,9599,9171,9200,483077,-0.04156682987811233
2022-01-11,9229,9400,8877,9077,368201,-0.0133695652173913
2022-01-12,9124,10359,9124,9552,2322255,0.052330064999449144
2022-01-13,9599,9837,9371,9647,442740,0.009945561139028447
2022-01-14,9504,9789,9475,9552,286798,-0.009847621022079367
2022-01-17,9789,10312,9694,9980,1252922,0.044807370184254625
2022-01-18,10027,10122,9504,9552,469281,-0.04288577154308615
2022-01-19,9495,9647,9361,9400,325588,-0.015912897822445538
2022-01-20,9390,9647,9390,9476,225374,0.008085106382978768
2022-01-21,9428,9551,9123,9238,441916,-0.02511608273533139
2022-01-24,9133,9209,8582,8611,602057,-0.06787183373024464
2022-01-25,8658,8715,8031,8079,640235,-0.06178144234119154
2022-01-26,8031,8269,7983,8060,356854,-0.0023517762099269923
2022-01-27,8154,8154,7602,7679,483820,-0.04727047146401986
2022-01-28,7679,8022,7556,8022,403988,0.04466727438468543
2022-02-03,8192,8382,8116,8221,332013,0.024806781351284002
2022-02-04,8126,8326,8040,8326,240190,0.012772168835908149
2022-02-07,8364,8421,8097,8117,249638,-0.025102089839058372
2022-02-08,8117,8307,7860,7965,307210,-0.018726130343723058
2022-02-09,8078,8363,8030,8221,305118,0.03214061519146272
2022-02-10,8287,8287,8011,8031,174241,-0.02311154360783363
2022-02-11,7888,8050,7869,7936,177285,-0.011829161997260584
2022-02-14,7774,7850,7412,7527,390547,-0.05153729838709675
2022-02-15,7527,7803,7441,7518,379301,-0.0011956954962136779
2022-02-16,7698,7926,7679,7898,280402,0.05054535780792757
2022-02-17,7898,8012,7612,7765,339243,-0.016839706254748066
2022-02-18,7602,7888,7602,7888,174959,0.015840309079201642
2022-02-21,7783,7859,7669,7850,164284,-0.004817444219066935
2022-02-22,7707,7840,7602,7622,196051,-0.029044585987261118
2022-02-23,7689,7727,7536,7632,206616,0.0013119916032537926
2022-02-24,7546,7612,7241,7318,381513,-0.041142557651991596
2022-02-25,7460,7575,7413,7461,204589,0.01954085815796658
2022-02-28,7441,7536,7365,7489,156425,0.0037528481436803762
2022-03-02,7403,7679,7403,7584,299377,0.012685271731873504
2022-03-03,7660,8012,7594,7965,446592,0.050237341772152
2022-03-04,7898,7936,7774,7841,184643,-0.015568110483364705
2022-03-07,7726,7745,7470,7470,255606,-0.047315393444713694
2022-03-08,7308,7489,7232,7375,182163,-0.012717536813922403
2022-03-10,7537,7584,7394,7423,145079,0.006508474576271128
2022-03-11,7613,7784,7498,7556,257169,0.01791728411693394
2022-03-14,7555,7555,7289,7318,214978,-0.03149814716781363
2022-03-15,7242,7308,6994,7014,270014,-0.04154140475539769
2022-03-16,7089,7270,7042,7261,193911,0.03521528371827776
2022-03-17,7337,7584,7337,7537,242174,0.03801129321030161
2022-03-18,7584,7651,7517,7613,150455,0.010083587634337254
2022-03-21,7613,7727,7517,7537,135077,-0.009982923945882072
2022-03-22,7536,7593,7469,7546,97257,0.0011941090619609351
2022-03-23,7602,7764,7602,7736,254713,0.02517890272992318
2022-03-24,7717,7793,7603,7727,89887,-0.0011633919338158716
2022-03-25,7736,7783,7621,7679,123006,-0.006211983952374767
2022-03-28,7698,7822,7555,7784,263500,0.013673655423883213
2022-03-29,7850,7850,7593,7641,185206,-0.01837101747173686
2022-03-30,7717,7802,7631,7660,156319,0.0024865855254547764
2022-03-31,7650,7764,7593,7717,180226,0.007441253263707592
2022-04-01,7651,7708,7527,7556,193081,-0.02086302967474407
2022-04-04,7527,7746,7479,7689,212502,0.017601905770248782
2022-04-05,7660,8306,7593,7784,1903874,0.012355312784497308
2022-04-06,7698,7783,7612,7698,264510,-0.011048304213771787
2022-04-07,7679,7698,7422,7470,294412,-0.029618082618862007
2022-04-08,7470,7594,7441,7461,135864,-0.001204819277108471
2022-04-11,7403,7517,7374,7432,105687,-0.0038868784345261753
2022-04-12,7366,7413,7242,7271,136514,-0.021663078579117312
2022-04-13,7270,7404,7261,7328,156387,0.00783936184843892
2022-04-14,7327,7404,7299,7366,158183,0.005185589519650646
2022-04-15,7280,7318,7213,7261,163754,-0.014254683681781177
2022-04-18,7223,7251,7089,7128,154276,-0.01831703622090619
2022-04-19,7176,7195,7080,7157,177785,0.004068462401795703
2022-04-20,7194,7366,7175,7233,205452,0.010618974430627315
2022-04-21,7270,7346,7222,7299,166701,0.009124844462878423
2022-04-22,7252,7299,7147,7176,122019,-0.016851623510069857
2022-04-25,7137,7137,6776,6786,304878,-0.05434782608695654
2022-04-26,6871,6890,6775,6814,108737,0.004126142057176541
2022-04-27,6557,6947,6557,6795,164869,-0.0027883768711476353
2022-04-28,6795,6843,6681,6710,100670,-0.012509197939661543
2022-04-29,6738,6776,6700,6710,73373,0.0
2022-05-02,6566,6690,6566,6624,133140,-0.012816691505216138
2022-05-03,6652,6852,6652,6738,112615,0.017210144927536142
2022-05-04,6719,7983,6719,7223,9667008,0.07197981596913028
2022-05-06,7241,7859,7232,7546,2753503,0.04471826111034205
2022-05-09,7536,7536,6956,6976,902074,-0.07553670818976943
2022-05-10,6842,7593,6842,7337,2150987,0.05174885321100908
2022-05-11,7603,7869,7479,7670,2074054,0.04538639771023578
2022-05-12,7508,8078,7470,7689,2082373,0.0024771838331161256
2022-05-13,7802,8021,7716,7888,1148524,0.025881128885420823
2022-05-16,7992,8011,7783,7812,606400,-0.00963488843813387
2022-05-17,7812,8231,7812,8174,1309553,0.04633896569380447
2022-05-18,8174,8193,7898,7984,753941,-0.023244433569855616
2022-05-19,7774,8269,7698,8079,840247,0.011898797595190302
2022-05-20,8088,8135,7850,7860,505234,-0.027107315261789777
2022-05-23,7821,7859,7469,7584,693080,-0.03511450381679393
2022-05-24,7546,7555,7223,7223,486924,-0.047600210970464185
2022-05-25,7223,7318,7042,7062,351089,-0.022289907240758633
2022-05-26,7080,7223,6994,7033,181020,-0.004106485414896666
2022-05-27,7128,7185,7042,7062,200859,0.004123418171477322
2022-05-30,7118,7280,7042,7214,229973,0.021523647691872094
2022-05-31,7261,7261,7128,7138,175377,-0.01053507069586912
2022-06-02,7156,7156,6938,6938,254698,-0.028019052956010038
2022-06-03,7004,7032,6889,6909,196061,-0.00417987892764482
2022-06-07,6890,6909,6737,6814,267465,-0.013750180923433164
2022-06-08,6871,6985,6757,6767,196426,-0.00689756383915463
2022-06-09,6728,6785,6652,6662,194984,-0.015516477020836361
2022-06-10,6623,6776,6604,6757,173393,0.014259981987391201
2022-06-13,6567,6586,6101,6178,560961,-0.08568891519905286
2022-06-14,5901,6111,5873,6073,331271,-0.01699579151829067
2022-06-15,5987,6168,5788,5788,327945,-0.046929030133377236
2022-06-16,5968,6139,5845,5845,451147,0.009847961299239705
2022-06-17,5654,5854,5559,5816,258142,-0.004961505560307944
2022-06-20,5864,5864,5407,5541,320727,-0.04728335625859692
2022-06-21,5531,5655,5445,5579,173564,0.006857967875834703
2022-06-22,5578,5730,5303,5303,331967,-0.04947123140347731
2022-06-23,5274,5350,4942,4942,388357,-0.0680746747124269
2022-06-24,4875,5255,4875,5189,261268,0.04997976527721559
2022-06-27,5321,6234,5312,5854,5802726,0.1281557140104066
2022-06-28,5759,5902,5740,5864,372168,0.001708233686368299
2022-06-29,5692,5920,5692,5854,263400,-0.0017053206002728416
2022-06-30,5807,5835,5616,5655,251138,-0.03399385035872904
2022-07-01,5645,5721,5426,5645,214650,-0.0017683465959328348
2022-07-04,5645,5702,5322,5408,336004,-0.04198405668733396
2022-07-05,5759,6605,5750,5950,8412053,0.10022189349112431
2022-07-06,5940,6396,5940,6083,2485959,0.022352941176470686
2022-07-07,6073,6111,5930,5978,488592,-0.017261219792865323
2022-07-08,6282,6501,6082,6102,1712387,0.020742723318835754
2022-07-11,6082,6158,5949,5959,434785,-0.02343493936414287
2022-07-12,5987,6928,5959,6368,6123481,0.06863567712703467
2022-07-13,6500,6937,6490,6700,3129087,0.05213567839195976
2022-07-14,6728,6728,6443,6510,718686,-0.028358208955223896
2022-07-15,6510,6520,6187,6292,549962,-0.033486943164362515
2022-07-18,6433,6842,6433,6700,1586740,0.06484424666242838
2022-07-19,6642,6766,6557,6700,479548,0.0
2022-07-20,6843,6852,6690,6710,456630,0.0014925373134329067
2022-07-21,6729,6767,6595,6672,377778,-0.005663189269746627
2022-07-22,6672,6748,6510,6539,310970,-0.019934052757793808
2022-07-25,6529,6586,6424,6539,189755,0.0
2022-07-26,6567,6567,6387,6387,263913,-0.023245144517510363
2022-07-27,6377,6424,6253,6377,269274,-0.001565680288085125
2022-07-28,6424,6529,6282,6282,362681,-0.014897287125607672
2022-07-29,6357,6529,6310,6396,315150,0.018147086914995114
2022-08-01,6339,6491,6272,6320,281860,-0.011882426516572897
2022-08-02,6377,6377,6120,6178,300279,-0.022468354430379756
2022-08-03,6215,6311,6158,6273,140541,0.015377144707025003
2022-08-04,6310,6434,6301,6349,238000,0.012115415271799712
2022-08-05,6178,6301,6016,6064,562186,-0.044888958891163955
2022-08-08,6044,6121,5968,6083,103482,0.0031332453825858586
2022-08-09,6063,6120,6053,6073,92297,-0.0016439256945586234
2022-08-10,6035,6083,6016,6045,89721,-0.004610571381524764
2022-08-11,6120,6158,6082,6130,163848,0.014061207609594728
2022-08-12,6120,6244,6120,6244,124905,0.01859706362153335
2022-08-16,6282,6291,6224,6244,120648,0.0
2022-08-17,6244,6254,6101,6121,137621,-0.01969891095451637
2022-08-18,6073,6073,5882,5940,215883,-0.02957033164515599
2022-08-19,5921,5978,5826,5826,121490,-0.019191919191919204
2022-08-22,5750,5826,5702,5712,119874,-0.019567456230690006
2022-08-23,5578,5788,5578,5674,117568,-0.006652661064425747
2022-08-24,5673,5778,5664,5750,75993,0.013394430736693774
2022-08-25,5740,5969,5740,5950,126711,0.034782608695652195
2022-08-26,5949,5987,5768,5788,123084,-0.02722689075630247
2022-08-29,5588,5683,5578,5617,129892,-0.029543883897719447
2022-08-30,5645,5788,5645,5731,82168,0.02029553142246754
2022-08-31,5720,5787,5673,5759,81957,0.004885709300296526
2022-09-01,5711,5711,5530,5550,227136,-0.036291022747004686
2022-09-02,5531,5702,5531,5560,107569,0.0018018018018017834
2022-09-05,5521,6073,5493,5693,893049,0.023920863309352614
2022-09-06,5759,5759,5625,5721,136975,0.004918320744774274
2022-09-07,5854,6073,5759,5769,746415,0.008390141583639155
2022-09-08,5787,5939,5721,5721,143664,-0.00832033281331257
2022-09-13,5768,5902,5759,5864,175706,0.02499563013459194
2022-09-14,5673,5740,5597,5702,150275,-0.02762619372442021
2022-09-15,5759,6273,5740,6083,928667,0.06681866011925641
2022-09-16,6130,6406,6082,6121,864856,0.006246917639322724
2022-09-19,6234,6272,5778,5807,378352,-0.05129880738441428
2022-09-20,5806,5863,5749,5759,183695,-0.008265885999655609
2022-09-21,5702,5769,5635,5712,139646,-0.008161139086646951
2022-09-22,5606,5664,5483,5626,240051,-0.015056022408963532
2022-09-23,5569,5617,5370,5370,218376,-0.04550302168503373
2022-09-26,5340,5340,4894,4894,312271,-0.08864059590316575
2022-09-27,4770,5084,4770,4866,203912,-0.005721291377196569
2022-09-28,4790,4923,4514,4605,313819,-0.05363748458692974
2022-09-29,4675,4808,4666,4666,257027,0.013246471226927348
2022-09-30,4576,4728,4538,4662,140958,-0.0008572653236176286
2022-10-04,4713,4847,4699,4847,95476,0.039682539682539764
2022-10-05,4875,4913,4657,4657,147512,-0.03919950484835977
2022-10-06,4704,4809,4704,4752,104740,0.02039939875456298
2022-10-07,4747,4866,4694,4752,95791,0.0
2022-10-11,4619,4619,4448,4448,161970,-0.06397306397306401
2022-10-12,4390,4509,4390,4457,66092,0.002023381294963933
2022-10-13,4409,4452,4190,4224,157935,-0.052277316580659594
2022-10-14,4357,4495,4295,4486,82679,0.06202651515151514
2022-10-17,4362,4576,4357,4576,51722,0.020062416406598338
2022-10-18,4604,4685,4604,4652,77301,0.01660839160839167
2022-10-19,4675,4737,4609,4609,64348,-0.009243336199484142
2022-10-20,4581,4652,4500,4548,64157,-0.013234975048817543
2022-10-21,4499,4585,4457,4457,46661,-0.020008795074758168
2022-10-24,4538,4642,4524,4524,88463,0.015032533094009315
2022-10-25,4510,4609,4462,4510,55438,-0.0030946065428824054
2022-10-26,4509,4557,4404,4424,76971,-0.01906873614190685
2022-10-27,4399,4514,4399,4495,65658,0.016048824593128286
2022-10-28,4419,4504,4405,4405,58153,-0.020022246941045596
2022-10-31,4494,4761,4461,4647,231808,0.05493757094211116
2022-11-01,4576,4752,4566,4752,90472,0.022595222724338226
2022-11-02,4751,4751,4589,4666,93624,-0.018097643097643057
2022-11-03,4570,4689,4371,4685,103662,0.004072010287183847
2022-11-04,4704,4894,4704,4809,192472,0.02646744930629663
2022-11-07,4865,4922,4798,4875,77337,0.013724266999376233
2022-11-08,4856,4932,4846,4885,64207,0.002051282051282133
2022-11-09,4884,4989,4855,4932,80762,0.009621289662231414
2022-11-10,4884,4942,4818,4904,53416,-0.005677210056772131
2022-11-11,5065,5113,4922,4980,212681,0.015497553017944643
2022-11-14,4979,5360,4979,5284,359190,0.06104417670682727
2022-11-15,5321,5578,5293,5474,533515,0.03595760787282365
2022-11-16,5474,5503,5312,5332,165698,-0.025940811107051487
2022-11-17,5332,5389,5227,5256,93957,-0.014253563390847712
2022-11-18,5246,5322,5141,5151,115121,-0.01997716894977164
2022-11-21,5151,5161,4932,5009,117501,-0.027567462628615758
2022-11-22,4998,5056,4989,5018,49871,0.0017967658215212179
2022-11-23,5037,5208,5018,5104,68288,0.01713830211239542
2022-11-24,5160,5236,5141,5208,47693,0.020376175548589393
2022-11-25,5189,5217,5150,5170,44192,-0.007296466973886306
2022-11-28,5170,5170,4913,4942,116475,-0.044100580270793
2022-11-29,4875,5179,4875,5151,71266,0.04229057061918251
2022-11-30,5160,5455,5122,5189,582883,0.0073772083090661855
2022-12-01,5227,5313,5199,5199,94943,0.0019271535941414175
2022-12-02,5199,5265,5141,5180,56786,-0.003654548951721459
2022-12-05,5179,5198,5093,5132,55988,-0.009266409266409315
2022-12-06,5132,5636,4989,5313,1400810,0.03526890101325009
2022-12-07,5255,5360,5132,5275,229832,-0.007152268021833219
2022-12-08,5236,5274,5122,5151,113627,-0.02350710900473929
2022-12-09,5141,5465,5132,5370,236493,0.042516016307513116
2022-12-12,5313,5417,5236,5294,71374,-0.014152700186219724
2022-12-13,5294,5408,5189,5199,68667,-0.017944843218738238
2022-12-14,5283,5369,5207,5360,99290,0.030967493748797814
2022-12-15,5331,5455,5303,5370,104527,0.001865671641791078
2022-12-16,5236,5332,5236,5294,65395,-0.014152700186219724
2022-12-19,5274,5360,5227,5294,57534,0.0
2022-12-20,5227,5284,5009,5009,140023,-0.0538345296562146
2022-12-21,5018,5094,4970,4990,49766,-0.0037931722898781883
2022-12-22,5027,5094,4980,5047,48097,0.011422845691382744
2022-12-23,4999,4999,4818,4828,121938,-0.04339211412720423
2022-12-26,4856,4866,4761,4809,52374,-0.003935376967688531
2022-12-27,4760,4970,4760,4875,57082,0.013724266999376233
2022-12-28,4856,4904,4742,4790,75699,-0.017435897435897463
2022-12-29,4790,4847,4547,4567,128779,-0.04655532359081416
2023-01-02,4528,4671,4523,4538,138903,-0.006349901467046171
2023-01-03,4547,4585,4409,4495,82759,-0.009475539885412054
2023-01-04,4448,4605,4448,4567,43689,0.016017797552836388
2023-01-05,4609,4690,4533,4605,68073,0.008320560543026101
2023-01-06,4633,4818,4580,4752,68063,0.0319218241042345
2023-01-09,4827,4913,4818,4904,68575,0.03198653198653201
2023-01-10,4903,5027,4865,4951,75488,0.009584013050570883
2023-01-11,4989,5084,4979,5037,54549,0.017370228236719853
2023-01-12,5047,5151,5047,5047,53031,0.001985308715505285
2023-01-13,5123,5123,4970,5047,66191,0.0
2023-01-16,5046,5104,5027,5066,37458,0.003764612641173004
2023-01-17,5113,5113,4923,4923,46579,-0.028227398341887144
2023-01-18,4932,4980,4837,4971,59242,0.009750152346130303
2023-01-19,4903,4980,4894,4961,22555,-0.0020116676725004945
2023-01-20,4980,5065,4923,4923,45416,-0.007659746018947811
2023-01-25,5046,5065,4922,5018,55274,0.01929717651838314
2023-01-26,5027,5122,5008,5094,42048,0.015145476285372661
2023-01-27,5094,5389,5065,5218,208611,0.02434236356497843
2023-01-30,5227,5284,5122,5142,76425,-0.014564967420467645
2023-01-31,5132,5180,4970,5161,53793,0.0036950602878258465
2023-02-01,5170,5208,5113,5142,65561,-0.0036814570819608816
2023-02-02,5150,5255,5141,5246,142118,0.020225593154414634
2023-02-03,5464,5464,5169,5227,411339,-0.0036218070911170352
2023-02-06,5207,5597,5207,5398,501093,0.03271475033479998
2023-02-07,5369,5474,5321,5455,127437,0.010559466469062695
2023-02-08,5483,5493,5369,5455,144247,0.0
2023-02-09,5426,5550,5426,5531,100766,0.013932172318973368
2023-02-10,5531,5531,5065,5398,144170,-0.024046284577833976
2023-02-13,5398,5712,5322,5617,284721,0.040570581696924846
2023-02-14,5616,5692,5511,5569,92403,-0.008545486914723122
2023-02-15,5578,5645,5303,5303,211413,-0.04776441012749144
2023-02-16,5331,5455,5331,5417,72614,0.021497265698661172
2023-02-17,5322,5446,5322,5389,53945,-0.005168912682296467
2023-02-20,5445,5445,5321,5398,37212,0.0016700686583781543
2023-02-21,5350,5540,5331,5474,123116,0.014079288625416853
2023-02-22,5360,5455,5331,5341,71392,-0.024296675191815886
2023-02-23,5379,5417,5293,5313,50229,-0.005242463958060273
2023-02-24,5294,5360,5132,5218,132138,-0.017880670054583048
2023-02-27,5217,5217,5065,5132,52314,-0.01648141050210805
2023-02-28,5208,5284,5142,5142,55013,0.0019485580670304259
2023-03-02,5265,5370,5189,5313,95976,0.03325554259043173
2023-03-03,5284,5369,5264,5284,63527,-0.00545830980613593
2023-03-06,5302,5607,5302,5569,399760,0.05393641180923536
2023-03-07,5645,5664,5550,5636,196963,0.012030885257676482
2023-03-08,5692,5797,5588,5588,338714,-0.008516678495386842
2023-03-09,5607,5949,5455,5712,498492,0.022190408017179752
2023-03-10,5559,5664,5454,5512,231632,-0.03501400560224088
2023-03-13,5426,5445,5207,5360,152301,-0.027576197387518153
2023-03-14,5350,5350,4922,4942,316443,-0.07798507462686566
2023-03-15,5046,5208,5027,5142,105008,0.04046944556859566
2023-03-16,5142,5180,4980,5142,74185,0.0
2023-03-17,5236,5236,5084,5170,85202,0.005445352003111692
2023-03-20,5104,5161,5018,5066,121748,-0.0201160541586074
2023-03-21,5065,5104,5008,5085,66062,0.003750493485985107
2023-03-22,5094,5151,5027,5047,106210,-0.007472959685349112
2023-03-23,5027,5094,4941,4999,205345,-0.009510600356647525
2023-03-24,5037,5056,4922,4942,132769,-0.011402280456091263
2023-03-27,4979,5075,4903,5037,118393,0.01922298664508304
2023-03-28,5113,5123,4970,5085,97564,0.009529481834425146
2023-03-29,5131,6605,5036,6605,10955229,0.2989183874139627
2023-03-30,7042,7812,6975,7432,11783367,0.1252081756245269
2023-03-31,7565,7831,7203,7394,3531419,-0.005113024757804063
2023-04-03,7394,7698,7318,7499,2313205,0.014200703272923887
2023-04-04,7412,8144,7393,7641,5244194,0.018935858114415227
2023-04-05,7869,8040,7660,7841,1977297,0.02617458447847132
2023-04-06,7774,7784,7479,7575,804348,-0.03392424435658714
2023-04-07,7621,7764,7545,7679,669421,0.013729372937293816
2023-04-10,7650,7669,6985,7451,1593478,-0.02969136606328948
2023-04-11,7613,8316,7518,8041,6086538,0.07918400214736288
2023-04-12,8097,8524,7593,7774,2421412,-0.033204825270488736
2023-04-13,7840,9389,7546,8544,13212844,0.09904810908155381
2023-04-14,8268,8981,8258,8430,2433918,-0.013342696629213502
2023-04-17,8448,8743,8201,8506,1253116,0.009015421115065259
2023-04-18,8553,8591,8268,8316,864141,-0.022337173759699014
2023-04-19,8364,8563,8259,8307,718979,-0.0010822510822511289
2023-04-20,8402,8449,7803,7946,708932,-0.04345732514746603
2023-04-21,7860,7945,7622,7708,464298,-0.02995217719607346
2023-04-24,7745,7869,7584,7803,368514,0.01232485729112609
2023-04-25,7793,7793,7241,7356,491044,-0.05728565936178398
2023-04-26,7223,8031,7080,7556,1298398,0.02718868950516584
2023-04-27,7679,7878,7526,7603,773319,0.0062202223398624135
2023-04-28,7669,7698,7203,7223,401026,-0.04998027094567936
2023-05-02,7137,7508,7137,7366,225112,0.01979786792191618
2023-05-03,7242,7480,7213,7385,195378,0.002579418951941248
2023-05-04,7641,8382,7431,7527,2496128,0.019228165199729252
2023-05-08,7593,7641,7318,7318,457335,-0.02776670652318325
2023-05-09,7318,7461,7061,7385,311981,0.009155506969117155
2023-05-10,7384,7755,7346,7537,408521,0.020582261340555075
2023-05-11,7727,7898,7603,7613,449903,0.010083587634337254
2023-05-12,7783,7897,7365,7413,411819,-0.026270852489163277
2023-05-15,7451,7460,6994,7204,347976,-0.028193713746121674
2023-05-16,7214,7318,7061,7100,194236,-0.014436424208772891
2023-05-17,6994,7251,6985,7147,157682,0.0066197183098590795
2023-05-18,7213,7366,7204,7233,178247,0.012033020847908249
2023-05-19,7309,7432,7156,7195,168317,-0.0052536983271118665
2023-05-22,7289,7289,6994,7109,159621,-0.011952744961779005
2023-05-23,7109,7337,7109,7214,173367,0.014770009846673204
2023-05-24,7213,7327,7089,7242,153197,0.0038813418353202955
2023-05-25,7242,7271,7061,7119,202505,-0.016984258492129256
2023-05-26,7698,8003,6976,6986,1582497,-0.01868239921337267
2023-05-30,7080,7109,6909,6976,208601,-0.0014314342971657457
2023-05-31,6976,7233,6814,7005,244311,0.0041571100917430215
2023-06-01,6967,7081,6928,6948,129593,-0.008137044967880036
2023-06-02,6985,7042,6909,6938,128684,-0.0014392630972941411
2023-06-05,6938,7024,6862,6967,121765,0.00417987892764482
2023-06-07,6928,6976,6462,6710,388792,-0.03688818716807807
2023-06-08,6709,6709,6490,6567,229872,-0.021311475409836023
2023-06-09,6576,6652,6528,6548,251606,-0.0028932541495355624
2023-06-12,5940,6244,5873,6178,1018286,-0.05650580329871713
2023-06-13,6215,6215,5949,6035,390047,-0.023146649401100672
2023-06-14,6035,6130,5816,5864,322729,-0.02833471416735711
2023-06-15,5854,5959,5797,5902,184681,0.0064802182810368425
2023-06-16,5911,6016,5902,5902,201339,0.0
2023-06-19,5901,6016,5873,5997,129786,0.01609623856319886
2023-06-20,6025,6025,5835,5845,174266,-0.025346006336501636
2023-06-21,5873,5892,5749,5845,141541,0.0
2023-06-22,5844,5892,5759,5883,169379,0.0065012831479898114
2023-06-23,5882,5882,5787,5816,130388,-0.011388747237803809
2023-06-26,5825,5835,5720,5778,191786,-0.006533700137551612
2023-06-27,5806,5826,5702,5807,188677,0.005019037729317999
2023-06-28,5835,6025,5816,5997,251231,0.03271913208196997
2023-06-29,5997,6158,5806,5864,277270,-0.022177755544438904
2023-06-30,5788,5959,5788,5950,161670,0.014665757162346527
2023-07-03,6020,6070,5940,5960,160870,0.001680672268907557
2023-07-04,6000,6000,5900,5960,75957,0.0
2023-07-05,5950,5950,5810,5860,143359,-0.016778523489932917
2023-07-06,5900,5910,5680,5750,161580,-0.018771331058020424
2023-07-07,5680,5770,5660,5700,76632,-0.008695652173912993
2023-07-10,5740,5740,5550,5720,96463,0.0035087719298245723
2023-07-11,5780,5800,5690,5780,87481,0.010489510489510412
2023-07-12,5790,5940,5750,5770,93978,-0.0017301038062284002
2023-07-13,5800,5870,5740,5770,77291,0.0
2023-07-14,5820,5820,5600,5630,114454,-0.024263431542461023
2023-07-17,5600,5630,5460,5500,105511,-0.023090586145648295
2023-07-18,5450,5580,5400,5410,92846,-0.016363636363636358
2023-07-19,5410,5450,5300,5410,100784,0.0
2023-07-20,5410,5570,5330,5470,80317,0.01109057301293892
2023-07-21,5380,5470,5350,5390,90762,-0.014625228519195566
2023-07-24,5350,5350,5180,5250,145317,-0.025974025974025983
2023-07-25,5200,5290,5150,5160,104881,-0.017142857142857126
2023-07-26,5100,5200,4900,5060,188965,-0.019379844961240345
2023-07-27,4960,5160,4960,5130,109799,0.01383399209486158
2023-07-28,5100,5470,5100,5350,123735,0.042884990253411415
2023-07-31,5400,5420,5300,5360,75465,0.0018691588785046953
2023-08-01,5360,5430,5310,5410,63945,0.009328358208955168
2023-08-02,5350,5410,5190,5230,101717,-0.03327171903881698
2023-08-03,5260,5270,5000,5120,155218,-0.021032504780114758
2023-08-04,5120,5150,4990,5130,97749,0.001953125
2023-08-07,5070,5110,4995,5100,83663,-0.005847953216374324
2023-08-08,5130,5270,5010,5030,102418,-0.013725490196078383
2023-08-09,5050,5230,5000,5200,77888,0.03379721669980129
2023-08-10,5180,5220,5100,5180,42478,-0.0038461538461538325
2023-08-11,5140,5270,5130,5260,55648,0.015444015444015413
2023-08-14,5200,5260,5100,5170,59148,-0.017110266159695797
2023-08-16,5100,5500,4935,5280,577279,0.02127659574468077
2023-08-17,5110,5190,5040,5100,143059,-0.03409090909090906
2023-08-18,5030,5090,4910,5050,85595,-0.009803921568627416
2023-08-21,5020,5220,5020,5140,125986,0.017821782178217838
2023-08-22,5140,5170,5030,5060,65084,-0.015564202334630295
2023-08-23,4850,4855,4710,4710,658795,-0.06916996047430835
2023-08-24,4710,4945,4710,4930,268677,0.04670912951167727
2023-08-25,4930,4970,4775,4880,250770,-0.010141987829614618
2023-08-28,4880,4970,4840,4895,198596,0.0030737704918033515
2023-08-29,4910,4990,4890,4960,137404,0.013278855975485282
2023-08-30,4955,5140,4955,5130,131505,0.03427419354838701
2023-08-31,5130,5160,5060,5100,105242,-0.005847953216374324
2023-09-01,5140,5140,5050,5090,75451,-0.0019607843137254832
2023-09-04,5080,5100,5030,5090,76172,0.0
2023-09-05,5080,5150,5070,5140,83238,0.00982318271119853
2023-09-06,5140,5290,5120,5250,221750,0.021400778210116655
2023-09-07,5280,5290,5040,5100,159146,-0.02857142857142858
2023-09-08,5060,5120,5030,5040,81338,-0.0117647058823529
2023-09-11,5040,5150,5020,5100,80904,0.011904761904761862
2023-09-12,5150,5170,5020,5030,133122,-0.013725490196078383
2023-09-13,5020,5060,4880,4920,173572,-0.021868787276341894
2023-09-14,4895,5000,4830,4925,157777,0.00101626016260159
2023-09-15,4945,5010,4890,4925,69067,0.0
2023-09-18,4925,4965,4835,4885,96091,-0.008121827411167515
2023-09-19,4860,4900,4800,4820,102650,-0.013306038894575267
2023-09-20,4820,4875,4775,4860,112389,0.008298755186721962
2023-09-21,4835,4865,4690,4730,148673,-0.026748971193415683
2023-09-22,4660,4725,4565,4590,176887,-0.029598308668076112
2023-09-25,4595,4605,4460,4460,154310,-0.028322440087146017
2023-09-26,4420,4595,4405,4410,98561,-0.011210762331838597
2023-09-27,4290,4475,4290,4475,81613,0.01473922902494329
2023-10-04,4445,4450,4185,4190,150042,-0.06368715083798882
2023-10-05,4340,4340,4100,4100,72793,-0.021479713603818618
2023-10-06,4060,4285,4060,4225,110507,0.030487804878048808
2023-10-10,4295,4320,4120,4150,61827,-0.017751479289940808
2023-10-11,4165,4265,4165,4215,48911,0.015662650602409567
2023-10-12,4200,4420,4200,4380,72757,0.039145907473309594
2023-10-13,4350,4380,4200,4245,54660,-0.03082191780821919
2023-10-16,4200,4240,4110,4195,76611,-0.011778563015312105
2023-10-17,4190,4300,4190,4240,35750,0.010727056019070424
2023-10-18,4295,4295,4185,4210,36095,-0.007075471698113178
2023-10-19,4200,4200,4060,4125,124762,-0.020190023752969077
2023-10-20,4060,4105,3955,4000,140939,-0.030303030303030276
2023-10-23,3905,4020,3905,3975,59060,-0.006249999999999978
2023-10-24,3935,4030,3845,4025,115714,0.012578616352201255
2023-10-25,4030,4040,3950,3980,35049,-0.011180124223602483
2023-10-26,3930,3930,3800,3805,115576,-0.04396984924623115
2023-10-27,3765,4140,3765,3935,250462,0.0341655716162943
2023-10-30,3820,3970,3820,3935,38756,0.0
2023-10-31,3940,3950,3810,3840,60520,-0.02414231257941546
2023-11-01,3900,3900,3790,3800,42298,-0.01041666666666663
2023-11-02,3815,3980,3815,3965,89513,0.04342105263157903
2023-11-03,3970,4125,3970,4110,94143,0.03656998738965944
2023-11-06,4200,4240,4110,4230,134297,0.029197080291970767
2023-11-07,4235,4240,4050,4140,83944,-0.021276595744680882
2023-11-08,4135,4400,4090,4150,457733,0.0024154589371980784
2023-11-09,4180,4205,4100,4125,82278,-0.0060240963855421326
2023-11-10,4120,4120,3970,4000,120367,-0.030303030303030276
2023-11-13,4005,4040,3925,3955,89426,-0.011249999999999982
2023-11-14,3990,4090,3850,4085,126648,0.03286978508217442
2023-11-15,4120,4140,4090,4100,68470,0.003671970624234966
2023-11-16,4135,4195,4100,4160,83848,0.014634146341463428
2023-11-17,4220,5020,4215,4320,11777321,0.03846153846153855
2023-11-20,4260,4580,4210,4270,1448173,-0.01157407407407407
2023-11-21,4310,4465,4245,4300,727609,0.007025761124121788
2023-11-22,4285,4450,4240,4265,594995,-0.008139534883720878
2023-11-23,4265,4285,4200,4220,266917,-0.010550996483001174
2023-11-24,4225,4340,4185,4260,264527,0.009478672985782088
2023-11-27,4280,4330,4200,4215,179151,-0.010563380281690127
2023-11-28,4195,4230,4100,4110,244859,-0.02491103202846978
2023-11-29,4115,4225,4115,4160,162244,0.012165450121654597
2023-11-30,4180,4230,4160,4195,107395,0.008413461538461453
2023-12-01,4200,4425,4155,4220,669472,0.005959475566150285
2023-12-04,4240,4375,4230,4350,265243,0.0308056872037914
2023-12-05,4340,4455,4295,4390,367189,0.009195402298850519
2023-12-06,4405,4530,4370,4530,852671,0.03189066059225509
2023-12-07,4610,4690,4415,4430,631334,-0.02207505518763797
2023-12-08,4440,4490,4350,4365,260867,-0.01467268623024831
2023-12-11,4370,4435,4330,4420,233730,0.012600229095074411
2023-12-12,4415,4440,4380,4385,137859,-0.007918552036199067
2023-12-13,4425,4650,4340,4440,552456,0.012542759407069504
2023-12-14,4430,4495,4360,4360,211884,-0.018018018018018056
2023-12-15,4385,4440,4365,4400,154962,0.00917431192660545
2023-12-18,4400,4430,4350,4400,121400,0.0
2023-12-19,4410,4530,4365,4530,283004,0.02954545454545454
2023-12-20,4490,4545,4475,4515,221895,-0.0033112582781457123
2023-12-21,4515,4700,4500,4580,381373,0.01439645625692143
2023-12-22,4585,4625,4515,4515,150476,-0.014192139737991272
2023-12-26,4520,4570,4430,4470,144573,-0.009966777408637828
2023-12-27,4460,4600,4430,4600,155269,0.029082774049216997
2023-12-28,4590,4590,4275,4480,260679,-0.02608695652173909
2024-01-02,4480,4490,4405,4465,97049,-0.0033482142857143016
2024-01-03,4460,4460,4350,4365,138302,-0.022396416573348232
2024-01-04,4370,4395,4300,4305,121852,-0.013745704467353903
2024-01-05,4295,4475,4295,4395,138876,0.020905923344947785
2024-01-08,4355,4440,4350,4420,68754,0.005688282138794021
2024-01-09,4450,4455,4405,4450,90957,0.006787330316742057
2024-01-10,4460,4470,4335,4390,131968,-0.013483146067415741
2024-01-11,4420,4470,4385,4470,110328,0.018223234624145768
2024-01-12,4440,4490,4365,4400,82900,-0.015659955257270708
2024-01-15,4400,4480,4385,4480,151341,0.018181818181818077
2024-01-16,4450,4700,4450,4530,461257,0.01116071428571419
2024-01-17,4575,4575,4365,4405,228102,-0.02759381898454749
2024-01-18,4390,4455,4385,4410,85555,0.0011350737797957144
2024-01-19,4415,4515,4410,4470,85092,0.013605442176870763
2024-01-22,4630,5170,4455,4590,5196793,0.02684563758389258
2024-01-23,4590,4630,4485,4630,328245,0.008714596949890963
2024-01-24,4625,4970,4560,4915,1704252,0.06155507559395246
2024-01-25,4910,4955,4760,4765,752939,-0.030518819938962327
2024-01-26,4845,4930,4765,4910,309142,0.030430220356768123
2024-01-29,4945,4975,4835,4850,344956,-0.012219959266802416
2024-01-30,4920,4945,4700,4750,280409,-0.020618556701030966
2024-01-31,4780,4830,4680,4720,127345,-0.0063157894736841635
2024-02-01,4685,4905,4630,4785,235554,0.013771186440677985
2024-02-02,4805,4855,4750,4790,178023,0.0010449320794148065
2024-02-05,4795,4850,4700,4700,146147,-0.018789144050104345
2024-02-06,4700,4740,4560,4660,122018,-0.008510638297872353
2024-02-07,4640,4720,4630,4660,100451,0.0
2024-02-08,4690,4785,4680,4690,155031,0.006437768240343367
2024-02-13,4760,4860,4725,4830,217414,0.029850746268656803
2024-02-14,4755,4870,4740,4855,124707,0.005175983436852993
2024-02-15,4845,4880,4790,4845,266695,-0.002059732234809486
2024-02-16,4870,4885,4790,4875,141439,0.006191950464396356
2024-02-19,4875,4985,4840,4860,139558,-0.003076923076923088
2024-02-20,4845,4870,4785,4815,110887,-0.0092592592592593
2024-02-21,4825,4855,4770,4805,131359,-0.0020768431983385627
2024-02-22,4810,4835,4760,4795,120613,-0.002081165452653466
2024-02-23,4785,4800,4655,4665,228817,-0.027111574556829998
2024-02-26,4665,4675,4565,4575,128829,-0.019292604501607746
2024-02-27,4560,4640,4515,4590,116887,0.003278688524590123
2024-02-28,4540,4630,4540,4565,85352,-0.005446623093681935
2024-02-29,4520,4560,4490,4490,115381,-0.01642935377875132
2024-03-04,4500,4540,4450,4475,97371,-0.0033407572383074013
2024-03-05,4450,4475,4325,4400,130184,-0.016759776536312887
2024-03-06,4400,4425,4290,4325,97288,-0.017045454545454586
2024-03-07,4305,4350,4240,4305,106732,-0.0046242774566473965
2024-03-08,4290,4390,4290,4370,86331,0.015098722415795685
2024-03-11,4420,4560,4385,4550,152116,0.041189931350114506
2024-03-12,4515,4560,4485,4520,70759,-0.00659340659340657
2024-03-13,4520,4540,4445,4480,95961,-0.008849557522123908
2024-03-14,4490,4500,4405,4480,80257,0.0
2024-03-15,4440,4475,4350,4425,111556,-0.012276785714285698
2024-03-18,4435,4435,4375,4395,42040,-0.006779661016949157
2024-03-19,4370,4465,4370,4390,55906,-0.0011376564277588708
2024-03-20,4410,4420,4325,4370,69668,-0.004555808656036442
2024-03-21,4370,4425,4350,4375,107915,0.0011441647597254523
2024-03-22,4360,4410,4345,4400,52025,0.005714285714285783
2024-03-25,4400,4420,4295,4370,99355,-0.006818181818181834
2024-03-26,4345,4395,4315,4325,85719,-0.010297482837528626
2024-03-27,4310,4360,4295,4345,62519,0.0046242774566473965
2024-03-28,4315,4390,4220,4295,126403,-0.011507479861910253
2024-03-29,4255,4280,4150,4190,119504,-0.024447031431897526
2024-04-01,4165,4265,4130,4230,81232,0.009546539379474916
2024-04-02,4200,4260,4110,4165,84648,-0.015366430260047248
2024-04-03,4110,4165,4055,4105,105430,-0.014405762304921965
2024-04-04,4110,4120,4040,4045,77020,-0.01461632155907433
2024-04-05,4090,4110,3990,4060,91582,0.003708281829418958
2024-04-08,4110,4115,3920,4010,61185,-0.012315270935960632
2024-04-09,3990,4065,3970,3985,54430,-0.006234413965087282
2024-04-11,3980,4050,3950,3990,39381,0.0012547051442910462
2024-04-12,4060,4100,3970,3980,66999,-0.0025062656641604564
2024-04-15,3945,3960,3870,3960,60121,-0.005025125628140725
2024-04-16,3920,3955,3815,3880,83299,-0.02020202020202022
2024-04-17,3790,4000,3790,3885,69732,0.0012886597938144284
2024-04-18,3830,3940,3830,3890,48375,0.0012870012870012104
2024-04-19,3890,3950,3810,3870,87965,-0.005141388174807249
2024-04-22,3880,3980,3800,3865,60111,-0.0012919896640827266
2024-04-23,3880,3910,3795,3835,103842,-0.0077619663648124115
2024-04-24,3835,3900,3810,3895,72753,0.015645371577575062
2024-04-25,3895,3935,3870,3875,33874,-0.005134788189987138
2024-04-26,3875,3900,3840,3870,44693,-0.001290322580645209
2024-04-29,3870,4000,3870,3995,65669,0.03229974160206717
2024-04-30,4020,4045,3950,4020,48144,0.006257822277847325
2024-05-02,4020,4155,3985,4140,106294,0.029850746268656803
2024-05-03,4150,4150,4070,4105,53878,-0.008454106280193274
2024-05-07,4105,4145,4070,4085,49539,-0.00487210718635811
2024-05-08,4060,4115,4060,4115,30254,0.007343941248469932
2024-05-09,4055,4180,4055,4145,42200,0.007290400972053357
2024-05-10,4175,4175,4085,4120,37745,-0.006031363088057851
2024-05-13,4100,4140,4060,4125,30537,0.0012135922330096527
2024-05-14,4130,4135,4090,4125,32222,0.0
2024-05-16,4145,4200,4125,4195,56271,0.01696969696969708
2024-05-17,4220,4265,4165,4165,80713,-0.007151370679380209
2024-05-20,4165,4195,4090,4155,62207,-0.0024009603841537164
2024-05-21,4105,4150,4095,4115,39952,-0.009626955475330878
2024-05-22,4115,4155,4090,4125,49171,0.002430133657351119
2024-05-23,4145,4170,4075,4095,35071,-0.0072727272727273196
2024-05-24,4115,4350,4060,4195,166706,0.024420024420024333
2024-05-27,4195,4340,4150,4255,91508,0.014302741358760418
2024-05-28,4230,4310,4215,4290,56135,0.008225616921269108
2024-05-29,4290,4310,4220,4290,65154,0.0
2024-05-30,4290,4430,4210,4300,118618,0.002331002331002363
2024-05-31,4290,4355,4250,4300,60205,0.0
2024-06-03,4450,4775,4390,4565,1209346,0.06162790697674425
2024-06-04,4565,4605,4455,4565,205338,0.0
2024-06-05,4565,4660,4540,4590,174595,0.005476451259583737
2024-06-07,4600,4630,4500,4510,154347,-0.017429193899782147
2024-06-10,4520,4760,4490,4595,270020,0.018847006651884657
2024-06-11,4670,4670,4545,4590,100734,-0.0010881392818280489
2024-06-12,4590,4705,4585,4590,126462,0.0
2024-06-13,4600,4790,4585,4790,262239,0.04357298474945526
2024-06-14,5080,5250,4635,4635,3591273,-0.03235908141962418
2024-06-17,4640,4680,4490,4540,438611,-0.02049622437971954
2024-06-18,4600,4600,4430,4430,188632,-0.024229074889867808
2024-06-19,4435,4535,4395,4465,107204,0.007900677200902928
2024-06-20,4445,4525,4445,4455,51986,-0.002239641657334812
2024-06-21,4525,4525,4335,4370,123962,-0.019079685746352437
2024-06-24,4310,4350,4235,4260,147894,-0.02517162471395884
2024-06-25,4205,4290,4200,4265,68319,0.0011737089201877549
2024-06-26,4295,4310,4235,4290,65877,0.0058616647127784915
2024-06-27,4250,4300,4180,4190,131923,-0.023310023310023298
2024-06-28,4190,4230,4160,4205,42335,0.0035799522673030104
2024-07-01,4205,4265,4190,4245,45681,0.009512485136742077
2024-07-02,4245,4245,4065,4145,75032,-0.02355712603062421
2024-07-03,4125,4190,4075,4125,91074,-0.004825090470446325
2024-07-04,4145,4180,4065,4105,60721,-0.00484848484848488
2024-07-05,4135,4145,4090,4100,47072,-0.0012180267965895553
2024-07-08,4080,4200,4080,4140,51407,0.009756097560975618
2024-07-09,4140,4235,4140,4200,44870,0.01449275362318847
2024-07-10,4245,4245,4120,4145,51106,-0.013095238095238049
2024-07-11,4180,4215,4120,4190,71255,0.010856453558504287
2024-07-12,4190,4215,4130,4185,33112,-0.0011933174224343368
2024-07-15,4185,4200,4115,4120,50306,-0.015531660692950977
2024-07-16,4115,4165,4055,4080,51795,-0.009708737864077666
2024-07-17,4080,4195,4080,4155,58945,0.018382352941176405
2024-07-18,4155,4165,4085,4110,33157,-0.010830324909747335
2024-07-19,4095,4150,4085,4115,17163,0.0012165450121655041
2024-07-22,4165,4165,4035,4125,66195,0.002430133657351119
2024-07-23,4100,4135,4020,4025,80917,-0.024242424242424288
2024-07-24,4025,4060,3990,4020,48010,-0.001242236024844745
2024-07-25,3990,4005,3840,3950,149563,-0.01741293532338306
2024-07-26,3910,3985,3850,3955,62285,0.0012658227848101333
2024-07-29,3950,4035,3945,4035,52341,0.020227560050568805
2024-07-30,4050,4050,3955,3985,25032,-0.012391573729863659
2024-07-31,3980,4090,3950,4065,46079,0.020075282308657405
2024-08-01,4055,4110,4055,4100,21265,0.008610086100861114
2024-08-02,4050,4085,3980,3980,47305,-0.029268292682926855
2024-08-05,3910,3930,3480,3500,234632,-0.12060301507537685
2024-08-06,3405,3740,3405,3645,137163,0.04142857142857137
2024-08-07,3575,3795,3575,3745,62259,0.027434842249657088
2024-08-08,3700,3735,3660,3720,50266,-0.006675567423230944
2024-08-09,3725,3910,3725,3870,54145,0.040322580645161255
2024-08-12,3870,3950,3825,3915,34456,0.011627906976744207
2024-08-13,3900,3940,3860,3925,27242,0.0025542784163474774
2024-08-14,3895,3940,3880,3905,24659,-0.005095541401273884
2024-08-16,3940,3945,3880,3905,21969,0.0
2024-08-19,3865,3890,3820,3865,31435,-0.010243277848911658
2024-08-20,3925,3925,3835,3860,17107,-0.001293661060802087
2024-08-21,3870,3900,3830,3880,28986,0.005181347150259086
2024-08-22,3845,3880,3750,3785,66801,-0.02448453608247425
2024-08-23,3795,3820,3750,3775,44767,-0.0026420079260237594
2024-08-26,3760,3795,3685,3730,52306,-0.01192052980132452
2024-08-27,3675,3775,3620,3720,61626,-0.002680965147453085
2024-08-28,3725,3725,3625,3670,68230,-0.013440860215053752
2024-08-29,3670,3720,3640,3715,28795,0.012261580381471404
2024-08-30,3705,3780,3680,3780,28793,0.01749663526244949
2024-09-02,3780,3975,3760,3890,91721,0.02910052910052907
2024-09-03,3880,3975,3850,3945,48080,0.014138817480719768
2024-09-04,3795,3850,3775,3810,64227,-0.034220532319391594
2024-09-05,3795,3895,3750,3805,70115,-0.001312335958005284
2024-09-06,3810,3810,3700,3800,63194,-0.0013140604467805073
2024-09-09,3765,3770,3710,3730,26752,-0.018421052631578894
2024-09-10,3755,3760,3650,3690,58634,-0.01072386058981234
2024-09-11,3685,3745,3670,3705,23472,0.004065040650406582
2024-09-12,3720,3795,3710,3790,38543,0.02294197031039147
2024-09-13,3755,3760,3700,3740,44367,-0.01319261213720313
2024-09-19,3750,3750,3665,3730,43841,-0.002673796791443861
2024-09-20,3750,3755,3680,3715,52697,-0.004021447721179627
2024-09-23,3715,3715,3620,3660,93238,-0.014804845222072704
2024-09-24,3660,3665,3600,3665,69997,0.001366120218579292
2024-09-25,3665,3665,3595,3605,80997,-0.016371077762619368
2024-09-26,3605,3650,3595,3640,43427,0.009708737864077666
2024-09-27,3650,3680,3620,3650,72449,0.0027472527472527375
2024-09-30,3670,3670,3575,3610,69804,-0.010958904109588996
2024-10-02,3600,3600,3490,3575,43238,-0.00969529085872578
2024-10-04,3555,3580,3520,3575,36092,0.0
2024-10-07,3580,3645,3560,3615,50481,0.01118881118881121
2024-10-08,3600,3615,3545,3565,35050,-0.013831258644536604
2024-10-10,3620,3620,3520,3540,37202,-0.007012622720897643
2024-10-11,3565,3565,3490,3490,37429,-0.01412429378531077
2024-10-14,3470,3500,3460,3480,37144,-0.002865329512893977
2024-10-15,3425,3505,3365,3380,161937,-0.028735632183908066
2024-10-16,3400,3405,3260,3315,88749,-0.019230769230769273
2024-10-17,3315,3535,3315,3500,106386,0.05580693815987936
2024-10-18,3465,3525,3435,3520,23692,0.005714285714285783
2024-10-21,3520,3550,3450,3455,40487,-0.01846590909090906
2024-10-22,3475,3505,3395,3450,30508,-0.0014471780028944004
2024-10-23,3450,3450,3360,3430,28820,-0.005797101449275366
2024-10-24,3430,3520,3350,3380,57793,-0.014577259475218707
2024-10-25,3380,3430,3300,3350,42135,-0.00887573964497046
2024-10-28,3310,3375,3310,3370,81037,0.005970149253731405
2024-10-29,3330,3370,3325,3360,41995,-0.0029673590504450953
2024-10-30,3340,3430,3325,3365,21919,0.0014880952380953438
2024-10-31,3360,3395,3340,3395,29618,0.008915304606240682
2024-11-01,3395,3395,3325,3325,23398,-0.020618556701030966
2024-11-04,3335,3440,3335,3430,33328,0.03157894736842115
2024-11-05,3430,3465,3425,3455,13790,0.007288629737609353
2024-11-06,3455,3470,3320,3465,22535,0.0028943560057888007
2024-11-07,3430,3475,3300,3470,54175,0.0014430014430013571
2024-11-08,3450,3475,3400,3425,33931,-0.012968299711815567
2024-11-11,3405,3530,3305,3430,120497,0.0014598540145984717
2024-11-12,3410,3450,3300,3355,102634,-0.02186588921282795
2024-11-13,3320,3370,3200,3240,90320,-0.03427719821162445
2024-11-14,3170,3240,3100,3130,178474,-0.03395061728395066
2024-11-15,3100,3130,2960,3085,141887,-0.014376996805111841
2024-11-18,2995,3130,2995,3105,124069,0.006482982171799101
2024-11-19,3070,3130,3070,3095,37723,-0.0032206119162641045
2024-11-20,3100,3120,3045,3085,42036,-0.003231017770597755
2024-11-21,3110,3110,3035,3055,29850,-0.00972447325769854
2024-11-22,3050,3070,2960,2960,125181,-0.03109656301145658
2024-11-25,2930,3100,2930,3070,81134,0.03716216216216206
2024-11-26,3090,3090,3010,3040,36060,-0.009771986970684043
2024-11-27,3050,3095,3000,3075,54785,0.011513157894736947
2024-11-28,3060,3100,3050,3080,23247,0.001626016260162677
2024-11-29,3085,3085,2960,2980,123666,-0.03246753246753242
2024-12-02,2995,3015,2900,2900,112168,-0.02684563758389258
2024-12-03,2875,2920,2795,2900,208152,0.0
2024-12-04,2805,2900,2770,2815,115866,-0.02931034482758621
2024-12-05,2800,2825,2680,2680,163999,-0.047957371225577305
2024-12-06,2645,2690,2490,2595,223372,-0.03171641791044777
2024-12-09,2490,2590,2360,2400,211793,-0.07514450867052025
2024-12-10,2390,2565,2390,2555,109996,0.06458333333333344
2024-12-11,2555,2675,2555,2625,92557,0.027397260273972712
2024-12-12,2625,2650,2590,2645,49372,0.007619047619047636
2024-12-13,2620,2760,2620,2690,68582,0.017013232514177634
2024-12-16,2695,2830,2695,2785,54936,0.03531598513011147
2024-12-17,2780,2820,2700,2720,40231,-0.02333931777378817
2024-12-18,2755,2770,2705,2765,29731,0.016544117647058876
2024-12-19,2760,2760,2680,2740,26282,-0.009041591320072317
2024-12-20,2735,2765,2695,2750,34394,0.0036496350364962904
2024-12-23,2750,2825,2740,2825,61356,0.027272727272727337
2024-12-24,2805,2900,2805,2860,62742,0.012389380530973382
2024-12-26,2845,2885,2755,2855,47274,-0.0017482517482517723
2024-12-27,2790,2910,2705,2740,70146,-0.04028021015761818
2024-12-30,2690,2885,2685,2830,45401,0.03284671532846706
2025-01-02,2855,2870,2760,2775,25432,-0.019434628975265045
2025-01-03,2745,2850,2745,2820,16661,0.016216216216216273
2025-01-06,2835,3030,2820,2945,93161,0.04432624113475181
2025-01-07,2940,3015,2890,2940,54913,-0.001697792869269965
2025-01-08,2950,3005,2905,2990,64259,0.017006802721088343
2025-01-09,2975,3020,2890,3020,53975,0.010033444816053505
2025-01-10,3015,3040,2985,3030,34599,0.0033112582781456013
2025-01-13,2990,3045,2960,2960,33620,-0.02310231023102305
2025-01-14,2995,3030,2955,3030,21970,0.023648648648648685
2025-01-15,3025,3030,2965,2970,17680,-0.01980198019801982
2025-01-16,2975,3020,2970,3005,23302,0.011784511784511675
2025-01-17,3005,3020,2960,3000,19754,-0.0016638935108153063
2025-01-20,3030,3030,2960,2995,17978,-0.0016666666666667052
2025-01-21,2995,2995,2905,2920,46569,-0.025041736227045086
2025-01-22,2945,2980,2910,2950,31810,0.010273972602739656
2025-01-23,2965,2965,2800,2825,63936,-0.0423728813559322
2025-01-24,2825,2875,2800,2805,26531,-0.0070796460176991705
2025-01-31,2805,2815,2725,2765,79713,-0.014260249554367221
2025-02-03,2680,2755,2660,2675,41683,-0.032549728752260365
2025-02-04,2675,2835,2675,2800,25269,0.04672897196261672
2025-02-05,2795,2820,2750,2800,37923,0.0
2025-02-06,2815,2870,2750,2860,30317,0.021428571428571352
2025-02-07,2855,2860,2805,2830,16688,-0.010489510489510523
2025-02-10,2810,2815,2760,2770,19890,-0.021201413427561877
2025-02-11,2790,2790,2735,2735,22296,-0.012635379061371799
2025-02-12,2750,2765,2695,2705,30159,-0.010968921389396757
2025-02-13,2705,2755,2705,2750,18197,0.01663585951940849
2025-02-14,2755,2990,2720,2890,143300,0.050909090909091015
2025-02-17,2890,2980,2885,2930,61476,0.01384083044982698
2025-02-18,2900,2950,2900,2945,44706,0.005119453924914641
2025-02-19,2945,3020,2915,2975,45847,0.01018675721561979
2025-02-20,2980,3040,2975,3000,70277,0.008403361344537785
2025-02-21,2990,3025,2975,3015,30878,0.004999999999999893
2025-02-24,3015,3025,2950,2975,29162,-0.013266998341625258
2025-02-25,2950,3000,2895,2895,51407,-0.026890756302521024
2025-02-26,2910,2910,2870,2885,27356,-0.003454231433506094
2025-02-27,2870,2895,2790,2860,82250,-0.008665511265164683
2025-02-28,2860,2860,2780,2805,37077,-0.019230769230769273
2025-03-04,2775,2805,2750,2760,36375,-0.016042780748663055
2025-03-05,2750,2890,2750,2885,37863,0.04528985507246386
2025-03-06,2880,2970,2865,2925,60855,0.013864818024263537
