Date,Open,High,Low,Close,Volume,Change
2022-01-03,58200,58800,57300,57400,26068,-0.015437392795883409
2022-01-04,57400,58800,57200,58100,28620,0.012195121951219523
2022-01-05,57300,58700,57100,58500,31953,0.0068846815834766595
2022-01-06,57300,58000,56600,56600,32963,-0.032478632478632474
2022-01-07,57500,58000,56900,57500,24137,0.01590106007067127
2022-01-10,57500,57700,56000,56500,25797,-0.017391304347826098
2022-01-11,56500,56700,54800,55000,40621,-0.026548672566371723
2022-01-12,55000,56000,55000,55500,22802,0.009090909090909038
2022-01-13,55700,56400,55500,55900,17815,0.007207207207207134
2022-01-14,55700,56000,55100,55700,25591,-0.003577817531305927
2022-01-17,56000,56200,53000,53600,31248,-0.037701974865350096
2022-01-18,53000,54100,52100,52200,26112,-0.026119402985074647
2022-01-19,51400,52100,50700,50800,38561,-0.026819923371647514
2022-01-20,51100,52000,50400,52000,19722,0.023622047244094446
2022-01-21,51400,51800,50700,51000,20593,-0.019230769230769273
2022-01-24,50500,50800,48000,48250,46413,-0.05392156862745101
2022-01-25,48250,48800,45150,45300,54025,-0.061139896373056946
2022-01-26,44800,47000,44550,45900,44132,0.013245033112582849
2022-01-27,46450,49500,46050,48300,93678,0.05228758169934644
2022-01-28,48300,52900,47100,52500,74186,0.08695652173913038
2022-02-03,54000,56400,52800,55300,75456,0.05333333333333323
2022-02-04,55300,56500,53400,54100,38582,-0.02169981916817365
2022-02-07,54200,54700,51400,51600,53813,-0.04621072088724587
2022-02-08,52100,53100,51700,51800,18775,0.003875968992248069
2022-02-09,52000,52500,51200,51700,28962,-0.0019305019305019266
2022-02-10,52200,54500,51200,54000,43394,0.044487427466150864
2022-02-11,53900,55000,52800,53800,33943,-0.0037037037037036535
2022-02-14,53100,53100,51000,51300,29376,-0.04646840148698883
2022-02-15,51200,52500,49900,49900,15685,-0.02729044834307992
2022-02-16,51300,52400,51000,52000,19488,0.04208416833667328
2022-02-17,52100,54600,51300,53000,30167,0.019230769230769162
2022-02-18,51600,53800,51600,53200,11055,0.0037735849056603765
2022-02-21,53100,54500,52200,54500,18724,0.02443609022556381
2022-02-22,53600,55500,53000,53800,52464,-0.012844036697247652
2022-02-23,53500,54900,53500,54000,12671,0.0037174721189590088
2022-02-24,53800,55500,53500,54000,47613,0.0
2022-02-25,55700,57800,54700,55900,56121,0.03518518518518521
2022-02-28,56900,57400,55400,55800,34488,-0.0017889087656529634
2022-03-02,55800,58000,55500,57800,51001,0.03584229390680993
2022-03-03,58500,58500,57200,58000,37505,0.0034602076124568004
2022-03-04,57700,59400,57400,58600,40295,0.010344827586206806
2022-03-07,57800,58400,57400,57800,29037,-0.013651877133105783
2022-03-08,57500,57600,54700,54900,47754,-0.05017301038062283
2022-03-10,56400,57200,55400,56500,25175,0.02914389799635697
2022-03-11,56400,59000,56200,58800,33797,0.04070796460176984
2022-03-14,58800,62000,57700,61500,139774,0.04591836734693877
2022-03-15,61900,62000,60100,60300,52340,-0.019512195121951237
2022-03-16,61100,61400,59900,61200,30317,0.014925373134328401
2022-03-17,61500,62400,60700,61000,32413,-0.0032679738562091387
2022-03-18,61100,62000,59900,60800,48664,-0.003278688524590123
2022-03-21,60800,60900,59200,59200,22186,-0.02631578947368418
2022-03-22,59800,60600,59200,60600,21780,0.023648648648648685
2022-03-23,61000,63000,60500,61600,60016,0.01650165016501659
2022-03-24,62400,63800,61700,62500,87016,0.014610389610389518
2022-03-25,62900,63200,61200,61400,49057,-0.01759999999999995
2022-03-28,61400,61400,60000,60400,25592,-0.016286644951140072
2022-03-29,61100,61200,60200,60300,17191,-0.0016556291390728006
2022-03-30,60500,60900,60400,60900,20332,0.00995024875621886
2022-03-31,61400,61400,60400,61200,24144,0.0049261083743843415
2022-04-01,61400,61400,60300,60600,14381,-0.009803921568627416
2022-04-04,60700,60800,60100,60800,12490,0.0033003300330032292
2022-04-05,61000,61000,59800,60000,16258,-0.013157894736842146
2022-04-06,59700,60100,58300,58300,34956,-0.02833333333333332
2022-04-07,58800,58800,56600,56900,26295,-0.02401372212692965
2022-04-08,56900,57400,56100,57000,21601,0.0017574692442883233
2022-04-11,57000,57700,56100,56800,13879,-0.0035087719298245723
2022-04-12,56200,57200,56100,56600,9907,-0.0035211267605633756
2022-04-13,56300,56900,56300,56700,18657,0.0017667844522968323
2022-04-14,57000,57900,56900,57400,18027,0.012345679012345734
2022-04-15,56900,57300,55600,56300,31726,-0.019163763066202044
2022-04-18,56200,59100,55700,58000,30596,0.030195381882770933
2022-04-19,58400,59600,57000,58800,34751,0.01379310344827589
2022-04-20,59000,59000,57500,58100,15169,-0.011904761904761862
2022-04-21,58500,60400,57600,59300,31064,0.0206540447504302
2022-04-22,59200,60000,58300,58600,21151,-0.01180438448566612
2022-04-25,57900,58000,57100,57100,15708,-0.025597269624573427
2022-04-26,57300,58100,57200,57200,7088,0.0017513134851139256
2022-04-27,55200,56700,55200,55800,13195,-0.02447552447552448
2022-04-28,55800,56300,55000,55600,9423,-0.0035842293906810374
2022-04-29,55600,56100,55600,55800,11424,0.003597122302158251
2022-05-02,53800,55900,53300,54900,31094,-0.016129032258064502
2022-05-03,54600,58300,54600,57000,28585,0.03825136612021862
2022-05-04,57600,58100,56500,57800,20442,0.01403508771929829
2022-05-06,57700,60800,57100,60300,77668,0.04325259515570945
2022-05-09,59800,62300,59300,59300,73656,-0.016583747927031545
2022-05-10,58300,61700,57100,61200,50584,0.03204047217537953
2022-05-11,60200,61500,59800,60600,27634,-0.009803921568627416
2022-05-12,60000,60800,58800,59800,37058,-0.01320132013201325
2022-05-13,59300,60700,59300,60100,18488,0.0050167224080268635
2022-05-16,60100,60800,59400,60300,17171,0.0033277870216306127
2022-05-17,60300,60400,59500,60000,13201,-0.00497512437810943
2022-05-18,60000,60300,59400,60000,15820,0.0
2022-05-19,59700,59700,58600,58800,10295,-0.020000000000000018
2022-05-20,59700,60000,59000,59300,9126,0.008503401360544283
2022-05-23,59100,59900,58800,59300,7142,0.0
2022-05-24,59500,60900,58400,58400,19572,-0.015177065767284947
2022-05-25,59000,59300,57000,57500,28768,-0.015410958904109595
2022-05-26,57800,60400,57300,59200,26652,0.029565217391304355
2022-05-27,59500,59700,58800,59300,10092,0.0016891891891892552
2022-05-30,59500,60500,59300,60200,19406,0.015177065767284947
2022-05-31,60100,62500,60100,62300,70111,0.03488372093023262
2022-06-02,62200,63000,60800,61700,34097,-0.009630818619582704
2022-06-03,61800,64500,61500,63300,79423,0.025931928687196182
2022-06-07,64100,66800,63700,66700,179321,0.05371248025276465
2022-06-08,66900,68900,65900,66300,109289,-0.005997001499250421
2022-06-09,66500,67800,64800,65300,39557,-0.015082956259426794
2022-06-10,65300,65400,63700,63700,39113,-0.024502297090352232
2022-06-13,63300,63300,60200,60200,51468,-0.05494505494505497
2022-06-14,58500,59700,57200,59700,45762,-0.00830564784053156
2022-06-15,58700,59200,56000,56600,57427,-0.051926298157453976
2022-06-16,57700,58500,55800,56000,56734,-0.010600706713780883
2022-06-17,54100,55900,53500,55300,59415,-0.012499999999999956
2022-06-20,55300,58000,52800,53300,29058,-0.03616636528028938
2022-06-21,53300,58300,53300,56400,54610,0.05816135084427776
2022-06-22,56400,60100,56300,56500,85645,0.0017730496453900457
2022-06-23,56600,59300,54500,55500,81216,-0.017699115044247815
2022-06-24,56000,57600,55400,56900,36221,0.02522522522522519
2022-06-27,57200,60000,57100,59300,30702,0.04217926186291732
2022-06-28,59700,64800,59700,64400,126274,0.08600337268128166
2022-06-29,64200,66500,63400,65800,77470,0.021739130434782705
2022-06-30,65200,66600,62600,63000,74660,-0.04255319148936165
2022-07-01,63100,64300,61400,61900,37391,-0.01746031746031751
2022-07-04,63000,63700,60400,60600,40918,-0.021001615508885352
2022-07-05,60900,63400,60200,63400,38771,0.0462046204620461
2022-07-06,62600,63500,56300,56300,87200,-0.11198738170347
2022-07-07,57300,58000,55400,57300,51662,0.017761989342806483
2022-07-08,58300,58900,56400,57100,32879,-0.003490401396160525
2022-07-11,56800,57200,55600,56200,22026,-0.015761821366024553
2022-07-12,55200,56100,52800,53200,55490,-0.053380782918149516
2022-07-13,53000,53000,50000,51000,80843,-0.041353383458646586
2022-07-14,51000,51600,50400,51300,15320,0.00588235294117645
2022-07-15,51200,52200,50000,51400,26419,0.0019493177387914784
2022-07-18,51800,53300,51600,53200,22845,0.035019455252918386
2022-07-19,53000,53900,52600,53200,16026,0.0
2022-07-20,53900,54100,53000,53100,25866,-0.001879699248120259
2022-07-21,53700,53700,52700,53100,15743,0.0
2022-07-22,53200,53500,51500,53000,11246,-0.0018832391713747842
2022-07-25,52800,54600,52600,54500,18101,0.028301886792452935
2022-07-26,53800,55100,53600,53800,20773,-0.012844036697247652
2022-07-27,54000,55100,53800,54900,22579,0.020446096654274992
2022-07-28,55200,55900,54700,55100,39594,0.0036429872495447047
2022-07-29,56000,60000,55700,60000,115066,0.08892921960072586
2022-08-01,60900,63400,59400,61600,119927,0.026666666666666616
2022-08-02,62000,63500,60500,61500,58124,-0.0016233766233766378
2022-08-03,61300,61700,60100,60500,36649,-0.016260162601625994
2022-08-04,60500,60600,59000,59400,30300,-0.018181818181818188
2022-08-05,59200,62000,59200,61800,48693,0.04040404040404044
2022-08-08,62000,62600,60600,62400,51858,0.009708737864077666
2022-08-09,63600,64000,61100,61400,40080,-0.01602564102564108
2022-08-10,61700,66300,61100,64500,125581,0.050488599348534224
2022-08-11,66400,67000,64500,66100,65357,0.024806201550387597
2022-08-12,66000,67000,65000,66100,47965,0.0
2022-08-16,67000,68600,66200,67800,84403,0.02571860816944027
2022-08-17,68000,68500,66500,67000,43241,-0.01179941002949858
2022-08-18,66800,70000,66700,69800,105243,0.04179104477611939
2022-08-19,69900,70800,68800,69500,55770,-0.004297994269340966
2022-08-22,67800,70800,66600,68800,52375,-0.010071942446043147
2022-08-23,68800,70400,67800,70100,51421,0.018895348837209225
2022-08-24,70900,72000,69400,71700,109095,0.022824536376604865
2022-08-25,72400,75500,71900,73400,200620,0.023709902370990132
2022-08-26,73200,75100,71800,73500,93418,0.0013623978201635634
2022-08-29,72300,76100,71000,76000,141496,0.03401360544217691
2022-08-30,76700,78400,72900,73900,147029,-0.02763157894736845
2022-08-31,73500,74100,71000,73900,106098,0.0
2022-09-01,72900,74600,70500,70500,53752,-0.046008119079837595
2022-09-02,71000,73000,70000,70600,47927,0.0014184397163119478
2022-09-05,70100,71700,70000,71100,47589,0.007082152974504208
2022-09-06,70700,75000,70700,74300,64864,0.04500703234880454
2022-09-07,74600,76000,73100,74700,74529,0.0053835800807537915
2022-09-08,75800,76300,73000,73000,36474,-0.022757697456492587
2022-09-13,72800,73300,67700,69100,140117,-0.05342465753424652
2022-09-14,67500,68300,65900,66300,88170,-0.04052098408104199
2022-09-15,66900,68500,66000,66700,63367,0.006033182503770718
2022-09-16,66300,67100,63600,63600,89896,-0.046476761619190454
2022-09-19,63700,64500,61000,61700,64150,-0.029874213836478036
2022-09-20,62300,63200,61300,62300,34388,0.009724473257698651
2022-09-21,61500,62500,61100,61700,31094,-0.009630818619582704
2022-09-22,60800,65500,60300,65000,68737,0.05348460291734192
2022-09-23,64300,67800,63500,64500,83356,-0.007692307692307665
2022-09-26,63300,63800,59500,59500,69089,-0.07751937984496127
2022-09-27,60500,60600,56400,59100,75699,-0.006722689075630228
2022-09-28,59100,59100,56800,57000,35933,-0.035532994923857864
2022-09-29,58200,60800,57800,59000,39581,0.03508771929824572
2022-09-30,58000,60500,56800,59500,40833,0.008474576271186418
2022-10-04,61400,63300,60200,62200,47569,0.04537815126050426
2022-10-05,63200,64000,61500,63500,42924,0.020900321543408262
2022-10-06,63300,65500,63100,65500,31957,0.03149606299212593
2022-10-07,65400,65400,61600,62100,53738,-0.051908396946564905
2022-10-11,60800,60800,57100,57800,64368,-0.06924315619967791
2022-10-12,57500,57800,56100,57300,32029,-0.00865051903114189
2022-10-13,56700,57100,53000,53100,63969,-0.0732984293193717
2022-10-14,54700,55100,53500,53900,43824,0.015065913370998052
2022-10-17,52400,54900,51000,54400,37850,0.00927643784786647
2022-10-18,55800,55800,52500,55200,37759,0.014705882352941124
2022-10-19,55500,56900,54800,55100,27968,-0.0018115942028985588
2022-10-20,55000,56000,53500,54000,58771,-0.019963702359346636
2022-10-21,54100,54900,52000,52300,55474,-0.031481481481481444
2022-10-24,53000,54400,52400,52700,37959,0.007648183556405286
2022-10-25,53200,53200,49050,50900,100395,-0.034155597722960174
2022-10-26,50900,51200,49100,49700,77762,-0.023575638506876273
2022-10-27,49750,50100,48750,49600,107440,-0.002012072434607659
2022-10-28,49600,50100,48900,49050,58736,-0.011088709677419373
2022-10-31,50200,58100,49550,57400,362728,0.17023445463812426
2022-11-01,58600,62100,57200,59600,198729,0.03832752613240409
2022-11-02,59600,63200,58800,60400,123732,0.01342281879194629
2022-11-03,59500,63400,59000,62500,104597,0.0347682119205297
2022-11-04,62500,66200,62500,63800,137541,0.02079999999999993
2022-11-07,64500,65200,62300,63300,67089,-0.00783699059561127
2022-11-08,63600,67300,62700,66900,89877,0.056872037914691864
2022-11-09,67800,69300,66600,67300,63432,0.005979073243647326
2022-11-10,67300,72500,67000,70000,166721,0.04011887072808329
2022-11-11,72000,72100,68500,69500,93507,-0.0071428571428571175
2022-11-14,69800,70400,67500,69300,80358,-0.0028776978417266452
2022-11-15,69300,75500,69100,72200,238634,0.0418470418470418
2022-11-16,72300,74500,70600,73400,84237,0.016620498614958512
2022-11-17,74900,75800,71800,73000,91954,-0.00544959128065392
2022-11-18,74000,75200,72800,73500,97117,0.006849315068493178
2022-11-21,74300,77900,74200,77000,198144,0.04761904761904767
2022-11-22,76700,80100,74500,79900,228668,0.03766233766233773
2022-11-23,80200,85600,79500,85300,290536,0.06758448060075084
2022-11-24,85800,89900,84100,86700,263793,0.016412661195779554
2022-11-25,86900,89000,85900,86200,93328,-0.005767012687427964
2022-11-28,86500,89700,86000,88700,119043,0.029002320185614883
2022-11-29,88700,90800,86300,89800,107454,0.012401352874858995
2022-11-30,89800,90700,84500,84700,148678,-0.056792873051224935
2022-12-01,85700,85700,79900,81200,279182,-0.04132231404958675
2022-12-02,81500,82200,78600,81300,180295,0.0012315270935960854
2022-12-05,80200,81500,78400,79200,98073,-0.02583025830258301
2022-12-06,78900,82500,77800,79600,139302,0.005050505050504972
2022-12-07,78800,80300,76500,77200,97353,-0.03015075376884424
2022-12-08,78100,83000,77800,81700,172943,0.05829015544041449
2022-12-09,81800,84400,79300,81700,109419,0.0
2022-12-12,81700,83000,80500,81500,63244,-0.002447980416156681
2022-12-13,82400,86000,81500,81700,116525,0.0024539877300613355
2022-12-14,82300,82900,79600,81400,69784,-0.003671970624234966
2022-12-15,81600,85500,80600,84000,113188,0.03194103194103204
2022-12-16,82800,84200,80600,81500,75746,-0.029761904761904767
2022-12-19,81200,82600,79800,81900,47578,0.004907975460122671
2022-12-20,81900,85300,80800,83100,102693,0.0146520146520146
2022-12-21,83900,85700,83100,84500,68031,0.016847172081829065
2022-12-22,85400,85500,80200,80700,106532,-0.04497041420118342
2022-12-23,79100,80400,77900,79500,81344,-0.014869888475836479
2022-12-26,79500,81500,78800,81000,45819,0.018867924528301883
2022-12-27,81300,84000,80200,83900,73670,0.03580246913580254
2022-12-28,83800,85000,80700,81300,110639,-0.030989272943980906
2022-12-29,81200,81900,77200,78000,80420,-0.040590405904059046
2023-01-02,78900,78900,73000,74300,115141,-0.04743589743589749
2023-01-03,74500,74900,72200,73700,67814,-0.008075370121130576
2023-01-04,72500,73500,70600,71700,106638,-0.027137042062415184
2023-01-05,72100,72400,67900,70400,147990,-0.018131101813110173
2023-01-06,70100,72900,69400,71200,87856,0.011363636363636465
2023-01-09,71800,72100,70900,71900,69768,0.00983146067415741
2023-01-10,72000,74000,71300,72800,74425,0.012517385257301727
2023-01-11,73800,74200,71900,72600,97325,-0.0027472527472527375
2023-01-12,72800,77000,72800,75300,130580,0.037190082644628086
2023-01-13,75700,76200,73800,75300,78078,0.0
2023-01-16,77600,78300,71700,71800,220387,-0.04648074369189903
2023-01-17,72600,73400,70800,71400,125477,-0.005571030640668551
2023-01-18,71000,71300,68400,68400,142760,-0.04201680672268904
2023-01-19,67900,69000,67300,67600,78268,-0.011695906432748537
2023-01-20,67600,68300,66600,67800,51351,0.002958579881656709
2023-01-25,68400,68400,66700,67100,70149,-0.010324483775811188
2023-01-26,67300,68500,66900,68200,67297,0.016393442622950838
2023-01-27,68500,69900,67000,69200,154699,0.014662756598240456
2023-01-30,69500,70500,68400,69500,76977,0.004335260115607031
2023-01-31,69400,72100,68500,71800,113207,0.03309352517985609
2023-02-01,70900,71400,68300,70100,139363,-0.0236768802228412
2023-02-02,70700,70700,68600,69500,114559,-0.008559201141226769
2023-02-03,69400,70900,68800,70200,91869,0.010071942446043147
2023-02-06,69800,70700,69100,70100,71361,-0.0014245014245014564
2023-02-07,69800,70600,68200,68600,108599,-0.021398002853067033
2023-02-08,68900,69000,67500,68300,81425,-0.004373177842565634
2023-02-09,67800,69100,67800,68100,76877,-0.002928257686676372
2023-02-10,68000,68300,66700,67600,58571,-0.007342143906020504
2023-02-13,67800,68800,67000,68200,68690,0.008875739644970349
2023-02-14,68100,68800,67300,67800,60202,-0.0058651026392961825
2023-02-15,68100,68100,64500,64700,111143,-0.04572271386430682
2023-02-16,64900,68600,64900,68000,104373,0.051004636785162205
2023-02-17,67100,71300,66800,69800,178754,0.026470588235294024
2023-02-20,69600,70500,68000,69300,76157,-0.007163323782234943
2023-02-21,69300,70000,68300,68700,76091,-0.008658008658008698
2023-02-22,68300,71200,68000,69800,145869,0.01601164483260553
2023-02-23,70500,73200,69900,72800,173535,0.042979942693409656
2023-02-24,72900,74200,70400,70800,102625,-0.027472527472527486
2023-02-27,70000,71300,69500,70900,54516,0.0014124293785311437
2023-02-28,70700,72200,70300,71100,68899,0.0028208744710860323
2023-03-02,71200,78000,71200,78000,323585,0.09704641350210963
2023-03-03,78500,78800,76400,77800,131777,-0.002564102564102555
2023-03-06,77800,78200,74900,75300,111511,-0.03213367609254503
2023-03-07,75100,77200,74700,76600,96820,0.01726427622841964
2023-03-08,76200,78200,75800,76000,72669,-0.007832898172323799
2023-03-09,76500,77000,74600,75200,50080,-0.010526315789473717
2023-03-10,74600,76300,72800,73300,48467,-0.025265957446808485
2023-03-13,73000,73000,70000,71900,61604,-0.019099590723055893
2023-03-14,72200,72300,68200,68200,75421,-0.05146036161335188
2023-03-15,69000,71000,69000,70300,60820,0.030791788856304958
2023-03-16,69300,70500,67600,69200,55334,-0.015647226173541973
2023-03-17,69700,70100,67300,67800,56935,-0.020231213872832332
2023-03-20,68300,69500,67500,68000,30953,0.002949852507374562
2023-03-21,69000,69000,67200,67700,34248,-0.004411764705882337
2023-03-22,68400,68500,66300,67600,64773,-0.001477104874446078
2023-03-23,66700,67400,65500,65900,86448,-0.025147928994082802
2023-03-24,66300,67400,64900,66200,54802,0.004552352048558417
2023-03-27,66200,66300,63900,65600,93186,-0.009063444108761365
2023-03-28,66000,67800,65600,67400,59941,0.027439024390243816
2023-03-29,67000,67700,66200,66500,49335,-0.013353115727002929
2023-03-30,67200,67500,66000,67100,67884,0.009022556390977376
2023-03-31,67500,67500,66200,66700,63938,-0.005961251862891204
2023-04-03,67500,72000,67500,70700,194431,0.05997001499250376
2023-04-04,71100,72400,69500,70200,114110,-0.007072135785007094
2023-04-05,70700,72000,70400,71600,88854,0.019943019943019946
2023-04-06,71500,71500,67900,68400,108860,-0.04469273743016755
2023-04-07,69100,69400,66500,68600,59197,0.0029239766081872176
2023-04-10,69100,69300,67200,68200,58750,-0.005830903790087438
2023-04-11,68200,70300,67200,69300,92968,0.016129032258064502
2023-04-12,68900,73600,68500,71600,164082,0.03318903318903321
2023-04-13,71600,77400,71100,76600,260926,0.06983240223463683
2023-04-14,78100,78100,74800,76100,119831,-0.00652741514360311
2023-04-17,76000,81000,75800,79900,204407,0.04993429697766105
2023-04-18,79700,80900,77400,78800,110380,-0.013767209011264048
2023-04-19,79100,79600,76500,77800,102176,-0.012690355329949221
2023-04-20,78100,78100,75400,75800,119520,-0.02570694087403602
2023-04-21,75800,78600,73100,77700,113917,0.02506596306068598
2023-04-24,77900,79900,75100,76000,74744,-0.02187902187902191
2023-04-25,76900,80200,75900,79000,167671,0.03947368421052633
2023-04-26,79500,79500,76100,77100,69700,-0.024050632911392422
2023-04-27,76600,79900,75900,78600,80254,0.01945525291828787
2023-04-28,78100,80400,77600,78500,85460,-0.0012722646310432406
2023-05-02,79500,83800,76500,81700,196898,0.040764331210191074
2023-05-03,81200,82500,80100,80400,65950,-0.01591187270501837
2023-05-04,80500,83400,80300,81800,73944,0.017412935323383172
2023-05-08,81800,84600,81400,81900,91251,0.0012224938875304847
2023-05-09,81600,84200,80200,83000,83772,0.013431013431013383
2023-05-10,83000,83700,81600,82000,32712,-0.012048192771084376
2023-05-11,82600,83800,81900,82500,38194,0.0060975609756097615
2023-05-12,82600,83600,79200,80000,79588,-0.030303030303030276
2023-05-15,79300,80300,77300,79300,49914,-0.008750000000000036
2023-05-16,79300,79700,75300,78000,77908,-0.016393442622950838
2023-05-17,77200,78300,76100,77600,86056,-0.00512820512820511
2023-05-18,78200,78200,76400,77600,42635,0.0
2023-05-19,78000,78000,75600,75600,65500,-0.02577319587628868
2023-05-22,77200,81200,76100,80500,115707,0.06481481481481488
2023-05-23,81400,81800,79300,79600,42648,-0.011180124223602483
2023-05-24,79600,84900,79500,84400,153907,0.06030150753768848
2023-05-25,84000,84800,81400,81500,68134,-0.034360189573459765
2023-05-26,81400,82100,79100,79300,63816,-0.026993865030674802
2023-05-30,78700,81000,78700,80600,42843,0.016393442622950838
2023-05-31,80100,82300,79900,80000,72863,-0.007444168734491274
2023-06-01,79600,82400,79500,81700,58524,0.02124999999999999
2023-06-02,83200,88500,82700,88300,197737,0.08078335373317014
2023-06-05,88200,88900,87000,88000,76802,-0.003397508493771184
2023-06-07,87700,91700,86600,90000,130728,0.022727272727272707
2023-06-08,90400,93200,89900,90700,111594,0.007777777777777883
2023-06-09,91600,95500,91600,95500,153317,0.05292171995589867
2023-06-12,95100,96000,92500,94400,90459,-0.011518324607329822
2023-06-13,94400,96100,92500,93000,58177,-0.014830508474576232
2023-06-14,93000,93500,89700,91200,91400,-0.01935483870967747
2023-06-15,91400,94100,90400,92600,65249,0.015350877192982448
2023-06-16,94500,99500,93700,96400,131833,0.0410367170626349
2023-06-19,95600,99300,95600,98600,62125,0.022821576763485396
2023-06-20,99700,105000,97300,98500,90161,-0.0010141987829614951
2023-06-21,99900,104100,98400,102100,69838,0.03654822335025387
2023-06-22,101200,103500,99400,101200,39568,-0.008814887365328095
2023-06-23,101200,102800,99500,100000,42666,-0.011857707509881465
2023-06-26,100000,102700,99400,101000,48859,0.010000000000000009
2023-06-27,101000,102400,99000,101100,37339,0.000990099009900991
2023-06-28,101100,104300,100700,101300,30372,0.001978239366963397
2023-06-29,101300,102400,97600,100500,72271,-0.007897334649555776
2023-06-30,100500,115400,99700,114900,288116,0.14328358208955216
2023-07-03,117500,123800,115500,116200,191204,0.011314186248912117
2023-07-04,116000,127500,116000,122200,185623,0.051635111876075834
2023-07-05,123000,129400,122200,124300,118807,0.017184942716857554
2023-07-06,123500,130600,120400,121100,129915,-0.02574416733708773
2023-07-07,119500,123100,118900,121900,77943,0.006606110652353392
2023-07-10,124000,124100,117200,123300,78762,0.011484823625922846
2023-07-11,125800,134600,125000,134600,149297,0.09164639091646398
2023-07-12,138100,147000,129500,134000,215713,-0.004457652303120341
2023-07-13,134300,144600,128200,141300,174800,0.05447761194029854
2023-07-14,143100,143100,131100,131300,159985,-0.07077140835102613
2023-07-17,131600,134300,130000,131300,58347,0.0
2023-07-18,131300,132100,127500,129000,58957,-0.017517136329017524
2023-07-19,129000,134900,125200,131300,89035,0.01782945736434116
2023-07-20,132000,136800,129400,133500,71639,0.016755521706016685
2023-07-21,131200,133300,129600,130500,48987,-0.022471910112359605
2023-07-24,129300,133900,126600,133000,67961,0.019157088122605304
2023-07-25,133000,149400,132000,148800,202069,0.1187969924812029
2023-07-26,152000,152100,128500,134700,233478,-0.094758064516129
2023-07-27,138700,141100,125000,126500,113957,-0.06087602078693388
2023-07-28,126200,136900,126200,134300,92130,0.06166007905138349
2023-07-31,163500,174500,155100,174500,638263,0.2993298585256887
2023-08-01,174500,174700,160100,164600,374444,-0.05673352435530088
2023-08-02,165300,173500,164400,166600,227999,0.012150668286755817
2023-08-03,165600,189900,160800,186700,278673,0.12064825930372147
2023-08-04,181300,181300,169000,172800,165660,-0.07445099089448315
2023-08-07,174300,184900,171800,174700,162673,0.01099537037037046
2023-08-08,172100,199600,172100,188900,330607,0.08128219805380654
2023-08-09,189200,195700,181200,191300,136483,0.012705134992059275
2023-08-10,192700,198900,184000,186800,118176,-0.023523261892315683
2023-08-11,187200,188500,181000,186800,75499,0.0
2023-08-14,184800,194900,181800,188100,61511,0.006959314775160541
2023-08-16,186000,198500,184100,186000,114883,-0.011164274322169043
2023-08-17,183600,190000,179600,186900,91592,0.004838709677419395
2023-08-18,186100,190000,181700,186000,63654,-0.0048154093097912964
2023-08-21,187200,194900,184500,190900,66220,0.026344086021505397
2023-08-22,190400,208000,188800,203000,152150,0.06338397066526968
2023-08-23,204000,207500,187500,189800,132322,-0.06502463054187191
2023-08-24,190500,194000,181600,190300,141515,0.0026343519494205214
2023-08-25,185300,197900,185300,193500,80487,0.016815554387808795
2023-08-28,193500,194800,187400,190100,66773,-0.017571059431524594
2023-08-29,190100,193800,187000,192600,56263,0.013150973172014746
2023-08-30,193000,193800,189000,191200,41103,-0.007268951194184803
2023-08-31,191400,200500,190000,200500,90626,0.04864016736401666
2023-09-01,198300,201500,176000,185900,233862,-0.07281795511221945
2023-09-04,186000,190400,184700,187000,81640,0.00591715976331364
2023-09-05,185100,187400,177400,183400,96840,-0.019251336898395754
2023-09-06,182100,183400,176700,180700,72117,-0.014721919302072006
2023-09-07,180800,180900,176200,176700,36056,-0.022136137244050946
2023-09-08,174700,178400,173100,175000,36822,-0.009620826259196358
2023-09-11,175300,191000,172300,184600,157407,0.05485714285714294
2023-09-12,184600,193400,184600,185000,72686,0.0021668472372697867
2023-09-13,183900,183900,173000,174400,106290,-0.05729729729729727
2023-09-14,174600,179700,173700,176700,41021,0.013188073394495348
2023-09-15,176100,191800,176100,182700,113220,0.03395585738539908
2023-09-18,185700,191500,184000,185800,70022,0.016967706622879053
2023-09-19,187400,191500,185500,190900,60244,0.027448869752422
2023-09-20,192500,192900,185000,186400,36877,-0.023572551073860692
2023-09-21,187900,187900,180400,183100,58986,-0.01770386266094426
2023-09-22,179600,186800,177500,184200,34671,0.006007646095030017
2023-09-25,181900,183700,170100,170100,84091,-0.07654723127035834
2023-09-26,168700,173700,166200,166500,73817,-0.021164021164021163
2023-09-27,164800,170800,162500,170000,53928,0.021021021021021102
2023-10-04,169400,169400,159800,161200,59927,-0.051764705882352935
2023-10-05,163600,166500,160500,161600,45829,0.002481389578163684
2023-10-06,161400,164800,161100,162000,28432,0.0024752475247524774
2023-10-10,162700,172600,162000,162700,67187,0.004320987654321096
2023-10-11,165100,168200,161200,167600,46553,0.030116779348494216
2023-10-12,171800,174700,167500,173500,58118,0.035202863961813824
2023-10-13,172000,178500,170100,175800,39249,0.013256484149855918
2023-10-16,173100,183800,168000,180100,76318,0.024459613196814667
2023-10-17,182000,189600,180800,184300,83984,0.023320377568017747
2023-10-18,186000,188800,179400,184300,54721,0.0
2023-10-19,182000,182500,170200,172800,73771,-0.06239826370048829
2023-10-20,170000,176300,162500,174700,90232,0.01099537037037046
2023-10-23,168000,169400,152800,162900,207640,-0.06754436176302236
2023-10-24,164800,174300,164100,174300,66616,0.06998158379373853
2023-10-25,183000,187100,169500,179800,123007,0.031554790590935244
2023-10-26,175000,181800,174000,178900,68903,-0.0050055617352614545
2023-10-27,179400,179800,172800,175600,58877,-0.018446059250978197
2023-10-30,181200,185500,174100,176100,131607,0.0028473804100228595
2023-10-31,178500,180900,167100,170700,85811,-0.030664395229982988
2023-11-01,173000,184000,172000,182800,124630,0.07088459285295845
2023-11-02,184800,185000,180100,182200,69877,-0.003282275711159688
2023-11-03,183900,184300,174800,176800,61636,-0.029637760702524663
2023-11-06,176000,181300,173300,179000,67327,0.012443438914027105
2023-11-07,180900,188900,178300,185400,122317,0.03575418994413404
2023-11-08,189000,198600,180800,182600,134480,-0.015102481121898603
2023-11-09,181100,186900,181000,185000,49717,0.013143483023001057
2023-11-10,186700,194900,185300,193400,103819,0.045405405405405386
2023-11-13,195000,199000,187400,189800,75977,-0.018614270941054833
2023-11-14,193000,193900,183600,190000,85208,0.0010537407797681642
2023-11-15,190200,193300,187800,192600,59020,0.013684210526315743
2023-11-16,191500,206000,190700,204000,122056,0.05919003115264787
2023-11-17,203500,206500,199900,205000,52850,0.004901960784313708
2023-11-20,202500,204000,196100,198700,55703,-0.030731707317073198
2023-11-21,198700,203000,195500,199700,44676,0.0050327126321088045
2023-11-22,201000,205000,194400,194400,63545,-0.026539809714571816
2023-11-23,194500,197500,188200,188700,67162,-0.029320987654321007
2023-11-24,188500,198000,188500,196700,75571,0.04239533651298366
2023-11-27,198000,204500,196100,200000,66322,0.01677681748856119
2023-11-28,198100,204500,196900,202000,51145,0.010000000000000009
2023-11-29,202000,219500,197200,212000,128430,0.04950495049504955
2023-11-30,212500,216500,205000,210000,88721,-0.009433962264150941
2023-12-01,212000,221500,211000,214500,88010,0.021428571428571352
2023-12-04,212500,214500,199700,201500,98349,-0.06060606060606055
2023-12-05,199800,201000,189600,190900,96151,-0.052605459057071924
2023-12-06,190900,193300,184700,185500,102083,-0.028287061288632787
2023-12-07,186000,187900,179600,183500,76434,-0.010781671159029615
2023-12-08,183700,186300,179600,180600,69366,-0.01580381471389647
2023-12-11,180600,186600,178900,184700,74585,0.02270210409745288
2023-12-12,186000,187000,174100,174600,160381,-0.05468327016783969
2023-12-13,174600,174600,166700,168700,157441,-0.03379152348224512
2023-12-14,169500,170700,157100,163200,300981,-0.03260225251926496
2023-12-15,164500,168900,164500,165900,167422,0.016544117647058876
2023-12-18,167900,175400,166700,175100,132859,0.05545509342977706
2023-12-19,176700,177300,167800,169100,94138,-0.03426613363792119
2023-12-20,169100,170900,166000,169100,82030,0.0
2023-12-21,169100,169500,166100,166900,64763,-0.013010053222945017
2023-12-22,168300,169400,165300,165900,49901,-0.005991611743559
2023-12-26,165900,166600,162500,163200,42475,-0.016274864376130238
2023-12-27,162000,164000,160400,162600,51834,-0.003676470588235281
2023-12-28,162800,163400,157500,161900,80175,-0.004305043050430557
2024-01-02,161900,162700,156800,157700,80790,-0.02594193946880785
2024-01-03,157100,171100,156100,167900,192115,0.06467977171845285
2024-01-04,168000,170000,163500,168000,72334,0.0005955926146514745
2024-01-05,169000,173500,165700,169400,74251,0.008333333333333304
2024-01-08,170000,177500,166600,174700,105214,0.031286894923258535
2024-01-09,178000,180000,172900,177000,82743,0.013165426445334916
2024-01-10,179000,180800,176100,176400,52620,-0.003389830508474523
2024-01-11,176400,181400,175700,177300,46879,0.005102040816326481
2024-01-12,177000,184500,171900,181000,79552,0.020868584320360872
2024-01-15,181600,185000,178300,181500,53083,0.0027624309392264568
2024-01-16,182200,183500,173000,173000,74310,-0.04683195592286504
2024-01-17,171100,175400,166000,169000,73239,-0.023121387283236983
2024-01-18,167500,180200,167500,179600,98941,0.06272189349112423
2024-01-19,182700,184500,175200,177500,71585,-0.011692650334075738
2024-01-22,178500,178900,172900,174300,51597,-0.01802816901408455
2024-01-23,172800,187000,171000,185700,120770,0.06540447504302915
2024-01-24,186600,189900,183500,186200,59607,0.002692514808831481
2024-01-25,185000,189500,182200,189000,48378,0.015037593984962516
2024-01-26,188500,189600,183300,185000,38833,-0.021164021164021163
2024-01-29,185500,188500,178400,180500,39123,-0.024324324324324298
2024-01-30,183400,191800,172600,172600,97687,-0.04376731301939063
2024-01-31,173000,179000,168000,171800,77738,-0.004634994206257237
2024-02-01,171000,173500,158400,162200,133773,-0.055878928987194376
2024-02-02,164200,164200,160000,163700,74716,0.009247842170160281
2024-02-05,162000,167000,159500,159800,57996,-0.023824068417837463
2024-02-06,159500,163000,156100,161400,71664,0.01001251564455563
2024-02-07,162000,163100,158500,159200,45943,-0.013630731102850069
2024-02-08,160000,161900,158500,160300,34228,0.006909547738693567
2024-02-13,160300,163700,160300,162300,33571,0.012476606363069243
2024-02-14,160900,164200,159600,162200,37071,-0.0006161429451633227
2024-02-15,162200,175500,161100,174600,115021,0.07644882860665847
2024-02-16,173900,175000,169300,169600,36592,-0.02863688430698741
2024-02-19,169600,170900,164100,168000,60550,-0.009433962264150941
2024-02-20,166800,186800,166800,186100,242641,0.1077380952380953
2024-02-21,186000,187000,181300,183000,56441,-0.016657710908113965
2024-02-22,181400,187800,179800,182500,53799,-0.002732240437158473
2024-02-23,184500,186200,180700,184600,37005,0.011506849315068512
2024-02-26,183300,197600,183200,193600,127525,0.04875406283856987
2024-02-27,197000,199400,190100,192000,93513,-0.008264462809917328
2024-02-28,192800,194500,183600,192000,60174,0.0
2024-02-29,192700,202000,190700,192400,67515,0.002083333333333437
2024-03-04,195800,228000,195000,222500,244415,0.1564449064449065
2024-03-05,228000,241500,223000,230000,185324,0.03370786516853941
2024-03-06,237000,237000,224000,232000,111324,0.008695652173912993
2024-03-07,237000,250000,224500,228500,146165,-0.015086206896551713
2024-03-08,230000,235500,224500,231500,93640,0.013129102844638973
2024-03-11,231500,246000,226500,231500,165510,0.0
2024-03-12,231500,236000,221500,232000,84985,0.002159827213822796
2024-03-13,234500,244500,234000,240000,106653,0.034482758620689724
2024-03-14,240500,254000,233500,237000,133819,-0.012499999999999956
2024-03-15,232500,240000,226000,229500,101702,-0.03164556962025311
2024-03-18,229500,249000,229500,246000,155988,0.07189542483660127
2024-03-19,244000,245500,236000,242000,68983,-0.016260162601625994
2024-03-20,242000,251500,236500,241500,68097,-0.0020661157024793875
2024-03-21,243500,254000,240000,251500,89068,0.04140786749482395
2024-03-22,252000,254000,238500,239000,54608,-0.04970178926441349
2024-03-25,237000,241500,227000,234500,54390,-0.01882845188284521
2024-03-26,234000,243500,230500,241500,47287,0.029850746268656803
2024-03-27,244000,265500,243000,260500,136617,0.07867494824016563
2024-03-28,260000,290000,255000,277500,124858,0.06525911708253362
2024-03-29,274500,293500,268000,284000,100099,0.023423423423423406
2024-04-01,289500,290000,269000,288000,69395,0.014084507042253502
2024-04-02,290500,290500,273500,290000,59374,0.00694444444444442
2024-04-03,290500,291000,276000,284000,67697,-0.020689655172413834
2024-04-04,284000,320000,284000,307000,134050,0.08098591549295775
2024-04-05,302000,325000,287000,303000,99002,-0.013029315960912058
2024-04-08,301500,319000,292500,297000,109996,-0.01980198019801982
2024-04-09,306500,320000,303000,308000,127307,0.03703703703703698
2024-04-11,302000,323500,294500,317000,123014,0.02922077922077926
2024-04-12,325000,349000,310500,339000,280668,0.06940063091482651
2024-04-15,339000,357000,328000,340000,157483,0.002949852507374562
2024-04-16,331000,337000,282500,292000,306560,-0.14117647058823535
2024-04-17,297500,314500,290500,308500,181522,0.05650684931506844
2024-04-18,312000,332000,309000,328000,161574,0.06320907617504057
2024-04-19,328000,329000,296500,313500,202507,-0.044207317073170715
2024-04-22,303500,310500,273500,277000,261595,-0.11642743221690588
2024-04-23,285000,292500,261000,284500,330768,0.02707581227436817
2024-04-24,290000,294000,277000,292000,192880,0.026362038664323295
2024-04-25,283500,293000,271500,271500,154211,-0.0702054794520548
2024-04-26,279500,295500,274000,291000,238242,0.07182320441988943
2024-04-29,289000,318500,284000,312000,246595,0.07216494845360821
2024-04-30,316500,329000,310000,313000,165784,0.0032051282051281937
2024-05-02,313000,318000,300000,307000,66048,-0.019169329073482455
2024-05-03,313500,313500,287000,288500,134439,-0.06026058631921827
2024-05-07,297000,306500,288000,298000,128298,0.032928942807625594
2024-05-08,300000,313000,294000,305000,106425,0.02348993288590595
2024-05-09,302500,322000,302500,320500,141161,0.050819672131147575
2024-05-10,328000,328000,314000,324000,129001,0.010920436817472678
2024-05-13,327000,332500,310000,319000,186510,-0.015432098765432056
2024-05-14,315000,316000,301000,309500,153238,-0.029780564263322873
2024-05-16,309500,318500,296000,314500,190544,0.016155088852988664
2024-05-17,332500,408500,320000,370500,1892302,0.17806041335453093
2024-05-20,373000,447000,365500,419500,659200,0.13225371120107954
2024-05-21,416000,434500,407000,419500,256137,0.0
2024-05-22,430000,431000,402500,404500,176406,-0.035756853396901045
2024-05-23,395000,418500,385500,409000,197798,0.011124845488257096
2024-05-24,396500,426000,396500,416500,195102,0.01833740831295838
2024-05-27,425500,455500,415000,429000,240392,0.03001200480192079
2024-05-28,430000,469000,423000,449500,186833,0.04778554778554778
2024-05-29,459500,465500,430500,437500,144244,-0.026696329254727424
2024-05-30,434500,443500,419500,431500,107953,-0.013714285714285679
2024-05-31,428500,455500,423000,442000,173312,0.024333719582850577
2024-06-03,442000,443000,404000,427000,153683,-0.0339366515837104
2024-06-04,420500,431500,405500,408500,155448,-0.04332552693208436
2024-06-05,408500,410000,382000,384500,180970,-0.05875152998776012
2024-06-07,379500,383500,366500,371000,164569,-0.03511053315994794
2024-06-10,367000,399000,363500,396500,169096,0.06873315363881405
2024-06-11,405000,409000,388000,396000,125533,-0.0012610340479193294
2024-06-12,397000,402000,358500,367000,281824,-0.0732323232323232
2024-06-13,372500,379000,362000,365000,155522,-0.00544959128065392
2024-06-14,371000,380500,365000,374500,167903,0.026027397260274032
2024-06-17,383000,384000,364000,375000,92407,0.001335113484646211
2024-06-18,380500,388000,373000,375500,84616,0.0013333333333334085
2024-06-19,379500,387500,360500,364500,117338,-0.02929427430093212
2024-06-20,362000,368500,352000,357000,79154,-0.020576131687242816
2024-06-21,357000,377500,355000,376500,141271,0.054621848739495826
2024-06-24,376500,378000,355000,360000,89415,-0.043824701195219085
2024-06-25,359500,371000,356000,363000,58355,0.008333333333333304
2024-06-26,363500,372000,357500,363000,56244,0.0
2024-06-27,359500,370000,357000,365000,173608,0.005509641873278293
2024-06-28,367000,373500,344000,346000,264766,-0.05205479452054795
2024-07-01,344500,345500,316000,319000,295819,-0.0780346820809249
2024-07-02,320500,350000,310000,338000,327251,0.059561128526645746
2024-07-03,344500,353000,325500,329500,125425,-0.025147928994082802
2024-07-04,327000,330000,310000,314500,164127,-0.04552352048558417
2024-07-05,312000,318500,304500,310500,101789,-0.012718600953895098
2024-07-08,318000,336500,317500,331000,157076,0.06602254428341392
2024-07-09,338500,347000,335000,346000,126796,0.0453172205438066
2024-07-10,352500,390000,348000,390000,333701,0.12716763005780352
2024-07-11,394000,416000,378000,383500,324569,-0.01666666666666672
2024-07-12,378500,393500,367000,381000,154610,-0.006518904823989535
2024-07-15,385500,404500,382500,392000,134184,0.028871391076115582
2024-07-16,394500,396500,382000,393000,105019,0.0025510204081633514
2024-07-17,393000,396000,370500,370500,121130,-0.057251908396946605
2024-07-18,372000,373500,337500,349000,216914,-0.05802968960863697
2024-07-19,342000,356500,333000,344500,98721,-0.012893982808022897
2024-07-22,340500,345000,315500,325500,151793,-0.055152394775036306
2024-07-23,332000,365000,320500,359000,333832,0.10291858678955457
2024-07-24,359500,389000,357000,365000,248881,0.01671309192200554
2024-07-25,350000,357500,326000,326000,183529,-0.10684931506849316
2024-07-26,335000,351000,327000,336000,131499,0.030674846625766916
2024-07-29,327000,365000,325000,339000,191205,0.008928571428571397
2024-07-30,339000,339500,307000,320000,201336,-0.05604719764011801
2024-07-31,314000,326500,307000,311000,107968,-0.028124999999999956
2024-08-01,326500,332000,318000,318000,87238,0.022508038585209
2024-08-02,305000,312500,278500,280500,216169,-0.11792452830188682
2024-08-05,269500,272000,231000,252000,174631,-0.10160427807486627
2024-08-06,265500,275000,256000,266500,118331,0.05753968253968256
2024-08-07,267000,286000,267000,277500,91720,0.0412757973733584
2024-08-08,268000,277500,268000,273000,66666,-0.01621621621621616
2024-08-09,284000,288500,281500,285000,70140,0.04395604395604402
2024-08-12,286500,293500,279000,291000,46902,0.021052631578947434
2024-08-13,289500,292500,277500,282500,51868,-0.029209621993127155
2024-08-14,289000,298500,283500,287000,60590,0.015929203539823078
2024-08-16,296500,315500,295000,311500,102545,0.08536585365853666
2024-08-19,311000,315500,302000,310000,44337,-0.0048154093097912964
2024-08-20,320500,330000,317000,329500,75305,0.06290322580645169
2024-08-21,325000,339500,317500,335500,63870,0.018209408194233667
2024-08-22,344500,350000,332500,340500,62482,0.014903129657227954
2024-08-23,332500,341000,327500,336000,53588,-0.013215859030836996
2024-08-26,336000,341500,318500,320000,64357,-0.04761904761904767
2024-08-27,320000,320000,292500,299500,171023,-0.06406250000000002
2024-08-28,297500,300000,292500,296000,64112,-0.011686143572620988
2024-08-29,288000,289000,275000,282000,125221,-0.04729729729729726
2024-08-30,288000,292500,282000,289500,67484,0.02659574468085113
2024-09-02,292000,294000,281500,284000,44366,-0.01899827288428324
2024-09-03,285500,292000,284000,286000,55260,0.007042253521126751
2024-09-04,269500,279500,267500,270000,87309,-0.05594405594405594
2024-09-05,275500,276500,254000,257000,83996,-0.04814814814814816
2024-09-06,255000,256000,242500,248500,88607,-0.03307392996108949
2024-09-09,242500,274500,239000,273500,77504,0.10060362173038229
2024-09-10,279000,288000,273000,276000,73438,0.009140767824497242
2024-09-11,276000,301000,275500,289500,105531,0.048913043478260976
2024-09-12,300000,302000,296000,297000,66586,0.02590673575129543
2024-09-13,299000,300000,289000,289500,32703,-0.025252525252525304
2024-09-19,299500,321000,298000,321000,111158,0.10880829015544036
2024-09-20,334000,335000,313000,315000,117624,-0.01869158878504673
2024-09-23,318500,340000,318500,339000,147552,0.07619047619047614
2024-09-24,335500,351500,335500,342000,75720,0.008849557522123908
2024-09-25,343000,355000,332000,338000,93837,-0.011695906432748537
2024-09-26,349000,364500,344500,357500,96130,0.05769230769230771
2024-09-27,367000,367000,353500,355000,53573,-0.006993006993006978
2024-09-30,351500,357000,346000,348500,66479,-0.018309859154929553
2024-10-02,347000,356000,345500,349500,44291,0.0028694404591105283
2024-10-04,351500,352500,341500,350500,49666,0.0028612303290413976
2024-10-07,351000,369500,348000,365500,121662,0.042796005706134066
2024-10-08,368500,378500,358000,363500,71144,-0.005471956224350261
2024-10-10,371500,381500,367000,373000,93946,0.026134800550206227
2024-10-11,376000,380000,363500,373000,69861,0.0
2024-10-14,375000,399000,374500,396000,114948,0.06166219839142095
2024-10-15,400000,406500,392000,394000,60157,-0.005050505050505083
2024-10-16,387500,404500,380000,399000,82441,0.012690355329949332
2024-10-17,404500,419000,404500,406500,70338,0.018796992481203034
2024-10-18,414500,418500,401500,406500,55187,0.0
2024-10-21,409000,410000,394000,398500,64586,-0.019680196801967975
2024-10-22,397000,399000,381500,390500,71253,-0.020075282308657516
2024-10-23,386500,396500,380500,392500,53497,0.005121638924455718
2024-10-24,389000,392000,382000,389000,48451,-0.008917197452229297
2024-10-25,393000,408500,384500,392000,87967,0.007712082262210762
2024-10-28,391500,410500,391500,395500,84858,0.008928571428571397
2024-10-29,398500,412000,397500,405000,54419,0.02402022756005051
2024-10-30,407500,408500,397500,405000,30019,0.0
2024-10-31,400000,406000,394000,401000,48275,-0.00987654320987652
2024-11-01,409000,421500,390000,417500,160258,0.041147132169575995
2024-11-04,425500,445000,416000,443500,108968,0.0622754491017965
2024-11-05,442500,457000,437000,450000,78414,0.014656144306651742
2024-11-06,459000,487000,455000,468000,162231,0.040000000000000036
2024-11-07,477500,483000,455000,462000,86342,-0.012820512820512775
2024-11-08,462000,480000,451000,461500,79221,-0.0010822510822511289
2024-11-11,462000,500000,462000,493000,131453,0.06825568797399773
2024-11-12,496000,518000,487500,500000,128624,0.014198782961460488
2024-11-13,490000,491500,455000,459000,115044,-0.08199999999999996
2024-11-14,459000,495000,459000,479500,78194,0.04466230936819171
2024-11-15,473500,477500,457000,466500,74148,-0.027111574556829998
2024-11-18,471000,471500,446000,450500,84125,-0.03429796355841375
2024-11-19,445500,457500,443500,456000,64572,0.01220865704772467
2024-11-20,464000,475000,446500,451000,80014,-0.010964912280701733
