Date,Open,High,Low,Close,Volume,Change
2022-01-03,76700,76700,75500,75700,5497,-0.01432291666666663
2022-01-04,76400,76400,75700,75800,2090,0.0013210039630118242
2022-01-05,76000,76200,75800,76200,2504,0.005277044854881341
2022-01-06,77000,77500,76500,76500,2691,0.003937007874015741
2022-01-07,77000,77000,75900,76400,645,-0.0013071895424836555
2022-01-10,76400,76400,75600,75600,1774,-0.010471204188481686
2022-01-11,76400,76400,75200,75200,1901,-0.005291005291005346
2022-01-12,75300,76000,75200,75400,818,0.0026595744680850686
2022-01-13,75400,75900,75300,75600,1439,0.0026525198938991412
2022-01-14,75700,76000,75500,75600,1401,0.0
2022-01-17,75400,75500,75200,75200,873,-0.005291005291005346
2022-01-18,75200,75700,75000,75200,925,0.0
2022-01-19,75000,75200,73600,73800,2360,-0.018617021276595702
2022-01-20,73900,74000,73000,73600,2274,-0.0027100271002710175
2022-01-21,73300,74300,73300,73500,1306,-0.0013586956521739468
2022-01-24,73600,74200,73100,73100,2716,-0.0054421768707483276
2022-01-25,72100,73000,71800,71800,3506,-0.017783857729138153
2022-01-26,71800,72500,71500,71500,1659,-0.004178272980501441
2022-01-27,72200,72200,70700,71000,1783,-0.006993006993006978
2022-01-28,71800,72300,71100,72300,1687,0.018309859154929553
2022-02-03,72300,73700,72000,72300,1693,0.0
2022-02-04,72300,72900,72300,72400,1115,0.0013831258644536604
2022-02-07,72400,73200,72400,72900,1127,0.006906077348066253
2022-02-08,73800,73800,72800,72800,665,-0.00137174211248281
2022-02-09,73900,73900,72600,73500,1226,0.009615384615384581
2022-02-10,73500,73800,72600,73300,1327,-0.0027210884353741083
2022-02-11,73800,73800,73400,73800,1052,0.006821282401091366
2022-02-14,74700,76900,73800,76000,6402,0.02981029810298108
2022-02-15,75100,77600,75100,77300,5543,0.017105263157894735
2022-02-16,77300,77700,76600,77100,2419,-0.002587322121604174
2022-02-17,77600,78000,77000,78000,2868,0.011673151750972721
2022-02-18,78000,78000,77100,78000,1157,0.0
2022-02-21,78000,78400,77400,77900,1995,-0.0012820512820512775
2022-02-22,78300,78300,77800,78000,1048,0.0012836970474967568
2022-02-23,78000,78500,76900,78000,944,0.0
2022-02-24,78000,78000,76800,77100,1864,-0.011538461538461497
2022-02-25,77100,78000,77000,77900,560,0.01037613488975353
2022-02-28,78300,78300,77700,78100,1288,0.0025673940949935137
2022-03-02,78600,78600,77800,78100,1065,0.0
2022-03-03,78600,78600,77900,78300,1435,0.00256081946222797
2022-03-04,78700,79000,77900,78400,2651,0.0012771392081736277
2022-03-07,78000,78800,78000,78400,1392,0.0
2022-03-08,77900,78700,77900,78600,1422,0.0025510204081633514
2022-03-10,79000,79000,78100,78700,738,0.0012722646310432406
2022-03-11,78900,79200,78500,79100,1774,0.0050825921219821435
2022-03-14,79100,80800,79100,80800,6321,0.02149178255372952
2022-03-15,80800,80800,80000,80000,1543,-0.00990099009900991
2022-03-16,80800,80800,79700,79800,1079,-0.0024999999999999467
2022-03-17,80000,80700,79700,80400,1571,0.007518796992481258
2022-03-18,80700,80700,79800,80300,679,-0.0012437810945273853
2022-03-21,80700,80700,80000,80300,864,0.0
2022-03-22,80300,80600,79900,80500,1237,0.00249066002490661
2022-03-23,80800,80800,80300,80400,580,-0.001242236024844745
2022-03-24,80400,80700,80200,80700,880,0.003731343283582156
2022-03-25,80700,80800,80400,80800,1344,0.0012391573729864103
2022-03-28,80800,80900,80400,80800,2135,0.0
2022-03-29,81000,81000,80500,80800,1234,0.0
2022-03-30,80800,81000,80600,80600,973,-0.0024752475247524774
2022-03-31,80600,80900,80500,80800,2179,0.002481389578163684
2022-04-01,80900,81000,80700,80800,893,0.0
2022-04-04,80800,81800,80600,81400,3159,0.007425742574257432
2022-04-05,81500,82000,81100,81100,1647,-0.0036855036855036882
2022-04-06,81100,82400,81100,81800,2617,0.008631319358816336
2022-04-07,82100,82200,81300,81400,1508,-0.004889975550122272
2022-04-08,81800,81800,81500,81600,780,0.002457002457002533
2022-04-11,81600,82600,81500,82100,2194,0.006127450980392135
2022-04-12,82100,82200,81400,81800,682,-0.0036540803897685548
2022-04-13,82200,82200,81500,81500,367,-0.003667481662591676
2022-04-14,82000,83000,81500,81600,1489,0.0012269938650306678
2022-04-15,82100,82100,81200,81300,754,-0.003676470588235281
2022-04-18,81500,82000,81200,81300,815,0.0
2022-04-19,82100,82100,81100,81200,419,-0.0012300123001229846
2022-04-20,81800,81900,81300,81500,535,0.003694581280788256
2022-04-21,81500,82000,81400,81800,542,0.0036809815950920033
2022-04-22,81900,82000,81000,81200,1636,-0.007334963325183352
2022-04-25,81500,81500,79500,81000,2046,-0.0024630541871921707
2022-04-26,81500,81700,80100,81100,853,0.0012345679012346622
2022-04-27,81700,81700,80200,80200,1626,-0.011097410604192337
2022-04-28,80700,81000,79900,80600,1000,0.004987531172069737
2022-04-29,81200,81200,79600,80600,1375,0.0
2022-05-02,80600,80800,80500,80800,671,0.002481389578163684
2022-05-03,80800,82500,80200,81600,1043,0.00990099009900991
2022-05-04,81100,81700,80500,80800,798,-0.009803921568627416
2022-05-06,80900,81000,80100,81000,766,0.0024752475247524774
2022-05-09,81000,81000,80000,80000,911,-0.012345679012345734
2022-05-10,80000,80000,79400,79800,1190,-0.0024999999999999467
2022-05-11,79800,80200,79600,80200,644,0.005012531328320913
2022-05-12,80200,80200,79700,79900,1106,-0.0037406483790524137
2022-05-13,80000,80000,79400,79900,808,0.0
2022-05-16,79900,80000,79100,79800,1057,-0.0012515644555695093
2022-05-17,79800,79800,78700,79400,2710,-0.005012531328320802
2022-05-18,79400,79500,79000,79200,1259,-0.0025188916876573986
2022-05-19,79400,79400,78500,78600,1588,-0.007575757575757569
2022-05-20,78900,79200,78600,79000,1018,0.0050890585241729624
2022-05-23,79000,79200,78700,79100,442,0.0012658227848101333
2022-05-24,79200,79200,78900,79000,690,-0.0012642225031606058
2022-05-25,79100,79100,78400,79000,1342,0.0
2022-05-26,79100,79200,78500,78900,1731,-0.0012658227848101333
2022-05-27,79000,79000,78400,78800,1086,-0.0012674271229404788
2022-05-30,78900,79000,77900,78800,2511,0.0
2022-05-31,78800,78900,77900,78100,3088,-0.008883248730964466
2022-06-02,78300,78300,77900,78000,995,-0.001280409731113985
2022-06-03,78100,78100,77500,77800,1664,-0.002564102564102555
2022-06-07,77800,77900,77200,77800,1052,0.0
2022-06-08,78200,78400,76900,77000,1697,-0.010282776349614386
2022-06-09,77000,77300,76600,77000,730,0.0
2022-06-10,76600,77200,76500,77000,1393,0.0
2022-06-13,77000,77000,75000,75900,2681,-0.014285714285714235
2022-06-14,75900,75900,74900,75400,1842,-0.006587615283267456
2022-06-15,75400,75400,73600,74000,2077,-0.018567639257294433
2022-06-16,73300,75000,73300,74400,1104,0.00540540540540535
2022-06-17,73600,75600,73600,74400,905,0.0
2022-06-20,74500,74800,73100,73400,1946,-0.013440860215053752
2022-06-21,73500,74600,73100,73400,926,0.0
2022-06-22,73500,73500,72000,72200,2089,-0.016348773841961872
2022-06-23,72300,72900,71200,71600,4247,-0.008310249307479256
2022-06-24,71800,71900,71200,71700,2423,0.0013966480446927498
2022-06-27,72100,72400,71600,71900,1355,0.002789400278939924
2022-06-28,72600,72900,72000,72900,594,0.013908205841446364
2022-06-29,72900,74100,72600,74100,1591,0.016460905349794164
2022-06-30,74500,74500,73600,74500,971,0.005398110661268607
2022-07-01,74400,74800,73200,73400,1276,-0.014765100671140896
2022-07-04,73400,74900,72500,73200,677,-0.0027247956403270157
2022-07-05,72500,74500,72500,74500,793,0.01775956284153013
2022-07-06,74300,74800,73800,73900,468,-0.008053691275167751
2022-07-07,73400,74300,72900,74300,435,0.005412719891745521
2022-07-08,73500,74200,73400,73400,919,-0.012113055181695809
2022-07-11,73400,74000,73000,73500,380,0.0013623978201635634
2022-07-12,74000,74000,72400,72900,739,-0.008163265306122436
2022-07-13,72900,73200,71900,72700,842,-0.002743484224965731
2022-07-14,72800,73100,70700,70900,3777,-0.024759284731774467
2022-07-15,71400,71400,69900,70500,2396,-0.005641748942172065
2022-07-18,70600,71500,70000,70300,3123,-0.0028368794326241176
2022-07-19,70300,72000,69100,71800,1761,0.021337126600284417
2022-07-20,73400,73400,71600,72500,836,0.009749303621169991
2022-07-21,73100,73200,72200,72900,752,0.0055172413793103114
2022-07-22,73200,73200,71700,72900,820,0.0
2022-07-25,73100,73100,72300,72600,642,-0.004115226337448541
2022-07-26,73100,73100,72500,72600,246,0.0
2022-07-27,73200,73200,72200,72900,451,0.004132231404958775
2022-07-28,72400,73100,72200,73000,723,0.00137174211248281
2022-07-29,73400,73400,72100,72100,990,-0.012328767123287676
2022-08-01,72500,72500,71900,72200,699,0.001386962552011095
2022-08-02,72500,72500,71500,72200,1298,0.0
2022-08-03,72200,72500,71600,72500,573,0.0041551246537396835
2022-08-04,72900,72900,72300,72500,440,0.0
2022-08-05,72500,72700,70700,72300,1076,-0.0027586206896551557
2022-08-08,72300,72600,72100,72500,441,0.0027662517289073207
2022-08-09,72600,72800,72100,72500,640,0.0
2022-08-10,72800,72800,72100,72200,583,-0.004137931034482789
2022-08-11,72600,72600,72000,72300,1013,0.0013850415512466352
2022-08-12,72200,72600,72000,72500,1228,0.0027662517289073207
2022-08-16,72600,72700,72300,72500,1928,0.0
2022-08-17,72800,72900,72000,72800,1579,0.004137931034482678
2022-08-18,73200,73200,72700,73000,583,0.0027472527472527375
2022-08-19,73400,73400,72800,73000,1405,0.0
2022-08-22,73000,73000,71900,72000,1302,-0.013698630136986356
2022-08-23,71200,72300,70800,71700,914,-0.004166666666666652
2022-08-24,72200,72200,71500,72000,919,0.004184100418409997
2022-08-25,72400,72400,71500,71900,750,-0.001388888888888884
2022-08-26,71900,72000,71700,72000,597,0.0013908205841446364
2022-08-29,70600,71500,70600,70800,3442,-0.01666666666666672
2022-08-30,70800,71700,70500,70500,1610,-0.004237288135593209
2022-08-31,71000,71400,70400,70600,1758,0.0014184397163119478
2022-09-01,70800,70900,69900,70300,5169,-0.004249291784702569
2022-09-02,70400,70500,69800,70000,2004,-0.004267425320056861
2022-09-05,70000,70300,69900,70300,1033,0.004285714285714226
2022-09-06,70300,70500,70000,70500,1380,0.002844950213371167
2022-09-07,70500,71400,70000,70200,1360,-0.004255319148936176
2022-09-08,70500,70500,70200,70500,876,0.004273504273504258
2022-09-13,70500,70900,70400,70800,1404,0.004255319148936065
2022-09-14,70500,70500,69900,70200,1923,-0.008474576271186418
2022-09-15,70200,70700,70200,70700,702,0.007122507122507171
2022-09-16,70500,70600,70000,70400,2057,-0.004243281471004279
2022-09-19,70400,70500,69900,70200,1130,-0.0028409090909090606
2022-09-20,70300,70300,70000,70000,1323,-0.002849002849002802
2022-09-21,70300,70400,69900,70100,711,0.0014285714285713347
2022-09-22,70100,70100,69800,70100,1057,0.0
2022-09-23,70100,70200,69900,70200,1335,0.0014265335235377208
2022-09-26,69700,70100,69000,69600,2997,-0.008547008547008517
2022-09-27,69000,69600,69000,69500,1631,-0.001436781609195359
2022-09-28,69500,69600,68600,68800,1724,-0.010071942446043147
2022-09-29,69000,69200,68400,68700,1192,-0.0014534883720930258
2022-09-30,68300,69200,68200,68700,1193,0.0
2022-10-04,68800,69100,68500,68600,1273,-0.0014556040756914523
2022-10-05,69000,69500,68300,68300,1445,-0.004373177842565634
2022-10-06,69000,69000,68400,68900,659,0.008784773060029227
2022-10-07,68900,69100,68600,68900,277,0.0
2022-10-11,68900,71900,68000,68100,1767,-0.011611030478954953
2022-10-12,68100,68700,67600,68000,1286,-0.001468428781204123
2022-10-13,68000,68000,65900,66900,3260,-0.016176470588235348
2022-10-14,66900,68400,65700,67000,3329,0.001494768310911887
2022-10-17,67100,67800,66200,66600,1099,-0.005970149253731294
2022-10-18,66600,67200,66500,67200,2093,0.009009009009008917
2022-10-19,67200,67300,66600,67300,1502,0.0014880952380953438
2022-10-20,67100,67100,66000,66500,972,-0.011887072808320909
2022-10-21,66600,66700,66100,66600,1394,0.0015037593984963404
2022-10-24,67400,67400,65600,66000,1875,-0.009009009009009028
2022-10-25,66000,66300,65000,65200,2443,-0.012121212121212088
2022-10-26,65200,65300,64800,65200,1566,0.0
2022-10-27,65200,65600,65000,65300,1341,0.0015337423312884457
2022-10-28,65300,65800,65200,65800,833,0.007656967840734996
2022-10-31,65700,67400,65600,67200,937,0.02127659574468077
2022-11-01,67200,68300,67200,67800,1272,0.008928571428571397
2022-11-02,67900,68800,66800,67500,1521,-0.004424778761061954
2022-11-03,67500,68300,66600,67200,1613,-0.004444444444444473
2022-11-04,67200,67800,66700,67300,916,0.0014880952380953438
2022-11-07,67300,67400,66900,67000,696,-0.004457652303120341
2022-11-08,67100,67300,67000,67000,1969,0.0
2022-11-09,67100,67900,67100,67900,1200,0.013432835820895495
2022-11-10,67900,68900,67800,68500,1164,0.008836524300441795
2022-11-11,69400,70100,68600,69800,2410,0.01897810218978102
2022-11-14,70100,70400,69100,70000,785,0.002865329512893977
2022-11-15,69300,70900,69300,70800,1551,0.011428571428571344
2022-11-16,70800,71400,69800,70800,1333,0.0
2022-11-17,70800,71000,70500,70800,601,0.0
2022-11-18,71100,71400,70500,70900,769,0.0014124293785311437
2022-11-21,70800,70900,70200,70900,1044,0.0
2022-11-22,70900,71300,70000,70500,1201,-0.005641748942172065
2022-11-23,70600,70700,69600,70600,1922,0.0014184397163119478
2022-11-24,70600,71000,70100,70900,509,0.004249291784702569
2022-11-25,70900,71700,70600,71500,1200,0.008462623413258097
2022-11-28,71500,71600,70000,71600,1807,0.0013986013986013734
2022-11-29,71100,71900,71100,71800,737,0.0027932960893854997
2022-11-30,71800,71900,71000,71700,1047,-0.0013927576601671099
2022-12-01,71700,72200,71200,72200,3330,0.0069735006973501434
2022-12-02,71500,72400,71500,72300,1192,0.0013850415512466352
2022-12-05,72300,72700,72100,72600,459,0.004149377593360981
2022-12-06,72700,73000,72100,72800,1314,0.0027548209366390353
2022-12-07,72700,72800,72200,72600,582,-0.0027472527472527375
2022-12-08,72600,72900,72300,72700,383,0.0013774104683195176
2022-12-09,73100,73300,72700,73300,595,0.008253094910591452
2022-12-12,73300,73300,72900,73100,371,-0.0027285129604365244
2022-12-13,73100,73300,72800,73300,267,0.002735978112175186
2022-12-14,73400,73400,72600,73400,821,0.0013642564802183177
2022-12-15,73400,73400,72700,73400,414,0.0
2022-12-16,73200,73300,72800,73300,393,-0.0013623978201634523
2022-12-19,73300,73300,72300,73000,1158,-0.004092769440654842
2022-12-20,73000,73400,72800,72900,1181,-0.00136986301369868
2022-12-21,72800,73400,72800,73300,1010,0.005486968449931462
2022-12-22,73300,73800,73300,73500,1385,0.0027285129604366354
2022-12-23,73600,74000,73200,74000,2274,0.006802721088435382
2022-12-26,74000,75000,74000,74900,2524,0.012162162162162149
2022-12-27,74900,75500,74200,75300,7814,0.005340453938584844
2022-12-28,72000,72000,69000,70100,7002,-0.06905710491367867
2022-12-29,69000,69800,68500,69000,2693,-0.015691868758915817
2023-01-02,68700,68700,67500,67500,1721,-0.021739130434782594
2023-01-03,67500,67500,65500,65500,3056,-0.029629629629629672
2023-01-04,65500,69900,65300,66500,1922,0.01526717557251911
2023-01-05,66500,67000,66500,66600,466,0.0015037593984963404
2023-01-06,66600,68000,66600,68000,492,0.021021021021021102
2023-01-09,68900,68900,67300,68000,1023,0.0
2023-01-10,68000,68300,66800,68000,1082,0.0
2023-01-11,68700,68700,67700,68500,1226,0.007352941176470562
2023-01-12,68500,68500,67500,68200,856,-0.004379562043795637
2023-01-13,68200,68700,68000,68300,1118,0.0014662756598240456
2023-01-16,68300,68800,67900,68000,1128,-0.004392386530014614
2023-01-17,68000,68200,67200,67500,1174,-0.007352941176470562
2023-01-18,67500,68300,67400,67700,300,0.002962962962963056
2023-01-19,67300,68400,67300,68300,522,0.008862629246676468
2023-01-20,68200,68600,67800,68200,448,-0.0014641288433382416
2023-01-25,68800,68800,67600,67900,1270,-0.004398826979472137
2023-01-26,67900,68100,67500,68100,961,0.002945508100147265
2023-01-27,68700,69100,68400,68700,754,0.008810572687224738
2023-01-30,68700,68700,68000,68400,747,-0.004366812227074246
2023-01-31,68400,69000,68400,68800,617,0.005847953216374213
2023-02-01,68700,69200,68400,69200,2500,0.005813953488372103
2023-02-02,69200,70100,69200,70100,992,0.013005780346820872
2023-02-03,70100,71300,69800,71300,1186,0.017118402282453538
2023-02-06,70600,71200,66500,70300,1034,-0.014025245441795287
2023-02-07,69000,70400,69000,70300,667,0.0
2023-02-08,70300,70900,69800,70900,741,0.008534850640113723
2023-02-09,70600,70600,69200,69600,2553,-0.01833568406205921
2023-02-10,69600,70100,69300,70100,1171,0.007183908045977017
2023-02-13,69900,70900,69500,70900,1319,0.011412268188302432
2023-02-14,70900,72200,70900,71700,7198,0.01128349788434413
2023-02-15,71700,72300,71400,72000,2708,0.004184100418409997
2023-02-16,71700,72400,71700,72200,2371,0.002777777777777768
2023-02-17,72100,72700,72000,72400,2019,0.0027700831024930483
2023-02-20,73300,73300,71900,72200,1881,-0.002762430939226568
2023-02-21,72200,72400,71800,72000,1435,-0.0027700831024930483
2023-02-22,72000,72400,71300,71900,967,-0.001388888888888884
2023-02-23,71900,72400,71500,71600,1109,-0.004172461752433909
2023-02-24,72200,72400,71100,71400,2012,-0.0027932960893854997
2023-02-27,71400,72100,70800,71200,1496,-0.0028011204481792618
2023-02-28,71300,71800,71200,71400,411,0.002808988764045006
2023-03-02,71900,71900,70900,71400,801,0.0
2023-03-03,71400,71500,71000,71300,1341,-0.0014005602240896309
2023-03-06,71300,71300,70600,70600,1389,-0.009817671809256634
2023-03-07,71200,71200,70300,70500,2847,-0.0014164305949008194
2023-03-08,71000,71100,69900,69900,2389,-0.008510638297872353
2023-03-09,70300,70400,69700,70300,1999,0.005722460658083017
2023-03-10,70300,70700,69700,70300,1138,0.0
2023-03-13,69700,70100,69400,70000,2189,-0.004267425320056861
2023-03-14,69800,69800,69100,69600,1266,-0.005714285714285672
2023-03-15,69600,69700,68200,68800,2512,-0.011494252873563204
2023-03-16,68200,69500,68100,68700,2159,-0.0014534883720930258
2023-03-17,68700,69500,68600,69500,2004,0.011644832605531397
2023-03-20,69800,70000,69200,69900,1140,0.0057553956834532904
2023-03-21,69900,69900,69500,69600,812,-0.0042918454935622075
2023-03-22,70000,70000,68800,69300,1111,-0.004310344827586188
2023-03-23,69300,69300,68500,69300,1286,0.0
2023-03-24,69800,70000,68800,69300,1135,0.0
2023-03-27,69400,69400,68500,69100,1088,-0.0028860028860029363
2023-03-28,69100,69700,68700,69200,657,0.0014471780028944004
2023-03-29,68800,70200,68800,70100,2214,0.013005780346820872
2023-03-30,70100,70500,70000,70300,1066,0.0028530670470756636
2023-03-31,70400,70500,70200,70500,1089,0.002844950213371167
2023-04-03,70500,70500,69700,70500,1198,0.0
2023-04-04,70400,70500,69900,70500,903,0.0
2023-04-05,70700,70700,70100,70500,520,0.0
2023-04-06,70500,71000,70400,70600,1076,0.0014184397163119478
2023-04-07,70600,70600,70200,70500,771,-0.0014164305949008194
2023-04-10,70300,70500,69900,70100,1678,-0.005673758865248235
2023-04-11,70300,70400,69800,70200,1720,0.0014265335235377208
2023-04-12,70200,70500,69500,69900,2650,-0.004273504273504258
2023-04-13,69900,70100,69800,70100,1705,0.0028612303290413976
2023-04-14,70100,71100,70000,71100,2321,0.014265335235378096
2023-04-17,71000,71500,70500,71400,2496,0.00421940928270037
2023-04-18,71400,72000,70600,70900,3010,-0.007002801120448154
2023-04-19,71000,72900,70900,72000,1625,0.015514809590973178
2023-04-20,72000,72000,71300,71700,585,-0.004166666666666652
2023-04-21,71700,71700,71000,71700,1468,0.0
2023-04-24,71300,72000,71000,71000,747,-0.009762900976290068
2023-04-25,71000,71600,70500,70600,1325,-0.005633802816901401
2023-04-26,71400,71400,70800,71100,544,0.007082152974504208
2023-04-27,71500,72400,71500,72400,3773,0.0182841068917019
2023-04-28,72500,74000,72300,73900,3423,0.02071823204419898
2023-05-02,73900,74500,73400,74300,2522,0.005412719891745521
2023-05-03,74300,74800,73500,73700,2335,-0.008075370121130576
2023-05-04,73700,74800,73700,74400,1531,0.009497964721845387
2023-05-08,74400,74500,73800,74500,3007,0.0013440860215054862
2023-05-09,74800,74800,73800,74500,1400,0.0
2023-05-10,74700,74900,74300,74800,1202,0.00402684563758382
2023-05-11,74800,74800,73800,74100,1747,-0.009358288770053513
2023-05-12,74100,74300,72000,73900,1319,-0.0026990553306343035
2023-05-15,71800,72700,70100,72400,8030,-0.020297699594046037
2023-05-16,72000,73500,71900,72600,3491,0.0027624309392264568
2023-05-17,72700,72900,72000,72100,2678,-0.00688705234159781
2023-05-18,72900,73500,72500,73000,1827,0.012482662968099856
2023-05-19,73400,73500,72800,72900,1408,-0.00136986301369868
2023-05-22,73000,73400,72600,73000,1487,0.00137174211248281
2023-05-23,73400,73500,73000,73300,1927,0.004109589041095818
2023-05-24,73300,73700,72900,73600,1692,0.004092769440654953
2023-05-25,73300,73900,73100,73700,1738,0.0013586956521738358
2023-05-26,73100,74000,73100,73700,1092,0.0
2023-05-30,74200,74400,73500,73700,2054,0.0
2023-05-31,73900,74000,73300,73800,1716,0.0013568521031208647
2023-06-01,73800,74400,73200,73600,1055,-0.0027100271002710175
2023-06-02,73900,74400,73800,74200,1279,0.008152173913043459
2023-06-05,74200,74500,74100,74400,1077,0.0026954177897573484
2023-06-07,74500,74600,74100,74100,2041,-0.0040322580645161255
2023-06-08,74500,74500,73100,74100,1856,0.0
2023-06-09,74200,75000,74100,74900,2155,0.010796221322537214
2023-06-12,74900,76300,74900,76000,2621,0.014686248331108098
2023-06-13,75700,76300,75400,75700,1759,-0.003947368421052588
2023-06-14,75800,75900,75300,75600,1212,-0.0013210039630119352
2023-06-15,75900,76000,75600,76000,1519,0.005291005291005346
2023-06-16,76000,76300,75800,76000,1685,0.0
2023-06-19,75900,76400,75700,75900,1011,-0.001315789473684159
2023-06-20,75900,75900,75200,75600,1092,-0.0039525691699604515
2023-06-21,75600,76100,75000,75600,2250,0.0
2023-06-22,75500,76000,75000,75600,833,0.0
2023-06-23,75600,75700,75100,75500,1420,-0.001322751322751281
2023-06-26,75500,75600,73600,75000,2383,-0.0066225165562914245
2023-06-27,75000,75600,74700,75300,3313,0.0040000000000000036
2023-06-28,75500,75600,74900,75300,1694,0.0
2023-06-29,75200,75200,74000,74500,2086,-0.010624169986719778
2023-06-30,74600,75400,73300,75000,2866,0.006711409395973256
2023-07-03,75000,75300,74500,75000,2173,0.0
2023-07-04,74200,75000,74200,74900,797,-0.0013333333333332975
2023-07-05,74900,74900,74000,74300,1893,-0.008010680907877155
2023-07-06,74400,74900,73700,74000,1769,-0.004037685060565233
2023-07-07,74800,74800,73400,73600,3091,-0.00540540540540535
2023-07-10,74000,74000,73000,73300,3120,-0.0040760869565217295
2023-07-11,74000,74000,73300,73600,1151,0.004092769440654953
2023-07-12,74000,74000,73400,73900,1019,0.0040760869565217295
2023-07-13,74000,74400,73500,74100,1404,0.0027063599458727605
2023-07-14,74100,74500,73000,74400,1119,0.004048582995951344
2023-07-17,74400,74600,73700,74100,2956,-0.0040322580645161255
2023-07-18,74500,74500,73600,73800,2289,-0.004048582995951455
2023-07-19,74000,74500,73200,74000,3545,0.0027100271002709064
2023-07-20,73900,74500,73800,74000,892,0.0
2023-07-21,73900,74400,73500,74000,1220,0.0
2023-07-24,73900,74000,73200,73300,3272,-0.009459459459459474
2023-07-25,73600,73600,73100,73400,2805,0.0013642564802183177
2023-07-26,73300,73500,71500,72300,7159,-0.01498637602179842
2023-07-27,72400,73900,72300,73300,2232,0.013831258644536604
2023-07-28,72600,73200,72200,72800,3583,-0.006821282401091366
2023-07-31,73700,73700,72800,73400,1732,0.008241758241758212
2023-08-01,74000,74000,73400,73700,1828,0.004087193460490468
2023-08-02,73700,74100,73200,74000,2031,0.004070556309362372
2023-08-03,73700,74500,73500,74000,2285,0.0
2023-08-04,74400,75900,74400,75700,6014,0.02297297297297307
2023-08-07,75700,76400,75700,75900,4459,0.0026420079260238705
2023-08-08,75900,76400,75300,75500,2182,-0.005270092226614009
2023-08-09,75600,76100,75100,76000,1948,0.0066225165562914245
2023-08-10,76000,76300,74900,75300,3355,-0.009210526315789447
2023-08-11,75700,75700,74700,75500,1735,0.0026560424966799445
2023-08-14,75500,75800,74000,75300,2340,-0.0026490066225165476
2023-08-16,75300,75500,74600,75400,3564,0.0013280212483399723
2023-08-17,75400,75400,74700,75100,2428,-0.003978779840848823
2023-08-18,75100,75400,74500,74900,2219,-0.0026631158455392434
2023-08-21,74900,75200,74400,75100,1130,0.002670226969292422
2023-08-22,75200,75300,74800,75300,1337,0.0026631158455392434
2023-08-23,75400,75800,75000,75700,1972,0.005312084993359889
2023-08-24,75900,75900,75300,75800,1141,0.0013210039630118242
2023-08-25,75900,75900,75400,75600,1057,-0.0026385224274406704
2023-08-28,75900,75900,75500,75500,1091,-0.001322751322751281
2023-08-29,75500,75800,75500,75700,1232,0.0026490066225166586
2023-08-30,75700,75900,75400,75700,1376,0.0
2023-08-31,75800,75900,75500,75700,1040,0.0
2023-09-01,75900,76100,75400,76000,2065,0.003963011889035695
2023-09-04,76100,76200,75700,76100,1036,0.001315789473684159
2023-09-05,76300,76700,76000,76700,2969,0.007884362680683266
2023-09-06,76900,77400,76500,77400,2686,0.009126466753585305
2023-09-07,77400,79800,77400,79000,7538,0.02067183462532296
2023-09-08,79400,79400,78100,78700,2339,-0.0037974683544304
2023-09-11,78700,78900,78200,78700,1826,0.0
2023-09-12,78500,78500,77600,78200,1823,-0.006353240152477735
2023-09-13,78500,78800,78200,78700,832,0.006393861892583175
2023-09-14,79900,80000,78700,79400,2100,0.008894536213468918
2023-09-15,79400,79400,78900,79100,1546,-0.0037783375314861534
2023-09-18,79600,79600,78600,78900,1311,-0.0025284450063211006
2023-09-19,78800,79000,78100,79000,1037,0.0012674271229404788
2023-09-20,79000,79200,78800,79200,615,0.0025316455696202667
2023-09-21,78800,79300,78800,79200,2612,0.0
2023-09-22,79200,79500,78600,79500,1584,0.0037878787878788955
2023-09-25,78800,79600,78800,79300,1317,-0.002515723270440251
2023-09-26,79200,79500,78800,79300,2171,0.0
2023-09-27,78500,79300,78000,79300,2338,0.0
2023-10-04,79600,79900,77900,79000,3512,-0.003783102143757877
2023-10-05,79500,79500,78400,78500,776,-0.006329113924050667
2023-10-06,78500,78900,77600,78200,1969,-0.003821656050955413
2023-10-10,78200,78200,77500,78000,2795,-0.002557544757033292
2023-10-11,78000,78400,77900,78300,2637,0.0038461538461538325
2023-10-12,78200,78500,77800,78300,1280,0.0
2023-10-13,78500,78500,77500,78000,1372,-0.003831417624521105
2023-10-16,78100,78200,77500,78000,1166,0.0
2023-10-17,77500,78500,77500,78100,1193,0.0012820512820512775
2023-10-18,77900,78500,77800,78200,848,0.001280409731113874
2023-10-19,77800,78200,77700,78100,1242,-0.0012787723785165905
2023-10-20,78100,78200,77800,78000,2738,-0.001280409731113985
2023-10-23,77800,78400,76600,77500,1842,-0.0064102564102563875
2023-10-24,77500,77500,76100,77000,1825,-0.006451612903225823
2023-10-25,77000,77800,76500,77800,1131,0.010389610389610393
2023-10-26,76800,77500,76000,77300,1260,-0.006426735218509005
2023-10-27,76300,77500,76200,76400,1238,-0.011642949547218673
2023-10-30,76000,76500,75800,76100,1530,-0.003926701570680646
2023-10-31,76100,76300,76000,76300,1559,0.0026281208935610145
2023-11-01,76300,76500,76000,76500,709,0.002621231979030192
2023-11-02,76500,77700,76100,77400,943,0.0117647058823529
2023-11-03,77400,77500,76500,77400,1807,0.0
2023-11-06,77400,77800,77000,77800,1764,0.0051679586563306845
2023-11-07,77800,77900,77000,77800,714,0.0
2023-11-08,77800,78000,77100,78000,756,0.0025706940874035134
2023-11-09,78000,78000,77400,77700,768,-0.0038461538461538325
2023-11-10,77700,77800,77500,77600,502,-0.0012870012870013214
2023-11-13,76800,78500,76800,78500,1282,0.011597938144329856
2023-11-14,78500,78500,77500,78500,934,0.0
2023-11-15,78500,78600,77000,78600,1283,0.001273885350318471
2023-11-16,78500,78800,77800,78800,1199,0.0025445292620864812
2023-11-17,78800,78900,78000,78700,458,-0.0012690355329949554
2023-11-20,78700,78700,78200,78600,939,-0.0012706480304955914
2023-11-21,78100,78800,78000,78800,706,0.0025445292620864812
2023-11-22,78800,78900,78500,78900,609,0.0012690355329949554
2023-11-23,78500,78900,78400,78900,524,0.0
2023-11-24,78900,79000,78100,78800,1056,-0.0012674271229404788
2023-11-27,78600,78900,78100,78300,1403,-0.006345177664974666
2023-11-28,78000,78500,78000,78500,1020,0.0025542784163474774
2023-11-29,78500,78600,76700,78000,4136,-0.006369426751592355
2023-11-30,76700,77800,76700,77300,580,-0.008974358974358942
2023-12-01,77300,77300,76300,77300,988,0.0
2023-12-04,77300,77500,76900,77100,1134,-0.002587322121604174
2023-12-05,77100,77200,76800,76800,919,-0.0038910505836575737
2023-12-06,76300,77100,76300,77100,1108,0.00390625
2023-12-07,77200,78000,77200,77300,1098,0.0025940337224383825
2023-12-08,77300,77700,77300,77600,1071,0.0038809831824062613
2023-12-11,77600,78500,77400,78400,1835,0.010309278350515427
2023-12-12,78400,78700,77900,78300,1436,-0.0012755102040816757
2023-12-13,78300,78300,78000,78300,692,0.0
2023-12-14,78300,78500,78300,78500,893,0.0025542784163474774
2023-12-15,78500,78700,78200,78600,748,0.001273885350318471
2023-12-18,78600,79800,78300,78800,2779,0.0025445292620864812
2023-12-19,78400,79000,78300,78900,2091,0.0012690355329949554
2023-12-20,78900,79500,78000,78900,5667,0.0
2023-12-21,78900,79000,78500,78900,1253,0.0
2023-12-22,78900,79100,78500,78900,1683,0.0
2023-12-26,78400,79000,78300,78500,8507,-0.005069708491761693
2023-12-27,76800,77600,75900,77200,3866,-0.016560509554140124
2023-12-28,76200,77200,76000,76400,5783,-0.010362694300518172
2024-01-02,76400,76800,76400,76500,3023,0.0013089005235602524
2024-01-03,76500,76900,76100,76900,1292,0.005228758169934622
2024-01-04,76300,77400,76200,76800,1428,-0.0013003901170350884
2024-01-05,76900,77300,76700,76900,799,0.0013020833333332593
2024-01-08,77000,77300,76900,77100,528,0.002600780234070177
2024-01-09,76600,77200,76600,77000,1138,-0.0012970168612191912
2024-01-10,77000,77400,76800,77200,2094,0.0025974025974024872
2024-01-11,77200,77600,76900,77600,1810,0.005181347150259086
2024-01-12,77400,77600,76600,77600,2114,0.0
2024-01-15,77200,77500,76900,77500,605,-0.0012886597938144284
2024-01-16,77500,77500,77000,77400,524,-0.001290322580645209
2024-01-17,77000,77500,76800,77000,710,-0.0051679586563307955
2024-01-18,76600,77100,76300,76800,1378,-0.0025974025974025983
2024-01-19,76800,77200,76700,76900,1225,0.0013020833333332593
2024-01-22,76900,77500,73000,76500,1374,-0.005201560468140465
2024-01-23,75800,76900,75800,76000,1708,-0.006535947712418277
2024-01-24,76200,76500,76100,76300,389,0.003947368421052699
2024-01-25,76300,77000,76200,76300,695,0.0
2024-01-26,76300,76400,76100,76400,957,0.001310615989515096
2024-01-29,76600,77300,76600,77300,1357,0.011780104712041828
2024-01-30,77300,77600,77000,77500,1889,0.002587322121604174
2024-01-31,77300,77700,75600,77500,1177,0.0
2024-02-01,77500,77900,76600,77600,2139,0.001290322580645098
2024-02-02,77800,77800,77200,77500,1425,-0.0012886597938144284
2024-02-05,77400,77700,77200,77200,1041,-0.003870967741935516
2024-02-06,77600,77900,77200,77700,1383,0.006476683937823857
2024-02-07,77700,77800,77400,77800,1455,0.0012870012870012104
2024-02-08,77900,78400,77900,78300,1958,0.006426735218509005
2024-02-13,78400,78900,78300,78600,5116,0.003831417624521105
2024-02-14,78600,78600,77600,77900,3198,-0.008905852417302795
2024-02-15,77700,78700,77600,78300,1757,0.005134788189987249
2024-02-16,78300,78900,78300,78600,1104,0.003831417624521105
2024-02-19,78600,79300,78400,79200,3139,0.007633587786259444
2024-02-20,79200,79300,78900,79300,2113,0.0012626262626262985
2024-02-21,79300,79400,78600,78900,1511,-0.0050441361916772065
2024-02-22,78900,79100,78600,79000,1509,0.0012674271229404788
2024-02-23,79000,79400,78900,79100,3484,0.0012658227848101333
2024-02-26,79100,79500,79000,79100,2162,0.0
2024-02-27,79000,79200,78700,79200,992,0.0012642225031604948
2024-02-28,79200,79300,79000,79200,1831,0.0
2024-02-29,79200,79500,79100,79400,2165,0.002525252525252597
2024-03-04,79400,79800,79400,79700,2521,0.0037783375314861534
2024-03-05,79700,80500,79500,80400,4879,0.008782936010037545
2024-03-06,80300,80500,80200,80300,1450,-0.0012437810945273853
2024-03-07,80400,81500,80400,81500,5270,0.014943960149439661
2024-03-08,81800,81800,81000,81400,2348,-0.0012269938650306678
2024-03-11,81600,81600,80600,81300,2048,-0.0012285012285012664
2024-03-12,81300,81300,80600,81200,1712,-0.0012300123001229846
2024-03-13,81700,81700,81000,81600,1545,0.0049261083743843415
2024-03-14,81100,81600,81000,81400,1445,-0.002450980392156854
2024-03-15,81400,81700,81200,81500,1896,0.0012285012285011554
2024-03-18,81500,81800,81200,81600,2237,0.0012269938650306678
2024-03-19,81800,83100,81700,83000,6559,0.017156862745097978
2024-03-20,83000,83500,82700,83200,1663,0.002409638554216942
2024-03-21,83100,83900,83100,83800,5233,0.007211538461538547
2024-03-22,83800,84600,83200,84600,4151,0.009546539379474916
2024-03-25,84600,84600,83600,84300,2427,-0.0035460992907800915
2024-03-26,84400,84400,83900,84000,2131,-0.003558718861209953
2024-03-27,83600,84100,83600,83800,1440,-0.0023809523809523725
2024-03-28,83800,84700,83700,84300,2410,0.005966587112171906
2024-03-29,84600,84800,84100,84300,2291,0.0
2024-04-01,84300,84500,84000,84300,1774,0.0
2024-04-02,84300,85100,84000,85000,5062,0.008303677342823335
2024-04-03,85000,85900,84700,85700,4744,0.008235294117647118
2024-04-04,85700,86100,85500,85600,2330,-0.001166861143523934
2024-04-05,85100,86000,82800,85400,2817,-0.002336448598130869
2024-04-08,84700,85900,84700,85200,1859,-0.0023419203747072626
2024-04-09,83800,85200,83800,84900,1930,-0.0035211267605633756
2024-04-11,84100,84900,84100,84300,1496,-0.007067137809187329
2024-04-12,84300,84900,84200,84700,1105,0.004744958481613271
2024-04-15,84100,84600,83500,84000,2545,-0.008264462809917328
2024-04-16,84000,84500,83100,83500,2769,-0.005952380952380931
2024-04-17,83500,84200,83500,83800,2115,0.00359281437125758
2024-04-18,82800,84000,82800,83800,2653,0.0
2024-04-19,83800,84200,83200,83400,2617,-0.004773269689737458
2024-04-22,83200,83800,82900,83600,1353,0.0023980815347721673
2024-04-23,83600,84500,83600,84400,1093,0.009569377990430672
2024-04-24,84100,85100,84100,84800,2076,0.004739336492890933
2024-04-25,84800,85300,84800,85300,1519,0.005896226415094352
2024-04-26,85400,85600,84900,85300,1960,0.0
2024-04-29,85500,85900,84700,85300,1749,0.0
2024-04-30,85400,85400,84700,84900,1402,-0.004689331770222793
2024-05-02,84900,85400,84700,85100,1387,0.002355712603062443
2024-05-03,85700,85700,84700,85000,1239,-0.001175088131609825
2024-05-07,85500,85500,84800,85200,1902,0.0023529411764706687
2024-05-08,85200,85500,84900,85300,1202,0.0011737089201877549
2024-05-09,85300,85500,85000,85500,1726,0.0023446658851113966
2024-05-10,85300,85600,85300,85600,1779,0.0011695906432749315
2024-05-13,85800,85900,85400,85800,2019,0.002336448598130758
2024-05-14,86000,86300,85500,86000,2950,0.002331002331002363
2024-05-16,86300,86700,86100,86500,2609,0.005813953488372103
2024-05-17,86500,87500,86200,87400,4588,0.010404624277456698
2024-05-20,87600,87600,86800,87500,4163,0.0011441647597254523
2024-05-21,87700,88400,87200,88400,4956,0.010285714285714231
2024-05-22,88400,88500,88100,88500,3458,0.0011312217194570096
2024-05-23,88500,89700,88300,89700,7356,0.013559322033898313
2024-05-24,89600,89800,89000,89300,4497,-0.004459308807134854
2024-05-27,89000,89300,88300,88600,3383,-0.007838745800671898
2024-05-28,88600,88600,88100,88300,1546,-0.003386004514672636
2024-05-29,88400,88800,88200,88600,1918,0.003397508493771184
2024-05-30,88600,88600,87600,87900,2421,-0.007900677200902928
2024-05-31,88000,88600,88000,88400,2597,0.005688282138794021
2024-06-03,88400,89700,88400,88800,1921,0.004524886877828038
2024-06-04,88500,89000,88400,88700,1486,-0.0011261261261261701
2024-06-05,88900,88900,88500,88800,1775,0.0011273957158963732
2024-06-07,88800,89100,88500,88900,1842,0.0011261261261261701
2024-06-10,88900,89300,88400,88800,2894,-0.0011248593925758943
2024-06-11,88800,89600,88800,89500,1762,0.007882882882882969
2024-06-12,89500,89700,88100,89600,3378,0.0011173184357542443
2024-06-13,89700,89700,89000,89300,1330,-0.0033482142857143016
2024-06-14,89300,89600,89100,89400,1410,0.0011198208286673506
2024-06-17,89400,89600,89000,89400,1393,0.0
2024-06-18,89300,89700,89200,89400,2050,0.0
2024-06-19,89400,89500,89000,89200,1598,-0.0022371364653244186
2024-06-20,89200,89600,89000,89000,1869,-0.0022421524663677195
2024-06-21,89100,89400,88600,88800,2371,-0.0022471910112359383
2024-06-24,88400,88800,88100,88700,1514,-0.0011261261261261701
2024-06-25,88800,89100,88700,89100,2460,0.004509582863585049
2024-06-26,89300,89600,89000,89300,1262,0.002244668911335568
2024-06-27,89300,89400,88700,89400,4892,0.0011198208286673506
2024-06-28,89400,89700,89000,89600,2256,0.0022371364653244186
2024-07-01,89700,89800,89200,89600,2037,0.0
2024-07-02,89200,89600,89000,89200,906,-0.004464285714285698
2024-07-03,89200,89400,88900,89200,1609,0.0
2024-07-04,89300,89400,88200,88300,2771,-0.010089686098654682
2024-07-05,88300,88400,87400,87800,4031,-0.005662514156285381
2024-07-08,87800,87800,84500,85000,10982,-0.03189066059225509
2024-07-09,85000,86800,84400,86100,3252,0.012941176470588234
2024-07-10,85100,87700,85100,87000,2348,0.010452961672473782
2024-07-11,87100,87300,85600,86900,2655,-0.0011494252873562871
2024-07-12,86000,86700,85000,85900,4310,-0.011507479861910253
2024-07-15,85900,85900,85000,85900,2352,0.0
2024-07-16,86000,86300,85600,85800,1170,-0.0011641443538998875
2024-07-17,86000,86600,85800,86100,1233,0.0034965034965035446
2024-07-18,87100,87100,85000,85800,2193,-0.0034843205574912606
2024-07-19,87800,87800,85600,86000,1206,0.002331002331002363
2024-07-22,85700,86200,85400,85700,1313,-0.0034883720930232176
2024-07-23,86100,86100,85200,85500,1337,-0.002333722287047868
2024-07-24,85500,85900,85400,85800,584,0.0035087719298245723
2024-07-25,85700,85900,84700,85400,4473,-0.004662004662004615
2024-07-26,85400,86100,85100,85600,1917,0.0023419203747072626
2024-07-29,85600,86700,85600,86100,2525,0.005841121495327117
2024-07-30,86100,86800,86100,86500,1482,0.004645760743321681
2024-07-31,86600,87000,86500,86700,1826,0.0023121387283238093
2024-08-01,86700,87400,86700,86900,1421,0.0023068050749712743
2024-08-02,86800,86800,85700,85800,2178,-0.012658227848101222
2024-08-05,84700,85000,82100,83100,9455,-0.03146853146853146
2024-08-06,83500,86700,83300,85600,3217,0.030084235860409203
2024-08-07,85600,86300,84900,85300,1894,-0.003504672897196248
2024-08-08,84700,85900,84600,85200,1852,-0.0011723329425556983
2024-08-09,85200,86100,85100,85400,993,0.0023474178403755097
2024-08-12,85100,86400,85100,85300,2139,-0.0011709601873536313
2024-08-13,85400,86200,84900,85100,1209,-0.0023446658851113966
2024-08-14,85100,85800,84600,85600,791,0.005875440658049458
2024-08-16,85600,86600,85600,86300,1099,0.008177570093457875
2024-08-19,86500,87400,86300,86700,2290,0.004634994206257348
2024-08-20,87400,87400,86300,86600,1188,-0.0011534025374856371
2024-08-21,86900,87400,86500,86800,1367,0.002309468822170979
2024-08-22,87400,87400,86800,87000,2241,0.0023041474654377225
2024-08-23,87400,87400,86800,87200,2069,0.0022988505747125743
2024-08-26,86400,88300,86400,87000,3118,-0.002293577981651418
2024-08-27,87100,87400,86100,86800,797,-0.0022988505747126853
2024-08-28,86800,87200,85100,85300,1565,-0.017281105990783363
2024-08-29,85500,86000,83200,85100,1077,-0.0023446658851113966
2024-08-30,85000,85900,84700,85800,1009,0.008225616921269108
2024-09-02,86200,87100,85100,85100,3072,-0.00815850815850816
2024-09-03,85500,85700,85100,85600,962,0.005875440658049458
2024-09-04,85600,86100,84600,84800,2787,-0.009345794392523366
2024-09-05,85500,85500,84100,84700,3761,-0.001179245283018826
2024-09-06,84700,85000,84000,84800,3095,0.0011806375442739991
2024-09-09,85300,85300,83700,84700,2591,-0.001179245283018826
2024-09-10,85300,85300,84000,84700,946,0.0
2024-09-11,84700,84900,84000,84600,1036,-0.0011806375442738881
2024-09-12,84600,84600,83900,84200,2160,-0.004728132387706863
2024-09-13,83800,85200,83800,85100,1793,0.010688836104512989
2024-09-19,85200,85200,84400,85100,1070,0.0
2024-09-20,85600,85700,84600,85100,1825,0.0
2024-09-23,85800,85900,85000,85400,1534,0.003525264394829586
2024-09-24,85700,86400,85400,86000,2651,0.007025761124121788
2024-09-25,86300,86500,85600,86000,1973,0.0
2024-09-26,86000,86100,85600,86000,1326,0.0
2024-09-27,86000,86500,85700,86000,1908,0.0
2024-09-30,85800,86300,85500,85600,774,-0.0046511627906976605
2024-10-02,85500,85600,83600,84100,6744,-0.017523364485981352
2024-10-04,85600,85600,83000,83400,5117,-0.008323424494649179
2024-10-07,84500,84500,83500,83600,2009,0.0023980815347721673
2024-10-08,83600,83700,83500,83600,3045,0.0
2024-10-10,83900,83900,83400,83600,2329,0.0
2024-10-11,83600,85000,83500,84100,4176,0.005980861244019087
2024-10-14,84100,85500,84100,85400,2371,0.015457788347205792
2024-10-15,85000,85500,84500,85300,3258,-0.0011709601873536313
2024-10-16,85500,85700,85000,85500,1946,0.0023446658851113966
2024-10-17,85500,85600,84500,85200,2230,-0.0035087719298245723
2024-10-18,84500,85600,84300,85000,1974,-0.0023474178403756207
2024-10-21,84400,85500,84200,85300,2784,0.003529411764705781
2024-10-22,86000,86000,85000,85200,1692,-0.0011723329425556983
2024-10-23,85800,85800,85000,85200,771,0.0
2024-10-24,85000,85800,84500,85200,1586,0.0
2024-10-25,85200,85600,84800,85600,1999,0.0046948356807512415
2024-10-28,85700,85900,84700,84800,1993,-0.009345794392523366
2024-10-29,85400,85400,84500,84900,2278,0.001179245283018826
2024-10-30,84900,85100,84100,84900,1174,0.0
2024-10-31,84900,85900,84300,85300,2075,0.004711425206124886
2024-11-01,85400,85800,84800,85500,1285,0.0023446658851113966
2024-11-04,85500,85700,85200,85200,1390,-0.0035087719298245723
2024-11-05,85800,85800,84800,85600,1474,0.0046948356807512415
2024-11-06,85600,85600,85200,85500,947,-0.001168224299065379
2024-11-07,85500,85900,85200,85500,457,0.0
2024-11-08,85600,86000,84600,85700,1038,0.002339181286549641
2024-11-11,85400,86000,85300,85500,1381,-0.002333722287047868
2024-11-12,86100,86100,84900,85100,2345,-0.004678362573099393
2024-11-13,85100,85400,84500,85000,2742,-0.001175088131609825
2024-11-14,85000,85700,84200,85400,3247,0.004705882352941115
2024-11-15,85700,86100,85400,86000,3159,0.007025761124121788
2024-11-18,86000,86600,85600,86600,2227,0.006976744186046435
2024-11-19,86700,87800,86400,87800,2895,0.01385681293302543
2024-11-20,87100,88100,87100,88100,2407,0.003416856492027387
2024-11-21,87800,88800,86700,87100,4476,-0.011350737797956922
2024-11-22,88000,89100,87400,89000,7556,0.021814006888633664
2024-11-25,88900,89400,88500,88700,2364,-0.003370786516853963
2024-11-26,88800,89000,88300,88800,2060,0.0011273957158963732
2024-11-27,89200,89200,88300,88500,1127,-0.0033783783783783994
2024-11-28,89100,89100,87700,88100,1338,-0.004519774011299438
2024-11-29,88100,88600,87300,88000,2978,-0.0011350737797957144
2024-12-02,88000,88500,87900,88400,1404,0.00454545454545463
2024-12-03,88600,88700,88000,88700,1438,0.0033936651583710287
2024-12-04,88400,89200,87900,89200,5090,0.005636978579481422
2024-12-05,89400,89400,87400,88500,2760,-0.007847533632286963
2024-12-06,88700,88700,87100,87800,2251,-0.00790960451977396
2024-12-09,87700,87700,85500,86600,9528,-0.013667425968109326
2024-12-10,87600,88100,86600,87600,2078,0.011547344110854452
2024-12-11,87600,88200,86000,88200,2336,0.006849315068493178
2024-12-12,88200,88900,87700,88200,2089,0.0
2024-12-13,88200,89200,88200,89100,2347,0.010204081632652962
2024-12-16,89200,89300,88400,88500,1997,-0.006734006734006703
2024-12-17,88000,88800,88000,88700,1527,0.002259887005649608
2024-12-18,89000,89000,88400,88800,1126,0.0011273957158963732
2024-12-19,88800,88900,87900,88600,1933,-0.0022522522522522292
2024-12-20,88600,88700,88200,88700,1926,0.0011286681715576563
2024-12-23,88900,88900,88300,88600,1756,-0.0011273957158962622
2024-12-24,88600,88900,88400,88400,1330,-0.0022573363431150906
2024-12-26,89000,89000,88100,88600,4431,0.002262443438914019
2024-12-27,86400,88100,86400,87500,3432,-0.01241534988713322
2024-12-30,87500,87600,86600,87400,2499,-0.0011428571428571122
2025-01-02,87500,88000,87400,87800,2603,0.004576659038901587
2025-01-03,87900,88200,87400,87800,2305,0.0
2025-01-06,87200,88800,87000,87800,1425,0.0
2025-01-07,88500,88500,87300,87700,1784,-0.001138952164009166
2025-01-08,87300,87900,87200,87500,1845,-0.0022805017103763037
2025-01-09,87500,88300,87200,88200,2591,0.008000000000000007
2025-01-10,88100,88600,87800,88400,1167,0.0022675736961450532
