Date,Open,High,Low,Close,Volume,Change
2022-01-03,43200,44350,43050,44150,67908,0.01145475372279492
2022-01-04,44000,44950,43450,44600,75563,0.010192525481313774
2022-01-05,44300,46300,44100,46050,240498,0.032511210762331766
2022-01-06,46100,48700,45600,47750,415685,0.036916395222584164
2022-01-07,46850,49200,46400,47300,224745,-0.009424083769633551
2022-01-10,47050,49550,47050,48400,279810,0.023255813953488413
2022-01-11,48450,49150,47100,47100,124449,-0.02685950413223137
2022-01-12,46600,47950,46250,46700,145434,-0.00849256900212314
2022-01-13,47900,50200,47350,47750,403410,0.0224839400428265
2022-01-14,47950,48300,47000,47600,132824,-0.003141361256544517
2022-01-17,47200,48600,46900,47250,91325,-0.007352941176470562
2022-01-18,47250,49600,47150,47900,169662,0.013756613756613856
2022-01-19,48050,50900,47800,49350,221307,0.030271398747390377
2022-01-20,49950,50200,48500,48850,102277,-0.010131712259371817
2022-01-21,48400,48400,47250,48050,102524,-0.016376663254861867
2022-01-24,48000,48550,46950,47450,120668,-0.012486992715920908
2022-01-25,47100,47850,45500,46450,132317,-0.021074815595363505
2022-01-26,46900,47250,45050,45350,136498,-0.023681377825618966
2022-01-27,45350,45350,43250,44000,134807,-0.029768467475192906
2022-01-28,43700,46550,43700,46500,181812,0.05681818181818188
2022-02-03,47200,48050,45950,47350,153068,0.018279569892473146
2022-02-04,47000,48150,46250,47350,109841,0.0
2022-02-07,47100,48600,46750,47700,102884,0.007391763463569179
2022-02-08,48200,49550,47200,47850,128340,0.003144654088050425
2022-02-09,48600,48600,47450,48100,68495,0.0052246603970742544
2022-02-10,47600,49500,47600,48100,154756,0.0
2022-02-11,47500,48100,45300,45750,202951,-0.04885654885654889
2022-02-14,45600,46150,44550,45150,99608,-0.013114754098360604
2022-02-15,45200,45300,42950,43500,205778,-0.03654485049833889
2022-02-16,44050,44250,43100,43550,135363,0.0011494252873562871
2022-02-17,43800,44550,43150,43750,122804,0.004592422502870175
2022-02-18,43550,43750,42900,43250,79230,-0.011428571428571455
2022-02-21,42850,42850,41550,42000,199455,-0.028901734104046284
2022-02-22,41600,41850,40600,40900,145207,-0.02619047619047621
2022-02-23,41100,42500,41050,42450,116058,0.03789731051344747
2022-02-24,42000,42050,40600,41050,109936,-0.03297997644287398
2022-02-25,41750,41900,40900,41500,88383,0.010962241169305775
2022-02-28,41400,42800,40850,42500,145241,0.024096385542168752
2022-03-02,42500,43150,42250,42600,108768,0.0023529411764706687
2022-03-03,42650,43050,40300,42500,105926,-0.0023474178403756207
2022-03-04,42550,42750,41550,41900,89311,-0.014117647058823568
2022-03-07,41000,41500,40100,40200,143273,-0.04057279236276845
2022-03-08,39900,39900,39250,39300,103577,-0.02238805970149249
2022-03-10,40500,40500,39000,39300,180746,0.0
2022-03-11,41800,43500,41600,43100,517629,0.09669211195928762
2022-03-14,43750,44550,43250,43850,254572,0.01740139211136893
2022-03-15,44000,46500,43900,45100,317376,0.02850627137970352
2022-03-16,45500,45750,44450,45050,155687,-0.0011086474501108556
2022-03-17,45350,45600,43950,44550,167437,-0.011098779134295245
2022-03-18,44450,44850,43800,44850,105127,0.006734006734006703
2022-03-21,44700,45600,44000,44850,102467,0.0
2022-03-22,45250,45450,43550,44800,90216,-0.0011148272017836858
2022-03-23,44900,45200,44000,44650,117912,-0.0033482142857143016
2022-03-24,44650,47800,44200,47350,274117,0.06047032474804026
2022-03-25,46850,48500,46850,47500,192634,0.0031678986272438703
2022-03-28,47250,49000,47050,48300,220521,0.01684210526315799
2022-03-29,48350,48750,47400,47400,127986,-0.018633540372670843
2022-03-30,47750,48850,47350,48000,187276,0.012658227848101333
2022-03-31,47750,48150,46900,47600,117359,-0.008333333333333304
2022-04-01,47000,48400,46850,47800,106532,0.004201680672268893
2022-04-04,48000,50400,47750,49900,239483,0.043933054393305415
2022-04-05,49300,52400,49300,52400,260613,0.05010020040080154
2022-04-06,52400,53000,50900,51200,176457,-0.022900763358778664
2022-04-07,50300,51100,49650,50700,168515,-0.009765625
2022-04-08,50500,51100,49850,50500,86199,-0.0039447731755424265
2022-04-11,49900,50900,49750,50500,143817,0.0
2022-04-12,50700,50700,49600,50300,112578,-0.003960396039603964
2022-04-13,50700,51100,49950,50900,79566,0.011928429423459175
2022-04-14,51000,51600,50300,50800,90058,-0.0019646365422396617
2022-04-15,50100,50700,48900,49350,130443,-0.028543307086614123
2022-04-18,49400,50200,49000,50000,81103,0.01317122593718345
2022-04-19,49800,50200,49250,50000,82065,0.0
2022-04-20,49450,50200,49250,49500,79397,-0.010000000000000009
2022-04-21,50200,50700,49450,49850,96688,0.007070707070707005
2022-04-22,49300,49950,49250,49850,74328,0.0
2022-04-25,49000,49400,45800,46500,371633,-0.06720160481444337
2022-04-26,47100,48750,46400,48150,179447,0.03548387096774186
2022-04-27,46300,49500,46300,48050,153137,-0.0020768431983385627
2022-04-28,48000,48650,47600,47950,72536,-0.002081165452653466
2022-04-29,48000,48600,47500,48000,71388,0.0010427528675704956
2022-05-02,48050,48450,47450,48000,53147,0.0
2022-05-03,47750,48200,47200,47450,70062,-0.011458333333333348
2022-05-04,47450,47800,47100,47450,50506,0.0
2022-05-06,47350,47350,45400,45950,133624,-0.03161222339304526
2022-05-09,45500,45850,44150,45350,117426,-0.01305767138193692
2022-05-10,45300,46900,43600,45950,127259,0.013230429988974723
2022-05-11,45450,45700,44850,45150,60787,-0.017410228509249226
2022-05-12,44650,44950,43850,44100,87491,-0.023255813953488413
2022-05-13,44450,45300,43850,45200,50512,0.024943310657596474
2022-05-16,45200,48750,45200,48250,393973,0.06747787610619471
2022-05-17,48250,51100,47450,48550,341134,0.006217616580310947
2022-05-18,49050,50700,48800,50400,159365,0.03810504634397538
2022-05-19,48850,48850,45450,46250,413223,-0.08234126984126988
2022-05-20,46600,47500,45750,47250,152240,0.021621621621621623
2022-05-23,47300,47300,45850,46450,89354,-0.016931216931216908
2022-05-24,46450,46750,44650,44950,118935,-0.03229278794402579
2022-05-25,45300,45850,44600,45600,177051,0.014460511679644128
2022-05-26,45750,46600,44950,45300,141849,-0.006578947368421018
2022-05-27,46050,47300,45850,46350,249505,0.023178807947019875
2022-05-30,47000,47550,46600,46900,72540,0.011866235167206085
2022-05-31,46900,47750,46250,46500,85672,-0.008528784648187626
2022-06-02,45950,46850,45700,46600,68602,0.0021505376344086446
2022-06-03,47000,48150,46450,47100,150556,0.010729613733905685
2022-06-07,47100,47450,46000,46650,86112,-0.009554140127388533
2022-06-08,46600,47200,46350,46700,62743,0.001071811361200492
2022-06-09,46750,47550,45950,47450,137643,0.016059957173447437
2022-06-10,47050,47750,46550,46700,91116,-0.015806111696522684
2022-06-13,45500,45950,43900,43950,121187,-0.058886509635974305
2022-06-14,43950,44000,41750,42800,182675,-0.026166097838452806
2022-06-15,43250,43650,42150,42500,102977,-0.007009345794392496
2022-06-16,42600,43650,42400,42750,95864,0.00588235294117645
2022-06-17,41200,42450,40650,41500,154549,-0.0292397660818714
2022-06-20,41850,42500,39950,40600,58819,-0.02168674698795181
2022-06-21,40700,41350,40100,41000,58324,0.009852216748768461
2022-06-22,41200,41200,39150,39450,105024,-0.03780487804878052
2022-06-23,39800,41100,39150,39250,149912,-0.005069708491761693
2022-06-24,39450,41250,39450,40700,103255,0.03694267515923566
2022-06-27,41100,41900,40350,40600,163082,-0.002457002457002422
2022-06-28,40700,40900,39900,40500,84032,-0.0024630541871921707
2022-06-29,39750,39800,38800,39150,113918,-0.033333333333333326
2022-06-30,39100,39350,38250,38400,115542,-0.019157088122605415
2022-07-01,38550,39900,38550,39150,102647,0.01953125
2022-07-04,39150,39200,37550,38350,87929,-0.020434227330779042
2022-07-05,38800,39000,37700,38650,84321,0.007822685788787531
2022-07-06,38350,40550,38300,39500,120296,0.02199223803363526
2022-07-07,39950,40000,38600,39650,125709,0.0037974683544304
2022-07-08,40200,40400,39650,39650,90101,0.0
2022-07-11,39400,39650,38450,38500,117734,-0.0290037831021438
2022-07-12,38750,38850,36900,37300,91490,-0.03116883116883118
2022-07-13,37550,37900,36900,37750,59485,0.012064343163538771
2022-07-14,37200,38200,37150,37900,80343,0.003973509933774766
2022-07-15,38100,38150,36650,37100,102299,-0.02110817941952503
2022-07-18,37450,38150,37150,38100,84183,0.02695417789757415
2022-07-19,38250,39550,38150,39350,110041,0.03280839895013132
2022-07-20,40600,40850,39550,40100,107103,0.019059720457433205
2022-07-21,39500,40300,39500,39900,46395,-0.004987531172069848
2022-07-22,40000,40150,39300,39700,52176,-0.005012531328320802
2022-07-25,39350,40200,39350,40100,47196,0.010075566750629816
2022-07-26,39600,40700,39600,40650,65497,0.013715710723191998
2022-07-27,40700,40850,39850,40150,60326,-0.012300123001230068
2022-07-28,40400,41450,40050,40250,54218,0.00249066002490661
2022-07-29,41250,41250,40150,40350,80621,0.00248447204968949
2022-08-01,40350,40800,39950,40200,43124,-0.0037174721189591198
2022-08-02,39950,40250,39150,39350,78921,-0.021144278606965217
2022-08-03,39350,40050,39300,39400,48580,0.0012706480304955914
2022-08-04,39700,41050,39700,40850,120927,0.03680203045685282
2022-08-05,41100,44100,40950,43900,246776,0.07466340269277838
2022-08-08,43450,43500,42100,42250,107926,-0.0375854214123007
2022-08-09,41850,42950,41850,42400,60615,0.0035502958579882726
2022-08-10,42300,42550,40700,40850,89687,-0.03655660377358494
2022-08-11,41500,42300,41400,42250,102231,0.03427172582619331
2022-08-12,42100,42250,41000,41600,98797,-0.01538461538461533
2022-08-16,42000,44850,41200,44000,313017,0.05769230769230771
2022-08-17,45000,47250,44450,46000,521209,0.045454545454545414
2022-08-18,45550,47850,45400,47100,254379,0.023913043478260843
2022-08-19,47150,48150,46900,46900,181164,-0.00424628450106157
2022-08-22,45900,46650,45000,45600,130942,-0.02771855010660984
2022-08-23,45550,45600,43750,43800,140172,-0.03947368421052633
2022-08-24,43800,44300,43000,43900,86671,0.0022831050228311334
2022-08-25,44250,44650,43900,44350,80076,0.010250569476081939
2022-08-26,44400,44850,43950,44650,65312,0.006764374295377573
2022-08-29,42650,43450,42100,42900,105145,-0.03919372900335949
2022-08-30,43250,44250,42700,43850,63430,0.022144522144522227
2022-08-31,44150,44900,43600,44600,71382,0.01710376282782211
2022-09-01,43950,44300,42700,42750,81380,-0.041479820627802644
2022-09-02,43300,45000,43050,44050,123447,0.03040935672514622
2022-09-05,44200,44800,43500,43800,50111,-0.005675368898978461
2022-09-06,44200,44250,43400,43900,44133,0.0022831050228311334
2022-09-07,43300,43700,42300,43450,75675,-0.01025056947608205
2022-09-08,44000,46800,43950,46100,234401,0.06098964326812428
2022-09-13,46350,47450,45950,46800,137209,0.015184381778741818
2022-09-14,45750,47100,45200,46600,93830,-0.004273504273504258
2022-09-15,47050,47750,46500,46950,88092,0.007510729613734002
2022-09-16,46700,47300,45950,46550,80535,-0.008519701810436597
2022-09-19,46550,49050,46550,48000,230060,0.031149301825993625
2022-09-20,48950,50500,47500,48800,198206,0.016666666666666607
2022-09-21,48800,49050,47900,47900,90276,-0.018442622950819665
2022-09-22,47550,49600,47250,49500,110567,0.03340292275574108
2022-09-23,49100,50500,48600,48600,122674,-0.018181818181818188
2022-09-26,48650,49300,47450,47600,105342,-0.020576131687242816
2022-09-27,48350,48600,47350,48600,91052,0.021008403361344463
2022-09-28,47800,48600,46500,47850,110010,-0.015432098765432056
2022-09-29,48150,48700,47350,47500,76944,-0.007314524555903867
2022-09-30,47950,48000,44200,44600,260054,-0.06105263157894736
2022-10-04,45000,46200,44900,45200,101505,0.013452914798206317
2022-10-05,45600,45950,44400,44400,86912,-0.017699115044247815
2022-10-06,44750,45000,43600,43800,143193,-0.013513513513513487
2022-10-07,43250,43900,42400,43650,117887,-0.003424657534246589
2022-10-11,43200,43250,41750,42250,80530,-0.032073310423825885
2022-10-12,42000,42800,41650,42200,87373,-0.0011834319526626835
2022-10-13,42200,43500,42200,42600,139948,0.009478672985782088
2022-10-14,42950,43900,42300,43700,102646,0.025821596244131495
2022-10-17,43700,44050,42550,44050,56308,0.008009153318077722
2022-10-18,44700,45650,44500,45600,62362,0.03518728717366626
2022-10-19,45600,45800,44700,45150,44785,-0.009868421052631526
2022-10-20,44750,46200,44700,45200,51798,0.001107419712070845
2022-10-21,44700,45300,44100,44400,51795,-0.017699115044247815
2022-10-24,44850,45750,43800,44200,41231,-0.0045045045045044585
2022-10-25,44450,44450,43200,43850,61685,-0.007918552036199067
2022-10-26,43450,44600,43450,44250,64478,0.009122006841505215
2022-10-27,44650,46250,44600,46250,105816,0.04519774011299438
2022-10-28,46300,47200,45850,46400,72841,0.00324324324324321
2022-10-31,46600,47300,46300,47300,52524,0.0193965517241379
2022-11-01,46900,47550,46550,46900,71649,-0.008456659619450302
2022-11-02,46400,49500,46400,48950,177743,0.04371002132196167
2022-11-03,48400,48800,47950,48150,64935,-0.01634320735444328
2022-11-04,47700,48550,47300,48200,57188,0.0010384215991692258
2022-11-07,48200,49150,48150,48850,36898,0.013485477178423189
2022-11-08,48850,49450,48200,48400,53342,-0.0092118730808598
2022-11-09,49050,49100,48350,48350,63291,-0.0010330578512396382
2022-11-10,48600,48800,48050,48200,69296,-0.0031023784901758056
2022-11-11,48850,49250,47950,48250,99949,0.0010373443983402453
2022-11-14,48350,52500,48350,51300,259990,0.06321243523316067
2022-11-15,51700,51700,48050,48550,318127,-0.0536062378167641
2022-11-16,48750,49850,48000,48800,145051,0.005149330587023604
2022-11-17,48750,49300,47900,47900,90522,-0.018442622950819665
2022-11-18,47950,49250,47550,49000,92339,0.022964509394572064
2022-11-21,49400,50400,48200,50000,115358,0.020408163265306145
2022-11-22,49950,50200,48650,49050,72460,-0.019000000000000017
2022-11-23,49250,49550,47650,48850,117487,-0.004077471967380175
2022-11-24,48850,49250,47900,48450,80450,-0.008188331627430934
2022-11-25,48900,48900,47000,47400,91800,-0.021671826625387025
2022-11-28,47500,47700,47000,47550,45594,0.0031645569620253333
2022-11-29,47550,47750,46250,47250,131569,-0.006309148264984188
2022-11-30,47200,47950,46900,47500,74395,0.005291005291005346
2022-12-01,47900,48200,47450,47750,76745,0.0052631578947368585
2022-12-02,47750,48750,47700,47900,66179,0.003141361256544517
2022-12-05,48150,48750,47850,48450,54178,0.01148225469728592
2022-12-06,48450,49400,46500,46850,190428,-0.03302373581011353
2022-12-07,46850,47000,45800,46100,102421,-0.016008537886872953
2022-12-08,46750,47150,46150,46700,127321,0.013015184381778733
2022-12-09,47000,47400,46450,47200,116191,0.010706638115631772
2022-12-12,47400,47400,44300,45050,215800,-0.045550847457627164
2022-12-13,45200,45450,44550,44950,81131,-0.002219755826859071
2022-12-14,45350,45950,45050,45950,86227,0.022246941045606317
2022-12-15,45600,45950,45400,45450,41294,-0.01088139281828071
2022-12-16,44800,45600,44700,45100,56298,-0.007700770077007646
2022-12-19,44950,45400,44400,44850,65719,-0.005543237250554278
2022-12-20,44700,45050,44250,44550,58039,-0.006688963210702337
2022-12-21,45050,46600,44600,46350,102073,0.04040404040404044
2022-12-22,46650,47100,45900,46900,86615,0.011866235167206085
2022-12-23,46900,47400,46300,47300,78635,0.008528784648187626
2022-12-26,47450,48300,47200,48250,105144,0.020084566596194398
2022-12-27,48700,49000,48000,48950,86112,0.014507772020725396
2022-12-28,48000,48200,47500,47850,83804,-0.022471910112359605
2022-12-29,47350,47400,46600,46950,62306,-0.018808777429467072
2023-01-02,46950,46950,44150,44550,71319,-0.051118210862619806
2023-01-03,44850,44950,42900,43750,115275,-0.017957351290684653
2023-01-04,43750,43750,41600,42900,81659,-0.01942857142857146
2023-01-05,42700,43500,42100,43350,86496,0.010489510489510412
2023-01-06,42550,43500,42550,43100,62303,-0.005767012687427964
2023-01-09,43800,45300,43300,44900,81578,0.0417633410672853
2023-01-10,45050,45300,44000,44250,70815,-0.014476614699331813
2023-01-11,44650,44750,43550,43800,88203,-0.01016949152542368
2023-01-12,43850,44050,43250,43900,108750,0.0022831050228311334
2023-01-13,43900,44250,43450,43750,50498,-0.003416856492027387
2023-01-16,43800,44350,43450,44050,58692,0.006857142857142895
2023-01-17,44100,44250,43300,43650,40467,-0.009080590238365494
2023-01-18,43700,44100,43250,44000,63053,0.008018327605956443
2023-01-19,43650,43850,43000,43200,84854,-0.018181818181818188
2023-01-20,43200,43500,42850,43350,38723,0.003472222222222321
2023-01-25,43400,44150,43150,43500,63569,0.0034602076124568004
2023-01-26,43450,43900,43250,43650,42773,0.0034482758620688614
2023-01-27,43650,43950,43350,43550,60392,-0.002290950744558984
2023-01-30,43450,43850,43100,43250,59885,-0.006888633754305373
2023-01-31,43600,44100,43150,43600,124811,0.008092485549132888
2023-02-01,43650,43900,43300,43400,88482,-0.004587155963302725
2023-02-02,44600,44600,43000,43300,131416,-0.0023041474654378336
2023-02-03,43400,43450,42550,43250,93951,-0.0011547344110854896
2023-02-06,43050,43250,42550,42550,83910,-0.016184971098265888
2023-02-07,42550,43550,42500,43550,69796,0.023501762632197387
2023-02-08,43750,44050,43500,43950,60337,0.009184845005740572
2023-02-09,43750,43900,42900,42900,101120,-0.023890784982935176
2023-02-10,42600,43350,42500,43350,38302,0.010489510489510412
2023-02-13,43050,43350,42700,43050,51870,-0.00692041522491349
2023-02-14,42950,44700,42950,44450,145511,0.03252032520325199
2023-02-15,44150,44500,43600,43800,52437,-0.01462317210348707
2023-02-16,43700,45500,43700,45200,124272,0.03196347031963476
2023-02-17,44600,45550,44400,45050,59265,-0.0033185840707964376
2023-02-20,45050,46050,44850,45450,61834,0.008879023307436285
2023-02-21,45050,45700,44950,45150,44971,-0.0066006600660065695
2023-02-22,44900,45000,44250,44350,44943,-0.017718715393133966
2023-02-23,44350,45550,44350,44900,58916,0.012401352874858995
2023-02-24,44500,44600,43750,44100,55445,-0.017817371937639215
2023-02-27,43800,43850,42900,43400,69434,-0.015873015873015928
2023-02-28,43500,43650,42550,42650,71898,-0.017281105990783363
2023-03-02,42600,43000,42400,42750,80358,0.0023446658851113966
2023-03-03,43000,43300,42400,43000,62066,0.005847953216374213
2023-03-06,43350,44050,42900,43600,64357,0.013953488372093092
2023-03-07,43400,43400,42900,43050,47471,-0.012614678899082521
2023-03-08,42600,45750,42300,45300,251837,0.05226480836236935
2023-03-09,45450,48100,45150,47450,335169,0.04746136865342154
2023-03-10,47550,47950,47000,47300,143811,-0.0031612223393044925
2023-03-13,47550,47750,46150,47100,87686,-0.0042283298097252064
2023-03-14,46350,47100,45350,45850,80859,-0.026539278131634814
2023-03-15,45900,46650,45500,45800,56928,-0.0010905125408942062
2023-03-16,45050,46500,44200,45050,85332,-0.01637554585152834
2023-03-17,45200,46350,45000,45000,69881,-0.0011098779134295356
2023-03-20,45000,45700,44000,44000,62337,-0.022222222222222254
2023-03-21,44400,44800,44100,44350,62625,0.007954545454545547
2023-03-22,44650,45150,44250,44800,52524,0.01014656144306647
2023-03-23,45250,45250,44400,44950,32306,0.0033482142857141906
2023-03-24,44150,44900,43550,43600,121213,-0.030033370411568394
2023-03-27,44000,44650,43450,44400,67721,0.0183486238532109
2023-03-28,44400,44750,44100,44600,34063,0.0045045045045044585
2023-03-29,45200,47000,45000,45850,105418,0.028026905829596327
2023-03-30,46400,46600,45650,45650,65281,-0.004362050163576936
2023-03-31,45550,46150,45400,45650,69892,0.0
2023-04-03,45650,45950,44750,44900,51144,-0.01642935377875132
2023-04-04,45350,45350,44400,44450,47430,-0.010022271714922093
2023-04-05,44900,45250,44500,44500,40025,0.0011248593925758943
2023-04-06,44300,44750,43950,43950,52865,-0.012359550561797716
2023-04-07,44000,44350,43100,43400,42661,-0.012514220705347023
2023-04-10,43500,44200,43100,43950,48037,0.012672811059907918
2023-04-11,43850,44850,43550,44350,56116,0.009101251422070522
2023-04-12,44200,45300,44200,44650,55949,0.006764374295377573
2023-04-13,44200,45600,44200,45600,65043,0.02127659574468077
2023-04-14,45350,45700,44600,44600,58116,-0.021929824561403466
2023-04-17,44600,44700,43950,44450,65436,-0.0033632286995515237
2023-04-18,44200,45500,44200,45000,94512,0.012373453318335281
2023-04-19,45000,45600,44600,44750,60181,-0.005555555555555536
2023-04-20,44750,46250,44600,45750,121731,0.022346368715083775
2023-04-21,45750,45750,44650,44650,59570,-0.024043715846994496
2023-04-24,44700,45300,44300,44400,96088,-0.005599104143337086
2023-04-25,44400,45500,44250,44350,73003,-0.0011261261261261701
2023-04-26,44400,44650,43900,44100,49954,-0.005636978579481422
2023-04-27,43800,44050,42700,43650,121476,-0.010204081632653073
2023-04-28,43550,44400,43300,44150,58880,0.01145475372279492
2023-05-02,44200,44500,43850,44200,51756,0.0011325028312569874
2023-05-03,44000,44750,43850,44450,33156,0.005656108597285048
2023-05-04,44000,45600,43950,45150,60994,0.015748031496062964
2023-05-08,44750,45600,44550,45550,50515,0.008859357696566983
2023-05-09,45250,45750,45050,45050,85661,-0.010976948408342513
2023-05-10,45050,45800,45000,45400,51099,0.007769145394006749
2023-05-11,45300,46100,45200,45600,68836,0.004405286343612369
2023-05-12,45200,45800,44650,45250,66733,-0.007675438596491224
2023-05-15,44600,47700,44600,47500,223149,0.04972375690607733
2023-05-16,47500,47500,46400,47000,134720,-0.010526315789473717
2023-05-17,46650,48150,46500,46850,78812,-0.0031914893617021045
2023-05-18,46350,46550,45700,45800,68114,-0.022411953041622246
2023-05-19,45550,46150,45300,45550,66311,-0.00545851528384278
2023-05-22,45600,46400,45250,46100,76726,0.01207464324917673
2023-05-23,46550,47500,46100,46750,84713,0.014099783080260275
2023-05-24,46750,47500,46400,46850,54415,0.002139037433155133
2023-05-25,46450,46850,45100,45400,70985,-0.03094983991462108
2023-05-26,45400,45700,44650,45300,47000,-0.0022026431718061845
2023-05-30,45350,45350,44450,45250,62566,-0.001103752759381904
2023-05-31,45250,45500,44600,44950,96283,-0.006629834254143652
2023-06-01,45100,45150,44400,45050,70623,0.0022246941045607205
2023-06-02,45300,46250,44700,46000,112862,0.021087680355160954
2023-06-05,46750,47900,46300,47700,216227,0.03695652173913033
2023-06-07,48000,49300,47500,48150,163085,0.009433962264151052
2023-06-08,48500,50000,48150,49650,135862,0.031152647975077885
2023-06-09,49700,52300,49300,51400,164990,0.03524672708962728
2023-06-12,51000,51500,49950,50200,104673,-0.023346303501945553
2023-06-13,50600,50700,49350,49900,67620,-0.005976095617529875
2023-06-14,49650,51300,49500,50800,80291,0.018036072144288484
2023-06-15,50800,53000,50400,51900,130627,0.021653543307086576
2023-06-16,51000,54400,50900,53700,155670,0.034682080924855585
2023-06-19,53800,57300,53700,56400,193423,0.05027932960893855
2023-06-20,57100,58100,56100,56300,102086,-0.0017730496453900457
2023-06-21,57200,58500,56500,57800,115701,0.026642984014209503
2023-06-22,57800,59500,57400,59500,116774,0.02941176470588225
2023-06-23,59500,59700,58100,58300,86158,-0.020168067226890796
2023-06-26,57700,59400,57600,58500,60273,0.0034305317324185847
2023-06-27,59100,62500,59100,62400,210022,0.06666666666666665
2023-06-28,62000,65000,61900,63400,193704,0.01602564102564097
2023-06-29,63400,63700,62000,62400,121983,-0.01577287066246058
2023-06-30,63100,66700,63100,64500,219650,0.033653846153846256
2023-07-03,63800,64500,62800,63700,152559,-0.012403100775193798
2023-07-04,63100,64500,63000,63800,83652,0.0015698587127157548
2023-07-05,63700,64200,63000,63100,78576,-0.010971786833855801
2023-07-06,62100,63400,61600,63000,105361,-0.0015847860538826808
2023-07-07,61900,62500,60400,62300,149344,-0.011111111111111072
2023-07-10,62300,63200,61500,61800,42955,-0.008025682182985605
2023-07-11,62500,63600,61100,62400,76922,0.009708737864077666
2023-07-12,62900,63000,61100,61600,71230,-0.012820512820512775
2023-07-13,62300,63500,61000,61300,184806,-0.004870129870129913
2023-07-14,62000,62000,58800,59500,142418,-0.029363784665579096
2023-07-17,58700,59200,57000,58900,213701,-0.010084033613445342
2023-07-18,58100,59800,58100,59600,70423,0.011884550084889645
2023-07-19,58800,59200,57700,58400,70694,-0.020134228187919434
2023-07-20,57400,58900,56800,58000,51004,-0.006849315068493178
2023-07-21,58000,59100,57200,57200,53131,-0.01379310344827589
2023-07-24,57900,59800,57600,58400,84047,0.020979020979021046
2023-07-25,58500,58600,57000,57700,61110,-0.011986301369863006
2023-07-26,56800,57500,54900,55400,118943,-0.03986135181975736
2023-07-27,55900,58400,55600,56600,99495,0.02166064981949467
2023-07-28,55200,58500,55200,57700,106408,0.019434628975264934
2023-07-31,59000,59000,56500,57800,66391,0.0017331022530329143
2023-08-01,57300,58400,56700,57100,63779,-0.01211072664359858
2023-08-02,56800,58500,56800,58000,96308,0.015761821366024442
2023-08-03,58400,58500,56200,56400,59971,-0.02758620689655178
2023-08-04,56500,60300,56000,59400,136513,0.05319148936170204
2023-08-07,59900,63800,59100,62500,181780,0.05218855218855212
2023-08-08,63000,63000,59300,59600,88436,-0.0464
2023-08-09,60400,60400,58000,58600,89679,-0.016778523489932917
2023-08-10,58800,62900,58700,60500,179363,0.03242320819112621
2023-08-11,61000,61400,59500,60600,97369,0.0016528925619834212
2023-08-14,60600,65400,60500,64900,168691,0.07095709570957087
2023-08-16,66600,67900,59800,61400,232296,-0.05392912172573194
2023-08-17,61100,61300,57800,59400,120727,-0.032573289902280145
2023-08-18,58400,60100,57300,58000,100416,-0.023569023569023573
2023-08-21,58500,58900,56200,56900,106595,-0.018965517241379293
2023-08-22,56900,57400,55600,56100,87868,-0.01405975395430581
2023-08-23,55600,56300,54200,55100,126441,-0.017825311942959
2023-08-24,55700,55700,54100,54800,97407,-0.005444646098003658
2023-08-25,54100,55500,53700,54400,82362,-0.007299270072992692
2023-08-28,54500,55600,54300,54700,61595,0.005514705882353033
2023-08-29,55100,55200,53400,53900,52349,-0.014625228519195566
2023-08-30,54300,54400,52800,53000,121724,-0.016697588126159513
2023-08-31,53100,53800,52700,53700,79265,0.013207547169811429
2023-09-01,54000,54800,53500,53900,83030,0.003724394785847407
2023-09-04,54300,55000,53800,54200,53559,0.005565862708719838
2023-09-05,54000,55100,53300,54400,75666,0.0036900369003689537
2023-09-06,53900,55100,53100,53800,85481,-0.011029411764705843
2023-09-07,53300,54000,53100,53700,65671,-0.0018587360594795044
2023-09-08,54200,57400,53700,55700,120051,0.03724394785847296
2023-09-11,56000,58000,55000,57000,125139,0.02333931777378817
2023-09-12,58500,58500,55200,56100,75962,-0.015789473684210575
2023-09-13,55500,56100,54000,54100,70742,-0.035650623885918
2023-09-14,54500,54800,53700,54500,101763,0.007393715341959428
2023-09-15,54600,54600,51600,52300,189734,-0.04036697247706422
2023-09-18,52100,52300,50500,50800,141847,-0.028680688336520044
2023-09-19,51100,51200,50400,50600,56047,-0.003937007874015741
2023-09-20,50700,51400,50600,50700,30006,0.0019762845849802257
2023-09-21,50600,50700,49350,50000,92594,-0.013806706114398382
2023-09-22,49400,50400,49200,50100,59875,0.0020000000000000018
2023-09-25,50200,51400,49600,50100,91308,0.0
2023-09-26,49850,50600,48300,48700,94644,-0.027944111776447067
2023-09-27,48200,48700,47900,48350,77836,-0.007186858316221789
2023-10-04,47800,48350,46950,47650,109431,-0.014477766287487093
2023-10-05,47650,48550,46850,48350,116489,0.014690451206715638
2023-10-06,48800,48800,47100,47600,37968,-0.015511892450879028
2023-10-10,48500,49350,48050,48850,93767,0.02626050420168058
2023-10-11,49100,49650,48600,49250,68326,0.008188331627430934
2023-10-12,49700,49750,48700,49500,70121,0.0050761421319796
2023-10-13,48800,49550,48200,48750,41357,-0.015151515151515138
2023-10-16,48800,49100,47800,48400,55101,-0.007179487179487132
2023-10-17,49400,50300,48400,49000,63456,0.012396694214876103
2023-10-18,49600,53100,49200,52700,289122,0.07551020408163267
2023-10-19,52200,52900,50300,52600,178129,-0.00189753320683117
2023-10-20,51800,51800,49900,50300,102837,-0.04372623574144485
2023-10-23,50600,53500,50300,52900,152085,0.05168986083499005
2023-10-24,53700,53700,50100,51300,94640,-0.03024574669187141
2023-10-25,51800,54800,51000,54300,158272,0.0584795321637428
2023-10-26,54300,54500,52200,52400,84039,-0.03499079189686927
2023-10-27,53400,53400,50900,51000,48269,-0.026717557251908386
2023-10-30,50300,52300,50300,51600,45193,0.0117647058823529
2023-10-31,52800,55400,52500,54300,193467,0.05232558139534893
2023-11-01,55700,56700,53400,54600,93243,0.005524861878453136
2023-11-02,54800,54800,52400,52900,124286,-0.031135531135531136
2023-11-03,53700,54400,52400,53600,70534,0.013232514177693666
2023-11-06,53800,54300,52200,54300,113322,0.013059701492537323
2023-11-07,53800,54300,52100,52200,68001,-0.03867403314917128
2023-11-08,52800,53300,52000,52400,49529,0.003831417624521105
2023-11-09,52400,55600,52200,55600,144983,0.06106870229007644
2023-11-10,55000,55500,54200,54700,35928,-0.01618705035971224
2023-11-13,55500,55500,53200,54300,62983,-0.007312614259597838
2023-11-14,55300,55300,51500,51800,67467,-0.046040515653775316
2023-11-15,51900,52600,48100,48400,302874,-0.06563706563706562
2023-11-16,48600,48650,46700,47150,221064,-0.025826446280991733
2023-11-17,47300,47450,46000,46600,128075,-0.01166489925768821
2023-11-20,46600,47300,46300,46800,141312,0.0042918454935623185
2023-11-21,47250,47600,46900,47050,81638,0.005341880341880323
2023-11-22,47000,47200,46350,46400,105555,-0.01381509032943673
2023-11-23,46450,46900,46400,46850,73534,0.00969827586206895
2023-11-24,47000,47300,46600,46700,49994,-0.0032017075773745907
2023-11-27,46750,46900,44450,44850,220282,-0.039614561027837225
2023-11-28,45050,45600,44750,45000,85807,0.0033444816053511683
2023-11-29,45000,45150,44250,44450,81654,-0.012222222222222245
2023-11-30,44550,44700,43550,43700,218180,-0.01687289088863897
2023-12-01,43750,45350,43650,45100,154878,0.03203661327231111
2023-12-04,45700,46100,45100,45900,87138,0.017738359201773912
2023-12-05,46000,46350,45350,45950,89472,0.0010893246187364536
2023-12-06,46300,46350,45150,45500,70183,-0.009793253536452662
2023-12-07,45100,46200,45100,46100,88434,0.01318681318681314
2023-12-08,46400,46400,45650,45750,59103,-0.007592190889370909
2023-12-11,45900,46700,45800,46500,71533,0.016393442622950838
2023-12-12,46650,47000,46100,46200,78856,-0.006451612903225823
2023-12-13,46250,46450,45750,45800,83451,-0.008658008658008698
2023-12-14,46350,46550,45400,45400,130684,-0.008733624454148492
2023-12-15,45400,46100,45100,46050,110805,0.014317180616740144
2023-12-18,46050,46400,45650,46200,97692,0.0032573289902280145
2023-12-19,45900,46950,45400,46950,124813,0.016233766233766156
2023-12-20,47000,47300,46600,47100,82513,0.0031948881789136685
2023-12-21,47000,47250,46550,46850,55384,-0.005307855626326963
2023-12-22,47100,47150,46450,46650,67902,-0.004268943436499417
2023-12-26,47050,47450,46500,46950,110989,0.006430868167202508
2023-12-27,46500,46500,44900,45100,134116,-0.03940362087326943
2023-12-28,45150,45900,45100,45600,66495,0.011086474501108556
2024-01-02,45400,45600,45000,45000,63170,-0.013157894736842146
2024-01-03,45200,45250,44000,44000,125705,-0.022222222222222254
2024-01-04,43700,44450,43700,44250,67844,0.005681818181818121
2024-01-05,44250,44600,43850,44050,108057,-0.004519774011299438
2024-01-08,44250,44500,44050,44150,72351,0.002270147559591429
2024-01-09,44550,44550,44100,44150,42915,0.0
2024-01-10,44250,44250,42800,42950,103533,-0.027180067950169917
2024-01-11,43250,44000,43000,43500,82862,0.012805587892898762
2024-01-12,43950,43950,43250,43500,43738,0.0
2024-01-15,43850,44050,42950,43000,52384,-0.011494252873563204
2024-01-16,42850,43000,41350,41450,83236,-0.03604651162790695
2024-01-17,41500,41500,40400,40500,65795,-0.022919179734619988
2024-01-18,40750,41450,40650,41200,43812,0.01728395061728394
2024-01-19,41650,42500,41000,41150,75605,-0.0012135922330097637
2024-01-22,41700,41700,40750,41000,35592,-0.0036452004860266785
2024-01-23,41400,41650,41000,41350,31011,0.008536585365853666
2024-01-24,41250,42050,41050,41900,38282,0.01330108827085863
2024-01-25,42300,42300,41750,42100,39871,0.004773269689737569
2024-01-26,41750,43000,41600,42150,46014,0.0011876484560569
2024-01-29,42500,45450,41600,44400,155636,0.053380782918149405
2024-01-30,44650,46550,44400,46150,224278,0.0394144144144144
2024-01-31,46150,49400,45400,47900,357248,0.037919826652220934
2024-02-01,48250,52700,47550,52300,390319,0.09185803757828803
2024-02-02,51400,51400,48550,50600,226878,-0.0325047801147228
2024-02-05,50300,51600,49550,50800,149808,0.0039525691699604515
2024-02-06,50800,52700,50500,51500,105570,0.013779527559055094
2024-02-07,51900,52500,50700,51800,106771,0.005825242718446644
2024-02-08,52200,52400,51200,52200,107561,0.007722007722007707
2024-02-13,52500,52500,50100,50600,110435,-0.03065134099616862
2024-02-14,50300,51400,49900,50500,84842,-0.0019762845849802257
2024-02-15,51500,51600,49000,49650,104071,-0.016831683168316847
2024-02-16,50100,50100,49050,49150,70709,-0.010070493454179208
2024-02-19,49100,49950,49000,49650,64280,0.010172939979654183
2024-02-20,50200,50300,49450,49750,67341,0.002014098690835908
2024-02-21,50100,50800,49550,50100,82313,0.007035175879396949
2024-02-22,50900,50900,49500,49950,62048,-0.0029940119760478723
2024-02-23,49950,51400,49600,51000,73546,0.021021021021021102
2024-02-26,51300,51300,47650,48050,119717,-0.05784313725490198
2024-02-27,48100,48450,46550,47100,97960,-0.019771071800208095
2024-02-28,46650,47150,44900,45600,173104,-0.031847133757961776
2024-02-29,45250,45350,44000,44000,125612,-0.03508771929824561
2024-03-04,44300,44750,43050,43300,125454,-0.015909090909090873
2024-03-05,43100,43300,42150,42500,106361,-0.018475750577367167
2024-03-06,42500,43450,42000,43050,78670,0.012941176470588234
2024-03-07,43200,43550,42550,43250,50087,0.004645760743321681
2024-03-08,43750,43750,42850,43450,78353,0.0046242774566473965
2024-03-11,43350,43500,42400,42500,118611,-0.021864211737629424
2024-03-12,42800,43000,41450,42700,87870,0.004705882352941115
2024-03-13,42650,42950,42400,42650,69072,-0.0011709601873536313
2024-03-14,42350,43050,42150,42500,105852,-0.003516998827667095
2024-03-15,42250,42750,42000,42250,94672,-0.00588235294117645
2024-03-18,42600,43750,41950,42850,96498,0.014201183431952646
2024-03-19,42500,44200,42200,43650,119178,0.018669778296382722
2024-03-20,44250,44300,43400,43700,62137,0.001145475372279492
2024-03-21,44100,44450,43700,44000,69508,0.006864988558352492
2024-03-22,43500,43500,41600,41700,257432,-0.05227272727272725
2024-03-25,41650,41850,40100,40300,174958,-0.033573141486810565
2024-03-26,40550,40900,40250,40750,139059,0.011166253101736912
2024-03-27,40300,40800,40200,40400,98579,-0.008588957055214674
2024-03-28,40400,40750,39100,40450,239510,0.0012376237623761277
2024-03-29,41400,41800,40400,40450,163824,0.0
2024-04-01,40650,41700,40350,41600,96899,0.028430160692212603
2024-04-02,41100,41650,40800,41200,81714,-0.009615384615384581
2024-04-03,41100,41100,40100,40300,92829,-0.021844660194174748
2024-04-04,40400,40750,39650,39700,82164,-0.01488833746898266
2024-04-05,39350,40200,39300,39750,90274,0.0012594458438286438
2024-04-08,39800,39800,39000,39100,66186,-0.01635220125786163
2024-04-09,39150,39300,38700,38900,84085,-0.005115089514066473
2024-04-11,38400,38950,37400,37850,145878,-0.02699228791773778
2024-04-12,37550,38200,37150,37150,79624,-0.018494055482166427
2024-04-15,37350,37550,36650,37050,85555,-0.0026917900403768957
2024-04-16,36350,37300,35800,36200,105365,-0.022941970310391357
2024-04-17,36000,36950,35650,36550,123335,0.00966850828729271
2024-04-18,36900,37100,36600,36900,67205,0.009575923392612928
2024-04-19,36500,37100,36150,36150,109940,-0.020325203252032575
2024-04-22,36450,38400,36250,38350,107494,0.06085753803596128
2024-04-23,37900,38100,37250,37450,95612,-0.023468057366362483
2024-04-24,37900,38100,37250,37800,58057,0.009345794392523255
2024-04-25,37450,38200,37400,37650,68044,-0.003968253968253954
2024-04-26,38000,38000,37100,37450,66982,-0.005312084993359889
2024-04-29,37700,38550,37350,38550,73722,0.029372496662216196
2024-04-30,38200,38750,37700,38400,124129,-0.0038910505836575737
2024-05-02,38050,38550,38050,38300,35657,-0.0026041666666666297
2024-05-03,38550,39500,38300,38950,54776,0.016971279373368064
2024-05-07,39400,39450,38500,38900,83601,-0.0012836970474967568
2024-05-08,39100,39100,38400,38450,49312,-0.011568123393316143
2024-05-09,38450,38700,37900,37900,115398,-0.014304291287386195
2024-05-10,38550,40250,38300,38950,95500,0.02770448548812654
2024-05-13,39000,39650,38400,38750,45493,-0.005134788189987138
2024-05-14,38750,39450,38750,39050,40088,0.007741935483871032
2024-05-16,39400,39750,38800,38850,60930,-0.005121638924455829
2024-05-17,38700,38750,36250,36800,205986,-0.052767052767052736
2024-05-20,37000,37150,36550,36550,45315,-0.006793478260869512
2024-05-21,36200,36250,35550,35700,147631,-0.023255813953488413
2024-05-22,35650,35900,35250,35500,81489,-0.0056022408963585235
2024-05-23,35500,35850,35200,35250,99214,-0.007042253521126751
2024-05-24,35100,35200,33750,33800,209871,-0.041134751773049594
2024-05-27,33850,34200,33550,34050,107781,0.007396449704142105
2024-05-28,34150,34250,33400,33550,139854,-0.014684287812041119
2024-05-29,33250,33250,32100,32900,187996,-0.019374068554396384
2024-05-30,32650,32800,32150,32350,202909,-0.016717325227963542
2024-05-31,32500,34750,32250,33950,485066,0.04945904173106652
2024-06-03,34150,34250,33100,33700,166430,-0.007363770250368162
2024-06-04,33600,33700,32850,33200,111961,-0.014836795252225476
2024-06-05,33300,33500,33050,33100,138029,-0.003012048192771122
2024-06-07,33250,34100,33250,33600,163433,0.015105740181268867
2024-06-10,33300,33300,32300,32500,121479,-0.03273809523809523
2024-06-11,33800,36800,33600,35200,772857,0.08307692307692305
2024-06-12,34950,35000,34050,34300,218711,-0.025568181818181768
2024-06-13,34350,34950,34200,34200,192360,-0.002915451895043719
2024-06-14,34250,34450,33850,34250,105721,0.0014619883040936088
2024-06-17,34350,34500,33850,33950,82308,-0.008759124087591275
2024-06-18,33950,34200,33350,33400,90260,-0.016200294550810068
2024-06-19,33500,33800,33250,33450,90186,0.0014970059880239361
2024-06-20,33450,34450,33400,34100,101046,0.01943198804185342
2024-06-21,34100,34400,33800,33850,104155,-0.007331378299120228
2024-06-24,33900,34300,33700,33850,65333,0.0
2024-06-25,34250,34550,33950,34450,76979,0.017725258493352936
2024-06-26,34250,34700,33800,34600,98101,0.004354136429608024
2024-06-27,34300,35200,34150,34950,117529,0.01011560693641611
2024-06-28,35150,35150,34450,34850,96249,-0.0028612303290415086
2024-07-01,34500,35050,34350,34800,51089,-0.0014347202295552641
2024-07-02,34550,34850,34500,34600,51200,-0.005747126436781658
2024-07-03,34600,34800,34250,34250,58917,-0.010115606936416222
2024-07-04,34550,35200,34150,35200,94178,0.027737226277372296
2024-07-05,35200,36950,35150,36550,233904,0.03835227272727271
2024-07-08,36550,37900,36150,37550,186559,0.02735978112175097
2024-07-09,37850,37900,37500,37600,106178,0.0013315579227697327
2024-07-10,37250,37700,36800,37050,90354,-0.0146276595744681
2024-07-11,37050,38300,37000,37950,130097,0.02429149797570851
2024-07-12,38250,39400,37950,38450,168891,0.013175230566534912
2024-07-15,38450,38600,37750,38150,114982,-0.007802340702210642
2024-07-16,38200,38450,37850,38000,89061,-0.003931847968545177
2024-07-17,38350,39550,37850,39300,160120,0.03421052631578947
2024-07-18,39600,39650,38200,39600,221422,0.007633587786259444
2024-07-19,39200,39250,37650,37750,106679,-0.04671717171717171
2024-07-22,37750,37850,36700,37000,95918,-0.019867549668874163
2024-07-23,37250,38650,37250,37800,89500,0.021621621621621623
2024-07-24,37550,39400,37500,39150,106252,0.03571428571428581
2024-07-25,39000,39000,38400,38700,64921,-0.011494252873563204
2024-07-26,38800,40400,38500,40000,135121,0.03359173126614978
2024-07-29,40000,40600,39000,39500,89053,-0.012499999999999956
2024-07-30,39150,39500,38200,38200,72037,-0.032911392405063244
2024-07-31,38550,39150,38250,38850,49768,0.017015706806282616
2024-08-01,38500,40450,38500,40050,95612,0.030888030888030826
2024-08-02,39500,40050,38500,38550,63702,-0.03745318352059923
2024-08-05,38300,38300,34850,36150,117403,-0.0622568093385214
2024-08-06,37750,37750,35700,36450,114377,0.008298755186721962
2024-08-07,35750,37900,35650,36950,132028,0.013717421124828544
2024-08-08,36550,37800,36100,37350,92351,0.010825439783491264
2024-08-09,37600,38300,37250,38050,63055,0.018741633199464536
2024-08-12,38500,38550,37850,38200,35422,0.003942181340341744
2024-08-13,37750,38500,37750,38250,49625,0.0013089005235602524
2024-08-14,38150,38350,37800,38000,35455,-0.006535947712418277
2024-08-16,39800,41350,39600,41350,326611,0.08815789473684221
2024-08-19,41100,41500,40400,40950,86631,-0.0096735187424426
2024-08-20,40950,41000,40200,40500,57941,-0.01098901098901095
2024-08-21,40900,40900,39800,39900,42210,-0.014814814814814836
2024-08-22,39800,40350,39650,40200,48550,0.007518796992481258
2024-08-23,39950,40000,38450,39250,77617,-0.023631840796019876
2024-08-26,39150,39150,37800,38000,89823,-0.031847133757961776
2024-08-27,38400,39300,37850,38800,94060,0.021052631578947434
2024-08-28,38550,38850,38000,38700,83487,-0.002577319587628857
2024-08-29,38400,38650,37950,38100,48267,-0.015503875968992276
2024-08-30,38100,38450,37100,37950,115716,-0.003937007874015741
2024-09-02,37600,37750,36100,36100,117291,-0.0487483530961792
2024-09-03,36000,36700,35850,36500,100186,0.011080332409972193
2024-09-04,35500,36650,34650,35800,129357,-0.019178082191780854
2024-09-05,35900,37450,35350,37250,116880,0.0405027932960893
2024-09-06,37250,37250,36050,36150,76780,-0.029530201342281903
2024-09-09,35100,36850,35000,36550,56748,0.011065006915629283
2024-09-10,36700,37050,36350,36650,32155,0.002735978112175186
2024-09-11,37000,37000,36200,36950,48072,0.008185538881309684
2024-09-12,36700,38200,36650,37750,91112,0.021650879566982306
2024-09-13,38450,38900,37550,38800,75383,0.027814569536423805
2024-09-19,39400,39400,37700,38900,81528,0.002577319587628857
2024-09-20,39150,39350,38450,38650,64317,-0.006426735218509005
2024-09-23,39000,39600,38500,39200,42890,0.014230271668822736
2024-09-24,39600,40000,38800,40000,56209,0.020408163265306145
2024-09-25,40350,41150,40100,40600,97843,0.014999999999999902
2024-09-26,40800,40800,40150,40800,39464,0.0049261083743843415
2024-09-27,40700,41300,40200,40700,66664,-0.002450980392156854
2024-09-30,41300,41800,40350,40400,61156,-0.0073710073710073765
2024-10-02,40550,42300,40100,41750,157730,0.033415841584158334
2024-10-04,41750,41750,40600,41300,51254,-0.010778443113772407
2024-10-07,40900,42750,40450,42700,95038,0.03389830508474567
2024-10-08,42350,42800,41600,41600,67285,-0.025761124121779888
2024-10-10,42400,43250,41200,42300,108721,0.016826923076923128
2024-10-11,43000,43450,42100,42500,47537,0.004728132387706863
2024-10-14,42100,43150,42050,42500,40297,0.0
2024-10-15,42700,43850,42200,43650,74100,0.027058823529411802
2024-10-16,43250,44950,42850,43700,171865,0.001145475372279492
2024-10-17,43900,44500,43000,43000,53795,-0.016018306636155555
2024-10-18,43500,43500,42100,42600,30700,-0.009302325581395321
2024-10-21,42600,42900,41500,41500,28712,-0.025821596244131495
2024-10-22,41250,41250,40300,41250,38268,-0.0060240963855421326
2024-10-23,41300,41400,40350,40600,51892,-0.015757575757575748
2024-10-24,40800,40950,40200,40700,30217,0.0024630541871921707
2024-10-25,40400,40500,39750,40100,42288,-0.014742014742014753
2024-10-28,40750,41300,40150,40900,26186,0.01995012468827939
2024-10-29,40800,41200,39900,40200,27883,-0.017114914425427896
2024-10-30,40200,40200,39600,39950,43696,-0.006218905472636815
2024-10-31,40300,42300,39400,42300,125757,0.05882352941176472
2024-11-01,42250,42450,41400,41900,52629,-0.009456264775413725
2024-11-04,41900,42350,40850,42150,47853,0.005966587112171906
2024-11-05,41650,42600,41350,42100,31261,-0.0011862396204033177
2024-11-06,41750,42550,41550,42300,40283,0.004750593824228044
2024-11-07,41400,42400,40300,41950,67796,-0.008274231678486954
2024-11-08,42400,43050,41050,41250,40569,-0.016686531585220488
2024-11-11,40450,41350,39950,40000,27595,-0.030303030303030276
2024-11-12,39900,40150,37950,38650,76015,-0.03374999999999995
2024-11-13,37900,39400,37600,39000,41743,0.009055627425614388
2024-11-14,39400,39700,38700,39100,72733,0.002564102564102555
2024-11-15,39500,40700,38950,40050,103365,0.024296675191815886
2024-11-18,39150,40600,38500,39300,72821,-0.01872659176029967
2024-11-19,38950,39550,38750,39400,31359,0.0025445292620864812
2024-11-20,39050,39450,38300,38300,57825,-0.027918781725888353
2024-11-21,38750,39200,38350,38700,36369,0.010443864229765065
2024-11-22,38500,39300,38500,39050,37129,0.009043927648578753
2024-11-25,39500,39500,38450,38550,43308,-0.012804097311139517
2024-11-26,38200,40300,38200,40200,62457,0.04280155642023353
2024-11-27,40000,41000,39800,40950,57752,0.018656716417910557
2024-11-28,41350,41350,39600,40550,39329,-0.009768009768009733
2024-11-29,40800,40950,39650,40950,30308,0.009864364981504226
2024-12-02,41350,41350,38300,38750,105551,-0.053724053724053755
2024-12-03,39150,41550,39050,41550,122259,0.07225806451612904
2024-12-04,41400,42250,40300,41350,100568,-0.004813477737665495
2024-12-05,41850,42650,41400,41850,76750,0.012091898428053138
2024-12-06,42800,42900,41850,42050,115765,0.004778972520907976
2024-12-09,42200,42600,40400,41850,86971,-0.0047562425683710385
2024-12-10,42200,43400,41950,42950,74174,0.02628434886499398
2024-12-11,43250,43900,42400,42950,58358,0.0
2024-12-12,43150,43900,42450,43800,110371,0.019790454016298087
2024-12-13,43300,44050,43100,43600,51707,-0.004566210045662156
2024-12-16,43200,43700,41500,41600,56304,-0.04587155963302747
2024-12-17,41650,42000,41000,41650,76285,0.0012019230769231282
2024-12-18,41450,41900,41000,41700,59639,0.0012004801920768582
2024-12-19,41050,43550,40600,42250,71278,0.01318944844124692
2024-12-20,41850,42950,41850,42100,49650,-0.0035502958579881616
2024-12-23,42500,42800,42100,42800,29870,0.016627078384798155
2024-12-24,42400,43200,42100,42550,25770,-0.005841121495327117
2024-12-26,42800,42950,42000,42600,30567,0.001175088131609936
2024-12-27,42250,42400,41100,41450,38127,-0.02699530516431925
2024-12-30,41450,42400,40900,42400,29227,0.022919179734619988
2025-01-02,41600,42000,40400,40550,46429,-0.04363207547169812
2025-01-03,40550,41600,40550,41500,47620,0.023427866831072786
2025-01-06,41200,42400,41200,41500,41770,0.0
2025-01-07,41500,41900,41050,41150,49476,-0.008433734939759074
2025-01-08,40900,41500,40650,40850,40638,-0.007290400972053468
2025-01-09,40550,41050,40400,40700,52295,-0.003671970624234966
2025-01-10,40500,41250,39550,40050,95387,-0.01597051597051602
