Date,Open,High,Low,Close,Volume,Change
2022-01-03,18791,19693,18466,18942,260819,0.018880103275778604
2022-01-04,18917,18942,17814,18040,204353,-0.04761904761904767
2022-01-05,18040,18040,17338,17764,155134,-0.015299334811529897
2022-01-06,17513,17714,16787,16787,134407,-0.05499887412744875
2022-01-07,16762,17037,16211,16411,157994,-0.022398284386727862
2022-01-10,16411,16762,15434,15735,137482,-0.04119188349277925
2022-01-11,15985,16010,14682,14958,169638,-0.04938036224976172
2022-01-12,15183,17739,14832,15960,798749,0.06698756518251092
2022-01-13,15960,16336,15434,15459,146532,-0.03139097744360897
2022-01-14,15183,15459,14732,15334,145007,-0.008085904651012332
2022-01-17,15534,15985,15083,15384,122435,0.003260727794443641
2022-01-18,15384,15634,14782,14858,100925,-0.034191367654706206
2022-01-19,14582,16236,14356,15084,327221,0.01521066092340817
2022-01-20,14908,15885,14883,15284,101306,0.013259082471492878
2022-01-21,15183,15409,14782,14783,84657,-0.03277937712640666
2022-01-24,14557,14782,13630,13630,90658,-0.07799499425015222
2022-01-25,13555,13730,12753,12753,103168,-0.06434336023477627
2022-01-26,12577,12978,12552,12753,83985,0.0
2022-01-27,12753,13329,11475,11551,114010,-0.0942523327844429
2022-01-28,11675,12477,10874,12227,162406,0.05852307159553294
2022-02-03,12778,13279,12352,12879,185393,0.053324609470843276
2022-02-04,12577,12953,12477,12703,62790,-0.013665657271527243
2022-02-07,12778,13630,12603,12703,107197,0.0
2022-02-08,12928,13079,12001,12277,85252,-0.03353538534204514
2022-02-09,12477,14281,12302,12929,470249,0.05310743667019624
2022-02-10,13154,13154,12477,12478,78306,-0.03488282156392608
2022-02-11,11726,12076,11224,11325,361535,-0.09240262862638249
2022-02-14,11325,13028,10573,10874,808328,-0.039823399558498895
2022-02-15,10949,11074,10322,10398,244877,-0.043774140150818486
2022-02-16,10824,10949,10523,10674,203786,0.026543566070398095
2022-02-17,10824,12026,10573,10674,812979,0.0
2022-02-18,10623,11400,10548,11150,309435,0.04459434139029428
2022-02-21,11024,11350,10824,11150,145799,0.0
2022-02-22,10824,11300,10773,11024,164797,-0.01130044843049327
2022-02-23,11250,11425,10899,11100,139597,0.006894049346879427
2022-02-24,10899,11024,10172,10198,197518,-0.08126126126126121
2022-02-25,10523,10798,10322,10523,111773,0.031868993920376454
2022-02-28,10398,10899,10347,10473,68970,-0.004751496721467241
2022-03-02,10473,10874,10373,10774,92612,0.028740570992074943
2022-03-03,10773,11650,10773,11576,273040,0.07443846296640055
2022-03-04,11400,11575,11124,11350,94344,-0.01952315134761573
2022-03-07,10974,11149,10698,10699,103629,-0.05735682819383259
2022-03-08,10548,10673,10373,10423,65189,-0.0257968034395738
2022-03-10,10648,10849,10498,10624,60364,0.019284275160702302
2022-03-11,10523,10673,10297,10298,55520,-0.030685240963855387
2022-03-14,10297,10297,9896,10022,101292,-0.026801320644785354
2022-03-15,10047,10673,9922,10273,111059,0.025044901217321947
2022-03-16,10473,10723,10297,10423,80682,0.014601382264187723
2022-03-17,10673,11124,10623,10724,142333,0.02887844190732025
2022-03-18,10899,12778,10723,12102,1817119,0.12849682954121588
2022-03-21,12026,12352,11801,11826,264860,-0.022806147744174554
2022-03-22,11776,12051,11600,12052,157836,0.019110434635548845
2022-03-23,12227,12227,11726,11927,217757,-0.010371722535678751
2022-03-24,11726,12076,11650,12077,109851,0.012576507084765653
2022-03-25,12202,12452,11776,11826,149804,-0.020783307112693494
2022-03-28,11926,11926,11525,11551,90558,-0.023253847454760668
2022-03-29,11625,12377,11625,12378,237272,0.07159553285429832
2022-03-30,12577,12577,12101,12252,185154,-0.010179350460494452
2022-03-31,12177,13630,12101,12854,883410,0.04913483512895844
2022-04-01,13003,14181,12903,13380,993677,0.040921114050101126
2022-04-04,13354,14006,13079,13605,335553,0.01681614349775784
2022-04-05,13780,13981,13179,13455,213622,-0.011025358324145529
2022-04-06,13154,13429,13054,13129,99325,-0.02422891118543291
2022-04-07,12903,12978,12277,12428,152556,-0.0533932515804707
2022-04-08,12628,12653,12177,12403,76232,-0.002011586739620208
2022-04-11,12527,13054,12227,12904,111073,0.040393453196807316
2022-04-12,12603,12828,12327,12453,68781,-0.034950402975821415
2022-04-13,12502,12928,12477,12728,64951,0.022083032201076103
2022-04-14,12678,12903,12352,12879,59354,0.011863607793840325
2022-04-15,12678,12828,12402,12528,54531,-0.027253668763102756
2022-04-18,12477,12477,12051,12102,72650,-0.03400383141762453
2022-04-19,12101,12277,12026,12102,44866,0.0
2022-04-20,12101,12202,12026,12102,49867,0.0
2022-04-21,12202,13179,12202,12954,323629,0.07040158651462569
2022-04-22,12853,13530,12703,13029,239331,0.005789717461787802
2022-04-25,12653,12928,12277,12327,116433,-0.053879806585309664
2022-04-26,12327,12552,12076,12352,60411,0.002028068467591515
2022-04-27,11826,12126,11826,11977,74684,-0.030359455958549275
2022-04-28,12051,12252,11876,12027,44092,0.004174668113885005
2022-04-29,12177,12427,11776,11876,95657,-0.012555084393448102
2022-05-02,11801,11801,11350,11576,67799,-0.025261030650050476
2022-05-03,11550,11826,11500,11501,56149,-0.00647892190739463
2022-05-04,11650,11876,10899,11100,114301,-0.03486653334492651
2022-05-06,10773,11074,10748,11024,32799,-0.006846846846846888
2022-05-09,10798,10974,10498,10498,60775,-0.04771407837445574
2022-05-10,10473,10748,10047,10599,49420,0.009620880167650947
2022-05-11,10272,10423,10047,10173,206672,-0.040192470987829076
2022-05-12,10072,10222,9621,9797,87944,-0.03696058193256657
2022-05-13,9846,10598,9771,10423,134393,0.0638971113606206
2022-05-16,10473,10773,10297,10473,43242,0.004797083373309086
2022-05-17,10523,10673,10272,10573,39277,0.009548362455838788
2022-05-18,10824,10924,10398,10398,58655,-0.016551593682020194
2022-05-19,10072,10347,9922,10198,31342,-0.019234468166955176
2022-05-20,10247,10723,10222,10573,54666,0.03677191606197283
2022-05-23,10773,10773,10398,10624,41272,0.004823607301617239
2022-05-24,10623,10623,10247,10298,47221,-0.030685240963855387
2022-05-25,10297,10423,10172,10198,35014,-0.009710623422023668
2022-05-26,10222,10598,10197,10273,46257,0.007354383212394566
2022-05-27,10473,10473,10247,10373,26411,0.00973425484279189
2022-05-30,10448,10523,10272,10473,35724,0.009640412609659643
2022-05-31,10473,10648,10322,10398,32398,-0.007161271841879091
2022-06-02,10448,10473,10297,10423,21736,0.0024043085208693693
2022-06-03,10373,10798,10373,10523,94314,0.00959416674661795
2022-06-07,10598,10598,10097,10173,68310,-0.0332604770502708
2022-06-08,10247,10347,10072,10173,23570,0.0
2022-06-09,10072,10172,9922,10148,31382,-0.0024574855008355767
2022-06-10,9947,10373,9896,10273,40951,0.012317698068584848
2022-06-13,9972,10147,9571,9596,86380,-0.06590090528570036
2022-06-14,9170,9746,9170,9747,58749,0.015735723218007536
2022-06-15,9521,9721,9345,9346,57005,-0.04114086385554527
2022-06-16,9521,9696,9095,9095,58554,-0.02685640915899845
2022-06-17,9120,9420,8819,9271,53655,0.019351291918636715
2022-06-20,9295,9345,8744,8795,52186,-0.05134289720634233
2022-06-21,8819,9270,8769,9070,46820,0.031267765776009204
2022-06-22,9095,9320,8518,8594,62223,-0.05248070562293272
2022-06-23,8594,8819,8118,8318,54499,-0.03211542936932743
2022-06-24,8092,9320,8092,9020,85867,0.08439528732868484
2022-06-27,8944,9145,8869,9070,53233,0.005543237250554389
2022-06-28,9020,9070,8794,8845,34200,-0.02480705622932744
2022-06-29,8819,8844,8594,8795,28071,-0.005652911249293346
2022-06-30,8644,8744,8443,8519,39035,-0.031381466742467334
2022-07-01,8518,8669,8118,8143,39628,-0.0441366357553703
2022-07-04,8193,8243,7692,8118,67051,-0.0030701215768144108
2022-07-05,8067,8794,8017,8544,47125,0.05247597930524761
2022-07-06,8543,9070,8218,8719,107415,0.02048220973782766
2022-07-07,8969,9420,8844,9220,134008,0.05746071797224461
2022-07-08,9345,9345,8919,9120,82173,-0.010845986984815648
2022-07-11,9020,9045,8869,8945,27116,-0.01918859649122806
2022-07-12,8944,8969,8669,8795,26349,-0.016769144773616573
2022-07-13,8794,8919,8569,8895,27882,0.011370096645821448
2022-07-14,8719,9020,8644,8694,29562,-0.02259696458684657
2022-07-15,8719,8869,8493,8694,36086,0.0
2022-07-18,8719,9045,8719,8945,60084,0.028870485392224587
2022-07-19,8919,9170,8819,9170,48851,0.025153717160424804
2022-07-20,9295,9420,9045,9120,56289,-0.005452562704471142
2022-07-21,9020,9195,9020,9145,35718,0.0027412280701755165
2022-07-22,9170,9195,8944,8970,41084,-0.01913613996719521
2022-07-25,8869,8969,8794,8895,45539,-0.00836120401337792
2022-07-26,8894,8994,8719,8769,43024,-0.014165261382799277
2022-07-27,8819,10222,8694,9521,782150,0.08575664271866801
2022-07-28,9922,10122,9646,9747,295765,0.023737002415712638
2022-07-29,10022,10197,9646,9697,211062,-0.005129783523135312
2022-08-01,9771,11600,9471,10599,1253371,0.09301845931731467
2022-08-02,10573,10723,10147,10573,200759,-0.002453061609585805
2022-08-03,10373,10824,10122,10373,282265,-0.018916107065166
2022-08-04,10523,10598,10072,10122,137308,-0.02419743565024579
2022-08-05,10147,10949,10022,10924,266792,0.0792333530922742
2022-08-08,10924,11250,10648,10674,226763,-0.022885389967045033
2022-08-09,10623,10824,10347,10398,95761,-0.025857223159078124
2022-08-10,10272,10398,9771,9822,157900,-0.05539526832083097
2022-08-11,10022,10172,9922,10097,79832,0.027998371003868927
2022-08-12,10022,10673,9997,10323,114717,0.02238288600574423
2022-08-16,10423,10423,10197,10198,51408,-0.012108883076625054
2022-08-17,10222,10222,9871,9972,76983,-0.02216120808001565
2022-08-18,10022,10022,9646,9897,39837,-0.007521058965102245
2022-08-19,9922,10247,9771,9947,55435,0.005052035970496194
2022-08-22,9771,9796,9295,9321,78168,-0.0629335478033578
2022-08-23,9095,9395,8994,9220,58304,-0.010835747237420867
2022-08-24,9170,9370,9120,9220,37237,0.0
2022-08-25,9245,9420,9195,9220,45523,0.0
2022-08-26,9345,9496,9120,9220,57233,0.0
2022-08-29,8919,8919,8694,8719,54984,-0.054338394793926215
2022-08-30,8694,9020,8694,9020,42338,0.034522307604083036
2022-08-31,8994,9170,8769,9170,33262,0.016629711751662946
2022-09-01,9045,9120,8769,8769,54495,-0.04372955288985825
2022-09-02,8919,8919,8644,8669,29530,-0.011403808872163301
2022-09-05,8569,8744,8368,8494,55472,-0.020186872765024844
2022-09-06,8243,10222,8243,8895,801166,0.0472097951495174
2022-09-07,8994,8994,8594,8619,90299,-0.03102866779089375
2022-09-08,8894,8894,8644,8669,47289,0.005801137022856562
2022-09-13,8769,9270,8769,9271,121677,0.0694428423116853
2022-09-14,8794,9295,8694,9220,80255,-0.005501024700679591
2022-09-15,9320,9320,9095,9195,50464,-0.0027114967462038564
2022-09-16,9020,9471,8994,9471,96110,0.030016313213703016
2022-09-19,10022,11400,9947,10599,2589724,0.11910041178333852
2022-09-20,10473,11675,10373,10999,1118858,0.03773940937824327
2022-09-21,10874,11049,10523,10523,302712,-0.043276661514683123
2022-09-22,10322,10698,10022,10599,245348,0.0072222750166301974
2022-09-23,10498,10548,9596,9697,239245,-0.08510236814793848
2022-09-26,9596,9646,8919,8995,228000,-0.07239352377023822
2022-09-27,8944,9120,8518,8845,183455,-0.016675931072818284
2022-09-28,8819,8869,8218,8243,177884,-0.06806105144149233
2022-09-29,8418,8518,8017,8018,96603,-0.02729588741962874
2022-09-30,7792,8042,7692,7918,116796,-0.012471938139186789
2022-10-04,8067,8644,8067,8469,147939,0.06958827986865379
2022-10-05,8644,10748,8569,9621,1736349,0.1360255047821466
2022-10-06,9821,10272,9696,9822,336716,0.02089179918927342
2022-10-07,9721,11600,9295,11175,1387713,0.13775198533903477
2022-10-11,11049,11675,10473,10473,596338,-0.06281879194630868
2022-10-12,10297,10573,9771,9872,333395,-0.05738565835959131
2022-10-13,9871,9997,9420,9471,186100,-0.040619935170178256
2022-10-14,9696,10297,9696,10273,224686,0.08467954809418221
2022-10-17,9972,10498,9896,10298,158968,0.002433563710698028
2022-10-18,10448,10723,9997,10223,188398,-0.007282967566517806
2022-10-19,10247,10748,10122,10122,241420,-0.009879683067592682
2022-10-20,10147,10473,9896,9922,132744,-0.019758940920766688
2022-10-21,9771,10022,9471,9471,113008,-0.045454545454545414
2022-10-24,9621,10373,9621,10122,188530,0.06873614190687372
2022-10-25,10423,13154,10297,12227,2889373,0.20796285319106889
2022-10-26,12252,14331,12076,12428,3305744,0.016439028379815257
2022-10-27,12603,12628,12177,12428,444400,0.0
2022-10-28,12603,12878,11350,11576,683963,-0.06855487608625688
2022-10-31,11751,11876,11500,11851,262881,0.02375604699378031
2022-11-01,11801,12302,11525,12202,274740,0.02961775377605269
2022-11-02,11901,12101,11525,11551,198917,-0.05335190952302904
2022-11-03,11500,11600,10648,11125,416738,-0.03687992381611982
2022-11-04,10924,11024,10448,10774,265040,-0.03155056179775284
2022-11-07,10899,11224,10824,11175,207019,0.03721923148320028
2022-11-08,11500,11701,11174,11501,327387,0.029172259507829867
2022-11-09,11726,11751,11250,11275,196173,-0.019650465176941134
2022-11-10,11074,11701,10849,11450,226214,0.015521064301552201
2022-11-11,11876,11976,11375,11501,272944,0.0044541484716156265
2022-11-14,11650,11926,11500,11626,279998,0.010868620119989458
2022-11-15,11701,12152,11625,11776,269566,0.012902115947015291
2022-11-16,11851,11876,11149,11325,207063,-0.03829823369565222
2022-11-17,11325,11325,10723,10799,149519,-0.04644591611479032
2022-11-18,10874,10999,10598,10599,99979,-0.01852023335494024
2022-11-21,10523,11149,10473,11150,137685,0.05198603641853006
2022-11-22,11149,11250,10924,10974,80866,-0.01578475336322871
2022-11-23,11049,11500,11049,11200,105242,0.020594131583743458
2022-11-24,11300,11325,11074,11125,47660,-0.006696428571428603
2022-11-25,11049,11124,10698,10724,80088,-0.03604494382022472
2022-11-28,10723,11074,10548,11024,80449,0.027974636329727742
2022-11-29,10924,11224,10798,11100,55688,0.006894049346879427
2022-11-30,11099,11199,10924,11100,41763,0.0
2022-12-01,11149,12001,10974,11476,384564,0.03387387387387397
2022-12-02,11475,11475,11174,11325,111366,-0.013157894736842146
2022-12-05,11450,11500,10874,10999,107646,-0.028785871964679965
2022-12-06,10974,11074,10623,10699,82987,-0.027275206836985144
2022-12-07,10623,10874,10523,10624,51006,-0.007010000934666749
2022-12-08,10598,10999,10598,10699,68942,0.007059487951807331
2022-12-09,10824,10874,10573,10799,40472,0.009346667912889073
2022-12-12,10798,11224,10673,11125,53702,0.030187980368552747
2022-12-13,11049,11425,11049,11100,62108,-0.0022471910112359383
2022-12-14,11174,12778,11149,11300,1090920,0.018018018018018056
2022-12-15,11300,11650,11049,11476,198538,0.015575221238937953
2022-12-16,11174,11475,11099,11125,99616,-0.030585569884977293
2022-12-19,11124,11149,10924,10974,62541,-0.013573033707865223
2022-12-20,10824,10974,10297,10323,134153,-0.05932203389830504
2022-12-21,10322,11425,10322,10774,445771,0.04368885014046309
2022-12-22,10773,10924,10748,10824,60705,0.004640801930573701
2022-12-23,10548,10648,10297,10323,86882,-0.046286031042128584
2022-12-26,10322,10748,10297,10373,71748,0.0048435532306501106
2022-12-27,10373,10648,10122,10248,80587,-0.01205051576207461
2022-12-28,10122,10322,10122,10148,45804,-0.00975800156128026
2022-12-29,10072,10197,9671,9822,84099,-0.0321245565628695
2023-01-02,9821,9972,9345,9446,50953,-0.03828140908165345
2023-01-03,9471,9771,8969,9722,102356,0.02921871691721356
2023-01-04,9596,10272,9596,10273,65167,0.0566755811561408
2023-01-05,10398,10874,10147,10198,91287,-0.007300691132093862
2023-01-06,10047,10899,10022,10699,120999,0.049127279858795836
2023-01-09,10748,11224,10748,11225,101229,0.04916347322179648
2023-01-10,11275,11625,10924,11250,344167,0.00222717149220486
2023-01-11,12650,12750,11400,11400,491967,0.01333333333333342
2023-01-12,11300,11600,10900,10900,92874,-0.04385964912280704
2023-01-13,10900,11100,10750,11000,49710,0.00917431192660545
2023-01-16,11200,11200,10700,10750,48894,-0.022727272727272707
2023-01-17,10700,10900,10550,10800,31545,0.0046511627906977715
2023-01-18,10850,10850,10450,10550,41092,-0.02314814814814814
2023-01-19,10450,10750,10400,10600,38996,0.004739336492890933
2023-01-20,10500,10800,10500,10700,28382,0.009433962264151052
2023-01-25,10870,10990,10800,10850,53072,0.014018691588784993
2023-01-26,10850,11000,10620,10650,37995,-0.018433179723502335
2023-01-27,10650,10650,10490,10560,36104,-0.008450704225352101
2023-01-30,10100,10280,10020,10120,100743,-0.04166666666666663
2023-01-31,10100,10220,9940,10100,39612,-0.0019762845849802257
2023-02-01,9960,10050,9830,9890,153131,-0.02079207920792081
2023-02-02,10200,11020,10080,10380,381630,0.04954499494438824
2023-02-03,10420,10550,10210,10230,78233,-0.014450867052023142
2023-02-06,10230,10300,9900,9950,184375,-0.027370478983382185
2023-02-07,10000,10300,9950,10220,85395,0.02713567839195985
2023-02-08,10340,10530,10250,10430,88924,0.020547945205479534
2023-02-09,10310,10490,10220,10430,44434,0.0
2023-02-10,10460,10460,9910,9970,139881,-0.04410354745925216
2023-02-13,9990,10000,9750,9830,69974,-0.014042126379137376
2023-02-14,9880,12200,9880,10630,2939525,0.08138351983723302
2023-02-15,10620,10820,10340,10380,263742,-0.0235183443085607
2023-02-16,10550,10710,10390,10530,189285,0.014450867052023142
2023-02-17,10420,10500,10110,10110,180451,-0.03988603988603989
2023-02-20,10040,10250,9990,10120,79524,0.0009891196834816984
2023-02-21,10220,10220,10000,10060,62797,-0.005928853754940677
2023-02-22,9890,10050,9870,9930,88320,-0.012922465208747513
2023-02-23,9940,10060,9870,10010,61284,0.00805639476334341
2023-02-24,10200,10430,9920,9920,118220,-0.00899100899100902
2023-02-27,9820,10040,9810,9930,60717,0.0010080645161290036
2023-02-28,9990,10050,9880,9920,52110,-0.001007049345417954
2023-03-02,9930,9930,9840,9880,71684,-0.0040322580645161255
2023-03-03,9890,9950,9810,9860,42691,-0.002024291497975672
2023-03-06,9830,10070,9790,10050,76864,0.01926977687626774
2023-03-07,10000,10070,9920,9960,43044,-0.008955223880596996
2023-03-08,9930,9930,9720,9780,88279,-0.01807228915662651
2023-03-09,9800,10050,9760,9820,40257,0.004089979550102152
2023-03-10,9710,9750,9430,9430,108687,-0.03971486761710796
2023-03-13,9440,9520,9270,9290,79249,-0.014846235418875975
2023-03-14,9210,9390,8850,8850,83775,-0.04736275565123793
2023-03-15,8930,9240,8900,9110,42960,0.029378531073446235
2023-03-16,8850,9330,8780,8810,54258,-0.03293084522502743
2023-03-17,9120,9610,9070,9480,79496,0.07604994324631109
2023-03-20,9480,9700,9350,9360,35280,-0.012658227848101222
2023-03-21,9380,9500,8970,9130,60371,-0.024572649572649596
2023-03-22,9270,9330,9130,9290,42806,0.017524644030668224
2023-03-23,9200,9530,9130,9400,61274,0.011840688912809538
2023-03-24,9500,10010,9430,9770,180557,0.03936170212765955
2023-03-27,9770,11750,9770,10680,4067133,0.09314227226202654
2023-03-28,10750,10780,10380,10680,395826,0.0
2023-03-29,10870,11630,10690,10910,1071780,0.021535580524344677
2023-03-30,11100,11380,10780,11120,509448,0.019248395967002674
2023-03-31,11320,11420,10710,10780,274200,-0.030575539568345356
2023-04-03,10800,10860,10430,10820,120149,0.0037105751391466324
2023-04-04,10820,11060,10610,10750,168745,-0.006469500924214389
2023-04-05,10750,10900,10640,10750,98017,0.0
2023-04-06,10670,10720,10270,10500,125072,-0.023255813953488413
2023-04-07,10540,10960,10520,10670,194207,0.01619047619047609
2023-04-10,10670,10910,10280,10850,125096,0.016869728209934376
2023-04-11,10860,11450,10660,11220,333934,0.03410138248847927
2023-04-12,11480,11480,10870,10900,193035,-0.028520499108734443
2023-04-13,10900,11470,10590,11200,287118,0.02752293577981657
2023-04-14,11460,11570,11030,11030,200915,-0.015178571428571375
2023-04-17,11040,11200,10820,10860,63700,-0.015412511332728918
2023-04-18,10860,11260,10600,11210,158204,0.03222836095764281
2023-04-19,11210,11210,10860,10900,126477,-0.027653880463871516
2023-04-20,10910,10910,10420,10490,106937,-0.03761467889908254
2023-04-21,10360,10640,10270,10400,68931,-0.008579599618684486
2023-04-24,10390,10390,9880,9900,131095,-0.04807692307692313
2023-04-25,9900,9980,9480,9580,97018,-0.03232323232323231
2023-04-26,9360,9720,9360,9650,43692,0.007306889352818313
2023-04-27,9780,9780,9550,9750,26892,0.010362694300518172
2023-04-28,9750,9920,9500,9500,31886,-0.02564102564102566
2023-05-02,9550,9790,9360,9730,27728,0.02421052631578946
2023-05-03,9700,9740,9570,9620,17800,-0.01130524152106882
2023-05-04,9700,9910,9360,9640,20057,0.0020790020790020236
2023-05-08,9800,9900,9600,9790,39593,0.01556016597510368
2023-05-09,9670,9920,9610,9720,31108,-0.007150153217568955
2023-05-10,9720,9790,9570,9620,24514,-0.010288065843621408
2023-05-11,9620,9750,9500,9530,20928,-0.009355509355509328
2023-05-12,9530,9560,9300,9300,47117,-0.02413431269674715
2023-05-15,9300,9320,9010,9190,37846,-0.011827956989247324
2023-05-16,9170,9470,9050,9180,27428,-0.0010881392818280489
2023-05-17,9180,9390,9130,9310,19626,0.014161220043573008
2023-05-18,9350,9570,9340,9540,24546,0.02470461868958118
2023-05-19,9610,10160,9610,10020,150606,0.05031446540880502
2023-05-22,9980,10150,9840,9960,48176,-0.005988023952095856
2023-05-23,9960,9970,9790,9820,25981,-0.014056224899598346
2023-05-24,9810,9870,9710,9720,17752,-0.010183299389002087
2023-05-25,9810,10100,9670,9690,54926,-0.0030864197530864335
2023-05-26,9740,10230,9740,9980,105627,0.029927760577915352
2023-05-30,10120,10490,10070,10400,113880,0.04208416833667328
2023-05-31,10540,10680,10290,10540,103668,0.013461538461538414
2023-06-01,10520,10590,10340,10500,71190,-0.003795066413662229
2023-06-02,10690,10690,10480,10570,51915,0.006666666666666599
2023-06-05,10680,10830,10590,10640,89805,0.0066225165562914245
2023-06-07,10560,10700,10340,10600,55810,-0.003759398496240629
2023-06-08,10580,10890,10430,10720,83133,0.01132075471698113
2023-06-09,10650,10890,10450,10550,141504,-0.01585820895522383
2023-06-12,10600,10620,10400,10590,40845,0.0037914691943128354
2023-06-13,10620,11090,10620,10840,167732,0.023607176581680767
2023-06-14,10950,11380,10600,10880,231794,0.0036900369003689537
2023-06-15,10950,11370,10950,11150,164100,0.024816176470588314
2023-06-16,11170,11200,10830,10870,114101,-0.02511210762331839
2023-06-19,10870,12970,10800,12350,2574186,0.13615455381784725
2023-06-20,12250,13900,12240,13060,1471243,0.0574898785425102
2023-06-21,13250,13720,12900,13060,586424,0.0
2023-06-22,12900,13900,12630,13430,464335,0.02833078101071984
2023-06-23,13400,13400,12640,12890,277844,-0.04020848845867464
2023-06-26,13000,15430,12710,15250,2077918,0.18308766485647787
2023-06-27,15130,15250,14370,14510,441720,-0.0485245901639344
2023-06-28,14510,15390,14180,14830,369746,0.022053756030324
2023-06-29,14940,15140,14300,14680,233459,-0.01011463250168576
2023-06-30,14710,14770,13110,13500,566676,-0.0803814713896458
2023-07-03,13620,14550,13550,14250,264657,0.05555555555555558
2023-07-04,14470,14740,14020,14540,156550,0.020350877192982564
2023-07-05,14420,15430,13690,13950,315543,-0.040577716643741435
2023-07-06,14060,14900,13530,13750,478013,-0.014336917562724039
2023-07-07,13900,13900,13200,13220,188660,-0.03854545454545455
2023-07-10,13200,13320,12510,12940,198478,-0.021180030257186067
2023-07-11,12950,13850,12950,13840,109497,0.06955177743431218
2023-07-12,13850,13880,13150,13470,200651,-0.026734104046242768
2023-07-13,14740,14970,13940,14600,729104,0.08389012620638447
2023-07-14,14810,15980,14530,14850,727655,0.017123287671232834
2023-07-17,14410,16290,14060,15300,683764,0.030303030303030276
2023-07-18,15780,15790,14580,14840,329535,-0.030065359477124187
2023-07-19,15400,16320,14410,14610,757860,-0.015498652291105142
2023-07-20,14610,15160,14310,14750,247594,0.00958247775496246
2023-07-21,14540,14630,13840,13970,244414,-0.052881355932203444
2023-07-24,13930,13950,13210,13580,236643,-0.027916964924838972
2023-07-25,13450,14050,13290,13300,149542,-0.020618556701030966
2023-07-26,13300,13300,12520,12830,309035,-0.03533834586466167
2023-07-27,13000,14090,12760,13570,253372,0.05767731878409976
2023-07-28,13710,14080,13230,14000,149242,0.0316875460574797
2023-07-31,14270,14270,13500,13610,146336,-0.027857142857142803
2023-08-01,13630,13790,13190,13500,111484,-0.008082292432035287
2023-08-02,13360,13700,12600,12600,241600,-0.06666666666666665
2023-08-03,12540,13790,12040,12380,444480,-0.01746031746031751
2023-08-04,12400,12410,11940,12000,130637,-0.030694668820678506
2023-08-07,12050,12250,11820,11980,80792,-0.0016666666666667052
2023-08-08,12000,12160,11420,11740,156988,-0.02003338898163609
2023-08-09,11760,11990,11620,11840,37905,0.008517887563884052
2023-08-10,11840,11840,11290,11530,76969,-0.026182432432432456
2023-08-11,11440,12040,11400,11970,89360,0.03816131830008662
2023-08-14,11970,11970,11480,11640,54631,-0.027568922305764465
2023-08-16,11640,11760,11250,11260,86753,-0.03264604810996563
2023-08-17,11000,11590,10740,11560,81653,0.026642984014209503
2023-08-18,11150,13420,11110,11950,867574,0.03373702422145319
2023-08-21,11810,11900,11490,11650,94580,-0.025104602510460206
2023-08-22,11690,12150,11570,11620,63017,-0.0025751072961373023
2023-08-23,11480,11860,11350,11500,48725,-0.0103270223752151
2023-08-24,11660,12230,11660,11900,113792,0.034782608695652195
2023-08-25,11790,11960,11350,11530,69620,-0.031092436974789917
2023-08-28,11730,11730,11430,11540,30772,0.0008673026886383273
2023-08-29,11590,11710,11500,11540,25310,0.0
2023-08-30,11800,12450,11660,12000,113966,0.03986135181975747
2023-08-31,12200,12200,11710,11950,54503,-0.004166666666666652
2023-09-01,11940,12590,11810,12460,115261,0.04267782426778233
2023-09-04,12460,12590,12100,12230,63040,-0.018459069020866803
2023-09-05,12330,12400,12000,12100,50977,-0.010629599345870822
2023-09-06,12100,12200,11870,11900,45314,-0.016528925619834656
2023-09-07,11860,12110,11640,12050,49213,0.012605042016806678
2023-09-08,11910,12050,11680,11910,56791,-0.011618257261410747
2023-09-11,12020,12100,11760,12070,46629,0.013434089000839533
2023-09-12,12120,13170,12120,13070,344366,0.08285004142502062
2023-09-13,13000,13070,12230,12230,183449,-0.06426931905126243
2023-09-14,12250,13720,12250,13590,448697,0.11120196238757152
2023-09-15,13480,13880,13150,13240,242950,-0.02575423105224428
2023-09-18,12970,13300,12520,13150,157519,-0.006797583081570968
2023-09-19,13090,14120,12560,12570,195704,-0.04410646387832695
2023-09-20,12610,12850,12320,12400,60702,-0.01352426412092278
2023-09-21,12270,12380,11850,12030,79566,-0.029838709677419306
2023-09-22,12000,12120,11760,12080,60414,0.004156275976724855
2023-09-25,11830,12110,11750,11750,38115,-0.027317880794701987
2023-09-26,11970,11970,11300,11400,44198,-0.029787234042553234
2023-09-27,11120,11450,11120,11450,38554,0.004385964912280604
2023-10-04,11410,11410,10750,10800,52783,-0.05676855895196509
2023-10-05,11170,11400,10840,10930,70624,0.012037037037037068
2023-10-06,10760,11270,10760,11170,16476,0.021957913998170264
2023-10-10,11450,11480,10760,10760,45451,-0.036705461056401045
2023-10-11,10840,11400,10840,11200,36546,0.040892193308550207
2023-10-12,11270,11730,11270,11630,31607,0.03839285714285712
2023-10-13,11610,11920,11500,11860,42354,0.019776440240756754
2023-10-16,11780,11990,11520,11900,35146,0.003372681281618828
2023-10-17,11800,12310,11730,12260,56261,0.030252100840336027
2023-10-18,12080,12590,11910,12280,78975,0.0016313213703098572
2023-10-19,12090,12200,11740,11770,38446,-0.041530944625407185
2023-10-20,11700,11700,10600,11070,87896,-0.05947323704333052
2023-10-23,10920,11240,10560,10560,45310,-0.046070460704607075
2023-10-24,10760,11350,10490,11350,46697,0.07481060606060597
2023-10-25,11300,11460,11050,11220,23520,-0.011453744493392093
2023-10-26,10860,11010,10750,10890,20721,-0.02941176470588236
2023-10-27,10900,11030,10750,10850,21439,-0.0036730945821854544
2023-10-30,10850,11180,10680,11180,15413,0.030414746543778737
2023-10-31,11200,11200,10700,10780,29661,-0.035778175313059046
2023-11-01,10850,11030,10850,10980,9720,0.01855287569573294
2023-11-02,11160,11880,11160,11540,64391,0.051001821493624755
2023-11-03,11680,11790,11420,11620,40836,0.006932409012131657
2023-11-06,11620,12100,11620,11900,77839,0.024096385542168752
2023-11-07,11900,12270,11720,11880,89567,-0.001680672268907557
2023-11-08,12100,12360,11710,11710,70835,-0.014309764309764272
2023-11-09,11630,12200,11410,11760,49677,0.004269854824936026
2023-11-10,11680,11960,11510,11850,40290,0.007653061224489832
2023-11-13,11950,12080,11090,11130,70906,-0.06075949367088607
2023-11-14,11160,11410,11150,11400,17845,0.0242587601078168
2023-11-15,11620,12700,11450,12680,280153,0.11228070175438587
2023-11-16,12680,12850,12560,12740,81438,0.004731861198738141
2023-11-17,12740,12740,12200,12270,65937,-0.03689167974882257
2023-11-20,12450,12570,12300,12470,42391,0.016299918500407573
2023-11-21,12600,12610,12120,12260,65441,-0.016840417000801966
2023-11-22,12010,12320,12000,12270,40790,0.0008156606851550396
2023-11-23,12270,12450,11990,12150,48538,-0.009779951100244544
2023-11-24,12290,12720,12070,12650,115979,0.04115226337448563
2023-11-27,12700,12940,12330,12570,108605,-0.006324110671936722
2023-11-28,12560,12680,12100,12260,68600,-0.024661893396976886
2023-11-29,12310,12310,11650,11750,119284,-0.0415986949429038
2023-11-30,11760,12130,11720,12030,40906,0.0238297872340425
2023-12-01,12000,12110,11530,11540,83796,-0.040731504571903554
2023-12-04,11460,11630,11390,11400,41426,-0.012131715771230511
2023-12-05,11380,11590,11260,11350,37452,-0.004385964912280715
2023-12-06,11500,11720,11380,11490,31661,0.012334801762114544
2023-12-07,11460,11460,11270,11320,21013,-0.014795474325500435
2023-12-08,11450,11640,11420,11530,23403,0.018551236749116518
2023-12-11,11540,11820,11540,11660,33850,0.011274934952298254
2023-12-12,11750,12080,11700,11900,50030,0.020583190394511064
2023-12-13,12100,12290,11880,12130,83114,0.019327731092436906
2023-12-14,12250,12280,11860,11920,35608,-0.01731244847485569
2023-12-15,11950,12190,11750,11800,43186,-0.010067114093959773
2023-12-18,11770,12150,11760,12000,35877,0.016949152542372836
2023-12-19,11890,12050,11860,11990,22981,-0.0008333333333333526
2023-12-20,12010,12080,11870,11980,44432,-0.0008340283569641116
2023-12-21,11830,11980,11720,11980,31816,0.0
2023-12-22,12100,12100,11610,11840,26538,-0.011686143572620988
2023-12-26,11860,11870,11580,11610,34913,-0.019425675675675658
2023-12-27,11620,11880,11590,11800,41621,0.01636520241171402
2023-12-28,11690,11930,11650,11890,25190,0.007627118644067732
2024-01-02,11730,12780,11730,12720,153129,0.06980656013456676
2024-01-03,12720,12720,12300,12560,85116,-0.012578616352201255
2024-01-04,12520,13190,12380,12640,175239,0.006369426751592355
2024-01-05,12860,12860,12300,12480,56888,-0.012658227848101222
2024-01-08,12500,12920,12450,12680,56829,0.01602564102564097
2024-01-09,12710,12950,12570,12700,67333,0.001577287066246047
2024-01-10,12700,12710,12220,12340,60481,-0.028346456692913358
2024-01-11,12340,12580,12330,12490,24351,0.012155591572123203
2024-01-12,12370,12520,12100,12250,31029,-0.019215372297838318
2024-01-15,12250,12380,12090,12100,41404,-0.01224489795918371
2024-01-16,12150,12560,11640,12520,79447,0.034710743801652955
2024-01-17,12470,12520,12000,12300,66395,-0.01757188498402551
2024-01-18,12300,12440,12080,12400,32697,0.008130081300812941
2024-01-19,12450,12880,12450,12880,127211,0.03870967741935494
2024-01-22,13210,13400,12880,13390,214233,0.0395962732919255
2024-01-23,13430,13430,12820,13220,116108,-0.012696041822255366
2024-01-24,13220,13430,12880,13430,90465,0.015885022692889494
2024-01-25,13460,13510,12860,12860,172105,-0.04244229337304539
2024-01-26,12860,13140,12620,12990,80048,0.010108864696733999
2024-01-29,13060,13410,12600,12600,131642,-0.03002309468822173
2024-01-30,12610,12780,12250,12590,72659,-0.0007936507936507908
2024-01-31,12580,12580,12290,12410,28229,-0.01429706115965057
2024-02-01,12460,12460,12120,12270,39635,-0.011281224818694646
2024-02-02,12280,12470,11950,12150,87645,-0.009779951100244544
2024-02-05,12150,12160,11850,11970,27997,-0.014814814814814836
2024-02-06,11860,12430,11860,12250,44273,0.023391812865497075
2024-02-07,12130,12290,12130,12180,18337,-0.005714285714285672
2024-02-08,12180,12900,12120,12810,83882,0.051724137931034475
2024-02-13,12940,13200,12710,13100,81616,0.022638563622170205
2024-02-14,13100,13350,12850,13200,115113,0.007633587786259444
2024-02-15,13330,13350,13020,13080,61566,-0.009090909090909038
2024-02-16,13080,13100,12770,12790,38880,-0.022171253822629966
2024-02-19,12800,12800,12350,12490,64311,-0.023455824863174324
2024-02-20,12500,12670,12400,12520,28725,0.0024019215372297342
2024-02-21,12520,12730,12380,12600,22956,0.006389776357827559
2024-02-22,12670,12880,12450,12730,46131,0.01031746031746028
2024-02-23,12940,13060,12200,12310,93322,-0.03299293008641002
2024-02-26,12380,12480,12170,12300,54566,-0.0008123476848090894
2024-02-27,12170,12520,12060,12440,61717,0.011382113821138296
2024-02-28,12370,12910,12370,12710,78262,0.021704180064308742
2024-02-29,12790,14100,12690,13500,1036015,0.06215578284815115
2024-03-04,13550,13880,13370,13390,187784,-0.008148148148148127
2024-03-05,13390,13480,13070,13280,88547,-0.00821508588498876
2024-03-06,13230,13230,12900,13070,98191,-0.015813253012048167
2024-03-07,13090,13830,12870,13050,137851,-0.0015302218821728886
2024-03-08,13100,13540,13090,13450,137938,0.03065134099616862
2024-03-11,13290,13550,12870,13550,97113,0.0074349442379182396
2024-03-12,13720,13980,13450,13880,238457,0.024354243542435317
2024-03-13,13900,13910,13170,13200,165052,-0.04899135446685876
2024-03-14,13130,13130,12400,12500,188210,-0.05303030303030298
2024-03-15,12590,12910,12280,12910,93725,0.03279999999999994
2024-03-18,12910,13030,12720,12780,31710,-0.010069713400464808
2024-03-19,12750,12880,12450,12550,37668,-0.017996870109546204
2024-03-20,12610,12870,12290,12760,100909,0.01673306772908356
2024-03-21,12930,13410,12930,13300,141353,0.042319749216300995
2024-03-22,13300,13480,13000,13040,54387,-0.019548872180451093
2024-03-25,13020,13140,12600,12660,54252,-0.02914110429447858
2024-03-26,12660,12900,12570,12610,47401,-0.003949447077409185
2024-03-27,12560,12850,12510,12780,35435,0.013481363996827866
2024-03-28,12850,12990,12750,12770,53444,-0.0007824726134585402
2024-03-29,12710,13200,12650,13090,93696,0.025058731401722767
2024-04-01,13200,13350,13000,13080,65217,-0.0007639419404125158
2024-04-02,13110,13390,12720,12850,100651,-0.01758409785932724
2024-04-03,12800,12870,12510,12600,54203,-0.01945525291828798
2024-04-04,12610,13170,12600,13120,80329,0.041269841269841345
2024-04-05,12810,13150,12650,13130,103394,0.0007621951219511924
2024-04-08,13170,13260,12600,12630,96204,-0.03808073115003807
2024-04-09,12630,12850,12430,12520,57126,-0.008709422011084711
2024-04-11,12440,13680,12440,13050,249394,0.04233226837060711
2024-04-12,13200,13320,12860,12920,109619,-0.009961685823754785
2024-04-15,12910,13410,12720,13380,143156,0.035603715170278605
2024-04-16,13230,13350,12630,13060,129327,-0.02391629297458897
2024-04-17,13000,13370,12960,13070,129526,0.0007656967840734552
2024-04-18,13020,13330,12940,13300,61225,0.01759755164498844
2024-04-19,13300,13880,12490,12770,316733,-0.03984962406015036
2024-04-22,12590,12850,12300,12720,96858,-0.003915426781519238
2024-04-23,12840,12920,12560,12630,31900,-0.007075471698113178
2024-04-24,12800,12950,12600,12660,54500,0.002375296912114022
2024-04-25,12550,12940,12520,12670,41568,0.0007898894154818592
2024-04-26,12720,13140,11900,12340,268437,-0.026045777426992878
2024-04-29,12470,12470,12200,12250,71656,-0.007293354943273878
2024-04-30,12340,12490,12170,12370,35298,0.009795918367346834
2024-05-02,12250,12500,12190,12450,21793,0.006467259498787348
2024-05-03,12520,12570,12330,12340,34158,-0.008835341365461824
2024-05-07,12400,12470,12330,12390,24833,0.004051863857374327
2024-05-08,12330,12660,12160,12360,95451,-0.002421307506053294
2024-05-09,12300,12440,12020,12110,73933,-0.020226537216828433
2024-05-10,12110,12180,11820,11820,51372,-0.023947151114781184
2024-05-13,11800,11890,11440,11460,68846,-0.030456852791878153
2024-05-14,11580,11800,11500,11770,22097,0.027050610820244403
2024-05-16,11850,12050,11850,11970,26891,0.016992353440951513
2024-05-17,12030,12030,11570,11680,25584,-0.024227234753550597
2024-05-20,11680,11850,11390,11480,21348,-0.017123287671232834
2024-05-21,11380,11530,11250,11260,58458,-0.019163763066202044
2024-05-22,11260,11390,10920,10950,78556,-0.027531083481349916
2024-05-23,11110,11110,10840,10980,86756,0.00273972602739736
2024-05-24,10970,10970,10560,10630,46751,-0.031876138433515444
2024-05-27,10620,10900,10510,10900,39045,0.02539981185324547
2024-05-28,10920,11050,10790,10910,36167,0.0009174311926605228
2024-05-29,11030,11030,10700,10710,18600,-0.018331805682859748
2024-05-30,10700,10710,9880,10170,258809,-0.050420168067226934
2024-05-31,10180,10240,10050,10200,31208,0.002949852507374562
2024-06-03,10260,10390,10180,10380,32164,0.01764705882352935
2024-06-04,10260,10390,10130,10200,31300,-0.017341040462427793
2024-06-05,10210,10380,10170,10190,26696,-0.0009803921568627416
2024-06-07,10190,11450,10190,10510,2054557,0.03140333660451433
2024-06-10,10330,10770,10230,10660,115349,0.014272121788772685
2024-06-11,10720,10880,10520,10840,55669,0.016885553470919357
2024-06-12,10840,11120,10620,10880,98553,0.0036900369003689537
2024-06-13,10940,11200,10880,10980,61863,0.009191176470588314
2024-06-14,11120,11580,11000,11450,222201,0.04280510018214945
2024-06-17,11580,11780,11380,11420,101541,-0.0026200873362445254
2024-06-18,11530,11870,11350,11520,106103,0.008756567425569184
2024-06-19,11570,11860,11490,11590,66064,0.0060763888888888395
2024-06-20,11630,11780,11210,11300,48234,-0.025021570319240682
2024-06-21,11190,11370,10970,11070,37482,-0.02035398230088492
2024-06-24,11010,11210,10770,10910,28610,-0.014453477868112019
2024-06-25,10850,11100,10720,11070,66157,0.01466544454628771
2024-06-26,11200,11200,10900,11000,16043,-0.006323396567298967
2024-06-27,10940,11100,10750,10900,24964,-0.009090909090909038
2024-06-28,10900,11090,10770,10910,19988,0.0009174311926605228
2024-07-01,11070,11070,10620,10620,27529,-0.02658111824014664
2024-07-02,10700,10890,10320,10890,49736,0.025423728813559254
2024-07-03,10900,11330,10490,10500,71180,-0.03581267217630857
2024-07-04,10480,10990,10480,10880,28262,0.036190476190476106
2024-07-05,10880,10880,10530,10750,26686,-0.011948529411764719
2024-07-08,10750,10820,10650,10780,20035,0.0027906976744185297
2024-07-09,10800,11130,10760,10970,31772,0.017625231910946226
2024-07-10,10940,11100,10830,10930,18954,-0.003646308113035568
2024-07-11,10990,11030,10800,10850,16566,-0.007319304666056681
2024-07-12,10750,10830,10570,10700,33787,-0.01382488479262678
2024-07-15,10700,10700,10460,10640,23314,-0.005607476635513975
2024-07-16,10700,10700,10270,10390,76877,-0.023496240601503793
2024-07-17,10310,10410,10180,10210,33207,-0.017324350336862415
2024-07-18,10120,10210,9990,10170,39756,-0.003917727717923647
2024-07-19,10170,10290,10040,10080,12472,-0.008849557522123908
2024-07-22,10080,10080,9730,9800,53749,-0.02777777777777779
2024-07-23,9800,9980,9660,9850,22807,0.005102040816326481
2024-07-24,9850,10030,9790,9880,11880,0.003045685279187804
2024-07-25,9750,9770,9490,9570,28449,-0.03137651821862353
2024-07-26,9510,9600,9450,9520,13574,-0.005224660397074143
2024-07-29,9520,9650,9460,9570,7219,0.005252100840336116
2024-07-30,9550,9620,9250,9360,16945,-0.021943573667711602
2024-07-31,9260,9520,9150,9520,18433,0.017094017094017033
2024-08-01,9530,9750,9530,9600,14536,0.008403361344537785
2024-08-02,9550,9550,8920,8930,41363,-0.0697916666666667
2024-08-05,8760,8900,7170,7500,103976,-0.16013437849944012
2024-08-06,7150,7990,7150,7470,228591,-0.0040000000000000036
2024-08-07,7380,8150,7380,7910,51400,0.058902275769745716
2024-08-08,7600,8120,7600,7930,26997,0.0025284450063212116
2024-08-09,8090,8250,7950,8100,24241,0.021437578814627933
2024-08-12,8100,8300,8090,8200,12154,0.012345679012345734
2024-08-13,8200,8480,8040,8340,50709,0.017073170731707332
2024-08-14,8390,8700,8390,8590,18203,0.029976019184652314
2024-08-16,8680,8900,8680,8810,39898,0.025611175785797524
2024-08-19,8810,8880,8470,8470,29767,-0.0385925085130534
2024-08-20,8470,8700,8470,8700,13127,0.027154663518299982
2024-08-21,8710,8800,8600,8630,7071,-0.008045977011494232
2024-08-22,8700,8700,8420,8470,8981,-0.018539976825028948
2024-08-23,8300,8400,8260,8400,16893,-0.008264462809917328
2024-08-26,8450,8490,8090,8140,15561,-0.030952380952380953
2024-08-27,8020,8150,7970,8100,17614,-0.004914004914004955
2024-08-28,8010,8150,7980,8120,5952,0.0024691358024691024
2024-08-29,8000,8080,7830,7960,18471,-0.019704433497536922
2024-08-30,7880,8660,7870,8070,96189,0.013819095477386911
2024-09-02,8050,8070,7870,7980,17614,-0.01115241635687736
2024-09-03,7980,8050,7900,7900,14965,-0.010025062656641603
2024-09-04,7610,7680,7320,7360,51325,-0.06835443037974687
2024-09-05,7360,7450,7100,7240,50272,-0.016304347826086918
2024-09-06,7250,7250,6860,6940,27780,-0.04143646408839774
2024-09-09,6850,7100,6630,7090,19064,0.021613832853025983
2024-09-10,7090,7090,6850,6880,22172,-0.02961918194640334
2024-09-11,6880,7000,6810,6830,13722,-0.007267441860465129
2024-09-12,6920,7190,6920,7180,43824,0.051244509516837455
2024-09-13,7100,7190,6970,7030,24307,-0.02089136490250698
2024-09-19,7030,7030,6700,6930,18123,-0.014224751066856278
2024-09-20,6930,7070,6870,6960,15044,0.0043290043290042934
2024-09-23,6900,7200,6900,7100,9715,0.02011494252873569
2024-09-24,7140,7470,7100,7440,22905,0.04788732394366191
2024-09-25,7440,7660,7380,7550,24753,0.014784946236559238
2024-09-26,7640,8000,7600,7930,33876,0.050331125827814516
2024-09-27,7910,7980,7780,7780,18235,-0.018915510718789386
2024-09-30,7780,7810,7450,7580,8590,-0.02570694087403602
2024-10-02,7400,7620,7300,7500,7904,-0.01055408970976257
2024-10-04,7480,7610,7430,7490,3817,-0.0013333333333332975
2024-10-07,7530,7720,7490,7700,9789,0.028037383177569986
2024-10-08,7740,7750,7510,7600,7847,-0.012987012987012991
2024-10-10,7650,7700,7370,7370,11310,-0.03026315789473688
2024-10-11,7410,7480,7370,7410,4998,0.005427408412483015
2024-10-14,7450,7490,7380,7410,4364,0.0
2024-10-15,7450,7490,7350,7370,5331,-0.005398110661268607
2024-10-16,7370,7370,6950,7020,19710,-0.0474898236092266
2024-10-17,7000,7130,6960,7090,7793,0.009971509971509862
2024-10-18,7090,7130,6720,6810,22714,-0.03949224259520456
2024-10-21,6810,6870,6700,6870,12358,0.008810572687224738
2024-10-22,6990,6990,6610,6620,23043,-0.03639010189228531
2024-10-23,6570,7000,6560,7000,16792,0.05740181268882183
2024-10-24,6970,6970,6730,6840,9385,-0.02285714285714291
2024-10-25,6780,6850,6600,6640,16672,-0.0292397660818714
2024-10-28,6580,6730,6580,6650,10960,0.001506024096385561
2024-10-29,6570,6820,6570,6710,11462,0.009022556390977376
2024-10-30,6750,6850,6690,6690,7586,-0.0029806259314456574
2024-10-31,6520,7660,6520,7380,118992,0.10313901345291487
2024-11-01,7250,7340,6960,7120,26697,-0.035230352303523005
2024-11-04,6980,7300,6980,7260,11536,0.0196629213483146
2024-11-05,7300,7300,7000,7130,6169,-0.017906336088154284
2024-11-06,7130,7240,6900,6930,10386,-0.028050490883590462
2024-11-07,6850,8330,6850,7450,506078,0.07503607503607501
2024-11-08,7450,7690,7310,7310,73988,-0.018791946308724827
2024-11-11,7400,7460,6850,6970,35242,-0.046511627906976716
2024-11-12,6810,7010,6300,6430,57874,-0.07747489239598282
2024-11-13,6430,6580,5980,6340,42125,-0.013996889580093264
2024-11-14,6280,6350,6080,6100,22081,-0.03785488958990535
2024-11-15,6110,6440,6100,6440,36795,0.05573770491803276
2024-11-18,6440,6800,6440,6700,17161,0.04037267080745344
2024-11-19,6640,6700,6590,6700,8283,0.0
2024-11-20,6630,6700,6570,6700,10438,0.0
2024-11-21,6700,6790,6520,6520,4946,-0.0268656716417911
2024-11-22,6520,6630,6480,6520,7141,0.0
2024-11-25,6560,6610,6520,6610,6719,0.013803680981595123
2024-11-26,6610,6690,6590,6620,3420,0.001512859304084735
2024-11-27,6630,6630,6330,6520,8447,-0.015105740181268867
2024-11-28,6520,6520,6410,6510,8055,-0.0015337423312883347
2024-11-29,6460,6510,6310,6390,6905,-0.018433179723502335
2024-12-02,6300,6380,6190,6250,13312,-0.021909233176838794
2024-12-03,6160,6350,6160,6340,11226,0.014399999999999968
2024-12-04,6230,6260,6020,6250,12600,-0.014195583596214534
2024-12-05,6250,6290,6170,6170,13341,-0.012800000000000034
2024-12-06,6170,6350,5900,6350,30713,0.029173419773095732
2024-12-09,6100,6120,5900,5910,28387,-0.06929133858267722
2024-12-10,5900,7400,5900,7400,438245,0.2521150592216581
2024-12-11,7990,8300,7410,7480,295012,0.0108108108108107
2024-12-12,7690,7970,7140,7660,131065,0.02406417112299475
2024-12-13,7700,8880,7470,8630,483687,0.1266318537859008
2024-12-16,8300,8470,7820,7890,183014,-0.08574739281575894
2024-12-17,7880,7890,7340,7540,112141,-0.04435994930291509
2024-12-18,7540,7850,7400,7580,73272,0.0053050397877985045
2024-12-19,7350,7450,7210,7280,42922,-0.0395778364116095
2024-12-20,7320,7750,7100,7230,65182,-0.006868131868131844
2024-12-23,7230,7400,7100,7250,26010,0.0027662517289073207
2024-12-24,7260,7500,7180,7250,39915,0.0
2024-12-26,7250,7390,7150,7170,27246,-0.011034482758620734
2024-12-27,7230,7320,7020,7080,39536,-0.012552301255230103
2024-12-30,7080,7230,6960,7230,24126,0.021186440677966045
2025-01-02,7350,7530,7320,7520,24875,0.04011065006915637
2025-01-03,7520,7550,7420,7500,20667,-0.0026595744680850686
2025-01-06,7550,7730,7470,7650,32139,0.020000000000000018
2025-01-07,7720,7750,7470,7550,38206,-0.013071895424836555
2025-01-08,7550,7820,7440,7790,32295,0.03178807947019857
2025-01-09,7790,7790,7580,7590,22549,-0.025673940949935803
2025-01-10,7680,7680,7520,7610,11689,0.0026350461133068936
2025-01-13,7610,7630,7240,7280,19358,-0.04336399474375818
2025-01-14,7270,7400,7230,7350,11241,0.009615384615384581
2025-01-15,7490,7490,7160,7260,18131,-0.01224489795918371
2025-01-16,7270,7440,7270,7300,15081,0.005509641873278293
2025-01-17,7350,7820,7280,7550,29796,0.03424657534246567
2025-01-20,7540,7540,7250,7460,26026,-0.01192052980132452
2025-01-21,7450,7520,7290,7450,10687,-0.0013404825737265424
2025-01-22,7490,7560,7310,7540,17780,0.012080536912751683
2025-01-23,7550,7550,7160,7160,29547,-0.050397877984084904
2025-01-24,7200,7420,7120,7160,16342,0.0
2025-01-31,7190,7200,7020,7170,13264,0.0013966480446927498
2025-02-03,7110,7110,6500,6530,40861,-0.0892608089260809
2025-02-04,6530,6810,6530,6710,10736,0.027565084226646164
2025-02-05,6620,6850,6620,6760,11110,0.007451564828613977
2025-02-06,6760,6840,6690,6810,11424,0.007396449704142105
2025-02-07,6810,7080,6710,7030,24422,0.032305433186490484
2025-02-10,7160,7210,6750,7200,24790,0.024182076813655806
2025-02-11,7200,7200,6970,7110,25042,-0.012499999999999956
2025-02-12,7110,8360,7000,7470,714083,0.05063291139240511
2025-02-13,7550,7650,7450,7470,56389,0.0
2025-02-14,7620,7690,7280,7470,112092,0.0
2025-02-17,7500,7660,7500,7630,28253,0.021419009370816644
2025-02-18,7630,7670,7500,7640,22348,0.001310615989515096
2025-02-19,7670,8610,7600,8100,264129,0.060209424083769614
2025-02-20,8480,8750,8220,8600,287499,0.06172839506172845
2025-02-21,8600,8610,8160,8200,73331,-0.046511627906976716
2025-02-24,8050,8190,7900,8060,40612,-0.017073170731707332
2025-02-25,8060,8060,7800,7810,42960,-0.03101736972704716
2025-02-26,7820,7940,7770,7850,22856,0.005121638924455718
2025-02-27,7850,8060,7690,7740,29278,-0.014012738853503182
2025-02-28,7600,7740,7350,7350,50088,-0.050387596899224785
2025-03-04,7330,7370,7160,7360,13290,0.0013605442176871652
2025-03-05,7360,7550,7360,7510,14542,0.020380434782608647
2025-03-06,7510,7680,7410,7430,20097,-0.010652463382157085
2025-03-07,7380,7590,7270,7380,39875,-0.006729475100942128
2025-03-10,7380,7460,7340,7380,7552,0.0
2025-03-11,7250,7350,7140,7200,51670,-0.024390243902439046
2025-03-12,7200,7490,7200,7450,18906,0.03472222222222232
2025-03-13,7600,7670,7210,7250,27032,-0.02684563758389258
2025-03-14,7290,7700,7290,7620,22634,0.05103448275862066
2025-03-17,7600,7860,7600,7720,33177,0.013123359580052396
2025-03-18,7620,7830,7620,7620,17323,-0.012953367875647714
2025-03-19,7620,7770,7610,7710,11062,0.011811023622047223
2025-03-20,7760,7850,7570,7690,16898,-0.0025940337224383825
2025-03-21,7670,7780,7520,7700,17769,0.0013003901170351995
2025-03-24,7620,7720,7510,7540,14685,-0.020779220779220786
2025-03-25,7580,7620,7290,7290,23123,-0.03315649867374004
2025-03-26,7270,7740,7260,7640,28761,0.0480109739368999
2025-03-27,7830,7880,7370,7390,61462,-0.0327225130890052
2025-03-28,7390,7430,7120,7120,32971,-0.03653585926928282
2025-03-31,7100,7270,6810,6810,37887,-0.0435393258426966
2025-04-01,6780,7610,6720,7280,84499,0.06901615271659334
2025-04-02,7300,8020,7260,7350,240141,0.009615384615384581
2025-04-03,7100,7360,7030,7100,45176,-0.03401360544217691
2025-04-04,7050,7730,6890,7090,70434,-0.0014084507042253502
2025-04-07,7000,7220,6700,6710,56962,-0.053596614950634724
2025-04-08,7030,7030,6670,6700,26343,-0.0014903129657227732
2025-04-09,6700,6950,6670,6740,28945,0.005970149253731405
2025-04-10,7020,7270,6900,7120,34974,0.05637982195845703
2025-04-11,7100,7120,6920,7070,19934,-0.0070224719101124045
2025-04-14,7030,7320,7030,7250,23381,0.02545968882602545
2025-04-15,7250,7320,7110,7250,23534,0.0
2025-04-16,7180,7220,6960,6970,26701,-0.0386206896551724
2025-04-17,7010,7110,6950,7110,18819,0.020086083213773254
2025-04-18,7130,7130,6960,7100,15661,-0.0014064697609000865
2025-04-21,7040,7240,7010,7030,20197,-0.009859154929577452
2025-04-22,6960,7060,6920,6970,17455,-0.008534850640113834
2025-04-23,6970,7160,6970,7150,13543,0.02582496413199431
2025-04-24,7150,7190,7080,7140,19617,-0.0013986013986013734
2025-04-25,7110,7190,7110,7120,12479,-0.0028011204481792618
2025-04-28,7120,7140,7000,7040,15431,-0.011235955056179803
