Date,Open,High,Low,Close,Volume,Change
2022-01-03,4245,4265,4215,4245,11250,0.001179245283018826
2022-01-04,4245,4295,4230,4290,25788,0.010600706713780994
2022-01-05,4290,4330,4175,4240,124467,-0.011655011655011704
2022-01-06,4220,4300,4200,4235,43957,-0.001179245283018826
2022-01-07,4240,4310,4240,4310,34235,0.017709563164108655
2022-01-10,4300,4345,4290,4315,25266,0.0011600928074246841
2022-01-11,4305,4345,4265,4265,32541,-0.011587485515643148
2022-01-12,4270,4310,4270,4300,31278,0.008206330597889888
2022-01-13,4300,4330,4265,4320,31474,0.0046511627906977715
2022-01-14,4305,4360,4290,4350,45270,0.00694444444444442
2022-01-17,4355,4370,4300,4315,42478,-0.008045977011494232
2022-01-18,4305,4340,4225,4235,66054,-0.018539976825028948
2022-01-19,4245,4315,4200,4235,57620,0.0
2022-01-20,4225,4295,4225,4295,27690,0.01416765053128688
2022-01-21,4285,4510,4275,4475,240260,0.04190919674039573
2022-01-24,4475,4475,4400,4410,132385,-0.01452513966480451
2022-01-25,4445,4680,4350,4455,346170,0.010204081632652962
2022-01-26,4450,4550,4380,4510,147164,0.012345679012345734
2022-01-27,4520,4525,4390,4390,129494,-0.026607538802660757
2022-01-28,4430,4530,4395,4530,139910,0.03189066059225509
2022-02-03,4575,4745,4525,4700,239613,0.03752759381898452
2022-02-04,4670,4755,4665,4750,155448,0.010638297872340496
2022-02-07,4750,4790,4625,4685,110096,-0.013684210526315743
2022-02-08,4690,4695,4550,4555,119165,-0.02774813233724649
2022-02-09,4555,4615,4555,4615,53705,0.01317233809001106
2022-02-10,4615,4640,4600,4640,45656,0.005417118093174356
2022-02-11,4610,4835,4590,4605,85787,-0.007543103448275912
2022-02-14,4555,4555,4465,4475,69847,-0.028230184581976125
2022-02-15,4500,4540,4420,4450,58352,-0.005586592178770999
2022-02-16,4525,4540,4475,4530,35861,0.01797752808988773
2022-02-17,4530,4575,4490,4505,73238,-0.0055187637969095205
2022-02-18,4460,4730,4460,4585,78562,0.017758046614872347
2022-02-21,4585,4590,4525,4570,33503,-0.0032715376226826187
2022-02-22,4590,4980,4545,4645,1246813,0.01641137855579866
2022-02-23,4650,4695,4620,4660,106110,0.0032292787944026013
2022-02-24,4660,4670,4500,4500,126164,-0.03433476394849788
2022-02-25,4550,4575,4505,4545,53849,0.010000000000000009
2022-02-28,4545,4570,4500,4535,42975,-0.002200220022002153
2022-03-02,4530,4595,4505,4595,53002,0.013230429988974723
2022-03-03,4645,4695,4620,4670,71714,0.016322089227421177
2022-03-04,4670,4670,4605,4660,35686,-0.0021413276231263545
2022-03-07,4660,4685,4600,4635,40504,-0.005364806866952843
2022-03-08,4530,4580,4510,4560,41833,-0.016181229773462813
2022-03-10,4600,4685,4600,4680,57401,0.026315789473684292
2022-03-11,4685,4755,4665,4750,159175,0.014957264957264904
2022-03-14,4705,4770,4685,4765,84246,0.0031578947368420263
2022-03-15,4780,4875,4685,4685,248751,-0.016789087093389332
2022-03-16,4685,4720,4670,4710,83526,0.005336179295624355
2022-03-17,4755,4760,4710,4740,48062,0.006369426751592355
2022-03-18,4740,4765,4725,4760,54025,0.00421940928270037
2022-03-21,4780,4810,4745,4780,129797,0.004201680672268893
2022-03-22,4800,4830,4775,4810,51233,0.006276150627614996
2022-03-23,4805,4840,4800,4820,57604,0.0020790020790020236
2022-03-24,4810,4830,4785,4820,41591,0.0
2022-03-25,4820,4840,4805,4825,48286,0.0010373443983402453
2022-03-28,4815,4880,4805,4830,120840,0.0010362694300518616
2022-03-29,4780,4820,4735,4820,185921,-0.0020703933747412417
2022-03-30,4745,4745,4615,4650,157667,-0.03526970954356845
2022-03-31,4645,4660,4575,4590,90443,-0.012903225806451646
2022-04-01,4590,4615,4545,4610,55854,0.004357298474945592
2022-04-04,4600,4605,4520,4550,90618,-0.013015184381778733
2022-04-05,4570,4605,4535,4605,43725,0.012087912087912045
2022-04-06,4590,4595,4500,4540,47684,-0.014115092290988063
2022-04-07,4525,4600,4485,4510,57093,-0.0066079295154185536
2022-04-08,4540,4540,4455,4455,32761,-0.012195121951219523
2022-04-11,4435,4495,4400,4405,37133,-0.011223344556677839
2022-04-12,4335,4410,4335,4380,31830,-0.005675368898978461
2022-04-13,4380,4415,4365,4395,19281,0.003424657534246478
2022-04-14,4410,4410,4360,4395,18349,0.0
2022-04-15,4365,4415,4360,4410,14701,0.0034129692832765013
2022-04-18,4370,4455,4370,4455,20942,0.010204081632652962
2022-04-19,4460,4505,4445,4500,34182,0.010101010101010166
2022-04-20,4515,4575,4515,4560,53015,0.01333333333333342
2022-04-21,4570,4570,4515,4530,22067,-0.006578947368421018
2022-04-22,4535,4560,4490,4530,32551,0.0
2022-04-25,4485,4510,4450,4465,19495,-0.014348785871964642
2022-04-26,4450,4570,4450,4480,19394,0.0033594624860022737
2022-04-27,4430,4435,4315,4400,20134,-0.017857142857142905
2022-04-28,4385,4425,4355,4390,12107,-0.002272727272727315
2022-04-29,4395,4425,4370,4405,16176,0.003416856492027387
2022-05-02,4405,4525,4375,4495,31987,0.020431328036322416
2022-05-03,4480,4560,4455,4545,31668,0.011123470522803158
2022-05-04,4545,4560,4485,4515,29231,-0.0066006600660065695
2022-05-06,4515,4515,4405,4465,23160,-0.011074197120708784
2022-05-09,4445,4510,4300,4505,28876,0.008958566629339249
2022-05-10,4335,4480,4325,4440,31269,-0.01442841287458374
2022-05-11,4390,4435,4340,4400,26031,-0.009009009009009028
2022-05-12,4400,4410,4280,4310,26240,-0.020454545454545503
2022-05-13,4280,4335,4275,4305,18730,-0.001160092807424573
2022-05-16,4300,4400,4250,4285,18860,-0.004645760743321681
2022-05-17,4290,4325,4225,4235,18904,-0.011668611435239229
2022-05-18,4245,4255,4190,4210,23099,-0.005903187721369552
2022-05-19,4110,4190,4080,4180,18438,-0.0071258907363420665
2022-05-20,4180,4240,4175,4225,15756,0.010765550239234534
2022-05-23,4230,4250,4185,4235,8911,0.002366863905325367
2022-05-24,4205,4235,4125,4185,33413,-0.011806375442739103
2022-05-25,4185,4220,4115,4165,25245,-0.004778972520907976
2022-05-26,4150,4250,4145,4170,6186,0.0012004801920768582
2022-05-27,4195,4225,4170,4220,8011,0.011990407673860837
2022-05-30,4240,4260,4200,4220,23610,0.0
2022-05-31,4205,4285,4200,4250,41773,0.007109004739336511
2022-06-02,4260,4285,4230,4260,14199,0.0023529411764706687
2022-06-03,4260,4285,4225,4245,27498,-0.0035211267605633756
2022-06-07,4245,4270,4205,4205,6273,-0.009422850412249661
2022-06-08,4245,4245,4165,4205,17981,0.0
2022-06-09,4145,4220,4135,4165,32815,-0.009512485136741966
2022-06-10,4175,4175,4130,4155,8077,-0.0024009603841537164
2022-06-13,4100,4110,3955,4005,39081,-0.03610108303249093
2022-06-14,3865,4000,3820,3905,62085,-0.024968789013732784
2022-06-15,3835,3880,3705,3735,41464,-0.04353393085787449
2022-06-16,3760,3835,3705,3740,20564,0.0013386880856760541
2022-06-17,3630,3705,3605,3685,23922,-0.014705882352941124
2022-06-20,3690,3745,3395,3435,94702,-0.06784260515603802
2022-06-21,3435,3490,3425,3475,28650,0.011644832605531397
2022-06-22,3480,3500,3360,3360,51286,-0.03309352517985609
2022-06-23,3345,3390,3180,3180,64826,-0.0535714285714286
2022-06-24,3150,3335,3150,3310,46567,0.04088050314465419
2022-06-27,3945,3945,3445,3600,120018,0.08761329305135956
2022-06-28,3560,3615,3490,3525,53019,-0.02083333333333337
2022-06-29,3475,3560,3455,3550,12400,0.007092198581560183
2022-06-30,3510,3560,3505,3540,13342,-0.0028169014084507005
2022-07-01,3520,3580,3365,3485,20244,-0.015536723163841804
2022-07-04,3425,3455,3385,3395,15650,-0.02582496413199431
2022-07-05,3370,3455,3370,3445,10151,0.014727540500736325
2022-07-06,3445,3500,3420,3490,9470,0.013062409288824295
2022-07-07,3490,3590,3455,3475,23427,-0.004297994269340966
2022-07-08,3510,3550,3465,3485,15282,0.0028776978417266452
2022-07-11,3515,3530,3450,3470,17059,-0.004304160688665681
2022-07-12,3485,3485,3355,3440,24946,-0.008645533141210415
2022-07-13,3420,3505,3390,3490,8449,0.014534883720930258
2022-07-14,3470,3500,3435,3490,4941,0.0
2022-07-15,3520,3520,3430,3490,25007,0.0
2022-07-18,3460,3535,3440,3525,18867,0.01002865329512903
2022-07-19,3515,3565,3485,3550,19878,0.007092198581560183
2022-07-20,3610,3640,3590,3620,40003,0.019718309859154903
2022-07-21,3660,3665,3610,3610,14380,-0.002762430939226568
2022-07-22,3650,3650,3575,3600,10308,-0.0027700831024930483
2022-07-25,3600,3630,3600,3610,4718,0.002777777777777768
2022-07-26,3615,3640,3565,3590,13529,-0.005540166204986097
2022-07-27,3590,3620,3565,3610,4516,0.0055710306406684396
2022-07-28,3615,3650,3610,3645,19144,0.00969529085872578
2022-07-29,3615,3690,3605,3680,17163,0.009602194787379892
2022-08-01,3710,3710,3655,3700,17305,0.005434782608695565
2022-08-02,3710,3710,3660,3700,9259,0.0
2022-08-03,3670,3715,3670,3700,15239,0.0
2022-08-04,3720,3735,3650,3720,26802,0.00540540540540535
2022-08-05,3720,3765,3710,3750,20625,0.008064516129032251
2022-08-08,3710,3770,3680,3755,8985,0.0013333333333334085
2022-08-09,3755,3770,3685,3750,15094,-0.0013315579227696217
2022-08-10,3750,3765,3690,3735,11401,-0.0040000000000000036
2022-08-11,3735,3770,3715,3745,13483,0.0026773761713521083
2022-08-12,3755,3760,3725,3750,13433,0.001335113484646211
2022-08-16,3720,3800,3720,3785,18522,0.009333333333333416
2022-08-17,3785,3800,3715,3770,7573,-0.003963011889035695
2022-08-18,3775,3785,3710,3775,19208,0.0013262599469496816
2022-08-19,3775,3795,3750,3770,9590,-0.0013245033112583293
2022-08-22,3770,3770,3685,3720,11657,-0.01326259946949604
2022-08-23,3670,3715,3615,3645,18733,-0.020161290322580627
2022-08-24,3645,3700,3425,3590,66231,-0.015089163237311354
2022-08-25,3560,3645,3560,3635,7287,0.012534818941504211
2022-08-26,3655,3665,3635,3660,6733,0.00687757909215958
2022-08-29,3655,3665,3550,3650,7779,-0.002732240437158473
2022-08-30,3650,3695,3645,3690,10629,0.010958904109588996
2022-08-31,3710,3760,3690,3740,20712,0.013550135501354976
2022-09-01,3725,3745,3700,3720,5757,-0.005347593582887722
2022-09-02,3720,3760,3700,3700,5583,-0.005376344086021501
2022-09-05,3690,3710,3630,3660,6900,-0.010810810810810811
2022-09-06,3600,3695,3600,3675,14687,0.004098360655737654
2022-09-07,3680,3685,3635,3655,5544,-0.0054421768707483276
2022-09-08,3690,3690,3640,3675,8692,0.00547195622435015
2022-09-13,3655,3740,3650,3720,11409,0.012244897959183598
2022-09-14,3695,3720,3625,3720,14740,0.0
2022-09-15,3750,3760,3695,3735,11972,0.0040322580645162365
2022-09-16,3730,3730,3615,3670,11276,-0.01740294511378848
2022-09-19,3675,3765,3600,3600,11959,-0.019073569482288777
2022-09-20,3620,3695,3615,3650,3985,0.01388888888888884
2022-09-21,3650,3650,3600,3600,1636,-0.013698630136986356
2022-09-22,3625,3625,3560,3610,5753,0.002777777777777768
2022-09-23,3565,3600,3520,3560,7768,-0.013850415512465353
2022-09-26,3560,3560,3210,3370,45449,-0.053370786516853896
2022-09-27,3300,3360,3290,3340,15093,-0.008902077151335286
2022-09-28,3360,3360,3170,3290,27912,-0.014970059880239472
2022-09-29,3265,3420,3240,3275,43679,-0.00455927051671734
2022-09-30,3160,3380,3100,3380,46250,0.032061068702289974
2022-10-04,3380,3660,3380,3655,75771,0.08136094674556205
2022-10-05,3645,3645,3475,3490,95841,-0.045143638850889234
2022-10-06,3460,3525,3460,3520,65934,0.008595988538681931
2022-10-07,3505,3555,3490,3530,10618,0.0028409090909091717
2022-10-11,3490,3490,3380,3380,18548,-0.04249291784702547
2022-10-12,3380,3380,3285,3340,8475,-0.011834319526627168
2022-10-13,3330,3335,3160,3280,22413,-0.017964071856287456
2022-10-14,3290,3390,3285,3335,11347,0.0167682926829269
2022-10-17,3320,3370,3240,3370,9692,0.010494752623688264
2022-10-18,3400,3425,3350,3400,8369,0.008902077151335286
2022-10-19,3400,3435,3345,3420,12405,0.00588235294117645
2022-10-20,3420,3420,3330,3350,5808,-0.020467836257309968
2022-10-21,3350,3365,3315,3350,2472,0.0
2022-10-24,3350,3415,3350,3395,3672,0.013432835820895495
2022-10-25,3420,3440,3375,3415,9123,0.00589101620029453
2022-10-26,3410,3420,3370,3385,4350,-0.008784773060029227
2022-10-27,3350,3415,3350,3400,6893,0.004431314623338345
2022-10-28,3415,3415,3345,3375,5270,-0.007352941176470562
2022-10-31,3380,3430,3305,3375,10678,0.0
2022-11-01,3345,3440,3345,3430,22951,0.016296296296296253
2022-11-02,3485,3485,3385,3455,10741,0.007288629737609353
2022-11-03,3440,3450,3300,3440,26872,-0.00434153400868309
2022-11-04,3405,3460,3385,3450,17488,0.0029069767441860517
2022-11-07,3445,3445,3375,3400,14268,-0.01449275362318836
2022-11-08,3420,3430,3350,3385,13294,-0.004411764705882337
2022-11-09,3385,3465,3380,3395,19101,0.002954209748892156
2022-11-10,3430,3430,3365,3375,19520,-0.00589101620029453
2022-11-11,3450,3475,3405,3450,22840,0.022222222222222143
2022-11-14,3450,3485,3400,3445,25155,-0.0014492753623188692
2022-11-15,3445,3485,3420,3450,11591,0.0014513788098693414
2022-11-16,3450,3475,3400,3470,27820,0.005797101449275255
2022-11-17,3475,3485,3400,3475,13513,0.0014409221902016434
2022-11-18,3475,3515,3405,3490,41969,0.004316546762589857
2022-11-21,3500,3505,3450,3490,12462,0.0
2022-11-22,3445,3500,3405,3500,51062,0.002865329512893977
2022-11-23,3500,3520,3475,3510,16994,0.0028571428571428914
2022-11-24,3515,3535,3485,3505,16968,-0.0014245014245014564
2022-11-25,3530,3530,3445,3510,59631,0.0014265335235377208
2022-11-28,3510,3515,3445,3495,19771,-0.004273504273504258
2022-11-29,3465,3500,3450,3500,9188,0.0014306151645206988
2022-11-30,3500,3530,3480,3525,22788,0.0071428571428571175
2022-12-01,3525,3550,3515,3530,26037,0.0014184397163119478
2022-12-02,3530,3535,3480,3530,13445,0.0
2022-12-05,3535,3545,3495,3510,26577,-0.005665722379603388
2022-12-06,3545,3545,3470,3485,7335,-0.007122507122507171
2022-12-07,3515,3515,3425,3500,20856,0.004304160688665792
2022-12-08,3525,3525,3465,3470,5957,-0.008571428571428563
2022-12-09,3445,3500,3445,3500,3175,0.008645533141210304
2022-12-12,3500,3500,3425,3485,15576,-0.004285714285714337
2022-12-13,3485,3490,3450,3485,9294,0.0
2022-12-14,3495,3510,3410,3495,21946,0.0028694404591105283
2022-12-15,3455,3490,3415,3465,29001,-0.008583690987124415
2022-12-16,3460,3465,3425,3425,22337,-0.011544011544011523
2022-12-19,3410,3780,3410,3425,213146,0.0
2022-12-20,3475,3475,3415,3455,17241,0.008759124087591275
2022-12-21,3470,3485,3435,3480,12428,0.00723589001447178
2022-12-22,3480,3520,3400,3460,52048,-0.005747126436781658
2022-12-23,3445,3445,3400,3420,47008,-0.011560693641618491
2022-12-26,3420,3430,3395,3405,13178,-0.004385964912280715
2022-12-27,3495,3495,3395,3415,12694,0.002936857562408246
2022-12-28,3440,3460,3415,3460,8829,0.013177159590043841
2022-12-29,3440,3490,3395,3430,34250,-0.00867052023121384
2023-01-02,3440,3460,3400,3405,16745,-0.007288629737609353
2023-01-03,3380,3440,3260,3340,43797,-0.019089574155653488
2023-01-04,3305,3395,3305,3395,15283,0.01646706586826352
2023-01-05,3395,3425,3370,3410,9519,0.004418262150220897
2023-01-06,3410,3465,3390,3465,18860,0.016129032258064502
2023-01-09,3490,3520,3470,3510,43896,0.01298701298701288
2023-01-10,3515,3520,3485,3520,14171,0.002849002849002913
2023-01-11,3535,3535,3475,3535,36890,0.0042613636363635354
2023-01-12,3540,3585,3525,3585,18988,0.014144271570014189
2023-01-13,3580,3595,3545,3555,22162,-0.008368200836820106
2023-01-16,3555,3600,3530,3590,41966,0.009845288326300938
2023-01-17,3590,3595,3500,3525,59728,-0.01810584958217265
2023-01-18,3525,3560,3515,3560,7600,0.0099290780141843
2023-01-19,3560,3575,3520,3575,19707,0.004213483146067398
2023-01-20,3570,3585,3555,3575,24369,0.0
2023-01-25,3635,3635,3555,3585,17318,0.002797202797202747
2023-01-26,3585,3610,3560,3600,34326,0.004184100418409997
2023-01-27,3600,3605,3560,3580,37428,-0.005555555555555536
2023-01-30,3600,3600,3555,3560,21898,-0.005586592178770999
2023-01-31,3575,3600,3560,3580,31165,0.00561797752808979
2023-02-01,3600,3600,3570,3595,21039,0.0041899441340782495
2023-02-02,3590,3600,3570,3600,22456,0.0013908205841446364
2023-02-03,3605,3605,3550,3580,51420,-0.005555555555555536
2023-02-06,3595,3595,3565,3585,11023,0.0013966480446927498
2023-02-07,3585,3595,3550,3590,40028,0.001394700139470073
2023-02-08,3590,3620,3580,3615,31329,0.0069637883008355494
2023-02-09,3615,3670,3605,3660,52100,0.012448132780082943
2023-02-10,3660,3670,3615,3650,22058,-0.002732240437158473
2023-02-13,3655,3670,3635,3665,24137,0.004109589041095818
2023-02-14,3670,3700,3660,3670,26057,0.0013642564802183177
2023-02-15,3670,3690,3650,3655,29868,-0.004087193460490468
2023-02-16,3655,3690,3655,3685,20524,0.008207934336525335
2023-02-17,3685,3685,3645,3650,19880,-0.009497964721845276
2023-02-20,3645,3700,3645,3690,29147,0.010958904109588996
2023-02-21,3675,3710,3650,3710,38730,0.005420054200542035
2023-02-22,3690,3700,3655,3695,28863,-0.0040431266846361336
2023-02-23,3695,3765,3695,3760,93720,0.017591339648173276
2023-02-24,3760,3770,3710,3755,34647,-0.0013297872340425343
2023-02-27,3750,3800,3745,3800,37263,0.011984021304926706
2023-02-28,3800,3815,3780,3785,33780,-0.003947368421052588
2023-03-02,3790,3825,3775,3825,32871,0.010568031704095038
2023-03-03,3820,3840,3815,3840,24573,0.0039215686274509665
2023-03-06,3840,3850,3675,3815,45830,-0.00651041666666663
2023-03-07,3800,3855,3790,3850,18893,0.00917431192660545
2023-03-08,3815,3855,3810,3840,9892,-0.0025974025974025983
2023-03-09,3835,3920,3825,3910,66333,0.01822916666666674
2023-03-10,3900,3920,3865,3920,31806,0.002557544757033181
2023-03-13,3905,3920,3845,3915,35435,-0.0012755102040816757
2023-03-14,3915,3915,3735,3850,48466,-0.016602809706257937
2023-03-15,3835,3870,3815,3850,14555,0.0
2023-03-16,3855,3870,3760,3780,14204,-0.018181818181818188
2023-03-17,3785,3825,3715,3770,31574,-0.002645502645502673
2023-03-20,3730,3805,3720,3760,46692,-0.0026525198938992522
2023-03-21,3800,3800,3715,3715,17789,-0.01196808510638303
2023-03-22,3710,3760,3635,3665,42195,-0.013458950201884257
2023-03-23,3665,3720,3630,3700,24831,0.009549795361528002
2023-03-24,3695,3765,3680,3750,46796,0.013513513513513598
2023-03-27,3755,3770,3730,3765,33998,0.0040000000000000036
2023-03-28,3770,3835,3750,3795,76203,0.007968127490039834
2023-03-29,3805,3820,3695,3710,58856,-0.022397891963109373
2023-03-30,3585,3600,3520,3535,132549,-0.047169811320754707
2023-03-31,3535,3555,3470,3520,53827,-0.004243281471004279
2023-04-03,3520,3540,3480,3530,40459,0.0028409090909091717
2023-04-04,3495,3535,3485,3520,26855,-0.0028328611898017497
2023-04-05,3490,3520,3440,3450,79034,-0.019886363636363646
2023-04-06,3470,3470,3325,3435,112639,-0.004347826086956497
2023-04-07,3335,3405,3335,3385,46821,-0.01455604075691408
2023-04-10,3400,3400,3280,3320,119353,-0.019202363367799125
2023-04-11,3335,3390,3280,3350,35221,0.009036144578313143
2023-04-12,3350,3445,3350,3405,43658,0.016417910447761086
2023-04-13,3400,3415,3370,3410,17902,0.001468428781204123
2023-04-14,3420,3460,3405,3460,28265,0.014662756598240456
2023-04-17,3475,3500,3425,3450,25789,-0.0028901734104046506
2023-04-18,3450,3470,3415,3450,17192,0.0
2023-04-19,3430,3500,3420,3485,55674,0.010144927536231974
2023-04-20,3480,3480,3415,3450,45597,-0.010043041606886627
2023-04-21,3430,3450,3375,3385,49270,-0.018840579710144967
2023-04-24,3390,3415,3365,3365,24708,-0.005908419497784312
2023-04-25,3390,3390,3300,3360,57202,-0.0014858841010401136
2023-04-26,3345,3400,3315,3400,21596,0.011904761904761862
2023-04-27,3430,3440,3370,3385,29487,-0.004411764705882337
2023-04-28,3390,3395,3355,3380,17915,-0.001477104874446078
2023-05-02,3395,3405,3305,3390,17527,0.002958579881656709
2023-05-03,3375,3425,3375,3425,25868,0.010324483775811188
2023-05-04,3400,3430,3395,3410,15842,-0.004379562043795637
2023-05-08,3410,3465,3400,3460,29574,0.014662756598240456
2023-05-09,3465,3470,3425,3445,19773,-0.00433526011560692
2023-05-10,3420,3470,3420,3440,15532,-0.0014513788098693414
2023-05-11,3445,3485,3425,3455,24908,0.0043604651162789665
2023-05-12,3470,3475,3420,3460,9798,0.0014471780028944004
2023-05-15,3455,3455,3410,3445,16254,-0.00433526011560692
2023-05-16,3450,3455,3410,3435,7447,-0.002902757619738794
2023-05-17,3400,3420,3390,3400,10142,-0.010189228529839833
2023-05-18,3405,3425,3390,3425,23866,0.007352941176470562
2023-05-19,3415,3450,3400,3430,17963,0.0014598540145984717
2023-05-22,3430,3445,3405,3445,26901,0.004373177842565523
2023-05-23,3460,3460,3425,3430,18275,-0.004354136429608135
2023-05-24,3445,3460,3415,3460,6000,0.008746355685131268
2023-05-25,3435,3490,3430,3450,14621,-0.0028901734104046506
2023-05-26,3450,3510,3425,3460,20694,0.0028985507246377384
2023-05-30,3460,3465,3400,3445,16605,-0.00433526011560692
2023-05-31,3425,3445,3395,3400,51308,-0.013062409288824406
2023-06-01,3405,3405,3360,3400,30074,0.0
2023-06-02,3400,3435,3395,3420,15706,0.00588235294117645
2023-06-05,3420,3435,3400,3435,6995,0.004385964912280604
2023-06-07,3435,3460,3410,3440,9944,0.0014556040756914523
2023-06-08,3435,3435,3400,3435,14085,-0.0014534883720930258
2023-06-09,3425,3445,3375,3440,42408,0.0014556040756914523
2023-06-12,3440,3440,3415,3425,3198,-0.0043604651162790775
2023-06-13,3440,3440,3380,3395,20161,-0.008759124087591275
2023-06-14,3395,3405,3380,3405,9414,0.002945508100147265
2023-06-15,3395,3405,3350,3395,30261,-0.002936857562408246
2023-06-16,3395,3405,3355,3370,29795,-0.007363770250368162
2023-06-19,3370,3390,3355,3370,4541,0.0
2023-06-20,3375,3380,3360,3365,12903,-0.0014836795252225476
2023-06-21,3365,3380,3345,3365,17099,0.0
2023-06-22,3360,3440,3335,3425,54402,0.017830609212481363
2023-06-23,3420,3425,3390,3405,11966,-0.005839416058394109
2023-06-26,3390,3460,3370,3410,37334,0.001468428781204123
2023-06-27,3395,3460,3395,3405,31037,-0.0014662756598240456
2023-06-28,3410,3425,3375,3400,23977,-0.001468428781204123
2023-06-29,3395,3430,3360,3390,16487,-0.002941176470588225
2023-06-30,3375,3405,3365,3390,9260,0.0
2023-07-03,3385,3445,3380,3425,26787,0.010324483775811188
2023-07-04,3425,3435,3405,3420,13279,-0.0014598540145985828
2023-07-05,3420,3460,3390,3420,32156,0.0
2023-07-06,3405,3445,3360,3380,55640,-0.011695906432748537
2023-07-07,3365,3400,3340,3395,21740,0.004437869822485174
2023-07-10,3370,3425,3370,3405,20856,0.002945508100147265
2023-07-11,3405,3425,3375,3400,23234,-0.001468428781204123
2023-07-12,3405,3430,3350,3430,55884,0.008823529411764675
2023-07-13,3405,3440,3400,3430,13911,0.0
2023-07-14,3430,3435,3370,3410,29208,-0.005830903790087438
2023-07-17,3410,3415,3370,3410,28637,0.0
2023-07-18,3410,3420,3380,3405,26274,-0.0014662756598240456
2023-07-19,3405,3405,3345,3370,34709,-0.01027900146842875
2023-07-20,3360,3365,3340,3345,21513,-0.007418397626112738
2023-07-21,3325,3405,3325,3405,8766,0.017937219730941756
2023-07-24,3405,3445,3355,3380,48652,-0.007342143906020504
2023-07-25,3395,3395,3285,3305,42334,-0.022189349112425982
2023-07-26,3295,3305,3060,3090,114933,-0.06505295007564293
2023-07-27,3090,3185,3080,3185,35179,0.0307443365695792
2023-07-28,3185,3270,3165,3270,18178,0.02668759811616961
2023-07-31,3290,3290,3245,3255,8729,-0.004587155963302725
2023-08-01,3270,3300,3220,3300,25729,0.01382488479262678
2023-08-02,3290,3325,3255,3305,18091,0.0015151515151514694
2023-08-03,3290,3350,3275,3315,16752,0.00302571860816947
2023-08-04,3320,3325,3275,3290,13285,-0.007541478129713397
2023-08-07,3285,3290,3230,3230,29292,-0.018237082066869248
2023-08-08,3210,3250,3150,3190,97667,-0.012383900928792602
2023-08-09,3180,3250,3165,3250,16169,0.018808777429467183
2023-08-10,3250,3270,3200,3270,25081,0.006153846153846176
2023-08-11,3255,3305,3245,3305,31901,0.010703363914372988
2023-08-14,3305,3310,3270,3300,8750,-0.001512859304084735
2023-08-16,3275,3280,3215,3240,35201,-0.018181818181818188
2023-08-17,3200,3235,3150,3220,13184,-0.006172839506172867
2023-08-18,3195,3220,3170,3210,9335,-0.0031055900621117516
2023-08-21,3200,3240,3170,3215,7858,0.0015576323987538387
2023-08-22,3215,3250,3170,3250,34243,0.010886469673405896
2023-08-23,3225,3335,3225,3290,50571,0.012307692307692353
2023-08-24,3290,3315,3250,3305,19955,0.004559270516717229
2023-08-25,3295,3300,3030,3265,31589,-0.012102874432677768
2023-08-28,3255,3290,3240,3275,9745,0.003062787136294043
2023-08-29,3280,3290,3190,3265,26487,-0.003053435114503844
2023-08-30,3280,3280,3260,3270,4492,0.0015313935681469104
2023-08-31,3270,3285,3235,3235,10081,-0.010703363914373099
2023-09-01,3235,3265,3200,3200,21461,-0.010819165378670781
2023-09-04,3195,3250,3180,3220,21925,0.006250000000000089
2023-09-05,3220,3245,3180,3215,8595,-0.0015527950310558758
2023-09-06,3220,3220,3190,3210,3919,-0.0015552099533436836
2023-09-07,3185,3210,3165,3185,12185,-0.007788161993769416
2023-09-08,3185,3225,3160,3225,7833,0.012558869701726927
2023-09-11,3225,3240,3180,3230,11574,0.0015503875968991832
2023-09-12,3230,3230,3185,3215,8468,-0.004643962848297267
2023-09-13,3210,3230,3180,3215,8707,0.0
2023-09-14,3215,3230,3205,3230,1497,0.004665629860031162
2023-09-15,3235,3235,3205,3220,6491,-0.003095975232198178
2023-09-18,3220,3230,3190,3210,5863,-0.0031055900621117516
2023-09-19,3210,3240,3190,3210,5003,0.0
2023-09-20,3210,3215,3180,3205,14297,-0.0015576323987538387
2023-09-21,3200,3200,3145,3180,10737,-0.007800312012480548
2023-09-22,3175,3185,3150,3175,8532,-0.0015723270440252124
2023-09-25,3175,3180,3150,3175,9475,0.0
2023-09-26,3175,3175,3135,3170,12091,-0.0015748031496063408
2023-09-27,3155,3175,3140,3170,6597,0.0
2023-10-04,3170,3170,3105,3150,16528,-0.006309148264984188
2023-10-05,3155,3160,3110,3155,16698,0.0015873015873015817
2023-10-06,3155,3170,3155,3165,3241,0.0031695721077653616
2023-10-10,3165,3175,3135,3165,18581,0.0
2023-10-11,3175,3190,3155,3175,9638,0.003159557661927437
2023-10-12,3180,3190,3145,3180,37932,0.0015748031496063408
2023-10-13,3180,3180,3135,3170,41378,-0.0031446540880503138
2023-10-16,3170,3195,3130,3150,20222,-0.006309148264984188
2023-10-17,3150,3165,3120,3165,14315,0.004761904761904745
2023-10-18,3165,3175,3130,3165,6592,0.0
2023-10-19,3160,3160,3100,3130,18292,-0.011058451816745696
2023-10-20,3130,3140,3085,3125,20586,-0.0015974440894568342
2023-10-23,3125,3125,3080,3100,8370,-0.008000000000000007
2023-10-24,3060,3160,3045,3135,31060,0.011290322580645107
2023-10-25,3135,3140,3100,3130,11856,-0.0015948963317384823
2023-10-26,3120,3120,3080,3080,7016,-0.015974440894568676
2023-10-27,3050,3105,3050,3075,14845,-0.0016233766233766378
2023-10-30,3085,3090,3070,3090,2078,0.004878048780487809
2023-10-31,3090,3110,3070,3080,8267,-0.003236245954692518
2023-11-01,3095,3110,3045,3085,10823,0.0016233766233766378
2023-11-02,3100,3130,3070,3095,37445,0.0032414910858995505
2023-11-03,3105,3120,3060,3085,26148,-0.003231017770597755
2023-11-06,3085,3145,3065,3090,59695,0.0016207455429497752
2023-11-07,3090,3090,3055,3065,37935,-0.008090614886731351
2023-11-08,3105,3105,3045,3090,59278,0.00815660685154973
2023-11-09,3090,3105,3045,3070,34079,-0.006472491909385147
2023-11-10,3050,3070,3035,3055,18478,-0.004885993485342022
2023-11-13,3055,3065,3000,3005,33363,-0.016366612111292977
2023-11-14,3005,3020,2985,3010,17386,0.0016638935108153063
2023-11-15,3015,3030,3000,3020,12503,0.0033222591362125353
2023-11-16,3020,3020,2980,3020,43443,0.0
2023-11-17,3040,3040,2985,2990,11274,-0.009933774834437137
2023-11-20,2990,3015,2990,3015,16147,0.008361204013378032
2023-11-21,3015,3035,3010,3035,7742,0.0066334991708125735
2023-11-22,3035,3040,3015,3040,16103,0.0016474464579900872
2023-11-23,3045,3050,3035,3045,6763,0.00164473684210531
2023-11-24,3045,3055,3025,3050,5762,0.0016420361247948545
2023-11-27,3075,3075,3000,3035,34715,-0.004918032786885296
2023-11-28,3035,3045,3015,3040,7551,0.0016474464579900872
2023-11-29,3040,3055,3040,3050,15437,0.00328947368421062
2023-11-30,3050,3055,3035,3050,10238,0.0
2023-12-01,3050,3060,3030,3060,23171,0.003278688524590123
2023-12-04,3070,3070,3020,3045,29206,-0.004901960784313708
2023-12-05,3045,3055,3020,3045,12056,0.0
2023-12-06,3045,3045,3020,3040,4602,-0.0016420361247947435
2023-12-07,3040,3045,3035,3045,43229,0.00164473684210531
2023-12-08,3045,3050,3010,3050,21397,0.0016420361247948545
2023-12-11,3050,3060,3035,3050,6698,0.0
2023-12-12,3050,3060,3045,3060,8957,0.003278688524590123
2023-12-13,3060,3060,3025,3050,14260,-0.0032679738562091387
2023-12-14,3055,3055,3030,3050,5252,0.0
2023-12-15,3050,3055,3040,3055,11077,0.0016393442622950616
2023-12-18,3055,3060,3030,3030,11729,-0.008183306055646433
2023-12-19,3030,3055,3015,3030,7409,0.0
2023-12-20,3075,3075,3025,3045,5375,0.004950495049504955
2023-12-21,3045,3055,3035,3050,13841,0.0016420361247948545
2023-12-22,3050,3055,3020,3055,9359,0.0016393442622950616
2023-12-26,3055,3060,3035,3060,15013,0.0016366612111293755
2023-12-27,3055,3080,3025,3065,25382,0.0016339869281045694
2023-12-28,3075,3080,3045,3065,26139,0.0
2024-01-02,3070,3075,3045,3075,17997,0.0032626427406199365
2024-01-03,3075,3075,3045,3070,12438,-0.001626016260162566
2024-01-04,3065,3070,3040,3070,18434,0.0
