Date,Open,High,Low,Close,Volume,Change
2022-01-03,591,598,589,591,140859,0.0
2022-01-04,594,596,589,593,77564,0.0033840947546530664
2022-01-05,588,608,588,608,284413,0.025295109612141653
2022-01-06,598,605,595,600,130665,-0.013157894736842146
2022-01-07,600,606,597,601,119194,0.0016666666666667052
2022-01-10,601,605,593,596,237854,-0.008319467554076532
2022-01-11,596,603,592,599,196434,0.005033557046979942
2022-01-12,597,600,593,600,129725,0.0016694490818029983
2022-01-13,600,603,593,595,129052,-0.008333333333333304
2022-01-14,595,604,588,591,149229,-0.006722689075630228
2022-01-17,591,591,576,581,327581,-0.016920473773265665
2022-01-18,581,584,575,584,115693,0.005163511187607606
2022-01-19,579,592,575,584,136177,0.0
2022-01-20,590,599,579,586,206493,0.003424657534246478
2022-01-21,586,599,573,573,183189,-0.022184300341296925
2022-01-24,570,571,557,558,133444,-0.02617801047120416
2022-01-25,557,561,530,540,200575,-0.032258064516129004
2022-01-26,535,543,534,541,135091,0.0018518518518517713
2022-01-27,541,550,530,543,137174,0.003696857670979714
2022-01-28,549,563,520,551,145202,0.014732965009208066
2022-02-03,556,570,555,568,138408,0.030852994555353952
2022-02-04,568,574,558,565,65020,-0.005281690140845119
2022-02-07,565,565,555,559,64444,-0.010619469026548645
2022-02-08,561,562,525,554,152022,-0.008944543828264706
2022-02-09,548,557,548,554,112270,0.0
2022-02-10,554,558,548,551,92369,-0.005415162454873612
2022-02-11,551,552,543,550,70653,-0.001814882032667886
2022-02-14,535,557,534,540,149505,-0.018181818181818188
2022-02-15,541,543,525,537,130242,-0.005555555555555536
2022-02-16,535,541,520,540,123889,0.005586592178770999
2022-02-17,544,544,532,538,116947,-0.0037037037037036535
2022-02-18,522,533,520,526,164242,-0.022304832713754608
2022-02-21,526,538,521,533,83049,0.013307984790874583
2022-02-22,521,527,510,515,277570,-0.0337711069418386
2022-02-23,513,517,501,508,409792,-0.013592233009708687
2022-02-24,511,511,493,493,259726,-0.029527559055118058
2022-02-25,491,499,488,489,245323,-0.008113590263691739
2022-02-28,501,501,488,490,275133,0.002044989775051187
2022-03-02,490,494,485,490,258782,0.0
2022-03-03,490,494,483,487,272322,-0.006122448979591799
2022-03-04,500,500,480,488,274566,0.002053388090349051
2022-03-07,488,489,480,488,219160,0.0
2022-03-08,478,488,477,483,106759,-0.010245901639344246
2022-03-10,483,490,479,489,235137,0.012422360248447228
2022-03-11,490,492,485,489,114600,0.0
2022-03-14,489,490,485,488,184216,-0.002044989775051076
2022-03-15,487,487,475,480,118664,-0.016393442622950838
2022-03-16,478,485,474,483,152178,0.006250000000000089
2022-03-17,488,492,483,488,166105,0.010351966873705987
2022-03-18,489,503,488,501,278909,0.026639344262294973
2022-03-21,501,502,495,499,128167,-0.003992015968063867
2022-03-22,499,501,493,499,145537,0.0
2022-03-23,501,648,501,599,18568940,0.2004008016032064
2022-03-24,576,590,567,569,1942199,-0.05008347245409017
2022-03-25,576,587,565,579,773732,0.017574692442882345
2022-03-28,579,584,562,580,780309,0.0017271157167531026
2022-03-29,581,586,569,579,412229,-0.0017241379310344307
2022-03-30,581,584,569,579,384352,0.0
2022-03-31,574,594,567,581,689061,0.003454231433505983
2022-04-01,581,594,573,585,406913,0.0068846815834766595
2022-04-04,585,622,568,609,1439584,0.0410256410256411
2022-04-05,610,619,595,599,481706,-0.016420361247947435
2022-04-06,604,606,588,594,349847,-0.008347245409014992
2022-04-07,584,601,578,600,538334,0.010101010101010166
2022-04-08,600,603,587,600,607082,0.0
2022-04-11,600,640,590,601,1183261,0.0016666666666667052
2022-04-12,599,599,580,593,362035,-0.01331114808652245
2022-04-13,593,601,588,600,257970,0.01180438448566612
2022-04-14,600,600,588,592,268031,-0.013333333333333308
2022-04-15,594,597,581,592,207936,0.0
2022-04-18,590,598,580,588,265930,-0.006756756756756799
2022-04-19,583,591,582,591,150943,0.005102040816326481
2022-04-20,592,593,586,589,225054,-0.0033840947546531774
2022-04-21,600,600,589,590,420283,0.001697792869269854
2022-04-22,597,597,581,591,139332,0.0016949152542373724
2022-04-25,582,591,575,575,199202,-0.027072758037225086
2022-04-26,576,600,576,592,229879,0.029565217391304355
2022-04-27,599,600,580,581,224765,-0.01858108108108103
2022-04-28,578,590,578,588,94504,0.012048192771084265
2022-04-29,588,620,585,592,922218,0.006802721088435382
2022-05-02,592,598,588,596,174064,0.006756756756756799
2022-05-03,595,774,595,641,29774882,0.07550335570469802
2022-05-04,645,833,645,741,100739638,0.15600624024961007
2022-05-06,815,963,801,963,105413285,0.2995951417004048
2022-05-09,939,963,839,868,38560953,-0.09865005192108
2022-05-10,838,897,778,824,25568018,-0.05069124423963134
2022-05-11,829,830,790,807,8481286,-0.020631067961165095
2022-05-12,802,806,741,757,7856778,-0.061957868649318515
2022-05-13,766,793,720,726,11565935,-0.04095112285336855
2022-05-16,739,768,720,752,9173838,0.03581267217630857
2022-05-17,781,977,780,843,125852911,0.1210106382978724
2022-05-18,885,947,848,853,40415913,0.011862396204033177
2022-05-19,828,910,790,851,22136870,-0.0023446658851113966
2022-05-20,844,845,815,816,7454138,-0.04112808460634543
2022-05-23,816,1040,787,950,109345489,0.1642156862745099
2022-05-24,991,1225,895,1140,173057324,0.19999999999999996
2022-05-25,1095,1340,1070,1200,116921174,0.05263157894736836
2022-05-26,1210,1295,1095,1135,32426487,-0.054166666666666696
2022-05-27,1135,1170,1055,1090,16349008,-0.03964757709251099
2022-05-30,1100,1115,1075,1100,7552263,0.00917431192660545
2022-05-31,1100,1100,1060,1085,4981608,-0.013636363636363669
2022-06-02,1085,1110,1065,1095,5971263,0.009216589861751112
2022-06-03,1100,1100,1070,1100,3546960,0.004566210045662045
2022-06-07,1095,1140,1060,1115,8671495,0.013636363636363669
2022-06-08,1140,1315,1090,1225,60999883,0.09865470852017943
2022-06-09,1225,1280,1175,1210,15340188,-0.01224489795918371
2022-06-10,1180,1210,1140,1160,5391215,-0.04132231404958675
2022-06-13,1110,1145,1045,1085,6295330,-0.06465517241379315
2022-06-14,1050,1220,1050,1105,29763025,0.018433179723502224
2022-06-15,1090,1105,956,976,9123279,-0.11674208144796383
2022-06-16,999,1070,961,972,11959979,-0.004098360655737654
2022-06-17,939,1000,914,948,6704626,-0.024691358024691357
2022-06-20,948,960,884,924,5226769,-0.025316455696202556
2022-06-21,924,983,892,897,8634682,-0.02922077922077926
2022-06-22,900,911,845,846,4453746,-0.05685618729096986
2022-06-23,839,853,779,819,5376095,-0.03191489361702127
2022-06-24,822,850,796,843,3933739,0.0293040293040292
2022-06-27,843,880,805,872,5132039,0.03440094899169632
2022-06-28,874,911,859,874,5648561,0.002293577981651307
2022-06-29,850,888,842,878,2108914,0.004576659038901587
2022-06-30,890,890,822,830,3602677,-0.0546697038724373
2022-07-01,830,853,791,799,2740659,-0.03734939759036149
2022-07-04,799,808,780,800,1795760,0.0012515644555695093
2022-07-05,810,827,797,821,1791786,0.026250000000000107
2022-07-06,819,819,792,796,1402005,-0.030450669914738104
2022-07-07,790,850,790,850,4134120,0.0678391959798994
2022-07-08,946,1060,875,890,47379466,0.04705882352941182
2022-07-11,894,923,869,869,8847258,-0.02359550561797752
2022-07-12,852,865,815,824,3128278,-0.05178365937859608
2022-07-13,826,829,800,808,2201121,-0.01941747572815533
2022-07-14,807,818,790,800,1781195,-0.00990099009900991
2022-07-15,792,804,772,780,1755049,-0.025000000000000022
2022-07-18,780,803,779,800,1622482,0.02564102564102555
2022-07-19,808,816,791,805,1214763,0.006250000000000089
2022-07-20,812,828,802,803,1924926,-0.00248447204968949
2022-07-21,804,810,791,794,1475268,-0.011207970112079746
2022-07-22,799,805,787,788,1370487,-0.007556675062972307
2022-07-25,783,793,777,782,1138495,-0.0076142131979695105
2022-07-26,782,787,776,784,764580,0.002557544757033181
2022-07-27,780,791,779,785,909955,0.0012755102040815647
2022-07-28,788,809,784,787,1445648,0.002547770700636942
2022-07-29,793,925,785,838,21783554,0.06480304955527316
2022-08-01,858,864,772,802,5761031,-0.042959427207637235
2022-08-02,802,805,785,798,1510618,-0.004987531172069848
2022-08-03,804,812,799,801,1086289,0.003759398496240518
2022-08-04,801,807,794,799,1051998,-0.0024968789013732895
2022-08-05,798,830,792,805,1966289,0.007509386733416834
2022-08-08,813,813,796,797,946920,-0.009937888198757738
2022-08-09,793,802,793,798,631662,0.0012547051442910462
2022-08-10,791,800,791,796,519372,-0.0025062656641604564
2022-08-11,813,845,798,816,5541457,0.025125628140703515
2022-08-12,816,831,809,823,1783110,0.008578431372548989
2022-08-16,823,823,800,801,1651607,-0.026731470230862753
2022-08-17,798,798,780,791,1273541,-0.012484394506866447
2022-08-18,785,787,776,781,795638,-0.012642225031605614
2022-08-19,784,786,770,772,922278,-0.011523687580025643
2022-08-22,772,794,758,771,1738552,-0.0012953367875647714
2022-08-23,764,777,764,768,789251,-0.0038910505836575737
2022-08-24,763,776,763,773,790856,0.006510416666666741
2022-08-25,770,805,770,774,1306785,0.001293661060802087
2022-08-26,771,793,771,783,987200,0.011627906976744207
2022-08-29,780,806,772,792,2074436,0.011494252873563315
2022-08-30,784,798,781,785,1161305,-0.008838383838383868
2022-08-31,775,788,775,785,642071,0.0
2022-09-01,784,793,776,776,839285,-0.01146496815286624
2022-09-02,776,805,776,803,2136704,0.03479381443298979
2022-09-05,806,807,787,797,1042333,-0.007471980074719831
2022-09-06,797,806,790,796,1018918,-0.0012547051442910462
2022-09-07,806,806,785,790,920562,-0.007537688442211032
2022-09-08,788,800,777,792,1105649,0.0025316455696202667
2022-09-13,799,802,791,793,967205,0.0012626262626262985
2022-09-14,784,784,709,780,1220518,-0.016393442622950838
2022-09-15,785,788,774,777,630088,-0.0038461538461538325
2022-09-16,771,774,749,765,852417,-0.015444015444015413
2022-09-19,766,771,752,758,520795,-0.009150326797385588
2022-09-20,752,767,748,758,452234,0.0
2022-09-21,756,765,734,749,988654,-0.01187335092348285
2022-09-22,727,737,705,719,880933,-0.040053404539385884
2022-09-23,720,745,709,732,928113,0.018080667593880495
2022-09-26,713,736,660,714,1049866,-0.024590163934426257
2022-09-27,721,725,710,717,360206,0.004201680672268893
2022-09-28,710,729,693,712,544740,-0.006973500697350032
2022-09-29,702,724,702,713,645068,0.001404494382022392
2022-09-30,695,716,685,689,681711,-0.033660589060308554
2022-10-04,691,718,691,702,682609,0.018867924528301883
2022-10-05,707,820,704,737,9550961,0.049857549857549754
2022-10-06,750,776,727,744,2430387,0.009497964721845387
2022-10-07,735,747,724,733,1004722,-0.014784946236559127
2022-10-11,722,730,680,716,988579,-0.023192360163710735
2022-10-12,708,733,706,718,680445,0.0027932960893854997
2022-10-13,729,729,685,704,529354,-0.01949860724233987
2022-10-14,727,727,704,708,395120,0.005681818181818121
2022-10-17,700,727,695,720,705967,0.016949152542372836
2022-10-18,718,738,705,723,1398445,0.004166666666666652
2022-10-19,729,730,706,714,806617,-0.012448132780082943
2022-10-20,714,768,712,754,3223115,0.05602240896358546
2022-10-21,745,745,689,696,1676003,-0.07692307692307687
2022-10-24,737,737,695,696,711058,0.0
2022-10-25,705,705,684,689,418918,-0.010057471264367845
2022-10-26,689,696,664,666,616066,-0.03338171262699563
2022-10-27,664,670,650,663,540890,-0.0045045045045044585
2022-10-28,663,667,618,618,1187577,-0.0678733031674208
2022-10-31,630,677,628,641,1129628,0.03721682847896446
2022-11-01,635,654,632,650,462891,0.014040561622464809
2022-11-02,651,652,636,637,226005,-0.020000000000000018
2022-11-03,637,649,620,642,776346,0.007849293563579218
2022-11-04,642,647,630,640,241533,-0.0031152647975077885
2022-11-07,628,648,628,636,371809,-0.006249999999999978
2022-11-08,643,644,636,639,254618,0.004716981132075526
2022-11-09,639,643,631,634,454045,-0.007824726134585291
2022-11-10,634,634,620,623,489481,-0.017350157728706628
2022-11-11,633,633,616,619,734478,-0.006420545746388395
2022-11-14,620,622,610,613,942170,-0.009693053311793265
2022-11-15,616,638,610,632,1043241,0.030995106035889064
2022-11-16,637,821,635,821,70576716,0.29905063291139244
2022-11-17,824,834,738,747,25843177,-0.09013398294762487
2022-11-18,735,792,715,726,18205802,-0.028112449799196804
2022-11-21,732,744,709,719,5166507,-0.009641873278236957
2022-11-22,716,732,708,721,3647408,0.0027816411682892728
2022-11-23,729,730,714,718,2652810,-0.004160887656033285
2022-11-24,720,737,718,722,3035117,0.0055710306406684396
2022-11-25,720,720,701,710,2014244,-0.0166204986149584
2022-11-28,710,717,701,710,1449596,0.0
2022-11-29,711,718,702,705,872119,-0.007042253521126751
2022-11-30,705,744,691,699,4666741,-0.008510638297872353
2022-12-01,702,707,696,706,1217658,0.010014306151645114
2022-12-02,702,710,696,701,841731,-0.007082152974504208
2022-12-05,700,709,697,706,543045,0.007132667617689048
2022-12-06,706,707,695,696,693999,-0.014164305949008527
2022-12-07,695,707,681,697,1108627,0.001436781609195359
2022-12-08,692,703,677,678,855189,-0.027259684361549463
2022-12-09,678,690,678,686,577392,0.01179941002949847
2022-12-12,675,692,674,686,397484,0.0
2022-12-13,677,685,668,677,1060703,-0.013119533527696792
2022-12-14,678,706,671,704,1397407,0.039881831610044216
2022-12-15,703,704,685,691,447621,-0.01846590909090906
2022-12-16,681,688,675,688,457578,-0.00434153400868309
2022-12-19,683,715,679,708,2032622,0.029069767441860517
2022-12-20,708,773,703,715,9975740,0.009887005649717562
2022-12-21,716,730,711,720,962265,0.006993006993007089
2022-12-22,734,756,711,728,2327436,0.011111111111111072
2022-12-23,719,737,709,729,846197,0.0013736263736263687
2022-12-26,719,725,678,687,1895640,-0.057613168724279795
2022-12-27,701,703,687,701,618846,0.020378457059679667
2022-12-28,696,701,678,679,451727,-0.031383737517831634
2022-12-29,679,679,642,643,1077750,-0.05301914580265099
2023-01-02,644,655,613,625,756972,-0.027993779160186638
2023-01-03,630,631,600,612,1218824,-0.02080000000000004
2023-01-04,605,624,593,621,506575,0.014705882352941124
2023-01-05,623,632,616,621,528229,0.0
2023-01-06,620,640,610,616,954738,-0.008051529790660261
2023-01-09,624,630,619,624,285555,0.01298701298701288
2023-01-10,630,630,616,622,321280,-0.0032051282051281937
2023-01-11,622,631,622,630,399551,0.012861736334405238
2023-01-12,630,660,625,644,851701,0.022222222222222143
2023-01-13,653,653,634,635,453255,-0.013975155279503104
2023-01-16,649,649,630,635,386904,0.0
2023-01-17,631,635,623,626,422106,-0.014173228346456734
2023-01-18,626,629,616,617,488829,-0.014376996805111841
2023-01-19,615,620,610,615,240149,-0.0032414910858995505
2023-01-20,615,622,610,622,207932,0.011382113821138296
2023-01-25,625,627,620,624,314698,0.003215434083601254
2023-01-26,624,631,621,625,294942,0.0016025641025640969
2023-01-27,625,633,623,623,216403,-0.0031999999999999806
2023-01-30,622,646,620,643,772499,0.0321027287319422
2023-01-31,650,670,619,631,2588212,-0.018662519440124425
2023-02-01,626,639,621,630,458851,-0.0015847860538826808
2023-02-02,630,658,622,636,1046677,0.00952380952380949
2023-02-03,643,644,629,631,375848,-0.00786163522012584
2023-02-06,638,638,623,624,463631,-0.011093502377179099
2023-02-07,624,626,618,621,309529,-0.004807692307692291
2023-02-08,621,625,617,621,215049,0.0
2023-02-09,621,628,620,628,304499,0.011272141706924366
2023-02-10,629,629,617,620,334876,-0.01273885350318471
2023-02-13,615,620,604,609,488693,-0.01774193548387093
2023-02-14,609,615,605,608,277838,-0.0016420361247947435
2023-02-15,615,618,601,606,532338,-0.003289473684210509
2023-02-16,608,614,570,592,1200845,-0.02310231023102305
2023-02-17,597,597,570,593,690325,0.0016891891891892552
2023-02-20,603,603,577,582,605151,-0.018549747048903886
2023-02-21,585,585,550,563,2256646,-0.03264604810996563
2023-02-22,563,563,542,545,1003246,-0.03197158081705154
2023-02-23,545,553,541,553,265458,0.014678899082568808
2023-02-24,559,559,540,543,460557,-0.018083182640144635
2023-02-27,541,542,522,534,622876,-0.016574585635359074
2023-02-28,532,542,530,531,492834,-0.005617977528089901
2023-03-02,531,560,510,516,1599621,-0.02824858757062143
2023-03-03,522,641,499,505,29404417,-0.02131782945736438
2023-03-06,514,514,465,490,4120760,-0.02970297029702973
2023-03-07,490,504,480,491,1553497,0.0020408163265306367
2023-03-08,481,500,480,496,1152851,0.010183299389002087
2023-03-09,500,500,473,476,1553841,-0.040322580645161255
2023-03-10,476,477,463,471,769273,-0.010504201680672232
2023-03-13,465,473,452,472,927413,0.002123142250530785
2023-03-14,485,490,451,457,838835,-0.03177966101694918
2023-03-15,452,475,452,472,697379,0.03282275711159732
2023-03-16,474,476,454,469,571510,-0.006355932203389814
2023-03-17,469,481,466,476,650679,0.014925373134328401
2023-03-20,476,485,467,468,865749,-0.01680672268907568
2023-03-21,469,478,444,452,5372569,-0.03418803418803418
2023-03-22,459,459,422,435,6107696,-0.03761061946902655
2023-03-23,435,436,407,414,3984171,-0.0482758620689655
2023-03-24,469,525,451,484,32450652,0.16908212560386482
2023-03-27,494,505,466,478,3297457,-0.012396694214875992
2023-03-28,474,489,468,485,1825410,0.014644351464435212
2023-03-29,485,493,476,487,1677408,0.004123711340206171
2023-03-30,482,519,481,509,4157229,0.045174537987679564
2023-03-31,513,518,492,496,1913630,-0.025540275049115935
2023-04-03,496,496,481,489,1223580,-0.014112903225806495
2023-04-04,490,504,485,495,2094043,0.012269938650306678
2023-04-05,499,506,493,505,2482585,0.02020202020202011
2023-04-06,510,525,480,494,2117708,-0.0217821782178218
2023-04-07,494,503,491,495,1229076,0.002024291497975783
2023-04-10,500,501,475,486,1429395,-0.018181818181818188
2023-04-11,486,492,472,486,1251895,0.0
2023-04-12,0,0,0,486,0,0.0
2023-04-13,0,0,0,486,0,0.0
2023-04-14,0,0,0,486,0,0.0
2023-04-17,0,0,0,486,0,0.0
2023-04-18,0,0,0,486,0,0.0
2023-04-19,0,0,0,486,0,0.0
2023-04-20,0,0,0,486,0,0.0
2023-04-21,0,0,0,486,0,0.0
2023-04-24,0,0,0,486,0,0.0
2023-04-25,0,0,0,486,0,0.0
2023-04-26,0,0,0,486,0,0.0
2023-04-27,0,0,0,486,0,0.0
2023-04-28,0,0,0,486,0,0.0
2023-05-02,0,0,0,486,0,0.0
2023-05-03,0,0,0,486,0,0.0
2023-05-04,0,0,0,486,0,0.0
2023-05-08,0,0,0,486,0,0.0
2023-05-09,0,0,0,486,0,0.0
2023-05-10,0,0,0,486,0,0.0
2023-05-11,0,0,0,486,0,0.0
2023-05-12,0,0,0,486,0,0.0
2023-05-15,0,0,0,486,0,0.0
2023-05-16,0,0,0,486,0,0.0
2023-05-17,0,0,0,486,0,0.0
2023-05-18,0,0,0,486,0,0.0
2023-05-19,0,0,0,486,0,0.0
2023-05-22,0,0,0,486,0,0.0
2023-05-23,0,0,0,486,0,0.0
2023-05-24,0,0,0,486,0,0.0
2023-05-25,0,0,0,486,0,0.0
2023-05-26,0,0,0,486,0,0.0
2023-05-30,0,0,0,486,0,0.0
2023-05-31,0,0,0,486,0,0.0
2023-06-01,0,0,0,486,0,0.0
2023-06-02,0,0,0,486,0,0.0
2023-06-05,0,0,0,486,0,0.0
2023-06-07,0,0,0,486,0,0.0
2023-06-08,0,0,0,486,0,0.0
2023-06-09,0,0,0,486,0,0.0
2023-06-12,0,0,0,486,0,0.0
2023-06-13,0,0,0,486,0,0.0
2023-06-14,0,0,0,486,0,0.0
2023-06-15,0,0,0,486,0,0.0
2023-06-16,0,0,0,486,0,0.0
2023-06-19,0,0,0,486,0,0.0
2023-06-20,0,0,0,486,0,0.0
2023-06-21,0,0,0,486,0,0.0
2023-06-22,0,0,0,486,0,0.0
2023-06-23,0,0,0,486,0,0.0
2023-06-26,0,0,0,486,0,0.0
2023-06-27,0,0,0,486,0,0.0
2023-06-28,0,0,0,486,0,0.0
2023-06-29,0,0,0,486,0,0.0
2023-06-30,0,0,0,486,0,0.0
2023-07-03,0,0,0,486,0,0.0
2023-07-04,0,0,0,486,0,0.0
2023-07-05,0,0,0,486,0,0.0
2023-07-06,0,0,0,486,0,0.0
2023-07-07,0,0,0,486,0,0.0
2023-07-10,0,0,0,486,0,0.0
2023-07-11,0,0,0,486,0,0.0
2023-07-12,0,0,0,486,0,0.0
2023-07-13,0,0,0,486,0,0.0
2023-07-14,0,0,0,486,0,0.0
2023-07-17,0,0,0,486,0,0.0
2023-07-18,0,0,0,486,0,0.0
2023-07-19,0,0,0,486,0,0.0
2023-07-20,0,0,0,486,0,0.0
2023-07-21,0,0,0,486,0,0.0
2023-07-24,0,0,0,486,0,0.0
2023-07-25,0,0,0,486,0,0.0
2023-07-26,0,0,0,486,0,0.0
2023-07-27,0,0,0,486,0,0.0
2023-07-28,0,0,0,486,0,0.0
2023-07-31,0,0,0,486,0,0.0
2023-08-01,0,0,0,486,0,0.0
2023-08-02,0,0,0,486,0,0.0
2023-08-03,0,0,0,486,0,0.0
2023-08-04,0,0,0,486,0,0.0
2023-08-07,0,0,0,486,0,0.0
2023-08-08,0,0,0,486,0,0.0
2023-08-09,0,0,0,486,0,0.0
2023-08-10,0,0,0,486,0,0.0
2023-08-11,0,0,0,486,0,0.0
2023-08-14,0,0,0,486,0,0.0
2023-08-16,0,0,0,486,0,0.0
2023-08-17,0,0,0,486,0,0.0
2023-08-18,0,0,0,486,0,0.0
2023-08-21,0,0,0,486,0,0.0
2023-08-22,0,0,0,486,0,0.0
2023-08-23,0,0,0,486,0,0.0
2023-08-24,0,0,0,486,0,0.0
2023-08-25,0,0,0,486,0,0.0
2023-08-28,0,0,0,486,0,0.0
2023-08-29,0,0,0,486,0,0.0
2023-08-30,0,0,0,486,0,0.0
2023-08-31,0,0,0,486,0,0.0
2023-09-01,0,0,0,486,0,0.0
2023-09-04,0,0,0,486,0,0.0
2023-09-05,0,0,0,486,0,0.0
2023-09-06,0,0,0,486,0,0.0
2023-09-07,0,0,0,486,0,0.0
2023-09-08,0,0,0,486,0,0.0
2023-09-11,0,0,0,486,0,0.0
2023-09-12,0,0,0,486,0,0.0
2023-09-13,0,0,0,486,0,0.0
2023-09-14,0,0,0,486,0,0.0
2023-09-15,0,0,0,486,0,0.0
2023-09-18,0,0,0,486,0,0.0
2023-09-19,0,0,0,486,0,0.0
2023-09-20,0,0,0,486,0,0.0
2023-09-21,0,0,0,486,0,0.0
2023-09-22,0,0,0,486,0,0.0
2023-09-25,0,0,0,486,0,0.0
2023-09-26,0,0,0,486,0,0.0
2023-09-27,0,0,0,486,0,0.0
2023-10-04,0,0,0,486,0,0.0
2023-10-05,0,0,0,486,0,0.0
2023-10-06,0,0,0,486,0,0.0
2023-10-10,0,0,0,486,0,0.0
2023-10-11,0,0,0,486,0,0.0
2023-10-12,0,0,0,486,0,0.0
2023-10-13,0,0,0,486,0,0.0
2023-10-16,0,0,0,486,0,0.0
2023-10-17,0,0,0,486,0,0.0
2023-10-18,0,0,0,486,0,0.0
2023-10-19,0,0,0,486,0,0.0
2023-10-20,0,0,0,486,0,0.0
2023-10-23,0,0,0,486,0,0.0
2023-10-24,0,0,0,486,0,0.0
2023-10-25,0,0,0,486,0,0.0
2023-10-26,0,0,0,486,0,0.0
2023-10-27,0,0,0,486,0,0.0
2023-10-30,0,0,0,486,0,0.0
2023-10-31,0,0,0,486,0,0.0
2023-11-01,0,0,0,486,0,0.0
2023-11-02,0,0,0,486,0,0.0
2023-11-03,0,0,0,486,0,0.0
2023-11-06,0,0,0,486,0,0.0
2023-11-07,0,0,0,486,0,0.0
2023-11-08,0,0,0,486,0,0.0
2023-11-09,0,0,0,486,0,0.0
2023-11-10,0,0,0,486,0,0.0
2023-11-13,0,0,0,486,0,0.0
2023-11-14,0,0,0,486,0,0.0
2023-11-15,0,0,0,486,0,0.0
2023-11-16,0,0,0,486,0,0.0
2023-11-17,0,0,0,486,0,0.0
2023-11-20,0,0,0,486,0,0.0
2023-11-21,0,0,0,486,0,0.0
2023-11-22,0,0,0,486,0,0.0
2023-11-23,0,0,0,486,0,0.0
2023-11-24,0,0,0,486,0,0.0
2023-11-27,0,0,0,486,0,0.0
2023-11-28,0,0,0,486,0,0.0
2023-11-29,0,0,0,486,0,0.0
2023-11-30,0,0,0,486,0,0.0
2023-12-01,0,0,0,486,0,0.0
2023-12-04,0,0,0,486,0,0.0
2023-12-05,0,0,0,486,0,0.0
2023-12-06,0,0,0,486,0,0.0
2023-12-07,0,0,0,486,0,0.0
2023-12-08,0,0,0,486,0,0.0
2023-12-11,0,0,0,486,0,0.0
2023-12-12,0,0,0,486,0,0.0
2023-12-13,0,0,0,486,0,0.0
2023-12-14,0,0,0,486,0,0.0
2023-12-15,0,0,0,486,0,0.0
2023-12-18,0,0,0,486,0,0.0
2023-12-19,0,0,0,486,0,0.0
2023-12-20,0,0,0,486,0,0.0
2023-12-21,0,0,0,486,0,0.0
2023-12-22,0,0,0,486,0,0.0
2023-12-26,0,0,0,486,0,0.0
2023-12-27,0,0,0,486,0,0.0
2023-12-28,0,0,0,486,0,0.0
2024-01-02,0,0,0,486,0,0.0
2024-01-03,0,0,0,486,0,0.0
2024-01-04,0,0,0,486,0,0.0
2024-01-05,0,0,0,486,0,0.0
2024-01-08,0,0,0,486,0,0.0
2024-01-09,0,0,0,486,0,0.0
2024-01-10,0,0,0,486,0,0.0
2024-01-11,0,0,0,486,0,0.0
2024-01-12,0,0,0,486,0,0.0
2024-01-15,0,0,0,486,0,0.0
2024-01-16,0,0,0,486,0,0.0
2024-01-17,0,0,0,486,0,0.0
2024-01-18,0,0,0,486,0,0.0
2024-01-19,0,0,0,486,0,0.0
2024-01-22,0,0,0,486,0,0.0
2024-01-23,0,0,0,486,0,0.0
2024-01-24,0,0,0,486,0,0.0
2024-01-25,0,0,0,486,0,0.0
2024-01-26,0,0,0,486,0,0.0
2024-01-29,0,0,0,486,0,0.0
2024-01-30,0,0,0,486,0,0.0
2024-01-31,0,0,0,486,0,0.0
2024-02-01,0,0,0,486,0,0.0
2024-02-02,0,0,0,486,0,0.0
2024-02-05,0,0,0,486,0,0.0
2024-02-06,0,0,0,486,0,0.0
2024-02-07,0,0,0,486,0,0.0
2024-02-08,0,0,0,486,0,0.0
2024-02-13,0,0,0,486,0,0.0
2024-02-14,0,0,0,486,0,0.0
2024-02-15,0,0,0,486,0,0.0
2024-02-16,0,0,0,486,0,0.0
2024-02-19,0,0,0,486,0,0.0
2024-02-20,0,0,0,486,0,0.0
2024-02-21,0,0,0,486,0,0.0
2024-02-22,0,0,0,486,0,0.0
2024-02-23,0,0,0,486,0,0.0
2024-02-26,0,0,0,486,0,0.0
2024-02-27,0,0,0,486,0,0.0
2024-02-28,0,0,0,486,0,0.0
2024-02-29,0,0,0,486,0,0.0
2024-03-04,0,0,0,486,0,0.0
2024-03-05,0,0,0,486,0,0.0
2024-03-06,0,0,0,486,0,0.0
2024-03-07,0,0,0,486,0,0.0
2024-03-08,0,0,0,486,0,0.0
2024-03-11,0,0,0,486,0,0.0
2024-03-12,0,0,0,486,0,0.0
2024-03-13,0,0,0,486,0,0.0
2024-03-14,0,0,0,486,0,0.0
2024-03-15,0,0,0,486,0,0.0
2024-03-18,0,0,0,486,0,0.0
2024-03-19,0,0,0,486,0,0.0
2024-03-20,0,0,0,486,0,0.0
2024-03-21,0,0,0,486,0,0.0
2024-03-22,0,0,0,486,0,0.0
2024-03-25,0,0,0,486,0,0.0
2024-03-26,0,0,0,486,0,0.0
2024-03-27,0,0,0,486,0,0.0
2024-03-28,0,0,0,486,0,0.0
2024-03-29,0,0,0,486,0,0.0
2024-04-01,0,0,0,486,0,0.0
2024-04-02,0,0,0,486,0,0.0
2024-04-03,0,0,0,486,0,0.0
2024-04-04,0,0,0,486,0,0.0
2024-04-05,0,0,0,486,0,0.0
2024-04-08,0,0,0,486,0,0.0
2024-04-09,0,0,0,486,0,0.0
2024-04-11,0,0,0,486,0,0.0
2024-04-12,0,0,0,486,0,0.0
2024-04-15,0,0,0,486,0,0.0
2024-04-16,0,0,0,486,0,0.0
2024-04-17,0,0,0,486,0,0.0
2024-04-18,0,0,0,486,0,0.0
2024-04-19,0,0,0,486,0,0.0
2024-04-22,0,0,0,486,0,0.0
2024-04-23,0,0,0,486,0,0.0
2024-04-24,0,0,0,486,0,0.0
2024-04-25,0,0,0,486,0,0.0
2024-04-26,0,0,0,486,0,0.0
2024-04-29,0,0,0,486,0,0.0
2024-04-30,0,0,0,486,0,0.0
2024-05-02,0,0,0,486,0,0.0
2024-05-03,0,0,0,486,0,0.0
2024-05-07,0,0,0,486,0,0.0
2024-05-08,0,0,0,486,0,0.0
2024-05-09,0,0,0,486,0,0.0
2024-05-10,0,0,0,486,0,0.0
2024-05-13,0,0,0,486,0,0.0
2024-05-14,0,0,0,486,0,0.0
2024-05-16,0,0,0,486,0,0.0
2024-05-17,0,0,0,486,0,0.0
2024-05-20,0,0,0,486,0,0.0
2024-05-21,0,0,0,486,0,0.0
2024-05-22,0,0,0,486,0,0.0
2024-05-23,0,0,0,486,0,0.0
2024-05-24,0,0,0,486,0,0.0
2024-05-27,0,0,0,486,0,0.0
2024-05-28,0,0,0,486,0,0.0
2024-05-29,0,0,0,486,0,0.0
2024-05-30,0,0,0,486,0,0.0
2024-05-31,0,0,0,486,0,0.0
2024-06-03,0,0,0,486,0,0.0
2024-06-04,0,0,0,486,0,0.0
2024-06-05,0,0,0,486,0,0.0
2024-06-07,0,0,0,486,0,0.0
2024-06-10,0,0,0,486,0,0.0
2024-06-11,0,0,0,486,0,0.0
2024-06-12,0,0,0,486,0,0.0
2024-06-13,0,0,0,486,0,0.0
2024-06-14,0,0,0,486,0,0.0
2024-06-17,0,0,0,486,0,0.0
2024-06-18,0,0,0,486,0,0.0
2024-06-19,0,0,0,486,0,0.0
2024-06-20,0,0,0,486,0,0.0
2024-06-21,0,0,0,486,0,0.0
2024-06-24,0,0,0,486,0,0.0
2024-06-25,0,0,0,486,0,0.0
2024-06-26,0,0,0,486,0,0.0
2024-06-27,0,0,0,486,0,0.0
2024-06-28,0,0,0,486,0,0.0
2024-07-01,0,0,0,486,0,0.0
2024-07-02,0,0,0,486,0,0.0
2024-07-03,0,0,0,486,0,0.0
2024-07-04,0,0,0,486,0,0.0
2024-07-05,0,0,0,486,0,0.0
2024-07-08,0,0,0,486,0,0.0
2024-07-09,0,0,0,486,0,0.0
2024-07-10,0,0,0,486,0,0.0
2024-07-11,0,0,0,486,0,0.0
2024-07-12,0,0,0,486,0,0.0
2024-07-15,0,0,0,486,0,0.0
2024-07-16,0,0,0,486,0,0.0
2024-07-17,0,0,0,486,0,0.0
2024-07-18,0,0,0,486,0,0.0
2024-07-19,0,0,0,486,0,0.0
2024-07-22,0,0,0,486,0,0.0
2024-07-23,0,0,0,486,0,0.0
2024-07-24,0,0,0,486,0,0.0
2024-07-25,0,0,0,486,0,0.0
2024-07-26,0,0,0,486,0,0.0
2024-07-29,0,0,0,486,0,0.0
2024-07-30,0,0,0,486,0,0.0
2024-07-31,0,0,0,486,0,0.0
2024-08-01,0,0,0,486,0,0.0
2024-08-02,0,0,0,486,0,0.0
2024-08-05,0,0,0,486,0,0.0
2024-08-06,0,0,0,486,0,0.0
2024-08-07,0,0,0,486,0,0.0
2024-08-08,0,0,0,486,0,0.0
2024-08-09,0,0,0,486,0,0.0
2024-08-12,0,0,0,486,0,0.0
2024-08-13,0,0,0,486,0,0.0
2024-08-14,0,0,0,486,0,0.0
2024-08-16,0,0,0,486,0,0.0
2024-08-19,0,0,0,486,0,0.0
2024-08-20,0,0,0,486,0,0.0
2024-08-21,0,0,0,486,0,0.0
2024-08-22,0,0,0,486,0,0.0
2024-08-23,0,0,0,486,0,0.0
2024-08-26,0,0,0,486,0,0.0
2024-08-27,0,0,0,486,0,0.0
2024-08-28,0,0,0,486,0,0.0
2024-08-29,0,0,0,486,0,0.0
2024-08-30,0,0,0,486,0,0.0
2024-09-02,0,0,0,486,0,0.0
2024-09-03,0,0,0,486,0,0.0
2024-09-04,0,0,0,486,0,0.0
2024-09-05,0,0,0,486,0,0.0
2024-09-06,0,0,0,486,0,0.0
2024-09-09,0,0,0,486,0,0.0
2024-09-10,0,0,0,486,0,0.0
2024-09-11,0,0,0,486,0,0.0
2024-09-12,0,0,0,486,0,0.0
2024-09-13,0,0,0,486,0,0.0
2024-09-19,0,0,0,486,0,0.0
2024-09-20,0,0,0,486,0,0.0
2024-09-23,0,0,0,486,0,0.0
2024-09-24,0,0,0,486,0,0.0
2024-09-25,0,0,0,486,0,0.0
2024-09-26,0,0,0,486,0,0.0
2024-09-27,0,0,0,486,0,0.0
2024-09-30,0,0,0,486,0,0.0
2024-10-02,0,0,0,486,0,0.0
2024-10-04,0,0,0,486,0,0.0
2024-10-07,0,0,0,486,0,0.0
2024-10-08,0,0,0,486,0,0.0
2024-10-10,0,0,0,486,0,0.0
2024-10-11,0,0,0,486,0,0.0
2024-10-14,0,0,0,486,0,0.0
2024-10-15,0,0,0,486,0,0.0
2024-10-16,0,0,0,486,0,0.0
2024-10-17,0,0,0,486,0,0.0
2024-10-18,0,0,0,486,0,0.0
2024-10-21,0,0,0,486,0,0.0
2024-10-22,0,0,0,486,0,0.0
2024-10-23,0,0,0,486,0,0.0
2024-10-24,0,0,0,486,0,0.0
2024-10-25,0,0,0,486,0,0.0
2024-10-28,0,0,0,486,0,0.0
2024-10-29,0,0,0,486,0,0.0
2024-10-30,0,0,0,486,0,0.0
2024-10-31,0,0,0,486,0,0.0
2024-11-01,0,0,0,486,0,0.0
2024-11-04,0,0,0,486,0,0.0
2024-11-05,0,0,0,486,0,0.0
2024-11-06,0,0,0,486,0,0.0
2024-11-07,0,0,0,486,0,0.0
2024-11-08,0,0,0,486,0,0.0
2024-11-11,0,0,0,486,0,0.0
2024-11-12,0,0,0,486,0,0.0
2024-11-13,0,0,0,486,0,0.0
2024-11-14,0,0,0,486,0,0.0
2024-11-15,0,0,0,486,0,0.0
2024-11-18,0,0,0,486,0,0.0
2024-11-19,0,0,0,486,0,0.0
2024-11-20,0,0,0,486,0,0.0
2024-11-21,0,0,0,486,0,0.0
2024-11-22,0,0,0,486,0,0.0
2024-11-25,0,0,0,486,0,0.0
2024-11-26,0,0,0,486,0,0.0
2024-11-27,0,0,0,486,0,0.0
2024-11-28,0,0,0,486,0,0.0
2024-11-29,0,0,0,486,0,0.0
2024-12-02,0,0,0,486,0,0.0
2024-12-03,0,0,0,486,0,0.0
2024-12-04,0,0,0,486,0,0.0
2024-12-05,0,0,0,486,0,0.0
2024-12-06,0,0,0,486,0,0.0
2024-12-09,0,0,0,486,0,0.0
2024-12-10,0,0,0,486,0,0.0
2024-12-11,0,0,0,486,0,0.0
2024-12-12,0,0,0,486,0,0.0
2024-12-13,0,0,0,486,0,0.0
2024-12-16,0,0,0,486,0,0.0
2024-12-17,0,0,0,486,0,0.0
2024-12-18,0,0,0,486,0,0.0
2024-12-19,0,0,0,486,0,0.0
2024-12-20,0,0,0,486,0,0.0
2024-12-23,0,0,0,486,0,0.0
2024-12-24,0,0,0,486,0,0.0
2024-12-26,0,0,0,486,0,0.0
2024-12-27,0,0,0,486,0,0.0
2024-12-30,0,0,0,486,0,0.0
2025-01-02,0,0,0,486,0,0.0
2025-01-03,0,0,0,486,0,0.0
2025-01-06,0,0,0,486,0,0.0
2025-01-07,0,0,0,486,0,0.0
2025-01-08,0,0,0,486,0,0.0
2025-01-09,0,0,0,486,0,0.0
2025-01-10,0,0,0,486,0,0.0
2025-01-13,0,0,0,486,0,0.0
2025-01-14,0,0,0,486,0,0.0
2025-01-15,0,0,0,486,0,0.0
2025-01-16,0,0,0,486,0,0.0
2025-01-17,0,0,0,486,0,0.0
2025-01-20,0,0,0,486,0,0.0
2025-01-21,0,0,0,486,0,0.0
2025-01-22,0,0,0,486,0,0.0
2025-01-23,0,0,0,486,0,0.0
2025-01-24,0,0,0,486,0,0.0
2025-01-31,0,0,0,486,0,0.0
2025-02-03,0,0,0,486,0,0.0
2025-02-04,0,0,0,486,0,0.0
2025-02-05,0,0,0,486,0,0.0
2025-02-06,0,0,0,486,0,0.0
2025-02-07,0,0,0,486,0,0.0
2025-02-10,0,0,0,486,0,0.0
2025-02-11,0,0,0,486,0,0.0
2025-02-12,0,0,0,486,0,0.0
2025-02-13,0,0,0,486,0,0.0
2025-02-14,0,0,0,486,0,0.0
2025-02-17,0,0,0,486,0,0.0
2025-02-18,0,0,0,486,0,0.0
2025-02-19,0,0,0,486,0,0.0
2025-02-20,0,0,0,486,0,0.0
2025-02-21,0,0,0,486,0,0.0
2025-02-24,0,0,0,486,0,0.0
2025-02-25,0,0,0,486,0,0.0
2025-02-26,0,0,0,486,0,0.0
2025-02-27,486,486,486,486,0,0.0
2025-02-28,486,486,486,486,0,0.0
2025-03-04,486,486,486,486,0,0.0
2025-03-05,486,486,486,486,0,0.0
2025-03-06,486,486,486,486,0,0.0
2025-03-07,0,0,0,486,0,0.0
2025-03-10,0,0,0,486,0,0.0
2025-03-11,0,0,0,486,0,0.0
2025-03-12,0,0,0,486,0,0.0
2025-03-13,0,0,0,486,0,0.0
2025-03-14,0,0,0,486,0,0.0
2025-03-17,0,0,0,486,0,0.0
2025-03-18,0,0,0,486,0,0.0
2025-03-19,0,0,0,486,0,0.0
2025-03-20,0,0,0,486,0,0.0
2025-03-21,0,0,0,486,0,0.0
2025-03-24,0,0,0,486,0,0.0
2025-03-25,0,0,0,486,0,0.0
2025-03-26,0,0,0,486,0,0.0
2025-03-27,0,0,0,486,0,0.0
2025-03-28,0,0,0,486,0,0.0
2025-03-31,0,0,0,486,0,0.0
2025-04-01,0,0,0,486,0,0.0
2025-04-02,0,0,0,486,0,0.0
2025-04-03,0,0,0,486,0,0.0
2025-04-04,0,0,0,486,0,0.0
2025-04-07,0,0,0,486,0,0.0
2025-04-08,0,0,0,486,0,0.0
2025-04-09,0,0,0,486,0,0.0
2025-04-10,0,0,0,486,0,0.0
2025-04-11,0,0,0,486,0,0.0
2025-04-14,0,0,0,486,0,0.0
2025-04-15,0,0,0,486,0,0.0
2025-04-16,0,0,0,486,0,0.0
2025-04-17,0,0,0,486,0,0.0
2025-04-18,0,0,0,486,0,0.0
2025-04-21,0,0,0,486,0,0.0
2025-04-22,0,0,0,486,0,0.0
2025-04-23,0,0,0,486,0,0.0
2025-04-24,0,0,0,486,0,0.0
2025-04-25,0,0,0,486,0,0.0
2025-04-28,0,0,0,486,0,0.0
2025-04-29,0,0,0,486,0,0.0
2025-04-30,0,0,0,486,0,0.0
2025-05-02,0,0,0,486,0,0.0
2025-05-07,0,0,0,486,0,0.0
2025-05-08,0,0,0,486,0,0.0
2025-05-09,0,0,0,486,0,0.0
2025-05-12,0,0,0,486,0,0.0
2025-05-13,0,0,0,486,0,0.0
2025-05-14,0,0,0,486,0,0.0
2025-05-15,0,0,0,486,0,0.0
2025-05-16,0,0,0,486,0,0.0
2025-05-19,0,0,0,486,0,0.0
2025-05-20,0,0,0,486,0,0.0
2025-05-21,0,0,0,486,0,0.0
2025-05-22,0,0,0,486,0,0.0
2025-05-23,0,0,0,486,0,0.0
2025-05-26,0,0,0,486,0,0.0
2025-05-27,0,0,0,486,0,0.0
2025-05-28,0,0,0,486,0,0.0
2025-05-29,0,0,0,486,0,0.0
2025-05-30,0,0,0,486,0,0.0
2025-06-02,0,0,0,486,0,0.0
2025-06-04,0,0,0,486,0,0.0
2025-06-05,0,0,0,486,0,0.0
2025-06-09,0,0,0,486,0,0.0
2025-06-10,0,0,0,486,0,0.0
2025-06-11,0,0,0,486,0,0.0
2025-06-12,0,0,0,486,0,0.0
2025-06-13,0,0,0,486,0,0.0
2025-06-16,0,0,0,486,0,0.0
2025-06-17,0,0,0,486,0,0.0
2025-06-18,0,0,0,486,0,0.0
2025-06-19,0,0,0,486,0,0.0
2025-06-20,0,0,0,486,0,0.0
2025-06-23,0,0,0,486,0,0.0
2025-06-24,0,0,0,486,0,0.0
2025-06-25,0,0,0,486,0,0.0
2025-06-26,0,0,0,486,0,0.0
2025-06-27,0,0,0,486,0,0.0
2025-06-30,0,0,0,486,0,0.0
2025-07-01,0,0,0,486,0,0.0
2025-07-02,0,0,0,486,0,0.0
2025-07-03,0,0,0,486,0,0.0
2025-07-04,0,0,0,486,0,0.0
2025-07-07,0,0,0,486,0,0.0
2025-07-08,0,0,0,486,0,0.0
2025-07-09,0,0,0,486,0,0.0
2025-07-10,0,0,0,486,0,0.0
2025-07-11,0,0,0,486,0,0.0
2025-07-14,0,0,0,486,0,0.0
2025-07-15,0,0,0,486,0,0.0
2025-07-16,0,0,0,486,0,0.0
