Date,Open,High,Low,Close,Volume,Change
2022-01-03,8710,8750,8630,8730,186402,0.0022962112514350874
2022-01-04,8710,8800,8710,8760,138821,0.0034364261168384758
2022-01-05,8790,8950,8710,8710,228996,-0.005707762557077611
2022-01-06,8640,8800,8560,8560,190469,-0.01722158438576349
2022-01-07,8580,9020,8580,8810,804938,0.029205607476635587
2022-01-10,8780,8780,8600,8650,155465,-0.018161180476730987
2022-01-11,8600,8680,8370,8420,207118,-0.026589595375722586
2022-01-12,8360,8560,8360,8540,114725,0.014251781472684133
2022-01-13,8550,8760,8550,8590,163716,0.005854800936768045
2022-01-14,8590,8660,8500,8610,104813,0.002328288707799775
2022-01-17,8610,8610,8310,8370,167105,-0.027874564459930307
2022-01-18,8420,8480,8150,8170,104842,-0.02389486260453999
2022-01-19,8030,8250,7950,8010,126114,-0.019583843329253336
2022-01-20,8010,8180,8010,8160,83408,0.01872659176029967
2022-01-21,8100,8180,7960,7970,125406,-0.023284313725490224
2022-01-24,7950,7960,7580,7600,165434,-0.046424090338770374
2022-01-25,7540,7660,7120,7170,228789,-0.05657894736842106
2022-01-26,7050,7260,7050,7160,154963,-0.001394700139469962
2022-01-27,7180,7350,6720,6870,312854,-0.04050279329608941
2022-01-28,6870,7140,6520,7140,139218,0.0393013100436681
2022-02-03,7250,8930,7200,7800,3967918,0.09243697478991586
2022-02-04,7800,7870,7680,7820,313622,0.002564102564102555
2022-02-07,7930,7940,7610,7630,238850,-0.024296675191815886
2022-02-08,7640,7740,7560,7560,163405,-0.00917431192660545
2022-02-09,7630,7690,7580,7650,106733,0.011904761904761862
2022-02-10,7730,7750,7440,7500,158147,-0.019607843137254943
2022-02-11,7420,7490,7300,7310,106720,-0.02533333333333332
2022-02-14,7210,7250,7020,7020,126749,-0.03967168262653897
2022-02-15,6990,7150,6860,6900,166383,-0.017094017094017144
2022-02-16,7040,7210,7040,7210,87149,0.04492753623188417
2022-02-17,7250,7410,7060,7180,123333,-0.004160887656033285
2022-02-18,7080,7300,7070,7270,48053,0.012534818941504211
2022-02-21,7110,7350,7110,7310,71315,0.005502063273727709
2022-02-22,7130,7250,7110,7130,67607,-0.024623803009575895
2022-02-23,7140,7240,7140,7200,28657,0.009817671809256634
2022-02-24,7200,7200,6820,6880,126811,-0.0444444444444444
2022-02-25,7030,7050,6900,7000,86672,0.01744186046511631
2022-02-28,7100,7320,7100,7170,121332,0.024285714285714244
2022-03-02,7170,7310,7160,7310,81513,0.019525801952580135
2022-03-03,7390,7550,7330,7470,158251,0.02188782489740082
2022-03-04,7380,7510,7370,7500,76091,0.004016064257028162
2022-03-07,7490,7490,7260,7290,68928,-0.028000000000000025
2022-03-08,7220,7290,7130,7130,61473,-0.021947873799725626
2022-03-10,7260,7330,7120,7140,117009,0.0014025245441795509
2022-03-11,7190,7210,7080,7120,62137,-0.0028011204481792618
2022-03-14,7090,7110,6900,6950,138789,-0.023876404494381998
2022-03-15,6970,7010,6860,6890,73157,-0.008633093525179825
2022-03-16,6990,7060,6900,7050,60564,0.023222060957909907
2022-03-17,7100,7200,7090,7120,78362,0.0099290780141843
2022-03-18,7170,7210,7120,7180,67112,0.008426966292134797
2022-03-21,7200,7280,7140,7220,65549,0.0055710306406684396
2022-03-22,7220,7260,7150,7260,71386,0.005540166204986097
2022-03-23,7330,7380,7180,7240,131344,-0.0027548209366391463
2022-03-24,7240,7240,7040,7120,133975,-0.016574585635359074
2022-03-25,7200,7480,7120,7320,273679,0.028089887640449396
2022-03-28,7340,7340,7220,7260,95476,-0.008196721311475419
2022-03-29,7270,7320,7240,7260,72050,0.0
2022-03-30,7300,7800,7300,7800,532114,0.07438016528925617
2022-03-31,7630,7700,7510,7680,256134,-0.01538461538461533
2022-04-01,7670,7710,7580,7630,145380,-0.00651041666666663
2022-04-04,7630,7860,7560,7790,246925,0.02096985583224109
2022-04-05,7790,7850,7700,7730,106004,-0.007702182284980763
2022-04-06,7700,7700,7530,7650,126293,-0.010349288486416586
2022-04-07,7540,7630,7490,7500,96561,-0.019607843137254943
2022-04-08,7500,7590,7430,7520,51513,0.002666666666666595
2022-04-11,7460,7650,7390,7500,68861,-0.0026595744680850686
2022-04-12,7410,7840,7400,7700,214502,0.026666666666666616
2022-04-13,7700,7840,7670,7710,192844,0.0012987012987013546
2022-04-14,7810,7840,7650,7740,134019,0.0038910505836575737
2022-04-15,7740,7880,7720,7730,170473,-0.0012919896640827266
2022-04-18,7710,7720,7590,7600,79528,-0.01681759379042691
2022-04-19,7600,7770,7600,7690,78659,0.011842105263157876
2022-04-20,7670,7700,7580,7620,122688,-0.00910273081924573
2022-04-21,7620,7650,7510,7630,148922,0.001312335958005173
2022-04-22,7600,7600,7450,7520,86467,-0.014416775884665833
2022-04-25,7350,7390,7200,7200,149760,-0.04255319148936165
2022-04-26,7230,7410,7200,7320,101402,0.016666666666666607
2022-04-27,7170,7360,7100,7240,106142,-0.010928961748633892
2022-04-28,7350,7350,7150,7190,36542,-0.006906077348066253
2022-04-29,7190,7290,7180,7190,53386,0.0
2022-05-02,7090,7180,7090,7140,53788,-0.006954102920723182
2022-05-03,7120,7750,7120,7300,303213,0.022408963585434094
2022-05-04,7330,7340,7200,7200,59168,-0.013698630136986356
2022-05-06,7320,7530,7270,7310,196162,0.015277777777777724
2022-05-09,7210,7310,7120,7160,87416,-0.020519835841313228
2022-05-10,7000,7050,6830,7000,83608,-0.022346368715083775
2022-05-11,6950,7090,6950,7040,49024,0.005714285714285783
2022-05-12,7000,7250,6900,6940,87122,-0.014204545454545414
2022-05-13,6990,7250,6990,7160,80634,0.03170028818443793
2022-05-16,7320,7440,7230,7400,150130,0.033519553072625774
2022-05-17,7290,7440,7230,7390,87515,-0.0013513513513513375
2022-05-18,7470,7490,7260,7310,72468,-0.010825439783491153
2022-05-19,7230,7240,7130,7190,61812,-0.01641586867305067
2022-05-20,7230,7320,7220,7260,43638,0.009735744089012455
2022-05-23,7300,7570,7180,7420,202139,0.02203856749311295
2022-05-24,7430,7610,7280,7550,227153,0.017520215633423097
2022-05-25,7560,7600,7420,7440,129620,-0.014569536423841067
2022-05-26,7450,7520,7270,7270,102556,-0.022849462365591378
2022-05-27,7390,7390,7270,7270,60435,0.0
2022-05-30,7340,7400,7310,7390,49340,0.016506189821182904
2022-05-31,7420,7590,7330,7480,84957,0.012178619756427533
2022-06-02,7410,7530,7410,7460,38786,-0.002673796791443861
2022-06-03,7460,7520,7400,7430,47956,-0.004021447721179627
2022-06-07,7430,7430,7290,7310,63342,-0.016150740242261152
2022-06-08,7270,7410,7270,7400,55136,0.012311901504787892
2022-06-09,7430,7460,6900,7190,123385,-0.02837837837837842
2022-06-10,7060,7250,7060,7220,63970,0.004172461752433909
2022-06-13,7000,7160,6830,6850,121302,-0.05124653739612184
2022-06-14,6550,6770,6450,6510,123617,-0.04963503649635037
2022-06-15,6430,6530,6100,6100,163299,-0.06298003072196623
2022-06-16,6130,6280,6030,6030,75988,-0.011475409836065542
2022-06-17,5790,5980,5720,5930,90626,-0.016583747927031545
2022-06-20,5930,5950,5360,5420,134553,-0.08600337268128166
2022-06-21,5560,5590,5300,5480,77536,0.011070110701107083
2022-06-22,5480,5600,5090,5090,90220,-0.07116788321167888
2022-06-23,5050,5240,4850,4865,139789,-0.04420432220039294
2022-06-24,4830,5150,4820,5140,65235,0.056526207605344325
2022-06-27,5270,5500,5200,5470,66775,0.06420233463035019
2022-06-28,5420,5650,5400,5490,43273,0.003656307129798808
2022-06-29,5360,5530,5360,5510,33262,0.0036429872495447047
2022-06-30,5450,5660,5290,5470,54962,-0.007259528130671544
2022-07-01,5420,5540,5190,5270,53256,-0.03656307129798908
2022-07-04,5250,5350,4935,5100,48127,-0.032258064516129004
2022-07-05,5120,5330,5100,5330,38094,0.045098039215686336
2022-07-06,5270,5330,5170,5170,38211,-0.030018761726078758
2022-07-07,5210,5330,5210,5280,27484,0.02127659574468077
2022-07-08,5340,5460,5330,5390,25520,0.02083333333333326
2022-07-11,5500,5530,5330,5420,32599,0.005565862708719838
2022-07-12,5320,5370,5110,5180,36125,-0.044280442804428
2022-07-13,5120,5300,5110,5180,45056,0.0
2022-07-14,5150,5270,5110,5230,20334,0.009652509652509744
2022-07-15,5260,5270,5070,5160,45593,-0.013384321223709361
2022-07-18,5250,6280,5220,5730,3844985,0.11046511627906974
2022-07-19,5770,5830,5650,5770,300310,0.00698080279232105
2022-07-20,5890,5900,5730,5730,257887,-0.006932409012131768
2022-07-21,5800,5980,5740,5860,415985,0.022687609075043635
2022-07-22,5970,5970,5710,5830,188720,-0.005119453924914641
2022-07-25,5830,6340,5830,6060,717964,0.039451114922812947
2022-07-26,6060,6110,5950,6090,136959,0.004950495049504955
2022-07-27,6110,6150,5970,6030,105369,-0.009852216748768461
2022-07-28,6160,6160,5890,5980,123142,-0.008291873963515717
2022-07-29,6010,6090,6010,6060,75815,0.013377926421404673
2022-08-01,6180,6180,6050,6080,66088,0.0033003300330032292
2022-08-02,6120,6150,5980,6030,87521,-0.008223684210526327
2022-08-03,6070,6150,6000,6130,74306,0.016583747927031434
2022-08-04,6180,6180,6080,6130,75207,0.0
2022-08-05,6160,6290,6110,6170,64412,0.006525285481239873
2022-08-08,6090,6140,6040,6080,113960,-0.014586709886547866
2022-08-09,6050,6130,6020,6070,63272,-0.00164473684210531
2022-08-10,6030,6070,5920,5940,89962,-0.021416803953871466
2022-08-11,6000,6210,6000,6160,141440,0.03703703703703698
2022-08-12,6190,6400,6150,6290,168881,0.02110389610389607
2022-08-16,6350,6350,6160,6220,98139,-0.011128775834658211
2022-08-17,6290,6290,6000,6060,82321,-0.025723472668810254
2022-08-18,6010,6080,5960,5980,65353,-0.01320132013201325
2022-08-19,5930,6050,5930,5930,79142,-0.00836120401337792
2022-08-22,5900,5900,5710,5710,69983,-0.03709949409780777
2022-08-23,5550,5710,5540,5670,49472,-0.007005253940455369
2022-08-24,5650,5840,5650,5820,58579,0.02645502645502651
2022-08-25,5880,6010,5820,5950,46841,0.022336769759450092
2022-08-26,5950,6050,5930,5940,56440,-0.001680672268907557
2022-08-29,5790,5830,5670,5710,56611,-0.03872053872053871
2022-08-30,5720,6010,5720,5990,102749,0.049036777583187474
2022-08-31,5960,6200,5890,6160,142048,0.028380634390651194
2022-09-01,6190,6190,5900,5910,126169,-0.04058441558441561
2022-09-02,5940,6530,5940,6140,441057,0.03891708967851093
2022-09-05,6170,6290,5990,6020,156127,-0.019543973941368087
2022-09-06,6080,6400,6050,6400,259381,0.06312292358803995
2022-09-07,6400,6410,6180,6340,225632,-0.009375000000000022
2022-09-08,6380,6410,6140,6160,173532,-0.028391167192429068
2022-09-13,6230,6230,6090,6190,73152,0.004870129870129913
2022-09-14,5970,6060,5910,6040,78275,-0.024232633279482996
2022-09-15,6140,6290,6100,6140,78910,0.01655629139072845
2022-09-16,6100,6200,5940,6000,80915,-0.0228013029315961
2022-09-19,6000,6000,5710,5710,83585,-0.04833333333333334
2022-09-20,5710,5900,5710,5830,34009,0.021015761821365997
2022-09-21,5720,5850,5720,5760,39430,-0.012006861063464824
2022-09-22,5640,5730,5430,5600,96870,-0.02777777777777779
2022-09-23,5560,5670,5400,5400,59878,-0.0357142857142857
2022-09-26,5210,5300,4990,5000,117546,-0.07407407407407407
2022-09-27,4930,5050,4875,4960,86664,-0.008000000000000007
2022-09-28,4855,4995,4525,4630,82214,-0.06653225806451613
2022-09-29,4650,4800,4540,4540,79398,-0.01943844492440605
2022-09-30,4400,4550,4330,4550,90175,0.0022026431718060735
2022-10-04,4570,4725,4570,4700,49921,0.03296703296703307
2022-10-05,4760,4830,4600,4720,47651,0.004255319148936065
2022-10-06,4700,4925,4700,4805,43742,0.018008474576271194
2022-10-07,4710,4860,4705,4840,38102,0.007284079084287187
2022-10-11,4690,4745,4495,4505,57859,-0.06921487603305787
2022-10-12,4500,4535,4410,4500,32446,-0.0011098779134295356
2022-10-13,4460,4485,4080,4195,71330,-0.06777777777777783
2022-10-14,4220,4575,4220,4570,100769,0.08939213349225272
2022-10-17,4555,4620,4405,4570,26980,0.0
2022-10-18,4635,4680,4585,4670,54540,0.02188183807439814
2022-10-19,4700,4745,4630,4650,33819,-0.004282655246252709
2022-10-20,4650,4675,4450,4530,36288,-0.02580645161290318
2022-10-21,4450,4870,4410,4475,74844,-0.012141280353200834
2022-10-24,4560,4755,4560,4620,61509,0.03240223463687153
2022-10-25,4690,4705,4380,4605,40066,-0.0032467532467532756
2022-10-26,4620,4665,4500,4510,33758,-0.02062975027144409
2022-10-27,4670,4670,4540,4580,31675,0.015521064301552201
2022-10-28,4580,4690,4515,4550,34231,-0.0065502183406113135
2022-10-31,4670,4670,4515,4625,24687,0.016483516483516425
2022-11-01,4620,4740,4515,4715,26570,0.019459459459459483
2022-11-02,4700,4710,4610,4685,20210,-0.006362672322375418
2022-11-03,4605,4640,4565,4610,36524,-0.016008537886872953
2022-11-04,4610,4740,4560,4720,36154,0.02386117136659438
2022-11-07,4780,4965,4770,4880,109830,0.03389830508474567
2022-11-08,4880,4995,4880,4940,44864,0.012295081967213184
2022-11-09,4940,5110,4930,5100,113632,0.03238866396761142
2022-11-10,5240,6290,5120,5620,4984523,0.10196078431372557
2022-11-11,5730,5800,5530,5590,585204,-0.005338078291814985
2022-11-14,5630,5780,5580,5780,284615,0.03398926654740597
2022-11-15,5850,6170,5770,5980,476264,0.03460207612456756
2022-11-16,6080,6080,5760,5890,219560,-0.015050167224080258
2022-11-17,5900,6330,5680,5810,535067,-0.01358234295415961
2022-11-18,5810,5870,5690,5700,114859,-0.018932874354561147
2022-11-21,5710,5760,5540,5540,88797,-0.028070175438596467
2022-11-22,5450,5600,5400,5550,70308,0.0018050541516245744
2022-11-23,5570,5680,5550,5580,40875,0.00540540540540535
2022-11-24,5680,5740,5630,5630,53852,0.008960573476702427
2022-11-25,5630,5700,5560,5560,42798,-0.01243339253996445
2022-11-28,5570,5610,5420,5430,95960,-0.023381294964028743
2022-11-29,5420,6100,5410,5660,555995,0.0423572744014733
2022-11-30,5660,6020,5620,5910,430994,0.044169611307420586
2022-12-01,5950,5990,5830,5850,136845,-0.010152284263959421
2022-12-02,5980,6140,5940,6120,354159,0.04615384615384621
2022-12-05,6180,6200,5860,5910,211872,-0.03431372549019607
2022-12-06,5900,6880,5760,6070,4555973,0.027072758037224975
2022-12-07,6000,6030,5810,5860,335202,-0.034596375617792385
2022-12-08,5930,6270,5930,6000,513051,0.023890784982935065
2022-12-09,6020,6390,5960,6210,449391,0.03499999999999992
2022-12-12,6180,6190,5990,6000,172727,-0.033816425120772986
2022-12-13,6050,6100,5860,5970,124764,-0.0050000000000000044
2022-12-14,5980,6090,5900,6040,123593,0.011725293132328396
2022-12-15,6060,6090,5970,5970,92282,-0.011589403973509937
2022-12-16,5820,5960,5770,5850,92825,-0.02010050251256279
2022-12-19,5750,5810,5690,5700,78673,-0.02564102564102566
2022-12-20,5620,6000,5540,5670,134711,-0.0052631578947368585
2022-12-21,5670,5720,5600,5630,52097,-0.007054673721340388
2022-12-22,5650,5760,5650,5730,45014,0.017761989342806483
2022-12-23,5710,5710,5550,5590,65244,-0.024432809773123898
2022-12-26,5550,5600,5500,5520,32231,-0.012522361359570633
2022-12-27,5540,5570,5500,5530,43656,0.0018115942028984477
2022-12-28,5530,5600,5470,5540,27175,0.001808318264014508
2022-12-29,5540,5570,5390,5480,35849,-0.010830324909747335
2023-01-02,5550,5590,5270,5350,84578,-0.02372262773722633
2023-01-03,5350,5350,5060,5260,86598,-0.016822429906542036
2023-01-04,5260,5450,5160,5420,64021,0.03041825095057038
2023-01-05,5430,5600,5340,5420,54867,0.0
2023-01-06,5380,5580,5380,5520,50840,0.01845018450184499
2023-01-09,5680,5760,5560,5720,91478,0.03623188405797095
2023-01-10,5720,5890,5700,5840,95561,0.020979020979021046
2023-01-11,5900,5910,5780,5830,45112,-0.001712328767123239
2023-01-12,5920,6010,5850,5890,126756,0.010291595197255532
2023-01-13,5920,5950,5830,5910,71228,0.00339558573853993
2023-01-16,5990,5990,5810,5830,67516,-0.013536379018612488
2023-01-17,5830,5900,5750,5790,50061,-0.006861063464837058
2023-01-18,5730,5810,5640,5740,60793,-0.008635578583765069
2023-01-19,5680,5720,5640,5700,32297,-0.006968641114982632
2023-01-20,5700,5810,5650,5800,43426,0.01754385964912286
2023-01-25,5900,5950,5760,5870,67704,0.012068965517241459
2023-01-26,5880,6050,5880,6030,146790,0.027257240204429323
2023-01-27,6070,6070,5960,5990,87329,-0.0066334991708125735
2023-01-30,6050,6050,5900,5940,64658,-0.008347245409014992
2023-01-31,5890,6070,5830,6060,101686,0.02020202020202011
2023-02-01,6080,6090,5980,6050,79696,-0.0016501650165016146
2023-02-02,6090,6150,6030,6130,97842,0.013223140495867813
2023-02-03,6360,7020,6300,6580,3861075,0.0734094616639478
2023-02-06,6580,6670,6480,6580,354664,0.0
2023-02-07,6580,6630,6350,6440,304118,-0.021276595744680882
2023-02-08,6430,6750,6410,6520,480287,0.012422360248447228
2023-02-09,6510,6900,6480,6730,879916,0.03220858895705514
2023-02-10,6730,6730,6500,6570,262113,-0.02377414561664193
2023-02-13,6580,6720,6400,6540,165872,-0.004566210045662156
2023-02-14,6620,6620,6410,6450,173210,-0.013761467889908285
2023-02-15,6450,6590,6210,6290,284783,-0.024806201550387597
2023-02-16,6310,6530,6310,6460,129036,0.027027027027026973
2023-02-17,6440,6600,6120,6540,144398,0.01238390092879249
2023-02-20,6560,6600,6450,6520,112398,-0.003058103975535187
2023-02-21,6560,6680,6530,6570,163009,0.0076687116564417845
2023-02-22,6440,6510,6300,6450,139009,-0.0182648401826484
2023-02-23,6420,6620,6380,6530,198603,0.01240310077519391
2023-02-24,6550,6550,6240,6280,172730,-0.038284839203675314
2023-02-27,6300,6330,6050,6260,127087,-0.0031847133757961776
2023-02-28,6220,6400,6220,6360,77132,0.015974440894568787
2023-03-02,6360,6450,6240,6330,114153,-0.004716981132075526
2023-03-03,6340,6340,6100,6250,179453,-0.012638230647709303
2023-03-06,6260,6500,6240,6460,218415,0.033600000000000074
2023-03-07,6420,6630,6380,6540,247332,0.01238390092879249
2023-03-08,6510,6670,6380,6540,158144,0.0
2023-03-09,6520,6720,6420,6690,386452,0.022935779816513735
2023-03-10,6560,6780,6460,6530,258913,-0.02391629297458897
2023-03-13,6490,6500,6200,6300,206623,-0.03522205206738127
2023-03-14,6230,6260,5680,5680,302254,-0.0984126984126984
2023-03-15,5890,5940,5810,5910,131040,0.040492957746478764
2023-03-16,5870,5910,5680,5800,92784,-0.0186125211505922
2023-03-17,5890,6100,5830,5950,104439,0.02586206896551735
2023-03-20,5910,6030,5890,5970,79627,0.003361344537815114
2023-03-21,5980,6030,5790,5860,108077,-0.018425460636515956
2023-03-22,5950,5950,5780,5830,80818,-0.005119453924914641
2023-03-23,5760,6570,5720,6010,1019469,0.030874785591766818
2023-03-24,6100,6110,5970,6080,129801,0.011647254575707144
2023-03-27,6070,6110,5880,6010,128217,-0.011513157894736836
2023-03-28,6020,6130,5980,6120,117405,0.01830282861896837
2023-03-29,6120,6300,6090,6290,192954,0.02777777777777768
2023-03-30,6350,6410,6210,6370,134298,0.012718600953895098
2023-03-31,6340,6420,6320,6360,95375,-0.0015698587127158659
2023-04-03,6450,6530,6390,6460,153235,0.01572327044025168
2023-04-04,6520,6690,6500,6520,251700,0.009287925696594534
2023-04-05,6520,6660,6520,6580,169716,0.009202453987730008
2023-04-06,6580,6590,6380,6410,175332,-0.02583586626139822
2023-04-07,6500,6640,6370,6450,148097,0.006240249609984483
2023-04-10,6490,6490,6230,6320,171968,-0.020155038759689936
2023-04-11,6330,6690,6240,6680,463261,0.05696202531645578
2023-04-12,6930,7080,6720,6870,1243556,0.02844311377245501
2023-04-13,6950,7040,6690,6960,489384,0.013100436681222627
2023-04-14,7000,7040,6760,6790,302506,-0.02442528735632188
2023-04-17,6820,6950,6680,6900,240804,0.016200294550809957
2023-04-18,6880,6930,6680,6720,253709,-0.02608695652173909
2023-04-19,6720,6980,6720,6900,226996,0.02678571428571419
2023-04-20,6810,6880,6720,6740,163851,-0.023188405797101463
2023-04-21,6660,6700,6410,6500,158585,-0.035608308605341255
2023-04-24,6480,6750,6450,6570,130182,0.010769230769230864
2023-04-25,6590,6980,6590,6880,490560,0.04718417047184165
2023-04-26,6850,6870,6500,6540,266522,-0.04941860465116277
2023-04-27,6660,7320,6570,7160,2022150,0.09480122324159024
2023-04-28,7090,7130,6670,6740,599263,-0.05865921787709494
2023-05-02,6800,6960,6770,6950,305036,0.03115727002967361
2023-05-03,6860,7090,6810,6920,277821,-0.004316546762589968
2023-05-04,7020,7270,6770,6790,338759,-0.018786127167630062
2023-05-08,6850,7280,6830,7090,543898,0.044182621502209196
2023-05-09,7090,7750,6890,7520,2064082,0.060648801128349694
2023-05-10,7400,7970,7300,7580,1344375,0.007978723404255428
2023-05-11,7610,7710,7450,7490,556535,-0.01187335092348285
2023-05-12,7580,9170,7580,8620,16661472,0.15086782376502006
2023-05-15,8760,8770,8120,8300,2219486,-0.037122969837587005
2023-05-16,8500,8640,7920,8030,2190668,-0.032530120481927716
2023-05-17,8030,8650,8000,8590,2728532,0.06973848069738486
2023-05-18,8660,8750,8340,8750,1260787,0.0186263096623982
2023-05-19,8660,8700,8300,8300,784690,-0.05142857142857138
2023-05-22,8300,8360,8070,8300,544646,0.0
2023-05-23,8290,8360,8150,8180,344502,-0.014457831325301207
2023-05-24,8200,8400,8070,8220,378718,0.004889975550122161
2023-05-25,8230,8400,8130,8400,364791,0.021897810218978186
2023-05-26,8410,8420,7710,8050,402133,-0.04166666666666663
2023-05-30,8090,8170,7870,8100,277730,0.006211180124223503
2023-05-31,8100,8440,8070,8100,441346,0.0
2023-06-01,8140,8490,8000,8440,810754,0.041975308641975406
2023-06-02,8660,8670,8350,8450,580613,0.0011848341232227888
2023-06-05,8410,8600,8410,8490,388123,0.004733727810650956
2023-06-07,8530,8700,8420,8500,593022,0.0011778563015312216
2023-06-08,8490,8500,8280,8400,254559,-0.0117647058823529
2023-06-09,8440,8610,8310,8420,398913,0.0023809523809523725
2023-06-12,8420,8500,8180,8500,378463,0.009501187648456089
2023-06-13,8600,8600,8390,8420,258178,-0.009411764705882342
2023-06-14,8450,8790,8420,8700,796007,0.03325415676959631
2023-06-15,8810,8830,8380,8500,576048,-0.02298850574712641
2023-06-16,8510,8670,8430,8480,255062,-0.0023529411764705577
2023-06-19,8480,8570,8380,8470,160833,-0.001179245283018826
2023-06-20,8430,8500,8100,8190,324577,-0.03305785123966942
2023-06-21,8190,8630,8170,8570,416002,0.046398046398046455
2023-06-22,8550,8560,8380,8410,140522,-0.018669778296382722
2023-06-23,8420,8470,8240,8270,125229,-0.01664684898929847
2023-06-26,8270,8590,8010,8490,309930,0.026602176541717037
2023-06-27,8510,8890,8460,8870,894709,0.0447585394581862
2023-06-28,9000,9100,8810,8980,923377,0.012401352874858995
2023-06-29,9060,9600,8580,8650,1587222,-0.03674832962138086
2023-06-30,8660,9490,8650,9210,2051103,0.06473988439306355
2023-07-03,9300,9400,9060,9150,592868,-0.006514657980456029
2023-07-04,9200,9470,9090,9220,431346,0.007650273224043769
2023-07-05,9260,9500,9150,9250,548627,0.0032537960954446277
2023-07-06,9400,9890,9320,9430,1681921,0.019459459459459483
2023-07-07,9430,9430,8500,8890,732128,-0.05726405090137854
2023-07-10,8960,9180,8800,8940,337328,0.0056242969628796935
2023-07-11,9000,9150,8810,9070,300527,0.014541387024608499
2023-07-12,9160,9210,8800,8880,370879,-0.02094818081587657
2023-07-13,8970,8970,8730,8770,231949,-0.012387387387387427
2023-07-14,8830,8890,8400,8580,433570,-0.02166476624857472
2023-07-17,8580,8650,8420,8580,194757,0.0
2023-07-18,8580,9050,8580,8960,556218,0.04428904428904423
2023-07-19,8980,8990,8640,8680,213238,-0.03125
2023-07-20,8650,8700,8390,8440,197888,-0.027649769585253448
2023-07-21,8420,8610,8320,8450,122015,0.0011848341232227888
2023-07-24,8450,8540,8100,8130,259618,-0.037869822485207094
2023-07-25,8050,8290,8050,8120,171020,-0.0012300123001229846
2023-07-26,8100,8130,7540,7600,404620,-0.0640394088669951
2023-07-27,7700,7860,7580,7690,170771,0.011842105263157876
2023-07-28,7650,7900,7600,7880,140974,0.024707412223667014
2023-07-31,7950,8190,7770,8180,168381,0.038071065989847774
2023-08-01,8190,8300,8140,8300,128699,0.014669926650366705
2023-08-02,8300,8330,8100,8180,164122,-0.014457831325301207
2023-08-03,8080,8140,7820,7900,138212,-0.03422982885085579
2023-08-04,7900,7970,7850,7950,48804,0.006329113924050667
2023-08-07,7950,7950,7310,7410,382568,-0.06792452830188678
2023-08-08,7400,7490,7270,7350,178255,-0.0080971659919028
2023-08-09,7260,7390,7260,7330,96706,-0.0027210884353741083
2023-08-10,7280,7360,7130,7350,95985,0.0027285129604366354
2023-08-11,7350,7700,7350,7600,194259,0.03401360544217691
2023-08-14,7600,7600,7150,7390,76264,-0.02763157894736845
2023-08-16,7320,7460,6860,6920,209602,-0.06359945872801087
2023-08-17,6830,7040,6680,6920,138458,0.0
2023-08-18,6760,7010,6750,6970,105357,0.007225433526011571
2023-08-21,6890,7110,6870,6890,84634,-0.011477761836441891
2023-08-22,6980,6990,6780,6870,94331,-0.002902757619738794
2023-08-23,6800,6890,6720,6790,72668,-0.011644832605531286
2023-08-24,6800,6920,6780,6810,104614,0.002945508100147265
2023-08-25,6810,6810,6550,6630,162258,-0.026431718061673992
2023-08-28,6650,6770,6520,6750,119942,0.018099547511312153
2023-08-29,6790,6920,6770,6850,80506,0.014814814814814836
2023-08-30,6930,6950,6830,6870,93508,0.0029197080291971655
2023-08-31,6870,6980,6740,6800,90685,-0.010189228529839833
2023-09-01,6810,6870,6640,6680,105595,-0.01764705882352946
2023-09-04,6640,6840,6550,6690,135179,0.0014970059880239361
2023-09-05,6640,6710,6590,6610,97031,-0.01195814648729443
2023-09-06,6600,6740,6520,6600,182006,-0.001512859304084735
2023-09-07,6520,6600,6350,6390,170561,-0.03181818181818186
2023-09-08,6400,6480,6180,6470,103285,0.012519561815336422
2023-09-11,6470,6550,6410,6540,83244,0.010819165378670892
2023-09-12,6540,6760,6460,6490,131255,-0.007645259938837912
2023-09-13,6490,6630,6410,6420,102696,-0.01078582434514641
2023-09-14,6500,6550,6450,6490,48794,0.010903426791277315
2023-09-15,6490,6670,6480,6620,108252,0.02003081664098616
2023-09-18,6590,6680,6500,6510,71128,-0.0166163141993958
2023-09-19,6510,6580,6370,6410,65401,-0.015360983102918557
2023-09-20,6410,6650,6390,6570,120385,0.024960998439937487
2023-09-21,6540,6600,6350,6350,85088,-0.0334855403348554
2023-09-22,6320,6320,6150,6250,60544,-0.015748031496062964
2023-09-25,6240,6310,6180,6300,52793,0.008000000000000007
2023-09-26,6300,6380,6100,6110,59163,-0.030158730158730163
2023-09-27,5950,6200,5950,6200,41402,0.014729950900163713
2023-10-04,6180,6180,5850,5900,98751,-0.048387096774193505
2023-10-05,5920,5980,5800,5800,51768,-0.016949152542372836
2023-10-06,5730,6000,5730,5960,38793,0.02758620689655178
2023-10-10,5910,6040,5730,5760,54748,-0.03355704697986572
2023-10-11,5810,5990,5810,5850,39883,0.015625
2023-10-12,5860,6040,5850,6000,37363,0.02564102564102555
2023-10-13,5960,6020,5870,5940,29394,-0.010000000000000009
2023-10-16,5940,6020,5730,5770,57404,-0.028619528619528656
2023-10-17,5790,5950,5780,5790,34832,0.0034662045060658286
2023-10-18,5760,5980,5760,5890,29434,0.017271157167530138
2023-10-19,5890,5890,5570,5600,82857,-0.04923599320882854
2023-10-20,5550,5600,5300,5480,114334,-0.021428571428571463
2023-10-23,5490,5840,5490,5570,97053,0.01642335766423364
2023-10-24,5570,5630,5300,5630,89653,0.010771992818671361
2023-10-25,5650,5670,5470,5520,68590,-0.019538188277087087
2023-10-26,5480,5480,5250,5250,92634,-0.048913043478260865
2023-10-27,5260,5530,5250,5400,70590,0.02857142857142847
2023-10-30,5360,5440,5280,5380,38159,-0.0037037037037036535
2023-10-31,5400,5450,5170,5230,59623,-0.027881040892193343
2023-11-01,5240,5360,5160,5270,59046,0.007648183556405286
2023-11-02,5360,5510,5330,5430,54765,0.030360531309297834
2023-11-03,5500,5520,5360,5480,92466,0.009208103130755152
2023-11-06,5560,5680,5490,5650,117210,0.031021897810219023
2023-11-07,5650,5710,5400,5440,97625,-0.03716814159292037
2023-11-08,5460,5570,5430,5490,109872,0.009191176470588314
2023-11-09,5490,5540,5350,5390,90493,-0.01821493624772308
2023-11-10,5330,5440,5280,5360,31503,-0.005565862708719838
2023-11-13,5370,5420,5210,5230,60196,-0.02425373134328357
2023-11-14,5260,5430,5250,5430,50273,0.03824091778202687
2023-11-15,5610,5680,5450,5540,125640,0.0202578268876612
2023-11-16,5550,5730,5550,5690,137925,0.02707581227436817
2023-11-17,5690,5740,5520,5560,47934,-0.02284710017574687
2023-11-20,5560,5620,5470,5580,45735,0.003597122302158251
2023-11-21,5640,5680,5580,5600,54211,0.0035842293906809264
2023-11-22,5550,5600,5510,5540,38649,-0.010714285714285676
2023-11-23,5590,5630,5520,5600,45678,0.010830324909747224
2023-11-24,5600,5720,5600,5650,49342,0.008928571428571397
2023-11-27,5690,5690,5530,5570,72871,-0.01415929203539823
2023-11-28,5550,5620,5520,5610,59248,0.007181328545780907
2023-11-29,5630,5630,5470,5470,79574,-0.024955436720142554
2023-11-30,5410,5580,5400,5520,49459,0.009140767824497242
2023-12-01,5510,5600,5440,5550,34953,0.005434782608695565
2023-12-04,5600,5600,5420,5450,64930,-0.018018018018018056
2023-12-05,5420,5500,5380,5390,55682,-0.011009174311926606
2023-12-06,5430,5460,5350,5450,30716,0.011131725417439675
2023-12-07,5480,5480,5310,5330,71947,-0.022018348623853212
2023-12-08,5340,5400,5320,5350,37802,0.0037523452157599557
2023-12-11,5350,5460,5340,5390,44816,0.007476635514018781
2023-12-12,5390,5440,5360,5430,37122,0.007421150278293043
2023-12-13,5470,5470,5350,5360,39448,-0.012891344383057057
2023-12-14,5390,5420,5330,5340,44225,-0.003731343283582045
2023-12-15,5340,5570,5340,5480,123036,0.02621722846441954
2023-12-18,5520,5530,5410,5520,67985,0.007299270072992803
2023-12-19,5520,5540,5430,5490,44453,-0.005434782608695676
2023-12-20,5550,5670,5470,5640,185068,0.02732240437158473
2023-12-21,5600,6550,5570,5840,3259365,0.03546099290780136
2023-12-22,5850,5950,5700,5900,277283,0.010273972602739656
2023-12-26,5960,6040,5760,5800,204838,-0.016949152542372836
2023-12-27,5740,5840,5600,5760,125732,-0.006896551724137945
2023-12-28,5820,6080,5750,5940,245363,0.03125
2024-01-02,5940,6050,5780,6000,255622,0.010101010101010166
2024-01-03,5860,5930,5850,5890,169540,-0.018333333333333313
2024-01-04,5890,5920,5800,5830,104498,-0.01018675721561968
2024-01-05,5900,6890,5870,6100,9612046,0.046312178387650116
2024-01-08,6050,6150,5950,6100,425557,0.0
2024-01-09,6120,6170,6040,6070,299512,-0.004918032786885296
2024-01-10,6060,6250,6010,6050,327195,-0.0032948929159802853
2024-01-11,6070,6180,6070,6090,163282,0.006611570247933907
2024-01-12,6070,6090,5880,5910,235185,-0.029556650246305383
2024-01-15,5920,6080,5880,6060,133678,0.025380710659898442
2024-01-16,6050,6080,5890,5970,108584,-0.014851485148514865
2024-01-17,5950,5970,5660,5660,244910,-0.051926298157453976
2024-01-18,5630,5760,5610,5730,96702,0.012367491166077826
2024-01-19,5820,5900,5640,5690,170481,-0.006980802792321161
2024-01-22,5730,5840,5660,5700,120605,0.0017574692442883233
2024-01-23,5760,5760,5600,5690,139024,-0.0017543859649122862
2024-01-24,5730,5730,5560,5570,152968,-0.02108963093145866
2024-01-25,5550,5600,5450,5590,136880,0.0035906642728904536
2024-01-26,5580,5740,5540,5700,75256,0.019677996422182487
2024-01-29,5720,5750,5600,5670,109365,-0.0052631578947368585
2024-01-30,5720,5800,5560,5600,142036,-0.012345679012345734
2024-01-31,5570,5680,5510,5560,85121,-0.0071428571428571175
2024-02-01,5530,5880,5530,5860,390712,0.05395683453237421
2024-02-02,5940,6370,5880,6320,1383389,0.07849829351535842
2024-02-05,6410,6540,6140,6260,569525,-0.009493670886076
2024-02-06,6260,6440,6050,6140,325939,-0.019169329073482455
2024-02-07,6240,6390,6180,6240,296503,0.016286644951140072
2024-02-08,6270,6270,6030,6080,202574,-0.02564102564102566
2024-02-13,6080,6390,6070,6100,211159,0.00328947368421062
2024-02-14,6050,6640,6050,6380,1955047,0.04590163934426239
2024-02-15,6470,6490,6220,6270,365007,-0.017241379310344862
2024-02-16,6320,6490,6210,6470,344029,0.03189792663476876
2024-02-19,6470,6510,6350,6350,243333,-0.018547140649149974
2024-02-20,6440,6580,6270,6290,242321,-0.009448818897637823
2024-02-21,6280,6340,5840,6110,270357,-0.02861685214626386
2024-02-22,6110,6210,6050,6150,69200,0.00654664484451728
2024-02-23,6190,6190,6050,6140,93598,-0.001626016260162566
2024-02-26,6150,6260,6030,6180,125201,0.006514657980456029
2024-02-27,6190,6190,5990,5990,103312,-0.03074433656957931
2024-02-28,6060,6110,5960,6090,80240,0.016694490818029983
2024-02-29,6080,6130,6010,6040,69463,-0.008210180623973717
2024-03-04,6100,6140,5980,5980,72030,-0.009933774834437137
2024-03-05,5970,6040,5740,5800,233179,-0.030100334448160515
2024-03-06,6240,6840,5970,5970,3387084,0.02931034482758621
2024-03-07,6010,6030,5810,5820,285603,-0.025125628140703515
2024-03-08,5850,5980,5780,5790,235434,-0.005154639175257714
2024-03-11,5780,5880,5700,5720,119099,-0.012089810017271163
2024-03-12,5720,5780,5650,5700,100214,-0.0034965034965035446
2024-03-13,5710,5800,5680,5760,137362,0.010526315789473717
2024-03-14,5790,5930,5760,5880,196525,0.02083333333333326
2024-03-15,5960,5980,5800,5980,153337,0.017006802721088343
2024-03-18,5990,5990,5860,5870,114218,-0.018394648829431426
2024-03-19,5900,5930,5820,5840,103079,-0.005110732538330498
2024-03-20,5860,6040,5850,5990,134344,0.02568493150684925
2024-03-21,6020,6100,5950,6050,139419,0.01001669449081799
2024-03-22,6060,6090,5950,5990,99789,-0.00991735537190086
2024-03-25,5960,6080,5950,6020,89305,0.005008347245408995
2024-03-26,6080,6080,5960,5980,96998,-0.006644518272425293
2024-03-27,5990,6040,5970,6030,59147,0.008361204013378032
2024-03-28,6090,6090,5940,5950,101998,-0.013266998341625258
2024-03-29,5930,5970,5860,5870,114398,-0.013445378151260456
2024-04-01,5880,5940,5880,5910,62396,0.006814310051107331
2024-04-02,5930,5960,5880,5960,85917,0.008460236886632888
2024-04-03,5980,6010,5820,5880,173565,-0.01342281879194629
2024-04-04,5870,5960,5820,5860,65953,-0.003401360544217691
2024-04-05,5850,5890,5750,5760,88881,-0.017064846416382284
2024-04-08,5760,5860,5730,5750,75264,-0.0017361111111111605
2024-04-09,5720,5820,5680,5740,85781,-0.0017391304347825765
2024-04-11,5740,5810,5650,5760,41401,0.0034843205574912606
2024-04-12,5830,5850,5710,5740,61779,-0.00347222222222221
2024-04-15,5640,5770,5640,5740,58693,0.0
2024-04-16,5830,5930,5720,5730,175755,-0.0017421602787456303
2024-04-17,5720,5830,5690,5790,64394,0.010471204188481575
2024-04-18,5740,5830,5740,5820,59105,0.005181347150259086
2024-04-19,5810,5810,5670,5700,73261,-0.020618556701030966
2024-04-22,5670,5780,5670,5710,65095,0.0017543859649122862
2024-04-23,5690,5810,5690,5790,67389,0.014010507880910739
2024-04-24,5790,5890,5760,5880,74268,0.015544041450777257
2024-04-25,5860,5970,5800,5940,95704,0.010204081632652962
2024-04-26,5930,5970,5830,5860,73004,-0.013468013468013518
2024-04-29,5970,5970,5860,5940,114805,0.013651877133105783
2024-04-30,5940,5980,5880,5930,60528,-0.0016835016835017313
2024-05-02,5920,5980,5870,5970,86508,0.006745362563237878
2024-05-03,6020,6020,5920,5970,83221,0.0
2024-05-07,5980,6010,5920,5970,72106,0.0
2024-05-08,5940,6050,5940,6020,160337,0.008375209380234505
2024-05-09,6000,6050,5960,5980,81294,-0.006644518272425293
2024-05-10,5960,6000,5870,5890,52836,-0.015050167224080258
2024-05-13,5880,5940,5810,5830,63397,-0.01018675721561968
2024-05-14,5860,5890,5750,5790,86626,-0.006861063464837058
2024-05-16,5860,5890,5770,5870,64526,0.013816925734024155
2024-05-17,5880,5920,5790,5860,87728,-0.0017035775127768327
2024-05-20,5880,5920,5810,5830,97826,-0.005119453924914641
2024-05-21,5880,5880,5760,5810,75293,-0.0034305317324184736
2024-05-22,5800,5970,5790,5940,211645,0.022375215146299476
2024-05-23,6030,6050,5920,6010,173869,0.011784511784511675
2024-05-24,5920,6050,5920,6010,91709,0.0
2024-05-27,6020,6100,5980,6000,158193,-0.0016638935108153063
2024-05-28,6000,6070,5910,5910,92035,-0.015000000000000013
2024-05-29,5910,5960,5830,5870,105465,-0.006768189509306244
2024-05-30,5840,5860,5710,5720,108008,-0.02555366269165249
2024-05-31,5750,5790,5730,5770,37458,0.00874125874125875
2024-06-03,5770,5860,5770,5820,55553,0.008665511265164572
2024-06-04,5800,5830,5790,5800,55499,-0.0034364261168384758
2024-06-05,5810,5850,5740,5780,43256,-0.0034482758620689724
2024-06-07,5830,5830,5710,5770,87065,-0.0017301038062284002
2024-06-10,5800,5850,5750,5750,47640,-0.0034662045060658286
2024-06-11,5800,5830,5700,5720,57801,-0.00521739130434784
2024-06-12,5800,5820,5700,5760,61461,0.006993006993007089
2024-06-13,5790,5870,5770,5810,81372,0.00868055555555558
2024-06-14,5840,5870,5760,5790,89919,-0.0034423407917383297
2024-06-17,5790,5960,5790,5870,111783,0.013816925734024155
2024-06-18,5900,5930,5820,5850,44711,-0.0034071550255536653
2024-06-19,5880,6000,5820,5920,118719,0.011965811965811923
2024-06-20,5950,5950,5850,5860,58623,-0.010135135135135087
2024-06-21,5900,5900,5700,5700,103463,-0.027303754266211566
2024-06-24,5700,5740,5540,5570,77797,-0.02280701754385961
2024-06-25,5580,5810,5580,5760,56419,0.03411131059245953
2024-06-26,5760,5790,5720,5730,45992,-0.00520833333333337
2024-06-27,5750,5770,5650,5670,36996,-0.010471204188481686
2024-06-28,5670,5750,5510,5600,86996,-0.012345679012345734
2024-07-01,5550,5600,5500,5540,40575,-0.010714285714285676
2024-07-02,5540,5540,5370,5380,108871,-0.028880866425992746
2024-07-03,5410,5440,5240,5260,120460,-0.022304832713754608
2024-07-04,5320,5320,5230,5240,54777,-0.0038022813688213253
2024-07-05,5220,5300,5190,5200,60101,-0.007633587786259555
2024-07-08,5240,5240,5170,5200,64434,0.0
2024-07-09,5210,5220,5080,5110,103023,-0.017307692307692357
2024-07-10,5120,5160,5090,5140,84876,0.005870841487279899
2024-07-11,5140,5210,5110,5120,56372,-0.0038910505836575737
2024-07-12,5150,5180,5120,5170,43340,0.009765625
2024-07-15,5210,5210,5120,5170,23355,0.0
2024-07-16,5140,5210,5140,5200,27061,0.005802707930367523
2024-07-17,5210,5220,5140,5150,39512,-0.009615384615384581
2024-07-18,5140,5140,5040,5100,63875,-0.009708737864077666
2024-07-19,5100,5140,5060,5140,46335,0.007843137254901933
2024-07-22,5110,5140,5030,5060,92899,-0.015564202334630295
2024-07-23,5050,5100,5010,5070,46381,0.0019762845849802257
2024-07-24,5040,5090,5020,5050,55421,-0.0039447731755424265
2024-07-25,4970,5030,4905,4970,49687,-0.015841584158415856
2024-07-26,5050,5090,4980,5050,57622,0.016096579476861272
2024-07-29,5060,5100,5020,5090,17381,0.007920792079207928
2024-07-30,5100,5110,5040,5060,36902,-0.005893909626719096
2024-07-31,5100,5140,5050,5120,18721,0.011857707509881354
2024-08-01,5120,5180,5110,5160,22126,0.0078125
2024-08-02,5120,5140,5000,5050,81117,-0.02131782945736438
2024-08-05,4995,4995,4085,4345,188699,-0.13960396039603962
2024-08-06,4200,4610,4200,4580,123060,0.05408515535097824
2024-08-07,4540,4580,4445,4530,59817,-0.01091703056768556
2024-08-08,4485,4560,4385,4490,34710,-0.008830022075055233
2024-08-09,4530,4655,4530,4635,34767,0.03229398663697114
2024-08-12,4635,4680,4595,4675,33406,0.008629989212513456
2024-08-13,4675,4735,4610,4675,28182,0.0
2024-08-14,4725,4805,4700,4775,37812,0.021390374331550888
2024-08-16,5050,5160,4950,5070,135048,0.06178010471204187
2024-08-19,5130,5130,4955,4965,48002,-0.020710059171597628
2024-08-20,5020,5150,4990,5120,41386,0.03121852970795569
2024-08-21,5120,5120,5010,5060,38389,-0.01171875
2024-08-22,5060,5060,4975,5050,31581,-0.0019762845849802257
2024-08-23,4980,5050,4980,5030,25987,-0.003960396039603964
2024-08-26,5080,5180,4960,5180,36105,0.02982107355864816
2024-08-27,5150,5150,4980,5140,48598,-0.007722007722007707
2024-08-28,5150,5220,5040,5070,105249,-0.013618677042801508
2024-08-29,5000,5140,5000,5030,34969,-0.007889546351084853
2024-08-30,5100,5100,5040,5080,12905,0.00994035785288272
2024-09-02,5030,5130,5020,5020,17467,-0.011811023622047223
2024-09-03,5020,5150,5020,5150,20799,0.02589641434262946
2024-09-04,5010,5140,4965,4980,55964,-0.03300970873786413
2024-09-05,4980,5060,4810,4925,44670,-0.011044176706827336
2024-09-06,4900,4900,4685,4720,76897,-0.04162436548223347
2024-09-09,4560,4760,4555,4680,48217,-0.008474576271186418
2024-09-10,4820,4820,4665,4715,61208,0.007478632478632452
2024-09-11,4725,4780,4695,4720,19919,0.0010604453870626251
2024-09-12,4815,4865,4700,4860,26610,0.029661016949152463
2024-09-13,4860,4980,4840,4880,17827,0.004115226337448652
2024-09-19,4885,4920,4810,4855,19058,-0.0051229508196721785
2024-09-20,4910,4910,4820,4850,19634,-0.001029866117404743
2024-09-23,4850,4870,4800,4830,14091,-0.004123711340206171
2024-09-24,4850,4900,4830,4895,30424,0.013457556935817738
2024-09-25,4890,4980,4830,4830,44023,-0.013278855975485171
2024-09-26,4870,4915,4850,4910,16171,0.016563146997929712
2024-09-27,4920,4965,4900,4940,12894,0.006109979633401208
2024-09-30,4940,4940,4835,4850,22134,-0.018218623481781382
2024-10-02,4805,4835,4755,4760,18568,-0.01855670103092788
2024-10-04,4730,4795,4720,4765,11710,0.0010504201680672232
2024-10-07,4750,4860,4750,4850,25200,0.01783840503672618
2024-10-08,4830,4865,4765,4765,23340,-0.017525773195876337
2024-10-10,4825,4825,4775,4820,15180,0.011542497376705096
2024-10-11,4800,4870,4630,4820,20302,0.0
2024-10-14,4815,4870,4750,4770,25335,-0.010373443983402453
2024-10-15,4820,4820,4730,4750,18878,-0.004192872117400381
2024-10-16,4705,4765,4700,4750,24402,0.0
2024-10-17,4750,4790,4700,4710,15629,-0.008421052631578996
2024-10-18,4710,4735,4610,4685,24730,-0.005307855626326963
2024-10-21,4720,4720,4640,4660,19930,-0.005336179295624355
2024-10-22,4610,4660,4520,4525,40390,-0.02896995708154504
2024-10-23,4505,4600,4505,4545,16252,0.0044198895027625085
2024-10-24,4520,4555,4455,4510,24081,-0.007700770077007646
2024-10-25,4515,4545,4440,4485,15583,-0.005543237250554278
2024-10-28,4450,4485,4445,4475,17891,-0.0022296544035674826
2024-10-29,4475,4475,4440,4460,19309,-0.003351955307262622
2024-10-30,4460,4475,4445,4445,24669,-0.0033632286995515237
2024-10-31,4430,4470,4410,4460,19891,0.003374578177727683
2024-11-01,4450,4455,4380,4440,33481,-0.004484304932735439
2024-11-04,4490,4495,4430,4450,29073,0.0022522522522523403
2024-11-05,4440,4525,4440,4510,25987,0.01348314606741563
2024-11-06,4540,4540,4470,4495,23540,-0.003325942350332567
2024-11-07,4450,4480,4410,4435,35135,-0.013348164627363768
2024-11-08,4415,4450,4350,4355,51523,-0.018038331454340528
2024-11-11,4380,4380,4195,4250,47028,-0.024110218140068862
2024-11-12,4250,4270,3940,3990,101697,-0.06117647058823528
2024-11-13,3940,4025,3820,3835,98057,-0.03884711779448624
2024-11-14,3835,3920,3810,3835,44997,0.0
2024-11-15,3835,4000,3770,3960,38243,0.0325945241199479
2024-11-18,3960,4180,3955,4120,21633,0.04040404040404044
2024-11-19,4105,4155,4075,4150,18977,0.00728155339805836
2024-11-20,4115,4235,4110,4230,33325,0.01927710843373487
2024-11-21,4220,4265,4165,4185,14632,-0.010638297872340385
2024-11-22,4185,4195,4170,4190,10107,0.0011947431302270495
2024-11-25,4200,4245,4165,4215,30030,0.005966587112171906
2024-11-26,4250,4250,4185,4215,22905,0.0
2024-11-27,4220,4240,4170,4175,16272,-0.009489916963226541
2024-11-28,4130,4235,4130,4170,42758,-0.0011976047904191933
2024-11-29,4170,4195,4140,4150,36253,-0.004796163069544335
2024-12-02,4125,4145,4015,4060,44977,-0.02168674698795181
2024-12-03,4000,4110,4000,4095,14224,0.008620689655172376
2024-12-04,3955,4090,3920,4085,33899,-0.0024420024420024333
2024-12-05,4080,4080,3995,3995,32328,-0.022031823745410017
2024-12-06,3950,3990,3810,3820,54179,-0.04380475594493116
2024-12-09,3820,3820,3550,3620,86047,-0.05235602094240843
2024-12-10,3600,3785,3600,3755,37672,0.037292817679557944
2024-12-11,3755,3990,3755,3990,39024,0.062583222370173
2024-12-12,4000,4050,3960,4030,22739,0.010025062656641603
2024-12-13,3995,4070,3955,3965,73955,-0.016129032258064502
2024-12-16,3970,4060,3970,4040,51550,0.018915510718789497
2024-12-17,4190,4190,4080,4080,39653,0.00990099009900991
2024-12-18,4095,4145,4080,4130,39042,0.01225490196078427
2024-12-19,4040,4125,4020,4090,24850,-0.009685230024213065
2024-12-20,4120,4120,4030,4045,20423,-0.011002444987775029
2024-12-23,4045,4080,4030,4050,34695,0.0012360939431397266
2024-12-24,4055,4090,4045,4080,20313,0.007407407407407307
2024-12-26,4080,4135,4080,4110,38800,0.007352941176470562
2024-12-27,4000,4060,3935,3965,50810,-0.035279805352798066
2024-12-30,3910,4000,3910,3950,13730,-0.003783102143757877
2025-01-02,3920,4025,3920,3990,37190,0.010126582278481067
2025-01-03,3990,4065,3980,4060,17216,0.01754385964912286
2025-01-06,4065,4130,4035,4070,21458,0.0024630541871921707
2025-01-07,4050,4110,4040,4050,16621,-0.004914004914004955
2025-01-08,4050,4100,4040,4070,12545,0.004938271604938205
2025-01-09,4105,4115,4050,4075,11636,0.0012285012285011554
2025-01-10,4050,4100,4045,4075,23488,0.0
2025-01-13,4070,4070,4005,4015,18424,-0.014723926380368124
2025-01-14,4015,4045,3995,4025,15741,0.00249066002490661
2025-01-15,4045,4045,4000,4005,15439,-0.004968944099378869
2025-01-16,4025,4030,4005,4005,20170,0.0
2025-01-17,4010,4020,3985,4000,13046,-0.0012484394506866447
2025-01-20,4000,4025,3980,3990,12230,-0.0024999999999999467
2025-01-21,3985,4005,3960,3970,15492,-0.005012531328320802
2025-01-22,4000,4000,3960,3970,18540,0.0
2025-01-23,3990,3990,3915,3925,14596,-0.01133501259445846
2025-01-24,3925,3960,3905,3920,20724,-0.001273885350318471
2025-01-31,3920,3950,3805,3950,27419,0.007653061224489832
2025-02-03,3935,3935,3825,3865,24144,-0.021518987341772156
2025-02-04,3865,3905,3855,3870,16557,0.001293661060802087
2025-02-05,3885,3940,3870,3895,13783,0.006459948320413522
2025-02-06,3910,3915,3875,3890,15274,-0.0012836970474967568
2025-02-07,3890,3890,3845,3880,23644,-0.0025706940874036244
2025-02-10,3850,3900,3840,3880,11485,0.0
2025-02-11,3870,3925,3855,3880,36618,0.0
2025-02-12,3875,3890,3845,3870,14280,-0.002577319587628857
2025-02-13,3870,3920,3870,3890,39085,0.0051679586563306845
2025-02-14,3915,4865,3905,4135,3334411,0.06298200514138808
2025-02-17,4185,4215,4105,4200,194074,0.01571946795646917
2025-02-18,4165,4240,4150,4200,135405,0.0
2025-02-19,4165,4255,4165,4235,107474,0.008333333333333304
2025-02-20,4235,4285,4205,4260,91923,0.005903187721369552
