Date,Open,High,Low,Close,Volume,Change
2022-01-03,3375,3460,3300,3385,72285,0.002962962962963056
2022-01-04,3400,3495,3385,3495,79552,0.03249630723781394
2022-01-05,3500,3610,3380,3565,194921,0.02002861230329045
2022-01-06,3500,3780,3470,3740,357179,0.04908835904628339
2022-01-07,3740,3765,3585,3750,215595,0.002673796791443861
2022-01-10,3740,3780,3690,3735,195675,-0.0040000000000000036
2022-01-11,3735,3745,3665,3700,137917,-0.009370816599732268
2022-01-12,3720,3740,3665,3730,92038,0.008108108108108025
2022-01-13,3765,3830,3735,3800,295372,0.018766756032171594
2022-01-14,3800,4125,3690,3945,1341987,0.03815789473684217
2022-01-17,3910,3910,3760,3760,285938,-0.04689480354879594
2022-01-18,3760,3810,3610,3680,196751,-0.021276595744680882
2022-01-19,3645,3655,3545,3560,181841,-0.03260869565217395
2022-01-20,3560,3630,3525,3625,106867,0.018258426966292207
2022-01-21,3610,3750,3570,3715,110586,0.024827586206896513
2022-01-24,3650,3960,3300,3520,1266853,-0.05248990578734858
2022-01-25,3525,4250,3525,3800,7849279,0.07954545454545459
2022-01-26,3795,3805,3585,3710,1095180,-0.023684210526315752
2022-01-27,3750,3770,3400,3400,643174,-0.0835579514824798
2022-01-28,3380,3565,3375,3540,313669,0.04117647058823537
2022-02-03,3545,3805,3545,3790,493412,0.07062146892655363
2022-02-04,3790,4060,3740,3985,812209,0.05145118733509224
2022-02-07,4035,4115,3910,4085,578256,0.025094102885821812
2022-02-08,4055,4285,3970,4100,554598,0.003671970624234966
2022-02-09,4110,4285,4110,4250,347155,0.03658536585365857
2022-02-10,4295,4300,4200,4255,277446,0.0011764705882353343
2022-02-11,4215,4750,4050,4200,2348928,-0.01292596944770863
2022-02-14,4090,4450,4055,4330,1086356,0.030952380952380842
2022-02-15,4355,4395,4210,4290,374799,-0.009237875288683584
2022-02-16,4385,4930,4320,4670,2364492,0.08857808857808869
2022-02-17,4700,4815,4560,4700,678930,0.0064239828693790635
2022-02-18,4590,4970,4585,4880,924889,0.038297872340425476
2022-02-21,4730,4840,4700,4790,289345,-0.018442622950819665
2022-02-22,4705,4745,4410,4575,594169,-0.044885177453027114
2022-02-23,4570,4790,4485,4680,790810,0.022950819672131084
2022-02-24,4615,4630,4420,4460,289157,-0.047008547008547064
2022-02-25,4570,4580,4330,4340,262050,-0.026905829596412523
2022-02-28,4360,4450,4300,4320,137862,-0.004608294930875556
2022-03-02,4325,4495,4320,4490,201311,0.03935185185185186
2022-03-03,4670,4670,4410,4435,381170,-0.012249443207126953
2022-03-04,4470,4900,4450,4710,1548113,0.06200676437429542
2022-03-07,4690,4795,4590,4715,356667,0.0010615711252655036
2022-03-08,4685,4685,4370,4595,381366,-0.02545068928950156
2022-03-10,4550,4560,4410,4515,124921,-0.017410228509249226
2022-03-11,4460,4585,4455,4535,80268,0.0044296788482836025
2022-03-14,4540,4895,4505,4810,744403,0.06063947078280041
2022-03-15,4790,4825,4615,4680,248244,-0.027027027027026973
2022-03-16,4770,4775,4610,4640,164597,-0.008547008547008517
2022-03-17,4665,4790,4620,4770,286291,0.028017241379310276
2022-03-18,5100,5230,4800,4920,1131715,0.03144654088050314
2022-03-21,4895,5090,4830,4960,348686,0.008130081300812941
2022-03-22,4965,5080,4865,5000,301204,0.008064516129032251
2022-03-23,5290,5530,5150,5170,4347649,0.03400000000000003
2022-03-24,5130,5210,4945,4965,441017,-0.039651837524178
2022-03-25,4970,5420,4880,5080,1984238,0.023162134944612278
2022-03-28,5030,5260,4980,5090,587735,0.0019685039370078705
2022-03-29,5090,5200,5030,5060,191676,-0.005893909626719096
2022-03-30,5060,5100,4900,5070,164645,0.0019762845849802257
2022-03-31,5070,5230,5070,5160,206439,0.01775147928994092
2022-04-01,5160,5200,5060,5150,105280,-0.0019379844961240345
2022-04-04,5140,5200,5060,5160,123529,0.001941747572815622
2022-04-05,5130,5230,5130,5230,156775,0.013565891472868241
2022-04-06,5260,5300,5150,5210,210500,-0.003824091778202643
2022-04-07,5200,5200,4970,5010,137088,-0.03838771593090207
2022-04-08,5020,5220,5020,5190,175293,0.03592814371257491
2022-04-11,5200,5250,5090,5160,131637,-0.005780346820809301
2022-04-12,5100,5200,5050,5120,108509,-0.007751937984496138
2022-04-13,5300,5360,4990,5120,242517,0.0
2022-04-14,5160,5360,5120,5280,373255,0.03125
2022-04-15,5230,5340,5180,5270,192403,-0.0018939393939394478
2022-04-18,5280,5350,4900,5310,171964,0.007590132827324458
2022-04-19,5340,5340,5150,5290,165415,-0.0037664783427495685
2022-04-20,5250,5600,5230,5600,1730584,0.05860113421550084
2022-04-21,5580,5590,5360,5440,438155,-0.02857142857142858
2022-04-22,5410,5530,5300,5400,238832,-0.007352941176470562
2022-04-25,5360,6250,5310,5820,5758769,0.07777777777777772
2022-04-26,5760,6070,5670,6060,1176240,0.04123711340206193
2022-04-27,5850,5990,5750,5840,529283,-0.0363036303630363
2022-04-28,5840,6230,5830,5990,1290595,0.02568493150684925
2022-04-29,6090,6100,5810,5970,330999,-0.0033388981636059967
2022-05-02,5850,6100,5780,5890,360232,-0.01340033500837523
2022-05-03,5890,5930,5770,5770,267475,-0.02037351443123936
2022-05-04,5830,5830,5570,5670,291212,-0.017331022530329254
2022-05-06,5550,5620,5390,5500,222137,-0.029982363315696703
2022-05-09,5460,5480,5050,5170,303710,-0.06000000000000005
2022-05-10,5080,5220,4865,5160,408847,-0.0019342359767892114
2022-05-11,5120,5140,4950,5030,181887,-0.025193798449612448
2022-05-12,5030,5120,4805,4995,250673,-0.006958250497017926
2022-05-13,4925,5130,4895,5120,137869,0.025025025025025016
2022-05-16,5120,5630,5070,5430,331853,0.060546875
2022-05-17,5430,5760,5400,5670,275903,0.04419889502762442
2022-05-18,5770,5770,5560,5660,219399,-0.0017636684303351524
2022-05-19,5430,5650,5430,5630,141603,-0.005300353356890497
2022-05-20,5840,6060,5500,5560,587305,-0.01243339253996445
2022-05-23,5560,5660,5520,5600,107699,0.007194244604316502
2022-05-24,5600,5660,5400,5440,144304,-0.02857142857142858
2022-05-25,5500,5540,5380,5420,124661,-0.003676470588235281
2022-05-26,5420,5530,5420,5490,64120,0.012915129151291449
2022-05-27,5500,5560,5460,5490,59375,0.0
2022-05-30,5490,5560,5410,5520,67309,0.005464480874316946
2022-05-31,5540,5580,5450,5520,84204,0.0
2022-06-02,5580,5700,5490,5560,145434,0.007246376811594235
2022-06-03,5690,5690,5500,5530,65063,-0.0053956834532373765
2022-06-07,5470,5610,5440,5560,76452,0.005424954792043302
2022-06-08,5560,5840,5550,5840,257455,0.050359712230215736
2022-06-09,5780,5960,5720,5790,222110,-0.008561643835616417
2022-06-10,5800,5870,5510,5540,173800,-0.04317789291882557
2022-06-13,5350,5390,5080,5170,256259,-0.06678700361010825
2022-06-14,5140,5140,4850,5040,324998,-0.025145067698259194
2022-06-15,5000,5100,4825,4900,104375,-0.02777777777777779
2022-06-16,4910,5110,4910,4985,140618,0.0173469387755103
2022-06-17,4900,4920,4735,4880,243566,-0.02106318956870612
2022-06-20,4835,4900,4370,4545,505899,-0.06864754098360659
2022-06-21,4600,4830,4550,4810,214092,0.05830583058305838
2022-06-22,4840,4915,4630,4770,216160,-0.008316008316008316
2022-06-23,4765,4805,4525,4545,177433,-0.047169811320754707
2022-06-24,4515,4675,4475,4605,180900,0.013201320132013139
2022-06-27,4645,4805,4625,4740,166692,0.02931596091205213
2022-06-28,4700,4745,4595,4615,115368,-0.026371308016877593
2022-06-29,4570,4575,4415,4485,227628,-0.028169014084507005
2022-06-30,4490,4490,4310,4370,177804,-0.02564102564102566
2022-07-01,4325,4415,4140,4295,141112,-0.017162471395881007
2022-07-04,4250,4330,4075,4180,148625,-0.0267753201396973
2022-07-05,4250,4645,4215,4590,341200,0.09808612440191378
2022-07-06,4520,4810,4475,4635,313380,0.009803921568627416
2022-07-07,4635,4820,4540,4770,180795,0.029126213592232997
2022-07-08,4770,4895,4735,4850,85633,0.016771488469601747
2022-07-11,4880,4965,4800,4895,40367,0.009278350515463885
2022-07-12,4750,4895,4690,4800,103657,-0.019407558733401387
2022-07-13,4750,4885,4725,4805,29401,0.0010416666666666075
2022-07-14,4735,4950,4660,4885,100960,0.01664932362122795
2022-07-15,4850,4905,4715,4840,45372,-0.0092118730808598
2022-07-18,4840,4885,4765,4850,42028,0.0020661157024792765
2022-07-19,4800,4945,4750,4945,47567,0.019587628865979312
2022-07-20,5030,5180,4965,5060,146282,0.023255813953488413
2022-07-21,5040,5150,5020,5070,65078,0.0019762845849802257
2022-07-22,5110,5190,5000,5120,62486,0.009861932938856066
2022-07-25,5130,5400,4850,5000,366368,-0.0234375
2022-07-26,4960,5300,4960,5250,174476,0.050000000000000044
2022-07-27,5240,5260,5120,5180,108276,-0.013333333333333308
2022-07-28,5180,5190,5060,5100,89089,-0.015444015444015413
2022-07-29,5070,5220,4965,4995,134594,-0.020588235294117685
2022-08-01,5000,5070,4890,4950,77948,-0.009009009009009028
2022-08-02,4955,4980,4705,4745,264095,-0.04141414141414146
2022-08-03,4745,4840,4725,4810,82707,0.013698630136986356
2022-08-04,4850,4945,4825,4860,77418,0.01039501039501034
2022-08-05,4860,4920,4845,4905,49242,0.0092592592592593
2022-08-08,4905,4910,4770,4885,81367,-0.004077471967380175
2022-08-09,4885,5050,4845,4920,110981,0.007164790174001956
2022-08-10,4900,4900,4800,4865,96376,-0.011178861788617933
2022-08-11,4890,5160,4875,5040,417734,0.03597122302158273
2022-08-12,5060,5110,4950,4980,99595,-0.011904761904761862
2022-08-16,5040,5190,4920,4940,268808,-0.008032128514056214
2022-08-17,4940,4940,4715,4725,295211,-0.04352226720647778
2022-08-18,4725,4730,4585,4625,198170,-0.021164021164021163
2022-08-19,4625,4630,4500,4560,195248,-0.014054054054054022
2022-08-22,4470,4500,4390,4470,127953,-0.019736842105263164
2022-08-23,4435,4570,4385,4450,129338,-0.004474272930648726
2022-08-24,4500,4525,4410,4435,78827,-0.003370786516853963
2022-08-25,4485,4615,4475,4560,323109,0.028184892897406888
2022-08-26,4595,4610,4545,4580,74627,0.004385964912280604
2022-08-29,4480,4480,4400,4445,85885,-0.029475982532751077
2022-08-30,4420,4520,4420,4485,74761,0.008998875140607376
2022-08-31,4480,4550,4435,4540,74575,0.012263099219620877
2022-09-01,4525,4540,4455,4480,66301,-0.013215859030836996
2022-09-02,4480,4530,4455,4475,90675,-0.0011160714285713969
2022-09-05,4475,4510,4430,4440,76243,-0.007821229050279377
2022-09-06,4415,4530,4415,4520,61681,0.018018018018018056
2022-09-07,4520,4520,4355,4365,146753,-0.034292035398230114
2022-09-08,4410,4580,4410,4495,90723,0.02978235967926679
2022-09-13,4580,5150,4530,4735,1423890,0.05339265850945485
2022-09-14,4570,4845,4510,4760,284476,0.0052798310454065245
2022-09-15,4765,4765,4595,4615,174987,-0.030462184873949583
2022-09-16,4700,4940,4630,4635,1373448,0.004333694474539573
2022-09-19,4605,4625,4340,4345,326093,-0.06256742179072272
2022-09-20,4350,4510,4345,4415,205782,0.016110471806674243
2022-09-21,4390,4455,4340,4375,93369,-0.009060022650056676
2022-09-22,4305,4330,4150,4210,158611,-0.0377142857142857
2022-09-23,4285,4875,4265,4510,3476541,0.07125890736342044
2022-09-26,4460,4675,3915,4010,1324867,-0.11086474501108645
2022-09-27,4045,4120,3840,3940,428418,-0.017456359102244412
2022-09-28,3900,4025,3700,3770,367377,-0.043147208121827374
2022-09-29,3795,3840,3705,3770,196533,0.0
2022-09-30,3695,3775,3620,3740,167173,-0.007957559681697646
2022-10-04,3760,3840,3730,3830,143393,0.02406417112299475
2022-10-05,3880,3915,3765,3770,77190,-0.015665796344647487
2022-10-06,3795,3885,3790,3880,88661,0.02917771883289122
2022-10-07,3970,4065,3860,3860,183499,-0.005154639175257714
2022-10-11,3800,3800,3655,3690,65453,-0.04404145077720212
2022-10-12,3700,3730,3630,3725,65397,0.009485094850948617
2022-10-13,3705,3725,3560,3560,109394,-0.0442953020134228
2022-10-14,3610,3730,3610,3695,67576,0.037921348314606806
2022-10-17,3595,3765,3595,3720,40460,0.006765899864682012
2022-10-18,3805,3920,3770,3810,64079,0.024193548387096753
2022-10-19,3845,3900,3780,3815,61000,0.001312335958005173
2022-10-20,3815,3895,3790,3815,51998,0.0
2022-10-21,3780,3780,3650,3680,53429,-0.035386631716906924
2022-10-24,3710,4300,3710,3875,1205899,0.052989130434782705
2022-10-25,3935,4040,3855,3975,158296,0.02580645161290329
2022-10-26,3985,4015,3910,3945,92732,-0.007547169811320753
2022-10-27,3915,4010,3915,3955,102412,0.0025348542458809575
2022-10-28,3890,3930,3805,3830,141320,-0.031605562579013924
2022-10-31,3855,3955,3765,3855,129409,0.006527415143603221
2022-11-01,3830,3970,3830,3930,73314,0.01945525291828787
2022-11-02,3910,3975,3900,3900,32870,-0.007633587786259555
2022-11-03,3885,4015,3850,3975,76920,0.019230769230769162
2022-11-04,3935,4115,3935,4090,125857,0.028930817610062887
2022-11-07,4090,4140,4070,4120,73544,0.007334963325183352
2022-11-08,4135,4190,4090,4145,94743,0.0060679611650484855
2022-11-09,4140,4285,4120,4245,116525,0.024125452352231624
2022-11-10,4195,4280,4155,4235,55795,-0.002355712603062443
2022-11-11,4400,4400,4200,4240,112447,0.0011806375442739991
2022-11-14,4260,4290,4195,4260,83399,0.004716981132075526
2022-11-15,4215,4255,4165,4200,83581,-0.014084507042253502
2022-11-16,4205,4755,4190,4445,1321993,0.05833333333333335
2022-11-17,4445,4445,4295,4350,113282,-0.021372328458942658
2022-11-18,4290,4415,4290,4325,78535,-0.005747126436781658
2022-11-21,4295,4380,4290,4310,75695,-0.003468208092485603
2022-11-22,4260,4450,4250,4450,135436,0.03248259860788871
2022-11-23,4550,4700,4415,4630,1066658,0.04044943820224711
2022-11-24,4700,4900,4615,4810,558638,0.0388768898488121
2022-11-25,4810,5240,4770,5150,1870559,0.07068607068607058
2022-11-28,5500,5590,4970,4995,1702533,-0.030097087378640808
2022-11-29,4915,5180,4775,5150,777876,0.03103103103103111
2022-11-30,5100,5120,4910,4920,394524,-0.044660194174757306
2022-12-01,4920,5000,4870,4940,237355,0.004065040650406582
2022-12-02,4945,4950,4780,4815,151999,-0.0253036437246964
2022-12-05,4765,4850,4705,4715,113044,-0.020768431983385294
2022-12-06,4690,4715,4575,4575,91131,-0.02969247083775184
2022-12-07,4560,4670,4525,4670,86442,0.02076502732240426
2022-12-08,4630,4655,4525,4535,107836,-0.028907922912205564
2022-12-09,4500,4565,4425,4490,131938,-0.009922822491730932
2022-12-12,4490,4570,4355,4370,116394,-0.026726057906458767
2022-12-13,4355,4415,4285,4305,92201,-0.014874141876430214
2022-12-14,4325,4460,4325,4450,107940,0.03368176538908241
2022-12-15,4460,4505,4335,4390,78643,-0.013483146067415741
2022-12-16,4335,4375,4270,4340,88222,-0.011389521640091105
2022-12-19,4325,4365,4265,4360,43464,0.004608294930875667
2022-12-20,4290,4350,4190,4285,73344,-0.017201834862385357
2022-12-21,4255,4335,4250,4320,81386,0.008168028004667427
2022-12-22,4300,4405,4295,4360,105623,0.0092592592592593
2022-12-23,4330,4330,4235,4270,86116,-0.020642201834862428
2022-12-26,4230,4385,4230,4285,42867,0.003512880562060783
2022-12-27,4270,4440,4270,4415,231702,0.03033838973162184
2022-12-28,4395,4490,4340,4470,125713,0.01245753114382775
2022-12-29,4410,4505,4355,4475,203257,0.0011185682326622093
2023-01-02,4600,4600,4390,4395,142139,-0.01787709497206702
2023-01-03,4335,4430,4265,4370,111766,-0.005688282138794132
2023-01-04,4280,4470,4280,4440,61907,0.016018306636155666
2023-01-05,4440,4575,4430,4555,129847,0.025900900900900803
2023-01-06,4555,4650,4530,4640,159946,0.01866081229418226
2023-01-09,4675,4730,4630,4700,113029,0.012931034482758674
2023-01-10,4675,4720,4595,4685,74630,-0.0031914893617021045
2023-01-11,4685,4730,4665,4700,101007,0.0032017075773747017
2023-01-12,4735,4745,4680,4725,100715,0.005319148936170137
2023-01-13,4720,4755,4695,4720,82545,-0.0010582010582010914
2023-01-16,4720,4735,4675,4680,68713,-0.008474576271186418
2023-01-17,4710,4820,4710,4775,187487,0.020299145299145227
2023-01-18,4785,4785,4610,4635,136104,-0.029319371727748678
2023-01-19,4585,4630,4530,4590,78152,-0.009708737864077666
2023-01-20,4555,4710,4555,4700,96636,0.023965141612200425
2023-01-25,4700,4880,4685,4845,138725,0.030851063829787195
2023-01-26,4890,5090,4830,4985,359649,0.028895768833849367
2023-01-27,5000,5130,4700,5010,237185,0.005015045135406293
2023-01-30,5010,5120,4905,4980,129689,-0.005988023952095856
2023-01-31,4980,5110,4970,5040,137216,0.012048192771084265
2023-02-01,5050,5150,5010,5070,227393,0.005952380952380931
2023-02-02,5080,5760,5080,5610,4681878,0.10650887573964507
2023-02-03,5610,5730,5410,5420,599204,-0.033868092691622054
2023-02-06,5370,5680,5360,5520,496502,0.01845018450184499
2023-02-07,5480,5590,5440,5550,228642,0.005434782608695565
2023-02-08,5550,5600,5450,5470,181670,-0.014414414414414378
2023-02-09,5450,5710,5440,5600,286750,0.02376599634369292
2023-02-10,5650,5680,5470,5620,226400,0.0035714285714285587
2023-02-13,5620,5850,5560,5690,233263,0.01245551601423478
2023-02-14,5750,5760,5570,5640,197739,-0.008787346221441172
2023-02-15,5640,5710,5460,5500,175826,-0.024822695035460973
2023-02-16,5500,5710,5490,5530,149406,0.005454545454545379
2023-02-17,5470,5910,5430,5900,631678,0.06690777576853524
2023-02-20,5900,6360,5830,6270,1020583,0.06271186440677967
2023-02-21,6610,6630,6070,6140,1161720,-0.020733652312599715
2023-02-22,6050,6200,5850,6100,347055,-0.006514657980456029
2023-02-23,6080,6100,5830,5880,319326,-0.0360655737704918
2023-02-24,5920,5960,5760,5880,203691,0.0
2023-02-27,5870,6100,5730,6070,217743,0.03231292517006801
2023-02-28,6080,6190,5920,6110,318331,0.006589785831960571
2023-03-02,6280,6420,6170,6210,597258,0.016366612111292866
2023-03-03,6400,6650,5910,6210,610302,0.0
2023-03-06,6180,6220,5970,6140,224795,-0.011272141706924366
2023-03-07,6140,6420,6050,6300,348330,0.026058631921824116
2023-03-08,6200,6300,6030,6080,202701,-0.03492063492063491
2023-03-09,6080,6180,6000,6140,106726,0.009868421052631637
2023-03-10,6050,6250,6040,6150,119320,0.0016286644951140072
2023-03-13,6070,6180,5930,6180,136966,0.004878048780487809
2023-03-14,6160,6300,5610,5610,346081,-0.09223300970873782
2023-03-15,5700,5890,5700,5790,175928,0.03208556149732611
2023-03-16,5710,5790,5550,5690,234869,-0.01727115716753025
2023-03-17,5700,5750,5550,5700,120021,0.0017574692442883233
2023-03-20,5700,5870,5700,5800,62240,0.01754385964912286
2023-03-21,5820,5880,5660,5690,76019,-0.018965517241379293
2023-03-22,5640,5910,5620,5620,114641,-0.012302284710017597
2023-03-23,5740,5740,5560,5650,91056,0.005338078291814874
2023-03-24,5650,5710,5500,5670,108810,0.003539823008849474
2023-03-27,5700,5960,5670,5950,152402,0.04938271604938271
2023-03-28,6000,6320,5960,6250,306418,0.050420168067226934
2023-03-29,6310,6330,6100,6270,168517,0.0032000000000000917
2023-03-30,6240,6270,6080,6100,142302,-0.027113237639553422
2023-03-31,6100,6430,6090,6250,300514,0.024590163934426146
2023-04-03,6380,6540,6250,6450,303724,0.03200000000000003
2023-04-04,6540,6550,6220,6290,182009,-0.024806201550387597
2023-04-05,6280,6380,6170,6340,154760,0.007949125596184325
2023-04-06,6330,7040,6210,6600,1517217,0.04100946372239744
2023-04-07,6570,6570,6270,6410,453323,-0.028787878787878807
2023-04-10,6410,6420,6070,6210,293572,-0.03120124804992197
2023-04-11,6220,6390,6100,6390,127107,0.02898550724637672
2023-04-12,6430,6680,6350,6460,240551,0.010954616588419341
2023-04-13,6520,7580,6320,7160,3333610,0.1083591331269349
2023-04-14,7190,7290,6880,7150,729794,-0.0013966480446927498
2023-04-17,7430,7450,7120,7310,1152740,0.02237762237762242
2023-04-18,7300,7300,7080,7200,322681,-0.015047879616963078
2023-04-19,7200,7360,7110,7290,424888,0.012499999999999956
2023-04-20,7290,7500,7030,7140,555381,-0.020576131687242816
2023-04-21,7060,7190,6830,6980,235735,-0.022408963585434205
2023-04-24,7010,7050,6670,6890,275579,-0.012893982808022897
2023-04-25,6890,7300,6690,7200,596884,0.044992743105950694
2023-04-26,7340,7340,6730,6790,452323,-0.056944444444444464
2023-04-27,6760,6900,6530,6810,156349,0.002945508100147265
2023-04-28,6880,7100,6680,6730,132339,-0.011747430249632873
2023-05-02,6660,6820,6570,6810,118268,0.011887072808320909
2023-05-03,6710,7000,6710,6940,109855,0.019089574155653377
2023-05-04,7000,7170,6920,6970,118136,0.004322766570605152
2023-05-08,7100,7100,6890,6920,76992,-0.00717360114777621
2023-05-09,6920,7010,6800,6950,90650,0.004335260115607031
2023-05-10,6950,7100,6910,6980,101017,0.004316546762589857
2023-05-11,7000,7080,6890,7000,125780,0.002865329512893977
2023-05-12,6990,6990,6770,6780,99240,-0.03142857142857147
2023-05-15,6720,6870,6390,6850,156794,0.010324483775811188
2023-05-16,6850,6890,6650,6680,121886,-0.02481751824817513
2023-05-17,6750,6750,6470,6520,127818,-0.0239520958083832
2023-05-18,6600,6870,6480,6640,257197,0.018404907975460016
2023-05-19,6640,6730,6580,6720,113243,0.012048192771084265
2023-05-22,6730,6820,6640,6780,90002,0.008928571428571397
2023-05-23,6720,6840,6690,6700,83843,-0.01179941002949858
2023-05-24,6700,6740,6560,6610,89870,-0.013432835820895495
2023-05-25,6580,6610,6460,6500,109101,-0.016641452344931973
2023-05-26,6560,6570,6310,6360,124659,-0.021538461538461506
2023-05-30,6360,6430,6170,6240,146009,-0.018867924528301883
2023-05-31,6240,6670,6200,6240,134154,0.0
2023-06-01,6240,6420,6160,6390,114300,0.024038461538461453
2023-06-02,6460,6550,6330,6530,111352,0.021909233176838905
2023-06-05,6570,6650,6540,6630,63693,0.015313935681470214
2023-06-07,6600,6700,6570,6600,57472,-0.004524886877828038
2023-06-08,6660,6760,6540,6690,95163,0.013636363636363669
2023-06-09,6720,6910,6690,6910,185968,0.03288490284005974
2023-06-12,6910,6910,6790,6850,75893,-0.00868306801736618
2023-06-13,6850,6890,6770,6810,63488,-0.005839416058394109
2023-06-14,6810,7000,6690,6740,238135,-0.01027900146842875
2023-06-15,6770,6840,6690,6780,79889,0.005934718100890191
2023-06-16,6790,6940,6770,6930,117154,0.022123893805309658
2023-06-19,7000,7690,6900,7520,958600,0.08513708513708518
2023-06-20,7430,7520,7190,7350,365173,-0.022606382978723416
2023-06-21,7360,7400,7090,7200,139896,-0.020408163265306145
2023-06-22,7100,7280,7020,7190,96954,-0.001388888888888884
2023-06-23,7200,7470,7120,7300,162882,0.015299026425591
2023-06-26,7440,7440,7220,7350,140705,0.006849315068493178
2023-06-27,7350,7500,7200,7400,131318,0.006802721088435382
2023-06-28,7460,7930,7270,7750,505800,0.04729729729729737
2023-06-29,7750,7870,7530,7700,133079,-0.006451612903225823
2023-06-30,7800,7830,7500,7800,135893,0.01298701298701288
2023-07-03,7880,7900,7700,7750,152192,-0.0064102564102563875
2023-07-04,7810,8120,7650,8070,224908,0.041290322580645133
2023-07-05,8100,8140,7950,8080,134528,0.0012391573729864103
2023-07-06,8170,8170,7700,7710,207750,-0.04579207920792083
2023-07-07,7670,7800,7490,7700,92338,-0.0012970168612191912
2023-07-10,7700,7830,7510,7700,94325,0.0
2023-07-11,7700,7700,7200,7380,243734,-0.04155844155844157
2023-07-12,7350,7520,7290,7480,149870,0.013550135501354976
2023-07-13,7410,7560,7320,7360,91056,-0.016042780748663055
2023-07-14,7450,7450,7210,7280,98536,-0.010869565217391353
2023-07-17,7250,7410,7210,7290,73782,0.0013736263736263687
2023-07-18,7260,7320,7050,7170,138114,-0.016460905349794275
2023-07-19,7200,7250,7070,7220,68369,0.0069735006973501434
2023-07-20,7150,7430,7100,7430,79508,0.02908587257617734
2023-07-21,7420,7450,7170,7280,87415,-0.020188425302826385
2023-07-24,7340,7450,7200,7350,123239,0.009615384615384581
2023-07-25,7380,7490,6780,6900,478025,-0.061224489795918324
2023-07-26,6960,6970,6390,6650,351613,-0.036231884057971064
2023-07-27,6630,6710,6430,6430,205424,-0.03308270676691727
2023-07-28,6500,6640,6360,6620,127550,0.029548989113530322
2023-07-31,6620,6700,6480,6600,281097,-0.0030211480362537513
2023-08-01,6600,6770,6560,6650,122945,0.007575757575757569
2023-08-02,6690,6690,6320,6330,206596,-0.048120300751879674
2023-08-03,6300,6400,6160,6310,114340,-0.003159557661927326
2023-08-04,6310,6360,6220,6270,61776,-0.006339144215530945
2023-08-07,6280,6280,6080,6150,101558,-0.019138755980861233
2023-08-08,6200,6230,6110,6160,74374,0.001626016260162677
2023-08-09,6180,6200,6080,6140,98034,-0.0032467532467532756
2023-08-10,6130,6220,6000,6210,146311,0.01140065146579805
2023-08-11,6200,6440,6170,6410,128497,0.03220611916264082
2023-08-14,6400,6400,6140,6180,104016,-0.03588143525741028
2023-08-16,6040,6100,5890,5970,161231,-0.03398058252427183
2023-08-17,5830,5950,5790,5930,113395,-0.00670016750418756
2023-08-18,5790,5990,5790,5930,57868,0.0
2023-08-21,5900,5980,5890,5950,45474,0.003372681281618828
2023-08-22,5900,6050,5900,6000,58125,0.008403361344537785
2023-08-23,6000,6150,5940,6120,72799,0.020000000000000018
2023-08-24,6090,6100,5960,6090,49048,-0.004901960784313708
2023-08-25,6090,6130,6030,6100,29716,0.0016420361247948545
2023-08-28,6170,6410,6100,6360,119828,0.042622950819672045
2023-08-29,6450,6460,6300,6360,82500,0.0
2023-08-30,6410,6410,6330,6370,31899,0.0015723270440251014
2023-08-31,6410,6410,6190,6280,88280,-0.014128728414442682
2023-09-01,6330,6330,6200,6220,44361,-0.009554140127388533
2023-09-04,6250,6670,6160,6530,134026,0.04983922829581999
2023-09-05,6530,6620,6360,6410,68645,-0.018376722817764146
2023-09-06,6420,6430,6270,6330,57608,-0.012480499219968744
2023-09-07,6280,6420,6140,6300,112503,-0.004739336492891044
2023-09-08,6300,6570,6250,6490,154608,0.03015873015873005
2023-09-11,6590,6590,6250,6350,111922,-0.02157164869029271
2023-09-12,6340,6350,6160,6200,150393,-0.023622047244094446
2023-09-13,6120,6340,6120,6210,43698,0.001612903225806539
2023-09-14,6210,6340,6210,6320,43994,0.017713365539452575
2023-09-15,6340,6540,6320,6410,108757,0.014240506329114
2023-09-18,6410,6430,6330,6420,38710,0.0015600624024960652
2023-09-19,6400,6480,6340,6470,40030,0.007788161993769416
2023-09-20,6470,6800,6400,6580,214358,0.01700154559505407
2023-09-21,6580,6580,6170,6380,231289,-0.03039513677811545
2023-09-22,6380,6430,6120,6120,185113,-0.040752351097178674
2023-09-25,6120,6180,5850,5880,272066,-0.039215686274509776
2023-09-26,5840,5970,5790,5820,165092,-0.010204081632653073
2023-09-27,5800,5910,5790,5900,44816,0.013745704467353903
2023-10-04,5890,6130,5730,5950,182989,0.008474576271186418
2023-10-05,5990,6170,5990,6150,113587,0.03361344537815136
2023-10-06,6050,6180,5750,6120,175362,-0.004878048780487809
2023-10-10,6110,6120,5760,5900,134338,-0.03594771241830064
2023-10-11,5860,5950,5860,5940,47381,0.006779661016949046
2023-10-12,5990,5990,5900,5950,36698,0.0016835016835017313
2023-10-13,5940,5960,5710,5740,162318,-0.03529411764705881
2023-10-16,5720,5820,5560,5800,148767,0.010452961672473782
2023-10-17,5850,5850,5710,5780,49483,-0.0034482758620689724
2023-10-18,5710,6280,5710,6010,189161,0.03979238754325265
2023-10-19,5970,5970,5630,5670,157186,-0.056572379367720416
2023-10-20,5560,5700,5420,5470,126081,-0.03527336860670194
2023-10-23,5440,5570,5440,5540,86497,0.01279707495429605
2023-10-24,5490,5860,5450,5700,204752,0.028880866425992746
2023-10-25,5780,6160,5760,5910,226871,0.03684210526315779
2023-10-26,5870,5870,5500,5580,163362,-0.055837563451776595
2023-10-27,5580,5640,5460,5500,102326,-0.014336917562724039
2023-10-30,5500,5670,5420,5620,74038,0.021818181818181737
2023-10-31,5720,5720,5500,5690,91785,0.01245551601423478
2023-11-01,5760,5760,5690,5690,39042,0.0
2023-11-02,5690,5860,5690,5850,43215,0.02811950790861162
2023-11-03,5930,6080,5840,6000,155326,0.02564102564102555
2023-11-06,6000,6000,5920,5970,55215,-0.0050000000000000044
2023-11-07,5970,5970,5760,5840,68476,-0.021775544388609736
2023-11-08,5840,5900,5720,5750,42201,-0.015410958904109595
2023-11-09,5720,5740,5630,5690,42851,-0.01043478260869568
2023-11-10,5680,5680,5570,5610,36849,-0.01405975395430581
2023-11-13,5600,5670,5490,5500,44175,-0.019607843137254943
2023-11-14,5500,5750,5500,5690,88781,0.034545454545454435
2023-11-15,5760,5820,5690,5750,99420,0.010544815465729274
2023-11-16,5760,5940,5740,5940,122475,0.03304347826086951
2023-11-17,5930,5930,5800,5870,78157,-0.011784511784511786
2023-11-20,5940,5980,5860,5940,106265,0.011925042589437718
2023-11-21,5930,5990,5880,5990,57674,0.008417508417508435
2023-11-22,5930,5980,5900,5950,43985,-0.006677796327211993
2023-11-23,5950,6000,5800,5890,114404,-0.010084033613445342
2023-11-24,5880,5900,5760,5880,85593,-0.001697792869269965
2023-11-27,5950,6300,5950,6100,475135,0.03741496598639449
2023-11-28,6180,6220,6020,6170,174358,0.011475409836065653
2023-11-29,6170,6200,5950,6000,164961,-0.027552674230145846
2023-11-30,6000,6120,5980,6090,44032,0.014999999999999902
2023-12-01,6100,6100,5980,5990,77281,-0.016420361247947435
2023-12-04,6010,6080,5960,6030,83099,0.006677796327211993
2023-12-05,5990,6110,5930,5970,63244,-0.00995024875621886
2023-12-06,5950,6020,5880,5960,58348,-0.0016750418760469454
2023-12-07,5960,5960,5830,5880,94995,-0.01342281879194629
2023-12-08,5880,5980,5870,5970,71624,0.015306122448979664
2023-12-11,5980,6060,5950,6000,55608,0.005025125628140614
2023-12-12,6050,6060,5920,5970,65802,-0.0050000000000000044
2023-12-13,5970,5970,5810,5830,80766,-0.02345058626465657
2023-12-14,5870,5870,5740,5780,94418,-0.00857632933104635
2023-12-15,5800,6190,5770,5870,405621,0.015570934256055269
2023-12-18,5900,5990,5850,5980,79265,0.01873935264054505
2023-12-19,5990,6110,5940,6040,86895,0.010033444816053505
2023-12-20,6040,6110,5980,6040,71932,0.0
2023-12-21,5970,6060,5960,5990,43324,-0.008278145695364225
2023-12-22,6000,6000,5930,5950,58041,-0.006677796327211993
2023-12-26,5950,6010,5940,5990,106503,0.006722689075630228
2023-12-27,5990,6000,5850,5900,70175,-0.015025041736227096
2023-12-28,5930,6070,5850,6000,89731,0.016949152542372836
2024-01-02,5920,6400,5920,6290,315824,0.04833333333333334
2024-01-03,6260,6350,6110,6170,97526,-0.019077901430842648
2024-01-04,6160,6180,6050,6100,104887,-0.011345218800648316
2024-01-05,6100,6570,6090,6260,233773,0.026229508196721207
2024-01-08,6300,6340,6190,6220,83371,-0.006389776357827448
2024-01-09,6180,6240,6000,6060,211856,-0.025723472668810254
2024-01-10,6100,6100,5930,5930,94264,-0.021452145214521434
2024-01-11,6010,6030,5920,5940,82694,0.001686340640809414
2024-01-12,5970,5970,5780,5810,149178,-0.02188552188552184
2024-01-15,5850,5850,5640,5670,105208,-0.02409638554216864
2024-01-16,5720,5720,5520,5690,175570,0.003527336860670305
2024-01-17,5690,5730,5460,5610,188849,-0.01405975395430581
2024-01-18,5610,5660,5490,5570,112898,-0.007130124777183555
2024-01-19,5600,5690,5530,5620,59873,0.008976660682226134
2024-01-22,5620,5620,5460,5520,86113,-0.017793594306049876
2024-01-23,5540,5540,5480,5510,34894,-0.0018115942028985588
2024-01-24,5510,5510,5350,5380,146702,-0.023593466424682408
2024-01-25,5390,5490,5200,5380,208653,0.0
2024-01-26,5360,5530,5360,5470,51150,0.016728624535315983
2024-01-29,5470,5530,5410,5490,50887,0.003656307129798808
2024-01-30,5510,5850,5370,5370,606984,-0.021857923497267784
2024-01-31,5310,5350,5040,5220,353240,-0.027932960893854775
2024-02-01,5140,5460,5130,5280,290025,0.011494252873563315
2024-02-02,5310,5570,5280,5440,313225,0.030303030303030276
2024-02-05,5440,5440,5290,5330,117112,-0.020220588235294157
2024-02-06,5350,5350,5130,5220,132670,-0.0206378986866792
2024-02-07,5230,5340,5200,5340,70972,0.02298850574712641
2024-02-08,5370,5430,5310,5350,56046,0.001872659176029856
2024-02-13,5390,5410,5320,5370,78794,0.0037383177570093906
2024-02-14,5360,5420,5300,5370,69650,0.0
2024-02-15,5440,5440,5280,5300,115768,-0.013035381750465591
2024-02-16,5310,5420,5290,5390,82386,0.016981132075471805
2024-02-19,5390,5400,5280,5290,259698,-0.01855287569573283
2024-02-20,5310,5310,5120,5150,206165,-0.026465028355387554
2024-02-21,5150,5200,5100,5160,102949,0.001941747572815622
2024-02-22,5180,5210,5130,5130,79522,-0.005813953488372103
2024-02-23,5140,5190,5110,5150,70474,0.003898635477582957
2024-02-26,5130,5150,5020,5060,101427,-0.01747572815533982
2024-02-27,5070,5080,4890,4940,219688,-0.02371541501976282
2024-02-28,4945,4995,4940,4995,52201,0.011133603238866474
2024-02-29,4995,5090,4945,4985,65051,-0.002002002002001957
2024-03-04,5000,5060,4980,5030,134952,0.009027081243731194
2024-03-05,5030,5030,4960,4985,63962,-0.008946322067594381
2024-03-06,4985,5090,4885,4965,85262,-0.004012036108325012
2024-03-07,4945,4960,4860,4900,81020,-0.01309164149043307
2024-03-08,4910,4990,4910,4970,40472,0.014285714285714235
2024-03-11,4970,5020,4950,4985,49270,0.003018108651911433
2024-03-12,4985,4985,4920,4965,47187,-0.004012036108325012
2024-03-13,5050,5050,4950,4970,44258,0.001007049345417954
2024-03-14,4970,5010,4955,5010,34851,0.008048289738430636
2024-03-15,5060,5060,4880,4905,129745,-0.020958083832335328
2024-03-18,4940,4945,4875,4915,55798,0.0020387359836901986
2024-03-19,4915,4920,4790,4810,133164,-0.021363173957273607
2024-03-20,4810,4840,4755,4815,53210,0.0010395010395010118
2024-03-21,4820,4830,4760,4770,109408,-0.009345794392523366
2024-03-22,4775,4775,4705,4725,133211,-0.009433962264150941
2024-03-25,4705,4740,4630,4670,126373,-0.011640211640211673
2024-03-26,4685,4800,4685,4760,57516,0.01927194860813697
2024-03-27,4765,4795,4660,4690,74594,-0.014705882352941124
2024-03-28,4690,4715,4610,4690,101992,0.0
2024-03-29,4690,4695,4625,4660,80613,-0.006396588486140775
2024-04-01,4700,4730,4640,4710,65073,0.010729613733905685
2024-04-02,4710,4745,4610,4615,99658,-0.02016985138004246
2024-04-03,4605,4650,4495,4510,262812,-0.02275189599133265
2024-04-04,4545,4600,4490,4500,147262,-0.0022172949002217113
2024-04-05,4500,4515,4415,4515,96903,0.0033333333333334103
2024-04-08,4525,4545,4415,4450,81806,-0.01439645625692132
2024-04-09,4450,4500,4445,4475,67921,0.00561797752808979
2024-04-11,4475,4500,4375,4450,43521,-0.005586592178770999
2024-04-12,4450,4615,4450,4505,60351,0.012359550561797716
2024-04-15,4465,4495,4430,4455,35777,-0.011098779134295245
2024-04-16,4440,4455,4375,4400,75728,-0.012345679012345734
2024-04-17,4385,4415,4380,4400,20780,0.0
2024-04-18,4710,4890,4450,4465,474667,0.014772727272727382
2024-04-19,4475,4535,4365,4410,101357,-0.012318029115341522
2024-04-22,4445,4470,4425,4430,43421,0.0045351473922903285
2024-04-23,4425,4475,4380,4385,95086,-0.010158013544018019
2024-04-24,4385,4440,4385,4435,51304,0.011402508551881407
2024-04-25,4430,4630,4410,4545,269633,0.024802705749718212
2024-04-26,4560,4640,4510,4610,188722,0.014301430143014215
2024-04-29,4630,4650,4565,4600,66674,-0.002169197396963085
2024-04-30,4620,4670,4585,4655,64935,0.011956521739130421
2024-05-02,4630,4685,4620,4655,94030,0.0
2024-05-03,4635,4720,4635,4695,68620,0.00859291084854985
2024-05-07,4720,4720,4665,4700,43807,0.0010649627263046302
2024-05-08,4725,4760,4670,4750,134987,0.010638297872340496
2024-05-09,4750,4850,4710,4750,104622,0.0
2024-05-10,4750,4770,4695,4700,102209,-0.010526315789473717
2024-05-13,4690,4740,4620,4655,49110,-0.009574468085106425
2024-05-14,4820,4960,4630,4685,415650,0.0064446831364124435
2024-05-16,4700,4715,4645,4690,95667,0.0010672358591248265
2024-05-17,4695,4695,4600,4625,71593,-0.013859275053304865
2024-05-20,4615,4730,4590,4615,56136,-0.00216216216216214
2024-05-21,4605,4615,4485,4555,109950,-0.013001083423618609
2024-05-22,4555,4570,4520,4535,48833,-0.004390779363336983
2024-05-23,4535,4550,4495,4520,30306,-0.003307607497243681
2024-05-24,4520,4535,4470,4485,35518,-0.007743362831858391
2024-05-27,4520,4520,4435,4480,64491,-0.0011148272017836858
2024-05-28,4480,4490,4430,4465,38086,-0.0033482142857143016
2024-05-29,4450,4465,4365,4370,160930,-0.021276595744680882
2024-05-30,4365,4450,4355,4425,35401,0.012585812356979309
2024-05-31,4460,4485,4420,4440,46861,0.003389830508474523
2024-06-03,4415,4590,4415,4520,58345,0.018018018018018056
2024-06-04,4530,4645,4465,4520,144223,0.0
2024-06-05,4510,5240,4505,4740,2906539,0.04867256637168138
2024-06-07,4695,4705,4560,4595,277181,-0.030590717299578074
2024-06-10,4595,4600,4500,4550,176511,-0.009793253536452662
2024-06-11,4530,4565,4445,4455,86465,-0.020879120879120916
2024-06-12,4490,4550,4450,4540,64938,0.019079685746352437
2024-06-13,4530,4545,4465,4500,115043,-0.008810572687224627
2024-06-14,4505,4505,4430,4445,99580,-0.012222222222222245
2024-06-17,4450,4600,4435,4570,109987,0.028121484814398245
2024-06-18,4525,4585,4515,4555,59652,-0.003282275711159688
2024-06-19,4515,4780,4515,4570,198833,0.003293084522502765
2024-06-20,4600,4670,4480,4530,55135,-0.008752735229759279
2024-06-21,4515,4575,4505,4535,48066,0.001103752759381793
2024-06-24,4535,4540,4320,4445,76586,-0.019845644983461974
2024-06-25,4445,4500,4410,4420,44714,-0.0056242969628796935
2024-06-26,4435,4505,4435,4435,35968,0.0033936651583710287
2024-06-27,4435,4465,4355,4360,91744,-0.016910935738444155
2024-06-28,4360,4415,4340,4360,68503,0.0
2024-07-01,4360,4385,4330,4330,55187,-0.006880733944954143
2024-07-02,4355,4360,4225,4270,126414,-0.01385681293302543
2024-07-03,4270,4325,4200,4220,75823,-0.011709601873536313
2024-07-04,4250,4250,4175,4210,66443,-0.0023696682464454666
2024-07-05,4205,4240,4140,4155,74943,-0.013064133016627122
2024-07-08,4170,4245,4145,4210,21185,0.013237063778579916
2024-07-09,4215,4235,4145,4145,71413,-0.015439429928741144
2024-07-10,4145,4165,4030,4085,122551,-0.014475271411338975
2024-07-11,4095,4105,4045,4065,69024,-0.004895960832313362
2024-07-12,4065,4185,4065,4145,54548,0.019680196801967975
2024-07-15,4145,4460,4145,4445,237865,0.07237635705669487
2024-07-16,4395,4455,4345,4440,74043,-0.0011248593925758943
2024-07-17,4465,4595,4415,4520,201065,0.018018018018018056
2024-07-18,4520,4520,4405,4460,60806,-0.013274336283185861
2024-07-19,4445,4465,4330,4410,48689,-0.011210762331838597
2024-07-22,4360,4450,4275,4420,72178,0.0022675736961450532
2024-07-23,4395,4455,4330,4360,25138,-0.013574660633484115
2024-07-24,4385,4385,4265,4365,25488,0.0011467889908256534
2024-07-25,4330,4515,4275,4515,148430,0.03436426116838498
2024-07-26,4520,4520,4375,4455,60176,-0.013289036544850474
2024-07-29,4455,4455,4300,4355,81794,-0.02244668911335579
2024-07-30,4350,4355,4245,4255,92819,-0.02296211251435132
2024-07-31,4255,4930,4250,4325,910724,0.016451233842538215
2024-08-01,4325,4340,4230,4255,105330,-0.016184971098265888
2024-08-02,4240,4240,4055,4095,148014,-0.03760282021151584
2024-08-05,4030,4050,3705,3835,424334,-0.06349206349206349
2024-08-06,3790,3960,3790,3880,153029,0.011734028683181297
2024-08-07,3845,3935,3845,3890,74981,0.002577319587628857
2024-08-08,3850,3890,3720,3840,374649,-0.01285347043701801
2024-08-09,3850,4000,3850,3890,158528,0.01302083333333326
2024-08-12,3980,3980,3870,3945,54528,0.014138817480719768
2024-08-13,3940,3940,3845,3880,83773,-0.016476552598225558
2024-08-14,3940,3940,3845,3865,91336,-0.0038659793814432852
2024-08-16,3910,3925,3875,3910,35425,0.011642949547218562
2024-08-19,3930,3930,3840,3850,49546,-0.01534526854219953
2024-08-20,3840,3905,3835,3885,133977,0.009090909090909038
2024-08-21,3885,4270,3870,4010,350120,0.03217503217503226
2024-08-22,4020,4020,3960,3980,42376,-0.007481296758104716
2024-08-23,3930,4100,3930,4080,46216,0.025125628140703515
2024-08-26,4050,4075,3965,3985,45110,-0.023284313725490224
2024-08-27,4005,4005,3920,3955,50834,-0.007528230865746499
2024-08-28,3955,3955,3870,3905,38929,-0.012642225031605614
2024-08-29,3865,3930,3865,3900,33448,-0.001280409731113985
2024-08-30,3900,3925,3870,3920,25286,0.00512820512820511
2024-09-02,3900,4005,3900,4000,19269,0.020408163265306145
2024-09-03,4000,4085,3980,4040,26976,0.010000000000000009
2024-09-04,4000,4000,3880,3930,56876,-0.027227722772277252
2024-09-05,3890,3995,3840,3985,44538,0.013994910941475869
2024-09-06,3945,3985,3890,3975,40762,-0.0025094102885822034
2024-09-09,3900,4015,3870,4015,34094,0.010062893081761004
2024-09-10,4020,4050,3960,4010,26278,-0.001245330012453305
2024-09-11,3980,4030,3950,4000,21076,-0.0024937655860348684
2024-09-12,3990,4050,3955,4050,17727,0.012499999999999956
2024-09-13,4050,4110,4050,4065,17899,0.0037037037037037646
2024-09-19,4050,4080,4000,4080,17738,0.0036900369003689537
2024-09-20,4080,4120,4045,4120,22623,0.009803921568627416
2024-09-23,4075,4250,4075,4200,38532,0.01941747572815533
2024-09-24,4165,4200,4130,4200,32374,0.0
2024-09-25,4170,4260,4120,4185,69331,-0.0035714285714285587
2024-09-26,4185,4215,4170,4200,34019,0.0035842293906809264
2024-09-27,4225,4225,4175,4200,34487,0.0
2024-09-30,4190,4205,4140,4165,38000,-0.008333333333333304
2024-10-02,4130,4190,4070,4150,64442,-0.0036014405762304635
2024-10-04,4100,4140,4070,4100,67873,-0.012048192771084376
2024-10-07,4075,4130,4070,4125,79536,0.0060975609756097615
2024-10-08,4080,4125,4080,4125,10212,0.0
2024-10-10,4125,4145,4100,4140,22110,0.0036363636363636598
2024-10-11,4140,4170,4125,4170,37064,0.007246376811594235
2024-10-14,4150,4165,4105,4120,37646,-0.011990407673860948
2024-10-15,4110,4155,4100,4150,21810,0.00728155339805836
2024-10-16,4140,4145,4070,4075,11614,-0.01807228915662651
2024-10-17,4075,4095,4050,4070,22622,-0.0012269938650306678
2024-10-18,4100,4100,3925,3990,83297,-0.019656019656019708
2024-10-21,3990,4050,3955,3980,8948,-0.0025062656641604564
2024-10-22,3980,3980,3875,3895,44597,-0.021356783919597944
2024-10-23,3870,3925,3855,3895,26197,0.0
2024-10-24,3895,3895,3795,3810,39432,-0.02182284980744542
2024-10-25,3810,3825,3735,3765,24655,-0.011811023622047223
2024-10-28,3760,3825,3755,3795,60715,0.007968127490039834
2024-10-29,3785,3800,3700,3735,85312,-0.015810276679841917
2024-10-30,3735,3750,3705,3705,22028,-0.008032128514056214
2024-10-31,3690,3935,3650,3920,97510,0.05802968960863697
2024-11-01,3910,4080,3900,4000,158661,0.020408163265306145
2024-11-04,3995,4000,3895,3915,38416,-0.02124999999999999
2024-11-05,3945,3955,3850,3870,25695,-0.011494252873563204
2024-11-06,3860,3885,3790,3845,36839,-0.006459948320413411
2024-11-07,3840,3845,3785,3845,23406,0.0
2024-11-08,3845,3845,3765,3765,40885,-0.020806241872561748
2024-11-11,3760,3775,3590,3600,89184,-0.043824701195219085
2024-11-12,3635,3635,3465,3465,106819,-0.03749999999999998
2024-11-13,3520,3520,3425,3430,83533,-0.010101010101010055
2024-11-14,3425,3560,3425,3440,71199,0.00291545189504383
2024-11-15,3580,3950,3395,3860,628317,0.12209302325581395
2024-11-18,3900,3980,3765,3900,237198,0.010362694300518172
2024-11-19,3980,3980,3830,3880,88418,-0.00512820512820511
2024-11-20,3865,3915,3820,3885,104161,0.0012886597938144284
2024-11-21,3885,3930,3850,3920,38136,0.009009009009008917
2024-11-22,3900,3975,3895,3905,79697,-0.003826530612244916
2024-11-25,3905,3950,3900,3930,88979,0.006402048655569814
2024-11-26,3930,4230,3825,3870,249106,-0.01526717557251911
2024-11-27,3875,3910,3835,3850,69436,-0.0051679586563307955
2024-11-28,3815,3850,3745,3775,43969,-0.01948051948051943
2024-11-29,3775,3775,3645,3655,103844,-0.03178807947019868
2024-12-02,3695,3700,3615,3690,31094,0.009575923392612928
2024-12-03,3685,3700,3620,3650,57759,-0.010840108401083959
2024-12-04,3530,3685,3525,3685,40869,0.009589041095890316
2024-12-05,3655,3655,3530,3565,78894,-0.0325644504748982
2024-12-06,3550,3575,3430,3490,65994,-0.02103786816269282
2024-12-09,3455,3455,3340,3375,201131,-0.03295128939828085
2024-12-10,3380,3530,3380,3530,158594,0.045925925925925926
2024-12-11,3530,3610,3485,3610,133577,0.022662889518413554
2024-12-12,3630,3660,3585,3650,127166,0.011080332409972193
2024-12-13,3650,3675,3620,3665,61953,0.004109589041095818
2024-12-16,3685,3715,3670,3675,56780,0.0027285129604366354
2024-12-17,3715,3715,3600,3650,54444,-0.006802721088435382
2024-12-18,3650,3650,3540,3565,153394,-0.023287671232876672
2024-12-19,3505,3525,3455,3500,113058,-0.018232819074333828
2024-12-20,3485,3485,3410,3440,109433,-0.017142857142857126
2024-12-23,3410,3510,3370,3470,31208,0.008720930232558155
2024-12-24,3495,3530,3445,3530,40110,0.01729106628242083
2024-12-26,3505,3555,3505,3550,73379,0.0056657223796034994
2024-12-27,3495,3515,3410,3445,37957,-0.029577464788732355
2024-12-30,3440,3505,3400,3495,54502,0.014513788098693858
2025-01-02,3450,3470,3405,3410,54070,-0.024320457796852657
2025-01-03,3395,3480,3395,3475,13277,0.019061583577712593
2025-01-06,3485,3510,3460,3505,25213,0.008633093525179936
2025-01-07,3510,3510,3475,3495,16478,-0.0028530670470755526
2025-01-08,3495,3560,3480,3535,16039,0.011444921316166035
2025-01-09,3560,3560,3505,3540,32045,0.0014144271570013522
2025-01-10,3540,3590,3530,3550,33500,0.0028248587570620654
2025-01-13,3570,3570,3485,3500,26504,-0.014084507042253502
2025-01-14,3500,3515,3465,3515,44856,0.004285714285714226
2025-01-15,3515,3550,3515,3520,52056,0.0014224751066855834
2025-01-16,3520,3560,3515,3535,20286,0.0042613636363635354
2025-01-17,3555,3580,3530,3560,21263,0.007072135785006983
2025-01-20,3590,3705,3560,3690,124397,0.03651685393258419
2025-01-21,3690,3745,3630,3675,31018,-0.004065040650406471
2025-01-22,3690,3690,3595,3675,86849,0.0
2025-01-23,3670,3670,3535,3535,43265,-0.03809523809523807
2025-01-24,3570,3600,3525,3575,21777,0.011315417256011262
2025-01-31,3575,3575,3520,3525,20596,-0.013986013986013957
2025-02-03,3525,3630,3430,3435,48490,-0.025531914893617058
2025-02-04,3445,3560,3445,3560,67904,0.0363901018922852
2025-02-05,3560,3575,3530,3560,11412,0.0
2025-02-06,3580,3585,3525,3550,21214,-0.002808988764044895
2025-02-07,3530,3565,3495,3525,48948,-0.007042253521126751
2025-02-10,3490,3505,3440,3465,65425,-0.017021276595744705
2025-02-11,3465,3465,3405,3435,71888,-0.008658008658008698
2025-02-12,3440,3440,3365,3380,104384,-0.01601164483260553
2025-02-13,3400,3435,3385,3420,128743,0.01183431952662728
2025-02-14,3425,3425,3385,3410,33786,-0.0029239766081871066
2025-02-17,3395,3415,3385,3410,26295,0.0
2025-02-18,3425,3435,3370,3425,140715,0.004398826979472137
2025-02-19,3400,3435,3395,3430,82463,0.0014598540145984717
2025-02-20,3415,3455,3415,3435,78031,0.001457725947521915
2025-02-21,3450,3590,3435,3500,354918,0.018922852983988436
2025-02-24,3495,3535,3455,3510,39193,0.0028571428571428914
2025-02-25,3480,3540,3470,3525,33674,0.004273504273504258
2025-02-26,3515,3530,3485,3525,38952,0.0
2025-02-27,3525,3525,3465,3485,40198,-0.01134751773049647
2025-02-28,3440,3475,3370,3380,114176,-0.03012912482065999
2025-03-04,3405,3450,3310,3360,584920,-0.00591715976331364
2025-03-05,3570,3755,3325,3425,4084043,0.019345238095238138
2025-03-06,3440,3475,3405,3420,466503,-0.0014598540145985828
2025-03-07,3400,3660,3390,3495,1378232,0.021929824561403466
2025-03-10,3500,3600,3480,3495,262410,0.0
2025-03-11,3425,3485,3375,3460,169517,-0.010014306151645225
2025-03-12,3430,3485,3430,3470,113381,0.0028901734104045396
2025-03-13,3495,3515,3430,3450,122389,-0.0057636887608069065
2025-03-14,3495,3570,3485,3495,174740,0.01304347826086949
2025-03-17,3525,3550,3455,3480,72720,-0.0042918454935622075
2025-03-18,3480,3545,3480,3530,117128,0.014367816091954033
2025-03-19,3530,3545,3500,3515,56957,-0.004249291784702569
2025-03-20,3515,3530,3460,3475,104464,-0.011379800853485111
2025-03-21,3485,3485,3375,3440,89033,-0.010071942446043147
2025-03-24,3450,3450,3395,3410,68979,-0.008720930232558155
2025-03-25,3410,3425,3375,3395,54219,-0.004398826979472137
2025-03-26,3365,3400,3365,3390,79042,-0.0014727540500736325
2025-03-27,3355,3400,3355,3395,43113,0.001474926253687281
2025-03-28,3385,3405,3315,3320,103678,-0.022091310751104598
2025-03-31,3320,3320,3210,3230,90508,-0.027108433734939763
2025-04-01,3245,3300,3210,3295,63616,0.020123839009287936
2025-04-02,3295,3295,3195,3200,57805,-0.028831562974203306
2025-04-03,3165,3230,3115,3205,71472,0.0015624999999999112
2025-04-04,3215,3275,3165,3220,102700,0.004680187207488196
2025-04-07,3150,3180,3080,3090,85500,-0.04037267080745344
2025-04-08,3130,3190,3110,3120,63203,0.009708737864077666
2025-04-09,3130,3240,3085,3140,72569,0.0064102564102563875
2025-04-10,3270,3270,3180,3235,17106,0.030254777070063632
2025-04-11,3235,3245,3100,3245,33550,0.0030911901081915882
2025-04-14,3245,3310,3245,3265,31444,0.006163328197226425
2025-04-15,3270,3415,3270,3355,147377,0.027565084226646164
2025-04-16,3355,3385,3295,3295,52246,-0.01788375558867361
2025-04-17,3295,3350,3295,3310,26734,0.004552352048558417
2025-04-18,3310,3330,3250,3310,48492,0.0
2025-04-21,3280,3345,3280,3330,15970,0.0060422960725075026
2025-04-22,3330,3365,3270,3330,40060,0.0
2025-04-23,3335,3400,3325,3370,26802,0.012012012012011963
2025-04-24,3400,3400,3335,3370,20540,0.0
2025-04-25,3390,3420,3355,3415,52217,0.01335311572700304
2025-04-28,3415,3435,3370,3370,43640,-0.013177159590043952
2025-04-29,3415,3425,3350,3410,64125,0.011869436201780381
2025-04-30,3460,3475,3410,3470,106430,0.017595307917888547
2025-05-02,3475,3475,3420,3460,21135,-0.0028818443804035088
2025-05-07,3460,3495,3435,3480,61434,0.005780346820809301
2025-05-08,3450,3525,3450,3505,45629,0.007183908045977017
2025-05-09,3510,3520,3460,3475,22487,-0.008559201141226769
2025-05-12,3480,3510,3460,3500,31274,0.007194244604316502
2025-05-13,3505,3520,3450,3475,68571,-0.0071428571428571175
2025-05-14,3480,3500,3430,3485,78246,0.0028776978417266452
2025-05-15,3485,3490,3460,3460,32638,-0.00717360114777621
2025-05-16,3495,3495,3445,3465,23515,0.0014450867052022698
2025-05-19,3465,3470,3400,3410,42500,-0.015873015873015928
2025-05-20,3410,3420,3380,3385,44824,-0.007331378299120228
2025-05-21,3420,3440,3380,3435,36784,0.01477104874446078
2025-05-22,3445,3480,3415,3465,38103,0.008733624454148492
2025-05-23,3465,3510,3450,3465,38389,0.0
2025-05-26,3510,3515,3465,3480,33161,0.0043290043290042934
2025-05-27,3500,3555,3480,3530,77540,0.014367816091954033
2025-05-28,3530,3580,3505,3535,52984,0.0014164305949009304
2025-05-29,3540,3580,3535,3565,50539,0.008486562942008558
2025-05-30,3580,3600,3530,3570,78750,0.0014025245441795509
2025-06-02,3565,3565,3460,3500,75750,-0.019607843137254943
2025-06-04,3500,3585,3440,3585,80019,0.024285714285714244
2025-06-05,3585,3660,3585,3660,123135,0.02092050209205021
2025-06-09,3660,3925,3655,3885,341634,0.061475409836065475
2025-06-10,3850,4010,3850,3955,140374,0.018018018018018056
2025-06-11,3970,3975,3870,3895,105558,-0.015170670037926715
2025-06-12,3915,3915,3840,3885,72508,-0.0025673940949936247
2025-06-13,3885,3905,3740,3785,67553,-0.025740025740025763
2025-06-16,3785,3865,3730,3865,46766,0.021136063408190298
2025-06-17,3870,3900,3775,3815,65095,-0.012936610608020649
2025-06-18,3850,3880,3790,3820,39071,0.001310615989515096
2025-06-19,3820,3840,3775,3840,22059,0.005235602094240788
2025-06-20,3845,3845,3750,3830,43907,-0.0026041666666666297
2025-06-23,3800,3800,3700,3705,62933,-0.03263707571801566
2025-06-24,3710,3800,3710,3785,44368,0.021592442645074206
2025-06-25,3785,3805,3740,3785,41233,0.0
2025-06-26,3800,3800,3665,3720,41350,-0.017173051519154603
2025-06-27,3720,3750,3645,3645,52217,-0.020161290322580627
2025-06-30,3645,3750,3645,3730,53648,0.023319615912208436
2025-07-01,3730,3820,3690,3810,50649,0.02144772117962468
2025-07-02,3790,3790,3710,3765,35178,-0.011811023622047223
2025-07-03,3765,3860,3750,3820,114836,0.014608233731739695
2025-07-04,3845,3935,3820,3825,81707,0.0013089005235602524
2025-07-07,3825,3875,3760,3815,19642,-0.002614379084967311
2025-07-08,3755,3865,3755,3855,31007,0.010484927916120546
2025-07-09,3875,3885,3835,3870,55426,0.0038910505836575737
2025-07-10,3870,3910,3845,3845,57132,-0.006459948320413411
2025-07-11,3880,3885,3840,3845,48680,0.0
2025-07-14,3845,3930,3830,3870,147885,0.006501950585175553
2025-07-15,3880,3880,3815,3850,55972,-0.0051679586563307955
2025-07-16,3875,3875,3800,3820,63020,-0.007792207792207795
2025-07-17,3845,3845,3715,3825,48669,0.0013089005235602524
2025-07-18,3825,3825,3740,3770,28091,-0.01437908496732021
2025-07-21,3750,3830,3745,3825,79216,0.01458885941644561
2025-07-22,3825,3825,3710,3755,60043,-0.018300653594771288
2025-07-23,3755,3790,3715,3770,32904,0.003994673768308976
2025-07-24,3755,3855,3720,3770,95291,0.0
2025-07-25,3765,3820,3680,3765,117171,-0.0013262599469495706
2025-07-28,3800,3800,3655,3720,85103,-0.01195219123505975
2025-07-29,3725,3735,3630,3705,50607,-0.0040322580645161255
2025-07-30,3700,3760,3675,3755,73376,0.013495276653171295
2025-07-31,3755,3780,3690,3755,39403,0.0
2025-08-01,3755,3755,3555,3600,115673,-0.04127829560585883
2025-08-04,3575,3640,3540,3620,47723,0.005555555555555536
2025-08-05,3620,3685,3600,3635,73495,0.004143646408839796
2025-08-06,3635,3660,3625,3650,15189,0.004126547455295837
2025-08-07,3665,3665,3600,3635,23282,-0.004109589041095929
2025-08-08,3645,3645,3565,3595,49033,-0.011004126547455306
2025-08-11,3615,3630,3565,3605,44355,0.0027816411682892728
2025-08-12,3605,3635,3595,3620,27062,0.004160887656033285
2025-08-13,3640,3640,3580,3595,43221,-0.006906077348066253
2025-08-14,3625,3630,3595,3620,19595,0.006954102920723182
2025-08-18,3615,3670,3560,3630,66725,0.0027624309392264568
2025-08-19,3640,3640,3550,3600,91066,-0.008264462809917328
2025-08-20,3570,3585,3510,3560,79262,-0.011111111111111072
2025-08-21,3565,3580,3520,3565,25251,0.001404494382022392
2025-08-22,3565,3585,3340,3515,65112,-0.014025245441795287
2025-08-25,3495,3540,3490,3525,70043,0.002844950213371167
2025-08-26,3550,3550,3480,3550,25683,0.007092198581560183
2025-08-27,3545,3545,3495,3545,17948,-0.0014084507042253502
2025-08-28,3545,3550,3510,3540,23834,-0.0014104372355430161
2025-08-29,3540,3555,3515,3545,44317,0.0014124293785311437
2025-09-01,3560,3560,3475,3520,45504,-0.007052186177715081
2025-09-02,3530,3530,3480,3530,21159,0.0028409090909091717
2025-09-03,3500,3590,3500,3550,26928,0.0056657223796034994
2025-09-04,3585,3615,3550,3615,31497,0.018309859154929553
2025-09-05,3605,3650,3595,3650,49326,0.009681881051175623
2025-09-08,3650,3700,3640,3700,109178,0.013698630136986356
2025-09-09,3690,3800,3670,3785,194070,0.02297297297297307
2025-09-10,3785,3830,3745,3800,178454,0.003963011889035695
2025-09-11,3815,3820,3785,3820,73219,0.0052631578947368585
2025-09-12,3820,3845,3800,3835,75970,0.003926701570680535
2025-09-15,3835,3840,3785,3835,71872,0.0
2025-09-16,3835,3855,3800,3850,54535,0.003911342894393766
2025-09-17,3850,3850,3785,3800,51371,-0.012987012987012991
2025-09-18,3785,3850,3780,3850,25943,0.013157894736842035
2025-09-19,3845,3845,3785,3785,27162,-0.016883116883116833
2025-09-22,3770,3780,3740,3755,75574,-0.00792602377807139
2025-09-23,3770,3770,3720,3735,45798,-0.005326231691078598
2025-09-24,3740,3740,3655,3665,51558,-0.018741633199464536
2025-09-25,3665,3670,3560,3630,134972,-0.009549795361528002
2025-09-26,3600,3600,3545,3595,35935,-0.009641873278236957
2025-09-29,3595,3630,3545,3630,17993,0.009735744089012455
2025-09-30,3610,3620,3590,3615,18844,-0.004132231404958664
2025-10-01,3615,3615,3575,3600,34369,-0.004149377593360981
2025-10-02,3600,3600,3565,3580,47603,-0.005555555555555536
2025-10-10,3580,3590,3475,3510,83594,-0.019553072625698276
2025-10-13,3475,3510,3450,3510,63352,0.0
2025-10-14,3500,3540,3460,3510,66259,0.0
2025-10-15,3510,3550,3490,3550,38821,0.01139601139601143
2025-10-16,3550,3590,3520,3555,47673,0.0014084507042253502
2025-10-17,3555,3565,3430,3450,88124,-0.029535864978902926
2025-10-20,3480,3480,3390,3410,132489,-0.011594202898550732
2025-10-21,3420,3470,3400,3425,68207,0.004398826979472137
2025-10-22,3425,3470,3395,3470,34864,0.013138686131386912
2025-10-23,3470,3560,3430,3460,39046,-0.0028818443804035088
2025-10-24,3480,3480,3425,3465,30518,0.0014450867052022698
2025-10-27,3485,3485,3425,3435,34338,-0.008658008658008698
2025-10-28,3420,3715,3420,3625,375800,0.055312954876273634
2025-10-29,3640,3805,3640,3795,283785,0.04689655172413798
2025-10-30,3730,3745,3620,3735,155817,-0.015810276679841917
2025-10-31,3735,3735,3565,3620,80096,-0.030789825970548912
2025-11-03,3600,3615,3490,3540,132422,-0.02209944751381221
2025-11-04,3540,3580,3500,3580,60565,0.011299435028248483
2025-11-05,3540,3550,3410,3550,182040,-0.008379888268156388
2025-11-06,3510,3590,3495,3590,102514,0.011267605633802802
2025-11-07,3540,3560,3450,3520,176836,-0.01949860724233987
2025-11-10,3505,3560,3505,3550,53238,0.008522727272727293
2025-11-11,3550,3570,3445,3500,106344,-0.014084507042253502
2025-11-12,3470,3520,3470,3520,37833,0.005714285714285783
2025-11-13,3520,3520,3465,3480,76786,-0.011363636363636354
2025-11-14,3450,3470,3415,3420,57501,-0.017241379310344862
2025-11-17,3425,3425,3345,3350,152626,-0.020467836257309968
2025-11-18,3350,3350,3280,3340,189839,-0.0029850746268657025
2025-11-19,3340,3450,3335,3435,115345,0.02844311377245501
2025-11-20,3435,3445,3380,3420,59451,-0.004366812227074246
2025-11-21,3365,3430,3325,3430,45060,0.0029239766081872176
2025-11-24,3420,3420,3325,3380,53842,-0.014577259475218707
2025-11-25,3380,3385,3265,3295,77660,-0.025147928994082802
2025-11-26,3300,3310,3275,3290,75411,-0.0015174506828528056
2025-11-27,3300,3315,3240,3305,118813,0.004559270516717229
2025-11-28,3305,3335,3260,3330,41785,0.0075642965204236745
2025-12-01,3335,3360,3295,3315,33256,-0.0045045045045044585
2025-12-02,3315,3390,3300,3390,76279,0.02262443438914019
2025-12-03,3390,3405,3355,3405,27146,0.004424778761061843
2025-12-04,3405,3405,3340,3370,37192,-0.01027900146842875
2025-12-05,3390,3395,3355,3370,29302,0.0
2025-12-08,3400,3455,3375,3430,151748,0.017804154302670572
2025-12-09,3430,3430,3390,3425,18380,-0.001457725947521915
2025-12-10,3425,3450,3405,3440,68694,0.004379562043795637
2025-12-11,3440,3530,3415,3500,83116,0.01744186046511631
2025-12-12,3530,3600,3500,3600,154775,0.02857142857142847
2025-12-15,3590,3730,3505,3685,153762,0.023611111111111027
2025-12-16,3685,3690,3595,3625,81448,-0.016282225237449155
2025-12-17,3650,3665,3585,3610,24671,-0.004137931034482789
2025-12-18,3605,3650,3555,3650,52068,0.011080332409972193
2025-12-19,3640,3695,3595,3695,64337,0.012328767123287676
2025-12-22,3690,3695,3655,3680,31839,-0.004059539918809252
2025-12-23,3675,3675,3540,3595,91370,-0.02309782608695654
2025-12-24,3585,3615,3570,3615,17227,0.0055632823365785455
2025-12-26,3600,3615,3550,3570,33090,-0.012448132780082943
2025-12-29,3535,3540,3475,3500,99166,-0.019607843137254943
2025-12-30,3500,3500,3460,3500,23683,0.0
2026-01-02,3500,3525,3480,3495,63888,-0.0014285714285714457
2026-01-05,3500,3500,3440,3470,110174,-0.007153075822603716
2026-01-06,3470,3475,3435,3455,65448,-0.004322766570605152
2026-01-07,3455,3455,3330,3375,137517,-0.02315484804630974
2026-01-08,3375,3375,3305,3315,68309,-0.01777777777777778
2026-01-09,3315,3350,3300,3325,88424,0.003016591251885359
2026-01-12,3350,3395,3330,3395,47093,0.021052631578947434
2026-01-13,3400,3410,3355,3390,52428,-0.0014727540500736325
2026-01-14,3390,3405,3350,3400,98186,0.002949852507374562
2026-01-15,3400,3425,3380,3425,34723,0.007352941176470562
2026-01-16,3420,3425,3385,3400,130755,-0.007299270072992692
2026-01-19,3400,3410,3370,3390,40622,-0.002941176470588225
2026-01-20,3365,3415,3350,3400,69289,0.002949852507374562
2026-01-21,3435,3455,3335,3395,164619,-0.0014705882352941124
2026-01-22,3395,3405,3375,3405,47778,0.002945508100147265
2026-01-23,3410,3485,3400,3435,102284,0.008810572687224738
2026-01-26,3465,3515,3400,3505,116063,0.020378457059679667
2026-01-27,3505,3505,3435,3480,86342,-0.007132667617689048
2026-01-28,3480,3510,3450,3470,189459,-0.002873563218390829
2026-01-29,3465,3510,3430,3465,171555,-0.0014409221902017544
2026-01-30,3450,3475,3395,3460,150320,-0.0014430014430014682
