Date,Open,High,Low,Close,Volume,Change
2022-01-03,19050,19500,18850,19050,184724,0.002631578947368318
2022-01-04,19150,19250,18650,18900,201914,-0.007874015748031482
2022-01-05,18850,18900,18250,18350,327638,-0.02910052910052907
2022-01-06,18100,18250,17600,17650,244370,-0.038147138964577665
2022-01-07,17650,18600,17650,18450,251407,0.04532577903682711
2022-01-10,18550,18550,18000,18200,109036,-0.013550135501354976
2022-01-11,18250,18400,17800,17850,101919,-0.019230769230769273
2022-01-12,18100,18250,17900,18200,99308,0.019607843137254832
2022-01-13,18250,18250,17750,17750,122499,-0.02472527472527475
2022-01-14,17650,17700,17300,17450,218569,-0.016901408450704203
2022-01-17,17400,17700,17350,17500,70571,0.002865329512893977
2022-01-18,17500,17700,17100,17150,95876,-0.020000000000000018
2022-01-19,17150,17550,17000,17300,145902,0.008746355685131268
2022-01-20,17100,17550,17050,17550,84681,0.014450867052023142
2022-01-21,17400,19400,17300,18500,1324204,0.054131054131054235
2022-01-24,18250,18500,17650,17900,309954,-0.032432432432432434
2022-01-25,18000,18250,17050,17350,251578,-0.030726256983240274
2022-01-26,17500,17500,17000,17150,163963,-0.011527377521613813
2022-01-27,17150,17200,16450,16500,186427,-0.03790087463556846
2022-01-28,16500,17350,16400,17300,123093,0.048484848484848575
2022-02-03,17550,17750,17300,17500,81256,0.011560693641618602
2022-02-04,17500,17750,17300,17550,87761,0.0028571428571428914
2022-02-07,17700,17750,17450,17650,78497,0.005698005698005604
2022-02-08,17600,18150,17600,17800,250810,0.008498583569405138
2022-02-09,19000,19350,18550,18800,1170313,0.05617977528089879
2022-02-10,18750,19250,18400,18400,383174,-0.021276595744680882
2022-02-11,18250,18650,18050,18200,200054,-0.010869565217391353
2022-02-14,17700,17950,17000,17400,267669,-0.04395604395604391
2022-02-15,17300,17700,17000,17150,162266,-0.014367816091954033
2022-02-16,17600,18000,17400,18000,139306,0.04956268221574334
2022-02-17,17800,18050,17200,17650,175719,-0.019444444444444486
2022-02-18,17350,17800,17050,17650,94488,0.0
2022-02-21,17350,18000,17250,17700,94058,0.0028328611898016387
2022-02-22,17400,17500,17200,17250,104877,-0.025423728813559365
2022-02-23,17400,17650,17300,17600,74553,0.020289855072463725
2022-02-24,17300,17450,17000,17150,237060,-0.025568181818181768
2022-02-25,17350,17600,17300,17550,93079,0.023323615160349753
2022-02-28,17400,17750,17350,17450,72648,-0.005698005698005715
2022-03-02,17450,17700,17350,17650,78176,0.011461318051575908
2022-03-03,17650,18000,17600,18000,148149,0.019830028328611915
2022-03-04,18350,18400,17550,17600,243169,-0.022222222222222254
2022-03-07,17300,17450,17000,17350,180793,-0.014204545454545414
2022-03-08,17050,17200,16950,17000,110884,-0.02017291066282423
2022-03-10,17400,17650,17350,17650,164975,0.038235294117647145
2022-03-11,17450,18100,17350,18000,150599,0.019830028328611915
2022-03-14,17950,17950,17500,17600,82114,-0.022222222222222254
2022-03-15,17500,17750,17400,17550,63102,-0.0028409090909090606
2022-03-16,17650,18350,17600,18250,231673,0.03988603988603989
2022-03-17,18350,18450,17900,18150,164418,-0.005479452054794498
2022-03-18,18150,18150,17800,18000,90918,-0.008264462809917328
2022-03-21,18050,18200,17550,17850,107190,-0.008333333333333304
2022-03-22,17800,18100,17750,18000,53589,0.008403361344537785
2022-03-23,18000,18300,18000,18250,102940,0.01388888888888884
2022-03-24,18100,18900,17950,18850,286833,0.03287671232876721
2022-03-25,18950,21600,18800,21450,5286982,0.13793103448275867
2022-03-28,21950,23850,21450,22950,4789586,0.06993006993007
2022-03-29,22950,24250,22750,23650,1986049,0.030501089324618702
2022-03-30,23900,24250,22800,23050,1201505,-0.025369978858350906
2022-03-31,23150,23500,22500,23200,616661,0.006507592190889477
2022-04-01,22850,23100,22300,22650,825337,-0.023706896551724088
2022-04-04,22450,22650,21800,22350,620666,-0.013245033112582738
2022-04-05,22300,22600,21800,22050,725053,-0.01342281879194629
2022-04-06,21950,22650,21400,22400,2098880,0.015873015873015817
2022-04-07,24200,25150,20550,20850,14937780,-0.0691964285714286
2022-04-08,20650,20800,19600,19650,1853203,-0.05755395683453235
2022-04-11,19900,20300,19350,19450,1553401,-0.010178117048346036
2022-04-12,18900,20050,18900,19250,1844249,-0.010282776349614386
2022-04-13,19700,20050,19100,19200,1020248,-0.0025974025974025983
2022-04-14,19300,19450,18900,19250,518748,0.0026041666666667407
2022-04-15,19350,19450,18900,18950,602945,-0.01558441558441559
2022-04-18,18900,18950,18600,18800,344684,-0.0079155672823219
2022-04-19,18950,19250,18900,18950,492991,0.007978723404255428
2022-04-20,18750,19750,18500,19400,1120279,0.0237467018469657
2022-04-21,19100,19200,18350,18400,1018979,-0.05154639175257736
2022-04-22,18100,18400,17800,17950,505856,-0.024456521739130488
2022-04-25,17650,17900,17500,17650,341509,-0.01671309192200554
2022-04-26,17750,17900,17600,17700,238140,0.0028328611898016387
2022-04-27,17450,17500,17200,17350,341238,-0.019774011299435013
2022-04-28,17500,17600,17250,17300,228935,-0.0028818443804035088
2022-04-29,17400,17600,17350,17400,224450,0.005780346820809301
2022-05-02,17200,17400,17050,17400,222917,0.0
2022-05-03,17450,17500,17250,17350,210992,-0.002873563218390829
2022-05-04,17300,17450,16850,17000,290663,-0.02017291066282423
2022-05-06,16800,16900,16550,16750,279452,-0.014705882352941124
2022-05-09,16650,16750,16050,16350,317406,-0.023880597014925398
2022-05-10,16050,16400,15750,16350,329059,0.0
2022-05-11,16250,16450,16050,16150,242678,-0.012232415902140636
2022-05-12,15900,17300,15850,16200,2058906,0.003095975232198178
2022-05-13,15950,16750,15700,15800,1394994,-0.024691358024691357
2022-05-16,16300,16450,15950,16050,542947,0.015822784810126667
2022-05-17,15950,16100,15800,15900,268469,-0.009345794392523366
2022-05-18,15900,16050,15650,15800,282973,-0.0062893081761006275
2022-05-19,15800,16250,15400,15450,648005,-0.022151898734177222
2022-05-20,15450,15850,15400,15700,275264,0.016181229773462702
2022-05-23,15850,15850,15500,15600,228083,-0.006369426751592355
2022-05-24,15550,15700,15250,15250,196617,-0.022435897435897467
2022-05-25,15250,15650,15100,15550,189176,0.01967213114754096
2022-05-26,15500,15700,15400,15500,178037,-0.003215434083601254
2022-05-27,15650,15700,15400,15500,152838,0.0
2022-05-30,15650,15850,15600,15750,151791,0.016129032258064502
2022-05-31,15750,15800,15600,15800,152385,0.0031746031746031633
2022-06-02,15750,15850,15400,15650,117724,-0.009493670886076
2022-06-03,15800,15950,15600,15650,205587,0.0
2022-06-07,15600,15900,15350,15400,219995,-0.015974440894568676
2022-06-08,15500,15500,15150,15250,168351,-0.009740259740259716
2022-06-09,15100,15600,15000,15600,298106,0.022950819672131084
2022-06-10,15300,15700,15250,15300,149348,-0.019230769230769273
2022-06-13,14950,15000,14350,14350,293238,-0.06209150326797386
2022-06-14,13800,14450,13800,14050,333561,-0.020905923344947785
2022-06-15,13900,14250,13650,14000,213924,-0.003558718861209953
2022-06-16,14150,14500,13750,13900,184212,-0.0071428571428571175
2022-06-17,13500,13850,13500,13800,238168,-0.007194244604316502
2022-06-20,13800,13950,13200,13500,200434,-0.021739130434782594
2022-06-21,13500,13800,13350,13650,124228,0.011111111111111072
2022-06-22,13650,13800,13150,13300,168503,-0.02564102564102566
2022-06-23,13150,13450,12750,12800,315761,-0.03759398496240607
2022-06-24,12700,13700,12700,13650,281748,0.06640625
2022-06-27,13800,14700,13700,14300,547801,0.04761904761904767
2022-06-28,14400,14600,13850,14000,319381,-0.020979020979020935
2022-06-29,14050,14400,12950,13050,692134,-0.06785714285714284
2022-06-30,13100,13100,12600,12700,446212,-0.026819923371647514
2022-07-01,12800,13450,12500,12550,590457,-0.011811023622047223
2022-07-04,12650,12800,12350,12450,273883,-0.007968127490039834
2022-07-05,12550,13150,12500,13000,258469,0.04417670682730934
2022-07-06,12950,13500,12800,13150,256077,0.011538461538461497
2022-07-07,13150,13500,13100,13450,128116,0.02281368821292773
2022-07-08,13550,13800,13400,13700,195735,0.018587360594795488
2022-07-11,13800,13900,13400,13650,218137,-0.0036496350364964014
2022-07-12,13500,13550,13200,13200,135123,-0.03296703296703296
2022-07-13,13100,13350,12950,13200,100450,0.0
2022-07-14,13000,13550,12950,13350,106710,0.011363636363636465
2022-07-15,13300,13450,12800,13050,105901,-0.022471910112359605
2022-07-18,13250,13600,13250,13600,81491,0.04214559386973171
2022-07-19,13500,13650,13300,13500,91066,-0.007352941176470562
2022-07-20,13750,14000,13550,13700,117028,0.014814814814814836
2022-07-21,13850,13950,13600,13800,76247,0.007299270072992803
2022-07-22,13750,13850,13450,13500,83319,-0.021739130434782594
2022-07-25,13450,13700,13350,13650,66293,0.011111111111111072
2022-07-26,13500,13650,13450,13550,50011,-0.0073260073260073
2022-07-27,13550,13650,13450,13650,40847,0.007380073800737907
2022-07-28,13850,14050,13550,13650,174673,0.0
2022-07-29,13750,14000,13700,13800,81789,0.01098901098901095
2022-08-01,13850,13900,13600,13800,64851,0.0
2022-08-02,13850,13850,13450,13500,93301,-0.021739130434782594
2022-08-03,13650,14050,13550,14000,141418,0.03703703703703698
2022-08-04,14300,14350,13900,14100,162333,0.0071428571428571175
2022-08-05,14250,14250,14100,14150,66303,0.0035460992907800915
2022-08-08,14050,14150,13850,14150,104365,0.0
2022-08-09,14050,14350,14000,14300,130775,0.010600706713780994
2022-08-10,14200,14300,13800,13850,161547,-0.03146853146853146
2022-08-11,14050,14150,13900,14050,85177,0.014440433212996373
2022-08-12,13950,14150,13850,14100,117303,0.003558718861210064
2022-08-16,14250,14250,14050,14150,75064,0.0035460992907800915
2022-08-17,14100,14150,13800,13950,105096,-0.014134275618374548
2022-08-18,13850,14000,13600,13900,87652,-0.0035842293906810374
2022-08-19,13850,13900,13600,13600,83217,-0.021582733812949617
2022-08-22,13550,13550,13250,13250,114527,-0.02573529411764708
2022-08-23,13050,13300,12900,13050,114795,-0.015094339622641506
2022-08-24,13100,13700,13050,13300,336463,0.019157088122605304
2022-08-25,13300,13500,13150,13500,97198,0.015037593984962516
2022-08-26,13500,14000,13450,13650,190448,0.011111111111111072
2022-08-29,13350,13650,13150,13200,218654,-0.03296703296703296
2022-08-30,13200,13500,13200,13450,71836,0.018939393939394034
2022-08-31,13300,13550,13250,13400,100253,-0.0037174721189591198
2022-09-01,13300,13350,12950,13050,99391,-0.026119402985074647
2022-09-02,13000,13200,12800,12950,100196,-0.007662835249042099
2022-09-05,12750,13000,12700,12850,63691,-0.007722007722007707
2022-09-06,12900,13150,12900,13050,61426,0.015564202334630295
2022-09-07,13800,15000,13400,13650,6387522,0.04597701149425282
2022-09-08,13850,14500,13700,13950,1319042,0.0219780219780219
2022-09-13,14300,14450,14000,14100,532279,0.010752688172043001
2022-09-14,13700,14350,13700,14150,427617,0.0035460992907800915
2022-09-15,14200,15300,13850,14650,2388017,0.035335689045936425
2022-09-16,14400,14500,14050,14050,411624,-0.04095563139931746
2022-09-19,14200,14500,13650,13650,470757,-0.028469750889679735
2022-09-20,13800,14050,13700,13700,236951,0.00366300366300365
2022-09-21,13900,14200,13800,14000,292690,0.021897810218978186
2022-09-22,13750,13900,13200,13550,335065,-0.03214285714285714
2022-09-23,13450,13550,13000,13050,277077,-0.03690036900369009
2022-09-26,13300,13350,12400,12500,414524,-0.04214559386973182
2022-09-27,12500,12800,12350,12650,269525,0.01200000000000001
2022-09-28,12550,12650,12000,12050,326170,-0.04743083003952564
2022-09-29,12250,12450,11900,11900,183640,-0.012448132780082943
2022-09-30,11750,12050,11600,11800,188923,-0.008403361344537785
2022-10-04,12000,12300,11950,12200,135192,0.03389830508474567
2022-10-05,12450,12450,11650,11650,259668,-0.04508196721311475
2022-10-06,11750,12200,11750,12100,191701,0.03862660944205998
2022-10-07,12000,12150,11800,11950,154938,-0.012396694214875992
2022-10-11,11800,12450,11500,11650,574617,-0.025104602510460206
2022-10-12,11600,11750,11450,11600,192646,-0.0042918454935622075
2022-10-13,11500,11600,11200,11200,260558,-0.03448275862068961
2022-10-14,11450,11750,11400,11700,164436,0.044642857142857206
2022-10-17,11450,12650,11400,12400,664398,0.05982905982905984
2022-10-18,12600,12850,12500,12750,335013,0.02822580645161299
2022-10-19,12650,12850,12400,12500,221290,-0.019607843137254943
2022-10-20,12300,12500,12200,12400,137381,-0.008000000000000007
2022-10-21,12350,12400,12150,12200,98261,-0.016129032258064502
2022-10-24,12450,12650,12350,12550,109279,0.028688524590164022
2022-10-25,12600,12650,12350,12500,76175,-0.003984063745019917
2022-10-26,12500,12700,12400,12600,93948,0.008000000000000007
2022-10-27,12550,12800,12500,12650,106380,0.003968253968253954
2022-10-28,12550,12700,12500,12500,61434,-0.011857707509881465
2022-10-31,12600,12900,12450,12850,115208,0.028000000000000025
2022-11-01,12900,13150,12700,13000,170405,0.011673151750972721
2022-11-02,13150,13700,12950,13100,423073,0.007692307692307665
2022-11-03,12750,12950,12700,12800,134012,-0.022900763358778664
2022-11-04,12700,12750,12400,12650,132632,-0.01171875
2022-11-07,12700,12900,12600,12850,81254,0.015810276679841806
2022-11-08,13050,13250,12950,13150,157384,0.023346303501945442
2022-11-09,13350,13600,13150,13450,249086,0.02281368821292773
2022-11-10,13250,13300,13000,13100,153380,-0.026022304832713727
2022-11-11,13600,13700,13300,13650,265960,0.041984732824427384
2022-11-14,13650,13700,13450,13600,152693,-0.00366300366300365
2022-11-15,13600,14050,13450,13850,248493,0.018382352941176405
2022-11-16,13900,14050,13550,13850,174215,0.0
2022-11-17,13850,13850,13550,13650,99230,-0.014440433212996373
2022-11-18,13750,13900,13350,13400,150762,-0.01831501831501836
2022-11-21,13350,13450,13150,13150,134565,-0.018656716417910446
2022-11-22,13050,13250,12750,12900,177781,-0.019011406844106515
2022-11-23,12900,13350,12900,13300,113407,0.03100775193798455
2022-11-24,13450,13600,13350,13500,86727,0.015037593984962516
2022-11-25,13400,13600,13300,13550,116342,0.0037037037037037646
2022-11-28,13450,13500,12700,12850,235738,-0.05166051660516602
2022-11-29,12800,12900,12550,12850,171458,0.0
2022-11-30,12850,12900,12650,12750,491914,-0.0077821011673151474
2022-12-01,13000,13250,13000,13150,196197,0.031372549019607954
2022-12-02,13050,13050,12800,12950,116315,-0.01520912547528519
2022-12-05,12950,13150,12900,13050,99165,0.007722007722007707
2022-12-06,13050,13350,12750,12750,320418,-0.02298850574712641
2022-12-07,12750,12750,12400,12600,147386,-0.0117647058823529
2022-12-08,12600,12800,12450,12500,170820,-0.007936507936507908
2022-12-09,12600,12900,12550,12800,129443,0.02400000000000002
2022-12-12,12750,13000,12600,12750,88271,-0.00390625
2022-12-13,12800,12950,12750,12900,68398,0.0117647058823529
2022-12-14,12950,13250,12800,13100,148157,0.015503875968992276
2022-12-15,13000,13200,12950,13050,72980,-0.003816793893129722
2022-12-16,12900,12950,12700,12700,100349,-0.026819923371647514
2022-12-19,12700,13300,12650,12900,191457,0.015748031496062964
2022-12-20,12800,13050,12700,12750,108791,-0.011627906976744207
2022-12-21,12800,12900,12600,12800,121080,0.0039215686274509665
2022-12-22,12900,13150,12850,13100,148618,0.0234375
2022-12-23,12950,13100,12800,12950,206537,-0.011450381679389277
2022-12-26,12850,13000,12800,12950,159352,0.0
2022-12-27,12950,13300,12950,13050,372905,0.007722007722007707
2022-12-28,12900,12900,12350,12400,266026,-0.04980842911877392
2022-12-29,12300,12350,11650,11700,289001,-0.056451612903225756
2023-01-02,11700,11900,11300,11400,182118,-0.02564102564102566
2023-01-03,11350,11500,11050,11350,179418,-0.004385964912280715
2023-01-04,11350,11600,11250,11550,81440,0.017621145374449254
2023-01-05,11600,11850,11500,11600,116871,0.0043290043290042934
2023-01-06,11500,11950,11500,11900,116547,0.02586206896551735
2023-01-09,12000,12300,12000,12200,104649,0.025210084033613356
2023-01-10,12200,12350,12000,12200,94772,0.0
2023-01-11,12350,12650,12300,12550,107120,0.028688524590164022
2023-01-12,12700,12700,12350,12450,71629,-0.007968127490039834
2023-01-13,12500,12650,12300,12450,75705,0.0
2023-01-16,12500,12700,12450,12600,62915,0.012048192771084265
2023-01-17,12600,12650,12350,12450,67341,-0.011904761904761862
2023-01-18,12400,12650,12400,12500,85557,0.004016064257028162
2023-01-19,12400,12700,12350,12600,102354,0.008000000000000007
2023-01-20,12500,12700,12450,12650,71940,0.003968253968253954
2023-01-25,12780,12910,12750,12880,107678,0.018181818181818077
2023-01-26,12810,13170,12810,13060,141683,0.013975155279503104
2023-01-27,13160,13160,13010,13150,95994,0.006891271056661541
2023-01-30,13170,13370,13050,13140,105548,-0.0007604562737643095
2023-01-31,13160,13250,13050,13210,72827,0.0053272450532724225
2023-02-01,13260,13410,13110,13130,178651,-0.006056018168054456
2023-02-02,13260,13410,13160,13250,93102,0.009139375476009182
2023-02-03,13370,13800,13150,13660,458387,0.030943396226415176
2023-02-06,14350,14470,13670,13700,1630826,0.002928257686676483
2023-02-07,13580,13630,13430,13490,272719,-0.01532846715328462
2023-02-08,13570,14050,13520,13840,409275,0.02594514455151975
2023-02-09,13770,13930,13630,13840,164039,0.0
2023-02-10,13780,13780,13360,13410,304553,-0.03106936416184969
2023-02-13,13550,13630,13400,13560,158416,0.01118568232662187
2023-02-14,13550,13650,13200,13250,138799,-0.02286135693215341
2023-02-15,13270,13430,12900,12940,170153,-0.023396226415094312
2023-02-16,13030,13390,13030,13380,132046,0.03400309119010814
2023-02-17,13150,13340,13110,13190,115306,-0.01420029895366215
2023-02-20,13200,13550,13040,13490,144016,0.022744503411675554
2023-02-21,13610,13620,13310,13350,102257,-0.010378057820607856
2023-02-22,13090,13150,12920,12950,139477,-0.029962546816479363
2023-02-23,13090,13200,13020,13160,63974,0.016216216216216273
2023-02-24,13140,13230,12960,12970,85406,-0.014437689969604817
2023-02-27,12920,12970,12710,12800,96579,-0.013107170393215073
2023-02-28,12810,13140,12810,13100,68036,0.0234375
2023-03-02,13110,13110,12790,12790,137077,-0.023664122137404542
2023-03-03,12850,13090,12770,12850,92972,0.004691164972634887
2023-03-06,12870,12980,12790,12870,78610,0.0015564202334630295
2023-03-07,12870,13370,12870,13320,232848,0.034965034965035
2023-03-08,13200,13200,13020,13170,99321,-0.011261261261261257
2023-03-09,13270,14110,13270,13680,847608,0.03872437357630987
2023-03-10,13700,13800,12950,12980,420298,-0.051169590643274865
2023-03-13,12920,13570,12730,13380,340574,0.03081664098613257
2023-03-14,13310,13440,12640,12640,241788,-0.05530642750373693
2023-03-15,12960,12980,12630,12660,141694,0.0015822784810126667
2023-03-16,12650,12690,12310,12370,139720,-0.02290679304897314
2023-03-17,12600,12990,12510,12830,124350,0.037186742118027416
2023-03-20,12850,12960,12450,12470,235595,-0.028059236165237755
2023-03-21,12510,12590,12210,12250,217319,-0.017642341619887758
2023-03-22,12450,12600,12260,12530,214890,0.02285714285714291
2023-03-23,12480,12480,12160,12210,193043,-0.025538707102952918
2023-03-24,12250,12310,12170,12210,155254,0.0
2023-03-27,12220,12480,11980,12330,184533,0.00982800982800991
2023-03-28,12360,12540,12360,12490,101936,0.012976480129764711
2023-03-29,12480,12590,12390,12560,94485,0.005604483586869602
2023-03-30,12570,12650,12460,12570,121951,0.0007961783439489611
2023-03-31,12650,12840,12600,12710,142133,0.011137629276054106
2023-04-03,12870,12910,12600,12810,147381,0.007867820613689958
2023-04-04,12680,12910,12660,12900,168040,0.007025761124121788
2023-04-05,12820,12900,12710,12770,87387,-0.010077519379844913
2023-04-06,12650,12740,12440,12450,141368,-0.025058731401722767
2023-04-07,12460,12740,12460,12680,90893,0.01847389558232937
2023-04-10,12620,12660,12450,12540,95349,-0.01104100946372244
2023-04-11,12510,12860,12510,12820,189408,0.022328548644338087
2023-04-12,12830,12890,12720,12740,75001,-0.006240249609984372
2023-04-13,12860,12870,12630,12760,85129,0.0015698587127157548
2023-04-14,12780,12920,12770,12820,103820,0.004702194357366851
2023-04-17,12860,13270,12790,13190,215939,0.028861154446177872
2023-04-18,13230,13390,13030,13120,146335,-0.005307050796057644
2023-04-19,13200,13830,13040,13780,508804,0.05030487804878048
2023-04-20,14010,14040,13460,13470,495739,-0.022496371552975347
2023-04-21,13470,13600,13140,13280,152118,-0.01410541945063104
2023-04-24,13300,13380,12900,12940,149534,-0.025602409638554202
2023-04-25,13000,13130,12580,12740,185159,-0.015455950540958274
2023-04-26,12620,12930,12590,12840,120202,0.007849293563579218
2023-04-27,13080,13150,12520,13010,243248,0.013239875389408073
2023-04-28,13100,13110,12180,12200,445245,-0.062259800153727896
2023-05-02,12230,12400,12090,12300,113962,0.008196721311475308
2023-05-03,12150,12300,11990,12000,161915,-0.024390243902439046
2023-05-04,11900,11970,11800,11820,156093,-0.015000000000000013
2023-05-08,11910,12090,11850,12000,102063,0.015228426395939021
2023-05-09,12010,12010,11820,11920,101007,-0.00666666666666671
2023-05-10,11820,11910,11740,11750,117725,-0.014261744966442946
2023-05-11,11810,11980,11790,11800,89193,0.004255319148936065
2023-05-12,11780,11910,11620,11710,103676,-0.007627118644067843
2023-05-15,11700,11900,11600,11900,109579,0.016225448334756587
2023-05-16,11920,11990,11800,11800,82376,-0.008403361344537785
2023-05-17,11810,11950,11710,11920,60169,0.01016949152542379
2023-05-18,11940,12000,11870,11920,71051,0.0
2023-05-19,11960,12190,11920,12160,125695,0.020134228187919545
2023-05-22,12160,12260,12070,12170,95932,0.000822368421052655
2023-05-23,12210,12350,12100,12320,98009,0.012325390304026351
2023-05-24,12180,12300,12170,12240,57629,-0.00649350649350644
2023-05-25,12290,12370,12110,12210,69427,-0.002450980392156854
2023-05-26,12210,12270,12000,12000,51917,-0.017199017199017175
2023-05-30,12120,12280,12000,12260,71395,0.021666666666666723
2023-05-31,12160,12310,12060,12160,52452,-0.00815660685154973
2023-06-01,12060,12350,12040,12200,55471,0.00328947368421062
2023-06-02,12210,12330,12130,12300,52347,0.008196721311475308
2023-06-05,12240,12400,12240,12300,57346,0.0
2023-06-07,12310,12420,11980,12030,237519,-0.02195121951219514
2023-06-08,12030,12110,11990,12060,97807,0.0024937655860348684
2023-06-09,12190,12470,12110,12280,219802,0.018242122719734688
2023-06-12,12250,12390,12100,12210,104708,-0.005700325732899025
2023-06-13,12170,12290,12080,12130,120788,-0.006552006552006606
2023-06-14,12100,12110,11850,11950,156870,-0.01483924154987637
2023-06-15,11950,12010,11630,11780,179717,-0.014225941422594146
2023-06-16,11890,12170,11850,11880,157454,0.008488964346349714
2023-06-19,11890,11990,11800,11850,70075,-0.002525252525252486
2023-06-20,11850,11970,11800,11820,60555,-0.0025316455696202667
2023-06-21,11800,11840,11650,11690,87071,-0.010998307952622688
2023-06-22,11810,11820,11650,11730,42940,0.0034217279726260763
2023-06-23,11720,11890,11720,11860,65086,0.011082693947144007
2023-06-26,11740,11880,11740,11780,50728,-0.006745362563237767
2023-06-27,11760,11820,11610,11760,93004,-0.001697792869269965
2023-06-28,11770,13730,11770,12880,4993138,0.09523809523809534
2023-06-29,12680,12950,12080,12140,1021591,-0.05745341614906829
2023-06-30,12320,12380,12100,12100,262579,-0.0032948929159802853
2023-07-03,12120,12450,12120,12280,218812,0.014876033057851235
2023-07-04,12280,12290,11990,12160,201733,-0.009771986970684043
2023-07-05,12110,12310,12040,12040,126704,-0.009868421052631526
2023-07-06,12150,12150,11720,11790,195257,-0.020764119601328956
2023-07-07,11800,11820,11500,11510,198124,-0.02374893977947412
2023-07-10,11510,11690,11310,11530,102651,0.0017376194613378804
2023-07-11,11540,11840,11540,11700,81122,0.014744145706851786
2023-07-12,11750,11830,11700,11810,89552,0.009401709401709368
2023-07-13,11880,11950,11710,11820,75923,0.0008467400508043177
2023-07-14,11830,11840,11600,11740,86791,-0.006768189509306244
2023-07-17,11650,11810,11630,11800,66873,0.005110732538330387
2023-07-18,11760,11830,11520,11520,140603,-0.023728813559321993
2023-07-19,11510,11580,11390,11400,112026,-0.01041666666666663
2023-07-20,11400,11510,11260,11350,86485,-0.004385964912280715
2023-07-21,11310,11350,11180,11220,123139,-0.011453744493392093
2023-07-24,11220,11230,10970,11080,173637,-0.012477718360071277
2023-07-25,11060,11060,10770,10800,213005,-0.02527075812274371
2023-07-26,10760,10770,10270,10320,312161,-0.0444444444444444
2023-07-27,10280,10780,10280,10680,143036,0.03488372093023262
2023-07-28,10630,10840,10540,10730,73233,0.004681647940074862
2023-07-31,10730,11160,10710,11010,120969,0.026095060577819185
2023-08-01,10930,11180,10820,11100,78197,0.008174386920980936
2023-08-02,11130,11130,10850,11050,70651,-0.0045045045045044585
2023-08-03,11050,11070,10820,11000,74821,-0.004524886877828038
2023-08-04,10940,11090,10850,11020,57123,0.0018181818181817189
2023-08-07,11040,11430,10880,11200,143807,0.016333938294010864
2023-08-08,11300,11300,10940,10960,69557,-0.021428571428571463
2023-08-09,10890,11110,10860,11080,52969,0.010948905109489093
2023-08-10,11000,11290,10970,11220,61651,0.012635379061371799
2023-08-11,11160,11320,11110,11220,60243,0.0
2023-08-14,11220,11300,11130,11230,51676,0.0008912655971480277
2023-08-16,11060,11180,10940,11100,75350,-0.011576135351736405
2023-08-17,11000,11070,10770,10950,68884,-0.013513513513513487
2023-08-18,10790,10950,10650,10890,76852,-0.005479452054794498
2023-08-21,10980,11180,10800,11090,69794,0.018365472910927494
2023-08-22,11020,11050,10880,10890,62022,-0.01803426510369699
2023-08-23,10790,10990,10740,10900,56322,0.0009182736455464191
2023-08-24,11000,11230,10810,11130,96215,0.02110091743119269
2023-08-25,10960,11100,10960,11020,47759,-0.009883198562443796
2023-08-28,11200,11200,11030,11120,34491,0.00907441016333932
2023-08-29,11180,11270,11050,11270,52606,0.013489208633093552
2023-08-30,11270,11400,11200,11260,76361,-0.0008873114463177068
2023-08-31,11300,11350,11060,11060,62475,-0.017761989342806372
2023-09-01,11080,11280,11070,11160,66136,0.009041591320072317
2023-09-04,11160,11240,11080,11110,35893,-0.0044802867383512135
2023-09-05,11080,11200,11030,11040,42967,-0.006300630063006296
2023-09-06,11020,11120,10950,10960,34675,-0.007246376811594235
2023-09-07,10930,11080,10900,10940,38169,-0.0018248175182481452
2023-09-08,10980,11080,10930,11060,58564,0.010968921389396646
2023-09-11,11180,11180,10960,11030,36500,-0.002712477396021651
2023-09-12,11030,11280,11020,11080,61302,0.00453309156844961
2023-09-13,11160,11210,11010,11100,54633,0.0018050541516245744
2023-09-14,11200,11200,11100,11150,61391,0.0045045045045044585
2023-09-15,11150,11320,11150,11240,71950,0.008071748878923701
2023-09-18,11160,11270,11110,11170,38440,-0.00622775800711739
2023-09-19,11170,11280,11080,11170,44193,0.0
2023-09-20,11170,11220,11050,11100,43449,-0.006266786034019645
2023-09-21,11100,11120,10750,10840,107792,-0.023423423423423406
2023-09-22,10770,10830,10600,10650,72107,-0.017527675276752808
2023-09-25,10600,10730,10590,10690,40840,0.00375586854460086
2023-09-26,10630,10730,10580,10730,54111,0.00374181478016844
2023-09-27,10650,10740,10590,10720,41023,-0.0009319664492077884
2023-10-04,10700,10710,10350,10460,95958,-0.02425373134328357
2023-10-05,10540,10720,10400,10560,50211,0.009560229445506607
2023-10-06,10530,10660,10480,10580,33068,0.0018939393939394478
2023-10-10,10520,10780,10470,10560,58873,-0.001890359168241984
2023-10-11,10560,10700,10530,10620,48706,0.005681818181818121
2023-10-12,10590,10720,10590,10710,48132,0.008474576271186418
2023-10-13,10640,10750,10530,10600,57730,-0.010270774976657293
2023-10-16,10640,10640,10360,10450,53951,-0.014150943396226467
2023-10-17,10450,10640,10430,10590,44654,0.013397129186602852
2023-10-18,10700,10760,10500,10500,113293,-0.008498583569405138
2023-10-19,10450,10450,10300,10360,62771,-0.013333333333333308
2023-10-20,10270,10430,10080,10280,114920,-0.007722007722007707
2023-10-23,10190,10350,10170,10340,54508,0.005836575875486361
2023-10-24,10430,10640,10200,10590,74736,0.024177949709864643
2023-10-25,10560,10650,10480,10630,34373,0.0037771482530688516
2023-10-26,10560,10560,10300,10370,64505,-0.024459078080903085
2023-10-27,10400,10540,10270,10460,64227,0.00867888138862094
2023-10-30,10520,10520,10360,10420,41585,-0.003824091778202643
2023-10-31,10410,10530,10250,10330,66645,-0.008637236084452993
2023-11-01,10350,10650,10350,10600,65031,0.02613746369796699
2023-11-02,10750,10870,10690,10840,67362,0.02264150943396226
2023-11-03,10830,11030,10720,10990,64891,0.013837638376383854
2023-11-06,11090,11150,10920,11140,127341,0.01364877161055511
2023-11-07,11150,11210,10940,11140,81999,0.0
2023-11-08,11140,11230,11080,11120,36814,-0.0017953321364452268
2023-11-09,11170,11190,11060,11190,41379,0.00629496402877705
2023-11-10,11050,11150,10930,11000,33332,-0.016979445933869575
2023-11-13,11090,11100,10930,10980,19801,-0.0018181818181818299
2023-11-14,10990,11180,10990,11060,41972,0.007285974499089187
2023-11-15,11210,11260,11150,11210,46693,0.013562386980108476
2023-11-16,11290,11360,11200,11360,74145,0.01338090990187335
2023-11-17,11400,11400,11230,11360,46402,0.0
2023-11-20,11250,11450,11250,11400,43356,0.0035211267605634866
2023-11-21,11440,11540,11380,11540,77824,0.012280701754386003
2023-11-22,11510,11590,11400,11580,55194,0.0034662045060658286
2023-11-23,11540,11580,11420,11430,34980,-0.012953367875647714
2023-11-24,11490,11690,11420,11560,79449,0.01137357830271224
2023-11-27,11570,11690,11500,11690,60693,0.011245674740484324
2023-11-28,11690,11740,11530,11540,36482,-0.01283147989734812
2023-11-29,11480,11630,11410,11480,49142,-0.005199306759098743
2023-11-30,11480,12160,11320,12150,385397,0.058362369337979114
2023-12-01,12390,13340,12200,12960,1970878,0.06666666666666665
2023-12-04,13000,13430,12580,12760,993789,-0.015432098765432056
2023-12-05,12980,12980,12410,12650,465224,-0.008620689655172376
2023-12-06,12650,13910,12630,13820,3052118,0.09249011857707501
2023-12-07,14040,14270,13080,13230,1369751,-0.04269175108538348
2023-12-08,13170,13500,13040,13430,382088,0.015117157974300799
2023-12-11,13210,13330,12900,12960,323993,-0.034996276991809405
2023-12-12,12960,13120,12770,12950,258542,-0.0007716049382715529
2023-12-13,12950,13050,12790,12850,135758,-0.007722007722007707
2023-12-14,13020,13160,12390,12620,344509,-0.01789883268482495
2023-12-15,12700,12700,12180,12250,341438,-0.029318541996830483
2023-12-18,12300,12310,12060,12250,186816,0.0
2023-12-19,12130,12380,12130,12350,105076,0.008163265306122547
2023-12-20,12400,12670,12350,12580,187811,0.018623481781376627
2023-12-21,12560,12600,12340,12510,134045,-0.00556438791732905
2023-12-22,12610,12620,12420,12440,188178,-0.005595523581135131
2023-12-26,12490,12500,12290,12370,270626,-0.00562700964630225
2023-12-27,12100,12160,11780,11860,307199,-0.04122877930476965
2023-12-28,11900,12090,11860,12000,112948,0.01180438448566612
2024-01-02,12000,12220,11920,12180,97097,0.014999999999999902
2024-01-03,12070,12080,11850,12000,158650,-0.014778325123152691
2024-01-04,11990,11990,11770,11850,135732,-0.012499999999999956
2024-01-05,11770,11860,11600,11630,106757,-0.018565400843881807
2024-01-08,11630,11770,11510,11680,84805,0.004299226139294898
2024-01-09,11840,11890,11680,11710,107788,0.0025684931506848585
2024-01-10,12010,12500,11870,12450,593029,0.06319385140905198
2024-01-11,12700,12950,12560,12790,647638,0.027309236947791193
2024-01-12,12840,13040,12300,12390,264095,-0.03127443315089917
2024-01-15,12390,12520,12200,12500,131886,0.008878127522195411
2024-01-16,12500,12510,12030,12070,172090,-0.034399999999999986
2024-01-17,12090,12190,11860,11860,165239,-0.0173985086992543
2024-01-18,12040,12090,11700,11950,95793,0.007588532883642474
2024-01-19,12510,12970,12200,12270,439066,0.02677824267782425
2024-01-22,12460,12570,12210,12250,141124,-0.0016299918500407573
2024-01-23,12370,12370,12150,12150,69934,-0.008163265306122436
2024-01-24,12100,12340,12090,12270,74101,0.009876543209876631
2024-01-25,12110,12320,12050,12210,110509,-0.004889975550122272
2024-01-26,12270,12360,12050,12260,88201,0.004095004095004073
2024-01-29,12300,12440,12150,12180,114957,-0.006525285481239762
2024-01-30,12300,12570,12240,12480,175375,0.024630541871921263
2024-01-31,12530,12540,12160,12250,158028,-0.018429487179487225
2024-02-01,12260,12590,12250,12340,221738,0.007346938775510292
2024-02-02,12490,12530,12360,12480,216495,0.011345218800648205
2024-02-05,12580,12590,12400,12540,125714,0.004807692307692291
2024-02-06,12540,12540,12150,12150,162915,-0.031100478468899517
2024-02-07,12220,12280,11890,12160,219686,0.0008230452674897748
2024-02-08,12220,12430,12130,12190,146480,0.002467105263157965
2024-02-13,12230,12340,12200,12240,89140,0.00410172272354381
2024-02-14,12510,12940,12330,12920,594901,0.05555555555555558
2024-02-15,13000,13340,12750,13240,916858,0.024767801857585203
2024-02-16,13240,13340,13040,13260,272421,0.0015105740181269312
2024-02-19,13420,13610,13070,13080,437829,-0.013574660633484115
2024-02-20,13150,13660,12950,12980,555681,-0.007645259938837912
2024-02-21,12920,13170,12880,12900,189315,-0.006163328197226536
2024-02-22,12920,13150,12850,12980,140927,0.006201550387596955
2024-02-23,13100,13320,13000,13250,293870,0.02080123266563949
2024-02-26,13300,13380,13000,13020,219018,-0.017358490566037776
2024-02-27,12990,13100,12740,12900,166138,-0.009216589861751112
2024-02-28,12950,13240,12950,13180,198486,0.02170542635658923
2024-02-29,13200,13250,13100,13150,148995,-0.0022761760242792084
2024-03-04,13200,13390,12970,12990,173140,-0.012167300380228174
2024-03-05,13000,13280,13000,13120,152567,0.01000769822940728
2024-03-06,13060,13190,12960,13120,120040,0.0
2024-03-07,13050,13210,12330,12380,361634,-0.05640243902439024
2024-03-08,12380,12630,12380,12390,126133,0.0008077544426494665
2024-03-11,12380,12490,12260,12270,101787,-0.009685230024213065
2024-03-12,12290,12390,12230,12300,79060,0.0024449877750611915
2024-03-13,12380,12380,12190,12200,97290,-0.008130081300813052
2024-03-14,12270,12440,12190,12390,100045,0.015573770491803307
2024-03-15,12280,12380,12190,12290,94378,-0.008071025020177536
2024-03-18,12300,12310,12180,12210,75027,-0.006509357200976451
2024-03-19,12210,12330,11680,11940,249467,-0.02211302211302213
2024-03-20,11960,11990,11700,11720,186904,-0.018425460636515956
2024-03-21,11830,11960,11790,11880,70668,0.013651877133105783
2024-03-22,11900,11950,11800,11850,83509,-0.002525252525252486
2024-03-25,11860,11870,11630,11690,141576,-0.013502109704641385
2024-03-26,11720,11770,11660,11710,77733,0.0017108639863130382
2024-03-27,11780,11970,11730,11880,125652,0.014517506404782221
2024-03-28,11900,11940,11700,11730,88814,-0.012626262626262652
2024-03-29,11740,11870,11650,11650,72313,-0.006820119352088705
2024-04-01,11720,11770,11650,11740,96625,0.007725321888411907
2024-04-02,11700,11740,11450,11470,138704,-0.022998296422487186
2024-04-03,11460,11480,11360,11420,98302,-0.0043591979075849885
2024-04-04,11520,11540,11320,11430,89811,0.0008756567425569628
2024-04-05,11300,11400,11270,11360,119997,-0.006124234470691214
2024-04-08,11400,11400,11070,11180,166045,-0.015845070422535246
2024-04-09,11190,11260,11120,11150,45578,-0.0026833631484793896
2024-04-11,11080,11180,10850,11130,60781,-0.0017937219730941312
2024-04-12,11200,11260,11020,11160,56528,0.0026954177897573484
2024-04-15,11070,11150,10930,11140,68912,-0.0017921146953404632
2024-04-16,11080,11080,10820,10840,81532,-0.026929982046678624
2024-04-17,10860,11320,10860,11300,139031,0.04243542435424352
2024-04-18,11200,11390,11170,11370,54918,0.006194690265486802
2024-04-19,11260,11400,11200,11400,111295,0.0026385224274405594
2024-04-22,11460,11720,11450,11710,151124,0.027192982456140324
2024-04-23,11730,11740,11440,11540,57550,-0.014517506404782221
2024-04-24,11640,11700,11550,11620,48857,0.006932409012131657
2024-04-25,11540,11660,11490,11590,40090,-0.002581755593803803
2024-04-26,11670,11670,11510,11590,33412,0.0
2024-04-29,11590,11650,11510,11590,63871,0.0
2024-04-30,11630,11650,11520,11580,41116,-0.0008628127696289623
2024-05-02,11530,12070,11530,11920,176593,0.029360967184801412
2024-05-03,12100,12130,11900,12010,147561,0.007550335570469802
2024-05-07,12060,12140,11900,11980,77823,-0.0024979184013321776
2024-05-08,11970,12030,11890,11950,51964,-0.0025041736227044975
2024-05-09,11940,11980,11770,11830,56922,-0.010041841004184149
2024-05-10,11870,11890,11750,11800,101367,-0.002535925612848655
2024-05-13,11800,11880,11670,11800,72736,0.0
2024-05-14,11780,12010,11780,11810,73853,0.0008474576271186862
2024-05-16,11940,11950,11760,11800,56301,-0.0008467400508044287
2024-05-17,11880,12030,11660,11700,128746,-0.008474576271186418
2024-05-20,11660,11840,11660,11700,54846,0.0
2024-05-21,11700,11750,11490,11520,57623,-0.01538461538461533
2024-05-22,11610,11700,11380,11390,83022,-0.01128472222222221
2024-05-23,11390,11450,11260,11330,49269,-0.005267778753292318
2024-05-24,11250,11420,11230,11260,49018,-0.0061782877316858276
2024-05-27,11280,11420,11260,11420,56546,0.014209591474245054
2024-05-28,11290,11350,11280,11300,61589,-0.010507880910682998
2024-05-29,11300,11350,11130,11200,83648,-0.008849557522123908
2024-05-30,11200,11280,11080,11170,65404,-0.002678571428571419
2024-05-31,11200,11300,11170,11180,39442,0.0008952551477170445
2024-06-03,11240,11300,11170,11210,45835,0.0026833631484795006
2024-06-04,11200,11260,11080,11080,73244,-0.011596788581623496
2024-06-05,11080,11160,11050,11140,43431,0.005415162454873723
2024-06-07,11140,11240,11140,11170,41691,0.0026929982046679513
2024-06-10,11130,11540,11100,11300,118400,0.011638316920322245
2024-06-11,11300,11580,11300,11470,88133,0.01504424778761071
2024-06-12,11410,11500,11390,11460,36632,-0.0008718395815170421
2024-06-13,11490,11520,11230,11230,104093,-0.02006980802792324
2024-06-14,11260,11350,11220,11270,52856,0.003561887800534347
2024-06-17,11270,11290,11140,11170,50201,-0.008873114463176623
2024-06-18,11240,11240,11120,11150,52753,-0.0017905102954342
2024-06-19,11230,11240,11100,11130,54816,-0.0017937219730941312
2024-06-20,11120,11220,11030,11050,65566,-0.007187780772686447
2024-06-21,11060,11090,10960,10990,51398,-0.005429864253393646
2024-06-24,10970,11050,10870,10870,51936,-0.010919017288444022
2024-06-25,10960,11180,10900,11140,83519,0.02483900643974235
2024-06-26,11170,11170,11000,11010,67501,-0.011669658886894085
2024-06-27,11000,11020,10890,10950,47071,-0.00544959128065392
2024-06-28,10890,11050,10890,10960,43245,0.0009132420091324533
2024-07-01,10960,11100,10910,11100,45362,0.012773722627737127
2024-07-02,11050,11180,10920,10950,43561,-0.013513513513513487
2024-07-03,10930,11030,10770,10770,101129,-0.016438356164383605
2024-07-04,10850,10880,10760,10760,30479,-0.0009285051067781103
2024-07-05,10710,10950,10710,10760,45861,0.0
2024-07-08,10770,10850,10650,10780,51069,0.0018587360594795044
2024-07-09,10750,10880,10710,10860,30929,0.007421150278293043
2024-07-10,10800,10870,10750,10770,49838,-0.008287292817679592
2024-07-11,10770,10840,10760,10770,51140,0.0
2024-07-12,10770,10960,10770,10900,58769,0.0120705663881151
2024-07-15,10950,10960,10790,10890,34074,-0.0009174311926605228
2024-07-16,10890,10930,10810,10890,37740,0.0
2024-07-17,10920,11020,10890,10980,57167,0.008264462809917328
2024-07-18,10980,11040,10830,11020,56923,0.0036429872495447047
2024-07-19,10920,11020,10840,10860,47859,-0.014519056261342977
2024-07-22,10810,10860,10680,10800,54797,-0.0055248618784530246
2024-07-23,10750,10850,10740,10750,50598,-0.00462962962962965
2024-07-24,10690,10840,10640,10690,53056,-0.00558139534883717
2024-07-25,10680,10680,10400,10600,97894,-0.008419083255378879
2024-07-26,10650,10750,10500,10600,89167,0.0
2024-07-29,10500,10600,10360,10440,143855,-0.015094339622641506
2024-07-30,10350,10380,10130,10220,171320,-0.021072796934865856
2024-07-31,10190,10350,10080,10340,77763,0.011741682974559797
2024-08-01,10220,12120,10210,10780,4370564,0.042553191489361764
2024-08-02,10450,11400,10320,10470,1812446,-0.0287569573283859
2024-08-05,10620,10670,9560,9620,613191,-0.08118433619866283
2024-08-06,9650,10350,9650,10100,405132,0.0498960498960499
2024-08-07,10000,10200,9990,10080,151639,-0.001980198019801982
2024-08-08,9930,10130,9780,10080,153775,0.0
2024-08-09,10180,10230,10010,10040,111032,-0.003968253968253954
2024-08-12,10020,10160,9990,10130,107332,0.008964143426294813
2024-08-13,10080,10160,9970,9970,88344,-0.015794669299111552
2024-08-14,10030,10090,9990,10040,77317,0.007021063189568633
2024-08-16,10070,10160,9940,9990,139533,-0.004980079681274896
2024-08-19,9980,10040,9880,9880,87494,-0.011011011011010985
2024-08-20,9850,10010,9850,10010,86598,0.013157894736842035
2024-08-21,9940,10040,9940,10030,76699,0.0019980019980019303
2024-08-22,10030,10080,9960,9990,87661,-0.003988035892322994
2024-08-23,9930,10020,9910,10000,60461,0.0010010010010010895
2024-08-26,10030,10030,9890,9950,88852,-0.0050000000000000044
2024-08-27,9900,10000,9850,9950,51007,0.0
2024-08-28,9950,10000,9850,9890,59661,-0.0060301507537688925
2024-08-29,9800,9870,9770,9780,59064,-0.011122345803842304
2024-08-30,9760,9940,9760,9790,75529,0.0010224948875254825
2024-09-02,10140,10150,9790,9820,239548,0.003064351378958108
2024-09-03,9830,10000,9830,9870,98177,0.005091649694501044
2024-09-04,9790,9790,9540,9610,189002,-0.02634245187436679
2024-09-05,9600,9780,9460,9520,112063,-0.009365244536940653
2024-09-06,9540,9580,9330,9360,116722,-0.01680672268907568
2024-09-09,9320,9400,9150,9350,76635,-0.0010683760683760646
2024-09-10,9350,9470,9220,9350,86110,0.0
2024-09-11,9340,9390,9220,9320,42741,-0.0032085561497325887
2024-09-12,9330,9480,9320,9360,67028,0.0042918454935623185
2024-09-13,9460,9460,9320,9420,44500,0.0064102564102563875
2024-09-19,9450,9520,9320,9420,59321,0.0
2024-09-20,9490,9520,9400,9510,41491,0.009554140127388644
2024-09-23,9510,9550,9420,9500,31801,-0.001051524710830698
2024-09-24,9510,9600,9490,9580,37189,0.008421052631578885
2024-09-25,9650,9670,9580,9600,56674,0.0020876826722338038
2024-09-26,9600,9700,9590,9680,35647,0.008333333333333304
2024-09-27,9680,9820,9650,9750,60067,0.00723140495867769
2024-09-30,9850,9870,9630,9630,41016,-0.012307692307692353
2024-10-02,9700,9700,9440,9500,43986,-0.01349948078920038
2024-10-04,9650,9700,9460,9520,35496,0.002105263157894832
2024-10-07,9510,9650,9480,9600,24582,0.008403361344537785
2024-10-08,9600,9640,9500,9500,31967,-0.01041666666666663
2024-10-10,9530,9590,9450,9520,29683,0.002105263157894832
2024-10-11,9570,9570,9410,9420,51754,-0.010504201680672232
2024-10-14,9420,9500,9380,9480,34070,0.006369426751592355
2024-10-15,9420,9560,9420,9480,38103,0.0
2024-10-16,9440,9520,9410,9490,27170,0.001054852320675037
2024-10-17,9490,9530,9420,9440,30818,-0.005268703898840932
2024-10-18,9440,9470,9280,9390,82772,-0.005296610169491567
2024-10-21,9310,9440,9270,9420,42471,0.0031948881789136685
2024-10-22,9420,9430,9170,9250,70226,-0.018046709129511673
2024-10-23,9280,9390,9170,9340,43702,0.00972972972972963
2024-10-24,9260,9340,9180,9270,45585,-0.00749464668094213
2024-10-25,9330,9330,9100,9120,81181,-0.016181229773462813
2024-10-28,9120,9220,9080,9200,30523,0.00877192982456143
2024-10-29,9140,9250,9120,9210,32852,0.0010869565217390686
2024-10-30,9260,9260,9160,9170,26095,-0.004343105320304019
2024-10-31,9150,9240,9070,9160,41213,-0.0010905125408942062
2024-11-01,9090,9190,9090,9140,32310,-0.0021834061135370675
2024-11-04,9090,9350,9090,9340,69323,0.02188183807439814
2024-11-05,9200,9350,9200,9330,27148,-0.0010706638115631772
2024-11-06,9370,9380,9200,9200,44122,-0.01393354769560562
2024-11-07,9280,9290,9110,9170,37869,-0.003260869565217428
2024-11-08,9270,9370,9150,9160,36001,-0.0010905125408942062
2024-11-11,9150,9230,9050,9070,57357,-0.009825327510917026
2024-11-12,9040,9110,8850,8850,94900,-0.02425578831312014
2024-11-13,8870,9040,8710,8830,106518,-0.002259887005649719
2024-11-14,8700,8880,8700,8770,75483,-0.006795016987542479
2024-11-15,8700,9030,8700,8870,81792,0.011402508551881407
2024-11-18,8850,8980,8780,8880,58292,0.0011273957158963732
2024-11-19,8800,8960,8800,8860,54217,-0.0022522522522522292
2024-11-20,8850,8970,8810,8900,33242,0.004514672686230181
2024-11-21,8950,9150,8890,9100,67447,0.022471910112359605
2024-11-22,9070,9280,9070,9200,84079,0.01098901098901095
2024-11-25,9160,9330,9160,9300,66310,0.010869565217391353
2024-11-26,9280,9420,9220,9360,60147,0.006451612903225712
2024-11-27,9430,9450,9310,9430,33836,0.007478632478632452
2024-11-28,9470,9470,9300,9330,43251,-0.010604453870625696
2024-11-29,9300,9320,9180,9220,53470,-0.011789924973204746
2024-12-02,9230,9350,9190,9230,64136,0.0010845986984815426
2024-12-03,9170,9310,9170,9240,73007,0.0010834236186347823
2024-12-04,9100,9240,9100,9240,62314,0.0
2024-12-05,9170,9200,8960,9000,116922,-0.025974025974025983
2024-12-06,9000,9080,8740,8870,126814,-0.014444444444444482
2024-12-09,8620,8800,8260,8290,222243,-0.0653889515219842
2024-12-10,8440,9060,8410,9030,132206,0.0892641737032569
2024-12-11,9100,9560,9100,9390,155039,0.039867109634551534
2024-12-12,9600,9600,9340,9450,158520,0.006389776357827559
2024-12-13,9540,9860,9460,9770,188823,0.033862433862433816
2024-12-16,9720,9770,9470,9590,84630,-0.0184237461617196
2024-12-17,9590,9670,9500,9630,44454,0.004171011470281538
2024-12-18,9630,9660,9420,9560,139216,-0.007268951194184803
2024-12-19,9500,9510,9370,9410,51749,-0.01569037656903771
2024-12-20,9380,9450,9250,9330,63934,-0.008501594048884176
2024-12-23,9450,9540,9350,9540,41637,0.022508038585209
2024-12-24,9550,9630,9490,9590,58239,0.00524109014675056
2024-12-26,9590,9640,9510,9610,156080,0.002085505735140769
2024-12-27,9180,9280,8940,9040,158495,-0.0593132154006244
2024-12-30,9040,9040,8760,8840,113253,-0.02212389380530977
2025-01-02,8750,8820,8670,8770,76255,-0.007918552036199067
2025-01-03,8700,9010,8700,8880,126245,0.012542759407069504
2025-01-06,8810,8950,8810,8900,48451,0.0022522522522523403
2025-01-07,8900,8970,8860,8890,50560,-0.0011235955056180247
2025-01-08,8860,8890,8740,8870,52518,-0.0022497187851518996
2025-01-09,8820,8870,8740,8840,52733,-0.0033821871476887866
2025-01-10,8800,8890,8760,8860,27600,0.002262443438914019
2025-01-13,8820,8870,8660,8760,55707,-0.011286681715575675
2025-01-14,8810,8850,8720,8850,35611,0.010273972602739656
2025-01-15,8820,8880,8800,8850,25571,0.0
2025-01-16,8820,8940,8820,8870,41933,0.002259887005649608
2025-01-17,8800,8920,8800,8820,24256,-0.005636978579481422
2025-01-20,8850,8870,8750,8870,44194,0.005668934240362855
2025-01-21,8890,8890,8730,8760,32306,-0.012401352874859106
2025-01-22,8730,8820,8680,8740,73922,-0.0022831050228310223
2025-01-23,8740,8750,8550,8610,75636,-0.014874141876430214
2025-01-24,8530,8690,8530,8690,37985,0.009291521486643362
2025-01-31,8740,8740,8530,8590,75738,-0.011507479861910253
2025-02-03,8510,8550,8290,8370,122586,-0.025611175785797413
2025-02-04,8410,8650,8410,8630,106089,0.031063321385901954
2025-02-05,8640,8690,8590,8680,37657,0.005793742757821629
2025-02-06,8650,8710,8620,8680,49292,0.0
2025-02-07,8650,8740,8620,8730,64265,0.005760368663594528
2025-02-10,8630,8730,8600,8730,58008,0.0
2025-02-11,8700,8740,8570,8600,54965,-0.014891179839633395
2025-02-12,8620,8630,8450,8460,61490,-0.016279069767441867
2025-02-13,8510,8650,8500,8610,63563,0.01773049645390068
2025-02-14,8610,8670,8570,8650,44741,0.004645760743321681
2025-02-17,8650,8800,8620,8780,65474,0.015028901734104094
2025-02-18,8800,8800,8650,8770,30976,-0.001138952164009166
2025-02-19,8700,8840,8700,8780,65253,0.0011402508551880963
2025-02-20,8700,8930,8700,8830,67162,0.005694760820045497
2025-02-21,8830,8850,8750,8830,35567,0.0
2025-02-24,8800,8800,8680,8790,39160,-0.0045300113250282825
2025-02-25,8720,8800,8720,8780,31049,-0.0011376564277588708
2025-02-26,8700,8840,8700,8830,35890,0.005694760820045497
2025-02-27,8830,8840,8700,8780,51734,-0.005662514156285381
2025-02-28,8700,8710,8560,8560,75288,-0.02505694760820043
2025-03-04,8540,8610,8410,8480,40785,-0.009345794392523366
2025-03-05,8560,8760,8510,8720,52846,0.028301886792452935
2025-03-06,8720,8830,8670,8750,58716,0.0034403669724769603
2025-03-07,8620,8790,8620,8740,30981,-0.0011428571428571122
2025-03-10,8680,8800,8630,8780,32655,0.004576659038901587
2025-03-11,8630,8670,8510,8650,63096,-0.014806378132118492
2025-03-12,8580,8690,8580,8670,24161,0.0023121387283238093
2025-03-13,8670,8680,8550,8550,87141,-0.01384083044982698
2025-03-14,8600,8610,8490,8530,81570,-0.002339181286549752
2025-03-17,8530,8620,8460,8570,45771,0.004689331770222793
2025-03-18,8570,8590,8500,8530,37083,-0.004667444574095736
2025-03-19,8530,8590,8460,8590,38675,0.00703399765533419
2025-03-20,8620,8640,8550,8630,33646,0.00465657741559955
2025-03-21,8660,8700,8600,8690,55963,0.006952491309385911
2025-03-24,8610,8730,8600,8650,23124,-0.004602991944764101
2025-03-25,8570,8690,8500,8640,53724,-0.0011560693641619046
2025-03-26,8660,8730,8600,8630,55667,-0.0011574074074074403
2025-03-27,8530,8650,8530,8590,19123,-0.004634994206257237
2025-03-28,8570,8610,8450,8550,40086,-0.00465657741559955
2025-03-31,8530,8530,8270,8400,78832,-0.01754385964912286
2025-04-01,8440,8540,8330,8400,61456,0.0
2025-04-02,8420,8500,8290,8320,45560,-0.00952380952380949
2025-04-03,8260,8320,8150,8250,50666,-0.008413461538461564
2025-04-04,8150,8440,8140,8440,61923,0.023030303030302957
2025-04-07,8180,8250,7970,8140,143339,-0.03554502369668244
2025-04-08,8170,8260,8010,8190,61666,0.006142506142506221
2025-04-09,8010,8110,7980,8090,51287,-0.012210012210012167
2025-04-10,8170,8390,8170,8380,67864,0.03584672435105074
2025-04-11,8270,8400,8210,8270,42216,-0.013126491646778038
2025-04-14,8250,8370,8250,8340,31359,0.00846432889963733
2025-04-15,8280,8470,8270,8450,44211,0.01318944844124692
2025-04-16,8370,8450,8300,8400,33993,-0.00591715976331364
2025-04-17,8410,8480,8330,8480,23279,0.00952380952380949
2025-04-18,8410,8620,8400,8620,61648,0.01650943396226423
2025-04-21,8560,8710,8560,8690,43068,0.008120649651972123
2025-04-22,8600,8720,8600,8660,29113,-0.0034522439585730202
2025-04-23,8660,8700,8640,8690,43292,0.0034642032332563577
2025-04-24,8630,8720,8620,8720,17257,0.0034522439585731313
2025-04-25,8720,8780,8660,8750,58594,0.0034403669724769603
2025-04-28,8760,8780,8580,8730,50443,-0.0022857142857143353
2025-04-29,8730,8780,8700,8770,21974,0.004581901489117968
2025-04-30,8750,8790,8640,8720,37251,-0.005701254275940704
2025-05-02,8630,8830,8630,8710,26487,-0.0011467889908256534
2025-05-07,8790,8790,8690,8740,26693,0.003444316877152742
2025-05-08,8720,8780,8710,8780,26291,0.004576659038901587
2025-05-09,8780,8810,8720,8780,15376,0.0
2025-05-12,8780,8860,8760,8850,76499,0.007972665148063829
2025-05-13,8900,8900,8810,8870,33616,0.002259887005649608
2025-05-14,8900,8910,8850,8910,32444,0.004509582863585049
2025-05-15,8850,8950,8840,8920,36065,0.001122334455667895
2025-05-16,8890,8920,8790,8860,40895,-0.006726457399103158
2025-05-19,8780,8830,8730,8830,29376,-0.003386004514672636
2025-05-20,8890,8890,8690,8700,58137,-0.014722536806342057
2025-05-21,8710,8790,8700,8730,18318,0.0034482758620688614
2025-05-22,8750,8880,8690,8700,45229,-0.0034364261168384758
2025-05-23,8670,8740,8660,8700,15756,0.0
2025-05-26,8830,8830,8700,8770,26901,0.008045977011494232
2025-05-27,8780,8790,8680,8760,37796,-0.0011402508551880963
2025-05-28,8750,8840,8700,8780,66269,0.0022831050228311334
2025-05-29,8770,9010,8750,9000,97940,0.02505694760820054
2025-05-30,9050,9190,8950,9100,66720,0.011111111111111072
2025-06-02,9080,9150,8950,8980,35348,-0.01318681318681314
2025-06-04,9070,9410,9070,9370,120895,0.04342984409799544
2025-06-05,9360,9420,9290,9400,60833,0.0032017075773747017
2025-06-09,9600,10130,9580,9960,454461,0.05957446808510647
2025-06-10,10340,10360,9870,10190,276340,0.02309236947791171
2025-06-11,10210,10480,10010,10390,280611,0.01962708537782132
2025-06-12,10320,10370,10110,10120,693746,-0.025986525505293567
2025-06-13,10250,10310,9810,10210,453922,0.008893280632411127
2025-06-16,10190,10580,10090,10340,326095,0.01273261508325163
2025-06-17,10550,10560,10110,10220,195145,-0.011605415860735047
2025-06-18,10300,10760,10270,10750,334608,0.051859099804305364
2025-06-19,11500,11690,10960,11210,871607,0.042790697674418565
2025-06-20,11440,11690,11030,11690,452935,0.04281891168599472
2025-06-23,11460,11740,11170,11360,483552,-0.028229255774165907
2025-06-24,11800,12450,11330,12150,999570,0.06954225352112675
2025-06-25,12190,12650,11520,11670,1020393,-0.03950617283950619
2025-06-26,11400,11430,10750,10760,433220,-0.07797772065124253
2025-06-27,10880,10970,10670,10820,321644,0.005576208178438735
2025-06-30,10730,10860,10540,10810,104845,-0.0009242144177449285
2025-07-01,10820,11630,10780,11140,567752,0.030527289546715908
2025-07-02,11190,11200,10810,10860,178819,-0.025134649910233398
2025-07-03,10880,11010,10750,10850,119640,-0.0009208103130755596
2025-07-04,10940,10970,10810,10840,106417,-0.0009216589861751334
2025-07-07,10950,11130,10900,11000,146804,0.014760147601476037
2025-07-08,11150,11160,10960,11120,121425,0.01090909090909098
2025-07-09,11430,12500,11240,12160,2242401,0.09352517985611519
2025-07-10,12000,12210,11700,12020,463161,-0.011513157894736836
2025-07-11,12690,13070,12300,12830,1963558,0.0673876871880199
2025-07-14,12710,12790,11440,12370,767531,-0.03585346843335935
2025-07-15,12850,12950,12240,12330,613036,-0.003233629749393674
2025-07-16,12150,12400,11820,12100,328588,-0.018653690186536953
2025-07-17,12570,12650,12010,12060,408968,-0.0033057851239669533
2025-07-18,12130,12230,11970,12050,161255,-0.0008291873963516272
2025-07-21,12270,12280,11750,11780,241438,-0.02240663900414941
2025-07-22,11730,11910,11510,11600,308954,-0.015280135823429575
2025-07-23,11500,11580,11200,11430,202512,-0.014655172413793105
2025-07-24,11380,11480,11080,11130,158347,-0.026246719160105014
2025-07-25,11170,11440,11160,11280,169343,0.013477088948786964
2025-07-28,11460,11500,11000,11070,192553,-0.018617021276595702
2025-07-29,11080,11160,10920,10930,123154,-0.012646793134598044
2025-07-30,10980,11010,10830,10850,99199,-0.007319304666056681
2025-07-31,10940,10950,10710,10840,89988,-0.0009216589861751334
2025-08-01,10730,10730,10320,10320,139573,-0.047970479704797064
2025-08-04,10140,10530,10140,10340,100439,0.0019379844961240345
2025-08-05,10310,10480,10290,10430,154374,0.008704061895551174
2025-08-06,10490,10490,10280,10430,64392,0.0
2025-08-07,10530,10630,10430,10630,71499,0.019175455417066223
2025-08-08,10650,10710,10510,10540,67957,-0.008466603951081897
2025-08-11,10550,10620,10350,10520,40101,-0.00189753320683117
2025-08-12,10570,10790,10490,10540,75007,0.0019011406844107182
2025-08-13,10550,10590,10420,10500,96321,-0.003795066413662229
2025-08-14,10530,10640,10400,10500,58792,0.0
2025-08-18,10420,10460,10290,10370,56491,-0.012380952380952381
2025-08-19,10380,10420,10190,10300,39211,-0.0067502410800385215
2025-08-20,10190,10240,10010,10230,125608,-0.006796116504854344
2025-08-21,10230,10350,10110,10220,47844,-0.0009775171065493637
2025-08-22,10220,10390,10120,10220,86500,0.0
2025-08-25,10340,10360,10250,10290,77035,0.006849315068493178
2025-08-26,10240,10290,10110,10150,78347,-0.013605442176870763
2025-08-27,10160,10250,10090,10130,49172,-0.0019704433497537144
2025-08-28,10130,10210,10080,10170,44306,0.003948667324777944
2025-08-29,10180,10250,10050,10060,78527,-0.010816125860373615
2025-09-01,10050,10130,9930,9990,95393,-0.006958250497017926
2025-09-02,9990,10080,9960,10040,51552,0.005005005005005003
2025-09-03,10040,10040,9910,10030,75701,-0.0009960159362549792
2025-09-04,10040,10160,10030,10120,51431,0.008973080757726848
2025-09-05,10100,10170,10070,10080,55271,-0.0039525691699604515
2025-09-08,10120,10120,10030,10100,43048,0.001984126984126977
2025-09-09,10190,10310,10120,10310,117120,0.02079207920792081
2025-09-10,10340,10460,10310,10460,94030,0.014548981571290032
2025-09-11,10510,10530,10310,10370,83160,-0.008604206500956058
2025-09-12,10400,10560,10370,10490,128014,0.011571841851494735
2025-09-15,10510,10520,10420,10460,53708,-0.0028598665395614953
2025-09-16,10480,10500,10260,10320,96571,-0.013384321223709361
2025-09-17,10350,10360,10210,10240,45929,-0.007751937984496138
2025-09-18,10250,10430,10230,10410,91117,0.0166015625
2025-09-19,10480,10720,10400,10640,233997,0.022094140249759864
2025-09-22,10640,10700,10420,10480,109233,-0.015037593984962405
2025-09-23,10430,10470,10270,10370,90817,-0.010496183206106902
2025-09-24,10380,10560,10200,10300,102989,-0.0067502410800385215
2025-09-25,10330,10670,10210,10510,311051,0.020388349514563142
2025-09-26,10540,10950,10410,10540,551527,0.0028544243577546258
2025-09-29,10720,11430,10710,10940,743001,0.03795066413662229
2025-09-30,10950,10990,10590,10600,212577,-0.031078610603290646
2025-10-01,10600,10600,10310,10440,175295,-0.015094339622641506
2025-10-02,10430,10580,10380,10500,100226,0.005747126436781658
2025-10-10,10500,10740,10500,10600,109358,0.00952380952380949
2025-10-13,10300,10700,10300,10560,143108,-0.0037735849056603765
2025-10-14,10520,10810,10430,10520,189539,-0.0037878787878787845
2025-10-15,10700,10700,10510,10610,102906,0.008555133079847899
2025-10-16,10550,10820,10540,10580,110861,-0.002827521206409056
2025-10-17,10580,10700,10340,10350,169844,-0.021739130434782594
2025-10-20,10460,10520,10230,10430,114247,0.007729468599033895
2025-10-21,10440,10550,10330,10360,124291,-0.006711409395973145
2025-10-22,10360,10550,10220,10480,132123,0.01158301158301156
2025-10-23,10480,10490,10330,10350,110037,-0.012404580152671763
2025-10-24,10440,10450,10250,10350,192000,0.0
2025-10-27,10360,10500,10360,10480,156013,0.012560386473430052
2025-10-28,10420,10620,10400,10480,121288,0.0
2025-10-29,10480,10490,10350,10440,92703,-0.003816793893129722
2025-10-30,10440,10440,10160,10280,181211,-0.01532567049808431
2025-10-31,10260,10300,10140,10270,130900,-0.0009727626459143934
2025-11-03,10290,10320,10060,10060,149932,-0.020447906523855863
2025-11-04,10060,10110,9970,10050,107709,-0.0009940357852882276
2025-11-05,10050,10430,9700,10430,283599,0.037810945273631935
2025-11-06,10390,10530,10230,10410,174120,-0.0019175455417066445
2025-11-07,10250,10400,10000,10110,177293,-0.028818443804034533
2025-11-10,10170,10450,10140,10310,226391,0.01978239366963397
2025-11-11,10330,10440,10180,10230,99020,-0.007759456838021372
2025-11-12,10290,10550,10260,10530,212496,0.029325513196480912
2025-11-13,10520,11020,10500,10950,331739,0.03988603988603989
2025-11-14,10720,11050,10610,10670,186705,-0.025570776255707806
2025-11-17,10780,10800,10480,10670,91132,0.0
2025-11-18,10570,10600,10300,10300,138814,-0.03467666354264287
2025-11-19,10300,10400,10150,10330,75737,0.002912621359223211
2025-11-20,10340,10590,10340,10550,140438,0.021297192642788065
2025-11-21,10340,10560,10340,10510,77376,-0.0037914691943128354
2025-11-24,10580,10730,10460,10560,101252,0.004757373929590969
2025-11-25,10590,10660,10330,10450,99177,-0.01041666666666663
2025-11-26,10450,10580,10410,10560,69809,0.010526315789473717
2025-11-27,10550,10620,10490,10570,53197,0.0009469696969697239
2025-11-28,10570,10810,10550,10720,81264,0.014191106906338735
2025-12-01,10830,10950,10650,10720,94627,0.0
2025-12-02,10790,10810,10620,10770,77457,0.004664179104477695
2025-12-03,10790,10840,10700,10800,75118,0.0027855153203342198
2025-12-04,10800,10850,10620,10680,60083,-0.011111111111111072
2025-12-05,10680,10770,10610,10690,47496,0.000936329588014928
2025-12-08,10700,10850,10590,10650,95666,-0.003741814780168329
2025-12-09,10650,10660,10540,10650,67864,0.0
2025-12-10,10600,10690,10570,10640,58053,-0.0009389671361502705
2025-12-11,10670,10810,10670,10720,82466,0.007518796992481258
2025-12-12,10720,10850,10700,10800,95597,0.00746268656716409
2025-12-15,10740,10790,10660,10760,53652,-0.0037037037037036535
2025-12-16,10810,10820,10530,10720,178385,-0.0037174721189591198
2025-12-17,10720,10790,10610,10690,88552,-0.002798507462686617
2025-12-18,10600,10730,10510,10680,70409,-0.00093545369504211
2025-12-19,10680,10790,10600,10730,138990,0.004681647940074862
2025-12-22,10830,10880,10680,10780,153503,0.004659832246039164
2025-12-23,10770,10910,10670,10820,219631,0.0037105751391466324
2025-12-24,10890,10890,10700,10860,209054,0.003696857670979714
2025-12-26,10860,11040,10780,10820,418264,-0.0036832412523020164
2025-12-29,10350,10400,10200,10250,299241,-0.05268022181146026
2025-12-30,10250,10280,10150,10220,82551,-0.0029268292682926855
2026-01-02,10160,10250,10120,10170,99903,-0.004892367906066508
2026-01-05,10210,10230,10130,10200,74498,0.002949852507374562
2026-01-06,10230,10230,10120,10200,59068,0.0
2026-01-07,10250,10290,9970,10120,142113,-0.007843137254901933
2026-01-08,10070,10090,9890,9890,120137,-0.022727272727272707
2026-01-09,9940,10040,9890,9970,78266,0.008088978766430666
2026-01-12,9980,10070,9940,9970,65094,0.0
2026-01-13,10020,10080,9890,9960,83696,-0.0010030090270812808
2026-01-14,9970,9970,9860,9890,78920,-0.007028112449799173
2026-01-15,9900,9930,9740,9810,90782,-0.008088978766430777
2026-01-16,9850,9930,9740,9790,66045,-0.0020387359836900876
2026-01-19,9750,9810,9620,9720,82159,-0.007150153217568955
2026-01-20,9710,9920,9660,9870,72991,0.015432098765432167
2026-01-21,9800,9820,9630,9700,100713,-0.01722391084093211
2026-01-22,9730,9800,9670,9770,86388,0.007216494845360799
2026-01-23,9760,10470,9760,10430,599209,0.06755373592630498
2026-01-26,10730,10810,10420,10670,362262,0.02301054650047929
2026-01-27,10550,11110,10530,11110,473135,0.04123711340206193
2026-01-28,11010,11800,10960,11280,729086,0.015301530153015275
2026-01-29,11370,11560,11040,11530,309066,0.022163120567375794
2026-01-30,11520,11710,11380,11570,242795,0.003469210754553309
