Date,Open,High,Low,Close,Volume,Change
2022-01-03,2650,2870,2645,2700,36246,0.018867924528301883
2022-01-04,2700,2915,2680,2795,102634,0.03518518518518521
2022-01-05,2795,2880,2760,2840,50438,0.01610017889087656
2022-01-06,2815,2830,2745,2795,25915,-0.015845070422535246
2022-01-07,2790,2840,2780,2815,27068,0.007155635062611854
2022-01-10,2830,2980,2795,2890,48017,0.026642984014209503
2022-01-11,2970,2975,2820,2870,44582,-0.00692041522491349
2022-01-12,2870,2890,2805,2835,21713,-0.012195121951219523
2022-01-13,2850,2930,2835,2865,15831,0.010582010582010692
2022-01-14,2870,2885,2830,2875,18434,0.003490401396160525
2022-01-17,2840,2900,2820,2885,28346,0.003478260869565153
2022-01-18,2855,2915,2850,2855,20472,-0.010398613518197597
2022-01-19,2830,2920,2770,2845,16657,-0.003502626970227629
2022-01-20,2845,2925,2790,2910,147885,0.02284710017574687
2022-01-21,3295,3445,2970,2970,3711899,0.020618556701030855
2022-01-24,2970,2970,2815,2830,217930,-0.047138047138047146
2022-01-25,2840,2885,2560,2660,170147,-0.060070671378091856
2022-01-26,2605,2710,2450,2620,98949,-0.015037593984962405
2022-01-27,2660,2660,2455,2535,99967,-0.03244274809160308
2022-01-28,2535,2585,2430,2570,56127,0.013806706114398493
2022-02-03,2570,2615,2550,2615,59189,0.017509727626459082
2022-02-04,2615,2730,2600,2705,53826,0.03441682600382401
2022-02-07,2705,2800,2675,2720,37483,0.005545286506469571
2022-02-08,2720,2800,2715,2760,67374,0.014705882352941124
2022-02-09,2725,2795,2710,2765,41132,0.0018115942028984477
2022-02-10,2765,2785,2725,2725,16139,-0.01446654611211573
2022-02-11,2725,2725,2625,2660,37751,-0.023853211009174258
2022-02-14,2605,2660,2535,2550,39981,-0.041353383458646586
2022-02-15,2545,2600,2450,2570,39919,0.007843137254901933
2022-02-16,2600,3340,2600,3205,3203151,0.24708171206225682
2022-02-17,2980,3040,2685,2855,1054388,-0.109204368174727
2022-02-18,2855,3050,2830,2995,713262,0.049036777583187474
2022-02-21,2930,3005,2870,2900,269674,-0.03171953255425708
2022-02-22,2805,2985,2765,2900,216909,0.0
2022-02-23,2850,2915,2810,2880,171473,-0.006896551724137945
2022-02-24,2880,2895,2650,2725,171840,-0.05381944444444442
2022-02-25,2735,2855,2735,2800,123057,0.02752293577981657
2022-02-28,2825,2950,2745,2845,228812,0.016071428571428514
2022-03-02,2845,2895,2775,2865,128142,0.007029876977152849
2022-03-03,2870,2930,2835,2895,71042,0.010471204188481575
2022-03-04,2895,2980,2855,2930,104821,0.012089810017271052
2022-03-07,2915,2920,2830,2835,50126,-0.03242320819112632
2022-03-08,2800,2855,2745,2750,62205,-0.029982363315696703
2022-03-10,2750,2810,2745,2795,66070,0.016363636363636358
2022-03-11,2795,2810,2700,2710,83936,-0.030411449016100156
2022-03-14,2700,2745,2635,2665,91405,-0.016605166051660514
2022-03-15,2660,2675,2610,2640,39703,-0.009380863039399667
2022-03-16,2640,2720,2640,2710,41616,0.026515151515151603
2022-03-17,2715,2825,2715,2785,47337,0.027675276752767486
2022-03-18,2825,2825,2755,2770,36295,-0.0053859964093356805
2022-03-21,2770,2820,2740,2815,29294,0.016245487364620947
2022-03-22,2815,2835,2770,2805,33363,-0.003552397868561319
2022-03-23,2805,2830,2760,2770,55280,-0.012477718360071277
2022-03-24,2745,2785,2730,2765,65989,-0.0018050541516245744
2022-03-25,2790,2850,2755,2805,66081,0.014466546112115841
2022-03-28,2855,2915,2780,2785,166980,-0.007130124777183555
2022-03-29,2810,2920,2780,2885,117455,0.03590664272890476
2022-03-30,2910,2950,2845,2915,101240,0.010398613518197486
2022-03-31,2915,3195,2900,3100,393766,0.06346483704974282
2022-04-01,2975,2975,2890,2905,275708,-0.06290322580645158
2022-04-04,2920,2980,2875,2940,93322,0.012048192771084265
2022-04-05,2940,3115,2930,3050,179738,0.03741496598639449
2022-04-06,3050,3050,2940,2990,65008,-0.01967213114754096
2022-04-07,2990,2990,2885,2910,75071,-0.026755852842809347
2022-04-08,2920,2980,2900,2910,54675,0.0
2022-04-11,2910,3050,2910,2975,104699,0.022336769759450092
2022-04-12,2945,2970,2845,2945,74911,-0.010084033613445342
2022-04-13,2920,2990,2900,2945,31827,0.0
2022-04-14,2950,2995,2935,2975,44022,0.01018675721561979
2022-04-15,2960,3015,2935,3000,78859,0.008403361344537785
2022-04-18,2965,3090,2930,3050,173987,0.016666666666666607
2022-04-19,3025,3065,2990,3010,36410,-0.013114754098360604
2022-04-20,3010,3040,2960,3020,60563,0.0033222591362125353
2022-04-21,3025,3170,3025,3130,256023,0.036423841059602724
2022-04-22,3130,3180,3065,3165,139239,0.011182108626198062
2022-04-25,3020,3160,3020,3135,138034,-0.009478672985781977
2022-04-26,3135,3240,3120,3180,138568,0.014354066985645897
2022-04-27,3165,3225,3085,3200,78127,0.0062893081761006275
2022-04-28,3200,3205,3075,3100,64752,-0.03125
2022-04-29,3100,3225,3100,3210,83076,0.03548387096774186
2022-05-02,3200,3315,3160,3300,171446,0.028037383177569986
2022-05-03,3330,3380,3265,3290,122967,-0.00303030303030305
2022-05-04,3290,3880,3285,3660,1709407,0.11246200607902734
2022-05-06,3655,3900,3380,3735,666199,0.020491803278688492
2022-05-09,3735,3980,3580,3820,512749,0.022757697456492698
2022-05-10,3790,4100,3610,4090,1207137,0.07068062827225141
2022-05-11,3900,4135,3900,3970,300136,-0.02933985330073352
2022-05-12,4110,4185,3945,3965,359694,-0.0012594458438287548
2022-05-13,3965,4160,3965,4120,146253,0.0390920554854981
2022-05-16,4220,4220,3975,4080,188152,-0.009708737864077666
2022-05-17,4080,4175,3960,4145,150690,0.01593137254901955
2022-05-18,4120,4205,4040,4070,110999,-0.018094089264173663
2022-05-19,4065,4325,3975,4295,356631,0.055282555282555323
2022-05-20,4295,4600,4250,4510,374743,0.05005820721769494
2022-05-23,4510,4640,4315,4410,175614,-0.022172949002217335
2022-05-24,4340,4430,4220,4430,84337,0.0045351473922903285
2022-05-25,4435,4575,4385,4500,127569,0.015801354401805856
2022-05-26,4500,5000,4450,4935,681760,0.09666666666666668
2022-05-27,4930,4930,4450,4515,282296,-0.08510638297872342
2022-05-30,4465,4505,3910,4370,611076,-0.032115171650055396
2022-05-31,4370,4900,4370,4750,533338,0.08695652173913038
2022-06-02,4710,4800,4150,4465,688024,-0.06000000000000005
2022-06-03,4420,4460,3980,4105,810205,-0.08062709966405379
2022-06-07,4105,4295,3990,4025,238519,-0.01948842874543244
2022-06-08,3965,4205,3965,4045,125460,0.00496894409937898
2022-06-09,4045,4090,3910,4035,50477,-0.0024721878862793423
2022-06-10,4035,4035,3950,3965,91119,-0.01734820322180919
2022-06-13,3885,4010,3770,3985,275403,0.0050441361916770955
2022-06-14,3955,4260,3860,4180,319890,0.04893350062735258
2022-06-15,4180,4365,4110,4310,249186,0.031100478468899517
2022-06-16,4310,4415,4200,4370,140785,0.0139211136890951
2022-06-17,4210,4490,4160,4455,211451,0.0194508009153318
2022-06-20,4550,4550,4155,4160,156734,-0.06621773288439958
2022-06-21,4160,4205,4105,4130,60124,-0.007211538461538436
2022-06-22,4055,4250,4055,4130,99820,0.0
2022-06-23,4070,4260,4030,4035,124856,-0.02300242130750607
2022-06-24,4020,4260,3970,4210,66446,0.04337050805452303
2022-06-27,4300,4300,4170,4215,62495,0.0011876484560569
2022-06-28,4215,4215,4000,4105,58941,-0.0260972716488731
2022-06-29,3910,4230,3910,4110,73359,0.0012180267965895553
2022-06-30,4065,4065,3970,4025,44862,-0.020681265206812682
2022-07-01,4025,4140,3935,4050,68288,0.006211180124223503
2022-07-04,4025,4100,3915,4050,26264,0.0
2022-07-05,4050,4200,3985,4125,21722,0.0185185185185186
2022-07-06,4125,4125,3955,3960,25624,-0.040000000000000036
2022-07-07,3960,4175,3835,4125,51902,0.04166666666666674
2022-07-08,4125,4165,4055,4130,39906,0.00121212121212122
2022-07-11,4130,4155,4055,4070,30029,-0.014527845036319653
2022-07-12,4070,4135,3980,4110,35122,0.00982800982800991
2022-07-13,4060,4210,4015,4015,84580,-0.02311435523114358
2022-07-14,4015,4015,3855,3980,36914,-0.008717310087173136
2022-07-15,3950,3995,3865,3980,71431,0.0
2022-07-18,3980,4045,3900,3985,18287,0.0012562814070351536
2022-07-19,3985,4030,3880,3890,70885,-0.023839397741530766
2022-07-20,3890,4000,3840,3895,65922,0.0012853470437017567
2022-07-21,3890,3985,3875,3965,36143,0.01797175866495504
2022-07-22,3965,4135,3900,3990,64105,0.006305170239596425
2022-07-25,4010,4250,4010,4195,224142,0.05137844611528819
2022-07-26,4195,4195,4015,4050,59929,-0.03456495828367101
2022-07-27,4020,4090,4010,4055,17925,0.0012345679012346622
2022-07-28,4055,4055,3965,3975,56114,-0.019728729963008673
2022-07-29,3975,4035,3910,3925,83481,-0.012578616352201255
2022-08-01,3935,4010,3900,3945,14039,0.005095541401273884
2022-08-02,3945,3965,3850,3920,49244,-0.006337135614702172
2022-08-03,3885,4060,3855,4005,18370,0.02168367346938771
2022-08-04,4005,4050,3965,4010,42207,0.0012484394506866447
2022-08-05,4010,4080,3960,4020,96774,0.0024937655860348684
2022-08-08,4030,4135,3980,4085,58778,0.016169154228855787
2022-08-09,4085,4115,3990,4045,30904,-0.009791921664626724
2022-08-10,4045,4045,3850,3975,46751,-0.017305315203955507
2022-08-11,3975,3975,3870,3900,39316,-0.018867924528301883
2022-08-12,3900,3940,3805,3825,41468,-0.019230769230769273
2022-08-16,3825,3860,3540,3540,161518,-0.07450980392156858
2022-08-17,3580,4145,3565,4010,362518,0.13276836158192085
2022-08-18,3920,3985,3825,3850,78234,-0.03990024937655856
2022-08-19,3835,4385,3795,4100,580060,0.06493506493506485
2022-08-22,4100,4360,3955,4300,310025,0.04878048780487809
2022-08-23,4300,4335,4165,4265,106963,-0.008139534883720878
2022-08-24,4265,4315,4190,4275,136209,0.0023446658851113966
2022-08-25,4275,4395,4220,4380,112183,0.024561403508772006
2022-08-26,4380,4530,4200,4330,162566,-0.011415525114155223
2022-08-29,4150,4500,4080,4415,97912,0.019630484988452546
2022-08-30,4370,4490,4190,4190,242739,-0.05096262740656854
2022-08-31,4190,4305,3855,3880,392168,-0.07398568019093077
2022-09-01,3880,3915,3750,3755,150758,-0.03221649484536082
2022-09-02,3755,4365,3755,4030,869164,0.07323568575233019
2022-09-05,4005,4135,3950,4050,174260,0.00496277915632759
2022-09-06,4045,4080,3970,4010,190910,-0.00987654320987652
2022-09-07,3935,4320,3930,4190,474804,0.04488778054862852
2022-09-08,4195,4580,4195,4265,672198,0.017899761336515496
2022-09-13,4245,4245,3900,4010,547029,-0.05978898007033995
2022-09-14,3910,4045,3910,3995,107762,-0.0037406483790524137
2022-09-15,3995,4215,3995,4170,114512,0.04380475594493127
2022-09-16,4150,4295,4035,4060,234563,-0.026378896882493952
2022-09-19,4060,4065,3950,4025,123560,-0.008620689655172376
2022-09-20,4010,4055,4000,4025,51313,0.0
2022-09-21,4025,4130,2880,2920,1738460,-0.2745341614906832
2022-09-22,3000,3670,2705,3310,774931,0.13356164383561642
2022-09-23,3310,3545,3030,3100,348486,-0.06344410876132933
2022-09-26,3085,3085,2550,2630,455551,-0.15161290322580645
2022-09-27,2640,3080,2620,2710,479960,0.03041825095057038
2022-09-28,2705,2745,2435,2520,271947,-0.07011070110701112
2022-09-29,2520,2590,2295,2350,353629,-0.06746031746031744
2022-09-30,2255,2350,2200,2315,200218,-0.014893617021276562
2022-10-04,2400,2405,2265,2320,118894,0.002159827213822796
2022-10-05,2390,2435,2150,2150,286484,-0.07327586206896552
2022-10-06,2155,2475,2155,2430,349851,0.13023255813953494
2022-10-07,2435,2880,2430,2630,630791,0.08230452674897126
2022-10-11,2630,2630,2350,2415,248697,-0.08174904942965777
2022-10-12,2415,2435,2110,2260,293560,-0.06418219461697727
2022-10-13,2235,2235,1950,2080,139330,-0.07964601769911506
2022-10-14,2120,2335,2120,2225,199250,0.06971153846153855
2022-10-17,2235,2270,2110,2175,96060,-0.022471910112359605
2022-10-18,2225,2300,2180,2260,69452,0.03908045977011487
2022-10-19,2305,2425,2245,2315,113393,0.02433628318584069
2022-10-20,2340,2340,2170,2215,64688,-0.043196544276457916
2022-10-21,2215,2240,2100,2120,74433,-0.04288939051918739
2022-10-24,2155,2250,2155,2225,68712,0.04952830188679247
2022-10-25,2245,2245,2185,2200,57484,-0.011235955056179803
2022-10-26,2210,2210,2075,2115,49749,-0.03863636363636369
2022-10-27,2115,2155,2070,2090,65254,-0.011820330969267157
2022-10-28,2150,2165,2000,2065,75015,-0.011961722488038284
2022-10-31,2070,2135,2000,2055,57119,-0.004842615012106588
2022-11-01,2070,2110,2015,2075,84073,0.009732360097323589
2022-11-02,2080,2105,2030,2075,82151,0.0
2022-11-03,2070,2070,2000,2030,36395,-0.02168674698795181
2022-11-04,2030,2045,1995,2005,38650,-0.012315270935960632
2022-11-07,2005,2165,2005,2145,113534,0.06982543640897765
2022-11-08,2145,2705,2145,2500,1824253,0.16550116550116556
2022-11-09,2575,2595,2425,2580,341889,0.03200000000000003
2022-11-10,2530,2640,2465,2565,194018,-0.005813953488372103
2022-11-11,2580,3075,2555,2775,1072976,0.08187134502923987
2022-11-14,2830,2830,2655,2685,211461,-0.032432432432432434
2022-11-15,2685,2765,2575,2670,121298,-0.005586592178770999
2022-11-16,2700,2700,2580,2645,71687,-0.009363295880149836
2022-11-17,2630,2645,2530,2630,59672,-0.005671077504725952
2022-11-18,2605,2700,2605,2630,26727,0.0
2022-11-21,2635,2750,2545,2705,97255,0.028517110266159662
2022-11-22,2645,3045,2635,2905,503261,0.0739371534195934
2022-11-23,2905,3000,2875,2945,66606,0.013769363166953541
2022-11-24,2945,3045,2710,2710,144974,-0.07979626485568758
2022-11-25,2715,2775,2535,2570,206973,-0.05166051660516602
2022-11-28,2585,2615,2475,2545,48731,-0.009727626459143934
2022-11-29,2490,2545,2440,2545,92433,0.0
2022-11-30,2545,2570,2430,2455,74822,-0.035363457760314354
2022-12-01,2485,2680,2480,2670,160871,0.08757637474541746
2022-12-02,2680,2770,2560,2630,139540,-0.014981273408239737
2022-12-05,2630,2630,2415,2415,130278,-0.08174904942965777
2022-12-06,2415,2495,2250,2455,74744,0.016563146997929712
2022-12-07,2430,2430,2355,2405,20291,-0.020366598778004064
2022-12-08,2390,2405,2280,2330,62067,-0.03118503118503113
2022-12-09,2330,2460,2330,2445,49270,0.04935622317596566
2022-12-12,2485,2575,2330,2395,88223,-0.020449897750511203
2022-12-13,2415,2435,2335,2355,24241,-0.01670146137787054
2022-12-14,2355,2410,2290,2380,28893,0.010615711252653925
2022-12-15,2430,2430,2305,2305,39873,-0.031512605042016806
2022-12-16,2300,2350,2240,2305,47403,0.0
2022-12-19,2275,2295,2225,2235,39079,-0.030368763557483747
2022-12-20,2235,2235,2160,2200,34919,-0.015659955257270708
2022-12-21,2195,2240,2130,2145,43554,-0.025000000000000022
2022-12-22,2145,2170,2120,2160,16745,0.006993006993007089
2022-12-23,2160,2200,2085,2200,41474,0.0185185185185186
2022-12-26,2200,2200,2035,2045,108513,-0.07045454545454544
2022-12-27,2045,2135,2005,2095,143746,0.02444987775061125
2022-12-28,2125,2145,2015,2045,83704,-0.023866348448687402
2022-12-29,2015,2055,1960,2015,50204,-0.014669926650366705
2023-01-02,2010,2180,1970,2140,86273,0.06203473945409432
2023-01-03,2120,2130,2040,2100,34496,-0.01869158878504673
2023-01-04,2070,2155,2030,2100,31390,0.0
2023-01-05,2110,2160,2070,2080,18285,-0.00952380952380949
2023-01-06,2040,2095,2010,2025,48163,-0.02644230769230771
2023-01-09,2035,2080,2030,2070,33105,0.022222222222222143
2023-01-10,2070,2180,2060,2140,105400,0.033816425120772875
2023-01-11,2160,2190,2120,2135,19628,-0.002336448598130869
2023-01-12,2145,2250,2140,2160,36623,0.011709601873536313
2023-01-13,2165,2195,2130,2170,27852,0.004629629629629539
2023-01-16,2170,2190,2150,2185,14682,0.00691244239631339
2023-01-17,2190,2210,2140,2170,33783,-0.006864988558352381
2023-01-18,2185,2210,2105,2130,36806,-0.018433179723502335
2023-01-19,2130,2160,2085,2115,53789,-0.007042253521126751
2023-01-20,2365,2745,2350,2745,8418778,0.2978723404255319
2023-01-25,2735,2890,2615,2825,5508864,0.02914389799635697
2023-01-26,2960,3060,2690,2720,2128646,-0.03716814159292037
2023-01-27,2740,2770,2620,2725,888284,0.0018382352941177516
2023-01-30,2750,2880,2700,2830,1068945,0.038532110091743066
2023-01-31,2820,2875,2630,2875,631963,0.01590106007067127
2023-02-01,2855,2960,2765,2915,645791,0.013913043478260834
2023-02-02,2995,3045,2845,2845,849928,-0.02401372212692965
2023-02-03,2880,3015,2780,2900,819266,0.019332161687170446
2023-02-06,2900,2900,2640,2705,529905,-0.0672413793103448
2023-02-07,2710,2835,2640,2770,401492,0.02402957486136792
2023-02-08,2770,2970,2720,2830,1153791,0.02166064981949467
2023-02-09,2905,3030,2830,2830,908223,0.0
2023-02-10,2900,2920,2740,2780,332528,-0.017667844522968212
2023-02-13,2805,2910,2745,2805,290837,0.008992805755395628
2023-02-14,2805,2870,2750,2760,190784,-0.016042780748663055
2023-02-15,2805,2805,2530,2545,399743,-0.0778985507246377
2023-02-16,2525,2610,2505,2610,161433,0.025540275049115824
2023-02-17,2610,2840,2305,2370,1141301,-0.09195402298850575
2023-02-20,2400,2400,2315,2345,192408,-0.010548523206751037
2023-02-21,2365,2495,2250,2285,355733,-0.02558635394456288
2023-02-22,2285,2335,2210,2290,115716,0.002188183807439792
2023-02-23,2280,2370,2260,2295,169913,0.0021834061135370675
2023-02-24,2330,2330,2190,2210,203302,-0.03703703703703709
2023-02-27,2215,2240,2130,2205,169861,-0.002262443438914019
2023-02-28,2215,2310,2200,2280,190857,0.03401360544217691
2023-03-02,2350,2355,2215,2230,122357,-0.021929824561403466
2023-03-03,2265,2280,2200,2210,95242,-0.008968609865470878
2023-03-06,2200,2205,2125,2195,169930,-0.006787330316742057
2023-03-07,2190,2200,2135,2170,116097,-0.011389521640091105
2023-03-08,2170,2340,2100,2340,287806,0.07834101382488479
2023-03-09,2400,2730,2320,2570,3544430,0.09829059829059839
2023-03-10,2725,2730,2380,2430,1054548,-0.054474708171206254
2023-03-13,2430,2580,2305,2565,376438,0.05555555555555558
2023-03-14,2560,2560,2360,2410,235686,-0.060428849902534165
2023-03-15,2395,2500,2395,2400,105501,-0.004149377593360981
2023-03-16,2410,2450,2340,2375,106630,-0.01041666666666663
2023-03-17,2375,2440,2255,2405,152500,0.012631578947368327
2023-03-20,2405,2520,2375,2405,175148,0.0
2023-03-21,2385,2485,2290,2290,189307,-0.047817047817047764
2023-03-22,2315,2315,2220,2270,92973,-0.008733624454148492
2023-03-23,2235,2265,2175,2235,122837,-0.01541850220264318
2023-03-24,2200,2350,2175,2280,89878,0.020134228187919545
2023-03-27,2280,2335,2180,2310,130449,0.013157894736842035
2023-03-28,2370,2690,2335,2610,1460777,0.1298701298701299
2023-03-29,2610,2920,2595,2780,1053316,0.06513409961685834
2023-03-30,2780,2955,2410,2530,1524576,-0.08992805755395683
2023-03-31,2530,2605,2475,2545,312028,0.005928853754940677
2023-04-03,2565,2620,2480,2605,166130,0.023575638506876162
2023-04-04,2605,2655,2555,2575,139536,-0.01151631477927062
2023-04-05,2555,2595,2465,2550,122467,-0.009708737864077666
2023-04-06,2520,2550,2355,2420,207800,-0.050980392156862786
2023-04-07,2420,2440,2390,2400,90797,-0.008264462809917328
2023-04-10,2400,2410,2310,2360,82498,-0.01666666666666672
2023-04-11,2345,2425,2305,2415,91591,0.02330508474576276
2023-04-12,2440,2440,2310,2365,126111,-0.020703933747411973
2023-04-13,2380,2420,2235,2365,146953,0.0
2023-04-14,2365,2400,2320,2355,90336,-0.0042283298097252064
2023-04-17,2360,2450,2330,2445,111817,0.03821656050955413
2023-04-18,2445,2455,2310,2360,112324,-0.03476482617586907
2023-04-19,2365,2465,2335,2465,144980,0.044491525423728806
2023-04-20,2465,2465,2320,2365,100822,-0.04056795131845847
2023-04-21,2320,2350,2240,2290,118035,-0.031712473572938715
2023-04-24,2230,2360,2215,2215,126332,-0.03275109170305679
2023-04-25,2215,2220,2050,2125,273951,-0.040632054176072185
2023-04-26,2125,2190,2070,2130,106753,0.0023529411764706687
2023-04-27,2130,2130,2035,2085,90038,-0.021126760563380254
2023-04-28,2135,2135,2025,2030,116909,-0.026378896882493952
2023-05-02,2040,2155,2040,2095,92864,0.03201970443349755
2023-05-03,2100,2170,2100,2130,105882,0.01670644391408116
2023-05-04,2130,2145,2080,2080,84717,-0.023474178403755874
2023-05-08,2095,2155,2095,2095,59898,0.007211538461538547
2023-05-09,2105,2105,2025,2050,65842,-0.021479713603818618
2023-05-10,2055,2080,2025,2070,34111,0.009756097560975618
2023-05-11,2075,2115,2065,2115,34054,0.021739130434782705
2023-05-12,2280,2745,2165,2190,8901642,0.03546099290780136
2023-05-15,2190,2190,2080,2100,576979,-0.04109589041095896
2023-05-16,2030,2095,2020,2060,315173,-0.01904761904761909
2023-05-17,2060,2150,2030,2085,256075,0.012135922330097193
2023-05-18,2150,2220,2120,2175,357725,0.043165467625899234
2023-05-19,2180,2235,2160,2235,156881,0.02758620689655178
2023-05-22,2265,2305,2240,2280,239910,0.020134228187919545
2023-05-23,2290,2350,2235,2250,212164,-0.013157894736842146
2023-05-24,2250,2275,2150,2170,148648,-0.03555555555555556
2023-05-25,2190,2215,2125,2145,113481,-0.011520737327188946
2023-05-26,2145,2165,2100,2120,119039,-0.011655011655011704
2023-05-30,2130,2280,2105,2190,147698,0.03301886792452824
2023-05-31,2205,2540,2205,2405,1540629,0.09817351598173518
2023-06-01,2390,2425,2310,2395,369194,-0.004158004158004158
2023-06-02,2400,2510,2370,2460,302328,0.02713987473903967
2023-06-05,2470,2520,2350,2430,330517,-0.012195121951219523
2023-06-07,2455,2485,2375,2400,167885,-0.012345679012345734
2023-06-08,2400,2425,2340,2385,76978,-0.006249999999999978
2023-06-09,2385,2445,2335,2345,104439,-0.016771488469601636
2023-06-12,2345,2420,2345,2395,41613,0.021321961620469176
2023-06-13,2425,2445,2355,2390,56495,-0.0020876826722338038
2023-06-14,2395,2415,2295,2295,108576,-0.03974895397489542
2023-06-15,2300,2400,2280,2315,74937,0.008714596949890963
2023-06-16,2315,2425,2275,2415,196240,0.043196544276457916
2023-06-19,2440,2540,2400,2510,408274,0.039337474120082705
2023-06-20,2510,2540,2435,2435,117044,-0.029880478087649376
2023-06-21,2435,2465,2410,2460,67973,0.010266940451745477
2023-06-22,2445,2530,2430,2450,79474,-0.004065040650406471
2023-06-23,2450,2455,2345,2400,89923,-0.020408163265306145
2023-06-26,2405,2440,2315,2360,92441,-0.01666666666666672
2023-06-27,2370,2475,2310,2410,390762,0.021186440677966045
2023-06-28,2395,2400,2275,2320,141346,-0.03734439834024894
2023-06-29,2310,2385,2285,2375,75326,0.0237068965517242
2023-06-30,2350,2375,2300,2340,35108,-0.01473684210526316
2023-07-03,2345,2410,2340,2390,57480,0.02136752136752129
2023-07-04,2410,2445,2210,2370,63740,-0.008368200836820106
2023-07-05,2390,2390,2265,2265,76762,-0.044303797468354444
2023-07-06,2240,2270,2160,2265,98648,0.0
2023-07-07,2215,2245,2180,2205,99000,-0.026490066225165587
2023-07-10,2205,2295,2180,2250,67227,0.020408163265306145
2023-07-11,2250,2300,2215,2290,59513,0.01777777777777767
2023-07-12,2290,2340,2215,2265,72909,-0.01091703056768556
2023-07-13,2310,2315,2205,2210,69540,-0.02428256070640178
2023-07-14,2215,2250,2205,2245,28310,0.015837104072398134
2023-07-17,2245,2345,2180,2285,122356,0.017817371937639104
2023-07-18,2260,2260,2165,2175,121265,-0.0481400437636762
2023-07-19,2200,2200,2100,2135,69065,-0.01839080459770115
2023-07-20,2145,2170,2120,2170,28244,0.016393442622950838
2023-07-21,2155,2195,2075,2110,94035,-0.027649769585253448
2023-07-24,2120,2125,2040,2075,97961,-0.016587677725118488
2023-07-25,2085,2130,2050,2075,111942,0.0
2023-07-26,2075,2075,1915,1920,253201,-0.07469879518072287
2023-07-27,1920,1994,1904,1992,79034,0.03750000000000009
2023-07-28,2000,2080,2000,2040,30611,0.024096385542168752
2023-07-31,2050,2095,2045,2050,30980,0.004901960784313708
2023-08-01,2070,2130,2055,2085,41531,0.017073170731707332
2023-08-02,2085,2180,2060,2070,116932,-0.007194244604316502
2023-08-03,2165,2270,2070,2105,260480,0.01690821256038655
2023-08-04,2105,2150,2050,2050,123181,-0.026128266033254133
2023-08-07,2060,2665,2055,2665,1769949,0.30000000000000004
2023-08-08,3100,3300,2090,2200,13345594,-0.17448405253283306
2023-08-09,2210,2650,2210,2360,4443955,0.07272727272727275
2023-08-10,2400,2445,2180,2375,1563789,0.006355932203389925
2023-08-11,2375,2450,2280,2330,641908,-0.0189473684210526
2023-08-14,2385,2610,2370,2450,2541471,0.05150214592274671
2023-08-16,2475,2720,2285,2560,3738007,0.044897959183673564
2023-08-17,2400,2440,2200,2305,821326,-0.099609375
2023-08-18,2300,2305,2120,2195,409012,-0.04772234273318876
2023-08-21,2195,2265,2115,2205,229643,0.004555808656036442
2023-08-22,2225,2260,2165,2190,140660,-0.006802721088435382
2023-08-23,2210,2845,2170,2845,2941166,0.2990867579908676
2023-08-24,3405,3645,2860,2985,18504498,0.04920913884007039
2023-08-25,2985,3260,2630,2750,3799474,-0.07872696817420433
2023-08-28,2770,3035,2495,2875,4552937,0.045454545454545414
2023-08-29,2930,3295,2750,2800,6126354,-0.02608695652173909
2023-08-30,2820,2870,2715,2735,619628,-0.023214285714285743
2023-08-31,2750,2750,2500,2590,646282,-0.05301645338208405
2023-09-01,2590,2595,2450,2450,394400,-0.05405405405405406
2023-09-04,2450,2470,2370,2405,237965,-0.01836734693877551
2023-09-05,2405,2530,2370,2405,581025,0.0
2023-09-06,2430,2430,2270,2290,363444,-0.047817047817047764
2023-09-07,2295,2340,2240,2290,282575,0.0
2023-09-08,2270,2350,2205,2350,186902,0.026200873362445476
2023-09-11,2380,2480,2290,2455,300469,0.044680851063829685
2023-09-12,2505,2575,2345,2400,617942,-0.022403258655804503
2023-09-13,2410,2470,2320,2465,264325,0.027083333333333348
2023-09-14,2460,2520,2405,2430,251463,-0.014198782961460488
2023-09-15,2435,2640,2395,2565,726906,0.05555555555555558
2023-09-18,2540,2555,2445,2475,226526,-0.03508771929824561
2023-09-19,2460,2560,2355,2540,228468,0.02626262626262621
2023-09-20,2530,2730,2440,2495,1030730,-0.017716535433070835
2023-09-21,2495,2525,2375,2375,286710,-0.04809619238476959
2023-09-22,2375,2715,2315,2440,1712995,0.027368421052631486
2023-09-25,2480,2640,2305,2315,427488,-0.05122950819672134
2023-09-26,2320,2400,2300,2350,114049,0.015118790496760237
2023-09-27,2360,2425,2250,2290,205081,-0.025531914893617058
2023-10-04,2300,2300,2110,2200,282019,-0.0393013100436681
2023-10-05,2180,2265,2175,2205,162233,0.002272727272727204
2023-10-06,2300,2575,2250,2510,1444640,0.1383219954648527
2023-10-10,2510,2645,2405,2405,641497,-0.041832669322709126
2023-10-11,2405,2475,2345,2375,203238,-0.012474012474012475
2023-10-12,2385,2450,2350,2430,123665,0.023157894736842044
2023-10-13,2430,2430,2205,2280,158824,-0.06172839506172845
2023-10-16,2295,2340,2235,2250,94476,-0.013157894736842146
2023-10-17,2250,2315,2180,2195,233920,-0.02444444444444449
2023-10-18,2210,2280,2195,2245,97709,0.02277904328018221
2023-10-19,2240,2260,2175,2180,112444,-0.028953229398663738
2023-10-20,2180,2180,2055,2140,122078,-0.01834862385321101
2023-10-23,2140,2185,2050,2110,73854,-0.014018691588784993
2023-10-24,2110,2200,2000,2190,84220,0.03791469194312791
2023-10-25,2190,2250,2155,2185,68231,-0.0022831050228310223
2023-10-26,2150,2165,2105,2120,107500,-0.029748283752860427
2023-10-27,2120,2155,2065,2135,83116,0.007075471698113178
2023-10-30,2110,2170,2095,2155,41120,0.00936768149882905
2023-10-31,2180,2185,2080,2100,46260,-0.025522041763341052
2023-11-01,2100,2150,2040,2105,30615,0.0023809523809523725
2023-11-02,2115,2155,2115,2150,41968,0.0213776722090262
2023-11-03,2215,2215,2105,2145,60679,-0.0023255813953488857
2023-11-06,2210,2360,2125,2205,309889,0.027972027972027913
2023-11-07,2240,2265,1908,2065,576494,-0.06349206349206349
2023-11-08,2065,2110,2010,2070,144334,0.002421307506053294
2023-11-09,2090,2090,1999,2075,84105,0.0024154589371980784
2023-11-10,2075,2085,2030,2075,60376,0.0
2023-11-13,2075,2115,2000,2070,54549,-0.002409638554216831
2023-11-14,2060,2110,2005,2070,62726,0.0
2023-11-15,2075,2115,2055,2070,86017,0.0
2023-11-16,2070,2120,2025,2075,75779,0.0024154589371980784
2023-11-17,2075,2115,2060,2065,88636,-0.004819277108433773
2023-11-20,2060,2265,2050,2105,253020,0.01937046004842613
2023-11-21,2105,2160,2100,2150,95449,0.0213776722090262
2023-11-22,2150,2185,2120,2180,67696,0.013953488372093092
2023-11-23,2175,2210,2150,2160,68386,-0.00917431192660545
2023-11-24,2155,2170,2080,2080,88184,-0.03703703703703709
2023-11-27,2090,2145,2045,2085,97152,0.0024038461538462563
2023-11-28,2085,2095,2035,2040,59239,-0.021582733812949617
2023-11-29,2040,2470,2030,2415,2206838,0.18382352941176472
2023-11-30,3135,3135,3135,3135,1794347,0.2981366459627328
2023-12-01,4075,4075,4075,4075,509296,0.29984051036682624
2023-12-04,5290,5290,5290,5290,564769,0.29815950920245404
2023-12-05,6870,6870,6870,6870,994925,0.2986767485822306
2023-12-06,6200,8930,6110,8690,16735023,0.264919941775837
2023-12-07,0,0,0,8690,0,0.0
2023-12-08,8400,9800,8000,8730,4654230,0.004602991944764101
2023-12-11,8500,8930,7960,8080,1321714,-0.0744558991981672
2023-12-12,8070,8420,7580,8330,838202,0.030940594059405857
2023-12-13,8070,8870,7970,7990,762714,-0.04081632653061229
2023-12-14,8060,8600,8040,8420,396119,0.053817271589486904
2023-12-15,8320,9070,8250,8610,590727,0.0225653206650831
2023-12-18,8500,10140,8210,9930,1422178,0.1533101045296168
2023-12-19,9700,12300,9510,10920,1748812,0.09969788519637457
2023-12-20,11650,13100,11010,12570,1285349,0.151098901098901
2023-12-21,0,0,0,12570,0,0.0
2023-12-22,11610,12560,10450,11150,951117,-0.11296738265712014
2023-12-26,11020,11290,10560,10560,279703,-0.05291479820627798
2023-12-27,10560,13000,10560,12420,858475,0.17613636363636354
2023-12-28,12400,13000,11860,12000,265139,-0.033816425120772986
2024-01-02,11980,12240,11510,11980,193469,-0.0016666666666667052
2024-01-03,11900,12800,11630,12560,132445,0.048414023372287174
2024-01-04,12570,14000,12250,13790,510596,0.09792993630573243
2024-01-05,13790,14750,13250,14340,248986,0.039883973894126123
2024-01-08,14350,14390,13550,13690,233666,-0.04532775453277549
2024-01-09,13690,14700,13260,14550,163517,0.06281957633308988
2024-01-10,14550,14970,14210,14450,213964,-0.0068728522336769515
2024-01-11,14600,14820,14010,14070,129523,-0.02629757785467124
2024-01-12,13750,13840,12100,12950,400928,-0.07960199004975121
2024-01-15,12950,13400,12460,12680,191329,-0.020849420849420874
2024-01-16,13000,13000,12100,12240,280829,-0.034700315457413256
2024-01-17,12240,12800,11800,12200,192133,-0.0032679738562091387
2024-01-18,12200,12400,11800,12000,120998,-0.016393442622950838
2024-01-19,12000,12640,11970,12090,145893,0.007500000000000062
2024-01-22,12100,12600,12010,12250,265206,0.013234077750206685
2024-01-23,12250,14500,12220,14500,537396,0.18367346938775508
2024-01-24,14620,16060,13320,14920,541007,0.028965517241379413
2024-01-25,14950,14950,13610,14040,267884,-0.05898123324396787
2024-01-26,14690,14900,13950,14280,203849,0.017094017094017033
2024-01-29,14270,14270,13010,13010,210500,-0.0889355742296919
2024-01-30,13060,13400,12020,12720,160247,-0.02229054573405076
2024-01-31,12400,12600,11590,12160,318740,-0.04402515723270439
2024-02-01,12040,12330,11610,11920,84981,-0.019736842105263164
2024-02-02,11900,12720,11800,12500,184163,0.04865771812080544
2024-02-05,12510,12800,11910,12070,94316,-0.034399999999999986
2024-02-06,12070,12470,11360,11450,193296,-0.05136702568351281
2024-02-07,11450,12060,10920,11410,170887,-0.003493449781659441
2024-02-08,11410,11940,11060,11230,135437,-0.015775635407537236
2024-02-13,11230,12950,11230,12460,224150,0.10952804986642928
2024-02-14,12450,12680,11880,11890,138526,-0.045746388443017705
2024-02-15,11890,12010,11470,11590,168504,-0.025231286795626584
2024-02-16,11690,12430,11410,12380,119439,0.06816220880069035
2024-02-19,12350,12500,11800,12180,89920,-0.016155088852988664
2024-02-20,12180,12910,12080,12800,142087,0.05090311986863716
2024-02-21,12700,13250,12600,13160,127789,0.028124999999999956
2024-02-22,13160,13160,12070,12330,132111,-0.06306990881458963
2024-02-23,12330,12820,12100,12650,143110,0.025952960259529645
2024-02-26,12790,12790,12200,12520,99112,-0.010276679841897285
2024-02-27,12500,13280,12500,12990,90819,0.03753993610223638
2024-02-28,12990,13850,12900,13670,189136,0.05234795996920716
2024-02-29,13410,13930,13330,13700,111906,0.002194586686174116
2024-03-04,12440,13550,12440,12800,155719,-0.06569343065693434
2024-03-05,12850,13650,12780,13340,158832,0.042187500000000044
2024-03-06,13340,13750,13160,13440,134064,0.007496251874062887
2024-03-07,13450,14230,13350,13590,144920,0.01116071428571419
2024-03-08,13590,13700,12800,13140,137199,-0.0331125827814569
2024-03-11,13200,13700,13150,13270,61761,0.009893455098934467
2024-03-12,13270,13440,12880,13230,66161,-0.0030143180105500766
2024-03-13,13060,13790,12900,13160,101789,-0.005291005291005346
2024-03-14,13750,13750,13170,13450,66672,0.02203647416413368
2024-03-15,13480,14060,13400,13800,145667,0.026022304832713727
2024-03-18,13660,15100,13550,15100,216000,0.09420289855072461
2024-03-19,15100,15980,14880,15720,255952,0.041059602649006655
2024-03-20,15720,16350,14300,14350,262231,-0.08715012722646309
2024-03-21,14350,15160,14010,14350,171463,0.0
2024-03-22,14350,14450,13970,14070,96955,-0.019512195121951237
2024-03-25,14680,14680,13990,14010,126926,-0.004264392324093813
2024-03-26,14050,14710,14020,14340,114453,0.023554603854389677
2024-03-27,14410,15180,14200,14290,99742,-0.0034867503486750717
2024-03-28,14240,14240,13440,13460,101530,-0.058082575227431765
2024-03-29,13470,13600,12520,12520,129767,-0.06983655274888556
2024-04-01,12520,13360,12350,13360,63825,0.06709265175718859
2024-04-02,13360,13590,13180,13580,36327,0.01646706586826352
2024-04-03,13580,13720,13000,13000,43719,-0.04270986745213545
2024-04-04,13220,13500,12810,12900,32874,-0.007692307692307665
2024-04-05,12900,13010,12500,12600,54140,-0.023255813953488413
2024-04-08,12600,12890,12230,12230,41826,-0.029365079365079372
2024-04-09,12060,12520,11790,12250,77138,0.0016353229762877675
2024-04-11,12250,12760,11770,12440,58512,0.015510204081632617
2024-04-12,12790,12790,12000,12050,38369,-0.031350482315112504
2024-04-15,12000,12230,11800,11960,62774,-0.007468879668049766
2024-04-16,11960,12170,11610,11930,49401,-0.0025083612040134318
2024-04-17,12250,12250,11270,11340,60599,-0.04945515507124898
2024-04-18,11250,11750,10910,11100,74291,-0.021164021164021163
2024-04-19,11100,11470,10900,10990,102295,-0.00990990990990992
2024-04-22,10830,11000,10560,10640,58959,-0.031847133757961776
2024-04-23,10640,10890,10350,10750,72651,0.010338345864661758
2024-04-24,10850,10990,10380,10480,72581,-0.025116279069767433
2024-04-25,10380,10530,10240,10330,25396,-0.014312977099236623
2024-04-26,10010,10600,10010,10410,45610,0.007744433688286589
2024-04-29,10590,11640,10420,11470,114026,0.10182516810758879
2024-04-30,11500,12410,11420,12400,120801,0.08108108108108114
2024-05-02,14190,14190,12300,12360,537322,-0.003225806451612856
2024-05-03,12000,12200,11500,11800,116863,-0.04530744336569581
2024-05-07,11800,12290,11730,12100,75862,0.025423728813559254
2024-05-08,12100,12150,11900,11970,35275,-0.01074380165289257
2024-05-09,11970,12140,11700,11700,49555,-0.022556390977443663
2024-05-10,12000,12550,11800,11840,68470,0.011965811965811923
2024-05-13,11830,11830,11000,11390,57900,-0.0380067567567568
2024-05-14,11410,11440,11050,11150,42117,-0.021071115013169495
2024-05-16,11170,11170,10510,10870,89172,-0.02511210762331839
2024-05-17,10840,11830,10800,10840,89070,-0.002759889604415866
2024-05-20,10840,10980,10510,10580,42105,-0.023985239852398532
2024-05-21,10580,11330,10540,11150,65160,0.05387523629489599
2024-05-22,11230,11350,11000,11210,40086,0.0053811659192826156
2024-05-23,11210,11600,10850,10990,69128,-0.019625334522747506
2024-05-24,11290,11290,10660,10860,39964,-0.011828935395814422
2024-05-27,10860,11010,10550,10920,50110,0.005524861878453136
2024-05-28,11060,11200,10790,10790,21427,-0.011904761904761862
2024-05-29,10990,10990,10460,10460,38717,-0.030583873957367946
2024-05-30,10750,10750,10190,10460,73876,0.0
2024-05-31,10240,10690,10070,10300,35674,-0.015296367112810683
2024-06-03,10350,10410,9950,10120,42249,-0.01747572815533982
2024-06-04,10120,10980,10120,10240,38685,0.011857707509881354
2024-06-05,10710,10710,10180,10300,37881,0.005859375
2024-06-07,10200,10440,10040,10100,38867,-0.01941747572815533
2024-06-10,10100,10550,10040,10200,39159,0.00990099009900991
2024-06-11,10200,10440,10110,10140,19306,-0.00588235294117645
2024-06-12,10240,10710,10240,10470,59437,0.03254437869822491
2024-06-13,10480,10500,10120,10320,37156,-0.014326647564469885
2024-06-14,10320,10800,10130,10800,64045,0.04651162790697683
2024-06-17,10770,11480,10530,11100,58955,0.02777777777777768
2024-06-18,10810,11200,10620,10910,38348,-0.017117117117117164
2024-06-19,10910,10910,10300,10410,42720,-0.045829514207149424
2024-06-20,10410,10670,10270,10310,32051,-0.009606147934678178
2024-06-21,10490,10510,10130,10180,33779,-0.012609117361784716
2024-06-24,10300,10400,10090,10160,33096,-0.0019646365422396617
2024-06-25,10460,10460,10010,10170,24093,0.0009842519685039353
2024-06-26,10830,10890,10010,10120,29025,-0.004916420845624381
2024-06-27,10120,10500,10110,10150,15978,0.0029644268774704496
2024-06-28,10060,10380,10060,10320,24830,0.016748768472906406
2024-07-01,10490,10500,9520,10270,88239,-0.004844961240310086
2024-07-02,10060,10430,9800,9930,38997,-0.0331061343719572
2024-07-03,9950,10160,9660,9800,33995,-0.01309164149043307
2024-07-04,9800,10050,9500,9950,53446,0.015306122448979664
2024-07-05,9850,10000,9680,9790,33379,-0.016080402010050232
2024-07-08,9790,9800,9300,9380,133458,-0.04187946884576099
2024-07-09,9400,9520,8890,8950,139627,-0.04584221748400852
2024-07-10,8950,8950,8150,8260,229852,-0.07709497206703908
2024-07-11,8260,8940,8000,8830,70794,0.0690072639225181
2024-07-12,8850,9300,8240,8400,75262,-0.04869762174405434
2024-07-15,8400,10500,8350,10020,261191,0.19285714285714284
2024-07-16,10020,10500,9400,9720,136575,-0.029940119760479056
2024-07-17,9730,10080,8610,8760,145442,-0.09876543209876543
2024-07-18,8760,8760,8050,8560,76354,-0.022831050228310557
2024-07-19,8480,9150,8360,9020,49943,0.053738317757009435
2024-07-22,9020,9020,8310,8540,60372,-0.053215077605321515
2024-07-23,8540,8740,8180,8260,46386,-0.032786885245901676
2024-07-24,8260,8650,8150,8400,36225,0.016949152542372836
2024-07-25,8400,8410,7720,8290,68803,-0.013095238095238049
2024-07-26,8320,8320,7710,8010,65854,-0.033775633293124274
2024-07-29,8010,8710,7980,8530,51992,0.0649188514357053
2024-07-30,8420,9100,8340,9060,71090,0.062133645955451344
2024-07-31,8970,9100,8610,9020,44838,-0.004415011037527616
2024-08-01,9020,9600,8910,9310,75379,0.03215077605321515
2024-08-02,9440,9440,8710,8850,29119,-0.04940923737916214
2024-08-05,9080,9080,8020,8300,51343,-0.062146892655367214
2024-08-06,8300,8500,8130,8220,34031,-0.009638554216867434
2024-08-07,8300,8400,7770,8210,29463,-0.0012165450121655041
2024-08-08,8050,8180,7730,7820,73434,-0.047503045066991434
2024-08-09,7750,7850,7500,7800,67191,-0.002557544757033292
2024-08-12,7810,8030,6800,7000,126656,-0.10256410256410253
2024-08-13,7030,7500,6730,7140,65398,0.020000000000000018
2024-08-14,7140,7430,6650,6840,77048,-0.04201680672268904
2024-08-16,6840,6950,6430,6790,114512,-0.007309941520467822
2024-08-19,6800,6820,6040,6150,170826,-0.09425625920471281
2024-08-20,6180,6550,6100,6160,106968,0.001626016260162677
2024-08-21,6150,6240,5910,6100,61754,-0.009740259740259716
2024-08-22,6160,6310,6040,6140,33939,0.006557377049180246
2024-08-23,6140,6480,6060,6340,65402,0.032573289902280145
2024-08-26,6400,6640,6060,6240,39176,-0.01577287066246058
2024-08-27,6110,6230,5950,6000,34449,-0.038461538461538436
2024-08-28,6010,6130,5750,5860,31439,-0.023333333333333317
2024-08-29,5860,6000,5500,5950,42541,0.015358361774743923
2024-08-30,5910,6250,5710,6080,32253,0.02184873949579824
2024-09-02,6080,6860,6080,6700,150488,0.10197368421052633
2024-09-03,6700,6770,5990,6700,148872,0.0
2024-09-04,6680,6680,6020,6190,51249,-0.07611940298507458
2024-09-05,6100,6420,6100,6320,73189,0.02100161550888524
2024-09-06,6660,6730,6210,6270,55379,-0.007911392405063333
2024-09-09,5920,6640,5920,6080,51564,-0.030303030303030276
2024-09-10,5970,6060,5650,5750,53644,-0.05427631578947367
2024-09-11,5700,5980,5660,5690,11275,-0.01043478260869568
2024-09-12,5710,5900,5570,5770,10993,0.014059753954305698
2024-09-13,5770,6490,5770,6110,87414,0.05892547660311953
2024-09-19,6050,6210,5890,6180,46875,0.011456628477905184
2024-09-20,6100,6270,6040,6230,17898,0.008090614886731462
2024-09-23,6230,6390,6060,6100,23877,-0.020866773675762396
2024-09-24,6100,6240,6010,6190,10600,0.014754098360655776
2024-09-25,6260,6260,5950,6100,15035,-0.014539579967689842
2024-09-26,6100,6200,5950,6000,40147,-0.016393442622950838
2024-09-27,6110,6110,5510,5740,74426,-0.043333333333333335
2024-09-30,5730,5940,5670,5830,20045,0.015679442508710784
2024-10-02,5820,6120,5120,6070,209154,0.04116638078902235
2024-10-04,6010,6120,5640,5800,49218,-0.04448105436573313
2024-10-07,5800,5970,5800,5890,23844,0.01551724137931032
2024-10-08,5930,5940,5760,5890,10505,0.0
2024-10-10,5880,5980,5600,5710,33954,-0.03056027164685904
2024-10-11,5710,5800,5310,5490,76775,-0.038528896672504365
2024-10-14,5480,5480,5190,5380,42357,-0.02003642987249543
2024-10-15,5380,5750,5290,5370,25450,-0.0018587360594795044
2024-10-16,5320,5560,5100,5240,36469,-0.02420856610800748
2024-10-17,5330,5370,5100,5200,35517,-0.007633587786259555
2024-10-18,5200,5410,5050,5230,22914,0.005769230769230749
2024-10-21,5440,5440,5100,5190,32828,-0.007648183556405397
2024-10-22,5070,5530,5070,5190,70616,0.0
2024-10-23,5180,5250,5000,5120,48664,-0.013487475915221592
2024-10-24,5120,5160,4920,4935,25301,-0.0361328125
2024-10-25,4845,5080,4600,5020,90883,0.01722391084093222
2024-10-28,4900,5300,4900,5200,54522,0.03585657370517925
2024-10-29,5140,5200,5000,5110,21675,-0.017307692307692357
2024-10-30,5110,5270,4900,5070,44226,-0.007827788649706457
2024-10-31,5120,5200,4970,5090,24019,0.0039447731755424265
2024-11-01,4960,5130,4960,5080,23079,-0.0019646365422396617
2024-11-04,5200,5210,4960,5010,19588,-0.013779527559055094
2024-11-05,4970,5120,4970,5020,15961,0.001996007984031989
2024-11-06,5010,5100,4970,5010,30995,-0.0019920318725099584
2024-11-07,5040,5040,4755,5010,34442,0.0
2024-11-08,5000,6510,5000,6090,1113777,0.21556886227544902
2024-11-11,6270,6270,5560,5700,308696,-0.0640394088669951
2024-11-12,5700,6080,5500,5500,199640,-0.03508771929824561
2024-11-13,5650,5800,5060,5140,105372,-0.06545454545454543
2024-11-14,5350,5480,5010,5010,94291,-0.02529182879377434
2024-11-15,5010,5230,4855,5180,62101,0.03393213572854292
2024-11-18,5180,5250,4865,5240,50058,0.01158301158301156
2024-11-19,5190,5220,4950,5040,43115,-0.03816793893129766
2024-11-20,5200,5200,4990,5080,15020,0.007936507936507908
2024-11-21,5140,5140,5000,5020,22446,-0.011811023622047223
2024-11-22,5100,5140,4865,4935,67422,-0.016932270916334646
2024-11-25,4900,5160,4900,5080,35005,0.029381965552178313
2024-11-26,5190,5190,4980,5090,18211,0.0019685039370078705
2024-11-27,5040,5110,4965,4980,28833,-0.0216110019646365
2024-11-28,5070,5070,4870,4870,35138,-0.02208835341365467
2024-11-29,4965,5000,4625,4790,34360,-0.01642710472279263
2024-12-02,4700,4900,4590,4600,40342,-0.039665970772442605
2024-12-03,4555,4700,4465,4620,15783,0.004347826086956497
2024-12-04,4260,5040,4260,4550,34866,-0.015151515151515138
2024-12-05,4550,4625,4400,4415,22763,-0.029670329670329676
2024-12-06,4415,4480,4110,4355,38932,-0.013590033975084959
2024-12-09,4355,4360,3940,4000,52979,-0.08151549942594716
2024-12-10,4095,4235,3925,4035,27632,0.008750000000000036
2024-12-11,4295,5140,4130,4865,207165,0.20570012391573722
2024-12-12,4980,5030,4615,4620,77949,-0.05035971223021585
2024-12-13,4760,4760,4470,4620,30059,0.0
2024-12-16,4620,5080,4600,4675,149955,0.011904761904761862
2024-12-17,4870,4875,4675,4740,33671,0.013903743315508033
2024-12-18,5000,5000,4695,4750,33442,0.0021097046413502962
2024-12-19,4750,5470,4600,5440,476538,0.14526315789473676
2024-12-20,5440,5450,5000,5090,163825,-0.06433823529411764
2024-12-23,5120,5240,4985,5040,91589,-0.00982318271119842
2024-12-24,5070,5340,4990,5050,36563,0.001984126984126977
2024-12-26,5230,5230,4995,5000,28051,-0.00990099009900991
2024-12-27,5070,5930,5020,5490,475329,0.09800000000000009
2024-12-30,5600,6570,5400,6380,471925,0.16211293260473592
2025-01-02,6980,7330,6500,7170,353927,0.12382445141065834
2025-01-03,7160,7620,6750,7430,308228,0.036262203626220346
2025-01-06,7430,7610,7000,7390,360198,-0.0053835800807536804
2025-01-07,7500,7500,6620,6730,302161,-0.08930987821380243
2025-01-08,6530,6730,6310,6470,134141,-0.038632986627043064
2025-01-09,6010,6470,5720,6320,237206,-0.023183925811437356
2025-01-10,6220,6380,5980,6120,84248,-0.03164556962025311
2025-01-13,6150,6150,5840,6030,67596,-0.014705882352941124
2025-01-14,5930,5980,5510,5680,81031,-0.05804311774461024
2025-01-15,5680,6000,5590,5690,98379,0.0017605633802817433
2025-01-16,5980,6040,5470,5800,313639,0.019332161687170446
2025-01-17,5800,5800,5270,5350,104599,-0.07758620689655171
2025-01-20,5430,5520,5100,5180,88770,-0.03177570093457949
2025-01-21,5130,5200,4890,4900,115315,-0.05405405405405406
2025-01-22,4925,5130,4840,5100,98908,0.04081632653061229
2025-01-23,5100,5290,4900,5010,58771,-0.01764705882352946
2025-01-24,5070,5070,4930,5050,27156,0.007984031936127733
2025-01-31,5050,5270,5050,5210,50756,0.03168316831683171
2025-02-03,5100,5140,4975,4990,28741,-0.04222648752399227
2025-02-04,4995,5300,4995,5120,59626,0.02605210420841675
2025-02-05,5110,5110,4885,4900,72063,-0.04296875
2025-02-06,4910,4955,3430,3535,1910880,-0.2785714285714286
2025-02-07,3650,3650,3335,3390,355672,-0.04101838755304099
2025-02-10,3390,3465,3105,3460,198706,0.020648967551622377
2025-02-11,3540,3800,3465,3610,257694,0.043352601156069426
2025-02-12,3880,3880,3470,3470,75208,-0.03878116343490301
2025-02-13,3470,3560,3350,3435,57989,-0.010086455331412059
2025-02-14,3255,3655,3255,3550,119524,0.033478893740902516
2025-02-17,3515,3680,3515,3595,54508,0.012676056338028152
2025-02-18,3595,3595,3315,3515,140937,-0.022253129346314293
2025-02-19,3480,3625,3455,3610,92795,0.027027027027026973
2025-02-20,2730,3100,2575,2765,4855346,-0.2340720221606648
2025-02-21,2850,2955,2765,2795,1220347,0.010849909584086825
2025-02-24,2705,2760,2625,2710,1337305,-0.030411449016100156
2025-02-25,2735,3520,2715,3520,4335886,0.29889298892988925
2025-02-26,3880,4185,3595,3950,6748700,0.12215909090909083
2025-02-27,3945,4755,3910,4300,5682524,0.08860759493670889
2025-02-28,4235,4550,4220,4290,1352540,-0.0023255813953488857
2025-03-04,4250,4270,3880,4110,571205,-0.04195804195804198
2025-03-05,4105,4110,3840,3995,426743,-0.027980535279805374
2025-03-06,3985,4490,3840,4410,1086762,0.10387984981226528
2025-03-07,4460,4560,4260,4290,678888,-0.027210884353741527
2025-03-10,4440,4735,4185,4700,725248,0.09557109557109555
2025-03-11,4430,4765,4405,4655,484778,-0.009574468085106425
2025-03-12,4700,4720,4330,4500,382964,-0.03329752953813103
2025-03-13,4725,4745,4320,4420,437292,-0.01777777777777778
2025-03-14,4380,4600,4300,4590,261898,0.03846153846153855
2025-03-17,4590,4590,4365,4390,250830,-0.04357298474945537
2025-03-18,4550,4550,3960,4110,391511,-0.0637813211845103
2025-03-19,4040,4245,4040,4185,131660,0.018248175182481674
2025-03-20,4200,4200,3890,3995,283771,-0.04540023894862599
2025-03-21,3995,4050,3860,3890,307774,-0.026282853566958697
2025-03-24,3855,4740,3825,4420,1302247,0.13624678663239065
2025-03-25,4370,4490,4220,4375,292102,-0.010180995475113086
2025-03-26,4375,4400,4170,4320,154079,-0.012571428571428567
2025-03-27,4320,4570,4215,4370,278574,0.011574074074074181
2025-03-28,4330,4370,4140,4165,172797,-0.046910755148741434
2025-03-31,4165,4250,3750,3910,589055,-0.061224489795918324
2025-04-01,3955,4000,3825,3865,211589,-0.011508951406649648
2025-04-02,3800,3905,3700,3710,129420,-0.040103492884864145
2025-04-03,3580,3795,3525,3725,95075,0.0040431266846361336
2025-04-04,3725,3890,3600,3800,136250,0.020134228187919545
2025-04-07,3800,3860,3465,3680,168767,-0.03157894736842104
2025-04-08,3900,3900,3465,3495,240224,-0.05027173913043481
2025-04-09,3495,3550,2995,3065,313381,-0.12303290414878398
2025-04-10,3200,3250,3065,3160,119449,0.030995106035889064
2025-04-11,3060,3135,2985,3110,171167,-0.015822784810126556
2025-04-14,3110,3160,3025,3155,215158,0.014469453376205754
2025-04-15,3155,3300,3060,3060,179402,-0.030110935023771823
2025-04-16,3055,3055,2650,2875,618567,-0.06045751633986929
2025-04-17,2830,3085,2825,3035,221985,0.05565217391304356
2025-04-18,3180,3180,2905,2940,96053,-0.03130148270181221
2025-04-21,2950,3090,2850,2895,217284,-0.015306122448979553
2025-04-22,2895,2920,2800,2915,132406,0.006908462867012188
2025-04-23,2920,3110,2920,2965,192503,0.0171526586620927
2025-04-24,2965,3180,2965,3080,126484,0.038785834738617186
2025-04-25,3195,3270,3020,3170,247449,0.02922077922077926
2025-04-28,3175,3580,3110,3290,437870,0.03785488958990535
2025-04-29,3290,3615,3085,3540,956549,0.07598784194528885
2025-04-30,3540,3765,3385,3645,419953,0.029661016949152463
2025-05-02,3645,3735,3285,3365,610321,-0.0768175582990398
2025-05-07,3430,3520,3225,3270,297891,-0.02823179791976227
2025-05-08,3230,3340,3165,3230,136073,-0.012232415902140636
2025-05-09,3300,3400,3200,3230,211657,0.0
2025-05-12,3200,3230,3060,3170,175495,-0.018575851393188847
2025-05-13,3260,3340,3150,3270,140409,0.03154574132492116
2025-05-14,3350,3350,3175,3230,88404,-0.012232415902140636
2025-05-15,3225,3330,3180,3215,69064,-0.004643962848297267
2025-05-16,3210,3230,3035,3095,159647,-0.03732503888024885
2025-05-19,3165,3240,3005,3130,80210,0.011308562197092087
2025-05-20,3130,3245,3030,3110,98224,-0.006389776357827448
2025-05-21,3110,3175,2995,3025,150809,-0.02733118971061088
2025-05-22,3020,3135,2975,3000,109940,-0.008264462809917328
2025-05-23,2880,3040,2880,2970,161580,-0.010000000000000009
2025-05-26,2950,3070,2915,3040,182077,0.023569023569023573
2025-05-27,3040,3040,2925,2960,57290,-0.02631578947368418
2025-05-28,2975,3540,2960,3395,679850,0.14695945945945943
2025-05-29,3305,3515,3205,3435,224337,0.01178203240058906
2025-05-30,3435,3435,3200,3210,123916,-0.06550218340611358
2025-06-02,3210,3275,3060,3160,112917,-0.015576323987538943
2025-06-04,3295,3295,3060,3085,135979,-0.02373417721518989
2025-06-05,3065,3155,2940,3115,392248,0.009724473257698651
2025-06-09,3155,3265,2950,3115,183535,0.0
2025-06-10,3120,3225,3050,3070,165420,-0.014446227929374
2025-06-11,3075,3160,3040,3050,110004,-0.006514657980456029
2025-06-12,3100,3120,2950,3005,239385,-0.014754098360655776
2025-06-13,3010,3120,2870,3050,425205,0.014975041597337757
2025-06-16,3050,3050,2870,2880,249551,-0.05573770491803276
2025-06-17,2880,3050,2840,3005,182160,0.04340277777777768
2025-06-18,3045,3050,2940,2990,118030,-0.004991680532445919
2025-06-19,3015,3080,2905,2915,115787,-0.025083612040133763
2025-06-20,3000,3145,2960,3060,249556,0.0497427101200687
2025-06-23,3100,3100,2795,2915,360581,-0.04738562091503273
2025-06-24,2925,3020,2825,2925,192695,0.0034305317324185847
2025-06-25,2925,2985,2875,2890,175651,-0.011965811965811923
2025-06-26,2895,2920,2790,2805,214140,-0.02941176470588236
2025-06-27,2850,2850,2740,2770,88243,-0.012477718360071277
2025-06-30,2780,2860,2650,2700,127086,-0.02527075812274371
2025-07-01,2710,2755,2590,2605,180949,-0.03518518518518521
2025-07-02,2605,2685,2385,2515,539585,-0.03454894433781186
2025-07-03,2505,2770,2505,2665,238945,0.05964214711729632
2025-07-04,2665,2715,2540,2670,160830,0.0018761726078799779
2025-07-07,2670,2670,2350,2445,545705,-0.0842696629213483
2025-07-08,2400,2465,2340,2400,431236,-0.018404907975460127
2025-07-09,2435,2435,2330,2420,261086,0.008333333333333304
2025-07-10,2440,2450,2380,2440,196490,0.008264462809917328
2025-07-11,2435,2475,2365,2430,168090,-0.004098360655737654
2025-07-14,2430,2505,2400,2495,129516,0.026748971193415683
2025-07-15,2515,2515,2410,2430,102786,-0.02605210420841686
2025-07-16,2440,2480,2380,2405,87512,-0.010288065843621408
2025-07-17,2435,2485,2380,2425,137097,0.008316008316008316
2025-07-18,2425,2525,2400,2450,143146,0.010309278350515427
2025-07-21,2500,2500,2300,2390,207320,-0.024489795918367308
2025-07-22,2430,2725,2390,2425,610028,0.014644351464435212
2025-07-23,2405,2450,2320,2390,114866,-0.014432989690721598
2025-07-24,2390,2410,2300,2340,118894,-0.02092050209205021
2025-07-25,2335,2425,2280,2325,161735,-0.0064102564102563875
2025-07-28,2335,2370,2270,2325,101547,0.0
2025-07-29,2325,2345,2240,2285,158810,-0.017204301075268824
2025-07-30,2280,2325,2185,2270,182119,-0.006564551422319487
2025-07-31,2270,2375,2255,2355,126587,0.037444933920704804
2025-08-01,2355,2445,2180,2275,151540,-0.03397027600849256
2025-08-04,2255,2320,2210,2235,47184,-0.01758241758241763
2025-08-05,2220,2295,2175,2230,149039,-0.0022371364653244186
2025-08-06,2230,2365,2220,2320,127604,0.04035874439461873
2025-08-07,2305,2400,2240,2320,185365,0.0
2025-08-08,2295,2410,2265,2395,152352,0.032327586206896575
2025-08-11,2440,2530,2295,2405,260706,0.0041753653444676075
2025-08-12,2445,2625,2415,2430,318351,0.01039501039501034
2025-08-13,2430,2470,2365,2405,90394,-0.010288065843621408
2025-08-14,2410,2455,2330,2355,186701,-0.02079002079002079
2025-08-18,2360,2370,2200,2290,151948,-0.027600849256900206
2025-08-19,2300,2310,2225,2260,52369,-0.013100436681222738
2025-08-20,2260,2300,2205,2255,106987,-0.0022123893805309214
2025-08-21,2255,2265,2175,2180,103470,-0.03325942350332589
2025-08-22,2185,2230,2165,2170,70703,-0.004587155963302725
2025-08-25,2210,2220,2140,2150,85167,-0.009216589861751112
2025-08-26,2160,2180,2115,2145,66948,-0.0023255813953488857
2025-08-27,2150,2170,2115,2150,31854,0.002331002331002363
2025-08-28,2140,2180,2130,2170,42373,0.009302325581395321
2025-08-29,2185,2260,2120,2135,86806,-0.016129032258064502
2025-09-01,2135,2135,2020,2050,189582,-0.03981264637002346
2025-09-02,2100,2110,2040,2070,113881,0.009756097560975618
2025-09-03,2095,2095,1999,2030,79356,-0.019323671497584516
2025-09-04,2040,2040,1984,1993,147958,-0.018226600985221664
2025-09-05,1996,2045,1996,2010,125862,0.008529854490717526
2025-09-08,2040,2160,2015,2110,139715,0.04975124378109452
2025-09-09,2100,2115,2045,2085,44102,-0.011848341232227444
2025-09-10,2065,2220,2050,2180,99272,0.0455635491606714
2025-09-11,2180,2430,2145,2395,384294,0.09862385321100908
2025-09-12,2430,2500,2305,2310,204410,-0.035490605427975
2025-09-15,2320,2660,2295,2630,551500,0.1385281385281385
2025-09-16,2790,2790,2555,2590,409601,-0.01520912547528519
2025-09-17,2570,2670,2520,2650,158384,0.02316602316602312
2025-09-18,2670,2945,2650,2745,961775,0.03584905660377369
2025-09-19,2755,2825,2595,2635,351687,-0.04007285974499086
2025-09-22,2750,2970,2500,2540,551874,-0.03605313092979123
2025-09-23,2540,2655,2500,2510,148164,-0.011811023622047223
2025-09-24,2545,2570,2445,2540,136371,0.01195219123505975
2025-09-25,2530,2580,2450,2490,100229,-0.019685039370078705
2025-09-26,2505,2525,2395,2440,86001,-0.02008032128514059
2025-09-29,2425,2470,2395,2425,54650,-0.006147540983606592
2025-09-30,2450,2795,2415,2415,205788,-0.004123711340206171
2025-10-01,2430,2510,2360,2400,80764,-0.006211180124223614
2025-10-02,2405,2590,2355,2560,113982,0.06666666666666665
2025-10-10,2660,2670,2550,2625,84088,0.025390625
2025-10-13,2600,2625,2500,2600,105325,-0.00952380952380949
2025-10-14,2575,2640,2495,2520,111549,-0.03076923076923077
2025-10-15,2520,2625,2500,2600,50855,0.031746031746031855
2025-10-16,2600,2685,2500,2520,190216,-0.03076923076923077
2025-10-17,2495,2540,2410,2435,118946,-0.03373015873015872
2025-10-20,2445,2465,2370,2405,55981,-0.012320328542094416
2025-10-21,2405,2545,2390,2500,98815,0.03950103950103956
2025-10-22,2500,2745,2430,2730,332515,0.09200000000000008
2025-10-23,2750,2825,2670,2720,284716,-0.00366300366300365
2025-10-24,2730,2800,2675,2760,129193,0.014705882352941124
2025-10-27,2770,2840,2660,2800,165155,0.01449275362318847
2025-10-28,2800,2850,2665,2700,156720,-0.0357142857142857
2025-10-29,2740,2930,2705,2920,246491,0.08148148148148149
2025-10-30,2930,2965,2840,2885,179434,-0.011986301369863006
2025-10-31,2885,2885,2730,2750,152455,-0.04679376083188913
2025-11-03,2750,2845,2670,2690,102655,-0.021818181818181848
2025-11-04,2670,2810,2650,2795,122525,0.0390334572490707
2025-11-05,2760,2780,2660,2710,119540,-0.030411449016100156
2025-11-06,2730,2840,2665,2790,127097,0.029520295202952074
2025-11-07,2790,2790,2635,2755,206014,-0.012544802867383464
2025-11-10,2755,2830,2715,2825,87029,0.025408348457350183
2025-11-11,2825,2945,2755,2790,167253,-0.012389380530973493
2025-11-12,2790,2850,2690,2750,72615,-0.014336917562724039
2025-11-13,2750,2825,2700,2810,42661,0.021818181818181737
2025-11-14,2810,2810,2730,2760,45940,-0.017793594306049876
2025-11-17,2825,2825,2695,2770,48429,0.0036231884057971175
2025-11-18,2770,2770,2505,2675,79886,-0.03429602888086647
2025-11-19,2675,2715,2550,2550,69455,-0.04672897196261683
2025-11-20,2620,2765,2610,2710,48108,0.06274509803921569
2025-11-21,2675,2785,2630,2775,59417,0.023985239852398532
2025-11-24,2775,2775,2500,2545,139285,-0.08288288288288292
2025-11-25,2545,2615,2415,2495,119457,-0.01964636542239684
2025-11-26,2505,2560,2460,2480,45452,-0.006012024048096198
2025-11-27,2560,2560,2445,2480,67028,0.0
2025-11-28,2500,2650,2485,2605,51597,0.05040322580645151
2025-12-01,2620,2730,2540,2620,96339,0.0057581573896352545
2025-12-02,2620,2750,2595,2695,45027,0.028625954198473247
2025-12-03,2690,2800,2645,2750,86836,0.020408163265306145
2025-12-04,2845,2890,2745,2810,133789,0.021818181818181737
2025-12-05,2810,2860,2740,2815,73214,0.001779359430605032
2025-12-08,2870,2960,2660,2800,151411,-0.005328596802841923
2025-12-09,2800,3095,2750,3040,388665,0.08571428571428563
2025-12-10,3040,3100,2870,3095,263343,0.018092105263157965
2025-12-11,3055,3320,3055,3230,407070,0.043618739903069415
2025-12-12,3230,3350,3050,3145,183052,-0.02631578947368418
2025-12-15,3145,3200,2995,3025,80656,-0.038155802861685184
2025-12-16,3025,3085,2905,3000,76679,-0.008264462809917328
2025-12-17,3000,3005,2940,2990,39351,-0.0033333333333332993
2025-12-18,2990,2990,2875,2915,50247,-0.025083612040133763
2025-12-19,2915,2995,2885,2940,56824,0.00857632933104635
2025-12-22,2945,3010,2870,2920,45614,-0.006802721088435382
2025-12-23,2920,2920,2780,2870,80208,-0.017123287671232834
2025-12-24,2850,3000,2835,2860,158190,-0.0034843205574912606
2025-12-26,2800,2975,2800,2845,88179,-0.005244755244755206
2025-12-29,2880,2925,2740,2820,124526,-0.008787346221441172
2025-12-30,2875,3000,2750,2940,77632,0.042553191489361764
2026-01-02,2940,3025,2905,2995,62205,0.018707482993197244
2026-01-05,3075,3075,2965,3035,125911,0.013355592654423987
2026-01-06,3005,3200,3000,3100,186580,0.021416803953871577
2026-01-07,3085,3155,2955,3000,83215,-0.032258064516129004
2026-01-08,3000,3035,2940,3000,71502,0.0
2026-01-09,3055,3065,2960,3000,74607,0.0
2026-01-12,3000,3055,2915,3005,58432,0.0016666666666667052
2026-01-13,3070,3070,2825,2835,136723,-0.056572379367720416
2026-01-14,2845,2905,2710,2830,146132,-0.0017636684303351524
2026-01-15,2830,2850,2720,2760,71432,-0.02473498233215543
2026-01-16,2780,2845,2730,2795,55542,0.0126811594202898
2026-01-19,2960,2960,2630,2735,127519,-0.02146690518783545
2026-01-20,2730,2750,2605,2700,155051,-0.012797074954296161
2026-01-21,2670,2760,2610,2705,124472,0.0018518518518517713
2026-01-22,2705,3050,2705,2920,305596,0.07948243992606274
2026-01-23,2925,3000,2845,2935,110199,0.005136986301369939
2026-01-26,2915,2995,2845,2880,109968,-0.01873935264054516
2026-01-27,2860,3040,2855,3000,153512,0.04166666666666674
2026-01-28,3000,3025,2880,2880,126821,-0.040000000000000036
2026-01-29,2880,3025,2850,2975,151884,0.03298611111111116
2026-01-30,2990,3010,2830,2880,215622,-0.031932773109243695
