Date,Open,High,Low,Close,Volume,Change
2022-01-03,18850,19250,18650,19200,281093,0.037837837837837895
2022-01-04,19250,19500,18900,19050,185179,-0.0078125
2022-01-05,19050,19500,18450,18950,234545,-0.005249343832021025
2022-01-06,18350,19200,18350,19000,181078,0.0026385224274405594
2022-01-07,19150,19400,18600,18800,163247,-0.010526315789473717
2022-01-10,18650,18800,18500,18600,117571,-0.010638297872340385
2022-01-11,18750,18850,18100,18250,149852,-0.018817204301075252
2022-01-12,18250,18450,18150,18250,96371,0.0
2022-01-13,18200,18400,18100,18300,95746,0.00273972602739736
2022-01-14,18100,18200,17800,17950,111243,-0.01912568306010931
2022-01-17,17900,18350,17800,17800,76665,-0.00835654596100277
2022-01-18,17850,17950,17000,17150,129243,-0.0365168539325843
2022-01-19,16900,17200,16750,17100,82830,-0.002915451895043719
2022-01-20,17100,17600,16900,17550,52760,0.026315789473684292
2022-01-21,17450,17500,17150,17200,44794,-0.019943019943019946
2022-01-24,17050,17100,16350,16950,95007,-0.014534883720930258
2022-01-25,17000,17600,16900,17200,113938,0.014749262536873253
2022-01-26,17100,17350,16950,16950,64689,-0.014534883720930258
2022-01-27,16850,17000,16150,16250,122615,-0.041297935103244865
2022-01-28,16200,16600,15650,16450,86621,0.012307692307692353
2022-02-03,16550,16750,16350,16550,68798,0.006079027355623046
2022-02-04,16500,16800,16200,16750,45459,0.012084592145015005
2022-02-07,16700,16750,16350,16450,50457,-0.017910447761193993
2022-02-08,16400,16550,16300,16450,57895,0.0
2022-02-09,16450,16900,16450,16850,54938,0.024316109422492405
2022-02-10,17000,17000,16550,16550,58858,-0.017804154302670572
2022-02-11,16250,16450,16000,16100,90307,-0.027190332326283984
2022-02-14,15900,15900,15450,15550,78375,-0.03416149068322982
2022-02-15,15450,15650,15150,15150,80846,-0.025723472668810254
2022-02-16,16200,16300,15650,15800,83279,0.04290429042904287
2022-02-17,15800,16150,15500,15800,76015,0.0
2022-02-18,15500,16050,15450,16000,40745,0.012658227848101333
2022-02-21,15900,15900,15300,15500,205718,-0.03125
2022-02-22,15400,15650,15150,15450,62937,-0.003225806451612856
2022-02-23,15550,16150,15200,15950,142080,0.032362459546925626
2022-02-24,15750,15950,15300,15300,96514,-0.040752351097178674
2022-02-25,15500,15650,15350,15500,58791,0.013071895424836555
2022-02-28,15500,15500,15200,15400,109029,-0.006451612903225823
2022-03-02,15400,15900,15300,15900,232859,0.032467532467532534
2022-03-03,16450,16450,16150,16350,93569,0.028301886792452935
2022-03-04,16350,16750,16100,16300,111821,-0.003058103975535187
2022-03-07,16300,16300,15700,15850,67120,-0.027607361963190136
2022-03-08,15550,15700,15350,15500,84001,-0.02208201892744477
2022-03-10,15750,15850,15500,15550,49532,0.003225806451612856
2022-03-11,15550,15850,15550,15750,40289,0.012861736334405238
2022-03-14,15750,15800,15450,15500,65952,-0.015873015873015928
2022-03-15,15400,15550,15350,15450,59649,-0.003225806451612856
2022-03-16,15500,15650,15450,15550,42291,0.006472491909385036
2022-03-17,15850,16150,15650,15950,127836,0.025723472668810254
2022-03-18,16500,16700,16100,16300,165869,0.021943573667711602
2022-03-21,16300,16300,16050,16200,52880,-0.006134969325153339
2022-03-22,16200,16200,16000,16100,72474,-0.006172839506172867
2022-03-23,16500,18200,16400,17250,1508721,0.0714285714285714
2022-03-24,17450,17500,16850,17100,221207,-0.008695652173912993
2022-03-25,17100,17200,16850,17050,101784,-0.0029239766081871066
2022-03-28,17050,17050,16000,16550,189737,-0.029325513196480912
2022-03-29,16550,16600,16300,16500,114311,-0.0030211480362537513
2022-03-30,16550,16750,16400,16500,104572,0.0
2022-03-31,16500,16950,16450,16950,108618,0.027272727272727337
2022-04-01,16950,17200,16750,17000,123819,0.002949852507374562
2022-04-04,17000,17150,16800,17150,82527,0.008823529411764675
2022-04-05,17450,17450,16800,16900,83218,-0.014577259475218707
2022-04-06,16850,17000,16650,16800,74181,-0.00591715976331364
2022-04-07,16600,16650,16350,16450,106888,-0.02083333333333337
2022-04-08,16500,16500,16100,16200,59864,-0.015197568389057725
2022-04-11,16300,17850,16300,17400,755576,0.07407407407407418
2022-04-12,17150,17350,16850,17250,129879,-0.008620689655172376
2022-04-13,17550,17800,17000,17000,212254,-0.01449275362318836
2022-04-14,17100,17200,16800,16800,105012,-0.0117647058823529
2022-04-15,16650,17000,16550,16650,121415,-0.008928571428571397
2022-04-18,16450,16700,16350,16450,113167,-0.012012012012011963
2022-04-19,16450,16800,16400,16750,67476,0.01823708206686936
2022-04-20,16800,17600,16500,17200,256948,0.02686567164179099
2022-04-21,17350,17350,16850,17000,94016,-0.011627906976744207
2022-04-22,16800,16950,16550,16800,65625,-0.0117647058823529
2022-04-25,16500,16850,16450,16500,82768,-0.017857142857142905
2022-04-26,16500,16700,16400,16600,93510,0.0060606060606061
2022-04-27,16250,16300,16100,16200,111490,-0.02409638554216864
2022-04-28,16200,16600,16150,16300,73509,0.006172839506172867
2022-04-29,16300,16450,16200,16350,53093,0.0030674846625766694
2022-05-02,16200,16350,16150,16250,48529,-0.006116207951070374
2022-05-03,16400,16400,16150,16300,35155,0.003076923076922977
2022-05-04,16300,16350,16050,16100,58001,-0.012269938650306789
2022-05-06,15950,16050,15700,15850,51699,-0.01552795031055898
2022-05-09,15650,15800,15400,15400,67228,-0.028391167192429068
2022-05-10,15150,15350,14850,15250,74257,-0.009740259740259716
2022-05-11,15250,15350,15100,15250,29148,0.0
2022-05-12,15100,15100,14600,14800,104268,-0.02950819672131144
2022-05-13,14650,15000,14650,14950,54286,0.010135135135135087
2022-05-16,15050,15250,14800,14850,57476,-0.006688963210702337
2022-05-17,14800,15050,14700,14850,48055,0.0
2022-05-18,14950,15050,14800,14950,64034,0.006734006734006703
2022-05-19,14850,14850,14600,14750,53602,-0.013377926421404673
2022-05-20,14850,15400,14700,14900,92328,0.01016949152542379
2022-05-23,14900,15000,14800,14950,47437,0.003355704697986628
2022-05-24,14850,15000,14800,14900,40848,-0.0033444816053511683
2022-05-25,14900,14950,14800,14900,28355,0.0
2022-05-26,14850,15050,14800,14900,53477,0.0
2022-05-27,14950,15050,14850,14950,34746,0.003355704697986628
2022-05-30,14950,15200,14950,15100,81381,0.010033444816053505
2022-05-31,15100,15250,15000,15150,38454,0.0033112582781456013
2022-06-02,15200,15200,14950,15100,31221,-0.0033003300330033403
2022-06-03,15050,15200,15000,15100,28470,0.0
2022-06-07,15050,15100,14750,14800,59709,-0.019867549668874163
2022-06-08,14850,14900,14600,14700,57477,-0.006756756756756799
2022-06-09,14550,14650,14050,14250,117672,-0.030612244897959218
2022-06-10,14150,14250,13900,14250,85695,0.0
2022-06-13,13900,14050,13550,13550,72570,-0.0491228070175439
2022-06-14,13100,13350,12750,13050,174229,-0.03690036900369009
2022-06-15,13000,13100,12250,12500,125248,-0.04214559386973182
2022-06-16,12600,12800,11950,12150,103554,-0.028000000000000025
2022-06-17,11700,11850,11400,11650,145081,-0.04115226337448563
2022-06-20,11700,11800,10700,10900,163057,-0.06437768240343344
2022-06-21,10950,11300,10850,11300,88624,0.03669724770642202
2022-06-22,11300,11450,10500,10750,138471,-0.04867256637168138
2022-06-23,10650,10800,10000,10000,174294,-0.06976744186046513
2022-06-24,9920,10450,9920,10350,88284,0.03499999999999992
2022-06-27,10450,10800,10250,10750,57996,0.03864734299516903
2022-06-28,10600,10850,10450,10650,28342,-0.009302325581395321
2022-06-29,10400,10600,10300,10550,25431,-0.009389671361502372
2022-06-30,10550,10600,10050,10200,44138,-0.033175355450236976
2022-07-01,10300,10400,9860,9950,81767,-0.02450980392156865
2022-07-04,9880,10200,9640,9720,87674,-0.02311557788944718
2022-07-05,9830,10250,9830,10200,90947,0.04938271604938271
2022-07-06,10200,10300,9960,10050,65287,-0.014705882352941124
2022-07-07,10100,10450,10100,10350,47278,0.029850746268656803
2022-07-08,10350,10700,10350,10400,38846,0.004830917874396157
2022-07-11,10450,10650,10300,10500,25533,0.009615384615384581
2022-07-12,10300,10400,10100,10200,44769,-0.02857142857142858
2022-07-13,10100,10450,10050,10350,35155,0.014705882352941124
2022-07-14,10350,10400,10100,10350,27354,0.0
2022-07-15,10450,10650,10100,10150,39161,-0.019323671497584516
2022-07-18,10300,10500,10200,10500,37650,0.034482758620689724
2022-07-19,10500,10700,10300,10650,37675,0.014285714285714235
2022-07-20,10800,10950,10600,10650,51758,0.0
2022-07-21,10700,10850,10600,10700,30107,0.0046948356807512415
2022-07-22,10800,11050,10600,10600,40872,-0.009345794392523366
2022-07-25,10550,10750,10500,10600,26528,0.0
2022-07-26,10600,10750,10550,10700,20189,0.009433962264151052
2022-07-27,10700,10700,10550,10650,22397,-0.004672897196261627
2022-07-28,10700,11000,10700,10850,46348,0.018779342723004744
2022-07-29,10900,11950,10900,11950,386596,0.10138248847926268
2022-08-01,12100,12550,11750,11750,312143,-0.01673640167364021
2022-08-02,11950,12250,11400,12100,153496,0.029787234042553123
2022-08-03,12100,12100,11850,12000,54382,-0.008264462809917328
2022-08-04,11900,12050,11800,12000,46850,0.0
2022-08-05,11900,11950,11700,11750,44413,-0.02083333333333337
2022-08-08,11800,11800,11400,11650,34794,-0.008510638297872353
2022-08-09,11600,11850,11500,11800,40996,0.012875536480686733
2022-08-10,11750,11800,11400,11400,48111,-0.03389830508474578
2022-08-11,11500,11800,11450,11600,29889,0.01754385964912286
2022-08-12,11600,11750,11450,11750,34212,0.012931034482758674
2022-08-16,11900,12200,11750,11750,93140,0.0
2022-08-17,11900,11900,11550,11800,26858,0.004255319148936065
2022-08-18,11850,11850,11550,11650,31880,-0.012711864406779627
2022-08-19,11650,11650,11400,11450,44834,-0.01716738197424894
2022-08-22,11300,12000,10900,11000,158878,-0.0393013100436681
2022-08-23,10950,11000,10700,10800,44376,-0.018181818181818188
2022-08-24,10800,10950,10650,10900,32657,0.0092592592592593
2022-08-25,11000,11150,10900,11100,35334,0.0183486238532109
2022-08-26,11100,11250,11000,11050,26444,-0.0045045045045044585
2022-08-29,10500,10800,10500,10750,28843,-0.02714932126696834
2022-08-30,10750,10950,10650,10750,29735,0.0
2022-08-31,10600,10900,10600,10800,23299,0.0046511627906977715
2022-09-01,10700,10850,10600,10700,22882,-0.0092592592592593
2022-09-02,10700,10800,10450,10500,36467,-0.01869158878504673
2022-09-05,10350,10600,10350,10350,21167,-0.014285714285714235
2022-09-06,10300,10650,10300,10650,37174,0.02898550724637672
2022-09-07,10500,10600,10250,10350,38415,-0.028169014084507005
2022-09-08,10350,11350,10300,10600,183552,0.024154589371980784
2022-09-13,10950,11450,10800,11050,76934,0.04245283018867929
2022-09-14,10650,11550,10600,11250,99107,0.018099547511312153
2022-09-15,11400,11400,10900,11100,63239,-0.013333333333333308
2022-09-16,11050,11400,10850,10900,52555,-0.018018018018018056
2022-09-19,10900,10950,10350,10400,57001,-0.04587155963302747
2022-09-20,10400,11250,10400,10500,111282,0.009615384615384581
2022-09-21,10450,10650,10400,10400,32974,-0.00952380952380949
2022-09-22,10200,10400,10000,10150,55192,-0.024038461538461564
2022-09-23,10200,10800,10200,10350,113696,0.019704433497536922
2022-09-26,10400,10400,9700,9710,107901,-0.061835748792270495
2022-09-27,9670,9820,9480,9580,66709,-0.013388259526261548
2022-09-28,9550,9800,9500,9540,43728,-0.0041753653444676075
2022-09-29,9600,9780,9540,9540,28202,0.0
2022-09-30,9330,9500,9310,9360,37388,-0.018867924528301883
2022-10-04,9390,9540,9390,9510,25060,0.01602564102564097
2022-10-05,9640,9640,9360,9370,37028,-0.014721345951629883
2022-10-06,9400,9640,9370,9520,23981,0.016008537886873064
2022-10-07,9520,9570,9440,9460,23401,-0.006302521008403339
2022-10-11,9320,9420,9000,9030,40516,-0.045454545454545414
2022-10-12,9000,9110,8980,9100,27951,0.007751937984496138
2022-10-13,9100,9100,8880,8920,39464,-0.01978021978021982
2022-10-14,9010,9210,9000,9150,34226,0.02578475336322872
2022-10-17,9020,9180,9000,9150,24397,0.0
2022-10-18,9340,9340,9140,9250,23534,0.010928961748633892
2022-10-19,9260,9400,9100,9100,24936,-0.01621621621621616
2022-10-20,9110,9140,8960,9080,21274,-0.00219780219780219
2022-10-21,9100,9100,8920,8930,21508,-0.016519823788546217
2022-10-24,9030,9040,8910,8910,18263,-0.002239641657334812
2022-10-25,8910,9050,8910,8930,15023,0.002244668911335568
2022-10-26,8930,8980,8860,8870,18937,-0.006718924972004436
2022-10-27,8870,9040,8860,9000,20331,0.014656144306651742
2022-10-28,9000,9010,8950,8990,9598,-0.0011111111111110628
2022-10-31,9000,9050,8950,9000,14278,0.0011123470522802492
2022-11-01,9010,9180,8930,9130,23348,0.014444444444444482
2022-11-02,9130,9160,9040,9110,28232,-0.0021905805038334725
2022-11-03,8980,9060,8940,9020,17155,-0.009879253567508184
2022-11-04,8980,9100,8910,9010,25949,-0.0011086474501108556
2022-11-07,9020,9190,9020,9170,22061,0.017758046614872347
2022-11-08,9190,9280,9150,9220,34486,0.005452562704471031
2022-11-09,9250,9480,9250,9300,32554,0.008676789587852562
2022-11-10,9280,9280,9210,9230,18617,-0.007526881720430145
2022-11-11,9390,9470,9380,9430,42025,0.021668472372697645
2022-11-14,9420,9770,9410,9720,60765,0.030752916224814353
2022-11-15,9730,9760,9560,9690,31281,-0.0030864197530864335
2022-11-16,9730,9730,9500,9580,27011,-0.011351909184726505
2022-11-17,9580,9600,9450,9480,20457,-0.01043841336116913
2022-11-18,9440,9540,9440,9470,17709,-0.0010548523206751481
2022-11-21,9460,9460,9270,9270,21557,-0.02111932418162621
2022-11-22,9270,9510,9260,9420,22409,0.016181229773462702
2022-11-23,9430,9480,9340,9360,18502,-0.006369426751592355
2022-11-24,9370,9500,9340,9470,18063,0.01175213675213671
2022-11-25,9460,9620,9400,9550,25856,0.008447729672650395
2022-11-28,9550,9590,9350,9350,22285,-0.020942408376963373
2022-11-29,9320,9390,9290,9350,12424,0.0
2022-11-30,9380,9430,9290,9310,21855,-0.004278074866310155
2022-12-01,9430,10100,9350,10050,243122,0.07948442534908695
2022-12-02,10050,10600,10050,10200,206860,0.014925373134328401
2022-12-05,10400,10750,10150,10450,79488,0.02450980392156854
2022-12-06,10400,10450,10200,10350,44474,-0.009569377990430672
2022-12-07,10600,11650,10550,10650,286074,0.02898550724637672
2022-12-08,10650,10750,9920,9920,110637,-0.06854460093896708
2022-12-09,9990,10150,9920,10000,58342,0.008064516129032251
2022-12-12,9990,10400,9970,10250,46006,0.02499999999999991
2022-12-13,10300,10400,10000,10150,48165,-0.009756097560975618
2022-12-14,10200,10250,10100,10200,24701,0.0049261083743843415
2022-12-15,10150,10150,9920,9960,52685,-0.02352941176470591
2022-12-16,9700,9880,9650,9760,51172,-0.02008032128514059
2022-12-19,9740,9890,9660,9850,30550,0.009221311475409832
2022-12-20,9850,9850,9620,9620,42917,-0.023350253807106647
2022-12-21,9650,9750,9540,9540,17464,-0.008316008316008316
2022-12-22,9560,9650,9530,9590,24515,0.00524109014675056
2022-12-23,9560,9560,9260,9290,34643,-0.031282586027111536
2022-12-26,9290,9300,9200,9290,13492,0.0
2022-12-27,9230,9340,9230,9270,15035,-0.0021528525296017342
2022-12-28,9340,9630,9160,9630,24029,0.03883495145631066
2022-12-29,9550,9580,9210,9290,21292,-0.0353063343717549
2023-01-02,9290,9330,9140,9210,14948,-0.008611410118406937
2023-01-03,9140,9250,9000,9150,14835,-0.006514657980456029
2023-01-04,9010,9180,9000,9160,15913,0.0010928961748633004
2023-01-05,9190,9230,9080,9110,18991,-0.00545851528384278
2023-01-06,9010,9390,9010,9120,27247,0.001097694840834329
2023-01-09,9290,9370,9240,9360,19189,0.026315789473684292
2023-01-10,9370,9510,9360,9470,21245,0.01175213675213671
2023-01-11,9500,9590,9480,9570,16490,0.010559662090813049
2023-01-12,9600,9600,9450,9470,28301,-0.010449320794148398
2023-01-13,9500,9630,9500,9590,22744,0.012671594508975703
2023-01-16,9700,9790,9570,9790,18696,0.02085505735140769
2023-01-17,9820,9890,9540,9540,28600,-0.025536261491317713
2023-01-18,9480,9520,9400,9460,22139,-0.008385744234800874
2023-01-19,9460,9490,9340,9400,22268,-0.006342494714587699
2023-01-20,9310,9570,9310,9540,18277,0.014893617021276562
2023-01-25,9630,9680,9530,9600,16321,0.0062893081761006275
2023-01-26,9620,9800,9590,9790,37110,0.019791666666666652
2023-01-27,9820,9900,9750,9880,36479,0.009193054136874323
2023-01-30,9880,9930,9730,9730,23989,-0.015182186234817818
2023-01-31,9730,9800,9600,9770,11974,0.004110996916752319
2023-02-01,9760,10200,9760,10060,88827,0.029682702149437024
2023-02-02,10070,10140,10010,10090,21272,0.0029821073558649047
2023-02-03,10090,10270,10020,10240,38726,0.014866204162537144
2023-02-06,10170,10250,10020,10170,32873,-0.0068359375
2023-02-07,10170,10190,10060,10110,15633,-0.005899705014749235
2023-02-08,10110,10150,9990,9990,32479,-0.011869436201780381
2023-02-09,9950,10080,9940,10040,15251,0.005005005005005003
2023-02-10,9900,9990,9900,9910,22777,-0.01294820717131473
2023-02-13,10000,10500,9970,10130,56263,0.022199798183652808
2023-02-14,10190,10200,10050,10090,15129,-0.0039486673247778326
2023-02-15,10100,10120,9860,9940,35210,-0.014866204162537144
2023-02-16,9950,10120,9920,10040,21338,0.010060362173038184
2023-02-17,9970,10380,9960,10300,50704,0.02589641434262946
2023-02-20,10340,10550,10200,10500,108904,0.01941747572815533
2023-02-21,10720,11100,10390,10420,228000,-0.007619047619047636
2023-02-22,10350,10590,10090,10180,74576,-0.02303262955854124
2023-02-23,10350,10350,10040,10100,27281,-0.007858546168958758
2023-02-24,10100,10140,9930,9990,35862,-0.0108910891089109
2023-02-27,9900,10050,9800,9920,27354,-0.00700700700700696
2023-02-28,9940,10080,9920,9970,26896,0.00504032258064524
2023-03-02,9970,10070,9960,10020,18575,0.005015045135406293
2023-03-03,10020,10070,9890,9960,27943,-0.005988023952095856
2023-03-06,9980,9980,9850,9900,20965,-0.0060240963855421326
2023-03-07,9860,9930,9820,9880,19277,-0.002020202020202033
2023-03-08,9840,9880,9700,9750,25101,-0.013157894736842146
2023-03-09,9700,9750,9620,9730,22513,-0.002051282051282022
2023-03-10,9560,9680,9560,9640,22042,-0.009249743062692661
2023-03-13,9490,9630,9340,9500,20881,-0.014522821576763434
2023-03-14,9440,9520,9160,9160,36740,-0.03578947368421048
2023-03-15,9200,9340,9090,9210,34445,0.005458515283842891
2023-03-16,9210,9210,9050,9080,29682,-0.014115092290988063
2023-03-17,9080,9260,9080,9200,18941,0.013215859030837107
2023-03-20,9200,9350,9200,9260,15321,0.006521739130434856
2023-03-21,9280,9310,9200,9240,20861,-0.002159827213822907
2023-03-22,9250,9320,9140,9250,19713,0.0010822510822510178
2023-03-23,9250,9260,9010,9130,19861,-0.012972972972972951
2023-03-24,9070,9240,9060,9240,13583,0.012048192771084265
2023-03-27,9240,9250,9140,9200,14557,-0.0043290043290042934
2023-03-28,9250,9450,9220,9370,22181,0.018478260869565277
2023-03-29,9370,9400,9300,9370,14374,0.0
2023-03-30,9370,9510,9230,9450,38685,0.008537886872998834
2023-03-31,9440,9750,9370,9580,40386,0.013756613756613856
2023-04-03,9470,9590,9400,9470,31831,-0.011482254697286032
2023-04-04,9470,9660,9450,9600,25108,0.01372756071805692
2023-04-05,9580,9660,9490,9520,17755,-0.008333333333333304
2023-04-06,9460,9510,9360,9420,20911,-0.010504201680672232
2023-04-07,9390,9560,9380,9550,29041,0.013800424628450214
2023-04-10,9550,9560,9320,9550,40496,0.0
2023-04-11,9550,9730,9370,9600,51435,0.005235602094240788
2023-04-12,9600,9710,9510,9650,36876,0.005208333333333259
2023-04-13,9650,9730,9500,9690,27023,0.004145077720207224
2023-04-14,9760,9950,9700,9950,69053,0.026831785345717174
2023-04-17,10030,10490,10010,10110,232305,0.016080402010050232
2023-04-18,10100,10100,9860,9990,58371,-0.011869436201780381
2023-04-19,9990,10330,9950,10300,79243,0.03103103103103111
2023-04-20,10130,10340,10040,10040,45515,-0.025242718446601975
2023-04-21,10040,10040,9750,9750,35862,-0.028884462151394397
2023-04-24,9750,9800,9400,9430,47387,-0.03282051282051279
2023-04-25,9360,9530,9270,9320,23946,-0.01166489925768821
2023-04-26,9320,9470,9250,9320,23017,0.0
2023-04-27,9350,9380,9200,9380,31199,0.006437768240343367
2023-04-28,9420,9480,9310,9370,23404,-0.0010660980810234255
2023-05-02,9370,9450,9360,9420,20739,0.005336179295624355
2023-05-03,9380,9530,9360,9360,18737,-0.006369426751592355
2023-05-04,9360,9460,9300,9350,19384,-0.0010683760683760646
2023-05-08,9350,9490,9340,9460,20774,0.0117647058823529
2023-05-09,9430,9520,9400,9490,13225,0.003171247357293794
2023-05-10,9490,9630,9410,9610,15179,0.012644889357218192
2023-05-11,9570,9710,9560,9670,22089,0.00624349635796051
2023-05-12,9630,9700,9520,9520,12551,-0.015511892450879028
2023-05-15,9520,9520,9260,9290,23871,-0.024159663865546244
2023-05-16,9290,9350,9130,9180,34877,-0.011840688912809427
2023-05-17,9190,9350,9170,9300,11589,0.013071895424836555
2023-05-18,9300,9570,9300,9390,18118,0.00967741935483879
2023-05-19,9390,9450,9370,9410,17722,0.0021299254526092604
2023-05-22,9410,9500,9360,9480,13620,0.007438894792773709
2023-05-23,9490,9520,9420,9480,14914,0.0
2023-05-24,9500,9500,9360,9430,9630,-0.0052742616033755185
2023-05-25,9380,9430,9260,9330,19851,-0.010604453870625696
2023-05-26,9330,9370,9150,9280,27280,-0.005359056806002127
2023-05-30,9270,9320,9250,9320,14589,0.004310344827586299
2023-05-31,9320,9320,9260,9300,16711,-0.0021459227467811592
2023-06-01,9320,9320,9260,9260,11759,-0.004301075268817178
2023-06-02,9260,9300,9160,9270,21347,0.001079913606911509
2023-06-05,9270,9350,9210,9240,13028,-0.003236245954692518
2023-06-07,9210,9290,9210,9250,14092,0.0010822510822510178
2023-06-08,9160,9280,9140,9140,33712,-0.011891891891891881
2023-06-09,9160,9200,9140,9180,16581,0.004376367614879584
2023-06-12,9190,9250,9190,9240,22886,0.006535947712418277
2023-06-13,9240,9270,9180,9210,20307,-0.0032467532467532756
2023-06-14,9200,9240,9100,9130,29719,-0.008686210640608039
2023-06-15,9130,9160,9000,9050,34775,-0.008762322015334112
2023-06-16,9100,9120,9060,9060,12297,0.0011049723756906271
2023-06-19,9060,9120,9030,9090,26026,0.0033112582781456013
2023-06-20,9120,9250,9080,9170,13636,0.008800880088008833
2023-06-21,9170,9200,9040,9040,26030,-0.014176663031624903
2023-06-22,9040,9080,8960,8960,32087,-0.008849557522123908
2023-06-23,8920,9000,8880,8880,35133,-0.008928571428571397
2023-06-26,8780,8950,8740,8950,30558,0.007882882882882969
2023-06-27,8940,11250,8890,9870,1782595,0.10279329608938537
2023-06-28,9880,10540,9600,10060,733617,0.019250253292806496
2023-06-29,10110,10170,9730,9840,127052,-0.021868787276341894
2023-06-30,9750,9840,9520,9680,83325,-0.016260162601625994
2023-07-03,9680,9930,9680,9870,60792,0.019628099173553792
2023-07-04,9680,9820,9560,9730,69878,-0.014184397163120588
2023-07-05,9790,9870,9600,9600,43074,-0.01336073997944498
2023-07-06,9690,9690,9240,9390,48943,-0.021874999999999978
2023-07-07,9160,9390,9160,9350,33322,-0.004259850905218299
2023-07-10,9460,9460,9200,9200,26092,-0.016042780748663055
2023-07-11,9200,9330,9160,9200,27655,0.0
2023-07-12,9280,9320,9140,9320,26099,0.01304347826086949
2023-07-13,9340,9410,9170,9300,28318,-0.0021459227467811592
2023-07-14,9390,9390,9180,9230,21610,-0.007526881720430145
2023-07-17,9200,9330,9200,9230,21680,0.0
2023-07-18,9210,9230,9100,9100,26162,-0.014084507042253502
2023-07-19,9140,9150,9020,9090,34108,-0.001098901098901095
2023-07-20,9040,9130,9040,9100,18986,0.0011001100110010764
2023-07-21,9060,9250,9000,9100,49288,0.0
2023-07-24,9120,9120,8840,8840,72114,-0.02857142857142858
2023-07-25,8780,8880,8670,8820,60996,-0.002262443438914019
2023-07-26,8750,8750,8200,8210,122973,-0.06916099773242634
2023-07-27,8250,8480,8250,8370,34273,0.01948842874543244
2023-07-28,8430,8470,8260,8400,23901,0.0035842293906809264
2023-07-31,8410,8700,8410,8540,22446,0.016666666666666607
2023-08-01,8450,8700,8450,8570,19882,0.003512880562060783
2023-08-02,8560,8690,8520,8590,19854,0.002333722287047868
2023-08-03,8610,8750,8500,8650,27579,0.006984866123399325
2023-08-04,8650,8700,8600,8700,15734,0.005780346820809301
2023-08-07,8680,8680,8520,8530,20415,-0.019540229885057436
2023-08-08,8440,8560,8400,8440,29142,-0.010550996483001174
2023-08-09,8440,8550,8420,8500,19402,0.007109004739336511
2023-08-10,8500,9010,8470,8980,64278,0.05647058823529405
2023-08-11,8960,9000,8880,8920,19301,-0.006681514476614692
2023-08-14,8900,9100,8700,8700,27765,-0.024663677130044803
2023-08-16,8610,8700,8460,8490,22442,-0.024137931034482807
2023-08-17,8570,8570,8270,8470,14240,-0.002355712603062443
2023-08-18,8360,8390,8260,8390,19282,-0.009445100354191216
2023-08-21,8410,8990,8350,8530,63278,0.016686531585220488
2023-08-22,8450,8550,8410,8500,17581,-0.003516998827667095
2023-08-23,8650,8650,8280,8300,24171,-0.02352941176470591
2023-08-24,8310,8380,8240,8290,26664,-0.001204819277108471
2023-08-25,8240,8330,8240,8300,9482,0.0012062726176116367
2023-08-28,8300,8440,8300,8440,16573,0.01686746987951815
2023-08-29,8450,8560,8280,8420,15220,-0.0023696682464454666
2023-08-30,8440,8580,8420,8480,19642,0.0071258907363420665
2023-08-31,8500,8550,8440,8440,18332,-0.004716981132075526
2023-09-01,8440,8470,8250,8280,39046,-0.018957345971563955
2023-09-04,8280,8330,8240,8310,26808,0.0036231884057971175
2023-09-05,8270,8350,8270,8290,14203,-0.002406738868832692
2023-09-06,8290,8330,8210,8250,21015,-0.004825090470446325
2023-09-07,8250,8290,8090,8110,32257,-0.016969696969696968
2023-09-08,8130,8250,8070,8130,28591,0.002466091245376001
2023-09-11,8280,8280,8110,8130,17524,0.0
2023-09-12,8130,8200,8080,8190,17905,0.007380073800737907
2023-09-13,8190,8190,8100,8140,10979,-0.006105006105006083
2023-09-14,8060,8160,8010,8030,49837,-0.013513513513513487
2023-09-15,8020,8260,8020,8110,29489,0.00996264009962644
2023-09-18,8110,8150,8040,8070,12160,-0.004932182490752113
2023-09-19,8120,8150,8000,8030,21432,-0.00495662949194553
2023-09-20,8080,8080,7970,7970,30593,-0.007471980074719831
2023-09-21,7970,8020,7800,7800,32707,-0.021329987452948562
2023-09-22,7700,7870,7700,7870,11053,0.008974358974358942
2023-09-25,7870,7870,7610,7640,33065,-0.029224904701397714
2023-09-26,7600,7670,7600,7610,11869,-0.003926701570680646
2023-09-27,7560,7660,7560,7620,6305,0.0013140604467805073
2023-10-04,7500,7700,7470,7500,14346,-0.015748031496062964
2023-10-05,7430,7560,7270,7270,46313,-0.03066666666666662
2023-10-06,7330,7340,7210,7270,18708,0.0
2023-10-10,7240,7280,6990,7010,38828,-0.03576341127922966
2023-10-11,7020,7210,7020,7210,16748,0.02853067047075597
2023-10-12,7210,7270,7210,7240,5833,0.004160887656033285
2023-10-13,7250,7250,7050,7110,17773,-0.017955801104972413
2023-10-16,7100,7110,6990,7030,19014,-0.011251758087201136
2023-10-17,7020,7100,6990,7030,10391,0.0
2023-10-18,7090,7090,6930,7050,14013,0.002844950213371167
2023-10-19,7060,7060,6920,6950,13869,-0.014184397163120588
2023-10-20,6930,6930,6660,6720,30631,-0.03309352517985609
2023-10-23,6660,6780,6630,6630,15829,-0.013392857142857095
2023-10-24,6540,6850,6500,6850,21037,0.03318250377073917
2023-10-25,6870,6880,6720,6780,16339,-0.010218978102189746
2023-10-26,6720,6720,6520,6600,16177,-0.026548672566371723
2023-10-27,6500,6560,6350,6400,46175,-0.030303030303030276
2023-10-30,6400,6550,6330,6410,12016,0.0015624999999999112
2023-10-31,6420,6580,6330,6380,20473,-0.004680187207488307
2023-11-01,6400,6490,6310,6370,12760,-0.0015673981191222097
2023-11-02,6390,6580,6390,6530,18691,0.02511773940345363
2023-11-03,6550,6640,6500,6640,14819,0.016845329249617125
2023-11-06,6710,6930,6640,6870,29335,0.034638554216867457
2023-11-07,6880,6880,6510,6720,13661,-0.02183406113537123
2023-11-08,6670,6770,6670,6710,16287,-0.0014880952380952328
2023-11-09,6660,6730,6650,6710,10942,0.0
2023-11-10,6550,6730,6530,6600,14373,-0.016393442622950838
2023-11-13,6600,6630,6400,6420,28118,-0.027272727272727226
2023-11-14,6420,6590,6420,6510,7788,0.014018691588784993
2023-11-15,6660,6730,6620,6710,19207,0.030721966205837115
2023-11-16,6600,6750,6600,6710,7685,0.0
2023-11-17,6740,6740,6640,6660,11372,-0.007451564828613977
2023-11-20,6680,6840,6670,6780,12856,0.018018018018018056
2023-11-21,6760,6910,6760,6900,18558,0.017699115044247815
2023-11-22,6950,6950,6870,6880,10672,-0.0028985507246376274
2023-11-23,6900,6920,6830,6900,8866,0.0029069767441860517
2023-11-24,6900,6940,6830,6890,5669,-0.0014492753623188692
2023-11-27,6910,6910,6800,6850,6777,-0.005805515239477477
2023-11-28,6900,6900,6810,6890,9550,0.005839416058394109
2023-11-29,6930,6930,6820,6840,7545,-0.007256894049346929
2023-11-30,6880,6900,6800,6890,10949,0.007309941520467822
2023-12-01,6850,6940,6830,6830,8506,-0.00870827285921627
2023-12-04,6830,6950,6770,6850,12050,0.002928257686676483
2023-12-05,6880,6880,6500,6800,16778,-0.007299270072992692
2023-12-06,6800,6830,6750,6790,11260,-0.0014705882352941124
2023-12-07,6740,6790,6700,6790,11571,0.0
2023-12-08,6710,6850,6710,6830,9669,0.00589101620029453
2023-12-11,6830,6900,6800,6890,19209,0.008784773060029227
2023-12-12,6830,6930,6820,6870,12789,-0.002902757619738794
2023-12-13,6870,6870,6780,6790,6249,-0.011644832605531286
2023-12-14,6840,6870,6780,6780,7960,-0.0014727540500736325
2023-12-15,6790,6810,6760,6810,13680,0.004424778761061843
2023-12-18,6810,6830,6780,6810,11669,0.0
2023-12-19,6770,6920,6760,6830,19083,0.002936857562408246
2023-12-20,6810,7060,6810,7020,33027,0.027818448023426035
2023-12-21,7020,7020,6810,6960,16034,-0.008547008547008517
2023-12-22,6960,7040,6930,7000,10695,0.005747126436781658
2023-12-26,6990,6990,6840,6950,19212,-0.0071428571428571175
2023-12-27,6990,7000,6880,6990,8254,0.0057553956834532904
2023-12-28,7020,7220,6990,7100,38843,0.01573676680972813
2024-01-02,7100,7220,7100,7140,12814,0.005633802816901401
2024-01-03,7060,7200,7000,7080,23992,-0.008403361344537785
2024-01-04,7090,7180,7080,7120,13244,0.005649717514124353
2024-01-05,7120,7180,7080,7100,11319,-0.002808988764044895
2024-01-08,7110,7110,7000,7010,16393,-0.012676056338028152
2024-01-09,6940,7050,6920,7020,13096,0.0014265335235377208
2024-01-10,7080,7080,6890,6910,22592,-0.015669515669515688
2024-01-11,6910,7130,6910,7080,28914,0.02460202604920414
2024-01-12,7090,7100,6950,7010,20242,-0.009887005649717562
2024-01-15,7030,7100,6890,7000,17401,-0.0014265335235378318
2024-01-16,6910,7010,6880,6980,23048,-0.0028571428571428914
2024-01-17,6950,6970,6830,6900,26762,-0.011461318051575908
2024-01-18,6900,6990,6840,6840,20078,-0.008695652173912993
2024-01-19,6850,6990,6840,6850,22205,0.0014619883040936088
2024-01-22,6860,6900,6760,6760,19906,-0.013138686131386912
2024-01-23,6760,7040,6760,6780,22912,0.002958579881656709
2024-01-24,6780,6800,6770,6780,6744,0.0
2024-01-25,6780,6780,6640,6700,13211,-0.01179941002949858
2024-01-26,6700,6800,6700,6770,8386,0.010447761194029903
2024-01-29,6770,6790,6680,6710,21447,-0.008862629246676468
2024-01-30,6710,7190,6710,6930,85372,0.032786885245901676
2024-01-31,6880,7000,6830,6870,24646,-0.008658008658008698
2024-02-01,6830,7030,6830,6930,33411,0.008733624454148492
2024-02-02,6970,7100,6930,6960,31194,0.0043290043290042934
2024-02-05,6960,6960,6810,6890,18788,-0.010057471264367845
2024-02-06,6900,6950,6800,6950,23708,0.00870827285921627
2024-02-07,6880,6970,6880,6940,10477,-0.0014388489208633226
2024-02-08,6960,6980,6860,6920,14258,-0.0028818443804035088
2024-02-13,6930,6930,6880,6920,23005,0.0
2024-02-14,6910,6910,6770,6850,27553,-0.010115606936416222
2024-02-15,6850,6870,6770,6840,18976,-0.0014598540145985828
2024-02-16,6840,6870,6810,6840,11982,0.0
2024-02-19,6780,6910,6770,6900,29387,0.00877192982456143
2024-02-20,6850,6990,6830,6950,25652,0.007246376811594235
2024-02-21,6970,7070,6930,7030,20709,0.011510791366906581
2024-02-22,7030,7140,7000,7000,40394,-0.004267425320056861
2024-02-23,7000,7000,6850,6870,30308,-0.018571428571428572
2024-02-26,6830,6870,6750,6850,30426,-0.0029112081513827937
2024-02-27,6870,6870,6760,6780,19365,-0.010218978102189746
2024-02-28,6790,6830,6760,6790,10754,0.001474926253687281
2024-02-29,6800,6800,6730,6750,11750,-0.00589101620029453
2024-03-04,6750,6790,6700,6740,16408,-0.001481481481481528
2024-03-05,6660,6780,6610,6630,22109,-0.016320474777448024
2024-03-06,6600,6770,6450,6600,25830,-0.004524886877828038
2024-03-07,6610,6650,6480,6520,26691,-0.012121212121212088
2024-03-08,6490,6690,6490,6680,18277,0.024539877300613577
2024-03-11,6680,6700,6600,6630,8700,-0.007485029940119792
2024-03-12,6650,6680,6590,6680,12254,0.007541478129713397
2024-03-13,6680,6750,6640,6670,12379,-0.0014970059880239361
2024-03-14,6670,6720,6620,6710,7962,0.0059970014992503096
2024-03-15,6710,6730,6620,6720,13417,0.0014903129657228842
2024-03-18,6750,6770,6660,6660,17315,-0.008928571428571397
2024-03-19,6690,7000,6630,6650,26993,-0.0015015015015015232
2024-03-20,6630,6700,6600,6640,15625,-0.0015037593984962294
2024-03-21,6640,6700,6610,6650,27104,0.001506024096385561
2024-03-22,6620,6730,6620,6690,14990,0.006015037593984918
2024-03-25,6690,6750,6670,6720,17895,0.004484304932735439
2024-03-26,6710,6760,6650,6690,13796,-0.004464285714285698
2024-03-27,6740,6760,6620,6640,19261,-0.007473841554558991
2024-03-28,6620,6730,6610,6630,13078,-0.001506024096385561
2024-03-29,6630,6700,6620,6650,6830,0.003016591251885359
2024-04-01,6650,6690,6640,6660,16942,0.0015037593984963404
2024-04-02,6650,6700,6560,6600,29107,-0.009009009009009028
2024-04-03,6550,6590,6520,6550,10861,-0.007575757575757569
2024-04-04,6550,6590,6450,6480,26071,-0.010687022900763399
2024-04-05,6460,6470,6400,6420,20990,-0.0092592592592593
2024-04-08,6360,6420,6110,6170,62475,-0.0389408099688473
2024-04-09,6170,6270,6170,6200,13803,0.004862236628849326
2024-04-11,6180,6410,6160,6190,31855,-0.001612903225806428
2024-04-12,6180,6270,6130,6260,20084,0.011308562197092087
2024-04-15,6260,6290,6190,6250,17084,-0.0015974440894568342
2024-04-16,6240,6250,6140,6160,19810,-0.014399999999999968
2024-04-17,6150,6190,6110,6110,8154,-0.008116883116883078
2024-04-18,6150,6490,6150,6280,41936,0.02782324058919805
2024-04-19,6280,6290,6130,6190,15087,-0.014331210191082855
2024-04-22,6190,6250,6100,6180,15657,-0.001615508885298822
2024-04-23,6240,6240,6150,6160,7437,-0.003236245954692518
2024-04-24,6230,6230,6130,6150,10943,-0.0016233766233766378
2024-04-25,6200,6200,6100,6160,12320,0.001626016260162677
2024-04-26,6130,6160,6080,6110,20834,-0.008116883116883078
2024-04-29,6070,6150,6070,6120,14502,0.0016366612111293755
2024-04-30,6120,6140,6050,6080,27220,-0.006535947712418277
2024-05-02,6040,6100,6010,6070,25331,-0.00164473684210531
2024-05-03,6080,6100,6000,6040,29929,-0.0049423393739703725
2024-05-07,6040,6060,6020,6050,23075,0.0016556291390728006
2024-05-08,6050,6110,6040,6080,20975,0.0049586776859504855
2024-05-09,6070,6370,6070,6290,53433,0.03453947368421062
2024-05-10,6280,6340,6200,6220,20240,-0.011128775834658211
2024-05-13,6190,6260,6140,6190,16644,-0.004823151125401881
2024-05-14,6240,6540,6220,6330,70365,0.022617124394184174
2024-05-16,6330,6410,6240,6300,32574,-0.004739336492891044
2024-05-17,6300,6340,6190,6270,17281,-0.004761904761904745
2024-05-20,6320,6520,6290,6400,50586,0.020733652312599604
2024-05-21,6400,6430,6270,6290,19196,-0.017187500000000022
2024-05-22,6290,6370,6220,6270,17768,-0.0031796502384737746
2024-05-23,6300,6370,6230,6340,14545,0.011164274322169154
2024-05-24,6340,6360,6280,6290,6137,-0.007886435331230235
2024-05-27,6290,6330,6120,6200,19496,-0.014308426073131986
2024-05-28,6200,6240,6170,6220,13157,0.003225806451612856
2024-05-29,6220,6250,6060,6060,22862,-0.025723472668810254
2024-05-30,6070,6120,6050,6050,22760,-0.0016501650165016146
2024-05-31,6050,6100,6050,6100,12413,0.008264462809917328
2024-06-03,6110,6570,6110,6330,55597,0.03770491803278686
2024-06-04,6320,6350,6170,6190,22908,-0.02211690363349128
2024-06-05,6190,6600,6150,6320,135060,0.02100161550888524
2024-06-07,6320,6410,6220,6260,22511,-0.009493670886076
2024-06-10,6260,6360,6080,6190,19742,-0.011182108626198062
2024-06-11,6190,6220,6140,6140,12417,-0.008077544426494332
2024-06-12,6140,6180,6000,6080,19363,-0.009771986970684043
2024-06-13,6080,6140,6070,6120,12493,0.006578947368421018
2024-06-14,6080,6120,6050,6090,18616,-0.004901960784313708
2024-06-17,6000,6080,6000,6030,17583,-0.009852216748768461
2024-06-18,6010,6090,6010,6060,10449,0.004975124378109541
2024-06-19,6120,6120,6020,6030,13673,-0.004950495049504955
2024-06-20,6030,6100,6020,6020,15947,-0.0016583747927031434
2024-06-21,6020,6050,5920,5990,22494,-0.004983388704318914
2024-06-24,5950,6040,5900,5900,26398,-0.015025041736227096
2024-06-25,5820,5940,5720,5770,59929,-0.02203389830508473
2024-06-26,5810,5810,5690,5740,23416,-0.005199306759098743
2024-06-27,5740,5750,5660,5680,21297,-0.010452961672473893
2024-06-28,5720,5720,5650,5690,17563,0.0017605633802817433
2024-07-01,5670,5720,5620,5630,15203,-0.010544815465729385
2024-07-02,5750,5760,5610,5620,15586,-0.001776198934280604
2024-07-03,5610,5660,5590,5610,13305,-0.001779359430605032
2024-07-04,5610,5640,5440,5520,26480,-0.016042780748663055
2024-07-05,5520,5520,5350,5420,45003,-0.018115942028985477
2024-07-08,5410,5410,5350,5380,15601,-0.0073800738007380184
2024-07-09,5380,5440,5370,5380,21695,0.0
2024-07-10,5440,5440,5350,5390,13181,0.0018587360594795044
2024-07-11,5450,5450,5290,5310,43248,-0.014842300556586308
2024-07-12,5310,5510,5300,5400,36612,0.016949152542372836
2024-07-15,5440,5450,5400,5410,11347,0.0018518518518517713
2024-07-16,5460,5460,5280,5300,17433,-0.020332717190388205
2024-07-17,5300,5300,5280,5280,16398,-0.0037735849056603765
2024-07-18,5280,5280,5160,5170,34901,-0.02083333333333337
2024-07-19,5220,5220,5100,5150,22508,-0.003868471953578312
2024-07-22,5150,5160,5020,5030,32660,-0.023300970873786353
2024-07-23,5100,5100,4995,5030,19454,0.0
2024-07-24,4990,5050,4980,4995,21929,-0.006958250497017926
2024-07-25,4995,4995,4910,4965,43384,-0.006006006006005982
2024-07-26,4965,5020,4950,5000,10415,0.007049345417925457
2024-07-29,5100,6280,5050,5690,1010423,0.1379999999999999
2024-07-30,5800,5870,5610,5770,149882,0.014059753954305698
2024-07-31,5720,5770,5630,5760,63121,-0.0017331022530329143
2024-08-01,5760,5990,5670,5860,79877,0.01736111111111116
2024-08-02,5860,6100,5780,6100,133710,0.04095563139931735
2024-08-05,6110,6150,5340,5630,108569,-0.0770491803278689
2024-08-06,5860,6250,5780,6240,211929,0.10834813499111906
2024-08-07,7000,7950,6260,6270,4357021,0.004807692307692291
2024-08-08,6120,6270,5790,5800,377322,-0.07496012759170656
2024-08-09,5900,6020,5620,5700,190025,-0.017241379310344862
2024-08-12,5700,5910,5650,5880,114138,0.03157894736842115
2024-08-13,5830,5840,5680,5840,69634,-0.006802721088435382
2024-08-14,5800,5870,5740,5830,47127,-0.001712328767123239
2024-08-16,5850,5860,5740,5830,60544,0.0
2024-08-19,5900,5900,5710,5720,46194,-0.018867924528301883
2024-08-20,5700,5730,5650,5690,47645,-0.005244755244755206
2024-08-21,5650,5760,5620,5680,41676,-0.0017574692442882123
2024-08-22,5650,5720,5570,5600,32365,-0.014084507042253502
2024-08-23,5560,5620,5550,5570,17851,-0.005357142857142838
2024-08-26,5570,5600,5510,5550,14457,-0.0035906642728904536
2024-08-27,5500,5560,5480,5510,17275,-0.007207207207207245
2024-08-28,5460,5550,5460,5500,13771,-0.001814882032667886
2024-08-29,5500,5500,5430,5450,7498,-0.009090909090909038
2024-08-30,5450,5550,5370,5380,24458,-0.012844036697247652
2024-09-02,5380,5450,5340,5400,15754,0.0037174721189590088
2024-09-03,5400,5440,5360,5400,16097,0.0
2024-09-04,5400,5400,5080,5130,59245,-0.050000000000000044
2024-09-05,5140,5360,5030,5120,31550,-0.0019493177387914784
2024-09-06,5120,5140,5000,5030,22387,-0.017578125
2024-09-09,5020,5080,4955,5080,15605,0.00994035785288272
2024-09-10,5080,5150,5010,5040,9600,-0.007874015748031482
2024-09-11,5040,5110,4985,5020,21518,-0.003968253968253954
2024-09-12,4985,5080,4985,5070,5498,0.009960159362549792
2024-09-13,5130,5540,5050,5180,59172,0.021696252465483346
2024-09-19,5280,5350,5100,5180,25906,0.0
2024-09-20,5130,5250,5130,5250,7282,0.013513513513513598
2024-09-23,5250,5250,5100,5140,22964,-0.020952380952380945
2024-09-24,5150,5200,5100,5160,13426,0.0038910505836575737
2024-09-25,5160,5360,5120,5300,26265,0.027131782945736482
2024-09-26,5290,5320,5250,5320,6662,0.0037735849056603765
2024-09-27,5320,5350,5240,5300,12508,-0.003759398496240629
2024-09-30,5280,5300,5230,5280,11003,-0.0037735849056603765
2024-10-02,5270,5280,5160,5180,17697,-0.018939393939393923
2024-10-04,5130,5190,5100,5110,8584,-0.013513513513513487
2024-10-07,5100,5180,5070,5140,10137,0.005870841487279899
2024-10-08,5140,5170,5080,5150,9168,0.0019455252918287869
2024-10-10,5150,5220,5090,5130,33069,-0.003883495145631022
2024-10-11,5060,5300,5060,5150,16194,0.003898635477582957
2024-10-14,5150,5250,5140,5210,21086,0.011650485436893288
2024-10-15,5210,5250,5120,5210,7437,0.0
2024-10-16,5210,5210,5100,5130,15327,-0.015355086372360827
2024-10-17,5100,5250,5100,5170,12762,0.007797270955165692
2024-10-18,5170,5200,5100,5180,7638,0.0019342359767891004
2024-10-21,5180,5220,5150,5180,5081,0.0
2024-10-22,5220,5220,5060,5070,14043,-0.021235521235521193
2024-10-23,5050,5140,5050,5140,15834,0.013806706114398493
2024-10-24,5140,5150,5030,5040,10717,-0.01945525291828798
2024-10-25,5050,5120,5000,5020,6151,-0.003968253968253954
2024-10-28,5080,5080,5000,5020,12301,0.0
2024-10-29,5020,5040,5000,5020,5222,0.0
2024-10-30,5090,5090,5000,5020,3982,0.0
2024-10-31,5020,5070,4985,5040,9327,0.003984063745019917
2024-11-01,5040,5070,4940,4950,16402,-0.017857142857142905
2024-11-04,4960,5050,4960,5040,10767,0.018181818181818077
2024-11-05,5040,5060,5000,5000,7161,-0.007936507936507908
2024-11-06,5000,5090,4990,5010,8313,0.0020000000000000018
2024-11-07,5040,5100,4985,5040,20665,0.0059880239520957446
2024-11-08,5040,5300,5010,5290,47760,0.04960317460317465
2024-11-11,5320,5330,5120,5130,38742,-0.03024574669187141
2024-11-12,5030,5120,4965,5000,38899,-0.025341130604288553
2024-11-13,4960,5040,4750,4770,57778,-0.04600000000000004
2024-11-14,4770,4920,4760,4820,14384,0.01048218029350112
2024-11-15,4820,4820,4515,4705,53862,-0.023858921161825752
2024-11-18,4600,4740,4600,4735,17740,0.006376195536663021
2024-11-19,4650,4750,4650,4700,15625,-0.007391763463569179
2024-11-20,4710,4710,4550,4595,28833,-0.022340425531914843
2024-11-21,4560,4650,4510,4525,17802,-0.015233949945593017
2024-11-22,4525,4560,4405,4440,34367,-0.018784530386740328
2024-11-25,4440,4455,4415,4445,18775,0.0011261261261261701
2024-11-26,4445,4445,4415,4430,11494,-0.003374578177727794
2024-11-27,4410,4455,4340,4340,35312,-0.020316027088036148
2024-11-28,4385,4385,4300,4350,39432,0.0023041474654377225
2024-11-29,4320,4330,4205,4210,29503,-0.03218390804597704
2024-12-02,4235,4245,4035,4050,67518,-0.038004750593824244
2024-12-03,3950,4070,3950,4055,53831,0.0012345679012346622
2024-12-04,4050,4180,4005,4150,43805,0.023427866831072786
2024-12-05,4215,4215,4005,4070,29945,-0.01927710843373498
2024-12-06,4070,4070,3890,3945,55438,-0.03071253071253066
2024-12-09,3945,3945,3700,3715,58015,-0.0583016476552598
2024-12-10,3715,3930,3715,3920,31492,0.05518169582772536
2024-12-11,3935,4010,3910,3970,37243,0.012755102040816313
2024-12-12,3970,4045,3970,4010,12801,0.010075566750629816
2024-12-13,3975,4110,3975,4060,25464,0.012468827930174564
2024-12-16,4095,4125,4035,4050,21670,-0.0024630541871921707
2024-12-17,4050,4095,4040,4050,15617,0.0
2024-12-18,4075,4075,3995,4045,10589,-0.0012345679012345512
2024-12-19,4000,4040,3975,4040,8833,-0.0012360939431397266
2024-12-20,4035,4035,3895,3980,17280,-0.014851485148514865
2024-12-23,4005,4010,3890,3940,16177,-0.01005025125628145
2024-12-24,3940,3940,3900,3935,7936,-0.0012690355329949554
2024-12-26,3935,3955,3905,3925,13132,-0.0025412960609910717
2024-12-27,3950,3950,3830,3880,9789,-0.01146496815286624
2024-12-30,3780,3900,3780,3885,4587,0.0012886597938144284
2025-01-02,3885,3915,3870,3900,4993,0.0038610038610038533
2025-01-03,3930,3930,3880,3900,8786,0.0
2025-01-06,3880,3950,3850,3950,25519,0.012820512820512775
2025-01-07,3960,4125,3955,4100,29202,0.03797468354430378
2025-01-08,4100,4225,4075,4175,28529,0.018292682926829285
2025-01-09,4230,4230,4065,4100,23378,-0.017964071856287456
2025-01-10,4100,4135,4035,4070,20195,-0.007317073170731714
2025-01-13,4030,4075,3985,4000,9138,-0.017199017199017175
2025-01-14,4000,4000,3950,3975,14526,-0.006249999999999978
2025-01-15,3955,4000,3935,3950,9681,-0.0062893081761006275
2025-01-16,3950,3980,3935,3965,8593,0.0037974683544304
2025-01-17,3965,4020,3965,4020,6632,0.013871374527112179
2025-01-20,4020,4045,4015,4025,6472,0.0012437810945273853
2025-01-21,4025,4040,3990,4010,10110,-0.003726708074534124
2025-01-22,4010,4010,3950,3950,16803,-0.014962593516209433
2025-01-23,4000,4000,3920,3930,5352,-0.005063291139240533
2025-01-24,3990,3990,3900,3930,9530,0.0
2025-01-31,3930,3930,3840,3855,16615,-0.01908396946564883
2025-02-03,3855,3875,3770,3770,14928,-0.022049286640726362
2025-02-04,3785,3890,3785,3875,11359,0.027851458885941538
2025-02-05,3890,3930,3855,3925,16495,0.012903225806451646
2025-02-06,3895,3950,3895,3950,9670,0.006369426751592355
2025-02-07,3900,3955,3885,3950,16962,0.0
2025-02-10,3900,3985,3900,3985,17539,0.008860759493670933
2025-02-11,3985,3985,3950,3950,7383,-0.008782936010037656
2025-02-12,3950,4000,3870,3875,17147,-0.01898734177215189
2025-02-13,3900,3980,3860,3930,26902,0.014193548387096744
2025-02-14,3935,3970,3935,3950,10251,0.0050890585241729624
2025-02-17,3950,3995,3915,3940,19988,-0.0025316455696202667
2025-02-18,3945,3980,3915,3925,19782,-0.0038071065989847552
2025-02-19,3940,3940,3895,3925,25954,0.0
2025-02-20,3925,3975,3920,3950,9620,0.006369426751592355
2025-02-21,3950,4380,3950,4080,95409,0.032911392405063244
2025-02-24,4080,4135,4030,4130,22204,0.01225490196078427
2025-02-25,4130,4130,4040,4055,12156,-0.018159806295399483
2025-02-26,4060,4070,4030,4035,17889,-0.004932182490752113
2025-02-27,4030,4050,3985,4030,22843,-0.0012391573729864103
2025-02-28,4030,4030,3955,3990,8978,-0.00992555831265507
2025-03-04,3990,4020,3950,3985,9923,-0.0012531328320801727
2025-03-05,3950,4225,3950,4030,65969,0.01129234629861986
2025-03-06,4030,4155,3985,4040,33102,0.002481389578163684
2025-03-07,4030,4420,4000,4275,132920,0.05816831683168311
2025-03-10,4390,4630,4310,4365,113935,0.021052631578947434
2025-03-11,4305,4305,4150,4240,26158,-0.02863688430698741
2025-03-12,4240,4290,4210,4245,21713,0.001179245283018826
2025-03-13,4235,4235,4100,4200,9886,-0.010600706713780883
2025-03-14,4235,4335,4195,4290,17309,0.021428571428571352
2025-03-17,4290,4325,4210,4220,15582,-0.01631701631701632
2025-03-18,4220,4235,4185,4220,9053,0.0
2025-03-19,4240,4250,4175,4205,8811,-0.0035545023696682554
2025-03-20,4210,4230,4180,4195,14514,-0.0023781212841854638
2025-03-21,4145,4220,4120,4200,25512,0.0011918951132301459
2025-03-24,4200,4200,4135,4160,10703,-0.00952380952380949
2025-03-25,4160,4200,4045,4065,13546,-0.022836538461538436
2025-03-26,4100,4100,4020,4040,11272,-0.006150061500615034
2025-03-27,4080,4090,4000,4020,11751,-0.004950495049504955
2025-03-28,3980,4060,3940,3970,10837,-0.01243781094527363
2025-03-31,3960,4000,3855,4000,15526,0.007556675062972307
2025-04-01,4020,4020,3870,3995,11327,-0.0012499999999999734
2025-04-02,3990,4020,3925,3940,12226,-0.013767209011264048
2025-04-03,3900,3980,3895,3935,7701,-0.0012690355329949554
2025-04-04,3905,3970,3890,3960,16572,0.006353240152477735
2025-04-07,3930,3955,3740,3740,39368,-0.05555555555555558
2025-04-08,3920,3920,3735,3810,15100,0.018716577540107027
2025-04-09,3810,3860,3735,3770,12092,-0.01049868766404205
2025-04-10,3775,3950,3775,3895,17200,0.03315649867374004
2025-04-11,3860,3890,3800,3850,7950,-0.011553273427471145
2025-04-14,3850,3900,3845,3900,6223,0.01298701298701288
2025-04-15,3920,4065,3910,3980,22136,0.02051282051282044
2025-04-16,4005,4020,3910,3910,10788,-0.017587939698492483
2025-04-17,3910,3930,3840,3930,7599,0.005115089514066584
2025-04-18,3920,4025,3915,4005,6848,0.01908396946564883
2025-04-21,4010,4020,3955,3980,5239,-0.006242197253433224
2025-04-22,4020,4020,3880,3990,15477,0.002512562814070307
2025-04-23,3990,3990,3935,3980,11664,-0.0025062656641604564
2025-04-24,3980,3980,3930,3970,10304,-0.002512562814070307
2025-04-25,3970,3990,3880,3885,27366,-0.021410579345088165
2025-04-28,3935,3935,3820,3835,13464,-0.012870012870012881
2025-04-29,3835,3865,3820,3855,14784,0.0052151238591917615
2025-04-30,3850,3865,3815,3820,12833,-0.009079118028534339
2025-05-02,3810,3855,3800,3840,12809,0.005235602094240788
2025-05-07,3810,3845,3810,3820,13623,-0.00520833333333337
2025-05-08,3845,3845,3820,3830,13805,0.002617801047120505
2025-05-09,3855,3855,3805,3830,10198,0.0
2025-05-12,3860,3860,3825,3835,7594,0.0013054830287206887
2025-05-13,3835,3855,3800,3830,15308,-0.0013037809647978849
2025-05-14,3830,3850,3810,3835,23580,0.0013054830287206887
2025-05-15,3840,3850,3815,3830,5501,-0.0013037809647978849
2025-05-16,3830,3855,3815,3830,9345,0.0
2025-05-19,3830,3835,3805,3830,11887,0.0
2025-05-20,3830,3845,3795,3825,36290,-0.0013054830287205776
2025-05-21,3820,3850,3790,3845,14548,0.005228758169934622
2025-05-22,3840,3910,3815,3890,12589,0.011703511053315907
2025-05-23,3900,3910,3850,3860,14585,-0.007712082262210762
2025-05-26,3880,3925,3850,3900,17594,0.010362694300518172
2025-05-27,3945,3970,3885,3960,38557,0.01538461538461533
2025-05-28,3945,3960,3925,3955,11602,-0.0012626262626262985
2025-05-29,3960,3980,3925,3980,14845,0.006321112515802696
2025-05-30,3980,4020,3970,4010,17603,0.007537688442211143
2025-06-02,4025,4025,3985,4015,7713,0.0012468827930174342
2025-06-04,4020,4140,3995,4090,36143,0.018679950186799577
2025-06-05,4090,4135,4015,4090,27588,0.0
2025-06-09,4080,4180,4070,4170,18647,0.019559902200489088
2025-06-10,4185,4185,4140,4180,18073,0.0023980815347721673
2025-06-11,4185,4205,4160,4200,22635,0.004784688995215225
2025-06-12,4200,4210,4190,4205,4319,0.0011904761904761862
2025-06-13,4200,4205,4155,4190,23070,-0.003567181926278251
2025-06-16,4105,4215,4105,4200,18064,0.0023866348448686736
2025-06-17,4200,4210,4165,4205,12909,0.0011904761904761862
2025-06-18,4205,4205,4170,4185,7496,-0.0047562425683710385
2025-06-19,4185,4220,4165,4190,12845,0.0011947431302270495
2025-06-20,4150,4200,4150,4185,9889,-0.0011933174224343368
2025-06-23,4185,4185,4110,4130,10908,-0.01314217443249699
2025-06-24,4115,4180,4065,4080,25956,-0.01210653753026636
2025-06-25,4080,4125,4025,4045,19318,-0.008578431372548989
2025-06-26,4005,4040,4000,4015,5849,-0.007416563658838027
2025-06-27,4010,4095,4010,4065,5459,0.012453300124533051
2025-06-30,4020,4060,4010,4060,7105,-0.0012300123001229846
2025-07-01,4060,4100,4010,4095,14452,0.008620689655172376
2025-07-02,4115,4155,4090,4120,12304,0.006105006105006083
2025-07-03,4145,4145,4115,4125,12029,0.0012135922330096527
2025-07-04,4125,4165,4075,4090,8655,-0.00848484848484854
2025-07-07,4030,4105,4030,4105,9426,0.003667481662591676
2025-07-08,4015,4105,4015,4060,10328,-0.010962241169305775
2025-07-09,4060,4080,4050,4070,5402,0.0024630541871921707
2025-07-10,4070,4070,4015,4050,10770,-0.004914004914004955
2025-07-11,4050,4080,4025,4035,10980,-0.0037037037037036535
2025-07-14,4055,4070,4005,4025,18125,-0.0024783147459727095
2025-07-15,4025,4035,4015,4030,5978,0.001242236024844745
2025-07-16,4030,4060,4010,4025,10983,-0.001240694789081842
2025-07-17,4025,4060,4000,4035,17812,0.00248447204968949
2025-07-18,4045,4060,4020,4030,3901,-0.0012391573729864103
2025-07-21,4030,4045,4010,4040,7504,0.002481389578163684
2025-07-22,4040,4060,4010,4050,11785,0.0024752475247524774
2025-07-23,4050,4135,4010,4055,20016,0.0012345679012346622
2025-07-24,4055,4060,4020,4035,3456,-0.004932182490752113
2025-07-25,4030,4030,4000,4015,9769,-0.00495662949194553
2025-07-28,4020,4210,3995,4005,26027,-0.00249066002490661
2025-07-29,4005,4040,4005,4030,8082,0.006242197253433224
2025-07-30,4040,4045,4010,4015,4828,-0.003722084367245637
2025-07-31,4015,4015,3975,3980,16734,-0.008717310087173136
2025-08-01,3980,3980,3887,3890,23120,-0.022613065326633208
2025-08-04,3890,3950,3825,3890,24001,0.0
2025-08-05,3890,3890,3815,3850,24723,-0.010282776349614386
2025-08-06,3850,3875,3820,3850,11576,0.0
2025-08-07,3840,3875,3815,3850,8398,0.0
2025-08-08,3850,3860,3835,3850,3437,0.0
2025-08-11,3905,3905,3820,3845,19770,-0.0012987012987012436
2025-08-12,3845,3900,3800,3830,38037,-0.0039011703511053764
2025-08-13,3815,3840,3815,3830,11082,0.0
2025-08-14,3830,3835,3805,3830,8474,0.0
2025-08-18,3830,3835,3750,3780,31764,-0.01305483028720622
2025-08-19,3780,3790,3720,3730,23139,-0.013227513227513255
2025-08-20,3730,3730,3685,3710,33116,-0.00536193029490617
2025-08-21,3710,3725,3700,3720,7859,0.0026954177897573484
2025-08-22,3735,3735,3690,3735,24556,0.0040322580645162365
2025-08-25,3735,3740,3695,3695,17796,-0.010709504685408322
2025-08-26,3695,4440,3695,3900,478947,0.05548037889039237
2025-08-27,3910,3955,3785,3810,46578,-0.023076923076923106
2025-08-28,3810,3850,3785,3840,21420,0.007874015748031482
2025-08-29,3825,3840,3775,3780,19854,-0.015625
2025-09-01,3780,3860,3775,3840,29316,0.015873015873015817
2025-09-02,3845,3855,3760,3800,16856,-0.01041666666666663
2025-09-03,3800,3835,3780,3825,5779,0.006578947368421018
2025-09-04,3825,3850,3800,3840,7484,0.0039215686274509665
2025-09-05,3855,3855,3805,3845,6928,0.0013020833333332593
2025-09-08,3850,3925,3805,3880,21028,0.00910273081924573
2025-09-09,3900,3900,3865,3880,10119,0.0
2025-09-10,3875,3980,3815,3875,26710,-0.0012886597938144284
2025-09-11,3900,3980,3865,3955,32116,0.020645161290322678
2025-09-12,3980,3985,3930,3975,18475,0.005056890012642201
2025-09-15,3975,3980,3935,3960,18826,-0.0037735849056603765
2025-09-16,3950,4000,3935,3990,25001,0.007575757575757569
2025-09-17,3990,4005,3940,3975,14987,-0.003759398496240629
2025-09-18,3970,4010,3935,3990,43901,0.0037735849056603765
2025-09-19,4000,4000,3850,4000,20594,0.0025062656641603454
2025-09-22,4000,4005,3930,3940,11959,-0.015000000000000013
2025-09-23,3905,3920,3860,3910,16834,-0.0076142131979695105
2025-09-24,3910,3910,3830,3880,25999,-0.007672634271099765
2025-09-25,3895,3900,3750,3765,55038,-0.029639175257731964
2025-09-26,3765,3770,3600,3690,75463,-0.019920318725099584
2025-09-29,3690,3690,3560,3585,58100,-0.028455284552845517
2025-09-30,3585,3585,3550,3575,20458,-0.002789400278940035
2025-10-01,3570,3570,3550,3570,17450,-0.0013986013986013734
2025-10-02,3565,3580,3535,3570,17631,0.0
2025-10-10,3550,3565,3505,3520,27020,-0.014005602240896309
2025-10-13,3500,3535,3480,3500,15284,-0.005681818181818232
2025-10-14,3470,3565,3470,3485,24556,-0.004285714285714337
2025-10-15,3485,3535,3475,3485,14603,0.0
2025-10-16,3485,3510,3460,3485,23634,0.0
2025-10-17,3485,3485,3420,3450,36839,-0.010043041606886627
2025-10-20,3420,3445,3380,3390,33899,-0.017391304347826098
2025-10-21,3390,3405,3340,3350,49078,-0.01179941002949858
2025-10-22,3335,3350,3320,3340,22679,-0.0029850746268657025
2025-10-23,3340,3340,3315,3330,17883,-0.0029940119760478723
2025-10-24,3330,3335,3300,3305,27047,-0.007507507507507505
2025-10-27,3310,3320,3275,3285,53325,-0.006051437216338829
2025-10-28,3275,3280,3255,3280,20927,-0.0015220700152207556
2025-10-29,3285,3290,3255,3265,20360,-0.004573170731707266
2025-10-30,3265,3265,3220,3230,23924,-0.01071975497702915
2025-10-31,3215,3245,3210,3220,18129,-0.003095975232198178
2025-11-03,3250,3250,3065,3090,75238,-0.04037267080745344
2025-11-04,3090,3090,3005,3050,49879,-0.012944983818770184
2025-11-05,3050,3055,2955,3020,74812,-0.00983606557377048
2025-11-06,3020,3840,3015,3260,835432,0.07947019867549665
2025-11-07,3265,3270,3185,3255,59988,-0.0015337423312883347
2025-11-10,3220,3335,3220,3245,22574,-0.003072196620583667
2025-11-11,3245,3285,3200,3240,24610,-0.0015408320493066618
2025-11-12,3215,3220,3165,3175,35077,-0.020061728395061706
2025-11-13,3240,3240,3175,3190,5142,0.0047244094488188
2025-11-14,3195,3310,3180,3280,47912,0.028213166144200663
2025-11-17,3280,3750,3280,3430,158231,0.0457317073170731
2025-11-18,3430,3430,3305,3325,30934,-0.030612244897959218
2025-11-19,3325,3330,3265,3285,18172,-0.012030075187969946
2025-11-20,3280,3405,3280,3395,36586,0.03348554033485551
2025-11-21,3210,3360,3210,3300,26569,-0.027982326951399128
2025-11-24,3290,3345,3260,3330,17373,0.009090909090909038
2025-11-25,3340,3340,3230,3240,24725,-0.027027027027026973
2025-11-26,3245,3255,3230,3240,15045,0.0
2025-11-27,3240,3310,3240,3265,15605,0.007716049382715973
2025-11-28,3280,3475,3270,3440,35200,0.05359877488514542
2025-12-01,3420,3495,3390,3400,17116,-0.011627906976744207
2025-12-02,3400,3400,3360,3375,8151,-0.007352941176470562
2025-12-03,3360,3435,3360,3430,10282,0.016296296296296253
2025-12-04,3430,3645,3420,3545,50265,0.03352769679300294
2025-12-05,3560,3560,3480,3510,26721,-0.009873060648801113
2025-12-08,3510,3540,3455,3460,9410,-0.014245014245014231
2025-12-09,3460,3460,3395,3425,17558,-0.010115606936416222
2025-12-10,3425,3430,3400,3425,11897,0.0
2025-12-11,3475,3570,3425,3525,26614,0.029197080291970767
2025-12-12,3455,3520,3450,3455,46167,-0.019858156028368823
2025-12-15,3500,3650,3405,3480,38190,0.00723589001447178
2025-12-16,3475,3595,3470,3575,39640,0.027298850574712707
2025-12-17,3575,3740,3525,3550,72389,-0.006993006993006978
2025-12-18,3480,3630,3460,3490,16124,-0.016901408450704203
2025-12-19,3490,3520,3410,3440,17404,-0.014326647564469885
2025-12-22,3405,3455,3405,3410,13004,-0.008720930232558155
2025-12-23,3385,3430,3350,3350,18918,-0.017595307917888547
2025-12-24,3350,3390,3270,3335,43503,-0.004477611940298498
2025-12-26,3295,3405,3295,3350,16295,0.004497751124437732
2025-12-29,3315,3350,3270,3290,14728,-0.017910447761193993
2025-12-30,3290,3345,3260,3335,7664,0.013677811550151908
2026-01-02,3335,3355,3300,3330,22239,-0.0014992503748125774
2026-01-05,3330,3340,3260,3265,20707,-0.019519519519519468
2026-01-06,3265,3290,3155,3175,50883,-0.027565084226646275
2026-01-07,3190,3235,3120,3160,27688,-0.0047244094488189115
2026-01-08,3160,3180,3115,3120,22355,-0.012658227848101222
2026-01-09,3120,3175,3110,3160,16235,0.012820512820512775
2026-01-12,3160,3210,3150,3205,14392,0.014240506329114
2026-01-13,3210,3215,3140,3160,14205,-0.01404056162246492
2026-01-14,3135,3155,3110,3130,16790,-0.009493670886076
2026-01-15,3130,3160,3130,3135,19309,0.0015974440894568342
2026-01-16,3060,3115,3060,3065,31178,-0.022328548644338087
2026-01-19,3055,3060,3005,3030,33629,-0.011419249592169667
2026-01-20,3025,3065,3015,3050,23568,0.0066006600660066805
2026-01-21,3025,3325,3025,3090,122054,0.013114754098360715
2026-01-22,3090,3130,3045,3100,31078,0.003236245954692629
2026-01-23,3100,3160,3090,3150,23605,0.016129032258064502
2026-01-26,3150,3235,3150,3225,49002,0.023809523809523725
2026-01-27,3220,3270,3220,3260,26932,0.010852713178294504
2026-01-28,3270,3270,3155,3180,57903,-0.024539877300613466
2026-01-29,3180,3205,3110,3185,37398,0.0015723270440251014
2026-01-30,3185,3235,3130,3205,42677,0.006279434850863463
