Date,Open,High,Low,Close,Volume,Change
2022-01-03,1259,1441,1236,1305,4505278,0.03653693407466241
2022-01-04,1304,1318,1263,1273,1174262,-0.02452107279693483
2022-01-05,1273,1273,1205,1205,1407086,-0.05341712490180672
2022-01-06,1181,1231,1177,1218,787249,0.010788381742738551
2022-01-07,1232,1336,1214,1255,2617855,0.0303776683087027
2022-01-10,1254,1254,1213,1218,828060,-0.02948207171314743
2022-01-11,1208,1317,1208,1236,2602013,0.014778325123152802
2022-01-12,1226,1254,1213,1245,909173,0.00728155339805836
2022-01-13,1254,1254,1209,1209,632507,-0.028915662650602414
2022-01-14,1254,1299,1217,1227,3807933,0.014888337468982549
2022-01-17,1259,1327,1241,1282,4711021,0.04482477587612066
2022-01-18,1267,1272,1222,1236,1343788,-0.03588143525741028
2022-01-19,1204,1241,1200,1214,885380,-0.017799352750809017
2022-01-20,1200,1223,1195,1205,681435,-0.007413509060955503
2022-01-21,1190,1200,1140,1150,1226875,-0.0456431535269709
2022-01-24,1140,1140,1077,1077,1140820,-0.0634782608695652
2022-01-25,1013,1022,954,968,4349323,-0.10120705663881147
2022-01-26,963,1072,963,1041,4096454,0.07541322314049581
2022-01-27,1035,1067,990,1045,3351389,0.003842459173871271
2022-01-28,1054,1081,1013,1077,2493187,0.030622009569377884
2022-02-03,1077,1132,1059,1114,2431740,0.0343546889507893
2022-02-04,1099,1127,1095,1109,1164382,-0.004488330341113067
2022-02-07,1109,1122,1095,1100,689533,-0.008115419296663706
2022-02-08,1109,1182,1095,1105,3869544,0.00454545454545463
2022-02-09,1109,1159,1104,1150,1692299,0.040723981900452566
2022-02-10,1154,1154,1109,1109,1015147,-0.03565217391304343
2022-02-11,1104,1136,1082,1114,822934,0.004508566275924331
2022-02-14,1094,1113,1044,1054,1275974,-0.05385996409335725
2022-02-15,1067,1072,1022,1027,971610,-0.02561669829222013
2022-02-16,1045,1136,1045,1114,2562844,0.08471275559883162
2022-02-17,1113,1145,1081,1127,1895959,0.011669658886894085
2022-02-18,1127,1227,1114,1155,6351494,0.024844720496894457
2022-02-21,1126,1194,1117,1145,2419867,-0.008658008658008698
2022-02-22,1118,1140,1095,1100,1023002,-0.0393013100436681
2022-02-23,1109,1127,1095,1109,922496,0.00818181818181829
2022-02-24,1145,1204,1054,1059,5194735,-0.04508566275924253
2022-02-25,1086,1136,1077,1132,2469227,0.0689329556185081
2022-02-28,1113,1136,1086,1123,1738762,-0.007950530035335635
2022-03-02,1122,1149,1113,1145,1049902,0.019590382902938464
2022-03-03,1190,1350,1150,1241,40994356,0.08384279475982526
2022-03-04,1227,1258,1186,1218,4933854,-0.018533440773569665
2022-03-07,1255,1314,1241,1255,14050710,0.0303776683087027
2022-03-08,1209,1254,1204,1232,2917384,-0.018326693227091684
2022-03-10,1308,1340,1249,1277,10607028,0.03652597402597402
2022-03-11,1286,1531,1272,1436,66356300,0.12451057165231005
2022-03-14,1450,1450,1390,1450,8550509,0.009749303621169991
2022-03-15,1490,1572,1427,1427,13398734,-0.01586206896551723
2022-03-16,1477,1554,1427,1500,27365627,0.051156271899089
2022-03-17,1495,1500,1436,1455,6118626,-0.030000000000000027
2022-03-18,1446,1459,1414,1446,2997959,-0.006185567010309256
2022-03-21,1627,1878,1623,1878,89709885,0.29875518672199175
2022-03-22,1840,1972,1763,1809,98070218,-0.036741214057507965
2022-03-23,1809,1863,1768,1859,37049529,0.027639579878385945
2022-03-24,1827,1987,1796,1878,59964363,0.010220548682087216
2022-03-25,1890,2000,1872,2000,30243432,0.06496272630457933
2022-03-28,2164,2291,1964,1964,82060382,-0.018000000000000016
2022-03-29,2227,2227,1936,1996,40351326,0.016293279022403295
2022-03-30,1886,2118,1827,1982,52362701,-0.007014028056112176
2022-03-31,2009,2091,1941,1946,21007406,-0.01816347124117057
2022-04-01,1927,1959,1846,1846,9320673,-0.05138746145940387
2022-04-04,1904,1977,1850,1914,18962138,0.03683640303358615
2022-04-05,1918,2064,1855,2028,37647096,0.059561128526645746
2022-04-06,2027,2073,1946,1946,15265676,-0.04043392504930965
2022-04-07,1886,1909,1831,1841,6047834,-0.0539568345323741
2022-04-08,1863,1868,1700,1723,7924845,-0.06409560021727323
2022-04-11,1722,1790,1672,1677,5018985,-0.026697620429483426
2022-04-12,1649,1695,1604,1668,4096121,-0.00536672629695889
2022-04-13,1664,1682,1623,1637,2662400,-0.018585131894484408
2022-04-14,1641,1663,1618,1632,2000098,-0.0030543677458766405
2022-04-15,1640,1763,1640,1700,10028624,0.04166666666666674
2022-04-18,1700,1713,1672,1682,2132245,-0.010588235294117676
2022-04-19,1672,1681,1636,1650,2090499,-0.019024970273483932
2022-04-20,1650,1672,1609,1641,2236855,-0.00545454545454549
2022-04-21,1645,1859,1631,1750,21310981,0.06642291285801338
2022-04-22,1746,1773,1696,1728,4614772,-0.012571428571428567
2022-04-25,1736,1759,1672,1682,3300140,-0.02662037037037035
2022-04-26,1713,1740,1654,1677,3018191,-0.0029726516052318575
2022-04-27,1636,1668,1623,1664,1856175,-0.007751937984496138
2022-04-28,1718,1955,1659,1955,28011377,0.1748798076923077
2022-04-29,2127,2132,1845,1882,38682078,-0.037340153452685376
2022-05-02,1850,1950,1840,1891,7204875,0.004782146652497321
2022-05-03,1868,1945,1864,1864,4833306,-0.014278159703860371
2022-05-04,1836,1908,1808,1818,5367703,-0.02467811158798283
2022-05-06,1781,1836,1772,1809,2425664,-0.004950495049504955
2022-05-09,1790,1909,1790,1909,7529132,0.05527915975677167
2022-05-10,1850,1941,1800,1891,8502454,-0.0094290204295443
2022-05-11,1917,1981,1858,1868,22589042,-0.012162876784770016
2022-05-12,1813,1827,1682,1682,5830443,-0.0995717344753747
2022-05-13,1686,1745,1627,1664,6128142,-0.010701545778834753
2022-05-16,1655,1705,1655,1687,1820461,0.013822115384615419
2022-05-17,1677,1759,1677,1746,3003112,0.03497332542975706
2022-05-18,1750,1750,1686,1700,2482078,-0.026345933562428425
2022-05-19,1623,1664,1609,1637,1741381,-0.03705882352941181
2022-05-20,1631,1695,1631,1668,1749105,0.018937080024434838
2022-05-23,1668,1682,1595,1664,2716055,-0.0023980815347721673
2022-05-24,1645,1654,1591,1591,1386207,-0.04387019230769229
2022-05-25,1591,1595,1536,1555,1398227,-0.022627278441231913
2022-05-26,1545,1582,1536,1555,1332541,0.0
2022-05-27,1559,1581,1554,1559,865065,0.0025723472668810476
2022-05-30,1573,1605,1564,1587,843952,0.017960230917254627
2022-05-31,1581,1595,1563,1591,913028,0.002520478890989386
2022-06-02,1605,1605,1546,1546,1530499,-0.028284098051539863
2022-06-03,1550,1841,1550,1673,42798594,0.08214747736093142
2022-06-07,1668,1691,1636,1655,5799258,-0.01075911536162577
2022-06-08,1686,1750,1650,1664,7060613,0.005438066465256908
2022-06-09,1627,1659,1614,1646,1848320,-0.01081730769230771
2022-06-10,1636,1641,1577,1582,1937905,-0.03888213851761846
2022-06-13,1536,1541,1468,1473,2770518,-0.0689001264222503
2022-06-14,1422,1500,1418,1482,2573165,0.006109979633401208
2022-06-15,1463,1490,1363,1368,3313683,-0.07692307692307687
2022-06-16,1400,1418,1341,1346,2154331,-0.016081871345029253
2022-06-17,1309,1368,1268,1364,2169606,0.013372956909361022
2022-06-20,1368,1386,1264,1264,2205780,-0.07331378299120239
2022-06-21,1272,1345,1259,1323,1713724,0.04667721518987333
2022-06-22,1322,1354,1268,1268,1165733,-0.04157218442932731
2022-06-23,1272,1290,1154,1209,2641742,-0.04652996845425872
2022-06-24,1181,1254,1177,1232,1740439,0.01902398676592232
2022-06-27,1250,1309,1250,1296,1380066,0.051948051948051965
2022-06-28,1336,1413,1286,1300,5948353,0.0030864197530864335
2022-06-29,1272,1523,1254,1373,21410423,0.05615384615384622
2022-06-30,1354,1377,1309,1314,3285760,-0.042971595047341604
2022-07-01,1309,1350,1218,1232,3064640,-0.06240487062404876
2022-07-04,1231,1354,1218,1250,8935683,0.014610389610389518
2022-07-05,1254,1326,1254,1277,3698799,0.021600000000000064
2022-07-06,1272,1277,1227,1232,1782739,-0.035238841033672696
2022-07-07,1236,1340,1236,1250,4644644,0.014610389610389518
2022-07-08,1263,1327,1263,1314,3897641,0.05119999999999991
2022-07-11,1314,1327,1286,1296,1393467,-0.013698630136986356
2022-07-12,1281,1295,1213,1241,1941752,-0.042438271604938294
2022-07-13,1236,1263,1200,1223,1308228,-0.014504431909750148
2022-07-14,1209,1232,1205,1205,1096381,-0.014717906786590351
2022-07-15,1208,1235,1172,1186,2046431,-0.01576763485477184
2022-07-18,1200,1236,1191,1223,1050350,0.031197301854974713
2022-07-19,1222,1381,1204,1309,22709985,0.07031888798037622
2022-07-20,1309,1327,1300,1305,2401908,-0.0030557677616500634
2022-07-21,1318,1332,1300,1314,1747853,0.006896551724137945
2022-07-22,1318,1345,1277,1282,2057440,-0.0243531202435312
2022-07-25,1277,1291,1254,1273,996250,-0.0070202808112324044
2022-07-26,1286,1399,1286,1318,14026974,0.0353495679497251
2022-07-27,1364,1400,1350,1364,7058155,0.03490136570561453
2022-07-28,1386,1386,1341,1346,1741871,-0.01319648093841641
2022-07-29,1350,1364,1341,1355,1332874,0.006686478454680511
2022-08-01,1363,1381,1354,1368,1635019,0.009594095940959502
2022-08-02,1359,1363,1331,1341,1102076,-0.019736842105263164
2022-08-03,1340,1354,1327,1350,892211,0.006711409395973256
2022-08-04,1359,1377,1345,1359,1236781,0.006666666666666599
2022-08-05,1377,1427,1363,1414,9010567,0.04047093451066952
2022-08-08,1422,1431,1381,1418,2030832,0.0028288543140029265
2022-08-09,1531,1531,1422,1441,8336642,0.016220028208744797
2022-08-10,1445,1663,1427,1573,55139940,0.09160305343511443
2022-08-11,1659,1664,1536,1546,15047947,-0.017164653528289886
2022-08-12,1564,1582,1532,1537,4081281,-0.005821474773609281
2022-08-16,1545,1582,1491,1505,6388283,-0.020819778789850307
2022-08-17,1491,1509,1455,1455,2571809,-0.03322259136212624
2022-08-18,1445,1463,1423,1423,1705661,-0.021993127147766356
2022-08-19,1423,1446,1391,1396,1409872,-0.01897399859451865
2022-08-22,1368,1386,1350,1350,1543257,-0.03295128939828085
2022-08-23,1327,1368,1304,1314,1816066,-0.026666666666666616
2022-08-24,1350,1400,1318,1323,2261181,0.006849315068493178
2022-08-25,1322,1368,1322,1359,1371506,0.027210884353741527
2022-08-26,1368,1368,1336,1341,1221205,-0.013245033112582738
2022-08-29,1277,1305,1273,1296,1159127,-0.03355704697986572
2022-08-30,1290,1417,1290,1336,6658556,0.030864197530864113
2022-08-31,1327,1359,1309,1350,1110569,0.010479041916167775
2022-09-01,1322,1399,1322,1377,2900292,0.020000000000000018
2022-09-02,1400,1518,1400,1491,18007810,0.08278867102396514
2022-09-05,1627,1627,1422,1468,20105890,-0.015425888665325238
2022-09-06,1354,1377,1318,1323,6426157,-0.0987738419618529
2022-09-07,1314,1323,1255,1255,2341632,-0.05139833711262287
2022-09-08,1254,1291,1254,1282,1458189,0.021513944223107595
2022-09-13,1291,1309,1282,1305,2230714,0.017940717628705194
2022-09-14,1250,1291,1250,1282,1354050,-0.017624521072796884
2022-09-15,1286,1300,1263,1273,1189891,-0.0070202808112324044
2022-09-16,1254,1272,1213,1227,1166197,-0.03613511390416335
2022-09-19,1218,1236,1172,1182,1448233,-0.03667481662591687
2022-09-20,1181,1208,1181,1195,929476,0.010998307952622577
2022-09-21,1186,1213,1172,1177,942082,-0.015062761506276168
2022-09-22,1154,1167,1108,1145,1531555,-0.027187765505522488
2022-09-23,1126,1145,1081,1086,1702708,-0.051528384279476036
2022-09-26,1054,1077,1004,1009,2127593,-0.07090239410681398
2022-09-27,991,1032,981,1032,1531861,0.02279484638255691
2022-09-28,1013,1045,950,973,1782400,-0.057170542635658905
2022-09-29,991,1036,982,982,1761452,0.009249743062692772
2022-09-30,954,1040,954,977,4018359,-0.005091649694501044
2022-10-04,995,1013,986,1009,1354888,0.032753326509723735
2022-10-05,1022,1036,995,1000,1420607,-0.008919722497522264
2022-10-06,1009,1063,1009,1032,1680493,0.03200000000000003
2022-10-07,1023,1045,1004,1014,883330,-0.01744186046511631
2022-10-11,986,995,954,959,967560,-0.05424063116370814
2022-10-12,944,963,931,954,975728,-0.005213764337851923
2022-10-13,950,954,897,901,1283053,-0.05555555555555558
2022-10-14,922,958,913,954,942592,0.05882352941176472
2022-10-17,936,986,922,973,550446,0.01991614255765195
2022-10-18,990,1004,972,1000,1128361,0.027749229188078095
2022-10-19,1000,1009,968,973,819429,-0.027000000000000024
2022-10-20,963,999,954,959,723759,-0.014388489208633115
2022-10-21,967,976,945,945,467560,-0.014598540145985384
2022-10-24,977,1091,972,982,9240902,0.03915343915343916
2022-10-25,986,991,954,964,1508020,-0.018329938900203624
2022-10-26,972,977,922,932,1011475,-0.03319502074688796
2022-10-27,940,954,936,950,601985,0.0193133047210301
2022-10-28,949,1008,945,945,2038912,-0.0052631578947368585
2022-10-31,964,977,950,964,684288,0.020105820105820182
2022-11-01,958,995,954,986,973438,0.022821576763485396
2022-11-02,986,986,968,973,717506,-0.013184584178498993
2022-11-03,945,968,941,964,647287,-0.009249743062692661
2022-11-04,958,963,944,954,689783,-0.010373443983402453
2022-11-07,958,986,954,986,1100507,0.03354297693920327
2022-11-08,981,1054,981,1000,5918706,0.014198782961460488
2022-11-09,999,1017,994,1004,1036488,0.0040000000000000036
2022-11-10,995,1049,990,1036,1954101,0.031872509960159334
2022-11-11,1059,1063,1027,1032,2227574,-0.0038610038610038533
2022-11-14,1036,1054,1018,1041,1513399,0.008720930232558155
2022-11-15,1031,1090,1031,1059,2576969,0.01729106628242083
2022-11-16,1058,1063,1031,1045,929833,-0.013220018885741314
2022-11-17,1081,1113,1050,1050,3488287,0.004784688995215225
2022-11-18,1054,1059,1041,1041,636366,-0.008571428571428563
2022-11-21,1049,1049,1004,1009,1370561,-0.030739673390970168
2022-11-22,1008,1108,1004,1068,7475311,0.05847373637264619
2022-11-23,1077,1090,1054,1068,2156459,0.0
2022-11-24,1091,1136,1077,1132,4013946,0.059925093632958726
2022-11-25,1136,1168,1109,1132,5640621,0.0
2022-11-28,1131,1131,1076,1086,1659281,-0.04063604240282681
2022-11-29,1067,1099,1067,1086,1341158,0.0
2022-11-30,1082,1086,1063,1082,791560,-0.0036832412523020164
2022-12-01,1091,1118,1082,1082,1881207,0.0
2022-12-02,1081,1109,1077,1091,967759,0.008317929759704246
2022-12-05,1095,1100,1073,1073,723203,-0.016498625114573784
2022-12-06,1072,1095,1054,1059,1070770,-0.013047530288909592
2022-12-07,1040,1054,1031,1036,818278,-0.02171860245514634
2022-12-08,1032,1036,1009,1014,731572,-0.021235521235521193
2022-12-09,1022,1027,1008,1018,411202,0.0039447731755424265
2022-12-12,1013,1017,1004,1004,438330,-0.013752455795677854
2022-12-13,1013,1022,994,1004,463605,0.0
2022-12-14,1009,1032,1009,1032,431172,0.027888446215139417
2022-12-15,1022,1122,1017,1036,5369911,0.003875968992248069
2022-12-16,1045,1045,1022,1032,502587,-0.0038610038610038533
2022-12-19,1023,1041,1023,1023,402793,-0.008720930232558155
2022-12-20,1022,1036,991,991,665128,-0.03128054740957964
2022-12-21,1004,1013,985,995,512605,0.004036326942482349
2022-12-22,1009,1018,1004,1009,387413,0.014070351758793898
2022-12-23,995,1000,964,964,732042,-0.044598612487611544
2022-12-26,963,967,940,945,508916,-0.01970954356846477
2022-12-27,935,985,935,954,451825,0.00952380952380949
2022-12-28,944,963,940,954,329333,0.0
2022-12-29,945,954,908,918,795830,-0.037735849056603765
2023-01-02,917,931,908,908,553073,-0.01089324618736387
2023-01-03,898,922,896,918,782111,0.011013215859030812
2023-01-04,906,936,906,927,389336,0.009803921568627416
2023-01-05,927,968,927,959,501375,0.034519956850054045
2023-01-06,945,1013,940,968,1638137,0.009384775808133572
2023-01-09,986,995,976,986,635734,0.018595041322314154
2023-01-10,982,1214,977,1214,23469865,0.2312373225152129
2023-01-11,1313,1422,1231,1286,40930086,0.05930807248764425
2023-01-12,1277,1318,1245,1255,13364965,-0.024105754276827374
2023-01-13,1222,1254,1208,1236,6524676,-0.015139442231075662
2023-01-16,1236,1241,1150,1173,9900222,-0.050970873786407744
2023-01-17,1176,1186,1140,1186,4271843,0.011082693947144007
2023-01-18,1168,1172,1099,1109,3790364,-0.06492411467116355
2023-01-19,1105,1127,1095,1105,1521256,-0.0036068530207393756
2023-01-20,1095,1131,1095,1118,1531284,0.0117647058823529
2023-01-25,1126,1127,1097,1112,1453778,-0.00536672629695889
2023-01-26,1111,1137,1111,1131,1611065,0.017086330935251803
2023-01-27,1132,1184,1120,1135,7996469,0.0035366931918656697
2023-01-30,1160,1193,1141,1142,5234608,0.006167400881057272
2023-01-31,1143,1186,1112,1142,3589086,0.0
2023-02-01,1138,1152,1125,1130,1792460,-0.010507880910682998
2023-02-02,1132,1145,1127,1141,1155983,0.009734513274336276
2023-02-03,1142,1142,1114,1125,1075329,-0.014022787028922012
2023-02-06,1125,1170,1123,1136,2768966,0.009777777777777885
2023-02-07,1129,1175,1122,1156,1847007,0.01760563380281699
2023-02-08,1164,1171,1154,1159,1447224,0.002595155709342656
2023-02-09,1157,1172,1146,1158,1151243,-0.0008628127696289623
2023-02-10,1152,1152,1099,1105,1965979,-0.04576856649395511
2023-02-13,1107,1107,1092,1093,883537,-0.010859728506787292
2023-02-14,1092,1110,1084,1089,699327,-0.0036596523330283404
2023-02-15,1091,1095,1059,1062,1058203,-0.024793388429752095
2023-02-16,1061,1087,1061,1078,571694,0.015065913370998052
2023-02-17,1060,1079,1059,1065,600239,-0.012059369202226389
2023-02-20,1055,1090,1049,1077,752610,0.011267605633802802
2023-02-21,1077,1093,1073,1088,678735,0.01021355617455888
2023-02-22,1078,1078,1036,1044,937353,-0.0404411764705882
2023-02-23,1039,1061,1039,1051,485109,0.006704980842911823
2023-02-24,1050,1052,1027,1032,557181,-0.01807802093244526
2023-02-27,1027,1029,1010,1021,448577,-0.01065891472868219
2023-02-28,1019,1039,1019,1035,397528,0.013712047012732542
2023-03-02,1035,1054,1035,1049,482216,0.01352657004830915
2023-03-03,1049,1070,1049,1059,423924,0.009532888465205058
2023-03-06,1060,1068,1046,1059,492907,0.0
2023-03-07,1058,1075,1058,1068,617710,0.008498583569405138
2023-03-08,1060,1063,1035,1037,602586,-0.029026217228464435
2023-03-09,1037,1086,1031,1057,966385,0.01928640308582441
2023-03-10,1047,1047,1016,1019,926379,-0.03595080416272467
2023-03-13,1009,1010,977,1003,892906,-0.015701668302257166
2023-03-14,997,1045,960,966,740353,-0.03688933200398803
2023-03-15,968,986,967,968,402975,0.0020703933747412417
2023-03-16,955,974,935,964,612209,-0.004132231404958664
2023-03-17,974,1004,967,995,805341,0.032157676348547826
2023-03-20,985,1006,985,999,387247,0.004020100502512669
2023-03-21,1017,1017,977,977,580083,-0.02202202202202197
2023-03-22,993,996,956,963,618230,-0.014329580348004134
2023-03-23,952,986,948,958,641325,-0.005192107995846351
2023-03-24,958,983,958,973,549572,0.01565762004175375
2023-03-27,977,991,951,968,548728,-0.005138746145940343
2023-03-28,968,987,965,982,471313,0.01446280991735538
2023-03-29,982,996,979,995,414734,0.01323828920570258
2023-03-30,990,1004,982,996,521688,0.0010050251256281673
2023-03-31,1005,1005,983,985,518071,-0.011044176706827336
2023-04-03,992,1013,990,1008,584749,0.023350253807106647
2023-04-04,1015,1032,1011,1013,801657,0.004960317460317443
2023-04-05,1017,1038,1006,1016,861516,0.0029615004935834577
2023-04-06,1036,1041,991,993,950837,-0.02263779527559051
2023-04-07,992,996,981,986,516893,-0.007049345417925457
2023-04-10,992,992,958,961,828055,-0.02535496957403649
2023-04-11,950,985,950,978,668701,0.01768990634755463
2023-04-12,969,994,968,984,519305,0.006134969325153339
2023-04-13,974,991,970,991,428865,0.007113821138211351
2023-04-14,987,1009,986,1004,643136,0.013118062563067578
2023-04-17,1005,1175,997,1175,7494916,0.17031872509960166
2023-04-18,1079,1091,1033,1033,5807346,-0.12085106382978728
2023-04-19,1033,1043,1017,1024,1291429,-0.00871248789932233
2023-04-20,1022,1024,1001,1001,1062942,-0.0224609375
2023-04-21,994,1001,983,989,828069,-0.011988011988012026
2023-04-24,989,999,982,982,446534,-0.00707785642062686
2023-04-25,982,989,971,979,613043,-0.003054989816700604
2023-04-26,974,983,969,971,363126,-0.008171603677221695
2023-04-27,966,976,965,972,389376,0.001029866117404632
2023-04-28,967,979,958,963,739778,-0.0092592592592593
2023-05-02,972,1000,968,994,986565,0.03219106957424711
2023-05-03,981,1003,978,995,552589,0.001006036217303885
2023-05-04,1000,1017,991,1014,933918,0.019095477386934734
2023-05-08,1017,1024,1005,1005,854852,-0.00887573964497046
2023-05-09,1002,1012,994,998,432090,-0.006965174129353269
2023-05-10,995,1022,992,994,558517,-0.004008016032064132
2023-05-11,1008,1026,1000,1009,494576,0.015090543259557387
2023-05-12,1011,1019,1000,1002,373619,-0.0069375619425173785
2023-05-15,1001,1006,974,977,612979,-0.024950099800399195
2023-05-16,977,993,977,981,368875,0.004094165813715467
2023-05-17,980,1014,978,1008,571859,0.02752293577981657
2023-05-18,1009,1016,1007,1009,407374,0.0009920634920634885
2023-05-19,1009,1058,1007,1017,2160746,0.007928642220019766
2023-05-22,1016,1127,1009,1064,13677362,0.046214355948869246
2023-05-23,1055,1076,1039,1066,2923478,0.001879699248120259
2023-05-24,1059,1088,1055,1081,2356770,0.014071294559099501
2023-05-25,1099,1115,1072,1084,4473248,0.0027752081406104967
2023-05-26,1075,1106,1046,1049,2242362,-0.032287822878228734
2023-05-30,1045,1060,1035,1036,803145,-0.012392755004766443
2023-05-31,1036,1055,1030,1046,554240,0.009652509652509744
2023-06-01,1037,1052,1033,1044,540906,-0.0019120458891013214
2023-06-02,1048,1063,1045,1063,640777,0.01819923371647514
2023-06-05,1076,1076,1057,1064,726742,0.0009407337723423836
2023-06-07,1065,1080,1057,1064,717159,0.0
2023-06-08,1072,1072,1046,1056,613798,-0.007518796992481258
2023-06-09,1057,1084,1057,1069,885357,0.012310606060605966
2023-06-12,1063,1066,1055,1060,571828,-0.008419083255378879
2023-06-13,1061,1102,1060,1083,3534327,0.02169811320754711
2023-06-14,1093,1093,1067,1071,1659209,-0.011080332409972304
2023-06-15,1072,1079,1056,1057,923178,-0.013071895424836555
2023-06-16,1061,1088,1058,1078,1259000,0.019867549668874274
2023-06-19,1078,1390,1068,1318,102980493,0.22263450834879417
2023-06-20,1294,1316,1243,1287,21197947,-0.023520485584218487
2023-06-21,1313,1351,1210,1216,19736072,-0.05516705516705511
2023-06-22,1201,1247,1171,1185,6559556,-0.025493421052631526
2023-06-23,1190,1197,1165,1168,2704098,-0.014345991561181437
2023-06-26,1172,1255,1164,1190,9691396,0.018835616438356073
2023-06-27,1185,1249,1167,1191,7294820,0.0008403361344537785
2023-06-28,1220,1287,1208,1246,18936875,0.04617968094038627
2023-06-29,1246,1304,1214,1264,18350432,0.014446227929374
2023-06-30,1238,1245,1192,1192,3853380,-0.05696202531645567
2023-07-03,1192,1208,1177,1185,2215054,-0.005872483221476488
2023-07-04,1185,1186,1162,1175,1988456,-0.008438818565400852
2023-07-05,1172,1176,1107,1117,3723989,-0.04936170212765956
2023-07-06,1133,1180,1082,1180,4751678,0.05640107430617736
2023-07-07,1163,1273,1137,1235,22009112,0.04661016949152552
2023-07-10,1218,1327,1209,1263,24790395,0.02267206477732797
2023-07-11,1250,1272,1209,1255,5711022,-0.006334125098970689
2023-07-12,1258,1297,1223,1230,5875427,-0.019920318725099584
2023-07-13,1248,1372,1240,1248,24688307,0.014634146341463428
2023-07-14,1265,1302,1226,1230,6773012,-0.014423076923076872
2023-07-17,1316,1562,1258,1477,142828216,0.2008130081300814
2023-07-18,1486,1535,1408,1416,34936421,-0.04129993229519291
2023-07-19,1414,1415,1338,1355,12361085,-0.04307909604519777
2023-07-20,1321,1386,1272,1317,14220944,-0.02804428044280438
2023-07-21,1282,1308,1255,1260,6326979,-0.0432801822323462
2023-07-24,1272,1274,1176,1191,5292220,-0.05476190476190479
2023-07-25,1180,1249,1136,1148,8345869,-0.03610411418975645
2023-07-26,1144,1154,1035,1055,8117510,-0.08101045296167242
2023-07-27,1067,1115,1058,1076,4016228,0.019905213270142275
2023-07-28,1063,1114,1056,1106,2207303,0.027881040892193232
2023-07-31,1101,1139,1098,1124,1800278,0.016274864376130127
2023-08-01,1118,1131,1098,1111,1882636,-0.011565836298932375
2023-08-02,1093,1117,1081,1088,1592156,-0.02070207020702075
2023-08-03,1081,1086,1053,1086,1708915,-0.0018382352941176405
2023-08-04,1087,1110,1070,1085,1266715,-0.0009208103130755596
2023-08-07,1090,1154,1090,1140,3653066,0.05069124423963123
2023-08-08,1161,1269,1137,1249,22929406,0.09561403508771926
2023-08-09,1287,1314,1255,1296,18188944,0.0376301040832665
2023-08-10,1236,1256,1144,1148,9410571,-0.11419753086419748
2023-08-11,1136,1154,1104,1115,4521637,-0.028745644599303177
2023-08-14,1103,1106,1079,1105,2414642,-0.008968609865470878
2023-08-16,1094,1101,1081,1081,1958466,-0.021719457013574694
2023-08-17,1080,1080,1050,1067,1775082,-0.01295097132284917
2023-08-18,1059,1059,1046,1047,1313566,-0.018744142455482615
2023-08-21,1043,1065,1041,1055,676858,0.00764087870105068
2023-08-22,1060,1076,1056,1076,948713,0.019905213270142275
2023-08-23,1081,1100,1070,1080,1458173,0.0037174721189590088
2023-08-24,1079,1083,1059,1063,1131103,-0.015740740740740722
2023-08-25,1062,1119,1056,1105,2488229,0.03951081843838189
2023-08-28,1101,1125,1091,1112,1163316,0.0063348416289592535
2023-08-29,1111,1167,1111,1118,2786918,0.0053956834532373765
2023-08-30,1127,1147,1122,1127,1654962,0.00805008944543828
2023-08-31,1128,1129,1097,1099,1068313,-0.024844720496894457
2023-09-01,1103,1140,1099,1114,1456155,0.01364877161055511
2023-09-04,1125,1132,1091,1122,1112105,0.007181328545780907
2023-09-05,1123,1123,1080,1091,1340145,-0.027629233511586415
2023-09-06,1085,1096,1073,1074,794176,-0.015582034830430747
2023-09-07,1072,1079,1052,1055,1043789,-0.017690875232774683
2023-09-08,1057,1071,1051,1061,512169,0.005687203791469253
2023-09-11,1080,1094,1072,1077,768117,0.015080113100848225
2023-09-12,1077,1079,1061,1062,553564,-0.013927576601671321
2023-09-13,1062,1066,1053,1053,463183,-0.008474576271186418
2023-09-14,1053,1071,1049,1064,513862,0.010446343779677125
2023-09-15,1067,1094,1067,1080,789366,0.015037593984962516
2023-09-18,1079,1085,1068,1068,407576,-0.011111111111111072
2023-09-19,1071,1073,1054,1060,526692,-0.0074906367041198685
2023-09-20,1055,1076,1054,1055,365399,-0.004716981132075526
2023-09-21,1055,1059,1035,1036,694109,-0.018009478672985746
2023-09-22,1025,1035,1019,1019,520735,-0.016409266409266432
2023-09-25,997,1027,996,1004,501923,-0.014720314033366044
2023-09-26,1010,1016,992,992,375936,-0.01195219123505975
2023-09-27,983,1081,983,1025,2175789,0.03326612903225801
2023-10-04,1015,1018,988,989,579600,-0.035121951219512226
2023-10-05,989,999,954,954,527037,-0.03538928210313452
2023-10-06,947,986,946,979,350061,0.026205450733752578
2023-10-10,973,986,944,950,627945,-0.02962206332992845
2023-10-11,960,997,960,974,518189,0.025263157894736876
2023-10-12,975,987,975,985,263884,0.011293634496919891
2023-10-13,981,981,955,957,605975,-0.028426395939086246
2023-10-16,956,960,932,947,446692,-0.010449320794148398
2023-10-17,963,980,950,971,379012,0.025343189017951406
2023-10-18,974,977,949,954,322148,-0.01750772399588052
2023-10-19,953,953,919,924,679634,-0.03144654088050314
2023-10-20,927,938,906,924,691911,0.0
2023-10-23,923,963,909,916,342888,-0.008658008658008698
2023-10-24,919,976,908,962,1050741,0.05021834061135366
2023-10-25,961,980,955,961,334512,-0.0010395010395010118
2023-10-26,932,953,925,928,350725,-0.03433922996878247
2023-10-27,925,939,913,924,365149,-0.004310344827586188
2023-10-30,916,939,916,931,217816,0.007575757575757569
2023-10-31,939,952,908,914,392494,-0.018259935553168627
2023-11-01,913,963,913,947,387289,0.03610503282275701
2023-11-02,941,959,941,952,518552,0.0052798310454065245
2023-11-03,991,1046,975,982,4408725,0.03151260504201692
2023-11-06,986,994,976,983,671076,0.0010183299389001643
2023-11-07,985,990,964,968,525674,-0.015259409969481164
2023-11-08,965,982,957,962,456507,-0.006198347107438051
2023-11-09,957,965,946,956,316553,-0.006237006237006182
2023-11-10,955,955,934,937,310752,-0.01987447698744771
2023-11-13,940,945,929,930,219561,-0.007470651013874119
2023-11-14,929,949,926,944,297700,0.01505376344086029
2023-11-15,945,970,945,962,426183,0.019067796610169552
2023-11-16,961,972,953,968,364886,0.006237006237006293
2023-11-17,968,968,942,950,389523,-0.018595041322314043
2023-11-20,949,966,936,956,433633,0.006315789473684275
2023-11-21,958,975,958,975,375281,0.01987447698744771
2023-11-22,974,977,962,968,259988,-0.007179487179487132
2023-11-23,969,983,962,973,397848,0.005165289256198413
2023-11-24,977,980,967,969,211690,-0.004110996916752319
2023-11-27,970,970,953,954,272081,-0.015479876160990669
2023-11-28,959,1031,951,981,2130715,0.028301886792452935
2023-11-29,963,968,950,967,597951,-0.014271151885830835
2023-11-30,982,1000,967,970,908676,0.0031023784901758056
2023-12-01,964,975,963,970,287730,0.0
2023-12-04,969,971,960,964,308879,-0.006185567010309256
2023-12-05,961,969,950,952,378875,-0.012448132780082943
2023-12-06,953,964,942,964,426352,0.012605042016806678
2023-12-07,963,980,952,954,441591,-0.010373443983402453
2023-12-08,954,963,948,954,309386,0.0
2023-12-11,956,972,956,972,351800,0.018867924528301883
2023-12-12,972,978,969,973,272718,0.0010288065843622185
2023-12-13,972,979,956,960,280249,-0.01336073997944498
2023-12-14,964,968,937,957,371859,-0.0031250000000000444
2023-12-15,957,974,954,964,314355,0.007314524555903867
2023-12-18,968,968,954,959,195747,-0.005186721991701226
2023-12-19,959,961,952,953,287121,-0.006256517205422307
2023-12-20,953,963,951,958,306272,0.005246589716684236
2023-12-21,956,961,949,950,263871,-0.008350730688935326
2023-12-22,950,951,944,946,291243,-0.004210526315789442
2023-12-26,946,952,940,942,242026,-0.0042283298097252064
2023-12-27,946,946,939,944,241721,0.002123142250530785
2023-12-28,941,959,936,957,365693,0.013771186440677985
2024-01-02,957,968,953,967,305884,0.010449320794148287
2024-01-03,976,976,955,959,243729,-0.008273009307135482
2024-01-04,955,966,955,962,246000,0.0031282586027112647
2024-01-05,958,970,958,965,230716,0.0031185031185030354
2024-01-08,969,972,957,971,222117,0.006217616580310947
2024-01-09,975,976,961,968,190184,-0.003089598352214229
2024-01-10,968,981,963,981,540856,0.013429752066115741
2024-01-11,982,997,981,982,586067,0.0010193679918450993
2024-01-12,982,990,954,965,353226,-0.01731160896130346
2024-01-15,965,975,955,967,222457,0.002072538860103723
2024-01-16,966,974,957,962,233277,-0.005170630816959676
2024-01-17,961,963,941,944,420234,-0.018711018711018657
2024-01-18,942,949,942,945,206309,0.0010593220338983578
2024-01-19,945,970,945,955,432443,0.010582010582010692
2024-01-22,967,968,954,959,224609,0.004188481675392763
2024-01-23,965,971,950,960,316845,0.0010427528675704956
2024-01-24,959,962,949,957,232323,-0.0031250000000000444
2024-01-25,956,956,942,944,307808,-0.013584117032392928
2024-01-26,944,952,937,948,200376,0.004237288135593209
2024-01-29,947,953,941,946,279806,-0.002109704641350185
2024-01-30,953,953,941,946,213577,0.0
2024-01-31,951,951,939,948,299682,0.0021141649048626032
2024-02-01,945,949,939,949,186414,0.001054852320675037
2024-02-02,951,966,945,957,289884,0.008429926238145313
2024-02-05,967,969,951,953,407674,-0.004179728317659337
2024-02-06,955,993,952,964,854664,0.011542497376705096
2024-02-07,963,970,956,963,221292,-0.0010373443983402453
2024-02-08,967,968,954,959,245131,-0.004153686396677014
2024-02-13,954,974,954,969,520310,0.010427528675703845
2024-02-14,970,977,959,971,405532,0.002063983488132193
2024-02-15,970,977,964,969,272467,-0.002059732234809486
2024-02-16,965,977,965,974,397007,0.005159958720330149
2024-02-19,973,982,967,978,328047,0.004106776180698102
2024-02-20,977,983,973,974,273832,-0.004089979550102263
2024-02-21,974,977,958,963,406619,-0.011293634496919891
2024-02-22,962,992,958,967,656584,0.004153686396677125
2024-02-23,971,972,962,964,280519,-0.0031023784901758056
2024-02-26,963,974,960,970,358182,0.006224066390041472
2024-02-27,966,969,952,957,435875,-0.013402061855670055
2024-02-28,957,963,955,957,215010,0.0
2024-02-29,957,959,954,957,316002,0.0
2024-03-04,956,962,954,956,221293,-0.0010449320794148065
2024-03-05,947,960,947,957,383608,0.0010460251046024993
2024-03-06,960,960,951,952,230084,-0.005224660397074143
2024-03-07,958,961,940,941,571095,-0.011554621848739455
2024-03-08,938,949,934,938,411067,-0.0031880977683315104
2024-03-11,944,950,922,924,664249,-0.014925373134328401
2024-03-12,932,932,920,927,363006,0.0032467532467532756
2024-03-13,927,950,927,946,376858,0.02049622437971954
2024-03-14,942,949,938,942,209273,-0.0042283298097252064
2024-03-15,939,961,936,944,302373,0.002123142250530785
2024-03-18,944,954,939,947,474805,0.0031779661016948513
2024-03-19,943,987,941,946,1001671,-0.001055966209081327
2024-03-20,943,953,942,946,250587,0.0
2024-03-21,950,963,942,955,238172,0.009513742071881603
2024-03-22,951,959,947,957,274648,0.0020942408376962707
2024-03-25,948,961,948,960,235725,0.0031347962382444194
2024-03-26,960,966,956,963,419570,0.0031250000000000444
2024-03-27,956,971,956,961,385826,-0.0020768431983385627
2024-03-28,966,966,956,957,300094,-0.004162330905306932
2024-03-29,962,966,952,954,304075,-0.0031347962382445305
2024-04-01,965,973,960,973,515668,0.01991614255765195
2024-04-02,975,977,959,962,358567,-0.01130524152106882
2024-04-03,961,969,949,965,624995,0.0031185031185030354
2024-04-04,966,972,952,952,448019,-0.013471502590673534
2024-04-05,950,963,942,962,405475,0.010504201680672232
2024-04-08,960,968,948,952,346057,-0.01039501039501034
2024-04-09,947,957,947,952,208968,0.0
2024-04-11,951,956,942,949,228616,-0.0031512605042016695
2024-04-12,945,953,942,944,277018,-0.005268703898840932
2024-04-15,944,953,933,952,472000,0.008474576271186418
2024-04-16,945,953,931,941,613651,-0.011554621848739455
2024-04-17,941,945,926,926,353175,-0.015940488841657774
2024-04-18,927,937,927,937,198150,0.011879049676025932
2024-04-19,937,939,924,934,366502,-0.0032017075773745907
2024-04-22,933,940,931,931,250626,-0.0032119914346895317
2024-04-23,938,938,927,932,246478,0.0010741138560688146
2024-04-24,932,935,932,934,214967,0.0021459227467810482
2024-04-25,933,946,930,941,222927,0.007494646680942241
2024-04-26,935,942,933,933,189757,-0.008501594048884176
2024-04-29,936,943,932,943,257642,0.010718113612004254
2024-04-30,937,949,937,948,236871,0.005302226935312904
2024-05-02,946,960,938,958,305689,0.010548523206751037
2024-05-03,954,962,951,957,214509,-0.0010438413361169019
2024-05-07,956,962,951,956,185234,-0.0010449320794148065
2024-05-08,956,967,952,966,485309,0.010460251046025215
2024-05-09,963,968,908,949,771582,-0.017598343685300222
2024-05-10,952,956,946,951,187160,0.0021074815595363283
2024-05-13,953,966,949,957,665898,0.006309148264984188
2024-05-14,993,995,964,973,1566558,0.016718913270637348
2024-05-16,972,987,965,972,479692,-0.0010277492291880241
2024-05-17,971,993,966,986,1048507,0.014403292181069949
2024-05-20,987,991,973,984,617595,-0.0020283975659228792
2024-05-21,996,996,967,985,367875,0.00101626016260159
2024-05-22,985,1008,979,987,845735,0.0020304568527917954
2024-05-23,986,1001,981,994,481076,0.007092198581560183
2024-05-24,998,1016,990,1009,876105,0.015090543259557387
2024-05-27,1011,1011,987,989,540695,-0.019821605550049526
2024-05-28,989,1008,985,1005,442415,0.016177957532861553
2024-05-29,1002,1007,988,996,414780,-0.008955223880596996
2024-05-30,800,878,793,831,5820472,-0.1656626506024096
2024-05-31,847,931,846,877,6161789,0.0553549939831528
2024-06-03,883,883,846,862,1331277,-0.01710376282782211
2024-06-04,860,860,843,849,803747,-0.015081206496519672
2024-06-05,848,848,829,839,769333,-0.011778563015312105
2024-06-07,839,847,832,840,360861,0.0011918951132301459
2024-06-10,839,848,831,847,483822,0.008333333333333304
2024-06-11,848,868,838,856,568106,0.010625737898465104
2024-06-12,856,861,843,856,424568,0.0
2024-06-13,856,868,852,857,376097,0.001168224299065379
2024-06-14,850,884,850,864,534680,0.008168028004667427
2024-06-17,918,992,887,900,1606645,0.04166666666666674
2024-06-18,902,918,891,900,335518,0.0
2024-06-19,901,941,899,929,622120,0.03222222222222215
2024-06-20,945,948,925,942,429728,0.013993541442411273
2024-06-21,943,948,903,906,540952,-0.03821656050955413
2024-06-24,916,916,904,905,165891,-0.001103752759381904
2024-06-25,904,909,886,898,296694,-0.007734806629834279
2024-06-26,898,900,887,892,174491,-0.006681514476614692
2024-06-27,894,905,892,895,190577,0.0033632286995515237
2024-06-28,896,940,896,938,677985,0.04804469273743006
2024-07-01,938,941,911,915,402585,-0.024520255863539453
2024-07-02,911,922,896,901,275668,-0.015300546448087426
2024-07-03,900,900,866,872,509948,-0.0321864594894562
2024-07-04,873,890,866,872,241027,0.0
2024-07-05,860,865,810,820,1361417,-0.059633027522935755
2024-07-08,840,840,817,825,437596,0.0060975609756097615
2024-07-09,828,855,819,838,489816,0.01575757575757586
2024-07-10,848,848,825,835,421019,-0.0035799522673031214
2024-07-11,839,839,820,827,656600,-0.009580838323353325
2024-07-12,826,855,823,843,799679,0.0193470374848852
2024-07-15,840,870,840,854,425345,0.013048635824436605
2024-07-16,854,872,852,872,833541,0.021077283372365363
2024-07-17,878,887,857,857,1276627,-0.017201834862385357
2024-07-18,855,855,821,821,628115,-0.04200700116686118
2024-07-19,820,823,799,800,844862,-0.025578562728379994
2024-07-22,797,818,797,816,453769,0.020000000000000018
2024-07-23,811,831,780,804,1197210,-0.014705882352941124
2024-07-24,785,804,785,788,390481,-0.01990049751243783
2024-07-25,788,820,773,800,626927,0.015228426395939021
2024-07-26,800,806,796,801,169202,0.0012499999999999734
2024-07-29,801,803,780,782,311739,-0.02372034956304614
2024-07-30,780,878,750,854,6892155,0.09207161125319696
2024-07-31,804,825,780,783,1931532,-0.08313817330210771
2024-08-01,780,789,779,782,442727,-0.0012771392081737387
2024-08-02,778,779,752,758,448297,-0.03069053708439895
2024-08-05,757,757,641,686,1089161,-0.0949868073878628
2024-08-06,700,732,686,708,425213,0.03206997084548102
2024-08-07,656,685,652,668,6200093,-0.05649717514124297
2024-08-08,666,672,629,665,1848106,-0.004491017964071808
2024-08-09,667,691,664,681,2587706,0.024060150375939893
2024-08-12,683,713,679,700,1396362,0.027900146842878115
2024-08-13,701,712,693,699,1005220,-0.0014285714285714457
2024-08-14,705,713,699,708,725555,0.012875536480686733
2024-08-16,711,716,701,706,645776,-0.0028248587570621764
2024-08-19,701,711,683,690,1033143,-0.022662889518413554
2024-08-20,691,718,688,716,1041760,0.037681159420289934
2024-08-21,709,720,700,707,558293,-0.012569832402234637
2024-08-22,707,713,680,686,884530,-0.02970297029702973
2024-08-23,670,683,661,678,632782,-0.011661807580174877
2024-08-26,679,680,656,666,697650,-0.017699115044247815
2024-08-27,666,677,663,675,380815,0.013513513513513598
2024-08-28,678,680,657,664,456598,-0.016296296296296253
2024-08-29,665,681,660,681,686672,0.025602409638554313
2024-08-30,681,698,677,690,478958,0.013215859030837107
2024-09-02,699,699,679,692,489578,0.0028985507246377384
2024-09-03,697,713,691,705,529072,0.01878612716762995
2024-09-04,689,700,679,687,690988,-0.025531914893617058
2024-09-05,689,699,684,695,549888,0.011644832605531397
2024-09-06,695,697,663,666,592877,-0.04172661870503602
2024-09-09,656,674,654,672,322692,0.009009009009008917
2024-09-10,673,680,657,662,516577,-0.014880952380952328
2024-09-11,662,673,652,662,394071,0.0
2024-09-12,662,674,660,671,531495,0.013595166163141936
2024-09-13,674,674,664,669,297883,-0.0029806259314456574
2024-09-19,669,674,656,663,531931,-0.008968609865470878
2024-09-20,671,673,661,667,489082,0.006033182503770718
2024-09-23,668,668,656,663,519824,-0.005997001499250421
2024-09-24,663,668,660,665,210829,0.003016591251885359
2024-09-25,668,708,667,685,1017347,0.03007518796992481
2024-09-26,680,690,680,685,286260,0.0
2024-09-27,685,697,682,693,415675,0.011678832116788218
2024-09-30,694,700,677,679,380172,-0.02020202020202022
2024-10-02,673,677,664,673,318489,-0.008836524300441795
2024-10-04,675,676,666,673,225303,0.0
2024-10-07,670,673,662,673,235273,0.0
2024-10-08,673,673,661,673,235679,0.0
2024-10-10,677,678,667,673,253933,0.0
2024-10-11,671,678,660,672,321941,-0.0014858841010401136
2024-10-14,672,672,654,657,525162,-0.022321428571428603
2024-10-15,658,661,618,635,1651064,-0.0334855403348554
2024-10-16,635,641,625,630,397282,-0.007874015748031482
2024-10-17,636,636,626,631,254686,0.0015873015873015817
2024-10-18,631,631,620,627,424326,-0.006339144215530945
2024-10-21,627,632,616,627,182645,0.0
2024-10-22,627,630,608,612,489206,-0.02392344497607657
2024-10-23,608,654,603,616,1260318,0.006535947712418277
2024-10-24,615,618,593,599,576560,-0.02759740259740262
2024-10-25,602,604,584,592,532700,-0.011686143572620988
2024-10-28,587,594,581,591,438575,-0.0016891891891891442
2024-10-29,591,594,583,588,215141,-0.005076142131979711
2024-10-30,592,610,584,600,302481,0.020408163265306145
2024-10-31,606,635,587,598,1022759,-0.0033333333333332993
2024-11-01,597,597,587,590,286081,-0.013377926421404673
2024-11-04,592,595,586,592,159886,0.003389830508474523
2024-11-05,592,605,590,599,285972,0.011824324324324342
2024-11-06,594,628,593,623,1003571,0.04006677796327218
2024-11-07,618,628,615,623,402051,0.0
2024-11-08,626,630,620,622,223647,-0.0016051364365970988
2024-11-11,622,622,591,594,553185,-0.045016077170418
2024-11-12,590,697,589,636,8684020,0.07070707070707072
2024-11-13,630,637,593,601,1192024,-0.055031446540880546
2024-11-14,591,638,591,594,1210260,-0.011647254575707144
2024-11-15,594,604,567,596,897977,0.0033670033670034627
2024-11-18,596,624,589,610,548903,0.02348993288590595
2024-11-19,609,625,594,598,409563,-0.01967213114754096
2024-11-20,598,598,586,590,496730,-0.013377926421404673
2024-11-21,591,599,589,595,477064,0.008474576271186418
2024-11-22,595,604,594,594,330257,-0.001680672268907557
2024-11-25,593,620,591,608,375414,0.023569023569023573
2024-11-26,608,615,602,610,256098,0.00328947368421062
2024-11-27,624,686,614,627,4150847,0.02786885245901649
2024-11-28,630,631,615,617,600602,-0.01594896331738438
2024-11-29,618,621,603,610,502512,-0.011345218800648316
2024-12-02,604,615,599,603,402942,-0.011475409836065542
2024-12-03,602,612,600,603,317044,0.0
2024-12-04,594,606,587,590,793826,-0.021558872305140975
2024-12-05,588,593,574,575,588292,-0.025423728813559365
2024-12-06,575,579,550,562,963900,-0.022608695652173938
2024-12-09,540,552,509,515,1270930,-0.08362989323843417
2024-12-10,510,548,510,542,668642,0.05242718446601935
2024-12-11,538,603,538,590,1083769,0.088560885608856
2024-12-12,633,633,580,591,1713298,0.0016949152542373724
2024-12-13,583,625,583,620,821268,0.04906937394247035
2024-12-16,620,660,618,645,2061197,0.040322580645161255
2024-12-17,646,646,628,635,713297,-0.015503875968992276
2024-12-18,630,639,625,626,535365,-0.014173228346456734
2024-12-19,621,633,608,628,625869,0.0031948881789136685
2024-12-20,624,632,600,603,462604,-0.039808917197452276
2024-12-23,604,610,599,603,170070,0.0
2024-12-24,605,608,601,602,202110,-0.0016583747927031434
2024-12-26,604,604,590,595,425272,-0.011627906976744207
2024-12-27,585,595,576,588,338771,-0.0117647058823529
2024-12-30,580,595,580,590,355123,0.00340136054421758
2025-01-02,581,609,581,607,306873,0.028813559322034
2025-01-03,611,620,602,612,288372,0.008237232289950658
2025-01-06,620,620,610,614,190124,0.0032679738562091387
2025-01-07,609,615,607,608,221049,-0.009771986970684043
2025-01-08,613,613,602,607,188594,-0.00164473684210531
2025-01-09,602,610,600,607,140307,0.0
2025-01-10,606,621,601,618,335023,0.01812191103789118
2025-01-13,617,641,614,625,562239,0.01132686084142387
2025-01-14,618,626,611,620,374422,-0.008000000000000007
2025-01-15,626,626,607,610,279962,-0.016129032258064502
2025-01-16,612,620,609,615,219265,0.008196721311475308
2025-01-17,615,617,609,614,182091,-0.001626016260162566
2025-01-20,614,616,608,611,191535,-0.004885993485342022
2025-01-21,611,639,600,609,523738,-0.00327332242225864
2025-01-22,605,618,600,610,291941,0.0016420361247948545
2025-01-23,613,613,597,599,364924,-0.0180327868852459
2025-01-24,600,606,596,598,172633,-0.0016694490818029983
2025-01-31,598,598,591,593,207102,-0.00836120401337792
2025-02-03,593,593,571,576,459052,-0.028667790893760592
2025-02-04,570,586,570,581,158802,0.00868055555555558
2025-02-05,579,591,579,587,65891,0.010327022375215211
2025-02-06,587,608,585,595,439666,0.013628620102214661
2025-02-07,594,612,589,594,377414,-0.001680672268907557
2025-02-10,600,600,584,589,222352,-0.008417508417508435
2025-02-11,584,593,574,579,671202,-0.01697792869269954
2025-02-12,575,581,574,574,251903,-0.008635578583765069
2025-02-13,574,597,574,588,544340,0.024390243902439046
2025-02-14,586,597,583,591,202199,0.005102040816326481
2025-02-17,591,596,580,594,380136,0.0050761421319796
2025-02-18,591,610,589,599,638033,0.008417508417508435
2025-02-19,599,610,594,602,383406,0.005008347245408995
2025-02-20,601,601,595,597,221488,-0.00830564784053156
2025-02-21,599,602,594,597,151351,0.0
2025-02-24,590,597,587,592,153910,-0.008375209380234505
2025-02-25,587,595,585,585,205589,-0.011824324324324342
2025-02-26,583,591,583,584,223320,-0.0017094017094017033
2025-02-27,586,589,582,585,214031,0.001712328767123239
2025-02-28,581,598,575,575,600005,-0.017094017094017144
2025-03-04,575,578,561,566,577576,-0.01565217391304352
2025-03-05,561,580,561,579,322396,0.0229681978798586
2025-03-06,574,588,573,577,183772,-0.003454231433506094
2025-03-07,577,580,568,573,229651,-0.006932409012131768
2025-03-10,573,573,565,570,184486,-0.005235602094240788
2025-03-11,557,572,557,564,239942,-0.010526315789473717
2025-03-12,564,570,564,568,200903,0.007092198581560183
2025-03-13,569,570,554,565,202398,-0.005281690140845119
2025-03-14,559,567,559,564,94696,-0.001769911504424737
2025-03-17,564,564,555,560,365026,-0.007092198581560294
2025-03-18,557,563,557,559,112630,-0.0017857142857142794
2025-03-19,557,562,554,559,318015,0.0
2025-03-20,554,559,554,555,203160,-0.007155635062611854
2025-03-21,555,557,540,546,635525,-0.01621621621621616
2025-03-24,542,548,540,545,208614,-0.001831501831501825
2025-03-25,545,551,542,545,154284,0.0
2025-03-26,566,675,565,606,24435459,0.1119266055045871
2025-03-27,639,787,631,787,70130705,0.2986798679867986
2025-03-28,819,998,817,851,150360150,0.0813214739517154
2025-03-31,840,969,830,852,98368394,0.001175088131609936
2025-04-01,836,836,773,790,6560542,-0.07276995305164324
2025-04-02,792,792,722,722,5543541,-0.08607594936708862
2025-04-03,722,767,722,735,4736265,0.018005540166204925
2025-04-04,716,915,716,871,84524055,0.18503401360544225
2025-04-07,889,977,813,877,61693410,0.006888633754305484
2025-04-08,899,947,842,842,21732973,-0.039908779931584926
2025-04-09,842,1083,790,955,113549743,0.1342042755344417
2025-04-10,950,1044,920,935,77658965,-0.020942408376963373
2025-04-11,937,1070,937,957,86472492,0.0235294117647058
2025-04-14,958,995,934,934,14768094,-0.024033437826541326
2025-04-15,960,963,900,910,15171451,-0.025695931477516032
2025-04-16,917,924,827,844,14367442,-0.07252747252747249
2025-04-17,838,873,805,811,9684220,-0.0390995260663507
2025-04-18,803,839,790,790,7460998,-0.025893958076448786
2025-04-21,771,808,758,765,4947937,-0.03164556962025311
2025-04-22,765,778,739,743,4971103,-0.02875816993464053
2025-04-23,745,773,720,728,5391271,-0.020188425302826385
2025-04-24,726,859,719,780,51422925,0.0714285714285714
2025-04-25,778,904,772,805,31959438,0.03205128205128216
2025-04-28,805,859,805,806,12261625,0.001242236024844745
2025-04-29,830,845,781,784,8209261,-0.027295285359801524
2025-04-30,788,803,753,756,4438230,-0.0357142857142857
2025-05-02,758,797,740,763,6139583,0.0092592592592593
2025-05-07,763,774,745,756,2670287,-0.00917431192660545
2025-05-08,756,799,756,777,6513997,0.02777777777777768
2025-05-09,780,796,755,759,3002661,-0.02316602316602312
2025-05-12,760,769,751,767,2170344,0.010540184453228019
2025-05-13,768,772,756,762,1374981,-0.006518904823989535
2025-05-14,760,764,741,750,2123238,-0.015748031496062964
2025-05-15,744,748,728,729,1994062,-0.028000000000000025
2025-05-16,729,743,720,731,2004983,0.00274348422496562
2025-05-19,731,734,706,715,1789029,-0.02188782489740082
2025-05-20,715,793,715,736,17552679,0.029370629370629286
2025-05-21,731,745,717,721,1988324,-0.020380434782608647
2025-05-22,720,721,688,693,2508359,-0.03883495145631066
2025-05-23,694,717,655,707,1631137,0.02020202020202011
2025-05-26,707,712,697,707,787716,0.0
2025-05-27,708,731,698,703,1167061,-0.005657708628005631
2025-05-28,708,778,701,744,8652750,0.05832147937411092
2025-05-29,742,750,722,736,1954048,-0.010752688172043001
2025-05-30,735,736,726,730,835128,-0.008152173913043459
2025-06-02,722,750,722,746,1222777,0.021917808219177992
2025-06-04,754,760,736,751,1879815,0.006702412868632601
2025-06-05,745,796,745,775,6132886,0.031957390146471365
2025-06-09,777,790,771,784,2063736,0.011612903225806548
2025-06-10,790,793,776,781,2277744,-0.003826530612244916
2025-06-11,786,789,772,781,1445798,0.0
2025-06-12,804,878,797,841,22517529,0.07682458386683733
2025-06-13,850,854,801,812,6015114,-0.03448275862068961
2025-06-16,800,808,787,790,2539601,-0.027093596059113323
2025-06-17,796,810,779,788,2014072,-0.0025316455696202667
2025-06-18,779,796,777,783,1362562,-0.006345177664974666
2025-06-19,777,786,772,780,1192765,-0.003831417624521105
2025-06-20,784,805,778,788,1880717,0.01025641025641022
2025-06-23,784,785,742,745,2461627,-0.05456852791878175
2025-06-24,754,775,750,770,1366859,0.033557046979865834
2025-06-25,771,792,762,773,1299081,0.003896103896103842
2025-06-26,772,774,748,752,887521,-0.027166882276843496
2025-06-27,752,757,733,735,1005435,-0.022606382978723416
2025-06-30,735,745,731,731,714068,-0.0054421768707483276
2025-07-01,732,828,732,745,11477963,0.019151846785225635
2025-07-02,748,750,730,733,1566508,-0.016107382550335614
2025-07-03,735,780,733,758,4319753,0.034106412005457054
2025-07-04,757,769,750,762,956671,0.005277044854881341
2025-07-07,763,763,740,742,1021068,-0.026246719160105014
2025-07-08,737,759,737,741,832901,-0.0013477088948786742
2025-07-09,743,756,734,736,836408,-0.006747638326585648
2025-07-10,733,747,733,737,741842,0.0013586956521738358
2025-07-11,742,768,741,763,1326945,0.03527815468113982
2025-07-14,764,767,750,755,811663,-0.010484927916120546
2025-07-15,742,749,737,746,778510,-0.01192052980132452
2025-07-16,738,763,738,763,993919,0.02278820375335111
2025-07-17,779,816,760,773,11815000,0.013106159895150737
2025-07-18,833,857,753,753,17569999,-0.02587322121604141
2025-07-21,776,792,761,761,4025791,0.010624169986719778
2025-07-22,762,766,740,743,1897150,-0.023653088042049908
2025-07-23,743,744,728,731,1234502,-0.016150740242261152
2025-07-24,735,735,712,715,1543665,-0.02188782489740082
2025-07-25,715,726,713,719,604751,0.005594405594405494
2025-07-28,722,729,713,714,655067,-0.006954102920723182
2025-07-29,705,716,705,710,628914,-0.0056022408963585235
2025-07-30,708,718,704,707,701259,-0.004225352112676051
2025-07-31,703,718,703,716,720229,0.012729844413012836
2025-08-01,709,714,695,697,1133219,-0.026536312849162025
2025-08-04,697,711,693,708,542946,0.015781922525107683
2025-08-05,708,749,708,716,1962216,0.011299435028248483
2025-08-06,716,744,713,728,1679679,0.016759776536312776
2025-08-07,737,737,701,726,1034196,-0.0027472527472527375
2025-08-08,727,746,727,735,851053,0.012396694214876103
2025-08-11,735,762,735,752,2257000,0.023129251700680253
2025-08-12,753,770,752,761,1609288,0.01196808510638303
2025-08-13,760,771,754,765,1189885,0.005256241787122251
2025-08-14,766,777,761,774,2099577,0.0117647058823529
2025-08-18,765,773,755,766,846344,-0.01033591731266148
2025-08-19,759,760,750,753,790219,-0.016971279373368175
2025-08-20,741,749,736,741,684232,-0.015936254980079667
2025-08-21,741,747,736,737,418007,-0.005398110661268607
2025-08-22,737,744,732,733,634503,-0.005427408412483015
2025-08-25,734,745,733,733,482954,0.0
2025-08-26,738,738,726,730,380838,-0.004092769440654842
2025-08-27,732,736,725,734,349322,0.005479452054794498
2025-08-28,731,735,726,732,450495,-0.0027247956403270157
2025-08-29,732,732,708,716,849567,-0.021857923497267784
2025-09-01,715,721,701,701,696230,-0.020949720670391025
2025-09-02,701,730,699,700,715072,-0.0014265335235378318
2025-09-03,697,708,694,696,542676,-0.005714285714285672
2025-09-04,696,703,695,697,297743,0.001436781609195359
2025-09-05,697,700,691,696,408151,-0.0014347202295552641
2025-09-08,715,786,711,733,7680172,0.053160919540229834
2025-09-09,738,738,722,726,843415,-0.009549795361528002
2025-09-10,726,733,719,729,850810,0.004132231404958775
2025-09-11,722,736,717,717,1022796,-0.016460905349794275
2025-09-12,720,725,705,722,1012667,0.0069735006973501434
2025-09-15,722,722,702,705,1017989,-0.023545706371191133
2025-09-16,700,710,700,707,381669,0.0028368794326241176
2025-09-17,707,712,704,709,428844,0.0028288543140029265
2025-09-18,710,713,706,711,273601,0.0028208744710860323
2025-09-19,711,718,704,706,385211,-0.007032348804500654
2025-09-22,706,713,701,705,347799,-0.0014164305949008194
2025-09-23,706,709,699,703,373465,-0.0028368794326241176
2025-09-24,703,706,693,695,544731,-0.011379800853485111
2025-09-25,695,699,693,696,286111,0.0014388489208632116
2025-09-26,693,704,660,680,1279405,-0.02298850574712641
2025-09-29,678,688,677,681,224347,0.0014705882352941124
2025-09-30,675,685,672,674,323614,-0.01027900146842875
2025-10-01,670,681,665,671,416457,-0.004451038575667643
2025-10-02,671,687,667,680,379398,0.013412816691505292
2025-10-10,675,684,665,671,572873,-0.013235294117647012
2025-10-13,654,673,653,671,475976,0.0
2025-10-14,671,682,662,663,348964,-0.011922503725782407
2025-10-15,661,681,661,679,439946,0.02413273001508287
2025-10-16,679,688,671,673,438316,-0.008836524300441795
2025-10-17,672,685,659,661,723117,-0.017830609212481474
2025-10-20,665,674,659,661,310508,0.0
2025-10-21,655,669,648,649,1015376,-0.018154311649016597
2025-10-22,650,659,633,659,1086804,0.015408320493066174
2025-10-23,659,661,648,650,493136,-0.01365705614567525
2025-10-24,650,654,639,646,570704,-0.006153846153846176
2025-10-27,646,653,639,646,473949,0.0
