Date,Open,High,Low,Close,Volume,Change
2022-01-03,4270,4270,4270,4270,0,-0.0011695906432748204
2022-01-04,3905,4800,3905,4795,25528,0.12295081967213117
2022-01-05,4500,4500,4450,4495,652,-0.06256517205422318
2022-01-06,4485,4485,4485,4485,766,-0.0022246941045606095
2022-01-07,4485,5150,4480,5150,252,0.1482720178372352
2022-01-10,5150,5150,5150,5150,0,0.0
2022-01-11,4600,4600,4400,4400,3351,-0.1456310679611651
2022-01-12,4895,4895,4005,4005,302,-0.08977272727272723
2022-01-13,4500,4500,4015,4055,756,0.012484394506866447
2022-01-14,4485,4485,4485,4485,1,0.10604192355117137
2022-01-17,4485,4485,4485,4485,0,0.0
2022-01-18,4000,4000,4000,4000,540,-0.10813823857302118
2022-01-19,4495,4495,4495,4495,2,0.12375000000000003
2022-01-20,5160,5160,5160,5160,5,0.14794215795328136
2022-01-21,4390,4390,4390,4390,100,-0.14922480620155043
2022-01-24,5040,5040,3950,5020,22764,0.14350797266514803
2022-01-25,5590,5590,5590,5590,3,0.11354581673306763
2022-01-26,6300,6300,6300,6300,2,0.12701252236135963
2022-01-27,5360,5360,5360,5360,0,-0.14920634920634923
2022-01-28,5690,5690,5690,5690,5,0.06156716417910446
2022-02-03,4840,5660,4840,5660,52,-0.005272407732864637
2022-02-04,5690,5690,5690,5690,5,0.005300353356890497
2022-02-07,5660,5660,5660,5660,1,-0.005272407732864637
2022-02-08,5660,5660,5660,5660,0,0.0
2022-02-09,5630,5630,5630,5630,0,-0.005300353356890497
2022-02-10,4790,4995,4790,4995,35,-0.11278863232682057
2022-02-11,4995,5340,4250,5340,11,0.06906906906906918
2022-02-14,4540,5340,4540,5340,6,0.0
2022-02-15,5320,5320,5320,5320,0,-0.0037453183520599342
2022-02-16,5380,5380,5380,5380,2,0.011278195488721776
2022-02-17,5350,5350,5350,5350,0,-0.005576208178438624
2022-02-18,5330,5330,5330,5330,0,-0.0037383177570093906
2022-02-21,5310,5310,5310,5310,0,-0.0037523452157598447
2022-02-22,5290,5290,5290,5290,0,-0.0037664783427495685
2022-02-23,5220,5220,5220,5220,0,-0.013232514177693777
2022-02-24,5170,5170,5170,5170,0,-0.009578544061302652
2022-02-25,5170,5170,4500,4500,125,-0.12959381044487428
2022-02-28,5150,5150,5150,5150,2,0.14444444444444438
2022-03-02,5280,5280,5280,5280,2,0.025242718446601975
2022-03-03,5280,5280,5280,5280,2,0.0
2022-03-04,6050,6050,6050,6050,4,0.14583333333333326
2022-03-07,5150,5150,5150,5150,0,-0.14876033057851235
2022-03-08,5250,5250,5250,5250,2,0.01941747572815533
2022-03-10,5290,5290,5290,5290,2,0.007619047619047636
2022-03-11,4600,5210,4600,5210,31,-0.015122873345935761
2022-03-14,5290,5290,4430,5270,8,0.011516314779270731
2022-03-15,5330,5330,5330,5330,5,0.011385199240986799
2022-03-16,4540,5330,4540,5330,3,0.0
2022-03-17,5300,5300,5300,5300,1,-0.0056285178236398226
2022-03-18,5300,5300,5300,5300,2,0.0
2022-03-21,6080,6080,6080,6080,2,0.14716981132075468
2022-03-22,5840,5840,5840,5840,0,-0.03947368421052633
2022-03-23,5810,5810,5810,5810,2,-0.005136986301369828
2022-03-24,6640,6640,6640,6640,10,0.1428571428571428
2022-03-25,6640,6640,6640,6640,2,0.0
2022-03-28,6490,6490,6490,6490,0,-0.02259036144578308
2022-03-29,6490,6490,6490,6490,5,0.0
2022-03-30,6480,6480,6480,6480,2,-0.0015408320493066618
2022-03-31,6190,6190,6190,6190,0,-0.04475308641975306
2022-04-01,6140,6140,6140,6140,10,-0.008077544426494332
2022-04-04,6100,6100,6100,6100,2,-0.006514657980456029
2022-04-05,6100,6100,6100,6100,3,0.0
2022-04-06,6080,6080,6080,6080,3,-0.003278688524590123
2022-04-07,6000,6000,6000,6000,1,-0.013157894736842146
2022-04-08,6000,6000,6000,6000,25,0.0
2022-04-11,6000,6000,5100,6000,31,0.0
2022-04-12,6900,6900,5100,6720,205,0.1200000000000001
2022-04-13,6590,6590,6590,6590,1,-0.019345238095238138
2022-04-14,6570,6570,6570,6570,0,-0.003034901365705611
2022-04-15,6540,6540,6540,6540,0,-0.004566210045662156
2022-04-18,6510,6510,6510,6510,2,-0.004587155963302725
2022-04-19,7400,7400,5540,7030,237,0.07987711213517668
2022-04-20,5980,6930,5980,6930,33,-0.014224751066856278
2022-04-21,6920,6920,5900,5900,115,-0.14862914862914867
2022-04-22,5900,5900,5020,5890,142,-0.0016949152542372614
2022-04-25,5920,6680,5010,6100,441,0.035653650254668934
2022-04-26,6740,6740,5200,6590,253,0.0803278688524589
2022-04-27,6980,6980,5610,5610,33,-0.14871016691957506
2022-04-28,6330,6330,5300,5300,55,-0.05525846702317294
2022-04-29,4515,5930,4515,4515,121,-0.14811320754716983
2022-05-02,5100,5100,4100,5060,11002,0.12070874861572545
2022-05-03,5750,5750,5750,5750,2,0.13636363636363646
2022-05-04,6490,6490,6490,6490,2,0.1286956521739131
2022-05-06,7290,7290,7290,7290,2,0.12326656394453006
2022-05-09,6200,6200,6200,6200,0,-0.14951989026063095
2022-05-10,7050,7050,7050,7050,2,0.1370967741935485
2022-05-11,6000,6000,6000,6000,0,-0.14893617021276595
2022-05-12,6800,6800,6800,6800,2,0.1333333333333333
2022-05-13,7400,7400,7400,7400,1,0.08823529411764697
2022-05-16,6290,6290,6290,6290,5,-0.15000000000000002
2022-05-17,7150,7150,5360,6990,217,0.11128775834658189
2022-05-18,6890,6890,5950,5950,103,-0.14878397711015734
2022-05-19,5950,5950,5060,5060,192,-0.14957983193277313
2022-05-20,5060,5060,5060,5060,0,0.0
2022-05-23,5680,5680,4320,4320,12,-0.1462450592885376
2022-05-24,4955,4955,3805,3805,65,-0.11921296296296291
2022-05-25,4200,4295,3810,3825,47,0.005256241787122251
2022-05-26,4385,4385,4385,4385,1,0.14640522875816986
2022-05-27,4985,4985,3785,4885,5,0.11402508551881407
2022-05-30,4885,4885,4880,4885,515,0.0
2022-05-31,5550,5550,5550,5550,3,0.13613101330603894
2022-06-02,6350,6350,4720,4720,13,-0.14954954954954958
2022-06-03,5290,5290,5290,5290,5,0.12076271186440679
2022-06-07,5280,5280,5280,5280,1,-0.001890359168241984
2022-06-08,6050,6050,4490,5790,219,0.09659090909090917
2022-06-09,5780,5780,4930,5770,27,-0.003454231433506094
2022-06-10,5740,5740,5740,5740,1,-0.005199306759098743
2022-06-13,4890,5500,4890,5500,36,-0.04181184668989546
2022-06-14,4680,5470,4680,5470,52,-0.00545454545454549
2022-06-15,6280,6280,4650,4650,69,-0.14990859232175502
2022-06-16,5340,5340,4000,4200,858,-0.09677419354838712
2022-06-17,4200,4200,4200,4200,2,0.0
2022-06-20,4830,4830,3655,3850,37,-0.08333333333333337
2022-06-21,4425,4425,3900,3900,17,0.01298701298701288
2022-06-22,4485,4485,3905,4000,9,0.02564102564102555
2022-06-23,4500,4500,3800,3800,7,-0.050000000000000044
2022-06-24,4370,4370,3230,4370,258,0.1499999999999999
2022-06-27,4950,4950,4900,4900,26,0.12128146453089239
2022-06-28,4165,5590,4165,4165,62,-0.15000000000000002
2022-06-29,4695,4695,4165,4165,2,0.0
2022-06-30,4700,4700,3995,3995,13,-0.04081632653061229
2022-07-01,4495,4495,4495,4495,1,0.12515644555694627
2022-07-04,3975,3975,3885,3885,314,-0.13570634037819795
2022-07-05,3885,4350,3885,4350,5,0.11969111969111967
2022-07-06,4950,4950,3745,3745,8,-0.13908045977011496
2022-07-07,3750,3800,3750,3800,2,0.014686248331108098
2022-07-08,3800,3800,3800,3800,303,0.0
2022-07-11,4300,4300,3690,3690,7,-0.02894736842105261
2022-07-12,4240,4240,3525,3615,12,-0.020325203252032575
2022-07-13,4150,4150,3220,3220,11,-0.1092669432918395
2022-07-14,3700,3700,3700,3700,210,0.14906832298136652
2022-07-15,3700,4245,3215,3220,19,-0.12972972972972974
2022-07-18,3700,3700,3700,3700,13,0.14906832298136652
2022-07-19,4255,4255,3700,3705,243,0.0013513513513514486
2022-07-20,4260,4260,3580,3595,4,-0.029689608636977005
2022-07-21,4130,4130,3600,3605,9023,0.0027816411682892728
2022-07-22,4000,4135,3615,3615,218,0.00277392510402219
2022-07-25,3700,3700,3700,3700,1,0.023513139695712226
2022-07-26,3605,3605,3605,3605,1,-0.025675675675675635
2022-07-27,3710,3710,3710,3710,0,0.029126213592232997
2022-07-28,3760,3760,3760,3760,1,0.013477088948786964
2022-07-29,3805,3805,3805,3805,12,0.01196808510638303
2022-08-01,4010,4010,4010,4010,5,0.053876478318002574
2022-08-02,4300,4300,4300,4300,10,0.07231920199501252
2022-08-03,4300,4300,4300,4300,0,0.0
2022-08-04,4100,4100,4100,4100,5,-0.046511627906976716
2022-08-05,4100,4100,4100,4100,30,0.0
2022-08-08,4100,4100,4100,4100,24,0.0
2022-08-09,4705,4705,4700,4700,450,0.14634146341463405
2022-08-10,4700,4700,4700,4700,2,0.0
2022-08-11,4700,4700,4700,4700,0,0.0
2022-08-12,4700,4700,4700,4700,0,0.0
2022-08-16,4155,4200,4150,4200,153,-0.1063829787234043
2022-08-17,4100,4300,4100,4300,66,0.023809523809523725
2022-08-18,4300,4300,4300,4300,0,0.0
2022-08-19,4500,4500,4500,4500,2,0.04651162790697683
2022-08-22,4300,4300,4300,4300,1,-0.0444444444444444
2022-08-23,4800,4800,4795,4800,1052,0.11627906976744184
2022-08-24,4800,4800,4800,4800,1500,0.0
2022-08-25,5000,5000,5000,5000,650,0.04166666666666674
2022-08-26,5000,5000,5000,5000,400,0.0
2022-08-29,5000,5000,5000,5000,0,0.0
2022-08-30,5000,5000,5000,5000,0,0.0
2022-08-31,5300,5300,5300,5300,2,0.06000000000000005
2022-09-01,5300,5300,5300,5300,0,0.0
2022-09-02,5300,5300,4510,5290,35,-0.0018867924528301883
2022-09-05,5300,5300,5300,5300,105,0.001890359168241984
2022-09-06,5300,5300,5300,5300,100,0.0
2022-09-07,4510,5290,4510,5290,52,-0.0018867924528301883
2022-09-08,4500,5260,4500,5260,102,-0.005671077504725952
2022-09-13,5300,5300,5300,5300,2,0.0076045627376426506
2022-09-14,4600,4900,4600,4900,103,-0.07547169811320753
2022-09-15,4855,4855,4855,4855,0,-0.009183673469387754
2022-09-16,5580,5580,5580,5580,4,0.14933058702368696
2022-09-19,4995,4995,4995,4995,0,-0.10483870967741937
2022-09-20,4990,4990,4990,4990,2,-0.0010010010010009784
2022-09-21,4500,4975,4500,4975,101,-0.0030060120240480437
2022-09-22,4975,4975,4975,4975,0,0.0
2022-09-23,4975,4975,4975,4975,0,0.0
2022-09-26,4995,4995,4995,4995,2,0.004020100502512669
2022-09-27,4995,4995,4995,4995,0,0.0
2022-09-28,4990,4990,4990,4990,0,-0.0010010010010009784
2022-09-29,4990,4990,4990,4990,2,0.0
2022-09-30,4985,4985,4985,4985,0,-0.0010020040080159776
2022-10-04,4600,4600,4600,4600,60,-0.07723169508525574
2022-10-05,5290,5290,5290,5290,2,0.1499999999999999
2022-10-06,5270,5270,5270,5270,0,-0.003780718336483968
2022-10-07,4480,4480,4480,4480,2,-0.14990512333965844
2022-10-11,4495,4495,4495,4495,2,0.0033482142857141906
2022-10-12,4995,4995,4995,4995,2,0.11123470522803114
2022-10-13,4990,4990,4990,4990,1,-0.0010010010010009784
2022-10-14,4985,4985,4985,4985,1,-0.0010020040080159776
2022-10-17,5730,5730,5730,5730,1,0.1494483450351054
2022-10-18,4880,5290,4880,5290,52,-0.07678883071553233
2022-10-19,5000,5000,5000,5000,1,-0.05482041587901698
2022-10-20,4995,4995,4995,4995,0,-0.0010000000000000009
2022-10-21,4990,4990,4990,4990,0,-0.0010010010010009784
2022-10-24,4985,4985,4985,4985,1,-0.0010020040080159776
2022-10-25,4240,4965,4240,4965,3,-0.004012036108325012
2022-10-26,4960,4960,4960,4960,0,-0.001007049345417954
2022-10-27,4935,4935,4935,4935,0,-0.005040322580645129
2022-10-28,4930,4930,4930,4930,1,-0.0010131712259371373
2022-10-31,4925,4925,4925,4925,0,-0.0010141987829614951
2022-11-01,4920,4920,4920,4920,0,-0.0010152284263958977
2022-11-02,4915,4915,4915,4915,0,-0.00101626016260159
2022-11-03,4910,4910,4910,4910,0,-0.0010172939979654627
2022-11-04,5630,5630,5630,5630,1,0.14663951120162944
2022-11-07,4975,4975,4975,4975,0,-0.11634103019538189
2022-11-08,4895,4895,4895,4895,0,-0.016080402010050232
2022-11-09,4885,4885,4885,4885,0,-0.002042900919305368
2022-11-10,4875,4875,4875,4875,1,-0.0020470829068577334
2022-11-11,4870,4870,4870,4870,0,-0.0010256410256410664
2022-11-14,4865,4865,4865,4865,1,-0.0010266940451745254
2022-11-15,4860,4860,4860,4860,0,-0.0010277492291880241
2022-11-16,4135,4850,4135,4850,202,-0.002057613168724326
2022-11-17,4835,4835,4835,4835,0,-0.003092783505154628
2022-11-18,4825,4825,4825,4825,0,-0.0020682523267838704
2022-11-21,4815,4815,4815,4815,1,-0.002072538860103612
2022-11-22,4810,4810,4810,4810,0,-0.0010384215991692258
2022-11-23,4800,4800,4800,4800,0,-0.0020790020790020236
2022-11-24,4790,4790,4790,4790,0,-0.002083333333333326
2022-11-25,4695,4695,4695,4695,1,-0.019832985386221247
2022-11-28,4000,4000,4000,4000,0,-0.1480298189563365
2022-11-29,4150,4150,4150,4150,0,0.03750000000000009
2022-11-30,4150,4150,4150,4150,0,0.0
2022-12-01,4150,4150,4150,4150,30,0.0
2022-12-02,4770,4770,4770,4770,3,0.14939759036144573
2022-12-05,4770,4770,4770,4770,0,0.0
2022-12-06,4765,4765,4765,4765,0,-0.0010482180293500676
2022-12-07,4760,4760,4760,4760,1,-0.0010493179433368471
2022-12-08,4760,4760,4760,4760,2,0.0
2022-12-09,4750,4750,4750,4750,0,-0.0021008403361344463
2022-12-12,4735,4735,4700,4700,10003,-0.010526315789473717
2022-12-13,4685,4685,4685,4685,1,-0.0031914893617021045
2022-12-14,4900,4900,4900,4900,24000,0.04589114194236932
2022-12-15,4895,4895,4895,4895,0,-0.0010204081632653184
2022-12-16,4890,4890,4890,4890,0,-0.0010214504596527396
2022-12-19,4880,4880,4880,4880,0,-0.002044989775051076
2022-12-20,4865,4865,4865,4865,0,-0.0030737704918032405
2022-12-21,4860,4860,4860,4860,0,-0.0010277492291880241
2022-12-22,5560,5560,5560,5560,1,0.1440329218106995
2022-12-23,4795,4795,4795,4795,0,-0.137589928057554
2022-12-26,5510,5510,4080,4795,94,0.0
2022-12-27,4790,4790,4790,4790,0,-0.0010427528675703845
2022-12-28,4800,4800,4800,4800,10,0.0020876826722338038
2022-12-29,4800,4800,4800,4800,0,0.0
2023-01-02,4800,4800,4800,4800,0,0.0
2023-01-03,4800,4800,4800,4800,49,0.0
2023-01-04,4795,4795,4795,4795,0,-0.0010416666666667185
2023-01-05,4790,4790,4790,4790,92,-0.0010427528675703845
2023-01-06,4790,4790,4790,4790,0,0.0
2023-01-09,4795,4795,4795,4795,0,0.0010438413361169019
2023-01-10,4850,4850,4080,4080,101,-0.1491136600625652
2023-01-11,4680,4680,4680,4680,2,0.1470588235294117
2023-01-12,4675,4680,4670,4680,351,0.0
2023-01-13,4685,4685,4680,4680,15,0.0
2023-01-16,4600,4675,4600,4675,112,-0.0010683760683760646
2023-01-17,4670,4680,4670,4680,301,0.0010695187165774556
2023-01-18,4680,4685,4680,4685,367,0.0010683760683760646
2023-01-19,4685,4695,4685,4695,600,0.002134471718249653
2023-01-20,4695,4700,4695,4700,250,0.0010649627263046302
2023-01-25,4700,4710,4695,4710,843,0.0021276595744681437
2023-01-26,4710,4720,4500,4720,10550,0.002123142250530785
2023-01-27,4720,4900,4720,4900,530,0.03813559322033888
2023-01-30,4900,5630,4900,5450,20301,0.11224489795918369
2023-01-31,5440,5440,5440,5440,0,-0.0018348623853210455
2023-02-01,5440,5440,5440,5440,30,0.0
2023-02-02,5440,5440,5440,5440,50,0.0
2023-02-03,5440,5440,5440,5440,282,0.0
2023-02-06,5400,5400,5400,5400,100,-0.007352941176470562
2023-02-07,5400,5400,5400,5400,200,0.0
2023-02-08,5400,5400,5400,5400,230,0.0
2023-02-09,5400,5400,5400,5400,30,0.0
2023-02-10,5400,5400,5400,5400,300,0.0
2023-02-13,5400,5400,5400,5400,179,0.0
2023-02-14,5370,5370,5370,5370,0,-0.005555555555555536
2023-02-15,5370,5370,5370,5370,105,0.0
2023-02-16,5370,5370,5370,5370,0,0.0
2023-02-17,5370,5370,5370,5370,0,0.0
2023-02-20,5380,5380,5370,5370,60,0.0
2023-02-21,5370,5370,5370,5370,0,0.0
2023-02-22,5370,5370,5370,5370,0,0.0
2023-02-23,5370,5370,5370,5370,100,0.0
2023-02-24,5370,5370,5370,5370,21,0.0
2023-02-27,5370,5370,5370,5370,2,0.0
2023-02-28,5370,5370,5370,5370,0,0.0
2023-03-02,5330,5330,5330,5330,0,-0.007448789571694592
2023-03-03,5320,5320,5320,5320,1,-0.0018761726078799779
2023-03-06,5330,5330,5320,5320,410,0.0
2023-03-07,5320,5320,5320,5320,35,0.0
2023-03-08,5320,5320,5320,5320,0,0.0
2023-03-09,5320,5320,5320,5320,0,0.0
2023-03-10,5320,5320,5320,5320,0,0.0
2023-03-13,5320,5320,5320,5320,0,0.0
2023-03-14,5320,5320,5320,5320,50,0.0
2023-03-15,5320,5320,5320,5320,0,0.0
2023-03-16,5300,5300,5300,5300,55,-0.003759398496240629
2023-03-17,5300,5300,5300,5300,100,0.0
2023-03-20,5280,5280,5280,5280,1,-0.0037735849056603765
2023-03-21,5280,5280,5280,5280,0,0.0
2023-03-22,5280,5280,5280,5280,0,0.0
2023-03-23,5280,5280,5280,5280,0,0.0
2023-03-24,5280,5280,5280,5280,0,0.0
2023-03-27,5280,5280,5280,5280,0,0.0
2023-03-28,5280,5280,5280,5280,0,0.0
2023-03-29,5280,5280,5280,5280,259,0.0
2023-03-30,5280,5280,5280,5280,29,0.0
2023-03-31,5300,5400,5300,5400,501,0.022727272727272707
2023-04-03,5400,5400,5400,5400,0,0.0
2023-04-04,5400,5400,5400,5400,0,0.0
2023-04-05,5350,5350,5350,5350,500,-0.0092592592592593
2023-04-06,5400,5400,5400,5400,700,0.009345794392523255
2023-04-07,5400,5400,5400,5400,0,0.0
2023-04-10,5400,5400,5400,5400,0,0.0
2023-04-11,5400,5400,5400,5400,78,0.0
2023-04-12,5400,5400,5400,5400,0,0.0
2023-04-13,5400,5400,5400,5400,0,0.0
2023-04-14,5990,5990,5990,5990,40,0.10925925925925917
2023-04-17,5990,5990,5990,5990,0,0.0
2023-04-18,5990,5990,5990,5990,0,0.0
2023-04-19,5990,5990,5990,5990,0,0.0
2023-04-20,5990,5990,5990,5990,0,0.0
2023-04-21,5970,5970,5970,5970,0,-0.0033388981636059967
2023-04-24,5960,5970,5960,5970,19,0.0
2023-04-25,5310,5310,5300,5300,50,-0.11222780569514235
2023-04-26,5300,5300,5300,5300,0,0.0
2023-04-27,5300,5300,5300,5300,0,0.0
2023-04-28,5300,5300,5300,5300,0,0.0
2023-05-02,5300,5300,5300,5300,200,0.0
2023-05-03,5300,5300,5300,5300,465,0.0
2023-05-04,5300,5300,5300,5300,0,0.0
2023-05-08,5300,5300,5300,5300,0,0.0
2023-05-09,5300,5300,5300,5300,0,0.0
2023-05-10,5300,5300,5300,5300,522,0.0
2023-05-11,5300,5300,5300,5300,0,0.0
2023-05-12,5300,6090,5300,5300,509,0.0
2023-05-15,5300,5300,5300,5300,0,0.0
2023-05-16,5300,5300,5300,5300,0,0.0
2023-05-17,5300,5300,5300,5300,0,0.0
2023-05-18,5300,5300,5300,5300,0,0.0
2023-05-19,5300,5300,5300,5300,0,0.0
2023-05-22,5300,5300,5300,5300,0,0.0
2023-05-23,5300,5300,5300,5300,0,0.0
2023-05-24,5300,5300,5300,5300,0,0.0
2023-05-25,5300,5300,5300,5300,107,0.0
2023-05-26,5300,5300,5300,5300,460,0.0
2023-05-30,5300,5300,5300,5300,0,0.0
2023-05-31,5300,5300,5300,5300,533,0.0
2023-06-01,5300,5300,5300,5300,0,0.0
2023-06-02,5300,5300,5300,5300,467,0.0
2023-06-05,5300,5300,5300,5300,5,0.0
2023-06-07,5300,5300,5300,5300,0,0.0
2023-06-08,5300,5300,5300,5300,0,0.0
2023-06-09,5300,5300,5300,5300,0,0.0
2023-06-12,5300,5300,5300,5300,0,0.0
2023-06-13,5300,5300,5300,5300,15,0.0
2023-06-14,5290,5290,5290,5290,0,-0.0018867924528301883
2023-06-15,5290,5290,5290,5290,0,0.0
2023-06-16,5290,5290,5290,5290,0,0.0
2023-06-19,5290,5290,5290,5290,0,0.0
2023-06-20,5290,5290,5290,5290,0,0.0
2023-06-21,5290,5290,5290,5290,20,0.0
2023-06-22,5290,5290,5290,5290,105,0.0
2023-06-23,5500,5500,4505,4505,2,-0.1483931947069943
2023-06-26,5180,5180,5180,5180,146,0.14983351831298553
2023-06-27,5180,5180,5180,5180,548,0.0
2023-06-28,4420,4420,4410,4410,167,-0.14864864864864868
2023-06-29,3855,5000,3855,5000,222,0.13378684807256236
2023-06-30,5000,5000,5000,5000,0,0.0
2023-07-03,5000,5000,5000,5000,700,0.0
2023-07-04,5750,5750,4265,4265,81,-0.14700000000000002
2023-07-05,4900,4900,4900,4900,305,0.14888628370457213
2023-07-06,4365,5100,4355,4800,223,-0.020408163265306145
2023-07-07,5490,5490,5460,5460,2,0.13749999999999996
2023-07-10,6270,6270,5510,6220,525,0.13919413919413914
2023-07-11,5350,5350,5300,5300,712,-0.14790996784565913
2023-07-12,5490,5490,5490,5490,1000,0.03584905660377369
2023-07-13,5500,5500,5480,5480,709,-0.0018214936247723523
2023-07-14,5480,5700,5480,5700,2941,0.04014598540145986
2023-07-17,5690,5690,4850,5690,1744,-0.0017543859649122862
2023-07-18,6090,6090,6070,6070,2,0.06678383128295251
2023-07-19,6070,6070,5480,6060,266,-0.0016474464579900872
2023-07-20,6060,6060,5800,5800,118,-0.04290429042904287
2023-07-21,6500,6500,5500,5800,802,0.0
2023-07-24,5800,5980,5380,5980,2502,0.03103448275862064
2023-07-25,5230,6000,5090,5960,22,-0.0033444816053511683
2023-07-26,5940,5940,5500,5500,903,-0.07718120805369133
2023-07-27,5500,6300,5480,5480,137,-0.0036363636363636598
2023-07-28,5500,5700,5100,5700,16611,0.04014598540145986
2023-07-31,6530,6530,5250,5500,9201,-0.03508771929824561
2023-08-01,5500,5500,5200,5500,5572,0.0
2023-08-02,5500,5700,5500,5500,6937,0.0
2023-08-03,5500,5500,5500,5500,621,0.0
2023-08-04,5600,5600,5200,5600,5613,0.018181818181818077
2023-08-07,5700,5800,5600,5790,4717,0.03392857142857153
2023-08-08,5780,5790,5780,5790,23,0.0
2023-08-09,5680,5790,5600,5790,1183,0.0
2023-08-10,6650,6650,5600,5790,1002,0.0
2023-08-11,5610,5790,5600,5790,1002,0.0
2023-08-14,5790,5790,5790,5790,1,0.0
2023-08-16,6640,6640,6640,6640,1,0.14680483592400684
2023-08-17,7620,7620,7600,7600,2,0.14457831325301207
2023-08-18,6500,8390,6460,8350,470,0.09868421052631571
2023-08-21,8290,8290,8290,8290,1,-0.007185628742514938
2023-08-22,7050,7050,7050,7050,3,-0.14957780458383596
2023-08-23,8100,8100,6000,6000,347,-0.14893617021276595
2023-08-24,5600,5670,5260,5670,4016,-0.05500000000000005
2023-08-25,5700,5700,5200,5200,12160,-0.08289241622574961
2023-08-28,5950,5950,5200,5390,7154,0.03653846153846163
2023-08-29,5990,5990,5120,5870,1367,0.08905380333951762
2023-08-30,5870,6370,5380,6370,265,0.08517887563884163
2023-08-31,7310,7310,5500,6880,7,0.0800627943485086
2023-09-01,7890,7890,5860,6500,2146,-0.05523255813953487
2023-09-04,7470,7470,5610,5610,7,-0.13692307692307693
2023-09-05,6450,6450,5450,5450,76,-0.028520499108734443
2023-09-06,5450,6260,5450,6260,109,0.14862385321100913
2023-09-07,7190,7190,5520,5520,102,-0.11821086261980829
2023-09-08,6340,6340,5520,6330,262,0.1467391304347827
2023-09-11,7270,7270,5520,7220,14,0.14060031595576628
2023-09-12,8280,8280,6150,6150,4,-0.14819944598337953
2023-09-13,7060,7060,6990,6990,11,0.13658536585365844
2023-09-14,8030,8030,8030,8030,1,0.14878397711015734
2023-09-15,9230,9230,6830,8900,126,0.1083437110834371
2023-09-18,8890,8890,8890,8890,0,-0.0011235955056180247
2023-09-19,8880,8880,8880,8880,0,-0.0011248593925758943
2023-09-20,10000,10000,7550,9990,4,0.125
2023-09-21,8700,9990,8500,9990,15,0.0
2023-09-22,8800,8800,8650,8650,2,-0.1341341341341341
2023-09-25,7450,7450,7450,7450,3,-0.138728323699422
2023-09-26,6360,7400,6340,7400,8,-0.006711409395973145
2023-09-27,6500,8480,6500,8480,201,0.145945945945946
2023-10-04,7300,7300,7300,7300,9,-0.13915094339622647
2023-10-05,6210,7890,6210,7890,7,0.08082191780821923
2023-10-06,8990,8990,8990,8990,1,0.13941698352344734
2023-10-10,8980,8980,8980,8980,0,-0.0011123470522803602
2023-10-11,10320,10320,7640,7640,13,-0.1492204899777283
2023-10-12,8770,8770,8300,8300,9,0.08638743455497377
2023-10-13,8300,8300,8300,8300,0,0.0
2023-10-16,8300,8300,8300,8300,0,0.0
2023-10-17,9540,9540,8000,9530,332,0.14819277108433737
2023-10-18,8300,9530,8300,9530,641,0.0
2023-10-19,8200,10000,8110,9900,528,0.03882476390346268
2023-10-20,8420,11190,8420,8520,1031,-0.1393939393939394
2023-10-23,8200,8200,8200,8200,200,-0.03755868544600938
2023-10-24,7100,8200,7100,8150,222,-0.0060975609756097615
2023-10-25,9200,9200,9200,9200,1,0.12883435582822078
2023-10-26,8200,9300,8200,9300,410,0.010869565217391353
2023-10-27,8500,9300,8500,9100,1002,-0.021505376344086002
2023-10-30,8050,9100,8000,9100,165,0.0
2023-10-31,9100,10100,7850,10100,285,0.10989010989010994
2023-11-01,9000,9500,8600,9500,235,-0.05940594059405946
2023-11-02,10000,10000,10000,10000,2,0.05263157894736836
2023-11-03,11000,11060,11000,11060,132,0.1060000000000001
2023-11-06,11060,11060,11060,11060,0,0.0
2023-11-07,11000,11000,11000,11000,1,-0.005424954792043413
2023-11-08,11060,11060,9500,10500,104,-0.045454545454545414
2023-11-09,9000,10500,9000,10500,5,0.0
2023-11-10,11050,11050,11050,11050,1,0.05238095238095242
2023-11-13,10000,11050,10000,11050,3,0.0
2023-11-14,10950,11050,9500,11000,412,-0.004524886877828038
2023-11-15,9350,9350,9350,9350,3708,-0.15000000000000002
2023-11-16,7950,9300,7950,9300,6722,-0.005347593582887722
2023-11-17,9480,9480,7910,9100,112,-0.021505376344086002
2023-11-20,9100,9100,7740,8000,278,-0.1208791208791209
2023-11-21,7990,8000,6800,8000,9,0.0
2023-11-22,9200,9200,8000,8000,22,0.0
2023-11-23,8000,8000,8000,8000,0,0.0
2023-11-24,7000,8000,7000,7900,701,-0.012499999999999956
2023-11-27,9000,9000,6720,6990,939,-0.11518987341772147
2023-11-28,8000,8000,6000,6900,869,-0.012875536480686733
2023-11-29,6900,7930,6900,7000,19,0.01449275362318847
2023-11-30,7000,8000,7000,8000,7,0.1428571428571428
2023-12-01,8000,8000,8000,8000,2,0.0
2023-12-04,8000,8000,8000,8000,3,0.0
2023-12-05,8000,8000,8000,8000,5,0.0
2023-12-06,9000,9000,7950,8500,14,0.0625
2023-12-07,8500,8500,8500,8500,2,0.0
2023-12-08,8500,9150,7230,8900,436,0.04705882352941182
2023-12-11,8900,8900,8000,8000,745,-0.101123595505618
2023-12-12,8500,8500,8000,8100,1303,0.012499999999999956
2023-12-13,8000,8000,7200,8000,2283,-0.012345679012345734
2023-12-14,7200,8890,7200,8890,530,0.11125000000000007
2023-12-15,8900,8900,7560,8400,8009,-0.055118110236220486
2023-12-18,8960,8960,7560,8490,111,0.010714285714285676
2023-12-19,8970,8970,7540,7540,145,-0.11189634864546527
2023-12-20,7540,7990,7540,7990,7,0.05968169761273212
2023-12-21,7980,7980,7980,7980,0,-0.0012515644555695093
2023-12-22,8490,8490,7300,7800,1354,-0.022556390977443663
2023-12-26,7800,7820,7100,7590,1189,-0.02692307692307694
2023-12-27,7580,7700,6910,7700,607,0.01449275362318847
2023-12-28,7330,8450,7060,7300,3150,-0.051948051948051965
2024-01-02,6650,7270,6210,7170,9932,-0.017808219178082174
2024-01-03,7490,7490,6320,7290,1316,0.01673640167364021
2024-01-04,7990,7990,7000,7990,1657,0.0960219478737998
2024-01-05,7990,8000,7850,7990,4026,0.0
2024-01-08,8490,8490,7900,8450,2817,0.05757196495619521
2024-01-09,8000,8430,7990,8000,2650,-0.053254437869822535
2024-01-10,8250,8250,7940,8000,2369,0.0
2024-01-11,8180,8250,7850,7850,1128,-0.018750000000000044
2024-01-12,7850,8000,7850,8000,843,0.019108280254777066
2024-01-15,8250,8250,7990,8010,1502,0.0012499999999999734
2024-01-16,8240,8240,8000,8230,1283,0.027465667915106184
2024-01-17,8010,8220,8010,8200,2630,-0.0036452004860266785
2024-01-18,8250,8250,8000,8220,60,0.0024390243902439046
2024-01-19,8200,8390,8200,8220,2847,0.0
2024-01-22,8400,8430,7400,7810,1196,-0.04987834549878345
2024-01-23,8190,8190,7500,8000,2986,0.02432778489116516
2024-01-24,7800,8270,7800,8270,2158,0.03374999999999995
2024-01-25,4500,4755,4500,4755,4453,-0.4250302297460702
2024-01-26,4995,5220,4995,5200,2102,0.09358569926393279
2024-01-29,5200,5700,5190,5500,1493,0.05769230769230771
2024-01-30,5800,5800,5600,5600,165,0.018181818181818077
2024-01-31,5600,5600,5200,5600,1036,0.0
2024-02-01,5400,5400,5200,5200,1853,-0.0714285714285714
2024-02-02,5200,5200,5200,5200,97,0.0
2024-02-05,5200,5200,5200,5200,14,0.0
2024-02-06,5000,5700,5000,5200,2027,0.0
2024-02-07,5000,5400,5000,5150,26,-0.009615384615384581
2024-02-08,5200,5400,5200,5200,82,0.009708737864077666
2024-02-13,5400,5400,4800,5000,980,-0.038461538461538436
2024-02-14,4805,5090,4800,5090,371,0.018000000000000016
2024-02-15,4800,5040,4800,4800,1111,-0.056974459724950854
2024-02-16,4800,4990,4710,4900,802,0.02083333333333326
2024-02-19,4800,5000,4800,4985,1700,0.0173469387755103
2024-02-20,4985,4985,4705,4705,8348,-0.056168505516549616
2024-02-21,4895,4900,4850,4850,306,0.03081827842720508
2024-02-22,4715,4880,4500,4800,12631,-0.010309278350515427
2024-02-23,4700,4700,4260,4480,19438,-0.06666666666666665
2024-02-26,4500,4500,4350,4490,1759,0.0022321428571427937
2024-02-27,4495,4600,4260,4490,12652,0.0
2024-02-28,4400,4400,4400,4400,0,-0.020044543429844075
2024-02-29,4490,4490,4110,4260,2196,-0.03181818181818186
2024-03-04,4260,4260,4155,4190,655,-0.016431924882629123
2024-03-05,4350,4350,4350,4350,5,0.038186157517899666
2024-03-06,4105,4315,3950,4315,4690,-0.008045977011494232
2024-03-07,4105,4290,3800,4195,3887,-0.02780996523754342
2024-03-08,4200,4200,4145,4145,79,-0.011918951132300348
2024-03-11,4200,4200,3700,4050,3811,-0.022919179734619988
2024-03-12,4180,4500,3450,3735,25563,-0.07777777777777772
2024-03-13,3790,3790,3530,3660,18350,-0.02008032128514059
2024-03-14,3670,3900,3590,3890,7209,0.06284153005464477
2024-03-15,3900,4470,3900,4090,25439,0.05141388174807204
2024-03-18,4090,4300,4000,4050,14401,-0.009779951100244544
2024-03-19,4095,4095,3950,3990,6181,-0.014814814814814836
2024-03-20,3990,4040,3395,3695,26771,-0.07393483709273185
2024-03-21,3700,3900,3700,3795,3563,0.02706359945872805
2024-03-22,3980,3990,3980,3980,3006,0.0487483530961792
2024-03-25,4000,4035,3800,3995,36,0.0037688442211054607
2024-03-26,3990,3990,3810,3970,3284,-0.006257822277847325
2024-03-27,3825,3970,3820,3900,972,-0.017632241813602012
2024-03-28,3990,3995,3860,3900,2520,0.0
2024-03-29,4000,4000,3505,3900,2064,0.0
2024-04-01,3900,4000,3700,4000,2176,0.02564102564102555
2024-04-02,3800,3895,3785,3885,4674,-0.028750000000000053
2024-04-03,3800,3995,3800,3950,797,0.016731016731016624
2024-04-04,3700,3945,3700,3895,55,-0.013924050632911356
2024-04-05,3885,3935,3875,3875,120,-0.005134788189987138
2024-04-08,3875,4100,3875,4040,4791,0.04258064516129023
2024-04-09,3980,4500,3980,4000,6128,-0.00990099009900991
2024-04-11,4200,4200,3850,4050,7190,0.012499999999999956
2024-04-12,4050,4470,4000,4190,1006,0.03456790123456788
2024-04-15,3950,4185,3940,4185,3660,-0.0011933174224343368
2024-04-16,4180,4180,3900,4165,59,-0.004778972520907976
2024-04-17,3915,4170,3915,4100,2034,-0.015606242496998823
2024-04-18,4100,4100,4100,4100,326,0.0
2024-04-19,4170,4170,3990,4160,500,0.014634146341463428
2024-04-22,4170,4200,4000,4000,1529,-0.038461538461538436
2024-04-23,4000,4200,4000,4200,1001,0.050000000000000044
2024-04-24,4020,4500,4020,4030,14812,-0.04047619047619044
2024-04-25,4100,4130,4010,4010,8238,-0.00496277915632759
2024-04-26,4020,4250,4010,4100,5315,0.02244389027431426
2024-04-29,4020,4100,4010,4100,314,0.0
2024-04-30,4090,4245,4010,4100,1666,0.0
2024-05-02,4100,4200,4000,4100,22142,0.0
2024-05-03,4100,4230,4010,4170,11110,0.017073170731707332
2024-05-07,4170,4170,4100,4100,2033,-0.016786570743405282
2024-05-08,4100,4300,4010,4100,11041,0.0
2024-05-09,4150,4260,4100,4250,2510,0.03658536585365857
2024-05-10,4260,4260,4255,4255,3503,0.0011764705882353343
2024-05-13,4260,4260,4260,4260,11,0.001175088131609936
2024-05-14,4290,4290,4290,4290,12,0.007042253521126751
2024-05-16,4290,4290,4290,4290,1027,0.0
2024-05-17,4500,4500,4500,4500,690,0.04895104895104896
2024-05-20,4485,4485,4485,4485,20,-0.0033333333333332993
2024-05-21,4480,4480,4480,4480,0,-0.0011148272017836858
2024-05-22,4200,4200,4200,4200,1,-0.0625
2024-05-23,4200,4450,4200,4450,4786,0.059523809523809534
2024-05-24,4300,4390,4215,4380,204,-0.01573033707865168
2024-05-27,4400,4400,4250,4250,1359,-0.029680365296803624
2024-05-28,4250,4495,4250,4495,2002,0.057647058823529385
2024-05-29,4500,4700,4350,4700,769,0.04560622914349266
2024-05-30,4400,4700,4210,4210,1090,-0.10425531914893615
2024-05-31,4495,4495,4250,4255,1648,0.010688836104512989
2024-06-03,4495,4495,4270,4475,132,0.051703877790834296
2024-06-04,4450,4485,4400,4470,590,-0.0011173184357542443
2024-06-05,4480,4480,4200,4200,1196,-0.06040268456375841
2024-06-07,4480,4480,4250,4400,235,0.04761904761904767
2024-06-10,4445,4490,4100,4345,4177,-0.012499999999999956
2024-06-11,4305,4305,4205,4305,2480,-0.009205983889528202
2024-06-12,4200,4875,4150,4845,2448,0.1254355400696865
2024-06-13,4875,5000,4860,5000,5257,0.031991744066047545
2024-06-14,4910,5000,4700,4960,3458,-0.008000000000000007
2024-06-17,4960,5100,4950,5100,2277,0.02822580645161299
2024-06-18,5200,5380,5090,5090,359,-0.0019607843137254832
2024-06-19,5300,5380,5200,5350,5033,0.05108055009823187
2024-06-20,5380,5750,5200,5540,6236,0.03551401869158877
2024-06-21,5600,5650,5600,5650,436,0.019855595667870096
2024-06-24,5690,5700,5400,5550,1099,-0.017699115044247815
2024-06-25,5500,5590,5200,5590,3208,0.007207207207207134
2024-06-26,5230,5740,5230,5710,3821,0.02146690518783534
2024-06-27,5500,5690,5500,5660,211,-0.008756567425569184
2024-06-28,5740,5740,5300,5700,2334,0.007067137809187329
2024-07-01,5510,5690,5500,5510,634,-0.033333333333333326
2024-07-02,5400,5650,5400,5620,13,0.019963702359346636
2024-07-03,5640,5640,5500,5620,1526,0.0
2024-07-04,5620,5670,5400,5400,156,-0.039145907473309594
2024-07-05,5620,5620,5550,5620,787,0.040740740740740744
2024-07-08,5400,5650,5400,5590,619,-0.005338078291814985
2024-07-09,5270,5560,5270,5560,739,-0.00536672629695889
2024-07-10,5200,5570,5200,5550,226,-0.0017985611510791255
2024-07-11,5550,5570,5400,5540,1732,-0.0018018018018017834
2024-07-12,5590,5590,5400,5500,359,-0.0072202166064981865
2024-07-15,5300,5490,4680,4900,12183,-0.10909090909090913
2024-07-16,4900,4900,4165,4215,39990,-0.13979591836734695
2024-07-17,4500,4750,3895,4665,45165,0.10676156583629903
2024-07-18,4400,4700,4100,4400,25803,-0.05680600214362275
2024-07-19,4400,4690,4400,4525,15784,0.02840909090909083
2024-07-22,4640,5000,4600,4895,4482,0.08176795580110507
2024-07-23,4895,5000,4700,5000,4274,0.021450459652706755
2024-07-24,4995,5000,4800,4990,393,-0.0020000000000000018
2024-07-25,5000,5000,5000,5000,424,0.002004008016031955
2024-07-26,5000,5000,4800,5000,1042,0.0
2024-07-29,5000,5000,4800,5000,602,0.0
2024-07-30,4800,4995,4800,4995,453,-0.0010000000000000009
2024-07-31,4995,4995,4800,4995,986,0.0
2024-08-01,4800,4995,4800,4995,501,0.0
2024-08-02,4800,4995,4800,4995,1120,0.0
2024-08-05,4800,4995,4510,4995,5150,0.0
2024-08-06,5000,5180,4800,5000,1432,0.0010010010010010895
2024-08-07,4900,5000,4850,4995,3322,-0.0010000000000000009
2024-08-08,4990,4995,4825,4980,1842,-0.0030030030030030463
2024-08-09,4990,4990,4990,4990,231,0.002008032128514081
2024-08-12,4990,4990,4980,4980,46,-0.002004008016032066
2024-08-13,4980,4990,4925,4990,1047,0.002008032128514081
2024-08-14,4850,4975,4800,4895,1651,-0.019038076152304573
2024-08-16,4970,4970,4700,4870,2722,-0.005107252298263587
2024-08-19,4710,4835,4650,4835,2633,-0.007186858316221789
2024-08-20,4800,4900,4605,4900,3551,0.013443640124095158
2024-08-21,4800,4900,4610,4900,2750,0.0
2024-08-22,4845,4845,4620,4840,2888,-0.01224489795918371
2024-08-23,4835,4835,4790,4830,1069,-0.0020661157024793875
2024-08-26,4830,4830,4660,4825,251,-0.0010351966873706209
2024-08-27,4745,4745,4600,4745,2055,-0.016580310880829008
2024-08-28,4785,4785,4700,4785,1568,0.008429926238145313
2024-08-29,4630,4900,4630,4900,12930,0.024033437826541215
2024-08-30,4800,4900,4785,4900,348,0.0
2024-09-02,4705,5000,4700,5000,2379,0.020408163265306145
2024-09-03,4995,4995,4775,4995,659,-0.0010000000000000009
2024-09-04,4995,4995,4730,4995,5711,0.0
2024-09-05,4990,4990,4755,4990,5704,-0.0010010010010009784
2024-09-06,4985,4985,4985,4985,2377,-0.0010020040080159776
2024-09-09,4990,5000,4705,4980,18730,-0.0010030090270812808
2024-09-10,4965,4965,4965,4965,800,-0.003012048192771122
2024-09-11,4805,4950,4760,4890,4886,-0.015105740181268867
2024-09-12,4895,4900,4895,4900,2288,0.002044989775051187
2024-09-13,4950,4950,4940,4950,1925,0.010204081632652962
2024-09-19,4950,5000,4950,5000,2743,0.010101010101010166
2024-09-20,5090,5420,5090,5420,5206,0.08400000000000007
2024-09-23,5590,5880,5500,5840,10085,0.07749077490774914
2024-09-24,5940,5980,5750,5890,1288,0.008561643835616417
2024-09-25,5920,5920,5600,5900,2560,0.001697792869269854
2024-09-26,5990,6090,5900,6090,30585,0.03220338983050852
2024-09-27,5180,5680,5180,5180,15574,-0.14942528735632188
2024-09-30,4610,5400,4410,4740,20061,-0.084942084942085
2024-10-02,5290,5290,4755,4935,3081,0.04113924050632911
2024-10-04,4800,5400,4800,5330,5788,0.0800405268490374
2024-10-07,5010,5300,5000,5130,2217,-0.03752345215759845
2024-10-08,5000,5100,5000,5080,2912,-0.00974658869395717
2024-10-10,5080,5290,5000,5190,3395,0.021653543307086576
2024-10-11,5380,5380,5020,5270,167,0.015414258188824581
2024-10-14,5400,5400,5020,5200,1346,-0.013282732447817858
2024-10-15,5350,5350,4910,5030,5980,-0.03269230769230769
2024-10-16,5010,5010,4900,4995,743,-0.006958250497017926
2024-10-17,5000,5020,4815,4990,6613,-0.0010010010010009784
2024-10-18,5090,5090,4800,4990,99,0.0
2024-10-21,5080,5080,4620,4750,4410,-0.04809619238476959
2024-10-22,4880,4880,4615,4680,3069,-0.01473684210526316
2024-10-23,4895,4895,4635,4670,995,-0.002136752136752129
2024-10-24,4900,4900,4505,4645,1511,-0.005353319057815886
2024-10-25,4795,4795,4605,4780,54,0.02906350914962319
2024-10-28,4780,4780,4615,4735,1720,-0.009414225941422605
2024-10-29,4670,5400,4555,5190,5116,0.0960929250263991
2024-10-30,5170,5170,4610,4785,7239,-0.0780346820809249
2024-10-31,4895,4895,4895,4895,3,0.02298850574712641
2024-11-01,4850,4850,4630,4770,1619,-0.025536261491317713
2024-11-04,4770,4890,4620,4890,322,0.02515723270440251
2024-11-05,4890,4890,4625,4880,335,-0.002044989775051076
2024-11-06,4880,4880,4880,4880,200,0.0
2024-11-07,4610,4875,4610,4795,2730,-0.01741803278688525
2024-11-08,4740,4990,4700,4900,701,0.021897810218978186
2024-11-11,4870,4870,4870,4870,5,-0.006122448979591799
2024-11-12,4650,4895,4560,4870,2734,0.0
2024-11-13,4605,4900,4600,4900,3620,0.006160164271047153
2024-11-14,4845,4900,4700,4900,1819,0.0
2024-11-15,4705,4920,4700,4895,116,-0.0010204081632653184
2024-11-18,4710,4880,4520,4820,3590,-0.01532175689479065
2024-11-19,4615,4670,4485,4485,2202,-0.06950207468879666
2024-11-20,4680,4680,4545,4545,4,0.013377926421404673
2024-11-21,4680,4680,4400,4495,1050,-0.011001100110010986
2024-11-22,4400,4470,4350,4470,576,-0.005561735261401579
2024-11-25,4550,4550,4115,4480,1140,0.0022371364653244186
2024-11-26,4680,4680,4400,4400,70127,-0.017857142857142905
2024-11-27,4350,4395,4220,4380,1002,-0.004545454545454519
