Date,Open,High,Low,Close,Volume,Change
2022-01-03,2880,2970,2850,2915,60942,0.012152777777777679
2022-01-04,2940,2940,2850,2885,44381,-0.010291595197255532
2022-01-05,2885,2905,2830,2835,50114,-0.017331022530329254
2022-01-06,2780,2895,2780,2850,49233,0.005291005291005346
2022-01-07,2895,3445,2845,3000,2850652,0.05263157894736836
2022-01-10,3055,3300,3000,3200,941239,0.06666666666666665
2022-01-11,3180,3185,3080,3085,242532,-0.035937499999999956
2022-01-12,3120,3350,3115,3250,1134461,0.05348460291734192
2022-01-13,3255,3350,3220,3235,466956,-0.004615384615384577
2022-01-14,3200,3250,2985,3125,320875,-0.03400309119010814
2022-01-17,3080,3265,3025,3125,159959,0.0
2022-01-18,3220,3245,3100,3100,111976,-0.008000000000000007
2022-01-19,3050,3195,3050,3080,74969,-0.006451612903225823
2022-01-20,3060,3145,3050,3120,70752,0.01298701298701288
2022-01-21,3105,3340,3080,3120,355091,0.0
2022-01-24,3085,3155,3010,3040,115967,-0.02564102564102566
2022-01-25,2955,3070,2895,2895,119503,-0.047697368421052655
2022-01-26,2945,3000,2930,2940,46470,0.015544041450777257
2022-01-27,2945,2960,2800,2960,81480,0.006802721088435382
2022-01-28,2985,3050,2840,3020,36031,0.020270270270270174
2022-02-03,3090,3160,3030,3065,92848,0.01490066225165565
2022-02-04,3100,3200,3060,3160,101937,0.030995106035889064
2022-02-07,3260,3260,3060,3075,83463,-0.026898734177215222
2022-02-08,3120,3150,3035,3050,60572,-0.008130081300813052
2022-02-09,3090,3220,3070,3155,52472,0.03442622950819674
2022-02-10,3135,3155,3030,3045,32517,-0.03486529318541998
2022-02-11,3100,3100,2950,2955,51999,-0.029556650246305383
2022-02-14,2955,2955,2830,2830,52526,-0.04230118443316411
2022-02-15,2755,2860,2755,2800,43409,-0.010600706713780883
2022-02-16,2805,2900,2805,2900,18703,0.03571428571428581
2022-02-17,2990,3020,2880,2900,38998,0.0
2022-02-18,2945,2955,2835,2955,23547,0.018965517241379404
2022-02-21,2915,3000,2850,2960,21022,0.0016920473773265332
2022-02-22,2960,2985,2840,2865,28208,-0.03209459459459463
2022-02-23,2870,2890,2835,2835,41175,-0.010471204188481686
2022-02-24,2835,2835,2680,2755,72328,-0.02821869488536155
2022-02-25,2760,2815,2725,2800,22108,0.016333938294010864
2022-02-28,2825,2920,2760,2800,16404,0.0
2022-03-02,2800,2880,2790,2880,43015,0.02857142857142847
2022-03-03,2920,2935,2850,2900,33025,0.00694444444444442
2022-03-04,2905,2905,2850,2870,22711,-0.010344827586206917
2022-03-07,2890,2895,2790,2795,32857,-0.026132404181184676
2022-03-08,2750,2765,2715,2735,17170,-0.02146690518783545
2022-03-10,2870,2870,2715,2740,25208,0.001828153564899404
2022-03-11,2745,2830,2735,2765,10431,0.009124087591240837
2022-03-14,2765,2775,2690,2700,32636,-0.023508137432188048
2022-03-15,2725,2770,2680,2770,16371,0.025925925925925908
2022-03-16,2840,2840,2750,2765,10536,-0.0018050541516245744
2022-03-17,2930,2930,2780,2800,21613,0.012658227848101333
2022-03-18,2870,2870,2780,2810,15248,0.0035714285714285587
2022-03-21,2855,2855,2795,2830,14335,0.007117437722419906
2022-03-22,2830,2840,2790,2840,19265,0.0035335689045936647
2022-03-23,2850,2875,2825,2845,18331,0.0017605633802817433
2022-03-24,2930,2930,2810,2885,17828,0.014059753954305698
2022-03-25,2895,3145,2835,3055,324519,0.05892547660311953
2022-03-28,3100,3295,3060,3180,470235,0.04091653027823239
2022-03-29,3300,3300,3100,3160,110909,-0.0062893081761006275
2022-03-30,3200,3200,3010,3055,112711,-0.03322784810126578
2022-03-31,3090,3090,3020,3050,39774,-0.0016366612111292644
2022-04-01,3050,3050,2960,2985,75002,-0.021311475409836023
2022-04-04,3075,3130,3040,3130,104582,0.048576214405360085
2022-04-05,3200,3200,3080,3100,345583,-0.009584664536741228
2022-04-06,3100,3120,3075,3115,52625,0.004838709677419395
2022-04-07,3120,3200,3080,3095,77563,-0.006420545746388395
2022-04-08,3095,3135,3035,3050,58691,-0.014539579967689842
2022-04-11,3050,3110,3015,3070,59858,0.006557377049180246
2022-04-12,3080,3080,2980,3075,85193,0.0016286644951140072
2022-04-13,3070,3120,3015,3120,66406,0.014634146341463428
2022-04-14,3120,3170,3070,3160,150330,0.012820512820512775
2022-04-15,3160,3180,3125,3180,72318,0.006329113924050667
2022-04-18,3270,3320,3085,3115,220576,-0.020440251572327095
2022-04-19,3135,3140,3075,3140,38629,0.008025682182985605
2022-04-20,3140,3195,3095,3185,75973,0.014331210191082855
2022-04-21,3190,3190,3090,3150,75187,-0.01098901098901095
2022-04-22,3150,3155,3065,3065,66963,-0.026984126984127
2022-04-25,3030,3065,2995,3005,48489,-0.019575856443719397
2022-04-26,3005,3085,3005,3070,31047,0.021630615640598982
2022-04-27,3070,3100,3005,3050,34516,-0.006514657980456029
2022-04-28,3115,3145,3055,3055,52351,0.0016393442622950616
2022-04-29,3055,3160,3055,3085,42666,0.009819967266775809
2022-05-02,3085,3120,3070,3090,59921,0.0016207455429497752
2022-05-03,3090,3200,3060,3070,82116,-0.006472491909385147
2022-05-04,3070,3095,3010,3015,46013,-0.01791530944625408
2022-05-06,3015,3015,2860,2870,151519,-0.04809286898839138
2022-05-09,2860,2860,2705,2750,125964,-0.04181184668989546
2022-05-10,2725,2795,2600,2745,73348,-0.0018181818181818299
2022-05-11,2735,2890,2735,2790,73857,0.016393442622950838
2022-05-12,2855,2855,2650,2670,52120,-0.043010752688172005
2022-05-13,2655,2800,2650,2780,47269,0.04119850187265928
2022-05-16,2780,2950,2745,2930,123541,0.05395683453237421
2022-05-17,2925,2990,2870,2970,61752,0.013651877133105783
2022-05-18,2970,3000,2930,2960,26360,-0.0033670033670033517
2022-05-19,2930,2930,2860,2890,30070,-0.023648648648648685
2022-05-20,2900,2940,2870,2900,54375,0.0034602076124568004
2022-05-23,2900,2950,2855,2865,30922,-0.012068965517241348
2022-05-24,2920,2920,2800,2815,24293,-0.017452006980802848
2022-05-25,2815,2835,2785,2810,18482,-0.001776198934280604
2022-05-26,2805,2840,2735,2755,37161,-0.019572953736654797
2022-05-27,2760,2805,2745,2800,15610,0.016333938294010864
2022-05-30,2800,2830,2755,2830,12236,0.010714285714285676
2022-05-31,2830,2880,2740,2765,72001,-0.02296819787985871
2022-06-02,2820,2820,2740,2795,40267,0.010849909584086825
2022-06-03,2795,3010,2785,2920,183733,0.04472271914132375
2022-06-07,2920,2940,2865,2940,41551,0.006849315068493178
2022-06-08,2910,3050,2900,2930,74310,-0.003401360544217691
2022-06-09,2930,2960,2855,2895,28090,-0.011945392491467532
2022-06-10,2895,2895,2810,2840,58632,-0.01899827288428324
2022-06-13,2825,2825,2655,2670,86999,-0.059859154929577496
2022-06-14,2660,2660,2515,2650,54948,-0.0074906367041198685
2022-06-15,2650,2650,2515,2535,38202,-0.04339622641509433
2022-06-16,2535,2700,2535,2625,45229,0.035502958579881616
2022-06-17,2620,2620,2490,2565,34719,-0.02285714285714291
2022-06-20,2565,2595,2405,2595,37590,0.011695906432748648
2022-06-21,2570,2690,2425,2500,39371,-0.036608863198458574
2022-06-22,2500,2530,2270,2510,67504,0.0040000000000000036
2022-06-23,2495,2495,2270,2280,51917,-0.0916334661354582
2022-06-24,2200,2450,2200,2370,34524,0.03947368421052633
2022-06-27,2380,2530,2365,2425,17715,0.02320675105485237
2022-06-28,2500,2500,2360,2475,17510,0.020618556701030855
2022-06-29,2375,2445,2370,2435,1515720,-0.016161616161616155
2022-06-30,2550,2605,2430,2535,86759,0.04106776180698146
2022-07-01,2450,2540,2375,2485,82784,-0.01972386587771202
2022-07-04,2435,2440,2300,2440,56939,-0.01810865191146882
2022-07-05,2415,2555,2350,2480,49917,0.016393442622950838
2022-07-06,2545,2545,2405,2445,18669,-0.014112903225806495
2022-07-07,2445,2510,2420,2445,11045,0.0
2022-07-08,2475,2495,2455,2490,17161,0.018404907975460016
2022-07-11,2490,2490,2425,2460,9713,-0.012048192771084376
2022-07-12,2490,2500,2335,2370,51668,-0.03658536585365857
2022-07-13,2375,2470,2365,2385,24661,0.006329113924050667
2022-07-14,2510,2510,2395,2405,8275,0.008385744234800763
2022-07-15,2360,2470,2350,2405,20700,0.0
2022-07-18,2410,2515,2410,2510,20758,0.043659043659043606
2022-07-19,2505,2520,2420,2470,28713,-0.015936254980079667
2022-07-20,2480,2530,2445,2455,33444,-0.006072874493927127
2022-07-21,2515,2530,2455,2480,39947,0.010183299389002087
2022-07-22,2475,2520,2445,2460,12717,-0.008064516129032251
2022-07-25,2455,2465,2385,2465,20783,0.00203252032520318
2022-07-26,2465,2465,2410,2425,5431,-0.016227180527383367
2022-07-27,2450,2450,2420,2445,16491,0.008247422680412342
2022-07-28,2445,2485,2440,2455,16044,0.004089979550102152
2022-07-29,2465,2495,2460,2475,20071,0.008146639511201537
2022-08-01,2480,2550,2480,2500,33930,0.010101010101010166
2022-08-02,2500,2560,2460,2485,34117,-0.006000000000000005
2022-08-03,2440,2500,2440,2490,14181,0.002012072434607548
2022-08-04,2490,2510,2480,2485,23584,-0.002008032128514081
2022-08-05,2530,2530,2485,2515,12864,0.012072434607645954
2022-08-08,2535,2775,2515,2595,444914,0.031809145129224614
2022-08-09,2600,2705,2585,2620,136639,0.009633911368015502
2022-08-10,2620,2690,2565,2580,43616,-0.01526717557251911
2022-08-11,2580,2605,2475,2485,126727,-0.036821705426356544
2022-08-12,2485,2590,2415,2555,334368,0.028169014084507005
2022-08-16,2560,2650,2510,2540,239131,-0.005870841487279899
2022-08-17,2525,2525,2470,2480,66965,-0.023622047244094446
2022-08-18,2430,2445,2360,2400,95885,-0.032258064516129004
2022-08-19,2400,2425,2380,2380,39978,-0.008333333333333304
2022-08-22,2355,2360,2295,2325,48122,-0.02310924369747902
2022-08-23,2330,2385,2285,2360,57319,0.01505376344086029
2022-08-24,2365,2365,2310,2320,32633,-0.016949152542372836
2022-08-25,2320,2375,2320,2335,25218,0.006465517241379226
2022-08-26,2365,2390,2335,2335,16387,0.0
2022-08-29,2380,2380,2220,2225,63085,-0.047109207708779466
2022-08-30,2210,2300,2200,2300,25307,0.03370786516853941
2022-08-31,2300,2315,2250,2285,21774,-0.006521739130434745
2022-09-01,2285,2330,2210,2245,38919,-0.017505470459518557
2022-09-02,2230,2265,2190,2220,54163,-0.011135857461024523
2022-09-05,2205,2215,2155,2215,33168,-0.0022522522522522292
2022-09-06,2195,2340,2135,2295,144718,0.03611738148984189
2022-09-07,2310,2360,2255,2310,124953,0.006535947712418277
2022-09-08,2310,2310,2255,2300,42815,-0.0043290043290042934
2022-09-13,2315,2325,2285,2300,109015,0.0
2022-09-14,2265,2400,2220,2370,135060,0.0304347826086957
2022-09-15,2370,2515,2340,2435,320789,0.02742616033755274
2022-09-16,2410,2435,2320,2340,68867,-0.03901437371663241
2022-09-19,2320,2330,2240,2275,35743,-0.02777777777777779
2022-09-20,2250,2320,2250,2260,26388,-0.00659340659340657
2022-09-21,2260,2295,2190,2195,35766,-0.028761061946902644
2022-09-22,2175,2230,2075,2230,61180,0.015945330296127658
2022-09-23,2215,2215,2115,2200,42279,-0.013452914798206317
2022-09-26,2120,2145,2000,2110,95048,-0.040909090909090895
2022-09-27,2025,2075,1985,2010,102931,-0.04739336492891
2022-09-28,1925,2020,1845,1915,113468,-0.04726368159203975
2022-09-29,1915,1950,1850,1850,77020,-0.03394255874673624
2022-09-30,1850,1850,1790,1840,55829,-0.00540540540540535
2022-10-04,1890,1950,1860,1935,27796,0.05163043478260865
2022-10-05,2045,2045,1910,1935,18602,0.0
2022-10-06,1955,2000,1940,1955,11370,0.010335917312661591
2022-10-07,1955,2000,1840,1860,115221,-0.04859335038363166
2022-10-11,1850,1850,1725,1735,85228,-0.06720430107526887
2022-10-12,1695,1770,1685,1740,59594,0.0028818443804035088
2022-10-13,1740,1755,1645,1650,61954,-0.051724137931034475
2022-10-14,1670,1735,1670,1720,39782,0.042424242424242475
2022-10-17,1720,1800,1705,1795,59068,0.043604651162790775
2022-10-18,1800,1865,1770,1795,36493,0.0
2022-10-19,1795,1830,1790,1825,21862,0.01671309192200554
2022-10-20,1810,1895,1740,1780,30312,-0.024657534246575352
2022-10-21,1780,1830,1760,1800,33811,0.011235955056179803
2022-10-24,1810,1910,1810,1845,24643,0.02499999999999991
2022-10-25,1860,1885,1800,1845,14909,0.0
2022-10-26,1830,1840,1770,1840,19120,-0.0027100271002710175
2022-10-27,1855,1875,1770,1875,19008,0.01902173913043481
2022-10-28,1875,2050,1800,1815,695489,-0.03200000000000003
2022-10-31,1870,1870,1785,1830,40242,0.008264462809917328
2022-11-01,1830,1845,1800,1810,69090,-0.010928961748633892
2022-11-02,1810,1895,1765,1830,207064,0.011049723756906049
2022-11-03,1840,2155,1795,1890,3953481,0.032786885245901676
2022-11-04,1890,1915,1835,1860,163474,-0.015873015873015928
2022-11-07,1860,1870,1815,1845,162376,-0.008064516129032251
2022-11-08,1845,1905,1835,1880,230757,0.01897018970189701
2022-11-09,1885,1910,1875,1885,88570,0.0026595744680850686
2022-11-10,1880,1905,1865,1875,96215,-0.0053050397877983935
2022-11-11,1905,1910,1875,1890,109857,0.008000000000000007
2022-11-14,1905,1960,1900,1945,160445,0.02910052910052907
2022-11-15,1945,1955,1930,1950,65787,0.0025706940874035134
2022-11-16,1975,1975,1935,1950,61716,0.0
2022-11-17,1950,1960,1900,1945,62736,-0.002564102564102555
2022-11-18,1945,2000,1945,1990,88991,0.023136246786632286
2022-11-21,1990,1995,1925,1990,58504,0.0
2022-11-22,1980,1995,1935,1995,133886,0.002512562814070307
2022-11-23,2010,2020,1960,2000,76177,0.0025062656641603454
2022-11-24,2015,2025,1990,2020,68563,0.010000000000000009
2022-11-25,2030,2050,1965,2045,191446,0.012376237623762387
2022-11-28,2045,2070,2015,2015,61887,-0.014669926650366705
2022-11-29,2015,2075,1975,2050,37103,0.017369727047146455
2022-11-30,2105,2110,2060,2090,57140,0.019512195121951237
2022-12-01,2090,2135,2060,2060,75321,-0.014354066985645897
2022-12-02,2060,2090,2060,2090,30841,0.014563106796116498
2022-12-05,2090,2100,2050,2065,44233,-0.011961722488038284
2022-12-06,2065,2065,1995,1995,47343,-0.03389830508474578
2022-12-07,1990,2030,1975,2020,96163,0.012531328320801949
2022-12-08,2020,2045,1995,1995,59267,-0.012376237623762387
2022-12-09,2000,2050,2000,2010,28567,0.007518796992481258
2022-12-12,2040,2120,2020,2120,36329,0.054726368159204064
2022-12-13,2120,2120,2045,2055,43714,-0.030660377358490587
2022-12-14,2055,2055,2000,2020,46684,-0.01703163017031628
2022-12-15,2050,2065,2000,2015,25025,-0.0024752475247524774
2022-12-16,1995,1995,1960,1975,18980,-0.01985111662531014
2022-12-19,1955,2005,1955,1975,21330,0.0
2022-12-20,2035,2065,1960,1985,67113,0.005063291139240533
2022-12-21,1990,2040,1985,2005,25721,0.010075566750629816
2022-12-22,2010,2045,1990,2020,32856,0.007481296758104827
2022-12-23,2015,2015,1930,1940,42208,-0.03960396039603964
2022-12-26,1910,1950,1910,1930,39857,-0.005154639175257714
2022-12-27,1930,1975,1930,1965,26067,0.0181347150259068
2022-12-28,1985,2005,1945,1965,23417,0.0
2022-12-29,1940,1940,1900,1915,22195,-0.025445292620865145
2023-01-02,1910,1960,1900,1900,31950,-0.007832898172323799
2023-01-03,1900,1925,1855,1910,33527,0.0052631578947368585
2023-01-04,1940,1970,1860,1950,23502,0.020942408376963373
2023-01-05,1990,2000,1940,1940,8256,-0.00512820512820511
2023-01-06,1940,2045,1920,2005,95963,0.03350515463917536
2023-01-09,2010,2010,1980,1985,24688,-0.009975062344139696
2023-01-10,1990,2000,1975,2000,14313,0.007556675062972307
2023-01-11,2000,2095,1995,2080,134491,0.040000000000000036
2023-01-12,2080,2085,2005,2040,63357,-0.019230769230769273
2023-01-13,2045,2055,1995,2025,24409,-0.007352941176470562
2023-01-16,2025,2065,1990,2065,80670,0.01975308641975304
2023-01-17,2065,2080,2030,2045,27932,-0.009685230024213065
2023-01-18,2045,2130,2015,2120,114265,0.03667481662591676
2023-01-19,2115,2205,2035,2055,437276,-0.030660377358490587
2023-01-20,2050,2250,2040,2230,740948,0.08515815085158152
2023-01-25,2280,2355,2175,2230,851937,0.0
2023-01-26,2225,2260,2130,2195,226388,-0.015695067264574036
2023-01-27,2195,2385,2160,2375,1364060,0.08200455580865595
2023-01-30,2300,2335,2240,2300,576635,-0.03157894736842104
2023-01-31,2255,2260,2190,2200,332017,-0.04347826086956519
2023-02-01,2200,2245,2165,2185,335758,-0.006818181818181834
2023-02-02,2185,2225,2175,2195,117840,0.004576659038901587
2023-02-03,2195,2210,2110,2150,215651,-0.02050113895216399
2023-02-06,2155,2170,2070,2085,151145,-0.03023255813953485
2023-02-07,2105,2215,2085,2215,288107,0.062350119904076795
2023-02-08,2230,2400,2195,2340,1999578,0.05643340857787815
2023-02-09,2555,2575,2340,2360,3731915,0.008547008547008517
2023-02-10,2325,2415,2245,2265,648569,-0.0402542372881356
2023-02-13,2265,2335,2195,2270,433609,0.002207505518763808
2023-02-14,2360,2660,2345,2600,8068096,0.14537444933920707
2023-02-15,2540,2560,2330,2360,1808454,-0.09230769230769231
2023-02-16,2365,2480,2310,2395,891410,0.014830508474576343
2023-02-17,2350,2480,2325,2335,375399,-0.025052192066805867
2023-02-20,2360,2370,2260,2270,492126,-0.027837259100642386
2023-02-21,2310,2450,2300,2375,802146,0.04625550660792954
2023-02-22,2340,2430,2335,2355,308572,-0.008421052631578996
2023-02-23,2395,2440,2330,2425,416524,0.02972399150743099
2023-02-24,2510,2600,2270,2325,1987631,-0.04123711340206182
2023-02-27,2305,2445,2280,2425,497857,0.043010752688172005
2023-02-28,2490,2495,2400,2430,572176,0.0020618556701030855
2023-03-02,2415,2460,2310,2350,423364,-0.03292181069958844
2023-03-03,2360,2580,2330,2450,1286527,0.042553191489361764
2023-03-06,2460,2660,2425,2615,1408034,0.06734693877551012
2023-03-07,2740,2865,2615,2695,3294592,0.030592734225621365
2023-03-08,2625,2720,2505,2650,454193,-0.016697588126159513
2023-03-09,2650,2665,2530,2550,482346,-0.037735849056603765
2023-03-10,2500,2520,2460,2460,253428,-0.03529411764705881
2023-03-13,2385,2585,2280,2390,535325,-0.028455284552845517
2023-03-14,2390,2390,2210,2210,383366,-0.07531380753138073
2023-03-15,2245,2330,2230,2240,227853,0.013574660633484115
2023-03-16,2240,2270,2135,2255,206117,0.006696428571428603
2023-03-17,2275,2425,2265,2350,486755,0.04212860310421296
2023-03-20,2350,2470,2325,2420,245593,0.029787234042553123
2023-03-21,2420,2475,2330,2385,199033,-0.01446280991735538
2023-03-22,2385,2425,2350,2390,100857,0.002096436058700135
2023-03-23,2360,2420,2305,2385,176980,-0.0020920502092049986
2023-03-24,2385,2445,2350,2415,154005,0.012578616352201255
2023-03-27,2415,2475,2365,2380,241578,-0.01449275362318836
2023-03-28,2375,2430,2365,2395,147157,0.006302521008403339
2023-03-29,2380,2420,2335,2420,160839,0.010438413361169019
2023-03-30,2415,2420,2325,2355,233932,-0.02685950413223137
2023-03-31,2340,2340,2280,2280,231851,-0.031847133757961776
2023-04-03,2280,2300,2225,2300,165673,0.00877192982456143
2023-04-04,2300,2345,2255,2315,105511,0.006521739130434856
2023-04-05,2315,2340,2250,2330,142923,0.00647948164146861
2023-04-06,2330,2330,2200,2200,246128,-0.05579399141630903
2023-04-07,2220,2235,2170,2190,91915,-0.004545454545454519
2023-04-10,2190,2190,2115,2140,147529,-0.022831050228310557
2023-04-11,2130,2170,2085,2160,102613,0.009345794392523255
2023-04-12,2160,2260,2140,2250,246588,0.04166666666666674
2023-04-13,2230,2265,2175,2245,103862,-0.0022222222222222365
2023-04-14,2245,2260,2220,2255,131733,0.00445434298440972
2023-04-17,2245,2265,2205,2235,109079,-0.008869179600886956
2023-04-18,2235,2295,2190,2265,197486,0.01342281879194629
2023-04-19,2230,2255,2205,2220,134659,-0.019867549668874163
2023-04-20,2220,2230,2125,2130,125864,-0.04054054054054057
2023-04-21,2130,2140,2045,2045,176559,-0.039906103286385
2023-04-24,2045,2060,1995,2000,171598,-0.022004889975550168
2023-04-25,1992,2020,1947,1969,136375,-0.015499999999999958
2023-04-26,1969,1999,1952,1955,75045,-0.007110208227526615
2023-04-27,1979,1979,1929,1955,56841,0.0
2023-04-28,1975,1994,1941,1943,88593,-0.006138107416879812
2023-05-02,1944,1995,1943,1991,52820,0.024704065877509063
2023-05-03,1991,2015,1974,2010,61160,0.00954294324460081
2023-05-04,1989,2080,1984,2035,73228,0.01243781094527363
2023-05-08,2060,2085,2025,2025,39317,-0.004914004914004955
2023-05-09,2045,2045,1992,2005,79517,-0.00987654320987652
2023-05-10,2020,2025,1993,2010,72885,0.0024937655860348684
2023-05-11,2030,2050,2005,2010,55442,0.0
2023-05-12,2010,2015,1985,1997,73183,-0.006467661691542337
2023-05-15,1997,1999,1965,1993,57361,-0.0020030045067601643
2023-05-16,1993,2125,1993,2090,201784,0.048670346211741045
2023-05-17,2105,2185,2040,2155,222021,0.031100478468899517
2023-05-18,2160,2180,2140,2145,65127,-0.004640371229698403
2023-05-19,2145,2145,2085,2105,110316,-0.018648018648018683
2023-05-22,2125,2245,2110,2160,169661,0.026128266033254244
2023-05-23,2160,2235,2150,2180,129127,0.0092592592592593
2023-05-24,2155,2195,2140,2175,106428,-0.002293577981651418
2023-05-25,2145,2225,2145,2170,77776,-0.0022988505747126853
2023-05-26,2160,2230,2160,2190,88049,0.009216589861751112
2023-05-30,2190,2235,2175,2195,71598,0.0022831050228311334
2023-05-31,2195,2225,2160,2205,65561,0.004555808656036442
2023-06-01,2205,2240,2200,2230,43990,0.01133786848072571
2023-06-02,2215,2235,2200,2225,36113,-0.0022421524663677195
2023-06-05,2225,2225,2190,2215,66192,-0.004494382022471877
2023-06-07,2215,2285,2200,2245,74603,0.013544018058690765
2023-06-08,2245,2245,2215,2245,40375,0.0
2023-06-09,2210,2255,2210,2245,48958,0.0
2023-06-12,2245,2255,2235,2245,49919,0.0
2023-06-13,2245,2260,2215,2220,48584,-0.011135857461024523
2023-06-14,2220,2230,2155,2160,70561,-0.027027027027026973
2023-06-15,2160,2225,2160,2220,59681,0.02777777777777768
2023-06-16,2205,2265,2205,2260,74319,0.018018018018018056
2023-06-19,2285,2285,2220,2265,62276,0.0022123893805310324
2023-06-20,2235,2245,2200,2205,90580,-0.026490066225165587
2023-06-21,2205,2220,2165,2180,69002,-0.0113378684807256
2023-06-22,2155,2485,2140,2380,1543597,0.09174311926605494
2023-06-23,2335,2370,2270,2330,207355,-0.021008403361344574
2023-06-26,2330,2370,2290,2340,132797,0.0042918454935623185
2023-06-27,2315,2410,2300,2400,275476,0.02564102564102555
2023-06-28,2380,2480,2345,2420,241061,0.008333333333333304
2023-06-29,2420,2490,2330,2380,202413,-0.016528925619834656
2023-06-30,2355,2370,2305,2320,114008,-0.025210084033613467
2023-07-03,2340,2420,2340,2400,114335,0.034482758620689724
2023-07-04,2405,2450,2385,2420,96697,0.008333333333333304
2023-07-05,2420,3145,2410,3145,32265043,0.2995867768595042
2023-07-06,3080,3260,2780,2850,10836837,-0.09379968203497613
2023-07-07,2825,2850,2645,2710,3363291,-0.0491228070175439
2023-07-10,2780,2800,2610,2615,3150723,-0.035055350553505504
2023-07-11,2620,2690,2605,2650,1141148,0.013384321223709472
2023-07-12,2650,2690,2560,2625,1053098,-0.009433962264150941
2023-07-13,2630,2725,2615,2670,1280058,0.017142857142857126
2023-07-14,2665,2685,2550,2610,699487,-0.022471910112359605
2023-07-17,2610,2635,2525,2610,538493,0.0
2023-07-18,2595,2695,2560,2600,954780,-0.003831417624521105
2023-07-19,2610,2690,2555,2555,674635,-0.017307692307692357
2023-07-20,2580,2580,2445,2535,679995,-0.007827788649706457
2023-07-21,2495,2570,2485,2510,239287,-0.009861932938856066
2023-07-24,2550,2610,2440,2510,563732,0.0
2023-07-25,2510,2540,2460,2530,308815,0.007968127490039834
2023-07-26,2530,2540,2260,2320,940651,-0.08300395256916993
2023-07-27,2320,2410,2310,2345,328696,0.010775862068965525
2023-07-28,2325,2435,2320,2415,223261,0.029850746268656803
2023-07-31,2435,2480,2355,2475,220069,0.024844720496894457
2023-08-01,2475,2485,2415,2475,228769,0.0
2023-08-02,2470,2495,2405,2460,173159,-0.0060606060606061
2023-08-03,2455,2500,2360,2495,347161,0.014227642276422703
2023-08-04,2460,2540,2390,2450,699076,-0.018036072144288595
2023-08-07,2515,2665,2450,2530,1883364,0.03265306122448974
2023-08-08,2770,2770,2495,2510,3410480,-0.007905138339920903
2023-08-09,2485,2695,2465,2520,1530718,0.003984063745019917
2023-08-10,2480,2515,2400,2415,502772,-0.04166666666666663
2023-08-11,2410,2575,2410,2530,573740,0.04761904761904767
2023-08-14,2560,2660,2510,2630,1217357,0.03952569169960474
2023-08-16,2590,2640,2530,2595,670669,-0.013307984790874472
2023-08-17,2580,2580,2430,2470,495649,-0.048169556840077066
2023-08-18,2470,2470,2335,2385,470600,-0.03441295546558709
2023-08-21,2395,2865,2395,2810,11729686,0.17819706498951793
2023-08-22,2755,2760,2615,2615,1545710,-0.06939501779359436
2023-08-23,2600,2720,2580,2665,1043085,0.019120458891013437
2023-08-24,2650,2740,2615,2685,901866,0.007504690431519689
2023-08-25,2670,2730,2585,2660,698146,-0.009310986964618295
2023-08-28,2685,2830,2660,2820,1868937,0.06015037593984962
2023-08-29,3000,3050,2660,2680,4474167,-0.049645390070921946
2023-08-30,2710,2735,2630,2645,1206843,-0.013059701492537323
2023-08-31,2620,2740,2575,2575,1134443,-0.026465028355387554
2023-09-01,2600,2690,2590,2620,604463,0.01747572815533971
2023-09-04,2630,2640,2515,2555,522071,-0.024809160305343525
2023-09-05,2570,2600,2530,2585,216206,0.011741682974559797
2023-09-06,2600,2665,2545,2625,338767,0.015473887814313247
2023-09-07,2600,2645,2560,2570,237623,-0.020952380952380945
2023-09-08,2570,2570,2475,2510,357663,-0.023346303501945553
2023-09-11,2535,2570,2490,2550,130561,0.015936254980079667
2023-09-12,2555,2555,2425,2465,342403,-0.033333333333333326
2023-09-13,2450,2465,2395,2430,301003,-0.014198782961460488
2023-09-14,2415,2570,2415,2545,418743,0.0473251028806585
2023-09-15,2510,2540,2450,2455,283710,-0.035363457760314354
2023-09-18,2480,2510,2435,2455,141357,0.0
2023-09-19,2455,2500,2400,2465,164161,0.004073319755600879
2023-09-20,2465,2535,2455,2520,160270,0.022312373225152227
2023-09-21,2530,2540,2375,2400,322555,-0.04761904761904767
2023-09-22,2380,2385,2305,2305,276659,-0.039583333333333304
2023-09-25,2315,2455,2255,2300,325787,-0.002169197396963085
2023-09-26,2300,2345,2210,2210,173493,-0.03913043478260869
2023-09-27,2180,2285,2170,2255,140808,0.020361990950226172
2023-10-04,2250,2250,2105,2135,223454,-0.053215077605321515
2023-10-05,2135,2190,2105,2125,125014,-0.004683840749414525
2023-10-06,2145,2225,2125,2190,106724,0.030588235294117583
2023-10-10,2190,2265,2130,2180,124894,-0.004566210045662156
2023-10-11,2160,2225,2160,2200,102906,0.00917431192660545
2023-10-12,2240,2260,2200,2220,63698,0.009090909090909038
2023-10-13,2250,2250,2160,2160,45290,-0.027027027027026973
2023-10-16,2130,2155,2070,2110,195504,-0.02314814814814814
2023-10-17,2100,2175,2100,2140,132870,0.014218009478673022
2023-10-18,2180,2180,2115,2135,84579,-0.002336448598130869
2023-10-19,2130,2130,2020,2040,158030,-0.04449648711943799
2023-10-20,2035,2035,1940,1976,157375,-0.03137254901960784
2023-10-23,1974,1980,1916,1926,146439,-0.0253036437246964
2023-10-24,1926,2005,1899,2005,140336,0.041017653167185975
2023-10-25,2020,2060,1992,2005,114046,0.0
2023-10-26,1998,1998,1920,1931,76228,-0.03690773067331676
2023-10-27,1931,1978,1911,1950,109967,0.009839461418953865
2023-10-30,1951,1994,1919,1992,84251,0.021538461538461506
2023-10-31,2010,2015,1940,1958,111433,-0.017068273092369468
2023-11-01,1960,2000,1952,1979,70494,0.010725229826353377
2023-11-02,1985,2090,1985,2085,69488,0.0535624052551793
2023-11-03,2090,2135,2045,2120,59054,0.01678657074340517
2023-11-06,2145,2145,2105,2130,82500,0.004716981132075526
2023-11-07,2130,2150,2095,2135,51311,0.0023474178403755097
2023-11-08,2140,2145,2090,2090,42143,-0.021077283372365363
2023-11-09,2115,2155,1968,1990,429239,-0.04784688995215314
2023-11-10,1990,1998,1965,1985,78850,-0.002512562814070307
2023-11-13,1999,1999,1961,1963,80656,-0.011083123425692731
2023-11-14,1953,2045,1953,2040,88631,0.03922567498726437
2023-11-15,2040,2150,2040,2110,242198,0.03431372549019618
2023-11-16,2135,2165,2115,2160,96183,0.023696682464454888
2023-11-17,2160,2160,2090,2135,78011,-0.01157407407407407
2023-11-20,2135,2170,2115,2155,115772,0.00936768149882905
2023-11-21,2190,2190,2135,2150,78410,-0.002320185614849146
2023-11-22,2150,2150,2120,2125,41352,-0.011627906976744207
2023-11-23,2135,2140,2100,2115,29539,-0.004705882352941226
2023-11-24,2125,2265,2115,2175,239581,0.028368794326241176
2023-11-27,2175,2200,2125,2140,70370,-0.016091954022988464
2023-11-28,2155,2170,2125,2165,58386,0.011682242990654235
2023-11-29,2155,2170,2100,2120,87720,-0.020785219399538146
2023-11-30,2120,2145,2100,2115,55346,-0.002358490566037763
2023-12-01,2110,2140,2045,2085,100195,-0.014184397163120588
2023-12-04,2060,2080,2020,2025,136546,-0.02877697841726623
2023-12-05,2025,2060,2000,2040,77726,0.007407407407407307
2023-12-06,2035,2105,2015,2055,189474,0.007352941176470562
2023-12-07,2055,2085,2040,2055,52531,0.0
2023-12-08,2055,2100,2055,2090,44147,0.017031630170316392
2023-12-11,2130,2185,2100,2150,81654,0.028708133971291794
2023-12-12,2150,2155,2110,2120,65142,-0.013953488372092981
2023-12-13,2150,2180,2080,2110,149654,-0.004716981132075526
2023-12-14,2110,2140,2060,2100,93760,-0.004739336492891044
2023-12-15,2100,2100,2060,2065,96941,-0.01666666666666672
2023-12-18,2065,2090,2060,2080,47653,0.007263922518159882
2023-12-19,2085,2085,2020,2040,172705,-0.019230769230769273
2023-12-20,2055,2070,2035,2055,59224,0.007352941176470562
2023-12-21,2055,2070,2045,2060,51278,0.0024330900243310083
2023-12-22,2060,2060,2000,2025,220128,-0.016990291262135915
2023-12-26,2020,2020,2000,2005,84172,-0.00987654320987652
2023-12-27,2005,2030,2000,2005,57143,0.0
2023-12-28,2005,2115,2005,2080,135788,0.03740648379052369
2024-01-02,2090,2135,2070,2125,126041,0.02163461538461542
2024-01-03,2115,2115,2080,2110,79181,-0.007058823529411784
2024-01-04,2090,2100,2045,2065,78038,-0.021327014218009532
2024-01-05,2065,2170,2035,2105,275921,0.01937046004842613
2024-01-08,2105,2155,2100,2125,56161,0.009501187648456089
2024-01-09,2130,2145,2110,2130,79242,0.0023529411764706687
2024-01-10,2130,2140,2095,2105,65487,-0.011737089201877882
2024-01-11,2105,2150,2105,2140,68364,0.016627078384798155
2024-01-12,2135,2145,2080,2105,84907,-0.016355140186915862
2024-01-15,2090,2135,2085,2120,55321,0.0071258907363420665
2024-01-16,2115,2315,2090,2200,1364058,0.037735849056603765
2024-01-17,2205,2240,2080,2090,546901,-0.050000000000000044
2024-01-18,2105,2125,2045,2080,162417,-0.004784688995215336
2024-01-19,2085,2140,2045,2090,137749,0.004807692307692291
2024-01-22,2110,2110,2055,2080,135005,-0.004784688995215336
2024-01-23,2095,2290,2075,2125,474679,0.02163461538461542
2024-01-24,2135,2175,2115,2150,106575,0.0117647058823529
2024-01-25,2145,2165,2100,2115,119289,-0.016279069767441867
2024-01-26,2130,2235,2120,2235,247333,0.05673758865248235
2024-01-29,2235,2235,2170,2180,249137,-0.02460850111856827
2024-01-30,2190,2265,2190,2225,268069,0.020642201834862428
2024-01-31,2235,2270,2210,2245,186641,0.008988764044943753
2024-02-01,2230,2235,2160,2200,238379,-0.020044543429844075
2024-02-02,2200,2300,2180,2250,309287,0.022727272727272707
2024-02-05,2250,2295,2225,2270,224082,0.008888888888888946
2024-02-06,2300,2325,2250,2250,329134,-0.008810572687224627
2024-02-07,2250,2265,2205,2240,133415,-0.004444444444444473
2024-02-08,2240,2280,2220,2260,106148,0.008928571428571397
2024-02-13,2250,2275,2230,2265,107066,0.0022123893805310324
2024-02-14,2250,2330,2245,2315,327357,0.02207505518763786
2024-02-15,2315,2345,2275,2285,211522,-0.01295896328293733
2024-02-16,2285,2335,2285,2310,119049,0.010940919037199182
2024-02-19,2305,2330,2275,2295,204727,-0.00649350649350644
2024-02-20,2310,2335,2270,2335,193380,0.017429193899782147
2024-02-21,2335,2375,2315,2350,270917,0.0064239828693790635
2024-02-22,2355,2380,2340,2350,195664,0.0
2024-02-23,2350,2355,2285,2315,215447,-0.014893617021276562
2024-02-26,2315,2350,2290,2325,116458,0.004319654427645814
2024-02-27,2340,2340,2250,2290,186613,-0.01505376344086018
2024-02-28,2260,2305,2225,2250,165158,-0.017467248908296984
2024-02-29,2255,2300,2230,2240,106840,-0.004444444444444473
2024-03-04,2245,2270,2205,2205,106099,-0.015625
2024-03-05,2195,2225,2185,2195,104475,-0.0045351473922902175
2024-03-06,2195,2225,2175,2205,99257,0.004555808656036442
2024-03-07,2205,2205,2145,2160,138621,-0.020408163265306145
2024-03-08,2160,2300,2150,2245,326739,0.03935185185185186
2024-03-11,2250,2280,2220,2255,86416,0.00445434298440972
2024-03-12,2255,2295,2215,2230,148352,-0.011086474501108667
2024-03-13,2225,2250,2200,2210,79357,-0.008968609865470878
2024-03-14,2205,2225,2175,2205,121498,-0.002262443438914019
2024-03-15,2190,2245,2180,2205,116487,0.0
2024-03-18,2220,2245,2210,2240,113303,0.015873015873015817
2024-03-19,2240,2245,2165,2175,222188,-0.029017857142857095
2024-03-20,2180,2285,2175,2250,221504,0.034482758620689724
2024-03-21,2275,2275,2235,2235,82427,-0.00666666666666671
2024-03-22,2235,2265,2215,2240,70373,0.0022371364653244186
2024-03-25,2240,2280,2225,2260,90912,0.008928571428571397
2024-03-26,2260,2280,2195,2210,153524,-0.02212389380530977
2024-03-27,2225,2260,2215,2250,161330,0.018099547511312153
2024-03-28,2260,2275,2235,2260,72299,0.004444444444444473
2024-03-29,2250,2260,2210,2235,97607,-0.011061946902654829
2024-04-01,2235,2285,2225,2265,150199,0.01342281879194629
2024-04-02,2285,2290,2220,2240,121895,-0.01103752759381893
2024-04-03,2240,2240,2135,2145,237229,-0.0424107142857143
2024-04-04,2145,2185,2140,2150,70002,0.002331002331002363
2024-04-05,2150,2165,2125,2140,78301,-0.0046511627906976605
2024-04-08,2140,2140,2090,2120,92157,-0.009345794392523366
2024-04-09,2120,2160,2100,2155,54394,0.01650943396226423
2024-04-11,2155,2155,2085,2100,66245,-0.025522041763341052
2024-04-12,2110,2125,2090,2100,53163,0.0
2024-04-15,2055,2080,2030,2075,188412,-0.011904761904761862
2024-04-16,2060,2065,2000,2010,144339,-0.031325301204819245
2024-04-17,2010,2055,2010,2020,41649,0.004975124378109541
2024-04-18,2020,2065,2000,2065,46602,0.022277227722772297
2024-04-19,2075,2075,1999,2035,88517,-0.014527845036319653
2024-04-22,2045,2060,2010,2035,60731,0.0
2024-04-23,2035,2070,2035,2060,30557,0.01228501228501222
2024-04-24,2075,2080,2045,2055,38890,-0.0024271844660194164
2024-04-25,2055,2060,2025,2035,46019,-0.009732360097323589
2024-04-26,2045,2045,2005,2040,97157,0.002457002457002533
2024-04-29,2030,2065,2025,2060,84484,0.009803921568627416
2024-04-30,2060,2085,2025,2060,64141,0.0
2024-05-02,2070,2090,2060,2085,36609,0.012135922330097193
2024-05-03,2085,2110,2065,2095,39830,0.004796163069544335
2024-05-07,2085,2120,2075,2105,59477,0.004773269689737569
2024-05-08,2110,2140,2090,2115,77358,0.004750593824228044
2024-05-09,2125,2130,2095,2110,29589,-0.0023640661938534313
2024-05-10,2110,2120,2080,2085,52830,-0.011848341232227444
2024-05-13,2105,2105,2060,2080,29185,-0.0023980815347721673
2024-05-14,2060,2095,2060,2090,42572,0.004807692307692291
2024-05-16,2120,2120,2020,2025,263677,-0.031100478468899517
2024-05-17,2025,2040,2010,2025,81169,0.0
2024-05-20,2015,2020,1975,1989,192905,-0.01777777777777778
2024-05-21,1996,2005,1984,2005,45675,0.008044243338360957
2024-05-22,2005,2005,1984,1997,43943,-0.003990024937655878
2024-05-23,1987,2040,1976,2025,88610,0.014021031547321039
2024-05-24,2030,2030,1997,2010,60874,-0.007407407407407418
2024-05-27,1999,2010,1980,1998,104299,-0.005970149253731294
2024-05-28,1998,1999,1987,1996,53010,-0.0010010010010009784
2024-05-29,2000,2005,1986,1986,67360,-0.00501002004008011
2024-05-30,1986,2010,1980,1996,37171,0.0050352467270895485
2024-05-31,1990,2000,1985,1986,45168,-0.00501002004008011
2024-06-03,1988,1999,1975,1999,55005,0.00654582074521648
2024-06-04,1990,1998,1981,1983,41286,-0.008004002001000488
2024-06-05,1983,2000,1978,1978,34051,-0.002521432173474558
2024-06-07,1979,1989,1971,1971,36659,-0.00353892821031343
2024-06-10,1970,1971,1956,1956,50491,-0.007610350076103556
2024-06-11,1956,1961,1926,1927,90930,-0.014826175869120606
2024-06-12,1926,1950,1926,1945,23817,0.009340944473274604
2024-06-13,1941,1963,1941,1959,31801,0.007197943444730015
2024-06-14,1953,1983,1950,1955,55902,-0.0020418580908626582
2024-06-17,1955,1973,1948,1960,74491,0.002557544757033181
2024-06-18,1960,2010,1940,1961,103770,0.0005102040816327147
2024-06-19,1977,1977,1936,1952,39395,-0.004589495155532863
2024-06-20,1950,1975,1946,1970,42830,0.009221311475409832
2024-06-21,1953,1979,1953,1974,47874,0.0020304568527917954
2024-06-24,1973,1995,1940,1940,117059,-0.01722391084093211
2024-06-25,1950,1950,1929,1941,35913,0.0005154639175257714
2024-06-26,1940,1959,1933,1941,24572,0.0
2024-06-27,1930,1950,1920,1926,31324,-0.007727975270479082
2024-06-28,1938,1940,1917,1930,29905,0.0020768431983384517
2024-07-01,1913,1940,1913,1926,14811,-0.002072538860103612
2024-07-02,1911,1949,1879,1880,141431,-0.023883696780893082
2024-07-03,1885,2020,1885,1965,282903,0.04521276595744683
2024-07-04,1986,2105,1986,2105,522043,0.07124681933842236
2024-07-05,2105,2200,2060,2200,768496,0.0451306413301662
2024-07-08,2200,2280,2190,2280,815044,0.036363636363636376
2024-07-09,2365,2910,2330,2730,12583471,0.19736842105263164
2024-07-10,2830,3500,2775,3300,12805210,0.20879120879120872
2024-07-11,3080,3430,2870,3300,3701973,0.0
2024-07-12,3290,4085,3250,3615,6237606,0.09545454545454546
2024-07-15,3670,3795,3565,3635,971640,0.0055325034578146415
2024-07-16,3665,3775,3380,3750,890246,0.031636863823933936
2024-07-17,3830,3880,3675,3850,528466,0.026666666666666616
2024-07-18,3790,4295,3750,4295,1172604,0.11558441558441568
2024-07-19,4305,4340,3965,4325,563264,0.006984866123399325
2024-07-22,4260,5300,4190,5130,1718402,0.18612716763005777
2024-07-23,5200,5520,4990,5230,1023297,0.01949317738791434
2024-07-24,5230,5500,4715,5190,989988,-0.007648183556405397
2024-07-25,5190,5190,4330,4640,1551985,-0.10597302504816952
2024-07-26,4710,4995,4500,4640,508536,0.0
2024-07-29,4600,4900,4310,4650,558093,0.0021551724137931494
2024-07-30,4765,4795,4390,4500,260693,-0.032258064516129004
2024-07-31,4445,4600,4280,4340,321176,-0.03555555555555556
2024-08-01,4340,4500,4145,4435,531592,0.02188940092165903
2024-08-02,4390,4465,4170,4250,230280,-0.04171364148816237
2024-08-05,4250,4295,3680,3990,478454,-0.06117647058823528
2024-08-06,4290,4520,3850,4000,434051,0.0025062656641603454
2024-08-07,4050,4335,4025,4160,537495,0.040000000000000036
2024-08-08,4145,4250,4045,4240,240019,0.019230769230769162
2024-08-09,4280,4545,4255,4385,377069,0.034198113207547065
2024-08-12,4515,4515,4135,4230,264761,-0.03534777651083243
2024-08-13,4190,4230,3850,4085,228683,-0.0342789598108747
2024-08-14,4085,4210,3985,4165,103331,0.019583843329253448
2024-08-16,4165,4320,3950,4020,283964,-0.03481392557022811
2024-08-19,4020,4200,3985,4100,91330,0.01990049751243772
2024-08-20,4115,4200,4085,4185,88877,0.02073170731707319
2024-08-21,4185,4250,4040,4185,86216,0.0
2024-08-22,4380,4380,4035,4060,108475,-0.029868578255675016
2024-08-23,4060,4790,3980,4500,1063970,0.10837438423645329
2024-08-26,4500,4695,4190,4235,258202,-0.05888888888888888
2024-08-27,4235,4495,4105,4190,281707,-0.010625737898465215
2024-08-28,4265,4270,4040,4095,171428,-0.022673031026252954
2024-08-29,3960,4080,3670,3950,306508,-0.035409035409035394
2024-08-30,3950,3960,2995,3240,1730170,-0.17974683544303793
2024-09-02,3300,3650,3085,3360,816509,0.03703703703703698
2024-09-03,3360,3545,3310,3510,302843,0.044642857142857206
2024-09-04,3370,3580,3350,3450,144764,-0.017094017094017144
2024-09-05,3380,3595,3380,3565,122665,0.03333333333333344
2024-09-06,3745,3745,3255,3375,203823,-0.05329593267882193
2024-09-09,3255,3450,3190,3450,81925,0.022222222222222143
2024-09-10,3550,3550,3260,3385,97211,-0.018840579710144967
2024-09-11,3450,3450,3285,3340,96505,-0.013293943870014813
2024-09-12,3310,3480,3270,3440,165215,0.029940119760478945
2024-09-13,3440,3700,3320,3700,203505,0.07558139534883712
2024-09-19,3695,3695,3475,3650,215345,-0.013513513513513487
2024-09-20,3660,3920,3605,3865,189577,0.05890410958904102
2024-09-23,3865,3910,3640,3790,200878,-0.019404915912031084
2024-09-24,3800,3880,3650,3700,100392,-0.0237467018469657
2024-09-25,3680,3795,3590,3685,147452,-0.004054054054054013
2024-09-26,3585,3720,3565,3650,117344,-0.009497964721845276
2024-09-27,3650,3710,3570,3615,140192,-0.009589041095890427
2024-09-30,3615,3750,3560,3640,100639,0.006915629322268302
2024-10-02,3640,3790,3580,3640,106173,0.0
2024-10-04,3700,3700,3365,3575,107776,-0.017857142857142905
2024-10-07,3580,3920,3540,3605,414402,0.008391608391608463
2024-10-08,3610,3750,3550,3695,137602,0.02496532593619971
2024-10-10,3665,3890,3650,3790,469799,0.025710419485791558
2024-10-11,3535,3840,3400,3785,467250,-0.0013192612137202797
2024-10-14,3785,3850,3650,3845,158025,0.01585204755614278
2024-10-15,3845,4225,3700,4120,448955,0.07152145643693109
2024-10-16,4120,4220,4015,4140,347791,0.004854368932038833
2024-10-17,4140,4350,3980,4045,275461,-0.022946859903381633
2024-10-18,3930,3970,3700,3740,276803,-0.07540173053152044
2024-10-21,3740,3805,3550,3590,250499,-0.0401069518716578
2024-10-22,3650,3685,3395,3505,256751,-0.0236768802228412
2024-10-23,3510,3525,3300,3450,221991,-0.015691868758915817
2024-10-24,3400,3520,3280,3490,350435,0.011594202898550732
2024-10-25,3455,3480,3170,3355,398748,-0.0386819484240688
2024-10-28,3410,3680,3275,3590,437187,0.07004470938897178
2024-10-29,3720,3880,3450,3875,462954,0.07938718662952637
2024-10-30,3960,4000,3605,3695,299520,-0.04645161290322586
2024-10-31,3750,3755,3560,3715,212975,0.005412719891745521
2024-11-01,3775,3910,3650,3755,688723,0.010767160161507361
2024-11-04,3815,3815,3490,3600,386128,-0.04127829560585883
2024-11-05,3585,3585,2520,2675,6409371,-0.2569444444444444
2024-11-06,2730,2750,2610,2635,783094,-0.01495327102803734
2024-11-07,2635,2745,2600,2745,291019,0.04174573055028463
2024-11-08,2770,2780,2680,2685,183329,-0.021857923497267784
2024-11-11,2725,2725,2475,2605,324856,-0.029795158286778367
2024-11-12,2600,2665,2420,2615,238299,0.0038387715930903177
2024-11-13,2615,2615,2460,2570,76553,-0.017208413001912004
2024-11-14,2590,2610,2515,2570,52054,0.0
2024-11-15,2505,2575,2455,2570,71413,0.0
2024-11-18,2545,2640,2420,2600,39722,0.011673151750972721
2024-11-19,2600,2600,2530,2600,39619,0.0
2024-11-20,2600,2600,2470,2520,63361,-0.03076923076923077
2024-11-21,2520,2520,2415,2425,110281,-0.037698412698412676
2024-11-22,2420,2500,2410,2435,66007,0.004123711340206171
2024-11-25,2375,2530,2330,2515,133763,0.03285420944558526
2024-11-26,2515,2555,2320,2470,119571,-0.017892644135188873
2024-11-27,2470,2485,2300,2440,70287,-0.012145748987854255
