Date,Open,High,Low,Close,Volume,Change
2022-01-03,54000,54600,53300,54500,67399,0.007393715341959428
2022-01-04,54200,55200,53900,55000,79441,0.00917431192660545
2022-01-05,54700,55400,53800,54000,90303,-0.018181818181818188
2022-01-06,53600,54600,53400,54000,57472,0.0
2022-01-07,53800,55100,53200,54500,86982,0.0092592592592593
2022-01-10,54000,54900,54000,54700,54815,0.003669724770642091
2022-01-11,54300,54900,54000,54000,62690,-0.012797074954296161
2022-01-12,54200,55400,54200,55100,98663,0.020370370370370372
2022-01-13,55200,58400,55000,57200,269332,0.038112522686025496
2022-01-14,57900,58800,56900,57000,195757,-0.0034965034965035446
2022-01-17,57300,57300,54700,55100,108932,-0.033333333333333326
2022-01-18,55400,55600,53600,53900,103690,-0.02177858439201452
2022-01-19,53500,54400,53500,53800,73281,-0.0018552875695733162
2022-01-20,53800,55300,53700,54000,65436,0.0037174721189590088
2022-01-21,53300,54100,53000,53500,67169,-0.0092592592592593
2022-01-24,53400,53900,51800,52400,87541,-0.020560747663551426
2022-01-25,52100,52300,50000,50800,101412,-0.03053435114503822
2022-01-26,50300,51300,50200,50800,82154,0.0
2022-01-27,50800,51000,48550,48550,138023,-0.0442913385826772
2022-01-28,48600,50300,48000,49950,94307,0.02883625128733258
2022-02-03,50800,51900,50200,51000,98860,0.021021021021021102
2022-02-04,50700,52200,50600,51900,83724,0.01764705882352935
2022-02-07,51600,51700,50200,50700,102100,-0.023121387283236983
2022-02-08,50800,51400,49950,50300,84368,-0.007889546351084853
2022-02-09,50500,51400,49950,51300,99036,0.01988071570576544
2022-02-10,51400,52600,50500,51000,118941,-0.005847953216374324
2022-02-11,50200,50600,48850,49300,211688,-0.033333333333333326
2022-02-14,49000,50000,48500,49450,129318,0.0030425963488844854
2022-02-15,49400,49400,47800,47900,123538,-0.03134479271991908
2022-02-16,48350,48650,47900,48150,102040,0.005219206680584509
2022-02-17,48300,49600,48150,48800,115078,0.01349948078920038
2022-02-18,48700,48900,48050,48700,43221,-0.002049180327868827
2022-02-21,48250,49300,47850,48700,72528,0.0
2022-02-22,48200,48700,47500,47800,74728,-0.01848049281314168
2022-02-23,48200,48450,47600,48250,73207,0.009414225941422494
2022-02-24,47650,47900,47250,47550,72796,-0.014507772020725396
2022-02-25,47800,48350,47550,47800,67432,0.00525762355415349
2022-02-28,47800,48850,47550,48700,82388,0.01882845188284521
2022-03-02,48700,51200,48600,49450,205286,0.015400410677617993
2022-03-03,49900,50300,49300,49950,59154,0.010111223458038499
2022-03-04,50000,51600,49400,51200,104095,0.025025025025025016
2022-03-07,50600,51400,50300,50800,102310,-0.0078125
2022-03-08,51400,53700,50000,50300,321772,-0.009842519685039353
2022-03-10,51000,51000,50000,50600,114907,0.005964214711729587
2022-03-11,50800,51900,50100,51900,82517,0.025691699604743157
2022-03-14,51900,52600,51100,51100,51435,-0.015414258188824692
2022-03-15,50700,51700,50200,51200,65539,0.001956947162426559
2022-03-16,51400,51800,50400,51400,72240,0.00390625
2022-03-17,52100,52500,51200,51200,68779,-0.0038910505836575737
2022-03-18,51100,51900,50800,51900,69404,0.013671875
2022-03-21,52000,52200,50700,51300,68222,-0.011560693641618491
2022-03-22,51300,52600,50900,52100,82153,0.015594541910331383
2022-03-23,52400,53300,52400,52800,83349,0.013435700575815668
2022-03-24,52400,52900,52200,52500,73484,-0.005681818181818232
2022-03-25,52500,52700,51200,51300,69232,-0.02285714285714291
2022-03-28,51200,51900,50700,51800,54699,0.00974658869395717
2022-03-29,52000,52200,51300,51700,62321,-0.0019305019305019266
2022-03-30,51800,52000,51100,51400,52140,-0.005802707930367523
2022-03-31,51400,53000,51000,52800,103650,0.027237354085603016
2022-04-01,52800,52900,52200,52300,52691,-0.009469696969697017
2022-04-04,52200,52300,51400,51700,49165,-0.01147227533460804
2022-04-05,52000,52100,51200,51600,41224,-0.0019342359767892114
2022-04-06,51500,51600,50300,50500,89676,-0.02131782945736438
2022-04-07,50300,51000,50100,50900,75606,0.007920792079207928
2022-04-08,50800,53200,49850,52400,153548,0.02946954813359537
2022-04-11,52400,54600,52100,54100,278869,0.03244274809160297
2022-04-12,54600,55400,53500,53700,317304,-0.007393715341959317
2022-04-13,54000,55300,53200,55100,159245,0.026070763500931182
2022-04-14,55500,59600,55400,59400,456410,0.07803992740471877
2022-04-15,59000,60900,58700,60400,288226,0.01683501683501687
2022-04-18,59900,60600,59100,59300,116149,-0.018211920529801362
2022-04-19,59100,60400,58700,59900,104084,0.010118043844856706
2022-04-20,59500,60100,59200,59600,69268,-0.005008347245408995
2022-04-21,59600,60500,59000,59300,85485,-0.005033557046979831
2022-04-22,59900,60500,58500,59400,137749,0.001686340640809414
2022-04-25,58500,59000,57100,57500,101252,-0.03198653198653201
2022-04-26,57800,57800,56100,56700,108505,-0.013913043478260834
2022-04-27,55200,57300,54500,57300,128459,0.010582010582010692
2022-04-28,56900,57300,56000,57100,124020,-0.003490401396160525
2022-04-29,57200,58100,56400,57700,129744,0.01050788091068311
2022-05-02,57000,57800,56800,57500,82366,-0.0034662045060658286
2022-05-03,57200,57500,56400,56600,63712,-0.01565217391304352
2022-05-04,56600,57900,56200,57200,70619,0.010600706713780994
2022-05-06,56400,57400,56100,56800,52796,-0.006993006993006978
2022-05-09,56200,57100,55300,56400,110334,-0.007042253521126751
2022-05-10,55500,58800,54300,58400,154314,0.03546099290780136
2022-05-11,57700,60200,57500,59200,159830,0.013698630136986356
2022-05-12,58700,61000,58400,59100,173381,-0.0016891891891891442
2022-05-13,59500,60400,58800,59800,104164,0.011844331641285955
2022-05-16,59800,60000,58000,59400,76552,-0.006688963210702337
2022-05-17,60300,61700,59900,60600,161818,0.02020202020202011
2022-05-18,60600,61000,59300,59400,61426,-0.01980198019801982
2022-05-19,58300,60500,57900,60500,84094,0.0185185185185186
2022-05-20,62000,63800,60400,60700,394887,0.0033057851239668423
2022-05-23,60500,61600,57900,59300,187158,-0.023064250411861664
2022-05-24,58700,59900,58400,59300,85565,0.0
2022-05-25,59300,59700,58300,59100,98375,-0.003372681281618939
2022-05-26,58800,59700,58600,58800,56218,-0.005076142131979711
2022-05-27,60200,60400,58800,59600,115608,0.013605442176870763
2022-05-30,60800,62500,60300,61800,177377,0.03691275167785224
2022-05-31,63200,66400,62600,66000,605315,0.06796116504854366
2022-06-02,66900,68200,65800,66700,339659,0.010606060606060508
2022-06-03,67000,68800,65800,68300,271045,0.02398800599700146
2022-06-07,68500,69100,67400,67600,191909,-0.010248901903367469
2022-06-08,67500,68900,67000,68700,182424,0.016272189349112454
2022-06-09,68200,68500,65300,66800,220020,-0.027656477438136817
2022-06-10,66400,66800,64700,66300,157465,-0.007485029940119792
2022-06-13,64500,65200,63000,63900,183244,-0.03619909502262442
2022-06-14,62900,63400,60900,62200,188201,-0.026604068857590035
2022-06-15,62700,62900,60200,60900,161999,-0.020900321543408373
2022-06-16,62300,64500,62100,62700,180833,0.029556650246305383
2022-06-17,61200,63300,60700,62700,142785,0.0
2022-06-20,63400,63700,59700,60400,128331,-0.036682615629984094
2022-06-21,61600,64100,60800,62700,200970,0.038079470198675525
2022-06-22,63000,63200,61000,61200,129387,-0.02392344497607657
2022-06-23,61900,62000,58100,58500,232004,-0.044117647058823484
2022-06-24,58700,59500,57800,58700,193037,0.0034188034188034067
2022-06-27,59400,62000,58800,61900,132343,0.054514480408858645
2022-06-28,61500,64500,61300,64100,156974,0.035541195476575194
2022-06-29,63500,67000,63400,65500,239659,0.021840873634945357
2022-06-30,66200,66200,63600,63600,168027,-0.02900763358778624
2022-07-01,64700,65200,63000,63900,127631,0.004716981132075526
2022-07-04,63600,64400,59600,61200,191248,-0.04225352112676062
2022-07-05,61600,62700,59600,62100,171677,0.014705882352941124
2022-07-06,60900,60900,52900,53100,673647,-0.14492753623188404
2022-07-07,53800,54100,52600,53800,215560,0.013182674199623268
2022-07-08,54500,57000,54100,55400,269526,0.029739776951672958
2022-07-11,55200,56000,52600,52900,259905,-0.045126353790613694
2022-07-12,52500,52700,51200,52300,173381,-0.011342155009451793
2022-07-13,52300,52400,50000,51700,209719,-0.01147227533460804
2022-07-14,52100,53600,51600,52800,183291,0.02127659574468077
2022-07-15,53100,53200,50500,51800,162153,-0.018939393939393923
2022-07-18,52100,52800,51500,52700,98811,0.01737451737451745
2022-07-19,52100,54600,51900,53700,165657,0.018975332068311257
2022-07-20,54500,54800,53600,54100,141979,0.007448789571694592
2022-07-21,54300,54400,53500,54200,66796,0.001848428835489857
2022-07-22,53900,54600,52900,53800,85780,-0.0073800738007380184
2022-07-25,53800,55400,53100,55200,118711,0.026022304832713727
2022-07-26,55000,55500,54500,55200,72430,0.0
2022-07-27,55300,55700,54100,55100,90236,-0.0018115942028985588
2022-07-28,55300,57400,55300,57000,159345,0.034482758620689724
2022-07-29,57900,59000,57400,58900,141077,0.03333333333333344
2022-08-01,59300,61100,58700,59400,152217,0.008488964346349714
2022-08-02,59400,59900,58300,59300,86478,-0.0016835016835017313
2022-08-03,59100,59800,57600,58500,103603,-0.013490725126475533
2022-08-04,58600,58800,57500,57600,123349,-0.01538461538461533
2022-08-05,57900,59400,57700,58800,56880,0.02083333333333326
2022-08-08,59000,61900,58000,61100,181611,0.03911564625850339
2022-08-09,60600,61500,60200,61200,79188,0.0016366612111293755
2022-08-10,61400,63000,60900,61600,129655,0.006535947712418277
2022-08-11,62000,62600,61300,62300,95161,0.011363636363636465
2022-08-12,63000,64300,62600,62900,128067,0.009630818619582593
2022-08-16,63000,63400,61300,62300,98397,-0.009538950715421324
2022-08-17,62300,65700,62200,64300,226800,0.0321027287319422
2022-08-18,64200,65400,63700,64500,132884,0.0031104199066873672
2022-08-19,64600,65200,63600,64200,101378,-0.0046511627906976605
2022-08-22,63400,65300,63000,64500,131796,0.004672897196261738
2022-08-23,64100,66800,63800,66300,224774,0.027906976744185963
2022-08-24,66600,67800,66100,67100,195729,0.012066365007541435
2022-08-25,67100,67500,65200,66500,130058,-0.008941877794336861
2022-08-26,66800,67800,65700,67200,126317,0.010526315789473717
2022-08-29,65000,67500,64600,67200,136111,0.0
2022-08-30,66500,68400,66400,67100,151983,-0.0014880952380952328
2022-08-31,66800,67700,66500,67100,138330,0.0
2022-09-01,66500,67200,64400,64400,162178,-0.04023845007451565
2022-09-02,64800,65400,63100,64300,79007,-0.0015527950310558758
2022-09-05,64000,65900,64000,64800,62695,0.007776049766718529
2022-09-06,65900,68700,65200,66700,150132,0.029320987654321007
2022-09-07,66300,67000,65300,65300,91940,-0.020989505247376306
2022-09-08,66000,66700,64900,65000,123450,-0.004594180704441064
2022-09-13,65900,66100,62900,64700,156939,-0.004615384615384577
2022-09-14,62900,63800,62000,63100,133151,-0.02472952086553326
2022-09-15,63100,66700,62800,65200,120457,0.033280507131537185
2022-09-16,64500,65400,63000,63300,97669,-0.02914110429447858
2022-09-19,63000,63800,61200,61600,79409,-0.026856240126382325
2022-09-20,62700,64800,62700,64100,91676,0.0405844155844155
2022-09-21,63400,65100,62900,63300,84076,-0.012480499219968744
2022-09-22,62700,64000,61600,63600,66933,0.004739336492890933
2022-09-23,64000,64700,61600,62400,56649,-0.018867924528301883
2022-09-26,61500,62000,58900,59600,99733,-0.04487179487179482
2022-09-27,60100,60200,57800,59200,115893,-0.006711409395973145
2022-09-28,58200,58800,55900,56200,116917,-0.05067567567567566
2022-09-29,57400,58000,56200,56500,99594,0.005338078291814874
2022-09-30,56300,57500,55500,56700,101527,0.003539823008849474
2022-10-04,57600,59300,57200,57900,56422,0.021164021164021163
2022-10-05,59300,59300,57100,57500,86975,-0.006908462867012077
2022-10-06,58300,58600,57200,58300,69361,0.013913043478260834
2022-10-07,60100,63100,59900,61300,327382,0.05145797598627788
2022-10-11,60100,61800,58600,59000,132676,-0.037520391517128826
2022-10-12,59200,59900,58000,59600,74148,0.01016949152542379
2022-10-13,59000,59900,58100,58100,80956,-0.025167785234899376
2022-10-14,59000,61600,58800,60600,91220,0.04302925989672968
2022-10-17,58900,61500,58900,60300,84498,-0.004950495049504955
2022-10-18,61300,64300,60700,63700,135830,0.056384742951907096
2022-10-19,63300,64300,61900,62200,82267,-0.023547880690737877
2022-10-20,62700,64700,62500,63800,176224,0.025723472668810254
2022-10-21,64800,65800,63200,63900,163627,0.0015673981191222097
2022-10-24,64500,65300,62900,63700,53399,-0.003129890453834161
2022-10-25,64900,64900,62300,62500,68205,-0.01883830455259028
2022-10-26,62300,64100,61700,63100,61235,0.009600000000000053
2022-10-27,64000,65500,63600,64900,89903,0.028526148969889142
2022-10-28,64900,66500,64500,65300,113473,0.006163328197226425
2022-10-31,65700,66600,65000,66500,97263,0.018376722817764257
2022-11-01,66400,69500,66100,69500,186421,0.04511278195488733
2022-11-02,69400,70700,67700,67700,145838,-0.025899280575539585
2022-11-03,67000,69900,66500,68700,116006,0.01477104874446078
2022-11-04,68200,69200,67400,68200,71953,-0.00727802037845704
2022-11-07,68300,70300,67700,69900,122261,0.024926686217008776
2022-11-08,69600,70200,67000,67600,155954,-0.03290414878397707
2022-11-09,68300,69600,67700,68900,96263,0.019230769230769162
2022-11-10,68700,69100,67500,67600,102799,-0.018867924528301883
2022-11-11,69000,69800,68000,69000,109766,0.020710059171597628
2022-11-14,69000,69500,68100,68200,53573,-0.011594202898550732
2022-11-15,68800,70600,67700,68000,163254,-0.0029325513196480912
2022-11-16,68500,69100,66700,68700,76247,0.010294117647058787
2022-11-17,69100,70400,67900,68500,84578,-0.0029112081513827937
2022-11-18,68700,69700,67100,67900,114025,-0.008759124087591275
2022-11-21,68000,69500,67100,67900,107053,0.0
2022-11-22,67100,71500,67100,71300,276253,0.050073637702503726
2022-11-23,71300,73500,70300,73500,265403,0.030855539971949453
2022-11-24,73600,73600,70900,72500,180185,-0.013605442176870763
2022-11-25,72400,75300,72100,74700,192723,0.030344827586206824
2022-11-28,75000,75700,73100,74700,155955,0.0
2022-11-29,74400,75900,73700,74200,111523,-0.00669344042838016
2022-11-30,74300,76700,73500,75200,170899,0.013477088948786964
2022-12-01,75800,75800,71800,72300,194392,-0.03856382978723405
2022-12-02,72200,72500,70900,71500,130786,-0.011065006915629283
2022-12-05,71500,72000,70000,70500,94065,-0.013986013986013957
2022-12-06,69800,71100,69000,69200,112262,-0.018439716312056764
2022-12-07,68900,69100,67700,68100,105621,-0.01589595375722541
2022-12-08,68400,68500,66700,67200,128013,-0.013215859030836996
2022-12-09,67800,68000,66500,67200,71319,0.0
2022-12-12,67200,70500,66400,69800,187873,0.038690476190476275
2022-12-13,70900,71500,69300,69300,137255,-0.007163323782234943
2022-12-14,69400,70400,68900,70200,84604,0.01298701298701288
2022-12-15,70100,71300,69500,70200,87201,0.0
2022-12-16,69400,72800,69200,71700,170853,0.02136752136752129
2022-12-19,71300,72400,70500,72400,96254,0.009762900976290068
2022-12-20,72300,73200,71700,72100,112295,-0.004143646408839796
2022-12-21,72500,74300,72300,73900,140253,0.02496532593619971
2022-12-22,74200,74200,72800,73800,68203,-0.0013531799729363803
2022-12-23,72900,73400,71300,71700,129955,-0.028455284552845517
2022-12-26,71800,73000,70900,72600,103625,0.012552301255230214
2022-12-27,73400,74300,71900,72900,118500,0.004132231404958775
2022-12-28,71500,73500,71100,72000,85964,-0.012345679012345734
2022-12-29,71500,71900,69300,69700,112443,-0.03194444444444444
2023-01-02,69500,70200,66800,67300,93838,-0.03443328550932567
2023-01-03,67300,67300,64700,65900,130505,-0.0208023774145617
2023-01-04,65900,67000,64500,66200,71473,0.004552352048558417
2023-01-05,66200,66400,64000,64500,149707,-0.025679758308157052
2023-01-06,63700,66100,63700,65000,89502,0.007751937984496138
2023-01-09,65400,68200,65000,67500,93865,0.03846153846153855
2023-01-10,67000,69600,67000,68700,96764,0.01777777777777767
2023-01-11,69500,69800,68300,68700,65115,0.0
2023-01-12,68800,71900,68700,70700,153263,0.02911208151382816
2023-01-13,71500,72000,70200,70400,76850,-0.004243281471004279
2023-01-16,70300,71200,68900,69200,101667,-0.017045454545454586
2023-01-17,69500,70600,68600,70100,75250,0.013005780346820872
2023-01-18,70100,70500,66700,67400,146155,-0.03851640513552068
2023-01-19,67500,69400,66800,68500,98973,0.016320474777448135
2023-01-20,68000,68400,67300,67800,96922,-0.010218978102189746
2023-01-25,68100,68700,67700,68400,42433,0.008849557522123908
2023-01-26,68400,69800,68000,69300,64132,0.013157894736842035
2023-01-27,69300,70400,68700,69800,80114,0.00721500721500723
2023-01-30,69800,70700,69200,69200,73870,-0.008595988538681931
2023-01-31,70000,71200,69200,70500,120379,0.01878612716762995
2023-02-01,69900,70500,67400,67700,210792,-0.039716312056737535
2023-02-02,67600,68300,65900,66700,266564,-0.01477104874446089
2023-02-03,66600,66900,66100,66400,91766,-0.004497751124437732
2023-02-06,66400,67600,65600,66300,79869,-0.001506024096385561
2023-02-07,66300,66700,64700,65300,126171,-0.015082956259426794
2023-02-08,65500,66200,65400,66200,125346,0.013782542113323082
2023-02-09,66200,66600,65400,65500,125285,-0.010574018126888185
2023-02-10,65000,65700,64500,65600,96093,0.0015267175572519776
2023-02-13,65200,67700,65100,67400,138376,0.027439024390243816
2023-02-14,67700,67800,66100,66100,122305,-0.01928783382789323
2023-02-15,66800,67400,65800,66100,117363,0.0
2023-02-16,66700,67000,65900,66900,107337,0.012102874432677657
2023-02-17,66600,69900,66000,68900,191463,0.029895366218236186
2023-02-20,69100,69600,68300,68700,88061,-0.002902757619738794
2023-02-21,69100,69900,68100,68500,79482,-0.0029112081513827937
2023-02-22,67900,69500,67600,68700,100393,0.0029197080291971655
2023-02-23,69400,70000,68200,68700,110346,0.0
2023-02-24,68600,69100,67400,67800,84251,-0.013100436681222738
2023-02-27,67200,67800,66300,67300,119699,-0.007374631268436627
2023-02-28,67800,68500,67300,67400,111939,0.0014858841010401136
2023-03-02,67600,71400,67600,70400,220575,0.04451038575667665
2023-03-03,70500,71200,70100,70800,82395,0.005681818181818121
2023-03-06,71100,71200,69400,70100,120214,-0.009887005649717562
2023-03-07,70200,72700,70100,71200,137843,0.015691868758915817
2023-03-08,70600,71500,69800,70200,113822,-0.014044943820224698
2023-03-09,70400,72100,69700,70100,118421,-0.0014245014245014564
2023-03-10,69400,69900,68300,68800,102704,-0.01854493580599148
2023-03-13,68700,69400,67000,68600,114948,-0.0029069767441860517
2023-03-14,68100,68500,66300,66600,136046,-0.029154518950437303
2023-03-15,67300,71900,67200,71900,192266,0.0795795795795795
2023-03-16,70900,71700,68900,69900,169607,-0.02781641168289295
2023-03-17,70400,70800,69200,69700,102932,-0.0028612303290415086
2023-03-20,70000,72100,69900,70300,95688,0.008608321377331363
2023-03-21,71200,74100,70900,72300,214903,0.028449502133712556
2023-03-22,73300,73300,71700,72300,80142,0.0
2023-03-23,72100,73900,71600,72000,149894,-0.004149377593360981
2023-03-24,72100,72700,71100,71900,99180,-0.001388888888888884
2023-03-27,72400,77400,71900,75400,291618,0.048678720445062496
2023-03-28,77400,82800,77000,80700,593475,0.07029177718832891
2023-03-29,80300,80400,78000,78900,186397,-0.022304832713754608
2023-03-30,78900,79300,76300,78500,178125,-0.005069708491761693
2023-03-31,79300,81600,78100,79600,207187,0.014012738853503182
2023-04-03,80500,80600,78100,78400,124124,-0.015075376884422065
2023-04-04,78700,82800,78700,80300,183728,0.02423469387755106
2023-04-05,80000,80000,76600,77500,207150,-0.03486924034869243
2023-04-06,77300,78800,76400,76900,139605,-0.007741935483870921
2023-04-07,77400,77400,75500,75800,125024,-0.014304291287386195
2023-04-10,76000,79200,75900,77200,180864,0.01846965699208436
2023-04-11,80500,85600,78900,83800,831203,0.0854922279792747
2023-04-12,84200,91300,83800,89200,938798,0.06443914081145574
2023-04-13,88000,93100,85100,91900,643727,0.030269058295964157
2023-04-14,93200,94900,91400,92700,401560,0.008705114254624613
2023-04-17,94600,96800,92100,93100,357184,0.004314994606256839
2023-04-18,93200,95200,92100,92900,272871,-0.002148227712137518
2023-04-19,93800,100500,93700,97000,489205,0.04413347685683533
2023-04-20,98700,99300,94700,95400,298072,-0.016494845360824795
2023-04-21,95000,95100,90400,92700,364032,-0.028301886792452824
2023-04-24,92700,96700,92300,93000,262627,0.003236245954692629
2023-04-25,93500,94900,91300,92000,274602,-0.010752688172043001
2023-04-26,92100,92600,89900,90700,182086,-0.01413043478260867
2023-04-27,90000,93800,88800,92600,211719,0.02094818081587646
2023-04-28,93400,93500,88500,89600,286134,-0.03239740820734338
2023-05-02,89600,93700,89400,92500,156573,0.0323660714285714
2023-05-03,91800,93600,91300,91700,105333,-0.008648648648648671
2023-05-04,92000,93400,91100,91800,103823,0.0010905125408942062
2023-05-08,93400,96300,92800,93500,226899,0.0185185185185186
2023-05-09,94700,95800,92000,92300,186422,-0.012834224598930466
2023-05-10,92500,94000,91100,92400,88170,0.0010834236186347823
2023-05-11,93400,98400,93000,96000,291667,0.03896103896103886
2023-05-12,96000,96000,91900,92700,203161,-0.034375000000000044
2023-05-15,92600,92700,90200,92600,132620,-0.0010787486515642097
2023-05-16,92500,92500,84400,87000,585609,-0.06047516198704106
2023-05-17,86100,86400,82900,83800,317213,-0.0367816091954023
2023-05-18,84700,85500,82600,84800,254974,0.01193317422434359
2023-05-19,84600,85100,81100,82000,394246,-0.03301886792452835
2023-05-22,82400,83300,80700,81700,221788,-0.003658536585365857
2023-05-23,82300,84000,81500,82800,202374,0.01346389228886169
2023-05-24,83400,88300,83100,85600,338605,0.033816425120772875
2023-05-25,84700,85200,82700,84500,188549,-0.012850467289719614
2023-05-26,83900,84900,82300,82800,156738,-0.020118343195266286
2023-05-30,83100,83700,81700,82800,127371,0.0
2023-05-31,83100,84100,81900,82100,130531,-0.008454106280193274
2023-06-01,82400,83300,80700,81400,176106,-0.008526187576126665
2023-06-02,82100,83800,81600,83100,201599,0.020884520884520974
2023-06-05,83700,87900,83400,87300,279619,0.05054151624548742
2023-06-07,87400,87500,85700,86400,155400,-0.010309278350515427
2023-06-08,86600,90400,86000,88100,229406,0.01967592592592582
2023-06-09,89100,89800,86300,86500,209039,-0.018161180476730987
2023-06-12,86600,87600,84900,86000,159379,-0.005780346820809301
2023-06-13,86500,88100,85800,87000,146392,0.011627906976744207
2023-06-14,87900,89600,85200,86000,226958,-0.011494252873563204
2023-06-15,86400,86800,85000,86000,139024,0.0
2023-06-16,90400,94800,88600,94500,1131739,0.09883720930232553
2023-06-19,98000,103000,94900,96000,1090770,0.015873015873015817
2023-06-20,96100,97100,91100,91500,511741,-0.046875
2023-06-21,92000,95300,90500,93300,347001,0.01967213114754096
2023-06-22,91900,93000,90000,92800,259967,-0.005359056806002127
2023-06-23,92700,93800,90000,90200,235545,-0.028017241379310387
2023-06-26,89900,91400,89100,90300,180515,0.0011086474501109667
2023-06-27,90100,92200,88700,91900,198809,0.017718715393133966
2023-06-28,92300,93800,90900,91500,169406,-0.0043525571273123065
2023-06-29,91200,92800,90300,90800,154061,-0.007650273224043769
2023-06-30,91400,93200,91300,92900,212908,0.02312775330396466
2023-07-03,93500,95000,92400,93500,276869,0.006458557588805203
2023-07-04,93000,94000,92300,92600,193488,-0.009625668449197877
2023-07-05,92600,92800,90800,91300,194855,-0.01403887688984884
2023-07-06,91500,91900,88500,89200,241068,-0.02300109529025196
2023-07-07,88700,89700,86100,88200,281125,-0.011210762331838597
2023-07-10,88700,90300,86900,88300,159227,0.0011337868480725266
2023-07-11,88800,94500,88800,94500,337395,0.07021517553793877
2023-07-12,95300,97500,92800,93800,322604,-0.007407407407407418
2023-07-13,94400,94400,91400,91900,242117,-0.02025586353944564
2023-07-14,92200,92700,90400,91000,211531,-0.009793253536452662
2023-07-17,90800,90800,86000,86000,384861,-0.05494505494505497
2023-07-18,86300,86500,84600,86100,253977,0.0011627906976743319
2023-07-19,86100,87900,83400,85700,304511,-0.004645760743321681
2023-07-20,87000,89400,85200,89300,397465,0.04200700116686118
2023-07-21,88100,89600,86400,88700,253529,-0.006718924972004436
2023-07-24,89000,93600,87100,92400,390724,0.041713641488162256
2023-07-25,93500,120100,93200,120100,2787246,0.2997835497835497
2023-07-26,138000,151300,101200,113000,7566924,-0.05911740216486261
2023-07-27,114900,125000,107200,112500,3270680,-0.004424778761061954
2023-07-28,108000,116200,104300,112400,1347198,-0.000888888888888939
2023-07-31,113200,126400,113200,120900,1531397,0.07562277580071175
2023-08-01,121000,122600,111000,112100,1034790,-0.07278742762613732
2023-08-02,112000,133400,111000,117000,3975126,0.043710972346119537
2023-08-03,122100,128700,111900,114600,2566964,-0.02051282051282055
2023-08-04,112800,119600,112000,112600,860619,-0.017452006980802848
2023-08-07,113500,116500,108700,109900,849429,-0.023978685612788597
2023-08-08,109000,115800,108100,115000,690407,0.046405823475887065
2023-08-09,115200,121200,114100,119000,898059,0.034782608695652195
2023-08-10,118000,119600,112200,113100,753630,-0.049579831932773155
2023-08-11,113200,117400,112100,116500,541836,0.030061892130857748
2023-08-14,118000,124600,117000,120100,1071112,0.03090128755364807
2023-08-16,118700,129400,116500,122600,1909037,0.020815986677768628
2023-08-17,119600,120000,111100,116500,1149297,-0.04975530179445353
2023-08-18,113400,114400,107100,107700,836221,-0.07553648068669527
2023-08-21,107500,109900,104900,105400,535696,-0.02135561745589598
2023-08-22,106500,111500,106300,110300,641986,0.046489563567362335
2023-08-23,110900,115000,109000,110100,491424,-0.0018132366273798661
2023-08-24,111000,111100,105300,109300,458566,-0.0072661217075385975
2023-08-25,106500,111400,106400,108300,331728,-0.009149130832570851
2023-08-28,109500,109900,106100,107100,325159,-0.011080332409972304
2023-08-29,107400,108100,105400,106400,313365,-0.006535947712418277
2023-08-30,107500,108200,105800,106400,322808,0.0
2023-08-31,106800,109400,106000,107100,387487,0.006578947368421018
2023-09-01,107100,107100,101100,101300,592478,-0.05415499533146595
2023-09-04,100900,102700,100600,101100,258981,-0.001974333662388972
2023-09-05,101300,101700,100200,100500,245657,-0.005934718100890191
2023-09-06,100100,100900,97600,98500,420245,-0.01990049751243783
2023-09-07,98600,98900,95400,96000,344294,-0.025380710659898442
2023-09-08,96400,97200,94200,95500,222805,-0.00520833333333337
2023-09-11,96000,97400,94400,96500,264738,0.010471204188481575
2023-09-12,97800,97900,95000,95500,248597,-0.010362694300518172
2023-09-13,95500,96100,93900,94600,190066,-0.009424083769633551
2023-09-14,94700,99100,94700,98000,366403,0.03594080338266381
2023-09-15,97500,99900,97000,98300,283996,0.003061224489795844
2023-09-18,97900,103900,97100,102100,459994,0.038657171922685585
2023-09-19,102800,103800,100500,102000,166200,-0.0009794319294809117
2023-09-20,101400,103500,100300,102900,159527,0.008823529411764675
2023-09-21,102100,104200,101300,102400,160089,-0.004859086491739606
2023-09-22,100200,104000,98600,103100,218408,0.0068359375
2023-09-25,103500,104500,99900,100000,195281,-0.030067895247332665
2023-09-26,99400,101800,99200,100000,130338,0.0
2023-09-27,99100,102600,99000,101600,170651,0.016000000000000014
2023-10-04,100500,101300,95900,96300,202194,-0.05216535433070868
2023-10-05,97800,97900,94200,95200,161162,-0.011422637590861928
2023-10-06,94300,96100,92100,93600,163989,-0.01680672268907568
2023-10-10,93600,96300,91500,92300,174792,-0.01388888888888884
2023-10-11,93700,94300,92900,93100,130871,0.008667388949079147
2023-10-12,94000,96000,92700,94600,183752,0.01611170784103111
2023-10-13,93700,94300,90000,90600,226523,-0.04228329809725162
2023-10-16,89800,90000,87900,89100,215608,-0.01655629139072845
2023-10-17,89900,92200,89100,90100,166278,0.011223344556677839
2023-10-18,89900,94300,89100,91800,227223,0.018867924528301883
2023-10-19,90600,90800,87200,87600,170080,-0.04575163398692805
2023-10-20,85800,87500,83900,85400,209907,-0.02511415525114158
2023-10-23,85000,86300,84400,85200,140049,-0.0023419203747072626
2023-10-24,86000,86100,81500,85300,236863,0.0011737089201877549
2023-10-25,85700,86700,82500,84300,149683,-0.011723329425556872
2023-10-26,82100,83500,81400,81800,186809,-0.029655990510083052
2023-10-27,81800,82600,79900,81000,185517,-0.009779951100244544
2023-10-30,80500,84100,80100,83100,139454,0.025925925925925908
2023-10-31,84200,84200,78200,78300,275547,-0.0577617328519856
2023-11-01,78300,80100,76800,77200,196743,-0.01404853128991057
2023-11-02,78500,81100,78300,79700,194603,0.032383419689119064
2023-11-03,81000,81700,78000,79500,142817,-0.0025094102885822034
2023-11-06,82000,85900,81700,85500,371355,0.07547169811320753
2023-11-07,85500,85500,79200,79800,304221,-0.06666666666666665
2023-11-08,80100,81500,78800,79100,149870,-0.00877192982456143
2023-11-09,79100,79400,77500,78100,131593,-0.012642225031605614
2023-11-10,77100,77400,75600,76700,149958,-0.017925736235595346
2023-11-13,77700,78100,75600,76500,123492,-0.0026075619295958807
2023-11-14,77200,79000,76900,78800,152195,0.030065359477124076
2023-11-15,80900,81600,78000,78700,236654,-0.0012690355329949554
2023-11-16,79000,79200,77400,77600,182294,-0.013977128335451061
2023-11-17,77200,77900,75400,76800,177359,-0.010309278350515427
2023-11-20,77200,80900,77000,80500,208414,0.04817708333333326
2023-11-21,81000,83700,79800,83000,242043,0.03105590062111796
2023-11-22,83700,87100,82200,85500,381452,0.030120481927710774
2023-11-23,85900,86700,84300,85100,155125,-0.004678362573099393
2023-11-24,85300,86500,84400,85100,102243,0.0
2023-11-27,85100,85100,82700,84500,110569,-0.007050528789659172
2023-11-28,85000,86400,84200,84700,119565,0.002366863905325367
2023-11-29,85400,85900,83600,85000,135993,0.0035419126328217754
2023-11-30,84600,86600,84400,84700,166702,-0.003529411764705892
2023-12-01,85300,85500,83400,84000,102362,-0.008264462809917328
2023-12-04,85500,91000,85400,87700,457204,0.04404761904761911
2023-12-05,86500,90000,84100,86500,289700,-0.013683010262257711
2023-12-06,87300,87800,85400,86900,125161,0.0046242774566473965
2023-12-07,87200,88200,84100,85600,160678,-0.014959723820483273
2023-12-08,86100,86500,84000,85700,133403,0.001168224299065379
2023-12-11,85900,85900,84800,85100,117372,-0.007001166861143493
2023-12-12,86000,87000,84600,86300,135555,0.014101057579318343
2023-12-13,87200,89700,83400,83400,305394,-0.03360370799536505
2023-12-14,84900,88500,83300,87100,391422,0.04436450839328532
2023-12-15,89800,91900,89300,90200,371550,0.03559127439724463
2023-12-18,90800,91100,88700,90400,154449,0.0022172949002217113
2023-12-19,90700,92000,88700,90800,171457,0.004424778761061843
2023-12-20,91300,94300,91300,92400,203151,0.017621145374449254
2023-12-21,92000,95300,91300,93000,213204,0.006493506493506551
2023-12-22,93500,93600,90000,90300,150121,-0.029032258064516148
2023-12-26,91200,91900,88800,91400,152197,0.012181616832779518
2023-12-27,91000,91600,89300,91200,136703,-0.002188183807439792
2023-12-28,91300,93500,91100,93200,99096,0.021929824561403466
2024-01-02,92700,92800,89900,91600,108836,-0.01716738197424894
2024-01-03,90500,91200,88100,89100,175893,-0.02729257641921401
2024-01-04,88400,88900,87100,87900,142499,-0.013468013468013518
2024-01-05,87800,88500,86900,87000,93445,-0.010238907849829393
2024-01-08,87200,87300,85200,85200,165741,-0.020689655172413834
2024-01-09,86300,86400,83400,83600,148924,-0.018779342723004744
2024-01-10,84000,84500,83300,83600,81033,0.0
2024-01-11,84500,84700,82100,82100,120196,-0.01794258373205737
2024-01-12,82500,82800,81300,81900,86831,-0.0024360535931789995
2024-01-15,81500,81900,79600,80100,143405,-0.02197802197802201
2024-01-16,80100,80900,79000,80000,85314,-0.0012484394506866447
2024-01-17,79700,80300,77300,77900,138010,-0.026249999999999996
2024-01-18,77600,81000,77200,80100,123992,0.028241335044929317
2024-01-19,80600,81300,79300,79800,113428,-0.0037453183520599342
2024-01-22,80100,80200,78200,78400,113535,-0.01754385964912286
2024-01-23,78400,79500,77900,79100,75598,0.008928571428571397
2024-01-24,79100,81200,79100,80000,106023,0.011378002528444897
2024-01-25,80300,83300,78600,83200,167446,0.040000000000000036
2024-01-26,82200,84200,81600,82700,88281,-0.006009615384615419
2024-01-29,82800,85800,82400,85000,132563,0.027811366384522307
2024-01-30,85500,89300,85300,87600,317549,0.030588235294117583
2024-01-31,87400,91400,86800,91100,244486,0.03995433789954328
2024-02-01,91000,99500,89600,96000,670302,0.053787047200878124
2024-02-02,97000,103800,94900,102900,593151,0.07187499999999991
2024-02-05,104000,108200,102000,103800,551811,0.008746355685131268
2024-02-06,103000,103400,96200,98000,482990,-0.055876685934489356
2024-02-07,98100,100600,97000,100000,263013,0.020408163265306145
2024-02-08,98900,102300,96900,97800,246293,-0.02200000000000002
2024-02-13,97800,98100,92300,93000,404463,-0.049079754601227044
2024-02-14,92300,94400,90300,90400,335146,-0.027956989247311825
2024-02-15,91800,91900,90400,91000,187531,0.006637168141592875
2024-02-16,91600,95500,91600,95400,267450,0.0483516483516484
2024-02-19,95900,98700,94500,96300,245732,0.009433962264151052
2024-02-20,97000,99000,94600,95100,199366,-0.012461059190031154
2024-02-21,94700,96100,93100,94300,121555,-0.008412197686645584
2024-02-22,95000,96900,93200,96100,135082,0.019088016967126142
2024-02-23,96100,97400,94700,95300,124404,-0.008324661810613976
2024-02-26,94400,94400,89600,89800,282382,-0.057712486883525704
2024-02-27,89500,90300,86800,87300,173879,-0.027839643652561197
2024-02-28,87300,90000,87200,89200,123742,0.021764032073310347
2024-02-29,89100,90700,87600,87900,132430,-0.014573991031390121
2024-03-04,88900,89700,88100,88800,156122,0.010238907849829282
2024-03-05,89700,97500,89300,94900,505663,0.06869369369369371
