Date,Open,High,Low,Close,Volume,Change
2022-01-03,63900,63900,61600,62900,365958,-0.007886435331230235
2022-01-04,63400,65200,62800,64900,804182,0.031796502384737746
2022-01-05,65100,67500,65000,65900,1294563,0.015408320493066174
2022-01-06,64600,67100,64400,65500,747410,-0.006069802731411222
2022-01-07,65700,66700,65100,66100,543207,0.009160305343511421
2022-01-10,66100,66100,62400,62600,757743,-0.052950075642965166
2022-01-11,62600,63400,60800,61000,546649,-0.025559105431309903
2022-01-12,61400,62200,61000,61500,279271,0.008196721311475308
2022-01-13,61600,61700,58500,58800,899893,-0.04390243902439028
2022-01-14,57800,58500,57500,58200,467241,-0.010204081632653073
2022-01-17,58300,58600,56600,57800,384181,-0.0068728522336769515
2022-01-18,57700,57900,56200,56400,420671,-0.02422145328719727
2022-01-19,55600,56900,55500,56100,268038,-0.005319148936170248
2022-01-20,56100,57000,55600,56800,299928,0.012477718360071277
2022-01-21,56100,56200,54800,55300,466279,-0.026408450704225372
2022-01-24,54500,55100,53200,53700,366307,-0.02893309222423146
2022-01-25,53700,54200,51800,52200,317372,-0.027932960893854775
2022-01-26,52300,53200,51100,51300,301401,-0.017241379310344862
2022-01-27,51300,52000,49550,49600,405071,-0.033138401559454245
2022-01-28,49600,51500,47950,51400,413840,0.03629032258064524
2022-02-03,52100,52400,51000,51000,333350,-0.0077821011673151474
2022-02-04,50900,50900,49750,50400,423182,-0.0117647058823529
2022-02-07,50500,50600,49200,50400,423567,0.0
2022-02-08,50300,51200,49550,49800,286822,-0.011904761904761862
2022-02-09,50300,50500,49550,50100,349407,0.006024096385542244
2022-02-10,50400,50400,47400,47600,1082771,-0.04990019960079839
2022-02-11,47200,48000,46400,47300,451975,-0.006302521008403339
2022-02-14,46050,46500,45050,45150,510994,-0.045454545454545414
2022-02-15,45300,46650,44900,45850,377168,0.015503875968992276
2022-02-16,46950,46950,46300,46700,280937,0.018538713195201728
2022-02-17,46850,49100,46750,48700,825025,0.04282655246252687
2022-02-18,47600,48350,47450,48150,314315,-0.011293634496919891
2022-02-21,47300,47950,46400,47750,209704,-0.00830737279335414
2022-02-22,46600,47250,46150,46700,346665,-0.021989528795811508
2022-02-23,47100,47400,46550,46900,270780,0.004282655246252709
2022-02-24,46150,46250,45400,45700,340640,-0.02558635394456288
2022-02-25,46200,46350,45450,46200,256555,0.010940919037199182
2022-02-28,45850,45900,45000,45350,328579,-0.018398268398268414
2022-03-02,45100,45650,44450,45450,293027,0.0022050716648291946
2022-03-03,46200,47900,46000,47850,488170,0.05280528052805278
2022-03-04,47450,47550,46350,46500,313545,-0.028213166144200663
2022-03-07,45700,45700,44900,45000,245817,-0.032258064516129004
2022-03-08,44350,44950,43800,44450,182361,-0.012222222222222245
2022-03-10,45350,45450,44350,44700,253080,0.0056242969628796935
2022-03-11,44400,44700,44050,44150,190335,-0.01230425055928408
2022-03-14,44050,44100,42300,42550,404839,-0.03624009060022648
2022-03-15,42350,43350,42050,43150,228895,0.014101057579318343
2022-03-16,43550,44050,43200,43950,298832,0.018539976825028948
2022-03-17,45200,45750,44350,44400,453298,0.010238907849829282
2022-03-18,44500,44500,43550,43650,385463,-0.016891891891891886
2022-03-21,43950,44400,43450,43550,397966,-0.002290950744558984
2022-03-22,43850,45250,43700,45050,504149,0.03444316877152698
2022-03-23,45650,45800,44800,45200,370426,0.0033296337402886067
2022-03-24,44800,45450,44550,45450,297604,0.005530973451327359
2022-03-25,45500,45600,44850,44900,285208,-0.012101210121012063
2022-03-28,44900,45600,44350,45550,250787,0.014476614699331813
2022-03-29,46600,49550,46550,49450,1878613,0.08562019758507144
2022-03-30,50100,50700,49500,50000,1011301,0.011122345803842304
2022-03-31,50100,50500,49550,50300,620891,0.006000000000000005
2022-04-01,50000,51200,49700,50800,512528,0.00994035785288272
2022-04-04,50600,50600,49150,49450,500813,-0.026574803149606252
2022-04-05,49450,50100,48800,49600,270085,0.0030333670374114163
2022-04-06,48800,52500,48700,51800,859014,0.04435483870967749
2022-04-07,51000,51900,49850,50000,552325,-0.03474903474903479
2022-04-08,50100,50600,49200,49600,357869,-0.008000000000000007
2022-04-11,49550,50700,49150,50400,408493,0.016129032258064502
2022-04-12,49900,50300,49150,49400,265279,-0.019841269841269882
2022-04-13,49800,52200,49750,51600,842681,0.044534412955465674
2022-04-14,53000,54000,52300,52600,1252839,0.019379844961240345
2022-04-15,51900,53400,51600,53300,473682,0.013307984790874583
2022-04-18,53000,54600,52500,54300,598379,0.018761726078799335
2022-04-19,54000,54800,53200,54400,454755,0.0018416206261511192
2022-04-20,54600,56200,54000,55500,601417,0.020220588235294157
2022-04-21,55800,56800,54900,55800,499823,0.00540540540540535
2022-04-22,55200,56100,54200,54500,457960,-0.023297491039426577
2022-04-25,53200,54300,52500,53500,465063,-0.01834862385321101
2022-04-26,54000,56300,54000,55500,591935,0.03738317757009346
2022-04-27,53700,55500,53600,55400,296701,-0.0018018018018017834
2022-04-28,56000,56000,54400,55400,333728,0.0
2022-04-29,55600,55900,54000,54400,267319,-0.018050541516245522
2022-05-02,54700,55800,54100,54400,349497,0.0
2022-05-03,54400,54800,53600,54200,243170,-0.003676470588235281
2022-05-04,54000,54600,53700,54500,176518,0.005535055350553542
2022-05-06,53700,54800,53600,54600,190952,0.0018348623853210455
2022-05-09,54000,54500,52000,52400,313230,-0.04029304029304026
2022-05-10,51400,53500,51100,53400,287155,0.01908396946564883
2022-05-11,52700,54100,52600,53800,263949,0.0074906367041198685
2022-05-12,53000,53500,51900,52500,395971,-0.024163568773234223
2022-05-13,52700,54800,52700,54700,318005,0.04190476190476189
2022-05-16,55600,55600,54400,54800,207223,0.001828153564899404
2022-05-17,54700,54900,52800,54300,363925,-0.009124087591240837
2022-05-18,54400,54700,53400,54600,255452,0.005524861878453136
2022-05-19,53000,53300,51700,51900,453515,-0.0494505494505495
2022-05-20,52200,53600,52100,53000,272815,0.021194605009633882
2022-05-23,53900,54000,52600,53400,229747,0.007547169811320753
2022-05-24,53000,53400,52600,52700,135282,-0.01310861423220977
2022-05-25,52700,53000,51700,52600,262386,-0.00189753320683117
2022-05-26,52600,53000,51500,51800,176260,-0.01520912547528519
2022-05-27,52300,52700,51800,52000,189029,0.0038610038610038533
2022-05-30,52300,53700,52200,53400,241375,0.026923076923076827
2022-05-31,53500,55000,53100,54800,467810,0.02621722846441954
2022-06-02,54800,56300,54500,55700,518924,0.01642335766423364
2022-06-03,55600,56000,55000,55500,239045,-0.0035906642728904536
2022-06-07,55400,55400,54100,54800,170836,-0.012612612612612595
2022-06-08,54700,55000,53800,54200,194141,-0.010948905109489093
2022-06-09,53900,54800,53800,54700,226803,0.009225092250922495
2022-06-10,54500,55800,53900,54800,258753,0.001828153564899404
2022-06-13,53100,53600,50800,51500,368326,-0.06021897810218979
2022-06-14,50000,51500,49800,50700,284278,-0.01553398058252431
2022-06-15,50200,51700,50200,50700,251378,0.0
2022-06-16,51800,51900,49700,49700,286995,-0.01972386587771202
2022-06-17,48000,48400,46100,48200,639585,-0.030181086519114664
2022-06-20,48250,48450,46100,46750,348436,-0.030082987551867224
2022-06-21,46750,47850,46650,47800,216564,0.022459893048128343
2022-06-22,48450,48450,45400,45500,290753,-0.04811715481171552
2022-06-23,45100,46000,43800,44250,382250,-0.027472527472527486
2022-06-24,44000,45500,43850,45300,221556,0.023728813559322104
2022-06-27,45700,49100,45650,48850,445314,0.07836644591611486
2022-06-28,48650,50000,48350,48750,428738,-0.0020470829068577334
2022-06-29,47750,48250,46500,47700,353225,-0.021538461538461506
2022-06-30,47450,48450,47150,47550,221947,-0.0031446540880503138
2022-07-01,48200,49700,46900,47400,296913,-0.003154574132492094
2022-07-04,47500,47850,45800,46750,210632,-0.01371308016877637
2022-07-05,47350,47950,45300,46850,229757,0.002139037433155133
2022-07-06,46800,47400,45300,45400,222497,-0.03094983991462108
2022-07-07,45950,47150,45450,46600,175023,0.026431718061673992
2022-07-08,47000,49200,47000,48500,355229,0.04077253218884125
2022-07-11,50000,51700,49800,50100,745081,0.03298969072164959
2022-07-12,49400,50800,48850,49700,322582,-0.007984031936127733
2022-07-13,49700,51700,49350,51300,441571,0.03219315895372232
2022-07-14,51000,52000,50400,50700,330854,-0.011695906432748537
2022-07-15,51100,52900,50400,52400,452622,0.0335305719921104
2022-07-18,53400,53400,52200,52900,244210,0.009541984732824416
2022-07-19,52500,54400,52400,53600,281123,0.013232514177693666
2022-07-20,54500,54900,53500,54200,270814,0.011194029850746245
2022-07-21,54000,55000,53300,54000,266373,-0.0036900369003689537
2022-07-22,54200,56000,54100,54900,406502,0.016666666666666607
2022-07-25,55000,56400,54900,56300,271116,0.02550091074681249
2022-07-26,56200,56600,55600,56300,196552,0.0
2022-07-27,56200,57100,55400,56300,268569,0.0
2022-07-28,56900,57000,55900,56400,211364,0.001776198934280604
2022-07-29,56800,57400,55000,57200,308383,0.014184397163120588
2022-08-01,56000,57800,55900,57500,376198,0.005244755244755206
2022-08-02,57700,57900,56300,57200,195338,-0.00521739130434784
2022-08-03,56900,57500,55700,57400,310131,0.0034965034965035446
2022-08-04,57900,57900,56500,57100,205394,-0.005226480836236891
2022-08-05,57200,57200,54600,55600,444519,-0.02626970227670755
2022-08-08,55000,55800,54300,55800,323514,0.003597122302158251
2022-08-09,55800,56500,55300,56100,254764,0.005376344086021501
2022-08-10,55800,56300,55200,55300,109022,-0.014260249554367221
2022-08-11,56000,56700,55600,56700,218947,0.025316455696202445
2022-08-12,56800,57000,55900,56500,133424,-0.003527336860670194
2022-08-16,56400,56600,55100,55700,204299,-0.01415929203539823
2022-08-17,55300,56200,54400,54800,231636,-0.016157989228007152
2022-08-18,54100,54500,52200,54200,253877,-0.010948905109489093
2022-08-19,54500,55000,54000,54700,179971,0.009225092250922495
2022-08-22,54000,54500,53300,54100,112172,-0.010968921389396757
2022-08-23,53500,54900,53200,53400,171478,-0.012939001848428888
2022-08-24,53600,54000,52700,53300,129562,-0.0018726591760299671
2022-08-25,53300,54700,53200,54300,149748,0.018761726078799335
2022-08-26,54400,54500,53600,54500,141011,0.0036832412523020164
2022-08-29,52000,52700,51700,52400,152106,-0.038532110091743066
2022-08-30,52400,55000,52400,54300,291450,0.03625954198473291
2022-08-31,53600,54600,53200,54000,129419,-0.0055248618784530246
2022-09-01,53300,53700,52400,52800,190732,-0.022222222222222254
2022-09-02,53300,54600,52400,52800,230247,0.0
2022-09-05,52600,54100,52600,53300,179093,0.009469696969697017
2022-09-06,53900,55000,53100,54500,157289,0.022514071294559068
2022-09-07,54200,55300,53900,54800,196448,0.005504587155963359
2022-09-08,55200,55800,53800,54700,287323,-0.0018248175182481452
2022-09-13,55200,55300,53100,53300,217356,-0.025594149908592323
2022-09-14,51200,53100,51100,52800,226015,-0.009380863039399667
2022-09-15,53100,53700,49000,50200,834143,-0.0492424242424242
2022-09-16,50400,51600,49600,50400,525438,0.003984063745019917
2022-09-19,50800,51500,50500,51200,247834,0.015873015873015817
2022-09-20,51700,52800,51400,52000,209719,0.015625
2022-09-21,51200,51300,50200,51000,188018,-0.019230769230769273
2022-09-22,50100,50500,49550,49850,226464,-0.022549019607843168
2022-09-23,49900,49950,48600,48600,151938,-0.025075225677031132
2022-09-26,48000,48050,45750,45900,310840,-0.05555555555555558
2022-09-27,46350,46800,45000,46750,258161,0.0185185185185186
2022-09-28,46050,46400,43950,44350,268120,-0.051336898395721975
2022-09-29,45150,47300,45000,46150,303179,0.040586245772266105
2022-09-30,45950,46300,43900,44350,295165,-0.03900325027085594
2022-10-04,45150,46000,45150,45600,148986,0.028184892897406888
2022-10-05,46750,46850,44400,45300,202571,-0.006578947368421018
2022-10-06,45950,46400,45500,46000,128896,0.015452538631346657
2022-10-07,45500,46400,45300,46000,225122,0.0
2022-10-11,44450,44800,42150,42500,426714,-0.07608695652173914
2022-10-12,41900,42550,41400,42050,264082,-0.010588235294117676
2022-10-13,42050,42450,41000,41050,257551,-0.02378121284185497
2022-10-14,41600,42900,41350,42200,253257,0.028014616321559105
2022-10-17,41400,42350,40850,42300,118002,0.0023696682464455776
2022-10-18,43400,45450,43400,44500,603264,0.05200945626477549
2022-10-19,44500,46500,44250,45400,358706,0.020224719101123556
2022-10-20,44900,45400,44000,44500,228558,-0.01982378854625555
2022-10-21,44500,45450,44200,44900,208287,0.008988764044943753
2022-10-24,46000,46800,44050,44600,288304,-0.006681514476614692
2022-10-25,45450,46750,44900,46750,274156,0.04820627802690591
2022-10-26,46750,47250,46150,46550,226279,-0.004278074866310155
2022-10-27,46950,47900,46750,47650,191108,0.023630504833512367
2022-10-28,48500,50900,48400,50300,535758,0.05561385099685201
2022-10-31,50500,51300,48450,49450,318809,-0.016898608349900646
2022-11-01,49400,50600,49100,50500,260568,0.02123356926188058
2022-11-02,49500,52300,49350,52000,370542,0.02970297029702973
2022-11-03,50800,52500,50800,52000,258300,0.0
2022-11-04,51400,52300,50800,51800,130651,-0.0038461538461538325
2022-11-07,51800,52800,51300,51600,181272,-0.0038610038610038533
2022-11-08,51800,52600,51700,52100,164114,0.009689922480620172
2022-11-09,52600,52600,51100,51500,284811,-0.01151631477927062
2022-11-10,50900,51900,50100,51000,383542,-0.009708737864077666
2022-11-11,52300,52400,50600,50900,308342,-0.0019607843137254832
2022-11-14,51100,51900,50700,51000,241984,0.0019646365422396617
2022-11-15,51400,51400,50100,50700,159033,-0.00588235294117645
2022-11-16,50300,50700,48300,49300,360080,-0.027613412228796874
2022-11-17,49500,49700,48800,48850,132261,-0.009127789046653123
2022-11-18,48900,49200,48350,48550,162368,-0.0061412487205732
2022-11-21,48850,49100,47900,48800,192051,0.005149330587023604
2022-11-22,49000,49050,46600,47000,407113,-0.03688524590163933
2022-11-23,47350,48300,47000,48300,250283,0.027659574468085202
2022-11-24,48600,48950,47100,47200,241591,-0.022774327122153215
2022-11-25,47350,47750,46850,47000,124053,-0.004237288135593209
2022-11-28,47000,47500,46450,47400,130506,0.008510638297872353
2022-11-29,47050,48150,46950,47950,142934,0.011603375527426074
2022-11-30,47650,48200,46850,48000,240623,0.0010427528675704956
2022-12-01,48800,49250,48150,48500,243614,0.01041666666666674
2022-12-02,48700,48900,47600,47650,138949,-0.017525773195876337
2022-12-05,47950,48000,46300,46650,202686,-0.02098635886673661
2022-12-06,46650,46850,45500,45800,229549,-0.018220793140407254
2022-12-07,45700,45700,44800,45600,136751,-0.004366812227074246
2022-12-08,46150,46500,45600,46150,220096,0.012061403508771829
2022-12-09,46750,46850,45550,45900,176987,-0.005417118093174467
2022-12-12,45400,45750,44800,45200,158444,-0.015250544662309351
2022-12-13,45300,45900,43400,43850,337466,-0.02986725663716816
2022-12-14,44000,44400,43150,44200,274509,0.007981755986316896
2022-12-15,44050,45350,43850,44600,227534,0.009049773755656076
2022-12-16,44650,46050,44450,45350,321872,0.01681614349775784
2022-12-19,45050,45250,43000,44300,260530,-0.023153252480705655
2022-12-20,43900,44400,42650,44350,255019,0.0011286681715576563
2022-12-21,44400,44450,43100,43300,188435,-0.02367531003382184
2022-12-22,43300,44400,43250,44100,206079,0.018475750577367167
2022-12-23,43500,43950,43200,43400,158734,-0.015873015873015928
2022-12-26,43400,43600,42850,43250,124712,-0.003456221198156695
2022-12-27,43250,43850,43250,43500,119318,0.005780346820809301
2022-12-28,42650,42850,42050,42100,175985,-0.03218390804597704
2022-12-29,41950,42000,40200,40300,290035,-0.04275534441805229
2023-01-02,40900,43200,40850,42350,252883,0.05086848635235741
2023-01-03,42150,43000,41050,42500,238529,0.0035419126328217754
2023-01-04,41550,42500,41400,41650,180243,-0.020000000000000018
2023-01-05,41850,42300,41200,41550,197337,-0.0024009603841537164
2023-01-06,41050,42900,40900,42650,198441,0.026474127557160054
2023-01-09,43650,44200,43300,43650,337866,0.023446658851113744
2023-01-10,43650,43650,42850,43500,187761,-0.0034364261168384758
2023-01-11,43600,43850,42950,43450,165005,-0.0011494252873562871
2023-01-12,43850,45000,43600,43850,249825,0.009205983889528202
2023-01-13,44400,44500,43500,43500,198964,-0.007981755986317007
2023-01-16,43500,44400,42850,43700,189890,0.0045977011494253706
2023-01-17,43800,44300,43150,43750,148636,0.0011441647597254523
2023-01-18,44000,44100,43000,43550,182815,-0.00457142857142856
2023-01-19,43050,43050,42500,42950,193505,-0.013777267508610747
2023-01-20,42650,43150,42550,43100,108484,0.0034924330616996624
2023-01-25,43400,44250,43400,43850,165124,0.01740139211136893
2023-01-26,44050,45550,43900,45500,305604,0.03762827822120873
2023-01-27,45750,46250,44650,45150,298482,-0.007692307692307665
2023-01-30,45300,45650,44150,44150,185418,-0.022148394241417457
2023-01-31,44050,44800,43700,44500,216291,0.007927519818799578
2023-02-01,44650,46000,44350,45350,353255,0.019101123595505642
2023-02-02,45650,45800,44650,44700,235383,-0.01433296582138921
2023-02-03,44650,45750,44400,45350,195897,0.014541387024608499
2023-02-06,45150,45850,44850,45100,161529,-0.005512679162072764
2023-02-07,45500,45900,45100,45200,172980,0.0022172949002217113
2023-02-08,45300,46950,45000,46700,350842,0.0331858407079646
2023-02-09,46600,47200,46050,46400,360982,-0.0064239828693790635
2023-02-10,45700,47950,45300,47600,637145,0.02586206896551735
2023-02-13,47600,47650,46050,46200,313898,-0.02941176470588236
2023-02-14,46400,47800,46050,46950,323653,0.016233766233766156
2023-02-15,47100,47850,46100,46300,182631,-0.013844515441959526
2023-02-16,46700,48450,46600,47750,358245,0.03131749460043198
2023-02-17,47000,48100,47000,47400,164427,-0.007329842931937169
2023-02-20,47550,47650,46750,47350,123929,-0.0010548523206751481
2023-02-21,47600,47700,46550,47200,185605,-0.0031678986272439813
2023-02-22,46500,47100,45800,45850,218464,-0.028601694915254217
2023-02-23,45850,47500,45650,46600,242240,0.016357688113413316
2023-02-24,46700,47500,46450,46650,143189,0.0010729613733906351
2023-02-27,46050,46450,44850,46300,163711,-0.007502679528403
2023-02-28,46400,48250,46400,47450,325159,0.024838012958963374
2023-03-02,47850,49800,47650,49100,545527,0.03477344573234986
2023-03-03,49500,51600,49300,51400,873157,0.046843177189409335
2023-03-06,51900,52100,50200,50400,279531,-0.01945525291828798
2023-03-07,50500,50500,48200,48200,368867,-0.04365079365079361
2023-03-08,47900,48600,47700,48250,178669,0.0010373443983402453
2023-03-09,48250,49300,48100,48550,337863,0.006217616580310947
2023-03-10,47950,48300,47300,47650,177013,-0.018537590113285263
2023-03-13,47600,48050,46700,47800,205253,0.0031479538300105414
2023-03-14,47300,47300,45050,45200,398113,-0.05439330543933052
2023-03-15,46000,46800,45700,45700,242457,0.01106194690265494
2023-03-16,45050,45350,44000,44650,275618,-0.022975929978118148
2023-03-17,44900,46750,44850,46600,286007,0.043673012318029114
2023-03-20,46500,46600,45000,45150,252636,-0.0311158798283262
2023-03-21,45650,46200,45000,45100,273600,-0.001107419712070845
2023-03-22,45650,45850,45150,45650,247038,0.012195121951219523
2023-03-23,45100,45300,44250,44950,384427,-0.01533406352683464
2023-03-24,45000,45400,44200,44500,185377,-0.010011123470522798
2023-03-27,44700,44700,44000,44550,132491,0.0011235955056179137
2023-03-28,44550,45250,44300,45150,219795,0.013468013468013407
2023-03-29,45200,46100,45000,45400,298648,0.005537098560354448
2023-03-30,45800,46300,45550,46000,236280,0.013215859030837107
2023-03-31,46300,46750,45300,45850,293036,-0.003260869565217428
2023-04-03,46350,47450,45950,46200,300700,0.007633587786259444
2023-04-04,46150,47600,45900,47250,428732,0.022727272727272707
2023-04-05,47300,47300,45500,46900,396608,-0.007407407407407418
2023-04-06,47100,47100,45400,45750,339951,-0.024520255863539453
2023-04-07,45800,46650,45450,46250,330485,0.010928961748633892
2023-04-10,46250,46350,45100,46000,296794,-0.00540540540540535
2023-04-11,45950,48000,45300,48000,576674,0.04347826086956519
2023-04-12,49150,49550,48300,49400,661908,0.029166666666666563
2023-04-13,49500,49500,47600,48550,338762,-0.01720647773279349
2023-04-14,49000,49000,47700,48000,262381,-0.011328527291452062
2023-04-17,48350,48350,47200,47800,248203,-0.004166666666666652
2023-04-18,47500,47700,46600,46900,324129,-0.01882845188284521
2023-04-19,46750,48000,46750,47850,256349,0.02025586353944564
2023-04-20,48300,48500,46600,46900,264046,-0.019853709508881878
2023-04-21,46600,46850,45400,46850,311323,-0.0010660980810234255
2023-04-24,47550,49300,47400,49000,734069,0.04589114194236932
2023-04-25,49300,50200,48350,49600,532879,0.012244897959183598
2023-04-26,49800,51100,47600,47750,547140,-0.037298387096774244
2023-04-27,47800,47800,46200,46250,330679,-0.03141361256544506
2023-04-28,46500,46700,45650,46250,226812,0.0
2023-05-02,46400,46900,46150,46750,137962,0.0108108108108107
2023-05-03,46450,46500,44500,44550,517397,-0.04705882352941182
2023-05-04,44550,44800,44400,44750,170391,0.004489337822671136
2023-05-08,45100,45800,45000,45250,254122,0.011173184357541999
2023-05-09,45250,45900,44700,45850,209014,0.013259668508287303
2023-05-10,45750,46600,45400,45850,237548,0.0
2023-05-11,46150,46850,45900,46100,171611,0.005452562704471031
2023-05-12,46050,46650,45400,46250,198781,0.0032537960954446277
2023-05-15,46050,46950,45900,46750,177853,0.0108108108108107
2023-05-16,46700,46700,45300,45700,200656,-0.022459893048128343
2023-05-17,45300,46400,45300,46250,150286,0.012035010940919078
2023-05-18,46700,47350,46650,47250,266360,0.021621621621621623
2023-05-19,47250,47550,46700,47400,198860,0.0031746031746031633
2023-05-22,47300,47800,47000,47450,212381,0.001054852320675037
2023-05-23,47950,48000,47200,47450,156569,0.0
2023-05-24,47200,48350,47000,48200,216033,0.015806111696522684
2023-05-25,47800,48200,47250,47300,170022,-0.018672199170124526
2023-05-26,47200,47850,46800,47500,160520,0.0042283298097252064
2023-05-30,48050,48050,46800,47700,187217,0.004210526315789442
2023-05-31,47800,49250,47800,48200,441634,0.01048218029350112
2023-06-01,48500,48950,47050,47100,196736,-0.022821576763485507
2023-06-02,47450,48100,47000,47750,176814,0.013800424628450214
2023-06-05,48200,48800,48100,48350,118888,0.012565445026178068
2023-06-07,48800,48800,47250,47300,239678,-0.02171664943123064
2023-06-08,47150,47550,46600,47100,223114,-0.0042283298097252064
2023-06-09,47350,47650,47000,47250,188302,0.0031847133757962887
2023-06-12,47250,48000,46700,47100,180525,-0.0031746031746031633
2023-06-13,47350,47750,47050,47350,201200,0.005307855626327074
2023-06-14,47350,48100,46550,46800,239911,-0.011615628299894376
2023-06-15,47300,49700,47150,49400,571289,0.05555555555555558
2023-06-16,49400,49750,49000,49350,267094,-0.0010121457489878916
2023-06-19,49900,49950,48350,48700,173678,-0.01317122593718334
2023-06-20,48700,48750,48150,48600,104609,-0.002053388090349051
2023-06-21,48800,51900,48200,51700,677497,0.06378600823045266
2023-06-22,51600,51600,50200,50800,307102,-0.01740812379110257
2023-06-23,50900,51700,50400,51000,257726,0.003937007874015741
2023-06-26,50400,51900,50400,51300,205224,0.00588235294117645
2023-06-27,51500,52400,50900,52100,224728,0.015594541910331383
2023-06-28,52500,53400,51700,53100,344766,0.019193857965451144
2023-06-29,53200,53300,52100,52500,240825,-0.011299435028248594
2023-06-30,52500,54500,52300,53900,383571,0.026666666666666616
2023-07-03,54000,54300,52800,53300,297373,-0.011131725417439675
2023-07-04,53000,53800,52300,53300,248219,0.0
2023-07-05,53400,53800,52400,53100,251705,-0.0037523452157598447
2023-07-06,53100,54500,52800,53200,414321,0.0018832391713747842
2023-07-07,53100,53400,51500,53000,254846,-0.003759398496240629
2023-07-10,53000,53600,52000,53100,148486,0.0018867924528302993
2023-07-11,53400,53700,52400,53500,177736,0.007532956685499137
2023-07-12,53500,53600,51900,52100,197926,-0.0261682242990654
2023-07-13,52500,52700,51100,51500,377562,-0.01151631477927062
2023-07-14,51900,53100,51700,52200,312760,0.013592233009708687
2023-07-17,51800,52400,50500,50900,230470,-0.02490421455938696
2023-07-18,51000,51100,49700,50000,325913,-0.017681728880157177
2023-07-19,50000,50900,49800,50400,153085,0.008000000000000007
2023-07-20,49950,50600,49350,50000,230270,-0.007936507936507908
2023-07-21,49550,50100,49150,49600,204177,-0.008000000000000007
2023-07-24,49550,49750,48550,48850,267249,-0.015120967741935498
2023-07-25,48650,50000,48650,49500,207634,0.013306038894575156
2023-07-26,49400,49400,47050,47950,400033,-0.03131313131313129
2023-07-27,48700,49450,47300,47900,430030,-0.0010427528675703845
2023-07-28,48050,49450,47700,48050,300930,0.0031315240083507057
2023-07-31,48200,48400,45850,46150,629635,-0.03954214360041619
2023-08-01,46400,46700,45850,46600,293435,0.009750812567713929
2023-08-02,46600,46600,45000,45050,343486,-0.03326180257510725
2023-08-03,45000,45450,44100,44650,309954,-0.008879023307436174
2023-08-04,44700,44850,44150,44650,220013,0.0
2023-08-07,44350,44350,43000,43100,439553,-0.034714445688689755
2023-08-08,43350,43550,42350,42400,363358,-0.016241299303944357
2023-08-09,42200,42800,42150,42800,220416,0.009433962264151052
2023-08-10,42500,42600,41900,42500,229329,-0.007009345794392496
2023-08-11,42900,44350,42850,44050,374095,0.03647058823529403
2023-08-14,44250,44300,43150,43150,236351,-0.020431328036322416
2023-08-16,42950,43000,41250,41950,347555,-0.02780996523754342
2023-08-17,41200,42000,40900,42000,252907,0.0011918951132301459
2023-08-18,41350,42300,41150,42300,221072,0.0071428571428571175
2023-08-21,42500,42500,41250,41500,173104,-0.01891252955082745
2023-08-22,41800,42150,41400,41800,117418,0.0072289156626506035
2023-08-23,41550,41750,41100,41350,162759,-0.010765550239234423
2023-08-24,41700,41800,41250,41600,125432,0.006045949214026569
2023-08-25,41050,41350,40950,41100,117500,-0.012019230769230727
2023-08-28,41500,41600,40950,41500,132764,0.009732360097323589
2023-08-29,41800,42200,41600,41900,181830,0.009638554216867545
2023-08-30,42500,42650,41850,42250,247596,0.00835322195704058
2023-08-31,42250,42300,41500,41900,248156,-0.008284023668639007
2023-09-01,41600,42150,41600,42050,183787,0.0035799522673030104
2023-09-04,42100,42250,41350,42150,220640,0.0023781212841855748
2023-09-05,42100,42150,41500,41650,234679,-0.011862396204033177
2023-09-06,41550,42250,41000,41300,266298,-0.008403361344537785
2023-09-07,41000,41300,40650,41100,229639,-0.004842615012106588
2023-09-08,41200,41200,40600,40850,156478,-0.006082725060827299
2023-09-11,40900,40950,40300,40450,185579,-0.009791921664626724
2023-09-12,40900,41350,40150,40350,253432,-0.0024721878862793423
2023-09-13,40150,41100,40150,40750,224382,0.00991325898389106
2023-09-14,40750,41000,40350,40600,259922,-0.0036809815950920033
2023-09-15,40800,41700,40300,41550,360828,0.023399014778325178
2023-09-18,41350,41550,40550,40700,217865,-0.020457280385078214
2023-09-19,40700,41250,40700,41050,291890,0.008599508599508532
2023-09-20,40800,42000,40600,41350,314885,0.0073081607795371095
2023-09-21,40900,42400,40600,40700,506004,-0.01571946795646917
2023-09-22,40450,41400,39950,41350,326872,0.01597051597051591
2023-09-25,41350,42250,40950,42150,321141,0.0193470374848852
2023-09-26,42250,42250,41000,41100,245587,-0.02491103202846978
2023-09-27,40550,42450,40500,42000,368779,0.021897810218978186
2023-10-04,41650,42000,41000,41250,360575,-0.017857142857142905
2023-10-05,41450,41600,40400,40750,261285,-0.012121212121212088
2023-10-06,40700,41400,40400,41050,170991,0.007361963190184007
2023-10-10,41650,41700,40300,40600,275460,-0.010962241169305775
2023-10-11,40700,41250,39050,39200,854421,-0.03448275862068961
2023-10-12,39350,40500,39350,40400,557091,0.030612244897959107
2023-10-13,39800,39850,37150,37250,949569,-0.07797029702970293
2023-10-16,37250,37950,36700,36900,359754,-0.00939597315436247
2023-10-17,37200,37600,36600,36650,431355,-0.006775067750677488
2023-10-18,36700,37250,36700,36900,272672,0.006821282401091366
2023-10-19,36650,36650,36050,36400,355960,-0.013550135501354976
2023-10-20,35700,36250,35050,35750,301217,-0.017857142857142905
2023-10-23,35600,36450,35500,36050,211753,0.008391608391608463
2023-10-24,35800,37050,35150,37000,345069,0.026352288488210807
2023-10-25,36900,37000,35850,36100,289588,-0.024324324324324298
2023-10-26,35850,35900,35450,35700,236218,-0.011080332409972304
2023-10-27,36000,36300,35350,35700,185942,0.0
2023-10-30,35550,35700,33000,33950,528474,-0.0490196078431373
2023-10-31,34150,34450,32650,32750,434685,-0.03534609720176729
2023-11-01,32950,33200,32400,32700,281910,-0.0015267175572518665
2023-11-02,33050,33850,33050,33500,317918,0.024464831804281273
2023-11-03,34000,34000,32850,33500,317113,0.0
2023-11-06,34500,35500,34150,35500,400540,0.05970149253731338
2023-11-07,35250,35250,34100,34350,224574,-0.032394366197183055
2023-11-08,34600,34800,34150,34200,164359,-0.004366812227074246
2023-11-09,34200,34800,34150,34150,235873,-0.0014619883040936088
2023-11-10,33650,34050,33450,33550,139507,-0.017569546120058566
2023-11-13,33850,34100,33250,33600,100840,0.0014903129657228842
2023-11-14,33850,34150,33600,34000,141389,0.011904761904761862
2023-11-15,34650,35100,34600,34950,212925,0.027941176470588136
2023-11-16,34800,36000,34700,35750,215597,0.022889842632331847
2023-11-17,35700,35750,35250,35650,103301,-0.002797202797202747
2023-11-20,35550,35900,35300,35850,132399,0.005610098176718203
2023-11-21,36250,36250,35800,36000,111814,0.004184100418409997
2023-11-22,35550,36200,35400,36100,131386,0.002777777777777768
2023-11-23,36000,36300,35800,36300,106748,0.005540166204986097
2023-11-24,36400,36550,36050,36400,87346,0.0027548209366390353
2023-11-27,36500,36550,36000,36350,84790,-0.0013736263736263687
2023-11-28,36400,36550,36150,36500,81264,0.004126547455295837
2023-11-29,36500,36800,36200,36400,134950,-0.002739726027397249
2023-11-30,36500,36500,35550,35650,253207,-0.020604395604395642
2023-12-01,35650,35700,35100,35100,160246,-0.015427769985974726
2023-12-04,35450,36250,35200,35250,210626,0.004273504273504258
2023-12-05,35200,35600,34800,34900,128348,-0.009929078014184411
2023-12-06,35050,35600,35050,35600,153018,0.02005730659025784
2023-12-07,35150,35700,35050,35450,155825,-0.004213483146067398
2023-12-08,35650,36250,35400,36100,198587,0.01833568406205921
2023-12-11,36300,36300,35050,35400,189023,-0.01939058171745156
2023-12-12,35550,35850,35450,35700,129398,0.008474576271186418
2023-12-13,35800,35800,35350,35400,96132,-0.008403361344537785
2023-12-14,35900,36150,35250,35700,250414,0.008474576271186418
2023-12-15,35800,36750,35600,36400,403944,0.019607843137254832
2023-12-18,36800,37000,35950,36200,260552,-0.005494505494505475
2023-12-19,36400,36550,36150,36300,162825,0.0027624309392264568
2023-12-20,36600,38300,36450,38250,694155,0.05371900826446274
2023-12-21,38200,39650,37900,38200,612598,-0.0013071895424836555
2023-12-22,38450,38750,38100,38100,238005,-0.002617801047120394
2023-12-26,38450,39000,38000,38700,191219,0.015748031496062964
2023-12-27,38650,38700,37350,37650,293575,-0.027131782945736482
2023-12-28,37700,39550,37700,39350,504284,0.04515272244355906
2024-01-02,39300,40200,39000,40100,299673,0.019059720457433205
2024-01-03,39750,39850,38750,38800,251268,-0.032418952618453845
2024-01-04,38300,39000,37750,38200,308103,-0.015463917525773141
2024-01-05,38000,38150,37350,37600,168226,-0.015706806282722474
2024-01-08,37700,38050,37650,37800,97799,0.005319148936170137
2024-01-09,38200,38450,37600,37650,122012,-0.003968253968253954
2024-01-10,37650,38900,37550,38100,161942,0.01195219123505975
2024-01-11,38800,38900,38000,38000,118157,-0.002624671916010457
2024-01-12,38000,38400,37250,38100,165983,0.002631578947368318
2024-01-15,38050,38700,37700,38300,108658,0.005249343832020914
2024-01-16,38200,38500,37000,37000,129654,-0.03394255874673624
2024-01-17,37000,37300,35000,35000,320052,-0.05405405405405406
2024-01-18,35000,35150,34200,34250,168578,-0.021428571428571463
2024-01-19,34350,34650,34050,34300,158681,0.0014598540145984717
2024-01-22,34450,34450,33800,33950,118983,-0.010204081632653073
2024-01-23,34100,35200,33800,35200,161180,0.036818851251841034
2024-01-24,35400,35400,34500,34950,112356,-0.007102272727272707
2024-01-25,34950,35600,34600,35350,169291,0.011444921316166035
2024-01-26,35650,35650,35000,35500,123534,0.004243281471004279
2024-01-29,35500,35900,35000,35500,144480,0.0
2024-01-30,35750,36100,35000,35000,106002,-0.014084507042253502
2024-01-31,34900,35550,34850,35200,161332,0.005714285714285783
2024-02-01,34700,36050,34600,35700,307797,0.014204545454545414
2024-02-02,36300,37050,35600,36750,515165,0.02941176470588225
2024-02-05,37550,38550,36050,36850,614666,0.0027210884353741083
2024-02-06,36200,36650,32600,32650,1580239,-0.11397557666214386
2024-02-07,32700,33550,32150,32800,894319,0.004594180704440953
2024-02-08,32900,34150,32600,34050,701686,0.038109756097560954
2024-02-13,34500,35250,34050,34150,432411,0.002936857562408246
2024-02-14,33600,34750,33600,34300,268450,0.004392386530014614
2024-02-15,34550,34550,33200,33300,401122,-0.029154518950437303
2024-02-16,33550,34300,33300,34300,295373,0.03003003003003002
2024-02-19,34250,34600,33750,34600,275920,0.008746355685131268
2024-02-20,34400,34850,34300,34550,239208,-0.0014450867052022698
2024-02-21,34500,34600,34050,34350,193651,-0.005788712011577379
2024-02-22,34650,35150,34300,34950,288383,0.017467248908296984
2024-02-23,35200,35250,34350,34450,214259,-0.014306151645207432
2024-02-26,34300,34400,33400,34100,265292,-0.010159651669085612
2024-02-27,33950,34100,33050,33050,265443,-0.030791788856304958
2024-02-28,33000,33850,32800,33600,151990,0.016641452344931862
2024-02-29,33300,33600,33050,33150,208280,-0.013392857142857095
2024-03-04,33450,33800,33050,33100,189532,-0.0015082956259426794
2024-03-05,32950,33500,32900,33200,211358,0.0030211480362538623
2024-03-06,33000,33500,32900,33150,223122,-0.001506024096385561
2024-03-07,33300,33550,33100,33400,143004,0.007541478129713397
2024-03-08,33800,33950,33100,33150,154718,-0.007485029940119792
2024-03-11,33050,33200,32750,32800,148989,-0.010558069381598756
2024-03-12,33000,33000,32600,32750,132302,-0.0015243902439023849
2024-03-13,32950,32950,32200,32250,243359,-0.01526717557251911
2024-03-14,32300,33100,32150,33100,235481,0.02635658914728678
2024-03-15,33300,33500,32800,33200,165217,0.0030211480362538623
2024-03-18,33400,33400,32850,32850,101725,-0.010542168674698815
2024-03-19,32650,32950,32300,32300,143474,-0.016742770167427756
2024-03-20,32450,32700,32150,32450,144503,0.004643962848297267
2024-03-21,32900,33300,32800,32950,338244,0.015408320493066174
2024-03-22,33000,33450,32800,32900,162585,-0.0015174506828528056
2024-03-25,33000,33300,32850,33000,118659,0.003039513677811634
2024-03-26,33100,34050,33100,33700,288396,0.021212121212121238
2024-03-27,33900,34700,33750,34300,322768,0.017804154302670572
2024-03-28,34350,34450,33900,34100,155295,-0.005830903790087438
2024-03-29,34050,34050,33200,33300,181739,-0.02346041055718473
2024-04-01,33500,34050,33300,34000,136880,0.021021021021021102
2024-04-02,33700,34000,33250,33350,151072,-0.019117647058823573
2024-04-03,33000,33350,32600,32800,187510,-0.016491754122938573
2024-04-04,33050,33250,32700,32950,155855,0.004573170731707377
2024-04-05,32500,33300,32300,33300,159221,0.01062215477996964
2024-04-08,33200,33650,33100,33400,194270,0.0030030030030030463
2024-04-09,33600,33750,33250,33250,99541,-0.004491017964071808
2024-04-11,32600,33750,32600,33450,192200,0.006015037593984918
2024-04-12,33150,33700,32900,32900,150017,-0.01644245142002987
2024-04-15,32600,33050,31900,33050,226817,0.004559270516717229
2024-04-16,32550,32850,32050,32700,136111,-0.010590015128593033
2024-04-17,32500,32800,32150,32150,141435,-0.016819571865443472
2024-04-18,32150,32400,31450,32350,206025,0.0062208398133747345
2024-04-19,31950,32050,31350,31650,148580,-0.021638330757341562
2024-04-22,31950,33000,31950,32750,159438,0.034755134281200695
2024-04-23,32500,32850,32250,32850,112060,0.003053435114503733
2024-04-24,33000,33150,32500,32800,120809,-0.0015220700152207556
2024-04-25,32900,33450,32650,32650,251239,-0.004573170731707266
2024-04-26,32800,33000,32400,32600,113157,-0.0015313935681470214
2024-04-29,33550,38350,33500,38350,3340279,0.1763803680981595
2024-04-30,39050,39950,38100,39400,1778533,0.027379400260756137
2024-05-02,39400,40000,38550,39500,667292,0.002538071065989911
2024-05-03,39150,40500,38800,39050,623057,-0.011392405063291089
2024-05-07,39250,39400,38150,39000,407373,-0.001280409731113985
2024-05-08,38950,40050,38650,39800,531483,0.02051282051282044
2024-05-09,39700,39800,38600,38700,329002,-0.027638190954773822
2024-05-10,39000,39200,37900,38250,261355,-0.011627906976744207
2024-05-13,38600,38700,38000,38350,212603,0.002614379084967311
2024-05-14,38350,38700,37600,37600,288164,-0.019556714471968717
2024-05-16,38100,38200,37250,37400,229277,-0.005319148936170248
2024-05-17,37400,37700,36250,36500,256700,-0.024064171122994638
2024-05-20,36900,38350,36900,38000,375281,0.041095890410958846
2024-05-21,37650,38250,37150,37750,194407,-0.006578947368421018
2024-05-22,38250,39100,37350,38950,367144,0.03178807947019857
2024-05-23,38800,39200,38050,39050,339370,0.0025673940949935137
2024-05-24,38500,38550,37650,37800,227208,-0.03201024327784896
2024-05-27,38150,43950,37650,43350,2770620,0.14682539682539675
2024-05-28,43050,43550,42250,43150,567874,-0.0046136101499423265
2024-05-29,42600,43100,41400,42050,398499,-0.02549246813441486
2024-05-30,41750,43750,41200,43400,787681,0.03210463733650415
2024-05-31,43850,45400,43000,43400,1048061,0.0
2024-06-03,43350,45750,43350,43850,576417,0.010368663594469973
2024-06-04,44150,45300,43100,44700,487562,0.019384264538198304
2024-06-05,44900,50000,44800,49600,2065918,0.10961968680089496
2024-06-07,49000,49500,47550,47550,730851,-0.04133064516129037
2024-06-10,47150,48100,46200,46750,445245,-0.01682439537329128
2024-06-11,47000,47800,45550,47100,515277,0.007486631016042855
2024-06-12,47300,48900,47100,47500,461015,0.00849256900212314
2024-06-13,47650,47800,43700,44000,1377307,-0.0736842105263158
2024-06-14,44200,44600,42450,43050,717693,-0.021590909090909105
2024-06-17,43050,45350,43050,45350,815955,0.05342624854819977
2024-06-18,46200,46500,44350,44350,709937,-0.022050716648291058
2024-06-19,44900,46350,44350,45250,501511,0.02029312288613294
2024-06-20,45350,46600,44800,45600,389627,0.007734806629834168
2024-06-21,45700,45750,42300,42800,856217,-0.06140350877192979
2024-06-24,42700,44100,42050,43200,388584,0.009345794392523255
2024-06-25,43800,45400,43750,44700,550513,0.03472222222222232
2024-06-26,46400,46400,45100,45600,504714,0.020134228187919545
2024-06-27,45300,45500,44100,44100,334825,-0.03289473684210531
2024-06-28,44200,45800,43900,43900,320794,-0.0045351473922902175
2024-07-01,43900,45300,43350,44700,259983,0.018223234624145768
2024-07-02,44200,44600,42350,43350,445821,-0.030201342281879207
2024-07-03,43750,45400,42950,43400,430873,0.0011534025374855261
2024-07-04,43950,44150,43050,44100,198924,0.016129032258064502
2024-07-05,44300,44700,42450,42500,428587,-0.03628117913832196
2024-07-08,42450,42450,40850,41950,342519,-0.012941176470588234
2024-07-09,41950,41950,40900,41800,397944,-0.0035756853396901045
2024-07-10,41900,43250,41650,42200,561174,0.009569377990430672
2024-07-11,42300,42600,41850,42350,207322,0.0035545023696681444
2024-07-12,42350,42650,41150,41450,211594,-0.02125147579693032
2024-07-15,41850,41900,41150,41450,114831,0.0
2024-07-16,41450,42750,41200,42500,234122,0.02533172496984326
2024-07-17,42500,43100,41600,41700,369657,-0.018823529411764683
2024-07-18,41600,41600,39500,40200,436252,-0.03597122302158273
2024-07-19,40000,41250,39450,41250,312691,0.026119402985074647
2024-07-22,41050,41200,40150,40800,197435,-0.010909090909090868
2024-07-23,40900,42500,40900,41900,271637,0.026960784313725394
2024-07-24,41500,41750,39950,40150,218604,-0.0417661097852029
2024-07-25,39750,39750,38500,39000,319018,-0.028642590286425906
2024-07-26,39150,39900,38550,39450,194440,0.011538461538461497
2024-07-29,39450,40350,39050,39850,169138,0.010139416983523386
2024-07-30,39850,40150,38400,38400,227506,-0.03638644918444167
2024-07-31,38650,39250,38450,39000,168368,0.015625
2024-08-01,39000,39750,38700,38750,204930,-0.0064102564102563875
2024-08-02,38100,38250,37300,37400,178354,-0.03483870967741931
2024-08-05,36550,36750,31650,32600,348528,-0.12834224598930477
2024-08-06,32800,35400,32800,34400,317208,0.05521472392638027
2024-08-07,33900,34850,33800,34700,205070,0.008720930232558155
2024-08-08,34150,34750,33800,34550,206450,-0.004322766570605152
2024-08-09,35150,35900,34850,35600,171204,0.03039073806078152
2024-08-12,36100,36400,35350,35950,107655,0.00983146067415741
2024-08-13,35350,36100,35250,35550,69074,-0.011126564673157202
2024-08-14,36000,36100,35050,35550,105315,0.0
2024-08-16,36100,36250,35250,35400,216868,-0.00421940928270037
2024-08-19,35750,36200,35250,35600,140548,0.005649717514124353
2024-08-20,35700,36050,35450,35800,122946,0.00561797752808979
2024-08-21,35700,36050,35500,35600,116861,-0.005586592178770999
2024-08-22,36000,36300,35450,35550,171759,-0.001404494382022503
2024-08-23,35550,35650,34900,35400,111710,-0.00421940928270037
2024-08-26,35600,36050,35000,35200,78433,-0.005649717514124242
2024-08-27,35400,35400,34300,34650,178748,-0.015625
2024-08-28,34450,34900,34100,34800,109529,0.0043290043290042934
2024-08-29,34650,34900,34250,34550,139134,-0.007183908045977017
2024-08-30,34750,35150,33950,33950,227911,-0.01736613603473225
2024-09-02,34300,34550,33600,33800,130867,-0.004418262150220897
2024-09-03,33650,33800,33100,33250,161475,-0.016272189349112454
2024-09-04,32500,32500,31550,31750,310790,-0.045112781954887216
2024-09-05,32000,32400,31700,32050,132350,0.009448818897637823
2024-09-06,32050,32300,31600,32100,160127,0.0015600624024960652
2024-09-09,31200,32250,30850,32050,166705,-0.0015576323987538387
2024-09-10,32000,32350,31600,31750,82086,-0.009360374414976613
2024-09-11,31900,32000,30850,31100,196832,-0.020472440944881876
2024-09-12,31400,33000,31400,32950,335945,0.059485530546623755
2024-09-13,33700,34950,32850,33000,460927,0.0015174506828528056
2024-09-19,33300,33550,32500,33500,184869,0.015151515151515138
2024-09-20,33500,33600,32500,32500,292664,-0.02985074626865669
2024-09-23,32600,32950,32300,32650,130337,0.004615384615384688
2024-09-24,32850,34500,32750,34500,297220,0.05666156202143946
2024-09-25,34800,37000,34600,35500,695117,0.02898550724637672
2024-09-26,35450,36300,35050,36300,302495,0.022535211267605604
2024-09-27,36300,36850,35700,35800,177191,-0.01377410468319562
2024-09-30,36650,38150,36300,36800,454515,0.027932960893854775
2024-10-02,36400,37350,35500,36950,205184,0.0040760869565217295
2024-10-04,36800,38300,36550,38100,339877,0.0311231393775373
2024-10-07,38300,39500,37650,38900,311218,0.0209973753280841
2024-10-08,38500,38850,37350,37400,179202,-0.03856041131105403
2024-10-10,37100,38850,37050,38500,268150,0.02941176470588225
2024-10-11,38500,39250,38050,38350,157691,-0.003896103896103842
2024-10-14,38500,38900,37700,38150,137190,-0.0052151238591916504
2024-10-15,38000,39150,37500,39000,155930,0.022280471821756187
2024-10-16,38500,40000,38100,39000,289555,0.0
2024-10-17,39050,39300,37900,38450,126718,-0.014102564102564052
2024-10-18,38000,38500,36000,36200,254866,-0.05851755526657998
2024-10-21,36350,36850,35650,36350,123976,0.004143646408839796
2024-10-22,35800,38100,35800,37300,288629,0.026134800550206227
2024-10-23,37500,37500,35750,36650,218359,-0.017426273458445052
2024-10-24,37100,39800,36750,39700,562407,0.08321964529331516
2024-10-25,39850,40950,39200,40200,421150,0.012594458438287104
2024-10-28,38000,38700,36400,38350,640683,-0.04601990049751248
2024-10-29,38750,38800,35700,36000,377399,-0.06127770534550192
2024-10-30,36300,36600,35500,36250,154648,0.00694444444444442
2024-10-31,36200,37150,35800,36350,237532,0.0027586206896552667
2024-11-01,36000,37550,35950,36900,170570,0.015130674002751032
2024-11-04,36950,37300,36000,36150,160363,-0.020325203252032575
2024-11-05,36000,37300,36000,36100,208400,-0.0013831258644536604
2024-11-06,36500,36500,35400,35950,158952,-0.0041551246537395725
2024-11-07,35600,37150,34500,36550,249304,0.016689847009735637
2024-11-08,37000,37150,36350,36500,100240,-0.001367989056087593
2024-11-11,36300,39750,36300,39550,379434,0.08356164383561637
2024-11-12,39000,40300,38000,38000,397218,-0.039190897597977226
2024-11-13,38200,38300,36700,37200,197593,-0.021052631578947323
2024-11-14,37200,37700,36850,37300,180885,0.0026881720430107503
2024-11-15,36750,37800,36700,36950,112753,-0.009383378016085797
2024-11-18,36950,42450,36750,42050,923923,0.13802435723951278
2024-11-19,42050,42400,41000,41200,469532,-0.02021403091557672
2024-11-20,41200,42900,41050,42750,464328,0.03762135922330101
2024-11-21,43400,43400,40000,40000,418750,-0.06432748538011701
2024-11-22,40350,41450,40000,41400,213818,0.03499999999999992
2024-11-25,41400,42300,40350,40950,333470,-0.010869565217391353
2024-11-26,40600,41900,40450,41100,209960,0.00366300366300365
2024-11-27,40700,40750,37300,37450,713990,-0.0888077858880778
2024-11-28,37800,39200,37800,38200,360569,0.020026702269692942
2024-11-29,38450,38850,37900,38600,149969,0.010471204188481575
2024-12-02,39150,40300,38350,38650,205809,0.0012953367875647714
2024-12-03,39250,39500,38250,38850,144265,0.005174644243208348
2024-12-04,37950,38750,37200,38450,209713,-0.01029601029601035
2024-12-05,38700,39450,37500,37500,111169,-0.024707412223667125
2024-12-06,37650,38250,36650,37950,150874,0.01200000000000001
2024-12-09,37600,38750,36650,37750,303498,-0.005270092226614009
2024-12-10,38100,40250,38100,39450,275334,0.04503311258278142
2024-12-11,39450,42250,39250,41800,403084,0.05956907477820028
2024-12-12,42150,43300,42150,42650,386174,0.020334928229664984
2024-12-13,42200,42800,41750,42550,153150,-0.0023446658851113966
2024-12-16,43000,43900,42550,42700,284744,0.003525264394829586
2024-12-17,43000,44250,42600,43400,195105,0.016393442622950838
2024-12-18,43500,43750,42650,43500,162086,0.0023041474654377225
2024-12-19,42350,43300,42050,42300,119389,-0.02758620689655178
2024-12-20,42100,42500,41550,41750,109147,-0.013002364066193817
2024-12-23,42100,42400,41200,42200,85963,0.010778443113772518
2024-12-24,42250,42400,40850,41500,120742,-0.016587677725118488
2024-12-26,41700,42700,41200,42400,137868,0.02168674698795181
2024-12-27,42100,42500,40900,41000,54379,-0.03301886792452835
2024-12-30,40500,41100,40000,40650,92594,-0.008536585365853666
2025-01-02,40500,42800,39800,42200,223853,0.038130381303812966
2025-01-03,42000,42350,40050,40400,269168,-0.042654028436018954
2025-01-06,40900,42650,40800,42500,282483,0.051980198019802026
2025-01-07,42900,43800,42500,42600,211488,0.0023529411764706687
2025-01-08,42000,43000,41850,42250,119367,-0.008215962441314506
2025-01-09,42400,43550,41150,41350,250469,-0.02130177514792897
2025-01-10,41350,42600,41100,41950,248135,0.0145102781136639
2025-01-13,41950,42100,40850,41700,161201,-0.005959475566150174
2025-01-14,41900,44950,41800,44850,557333,0.07553956834532372
2025-01-15,45000,45300,44100,44850,296026,0.0
2025-01-16,45250,45550,44350,44600,176978,-0.005574136008918651
2025-01-17,44250,45200,43750,45150,282274,0.012331838565022402
2025-01-20,45500,45500,43650,44000,136856,-0.025470653377630104
2025-01-21,44000,46100,44000,44850,236347,0.01931818181818179
2025-01-22,45150,45200,44000,44000,103361,-0.018952062430323324
2025-01-23,43950,44000,42550,43000,165975,-0.022727272727272707
2025-01-24,43000,43950,42700,43600,90440,0.013953488372093092
2025-01-31,44000,44650,43700,44500,227392,0.020642201834862428
2025-02-03,43000,44350,41000,41200,277895,-0.07415730337078652
2025-02-04,41900,43300,41550,41850,160223,0.01577669902912615
2025-02-05,41950,42500,41750,42300,87882,0.010752688172043001
2025-02-06,42650,43100,40300,40700,282152,-0.0378250591016549
