Date,Open,High,Low,Close,Volume,Change
2022-01-03,19000,20500,19000,20150,1927,0.007500000000000062
2022-01-04,20250,21000,20000,20700,4158,0.027295285359801413
2022-01-05,20500,20700,19500,20700,541,0.0
2022-01-06,20700,20700,20700,20700,115,0.0
2022-01-07,20700,22000,20000,20950,1212,0.012077294685990392
2022-01-10,20000,20950,20000,20950,211,0.0
2022-01-11,20900,22000,20900,20950,450,0.0
2022-01-12,20900,20900,20900,20900,213,-0.0023866348448687846
2022-01-13,20900,20900,20850,20850,125,-0.0023923444976076125
2022-01-14,20850,21450,20750,20750,162,-0.004796163069544335
2022-01-17,21000,21050,20900,21050,508,0.014457831325301207
2022-01-18,21050,21050,21000,21000,62,-0.002375296912114022
2022-01-19,20500,20500,20500,20500,788,-0.023809523809523836
2022-01-20,20500,20500,20500,20500,630,0.0
2022-01-21,20500,21000,20500,20500,227,0.0
2022-01-24,20000,20000,20000,20000,31,-0.024390243902439046
2022-01-25,20000,20000,20000,20000,0,0.0
2022-01-26,20000,21000,20000,20000,130,0.0
2022-01-27,20000,20000,20000,20000,500,0.0
2022-01-28,21000,21000,21000,21000,1,0.050000000000000044
2022-02-03,20000,21000,20000,21000,152,0.0
2022-02-04,21000,21000,21000,21000,1,0.0
2022-02-07,20000,20000,17850,19500,1189,-0.0714285714285714
2022-02-08,20000,20000,19000,20000,151,0.02564102564102555
2022-02-09,19000,19000,19000,19000,139,-0.050000000000000044
2022-02-10,19050,19050,19050,19050,0,0.002631578947368318
2022-02-11,19450,20000,19450,20000,287,0.04986876640419946
2022-02-14,19450,19450,19450,19450,100,-0.02749999999999997
2022-02-15,19050,19850,19000,19500,205,0.0025706940874035134
2022-02-16,19500,21900,19500,21900,70,0.12307692307692308
2022-02-17,20000,20950,20000,20950,201,-0.04337899543378998
2022-02-18,21900,21900,21900,21900,35,0.04534606205250591
2022-02-21,21900,21900,21900,21900,5,0.0
2022-02-22,20000,21900,20000,21900,131,0.0
2022-02-23,21300,21300,21300,21300,100,-0.0273972602739726
2022-02-24,21300,21750,21300,21300,238,0.0
2022-02-25,20000,20950,20000,20950,54,-0.016431924882629123
2022-02-28,20900,20900,20900,20900,0,-0.0023866348448687846
2022-03-02,20900,24000,20900,22950,274,0.09808612440191378
2022-03-03,24000,24000,23000,23000,68,0.002178649237472685
2022-03-04,22500,26000,22500,24000,115,0.04347826086956519
2022-03-07,25000,25000,24000,24000,2,0.0
2022-03-08,25000,25000,24000,25000,122,0.04166666666666674
2022-03-10,25000,25000,25000,25000,8,0.0
2022-03-11,27000,27000,22050,27000,91,0.08000000000000007
2022-03-14,27000,31050,27000,27100,118,0.0037037037037037646
2022-03-15,27100,27100,27100,27100,0,0.0
2022-03-16,31000,31000,31000,31000,4,0.1439114391143912
2022-03-17,31000,31000,31000,31000,5,0.0
2022-03-18,31000,31000,31000,31000,31,0.0
2022-03-21,30000,30000,30000,30000,1,-0.032258064516129004
2022-03-22,30000,30000,30000,30000,0,0.0
2022-03-23,30000,31000,30000,31000,53,0.03333333333333344
2022-03-24,31000,31000,31000,31000,12,0.0
2022-03-25,31000,31000,31000,31000,50,0.0
2022-03-28,31100,31100,31100,31100,20,0.003225806451612856
2022-03-29,31100,31100,31100,31100,23,0.0
2022-03-30,30500,30500,30500,30500,30,-0.019292604501607746
2022-03-31,30000,30500,29000,30000,25,-0.016393442622950838
2022-04-01,30000,30500,30000,30500,15,0.016666666666666607
2022-04-04,32000,32000,30000,30000,8,-0.016393442622950838
2022-04-05,30000,31500,30000,31000,145,0.03333333333333344
2022-04-06,30500,30500,30500,30500,0,-0.016129032258064502
2022-04-07,31000,31000,31000,31000,748,0.016393442622950838
2022-04-08,31000,32000,30000,32000,578,0.032258064516129004
2022-04-11,32050,32500,31500,32500,220,0.015625
2022-04-12,0,0,0,32500,0,0.0
2022-04-13,0,0,0,32500,0,0.0
2022-04-14,0,0,0,32500,0,0.0
2022-04-15,0,0,0,32500,0,0.0
2022-04-18,0,0,0,32500,0,0.0
2022-04-19,0,0,0,32500,0,0.0
2022-04-20,0,0,0,32500,0,0.0
2022-04-21,0,0,0,32500,0,0.0
2022-04-22,0,0,0,32500,0,0.0
2022-04-25,0,0,0,32500,0,0.0
2022-04-26,0,0,0,32500,0,0.0
2022-04-27,0,0,0,32500,0,0.0
2022-04-28,0,0,0,32500,0,0.0
2022-04-29,7200,7450,7200,7450,1153,-0.7707692307692308
2022-05-02,7500,8100,7500,8100,700,0.08724832214765099
2022-05-03,8200,8500,8200,8300,831,0.024691358024691468
2022-05-04,8550,9200,8500,9100,830,0.09638554216867479
2022-05-06,9100,9110,8700,8900,1633,-0.02197802197802201
2022-05-09,8900,8900,8410,8640,786,-0.02921348314606742
2022-05-10,8600,8600,8200,8200,377,-0.05092592592592593
2022-05-11,8000,8400,8000,8190,323,-0.0012195121951219523
2022-05-12,8400,8400,7950,8000,1749,-0.023199023199023228
2022-05-13,7800,7990,7180,7800,2522,-0.025000000000000022
2022-05-16,7700,7900,7400,7400,318,-0.05128205128205132
2022-05-17,7800,7800,7000,7200,170,-0.027027027027026973
2022-05-18,7800,7800,7200,7200,165,0.0
2022-05-19,7010,7400,7010,7400,41,0.02777777777777768
2022-05-20,7800,7800,7600,7600,55,0.027027027027026973
2022-05-23,7600,7600,7400,7490,110,-0.014473684210526305
2022-05-24,7490,7490,7490,7490,0,0.0
2022-05-25,7800,7800,7410,7700,151,0.028037383177569986
2022-05-26,7800,7800,7800,7800,10,0.01298701298701288
2022-05-27,7800,7800,7800,7800,800,0.0
2022-05-30,7600,7600,7500,7600,220,-0.02564102564102566
2022-05-31,7800,7800,7500,7600,270,0.0
2022-06-02,7800,7800,7800,7800,6,0.026315789473684292
2022-06-03,8200,8200,8000,8000,15,0.02564102564102555
2022-06-07,8000,8000,7400,7800,642,-0.025000000000000022
2022-06-08,7600,7900,7600,7600,1207,-0.02564102564102566
2022-06-09,7600,7700,7600,7700,52,0.013157894736842035
2022-06-10,7700,7700,7300,7600,913,-0.012987012987012991
2022-06-13,7590,7590,7590,7590,0,-0.001315789473684159
2022-06-14,7600,7600,7600,7600,10,0.0013175230566535578
2022-06-15,7600,7600,7600,7600,10,0.0
2022-06-16,7800,7800,7400,7600,260,0.0
2022-06-17,7600,7600,7600,7600,5,0.0
2022-06-20,7800,7800,6470,7030,585,-0.07499999999999996
2022-06-21,7020,7190,7020,7170,130,0.019914651493598834
2022-06-22,7000,7400,7000,7200,754,0.004184100418409997
2022-06-23,7500,7500,6860,7290,130,0.012499999999999956
2022-06-24,7280,7280,7280,7280,11,-0.00137174211248281
2022-06-27,7280,7380,7280,7350,158,0.009615384615384581
2022-06-28,7340,7400,7340,7350,560,0.0
2022-06-29,7340,7340,7340,7340,5,-0.0013605442176870541
2022-06-30,6900,7300,6900,7300,110,-0.00544959128065392
2022-07-01,7300,7300,7300,7300,21,0.0
2022-07-04,7200,7200,7200,7200,0,-0.013698630136986356
2022-07-05,7300,7300,7300,7300,1,0.01388888888888884
2022-07-06,7200,7200,7200,7200,10,-0.013698630136986356
2022-07-07,7200,7200,7100,7100,18,-0.01388888888888884
2022-07-08,7000,7000,7000,7000,130,-0.014084507042253502
2022-07-11,7300,7300,6800,7290,6,0.04142857142857137
2022-07-12,7000,7290,7000,7200,188,-0.012345679012345734
2022-07-13,7100,7100,6300,7050,111,-0.02083333333333337
2022-07-14,7390,7390,7240,7250,102,0.028368794326241176
2022-07-15,6300,7250,6170,7240,413,-0.0013793103448276334
2022-07-18,6200,7190,6160,7000,1391,-0.03314917127071826
2022-07-19,7150,7150,6890,6890,19,-0.01571428571428568
2022-07-20,6700,7000,6700,7000,53,0.0159651669085632
2022-07-21,7150,7150,7150,7150,3,0.021428571428571352
2022-07-22,7000,7000,6700,7000,66,-0.020979020979020935
2022-07-25,7000,7000,7000,7000,50,0.0
2022-07-26,7600,7600,7000,7300,411,0.04285714285714293
2022-07-27,7250,7250,7250,7250,0,-0.006849315068493178
2022-07-28,7250,7250,7250,7250,0,0.0
2022-07-29,7250,7400,7000,7400,2386,0.020689655172413834
2022-08-01,7600,7600,7500,7500,1004,0.013513513513513598
2022-08-02,7200,7250,6800,7250,31,-0.033333333333333326
2022-08-03,7000,7400,7000,7400,13,0.020689655172413834
2022-08-04,7600,7800,7090,7800,15,0.054054054054053946
2022-08-05,7800,7800,7800,7800,100,0.0
2022-08-08,7800,7800,7400,7750,1121,-0.0064102564102563875
2022-08-09,7800,7800,7100,7790,195,0.005161290322580614
2022-08-10,7790,7790,7100,7390,318,-0.051347881899871606
2022-08-11,7500,7500,7210,7490,113,0.013531799729364025
2022-08-12,7400,7400,7200,7200,14,-0.03871829105473967
2022-08-16,7390,7390,7100,7370,54,0.023611111111111027
2022-08-17,7370,7430,7000,7390,322,0.0027137042062415073
2022-08-18,7380,7380,7380,7380,0,-0.0013531799729363803
2022-08-19,7380,7590,7380,7590,102,0.028455284552845628
2022-08-22,7590,7590,7590,7590,270,0.0
2022-08-23,7580,7580,7580,7580,0,-0.0013175230566534468
2022-08-24,7790,7790,7200,7600,12,0.0026385224274405594
2022-08-25,7790,7790,7790,7790,1,0.02499999999999991
2022-08-26,7990,7990,7200,7790,835,0.0
2022-08-29,7500,7500,7400,7400,85,-0.05006418485237485
2022-08-30,6800,7400,6800,7400,484,0.0
2022-08-31,7200,7200,6810,6830,394,-0.07702702702702702
2022-09-01,7400,7400,7000,7000,15,0.02489019033674955
2022-09-02,6990,6990,6800,6800,213,-0.02857142857142858
2022-09-05,7190,7260,6420,7230,3291,0.06323529411764706
2022-09-06,7000,7200,6220,6720,2232,-0.0705394190871369
2022-09-07,7150,7150,7150,7150,2,0.06398809523809534
2022-09-08,6800,7190,6100,6100,2361,-0.14685314685314688
2022-09-13,6790,6790,5830,6570,66,0.07704918032786878
2022-09-14,6400,6990,6200,6750,981,0.027397260273972712
2022-09-15,6990,6990,6400,6640,436,-0.016296296296296253
2022-09-16,6780,6780,6200,6200,85,-0.0662650602409639
2022-09-19,6010,6860,6000,6830,421,0.1016129032258064
2022-09-20,6100,6100,6090,6090,188,-0.10834553440702777
2022-09-21,6750,6750,5950,6550,533,0.0755336617405582
2022-09-22,7450,7450,7130,7130,82,0.0885496183206107
2022-09-23,6080,7130,6080,6630,653,-0.07012622720897621
2022-09-26,6990,6990,5650,6460,204,-0.02564102564102566
2022-09-27,6970,6970,5510,6100,273,-0.05572755417956654
2022-09-28,6750,6750,5190,6600,405,0.08196721311475419
2022-09-29,5620,6190,5620,6190,71,-0.06212121212121213
2022-09-30,6690,6690,5400,6670,188,0.07754442649434568
2022-10-04,6930,6930,5670,5890,630,-0.11694152923538226
2022-10-05,6530,6530,5020,5900,224,0.001697792869269854
2022-10-06,6680,6680,5020,6030,736,0.02203389830508473
2022-10-07,5140,5820,5130,5750,137,-0.046434494195688236
2022-10-11,5040,5750,5000,5720,536,-0.00521739130434784
2022-10-12,5700,5700,4870,5200,423,-0.09090909090909094
2022-10-13,5700,5700,4420,4500,1449,-0.13461538461538458
2022-10-14,4200,4965,3825,3895,4668,-0.13444444444444448
2022-10-17,3800,4200,3350,4200,1673,0.07830551989730417
2022-10-18,4200,4200,3570,3685,4818,-0.12261904761904763
2022-10-19,3325,3900,3320,3320,262,-0.09905020352781546
2022-10-20,3805,3805,3320,3365,80,0.013554216867469826
2022-10-21,3360,3865,3000,3050,1337,-0.09361069836552749
2022-10-24,3185,3500,3055,3490,103,0.1442622950819672
2022-10-25,3300,3995,3300,3595,71,0.03008595988538687
2022-10-26,3900,4130,3500,3600,5136,0.0013908205841446364
2022-10-27,4125,4125,3600,3660,1236,0.016666666666666607
2022-10-28,3200,4090,3200,3505,1289,-0.042349726775956276
2022-10-31,3205,4010,3205,3590,31,0.024251069900142586
2022-11-01,3985,3990,3600,3700,964,0.03064066852367686
2022-11-02,3600,3995,3520,3555,1931,-0.03918918918918923
2022-11-03,3600,3985,3600,3600,1063,0.012658227848101333
2022-11-04,3525,3995,3160,3265,974,-0.09305555555555556
2022-11-07,3240,3740,3240,3555,327,0.0888208269525268
2022-11-08,3750,3895,3215,3295,123,-0.07313642756680727
2022-11-09,3165,3785,3165,3765,14,0.14264036418816395
2022-11-10,3205,3880,3205,3460,180,-0.08100929614873842
2022-11-11,3875,3875,3410,3415,11,-0.013005780346820761
2022-11-14,3875,3875,3450,3470,6,0.016105417276720324
2022-11-15,3875,3985,3630,3650,305,0.05187319884726227
2022-11-16,3905,4195,3625,3990,4272,0.09315068493150691
2022-11-17,4000,4030,3640,3895,5366,-0.023809523809523836
2022-11-18,4195,4195,3420,3785,2381,-0.028241335044929428
2022-11-21,3790,4185,3565,3625,1454,-0.042272126816380484
2022-11-22,3800,4150,3800,4055,103,0.11862068965517247
2022-11-23,4040,4040,3600,3935,1909,-0.0295930949445129
2022-11-24,3985,3985,3570,3905,707,-0.007623888182973326
2022-11-25,4000,4000,3600,3880,2380,-0.006402048655569814
2022-11-28,3870,3870,3585,3790,104,-0.023195876288659822
2022-11-29,3790,3790,3595,3600,1373,-0.05013192612137207
2022-11-30,3765,3765,3555,3590,693,-0.002777777777777768
2022-12-01,3880,3880,3650,3650,11,0.01671309192200554
2022-12-02,3880,4000,3800,3835,213,0.050684931506849384
2022-12-05,3995,3995,3660,3660,57,-0.04563233376792697
2022-12-06,3995,3995,3600,3600,22,-0.016393442622950838
2022-12-07,3995,3995,3550,3600,602,0.0
2022-12-08,3915,3915,3600,3875,1253,0.07638888888888884
2022-12-09,3930,3930,3550,3725,3827,-0.03870967741935483
2022-12-12,3740,3740,3500,3725,1258,0.0
2022-12-13,3500,3720,3500,3720,1329,-0.0013422818791946067
2022-12-14,3720,3720,3440,3545,3544,-0.04704301075268813
2022-12-15,3545,3595,3205,3550,19206,0.0014104372355430161
2022-12-16,3550,3935,3410,3455,31303,-0.026760563380281654
2022-12-19,3695,3935,3695,3740,2071,0.08248914616497838
2022-12-20,3940,4120,3650,3925,11634,0.04946524064171132
2022-12-21,4095,4095,3800,3810,2922,-0.029299363057324834
2022-12-22,4080,4080,3685,3845,1616,0.009186351706036655
2022-12-23,3685,3845,3660,3780,909,-0.016905071521456483
2022-12-26,3995,3995,3360,3870,236,0.023809523809523725
2022-12-27,3995,3995,3500,3835,302,-0.009043927648578864
2022-12-28,4090,4090,3540,3595,20,-0.06258148631029992
2022-12-29,4000,4000,3660,3920,277,0.09040333796940203
2023-01-02,3920,3920,3400,3865,8,-0.014030612244897989
2023-01-03,3420,3855,3400,3840,263,-0.0064683053040103244
2023-01-04,3825,3825,3400,3570,4022,-0.0703125
2023-01-05,3820,3820,3400,3705,30,0.037815126050420256
2023-01-06,3695,3695,3510,3645,267,-0.01619433198380571
2023-01-09,3690,3690,3460,3685,303,0.010973936899862924
2023-01-10,3685,3685,3440,3670,43,-0.004070556309362261
2023-01-11,3690,3690,3500,3665,1571,-0.0013623978201634523
2023-01-12,3645,3645,3505,3635,117,-0.008185538881309684
2023-01-13,3690,3690,3410,3570,1715,-0.017881705639614887
2023-01-16,3600,3690,3425,3575,274,0.0014005602240896309
2023-01-17,3690,3690,3435,3545,295,-0.008391608391608352
2023-01-18,3550,3550,3400,3505,2018,-0.01128349788434413
2023-01-19,3530,3530,3060,3245,1136,-0.07417974322396581
2023-01-20,3410,3435,3015,3310,228,0.02003081664098616
2023-01-25,3490,3490,3020,3305,208,-0.0015105740181269312
2023-01-26,3430,3520,3100,3360,133,0.016641452344931862
2023-01-27,3495,3495,3105,3375,187,0.0044642857142858094
2023-01-30,3500,3785,3305,3500,6536,0.03703703703703698
2023-01-31,3780,4025,3770,4025,10486,0.1499999999999999
2023-02-01,4200,4500,4000,4255,5466,0.05714285714285716
2023-02-02,4270,4270,4000,4150,5055,-0.024676850763807323
2023-02-03,4195,4770,4010,4770,17119,0.14939759036144573
2023-02-06,4880,5480,4880,5480,11451,0.14884696016771493
2023-02-07,5590,5790,5250,5500,13962,0.0036496350364962904
2023-02-08,6250,6300,5490,5850,21767,0.06363636363636371
2023-02-09,5960,6280,5780,5810,29167,-0.006837606837606813
2023-02-10,5960,6290,5770,6290,31611,0.08261617900172125
2023-02-13,6660,7030,6330,6600,25104,0.049284578696343395
2023-02-14,6600,6690,6520,6570,16213,-0.004545454545454519
2023-02-15,6670,7000,6500,6990,33704,0.06392694063926951
2023-02-16,6990,7190,6720,7140,50698,0.02145922746781115
2023-02-17,7250,7490,7250,7410,56074,0.037815126050420256
2023-02-20,6000,7800,6000,7800,3343909,0.05263157894736836
2023-02-21,8200,8250,6390,6610,9785766,-0.15256410256410258
2023-02-22,6380,6480,5800,5830,1757440,-0.11800302571860821
2023-02-23,5980,6690,5820,6080,3578478,0.04288164665523153
2023-02-24,6120,6120,5600,5630,1141691,-0.07401315789473684
2023-02-27,5630,5630,5180,5220,590467,-0.0728241563055062
2023-02-28,5240,5300,5050,5100,419286,-0.02298850574712641
2023-03-02,5290,5310,5100,5170,348370,0.013725490196078383
2023-03-03,5170,5200,4990,5040,280322,-0.025145067698259194
2023-03-06,5070,5210,4995,5050,216060,0.001984126984126977
2023-03-07,5050,5050,4810,4815,313157,-0.046534653465346576
2023-03-08,4800,4970,4605,4920,287696,0.02180685358255441
2023-03-09,4995,4995,4655,4800,182555,-0.024390243902439046
2023-03-10,4685,4685,4550,4675,134678,-0.02604166666666663
2023-03-13,4505,4570,4495,4515,84869,-0.03422459893048124
2023-03-14,4475,4495,4200,4250,122509,-0.058693244739756345
2023-03-15,4270,4330,4230,4265,97800,0.003529411764705781
2023-03-16,4250,4250,4040,4050,95581,-0.05041031652989447
2023-03-17,4075,4165,4035,4165,89979,0.02839506172839501
2023-03-20,4110,4350,4000,4350,154447,0.04441776710684264
2023-03-21,4350,4650,4305,4540,142019,0.04367816091954024
2023-03-22,4670,4670,4390,4400,113975,-0.03083700440528636
2023-03-23,4440,4500,4375,4385,66930,-0.003409090909090917
2023-03-24,4385,4420,4210,4410,58359,0.005701254275940704
2023-03-27,4310,4380,4200,4250,104084,-0.03628117913832196
2023-03-28,4250,4300,4180,4240,64234,-0.0023529411764705577
2023-03-29,4200,4240,4150,4205,75001,-0.008254716981132115
2023-03-30,4220,4360,4215,4270,110803,0.015457788347205792
2023-03-31,4270,4270,4135,4190,78003,-0.0187353629976581
2023-04-03,4190,4205,4055,4125,59706,-0.015513126491646823
2023-04-04,4075,4200,4060,4130,52194,0.00121212121212122
2023-04-05,4145,4240,4100,4185,72186,0.013317191283293006
2023-04-06,4190,4190,4060,4080,67045,-0.02508960573476704
2023-04-07,4095,4130,4055,4080,35016,0.0
2023-04-10,4150,4160,4010,4040,42202,-0.009803921568627416
2023-04-11,4040,4045,3960,3995,88278,-0.011138613861386149
2023-04-12,3980,4165,3920,4015,75054,0.005006257822277815
2023-04-13,3955,3995,3925,3930,44227,-0.021170610211706076
2023-04-14,3940,4025,3940,4000,50234,0.01781170483460559
2023-04-17,4010,4020,3905,3995,45300,-0.0012499999999999734
2023-04-18,4005,4005,3905,3925,58801,-0.017521902377972465
2023-04-19,3970,3970,3900,3935,54925,0.002547770700636942
2023-04-20,3935,3940,3850,3855,78099,-0.020330368487928796
2023-04-21,3870,3870,3720,3800,66236,-0.014267185473411104
2023-04-24,3800,3840,3640,3700,44122,-0.02631578947368418
2023-04-25,3610,3800,3610,3770,35503,0.018918918918918948
2023-04-26,3770,3800,3670,3675,26462,-0.025198938992042397
2023-04-27,3640,3670,3590,3670,38076,-0.0013605442176870541
2023-04-28,3730,3730,3540,3640,52102,-0.008174386920980936
2023-05-02,3575,3655,3550,3650,36999,0.0027472527472527375
2023-05-03,3650,3710,3595,3650,74420,0.0
2023-05-04,3625,3750,3600,3750,44158,0.027397260273972712
2023-05-08,3755,3800,3700,3730,41544,-0.005333333333333301
2023-05-09,3750,3770,3660,3680,30146,-0.013404825737265424
2023-05-10,3735,3735,3600,3625,31602,-0.014945652173913082
2023-05-11,3650,3700,3580,3600,24681,-0.006896551724137945
2023-05-12,3625,3625,3550,3570,18245,-0.008333333333333304
2023-05-15,3570,3570,3370,3460,40757,-0.03081232492997199
2023-05-16,3475,3495,3320,3375,38670,-0.024566473988439252
2023-05-17,3375,4190,3350,3725,924395,0.10370370370370363
2023-05-18,3695,3695,3530,3600,154435,-0.03355704697986572
2023-05-19,3610,3640,3500,3510,86316,-0.025000000000000022
2023-05-22,3475,3555,3400,3500,99725,-0.002849002849002802
2023-05-23,3505,3535,3480,3520,35107,0.005714285714285783
2023-05-24,3525,3525,3465,3490,51754,-0.008522727272727293
2023-05-25,3500,3535,3495,3520,34360,0.008595988538681931
2023-05-26,3530,3545,3475,3510,18714,-0.0028409090909090606
2023-05-30,3545,3545,3475,3480,29802,-0.008547008547008517
2023-05-31,3480,3500,3455,3455,27124,-0.007183908045977017
2023-06-01,3540,3540,3390,3440,60720,-0.00434153400868309
2023-06-02,3460,3500,3430,3475,34041,0.01017441860465107
2023-06-05,3485,3505,3425,3450,51164,-0.007194244604316502
2023-06-07,3470,3520,3425,3500,26686,0.01449275362318847
2023-06-08,3525,3525,3470,3505,42373,0.0014285714285713347
2023-06-09,3540,3540,3495,3515,20171,0.0028530670470756636
2023-06-12,3530,3550,3485,3515,43530,0.0
2023-06-13,3520,3550,3480,3530,40695,0.004267425320056972
2023-06-14,3535,3550,3480,3515,34199,-0.004249291784702569
2023-06-15,3510,3540,3480,3500,20549,-0.004267425320056861
2023-06-16,3505,3510,3470,3485,29310,-0.004285714285714337
2023-06-19,3485,3505,3465,3480,15121,-0.0014347202295552641
2023-06-20,3450,3525,3450,3470,27281,-0.002873563218390829
2023-06-21,3470,3510,3455,3500,18056,0.008645533141210304
2023-06-22,3500,3505,3455,3495,16681,-0.0014285714285714457
2023-06-23,3510,3510,3470,3495,13572,0.0
2023-06-26,3495,3505,3460,3485,13577,-0.0028612303290415086
2023-06-27,3495,3495,3300,3300,81843,-0.05308464849354377
2023-06-28,3335,3335,3195,3225,71112,-0.022727272727272707
2023-06-29,3255,3310,3200,3300,30141,0.023255813953488413
2023-06-30,3310,3765,3145,3165,634881,-0.040909090909090895
2023-07-03,3245,3245,3170,3205,50096,0.012638230647709303
2023-07-04,3230,3245,3180,3200,38061,-0.0015600624024960652
2023-07-05,3200,3235,3185,3205,23188,0.0015624999999999112
2023-07-06,3235,3235,3080,3150,38869,-0.01716068642745705
2023-07-07,3120,3140,3035,3120,26206,-0.00952380952380949
2023-07-10,3090,3300,3010,3245,53686,0.040064102564102644
2023-07-11,3215,3460,3200,3430,116906,0.057010785824345156
2023-07-12,3460,3460,3350,3370,41429,-0.017492711370262426
2023-07-13,3390,3405,3295,3300,29339,-0.020771513353115778
2023-07-14,3300,3415,3290,3310,19686,0.003030303030302939
2023-07-17,3310,3345,3215,3315,23466,0.0015105740181269312
2023-07-18,3295,3325,3245,3310,16749,-0.0015082956259426794
2023-07-19,3245,3350,3165,3180,53480,-0.0392749244712991
2023-07-20,3180,3255,3115,3180,39351,0.0
2023-07-21,3180,3215,3085,3120,56669,-0.018867924528301883
2023-07-24,3140,3150,2995,3065,71964,-0.017628205128205177
2023-07-25,3065,3065,2930,2990,31131,-0.024469820554649302
2023-07-26,2995,3000,2720,2790,74626,-0.06688963210702337
2023-07-27,2790,2925,2790,2905,25184,0.04121863799283143
2023-07-28,2940,3010,2870,2870,23301,-0.012048192771084376
2023-07-31,2955,2975,2870,2910,15568,0.013937282229965264
2023-08-01,2925,3035,2925,2985,24194,0.025773195876288568
2023-08-02,3010,3045,2945,2990,11454,0.0016750418760469454
2023-08-03,2940,2960,2880,2905,8414,-0.02842809364548493
2023-08-04,2905,2965,2900,2930,15176,0.008605851979345935
2023-08-07,3015,3025,2950,2970,9373,0.013651877133105783
2023-08-08,2970,2970,2880,2885,25541,-0.028619528619528656
2023-08-09,2885,3025,2820,2990,48691,0.03639514731369142
2023-08-10,2960,3340,2945,3035,138213,0.015050167224080369
2023-08-11,3040,3335,3040,3280,165856,0.0807248764415156
2023-08-14,3280,3480,3180,3250,113814,-0.009146341463414642
2023-08-16,3200,3210,3000,3085,87342,-0.05076923076923079
2023-08-17,3140,4010,3140,4010,3554976,0.2998379254457051
2023-08-18,4405,4975,4070,4330,10401486,0.07980049875311712
2023-08-21,4135,4225,3800,4090,1360431,-0.05542725173210161
2023-08-22,4180,4250,3770,3860,1250396,-0.05623471882640585
2023-08-23,3870,3990,3755,3985,674934,0.032383419689119064
2023-08-24,3925,4070,3830,3990,672905,0.0012547051442910462
2023-08-25,4035,4080,3840,3860,400228,-0.03258145363408527
2023-08-28,3920,4000,3730,3995,367564,0.03497409326424861
2023-08-29,3945,3970,3810,3880,168055,-0.028785982478097605
2023-08-30,3880,3880,3785,3790,168044,-0.023195876288659822
2023-08-31,3790,3820,3465,3480,459021,-0.08179419525065967
2023-09-01,3470,3540,3405,3420,170648,-0.017241379310344862
2023-09-04,3420,3455,3350,3380,131429,-0.011695906432748537
2023-09-05,3350,3355,3250,3320,173075,-0.017751479289940808
2023-09-06,3310,3480,3265,3460,145903,0.04216867469879526
2023-09-07,3455,3515,3345,3345,104464,-0.033236994219653204
2023-09-08,3335,3405,3210,3380,66469,0.010463378176382765
2023-09-11,3360,3475,3360,3460,81290,0.023668639053254337
2023-09-12,3430,3495,3365,3395,73693,-0.018786127167630062
2023-09-13,3360,3500,3215,3230,91939,-0.048600883652430094
2023-09-14,3245,3265,3150,3235,72036,0.001547987616099089
2023-09-15,3215,3290,3200,3255,47734,0.0061823802163833985
2023-09-18,3245,3245,3185,3195,25001,-0.018433179723502335
2023-09-19,3195,3200,3075,3100,95519,-0.029733959311424085
2023-09-20,3080,3100,3050,3095,30044,-0.001612903225806428
2023-09-21,3095,3155,2905,3005,73186,-0.029079159935379684
2023-09-22,3000,3060,2890,3005,61979,0.0
2023-09-25,2960,3115,2960,3005,55555,0.0
2023-09-26,3010,3100,2945,3020,34695,0.004991680532445919
2023-09-27,3035,3090,2970,3065,31520,0.01490066225165565
2023-10-04,3065,3095,2965,3010,31221,-0.01794453507340943
2023-10-05,3015,3015,2910,2965,37026,-0.014950166112956853
2023-10-06,2965,3010,2900,2980,12339,0.005059021922428242
2023-10-10,3025,3045,2905,2910,23665,-0.023489932885906062
2023-10-11,2920,2995,2900,2990,25330,0.027491408934707806
2023-10-12,2960,3080,2955,3070,30405,0.026755852842809347
2023-10-13,3085,3085,2940,3020,19624,-0.016286644951140072
2023-10-16,3040,3040,2905,2915,45206,-0.03476821192052981
2023-10-17,2950,2990,2900,2915,19347,0.0
2023-10-18,2900,2930,2800,2805,87115,-0.037735849056603765
2023-10-19,2805,2805,2630,2730,52086,-0.0267379679144385
2023-10-20,2725,2725,2555,2585,54767,-0.05311355311355315
2023-10-23,2585,2690,2545,2645,26785,0.023210831721470093
2023-10-24,2685,2750,2585,2705,20018,0.022684310018903586
2023-10-25,2710,2945,2705,2720,71022,0.005545286506469571
2023-10-26,2690,2710,2650,2650,50630,-0.02573529411764708
2023-10-27,2650,2765,2650,2715,17567,0.02452830188679256
2023-10-30,2720,2815,2650,2755,16979,0.014732965009208066
2023-10-31,2770,2860,2690,2835,51576,0.029038112522685955
2023-11-01,2795,2940,2685,2810,34730,-0.00881834215167554
2023-11-02,2750,2855,2720,2845,27575,0.01245551601423478
2023-11-03,2865,2865,2800,2845,5780,0.0
2023-11-06,2925,2925,2765,2870,28656,0.008787346221441172
2023-11-07,2870,2900,2765,2880,23361,0.0034843205574912606
2023-11-08,2845,2885,2790,2855,22534,-0.00868055555555558
2023-11-09,2845,3020,2730,2830,93322,-0.008756567425569184
2023-11-10,2740,2895,2740,2800,26824,-0.010600706713780883
2023-11-13,2790,2790,2680,2745,31342,-0.019642857142857184
2023-11-14,2740,2790,2675,2760,18965,0.005464480874316946
2023-11-15,2785,2870,2740,2830,39646,0.0253623188405796
2023-11-16,2835,2915,2760,2880,27314,0.0176678445229681
2023-11-17,2820,2870,2780,2790,15668,-0.03125
2023-11-20,2815,2870,2690,2830,15560,0.014336917562723928
2023-11-21,2850,2850,2800,2800,11242,-0.010600706713780883
2023-11-22,2800,3055,2740,2860,154545,0.021428571428571352
2023-11-23,2840,2935,2835,2865,49900,0.0017482517482516613
2023-11-24,2870,2885,2800,2825,15469,-0.013961605584642212
2023-11-27,2835,2835,2745,2770,23772,-0.019469026548672552
2023-11-28,2770,2805,2765,2780,15946,0.0036101083032491488
2023-11-29,2805,2840,2710,2765,21848,-0.0053956834532373765
2023-11-30,2740,2740,2655,2675,46171,-0.032549728752260365
2023-12-01,2675,2720,2670,2700,16504,0.009345794392523255
2023-12-04,2700,2725,2670,2715,13703,0.005555555555555536
2023-12-05,2740,2775,2675,2675,21401,-0.014732965009208066
2023-12-06,2650,2730,2650,2720,21225,0.016822429906542036
2023-12-07,2740,2745,2645,2660,18058,-0.022058823529411797
2023-12-08,2660,2710,2610,2615,31567,-0.016917293233082664
2023-12-11,2630,2670,2585,2635,27858,0.007648183556405286
2023-12-12,2690,2690,2610,2685,11106,0.018975332068311257
2023-12-13,2685,2690,2620,2645,14603,-0.014897579143389184
2023-12-14,2650,2695,2650,2665,11892,0.007561436672967936
2023-12-15,2690,2710,2635,2675,16159,0.0037523452157599557
2023-12-18,2695,2720,2640,2670,15053,-0.0018691588785046953
2023-12-19,2685,2700,2640,2655,7563,-0.005617977528089901
2023-12-20,2675,2685,2650,2660,18682,0.0018832391713747842
2023-12-21,2685,2685,2620,2655,15494,-0.001879699248120259
2023-12-22,2670,2675,2600,2660,18460,0.0018832391713747842
2023-12-26,2660,2690,2650,2655,31801,-0.001879699248120259
2023-12-27,2680,2735,2620,2710,43559,0.020715630885122405
2023-12-28,2730,2810,2670,2740,59398,0.011070110701107083
2024-01-02,2745,2800,2740,2800,28177,0.021897810218978186
2024-01-03,2800,2800,2675,2760,17174,-0.014285714285714235
2024-01-04,2760,2760,2700,2725,15771,-0.0126811594202898
2024-01-05,2750,2780,2725,2735,15442,0.003669724770642091
2024-01-08,2735,2765,2720,2745,14400,0.003656307129798808
2024-01-09,2745,2770,2745,2750,11352,0.0018214936247722413
2024-01-10,2750,2770,2700,2700,20369,-0.018181818181818188
2024-01-11,2725,2730,2700,2715,13060,0.005555555555555536
2024-01-12,2720,2760,2685,2700,28431,-0.0055248618784530246
2024-01-15,2690,2715,2660,2715,23150,0.005555555555555536
2024-01-16,2705,2715,2665,2700,14021,-0.0055248618784530246
2024-01-17,2695,3450,2650,2970,9180292,0.10000000000000009
2024-01-18,3205,3530,2880,2905,4063631,-0.02188552188552184
2024-01-19,2870,2960,2825,2850,347609,-0.018932874354561147
2024-01-22,2870,2875,2600,2675,472442,-0.06140350877192979
2024-01-23,2675,2690,2600,2625,204610,-0.01869158878504673
2024-01-24,2655,2655,2590,2610,119083,-0.005714285714285672
2024-01-25,2585,2605,2400,2505,199248,-0.04022988505747127
2024-01-26,2485,2585,2460,2525,56151,0.007984031936127733
2024-01-29,2520,2680,2520,2590,137836,0.025742574257425765
2024-01-30,2590,2625,2530,2550,39364,-0.015444015444015413
2024-01-31,2530,2560,2400,2540,43437,-0.0039215686274509665
2024-02-01,2515,2530,2450,2500,68231,-0.015748031496062964
2024-02-02,2500,2590,2475,2475,30234,-0.010000000000000009
2024-02-05,2480,2525,2475,2515,20858,0.016161616161616266
2024-02-06,2515,2540,2470,2500,27767,-0.005964214711729587
2024-02-07,2480,2540,2480,2500,21781,0.0
2024-02-08,2520,2540,2480,2535,34573,0.014000000000000012
2024-02-13,2535,2565,2515,2555,27949,0.007889546351084853
2024-02-14,2555,2555,2495,2545,55956,-0.003913894324853229
2024-02-15,2545,2545,2505,2530,22611,-0.005893909626719096
2024-02-16,2540,2605,2530,2530,21789,0.0
2024-02-19,2530,2600,2510,2600,46029,0.027667984189723382
2024-02-20,2555,2590,2525,2575,264604,-0.009615384615384581
2024-02-21,2575,2575,2530,2550,41158,-0.009708737864077666
2024-02-22,2550,2550,2495,2545,34305,-0.0019607843137254832
2024-02-23,2515,2520,2470,2520,44006,-0.00982318271119842
2024-02-26,2495,2495,2400,2400,166094,-0.04761904761904767
2024-02-27,2400,2400,2320,2350,270974,-0.02083333333333337
2024-02-28,2340,2370,2315,2350,102436,0.0
2024-02-29,2390,2390,2320,2340,34281,-0.004255319148936176
2024-03-04,2345,2480,2330,2425,101438,0.03632478632478642
2024-03-05,2420,2420,2350,2370,250706,-0.02268041237113405
2024-03-06,2370,2420,2325,2345,48946,-0.010548523206751037
2024-03-07,2325,2345,2290,2320,40775,-0.010660980810234588
2024-03-08,2300,2340,2285,2320,40698,0.0
2024-03-11,2320,2320,2270,2310,51769,-0.004310344827586188
2024-03-12,2305,2320,2260,2280,36672,-0.012987012987012991
2024-03-13,2280,2290,2240,2245,55276,-0.015350877192982448
2024-03-14,2245,2255,2195,2200,111103,-0.020044543429844075
2024-03-15,2200,2220,2195,2215,33605,0.006818181818181834
2024-03-18,2220,2250,2220,2240,26529,0.011286681715575675
2024-03-19,2240,2275,2235,2250,19475,0.0044642857142858094
2024-03-20,2255,2295,2235,2250,45148,0.0
2024-03-21,2250,2290,2245,2275,73743,0.011111111111111072
2024-03-22,2275,2295,2260,2275,54835,0.0
2024-03-25,2290,2340,2260,2290,96367,0.00659340659340657
2024-03-26,2290,2295,2265,2290,36510,0.0
2024-03-27,2290,2305,2265,2300,24452,0.004366812227074135
2024-03-28,2300,2300,2270,2280,42287,-0.008695652173912993
2024-03-29,2280,2285,2255,2285,46409,0.002192982456140413
2024-04-01,2285,2375,2250,2355,98126,0.03063457330415753
2024-04-02,2355,2395,2340,2350,64014,-0.002123142250530785
2024-04-03,2350,2355,2260,2305,60138,-0.019148936170212738
2024-04-04,2310,2425,2310,2385,90018,0.03470715835141003
2024-04-05,2380,2380,2320,2350,50465,-0.014675052410901501
2024-04-08,2320,2405,2300,2340,34995,-0.004255319148936176
2024-04-09,2340,2380,2260,2335,39963,-0.002136752136752129
2024-04-11,2290,2390,2270,2385,43399,0.021413276231263323
2024-04-12,2380,2380,2285,2300,39531,-0.03563941299790352
2024-04-15,2300,2350,2210,2345,36281,0.019565217391304346
2024-04-16,2300,2300,2250,2255,46099,-0.03837953091684432
2024-04-17,2235,2310,2235,2300,22121,0.019955654101995624
2024-04-18,2280,2325,2260,2295,14699,-0.0021739130434782483
2024-04-19,2305,2320,2210,2235,69324,-0.02614379084967322
2024-04-22,2235,2280,2235,2280,15981,0.020134228187919545
2024-04-23,2280,2280,2220,2255,25923,-0.010964912280701733
2024-04-24,2235,2270,2235,2240,20465,-0.006651884700665134
2024-04-25,2240,2250,2220,2225,30937,-0.006696428571428603
2024-04-26,2235,2280,2230,2265,52663,0.01797752808988773
2024-04-29,2265,2280,2250,2265,30237,0.0
2024-04-30,2265,2360,2255,2290,17217,0.011037527593819041
2024-05-02,2290,2315,2265,2270,38139,-0.008733624454148492
2024-05-03,2270,2305,2265,2290,46538,0.008810572687224738
2024-05-07,2290,2345,2240,2295,43929,0.0021834061135370675
2024-05-08,2295,2295,2265,2290,27815,-0.002178649237472796
2024-05-09,2290,2300,2265,2285,44549,-0.0021834061135370675
2024-05-10,2285,2305,2260,2275,31552,-0.004376367614879695
2024-05-13,2290,2430,2270,2275,105672,0.0
2024-05-14,2275,2295,2240,2265,61128,-0.00439560439560438
2024-05-16,2270,2300,2265,2290,51345,0.011037527593819041
2024-05-17,2290,2295,2190,2200,121964,-0.0393013100436681
2024-05-20,2215,2215,2090,2130,110528,-0.03181818181818186
2024-05-21,2135,2205,2135,2160,15239,0.014084507042253502
2024-05-22,2155,2160,2110,2130,19727,-0.01388888888888884
2024-05-23,2125,2180,2110,2125,19962,-0.0023474178403756207
2024-05-24,2125,2180,2125,2140,17439,0.007058823529411784
2024-05-27,2135,2140,2090,2110,37294,-0.014018691588784993
2024-05-28,2110,2130,2060,2115,38953,0.0023696682464455776
2024-05-29,2135,2185,2095,2130,25791,0.007092198581560183
2024-05-30,2130,2140,2105,2130,13998,0.0
2024-05-31,2125,2155,2110,2110,25472,-0.009389671361502372
2024-06-03,2100,2135,2080,2115,38371,0.0023696682464455776
2024-06-04,2115,2125,2090,2105,29085,-0.004728132387706863
2024-06-05,2105,2150,2085,2100,17718,-0.002375296912114022
2024-06-07,2100,2145,2085,2105,13053,0.0023809523809523725
2024-06-10,2090,2145,2080,2095,26438,-0.004750593824228044
2024-06-11,2095,2195,2080,2100,27087,0.0023866348448686736
2024-06-12,2100,2195,2085,2140,19863,0.01904761904761898
2024-06-13,2140,2140,2105,2105,16841,-0.016355140186915862
2024-06-14,2100,2140,2080,2085,52266,-0.009501187648456089
2024-06-17,2085,2105,2065,2075,24938,-0.004796163069544335
2024-06-18,2075,2105,2075,2090,21880,0.0072289156626506035
2024-06-19,2095,2130,2080,2090,21374,0.0
2024-06-20,2090,2115,2080,2115,17322,0.011961722488038173
2024-06-21,2105,2105,2070,2090,26492,-0.011820330969267157
2024-06-24,2085,2085,1953,2025,40097,-0.031100478468899517
2024-06-25,2020,2020,1976,2015,38831,-0.004938271604938316
2024-06-26,2015,2015,1998,2010,15435,-0.002481389578163795
2024-06-27,2010,2040,1999,2010,20813,0.0
2024-06-28,2010,2150,2010,2120,40844,0.054726368159204064
2024-07-01,2120,2140,2085,2120,16694,0.0
2024-07-02,2075,2115,2060,2100,9712,-0.009433962264150941
2024-07-03,2090,2090,2030,2090,14401,-0.004761904761904745
2024-07-04,2085,2085,2005,2050,29155,-0.019138755980861233
2024-07-05,2045,2665,2005,2520,6537426,0.2292682926829268
2024-07-08,2495,2500,2325,2420,1213915,-0.03968253968253965
2024-07-09,2375,2395,2285,2360,427353,-0.024793388429752095
2024-07-10,2305,2325,2115,2245,600663,-0.048728813559322015
2024-07-11,2230,2290,2200,2280,228597,0.015590200445434244
2024-07-12,2305,2305,2200,2220,199163,-0.02631578947368418
2024-07-15,2220,2280,2175,2175,173575,-0.020270270270270285
2024-07-16,2165,2175,2005,2095,208801,-0.0367816091954023
2024-07-17,2095,2115,2010,2080,172052,-0.007159904534606243
2024-07-18,2060,2170,2030,2080,136045,0.0
2024-07-19,2080,2155,2055,2155,61489,0.03605769230769229
2024-07-22,2155,2155,2030,2075,106818,-0.037122969837587005
2024-07-23,2055,2110,2035,2065,37272,-0.004819277108433773
2024-07-24,2060,2085,2030,2050,29348,-0.007263922518159771
2024-07-25,2050,2050,1988,2025,92663,-0.012195121951219523
2024-07-26,2050,2050,1998,2050,36287,0.012345679012345734
2024-07-29,2050,2095,2030,2055,22678,0.0024390243902439046
2024-07-30,2055,2070,2000,2005,49863,-0.024330900243308973
2024-07-31,2005,2090,1999,2075,49306,0.034912718204488824
2024-08-01,2080,2095,2065,2065,25530,-0.004819277108433773
2024-08-02,2065,2070,2015,2045,19718,-0.009685230024213065
2024-08-05,1965,2015,1651,1800,130203,-0.11980440097799516
2024-08-06,1800,1871,1748,1827,48130,0.014999999999999902
2024-08-07,1809,1929,1809,1890,19565,0.034482758620689724
2024-08-08,1909,1943,1850,1860,18189,-0.015873015873015928
2024-08-09,1861,1971,1861,1903,20594,0.02311827956989254
2024-08-12,1914,1929,1901,1912,26250,0.004729374671571307
2024-08-13,1918,1925,1895,1923,9463,0.005753138075313746
2024-08-14,1923,1936,1904,1919,12116,-0.002080083203328087
2024-08-16,1919,1980,1841,1938,34640,0.00990099009900991
2024-08-19,1930,2015,1922,1931,63766,-0.003611971104231171
2024-08-20,1944,2040,1944,1994,19214,0.032625582599689285
2024-08-21,1994,2030,1963,1977,13506,-0.00852557673019061
2024-08-22,1977,1977,1900,1904,26910,-0.03692463328275164
2024-08-23,1879,1904,1876,1878,33231,-0.013655462184873901
2024-08-26,1886,1886,1780,1843,22772,-0.01863684771033014
2024-08-27,1843,1880,1843,1877,18812,0.018448182311448624
2024-08-28,1877,1964,1877,1880,25040,0.0015982951518380695
2024-08-29,1871,1990,1871,1934,17112,0.02872340425531905
2024-08-30,1934,1943,1871,1928,24251,-0.0031023784901758056
2024-09-02,1928,1956,1899,1938,36549,0.005186721991701226
2024-09-03,1938,1943,1930,1941,15882,0.001547987616099089
2024-09-04,1900,1920,1800,1879,21168,-0.03194229778464708
2024-09-05,1879,1928,1866,1879,17783,0.0
2024-09-06,1855,1879,1834,1834,24763,-0.023948908994145812
2024-09-09,1825,1920,1822,1894,22893,0.03271537622682663
2024-09-10,1894,1931,1834,1834,16919,-0.03167898627243926
2024-09-11,1834,1852,1825,1825,10816,-0.004907306434024039
2024-09-12,1825,1838,1824,1825,7164,0.0
2024-09-13,1860,1891,1844,1885,4281,0.03287671232876721
2024-09-19,1940,1940,1882,1885,4171,0.0
2024-09-20,1931,1941,1867,1876,10996,-0.004774535809018543
2024-09-23,1902,1902,1857,1868,13214,-0.004264392324093813
2024-09-24,1868,1884,1865,1884,10537,0.008565310492505418
2024-09-25,1884,1921,1866,1867,14358,-0.009023354564755892
2024-09-26,1894,1926,1867,1880,2077,0.006963042313872458
2024-09-27,1880,1914,1860,1891,11119,0.005851063829787284
2024-09-30,1891,1911,1873,1881,13700,-0.005288207297726055
2024-10-02,1881,2135,1871,1914,239819,0.01754385964912286
2024-10-04,1933,1938,1861,1918,22216,0.002089864158829613
2024-10-07,1909,1966,1909,1960,35716,0.021897810218978186
2024-10-08,1971,1971,1944,1951,6695,-0.004591836734693877
2024-10-10,1935,1958,1925,1952,11370,0.0005125576627371675
2024-10-11,1932,1953,1932,1940,7930,-0.006147540983606592
2024-10-14,1940,1940,1890,1903,14129,-0.01907216494845365
2024-10-15,1902,1950,1882,1916,9248,0.006831318970047295
2024-10-16,1916,1941,1909,1915,4032,-0.0005219206680584509
2024-10-17,1904,1915,1881,1895,16061,-0.010443864229765065
2024-10-18,1895,1895,1882,1894,6056,-0.0005277044854881119
2024-10-21,1875,1888,1864,1865,13744,-0.015311510031678965
2024-10-22,1865,1865,1835,1851,10971,-0.00750670241286866
2024-10-23,1850,1888,1835,1880,6261,0.015667206915181087
2024-10-24,1882,1897,1848,1850,23630,-0.015957446808510634
2024-10-25,1850,1884,1845,1864,10597,0.00756756756756749
2024-10-28,1864,1897,1840,1851,26020,-0.006974248927038573
2024-10-29,1869,1898,1842,1850,30806,-0.0005402485143165547
2024-10-30,1850,1850,1840,1842,5036,-0.00432432432432428
2024-10-31,1842,1870,1825,1843,40398,0.0005428881650380024
2024-11-01,1846,1868,1825,1825,9974,-0.009766684753119925
2024-11-04,1825,1879,1825,1878,9556,0.02904109589041104
2024-11-05,1888,1897,1846,1846,12073,-0.017039403620873306
2024-11-06,1846,1894,1820,1825,21453,-0.011375947995666325
2024-11-07,1826,1961,1813,1834,22283,0.004931506849314982
2024-11-08,1834,1868,1821,1843,8475,0.004907306434023928
2024-11-11,1843,1845,1814,1815,12823,-0.01519262072707539
2024-11-12,1815,1819,1753,1753,30386,-0.034159779614325037
2024-11-13,1710,1750,1660,1680,34224,-0.04164289788933262
2024-11-14,1689,1690,1621,1626,19967,-0.03214285714285714
2024-11-15,1543,1610,1500,1521,124952,-0.06457564575645758
2024-11-18,1513,1656,1506,1656,44191,0.08875739644970415
2024-11-19,1688,1739,1596,1608,32428,-0.02898550724637683
2024-11-20,1595,1685,1550,1565,18734,-0.02674129353233834
2024-11-21,1565,1590,1565,1578,5971,0.008306709265175627
2024-11-22,1578,1628,1545,1545,11066,-0.020912547528517123
2024-11-25,1545,1558,1540,1540,11012,-0.003236245954692518
2024-11-26,1540,1693,1540,1601,29104,0.03961038961038965
2024-11-27,1601,1700,1577,1578,228738,-0.014366021236727033
2024-11-28,1612,1680,1565,1570,43988,-0.005069708491761693
2024-11-29,1585,1598,1525,1525,34291,-0.0286624203821656
2024-12-02,1549,1549,1400,1426,103304,-0.06491803278688524
2024-12-03,1426,1457,1426,1439,34233,0.00911640953716697
2024-12-04,1422,1472,1382,1472,51734,0.022932592077831826
2024-12-05,1472,1492,1420,1443,55582,-0.01970108695652173
2024-12-06,1443,1450,1400,1414,50375,-0.02009702009702008
2024-12-09,1400,1420,1386,1420,26553,0.004243281471004279
2024-12-10,1430,1510,1400,1420,33306,0.0
2024-12-11,1428,1625,1420,1564,122047,0.10140845070422544
2024-12-12,1564,1572,1559,1564,39560,0.0
2024-12-13,1564,1604,1522,1555,35605,-0.005754475703324768
2024-12-16,1555,1630,1555,1630,20499,0.048231511254019255
2024-12-17,1630,1646,1570,1582,12683,-0.02944785276073625
2024-12-18,1638,1638,1572,1581,17848,-0.0006321112515802474
2024-12-19,1581,1597,1580,1582,11166,0.0006325110689437974
2024-12-20,1582,1582,1530,1530,14412,-0.03286978508217442
2024-12-23,1530,1536,1463,1523,15340,-0.004575163398692794
2024-12-24,1538,1569,1511,1517,15917,-0.003939592908732803
2024-12-26,1517,1578,1489,1490,70625,-0.017798286090969007
2024-12-27,1505,1519,1475,1490,20832,0.0
2024-12-30,1504,1519,1463,1481,15050,-0.006040268456375841
2025-01-02,1481,1583,1418,1420,111667,-0.041188386225523343
2025-01-03,1420,1470,1419,1429,51464,0.006338028169014187
2025-01-06,1429,1470,1429,1449,19658,0.013995801259622187
2025-01-07,1463,1495,1451,1495,28443,0.031746031746031855
2025-01-08,1495,1506,1476,1487,16499,-0.005351170568561825
2025-01-09,1502,1679,1502,1569,408343,0.05514458641560194
2025-01-10,1569,1569,1510,1523,85809,-0.029318036966220484
2025-01-13,1554,1979,1541,1700,7090751,0.11621799080761663
2025-01-14,1700,1700,1565,1565,950031,-0.0794117647058824
2025-01-15,1573,1589,1505,1517,308133,-0.03067092651757186
2025-01-16,1530,1551,1442,1539,205888,0.014502307185233931
2025-01-17,1540,1545,1488,1530,87583,-0.005847953216374324
2025-01-20,1531,1600,1531,1538,299143,0.005228758169934622
2025-01-21,1540,1544,1485,1506,86116,-0.020806241872561748
2025-01-22,1521,1526,1490,1490,67284,-0.010624169986719778
2025-01-23,1490,1505,1481,1492,50867,0.0013422818791946067
2025-01-24,1489,1547,1486,1492,60228,0.0
2025-01-31,1500,1521,1486,1500,48806,0.00536193029490617
2025-02-03,1500,1501,1476,1482,39412,-0.01200000000000001
2025-02-04,1475,1523,1475,1501,24344,0.012820512820512775
2025-02-05,1505,1544,1505,1536,26012,0.023317788141239193
2025-02-06,1523,1547,1515,1536,30477,0.0
