Date,Open,High,Low,Close,Volume,Change
2022-01-03,35550,37000,35200,36850,114955,0.03656821378340358
2022-01-04,36850,36950,35350,35850,102022,-0.027137042062415184
2022-01-05,35500,35850,34200,34250,112247,-0.04463040446304045
2022-01-06,33450,34000,32700,32800,115455,-0.04233576642335768
2022-01-07,32800,34750,32800,33500,88025,0.021341463414634054
2022-01-10,33050,33400,32350,32650,77963,-0.025373134328358193
2022-01-11,32900,33600,31650,32000,97339,-0.019908116385911168
2022-01-12,32000,32950,31900,32400,85084,0.012499999999999956
2022-01-13,32400,32650,31300,32050,95115,-0.010802469135802517
2022-01-14,31750,31850,30700,31400,112968,-0.020280811232449292
2022-01-17,31500,32050,30400,30900,104394,-0.015923566878980888
2022-01-18,30400,31900,30400,30750,128476,-0.004854368932038833
2022-01-19,30150,30650,29750,30200,95566,-0.01788617886178867
2022-01-20,30200,31000,29950,30950,79526,0.024834437086092676
2022-01-21,30500,31800,30450,30600,93521,-0.011308562197092087
2022-01-24,30450,30600,28750,29200,130572,-0.04575163398692805
2022-01-25,29000,29600,27600,27950,140940,-0.042808219178082196
2022-01-26,27350,31800,27350,28150,514528,0.007155635062611854
2022-01-27,28150,28400,26500,26750,143858,-0.04973357015985791
2022-01-28,26750,28550,26500,28500,162911,0.06542056074766345
2022-02-03,28950,30800,28750,30000,145656,0.05263157894736836
2022-02-04,29750,30550,29200,30150,86497,0.004999999999999893
2022-02-07,29950,30400,29550,30400,55657,0.008291873963515828
2022-02-08,30350,32200,29750,30250,222401,-0.004934210526315819
2022-02-09,30200,30700,29850,30400,61297,0.0049586776859504855
2022-02-10,30400,30500,29350,29450,79818,-0.03125
2022-02-11,29000,29100,28200,28450,63213,-0.03395585738539897
2022-02-14,27900,28300,26950,27000,79208,-0.05096660808435849
2022-02-15,26800,27500,26100,26150,71873,-0.031481481481481444
2022-02-16,26500,28500,26500,28150,82497,0.07648183556405352
2022-02-17,28050,28450,27000,27550,68942,-0.02131438721136769
2022-02-18,27050,28300,27050,28200,46908,0.023593466424682408
2022-02-21,27700,29400,27550,28500,55057,0.010638297872340496
2022-02-22,27700,28350,27550,27550,41281,-0.033333333333333326
2022-02-23,27600,28100,27400,27500,36133,-0.001814882032667886
2022-02-24,27050,27250,26000,26000,85317,-0.054545454545454564
2022-02-25,26450,27500,26450,27250,57420,0.04807692307692313
2022-02-28,27900,28200,27050,27800,36551,0.020183486238532167
2022-03-02,28450,29700,27600,28350,73366,0.019784172661870603
2022-03-03,28350,28800,28200,28600,38310,0.008818342151675429
2022-03-04,28900,29450,27850,28550,60160,-0.0017482517482517723
2022-03-07,28500,28550,27450,27550,41356,-0.035026269702276736
2022-03-08,27400,28100,26750,27200,43317,-0.012704174228675091
2022-03-10,27600,28850,27600,27950,48470,0.02757352941176472
2022-03-11,27900,28750,27700,28350,38814,0.014311270125223707
2022-03-14,28350,28450,26600,26600,68938,-0.06172839506172845
2022-03-15,26600,27650,26600,27100,46918,0.018796992481203034
2022-03-16,27100,28450,27100,27850,50334,0.027675276752767486
2022-03-17,28450,28900,28200,28500,60781,0.02333931777378817
2022-03-18,28600,29250,28450,28650,67338,0.0052631578947368585
2022-03-21,28900,30600,28800,28950,169997,0.010471204188481575
2022-03-22,28650,29150,28600,28900,45748,-0.0017271157167529916
2022-03-23,29850,30000,29300,29300,64200,0.01384083044982698
2022-03-24,29150,29550,28600,29400,44692,0.0034129692832765013
2022-03-25,29550,30300,29050,29750,70835,0.011904761904761862
2022-03-28,30100,30250,29000,29000,54983,-0.025210084033613467
2022-03-29,29050,29300,28850,29050,26124,0.0017241379310344307
2022-03-30,29200,31200,29200,29500,201472,0.015490533562822817
2022-03-31,29500,30550,29500,29900,92703,0.013559322033898313
2022-04-01,29500,30250,29050,29500,78102,-0.013377926421404673
2022-04-04,29700,29700,29050,29500,37475,0.0
2022-04-05,29850,30400,29550,29800,49395,0.01016949152542379
2022-04-06,29500,29500,29000,29300,50686,-0.016778523489932917
2022-04-07,29050,29200,27850,27950,89462,-0.0460750853242321
2022-04-08,28000,28300,27350,27700,54388,-0.008944543828264706
2022-04-11,27550,28050,27250,27350,37454,-0.012635379061371799
2022-04-12,26750,27450,26750,27450,43693,0.003656307129798808
2022-04-13,27350,28200,27200,27600,47462,0.005464480874316946
2022-04-14,27850,30050,27850,28400,91630,0.02898550724637672
2022-04-15,27950,28300,27600,28100,44958,-0.010563380281690127
2022-04-18,28050,28800,27750,28250,48349,0.005338078291814874
2022-04-19,28350,28600,28100,28200,34402,-0.001769911504424737
2022-04-20,28250,29050,28200,28200,56901,0.0
2022-04-21,28050,28400,27800,27950,42272,-0.00886524822695034
2022-04-22,27950,28050,27200,27250,39370,-0.025044722719141377
2022-04-25,27000,28500,26550,26850,71382,-0.014678899082568808
2022-04-26,26900,28550,26900,28000,101146,0.04283054003724396
2022-04-27,27250,28150,27100,27500,49997,-0.017857142857142905
2022-04-28,27850,27850,27100,27450,45691,-0.0018181818181818299
2022-04-29,27450,28100,27250,28000,55077,0.020036429872495543
2022-05-02,27650,27750,27250,27750,43221,-0.008928571428571397
2022-05-03,27750,28550,27500,27700,75739,-0.0018018018018017834
2022-05-04,27800,27850,27100,27150,51001,-0.019855595667869985
2022-05-06,26750,26850,26400,26800,53004,-0.012891344383057057
2022-05-09,26800,26900,25700,25900,75791,-0.03358208955223885
2022-05-10,25100,25750,24000,25100,98873,-0.030888030888030937
2022-05-11,25050,25550,24950,25300,32688,0.007968127490039834
2022-05-12,24800,25100,23950,24200,59229,-0.04347826086956519
2022-05-13,24250,29950,24150,27300,2148787,0.12809917355371891
2022-05-16,27300,28000,26850,27100,216767,-0.0073260073260073
2022-05-17,28050,29300,27050,27350,420826,0.009225092250922495
2022-05-18,27400,27950,27100,27400,117963,0.001828153564899404
2022-05-19,26450,26900,26150,26200,126120,-0.04379562043795615
2022-05-20,25950,26600,25950,26350,73378,0.005725190839694694
2022-05-23,26500,27600,26350,27000,91928,0.024667931688804545
2022-05-24,26900,26900,25700,25700,88415,-0.04814814814814816
2022-05-25,25700,26200,25350,25700,59721,0.0
2022-05-26,25750,27800,25750,26750,186117,0.040856031128404746
2022-05-27,27150,28050,26500,26700,95672,-0.0018691588785046953
2022-05-30,27250,28250,27150,27900,134482,0.04494382022471921
2022-05-31,27900,28650,27650,28150,111305,0.008960573476702427
2022-06-02,28300,29050,28050,28500,170756,0.01243339253996445
2022-06-03,29000,29000,27850,28000,98331,-0.01754385964912286
2022-06-07,28350,29300,28200,28400,193042,0.014285714285714235
2022-06-08,28700,28750,27950,28100,81780,-0.010563380281690127
2022-06-09,28000,31350,27550,29000,581112,0.03202846975088969
2022-06-10,28700,29250,28150,28300,143005,-0.024137931034482807
2022-06-13,27500,27850,25450,25450,220191,-0.10070671378091878
2022-06-14,24500,25050,23850,24250,184667,-0.047151277013752435
2022-06-15,23900,24550,23150,23350,146997,-0.03711340206185565
2022-06-16,23650,24100,22250,22300,136148,-0.04496788008565311
2022-06-17,21450,22650,21200,22350,97633,0.0022421524663676085
2022-06-20,22350,22850,20500,21250,132307,-0.04921700223713643
2022-06-21,21150,27600,21150,24000,3080382,0.12941176470588234
2022-06-22,23600,23700,22600,22950,309159,-0.043749999999999956
2022-06-23,22900,23100,19900,19900,352178,-0.1328976034858388
2022-06-24,19600,21050,19600,20700,151383,0.04020100502512558
2022-06-27,20750,22900,20750,22250,247968,0.07487922705314021
2022-06-28,22300,23050,22300,22750,80381,0.022471910112359605
2022-06-29,22150,23150,22150,23150,79349,0.01758241758241752
2022-06-30,23550,23700,22400,22450,67228,-0.030237580993520474
2022-07-01,22300,22650,20950,21050,101395,-0.062360801781737196
2022-07-04,21050,21750,20500,20950,62178,-0.004750593824228044
2022-07-05,21350,22850,21300,22550,126429,0.07637231503579955
2022-07-06,22450,23400,22400,22550,103836,0.0
2022-07-07,22650,23400,22650,23000,61081,0.019955654101995624
2022-07-08,23500,23650,22900,23250,71092,0.010869565217391353
2022-07-11,23400,26700,23400,25500,715435,0.09677419354838701
2022-07-12,25900,27500,24650,24900,788577,-0.02352941176470591
2022-07-13,25350,25500,24400,24400,153028,-0.02008032128514059
2022-07-14,24100,26400,24100,26350,396129,0.07991803278688514
2022-07-15,26400,28450,25800,26650,753427,0.011385199240986799
2022-07-18,26500,27200,26050,26850,207320,0.007504690431519689
2022-07-19,27000,29800,26600,27750,983402,0.033519553072625774
2022-07-20,27800,28500,27500,27800,228702,0.0018018018018017834
2022-07-21,27700,29400,26450,27800,667022,0.0
2022-07-22,28100,28100,26900,26900,171213,-0.03237410071942448
2022-07-25,26800,27100,26100,26100,99543,-0.029739776951672847
2022-07-26,26100,26650,25700,25750,65634,-0.013409961685823757
2022-07-27,25350,27450,25350,27050,191161,0.05048543689320395
2022-07-28,27250,27350,26800,26950,98580,-0.003696857670979714
2022-07-29,26950,27150,26050,26200,78772,-0.0278293135435993
2022-08-01,26200,26250,25700,26050,60787,-0.005725190839694694
2022-08-02,26050,29900,25300,27150,1607175,0.042226487523992384
2022-08-03,27250,27300,26500,26550,178812,-0.02209944751381221
2022-08-04,26800,28050,26600,27200,269140,0.024482109227871973
2022-08-05,27300,28850,27300,28450,318274,0.045955882352941124
2022-08-08,28450,28800,27750,27850,144766,-0.02108963093145866
2022-08-09,28100,28150,27550,27850,73750,0.0
2022-08-10,27800,27850,27100,27100,99282,-0.026929982046678624
2022-08-11,27300,27550,27050,27200,54965,0.0036900369003689537
2022-08-12,27250,28050,26850,27600,67049,0.014705882352941124
2022-08-16,27450,27750,27300,27500,41288,-0.0036231884057971175
2022-08-17,27600,27600,26600,26600,78357,-0.032727272727272716
2022-08-18,26500,26700,26050,26050,64376,-0.020676691729323293
2022-08-19,26100,26200,25650,25700,49851,-0.013435700575815779
2022-08-22,25200,25550,24500,24650,87107,-0.040856031128404635
2022-08-23,24000,24650,24000,24100,61652,-0.022312373225152116
2022-08-24,24500,26250,24400,24400,141859,0.012448132780082943
2022-08-25,24250,25000,24250,24650,43180,0.010245901639344357
2022-08-26,25100,25250,24500,24500,43508,-0.006085192697768749
2022-08-29,23500,23900,23100,23100,103566,-0.05714285714285716
2022-08-30,23200,24050,23150,23800,67868,0.030303030303030276
2022-08-31,23600,23950,23450,23800,33137,0.0
2022-09-01,23700,23800,22800,22850,66017,-0.03991596638655459
2022-09-02,23050,23250,22500,22600,35394,-0.01094091903719907
2022-09-05,22200,22900,22200,22500,42321,-0.004424778761061954
2022-09-06,22300,22750,22300,22400,25731,-0.004444444444444473
2022-09-07,22450,22450,21200,21500,78232,-0.0401785714285714
2022-09-08,21750,22000,21500,21550,33822,0.0023255813953488857
2022-09-13,21800,26000,21800,23100,749609,0.07192575406032486
2022-09-14,22250,22900,22000,22400,95206,-0.030303030303030276
2022-09-15,22600,22650,21950,22000,76519,-0.017857142857142905
2022-09-16,21850,22150,21450,21550,63568,-0.020454545454545503
2022-09-19,21550,21800,20900,20900,60838,-0.030162412993039456
2022-09-20,20900,21250,20900,21000,30520,0.004784688995215225
2022-09-21,20800,21000,20500,20750,35136,-0.011904761904761862
2022-09-22,20400,20550,19850,20100,64533,-0.031325301204819245
2022-09-23,19800,23400,19800,20150,609762,0.0024875621890547706
2022-09-26,19800,20000,18800,18800,133338,-0.0669975186104218
2022-09-27,18600,19050,18400,18650,90990,-0.007978723404255317
2022-09-28,18600,20150,18500,19050,176077,0.02144772117962468
2022-09-29,19600,20500,19250,19250,122143,0.01049868766404205
2022-09-30,18700,19550,18600,19150,50734,-0.0051948051948051965
2022-10-04,19500,19900,19400,19900,58854,0.039164490861618884
2022-10-05,20250,20500,19300,19600,57345,-0.015075376884422065
2022-10-06,19600,20350,19450,20000,66541,0.020408163265306145
2022-10-07,19750,20000,19350,19350,54423,-0.03249999999999997
2022-10-11,19250,19350,17900,18000,95125,-0.06976744186046513
2022-10-12,18200,18550,17800,18100,41281,0.005555555555555536
2022-10-13,17950,18300,17250,17350,67400,-0.04143646408839774
2022-10-14,17650,19000,17650,18450,150004,0.06340057636887608
2022-10-17,17950,18800,17850,18700,27708,0.013550135501354976
2022-10-18,19150,19600,18700,19300,52926,0.03208556149732611
2022-10-19,19500,19650,19000,19000,34890,-0.015544041450777257
2022-10-20,19000,19400,18800,18900,32932,-0.0052631578947368585
2022-10-21,19200,19200,18600,18600,22990,-0.015873015873015928
2022-10-24,18850,19400,18850,19200,31041,0.032258064516129004
2022-10-25,19550,20150,19200,19300,58519,0.005208333333333259
2022-10-26,19400,20100,18900,19150,58146,-0.007772020725388629
2022-10-27,19150,19700,19100,19350,29048,0.010443864229765065
2022-10-28,19200,19300,18850,19000,29005,-0.018087855297157618
2022-10-31,19250,19400,19000,19200,20572,0.010526315789473717
2022-11-01,19600,19650,19200,19650,34853,0.0234375
2022-11-02,19650,19900,19200,19750,54991,0.0050890585241729624
2022-11-03,19100,19500,19100,19450,23590,-0.015189873417721489
2022-11-04,19100,19500,18900,19250,44824,-0.010282776349614386
2022-11-07,19450,20750,19350,19550,140448,0.01558441558441559
2022-11-08,19600,20100,19550,19900,38537,0.01790281329923271
2022-11-09,20000,20400,19850,20000,36914,0.005025125628140614
2022-11-10,19700,20000,19650,19950,28211,-0.0024999999999999467
2022-11-11,20450,20550,20000,20200,48283,0.012531328320801949
2022-11-14,20250,20750,20050,20500,59908,0.014851485148514865
2022-11-15,20650,22050,20600,21950,309846,0.07073170731707323
2022-11-16,22100,22150,21050,21050,148463,-0.04100227790432798
2022-11-17,20950,21250,20800,21200,42450,0.0071258907363420665
2022-11-18,21200,21200,20650,20650,52989,-0.02594339622641506
2022-11-21,20800,20800,19950,19950,43574,-0.03389830508474578
2022-11-22,19700,20200,19700,19950,29643,0.0
2022-11-23,19950,20150,19900,19950,34463,0.0
2022-11-24,20000,20550,20000,20150,31708,0.010025062656641603
2022-11-25,20200,20250,19850,19950,34030,-0.00992555831265507
2022-11-28,20000,20050,19400,19450,43680,-0.02506265664160401
2022-11-29,19250,20050,19250,20000,34873,0.028277634961439535
2022-11-30,20050,20100,19650,19700,101943,-0.015000000000000013
2022-12-01,19900,20450,19900,20150,40284,0.02284263959390853
2022-12-02,20050,20150,19800,19950,22379,-0.00992555831265507
2022-12-05,19950,20800,19850,20500,88331,0.027568922305764465
2022-12-06,20250,20600,19950,20100,38111,-0.019512195121951237
2022-12-07,19950,20200,19800,19950,26787,-0.007462686567164201
2022-12-08,20000,20050,19450,19500,35049,-0.022556390977443663
2022-12-09,19500,20300,19400,20250,55385,0.03846153846153855
2022-12-12,20300,20850,19950,20250,56126,0.0
2022-12-13,20400,24850,20350,23050,2307109,0.1382716049382715
2022-12-14,23000,23250,22600,23100,370904,0.002169197396963085
2022-12-15,23300,23400,22500,22900,263991,-0.008658008658008698
2022-12-16,22850,24550,22750,23050,939312,0.0065502183406114245
2022-12-19,23250,23300,22500,22800,172669,-0.010845986984815648
2022-12-20,22700,22700,21150,21600,204118,-0.052631578947368474
2022-12-21,21500,22450,21500,21950,123108,0.01620370370370372
2022-12-22,21950,26000,21950,22750,1548442,0.036446469248291535
2022-12-23,22550,23100,21750,21750,237557,-0.04395604395604391
2022-12-26,21800,22900,21350,21400,228140,-0.016091954022988464
2022-12-27,21450,22250,21400,22000,113006,0.028037383177569986
2022-12-28,21900,22850,21900,22350,185572,0.015909090909090873
2022-12-29,22500,22600,21400,21650,115645,-0.031319910514541416
2023-01-02,21800,22800,21650,21950,168171,0.01385681293302543
2023-01-03,21850,21950,20050,20650,179452,-0.059225512528473856
2023-01-04,21000,21200,20600,20650,90953,0.0
2023-01-05,20800,21200,20550,20550,76945,-0.004842615012106588
2023-01-06,20600,20650,20100,20200,103997,-0.01703163017031628
2023-01-09,20500,20850,20250,20500,73795,0.014851485148514865
2023-01-10,20600,20600,20050,20150,94502,-0.017073170731707332
2023-01-11,20350,20550,20200,20300,118177,0.007444168734491274
2023-01-12,20450,20500,20100,20100,59765,-0.009852216748768461
2023-01-13,20150,20250,19850,19950,106087,-0.007462686567164201
2023-01-16,19950,20150,19850,20000,85167,0.0025062656641603454
2023-01-17,20000,20050,19550,19600,79935,-0.020000000000000018
2023-01-18,19750,19900,19400,19500,49140,-0.005102040816326481
2023-01-19,19350,19650,19000,19450,94601,-0.002564102564102555
2023-01-20,19450,19600,19300,19450,39761,0.0
2023-01-25,19520,19900,19490,19510,36365,0.0030848329048842604
2023-01-26,19510,19650,19400,19520,39621,0.0005125576627371675
2023-01-27,19540,19900,19520,19760,52920,0.012295081967213184
2023-01-30,19910,19910,19520,19570,47425,-0.009615384615384581
2023-01-31,19610,19610,19360,19530,29708,-0.0020439448134900173
2023-02-01,19540,20150,19350,19900,85617,0.018945212493599595
2023-02-02,20150,20250,19950,20150,71559,0.012562814070351758
2023-02-03,20200,20200,19650,20000,46227,-0.007444168734491274
2023-02-06,20000,20150,19700,19960,38280,-0.0020000000000000018
2023-02-07,19910,20150,19880,19970,31913,0.0005010020040079333
2023-02-08,20100,20100,19900,19920,44923,-0.0025037556334501776
2023-02-09,19900,20000,19760,19970,34175,0.0025100401606426015
2023-02-10,19900,19900,19510,19510,60359,-0.02303455182774161
2023-02-13,19580,19580,19130,19160,48715,-0.017939518195796977
2023-02-14,19300,19680,19290,19310,30142,0.007828810020876764
2023-02-15,19310,19400,19000,19010,46325,-0.015535991714137776
2023-02-16,19040,19410,19040,19330,25779,0.016833245660178964
2023-02-17,19050,19420,19050,19210,14709,-0.006207966890843242
2023-02-20,19450,19940,19320,19750,59876,0.02811035918792304
2023-02-21,19650,19750,19550,19720,22089,-0.0015189873417721378
2023-02-22,19650,19650,19250,19260,32066,-0.02332657200811361
2023-02-23,19220,19370,19170,19240,25836,-0.0010384215991692258
2023-02-24,19200,19220,18910,19010,39599,-0.011954261954261969
2023-02-27,19000,19250,18810,18930,24472,-0.004208311415044741
2023-02-28,19090,19150,18830,19000,27597,0.003697834125726329
2023-03-02,19000,19080,18910,18980,32794,-0.001052631578947416
2023-03-03,19000,19160,18950,18970,28923,-0.0005268703898840821
2023-03-06,18980,19150,18830,19060,32324,0.004744333157617353
2023-03-07,19050,19570,19050,19390,40780,0.017313746065057645
2023-03-08,19300,19390,19080,19080,37697,-0.01598762248581742
2023-03-09,19090,19330,19070,19230,34497,0.007861635220125729
2023-03-10,18810,19230,18810,18870,36588,-0.018720748829953227
2023-03-13,18710,18830,18500,18580,38328,-0.015368309485956577
2023-03-14,18300,18520,17950,17950,48764,-0.03390742734122709
2023-03-15,18000,18200,17720,17720,40067,-0.012813370473537589
2023-03-16,17610,17900,17270,17820,41550,0.0056433408577878375
2023-03-17,17900,18350,17900,18280,29936,0.02581369248035914
2023-03-20,18010,18710,18010,18120,27125,-0.008752735229759279
2023-03-21,18140,18300,17750,17980,19086,-0.007726269315673329
2023-03-22,18040,18730,17660,18520,49407,0.030033370411568505
2023-03-23,18320,18400,18050,18050,33329,-0.025377969762419017
2023-03-24,18070,18160,18000,18050,19724,0.0
2023-03-27,18040,18050,17630,17940,47094,-0.006094182825484795
2023-03-28,17800,18150,17800,17920,25845,-0.0011148272017836858
2023-03-29,17810,18030,17720,17830,29836,-0.005022321428571397
2023-03-30,18000,18570,17720,18320,46229,0.027481772293886708
2023-03-31,18280,18290,17870,17930,48505,-0.021288209606986852
2023-04-03,17830,18000,17740,17790,37531,-0.007808142777467886
2023-04-04,17720,18450,17720,18340,75426,0.030916245081506366
2023-04-05,18400,19280,18350,18750,102631,0.02235550708833145
2023-04-06,18930,19270,18700,18960,60203,0.011200000000000099
2023-04-07,18910,19100,18340,18430,56017,-0.02795358649789026
2023-04-10,18500,18500,17850,18080,57584,-0.018990775908844237
2023-04-11,18150,18440,17940,18260,40602,0.009955752212389424
2023-04-12,18410,19120,18210,19100,90230,0.04600219058050392
2023-04-13,19180,20800,19110,19970,392921,0.045549738219895275
2023-04-14,20000,20400,19800,20150,121450,0.009013520280420684
2023-04-17,20150,20150,19490,19490,79020,-0.032754342431761785
2023-04-18,19650,20700,19300,20400,154721,0.04669061056952284
2023-04-19,20400,20450,19730,19940,80826,-0.022549019607843168
2023-04-20,19950,20700,19220,19320,132566,-0.031093279839518595
2023-04-21,19330,19400,18840,18960,49080,-0.018633540372670843
2023-04-24,18940,19200,18710,18830,42021,-0.006856540084388185
2023-04-25,18820,18980,18250,18340,69314,-0.026022304832713727
2023-04-26,18010,18640,18010,18480,26711,0.007633587786259444
2023-04-27,19100,19100,18300,18760,54657,0.015151515151515138
2023-04-28,18710,18990,18510,18580,30359,-0.009594882729211052
2023-05-02,18500,19320,18450,18850,71982,0.014531754574811595
2023-05-03,18800,18810,18410,18500,30880,-0.018567639257294433
2023-05-04,18350,19190,18350,18820,51753,0.017297297297297343
2023-05-08,19170,19170,18710,18710,25143,-0.0058448459086078985
2023-05-09,18610,19090,18610,18740,37459,0.0016034206306787535
2023-05-10,18740,18780,18390,18490,29384,-0.013340448239060887
2023-05-11,18600,18790,18390,18390,26053,-0.005408328826392639
2023-05-12,18300,18720,18170,18590,25311,0.010875475802066381
2023-05-15,18360,18590,18080,18190,47942,-0.02151694459386766
2023-05-16,18190,18230,17840,17870,44829,-0.017592083562396943
2023-05-17,17780,18050,17730,17940,37776,0.003917179630665846
2023-05-18,17950,18230,17850,17920,23933,-0.0011148272017836858
2023-05-19,17930,18110,17850,18000,26106,0.0044642857142858094
2023-05-22,17910,18280,17910,18130,23648,0.007222222222222241
2023-05-23,18110,18520,18080,18400,44734,0.014892443463871974
2023-05-24,18400,18500,18180,18290,27388,-0.005978260869565211
2023-05-25,18290,18340,18010,18020,24645,-0.014762165117550574
2023-05-26,18100,18130,17900,17900,24435,-0.006659267480577102
2023-05-30,17920,18040,17820,17950,20218,0.0027932960893854997
2023-05-31,17800,18080,17800,17840,17325,-0.006128133704735417
2023-06-01,17870,18170,17840,17980,37065,0.007847533632286963
2023-06-02,17990,18240,17940,18030,20344,0.002780867630700845
2023-06-05,18210,18320,17990,18230,25713,0.011092623405435376
2023-06-07,18390,18430,18200,18300,26496,0.0038398244651673963
2023-06-08,18150,18290,18110,18110,18917,-0.01038251366120213
2023-06-09,18120,18340,18120,18180,23324,0.003865267807841022
2023-06-12,18190,18230,17930,17950,27508,-0.0126512651265126
2023-06-13,17990,18280,17960,17960,34953,0.0005571030640667551
2023-06-14,17970,18100,17730,17750,43658,-0.011692650334075738
2023-06-15,17950,18020,17740,17740,27398,-0.0005633802816901179
2023-06-16,17800,18570,17730,17880,96704,0.007891770011273946
2023-06-19,17890,17900,17710,17820,29087,-0.003355704697986628
2023-06-20,17800,18150,17740,17780,35141,-0.002244668911335568
2023-06-21,17780,18050,17510,17540,36870,-0.013498312710911176
2023-06-22,17510,17750,17370,17370,26028,-0.009692132269099152
2023-06-23,17380,17580,16720,17180,29312,-0.010938399539435761
2023-06-26,17250,17350,16850,17010,21563,-0.009895227008149043
2023-06-27,16820,17090,16820,16870,20308,-0.008230452674897082
2023-06-28,16880,17280,16840,16840,16241,-0.001778304682868992
2023-06-29,16900,16910,16610,16610,33290,-0.013657957244655572
2023-06-30,16620,16810,16410,16650,19077,0.0024081878386514877
2023-07-03,16650,17000,16650,16820,25471,0.01021021021021018
2023-07-04,16660,17000,16610,16700,25606,-0.007134363852556502
2023-07-05,16870,16870,16580,16620,24638,-0.004790419161676662
2023-07-06,16550,16560,16170,16180,61405,-0.026474127557160054
2023-07-07,16060,16160,15920,15930,30434,-0.015451174289246028
2023-07-10,15680,15930,15510,15610,46643,-0.020087884494664143
2023-07-11,15540,15820,15470,15610,40975,0.0
2023-07-12,15610,15700,15540,15630,23131,0.0012812299807816174
2023-07-13,15630,16380,15630,15870,50758,0.015355086372360827
2023-07-14,16090,16310,15630,16090,41286,0.013862633900441068
2023-07-17,16090,16300,15730,15980,17099,-0.006836544437538894
2023-07-18,15980,16090,15690,15700,27394,-0.017521902377972465
2023-07-19,15620,15850,15580,15610,22768,-0.00573248407643312
2023-07-20,15600,16640,15600,16300,72155,0.04420243433696358
2023-07-21,16300,16910,16300,16900,74235,0.036809815950920255
2023-07-24,16900,16910,16140,16420,51070,-0.028402366863905293
2023-07-25,16210,16450,15690,15690,64041,-0.04445797807551766
2023-07-26,15550,15640,14660,14680,91996,-0.06437221159974504
2023-07-27,14680,15400,14680,15100,51838,0.028610354223433276
2023-07-28,14880,15870,14880,15600,50404,0.0331125827814569
2023-07-31,15600,15800,15480,15770,25295,0.010897435897435859
2023-08-01,15760,16290,15670,16140,29732,0.023462270133164154
2023-08-02,16050,16340,15740,15870,25941,-0.016728624535315983
2023-08-03,15870,16600,15870,16400,52387,0.03339634530560809
2023-08-04,16520,16610,16080,16200,25310,-0.012195121951219523
2023-08-07,16190,16370,15870,16210,30717,0.0006172839506173311
2023-08-08,16210,16300,15710,15730,28228,-0.029611351017890142
2023-08-09,15910,16480,15500,16450,69795,0.04577240940877303
2023-08-10,16330,16910,16300,16800,43675,0.02127659574468077
2023-08-11,16800,16860,16560,16630,22632,-0.010119047619047583
2023-08-14,16670,16680,16390,16510,38821,-0.007215874924834664
2023-08-16,16510,16510,16060,16450,29057,-0.00363416111447612
2023-08-17,16150,16270,16090,16110,28373,-0.020668693009118555
2023-08-18,16010,16200,15700,15700,39170,-0.025450031036623244
2023-08-21,15700,16070,15550,15890,18261,0.012101910828025586
2023-08-22,15800,16080,15780,15780,13335,-0.006922592825676532
2023-08-23,15940,15940,15420,15450,24446,-0.020912547528517123
2023-08-24,15670,16140,15670,15880,24131,0.02783171521035599
2023-08-25,15860,16060,15800,15820,16780,-0.0037783375314861534
2023-08-28,15820,16300,15730,15970,37734,0.009481668773704266
2023-08-29,15920,16470,15920,16160,25114,0.01189730745147144
2023-08-30,16230,16360,16010,16350,17392,0.011757425742574323
2023-08-31,16350,16550,16240,16310,18294,-0.0024464831804281717
2023-09-01,16290,16480,15880,16140,36274,-0.010423053341508282
2023-09-04,16030,16280,15920,15920,21611,-0.013630731102850069
2023-09-05,16000,18450,16000,17020,757258,0.06909547738693478
2023-09-06,17020,18200,16860,17590,238739,0.0334900117508814
2023-09-07,17590,17940,17150,17170,83001,-0.023877202956225085
2023-09-08,17170,18000,17170,17870,78617,0.0407687827606289
2023-09-11,17710,18230,17580,18100,80822,0.012870733072188001
2023-09-12,18120,18400,17850,18090,81765,-0.0005524861878453136
2023-09-13,17940,18150,17800,17840,38103,-0.013819789939192972
2023-09-14,17850,17950,17480,17850,51578,0.0005605381165918466
2023-09-15,17850,17940,17460,17650,57791,-0.011204481792717047
2023-09-18,17630,17880,17480,17600,16713,-0.0028328611898017497
2023-09-19,17900,17900,17510,17620,21704,0.001136363636363713
2023-09-20,17620,17790,17250,17300,42787,-0.018161180476730987
2023-09-21,17250,17290,16640,16670,50921,-0.03641618497109822
2023-09-22,16340,16730,16300,16320,33114,-0.02099580083983199
2023-09-25,16270,16500,16050,16060,24153,-0.015931372549019662
2023-09-26,15960,16400,15740,15770,31304,-0.018057285180572813
2023-09-27,15760,16000,15680,15910,14123,0.00887761572606216
2023-10-04,15610,15780,14670,15130,48028,-0.049025769956002496
2023-10-05,15600,15600,14660,14700,39933,-0.028420356906807664
2023-10-06,14430,15730,14430,15550,44811,0.05782312925170063
2023-10-10,15940,16000,14950,15150,30158,-0.025723472668810254
2023-10-11,15060,15530,15060,15360,11550,0.013861386138613874
2023-10-12,15330,16860,15330,15770,56200,0.02669270833333326
2023-10-13,15830,15830,15340,15390,19260,-0.02409638554216864
2023-10-16,15410,15430,15100,15160,29974,-0.014944769330734298
2023-10-17,15140,15850,15140,15650,24447,0.03232189973614785
2023-10-18,15470,15820,15310,15450,18357,-0.012779552715655007
2023-10-19,15340,15340,14900,15010,36962,-0.028478964401294493
2023-10-20,14960,15280,14450,14840,45273,-0.011325782811459018
2023-10-23,14700,14990,14630,14700,30908,-0.009433962264150941
2023-10-24,14700,14840,14200,14700,39923,0.0
2023-10-25,14620,14940,14560,14770,15262,0.004761904761904745
2023-10-26,14620,14640,14310,14500,34175,-0.018280297901150933
2023-10-27,14430,14690,14300,14300,26365,-0.01379310344827589
2023-10-30,14120,14540,14120,14380,33221,0.005594405594405494
2023-10-31,14380,14660,13960,14110,36438,-0.018776077885952702
2023-11-01,14120,14390,14100,14160,19108,0.003543586109142405
2023-11-02,14210,14780,14210,14730,32237,0.0402542372881356
2023-11-03,14740,15080,14680,15070,16950,0.02308214528173802
2023-11-06,15210,15460,15110,15380,24894,0.020570670205706687
2023-11-07,15350,15440,15150,15330,17881,-0.0032509752925877766
2023-11-08,15230,15680,15230,15410,18717,0.005218525766470972
2023-11-09,15570,15570,15170,15250,15040,-0.010382868267358902
2023-11-10,15250,15370,14940,15090,20338,-0.010491803278688483
2023-11-13,15400,15410,14610,14750,26712,-0.022531477799867417
2023-11-14,14650,15060,14650,14940,9516,0.012881355932203409
2023-11-15,15020,15320,15020,15300,21677,0.024096385542168752
2023-11-16,15300,15450,15260,15330,10704,0.0019607843137254832
2023-11-17,15330,15360,15140,15250,15812,-0.005218525766470972
2023-11-20,15250,15450,14940,15240,11851,-0.0006557377049180024
2023-11-21,15210,15460,15210,15460,13036,0.014435695538057791
2023-11-22,15460,15460,15280,15340,14934,-0.0077619663648124115
2023-11-23,15450,15490,15330,15450,9584,0.007170795306388422
2023-11-24,15450,15520,15180,15180,12202,-0.01747572815533982
2023-11-27,15170,15300,15000,15060,17846,-0.007905138339920903
2023-11-28,15250,15340,14990,15020,17394,-0.0026560424966799445
2023-11-29,15010,15080,14760,14760,25899,-0.017310252996005304
2023-11-30,14850,14930,14740,14860,11220,0.006775067750677488
2023-12-01,14760,15060,14660,15060,16132,0.013458950201884257
2023-12-04,15100,15100,14800,14980,19216,-0.005312084993359889
2023-12-05,14980,15710,14970,15300,27333,0.021361815754339153
2023-12-06,15320,16180,15320,15700,66411,0.02614379084967311
2023-12-07,15700,16200,15650,15700,51180,0.0
2023-12-08,15600,15940,15450,15640,26398,-0.003821656050955413
2023-12-11,15650,15750,14850,15300,19734,-0.021739130434782594
2023-12-12,15150,15370,15010,15290,15097,-0.0006535947712418277
2023-12-13,15090,15290,14900,14970,29979,-0.02092871157619358
2023-12-14,15010,15230,14980,15130,16891,0.010688042752170945
2023-12-15,15110,15400,14910,15040,19894,-0.00594844679444817
2023-12-18,15250,15250,15000,15020,15640,-0.0013297872340425343
2023-12-19,14930,15200,14930,15170,17230,0.00998668442077233
2023-12-20,15150,15960,15150,15690,84261,0.03427818061964394
2023-12-21,15700,15950,15530,15720,24176,0.0019120458891013214
2023-12-22,15720,16250,15500,16010,44553,0.018447837150127322
2023-12-26,16020,16230,15290,15820,37264,-0.011867582760774487
2023-12-27,15820,16100,15700,16000,23565,0.011378002528444897
2023-12-28,16000,16620,15900,16540,59587,0.03374999999999995
2024-01-02,16450,16840,16380,16700,43451,0.0096735187424426
2024-01-03,16670,17130,16550,16730,68078,0.001796407185628679
2024-01-04,16730,16730,16260,16260,47768,-0.028093245666467426
2024-01-05,16280,17150,16200,16510,80028,0.015375153751537418
2024-01-08,16520,16680,16100,16200,34978,-0.01877649909145973
2024-01-09,16200,16640,16140,16490,28944,0.01790123456790127
2024-01-10,16500,16540,16270,16520,24333,0.0018192844147968401
2024-01-11,16520,16670,16330,16570,30509,0.003026634382566673
2024-01-12,16570,16670,16070,16300,38161,-0.016294508147254083
2024-01-15,16350,16410,16050,16060,32375,-0.014723926380368124
2024-01-16,15910,16330,15900,16080,33384,0.001245330012453305
2024-01-17,16030,16090,15660,15730,37111,-0.02176616915422891
2024-01-18,15730,15940,15410,15790,19775,0.00381436745073116
2024-01-19,15790,16080,15740,15750,17688,-0.002533248891703588
2024-01-22,15700,16050,15590,15720,36599,-0.0019047619047618536
2024-01-23,15720,15990,15690,15860,24288,0.008905852417302906
2024-01-24,15870,15870,15580,15620,26754,-0.015132408575031508
2024-01-25,15930,15950,15370,15500,22112,-0.007682458386683688
2024-01-26,15440,15650,15440,15500,19679,0.0
2024-01-29,15480,15640,15280,15320,27378,-0.011612903225806437
2024-01-30,15310,15550,15110,15390,26717,0.004569190600522299
2024-01-31,15200,15500,15100,15160,26149,-0.014944769330734298
2024-02-01,15020,15280,14960,15150,25052,-0.0006596306068601399
2024-02-02,15100,15410,15100,15340,10707,0.012541254125412626
2024-02-05,15360,15450,14990,15210,19815,-0.008474576271186418
2024-02-06,15210,15300,15000,15090,14351,-0.007889546351084853
2024-02-07,15020,15250,15020,15160,16539,0.004638833664678543
2024-02-08,15180,15250,15100,15140,12972,-0.0013192612137202797
2024-02-13,15100,15430,15100,15290,21580,0.009907529722589237
2024-02-14,15100,15500,15100,15300,15198,0.0006540222367561466
2024-02-15,15300,15450,15260,15330,11810,0.0019607843137254832
2024-02-16,15470,15470,15290,15450,22499,0.007827788649706457
2024-02-19,15450,15970,15450,15780,39799,0.021359223300970953
2024-02-20,15850,15950,15640,15710,24943,-0.004435994930291454
2024-02-21,15710,15800,15420,15450,41165,-0.01654996817313814
2024-02-22,15480,15600,14120,15100,68968,-0.02265372168284785
2024-02-23,15160,15280,15010,15030,34123,-0.004635761589403931
2024-02-26,15040,15200,14900,14930,27358,-0.006653359946773074
2024-02-27,14800,14980,14570,14650,44770,-0.018754186202277312
2024-02-28,14750,14850,14640,14820,26676,0.011604095563140016
2024-02-29,14860,14950,14780,14950,15444,0.00877192982456143
2024-03-04,14960,14960,14760,14800,19379,-0.010033444816053505
2024-03-05,14670,15180,14670,15180,26573,0.025675675675675746
2024-03-06,15180,15340,14960,15140,30543,-0.0026350461133070047
2024-03-07,15180,15350,14900,15120,21225,-0.0013210039630119352
2024-03-08,15120,15900,15110,15700,54756,0.03835978835978837
2024-03-11,15700,16030,15440,15440,37598,-0.016560509554140124
2024-03-12,15380,15750,15300,15490,28016,0.0032383419689119286
2024-03-13,15500,15800,15450,15630,29219,0.009038089089735246
2024-03-14,15630,15840,15580,15630,13364,0.0
2024-03-15,15630,15700,15400,15460,19812,-0.010876519513755567
2024-03-18,15400,16140,15400,16090,57250,0.0407503234152653
2024-03-19,16010,16090,15500,15600,35597,-0.03045369794903663
2024-03-20,15650,16500,15500,16240,83772,0.0410256410256411
2024-03-21,16240,16480,15960,16050,36736,-0.011699507389162589
2024-03-22,16170,16300,15890,16120,51872,0.004361370716510882
2024-03-25,16110,16490,15950,16200,38094,0.00496277915632759
2024-03-26,16210,16310,15910,15940,31209,-0.016049382716049387
2024-03-27,15910,16100,15600,15620,37783,-0.020075282308657516
2024-03-28,15630,15870,15400,15500,20638,-0.007682458386683688
2024-03-29,15680,15710,15100,15250,27394,-0.016129032258064502
2024-04-01,15260,15580,15190,15340,32005,0.005901639344262355
2024-04-02,15410,15430,14960,15020,42498,-0.020860495436766602
2024-04-03,15130,15130,14610,14710,53036,-0.020639147802929414
2024-04-04,14710,14910,14610,14680,20664,-0.0020394289598911763
2024-04-05,14610,14880,14500,14580,44127,-0.006811989100817484
2024-04-08,14520,14660,14140,14180,44858,-0.027434842249657088
2024-04-09,14180,14320,13990,14040,34028,-0.009873060648801113
2024-04-11,13760,13880,13540,13810,67436,-0.01638176638176636
2024-04-12,13810,13980,13700,13790,22862,-0.0014482259232440065
2024-04-15,13790,13810,13430,13560,38976,-0.01667875271936181
2024-04-16,13440,13880,13100,13160,53641,-0.029498525073746285
2024-04-17,13180,13270,13000,13010,26177,-0.011398176291793294
2024-04-18,12840,13490,12840,13380,22305,0.028439661798616456
2024-04-19,13260,13480,13080,13190,24782,-0.01420029895366215
2024-04-22,13060,13460,13060,13340,14313,0.011372251705837666
2024-04-23,13210,13940,13210,13780,46948,0.03298350824587715
2024-04-24,13780,13950,13710,13770,12849,-0.0007256894049346707
2024-04-25,13660,13910,13560,13620,16368,-0.01089324618736387
2024-04-26,13710,13780,13550,13780,8360,0.011747430249632984
2024-04-29,13790,13880,13770,13790,11322,0.0007256894049347817
2024-04-30,13660,13890,13660,13780,10040,-0.0007251631617113397
2024-05-02,13780,13930,13780,13860,7772,0.005805515239477588
2024-05-03,13810,13960,13750,13780,9806,-0.005772005772005762
2024-05-07,13710,14260,13710,14190,29568,0.029753265602322276
2024-05-08,14190,14240,14000,14190,11963,0.0
2024-05-09,14050,14430,14050,14200,12447,0.0007047216349542751
2024-05-10,14200,14600,14150,14590,20303,0.02746478873239444
2024-05-13,14590,14920,14510,14880,25844,0.01987662782727906
2024-05-14,14740,14950,14740,14890,15480,0.0006720430107527431
2024-05-16,14900,14990,14770,14860,14787,-0.002014775016789816
2024-05-17,14930,14930,14720,14870,7278,0.0006729475100941684
2024-05-20,14650,14900,14650,14750,8960,-0.00806993947545398
2024-05-21,14760,14810,14600,14720,15872,-0.0020338983050847137
2024-05-22,14590,14880,14590,14740,6752,0.0013586956521738358
2024-05-23,14750,14800,14300,14560,12232,-0.012211668928086894
2024-05-24,14500,14500,14220,14450,18090,-0.007554945054945028
2024-05-27,14530,14530,13930,14280,17070,-0.0117647058823529
2024-05-28,14120,14200,13960,14000,12685,-0.019607843137254943
2024-05-29,14000,14520,13910,14420,13965,0.030000000000000027
2024-05-30,14290,14500,14230,14350,17533,-0.004854368932038833
2024-05-31,14210,14380,14120,14320,6916,-0.002090592334494823
2024-06-03,14320,14420,14060,14090,15139,-0.016061452513966512
2024-06-04,14010,14090,13680,13850,46015,-0.017033356990773574
2024-06-05,13710,13850,13410,13500,26387,-0.02527075812274371
2024-06-07,13620,13620,13370,13450,17873,-0.0037037037037036535
2024-06-10,13450,13540,13260,13300,9758,-0.01115241635687736
2024-06-11,13200,13480,13200,13330,11515,0.0022556390977443996
2024-06-12,13330,13330,13090,13110,23513,-0.01650412603150786
2024-06-13,13120,14200,13000,14010,44153,0.06864988558352403
2024-06-14,14010,14020,13520,13570,26727,-0.03140613847251961
2024-06-17,13570,13570,13270,13470,8418,-0.007369196757553431
2024-06-18,13470,13510,13110,13180,20661,-0.02152932442464739
2024-06-19,13130,13190,13030,13060,15162,-0.009104704097116834
2024-06-20,13010,13440,13010,13410,11681,0.02679938744257271
2024-06-21,13190,13460,13000,13000,28419,-0.030574198359433313
2024-06-24,12960,13070,12680,12690,38835,-0.02384615384615385
2024-06-25,12560,15970,12560,14000,847162,0.10323089046493306
2024-06-26,13750,14290,13640,13750,80383,-0.017857142857142905
2024-06-27,13790,14000,13700,13890,29754,0.010181818181818292
2024-06-28,13650,13870,13630,13630,21975,-0.018718502519798452
2024-07-01,13680,13850,13500,13720,10452,0.006603081438004477
2024-07-02,13630,13850,13350,13430,19467,-0.021137026239067103
2024-07-03,13600,13600,13200,13230,17893,-0.014892032762472085
2024-07-04,13310,13540,13200,13330,21682,0.0075585789871503994
2024-07-05,13330,13810,13240,13700,28988,0.02775693923480871
2024-07-08,13720,14080,13720,14000,18671,0.021897810218978186
2024-07-09,13990,14190,13900,14190,14293,0.013571428571428568
2024-07-10,14230,14930,14100,14510,63056,0.02255109231853414
2024-07-11,14520,15060,14520,14750,49418,0.016540317022742945
2024-07-12,14610,14750,14300,14660,21935,-0.006101694915254252
2024-07-15,14530,14810,14300,14320,24790,-0.023192360163710735
2024-07-16,14250,14500,13900,14220,22157,-0.006983240223463638
2024-07-17,14300,14600,14240,14300,11264,0.005625879043600568
2024-07-18,14300,14300,13700,14100,16237,-0.013986013986013957
2024-07-19,14010,14240,13940,14210,10458,0.007801418439716379
2024-07-22,14220,14230,13660,13720,39384,-0.03448275862068961
2024-07-23,13710,13930,13650,13700,14631,-0.001457725947521915
2024-07-24,13500,14560,13500,14340,49303,0.046715328467153316
2024-07-25,14190,14220,13880,13980,15253,-0.025104602510460206
2024-07-26,13850,14360,13850,14000,18011,0.0014306151645206988
2024-07-29,13910,14540,13910,14150,17391,0.010714285714285676
2024-07-30,14060,14350,13920,14080,21441,-0.004946996466431042
2024-07-31,14110,14250,13960,14010,14442,-0.004971590909090939
2024-08-01,14010,14560,14010,14360,23577,0.024982155603140654
2024-08-02,14360,14360,13740,13850,18928,-0.03551532033426186
2024-08-05,13610,13650,11170,12210,108963,-0.11841155234657041
2024-08-06,12000,12710,12000,12700,34416,0.040131040131040185
2024-08-07,12450,13550,12450,13390,32015,0.054330708661417315
2024-08-08,13270,13870,13260,13750,23119,0.026885735623599638
2024-08-09,13710,13900,13620,13880,14610,0.009454545454545382
2024-08-12,13750,14690,13750,14560,82577,0.04899135446685876
2024-08-13,14700,14710,13800,14040,55678,-0.0357142857142857
2024-08-14,14310,14310,14050,14190,14927,0.010683760683760646
2024-08-16,14120,14460,14070,14300,30405,0.007751937984496138
2024-08-19,14300,14880,14120,14740,55962,0.03076923076923066
2024-08-20,14900,15550,14480,14650,142359,-0.006105834464043447
2024-08-21,14670,14890,14200,14310,40971,-0.02320819112627981
2024-08-22,14340,14600,13900,14190,33084,-0.008385744234800874
2024-08-23,14190,14200,13910,14130,14747,-0.0042283298097252064
2024-08-26,14010,14450,13900,14010,18658,-0.00849256900212314
2024-08-27,13860,14260,13830,13830,16234,-0.012847965738758016
2024-08-28,13910,14000,13710,13910,14923,0.005784526391901634
2024-08-29,13880,13910,13550,13600,25493,-0.022286125089863384
2024-08-30,13600,14100,13600,13940,25675,0.02499999999999991
2024-09-02,13950,13980,13450,13610,24007,-0.023672883787661414
2024-09-03,13610,13890,13500,13500,14306,-0.008082292432035287
2024-09-04,13400,13460,13050,13460,39436,-0.002962962962962945
2024-09-05,13450,13460,13000,13190,23031,-0.020059435364041645
2024-09-06,13130,13170,12770,12850,24026,-0.02577710386656562
2024-09-09,12310,12960,12310,12880,10227,0.0023346303501945442
2024-09-10,12880,13060,12640,12740,18086,-0.010869565217391353
2024-09-11,12670,12980,12540,12550,15897,-0.01491365777080067
2024-09-12,12550,12970,12550,12930,16768,0.030278884462151323
2024-09-13,12940,13390,12860,13350,12480,0.03248259860788871
2024-09-19,13350,14100,13300,13820,28447,0.03520599250936329
2024-09-20,13850,13950,13700,13870,23827,0.003617945007236001
2024-09-23,14030,14430,13830,14210,45312,0.024513338139870333
2024-09-24,14230,14900,14230,14510,66403,0.02111189303307537
2024-09-25,14500,14650,14320,14400,25660,-0.007580978635423841
2024-09-26,14280,15000,14250,14510,48644,0.007638888888888973
2024-09-27,14470,14580,14010,14270,31001,-0.016540317022742945
2024-09-30,14200,14270,13870,13890,15879,-0.026629292221443612
2024-10-02,13700,13900,13550,13580,15217,-0.022318214542836556
2024-10-04,13570,13770,13520,13720,13269,0.010309278350515427
2024-10-07,13890,13930,13510,13860,18789,0.010204081632652962
2024-10-08,13860,13990,13610,13700,13664,-0.011544011544011523
2024-10-10,13710,13990,13710,13900,12836,0.014598540145985384
2024-10-11,13780,14080,13780,13850,11807,-0.003597122302158251
2024-10-14,13780,13900,13390,13800,46316,-0.0036101083032491488
2024-10-15,13990,14980,13870,14950,113874,0.08333333333333326
2024-10-16,14900,15070,14660,15020,63446,0.00468227424749168
2024-10-17,15030,15770,14770,15770,104158,0.049933422103861425
2024-10-18,15630,16890,15450,16780,204400,0.06404565630944825
2024-10-21,16730,16870,16150,16520,89932,-0.015494636471990453
2024-10-22,16520,17200,15210,15770,185541,-0.045399515738498764
2024-10-23,15620,17530,15530,15980,292122,0.01331642358909324
2024-10-24,15970,15970,15620,15880,36601,-0.006257822277847325
2024-10-25,15810,15850,15160,15850,94316,-0.0018891687657430767
2024-10-28,15990,16550,15800,16440,71782,0.037223974763406886
2024-10-29,16500,16540,16240,16330,26963,-0.00669099756690994
2024-10-30,16490,16750,16210,16490,43240,0.009797917942437229
2024-10-31,16450,16450,16180,16280,23635,-0.01273499090357788
2024-11-01,16390,16390,15500,15630,35559,-0.03992628992628988
2024-11-04,15620,18650,15450,16560,1412323,0.05950095969289837
2024-11-05,16560,16980,16300,16430,102597,-0.007850241545893755
2024-11-06,16430,16990,16130,16300,66614,-0.00791235544735236
2024-11-07,16320,16350,15510,15830,53715,-0.028834355828220803
2024-11-08,15800,16060,15610,15830,31492,0.0
2024-11-11,15620,15830,15160,15160,41845,-0.04232469993682886
2024-11-12,15420,15420,14740,15200,68343,0.0026385224274405594
2024-11-13,15180,15180,14310,14330,56829,-0.05723684210526314
2024-11-14,14210,14700,14190,14240,29831,-0.006280530355896707
2024-11-15,14170,14800,14040,14650,27559,0.028792134831460592
2024-11-18,14650,14930,14000,14060,66595,-0.04027303754266209
2024-11-19,14100,14350,14060,14250,14040,0.013513513513513598
2024-11-20,15200,15200,14160,14170,32391,-0.0056140350877192935
2024-11-21,14100,15170,14060,14300,30141,0.00917431192660545
2024-11-22,14230,14800,14050,14310,23923,0.0006993006993007977
2024-11-25,14400,14780,14400,14650,25784,0.02375960866526894
2024-11-26,14640,14650,14340,14400,18177,-0.017064846416382284
2024-11-27,14510,14510,14100,14100,37151,-0.02083333333333337
2024-11-28,14060,14400,14060,14150,25021,0.0035460992907800915
2024-11-29,14370,14380,13750,13750,28443,-0.028268551236749095
2024-12-02,13750,13880,13020,13100,62213,-0.047272727272727244
2024-12-03,13010,13350,13010,13230,42606,0.00992366412213741
2024-12-04,12960,13220,12640,12840,46602,-0.02947845804988658
2024-12-05,12840,12910,12190,12200,76372,-0.049844236760124616
2024-12-06,12220,12450,11670,12450,60806,0.020491803278688492
2024-12-09,12330,12330,11800,11820,29884,-0.050602409638554224
2024-12-10,11680,12350,11680,12300,19254,0.04060913705583746
2024-12-11,12280,12760,12280,12760,26103,0.0373983739837398
2024-12-12,12980,13170,12770,13010,32220,0.019592476489028288
2024-12-13,12980,13530,12810,13240,28937,0.017678708685626487
2024-12-16,13520,13560,13330,13510,20689,0.020392749244712904
2024-12-17,13580,13580,13280,13420,17457,-0.006661732050333047
2024-12-18,13560,13560,13170,13310,14757,-0.008196721311475419
2024-12-19,12800,13280,12770,12940,22011,-0.027798647633358375
2024-12-20,12810,12930,12580,12760,16517,-0.01391035548686248
2024-12-23,12650,12970,12650,12880,8044,0.00940438871473348
2024-12-24,12850,12950,12840,12920,5279,0.0031055900621117516
2024-12-26,12930,13050,12770,12780,23721,-0.010835913312693513
2024-12-27,12600,12770,12400,12560,22337,-0.017214397496087663
2024-12-30,12430,12940,12430,12840,7777,0.022292993630573354
2025-01-02,13110,13110,12610,12970,12094,0.010124610591900396
2025-01-03,13090,13540,12970,13360,25375,0.030069390902081716
2025-01-06,13320,13620,13320,13620,18455,0.019461077844311392
2025-01-07,13710,14000,13560,13700,21243,0.005873715124816492
2025-01-08,13700,14050,13660,14050,25941,0.025547445255474477
2025-01-09,14010,14340,13990,14060,50091,0.000711743772241924
2025-01-10,14060,14060,13680,13870,21395,-0.013513513513513487
2025-01-13,13870,13870,13630,13690,19382,-0.012977649603460706
2025-01-14,13760,13790,13100,13610,20317,-0.005843681519357213
2025-01-15,13590,13690,13180,13200,22983,-0.03012490815576785
2025-01-16,13450,13570,13310,13460,12856,0.01969696969696977
2025-01-17,13460,13610,13320,13360,9498,-0.007429420505200568
2025-01-20,13360,13700,12910,13290,12141,-0.0052395209580838875
2025-01-21,13230,13490,13190,13260,14319,-0.0022573363431150906
2025-01-22,13360,13360,13130,13160,13538,-0.007541478129713397
2025-01-23,13160,13270,12970,12980,17280,-0.01367781155015202
2025-01-24,13110,13110,12850,12940,14042,-0.0030816640986132127
2025-01-31,12810,13020,12730,12750,9179,-0.014683153013910322
2025-02-03,12650,12700,12390,12400,20114,-0.027450980392156876
2025-02-04,12480,12890,12480,12840,11825,0.03548387096774186
2025-02-05,12750,13020,12750,13020,14242,0.014018691588784993
2025-02-06,12980,13180,12980,13010,12544,-0.0007680491551459445
2025-02-07,13010,13090,12890,13090,12486,0.006149116064565696
2025-02-10,13090,13180,12790,12820,13443,-0.02062643239113826
2025-02-11,13020,13030,12770,12970,11748,0.011700468018720711
2025-02-12,12930,12990,12800,12800,7187,-0.013107170393215073
2025-02-13,12850,13120,12600,13090,16115,0.022656250000000044
2025-02-14,12990,13100,12920,12960,7761,-0.009931245225362817
2025-02-17,12960,13190,12930,12930,21052,-0.0023148148148147696
2025-02-18,12940,13060,12760,13020,12248,0.006960556844547661
2025-02-19,13020,13050,12910,13000,9578,-0.001536098310291889
2025-02-20,13070,13080,12860,12870,24018,-0.010000000000000009
2025-02-21,13060,13060,12860,12870,14072,0.0
