Date,Open,High,Low,Close,Volume,Change
2022-01-03,30100,30500,30100,30250,134919,0.0033167495854062867
2022-01-04,30200,30300,30050,30300,136812,0.0016528925619834212
2022-01-05,30100,30150,29850,29900,181462,-0.01320132013201325
2022-01-06,29800,30550,29700,30450,282242,0.018394648829431537
2022-01-07,30250,30950,30050,30750,237099,0.009852216748768461
2022-01-10,30750,31000,30400,30550,130783,-0.006504065040650375
2022-01-11,30300,30850,30300,30350,165890,-0.006546644844517169
2022-01-12,30350,31250,30350,31100,311986,0.02471169686985175
2022-01-13,31100,31750,30850,31450,341774,0.0112540192926045
2022-01-14,31450,31600,30800,30900,202188,-0.01748807631160576
2022-01-17,30900,30900,30150,30300,227998,-0.01941747572815533
2022-01-18,30300,30650,30000,30150,155176,-0.004950495049504955
2022-01-19,29650,30350,29650,30000,135711,-0.00497512437810943
2022-01-20,30100,30350,29950,30300,85939,0.010000000000000009
2022-01-21,30050,30450,30050,30100,109366,-0.0066006600660065695
2022-01-24,30100,30750,30000,30500,245266,0.013289036544850585
2022-01-25,30650,30750,29800,29900,232731,-0.01967213114754096
2022-01-26,29900,30100,29400,29400,184256,-0.01672240802675584
2022-01-27,29450,29650,27900,27900,391257,-0.05102040816326525
2022-01-28,27900,29550,27800,29400,355126,0.053763440860215006
2022-02-03,29500,30750,29500,30450,247284,0.03571428571428581
2022-02-04,30200,33550,30200,33200,1800160,0.090311986863711
2022-02-07,32800,34450,32450,33750,1521194,0.016566265060240948
2022-02-08,34000,34950,33800,34400,1095668,0.01925925925925931
2022-02-09,34600,34700,33850,34100,603341,-0.008720930232558155
2022-02-10,33950,35100,33950,34350,889994,0.007331378299120228
2022-02-11,34250,35100,34000,34600,678837,0.00727802037845704
2022-02-14,34450,35350,33850,34250,697303,-0.010115606936416222
2022-02-15,33850,34550,33150,33850,580652,-0.011678832116788329
2022-02-16,34250,34800,33400,34500,498741,0.019202363367799125
2022-02-17,34800,35200,33850,34750,692116,0.007246376811594235
2022-02-18,35000,36000,33650,35300,2779460,0.015827338129496438
2022-02-21,35600,37000,35100,36900,2164947,0.04532577903682711
2022-02-22,36400,37150,36100,36900,1358138,0.0
2022-02-23,36850,36900,35250,36000,1110591,-0.024390243902439046
2022-02-24,35500,36150,35150,35550,640543,-0.012499999999999956
2022-02-25,35750,36200,35350,35600,461617,0.0014064697609001975
2022-02-28,35300,35800,35200,35600,298210,0.0
2022-03-02,35600,36300,35300,35700,471711,0.002808988764045006
2022-03-03,36150,36350,35500,35700,413605,0.0
2022-03-04,36050,36650,35550,36350,662870,0.0182072829131652
2022-03-07,36500,36550,35300,35600,475954,-0.02063273727647863
2022-03-08,35200,35400,34400,34700,406420,-0.0252808988764045
2022-03-10,35300,36650,35250,36650,846709,0.05619596541786742
2022-03-11,36600,37000,36250,36950,570888,0.008185538881309684
2022-03-14,36950,37400,36500,37150,546914,0.005412719891745521
2022-03-15,37100,37800,36650,37250,454438,0.0026917900403768957
2022-03-16,37550,37600,37050,37300,309022,0.0013422818791946067
2022-03-17,37700,37800,36950,37250,439692,-0.0013404825737265424
2022-03-18,37450,38150,37350,37500,626446,0.006711409395973256
2022-03-21,37800,38100,37500,37700,350493,0.005333333333333412
2022-03-22,37800,37850,37150,37450,290074,-0.006631299734747964
2022-03-23,37500,37600,36400,36900,471662,-0.014686248331108098
2022-03-24,36950,37600,36400,37500,471193,0.016260162601626105
2022-03-25,38000,38000,36900,37100,292567,-0.010666666666666713
2022-03-28,37100,37500,36950,37100,230376,0.0
2022-03-29,37100,37250,36600,36700,191422,-0.010781671159029615
2022-03-30,36950,37100,36500,37050,233925,0.0095367847411445
2022-03-31,37100,37600,36600,37450,333186,0.010796221322537214
2022-04-01,37750,38300,37350,37750,580944,0.008010680907877266
2022-04-04,38100,38100,37300,37450,284545,-0.007947019867549643
2022-04-05,37350,37900,37150,37650,228953,0.005340453938584844
2022-04-06,37650,37800,37200,37550,229838,-0.0026560424966799445
2022-04-07,37250,37450,37000,37050,195753,-0.013315579227696439
2022-04-08,37250,37250,35850,36500,346089,-0.014844804318488558
2022-04-11,36500,37300,36400,37000,169209,0.013698630136986356
2022-04-12,36600,37200,36400,37000,184794,0.0
2022-04-13,37150,37600,36750,36950,213095,-0.0013513513513513375
2022-04-14,36950,37050,36250,36850,336535,-0.0027063599458727605
2022-04-15,36950,37600,36200,36400,401378,-0.012211668928086894
2022-04-18,36600,37100,36100,36550,224246,0.004120879120879106
2022-04-19,36850,36850,35750,36200,257435,-0.009575923392612817
2022-04-20,36250,37300,36200,37000,439911,0.022099447513812098
2022-04-21,37000,37250,36600,36750,232957,-0.006756756756756799
2022-04-22,36650,36750,36250,36500,165477,-0.006802721088435382
2022-04-25,36400,36750,35800,35950,268399,-0.015068493150684925
2022-04-26,36150,37400,36000,37350,469061,0.03894297635605004
2022-04-27,36400,37900,36350,37850,542489,0.01338688085676032
2022-04-28,37950,37950,36950,37500,305839,-0.009247027741083214
2022-04-29,37300,37700,37100,37300,188871,-0.005333333333333301
2022-05-02,37250,37600,36800,37450,214519,0.004021447721179516
2022-05-03,37450,38650,37400,37800,739500,0.009345794392523255
2022-05-04,37700,37750,36650,37100,241179,-0.01851851851851849
2022-05-06,36550,37300,36500,37200,190340,0.0026954177897573484
2022-05-09,36900,37150,36150,36650,212292,-0.014784946236559127
2022-05-10,35900,36600,35050,36550,423904,-0.0027285129604365244
2022-05-11,36250,36450,35250,35250,315301,-0.035567715458276306
2022-05-12,34900,35650,34600,34700,325708,-0.015602836879432647
2022-05-13,34700,35500,34700,35500,210351,0.023054755043227626
2022-05-16,35900,36100,34950,35850,269050,0.009859154929577452
2022-05-17,36200,36950,36000,36950,336620,0.030683403068340276
2022-05-18,37000,37000,36200,36800,266185,-0.004059539918809252
2022-05-19,35900,36400,35600,36100,238902,-0.01902173913043481
2022-05-20,36100,36200,35400,35550,266249,-0.015235457063711877
2022-05-23,35550,35600,34900,35350,246477,-0.005625879043600568
2022-05-24,35350,35400,34850,34950,273840,-0.011315417256011262
2022-05-25,35250,36200,34700,35900,366302,0.027181688125894166
2022-05-26,35750,36300,35750,36150,190239,0.0069637883008355494
2022-05-27,36400,36650,36050,36250,170822,0.0027662517289073207
2022-05-30,36300,36650,36100,36200,128129,-0.0013793103448276334
2022-05-31,36250,36400,35500,35650,307872,-0.015193370165745845
2022-06-02,35800,36350,35550,36350,230287,0.019635343618513268
2022-06-03,36000,36050,35400,35600,344385,-0.02063273727647863
2022-06-07,35400,35400,34300,34700,520547,-0.0252808988764045
2022-06-08,34700,35450,34150,35400,599935,0.020172910662824117
2022-06-09,35300,35300,34500,34850,309635,-0.015536723163841804
2022-06-10,34650,34950,34150,34850,291275,0.0
2022-06-13,34300,34400,33400,33600,351148,-0.03586800573888094
2022-06-14,33100,33750,32500,33600,297640,0.0
2022-06-15,34150,35100,33950,34450,549701,0.02529761904761907
2022-06-16,34600,34650,34000,34200,230055,-0.007256894049346929
2022-06-17,33500,33800,32100,32350,688359,-0.05409356725146197
2022-06-20,32400,32850,31850,32050,295353,-0.009273570324574987
2022-06-21,32000,32350,31300,32100,257204,0.0015600624024960652
2022-06-22,32250,32300,31150,31400,321612,-0.02180685358255452
2022-06-23,31050,31600,30300,30450,393678,-0.030254777070063743
2022-06-24,30450,31850,30450,31600,354563,0.03776683087027921
2022-06-27,31800,31950,31300,31700,190622,0.0031645569620253333
2022-06-28,31700,32150,31450,32000,282362,0.009463722397476282
2022-06-29,31550,31650,30900,31200,248268,-0.025000000000000022
2022-06-30,31250,31300,30650,30800,235636,-0.012820512820512775
2022-07-01,31200,31200,30400,30600,248447,-0.00649350649350644
2022-07-04,30700,30700,29750,30150,314861,-0.014705882352941124
2022-07-05,30200,30750,30100,30250,224040,0.0033167495854062867
2022-07-06,30400,31050,30100,30300,245822,0.0016528925619834212
2022-07-07,30400,30650,30100,30450,112367,0.004950495049504955
2022-07-08,30650,30900,30200,30650,202324,0.006568144499178974
2022-07-11,30500,30500,29850,29850,178050,-0.02610114192495927
2022-07-12,29650,29900,29100,29300,204824,-0.018425460636515956
2022-07-13,29400,30200,29250,29900,169173,0.020477815699658786
2022-07-14,30000,30350,29550,29850,202011,-0.0016722408026755842
2022-07-15,30000,30000,28950,29300,210606,-0.018425460636515956
2022-07-18,29250,29750,29200,29600,173327,0.010238907849829282
2022-07-19,29650,30150,29400,29800,127612,0.006756756756756799
2022-07-20,30050,30250,29700,29800,175862,0.0
2022-07-21,29700,29850,29550,29700,147851,-0.003355704697986628
2022-07-22,29700,29800,29250,29550,244341,-0.005050505050505083
2022-07-25,29450,29700,29300,29700,148504,0.0050761421319796
2022-07-26,29450,30100,29450,30050,227523,0.011784511784511675
2022-07-27,30100,30200,29750,30200,175569,0.004991680532445919
2022-07-28,30350,30550,29900,30150,175955,-0.0016556291390728006
2022-07-29,30200,30250,29950,30250,269130,0.0033167495854062867
2022-08-01,30300,30450,30000,30150,214785,-0.0033057851239669533
2022-08-02,30200,30750,30100,30700,343859,0.018242122719734688
2022-08-03,30800,31250,30550,31250,432840,0.01791530944625408
2022-08-04,31350,31450,30900,31150,300900,-0.0031999999999999806
2022-08-05,31250,31500,31200,31350,138427,0.006420545746388395
2022-08-08,31350,31400,30900,31400,146960,0.0015948963317384823
2022-08-09,31250,31600,31200,31450,200928,0.0015923566878981443
2022-08-10,31450,31450,31050,31250,134134,-0.006359300476947549
2022-08-11,31500,31750,31250,31700,276818,0.014399999999999968
2022-08-12,31600,32700,31600,32550,395389,0.02681388012618302
2022-08-16,32600,32600,31050,31050,622536,-0.04608294930875578
2022-08-17,31100,31150,30150,30400,485146,-0.020933977455716568
2022-08-18,30150,30850,30150,30650,209473,0.008223684210526327
2022-08-19,30650,30700,30350,30400,158254,-0.00815660685154973
2022-08-22,30150,30650,30050,30600,120589,0.006578947368421018
2022-08-23,30050,30450,29850,29950,171613,-0.021241830065359513
2022-08-24,30300,30400,29950,30000,155317,0.0016694490818029983
2022-08-25,30150,30450,30150,30250,133186,0.008333333333333304
2022-08-26,30300,30650,30250,30500,173047,0.008264462809917328
2022-08-29,29900,30350,29900,30100,133102,-0.013114754098360604
2022-08-30,30250,30600,30150,30500,198121,0.013289036544850585
2022-08-31,30400,30650,30250,30500,121263,0.0
2022-09-01,30350,30500,30000,30150,186533,-0.011475409836065542
2022-09-02,30150,30200,29550,29600,237794,-0.018242122719734688
2022-09-05,29600,29700,28950,29300,180269,-0.010135135135135087
2022-09-06,29500,29500,29000,29300,101075,0.0
2022-09-07,29050,29250,28250,28400,234133,-0.030716723549488067
2022-09-08,28700,28700,28300,28350,194081,-0.0017605633802817433
2022-09-13,29000,29500,28950,29300,210934,0.0335097001763669
2022-09-14,28500,28800,28450,28550,166182,-0.025597269624573427
2022-09-15,28600,28800,28350,28450,129798,-0.003502626970227629
2022-09-16,28350,28450,27950,28250,210232,-0.007029876977152849
2022-09-19,28200,28650,28100,28400,128820,0.005309734513274433
2022-09-20,28250,28600,28250,28500,142558,0.0035211267605634866
2022-09-21,28450,28900,28300,28650,113385,0.0052631578947368585
2022-09-22,28250,29050,28200,28600,167998,-0.0017452006980802626
2022-09-23,28600,28600,27500,27550,218341,-0.036713286713286664
2022-09-26,27500,27500,26300,26600,246504,-0.03448275862068961
2022-09-27,26400,27700,26400,27500,276818,0.03383458646616533
2022-09-28,27350,28050,26600,27200,266778,-0.010909090909090868
2022-09-29,27200,27600,26950,27100,167245,-0.003676470588235281
2022-09-30,27050,27100,26350,26500,259941,-0.022140221402214055
2022-10-04,26850,27050,26550,26850,99392,0.013207547169811429
2022-10-05,27100,27150,25700,25800,252186,-0.03910614525139666
2022-10-06,26000,26150,25700,25900,108493,0.003875968992248069
2022-10-07,25700,26100,25700,25900,192050,0.0
2022-10-11,25500,25750,24400,24850,189213,-0.04054054054054057
2022-10-12,24850,25150,24500,25150,105929,0.012072434607645954
2022-10-13,24800,24950,24000,24000,169302,-0.045725646123260466
2022-10-14,24400,24900,24300,24650,194853,0.027083333333333348
2022-10-17,24150,24600,23850,24600,84973,-0.0020283975659228792
2022-10-18,24900,25200,24400,25200,168837,0.024390243902439046
2022-10-19,25250,25400,24850,25050,131115,-0.005952380952380931
2022-10-20,25050,25250,24500,24950,152715,-0.003992015968063867
2022-10-21,24950,24950,24400,24450,145836,-0.02004008016032066
2022-10-24,24750,25100,24450,24600,131566,0.006134969325153339
2022-10-25,24850,24900,24500,24900,135016,0.012195121951219523
2022-10-26,24850,25100,24650,24950,125376,0.002008032128514081
2022-10-27,24950,25350,24950,25200,122395,0.01002004008016022
2022-10-28,25200,25950,25150,25450,186185,0.009920634920634885
2022-10-31,25450,25700,25100,25650,153607,0.007858546168958647
2022-11-01,25550,26350,25400,26200,176769,0.021442495126705596
2022-11-02,26150,26600,26100,26450,165748,0.009541984732824416
2022-11-03,26050,26800,26000,26450,167052,0.0
2022-11-04,26550,27000,26250,26900,120281,0.017013232514177634
2022-11-07,27050,27400,26900,27200,111122,0.011152416356877248
2022-11-08,27350,27550,26900,27150,158220,-0.0018382352941176405
2022-11-09,27150,27550,27150,27250,127802,0.0036832412523020164
2022-11-10,26900,27600,26900,27250,185902,0.0
2022-11-11,27850,28250,27250,27400,265819,0.005504587155963359
2022-11-14,27750,28150,27100,27100,317308,-0.010948905109489093
2022-11-15,27300,27300,26600,26850,238335,-0.009225092250922495
2022-11-16,27050,27100,26400,26950,279098,0.003724394785847407
2022-11-17,27050,27250,26700,26750,143135,-0.007421150278293154
2022-11-18,27000,27000,26500,26650,158486,-0.0037383177570093906
2022-11-21,26950,27300,26650,26800,330464,0.0056285178236397115
2022-11-22,26900,26900,25700,25950,282946,-0.03171641791044777
2022-11-23,26000,26450,25850,26350,177083,0.015414258188824581
2022-11-24,26500,26500,25950,26250,170530,-0.003795066413662229
2022-11-25,26350,26350,25850,26000,124058,-0.00952380952380949
2022-11-28,25850,25850,25450,25700,130335,-0.011538461538461497
2022-11-29,25750,26250,25600,26150,179658,0.017509727626459082
2022-11-30,26250,26350,26000,26150,129346,0.0
2022-12-01,26300,26550,26250,26350,167681,0.007648183556405286
2022-12-02,26350,26450,26150,26150,93328,-0.007590132827324458
2022-12-05,26200,26700,26200,26350,150653,0.007648183556405286
2022-12-06,26150,26900,26000,26200,224348,-0.005692599620493399
2022-12-07,26150,26450,25700,25800,214187,-0.01526717557251911
2022-12-08,26000,26100,25400,26000,197346,0.007751937984496138
2022-12-09,25850,26750,25850,26650,200852,0.02499999999999991
2022-12-12,26650,26800,26250,26250,149631,-0.015009380863039379
2022-12-13,26350,26600,26050,26300,137945,0.0019047619047618536
2022-12-14,26350,26700,26250,26700,170658,0.015209125475285079
2022-12-15,26700,27100,26550,27000,206590,0.011235955056179803
2022-12-16,26550,26900,26500,26550,179337,-0.01666666666666672
2022-12-19,26550,26850,26400,26700,94532,0.005649717514124353
2022-12-20,26700,26850,26550,26600,94059,-0.0037453183520599342
2022-12-21,26850,27450,26650,27450,210897,0.03195488721804507
2022-12-22,27500,27500,27050,27350,151510,-0.0036429872495445936
2022-12-23,27350,27600,27100,27100,156594,-0.009140767824497242
2022-12-26,27100,27400,26850,27200,141504,0.0036900369003689537
2022-12-27,27350,27600,27300,27550,167364,0.012867647058823595
2022-12-28,27000,27100,26700,26700,157745,-0.030852994555353952
2022-12-29,26550,26600,25500,25550,198962,-0.04307116104868913
2023-01-02,25600,25650,24300,24400,200315,-0.045009784735812186
2023-01-03,24150,24550,23850,24100,196883,-0.012295081967213073
2023-01-04,23900,24200,23400,24150,216695,0.0020746887966804906
2023-01-05,24400,24450,24050,24100,207740,-0.0020703933747412417
2023-01-06,24050,24400,23650,24250,277417,0.006224066390041472
2023-01-09,24450,25450,24400,25400,302826,0.04742268041237119
2023-01-10,25400,26250,25200,25600,292312,0.007874015748031482
2023-01-11,25800,25800,25350,25600,185540,0.0
2023-01-12,25600,25650,25000,25000,211378,-0.0234375
2023-01-13,25250,25650,25200,25600,114105,0.02400000000000002
2023-01-16,25650,25800,25400,25600,117108,0.0
2023-01-17,25650,25700,25200,25250,112911,-0.013671875
2023-01-18,25300,25450,24950,25250,74121,0.0
2023-01-19,25300,25650,24950,25450,166887,0.007920792079207928
2023-01-20,25550,25950,25350,25900,194179,0.017681728880157177
2023-01-25,26200,26250,25750,25750,214666,-0.00579150579150578
2023-01-26,25850,26000,25600,25800,156164,0.001941747572815622
2023-01-27,25850,26000,25600,25900,184946,0.003875968992248069
2023-01-30,25950,26700,25950,26000,365759,0.0038610038610038533
2023-01-31,26050,26400,25850,26300,137235,0.011538461538461497
2023-02-01,26300,26350,25900,26000,179899,-0.011406844106463865
2023-02-02,26300,26550,25900,26000,221773,0.0
2023-02-03,25950,26300,25650,26150,183430,0.005769230769230749
2023-02-06,26050,26350,25700,26100,139559,-0.0019120458891013214
2023-02-07,26100,26250,25800,25900,147646,-0.007662835249042099
2023-02-08,25900,26000,25750,25850,196701,-0.0019305019305019266
2023-02-09,25750,26000,25700,25750,169531,-0.003868471953578312
2023-02-10,25800,25950,25450,25550,178484,-0.007766990291262155
2023-02-13,25650,25750,25200,25650,143191,0.00391389432485334
2023-02-14,25650,25900,25450,25450,172431,-0.007797270955165692
2023-02-15,25450,25600,25050,25200,149163,-0.00982318271119842
2023-02-16,25250,25300,25000,25100,153250,-0.003968253968253954
2023-02-17,25000,25150,24750,24950,85537,-0.005976095617529875
2023-02-20,25450,25650,25250,25400,223544,0.018036072144288484
2023-02-21,25500,25500,25100,25150,174112,-0.009842519685039353
2023-02-22,24950,24950,24350,24400,303054,-0.02982107355864816
2023-02-23,24500,24900,24450,24850,99512,0.018442622950819665
2023-02-24,24950,25000,24650,24850,84537,0.0
2023-02-27,24550,24550,23950,24100,280990,-0.030181086519114664
2023-02-28,24150,24450,23850,23900,184275,-0.008298755186721962
2023-03-02,24000,24300,23700,24200,216847,0.012552301255230214
2023-03-03,24200,24250,23900,24050,148581,-0.006198347107438051
2023-03-06,24050,24100,23650,23700,237408,-0.014553014553014498
2023-03-07,23700,23850,23550,23550,214837,-0.006329113924050667
2023-03-08,23500,23550,23050,23150,345750,-0.01698513800424628
2023-03-09,23050,23300,22800,22850,245297,-0.01295896328293733
2023-03-10,22750,22850,22450,22650,217709,-0.008752735229759279
2023-03-13,22400,22800,22050,22750,238112,0.004415011037527616
2023-03-14,22750,22850,22250,22250,240296,-0.02197802197802201
2023-03-15,22250,22500,22100,22250,212417,0.0
2023-03-16,22000,22350,21600,22200,269166,-0.0022471910112359383
2023-03-17,22150,22900,22150,22600,419635,0.018018018018018056
2023-03-20,22700,22850,22000,22100,312054,-0.02212389380530977
2023-03-21,22200,22250,21750,21750,321457,-0.015837104072398245
2023-03-22,21950,21950,21500,21800,369845,0.0022988505747125743
2023-03-23,21700,21750,21300,21400,420198,-0.01834862385321101
2023-03-24,21400,21550,21200,21350,311832,-0.002336448598130869
2023-03-27,21400,21550,21100,21500,267104,0.007025761124121788
2023-03-28,21700,22100,21550,22000,337437,0.023255813953488413
2023-03-29,22000,22250,21750,21900,334230,-0.004545454545454519
2023-03-30,21950,22150,21450,22000,510520,0.004566210045662045
2023-03-31,22150,22600,22150,22400,439453,0.018181818181818077
2023-04-03,22600,22950,22500,22850,416805,0.02008928571428581
2023-04-04,22900,22900,22350,22600,350441,-0.01094091903719907
2023-04-05,22550,22750,22400,22450,249097,-0.006637168141592875
2023-04-06,22350,22450,22000,22050,332333,-0.017817371937639215
2023-04-07,22050,22500,22000,22450,167922,0.018140589569161092
2023-04-10,22450,22450,22050,22150,226403,-0.013363028953229383
2023-04-11,22100,22250,21800,22200,230071,0.0022573363431150906
2023-04-12,22250,22400,22050,22050,221680,-0.006756756756756799
2023-04-13,22050,22200,21950,21950,224650,-0.0045351473922902175
2023-04-14,22100,22450,22100,22300,303129,0.015945330296127658
2023-04-17,22350,22400,21950,21950,288561,-0.015695067264574036
2023-04-18,22000,22100,21700,21900,334412,-0.002277904328018221
2023-04-19,21900,22400,21900,22200,250751,0.013698630136986356
2023-04-20,22350,22500,22150,22450,256481,0.011261261261261257
2023-04-21,22400,22400,22000,22100,218192,-0.015590200445434244
2023-04-24,22100,22350,21900,22350,203692,0.011312217194570096
2023-04-25,22250,22350,22000,22100,217286,-0.01118568232662187
2023-04-26,22050,22200,21950,22000,175343,-0.004524886877828038
2023-04-27,22000,22150,21800,21950,216125,-0.002272727272727315
2023-04-28,22050,22300,21950,22250,194655,0.013667425968109326
2023-05-02,22250,22650,22250,22500,288385,0.011235955056179803
2023-05-03,22550,22700,22350,22400,213809,-0.004444444444444473
2023-05-04,22400,22700,22250,22500,210923,0.0044642857142858094
2023-05-08,22550,22750,22500,22700,217622,0.008888888888888946
2023-05-09,22700,23650,22700,23600,784759,0.0396475770925111
2023-05-10,23850,23900,23350,23400,393885,-0.008474576271186418
2023-05-11,23500,23550,22850,22850,407121,-0.023504273504273532
2023-05-12,22900,23000,22550,22800,258487,-0.002188183807439792
2023-05-15,22900,23550,22750,23500,338919,0.030701754385964897
2023-05-16,23600,23700,23000,23100,319621,-0.017021276595744705
2023-05-17,23200,23550,23050,23150,291929,0.0021645021645022577
2023-05-18,23200,23500,23200,23200,317477,0.002159827213822796
2023-05-19,23250,23500,23250,23400,227881,0.008620689655172376
2023-05-22,23400,24300,23300,23900,602229,0.02136752136752129
2023-05-23,24000,24100,23700,23800,332904,-0.004184100418409997
2023-05-24,23800,24250,23750,23850,350286,0.0021008403361344463
2023-05-25,23800,24100,23650,23700,340643,-0.0062893081761006275
2023-05-26,23700,23850,23350,23450,267538,-0.010548523206751037
2023-05-30,23700,23750,22900,23000,412668,-0.019189765458422214
2023-05-31,23050,23400,22900,22900,329872,-0.004347826086956497
2023-06-01,22900,22950,22500,22500,319230,-0.017467248908296984
2023-06-02,22550,22750,22450,22650,215738,0.006666666666666599
2023-06-05,22750,23050,22700,22850,165562,0.008830022075055233
2023-06-07,22900,23150,22700,22700,258617,-0.006564551422319487
2023-06-08,22700,22800,22350,22400,434343,-0.013215859030836996
2023-06-09,22600,22750,22400,22700,256942,0.013392857142857206
2023-06-12,22700,22800,22500,22700,183520,0.0
2023-06-13,22700,22750,22300,22400,373941,-0.013215859030836996
2023-06-14,22450,22500,22300,22350,200907,-0.0022321428571429047
2023-06-15,22450,22500,22000,22150,363191,-0.008948545861297563
2023-06-16,22150,22500,22100,22150,346336,0.0
2023-06-19,22250,22500,22200,22400,293532,0.011286681715575675
2023-06-20,22250,22500,22100,22150,255538,-0.011160714285714302
2023-06-21,22150,22200,21400,21750,426278,-0.018058690744920947
2023-06-22,21800,21900,21600,21700,193612,-0.0022988505747126853
2023-06-23,21750,21750,21400,21400,319533,-0.01382488479262678
2023-06-26,21450,21950,21300,21850,233009,0.02102803738317749
2023-06-27,21700,22350,21700,21950,275521,0.004576659038901587
2023-06-28,21950,22150,21900,21950,137521,0.0
2023-06-29,21900,22000,21400,21500,319500,-0.02050113895216399
2023-06-30,21500,21800,21450,21600,190752,0.0046511627906977715
2023-07-03,21700,22150,21600,22050,187184,0.02083333333333326
2023-07-04,22050,22150,21750,21750,158564,-0.013605442176870763
2023-07-05,21750,21900,21400,21450,209773,-0.01379310344827589
2023-07-06,21450,21500,20650,20800,454619,-0.030303030303030276
2023-07-07,20700,21000,20500,20750,215778,-0.0024038461538461453
2023-07-10,20750,20900,20600,20800,110512,0.002409638554216942
2023-07-11,20800,21000,20800,20900,143191,0.004807692307692291
2023-07-12,20900,21150,20800,20850,191314,-0.0023923444976076125
2023-07-13,21100,21550,21000,21000,307261,0.007194244604316502
2023-07-14,21150,21300,21000,21050,155856,0.0023809523809523725
2023-07-17,21100,21300,21000,21100,162852,0.002375296912114022
2023-07-18,21300,21350,20700,20900,270290,-0.009478672985781977
2023-07-19,20800,20850,20150,20200,592968,-0.03349282296650713
2023-07-20,20000,20450,19870,20200,279513,0.0
2023-07-21,20000,20150,19990,20050,195059,-0.007425742574257432
2023-07-24,20100,20100,19890,20050,217557,0.0
2023-07-25,19930,20100,19620,19660,402188,-0.01945137157107235
2023-07-26,19760,19770,18970,19300,428960,-0.01831129196337744
2023-07-27,19150,20250,19150,20250,273467,0.04922279792746109
2023-07-28,20000,20250,19920,20050,192036,-0.00987654320987652
2023-07-31,20250,20700,20150,20300,164168,0.012468827930174564
2023-08-01,20350,20700,20250,20550,231131,0.012315270935960632
2023-08-02,20600,20700,20250,20300,193309,-0.012165450121654486
2023-08-03,20250,20450,20100,20400,199378,0.0049261083743843415
2023-08-04,20400,20550,20200,20500,136293,0.004901960784313708
2023-08-07,20500,20600,20200,20550,184426,0.0024390243902439046
2023-08-08,20700,20700,20250,20300,132127,-0.012165450121654486
2023-08-09,20300,20450,20200,20300,142117,0.0
2023-08-10,20200,20700,20200,20450,255519,0.00738916256157629
2023-08-11,20450,20800,20450,20700,141537,0.012224938875305513
2023-08-14,20650,20650,19670,19690,648555,-0.048792270531401005
2023-08-16,19680,19990,19360,19720,244372,0.001523616048755727
2023-08-17,19700,19720,19420,19480,196033,-0.012170385395537497
2023-08-18,19480,19540,19310,19400,146698,-0.004106776180698102
2023-08-21,19450,19620,19320,19380,116065,-0.0010309278350515427
2023-08-22,19450,19490,19210,19340,163957,-0.0020639834881320818
2023-08-23,19200,19330,19100,19110,194359,-0.011892450879007255
2023-08-24,19220,19250,18920,19250,169312,0.0073260073260073
2023-08-25,19150,19880,19090,19590,210769,0.017662337662337713
2023-08-28,19610,19780,19200,19550,127357,-0.0020418580908626582
2023-08-29,19550,19750,19550,19610,96405,0.003069053708439906
2023-08-30,19750,19750,19420,19440,195011,-0.008669046404895409
2023-08-31,19440,19470,19190,19410,205958,-0.0015432098765432167
2023-09-01,19370,19400,19250,19330,152341,-0.004121586810922229
2023-09-04,19220,19330,19170,19320,168663,-0.0005173305742369738
2023-09-05,19320,19580,19300,19390,163923,0.0036231884057971175
2023-09-06,19370,19380,19200,19210,118545,-0.009283135636926287
2023-09-07,19210,19240,19050,19110,123263,-0.005205622071837612
2023-09-08,19090,19510,19090,19500,150401,0.020408163265306145
2023-09-11,19550,19670,19350,19540,122877,0.002051282051282133
2023-09-12,19590,19690,19410,19470,136935,-0.003582395087000978
2023-09-13,19300,19870,19300,19770,301495,0.015408320493066174
2023-09-14,19900,19920,19620,19820,213285,0.0025290844714214167
2023-09-15,19840,20300,19790,20150,417158,0.01664984863773955
2023-09-18,20150,20400,20000,20250,164986,0.00496277915632759
2023-09-19,20200,20250,20050,20150,83147,-0.004938271604938316
2023-09-20,20050,20150,19950,20100,80457,-0.002481389578163795
2023-09-21,20050,20100,19680,19680,153485,-0.020895522388059695
2023-09-22,19650,19650,19280,19320,156078,-0.018292682926829285
2023-09-25,19350,19500,19270,19290,105685,-0.0015527950310558758
2023-09-26,19200,19210,18860,18860,279239,-0.022291342664593095
2023-09-27,18780,18980,18560,18890,145238,0.0015906680805939377
2023-10-04,18940,19330,18680,19150,316138,0.01376389624139751
2023-10-05,19350,20000,19250,19580,363178,0.022454308093994735
2023-10-06,19780,19850,19520,19830,155874,0.012768130745658857
2023-10-10,20050,20200,19870,19910,293179,0.004034291477559293
2023-10-11,20000,20100,19600,19910,245651,0.0
2023-10-12,20000,20000,19670,19710,159022,-0.010045203415369186
2023-10-13,19520,19720,19400,19660,121505,-0.0025367833587012223
2023-10-16,19660,20100,19660,19980,226292,0.016276703967446515
2023-10-17,20200,21450,20100,21000,996963,0.05105105105105112
2023-10-18,20950,21200,20600,21050,484347,0.0023809523809523725
2023-10-19,21000,21650,20850,21300,839333,0.01187648456057011
2023-10-20,21300,21500,20600,20650,513876,-0.030516431924882625
2023-10-23,20800,20900,20450,20700,217820,0.002421307506053294
2023-10-24,20750,20800,20300,20700,144202,0.0
2023-10-25,20750,21350,20650,21250,287434,0.02657004830917864
2023-10-26,21250,21250,20850,20950,219669,-0.014117647058823568
2023-10-27,21000,21200,20750,21050,293452,0.004773269689737569
2023-10-30,21050,21200,20700,21000,144218,-0.002375296912114022
2023-10-31,21350,21950,21050,21250,838123,0.011904761904761862
2023-11-01,21600,21900,21100,21750,655975,0.0235294117647058
2023-11-02,21950,22000,21000,21050,505264,-0.03218390804597704
2023-11-03,21050,21200,20800,20850,294759,-0.009501187648456089
2023-11-06,21500,21500,20800,21400,345207,0.026378896882494063
2023-11-07,21350,21400,21000,21300,176507,-0.004672897196261627
2023-11-08,21450,21550,21050,21300,225637,0.0
2023-11-09,21400,21600,21350,21400,211825,0.0046948356807512415
2023-11-10,21450,21500,20600,20700,238831,-0.032710280373831724
2023-11-13,20800,21750,20300,21350,530279,0.0314009661835748
2023-11-14,21650,23400,21550,23250,2275144,0.08899297423887598
2023-11-15,23250,23250,22900,23100,570209,-0.006451612903225823
2023-11-16,23050,23200,22550,23050,363918,-0.0021645021645021467
2023-11-17,23050,23400,22950,23250,257796,0.008676789587852562
2023-11-20,23200,23300,22750,23000,204272,-0.010752688172043001
2023-11-21,23250,23250,22900,23150,144069,0.006521739130434856
2023-11-22,23100,23300,23000,23150,124323,0.0
2023-11-23,23200,23200,22700,22800,281294,-0.015118790496760237
2023-11-24,22850,22950,22700,22850,90689,0.002192982456140413
2023-11-27,22850,22950,22750,22800,128415,-0.002188183807439792
2023-11-28,22900,22900,22350,22400,211255,-0.01754385964912286
2023-11-29,22550,22550,22100,22250,145380,-0.006696428571428603
2023-11-30,22250,22350,21800,22100,223855,-0.006741573033707815
2023-12-01,22200,22800,22150,22450,226213,0.015837104072398134
2023-12-04,22700,23000,22350,22750,185357,0.013363028953229383
2023-12-05,22750,23050,22450,22800,148738,0.00219780219780219
2023-12-06,22850,23000,22800,22950,130921,0.006578947368421018
2023-12-07,22850,23050,22700,22950,148781,0.0
2023-12-08,23100,23100,22700,22900,154906,-0.002178649237472796
2023-12-11,22950,23150,22800,23150,153497,0.01091703056768556
2023-12-12,23150,23450,23050,23300,202001,0.00647948164146861
2023-12-13,23350,23500,23100,23300,152072,0.0
2023-12-14,23450,23500,23200,23350,241168,0.0021459227467810482
2023-12-15,23350,23400,23100,23100,183231,-0.010706638115631661
2023-12-18,23100,23300,22950,23200,128306,0.0043290043290042934
2023-12-19,23200,23400,23000,23350,123610,0.006465517241379226
2023-12-20,23350,23500,23200,23450,143783,0.004282655246252709
2023-12-21,23500,23500,23100,23300,146272,-0.006396588486140775
2023-12-22,23400,23400,23050,23150,128120,-0.006437768240343367
2023-12-26,23250,23500,23100,23350,296088,0.008639308855291628
2023-12-27,22500,22800,22000,22000,413741,-0.05781584582441113
2023-12-28,22050,22600,22050,22500,151538,0.022727272727272707
2024-01-02,22500,22550,22300,22300,203536,-0.008888888888888835
2024-01-03,22300,22550,22150,22500,181964,0.008968609865470878
2024-01-04,22500,22600,22050,22200,155275,-0.013333333333333308
2024-01-05,22200,22550,22100,22200,125140,0.0
2024-01-08,22100,22400,22100,22150,84822,-0.0022522522522522292
2024-01-09,22350,22350,22100,22150,90774,0.0
2024-01-10,22150,22200,21850,22050,129971,-0.004514672686230292
2024-01-11,22050,22150,21200,21400,330021,-0.02947845804988658
2024-01-12,21400,21850,21400,21800,194748,0.01869158878504673
2024-01-15,21900,22250,21750,22100,143762,0.013761467889908285
2024-01-16,22050,22100,21700,21750,64781,-0.015837104072398245
2024-01-17,21800,21800,21300,21350,93005,-0.01839080459770115
2024-01-18,21350,21600,21200,21350,69763,0.0
2024-01-19,21200,21600,21200,21300,49188,-0.0023419203747072626
2024-01-22,21250,21450,21050,21200,107685,-0.0046948356807511304
2024-01-23,21350,21700,21150,21450,96109,0.011792452830188704
2024-01-24,21550,21900,21350,21650,110892,0.00932400932400923
2024-01-25,21750,21950,21400,21550,94610,-0.004618937644341847
2024-01-26,21450,22200,21450,21950,130192,0.018561484918793614
2024-01-29,21950,22150,21800,21850,105661,-0.004555808656036442
2024-01-30,21950,22050,21400,21500,169750,-0.016018306636155555
2024-01-31,21500,21600,20750,21000,216823,-0.023255813953488413
2024-02-01,20950,21550,20950,21250,206105,0.011904761904761862
2024-02-02,21350,22750,21200,22650,496260,0.0658823529411765
2024-02-05,22650,22700,22100,22100,248261,-0.02428256070640178
2024-02-06,22200,22250,21350,21400,220426,-0.03167420814479638
2024-02-07,21600,21800,21450,21800,119524,0.01869158878504673
2024-02-08,21850,21950,21550,21550,108702,-0.011467889908256867
2024-02-13,21650,21900,21400,21550,124859,0.0
2024-02-14,21450,21500,21100,21150,144157,-0.018561484918793503
2024-02-15,21350,21350,20850,20850,194081,-0.014184397163120588
2024-02-16,20850,21200,20850,21050,99429,0.00959232613908867
2024-02-19,21050,21300,21000,21150,125151,0.004750593824228044
2024-02-20,21150,21250,20900,20950,105810,-0.009456264775413725
2024-02-21,21100,21250,20850,20950,114406,0.0
2024-02-22,21050,21100,20750,20900,146374,-0.0023866348448687846
2024-02-23,20900,21000,20550,20650,182354,-0.011961722488038284
2024-02-26,20750,20800,20300,20500,126125,-0.007263922518159771
2024-02-27,20400,20600,20150,20250,155213,-0.012195121951219523
2024-02-28,20100,20400,20100,20250,141872,0.0
2024-02-29,20150,20200,19970,19970,212767,-0.01382716049382715
2024-03-04,20000,20150,19910,19980,122801,0.0005007511266901243
2024-03-05,19940,20100,19920,20050,73081,0.003503503503503591
2024-03-06,20050,20050,19890,19900,132479,-0.007481296758104716
2024-03-07,19900,19960,19610,19690,203033,-0.010552763819095423
2024-03-08,19880,19930,19750,19930,113162,0.012188928390045817
2024-03-11,19930,20400,19880,20200,164272,0.013547415955845521
2024-03-12,20350,20350,20000,20250,118609,0.0024752475247524774
2024-03-13,20300,20350,19930,19990,113068,-0.012839506172839465
2024-03-14,20100,20300,19960,20300,130971,0.015507753876938368
2024-03-15,20300,20300,19960,20300,154102,0.0
2024-03-18,20350,20350,20100,20200,57312,-0.0049261083743842304
2024-03-19,20050,20100,19990,20050,91664,-0.007425742574257432
2024-03-20,20100,20150,19970,20000,109343,-0.0024937655860348684
2024-03-21,20200,20350,20050,20300,146652,0.014999999999999902
2024-03-22,20250,20500,20150,20400,112764,0.0049261083743843415
2024-03-25,20550,20550,20350,20400,69891,0.0
2024-03-26,20500,20800,20450,20750,137975,0.017156862745097978
2024-03-27,20600,20800,20600,20650,84734,-0.004819277108433773
2024-03-28,20800,20800,20500,20500,88705,-0.007263922518159771
2024-03-29,20500,20600,20350,20400,86035,-0.004878048780487809
2024-04-01,20400,20800,20400,20800,111415,0.019607843137254832
2024-04-02,20650,20850,20550,20650,72219,-0.007211538461538436
2024-04-03,20650,20900,20450,20900,190300,0.012106537530266248
2024-04-04,20900,20950,20450,20450,153892,-0.021531100478468845
2024-04-05,20350,20800,20350,20600,91931,0.007334963325183352
2024-04-08,20650,20750,20350,20350,88143,-0.012135922330097082
2024-04-09,20600,21650,20600,21450,866349,0.054054054054053946
2024-04-11,21050,21550,20800,21550,253555,0.004662004662004726
2024-04-12,21200,21350,20800,21100,213525,-0.02088167053364265
2024-04-15,20800,21550,20800,21300,155406,0.009478672985782088
2024-04-16,21150,21300,20800,20900,125812,-0.018779342723004744
2024-04-17,21050,21150,20800,20800,99041,-0.004784688995215336
2024-04-18,20900,21100,20850,21000,59744,0.009615384615384581
2024-04-19,20950,21100,20400,20650,151129,-0.01666666666666672
2024-04-22,20850,21100,20850,21050,106724,0.01937046004842613
2024-04-23,21100,21250,21000,21100,70589,0.002375296912114022
2024-04-24,21150,21350,20900,21000,85771,-0.004739336492891044
2024-04-25,20900,21300,20750,21000,113134,0.0
2024-04-26,21100,21150,20850,20900,72687,-0.004761904761904745
2024-04-29,21000,21100,20850,21050,135839,0.0071770334928229484
2024-04-30,21000,21250,21000,21050,114851,0.0
2024-05-02,20950,21100,20900,21050,121141,0.0
2024-05-03,21150,21200,21000,21100,124218,0.002375296912114022
2024-05-07,20900,21050,20100,20250,752967,-0.04028436018957349
2024-05-08,20300,20450,20150,20250,244047,0.0
2024-05-09,20200,20600,20150,20250,351974,0.0
2024-05-10,20450,20450,20300,20400,118414,0.007407407407407307
2024-05-13,20500,20500,20250,20400,111049,0.0
2024-05-14,20500,20500,20200,20300,121309,-0.004901960784313708
2024-05-16,20450,20500,20100,20200,243145,-0.0049261083743842304
2024-05-17,20200,20400,20150,20200,138525,0.0
2024-05-20,20200,20350,20050,20100,173266,-0.004950495049504955
2024-05-21,20100,20150,19960,19980,193154,-0.005970149253731294
2024-05-22,20000,20300,19980,20100,112307,0.006006006006006093
2024-05-23,20050,20300,20050,20150,101082,0.0024875621890547706
2024-05-24,20150,20200,19970,19980,168560,-0.008436724565756837
2024-05-27,20000,20100,19970,20100,127522,0.006006006006006093
2024-05-28,20000,20100,19950,19950,174183,-0.007462686567164201
2024-05-29,19940,19990,19910,19990,100212,0.002005012531328232
2024-05-30,19910,20100,19810,19940,109097,-0.002501250625312701
2024-05-31,20050,20100,19940,20100,78700,0.008024072216650024
2024-06-03,20100,20100,19990,20100,98401,0.0
2024-06-04,20000,20150,19990,20100,120236,0.0
2024-06-05,20100,20150,19910,19990,143828,-0.005472636815920362
2024-06-07,19990,20150,19990,20100,83006,0.005502751375687787
2024-06-10,20050,20850,20000,20600,500190,0.02487562189054726
2024-06-11,20800,21350,20550,20650,607085,0.0024271844660195274
2024-06-12,20750,20800,20450,20750,148519,0.004842615012106588
2024-06-13,20850,21250,20750,21000,475584,0.012048192771084265
2024-06-14,20950,21850,20850,21700,804124,0.03333333333333344
2024-06-17,22000,22100,21350,21600,531538,-0.004608294930875556
2024-06-18,21450,21600,20650,20850,472317,-0.03472222222222221
2024-06-19,21150,21600,21000,21200,551913,0.01678657074340517
2024-06-20,21450,21900,20800,20900,537630,-0.014150943396226467
2024-06-21,20900,21050,20650,21050,199561,0.0071770334928229484
2024-06-24,21100,21200,20550,20700,241927,-0.016627078384798155
2024-06-25,20700,20850,20450,20500,138970,-0.009661835748792313
2024-06-26,20400,20500,20250,20300,169341,-0.009756097560975618
2024-06-27,20200,20600,20200,20550,139980,0.012315270935960632
2024-06-28,20550,21250,20500,21250,261433,0.03406326034063256
2024-07-01,21250,21250,20650,20850,170791,-0.018823529411764683
2024-07-02,20700,20750,20450,20550,146826,-0.014388489208633115
2024-07-03,20650,20650,20200,20450,216867,-0.0048661800486617945
2024-07-04,20300,20450,20250,20450,110650,0.0
2024-07-05,20500,20550,20300,20350,138377,-0.004889975550122272
2024-07-08,20300,20600,20250,20600,153384,0.01228501228501222
2024-07-09,20650,20700,20400,20550,146391,-0.0024271844660194164
2024-07-10,20450,20500,20300,20350,126313,-0.009732360097323589
2024-07-11,20400,20800,20300,20800,291798,0.02211302211302213
2024-07-12,20750,20750,20350,20450,144670,-0.016826923076923128
2024-07-15,20500,20600,20300,20400,120389,-0.0024449877750610804
2024-07-16,20500,20550,20350,20500,116410,0.004901960784313708
2024-07-17,20600,20650,20450,20600,125821,0.004878048780487809
2024-07-18,20650,20650,20400,20550,108920,-0.0024271844660194164
2024-07-19,20400,20500,20300,20450,116757,-0.0048661800486617945
2024-07-22,20450,20450,20150,20200,187145,-0.012224938875305624
2024-07-23,20250,20400,20200,20350,130828,0.007425742574257432
2024-07-24,20250,20550,20250,20350,89417,0.0
2024-07-25,20250,20300,20000,20100,146657,-0.012285012285012331
2024-07-26,20200,20300,20100,20250,83833,0.00746268656716409
2024-07-29,20400,21100,20400,20950,503067,0.03456790123456788
2024-07-30,20950,21050,20650,20650,155521,-0.014319809069212375
2024-07-31,20700,20900,20600,20800,168468,0.007263922518159882
2024-08-01,20750,21000,20650,20900,181891,0.004807692307692291
2024-08-02,20700,20950,20600,20850,216729,-0.0023923444976076125
2024-08-05,20650,20700,19100,19430,511253,-0.06810551558752997
2024-08-06,19690,20300,19640,19800,299753,0.019042717447246504
2024-08-07,19740,20350,19730,19990,262614,0.009595959595959602
2024-08-08,20100,20150,19830,19940,112222,-0.002501250625312701
2024-08-09,20150,20150,19950,20000,127734,0.0030090270812437314
2024-08-12,20050,20300,20050,20200,100521,0.010000000000000009
2024-08-13,20200,21150,20100,21000,738466,0.03960396039603964
2024-08-14,20900,22100,20850,21800,1354077,0.03809523809523818
