Date,Open,High,Low,Close,Volume,Change
2022-01-03,75000,78300,74200,76900,2043510,0.057771664374140386
2022-01-04,77000,77800,75700,76800,759653,-0.0013003901170350884
2022-01-05,76700,77000,73300,74400,1065373,-0.03125
2022-01-06,72700,74500,72100,72300,929382,-0.028225806451612878
2022-01-07,73400,78600,73000,77900,2108236,0.0774550484094052
2022-01-10,78500,79000,76900,78000,954264,0.0012836970474967568
2022-01-11,79500,81500,77300,78000,1840110,0.0
2022-01-12,79600,84500,79400,82100,2695316,0.0525641025641026
2022-01-13,82600,83700,81400,82200,1023676,0.0012180267965895553
2022-01-14,81200,85400,81000,84500,1526682,0.027980535279805263
2022-01-17,83900,84500,81900,83600,783209,-0.010650887573964485
2022-01-18,84100,84800,82100,83900,604697,0.0035885167464115852
2022-01-19,82500,84400,81700,82800,715310,-0.013110846245530383
2022-01-20,83000,84900,81900,84900,623829,0.0253623188405796
2022-01-21,83600,83700,77000,78300,2188743,-0.07773851590106007
2022-01-24,77200,79800,77200,79000,954584,0.008939974457215838
2022-01-25,80000,80000,74500,76500,1297084,-0.03164556962025311
2022-01-26,77100,77500,74200,74700,867373,-0.02352941176470591
2022-01-27,75500,76600,72300,72300,904861,-0.032128514056224855
2022-01-28,72400,74800,70200,74100,1252340,0.024896265560165887
2022-02-03,76000,76100,73200,74000,905820,-0.0013495276653171517
2022-02-04,73700,75200,73500,74100,506300,0.0013513513513514486
2022-02-07,74100,74200,70800,72000,911502,-0.028340080971659964
2022-02-08,72600,72800,68600,70100,1143346,-0.026388888888888906
2022-02-09,71300,71800,70300,70900,563645,0.011412268188302432
2022-02-10,72300,72600,70700,70700,593707,-0.0028208744710860323
2022-02-11,69800,70500,69100,69300,487273,-0.01980198019801982
2022-02-14,67700,68200,66300,67500,850682,-0.025974025974025983
2022-02-15,70000,70000,66500,66700,1375500,-0.011851851851851891
2022-02-16,69500,71800,69000,71700,1717116,0.07496251874062976
2022-02-17,72500,73300,69400,71400,1432925,-0.004184100418409997
2022-02-18,69900,71900,69800,71500,650686,0.0014005602240896309
2022-02-21,69800,70400,68700,70100,776998,-0.01958041958041956
2022-02-22,68100,69200,67200,67500,1100519,-0.03708987161198285
2022-02-23,69600,71000,68200,69500,1328275,0.029629629629629672
2022-02-24,68100,70900,68000,69700,1141616,0.0028776978417266452
2022-02-25,71800,71800,69200,70000,1086713,0.004304160688665792
2022-02-28,69100,69600,68300,69400,611330,-0.008571428571428563
2022-03-02,69000,70200,68500,69900,603907,0.007204610951008661
2022-03-03,71200,71700,70000,70700,711191,0.011444921316166035
2022-03-04,70300,70700,69200,69700,519586,-0.014144271570014189
2022-03-07,68500,68600,67100,67800,762407,-0.027259684361549463
2022-03-08,66300,70200,66200,67800,1199227,0.0
2022-03-10,70300,72300,69700,71200,1351779,0.05014749262536866
2022-03-11,71800,72100,69200,69900,806169,-0.018258426966292096
2022-03-14,69900,70700,67900,68300,714468,-0.022889842632331958
2022-03-15,67800,69000,67700,68100,468458,-0.002928257686676372
2022-03-16,69600,69900,68200,69000,541691,0.013215859030837107
2022-03-17,71500,72300,70300,71400,1213902,0.034782608695652195
2022-03-18,71600,72200,70600,71900,648556,0.007002801120448154
2022-03-21,72100,74800,72100,72500,1508143,0.008344923504867818
2022-03-22,72600,73500,71500,72600,663003,0.0013793103448276334
2022-03-23,73500,75400,72800,74900,1199703,0.031680440771349794
2022-03-24,74100,76700,73700,76600,860385,0.022696929238985364
2022-03-25,78400,78500,75700,76000,1008350,-0.007832898172323799
2022-03-28,76000,77100,75200,76600,636727,0.007894736842105177
2022-03-29,77500,77800,76100,76600,507842,0.0
2022-03-30,77900,78100,76500,76800,506224,0.0026109660574411553
2022-03-31,76000,76200,74300,74900,1080344,-0.02473958333333337
2022-04-01,74100,74200,72200,73400,797862,-0.020026702269692942
2022-04-04,73400,73400,72200,72900,442083,-0.006811989100817484
2022-04-05,73400,73900,72700,72800,445556,-0.00137174211248281
2022-04-06,71800,71800,70100,70300,1147778,-0.03434065934065933
2022-04-07,69800,71100,69500,70000,872907,-0.004267425320056861
2022-04-08,70400,70500,68500,69700,707340,-0.004285714285714337
2022-04-11,69200,70300,68600,68600,602431,-0.015781922525107572
2022-04-12,69500,70600,69000,69300,970632,0.010204081632652962
2022-04-13,69700,71800,69100,71700,858952,0.03463203463203457
2022-04-14,71900,72600,71000,72500,613741,0.01115760111576014
2022-04-15,71700,71800,70500,70800,562889,-0.02344827586206899
2022-04-18,70800,71500,70100,70900,356231,0.0014124293785311437
2022-04-19,71600,73500,71300,72500,793787,0.02256699576868826
2022-04-20,72700,72800,71900,72500,437549,0.0
2022-04-21,72700,73500,72300,73200,467636,0.009655172413793212
2022-04-22,72400,72500,71000,71400,521541,-0.024590163934426257
2022-04-25,69900,70300,69100,69200,643056,-0.03081232492997199
2022-04-26,69700,69900,68400,68500,684526,-0.010115606936416222
2022-04-27,66400,68000,66300,68000,671766,-0.007299270072992692
2022-04-28,68400,68500,66600,67200,443800,-0.0117647058823529
2022-04-29,67900,69700,67500,67700,750426,0.007440476190476275
2022-05-02,66500,67100,66200,66900,601061,-0.011816838995568735
2022-05-03,67700,68400,67200,67700,363237,0.01195814648729443
2022-05-04,68000,68200,67600,67900,252004,0.002954209748892156
2022-05-06,66700,67200,65700,66200,646918,-0.025036818851251863
2022-05-09,65400,66300,63300,63700,629235,-0.03776435045317217
2022-05-10,61700,66800,61500,66500,937901,0.04395604395604402
2022-05-11,66700,68400,66100,68000,639804,0.022556390977443552
2022-05-12,67000,69700,67000,68300,911256,0.004411764705882337
2022-05-13,68500,70200,68000,69400,654784,0.016105417276720324
2022-05-16,72800,72900,70300,71300,1431033,0.027377521613832778
2022-05-17,71500,72800,71000,72400,693827,0.015427769985974837
2022-05-18,73300,74900,73000,74200,1132911,0.024861878453038777
2022-05-19,71700,74200,71400,73600,1081999,-0.008086253369272267
2022-05-20,74900,74900,72400,73500,925735,-0.0013586956521739468
2022-05-23,74000,74600,73000,74200,500793,0.00952380952380949
2022-05-24,73900,73900,69700,69800,1094032,-0.05929919137466311
2022-05-25,71000,71100,69800,70200,451006,0.005730659025787954
2022-05-26,70900,71700,69000,69400,501358,-0.01139601139601143
2022-05-27,70700,71100,69300,69400,381290,0.0
2022-05-30,70600,70700,69600,69900,293744,0.007204610951008661
2022-05-31,70100,70200,68400,68700,607082,-0.01716738197424894
2022-06-02,68700,69000,67500,68600,386691,-0.0014556040756914523
2022-06-03,69400,69400,67800,68000,451683,-0.008746355685131157
2022-06-07,67800,67800,66000,66400,550296,-0.02352941176470591
2022-06-08,66800,67000,65600,66100,398802,-0.004518072289156572
2022-06-09,65800,66300,65000,65700,482460,-0.006051437216338829
2022-06-10,64800,65200,64100,64400,467130,-0.019786910197869156
2022-06-13,62200,63400,61900,62000,676245,-0.037267080745341574
2022-06-14,60600,62000,60200,61800,752437,-0.003225806451612856
2022-06-15,61400,61600,59000,59800,675020,-0.032362459546925515
2022-06-16,60900,61600,58700,58900,639498,-0.015050167224080258
2022-06-17,57300,59100,57000,59000,646313,0.001697792869269854
2022-06-20,59200,59300,54700,55400,1141784,-0.06101694915254241
2022-06-21,55400,56800,55400,56000,655582,0.010830324909747224
2022-06-22,56300,56400,51600,51600,1149179,-0.07857142857142863
2022-06-23,51600,53200,50800,51400,884685,-0.003875968992248069
2022-06-24,51900,54000,51900,52600,857785,0.023346303501945442
2022-06-27,53500,54100,52300,53400,727371,0.015209125475285079
2022-06-28,53300,53600,51400,52200,795588,-0.022471910112359605
2022-06-29,51300,52900,50400,52100,605795,-0.0019157088122605526
2022-06-30,51700,51800,49900,49950,685196,-0.041266794625719805
2022-07-01,50400,50700,47900,48450,818454,-0.03003003003003002
2022-07-04,48600,49300,47200,48000,544398,-0.009287925696594423
2022-07-05,48400,49500,48250,48800,654290,0.016666666666666607
2022-07-06,48900,49700,47700,47850,575534,-0.01946721311475408
2022-07-07,48300,50200,48200,49900,748564,0.0428422152560084
2022-07-08,51100,51300,49000,49000,851784,-0.018036072144288595
2022-07-11,49000,49650,48350,48400,573356,-0.01224489795918371
2022-07-12,47850,47850,40200,40800,4634268,-0.15702479338842978
2022-07-13,40450,41850,40250,41450,1762128,0.01593137254901955
2022-07-14,41150,43350,40850,42850,1508690,0.033775633293124274
2022-07-15,43850,44450,42150,43100,1341790,0.005834305717619559
2022-07-18,43600,44450,43400,44000,925315,0.02088167053364276
2022-07-19,43750,44650,43000,44400,615147,0.009090909090909038
2022-07-20,45600,45800,43900,44100,935049,-0.006756756756756799
2022-07-21,44500,45000,43900,44750,613823,0.01473922902494329
2022-07-22,44850,45200,44300,44300,466902,-0.010055865921787754
2022-07-25,44000,44800,43950,44300,320457,0.0
2022-07-26,44300,44700,43950,44450,275401,0.003386004514672747
2022-07-27,44450,45000,43750,44300,352918,-0.003374578177727794
2022-07-28,44900,46500,44400,44500,768027,0.004514672686230181
2022-07-29,44750,46200,44700,45000,859578,0.011235955056179803
2022-08-01,45300,45300,43850,44750,499673,-0.005555555555555536
2022-08-02,44700,44850,43850,43850,404649,-0.020111731843575398
2022-08-03,43550,43950,42700,43600,702336,-0.005701254275940704
2022-08-04,44200,44400,43450,43900,465973,0.006880733944954143
2022-08-05,44150,44400,43200,44200,618685,0.006833712984054774
2022-08-08,44150,44150,43200,43650,489784,-0.012443438914027105
2022-08-09,43300,43550,42500,43050,490743,-0.013745704467353903
2022-08-10,42300,42550,41650,41800,651278,-0.029036004645760727
2022-08-11,42550,43100,42350,42700,506527,0.021531100478468845
2022-08-12,43450,46000,43350,44800,2354268,0.049180327868852514
2022-08-16,45300,47200,44450,45850,1364038,0.0234375
2022-08-17,46100,46300,45200,45250,581530,-0.013086150490730697
2022-08-18,44600,45600,43850,45550,662430,0.006629834254143541
2022-08-19,45900,46200,45200,45200,522226,-0.007683863885839748
2022-08-22,44450,44850,43700,44150,427342,-0.023230088495575174
2022-08-23,43500,44550,43300,43300,386668,-0.01925254813137034
2022-08-24,43600,44150,43100,43350,331313,0.0011547344110853786
2022-08-25,43500,44800,42700,44700,495084,0.03114186851211076
2022-08-26,45800,47000,45500,46500,1346033,0.04026845637583887
2022-08-29,44700,45200,43400,43400,1266499,-0.06666666666666665
2022-08-30,43550,46500,43300,46300,1302996,0.06682027649769595
2022-08-31,45800,46750,45150,46500,721031,0.004319654427645814
2022-09-01,45700,46050,44550,44550,698362,-0.041935483870967794
2022-09-02,45000,45000,43550,43700,531093,-0.019079685746352437
2022-09-05,44500,45450,43300,43750,659745,0.0011441647597254523
2022-09-06,43350,43700,42400,42850,727228,-0.020571428571428574
2022-09-07,42800,42800,41250,41300,655426,-0.03617269544924151
2022-09-08,41800,42450,41600,41650,643543,0.008474576271186418
2022-09-13,42800,44150,42750,44100,768238,0.05882352941176472
2022-09-14,42050,43150,41850,42900,481258,-0.027210884353741527
2022-09-15,43150,43150,42250,42500,346396,-0.009324009324009341
2022-09-16,42000,42550,41800,42100,370562,-0.009411764705882342
2022-09-19,42350,43350,41750,41950,482797,-0.0035629453681710332
2022-09-20,42300,42800,40950,41100,521312,-0.020262216924910592
2022-09-21,40800,41550,40150,41350,469176,0.006082725060827299
2022-09-22,40650,41200,40150,40450,370173,-0.021765417170495738
2022-09-23,40300,41050,39500,39550,468871,-0.02224969097651419
2022-09-26,38600,38950,37750,37950,584042,-0.04045512010113783
2022-09-27,41000,42050,39100,40050,2643301,0.05533596837944654
2022-09-28,39850,39900,37100,37450,1182517,-0.06491885143570542
2022-09-29,38300,38950,36150,36200,827856,-0.03337783711615483
2022-09-30,34850,37750,34800,37350,754658,0.03176795580110503
2022-10-04,38450,40150,38350,39650,866428,0.061579651941097824
2022-10-05,40600,40600,38950,39000,711141,-0.016393442622950838
2022-10-06,39750,40600,39550,40150,647491,0.029487179487179382
2022-10-07,39600,41550,39400,40700,935210,0.013698630136986356
2022-10-11,39450,39500,38300,39300,616077,-0.03439803439803435
2022-10-12,39250,41000,39050,39450,707227,0.003816793893129722
2022-10-13,39200,40050,38750,39100,518528,-0.008871989860583018
2022-10-14,40300,41000,39650,40900,630496,0.04603580562659837
2022-10-17,40000,41500,39950,41500,491334,0.014669926650366705
2022-10-18,42250,42400,40800,41600,564124,0.002409638554216942
2022-10-19,41750,41750,40250,40350,501248,-0.030048076923076872
2022-10-20,40450,40500,39600,39750,442902,-0.014869888475836479
2022-10-21,39550,40950,39550,40200,383780,0.01132075471698113
2022-10-24,41250,41650,40900,41000,483036,0.01990049751243772
2022-10-25,41250,43800,41100,43300,1352482,0.056097560975609806
2022-10-26,43500,44300,42550,43800,954661,0.011547344110854452
2022-10-27,43800,46000,42950,44700,1313498,0.020547945205479534
2022-10-28,44250,45050,42750,42850,844239,-0.04138702460850108
2022-10-31,43850,45550,43750,44250,956515,0.03267211201866971
2022-11-01,44100,44350,43300,44000,605222,-0.005649717514124242
2022-11-02,44000,44000,43050,43150,460878,-0.01931818181818179
2022-11-03,42000,43250,41850,43000,510023,-0.0034762456546929554
2022-11-04,42600,43100,41600,42950,614219,-0.0011627906976744429
2022-11-07,43200,43750,42950,43550,424614,0.01396973224679865
2022-11-08,43850,44900,43750,44150,729071,0.013777267508610747
2022-11-09,44600,45000,43900,44600,668834,0.010192525481313774
2022-11-10,43900,45150,43700,44850,612358,0.005605381165919354
2022-11-11,47000,47450,45700,46150,1067086,0.02898550724637672
2022-11-14,46500,47200,45500,45600,703708,-0.011917659804983716
2022-11-15,46250,49050,46100,49000,2446368,0.07456140350877183
2022-11-16,49350,49600,48150,49150,1285480,0.003061224489795844
2022-11-17,48250,48300,47300,48000,807048,-0.02339776195320442
2022-11-18,48150,48800,47900,48100,615481,0.002083333333333437
2022-11-21,48150,48200,46800,47200,530333,-0.018711018711018657
2022-11-22,46900,46950,45650,45950,697150,-0.026483050847457612
2022-11-23,46500,47150,46400,46700,550601,0.016322089227421177
2022-11-24,47100,47150,45950,46700,362614,0.0
2022-11-25,46600,46700,45800,45950,337882,-0.016059957173447548
2022-11-28,45550,45700,44350,45700,730666,-0.005440696409140355
2022-11-29,45250,45300,44700,44950,361251,-0.01641137855579866
2022-11-30,44500,44750,43950,44600,506873,-0.007786429365962189
2022-12-01,45800,46250,45500,46050,649362,0.032511210762331766
2022-12-02,45700,45700,44450,44450,434775,-0.034744842562432154
2022-12-05,44350,44850,43750,43950,280998,-0.011248593925759276
2022-12-06,43100,43750,42950,43150,279269,-0.018202502844141044
2022-12-07,42800,43100,41850,41950,420327,-0.02780996523754342
2022-12-08,41750,42400,41650,42350,447760,0.009535160905840279
2022-12-09,42600,42800,42050,42200,376867,-0.0035419126328217754
2022-12-12,41550,41800,41000,41700,289637,-0.011848341232227444
2022-12-13,42050,42300,41100,41600,231971,-0.0023980815347721673
2022-12-14,41900,42450,41750,42150,252550,0.013221153846153744
2022-12-15,41650,41800,41200,41250,216883,-0.02135231316725983
2022-12-16,40350,40700,40050,40550,302802,-0.016969696969696968
2022-12-19,40550,41150,40000,40900,182476,0.008631319358816336
2022-12-20,40450,41200,40300,40650,198444,-0.006112469437652757
2022-12-21,40900,41000,39700,39700,289066,-0.02337023370233704
2022-12-22,40050,40350,39900,40200,217643,0.012594458438287104
2022-12-23,39450,39500,38900,39000,285916,-0.02985074626865669
2022-12-26,39000,39350,38650,39200,173946,0.00512820512820511
2022-12-27,39200,39600,38850,39150,306993,-0.0012755102040816757
2022-12-28,38800,38950,38000,38100,358087,-0.026819923371647514
2022-12-29,37850,38000,37100,37150,290858,-0.02493438320209973
2023-01-02,37500,37750,36500,36600,214658,-0.014804845222072704
2023-01-03,36300,37750,35800,37500,317776,0.024590163934426146
2023-01-04,37350,39950,37050,39800,541793,0.06133333333333324
2023-01-05,39950,40150,39000,39450,347202,-0.008793969849246186
2023-01-06,39100,42450,39000,42000,756085,0.06463878326996197
2023-01-09,42650,43750,42500,43100,501289,0.026190476190476097
2023-01-10,43100,44200,42850,44000,452783,0.02088167053364276
2023-01-11,44550,44800,43850,44100,346246,0.002272727272727204
2023-01-12,44600,44650,43400,43550,300439,-0.012471655328798237
2023-01-13,43950,44200,43000,43200,279932,-0.008036739380022917
2023-01-16,43400,43750,42900,43450,176811,0.0057870370370369795
2023-01-17,43400,44300,42900,42950,261308,-0.011507479861910253
2023-01-18,42750,43150,42100,42750,215704,-0.00465657741559955
2023-01-19,42150,43850,42150,43850,278635,0.025730994152046716
2023-01-20,43900,45250,43700,44000,483589,0.003420752565564511
2023-01-25,45100,45650,44650,45300,473490,0.02954545454545454
2023-01-26,45350,45550,44450,45500,371769,0.004415011037527616
2023-01-27,45900,46100,45250,45500,386671,0.0
2023-01-30,45550,45600,44600,45400,320256,-0.00219780219780219
2023-01-31,45100,45950,44350,45200,467330,-0.004405286343612369
2023-02-01,45900,46500,44700,44950,424655,-0.00553097345132747
2023-02-02,46000,47000,45700,46650,664057,0.037819799777530694
2023-02-03,46650,46650,45850,46200,347796,-0.009646302250803873
2023-02-06,45650,45950,45000,45000,300022,-0.025974025974025983
2023-02-07,44750,46450,44750,46450,385880,0.03222222222222215
2023-02-08,46950,47200,46300,46850,347385,0.008611410118406937
2023-02-09,46400,47200,45900,47200,320617,0.007470651013874008
2023-02-10,47000,47200,46150,46600,255174,-0.012711864406779627
2023-02-13,46550,46950,45850,46700,297510,0.0021459227467810482
2023-02-14,47200,48100,47100,47900,583230,0.025695931477516032
2023-02-15,49150,49650,46650,46650,1371540,-0.02609603340292277
2023-02-16,47350,51400,47200,51400,1956305,0.10182207931404075
2023-02-17,50300,50500,48600,48900,1192004,-0.048638132295719894
2023-02-20,48300,48350,47050,47800,721319,-0.02249488752556239
2023-02-21,48000,48050,46650,47100,586282,-0.014644351464435101
2023-02-22,46150,46150,44900,45300,976741,-0.03821656050955413
2023-02-23,45600,47250,44950,47050,779652,0.03863134657836653
2023-02-24,47800,47800,45800,46200,495652,-0.018065887353878818
2023-02-27,45400,45750,45050,45550,340743,-0.01406926406926412
2023-02-28,45850,46000,45150,45300,395296,-0.005488474204171201
2023-03-02,45400,45700,44200,44750,480992,-0.012141280353200834
2023-03-03,45150,46200,44650,45600,439094,0.018994413407821265
2023-03-06,45850,46450,45300,46300,458629,0.015350877192982448
2023-03-07,46200,46200,44750,45200,628028,-0.023758099352051865
2023-03-08,44900,54000,44900,53000,9097803,0.17256637168141586
2023-03-09,52100,52900,49250,50200,2644185,-0.05283018867924527
2023-03-10,48800,49050,45700,46550,2087378,-0.07270916334661359
2023-03-13,46100,46800,45600,46600,636970,0.0010741138560688146
2023-03-14,46000,46550,45050,45150,595040,-0.0311158798283262
2023-03-15,46400,47100,45350,45350,477843,0.0044296788482836025
2023-03-16,45100,48400,44950,47150,1227059,0.03969128996692395
2023-03-17,48400,49400,47450,48300,1014469,0.024390243902439046
2023-03-20,48300,49350,47200,48900,635353,0.012422360248447228
2023-03-21,49550,49800,47600,47700,518506,-0.024539877300613466
2023-03-22,48100,48150,46900,47950,440263,0.00524109014675056
2023-03-23,47200,47750,46250,47400,613420,-0.01147028154327423
2023-03-24,48000,56600,47950,56600,6510113,0.19409282700421948
2023-03-27,57800,60400,55400,59500,3164869,0.051236749116607694
2023-03-28,59000,62800,58500,61400,2741826,0.031932773109243806
2023-03-29,60200,68000,57300,62800,4848134,0.0228013029315961
2023-03-30,64100,65400,60300,61100,2286864,-0.027070063694267565
2023-03-31,70200,76700,69000,72300,10485342,0.18330605564648117
2023-04-03,73100,76800,71500,75400,4514920,0.042876901798063694
2023-04-04,76900,83600,75400,77700,5528814,0.0305039787798409
2023-04-05,75500,76500,72600,74400,2454885,-0.0424710424710425
2023-04-06,74100,77500,73100,74300,2022237,-0.0013440860215053752
2023-04-07,73000,79200,73000,75600,3764838,0.01749663526244949
2023-04-10,77700,78100,74200,75800,2247046,0.002645502645502562
2023-04-11,76300,80800,75200,77500,3335574,0.02242744063324542
2023-04-12,77400,78000,74900,75900,1453939,-0.020645161290322567
2023-04-13,75000,75200,72300,73200,1417912,-0.035573122529644285
2023-04-14,73200,74000,71200,71600,1355796,-0.021857923497267784
2023-04-17,71400,72100,69800,70800,906062,-0.011173184357541888
2023-04-18,70800,70800,68300,69300,1037167,-0.021186440677966156
2023-04-19,70300,71000,66300,68100,1291973,-0.017316017316017285
2023-04-20,67100,67800,65200,65900,1111627,-0.032305433186490484
2023-04-21,65500,67100,65200,65300,727676,-0.009104704097116834
2023-04-24,64700,66400,63500,63800,722345,-0.02297090352220521
2023-04-25,63500,64400,61100,62000,863651,-0.028213166144200663
2023-04-26,62000,62600,60500,61000,815217,-0.016129032258064502
2023-04-27,60800,61700,59700,61600,659362,0.009836065573770592
2023-04-28,61700,62900,59900,60500,899389,-0.017857142857142905
2023-05-02,61000,61000,59200,60200,489210,-0.0049586776859503745
2023-05-03,60800,65700,60300,64000,1778298,0.06312292358803995
2023-05-04,64900,65000,61500,62500,945686,-0.0234375
2023-05-08,63000,63000,60900,61300,574024,-0.019199999999999995
2023-05-09,60900,61400,59100,59500,607053,-0.029363784665579096
2023-05-10,60100,60800,58800,59000,527976,-0.008403361344537785
2023-05-11,59200,60100,58500,58600,542485,-0.006779661016949157
2023-05-12,59000,61100,58400,60200,723431,0.027303754266211566
2023-05-15,59900,59900,54600,56900,1204782,-0.054817275747508276
2023-05-16,58300,59300,57800,57800,869193,0.01581722319859402
2023-05-17,58000,60500,56800,59700,709528,0.03287197231833905
2023-05-18,60400,60500,58500,59700,589864,0.0
2023-05-19,60500,63000,60200,62500,1268590,0.04690117252931314
2023-05-22,62000,62100,59800,60300,877334,-0.03520000000000001
2023-05-23,60800,61200,59700,60200,587040,-0.0016583747927031434
2023-05-24,59400,59900,58900,59600,423335,-0.009966777408637828
2023-05-25,60800,61700,58900,59100,720525,-0.008389261744966459
2023-05-26,59800,63700,59700,61500,2221810,0.04060913705583746
2023-05-30,63000,63100,60700,62000,983259,0.008130081300812941
2023-05-31,62000,62200,60300,60400,769604,-0.02580645161290318
2023-06-01,60000,60800,59200,60700,606015,0.004966887417218624
2023-06-02,64000,67200,62800,63300,4385687,0.04283360790774293
2023-06-05,63700,64300,61500,61900,1004124,-0.02211690363349128
2023-06-07,61900,62400,61100,61500,596189,-0.00646203554119551
2023-06-08,60900,62100,60500,61900,695750,0.006504065040650486
2023-06-09,62200,63800,61400,63500,986551,0.025848142164781818
2023-06-12,63200,63200,61700,61900,548196,-0.025196850393700787
2023-06-13,62600,64100,62300,63100,928553,0.01938610662358653
2023-06-14,63600,63700,61200,61900,746713,-0.019017432646592725
2023-06-15,62300,64600,62300,64200,1242300,0.037156704361873905
2023-06-16,64400,64700,63000,64200,677281,0.0
2023-06-19,64200,65800,63300,64900,689397,0.010903426791277315
2023-06-20,64500,67900,63100,67200,1656343,0.035439137134052334
2023-06-21,66700,67400,63700,63800,1064099,-0.05059523809523814
2023-06-22,63000,64300,62400,62500,668597,-0.020376175548589393
2023-06-23,63000,64000,62600,63400,440161,0.014399999999999968
2023-06-26,63600,64200,63000,63900,387622,0.007886435331230235
2023-06-27,64100,64200,62200,62600,381635,-0.020344287949921713
2023-06-28,63100,63300,62000,62900,390412,0.004792332268370503
2023-06-29,62500,63900,62100,63000,517213,0.0015898251192367763
2023-06-30,63700,63800,61300,63100,603669,0.0015873015873015817
2023-07-03,63200,64800,62500,62700,650694,-0.006339144215530945
2023-07-04,62600,62600,61300,62100,610954,-0.009569377990430672
2023-07-05,62500,64100,62000,62800,829815,0.011272141706924366
2023-07-06,62900,62900,59900,60100,874751,-0.042993630573248454
2023-07-07,59500,60100,58300,58900,620915,-0.019966722129783676
2023-07-10,58900,59500,57800,58100,512263,-0.01358234295415961
2023-07-11,58200,59300,58200,59100,377117,0.01721170395869187
2023-07-12,59100,61400,58600,61200,461328,0.035532994923857864
2023-07-13,61500,61600,60400,60700,502216,-0.008169934640522847
2023-07-14,60900,62100,60100,60700,824245,0.0
2023-07-17,60700,63000,59800,61900,636282,0.01976935749588149
2023-07-18,62300,62800,60700,61400,405482,-0.008077544426494332
2023-07-19,61400,62200,60000,60900,556222,-0.008143322475570036
2023-07-20,60200,61600,60000,61500,507274,0.009852216748768461
2023-07-21,60800,60900,59500,60000,505830,-0.024390243902439046
2023-07-24,59800,60100,58500,58700,619726,-0.021666666666666612
2023-07-25,59100,59600,58400,58700,453457,0.0
2023-07-26,59100,59300,56300,56600,946783,-0.035775127768313486
2023-07-27,56200,59400,56100,58800,586507,0.03886925795053009
2023-07-28,58300,59700,57600,59200,530042,0.006802721088435382
2023-07-31,59300,59800,58500,59000,386061,-0.0033783783783783994
2023-08-01,59100,61200,58600,61200,690465,0.03728813559322042
2023-08-02,61200,62000,58700,59100,591294,-0.03431372549019607
2023-08-03,58500,59000,57400,57800,393176,-0.021996615905245376
2023-08-04,57900,58000,56900,57400,288383,-0.00692041522491349
2023-08-07,56900,57900,56600,57000,229263,-0.006968641114982632
2023-08-08,57600,57600,54700,54900,532519,-0.0368421052631579
2023-08-09,54900,56200,54900,55500,252915,0.010928961748633892
2023-08-10,54800,55000,53700,55000,497603,-0.009009009009009028
2023-08-11,55000,55800,54200,54200,352738,-0.014545454545454528
2023-08-14,54200,54200,52700,53300,337829,-0.016605166051660514
2023-08-16,52600,53600,52100,52300,347815,-0.018761726078799223
2023-08-17,51600,52800,51200,52300,318308,0.0
2023-08-18,51700,54000,50900,53700,482680,0.026768642447418722
2023-08-21,53800,53800,52000,52200,316961,-0.027932960893854775
2023-08-22,52700,53200,50900,51300,331121,-0.017241379310344862
2023-08-23,51000,52500,50900,51600,268525,0.005847953216374213
2023-08-24,52600,53600,52400,52700,298124,0.02131782945736438
2023-08-25,51700,51900,51000,51600,278483,-0.020872865275142316
2023-08-28,52100,52600,51800,52500,189166,0.01744186046511631
2023-08-29,52900,54100,52700,53600,274122,0.020952380952381056
2023-08-30,54200,54300,53400,53500,235977,-0.001865671641791078
2023-08-31,53400,53600,52900,53500,208203,0.0
2023-09-01,53500,55200,53100,54700,462071,0.02242990654205612
2023-09-04,55000,55100,53300,54000,262366,-0.012797074954296161
2023-09-05,53700,54900,53200,53500,228331,-0.0092592592592593
2023-09-06,53000,53400,52700,52900,169065,-0.01121495327102806
2023-09-07,52200,53500,52200,52700,210513,-0.003780718336483968
2023-09-08,52300,52400,51100,51500,320719,-0.022770398481973486
2023-09-11,51500,51600,50300,51200,280515,-0.005825242718446644
2023-09-12,51400,51700,49900,50100,465800,-0.021484375
2023-09-13,49600,51000,49150,49350,406731,-0.014970059880239472
2023-09-14,49350,51800,49350,51800,603979,0.049645390070921946
2023-09-15,52000,52500,51300,52500,240673,0.013513513513513598
2023-09-18,51800,51800,51000,51500,173779,-0.01904761904761909
2023-09-19,51500,51700,50700,50800,135407,-0.013592233009708687
2023-09-20,50800,51300,50400,51000,131043,0.003937007874015741
2023-09-21,50400,50900,48900,49050,299720,-0.038235294117647034
2023-09-22,48500,49400,48100,49400,176099,0.007135575942915473
2023-09-25,49000,50200,48900,49600,242261,0.004048582995951344
2023-09-26,49600,49600,48000,48300,257275,-0.02620967741935487
2023-09-27,47600,48850,47500,48800,230141,0.010351966873705987
2023-10-04,48100,49100,47850,48350,290602,-0.009221311475409832
2023-10-05,48600,50100,48400,49050,215702,0.014477766287487093
2023-10-06,49050,49900,49000,49750,144756,0.014271151885830724
2023-10-10,50200,50800,49250,49600,211194,-0.0030150753768843908
2023-10-11,50400,51300,49900,51100,220908,0.030241935483870996
2023-10-12,51500,52200,51200,52000,266958,0.017612524461839474
2023-10-13,51100,51700,50600,51100,229851,-0.017307692307692357
2023-10-16,50200,51100,49650,50800,237101,-0.005870841487279899
2023-10-17,51400,52700,50900,52600,251214,0.03543307086614167
2023-10-18,52200,52900,51700,52600,285051,0.0
2023-10-19,51700,51700,50400,50900,215883,-0.03231939163498099
2023-10-20,50200,51000,49200,50200,217120,-0.013752455795677854
2023-10-23,50900,52700,50700,50800,257161,0.01195219123505975
2023-10-24,51300,51600,49500,51400,192586,0.011811023622047223
2023-10-25,51500,52100,50700,51700,230115,0.005836575875486361
2023-10-26,50000,50800,47850,48350,499448,-0.06479690522243708
2023-10-27,48500,48950,47400,47800,245392,-0.011375387797311287
2023-10-30,47700,48750,47700,48750,158473,0.01987447698744771
2023-10-31,49100,49650,47600,48400,232603,-0.007179487179487132
2023-11-01,48450,49700,48400,48750,203664,0.00723140495867769
2023-11-02,49650,52000,49600,51900,341673,0.06461538461538452
2023-11-03,52300,52900,51800,52100,200829,0.003853564547206201
2023-11-06,53800,55300,52900,55300,501494,0.061420345489443307
2023-11-07,55300,55300,53600,54600,360386,-0.012658227848101222
2023-11-08,55200,56500,54400,54600,234576,0.0
2023-11-09,54600,55400,54600,55300,148617,0.012820512820512775
2023-11-10,54600,55200,53800,54200,175726,-0.019891500904159143
2023-11-13,55000,55700,53200,53900,186375,-0.005535055350553542
2023-11-14,53900,55000,53700,54600,165410,0.01298701298701288
2023-11-15,56000,56100,54600,54600,237084,0.0
2023-11-16,54700,55200,54300,55000,139500,0.0073260073260073
2023-11-17,55000,55500,54400,55300,174148,0.005454545454545379
2023-11-20,55500,56800,55200,56600,254811,0.02350813743218816
2023-11-21,57400,57400,56100,56200,173254,-0.007067137809187329
2023-11-22,55600,56500,55500,56100,120824,-0.001779359430605032
2023-11-23,55900,56100,55100,55800,158403,-0.005347593582887722
2023-11-24,55500,56500,55300,56400,128391,0.010752688172043001
2023-11-27,56300,60500,56200,60000,994568,0.06382978723404253
2023-11-28,60300,60600,59000,60500,356359,0.008333333333333304
2023-11-29,60400,60400,57900,58100,385505,-0.03966942148760333
2023-11-30,57700,62000,57600,61900,912551,0.06540447504302915
2023-12-01,61400,61500,59500,59600,345231,-0.037156704361874016
2023-12-04,59500,59900,58700,59500,257811,-0.001677852348993314
2023-12-05,59000,59600,57200,58800,328306,-0.0117647058823529
2023-12-06,58800,59500,58300,58700,243642,-0.00170068027210879
2023-12-07,58100,60600,58000,59900,339890,0.020442930153321992
2023-12-08,60600,60700,58800,59000,208564,-0.015025041736227096
2023-12-11,59400,59400,58400,58900,128129,-0.0016949152542372614
2023-12-12,59500,60600,59400,60300,394963,0.02376910016977929
2023-12-13,60400,61000,59300,60500,317177,0.0033167495854062867
2023-12-14,61400,61600,60100,61200,357893,0.011570247933884392
2023-12-15,61200,61900,60400,60800,243322,-0.006535947712418277
2023-12-18,60400,60900,60100,60600,161297,-0.003289473684210509
2023-12-19,60600,61000,59600,59700,192372,-0.014851485148514865
2023-12-20,60100,60500,58800,59500,292654,-0.00335008375209378
2023-12-21,59200,59500,58300,59000,228265,-0.008403361344537785
2023-12-22,59600,61200,58600,59400,638505,0.006779661016949046
2023-12-26,59600,60600,58700,59900,400523,0.008417508417508435
2023-12-27,59900,60100,56700,57500,632581,-0.04006677796327207
2023-12-28,57900,59000,57500,58600,2761180,0.019130434782608674
2024-01-02,57400,57500,54300,54800,1104640,-0.06484641638225253
2024-01-03,53900,54500,52400,52500,843708,-0.041970802919708006
2024-01-04,51900,53000,51900,52000,379232,-0.00952380952380949
2024-01-05,51800,52300,51600,51800,245977,-0.0038461538461538325
2024-01-08,51700,52300,51200,51300,220662,-0.009652509652509633
2024-01-09,52300,52800,51300,51900,267944,0.011695906432748648
2024-01-10,51900,52800,51800,52800,188899,0.01734104046242768
2024-01-11,53000,53300,52000,52800,312510,0.0
2024-01-12,53000,53200,51300,51900,232867,-0.017045454545454586
2024-01-15,51800,52100,51200,51300,129009,-0.011560693641618491
2024-01-16,51200,51600,50400,50500,180479,-0.015594541910331383
2024-01-17,50900,51400,49700,49800,230048,-0.013861386138613874
2024-01-18,49800,51000,49800,50500,172656,0.014056224899598346
2024-01-19,51500,52200,51300,51700,212031,0.023762376237623783
2024-01-22,52500,52700,51600,51800,289259,0.0019342359767891004
2024-01-23,52000,52000,50900,51700,143781,-0.0019305019305019266
2024-01-24,51600,51900,50600,50900,135358,-0.015473887814313358
2024-01-25,50900,51400,49850,50600,184572,-0.005893909626719096
2024-01-26,50300,51100,50300,50400,137911,-0.0039525691699604515
2024-01-29,50600,51600,50200,50500,241650,0.001984126984126977
2024-01-30,50900,51200,50400,50700,137821,0.003960396039603964
2024-01-31,50400,51200,49850,49850,202369,-0.0167652859960552
2024-02-01,49550,50200,48700,50100,275675,0.005015045135406293
2024-02-02,50400,51200,50000,51200,232654,0.02195608782435121
2024-02-05,51300,51400,49400,49400,268037,-0.03515625
2024-02-06,49300,50000,48150,49700,257861,0.006072874493927127
2024-02-07,49800,50300,49350,49950,204302,0.005030181086519203
2024-02-08,49950,50300,49550,50100,235359,0.0030030030030030463
2024-02-13,50100,50400,49300,49600,472884,-0.009980039920159722
2024-02-14,49200,49200,48000,48800,434805,-0.016129032258064502
2024-02-15,49200,49700,48800,49050,223066,0.0051229508196721785
2024-02-16,49300,49900,49250,49750,229913,0.014271151885830724
2024-02-19,49600,50100,49000,49400,220040,-0.007035175879396949
2024-02-20,49400,49750,49150,49500,152441,0.002024291497975783
2024-02-21,49500,50100,49100,49350,230281,-0.00303030303030305
2024-02-22,49750,49850,49250,49350,151372,0.0
2024-02-23,49850,49900,48450,48750,292103,-0.012158054711246202
2024-02-26,48750,49000,48000,48000,218237,-0.01538461538461533
2024-02-27,48000,48100,47000,47500,285856,-0.01041666666666663
2024-02-28,47800,48000,47150,47200,209305,-0.0063157894736841635
2024-02-29,47350,47350,46400,46400,251575,-0.016949152542372836
2024-03-04,46850,48250,46750,47950,412891,0.03340517241379315
2024-03-05,47950,48000,46500,46600,303123,-0.028154327424400383
2024-03-06,46550,46850,45500,45800,269342,-0.01716738197424894
2024-03-07,45800,46300,45100,45450,203005,-0.007641921397379958
2024-03-08,45900,46250,45500,46150,319203,0.015401540154015292
2024-03-11,45600,45800,44950,45100,232289,-0.02275189599133265
2024-03-12,45550,45650,45000,45400,197432,0.006651884700665134
2024-03-13,45800,45800,44850,45100,232120,-0.0066079295154185536
2024-03-14,45150,45150,44150,44400,438691,-0.01552106430155209
2024-03-15,44150,44400,43450,43500,425543,-0.020270270270270285
2024-03-18,43550,44200,43550,43950,165020,0.010344827586206806
2024-03-19,44000,44550,43600,44250,176727,0.006825938566553003
2024-03-20,44450,44850,44200,44650,187424,0.009039548022598876
2024-03-21,45200,45900,44650,45500,360367,0.01903695408734607
2024-03-22,45700,45700,45100,45450,199704,-0.001098901098901095
2024-03-25,45600,45650,44250,44300,212795,-0.025302530253025313
2024-03-26,44500,45150,43600,43700,392876,-0.013544018058690765
2024-03-27,43550,44250,43500,44100,265005,0.009153318077803174
2024-03-28,44350,44400,43850,43900,294684,-0.0045351473922902175
2024-03-29,44050,44100,42950,43250,293647,-0.014806378132118492
2024-04-01,43700,46900,43600,46900,870763,0.08439306358381504
2024-04-02,47300,47800,46200,46350,617000,-0.011727078891258014
2024-04-03,45850,46050,44450,45150,398764,-0.02588996763754048
2024-04-04,45650,46550,45300,45350,359955,0.0044296788482836025
2024-04-05,44850,44850,43950,43950,304752,-0.030871003307607503
2024-04-08,44100,45750,43450,44450,422272,0.011376564277588264
2024-04-09,44700,45500,44200,44300,210072,-0.003374578177727794
2024-04-11,43550,44150,43500,43800,257538,-0.011286681715575675
2024-04-12,44250,44300,41900,42000,512545,-0.04109589041095896
2024-04-15,41000,41500,40200,41000,293100,-0.023809523809523836
2024-04-16,40250,41300,40050,40800,297589,-0.004878048780487809
2024-04-17,41200,42950,41200,41700,404070,0.022058823529411686
2024-04-18,41550,42350,41500,41950,174230,0.005995203836930418
2024-04-19,41700,41900,40100,41100,321986,-0.020262216924910592
2024-04-22,41100,41150,40400,40950,170763,-0.0036496350364964014
2024-04-23,41100,41350,40400,40500,145860,-0.01098901098901095
2024-04-24,40950,41550,40850,40850,243208,0.00864197530864197
2024-04-25,40450,40750,40050,40050,232148,-0.019583843329253336
2024-04-26,40450,41800,40050,41600,337756,0.03870162297128599
2024-04-29,41900,42150,41050,41550,209013,-0.0012019230769231282
2024-04-30,41600,41900,41200,41400,183391,-0.0036101083032491488
2024-05-02,41450,42750,41000,42650,284367,0.030193236714975757
2024-05-03,42700,43200,42400,43000,149046,0.008206330597889888
2024-05-07,43400,43500,42450,42800,287596,-0.0046511627906976605
2024-05-08,43700,44700,43300,44450,455288,0.03855140186915884
2024-05-09,44500,44500,43150,43350,265917,-0.02474690663667045
2024-05-10,43800,44150,43000,43100,214410,-0.005767012687427964
2024-05-13,43600,43800,42750,42900,184727,-0.004640371229698403
2024-05-14,42500,43250,42500,42800,150823,-0.002331002331002363
2024-05-16,43600,44050,43050,43150,187814,0.008177570093457875
2024-05-17,43000,43000,42250,42250,155697,-0.02085747392815762
2024-05-20,42350,42450,41500,41900,140320,-0.008284023668639007
2024-05-21,41800,42200,41600,41850,176589,-0.0011933174224343368
2024-05-22,42200,44250,41900,43900,430482,0.04898446833930703
2024-05-23,44350,46150,43750,44700,649628,0.018223234624145768
2024-05-24,44300,44450,42650,42700,342851,-0.044742729306487705
2024-05-27,42650,42650,40450,41150,690148,-0.03629976580796257
2024-05-28,41250,41450,40800,40850,260957,-0.007290400972053468
2024-05-29,40850,40950,40350,40450,294130,-0.009791921664626724
2024-05-30,40250,40300,39800,39950,227557,-0.012360939431396822
2024-05-31,39900,40800,39850,40550,227745,0.015018773466833446
2024-06-03,40600,42150,40600,41650,358205,0.027127003699136898
2024-06-04,41250,43150,41250,42750,361924,0.026410564225690214
2024-06-05,43250,44150,42500,43150,406745,0.009356725146198785
2024-06-07,43450,44000,42900,43450,206394,0.006952491309385911
2024-06-10,42900,43400,42150,42750,209538,-0.016110471806674354
2024-06-11,42750,43100,42050,42700,219402,-0.0011695906432748204
2024-06-12,42600,43600,42350,42950,251624,0.005854800936768045
2024-06-13,43500,43850,40500,40600,1685959,-0.05471478463329449
2024-06-14,40750,40950,40200,40200,366777,-0.009852216748768461
2024-06-17,40550,44750,40550,43650,1422659,0.08582089552238803
2024-06-18,44200,46450,43550,45400,1793233,0.04009163802978244
2024-06-19,45550,46650,45000,45850,1021852,0.009911894273127775
2024-06-20,48800,58900,47300,57100,15710176,0.2453653217011995
2024-06-21,55900,55900,52200,52200,3406348,-0.08581436077057791
2024-06-24,52800,53800,51300,53400,1964277,0.02298850574712641
2024-06-25,51700,53000,50200,51400,1339215,-0.03745318352059923
2024-06-26,51800,52300,49900,50200,936375,-0.023346303501945553
2024-06-27,49850,50000,48250,48350,818088,-0.03685258964143423
2024-06-28,48500,49600,47300,48900,862740,0.011375387797311287
2024-07-01,48500,49700,48100,48400,500152,-0.010224948875255602
2024-07-02,48400,48850,46800,47350,591404,-0.02169421487603307
2024-07-03,48200,49500,47550,49000,1053287,0.03484688489968324
2024-07-04,50100,52500,49750,52000,1568150,0.061224489795918435
2024-07-05,51600,51800,50100,50900,671978,-0.02115384615384619
2024-07-08,50900,51900,50300,50800,327593,-0.0019646365422396617
2024-07-09,51100,52300,49500,52000,812905,0.023622047244094446
2024-07-10,51800,51800,50400,50600,408133,-0.02692307692307694
2024-07-11,50800,51300,49950,50700,419064,0.0019762845849802257
2024-07-12,49850,50500,48450,50300,457890,-0.007889546351084853
2024-07-15,50100,52500,48950,52200,582363,0.0377733598409542
2024-07-16,51700,53000,51300,52600,521156,0.00766283524904221
2024-07-17,52500,55500,52300,53500,1758849,0.017110266159695797
2024-07-18,52400,53900,51600,53900,585052,0.007476635514018781
2024-07-19,53500,55400,53000,55000,875528,0.020408163265306145
2024-07-22,54400,55700,52500,53700,709808,-0.023636363636363678
2024-07-23,54300,55300,52700,52700,478539,-0.01862197392923648
2024-07-24,52200,53100,51200,52400,408235,-0.005692599620493399
2024-07-25,51800,52000,49400,50800,460406,-0.03053435114503822
2024-07-26,50600,53100,50600,52700,350185,0.03740157480314954
2024-07-29,52800,53200,51200,51300,364724,-0.026565464895635715
2024-07-30,51000,51400,49150,51300,399821,0.0
2024-07-31,50900,54700,50700,54300,636946,0.0584795321637428
2024-08-01,56000,56500,54000,54500,817975,0.0036832412523020164
2024-08-02,52500,52900,48700,48700,914988,-0.10642201834862386
2024-08-05,47200,47850,40050,42250,996549,-0.13244353182751545
2024-08-06,43500,44500,42700,43200,781551,0.022485207100591653
2024-08-07,43050,43500,41150,41300,862917,-0.04398148148148151
2024-08-08,41100,41800,40300,40750,601171,-0.013317191283293006
2024-08-09,42400,43000,41600,41950,496335,0.02944785276073625
2024-08-12,41750,44400,41750,43800,508714,0.0441001191895114
2024-08-13,44000,44100,42550,43150,287730,-0.014840182648401812
2024-08-14,44000,44100,42000,42550,515995,-0.01390498261877171
2024-08-16,43500,43700,42450,43600,543252,0.024676850763807323
2024-08-19,43700,43750,42400,42650,280644,-0.02178899082568808
2024-08-20,43100,43850,42350,42400,479142,-0.0058616647127783805
2024-08-21,42350,42850,42000,42500,266358,0.002358490566037652
2024-08-22,42850,42850,41700,41850,236878,-0.015294117647058791
2024-08-23,41350,41550,40750,41100,246417,-0.017921146953404965
2024-08-26,41500,41500,40200,40350,262373,-0.018248175182481785
2024-08-27,40050,40850,40050,40450,204926,0.0024783147459728205
2024-08-28,40500,41750,40250,41650,329110,0.02966625463535233
2024-08-29,40600,41100,40450,40850,219702,-0.019207683073229287
2024-08-30,41300,41350,40600,40750,227334,-0.002447980416156681
2024-09-02,41200,41200,40400,40500,195939,-0.006134969325153339
2024-09-03,40500,40700,40100,40300,179698,-0.004938271604938316
2024-09-04,38650,39150,37850,38050,478282,-0.05583126550868489
2024-09-05,38200,38900,37400,37400,253822,-0.01708278580814715
2024-09-06,37350,37900,36500,36500,231226,-0.024064171122994638
2024-09-09,35200,36900,35200,36650,116073,0.004109589041095818
2024-09-10,36750,37200,36200,36700,147218,0.0013642564802183177
2024-09-11,36500,36850,35500,35700,221593,-0.027247956403269713
2024-09-12,36350,37300,36250,36650,343739,0.026610644257702987
2024-09-13,36600,37600,36200,37600,182023,0.02592087312414737
2024-09-19,37450,37600,36400,37000,194231,-0.015957446808510634
2024-09-20,37700,37700,36150,36150,300953,-0.02297297297297296
2024-09-23,36350,38050,36150,37950,305829,0.049792531120331995
2024-09-24,38000,42250,37500,40200,1740189,0.059288537549407216
2024-09-25,40500,41250,40150,40200,577871,0.0
2024-09-26,41150,41650,40650,40900,357045,0.017412935323383172
2024-09-27,40350,40950,40350,40600,192292,-0.007334963325183352
2024-09-30,40050,40900,39600,40300,222645,-0.007389162561576401
2024-10-02,39650,41400,39450,40450,227110,0.003722084367245637
2024-10-04,40500,41200,40500,40750,123310,0.007416563658838138
2024-10-07,41150,41650,40700,41350,146210,0.014723926380368013
2024-10-08,41200,41700,40050,40150,204894,-0.029020556227327687
2024-10-10,40650,40800,39800,39800,243209,-0.008717310087173136
2024-10-11,39850,40950,39800,40500,292325,0.017587939698492372
2024-10-14,40900,41850,40650,41450,269135,0.023456790123456805
2024-10-15,41950,41950,40800,40850,162499,-0.014475271411338975
2024-10-16,40500,41050,40000,40300,177932,-0.01346389228886169
2024-10-17,40950,41000,40150,40200,106100,-0.002481389578163795
2024-10-18,40150,40500,38550,38650,204572,-0.03855721393034828
2024-10-21,38550,39000,37700,37850,294927,-0.02069857697283317
2024-10-22,37700,38050,36350,36800,314394,-0.02774108322324964
2024-10-23,36500,37150,35800,36900,288303,0.0027173913043478937
2024-10-24,36500,37100,36050,36050,200197,-0.023035230352303482
2024-10-25,36200,36600,35250,35600,216022,-0.012482662968099856
2024-10-28,35500,37100,35500,37050,133134,0.04073033707865159
2024-10-29,37000,37550,36450,37550,119825,0.013495276653171295
2024-10-30,37500,38250,37100,37250,121893,-0.007989347536617841
2024-10-31,37000,39000,36750,39000,217349,0.046979865771812124
2024-11-01,38100,38450,37250,37250,125991,-0.04487179487179482
2024-11-04,37350,37850,36900,37350,144791,0.0026845637583892135
2024-11-05,37600,38250,37100,37800,132880,0.012048192771084265
2024-11-06,37800,38000,36250,36600,189505,-0.031746031746031744
2024-11-07,36450,36950,35900,36100,183544,-0.013661202185792365
2024-11-08,36200,36700,35750,36000,159420,-0.0027700831024930483
2024-11-11,36000,36000,33700,34000,402981,-0.05555555555555558
2024-11-12,33700,34000,32250,32550,388563,-0.04264705882352937
2024-11-13,32050,33150,31400,31600,318894,-0.029185867895545337
2024-11-14,31600,32550,31600,32350,236887,0.023734177215189778
2024-11-15,31950,32250,31100,31850,282770,-0.015455950540958274
2024-11-18,31700,32300,31500,31950,792412,0.0031397174254317317
2024-11-19,31850,34150,31850,34000,309257,0.06416275430359941
2024-11-20,34050,34100,33250,33650,112126,-0.010294117647058787
2024-11-21,33200,33800,33200,33600,115265,-0.0014858841010401136
2024-11-22,33400,34000,33150,33150,96241,-0.013392857142857095
2024-11-25,33150,33600,32650,33600,182169,0.013574660633484115
2024-11-26,33500,33700,32900,33700,104985,0.0029761904761904656
2024-11-27,33900,33900,32500,32500,169112,-0.035608308605341255
2024-11-28,32200,32750,32150,32300,103489,-0.006153846153846176
2024-11-29,32200,32300,31250,31400,153239,-0.02786377708978327
2024-12-02,31350,31700,30150,30250,218442,-0.0366242038216561
2024-12-03,29950,32850,29950,32850,310697,0.08595041322314056
2024-12-04,31700,32800,31200,32800,224000,-0.0015220700152207556
2024-12-05,32850,32850,31650,31750,170043,-0.03201219512195119
2024-12-06,31600,32200,31050,31950,177645,0.006299212598425141
2024-12-09,31000,31200,29100,29200,331875,-0.0860719874804382
2024-12-10,29200,31700,29200,31700,362905,0.08561643835616439
2024-12-11,35700,35750,32750,33100,1086555,0.04416403785488954
2024-12-12,33650,34200,32600,33550,401949,0.013595166163141936
2024-12-13,33150,34300,33000,34150,317037,0.017883755588673722
2024-12-16,34450,34550,33650,34050,202229,-0.002928257686676372
2024-12-17,34700,35300,33950,35200,368691,0.03377386196769461
2024-12-18,35350,35350,34300,34750,183938,-0.01278409090909094
2024-12-19,33750,34200,33500,34150,194728,-0.01726618705035976
2024-12-20,34300,34300,33000,33200,145634,-0.027818448023426035
2024-12-23,33200,33750,33150,33600,93493,0.012048192771084265
2024-12-24,33750,34700,33500,33950,146284,0.01041666666666674
2024-12-26,33950,34050,32850,33050,164899,-0.026509572901325495
2024-12-27,33000,33250,31700,31700,163691,-0.0408472012102874
2024-12-30,31600,33600,31400,33150,129702,0.045741324921135584
2025-01-02,33150,33200,32200,32900,115196,-0.007541478129713397
2025-01-03,33050,33550,32850,33050,149737,0.004559270516717229
2025-01-06,33400,34200,33300,34150,188796,0.033282904689863946
2025-01-07,34700,34800,33700,33900,208649,-0.007320644216691097
2025-01-08,33600,34750,33550,34400,178688,0.014749262536873253
2025-01-09,34550,34550,33750,34000,140815,-0.011627906976744207
2025-01-10,34000,34800,33600,34750,179465,0.022058823529411686
2025-01-13,34400,34500,33450,33600,144741,-0.03309352517985609
2025-01-14,33600,34000,32850,33000,122589,-0.017857142857142905
2025-01-15,33300,34050,33100,33750,152793,0.022727272727272707
2025-01-16,34200,34350,33450,33500,132200,-0.007407407407407418
2025-01-17,33600,33850,33400,33650,83083,0.004477611940298498
2025-01-20,33850,34250,33650,34100,124705,0.013372956909361022
2025-01-21,34200,34650,33500,34150,137499,0.0014662756598240456
2025-01-22,34150,34550,33650,34450,158150,0.008784773060029227
2025-01-23,34550,34550,33350,33550,178142,-0.026124818577648812
2025-01-24,33400,34400,33400,33950,155932,0.011922503725782407
2025-01-31,33100,33750,32350,32350,236271,-0.04712812960235646
2025-02-03,31700,31900,30350,30450,226507,-0.0587326120556414
2025-02-04,30600,31600,30600,31350,160735,0.029556650246305383
2025-02-05,31300,32600,31300,32300,146924,0.030303030303030276
2025-02-06,32400,33400,31350,33300,345614,0.030959752321981338
2025-02-07,33600,39400,33150,38900,2119531,0.16816816816816815
2025-02-10,39750,43150,38950,42650,2093893,0.09640102827763486
2025-02-11,42650,44250,41750,42800,921662,0.003516998827667095
2025-02-12,43200,43750,42350,42800,638136,0.0
2025-02-13,42600,43750,41100,41400,571637,-0.032710280373831724
2025-02-14,41500,43450,41500,42500,483839,0.02657004830917864
2025-02-17,43450,44900,42550,44300,729228,0.04235294117647048
2025-02-18,44750,45950,43800,45450,544830,0.025959367945823875
2025-02-19,45650,46400,44100,44400,488034,-0.02310231023102305
2025-02-20,45250,47000,44700,45700,723598,0.029279279279279313
2025-02-21,45750,46950,44700,46450,511491,0.01641137855579866
2025-02-24,45700,46000,44300,45850,333653,-0.012917115177610294
2025-02-25,45000,47450,45000,46600,374860,0.016357688113413316
2025-02-26,46600,49000,45650,48750,531675,0.04613733905579398
2025-02-27,48900,49300,47850,48150,288935,-0.012307692307692353
2025-02-28,46800,46950,43200,43200,690559,-0.10280373831775702
2025-03-04,42500,45500,42400,44750,458060,0.03587962962962954
2025-03-05,44400,45250,43900,44500,247696,-0.005586592178770999
2025-03-06,44500,45350,40300,40400,616757,-0.09213483146067414
2025-03-07,40600,42550,40300,41600,353652,0.02970297029702973
2025-03-10,41400,47150,41350,45400,718180,0.09134615384615374
2025-03-11,43550,44750,43550,44000,288067,-0.03083700440528636
2025-03-12,44150,46400,43800,45350,284634,0.030681818181818254
2025-03-13,45650,46600,43850,43850,266581,-0.03307607497243659
2025-03-14,44500,45250,44000,44700,173878,0.019384264538198304
2025-03-17,45000,48700,45000,47250,569766,0.057046979865771785
2025-03-18,48000,48000,45950,46650,270429,-0.012698412698412653
2025-03-19,47000,48150,46550,46550,323555,-0.002143622722400873
2025-03-20,47400,49500,47100,47750,591911,0.025778732545649774
2025-03-21,48000,50400,47350,49000,785947,0.02617801047120416
2025-03-24,49250,49250,47100,47800,228198,-0.024489795918367308
2025-03-25,47900,48250,44800,45100,426290,-0.05648535564853552
2025-03-26,45250,46100,44400,44700,259868,-0.008869179600886956
2025-03-27,44150,45850,43700,44600,200751,-0.0022371364653244186
2025-03-28,44150,44400,43050,44000,168209,-0.013452914798206317
2025-03-31,42950,43500,42550,42750,137750,-0.02840909090909094
2025-04-01,43100,44500,43100,44150,115633,0.03274853801169586
2025-04-02,44700,44950,43500,43500,98101,-0.014722536806342057
2025-04-03,42500,44300,42300,43600,118561,0.0022988505747125743
2025-04-04,42000,43150,41000,41500,285714,-0.04816513761467889
2025-04-07,40000,40100,37600,37800,378358,-0.08915662650602407
2025-04-08,39000,39600,38200,38200,167427,0.010582010582010692
2025-04-09,37450,38350,36450,36750,195585,-0.0379581151832461
2025-04-10,39900,39900,39050,39650,168542,0.07891156462585025
2025-04-11,38900,41750,38600,41600,288987,0.049180327868852514
2025-04-14,42250,42500,41250,41750,118571,0.0036057692307691624
2025-04-15,41750,42650,41700,41800,65369,0.0011976047904191933
2025-04-16,41300,41600,40350,40450,102135,-0.03229665071770338
2025-04-17,39900,41000,39850,40800,115573,0.008652657601977642
2025-04-18,40550,40950,40050,40900,54315,0.002450980392156854
2025-04-21,40750,41750,40550,41150,94868,0.006112469437652868
2025-04-22,40500,41200,40050,40200,112401,-0.023086269744835963
2025-04-23,41000,41150,40150,40900,124519,0.017412935323383172
2025-04-24,41350,41350,40350,40850,68062,-0.0012224938875305957
2025-04-25,41400,42100,40900,42000,116051,0.028151774785801775
2025-04-28,41550,41550,39000,39100,536755,-0.06904761904761902
2025-04-29,39500,39600,38500,39050,250640,-0.0012787723785165905
2025-04-30,39050,39150,38050,38350,164577,-0.017925736235595346
2025-05-02,38500,38600,38100,38400,89943,0.0013037809647979959
2025-05-07,38400,38900,38350,38600,108298,0.005208333333333259
2025-05-08,39300,39300,38350,38400,113121,-0.005181347150259086
2025-05-09,38650,38750,37800,38100,133284,-0.0078125
2025-05-12,38300,39250,38300,39250,133901,0.030183727034120755
2025-05-13,40200,40250,39250,39800,149150,0.014012738853503182
2025-05-14,40200,40400,39750,39800,139609,0.0
2025-05-15,39850,40050,39250,39400,107230,-0.01005025125628145
2025-05-16,39650,39700,39150,39600,96217,0.0050761421319796
2025-05-19,39150,39300,38250,38550,148483,-0.02651515151515149
2025-05-20,38900,39600,38900,39250,69224,0.018158236057068677
2025-05-21,39400,39450,38850,39150,67908,-0.002547770700636942
2025-05-22,39150,39200,38100,38200,71870,-0.024265644955300147
2025-05-23,38250,38800,37800,38150,81678,-0.0013089005235602524
2025-05-26,37600,38400,37550,38250,84070,0.002621231979030192
2025-05-27,38050,38600,37900,38500,47260,0.006535947712418277
2025-05-28,38950,39500,38700,39100,84010,0.01558441558441559
2025-05-29,39800,39800,39100,39500,71163,0.010230179028132946
2025-05-30,39200,39500,38950,39000,71215,-0.012658227848101222
2025-06-02,39850,44300,39650,42300,822558,0.08461538461538454
2025-06-04,42700,43350,42150,42850,246230,0.013002364066193817
2025-06-05,43350,44950,42800,44050,274247,0.028004667444574194
2025-06-09,45050,45400,43800,44050,209000,0.0
2025-06-10,44500,44700,43650,44500,147299,0.010215664018161208
2025-06-11,45300,47650,44450,45850,293722,0.030337078651685445
2025-06-12,45700,45750,45000,45150,107017,-0.01526717557251911
2025-06-13,45350,45500,43400,44050,220099,-0.02436323366555926
2025-06-16,43500,44050,42950,43950,124782,-0.002270147559591429
2025-06-17,44250,45900,43550,44250,234180,0.006825938566553003
2025-06-18,44200,47950,43950,47250,380027,0.06779661016949157
2025-06-19,47600,47700,45800,46900,180877,-0.007407407407407418
2025-06-20,47450,47600,45950,47050,173077,0.0031982942430703876
2025-06-23,46450,46800,45500,46350,188850,-0.014877789585547307
2025-06-24,47150,48600,46800,47000,222689,0.014023732470334505
2025-06-25,47650,48200,46700,46950,166719,-0.0010638297872340718
2025-06-26,47500,47550,45500,46250,242871,-0.014909478168264156
2025-06-27,46300,46450,45750,46100,116594,-0.00324324324324321
2025-06-30,46450,47950,46200,46800,157144,0.015184381778741818
2025-07-01,46950,48300,46350,46700,283577,-0.002136752136752129
2025-07-02,46700,46700,45100,45650,160212,-0.0224839400428265
2025-07-03,46000,46700,45350,46250,278831,0.013143483023001057
2025-07-04,46650,47250,45700,46000,166980,-0.00540540540540535
2025-07-07,45850,46600,45300,46150,119692,0.003260869565217428
2025-07-08,45600,46550,45600,46400,83141,0.005417118093174356
2025-07-09,46750,46750,45900,46100,106818,-0.006465517241379337
2025-07-10,47150,48800,46100,46200,351361,0.002169197396963085
2025-07-11,46500,47100,46000,46050,219042,-0.0032467532467532756
2025-07-14,46450,47600,45550,46800,190570,0.016286644951140072
2025-07-15,47050,48450,46650,48000,289769,0.02564102564102555
2025-07-16,48150,48350,46550,46800,260850,-0.025000000000000022
2025-07-17,47250,47300,45200,46650,200418,-0.0032051282051281937
2025-07-18,46700,47300,46250,47300,153337,0.013933547695605508
2025-07-21,47000,47300,46500,47050,103069,-0.005285412262156397
2025-07-22,47300,47350,45500,45600,161929,-0.03081827842720508
2025-07-23,45800,46000,44700,45900,148353,0.006578947368421018
2025-07-24,46000,46350,45300,45700,100212,-0.004357298474945481
2025-07-25,45700,45800,45150,45300,105647,-0.008752735229759279
2025-07-28,45800,46500,45050,46150,124799,0.01876379690949226
2025-07-29,46450,46450,45050,45700,98061,-0.009750812567713929
2025-07-30,45200,46300,45200,46100,149265,0.00875273522975939
2025-07-31,46200,46700,45400,45700,159513,-0.008676789587852451
2025-08-01,45350,45450,43500,43700,198704,-0.043763676148796504
2025-08-04,44150,45550,43550,45500,131251,0.041189931350114506
2025-08-05,46100,46800,45625,45950,114635,0.009890109890109855
2025-08-06,45600,45750,44550,45000,120666,-0.020674646354733373
2025-08-07,45350,45650,44800,45450,120124,0.010000000000000009
2025-08-08,45600,46200,45350,45900,113641,0.00990099009900991
