Date,Open,High,Low,Close,Volume,Change
2022-01-03,597000,600000,566000,574000,86312,-0.03691275167785235
2022-01-04,576000,587000,574000,578000,39536,0.006968641114982521
2022-01-05,588000,599000,570000,572000,61275,-0.01038062283737029
2022-01-06,561000,567000,550000,550000,51604,-0.038461538461538436
2022-01-07,550000,584000,546000,567000,67027,0.030909090909090997
2022-01-10,559000,572000,541000,549000,43051,-0.031746031746031744
2022-01-11,550000,553000,524000,531000,61001,-0.032786885245901676
2022-01-12,533000,545000,533000,543000,33622,0.02259887005649719
2022-01-13,554000,568000,541000,541000,57742,-0.0036832412523020164
2022-01-14,536000,541000,528000,533000,37070,-0.014787430683918634
2022-01-17,534000,535000,518000,522000,39851,-0.0206378986866792
2022-01-18,519000,532000,509000,517000,54791,-0.009578544061302652
2022-01-19,504000,513000,498000,501000,57115,-0.030947775628626717
2022-01-20,500000,509000,492000,505000,29957,0.007984031936127733
2022-01-21,499000,503000,485000,485000,61883,-0.03960396039603964
2022-01-24,470500,482000,465500,476000,60210,-0.01855670103092788
2022-01-25,477000,480000,450000,453000,69718,-0.04831932773109249
2022-01-26,452000,461500,440000,441500,51648,-0.025386313465783683
2022-01-27,441000,449000,420500,422000,65057,-0.04416761041902606
2022-01-28,422000,428000,398000,423000,78609,0.0023696682464455776
2022-02-03,426500,434000,419000,419000,39080,-0.009456264775413725
2022-02-04,417500,434500,413500,434000,43050,0.03579952267303099
2022-02-07,435000,437500,422000,432000,31782,-0.004608294930875556
2022-02-08,439000,448000,427500,429500,44246,-0.0057870370370370905
2022-02-09,431500,453500,431000,449000,59090,0.04540162980209539
2022-02-10,452000,461000,436000,446000,60791,-0.006681514476614692
2022-02-11,440000,453500,438000,441500,37102,-0.010089686098654682
2022-02-14,431500,437000,420000,421000,38283,-0.04643261608154026
2022-02-15,420000,431500,415000,419500,31963,-0.0035629453681710332
2022-02-16,430000,468000,428500,458000,81503,0.09177592371871279
2022-02-17,466500,475000,452000,456500,75330,-0.0032751091703057122
2022-02-18,448000,474000,448000,469500,53737,0.028477546549835697
2022-02-21,459500,465000,452500,463500,37592,-0.012779552715655007
2022-02-22,451500,458500,442000,442500,47193,-0.04530744336569581
2022-02-23,448000,466000,444500,459500,40041,0.03841807909604511
2022-02-24,455500,467000,439000,440000,52530,-0.042437431991294905
2022-02-25,452500,468000,452000,459500,54100,0.04431818181818192
2022-02-28,459000,469500,453000,464000,31656,0.009793253536452662
2022-03-02,467000,494000,462500,487500,65634,0.0506465517241379
2022-03-03,505000,520000,499000,510000,76231,0.04615384615384621
2022-03-04,511000,519000,500000,505000,45546,-0.009803921568627416
2022-03-07,495500,501000,490500,492500,37271,-0.024752475247524774
2022-03-08,483500,504000,480500,485000,41957,-0.015228426395939132
2022-03-10,500000,505000,490500,493000,35031,0.016494845360824684
2022-03-11,493500,501000,488000,499500,26214,0.013184584178498993
2022-03-14,503000,503000,489500,492500,28488,-0.014014014014014031
2022-03-15,492000,493000,471000,475500,33884,-0.034517766497461966
2022-03-16,482500,489500,479000,484000,23699,0.017875920084122088
2022-03-17,496000,508000,495500,499500,37012,0.03202479338842967
2022-03-18,505000,505000,496000,496000,24303,-0.00700700700700696
2022-03-21,498000,498500,488500,489500,23057,-0.01310483870967738
2022-03-22,486000,495000,486000,489500,20942,0.0
2022-03-23,493500,502000,489000,489000,28130,-0.0010214504596527396
2022-03-24,490000,490500,478000,490000,26725,0.002044989775051187
2022-03-25,492000,493000,481000,483000,25289,-0.014285714285714235
2022-03-28,480500,481000,472500,473000,24974,-0.020703933747411973
2022-03-29,473500,479500,472000,472500,17974,-0.0010570824524313016
2022-03-30,475500,482500,473000,475000,21671,0.005291005291005346
2022-03-31,475000,521000,475000,521000,113228,0.09684210526315784
2022-04-01,526000,539000,517000,522000,99422,0.0019193857965451588
2022-04-04,523000,532000,515000,529000,35726,0.013409961685823646
2022-04-05,533000,534000,515000,518000,44835,-0.020793950850661602
2022-04-06,518000,536000,518000,521000,59806,0.005791505791505891
2022-04-07,515000,526000,507000,514000,35243,-0.013435700575815779
2022-04-08,520000,529000,518000,529000,42581,0.029182879377431803
2022-04-11,527000,531000,515000,517000,36123,-0.022684310018903586
2022-04-12,510000,512000,500000,503000,32311,-0.027079303675048405
2022-04-13,503000,528000,502000,524000,40855,0.041749502982107334
2022-04-14,525000,532000,518000,520000,25976,-0.007633587786259555
2022-04-15,515000,517000,507000,511000,21545,-0.017307692307692357
2022-04-18,505000,509000,498000,499500,27007,-0.022504892367906093
2022-04-19,500000,509000,500000,504000,16061,0.009009009009008917
2022-04-20,507000,507000,499500,502000,17917,-0.003968253968253954
2022-04-21,505000,525000,505000,513000,45864,0.021912350597609542
2022-04-22,506000,507000,500000,502000,25289,-0.021442495126705707
2022-04-25,492000,499500,487000,489500,33011,-0.02490039840637448
2022-04-26,495000,497500,482000,484500,29693,-0.010214504596527063
2022-04-27,470000,477000,464500,474500,27662,-0.02063983488132093
2022-04-28,478500,485500,470000,484000,26079,0.02002107481559534
2022-04-29,486000,490000,477500,478000,23885,-0.012396694214875992
2022-05-02,473000,473500,465500,470000,25437,-0.01673640167364021
2022-05-03,471000,473500,464500,466500,24192,-0.007446808510638281
2022-05-04,468000,473000,465500,467000,15534,0.001071811361200492
2022-05-06,468500,494500,468500,493500,74809,0.05674518201284795
2022-05-09,498000,498500,473500,474500,37920,-0.03850050658561299
2022-05-10,464000,478500,455000,475000,33373,0.0010537407797681642
2022-05-11,472500,476000,465500,471000,15957,-0.008421052631578996
2022-05-12,463500,464000,446000,448000,38472,-0.04883227176220806
2022-05-13,448500,459000,448500,455000,17537,0.015625
2022-05-16,459500,464000,452500,453500,14101,-0.003296703296703285
2022-05-17,453500,463000,453000,461500,11844,0.01764057331863289
2022-05-18,464500,472500,464500,466000,14409,0.009750812567713929
2022-05-19,455000,458000,452000,456000,18677,-0.02145922746781115
2022-05-20,460500,476500,458500,475500,25722,0.04276315789473695
2022-05-23,480000,484000,472000,478000,15883,0.00525762355415349
2022-05-24,479000,481500,467500,467500,17107,-0.021966527196652708
2022-05-25,473000,483000,468000,481000,23125,0.02887700534759352
2022-05-26,480000,500000,478500,488500,41474,0.015592515592515621
2022-05-27,497000,497500,482500,484500,22909,-0.008188331627430934
2022-05-30,506000,522000,501000,521000,92039,0.07533539731682137
2022-05-31,526000,531000,519000,520000,44399,-0.0019193857965451588
2022-06-02,516000,516000,503000,511000,34441,-0.017307692307692357
2022-06-03,516000,524000,513000,517000,28378,0.011741682974559797
2022-06-07,517000,524000,502000,506000,23291,-0.021276595744680882
2022-06-08,509000,513000,497000,502000,21324,-0.007905138339920903
2022-06-09,498000,502000,490000,496000,24802,-0.01195219123505975
2022-06-10,488000,496000,486000,490500,16088,-0.011088709677419373
2022-06-13,477000,480500,460000,469500,50144,-0.042813455657492394
2022-06-14,456000,469000,450000,456500,40990,-0.027689030883919052
2022-06-15,452500,456500,433500,435000,39963,-0.0470974808324206
2022-06-16,445000,453000,436500,436500,25920,0.0034482758620688614
2022-06-17,424000,436000,423500,432500,24878,-0.009163802978235935
2022-06-20,437000,439500,412500,418500,27316,-0.032369942196531776
2022-06-21,422000,423000,412500,418000,19903,-0.0011947431302270495
2022-06-22,422000,425000,387000,389500,51423,-0.06818181818181823
2022-06-23,389000,402000,381500,385000,44025,-0.011553273427471145
2022-06-24,385000,403500,385000,400500,27406,0.04025974025974022
2022-06-27,405000,413000,394000,404500,28457,0.009987515605493158
2022-06-28,403000,410000,399000,406500,19646,0.0049443757725586845
2022-06-29,401000,403500,390500,393000,29022,-0.03321033210332103
2022-06-30,390000,392000,374500,380500,40182,-0.03180661577608146
2022-07-01,381000,387500,370500,371500,24948,-0.023653088042049908
2022-07-04,373000,377000,361000,370500,25665,-0.0026917900403768957
2022-07-05,373000,385000,373000,378000,20430,0.020242914979757165
2022-07-06,378000,378000,360500,361000,32293,-0.044973544973545
2022-07-07,367000,372500,361000,367500,25927,0.018005540166204925
2022-07-08,371000,377000,361500,363500,27833,-0.010884353741496544
2022-07-11,365000,365000,349000,354000,50320,-0.02613480055020634
2022-07-12,350000,353000,331000,333000,56247,-0.05932203389830504
2022-07-13,332500,341500,332000,336500,31104,0.010510510510510551
2022-07-14,333000,336000,324500,330500,33669,-0.017830609212481474
2022-07-15,331000,333500,315000,322500,51443,-0.024205748865355536
2022-07-18,326000,337500,324500,334500,44525,0.037209302325581506
2022-07-19,331500,337000,328500,334000,41965,-0.001494768310911776
2022-07-20,341500,355500,341000,348500,46883,0.04341317365269459
2022-07-21,350000,356000,345000,352500,25572,0.011477761836441891
2022-07-22,354500,363000,351000,352000,63525,-0.0014184397163120588
2022-07-25,349000,362500,349000,357500,21129,0.015625
2022-07-26,357500,372500,354500,363500,24209,0.016783216783216703
2022-07-27,364500,365000,355500,359500,21047,-0.011004126547455306
2022-07-28,366500,373500,362500,364500,28939,0.013908205841446364
2022-07-29,372000,400000,371000,393000,87698,0.07818930041152261
2022-08-01,395000,407000,388500,396000,47228,0.007633587786259444
2022-08-02,404000,404000,393500,395000,29452,-0.002525252525252486
2022-08-03,391500,398500,388000,393500,20978,-0.0037974683544304
2022-08-04,398000,401500,385500,391500,28115,-0.0050825921219822545
2022-08-05,393500,401000,393000,395500,21392,0.010217113665389466
2022-08-08,394000,402500,389000,399000,19349,0.008849557522123908
2022-08-09,400000,402000,390000,393000,24246,-0.015037593984962405
2022-08-10,391000,402500,391000,392000,23949,-0.0025445292620864812
2022-08-11,403000,426500,400500,423500,88130,0.0803571428571428
2022-08-12,427500,429000,419500,421000,33797,-0.005903187721369552
2022-08-16,422500,426000,416500,418500,20913,-0.005938242280285055
2022-08-17,420500,426000,417000,419500,21387,0.002389486260454099
2022-08-18,426000,435500,422000,424500,54310,0.011918951132300348
2022-08-19,425000,427000,411500,411500,24421,-0.03062426383981154
2022-08-22,404500,408500,397500,406500,21858,-0.012150668286755817
2022-08-23,401000,405500,397000,398500,18465,-0.019680196801967975
2022-08-24,398000,404000,396000,403000,12931,0.01129234629861986
2022-08-25,406000,432500,406000,428500,54503,0.06327543424317628
2022-08-26,439000,454000,438500,441500,69235,0.03033838973162184
2022-08-29,428000,448500,425500,432000,44274,-0.021517553793884536
2022-08-30,432000,440000,420000,421000,36165,-0.02546296296296291
2022-08-31,417000,427000,411500,424000,26561,0.0071258907363420665
2022-09-01,424500,434500,418000,424500,39860,0.001179245283018826
2022-09-02,426000,429500,418500,419000,17254,-0.012956419316843326
2022-09-05,418500,421000,407000,408000,20749,-0.026252983293556076
2022-09-06,412000,433500,411000,429500,31647,0.052696078431372584
2022-09-07,425000,431000,420000,422500,20084,-0.016298020954598424
2022-09-08,430500,430500,416000,419500,17018,-0.007100591715976323
2022-09-13,425000,431500,423000,430000,20665,0.025029797377830842
2022-09-14,416000,420000,414000,418500,22135,-0.02674418604651163
2022-09-15,421000,437000,421000,424000,34367,0.0131421744324971
2022-09-16,421500,424500,408500,409000,34474,-0.035377358490566
2022-09-19,408000,409500,395000,395000,21335,-0.03422982885085579
2022-09-20,399000,405000,395500,396000,15609,0.0025316455696202667
2022-09-21,392000,400500,390000,394000,15093,-0.005050505050505083
2022-09-22,389000,390000,377000,383000,35141,-0.027918781725888353
2022-09-23,383000,383000,366000,366000,31389,-0.044386422976501305
2022-09-26,353500,356000,341500,344500,34616,-0.058743169398907114
2022-09-27,340500,346000,329000,336500,43764,-0.023222060957910018
2022-09-28,332500,336000,323000,325000,30936,-0.034175334323922724
2022-09-29,329500,339500,319500,319500,33293,-0.01692307692307693
2022-09-30,312500,317500,304000,307500,45529,-0.03755868544600938
2022-10-04,314000,318000,310500,316000,26538,0.027642276422764178
2022-10-05,322500,330000,314500,315500,31142,-0.0015822784810126667
2022-10-06,321500,323000,316500,321500,21281,0.019017432646592614
2022-10-07,316500,325000,312000,322000,25601,0.0015552099533437946
2022-10-11,312500,316000,306000,306500,23826,-0.04813664596273293
2022-10-12,305000,325000,303500,325000,28008,0.06035889070146827
2022-10-13,326000,328500,311500,312000,30807,-0.040000000000000036
2022-10-14,319000,323500,317500,319500,20619,0.024038461538461453
2022-10-17,310000,323500,310000,323500,15924,0.012519561815336422
2022-10-18,329000,333500,324000,332000,20905,0.026275115919629055
2022-10-19,338000,338000,325500,326000,19960,-0.01807228915662651
2022-10-20,322000,325000,317000,322500,18339,-0.010736196319018454
2022-10-21,319000,327500,318000,319000,17492,-0.010852713178294615
2022-10-24,326500,332500,319000,322000,23224,0.00940438871473348
2022-10-25,326000,326000,316000,317000,18155,-0.01552795031055898
2022-10-26,317500,319000,310500,311000,19432,-0.018927444794952675
2022-10-27,312500,319000,311500,318500,15779,0.02411575562700974
2022-10-28,317000,331500,316000,324000,31875,0.017268445839874413
2022-10-31,327000,327000,313500,319000,26230,-0.015432098765432056
2022-11-01,317000,328000,315500,325000,22174,0.018808777429467183
2022-11-02,321000,328500,320500,323000,22001,-0.006153846153846176
2022-11-03,315000,331000,313000,325500,23008,0.007739938080495445
2022-11-04,327500,332000,317500,324000,27673,-0.004608294930875556
2022-11-07,330000,353000,325500,347500,84246,0.07253086419753085
2022-11-08,349000,352500,341000,343500,41013,-0.01151079136690647
2022-11-09,343500,364000,342500,358500,56129,0.04366812227074246
2022-11-10,361500,377000,360500,363000,72156,0.012552301255230214
2022-11-11,381500,382000,362000,370000,59511,0.019283746556473913
2022-11-14,370500,397500,370500,393500,73335,0.06351351351351342
2022-11-15,400000,408500,396500,399500,42299,0.015247776365946653
2022-11-16,401000,406000,388500,396500,34890,-0.007509386733416723
2022-11-17,404000,415000,397000,400000,42649,0.008827238335435084
2022-11-18,402500,403000,390500,393000,25235,-0.01749999999999996
2022-11-21,396000,402000,385500,388000,27339,-0.012722646310432517
2022-11-22,387000,390000,375500,376500,27705,-0.029639175257731964
2022-11-23,381000,398500,378500,396500,35694,0.05312084993359889
2022-11-24,399500,404500,393000,404000,20598,0.018915510718789497
2022-11-25,405500,405500,397000,402000,16603,-0.004950495049504955
2022-11-28,399000,404000,391000,392000,16463,-0.02487562189054726
2022-11-29,389500,397500,388000,396000,10481,0.010204081632652962
2022-11-30,398000,398000,390000,393500,16126,-0.0063131313131312705
2022-12-01,400000,401000,390000,390000,22438,-0.008894536213468918
2022-12-02,389000,389500,378000,379500,23458,-0.02692307692307694
2022-12-05,380000,384500,376000,380000,16474,0.0013175230566535578
2022-12-06,374500,377500,364000,364000,27295,-0.04210526315789476
2022-12-07,362000,369500,357000,361500,15967,-0.006868131868131844
2022-12-08,363000,364500,357000,361500,14740,0.0
2022-12-09,362500,368000,353000,365500,22649,0.011065006915629283
2022-12-12,360000,361500,353000,356000,21244,-0.025991792065663488
2022-12-13,360000,366000,352500,355500,20820,-0.001404494382022503
2022-12-14,358500,375500,358000,373000,26970,0.049226441631504914
2022-12-15,369500,375500,367000,367500,16726,-0.014745308310991967
2022-12-16,359500,362000,355000,359000,16287,-0.023129251700680253
2022-12-19,358000,360000,353000,358000,7760,-0.0027855153203342198
2022-12-20,355000,357000,344500,346000,23498,-0.03351955307262566
2022-12-21,350000,351000,342500,344500,12576,-0.00433526011560692
2022-12-22,345000,362000,345000,358000,25376,0.03918722786647311
2022-12-23,349000,356000,345500,350000,19981,-0.022346368715083775
2022-12-26,352000,359500,348000,357500,22103,0.021428571428571352
2022-12-27,360500,361000,355000,356500,19986,-0.002797202797202747
2022-12-28,350000,351500,345000,347000,16053,-0.02664796633941091
2022-12-29,346000,346000,329500,333500,31079,-0.0389048991354467
2023-01-02,333500,338500,327500,329000,13198,-0.013493253373313308
2023-01-03,325500,339500,325500,337000,20462,0.024316109422492405
2023-01-04,333000,341500,329000,339000,14166,0.005934718100890191
2023-01-05,338000,345000,334000,335000,13528,-0.01179941002949858
2023-01-06,331500,344500,331500,339500,14927,0.013432835820895495
2023-01-09,345000,359000,343500,359000,27955,0.05743740795287189
2023-01-10,359000,363500,356000,362000,20073,0.008356545961002881
2023-01-11,364500,379500,363500,379000,45201,0.046961325966850875
2023-01-12,381500,385500,376500,377500,26839,-0.00395778364116095
2023-01-13,381000,381500,372500,374000,16403,-0.009271523178807972
2023-01-16,376000,383000,374500,377000,28068,0.008021390374331583
2023-01-17,377000,382500,371000,377500,20216,0.0013262599469496816
2023-01-18,378000,379500,371500,375500,12311,-0.005298013245033095
2023-01-19,371500,378000,370000,374500,13631,-0.0026631158455392434
2023-01-20,373500,381000,373000,377000,10947,0.006675567423231055
2023-01-25,381000,384000,378000,379500,16842,0.006631299734747964
2023-01-26,381000,384000,375000,383000,18303,0.00922266139657446
2023-01-27,383000,385500,380000,384000,16318,0.0026109660574411553
2023-01-30,384000,385000,375000,375500,19010,-0.02213541666666663
2023-01-31,372000,383500,370000,383000,23178,0.01997336884154466
2023-02-01,385500,397000,382500,383500,36162,0.0013054830287206887
2023-02-02,390500,403000,386000,401000,71110,0.04563233376792697
2023-02-03,405000,420000,404500,409500,77113,0.021197007481296826
2023-02-06,409500,417000,404000,413000,37412,0.008547008547008517
2023-02-07,410000,418500,407500,418500,33586,0.013317191283293006
2023-02-08,421000,421000,411000,417500,25096,-0.002389486260453988
2023-02-09,417000,419500,413000,417500,16550,0.0
2023-02-10,418000,418000,405500,410000,24598,-0.017964071856287456
2023-02-13,409000,410500,399500,409000,22197,-0.0024390243902439046
2023-02-14,414000,415000,401500,406000,15439,-0.007334963325183352
2023-02-15,406000,406000,394500,394500,29498,-0.02832512315270941
2023-02-16,397000,406500,397000,405000,19879,0.026615969581748944
2023-02-17,400500,415000,399000,409000,22970,0.009876543209876631
2023-02-20,413500,415500,407500,414000,17985,0.012224938875305513
2023-02-21,416000,428500,410500,426000,39185,0.02898550724637672
2023-02-22,420000,425500,414000,417500,30148,-0.0199530516431925
2023-02-23,421000,437500,420500,426500,37483,0.021556886227544814
2023-02-24,426500,426500,413500,417500,25898,-0.021101992966002348
2023-02-27,413500,413500,402500,405000,27456,-0.029940119760479056
2023-02-28,407000,412000,405500,411000,14725,0.014814814814814836
2023-03-02,411000,420000,410000,416000,21447,0.012165450121654597
2023-03-03,429000,449000,428000,442000,71560,0.0625
2023-03-06,449500,453000,430000,442500,39289,0.0011312217194570096
2023-03-07,444000,444000,433500,438000,19822,-0.01016949152542368
2023-03-08,431000,433500,420500,424500,33240,-0.03082191780821919
2023-03-09,425000,432000,418500,428500,27683,0.009422850412249772
2023-03-10,421000,424000,416500,418000,18269,-0.02450408401400228
2023-03-13,415000,422000,411000,420500,21136,0.005980861244019087
2023-03-14,421500,423500,406000,406000,23110,-0.03448275862068961
2023-03-15,415000,415000,401000,405500,18622,-0.0012315270935960854
2023-03-16,399500,414500,393000,410500,19928,0.012330456226880449
2023-03-17,410500,413000,403000,405000,18179,-0.013398294762484775
2023-03-20,414500,434500,414000,423500,47419,0.04567901234567895
2023-03-21,425500,429500,419500,425000,20115,0.0035419126328217754
2023-03-22,424500,428000,420000,425500,22172,0.0011764705882353343
2023-03-23,421000,432000,421000,424000,23878,-0.003525264394829586
2023-03-24,424500,424500,415500,419000,20452,-0.011792452830188704
2023-03-27,422500,424500,408500,417500,25364,-0.0035799522673031214
2023-03-28,414000,423000,414000,417000,17921,-0.0011976047904191933
2023-03-29,417000,426000,416000,423500,20584,0.015587529976019088
2023-03-30,428500,434000,418000,428000,27246,0.010625737898465104
2023-03-31,431500,433000,425000,432000,30336,0.009345794392523255
2023-04-03,432000,435000,424500,426500,24501,-0.01273148148148151
2023-04-04,428000,429000,416000,419000,26527,-0.017584994138335253
2023-04-05,420000,421500,414000,419500,18585,0.0011933174224343368
2023-04-06,419500,419500,411000,411500,25897,-0.019070321811680557
2023-04-07,414000,416500,410000,412000,18626,0.0012150668286756705
2023-04-10,410000,415000,401000,413500,39552,0.00364077669902918
2023-04-11,413500,422000,410000,418000,25934,0.010882708585247869
2023-04-12,415500,418500,410000,418000,27298,0.0
2023-04-13,415000,425500,411500,423500,35070,0.013157894736842035
2023-04-14,425000,426000,413000,417000,23841,-0.015348288075560768
2023-04-17,419500,440000,418000,440000,71360,0.05515587529976029
2023-04-18,442500,444000,430000,432000,39577,-0.018181818181818188
2023-04-19,432500,433500,424000,424500,22744,-0.01736111111111116
2023-04-20,422000,422500,411500,412000,40426,-0.029446407538280317
2023-04-21,414500,416000,405000,408000,29233,-0.009708737864077666
2023-04-24,407000,410000,401500,406000,21913,-0.004901960784313708
2023-04-25,406000,408000,395500,397500,28658,-0.020935960591133007
2023-04-26,395000,400500,392500,394500,19200,-0.007547169811320753
2023-04-27,394500,395000,386500,390000,18565,-0.011406844106463865
2023-04-28,393000,395500,386000,388500,20768,-0.0038461538461538325
2023-05-02,397000,423000,397000,420500,54842,0.08236808236808235
2023-05-03,420000,424500,416500,422000,22241,0.00356718192627814
2023-05-04,423000,424000,416500,423000,15595,0.0023696682464455776
2023-05-08,420500,427500,418000,418000,14046,-0.011820330969267157
2023-05-09,417000,417500,405000,410000,18413,-0.019138755980861233
2023-05-10,409500,435000,409000,421000,45429,0.02682926829268295
2023-05-11,421000,430000,419500,420000,16478,-0.002375296912114022
2023-05-12,420000,427500,416000,420000,13703,0.0
2023-05-15,415000,419500,411500,418500,10348,-0.0035714285714285587
2023-05-16,417000,427000,415500,419000,12748,0.0011947431302270495
2023-05-17,416500,422000,414000,418500,9177,-0.0011933174224343368
2023-05-18,422000,437000,419500,436500,44254,0.043010752688172005
2023-05-19,438500,444000,428500,433500,41526,-0.0068728522336769515
2023-05-22,445500,464500,444500,458500,88882,0.05767012687427919
2023-05-23,458500,467000,456000,462500,39101,0.008724100327153872
2023-05-24,462500,462500,449500,454500,24660,-0.017297297297297343
2023-05-25,455500,457000,449500,451000,17590,-0.007700770077007646
2023-05-26,450500,452000,441000,443000,19365,-0.0177383592017738
2023-05-30,442000,451500,441500,448000,14807,0.011286681715575675
2023-05-31,448000,450500,443500,446500,17070,-0.0033482142857143016
2023-06-01,448500,450000,438500,441000,14220,-0.012318029115341522
2023-06-02,444000,453000,444000,448000,13898,0.015873015873015817
2023-06-05,453500,464500,453500,458000,25988,0.022321428571428603
2023-06-07,469000,484000,466500,474500,52079,0.0360262008733625
2023-06-08,476500,481500,474000,476000,29894,0.0031612223393044925
2023-06-09,479000,480000,466500,472500,36656,-0.007352941176470562
2023-06-12,476000,476000,463000,464000,24275,-0.017989417989418
2023-06-13,477000,489500,472500,475500,57766,0.024784482758620774
2023-06-14,483000,483000,473000,476500,33600,0.002103049421661396
2023-06-15,475500,480000,461500,471500,28315,-0.01049317943336836
2023-06-16,471500,476500,466500,469500,26203,-0.0042417815482502785
2023-06-19,473000,492000,472500,487500,46083,0.03833865814696491
2023-06-20,489500,496500,477000,482000,46836,-0.011282051282051286
2023-06-21,482000,486000,472000,473000,28846,-0.018672199170124526
2023-06-22,472500,505000,468000,494500,66039,0.045454545454545414
2023-06-23,497500,499500,486000,488500,28668,-0.01213346814964611
2023-06-26,489500,510000,489500,496000,52874,0.01535312180143289
2023-06-27,500000,506000,488000,497000,32626,0.002016129032258007
2023-06-28,504000,504000,478000,478000,51788,-0.0382293762575453
2023-06-29,477000,477500,457500,459000,72285,-0.03974895397489542
2023-06-30,458500,464500,451000,460500,28569,0.0032679738562091387
2023-07-03,458000,465500,444000,464000,46101,0.007600434310532034
2023-07-04,469000,471500,461000,462000,31285,-0.004310344827586188
2023-07-05,462000,462000,450000,451500,51108,-0.022727272727272707
2023-07-06,451500,452000,441000,442000,39860,-0.021040974529346612
2023-07-07,437500,441500,431000,438000,37048,-0.009049773755656076
2023-07-10,442500,460000,438500,451500,42811,0.03082191780821919
2023-07-11,458500,461500,449000,453500,27090,0.0044296788482836025
2023-07-12,457000,465500,454000,458000,32154,0.009922822491730932
2023-07-13,465000,465000,449500,451000,36318,-0.015283842794759805
2023-07-14,455000,464000,453500,457000,28935,0.013303769401330268
2023-07-17,456500,460000,448000,457500,22605,0.001094091903719896
2023-07-18,459000,459000,445000,453500,34097,-0.008743169398907069
2023-07-19,453000,453000,444000,447500,36348,-0.013230429988974612
2023-07-20,444000,459500,440500,452500,29685,0.011173184357541999
2023-07-21,450500,452000,445000,452000,19633,-0.0011049723756906271
2023-07-24,451000,451500,440500,449500,35440,-0.00553097345132747
2023-07-25,449500,473000,445000,468000,57354,0.04115684093437144
2023-07-26,468500,470500,448500,451000,65350,-0.03632478632478631
2023-07-27,454500,454500,426000,429500,57997,-0.047671840354767236
2023-07-28,429000,437000,421000,435000,27105,0.012805587892898762
2023-07-31,433000,493000,433000,475000,139173,0.09195402298850586
2023-08-01,478500,478500,464000,470000,35700,-0.010526315789473717
2023-08-02,470000,490000,464000,475500,58992,0.011702127659574568
2023-08-03,476000,476000,456500,464500,30764,-0.023133543638275467
2023-08-04,468500,472500,458000,459000,22290,-0.011840688912809427
2023-08-07,455000,459000,442000,455000,27963,-0.008714596949891074
2023-08-08,459500,478500,459500,462000,35440,0.01538461538461533
2023-08-09,463500,464000,455000,461000,13558,-0.0021645021645021467
2023-08-10,457000,457500,450000,452500,20942,-0.018438177874186557
2023-08-11,455000,461500,450500,454000,14096,0.0033149171270718814
2023-08-14,450500,451000,437500,439000,24773,-0.033039647577092546
2023-08-16,434000,435000,420000,420500,35917,-0.04214123006833714
2023-08-17,410500,424000,410000,423000,25816,0.005945303210463715
2023-08-18,418500,425000,412000,418000,17710,-0.011820330969267157
2023-08-21,417000,427000,417000,423000,13275,0.011961722488038173
2023-08-22,429000,437000,422500,435500,26485,0.029550827423167947
2023-08-23,439500,442000,427000,428500,15400,-0.016073478760045945
2023-08-24,431500,433500,425000,431500,13578,0.007001166861143604
2023-08-25,428500,432500,426000,429500,10607,-0.004634994206257237
2023-08-28,438500,442000,430000,436000,15714,0.015133876600698537
2023-08-29,441000,448500,439000,444500,18518,0.019495412844036775
2023-08-30,448000,448500,441000,447000,13444,0.0056242969628796935
2023-08-31,447000,458500,446000,452000,21814,0.01118568232662187
2023-09-01,447500,450500,435000,436000,22718,-0.03539823008849563
2023-09-04,436000,467500,436000,462500,51412,0.06077981651376141
2023-09-05,456500,467500,456000,464500,25667,0.00432432432432428
2023-09-06,465000,465000,451500,451500,21788,-0.027987082884822434
2023-09-07,448000,459000,444500,452000,19026,0.001107419712070845
2023-09-08,452000,457500,445000,451000,12719,-0.0022123893805309214
2023-09-11,456000,466500,452000,456500,26373,0.012195121951219523
2023-09-12,473000,491500,457000,459000,90191,0.005476451259583737
2023-09-13,460000,462000,443500,445000,30563,-0.030501089324618702
2023-09-14,449000,452000,444500,448500,16709,0.00786516853932584
2023-09-15,448000,455000,447000,450500,24007,0.004459308807134965
2023-09-18,449000,450000,441000,441000,18623,-0.021087680355160954
2023-09-19,442000,442000,433000,436500,16113,-0.010204081632653073
2023-09-20,432000,437000,429500,431000,22706,-0.012600229095074411
2023-09-21,427000,430500,410500,411500,34785,-0.04524361948955913
2023-09-22,405000,411500,399500,401500,36546,-0.024301336573511523
2023-09-25,400000,401500,391000,394500,26980,-0.01743462017434616
2023-09-26,399500,400000,385500,386000,32786,-0.021546261089987362
2023-09-27,381000,393000,379000,392500,25592,0.01683937823834203
2023-10-04,389500,389500,372500,373500,31600,-0.0484076433121019
2023-10-05,374500,380000,370000,371000,19889,-0.00669344042838016
2023-10-06,373500,378500,371000,378000,13417,0.018867924528301883
2023-10-10,382500,382500,364500,368000,24548,-0.02645502645502651
2023-10-11,374500,380000,370500,380000,15116,0.032608695652173836
2023-10-12,383000,387000,376000,384000,14464,0.010526315789473717
2023-10-13,378500,383000,375500,377000,11100,-0.01822916666666663
2023-10-16,373000,373000,367500,373000,20601,-0.010610079575596787
2023-10-17,379000,379500,365500,366000,21413,-0.018766756032171594
2023-10-18,365500,370500,354500,359500,34824,-0.01775956284153002
2023-10-19,352000,352500,342500,345500,28542,-0.03894297635605004
2023-10-20,340000,343000,330500,334500,29695,-0.03183791606367581
2023-10-23,331000,347000,330000,338500,19292,0.01195814648729443
2023-10-24,342000,346000,327500,346000,21992,0.02215657311669128
2023-10-25,348000,359500,343500,355000,20156,0.026011560693641522
2023-10-26,345000,352000,343500,346500,17853,-0.023943661971830954
2023-10-27,346000,355500,344500,349500,10179,0.008658008658008587
2023-10-30,345000,367000,344500,365500,20853,0.045779685264663916
2023-10-31,369500,372000,355000,357000,16545,-0.023255813953488413
2023-11-01,360000,369000,358500,361500,11287,0.012605042016806678
2023-11-02,369000,369500,357500,363000,13945,0.004149377593360981
2023-11-03,365000,378500,363500,374500,19869,0.031680440771349794
2023-11-06,385000,397000,377500,397000,29316,0.060080106809078826
2023-11-07,397000,398000,385500,393000,16464,-0.010075566750629705
2023-11-08,399500,399500,391000,392000,10511,-0.0025445292620864812
2023-11-09,388000,394500,383000,391500,11423,-0.0012755102040816757
2023-11-10,384000,387500,371500,375500,20360,-0.040868454661558085
2023-11-13,376500,379500,371500,375500,9002,0.0
2023-11-14,379000,379000,368500,374000,19272,-0.003994673768308976
2023-11-15,383500,384500,378000,384500,15934,0.02807486631016043
2023-11-16,384500,396000,382000,384000,16515,-0.0013003901170350884
2023-11-17,386000,386000,372000,379000,12602,-0.01302083333333337
2023-11-20,381000,385500,378000,384500,8222,0.014511873350923521
2023-11-21,386000,391500,382500,390000,11672,0.014304291287386306
2023-11-22,390000,396000,386500,396000,10744,0.01538461538461533
2023-11-23,396000,396000,388000,391500,10939,-0.011363636363636354
2023-11-24,391500,395000,389000,395000,8272,0.008939974457215838
2023-11-27,395000,397500,390500,395000,9043,0.0
2023-11-28,396500,397000,391000,395500,8511,0.0012658227848101333
2023-11-29,395000,395000,387000,393500,11885,-0.005056890012642201
2023-11-30,394500,395500,390500,394500,10029,0.0025412960609911828
2023-12-01,395000,395500,387500,391000,8914,-0.008871989860583018
2023-12-04,389000,391000,380000,381000,17517,-0.025575447570332477
2023-12-05,377500,384000,376000,376000,12062,-0.013123359580052507
2023-12-06,377000,378500,370500,373500,9078,-0.0066489361702127825
2023-12-07,371000,375000,367500,371500,14112,-0.0053547523427041055
2023-12-08,378500,383500,373000,376000,15001,0.01211305518169592
2023-12-11,380000,381500,375500,376500,7285,0.0013297872340425343
2023-12-12,379000,379500,369500,373000,16177,-0.009296148738379806
2023-12-13,373000,375500,368500,370500,8429,-0.006702412868632712
2023-12-14,375000,382000,371000,379500,17984,0.02429149797570851
2023-12-15,381000,384500,376500,379000,12767,-0.0013175230566534468
2023-12-18,378500,383000,375500,381500,9470,0.006596306068601621
2023-12-19,378500,388500,377500,386500,14873,0.013106159895150737
2023-12-20,390000,390500,385000,388500,11909,0.005174644243208348
2023-12-21,387000,399500,382500,393000,30261,0.01158301158301156
2023-12-22,393500,393500,385000,385000,12284,-0.020356234096692072
2023-12-26,390000,425000,388500,419000,89231,0.08831168831168834
2023-12-27,409000,412500,396000,397500,36935,-0.051312649164677815
2023-12-28,399500,402500,395500,399500,12538,0.005031446540880502
2024-01-02,396500,400000,391000,396500,16449,-0.007509386733416723
2024-01-03,392000,408500,391000,391500,23203,-0.01261034047919296
2024-01-04,389500,396500,383000,383000,18088,-0.02171136653895278
2024-01-05,383000,384500,377000,378000,14906,-0.01305483028720622
2024-01-08,380500,381000,374500,375000,10769,-0.007936507936507908
2024-01-09,381000,381000,369000,370500,20381,-0.01200000000000001
2024-01-10,370500,373000,366500,366500,11869,-0.010796221322537103
2024-01-11,370000,370000,364000,364000,12365,-0.006821282401091366
2024-01-12,364000,366500,356500,356500,13180,-0.020604395604395642
2024-01-15,356500,363500,355000,357000,8956,0.0014025245441795509
2024-01-16,355500,363500,355000,361500,7736,0.012605042016806678
2024-01-17,359000,361500,346000,346000,17271,-0.04287690179806358
2024-01-18,344000,347000,337000,338500,20085,-0.021676300578034713
2024-01-19,341500,359000,341500,347000,17954,0.025110782865583436
2024-01-22,348500,351500,345000,347500,8895,0.0014409221902016434
2024-01-23,349500,352000,337500,342500,22980,-0.014388489208633115
2024-01-24,345500,346500,340000,340500,11748,-0.005839416058394109
2024-01-25,341000,341500,331500,340000,16292,-0.001468428781204123
2024-01-26,335500,345500,335500,340500,11523,0.0014705882352941124
2024-01-29,343500,347000,339000,345500,12741,0.014684287812041008
2024-01-30,345000,345500,336000,337000,21357,-0.02460202604920403
2024-01-31,333500,336000,326000,326500,26354,-0.03115727002967361
2024-02-01,325000,331000,321500,329000,16880,0.007656967840734996
2024-02-02,330500,339000,327000,337000,15418,0.024316109422492405
2024-02-05,337000,339000,330000,333500,12035,-0.010385756676557834
2024-02-06,329500,337000,325000,334000,18300,0.0014992503748125774
2024-02-07,336500,340500,333000,334000,12394,0.0
2024-02-08,333000,339500,333000,334000,11583,0.0
2024-02-13,334000,339000,333500,335000,16520,0.0029940119760478723
2024-02-14,330500,331500,325500,328000,24678,-0.020895522388059695
2024-02-15,330000,333000,328000,329500,13924,0.004573170731707377
2024-02-16,332500,336500,330000,333500,16455,0.012139605462822445
2024-02-19,336000,337500,330500,332500,13284,-0.0029985007496251548
2024-02-20,332000,332000,325000,326000,22646,-0.019548872180451093
2024-02-21,326000,330000,326000,327500,11609,0.004601226993865115
2024-02-22,329000,329500,324500,327000,12319,-0.0015267175572518665
2024-02-23,328500,328500,321500,322000,25337,-0.015290519877675823
2024-02-26,328000,336000,327000,332000,30158,0.03105590062111796
2024-02-27,338500,359000,335000,341500,95651,0.028614457831325213
2024-02-28,344500,349000,339000,339500,20291,-0.005856515373352855
2024-02-29,338500,338500,331000,333500,22967,-0.0176730486008837
2024-03-04,334500,338000,327000,327000,29048,-0.019490254872563728
2024-03-05,327000,342000,325500,337000,30377,0.030581039755351647
2024-03-06,335000,347000,331500,344000,28666,0.020771513353115667
2024-03-07,341500,346000,336500,337000,14059,-0.02034883720930236
2024-03-08,345500,363000,345000,353500,71866,0.04896142433234418
2024-03-11,355000,355500,343500,344000,19342,-0.026874115983026914
2024-03-12,344500,353500,344000,345500,16662,0.0043604651162789665
2024-03-13,346500,348000,338500,340500,22811,-0.01447178002894356
2024-03-14,340500,344000,337000,342500,16288,0.005873715124816492
2024-03-15,343000,343000,338500,342000,10232,-0.0014598540145985828
2024-03-18,341000,342000,338500,340500,10343,-0.004385964912280715
2024-03-19,340500,340500,335000,338000,9191,-0.007342143906020504
2024-03-20,339500,339500,331500,334000,12954,-0.011834319526627168
2024-03-21,334500,339500,334500,339000,13795,0.014970059880239583
2024-03-22,339000,339000,334500,335000,12969,-0.01179941002949858
2024-03-25,334000,335000,323500,325000,46108,-0.02985074626865669
2024-03-26,325500,330000,323000,325000,23404,0.0
2024-03-27,324000,339000,322500,336000,34727,0.03384615384615386
2024-03-28,334000,346500,333000,341000,42618,0.014880952380952328
2024-03-29,343500,345000,335000,342000,20554,0.0029325513196480912
2024-04-01,348000,356500,343500,347500,35372,0.016081871345029253
2024-04-02,345000,347500,340000,345000,17469,-0.007194244604316502
2024-04-03,344500,344500,333500,335000,17534,-0.02898550724637683
2024-04-04,337000,347500,337000,342000,17407,0.020895522388059806
2024-04-05,342000,357000,340500,351000,43006,0.026315789473684292
2024-04-08,351500,352000,341500,343000,16068,-0.022792022792022748
2024-04-09,342000,346000,338500,338500,18627,-0.013119533527696792
2024-04-11,333000,333000,327000,329000,21861,-0.028064992614475592
2024-04-12,330000,332000,325500,328000,20148,-0.003039513677811523
2024-04-15,325000,331000,324000,326500,12365,-0.004573170731707266
2024-04-16,326000,326000,309500,312000,44189,-0.0444104134762634
2024-04-17,313000,336000,312500,334000,32220,0.07051282051282048
2024-04-18,334000,341500,330000,337000,22166,0.008982035928143617
2024-04-19,338500,338500,326000,334500,19078,-0.007418397626112738
2024-04-22,338500,344500,331500,339500,14689,0.014947683109117982
2024-04-23,338500,341500,334000,340000,8654,0.0014727540500736325
2024-04-24,340000,343000,335500,338000,9936,-0.00588235294117645
2024-04-25,334000,340500,332000,334500,10084,-0.010355029585798814
2024-04-26,337000,342000,332000,337000,10480,0.007473841554558991
2024-04-29,349000,372000,346000,372000,102610,0.10385756676557856
2024-04-30,369500,371500,361000,367500,38005,-0.012096774193548376
2024-05-02,367500,376000,365000,371500,29346,0.010884353741496655
2024-05-03,373000,374500,366000,368000,20817,-0.009421265141319024
2024-05-07,371500,374500,365000,369000,20623,0.0027173913043478937
2024-05-08,369000,372000,360500,367000,14902,-0.005420054200542035
2024-05-09,367000,368500,359500,361500,17417,-0.01498637602179842
2024-05-10,367000,378000,363000,375000,39822,0.03734439834024905
2024-05-13,374000,376000,368000,370000,14075,-0.013333333333333308
2024-05-14,373500,389000,370500,376000,38732,0.016216216216216273
2024-05-16,379500,381000,369500,372500,14717,-0.009308510638297851
2024-05-17,370000,381000,368000,375000,24996,0.006711409395973256
2024-05-20,377500,381000,374000,376500,18111,0.0040000000000000036
2024-05-21,374500,389500,372500,374000,41284,-0.006640106241699861
2024-05-22,373000,387500,370000,385000,32328,0.02941176470588225
2024-05-23,383500,390500,377000,385500,22432,0.0012987012987013546
2024-05-24,382000,384000,372500,377500,21879,-0.02075226977950717
2024-05-27,380000,392500,378000,388500,30019,0.029139072847682135
2024-05-28,388000,388500,357500,366000,74126,-0.05791505791505791
2024-05-29,362000,367500,356000,359500,24806,-0.01775956284153002
2024-05-30,355500,360000,354500,356000,13954,-0.009735744089012566
2024-05-31,354000,374500,354000,372000,32174,0.04494382022471921
2024-06-03,375000,375000,362000,364000,14198,-0.021505376344086002
2024-06-04,361500,362000,350000,354000,25469,-0.027472527472527486
2024-06-05,353500,356500,350000,350000,16727,-0.011299435028248594
2024-06-07,350500,352500,345500,347000,11390,-0.008571428571428563
2024-06-10,344000,350000,341000,345500,11274,-0.004322766570605152
2024-06-11,345500,359000,345000,352500,22105,0.02026049204052094
2024-06-12,358000,358000,348500,351500,10668,-0.0028368794326241176
2024-06-13,352000,355000,342000,343500,29308,-0.022759601706970112
2024-06-14,342000,343500,333500,333500,34738,-0.02911208151382827
2024-06-17,336000,344000,335500,338000,17356,0.013493253373313419
2024-06-18,345000,345500,338500,342000,19563,0.01183431952662728
2024-06-19,340000,350000,340000,349500,18292,0.021929824561403466
2024-06-20,349500,358500,345000,354000,25060,0.012875536480686733
2024-06-21,357000,364500,353000,362500,35141,0.024011299435028333
2024-06-24,364500,365500,356000,361500,17174,-0.0027586206896551557
2024-06-25,364000,370000,361000,367500,20832,0.016597510373443924
2024-06-26,367500,372000,363000,367000,19648,-0.0013605442176870541
2024-06-27,363500,373000,361500,361500,17120,-0.01498637602179842
2024-06-28,370000,379000,365000,378000,30188,0.045643153526971014
2024-07-01,378000,378000,365000,368000,15243,-0.02645502645502651
2024-07-02,364000,365500,359500,360000,9542,-0.021739130434782594
2024-07-03,363500,363500,349500,350500,15891,-0.026388888888888906
2024-07-04,353000,354500,347500,354500,14470,0.011412268188302432
2024-07-05,357000,357000,346500,347500,16304,-0.019746121297602226
2024-07-08,344500,347000,342000,344000,7717,-0.010071942446043147
2024-07-09,346500,348500,344000,346500,11233,0.007267441860465018
2024-07-10,344500,346500,338500,343000,12326,-0.010101010101010055
2024-07-11,345500,359500,343500,357000,24142,0.04081632653061229
2024-07-12,356000,362500,352000,361000,10686,0.011204481792717047
2024-07-15,361000,365000,358000,358500,8437,-0.006925207756232732
2024-07-16,356500,357500,345500,346000,13627,-0.034867503486750384
2024-07-17,348000,349500,341000,341500,10185,-0.013005780346820761
2024-07-18,340000,345000,338000,345000,9106,0.01024890190336758
2024-07-19,340500,343000,334000,343000,14628,-0.005797101449275366
2024-07-22,343500,343500,331500,333000,15220,-0.029154518950437303
2024-07-23,333500,336500,328000,332000,11886,-0.0030030030030030463
2024-07-24,328000,335000,328000,328500,8853,-0.010542168674698815
2024-07-25,324500,336000,321500,328500,13627,0.0
2024-07-26,329000,331500,328000,330000,5781,0.004566210045662045
2024-07-29,330500,336000,322000,322500,21604,-0.022727272727272707
2024-07-30,322000,322500,308500,311500,36854,-0.03410852713178292
2024-07-31,311500,313500,307000,312000,10471,0.0016051364365972098
2024-08-01,312000,320000,310500,315000,25110,0.009615384615384581
2024-08-02,309500,311000,301500,306000,21932,-0.02857142857142858
2024-08-05,305000,305000,264000,269500,40312,-0.11928104575163401
2024-08-06,271000,291000,271000,286000,25666,0.061224489795918435
2024-08-07,280500,290000,280500,289000,16718,0.010489510489510412
2024-08-08,286500,288000,278500,284000,12395,-0.01730103806228378
2024-08-09,288000,292500,284000,287000,12867,0.010563380281690238
2024-08-12,290000,295000,285000,288000,12048,0.0034843205574912606
2024-08-13,288500,290000,285500,287500,7156,-0.0017361111111111605
2024-08-14,291500,292500,288000,290500,5041,0.01043478260869568
2024-08-16,295000,299000,291000,291000,11264,0.001721170395869276
2024-08-19,291000,294500,286000,286500,10122,-0.015463917525773141
2024-08-20,288000,289000,281000,284000,15439,-0.008726003490401424
2024-08-21,281000,288500,281000,287500,8955,0.012323943661971759
2024-08-22,289000,289500,286000,288500,6267,0.003478260869565153
2024-08-23,288500,291000,285500,289000,6706,0.0017331022530329143
2024-08-26,289000,290500,284000,284000,9195,-0.01730103806228378
2024-08-27,284000,284000,274000,282500,11840,-0.005281690140845119
2024-08-28,280500,283000,274500,275500,14546,-0.024778761061946875
2024-08-29,277000,285500,274500,283500,11629,0.029038112522685955
2024-08-30,285500,285500,277500,283000,18626,-0.0017636684303351524
2024-09-02,283000,283000,278500,279500,9643,-0.012367491166077715
2024-09-03,279500,285500,279500,281500,7714,0.007155635062611854
2024-09-04,276000,276000,267000,270000,21516,-0.04085257548845467
2024-09-05,271000,273000,266000,268000,16133,-0.007407407407407418
2024-09-06,266500,267000,260000,265500,14297,-0.009328358208955279
2024-09-09,256500,260000,252500,257500,20633,-0.030131826741996215
2024-09-10,257500,264000,256000,261500,10452,0.01553398058252431
2024-09-11,263000,266000,258000,265500,12102,0.015296367112810794
2024-09-12,266000,274000,263500,274000,17846,0.03201506591337089
2024-09-13,273500,273500,268000,270000,5605,-0.014598540145985384
2024-09-19,279500,279500,265500,274000,10102,0.014814814814814836
2024-09-20,276000,276500,269500,272000,17087,-0.007299270072992692
2024-09-23,271500,271500,259500,264000,22364,-0.02941176470588236
2024-09-24,268000,273000,262000,273000,15885,0.03409090909090917
2024-09-25,277000,292000,275500,287000,37029,0.05128205128205132
2024-09-26,285500,291000,281000,290500,13541,0.012195121951219523
2024-09-27,290500,299000,285500,294000,22567,0.012048192771084265
2024-09-30,297500,298500,284000,289500,22715,-0.015306122448979553
2024-10-02,283000,286500,279000,280000,11636,-0.032815198618307395
2024-10-04,281000,281500,275500,280500,8613,0.0017857142857142794
2024-10-07,280500,288000,278000,283500,14626,0.010695187165775444
2024-10-08,285000,285500,277500,277500,13164,-0.021164021164021163
2024-10-10,280000,280500,274000,276500,8934,-0.003603603603603567
2024-10-11,276500,280500,272000,272500,12672,-0.01446654611211573
2024-10-14,269500,275500,269500,273000,7400,0.0018348623853210455
2024-10-15,271500,275000,267500,273000,14287,0.0
2024-10-16,267000,270500,264000,264000,18894,-0.03296703296703296
2024-10-17,265500,270000,264500,267000,7102,0.011363636363636465
2024-10-18,269000,269000,261000,262000,6226,-0.01872659176029967
2024-10-21,262000,265000,260000,260000,7967,-0.007633587786259555
2024-10-22,260500,260500,253000,257000,14976,-0.011538461538461497
2024-10-23,256000,261500,253000,259000,8335,0.0077821011673151474
2024-10-24,261000,261000,256500,257000,5267,-0.007722007722007707
2024-10-25,256000,258000,253000,253500,7379,-0.013618677042801508
2024-10-28,253500,268000,253500,268000,10483,0.05719921104536496
2024-10-29,268000,268500,261500,267500,4842,-0.001865671641791078
2024-10-30,265000,269500,263500,265000,6089,-0.009345794392523366
2024-10-31,265000,268000,262000,266000,6764,0.0037735849056603765
2024-11-01,260000,260000,241500,241500,48557,-0.09210526315789469
2024-11-04,241500,245500,235000,236500,34482,-0.020703933747411973
2024-11-05,235500,245000,233000,241500,19234,0.02114164904862581
2024-11-06,240000,241500,221000,221000,64668,-0.08488612836438925
2024-11-07,222500,224000,214500,218000,23749,-0.013574660633484115
2024-11-08,219000,220000,208000,209000,42675,-0.041284403669724745
2024-11-11,205000,207000,195000,195300,52669,-0.0655502392344498
2024-11-12,194900,196500,188100,190500,36687,-0.02457757296466978
2024-11-13,188100,190400,182100,182100,38619,-0.04409448818897643
2024-11-14,183500,183500,179200,179200,32531,-0.0159253157605711
2024-11-15,179200,180000,173900,178700,27428,-0.002790178571428603
2024-11-18,177100,184100,175100,183000,21257,0.02406267487409064
2024-11-19,181200,188600,179300,188000,23090,0.02732240437158473
2024-11-20,188500,189300,182400,182400,23391,-0.029787234042553234
2024-11-21,182400,186000,179300,183900,13121,0.008223684210526327
2024-11-22,185000,185200,179500,179500,24406,-0.023926046764545905
2024-11-25,179500,180900,169300,171200,92652,-0.04623955431754878
2024-11-26,171900,175600,170300,175200,29424,0.02336448598130847
2024-11-27,175500,176700,171800,175300,16412,0.0005707762557076723
2024-11-28,175300,177800,174100,177800,16271,0.01426126640045644
2024-11-29,177400,177400,168400,168800,29578,-0.0506186726659168
2024-12-02,169100,173400,169000,170400,18934,0.009478672985782088
2024-12-03,170900,185000,170900,184900,43566,0.085093896713615
2024-12-04,178700,185200,178700,180200,20622,-0.025419145484045447
2024-12-05,181000,185500,178800,180500,15611,0.0016648168701443034
2024-12-06,182200,182700,171800,176000,18607,-0.024930747922437657
2024-12-09,172900,172900,166500,166500,17257,-0.05397727272727271
2024-12-10,166600,181000,166600,180400,16704,0.08348348348348344
2024-12-11,181100,182400,178700,181900,7386,0.008314855875831473
2024-12-12,184900,187000,182100,184800,31752,0.015942825728422205
2024-12-13,182900,188800,182900,187000,21738,0.011904761904761862
2024-12-16,189100,192100,186300,187000,10654,0.0
2024-12-17,186700,191000,185000,189800,15129,0.014973262032085488
2024-12-18,191600,191700,187400,189900,9283,0.0005268703898841931
2024-12-19,186100,192800,184900,189500,16325,-0.002106371774618254
2024-12-20,189500,189600,182700,184500,12470,-0.02638522427440637
2024-12-23,184700,188300,183500,186700,8185,0.011924119241192521
2024-12-24,186900,191900,186800,187500,11862,0.004284949116229342
2024-12-26,187600,188200,182100,183500,12709,-0.021333333333333315
2024-12-27,180500,182800,173100,174600,22886,-0.048501362397820214
2024-12-30,173400,177900,172900,174600,7803,0.0
2025-01-02,174700,176000,170800,173300,12917,-0.0074455899198166975
2025-01-03,172100,185800,172000,182000,15184,0.05020196191575299
2025-01-06,188000,190600,185300,188000,17307,0.03296703296703307
2025-01-07,190000,190500,186500,187500,13445,-0.0026595744680850686
2025-01-08,189000,189800,185200,188800,9121,0.006933333333333236
2025-01-09,187000,188800,185400,185700,12302,-0.01641949152542377
2025-01-10,185700,191000,185100,187800,15051,0.011308562197092087
2025-01-13,187000,188600,183700,185700,11625,-0.011182108626198062
2025-01-14,188600,191900,183500,186100,14355,0.002154011847065096
2025-01-15,186100,188100,182700,182900,9333,-0.01719505642127883
2025-01-16,184900,186300,183800,185500,8320,0.014215418261344981
2025-01-17,184800,185400,179200,180600,14223,-0.026415094339622636
2025-01-20,185200,187400,181800,185000,13348,0.02436323366555926
2025-01-21,186500,187000,180800,184200,8957,-0.00432432432432428
2025-01-22,184400,186000,180900,183900,8171,-0.0016286644951140072
2025-01-23,183900,186100,179900,184300,16024,0.002175095160413365
2025-01-24,184300,187900,170000,178500,40928,-0.031470428648941895
2025-01-31,180200,181800,176000,176100,12080,-0.013445378151260456
2025-02-03,174000,174300,169600,170300,15910,-0.03293583191368543
2025-02-04,170000,176000,169500,174700,12058,0.025836758661186066
2025-02-05,176700,197900,176700,196000,71385,0.12192329708070981
2025-02-06,196600,199200,194200,198200,25097,0.011224489795918391
2025-02-07,196900,203500,195800,197600,22321,-0.003027245206861706
2025-02-10,197100,197600,192300,196200,11709,-0.007085020242915019
2025-02-11,194500,202500,194500,198500,15591,0.011722731906218087
2025-02-12,200000,200000,192000,192000,13194,-0.032745591939546626
2025-02-13,192000,203000,192000,198100,19578,0.031770833333333304
2025-02-14,199400,200500,195000,195000,12772,-0.015648662291771864
2025-02-17,197100,209000,196500,206000,27962,0.05641025641025643
2025-02-18,207000,214000,203000,211000,23323,0.024271844660194164
2025-02-19,212500,219000,210000,210500,26823,-0.0023696682464454666
2025-02-20,210500,212000,205000,208000,14359,-0.01187648456057011
2025-02-21,208000,208500,202500,204000,12999,-0.019230769230769273
2025-02-24,203000,205000,200000,202000,9241,-0.009803921568627416
2025-02-25,201500,202000,196400,196500,14246,-0.027227722772277252
2025-02-26,197900,201000,195900,200500,10764,0.020356234096692072
2025-02-27,202000,202000,197800,198000,9632,-0.012468827930174564
2025-02-28,195100,195200,187100,187100,19665,-0.055050505050505016
2025-03-04,187100,187300,181000,184100,11450,-0.016034206306787868
2025-03-05,181800,194000,181800,191600,13865,0.040738728951656755
2025-03-06,196000,199100,190900,192500,11781,0.0046972860125260585
2025-03-07,192500,198000,190100,194700,12813,0.011428571428571344
2025-03-10,190600,192700,188000,189700,14887,-0.0256805341551104
2025-03-11,183800,186300,182000,185100,11396,-0.024248813916710632
2025-03-12,185100,190000,184200,189100,7838,0.021609940572663522
2025-03-13,186700,189700,182600,182600,14124,-0.03437334743521947
2025-03-14,182300,187000,180500,183600,9080,0.005476451259583737
2025-03-17,183700,187700,182700,185600,6603,0.01089324618736387
2025-03-18,185600,188500,183800,183800,5286,-0.00969827586206895
2025-03-19,184800,188900,184000,187500,8123,0.020130576713819348
2025-03-20,187800,189000,185900,186500,5848,-0.005333333333333301
2025-03-21,194000,194700,187700,191500,17148,0.02680965147453085
2025-03-24,189400,190000,186300,187800,7846,-0.019321148825065304
2025-03-25,188300,192000,184900,185200,7792,-0.013844515441959526
2025-03-26,185700,192300,185500,191700,15066,0.03509719222462193
2025-03-27,188200,191300,187300,187800,7227,-0.020344287949921713
2025-03-28,188000,188000,180000,180000,12969,-0.04153354632587858
2025-03-31,179500,179500,173700,174200,10170,-0.03222222222222226
2025-04-01,173400,180700,173400,178800,7600,0.02640642939150406
2025-04-02,178800,184700,176600,178700,5278,-0.0005592841163311046
2025-04-03,174600,174600,169500,169900,19821,-0.04924454392837152
2025-04-04,169100,172700,166000,171900,12024,0.011771630370806418
2025-04-07,167700,169000,160600,163100,12006,-0.05119255381035481
2025-04-08,164000,165500,158800,158800,11644,-0.02636419374616794
2025-04-09,157900,159000,154700,156600,9758,-0.013853904282115859
2025-04-10,161700,170200,160800,170200,10228,0.0868454661558109
2025-04-11,165300,170600,164200,169800,8010,-0.002350176263219761
2025-04-14,170000,173800,169800,171300,10932,0.008833922261484162
2025-04-15,171100,175700,169900,174700,6077,0.019848219497956787
2025-04-16,173600,175500,172200,172300,5512,-0.013737836290784178
2025-04-17,172200,175600,171100,175400,5533,0.017991874637260485
2025-04-18,175100,176900,173600,175300,6011,-0.0005701254275940482
2025-04-21,175300,176700,173200,176700,5878,0.00798630918425558
2025-04-22,175300,177800,174000,174000,5695,-0.015280135823429575
2025-04-23,177900,178600,175600,176500,5868,0.014367816091954033
2025-04-24,177000,178800,174900,174900,5126,-0.009065155807365444
2025-04-25,176900,179400,175700,177700,5757,0.01600914808461984
2025-04-28,179100,183000,178600,180500,6971,0.015756893640967995
2025-04-29,180500,183100,180000,181200,5405,0.0038781163434902233
2025-04-30,185000,185000,176500,177800,5803,-0.01876379690949226
2025-05-02,176000,179700,175500,179400,4533,0.008998875140607376
2025-05-07,181700,185400,180000,184500,8864,0.028428093645485042
2025-05-08,182000,188400,182000,188200,11052,0.020054200542005463
2025-05-09,187000,197200,186600,191300,21539,0.016471838469713118
2025-05-12,194900,194900,186700,190000,6723,-0.006795608991113422
2025-05-13,188000,191200,186700,188500,6967,-0.007894736842105288
2025-05-14,189500,201500,188000,200000,25607,0.0610079575596818
2025-05-15,199200,209000,198100,208000,29111,0.040000000000000036
2025-05-16,208000,208000,200500,203000,11881,-0.024038461538461564
2025-05-19,200000,202500,195600,196900,9885,-0.03004926108374384
2025-05-20,196900,197800,191900,195900,7874,-0.00507872016251909
2025-05-21,196000,198300,194300,195000,8460,-0.004594180704441064
2025-05-22,193000,193500,188700,189200,7886,-0.029743589743589705
2025-05-23,188500,195600,188000,193800,10299,0.024312896405919604
2025-05-26,193800,196900,192300,195400,6635,0.008255933952528327
2025-05-27,194000,205000,192000,201000,14112,0.028659160696008268
2025-05-28,199200,202500,198800,199600,8326,-0.006965174129353269
2025-05-29,201000,206500,197100,200500,11360,0.0045090180360720655
2025-05-30,200500,205000,198800,199100,5281,-0.006982543640897787
2025-06-02,196200,198600,192900,194100,9476,-0.02511300853842291
2025-06-04,197000,206000,196000,201000,14677,0.03554868624420404
2025-06-05,200000,204000,199000,202000,9571,0.004975124378109541
2025-06-09,202000,204500,200000,200500,12270,-0.007425742574257432
2025-06-10,201000,208000,198300,201500,18453,0.004987531172069737
2025-06-11,201000,204000,199300,199800,15329,-0.008436724565756837
2025-06-12,198000,201500,197000,198200,22121,-0.00800800800800805
2025-06-13,198500,199300,192800,193900,19063,-0.021695257315842542
2025-06-16,194500,197900,189900,197900,12672,0.020629190304280565
2025-06-17,196100,200500,194000,197200,18753,-0.0035371399696816352
2025-06-18,195000,198700,194500,196400,16576,-0.0040567951318458695
2025-06-19,196500,198300,194400,195600,12276,-0.004073319755600768
2025-06-20,196400,209000,195000,200000,42414,0.02249488752556239
2025-06-23,199500,200500,191500,199500,20987,-0.0024999999999999467
2025-06-24,201500,206000,199900,205000,17983,0.027568922305764465
2025-06-25,205500,211500,203500,205000,17266,0.0
2025-06-26,207000,215000,205500,211000,28320,0.029268292682926855
2025-06-27,211500,216000,204000,205500,15178,-0.026066350710900466
2025-06-30,206000,211000,204000,208500,14804,0.014598540145985384
2025-07-01,209500,233500,209500,223000,75197,0.0695443645083933
2025-07-02,225000,231000,218000,229500,36445,0.029147982062780242
2025-07-03,233000,233000,226500,231000,18367,0.006535947712418277
2025-07-04,231000,231000,223000,223000,17920,-0.03463203463203468
2025-07-07,215000,222000,208500,209500,34977,-0.060538116591928204
2025-07-08,211500,217000,209000,210000,12655,0.0023866348448686736
2025-07-09,213500,216500,207000,209000,16050,-0.004761904761904745
2025-07-10,215000,216000,209500,210500,13187,0.0071770334928229484
2025-07-11,215000,217500,211000,214500,12845,0.019002375296912177
2025-07-14,215000,215000,210000,212000,8389,-0.011655011655011704
2025-07-15,211000,211500,201000,206500,32273,-0.02594339622641506
2025-07-16,207000,207500,201500,202000,11992,-0.021791767554479424
2025-07-17,203000,203000,198300,200000,18494,-0.00990099009900991
2025-07-18,200000,204500,200000,202000,9842,0.010000000000000009
2025-07-21,203000,205500,200500,203000,9594,0.004950495049504955
2025-07-22,204000,205000,199500,200000,13823,-0.014778325123152691
2025-07-23,201000,203500,197100,199500,13590,-0.0024999999999999467
2025-07-24,200500,202500,198400,199500,12941,0.0
2025-07-25,199000,200500,197600,198800,7920,-0.0035087719298245723
2025-07-28,202000,206000,200000,201000,15352,0.01106639839034207
2025-07-29,201000,202000,194300,197400,15656,-0.017910447761193993
2025-07-30,197900,201000,197200,198400,8672,0.005065856129685908
2025-07-31,199000,202000,196600,197600,10607,-0.0040322580645161255
2025-08-01,195000,195400,187000,187000,22851,-0.053643724696356254
2025-08-04,187100,191100,186200,189600,5692,0.013903743315508033
2025-08-05,188500,192300,188400,189000,11094,-0.0031645569620253333
2025-08-06,190000,192900,189000,190800,6958,0.00952380952380949
2025-08-07,189500,190700,187300,188800,16535,-0.010482180293501009
2025-08-08,188900,189500,187800,188200,7717,-0.0031779661016949623
