Date,Open,High,Low,Close,Volume,Change
2022-01-03,2140,2170,2125,2155,32133,0.00936768149882905
2022-01-04,2155,2165,2140,2155,28732,0.0
2022-01-05,2150,2160,2135,2155,52436,0.0
2022-01-06,2155,2160,2125,2155,37791,0.0
2022-01-07,2150,2150,2130,2150,24948,-0.002320185614849146
2022-01-10,2130,2150,2120,2125,63483,-0.011627906976744207
2022-01-11,2115,2125,2075,2080,73213,-0.02117647058823524
2022-01-12,2095,2095,2060,2070,128657,-0.004807692307692291
2022-01-13,2070,2105,2040,2045,119528,-0.012077294685990392
2022-01-14,2050,2115,2030,2080,228311,0.017114914425427896
2022-01-17,2080,2080,2005,2035,61451,-0.02163461538461542
2022-01-18,2050,2065,2010,2035,99290,0.0
2022-01-19,2045,2085,2030,2045,128509,0.004914004914004844
2022-01-20,2085,2085,2025,2055,22678,0.004889975550122161
2022-01-21,2055,2235,2055,2145,1016157,0.04379562043795615
2022-01-24,2145,2180,2120,2150,193122,0.002331002331002363
2022-01-25,2180,2195,2070,2150,238989,0.0
2022-01-26,2160,2235,2160,2190,178293,0.018604651162790642
2022-01-27,2225,2225,2125,2195,151797,0.0022831050228311334
2022-01-28,2190,2205,2150,2205,102696,0.004555808656036442
2022-02-03,2245,2280,2205,2265,189111,0.027210884353741527
2022-02-04,2280,2280,2220,2245,103702,-0.008830022075055233
2022-02-07,2245,2290,2215,2260,53256,0.006681514476614803
2022-02-08,2260,2260,2210,2240,44765,-0.008849557522123908
2022-02-09,2240,2255,2200,2225,93914,-0.006696428571428603
2022-02-10,2230,2260,2155,2225,77302,0.0
2022-02-11,2220,2335,2180,2215,318025,-0.004494382022471877
2022-02-14,2215,2235,2180,2215,117164,0.0
2022-02-15,2215,2285,2175,2230,186883,0.006772009029345272
2022-02-16,2200,2260,2190,2195,102784,-0.015695067264574036
2022-02-17,2230,2245,2180,2200,70590,0.002277904328018332
2022-02-18,2200,2225,2170,2185,66432,-0.006818181818181834
2022-02-21,2185,2230,2125,2140,107396,-0.020594965675057253
2022-02-22,2130,2170,2115,2120,124568,-0.009345794392523366
2022-02-23,2130,2170,2095,2135,120995,0.007075471698113178
2022-02-24,2170,2180,2110,2130,85413,-0.0023419203747072626
2022-02-25,2115,2175,2110,2125,67016,-0.0023474178403756207
2022-02-28,2120,2140,2025,2060,117920,-0.030588235294117694
2022-03-02,2100,2100,2015,2025,237059,-0.016990291262135915
2022-03-03,2025,2065,1940,1940,331250,-0.041975308641975295
2022-03-04,2015,2520,1935,2355,16748278,0.21391752577319578
2022-03-07,2400,3060,2360,2975,20400219,0.26326963906581735
2022-03-08,3105,3650,2570,2730,21370570,-0.08235294117647063
2022-03-10,2625,2730,2445,2730,5675719,0.0
2022-03-11,3075,3140,2585,2595,14681337,-0.0494505494505495
2022-03-14,2610,2975,2610,2730,7551736,0.052023121387283267
2022-03-15,2880,2915,2600,2650,3422667,-0.02930402930402931
2022-03-16,2640,2650,2470,2495,1394210,-0.058490566037735836
2022-03-17,2445,2455,2320,2380,1679299,-0.04609218436873752
2022-03-18,2420,2850,2400,2630,13712624,0.10504201680672276
2022-03-21,2600,2890,2570,2775,12356524,0.05513307984790883
2022-03-22,2785,3605,2785,3605,22102983,0.29909909909909915
2022-03-23,3890,4455,3610,3665,36418310,0.01664355062413314
2022-03-24,3730,3800,3475,3480,5074205,-0.05047748976807642
2022-03-25,3480,3630,3340,3450,4266613,-0.008620689655172376
2022-03-28,3525,3780,3250,3665,12287783,0.062318840579710155
2022-03-29,3435,3475,3135,3140,4880948,-0.14324693042291947
2022-03-30,3120,3240,3040,3050,2268784,-0.0286624203821656
2022-03-31,3170,3775,3150,3510,23038935,0.15081967213114744
2022-04-01,3620,3970,3330,3390,16691025,-0.03418803418803418
2022-04-04,3290,3405,3245,3305,2416888,-0.02507374631268433
2022-04-05,3755,4040,3525,3570,15097226,0.08018154311649006
2022-04-06,3780,4215,3675,4005,29335268,0.12184873949579833
2022-04-07,4395,4750,4105,4180,27120915,0.043695380774032566
2022-04-08,4370,4430,3725,4165,7698490,-0.0035885167464114742
2022-04-11,4070,4320,3900,4290,10426123,0.03001200480192079
2022-04-12,4260,4290,3940,4045,5782873,-0.05710955710955712
2022-04-13,3955,4120,3850,4120,5044284,0.018541409147095234
2022-04-14,4285,4690,3935,4035,17632487,-0.020631067961165095
2022-04-15,4000,4220,3975,4145,7042713,0.027261462205700138
2022-04-18,4090,4230,4005,4190,4399120,0.010856453558504287
2022-04-19,4155,4295,4030,4095,5101347,-0.022673031026252954
2022-04-20,4345,4475,4075,4085,6611154,-0.0024420024420024333
2022-04-21,4025,4030,3850,3920,2149290,-0.04039167686658507
2022-04-22,3930,4300,3890,3990,11290787,0.017857142857142794
2022-04-25,4105,4215,3950,3955,7606766,-0.00877192982456143
2022-04-26,3960,3995,3760,3790,1944331,-0.041719342604298326
2022-04-27,3800,3925,3530,3530,2587966,-0.06860158311345643
2022-04-28,3525,3550,3335,3495,2487977,-0.009915014164305958
2022-04-29,3610,3770,3475,3475,3922551,-0.005722460658083017
2022-05-02,3475,3615,3455,3470,2268223,-0.0014388489208633226
2022-05-03,3505,4000,3355,3740,13624987,0.0778097982708934
2022-05-04,3625,3665,3370,3385,1755189,-0.09491978609625673
2022-05-06,3335,3450,3150,3165,1124543,-0.06499261447562776
2022-05-09,3180,3230,3040,3070,804247,-0.03001579778830965
2022-05-10,3020,3575,3020,3065,5526111,-0.0016286644951140072
2022-05-11,3055,3125,2980,3030,787723,-0.011419249592169667
2022-05-12,2945,2990,2695,2695,1094490,-0.11056105610561051
2022-05-13,2720,2775,2660,2695,686689,0.0
2022-05-16,2760,3200,2755,2945,5099751,0.09276437847866426
2022-05-17,2945,2945,2745,2785,1127567,-0.05432937181663833
2022-05-18,2785,3150,2770,2860,5184166,0.026929982046678624
2022-05-19,2795,2840,2700,2755,666294,-0.036713286713286664
2022-05-20,2790,2980,2690,2850,2097268,0.034482758620689724
2022-05-23,2815,2915,2795,2845,469327,-0.0017543859649122862
2022-05-24,2815,2840,2710,2710,411843,-0.047451669595782064
2022-05-25,2720,2765,2580,2650,431393,-0.022140221402214055
2022-05-26,2645,2800,2610,2725,371092,0.028301886792452935
2022-05-27,2725,2970,2685,2775,2594127,0.0183486238532109
2022-05-30,2855,3140,2785,2890,3435629,0.04144144144144146
2022-05-31,2890,2955,2830,2860,720906,-0.01038062283737029
2022-06-02,2825,2910,2825,2885,401560,0.00874125874125875
2022-06-03,2890,2890,2855,2865,277926,-0.006932409012131768
2022-06-07,2820,2860,2780,2825,273587,-0.013961605584642212
2022-06-08,2820,2820,2705,2715,231210,-0.038938053097345104
2022-06-09,2705,2705,2585,2630,299971,-0.03130755064456725
2022-06-10,2600,2950,2590,2640,2221066,0.0038022813688212143
2022-06-13,2590,2980,2580,2730,5530430,0.03409090909090917
2022-06-14,2620,2775,2445,2490,1263435,-0.08791208791208793
2022-06-15,2485,2730,2445,2450,1875428,-0.016064257028112428
2022-06-16,2425,2550,2410,2420,415367,-0.01224489795918371
2022-06-17,2505,2690,2420,2455,1957533,0.01446280991735538
2022-06-20,2435,2515,2380,2435,1031368,-0.008146639511201648
2022-06-21,2920,3165,2745,3015,29428897,0.2381930184804928
2022-06-22,3105,3805,3035,3515,41684823,0.165837479270315
2022-06-23,3515,3540,2860,2940,6660471,-0.16358463726884775
2022-06-24,2840,2990,2755,2955,3996866,0.005102040816326481
2022-06-27,3095,3320,3015,3220,10322141,0.08967851099830804
2022-06-28,3145,3300,2950,3070,3779341,-0.04658385093167705
2022-06-29,3125,3215,3020,3095,3801913,0.008143322475570036
2022-06-30,3350,3670,3110,3185,21510694,0.029079159935379684
2022-07-01,3305,3460,2895,2985,6284417,-0.06279434850863419
2022-07-04,2935,2960,2660,2765,1506048,-0.0737018425460636
2022-07-05,2700,2920,2600,2805,1471792,0.014466546112115841
2022-07-06,2785,2790,2600,2620,1003703,-0.06595365418894827
2022-07-07,2680,2730,2615,2655,922652,0.013358778625954137
2022-07-08,2640,2840,2620,2795,1545294,0.052730696798493515
2022-07-11,2765,2785,2645,2700,754995,-0.03398926654740608
2022-07-12,2655,2705,2515,2535,882147,-0.061111111111111116
2022-07-13,2505,2630,2415,2575,1392326,0.015779092702169706
2022-07-14,2630,2760,2530,2550,1167436,-0.009708737864077666
2022-07-15,2540,2600,2410,2510,652441,-0.015686274509803977
2022-07-18,2480,2660,2465,2535,668872,0.009960159362549792
2022-07-19,2535,2550,2475,2490,517562,-0.017751479289940808
2022-07-20,2505,2535,2450,2470,416429,-0.008032128514056214
2022-07-21,2470,2480,2430,2440,294603,-0.012145748987854255
2022-07-22,2440,2480,2340,2345,548486,-0.03893442622950816
2022-07-25,2390,2390,2225,2275,317089,-0.02985074626865669
2022-07-26,2250,2400,2205,2300,836673,0.01098901098901095
2022-07-27,2275,2330,2260,2275,266955,-0.010869565217391353
2022-07-28,2290,2345,2260,2295,398443,0.00879120879120876
2022-07-29,2300,2435,2295,2350,745173,0.023965141612200425
2022-08-01,2360,2375,2320,2340,222452,-0.004255319148936176
2022-08-02,2380,2380,2265,2295,251302,-0.019230769230769273
2022-08-03,2340,2345,2280,2320,322193,0.01089324618736387
2022-08-04,2325,2400,2310,2370,465596,0.02155172413793105
2022-08-05,2390,2400,2340,2370,344720,0.0
2022-08-08,2370,2370,2270,2300,444106,-0.029535864978902926
2022-08-09,2365,2370,2295,2300,339225,0.0
2022-08-10,2305,2385,2265,2300,660563,0.0
2022-08-11,2325,2375,2300,2345,512195,0.019565217391304346
2022-08-12,2300,2395,2295,2335,414847,-0.004264392324093813
2022-08-16,2350,2355,2305,2305,216089,-0.012847965738758016
2022-08-17,2325,2485,2275,2485,2331510,0.0780911062906724
2022-08-18,2455,2545,2400,2400,1713359,-0.03420523138832998
2022-08-19,2415,2430,2350,2350,414866,-0.02083333333333337
2022-08-22,2400,2590,2370,2550,4351951,0.0851063829787233
2022-08-23,2480,2585,2410,2540,1320609,-0.0039215686274509665
2022-08-24,2600,2605,2480,2490,670059,-0.019685039370078705
2022-08-25,2535,2555,2485,2530,543601,0.016064257028112428
2022-08-26,2580,2835,2550,2690,7507636,0.06324110671936767
2022-08-29,2900,2930,2650,2710,3719860,0.0074349442379182396
2022-08-30,2700,2705,2600,2610,812592,-0.03690036900369009
2022-08-31,2595,2610,2520,2540,493042,-0.026819923371647514
2022-09-01,2490,2520,2320,2360,675782,-0.07086614173228345
2022-09-02,2365,2535,2330,2535,973724,0.07415254237288127
2022-09-05,2545,2555,2365,2465,669073,-0.027613412228796874
2022-09-06,2400,2425,2330,2360,400229,-0.04259634888438135
2022-09-07,2330,2380,2230,2235,415734,-0.052966101694915224
2022-09-08,2265,2385,2260,2275,394394,0.017897091722595126
2022-09-13,2295,2300,2265,2275,214785,0.0
2022-09-14,2230,2250,2080,2235,256346,-0.01758241758241763
2022-09-15,2235,2255,2145,2160,319169,-0.03355704697986572
2022-09-16,2130,2695,2095,2385,10929147,0.10416666666666674
2022-09-19,2310,2340,2180,2200,1421746,-0.07756813417190778
2022-09-20,2220,2400,2110,2200,1715936,0.0
2022-09-21,2215,2345,2200,2210,1196645,0.00454545454545463
2022-09-22,2200,2500,2200,2365,3959826,0.07013574660633481
2022-09-23,2340,2420,2200,2205,957483,-0.06765327695560253
2022-09-26,2170,2270,2000,2025,854429,-0.08163265306122447
2022-09-27,1965,2025,1885,1910,731090,-0.05679012345679013
2022-09-28,1885,2020,1780,1865,1049389,-0.023560209424083767
2022-09-29,1870,2130,1850,1865,2166123,0.0
2022-09-30,1830,1850,1785,1810,341781,-0.029490616621983934
2022-10-04,1845,1855,1815,1845,216356,0.01933701657458564
2022-10-05,1850,1890,1815,1835,376056,-0.005420054200542035
2022-10-06,1870,1895,1855,1870,493152,0.019073569482288777
2022-10-07,1850,1865,1815,1830,264215,-0.021390374331550777
2022-10-11,1815,1820,1720,1735,357399,-0.051912568306010876
2022-10-12,1720,1800,1615,1655,569302,-0.04610951008645536
2022-10-13,1645,1645,1520,1540,249826,-0.06948640483383683
2022-10-14,1585,1625,1540,1585,212297,0.02922077922077926
2022-10-17,1570,1590,1500,1590,213357,0.003154574132492094
2022-10-18,1600,1630,1565,1590,183434,0.0
2022-10-19,1595,1605,1560,1585,205184,-0.0031446540880503138
2022-10-20,1590,1880,1580,1600,3082264,0.009463722397476282
2022-10-21,1600,1600,1530,1550,398336,-0.03125
2022-10-24,1580,1580,1540,1550,254783,0.0
2022-10-25,1560,1595,1540,1565,115999,0.00967741935483879
2022-10-26,1565,1590,1530,1530,154720,-0.022364217252396124
2022-10-27,1565,1595,1525,1575,129743,0.02941176470588225
2022-10-28,1570,1650,1545,1580,205846,0.0031746031746031633
2022-10-31,1665,1675,1605,1605,467932,0.015822784810126667
2022-11-01,1615,1620,1570,1585,253026,-0.012461059190031154
2022-11-02,1590,1605,1555,1590,225456,0.003154574132492094
2022-11-03,1545,1710,1540,1620,716609,0.018867924528301883
2022-11-04,1620,1635,1585,1590,185157,-0.01851851851851849
2022-11-07,1590,1610,1570,1595,160290,0.003144654088050425
2022-11-08,1600,1710,1600,1635,250464,0.02507836990595602
2022-11-09,1650,1700,1620,1665,299900,0.0183486238532109
2022-11-10,1660,1670,1620,1655,115390,-0.006006006006005982
2022-11-11,1680,1690,1650,1670,273380,0.009063444108761365
2022-11-14,1675,1720,1670,1680,207962,0.0059880239520957446
2022-11-15,1680,1720,1680,1700,127557,0.011904761904761862
2022-11-16,1735,1800,1690,1710,920344,0.00588235294117645
2022-11-17,1715,1735,1660,1685,198078,-0.014619883040935644
2022-11-18,1675,1695,1655,1670,232100,-0.008902077151335286
2022-11-21,1685,1685,1600,1640,229711,-0.017964071856287456
2022-11-22,1630,1680,1615,1675,134628,0.021341463414634054
2022-11-23,1740,1745,1660,1700,162629,0.014925373134328401
2022-11-24,1710,1770,1685,1725,515304,0.014705882352941124
2022-11-25,1725,1795,1720,1735,549042,0.005797101449275255
2022-11-28,1730,1735,1650,1670,229893,-0.03746397694524495
2022-11-29,1660,1700,1650,1695,86861,0.014970059880239583
2022-11-30,1690,1690,1650,1665,90539,-0.017699115044247815
2022-12-01,1670,1720,1665,1685,95273,0.012012012012011963
2022-12-02,1685,1685,1665,1670,86955,-0.008902077151335286
2022-12-05,1670,1675,1650,1660,49271,-0.005988023952095856
2022-12-06,1660,1660,1580,1580,224220,-0.048192771084337394
2022-12-07,1610,1655,1560,1560,177056,-0.012658227848101222
2022-12-08,1555,1630,1555,1600,211857,0.02564102564102555
2022-12-09,1630,2050,1585,1815,17384781,0.1343749999999999
2022-12-12,1810,1855,1780,1830,3266186,0.008264462809917328
2022-12-13,1950,1995,1745,1750,3518817,-0.04371584699453557
2022-12-14,1740,1780,1705,1770,463654,0.011428571428571344
2022-12-15,1760,1760,1725,1725,351263,-0.025423728813559365
2022-12-16,1700,1715,1650,1690,346525,-0.020289855072463725
2022-12-19,1670,1690,1640,1685,220624,-0.00295857988165682
2022-12-20,1650,1770,1600,1605,879946,-0.047477744807121636
2022-12-21,1605,1645,1575,1575,189919,-0.01869158878504673
2022-12-22,1600,1735,1575,1595,515819,0.012698412698412653
2022-12-23,1590,1595,1520,1535,311616,-0.037617554858934144
2022-12-26,1525,1550,1500,1500,249885,-0.0228013029315961
2022-12-27,1505,1550,1500,1530,173295,0.020000000000000018
2022-12-28,1515,1575,1515,1545,141063,0.009803921568627416
2022-12-29,1525,1565,1500,1500,144809,-0.029126213592232997
2023-01-02,1505,1535,1415,1425,309039,-0.050000000000000044
2023-01-03,1425,1470,1340,1405,400575,-0.01403508771929829
2023-01-04,1435,1445,1370,1430,245937,0.017793594306049876
2023-01-05,1430,1445,1410,1415,103649,-0.010489510489510523
2023-01-06,1415,1475,1390,1460,130366,0.03180212014134276
2023-01-09,1465,1510,1465,1480,74528,0.013698630136986356
2023-01-10,1505,1510,1485,1505,87958,0.016891891891891886
2023-01-11,1505,1535,1505,1520,83268,0.009966777408637828
2023-01-12,1520,1540,1495,1510,75066,-0.006578947368421018
2023-01-13,1520,1525,1500,1510,63055,0.0
2023-01-16,1510,1550,1505,1545,109300,0.023178807947019875
2023-01-17,1550,1550,1505,1530,90749,-0.009708737864077666
2023-01-18,1510,1535,1500,1515,62805,-0.009803921568627416
2023-01-19,1510,1545,1495,1525,61614,0.0066006600660066805
2023-01-20,1525,1620,1520,1565,266062,0.026229508196721207
2023-01-25,1586,1586,1544,1586,334391,0.013418530351437807
2023-01-26,1635,1667,1555,1618,791262,0.020176544766708604
2023-01-27,1613,1633,1580,1600,143709,-0.011124845488257096
2023-01-30,1592,1625,1581,1602,171132,0.0012499999999999734
2023-01-31,1587,1602,1564,1584,150389,-0.011235955056179803
2023-02-01,1577,1632,1577,1622,239610,0.023989898989899006
2023-02-02,1621,1634,1613,1627,160836,0.0030826140567201676
2023-02-03,1615,1684,1615,1684,399435,0.03503380454824834
2023-02-06,1683,1727,1668,1697,658837,0.0077197149643706275
2023-02-07,1697,1707,1661,1673,136147,-0.01414260459634653
2023-02-08,1690,1692,1655,1672,149514,-0.000597728631201444
2023-02-09,1672,1675,1652,1653,111224,-0.011363636363636354
2023-02-10,1650,1670,1630,1670,192519,0.010284331518451317
2023-02-13,1673,1690,1620,1650,87717,-0.0119760479041916
2023-02-14,1640,1669,1638,1645,98418,-0.00303030303030305
2023-02-15,1647,1660,1595,1596,213409,-0.029787234042553234
2023-02-16,1596,1626,1596,1625,58121,0.018170426065162948
2023-02-17,1617,1637,1609,1618,53641,-0.004307692307692346
2023-02-20,1608,1650,1594,1635,43784,0.010506798516687343
2023-02-21,1635,1645,1614,1616,41620,-0.011620795107033621
2023-02-22,1618,1684,1600,1638,259045,0.013613861386138515
2023-02-23,1620,1634,1601,1609,93805,-0.017704517704517753
2023-02-24,1609,1619,1574,1579,115220,-0.01864512119328776
2023-02-27,1562,1562,1524,1550,175490,-0.018366054464851178
2023-02-28,1532,1560,1504,1530,117111,-0.012903225806451646
2023-03-02,1530,1540,1517,1534,74758,0.002614379084967311
2023-03-03,1534,1565,1534,1556,61930,0.014341590612777066
2023-03-06,1543,1564,1490,1501,241916,-0.03534704370179953
2023-03-07,1501,1535,1460,1497,133648,-0.0026648900732845204
2023-03-08,1497,1505,1376,1393,599097,-0.06947227788911159
2023-03-09,1395,1423,1380,1392,146223,-0.000717875089734421
2023-03-10,1392,1396,1360,1368,103771,-0.017241379310344862
2023-03-13,1330,1364,1329,1352,134392,-0.011695906432748537
2023-03-14,1352,1352,1255,1269,260943,-0.06139053254437865
2023-03-15,1285,1312,1282,1311,106286,0.03309692671394804
2023-03-16,1311,1320,1262,1268,129962,-0.03279938977879482
2023-03-17,1268,1330,1266,1310,79147,0.03312302839116721
2023-03-20,1295,1345,1295,1345,106121,0.026717557251908497
2023-03-21,1345,1349,1321,1338,55791,-0.005204460966542701
2023-03-22,1338,1346,1310,1332,93943,-0.004484304932735439
2023-03-23,1300,1315,1272,1300,109758,-0.024024024024024038
2023-03-24,1295,1357,1270,1357,117282,0.04384615384615387
2023-03-27,1356,1356,1293,1329,111121,-0.020633750921149607
2023-03-28,1316,1326,1290,1317,245338,-0.009029345372460473
2023-03-29,1323,1323,1286,1309,166139,-0.0060744115413818855
2023-03-30,1370,1370,1300,1361,433844,0.03972498090145149
2023-03-31,1361,1370,1328,1350,93679,-0.008082292432035287
2023-04-03,1360,1360,1283,1310,199453,-0.029629629629629672
2023-04-04,1310,1361,1300,1353,131198,0.03282442748091596
2023-04-05,1345,1360,1339,1340,89529,-0.00960827790096086
2023-04-06,1340,1352,1333,1352,107276,0.008955223880596996
2023-04-07,1370,1399,1312,1316,241765,-0.026627218934911268
2023-04-10,1316,1325,1277,1292,171122,-0.018237082066869248
2023-04-11,1292,1347,1283,1333,135391,0.03173374613003088
2023-04-12,1325,1352,1303,1346,95155,0.009752438109527306
2023-04-13,1340,1346,1308,1312,60115,-0.025260029717682042
2023-04-14,1315,1342,1312,1340,130387,0.021341463414634054
2023-04-17,1350,1359,1314,1351,85168,0.008208955223880654
2023-04-18,1351,1385,1335,1350,131689,-0.0007401924500369805
2023-04-19,1352,1387,1350,1381,178766,0.022962962962963074
2023-04-20,1380,1517,1376,1482,3204732,0.07313540912382321
2023-04-21,1656,1926,1599,1926,5866832,0.2995951417004048
2023-04-24,2490,2500,2060,2500,47613198,0.29802699896157847
2023-04-25,2680,3040,2190,2330,46254252,-0.06799999999999995
2023-04-26,2285,3025,2105,2975,63833190,0.2768240343347639
2023-04-27,2710,2895,2100,2200,23350704,-0.26050420168067223
2023-04-28,2240,2455,2130,2155,13532880,-0.020454545454545503
2023-05-02,2090,2260,2040,2185,4688487,0.0139211136890951
2023-05-03,2275,2300,2110,2235,4256254,0.022883295194507935
2023-05-04,2355,2355,1990,2080,4041087,-0.06935123042505598
2023-05-08,2115,2255,2080,2195,4767286,0.05528846153846145
2023-05-09,2260,2270,1991,2030,2500063,-0.0751708428246014
2023-05-10,2120,2200,1990,2185,2354616,0.07635467980295574
2023-05-11,2080,2170,2030,2115,1093102,-0.03203661327231122
2023-05-12,2110,2120,1970,1998,1237171,-0.05531914893617018
2023-05-15,2025,2040,1856,1856,1735424,-0.07107107107107102
2023-05-16,1855,2250,1810,2070,17872892,0.11530172413793105
2023-05-17,2000,2270,1934,2035,8272707,-0.016908212560386437
2023-05-18,1807,1923,1723,1860,3852707,-0.08599508599508598
2023-05-19,1814,2205,1808,1970,23140010,0.05913978494623651
2023-05-22,1970,2070,1959,1980,4194999,0.0050761421319796
2023-05-23,1970,1990,1910,1915,1299314,-0.03282828282828287
2023-05-24,1935,2485,1935,2485,21265189,0.2976501305483028
2023-05-25,2665,3230,2400,2975,94314833,0.19718309859154926
2023-05-26,2970,3690,2885,3195,81872794,0.07394957983193273
2023-05-30,3135,3215,2895,2955,11651274,-0.07511737089201875
2023-05-31,2895,3155,2810,2840,16939801,-0.03891708967851104
2023-06-01,2810,2850,2745,2775,3084090,-0.022887323943661997
2023-06-02,2825,3025,2725,2775,14798894,0.0
2023-06-05,2760,2850,2735,2800,2677235,0.009009009009008917
2023-06-07,2850,2865,2640,2670,3349256,-0.046428571428571375
2023-06-08,2840,2920,2710,2730,8622763,0.022471910112359605
2023-06-09,2730,2880,2730,2765,3466386,0.012820512820512775
2023-06-12,2765,2810,2610,2685,2397419,-0.02893309222423146
2023-06-13,2690,2765,2650,2765,2111607,0.029795158286778367
2023-06-14,2795,3115,2710,2925,20141622,0.05786618444846292
2023-06-15,2825,2880,2775,2795,3316464,-0.0444444444444444
2023-06-16,2795,2815,2705,2755,1462802,-0.014311270125223596
2023-06-19,2770,2965,2750,2915,8033691,0.05807622504537213
2023-06-20,2925,3210,2840,2875,12502183,-0.013722126929674117
2023-06-21,2890,3000,2780,3000,3422591,0.04347826086956519
2023-06-22,3000,3120,2875,2925,3845795,-0.025000000000000022
2023-06-23,2895,2905,2740,2775,1642906,-0.05128205128205132
2023-06-26,2710,2750,2580,2615,1362997,-0.057657657657657624
2023-06-27,2600,2635,2510,2550,902578,-0.0248565965583174
2023-06-28,2520,2585,2480,2580,1122414,0.0117647058823529
2023-06-29,2530,2540,2390,2405,1016336,-0.0678294573643411
2023-06-30,2400,2465,2355,2410,684430,0.0020790020790020236
2023-07-03,2450,2555,2410,2550,713955,0.05809128630705396
2023-07-04,2520,2520,2405,2435,812743,-0.045098039215686225
2023-07-05,2490,2540,2425,2470,550283,0.014373716632443578
2023-07-06,2465,2480,2390,2415,444655,-0.022267206477732837
2023-07-07,2365,2420,2280,2310,543050,-0.04347826086956519
2023-07-10,2315,2450,2245,2420,609226,0.04761904761904767
2023-07-11,2420,2460,2370,2435,396198,0.006198347107438051
2023-07-12,2405,2460,2355,2390,328563,-0.01848049281314168
2023-07-13,2350,2440,2300,2365,478069,-0.010460251046025104
2023-07-14,2405,3070,2405,2935,27755522,0.2410147991543341
2023-07-17,2845,3390,2815,3090,16600320,0.0528109028960817
2023-07-18,3275,3360,2850,3110,8842948,0.006472491909385036
2023-07-19,3150,3185,2690,2750,6776942,-0.11575562700964626
2023-07-20,2930,2935,2640,2775,5615499,0.009090909090909038
2023-07-21,2825,2880,2620,2635,2736286,-0.05045045045045049
2023-07-24,2575,2615,2480,2555,1765996,-0.030360531309297945
2023-07-25,2605,2750,2425,2455,3423177,-0.03913894324853229
2023-07-26,2440,2495,2200,2340,2040453,-0.046843177189409335
2023-07-27,2275,2390,2245,2320,852292,-0.008547008547008517
2023-07-28,2370,2425,2245,2395,629701,0.032327586206896575
2023-07-31,2390,2520,2380,2500,541986,0.04384133611691032
2023-08-01,2455,2515,2395,2495,533012,-0.0020000000000000018
2023-08-02,2485,2580,2450,2500,723250,0.002004008016031955
2023-08-03,2525,2690,2340,2350,1142988,-0.06000000000000005
2023-08-04,2350,2440,2300,2340,560338,-0.004255319148936176
2023-08-07,2410,2555,2340,2545,1367571,0.08760683760683752
2023-08-08,2500,2505,2290,2305,1263106,-0.09430255402750487
2023-08-09,2290,2390,2250,2380,624515,0.03253796095444694
2023-08-10,2335,2440,2300,2315,540002,-0.027310924369747913
2023-08-11,2315,2320,2250,2260,582623,-0.023758099352051865
2023-08-14,2260,2265,2120,2135,630525,-0.05530973451327437
2023-08-16,2140,2155,2030,2065,492200,-0.032786885245901676
2023-08-17,2015,2085,1875,2045,375788,-0.009685230024213065
2023-08-18,2005,2060,1948,2030,312590,-0.007334963325183352
2023-08-21,2025,2150,2015,2015,221352,-0.007389162561576401
2023-08-22,2000,2135,1986,2035,743001,0.00992555831265518
2023-08-23,2055,2055,1983,1984,322381,-0.025061425061425058
2023-08-24,1985,2030,1981,1998,273541,0.007056451612903247
2023-08-25,2020,2125,1994,2015,533973,0.008508508508508594
2023-08-28,2015,2100,1995,2075,320794,0.02977667493796532
2023-08-29,2070,2100,2035,2035,227869,-0.01927710843373498
2023-08-30,2060,2085,2025,2035,159079,0.0
2023-08-31,2035,2070,1989,2000,367339,-0.017199017199017175
2023-09-01,2000,2030,1967,1981,312623,-0.009499999999999953
2023-09-04,1981,1983,1900,1963,170332,-0.009086320040383677
2023-09-05,1998,2015,1965,1995,235268,0.016301579215486584
2023-09-06,1996,2005,1965,1965,161650,-0.015037593984962405
2023-09-07,2030,2030,1960,1965,317102,0.0
2023-09-08,2450,2550,2055,2130,17167658,0.08396946564885499
2023-09-11,2130,2130,2005,2025,1323920,-0.04929577464788737
2023-09-12,2025,2080,1999,2050,760093,0.012345679012345734
2023-09-13,2075,2390,2065,2160,7487450,0.0536585365853659
2023-09-14,2210,2270,2110,2145,1410474,-0.00694444444444442
2023-09-15,2115,2175,2095,2175,578750,0.013986013986013957
2023-09-18,2180,2205,2070,2100,606237,-0.03448275862068961
2023-09-19,2100,2100,2000,2030,402895,-0.033333333333333326
2023-09-20,1970,2025,1960,2015,247503,-0.007389162561576401
2023-09-21,2000,2000,1919,1930,321380,-0.04218362282878407
2023-09-22,1925,1974,1880,1958,157994,0.014507772020725396
2023-09-25,1930,1958,1815,1860,234957,-0.05005107252298269
2023-09-26,1861,1904,1781,1815,260460,-0.024193548387096753
2023-09-27,1852,1899,1785,1840,182416,0.01377410468319562
2023-10-04,1840,1884,1787,1840,166978,0.0
2023-10-05,1821,1857,1745,1759,172322,-0.044021739130434834
2023-10-06,1759,1889,1759,1822,276143,0.03581580443433774
2023-10-10,1823,2030,1823,1962,1007661,0.07683863885839726
2023-10-11,1828,1934,1800,1885,370350,-0.03924566768603466
2023-10-12,1905,1929,1880,1899,152627,0.007427055702917684
2023-10-13,1903,2225,1899,1986,4413582,0.04581358609794628
2023-10-16,1986,2265,1950,2020,4107651,0.017119838872104776
2023-10-17,2020,2060,1980,2025,567320,0.0024752475247524774
2023-10-18,2025,2145,1964,1985,839106,-0.01975308641975304
2023-10-19,1995,2040,1902,1923,499717,-0.031234256926952142
2023-10-20,1923,1975,1861,1868,417462,-0.02860114404576186
2023-10-23,1865,1919,1741,1785,363727,-0.04443254817987152
2023-10-24,1810,1810,1688,1755,235773,-0.01680672268907568
2023-10-25,1760,1870,1712,1789,313632,0.019373219373219452
2023-10-26,1746,1788,1701,1703,185848,-0.04807154835103411
2023-10-27,1700,1725,1678,1685,126514,-0.010569583088667067
2023-10-30,1679,1740,1679,1701,99766,0.00949554896142435
2023-10-31,1701,1734,1649,1658,229648,-0.025279247501469704
2023-11-01,1658,1709,1658,1660,101439,0.0012062726176116367
2023-11-02,1677,1725,1672,1709,133451,0.029518072289156594
2023-11-03,1711,1777,1699,1739,187676,0.017554125219426675
2023-11-06,1734,1779,1712,1740,157859,0.0005750431282345314
2023-11-07,1769,2095,1717,1950,9181051,0.1206896551724137
2023-11-08,1857,1955,1832,1840,1490884,-0.05641025641025643
2023-11-09,1864,1930,1809,1832,520500,-0.004347826086956497
2023-11-10,1842,1915,1702,1720,1368341,-0.06113537117903933
2023-11-13,1713,1739,1650,1651,342993,-0.040116279069767447
2023-11-14,1651,1725,1649,1672,319265,0.012719563900666309
2023-11-15,1708,1735,1674,1713,225980,0.0245215311004785
2023-11-16,1713,1733,1690,1718,115779,0.0029188558085231353
2023-11-17,1702,1730,1680,1688,169538,-0.0174621653084982
2023-11-20,1688,1716,1651,1693,132408,0.002962085308056972
2023-11-21,1690,1720,1684,1695,106773,0.0011813349084466296
2023-11-22,1694,1719,1674,1683,125989,-0.0070796460176991705
2023-11-23,1687,1855,1667,1702,1211867,0.011289364230540722
2023-11-24,1717,1727,1691,1700,219205,-0.001175088131609825
2023-11-27,1705,1709,1670,1678,130952,-0.012941176470588234
2023-11-28,1678,1706,1670,1690,198140,0.007151370679380209
2023-11-29,1690,1699,1674,1681,113972,-0.005325443786982298
2023-11-30,1682,1689,1670,1682,69624,0.0005948839976204212
2023-12-01,1682,1685,1668,1669,81855,-0.007728894173602896
2023-12-04,1764,1800,1672,1684,403842,0.008987417615338611
2023-12-05,1712,1838,1700,1709,1407733,0.014845605700712694
2023-12-06,1729,1729,1680,1709,206030,0.0
2023-12-07,1726,1726,1684,1687,157704,-0.012873025160912821
2023-12-08,1770,1976,1716,1750,3358053,0.03734439834024905
2023-12-11,1729,1766,1722,1735,221428,-0.008571428571428563
2023-12-12,1735,1743,1710,1715,191555,-0.011527377521613813
2023-12-13,1716,1720,1702,1710,117391,-0.002915451895043719
2023-12-14,1699,1719,1698,1699,186030,-0.006432748538011679
