Date,Open,High,Low,Close,Volume,Change
2022-01-03,19250,19350,18000,18200,2155261,0.025352112676056304
2022-01-04,18250,18400,17650,17700,865271,-0.027472527472527486
2022-01-05,17600,17900,16850,17100,1005634,-0.03389830508474578
2022-01-06,16750,17000,16150,16200,611904,-0.052631578947368474
2022-01-07,16300,16750,16250,16650,323534,0.02777777777777768
2022-01-10,17100,18150,16950,17350,2723268,0.04204204204204198
2022-01-11,17350,17950,16700,16750,779839,-0.03458213256484155
2022-01-12,17150,17200,16750,17050,434725,0.017910447761193993
2022-01-13,17000,17050,16600,16750,321536,-0.017595307917888547
2022-01-14,16450,16850,16400,16750,259625,0.0
2022-01-17,16850,17200,16400,16700,473774,-0.0029850746268657025
2022-01-18,16650,16750,15850,16050,458831,-0.038922155688622784
2022-01-19,15750,16250,15550,15750,511680,-0.01869158878504673
2022-01-20,15650,15950,15400,15900,309467,0.00952380952380949
2022-01-21,15600,16150,15500,15550,306637,-0.022012578616352196
2022-01-24,15250,15450,14050,14150,801411,-0.090032154340836
2022-01-25,14250,14450,13450,13600,673216,-0.03886925795053009
2022-01-26,13950,15700,13850,14450,2263124,0.0625
2022-01-27,14600,15050,14100,14950,824260,0.03460207612456756
2022-01-28,15050,15550,14300,14950,707572,0.0
2022-02-03,15250,15600,14900,15450,528619,0.03344481605351168
2022-02-04,16150,16300,15350,15450,862953,0.0
2022-02-07,16050,16450,15400,15550,1072869,0.006472491909385036
2022-02-08,15750,16000,15200,15400,450574,-0.009646302250803873
2022-02-09,15550,15850,15300,15850,359674,0.02922077922077926
2022-02-10,16150,16200,15550,15550,462994,-0.018927444794952675
2022-02-11,15350,15850,15300,15350,280482,-0.012861736334405127
2022-02-14,14700,14850,13750,13750,759499,-0.10423452768729646
2022-02-15,13700,14200,13450,13550,362048,-0.014545454545454528
2022-02-16,14000,15800,13900,15050,2554892,0.11070110701107017
2022-02-17,15650,16000,14850,15600,1797428,0.03654485049833878
2022-02-18,15350,16950,15250,16650,2588703,0.06730769230769229
2022-02-21,16550,16900,16200,16900,1193210,0.01501501501501501
2022-02-22,16300,16750,16050,16150,721108,-0.044378698224852076
2022-02-23,16400,16600,16100,16250,502113,0.006191950464396356
2022-02-24,16000,17100,15800,15850,1581619,-0.024615384615384595
2022-02-25,16450,17350,16250,16900,2844648,0.06624605678233442
2022-02-28,19400,21050,19150,19900,11130912,0.1775147928994083
2022-03-02,19500,20400,18900,19200,3184598,-0.035175879396984966
2022-03-03,20450,20850,19100,19350,3384152,0.0078125
2022-03-04,19350,20750,19050,19700,3687221,0.01808785529715773
2022-03-07,19850,20150,18900,18900,1512956,-0.040609137055837574
2022-03-08,18550,20400,18450,20050,3944952,0.060846560846560926
2022-03-10,22100,23650,20250,20950,9987908,0.04488778054862852
2022-03-11,20850,27200,20800,27200,19176964,0.298329355608592
2022-03-14,27000,27200,25000,26100,8402913,-0.0404411764705882
2022-03-15,25400,26500,24700,25450,3493087,-0.02490421455938696
2022-03-16,25250,25950,24500,25450,2280407,0.0
2022-03-17,25450,25950,24450,25650,2044051,0.007858546168958647
2022-03-18,25350,26050,24950,25100,1694669,-0.021442495126705707
2022-03-21,25300,25500,24350,24500,1206008,-0.0239043824701195
2022-03-22,25300,25500,24350,24500,1593179,0.0
2022-03-23,24550,28700,24050,26300,15895244,0.07346938775510203
2022-03-24,26350,30300,25650,27600,11822899,0.049429657794676896
2022-03-25,28400,29450,27150,27150,3486548,-0.016304347826086918
2022-03-28,27000,27950,26600,26950,1494675,-0.007366482504604033
2022-03-29,26850,27050,25150,25250,1428716,-0.06307977736549164
2022-03-30,25400,26350,24600,24900,1401889,-0.013861386138613874
2022-03-31,24900,25400,24850,25050,833903,0.006024096385542244
2022-04-01,26000,26300,24950,25050,1680932,0.0
2022-04-04,25200,26600,25050,25900,2377441,0.03393213572854292
2022-04-05,25800,25850,24850,25300,761406,-0.02316602316602312
2022-04-06,25400,26000,24900,24950,924891,-0.013833992094861691
2022-04-07,24900,26100,23300,24400,2897904,-0.022044088176352727
2022-04-08,25000,25100,23550,23600,1024503,-0.032786885245901676
2022-04-11,22950,23150,21700,21850,1041142,-0.07415254237288138
2022-04-12,21800,23500,21750,22750,2297595,0.041189931350114506
2022-04-13,22800,24000,22400,23600,1220642,0.03736263736263745
2022-04-14,24000,24600,23400,23650,952725,0.0021186440677967155
2022-04-15,23400,24200,23300,23650,554489,0.0
2022-04-18,23650,24350,23350,23450,862735,-0.008456659619450302
2022-04-19,23550,23600,22600,22950,688865,-0.021321961620469065
2022-04-20,23050,23200,22550,22700,634024,-0.01089324618736387
2022-04-21,23650,26700,23550,24550,9862116,0.08149779735682827
2022-04-22,24050,24150,23050,23200,1300176,-0.05498981670061098
2022-04-25,22500,23500,22300,22500,1266183,-0.030172413793103425
2022-04-26,22700,22900,22100,22100,598509,-0.01777777777777778
2022-04-27,21400,22550,21100,21900,801632,-0.009049773755656076
2022-04-28,21950,22050,21350,21650,447616,-0.011415525114155223
2022-04-29,22350,22650,21550,21650,717950,0.0
2022-05-02,21150,22050,21150,21700,382091,0.002309468822170979
2022-05-03,22150,24200,22050,22300,2843984,0.02764976958525356
2022-05-04,23500,23500,22200,22250,910994,-0.0022421524663677195
2022-05-06,21700,22850,21700,22750,554871,0.022471910112359605
2022-05-09,23150,24150,22500,23400,2026862,0.02857142857142847
2022-05-10,23400,25250,22450,23800,2724990,0.017094017094017033
2022-05-11,23950,24000,22750,23000,789295,-0.03361344537815125
2022-05-12,23350,23500,21500,21550,1053305,-0.06304347826086953
2022-05-13,21550,22000,21000,21650,487150,0.004640371229698292
2022-05-16,21900,22200,21500,21600,387619,-0.002309468822170868
2022-05-17,21550,22050,21500,21750,259110,0.00694444444444442
2022-05-18,21850,21900,21000,21050,386660,-0.03218390804597704
2022-05-19,20350,21350,20300,21100,381660,0.002375296912114022
2022-05-20,22400,22750,21800,22200,1087985,0.05213270142180093
2022-05-23,22650,22800,21050,21150,804268,-0.04729729729729726
2022-05-24,21300,21500,20400,20400,350824,-0.03546099290780147
2022-05-25,20550,20550,19900,20400,237225,0.0
2022-05-26,20400,20850,20100,20200,231264,-0.009803921568627416
2022-05-27,20400,22000,20100,21300,910031,0.054455445544554504
2022-05-30,21600,21700,21150,21200,268015,-0.0046948356807511304
2022-05-31,21250,21700,21150,21250,367846,0.002358490566037652
2022-06-02,21650,21700,21200,21250,312456,0.0
2022-06-03,21450,21500,20650,20850,255977,-0.018823529411764683
2022-06-07,20750,20900,20300,20400,193490,-0.021582733812949617
2022-06-08,20600,21100,20350,20600,282363,0.009803921568627416
2022-06-09,20350,20550,20050,20200,198165,-0.01941747572815533
2022-06-10,20150,20150,19150,19250,401708,-0.04702970297029707
2022-06-13,18500,18750,17900,17900,463478,-0.07012987012987015
2022-06-14,17350,18300,17200,18050,549901,0.008379888268156499
2022-06-15,17700,18000,17150,17300,402083,-0.04155124653739617
2022-06-16,17600,18050,17300,17300,421541,0.0
2022-06-17,16500,17650,16450,17550,316546,0.014450867052023142
2022-06-20,17950,18200,16400,16650,401478,-0.05128205128205132
2022-06-21,16600,17150,16300,16950,333362,0.018018018018018056
2022-06-22,17450,17550,16050,16050,598118,-0.053097345132743334
2022-06-23,16800,18200,15050,15050,2277352,-0.06230529595015577
2022-06-24,14900,16000,14250,15900,677637,0.056478405315614655
2022-06-27,16350,17600,16000,17600,857467,0.10691823899371067
2022-06-28,17850,18800,17500,18300,1090734,0.03977272727272729
2022-06-29,17850,18700,17800,18450,565751,0.008196721311475308
2022-06-30,18900,18900,16900,16950,778761,-0.08130081300813008
2022-07-01,16950,17600,16550,16700,368638,-0.014749262536873142
2022-07-04,16700,16800,15350,15650,427436,-0.06287425149700598
2022-07-05,15650,16100,15100,16050,482278,0.025559105431310014
2022-07-06,16300,16750,15300,15350,525157,-0.04361370716510904
2022-07-07,16050,16900,15800,16750,830407,0.0912052117263844
2022-07-08,17150,17200,16600,16700,354647,-0.0029850746268657025
2022-07-11,16850,17050,16400,16750,270359,0.0029940119760478723
2022-07-12,16500,16800,15800,16750,361702,0.0
2022-07-13,16500,16600,16000,16000,268991,-0.04477611940298509
2022-07-14,16000,16150,15600,15850,243793,-0.009375000000000022
2022-07-15,15850,16050,15350,15550,200762,-0.018927444794952675
2022-07-18,15700,16050,15500,15900,200113,0.022508038585209
2022-07-19,16100,16150,15750,16000,166137,0.0062893081761006275
2022-07-20,16250,16400,16050,16250,200998,0.015625
2022-07-21,16400,16600,16000,16000,168880,-0.01538461538461533
2022-07-22,16150,16250,15900,16000,170750,0.0
2022-07-25,15800,15950,15650,15650,163984,-0.021874999999999978
2022-07-26,16050,16750,15900,16650,655777,0.0638977635782747
2022-07-27,16750,16900,16400,16650,325216,0.0
2022-07-28,16950,18350,16450,18000,1148464,0.08108108108108114
2022-07-29,17600,18100,17250,17850,664241,-0.008333333333333304
2022-08-01,17950,18150,17750,17850,301061,0.0
2022-08-02,18100,18700,16800,16900,1319955,-0.053221288515406195
2022-08-03,16750,17250,16700,17250,283399,0.020710059171597628
2022-08-04,17250,17550,17100,17400,290096,0.008695652173912993
2022-08-05,17450,18000,17200,17900,377155,0.028735632183908066
2022-08-08,17900,18250,17700,18250,292324,0.019553072625698276
2022-08-09,18150,18400,17850,18400,378398,0.008219178082191858
2022-08-10,18400,19200,18250,18700,921583,0.016304347826086918
2022-08-11,19500,19700,18950,19100,773784,0.021390374331550888
2022-08-12,19400,19800,19000,19200,515954,0.005235602094240788
2022-08-16,19800,20150,19200,19850,803606,0.03385416666666674
2022-08-17,20000,20350,19600,19900,509203,0.0025188916876575096
2022-08-18,19500,20100,19400,20100,285410,0.01005025125628145
2022-08-19,20250,20300,19300,19300,334183,-0.03980099502487566
2022-08-22,19100,19500,18850,19000,278417,-0.015544041450777257
2022-08-23,18800,20500,18700,20250,925262,0.06578947368421062
2022-08-24,20250,20800,19800,20800,626903,0.02716049382716057
2022-08-25,20800,21250,20600,21250,621774,0.02163461538461542
2022-08-26,21650,21700,20150,20200,876541,-0.04941176470588238
2022-08-29,19300,20350,19200,19900,483962,-0.014851485148514865
2022-08-30,20200,20450,19750,19850,236769,-0.002512562814070307
2022-08-31,19650,20400,19600,20350,288675,0.025188916876574208
2022-09-01,20300,20450,19200,19200,278333,-0.05651105651105648
2022-09-02,19300,19550,18800,18800,327488,-0.02083333333333337
2022-09-05,18550,19050,18100,18400,219110,-0.021276595744680882
2022-09-06,18300,18800,18250,18250,203561,-0.008152173913043459
2022-09-07,18050,18200,17050,17150,439055,-0.0602739726027397
2022-09-08,17350,17750,17000,17250,292548,0.005830903790087438
2022-09-13,17450,17700,17350,17650,160126,0.023188405797101463
2022-09-14,16950,17250,16850,17050,161681,-0.03399433427762044
2022-09-15,17250,17600,17150,17300,160519,0.014662756598240456
2022-09-16,17100,17250,16550,16600,175096,-0.040462427745664775
2022-09-19,16550,16900,15850,15950,267164,-0.03915662650602414
2022-09-20,16000,16600,15950,16500,186171,0.034482758620689724
2022-09-21,16400,17000,16400,16500,175156,0.0
2022-09-22,16250,16700,15950,16550,150862,0.003030303030302939
2022-09-23,16500,16500,15600,15700,197393,-0.051359516616314216
2022-09-26,15300,15500,14200,14350,361165,-0.0859872611464968
2022-09-27,14250,14650,13800,14450,283878,0.006968641114982521
2022-09-28,14450,14550,13250,13450,354562,-0.0692041522491349
2022-09-29,13950,14550,13700,13700,277550,0.018587360594795488
2022-09-30,13500,14350,13450,14000,314845,0.021897810218978186
2022-10-04,14500,14600,14150,14550,182321,0.03928571428571437
2022-10-05,14750,14800,13950,14050,202817,-0.03436426116838487
2022-10-06,14250,14500,14100,14400,148625,0.02491103202846978
2022-10-07,14200,14400,14000,14150,149587,-0.01736111111111116
2022-10-11,13600,13800,12950,13100,227674,-0.0742049469964664
2022-10-12,13100,13300,12900,13100,169201,0.0
2022-10-13,12900,13000,12100,12200,312500,-0.06870229007633588
2022-10-14,12550,12850,12400,12800,151000,0.049180327868852514
2022-10-17,12450,12900,12200,12900,136752,0.0078125
2022-10-18,13150,13200,12700,13000,181025,0.007751937984496138
2022-10-19,13050,13200,12700,12750,179727,-0.019230769230769273
2022-10-20,13350,15000,13200,13850,2649119,0.08627450980392148
2022-10-21,14150,14300,13400,13550,545355,-0.02166064981949456
2022-10-24,13750,13950,13500,13900,351829,0.02583025830258312
2022-10-25,13100,13250,12650,12800,541984,-0.07913669064748197
2022-10-26,13150,13450,12750,12800,416906,0.0
2022-10-27,12950,13200,12950,13000,200248,0.015625
2022-10-28,13150,13400,13000,13150,221272,0.011538461538461497
2022-10-31,12850,12950,12550,12950,223882,-0.01520912547528519
2022-11-01,14700,15100,13700,14400,2191234,0.11196911196911197
2022-11-02,14050,14150,13200,13200,564973,-0.08333333333333337
2022-11-03,12950,13800,12850,13350,524190,0.011363636363636465
2022-11-04,13300,13500,13150,13200,200225,-0.011235955056179803
2022-11-07,13250,13550,13200,13400,252118,0.015151515151515138
2022-11-08,13500,13950,13400,13900,338832,0.03731343283582089
2022-11-09,14000,14250,13800,13900,491838,0.0
2022-11-10,13700,14300,13650,13900,314009,0.0
2022-11-11,14400,14450,14050,14250,287658,0.02517985611510798
2022-11-14,14400,14550,14050,14100,313195,-0.010526315789473717
2022-11-15,14350,14450,14150,14400,268571,0.02127659574468077
2022-11-16,14600,14800,14200,14650,365187,0.01736111111111116
2022-11-17,14650,14650,14050,14050,248781,-0.04095563139931746
2022-11-18,14050,14150,13650,13650,233142,-0.028469750889679735
2022-11-21,13650,13800,13300,13400,154492,-0.01831501831501836
2022-11-22,13350,14400,13350,14150,473425,0.05597014925373145
2022-11-23,14150,14250,13950,13950,150515,-0.014134275618374548
2022-11-24,14050,14200,13950,14050,111653,0.007168458781362075
2022-11-25,14150,14600,14050,14200,262868,0.01067615658362997
2022-11-28,14150,14200,13650,13700,135995,-0.035211267605633756
2022-11-29,13550,13850,13500,13750,78309,0.0036496350364962904
2022-11-30,13800,13950,13650,13750,79439,0.0
2022-12-01,13950,14050,13800,13850,113344,0.0072727272727273196
2022-12-02,13850,13900,13500,13500,105981,-0.02527075812274371
2022-12-05,13550,13650,13350,13400,82114,-0.007407407407407418
2022-12-06,13300,13350,13000,13050,110917,-0.026119402985074647
2022-12-07,13000,13150,12800,13050,82169,0.0
2022-12-08,12950,13100,12700,12850,79010,-0.01532567049808431
2022-12-09,12900,13050,12600,12850,79933,0.0
2022-12-12,12900,13050,12750,13000,81352,0.011673151750972721
2022-12-13,13250,13750,13050,13150,289297,0.011538461538461497
2022-12-14,13100,13450,13050,13350,110977,0.015209125475285079
2022-12-15,13700,13950,13400,13450,322347,0.0074906367041198685
2022-12-16,13100,13500,13100,13500,99184,0.0037174721189590088
2022-12-19,13400,13500,13150,13150,70997,-0.025925925925925908
2022-12-20,13000,13250,12750,12850,86765,-0.02281368821292773
2022-12-21,12950,12950,12550,12600,101436,-0.01945525291828798
2022-12-22,12700,12800,12600,12650,70350,0.003968253968253954
2022-12-23,12450,12550,12150,12200,143455,-0.035573122529644285
2022-12-26,12100,12200,12000,12000,129382,-0.016393442622950838
2022-12-27,12000,12350,12000,12250,111121,0.02083333333333326
2022-12-28,12150,12750,12100,12350,161189,0.008163265306122547
2022-12-29,12350,12550,11900,12000,105244,-0.028340080971659964
2023-01-02,12050,12200,11450,11500,135927,-0.04166666666666663
2023-01-03,11500,11750,11050,11550,116821,0.004347826086956497
2023-01-04,11350,12050,11350,11850,101438,0.025974025974025983
2023-01-05,11850,12050,11650,11800,57453,-0.00421940928270037
2023-01-06,11650,12250,11650,12150,83312,0.029661016949152463
2023-01-09,12200,12550,12150,12550,123072,0.03292181069958855
2023-01-10,12950,13050,12550,12800,226974,0.019920318725099584
2023-01-11,13000,13150,12850,13050,174699,0.01953125
2023-01-12,13350,13450,13100,13100,181232,0.003831417624521105
2023-01-13,13200,13550,13150,13450,160928,0.026717557251908497
2023-01-16,13950,14000,13000,13000,501826,-0.03345724907063197
2023-01-17,13200,13250,12800,12850,130972,-0.011538461538461497
2023-01-18,12850,12900,12600,12650,114668,-0.015564202334630295
2023-01-19,12800,13100,12650,12650,185405,0.0
2023-01-20,12650,12750,12550,12750,69791,0.007905138339920903
2023-01-25,12760,12900,12600,12740,117777,-0.0007843137254901489
2023-01-26,12770,12930,12700,12930,101274,0.01491365777080067
2023-01-27,12980,13190,12800,12920,128566,-0.0007733952049496784
2023-01-30,12970,13080,12850,12940,87761,0.001547987616099089
2023-01-31,12750,13030,12750,12950,68803,0.0007727975270479526
2023-02-01,13040,13040,12750,12770,111664,-0.013899613899613916
2023-02-02,12790,12930,12770,12840,106059,0.005481597494126911
2023-02-03,12810,12930,12710,12710,99824,-0.010124610591900285
2023-02-06,12720,12720,12410,12420,100656,-0.022816679779701032
2023-02-07,12360,12500,12350,12380,89891,-0.0032206119162641045
2023-02-08,12430,12540,12380,12440,65000,0.004846526655896577
2023-02-09,12360,12390,12230,12240,79460,-0.01607717041800638
2023-02-10,12240,12290,11940,11980,137742,-0.021241830065359513
2023-02-13,11940,12140,11940,12070,60389,0.0075125208681134925
2023-02-14,12080,12210,12070,12100,93674,0.0024855012427507095
2023-02-15,12050,12150,11650,11670,149805,-0.035537190082644665
2023-02-16,11710,11860,11710,11770,72408,0.00856898029134534
2023-02-17,11650,12000,11600,11790,72057,0.001699235344095218
2023-02-20,11750,12000,11650,12000,76804,0.01781170483460559
2023-02-21,12000,12170,11980,12020,73856,0.0016666666666667052
2023-02-22,11890,11980,11820,11860,62885,-0.01331114808652245
2023-02-23,11870,11870,11700,11850,59864,-0.000843170320404707
2023-02-24,11860,11980,11660,11690,71219,-0.013502109704641385
2023-02-27,11690,11700,11400,11450,96327,-0.020530367835757013
2023-02-28,11500,11600,11450,11520,79283,0.006113537117903967
2023-03-02,11480,11750,11450,11610,103291,0.0078125
2023-03-03,11650,11760,11490,11730,99378,0.010335917312661591
2023-03-06,11810,12030,11730,12020,177766,0.024722932651321416
2023-03-07,12060,12060,11810,11990,86244,-0.0024958402662229595
2023-03-08,11880,12410,11820,12340,364215,0.029190992493744794
2023-03-09,12440,14040,12400,13400,2091318,0.0858995137763372
2023-03-10,13170,13870,13070,13250,678454,-0.011194029850746245
2023-03-13,13250,13830,13100,13650,575882,0.030188679245283012
2023-03-14,13450,14340,12540,12560,1254810,-0.0798534798534799
2023-03-15,12900,13450,12890,13240,336143,0.05414012738853513
2023-03-16,13270,13530,12760,13360,294186,0.009063444108761365
2023-03-17,13450,13660,13190,13500,265364,0.010479041916167775
2023-03-20,13380,13720,13300,13700,322964,0.014814814814814836
2023-03-21,13630,13630,13190,13190,226333,-0.037226277372262806
2023-03-22,13300,13300,12890,12890,223283,-0.022744503411675554
2023-03-23,12900,12910,12400,12500,241122,-0.03025601241272302
2023-03-24,12510,13050,12510,12910,244209,0.03279999999999994
2023-03-27,12800,12880,12260,12450,247585,-0.035631293570875244
2023-03-28,12450,12810,12330,12790,187281,0.027309236947791193
2023-03-29,12840,13550,12580,13330,337640,0.04222048475371376
2023-03-30,13350,13440,12940,13140,239642,-0.014253563390847712
2023-03-31,13230,16160,13210,15020,8268168,0.14307458143074592
2023-04-03,14710,15130,14440,14900,1103239,-0.007989347536617841
2023-04-04,15070,16270,15060,15740,2924181,0.05637583892617459
2023-04-05,15460,15520,14920,15280,731111,-0.029224904701397714
2023-04-06,15090,16780,15030,15600,2429198,0.020942408376963373
2023-04-07,15790,15880,15450,15630,428098,0.0019230769230769162
2023-04-10,15630,15800,14820,15650,773188,0.001279590531030106
2023-04-11,15730,16150,15540,15810,614103,0.010223642172523917
2023-04-12,15810,16710,15810,16100,1518480,0.01834282099936746
2023-04-13,16380,16390,15750,16060,474439,-0.00248447204968949
2023-04-14,16160,16560,15900,16300,396593,0.014943960149439661
2023-04-17,16910,17350,16000,16460,1364377,0.009815950920245342
2023-04-18,16510,16510,15380,15530,526625,-0.05650060753341435
2023-04-19,15510,15870,15260,15350,308243,-0.011590470057952329
2023-04-20,15670,16350,15110,15290,749866,-0.003908794788273662
2023-04-21,15430,15970,14900,15720,534176,0.028122956180510084
2023-04-24,15880,15990,15340,15430,344258,-0.01844783715012721
2023-04-25,15890,16050,14510,14960,562563,-0.03046014257939078
2023-04-26,14700,14800,13980,13980,320890,-0.06550802139037437
2023-04-27,13630,13760,12950,13420,443759,-0.04005722460658079
2023-04-28,13570,13710,13000,13090,282152,-0.024590163934426257
2023-05-02,12900,13160,12720,12990,212838,-0.007639419404125269
2023-05-03,12990,13010,12560,12630,186843,-0.02771362586605086
2023-05-04,12650,15780,12650,13700,5160600,0.08471892319873309
2023-05-08,13560,13640,13330,13330,472714,-0.02700729927007295
2023-05-09,13320,13440,12860,13070,251226,-0.019504876219054723
2023-05-10,13070,13650,13070,13220,404946,0.011476664116296886
2023-05-11,13710,15540,13400,14190,5894948,0.07337367624810898
2023-05-12,14030,14370,13680,14040,549143,-0.010570824524312905
2023-05-15,14340,15080,14150,14410,1390258,0.026353276353276334
2023-05-16,14830,15330,14560,14940,1338259,0.03678001387925045
2023-05-17,15120,15280,14610,14740,498274,-0.01338688085676043
2023-05-18,14810,15140,14610,14770,344253,0.002035278154681075
2023-05-19,14900,15500,14800,15390,647628,0.04197698036560604
2023-05-22,15260,15500,15060,15270,355306,-0.007797270955165692
2023-05-23,15290,15480,14850,14900,327674,-0.024230517354289494
2023-05-24,14760,15000,14650,14720,156144,-0.012080536912751683
2023-05-25,14700,14800,14360,14550,158306,-0.01154891304347827
2023-05-26,14460,14530,14170,14310,154745,-0.016494845360824795
2023-05-30,14320,14610,14320,14540,120143,0.01607267645003496
2023-05-31,14540,14790,14410,14490,92538,-0.00343878954607979
2023-06-01,14560,14800,14490,14610,132708,0.008281573498964745
2023-06-02,14700,14710,14500,14560,110117,-0.003422313483915085
2023-06-05,14650,14930,14600,14900,214433,0.02335164835164827
2023-06-07,15090,15150,14830,15040,213526,0.00939597315436247
2023-06-08,15040,15400,14870,15090,340104,0.0033244680851063357
2023-06-09,15280,15700,15090,15430,554621,0.022531477799867528
2023-06-12,15420,15430,14700,14790,341115,-0.04147764095917039
2023-06-13,14850,15110,14690,14720,213802,-0.0047329276538201626
2023-06-14,14840,14840,14150,14350,210280,-0.025135869565217406
2023-06-15,14430,14580,14160,14270,70907,-0.0055749128919860835
2023-06-16,14350,14790,14350,14760,150345,0.034337771548703655
2023-06-19,14750,14980,14600,14930,176720,0.011517615176151796
2023-06-20,14970,15350,14870,14930,324604,0.0
2023-06-21,14930,14940,14500,14500,139749,-0.028801071667783007
2023-06-22,14450,14490,14000,14050,158243,-0.03103448275862064
2023-06-23,14120,14260,13750,13860,110458,-0.013523131672597888
2023-06-26,13830,13900,13660,13840,73585,-0.0014430014430014682
2023-06-27,13840,14130,13770,13920,69742,0.005780346820809301
2023-06-28,14200,14230,13800,13900,81592,-0.001436781609195359
2023-06-29,13900,13920,13450,13450,126282,-0.03237410071942448
2023-06-30,13530,13580,13380,13540,67097,0.006691449814126393
2023-07-03,13550,13780,13540,13680,73097,0.010339734121122657
2023-07-04,13810,13820,13440,13470,97590,-0.015350877192982448
2023-07-05,13530,13540,13120,13130,114575,-0.025241276911655564
2023-07-06,13130,13310,12850,12880,85743,-0.01904036557501909
2023-07-07,12890,13330,12880,13260,88110,0.029503105590062084
2023-07-10,13390,13830,13390,13690,163972,0.03242835595776783
2023-07-11,14250,14900,14230,14780,1022307,0.0796201607012419
2023-07-12,14770,14940,14200,14300,237529,-0.03247631935047357
2023-07-13,14400,14880,14230,14830,230098,0.037062937062937173
2023-07-14,14660,14660,13800,14050,238753,-0.052596089008766
2023-07-17,14050,14050,13780,13800,84728,-0.017793594306049876
2023-07-18,13730,13910,13540,13550,101520,-0.018115942028985477
2023-07-19,13510,13810,13500,13570,57451,0.0014760147601475815
2023-07-20,13570,13710,13500,13630,47556,0.004421518054531948
2023-07-21,13580,13580,13210,13220,92660,-0.030080704328686703
2023-07-24,13150,13220,12600,12620,223730,-0.0453857791225416
2023-07-25,12510,12900,12500,12610,118639,-0.0007923930269413404
2023-07-26,12590,12590,11550,11730,266604,-0.06978588421887388
2023-07-27,11580,12090,11580,11870,103187,0.011935208866155067
2023-07-28,11650,12460,11650,12340,75839,0.03959561920808752
2023-07-31,12420,12550,12360,12480,73567,0.011345218800648205
2023-08-01,12510,12690,12280,12530,74035,0.004006410256410353
2023-08-02,12850,14740,12810,13490,3335261,0.07661612130885875
2023-08-03,13310,14100,12880,12960,817479,-0.039288361749444056
2023-08-04,12740,13340,12530,12800,282067,-0.012345679012345734
2023-08-07,13010,13320,12880,12980,213932,0.014062500000000089
2023-08-08,12900,13220,12510,12550,217475,-0.03312788906009245
2023-08-09,12650,12650,12400,12580,100225,0.0023904382470119057
2023-08-10,12430,12670,12280,12280,121469,-0.02384737678855331
2023-08-11,12250,12460,12120,12340,80937,0.004885993485342022
2023-08-14,12400,12730,12160,12220,150689,-0.00972447325769854
2023-08-16,12200,12770,12010,12470,263083,0.020458265139116305
2023-08-17,12200,12380,11810,12010,158753,-0.0368885324779471
2023-08-18,11800,12080,11750,11890,91544,-0.009991673605328932
2023-08-21,11820,12020,11820,11890,85741,0.0
2023-08-22,11910,12080,11780,11930,97574,0.003364171572750152
2023-08-23,11850,12320,11850,11930,140376,0.0
2023-08-24,12290,12320,11890,12050,105532,0.010058675607711676
2023-08-25,11850,12180,11850,11990,91196,-0.004979253112033177
2023-08-28,12260,13190,12220,12720,650533,0.06088407005838192
2023-08-29,12780,12970,12540,12780,171812,0.004716981132075526
2023-08-30,12800,13110,12720,12720,90313,-0.0046948356807511304
2023-08-31,12900,13150,12570,12600,214442,-0.009433962264150941
2023-09-01,13000,13230,12580,12580,239893,-0.0015873015873015817
2023-09-04,12510,12660,12500,12540,64153,-0.0031796502384737746
2023-09-05,12680,12680,12400,12450,67372,-0.0071770334928229484
2023-09-06,12390,12590,12320,12350,61672,-0.008032128514056214
2023-09-07,12270,12480,12090,12370,98227,0.0016194331983805377
2023-09-08,12460,12570,12300,12330,57934,-0.003233629749393674
2023-09-11,12470,12750,12370,12450,104798,0.009732360097323589
2023-09-12,12450,12540,12100,12100,99980,-0.028112449799196804
2023-09-13,12220,12300,11970,12000,39680,-0.008264462809917328
2023-09-14,12000,12200,12000,12040,27073,0.0033333333333334103
2023-09-15,12030,12190,12020,12090,45080,0.004152823920265725
2023-09-18,12200,12780,12140,12250,168398,0.013234077750206685
2023-09-19,13150,14000,12570,12640,1391456,0.03183673469387749
2023-09-20,12820,13870,12450,13260,1445456,0.049050632911392444
2023-09-21,13480,15640,13120,14200,8272382,0.07088989441930615
2023-09-22,13900,14400,13050,13080,1203211,-0.07887323943661972
2023-09-25,13050,13500,12460,12550,509040,-0.040519877675840976
2023-09-26,12510,12680,12040,12240,304846,-0.024701195219123506
2023-09-27,11990,12320,11940,12300,142364,0.004901960784313708
2023-10-04,12290,12390,11790,11830,259569,-0.038211382113821135
2023-10-05,11900,12010,11500,11530,196776,-0.025359256128486884
2023-10-06,11350,11740,11350,11560,169059,0.002601908065914982
2023-10-10,11590,11890,11110,11200,214611,-0.03114186851211076
2023-10-11,11310,11640,11300,11630,93718,0.03839285714285712
2023-10-12,11680,11850,11620,11750,83958,0.010318142734307756
2023-10-13,12100,12180,11650,11660,196569,-0.007659574468085073
2023-10-16,11460,11590,11360,11370,109614,-0.02487135506003435
2023-10-17,11380,11900,11370,11520,144753,0.013192612137203241
2023-10-18,11500,11840,11420,11430,120120,-0.0078125
2023-10-19,11290,11290,10850,10880,165210,-0.04811898512685919
2023-10-20,10600,10860,10400,10500,262515,-0.03492647058823528
2023-10-23,10320,10870,10320,10630,124798,0.012380952380952381
2023-10-24,10630,10900,10320,10900,139226,0.02539981185324547
2023-10-25,10910,10980,10800,10830,51566,-0.006422018348623881
2023-10-26,10500,10740,10400,10570,95263,-0.024007386888273308
2023-10-27,10520,10670,10350,10480,74968,-0.008514664143803197
2023-10-30,10380,10570,10330,10520,64389,0.003816793893129722
2023-10-31,10590,10630,10220,10250,100644,-0.025665399239543696
2023-11-01,10300,10490,10250,10310,62179,0.005853658536585371
2023-11-02,10430,10690,10430,10690,67053,0.036857419980601325
2023-11-03,10800,10870,10530,10850,72258,0.014967259120673537
2023-11-06,10990,11200,10890,11180,117854,0.030414746543778737
2023-11-07,11210,11230,10730,10910,90701,-0.02415026833631484
2023-11-08,10950,10950,10500,10680,60033,-0.02108157653528875
2023-11-09,10680,10680,10510,10600,45113,-0.0074906367041198685
2023-11-10,10480,10560,10350,10370,55835,-0.02169811320754722
2023-11-13,10390,10510,10120,10170,60165,-0.01928640308582452
2023-11-14,10180,10370,10180,10350,49318,0.017699115044247815
2023-11-15,10500,10660,10410,10650,67971,0.02898550724637672
2023-11-16,10840,10930,10640,10810,77692,0.015023474178403662
2023-11-17,10880,11050,10760,10820,73172,0.0009250693802034249
2023-11-20,10730,10990,10730,10890,58955,0.006469500924214389
2023-11-21,10890,10950,10730,10900,45216,0.0009182736455464191
2023-11-22,10900,10910,10750,10820,30168,-0.007339449541284404
2023-11-23,10900,11060,10890,10920,50297,0.009242144177449063
2023-11-24,10890,11210,10850,11010,66316,0.008241758241758212
2023-11-27,11000,11170,10930,11020,53907,0.0009082652134422275
2023-11-28,11050,11230,11020,11200,74360,0.016333938294010864
2023-11-29,11290,11290,10960,11010,71706,-0.016964285714285765
2023-11-30,10950,11060,10950,11030,41269,0.0018165304268846771
2023-12-01,11140,11140,10970,10990,43704,-0.0036264732547597323
2023-12-04,11090,11420,11090,11230,132590,0.021838034576888044
2023-12-05,11110,11380,11080,11200,127150,-0.00267141585040076
2023-12-06,11500,11550,10830,11130,232195,-0.006249999999999978
2023-12-07,11070,11330,10940,11240,98483,0.009883198562443907
2023-12-08,11260,11290,11060,11120,61183,-0.010676156583629859
2023-12-11,11100,11190,11020,11110,81033,-0.0008992805755395628
2023-12-12,11300,11390,11080,11080,86893,-0.0027002700270026825
2023-12-13,11050,11080,10880,10880,66369,-0.018050541516245522
2023-12-14,10940,11070,10880,10910,53781,0.0027573529411764053
2023-12-15,10880,11030,10870,11000,58531,0.008249312557286892
2023-12-18,11100,11150,10910,11110,64829,0.010000000000000009
2023-12-19,11020,11100,10980,10980,42042,-0.011701170117011661
2023-12-20,11000,11140,10980,11060,75272,0.007285974499089187
2023-12-21,11130,11320,11030,11100,159879,0.003616636528029016
2023-12-22,11110,11250,11010,11080,88883,-0.0018018018018017834
2023-12-26,11090,12600,11010,11410,2197308,0.029783393501805033
2023-12-27,11220,11350,11070,11220,246793,-0.016652059596844904
2023-12-28,11180,11630,11140,11580,249748,0.03208556149732611
2024-01-02,11580,11660,11410,11650,109981,0.006044905008635526
2024-01-03,11500,11800,11500,11580,109018,-0.006008583690987113
2024-01-04,11580,11710,11500,11600,90855,0.0017271157167531026
2024-01-05,11530,11660,11420,11600,108410,0.0
2024-01-08,11750,11750,11570,11590,95507,-0.0008620689655172153
2024-01-09,11560,11840,11530,11750,114717,0.01380500431406384
2024-01-10,11830,11830,11540,11580,88502,-0.014468085106382977
2024-01-11,11560,11770,11540,11600,81376,0.0017271157167531026
2024-01-12,11600,11680,11350,11600,105410,0.0
2024-01-15,11680,12320,11640,12130,391294,0.045689655172413746
2024-01-16,12070,12220,11780,12120,188108,-0.0008244023083264773
2024-01-17,12140,12140,11610,11620,164735,-0.041254125412541254
2024-01-18,11780,12530,11780,11900,315203,0.024096385542168752
2024-01-19,11910,12450,11910,12310,309578,0.03445378151260514
2024-01-22,12360,12420,12180,12330,181002,0.0016246953696181787
2024-01-23,12330,12440,12200,12300,185192,-0.0024330900243308973
2024-01-24,12300,12320,11950,12060,116254,-0.019512195121951237
2024-01-25,12070,12100,11630,11920,110821,-0.011608623548922004
2024-01-26,11920,12100,11860,11900,58994,-0.001677852348993314
2024-01-29,12150,12260,11750,11870,139377,-0.0025210084033613356
2024-01-30,12020,12020,11520,11580,89419,-0.024431339511373218
2024-01-31,11450,11680,11330,11340,74806,-0.020725388601036232
2024-02-01,11340,11710,11310,11700,93358,0.031746031746031855
2024-02-02,11700,12010,11640,11990,118857,0.0247863247863247
2024-02-05,12040,12040,11710,11720,61190,-0.02251876563803168
2024-02-06,11690,11780,11350,11500,69811,-0.018771331058020424
2024-02-07,11500,11780,11380,11730,58319,0.020000000000000018
2024-02-08,11630,11780,11530,11690,30007,-0.0034100596760443525
2024-02-13,11600,11790,11580,11730,68311,0.0034217279726260763
2024-02-14,11580,11750,11560,11740,41333,0.0008525149190110604
2024-02-15,11750,12130,11680,12050,168435,0.026405451448040962
2024-02-16,11880,11970,11750,11860,68785,-0.01576763485477184
2024-02-19,11930,12150,11880,12010,86859,0.012647554806070715
2024-02-20,11910,12080,11720,11820,72711,-0.01582014987510405
2024-02-21,11810,12020,11750,11970,80808,0.012690355329949332
2024-02-22,11970,12390,11900,12120,309980,0.012531328320801949
2024-02-23,12370,12390,11900,12100,175651,-0.0016501650165016146
2024-02-26,12390,12390,11960,11980,121071,-0.00991735537190086
2024-02-27,11960,12050,11670,11740,90174,-0.02003338898163609
2024-02-28,11700,11820,11670,11740,62047,0.0
2024-02-29,11720,11730,11610,11630,45068,-0.009369676320272524
2024-03-04,11610,11680,11520,11550,69808,-0.006878761822871837
2024-03-05,11530,11620,11430,11490,62869,-0.0051948051948051965
2024-03-06,11500,11680,11430,11520,70378,0.0026109660574411553
2024-03-07,11530,11670,11050,11090,119629,-0.03732638888888884
2024-03-08,11200,12310,10930,11230,894081,0.012623985572587815
2024-03-11,11240,12200,11060,11800,609702,0.05075690115761344
2024-03-12,11840,11980,11650,11880,144068,0.006779661016949046
2024-03-13,11900,12560,11850,12370,573851,0.04124579124579131
2024-03-14,12620,12950,12440,12690,613749,0.025869037995149613
2024-03-15,12770,12770,12300,12320,217276,-0.029156816390858986
2024-03-18,13470,14030,12910,13000,1689570,0.05519480519480524
2024-03-19,13210,13390,12580,12650,382733,-0.02692307692307694
2024-03-20,12520,12570,12300,12340,190381,-0.02450592885375491
2024-03-21,12410,12610,12340,12520,166057,0.014586709886547755
2024-03-22,12490,12690,12410,12520,109199,0.0
2024-03-25,12520,12770,12420,12700,153035,0.01437699680511173
2024-03-26,12600,12750,12300,12350,137973,-0.027559055118110187
2024-03-27,12340,12450,12210,12380,81614,0.0024291497975708065
2024-03-28,12690,13180,12610,12690,442651,0.025040387722132573
2024-03-29,12690,12850,12370,12420,169289,-0.021276595744680882
2024-04-01,12650,12820,12500,12670,137612,0.020128824476650653
2024-04-02,12540,12630,12090,12100,212780,-0.044988161010260486
2024-04-03,12800,13000,12310,12480,822537,0.03140495867768589
2024-04-04,12590,13100,12540,13000,541638,0.04166666666666674
2024-04-05,12730,13940,12720,13520,1161323,0.040000000000000036
2024-04-08,13810,13810,12900,13130,380526,-0.028846153846153855
2024-04-09,13050,13190,12610,12610,342701,-0.03960396039603964
2024-04-11,12200,12270,11560,11680,468289,-0.07375099127676443
2024-04-12,11680,11980,11470,11790,210086,0.009417808219178037
2024-04-15,11670,11760,11470,11740,143030,-0.004240882103477506
2024-04-16,11510,11590,11170,11260,181808,-0.040885860306643984
2024-04-17,11270,11430,11060,11060,149830,-0.017761989342806372
2024-04-18,11080,11740,11080,11650,165201,0.05334538878842676
2024-04-19,11680,11680,11300,11670,107986,0.0017167381974247942
2024-04-22,11820,12340,11740,12210,247923,0.046272493573264795
2024-04-23,12100,12200,11930,12040,87075,-0.013923013923013872
2024-04-24,12200,12290,12100,12290,100868,0.020764119601328845
2024-04-25,12220,12620,12170,12370,158280,0.006509357200976451
2024-04-26,12410,12620,12290,12550,110594,0.014551333872271588
2024-04-29,12650,13080,12610,12870,259590,0.025498007968127512
2024-04-30,12870,12970,12620,12710,146540,-0.012432012432012418
2024-05-02,12780,12870,12600,12650,86727,-0.004720692368214041
2024-05-03,12660,12700,12420,12620,90275,-0.002371541501976271
2024-05-07,12730,13040,12510,13020,166059,0.031695721077654504
2024-05-08,13090,13630,13060,13370,409206,0.026881720430107503
2024-05-09,13350,13480,12940,13040,201787,-0.024682124158563967
2024-05-10,13110,13150,12810,12820,103328,-0.016871165644171793
2024-05-13,12860,13500,12860,13320,354692,0.03900156006240252
2024-05-14,13460,13460,13090,13200,131199,-0.009009009009009028
2024-05-16,13290,13630,13250,13400,227687,0.015151515151515138
2024-05-17,13400,13570,13090,13190,146502,-0.015671641791044744
2024-05-20,13450,13600,13050,13070,194782,-0.0090978013646702
2024-05-21,13100,13190,12860,12990,96806,-0.006120887528691665
2024-05-22,12980,13550,12980,13190,326197,0.015396458814472602
2024-05-23,13620,13640,13180,13310,331255,0.00909780136467031
2024-05-24,13150,13610,12770,13540,277451,0.017280240420736392
2024-05-27,14020,14880,13900,14170,2181803,0.04652880354505173
2024-05-28,14380,15140,13710,14400,1380905,0.016231474947071334
2024-05-29,15120,15200,13800,13830,1351227,-0.039583333333333304
2024-05-30,13700,14200,13280,13530,424347,-0.021691973969631184
2024-05-31,13530,14020,13310,13560,333721,0.0022172949002217113
2024-06-03,13940,13980,13360,13440,255676,-0.008849557522123908
2024-06-04,13220,13350,12410,12540,520256,-0.0669642857142857
2024-06-05,12410,12570,12260,12410,197813,-0.010366826156299802
2024-06-07,12410,12660,12370,12380,162003,-0.00241740531829171
2024-06-10,12410,12940,12370,12850,303387,0.03796445880452337
2024-06-11,12940,13040,12580,12600,206679,-0.01945525291828798
2024-06-12,12760,12890,12600,12710,148727,0.0087301587301587
2024-06-13,12750,12750,12430,12450,121425,-0.020456333595594067
2024-06-14,12450,12630,12340,12450,107141,0.0
2024-06-17,12600,12650,12320,12350,79530,-0.008032128514056214
2024-06-18,12350,12460,12110,12370,121440,0.0016194331983805377
2024-06-19,12490,12810,12360,12750,215408,0.03071948261924007
2024-06-20,12750,12760,12350,12600,80490,-0.0117647058823529
2024-06-21,12590,12680,12330,12400,97775,-0.015873015873015928
2024-06-24,12340,12400,12080,12110,80535,-0.023387096774193594
2024-06-25,12020,12170,11900,12070,66222,-0.003303055326176696
2024-06-26,12140,12220,12010,12050,49025,-0.001657000828500399
2024-06-27,12050,12080,11760,11770,127839,-0.023236514522821605
2024-06-28,11780,12020,11740,11930,83132,0.0135938827527613
2024-07-01,12020,12100,11850,11890,59495,-0.0033528918692372622
2024-07-02,11940,11960,11520,11630,116641,-0.02186711522287632
2024-07-03,11690,11740,11400,11480,84710,-0.012897678417884806
2024-07-04,11500,11550,11380,11460,70402,-0.0017421602787456303
2024-07-05,11460,11700,11420,11700,72035,0.020942408376963373
2024-07-08,11780,12300,11750,12170,186125,0.04017094017094025
2024-07-09,12530,12930,12200,12760,571959,0.04847986852917008
2024-07-10,12890,12890,12400,12800,319200,0.0031347962382444194
2024-07-11,12910,12960,12510,12580,148344,-0.017187500000000022
2024-07-12,12510,12870,12270,12490,150323,-0.007154213036565937
2024-07-15,12740,12890,12560,12680,219470,0.015212169735788539
2024-07-16,12830,12840,11830,12120,265676,-0.04416403785488954
2024-07-17,12110,12480,12000,12010,168857,-0.009075907590759047
2024-07-18,13400,13420,11950,11980,876471,-0.0024979184013321776
2024-07-19,11940,12040,11540,11540,176596,-0.036727879799666074
2024-07-22,11730,11800,11400,11440,135765,-0.008665511265164683
2024-07-23,11520,11640,11400,11420,62097,-0.0017482517482517723
2024-07-24,11380,11420,11260,11290,91755,-0.011383537653239961
2024-07-25,11230,11290,10950,10950,122620,-0.030115146147032812
2024-07-26,10960,11180,10950,11070,57514,0.010958904109588996
2024-07-29,11110,11240,11030,11130,41769,0.005420054200542035
2024-07-30,11000,11130,10970,11030,39190,-0.008984725965858087
2024-07-31,11100,11290,11030,11050,57230,0.0018132366273799772
2024-08-01,11060,11190,11030,11080,69479,0.002714932126696823
2024-08-02,10960,11000,10450,10470,98269,-0.05505415162454874
2024-08-05,10330,10330,8510,8680,291720,-0.1709646609360076
2024-08-06,8680,9490,8680,9340,158100,0.07603686635944706
2024-08-07,9200,9760,9200,9650,80727,0.03319057815845827
2024-08-08,9500,9790,9350,9590,55267,-0.006217616580310836
2024-08-09,9680,9850,9680,9800,55965,0.021897810218978186
2024-08-12,9820,10070,9800,9960,52783,0.01632653061224487
2024-08-13,9970,10050,9810,9920,43807,-0.004016064257028162
2024-08-14,9950,10130,9930,10120,37875,0.02016129032258074
2024-08-16,10220,10250,10130,10200,36726,0.007905138339920903
2024-08-19,10270,10270,9900,9970,47082,-0.022549019607843168
2024-08-20,10000,10170,10000,10110,34186,0.014042126379137487
2024-08-21,10110,10150,9900,10090,32425,-0.001978239366963397
2024-08-22,10090,10160,9830,9910,59264,-0.01783944499504464
2024-08-23,9900,9970,9700,9970,33150,0.006054490413723412
2024-08-26,9910,9970,9580,9630,81458,-0.034102306920762326
2024-08-27,9500,9770,9390,9690,61465,0.006230529595015577
2024-08-28,9700,9870,9530,9620,40741,-0.007223942208462342
2024-08-29,9620,9640,9330,9430,59201,-0.01975051975051978
2024-08-30,9430,9670,9430,9590,32845,0.016967126193001114
2024-09-02,9650,9660,9520,9550,29375,-0.004171011470281538
2024-09-03,9470,9720,9470,9520,37967,-0.003141361256544517
2024-09-04,9250,9560,9120,9260,84448,-0.027310924369747913
2024-09-05,9230,9310,8950,9010,54845,-0.02699784017278617
2024-09-06,8920,9070,8710,8830,39335,-0.019977802441731418
2024-09-09,8520,8980,8520,8920,29453,0.010192525481313774
2024-09-10,8970,8970,8730,8730,27513,-0.02130044843049328
2024-09-11,8700,8900,8660,8690,27839,-0.004581901489117968
2024-09-12,8710,9380,8710,9370,77177,0.07825086306098972
2024-09-13,9490,9590,9290,9550,92836,0.019210245464247544
2024-09-19,9660,10230,9600,9820,123038,0.02827225130890043
2024-09-20,9740,9910,9470,9500,90317,-0.03258655804480648
2024-09-23,9590,9990,9440,9480,58367,-0.002105263157894721
2024-09-24,9370,9550,9370,9480,46554,0.0
2024-09-25,9490,9650,9370,9400,33132,-0.008438818565400852
2024-09-26,9510,9620,9470,9610,44436,0.022340425531914843
2024-09-27,9610,9610,9410,9440,31772,-0.01768990634755463
2024-09-30,9440,9490,9300,9310,31418,-0.013771186440677985
2024-10-02,9220,9250,9030,9040,35052,-0.029001074113856107
2024-10-04,9000,9160,9000,9090,38332,0.005530973451327359
2024-10-07,9110,9320,9030,9200,24417,0.012101210121012063
2024-10-08,9170,9280,9110,9120,14643,-0.008695652173912993
2024-10-10,9130,9200,9010,9010,24430,-0.01206140350877194
2024-10-11,8960,9080,8940,8970,28020,-0.004439511653718142
2024-10-14,8970,9060,8920,9000,28249,0.0033444816053511683
2024-10-15,9030,9230,9010,9100,38079,0.011111111111111072
2024-10-16,9080,9350,9010,9210,78152,0.012087912087912045
2024-10-17,10120,10120,9450,9450,330471,0.026058631921824116
2024-10-18,9470,9620,9260,9260,74776,-0.02010582010582007
2024-10-21,9580,9890,9510,9650,179094,0.04211663066954641
2024-10-22,9760,11870,9760,10620,4331072,0.10051813471502591
2024-10-23,10570,10740,10190,10600,531268,-0.0018832391713747842
2024-10-24,10400,10800,10310,10430,346871,-0.016037735849056656
2024-10-25,10370,10540,10060,10110,259477,-0.030680728667305868
2024-10-28,10090,11090,10090,10650,630798,0.05341246290801194
2024-10-29,10820,11280,10500,10530,416518,-0.011267605633802802
2024-10-30,10610,10660,10230,10260,125622,-0.02564102564102566
2024-10-31,9800,10080,9780,9910,269152,-0.03411306042884987
2024-11-01,10120,10240,9680,9730,156011,-0.01816347124117057
2024-11-04,9790,9950,9570,9950,91012,0.02261048304213764
2024-11-05,9930,10230,9840,10180,84415,0.02311557788944718
2024-11-06,10220,10460,10150,10430,189232,0.024557956777996104
2024-11-07,10660,10770,10000,10400,180456,-0.0028763183125599667
2024-11-08,10400,10450,10200,10310,93114,-0.008653846153846123
2024-11-11,10340,10510,10150,10220,101630,-0.008729388942773975
2024-11-12,10120,10320,9900,10120,135278,-0.009784735812133127
2024-11-13,10160,10700,9890,10630,569404,0.05039525691699609
2024-11-14,10600,10700,10260,10440,285142,-0.017873941674506066
2024-11-15,10350,10430,9720,10030,248184,-0.039272030651340994
2024-11-18,10000,10330,9900,10070,101279,0.003988035892322994
2024-11-19,10210,10490,10150,10310,136862,0.02383316782522349
2024-11-20,10330,10570,10060,10130,125472,-0.01745877788554806
2024-11-21,10130,10280,9900,9920,89568,-0.02073050345508387
2024-11-22,9920,10410,9920,10150,110111,0.02318548387096775
2024-11-25,10260,10270,10130,10170,76001,0.0019704433497536034
2024-11-26,10170,10170,9920,9980,145445,-0.01868239921337267
2024-11-27,10000,10040,9730,9790,101257,-0.019038076152304573
2024-11-28,9790,9890,9650,9700,105796,-0.009193054136874323
2024-11-29,9730,9770,9180,9320,161011,-0.039175257731958735
2024-12-02,9590,9590,9020,9070,75052,-0.02682403433476399
2024-12-03,8990,9280,8990,9210,38055,0.015435501653803696
2024-12-04,8700,9000,8130,8250,440298,-0.10423452768729646
2024-12-05,8320,8400,8020,8050,145209,-0.024242424242424288
2024-12-06,8050,8210,7250,7460,428357,-0.07329192546583851
2024-12-09,7400,7550,6900,7110,293006,-0.046916890080428986
2024-12-10,7110,7500,7110,7450,102776,0.047819971870604716
2024-12-11,7460,7840,7420,7730,148509,0.037583892617449655
2024-12-12,7830,8020,7730,7940,104142,0.027166882276843385
2024-12-13,7840,7990,7770,7870,80910,-0.008816120906801062
2024-12-16,7850,8110,7840,8100,84368,0.029224904701397714
2024-12-17,8150,8150,7930,8040,47600,-0.007407407407407418
2024-12-18,8100,8160,8000,8110,47413,0.008706467661691475
2024-12-19,7970,8130,7920,8100,42607,-0.0012330456226880004
2024-12-20,8270,8320,7970,8020,97754,-0.00987654320987652
2024-12-23,8030,8330,8030,8310,81758,0.03615960099750626
2024-12-24,8260,8550,8210,8250,41693,-0.0072202166064981865
2024-12-26,8260,8330,8160,8180,46678,-0.00848484848484854
2024-12-27,8010,8180,7860,7910,52139,-0.0330073349633252
2024-12-30,7900,8000,7770,7970,32184,0.007585335018963413
2025-01-02,7970,8150,7890,8050,27211,0.010037641154328814
2025-01-03,7980,8230,7980,8100,33539,0.006211180124223503
2025-01-06,8170,8300,8110,8230,48569,0.016049382716049276
2025-01-07,8240,8340,8190,8200,36596,-0.0036452004860266785
2025-01-08,8120,8190,8020,8150,39614,-0.0060975609756097615
2025-01-09,8210,8330,8010,8280,74658,0.01595092024539868
2025-01-10,8650,8900,8440,8510,268851,0.02777777777777768
2025-01-13,8660,9710,8570,9210,1434313,0.08225616921269086
2025-01-14,9080,9350,9030,9220,213620,0.0010857763300760048
2025-01-15,9050,9190,8930,8980,149466,-0.026030368763557465
2025-01-16,9120,9280,9040,9120,105342,0.015590200445434244
2025-01-17,9510,10180,9350,9530,1031141,0.04495614035087714
2025-01-20,9610,9940,9510,9520,306816,-0.0010493179433368471
2025-01-21,9570,9650,9460,9500,119399,-0.0021008403361344463
2025-01-22,9640,9930,9590,9690,233592,0.020000000000000018
2025-01-23,9750,9970,9520,9600,179984,-0.009287925696594423
2025-01-24,9840,9920,9570,9660,134341,0.006250000000000089
2025-01-31,9410,9480,9240,9370,100896,-0.03002070393374745
2025-02-03,9200,9350,9030,9040,118978,-0.03521878335112061
2025-02-04,9110,9350,9090,9320,111337,0.030973451327433565
2025-02-05,9320,9320,9050,9110,66771,-0.022532188841201672
2025-02-06,9410,9810,9400,9460,172004,0.03841931942919863
2025-02-07,9380,9380,9100,9140,99544,-0.03382663847780132
2025-02-10,9170,9230,9020,9170,57500,0.003282275711159688
2025-02-11,9280,9280,9080,9170,42303,0.0
2025-02-12,9170,9250,9040,9190,50389,0.0021810250817884125
2025-02-13,9190,9330,9180,9200,46664,0.0010881392818280489
2025-02-14,9170,9630,9120,9400,177725,0.021739130434782705
2025-02-17,9250,9450,9060,9450,101066,0.005319148936170137
2025-02-18,9630,9750,9490,9550,161853,0.010582010582010692
2025-02-19,9770,9780,9370,9560,81747,0.0010471204188482464
2025-02-20,9450,9560,9210,9310,72534,-0.026150627615062816
2025-02-21,9310,9440,9250,9350,32137,0.004296455424275036
2025-02-24,9180,9340,9170,9250,60909,-0.010695187165775444
2025-02-25,9160,9350,9100,9270,45481,0.00216216216216214
2025-02-26,9160,9300,9110,9170,46366,-0.010787486515641875
2025-02-27,9170,9260,9060,9110,45377,-0.0065430752453653485
2025-02-28,9000,9030,8820,9030,85787,-0.008781558726673966
2025-03-04,8980,9030,8700,8870,35276,-0.017718715393133966
2025-03-05,8800,9170,8800,9170,56860,0.03382187147688831
2025-03-06,9170,9420,9170,9270,81269,0.010905125408942284
2025-03-07,9120,9880,9080,9590,215061,0.034519956850054045
2025-03-10,9590,9610,9220,9300,52644,-0.030239833159541152
2025-03-11,8890,9110,8850,9060,51675,-0.02580645161290318
2025-03-12,9100,9290,8980,9020,77352,-0.004415011037527616
2025-03-13,9160,9180,8930,8950,35701,-0.0077605321507761005
2025-03-14,8950,9180,8950,9170,43879,0.024581005586592264
2025-03-17,9220,9320,9030,9100,48508,-0.007633587786259555
2025-03-18,9030,9130,8930,9080,30511,-0.00219780219780219
2025-03-19,9080,9200,9040,9090,40946,0.0011013215859030367
2025-03-20,9090,9130,8970,8980,47345,-0.012101210121012063
2025-03-21,8980,9160,8760,9040,64135,0.006681514476614803
2025-03-24,8980,9040,8920,8930,26412,-0.012168141592920345
2025-03-25,8900,9050,8790,8810,49933,-0.013437849944008984
2025-03-26,8810,8960,8705,8900,28093,0.010215664018161208
2025-03-27,8800,9180,8700,8700,100390,-0.022471910112359605
2025-03-28,8750,8750,8470,8530,41640,-0.019540229885057436
2025-03-31,8420,8480,8250,8250,44499,-0.03282532239155922
2025-04-01,8250,8550,8240,8450,31126,0.024242424242424176
2025-04-02,8500,8530,8250,8330,18248,-0.014201183431952646
2025-04-03,8330,8330,8110,8220,20929,-0.013205282112845107
2025-04-04,8220,8350,7880,8190,51570,-0.0036496350364964014
2025-04-07,8070,8070,7540,7590,65273,-0.07326007326007322
2025-04-08,7650,8010,7640,7800,53446,0.027667984189723382
2025-04-09,7720,7820,7320,7600,29823,-0.02564102564102566
2025-04-10,7960,8070,7850,8070,35038,0.06184210526315792
2025-04-11,8010,8300,7970,8300,26686,0.028500619578686548
2025-04-14,8330,8410,7840,8410,22581,0.013253012048192847
2025-04-15,8450,8750,8420,8740,37760,0.03923900118906065
2025-04-16,8740,8780,8610,8670,15741,-0.008009153318077833
2025-04-17,8690,8820,8640,8820,19482,0.01730103806228378
2025-04-18,9020,9300,8960,9200,113480,0.04308390022675734
2025-04-21,9250,9290,8990,9000,41582,-0.021739130434782594
2025-04-22,8800,9010,8800,8890,29606,-0.012222222222222245
2025-04-23,9010,9150,8980,9050,27441,0.017997750281214753
2025-04-24,9090,9230,8990,9170,30530,0.013259668508287303
2025-04-25,9410,9570,9220,9250,51176,0.008724100327153872
2025-04-28,9320,9430,9180,9280,39718,0.00324324324324321
2025-04-29,9300,9390,8720,9260,30621,-0.0021551724137931494
2025-04-30,9350,9370,9150,9180,26463,-0.008639308855291628
2025-05-02,9570,9600,9000,9160,88276,-0.002178649237472796
2025-05-07,8580,8950,8580,8790,63816,-0.04039301310043664
2025-05-08,8820,8900,8750,8900,19756,0.012514220705347023
2025-05-09,8900,8920,8710,8790,29263,-0.012359550561797716
2025-05-12,8850,9150,8850,9050,37546,0.029579067121729308
2025-05-13,9150,9150,8980,9030,20628,-0.0022099447513812542
2025-05-14,9090,9270,9090,9200,38622,0.01882613510520481
2025-05-15,9250,9260,9050,9140,32623,-0.006521739130434745
2025-05-16,9230,9900,9200,9820,284844,0.07439824945295404
2025-05-19,10750,11240,9860,10100,684442,0.02851323828920571
2025-05-20,10000,10880,10000,10590,442372,0.04851485148514856
2025-05-21,10900,10900,10470,10560,188715,-0.0028328611898017497
2025-05-22,10450,11470,10140,10590,617567,0.0028409090909091717
2025-05-23,11030,11960,10610,11150,1146995,0.05288007554296503
2025-05-26,13610,13790,12060,12250,2150240,0.09865470852017943
2025-05-27,12070,12990,12040,12660,745718,0.033469387755102
2025-05-28,13080,13080,11640,11730,616107,-0.07345971563981046
2025-05-29,11720,11920,11410,11720,299277,-0.0008525149190110604
2025-05-30,11560,11620,11190,11300,202226,-0.03583617747440271
2025-06-02,10910,11370,10760,11100,188260,-0.017699115044247815
2025-06-04,10930,11210,10750,11120,202559,0.0018018018018017834
2025-06-05,11790,11940,10800,11340,438762,0.019784172661870603
2025-06-09,11360,11490,10960,11050,224488,-0.025573192239858877
2025-06-10,11080,11090,10800,10990,116989,-0.005429864253393646
2025-06-11,11020,11290,10880,11190,148999,0.018198362147406666
2025-06-12,11720,12410,11530,11770,869576,0.05183199285075957
2025-06-13,11790,11850,11320,11820,272828,0.004248088360237823
2025-06-16,0,0,0,11820,0,0.0
2025-06-17,0,0,0,11820,0,0.0
2025-06-18,0,0,0,11820,0,0.0
2025-06-19,0,0,0,11820,0,0.0
2025-06-20,0,0,0,11820,0,0.0
2025-06-23,0,0,0,11820,0,0.0
2025-06-24,0,0,0,11820,0,0.0
2025-06-25,0,0,0,11820,0,0.0
2025-06-26,0,0,0,11820,0,0.0
2025-06-27,0,0,0,11820,0,0.0
2025-06-30,0,0,0,11820,0,0.0
2025-07-01,0,0,0,11820,0,0.0
2025-07-02,0,0,0,11820,0,0.0
2025-07-03,0,0,0,11820,0,0.0
2025-07-04,0,0,0,11820,0,0.0
2025-07-07,0,0,0,11820,0,0.0
2025-07-08,0,0,0,11820,0,0.0
2025-07-09,0,0,0,11820,0,0.0
2025-07-10,0,0,0,11820,0,0.0
2025-07-11,0,0,0,11820,0,0.0
2025-07-14,0,0,0,11820,0,0.0
2025-07-15,0,0,0,11820,0,0.0
2025-07-16,0,0,0,11820,0,0.0
2025-07-17,0,0,0,11820,0,0.0
2025-07-18,0,0,0,11820,0,0.0
2025-07-21,0,0,0,11820,0,0.0
2025-07-22,0,0,0,11820,0,0.0
2025-07-23,11440,11650,10300,11080,286287,-0.06260575296108295
2025-07-24,11460,11580,11190,11190,138448,0.009927797833934937
2025-07-25,11210,11300,10740,10740,89319,-0.04021447721179627
2025-07-28,10650,10710,10050,10160,139543,-0.054003724394785846
2025-07-29,9910,10270,9750,10070,118468,-0.008858267716535417
2025-07-30,10050,10120,9900,9950,53342,-0.011916583912611745
2025-07-31,10010,10120,9940,10090,38413,0.014070351758793898
2025-08-01,10040,10040,9570,9620,79764,-0.04658077304261643
2025-08-04,9560,9960,9530,9870,43082,0.02598752598752596
2025-08-05,9990,10080,9810,10050,25428,0.01823708206686936
2025-08-06,10200,10500,10070,10350,70820,0.029850746268656803
2025-08-07,10400,10480,10320,10380,28791,0.0028985507246377384
2025-08-08,10380,10410,10270,10360,36215,-0.0019267822736031004
2025-08-11,10490,10750,10390,10600,60375,0.02316602316602312
2025-08-12,10600,10780,10210,10320,57208,-0.026415094339622636
2025-08-13,10320,10400,10200,10380,29506,0.005813953488372103
2025-08-14,10320,10410,10170,10270,25490,-0.010597302504816941
2025-08-18,10190,10460,10190,10300,30752,0.0029211295034079487
2025-08-19,10190,10190,9800,9870,75831,-0.041747572815533984
2025-08-20,9330,9470,8970,9400,132242,-0.04761904761904767
2025-08-21,9330,9980,9310,9720,119162,0.03404255319148941
2025-08-22,10030,10370,9890,10340,98569,0.06378600823045266
2025-08-25,11080,11220,10590,10760,159518,0.04061895551257244
2025-08-26,10440,11300,10290,10670,136161,-0.008364312267657992
2025-08-27,10790,10830,10480,10580,98342,-0.008434864104967188
2025-08-28,11200,11290,10860,10880,234604,0.02835538752362954
2025-08-29,11100,11320,10760,11080,139986,0.018382352941176405
2025-09-01,10970,11420,10910,10950,150077,-0.011732851985559511
2025-09-02,10960,11170,10850,10920,59858,-0.002739726027397249
2025-09-03,10940,11310,10920,11120,95661,0.01831501831501825
2025-09-04,11870,12210,11680,11890,448795,0.06924460431654667
2025-09-05,11750,11800,11490,11550,158164,-0.028595458368376736
2025-09-08,11420,11620,11150,11250,102832,-0.025974025974025983
2025-09-09,11050,11330,10900,11240,120173,-0.000888888888888939
2025-09-10,11240,11290,11060,11290,76267,0.004448398576512469
2025-09-11,11280,11290,10670,10750,187641,-0.047829937998228544
2025-09-12,10460,10570,10200,10520,166406,-0.021395348837209283
2025-09-15,10410,10580,10060,10180,100611,-0.03231939163498099
2025-09-16,10320,10510,10300,10390,102010,0.02062868369351678
2025-09-17,10390,10390,10180,10250,45647,-0.013474494706448459
2025-09-18,10340,10340,10180,10220,33629,-0.0029268292682926855
2025-09-19,10350,10420,10100,10220,89294,0.0
2025-09-22,10480,10670,10330,10330,111645,0.010763209393346296
2025-09-23,10280,10540,10260,10340,83048,0.0009680542110357404
2025-09-24,10440,10980,10320,10910,253028,0.05512572533849136
2025-09-25,11080,11080,10610,10710,79413,-0.018331805682859748
2025-09-26,10750,10750,10330,10450,78767,-0.024276377217553713
2025-09-29,10420,10430,10180,10430,65026,-0.00191387559808609
2025-09-30,10430,10440,10220,10270,29300,-0.015340364333652934
2025-10-01,10300,10470,10040,10220,216021,-0.004868549172346692
2025-10-02,10220,10220,10030,10110,69501,-0.010763209393346407
2025-10-10,10200,10570,10040,10460,128935,0.034619188921859445
2025-10-13,10350,10820,10170,10650,91214,0.018164435946462776
2025-10-14,10860,11200,10580,10800,140733,0.014084507042253502
2025-10-15,10820,11450,10820,11440,250623,0.059259259259259345
2025-10-16,11800,11810,11240,11350,170256,-0.00786713286713292
2025-10-17,11060,11210,10660,10820,103091,-0.04669603524229071
2025-10-20,10880,11000,10600,10720,96476,-0.009242144177449174
2025-10-21,11510,11630,11000,11030,223342,0.028917910447761264
2025-10-22,11040,11350,10810,11340,89524,0.02810516772438798
2025-10-23,11150,11250,10950,11050,88162,-0.025573192239858877
2025-10-24,11230,11560,11130,11330,132201,0.025339366515837014
2025-10-27,11590,11800,11410,11740,181357,0.03618711385701667
2025-10-28,11650,11820,11530,11740,101009,0.0
2025-10-29,12020,12250,11510,12000,277380,0.022146507666098714
2025-10-30,12100,12100,11140,11270,204280,-0.060833333333333295
2025-10-31,11390,11390,11030,11100,77366,-0.015084294587400127
2025-11-03,11190,11240,11020,11020,75795,-0.007207207207207245
2025-11-04,10890,10970,10760,10790,89032,-0.020871143375680634
2025-11-05,10600,10630,10100,10390,135882,-0.03707136237256714
2025-11-06,10610,10610,10170,10300,69966,-0.008662175168431152
2025-11-07,10120,10310,9950,10190,106609,-0.010679611650485477
2025-11-10,10320,10410,10180,10390,50359,0.01962708537782132
2025-11-11,10420,10540,10160,10230,124530,-0.015399422521655493
2025-11-12,10240,10300,10160,10240,33078,0.0009775171065493637
2025-11-13,10200,10390,10090,10360,82300,0.01171875
2025-11-14,10170,10520,10060,10430,90734,0.006756756756756799
