Date,Open,High,Low,Close,Volume,Change
2022-01-03,32450,33100,32450,32900,497232,0.013867488443759735
2022-01-04,33050,33150,32550,33000,390519,0.003039513677811634
2022-01-05,32850,33150,32250,32550,529087,-0.013636363636363669
2022-01-06,32250,32800,31750,31950,588969,-0.018433179723502335
2022-01-07,31750,34050,31750,33800,1478773,0.05790297339593109
2022-01-10,33900,34500,33750,33800,945691,0.0
2022-01-11,33850,34350,33500,33900,725101,0.002958579881656709
2022-01-12,34000,34350,33750,33850,525214,-0.001474926253687281
2022-01-13,34000,35200,33900,34850,1502087,0.02954209748892178
2022-01-14,34800,35800,34500,35750,1618778,0.02582496413199431
2022-01-17,35950,35950,34900,34950,1052894,-0.02237762237762242
2022-01-18,34950,35900,34700,35000,772067,0.0014306151645206988
2022-01-19,34500,35300,34450,34800,647135,-0.005714285714285672
2022-01-20,35600,37750,35300,37400,3483644,0.07471264367816088
2022-01-21,37100,37450,36400,37100,1426803,-0.008021390374331583
2022-01-24,36950,37350,35250,35500,1559579,-0.04312668463611857
2022-01-25,35500,35800,34150,34850,1272629,-0.018309859154929553
2022-01-26,34900,35200,34200,34550,881083,-0.008608321377331474
2022-01-27,34900,35150,33400,33400,994586,-0.03328509406657021
2022-01-28,33750,35850,33500,35600,1530493,0.06586826347305386
2022-02-03,36050,36100,34050,34700,1404515,-0.0252808988764045
2022-02-04,34500,36450,34250,36100,768701,0.04034582132564846
2022-02-07,36100,37800,35700,37150,1767360,0.02908587257617734
2022-02-08,37150,37550,36500,36800,766381,-0.009421265141319024
2022-02-09,36900,37150,36400,36650,517858,-0.0040760869565217295
2022-02-10,36750,37350,36450,36600,624013,-0.0013642564802183177
2022-02-11,36400,36650,35250,35450,958117,-0.031420765027322384
2022-02-14,34500,36150,34450,35350,809267,-0.0028208744710860323
2022-02-15,35450,35650,34100,34800,776965,-0.01555869872701554
2022-02-16,35250,35300,34050,34800,1029992,0.0
2022-02-17,34750,35850,34500,35250,979349,0.012931034482758674
2022-02-18,34850,35300,34250,34950,508934,-0.008510638297872353
2022-02-21,34350,34900,34200,34600,485761,-0.010014306151645225
2022-02-22,34250,34400,33100,33450,957187,-0.033236994219653204
2022-02-23,33750,33800,33200,33650,455910,0.005979073243647326
2022-02-24,33250,33400,32800,32900,772028,-0.022288261515601815
2022-02-25,33450,34750,33300,34350,807961,0.04407294832826758
2022-02-28,34950,37500,34700,37100,2367482,0.08005822416302766
2022-03-02,37550,38300,37200,37650,1834672,0.014824797843665749
2022-03-03,37100,37950,36450,37650,962039,0.0
2022-03-04,37650,39400,37450,38600,2161241,0.025232403718459473
2022-03-07,38900,39250,38000,38350,1240437,-0.006476683937823857
2022-03-08,38050,38550,36500,36650,1502799,-0.044328552803129084
2022-03-10,36950,38100,35800,37300,1722706,0.017735334242837686
2022-03-11,37750,38500,37200,38400,1381633,0.029490616621983934
2022-03-14,39000,39450,38300,38600,1065798,0.005208333333333259
2022-03-15,38650,38700,36700,37150,995014,-0.03756476683937826
2022-03-16,37350,37550,36500,37250,664789,0.0026917900403768957
2022-03-17,37000,39450,36700,38900,2137041,0.04429530201342291
2022-03-18,38950,40600,38600,39900,2072239,0.02570694087403602
2022-03-21,40200,40800,39750,39850,1208230,-0.0012531328320801727
2022-03-22,39850,43600,39800,43000,3633874,0.0790464240903388
2022-03-23,43050,43650,42650,43000,1430942,0.0
2022-03-24,43000,43550,42450,43100,794527,0.0023255813953488857
2022-03-25,43450,44000,42550,43400,1058232,0.006960556844547661
2022-03-28,43400,45450,43250,45050,2290105,0.03801843317972353
2022-03-29,45100,45450,41600,41600,3082099,-0.07658157602663707
2022-03-30,41200,42450,40750,42300,1391999,0.016826923076923128
2022-03-31,42650,44000,41900,42300,1438924,0.0
2022-04-01,42500,42650,41200,41850,1024306,-0.010638297872340385
2022-04-04,42000,42250,41400,42050,493894,0.004778972520907976
2022-04-05,42150,42150,40900,40950,780037,-0.026159334126040434
2022-04-06,40950,43500,40850,43100,1390173,0.05250305250305254
2022-04-07,43000,43100,41600,41800,902760,-0.030162412993039456
2022-04-08,42100,42450,41400,41750,577536,-0.0011961722488038617
2022-04-11,41800,41800,40300,41350,794537,-0.009580838323353325
2022-04-12,40850,41750,40800,41400,463936,0.0012091898428052694
2022-04-13,41400,43100,41400,42600,897599,0.02898550724637672
2022-04-14,43000,43050,42250,43000,621124,0.009389671361502261
2022-04-15,42850,44850,42150,44150,1631550,0.02674418604651163
2022-04-18,44500,45150,44150,44850,1144255,0.015855039637599155
2022-04-19,45050,45250,43800,44800,865744,-0.0011148272017836858
2022-04-20,44800,44800,43050,43400,1157284,-0.03125
2022-04-21,43400,43850,43150,43700,492218,0.00691244239631339
2022-04-22,43050,43700,42600,43350,423334,-0.008009153318077833
2022-04-25,42550,43350,42200,43050,524206,-0.00692041522491349
2022-04-26,43650,44600,43250,43650,812588,0.013937282229965264
2022-04-27,42900,44400,42600,43850,663742,0.004581901489117968
2022-04-28,44550,44550,43050,43550,592819,-0.0068415051311288
2022-04-29,43150,44350,43100,43850,490864,0.006888633754305484
2022-05-02,44500,47450,44450,46450,3208794,0.05929304446978345
2022-05-03,47100,47750,46150,47200,1619153,0.016146393972013007
2022-05-04,47300,48700,46650,48150,1750174,0.020127118644067687
2022-05-06,47800,48950,47300,48500,1091440,0.007268951194184803
2022-05-09,48600,49950,48300,48800,1578796,0.006185567010309256
2022-05-10,48150,49000,47850,48350,1179680,-0.009221311475409832
2022-05-11,47950,48300,45750,46150,1613494,-0.04550155118924504
2022-05-12,46100,47500,46050,46450,1363056,0.00650054171180936
2022-05-13,47000,47500,45500,47300,806313,0.01829924650161474
2022-05-16,48050,48150,46200,47700,814576,0.008456659619450413
2022-05-17,47650,47900,47250,47850,498423,0.003144654088050425
2022-05-18,48000,48150,47300,47300,683521,-0.011494252873563204
2022-05-19,46250,46950,46250,46650,565723,-0.01374207188160681
2022-05-20,46800,47600,46800,47300,582504,0.013933547695605508
2022-05-23,48250,49800,48000,48850,1486340,0.03276955602537002
2022-05-24,49250,49250,48250,48250,650361,-0.0122824974411464
2022-05-25,48950,51000,48900,50700,2138504,0.050777202072538774
2022-05-26,51200,51400,50100,51300,1028838,0.01183431952662728
2022-05-27,51300,51700,50700,51300,696074,0.0
2022-05-30,51800,52700,51100,51800,772283,0.00974658869395717
2022-05-31,52000,52500,51200,52500,736308,0.013513513513513598
2022-06-02,52300,53800,51900,52900,909489,0.007619047619047636
2022-06-03,53000,53200,50900,52300,1260294,-0.011342155009451793
2022-06-07,53300,57700,53200,56900,3711671,0.08795411089866167
2022-06-08,56800,57500,55900,56900,953704,0.0
2022-06-09,56900,59000,56500,57900,1632417,0.017574692442882345
2022-06-10,57800,59000,57200,58100,1126017,0.003454231433505983
2022-06-13,59100,60000,57300,58100,1888678,0.0
2022-06-14,57100,57700,53300,56800,2068564,-0.022375215146299476
2022-06-15,57500,57800,53800,54600,1915245,-0.03873239436619713
2022-06-16,53500,55900,52500,54900,1870420,0.005494505494505475
2022-06-17,53500,55300,53400,54300,1434389,-0.010928961748633892
2022-06-20,55700,56300,53700,54900,1425432,0.011049723756906049
2022-06-21,55000,55200,51000,53600,2220817,-0.023679417122040025
2022-06-22,54100,54200,50900,51500,1958806,-0.03917910447761197
2022-06-23,51100,52600,50100,50400,1568988,-0.021359223300970842
2022-06-24,50700,51700,49950,50800,1017092,0.007936507936507908
2022-06-27,51600,52800,50900,52000,828410,0.023622047244094446
2022-06-28,52000,55200,51500,54600,1326026,0.050000000000000044
2022-06-29,54200,55500,53900,54600,1186272,0.0
2022-06-30,55100,55700,53500,53800,892433,-0.0146520146520146
2022-07-01,54800,58000,54800,56800,2412142,0.055762081784386686
2022-07-04,57300,57600,50500,50800,2727578,-0.10563380281690138
2022-07-05,50500,51400,47600,51300,2423772,0.009842519685039353
2022-07-06,50300,51300,48450,49450,1558732,-0.03606237816764135
2022-07-07,49750,50700,49400,49850,815633,0.008088978766430666
2022-07-08,50600,50900,48800,49450,935276,-0.008024072216649913
2022-07-11,49950,50300,48500,49550,647389,0.002022244691607611
2022-07-12,49200,49350,47550,47750,1030203,-0.03632694248234103
2022-07-13,47850,48150,46800,47500,863612,-0.005235602094240788
2022-07-14,47150,49200,46800,48300,1201493,0.01684210526315799
2022-07-15,48650,49000,47650,48500,599814,0.0041407867494824835
2022-07-18,49450,50800,49150,50700,936126,0.0453608247422681
2022-07-19,52000,53000,50800,51600,1737419,0.01775147928994092
2022-07-20,52200,52400,48200,48900,2752647,-0.05232558139534882
2022-07-21,48750,49500,48550,49200,880809,0.006134969325153339
2022-07-22,49350,51700,49250,50800,1714583,0.03252032520325199
2022-07-25,51900,54800,51400,53800,2515827,0.059055118110236116
2022-07-26,53900,54900,53000,53700,1261695,-0.0018587360594795044
2022-07-27,54300,54500,52000,54300,1265664,0.011173184357541999
2022-07-28,54800,56600,53700,55200,1731389,0.016574585635359185
2022-07-29,55100,57800,54400,57000,2693788,0.032608695652173836
2022-08-01,57200,59700,56800,58100,2086472,0.019298245614035148
2022-08-02,58100,59600,57600,58200,1383187,0.001721170395869276
2022-08-03,58400,58800,57400,57700,888572,-0.00859106529209619
2022-08-04,58300,58500,56500,56900,1234711,-0.013864818024263426
2022-08-05,57500,58200,56100,57200,1313406,0.005272407732864748
2022-08-08,57400,61400,57200,61200,3498700,0.06993006993007
2022-08-09,60500,60700,56000,56200,4474953,-0.0816993464052288
2022-08-10,56300,56800,55100,56000,1337038,-0.003558718861209953
2022-08-11,56500,56700,54600,55500,1625748,-0.008928571428571397
2022-08-12,55300,56700,55200,55500,841455,0.0
2022-08-16,56100,57600,55700,55800,1265226,0.00540540540540535
2022-08-17,56000,56000,53700,54500,1133095,-0.023297491039426577
2022-08-18,54900,56900,54600,56100,1280509,0.029357798165137616
2022-08-19,56600,58100,56100,56300,1097337,0.0035650623885918886
2022-08-22,55700,56600,55300,55900,586343,-0.007104795737122527
2022-08-23,55300,57500,55300,57000,1221115,0.019677996422182487
2022-08-24,57600,59700,57000,59000,2468172,0.03508771929824572
2022-08-25,59300,59400,57500,58000,1282978,-0.016949152542372836
2022-08-26,58500,59700,57500,59400,1611519,0.024137931034482696
2022-08-29,57900,62700,57800,61000,3530240,0.026936026936027035
2022-08-30,61500,61800,59200,59300,1574732,-0.02786885245901638
2022-08-31,59400,61200,57900,61000,1630967,0.02866779089376048
2022-09-01,60800,63100,59800,60100,2011306,-0.014754098360655776
2022-09-02,60400,61000,58500,60600,1015219,0.008319467554076532
2022-09-05,60500,62300,59800,61800,1339081,0.01980198019801982
2022-09-06,61900,62600,61000,62000,1009012,0.003236245954692629
2022-09-07,63100,63900,59200,59700,2062739,-0.0370967741935484
2022-09-08,58500,58900,54100,55500,10139933,-0.07035175879396982
2022-09-13,55700,56200,51200,53100,4545095,-0.043243243243243246
2022-09-14,52800,53500,51800,52600,2037425,-0.00941619585687381
2022-09-15,52700,53600,50700,51600,2494386,-0.019011406844106515
2022-09-16,51700,52000,50200,50300,1836668,-0.025193798449612448
2022-09-19,52000,52700,48700,48900,3428424,-0.027833001988071593
2022-09-20,49400,51400,49250,51200,1708210,0.04703476482617597
2022-09-21,51200,51700,50100,51000,1298757,-0.00390625
2022-09-22,51400,52200,49900,51700,1456029,0.013725490196078383
2022-09-23,51800,52500,49500,49500,1368802,-0.04255319148936165
2022-09-26,49250,50500,47400,48300,2314646,-0.024242424242424288
2022-09-27,48300,48550,46350,46850,1942307,-0.03002070393374745
2022-09-28,47000,48650,46000,47000,2118676,0.0032017075773747017
2022-09-29,48200,51000,47850,48900,3424225,0.04042553191489362
2022-09-30,48550,49650,47150,48450,1462046,-0.009202453987730008
2022-10-04,49400,51200,48700,51100,1407795,0.054695562435500555
2022-10-05,52600,52600,50400,50900,1226103,-0.003913894324853229
2022-10-06,51200,51500,50400,50800,559797,-0.0019646365422396617
2022-10-07,50900,50900,46500,46650,2763032,-0.08169291338582674
2022-10-11,45700,46750,44900,45050,1432791,-0.03429796355841375
2022-10-12,44500,44950,43000,44400,1877363,-0.01442841287458374
2022-10-13,43800,43900,40000,40000,3571019,-0.09909909909909909
2022-10-14,40800,42950,40400,42200,2490512,0.05499999999999994
2022-10-17,41450,42100,40350,41250,1915356,-0.02251184834123221
2022-10-18,42200,42950,41900,42800,1345088,0.037575757575757596
2022-10-19,43500,43800,42500,42750,1123227,-0.001168224299065379
2022-10-20,42800,44000,42500,43200,982280,0.010526315789473717
2022-10-21,43200,43350,42050,42100,550484,-0.02546296296296291
2022-10-24,42850,44100,42850,43350,837264,0.029691211401425166
2022-10-25,43850,44450,43200,43700,732669,0.008073817762399127
2022-10-26,43950,44150,43500,43500,493242,-0.004576659038901587
2022-10-27,43600,44600,43600,44550,560017,0.024137931034482696
2022-10-28,44800,45700,44550,45200,758361,0.014590347923681302
2022-10-31,46000,47600,45400,47350,1233500,0.047566371681415864
2022-11-01,47350,49400,46400,49300,1567298,0.04118268215417098
2022-11-02,49350,49750,48300,48500,1188565,-0.016227180527383367
2022-11-03,47950,49350,47200,48850,735251,0.007216494845360799
2022-11-04,49050,50800,49050,49650,1003850,0.016376663254861867
2022-11-07,50300,50300,47100,47150,1342204,-0.05035246727089626
2022-11-08,47500,48600,47300,48300,781596,0.024390243902439046
2022-11-09,48650,49300,47650,48050,891608,-0.005175983436852993
2022-11-10,47500,48500,47100,47200,750214,-0.01768990634755463
2022-11-11,48500,48900,47700,48300,820037,0.02330508474576276
2022-11-14,48300,48350,46000,46050,1569577,-0.04658385093167705
2022-11-15,46200,46450,45550,45950,718775,-0.0021715526601520097
2022-11-16,46500,46850,45300,45750,1014654,-0.0043525571273123065
2022-11-17,45450,45700,44800,44800,682021,-0.020765027322404372
2022-11-18,44800,46050,44200,45850,1094087,0.0234375
2022-11-21,46250,47100,45650,45950,973939,0.0021810250817884125
2022-11-22,46000,47000,45700,46850,824615,0.019586507072905324
2022-11-23,46950,46950,46050,46200,632892,-0.0138740661686233
2022-11-24,46500,46750,45800,46000,569568,-0.0043290043290042934
2022-11-25,45950,46000,45050,45500,531396,-0.010869565217391353
2022-11-28,46200,46800,44700,44800,1009867,-0.01538461538461533
2022-11-29,44850,47750,44850,47700,1849002,0.0647321428571428
2022-11-30,48650,49700,47600,48500,1993387,0.016771488469601747
2022-12-01,49000,49100,47600,47850,815216,-0.013402061855670055
2022-12-02,48200,48650,47000,47000,749552,-0.017763845350052265
2022-12-05,47450,47900,46100,46700,657302,-0.006382978723404209
2022-12-06,45950,47350,45900,46850,514235,0.0032119914346895317
2022-12-07,46650,46750,45800,46150,460185,-0.014941302027748127
2022-12-08,46150,46650,45100,46150,669238,0.0
2022-12-09,46250,46450,45250,45900,503068,-0.005417118093174467
2022-12-12,45800,47150,45400,47000,995163,0.023965141612200425
2022-12-13,47350,48750,47300,48250,1042364,0.02659574468085113
2022-12-14,48500,48600,47300,47900,653794,-0.007253886010362698
2022-12-15,47750,49100,47700,48500,938758,0.012526096033402823
2022-12-16,48000,48750,47050,47300,745657,-0.024742268041237137
2022-12-19,47350,49150,46900,48900,1005197,0.03382663847780121
2022-12-20,48800,49600,48600,48800,946901,-0.002044989775051076
2022-12-21,50200,50500,49200,49600,1154032,0.016393442622950838
2022-12-22,50000,50100,48650,49650,676661,0.0010080645161290036
2022-12-23,49550,50000,48500,48500,621706,-0.023162134944612278
2022-12-26,48500,49800,48350,49800,1103557,0.02680412371134011
2022-12-27,50200,51400,49650,51300,1311887,0.030120481927710774
2022-12-28,51000,51700,50400,50600,953886,-0.013645224171540016
2022-12-29,50600,51600,50000,50900,815849,0.005928853754940677
2023-01-02,51500,52100,48950,49250,1134665,-0.03241650294695486
2023-01-03,48950,49650,46850,47000,1208164,-0.045685279187817285
2023-01-04,47050,47100,45100,45550,1253472,-0.030851063829787195
2023-01-05,45550,45700,43200,43950,1873646,-0.035126234906695974
2023-01-06,43500,44500,43300,44150,938440,0.004550625711035261
2023-01-09,44350,45100,44300,44700,836262,0.01245753114382775
2023-01-10,44800,45450,44200,44400,734590,-0.006711409395973145
2023-01-11,44850,46450,44750,46100,1462364,0.03828828828828823
2023-01-12,46550,47600,46150,46350,1342347,0.005422993492407713
2023-01-13,47000,49750,46800,49700,2396451,0.0722761596548005
2023-01-16,49800,49800,47000,47700,2754817,-0.04024144869215296
2023-01-17,48050,48600,47150,47250,1383777,-0.009433962264150941
2023-01-18,47850,48350,46450,46600,1288027,-0.013756613756613745
2023-01-19,46300,46850,45850,46300,748872,-0.006437768240343367
2023-01-20,46300,47650,45900,47400,808958,0.023758099352051865
2023-01-25,47850,47950,46900,47450,722335,0.001054852320675037
2023-01-26,47500,47950,47200,47850,929372,0.008429926238145313
2023-01-27,47950,48700,47400,48150,800840,0.006269592476489061
2023-01-30,48250,49300,47450,47700,1294262,-0.009345794392523366
2023-01-31,47900,48700,47550,48100,876339,0.008385744234800763
2023-02-01,48200,48600,47550,48500,818056,0.008316008316008316
2023-02-02,48750,48950,47500,48250,878603,-0.005154639175257714
2023-02-03,48050,49100,47600,48450,899193,0.004145077720207224
2023-02-06,48300,48950,47550,48350,669658,-0.0020639834881320818
2023-02-07,48350,48500,47000,47100,1091737,-0.02585315408479838
2023-02-08,48000,49650,47600,48600,1878153,0.031847133757961776
2023-02-09,48500,49150,48100,48500,824060,-0.002057613168724326
2023-02-10,48150,49850,47700,49350,1270290,0.017525773195876226
2023-02-13,49300,50200,48850,49000,813513,-0.007092198581560294
2023-02-14,49300,50300,48900,50200,1016882,0.02448979591836742
2023-02-15,49850,49850,46550,46600,3204066,-0.07171314741035861
2023-02-16,47200,47500,46750,47100,1061223,0.010729613733905685
2023-02-17,46400,46650,45550,45950,1208255,-0.02441613588110403
2023-02-20,45950,46350,45300,46300,633462,0.007616974972796564
2023-02-21,46400,46750,46050,46400,767589,0.002159827213822796
2023-02-22,46000,46600,45500,45750,763866,-0.014008620689655138
2023-02-23,45950,46450,45550,46250,579503,0.010928961748633892
2023-02-24,46100,47950,45900,46500,1629007,0.00540540540540535
2023-02-27,46850,46850,44650,44850,1473147,-0.03548387096774197
2023-02-28,45150,45950,44950,45100,840170,0.00557413600891854
2023-03-02,45200,46050,44900,45050,670049,-0.0011086474501108556
2023-03-03,45200,45750,44900,45100,717927,0.0011098779134295356
2023-03-06,45200,45750,44950,45500,650649,0.008869179600886845
2023-03-07,45600,45800,45000,45000,673709,-0.01098901098901095
2023-03-08,44900,44900,43850,44350,913053,-0.014444444444444482
2023-03-09,44500,44650,43800,43800,639995,-0.012401352874859106
2023-03-10,43350,43650,42550,42900,864109,-0.020547945205479423
2023-03-13,42200,43100,41750,43050,746872,0.0034965034965035446
2023-03-14,42800,43050,41550,41550,660983,-0.03484320557491294
2023-03-15,42050,43300,41950,42600,678623,0.025270758122743597
2023-03-16,42300,42900,41500,42000,669270,-0.014084507042253502
2023-03-17,42500,43150,42150,42600,643101,0.014285714285714235
2023-03-20,42750,44550,42650,43650,859297,0.02464788732394374
2023-03-21,44250,45100,44150,44600,844763,0.021764032073310347
2023-03-22,45000,45050,43100,43450,1061975,-0.02578475336322872
2023-03-23,43450,44150,43050,43900,577530,0.010356731875719172
2023-03-24,44100,44500,43550,43800,483832,-0.002277904328018221
2023-03-27,43850,44250,43250,43900,542961,0.0022831050228311334
2023-03-28,44100,46500,44100,46000,1787095,0.04783599088838275
2023-03-29,45600,46300,45600,46050,592144,0.0010869565217390686
2023-03-30,46600,47150,46050,46850,984864,0.017372421281216077
2023-03-31,47050,47950,47000,47400,1012180,0.011739594450373536
2023-04-03,47550,48750,47500,47950,1021571,0.011603375527426074
2023-04-04,48000,49150,47900,48850,1274620,0.018769551616266922
2023-04-05,49100,51000,49000,50900,1910888,0.041965199590583424
2023-04-06,51000,51200,49700,50100,1097192,-0.015717092337917515
2023-04-07,50900,50900,49350,50400,874302,0.0059880239520957446
2023-04-10,50600,50900,49550,50600,882970,0.003968253968253954
2023-04-11,50900,51300,49600,50700,996152,0.0019762845849802257
2023-04-12,50800,52200,50700,51300,970874,0.01183431952662728
2023-04-13,51300,51900,51100,51500,667894,0.003898635477582957
2023-04-14,51800,52000,50900,51100,515905,-0.007766990291262155
2023-04-17,51400,54000,51200,53900,1789320,0.0547945205479452
2023-04-18,54300,55700,53500,55100,1672977,0.02226345083487935
2023-04-19,55400,56200,54300,55500,1068000,0.007259528130671544
2023-04-20,56100,60600,56000,58200,4195094,0.048648648648648596
2023-04-21,58200,58300,55900,57500,1508556,-0.012027491408934665
2023-04-24,58100,58700,57300,57700,1340608,0.003478260869565153
2023-04-25,60200,61000,58400,59500,3153755,0.03119584055459268
2023-04-26,58600,58700,55600,56000,2026344,-0.05882352941176472
2023-04-27,55600,57000,55000,56600,1621041,0.010714285714285676
2023-04-28,55900,56500,53800,54800,1614771,-0.03180212014134276
2023-05-02,54800,55000,53800,54600,832801,-0.0036496350364964014
2023-05-03,54200,55900,54000,54000,666212,-0.01098901098901095
2023-05-04,54100,54800,52800,53100,812293,-0.01666666666666672
2023-05-08,54700,56200,54200,54500,1412314,0.026365348399246757
2023-05-09,53700,53800,50100,50700,2405902,-0.06972477064220184
2023-05-10,51000,52000,50600,51000,845092,0.00591715976331364
2023-05-11,51600,53200,51300,52500,1161389,0.02941176470588225
2023-05-12,52600,53000,51500,52000,683469,-0.00952380952380949
2023-05-15,50100,52100,49800,51600,756183,-0.007692307692307665
2023-05-16,51700,51700,50700,51400,431203,-0.003875968992248069
2023-05-17,51400,52100,51000,51600,456123,0.0038910505836575737
2023-05-18,52400,53000,51900,52200,603289,0.011627906976744207
2023-05-19,52600,54000,52000,53800,738079,0.03065134099616862
2023-05-22,54200,54600,53500,53900,786709,0.0018587360594795044
2023-05-23,54400,54400,52800,53600,727847,-0.005565862708719838
2023-05-24,54100,54200,52700,53100,788315,-0.009328358208955279
2023-05-25,52600,53100,51700,52800,522753,-0.005649717514124242
2023-05-26,53100,53300,51100,51200,795571,-0.030303030303030276
2023-05-30,51600,51800,50600,51600,579432,0.0078125
2023-05-31,51800,52300,51500,51500,552403,-0.0019379844961240345
2023-06-01,51500,52200,51100,51700,469875,0.003883495145631022
2023-06-02,51800,54000,51700,53800,1007967,0.04061895551257244
2023-06-05,54300,54300,52800,53100,582537,-0.013011152416356864
2023-06-07,53400,54200,53100,53700,567499,0.011299435028248483
2023-06-08,54000,54500,53400,54200,642899,0.009310986964618184
2023-06-09,54400,54400,52800,52900,654562,-0.023985239852398532
2023-06-12,53200,54100,52900,53700,467491,0.01512287334593565
2023-06-13,53800,53800,52600,53000,417603,-0.013035381750465591
2023-06-14,53100,53700,52200,52600,565777,-0.007547169811320753
2023-06-15,52400,53100,51900,52500,497201,-0.0019011406844106071
2023-06-16,52900,54200,52900,54000,881578,0.02857142857142847
2023-06-19,53900,58000,53900,57300,2610046,0.061111111111111116
2023-06-20,57400,57600,56300,57000,1045265,-0.005235602094240788
2023-06-21,56700,56700,54300,54400,1456569,-0.04561403508771933
2023-06-22,54600,55500,53800,54300,707447,-0.0018382352941176405
2023-06-23,54600,54900,53400,54500,605203,0.0036832412523020164
2023-06-26,54200,54400,53000,53700,642368,-0.014678899082568808
2023-06-27,53500,54000,52300,52700,603841,-0.01862197392923648
2023-06-28,53000,53100,51900,51900,594492,-0.015180265654648917
2023-06-29,52200,53800,51800,52200,652367,0.005780346820809301
2023-06-30,52200,53300,51900,53300,505076,0.021072796934865856
2023-07-03,53500,53500,52100,53300,497907,0.0
2023-07-04,53100,54400,52500,54200,666279,0.016885553470919357
2023-07-05,54200,55200,53400,54700,813008,0.009225092250922495
2023-07-06,54900,55300,53500,53800,722409,-0.01645338208409508
2023-07-07,53200,54300,53100,54000,527456,0.0037174721189590088
2023-07-10,54500,55000,53500,53500,451190,-0.0092592592592593
2023-07-11,53700,55500,52800,55400,926962,0.03551401869158877
2023-07-12,55600,55900,54700,55200,564518,-0.0036101083032491488
2023-07-13,55100,55100,54100,54500,813775,-0.0126811594202898
2023-07-14,54700,55000,53600,53900,624640,-0.011009174311926606
2023-07-17,53400,53500,52200,52500,859688,-0.025974025974025983
2023-07-18,52700,53100,52200,52600,463403,0.0019047619047618536
2023-07-19,52600,53500,52200,52300,590925,-0.005703422053231932
2023-07-20,52100,52700,51800,52400,356663,0.0019120458891013214
2023-07-21,52200,52600,51300,52200,481579,-0.003816793893129722
2023-07-24,52200,52500,51100,51300,750812,-0.017241379310344862
2023-07-25,51000,52200,51000,51700,566900,0.007797270955165692
2023-07-26,51500,51800,49000,49150,1195942,-0.04932301740812384
2023-07-27,49550,51500,48000,48150,1394094,-0.020345879959308255
2023-07-28,47700,48600,47350,48200,657489,0.0010384215991692258
2023-07-31,48200,49300,48050,49200,595184,0.020746887966804906
2023-08-01,49250,49600,48650,49100,456372,-0.002032520325203291
2023-08-02,49350,51200,49100,49800,772584,0.014256619144602745
2023-08-03,49800,49800,48550,48850,501410,-0.01907630522088355
2023-08-04,48900,50600,48800,49250,517701,0.008188331627430934
2023-08-07,49300,49900,48650,49200,402330,-0.0010152284263958977
2023-08-08,48500,49300,47500,47700,965628,-0.030487804878048808
2023-08-09,47700,48250,46600,48200,532374,0.01048218029350112
2023-08-10,47600,48150,47000,47000,576113,-0.024896265560165998
2023-08-11,47050,49600,47050,49300,675187,0.04893617021276597
2023-08-14,49300,49500,47400,47950,516315,-0.02738336713995948
2023-08-16,47200,47500,46500,46500,499641,-0.030239833159541152
2023-08-17,46450,47800,46100,47300,473287,0.017204301075268713
2023-08-18,46600,47700,46600,46950,369818,-0.007399577167019
2023-08-21,46900,48300,46900,47650,365967,0.014909478168264156
2023-08-22,47650,48400,46800,48050,371741,0.008394543546694555
2023-08-23,47850,48700,47700,48600,321409,0.01144640998959412
2023-08-24,48650,48700,47700,48400,345262,-0.004115226337448541
2023-08-25,47900,48950,47900,48500,260270,0.0020661157024792765
2023-08-28,49100,49700,48800,49050,313584,0.01134020618556697
2023-08-29,49200,50600,48850,50100,509797,0.021406727828746197
2023-08-30,50700,50700,49750,50200,283348,0.001996007984031989
2023-08-31,50200,50900,49600,50600,521872,0.007968127490039834
2023-09-01,50700,52100,50500,50500,524539,-0.0019762845849802257
2023-09-04,50600,50900,49600,49750,327770,-0.014851485148514865
2023-09-05,49800,50100,49350,49700,252480,-0.0010050251256281673
2023-09-06,49500,51200,49200,51100,553218,0.028169014084507005
2023-09-07,50700,51400,49700,49750,391570,-0.026418786692759322
2023-09-08,49850,50800,49750,50300,270270,0.011055276381909618
2023-09-11,50500,51200,49950,50700,334881,0.007952286282306265
2023-09-12,50900,51300,49200,49300,397509,-0.027613412228796874
2023-09-13,49250,49800,49000,49200,271838,-0.0020283975659228792
2023-09-14,49600,50200,49150,50200,389147,0.020325203252032464
2023-09-15,50600,51300,50400,50600,568843,0.007968127490039834
2023-09-18,50300,51000,49850,49900,224229,-0.013833992094861691
2023-09-19,49900,50000,49100,49200,293978,-0.014028056112224463
2023-09-20,49200,49350,48100,48750,356674,-0.009146341463414642
2023-09-21,48850,50500,48850,49500,740105,0.01538461538461533
2023-09-22,49000,49550,48500,49200,407740,-0.0060606060606061
2023-09-25,48950,49650,48250,48500,387971,-0.014227642276422814
2023-09-26,48250,49350,48200,48600,415525,0.0020618556701030855
2023-09-27,47400,49000,46800,48800,460306,0.004115226337448652
2023-10-04,48750,48800,46900,47200,685460,-0.032786885245901676
2023-10-05,47300,48350,47300,47650,320167,0.009533898305084776
2023-10-06,47650,48150,47400,47900,270726,0.005246589716684236
2023-10-10,49900,50800,49150,49850,1022317,0.040709812108559396
2023-10-11,49650,51100,48950,50600,622576,0.015045135406218657
2023-10-12,51000,51100,49900,50600,352537,0.0
2023-10-13,50200,52000,49850,51400,574848,0.015810276679841806
2023-10-16,52000,53000,50300,50900,1121510,-0.009727626459143934
2023-10-17,51000,51700,50500,50900,411375,0.0
2023-10-18,50900,51400,50300,50600,316131,-0.005893909626719096
2023-10-19,50100,50300,48900,49000,458042,-0.031620553359683834
2023-10-20,48450,49200,47700,47750,421119,-0.025510204081632626
2023-10-23,47500,49600,47450,49500,450650,0.03664921465968596
2023-10-24,49700,49700,47700,48250,444479,-0.025252525252525304
2023-10-25,48300,49300,47950,48950,567158,0.014507772020725396
2023-10-26,48750,49300,48000,48050,489191,-0.018386108273748758
2023-10-27,48450,48450,47250,47550,479452,-0.010405827263267442
2023-10-30,47700,49650,47450,49400,485299,0.03890641430073605
2023-10-31,49200,49450,43600,44200,1364686,-0.10526315789473684
2023-11-01,44750,45850,44050,45700,788501,0.03393665158371051
2023-11-02,45750,48100,45750,46900,789479,0.026258205689277947
2023-11-03,46900,48450,46900,48300,481187,0.029850746268656803
2023-11-06,49900,49950,48050,49050,623754,0.01552795031055898
2023-11-07,48950,49450,48550,49450,543069,0.00815494393476035
2023-11-08,49150,49350,46100,46550,1285410,-0.058645096056622825
2023-11-09,46600,46750,45550,46550,574724,0.0
2023-11-10,46350,46600,46000,46300,373760,-0.00537056928034374
2023-11-13,46350,46650,45550,45600,328218,-0.015118790496760237
2023-11-14,45800,46350,45750,46350,352815,0.016447368421052655
2023-11-15,46850,46950,46250,46700,360458,0.007551240560949246
2023-11-16,46700,46950,45800,46100,324852,-0.012847965738758016
2023-11-17,46100,46300,45750,46000,303428,-0.002169197396963085
2023-11-20,46150,46450,45800,46300,232174,0.006521739130434856
2023-11-21,46350,46600,46000,46050,249373,-0.005399568034557212
2023-11-22,46100,47000,46100,46750,328256,0.015200868621064068
2023-11-23,46900,47000,46600,47000,259621,0.005347593582887722
2023-11-24,47050,47050,46400,46650,214632,-0.007446808510638281
2023-11-27,46900,46950,46050,46350,278356,-0.006430868167202619
2023-11-28,46600,46600,46200,46400,250609,0.0010787486515642097
2023-11-29,46250,46700,45850,46350,281680,-0.0010775862068965747
2023-11-30,46300,46650,45900,46350,560233,0.0
2023-12-01,46500,48500,46400,47900,1212844,0.033441208198489836
2023-12-04,48200,48750,47800,48050,483264,0.0031315240083507057
2023-12-05,47700,48200,46800,46950,408142,-0.02289281997918835
2023-12-06,46950,48000,46950,47950,369311,0.021299254526091493
2023-12-07,48100,48250,46800,46850,311699,-0.02294056308654846
2023-12-08,47250,47450,46750,47050,210441,0.004268943436499528
2023-12-11,47600,48200,47050,47450,345045,0.008501594048884176
2023-12-12,46950,47650,46650,47300,683669,-0.0031612223393044925
2023-12-13,47500,48100,47200,47300,328848,0.0
2023-12-14,47850,47950,47100,47250,413459,-0.0010570824524313016
2023-12-15,47300,47750,47300,47750,391889,0.010582010582010692
2023-12-18,47800,48400,47700,48250,343080,0.010471204188481575
2023-12-19,48000,48600,47900,48100,291594,-0.0031088082901554737
2023-12-20,48400,49400,48100,49250,547020,0.023908523908523938
2023-12-21,48850,50200,48850,49450,464688,0.004060913705583813
2023-12-22,49850,49950,49300,49450,274989,0.0
2023-12-26,49900,49950,48850,49100,261102,-0.00707785642062686
2023-12-27,49150,50100,48800,49900,417679,0.016293279022403295
2023-12-28,49900,50300,49700,50000,325031,0.002004008016031955
2024-01-02,49900,51800,49800,51300,528367,0.026000000000000023
2024-01-03,51500,55000,51100,54600,2214096,0.06432748538011701
2024-01-04,54300,55900,53000,54300,1068993,-0.005494505494505475
2024-01-05,54600,56400,53600,54300,942171,0.0
2024-01-08,54900,55000,53100,53600,561406,-0.012891344383057057
2024-01-09,54100,54700,53400,54300,513070,0.013059701492537323
2024-01-10,54800,55800,54500,55200,774163,0.016574585635359185
2024-01-11,55200,55600,54100,54100,629280,-0.019927536231884035
2024-01-12,54300,56000,53900,54500,611656,0.007393715341959428
2024-01-15,55000,55000,53500,54300,382412,-0.003669724770642202
2024-01-16,53800,54300,53200,53900,299923,-0.007366482504604033
2024-01-17,53900,54000,52300,52800,606154,-0.020408163265306145
2024-01-18,53500,55400,53400,54600,771269,0.03409090909090917
2024-01-19,55100,55600,54200,55400,708698,0.0146520146520146
2024-01-22,55900,56000,55100,55500,491170,0.0018050541516245744
2024-01-23,55300,55600,54200,54600,338084,-0.01621621621621616
2024-01-24,54500,55000,53800,54000,292835,-0.01098901098901095
2024-01-25,53800,54600,53400,53800,364888,-0.0037037037037036535
2024-01-26,53600,54600,53500,53700,368521,-0.0018587360594795044
2024-01-29,53800,54400,50500,51200,932210,-0.046554934823091254
2024-01-30,51400,51800,50600,50800,337523,-0.0078125
2024-01-31,51000,51700,50100,50500,498419,-0.0059055118110236116
2024-02-01,50200,51300,50100,50500,433562,0.0
2024-02-02,50500,51500,47800,48350,1703379,-0.04257425742574261
2024-02-05,48400,49250,48000,49200,553046,0.0175801447776629
2024-02-06,48950,49200,48550,49150,335126,-0.00101626016260159
2024-02-07,49400,49600,48600,48900,406792,-0.0050864699898270915
2024-02-08,49200,49550,48900,49100,436443,0.004089979550102152
2024-02-13,49900,51200,49650,51100,600632,0.04073319755600813
2024-02-14,50800,52900,50500,52300,866058,0.023483365949119372
2024-02-15,52800,52800,51200,51600,432877,-0.013384321223709361
2024-02-16,52100,52100,50900,51300,398612,-0.005813953488372103
2024-02-19,51100,53400,50900,53400,680614,0.040935672514619936
2024-02-20,53700,54000,52700,53200,552370,-0.0037453183520599342
2024-02-21,53300,53700,52500,53200,394310,0.0
2024-02-22,53600,54500,53500,54000,759350,0.015037593984962516
2024-02-23,54100,54100,53000,53500,402621,-0.0092592592592593
2024-02-26,53900,54000,52800,53100,491716,-0.00747663551401867
2024-02-27,53100,54100,52900,53200,571864,0.0018832391713747842
2024-02-28,53300,53900,52100,52500,666530,-0.013157894736842146
2024-02-29,52200,52700,50800,51300,699891,-0.02285714285714291
2024-03-04,51600,51900,50300,50800,538114,-0.00974658869395717
2024-03-05,50400,51400,50400,51000,295896,0.003937007874015741
2024-03-06,51100,54000,50700,53900,948247,0.056862745098039236
2024-03-07,53900,54000,52300,52800,557659,-0.020408163265306145
2024-03-08,53300,53400,52400,53300,439219,0.009469696969697017
2024-03-11,53300,55400,53000,53300,923175,0.0
2024-03-12,53700,53800,51800,52200,493931,-0.0206378986866792
2024-03-13,52500,53000,51300,51900,375314,-0.005747126436781658
2024-03-14,52800,53800,51600,51900,776805,0.0
2024-03-15,52100,52300,50500,51100,656870,-0.015414258188824692
2024-03-18,51400,51800,50800,51100,425860,0.0
2024-03-19,50800,50900,49850,50100,697693,-0.019569471624266144
2024-03-20,50600,50600,49400,49800,609253,-0.005988023952095856
2024-03-21,49850,50500,49550,49950,632848,0.003012048192771122
2024-03-22,50400,51000,50000,50300,842521,0.00700700700700696
2024-03-25,50600,51100,50200,50300,543509,0.0
2024-03-26,50200,51100,50000,50900,636706,0.011928429423459175
2024-03-27,50900,51100,50200,51000,440226,0.0019646365422396617
2024-03-28,51100,51100,50300,50400,355784,-0.0117647058823529
2024-03-29,50600,52200,50600,51500,901521,0.021825396825396748
2024-04-01,52200,52400,51500,52100,452440,0.011650485436893288
2024-04-02,52100,52500,51400,52300,540812,0.0038387715930903177
2024-04-03,51800,51900,49950,50300,952809,-0.03824091778202676
2024-04-04,50700,50800,50000,50600,401380,0.005964214711729587
2024-04-05,50100,50400,49800,49950,413264,-0.012845849802371578
2024-04-08,49950,50200,49000,49100,542907,-0.017017017017016967
2024-04-09,49100,50200,49100,49450,357834,0.007128309572301372
2024-04-11,49000,49650,48500,49650,380757,0.004044489383215444
2024-04-12,49400,49600,48600,48600,411322,-0.02114803625377648
2024-04-15,48550,50600,48050,49900,718819,0.026748971193415683
2024-04-16,49950,51100,48600,48750,694769,-0.023046092184368705
2024-04-17,48850,49500,48550,48550,311025,-0.004102564102564155
2024-04-18,48600,49700,48300,49050,385990,0.01029866117404743
2024-04-19,49050,49400,48500,49200,428526,0.003058103975535076
2024-04-22,49600,50100,49250,50100,387903,0.018292682926829285
2024-04-23,49950,51900,49950,51300,757832,0.0239520958083832
2024-04-24,51300,52900,50800,52600,775102,0.025341130604288553
2024-04-25,52600,53300,52100,52500,588840,-0.0019011406844106071
2024-04-26,52300,52800,52000,52800,422642,0.005714285714285783
2024-04-29,52900,53700,52500,53700,626392,0.017045454545454586
2024-04-30,53900,54300,51500,51800,909983,-0.035381750465549366
2024-05-02,52300,54500,52000,54100,1242172,0.044401544401544424
2024-05-03,54300,54600,53100,53200,502976,-0.01663585951940849
2024-05-07,53300,54000,52100,53200,499946,0.0
2024-05-08,53500,53700,52600,53300,389435,0.001879699248120259
2024-05-09,53300,54000,52800,53100,415267,-0.0037523452157598447
2024-05-10,53600,54000,53000,53500,274550,0.007532956685499137
2024-05-13,53800,54900,53300,54300,607784,0.01495327102803734
2024-05-14,54500,55400,54100,54500,642536,0.0036832412523020164
2024-05-16,54900,55700,54500,54900,560816,0.007339449541284404
2024-05-17,55000,55700,54000,54300,494932,-0.010928961748633892
2024-05-20,54300,55500,53900,55200,529925,0.016574585635359185
2024-05-21,54800,55400,54300,54600,336108,-0.010869565217391353
2024-05-22,54600,55300,53400,53700,472639,-0.016483516483516536
2024-05-23,53800,53800,52400,53500,384201,-0.003724394785847296
2024-05-24,53400,54400,52700,53900,343331,0.007476635514018781
2024-05-27,54500,54800,53600,54700,428785,0.014842300556586308
2024-05-28,55300,59500,54400,58600,2989965,0.07129798903107853
2024-05-29,58100,58400,55900,56500,1381656,-0.03583617747440271
2024-05-30,56600,57000,53900,53900,1104505,-0.046017699115044275
2024-05-31,54700,55500,51800,51800,1301161,-0.038961038961038974
2024-06-03,52400,53700,52300,52700,602094,0.01737451737451745
2024-06-04,52200,52700,51500,51900,427547,-0.015180265654648917
2024-06-05,51900,51900,50700,51000,477912,-0.017341040462427793
2024-06-07,51300,52000,51000,51300,383620,0.00588235294117645
2024-06-10,51000,52400,50600,52000,388711,0.013645224171539905
2024-06-11,52000,52300,51400,51500,292805,-0.009615384615384581
2024-06-12,51300,51500,51000,51200,249291,-0.005825242718446644
2024-06-13,51400,52200,51200,51200,461288,0.0
2024-06-14,51300,51800,50900,51500,403565,0.005859375
2024-06-17,51500,53400,51000,53000,715605,0.029126213592232997
2024-06-18,53700,53700,52500,53200,409014,0.0037735849056603765
2024-06-19,53400,54000,52500,53900,608590,0.013157894736842035
2024-06-20,54000,54400,52600,52800,487775,-0.020408163265306145
2024-06-21,52600,53200,51600,51800,464385,-0.018939393939393923
2024-06-24,52600,54100,52500,53600,681182,0.03474903474903468
2024-06-25,53800,54900,52800,53500,790649,-0.001865671641791078
2024-06-26,53600,53600,51500,52000,723912,-0.028037383177570097
2024-06-27,51700,51800,51200,51600,286250,-0.007692307692307665
2024-06-28,51600,53000,51200,53000,468046,0.027131782945736482
2024-07-01,52900,52900,50300,50800,1378238,-0.04150943396226414
2024-07-02,50500,50700,48650,48750,1474140,-0.04035433070866146
2024-07-03,49150,49400,48750,49100,455189,0.007179487179487243
2024-07-04,49100,49750,48850,49050,527889,-0.0010183299389001643
2024-07-05,49050,49400,49050,49400,412878,0.007135575942915473
2024-07-08,49500,50200,49250,49900,379583,0.010121457489878471
2024-07-09,50200,50500,49950,50300,245202,0.008016032064128265
2024-07-10,50200,50700,49500,49600,551835,-0.013916500994035741
2024-07-11,49800,49900,49100,49250,444649,-0.007056451612903247
2024-07-12,49400,49500,48750,49050,448170,-0.004060913705583702
2024-07-15,49350,49900,49100,49400,579197,0.007135575942915473
2024-07-16,49600,49700,48900,48900,558176,-0.010121457489878583
2024-07-17,49150,50500,48900,50000,922069,0.02249488752556239
2024-07-18,49950,50000,48950,49100,520594,-0.018000000000000016
2024-07-19,49100,49300,48700,49100,301793,0.0
2024-07-22,49150,49600,48300,48900,349007,-0.004073319755600768
2024-07-23,49050,50300,48800,49700,535933,0.01635991820040905
2024-07-24,49600,50800,49400,50600,698165,0.01810865191146882
2024-07-25,50200,50400,49600,49650,429907,-0.018774703557312256
2024-07-26,49850,51700,49600,51100,700052,0.02920443101711978
2024-07-29,51800,55000,50900,54600,3329333,0.06849315068493156
2024-07-30,55000,57400,54600,57100,4894151,0.04578754578754585
2024-07-31,56600,57900,56100,57000,1787056,-0.0017513134851138146
2024-08-01,56500,57900,55800,57400,1032961,0.007017543859649145
2024-08-02,56500,57200,54500,55200,1213529,-0.0383275261324042
2024-08-05,53900,54700,48000,50200,1731678,-0.0905797101449275
2024-08-06,51200,52300,50100,51500,1121191,0.02589641434262946
2024-08-07,51500,53700,50900,53400,797879,0.03689320388349504
2024-08-08,52600,54500,52200,54300,823817,0.016853932584269593
2024-08-09,54900,55000,53500,53700,463766,-0.011049723756906049
2024-08-12,54100,55000,53500,54900,619249,0.022346368715083775
2024-08-13,55300,57700,54900,55900,1139340,0.01821493624772308
2024-08-14,56500,58800,55700,58600,2148286,0.04830053667262968
2024-08-16,59000,59200,57200,57400,1085868,-0.020477815699658675
2024-08-19,57200,59000,57000,58200,779181,0.013937282229965264
2024-08-20,58000,58100,56200,57600,709697,-0.010309278350515427
2024-08-21,57200,57600,55000,55800,850607,-0.03125
2024-08-22,56400,56800,54800,55500,533631,-0.005376344086021501
2024-08-23,55000,56900,55000,55800,645285,0.00540540540540535
2024-08-26,56400,56400,54400,55000,484785,-0.014336917562724039
2024-08-27,55100,55300,53900,54500,364966,-0.009090909090909038
2024-08-28,54800,55500,53500,54000,437887,-0.00917431192660545
2024-08-29,53600,54500,53200,54000,296967,0.0
2024-08-30,54700,56300,54000,54300,589800,0.005555555555555536
2024-09-02,54700,54700,53000,53800,345495,-0.009208103130755041
2024-09-03,53800,55000,53700,54500,359555,0.013011152416356975
2024-09-04,53700,54000,52600,52900,399248,-0.029357798165137616
2024-09-05,53400,53800,51600,52100,364520,-0.015122873345935761
2024-09-06,52100,52200,50500,51000,427910,-0.021113243761996192
2024-09-09,50000,51300,49700,50900,255803,-0.0019607843137254832
2024-09-10,51100,51900,50700,51300,250749,0.007858546168958647
2024-09-11,50700,51600,50000,50200,602934,-0.021442495126705707
2024-09-12,50500,52400,50300,52300,721962,0.041832669322709126
2024-09-13,52500,53100,51900,53000,350637,0.013384321223709472
2024-09-19,53600,53900,52900,53600,444879,0.01132075471698113
2024-09-20,54100,54200,52500,52600,627681,-0.018656716417910446
2024-09-23,52800,53800,52500,53400,287267,0.015209125475285079
2024-09-24,53600,54300,53100,54200,399331,0.014981273408239737
2024-09-25,54700,55200,53900,54200,444320,0.0
2024-09-26,54300,54400,52500,53200,648968,-0.01845018450184499
2024-09-27,53200,53500,52300,53000,463930,-0.003759398496240629
2024-09-30,53200,53300,52100,52100,418256,-0.016981132075471694
2024-10-02,52500,53200,51200,51800,507348,-0.0057581573896353655
2024-10-04,51900,52700,51400,52100,334139,0.005791505791505891
2024-10-07,52000,53800,51300,53300,611790,0.02303262955854124
2024-10-08,53300,54300,52900,53900,539796,0.011257035647279645
2024-10-10,54200,54200,52800,52800,534987,-0.020408163265306145
2024-10-11,53100,53800,52100,52800,434344,0.0
2024-10-14,52900,53000,51900,52400,268764,-0.007575757575757569
2024-10-15,52600,52700,52000,52300,301062,-0.001908396946564861
2024-10-16,52100,52200,51400,51600,417357,-0.013384321223709361
2024-10-17,51900,53500,51600,53400,518199,0.03488372093023262
2024-10-18,53800,54000,53100,53600,407819,0.0037453183520599342
2024-10-21,53800,57200,52800,55700,1184622,0.03917910447761197
2024-10-22,55700,56800,55400,56600,957527,0.016157989228007263
2024-10-23,56900,57500,55900,57200,929795,0.010600706713780994
2024-10-24,56800,58000,56800,57200,459796,0.0
2024-10-25,56800,57900,56200,57200,493878,0.0
2024-10-28,56800,56800,54900,55400,651206,-0.03146853146853146
2024-10-29,55700,60000,55500,57800,2620329,0.04332129963898912
2024-10-30,59100,60500,58500,60000,1961080,0.03806228373702414
2024-10-31,60000,60400,58000,58500,887169,-0.025000000000000022
2024-11-01,57900,59400,56500,57600,805567,-0.01538461538461533
2024-11-04,57700,57800,55800,57400,768905,-0.00347222222222221
2024-11-05,56700,59300,56200,58900,765637,0.026132404181184565
2024-11-06,58900,61300,58300,60600,1589081,0.028862478777589073
2024-11-07,61800,62500,60700,61700,1460502,0.018151815181518094
2024-11-08,62200,64000,60900,63000,1427816,0.021069692058346856
2024-11-11,64000,68700,63700,67900,2704611,0.07777777777777772
2024-11-12,68600,69300,66800,67500,1795779,-0.00589101620029453
2024-11-13,67500,68500,65100,66200,1364471,-0.01925925925925931
2024-11-14,67000,70600,65800,69700,1396474,0.052870090634441036
2024-11-15,69100,69400,64100,65900,1678219,-0.05451936872309904
2024-11-18,65300,67100,64600,65400,804327,-0.007587253414264028
2024-11-19,65800,66200,63800,65300,722231,-0.001529051987767538
2024-11-20,65300,66900,64100,65300,594790,0.0
2024-11-21,64800,65300,62100,62700,1078594,-0.039816232771822335
2024-11-22,62900,64900,62800,64200,635149,0.02392344497607657
2024-11-25,64800,64900,60700,62300,1496291,-0.029595015576323935
2024-11-26,61400,61500,59000,59300,1122878,-0.0481540930979133
2024-11-27,59000,60100,58600,59300,507095,0.0
2024-11-28,59300,60900,58900,60200,471520,0.015177065767284947
2024-11-29,60200,60700,58100,58400,620097,-0.029900332225913595
2024-12-02,58900,60600,58500,59600,573312,0.020547945205479534
2024-12-03,60200,61500,59400,61000,638734,0.02348993288590595
2024-12-04,59500,61100,59000,60400,627653,-0.00983606557377048
2024-12-05,60900,60900,57000,57600,727780,-0.04635761589403975
2024-12-06,56900,57300,54100,55200,921163,-0.04166666666666663
2024-12-09,53000,54200,51700,51900,1011189,-0.05978260869565222
2024-12-10,52400,53500,50900,52900,984553,0.019267822736030782
2024-12-11,53300,55500,52700,55300,603575,0.04536862003780717
2024-12-12,55900,56500,54900,55100,883515,-0.003616636528028905
2024-12-13,55100,55600,54000,55400,484425,0.005444646098003547
2024-12-16,57000,57100,55000,55200,393681,-0.0036101083032491488
2024-12-17,55200,55200,53900,54400,458678,-0.01449275362318836
2024-12-18,54600,55000,54000,54300,223685,-0.0018382352941176405
2024-12-19,53000,55000,52400,54400,452436,0.0018416206261511192
2024-12-20,54400,55000,53900,54100,380398,-0.005514705882352922
2024-12-23,54700,56200,54300,55900,491670,0.03327171903881698
2024-12-24,57200,57400,55100,55900,450678,0.0
2024-12-26,56300,56300,55200,55700,321394,-0.003577817531305927
2024-12-27,55400,56100,53800,54400,353186,-0.02333931777378817
2024-12-30,54300,55300,54100,54900,247185,0.009191176470588314
2025-01-02,55100,56400,55000,55800,606921,0.016393442622950838
2025-01-03,56100,56600,55600,56000,445180,0.0035842293906809264
2025-01-06,56300,56400,55500,55600,358837,-0.0071428571428571175
2025-01-07,55900,56700,55600,55600,549265,0.0
2025-01-08,55200,55300,53500,54100,775119,-0.026978417266187105
2025-01-09,54000,54600,52600,54400,675716,0.005545286506469571
2025-01-10,54300,54300,52600,52700,881968,-0.03125
2025-01-13,52400,52800,52000,52200,448089,-0.009487666034155628
2025-01-14,52300,53100,52300,52800,434782,0.011494252873563315
2025-01-15,53400,53400,52700,53000,406982,0.0037878787878788955
2025-01-16,53500,53900,52100,52600,638394,-0.007547169811320753
2025-01-17,53500,54600,53000,53800,888216,0.02281368821292773
2025-01-20,54100,54900,53400,53800,487846,0.0
2025-01-21,54500,55700,53800,54200,684657,0.0074349442379182396
2025-01-22,54700,55000,53200,53600,615576,-0.011070110701106972
2025-01-23,53600,53900,52300,52500,603776,-0.020522388059701524
2025-01-24,52600,53600,52500,53400,522744,0.017142857142857126
2025-01-31,53900,54100,52800,53300,526308,-0.0018726591760299671
2025-02-03,52500,52800,50600,51000,688204,-0.04315196998123827
2025-02-04,51300,52900,51100,52200,539236,0.0235294117647058
2025-02-05,52500,52700,51800,52300,337503,0.0019157088122605526
2025-02-06,52500,52600,51700,52200,696896,-0.0019120458891013214
2025-02-07,51800,52800,51400,51700,883097,-0.009578544061302652
2025-02-10,51400,51500,49900,49950,1484580,-0.03384912959381048
2025-02-11,50200,50400,49050,49850,1393310,-0.002002002002001957
2025-02-12,50300,54400,49950,54000,3617556,0.08324974924774331
2025-02-13,53700,55400,52800,55000,1894298,0.0185185185185186
2025-02-14,55000,55100,53900,54800,944108,-0.0036363636363636598
2025-02-17,54900,54900,53700,54300,1214092,-0.009124087591240837
2025-02-18,54900,60200,54800,58300,4402358,0.07366482504604055
2025-02-19,58500,59000,57200,58300,1519421,0.0
2025-02-20,58300,67200,57000,62400,8152864,0.07032590051457976
2025-02-21,61300,63700,61100,61700,2115570,-0.011217948717948678
2025-02-24,60600,61900,59200,59900,1078251,-0.02917341977309562
2025-02-25,59000,60900,58500,60400,929082,0.008347245409014992
2025-02-26,60300,61700,59600,60000,767761,-0.0066225165562914245
2025-02-27,59900,66400,59800,65100,4790019,0.08499999999999996
2025-02-28,64200,65600,62600,63100,1942088,-0.030721966205837226
2025-03-04,64200,68000,64200,67700,3412801,0.07290015847860531
2025-03-05,66700,69900,66500,69500,2501713,0.026587887740029625
2025-03-06,69500,79000,69400,76400,5971628,0.09928057553956826
2025-03-07,76000,80000,74600,79700,3321429,0.043193717277487
2025-03-10,79900,84800,79300,83800,3695949,0.05144291091593467
2025-03-11,81600,85400,81200,85000,2090585,0.014319809069212486
2025-03-12,85400,86700,79500,82000,2862334,-0.03529411764705881
2025-03-13,83300,87900,82100,84300,2747199,0.028048780487804903
2025-03-14,85000,87400,84100,85700,1249494,0.016607354685646447
2025-03-17,85600,95600,85500,95000,4066136,0.10851808634772464
2025-03-18,97100,98000,85000,85000,5782025,-0.10526315789473684
2025-03-19,86700,91600,86600,88600,3830778,0.04235294117647048
2025-03-20,87800,88500,84100,85900,2077408,-0.030474040632054167
2025-03-21,82700,86000,82000,84700,2153709,-0.01396973224679865
2025-03-24,85300,85800,83000,83900,575459,-0.009445100354191216
2025-03-25,83500,84100,80700,82000,954883,-0.022646007151370662
