Date,Open,High,Low,Close,Volume,Change
2022-01-03,8250,8270,8110,8230,37524,-0.0012135922330097637
2022-01-04,8140,8210,8080,8180,23843,-0.0060753341433779084
2022-01-05,8090,8160,8060,8110,30175,-0.008557457212713948
2022-01-06,7960,8140,7960,8080,60738,-0.0036991368680641123
2022-01-07,8130,8130,8040,8090,31006,0.0012376237623761277
2022-01-10,8090,8090,7870,7900,37059,-0.023485784919653918
2022-01-11,7800,7940,7690,7710,49231,-0.024050632911392422
2022-01-12,7710,7980,7710,7970,19778,0.033722438391699194
2022-01-13,8000,8080,7940,7970,12860,0.0
2022-01-14,7950,8010,7860,7930,19702,-0.005018820577164407
2022-01-17,7920,7930,7740,7790,16293,-0.017654476670870167
2022-01-18,7710,8070,7670,7690,34281,-0.012836970474967901
2022-01-19,7550,7690,7440,7560,27107,-0.016905071521456483
2022-01-20,7510,7650,7450,7650,18838,0.011904761904761862
2022-01-21,7570,7680,7560,7660,6877,0.0013071895424836555
2022-01-24,7640,7690,7400,7400,19971,-0.03394255874673624
2022-01-25,7400,7490,7000,7060,57610,-0.04594594594594592
2022-01-26,6970,7180,6970,7110,18154,0.007082152974504208
2022-01-27,7090,7090,6720,6770,53196,-0.04781997187060483
2022-01-28,6870,6950,6740,6920,21725,0.02215657311669128
2022-02-03,7000,7140,7000,7130,13065,0.030346820809248554
2022-02-04,7130,7200,7120,7200,11653,0.009817671809256634
2022-02-07,7200,7230,7130,7220,11312,0.002777777777777768
2022-02-08,7220,7250,7080,7180,14206,-0.005540166204986097
2022-02-09,7250,7250,7170,7210,5161,0.00417827298050133
2022-02-10,7290,7290,7100,7210,8527,0.0
2022-02-11,7190,7190,7090,7120,13526,-0.012482662968099856
2022-02-14,6820,6980,6820,6920,18498,-0.028089887640449396
2022-02-15,6900,6950,6830,6880,12069,-0.005780346820809301
2022-02-16,6920,7070,6890,7010,22127,0.018895348837209225
2022-02-17,7070,7140,7000,7080,26479,0.009985734664764712
2022-02-18,7120,7130,7000,7090,10218,0.0014124293785311437
2022-02-21,7090,7090,6950,7070,9493,-0.0028208744710860323
2022-02-22,6960,7110,6910,6970,16807,-0.014144271570014189
2022-02-23,6970,7050,6920,7020,8617,0.007173601147776099
2022-02-24,7020,7020,6740,6750,38129,-0.038461538461538436
2022-02-25,6810,6890,6810,6880,14235,0.01925925925925931
2022-02-28,6900,6990,6860,6950,14259,0.01017441860465107
2022-03-02,6920,7000,6890,6960,27006,0.0014388489208632116
2022-03-03,7020,7090,6970,7040,20957,0.011494252873563315
2022-03-04,7060,7090,6970,7030,16787,-0.0014204545454545858
2022-03-07,7020,7030,6860,6900,11226,-0.01849217638691325
2022-03-08,6840,6890,6770,6800,19663,-0.01449275362318836
2022-03-10,6850,7000,6850,6920,13741,0.01764705882352935
2022-03-11,6890,6950,6870,6920,11616,0.0
2022-03-14,6970,6970,6780,6810,13557,-0.01589595375722541
2022-03-15,6780,6850,6760,6810,3672,0.0
2022-03-16,6810,6910,6730,6810,25412,0.0
2022-03-17,6860,6940,6820,6930,23241,0.017621145374449254
2022-03-18,6950,6960,6880,6960,25442,0.0043290043290042934
2022-03-21,6960,7020,6950,7000,26143,0.005747126436781658
2022-03-22,7000,7030,6950,7030,16917,0.004285714285714226
2022-03-23,7030,7060,6990,7000,21598,-0.004267425320056861
2022-03-24,6950,7060,6800,6910,75477,-0.0128571428571429
2022-03-25,6900,6960,6830,6880,23071,-0.00434153400868309
2022-03-28,6870,6960,6830,6950,23188,0.01017441860465107
2022-03-29,6960,7040,6940,7000,23433,0.007194244604316502
2022-03-30,7060,7070,6930,6950,29715,-0.0071428571428571175
2022-03-31,6940,7030,6920,6990,20041,0.0057553956834532904
2022-04-01,6990,6990,6920,6960,18991,-0.0042918454935622075
2022-04-04,6960,6990,6920,6970,19989,0.001436781609195359
2022-04-05,6960,7040,6960,7020,24663,0.007173601147776099
2022-04-06,7000,7020,6900,6920,32367,-0.014245014245014231
2022-04-07,6890,6890,6790,6870,38643,-0.007225433526011571
2022-04-08,6870,6870,6770,6840,28036,-0.004366812227074246
2022-04-11,6810,6880,6810,6850,12386,0.0014619883040936088
2022-04-12,6800,6900,6800,6870,16515,0.0029197080291971655
2022-04-13,6850,6930,6840,6920,9864,0.00727802037845704
2022-04-14,6970,6970,6870,6890,10749,-0.00433526011560692
2022-04-15,6930,6930,6820,6860,13698,-0.004354136429608135
2022-04-18,6860,6920,6820,6880,18725,0.00291545189504383
2022-04-19,6930,6960,6890,6950,10641,0.01017441860465107
2022-04-20,6980,7130,6930,7080,51475,0.018705035971223083
2022-04-21,7100,7130,7010,7110,30381,0.004237288135593209
2022-04-22,7050,7180,7020,7100,20047,-0.0014064697609000865
2022-04-25,7010,7070,6920,6960,27220,-0.019718309859154903
2022-04-26,7000,7010,6940,7000,14357,0.005747126436781658
2022-04-27,6890,6910,6830,6860,18530,-0.020000000000000018
2022-04-28,6870,6940,6860,6920,19797,0.008746355685131268
2022-04-29,7000,7180,6970,7070,32189,0.021676300578034713
2022-05-02,7030,7050,6970,7000,13935,-0.00990099009900991
2022-05-03,6970,7050,6970,6990,10646,-0.0014285714285714457
2022-05-04,6990,7060,6960,6960,10839,-0.0042918454935622075
2022-05-06,6900,6990,6840,6990,16532,0.004310344827586299
2022-05-09,6910,6930,6820,6830,23312,-0.022889842632331958
2022-05-10,6710,6770,6630,6770,31060,-0.008784773060029227
2022-05-11,6730,6790,6700,6720,12589,-0.00738552437223039
2022-05-12,6680,6680,6430,6430,39318,-0.04315476190476186
2022-05-13,6450,6540,6440,6480,21366,0.007776049766718529
2022-05-16,6490,6570,6420,6490,24583,0.0015432098765431057
2022-05-17,6500,6530,6420,6430,20646,-0.009244992295839749
2022-05-18,6480,6570,6430,6480,23275,0.007776049766718529
2022-05-19,6390,6460,6350,6390,23620,-0.01388888888888884
2022-05-20,6390,6430,6350,6390,22435,0.0
2022-05-23,6390,6480,6370,6420,16249,0.0046948356807512415
2022-05-24,6470,6470,6260,6320,24986,-0.015576323987538943
2022-05-25,6320,6350,6280,6310,21986,-0.0015822784810126667
2022-05-26,6350,6350,6260,6320,34658,0.0015847860538826808
2022-05-27,6360,6370,6200,6300,29163,-0.0031645569620253333
2022-05-30,6320,6550,6320,6540,29636,0.03809523809523818
2022-05-31,6540,6560,6470,6560,24596,0.003058103975535076
2022-06-02,6560,6580,6510,6540,8028,-0.0030487804878048808
2022-06-03,6550,6590,6510,6580,10441,0.006116207951070374
2022-06-07,6590,6930,6410,6410,57570,-0.02583586626139822
2022-06-08,6420,6680,6420,6590,29790,0.02808112324492984
2022-06-09,6590,6660,6490,6540,11715,-0.007587253414264028
2022-06-10,6460,6500,6390,6440,15408,-0.015290519877675823
2022-06-13,6260,6320,5940,5990,77848,-0.06987577639751552
2022-06-14,5820,6030,5820,5920,34138,-0.011686143572620988
2022-06-15,5850,5920,5620,5640,48998,-0.04729729729729726
2022-06-16,5660,5850,5530,5670,17433,0.005319148936170137
2022-06-17,5400,5550,5240,5520,85586,-0.02645502645502651
2022-06-20,5520,5530,5100,5200,36813,-0.05797101449275366
2022-06-21,5130,5280,5120,5250,31340,0.009615384615384581
2022-06-22,5170,5330,4965,5050,64794,-0.03809523809523807
2022-06-23,5010,5140,4680,4785,73114,-0.05247524752475252
2022-06-24,4775,4990,4775,4990,48990,0.0428422152560084
2022-06-27,5000,5310,5000,5210,41119,0.044088176352705455
2022-06-28,5210,5290,5000,5180,13216,-0.0057581573896353655
2022-06-29,5160,5270,5080,5260,13869,0.015444015444015413
2022-06-30,5160,5240,5110,5240,41555,-0.0038022813688213253
2022-07-01,5240,5320,5060,5120,17285,-0.022900763358778664
2022-07-04,5060,5230,4950,5220,34628,0.01953125
2022-07-05,5250,5480,5250,5460,40655,0.04597701149425282
2022-07-06,5480,5500,5280,5430,26506,-0.005494505494505475
2022-07-07,5430,5560,5360,5500,20179,0.012891344383057168
2022-07-08,5590,5620,5500,5600,32522,0.018181818181818077
2022-07-11,5570,5730,5570,5700,20652,0.017857142857142794
2022-07-12,5700,5730,5540,5650,22034,-0.00877192982456143
2022-07-13,5590,5820,5560,5800,26667,0.026548672566371723
2022-07-14,5800,5910,5780,5880,16896,0.01379310344827589
2022-07-15,5830,5860,5730,5840,18443,-0.006802721088435382
2022-07-18,5810,5910,5800,5860,12890,0.003424657534246478
2022-07-19,5870,5970,5860,5960,14850,0.017064846416382284
2022-07-20,5950,6060,5950,6050,20497,0.015100671140939603
2022-07-21,6070,6170,6020,6160,19563,0.018181818181818077
2022-07-22,6160,6200,6120,6150,10590,-0.0016233766233766378
2022-07-25,6190,6250,6060,6180,23364,0.004878048780487809
2022-07-26,6150,6310,6150,6300,21149,0.01941747572815533
2022-07-27,6290,6380,6240,6350,12560,0.007936507936507908
2022-07-28,6350,6400,6270,6370,20484,0.0031496062992126816
2022-07-29,6370,6450,6250,6300,27170,-0.01098901098901095
2022-08-01,6310,6350,6210,6350,23530,0.007936507936507908
2022-08-02,6360,6380,6310,6370,12101,0.0031496062992126816
2022-08-03,6400,6410,6300,6380,13417,0.0015698587127157548
2022-08-04,6410,6460,6340,6390,16943,0.0015673981191222097
2022-08-05,6400,6440,6330,6440,16009,0.00782472613458518
2022-08-08,6400,6450,6300,6350,12908,-0.013975155279503104
2022-08-09,6360,6360,6080,6090,33858,-0.04094488188976375
2022-08-10,6090,6100,5950,6010,24026,-0.013136288998357948
2022-08-11,6030,6200,6030,6190,14938,0.029950083194675514
2022-08-12,6210,6310,6140,6300,15387,0.017770597738287597
2022-08-16,6310,6370,6230,6300,17694,0.0
2022-08-17,6290,6350,6240,6320,18169,0.0031746031746031633
2022-08-18,6320,6390,6220,6360,23121,0.006329113924050667
2022-08-19,6380,6400,6300,6370,12098,0.0015723270440251014
2022-08-22,6360,6360,6090,6160,14723,-0.03296703296703296
2022-08-23,6160,6190,6110,6160,10478,0.0
2022-08-24,6160,6260,6100,6230,8380,0.011363636363636465
2022-08-25,6260,6260,6210,6260,7566,0.0048154093097914075
2022-08-26,6260,6290,6210,6260,7276,0.0
2022-08-29,6190,6190,6010,6070,12457,-0.030351437699680517
2022-08-30,6070,6190,6030,6190,15191,0.01976935749588149
2022-08-31,6170,6390,6110,6340,33699,0.024232633279483107
2022-09-01,6380,6380,6220,6300,11753,-0.006309148264984188
2022-09-02,6240,6300,6180,6270,9096,-0.004761904761904745
2022-09-05,6180,6280,6180,6230,7822,-0.006379585326953707
2022-09-06,6190,6250,6180,6200,3620,-0.0048154093097912964
2022-09-07,6150,6180,6040,6070,6677,-0.020967741935483897
2022-09-08,6070,6110,6020,6060,3242,-0.0016474464579900872
2022-09-13,6150,6150,6010,6080,9646,0.0033003300330032292
2022-09-14,5930,5990,5710,5920,12235,-0.02631578947368418
2022-09-15,5920,5950,5890,5930,2552,0.0016891891891892552
2022-09-16,5930,5980,5870,5930,4144,0.0
2022-09-19,5930,6000,5760,5890,9770,-0.006745362563237767
2022-09-20,5970,6070,5900,6050,27704,0.02716468590831922
2022-09-21,6050,6170,6000,6060,21045,0.0016528925619834212
2022-09-22,6060,6060,5930,6050,26929,-0.0016501650165016146
2022-09-23,6120,6120,5960,5960,27456,-0.014876033057851235
2022-09-26,5850,5920,5480,5480,53515,-0.08053691275167785
2022-09-27,5250,5540,5230,5340,43465,-0.025547445255474477
2022-09-28,5400,5400,4880,5130,51281,-0.0393258426966292
2022-09-29,5120,5240,5100,5120,33857,-0.0019493177387914784
2022-09-30,5020,5250,5000,5220,32311,0.01953125
2022-10-04,5250,5640,5240,5640,38686,0.08045977011494254
2022-10-05,5660,5680,5430,5610,6428,-0.005319148936170248
2022-10-06,5560,5580,5430,5530,25527,-0.014260249554367221
2022-10-07,5470,5500,5400,5400,8492,-0.023508137432188048
2022-10-11,5220,5440,5000,5030,12773,-0.06851851851851853
2022-10-12,4950,5110,4950,5020,12676,-0.001988071570576566
2022-10-13,4955,5020,4730,4780,19406,-0.047808764940239
2022-10-14,4830,5000,4805,4975,6165,0.04079497907949792
2022-10-17,4975,4980,4880,4970,4601,-0.0010050251256281673
2022-10-18,5000,5050,5000,5050,5177,0.016096579476861272
2022-10-19,5070,5140,5050,5060,3200,0.001980198019801982
2022-10-20,5070,5150,4900,5070,5507,0.0019762845849802257
2022-10-21,4915,5070,4915,5050,2832,-0.0039447731755424265
2022-10-24,5050,5150,4995,5050,8877,0.0
2022-10-25,5060,5100,5010,5090,7010,0.007920792079207928
2022-10-26,5160,5160,5040,5090,3021,0.0
2022-10-27,5070,5160,5000,5070,8456,-0.003929273084479323
2022-10-28,5200,5250,4970,4970,7029,-0.01972386587771202
2022-10-31,5060,5120,4800,5020,7766,0.010060362173038184
2022-11-01,5020,5100,5020,5100,3811,0.015936254980079667
2022-11-02,5130,5130,5020,5090,2090,-0.0019607843137254832
2022-11-03,4910,5100,4910,5020,6511,-0.013752455795677854
2022-11-04,5020,5130,5020,5100,4882,0.015936254980079667
2022-11-07,5130,5150,5100,5120,6739,0.0039215686274509665
2022-11-08,5170,5170,5100,5140,3014,0.00390625
2022-11-09,5140,5250,5130,5250,8406,0.021400778210116655
2022-11-10,5230,5250,5190,5200,3451,-0.00952380952380949
2022-11-11,5450,5470,5200,5340,20095,0.026923076923076827
2022-11-14,5390,5640,5360,5530,320181,0.035580524344569264
2022-11-15,5530,5600,5480,5580,24881,0.009041591320072317
2022-11-16,5530,5640,5480,5620,31852,0.007168458781362075
2022-11-17,5620,5680,5570,5620,9714,0.0
2022-11-18,5620,5660,5510,5590,9925,-0.005338078291814985
2022-11-21,5520,5560,5400,5420,14495,-0.030411449016100156
2022-11-22,5420,5450,5340,5400,5671,-0.0036900369003689537
2022-11-23,5400,5550,5400,5490,5170,0.016666666666666607
2022-11-24,5490,5530,5450,5510,5633,0.0036429872495447047
2022-11-25,5540,5620,5470,5540,4719,0.005444646098003547
2022-11-28,5550,5570,5400,5490,4681,-0.009025270758122761
2022-11-29,5390,5450,5390,5450,4022,-0.007285974499089298
2022-11-30,5460,5510,5400,5460,7809,0.0018348623853210455
2022-12-01,5520,5560,5450,5520,12071,0.01098901098901095
2022-12-02,5550,5550,5470,5500,6030,-0.0036231884057971175
2022-12-05,5470,5560,5470,5520,4771,0.0036363636363636598
2022-12-06,5470,5550,5450,5490,4729,-0.005434782608695676
2022-12-07,5450,5490,5410,5470,1494,-0.0036429872495445936
2022-12-08,5460,5520,5410,5460,2436,-0.001828153564899404
2022-12-09,5500,5500,5350,5400,8224,-0.01098901098901095
2022-12-12,5410,5440,5320,5320,7308,-0.014814814814814836
2022-12-13,5330,5360,5270,5310,6402,-0.001879699248120259
2022-12-14,5320,5430,5320,5390,3924,0.015065913370998052
2022-12-15,5420,5420,5350,5390,7868,0.0
2022-12-16,5320,5480,5320,5390,4151,0.0
2022-12-19,5390,5500,5320,5480,19814,0.016697588126159513
2022-12-20,5430,5510,5350,5470,10929,-0.0018248175182481452
2022-12-21,5450,5550,5400,5480,5856,0.001828153564899404
2022-12-22,5490,5570,5410,5530,16014,0.009124087591240837
2022-12-23,5510,5510,5300,5350,10754,-0.032549728752260365
2022-12-26,5350,5350,5240,5300,6022,-0.009345794392523366
2022-12-27,5260,5310,5240,5290,13700,-0.0018867924528301883
2022-12-28,5240,5320,5200,5260,23350,-0.005671077504725952
2022-12-29,5260,5260,5140,5140,6847,-0.02281368821292773
2023-01-02,5140,5160,5020,5110,7609,-0.005836575875486361
2023-01-03,5110,5120,4980,5070,5698,-0.007827788649706457
2023-01-04,4950,5120,4950,5080,8218,0.0019723865877712132
2023-01-05,5040,5150,5030,5100,11712,0.003937007874015741
2023-01-06,5100,5140,5030,5100,13135,0.0
2023-01-09,5120,5200,5100,5170,22885,0.013725490196078383
2023-01-10,5160,5200,5120,5170,8199,0.0
2023-01-11,5210,5230,5170,5190,12773,0.003868471953578423
2023-01-12,5230,5250,5150,5190,9044,0.0
2023-01-13,5220,5240,5170,5190,7280,0.0
2023-01-16,5160,5250,5160,5250,11550,0.011560693641618602
2023-01-17,5190,5250,5180,5250,7887,0.0
2023-01-18,5230,5300,5200,5300,10191,0.00952380952380949
2023-01-19,5270,5330,5140,5200,15795,-0.018867924528301883
2023-01-20,5230,5230,5150,5200,12552,0.0
2023-01-25,5200,5260,5190,5250,21768,0.009615384615384581
2023-01-26,5210,5340,5210,5330,34658,0.015238095238095273
2023-01-27,5300,5390,5300,5380,8634,0.009380863039399667
2023-01-30,5330,5380,5330,5350,11225,-0.005576208178438624
2023-01-31,5310,5380,5270,5330,10744,-0.0037383177570093906
2023-02-01,5360,5410,5320,5360,14700,0.0056285178236397115
2023-02-02,5390,5390,5250,5320,33476,-0.007462686567164201
2023-02-03,5350,5390,5290,5350,13329,0.005639097744360999
2023-02-06,5360,5380,5290,5310,14503,-0.00747663551401867
2023-02-07,5240,5330,5240,5300,20676,-0.0018832391713747842
2023-02-08,5300,5460,5280,5390,24644,0.016981132075471805
2023-02-09,5350,5450,5350,5450,12635,0.011131725417439675
2023-02-10,5440,5450,5340,5380,6930,-0.012844036697247652
2023-02-13,5350,5380,5200,5200,16896,-0.03345724907063197
2023-02-14,5180,5330,5170,5310,21741,0.02115384615384608
2023-02-15,5310,5310,5070,5070,18929,-0.04519774011299438
2023-02-16,5110,5180,5080,5160,19310,0.01775147928994092
2023-02-17,5160,5190,5070,5140,18601,-0.003875968992248069
2023-02-20,5130,5220,5100,5220,12910,0.015564202334630295
2023-02-21,5150,5200,5000,5060,52460,-0.03065134099616862
2023-02-22,5000,5180,5000,5090,27186,0.005928853754940677
2023-02-23,5050,5090,5030,5060,11188,-0.005893909626719096
2023-02-24,5090,5090,4960,5080,16169,0.0039525691699604515
2023-02-27,5030,5030,4975,4975,10398,-0.02066929133858264
2023-02-28,4975,5180,4965,5040,53690,0.01306532663316573
2023-03-02,5070,5140,5030,5050,20889,0.001984126984126977
2023-03-03,5030,5080,5020,5050,10538,0.0
2023-03-06,5050,5130,5010,5040,18004,-0.001980198019801982
2023-03-07,5070,5370,5070,5220,80660,0.03571428571428581
2023-03-08,5170,5320,5130,5320,31502,0.019157088122605304
2023-03-09,5280,5380,5200,5350,27190,0.005639097744360999
2023-03-10,5270,5320,5210,5210,14231,-0.0261682242990654
2023-03-13,5150,5150,5010,5130,24605,-0.015355086372360827
2023-03-14,5090,5090,4945,4965,17974,-0.032163742690058506
2023-03-15,4970,5120,4970,5030,9250,0.01309164149043296
2023-03-16,5030,5050,4905,4960,10647,-0.013916500994035741
2023-03-17,4980,5170,4975,5080,267498,0.024193548387096753
2023-03-20,5080,5150,5010,5050,32017,-0.0059055118110236116
2023-03-21,5010,5120,5000,5050,12446,0.0
2023-03-22,5090,5120,4975,5120,16959,0.013861386138613874
2023-03-23,5110,5160,5010,5150,15798,0.005859375
2023-03-24,5110,5280,5100,5220,30224,0.013592233009708687
2023-03-27,5230,5260,5110,5240,16519,0.003831417624521105
2023-03-28,5240,5520,5170,5490,81770,0.04770992366412208
2023-03-29,5550,5630,5460,5550,72538,0.010928961748633892
2023-03-30,5630,5790,5520,5750,73786,0.03603603603603611
2023-03-31,5780,5850,5690,5780,40879,0.00521739130434784
2023-04-03,5900,5900,5530,5750,80889,-0.00519031141868509
2023-04-04,5730,5930,5630,5820,71905,0.012173913043478368
2023-04-05,5960,5960,5700,5800,33967,-0.0034364261168384758
2023-04-06,5850,5850,5610,5690,18329,-0.018965517241379293
2023-04-07,5690,5900,5650,5740,34735,0.008787346221441172
2023-04-10,5760,5810,5400,5570,45445,-0.029616724738675937
2023-04-11,5510,5670,5510,5620,27183,0.008976660682226134
2023-04-12,5620,5680,5530,5620,19834,0.0
2023-04-13,5980,5980,5650,5740,60560,0.021352313167259718
2023-04-14,5740,5850,5620,5720,26476,-0.0034843205574912606
2023-04-17,5720,5720,5560,5640,20017,-0.013986013986013957
2023-04-18,5660,5660,5490,5540,24106,-0.01773049645390068
2023-04-19,5550,5640,5520,5630,17805,0.016245487364620947
2023-04-20,5680,5690,5380,5570,36651,-0.010657193605683846
2023-04-21,5570,5700,5350,5420,37294,-0.026929982046678624
2023-04-24,5470,5470,5290,5430,26889,0.0018450184501845879
2023-04-25,5430,5480,5160,5270,17702,-0.029465930018416242
2023-04-26,5260,5330,5110,5130,27530,-0.026565464895635715
2023-04-27,5170,5200,5060,5180,20104,0.00974658869395717
2023-04-28,5260,5260,5060,5060,15392,-0.02316602316602312
2023-05-02,5160,5160,4995,5130,39093,0.01383399209486158
2023-05-03,5110,5400,5050,5280,29141,0.029239766081871288
2023-05-04,5230,5300,5200,5240,6141,-0.007575757575757569
2023-05-08,5320,5320,5170,5280,15258,0.007633587786259444
2023-05-09,5280,5290,5150,5200,14131,-0.015151515151515138
2023-05-10,5140,5240,5140,5200,14510,0.0
2023-05-11,5250,5310,5200,5220,17671,0.0038461538461538325
2023-05-12,5310,5970,5200,5760,232882,0.10344827586206895
2023-05-15,5920,5920,5630,5800,42344,0.00694444444444442
2023-05-16,5790,5870,5660,5660,59677,-0.024137931034482807
2023-05-17,5660,5830,5660,5830,28234,0.030035335689045928
2023-05-18,5830,5930,5770,5860,42260,0.005145797598627766
2023-05-19,5910,5910,5740,5890,28412,0.005119453924914641
2023-05-22,5840,5970,5800,5950,51938,0.01018675721561979
2023-05-23,5970,6010,5890,6000,41755,0.008403361344537785
2023-05-24,5950,6030,5900,6020,24675,0.0033333333333334103
2023-05-25,6060,6100,5970,6050,19638,0.004983388704318914
2023-05-26,6090,6110,5910,5960,54772,-0.014876033057851235
2023-05-30,5970,6100,5930,5950,15889,-0.001677852348993314
2023-05-31,5990,6000,5910,5920,23023,-0.005042016806722671
2023-06-01,5870,5920,5830,5880,18392,-0.006756756756756799
2023-06-02,5880,6040,5880,6040,20927,0.027210884353741527
2023-06-05,6030,6110,5970,6070,31656,0.004966887417218624
2023-06-07,6070,6230,6070,6170,42679,0.016474464579901094
2023-06-08,6160,6290,6100,6210,22304,0.006482982171799101
2023-06-09,6210,6270,5830,6210,62329,0.0
2023-06-12,6210,6250,6060,6240,44473,0.004830917874396157
2023-06-13,6220,6350,6220,6300,30600,0.009615384615384581
2023-06-14,6300,6330,6090,6220,26693,-0.012698412698412653
2023-06-15,6130,6210,5910,5950,76142,-0.043408360128617374
2023-06-16,5950,6130,5940,6100,29569,0.025210084033613356
2023-06-19,6110,6240,6050,6150,20323,0.008196721311475308
2023-06-20,6150,6240,6040,6110,15768,-0.006504065040650375
2023-06-21,6130,6190,6000,6160,43923,0.008183306055646433
2023-06-22,6120,6190,6000,6040,22047,-0.01948051948051943
2023-06-23,6040,6110,5890,5920,23662,-0.019867549668874163
2023-06-26,5920,6030,5850,6020,30053,0.016891891891891886
2023-06-27,6030,6090,5930,5980,23119,-0.006644518272425293
2023-06-28,5980,6070,5910,6040,21160,0.010033444816053505
2023-06-29,6050,6060,5900,6030,49671,-0.0016556291390728006
2023-06-30,6030,6220,5980,6220,74841,0.031509121061359835
2023-07-03,6270,6420,6110,6330,87981,0.01768488745980701
2023-07-04,6330,6390,6260,6380,35397,0.00789889415481837
2023-07-05,6350,6420,6240,6290,29152,-0.014106583072100332
2023-07-06,6240,6240,6030,6060,51912,-0.0365659777424483
2023-07-07,5970,6160,5970,6100,24746,0.0066006600660066805
2023-07-10,6100,6150,6040,6080,25108,-0.003278688524590123
2023-07-11,6110,6190,6080,6150,13709,0.011513157894736947
2023-07-12,6150,6250,6150,6230,26934,0.01300813008130075
2023-07-13,6310,6310,6190,6240,28515,0.0016051364365972098
2023-07-14,6240,6380,6200,6370,55763,0.02083333333333326
2023-07-17,6370,6540,6370,6540,105031,0.02668759811616961
2023-07-18,6580,6620,6310,6310,67677,-0.03516819571865448
2023-07-19,6390,6390,6140,6150,44776,-0.02535657686212356
2023-07-20,6150,6480,6110,6420,57702,0.04390243902439028
2023-07-21,6340,6420,6170,6170,42381,-0.0389408099688473
2023-07-24,6170,6250,6000,6150,85336,-0.0032414910858995505
2023-07-25,6110,6140,5830,5910,76204,-0.039024390243902474
2023-07-26,5870,5910,5510,5640,105459,-0.045685279187817285
2023-07-27,5600,6050,5600,6010,43413,0.06560283687943258
2023-07-28,5910,6140,5910,6080,24667,0.011647254575707144
2023-07-31,6120,6180,6050,6130,30162,0.008223684210526327
2023-08-01,6150,6580,6000,6500,188981,0.06035889070146827
2023-08-02,6680,7030,6430,6620,772086,0.01846153846153853
2023-08-03,6510,6880,6200,6300,311901,-0.048338368580060465
2023-08-04,6200,6200,5990,6140,84185,-0.025396825396825418
2023-08-07,6140,6810,6080,6760,297844,0.10097719869706845
2023-08-08,6990,7200,6230,6230,816724,-0.07840236686390534
2023-08-09,6310,6450,6220,6350,142779,0.019261637239165408
2023-08-10,6500,6680,6260,6650,231080,0.04724409448818889
2023-08-11,6750,6890,6580,6860,320512,0.03157894736842115
2023-08-14,7500,8910,7470,8910,5148452,0.2988338192419826
2023-08-16,10410,11580,10400,11580,6473187,0.29966329966329974
2023-08-17,10560,11000,8120,9280,7922376,-0.19861830742659758
2023-08-18,8430,8760,7580,8140,2418612,-0.12284482758620685
2023-08-21,7990,8170,7230,7380,1342035,-0.09336609336609336
2023-08-22,7470,7710,7140,7660,921593,0.03794037940379402
2023-08-23,8100,8310,6820,7030,2502182,-0.0822454308093995
2023-08-24,7030,7210,6850,7040,521055,0.0014224751066855834
2023-08-25,7040,7230,6880,6970,348884,-0.009943181818181768
2023-08-28,6990,7310,6650,7190,407653,0.031563845050215145
2023-08-29,7070,7290,6880,7180,563028,-0.0013908205841446364
2023-08-30,7190,7380,7110,7160,430186,-0.0027855153203342198
2023-08-31,7160,7160,6720,6770,468739,-0.0544692737430168
2023-09-01,6770,6890,6610,6760,251734,-0.001477104874446078
2023-09-04,6880,6990,6740,6800,248748,0.00591715976331364
2023-09-05,6820,7260,6810,7080,626306,0.04117647058823537
2023-09-06,7080,7130,6900,6940,266386,-0.019774011299435013
2023-09-07,6940,7090,6910,6970,187659,0.004322766570605152
2023-09-08,7000,7050,6750,6930,184032,-0.0057388809182209455
2023-09-11,6900,7020,6810,6860,104667,-0.010101010101010055
2023-09-12,6860,6970,6650,6720,128629,-0.020408163265306145
2023-09-13,6670,6820,6580,6590,107418,-0.019345238095238138
2023-09-14,6590,7080,6580,6900,315484,0.047040971168436974
2023-09-15,6850,6900,6760,6830,113970,-0.010144927536231862
2023-09-18,6890,6920,6740,6840,87897,0.0014641288433381305
2023-09-19,6840,6870,6630,6650,95893,-0.02777777777777779
2023-09-20,6750,6900,6650,6670,69809,0.003007518796992459
2023-09-21,6640,6760,6500,6560,115508,-0.016491754122938573
2023-09-22,6500,6600,6340,6400,160393,-0.024390243902439046
2023-09-25,6400,6400,6150,6290,64997,-0.017187500000000022
2023-09-26,6280,6330,6160,6240,52023,-0.007949125596184436
2023-09-27,6310,6330,6100,6320,47735,0.012820512820512775
2023-10-04,6320,6450,6180,6180,76850,-0.022151898734177222
2023-10-05,6180,6280,6060,6060,101808,-0.01941747572815533
2023-10-06,6000,6620,6000,6430,191778,0.06105610561056096
2023-10-10,6430,6560,6130,6220,118826,-0.03265940902021769
2023-10-11,6120,6370,6120,6350,38661,0.020900321543408262
2023-10-12,6350,6490,5750,6220,150178,-0.020472440944881876
2023-10-13,6220,6250,6010,6140,112417,-0.012861736334405127
2023-10-16,6140,6140,5850,5920,90242,-0.03583061889250816
2023-10-17,5970,6520,5970,6390,170124,0.07939189189189189
2023-10-18,6410,6410,6170,6230,82260,-0.025039123630672955
2023-10-19,6100,6270,6050,6110,64900,-0.019261637239165297
2023-10-20,6110,6130,5740,5840,102640,-0.04418985270049103
2023-10-23,5740,5880,5610,5650,77606,-0.03253424657534243
2023-10-24,5680,5850,5450,5780,77058,0.023008849557522026
2023-10-25,5790,5930,5740,5770,41553,-0.0017301038062284002
2023-10-26,5730,5730,5530,5560,81836,-0.036395147313691534
2023-10-27,5520,5670,5490,5570,34644,0.0017985611510791255
2023-10-30,5780,5780,5450,5580,25103,0.0017953321364452268
2023-10-31,5600,5610,5400,5410,47952,-0.03046594982078854
2023-11-01,5410,5550,5360,5370,35193,-0.007393715341959317
2023-11-02,5460,5660,5450,5620,45884,0.04655493482309114
2023-11-03,5730,5730,5500,5690,39324,0.01245551601423478
2023-11-06,5710,5830,5650,5790,55688,0.017574692442882345
2023-11-07,5720,5750,5530,5600,63144,-0.032815198618307395
2023-11-08,5570,5660,5450,5500,56940,-0.017857142857142905
2023-11-09,5610,5610,5400,5480,40706,-0.0036363636363636598
2023-11-10,5450,5480,5300,5390,45928,-0.01642335766423353
2023-11-13,5390,5650,5150,5350,129722,-0.007421150278293154
2023-11-14,5260,5390,5260,5380,57099,0.005607476635514086
2023-11-15,5530,5600,5380,5590,70670,0.0390334572490707
2023-11-16,5540,5710,5500,5680,67071,0.01610017889087656
2023-11-17,5660,5680,5460,5600,46502,-0.014084507042253502
2023-11-20,5600,5680,5500,5610,31446,0.0017857142857142794
2023-11-21,5620,5720,5570,5600,27694,-0.0017825311942959443
2023-11-22,5600,5730,5530,5610,42241,0.0017857142857142794
2023-11-23,5660,5710,5570,5630,38302,0.0035650623885918886
2023-11-24,5630,6150,5550,5660,490399,0.005328596802841812
2023-11-27,5840,5970,5670,5760,147469,0.0176678445229681
2023-11-28,5750,5760,5550,5630,98683,-0.02256944444444442
2023-11-29,5560,5630,5510,5610,48299,-0.003552397868561319
2023-11-30,5530,5600,5470,5500,50295,-0.019607843137254943
2023-12-01,5510,5600,5330,5340,97108,-0.029090909090909056
2023-12-04,5310,5400,5270,5370,51034,0.00561797752808979
2023-12-05,5350,5390,5210,5280,49080,-0.016759776536312887
2023-12-06,5240,5300,5210,5270,29960,-0.0018939393939394478
2023-12-07,5340,5420,5290,5340,48427,0.013282732447817747
2023-12-08,5350,5470,5310,5370,19665,0.00561797752808979
2023-12-11,5340,5440,5330,5370,26235,0.0
2023-12-12,5320,5400,5290,5360,33182,-0.0018621973929237035
2023-12-13,5440,5440,5250,5260,55020,-0.018656716417910446
2023-12-14,5360,5360,5180,5300,35783,0.0076045627376426506
2023-12-15,5360,5450,5250,5350,34296,0.009433962264151052
2023-12-18,5400,5400,5290,5380,10769,0.005607476635514086
2023-12-19,5390,5410,5300,5340,19617,-0.0074349442379182396
2023-12-20,5350,5460,5280,5400,62039,0.011235955056179803
2023-12-21,5400,5710,5310,5470,92449,0.012962962962963065
2023-12-22,5470,5800,5470,5640,89337,0.031078610603290757
2023-12-26,5810,5810,5450,5450,53591,-0.03368794326241131
2023-12-27,5450,5550,5380,5420,32735,-0.0055045871559632475
2023-12-28,5420,5560,5410,5510,24866,0.016605166051660625
2024-01-02,5510,5580,5400,5530,26375,0.003629764065335772
2024-01-03,5500,5500,5400,5450,32283,-0.01446654611211573
2024-01-04,5390,5720,5320,5600,143510,0.02752293577981657
2024-01-05,5600,5600,5410,5500,56153,-0.017857142857142905
2024-01-08,5530,6170,5530,6010,570954,0.09272727272727277
2024-01-09,5950,6090,5840,5900,200264,-0.01830282861896837
2024-01-10,5870,5870,5570,5680,113640,-0.037288135593220306
2024-01-11,5660,5780,5610,5740,56982,0.010563380281690238
2024-01-12,5700,5720,5550,5570,64103,-0.029616724738675937
2024-01-15,5560,5590,5410,5420,57477,-0.026929982046678624
2024-01-16,5460,5600,5420,5430,42679,0.0018450184501845879
2024-01-17,5430,5490,5260,5260,52086,-0.03130755064456725
2024-01-18,5270,5370,5250,5370,14283,0.02091254752851701
2024-01-19,5400,5490,5380,5460,37502,0.016759776536312776
2024-01-22,5630,6430,5520,6100,1155928,0.11721611721611724
2024-01-23,6130,6200,5800,6040,292553,-0.00983606557377048
2024-01-24,6040,6160,5900,5990,132115,-0.008278145695364225
2024-01-25,5960,6040,5830,5950,108058,-0.006677796327211993
2024-01-26,5980,6470,5910,6410,321776,0.07731092436974785
2024-01-29,6480,6530,5980,6030,267645,-0.05928237129485181
2024-01-30,6020,6040,5740,5890,115589,-0.023217247097844118
2024-01-31,5840,5990,5750,5750,89952,-0.02376910016977929
2024-02-01,5750,5880,5660,5710,56757,-0.006956521739130417
2024-02-02,5760,5900,5700,5830,106127,0.021015761821365997
2024-02-05,5830,6100,5740,6070,183573,0.04116638078902235
2024-02-06,6070,6100,5860,5990,91997,-0.01317957166392092
2024-02-07,5980,6950,5980,6530,1873954,0.09015025041736235
2024-02-08,6530,7090,6500,6970,863932,0.0673813169984685
2024-02-13,7040,7440,6840,7430,567252,0.06599713055954082
2024-02-14,7400,7700,7160,7700,603792,0.03633916554508754
2024-02-15,7910,8370,7710,7900,815794,0.025974025974025983
2024-02-16,7900,7930,7500,7530,307417,-0.04683544303797471
2024-02-19,6950,7380,6950,7210,259936,-0.04249667994687911
2024-02-20,7260,7460,7000,7370,178299,0.02219140083217752
2024-02-21,7800,7800,6570,6830,588853,-0.07327001356852103
2024-02-22,6870,7080,6640,6770,205489,-0.008784773060029227
2024-02-23,6790,6920,6620,6650,123699,-0.017725258493353047
2024-02-26,6820,6820,6400,6450,117265,-0.03007518796992481
2024-02-27,6450,6500,6280,6300,82092,-0.023255813953488413
2024-02-28,6350,6700,6250,6360,177772,0.00952380952380949
2024-02-29,6330,6390,6120,6150,101570,-0.03301886792452835
2024-03-04,6400,6460,6180,6270,108042,0.019512195121951237
2024-03-05,6240,6240,5960,6060,196072,-0.03349282296650713
2024-03-06,6060,6140,6000,6070,106478,0.0016501650165017256
2024-03-07,6020,6130,5840,5850,141239,-0.036243822075782584
2024-03-08,5870,6100,5860,6020,94375,0.029059829059828957
2024-03-11,6020,6150,5920,6030,87448,0.0016611295681063787
2024-03-12,6050,6130,5910,6110,94421,0.013266998341625147
2024-03-13,6120,6120,5960,6050,75815,-0.009819967266775809
2024-03-14,6050,6060,5880,5880,77599,-0.028099173553719048
2024-03-15,5870,5890,5760,5860,44533,-0.003401360544217691
2024-03-18,5860,5950,5860,5920,30208,0.010238907849829282
2024-03-19,5960,6080,5880,5970,64680,0.008445945945946054
2024-03-20,5990,6190,5990,6020,98421,0.008375209380234505
2024-03-21,6100,6200,6050,6160,58952,0.023255813953488413
2024-03-22,6120,6240,6050,6230,70072,0.011363636363636465
2024-03-25,6230,6450,6220,6290,108019,0.009630818619582593
2024-03-26,6290,6380,6160,6270,54990,-0.0031796502384737746
2024-03-27,6210,6300,6180,6230,46296,-0.006379585326953707
2024-03-28,6220,6260,6150,6210,41830,-0.0032102728731941976
2024-03-29,6240,6240,6080,6110,34521,-0.01610305958132041
2024-04-01,6470,7090,6270,6510,933798,0.06546644844517191
2024-04-02,6540,6540,6300,6380,142098,-0.019969278033794113
2024-04-03,6280,7190,6200,6780,1030754,0.06269592476489039
2024-04-04,7020,7250,6720,6940,779492,0.02359882005899716
2024-04-05,7080,7390,6920,6950,772859,0.0014409221902016434
2024-04-08,7010,7190,6680,6740,302427,-0.030215827338129442
2024-04-09,6750,6940,6560,6590,140471,-0.022255192878338326
2024-04-11,6500,6690,6390,6650,87227,0.009104704097116834
2024-04-12,6650,6900,6550,6660,96475,0.0015037593984963404
2024-04-15,6520,6760,6430,6710,112670,0.007507507507507505
2024-04-16,6700,6730,6490,6590,112678,-0.01788375558867361
2024-04-17,6620,6890,6620,6730,162091,0.02124430955993928
2024-04-18,6700,6830,6600,6830,98630,0.014858841010401136
2024-04-19,6830,6870,6410,6490,147225,-0.049780380673499214
2024-04-22,6450,6530,6340,6500,71282,0.0015408320493066618
2024-04-23,6500,6560,6340,6380,84528,-0.018461538461538418
2024-04-24,6410,6520,6410,6480,44013,0.01567398119122254
2024-04-25,6530,6590,6310,6310,69007,-0.026234567901234573
2024-04-26,6390,6630,6300,6610,86996,0.047543581616481756
2024-04-29,6620,6760,6620,6630,100055,0.00302571860816947
2024-04-30,6630,6930,6580,6790,161404,0.02413273001508287
2024-05-02,6810,7190,6720,6940,349888,0.022091310751104487
2024-05-03,6940,6990,6740,6840,108888,-0.014409221902017322
2024-05-07,6940,7110,6840,7100,158990,0.03801169590643272
2024-05-08,7100,7100,6860,6900,99498,-0.028169014084507005
2024-05-09,6900,7070,6740,6760,82356,-0.020289855072463725
2024-05-10,6770,6830,6610,6690,70057,-0.010355029585798814
2024-05-13,6770,7100,6690,6890,109304,0.029895366218236186
2024-05-14,6820,6940,6630,6640,110902,-0.036284470246734424
2024-05-16,6650,6770,6590,6640,91155,0.0
2024-05-17,6600,6600,6330,6370,124251,-0.04066265060240959
2024-05-20,6370,6390,6190,6280,94406,-0.014128728414442682
2024-05-21,6330,6330,6100,6160,86678,-0.019108280254777066
2024-05-22,6170,6270,6110,6170,53105,0.0016233766233766378
2024-05-23,6170,6220,6010,6050,80651,-0.01944894651539708
2024-05-24,6100,6100,5960,6000,54944,-0.008264462809917328
2024-05-27,6000,6060,5880,5930,72362,-0.011666666666666714
2024-05-28,6020,6070,5900,5920,45193,-0.001686340640809414
2024-05-29,6090,6090,5940,5970,46876,0.008445945945946054
2024-05-30,5970,6020,5920,5960,28958,-0.0016750418760469454
2024-05-31,5910,6040,5770,5790,46477,-0.028523489932885893
2024-06-03,5800,5950,5800,5880,32151,0.015544041450777257
2024-06-04,5830,5920,5760,5850,31165,-0.005102040816326481
2024-06-05,5850,5850,5770,5800,31313,-0.008547008547008517
2024-06-07,5850,5870,5750,5770,26998,-0.005172413793103403
2024-06-10,5740,5810,5650,5810,38209,0.006932409012131657
2024-06-11,5740,5920,5740,5840,52849,0.005163511187607606
2024-06-12,5840,5970,5840,5940,50758,0.017123287671232834
2024-06-13,5950,6050,5870,5900,73198,-0.006734006734006703
2024-06-14,5900,5980,5740,5780,70182,-0.02033898305084747
2024-06-17,5770,5830,5700,5710,39041,-0.01211072664359858
2024-06-18,5740,5770,5500,5530,91940,-0.031523642732048995
2024-06-19,5530,5640,5430,5490,54201,-0.007233273056057921
2024-06-20,5550,5580,5470,5520,24342,0.005464480874316946
2024-06-21,5550,5630,5330,5400,80362,-0.021739130434782594
2024-06-24,5400,5430,5230,5330,52088,-0.012962962962962954
2024-06-25,5330,5440,5270,5410,35378,0.015009380863039379
2024-06-26,5420,5520,5390,5420,29470,0.001848428835489857
2024-06-27,5480,5480,5270,5280,32535,-0.02583025830258301
2024-06-28,5280,5310,5230,5310,28321,0.005681818181818121
2024-07-01,5310,5450,5290,5390,28110,0.015065913370998052
2024-07-02,5330,5380,5190,5200,50859,-0.03525046382189234
2024-07-03,5200,5250,5130,5250,51759,0.009615384615384581
2024-07-04,5180,5330,5180,5290,20098,0.007619047619047636
2024-07-05,5330,5330,5210,5210,33773,-0.015122873345935761
2024-07-08,5210,5370,5180,5320,20239,0.02111324376199608
2024-07-09,5270,5420,5270,5390,26439,0.013157894736842035
2024-07-10,5380,5380,5220,5300,20237,-0.016697588126159513
2024-07-11,5320,5410,5290,5370,39065,0.013207547169811429
2024-07-12,5370,5570,5320,5390,47674,0.003724394785847407
2024-07-15,5400,5570,5300,5370,14648,-0.0037105751391465214
2024-07-16,5320,5370,5190,5210,44540,-0.029795158286778367
2024-07-17,5190,5230,5080,5080,62277,-0.0249520153550864
2024-07-18,5080,5080,4935,5020,44023,-0.011811023622047223
2024-07-19,5020,5110,4975,5060,28073,0.007968127490039834
2024-07-22,5120,5120,4965,5000,32986,-0.011857707509881465
2024-07-23,4980,5130,4975,5000,30210,0.0
2024-07-24,5010,5140,4950,4980,27573,-0.0040000000000000036
2024-07-25,4975,4975,4780,4815,80384,-0.033132530120481896
2024-07-26,4815,4915,4785,4815,40049,0.0
2024-07-29,4815,4880,4770,4805,16060,-0.0020768431983385627
2024-07-30,4780,4885,4660,4660,50005,-0.030176899063475537
2024-07-31,4660,4865,4615,4810,47673,0.032188841201716833
2024-08-01,4825,4940,4810,4845,10999,0.007276507276507305
2024-08-02,4800,4805,4540,4550,77928,-0.0608875128998968
2024-08-05,4530,4550,3925,4010,164972,-0.1186813186813187
2024-08-06,3930,4190,3930,4125,76078,0.02867830423940143
2024-08-07,4215,4320,4125,4205,17688,0.019393939393939297
2024-08-08,4060,4275,4060,4145,14972,-0.014268727705113005
2024-08-09,4200,4325,4200,4280,27924,0.03256936067551264
2024-08-12,4300,4385,4270,4350,21987,0.016355140186915973
2024-08-13,4420,4420,4210,4280,21709,-0.016091954022988464
2024-08-14,4370,4525,4310,4515,32469,0.054906542056074814
2024-08-16,4540,4590,4485,4525,21531,0.00221483942414169
2024-08-19,4525,4565,4370,4405,17442,-0.026519337016574607
2024-08-20,4395,4640,4395,4590,28119,0.041997729852440324
2024-08-21,4555,5000,4550,4655,55793,0.014161220043573008
2024-08-22,4655,4675,4530,4580,21529,-0.01611170784103111
2024-08-23,4625,4625,4435,4475,13696,-0.022925764192139764
2024-08-26,4430,4545,4375,4405,11518,-0.015642458100558643
2024-08-27,4405,4485,4360,4385,6429,-0.004540295119182747
2024-08-28,4460,4460,4320,4380,7838,-0.0011402508551880963
2024-08-29,4340,4450,4280,4425,23596,0.010273972602739656
2024-08-30,4485,4515,4360,4360,9824,-0.014689265536723117
2024-09-02,4460,4685,4375,4420,22445,0.013761467889908285
2024-09-03,4380,4425,4325,4375,21486,-0.010180995475113086
2024-09-04,4270,4330,4215,4240,18662,-0.030857142857142805
2024-09-05,4240,4475,4180,4180,12875,-0.014150943396226467
2024-09-06,4130,4180,4025,4025,34637,-0.037081339712918715
2024-09-09,4000,4065,3910,4065,25207,0.009937888198757738
2024-09-10,4015,4150,3990,4030,7612,-0.008610086100861003
2024-09-11,4030,4095,3995,4030,14873,0.0
2024-09-12,4115,4140,4050,4085,9254,0.013647642679900818
2024-09-13,4170,4170,4045,4120,8784,0.008567931456548328
2024-09-19,4120,4130,4025,4030,18171,-0.021844660194174748
2024-09-20,4035,4190,4010,4180,15872,0.037220843672456594
2024-09-23,4180,4180,4055,4080,11652,-0.02392344497607657
2024-09-24,4150,4150,4080,4115,5015,0.008578431372548989
2024-09-25,4170,4195,4110,4155,17171,0.009720534629404698
2024-09-26,4155,4270,4155,4250,26871,0.022864019253910906
2024-09-27,4270,4290,4225,4280,16177,0.007058823529411784
2024-09-30,4305,4305,4135,4135,12129,-0.033878504672897214
2024-10-02,4085,4220,4075,4165,20967,0.007255139056831839
2024-10-04,4210,4210,4090,4190,4932,0.006002400960384069
2024-10-07,4190,4275,4150,4260,12978,0.01670644391408116
2024-10-08,4250,4250,4150,4155,13044,-0.02464788732394363
2024-10-10,4155,4215,4085,4135,18512,-0.004813477737665495
2024-10-11,4195,4195,4100,4110,4361,-0.006045949214026569
2024-10-14,4105,4140,4060,4135,8854,0.006082725060827299
2024-10-15,4100,4255,4100,4140,21498,0.0012091898428052694
2024-10-16,4140,4155,4050,4080,8961,-0.01449275362318836
2024-10-17,4190,4260,4100,4220,25483,0.03431372549019618
2024-10-18,4220,4230,4110,4200,13991,-0.004739336492891044
2024-10-21,4175,4175,4080,4090,14115,-0.02619047619047621
2024-10-22,4070,4105,4040,4040,24143,-0.012224938875305624
2024-10-23,4015,4135,3990,4060,21814,0.004950495049504955
2024-10-24,4010,4065,3995,4005,12865,-0.013546798029556606
2024-10-25,4005,4080,3935,3950,20266,-0.013732833957553092
2024-10-28,3950,4080,3920,3990,14235,0.010126582278481067
2024-10-29,3990,4075,3915,3925,13762,-0.016290726817042578
2024-10-30,3965,3965,3860,3870,36736,-0.014012738853503182
2024-10-31,3885,3960,3840,3900,13306,0.007751937984496138
2024-11-01,3895,4005,3855,3875,13853,-0.0064102564102563875
2024-11-04,3910,3970,3870,3920,9117,0.011612903225806548
2024-11-05,4010,4010,3920,3965,8261,0.011479591836734748
2024-11-06,4020,4200,3840,4110,140135,0.03656998738965944
2024-11-07,4205,4360,4185,4340,107894,0.05596107055961075
2024-11-08,4405,4500,4365,4470,71254,0.02995391705069128
2024-11-11,4520,4545,4400,4500,109700,0.006711409395973256
2024-11-12,4470,4540,4310,4365,124056,-0.030000000000000027
2024-11-13,4365,4470,4320,4380,83193,0.0034364261168384758
2024-11-14,4380,4500,4350,4405,93889,0.005707762557077611
2024-11-15,4385,4455,4380,4390,102317,-0.0034052213393870323
2024-11-18,4390,4510,4355,4485,67093,0.021640091116173155
2024-11-19,4515,4620,4455,4620,58954,0.030100334448160515
2024-11-20,4625,4750,4575,4675,63172,0.011904761904761862
2024-11-21,4675,4840,4675,4770,95125,0.02032085561497321
2024-11-22,4775,4890,4775,4850,82100,0.016771488469601747
2024-11-25,4850,4940,4600,4885,102831,0.007216494845360799
2024-11-26,4850,4900,4710,4850,111419,-0.007164790174002067
2024-11-27,4775,4895,4775,4815,44504,-0.007216494845360799
2024-11-28,4810,4810,4670,4700,15703,-0.023883696780893082
2024-11-29,4695,4695,4425,4430,29517,-0.057446808510638325
2024-12-02,4395,4690,4395,4480,56194,0.011286681715575675
2024-12-03,4480,4575,4400,4420,56245,-0.013392857142857095
2024-12-04,4415,4415,4110,4230,27869,-0.042986425339366474
2024-12-05,4250,4250,4090,4090,29533,-0.03309692671394804
2024-12-06,4075,4205,3955,4115,38761,0.006112469437652868
2024-12-09,4090,4090,3775,3790,64846,-0.07897934386391248
2024-12-10,3720,3950,3720,3940,18783,0.0395778364116095
2024-12-11,3950,4395,3815,4365,91385,0.10786802030456855
2024-12-12,4380,4650,4365,4580,139079,0.049255441008018375
2024-12-13,4570,4850,4310,4840,90052,0.05676855895196509
2024-12-16,4845,4845,4605,4725,40223,-0.023760330578512345
2024-12-17,4725,4945,4710,4805,64379,0.01693121693121702
2024-12-18,4815,5090,4770,5070,86198,0.055150884495317465
2024-12-19,4960,5280,4885,5210,130336,0.027613412228796763
2024-12-20,5210,5410,5100,5290,104976,0.015355086372360827
2024-12-23,5290,5440,5100,5340,52999,0.00945179584120992
2024-12-24,5280,5400,5210,5330,14523,-0.0018726591760299671
2024-12-26,5340,5420,5190,5190,68567,-0.026266416510318913
2024-12-27,5200,5570,5200,5400,136337,0.040462427745664664
2024-12-30,5380,5780,5270,5450,139241,0.0092592592592593
2025-01-02,5460,5650,5390,5440,27584,-0.0018348623853210455
2025-01-03,5460,5950,5370,5720,152893,0.05147058823529416
2025-01-06,5690,6100,5410,5410,106388,-0.054195804195804165
2025-01-07,5470,5580,5380,5380,23876,-0.00554528650646946
2025-01-08,5330,5370,5210,5240,19244,-0.026022304832713727
2025-01-09,5240,6100,5150,5170,98014,-0.013358778625954248
2025-01-10,5170,5240,5140,5160,8127,-0.0019342359767892114
2025-01-13,5110,5160,4995,5020,23652,-0.027131782945736482
2025-01-14,5160,5160,5030,5090,10600,0.013944223107569709
2025-01-15,5160,5260,5080,5140,5521,0.00982318271119853
2025-01-16,5250,5250,5010,5010,13089,-0.02529182879377434
2025-01-17,5010,5120,4910,5050,16128,0.007984031936127733
2025-01-20,5000,5000,4915,4920,16580,-0.025742574257425765
2025-01-21,4920,4975,4820,4825,7879,-0.019308943089430874
2025-01-22,4825,4945,4810,4920,13321,0.01968911917098448
2025-01-23,4945,4945,4650,4650,14426,-0.054878048780487854
2025-01-24,4665,4900,4640,4690,15206,0.008602150537634357
2025-01-31,4710,4710,4600,4685,7820,-0.0010660980810234255
2025-02-03,4680,4680,4505,4510,13240,-0.03735325506937037
2025-02-04,4510,4750,4510,4650,3538,0.03104212860310418
2025-02-05,4620,4810,4620,4800,7304,0.032258064516129004
2025-02-06,4820,4820,4750,4800,8642,0.0
2025-02-07,4800,4965,4795,4900,33996,0.02083333333333326
2025-02-10,4870,4990,4790,4915,11465,0.003061224489795844
2025-02-11,4915,5120,4755,4855,33653,-0.012207527975584997
2025-02-12,4855,4945,4715,4930,15526,0.015447991761071034
2025-02-13,4965,5100,4880,4900,33448,-0.006085192697768749
2025-02-14,4900,5050,4850,5040,23698,0.02857142857142847
2025-02-17,5030,5030,4910,4965,19994,-0.014880952380952328
2025-02-18,4965,4965,4860,4865,14158,-0.020140986908358527
2025-02-19,4865,4880,4765,4875,37843,0.0020554984583760483
2025-02-20,4875,4890,4795,4795,16326,-0.016410256410256396
2025-02-21,4875,4905,4740,4785,13562,-0.002085505735140769
2025-02-24,4875,4905,4680,4710,11704,-0.01567398119122254
2025-02-25,4690,4820,4685,4740,5184,0.006369426751592355
2025-02-26,4875,4875,4665,4675,12164,-0.01371308016877637
2025-02-27,4790,4790,4635,4700,12964,0.005347593582887722
2025-02-28,4695,4695,4585,4635,9811,-0.013829787234042601
2025-03-04,4690,4690,4465,4465,12128,-0.036677454153182354
2025-03-05,4500,4675,4450,4640,6952,0.03919372900335949
2025-03-06,4645,4645,4530,4540,5609,-0.02155172413793105
2025-03-07,4535,4535,4380,4390,21250,-0.033039647577092546
2025-03-10,4390,4460,4370,4390,5436,0.0
2025-03-11,4350,4380,4170,4315,19683,-0.017084282460136713
2025-03-12,4320,4430,4320,4355,10606,0.009269988412514474
2025-03-13,4355,4460,4310,4380,5435,0.00574052812858783
2025-03-14,4400,4450,4355,4415,2590,0.007990867579908745
2025-03-17,4455,4485,4380,4485,6733,0.015855039637599155
2025-03-18,4505,4540,4350,4350,10996,-0.030100334448160515
2025-03-19,4420,4480,4310,4355,7228,0.0011494252873562871
2025-03-20,4325,4455,4235,4265,20812,-0.02066590126291623
2025-03-21,4380,4380,4260,4350,5085,0.01992966002344665
2025-03-24,4445,4445,4165,4250,21858,-0.02298850574712641
2025-03-25,4250,4365,4220,4315,32096,0.015294117647058902
2025-03-26,4315,4400,4220,4285,8742,-0.006952491309385911
2025-03-27,4285,4385,4200,4290,8152,0.001166861143523823
2025-03-28,4345,4345,4180,4210,9785,-0.018648018648018683
2025-03-31,4125,4290,4050,4155,7872,-0.013064133016627122
2025-04-01,4240,4345,4115,4340,15560,0.044524669073405576
2025-04-02,4355,4360,4265,4300,3781,-0.009216589861751112
2025-04-03,4310,4320,4155,4250,9831,-0.011627906976744207
2025-04-04,4240,4245,4060,4200,21679,-0.0117647058823529
2025-04-07,4145,4145,3970,4000,18759,-0.04761904761904767
2025-04-08,3950,4150,3935,3960,32391,-0.010000000000000009
2025-04-09,3950,4050,3850,3940,13364,-0.005050505050505083
2025-04-10,3980,4095,3940,4055,37938,0.02918781725888331
2025-04-11,4020,4020,3925,4015,13077,-0.009864364981504337
2025-04-14,4095,4095,3985,4015,16409,0.0
2025-04-15,4020,4075,4000,4060,15054,0.011207970112079746
2025-04-16,4060,4060,4000,4000,7966,-0.014778325123152691
2025-04-17,4075,4105,4020,4090,4874,0.022499999999999964
2025-04-18,4075,4140,4050,4140,4670,0.012224938875305513
2025-04-21,4155,4170,4135,4155,5368,0.0036231884057971175
2025-04-22,4155,4210,4060,4210,5252,0.013237063778579916
2025-04-23,4220,4325,4220,4320,10508,0.026128266033254244
2025-04-24,4320,4330,4275,4275,3800,-0.01041666666666663
2025-04-25,4290,4330,4250,4310,5677,0.008187134502924076
2025-04-28,4320,4320,4255,4295,4100,-0.0034802784222738303
2025-04-29,4315,4315,4230,4235,6265,-0.01396973224679865
2025-04-30,4235,4290,4150,4185,6139,-0.011806375442739103
2025-05-02,4135,4230,4132,4185,5011,0.0
2025-05-07,4180,4320,4115,4170,25835,-0.0035842293906810374
2025-05-08,4290,4290,4160,4200,8632,0.007194244604316502
2025-05-09,4200,4285,4160,4215,16011,0.0035714285714285587
2025-05-12,4215,4245,4105,4210,19523,-0.0011862396204033177
2025-05-13,4210,4280,4130,4155,15982,-0.013064133016627122
2025-05-14,4155,4180,4120,4160,11044,0.001203369434416457
2025-05-15,4155,4240,4140,4160,14613,0.0
2025-05-16,4135,4160,3940,3975,48967,-0.044471153846153855
2025-05-19,3970,4035,3815,3840,35036,-0.03396226415094339
2025-05-20,3850,3960,3845,3870,16443,0.0078125
2025-05-21,3960,3960,3840,3845,13779,-0.006459948320413411
2025-05-22,3835,3940,3805,3865,24831,0.005201560468140354
2025-05-23,3865,3950,3810,3855,18871,-0.002587322121604174
2025-05-26,3850,3950,3790,3850,13288,-0.0012970168612191912
2025-05-27,3850,3885,3790,3825,14208,-0.00649350649350644
2025-05-28,3825,3865,3760,3760,39064,-0.016993464052287632
2025-05-29,3795,3800,3605,3760,68549,0.0
2025-05-30,3795,3795,3700,3750,25099,-0.0026595744680850686
2025-06-02,3750,3790,3685,3690,34652,-0.016000000000000014
2025-06-04,3705,3785,3700,3755,21335,0.017615176151761558
2025-06-05,3780,3840,3750,3835,28616,0.02130492676431417
2025-06-09,3835,3900,3785,3820,19527,-0.003911342894393766
2025-06-10,3820,3905,3790,3830,16886,0.002617801047120505
2025-06-11,3820,3900,3820,3880,31872,0.01305483028720622
2025-06-12,3905,3920,3840,3890,91620,0.002577319587628857
2025-06-13,4095,4190,3810,3845,84991,-0.011568123393316143
2025-06-16,3835,3845,3765,3825,42959,-0.005201560468140465
2025-06-17,3835,3835,3790,3810,21402,-0.0039215686274509665
2025-06-18,3800,3810,3770,3805,30289,-0.001312335958005284
2025-06-19,3805,3815,3775,3790,11308,-0.003942181340341633
2025-06-20,3825,3870,3760,3850,41934,0.0158311345646438
2025-06-23,3850,3850,3765,3780,14185,-0.018181818181818188
2025-06-24,3800,3950,3790,3900,55066,0.031746031746031855
2025-06-25,3900,3940,3815,3930,45617,0.007692307692307665
2025-06-26,3930,3930,3800,3880,33928,-0.012722646310432517
2025-06-27,3870,3870,3805,3845,13660,-0.009020618556700999
2025-06-30,3890,3890,3780,3830,23364,-0.0039011703511053764
2025-07-01,3830,3880,3790,3835,13672,0.0013054830287206887
2025-07-02,3840,3860,3750,3860,25870,0.006518904823989535
2025-07-03,3860,3945,3780,3900,24304,0.010362694300518172
2025-07-04,3900,3920,3835,3865,14751,-0.008974358974358942
2025-07-07,3860,3860,3780,3810,23320,-0.014230271668822736
2025-07-08,3815,3820,3750,3810,6582,0.0
2025-07-09,3840,3840,3775,3830,14161,0.005249343832020914
2025-07-10,3840,3875,3810,3865,11396,0.009138381201044377
2025-07-11,3865,3935,3855,3890,21665,0.0064683053040104355
2025-07-14,3890,3930,3840,3865,10857,-0.006426735218509005
2025-07-15,3865,3895,3820,3880,6764,0.0038809831824062613
2025-07-16,3910,3910,3830,3865,11010,-0.0038659793814432852
2025-07-17,3865,3930,3850,3915,29300,0.012936610608020649
2025-07-18,3930,3930,3855,3860,17402,-0.01404853128991057
2025-07-21,3860,4010,3850,4000,37491,0.03626943005181338
2025-07-22,4010,4010,3945,3980,31362,-0.0050000000000000044
2025-07-23,3935,4000,3930,3960,14725,-0.005025125628140725
2025-07-24,3960,4040,3910,3970,18212,0.002525252525252597
2025-07-25,3970,4000,3915,3915,14304,-0.013853904282115859
2025-07-28,3900,3945,3865,3905,18798,-0.0025542784163473664
2025-07-29,3910,3935,3815,3920,14138,0.003841229193341844
2025-07-30,3890,3970,3875,3915,10245,-0.0012755102040816757
2025-07-31,4005,4005,3870,3870,33233,-0.011494252873563204
2025-08-01,3845,3895,3750,3800,26096,-0.018087855297157618
2025-08-04,3755,3880,3750,3820,12532,0.0052631578947368585
2025-08-05,3880,3880,3805,3860,8747,0.010471204188481575
2025-08-06,3820,3895,3805,3890,5731,0.007772020725388629
2025-08-07,3935,3935,3850,3890,5692,0.0
2025-08-08,3890,3960,3860,3900,9620,0.0025706940874035134
2025-08-11,3905,3950,3875,3905,7935,0.0012820512820512775
2025-08-12,3905,3970,3875,3900,5436,-0.001280409731113985
2025-08-13,3870,4000,3850,3990,38645,0.023076923076922995
2025-08-14,3990,3990,3865,3920,17701,-0.01754385964912286
2025-08-18,3900,3925,3810,3865,14808,-0.014030612244897989
2025-08-19,3825,3940,3805,3920,14087,0.014230271668822736
2025-08-20,3905,3910,3725,3800,37198,-0.030612244897959218
2025-08-21,3790,3945,3770,3850,8459,0.013157894736842035
2025-08-22,3850,3885,3750,3750,23781,-0.025974025974025983
2025-08-25,3750,3830,3710,3720,19023,-0.008000000000000007
2025-08-26,3780,3780,3685,3745,21616,0.006720430107526987
2025-08-27,3750,3775,3625,3745,13744,0.0
2025-08-28,3745,3745,3655,3690,19097,-0.014686248331108098
2025-08-29,3690,3690,3605,3690,21681,0.0
2025-09-01,3685,3715,3570,3600,34884,-0.024390243902439046
2025-09-02,3590,3700,3545,3565,17360,-0.009722222222222188
2025-09-03,3670,3670,3560,3560,5867,-0.0014025245441795509
2025-09-04,3660,3660,3540,3565,21200,0.001404494382022392
2025-09-05,3590,3605,3540,3570,19018,0.0014025245441795509
2025-09-08,3570,3605,3550,3570,18009,0.0
2025-09-09,3620,3620,3550,3575,18925,0.0014005602240896309
2025-09-10,3590,3590,3545,3555,20871,-0.005594405594405605
2025-09-11,3550,3570,3540,3545,17184,-0.002812939521800284
2025-09-12,3545,3620,3545,3570,39263,0.007052186177715081
2025-09-15,3595,3635,3525,3545,21760,-0.007002801120448154
2025-09-16,3545,3620,3540,3560,25079,0.004231311706629048
2025-09-17,3550,3615,3535,3580,21623,0.00561797752808979
2025-09-18,3555,3580,3540,3560,25003,-0.005586592178770999
2025-09-19,3580,3585,3545,3555,17928,-0.001404494382022503
2025-09-22,3570,3615,3550,3565,34126,0.002812939521800173
2025-09-23,3595,3595,3515,3515,33195,-0.014025245441795287
2025-09-24,3530,3550,3465,3495,19765,-0.005689900426742556
2025-09-25,3495,3595,3450,3580,21816,0.024320457796852546
2025-09-26,3580,3580,3465,3490,26141,-0.025139664804469275
2025-09-29,3490,3575,3425,3490,20274,0.0
2025-09-30,3460,3515,3415,3505,24347,0.004297994269341077
2025-10-01,3510,3550,3405,3460,69844,-0.012838801711840264
2025-10-02,3460,3490,3415,3450,42534,-0.0028901734104046506
2025-10-10,3450,3465,3380,3390,52193,-0.017391304347826098
2025-10-13,3380,3710,3360,3525,142709,0.03982300884955747
2025-10-14,3525,3525,3450,3520,35301,-0.0014184397163120588
2025-10-15,3480,3545,3480,3540,25516,0.005681818181818121
2025-10-16,3540,3585,3510,3570,33082,0.008474576271186418
2025-10-17,3605,3605,3520,3560,29038,-0.0028011204481792618
2025-10-20,3560,3570,3495,3565,71587,0.001404494382022392
2025-10-21,3575,3615,3485,3540,47742,-0.007012622720897643
2025-10-22,3505,3590,3445,3580,31176,0.011299435028248483
2025-10-23,3540,3615,3490,3585,50874,0.0013966480446927498
2025-10-24,3590,3620,3525,3600,31011,0.004184100418409997
2025-10-27,3610,3685,3575,3665,35623,0.01805555555555549
2025-10-28,3665,3705,3585,3705,41826,0.01091405184174632
2025-10-29,3695,3720,3635,3705,31449,0.0
2025-10-30,3705,3715,3520,3670,51396,-0.009446693657219951
2025-10-31,3640,3665,3510,3665,36507,-0.0013623978201634523
2025-11-03,3660,3660,3480,3480,50610,-0.05047748976807642
2025-11-04,3480,3580,3475,3520,29216,0.011494252873563315
2025-11-05,3485,3575,3320,3450,46633,-0.019886363636363646
2025-11-06,3450,3490,3405,3475,14198,0.007246376811594235
2025-11-07,3430,3520,3400,3475,25249,0.0
