Date,Open,High,Low,Close,Volume,Change
2022-01-03,35600,36200,35550,35600,3327,-0.005586592178770999
2022-01-04,35600,36500,35500,36250,1720,0.018258426966292207
2022-01-05,36250,36250,35600,35750,323,-0.01379310344827589
2022-01-06,35750,36300,35350,35700,630,-0.0013986013986013734
2022-01-07,36350,36350,35650,35700,288,0.0
2022-01-10,35700,36300,35400,35850,796,0.004201680672268893
2022-01-11,35850,35850,35400,35400,1250,-0.012552301255230103
2022-01-12,35400,35550,35400,35500,345,0.0028248587570620654
2022-01-13,35700,36100,35200,35300,2832,-0.005633802816901401
2022-01-14,35200,36900,35150,36500,4671,0.03399433427762033
2022-01-17,36450,36450,35900,36200,263,-0.008219178082191747
2022-01-18,36050,36100,35200,35200,831,-0.027624309392265234
2022-01-19,35200,36450,35200,35250,997,0.0014204545454545858
2022-01-20,35300,36100,35100,36050,1559,0.02269503546099294
2022-01-21,35650,36000,35350,36000,1619,-0.001386962552011095
2022-01-24,35750,35800,35200,35250,1177,-0.02083333333333337
2022-01-25,35250,35450,34500,35050,2255,-0.005673758865248235
2022-01-26,35000,36000,34800,35300,792,0.007132667617689048
2022-01-27,35300,36000,34500,34500,1333,-0.022662889518413554
2022-01-28,34500,35950,34500,35300,3965,0.023188405797101463
2022-02-03,35300,35600,35300,35550,231,0.007082152974504208
2022-02-04,35500,35550,35150,35250,1044,-0.008438818565400852
2022-02-07,35050,35850,35050,35250,1081,0.0
2022-02-08,35250,35550,35100,35100,876,-0.004255319148936176
2022-02-09,35150,35250,35000,35100,370,0.0
2022-02-10,35050,35500,34900,35500,1088,0.01139601139601143
2022-02-11,35300,35300,35000,35100,1818,-0.011267605633802802
2022-02-14,34850,35100,34850,35100,3083,0.0
2022-02-15,35650,35650,34950,35100,382,0.0
2022-02-16,35250,36300,35100,35100,690,0.0
2022-02-17,35250,35500,35100,35100,457,0.0
2022-02-18,35100,35600,35100,35200,328,0.002849002849002913
2022-02-21,35200,35550,35150,35200,807,0.0
2022-02-22,35200,35650,35050,35400,459,0.005681818181818121
2022-02-23,35400,36400,35100,35500,965,0.0028248587570620654
2022-02-24,36050,37100,35150,36800,17402,0.036619718309859106
2022-02-25,36800,37500,35500,35750,8701,-0.028532608695652217
2022-02-28,35850,36150,35400,35650,2122,-0.002797202797202747
2022-03-02,36350,36350,35300,35450,4283,-0.005610098176718092
2022-03-03,35500,35600,35400,35500,513,0.0014104372355430161
2022-03-04,35500,36300,35400,35950,1859,0.012676056338028152
2022-03-07,36000,36000,35550,35600,730,-0.009735744089012566
2022-03-08,35600,35600,35400,35550,653,-0.001404494382022503
2022-03-10,35550,35700,35300,35600,427,0.0014064697609001975
2022-03-11,35450,35600,35400,35400,462,-0.005617977528089901
2022-03-14,35400,35550,35250,35350,592,-0.0014124293785310327
2022-03-15,35450,36150,35350,35600,849,0.007072135785006983
2022-03-16,35750,36350,35650,36000,2018,0.011235955056179803
2022-03-17,36400,36500,36000,36300,1117,0.008333333333333304
2022-03-18,36300,36350,35900,36000,661,-0.008264462809917328
2022-03-21,36000,36150,35700,35750,441,-0.00694444444444442
2022-03-22,35900,36500,35800,36050,545,0.008391608391608463
2022-03-23,36050,36500,36000,36500,895,0.012482662968099856
2022-03-24,36500,36500,36050,36200,592,-0.008219178082191747
2022-03-25,36100,36500,36100,36300,330,0.0027624309392264568
2022-03-28,36300,36550,36300,36450,556,0.004132231404958775
2022-03-29,36450,36700,36450,36700,1683,0.006858710562414272
2022-03-30,36300,36700,36200,36200,841,-0.013623978201634857
2022-03-31,36150,36400,36100,36200,1426,0.0
2022-04-01,36200,36450,36100,36150,543,-0.0013812154696132284
2022-04-04,36150,36150,36000,36050,1628,-0.0027662517289073207
2022-04-05,36600,37400,36000,36100,4442,0.001386962552011095
2022-04-06,36100,36250,35950,36000,1966,-0.0027700831024930483
2022-04-07,36000,36200,35900,35950,2268,-0.001388888888888884
2022-04-08,35900,36000,35900,35950,1504,0.0
2022-04-11,36000,36500,35850,36500,8509,0.015299026425591
2022-04-12,36500,36500,36300,36300,521,-0.005479452054794498
2022-04-13,36300,36300,36050,36300,305,0.0
2022-04-14,36650,36950,36300,36450,1071,0.004132231404958775
2022-04-15,36400,37150,36200,37100,4182,0.017832647462277196
2022-04-18,37100,37100,36700,36750,334,-0.009433962264150941
2022-04-19,36600,36950,36600,36900,160,0.004081632653061273
2022-04-20,36950,37000,36750,36750,87,-0.004065040650406471
2022-04-21,37200,37200,36750,36750,371,0.0
2022-04-22,36750,37000,36700,36750,430,0.0
2022-04-25,36750,37100,36450,36950,918,0.0054421768707482165
2022-04-26,37100,37100,36750,37050,1184,0.0027063599458727605
2022-04-27,37050,38000,36500,37000,14154,-0.0013495276653171517
2022-04-28,37000,37150,36600,36750,3825,-0.006756756756756799
2022-04-29,36750,37500,36650,37250,4589,0.013605442176870763
2022-05-02,37400,37650,36900,37450,5993,0.005369127516778427
2022-05-03,37450,37450,37100,37350,2042,-0.002670226969292422
2022-05-04,37350,37450,37100,37100,959,-0.00669344042838016
2022-05-06,37200,37300,36950,37050,1619,-0.0013477088948786742
2022-05-09,37050,37050,36700,37050,1360,0.0
2022-05-10,37000,37050,36500,37050,2024,0.0
2022-05-11,37050,37050,36600,37000,4454,-0.0013495276653171517
2022-05-12,36800,37100,36650,36650,2070,-0.009459459459459474
2022-05-13,36850,37000,36600,36700,1699,0.0013642564802183177
2022-05-16,37050,37050,35550,35550,18094,-0.03133514986376018
2022-05-17,35550,36450,35550,36000,2187,0.012658227848101333
2022-05-18,36200,36450,36050,36200,1476,0.005555555555555536
2022-05-19,36200,36200,35750,36150,1353,-0.0013812154696132284
2022-05-20,36150,36550,36000,36400,4196,0.006915629322268302
2022-05-23,36450,36650,36250,36250,1003,-0.004120879120879106
2022-05-24,36300,36300,35650,35650,4424,-0.016551724137931045
2022-05-25,35600,35800,35600,35700,1328,0.0014025245441795509
2022-05-26,35700,36000,35600,35900,718,0.0056022408963585235
2022-05-27,36050,36050,35700,36000,788,0.0027855153203342198
2022-05-30,35950,36100,35800,36050,1244,0.001388888888888884
2022-05-31,36000,36750,35850,36050,2756,0.0
2022-06-02,36100,36350,35800,36000,742,-0.001386962552011095
2022-06-03,36050,36300,35900,36300,2419,0.008333333333333304
2022-06-07,36200,36350,36000,36350,795,0.0013774104683195176
2022-06-08,36300,36700,36300,36600,5706,0.00687757909215958
2022-06-09,36500,36900,36150,36250,765,-0.0095628415300546
2022-06-10,36400,36450,36200,36350,1526,0.0027586206896552667
2022-06-13,36100,40000,35000,35350,40195,-0.02751031636863821
2022-06-14,35150,35900,35000,35300,4059,-0.0014144271570014633
2022-06-15,35100,35900,35000,35350,2887,0.0014164305949009304
2022-06-16,35350,35450,35200,35450,1930,0.0028288543140029265
2022-06-17,35400,35500,35200,35450,795,0.0
2022-06-20,35450,35600,34800,35000,2523,-0.012693935119887145
2022-06-21,35000,35200,34650,35200,1553,0.005714285714285783
2022-06-22,35300,35400,34800,35050,569,-0.0042613636363636465
2022-06-23,35000,35050,33800,33800,3608,-0.03566333808844513
2022-06-24,34250,35000,33800,34100,2040,0.008875739644970349
2022-06-27,34300,34400,34100,34350,980,0.007331378299120228
2022-06-28,34300,35000,34300,35000,1085,0.018922852983988436
2022-06-29,35000,35150,34900,35050,746,0.0014285714285713347
2022-06-30,34900,35100,34900,35100,94,0.0014265335235377208
2022-07-01,34600,34900,34500,34900,393,-0.005698005698005715
2022-07-04,34900,34900,34400,34700,538,-0.005730659025787954
2022-07-05,34700,35050,34400,35050,944,0.01008645533141217
2022-07-06,35100,35100,34200,34200,1230,-0.024251069900142697
2022-07-07,34400,34850,34250,34850,661,0.01900584795321647
2022-07-08,34700,34900,34500,34600,2588,-0.00717360114777621
2022-07-11,34750,35700,34600,34700,4857,0.0028901734104045396
2022-07-12,35000,35350,34350,35050,3482,0.01008645533141217
2022-07-13,35050,35750,34950,35700,3047,0.01854493580599148
2022-07-14,35700,36150,35450,36050,3058,0.009803921568627416
2022-07-15,35900,36200,35250,35250,2033,-0.02219140083217752
2022-07-18,35250,35650,35050,35200,6295,-0.0014184397163120588
2022-07-19,35300,35400,35050,35100,838,-0.0028409090909090606
2022-07-20,35100,35300,35050,35250,1349,0.004273504273504258
2022-07-21,35250,35300,35250,35300,70,0.0014184397163119478
2022-07-22,35150,35300,35050,35300,678,0.0
2022-07-25,35000,35300,35000,35150,717,-0.004249291784702569
2022-07-26,35000,35300,34900,34950,8264,-0.005689900426742556
2022-07-27,34950,35100,34800,35050,538,0.0028612303290413976
2022-07-28,35050,35100,34750,35050,500,0.0
2022-07-29,35050,35950,35050,35650,1920,0.017118402282453538
2022-08-01,35650,35650,35350,35600,333,-0.0014025245441795509
2022-08-02,35500,35500,34850,35150,3485,-0.012640449438202195
2022-08-03,34900,35050,34900,35050,1345,-0.002844950213371278
2022-08-04,34950,35350,34950,35100,5775,0.0014265335235377208
2022-08-05,35150,35450,34950,35350,2304,0.007122507122507171
2022-08-08,35550,35550,35050,35250,2545,-0.0028288543140028155
2022-08-09,35250,35250,35000,35050,922,-0.005673758865248235
2022-08-10,35000,35600,35000,35450,2231,0.011412268188302432
2022-08-11,35650,35650,35000,35150,3534,-0.008462623413258097
2022-08-12,35150,35300,35050,35250,747,0.002844950213371167
2022-08-16,35300,35350,35150,35350,3184,0.0028368794326241176
2022-08-17,35300,35850,35200,35600,4145,0.007072135785006983
2022-08-18,35250,35500,34950,35150,2706,-0.012640449438202195
2022-08-19,35150,35400,35150,35350,5155,0.005689900426742556
2022-08-22,35350,35350,34900,34900,1831,-0.012729844413012725
2022-08-23,34900,35250,34900,35000,6889,0.002865329512893977
2022-08-24,35200,35200,34650,34750,3863,-0.0071428571428571175
2022-08-25,34700,34800,34650,34800,786,0.0014388489208632116
2022-08-26,34800,34950,34650,34800,3391,0.0
2022-08-29,34650,34700,34450,34550,2620,-0.007183908045977017
2022-08-30,34550,34950,34500,34700,352,0.004341534008682979
2022-08-31,34750,34800,34400,34600,614,-0.0028818443804035088
2022-09-01,34900,34900,34450,34500,2479,-0.0028901734104046506
2022-09-02,34500,34550,34050,34400,2377,-0.0028985507246376274
2022-09-05,34350,34650,34300,34500,3835,0.0029069767441860517
2022-09-06,34600,35850,34200,34750,4992,0.007246376811594235
2022-09-07,35000,35500,34700,35150,565,0.011510791366906581
2022-09-08,35100,35100,34800,35000,1360,-0.004267425320056861
2022-09-13,35200,35200,34800,35000,440,0.0
2022-09-14,34400,34650,34300,34600,1027,-0.011428571428571455
2022-09-15,34550,34750,34400,34600,1159,0.0
2022-09-16,34400,34550,34350,34550,772,-0.0014450867052022698
2022-09-19,34500,34550,34300,34500,811,-0.0014471780028944004
2022-09-20,34600,34700,34450,34650,766,0.004347826086956497
2022-09-21,34650,34950,34350,34650,2042,0.0
2022-09-22,34700,34700,34450,34700,528,0.0014430014430013571
2022-09-23,34400,34700,33900,34200,5273,-0.014409221902017322
2022-09-26,34200,34200,33350,34000,3472,-0.005847953216374324
2022-09-27,34000,34000,33350,33450,1148,-0.016176470588235348
2022-09-28,33450,34000,33050,33200,3287,-0.007473841554558991
2022-09-29,33300,33950,33150,33450,2232,0.0075301204819278045
2022-09-30,33450,33450,33000,33200,1088,-0.007473841554558991
2022-10-04,33200,34000,32750,33050,3773,-0.004518072289156572
2022-10-05,33100,33300,32500,32550,3731,-0.015128593040847238
2022-10-06,32550,32750,32450,32750,1236,0.006144393241167334
2022-10-07,32200,32450,32200,32250,3345,-0.01526717557251911
2022-10-11,32250,32250,31850,31850,714,-0.012403100775193798
2022-10-12,31850,31900,31150,31400,4257,-0.014128728414442682
2022-10-13,31400,31800,31150,31300,993,-0.0031847133757961776
2022-10-14,31750,31950,31350,31400,3247,0.0031948881789136685
2022-10-17,31350,31400,31200,31400,3851,0.0
2022-10-18,31400,31650,31400,31600,5703,0.006369426751592355
2022-10-19,31900,31900,31400,31700,1383,0.0031645569620253333
2022-10-20,31600,31850,31550,31750,1441,0.001577287066246047
2022-10-21,31750,31850,31250,31750,944,0.0
2022-10-24,32000,32000,31650,31800,916,0.0015748031496063408
2022-10-25,31850,31850,31500,31500,2132,-0.009433962264150941
2022-10-26,31650,31650,31350,31500,1633,0.0
2022-10-27,31500,31700,31400,31600,1139,0.0031746031746031633
2022-10-28,32050,32050,31500,31800,899,0.006329113924050667
2022-10-31,32000,32000,31650,31650,1328,-0.004716981132075526
2022-11-01,31650,31700,31600,31650,886,0.0
2022-11-02,31700,31750,31300,31600,2293,-0.0015797788309637184
2022-11-03,31950,31950,31300,31450,1290,-0.004746835443038
2022-11-04,31600,32000,31000,31550,3306,0.0031796502384737746
2022-11-07,32000,32000,31400,31700,5637,0.004754358161648264
2022-11-08,31700,32500,31500,31900,2527,0.006309148264984188
2022-11-09,32450,32450,31750,31750,3566,-0.00470219435736674
2022-11-10,31700,31900,31700,31750,839,0.0
2022-11-11,31800,32400,31800,31950,1919,0.006299212598425141
2022-11-14,32000,32050,31550,31650,3374,-0.009389671361502372
2022-11-15,31850,31850,31550,31550,2718,-0.003159557661927326
2022-11-16,31550,31900,31550,31600,1503,0.0015847860538826808
2022-11-17,31600,31950,31600,31600,2097,0.0
2022-11-18,31600,31850,31600,31800,851,0.006329113924050667
2022-11-21,31800,32000,31650,31700,1713,-0.0031446540880503138
2022-11-22,31600,31850,31600,31800,2933,0.003154574132492094
2022-11-23,32000,32700,31900,32700,4339,0.028301886792452935
2022-11-24,32900,32950,32400,32900,5573,0.006116207951070374
2022-11-25,32900,33500,32600,33000,2416,0.003039513677811634
2022-11-28,33000,33400,32650,32900,7474,-0.00303030303030305
2022-11-29,32900,33200,32700,33150,2407,0.0075987841945288626
2022-11-30,33150,34750,32800,33800,11053,0.019607843137254832
2022-12-01,34050,34200,33600,33900,3139,0.002958579881656709
2022-12-02,33900,34300,33650,33800,969,-0.002949852507374673
2022-12-05,33600,33800,33350,33600,1802,-0.00591715976331364
2022-12-06,33800,33800,33050,33500,7162,-0.0029761904761904656
2022-12-07,33100,34000,33000,33400,8638,-0.0029850746268657025
2022-12-08,33450,33450,33200,33400,795,0.0
2022-12-09,33400,33600,32900,33400,4476,0.0
2022-12-12,33400,33750,33300,33450,898,0.0014970059880239361
2022-12-13,33500,33750,33450,33650,3414,0.005979073243647326
2022-12-14,34050,34050,33550,33850,3338,0.005943536404160454
2022-12-15,33850,33850,33500,33550,1322,-0.008862629246676468
2022-12-16,33450,34200,33400,33650,8402,0.0029806259314455463
2022-12-19,33800,33800,33450,33450,12726,-0.005943536404160454
2022-12-20,33500,33600,33050,33300,5618,-0.004484304932735439
2022-12-21,33300,33650,33300,33650,1390,0.010510510510510551
2022-12-22,33650,33650,33400,33600,795,-0.0014858841010401136
2022-12-23,33200,33700,32900,33200,18319,-0.011904761904761862
2022-12-26,33100,33200,32900,33050,7873,-0.004518072289156572
2022-12-27,32950,33300,32900,33250,10033,0.00605143721633894
2022-12-28,32600,32600,31450,31700,4866,-0.046616541353383445
2022-12-29,31700,31900,31100,31500,2790,-0.006309148264984188
2023-01-02,31450,31450,30700,30800,2396,-0.022222222222222254
2023-01-03,31000,31000,30400,30800,2063,0.0
2023-01-04,30700,31150,30400,30450,1672,-0.011363636363636354
2023-01-05,30500,30850,30300,30750,3112,0.009852216748768461
2023-01-06,30750,31250,30600,30750,2553,0.0
2023-01-09,30750,31100,30450,30700,1249,-0.001626016260162566
2023-01-10,30700,31000,30600,31000,1449,0.009771986970684043
2023-01-11,31000,31200,30900,31000,764,0.0
2023-01-12,31300,31300,30950,30950,8185,-0.001612903225806428
2023-01-13,30950,31150,30650,30900,1163,-0.001615508885298822
2023-01-16,31000,31250,30750,31250,958,0.01132686084142387
2023-01-17,31250,31350,30900,30900,269,-0.011199999999999988
2023-01-18,30900,31100,30800,30950,1068,0.0016181229773462036
2023-01-19,31500,31500,31100,31100,263,0.004846526655896577
2023-01-20,30950,31300,30800,31300,3114,0.006430868167202508
2023-01-25,31000,31350,30950,31250,544,-0.0015974440894568342
2023-01-26,31300,31500,31200,31350,1521,0.0032000000000000917
2023-01-27,31400,31450,31100,31400,3398,0.0015948963317384823
2023-01-30,31950,31950,31300,31300,1707,-0.0031847133757961776
2023-01-31,31650,31650,31300,31300,1518,0.0
2023-02-01,31300,31400,31150,31250,1198,-0.0015974440894568342
2023-02-02,31200,31600,30950,31250,2055,0.0
2023-02-03,31250,31400,31150,31150,598,-0.0031999999999999806
2023-02-06,31150,31250,30800,31250,6889,0.0032102728731941976
2023-02-07,30800,31150,30800,31000,2009,-0.008000000000000007
2023-02-08,31000,31250,30950,31250,3788,0.008064516129032251
2023-02-09,30950,31350,30900,31250,1936,0.0
2023-02-10,31250,31350,30850,31100,35938,-0.0048000000000000265
2023-02-13,30900,31600,30900,31200,3333,0.003215434083601254
2023-02-14,31250,31550,31150,31400,5369,0.0064102564102563875
2023-02-15,31250,31400,31150,31150,2538,-0.0079617834394905
2023-02-16,31150,31500,31150,31350,4271,0.006420545746388395
2023-02-17,31350,31350,31100,31200,2684,-0.004784688995215336
2023-02-20,31500,31500,31100,31150,1590,-0.0016025641025640969
2023-02-21,31200,31350,30900,30900,13146,-0.008025682182985605
2023-02-22,30900,31250,30900,30950,2266,0.0016181229773462036
2023-02-23,30950,31250,30950,31250,1772,0.009693053311793154
2023-02-24,31550,31550,31100,31300,3196,0.0016000000000000458
2023-02-27,31300,31350,30950,31250,3979,-0.0015974440894568342
2023-02-28,31250,31800,31250,31250,2854,0.0
2023-03-02,31350,31350,31150,31200,1347,-0.0016000000000000458
2023-03-03,31350,31350,31150,31150,3493,-0.0016025641025640969
2023-03-06,31650,31650,31100,31250,1745,0.0032102728731941976
2023-03-07,31400,31400,31200,31400,958,0.0047999999999999154
2023-03-08,31150,31400,31150,31150,1118,-0.0079617834394905
2023-03-09,31450,31450,31150,31350,3326,0.006420545746388395
2023-03-10,31350,31350,31150,31300,5640,-0.0015948963317384823
2023-03-13,31300,31300,31100,31250,5561,-0.0015974440894568342
2023-03-14,31600,31600,31100,31150,3130,-0.0031999999999999806
2023-03-15,31700,31700,31100,31200,4486,0.0016051364365972098
2023-03-16,31200,31400,31200,31400,2014,0.0064102564102563875
2023-03-17,31750,32450,31500,32450,11615,0.03343949044585992
2023-03-20,32450,33400,32450,32550,22928,0.0030816640986133237
2023-03-21,32550,33000,32550,33000,5893,0.01382488479262678
2023-03-22,33050,33150,32450,32550,5882,-0.013636363636363669
2023-03-23,32550,32650,31850,32550,1605,0.0
2023-03-24,32300,33000,32300,32900,1574,0.010752688172043001
2023-03-27,32550,33600,32550,33300,9341,0.012158054711246091
2023-03-28,33350,34950,33350,34900,18322,0.048048048048048075
2023-03-29,34600,35150,33550,34700,11899,-0.005730659025787954
2023-03-30,34200,34200,32000,32450,13072,-0.06484149855907784
2023-03-31,32450,33500,31650,31800,18860,-0.02003081664098616
2023-04-03,31800,31900,31500,31700,3696,-0.0031446540880503138
2023-04-04,32050,32600,31600,31750,9963,0.001577287066246047
2023-04-05,31800,32250,31650,31850,4360,0.0031496062992126816
2023-04-06,32000,32400,31700,32350,5149,0.01569858712715866
2023-04-07,31900,32350,31900,32300,3827,-0.0015455950540957941
2023-04-10,32900,32900,31900,31950,3494,-0.010835913312693513
2023-04-11,31950,32100,31850,32000,1631,0.0015649452269170805
2023-04-12,32050,32100,31750,32000,4097,0.0
2023-04-13,32000,32250,31900,32100,3968,0.0031250000000000444
2023-04-14,32250,32400,32100,32200,2413,0.0031152647975076775
2023-04-17,32200,33600,32200,33200,14747,0.03105590062111796
2023-04-18,33050,33550,32850,32900,4936,-0.009036144578313254
2023-04-19,32900,33500,32800,33300,4804,0.012158054711246091
2023-04-20,33050,33800,32800,32900,8098,-0.012012012012011963
2023-04-21,32600,33750,32600,33600,5221,0.02127659574468077
2023-04-24,33450,33800,33000,33200,4520,-0.011904761904761862
2023-04-25,33200,33200,32250,32800,4755,-0.012048192771084376
2023-04-26,32750,33950,32500,33950,2517,0.035060975609756184
2023-04-27,33400,33400,32700,32750,2885,-0.03534609720176729
2023-04-28,32750,33450,32400,33100,3959,0.010687022900763399
2023-05-02,33100,33150,32950,32950,1071,-0.004531722054380682
2023-05-03,32950,33350,32700,32900,3866,-0.0015174506828528056
2023-05-04,32900,33050,32850,32950,626,0.001519756838905817
2023-05-08,32950,33050,32700,32850,992,-0.003034901365705611
2023-05-09,33000,33200,32850,32950,1375,0.003044140030441511
2023-05-10,32950,33100,32750,32950,3210,0.0
2023-05-11,32950,33000,32650,32950,2772,0.0
2023-05-12,32850,33050,32700,32800,7399,-0.004552352048558417
2023-05-15,32800,33050,32700,32850,6400,0.0015243902439023849
2023-05-16,33000,33300,32750,32950,3942,0.003044140030441511
2023-05-17,33000,33200,32800,33150,8319,0.006069802731411222
2023-05-18,33050,33250,32850,33000,3688,-0.004524886877828038
2023-05-19,33000,33300,33000,33050,4699,0.0015151515151514694
2023-05-22,33050,33050,32850,33000,1307,-0.001512859304084735
2023-05-23,33000,33000,32750,32900,2265,-0.00303030303030305
2023-05-24,33000,33700,32900,33350,7405,0.013677811550151908
2023-05-25,33500,33550,33150,33400,4580,0.0014992503748125774
2023-05-26,33400,33500,33200,33400,1596,0.0
2023-05-30,33300,33500,33200,33350,5289,-0.0014970059880239361
2023-05-31,33350,33600,33350,33350,4342,0.0
2023-06-01,33000,33300,33000,33250,842,-0.0029985007496251548
2023-06-02,33450,33450,33000,33200,1387,-0.0015037593984962294
2023-06-05,33250,33300,32450,32850,7148,-0.010542168674698815
2023-06-07,32950,33000,32800,32850,1258,0.0
2023-06-08,33000,33150,32900,33050,1628,0.0060882800608828
2023-06-09,33200,33200,32900,33000,1775,-0.001512859304084735
2023-06-12,32950,33100,32950,33000,2251,0.0
2023-06-13,33200,33200,32800,32900,1246,-0.00303030303030305
2023-06-14,33100,33100,32700,32900,842,0.0
2023-06-15,32700,32900,32550,32650,2630,-0.0075987841945288626
2023-06-16,32850,33000,32600,32800,1684,0.004594180704440953
2023-06-19,32800,32800,32600,32650,1170,-0.004573170731707266
2023-06-20,32650,32700,32450,32600,1566,-0.0015313935681470214
2023-06-21,32600,33650,32150,32450,5604,-0.004601226993865004
2023-06-22,32300,32300,30400,32200,5536,-0.007704160246533087
2023-06-23,31800,32250,31650,31900,3349,-0.009316770186335366
2023-06-26,31900,31950,31150,31500,4036,-0.01253918495297801
2023-06-27,31550,31750,31500,31700,736,0.006349206349206327
2023-06-28,31700,32050,31600,32000,22391,0.009463722397476282
2023-06-29,31700,31900,31550,31800,1659,-0.006249999999999978
2023-06-30,31750,31950,31300,31900,1509,0.003144654088050425
2023-07-03,32000,32000,31550,31800,3460,-0.0031347962382445305
2023-07-04,31800,31850,31600,31750,675,-0.0015723270440252124
2023-07-05,31750,31750,31600,31700,794,-0.0015748031496063408
2023-07-06,31700,31900,31400,31900,3533,0.006309148264984188
2023-07-07,31700,31950,31550,31900,2097,0.0
2023-07-10,31900,31900,31550,31800,916,-0.0031347962382445305
2023-07-11,31800,31900,31500,31750,5194,-0.0015723270440252124
2023-07-12,31700,31700,31450,31600,2912,-0.0047244094488189115
2023-07-13,31600,31800,31500,31600,1474,0.0
2023-07-14,31600,31600,31350,31600,6249,0.0
2023-07-17,31650,31750,31500,31600,1022,0.0
2023-07-18,31600,31650,31500,31550,782,-0.0015822784810126667
2023-07-19,31550,31800,31550,31650,555,0.0031695721077653616
2023-07-20,31650,32000,31650,32000,4120,0.011058451816745585
2023-07-21,31800,32000,31700,32000,836,0.0
2023-07-24,32000,32000,31600,31750,1061,-0.0078125
2023-07-25,31750,34000,31600,32050,68964,0.009448818897637823
2023-07-26,32100,33100,30900,31800,23764,-0.007800312012480548
2023-07-27,31800,31800,31150,31650,4873,-0.004716981132075526
2023-07-28,31550,32950,31500,31900,4989,0.00789889415481837
2023-07-31,31700,32450,31700,32250,2585,0.01097178683385569
2023-08-01,31950,32300,31900,32250,3033,0.0
2023-08-02,32250,32500,31700,32000,3003,-0.007751937984496138
2023-08-03,31850,32100,31700,32100,2741,0.0031250000000000444
2023-08-04,31850,32750,31700,32300,2721,0.006230529595015577
2023-08-07,32300,32600,31800,32200,6055,-0.003095975232198178
2023-08-08,31800,32700,31800,32150,2922,-0.0015527950310558758
2023-08-09,32150,32250,31600,32100,5881,-0.0015552099533436836
2023-08-10,32100,32350,31900,32250,2829,0.004672897196261738
2023-08-11,32250,32550,32150,32300,1671,0.0015503875968991832
2023-08-14,33500,34100,32800,33150,23502,0.026315789473684292
2023-08-16,32550,33650,32350,33100,7378,-0.0015082956259426794
2023-08-17,33300,33450,32300,33200,5161,0.0030211480362538623
2023-08-18,32850,33000,32550,32950,4512,-0.0075301204819276935
2023-08-21,33050,33050,32400,32450,4292,-0.015174506828528056
2023-08-22,32700,32700,32400,32450,1599,0.0
2023-08-23,32800,32800,32000,32150,6534,-0.009244992295839749
2023-08-24,32500,32600,32200,32550,4889,0.012441679626749691
2023-08-25,32600,32800,32400,32600,781,0.001536098310291889
2023-08-28,32600,33200,32000,32600,5167,0.0
2023-08-29,32600,32850,32500,32500,2545,-0.0030674846625766694
2023-08-30,33000,33000,32250,32300,3383,-0.006153846153846176
2023-08-31,32600,32600,32050,32050,3276,-0.007739938080495334
2023-09-01,32100,32450,32100,32450,1031,0.012480499219968744
2023-09-04,32450,32550,32250,32450,1976,0.0
2023-09-05,32450,32600,32250,32250,1286,-0.006163328197226536
2023-09-06,32650,33150,32300,32300,2939,0.0015503875968991832
2023-09-07,32300,32450,32250,32250,1925,-0.001547987616099089
2023-09-08,32300,32800,32300,32400,631,0.0046511627906977715
2023-09-11,32400,32800,32400,32650,874,0.007716049382715973
2023-09-12,32750,32750,32250,32500,6176,-0.004594180704441064
2023-09-13,32500,32850,32350,32750,3504,0.007692307692307665
2023-09-14,32750,33000,32600,32800,4968,0.0015267175572519776
2023-09-15,32800,33200,32700,32850,2339,0.0015243902439023849
2023-09-18,32950,32950,32600,32900,3758,0.0015220700152207556
2023-09-19,33000,33000,32650,32800,898,-0.003039513677811523
2023-09-20,32800,33000,32500,32900,1789,0.0030487804878047697
2023-09-21,32900,32950,32800,32950,2281,0.001519756838905817
2023-09-22,32950,33100,32800,33000,2034,0.0015174506828528056
2023-09-25,33100,33100,32800,33000,2723,0.0
2023-09-26,33100,33100,32500,32850,4379,-0.004545454545454519
2023-09-27,33000,33050,32750,32950,1800,0.003044140030441511
2023-10-04,32950,33050,32650,32900,4745,-0.0015174506828528056
2023-10-05,32750,33150,32600,32850,3762,-0.001519756838905817
2023-10-06,32850,32900,32750,32850,3971,0.0
2023-10-10,32850,33200,32850,33050,2285,0.0060882800608828
2023-10-11,33100,33150,32850,32950,4318,-0.00302571860816947
2023-10-12,33000,33150,32850,32850,3421,-0.003034901365705611
2023-10-13,33150,33200,32750,32900,2515,0.0015220700152207556
2023-10-16,32950,34200,32800,33500,27299,0.01823708206686936
2023-10-17,33500,33650,32700,33000,6866,-0.014925373134328401
2023-10-18,33050,33200,32850,33200,2377,0.0060606060606061
2023-10-19,33200,33200,32750,32900,2864,-0.009036144578313254
2023-10-20,32700,33500,32700,33150,6352,0.0075987841945288626
2023-10-23,33150,33200,32600,32900,3926,-0.007541478129713397
2023-10-24,32950,32950,32350,32700,2391,-0.006079027355623046
2023-10-25,32750,32900,32350,32800,2439,0.003058103975535076
2023-10-26,33100,33100,32550,32700,6605,-0.0030487804878048808
2023-10-27,32700,32900,32650,32900,2817,0.006116207951070374
2023-10-30,32900,33250,32750,33150,7116,0.0075987841945288626
2023-10-31,33150,33200,33000,33200,2844,0.0015082956259426794
2023-11-01,33200,33450,33150,33300,6076,0.003012048192771122
2023-11-02,33300,33400,33100,33200,4176,-0.0030030030030030463
2023-11-03,33350,33350,33050,33350,2245,0.004518072289156683
2023-11-06,33350,33800,33250,33800,4355,0.013493253373313419
2023-11-07,33850,33900,33550,33850,3635,0.0014792899408284654
2023-11-08,33850,33950,33550,33950,1994,0.002954209748892156
2023-11-09,34000,34100,33650,34000,4007,0.0014727540500736325
2023-11-10,34100,34100,33650,33950,2414,-0.0014705882352941124
2023-11-13,34100,35000,33850,34800,11008,0.025036818851251752
2023-11-14,34750,34900,34600,34900,3275,0.002873563218390718
2023-11-15,34900,35550,34850,35400,4405,0.014326647564469885
2023-11-16,35400,35400,34950,35400,4213,0.0
2023-11-17,35350,35350,34700,34900,3103,-0.01412429378531077
2023-11-20,35400,35400,34750,35200,1293,0.008595988538681931
2023-11-21,34950,35200,34900,35100,3265,-0.0028409090909090606
2023-11-22,35100,35150,34700,34700,3677,-0.01139601139601143
2023-11-23,34600,35100,34600,34950,1731,0.007204610951008661
2023-11-24,35000,35200,34850,34950,4209,0.0
2023-11-27,34550,35050,34550,34950,1452,0.0
2023-11-28,34950,35250,34700,35200,3734,0.007153075822603716
2023-11-29,35550,35550,35050,35200,1393,0.0
2023-11-30,35100,35450,33700,35100,12681,-0.0028409090909090606
2023-12-01,34950,35400,34500,35350,760,0.007122507122507171
2023-12-04,35350,35500,35150,35500,1543,0.004243281471004279
2023-12-05,35200,35600,35200,35350,4043,-0.004225352112676051
2023-12-06,35350,35450,35200,35350,871,0.0
2023-12-07,35350,35400,35200,35300,887,-0.0014144271570014633
2023-12-08,35500,35600,35200,35400,1878,0.0028328611898016387
2023-12-11,35500,35500,34850,35400,861,0.0
2023-12-12,35400,35550,35350,35450,5089,0.0014124293785311437
2023-12-13,35200,35500,34950,35400,2939,-0.0014104372355430161
2023-12-14,35300,35400,34950,35300,12005,-0.0028248587570621764
2023-12-15,35250,35350,35000,35200,6324,-0.0028328611898017497
2023-12-18,35200,35400,34150,34700,6406,-0.014204545454545414
2023-12-19,34700,35050,34650,34800,1809,0.0028818443804035088
2023-12-20,34800,35050,34700,35050,3360,0.007183908045977017
2023-12-21,35000,35450,34750,35450,1771,0.011412268188302432
2023-12-22,35450,35600,35100,35550,3185,0.0028208744710860323
2023-12-26,35550,35650,35150,35450,6658,-0.002812939521800284
2023-12-27,33600,33600,32500,33200,10988,-0.06346967559943584
2023-12-28,33350,33350,32850,33000,5455,-0.0060240963855421326
2024-01-02,32850,33100,32650,32900,5458,-0.00303030303030305
2024-01-03,33100,33150,32850,33100,2779,0.006079027355623046
2024-01-04,33050,33250,32850,33100,1239,0.0
2024-01-05,33100,33350,33100,33150,2426,0.0015105740181269312
2024-01-08,33450,33450,32900,32950,484,-0.006033182503770718
2024-01-09,33300,33300,32950,33300,1020,0.01062215477996964
2024-01-10,33200,33500,33100,33100,1043,-0.006006006006005982
2024-01-11,33100,33350,33050,33200,2067,0.0030211480362538623
2024-01-12,33450,35000,33050,33050,4382,-0.004518072289156572
2024-01-15,33300,34100,33250,33400,1531,0.010590015128593144
2024-01-16,33500,33700,33500,33600,750,0.0059880239520957446
2024-01-17,33550,34300,33550,33750,5629,0.0044642857142858094
2024-01-18,33800,34000,33750,33750,816,0.0
2024-01-19,34200,34200,33700,33750,227,0.0
2024-01-22,33750,34000,33400,33700,4861,-0.001481481481481528
2024-01-23,33700,33700,33350,33550,496,-0.004451038575667643
2024-01-24,33550,34000,33500,33500,312,-0.0014903129657227732
2024-01-25,33500,33600,33200,33500,793,0.0
2024-01-26,34000,34000,33400,33550,2888,0.0014925373134329067
2024-01-29,33550,33800,33250,33750,2382,0.005961251862891315
2024-01-30,33950,34150,33850,34100,4945,0.010370370370370363
2024-01-31,34100,34550,34100,34150,2380,0.0014662756598240456
2024-02-01,34150,34900,34100,34850,4330,0.020497803806734938
2024-02-02,35050,35950,34950,35700,10471,0.024390243902439046
2024-02-05,35900,37750,35500,37600,20956,0.053221288515406195
2024-02-06,36350,37600,35550,36750,22126,-0.022606382978723416
2024-02-07,36200,37100,36050,37050,6317,0.008163265306122547
2024-02-08,36450,37300,36450,37300,6217,0.006747638326585648
2024-02-13,37300,37500,37150,37350,4858,0.0013404825737264314
2024-02-14,36500,37150,36500,37000,8116,-0.009370816599732268
2024-02-15,36600,37000,36500,36500,2923,-0.013513513513513487
2024-02-16,37000,37350,36700,37250,3315,0.020547945205479534
2024-02-19,37200,38500,37200,38250,15788,0.02684563758389258
2024-02-20,38500,40400,38400,39500,14860,0.03267973856209161
2024-02-21,39700,40000,37600,38250,10516,-0.03164556962025311
2024-02-22,38650,39250,37950,38900,5558,0.01699346405228752
2024-02-23,39550,40000,38100,39200,15605,0.007712082262210762
2024-02-26,39200,39450,38150,38850,8346,-0.008928571428571397
2024-02-27,38850,39500,37000,38300,9371,-0.014157014157014203
2024-02-28,38300,38500,37450,38100,8103,-0.005221932114882533
2024-02-29,38100,38800,37650,38150,4368,0.001312335958005173
2024-03-04,38150,38850,37550,38400,8343,0.006553079947575258
2024-03-05,38400,38750,37750,38450,6316,0.0013020833333332593
2024-03-06,38450,39200,38050,38800,5797,0.00910273081924573
2024-03-07,38800,39350,38450,38950,3013,0.0038659793814432852
2024-03-08,38950,39400,38300,39000,6629,0.0012836970474967568
2024-03-11,39350,39350,38650,38750,2552,-0.0064102564102563875
2024-03-12,38750,38950,37400,37650,9498,-0.0283870967741936
2024-03-13,37650,38400,37500,37700,10787,0.0013280212483399723
2024-03-14,37700,38250,37600,38250,2499,0.01458885941644561
2024-03-15,38500,39450,37950,39350,14034,0.02875816993464042
2024-03-18,39500,39650,38700,39150,9560,-0.0050825921219822545
2024-03-19,39350,39450,39050,39350,4366,0.005108556832694733
2024-03-20,39500,39700,39050,39200,6523,-0.003811944091486663
2024-03-21,39600,39700,39200,39400,6937,0.005102040816326481
2024-03-22,39400,40100,39150,39800,10876,0.010152284263959421
2024-03-25,39800,41750,39800,41400,23653,0.04020100502512558
2024-03-26,41400,42250,40950,41350,9997,-0.0012077294685990392
2024-03-27,41950,42150,40150,40150,16138,-0.029020556227327687
2024-03-28,39400,39400,38150,38350,17940,-0.04483188044831876
2024-03-29,38300,38950,38100,38400,10227,0.0013037809647979959
2024-04-01,38300,38550,37900,38500,9415,0.0026041666666667407
2024-04-02,38500,38950,37800,38400,10906,-0.0025974025974025983
2024-04-03,38900,38900,38050,38700,5534,0.0078125
2024-04-04,39000,39250,38550,38600,5231,-0.0025839793281653423
2024-04-05,38650,38800,38350,38350,3360,-0.006476683937823857
2024-04-08,38350,38650,38150,38400,3771,0.0013037809647979959
2024-04-09,38450,38600,38100,38200,3173,-0.00520833333333337
2024-04-11,38200,38300,37800,38300,2752,0.002617801047120505
2024-04-12,38300,38450,38100,38450,3783,0.003916449086161844
2024-04-15,37900,38900,37900,38900,6172,0.011703511053315907
2024-04-16,39700,39700,38100,38400,4978,-0.01285347043701801
2024-04-17,38400,38500,38100,38450,1505,0.0013020833333332593
2024-04-18,38500,38550,38250,38500,1976,0.0013003901170351995
2024-04-19,38500,38500,37950,38400,4879,-0.0025974025974025983
2024-04-22,38500,38900,38500,38900,3515,0.01302083333333326
2024-04-23,38800,39500,38800,39100,4361,0.005141388174807249
2024-04-24,39400,39700,39100,39700,2734,0.01534526854219953
2024-04-25,39700,40200,39600,39700,9568,0.0
2024-04-26,39850,40100,39700,39750,3602,0.0012594458438286438
2024-04-29,39750,40100,39350,39700,2391,-0.0012578616352201255
2024-04-30,39950,39950,39400,39850,5048,0.0037783375314861534
2024-05-02,39900,40200,39400,39950,2676,0.0025094102885820924
2024-05-03,39850,40500,39850,40350,5372,0.01001251564455563
2024-05-07,40350,40700,39750,40500,15628,0.0037174721189590088
2024-05-08,40450,41850,40450,41500,15728,0.024691358024691468
2024-05-09,41500,43300,41500,42400,12618,0.02168674698795181
2024-05-10,42400,42800,41700,42150,8228,-0.005896226415094352
2024-05-13,42150,42150,40850,41000,10311,-0.027283511269276417
2024-05-14,41000,41800,40250,41800,8979,0.019512195121951237
2024-05-16,41800,42450,41400,42450,6466,0.015550239234449759
2024-05-17,42450,42900,41800,42300,7797,-0.0035335689045936647
2024-05-20,42650,42950,41850,42850,10735,0.013002364066193817
2024-05-21,42850,44450,42600,43500,22993,0.015169194865811031
2024-05-22,43100,43950,42200,42450,14062,-0.024137931034482807
2024-05-23,42450,42900,42050,42600,4334,0.0035335689045936647
2024-05-24,43000,44000,42650,43800,9012,0.028169014084507005
2024-05-27,43800,44050,43000,43250,6870,-0.01255707762557079
2024-05-28,43400,43850,43200,43800,7160,0.012716763005780285
2024-05-29,43800,46500,43600,45700,26717,0.04337899543378998
2024-05-30,45700,45700,44250,45050,12141,-0.01422319474835887
2024-05-31,45050,46400,44250,44500,8399,-0.01220865704772478
2024-06-03,44500,48000,44200,46450,26795,0.043820224719101075
2024-06-04,46450,47500,45500,46300,22218,-0.0032292787944026013
2024-06-05,46300,46500,44900,46500,11438,0.004319654427645814
2024-06-07,46050,47300,45650,45850,6896,-0.013978494623655968
2024-06-10,45850,45850,44850,45550,9831,-0.0065430752453653485
2024-06-11,45550,45750,44700,44850,7705,-0.015367727771679496
2024-06-12,44500,45000,44500,44700,4708,-0.0033444816053511683
2024-06-13,44700,45350,44500,45200,5820,0.01118568232662187
2024-06-14,45200,45450,44850,44950,4465,-0.00553097345132747
2024-06-17,44950,45400,44900,45100,3961,0.0033370411568409697
2024-06-18,45100,46400,44900,46300,6127,0.026607538802660757
2024-06-19,46300,46350,45650,45650,5302,-0.01403887688984884
2024-06-20,45650,47400,45600,47000,13076,0.02957283680175249
2024-06-21,46900,46950,46050,46950,6198,-0.0010638297872340718
2024-06-24,47000,47300,46150,46450,3889,-0.010649627263045747
2024-06-25,47700,47900,44850,45500,13470,-0.020452099031216364
2024-06-26,45900,45950,45100,45500,5186,0.0
2024-06-27,45200,45200,43050,43950,20618,-0.034065934065934056
2024-06-28,43950,44100,43550,44000,57004,0.0011376564277587597
2024-07-01,44000,44050,43450,43450,6244,-0.012499999999999956
2024-07-02,43450,43850,43200,43550,4000,0.0023014959723819395
2024-07-03,43550,43550,43000,43000,4379,-0.012629161882893203
2024-07-04,43000,43300,42800,42850,2360,-0.0034883720930232176
2024-07-05,42850,43700,42800,43300,3067,0.010501750291715295
2024-07-08,43300,44000,43250,43850,3002,0.012702078521940052
2024-07-09,43950,44000,43550,43550,2852,-0.0068415051311288
2024-07-10,43600,43900,42850,43300,4889,-0.00574052812858783
2024-07-11,43650,43950,43300,43700,2553,0.009237875288683695
2024-07-12,43750,44500,43550,44250,5428,0.012585812356979309
2024-07-15,44550,44550,43700,43850,2572,-0.009039548022598876
2024-07-16,44450,44450,43600,43850,2464,0.0
2024-07-17,44100,44100,43700,43850,2829,0.0
2024-07-18,43500,44000,43500,44000,2641,0.003420752565564511
2024-07-19,44000,44000,43700,43900,3116,-0.002272727272727315
2024-07-22,43900,44550,43650,43750,8243,-0.003416856492027387
2024-07-23,43750,44050,43150,43500,4760,-0.005714285714285672
2024-07-24,43700,44050,43400,43850,2974,0.008045977011494232
2024-07-25,44000,44000,43000,43100,6639,-0.01710376282782211
2024-07-26,43150,43600,42750,42950,4342,-0.0034802784222738303
2024-07-29,42950,43250,42600,42900,7454,-0.0011641443538998875
2024-07-30,43300,43300,42550,42600,5475,-0.006993006993006978
2024-07-31,42650,43050,42650,42950,2692,0.008215962441314506
2024-08-01,43350,43350,42700,43100,3210,0.0034924330616996624
2024-08-02,43200,43200,42000,42300,9082,-0.018561484918793503
2024-08-05,42300,42300,40450,40800,14669,-0.03546099290780147
2024-08-06,41150,42800,41150,42450,8073,0.040441176470588314
2024-08-07,42800,43800,42250,43700,7363,0.029446407538280317
2024-08-08,43650,43700,43250,43500,2390,-0.004576659038901587
2024-08-09,43100,44000,43100,43700,5121,0.0045977011494253706
2024-08-12,43300,44250,43300,44250,6047,0.012585812356979309
2024-08-13,44250,44800,44200,44600,6945,0.00790960451977396
2024-08-14,44600,44600,44250,44600,2974,0.0
2024-08-16,44650,44650,43600,43750,8668,-0.01905829596412556
2024-08-19,44400,44450,43750,44150,3288,0.00914285714285712
2024-08-20,44650,44650,44200,44600,3369,0.010192525481313774
2024-08-21,44600,44700,44300,44450,2515,-0.0033632286995515237
2024-08-22,44450,44700,44050,44100,2105,-0.007874015748031482
2024-08-23,44050,44400,44000,44350,2094,0.005668934240362855
2024-08-26,44350,45200,43850,45200,4575,0.01916572717023679
2024-08-27,45000,45350,44400,45350,3216,0.0033185840707965486
2024-08-28,45350,45350,44650,44800,3526,-0.012127894156560126
2024-08-29,44800,45200,44350,44500,3492,-0.006696428571428603
2024-08-30,44550,44900,44050,44900,2180,0.008988764044943753
2024-09-02,44900,45300,44100,44750,4181,-0.0033407572383074013
2024-09-03,45200,45850,44350,45450,7722,0.015642458100558754
2024-09-04,45350,45650,44550,45100,6878,-0.007700770077007646
2024-09-05,45200,46800,45200,45700,12505,0.013303769401330268
2024-09-06,45250,46100,44500,45550,8862,-0.003282275711159688
2024-09-09,45100,45800,44950,45550,6069,0.0
2024-09-10,45750,48950,45450,46800,13277,0.027442371020856227
2024-09-11,46800,47000,45350,46800,11408,0.0
2024-09-12,47000,47000,46150,46300,4984,-0.010683760683760646
2024-09-13,46300,46750,45350,45800,5752,-0.010799136069114423
2024-09-19,45800,45800,45250,45750,5575,-0.0010917030567685337
2024-09-20,46050,46200,45500,46200,4514,0.009836065573770592
2024-09-23,46200,46400,45600,45700,6363,-0.010822510822510845
2024-09-24,45700,46250,44550,45400,6191,-0.006564551422319487
2024-09-25,45400,45900,44450,44450,7062,-0.020925110132158586
2024-09-26,44500,45200,44500,44950,3093,0.011248593925759387
2024-09-27,44950,45200,44550,45050,2702,0.0022246941045607205
2024-09-30,45050,46700,44800,45750,11275,0.015538290788013276
2024-10-02,45650,45700,45100,45200,2524,-0.012021857923497303
2024-10-04,45250,45950,45200,45400,3030,0.004424778761061843
2024-10-07,45250,45650,45000,45600,3222,0.004405286343612369
2024-10-08,45750,45950,45300,45850,2836,0.005482456140350811
2024-10-10,45900,46550,45800,46400,6449,0.01199563794983649
2024-10-11,46750,46750,45950,45950,4273,-0.00969827586206895
2024-10-14,46400,46650,45850,46550,6492,0.013057671381936808
2024-10-15,46450,47500,46450,47050,8808,0.01074113856068748
2024-10-16,47000,47350,46600,47200,5114,0.0031880977683316214
2024-10-17,46700,47500,46700,47300,3459,0.0021186440677967155
2024-10-18,47300,48250,47300,47950,9494,0.01374207188160681
2024-10-21,47950,48500,47800,48450,5748,0.010427528675703845
2024-10-22,48450,50300,48450,49950,15860,0.030959752321981338
2024-10-23,50200,52000,49750,51400,21501,0.02902902902902893
2024-10-24,51400,52000,50000,51000,11840,-0.0077821011673151474
2024-10-25,51000,51700,50400,51000,7674,0.0
2024-10-28,51000,52400,51000,52300,8807,0.025490196078431282
2024-10-29,52300,53500,51500,52500,11332,0.003824091778202643
2024-10-30,52500,53200,50500,50500,16674,-0.03809523809523807
2024-10-31,50600,51100,48500,51000,13075,0.00990099009900991
2024-11-01,51000,51000,50000,50500,3356,-0.009803921568627416
2024-11-04,50500,50700,49650,49850,5497,-0.012871287128712883
2024-11-05,49850,50700,49600,50500,6808,0.013039117352056095
2024-11-06,50500,51600,50000,51000,4869,0.00990099009900991
2024-11-07,51800,51800,50400,50700,2936,-0.00588235294117645
2024-11-08,50700,51600,50500,51000,5241,0.00591715976331364
2024-11-11,50900,51300,50500,51100,5582,0.0019607843137254832
2024-11-12,52200,52200,49800,49900,11181,-0.023483365949119372
2024-11-13,49950,50400,49250,49700,8518,-0.004008016032064132
2024-11-14,49650,49900,49050,49300,9605,-0.008048289738430636
2024-11-15,49300,49300,46400,48200,10964,-0.022312373225152116
2024-11-18,48200,52000,48000,49900,9641,0.03526970954356856
2024-11-19,50600,50600,49750,50100,7274,0.004008016032064132
2024-11-20,50200,50300,49700,50100,6186,0.0
2024-11-21,50500,50600,49800,50000,5692,-0.001996007984031989
2024-11-22,50200,50300,49350,49550,11091,-0.009000000000000008
2024-11-25,49600,50200,49600,50000,9902,0.00908173562058523
2024-11-26,50200,50300,49600,50200,3018,0.0040000000000000036
2024-11-27,50500,51800,50200,51600,12192,0.027888446215139417
2024-11-28,51800,51800,50300,50700,11784,-0.01744186046511631
2024-11-29,50700,51300,50000,50600,16326,-0.0019723865877712132
2024-12-02,50900,50900,49850,50200,6678,-0.007905138339920903
2024-12-03,50300,50800,50100,50500,6621,0.005976095617529875
2024-12-04,49600,50700,49600,49900,15062,-0.011881188118811892
2024-12-05,50500,50500,49700,49850,11965,-0.0010020040080159776
2024-12-06,49800,49800,47000,49000,19387,-0.017051153460381108
2024-12-09,48950,48950,47200,47800,14698,-0.024489795918367308
2024-12-10,47950,49200,47500,48900,10220,0.023012552301255207
2024-12-11,48850,49300,48750,48750,5726,-0.0030674846625766694
2024-12-12,48900,50500,48900,50400,11285,0.03384615384615386
2024-12-13,50300,51500,49400,51000,7844,0.011904761904761862
2024-12-16,51000,51800,51000,51700,9865,0.013725490196078383
2024-12-17,52000,54300,51700,53200,25616,0.029013539651837617
2024-12-18,53200,56100,53200,56100,28316,0.05451127819548862
2024-12-19,55300,56000,54500,55000,17192,-0.019607843137254943
2024-12-20,55000,55800,54300,55200,15638,0.0036363636363636598
2024-12-23,55000,56400,54400,55500,55713,0.005434782608695565
2024-12-24,55500,55500,53800,54800,23540,-0.012612612612612595
2024-12-26,54800,57800,54000,57200,61859,0.04379562043795615
2024-12-27,53800,54000,48000,50500,75715,-0.11713286713286708
2024-12-30,51300,52300,50000,50400,37415,-0.001980198019801982
2025-01-02,50400,51000,49250,49400,15709,-0.019841269841269882
2025-01-03,48750,50800,48750,49500,14829,0.002024291497975783
2025-01-06,49500,50000,49050,49400,14109,-0.002020202020202033
2025-01-07,49400,49850,48750,48800,12911,-0.012145748987854255
2025-01-08,49250,49900,48650,49200,4638,0.008196721311475308
2025-01-09,49800,50100,49100,49200,8844,0.0
2025-01-10,49050,49800,48850,49300,4702,0.00203252032520318
2025-01-13,50700,50700,49250,49600,2907,0.006085192697768749
2025-01-14,49250,50000,49250,49350,4219,-0.005040322580645129
2025-01-15,49200,49950,49100,49250,6358,-0.0020263424518743856
2025-01-16,49500,49800,49250,49600,5064,0.007106598984771617
2025-01-17,49600,50800,49300,50600,10469,0.02016129032258074
2025-01-20,50600,50800,50400,50500,6598,-0.0019762845849802257
2025-01-21,50100,50600,50100,50500,2433,0.0
2025-01-22,50100,50700,50100,50200,5489,-0.005940594059405946
2025-01-23,50200,50600,50100,50600,2358,0.007968127490039834
2025-01-24,50500,50900,50300,50300,4109,-0.005928853754940677
2025-01-31,50300,51100,50300,50600,7414,0.005964214711729587
2025-02-03,50600,50600,49850,50100,6603,-0.00988142292490124
2025-02-04,50000,50500,50000,50300,5795,0.003992015968063978
2025-02-05,50300,50400,49950,50100,3809,-0.003976143141153132
2025-02-06,50400,51000,50100,50700,16542,0.011976047904191711
2025-02-07,51300,51500,50700,51200,6703,0.009861932938856066
2025-02-10,51200,52500,51000,51700,9094,0.009765625
2025-02-11,51700,53000,51500,52200,9564,0.009671179883945946
2025-02-12,52200,53400,52200,52600,12244,0.00766283524904221
2025-02-13,52700,53100,52000,52100,7032,-0.009505703422053258
2025-02-14,52200,52400,51100,51400,8373,-0.013435700575815779
2025-02-17,51100,52000,51000,51800,8150,0.0077821011673151474
2025-02-18,52200,52300,51600,51600,5881,-0.0038610038610038533
2025-02-19,52200,52300,51700,52000,8262,0.007751937984496138
2025-02-20,52600,52600,51800,52000,4454,0.0
2025-02-21,52000,53000,52000,53000,7556,0.019230769230769162
2025-02-24,53800,53900,52900,52900,9168,-0.0018867924528301883
2025-02-25,53400,53400,52500,53100,10840,0.003780718336483968
2025-02-26,53100,53500,52200,52200,22101,-0.016949152542372836
2025-02-27,49500,50200,49500,49900,25825,-0.044061302681992376
2025-02-28,49900,49900,49000,49300,9886,-0.012024048096192397
2025-03-04,48900,49700,48200,48600,12108,-0.014198782961460488
2025-03-05,48650,49200,48450,48700,7995,0.002057613168724215
2025-03-06,48700,49100,48550,48600,6807,-0.002053388090349051
2025-03-07,48600,49000,47850,48100,9149,-0.010288065843621408
2025-03-10,48300,48950,47850,48700,4291,0.012474012474012364
2025-03-11,48400,48800,48250,48300,6047,-0.008213552361396315
2025-03-12,48300,48350,47850,48100,5348,-0.0041407867494823725
2025-03-13,48100,48700,48100,48300,1287,0.004158004158004047
2025-03-14,48300,48700,48100,48100,3268,-0.0041407867494823725
2025-03-17,48600,48600,45050,47650,14167,-0.009355509355509328
2025-03-18,47650,47650,46550,46700,9590,-0.019937040923399763
2025-03-19,46700,47150,46350,46550,6403,-0.0032119914346895317
2025-03-20,47000,47000,46400,46500,4320,-0.0010741138560687036
2025-03-21,46500,46600,45600,46600,6075,0.0021505376344086446
2025-03-24,46600,47050,46500,46650,4117,0.0010729613733906351
2025-03-25,47050,47200,46400,47000,6513,0.007502679528403
2025-03-26,47050,47100,46750,46800,2754,-0.004255319148936176
2025-03-27,47250,47250,46050,46300,4822,-0.010683760683760646
2025-03-28,46450,46450,45250,45850,8149,-0.009719222462203025
2025-03-31,45850,45950,45000,45950,5460,0.0021810250817884125
2025-04-01,46300,46500,45950,46400,5666,0.009793253536452662
2025-04-02,47000,47150,45650,46400,7832,0.0
2025-04-03,46500,46900,46100,46700,3487,0.006465517241379226
2025-04-04,46700,47900,46250,47500,7151,0.017130620985010614
2025-04-07,47500,47500,45750,46000,6869,-0.03157894736842104
2025-04-08,46450,46450,45650,45900,5062,-0.0021739130434782483
2025-04-09,45950,46000,45000,45500,7724,-0.008714596949891074
2025-04-10,46900,47350,45600,46950,5033,0.03186813186813198
2025-04-11,46950,47300,46400,46500,3016,-0.009584664536741228
2025-04-14,47000,47300,46500,46800,4056,0.006451612903225712
2025-04-15,47500,47500,46850,47400,2848,0.012820512820512775
2025-04-16,47600,48100,47250,47900,6925,0.010548523206751037
2025-04-17,47900,48250,47850,48250,2750,0.007306889352818313
2025-04-18,48000,48550,48000,48500,2559,0.005181347150259086
2025-04-21,48700,48700,48400,48700,3462,0.004123711340206171
2025-04-22,48800,49400,48450,49100,4980,0.008213552361396204
2025-04-23,49100,49450,48600,48700,5097,-0.008146639511201648
2025-04-24,48950,49000,48700,48900,1553,0.004106776180698102
2025-04-25,49150,49450,49100,49450,3226,0.011247443762781195
2025-04-28,49450,49700,49050,49400,3951,-0.0010111223458038054
2025-04-29,49750,51300,49200,51300,8737,0.03846153846153855
2025-04-30,50800,51100,50400,50700,8731,-0.011695906432748537
2025-05-02,51000,51200,50100,51200,7509,0.009861932938856066
2025-05-07,51200,51200,50100,50500,5325,-0.013671875
2025-05-08,50700,50700,49950,50500,5228,0.0
2025-05-09,50500,51100,50000,50600,8042,0.001980198019801982
2025-05-12,50700,52100,50700,51600,12829,0.01976284584980248
2025-05-13,51900,52000,51600,51800,4963,0.003875968992248069
2025-05-14,51800,52500,51700,52000,2197,0.0038610038610038533
2025-05-15,52000,52100,51600,52100,3292,0.0019230769230769162
2025-05-16,52100,52200,51000,51200,5864,-0.017274472168905985
2025-05-19,51200,51400,50200,50200,6553,-0.01953125
2025-05-20,50500,51200,50500,51100,4548,0.017928286852589626
2025-05-21,51200,51200,50500,50700,6276,-0.007827788649706457
2025-05-22,50700,51000,50300,50400,4698,-0.00591715976331364
2025-05-23,50800,51700,50600,51000,6092,0.011904761904761862
2025-05-26,51000,51400,50800,51300,5365,0.00588235294117645
2025-05-27,51100,51400,50900,51000,4057,-0.005847953216374324
2025-05-28,51200,51600,51000,51200,7384,0.0039215686274509665
2025-05-29,51200,52400,51200,52300,6974,0.021484375
2025-05-30,52500,53400,51800,52600,12030,0.005736137667303964
2025-06-02,52600,52900,51000,51800,6254,-0.01520912547528519
2025-06-04,52000,53000,52000,52700,11471,0.01737451737451745
2025-06-05,53000,53200,52700,52900,7643,0.00379506641366234
2025-06-09,53100,55600,53100,54900,15903,0.037807183364839236
2025-06-10,54900,55000,52900,54000,16156,-0.016393442622950838
2025-06-11,54100,54500,53800,54300,7845,0.005555555555555536
2025-06-12,54300,55300,54100,55300,16061,0.018416206261510082
2025-06-13,55300,55300,53600,53700,11558,-0.02893309222423146
2025-06-16,53800,54600,53700,54500,6584,0.014897579143389184
2025-06-17,54600,56300,53700,54700,16544,0.003669724770642091
2025-06-18,55300,55500,53700,54000,8883,-0.012797074954296161
2025-06-19,54000,54200,53100,53600,13491,-0.007407407407407418
2025-06-20,53600,53700,52500,53200,17259,-0.007462686567164201
2025-06-23,53100,53900,52600,53500,56996,0.005639097744360999
2025-06-24,53700,55500,53700,55000,11963,0.028037383177569986
2025-06-25,55000,56200,55000,56000,11648,0.018181818181818077
2025-06-26,55900,56300,54500,55100,7612,-0.016071428571428625
2025-06-27,55400,55400,53900,54400,6396,-0.012704174228675091
2025-06-30,54400,54900,54100,54700,3972,0.005514705882353033
2025-07-01,55200,57700,55100,56700,18683,0.03656307129798897
2025-07-02,56700,57200,55300,56500,5690,-0.003527336860670194
2025-07-03,56000,58000,56000,57800,11757,0.023008849557522026
2025-07-04,58200,58400,57300,57900,8487,0.0017301038062282892
2025-07-07,59000,59500,57500,58000,8937,0.0017271157167531026
2025-07-08,58300,62000,57900,61400,17178,0.05862068965517242
2025-07-09,61700,65100,61700,64800,29785,0.055374592833876246
2025-07-10,65500,66900,64100,65400,14102,0.0092592592592593
2025-07-11,65400,66500,65000,65600,6966,0.003058103975535076
2025-07-14,66600,67400,62000,67400,20080,0.027439024390243816
2025-07-15,67500,67800,65000,65900,9862,-0.022255192878338326
2025-07-16,65900,65900,64100,64700,12746,-0.018209408194233667
2025-07-17,64700,64900,64000,64300,7336,-0.0061823802163832875
2025-07-18,64300,64400,62300,63500,12985,-0.01244167962674958
2025-07-21,63200,63200,61600,62000,10066,-0.023622047244094446
2025-07-22,62100,62900,61800,62700,10555,0.011290322580645107
2025-07-23,62700,63500,60900,61300,7428,-0.022328548644338087
2025-07-24,61300,61700,60000,60500,11308,-0.013050570962479635
2025-07-25,61100,64400,60400,61500,6357,0.016528925619834656
2025-07-28,61500,61800,58800,59000,8093,-0.04065040650406504
2025-07-29,59000,59700,58200,58700,5242,-0.005084745762711895
2025-07-30,59600,60500,58900,60100,5081,0.023850085178875657
