Date,Open,High,Low,Close,Volume,Change
2022-01-03,4645,4645,4640,4645,21,0.0
2022-01-04,4630,4630,4630,4630,0,-0.0032292787944026013
2022-01-05,5320,5320,4600,4600,38,-0.006479481641468721
2022-01-06,4745,4745,4300,4730,7,0.02826086956521734
2022-01-07,4105,4705,4105,4600,149,-0.02748414376321351
2022-01-10,4895,4895,4100,4600,13,0.0
2022-01-11,4750,4750,4750,4750,1,0.032608695652173836
2022-01-12,4730,4745,4730,4745,4,-0.001052631578947416
2022-01-13,4725,4725,4725,4725,0,-0.004214963119072657
2022-01-14,4405,4740,4405,4445,5,-0.059259259259259234
2022-01-17,4700,4700,4700,4700,1,0.057367829021372385
2022-01-18,4700,4700,4700,4700,0,0.0
2022-01-19,4500,4500,4500,4500,201,-0.04255319148936165
2022-01-20,4500,5000,4500,5000,701,0.11111111111111116
2022-01-21,5250,5250,5250,5250,1,0.050000000000000044
2022-01-24,4470,4985,4470,4890,577,-0.06857142857142862
2022-01-25,4890,4890,4890,4890,0,0.0
2022-01-26,4890,4890,4890,4890,0,0.0
2022-01-27,4535,4900,4535,4900,42,0.002044989775051187
2022-01-28,4500,4990,4500,4990,11,0.01836734693877551
2022-02-03,4300,4900,4250,4900,999,-0.018036072144288595
2022-02-04,4595,4595,4400,4500,42,-0.08163265306122447
2022-02-07,5070,5070,5070,5070,1,0.1266666666666667
2022-02-08,4530,4995,4530,4995,52,-0.014792899408283988
2022-02-09,4570,4570,4250,4475,1117,-0.10410410410410409
2022-02-10,4475,4965,4320,4960,19,0.10837988826815637
2022-02-11,4325,4730,4325,4730,7,-0.0463709677419355
2022-02-14,4495,4495,4495,4495,0,-0.04968287526427062
2022-02-15,4935,4935,4300,4845,6,0.07786429365962189
2022-02-16,4680,4680,4680,4680,0,-0.034055727554179516
2022-02-17,4595,4845,4595,4795,1900,0.024572649572649485
2022-02-18,4705,4705,4705,4705,0,-0.018769551616266922
2022-02-21,4705,4705,4705,4705,0,0.0
2022-02-22,5380,5380,4125,5200,65,0.10520722635494151
2022-02-23,4695,4695,4695,4695,1,-0.0971153846153846
2022-02-24,4650,4890,4650,4890,3,0.04153354632587858
2022-02-25,4205,4935,4200,4935,1287,0.009202453987730008
2022-02-28,5450,5450,4255,4970,4,0.007092198581560183
2022-03-02,4495,4495,4495,4495,0,-0.0955734406438632
2022-03-03,4600,4600,4110,4560,13,0.014460511679644128
2022-03-04,4660,4660,4660,4660,5,0.021929824561403466
2022-03-07,4405,4405,4405,4405,0,-0.054721030042918506
2022-03-08,4405,4405,4405,4405,0,0.0
2022-03-10,4465,4465,4465,4465,5,0.013620885357548351
2022-03-11,4370,4370,4370,4370,0,-0.021276595744680882
2022-03-14,4730,4730,4730,4730,1,0.08237986270022879
2022-03-15,4490,4490,4490,4490,0,-0.05073995771670192
2022-03-16,4745,4745,4055,4100,15961,-0.0868596881959911
2022-03-17,4675,4685,3770,4100,13,0.0
2022-03-18,4700,4700,4100,4595,12467,0.12073170731707328
2022-03-21,4740,4740,4740,4740,1,0.03155603917301408
2022-03-22,4495,4495,4495,4495,0,-0.05168776371308015
2022-03-23,4740,4740,4740,4740,10,0.05450500556173532
2022-03-24,4540,4540,4540,4540,0,-0.04219409282700426
2022-03-25,4700,4700,4700,4700,5,0.03524229074889873
2022-03-28,4740,4740,4740,4740,10,0.008510638297872353
2022-03-29,4465,4465,4465,4465,0,-0.058016877637130815
2022-03-30,4990,4990,4970,4980,101,0.11534154535274355
2022-03-31,4235,4750,4235,4745,1708,-0.04718875502008035
2022-04-01,4495,4495,4495,4495,5,-0.052687038988408874
2022-04-04,4730,4730,4300,4680,30535,0.04115684093437144
2022-04-05,4665,4665,4665,4665,0,-0.0032051282051281937
2022-04-06,4665,4665,4665,4665,0,0.0
2022-04-07,4665,4665,4665,4665,0,0.0
2022-04-08,4665,4665,4665,4665,0,0.0
2022-04-11,4650,4650,4650,4650,0,-0.003215434083601254
2022-04-12,4055,4645,4055,4645,3,-0.0010752688172043223
2022-04-13,3955,4710,3955,4710,470,0.013993541442411273
2022-04-14,4735,4800,4660,4705,6331,-0.0010615711252653925
2022-04-15,4685,4685,4685,4685,0,-0.004250797024442088
2022-04-18,4685,4685,4685,4685,0,0.0
2022-04-19,4730,4730,4730,4730,1,0.009605122732123883
2022-04-20,4070,4700,4070,4695,8,-0.007399577167019
2022-04-21,4795,4795,4795,4795,1,0.021299254526091493
2022-04-22,4745,4745,4745,4745,1,-0.010427528675703845
2022-04-25,4745,4750,4745,4750,4,0.0010537407797681642
2022-04-26,4730,4730,4730,4730,1,-0.004210526315789442
2022-04-27,4745,4745,4745,4745,1,0.003171247357293794
2022-04-28,4745,4745,4745,4745,1,0.0
2022-04-29,4730,4745,4730,4745,4,0.0
2022-05-02,4750,4750,4750,4750,1,0.0010537407797681642
2022-05-03,4730,4730,4730,4730,0,-0.004210526315789442
2022-05-04,4700,4700,4700,4700,0,-0.006342494714587699
2022-05-06,4745,4745,4745,4745,1,0.009574468085106425
2022-05-09,4725,4725,4725,4725,0,-0.004214963119072657
2022-05-10,5430,5430,4110,4945,91,0.04656084656084647
2022-05-11,4735,4735,4735,4735,0,-0.04246713852376138
2022-05-12,4745,4745,4745,4745,1,0.002111932418162654
2022-05-13,4745,4745,4745,4745,0,0.0
2022-05-16,4105,4955,4105,4750,509,0.0010537407797681642
2022-05-17,4165,4750,4165,4750,5,0.0
2022-05-18,4750,4750,4215,4750,693,0.0
2022-05-19,4750,4750,4750,4750,1,0.0
2022-05-20,4745,4745,4745,4745,1,-0.001052631578947416
2022-05-23,4750,4750,4750,4750,2,0.0010537407797681642
2022-05-24,4750,4750,4750,4750,1,0.0
2022-05-25,4750,4750,4750,4750,0,0.0
2022-05-26,4735,4735,4735,4735,0,-0.0031578947368421373
2022-05-27,4745,4745,4745,4745,1,0.002111932418162654
2022-05-30,4750,4750,4750,4750,151,0.0010537407797681642
2022-05-31,4800,4800,4800,4800,1,0.010526315789473717
2022-06-02,4750,5520,4700,5430,1141,0.1312500000000001
2022-06-03,5420,5420,5420,5420,4,-0.0018416206261510082
2022-06-07,5490,5490,5460,5460,2,0.007380073800737907
2022-06-08,4650,5450,4650,5440,3,-0.00366300366300365
2022-06-09,5450,5450,5450,5450,1,0.0018382352941177516
2022-06-10,5950,5950,5950,5950,50,0.09174311926605494
2022-06-13,5060,5700,5060,5700,101,-0.04201680672268904
2022-06-14,4850,5500,4850,5500,101,-0.03508771929824561
2022-06-15,4700,5470,4680,4995,522,-0.0918181818181818
2022-06-16,5400,5400,4990,4995,120,0.0
2022-06-17,4305,4600,4300,4600,9692,-0.07907907907907907
2022-06-20,5200,5200,4070,4300,819,-0.06521739130434778
2022-06-21,4695,4695,4695,4695,1,0.0918604651162791
2022-06-22,5200,5200,5200,5200,1,0.10756123535676254
2022-06-23,5460,5460,4420,5220,3,0.0038461538461538325
2022-06-24,4440,5790,4440,5790,769,0.10919540229885061
2022-06-27,4930,4930,4930,4930,1,-0.14853195164075994
2022-06-28,4990,4990,4990,4990,1,0.012170385395537497
2022-06-29,5720,5720,4300,5000,82,0.002004008016031955
2022-06-30,4690,5700,4690,5700,2896,0.1399999999999999
2022-07-01,6350,6350,4850,6040,1276,0.05964912280701751
2022-07-04,5140,5140,5140,5140,1,-0.14900662251655628
2022-07-05,5720,5720,5720,5720,1,0.11284046692607008
2022-07-06,5640,5640,5640,5640,0,-0.013986013986013957
2022-07-07,6190,6190,4800,6100,67,0.08156028368794321
2022-07-08,6980,6980,6470,6470,2,0.060655737704917945
2022-07-11,5500,5500,5500,5500,0,-0.14992272024729525
2022-07-12,4680,6200,4680,4680,90,-0.14909090909090905
2022-07-13,4985,4985,4985,4985,1,0.06517094017094016
2022-07-14,4320,4980,4320,4980,608,-0.0010030090270812808
2022-07-15,4980,4980,4980,4980,0,0.0
2022-07-18,5390,5390,5370,5370,11,0.07831325301204828
2022-07-19,5430,5430,4570,4790,106,-0.10800744878957169
2022-07-20,5450,5450,5450,5450,1,0.13778705636743216
2022-07-21,4640,5450,4640,5450,401,0.0
2022-07-22,4640,4850,4640,4800,753,-0.11926605504587151
2022-07-25,4800,4800,4800,4800,50,0.0
2022-07-26,4795,4795,4795,4795,0,-0.0010416666666667185
2022-07-27,4990,4990,4990,4990,1,0.04066736183524511
2022-07-28,5190,5190,5190,5190,1,0.04008016032064132
2022-07-29,4700,4700,4700,4700,120,-0.09441233140655103
2022-08-01,4395,4700,4395,4700,100,0.0
2022-08-02,4200,4495,4200,4495,2030,-0.043617021276595724
2022-08-03,4685,4685,4685,4685,1,0.04226918798665191
2022-08-04,4665,4675,4665,4675,32,-0.002134471718249764
2022-08-05,4105,4995,4105,4995,289,0.06844919786096249
2022-08-08,4995,4995,4995,4995,0,0.0
2022-08-09,4475,4475,4475,4475,0,-0.10410410410410409
2022-08-10,5080,5080,4120,4775,23,0.06703910614525133
2022-08-11,4775,4775,4775,4775,0,0.0
2022-08-12,5090,5090,4300,4490,1710,-0.0596858638743456
2022-08-16,4490,4490,4130,4130,1218,-0.08017817371937641
2022-08-17,4730,4730,4730,4730,1,0.1452784503631961
2022-08-18,5030,5030,5030,5030,19,0.06342494714587743
2022-08-19,5010,5010,5010,5010,4,-0.003976143141153132
2022-08-22,4900,4900,4900,4900,0,-0.021956087824351322
2022-08-23,4880,4880,4880,4880,0,-0.004081632653061273
2022-08-24,4510,4510,4510,4510,0,-0.07581967213114749
2022-08-25,4435,4435,4435,4435,0,-0.016629711751662946
2022-08-26,4435,4435,4435,4435,0,0.0
2022-08-29,4980,4980,4980,4980,1,0.12288613303269447
2022-08-30,5020,5020,4835,4835,3,-0.029116465863453844
2022-08-31,5000,5000,5000,5000,10,0.03412616339193386
2022-09-01,4250,4965,4250,4965,1094,-0.007000000000000006
2022-09-02,4230,4545,4230,4540,542,-0.08559919436052366
2022-09-05,5050,5050,5050,5050,1,0.11233480176211463
2022-09-06,4300,5020,4300,4600,566,-0.08910891089108908
2022-09-07,3950,4580,3950,4000,501,-0.13043478260869568
2022-09-08,4495,4495,4445,4445,26,0.11125000000000007
2022-09-13,4580,4580,4030,4450,2270,0.0011248593925758943
2022-09-14,4925,4925,4925,4925,1,0.10674157303370779
2022-09-15,4980,4980,4980,4980,1,0.01116751269035543
2022-09-16,4235,4965,4235,4965,2,-0.003012048192771122
2022-09-19,4225,4930,4225,4815,2342,-0.030211480362537735
2022-09-20,4250,4800,4250,4800,306,-0.0031152647975077885
2022-09-21,4985,4985,4985,4985,1,0.038541666666666696
2022-09-22,4760,4760,4760,4760,21,-0.04513540621865597
2022-09-23,4495,4495,4495,4495,55,-0.05567226890756305
2022-09-26,5010,5010,4900,4900,1328,0.0901001112347053
2022-09-27,4500,5030,4500,5030,1753,0.026530612244898055
2022-09-28,4280,4895,4280,4895,621,-0.026838966202783254
2022-09-29,4845,4905,4845,4905,205,0.0020429009193054792
2022-09-30,4995,4995,4995,4995,10,0.0183486238532109
2022-10-04,4890,4895,4890,4895,38,-0.020020020020020013
2022-10-05,4885,4885,4885,4885,3,-0.002042900919305368
2022-10-06,4595,4850,4160,4500,2421,-0.07881269191402251
2022-10-07,4485,4485,4485,4485,0,-0.0033333333333332993
2022-10-11,3860,4950,3860,4950,770,0.10367892976588622
2022-10-12,4940,4940,4210,4495,990,-0.09191919191919196
2022-10-13,4670,4670,4670,4670,10,0.03893214682981094
2022-10-14,4485,4485,4485,4485,0,-0.039614561027837225
2022-10-17,4485,4485,4485,4485,0,0.0
2022-10-18,4945,4945,4945,4945,1,0.10256410256410264
2022-10-19,4205,4970,4205,4950,1249,0.0010111223458038054
2022-10-20,4475,4900,4235,4875,238,-0.015151515151515138
2022-10-21,4315,4770,4310,4770,17,-0.021538461538461506
2022-10-24,4405,4920,4100,4720,814,-0.010482180293501009
2022-10-25,4400,4400,4015,4295,1431,-0.09004237288135597
2022-10-26,4835,4835,4495,4495,9,0.046565774155995276
2022-10-27,4905,4905,4495,4495,11,0.0
2022-10-28,4500,4500,4500,4500,10,0.0011123470522802492
2022-10-31,4865,4865,4865,4865,1,0.08111111111111113
2022-11-01,4495,4495,4490,4490,6,-0.07708119218910581
2022-11-02,4910,4910,3890,4640,102,0.03340757238307357
2022-11-03,4640,4895,3950,4895,16,0.0549568965517242
2022-11-04,4495,4895,4165,4165,715,-0.1491317671092952
2022-11-07,4380,4380,4380,4380,10,0.05162064825930379
2022-11-08,4690,4690,4690,4690,5,0.07077625570776247
2022-11-09,4685,4685,4685,4685,150,-0.0010660980810234255
2022-11-10,4745,4745,4745,4745,5,0.012806830309498363
2022-11-11,4745,4745,4035,4475,1297,-0.05690200210748153
2022-11-14,4735,4735,4735,4735,10,0.058100558659217816
2022-11-15,4735,4735,4735,4735,10,0.0
2022-11-16,4300,4700,4050,4375,212,-0.07602956705385433
2022-11-17,4740,4740,4740,4740,5,0.08342857142857141
2022-11-18,4740,4740,4740,4740,3,0.0
2022-11-21,4740,4740,4050,4710,120,-0.006329113924050667
2022-11-22,4750,4750,4750,4750,80,0.00849256900212314
2022-11-23,4745,4745,4065,4715,196,-0.00736842105263158
2022-11-24,4500,4500,4065,4390,331,-0.06892895015906686
2022-11-25,4280,4280,4280,4280,2,-0.02505694760820043
2022-11-28,4295,4295,4290,4290,31,0.002336448598130758
2022-11-29,4245,4680,4245,4680,224,0.09090909090909083
2022-11-30,4745,4745,4055,4660,12,-0.004273504273504258
2022-12-01,4745,4745,4050,4480,26,-0.03862660944206009
2022-12-02,4705,4705,3900,4400,811,-0.017857142857142905
2022-12-05,4700,4700,4700,4700,5,0.06818181818181812
2022-12-06,4360,4360,4360,4360,0,-0.07234042553191489
2022-12-07,4540,4540,4540,4540,5,0.041284403669724856
2022-12-08,4445,4445,4045,4265,25,-0.060572687224669575
2022-12-09,4545,4545,4545,4545,10,0.06565064478311844
2022-12-12,4500,4500,4045,4370,52,-0.03850385038503845
2022-12-13,4545,4545,4035,4420,98,0.011441647597254079
2022-12-14,4415,4415,4000,4200,736,-0.04977375565610864
2022-12-15,4475,4475,4000,4125,109,-0.017857142857142905
2022-12-16,4395,4395,4010,4245,10,0.029090909090909056
2022-12-19,4490,4490,3640,4280,17,0.008244994110718551
2022-12-20,4495,4495,4030,4030,28,-0.05841121495327106
2022-12-21,4315,4315,4020,4020,18,-0.002481389578163795
2022-12-22,4230,4245,4035,4245,74,0.05597014925373145
2022-12-23,4345,4345,4010,4300,30,0.012956419316843437
2022-12-26,4345,4345,4015,4295,24,-0.0011627906976744429
2022-12-27,4295,4295,4295,4295,10,0.0
2022-12-28,3670,4295,3670,4295,13,0.0
2022-12-29,4295,4325,4015,4200,37,-0.02211874272409775
2023-01-02,4345,4345,3695,4050,193,-0.0357142857142857
2023-01-03,3605,4030,3605,3980,139,-0.01728395061728394
2023-01-04,4180,4180,3465,3895,404,-0.021356783919597944
2023-01-05,3955,3955,3685,3900,368,0.0012836970474967568
2023-01-06,3900,4270,3895,4270,16,0.09487179487179498
2023-01-09,4250,4250,4250,4250,10,-0.004683840749414525
2023-01-10,4250,4250,4250,4250,30,0.0
2023-01-11,4250,4250,4250,4250,10,0.0
2023-01-12,4300,4300,4300,4300,1,0.0117647058823529
2023-01-13,4300,4300,4300,4300,0,0.0
2023-01-16,4300,4300,4300,4300,5,0.0
2023-01-17,4000,4300,4000,4300,6,0.0
2023-01-18,4250,4250,4250,4250,5,-0.011627906976744207
2023-01-19,4300,4300,4300,4300,2,0.0117647058823529
2023-01-20,4300,4300,4300,4300,15,0.0
2023-01-25,4285,4285,4285,4285,0,-0.0034883720930232176
2023-01-26,4000,4200,3990,4195,1262,-0.02100350058343059
2023-01-27,4345,4345,3905,4260,91,0.015494636471990564
2023-01-30,3805,4290,3800,4290,1351,0.007042253521126751
2023-01-31,4340,4340,3820,4200,34,-0.020979020979020935
2023-02-01,4345,4345,4120,4125,5,-0.017857142857142905
2023-02-02,4125,4125,4125,4125,0,0.0
2023-02-03,4320,4320,4320,4320,1,0.047272727272727355
2023-02-06,4290,4300,4005,4300,33,-0.00462962962962965
2023-02-07,4270,4270,4270,4270,0,-0.006976744186046546
2023-02-08,4345,4345,3720,4340,4,0.016393442622950838
2023-02-09,4320,4320,4320,4320,0,-0.004608294930875556
2023-02-10,4320,4320,4320,4320,0,0.0
2023-02-13,4325,4345,4325,4345,15,0.0057870370370369795
2023-02-14,3925,4320,3855,4200,277,-0.03337169159953968
2023-02-15,3910,4165,3910,4165,65,-0.008333333333333304
2023-02-16,4325,4325,3615,4065,84,-0.02400960384153661
2023-02-17,4335,4335,3470,4285,7,0.05412054120541199
2023-02-20,4330,4335,4330,4335,10,0.011668611435239118
2023-02-21,4275,4275,4275,4275,0,-0.01384083044982698
2023-02-22,4290,4290,4005,4235,12,-0.009356725146198785
2023-02-23,3815,3815,3815,3815,1,-0.09917355371900827
2023-02-24,4340,4340,4310,4310,7,0.12975098296199206
2023-02-27,4320,4320,4320,4320,1,0.002320185614849146
2023-02-28,4240,4240,4240,4240,0,-0.01851851851851849
2023-03-02,4340,4340,4340,4340,5,0.02358490566037741
2023-03-03,4330,4330,4330,4330,5,-0.0023041474654378336
2023-03-06,4335,4335,3700,4195,376,-0.03117782909930711
2023-03-07,3900,4350,3700,4340,251,0.03456495828367112
2023-03-08,4195,4195,4195,4195,0,-0.033410138248847976
2023-03-09,4335,4335,4335,4335,3,0.033373063170440975
2023-03-10,4190,4330,4190,4335,427,0.0
2023-03-13,4340,4340,4340,4340,5,0.0011534025374855261
2023-03-14,4165,4290,3695,4260,2230,-0.018433179723502335
2023-03-15,3705,4330,3705,4240,87,-0.0046948356807511304
2023-03-16,4345,4345,3620,4145,5039,-0.02240566037735847
2023-03-17,3535,4190,3535,4180,8,0.008443908323281013
2023-03-20,4285,4285,3555,3565,242,-0.14712918660287078
2023-03-21,3065,3995,3065,3960,22,0.1107994389901823
2023-03-22,3380,4210,3375,4090,18,0.03282828282828287
2023-03-23,4210,4210,3485,4085,28744,-0.0012224938875305957
2023-03-24,3515,3900,3515,3525,613,-0.13708690330477358
2023-03-27,3080,3480,3000,3265,5370,-0.07375886524822695
2023-03-28,3715,3715,2780,3385,170,0.03675344563552829
2023-03-29,2885,3875,2885,3730,32,0.10192023633677993
2023-03-30,3175,4210,3175,4205,477,0.12734584450402142
2023-03-31,3575,4820,3575,4505,205,0.0713436385255648
2023-04-03,4655,4655,4655,4655,10,0.03329633740288562
2023-04-04,3960,4690,3960,3960,142,-0.14930182599355535
2023-04-05,4445,4445,4180,4180,55,0.05555555555555558
2023-04-06,3560,4295,3555,4200,479,0.004784688995215225
2023-04-07,3570,4290,3570,4290,103,0.021428571428571352
2023-04-10,3650,4330,3650,3650,528,-0.14918414918414924
2023-04-11,3115,4120,3115,4120,26,0.12876712328767126
2023-04-12,3505,4225,3505,4080,311,-0.009708737864077666
2023-04-13,3470,4165,3470,4100,77,0.004901960784313708
2023-04-14,3485,3890,3485,3485,111,-0.15000000000000002
2023-04-17,3400,3990,2985,3885,26,0.11477761836441891
2023-04-18,3585,3900,3585,3885,115,0.0
2023-04-19,3305,3945,3305,3945,7,0.015444015444015413
2023-04-20,3355,4025,3355,4025,11,0.020278833967046994
2023-04-21,3435,4285,3435,3440,4,-0.14534161490683228
2023-04-24,3010,3940,3000,3835,3017,0.11482558139534893
2023-04-25,4275,4275,3260,3945,162,0.028683181225554133
2023-04-26,3355,4255,3355,3955,681,0.0025348542458809575
2023-04-27,3365,3975,3365,3975,19,0.005056890012642201
2023-04-28,4275,4275,3380,3380,15,-0.14968553459119494
2023-05-02,2880,3710,2880,3680,5,0.08875739644970415
2023-05-03,3135,3685,3130,3685,2002,0.0013586956521738358
2023-05-04,3150,4030,3150,3830,6,0.03934871099050197
2023-05-08,3495,4000,3485,3975,256,0.037859007832898195
2023-05-09,3405,4010,3405,3880,4,-0.023899371069182385
2023-05-10,3325,4000,3325,3925,10,0.011597938144329856
2023-05-11,4005,4005,3945,3945,4,0.005095541401273884
2023-05-12,3995,3995,3360,3940,205,-0.0012674271229404788
2023-05-15,3835,3940,3835,3915,266,-0.006345177664974666
2023-05-16,3500,3915,3360,3910,4307,-0.0012771392081737387
2023-05-17,3855,3900,3855,3900,105,-0.002557544757033292
2023-05-18,3360,3900,3360,3900,85,0.0
2023-05-19,3360,3840,3360,3840,11,-0.01538461538461533
2023-05-22,3830,3850,3830,3850,18,0.0026041666666667407
2023-05-23,3280,3850,3280,3850,28,0.0
2023-05-24,3850,3850,3850,3850,5,0.0
2023-05-25,3320,4000,3320,3850,13,0.0
2023-05-26,3995,3995,3340,3340,6,-0.1324675324675325
2023-05-30,3840,3840,3340,3835,19,0.14820359281437123
2023-05-31,3780,3835,3780,3830,21,-0.0013037809647978849
2023-06-01,3780,3890,3780,3890,16,0.015665796344647598
2023-06-02,3910,3910,3910,3910,1,0.005141388174807249
2023-06-05,3860,3900,3860,3910,15,0.0
2023-06-07,3850,3910,3850,3910,45,0.0
2023-06-08,3850,3910,3850,3905,65,-0.0012787723785165905
2023-06-09,3805,3895,3805,3895,20,-0.002560819462227859
2023-06-12,3895,3895,3895,3895,0,0.0
2023-06-13,3800,3800,3800,3800,0,-0.024390243902439046
2023-06-14,3900,3905,3900,3905,5,0.02763157894736845
2023-06-15,3910,3910,3910,3910,7,0.001280409731113874
2023-06-16,3915,3915,3915,3915,5,0.0012787723785165905
2023-06-19,3915,3915,3915,3915,0,0.0
2023-06-20,3865,3910,3865,3910,26,-0.0012771392081737387
2023-06-21,3850,3915,3850,3915,16,0.0012787723785165905
2023-06-22,3865,3865,3865,3865,1,-0.012771392081736943
2023-06-23,3860,3860,3860,3860,0,-0.001293661060802087
2023-06-26,3800,3850,3800,3850,11,-0.002590673575129543
2023-06-27,3310,3310,3310,3310,1,-0.1402597402597403
2023-06-28,3805,3805,3350,3355,111,0.013595166163141936
2023-06-29,3355,3355,3355,3355,0,0.0
2023-06-30,3695,3695,3695,3695,5,0.10134128166915057
2023-07-03,3645,3645,3260,3260,81,-0.11772665764546686
2023-07-04,3260,3740,3260,3740,308,0.14723926380368102
2023-07-05,3740,3740,3740,3740,0,0.0
2023-07-06,3925,3925,3250,3740,1779,0.0
2023-07-07,3405,3740,3300,3740,1588,0.0
2023-07-10,3485,3730,3315,3695,2298,-0.012032085561497374
2023-07-11,3310,3685,3310,3675,232,-0.005412719891745632
2023-07-12,3395,3695,3395,3635,9,-0.010884353741496544
2023-07-13,3615,3615,3615,3615,5,-0.005502063273727598
2023-07-14,3335,3675,3335,3675,6,0.016597510373443924
2023-07-17,3555,3680,3555,3680,150,0.0013605442176871652
2023-07-18,3350,3705,3350,3705,6,0.006793478260869623
2023-07-19,3700,3705,3700,3705,30,0.0
2023-07-20,3700,3700,3700,3700,0,-0.0013495276653171517
2023-07-21,3680,3680,3680,3680,0,-0.00540540540540535
2023-07-24,3660,3705,3660,3705,190,0.006793478260869623
2023-07-25,3690,3705,3690,3705,172,0.0
2023-07-26,3695,3705,3695,3705,180,0.0
2023-07-27,3215,3705,3215,3705,11,0.0
2023-07-28,3695,3705,3695,3705,182,0.0
2023-07-31,3690,3695,3690,3695,30,-0.0026990553306343035
2023-08-01,3695,3695,3695,3695,0,0.0
2023-08-02,3340,3655,3300,3655,1600,-0.010825439783491153
2023-08-03,3335,3445,3305,3445,1380,-0.057455540355677126
2023-08-04,3440,3440,3440,3440,0,-0.0014513788098693414
2023-08-07,3370,3440,3370,3440,320,0.0
2023-08-08,3425,3700,3425,3700,1105,0.07558139534883712
2023-08-09,3415,3695,3200,3400,1770,-0.08108108108108103
2023-08-10,3400,3400,3400,3400,0,0.0
2023-08-11,3215,3390,3215,3390,120,-0.002941176470588225
2023-08-14,3365,3365,3365,3365,0,-0.007374631268436627
2023-08-16,3360,3360,3360,3360,0,-0.0014858841010401136
2023-08-17,3605,3605,3605,3605,5,0.07291666666666674
2023-08-18,3565,3565,3565,3565,47,-0.01109570041608876
2023-08-21,3695,3695,3695,3695,20,0.036465638148667656
2023-08-22,3485,3685,3485,3680,690,-0.004059539918809252
2023-08-23,3500,3650,3500,3650,510,-0.008152173913043459
2023-08-24,3355,3500,3350,3500,602,-0.04109589041095896
2023-08-25,3495,3495,3495,3495,0,-0.0014285714285714457
2023-08-28,3445,3495,3445,3495,620,0.0
2023-08-29,3305,3445,3300,3445,1095,-0.014306151645207432
2023-08-30,3425,3425,3425,3425,0,-0.005805515239477477
2023-08-31,3695,3695,3695,3695,5,0.07883211678832125
2023-09-01,3445,3445,3445,3445,0,-0.06765899864682001
2023-09-04,3695,3695,3675,3675,24,0.06676342525399126
2023-09-05,3495,3495,3495,3495,0,-0.048979591836734726
2023-09-06,3445,3445,3445,3445,0,-0.014306151645207432
2023-09-07,3395,3395,3395,3395,0,-0.014513788098693747
2023-09-08,3385,3385,3385,3385,0,-0.002945508100147265
2023-09-11,3700,3700,3700,3700,10,0.09305760709010347
2023-09-12,3395,3395,3395,3395,0,-0.08243243243243248
2023-09-13,3390,3390,3390,3390,0,-0.0014727540500736325
2023-09-14,3685,3685,3685,3685,50,0.08702064896755157
2023-09-15,3685,3685,3685,3685,0,0.0
2023-09-18,3685,3685,3685,3685,0,0.0
2023-09-19,3685,3685,3685,3685,0,0.0
2023-09-20,3450,3450,3450,3450,0,-0.06377204884667576
2023-09-21,3345,3345,3345,3345,0,-0.0304347826086957
2023-09-22,3345,3345,3345,3345,0,0.0
2023-09-25,3835,3835,3835,3835,5,0.14648729446935715
2023-09-26,3275,3705,3260,3705,2021,-0.03389830508474578
2023-09-27,3495,3495,3495,3495,0,-0.05668016194331982
2023-10-04,3700,3700,3050,3545,1925,0.014306151645207432
2023-10-05,3085,3085,3050,3050,2080,-0.13963328631875882
2023-10-06,3350,3350,3350,3350,5,0.09836065573770503
2023-10-10,3695,3695,3695,3695,5,0.10298507462686568
2023-10-11,3145,3690,3145,3690,61,-0.0013531799729363803
2023-10-12,3695,3695,3140,3685,1296,-0.0013550135501354532
2023-10-13,3135,3600,3135,3590,815,-0.02578018995929443
2023-10-16,3690,3705,3635,3705,55,0.03203342618384397
2023-10-17,3710,3710,3160,3280,4870,-0.11470985155195679
2023-10-18,3245,3280,3245,3280,170,0.0
2023-10-19,3610,3610,3610,3610,5,0.10060975609756095
2023-10-20,3255,3615,3255,3615,465,0.0013850415512466352
2023-10-23,3620,3620,3620,3620,5,0.0013831258644536604
2023-10-24,3500,3620,3500,3620,270,0.0
2023-10-25,3165,3620,3100,3620,6345,0.0
2023-10-26,3115,3495,3100,3495,4239,-0.03453038674033149
2023-10-27,3115,3400,2980,3400,6145,-0.027181688125894166
2023-10-30,3110,3295,3100,3295,2025,-0.030882352941176472
2023-10-31,3250,3395,3250,3395,1200,0.030349013657056112
2023-11-01,3100,3300,3100,3285,3791,-0.032400589101620025
2023-11-02,3100,3285,3100,3285,1330,0.0
2023-11-03,3245,3390,3100,3250,1690,-0.010654490106544956
2023-11-06,3245,3300,3245,3300,680,0.01538461538461533
2023-11-07,3250,3300,3250,3300,300,0.0
2023-11-08,3395,3395,3395,3395,5,0.028787878787878807
2023-11-09,3300,3395,3300,3395,195,0.0
2023-11-10,3300,3395,3100,3300,3320,-0.027982326951399128
2023-11-13,3400,3400,3395,3395,6,0.028787878787878807
2023-11-14,3115,3300,3100,3300,4455,-0.027982326951399128
2023-11-15,3125,3390,3110,3390,11006,0.027272727272727337
2023-11-16,3105,3350,3100,3350,755,-0.01179941002949858
2023-11-17,3225,3395,3225,3395,2500,0.013432835820895495
2023-11-20,3110,3230,3100,3230,960,-0.048600883652430094
2023-11-21,3230,3230,3230,3230,0,0.0
2023-11-22,3220,3220,3220,3220,0,-0.003095975232198178
2023-11-23,2825,3200,2825,3200,13,-0.006211180124223614
2023-11-24,3190,3190,3190,3190,0,-0.0031250000000000444
2023-11-27,3380,3380,3380,3380,5,0.059561128526645746
2023-11-28,3250,3395,3250,3395,1500,0.004437869822485174
2023-11-29,3105,3240,3100,3240,977,-0.04565537555228272
2023-11-30,3300,3300,3300,3300,5,0.0185185185185186
2023-12-01,3390,3390,3390,3390,5,0.027272727272727337
2023-12-04,3225,3395,3100,3245,1750,-0.042772861356932146
2023-12-05,3235,3345,3235,3345,800,0.03081664098613257
2023-12-06,3115,3115,3100,3100,925,-0.07324364723467858
2023-12-07,3100,3100,3100,3100,0,0.0
2023-12-08,3100,3100,3100,3100,0,0.0
2023-12-11,3100,3100,3100,3100,0,0.0
2023-12-12,3100,3100,3100,3100,0,0.0
2023-12-13,3100,3100,3100,3100,0,0.0
2023-12-14,2915,3095,2890,3095,3218,-0.001612903225806428
2023-12-15,3095,3095,3095,3095,0,0.0
2023-12-18,3190,3190,3190,3190,5,0.030694668820678617
2023-12-19,2860,3170,2850,3170,58,-0.006269592476489061
2023-12-20,3135,3135,3135,3135,0,-0.01104100946372244
2023-12-21,3135,3135,3135,3135,0,0.0
2023-12-22,3170,3170,3170,3170,10,0.011164274322169154
2023-12-26,3150,3150,3150,3150,0,-0.006309148264984188
2023-12-27,3145,3145,3145,3145,0,-0.0015873015873015817
2023-12-28,2730,3150,2730,3150,295,0.0015898251192367763
2024-01-02,3270,3270,3270,3270,5,0.03809523809523818
2024-01-03,3325,3325,3325,3325,5,0.01681957186544336
2024-01-04,3240,3325,3240,3325,651,0.0
2024-01-05,3325,3325,3325,3325,0,0.0
2024-01-08,3330,3330,3330,3330,5,0.0015037593984963404
2024-01-09,3060,3060,3060,3060,859,-0.08108108108108103
2024-01-10,3060,3060,3060,3060,0,0.0
2024-01-11,3060,3060,3060,3060,0,0.0
2024-01-12,3250,3250,3250,3250,0,0.06209150326797386
2024-01-15,3085,3300,3085,3300,810,0.01538461538461533
2024-01-16,3250,3250,3250,3250,0,-0.015151515151515138
2024-01-17,3050,3175,3000,3175,2535,-0.023076923076923106
2024-01-18,3125,3125,3125,3125,0,-0.015748031496062964
2024-01-19,3120,3120,3120,3120,0,-0.0016000000000000458
2024-01-22,3115,3115,3115,3115,0,-0.0016025641025640969
2024-01-23,3345,3345,3345,3345,5,0.07383627608346699
2024-01-24,3195,3350,3195,3350,5426,0.001494768310911887
2024-01-25,3050,3200,3000,3200,2005,-0.04477611940298509
2024-01-26,3150,3150,3150,3150,0,-0.015625
2024-01-29,3150,3150,3150,3150,0,0.0
2024-01-30,3150,3150,3150,3150,0,0.0
2024-01-31,3150,3150,3150,3150,0,0.0
2024-02-01,3185,3185,3185,3185,5,0.011111111111111072
2024-02-02,3285,3285,3285,3285,5,0.031397174254317095
2024-02-05,3190,3190,3190,3190,0,-0.028919330289193357
2024-02-06,3150,3150,3150,3150,0,-0.01253918495297801
2024-02-07,3130,3130,3130,3130,0,-0.006349206349206327
2024-02-08,3100,3100,3100,3100,0,-0.009584664536741228
2024-02-13,3100,3100,3100,3100,0,0.0
2024-02-14,3100,3100,3100,3100,0,0.0
2024-02-15,3090,3090,3090,3090,0,-0.003225806451612856
2024-02-16,3090,3090,3090,3090,0,0.0
2024-02-19,3090,3090,3090,3090,0,0.0
2024-02-20,3090,3090,3090,3090,0,0.0
2024-02-21,3185,3185,3185,3185,2,0.0307443365695792
2024-02-22,3185,3185,3185,3185,0,0.0
2024-02-23,3185,3185,3185,3185,0,0.0
2024-02-26,3185,3185,3185,3185,0,0.0
2024-02-27,3200,3200,3200,3200,5,0.0047095761381474865
2024-02-28,3200,3200,3200,3200,0,0.0
2024-02-29,3000,3000,3000,3000,0,-0.0625
2024-03-04,3000,3000,3000,3000,0,0.0
2024-03-05,3000,3000,3000,3000,0,0.0
2024-03-06,3000,3000,3000,3000,0,0.0
2024-03-07,3000,3000,3000,3000,0,0.0
2024-03-08,3195,3195,3195,3195,5,0.06499999999999995
2024-03-11,3195,3195,3195,3195,0,0.0
2024-03-12,3195,3195,3195,3195,0,0.0
2024-03-13,3195,3195,3195,3195,0,0.0
2024-03-14,2725,3250,2725,3250,55,0.017214397496087663
2024-03-15,3195,3195,3195,3195,0,-0.01692307692307693
2024-03-18,3190,3190,3190,3190,0,-0.0015649452269170805
2024-03-19,3185,3185,3185,3185,0,-0.0015673981191222097
2024-03-20,3180,3180,3180,3180,0,-0.0015698587127158659
2024-03-21,3175,3175,3175,3175,0,-0.0015723270440252124
2024-03-22,3170,3170,3170,3170,0,-0.0015748031496063408
2024-03-25,3165,3165,3165,3165,0,-0.001577287066246047
2024-03-26,3145,3145,3145,3145,0,-0.006319115323854652
2024-03-27,3145,3145,3145,3145,0,0.0
2024-03-28,2995,2995,2995,2995,0,-0.04769475357710651
2024-03-29,3180,3190,3180,3190,15,0.06510851419031716
2024-04-01,2720,2720,2720,2720,5,-0.14733542319749215
2024-04-02,3000,3100,3000,3100,11,0.13970588235294112
2024-04-03,3100,3100,3100,3100,0,0.0
2024-04-04,3100,3100,3100,3100,0,0.0
2024-04-05,3200,3200,3200,3200,5,0.032258064516129004
2024-04-08,2755,2755,2720,2720,1693,-0.15000000000000002
2024-04-09,2360,2940,2315,2940,2095,0.0808823529411764
2024-04-11,2500,2500,2500,2500,2,-0.1496598639455783
2024-04-12,2780,2780,2130,2575,6399,0.030000000000000027
2024-04-15,2575,2750,2575,2750,32702,0.06796116504854366
2024-04-16,2700,2700,2340,2340,4672,-0.14909090909090905
2024-04-17,2590,2590,1990,2475,2520,0.05769230769230771
2024-04-18,2105,2105,2105,2105,3092,-0.14949494949494946
2024-04-19,2360,2395,2320,2350,10056,0.11638954869358664
2024-04-22,2690,2690,2360,2360,66001,0.004255319148936065
2024-04-23,2695,2695,2695,2695,1,0.14194915254237284
2024-04-24,3085,3085,3085,3085,1,0.14471243042671622
2024-04-25,2625,2625,2625,2625,3,-0.14910858995137766
2024-04-26,2625,2625,2625,2625,0,0.0
2024-04-29,3005,3005,2240,2240,2,-0.1466666666666666
2024-04-30,2570,2570,1920,1921,53,-0.14241071428571428
2024-05-02,1921,1921,1921,1921,0,0.0
2024-05-03,1636,2205,1636,2205,2,0.14783966684018734
2024-05-07,2530,2530,2530,2530,1,0.14739229024943312
2024-05-08,2865,2865,2865,2865,1,0.1324110671936758
2024-05-09,2440,2440,2440,2440,1,-0.14834205933682376
2024-05-10,2440,2440,2440,2440,0,0.0
2024-05-13,2440,2440,2440,2440,0,0.0
2024-05-14,2395,2395,2395,2395,0,-0.018442622950819665
2024-05-16,2395,2395,2395,2395,0,0.0
2024-05-17,2050,2050,2050,2050,1,-0.14405010438413357
2024-05-20,1760,2350,1745,2350,2129,0.14634146341463405
2024-05-21,2000,2585,2000,2585,2566,0.10000000000000009
2024-05-22,2215,2935,2200,2935,42,0.1353965183752417
2024-05-23,2495,2495,2495,2495,2,-0.14991482112436116
2024-05-24,2125,2125,2125,2125,100,-0.14829659318637278
2024-05-27,1832,2390,1832,2390,120,0.12470588235294122
2024-05-28,2390,2390,2390,2390,0,0.0
2024-05-29,2390,2390,2390,2390,0,0.0
2024-05-30,2690,2690,2690,2690,1,0.12552301255230125
2024-05-31,2690,2690,2690,2690,0,0.0
2024-06-03,2690,2690,2690,2690,0,0.0
2024-06-04,2690,2690,2690,2690,0,0.0
2024-06-05,2290,2790,2290,2790,2,0.037174721189590976
2024-06-07,2375,2375,2375,2375,6,-0.14874551971326166
2024-06-10,2375,2375,2375,2375,0,0.0
2024-06-11,2375,2375,2375,2375,0,0.0
2024-06-12,2375,2375,2375,2375,0,0.0
2024-06-13,2375,2375,2375,2375,0,0.0
2024-06-14,2595,2595,2020,2595,3,0.0926315789473684
2024-06-17,2960,2960,2960,2960,1,0.140655105973025
2024-06-18,2520,2520,2520,2520,1,-0.14864864864864868
2024-06-19,2500,2500,2500,2500,0,-0.007936507936507908
2024-06-20,2500,2500,2500,2500,0,0.0
2024-06-21,2500,2500,2500,2500,0,0.0
2024-06-24,2500,2500,2500,2500,2000,0.0
2024-06-25,2700,2785,2150,2730,7106,0.09200000000000008
2024-06-26,2325,2325,2325,2325,855,-0.14835164835164838
2024-06-27,2325,2325,2325,2325,0,0.0
2024-06-28,2325,2325,2325,2325,0,0.0
2024-07-01,1980,2335,1980,2335,895,0.004301075268817289
2024-07-02,2475,2475,2475,2475,1,0.05995717344753748
2024-07-03,2690,2690,2690,2690,2,0.08686868686868676
2024-07-04,2290,2290,2290,2290,1,-0.14869888475836435
2024-07-05,2275,2275,2275,2275,0,-0.0065502183406113135
2024-07-08,1951,2325,1950,2180,4187,-0.04175824175824172
2024-07-09,1912,2090,1911,2090,182,-0.041284403669724745
2024-07-10,2090,2090,2090,2090,0,0.0
2024-07-11,2090,2090,2090,2090,0,0.0
2024-07-12,2090,2090,2090,2090,0,0.0
2024-07-15,2090,2090,2090,2090,0,0.0
2024-07-16,2090,2090,2090,2090,0,0.0
2024-07-17,2090,2090,2090,2090,0,0.0
2024-07-18,1780,2295,1780,2295,2,0.09808612440191378
2024-07-19,2360,2360,2360,2360,5,0.028322440087146017
2024-07-22,2310,2440,2310,2440,600,0.03389830508474567
2024-07-23,2075,2435,2075,2435,1848,-0.002049180327868827
2024-07-24,2435,2435,2435,2435,0,0.0
2024-07-25,2435,2435,2435,2435,0,0.0
2024-07-26,2435,2435,2435,2435,0,0.0
2024-07-29,2435,2435,2435,2435,0,0.0
2024-07-30,2435,2435,2435,2435,0,0.0
2024-07-31,2435,2435,2435,2435,0,0.0
2024-08-01,2435,2435,2435,2435,0,0.0
2024-08-02,2445,2445,2445,2445,5,0.004106776180698102
2024-08-05,2445,2445,2445,2445,0,0.0
2024-08-06,2415,2445,2415,2445,80,0.0
2024-08-07,2445,2445,2445,2445,0,0.0
2024-08-08,2445,2445,2445,2445,0,0.0
2024-08-09,2400,2445,2080,2445,253,0.0
2024-08-12,2410,2410,2410,2410,0,-0.014314928425357865
2024-08-13,2395,2395,2395,2395,0,-0.006224066390041472
2024-08-14,2385,2385,2385,2385,0,-0.0041753653444676075
2024-08-16,2355,2355,2355,2355,0,-0.012578616352201255
2024-08-19,2355,2355,2355,2355,0,0.0
2024-08-20,2340,2340,2340,2340,0,-0.006369426751592355
2024-08-21,2340,2340,2340,2340,0,0.0
2024-08-22,2340,2340,2340,2340,0,0.0
2024-08-23,2340,2340,2340,2340,0,0.0
2024-08-26,2335,2335,2335,2335,0,-0.002136752136752129
2024-08-27,2325,2325,2325,2325,0,-0.004282655246252709
2024-08-28,2320,2325,2320,2325,8180,0.0
2024-08-29,2325,2325,2325,2325,0,0.0
2024-08-30,2315,2315,2315,2315,0,-0.004301075268817178
2024-09-02,2310,2310,2310,2310,0,-0.002159827213822907
2024-09-03,2315,2315,2315,2315,5,0.0021645021645022577
2024-09-04,2320,2320,2320,2320,50,0.002159827213822796
2024-09-05,2305,2315,2305,2315,15,-0.0021551724137931494
2024-09-06,2310,2310,2310,2310,0,-0.002159827213822907
2024-09-09,2305,2305,2305,2305,0,-0.0021645021645021467
2024-09-10,2315,2315,2315,2315,20,0.00433839479392617
2024-09-11,2310,2310,2310,2310,0,-0.002159827213822907
2024-09-12,2310,2310,2310,2310,0,0.0
2024-09-13,2310,2310,2310,2310,0,0.0
2024-09-19,2305,2305,2305,2305,0,-0.0021645021645021467
2024-09-20,2300,2300,2300,2300,0,-0.002169197396963085
2024-09-23,2295,2295,2295,2295,0,-0.0021739130434782483
2024-09-24,2295,2295,2295,2295,0,0.0
2024-09-25,2275,2275,2275,2275,0,-0.008714596949891074
2024-09-26,2275,2275,2275,2275,0,0.0
2024-09-27,2270,2270,2270,2270,0,-0.00219780219780219
2024-09-30,2265,2270,2265,2270,90,0.0
2024-10-02,2270,2270,2270,2270,0,0.0
2024-10-04,2265,2265,2265,2265,0,-0.0022026431718061845
2024-10-07,2255,2255,2255,2255,0,-0.004415011037527616
2024-10-08,2255,2255,2255,2255,0,0.0
2024-10-10,2255,2255,2255,2255,0,0.0
2024-10-11,2250,2250,2250,2250,0,-0.0022172949002217113
2024-10-14,2245,2245,2245,2245,0,-0.0022222222222222365
2024-10-15,2235,2235,2235,2235,0,-0.0044543429844098315
2024-10-16,2215,2215,2215,2215,0,-0.008948545861297563
2024-10-17,2205,2205,2205,2205,0,-0.004514672686230292
2024-10-18,2175,2175,2175,2175,0,-0.013605442176870763
2024-10-21,2155,2155,2155,2155,0,-0.00919540229885063
2024-10-22,2150,2150,2150,2150,0,-0.002320185614849146
2024-10-23,2150,2150,2150,2150,0,0.0
2024-10-24,2115,2115,2115,2115,0,-0.016279069767441867
2024-10-25,2115,2115,2115,2115,0,0.0
2024-10-28,2105,2105,2105,2105,0,-0.004728132387706863
2024-10-29,2100,2100,2100,2100,8,-0.002375296912114022
2024-10-30,2095,2100,2095,2100,32,0.0
2024-10-31,2100,2100,2100,2100,0,0.0
2024-11-01,2100,2100,2100,2100,0,0.0
2024-11-04,2095,2095,2095,2095,1,-0.0023809523809523725
2024-11-05,2095,2095,2095,2095,0,0.0
2024-11-06,2095,2095,2095,2095,0,0.0
2024-11-07,2090,2090,2090,2090,10,-0.0023866348448687846
2024-11-08,2090,2090,2090,2090,0,0.0
2024-11-11,2090,2090,2090,2090,0,0.0
2024-11-12,2090,2395,2090,2395,133,0.14593301435406691
2024-11-13,2150,2740,2150,2735,1130,0.14196242171189977
2024-11-14,2325,2735,2325,2735,291,0.0
2024-11-15,2735,2735,2735,2735,0,0.0
2024-11-18,2735,2735,2735,2735,0,0.0
2024-11-19,2735,2735,2735,2735,0,0.0
2024-11-20,2705,2705,2705,2705,23,-0.010968921389396757
2024-11-21,2705,2705,2705,2705,0,0.0
2024-11-22,2705,2705,2705,2705,0,0.0
2024-11-25,2300,2705,2300,2705,6,0.0
2024-11-26,3110,3110,3110,3110,102,0.14972273567467642
2024-11-27,3110,3110,3110,3110,0,0.0
2024-11-28,3110,3110,3110,3110,0,0.0
2024-11-29,3000,3000,3000,3000,100,-0.03536977491961413
2024-12-02,3100,3100,3100,3100,4,0.03333333333333344
2024-12-03,3100,3560,3100,3555,258,0.14677419354838706
2024-12-04,3025,3650,3025,3650,81,0.026722925457102642
2024-12-05,3640,3640,3640,3640,3,-0.002739726027397249
2024-12-06,3095,3640,3095,3640,456,0.0
2024-12-09,3640,3640,3640,3640,0,0.0
2024-12-10,3640,3640,3640,3640,0,0.0
2024-12-11,3095,3095,3095,3095,50,-0.14972527472527475
2024-12-12,3095,3095,3095,3095,0,0.0
2024-12-13,3095,3095,3095,3095,0,0.0
2024-12-16,3095,3095,3095,3095,0,0.0
2024-12-17,3100,3100,3100,3100,10,0.001615508885298933
2024-12-18,3560,3565,3560,3565,31,0.1499999999999999
2024-12-19,3035,4060,3035,4060,52,0.13884992987377287
2024-12-20,3455,3455,3455,3455,0,-0.1490147783251231
2024-12-23,3455,3455,3455,3455,0,0.0
2024-12-24,3495,3495,3495,3495,100,0.011577424023154759
2024-12-26,2975,3795,2975,3495,2156,0.0
2024-12-27,2975,3495,2975,3495,2908,0.0
2024-12-30,3040,3490,3035,3490,3827,-0.0014306151645206988
2025-01-02,3000,4010,2970,2970,10011,-0.14899713467048714
2025-01-03,3415,3415,2525,2525,4,-0.14983164983164987
2025-01-06,2900,2900,2900,2900,103,0.14851485148514842
2025-01-07,2900,2900,2900,2900,0,0.0
2025-01-08,2900,2900,2900,2900,0,0.0
2025-01-09,2900,2900,2900,2900,0,0.0
2025-01-10,3000,3000,3000,3000,33,0.034482758620689724
2025-01-13,3000,3000,3000,3000,0,0.0
2025-01-14,2900,3000,2900,3000,650,0.0
2025-01-15,2990,2990,2990,2990,0,-0.0033333333333332993
2025-01-16,2990,2990,2990,2990,0,0.0
2025-01-17,2990,2990,2990,2990,0,0.0
2025-01-20,2995,2995,2995,2995,2,0.0016722408026756952
2025-01-21,2995,2995,2995,2995,0,0.0
2025-01-22,2995,2995,2995,2995,0,0.0
2025-01-23,2995,2995,2995,2995,0,0.0
2025-01-24,2995,2995,2995,2995,0,0.0
2025-01-31,2995,2995,2995,2995,0,0.0
2025-02-03,2995,2995,2995,2995,0,0.0
2025-02-04,2995,2995,2995,2995,0,0.0
2025-02-05,2995,2995,2995,2995,0,0.0
2025-02-06,2995,2995,2995,2995,0,0.0
2025-02-07,2995,2995,2995,2995,0,0.0
2025-02-10,2995,2995,2995,2995,0,0.0
2025-02-11,2995,2995,2995,2995,0,0.0
2025-02-12,2995,2995,2995,2995,0,0.0
2025-02-13,2975,2975,2975,2975,0,-0.006677796327211993
2025-02-14,2975,2975,2975,2975,0,0.0
2025-02-17,2975,2975,2975,2975,0,0.0
2025-02-18,2940,2940,2940,2940,0,-0.0117647058823529
2025-02-19,2940,2940,2940,2940,0,0.0
2025-02-20,2940,2940,2940,2940,0,0.0
2025-02-21,2940,2940,2940,2940,0,0.0
2025-02-24,2940,2940,2940,2940,0,0.0
2025-02-25,2940,2940,2940,2940,0,0.0
2025-02-26,2940,2940,2940,2940,0,0.0
2025-02-27,2940,2940,2940,2940,0,0.0
2025-02-28,2940,2940,2940,2940,0,0.0
2025-03-04,2500,2990,2500,2990,56,0.017006802721088343
2025-03-05,2545,2995,2545,2995,35,0.0016722408026756952
2025-03-06,2550,2995,2550,2995,137,0.0
2025-03-07,2550,2995,2550,2995,2,0.0
2025-03-10,2995,2995,2995,2995,0,0.0
2025-03-11,2995,2995,2995,2995,0,0.0
2025-03-12,2995,2995,2995,2995,0,0.0
2025-03-13,2995,2995,2995,2995,0,0.0
2025-03-14,2985,2985,2985,2985,0,-0.0033388981636059967
2025-03-17,2980,2980,2980,2980,0,-0.0016750418760469454
2025-03-18,2965,2965,2965,2965,0,-0.005033557046979831
2025-03-19,2955,2955,2955,2955,0,-0.003372681281618939
2025-03-20,2895,2895,2895,2895,0,-0.02030456852791873
2025-03-21,2895,2895,2895,2895,0,0.0
2025-03-24,2865,2865,2865,2865,0,-0.010362694300518172
2025-03-25,2865,2865,2865,2865,0,0.0
2025-03-26,2865,2865,2865,2865,0,0.0
2025-03-27,2860,2860,2860,2860,0,-0.0017452006980802626
2025-03-28,2860,2860,2860,2860,0,0.0
