Date,Open,High,Low,Close,Volume,Change
2022-01-03,5850,5950,5730,5900,2302,-0.008403361344537785
2022-01-04,5760,5900,5710,5880,931,-0.003389830508474523
2022-01-05,5710,5900,5610,5800,10938,-0.013605442176870763
2022-01-06,5670,6490,5600,5730,709,-0.012068965517241348
2022-01-07,5650,5740,5610,5730,513,0.0
2022-01-10,5620,5740,5500,5740,601,0.0017452006980802626
2022-01-11,5560,5740,5560,5740,305,0.0
2022-01-12,5530,5740,5530,5740,20750,0.0
2022-01-13,5570,5730,5500,5730,566,-0.0017421602787456303
2022-01-14,5500,5720,5500,5700,603,-0.005235602094240788
2022-01-17,5500,5650,5430,5600,1875,-0.01754385964912286
2022-01-18,5600,5600,5300,5300,1947,-0.0535714285714286
2022-01-19,5490,5490,5290,5300,484,0.0
2022-01-20,5300,5410,5300,5390,163,0.016981132075471805
2022-01-21,5480,5480,5210,5450,1464,0.011131725417439675
2022-01-24,5440,5440,5230,5380,104,-0.012844036697247652
2022-01-25,5050,5350,5050,5300,1350,-0.014869888475836479
2022-01-26,5020,5290,5000,5140,4458,-0.030188679245283012
2022-01-27,5000,5090,4910,5090,515,-0.009727626459143934
2022-01-28,5000,5080,4995,5000,1173,-0.017681728880157177
2022-02-03,4995,4995,4985,4990,262,-0.0020000000000000018
2022-02-04,4990,4995,4990,4990,2831,0.0
2022-02-07,4960,4990,4900,4990,877,0.0
2022-02-08,5000,5000,4900,4980,1313,-0.002004008016032066
2022-02-09,4990,5000,4890,4980,914,0.0
2022-02-10,4990,5000,4990,5000,394,0.004016064257028162
2022-02-11,5010,5390,5010,5370,3479,0.07400000000000007
2022-02-14,5370,5400,5040,5370,3269,0.0
2022-02-15,5000,5260,5000,5210,1132,-0.029795158286778367
2022-02-16,5120,5190,5000,5120,6105,-0.017274472168905985
2022-02-17,5000,5070,4990,5070,1210,-0.009765625
2022-02-18,5000,5000,4990,5000,503,-0.013806706114398382
2022-02-21,5000,5390,5000,5060,1036,0.01200000000000001
2022-02-22,5000,5060,4950,5060,1000,0.0
2022-02-23,5000,5000,5000,5000,25,-0.011857707509881465
2022-02-24,5000,5100,5000,5000,857,0.0
2022-02-25,5000,5400,4805,5010,1341,0.0020000000000000018
2022-02-28,5000,5020,5000,5020,608,0.001996007984031989
2022-03-02,5020,5030,5000,5030,436,0.0019920318725099584
2022-03-03,4995,5020,4995,5020,2547,-0.001988071570576566
2022-03-04,5000,5000,5000,5000,1431,-0.003984063745019917
2022-03-07,5000,5000,4990,5000,701,0.0
2022-03-08,5000,5020,4995,4995,199,-0.0010000000000000009
2022-03-10,4985,5000,4950,4980,3726,-0.0030030030030030463
2022-03-11,4995,4995,4990,4995,33,0.003012048192771122
2022-03-14,4900,5000,4900,4900,1682,-0.019019019019019034
2022-03-15,5000,5000,5000,5000,10,0.020408163265306145
2022-03-16,5000,5000,5000,5000,1,0.0
2022-03-17,5000,5000,4305,4990,1755,-0.0020000000000000018
2022-03-18,5000,5000,4910,4990,882,0.0
2022-03-21,5000,5000,4950,4990,647,0.0
2022-03-22,4990,5040,4990,5040,680,0.01002004008016022
2022-03-23,5000,5000,4820,5000,231,-0.007936507936507908
2022-03-24,5000,5000,5000,5000,550,0.0
2022-03-25,4970,5000,4830,4995,2921,-0.0010000000000000009
2022-03-28,4900,5000,4815,4860,1311,-0.027027027027026973
2022-03-29,4865,4985,4865,4965,3658,0.021604938271605034
2022-03-30,4905,5000,4905,5000,2435,0.007049345417925457
2022-03-31,4875,4995,4820,4995,395,-0.0010000000000000009
2022-04-01,4850,5000,4805,4900,460,-0.019019019019019034
2022-04-04,4900,4905,4850,4905,1096,0.0010204081632652073
2022-04-05,4905,5000,4350,4900,2422,-0.0010193679918450993
2022-04-06,4900,4900,4760,4800,1378,-0.020408163265306145
2022-04-07,4725,4885,4715,4885,1388,0.017708333333333437
2022-04-08,4735,4880,4735,4770,960,-0.023541453428863823
2022-04-11,4735,4900,4715,4835,1751,0.013626834381551323
2022-04-12,4725,4780,4700,4775,1482,-0.012409513960703222
2022-04-13,4700,4795,4665,4795,1673,0.004188481675392763
2022-04-14,4700,4795,4650,4790,682,-0.0010427528675703845
2022-04-15,4640,4750,4635,4635,4804,-0.03235908141962418
2022-04-18,4635,4730,4500,4725,2441,0.01941747572815533
2022-04-19,4400,4700,4300,4695,1589,-0.006349206349206327
2022-04-20,4695,4695,4500,4640,1589,-0.011714589989350377
2022-04-21,4500,4645,4490,4505,3395,-0.02909482758620685
2022-04-22,4505,4520,4410,4490,1822,-0.0033296337402886067
2022-04-25,4500,4500,4345,4490,2840,0.0
2022-04-26,4500,4530,4375,4520,2078,0.006681514476614803
2022-04-27,4500,4500,4495,4495,818,-0.00553097345132747
2022-04-28,4495,4500,4460,4460,698,-0.007786429365962189
2022-04-29,4475,4475,4465,4470,421,0.0022421524663676085
2022-05-02,4310,4495,4310,4490,137,0.004474272930648837
2022-05-03,4350,4490,4205,4475,841,-0.0033407572383074013
2022-05-04,4280,4480,4015,4385,4127,-0.020111731843575398
2022-05-06,4340,4500,4235,4500,1515,0.026225769669327326
2022-05-09,4500,4500,4500,4500,378,0.0
2022-05-10,4540,4600,4500,4500,3203,0.0
2022-05-11,4500,4600,4450,4450,1192,-0.011111111111111072
2022-05-12,4490,4490,4350,4480,677,0.006741573033707926
2022-05-13,4480,4480,4480,4480,669,0.0
2022-05-16,4480,4480,4450,4450,1315,-0.006696428571428603
2022-05-17,4450,4485,4450,4485,155,0.00786516853932584
2022-05-18,4485,5000,4485,4800,4093,0.07023411371237454
2022-05-19,4500,4800,4500,4790,1557,-0.002083333333333326
2022-05-20,4785,4800,4500,4620,4499,-0.035490605427975
2022-05-23,4600,4725,4585,4725,1020,0.022727272727272707
2022-05-24,4630,4765,4590,4720,1137,-0.0010582010582010914
2022-05-25,4500,4760,4500,4760,1342,0.008474576271186418
2022-05-26,4600,4755,4600,4745,4021,-0.0031512605042016695
2022-05-27,4745,4750,4600,4720,4523,-0.005268703898840932
2022-05-30,4715,4715,4525,4705,2354,-0.0031779661016949623
2022-05-31,4585,4695,4585,4695,771,-0.002125398512221044
2022-06-02,4695,4695,4620,4675,1829,-0.004259850905218299
2022-06-03,4500,4675,3975,4380,35255,-0.06310160427807487
2022-06-07,4380,4530,4100,4530,13168,0.03424657534246567
2022-06-08,4530,4650,4400,4650,2831,0.026490066225165476
2022-06-09,4650,4685,4470,4645,2838,-0.0010752688172043223
2022-06-10,4460,4645,4455,4645,2857,0.0
2022-06-13,4640,4645,3950,4100,29992,-0.11733046286329385
2022-06-14,4100,4200,3955,4060,2756,-0.009756097560975618
2022-06-15,4500,4500,4000,4140,3732,0.019704433497536922
2022-06-16,4285,4285,4000,4090,3547,-0.012077294685990392
2022-06-17,3910,4050,3900,4040,2385,-0.012224938875305624
2022-06-20,4040,4300,3500,4030,15745,-0.0024752475247524774
2022-06-21,3850,4040,3850,4035,435,0.001240694789081953
2022-06-22,4025,4025,3750,3975,1741,-0.014869888475836479
2022-06-23,3960,4240,3600,3985,7565,0.002515723270440251
2022-06-24,3900,4050,3710,4045,3012,0.015056461731492998
2022-06-27,4040,4080,3880,4075,4065,0.007416563658838138
2022-06-28,4070,4140,4050,4140,3339,0.01595092024539868
2022-06-29,4130,4200,4130,4200,378,0.01449275362318847
2022-06-30,4200,4200,4200,4200,234,0.0
2022-07-01,4195,4250,4195,4250,1863,0.011904761904761862
2022-07-04,4290,4290,4050,4290,1092,0.009411764705882453
2022-07-05,4290,4310,4290,4310,544,0.004662004662004726
2022-07-06,4310,4360,4300,4300,614,-0.002320185614849146
2022-07-07,4300,4945,4300,4440,1846,0.032558139534883734
2022-07-08,4435,4500,4200,4490,2196,0.011261261261261257
2022-07-11,4490,5140,4490,4700,2776,0.04677060133630295
2022-07-12,4700,4790,4365,4780,2185,0.017021276595744705
2022-07-13,4780,4785,4530,4785,1099,0.0010460251046024993
2022-07-14,4780,4780,4720,4760,389,-0.005224660397074143
2022-07-15,4790,4795,4775,4785,303,0.005252100840336116
2022-07-18,4840,4840,4500,4795,2193,0.002089864158829613
2022-07-19,4550,4795,4550,4795,600,0.0
2022-07-20,4605,4795,4550,4740,851,-0.01147028154327423
2022-07-21,4700,4895,4685,4870,1830,0.02742616033755274
2022-07-22,4800,5290,4790,4800,3686,-0.014373716632443578
2022-07-25,4785,4885,4730,4885,670,0.017708333333333437
2022-07-26,4870,4880,4860,4880,640,-0.0010235414534288667
2022-07-27,4850,4950,4840,4890,1096,0.002049180327868827
2022-07-28,4890,4900,4800,4900,670,0.002044989775051187
2022-07-29,4995,5000,4985,4995,601,0.019387755102040716
2022-08-01,4995,5470,4995,5180,5232,0.03703703703703698
2022-08-02,5600,5790,5200,5780,10252,0.11583011583011582
2022-08-03,5780,6280,5780,6280,6791,0.08650519031141868
2022-08-04,6150,6580,6150,6540,9257,0.04140127388535042
2022-08-05,6600,6800,6430,6460,5484,-0.012232415902140636
2022-08-08,6670,6670,6210,6450,8460,-0.001547987616099089
2022-08-09,6430,6430,6220,6310,1530,-0.02170542635658912
2022-08-10,6310,6390,6270,6360,3353,0.007923930269413626
2022-08-11,6300,6500,6220,6490,3776,0.020440251572326984
2022-08-12,6450,6450,6360,6440,7321,-0.007704160246533087
2022-08-16,6230,6450,6230,6450,2358,0.0015527950310558758
2022-08-17,6470,6620,6470,6610,7439,0.024806201550387597
2022-08-18,6610,6780,6520,6730,6002,0.018154311649016597
2022-08-19,6770,7300,6000,6910,21295,0.026745913818722045
2022-08-22,7150,7500,7000,7400,7539,0.0709117221418234
2022-08-23,7400,7800,7400,7800,12227,0.054054054054053946
2022-08-24,7800,7950,7500,7880,12034,0.01025641025641022
2022-08-25,7700,7900,7500,7640,12345,-0.030456852791878153
2022-08-26,7840,7850,7600,7750,10415,0.014397905759162333
2022-08-29,7500,7740,7350,7630,2551,-0.015483870967741953
2022-08-30,7690,7690,7510,7570,2632,-0.007863695937090465
2022-08-31,7560,7660,7560,7590,2044,0.0026420079260238705
2022-09-01,7700,7700,7410,7410,3510,-0.02371541501976282
2022-09-02,7410,7410,7110,7160,1681,-0.03373819163292846
2022-09-05,7190,7190,6610,7000,720,-0.022346368715083775
2022-09-06,6900,7580,6620,7240,4870,0.03428571428571425
2022-09-07,7360,7500,6850,7200,3917,-0.0055248618784530246
2022-09-08,7200,7870,7000,7840,14931,0.0888888888888888
2022-09-13,7970,7970,7270,7390,14585,-0.05739795918367352
2022-09-14,7470,7520,7350,7470,611,0.010825439783491264
2022-09-15,7580,7600,7400,7570,1903,0.01338688085676032
2022-09-16,7570,7600,7480,7570,1016,0.0
2022-09-19,7590,7600,7400,7510,6305,-0.00792602377807139
2022-09-20,7590,7600,7320,7540,881,0.003994673768308976
2022-09-21,7750,7960,7360,7670,7453,0.01724137931034475
2022-09-22,7670,8150,7400,7950,9814,0.036505867014341664
2022-09-23,7940,7950,7410,7610,639,-0.04276729559748427
2022-09-26,7640,7640,7320,7580,3823,-0.003942181340341633
2022-09-27,7570,7570,7340,7490,40,-0.01187335092348285
2022-09-28,7490,7560,7200,7500,1455,0.001335113484646211
2022-09-29,7590,7590,7200,7500,1118,0.0
2022-09-30,7590,7590,7310,7400,906,-0.013333333333333308
2022-10-04,7500,7500,7400,7480,577,0.0108108108108107
2022-10-05,7590,7590,7400,7420,4203,-0.008021390374331583
2022-10-06,7490,7570,7110,7200,2215,-0.029649595687331498
2022-10-07,7400,7450,7070,7190,552,-0.001388888888888884
2022-10-11,7250,7250,6170,6770,3385,-0.05841446453407506
2022-10-12,6740,6740,6350,6360,248,-0.06056129985228953
2022-10-13,6500,7310,6310,6770,2538,0.06446540880503138
2022-10-14,6700,7240,6690,7000,1794,0.033973412112259904
2022-10-17,7180,7180,6810,6980,200,-0.0028571428571428914
2022-10-18,7090,7200,6900,7180,572,0.02865329512893977
2022-10-19,7100,7160,6800,7160,1737,-0.0027855153203342198
2022-10-20,7160,7180,6880,7180,1231,0.0027932960893854997
2022-10-21,7180,7200,7090,7090,112,-0.012534818941504211
2022-10-24,7150,7150,7000,7070,22,-0.0028208744710860323
2022-10-25,7120,7120,7050,7070,46,0.0
2022-10-26,7150,7150,7000,7140,56,0.00990099009900991
2022-10-27,7090,7090,6800,7050,850,-0.012605042016806678
2022-10-28,7090,7090,6310,7040,470,-0.0014184397163120588
2022-10-31,7050,7050,6950,7000,235,-0.005681818181818232
2022-11-01,7400,7400,6900,7050,942,0.0071428571428571175
2022-11-02,7030,7030,6800,7000,1522,-0.007092198581560294
2022-11-03,7000,7000,6670,6780,569,-0.03142857142857147
2022-11-04,7000,7000,6500,6790,2135,0.001474926253687281
2022-11-07,6800,7000,6530,6800,1009,0.0014727540500736325
2022-11-08,6800,7100,6800,6890,1609,0.013235294117647012
2022-11-09,6900,7000,6650,7000,2156,0.0159651669085632
2022-11-10,7000,7000,6610,6740,2037,-0.037142857142857144
2022-11-11,6970,6970,6790,6800,605,0.008902077151335286
2022-11-14,7000,7000,6600,6770,1273,-0.004411764705882337
2022-11-15,6800,6970,6600,6790,851,0.002954209748892156
2022-11-16,6970,6970,6600,6760,508,-0.004418262150220897
2022-11-17,6790,7000,6600,6880,2149,0.01775147928994092
2022-11-18,6970,6970,6970,6970,1,0.013081395348837122
2022-11-21,6770,6780,6760,6770,297,-0.028694404591104727
2022-11-22,6840,6840,6630,6780,1023,0.001477104874446189
2022-11-23,6870,6870,6860,6860,3,0.01179941002949847
2022-11-24,6860,6860,6410,6770,1227,-0.013119533527696792
2022-11-25,6820,6850,6600,6770,2592,0.0
2022-11-28,6770,6900,6700,6880,2043,0.01624815361890697
2022-11-29,6700,6790,6610,6780,335,-0.014534883720930258
2022-11-30,6900,6900,6710,6850,105,0.010324483775811188
2022-12-01,6750,6750,6750,6750,84,-0.014598540145985384
2022-12-02,6900,6900,6770,6770,101,0.002962962962963056
2022-12-05,6700,6710,6690,6700,510,-0.010339734121122546
2022-12-06,6900,7000,6620,6690,2530,-0.0014925373134327957
2022-12-07,6610,6680,6530,6680,256,-0.001494768310911776
2022-12-08,6680,6680,6680,6680,101,0.0
2022-12-09,6630,6950,6500,6890,1149,0.0314371257485031
2022-12-12,6600,6840,6600,6800,233,-0.013062409288824406
2022-12-13,6700,7100,6520,6770,3426,-0.004411764705882337
2022-12-14,6750,6950,6540,6950,1864,0.026587887740029625
2022-12-15,6940,6940,6700,6850,755,-0.014388489208633115
2022-12-16,6730,6730,6600,6690,244,-0.023357664233576658
2022-12-19,6600,6900,6600,6660,3151,-0.004484304932735439
2022-12-20,6890,6890,6480,6600,1589,-0.009009009009009028
2022-12-21,6700,6700,6600,6630,112,0.00454545454545463
2022-12-22,6690,6900,6570,6770,1543,0.02111613876319751
2022-12-23,6800,6900,6600,6770,2381,0.0
2022-12-26,6800,6800,6600,6700,68,-0.010339734121122546
2022-12-27,6700,6700,6600,6690,265,-0.0014925373134327957
2022-12-28,6700,6700,6520,6650,28,-0.005979073243647215
2022-12-29,6690,7050,6300,6890,9574,0.03609022556390973
2023-01-02,6800,6950,6600,6800,472,-0.013062409288824406
2023-01-03,6850,7200,6600,6680,3974,-0.01764705882352946
2023-01-04,6600,6660,6570,6610,1832,-0.010479041916167664
2023-01-05,6600,7000,6600,6720,6504,0.016641452344931862
2023-01-06,6560,6670,6480,6590,933,-0.019345238095238138
2023-01-09,6780,6780,6550,6600,1245,0.0015174506828528056
2023-01-10,6550,6600,6550,6600,114,0.0
2023-01-11,5610,6840,5610,6330,7272,-0.040909090909090895
2023-01-12,6750,6750,6400,6530,642,0.03159557661927326
2023-01-13,6800,6800,6400,6520,626,-0.0015313935681470214
2023-01-16,6800,6800,6450,6540,221,0.0030674846625766694
2023-01-17,6600,6800,6320,6500,2111,-0.006116207951070374
2023-01-18,6600,6600,6340,6580,610,0.012307692307692353
2023-01-19,6500,6540,6300,6300,1737,-0.04255319148936165
2023-01-20,6600,6600,6410,6410,774,0.0174603174603174
2023-01-25,6600,6700,6470,6470,163,0.009360374414976613
2023-01-26,6670,6670,6250,6440,1700,-0.004636785162287493
2023-01-27,6570,6570,6400,6500,21,0.009316770186335477
2023-01-30,6210,6830,6210,6600,1509,0.01538461538461533
2023-01-31,6600,6800,6340,6650,5083,0.007575757575757569
2023-02-01,6760,6780,6500,6650,515,0.0
2023-02-02,6700,6700,6500,6590,551,-0.009022556390977488
2023-02-03,6590,6590,6590,6590,10,0.0
2023-02-06,6780,6780,6780,6780,1,0.028831562974203306
2023-02-07,6650,6650,6020,6320,3015,-0.06784660766961648
2023-02-08,6700,7150,6610,6610,2349,0.04588607594936711
2023-02-09,6730,6800,6560,6600,883,-0.001512859304084735
2023-02-10,6700,6800,6530,6740,2180,0.021212121212121238
2023-02-13,6740,6800,6560,6760,1619,0.0029673590504450953
2023-02-14,6450,6780,6450,6690,3257,-0.010355029585798814
2023-02-15,6650,6690,6650,6680,1267,-0.001494768310911776
2023-02-16,6700,6750,6570,6570,1678,-0.01646706586826352
2023-02-17,6790,6790,6500,6600,654,0.004566210045662045
2023-02-20,6650,6770,6500,6590,10630,-0.0015151515151514694
2023-02-21,6590,6690,6490,6570,5439,-0.003034901365705611
2023-02-22,6690,6690,6460,6470,1573,-0.015220700152207
2023-02-23,6600,6600,6430,6500,5817,0.004636785162287493
2023-02-24,6750,6750,6430,6570,988,0.010769230769230864
2023-02-27,6670,6670,6500,6610,1408,0.0060882800608828
2023-02-28,6700,6800,6590,6700,1125,0.013615733736762392
2023-03-02,6700,6700,6470,6640,657,-0.008955223880596996
2023-03-03,6680,6690,6500,6640,1703,0.0
2023-03-06,6650,7000,6570,6820,4792,0.027108433734939652
2023-03-07,7000,7000,6500,6790,11915,-0.004398826979472137
2023-03-08,6870,6950,6550,6760,4352,-0.004418262150220897
2023-03-09,6890,7000,6630,6740,10866,-0.00295857988165682
2023-03-10,6880,6880,6710,6740,897,0.0
2023-03-13,6880,6880,6500,6740,5686,0.0
2023-03-14,6710,7000,6540,6590,5524,-0.022255192878338326
2023-03-15,6800,6800,6610,6720,1133,0.019726858877086473
2023-03-16,6720,6740,6660,6720,3666,0.0
2023-03-17,6780,7040,6540,7040,4197,0.04761904761904767
2023-03-20,7200,7460,7200,7430,12975,0.05539772727272729
2023-03-21,7470,7830,7450,7770,22373,0.04576043068640656
2023-03-22,7740,8100,7600,7900,14767,0.016731016731016624
2023-03-23,8150,8190,7830,7980,13671,0.010126582278481067
2023-03-24,8070,8070,7940,7970,23759,-0.0012531328320801727
2023-03-27,8190,8190,7930,7970,8465,0.0
2023-03-28,7800,7970,7650,7960,5949,-0.0012547051442910462
2023-03-29,7930,7940,7700,7830,7067,-0.01633165829145733
2023-03-30,7850,7910,7410,7700,4659,-0.016602809706257937
2023-03-31,8100,8300,7820,7890,17451,0.024675324675324628
2023-04-03,8000,8050,7950,8000,9584,0.013941698352344822
2023-04-04,8040,8040,7880,7920,11720,-0.010000000000000009
2023-04-05,8330,8330,8030,8230,18788,0.039141414141414144
2023-04-06,8440,8440,8200,8300,18534,0.008505467800729027
2023-04-07,8390,8390,8130,8180,7926,-0.014457831325301207
2023-04-10,8360,8360,8070,8100,7712,-0.009779951100244544
2023-04-11,8290,8290,8050,8100,4900,0.0
2023-04-12,7950,8150,7850,7920,9029,-0.022222222222222254
2023-04-13,7980,7980,7800,7870,2903,-0.0063131313131312705
2023-04-14,7870,7980,7810,7850,2848,-0.0025412960609910717
2023-04-17,7850,8000,7600,7700,15566,-0.019108280254777066
2023-04-18,7750,7780,7550,7610,7009,-0.011688311688311637
2023-04-19,7680,7680,7500,7650,2187,0.005256241787122251
2023-04-20,7670,7720,7640,7720,1634,0.009150326797385588
2023-04-21,7780,8100,7770,8100,14592,0.04922279792746109
2023-04-24,8150,8300,7940,8290,9487,0.023456790123456805
2023-04-25,8350,8350,7960,8260,2993,-0.003618817852834688
2023-04-26,8010,8250,7520,8180,4160,-0.009685230024213065
2023-04-27,8000,8080,7800,7910,3810,-0.0330073349633252
2023-04-28,8000,8000,7710,7810,1836,-0.012642225031605614
2023-05-02,7600,7800,7200,7350,5297,-0.05889884763124198
2023-05-03,7670,7670,7000,7200,7633,-0.020408163265306145
2023-05-04,7300,7300,7050,7140,1376,-0.008333333333333304
2023-05-08,7150,7280,7080,7240,2538,0.014005602240896309
2023-05-09,7200,7200,7000,7140,1518,-0.013812154696132617
2023-05-10,7100,7100,6920,7000,2256,-0.019607843137254943
2023-05-11,6990,6990,6700,6720,6851,-0.040000000000000036
2023-05-12,6600,6750,6400,6640,4907,-0.011904761904761862
2023-05-15,6640,6640,5850,5870,13465,-0.11596385542168675
2023-05-16,5940,6100,5840,6100,2987,0.03918228279386704
2023-05-17,6240,6240,5800,6200,951,0.016393442622950838
2023-05-18,6200,6210,6110,6200,2251,0.0
2023-05-19,6200,6230,6020,6150,1009,-0.008064516129032251
2023-05-22,6100,6170,6100,6170,638,0.003252032520325132
2023-05-23,6650,6650,6430,6550,2008,0.06158833063209079
2023-05-24,6790,6870,6710,6780,4146,0.03511450381679393
2023-05-25,6800,6800,6410,6750,526,-0.004424778761061954
2023-05-26,6480,6730,6310,6360,4093,-0.05777777777777782
2023-05-30,6370,6410,6200,6410,3252,0.007861635220125729
2023-05-31,6450,6450,6200,6420,5042,0.0015600624024960652
2023-06-01,6320,7380,6000,6240,9623,-0.028037383177570097
2023-06-02,6000,6450,5870,6300,3268,0.009615384615384581
2023-06-05,6280,6280,5360,5390,25975,-0.1444444444444445
2023-06-07,5380,5450,4635,5030,12547,-0.06679035250463827
2023-06-08,5000,5200,4370,4880,16917,-0.02982107355864816
2023-06-09,4880,5050,4690,5040,5004,0.032786885245901676
2023-06-12,5100,5300,4950,5300,5588,0.051587301587301626
2023-06-13,5300,5300,4560,5130,8629,-0.0320754716981132
2023-06-14,5100,5120,4800,5050,4103,-0.015594541910331383
2023-06-15,5100,5800,4970,5800,29564,0.14851485148514842
2023-06-16,6500,7350,5210,5210,8779185,-0.10172413793103452
2023-06-19,5080,5100,4615,4630,1249011,-0.1113243761996161
2023-06-20,4615,4880,4445,4510,770264,-0.02591792656587477
2023-06-21,4460,4720,4460,4515,307734,0.0011086474501109667
2023-06-22,4520,4545,4300,4320,354999,-0.04318936877076407
2023-06-23,4305,4370,4220,4260,180422,-0.01388888888888884
2023-06-26,4265,4340,3965,4060,282518,-0.04694835680751175
2023-06-27,4075,4100,3950,3980,190905,-0.019704433497536922
2023-06-28,4000,4050,3955,3970,130413,-0.002512562814070307
2023-06-29,3970,4640,3960,4120,2171362,0.037783375314861534
2023-06-30,4080,4085,3920,3970,415061,-0.036407766990291246
2023-07-03,3980,4000,3935,3965,107426,-0.0012594458438287548
2023-07-04,3975,3990,3900,3945,117259,-0.0050441361916772065
2023-07-05,3930,3985,3840,3875,106285,-0.017743979721166037
2023-07-06,3830,3930,3745,3780,116485,-0.024516129032258083
2023-07-07,3775,3805,3680,3730,69203,-0.013227513227513255
2023-07-10,3720,3830,3715,3760,68888,0.008042895442359255
2023-07-11,3730,3975,3725,3865,104124,0.027925531914893664
2023-07-12,3890,3990,3820,3920,158786,0.014230271668822736
2023-07-13,3950,3985,3850,3855,104424,-0.01658163265306123
2023-07-14,3865,4455,3855,4155,1090562,0.0778210116731517
2023-07-17,4155,4155,3865,3935,270514,-0.05294825511432011
2023-07-18,3975,3975,3770,3790,136078,-0.03684879288437104
2023-07-19,3790,3845,3715,3735,74053,-0.014511873350923521
2023-07-20,3740,3775,3620,3635,131876,-0.02677376171352075
2023-07-21,3640,3860,3550,3675,151251,0.011004126547455195
2023-07-24,3700,3980,3635,3635,278057,-0.010884353741496544
2023-07-25,3640,3650,3290,3325,287881,-0.0852819807427786
2023-07-26,3300,3325,3050,3105,163793,-0.06616541353383454
2023-07-27,3105,3220,3080,3100,60711,-0.0016103059581320522
2023-07-28,3085,3215,3040,3165,49968,0.020967741935483897
2023-07-31,3235,3375,3200,3315,86236,0.04739336492891
2023-08-01,3315,3410,3270,3325,62596,0.003016591251885359
2023-08-02,3250,3365,3200,3280,60651,-0.013533834586466176
2023-08-03,3250,3450,3200,3290,111967,0.0030487804878047697
2023-08-04,3265,3325,3220,3230,65709,-0.018237082066869248
2023-08-07,3300,3500,3230,3450,128946,0.06811145510835903
2023-08-08,3440,3570,3360,3450,142978,0.0
2023-08-09,3455,3885,3455,3525,383106,0.021739130434782705
2023-08-10,3520,3805,3480,3600,202209,0.02127659574468077
2023-08-11,3580,3695,3450,3465,149688,-0.03749999999999998
2023-08-14,3465,3465,3330,3360,102503,-0.030303030303030276
2023-08-16,3360,3370,3225,3270,67968,-0.0267857142857143
2023-08-17,3275,3295,3145,3230,27211,-0.012232415902140636
2023-08-18,3200,3580,3135,3580,131345,0.1083591331269349
2023-08-21,3505,3530,3400,3420,70207,-0.04469273743016755
2023-08-22,3420,3455,3350,3360,35319,-0.01754385964912286
2023-08-23,3365,3480,3330,3445,66019,0.02529761904761907
2023-08-24,3430,3495,3380,3400,40050,-0.013062409288824406
2023-08-25,3385,3410,3350,3405,25732,0.0014705882352941124
2023-08-28,3455,3455,3365,3450,27937,0.013215859030837107
2023-08-29,3455,3680,3445,3560,159578,0.03188405797101446
2023-08-30,3555,3620,3500,3575,38262,0.004213483146067398
2023-08-31,3660,3880,3520,3525,228790,-0.013986013986013957
2023-09-01,3500,3740,3500,3700,129217,0.049645390070921946
2023-09-04,3710,3710,3615,3630,53308,-0.018918918918918948
2023-09-05,3650,3950,3560,3615,365342,-0.004132231404958664
2023-09-06,3695,3785,3570,3780,60830,0.045643153526971014
2023-09-07,3785,3920,3715,3785,139716,0.001322751322751392
2023-09-08,3835,3965,3695,3780,159122,-0.0013210039630119352
2023-09-11,3790,3910,3700,3720,97033,-0.015873015873015928
2023-09-12,3720,3760,3625,3625,56086,-0.025537634408602128
2023-09-13,3600,3660,3520,3565,48837,-0.016551724137931045
2023-09-14,3565,3620,3550,3580,27268,0.004207573632538653
2023-09-15,3580,3730,3580,3695,37589,0.032122905027933024
2023-09-18,3660,3725,3620,3725,20139,0.008119079837618504
2023-09-19,3725,3725,3635,3685,27466,-0.010738255033557076
2023-09-20,3625,3695,3405,3555,60897,-0.035278154681139706
2023-09-21,3555,3555,3375,3390,56558,-0.04641350210970463
2023-09-22,3370,3475,3350,3385,11408,-0.001474926253687281
2023-09-25,3390,3395,3330,3390,24054,0.001477104874446189
2023-09-26,3380,3430,3305,3320,23114,-0.020648967551622377
2023-09-27,3360,3475,3305,3460,18055,0.04216867469879526
2023-10-04,3380,3455,3275,3330,28506,-0.037572254335260125
2023-10-05,3330,3470,3210,3210,37668,-0.036036036036036
2023-10-06,3285,3285,3155,3255,37898,0.014018691588784993
2023-10-10,3260,3320,3085,3170,47653,-0.02611367127496156
2023-10-11,3170,3205,3155,3175,20107,0.001577287066246047
2023-10-12,3150,3360,3150,3220,25353,0.014173228346456623
2023-10-13,3230,3290,3205,3245,8498,0.007763975155279601
2023-10-16,3245,3245,3110,3125,35579,-0.036979969183358996
2023-10-17,3250,3250,3105,3140,22353,0.0047999999999999154
2023-10-18,3140,3180,3100,3100,11765,-0.01273885350318471
2023-10-19,3100,3125,3000,3045,25550,-0.01774193548387093
2023-10-20,3100,3100,2870,2870,45171,-0.05747126436781613
2023-10-23,2890,2955,2870,2910,19075,0.013937282229965264
2023-10-24,2910,2945,2815,2900,27550,-0.0034364261168384758
2023-10-25,2900,2985,2790,2825,32116,-0.025862068965517238
2023-10-26,2780,2825,2715,2715,28686,-0.038938053097345104
2023-10-27,2730,2840,2725,2725,24552,0.0036832412523020164
2023-10-30,2725,2815,2670,2730,19344,0.0018348623853210455
2023-10-31,2785,2820,2735,2765,25942,0.012820512820512775
2023-11-01,2735,2850,2720,2810,8247,0.016274864376130127
2023-11-02,2790,2910,2790,2870,34160,0.021352313167259718
2023-11-03,2880,2960,2830,2920,25470,0.017421602787456525
2023-11-06,3000,3000,2850,2935,11607,0.005136986301369939
2023-11-07,2970,2970,2820,2850,23463,-0.028960817717206155
2023-11-08,2810,3010,2810,2885,89627,0.012280701754386003
2023-11-09,2900,2935,2820,2895,16791,0.0034662045060658286
2023-11-10,2870,2895,2820,2875,24504,-0.006908462867012077
2023-11-13,2920,2920,2840,2840,17431,-0.012173913043478257
2023-11-14,2805,2865,2805,2855,24954,0.005281690140845008
2023-11-15,2860,3335,2845,3010,413323,0.05429071803852881
2023-11-16,3025,3040,2900,2920,612592,-0.029900332225913595
2023-11-17,2905,3000,2890,2910,50867,-0.003424657534246589
2023-11-20,2910,2965,2885,2900,45499,-0.0034364261168384758
2023-11-21,2870,2910,2850,2855,50155,-0.01551724137931032
2023-11-22,2880,2880,2800,2805,50400,-0.017513134851138368
2023-11-23,2835,2890,2790,2890,464538,0.030303030303030276
2023-11-24,2920,2920,2880,2900,30336,0.0034602076124568004
2023-11-27,2900,2930,2855,2885,19153,-0.005172413793103403
2023-11-28,2865,2890,2700,2815,32364,-0.024263431542461023
2023-11-29,2820,2845,2730,2800,27260,-0.005328596802841923
2023-11-30,2805,2870,2775,2840,39251,0.014285714285714235
2023-12-01,2830,2885,2830,2875,23048,0.012323943661971759
2023-12-04,2890,2915,2810,2845,16731,-0.01043478260869568
2023-12-05,2780,2920,2780,2815,50580,-0.010544815465729385
2023-12-06,2835,2835,2770,2805,28440,-0.003552397868561319
2023-12-07,2800,3065,2790,2855,120535,0.017825311942959
2023-12-08,2855,2870,2805,2830,28506,-0.008756567425569184
2023-12-11,2875,2920,2820,2910,45941,0.028268551236749095
2023-12-12,2915,2920,2835,2880,21515,-0.010309278350515427
2023-12-13,2885,2890,2835,2855,20246,-0.00868055555555558
2023-12-14,2875,2890,2825,2870,25611,0.005253940455341555
2023-12-15,2870,2890,2830,2865,24117,-0.0017421602787456303
2023-12-18,2865,2905,2850,2880,18540,0.005235602094240788
2023-12-19,2860,2920,2860,2890,23741,0.003472222222222321
2023-12-20,2890,3175,2890,2950,156269,0.02076124567474058
2023-12-21,2915,3155,2910,3130,111517,0.0610169491525423
2023-12-22,3125,3215,3100,3160,85834,0.009584664536741228
2023-12-26,3135,3275,3110,3165,54810,0.0015822784810126667
2023-12-27,3145,3325,3125,3325,49514,0.05055292259083721
2023-12-28,3330,3330,3140,3270,42023,-0.016541353383458635
2024-01-02,3270,3270,3190,3270,31223,0.0
2024-01-03,3270,3280,3210,3220,30075,-0.015290519877675823
2024-01-04,3230,3330,3200,3220,26073,0.0
2024-01-05,3220,3230,3190,3230,25716,0.0031055900621117516
2024-01-08,3230,3270,3195,3220,35750,-0.003095975232198178
2024-01-09,3220,3365,3200,3305,32712,0.026397515527950333
2024-01-10,3305,3410,3260,3360,37984,0.016641452344931862
2024-01-11,3330,3360,3260,3335,20403,-0.007440476190476164
2024-01-12,3275,3325,3070,3215,44586,-0.0359820089955023
2024-01-15,3215,3215,3065,3070,46901,-0.04510108864696738
2024-01-16,3070,3070,2930,2930,37393,-0.0456026058631922
2024-01-17,2935,3060,2815,2840,66546,-0.030716723549488067
2024-01-18,2805,2935,2805,2915,14283,0.02640845070422526
2024-01-19,2920,3010,2920,2990,14006,0.02572898799313883
2024-01-22,2975,3030,2915,2980,28443,-0.0033444816053511683
2024-01-23,2945,3220,2930,3100,55611,0.04026845637583887
2024-01-24,3070,3150,3025,3085,13869,-0.004838709677419395
2024-01-25,3050,3090,2850,2990,43741,-0.030794165316045397
2024-01-26,2980,2990,2900,2940,39451,-0.01672240802675584
2024-01-29,2945,2955,2900,2905,20256,-0.011904761904761862
2024-01-30,2890,2950,2890,2905,24182,0.0
2024-01-31,2910,2965,2910,2940,14514,0.012048192771084265
2024-02-01,2930,2940,2855,2895,23795,-0.015306122448979553
2024-02-02,2900,2945,2900,2930,18809,0.012089810017271052
2024-02-05,2985,3000,2930,2985,12743,0.018771331058020424
2024-02-06,2945,3025,2945,3000,13749,0.005025125628140614
2024-02-07,3000,3040,2995,3040,32052,0.01333333333333342
2024-02-08,3075,3085,2960,3000,26226,-0.013157894736842146
2024-02-13,3000,3080,2990,3045,4523,0.014999999999999902
2024-02-14,3050,3070,3030,3040,11635,-0.0016420361247947435
2024-02-15,3040,3085,3015,3075,19451,0.011513157894736947
2024-02-16,3075,3090,3060,3085,14707,0.003252032520325132
2024-02-19,3060,3090,3035,3070,11211,-0.004862236628849326
2024-02-20,3070,3090,3045,3045,18442,-0.008143322475570036
2024-02-21,3015,3075,3015,3035,17976,-0.003284072249589487
2024-02-22,3015,3055,2960,3030,15714,-0.0016474464579900872
2024-02-23,3015,3065,2960,2965,15593,-0.021452145214521434
2024-02-26,2995,3000,2910,2950,11623,-0.005059021922428353
2024-02-27,2925,2960,2860,2885,19702,-0.02203389830508473
2024-02-28,2930,2935,2880,2885,8923,0.0
2024-02-29,2890,2920,2885,2905,9340,0.006932409012131657
2024-03-04,2915,2940,2860,2880,14480,-0.008605851979345935
2024-03-05,2880,2900,2740,2820,33480,-0.02083333333333337
2024-03-06,2820,2820,2740,2770,27151,-0.01773049645390068
2024-03-07,2790,2830,2670,2685,39343,-0.03068592057761732
2024-03-08,2685,2755,2670,2720,17526,0.013035381750465591
2024-03-11,2700,2785,2680,2725,29234,0.0018382352941177516
2024-03-12,2775,2775,2670,2690,27336,-0.012844036697247652
2024-03-13,2650,2750,2650,2745,24711,0.020446096654274992
2024-03-14,2750,2770,2650,2665,57033,-0.02914389799635697
2024-03-15,2750,2750,2665,2700,16854,0.013133208255159401
2024-03-18,2705,2755,2700,2745,5805,0.016666666666666607
2024-03-19,2745,2765,2730,2765,11001,0.007285974499089187
2024-03-20,2765,2845,2760,2780,20369,0.005424954792043302
2024-03-21,2800,2805,2735,2770,23640,-0.003597122302158251
2024-03-22,2795,2795,2720,2750,36798,-0.0072202166064981865
2024-03-25,2780,2785,2655,2720,20278,-0.010909090909090868
2024-03-26,2750,2820,2715,2785,25132,0.023897058823529438
2024-03-27,2785,2950,2730,2940,36830,0.055655296229802476
2024-03-28,2910,2990,2825,2855,51506,-0.028911564625850317
2024-03-29,2835,2865,2775,2860,19227,0.0017513134851139256
2024-04-01,2835,2925,2830,2870,16440,0.0034965034965035446
2024-04-02,2815,2895,2815,2855,37688,-0.005226480836236891
2024-04-03,2810,2870,2800,2855,8519,0.0
2024-04-04,2830,2880,2825,2840,12088,-0.005253940455341555
2024-04-05,2805,2890,2800,2815,17079,-0.008802816901408494
2024-04-08,2810,2860,2710,2825,17275,0.003552397868561208
2024-04-09,2850,2870,2790,2845,7453,0.0070796460176991705
2024-04-11,2790,2850,2785,2840,4145,-0.0017574692442882123
2024-04-12,2800,2860,2780,2830,4343,-0.0035211267605633756
2024-04-15,2825,2830,2750,2790,11070,-0.014134275618374548
2024-04-16,2790,2790,2720,2765,5989,-0.008960573476702538
2024-04-17,2710,2820,2710,2760,4796,-0.001808318264014508
2024-04-18,2760,2820,2730,2815,4647,0.019927536231884035
2024-04-19,2770,2815,2710,2795,8483,-0.007104795737122527
2024-04-22,2780,2850,2765,2765,9113,-0.01073345259391767
2024-04-23,2755,2810,2705,2770,8230,0.001808318264014508
2024-04-24,2790,2805,2745,2755,14452,-0.005415162454873612
2024-04-25,2755,2800,2745,2785,1448,0.010889292196007316
2024-04-26,2745,2790,2745,2790,10612,0.0017953321364452268
2024-04-29,2765,2855,2725,2855,34215,0.023297491039426577
2024-04-30,2805,2825,2780,2805,16741,-0.017513134851138368
2024-05-02,2795,2815,2735,2735,17046,-0.024955436720142554
2024-05-03,2750,2800,2720,2725,7176,-0.003656307129798919
2024-05-07,2715,2755,2705,2735,9191,0.003669724770642091
2024-05-08,2730,2765,2680,2720,11902,-0.005484460694698323
2024-05-09,2735,2735,2690,2715,3221,-0.0018382352941176405
2024-05-10,2705,2730,2675,2725,14228,0.0036832412523020164
2024-05-13,2725,2755,2700,2745,13811,0.007339449541284404
2024-05-14,2805,2860,2750,2860,31213,0.041894353369763104
2024-05-16,2860,2900,2815,2860,16126,0.0
2024-05-17,2865,2970,2865,2960,40948,0.034965034965035
2024-05-20,2915,3015,2900,2960,26608,0.0
2024-05-21,2960,3200,2960,3045,108358,0.028716216216216228
2024-05-22,3070,3130,3045,3080,30776,0.011494252873563315
2024-05-23,3100,3110,3010,3105,49199,0.008116883116883189
2024-05-24,3120,3145,3010,3115,14427,0.0032206119162641045
2024-05-27,3140,3140,3005,3130,13238,0.0048154093097914075
2024-05-28,3065,3140,3050,3140,10178,0.0031948881789136685
2024-05-29,3105,3170,3105,3135,6373,-0.0015923566878981443
2024-05-30,3125,3170,3060,3070,11710,-0.020733652312599715
2024-05-31,3040,3115,3040,3060,13703,-0.0032573289902280145
2024-06-03,3000,3060,3000,3020,11226,-0.013071895424836555
2024-06-04,3020,3060,3010,3030,22177,0.0033112582781456013
2024-06-05,3030,3050,2970,3035,15236,0.0016501650165017256
2024-06-07,3040,3060,3005,3050,9373,0.0049423393739702615
2024-06-10,3050,3085,3040,3040,7166,-0.003278688524590123
2024-06-11,3025,3085,3005,3055,8676,0.004934210526315708
2024-06-12,3095,3125,3045,3080,10377,0.008183306055646433
2024-06-13,3095,3160,3020,3160,23913,0.025974025974025983
2024-06-14,3160,3245,3100,3235,41709,0.023734177215189778
2024-06-17,3235,3350,3200,3340,75519,0.032457496136012454
2024-06-18,3345,3365,3220,3300,26597,-0.0119760479041916
2024-06-19,3250,3305,3230,3255,18140,-0.013636363636363669
2024-06-20,3255,3360,3255,3320,27679,0.019969278033794113
2024-06-21,3310,3345,3130,3310,32024,-0.003012048192771122
2024-06-24,3275,3335,3265,3305,12896,-0.0015105740181269312
2024-06-25,3315,3370,3255,3345,21171,0.012102874432677657
2024-06-26,3350,3380,3315,3360,12264,0.004484304932735439
2024-06-27,3380,3380,3260,3305,19853,-0.016369047619047672
2024-06-28,3270,3335,3200,3310,47031,0.001512859304084735
2024-07-01,3275,3330,3250,3315,56552,0.0015105740181269312
2024-07-02,3280,3370,3280,3360,29644,0.013574660633484115
2024-07-03,3330,3500,3330,3450,126981,0.02678571428571419
2024-07-04,3455,3480,3420,3455,31466,0.0014492753623187582
2024-07-05,3470,3565,3445,3490,56742,0.01013024602026058
2024-07-08,3460,3570,3390,3510,29689,0.005730659025787954
2024-07-09,3515,3590,3405,3515,42258,0.0014245014245013454
2024-07-10,3515,3515,3380,3450,17260,-0.01849217638691325
2024-07-11,3460,3460,3210,3275,84202,-0.050724637681159424
2024-07-12,3245,3365,3245,3285,8422,0.003053435114503733
2024-07-15,3285,3380,3250,3285,11763,0.0
2024-07-16,3285,3300,3200,3250,11339,-0.010654490106544956
2024-07-17,3250,3285,3190,3250,8934,0.0
2024-07-18,3120,3270,3120,3255,12953,0.0015384615384614886
2024-07-19,3255,3255,3100,3250,15716,-0.001536098310291889
2024-07-22,3240,3240,3075,3110,16434,-0.043076923076923124
2024-07-23,3110,3130,3050,3120,6459,0.003215434083601254
2024-07-24,3090,3120,3000,3030,25873,-0.028846153846153855
2024-07-25,3030,3045,2900,2950,20567,-0.02640264026402639
2024-07-26,2935,2950,2850,2915,20782,-0.011864406779661052
2024-07-29,2885,2920,2885,2915,3167,0.0
2024-07-30,2915,2950,2890,2915,5857,0.0
2024-07-31,2890,3130,2875,3035,27308,0.04116638078902235
2024-08-01,3085,3090,2995,3050,6399,0.0049423393739702615
2024-08-02,3000,3050,2930,3050,8638,0.0
2024-08-05,2995,2995,2575,2740,32577,-0.10163934426229504
2024-08-06,2740,2900,2710,2855,22457,0.04197080291970812
2024-08-07,2855,2930,2815,2865,3988,0.003502626970227629
2024-08-08,2800,2960,2710,2710,64223,-0.054101221640488695
2024-08-09,2760,2900,2690,2715,87980,0.0018450184501845879
2024-08-12,2690,2800,2690,2715,57506,0.0
2024-08-13,2710,2755,2655,2730,86045,0.005524861878453136
2024-08-14,2765,2830,2700,2785,65077,0.020146520146520075
2024-08-16,2800,2955,2750,2900,100874,0.04129263913824066
2024-08-19,3050,3050,2850,3005,155126,0.036206896551724155
2024-08-20,3090,3100,2910,3020,62936,0.004991680532445919
2024-08-21,3020,3085,2925,3080,24321,0.019867549668874274
2024-08-22,3065,3065,2790,2880,126811,-0.06493506493506496
2024-08-23,2880,3100,2865,2985,23557,0.03645833333333326
2024-08-26,2985,2985,2810,2870,42815,-0.038525963149078746
2024-08-27,2840,2850,2730,2835,41625,-0.012195121951219523
2024-08-28,2800,2880,2750,2800,65351,-0.012345679012345734
2024-08-29,2800,2860,2765,2840,42861,0.014285714285714235
2024-08-30,2800,2890,2800,2840,46011,0.0
2024-09-02,2830,2860,2780,2815,25946,-0.008802816901408494
2024-09-03,2820,2840,2755,2780,14648,-0.01243339253996445
2024-09-04,2700,2755,2615,2670,45632,-0.03956834532374098
2024-09-05,2670,2715,2595,2670,27545,0.0
2024-09-06,2665,2700,2650,2680,2290,0.0037453183520599342
2024-09-09,2655,2730,2600,2680,21309,0.0
2024-09-10,2680,2805,2680,2795,9441,0.042910447761194126
2024-09-11,2765,2975,2765,2905,15400,0.03935599284436497
2024-09-12,2920,2970,2850,2915,4465,0.0034423407917383297
2024-09-13,2945,2990,2900,2990,20385,0.02572898799313883
2024-09-19,2960,3070,2950,3000,12897,0.0033444816053511683
2024-09-20,3045,3050,2970,3000,17555,0.0
2024-09-23,3030,3030,2970,2990,21900,-0.0033333333333332993
2024-09-24,2970,3000,2930,2985,11254,-0.0016722408026755842
2024-09-25,2960,3010,2955,2990,7087,0.0016750418760469454
2024-09-26,2970,2975,2815,2845,28944,-0.04849498327759194
2024-09-27,2850,2950,2845,2920,46636,0.026362038664323295
2024-09-30,2940,2960,2800,2850,19862,-0.023972602739726012
2024-10-02,2755,2865,2755,2855,4564,0.0017543859649122862
2024-10-04,2790,2870,2780,2835,9133,-0.007005253940455369
2024-10-07,2835,2835,2750,2830,13688,-0.0017636684303351524
2024-10-08,2845,2845,2790,2810,3506,-0.007067137809187329
2024-10-10,2810,2810,2770,2810,2571,0.0
2024-10-11,2810,2810,2760,2785,1634,-0.008896797153024938
2024-10-14,2760,2785,2745,2760,5564,-0.008976660682226245
2024-10-15,2735,2800,2735,2800,6023,0.01449275362318847
2024-10-16,2770,2815,2760,2805,2472,0.0017857142857142794
2024-10-17,2805,2855,2780,2855,15771,0.017825311942959
2024-10-18,2855,3140,2825,2985,83501,0.04553415061295962
2024-10-21,2970,2985,2900,2925,15095,-0.02010050251256279
2024-10-22,2925,2950,2840,2875,4158,-0.017094017094017144
2024-10-23,2850,2890,2825,2875,6637,0.0
2024-10-24,2865,2865,2740,2760,10695,-0.040000000000000036
2024-10-25,2760,2790,2705,2730,23724,-0.010869565217391353
2024-10-28,2730,2760,2700,2735,10634,0.001831501831501825
2024-10-29,2755,2815,2750,2790,7794,0.02010968921389389
2024-10-30,2800,2890,2800,2820,8224,0.010752688172043001
2024-10-31,2820,2940,2800,2830,14894,0.0035460992907800915
2024-11-01,2830,3060,2800,2960,45870,0.04593639575971742
2024-11-04,3045,3080,2875,2945,43381,-0.0050675675675675436
2024-11-05,2945,2945,2760,2850,30981,-0.032258064516129004
2024-11-06,2850,2945,2830,2880,12491,0.010526315789473717
2024-11-07,2850,2875,2740,2840,8928,-0.01388888888888884
2024-11-08,2810,2840,2740,2770,24310,-0.02464788732394363
2024-11-11,2760,2770,2710,2770,18845,0.0
2024-11-12,2760,2840,2725,2830,33221,0.02166064981949467
2024-11-13,2830,2850,2705,2850,33982,0.007067137809187329
2024-11-14,2815,2895,2650,2650,27896,-0.07017543859649122
2024-11-15,2670,2700,2605,2700,50839,0.018867924528301883
2024-11-18,2620,2720,2565,2580,82540,-0.0444444444444444
2024-11-19,2590,2640,2575,2580,23185,0.0
2024-11-20,2600,2680,2575,2635,25063,0.02131782945736438
2024-11-21,2720,2720,2610,2665,13380,0.011385199240986799
2024-11-22,2665,2675,2580,2615,19632,-0.018761726078799223
2024-11-25,2595,2710,2595,2635,9154,0.007648183556405286
2024-11-26,2650,2695,2630,2695,9018,0.022770398481973375
2024-11-27,2695,2710,2660,2710,6904,0.005565862708719838
2024-11-28,2710,2760,2685,2720,8050,0.0036900369003689537
2024-11-29,2690,2745,2690,2745,12354,0.009191176470588314
2024-12-02,2740,2790,2690,2740,11326,-0.0018214936247723523
2024-12-03,2740,2760,2695,2745,7419,0.0018248175182482562
2024-12-04,2740,2740,2660,2690,3358,-0.02003642987249543
2024-12-05,2710,2710,2580,2630,16866,-0.022304832713754608
2024-12-06,2630,2720,2575,2720,25423,0.034220532319391594
2024-12-09,2685,2715,2430,2490,30549,-0.0845588235294118
2024-12-10,2480,2585,2480,2585,10775,0.0381526104417671
2024-12-11,2605,2675,2580,2660,9756,0.029013539651837617
2024-12-12,2650,2700,2650,2680,24818,0.007518796992481258
2024-12-13,2690,2710,2690,2700,12618,0.00746268656716409
2024-12-16,2710,2730,2700,2725,10469,0.0092592592592593
2024-12-17,2680,2740,2680,2740,2466,0.005504587155963359
2024-12-18,2695,2780,2695,2780,7784,0.014598540145985384
2024-12-19,2710,2790,2710,2790,3564,0.003597122302158251
2024-12-20,2790,2790,2715,2730,3205,-0.021505376344086002
2024-12-23,2695,2740,2695,2710,2072,-0.0073260073260073
2024-12-24,2715,2780,2685,2755,15414,0.016605166051660625
2024-12-26,2880,2880,2765,2840,44890,0.030852994555353952
2024-12-27,2850,2850,2740,2830,4892,-0.0035211267605633756
2024-12-30,2830,2835,2710,2740,11904,-0.03180212014134276
2025-01-02,2730,2830,2730,2790,21877,0.018248175182481674
2025-01-03,2750,2860,2750,2790,8012,0.0
2025-01-06,2805,2895,2790,2800,13011,0.0035842293906809264
2025-01-07,2830,2915,2830,2860,11574,0.021428571428571352
2025-01-08,2990,3100,2930,3000,170564,0.04895104895104896
2025-01-09,3000,3050,2905,2955,25013,-0.015000000000000013
2025-01-10,2955,2980,2890,2890,14596,-0.021996615905245376
2025-01-13,2890,2930,2745,2785,36403,-0.03633217993079585
2025-01-14,2810,2990,2805,2950,50217,0.05924596050269293
2025-01-15,2955,2990,2865,2865,27332,-0.028813559322033888
2025-01-16,2890,2900,2860,2865,4654,0.0
2025-01-17,2880,2890,2840,2865,19112,0.0
2025-01-20,2850,3080,2765,2855,38029,-0.003490401396160525
2025-01-21,2855,2975,2855,2900,8470,0.015761821366024442
2025-01-22,2870,2930,2850,2880,1855,-0.006896551724137945
2025-01-23,2875,2880,2705,2770,21152,-0.03819444444444442
2025-01-24,2770,3045,2700,2740,76885,-0.010830324909747335
2025-01-31,2795,2980,2795,2970,82680,0.08394160583941601
2025-02-03,2950,2990,2805,2990,61238,0.006734006734006703
2025-02-04,2955,3045,2955,2995,58747,0.0016722408026756952
2025-02-05,3010,3200,2905,3125,103837,0.04340567612687818
2025-02-06,3125,3200,3125,3160,38355,0.011200000000000099
2025-02-07,3135,3195,3090,3170,23790,0.0031645569620253333
2025-02-10,3170,3200,3045,3135,31031,-0.01104100946372244
2025-02-11,3110,3135,3010,3010,48748,-0.03987240829346095
2025-02-12,3000,3120,2960,3060,16037,0.01661129568106312
2025-02-13,3050,3120,3005,3035,28405,-0.008169934640522847
2025-02-14,3030,3105,3010,3010,44312,-0.008237232289950547
2025-02-17,3010,3055,2970,3035,14005,0.008305647840531671
2025-02-18,3035,3035,2950,3010,19644,-0.008237232289950547
2025-02-19,3010,3160,2985,3100,39315,0.029900332225913706
2025-02-20,3085,3280,3075,3220,49506,0.03870967741935494
2025-02-21,3230,3325,3185,3275,46468,0.017080745341614856
2025-02-24,3195,3340,3115,3305,44479,0.009160305343511421
2025-02-25,3285,3425,3225,3385,66065,0.024205748865355536
2025-02-26,3385,3550,3255,3425,117675,0.011816838995568624
2025-02-27,3420,3465,3325,3325,14123,-0.029197080291970767
2025-02-28,3315,3330,3200,3240,26050,-0.025563909774436122
2025-03-04,3240,3255,3200,3250,7688,0.0030864197530864335
2025-03-05,3235,3440,3235,3360,38594,0.03384615384615386
2025-03-06,3400,3435,3245,3245,28231,-0.034226190476190466
2025-03-07,3270,3300,3210,3245,18138,0.0
2025-03-10,3245,3245,3120,3130,27538,-0.035439137134052334
2025-03-11,3110,3125,3055,3105,8909,-0.007987220447284393
2025-03-12,3085,3490,3080,3290,52371,0.05958132045088571
2025-03-13,3385,3385,3255,3325,23527,0.010638297872340496
2025-03-14,3350,3350,3260,3330,11799,0.0015037593984963404
2025-03-17,3350,3360,3250,3295,10642,-0.010510510510510551
2025-03-18,3285,3330,3275,3295,9798,0.0
2025-03-19,3255,3315,3255,3285,12627,-0.003034901365705611
2025-03-20,3250,3300,3235,3260,15445,-0.007610350076103556
2025-03-21,3235,3320,3200,3300,22541,0.012269938650306678
2025-03-24,3330,3330,3150,3235,12203,-0.019696969696969657
2025-03-25,3240,3305,3240,3290,9907,0.01700154559505407
2025-03-26,3290,3390,3265,3325,9621,0.010638297872340496
2025-03-27,3335,3400,3200,3320,20232,-0.0015037593984962294
2025-03-28,3280,3320,3240,3315,11350,-0.001506024096385561
2025-03-31,3275,3305,3150,3240,25817,-0.022624434389140302
2025-04-01,3240,3325,3115,3215,29260,-0.007716049382716084
2025-04-02,3230,3230,3065,3125,32335,-0.027993779160186638
2025-04-03,3100,3175,3055,3175,13700,0.016000000000000014
2025-04-04,3055,3170,3030,3030,16464,-0.04566929133858266
2025-04-07,2950,3225,2885,3025,25275,-0.0016501650165016146
2025-04-08,3020,3020,2920,2985,25563,-0.013223140495867813
2025-04-09,2985,3080,2900,2970,18752,-0.005025125628140725
2025-04-10,3000,3150,3000,3140,18530,0.05723905723905731
2025-04-11,3140,3140,3040,3075,16853,-0.02070063694267521
2025-04-14,3100,3190,3035,3080,15945,0.001626016260162677
2025-04-15,3080,3165,3050,3130,16054,0.016233766233766156
2025-04-16,3130,3320,3100,3250,33618,0.03833865814696491
2025-04-17,3250,3310,3145,3165,36351,-0.026153846153846194
2025-04-18,3200,3300,3120,3285,27983,0.03791469194312791
2025-04-21,3245,3330,3190,3275,8928,-0.0030441400304414
2025-04-22,3250,3320,3125,3320,18041,0.013740458015267132
2025-04-23,3315,3350,3260,3275,29293,-0.013554216867469826
2025-04-24,3275,3295,3240,3265,4775,-0.003053435114503844
2025-04-25,3285,3345,3100,3285,38956,0.006125574272588086
2025-04-28,3285,3325,3240,3265,12818,-0.0060882800608828
2025-04-29,3265,3295,3205,3275,11387,0.003062787136294043
2025-04-30,3235,3500,3235,3250,36852,-0.007633587786259555
2025-05-02,3250,3350,3250,3280,5553,0.009230769230769154
2025-05-07,3280,3315,3240,3265,10885,-0.004573170731707266
2025-05-08,3230,3275,3210,3250,8230,-0.004594180704441064
2025-05-09,3250,3340,3220,3280,15922,0.009230769230769154
2025-05-12,3290,3340,3220,3235,11710,-0.013719512195121908
2025-05-13,3265,3390,3205,3225,21840,-0.0030911901081916993
2025-05-14,3265,3300,3195,3265,17811,0.01240310077519391
2025-05-15,3235,3360,3235,3290,17719,0.007656967840734996
2025-05-16,3265,3370,3265,3335,33583,0.013677811550151908
2025-05-19,3320,3380,3285,3335,32213,0.0
2025-05-20,3335,3335,3260,3275,21767,-0.01799100449775115
2025-05-21,3300,3300,3185,3250,30375,-0.007633587786259555
2025-05-22,3250,3250,3160,3190,15450,-0.018461538461538418
2025-05-23,3225,3230,3150,3190,11582,0.0
2025-05-26,3190,3190,3130,3185,11464,-0.0015673981191222097
2025-05-27,3180,3240,3175,3210,14484,0.007849293563579218
2025-05-28,3230,3265,3180,3235,16586,0.007788161993769416
2025-05-29,3200,3290,3200,3270,15927,0.010819165378670892
2025-05-30,3290,3290,3235,3275,12409,0.001529051987767538
2025-06-02,3295,3295,3180,3245,19073,-0.009160305343511421
2025-06-04,3270,3290,3200,3215,19317,-0.009244992295839749
2025-06-05,3230,3250,3185,3210,24277,-0.0015552099533436836
2025-06-09,3210,3265,3190,3220,14700,0.0031152647975076775
2025-06-10,3250,3280,3200,3225,13604,0.0015527950310558758
2025-06-11,3225,3325,3210,3320,76153,0.029457364341085368
2025-06-12,3320,3425,3290,3295,118737,-0.0075301204819276935
2025-06-13,3295,3295,3180,3260,18759,-0.01062215477996964
2025-06-16,3260,3260,3190,3235,32020,-0.0076687116564416735
2025-06-17,3295,3295,3185,3235,40553,0.0
2025-06-18,3275,3275,3150,3190,31449,-0.01391035548686248
2025-06-19,3200,3205,3145,3170,19188,-0.006269592476489061
2025-06-20,3170,3200,3150,3180,51063,0.003154574132492094
2025-06-23,3185,3195,3055,3145,20878,-0.011006289308176154
2025-06-24,3145,3165,3040,3060,82659,-0.027027027027026973
2025-06-25,3025,3070,3000,3025,80277,-0.011437908496731986
2025-06-26,3070,3070,2935,2965,107405,-0.01983471074380161
2025-06-27,2990,3050,2965,3005,30551,0.013490725126475533
2025-06-30,3005,3080,2985,3035,26643,0.009983361064891838
2025-07-01,3115,3115,3035,3080,10840,0.014827018121911006
2025-07-02,3095,3095,3035,3095,9263,0.004870129870129913
2025-07-03,3065,3135,3055,3125,9367,0.009693053311793154
2025-07-04,3125,3210,3120,3190,43044,0.02079999999999993
2025-07-07,3190,3275,3150,3210,21638,0.006269592476489061
2025-07-08,3175,3275,3175,3245,16933,0.010903426791277315
2025-07-09,3250,3305,3000,3210,45775,-0.01078582434514641
2025-07-10,3210,3280,3205,3230,9992,0.006230529595015577
2025-07-11,3250,3290,3155,3205,8487,-0.007739938080495334
2025-07-14,3205,3205,3135,3195,8874,-0.0031201248049922414
2025-07-15,3195,3195,3095,3180,15292,-0.0046948356807511304
2025-07-16,3175,3175,3140,3145,4595,-0.011006289308176154
2025-07-17,3125,3190,3110,3180,7101,0.0111287758346581
2025-07-18,3190,3680,3130,3450,997177,0.08490566037735858
2025-07-21,3455,4360,3455,3900,4218354,0.13043478260869557
2025-07-22,3990,4000,3775,3880,522027,-0.00512820512820511
2025-07-23,3860,4100,3705,3860,361369,-0.005154639175257714
2025-07-24,3860,4050,3795,3930,230526,0.0181347150259068
2025-07-25,3930,4260,3905,4170,359306,0.06106870229007644
2025-07-28,4130,4130,3755,3770,285839,-0.09592326139088725
2025-07-29,3830,3850,3675,3735,116789,-0.009283819628647216
2025-07-30,3700,3970,3700,3890,85354,0.041499330655957234
2025-07-31,3890,4275,3890,4020,204654,0.033419023136246784
2025-08-01,4020,4050,3750,3940,100373,-0.01990049751243783
2025-08-04,3920,3940,3780,3855,49203,-0.021573604060913687
2025-08-05,3870,3950,3705,3850,64125,-0.0012970168612191912
2025-08-06,3805,4075,3800,3965,77284,0.029870129870129825
2025-08-07,3935,4190,3835,3945,72207,-0.0050441361916772065
2025-08-08,3965,4005,3865,3905,31822,-0.010139416983523497
2025-08-11,3920,4200,3910,3995,116524,0.023047375160051287
2025-08-12,4000,4000,3805,3925,91532,-0.017521902377972465
2025-08-13,3925,4095,3925,3970,78630,0.01146496815286624
2025-08-14,3970,4070,3925,3960,34978,-0.0025188916876573986
2025-08-18,3930,4040,3870,3960,87899,0.0
2025-08-19,3965,4245,3870,4200,265771,0.06060606060606055
2025-08-20,4205,4285,4040,4280,130529,0.01904761904761898
2025-08-21,4350,4670,4235,4600,458982,0.07476635514018692
2025-08-22,4540,4755,4205,4400,274629,-0.04347826086956519
2025-08-25,4425,4800,4425,4750,304003,0.07954545454545459
2025-08-26,4750,4895,4575,4630,165047,-0.025263157894736876
2025-08-27,4635,4690,4510,4550,82397,-0.017278617710583144
2025-08-28,4505,5210,4505,5190,480866,0.1406593406593406
2025-08-29,5140,5140,4780,4900,251685,-0.055876685934489356
2025-09-01,4810,5100,4620,5050,125846,0.030612244897959107
2025-09-02,5000,5150,4800,4965,79850,-0.016831683168316847
2025-09-03,4965,4975,4805,4890,60193,-0.015105740181268867
2025-09-04,4900,5710,4830,5490,407535,0.12269938650306744
2025-09-05,5630,5630,5080,5220,183519,-0.049180327868852514
2025-09-08,5220,5320,5160,5230,59886,0.0019157088122605526
2025-09-09,5310,5310,5040,5250,95878,0.003824091778202643
2025-09-10,5400,6110,5340,5950,586334,0.1333333333333333
2025-09-11,5980,6300,5770,5940,137515,-0.001680672268907557
2025-09-12,5890,5950,5710,5810,109948,-0.02188552188552184
2025-09-15,5810,5900,5620,5720,94478,-0.015490533562822706
2025-09-16,5790,5790,5140,5300,343864,-0.07342657342657344
2025-09-17,5300,5370,5210,5250,57716,-0.009433962264150941
2025-09-18,5220,5490,4915,5090,154356,-0.030476190476190435
2025-09-19,5090,5170,4870,4995,88314,-0.018664047151277008
2025-09-22,4995,4995,4595,4645,312728,-0.07007007007007005
2025-09-23,4765,4765,4500,4560,136396,-0.01829924650161463
2025-09-24,4670,4735,4560,4670,62288,0.02412280701754388
2025-09-25,4720,4895,4650,4765,96899,0.020342612419700146
2025-09-26,4885,4885,4515,4650,72159,-0.02413431269674715
2025-09-29,4770,4950,4645,4820,54733,0.03655913978494629
2025-09-30,4920,4920,4665,4680,44315,-0.02904564315352698
2025-10-01,4800,4970,4715,4715,60115,0.007478632478632452
2025-10-02,4715,4810,4550,4675,40242,-0.008483563096500557
2025-10-10,4675,4930,4675,4700,41547,0.005347593582887722
2025-10-13,4820,4820,4560,4700,67654,0.0
2025-10-14,4610,4950,4610,4790,77037,0.01914893617021285
2025-10-15,4865,4880,4715,4840,55812,0.010438413361169019
2025-10-16,4895,4900,4610,4840,74535,0.0
2025-10-17,4840,4855,4650,4655,59749,-0.038223140495867725
2025-10-20,4660,4995,4655,4700,114693,0.009667024704618665
2025-10-21,4725,4815,4260,4365,189008,-0.07127659574468082
2025-10-22,4365,4455,4290,4315,70426,-0.01145475372279492
2025-10-23,4400,4420,4300,4395,28225,0.018539976825028948
2025-10-24,4480,4700,4355,4680,48679,0.06484641638225264
2025-10-27,4680,4800,4565,4655,79899,-0.005341880341880323
2025-10-28,4680,4860,4455,4800,83138,0.031149301825993625
2025-10-29,4760,4880,4670,4680,36677,-0.025000000000000022
2025-10-30,4730,4730,4445,4490,58002,-0.040598290598290565
2025-10-31,4545,4545,4385,4525,27812,0.007795100222717233
2025-11-03,4570,4570,4165,4230,128406,-0.06519337016574589
2025-11-04,4195,4990,4195,4820,210602,0.13947990543735234
2025-11-05,4795,4930,4460,4830,179065,0.0020746887966804906
2025-11-06,4935,5420,4770,5400,266943,0.11801242236024834
2025-11-07,5350,5670,4955,5200,179049,-0.03703703703703709
2025-11-10,5300,5490,4920,5260,124876,0.011538461538461497
2025-11-11,5170,5400,4960,4980,69311,-0.05323193916349811
2025-11-12,5040,5190,4950,5070,63633,0.01807228915662651
2025-11-13,5090,5150,4900,5100,66763,0.00591715976331364
2025-11-14,5050,5060,4830,4895,37715,-0.04019607843137252
2025-11-17,4985,5350,4860,5350,81287,0.09295199182839631
2025-11-18,5300,5350,4940,5020,64705,-0.06168224299065417
2025-11-19,4980,5090,4835,5070,33775,0.009960159362549792
2025-11-20,5260,6200,5220,5910,883867,0.16568047337278102
2025-11-21,5800,6060,5620,5800,190974,-0.0186125211505922
2025-11-24,5830,6100,5480,5620,355412,-0.03103448275862064
2025-11-25,5620,5740,5350,5600,103050,-0.003558718861209953
2025-11-26,5680,5880,5550,5770,133118,0.03035714285714275
2025-11-27,5860,5900,5610,5720,111832,-0.008665511265164683
2025-11-28,5720,5750,5500,5630,76808,-0.01573426573426573
2025-12-01,5630,5840,5490,5600,74839,-0.005328596802841923
2025-12-02,5520,5670,5520,5650,49201,0.008928571428571397
2025-12-03,5810,5960,5660,5730,81435,0.014159292035398341
2025-12-04,5790,5790,5620,5750,61200,0.003490401396160525
2025-12-05,5750,5760,5500,5630,54404,-0.02086956521739125
2025-12-08,5630,5720,5540,5710,55941,0.014209591474245054
2025-12-09,5710,6020,5600,5850,131621,0.024518388791593626
