Date,Open,High,Low,Close,Volume,Change
2022-01-03,12700,13400,11850,11950,4134685,0.00843881856540074
2022-01-04,11900,12900,11850,12450,2289109,0.04184100418410042
2022-01-05,12500,12700,12250,12300,794157,-0.012048192771084376
2022-01-06,12000,13200,12000,13200,2627099,0.07317073170731714
2022-01-07,13800,13800,12300,12500,2447438,-0.05303030303030298
2022-01-10,12300,12400,11400,11600,1059865,-0.07199999999999995
2022-01-11,11750,12150,11250,11250,1375815,-0.030172413793103425
2022-01-12,11250,11450,11100,11300,438845,0.004444444444444473
2022-01-13,11150,11300,11000,11050,411356,-0.02212389380530977
2022-01-14,10850,11750,10850,11700,986082,0.05882352941176472
2022-01-17,12250,13300,11900,11900,4919859,0.017094017094017033
2022-01-18,11700,11950,11350,11500,814902,-0.03361344537815125
2022-01-19,11250,11500,10900,11000,655651,-0.04347826086956519
2022-01-20,11200,11600,11100,11300,573764,0.027272727272727337
2022-01-21,11100,12200,11050,12100,1725328,0.07079646017699126
2022-01-24,11800,12100,11250,11300,837529,-0.06611570247933884
2022-01-25,11400,11450,10150,10300,854949,-0.08849557522123896
2022-01-26,10200,10650,10100,10150,506819,-0.014563106796116498
2022-01-27,10150,10250,9670,9700,544582,-0.044334975369458074
2022-01-28,9740,11350,9600,10850,1575995,0.11855670103092786
2022-02-03,10900,11950,10650,11950,1415727,0.10138248847926268
2022-02-04,11600,12200,11400,11950,1291170,0.0
2022-02-07,11850,12400,11450,11650,789527,-0.025104602510460206
2022-02-08,11700,12000,11150,11300,634617,-0.030042918454935674
2022-02-09,11450,11600,11300,11400,251554,0.008849557522123908
2022-02-10,11500,11500,11250,11250,170198,-0.013157894736842146
2022-02-11,11050,11350,10900,11050,251691,-0.01777777777777778
2022-02-14,10700,10850,10000,10150,533026,-0.08144796380090502
2022-02-15,10100,10400,9740,9840,501646,-0.030541871921182295
2022-02-16,10200,10400,10150,10300,286951,0.04674796747967469
2022-02-17,10350,10550,9870,10100,475525,-0.01941747572815533
2022-02-18,9980,10750,9930,10550,754508,0.044554455445544594
2022-02-21,10300,10700,10250,10700,341142,0.014218009478673022
2022-02-22,10300,10500,10100,10150,341915,-0.051401869158878455
2022-02-23,10250,10450,10150,10300,220470,0.014778325123152802
2022-02-24,10100,10300,9800,9850,405631,-0.043689320388349495
2022-02-25,10150,10200,9990,10100,270029,0.025380710659898442
2022-02-28,10100,10450,10050,10350,272053,0.024752475247524774
2022-03-02,10250,10600,10200,10550,228927,0.019323671497584627
2022-03-03,10500,11150,10450,10950,956099,0.03791469194312791
2022-03-04,10900,11050,10750,10850,342692,-0.0091324200913242
2022-03-07,10700,11300,10700,11200,757148,0.032258064516129004
2022-03-08,10950,11100,10750,10750,480670,-0.0401785714285714
2022-03-10,11150,12250,10800,11600,2866416,0.07906976744186056
2022-03-11,11500,13050,11500,12350,7333969,0.06465517241379315
2022-03-14,12600,12750,12100,12350,1501564,0.0
2022-03-15,12550,12650,11950,12000,938500,-0.028340080971659964
2022-03-16,12100,13000,11900,12600,3379753,0.050000000000000044
2022-03-17,12700,13000,12400,13000,1589055,0.031746031746031855
2022-03-18,12750,12800,12300,12400,974569,-0.0461538461538461
2022-03-21,12450,12750,12100,12250,730378,-0.012096774193548376
2022-03-22,12250,12400,12000,12300,409531,0.004081632653061273
2022-03-23,12400,12700,12150,12500,717930,0.016260162601626105
2022-03-24,12400,13150,12250,12700,1770973,0.016000000000000014
2022-03-25,12850,13000,12550,12650,763944,-0.003937007874015741
2022-03-28,12800,13300,12600,12650,1210478,0.0
2022-03-29,12750,12950,12550,12700,527056,0.0039525691699604515
2022-03-30,12750,12800,12050,12200,552760,-0.03937007874015752
2022-03-31,12200,12400,12050,12250,209900,0.004098360655737654
2022-04-01,12200,12200,11900,11900,315997,-0.02857142857142858
2022-04-04,11800,12100,11750,11900,264890,0.0
2022-04-05,11950,12000,11650,11700,218075,-0.01680672268907568
2022-04-06,11600,11750,11500,11500,193130,-0.017094017094017144
2022-04-07,11300,11400,11050,11100,273850,-0.034782608695652195
2022-04-08,11150,11800,10850,11600,471849,0.04504504504504503
2022-04-11,11450,11700,11300,11350,137094,-0.02155172413793105
2022-04-12,11150,11450,11100,11200,154730,-0.013215859030836996
2022-04-13,11200,11550,11050,11500,180871,0.02678571428571419
2022-04-14,11500,11650,11400,11600,104155,0.008695652173912993
2022-04-15,11500,12100,11400,11800,601583,0.01724137931034475
2022-04-18,11750,11950,11600,11750,190919,-0.004237288135593209
2022-04-19,11800,11800,11550,11650,132037,-0.008510638297872353
2022-04-20,11700,11700,11400,11400,135686,-0.02145922746781115
2022-04-21,11450,12100,11300,12050,429436,0.05701754385964919
2022-04-22,12100,12300,11900,12000,351583,-0.004149377593360981
2022-04-25,11850,12300,11800,11850,371195,-0.012499999999999956
2022-04-26,12000,12350,11850,12300,535903,0.03797468354430378
2022-04-27,11900,12250,11900,12000,332681,-0.024390243902439046
2022-04-28,12450,12600,12150,12250,598038,0.02083333333333326
2022-04-29,12450,12600,12300,12400,414415,0.012244897959183598
2022-05-02,12150,12600,12100,12400,332297,0.0
2022-05-03,12400,12500,12050,12050,306443,-0.028225806451612878
2022-05-04,12100,12250,11900,11950,198518,-0.008298755186721962
2022-05-06,11700,12100,11650,11950,144411,0.0
2022-05-09,11850,12050,11250,11350,267970,-0.05020920502092052
2022-05-10,11000,11650,10800,11550,208906,0.017621145374449254
2022-05-11,11550,11650,11250,11350,114549,-0.017316017316017285
2022-05-12,11150,11400,10700,10700,224009,-0.05726872246696035
2022-05-13,10800,10900,10650,10800,130650,0.009345794392523255
2022-05-16,10900,11100,10750,10800,122182,0.0
2022-05-17,10800,11200,10800,11100,154893,0.02777777777777768
2022-05-18,11200,11250,10900,11050,106354,-0.0045045045045044585
2022-05-19,10650,10750,10600,10700,161715,-0.03167420814479638
2022-05-20,10750,10950,10750,10800,111583,0.009345794392523255
2022-05-23,10900,10900,10300,10450,283718,-0.03240740740740744
2022-05-24,10450,10600,10150,10150,198274,-0.028708133971291905
2022-05-25,10150,10300,10050,10150,144006,0.0
2022-05-26,10250,10350,10100,10150,142383,0.0
2022-05-27,10200,10300,10100,10200,84383,0.0049261083743843415
2022-05-30,10350,10450,10250,10350,96074,0.014705882352941124
2022-05-31,10350,10500,10350,10500,116125,0.01449275362318847
2022-06-02,10450,10600,10100,10300,129344,-0.01904761904761909
2022-06-03,10400,10450,10250,10400,77807,0.009708737864077666
2022-06-07,10350,10400,10050,10100,108329,-0.028846153846153855
2022-06-08,10100,10300,10050,10100,104592,0.0
2022-06-09,10100,10150,9970,10000,150861,-0.00990099009900991
2022-06-10,9950,10150,9950,10000,94671,0.0
2022-06-13,9800,9880,9370,9370,256448,-0.06299999999999994
2022-06-14,9060,9340,9010,9200,181768,-0.018143009605122717
2022-06-15,9120,9250,8660,8710,221388,-0.05326086956521736
2022-06-16,8900,9090,8660,8700,101059,-0.0011481056257175437
2022-06-17,8350,8840,8260,8830,225409,0.014942528735632177
2022-06-20,8850,8860,8030,8100,237242,-0.08267270668176674
2022-06-21,8120,8550,8020,8400,201505,0.03703703703703698
2022-06-22,8360,8610,7900,7900,182158,-0.059523809523809534
2022-06-23,7860,8000,7320,7320,267317,-0.07341772151898729
2022-06-24,7200,7860,7200,7790,191522,0.06420765027322406
2022-06-27,7850,8150,7790,8100,134591,0.03979460847240057
2022-06-28,8100,8880,8100,8390,839674,0.03580246913580254
2022-06-29,8240,8570,8230,8430,205127,0.004767580452920139
2022-06-30,8410,9800,8270,8790,3071713,0.04270462633451966
2022-07-01,8900,9270,8700,8730,900519,-0.0068259385665528916
2022-07-04,9000,9000,8120,8220,338758,-0.05841924398625431
2022-07-05,8280,9340,8280,8720,889163,0.06082725060827254
2022-07-06,8720,8870,8410,8420,198080,-0.0344036697247706
2022-07-07,8480,8560,8380,8520,120166,0.01187648456057011
2022-07-08,8650,8840,8610,8650,157495,0.015258215962441257
2022-07-11,8610,8730,8510,8580,84354,-0.008092485549133
2022-07-12,8440,8570,8150,8190,145326,-0.045454545454545414
2022-07-13,8120,8270,8020,8200,95940,0.0012210012210012167
2022-07-14,8100,8270,8070,8230,49143,0.003658536585365857
2022-07-15,8190,8300,8010,8220,85666,-0.0012150668286755595
2022-07-18,8250,8420,8220,8410,97198,0.02311435523114347
2022-07-19,8400,8690,8380,8640,127804,0.027348394768133222
2022-07-20,8700,8820,8690,8810,103903,0.01967592592592582
2022-07-21,8950,8960,8720,8760,73179,-0.005675368898978461
2022-07-22,8760,8940,8700,8860,123742,0.011415525114155223
2022-07-25,8860,9050,8710,9020,120809,0.018058690744920947
2022-07-26,8900,9070,8900,8940,101210,-0.008869179600886956
2022-07-27,8940,8970,8810,8940,45570,0.0
2022-07-28,9000,9080,8860,8860,68359,-0.008948545861297563
2022-07-29,8910,9020,8880,8910,81649,0.0056433408577878375
2022-08-01,9040,9450,9040,9160,365742,0.02805836139169471
2022-08-02,9210,9450,9130,9330,175224,0.018558951965065518
2022-08-03,9260,9400,9230,9360,106509,0.003215434083601254
2022-08-04,9470,9470,9270,9350,81473,-0.0010683760683760646
2022-08-05,9400,9670,9380,9580,205033,0.024598930481283476
2022-08-08,9600,9730,9450,9680,94843,0.010438413361169019
2022-08-09,10350,11350,9890,10050,3400409,0.038223140495867725
2022-08-10,10050,11050,9950,10700,2804642,0.06467661691542292
2022-08-11,11800,12150,10850,10900,5853172,0.01869158878504673
2022-08-12,10900,11250,10850,10950,891358,0.004587155963302836
2022-08-16,10900,11050,10350,10350,773827,-0.0547945205479452
2022-08-17,10100,10350,10100,10250,363175,-0.009661835748792313
2022-08-18,10100,10200,10000,10050,228488,-0.019512195121951237
2022-08-19,10000,10300,9900,9900,302395,-0.014925373134328401
2022-08-22,9750,9840,9570,9650,281552,-0.025252525252525304
2022-08-23,9610,9940,9570,9850,425746,0.020725388601036343
2022-08-24,10500,10600,10000,10050,749344,0.020304568527918843
2022-08-25,10100,10300,10050,10100,223783,0.004975124378109541
2022-08-26,10200,10550,10100,10550,649214,0.044554455445544594
2022-08-29,10200,10400,10100,10200,321994,-0.033175355450236976
2022-08-30,10200,10750,10200,10700,538728,0.0490196078431373
2022-08-31,10550,10950,10400,10950,488269,0.02336448598130847
2022-09-01,10850,11000,10600,10650,413916,-0.0273972602739726
2022-09-02,10850,11200,10800,11200,865283,0.05164319248826299
2022-09-05,11400,11500,10550,10650,887745,-0.049107142857142905
2022-09-06,10300,10400,10050,10100,389381,-0.05164319248826288
2022-09-07,10150,10150,9750,9910,303959,-0.01881188118811883
2022-09-08,9910,10100,9850,9970,132274,0.006054490413723412
2022-09-13,10300,10400,10100,10150,174114,0.01805416248746239
2022-09-14,9810,10250,9800,10100,169845,-0.0049261083743842304
2022-09-15,10200,10200,10000,10000,108290,-0.00990099009900991
2022-09-16,9970,10100,9660,9730,169750,-0.027000000000000024
2022-09-19,9990,10000,9600,9600,124162,-0.01336073997944498
2022-09-20,9680,9770,9620,9690,74330,0.009374999999999911
2022-09-21,9590,9720,9410,9480,100186,-0.021671826625387025
2022-09-22,9270,9390,9100,9390,144479,-0.009493670886076
2022-09-23,9340,9370,9010,9060,105190,-0.03514376996805113
2022-09-26,8710,8880,8400,8480,249744,-0.0640176600441501
2022-09-27,8400,8650,8200,8470,163653,-0.001179245283018826
2022-09-28,8440,8600,7980,8030,176264,-0.051948051948051965
2022-09-29,8250,8490,7850,7850,277230,-0.02241594022415938
2022-09-30,7790,7990,7650,7880,154725,0.003821656050955413
2022-10-04,7930,8070,7910,8070,118030,0.024111675126903487
2022-10-05,8170,8250,7900,7930,135282,-0.01734820322180919
2022-10-06,8090,9650,7940,8610,2264412,0.08575031525851196
2022-10-07,8500,8540,8340,8440,161661,-0.019744483159117254
2022-10-11,8370,8390,7850,7860,194105,-0.06872037914691942
2022-10-12,7900,8030,7760,7860,96566,0.0
2022-10-13,7860,7880,7410,7410,137429,-0.057251908396946605
2022-10-14,7650,7850,7610,7790,96154,0.05128205128205132
2022-10-17,7800,7900,7610,7850,95843,0.007702182284980763
2022-10-18,7940,8100,7850,8050,126456,0.02547770700636942
2022-10-19,8120,8150,7880,7880,115696,-0.02111801242236022
2022-10-20,7840,8170,7840,7980,77340,0.012690355329949332
2022-10-21,8030,8140,7890,7890,88875,-0.011278195488721776
2022-10-24,7990,8200,7960,7980,130715,0.011406844106463865
2022-10-25,7940,8240,7830,7960,200391,-0.0025062656641604564
2022-10-26,7980,8150,7900,7940,89403,-0.002512562814070307
2022-10-27,7970,9100,7950,8390,1803192,0.0566750629722923
2022-10-28,8530,8530,8250,8260,299323,-0.015494636471990453
2022-10-31,8420,8670,8240,8270,351293,0.001210653753026536
2022-11-01,8320,8560,8250,8490,186916,0.026602176541717037
2022-11-02,8700,8700,8330,8440,137289,-0.005889281507656108
2022-11-03,8240,8980,8170,8700,511395,0.0308056872037914
2022-11-04,8680,9040,8520,8860,377227,0.01839080459770126
2022-11-07,8860,8980,8780,8880,151883,0.0022573363431150906
2022-11-08,8920,9230,8880,9040,423259,0.018018018018018056
2022-11-09,9050,9100,8830,8880,148346,-0.017699115044247815
2022-11-10,8750,8910,8650,8850,86074,-0.0033783783783783994
2022-11-11,9090,9090,8860,8990,193693,0.01581920903954792
2022-11-14,8970,9090,8930,8970,108203,-0.0022246941045606095
2022-11-15,8950,9850,8950,9330,1050130,0.04013377926421402
2022-11-16,9430,9690,9240,9380,442114,0.005359056806002238
2022-11-17,9380,9940,9060,9530,952887,0.015991471215351716
2022-11-18,9580,9780,9400,9400,299384,-0.01364113326337879
2022-11-21,9400,9420,9090,9090,139468,-0.03297872340425534
2022-11-22,9000,9320,8990,9230,101524,0.015401540154015292
2022-11-23,9340,9340,9180,9200,64981,-0.00325027085590468
2022-11-24,9280,9530,9270,9370,128362,0.018478260869565277
2022-11-25,9370,9420,9270,9420,56147,0.005336179295624355
2022-11-28,9410,9410,9110,9120,115812,-0.031847133757961776
2022-11-29,9000,9330,9000,9300,99542,0.019736842105263053
2022-11-30,9300,9380,9200,9280,62055,-0.0021505376344086446
2022-12-01,9400,9970,9290,9510,1177475,0.024784482758620774
2022-12-02,9550,9680,9390,9430,192288,-0.008412197686645584
2022-12-05,9410,9480,9220,9240,90261,-0.020148462354188768
2022-12-06,9100,9180,8980,9030,106753,-0.022727272727272707
2022-12-07,8900,9030,8850,8920,98783,-0.01218161683277963
2022-12-08,8940,8940,8740,8770,87583,-0.01681614349775784
2022-12-09,8770,8840,8650,8820,104197,0.005701254275940704
2022-12-12,8730,8770,8510,8520,166533,-0.03401360544217691
2022-12-13,8560,8590,8320,8380,77556,-0.016431924882629123
2022-12-14,8430,8520,8400,8460,52919,0.009546539379474916
2022-12-15,8490,8510,8300,8310,65057,-0.01773049645390068
2022-12-16,8150,8240,8100,8170,55535,-0.016847172081829176
2022-12-19,8140,8290,8120,8200,40567,0.003671970624234966
2022-12-20,8130,8260,7950,8000,74203,-0.024390243902439046
2022-12-21,8010,8100,7890,8030,70304,0.00374999999999992
2022-12-22,8080,8080,8010,8030,42212,0.0
2022-12-23,7950,8010,7700,7740,84435,-0.03611457036114574
2022-12-26,7650,7760,7600,7610,69207,-0.01679586563307489
2022-12-27,7550,7890,7550,7710,76168,0.013140604467805517
2022-12-28,7650,7850,7620,7790,50694,0.01037613488975353
2022-12-29,7700,7820,7560,7620,72206,-0.02182284980744542
2023-01-02,7670,7720,7410,7500,86575,-0.015748031496062964
2023-01-03,7440,8790,7190,7600,1180884,0.01333333333333342
2023-01-04,7500,7870,7500,7780,133139,0.023684210526315752
2023-01-05,7960,7980,7740,7950,124638,0.02185089974293053
2023-01-06,7870,8190,7820,8020,116080,0.008805031446540879
2023-01-09,8120,8260,8060,8180,91608,0.01995012468827939
2023-01-10,8110,8340,8110,8300,99181,0.014669926650366705
2023-01-11,8380,8420,8270,8290,53678,-0.001204819277108471
2023-01-12,8350,8870,8250,8420,565427,0.01568154402895061
2023-01-13,8430,8560,8380,8420,86217,0.0
2023-01-16,8490,8690,8340,8500,191946,0.009501187648456089
2023-01-17,8610,8610,8280,8300,74725,-0.02352941176470591
2023-01-18,8310,8330,8130,8200,66750,-0.012048192771084376
2023-01-19,8210,8300,8190,8220,32584,0.0024390243902439046
2023-01-20,8300,8500,8190,8470,101123,0.03041362530413627
2023-01-25,8580,8580,8440,8460,67490,-0.0011806375442738881
2023-01-26,8420,8550,8400,8410,72742,-0.005910165484633523
2023-01-27,8480,8600,8430,8440,94513,0.00356718192627814
2023-01-30,8530,8760,8390,8750,197832,0.03672985781990512
2023-01-31,8730,9190,8580,8630,583824,-0.013714285714285679
2023-02-01,8760,8840,8550,8610,127247,-0.002317497103128674
2023-02-02,8730,8810,8620,8650,136035,0.004645760743321681
2023-02-03,8650,8750,8560,8560,91255,-0.010404624277456698
2023-02-06,8550,8700,8370,8570,79020,0.001168224299065379
2023-02-07,8650,8790,8570,8650,113231,0.009334889148191472
2023-02-08,8670,8790,8670,8690,98521,0.0046242774566473965
2023-02-09,8670,8860,8650,8730,112368,0.004602991944764101
2023-02-10,8740,8740,8560,8660,90298,-0.008018327605956443
2023-02-13,8660,8680,8500,8540,77432,-0.01385681293302543
2023-02-14,8500,8630,8450,8480,90878,-0.007025761124121788
2023-02-15,8530,8530,8180,8250,126389,-0.027122641509433998
2023-02-16,8300,8330,8210,8230,66165,-0.00242424242424244
2023-02-17,8220,8310,8180,8220,61729,-0.0012150668286755595
2023-02-20,8330,8460,8230,8450,68306,0.027980535279805263
2023-02-21,8380,8910,8380,8750,268885,0.035502958579881616
2023-02-22,8660,8740,8490,8530,96208,-0.025142857142857133
2023-02-23,8540,8590,8400,8420,58913,-0.01289566236811257
2023-02-24,8470,8470,8190,8220,80271,-0.02375296912114011
2023-02-27,8270,8290,8000,8030,119353,-0.02311435523114358
2023-02-28,8040,8150,8020,8030,48769,0.0
2023-03-02,8000,8130,8000,8050,74016,0.00249066002490661
2023-03-03,8100,8180,8060,8120,31798,0.008695652173912993
2023-03-06,8130,8170,8000,8070,85414,-0.006157635467980316
2023-03-07,8030,8180,8020,8130,56774,0.0074349442379182396
2023-03-08,8040,8040,7940,7960,82558,-0.02091020910209107
2023-03-09,7960,8050,7910,7980,64258,0.002512562814070307
2023-03-10,7980,8060,7850,7900,93295,-0.010025062656641603
2023-03-13,7760,7830,7610,7730,89092,-0.021518987341772156
2023-03-14,7620,7710,7420,7430,97731,-0.03880983182406206
2023-03-15,7470,7960,7470,7940,133752,0.06864064602960962
2023-03-16,7850,7890,7660,7670,58296,-0.03400503778337527
2023-03-17,7680,7800,7600,7760,50758,0.011734028683181297
2023-03-20,7800,7950,7720,7850,60956,0.011597938144329856
2023-03-21,7850,7890,7690,7780,62005,-0.008917197452229297
2023-03-22,7830,7840,7630,7660,68716,-0.015424164524421635
2023-03-23,7620,7780,7500,7540,77475,-0.015665796344647487
2023-03-24,7630,7630,7390,7460,113396,-0.010610079575596787
2023-03-27,7550,7670,7370,7470,129528,0.0013404825737264314
2023-03-28,7520,7680,7520,7660,91457,0.025435073627844806
2023-03-29,7680,7740,7500,7680,70727,0.0026109660574411553
2023-03-30,7680,7820,7570,7790,106236,0.01432291666666674
2023-03-31,7820,7850,7740,7780,62395,-0.0012836970474967568
2023-04-03,7810,8170,7800,8160,232201,0.04884318766066831
2023-04-04,8130,8230,7990,8180,108904,0.002450980392156854
2023-04-05,8180,8180,8010,8090,80193,-0.011002444987775029
2023-04-06,8100,8140,7850,7890,75022,-0.024721878862793534
2023-04-07,8000,8040,7930,7990,47822,0.012674271229404344
2023-04-10,7990,7990,7650,7710,110474,-0.03504380475594493
2023-04-11,7680,7880,7620,7800,70835,0.011673151750972721
2023-04-12,7720,7960,7720,7900,71629,0.012820512820512775
2023-04-13,7930,7960,7760,7910,48603,0.0012658227848101333
2023-04-14,7920,8050,7900,8020,67729,0.013906447534766109
2023-04-17,8050,8810,8020,8700,698237,0.08478802992518708
2023-04-18,8430,8510,8300,8380,238062,-0.0367816091954023
2023-04-19,8300,8530,8300,8420,124882,0.004773269689737569
2023-04-20,8430,8520,8210,8230,128481,-0.0225653206650831
2023-04-21,8230,8320,8040,8170,71471,-0.007290400972053468
2023-04-24,8170,8220,7980,7990,72893,-0.022031823745410017
2023-04-25,7980,8000,7810,7900,81836,-0.01126408010012514
2023-04-26,7820,7940,7790,7800,52969,-0.012658227848101222
2023-04-27,7790,7820,7670,7800,51581,0.0
2023-04-28,7860,7880,7720,7740,61612,-0.007692307692307665
2023-05-02,7740,7920,7660,7880,43167,0.01808785529715773
2023-05-03,7790,7900,7790,7820,34897,-0.0076142131979695105
2023-05-04,7820,7920,7770,7910,64765,0.011508951406649537
2023-05-08,7970,8200,7910,8100,88163,0.02402022756005051
2023-05-09,8000,8140,7930,8020,33746,-0.00987654320987652
2023-05-10,7970,8700,7920,7970,593828,-0.006234413965087282
2023-05-11,8050,8130,8000,8060,82412,0.01129234629861986
2023-05-12,8060,8090,7890,7970,70760,-0.011166253101737023
2023-05-15,7910,8130,7910,8020,72029,0.006273525721455453
2023-05-16,7990,8160,7980,8080,66561,0.007481296758104827
2023-05-17,8060,8280,8020,8270,102451,0.023514851485148425
2023-05-18,8330,8330,8150,8210,48898,-0.00725513905683195
2023-05-19,8300,8440,8180,8390,113479,0.02192448233861155
2023-05-22,8390,8680,8310,8520,181960,0.015494636471990564
2023-05-23,8530,8620,8430,8460,84189,-0.007042253521126751
2023-05-24,8440,8790,8310,8490,194424,0.0035460992907800915
2023-05-25,8450,8700,8260,8500,146306,0.0011778563015312216
2023-05-26,8400,8430,8190,8190,88821,-0.036470588235294144
2023-05-30,8230,8260,8120,8140,35429,-0.006105006105006083
2023-05-31,8120,8640,8000,8080,290242,-0.0073710073710073765
2023-06-01,8160,8160,8020,8050,52148,-0.003712871287128716
2023-06-02,8120,8120,8040,8090,37697,0.00496894409937898
2023-06-05,8100,8280,8070,8260,58462,0.021013597033374465
2023-06-07,8310,8310,8190,8190,48268,-0.008474576271186418
2023-06-08,8190,8200,8110,8160,34147,-0.00366300366300365
2023-06-09,8220,8220,8130,8150,31711,-0.001225490196078427
2023-06-12,8110,8350,8100,8210,69859,0.007361963190184007
2023-06-13,9000,9710,8630,8750,4227200,0.06577344701583443
2023-06-14,8810,8820,8520,8570,370005,-0.020571428571428574
2023-06-15,8930,8950,8520,8640,421741,0.008168028004667427
2023-06-16,8660,8920,8620,8900,370511,0.03009259259259256
2023-06-19,8990,9070,8810,9000,376244,0.011235955056179803
2023-06-20,9000,9050,8820,8860,175784,-0.015555555555555545
2023-06-21,8850,9030,8770,8980,196257,0.013544018058690765
2023-06-22,9000,9150,8800,8800,163947,-0.020044543429844075
2023-06-23,8750,8860,8600,8700,119492,-0.011363636363636354
2023-06-26,8730,9060,8730,8890,150468,0.02183908045977012
2023-06-27,8820,8940,8660,8670,104569,-0.02474690663667045
2023-06-28,8740,8770,8510,8650,103156,-0.0023068050749711633
2023-06-29,8610,8710,8370,8550,121954,-0.011560693641618491
2023-06-30,8460,8600,8340,8510,95255,-0.004678362573099393
2023-07-03,8500,8640,8490,8520,59616,0.001175088131609936
2023-07-04,8490,8560,8320,8350,90056,-0.0199530516431925
2023-07-05,8300,8400,8130,8160,125316,-0.022754491017964118
2023-07-06,8170,8170,7840,7860,168766,-0.03676470588235292
2023-07-07,7900,8650,7710,7990,359924,0.01653944020356235
2023-07-10,8000,8450,8000,8220,169529,0.028785982478097605
2023-07-11,8220,8330,8160,8290,94170,0.008515815085158085
2023-07-12,8340,8480,8230,8290,88371,0.0
2023-07-13,8330,8410,8290,8370,69012,0.00965018094089265
2023-07-14,8390,8390,8090,8140,83738,-0.027479091995221028
2023-07-17,8490,8910,8350,8590,909424,0.055282555282555323
2023-07-18,8580,8590,8300,8390,182504,-0.023282887077997638
2023-07-19,8310,8310,8120,8240,140796,-0.017878426698450522
2023-07-20,8150,8660,8120,8660,347495,0.050970873786407855
2023-07-21,8510,8510,8270,8300,111665,-0.04157043879907618
2023-07-24,8390,8390,7890,7910,199577,-0.04698795180722892
2023-07-25,7950,8000,7720,7730,158176,-0.022756005056890016
2023-07-26,7660,7730,7100,7240,330386,-0.06338939197930138
2023-07-27,7200,7510,7200,7470,90534,0.03176795580110503
2023-07-28,7190,7650,7190,7520,100405,0.006693440428380271
2023-07-31,7520,7730,7450,7730,56701,0.027925531914893664
2023-08-01,7770,7850,7670,7680,78378,-0.0064683053040103244
2023-08-02,7650,7830,7630,7730,73162,0.006510416666666741
2023-08-03,7680,7770,7490,7530,68225,-0.02587322121604141
2023-08-04,7430,7580,7430,7520,34286,-0.0013280212483399723
2023-08-07,7500,7530,7340,7460,55957,-0.007978723404255317
2023-08-08,7460,7550,7370,7450,73209,-0.0013404825737265424
2023-08-09,7450,7870,7420,7850,134082,0.05369127516778516
2023-08-10,7930,7950,7610,7680,96458,-0.021656050955414008
2023-08-11,7650,7740,7600,7620,79411,-0.0078125
2023-08-14,7560,7610,7470,7500,59462,-0.015748031496062964
2023-08-16,7360,7450,7250,7270,71989,-0.03066666666666662
2023-08-17,7150,7240,7060,7180,62660,-0.012379642365887178
2023-08-18,7020,7220,7020,7180,47643,0.0
2023-08-21,7100,7280,7100,7200,40295,0.0027855153203342198
2023-08-22,7140,7250,7140,7170,37531,-0.004166666666666652
2023-08-23,7160,7390,7150,7310,59111,0.019525801952580135
2023-08-24,7350,7390,7270,7280,28386,-0.004103967168262668
2023-08-25,7190,7290,7180,7190,37187,-0.012362637362637319
2023-08-28,7170,7450,7170,7430,54320,0.033379694019471495
2023-08-29,7410,7650,7360,7380,101208,-0.006729475100942128
2023-08-30,7440,7500,7350,7400,33151,0.0027100271002709064
2023-08-31,7400,7470,7340,7380,30409,-0.002702702702702675
2023-09-01,7380,7580,7280,7430,63754,0.006775067750677488
2023-09-04,7390,7550,7350,7400,36301,-0.004037685060565233
2023-09-05,7360,7470,7350,7420,24306,0.002702702702702675
2023-09-06,7400,7610,7350,7590,98870,0.022911051212938016
2023-09-07,7560,7640,7470,7500,56223,-0.011857707509881465
2023-09-08,7460,7610,7410,7480,32240,-0.002666666666666706
2023-09-11,7530,7590,7380,7470,40609,-0.0013368983957219305
2023-09-12,7470,7570,7340,7350,41586,-0.016064257028112428
2023-09-13,7350,7380,7240,7310,52863,-0.0054421768707483276
2023-09-14,7260,7460,7260,7370,44687,0.008207934336525335
2023-09-15,7370,7470,7370,7430,26103,0.008141112618724522
2023-09-18,7450,7540,7400,7410,31302,-0.0026917900403768957
2023-09-19,7450,7490,7310,7350,41231,-0.0080971659919028
2023-09-20,7360,7400,7250,7250,33762,-0.013605442176870763
2023-09-21,7250,7300,7080,7090,57824,-0.022068965517241357
2023-09-22,7030,7150,7020,7060,38508,-0.004231311706629048
2023-09-25,6980,7090,6970,6970,44475,-0.012747875354107596
2023-09-26,7040,7130,6990,6990,37537,0.0028694404591105283
2023-09-27,6920,7140,6900,7130,37422,0.02002861230329045
2023-10-04,7110,7400,7090,7240,90969,0.015427769985974837
2023-10-05,7260,7360,7170,7170,56309,-0.00966850828729282
2023-10-06,7140,7350,7140,7270,32234,0.013947001394700065
2023-10-10,7220,7370,7060,7100,42950,-0.023383768913342484
2023-10-11,7120,8450,7120,7500,1703242,0.05633802816901401
2023-10-12,7600,7730,7510,7620,217990,0.016000000000000014
2023-10-13,7660,7750,7510,7580,136485,-0.005249343832021025
2023-10-16,7520,7690,7480,7660,98341,0.01055408970976246
2023-10-17,7660,7720,7510,7560,86431,-0.01305483028720622
2023-10-18,7530,7670,7480,7510,54924,-0.006613756613756627
2023-10-19,7400,7410,7100,7140,110534,-0.04926764314247667
2023-10-20,7110,7160,6920,7100,60188,-0.0056022408963585235
2023-10-23,7100,7190,6990,7000,48896,-0.014084507042253502
2023-10-24,7010,7280,6910,7270,77938,0.03857142857142848
2023-10-25,7240,7440,7240,7350,54639,0.011004126547455195
2023-10-26,7170,7290,7050,7110,53303,-0.03265306122448974
2023-10-27,7050,7200,7020,7070,33798,-0.005625879043600568
2023-10-30,7030,7190,7030,7110,36253,0.005657708628005631
2023-10-31,7150,7170,7000,7000,35400,-0.015471167369901506
2023-11-01,7070,7230,7070,7190,44499,0.027142857142857135
2023-11-02,7250,7370,7160,7160,99763,-0.004172461752433909
2023-11-03,8420,8530,7700,7720,5034966,0.07821229050279332
2023-11-06,7720,7910,7620,7830,452884,0.014248704663212486
2023-11-07,7830,7950,7730,7780,368893,-0.0063856960408684715
2023-11-08,7740,7870,7510,7590,214624,-0.024421593830334154
2023-11-09,7540,7800,7460,7500,213661,-0.011857707509881465
2023-11-10,7490,7490,7360,7470,90950,-0.0040000000000000036
2023-11-13,7460,7530,7310,7320,96651,-0.02008032128514059
2023-11-14,7290,7800,7290,7580,174932,0.03551912568306004
2023-11-15,7580,7800,7560,7780,166524,0.02638522427440626
2023-11-16,7670,7830,7660,7790,72220,0.0012853470437017567
2023-11-17,7790,7790,7590,7620,69774,-0.02182284980744542
2023-11-20,7590,8040,7520,7890,324370,0.03543307086614167
2023-11-21,7900,8030,7830,7900,141149,0.0012674271229404788
2023-11-22,7900,8380,7860,8130,520381,0.029113924050632844
2023-11-23,8240,8240,7970,8010,201910,-0.014760147601476037
2023-11-24,7950,8480,7910,8230,417503,0.027465667915106184
2023-11-27,8070,8270,8060,8190,191039,-0.004860267314702349
2023-11-28,8160,8220,7900,8120,226736,-0.008547008547008517
2023-11-29,8020,8030,7830,7870,153760,-0.030788177339901468
2023-11-30,8050,8220,7860,8030,186810,0.020330368487928796
2023-12-01,8050,8110,7950,7960,68700,-0.008717310087173136
2023-12-04,7950,8250,7880,8130,193159,0.021356783919598055
2023-12-05,8060,8150,7920,7980,107401,-0.01845018450184499
2023-12-06,7990,8160,7860,8160,93853,0.022556390977443552
2023-12-07,8070,8130,7880,7880,97805,-0.03431372549019607
2023-12-08,7880,7940,7720,7780,78911,-0.012690355329949221
2023-12-11,7780,7840,7700,7820,60808,0.005141388174807249
2023-12-12,7820,7900,7770,7900,42457,0.010230179028132946
2023-12-13,7900,7930,7750,7750,60895,-0.01898734177215189
2023-12-14,7800,7870,7720,7720,65540,-0.003870967741935516
2023-12-15,7730,7800,7670,7670,68174,-0.006476683937823857
2023-12-18,7710,7750,7660,7690,40018,0.0026075619295957697
2023-12-19,7680,7770,7590,7720,196169,0.0039011703511053764
2023-12-20,8330,8900,7990,7990,3462906,0.03497409326424861
2023-12-21,7930,8620,7890,8010,1267122,0.0025031289111390187
2023-12-22,8140,8150,7940,7940,258070,-0.008739076154806513
2023-12-26,7920,8250,7790,8020,342617,0.010075566750629816
2023-12-27,7960,8020,7880,7910,134980,-0.013715710723191998
2023-12-28,7880,7930,7860,7880,112133,-0.0037926675094817064
2024-01-02,8040,8150,7950,8070,209461,0.024111675126903487
2024-01-03,8020,8290,7980,8200,214137,0.01610904584882289
2024-01-04,8180,8220,8070,8080,125548,-0.014634146341463428
2024-01-05,8070,8210,8010,8040,89718,-0.004950495049504955
2024-01-08,8000,8170,7990,8130,95601,0.011194029850746245
2024-01-09,8110,8220,8110,8190,135129,0.007380073800737907
2024-01-10,8300,8350,8110,8190,204489,0.0
2024-01-11,8180,8310,8170,8250,106059,0.0073260073260073
2024-01-12,8330,8330,8110,8130,124188,-0.014545454545454528
2024-01-15,8310,8450,8180,8250,177281,0.014760147601476037
2024-01-16,8290,8450,8060,8230,239886,-0.00242424242424244
2024-01-17,8220,8220,7980,8010,146167,-0.026731470230862753
2024-01-18,8140,8340,8050,8260,204114,0.03121098626716612
2024-01-19,8260,8370,8150,8180,96227,-0.009685230024213065
2024-01-22,8200,8200,8050,8100,76166,-0.009779951100244544
2024-01-23,8040,8840,8000,8490,1244356,0.04814814814814805
2024-01-24,8430,8530,8250,8310,181135,-0.021201413427561877
2024-01-25,8300,8830,8190,8380,1024182,0.008423586040914532
2024-01-26,8540,8730,8400,8520,443384,0.01670644391408116
2024-01-29,8560,8900,8270,8900,399484,0.04460093896713624
2024-01-30,9090,9420,8680,9400,2583698,0.05617977528089879
2024-01-31,9010,9400,8900,9010,979799,-0.04148936170212769
2024-02-01,8800,9260,8650,8700,585308,-0.03440621531631516
2024-02-02,8730,8790,8410,8520,300132,-0.020689655172413834
2024-02-05,8520,8520,8220,8250,232503,-0.03169014084507038
2024-02-06,8250,8510,8100,8390,173711,0.01696969696969708
2024-02-07,8370,8490,8300,8340,99723,-0.005959475566150174
2024-02-08,8310,8420,8220,8260,82807,-0.00959232613908878
2024-02-13,8300,8450,8300,8410,75628,0.018159806295399594
2024-02-14,8210,8430,8210,8420,74269,0.0011890606420927874
2024-02-15,8400,8400,8250,8260,96772,-0.019002375296912066
2024-02-16,8260,8600,8200,8300,255337,0.004842615012106588
2024-02-19,8350,8390,8250,8300,91679,0.0
2024-02-20,8270,8340,8210,8290,84561,-0.001204819277108471
2024-02-21,8230,8300,8160,8200,91139,-0.010856453558504175
2024-02-22,8290,8320,8190,8210,71114,0.0012195121951219523
2024-02-23,8220,8220,8020,8040,114094,-0.020706455542021884
2024-02-26,8090,8180,7990,8000,99786,-0.00497512437810943
2024-02-27,7920,8040,7830,7910,100944,-0.011249999999999982
2024-02-28,7870,7950,7870,7880,47577,-0.0037926675094817064
2024-02-29,7840,7960,7840,7850,46430,-0.0038071065989847552
2024-03-04,7880,8050,7810,7910,69118,0.007643312101910826
2024-03-05,7900,8030,7900,7900,52859,-0.0012642225031606058
2024-03-06,7910,8010,7800,8010,64119,0.013924050632911467
2024-03-07,8170,8250,7850,7850,161488,-0.019975031210986316
2024-03-08,7900,7930,7700,7730,80620,-0.015286624203821653
2024-03-11,7730,7800,7700,7720,46442,-0.001293661060802087
2024-03-12,7680,7720,7570,7630,84717,-0.011658031088082943
2024-03-13,7610,7770,7580,7680,55745,0.006553079947575258
2024-03-14,7680,7740,7580,7720,59369,0.005208333333333259
2024-03-15,7630,7790,7580,7630,67574,-0.011658031088082943
2024-03-18,7580,7800,7570,7620,62624,-0.001310615989515096
2024-03-19,7580,7610,7510,7530,51787,-0.011811023622047223
2024-03-20,7530,7590,7430,7450,73483,-0.010624169986719778
2024-03-21,7490,7490,7420,7490,43386,0.005369127516778427
2024-03-22,7510,7530,7390,7410,63930,-0.010680907877169576
2024-03-25,7370,7450,7320,7410,49826,0.0
2024-03-26,7350,7500,7350,7480,51133,0.009446693657219951
2024-03-27,7420,7570,7410,7510,45478,0.00401069518716568
2024-03-28,7510,7550,7460,7470,40956,-0.005326231691078598
2024-03-29,7430,7460,7370,7400,51776,-0.009370816599732268
2024-04-01,7360,7450,7350,7430,28815,0.004054054054054124
2024-04-02,7390,7430,7210,7270,84952,-0.021534320323014833
2024-04-03,7250,7670,7200,7500,134091,0.031636863823933936
2024-04-04,7500,7640,7370,7420,85815,-0.010666666666666713
2024-04-05,7420,7540,7360,7540,56068,0.016172506738544534
2024-04-08,7560,7580,7450,7520,53130,-0.0026525198938992522
2024-04-09,7450,7720,7450,7660,105940,0.018617021276595702
2024-04-11,7550,7610,7440,7440,63615,-0.02872062663185382
2024-04-12,7410,7520,7370,7370,54083,-0.009408602150537626
2024-04-15,7350,7350,7180,7270,39405,-0.013568521031207648
2024-04-16,7270,7270,7070,7070,64233,-0.02751031636863821
2024-04-17,7070,7150,7070,7100,19263,0.004243281471004279
2024-04-18,7100,7250,7100,7240,21227,0.019718309859154903
2024-04-19,7180,7280,7040,7100,40707,-0.01933701657458564
2024-04-22,7100,7220,7030,7160,87648,0.008450704225352101
2024-04-23,7100,7190,7060,7080,42594,-0.011173184357541888
2024-04-24,7110,7120,7070,7100,29268,0.0028248587570620654
2024-04-25,7140,7180,7070,7120,34504,0.0028169014084507005
2024-04-26,7120,7140,7060,7090,32968,-0.004213483146067398
2024-04-29,7120,7250,7070,7200,40769,0.015514809590973178
2024-04-30,7120,7240,7120,7200,20382,0.0
2024-05-02,7210,7270,7180,7210,20746,0.001388888888888884
2024-05-03,7210,7270,7150,7160,22216,-0.006934812760055475
2024-05-07,7170,7440,7130,7440,135062,0.03910614525139655
2024-05-08,7380,7490,7280,7400,90025,-0.005376344086021501
2024-05-09,7390,7470,7360,7380,50228,-0.002702702702702675
2024-05-10,7400,7400,7260,7260,37022,-0.016260162601625994
2024-05-13,7210,7270,7190,7210,39522,-0.00688705234159781
2024-05-14,7250,7300,7240,7260,22268,0.006934812760055475
2024-05-16,7300,7300,7250,7250,23285,-0.0013774104683195176
2024-05-17,7280,7280,7180,7190,31751,-0.008275862068965467
2024-05-20,7160,7230,7160,7190,22853,0.0
2024-05-21,7170,7690,7170,7390,207811,0.02781641168289295
2024-05-22,7390,7540,7320,7450,53895,0.008119079837618504
2024-05-23,7450,7490,7360,7390,36361,-0.008053691275167751
2024-05-24,7390,7540,7310,7510,44893,0.016238159675236785
2024-05-27,7520,7770,7520,7680,135307,0.022636484687083902
2024-05-28,7730,7730,7620,7670,58226,-0.0013020833333333703
2024-05-29,7630,7670,7550,7560,48757,-0.014341590612777066
2024-05-30,7500,7550,7370,7390,35791,-0.022486772486772444
2024-05-31,7370,7550,7370,7450,18408,0.008119079837618504
2024-06-03,7400,7960,7370,7750,292549,0.04026845637583887
2024-06-04,7660,7840,7580,7750,127112,0.0
2024-06-05,7710,7840,7580,7720,55070,-0.003870967741935516
2024-06-07,7720,7840,7690,7730,60730,0.0012953367875647714
2024-06-10,7660,7910,7610,7710,109596,-0.002587322121604174
2024-06-11,7790,7790,7580,7650,32594,-0.0077821011673151474
2024-06-12,7590,7850,7570,7570,51876,-0.010457516339869244
2024-06-13,7570,7630,7540,7550,32279,-0.0026420079260237594
2024-06-14,7550,7560,7410,7410,41618,-0.018543046357615944
2024-06-17,7400,7500,7330,7330,42309,-0.010796221322537103
2024-06-18,7280,7380,7200,7300,51055,-0.004092769440654842
2024-06-19,7320,7320,7220,7250,32406,-0.006849315068493178
2024-06-20,7380,7730,7250,7450,148075,0.02758620689655178
2024-06-21,7400,7410,7240,7250,57305,-0.02684563758389258
2024-06-24,7380,7380,7160,7170,66002,-0.011034482758620734
2024-06-25,7080,7180,7080,7130,48768,-0.00557880055788007
2024-06-26,7060,7200,7060,7120,29490,-0.0014025245441795509
2024-06-27,7090,7160,7060,7070,44584,-0.0070224719101124045
2024-06-28,7070,7120,7050,7050,46043,-0.0028288543140028155
2024-07-01,7170,7170,7020,7070,45465,0.0028368794326241176
2024-07-02,7080,7110,6960,6980,77010,-0.012729844413012725
2024-07-03,7050,7100,6890,6890,62531,-0.012893982808022897
2024-07-04,6950,6960,6810,6810,64104,-0.011611030478954953
2024-07-05,6810,6820,6620,6650,98495,-0.023494860499265746
2024-07-08,6700,7000,6660,6830,69188,0.02706766917293235
2024-07-09,6870,6870,6800,6830,15766,0.0
2024-07-10,6830,6830,6730,6770,35493,-0.008784773060029227
2024-07-11,6810,6830,6700,6780,70354,0.001477104874446189
2024-07-12,6840,6880,6760,6860,24743,0.01179941002949847
2024-07-15,6890,6960,6830,6880,27678,0.00291545189504383
2024-07-16,6920,7020,6900,6930,56788,0.007267441860465018
2024-07-17,6930,7140,6930,7130,117628,0.02886002886002892
2024-07-18,7130,7130,7010,7040,47592,-0.012622720897615736
2024-07-19,6980,7090,6970,7000,41259,-0.005681818181818232
2024-07-22,7010,7110,7000,7020,41136,0.0028571428571428914
2024-07-23,7060,7060,6800,6840,89610,-0.02564102564102566
2024-07-24,6860,6870,6760,6780,32354,-0.00877192982456143
2024-07-25,6780,6780,6580,6690,68764,-0.013274336283185861
2024-07-26,6630,6800,6630,6770,22512,0.01195814648729443
2024-07-29,6800,6820,6750,6780,22163,0.001477104874446189
2024-07-30,6780,8090,6640,7920,5661395,0.16814159292035402
2024-07-31,7630,8140,7300,7460,3037537,-0.058080808080808066
2024-08-01,7330,7500,7330,7340,313732,-0.01608579088471851
2024-08-02,7250,7530,7130,7160,510502,-0.02452316076294281
2024-08-05,6880,7050,6350,6460,399568,-0.0977653631284916
2024-08-06,6460,6810,6460,6780,215431,0.049535603715170184
2024-08-07,6780,6930,6600,6820,127661,0.005899705014749346
2024-08-08,6770,6850,6590,6760,101794,-0.008797653958944274
2024-08-09,6800,7400,6800,7100,456443,0.050295857988165604
2024-08-12,7130,7370,7060,7170,106045,0.009859154929577452
2024-08-13,7120,7190,6980,7040,63769,-0.018131101813110173
2024-08-14,7070,7250,7030,7080,98238,0.005681818181818121
2024-08-16,7160,7160,6960,6990,76435,-0.012711864406779627
2024-08-19,7030,7090,6870,6930,72121,-0.008583690987124415
2024-08-20,6940,7090,6930,7060,84779,0.018759018759018753
2024-08-21,7040,7060,6960,7050,54244,-0.0014164305949008194
2024-08-22,7050,7070,6920,6980,86228,-0.009929078014184411
2024-08-23,7000,7000,6800,6840,69532,-0.02005730659025784
2024-08-26,6830,6910,6690,6750,75741,-0.013157894736842146
2024-08-27,6790,6790,6660,6680,34424,-0.010370370370370363
2024-08-28,6680,6720,6440,6460,138269,-0.03293413173652693
2024-08-29,6430,6430,6160,6200,191589,-0.04024767801857587
2024-08-30,6220,6260,6120,6230,69382,0.004838709677419395
2024-09-02,6280,6280,6130,6170,54358,-0.009630818619582704
2024-09-03,6130,6210,6120,6120,60605,-0.008103727714748765
2024-09-04,6030,6050,5850,5860,102282,-0.042483660130718914
2024-09-05,5870,5950,5710,5780,83397,-0.013651877133105783
2024-09-06,5730,5810,5640,5680,50442,-0.01730103806228378
2024-09-09,5550,5850,5530,5840,73946,0.028169014084507005
2024-09-10,5840,5870,5750,5750,30375,-0.015410958904109595
2024-09-11,5720,5940,5720,5850,23169,0.017391304347825987
2024-09-12,5850,5940,5840,5910,20589,0.01025641025641022
2024-09-13,5940,5960,5910,5940,17992,0.0050761421319796
2024-09-19,5970,6000,5850,5970,23402,0.005050505050504972
2024-09-20,5960,6030,5920,5990,16915,0.003350083752093891
2024-09-23,6010,6010,5920,5920,18298,-0.011686143572620988
2024-09-24,5970,6040,5910,6040,22910,0.020270270270270174
2024-09-25,6080,6090,5970,5980,20670,-0.009933774834437137
2024-09-26,6010,6040,5930,6030,16026,0.008361204013378032
2024-09-27,6020,6070,5990,6020,31531,-0.0016583747927031434
2024-09-30,6030,6060,5890,5890,36086,-0.021594684385382035
2024-10-02,5810,5900,5710,5780,31237,-0.018675721561969394
2024-10-04,5810,5870,5730,5750,15822,-0.00519031141868509
2024-10-07,5750,5810,5660,5790,28971,0.006956521739130528
2024-10-08,5740,5800,5720,5780,21274,-0.0017271157167529916
2024-10-10,5800,5800,5730,5740,15444,-0.00692041522491349
2024-10-11,5740,5960,5740,5790,75581,0.008710801393728262
2024-10-14,5780,5800,5720,5770,22217,-0.003454231433506094
2024-10-15,5750,5790,5670,5700,23074,-0.012131715771230511
2024-10-16,5670,5670,5600,5610,30654,-0.015789473684210575
2024-10-17,5630,5650,5570,5590,21319,-0.0035650623885917776
2024-10-18,5570,5620,5500,5510,30791,-0.014311270125223596
2024-10-21,5490,5600,5470,5500,37471,-0.001814882032667886
2024-10-22,5530,5530,5250,5480,99896,-0.0036363636363636598
2024-10-23,5650,7000,5620,6470,8012223,0.18065693430656937
2024-10-24,6300,6590,6070,6170,1030869,-0.04636785162287482
2024-10-25,6090,6290,5850,6000,624366,-0.027552674230145846
2024-10-28,5910,6430,5900,6240,1264882,0.040000000000000036
2024-10-29,6250,6340,6100,6340,385501,0.01602564102564097
2024-10-30,6250,6480,6230,6280,252553,-0.009463722397476393
2024-10-31,6350,6570,6230,6250,375016,-0.004777070063694322
2024-11-01,6220,6260,6000,6000,116692,-0.040000000000000036
2024-11-04,5910,6180,5910,6070,110072,0.011666666666666714
2024-11-05,6010,6140,5950,6060,51776,-0.0016474464579900872
2024-11-06,6130,6320,5950,6240,183819,0.02970297029702973
2024-11-07,6200,6220,6050,6080,77369,-0.02564102564102566
2024-11-08,6120,6200,6060,6150,69088,0.011513157894736947
2024-11-11,6130,6140,6000,6040,51624,-0.01788617886178867
2024-11-12,6010,7300,5910,6790,4468277,0.1241721854304636
2024-11-13,6920,7230,6240,6380,1244952,-0.06038291605301915
2024-11-14,6380,7180,6340,6590,1343781,0.03291536050156729
2024-11-15,6780,7100,6610,6640,816082,0.007587253414264028
2024-11-18,6600,6630,6350,6400,260622,-0.03614457831325302
2024-11-19,6370,6370,6160,6210,186719,-0.029687499999999978
2024-11-20,6180,6200,6020,6060,155023,-0.024154589371980673
2024-11-21,6100,6450,6080,6270,391346,0.034653465346534684
2024-11-22,6270,6350,6150,6160,121603,-0.01754385964912286
2024-11-25,6160,6350,6160,6310,96971,0.024350649350649345
2024-11-26,6350,6450,6270,6330,116662,0.0031695721077653616
2024-11-27,6340,6550,6340,6390,206551,0.009478672985782088
2024-11-28,6340,6430,6240,6390,104242,0.0
2024-11-29,6390,6390,6100,6110,126610,-0.04381846635367759
2024-12-02,6180,6250,5990,6050,68972,-0.009819967266775809
2024-12-03,6010,6130,6000,6100,58692,0.008264462809917328
2024-12-04,5900,6090,5880,6000,168759,-0.016393442622950838
2024-12-05,5900,6000,5650,5800,108794,-0.033333333333333326
2024-12-06,5570,5740,5410,5680,162519,-0.020689655172413834
2024-12-09,5670,5680,5300,5300,144041,-0.06690140845070425
2024-12-10,5300,5960,5300,5800,171488,0.09433962264150941
2024-12-11,5810,6390,5770,6220,399159,0.07241379310344831
2024-12-12,7000,7690,6300,6570,4191892,0.0562700964630225
2024-12-13,6500,6950,6450,6850,665997,0.0426179604261796
2024-12-16,6850,7170,6760,6880,843157,0.004379562043795637
2024-12-17,6880,6880,6660,6700,239992,-0.026162790697674465
2024-12-18,6650,6950,6590,6650,189265,-0.007462686567164201
2024-12-19,6520,6640,6510,6540,105395,-0.016541353383458635
2024-12-20,6580,6580,6370,6460,178513,-0.012232415902140636
2024-12-23,6460,6480,6330,6370,58779,-0.01393188854489169
2024-12-24,6360,6410,6300,6320,48658,-0.00784929356357933
2024-12-26,6320,6370,6160,6210,83581,-0.017405063291139222
2024-12-27,6210,6450,6080,6130,101072,-0.012882447665056307
2024-12-30,6320,6370,6170,6320,121751,0.030995106035889064
2025-01-02,6470,6550,6380,6510,125199,0.030063291139240444
2025-01-03,6450,6610,6410,6530,88985,0.003072196620583778
2025-01-06,6640,6700,6450,6520,70693,-0.0015313935681470214
2025-01-07,6520,6680,6500,6550,67642,0.004601226993865115
2025-01-08,6590,6590,6460,6530,50184,-0.003053435114503844
2025-01-09,6470,6690,6470,6670,83285,0.0214395099540583
2025-01-10,6620,6920,6600,6890,190413,0.03298350824587715
2025-01-13,6900,6900,6650,6680,85564,-0.030478955007256947
2025-01-14,6660,6790,6560,6630,57135,-0.007485029940119792
2025-01-15,6590,6680,6470,6630,74206,0.0
2025-01-16,6570,6830,6540,6690,113888,0.009049773755656076
2025-01-17,6680,6810,6600,6760,94464,0.010463378176382765
2025-01-20,6770,6770,6580,6640,63660,-0.017751479289940808
2025-01-21,6650,6860,6650,6780,189345,0.02108433734939763
2025-01-22,6830,6900,6710,6860,188624,0.01179941002949847
2025-01-23,6860,6940,6640,6730,172573,-0.01895043731778423
2025-01-24,6670,6920,6630,6910,176606,0.026745913818722045
2025-01-31,6920,6920,6730,6740,91586,-0.02460202604920403
2025-02-03,6670,6690,6530,6610,76485,-0.01928783382789323
2025-02-04,6650,6710,6610,6670,49393,0.00907715582450841
2025-02-05,6680,6740,6600,6660,59277,-0.0014992503748125774
2025-02-06,6660,6890,6660,6780,110794,0.018018018018018056
2025-02-07,6780,6790,6680,6740,54417,-0.005899705014749235
2025-02-10,6740,6780,6600,6610,65594,-0.01928783382789323
2025-02-11,6700,6700,6490,6520,74976,-0.013615733736762503
2025-02-12,6520,6540,6420,6430,45901,-0.013803680981595123
2025-02-13,6510,6800,6510,6690,128785,0.04043545878693622
2025-02-14,6730,6730,6560,6600,77142,-0.013452914798206317
2025-02-17,6560,6670,6520,6660,54030,0.009090909090909038
2025-02-18,6680,6720,6630,6710,65611,0.007507507507507505
2025-02-19,6710,7060,6680,6870,353506,0.023845007451564815
2025-02-20,7070,7080,6910,6910,291746,0.005822416302765587
2025-02-21,7000,7000,6790,6840,93442,-0.01013024602026047
2025-02-24,6800,6890,6720,6770,83779,-0.010233918128654929
2025-02-25,6770,6840,6680,6780,75287,0.001477104874446189
2025-02-26,6780,6810,6740,6780,64775,0.0
2025-02-27,6800,6900,6610,6630,82271,-0.02212389380530977
2025-02-28,6530,6620,6450,6500,62726,-0.019607843137254943
2025-03-04,6490,6490,6300,6350,46785,-0.023076923076923106
2025-03-05,6350,6630,6345,6600,36390,0.03937007874015741
2025-03-06,6700,6910,6550,6810,145997,0.031818181818181746
2025-03-07,6710,6950,6700,6820,94563,0.001468428781204123
2025-03-10,6860,6860,6660,6710,55001,-0.016129032258064502
2025-03-11,6600,6660,6510,6580,31464,-0.019374068554396384
2025-03-12,6650,6705,6580,6640,40175,0.00911854103343468
2025-03-13,6640,6680,6430,6430,89347,-0.031626506024096335
2025-03-14,6410,6530,6410,6450,26002,0.0031104199066873672
2025-03-17,6450,6490,6380,6420,34675,-0.0046511627906976605
2025-03-18,6370,6450,6350,6360,48642,-0.009345794392523366
2025-03-19,6390,6390,6320,6360,29348,0.0
2025-03-20,6360,6420,6300,6350,35947,-0.0015723270440252124
2025-03-21,6350,6390,6220,6350,42737,0.0
2025-03-24,6350,6410,6290,6360,15873,0.0015748031496063408
2025-03-25,6330,6420,6320,6400,25750,0.0062893081761006275
2025-03-26,6380,6500,6360,6440,26926,0.006250000000000089
2025-03-27,6440,6700,6430,6480,88159,0.006211180124223503
2025-03-28,6530,6800,6530,6680,190235,0.030864197530864113
2025-03-31,6630,6630,6410,6510,94247,-0.025449101796407136
2025-04-01,6490,6720,6440,6650,80406,0.021505376344086002
2025-04-02,6690,6750,6510,6740,82111,0.013533834586466176
2025-04-03,6590,6720,6550,6670,80687,-0.010385756676557834
2025-04-04,6590,7000,6510,6980,301317,0.04647676161919034
2025-04-07,6910,7140,6780,6960,368592,-0.002865329512893977
2025-04-08,7010,7430,6930,7210,955620,0.03591954022988508
2025-04-09,7230,7480,6670,7010,314167,-0.0277392510402219
2025-04-10,7200,7570,7110,7470,587582,0.06562054208273893
2025-04-11,7430,7600,7300,7540,228114,0.009370816599732157
2025-04-14,7490,7910,7050,7660,593338,0.01591511936339529
2025-04-15,7660,7700,7500,7620,203099,-0.005221932114882533
2025-04-16,7620,7940,7500,7560,483084,-0.007874015748031482
2025-04-17,7560,7770,7350,7690,304154,0.01719576719576721
2025-04-18,7690,7940,7650,7940,391924,0.032509752925877766
2025-04-21,8060,8500,7970,8180,846983,0.030226700251889227
2025-04-22,8000,8320,8000,8100,310625,-0.009779951100244544
2025-04-23,8200,8350,8100,8250,235970,0.0185185185185186
2025-04-24,8300,8340,8180,8220,189643,-0.0036363636363636598
2025-04-25,8230,8550,8160,8310,396819,0.010948905109489093
2025-04-28,8400,8550,8200,8240,233192,-0.008423586040914532
2025-04-29,8380,8420,8150,8380,157429,0.016990291262136026
2025-04-30,8340,8400,8140,8190,144430,-0.022673031026252954
2025-05-02,8200,8390,8080,8090,157900,-0.012210012210012167
2025-05-07,8090,8290,7920,8240,204179,0.018541409147095234
2025-05-08,8240,8300,8150,8170,138253,-0.008495145631068013
2025-05-09,8190,8190,7990,8060,126780,-0.01346389228886169
2025-05-12,8110,8560,8110,8500,394061,0.05459057071960305
2025-05-13,8500,8500,8230,8260,175792,-0.028235294117647025
2025-05-14,8280,8320,8110,8150,128457,-0.013317191283293006
2025-05-15,8150,8390,8150,8240,102727,0.01104294478527601
2025-05-16,8240,8370,8140,8330,122871,0.010922330097087318
2025-05-19,8160,8260,7640,7780,321405,-0.06602641056422565
2025-05-20,7880,8130,7880,8100,130298,0.041131105398457546
2025-05-21,8110,8280,8070,8110,105100,0.0012345679012346622
2025-05-22,8100,8110,7780,7900,103695,-0.025893958076448786
2025-05-23,7960,8130,7920,8020,78311,0.0151898734177216
2025-05-26,7940,7950,7720,7810,152755,-0.026184538653366562
2025-05-27,7820,7870,7590,7650,123368,-0.020486555697823317
2025-05-28,7650,7760,7470,7510,170366,-0.018300653594771288
2025-05-29,7450,7720,7450,7630,114209,0.015978695073235683
2025-05-30,7630,7630,7380,7450,115475,-0.023591087811271283
2025-06-02,7530,7530,7320,7320,78424,-0.01744966442953022
2025-06-04,7340,7710,7340,7610,105139,0.039617486338797914
2025-06-05,7730,7890,7600,7800,157687,0.024967148488830526
2025-06-09,7790,8080,7720,8000,200585,0.02564102564102555
2025-06-10,8150,8150,7790,7880,162880,-0.015000000000000013
2025-06-11,7880,7890,7730,7770,96011,-0.013959390862944177
2025-06-12,7810,8410,7810,8070,532024,0.03861003861003853
2025-06-13,8090,8140,7780,7840,223733,-0.028500619578686548
2025-06-16,7900,8100,7810,8050,215441,0.02678571428571419
2025-06-17,8050,8050,7670,7770,216109,-0.034782608695652195
2025-06-18,7800,7800,7650,7700,94745,-0.009009009009009028
2025-06-19,7710,7800,7630,7790,85395,0.011688311688311748
2025-06-20,7820,7850,7700,7780,85946,-0.0012836970474967568
2025-06-23,7690,7710,7480,7560,128496,-0.028277634961439535
2025-06-24,7650,7920,7650,7870,133016,0.041005291005290934
2025-06-25,7920,8010,7830,7880,155873,0.0012706480304955914
2025-06-26,7920,7920,7570,7680,114287,-0.025380710659898442
2025-06-27,7700,7720,7420,7440,104968,-0.03125
2025-06-30,7430,7530,7350,7370,83425,-0.009408602150537626
2025-07-01,7370,7610,7370,7460,85536,0.012211668928086894
2025-07-02,7420,7460,7270,7430,71766,-0.004021447721179627
2025-07-03,7430,7550,7400,7480,38138,0.006729475100942128
2025-07-04,7490,7630,7480,7540,78980,0.008021390374331583
2025-07-07,7570,7780,7490,7670,104845,0.01724137931034475
2025-07-08,7660,7730,7600,7640,49254,-0.003911342894393766
2025-07-09,7640,7730,7610,7710,54402,0.009162303664921545
2025-07-10,7710,7740,7510,7660,57383,-0.006485084306095956
2025-07-11,7680,7790,7630,7670,52799,0.0013054830287206887
2025-07-14,7670,7730,7500,7580,74524,-0.011734028683181186
2025-07-15,7630,7670,7520,7570,48668,-0.0013192612137202797
2025-07-16,7620,7620,7410,7410,59698,-0.021136063408190187
2025-07-17,7570,7840,7360,7390,554611,-0.0026990553306343035
2025-07-18,7500,7500,7310,7400,113882,0.0013531799729364913
2025-07-21,7490,7560,7450,7450,103296,0.006756756756756799
2025-07-22,7460,7460,7310,7350,85472,-0.01342281879194629
2025-07-23,7350,7400,7250,7330,48481,-0.0027210884353741083
2025-07-24,7420,7420,7200,7200,81660,-0.017735334242837686
2025-07-25,7240,7290,7150,7250,51394,0.00694444444444442
2025-07-28,7300,7300,7060,7070,81804,-0.024827586206896513
2025-07-29,7170,7200,6930,7100,69818,0.004243281471004279
2025-07-30,7180,7270,7080,7150,34794,0.007042253521126751
2025-07-31,7160,7350,7100,7280,68546,0.018181818181818077
2025-08-01,7260,7260,6940,6970,77624,-0.04258241758241754
2025-08-04,6950,7060,6780,6990,51137,0.0028694404591105283
2025-08-05,7060,7120,6970,7050,42493,0.008583690987124415
2025-08-06,7030,7190,6970,7080,37486,0.004255319148936065
2025-08-07,7080,7190,7030,7170,31691,0.012711864406779627
2025-08-08,7180,7430,7150,7270,98145,0.013947001394700065
2025-08-11,7340,7340,7240,7250,36489,-0.0027510316368638543
2025-08-12,7260,7320,7190,7220,25616,-0.004137931034482789
2025-08-13,7220,7290,7200,7270,45330,0.006925207756232732
2025-08-14,7270,7350,7240,7270,57861,0.0
2025-08-18,7270,7310,7130,7190,37757,-0.011004126547455306
2025-08-19,7190,7200,7070,7080,42611,-0.015299026425591111
2025-08-20,7080,7080,6890,7020,62727,-0.008474576271186418
2025-08-21,7020,7040,6950,6980,25251,-0.005698005698005715
2025-08-22,6980,7040,6920,6930,27325,-0.007163323782234943
2025-08-25,6970,7030,6930,6950,23634,0.0028860028860029363
2025-08-26,7020,7020,6820,6930,43482,-0.0028776978417266452
2025-08-27,6860,6960,6850,6860,32255,-0.010101010101010055
2025-08-28,6850,6850,6730,6770,34436,-0.013119533527696792
2025-08-29,6760,6840,6680,6710,39548,-0.008862629246676468
2025-09-01,6700,6740,6620,6670,31875,-0.005961251862891204
2025-09-02,6710,6720,6660,6700,22226,0.004497751124437732
2025-09-03,6720,6720,6630,6650,27000,-0.007462686567164201
2025-09-04,6650,6720,6620,6700,29997,0.007518796992481258
2025-09-05,6680,6710,6630,6660,39817,-0.005970149253731294
2025-09-08,6660,6850,6630,6750,46649,0.013513513513513598
2025-09-09,6790,6880,6740,6840,29736,0.01333333333333342
2025-09-10,6820,6880,6770,6820,39840,-0.0029239766081871066
2025-09-11,6820,6840,6760,6780,22022,-0.0058651026392961825
2025-09-12,6780,6850,6700,6820,51175,0.005899705014749346
2025-09-15,6760,6800,6480,6550,146062,-0.03958944281524923
2025-09-16,6540,6590,6500,6530,56164,-0.003053435114503844
2025-09-17,6460,6480,6280,6330,153754,-0.030627871362940318
2025-09-18,6370,6370,6260,6290,69958,-0.006319115323854652
2025-09-19,6280,6290,6100,6120,146189,-0.027027027027026973
2025-09-22,6110,6110,5880,5950,216431,-0.02777777777777779
2025-09-23,5980,6570,5950,6100,480525,0.025210084033613356
2025-09-24,6100,6100,5960,5970,59953,-0.021311475409836023
2025-09-25,6050,6050,5900,5940,53151,-0.005025125628140725
2025-09-26,5930,5940,5740,5790,82470,-0.025252525252525304
2025-09-29,5810,5880,5770,5830,48014,0.006908462867012188
2025-09-30,5780,5840,5730,5770,30735,-0.010291595197255532
2025-10-01,5780,5840,5710,5800,35839,0.005199306759098743
2025-10-02,5810,5920,5770,5840,28435,0.006896551724137945
2025-10-10,5840,5840,5600,5650,98491,-0.03253424657534243
2025-10-13,5550,5720,5500,5720,48970,0.012389380530973382
2025-10-14,5730,5790,5690,5710,90395,-0.0017482517482517723
2025-10-15,5670,5900,5670,5870,48523,0.028021015761821255
2025-10-16,5880,5920,5800,5820,56353,-0.008517887563884163
2025-10-17,5810,5810,5700,5710,40115,-0.018900343642611728
2025-10-20,5700,5770,5680,5750,30656,0.007005253940455258
2025-10-21,5770,5850,5710,5770,49147,0.003478260869565153
2025-10-22,5770,5850,5660,5800,44628,0.005199306759098743
2025-10-23,5800,6090,5740,5950,146334,0.02586206896551735
2025-10-24,5970,5970,5780,5930,90555,-0.003361344537815114
2025-10-27,5960,6040,5920,5960,64620,0.005059021922428242
2025-10-28,5960,5960,5840,5870,48914,-0.015100671140939603
2025-10-29,5870,5950,5790,5800,69562,-0.011925042589437829
2025-10-30,5830,5850,5640,5680,68848,-0.020689655172413834
2025-10-31,5640,5700,5570,5680,29891,0.0
2025-11-03,5660,5720,5510,5520,104543,-0.028169014084507005
2025-11-04,5460,5540,5420,5470,77731,-0.009057971014492794
2025-11-05,5420,5460,5270,5360,76504,-0.020109689213894
2025-11-06,5440,5470,5300,5430,54642,0.013059701492537323
2025-11-07,5420,5420,5200,5350,78444,-0.014732965009208066
2025-11-10,5350,5580,5340,5570,83258,0.04112149532710285
2025-11-11,5630,5720,5550,5580,41681,0.0017953321364452268
2025-11-12,5580,5640,5550,5590,22189,0.0017921146953405742
2025-11-13,5590,5600,5510,5560,26709,-0.00536672629695889
2025-11-14,5560,5570,5450,5450,23486,-0.01978417266187049
2025-11-17,5450,5510,5400,5430,16345,-0.003669724770642202
2025-11-18,5600,5600,5340,5350,38108,-0.014732965009208066
2025-11-19,5350,5420,5210,5350,22007,0.0
2025-11-20,5360,5490,5310,5470,21656,0.02242990654205612
2025-11-21,5350,5810,5350,5650,194614,0.03290676416819016
2025-11-24,5740,5740,5500,5580,33685,-0.012389380530973493
2025-11-25,5580,5640,5460,5510,47874,-0.012544802867383464
2025-11-26,5490,5630,5470,5620,28424,0.019963702359346636
2025-11-27,5570,5680,5570,5590,14228,-0.005338078291814985
2025-11-28,5580,5730,5560,5630,29571,0.007155635062611854
2025-12-01,5700,5710,5510,5530,36546,-0.017761989342806372
2025-12-02,5560,5630,5510,5580,19745,0.009041591320072317
2025-12-03,5580,5800,5550,5700,55518,0.021505376344086002
2025-12-04,5700,5800,5500,5720,70192,0.0035087719298245723
2025-12-05,5790,6670,5710,6250,2494928,0.09265734265734271
2025-12-08,6360,6390,6000,6070,450030,-0.028800000000000048
2025-12-09,6060,6220,5940,6110,162947,0.006589785831960571
2025-12-10,6100,6100,5900,5910,109825,-0.032733224222585955
2025-12-11,6030,6270,5980,6200,300723,0.04906937394247035
2025-12-12,6230,6340,6130,6270,201699,0.011290322580645107
2025-12-15,6170,6940,6040,6570,944572,0.04784688995215314
2025-12-16,6440,6600,6260,6300,218474,-0.04109589041095896
2025-12-17,6300,6480,6100,6140,240123,-0.025396825396825418
2025-12-18,6030,6630,6030,6220,554612,0.013029315960912058
2025-12-19,6300,6440,6200,6320,162383,0.016077170418006492
2025-12-22,6280,6390,6220,6270,167728,-0.007911392405063333
2025-12-23,6290,6350,6150,6150,99865,-0.019138755980861233
2025-12-24,6240,6240,6040,6040,75356,-0.01788617886178867
2025-12-26,6130,6320,6060,6100,106264,0.009933774834437026
2025-12-29,6170,6420,6170,6380,135969,0.04590163934426239
