Date,Open,High,Low,Close,Volume,Change
2022-01-03,97300,98700,97100,98400,111438,0.012345679012345734
2022-01-04,98400,98500,97200,97400,133375,-0.010162601626016232
2022-01-05,97400,97500,95200,95400,219418,-0.02053388090349073
2022-01-06,95200,95500,92700,92800,272727,-0.027253668763102756
2022-01-07,92900,95200,92900,94500,139579,0.018318965517241326
2022-01-10,94500,94700,92000,92200,184408,-0.024338624338624326
2022-01-11,92300,93600,92000,92100,119121,-0.0010845986984815426
2022-01-12,92300,94300,92300,93100,145162,0.010857763300760048
2022-01-13,93900,94300,92500,92700,124049,-0.004296455424274925
2022-01-14,92900,93000,91500,91800,164483,-0.009708737864077666
2022-01-17,91300,91500,87300,87600,378518,-0.04575163398692805
2022-01-18,87400,88600,84900,85200,182870,-0.0273972602739726
2022-01-19,82600,86400,82600,85200,206335,0.0
2022-01-20,85600,86000,84000,86000,128861,0.009389671361502261
2022-01-21,84800,86200,84600,85200,105862,-0.009302325581395321
2022-01-24,84800,85500,82800,83100,152840,-0.02464788732394363
2022-01-25,83200,83600,79100,79600,268615,-0.04211793020457277
2022-01-26,79100,80900,78000,78300,154140,-0.01633165829145733
2022-01-27,78300,78600,73000,73200,354564,-0.06513409961685823
2022-01-28,73400,76500,73100,75800,189184,0.03551912568306004
2022-02-03,76700,79900,76300,78700,167114,0.03825857519788922
2022-02-04,78100,79900,77900,79500,76137,0.010165184243964509
2022-02-07,79500,79500,78200,78800,93181,-0.008805031446540879
2022-02-08,79800,88900,79700,85700,715346,0.0875634517766497
2022-02-09,88700,90300,82900,83200,647860,-0.029171528588098017
2022-02-10,83400,84100,81000,82100,260990,-0.013221153846153855
2022-02-11,81500,81600,78700,79400,237697,-0.032886723507917215
2022-02-14,78000,79700,77200,78800,152499,-0.007556675062972307
2022-02-15,78500,79300,75600,76700,148376,-0.026649746192893398
2022-02-16,77500,79800,77500,79000,134261,0.02998696219035213
2022-02-17,79900,80700,78000,78600,141539,-0.005063291139240533
2022-02-18,78300,79700,77800,78900,93372,0.003816793893129722
2022-02-21,77700,79400,77200,79200,95040,0.0038022813688212143
2022-02-22,78000,79600,77700,79600,126705,0.005050505050504972
2022-02-23,80100,80500,79200,79400,122385,-0.002512562814070307
2022-02-24,78300,79200,77300,77900,156169,-0.018891687657430767
2022-02-25,78800,82900,78800,81900,231611,0.051347881899871606
2022-02-28,82000,84600,81700,84600,199536,0.03296703296703307
2022-03-02,84200,86400,84000,85400,144949,0.009456264775413725
2022-03-03,85500,86700,85100,86600,90849,0.014051522248243575
2022-03-04,86600,86800,85100,85300,97731,-0.01501154734411081
2022-03-07,84300,86900,83000,85300,186022,0.0
2022-03-08,84000,88000,83300,86600,220689,0.015240328253223856
2022-03-10,87500,87900,85700,87000,123482,0.004618937644341736
2022-03-11,86300,87900,86000,87300,80127,0.0034482758620688614
2022-03-14,87300,88600,86200,88300,124949,0.01145475372279492
2022-03-15,88100,89700,87600,89600,169855,0.014722536806341946
2022-03-16,89700,92200,89400,91100,203893,0.016741071428571397
2022-03-17,92000,94300,91400,92000,276223,0.009879253567508295
2022-03-18,92100,92800,90600,91900,200615,-0.0010869565217391797
2022-03-21,92000,92000,89500,90000,189530,-0.020674646354733373
2022-03-22,90000,90500,89100,89800,76226,-0.0022222222222222365
2022-03-23,89800,90400,88900,89400,106862,-0.0044543429844098315
2022-03-24,88600,89900,88400,89800,100957,0.004474272930648837
2022-03-25,90200,91300,89900,91000,117415,0.013363028953229383
2022-03-28,91000,91000,89400,90000,65442,-0.01098901098901095
2022-03-29,90000,92000,89300,91600,133175,0.01777777777777767
2022-03-30,92000,92700,90200,90400,115118,-0.013100436681222738
2022-03-31,90600,91100,89400,89800,93492,-0.006637168141592875
2022-04-01,89300,89400,88300,88800,98415,-0.011135857461024523
2022-04-04,88800,90500,88200,90500,83091,0.019144144144144226
2022-04-05,90500,90600,89400,90100,71207,-0.0044198895027623974
2022-04-06,89600,89700,88300,88300,99598,-0.019977802441731418
2022-04-07,87700,87800,86400,86400,110467,-0.021517553793884536
2022-04-08,86800,87500,86200,87400,83232,0.011574074074074181
2022-04-11,86300,87400,86200,87100,77301,-0.003432494279176246
2022-04-12,86300,86700,84200,84600,91465,-0.028702640642939148
2022-04-13,84600,88600,84300,88600,103539,0.047281323877068626
2022-04-14,87600,89200,87300,89100,67136,0.0056433408577878375
2022-04-15,88200,89300,87100,88500,74838,-0.006734006734006703
2022-04-18,87500,88100,87100,87500,50318,-0.011299435028248594
2022-04-19,87300,88800,87300,88300,71635,0.00914285714285712
2022-04-20,87800,88600,86900,87600,107797,-0.007927519818799578
2022-04-21,88400,88400,87500,87900,67353,0.003424657534246478
2022-04-22,87000,87800,86600,86800,73481,-0.012514220705347023
2022-04-25,85200,87200,85200,86700,78418,-0.0011520737327188613
2022-04-26,86700,88800,86200,88800,100253,0.02422145328719716
2022-04-27,87500,89900,87300,89600,150976,0.009009009009008917
2022-04-28,90200,90300,89100,90200,109206,0.006696428571428603
2022-04-29,89900,92200,89500,91800,179255,0.017738359201773912
2022-05-02,91000,93500,90900,93100,149166,0.014161220043573008
2022-05-03,92800,93600,91100,91600,116422,-0.01611170784103111
2022-05-04,91400,91500,90200,90500,80848,-0.012008733624454093
2022-05-06,89700,89900,88200,89000,107816,-0.016574585635359074
2022-05-09,88200,88600,87200,87300,92359,-0.019101123595505642
2022-05-10,87400,87400,84100,85900,114544,-0.016036655211912998
2022-05-11,85100,87000,85100,87000,84503,0.012805587892898762
2022-05-12,86100,86500,81500,81900,189939,-0.05862068965517242
2022-05-13,82500,86300,82500,86300,168481,0.053724053724053755
2022-05-16,86300,89200,85700,88700,157889,0.02780996523754342
2022-05-17,88700,88900,87700,88500,91205,-0.0022547914317925244
2022-05-18,87600,88700,86800,88100,81872,-0.004519774011299438
2022-05-19,87000,87400,85700,86000,100423,-0.023836549375709448
2022-05-20,86600,86800,85600,86300,77180,0.0034883720930232176
2022-05-23,86900,87900,85900,86600,80747,0.0034762456546928444
2022-05-24,86600,87900,85100,85500,85118,-0.012702078521939941
2022-05-25,86400,88300,85700,87400,133473,0.022222222222222143
2022-05-26,87500,88900,87000,87700,89766,0.003432494279176135
2022-05-27,87800,89200,87000,87700,95553,0.0
2022-05-30,88500,88500,87600,87900,65884,0.0022805017103761926
2022-05-31,87800,88300,86600,86700,384169,-0.013651877133105783
2022-06-02,86300,86600,83600,84100,224395,-0.029988465974625123
2022-06-03,85000,85600,84500,85000,88049,0.010701545778834642
2022-06-07,84800,84900,83200,83900,111943,-0.012941176470588234
2022-06-08,83400,84400,82500,82500,87610,-0.016686531585220488
2022-06-09,82500,82500,81400,82400,107945,-0.00121212121212122
2022-06-10,82100,82600,80500,81000,103312,-0.016990291262135915
2022-06-13,79700,80000,76300,76400,159796,-0.05679012345679013
2022-06-14,73700,76300,73700,74500,150870,-0.02486910994764402
2022-06-15,73600,74700,70900,71100,212995,-0.045637583892617406
2022-06-16,72200,72900,70200,70600,122069,-0.007032348804500654
2022-06-17,67200,70900,67200,69600,206494,-0.014164305949008527
2022-06-20,69800,70600,66300,67400,154629,-0.031609195402298895
2022-06-21,67400,70800,67300,70500,117753,0.04599406528189909
2022-06-22,70200,72100,69700,70100,118617,-0.005673758865248235
2022-06-23,69700,71900,69000,70100,149957,0.0
2022-06-24,69400,73600,69400,73000,126168,0.041369472182596345
2022-06-27,74000,74300,71800,73800,92082,0.010958904109588996
2022-06-28,73900,74400,72800,74200,73513,0.005420054200542035
2022-06-29,73100,74500,73000,73500,59502,-0.009433962264150941
2022-06-30,74600,76400,73700,74900,140285,0.01904761904761898
2022-07-01,76100,76100,70100,70400,152030,-0.060080106809078826
2022-07-04,71100,72900,70500,72300,97693,0.026988636363636465
2022-07-05,72300,78400,71700,78000,223413,0.07883817427385886
2022-07-06,77200,77900,75700,75900,151287,-0.02692307692307694
2022-07-07,76500,80500,76100,80100,226950,0.05533596837944654
2022-07-08,80200,80400,78400,78800,82746,-0.01622971285892638
2022-07-11,78800,80700,78200,79200,92955,0.0050761421319796
2022-07-12,78500,79300,77500,78300,65542,-0.011363636363636354
2022-07-13,78500,79300,77500,78200,72135,-0.0012771392081737387
2022-07-14,77200,79100,76300,77800,83640,-0.005115089514066473
2022-07-15,78600,78800,77400,78100,61487,0.003856041131105492
2022-07-18,78800,78800,77500,77700,59188,-0.005121638924455829
2022-07-19,77800,78700,77000,77600,88843,-0.0012870012870013214
2022-07-20,78400,78800,77200,78800,84185,0.015463917525773141
2022-07-21,78300,78900,77400,78400,67476,-0.005076142131979711
2022-07-22,78400,79000,77700,77800,67067,-0.007653061224489832
2022-07-25,77800,79800,77600,79400,96914,0.020565552699228773
2022-07-26,79100,79300,78200,78300,49236,-0.013853904282115859
2022-07-27,78600,79400,78000,78400,59602,0.0012771392081736277
2022-07-28,78500,79200,77800,78000,72107,-0.005102040816326481
2022-07-29,78800,78900,77800,78000,60381,0.0
2022-08-01,77300,78700,77100,78500,68411,0.0064102564102563875
2022-08-02,78000,78300,76000,76200,117157,-0.029299363057324834
2022-08-03,75900,76800,75100,76100,116610,-0.001312335958005284
2022-08-04,76300,77800,76200,77500,128132,0.018396846254927768
2022-08-05,77800,82000,77500,81000,221796,0.04516129032258065
2022-08-08,81200,81200,79500,80400,109734,-0.007407407407407418
2022-08-09,80400,82400,80000,82000,145147,0.01990049751243772
2022-08-10,82200,82600,80400,80700,80127,-0.01585365853658538
2022-08-11,81800,81800,78900,79100,213411,-0.019826517967781898
2022-08-12,80000,80300,78600,79200,112375,0.0012642225031604948
2022-08-16,79300,79300,78300,78900,74746,-0.0037878787878787845
2022-08-17,78800,79000,76900,76900,133326,-0.025348542458808576
2022-08-18,76100,78500,75900,78000,130907,0.014304291287386306
2022-08-19,77600,78000,76500,76900,85362,-0.014102564102564052
2022-08-22,76100,76200,73200,73400,153390,-0.04551365409622887
2022-08-23,72800,73100,70500,70800,144119,-0.03542234332425065
2022-08-24,70900,71300,69700,71000,129336,0.0028248587570620654
2022-08-25,71100,72200,70500,72000,102520,0.014084507042253502
2022-08-26,72100,72500,70900,71000,85309,-0.01388888888888884
2022-08-29,69000,69600,68700,69000,108190,-0.028169014084507005
2022-08-30,69100,72700,69000,71900,138847,0.04202898550724643
2022-08-31,71300,71900,70400,71600,178009,-0.004172461752433909
2022-09-01,72100,72300,69900,71200,132210,-0.005586592178770999
2022-09-02,71400,72200,70000,70100,107689,-0.015449438202247201
2022-09-05,70100,70600,68400,69300,136632,-0.011412268188302432
2022-09-06,69300,70400,69000,69500,57023,0.0028860028860029363
2022-09-07,68500,68900,67700,68000,79012,-0.021582733812949617
2022-09-08,68100,69200,67500,68200,129884,0.002941176470588225
2022-09-13,69000,70700,68900,70500,92130,0.03372434017595305
2022-09-14,68500,70000,68100,69700,79469,-0.01134751773049647
2022-09-15,69600,70000,69200,69600,77090,-0.0014347202295552641
2022-09-16,68800,69000,67600,67900,93481,-0.02442528735632188
2022-09-19,67800,68300,66600,67000,69442,-0.013254786450662692
2022-09-20,68100,68100,66000,66400,82051,-0.008955223880596996
2022-09-21,66000,66100,63600,63700,148701,-0.04066265060240959
2022-09-22,63000,63000,61300,62000,154592,-0.026687598116169498
2022-09-23,61900,61900,59500,59700,153657,-0.0370967741935484
2022-09-26,58700,60000,58400,58700,148178,-0.01675041876046901
2022-09-27,58000,59000,57200,58200,109686,-0.008517887563884163
2022-09-28,57300,59100,56200,57000,138754,-0.020618556701030966
2022-09-29,57300,59200,57300,58200,124055,0.021052631578947434
2022-09-30,57900,58500,56900,56900,105068,-0.022336769759450203
2022-10-04,57500,59000,57400,58000,123906,0.019332161687170446
2022-10-05,58900,58900,54900,55700,166515,-0.03965517241379313
2022-10-06,56000,56600,55300,55400,85635,-0.0053859964093356805
2022-10-07,55100,55300,53500,54700,199817,-0.012635379061371799
2022-10-11,53300,54200,52400,53800,121102,-0.01645338208409508
2022-10-12,53000,53600,51000,53200,174041,-0.01115241635687736
2022-10-13,52500,53800,50900,51800,166301,-0.02631578947368418
2022-10-14,52600,54700,52500,54500,165888,0.05212355212355213
2022-10-17,53200,55400,53100,55000,98128,0.00917431192660545
2022-10-18,55600,56500,55600,56100,116449,0.020000000000000018
2022-10-19,56800,57500,55300,55500,102169,-0.010695187165775444
2022-10-20,55300,55800,54700,55000,99678,-0.009009009009009028
2022-10-21,55500,56400,54500,55300,113457,0.005454545454545379
2022-10-24,56000,57200,55200,55500,104607,0.003616636528029016
2022-10-25,56000,56600,55000,56400,106859,0.016216216216216273
2022-10-26,56400,57100,56000,56200,69858,-0.0035460992907800915
2022-10-27,56800,58300,56600,57000,101587,0.014234875444839812
2022-10-28,57800,58000,56400,56700,83986,-0.0052631578947368585
2022-10-31,58600,59000,57200,58100,101982,0.024691358024691468
2022-11-01,58200,59300,57300,58500,75291,0.0068846815834766595
2022-11-02,58300,61300,57500,60200,134225,0.029059829059828957
2022-11-03,59100,60200,58500,59400,80569,-0.013289036544850474
2022-11-04,59500,59700,58600,59500,65286,0.0016835016835017313
2022-11-07,59900,62200,59500,62200,126105,0.04537815126050426
2022-11-08,62100,62800,61800,62400,72709,0.003215434083601254
2022-11-09,62800,64100,61900,63200,105801,0.012820512820512775
2022-11-10,63000,66400,62500,65900,198041,0.04272151898734178
2022-11-11,67500,68500,67100,68200,157312,0.03490136570561453
2022-11-14,69000,71400,68700,70900,187625,0.03958944281524923
2022-11-15,71200,75800,71100,75800,244495,0.06911142454160779
2022-11-16,76800,76900,74600,75800,194434,0.0
2022-11-17,75400,77200,74200,76200,110546,0.005277044854881341
2022-11-18,75700,78800,75200,77500,191967,0.017060367454068137
2022-11-21,76900,78000,73100,73900,193275,-0.04645161290322586
2022-11-22,73000,74500,71000,71200,172592,-0.03653585926928282
2022-11-23,71200,72000,70400,71600,99384,0.00561797752808979
2022-11-24,72000,73100,71100,72800,80835,0.016759776536312776
2022-11-25,73000,73300,71500,72100,76528,-0.009615384615384581
2022-11-28,72200,74000,71100,72200,96798,0.001386962552011095
2022-11-29,72900,73700,72300,73000,54312,0.011080332409972193
2022-11-30,72600,75500,72300,73600,190427,0.008219178082191858
2022-12-01,74300,75200,72700,72700,79758,-0.012228260869565188
2022-12-02,72200,73800,71700,72500,82789,-0.0027510316368638543
2022-12-05,72500,73300,72000,72600,81132,0.0013793103448276334
2022-12-06,72000,73000,71400,72100,73253,-0.00688705234159781
2022-12-07,72900,72900,70300,72200,78583,0.001386962552011095
2022-12-08,73000,73000,70700,71500,94799,-0.00969529085872578
2022-12-09,72000,73000,71800,72900,74574,0.019580419580419672
2022-12-12,72900,73500,72500,73000,74384,0.00137174211248281
2022-12-13,72900,74500,72500,74400,119291,0.019178082191780854
2022-12-14,74700,77800,74200,77600,171942,0.043010752688172005
2022-12-15,77500,77900,74700,74700,78159,-0.037371134020618535
2022-12-16,74100,74200,73000,73700,74535,-0.01338688085676043
2022-12-19,72900,73600,72400,72500,47613,-0.016282225237449155
2022-12-20,72500,72700,71100,71700,58385,-0.011034482758620734
2022-12-21,71900,72300,71100,71600,40892,-0.001394700139469962
2022-12-22,71800,73200,71800,72800,62525,0.016759776536312776
2022-12-23,72800,72800,71000,71100,55434,-0.02335164835164838
2022-12-26,71100,72200,70600,71400,77640,0.00421940928270037
2022-12-27,71100,72400,71000,71800,88667,0.0056022408963585235
2022-12-28,71000,72100,70200,72100,85173,0.00417827298050133
2022-12-29,71500,72700,70600,72100,97899,0.0
2023-01-02,72000,73500,71200,71400,62710,-0.009708737864077666
2023-01-03,70900,72000,68100,68700,91842,-0.037815126050420145
2023-01-04,69100,70200,67200,70000,105145,0.018922852983988436
2023-01-05,69500,71300,69300,70000,96991,0.0
2023-01-06,70100,71700,69300,70900,65681,0.0128571428571429
2023-01-09,71100,74200,71100,73300,105129,0.03385049365303239
2023-01-10,73600,74600,72500,73800,88234,0.006821282401091366
2023-01-11,74200,74800,73200,74400,58871,0.008130081300812941
2023-01-12,74500,74800,73700,74100,64043,-0.0040322580645161255
2023-01-13,74600,75000,73300,73700,49260,-0.005398110661268607
2023-01-16,73700,74600,73200,74400,54873,0.009497964721845387
2023-01-17,74000,74400,72100,72100,65197,-0.03091397849462363
2023-01-18,73500,73600,72000,72400,75248,0.004160887656033285
2023-01-19,71700,72600,71300,72200,68146,-0.002762430939226568
2023-01-20,71700,72500,71200,71700,54569,-0.006925207756232732
2023-01-25,71600,74800,71400,74400,117340,0.03765690376569042
2023-01-26,74200,75000,73600,74900,60980,0.006720430107526987
2023-01-27,74300,76300,74000,76200,92063,0.01735647530040052
2023-01-30,76000,76600,74600,75000,76615,-0.015748031496062964
2023-01-31,74700,75900,72400,72400,108694,-0.03466666666666662
2023-02-01,72500,72900,69900,71600,179415,-0.011049723756906049
2023-02-02,72100,73700,72000,73100,116090,0.020949720670391025
2023-02-03,72700,73100,71100,72300,88977,-0.01094391244870041
2023-02-06,71700,72700,70900,71400,79386,-0.012448132780082943
2023-02-07,71000,72900,71000,72200,59335,0.011204481792717047
2023-02-08,72200,72500,71500,71800,86276,-0.005540166204986097
2023-02-09,71600,71900,70700,71300,73854,-0.0069637883008356605
2023-02-10,70600,70700,68600,69400,155642,-0.02664796633941091
2023-02-13,68700,69000,67300,67400,114343,-0.028818443804034533
2023-02-14,68500,69300,67600,67900,86415,0.007418397626112849
2023-02-15,68100,68200,66000,66200,105737,-0.025036818851251863
2023-02-16,66400,68800,66300,68000,81939,0.027190332326284095
2023-02-17,67000,67200,66200,66300,75623,-0.025000000000000022
2023-02-20,66400,68300,65700,68200,64324,0.02865761689291091
2023-02-21,67800,68300,67200,67700,62326,-0.007331378299120228
2023-02-22,67000,67000,66200,66500,65827,-0.017725258493353047
2023-02-23,66500,67300,66000,66500,67306,0.0
2023-02-24,66500,66600,65200,65500,94351,-0.015037593984962405
2023-02-27,64600,65100,64200,64700,61412,-0.012213740458015265
2023-02-28,64700,66900,64700,66700,138361,0.03091190108191655
2023-03-02,66700,66700,65000,65200,110107,-0.022488755622188883
2023-03-03,65400,66500,64700,65900,84169,0.010736196319018454
2023-03-06,66000,66300,65000,65400,91874,-0.007587253414264028
2023-03-07,65400,66600,64900,65700,79524,0.004587155963302836
2023-03-08,65100,65100,62400,62700,172594,-0.045662100456621
2023-03-09,62700,63800,62100,62900,115872,0.0031897926634769647
2023-03-10,62300,62900,61200,62400,90882,-0.007949125596184436
2023-03-13,62100,62600,60500,61300,102724,-0.017628205128205177
2023-03-14,60900,61700,59800,60600,142129,-0.011419249592169667
2023-03-15,60800,61300,59500,59500,90247,-0.018151815181518205
2023-03-16,58800,59900,57600,59000,86150,-0.008403361344537785
2023-03-17,59200,62000,59200,62000,116723,0.05084745762711873
2023-03-20,62800,63900,61000,61200,71964,-0.012903225806451646
2023-03-21,61500,62400,60900,61000,41428,-0.0032679738562091387
2023-03-22,61400,62000,60800,61600,72765,0.009836065573770592
2023-03-23,61500,61700,60300,61700,75904,0.0016233766233766378
2023-03-24,60600,62000,60600,61100,54983,-0.00972447325769854
2023-03-27,61200,63300,60300,62500,103684,0.022913256955810146
2023-03-28,62900,62900,61300,61800,90091,-0.011199999999999988
2023-03-29,61900,62500,60600,60700,97282,-0.017799352750809017
2023-03-30,60900,63500,60600,62100,148175,0.023064250411861664
2023-03-31,62500,63600,61800,63300,128563,0.019323671497584627
2023-04-03,63300,64000,61900,62100,104196,-0.018957345971563955
2023-04-04,62200,64200,61400,63800,131232,0.027375201288244666
2023-04-05,63700,65000,62900,63700,119627,-0.0015673981191222097
2023-04-06,63800,65200,62800,62900,120603,-0.012558869701726816
2023-04-07,62900,63800,62300,62600,81564,-0.004769475357710662
2023-04-10,62300,63600,61500,63400,92102,0.012779552715654896
2023-04-11,63400,69600,63000,69200,368294,0.09148264984227139
2023-04-12,68900,71600,68500,70200,236709,0.014450867052023142
2023-04-13,69700,76200,69600,76200,525891,0.08547008547008539
2023-04-14,76900,77000,74900,76000,254555,-0.002624671916010457
2023-04-17,76000,76100,73100,73200,175069,-0.0368421052631579
2023-04-18,73400,73900,71500,71600,177203,-0.021857923497267784
2023-04-19,71600,72200,70300,70500,119149,-0.015363128491620137
2023-04-20,70500,71300,69900,70100,102366,-0.005673758865248235
2023-04-21,69700,70500,69100,69300,90835,-0.011412268188302432
2023-04-24,69300,70600,69000,69200,79756,-0.0014430014430014682
2023-04-25,69900,71600,69200,69700,140116,0.007225433526011571
2023-04-26,69500,71500,68200,70800,106960,0.015781922525107683
2023-04-27,71000,71000,66900,67700,157856,-0.043785310734463234
2023-04-28,68200,69500,67600,69000,112075,0.019202363367799125
2023-05-02,69000,69200,67200,69000,80396,0.0
2023-05-03,68300,68600,67600,68300,60623,-0.010144927536231862
2023-05-04,68000,72900,67700,72900,236658,0.06734992679355778
2023-05-08,72100,72600,70100,70400,140906,-0.03429355281207136
2023-05-09,70500,72200,70300,71300,121026,0.012784090909090828
2023-05-10,71300,71300,69600,70500,69225,-0.011220196353436185
2023-05-11,70200,71200,69500,69500,108194,-0.014184397163120588
2023-05-12,69600,74400,69600,71900,212491,0.03453237410071952
2023-05-15,71600,71800,69200,70900,128208,-0.013908205841446475
2023-05-16,70900,72200,70200,70700,74603,-0.0028208744710860323
2023-05-17,69800,71500,69800,71200,48141,0.007072135785006983
2023-05-18,71300,71500,69600,69700,88498,-0.021067415730337102
2023-05-19,69700,71400,69700,71100,85964,0.020086083213773254
2023-05-22,71100,72400,70900,72300,106039,0.016877637130801704
2023-05-23,72500,73400,71800,72500,89434,0.0027662517289073207
2023-05-24,72200,73800,71900,73000,89059,0.006896551724137945
2023-05-25,72700,73800,71500,71500,103323,-0.020547945205479423
2023-05-26,71300,72600,71200,72300,82545,0.01118881118881121
2023-05-30,72500,73700,72100,73200,124301,0.012448132780082943
2023-05-31,73200,74400,72700,73500,231954,0.004098360655737654
2023-06-01,74200,74900,73300,74700,134188,0.01632653061224487
2023-06-02,74700,75600,73700,75300,128515,0.008032128514056325
2023-06-05,75300,75300,73400,74300,74385,-0.013280212483399723
2023-06-07,74800,76900,74300,74500,139962,0.0026917900403768957
2023-06-08,74800,74900,73000,73200,106918,-0.01744966442953022
2023-06-09,73900,74400,72800,73900,91931,0.0095628415300546
2023-06-12,73900,78300,73900,77500,229972,0.048714479025710355
2023-06-13,77400,81500,77400,81000,366343,0.04516129032258065
2023-06-14,80800,81700,79900,80100,193070,-0.011111111111111072
2023-06-15,80900,82700,78700,79800,183134,-0.0037453183520599342
2023-06-16,80400,86500,80300,85800,693322,0.07518796992481214
2023-06-19,85900,86600,84700,85300,184098,-0.005827505827505797
2023-06-20,85500,86000,82900,83300,147865,-0.023446658851113744
2023-06-21,83500,87300,82600,85800,253371,0.03001200480192079
2023-06-22,84800,87300,84700,85900,127989,0.0011655011655011815
2023-06-23,86200,86200,83600,84500,116263,-0.016298020954598424
2023-06-26,84400,84900,81500,83400,156079,-0.013017751479289963
2023-06-27,82700,83900,81300,81600,139391,-0.021582733812949617
2023-06-28,82400,82500,81100,81600,88250,0.0
2023-06-29,81000,83100,80300,82000,134560,0.004901960784313708
2023-06-30,82100,82700,80500,80900,78320,-0.013414634146341475
2023-07-03,82700,83900,81200,82400,115478,0.018541409147095234
2023-07-04,82000,84100,81600,83200,104310,0.009708737864077666
2023-07-05,83000,84200,77700,78800,256751,-0.05288461538461542
2023-07-06,78800,78800,76900,77700,188517,-0.013959390862944177
2023-07-07,77700,77800,74700,75400,155257,-0.029601029601029616
2023-07-10,74500,75800,73000,73400,152857,-0.02652519893899208
2023-07-11,73400,74800,72900,73700,129163,0.004087193460490468
2023-07-12,73700,74000,72700,73700,80110,0.0
2023-07-13,74300,76900,74200,75700,198865,0.027137042062415295
2023-07-14,76500,77800,75900,76500,128510,0.010568031704095038
2023-07-17,77600,78000,75900,76400,86559,-0.0013071895424836555
2023-07-18,76400,77100,74700,75400,90659,-0.01308900523560208
2023-07-19,75600,82300,74700,81600,278945,0.08222811671087538
2023-07-20,81600,87000,81100,85400,380258,0.04656862745098045
2023-07-21,85400,87000,84000,85400,233863,0.0
2023-07-24,85700,86700,83300,84600,176847,-0.00936768149882905
2023-07-25,84300,85500,81500,81700,149965,-0.0342789598108747
2023-07-26,81700,84500,79500,84000,313396,0.028151774785801775
2023-07-27,83400,84900,82800,84000,177218,0.0
2023-07-28,83200,84000,80700,81700,122801,-0.027380952380952395
2023-07-31,81700,83200,80500,81400,130625,-0.003671970624234966
2023-08-01,81300,90500,81300,90000,743470,0.10565110565110558
2023-08-02,90000,94000,89200,91000,683006,0.011111111111111072
2023-08-03,92600,96400,92200,94500,620655,0.03846153846153855
2023-08-04,95700,97000,92700,96300,441726,0.01904761904761898
2023-08-07,95700,95700,90400,91500,368955,-0.049844236760124616
2023-08-08,91900,92900,90400,91600,198826,0.0010928961748633004
2023-08-09,92200,99400,92200,99300,754100,0.0840611353711791
2023-08-10,98200,103000,97500,99700,628120,0.004028197381671594
2023-08-11,99800,99800,94000,94700,526011,-0.05015045135406215
2023-08-14,94600,97500,94200,95500,285143,0.008447729672650395
2023-08-16,94200,95300,92600,93900,206162,-0.01675392670157072
2023-08-17,93000,93300,87600,88800,391426,-0.054313099041533586
2023-08-18,89300,89500,86000,86500,265782,-0.025900900900900914
2023-08-21,87300,89700,86700,87900,223751,0.016184971098266
2023-08-22,87900,87900,85700,86200,185316,-0.019340159271899915
2023-08-23,86300,88300,84700,85300,168524,-0.01044083526682138
2023-08-24,85300,85900,84700,85300,150529,0.0
2023-08-25,84200,85600,83700,84700,102136,-0.007033997655334079
2023-08-28,85700,86200,81900,84800,181167,0.0011806375442739991
2023-08-29,84900,86200,83900,85800,130650,0.011792452830188704
2023-08-30,86600,88200,85900,86500,158068,0.008158508158508049
2023-08-31,86300,87600,85400,85700,178389,-0.009248554913294793
2023-09-01,85700,86500,82100,82100,212645,-0.04200700116686118
2023-09-04,81300,82900,81100,81900,134158,-0.0024360535931789995
2023-09-05,82000,82100,80800,81300,119777,-0.0073260073260073
2023-09-06,80700,82400,80600,81600,101774,0.0036900369003689537
2023-09-07,80800,82200,79500,80400,138528,-0.014705882352941124
2023-09-08,80800,82800,80400,81900,162049,0.018656716417910557
2023-09-11,81900,87700,81700,87000,299388,0.06227106227106227
2023-09-12,88000,88800,85400,87700,275243,0.008045977011494232
2023-09-13,87000,88400,85400,87000,152301,-0.007981755986317007
2023-09-14,87800,95500,86600,93000,888940,0.06896551724137923
2023-09-15,92300,92800,90200,91300,222904,-0.018279569892473146
2023-09-18,90600,93000,90500,91600,103098,0.0032858707557503752
2023-09-19,91100,91300,88800,90000,128062,-0.017467248908296984
2023-09-20,89400,89700,87800,88400,115738,-0.01777777777777778
2023-09-21,87200,89900,86600,87000,142019,-0.015837104072398245
2023-09-22,86300,87300,86100,86300,89174,-0.008045977011494232
2023-09-25,86000,86900,84700,85400,81475,-0.010428736964078755
2023-09-26,85100,86000,83200,84400,85712,-0.011709601873536313
2023-09-27,83400,88000,83400,86200,110156,0.021327014218009532
2023-10-04,86200,86900,80200,80500,186553,-0.06612529002320189
2023-10-05,81500,82200,79800,80400,102966,-0.001242236024844745
2023-10-06,79700,84400,79700,83900,110571,0.04353233830845782
2023-10-10,85400,85500,81800,82400,121838,-0.017878426698450522
2023-10-11,83000,84400,81100,83000,126518,0.00728155339805836
2023-10-12,83900,85300,83200,85200,115349,0.026506024096385472
2023-10-13,84000,84100,80000,81000,251843,-0.04929577464788737
2023-10-16,80000,81500,79900,80900,128292,-0.0012345679012345512
2023-10-17,81400,81600,79200,79200,199389,-0.021013597033374576
2023-10-18,79200,79800,76400,77100,238772,-0.02651515151515149
2023-10-19,76200,77000,75500,76200,126906,-0.011673151750972721
2023-10-20,75700,76500,74200,75500,125081,-0.009186351706036766
2023-10-23,75500,76800,74700,76000,97056,0.0066225165562914245
2023-10-24,76800,77300,73500,76900,129541,0.011842105263157876
2023-10-25,77300,78000,76100,77200,102844,0.0039011703511053764
2023-10-26,76500,76700,74100,75400,98644,-0.023316062176165775
2023-10-27,75800,76300,74600,74800,80275,-0.007957559681697646
2023-10-30,74400,76300,74400,75900,83365,0.014705882352941124
2023-10-31,76500,77000,74800,75400,79072,-0.006587615283267456
2023-11-01,75400,76100,74300,75600,92279,0.0026525198938991412
2023-11-02,76100,77500,75800,77200,147421,0.021164021164021163
2023-11-03,78000,78200,77100,77300,65838,0.0012953367875647714
2023-11-06,78700,83200,78500,83200,246711,0.07632600258732203
2023-11-07,82900,88100,82300,85700,244561,0.030048076923076872
2023-11-08,86900,89500,86100,87600,201485,0.022170361726954413
2023-11-09,87600,88700,85100,85200,105339,-0.0273972602739726
2023-11-10,84600,87700,84400,87600,146242,0.028169014084507005
2023-11-13,88400,88500,85000,86400,98971,-0.013698630136986356
2023-11-14,87700,87700,85200,86000,60933,-0.00462962962962965
2023-11-15,87900,88500,86400,87800,115247,0.020930232558139528
2023-11-16,87200,88000,86500,87000,51377,-0.009111617312072884
2023-11-17,87300,87600,85400,85700,38421,-0.014942528735632177
2023-11-20,86300,87300,85400,87200,47596,0.0175029171528589
2023-11-21,87900,89200,86700,88600,92129,0.016055045871559592
2023-11-22,88500,91000,87900,89400,131275,0.009029345372460584
2023-11-23,90700,90700,89100,90400,66598,0.01118568232662187
2023-11-24,90000,90400,86700,86800,107379,-0.03982300884955747
2023-11-27,86800,87200,85500,86300,79787,-0.005760368663594417
2023-11-28,87100,88200,86100,87100,90145,0.009269988412514474
2023-11-29,87000,87100,84700,84700,104792,-0.027554535017221604
2023-11-30,84700,86100,84000,86100,133401,0.016528925619834656
2023-12-01,86100,87800,85200,85300,82193,-0.009291521486643473
2023-12-04,85300,87800,84500,86300,105264,0.011723329425556761
2023-12-05,85800,91500,85600,91200,230424,0.056778679026651124
2023-12-06,91700,91700,89600,89600,107102,-0.01754385964912286
2023-12-07,89800,94000,89600,90100,195190,0.005580357142857206
2023-12-08,90300,90700,88900,90200,77048,0.0011098779134295356
2023-12-11,90500,91400,88200,89200,90911,-0.011086474501108667
2023-12-12,89400,90700,88800,90000,74014,0.008968609865470878
2023-12-13,90500,90600,88700,89700,51309,-0.0033333333333332993
2023-12-14,91000,92200,90100,90800,150821,0.012263099219620877
2023-12-15,90800,91800,89500,91800,112040,0.011013215859030812
2023-12-18,91300,91900,90700,91400,60881,-0.004357298474945481
2023-12-19,90800,92600,90800,91100,62240,-0.003282275711159688
2023-12-20,91700,93500,91300,92600,153286,0.016465422612513825
2023-12-21,92000,92500,89600,91200,98834,-0.015118790496760237
2023-12-22,91400,93600,91200,93500,162501,0.025219298245614086
2023-12-26,94400,97600,94000,97500,280718,0.04278074866310155
2023-12-27,98100,99600,96600,98000,276968,0.00512820512820511
2023-12-28,97800,100600,97500,100400,269232,0.02448979591836742
2024-01-02,100600,103400,99100,103100,323151,0.02689243027888444
2024-01-03,103300,104800,100200,103900,308598,0.007759456838021261
2024-01-04,102800,102800,96100,96200,443681,-0.07410972088546675
2024-01-05,95700,98000,94600,97200,174184,0.01039501039501034
2024-01-08,97500,98400,94600,95600,166455,-0.016460905349794275
2024-01-09,96300,97300,95600,96300,98275,0.007322175732217495
2024-01-10,97300,98200,96600,97400,133809,0.011422637590861928
2024-01-11,97200,98400,94800,96900,153189,-0.005133470225872738
2024-01-12,96700,97600,95100,95900,98220,-0.01031991744066052
2024-01-15,95700,96400,94200,94700,84107,-0.012513034410844615
2024-01-16,93500,95900,93200,94500,85839,-0.002111932418162654
2024-01-17,93900,94100,89200,89500,215230,-0.05291005291005291
2024-01-18,89500,90600,88200,88700,96523,-0.00893854748603351
2024-01-19,88800,90000,86600,88600,176480,-0.0011273957158962622
2024-01-22,89400,91900,88600,91900,134515,0.03724604966139955
2024-01-23,92600,92700,90800,91600,79418,-0.0032644178454842576
2024-01-24,91600,91700,89800,90000,57076,-0.017467248908296984
2024-01-25,90400,90400,89000,89300,77324,-0.007777777777777772
2024-01-26,88600,89000,87600,88000,131874,-0.014557670772676334
2024-01-29,88900,94900,88900,93900,291862,0.06704545454545463
2024-01-30,94800,94900,91400,91900,176560,-0.021299254526091604
2024-01-31,91600,93900,91000,93000,152020,0.01196953210010876
2024-02-01,92100,92300,88500,90000,180945,-0.032258064516129004
2024-02-02,89400,92700,89400,92400,99786,0.026666666666666616
2024-02-05,91500,92000,89300,90200,113451,-0.023809523809523836
2024-02-06,89300,90800,88500,88900,111432,-0.014412416851441234
2024-02-07,89700,89800,84400,85200,308172,-0.04161979752530931
2024-02-08,85400,86700,84700,85400,167387,0.0023474178403755097
2024-02-13,86300,87100,85400,86800,120720,0.016393442622950838
2024-02-14,85700,86400,84700,86200,72783,-0.00691244239631339
2024-02-15,87200,87400,85100,85400,59440,-0.009280742459396807
2024-02-16,86500,87200,84700,85400,125524,0.0
2024-02-19,86000,86700,85000,86500,98964,0.012880562060889833
2024-02-20,86200,89600,86100,89000,222313,0.028901734104046284
2024-02-21,89000,90900,88200,90200,140941,0.01348314606741563
2024-02-22,90900,93300,90000,90900,182034,0.0077605321507761005
2024-02-23,90900,94000,90900,92600,212912,0.018701870187018743
2024-02-26,93600,95200,93000,93100,180769,0.005399568034557323
2024-02-27,93300,94500,91800,93800,144031,0.007518796992481258
2024-02-28,93900,94500,91700,94100,143934,0.0031982942430703876
2024-02-29,93200,97900,92200,96900,827795,0.029755579171094615
2024-03-04,96800,96800,91700,92000,197164,-0.05056759545923628
2024-03-05,91500,93300,90900,91000,98980,-0.010869565217391353
2024-03-06,90200,92500,90000,91700,96062,0.007692307692307665
2024-03-07,92600,92700,90000,90500,61721,-0.013086150490730697
2024-03-08,91000,93900,90500,93900,122111,0.037569060773480656
2024-03-11,94100,96700,94100,95100,147317,0.012779552715654896
2024-03-12,95000,96400,93500,94700,97825,-0.004206098843322792
2024-03-13,95100,95500,92000,93100,115586,-0.0168954593453009
2024-03-14,93600,96300,92400,96000,214598,0.031149301825993625
2024-03-15,95700,96100,93300,93900,123916,-0.021874999999999978
2024-03-18,94000,95500,93500,94400,87853,0.005324813631522929
2024-03-19,93900,94700,92700,93400,81729,-0.010593220338983023
2024-03-20,94300,94800,92300,93400,83986,0.0
2024-03-21,94200,96400,94100,96000,147529,0.027837259100642386
2024-03-22,95400,95800,94500,94600,71040,-0.014583333333333282
2024-03-25,95300,96300,94600,95700,109431,0.011627906976744207
2024-03-26,96600,98700,93500,94000,192526,-0.017763845350052265
2024-03-27,93300,95600,92000,94700,119998,0.007446808510638281
2024-03-28,93800,94800,92400,92500,100329,-0.023231256599788752
2024-03-29,93200,93400,91400,91700,111298,-0.008648648648648671
2024-04-01,93000,93300,91600,92000,69726,0.0032715376226826187
2024-04-02,91500,92000,89500,89900,114716,-0.022826086956521774
2024-04-03,89100,89900,87800,88200,133298,-0.018909899888765347
2024-04-04,89100,92200,88900,89500,122431,0.01473922902494329
2024-04-05,88700,89500,87800,88400,69268,-0.012290502793296132
2024-04-08,88400,89300,86700,89100,90625,0.007918552036199067
2024-04-09,89000,89700,87600,88400,65436,-0.007856341189674487
2024-04-11,87600,88400,85700,87900,132846,-0.005656108597285048
2024-04-12,87600,87900,86200,86700,77660,-0.013651877133105783
2024-04-15,85500,86000,82900,83600,140511,-0.035755478662053086
2024-04-16,82800,83400,81100,81600,114926,-0.02392344497607657
2024-04-17,81600,82500,80700,80700,85154,-0.011029411764705843
2024-04-18,81500,85600,81000,84400,90986,0.045848822800495626
2024-04-19,83200,84400,81000,82700,93967,-0.020142180094786744
2024-04-22,84700,85400,83200,84200,70684,0.018137847642079707
2024-04-23,84200,86100,83700,84000,65826,-0.002375296912114022
2024-04-24,85200,85300,83900,85000,58324,0.011904761904761862
2024-04-25,84100,85000,83000,83300,80223,-0.020000000000000018
2024-04-26,83700,83800,82600,83500,37526,0.0024009603841537164
2024-04-29,84000,86000,83800,85900,91765,0.028742514970059974
2024-04-30,85200,90500,85200,87600,174895,0.019790454016298087
2024-05-02,87500,89200,87100,88300,72720,0.007990867579908745
2024-05-03,88700,89000,86600,86600,62483,-0.01925254813137034
2024-05-07,88100,89900,87500,88800,109295,0.025404157043879882
2024-05-08,88900,90300,88100,89500,70976,0.007882882882882969
2024-05-09,89800,90600,88100,88400,91951,-0.012290502793296132
2024-05-10,89800,92000,89800,89800,113931,0.015837104072398134
2024-05-13,89800,90500,88400,88600,43862,-0.013363028953229383
2024-05-14,89400,89400,87300,87500,58199,-0.01241534988713322
2024-05-16,89400,90200,88800,89600,67761,0.02400000000000002
2024-05-17,88800,90500,88300,89600,73206,0.0
2024-05-20,90000,90100,88500,89600,47283,0.0
2024-05-21,88400,88700,86500,88300,71697,-0.014508928571428603
2024-05-22,87500,88100,86000,86100,85133,-0.02491506228765572
2024-05-23,86000,86100,84800,85200,62763,-0.010452961672473893
2024-05-24,84200,84900,83100,83500,90106,-0.0199530516431925
2024-05-27,84100,84500,82400,83900,76315,0.004790419161676551
2024-05-28,82600,84100,82600,84000,68351,0.0011918951132301459
2024-05-29,83200,84100,82600,82600,71544,-0.01666666666666672
2024-05-30,82100,85200,81700,84100,108328,0.018159806295399594
2024-05-31,85000,85500,82600,85400,203807,0.015457788347205792
2024-06-03,85300,86300,84400,85800,76528,0.004683840749414525
2024-06-04,84800,87600,84500,86400,81310,0.006993006993007089
2024-06-05,87000,87000,85200,85200,49644,-0.01388888888888884
2024-06-07,86000,88300,85700,86200,71727,0.011737089201877993
2024-06-10,85100,85100,81400,82000,197228,-0.04872389791183296
2024-06-11,82000,82500,80300,80300,149066,-0.02073170731707319
2024-06-12,80100,80900,79600,79800,92282,-0.0062266500622665255
2024-06-13,80000,81700,79500,79500,142473,-0.003759398496240629
2024-06-14,79200,79900,78200,78300,122698,-0.015094339622641506
2024-06-17,78100,78500,77100,78000,98878,-0.003831417624521105
2024-06-18,78800,78800,76800,76900,77380,-0.014102564102564052
2024-06-19,77800,77800,76500,77400,73049,0.006501950585175553
2024-06-20,77000,78900,76600,76800,118302,-0.007751937984496138
2024-06-21,76500,77300,75500,76000,111043,-0.01041666666666663
2024-06-24,76000,77000,75800,76300,55543,0.003947368421052699
2024-06-25,77000,79000,76500,78800,113412,0.03276539973787673
2024-06-26,78100,78100,76500,77000,78801,-0.022842639593908642
2024-06-27,76300,77300,75600,75700,78687,-0.016883116883116833
2024-06-28,75800,77500,74900,77500,89048,0.023778071334213946
2024-07-01,77300,79300,76500,78900,80615,0.01806451612903226
2024-07-02,78100,78900,77200,78400,62784,-0.006337135614702172
2024-07-03,78000,78700,77400,77500,45577,-0.011479591836734748
2024-07-04,77700,78500,76300,77100,68848,-0.005161290322580614
2024-07-05,77200,79800,76700,79000,118693,0.024643320363164634
2024-07-08,80100,80900,78700,79900,116454,0.0113924050632912
2024-07-09,80300,81200,79700,80700,98503,0.01001251564455563
2024-07-10,79900,81000,79400,80000,55437,-0.008674101610904539
2024-07-11,80900,81000,79100,80300,87512,0.00374999999999992
2024-07-12,80500,83800,80100,83000,145779,0.033623910336239016
2024-07-15,83800,83800,81700,81800,73241,-0.014457831325301207
2024-07-16,82200,82700,80500,81800,71493,0.0
2024-07-17,83300,86400,82900,85100,263057,0.04034229828850866
2024-07-18,85500,87500,84500,86300,245936,0.014101057579318343
2024-07-19,85100,86700,84200,86400,79657,0.0011587485515642815
2024-07-22,86000,87100,84600,85300,69411,-0.01273148148148151
2024-07-23,85300,85800,83700,83800,70642,-0.017584994138335253
2024-07-24,83000,86000,82800,85000,66613,0.014319809069212486
2024-07-25,85300,85600,83300,84300,57486,-0.008235294117647007
2024-07-26,84500,85500,83600,83700,52753,-0.007117437722419906
2024-07-29,84100,86200,84000,85000,82138,0.015531660692950977
2024-07-30,84200,85900,83800,84500,55141,-0.00588235294117645
2024-07-31,85000,88000,84100,85700,188739,0.014201183431952646
2024-08-01,85800,88400,85300,87100,101239,0.016336056009334854
2024-08-02,86100,87900,85100,86100,119535,-0.01148105625717566
2024-08-05,85000,85300,72600,77400,214229,-0.10104529616724733
2024-08-06,79300,82200,78200,79100,163093,0.021963824289405576
2024-08-07,77600,85700,77500,85500,180833,0.08091024020227566
2024-08-08,84500,92900,82800,89800,698388,0.05029239766081872
2024-08-09,91000,93400,89300,92300,342745,0.027839643652561197
2024-08-12,94200,99200,93000,98800,707165,0.07042253521126751
2024-08-13,98000,99800,95300,97000,393782,-0.018218623481781382
2024-08-14,97400,99500,96300,98900,294264,0.019587628865979312
2024-08-16,100000,106500,99800,105600,826874,0.06774519716885741
2024-08-19,108200,110800,105500,107400,579824,0.017045454545454586
2024-08-20,109000,110000,105400,106000,292519,-0.013035381750465591
2024-08-21,107100,107600,103800,107000,330131,0.009433962264151052
2024-08-22,105700,105800,101500,103800,361724,-0.029906542056074792
2024-08-23,103000,108900,102500,108800,384751,0.048169556840077066
2024-08-26,110000,111700,106000,109500,446703,0.006433823529411686
2024-08-27,109700,113400,107200,108900,465186,-0.005479452054794498
2024-08-28,108400,114700,107600,113200,687388,0.03948576675849402
2024-08-29,113700,119500,113000,115000,1015944,0.01590106007067127
2024-08-30,115100,117400,112500,115000,507754,0.0
2024-09-02,116600,116600,108900,112400,436104,-0.022608695652173938
2024-09-03,111900,113800,110000,110500,273841,-0.01690391459074736
2024-09-04,106100,109100,106000,107500,317512,-0.02714932126696834
2024-09-05,108100,108700,100200,104000,412941,-0.032558139534883734
2024-09-06,104000,105800,100500,104100,273737,0.0009615384615384581
2024-09-09,102400,105400,102000,104400,217936,0.0028818443804035088
2024-09-10,105700,107000,103100,104000,208709,-0.003831417624521105
2024-09-11,104900,106600,98500,99800,420140,-0.04038461538461535
2024-09-12,100900,103500,98000,103200,685188,0.03406813627254501
2024-09-13,103200,104900,101100,104300,226335,0.01065891472868219
2024-09-19,106600,107000,103700,105800,491878,0.014381591562799612
2024-09-20,106100,111000,104700,108800,844498,0.02835538752362954
2024-09-23,111400,113000,108600,111400,497683,0.023897058823529438
2024-09-24,111900,112000,106300,110500,386256,-0.008078994614003632
2024-09-25,110500,111300,105500,106100,334151,-0.03981900452488685
2024-09-26,105300,108300,105300,107900,208191,0.016965127238454336
2024-09-27,108100,108200,103200,103400,267835,-0.04170528266913809
2024-09-30,103400,105800,102000,104000,236542,0.005802707930367523
2024-10-02,102600,104500,101900,103100,151732,-0.008653846153846123
2024-10-04,103300,108700,102300,108300,358084,0.05043646944713864
2024-10-07,107500,108200,106000,106500,201462,-0.0166204986149584
2024-10-08,105600,109300,105500,109100,270686,0.024413145539906145
2024-10-10,111000,113500,107300,109400,455813,0.00274977085242889
2024-10-11,109500,118000,108100,117800,805001,0.07678244972577697
2024-10-14,120000,121600,117200,119200,732947,0.011884550084889645
2024-10-15,119800,125900,118500,125900,1199364,0.05620805369127524
2024-10-16,125700,130000,124800,125700,1051509,-0.001588562351072298
2024-10-17,127700,127900,124000,125400,501439,-0.0023866348448687846
2024-10-18,124800,125600,121300,123200,450067,-0.01754385964912286
2024-10-21,124000,126000,121600,124300,316908,0.008928571428571397
2024-10-22,123700,125000,121000,122900,339573,-0.011263073209975882
2024-10-23,122000,123300,116500,120500,466766,-0.019528071602929242
2024-10-24,118600,122800,118500,121100,227296,0.004979253112033177
2024-10-25,121400,121500,117700,118600,216137,-0.02064409578860449
2024-10-28,119300,120800,117600,119700,197144,0.009274873524451888
2024-10-29,119800,123600,118400,120500,343927,0.006683375104427736
2024-10-30,119700,121100,116600,119600,289994,-0.007468879668049766
2024-10-31,118900,120300,115000,117900,294040,-0.014214046822742521
2024-11-01,116000,117400,113900,114400,220495,-0.02968617472434265
2024-11-04,113800,123000,112900,122500,477283,0.07080419580419584
2024-11-05,122200,124000,118800,119000,227593,-0.02857142857142858
2024-11-06,120200,122500,117200,120900,310171,0.015966386554621792
2024-11-07,119700,120600,112600,114700,359237,-0.05128205128205132
2024-11-08,117100,118400,111700,112000,554078,-0.023539668700959027
2024-11-11,114000,115400,111500,113600,331018,0.014285714285714235
2024-11-12,113200,114400,108200,109000,406617,-0.040492957746478875
2024-11-13,107700,109600,102800,104100,356746,-0.04495412844036695
2024-11-14,105100,106200,103400,103500,222245,-0.0057636887608069065
2024-11-15,103000,105300,101100,103300,249671,-0.0019323671497584183
2024-11-18,102600,103300,98900,101200,265714,-0.020329138431752214
2024-11-19,101200,101800,97000,97500,390166,-0.0365612648221344
2024-11-20,98300,100200,96500,97900,238806,0.004102564102564044
2024-11-21,98500,99000,94300,97600,232643,-0.003064351378958108
2024-11-22,97700,98000,94700,95400,292234,-0.02254098360655743
2024-11-25,96500,101400,95400,100900,406354,0.057651991614255715
2024-11-26,100900,101800,96700,97700,228195,-0.031714568880079286
2024-11-27,97700,100000,97100,99900,194598,0.022517911975435068
2024-11-28,100300,103900,99800,103000,277147,0.03103103103103111
2024-11-29,104000,106800,102800,103400,425341,0.003883495145631022
2024-12-02,104500,105400,101300,102700,193399,-0.0067698259187620735
2024-12-03,103600,105300,101700,104600,261125,0.01850048685491723
2024-12-04,101900,104100,100100,102900,365006,-0.016252390057361343
2024-12-05,103900,107000,103100,104100,259906,0.011661807580174877
2024-12-06,104300,104300,99100,101800,262830,-0.022094140249759864
2024-12-09,99200,100200,96800,96900,218351,-0.048133595284872266
2024-12-10,98000,102700,98000,102100,185535,0.05366357069143457
2024-12-11,101600,101700,98200,98800,318228,-0.032321253672869754
2024-12-12,100000,106800,100000,105000,549209,0.06275303643724706
2024-12-13,105600,107700,104300,105900,244862,0.008571428571428674
2024-12-16,106700,106800,104200,105300,189733,-0.005665722379603388
2024-12-17,105300,107100,103700,105200,175184,-0.0009496676163343043
2024-12-18,106200,107600,104300,106300,224143,0.010456273764258617
2024-12-19,103000,105100,102700,103600,193554,-0.02539981185324558
2024-12-20,103100,103600,99700,102100,180619,-0.014478764478764505
2024-12-23,102500,105500,102500,104700,136361,0.025465230166503483
2024-12-24,104700,105600,102800,104500,134054,-0.0019102196752626144
2024-12-26,105500,106400,102800,103300,109623,-0.011483253588516762
2024-12-27,102600,106100,102600,103800,216236,0.004840271055179146
2024-12-30,103000,112600,102900,111100,406792,0.07032755298651261
2025-01-02,111800,112900,107800,108600,285341,-0.022502250225022502
2025-01-03,109100,111700,108000,109200,246937,0.005524861878453136
2025-01-06,110200,111500,105900,110400,288708,0.01098901098901095
2025-01-07,110000,118300,109000,116300,530131,0.05344202898550732
2025-01-08,116000,118700,115400,117000,274756,0.006018916595012858
2025-01-09,117000,118000,114100,117100,231597,0.0008547008547008517
2025-01-10,118200,118300,114300,115100,190027,-0.01707941929974377
2025-01-13,113600,116700,113600,115200,192514,0.0008688097306690512
2025-01-14,115900,115900,110800,110900,242519,-0.03732638888888884
2025-01-15,111500,112500,109900,110300,184331,-0.0054102795311090635
2025-01-16,112200,115100,111900,112600,267622,0.020852221214868516
2025-01-17,112400,113000,108500,109700,241145,-0.025754884547069312
2025-01-20,110000,110300,107200,108700,208260,-0.00911577028258892
2025-01-21,110000,110300,107400,107700,146398,-0.009199632014719406
2025-01-22,109200,111700,108200,108800,232371,0.01021355617455888
2025-01-23,109600,112600,107900,108700,145093,-0.0009191176470588758
2025-01-24,109200,112000,108800,109200,148368,0.004599816007359703
2025-01-31,111000,111400,107600,109100,162112,-0.0009157509157509125
2025-02-03,106400,107000,101900,103200,277248,-0.054078826764436316
2025-02-04,104400,108000,103800,106200,198006,0.029069767441860517
2025-02-05,106500,109600,105000,108400,207315,0.020715630885122405
2025-02-06,109300,128400,108600,127000,2351766,0.17158671586715868
2025-02-07,125000,127900,124200,127900,618850,0.007086614173228423
2025-02-10,128300,128900,122500,124700,519046,-0.02501954652071936
2025-02-11,126700,129100,124200,126000,460638,0.010425020048115519
2025-02-12,127000,127000,121700,124400,327304,-0.012698412698412653
2025-02-13,124400,127300,122300,125400,455400,0.008038585209003246
2025-02-14,126100,129800,124500,125600,386784,0.0015948963317384823
2025-02-17,125900,128000,123700,127800,324630,0.01751592356687892
2025-02-18,129000,129000,123500,124800,321000,-0.023474178403755874
2025-02-19,122300,122800,116900,119100,701273,-0.04567307692307687
2025-02-20,118900,118900,115100,115600,345006,-0.029387069689336687
2025-02-21,116700,117300,114700,115100,233849,-0.004325259515570945
2025-02-24,114000,116000,113000,115200,177215,0.0008688097306690512
2025-02-25,114500,119000,113700,117400,318595,0.01909722222222232
2025-02-26,118500,119100,116000,118100,212145,0.00596252129471897
2025-02-27,118200,118900,116900,118100,156882,0.0
2025-02-28,116200,116800,112500,114000,326911,-0.03471634208298058
2025-03-04,112400,116300,111500,115200,192645,0.010526315789473717
2025-03-05,114300,117700,112900,113800,219724,-0.01215277777777779
2025-03-06,114800,117500,112400,115200,212810,0.012302284710017597
2025-03-07,113200,113800,106700,106900,448944,-0.07204861111111116
2025-03-10,107000,108600,105700,107300,137475,0.00374181478016844
2025-03-11,104400,106200,103700,105100,156340,-0.020503261882572232
2025-03-12,105200,106600,104700,105500,100288,0.0038058991436726863
2025-03-13,105900,107800,104750,105100,156664,-0.0037914691943128354
2025-03-14,104600,108500,104600,106600,153613,0.014272121788772685
2025-03-17,106700,107700,104000,106300,243122,-0.0028142589118198558
2025-03-18,106700,108000,106300,106700,130970,0.0037629350893697566
2025-03-19,105900,108300,105800,106100,127252,-0.005623242736644829
2025-03-20,106800,107300,103800,103900,175074,-0.020735155513666337
2025-03-21,102400,104900,102300,104500,194573,0.005774783445620768
2025-03-24,105000,105900,103500,104200,75422,-0.002870813397129135
2025-03-25,105000,108500,104000,107400,155708,0.030710172744721653
2025-03-26,107900,107900,102500,104100,132972,-0.030726256983240274
2025-03-27,103000,103500,102000,102000,84570,-0.02017291066282423
2025-03-28,102300,102500,100100,100800,78880,-0.0117647058823529
2025-03-31,99000,100000,97000,99300,129572,-0.014880952380952328
2025-04-01,99400,102000,98900,101400,91340,0.02114803625377637
2025-04-02,101600,101700,99000,99700,127582,-0.0167652859960552
2025-04-03,97400,105500,97200,104900,287933,0.052156469408224604
2025-04-04,103300,105100,101000,102300,125078,-0.024785510009532885
2025-04-07,98300,99100,95700,95900,208248,-0.06256109481915939
2025-04-08,97500,100700,96800,99100,127006,0.033368091762252305
2025-04-09,97400,98900,94900,95400,151669,-0.03733602421796167
2025-04-10,100900,101100,98700,100500,112235,0.053459119496855445
2025-04-11,98000,102300,98000,102100,100165,0.015920398009950265
2025-04-14,102500,103500,100200,103000,76648,0.008814887365328206
2025-04-15,102100,103500,101500,103300,78897,0.002912621359223211
2025-04-16,103300,104900,102200,102600,92482,-0.006776379477250738
2025-04-17,103000,104600,102600,104000,108088,0.013645224171539905
2025-04-18,104000,105700,103800,104800,63735,0.007692307692307665
2025-04-21,104400,104900,103100,104900,60437,0.000954198473282375
2025-04-22,104500,105500,103600,104100,70814,-0.007626310772163913
2025-04-23,104500,105600,103800,104900,95120,0.007684918347742542
2025-04-24,105100,105300,103400,104300,98651,-0.0057197330791229906
2025-04-25,104400,104900,102400,103200,116713,-0.010546500479386434
2025-04-28,102500,106400,102500,104300,168034,0.01065891472868219
2025-04-29,104500,106500,104500,106400,122476,0.020134228187919545
2025-04-30,105400,107400,105100,106500,142859,0.0009398496240602405
2025-05-02,106000,108600,105300,107400,90798,0.008450704225352101
2025-05-07,105400,106000,99000,99000,422904,-0.07821229050279332
2025-05-08,99300,99900,97900,97900,222083,-0.011111111111111072
2025-05-09,99100,99800,89000,90400,745797,-0.07660878447395303
2025-05-12,89400,89900,86900,88500,436640,-0.021017699115044253
2025-05-13,91300,93700,90600,92000,353958,0.039548022598870025
2025-05-14,91400,92300,89500,92100,199980,0.0010869565217390686
2025-05-15,91200,92400,90700,90700,106435,-0.015200868621064068
2025-05-16,90700,91500,89500,90700,106096,0.0
2025-05-19,89800,90700,88900,89200,81791,-0.016538037486218293
2025-05-20,89900,90800,88900,89200,109431,0.0
2025-05-21,89200,93000,89200,92500,229037,0.036995515695067205
2025-05-22,91300,92700,90200,90200,116307,-0.024864864864864833
2025-05-23,90300,90800,89400,89800,95938,-0.0044345898004434225
2025-05-26,90100,90500,87900,90500,143610,0.007795100222717233
2025-05-27,89600,90800,89000,90800,128104,0.0033149171270718814
2025-05-28,90900,91350,90100,90300,137547,-0.005506607929515406
2025-05-29,90700,92200,90700,91600,133030,0.01439645625692143
2025-05-30,91000,93300,91000,93000,466581,0.015283842794759916
2025-06-02,92500,93200,90600,91100,153835,-0.02043010752688168
2025-06-04,91200,91700,89500,89700,263233,-0.015367727771679496
2025-06-05,89700,91400,89600,90400,153534,0.0078037904124861335
2025-06-09,90500,93100,89300,92700,232318,0.025442477876106206
2025-06-10,92700,93100,91500,92900,135238,0.0021574973031284195
2025-06-11,93000,93700,92200,93200,115253,0.0032292787944026013
2025-06-12,95200,95200,93100,93500,212250,0.0032188841201716833
2025-06-13,93700,94300,89000,90300,229045,-0.03422459893048124
2025-06-16,90700,92100,90200,91900,143572,0.017718715393133966
2025-06-17,91200,92700,90600,91100,133232,-0.008705114254624613
2025-06-18,90800,91900,90400,91000,110281,-0.001097694840834218
2025-06-19,91300,91500,89500,90200,132992,-0.00879120879120876
2025-06-20,90500,94000,90000,92900,262289,0.029933481152993435
2025-06-23,91400,91900,90300,90900,120301,-0.02152852529601723
2025-06-24,92300,93800,91500,92900,161676,0.022002200220021972
2025-06-25,93500,93600,91600,92400,136378,-0.005382131324004336
2025-06-26,92600,92700,90500,91900,115569,-0.005411255411255422
2025-06-27,91900,92200,90800,91300,84585,-0.006528835690968404
2025-06-30,91900,92400,90800,92000,132065,0.00766703176341732
2025-07-01,92400,93700,91900,92400,139884,0.004347826086956497
2025-07-02,93000,95300,91400,92000,265719,-0.0043290043290042934
2025-07-03,91900,94200,91100,93700,218830,0.018478260869565277
2025-07-04,93900,93900,91000,91400,213986,-0.0245464247598719
2025-07-07,91600,92600,91400,92400,116839,0.010940919037199182
2025-07-08,92200,92900,91600,92700,102994,0.0032467532467532756
2025-07-09,92100,94400,91800,93800,164037,0.011866235167206085
2025-07-10,96100,100200,95200,99000,458300,0.05543710021321968
2025-07-11,100200,100200,97900,98300,228098,-0.007070707070707116
2025-07-14,98300,99000,95400,95600,172378,-0.02746693794506616
2025-07-15,96800,100200,96700,98900,269194,0.03451882845188292
2025-07-16,98100,99200,96900,97500,109767,-0.014155712841253831
2025-07-17,98400,104400,98100,103100,558311,0.0574358974358975
2025-07-18,106100,106200,102000,103000,380208,-0.0009699321047527132
2025-07-21,103900,104000,101300,102400,167547,-0.005825242718446644
2025-07-22,102300,104300,100000,101200,179095,-0.01171875
2025-07-23,102000,102300,99300,101700,141271,0.004940711462450675
2025-07-24,103200,103800,101300,102000,176241,0.002949852507374562
2025-07-25,102500,105000,101200,102600,185817,0.00588235294117645
2025-07-28,102500,102500,99700,100200,144403,-0.023391812865497075
2025-07-29,100000,102100,99000,100900,158776,0.00698602794411185
2025-07-30,100000,101400,99300,99800,163156,-0.010901883052527261
2025-07-31,99900,100000,98000,98700,155228,-0.011022044088176308
2025-08-01,97300,97300,93800,93800,174611,-0.049645390070921946
2025-08-04,94400,96600,93900,96100,120093,0.024520255863539342
2025-08-05,98400,117000,98400,111400,2788123,0.15920915712799166
2025-08-06,108600,108600,101200,101500,981600,-0.0888689407540395
2025-08-07,102100,102100,98700,99600,373640,-0.01871921182266012
2025-08-08,100100,101400,99400,99600,200475,0.0
2025-08-11,99600,99900,98500,98800,164019,-0.008032128514056214
2025-08-12,99200,100300,98700,98800,166164,0.0
2025-08-13,99700,100200,98200,100200,171090,0.014170040485830038
2025-08-14,100500,102100,99800,100600,190436,0.003992015968063978
2025-08-18,100300,101000,98800,99200,119159,-0.013916500994035741
2025-08-19,99400,99400,97000,97700,153121,-0.015120967741935498
2025-08-20,96800,97400,95500,97000,112100,-0.007164790174002067
2025-08-21,97600,98600,97100,97200,107367,0.0020618556701030855
2025-08-22,97900,99500,97600,98900,123879,0.017489711934156382
2025-08-25,100200,102500,100200,100500,243514,0.016177957532861553
2025-08-26,99600,100800,98500,100600,179972,0.0009950248756218638
2025-08-27,101000,101300,99900,100800,88397,0.001988071570576455
2025-08-28,101000,102100,99600,99600,124423,-0.011904761904761862
2025-08-29,100400,100900,98400,98600,117367,-0.010040160642570295
2025-09-01,99300,99500,97000,98000,89414,-0.006085192697768749
2025-09-02,98100,100600,97400,100300,122041,0.02346938775510199
2025-09-03,102500,106000,101600,105000,401609,0.046859421734795514
2025-09-04,104500,108200,104300,107000,298247,0.01904761904761898
2025-09-05,107400,109500,106400,109200,220776,0.020560747663551426
2025-09-08,110200,110900,108400,109500,181413,0.0027472527472527375
2025-09-09,109000,109700,108000,109400,136687,-0.0009132420091324533
2025-09-10,109200,111100,108900,109500,158244,0.000914076782449813
2025-09-11,109900,111700,109000,110500,211723,0.009132420091324311
2025-09-12,111200,111500,109700,111000,124773,0.004524886877828038
2025-09-15,110300,111900,107700,111400,184363,0.003603603603603567
2025-09-16,112000,114200,110000,110700,267908,-0.006283662477558294
2025-09-17,110000,110000,106900,107400,192313,-0.02981029810298108
2025-09-18,107700,109000,107300,107900,123126,0.004655493482309092
2025-09-19,107700,114000,107100,113500,492094,0.051899907321594
2025-09-22,114900,114900,110700,111300,167640,-0.01938325991189427
2025-09-23,111400,112000,109000,110300,142891,-0.008984725965858087
2025-09-24,110200,110600,106200,107300,160628,-0.027198549410698103
2025-09-25,107100,107200,104000,105200,141832,-0.019571295433364444
2025-09-26,104600,104700,100900,101500,180118,-0.035171102661596954
2025-09-29,102500,102900,100500,101100,129452,-0.003940886699507429
2025-09-30,101900,103400,100900,101400,122865,0.0029673590504450953
2025-10-01,103100,105400,102600,103200,116612,0.01775147928994092
2025-10-02,105000,105000,103000,104000,135627,0.007751937984496138
2025-10-10,103700,105300,102700,103900,161150,-0.0009615384615384581
2025-10-13,102000,103700,101050,102400,103017,-0.01443695861405192
2025-10-14,102000,104000,101100,101500,113437,-0.0087890625
2025-10-15,101600,102500,101200,101500,117208,0.0
2025-10-16,102400,103400,101600,102800,139654,0.012807881773398977
2025-10-17,101700,102700,100700,101000,181271,-0.017509727626459193
2025-10-20,101800,102800,101000,102500,109871,0.014851485148514865
2025-10-21,105100,109500,104900,107100,348780,0.044878048780487845
2025-10-22,107600,108700,106000,108200,141353,0.010270774976657293
2025-10-23,107000,109300,106300,106300,145082,-0.01756007393715342
2025-10-24,106900,107000,104100,106500,134620,0.0018814675446847673
2025-10-27,108200,115300,107500,115200,474224,0.08169014084507031
2025-10-28,116300,117700,114400,115900,233959,0.0060763888888888395
2025-10-29,117000,117000,113500,114600,244506,-0.011216566005176842
2025-10-30,117000,118400,111500,113400,212968,-0.010471204188481686
2025-10-31,114500,118900,114300,115500,297830,0.0185185185185186
2025-11-03,114400,118800,113100,118700,299544,0.02770562770562779
2025-11-04,120100,121600,117100,120300,360014,0.01347935973041281
2025-11-05,123500,128900,119100,120600,1463045,0.0024937655860348684
2025-11-06,120200,121400,115400,119500,471742,-0.009121061359867344
2025-11-07,117400,119500,114000,116000,325733,-0.029288702928870314
2025-11-10,116100,120000,116000,119500,198269,0.030172413793103425
2025-11-11,118800,120700,118100,119500,208948,0.0
2025-11-12,123000,128700,121800,127800,696545,0.0694560669456068
2025-11-13,128700,130900,125900,128400,495381,0.0046948356807512415
2025-11-14,126000,130500,126000,128300,363792,-0.0007788161993769194
2025-11-17,129000,130700,126500,130300,227192,0.015588464536243185
2025-11-18,130400,131400,125300,126800,295529,-0.026861089792785897
2025-11-19,127600,128500,122300,125600,249937,-0.009463722397476393
2025-11-20,126700,127500,125100,126300,163035,0.005573248407643394
2025-11-21,122900,126800,122100,126500,184739,0.0015835312747427555
2025-11-24,130300,132900,126600,128300,479252,0.014229249011857625
2025-11-25,129100,133500,128000,129000,324435,0.005455962587685104
2025-11-26,132000,142000,131400,140700,886714,0.09069767441860455
2025-11-27,142000,143700,137000,139100,433351,-0.011371712864250205
2025-11-28,143700,144100,137700,139800,490024,0.005032350826743359
2025-12-01,140100,140200,134800,137900,285288,-0.013590844062947083
2025-12-02,137100,137200,133300,134500,253661,-0.024655547498187103
2025-12-03,135400,135800,134000,135500,133393,0.0074349442379182396
2025-12-04,135100,136500,133600,136300,170903,0.005904059040590326
2025-12-05,137900,137900,131100,134000,266239,-0.01687454145267797
2025-12-08,133100,134400,132000,133300,144648,-0.0052238805970149516
2025-12-09,134500,136300,133200,135100,238970,0.013503375843960885
2025-12-10,135100,136800,134000,136100,151433,0.007401924500370027
2025-12-11,137400,139100,135300,135700,260187,-0.0029390154298309934
2025-12-12,136100,136300,131000,133200,306780,-0.018422991893883522
2025-12-15,131800,135600,131500,134700,198857,0.011261261261261257
2025-12-16,136000,136000,131900,132200,119448,-0.018559762435040872
2025-12-17,132400,132500,129200,131000,147320,-0.009077155824508298
2025-12-18,129200,130200,127300,129000,138592,-0.01526717557251911
2025-12-19,129600,130600,127500,128900,190206,-0.0007751937984495916
2025-12-22,131000,131700,127900,129000,154461,0.0007757951900697613
2025-12-23,129700,129900,128100,128500,100336,-0.003875968992248069
2025-12-24,129300,129300,126400,127000,135568,-0.011673151750972721
2025-12-26,126800,127000,124500,125100,134835,-0.014960629921259794
2025-12-29,124200,125500,123700,125500,151139,0.003197442046362964
