Date,Open,High,Low,Close,Volume,Change
2022-10-07,10000,12250,8200,11100,5885821,
2022-10-11,10550,10800,8670,8680,1618887,-0.218018018018018
2022-10-12,8440,9850,8030,9100,4525666,0.048387096774193505
2022-10-13,9060,9200,8440,8460,753867,-0.0703296703296703
2022-10-14,8800,8900,8330,8410,688038,-0.005910165484633523
2022-10-17,8670,8740,8300,8390,550591,-0.0023781212841854638
2022-10-18,8420,8520,8110,8120,522878,-0.03218116805721094
2022-10-19,8150,8290,8030,8030,298192,-0.011083743842364546
2022-10-20,8130,8940,8010,8700,1286085,0.083437110834371
2022-10-21,8890,8950,8450,8450,600490,-0.028735632183908066
2022-10-24,8600,8720,8350,8380,287880,-0.008284023668639007
2022-10-25,8440,8710,8370,8560,417257,0.021479713603818507
2022-10-26,8340,8340,7510,7590,1738341,-0.11331775700934577
2022-10-27,7560,7720,7520,7520,285389,-0.00922266139657446
2022-10-28,7450,7900,7330,7730,929559,0.027925531914893664
2022-10-31,7850,7860,7570,7570,302373,-0.02069857697283317
2022-11-01,7510,7540,7240,7290,376353,-0.036988110964332854
2022-11-02,7270,7350,7000,7110,322840,-0.024691358024691357
2022-11-03,7000,7190,6910,7090,237866,-0.002812939521800284
2022-11-04,7080,7140,6790,6800,555387,-0.04090267983074758
2022-11-07,6800,7110,6780,6850,279086,0.007352941176470562
2022-11-08,6900,7110,6890,7000,239416,0.021897810218978186
2022-11-09,7040,7080,6900,6960,192467,-0.005714285714285672
2022-11-10,6890,6920,6740,6760,235039,-0.028735632183908066
2022-11-11,7090,7090,6870,6960,327460,0.029585798816567976
2022-11-14,6910,7030,6830,7000,214054,0.005747126436781658
2022-11-15,7050,7390,7030,7390,596532,0.055714285714285605
2022-11-16,7420,7460,7190,7230,439048,-0.021650879566982417
2022-11-17,7280,7280,6860,6880,383296,-0.048409405255878335
2022-11-18,6930,6940,6730,6740,384735,-0.02034883720930236
2022-11-21,6760,6780,6620,6650,134258,-0.013353115727002929
2022-11-22,6640,6760,6590,6730,101874,0.012030075187969835
2022-11-23,6740,6920,6740,6920,176227,0.028231797919762158
2022-11-24,6950,7440,6900,7400,944658,0.06936416184971095
2022-11-25,7410,7540,7220,7380,533380,-0.002702702702702675
2022-11-28,7290,7310,7090,7190,367532,-0.0257452574525745
2022-11-29,7090,7200,7050,7100,217253,-0.012517385257301838
2022-11-30,7150,7360,7070,7320,281555,0.030985915492957705
2022-12-01,7380,7550,7360,7450,329495,0.01775956284153013
2022-12-02,7450,7450,7210,7370,206371,-0.010738255033557076
2022-12-05,7370,7540,7300,7360,212956,-0.0013568521031207537
2022-12-06,7260,7380,7160,7300,131218,-0.008152173913043459
2022-12-07,7290,7290,7140,7200,114971,-0.013698630136986356
2022-12-08,7200,7200,7030,7150,153231,-0.00694444444444442
2022-12-09,7150,7330,7150,7300,153816,0.020979020979021046
2022-12-12,7280,7360,7130,7190,89902,-0.015068493150684925
2022-12-13,7200,7260,6870,7030,199284,-0.022253129346314293
2022-12-14,7090,7120,6990,7040,107726,0.0014224751066855834
2022-12-15,7030,7270,6980,7010,160742,-0.0042613636363636465
2022-12-16,6870,7140,6850,7000,118691,-0.0014265335235378318
2022-12-19,6930,7050,6850,6850,116393,-0.021428571428571463
2022-12-20,6850,6870,6660,6690,162707,-0.023357664233576658
2022-12-21,6700,6780,6630,6710,113002,0.002989536621823552
2022-12-22,6700,6830,6580,6610,139033,-0.014903129657228065
2022-12-23,6550,6560,6280,6400,299432,-0.0317700453857791
2022-12-26,6360,6710,6330,6660,198162,0.04062499999999991
2022-12-27,6650,6710,6420,6420,178537,-0.036036036036036
2022-12-28,6520,6600,6350,6360,151763,-0.009345794392523366
2022-12-29,6320,6410,6100,6160,127918,-0.03144654088050314
2023-01-02,6200,6530,6190,6190,187441,0.004870129870129913
2023-01-03,6120,6340,5980,6180,170798,-0.001615508885298822
2023-01-04,6180,6600,6130,6470,141561,0.046925566343042124
2023-01-05,6430,6540,6400,6500,78024,0.004636785162287493
2023-01-06,6450,6980,6450,6770,479547,0.041538461538461524
2023-01-09,6830,6870,6750,6810,153439,0.005908419497784312
2023-01-10,6770,6860,6710,6740,130286,-0.01027900146842875
2023-01-11,6750,6840,6720,6770,91846,0.004451038575667754
2023-01-12,6750,6920,6750,6880,155549,0.01624815361890697
2023-01-13,6850,6990,6840,6990,99149,0.015988372093023173
2023-01-16,6970,7270,6940,7130,269918,0.02002861230329045
2023-01-17,7110,7290,7060,7200,188454,0.009817671809256634
2023-01-18,7200,7290,7150,7270,114499,0.009722222222222188
2023-01-19,7200,7360,7190,7330,108629,0.008253094910591452
2023-01-20,7330,7330,7190,7270,94116,-0.008185538881309684
2023-01-25,7280,7520,7150,7490,358239,0.030261348005502064
2023-01-26,7490,7770,7420,7670,368515,0.024032042723631575
2023-01-27,7630,7810,7520,7630,255099,-0.0052151238591916504
2023-01-30,7620,7940,7540,7650,241842,0.002621231979030192
2023-01-31,7650,7840,7630,7700,115082,0.006535947712418277
2023-02-01,7710,7850,7390,7600,283917,-0.012987012987012991
2023-02-02,7590,7630,7420,7460,176127,-0.018421052631578894
2023-02-03,7450,7560,7290,7450,111664,-0.0013404825737265424
2023-02-06,7440,7440,7260,7320,154979,-0.01744966442953022
2023-02-07,7320,7850,7310,7700,413538,0.051912568306010876
2023-02-08,7710,8070,7690,8070,451542,0.04805194805194812
2023-02-09,8000,8300,7940,8030,245982,-0.00495662949194553
2023-02-10,8030,8030,7840,7860,149166,-0.021170610211706076
2023-02-13,7590,7600,7180,7320,553114,-0.06870229007633588
2023-02-14,7310,7900,7180,7660,864886,0.04644808743169393
2023-02-15,7650,7720,7380,7420,212036,-0.031331592689295085
2023-02-16,7510,8310,7500,7990,1992964,0.07681940700808632
2023-02-17,7890,7980,7760,7900,339090,-0.01126408010012514
2023-02-20,7840,8260,7830,8130,551438,0.029113924050632844
2023-02-21,8180,8490,8020,8380,724929,0.03075030750307506
2023-02-22,8380,8820,8260,8430,833866,0.005966587112171906
2023-02-23,8400,8440,8210,8360,223554,-0.008303677342823224
2023-02-24,8290,8360,8100,8120,265236,-0.028708133971291905
2023-02-27,8070,8300,8040,8100,181705,-0.0024630541871921707
2023-02-28,8100,8200,8000,8070,184722,-0.0037037037037036535
2023-03-02,8110,8330,8010,8220,372899,0.018587360594795488
2023-03-03,8280,8410,8210,8250,253464,0.0036496350364962904
2023-03-06,8300,8330,8070,8110,212425,-0.016969696969696968
2023-03-07,8110,8650,8060,8440,642203,0.040690505548705236
2023-03-08,8440,8440,8130,8240,288460,-0.023696682464455
2023-03-09,8240,8730,8220,8570,802542,0.040048543689320315
2023-03-10,8350,8430,7950,8000,445892,-0.06651108518086346
2023-03-13,7930,7990,7520,7720,389949,-0.03500000000000003
2023-03-14,7720,7890,7360,7440,270954,-0.03626943005181349
2023-03-15,7560,7790,7380,7590,253990,0.02016129032258074
2023-03-16,7430,7640,7330,7380,182613,-0.02766798418972327
2023-03-17,7590,8080,7530,8000,419403,0.08401084010840099
2023-03-20,8000,8290,7900,8210,286491,0.026250000000000107
2023-03-21,8250,8250,7950,8010,172281,-0.02436053593179055
2023-03-22,8070,8560,8030,8480,452205,0.05867665418227208
2023-03-23,8550,8690,8250,8380,655143,-0.011792452830188704
2023-03-24,8400,8640,8300,8500,391283,0.014319809069212486
2023-03-27,8640,8740,8350,8520,442816,0.0023529411764706687
2023-03-28,8450,9950,8380,9740,3428839,0.14319248826291076
2023-03-29,9440,11000,9440,10380,4383954,0.06570841889117052
2023-03-30,10380,10600,10090,10400,1186812,0.0019267822736031004
2023-03-31,10260,10470,9820,10000,737321,-0.038461538461538436
2023-04-03,9940,10170,9770,10090,434939,0.008999999999999897
2023-04-04,9980,10450,9910,10130,459637,0.003964321110009994
2023-04-05,10130,10300,9950,10200,285085,0.006910167818361401
2023-04-06,10360,10560,10000,10250,587323,0.004901960784313708
2023-04-07,10250,10480,10030,10450,342497,0.019512195121951237
2023-04-10,10450,10490,9950,10060,570665,-0.03732057416267942
2023-04-11,10000,10300,9970,10050,399554,-0.0009940357852882276
2023-04-12,10170,10210,9860,10010,460153,-0.003980099502487566
2023-04-13,10000,10260,9730,10220,503799,0.020979020979021046
2023-04-14,10300,10360,9910,9960,421294,-0.025440313111546042
2023-04-17,9980,10320,9770,10300,592653,0.034136546184738936
2023-04-18,10350,11280,10300,11170,2590666,0.08446601941747578
2023-04-19,11540,12270,11180,11670,2739101,0.04476275738585489
2023-04-20,11530,11590,10360,10380,1605317,-0.11053984575835474
2023-04-21,10400,10440,9890,10000,566217,-0.036608863198458574
2023-04-24,9820,10190,9820,10170,352846,0.016999999999999904
2023-04-25,10280,10640,10010,10220,607790,0.004916420845624492
2023-04-26,10220,10680,10090,10360,413179,0.013698630136986356
2023-04-27,10370,10370,9600,10120,418754,-0.02316602316602312
2023-04-28,10160,10230,9800,9940,587167,-0.017786561264822143
2023-05-02,10030,10250,9810,10090,216020,0.015090543259557387
2023-05-03,9940,10130,9900,10110,210856,0.001982160555004997
2023-05-04,9940,10450,9940,10370,372074,0.02571711177052416
2023-05-08,10400,10610,10310,10530,375826,0.015429122468659573
2023-05-09,10530,10630,10260,10370,193472,-0.015194681861348536
2023-05-10,10400,10430,10040,10120,202733,-0.024108003857280624
2023-05-11,10200,10430,10020,10020,184771,-0.00988142292490124
2023-05-12,10200,10200,9950,10080,142923,0.0059880239520957446
2023-05-15,10080,10090,9750,10000,214804,-0.007936507936507908
2023-05-16,9990,10940,9910,10940,1378291,0.09400000000000008
2023-05-17,10990,11210,10530,10760,768281,-0.01645338208409508
2023-05-18,10910,11230,10710,10970,894015,0.01951672862453524
2023-05-19,10950,10950,9900,10330,1244914,-0.058340929808568864
2023-05-22,10330,10460,10070,10220,467939,-0.010648596321394033
2023-05-23,10160,10420,10100,10180,270445,-0.003913894324853229
2023-05-24,10040,10200,10000,10100,271155,-0.007858546168958758
2023-05-25,10020,10200,9900,9980,524911,-0.011881188118811892
2023-05-26,10070,10210,9980,10040,196253,0.006012024048096087
2023-05-30,10040,10300,10040,10230,265995,0.018924302788844605
2023-05-31,10250,10250,9940,9980,463530,-0.024437927663734094
2023-06-01,9990,10210,9820,10050,411358,0.007014028056112176
2023-06-02,10120,10340,9960,10150,541647,0.00995024875621886
2023-06-05,10200,10380,10020,10290,317035,0.01379310344827589
2023-06-07,10290,10300,9970,10040,415488,-0.024295432458697808
2023-06-08,10030,10090,9890,10090,248485,0.004980079681274896
2023-06-09,10090,10090,9970,10040,184649,-0.0049554013875123815
2023-06-12,9940,10080,9920,10000,199910,-0.003984063745019917
2023-06-13,10060,10230,9980,10090,287990,0.008999999999999897
2023-06-14,10140,10140,9700,9870,440022,-0.021803766105054523
2023-06-15,9870,9970,9510,9700,279442,-0.01722391084093211
2023-06-16,9790,9940,9590,9860,288126,0.016494845360824684
2023-06-19,9940,9940,9560,9600,231230,-0.026369168356997985
2023-06-20,9850,9860,9380,9420,285381,-0.018750000000000044
2023-06-21,9380,9550,9160,9180,335559,-0.02547770700636942
2023-06-22,9180,9330,9050,9170,141534,-0.0010893246187363426
2023-06-23,9070,9160,9010,9080,148351,-0.009814612868047967
2023-06-26,9100,9190,8980,9160,102561,0.008810572687224738
2023-06-27,9250,9280,9040,9160,160101,0.0
2023-06-28,9130,9210,8920,9000,195041,-0.017467248908296984
2023-06-29,9000,9300,8980,9100,179876,0.011111111111111072
2023-06-30,9070,9190,8830,8880,185291,-0.0241758241758242
2023-07-03,8940,9310,8910,9300,251530,0.04729729729729737
2023-07-04,9320,9550,9160,9390,216222,0.00967741935483879
2023-07-05,9390,9480,9260,9340,171176,-0.005324813631522929
2023-07-06,9240,9290,9050,9200,131141,-0.01498929336188437
2023-07-07,9170,9260,8700,8780,332357,-0.04565217391304344
2023-07-10,8640,8900,8310,8390,310019,-0.044419134396355364
2023-07-11,8420,8550,8120,8290,365891,-0.011918951132300348
2023-07-12,8290,8410,8100,8400,253747,0.013268998793727338
2023-07-13,8450,8480,8210,8280,255906,-0.014285714285714235
2023-07-14,8220,8370,8050,8090,271449,-0.022946859903381633
2023-07-17,8090,8140,7880,8050,311990,-0.0049443757725586845
2023-07-18,8250,8850,8150,8570,996382,0.06459627329192541
2023-07-19,8760,8840,8550,8710,330760,0.016336056009334854
2023-07-20,8790,8790,8420,8500,220643,-0.024110218140068862
2023-07-21,8460,8660,8290,8460,265010,-0.004705882352941226
2023-07-24,8420,8420,8090,8270,233254,-0.022458628841607542
2023-07-25,8200,8330,7690,8000,255708,-0.03264812575574361
2023-07-26,8010,8100,7620,7780,369735,-0.02749999999999997
2023-07-27,7840,8100,7800,7880,257749,0.01285347043701801
2023-07-28,7850,7860,7580,7700,256542,-0.022842639593908642
2023-07-31,7720,7940,7620,7870,161417,0.02207792207792214
2023-08-01,7900,8680,7880,8670,535880,0.1016518424396442
2023-08-02,8650,8820,8180,8250,464400,-0.04844290657439443
2023-08-03,8230,8300,7960,8020,205038,-0.027878787878787836
2023-08-04,8280,8530,7940,8300,286014,0.034912718204488824
2023-08-07,8470,8470,8110,8230,216187,-0.008433734939759074
2023-08-08,8230,8420,8080,8220,140906,-0.0012150668286755595
2023-08-09,8120,8310,8030,8130,104117,-0.010948905109489093
2023-08-10,8130,8130,7840,7970,183586,-0.019680196801967975
2023-08-11,8050,8360,7870,8320,174357,0.04391468005018817
2023-08-14,8340,8630,8110,8320,285645,0.0
2023-08-16,8320,8320,7860,7890,241818,-0.05168269230769229
2023-08-17,7710,8280,7650,8060,207003,0.02154626108998725
2023-08-18,7980,8000,7780,7840,107635,-0.027295285359801524
2023-08-21,7850,7940,7650,7780,96721,-0.007653061224489832
2023-08-22,7730,7820,7520,7550,146097,-0.029562982005141403
2023-08-23,7600,7660,7330,7420,147429,-0.017218543046357615
2023-08-24,7320,7510,7320,7450,147101,0.0040431266846361336
2023-08-25,7380,7500,7260,7410,114885,-0.005369127516778538
2023-08-28,7540,7540,7330,7390,56394,-0.0026990553306343035
2023-08-29,7370,7490,7230,7430,103745,0.005412719891745521
2023-08-30,7440,7660,7400,7630,104274,0.026917900403768513
2023-08-31,7700,8050,7630,7900,186394,0.035386631716906924
2023-09-01,7830,8560,7830,8290,439835,0.04936708860759498
2023-09-04,8330,8480,8170,8210,234322,-0.00965018094089265
2023-09-05,8270,8270,8120,8210,58205,0.0
2023-09-06,8210,8360,8150,8260,111746,0.006090133982947554
2023-09-07,8210,8380,8150,8290,141024,0.00363196125907983
2023-09-08,8280,8380,7950,8350,186558,0.007237635705669376
2023-09-11,8370,8390,8120,8340,58966,-0.0011976047904191933
2023-09-12,8310,8560,8270,8330,114422,-0.0011990407673860837
2023-09-13,8330,8460,7980,8060,166952,-0.032412965186074394
2023-09-14,8070,8100,7540,7540,643313,-0.06451612903225812
2023-09-15,7610,8010,7530,7920,194203,0.05039787798408479
2023-09-18,7920,7930,7750,7820,80026,-0.012626262626262652
2023-09-19,7760,8200,7760,8040,247456,0.028132992327365658
2023-09-20,7990,8270,7990,8180,187239,0.017412935323383172
2023-09-21,8180,8220,7780,7840,123516,-0.041564792176039145
2023-09-22,7720,7840,7520,7620,136028,-0.028061224489795866
2023-09-25,7600,7730,7490,7590,70999,-0.003937007874015741
2023-09-26,7590,7890,7540,7730,205889,0.01844532279314892
2023-09-27,7730,7740,7460,7660,140586,-0.009055627425614499
2023-10-04,7880,7900,7400,7410,166845,-0.03263707571801566
2023-10-05,7590,7720,6980,7000,308149,-0.055330634278002666
2023-10-06,7000,7120,6860,7000,126133,0.0
2023-10-10,6960,7190,6860,6910,111305,-0.0128571428571429
2023-10-11,6950,7400,6950,7140,188036,0.0332850940665701
2023-10-12,7590,7860,7390,7690,342988,0.07703081232492992
2023-10-13,7610,7920,7500,7590,157577,-0.013003901170351106
2023-10-16,7420,7800,7250,7590,335621,0.0
2023-10-17,7590,8460,7590,8430,808239,0.11067193675889331
2023-10-18,8540,8730,7820,7920,889910,-0.06049822064056942
2023-10-19,7680,8290,7670,8210,538234,0.03661616161616155
2023-10-20,8140,8440,8000,8190,508444,-0.0024360535931789995
2023-10-23,8230,8390,8130,8200,219040,0.0012210012210012167
2023-10-24,8200,8460,8190,8460,367600,0.03170731707317076
2023-10-25,8610,8700,8420,8500,430030,0.004728132387706863
2023-10-26,8260,8500,8210,8400,291807,-0.0117647058823529
2023-10-27,8420,8600,8220,8340,291009,-0.0071428571428571175
2023-10-30,8370,8440,8110,8170,163127,-0.020383693045563533
2023-10-31,8340,8550,8050,8060,356153,-0.01346389228886169
2023-11-01,8070,8160,7880,7910,238798,-0.018610421836228297
2023-11-02,8000,8610,8000,8560,728614,0.08217446270543616
2023-11-03,8500,8890,8380,8840,837137,0.032710280373831724
2023-11-06,8700,8900,8570,8650,483188,-0.021493212669683293
2023-11-07,8650,8670,8000,8180,478607,-0.054335260115606965
2023-11-08,8200,8260,7500,7550,715534,-0.07701711491442542
2023-11-09,7570,7940,7520,7860,329645,0.041059602649006655
2023-11-10,7790,8050,7610,7950,265793,0.011450381679389388
2023-11-13,8040,8110,7630,7680,210341,-0.03396226415094339
2023-11-14,7730,8220,7680,8120,393111,0.05729166666666674
2023-11-15,8200,8260,8050,8100,208924,-0.0024630541871921707
2023-11-16,8100,8240,8060,8170,189774,0.00864197530864197
2023-11-17,8240,8240,7930,7940,214311,-0.028151774785801664
2023-11-20,7940,8160,7840,8090,139420,0.018891687657430767
2023-11-21,8260,8670,8210,8580,1003213,0.06056860321384416
2023-11-22,8520,8550,8360,8400,286029,-0.020979020979020935
2023-11-23,8420,8530,8320,8400,248325,0.0
2023-11-24,8410,8420,8220,8280,159134,-0.014285714285714235
2023-11-27,8280,8280,8000,8040,242481,-0.02898550724637683
2023-11-28,8040,8140,7920,8100,156633,0.00746268656716409
2023-11-29,8100,8440,7920,8200,555722,0.012345679012345734
2023-11-30,8250,8460,8110,8120,263983,-0.009756097560975618
2023-12-01,8130,8150,7990,8020,164138,-0.012315270935960632
2023-12-04,8050,8050,7800,7830,252542,-0.023690773067331694
2023-12-05,7920,8040,7590,7650,309319,-0.02298850574712641
2023-12-06,7660,8080,7660,7950,195568,0.03921568627450989
2023-12-07,7920,7930,7750,7800,87364,-0.018867924528301883
2023-12-08,7880,8050,7740,7850,154661,0.0064102564102563875
2023-12-11,7900,8230,7810,8220,378019,0.04713375796178343
2023-12-12,8200,8420,8120,8380,357534,0.019464720194647178
2023-12-13,8440,8440,8150,8190,238705,-0.022673031026252954
2023-12-14,8340,8800,8210,8470,1844811,0.03418803418803429
2023-12-15,8510,8690,8290,8290,411528,-0.02125147579693032
2023-12-18,8300,8580,8300,8420,256734,0.01568154402895061
2023-12-19,8430,8510,8350,8400,219407,-0.002375296912114022
2023-12-20,8350,8430,8190,8240,407913,-0.01904761904761909
2023-12-21,8210,8280,8090,8170,245727,-0.008495145631068013
2023-12-22,8290,8640,8250,8640,698557,0.057527539779681724
2023-12-26,8610,8960,8450,8500,960502,-0.01620370370370372
2023-12-27,8500,9550,8480,9100,5425841,0.07058823529411762
2023-12-28,9080,9190,8900,9010,553479,-0.009890109890109855
2024-01-02,8940,9320,8940,9250,794544,0.02663706992230863
2024-01-03,9140,9330,8960,9290,496593,0.00432432432432428
2024-01-04,9340,9450,9180,9280,479058,-0.0010764262648008671
2024-01-05,9250,9340,9000,9150,307074,-0.014008620689655138
2024-01-08,9180,9240,9030,9100,247396,-0.005464480874316946
2024-01-09,9200,9350,9020,9200,460374,0.01098901098901095
2024-01-10,9150,9230,8990,9030,249448,-0.018478260869565166
2024-01-11,9060,9150,8840,9050,299555,0.00221483942414169
2024-01-12,9050,9140,8760,8840,223152,-0.023204419889502725
2024-01-15,8850,8990,8650,8910,246784,0.007918552036199067
2024-01-16,8840,9060,8650,8740,300718,-0.019079685746352437
2024-01-17,8660,8820,8400,8450,232242,-0.03318077803203656
2024-01-18,8580,8670,8370,8640,205633,0.022485207100591653
2024-01-19,8800,8940,8710,8890,269776,0.02893518518518512
2024-01-22,9050,9460,9000,9180,1078897,0.03262092238470182
2024-01-23,9210,9270,9050,9190,321302,0.0010893246187364536
2024-01-24,9380,11010,9250,10700,10116066,0.16430903155603915
2024-01-25,10620,10800,10400,10590,3146284,-0.010280373831775713
2024-01-26,10480,10600,10070,10440,1436780,-0.014164305949008527
2024-01-29,10500,10730,9390,9600,1935512,-0.08045977011494254
2024-01-30,9740,9850,9060,9410,969414,-0.019791666666666652
2024-01-31,9210,9330,8760,8800,836437,-0.06482465462274178
2024-02-01,8740,8850,8450,8520,679012,-0.03181818181818186
2024-02-02,8590,8880,8530,8650,478507,0.015258215962441257
2024-02-05,8890,9030,8690,8800,432382,0.01734104046242768
2024-02-06,8700,8780,8560,8690,259911,-0.012499999999999956
2024-02-07,8760,8760,8390,8480,476568,-0.024165707710011475
2024-02-08,8690,10550,8660,9820,12053050,0.15801886792452824
2024-02-13,9730,10000,9680,9890,2578164,0.007128309572301372
2024-02-14,9450,9940,9320,9790,1613801,-0.010111223458038388
2024-02-15,9800,10100,9650,9930,2010108,0.01430030643513791
2024-02-16,10100,10920,9970,10210,6341052,0.028197381671701827
2024-02-19,9780,9800,9330,9560,1426060,-0.0636630754162586
2024-02-20,9500,9680,9380,9410,663429,-0.01569037656903771
2024-02-21,9330,9500,9120,9220,512209,-0.020191285866099862
2024-02-22,9250,9310,9060,9140,526024,-0.008676789587852451
2024-02-23,9220,9360,9120,9260,449103,0.013129102844638973
2024-02-26,9190,9310,9110,9210,261816,-0.005399568034557212
2024-02-27,9210,9290,8950,9010,378131,-0.021715526601520097
2024-02-28,9110,9160,8980,9100,274459,0.009988901220865598
2024-02-29,9060,9210,8960,9130,255630,0.003296703296703285
2024-03-04,9140,9370,9070,9160,340702,0.0032858707557503752
2024-03-05,9230,9320,9080,9250,297593,0.009825327510917026
2024-03-06,9170,9260,9000,9070,289954,-0.019459459459459483
2024-03-07,9040,9160,8910,8920,414188,-0.016538037486218293
2024-03-08,9080,9940,9080,9340,2123496,0.047085201793722
2024-03-11,9420,9600,9120,9480,726517,0.01498929336188426
2024-03-12,9480,9480,9250,9340,342771,-0.014767932489451518
2024-03-13,9420,10150,9420,9680,2190216,0.036402569593147804
2024-03-14,9630,9690,9450,9480,396164,-0.02066115702479343
2024-03-15,9450,9470,9200,9290,458850,-0.020042194092827037
2024-03-18,9240,9360,9200,9280,201831,-0.0010764262648008671
2024-03-19,9310,9330,9050,9290,360418,0.0010775862068965747
2024-03-20,9300,9350,9100,9180,241151,-0.011840688912809427
2024-03-21,9220,9260,8960,8980,488556,-0.02178649237472763
2024-03-22,8970,9020,8780,8890,249855,-0.010022271714922093
2024-03-25,8910,9030,8830,8930,139331,0.004499437570303799
2024-03-26,8880,9010,8780,8840,261472,-0.01007838745800671
2024-03-27,8870,9170,8750,9090,284645,0.02828054298642524
2024-03-28,9120,9150,8940,8990,268202,-0.011001100110010986
2024-03-29,8990,9050,8750,8800,328398,-0.021134593993325956
2024-04-01,8730,8920,8730,8870,151488,0.007954545454545547
2024-04-02,8870,8920,8770,8830,174724,-0.00450958286358516
2024-04-03,8750,8790,8510,8600,329482,-0.02604756511891282
2024-04-04,8510,8940,8510,8870,340511,0.0313953488372094
2024-04-05,8760,8800,8630,8770,124934,-0.011273957158962844
2024-04-08,8800,8920,8280,8280,406457,-0.05587229190421894
2024-04-09,8300,8360,8070,8170,183856,-0.01328502415458932
2024-04-11,8150,8500,7950,8250,319661,0.009791921664626724
2024-04-12,8250,8310,8170,8290,120445,0.00484848484848488
2024-04-15,8140,8140,7840,7970,416308,-0.0386007237635706
2024-04-16,7840,7940,7650,7740,324198,-0.02885821831869506
2024-04-17,7750,7920,7730,7820,149049,0.010335917312661591
2024-04-18,7740,8070,7740,8000,132994,0.023017902813299296
2024-04-19,8100,8140,7930,8040,252081,0.004999999999999893
2024-04-22,8400,8550,8270,8440,515867,0.04975124378109452
2024-04-23,8410,8450,8230,8270,165540,-0.020142180094786744
2024-04-24,8450,8850,8430,8600,637677,0.03990326481257567
2024-04-25,8560,8690,8460,8580,205367,-0.0023255813953488857
2024-04-26,8600,8640,8440,8500,125105,-0.009324009324009341
2024-04-29,8580,8660,8500,8530,105492,0.003529411764705781
2024-04-30,8500,8660,8490,8620,117622,0.010550996483001063
2024-05-02,8630,8760,8580,8680,112052,0.006960556844547661
2024-05-03,8700,8710,8600,8600,88771,-0.009216589861751112
2024-05-07,8650,9060,8650,8810,498870,0.024418604651162745
2024-05-08,8790,8850,8610,8700,150733,-0.012485811577752526
2024-05-09,8690,8700,8480,8480,191204,-0.025287356321839094
2024-05-10,8500,8530,8330,8370,115004,-0.01297169811320753
2024-05-13,8830,9890,8700,9890,8658332,0.1816009557945042
2024-05-14,9970,10450,9600,10100,4736161,0.02123356926188058
2024-05-16,10630,10900,10200,10350,4858821,0.024752475247524774
2024-05-17,10400,10550,9940,10180,1265046,-0.01642512077294689
2024-05-20,10380,10830,10250,10670,2439107,0.048133595284872266
2024-05-21,10800,10940,10500,10800,1365764,0.012183692596063667
2024-05-22,10750,11740,10500,11130,3978496,0.030555555555555447
2024-05-23,11050,11280,10710,10760,1038728,-0.03324348607367478
2024-05-24,10550,10890,10210,10510,1383585,-0.02323420074349447
2024-05-27,10460,10640,10220,10640,898698,0.012369172216936342
2024-05-28,10490,10490,10090,10210,910362,-0.04041353383458646
2024-05-29,10250,10410,10150,10240,427009,0.002938295788442735
2024-05-30,10130,10260,10020,10150,428009,-0.0087890625
2024-05-31,10150,10210,10010,10090,365124,-0.005911330049261032
2024-06-03,10150,10360,10030,10200,488075,0.01090188305252715
2024-06-04,10120,10130,9400,9480,1381659,-0.07058823529411762
2024-06-05,9560,9800,9510,9600,489808,0.012658227848101333
2024-06-07,9710,10210,9680,10060,705860,0.04791666666666661
2024-06-10,10070,10210,9780,9840,625595,-0.021868787276341894
2024-06-11,9790,9790,9070,9180,1353544,-0.06707317073170727
2024-06-12,9500,9670,9160,9250,859430,0.007625272331154731
2024-06-13,9380,9380,9220,9300,265647,0.00540540540540535
2024-06-14,9300,9370,9090,9300,344365,0.0
2024-06-17,9370,9450,9020,9120,431961,-0.01935483870967747
2024-06-18,9270,9380,8950,9000,602654,-0.013157894736842146
2024-06-19,9020,9090,8880,8990,225599,-0.0011111111111110628
2024-06-20,8980,9560,8980,9020,348972,0.0033370411568409697
2024-06-21,9000,9000,8750,8800,302710,-0.024390243902439046
2024-06-24,8780,8910,8700,8750,198752,-0.005681818181818232
2024-06-25,8720,8880,8660,8730,190085,-0.0022857142857143353
2024-06-26,8700,9030,8700,8890,395626,0.01832760595647187
2024-06-27,8950,8950,8700,8710,247590,-0.020247469066366652
2024-06-28,8740,9290,8680,9070,771379,0.04133180252583246
2024-07-01,9200,9420,9200,9380,597775,0.034178610804851184
2024-07-02,9560,9560,9140,9230,491468,-0.015991471215351827
2024-07-03,9330,9370,8760,8800,632147,-0.04658721560130008
2024-07-04,8820,9250,8820,9040,678009,0.027272727272727337
2024-07-05,9100,9230,8900,9130,529261,0.009955752212389424
2024-07-08,9260,9560,9160,9300,1224415,0.018619934282584794
2024-07-09,9310,9580,9110,9580,847151,0.03010752688172036
2024-07-10,9650,9650,9230,9310,623628,-0.028183716075156573
2024-07-11,9290,9560,9230,9420,773374,0.011815252416756072
2024-07-12,9300,9340,8950,9210,805940,-0.022292993630573243
2024-07-15,9200,9480,9010,9350,612074,0.015200868621064068
2024-07-16,9420,9600,9170,9550,642622,0.021390374331550888
2024-07-17,9460,9510,9110,9110,549850,-0.0460732984293194
2024-07-18,8960,9110,8850,8970,296460,-0.015367727771679496
2024-07-19,8990,9100,8900,9010,235479,0.004459308807134965
2024-07-22,8970,8970,8600,8710,365596,-0.033296337402885734
2024-07-23,8710,8830,7910,7920,1289243,-0.09070034443168773
2024-07-24,8050,8400,8020,8200,656998,0.03535353535353525
2024-07-25,7920,8110,7910,8020,235414,-0.02195121951219514
2024-07-26,8030,8070,7870,8000,233038,-0.0024937655860348684
2024-07-29,8050,8320,8050,8200,289931,0.02499999999999991
2024-07-30,8140,8150,7900,7980,218465,-0.02682926829268295
2024-07-31,7910,7980,7810,7890,179310,-0.011278195488721776
2024-08-01,7970,8210,7960,8170,195623,0.03548795944233207
2024-08-02,8000,8020,7810,7840,199582,-0.04039167686658507
2024-08-05,7500,7580,6410,6700,817983,-0.14540816326530615
2024-08-06,6710,7310,6710,7170,328220,0.07014925373134329
2024-08-07,7170,7460,7100,7440,203642,0.03765690376569042
2024-08-08,7250,7390,7200,7270,91638,-0.022849462365591378
2024-08-09,7470,7480,7310,7440,118380,0.023383768913342484
2024-08-12,7480,7560,7350,7420,196761,-0.0026881720430107503
2024-08-13,7400,7410,7040,7140,233644,-0.037735849056603765
2024-08-14,7230,7340,6920,7190,618489,0.007002801120448154
2024-08-16,7270,7330,6980,7140,353860,-0.006954102920723182
2024-08-19,7140,7190,6750,6780,369442,-0.050420168067226934
2024-08-20,6840,7330,6840,7260,392585,0.07079646017699126
2024-08-21,7300,7340,7070,7080,202189,-0.024793388429752095
2024-08-22,7110,7150,6870,6900,189097,-0.025423728813559365
2024-08-23,6800,6910,6640,6780,211502,-0.017391304347826098
2024-08-26,6780,6820,6610,6690,224258,-0.013274336283185861
2024-08-27,6630,6710,6530,6610,177693,-0.01195814648729443
2024-08-28,6610,6630,6300,6440,406997,-0.02571860816944027
2024-08-29,6410,6510,6260,6410,136823,-0.004658385093167738
2024-08-30,6420,6660,6420,6620,170814,0.032761310452418035
2024-09-02,6650,6650,6470,6490,91739,-0.01963746223564955
2024-09-03,6490,6510,6140,6150,304213,-0.05238828967642528
2024-09-04,5920,6030,5750,5910,327757,-0.039024390243902474
2024-09-05,6000,6030,5620,5630,380395,-0.04737732656514382
2024-09-06,5620,5680,5350,5400,421424,-0.04085257548845467
2024-09-09,5250,5980,5110,5640,808877,0.04444444444444451
2024-09-10,5660,5750,5480,5510,209678,-0.023049645390070927
2024-09-11,5510,5590,5250,5300,290300,-0.038112522686025385
2024-09-12,5390,5690,5390,5590,383614,0.05471698113207557
2024-09-13,5590,5640,5560,5590,99309,0.0
2024-09-19,5580,5600,5380,5510,141314,-0.014311270125223596
2024-09-20,5650,5790,5500,5510,193576,0.0
2024-09-23,5640,5880,5460,5850,252502,0.061705989110707904
2024-09-24,5910,6050,5790,5910,305488,0.01025641025641022
2024-09-25,5870,6040,5870,5960,137797,0.008460236886632888
2024-09-26,5970,6320,5970,6280,235763,0.05369127516778516
2024-09-27,6250,6400,6230,6340,142784,0.009554140127388644
2024-09-30,6340,6350,6030,6060,145618,-0.04416403785488954
2024-10-02,5970,6280,5960,6020,154187,-0.0066006600660065695
2024-10-04,6020,6100,5920,5950,77244,-0.011627906976744207
2024-10-07,6000,6260,5900,6250,167862,0.050420168067226934
2024-10-08,6150,6270,6100,6220,109220,-0.0048000000000000265
2024-10-10,6290,6290,6050,6140,94410,-0.012861736334405127
2024-10-11,6130,6280,6080,6110,87688,-0.004885993485342022
2024-10-14,6050,6200,6050,6120,61545,0.0016366612111293755
2024-10-15,6200,6690,6140,6670,537774,0.08986928104575154
2024-10-16,6600,7050,6580,6850,497365,0.026986506746626615
2024-10-17,6930,7100,6840,7080,298528,0.033576642335766405
2024-10-18,7080,7170,6920,7080,253523,0.0
2024-10-21,7110,7110,6790,6790,203835,-0.04096045197740117
2024-10-22,6790,6840,6450,6490,216605,-0.044182621502209085
2024-10-23,6500,6560,6190,6360,264962,-0.02003081664098616
2024-10-24,6280,6290,5830,5970,474498,-0.061320754716981174
2024-10-25,5920,6030,5730,5770,242114,-0.03350083752093802
2024-10-28,5740,5790,5570,5660,261554,-0.01906412478336217
2024-10-29,5660,5850,5560,5830,270782,0.030035335689045928
2024-10-30,5850,5860,5500,5500,336693,-0.05660377358490565
2024-10-31,5500,6100,5400,5930,374389,0.07818181818181813
2024-11-01,5800,6030,5740,5920,177625,-0.001686340640809414
2024-11-04,5940,6330,5940,6160,303956,0.04054054054054057
2024-11-05,6070,6230,6040,6230,96982,0.011363636363636465
2024-11-06,6230,6330,5930,5980,235946,-0.0401284109149278
2024-11-07,5980,6010,5800,5860,125499,-0.02006688963210701
2024-11-08,5860,5980,5720,5780,127519,-0.013651877133105783
2024-11-11,5780,5850,5410,5430,312731,-0.06055363321799312
2024-11-12,5440,5490,5200,5360,303757,-0.012891344383057057
2024-11-13,5300,5460,5070,5080,376634,-0.052238805970149294
2024-11-14,5000,5170,4700,4750,604302,-0.06496062992125984
2024-11-15,4750,4785,4460,4635,498301,-0.02421052631578946
2024-11-18,4635,4720,4365,4390,329950,-0.052858683926645056
2024-11-19,4350,4595,4320,4400,306971,0.002277904328018332
2024-11-20,4400,5030,4295,4690,1894675,0.06590909090909092
2024-11-21,4640,5390,4640,5360,1296715,0.1428571428571428
2024-11-22,5240,5640,5050,5160,887467,-0.03731343283582089
2024-11-25,5100,5350,5000,5260,239630,0.019379844961240345
2024-11-26,5150,5340,4935,4945,277153,-0.0598859315589354
2024-11-27,4920,4990,4550,4600,607203,-0.06976744186046513
2024-11-28,4690,4690,4390,4420,256447,-0.03913043478260869
2024-11-29,4455,4455,4140,4215,421983,-0.0463800904977375
2024-12-02,4255,4365,4225,4315,144026,0.023724792408066353
2024-12-03,4280,4525,4250,4480,273309,0.03823870220162218
2024-12-04,4270,4640,4270,4390,179073,-0.0200892857142857
2024-12-05,4395,4830,4315,4395,463085,0.001138952164009055
2024-12-06,4405,4490,4170,4295,259667,-0.022753128555176305
2024-12-09,4110,4235,3795,3835,499206,-0.10710128055878931
2024-12-10,3835,4190,3835,4120,369980,0.0743155149934811
2024-12-11,4065,4490,4015,4385,305026,0.06432038834951448
2024-12-12,4400,4640,4380,4540,173139,0.03534777651083232
2024-12-13,4540,4625,4430,4595,128309,0.012114537444933848
2024-12-16,4680,4750,4500,4650,119270,0.01196953210010876
2024-12-17,4600,4960,4600,4850,304115,0.043010752688172005
2024-12-18,4810,4920,4750,4920,138066,0.014432989690721598
2024-12-19,4750,4890,4710,4735,141653,-0.03760162601626016
2024-12-20,4700,4780,4285,4405,356264,-0.06969376979936637
2024-12-23,4425,4780,4425,4755,194068,0.07945516458569801
2024-12-24,4735,5720,4735,5150,2009148,0.08307045215562558
2024-12-26,5190,5290,5070,5070,299203,-0.01553398058252431
2024-12-27,5010,5340,4970,5310,493132,0.047337278106508895
2024-12-30,5210,5310,5110,5280,230010,-0.005649717514124242
2025-01-02,5330,5400,5210,5340,237927,0.011363636363636465
2025-01-03,5290,5530,5250,5470,191081,0.02434456928838946
2025-01-06,5470,5570,5380,5430,144341,-0.007312614259597838
2025-01-07,5420,5420,5190,5220,297463,-0.03867403314917128
2025-01-08,5200,5910,5140,5790,952235,0.10919540229885061
2025-01-09,5790,5790,5270,5380,420645,-0.07081174438687388
2025-01-10,5400,5920,5330,5760,654022,0.07063197026022294
2025-01-13,5770,5780,5420,5580,297629,-0.03125
2025-01-14,5540,5710,5510,5680,159004,0.017921146953405076
2025-01-15,5710,5720,5450,5580,198417,-0.017605633802816878
2025-01-16,5580,5790,5510,5640,297051,0.010752688172043001
2025-01-17,5600,5800,5490,5560,323117,-0.014184397163120588
2025-01-20,5600,5750,5450,5500,454082,-0.010791366906474864
2025-01-21,5500,5590,5360,5540,246012,0.0072727272727273196
2025-01-22,5750,5750,5140,5550,659532,0.0018050541516245744
2025-01-23,5550,5550,5250,5380,178531,-0.03063063063063065
2025-01-24,5380,5380,4960,5040,473029,-0.06319702602230481
2025-01-31,5020,5100,4920,5010,216845,-0.005952380952380931
2025-02-03,4910,4980,4800,4870,135835,-0.027944111776447067
2025-02-04,4870,5070,4870,5020,79009,0.030800821355236208
2025-02-05,5070,5140,4915,5100,78861,0.015936254980079667
2025-02-06,5110,5470,5020,5440,276716,0.06666666666666665
2025-02-07,5380,5470,5230,5370,162135,-0.012867647058823484
2025-02-10,5270,6440,5260,6130,2409442,0.14152700186219747
2025-02-11,6200,6420,6090,6220,881384,0.014681892332789603
2025-02-12,6390,6450,5910,5960,496270,-0.04180064308681675
2025-02-13,5960,6100,5890,5980,238356,0.003355704697986628
2025-02-14,5880,5950,5650,5800,469009,-0.030100334448160515
2025-02-17,5800,6090,5790,6060,277512,0.04482758620689653
2025-02-18,6040,6110,5900,5960,143337,-0.01650165016501648
2025-02-19,5910,6050,5800,5950,171002,-0.001677852348993314
2025-02-20,5950,5960,5770,5850,138006,-0.01680672268907568
2025-02-21,5850,5980,5740,5770,129988,-0.013675213675213627
2025-02-24,5740,6100,5560,6010,321465,0.04159445407279039
2025-02-25,5910,5980,5770,5820,129267,-0.03161397670549082
2025-02-26,5820,6120,5760,5990,271883,0.029209621993127044
2025-02-27,5990,6010,5810,5850,156559,-0.023372287145242088
2025-02-28,5690,5850,5640,5730,171901,-0.02051282051282055
2025-03-04,5610,5900,5600,5870,80985,0.024432809773123898
2025-03-05,5870,6040,5720,5880,176054,0.0017035775127767216
2025-03-06,5930,5940,5650,5670,124710,-0.0357142857142857
2025-03-07,5580,5690,5300,5410,274910,-0.04585537918871252
2025-03-10,5360,5470,5320,5330,132720,-0.014787430683918634
2025-03-11,5100,5240,5090,5160,153461,-0.031894934333958735
2025-03-12,5170,5350,5120,5290,118899,0.025193798449612448
2025-03-13,5400,5400,5250,5250,93929,-0.007561436672967825
2025-03-14,5250,5490,5250,5450,108298,0.03809523809523818
2025-03-17,5490,5490,5310,5310,86773,-0.025688073394495414
2025-03-18,5330,5380,5260,5260,63351,-0.00941619585687381
2025-03-19,5200,5360,5200,5270,55191,0.0019011406844107182
2025-03-20,5340,5370,5220,5270,77745,0.0
2025-03-21,5270,5310,5160,5300,90414,0.005692599620493288
2025-03-24,5610,5620,5100,5100,214847,-0.037735849056603765
2025-03-25,5130,5320,5000,5010,259517,-0.01764705882352946
2025-03-26,5000,5110,4985,5080,102368,0.013972055888223478
2025-03-27,5020,5100,4910,4955,131844,-0.02460629921259838
2025-03-28,4955,5020,4775,4805,131144,-0.030272452068617506
2025-03-31,4530,4845,4530,4800,93992,-0.0010405827263267886
2025-04-01,4810,4895,4735,4800,56675,0.0
2025-04-02,4910,4910,4510,4555,109718,-0.05104166666666665
2025-04-03,4425,4670,4345,4660,145586,0.023051591657519133
2025-04-04,4485,4640,4430,4520,109740,-0.030042918454935674
2025-04-07,4320,4480,4055,4180,291037,-0.0752212389380531
2025-04-08,4220,4360,4090,4105,88671,-0.01794258373205737
2025-04-09,3980,4100,3855,3870,161337,-0.057247259439707654
2025-04-10,4185,4295,4130,4245,110937,0.0968992248062015
2025-04-11,4175,4435,4160,4395,65024,0.035335689045936425
2025-04-14,5080,5250,4685,4905,649322,0.11604095563139927
2025-04-15,5000,5080,4910,4990,177649,0.017329255861366022
2025-04-16,5000,5090,4940,4995,139111,0.0010020040080160886
2025-04-17,4965,5100,4930,5100,108055,0.021021021021021102
2025-04-18,5050,5290,4975,5290,161630,0.0372549019607844
2025-04-21,5420,5420,5050,5100,222786,-0.03591682419659736
2025-04-22,5010,5140,4905,5110,137827,0.0019607843137254832
2025-04-23,5310,5310,5150,5170,83858,0.011741682974559797
2025-04-24,5290,5420,5140,5280,170008,0.02127659574468077
2025-04-25,5280,5460,5260,5400,123362,0.022727272727272707
2025-04-28,5410,5500,5310,5340,120507,-0.011111111111111072
2025-04-29,5290,5490,5290,5410,143217,0.013108614232209659
2025-04-30,5400,5410,5230,5280,121347,-0.02402957486136781
2025-05-02,5280,5360,5180,5250,80743,-0.005681818181818232
2025-05-07,5350,5600,5260,5530,188997,0.05333333333333323
2025-05-08,5530,5940,5470,5800,346755,0.0488245931283906
2025-05-09,5870,5870,5550,5650,172273,-0.025862068965517238
2025-05-12,5680,5790,5530,5620,110155,-0.005309734513274322
2025-05-13,5690,5760,5550,5700,148049,0.014234875444839812
2025-05-14,5830,5860,5620,5770,164796,0.012280701754386003
2025-05-15,5750,5930,5640,5830,170965,0.010398613518197486
2025-05-16,5820,5850,5650,5700,134912,-0.022298456260720356
2025-05-19,5650,5810,5630,5700,198731,0.0
2025-05-20,5900,5900,5710,5710,162667,0.0017543859649122862
2025-05-21,5760,5960,5660,5900,181040,0.03327495621716281
2025-05-22,5910,6040,5900,6000,286950,0.016949152542372836
2025-05-23,6040,6040,5670,5680,430819,-0.053333333333333344
2025-05-26,5650,5670,5320,5390,215315,-0.051056338028169
2025-05-27,5440,5460,5240,5290,101599,-0.01855287569573283
2025-05-28,5290,5390,5220,5330,40412,0.007561436672967936
2025-05-29,5330,5370,5080,5250,275137,-0.015009380863039379
2025-05-30,5290,5350,5130,5190,126029,-0.011428571428571455
2025-06-02,5140,5290,5090,5210,110152,0.003853564547206201
2025-06-04,5190,5320,5160,5250,135777,0.007677543186180413
2025-06-05,5250,5370,5210,5310,123969,0.011428571428571344
2025-06-09,5350,5380,5270,5350,95512,0.007532956685499137
2025-06-10,5410,5460,5340,5400,95982,0.009345794392523255
2025-06-11,5390,5480,5350,5390,66970,-0.0018518518518518823
2025-06-12,5390,5440,5330,5400,229517,0.0018552875695732052
2025-06-13,5440,5440,5120,5190,167498,-0.03888888888888886
2025-06-16,5190,5220,5030,5220,133586,0.005780346820809301
2025-06-17,5170,5390,5100,5310,110472,0.01724137931034475
2025-06-18,5330,5440,5230,5430,76981,0.02259887005649719
2025-06-19,5480,5580,5330,5440,140870,0.0018416206261511192
2025-06-20,5440,5720,5260,5700,311795,0.047794117647058876
2025-06-23,5520,5560,5310,5500,181894,-0.03508771929824561
2025-06-24,5640,5910,5590,5900,313938,0.07272727272727275
2025-06-25,5970,6830,5650,6700,1288727,0.13559322033898313
2025-06-26,6700,6980,6460,6910,658465,0.03134328358208949
2025-06-27,6840,6900,6590,6770,236649,-0.02026049204052094
2025-06-30,6770,7040,6510,6570,334353,-0.02954209748892167
2025-07-01,6600,6880,6470,6560,521579,-0.0015220700152207556
2025-07-02,6500,6920,6220,6800,517740,0.03658536585365857
2025-07-03,6810,7100,6620,6960,477254,0.0235294117647058
2025-07-04,6960,7310,6880,6880,474786,-0.011494252873563204
2025-07-07,6840,7990,6410,7990,610369,0.16133720930232553
2025-07-08,6980,7120,6350,6410,1784616,-0.19774718397997493
2025-07-09,6400,6540,6210,6390,431232,-0.0031201248049922414
2025-07-10,6450,6800,6310,6660,756302,0.04225352112676051
2025-07-11,6800,7800,6670,7090,3538883,0.0645645645645645
2025-07-14,7030,7210,6610,7140,1126226,0.007052186177715081
2025-07-15,7240,9280,7010,9280,10854098,0.2997198879551821
2025-07-16,9400,11430,9040,10720,54823277,0.15517241379310343
2025-07-17,10720,11290,10210,10340,9557072,-0.035447761194029814
2025-07-18,10650,11950,10460,11350,25978825,0.0976789168278529
2025-07-21,11700,12420,11460,12100,7624219,0.06607929515418509
2025-07-22,12180,12260,11430,11630,2924224,-0.03884297520661162
2025-07-23,11430,11640,10700,11220,2782307,-0.03525365434221839
2025-07-24,11220,11380,10500,10550,2241230,-0.059714795008912636
2025-07-25,10450,11190,10350,11050,1549122,0.04739336492891
2025-07-28,11050,11280,10040,10780,1719063,-0.024434389140271517
2025-07-29,10700,11180,10450,10780,967686,0.0
2025-07-30,10810,11380,10650,10810,1199155,0.002782931354359919
2025-07-31,10810,11420,10520,11400,1283150,0.0545790934320074
2025-08-01,11210,11350,10090,10880,2311396,-0.04561403508771933
2025-08-04,10880,10900,10230,10510,1249053,-0.034007352941176516
2025-08-05,10690,11610,10550,10880,3624542,0.03520456707897246
2025-08-06,10830,10840,10310,10420,1141139,-0.04227941176470584
2025-08-07,10730,11150,10110,10300,1647669,-0.01151631477927062
2025-08-08,10300,10390,9770,9890,1147405,-0.03980582524271847
2025-08-11,9890,10580,9820,10260,1109645,0.037411526794742134
2025-08-12,10450,10610,9850,9910,1223366,-0.03411306042884987
2025-08-13,9990,10860,9700,10170,3990713,0.026236125126135157
2025-08-14,10170,10190,9530,9650,1573245,-0.051130776794493626
2025-08-18,9690,11130,9670,10430,8148382,0.08082901554404143
2025-08-19,10340,10690,10110,10680,2326031,0.023969319271332612
2025-08-20,10380,10540,10100,10230,1180575,-0.042134831460674205
2025-08-21,10120,10540,9980,10030,846254,-0.019550342130987275
2025-08-22,10040,10450,9920,10100,942868,0.006979062811565351
2025-08-25,10230,11280,10230,10970,4979062,0.08613861386138622
2025-08-26,10900,11880,10690,11500,4487604,0.048313582497721
2025-08-27,11500,11830,11370,11570,1413023,0.006086956521739184
2025-08-28,11410,11990,11270,11800,2033909,0.019878997407087207
2025-08-29,12140,12330,11080,11180,2917206,-0.05254237288135588
2025-09-01,11150,12650,11080,11820,7293816,0.057245080500894385
2025-09-02,11710,11930,10840,11580,2618606,-0.02030456852791873
2025-09-03,11660,13760,11500,13470,22995374,0.16321243523316054
2025-09-04,13410,14060,13150,13840,7466613,0.027468448403860535
2025-09-05,13840,13900,12910,13250,2939169,-0.04263005780346818
2025-09-08,13310,13780,13050,13460,2537955,0.01584905660377367
2025-09-09,13360,13360,12690,12920,1871116,-0.04011887072808318
2025-09-10,12920,13150,12630,12900,1330405,-0.001547987616099089
2025-09-11,12900,12910,12340,12630,1611779,-0.020930232558139528
2025-09-12,12630,12860,12240,12360,1179696,-0.02137767220902609
2025-09-15,12350,12680,12120,12470,1309199,0.008899676375404564
2025-09-16,12500,12610,12130,12230,757062,-0.019246190858059342
2025-09-17,12240,12500,11860,11980,993558,-0.02044153720359776
2025-09-18,11980,12200,11740,11990,858407,0.0008347245409014992
2025-09-19,11990,12800,11710,12640,1767294,0.05421184320266881
2025-09-22,12640,12790,11900,11960,1093560,-0.05379746835443033
2025-09-23,11980,12050,11170,11280,1421900,-0.05685618729096986
2025-09-24,11280,11390,11060,11170,564379,-0.009751773049645363
2025-09-25,11100,11170,10860,10930,717071,-0.0214861235452104
2025-09-26,10920,11090,10450,10610,577034,-0.029277218664226945
2025-09-29,10610,11250,10610,11090,540104,0.045240339302544674
2025-09-30,10880,11570,10680,11220,809927,0.011722272317403082
2025-10-01,11320,11400,10980,11340,431221,0.010695187165775444
2025-10-02,11350,11360,10910,11040,375601,-0.02645502645502651
2025-10-10,11040,11040,10480,10730,685588,-0.028079710144927494
2025-10-13,10400,10540,10050,10220,961464,-0.047530288909599205
2025-10-14,10250,10660,9730,9820,898683,-0.03913894324853229
2025-10-15,9970,10170,9730,10100,642881,0.02851323828920571
2025-10-16,10150,10150,9700,9900,808100,-0.01980198019801982
2025-10-17,9900,10080,9550,9580,631333,-0.03232323232323231
2025-10-20,9580,9680,9120,9360,1813113,-0.022964509394572064
2025-10-21,9880,10500,9450,9480,3167580,0.012820512820512775
2025-10-22,9390,9400,8460,9140,1879245,-0.03586497890295359
2025-10-23,9140,9270,8900,9010,704256,-0.01422319474835887
2025-10-24,8910,9090,8770,8850,1020791,-0.017758046614872347
2025-10-27,8920,9140,8810,9050,821316,0.02259887005649719
2025-10-28,9050,9250,8860,9040,678441,-0.0011049723756906271
2025-10-29,9040,9180,8860,9010,578604,-0.0033185840707964376
2025-10-30,9010,9070,8540,8570,925565,-0.04883462819089901
2025-10-31,8570,8910,8570,8730,496062,0.018669778296382722
2025-11-03,8770,9360,8740,9040,896893,0.03550973654066447
2025-11-04,9150,9500,8940,9270,907516,0.025442477876106206
2025-11-05,9280,9290,8660,8960,1001023,-0.033441208198489725
2025-11-06,9160,9900,9030,9730,1918607,0.0859375
2025-11-07,9400,9690,9120,9360,1045312,-0.03802672147995889
2025-11-10,9470,10090,9000,9940,1236343,0.06196581196581197
2025-11-11,9930,10050,9460,9580,869031,-0.03621730382293764
2025-11-12,9580,9880,9260,9690,712965,0.01148225469728592
2025-11-13,9900,9940,9390,9620,493432,-0.007223942208462342
2025-11-14,9250,9720,9250,9440,440803,-0.018711018711018657
2025-11-17,9460,9490,8830,9340,601970,-0.010593220338983023
2025-11-18,9710,9850,7990,8700,2891855,-0.06852248394004279
2025-11-19,8810,9280,8710,8950,874746,0.028735632183908066
2025-11-20,9010,9100,8220,8330,1200247,-0.06927374301675981
2025-11-21,8070,8690,7840,8200,1272980,-0.015606242496998823
2025-11-24,8330,8520,8010,8060,401621,-0.017073170731707332
2025-11-25,8170,8520,8100,8330,380022,0.03349875930521096
2025-11-26,8500,9170,8360,9120,1049982,0.09483793517406958
2025-11-27,9140,9830,9050,9640,1014160,0.05701754385964919
2025-11-28,9650,9900,9480,9580,578546,-0.006224066390041472
2025-12-01,9580,9690,9320,9400,350615,-0.018789144050104345
2025-12-02,9400,9550,9240,9550,264731,0.015957446808510634
2025-12-03,9710,9780,9330,9620,495651,0.00732984293193728
2025-12-04,9620,9620,9170,9210,523428,-0.042619542619542594
2025-12-05,9170,9250,9000,9120,323383,-0.009771986970684043
2025-12-08,9120,9200,8920,9080,408708,-0.004385964912280715
2025-12-09,9000,9030,8810,9000,292260,-0.008810572687224627
2025-12-10,9200,10050,9150,9700,2703175,0.07777777777777772
2025-12-11,9770,10250,9700,9880,1304584,0.01855670103092777
2025-12-12,9930,10390,9800,10200,1055605,0.03238866396761142
2025-12-15,9830,10350,9830,10000,607174,-0.019607843137254943
2025-12-16,9890,10005,9390,9410,635873,-0.05900000000000005
2025-12-17,9480,9700,9120,9430,680020,0.002125398512220933
2025-12-18,9160,10440,9160,10160,1684712,0.07741251325556742
2025-12-19,10240,10270,9750,9960,938969,-0.019685039370078705
2025-12-22,10000,10190,9460,9720,957488,-0.02409638554216864
2025-12-23,9750,9750,9120,9390,904495,-0.03395061728395066
2025-12-24,9300,9770,9300,9510,619079,0.012779552715654896
2025-12-26,9600,9750,9260,9590,448864,0.008412197686645584
2025-12-29,9640,9930,9410,9680,681948,0.009384775808133572
