Date,Open,High,Low,Close,Volume,Change
2022-01-03,2195,2195,2135,2178,126073,0.0018399264029438367
2022-01-04,2182,2182,2144,2178,69957,0.0
2022-01-05,2157,2178,2066,2106,157584,-0.03305785123966942
2022-01-06,2088,2088,2019,2024,160924,-0.03893637226970559
2022-01-07,2036,2114,2024,2080,94385,0.027667984189723382
2022-01-10,2092,2092,2006,2011,107694,-0.033173076923076916
2022-01-11,2011,2024,1942,2007,141943,-0.001989060169070078
2022-01-12,2006,2075,1972,2058,140105,0.025411061285500747
2022-01-13,2088,2088,2049,2050,87358,-0.0038872691933916625
2022-01-14,2058,2058,1959,2003,117783,-0.022926829268292703
2022-01-17,2002,2482,1942,2161,1472290,0.07888167748377439
2022-01-18,2169,2337,2101,2320,852904,0.07357704766311901
2022-01-19,2325,2465,2220,2270,354355,-0.02155172413793105
2022-01-20,2245,2270,2195,2270,105073,0.0
2022-01-21,2255,2270,2180,2185,125523,-0.037444933920704804
2022-01-24,2160,2230,2030,2060,152493,-0.05720823798627006
2022-01-25,2010,2070,1910,1940,245355,-0.058252427184465994
2022-01-26,1955,1970,1920,1930,58576,-0.005154639175257714
2022-01-27,1940,1940,1795,1820,159743,-0.05699481865284972
2022-01-28,1840,1880,1760,1860,165243,0.0219780219780219
2022-02-03,1890,1965,1840,1915,175322,0.029569892473118253
2022-02-04,1920,2020,1915,2005,114297,0.04699738903394257
2022-02-07,2020,2350,2010,2130,863656,0.06234413965087282
2022-02-08,2105,2185,2050,2080,162906,-0.023474178403755874
2022-02-09,2100,2165,2085,2115,148422,0.016826923076923128
2022-02-10,2160,2160,2065,2090,74485,-0.011820330969267157
2022-02-11,2045,2060,1955,1995,128712,-0.045454545454545414
2022-02-14,1920,1975,1835,1905,90846,-0.045112781954887216
2022-02-15,1890,1905,1805,1840,117382,-0.034120734908136496
2022-02-16,1845,1915,1845,1900,69029,0.032608695652173836
2022-02-17,1910,1965,1805,1925,118536,0.013157894736842035
2022-02-18,1880,1965,1870,1950,88980,0.01298701298701288
2022-02-21,1965,1980,1905,1965,40281,0.007692307692307665
2022-02-22,1965,1980,1895,1915,69885,-0.025445292620865145
2022-02-23,1935,1935,1850,1880,120477,-0.018276762402088753
2022-02-24,1880,1890,1810,1815,61862,-0.034574468085106336
2022-02-25,1815,1850,1795,1800,142204,-0.008264462809917328
2022-02-28,1810,1840,1765,1800,78576,0.0
2022-03-02,1800,1870,1770,1825,126787,0.01388888888888884
2022-03-03,1825,1885,1825,1850,148900,0.013698630136986356
2022-03-04,1850,1875,1770,1800,165859,-0.027027027027026973
2022-03-07,1800,2330,1740,2120,8403829,0.1777777777777778
2022-03-08,2120,2125,1910,2005,843602,-0.054245283018867885
2022-03-10,2030,2050,1915,1940,335877,-0.032418952618453845
2022-03-11,1910,2325,1910,2250,3824965,0.1597938144329898
2022-03-14,2250,2255,2105,2170,582621,-0.03555555555555556
2022-03-15,2145,2155,2090,2135,372629,-0.016129032258064502
2022-03-16,2120,2455,2120,2300,2107951,0.07728337236533966
2022-03-17,2305,2330,2275,2300,373190,0.0
2022-03-18,2300,2300,2220,2290,277904,-0.004347826086956497
2022-03-21,1865,1945,1850,1875,5183691,-0.18122270742358082
2022-03-22,1870,1870,1775,1820,1611572,-0.029333333333333322
2022-03-23,1810,1855,1795,1820,1500824,0.0
2022-03-24,1820,1835,1795,1820,597198,0.0
2022-03-25,1825,1865,1800,1860,698047,0.0219780219780219
2022-03-28,1875,1875,1790,1810,804689,-0.026881720430107503
2022-03-29,1820,1825,1780,1780,753591,-0.016574585635359074
2022-03-30,1795,1840,1775,1835,551901,0.030898876404494402
2022-03-31,1845,1855,1815,1850,342384,0.008174386920980936
2022-04-01,1860,1885,1820,1865,565988,0.008108108108108025
2022-04-04,1890,1890,1850,1870,455584,0.002680965147453085
2022-04-05,1880,1895,1860,1865,289436,-0.002673796791443861
2022-04-06,1860,1860,1815,1820,325664,-0.024128686327077764
2022-04-07,1820,2285,1775,2000,19564228,0.098901098901099
2022-04-08,1950,1985,1885,1960,2530150,-0.020000000000000018
2022-04-11,1965,1995,1900,1925,944197,-0.017857142857142905
2022-04-12,1925,1930,1840,1860,668299,-0.03376623376623378
2022-04-13,1880,1920,1850,1900,305734,0.021505376344086002
2022-04-14,1905,1910,1855,1865,327959,-0.018421052631578894
2022-04-15,1875,1880,1835,1875,270950,0.00536193029490617
2022-04-18,1910,1925,1865,1910,359981,0.01866666666666661
2022-04-19,1925,1925,1865,1900,281022,-0.005235602094240788
2022-04-20,1900,1940,1855,1895,448084,-0.0026315789473684292
2022-04-21,1900,1925,1880,1905,331523,0.005277044854881341
2022-04-22,1935,1965,1890,1940,472577,0.018372703412073532
2022-04-25,1900,2020,1900,1980,960513,0.020618556701030855
2022-04-26,1995,2005,1975,1990,368234,0.005050505050504972
2022-04-27,1955,2020,1890,2000,475515,0.005025125628140614
2022-04-28,2020,2020,1950,1995,289705,-0.0024999999999999467
2022-04-29,2010,2010,1970,1990,217831,-0.0025062656641604564
2022-05-02,1950,2035,1950,2010,519157,0.01005025125628145
2022-05-03,2010,2060,2005,2040,370606,0.014925373134328401
2022-05-04,2060,2360,2030,2070,7190236,0.014705882352941124
2022-05-06,2080,2235,2070,2125,1543613,0.02657004830917864
2022-05-09,2160,2160,2010,2035,736130,-0.04235294117647059
2022-05-10,1990,2055,1930,2035,438554,0.0
2022-05-11,2060,2180,2050,2115,826892,0.039312039312039415
2022-05-12,2080,2170,1980,2010,649253,-0.049645390070921946
2022-05-13,2020,2290,2020,2245,4041110,0.11691542288557222
2022-05-16,2250,2285,2165,2205,865899,-0.017817371937639215
2022-05-17,2225,2310,2160,2160,1022418,-0.020408163265306145
2022-05-18,2185,2320,2160,2310,1650590,0.06944444444444442
2022-05-19,2245,2305,2220,2225,1293379,-0.03679653679653683
2022-05-20,2235,2260,2125,2180,693592,-0.020224719101123556
2022-05-23,2170,2235,2105,2115,541562,-0.029816513761467878
2022-05-24,2130,2340,2120,2305,1815193,0.08983451536643017
2022-05-25,2235,2260,2110,2220,1138862,-0.03687635574837311
2022-05-26,2210,2220,2165,2185,324629,-0.015765765765765716
2022-05-27,2190,2260,2170,2180,318400,-0.0022883295194507935
2022-05-30,2185,2300,2170,2230,795150,0.022935779816513735
2022-05-31,2245,2345,2215,2275,1568219,0.020179372197309364
2022-06-02,2275,2275,2230,2245,303928,-0.01318681318681314
2022-06-03,2270,2270,2170,2185,580850,-0.026726057906458767
2022-06-07,2190,2195,2120,2140,303657,-0.020594965675057253
2022-06-08,2140,2215,2140,2210,274409,0.032710280373831724
2022-06-09,2200,2205,2110,2190,239859,-0.009049773755656076
2022-06-10,2180,2180,2135,2155,182436,-0.01598173515981738
2022-06-13,2095,2100,1945,1980,540314,-0.08120649651972156
2022-06-14,1910,1965,1865,1960,435199,-0.010101010101010055
2022-06-15,1920,2000,1860,1895,239904,-0.03316326530612246
2022-06-16,1915,2030,1915,1930,280809,0.01846965699208436
2022-06-17,1890,1970,1780,1955,257312,0.012953367875647714
2022-06-20,1960,2000,1875,1915,182034,-0.020460358056266004
2022-06-21,1900,1965,1900,1965,125919,0.02610966057441244
2022-06-22,1995,2040,1875,1880,290779,-0.043256997455470736
2022-06-23,1890,1970,1850,1930,576961,0.02659574468085113
2022-06-24,1905,2065,1905,2015,569026,0.04404145077720201
2022-06-27,2045,2105,2015,2105,487873,0.04466501240694787
2022-06-28,2105,2105,2045,2085,247705,-0.009501187648456089
2022-06-29,2070,2085,2015,2085,134339,0.0
2022-06-30,2090,2100,2050,2070,92748,-0.007194244604316502
2022-07-01,2035,2090,1995,2010,165697,-0.02898550724637683
2022-07-04,1990,2020,1900,1940,197420,-0.03482587064676612
2022-07-05,1945,2015,1910,2000,85321,0.030927835051546282
2022-07-06,2010,2120,1980,2070,455734,0.03499999999999992
2022-07-07,2070,2185,2070,2185,697337,0.05555555555555558
2022-07-08,2185,2190,2120,2135,445040,-0.022883295194508046
2022-07-11,2135,2165,2075,2165,208401,0.014051522248243575
2022-07-12,2170,2170,2020,2075,258197,-0.04157043879907618
2022-07-13,2060,2095,2035,2095,224907,0.009638554216867545
2022-07-14,2095,2175,2050,2175,244878,0.038186157517899666
2022-07-15,2175,2230,2155,2220,453305,0.020689655172413834
2022-07-18,2220,2305,2180,2295,841385,0.03378378378378377
2022-07-19,2285,2370,2250,2305,815454,0.004357298474945592
2022-07-20,2350,2460,2290,2415,1174013,0.04772234273318876
2022-07-21,2415,2445,2295,2310,583759,-0.04347826086956519
2022-07-22,2300,2440,2255,2400,1076888,0.03896103896103886
2022-07-25,2400,2465,2320,2375,812582,-0.01041666666666663
2022-07-26,2355,2365,2050,2145,1787730,-0.09684210526315784
2022-07-27,2115,2140,2065,2085,379851,-0.027972027972028024
2022-07-28,2100,2135,2075,2135,283493,0.023980815347721895
2022-07-29,2115,2160,2105,2130,206368,-0.0023419203747072626
2022-08-01,2130,2130,2020,2110,633262,-0.009389671361502372
2022-08-02,2160,2395,2040,2045,5063406,-0.03080568720379151
2022-08-03,2045,2180,1955,2060,1171678,0.007334963325183352
2022-08-04,2090,2095,2040,2065,489292,0.0024271844660195274
2022-08-05,2050,2090,2035,2055,285867,-0.004842615012106588
2022-08-08,2050,2050,1970,2000,480983,-0.02676399026763987
2022-08-09,1990,2010,1980,2005,133617,0.0024999999999999467
2022-08-10,2000,2025,1980,1995,209051,-0.004987531172069848
2022-08-11,2015,2015,1970,1985,429309,-0.005012531328320802
2022-08-12,1995,1995,1905,1940,486052,-0.02267002518891692
2022-08-16,1945,1965,1910,1925,303972,-0.0077319587628865705
2022-08-17,1920,1945,1870,1890,310047,-0.018181818181818188
2022-08-18,1890,1930,1840,1900,279397,0.005291005291005346
2022-08-19,1915,1955,1865,1895,310953,-0.0026315789473684292
2022-08-22,1880,1885,1790,1800,445652,-0.05013192612137207
2022-08-23,1800,1800,1720,1735,483531,-0.036111111111111094
2022-08-24,1735,1850,1725,1825,273491,0.05187319884726227
2022-08-25,1825,1850,1805,1835,165629,0.005479452054794498
2022-08-26,1850,1850,1815,1815,133629,-0.010899182561307952
2022-08-29,1725,1760,1710,1740,337758,-0.04132231404958675
2022-08-30,1740,1770,1715,1740,147034,0.0
2022-08-31,1740,1800,1730,1775,273618,0.02011494252873569
2022-09-01,1780,1820,1750,1760,334852,-0.008450704225352101
2022-09-02,1760,1760,1710,1715,265504,-0.025568181818181768
2022-09-05,1715,1730,1600,1600,513790,-0.06705539358600587
2022-09-06,1625,1645,1545,1575,295402,-0.015625
2022-09-07,1585,1585,1485,1520,368756,-0.03492063492063491
2022-09-08,1535,1575,1490,1525,218040,0.00328947368421062
2022-09-13,1530,1570,1530,1560,150356,0.022950819672131084
2022-09-14,1480,1530,1480,1505,174808,-0.03525641025641024
2022-09-15,1510,1520,1425,1435,358580,-0.046511627906976716
2022-09-16,1435,1435,1370,1400,277580,-0.024390243902439046
2022-09-19,1405,1425,1350,1355,165036,-0.03214285714285714
2022-09-20,1350,1405,1350,1370,91872,0.011070110701107083
2022-09-21,1350,1370,1290,1330,194314,-0.029197080291970767
2022-09-22,1350,1350,1280,1340,130531,0.007518796992481258
2022-09-23,1345,1370,1280,1300,152850,-0.02985074626865669
2022-09-26,1250,1265,1190,1220,376897,-0.06153846153846154
2022-09-27,1195,1270,1180,1265,218892,0.03688524590163933
2022-09-28,1350,1480,1185,1200,736792,-0.0513833992094862
2022-09-29,1210,1300,1210,1220,141765,0.016666666666666607
2022-09-30,1180,1230,1170,1215,146941,-0.004098360655737654
2022-10-04,1280,1280,1220,1240,58707,0.020576131687242816
2022-10-05,1275,1275,1180,1235,120995,-0.0040322580645161255
2022-10-06,1235,1280,1225,1240,101173,0.004048582995951344
2022-10-07,1235,1290,1220,1255,77763,0.012096774193548487
2022-10-11,1205,1275,1190,1200,90349,-0.043824701195219085
2022-10-12,1200,1225,1175,1210,93051,0.008333333333333304
2022-10-13,1250,1250,1120,1140,185046,-0.05785123966942152
2022-10-14,1170,1280,1160,1215,311641,0.06578947368421062
2022-10-17,1205,1220,1175,1220,65778,0.004115226337448652
2022-10-18,1255,1255,1215,1230,79114,0.008196721311475308
2022-10-19,1260,1260,1215,1225,75090,-0.004065040650406471
2022-10-20,1210,1240,1195,1240,63180,0.012244897959183598
2022-10-21,1220,1220,1160,1180,87727,-0.048387096774193505
2022-10-24,1175,1205,1175,1195,45126,0.012711864406779627
2022-10-25,1195,1220,1195,1195,79100,0.0
2022-10-26,1195,1215,1180,1195,62216,0.0
2022-10-27,1195,1205,1160,1195,65478,0.0
2022-10-28,1210,1215,1170,1190,73660,-0.004184100418409997
2022-10-31,1195,1230,1165,1170,82184,-0.01680672268907568
2022-11-01,1170,1195,1160,1170,78325,0.0
2022-11-02,1180,1190,1140,1165,128167,-0.004273504273504258
2022-11-03,1160,1160,1135,1145,89511,-0.01716738197424894
2022-11-04,1150,1150,1110,1135,78450,-0.008733624454148492
2022-11-07,1130,1145,1120,1140,75229,0.004405286343612369
2022-11-08,1150,1155,1110,1145,103073,0.004385964912280604
2022-11-09,1155,1160,1145,1145,58624,0.0
2022-11-10,1140,1165,1140,1155,79941,0.008733624454148492
2022-11-11,1185,1240,1165,1225,278472,0.06060606060606055
2022-11-14,1245,1260,1190,1250,189467,0.020408163265306145
2022-11-15,1230,1540,1230,1425,5572190,0.1399999999999999
2022-11-16,1470,1480,1380,1405,763214,-0.01403508771929829
2022-11-17,1405,1405,1345,1365,219723,-0.028469750889679735
2022-11-18,1375,1480,1370,1420,829782,0.04029304029304037
2022-11-21,1430,1435,1360,1410,264058,-0.007042253521126751
2022-11-22,1385,1385,1345,1355,130920,-0.03900709219858156
2022-11-23,1350,1365,1330,1340,125343,-0.011070110701106972
2022-11-24,1345,1370,1315,1355,114651,0.011194029850746245
2022-11-25,1350,1375,1330,1375,49754,0.014760147601476037
2022-11-28,1365,1380,1290,1310,132948,-0.047272727272727244
2022-11-29,1280,1350,1280,1350,89940,0.03053435114503822
2022-11-30,1355,1415,1315,1370,353445,0.014814814814814836
2022-12-01,1380,1405,1365,1395,109602,0.018248175182481674
2022-12-02,1380,1385,1350,1370,53040,-0.017921146953404965
2022-12-05,1370,1420,1365,1405,113229,0.025547445255474477
2022-12-06,1385,1415,1375,1380,77744,-0.017793594306049876
2022-12-07,1380,1380,1305,1345,85335,-0.025362318840579712
2022-12-08,1340,1345,1310,1330,55352,-0.01115241635687736
2022-12-09,1360,1360,1330,1335,40099,0.003759398496240518
2022-12-12,1340,1360,1325,1355,37214,0.014981273408239737
2022-12-13,1340,1375,1310,1320,160743,-0.02583025830258301
2022-12-14,1320,1355,1320,1325,57611,0.0037878787878788955
2022-12-15,1340,1340,1310,1330,86542,0.0037735849056603765
2022-12-16,1315,1340,1295,1320,69536,-0.007518796992481258
2022-12-19,1300,1315,1270,1270,139336,-0.037878787878787845
2022-12-20,1285,1285,1195,1225,221154,-0.03543307086614178
2022-12-21,1225,1235,1205,1225,38376,0.0
2022-12-22,1225,1260,1180,1260,105341,0.02857142857142847
2022-12-23,1245,1245,1195,1195,58779,-0.051587301587301626
2022-12-26,1200,1205,1180,1180,38817,-0.012552301255230103
2022-12-27,1165,1200,1165,1195,31401,0.012711864406779627
2022-12-28,1210,1215,1170,1195,44777,0.0
2022-12-29,1180,1215,1170,1205,73087,0.008368200836819994
2023-01-02,1205,1230,1155,1160,65122,-0.03734439834024894
2023-01-03,1185,1185,1135,1150,55074,-0.008620689655172376
2023-01-04,1125,1180,1120,1155,73184,0.004347826086956497
2023-01-05,1165,1170,1140,1145,46023,-0.008658008658008698
2023-01-06,1160,1175,1150,1160,51055,0.013100436681222627
2023-01-09,1180,1195,1170,1185,61687,0.02155172413793105
2023-01-10,1200,1220,1190,1210,77117,0.021097046413502074
2023-01-11,1200,1315,1200,1285,324321,0.06198347107438007
2023-01-12,1285,1330,1265,1280,112491,-0.0038910505836575737
2023-01-13,1280,1300,1275,1300,66112,0.015625
2023-01-16,1300,1320,1280,1295,54270,-0.0038461538461538325
2023-01-17,1290,1295,1255,1295,75446,0.0
2023-01-18,1290,1315,1280,1300,70823,0.0038610038610038533
2023-01-19,1285,1300,1270,1300,32154,0.0
2023-01-20,1285,1340,1265,1305,112013,0.0038461538461538325
2023-01-25,1308,1319,1280,1300,78278,-0.003831417624521105
2023-01-26,1300,1305,1270,1288,75658,-0.009230769230769265
2023-01-27,1289,1293,1278,1287,110689,-0.0007763975155279379
2023-01-30,1275,1276,1221,1221,215151,-0.05128205128205132
2023-01-31,1221,1223,1199,1205,107239,-0.013104013104013101
2023-02-01,1205,1229,1203,1225,74480,0.016597510373443924
2023-02-02,1229,1284,1227,1283,157906,0.047346938775510106
2023-02-03,1300,1300,1265,1266,143852,-0.013250194855806696
2023-02-06,1266,1266,1249,1249,68220,-0.013428120063191162
2023-02-07,1235,1255,1235,1252,120113,0.0024019215372297342
2023-02-08,1252,1259,1240,1250,86176,-0.0015974440894568342
2023-02-09,1258,1320,1242,1311,275361,0.048799999999999955
2023-02-10,1311,1362,1256,1280,405566,-0.023646071700991644
2023-02-13,1279,1279,1220,1247,212540,-0.025781249999999978
2023-02-14,1247,1270,1234,1255,81881,0.006415396952686558
2023-02-15,1255,1255,1211,1216,162832,-0.03107569721115533
2023-02-16,1213,1230,1211,1226,102201,0.008223684210526327
2023-02-17,1233,1233,1188,1199,142609,-0.022022838499184294
2023-02-20,1194,1229,1178,1201,100517,0.0016680567139282232
2023-02-21,1206,1214,1173,1193,77541,-0.006661115736885881
2023-02-22,1181,1190,1171,1173,105251,-0.01676445934618609
2023-02-23,1170,1191,1170,1174,53084,0.0008525149190110604
2023-02-24,1189,1195,1164,1172,90502,-0.0017035775127768327
2023-02-27,1170,1170,1135,1137,167096,-0.029863481228668887
2023-02-28,1147,1155,1133,1150,61379,0.011433597185576128
2023-03-02,1152,1152,1125,1128,155938,-0.019130434782608674
2023-03-03,1137,1137,1118,1122,156627,-0.005319148936170248
2023-03-06,1166,1170,1033,1038,957771,-0.07486631016042777
2023-03-07,1038,1045,997,1038,460399,0.0
2023-03-08,1026,1038,1011,1025,131405,-0.012524084778420042
2023-03-09,1025,1030,1009,1013,108533,-0.011707317073170742
2023-03-10,999,1037,994,1036,104510,0.022704837117472954
2023-03-13,1017,1022,995,1015,139571,-0.020270270270270285
2023-03-14,1015,1226,970,977,4596474,-0.03743842364532024
2023-03-15,976,1073,974,1007,711611,0.030706243602866
2023-03-16,1023,1023,980,999,145113,-0.00794438927507446
2023-03-17,1004,1034,999,1019,112646,0.020020020020020013
2023-03-20,1024,1044,1011,1030,103737,0.01079489695780178
2023-03-21,1030,1043,1004,1010,91860,-0.01941747572815533
2023-03-22,1010,1014,993,1013,108290,0.002970297029702973
2023-03-23,1013,1023,995,1000,101666,-0.012833168805528095
2023-03-24,991,1059,991,1038,142161,0.038000000000000034
2023-03-27,1067,1067,1022,1025,90967,-0.012524084778420042
2023-03-28,1027,1076,1025,1067,245203,0.0409756097560976
2023-03-29,1071,1355,1062,1271,6390394,0.19119025304592308
2023-03-30,1310,1470,1290,1326,3258780,0.04327301337529499
2023-03-31,1369,1370,1267,1281,703551,-0.0339366515837104
2023-04-03,1299,1307,1179,1280,613044,-0.0007806401249024209
2023-04-04,1260,1300,1223,1240,548650,-0.03125
2023-04-05,1270,1445,1255,1387,3925573,0.11854838709677429
2023-04-06,1410,1432,1270,1325,1593131,-0.044700793078586876
2023-04-07,1325,1350,1280,1327,352293,0.0015094339622641062
2023-04-10,1328,1357,1250,1303,322991,-0.018085908063300682
2023-04-11,1344,1393,1314,1393,594783,0.06907137375287808
2023-04-12,1411,1411,1331,1362,399836,-0.022254127781765942
2023-04-13,1395,1395,1300,1342,224087,-0.014684287812041119
2023-04-14,1329,1374,1283,1295,448081,-0.03502235469448589
2023-04-17,1281,1358,1270,1337,374938,0.03243243243243232
2023-04-18,1345,1347,1291,1303,238075,-0.025430067314884064
2023-04-19,1302,1364,1298,1327,320233,0.018419033000767415
2023-04-20,1307,1327,1270,1283,261328,-0.03315749811605129
2023-04-21,1276,1293,1221,1238,246514,-0.03507404520654711
2023-04-24,1242,1399,1191,1330,1297999,0.07431340872374803
2023-04-25,1388,1388,1228,1246,520542,-0.06315789473684208
2023-04-26,1240,1250,1190,1210,203085,-0.028892455858748
2023-04-27,1210,1231,1162,1176,185641,-0.028099173553719048
2023-04-28,1190,1220,1143,1219,179068,0.03656462585034004
2023-05-02,1219,1229,1190,1228,126983,0.007383100902379036
2023-05-03,1228,1245,1200,1200,68187,-0.0228013029315961
2023-05-04,1201,1218,1170,1200,88311,0.0
2023-05-08,1240,1241,1201,1222,71554,0.018333333333333313
2023-05-09,1250,1250,1175,1220,111961,-0.0016366612111292644
2023-05-10,1203,1211,1181,1186,58740,-0.02786885245901638
2023-05-11,1187,1236,1130,1198,151765,0.010118043844856706
2023-05-12,1198,1199,1142,1176,97922,-0.018363939899833093
2023-05-15,1153,1193,1145,1146,83295,-0.025510204081632626
2023-05-16,1146,1235,1142,1166,116985,0.017452006980802848
2023-05-17,1146,1192,1146,1190,86858,0.020583190394511064
2023-05-18,1185,1229,1185,1220,143930,0.025210084033613356
2023-05-19,1260,1300,1236,1249,505161,0.023770491803278615
2023-05-22,1249,1273,1241,1268,124416,0.015212169735788539
2023-05-23,1260,1285,1242,1252,99805,-0.012618296529968487
2023-05-24,1252,1270,1200,1233,126110,-0.015175718849840258
2023-05-25,1220,1274,1211,1225,143202,-0.006488240064882356
2023-05-26,1257,1257,1225,1253,71899,0.02285714285714291
2023-05-30,1260,1264,1246,1257,112343,0.0031923383878691425
2023-05-31,1257,1634,1240,1458,20201064,0.15990453460620535
2023-06-01,1441,1443,1368,1380,1866208,-0.053497942386831254
2023-06-02,1424,1428,1354,1377,905463,-0.0021739130434782483
2023-06-05,1377,1392,1338,1378,545204,0.000726216412490821
2023-06-07,1369,1381,1340,1380,493780,0.0014513788098693414
2023-06-08,1360,1389,1351,1377,372276,-0.0021739130434782483
2023-06-09,1375,1402,1360,1400,444722,0.016702977487291104
2023-06-12,1398,1404,1366,1394,256889,-0.004285714285714337
2023-06-13,1382,1407,1372,1388,338579,-0.004304160688665681
2023-06-14,1388,1388,1320,1332,444313,-0.04034582132564846
2023-06-15,1340,1370,1315,1324,266078,-0.006006006006005982
2023-06-16,1325,1384,1325,1382,258400,0.04380664652567967
2023-06-19,1394,1421,1376,1417,466869,0.02532561505065134
2023-06-20,1418,1418,1351,1382,373939,-0.02470007057163015
2023-06-21,1386,1405,1346,1350,259307,-0.02315484804630974
2023-06-22,1346,1380,1326,1330,162891,-0.014814814814814836
2023-06-23,1364,1420,1342,1404,1016757,0.05563909774436082
2023-06-26,1550,1550,1372,1372,2731236,-0.022792022792022748
2023-06-27,1375,1411,1325,1360,470943,-0.008746355685131157
2023-06-28,1352,1363,1327,1344,152643,-0.0117647058823529
2023-06-29,1332,1397,1332,1378,321644,0.02529761904761907
2023-06-30,1398,1419,1351,1386,391361,0.005805515239477588
2023-07-03,1386,1444,1365,1433,922651,0.03391053391053389
2023-07-04,1500,1500,1373,1392,613280,-0.028611304954640593
2023-07-05,1398,1403,1358,1360,149115,-0.02298850574712641
2023-07-06,1369,1390,1333,1358,243948,-0.0014705882352941124
2023-07-07,1344,1371,1337,1356,114831,-0.0014727540500736325
2023-07-10,1354,1354,1337,1338,70935,-0.013274336283185861
2023-07-11,1356,1356,1265,1346,363545,0.005979073243647326
2023-07-12,1346,1346,1299,1301,206666,-0.03343239227340267
2023-07-13,1310,1330,1270,1286,127484,-0.01152959262106068
2023-07-14,1286,1319,1253,1281,209635,-0.0038880248833592645
2023-07-17,1281,1308,1252,1278,123234,-0.0023419203747072626
2023-07-18,1312,1312,1241,1242,195535,-0.028169014084507005
2023-07-19,1242,1300,1201,1273,196608,0.02495974235104681
2023-07-20,1215,1275,1215,1254,132522,-0.014925373134328401
2023-07-21,1236,1254,1230,1230,96318,-0.019138755980861233
2023-07-24,1293,1293,1179,1188,169947,-0.034146341463414664
2023-07-25,1185,1185,1125,1131,233333,-0.04797979797979801
2023-07-26,1101,1124,1028,1068,467237,-0.0557029177718833
2023-07-27,1070,1120,1070,1101,96221,0.030898876404494402
2023-07-28,1102,1140,1081,1125,120474,0.021798365122615904
2023-07-31,1126,1170,1111,1170,95834,0.040000000000000036
2023-08-01,1200,1212,1163,1169,97326,-0.0008547008547008517
2023-08-02,1151,1200,1151,1164,118457,-0.004277159965782706
2023-08-03,1161,1167,1130,1166,155165,0.0017182130584192379
2023-08-04,1227,1227,1156,1202,204242,0.030874785591766818
2023-08-07,1202,1220,1180,1190,83254,-0.009983361064891838
2023-08-08,1215,1219,1160,1166,189438,-0.020168067226890796
2023-08-09,1199,1199,1160,1180,71670,0.012006861063464935
2023-08-10,1200,1200,1150,1176,83220,-0.003389830508474523
2023-08-11,1191,1222,1167,1198,87767,0.018707482993197244
2023-08-14,1221,1221,1182,1191,58533,-0.005843071786310494
2023-08-16,1190,1190,1130,1158,134105,-0.027707808564231717
2023-08-17,1158,1175,1114,1130,88802,-0.024179620034542326
2023-08-18,1130,1146,1081,1140,47381,0.008849557522123908
2023-08-21,1130,1155,1116,1127,108460,-0.01140350877192986
2023-08-22,1148,1148,1105,1130,98079,0.002661934338952898
2023-08-23,1115,1135,1100,1100,72329,-0.026548672566371723
2023-08-24,1126,1126,1075,1075,79819,-0.022727272727272707
2023-08-25,1075,1183,1060,1115,174477,0.037209302325581506
2023-08-28,1101,1125,1101,1115,48446,0.0
2023-08-29,1149,1157,1117,1140,92354,0.022421524663677195
2023-08-30,1154,1154,1100,1106,121151,-0.029824561403508754
2023-08-31,1106,1131,1093,1097,62910,-0.008137432188065064
2023-09-01,1097,1112,1088,1110,110838,0.01185050136736554
2023-09-04,1110,1110,1089,1095,54627,-0.013513513513513487
2023-09-05,1110,1110,1040,1072,79637,-0.02100456621004565
2023-09-06,1072,1072,1026,1030,136864,-0.03917910447761197
2023-09-07,1035,1038,1011,1018,92695,-0.011650485436893177
2023-09-08,1006,1035,1006,1034,51046,0.015717092337917515
2023-09-11,1044,1044,1009,1034,61230,0.0
2023-09-12,1025,1044,1010,1015,44629,-0.01837524177949712
2023-09-13,1016,1016,1002,1006,94932,-0.00886699507389166
2023-09-14,1006,1026,990,1005,80676,-0.0009940357852882276
2023-09-15,1021,1021,1003,1017,29847,0.011940298507462588
2023-09-18,1017,1024,1005,1007,31710,-0.009832841691248762
2023-09-19,1002,1007,996,1003,73902,-0.003972194637537285
2023-09-20,1008,1008,992,1000,55225,-0.0029910269192422456
2023-09-21,999,1000,980,997,129832,-0.0030000000000000027
2023-09-22,992,1050,982,1020,106805,0.02306920762286868
2023-09-25,1020,1040,1009,1009,67988,-0.010784313725490158
2023-09-26,1009,1018,990,1007,36022,-0.001982160555004997
2023-09-27,1006,1010,991,1007,34848,0.0
2023-10-04,1007,1013,990,999,48072,-0.00794438927507446
2023-10-05,999,1008,970,990,62498,-0.009009009009009028
2023-10-06,971,995,971,985,22480,-0.005050505050505083
2023-10-10,985,1004,971,976,40539,-0.009137055837563413
2023-10-11,977,1014,977,996,21639,0.020491803278688492
2023-10-12,997,1014,981,981,37177,-0.015060240963855387
2023-10-13,981,1017,981,1002,30587,0.021406727828746197
2023-10-16,999,1023,980,994,48815,-0.007984031936127733
2023-10-17,1000,1015,998,1001,43713,0.007042253521126751
2023-10-18,1003,1009,1001,1006,20555,0.004995004995004937
2023-10-19,1006,1006,979,979,98778,-0.026838966202783254
2023-10-20,979,984,956,969,66156,-0.010214504596527063
2023-10-23,982,982,952,953,45411,-0.016511867905056765
2023-10-24,985,989,943,949,48443,-0.0041972717733472775
2023-10-25,973,978,941,963,34212,0.01475237091675452
2023-10-26,942,962,924,924,95152,-0.04049844236760125
2023-10-27,924,937,923,924,40475,0.0
2023-10-30,939,939,901,916,31692,-0.008658008658008698
2023-10-31,939,939,901,914,60198,-0.0021834061135370675
2023-11-01,902,927,902,915,28097,0.001094091903719896
2023-11-02,910,930,910,918,30216,0.003278688524590123
2023-11-03,927,932,917,930,13914,0.013071895424836555
2023-11-06,932,952,923,940,52839,0.010752688172043001
2023-11-07,955,988,932,960,50943,0.02127659574468077
2023-11-08,961,980,960,973,40394,0.013541666666666563
2023-11-09,985,985,968,968,22178,-0.005138746145940343
2023-11-10,968,982,950,974,29665,0.006198347107438051
2023-11-13,975,992,950,951,40207,-0.02361396303901442
2023-11-14,951,985,951,952,25705,0.001051524710830698
2023-11-15,952,972,952,971,30351,0.01995798319327724
2023-11-16,982,982,965,978,9734,0.00720906282183309
2023-11-17,979,979,950,950,33745,-0.02862985685071573
2023-11-20,950,964,933,940,32097,-0.010526315789473717
2023-11-21,942,956,905,941,38542,0.0010638297872340718
2023-11-22,928,954,928,938,16222,-0.0031880977683315104
2023-11-23,947,947,928,929,56458,-0.009594882729211052
2023-11-24,940,959,939,946,32659,0.01829924650161474
2023-11-27,946,990,930,990,94092,0.04651162790697683
2023-11-28,990,1039,990,1024,146292,0.03434343434343434
2023-11-29,1025,1255,1011,1110,3659127,0.083984375
2023-11-30,1110,1150,1057,1091,338969,-0.017117117117117164
2023-12-01,1082,1160,1070,1151,269801,0.054995417048579354
2023-12-04,1151,1182,1140,1173,155862,0.019113814074717572
2023-12-05,1176,1195,1140,1174,173960,0.0008525149190110604
2023-12-06,1169,1169,1075,1075,248702,-0.08432708688245316
2023-12-07,1099,1147,1082,1123,136623,0.044651162790697585
2023-12-08,1112,1127,1076,1123,86868,0.0
2023-12-11,1123,1170,1070,1165,307223,0.037399821905609976
2023-12-12,1154,1218,1154,1194,293434,0.02489270386266096
2023-12-13,1194,1217,1072,1085,657782,-0.09128978224455608
2023-12-14,1085,1158,1085,1135,235043,0.04608294930875578
2023-12-15,1135,1156,1110,1130,52044,-0.004405286343612369
2023-12-18,1200,1297,1090,1215,1753268,0.0752212389380531
2023-12-19,1180,1205,1148,1165,324821,-0.04115226337448563
2023-12-20,1165,1195,1158,1195,138333,0.025751072961373467
2023-12-21,1174,1210,1173,1189,136134,-0.005020920502092019
2023-12-22,1175,1208,1141,1141,210312,-0.04037005887300249
2023-12-26,1141,1160,1103,1127,139519,-0.012269938650306789
2023-12-27,1109,1194,1109,1188,189308,0.054125998225377
2023-12-28,1188,1435,1165,1365,4886769,0.148989898989899
2024-01-02,1402,1510,1400,1501,2469751,0.09963369963369972
2024-01-03,1500,1514,1433,1507,985791,0.003997335109926725
2024-01-04,1492,1520,1437,1497,471903,-0.006635700066357053
2024-01-05,1530,1548,1437,1510,688344,0.00868403473613899
2024-01-08,1483,1483,1275,1292,1825594,-0.14437086092715234
2024-01-09,1292,1292,1200,1221,1310583,-0.054953560371516996
2024-01-10,1195,1240,1195,1213,624373,-0.006552006552006606
2024-01-11,1199,1438,1192,1383,3307934,0.1401483924154987
2024-01-12,1372,1372,1290,1315,463014,-0.049168474331164114
2024-01-15,1315,1325,1261,1271,213357,-0.033460076045627396
2024-01-16,1297,1338,1245,1288,217578,0.013375295043273061
2024-01-17,1288,1299,1252,1270,208031,-0.013975155279503104
2024-01-18,1270,1330,1250,1266,161274,-0.0031496062992125706
2024-01-19,1268,1308,1250,1278,105108,0.009478672985782088
2024-01-22,1290,1290,1209,1230,194487,-0.03755868544600938
2024-01-23,1231,1248,1149,1150,471559,-0.06504065040650409
2024-01-24,1151,1168,1128,1143,139273,-0.006086956521739184
2024-01-25,1160,1169,1080,1150,432165,0.006124234470691103
2024-01-26,1150,1150,1090,1139,229963,-0.009565217391304337
2024-01-29,1128,1130,1093,1129,114971,-0.008779631255487308
2024-01-30,1116,1139,1108,1130,48792,0.0008857395925598865
2024-01-31,1168,1168,1105,1115,232427,-0.013274336283185861
2024-02-01,1117,1129,1100,1100,80049,-0.013452914798206317
2024-02-02,1140,1140,1097,1102,105751,0.0018181818181817189
2024-02-05,1102,1112,1084,1088,78415,-0.012704174228675091
2024-02-06,1100,1178,1083,1140,212953,0.047794117647058876
2024-02-07,1141,1160,1096,1111,109686,-0.025438596491228038
2024-02-08,1122,1122,1104,1104,43056,-0.006300630063006296
2024-02-13,1104,1140,1096,1105,69643,0.0009057971014492239
2024-02-14,1110,1134,1078,1088,110693,-0.01538461538461533
2024-02-15,1130,1130,1078,1087,91800,-0.0009191176470588758
2024-02-16,1087,1098,1071,1072,94853,-0.013799448022079108
2024-02-19,1072,1099,1070,1071,55848,-0.000932835820895539
2024-02-20,1073,1076,1041,1064,68403,-0.006535947712418277
2024-02-21,1066,1072,1055,1064,54792,0.0
2024-02-22,1072,1072,1033,1047,76571,-0.015977443609022535
2024-02-23,1054,1080,1005,1039,103390,-0.0076408787010505685
2024-02-26,1039,1107,1010,1015,119793,-0.023099133782483183
2024-02-27,1023,1023,998,1004,99260,-0.010837438423645374
2024-02-28,1060,1061,992,1000,65191,-0.003984063745019917
2024-02-29,1015,1015,985,1000,64650,0.0
2024-03-04,1000,1015,990,990,101513,-0.010000000000000009
2024-03-05,1009,1009,950,959,238048,-0.03131313131313129
2024-03-06,933,963,929,936,117817,-0.023983315954118845
2024-03-07,938,964,931,958,107440,0.02350427350427342
2024-03-08,975,980,936,942,108373,-0.01670146137787054
2024-03-11,943,960,939,943,97469,0.0010615711252655036
2024-03-12,950,950,914,927,214454,-0.016967126193001114
2024-03-13,929,930,903,915,172429,-0.012944983818770184
2024-03-14,905,915,884,899,290219,-0.01748633879781425
2024-03-15,899,908,889,904,144432,0.005561735261401468
2024-03-18,979,979,909,916,140005,0.01327433628318575
2024-03-19,902,919,900,909,83999,-0.007641921397379958
2024-03-20,910,918,880,900,284994,-0.00990099009900991
2024-03-21,890,953,890,952,296814,0.057777777777777706
2024-03-22,955,988,935,980,216618,0.02941176470588225
2024-03-25,953,1005,953,1000,153670,0.020408163265306145
2024-03-26,1000,1265,990,1209,5172652,0.20900000000000007
2024-03-27,1200,1206,1090,1110,1136651,-0.08188585607940446
2024-03-28,1097,1418,1092,1186,5499146,0.06846846846846844
2024-03-29,1185,1231,1129,1129,584573,-0.048060708263069185
2024-04-01,1129,1156,1111,1143,202754,0.01240035429583708
2024-04-02,1128,1155,1120,1130,170429,-0.011373578302712128
2024-04-03,1130,1135,1094,1117,153857,-0.011504424778761013
2024-04-04,1115,1126,1086,1101,120067,-0.0143240823634736
2024-04-05,1089,1099,1046,1060,163580,-0.037238873751135326
2024-04-08,1060,1078,1038,1078,73442,0.016981132075471805
2024-04-09,1075,1117,1075,1085,115284,0.006493506493506551
2024-04-11,1055,1128,1055,1085,79481,0.0
2024-04-12,1071,1110,1052,1069,50335,-0.014746543778801802
2024-04-15,1069,1077,1012,1070,62323,0.00093545369504211
2024-04-16,1058,1069,1031,1053,66827,-0.015887850467289688
2024-04-17,1050,1078,1000,1068,53501,0.014245014245014342
2024-04-18,1037,1078,1037,1069,25518,0.000936329588014928
2024-04-19,1079,1079,1030,1051,84711,-0.016838166510757757
2024-04-22,1032,1150,1032,1071,251295,0.01902949571836343
2024-04-23,1061,1082,1051,1068,20712,-0.0028011204481792618
2024-04-24,1073,1079,1055,1069,28434,0.000936329588014928
2024-04-25,1069,1069,1040,1062,39235,-0.006548175865294659
2024-04-26,1064,1068,1043,1060,67086,-0.0018832391713747842
2024-04-29,1036,1079,1036,1068,31138,0.007547169811320753
2024-04-30,1072,1072,1041,1070,38525,0.001872659176029856
2024-05-02,1070,1078,1021,1063,58792,-0.0065420560747663226
2024-05-03,1063,1183,1061,1075,295258,0.011288805268109048
2024-05-07,1072,1090,1042,1049,68431,-0.024186046511627923
2024-05-08,1052,1063,1040,1063,46113,0.013346043851286904
2024-05-09,1063,1070,1050,1061,40387,-0.0018814675446848783
2024-05-10,1062,1062,1051,1057,27491,-0.0037700282752121117
2024-05-13,1060,1060,1045,1049,54576,-0.007568590350047311
2024-05-14,1059,1084,1045,1077,72152,0.026692087702573808
2024-05-16,1078,1086,1055,1070,47998,-0.006499535747446661
2024-05-17,1070,1073,1061,1067,29632,-0.002803738317757043
2024-05-20,1067,1088,1061,1069,67429,0.0018744142455482393
2024-05-21,1070,1150,1048,1127,252836,0.05425631431244149
2024-05-22,1127,1157,1107,1157,254209,0.02661934338952965
2024-05-23,1157,1197,1091,1150,489517,-0.006050129645635227
2024-05-24,1140,1146,1101,1106,83492,-0.03826086956521735
2024-05-27,1105,1153,1080,1147,121705,0.037070524412296635
2024-05-28,1136,1147,1105,1147,111438,0.0
2024-05-29,1148,1333,1148,1240,2617978,0.08108108108108114
2024-05-30,1225,1490,1177,1338,3913485,0.07903225806451619
2024-05-31,1358,1388,1280,1297,944016,-0.03064275037369213
2024-06-03,1284,1375,1277,1313,364187,0.012336160370084892
2024-06-04,1313,1349,1271,1306,245988,-0.005331302361005319
2024-06-05,1306,1348,1270,1284,268946,-0.016845329249617125
2024-06-07,1287,1288,1171,1185,540789,-0.0771028037383178
2024-06-10,1176,1180,1091,1117,732149,-0.05738396624472575
2024-06-11,1117,1147,1091,1103,243680,-0.0125335720680394
2024-06-12,1104,1132,1103,1132,90226,0.026291931097008225
2024-06-13,1132,1145,1121,1128,90588,-0.0035335689045936647
2024-06-14,1128,1144,1088,1104,234536,-0.021276595744680882
2024-06-17,1104,1124,1061,1097,159992,-0.0063405797101449
2024-06-18,1091,1098,1062,1062,159905,-0.03190519598906105
2024-06-19,1072,1090,1059,1073,136291,0.010357815442561202
2024-06-20,1094,1094,1063,1076,63164,0.002795899347623587
2024-06-21,1076,1080,1050,1071,68029,-0.004646840148698872
2024-06-24,1071,1079,1058,1078,68849,0.006535947712418277
2024-06-25,1061,1085,1061,1083,27352,0.004638218923933124
2024-06-26,1083,1087,1070,1083,53278,0.0
2024-06-27,1085,1090,1073,1081,44084,-0.001846722068328699
2024-06-28,1072,1158,1060,1155,268713,0.0684551341350601
2024-07-01,1157,1163,1120,1137,122701,-0.01558441558441559
2024-07-02,1133,1148,1100,1120,93267,-0.014951627088830244
2024-07-03,1120,1120,1085,1085,73336,-0.03125
2024-07-04,1085,1130,1021,1087,135214,0.0018433179723502668
2024-07-05,1124,1130,1070,1094,51686,0.0064397424103035394
2024-07-08,1130,1130,1078,1095,37921,0.000914076782449813
2024-07-09,1134,1134,1070,1095,75943,0.0
2024-07-10,1084,1085,1057,1067,116323,-0.025570776255707806
2024-07-11,1073,1085,1065,1075,58430,0.007497656982192957
2024-07-12,1075,1090,1070,1076,44762,0.0009302325581395099
2024-07-15,1094,1094,1064,1084,69650,0.0074349442379182396
2024-07-16,1084,1113,1070,1111,68480,0.024907749077490715
2024-07-17,1100,1144,1100,1140,138986,0.026102610261026005
2024-07-18,1131,1160,1121,1138,184640,-0.0017543859649122862
2024-07-19,1138,1155,1101,1107,78094,-0.027240773286467457
2024-07-22,1113,1113,1062,1085,164261,-0.019873532068654054
2024-07-23,1085,1116,1074,1105,74627,0.018433179723502224
2024-07-24,1074,1129,1074,1113,69895,0.007239819004524861
2024-07-25,1113,1113,1084,1100,72078,-0.011680143755615435
2024-07-26,1100,1131,1079,1119,91778,0.01727272727272733
2024-07-29,1120,1130,1089,1118,64260,-0.0008936550491510653
2024-07-30,1126,1126,1098,1107,52653,-0.009838998211091243
2024-07-31,1112,1123,1087,1118,91176,0.009936766034327027
2024-08-01,1125,1125,1090,1118,28172,0.0
2024-08-02,1081,1123,1081,1115,54741,-0.0026833631484793896
2024-08-05,1102,1102,1000,1028,146657,-0.07802690582959637
2024-08-06,1016,1080,1001,1051,145765,0.02237354085603105
2024-08-07,1051,1079,1036,1075,49674,0.022835394862036118
2024-08-08,1086,1100,1045,1088,72479,0.01209302325581385
2024-08-09,1100,1115,1062,1109,90587,0.01930147058823528
2024-08-12,1109,1120,1085,1109,68900,0.0
2024-08-13,1104,1125,1062,1112,70203,0.0027051397655546428
2024-08-14,1095,1116,1095,1110,21006,-0.0017985611510791255
2024-08-16,1110,1124,1091,1107,102700,-0.002702702702702675
2024-08-19,1107,1116,1085,1095,42246,-0.010840108401083959
2024-08-20,1095,1105,1075,1090,57155,-0.004566210045662156
2024-08-21,1090,1100,1064,1075,45614,-0.013761467889908285
2024-08-22,1075,1110,1044,1053,56570,-0.020465116279069773
2024-08-23,1053,1053,1020,1050,103694,-0.002849002849002802
2024-08-26,1050,1081,1018,1018,68432,-0.030476190476190435
2024-08-27,1016,1070,1016,1049,32716,0.03045186640471509
2024-08-28,1049,1067,1020,1035,55763,-0.013346043851286904
2024-08-29,1021,1050,1021,1032,20628,-0.0028985507246376274
2024-08-30,1021,1050,1021,1038,25461,0.005813953488372103
2024-09-02,1050,1050,1017,1039,20537,0.0009633911368014392
2024-09-03,1050,1052,1020,1024,29032,-0.01443695861405192
2024-09-04,1010,1030,1005,1016,27839,-0.0078125
2024-09-05,1006,1080,1006,1017,23194,0.0009842519685039353
2024-09-06,1012,1036,997,997,56191,-0.019665683382497523
2024-09-09,993,1010,985,1007,21854,0.010030090270812364
2024-09-10,1007,1020,990,1003,28860,-0.003972194637537285
2024-09-11,995,1034,995,1015,25827,0.011964107676968982
2024-09-12,1015,1027,1011,1011,12734,-0.003940886699507429
2024-09-13,1022,1038,1012,1014,7849,0.0029673590504450953
2024-09-19,1014,1040,991,999,28508,-0.014792899408283988
2024-09-20,1030,1034,999,1009,15392,0.010010010010010006
2024-09-23,998,1010,996,1010,18253,0.0009910802775023875
2024-09-24,1030,1030,998,998,6660,-0.011881188118811892
2024-09-25,1030,1035,995,1007,12319,0.009018036072144353
2024-09-26,1037,1037,1002,1020,17132,0.012909632571995955
2024-09-27,1019,1025,1006,1020,25941,0.0
2024-09-30,1040,1040,1000,1018,19305,-0.0019607843137254832
2024-10-02,1018,1018,1003,1003,25062,-0.014734774066797685
2024-10-04,1003,1005,993,1003,24414,0.0
2024-10-07,1013,1013,997,1000,22126,-0.0029910269192422456
2024-10-08,1027,1027,996,1001,9746,0.0009999999999998899
2024-10-10,1000,1017,970,987,66005,-0.013986013986013957
2024-10-11,987,1000,985,996,42512,0.00911854103343468
2024-10-14,992,1000,982,986,24009,-0.010040160642570295
2024-10-15,986,991,970,980,47650,-0.006085192697768749
2024-10-16,990,990,970,970,35719,-0.010204081632653073
2024-10-17,960,980,910,951,92099,-0.019587628865979423
2024-10-18,945,959,931,939,22662,-0.012618296529968487
2024-10-21,929,949,918,926,43745,-0.013844515441959526
2024-10-22,936,960,914,916,71470,-0.010799136069114423
2024-10-23,906,937,902,912,29559,-0.004366812227074246
2024-10-24,904,913,898,899,69239,-0.014254385964912242
2024-10-25,893,1020,893,913,247216,0.015572858731924377
2024-10-28,903,921,895,911,23360,-0.0021905805038334725
2024-10-29,911,931,900,903,24802,-0.008781558726673966
2024-10-30,902,910,895,900,33344,-0.0033222591362126463
2024-10-31,901,912,892,899,13875,-0.0011111111111110628
2024-11-01,890,909,890,906,30471,0.007786429365962189
2024-11-04,906,909,891,900,44443,-0.0066225165562914245
2024-11-05,931,931,897,897,21025,-0.0033333333333332993
2024-11-06,897,908,890,896,27770,-0.0011148272017836858
2024-11-07,896,896,880,890,45758,-0.006696428571428603
2024-11-08,884,893,880,888,35720,-0.0022471910112359383
2024-11-11,904,904,870,880,56895,-0.009009009009009028
2024-11-12,880,881,850,860,78509,-0.022727272727272707
2024-11-13,840,859,832,838,53871,-0.025581395348837188
2024-11-14,830,869,824,844,45120,0.007159904534606243
2024-11-15,844,849,824,848,43127,0.004739336492890933
2024-11-18,848,869,837,845,27422,-0.003537735849056589
2024-11-19,853,870,838,838,13295,-0.008284023668639007
2024-11-20,838,838,827,828,34310,-0.011933174224343701
2024-11-21,828,868,816,830,57217,0.0024154589371980784
2024-11-22,858,858,836,843,23905,0.015662650602409567
2024-11-25,834,862,833,858,49298,0.017793594306049876
2024-11-26,858,860,852,857,34587,-0.0011655011655011815
2024-11-27,868,868,851,852,13298,-0.005834305717619559
2024-11-28,858,868,849,849,29406,-0.0035211267605633756
2024-11-29,869,869,839,859,7508,0.011778563015312216
2024-12-02,840,861,840,841,16174,-0.020954598370197863
2024-12-03,834,849,831,848,55363,0.00832342449464929
2024-12-04,847,863,815,838,25882,-0.011792452830188704
2024-12-05,839,847,800,825,37419,-0.015513126491646823
2024-12-06,820,878,792,834,78791,0.01090909090909098
2024-12-09,834,834,769,815,78861,-0.0227817745803357
2024-12-10,778,842,770,840,45431,0.030674846625766916
2024-12-11,840,855,838,852,44676,0.014285714285714235
2024-12-12,859,890,842,856,53450,0.0046948356807512415
2024-12-13,849,888,835,875,30609,0.02219626168224309
2024-12-16,881,895,863,883,37228,0.00914285714285712
2024-12-17,890,900,850,862,39274,-0.023782559456398622
2024-12-18,860,879,860,869,13109,0.008120649651972123
2024-12-19,869,869,840,849,19212,-0.023014959723820505
2024-12-20,850,856,805,808,54169,-0.04829210836277975
2024-12-23,808,857,808,836,24829,0.034653465346534684
2024-12-24,831,854,831,832,6850,-0.004784688995215336
2024-12-26,832,840,810,828,13630,-0.004807692307692291
2024-12-27,828,836,780,822,40192,-0.007246376811594235
2024-12-30,820,830,809,830,7914,0.009732360097323589
2025-01-02,830,830,816,820,22544,-0.012048192771084376
2025-01-03,820,880,810,859,85474,0.04756097560975614
2025-01-06,862,878,851,865,23447,0.006984866123399325
2025-01-07,857,876,854,873,14719,0.009248554913294793
2025-01-08,875,877,861,864,24342,-0.010309278350515427
2025-01-09,874,874,843,843,39345,-0.02430555555555558
2025-01-10,843,998,835,902,450898,0.06998813760379607
2025-01-13,905,925,894,908,58719,0.006651884700665134
2025-01-14,909,915,891,911,41805,0.0033039647577093323
2025-01-15,917,917,892,911,20285,0.0
2025-01-16,930,930,900,901,14187,-0.010976948408342513
2025-01-17,908,920,890,908,12855,0.007769145394006749
2025-01-20,918,918,895,904,34864,-0.004405286343612369
2025-01-21,930,930,886,904,53964,0.0
2025-01-22,904,904,853,896,40483,-0.008849557522123908
2025-01-23,896,910,885,885,19327,-0.012276785714285698
2025-01-24,869,908,869,885,24463,0.0
2025-01-31,885,920,874,883,19571,-0.002259887005649719
2025-02-03,892,892,835,865,17382,-0.020385050962627438
2025-02-04,900,920,852,867,92414,0.0023121387283238093
2025-02-05,899,899,861,867,22518,0.0
2025-02-06,876,876,856,866,14627,-0.0011534025374856371
2025-02-07,864,870,855,861,23331,-0.005773672055427226
2025-02-10,863,866,815,850,47138,-0.012775842044134733
2025-02-11,850,854,841,842,23887,-0.009411764705882342
2025-02-12,853,857,848,849,57664,0.008313539192398967
2025-02-13,849,852,839,847,64468,-0.002355712603062443
2025-02-14,847,847,831,840,29581,-0.008264462809917328
2025-02-17,840,861,830,836,46566,-0.004761904761904745
2025-02-18,836,845,817,834,38669,-0.0023923444976076125
2025-02-19,834,850,824,833,96009,-0.0011990407673860837
2025-02-20,833,865,820,855,100356,0.026410564225690214
2025-02-21,860,925,855,900,224540,0.05263157894736836
2025-02-24,891,929,891,900,61107,0.0
2025-02-25,878,907,878,895,32077,-0.005555555555555536
2025-02-26,898,898,871,885,34497,-0.011173184357541888
2025-02-27,899,900,876,888,30170,0.003389830508474523
2025-02-28,899,899,863,887,57082,-0.0011261261261261701
2025-03-04,883,883,836,859,38634,-0.031567080045095786
2025-03-05,859,890,858,869,37376,0.011641443538998875
2025-03-06,879,890,861,867,18833,-0.0023014959723820505
2025-03-07,889,889,867,867,7342,0.0
2025-03-10,867,890,867,879,11886,0.01384083044982698
2025-03-11,878,878,855,865,61489,-0.015927189988623414
2025-03-12,875,875,856,857,9747,-0.009248554913294793
2025-03-13,889,889,855,857,44177,0.0
2025-03-14,865,865,820,842,47330,-0.017502917152858788
2025-03-17,842,854,830,830,53674,-0.014251781472684133
2025-03-18,832,850,822,824,56845,-0.0072289156626506035
2025-03-19,824,842,815,815,40802,-0.01092233009708743
2025-03-20,816,830,816,822,67037,0.008588957055214674
2025-03-21,831,833,817,817,23251,-0.006082725060827299
2025-03-24,817,817,791,813,30147,-0.004895960832313362
2025-03-25,814,829,800,813,17212,0.0
2025-03-26,813,819,805,817,41994,0.004920049200491938
2025-03-27,817,817,796,807,22670,-0.012239902080783405
2025-03-28,806,806,790,792,24996,-0.018587360594795488
2025-03-31,784,798,776,786,24400,-0.007575757575757569
2025-04-01,786,798,780,788,26364,0.0025445292620864812
2025-04-02,790,800,772,775,34494,-0.016497461928933976
2025-04-03,771,780,760,777,38044,0.002580645161290418
2025-04-04,770,780,766,768,30686,-0.01158301158301156
2025-04-07,768,771,698,714,55724,-0.0703125
2025-04-08,699,839,699,745,247369,0.04341736694677878
2025-04-09,777,777,718,739,71349,-0.008053691275167751
2025-04-10,779,779,746,754,32088,0.020297699594046037
2025-04-11,754,788,754,778,38339,0.03183023872679036
2025-04-14,778,800,769,774,31510,-0.005141388174807249
2025-04-15,774,789,755,776,83355,0.0025839793281654533
2025-04-16,776,799,767,772,39339,-0.005154639175257714
2025-04-17,780,784,771,776,14003,0.005181347150259086
2025-04-18,799,799,774,788,15197,0.015463917525773141
2025-04-21,788,800,775,779,29921,-0.011421319796954266
2025-04-22,795,795,740,780,15853,0.0012836970474967568
2025-04-23,794,794,745,772,26712,-0.01025641025641022
2025-04-24,772,796,759,764,53787,-0.010362694300518172
2025-04-25,798,798,752,770,50478,0.007853403141361293
2025-04-28,784,784,764,769,53833,-0.0012987012987012436
2025-04-29,778,779,755,760,90658,-0.011703511053316018
2025-04-30,766,775,735,735,73402,-0.03289473684210531
2025-05-02,738,746,727,736,52754,0.0013605442176871652
2025-05-07,736,745,736,740,27634,0.005434782608695565
2025-05-08,743,749,739,742,11521,0.002702702702702675
2025-05-09,745,745,735,735,22653,-0.009433962264150941
2025-05-12,735,744,702,722,85544,-0.017687074829931926
2025-05-13,723,737,715,727,62540,0.006925207756232732
2025-05-14,729,750,712,736,77516,0.012379642365887289
2025-05-15,736,744,736,740,38020,0.005434782608695565
2025-05-16,732,747,732,742,29803,0.002702702702702675
2025-05-19,742,753,734,734,15298,-0.010781671159029615
2025-05-20,734,745,730,738,19913,0.005449591280654031
2025-05-21,738,748,730,737,10212,-0.0013550135501354532
2025-05-22,737,740,725,725,27689,-0.016282225237449155
2025-05-23,725,746,725,736,20330,0.015172413793103523
2025-05-26,736,736,701,719,41319,-0.02309782608695654
2025-05-27,719,719,703,709,44386,-0.013908205841446475
2025-05-28,709,712,708,709,42235,0.0
2025-05-29,710,714,700,708,81287,-0.0014104372355430161
2025-05-30,709,712,700,700,54985,-0.011299435028248594
2025-06-02,700,713,700,708,27634,0.011428571428571344
2025-06-04,709,717,708,714,29835,0.008474576271186418
2025-06-05,718,723,716,719,23174,0.007002801120448154
2025-06-09,719,729,692,722,68617,0.004172461752433909
2025-06-10,722,732,718,723,19262,0.0013850415512466352
2025-06-11,730,730,720,730,77844,0.009681881051175623
2025-06-12,730,752,725,747,77280,0.023287671232876672
2025-06-13,747,754,734,735,35510,-0.016064257028112428
2025-06-16,735,746,720,723,28809,-0.01632653061224487
2025-06-17,723,725,718,723,40116,0.0
2025-06-18,722,729,712,726,37656,0.004149377593360981
2025-06-19,720,727,720,723,34016,-0.004132231404958664
2025-06-20,723,730,705,723,86345,0.0
2025-06-23,723,737,718,728,71170,0.006915629322268302
2025-06-24,738,764,735,750,147318,0.030219780219780112
2025-06-25,750,761,740,760,114344,0.01333333333333342
2025-06-26,761,763,743,755,32736,-0.006578947368421018
2025-06-27,766,981,762,981,5470870,0.2993377483443709
2025-06-30,1048,1129,981,1027,5245133,0.04689092762487257
2025-07-01,1026,1057,981,997,832069,-0.02921129503407982
2025-07-02,1016,1130,1016,1068,2088654,0.07121364092276838
2025-07-03,1090,1091,1014,1020,406606,-0.0449438202247191
2025-07-04,1020,1054,996,1039,228881,0.01862745098039209
2025-07-07,1039,1088,1033,1058,156442,0.018286814244465877
2025-07-08,1052,1070,1040,1046,179671,-0.011342155009451793
2025-07-09,1068,1068,1040,1044,116338,-0.0019120458891013214
2025-07-10,1040,1041,992,1030,235453,-0.013409961685823757
2025-07-11,1032,1032,937,937,484571,-0.09029126213592231
2025-07-14,963,963,870,903,244683,-0.036286019210245435
2025-07-15,903,990,885,990,402348,0.09634551495016619
2025-07-16,1030,1030,942,982,288071,-0.008080808080808133
2025-07-17,982,982,931,970,171366,-0.012219959266802416
2025-07-18,962,976,951,974,131757,0.004123711340206171
2025-07-21,973,973,911,912,173087,-0.06365503080082136
2025-07-22,912,925,884,907,130532,-0.005482456140350922
2025-07-23,907,911,881,884,138993,-0.02535832414553474
2025-07-24,884,908,853,873,75159,-0.012443438914027105
2025-07-25,873,901,856,880,57391,0.008018327605956443
2025-07-28,877,896,844,862,70546,-0.020454545454545503
2025-07-29,862,875,835,851,87153,-0.012761020881670526
2025-07-30,847,970,842,909,366954,0.06815511163337251
2025-07-31,901,950,880,949,174071,0.044004400440043945
2025-08-01,941,952,912,915,131751,-0.035827186512118026
2025-08-04,905,938,842,886,94891,-0.031693989071038264
2025-08-05,887,929,887,902,37327,0.018058690744920947
2025-08-06,940,940,888,912,97028,0.011086474501108556
2025-08-07,902,917,882,882,94640,-0.03289473684210531
2025-08-08,883,909,845,857,196463,-0.028344671201814053
2025-08-11,857,857,776,817,286106,-0.046674445740956805
2025-08-12,830,850,784,795,288538,-0.02692778457772338
2025-08-13,796,1033,796,1033,4107129,0.29937106918238987
2025-08-14,1077,1286,1043,1130,22931717,0.09390125847047437
2025-08-18,1171,1255,1060,1110,5379921,-0.017699115044247815
2025-08-19,1107,1107,1032,1056,993517,-0.048648648648648596
2025-08-20,1065,1067,955,1020,925363,-0.03409090909090906
2025-08-21,1020,1025,968,998,622065,-0.021568627450980427
2025-08-22,1051,1051,959,981,674529,-0.017034068136272507
2025-08-25,967,1000,960,980,485651,-0.0010193679918450993
2025-08-26,959,978,953,963,282638,-0.01734693877551019
2025-08-27,970,976,922,936,374346,-0.028037383177570097
2025-08-28,916,964,916,947,227182,0.01175213675213671
2025-08-29,961,961,918,921,203336,-0.02745512143611406
2025-09-01,916,917,895,900,240883,-0.0228013029315961
2025-09-02,900,920,887,900,122217,0.0
2025-09-03,900,909,874,880,208450,-0.022222222222222254
2025-09-04,885,909,880,901,87668,0.02386363636363642
2025-09-05,910,937,900,936,170557,0.0388457269700333
2025-09-08,940,944,901,905,119694,-0.03311965811965811
