Date,Open,High,Low,Close,Volume,Change
2022-01-03,2660,2725,2655,2675,52477,0.005639097744360999
2022-01-04,2720,2745,2665,2710,117314,0.013084112149532645
2022-01-05,2735,2735,2705,2720,105599,0.0036900369003689537
2022-01-06,2720,2750,2700,2725,73767,0.0018382352941177516
2022-01-07,2725,2740,2675,2680,50484,-0.016513761467889854
2022-01-10,2650,2715,2625,2660,30935,-0.007462686567164201
2022-01-11,2660,2735,2615,2690,24545,0.011278195488721776
2022-01-12,2745,2745,2680,2710,27618,0.0074349442379182396
2022-01-13,2740,2740,2660,2715,21278,0.0018450184501845879
2022-01-14,2715,2900,2715,2800,252448,0.03130755064456725
2022-01-17,2800,2895,2770,2845,136940,0.016071428571428514
2022-01-18,2830,2950,2815,2875,109478,0.010544815465729274
2022-01-19,2870,2910,2800,2900,87344,0.008695652173912993
2022-01-20,2895,2980,2855,2945,69564,0.01551724137931032
2022-01-21,2905,2975,2755,2860,107661,-0.028862478777589184
2022-01-24,2810,2860,2745,2755,59727,-0.036713286713286664
2022-01-25,2720,2890,2640,2660,108052,-0.03448275862068961
2022-01-26,2660,2855,2630,2630,74878,-0.011278195488721776
2022-01-27,2655,2690,2580,2610,49574,-0.0076045627376425395
2022-01-28,2640,2700,2545,2690,39251,0.03065134099616862
2022-02-03,2690,2780,2660,2685,88830,-0.0018587360594795044
2022-02-04,2685,2720,2655,2695,43924,0.003724394785847407
2022-02-07,2695,2700,2610,2610,52238,-0.03153988868274582
2022-02-08,2610,2685,2600,2645,48350,0.013409961685823646
2022-02-09,2645,2690,2620,2640,19178,-0.001890359168241984
2022-02-10,2640,2745,2640,2700,63933,0.022727272727272707
2022-02-11,2625,2720,2625,2680,26349,-0.007407407407407418
2022-02-14,3320,3350,2705,2710,2756026,0.011194029850746245
2022-02-15,2650,2690,2465,2565,474942,-0.053505535055350606
2022-02-16,2570,2680,2570,2665,162075,0.03898635477582846
2022-02-17,2665,2715,2600,2645,111552,-0.007504690431519689
2022-02-18,2630,2690,2555,2630,68424,-0.005671077504725952
2022-02-21,2580,2630,2565,2600,44613,-0.011406844106463865
2022-02-22,2580,2625,2505,2525,73472,-0.028846153846153855
2022-02-23,2525,2550,2505,2520,57562,-0.001980198019801982
2022-02-24,2520,2555,2460,2460,55436,-0.023809523809523836
2022-02-25,2465,2535,2455,2490,44412,0.012195121951219523
2022-02-28,2540,2555,2490,2515,43052,0.010040160642570184
2022-03-02,2515,2565,2515,2560,52522,0.017892644135188762
2022-03-03,2585,2635,2585,2615,26882,0.021484375
2022-03-04,2600,2680,2570,2680,43372,0.0248565965583174
2022-03-07,2630,2725,2630,2700,55974,0.00746268656716409
2022-03-08,2645,2700,2615,2660,39357,-0.014814814814814836
2022-03-10,2665,2745,2665,2675,46194,0.005639097744360999
2022-03-11,2675,2750,2635,2730,105188,0.020560747663551426
2022-03-14,2730,2765,2690,2705,55501,-0.009157509157509125
2022-03-15,2680,2730,2630,2700,52149,-0.001848428835489857
2022-03-16,2715,2740,2690,2730,48881,0.011111111111111072
2022-03-17,2730,2760,2725,2750,104991,0.0073260073260073
2022-03-18,2750,2835,2750,2835,141712,0.030909090909090997
2022-03-21,2850,2860,2650,2765,390056,-0.024691358024691357
2022-03-22,2840,2840,2735,2810,168945,0.016274864376130127
2022-03-23,2835,2885,2795,2795,113944,-0.005338078291814985
2022-03-24,2795,2835,2690,2750,148278,-0.01610017889087656
2022-03-25,2790,2805,2595,2720,156594,-0.010909090909090868
2022-03-28,2775,2815,2720,2800,91164,0.02941176470588225
2022-03-29,2800,2800,2720,2755,95147,-0.016071428571428625
2022-03-30,2765,2770,2665,2710,90200,-0.016333938294010864
2022-03-31,2710,2735,2675,2720,81179,0.0036900369003689537
2022-04-01,2745,2840,2650,2810,374072,0.03308823529411775
2022-04-04,2885,2980,2850,2980,570570,0.06049822064056931
2022-04-05,2990,3020,2950,2950,288002,-0.010067114093959773
2022-04-06,2950,3050,2950,3045,200718,0.03220338983050852
2022-04-07,3040,3040,2855,2865,153527,-0.059113300492610876
2022-04-08,2865,2920,2755,2820,131601,-0.015706806282722474
2022-04-11,3035,3100,2910,3025,557624,0.07269503546099298
2022-04-12,3010,3075,2905,3020,295164,-0.0016528925619834212
2022-04-13,3010,3045,2990,3040,207615,0.0066225165562914245
2022-04-14,3050,3090,3000,3015,139959,-0.008223684210526327
2022-04-15,3015,3030,2940,2985,78772,-0.00995024875621886
2022-04-18,2985,3000,2855,2860,110337,-0.041876046901172526
2022-04-19,2860,2960,2860,2950,85298,0.03146853146853146
2022-04-20,2990,3000,2935,2990,80456,0.013559322033898313
2022-04-21,2990,3000,2960,2995,49521,0.0016722408026756952
2022-04-22,2950,2985,2850,2930,102319,-0.02170283806343909
2022-04-25,2850,2875,2780,2780,101752,-0.05119453924914674
2022-04-26,2755,2845,2740,2800,90590,0.007194244604316502
2022-04-27,2795,2820,2705,2800,120784,0.0
2022-04-28,2775,2810,2765,2775,69522,-0.008928571428571397
2022-04-29,2775,2795,2740,2795,73186,0.007207207207207134
2022-05-02,2795,2895,2795,2850,94704,0.019677996422182487
2022-05-03,2840,3035,2840,2945,434060,0.03333333333333344
2022-05-04,2945,2985,2860,2870,145435,-0.025466893039049254
2022-05-06,2870,2870,2715,2770,187525,-0.03484320557491294
2022-05-09,2770,2770,2650,2690,116043,-0.028880866425992746
2022-05-10,2665,2680,2560,2640,79641,-0.018587360594795488
2022-05-11,2630,2740,2590,2735,90021,0.0359848484848484
2022-05-12,2700,2700,2640,2660,77376,-0.027422303473491727
2022-05-13,2635,2675,2615,2625,55599,-0.013157894736842146
2022-05-16,2650,2730,2585,2620,115670,-0.0019047619047618536
2022-05-17,2630,2710,2625,2685,83594,0.024809160305343525
2022-05-18,2700,2845,2645,2665,304441,-0.007448789571694592
2022-05-19,2640,2665,2560,2640,145422,-0.009380863039399667
2022-05-20,2630,2700,2605,2670,66836,0.011363636363636465
2022-05-23,2670,2735,2655,2695,60824,0.009363295880149725
2022-05-24,2695,2750,2640,2640,90535,-0.020408163265306145
2022-05-25,2615,2640,2550,2620,80523,-0.007575757575757569
2022-05-26,2595,2620,2550,2555,106068,-0.024809160305343525
2022-05-27,2555,2630,2505,2540,100619,-0.005870841487279899
2022-05-30,2550,2600,2540,2540,63431,0.0
2022-05-31,2570,2645,2540,2625,64666,0.0334645669291338
2022-06-02,2625,2740,2595,2635,125547,0.003809523809523707
2022-06-03,2635,2690,2605,2620,104158,-0.005692599620493399
2022-06-07,2620,2640,2555,2580,153793,-0.01526717557251911
2022-06-08,2645,2835,2510,2575,325683,-0.0019379844961240345
2022-06-09,2590,2620,2500,2550,116178,-0.009708737864077666
2022-06-10,2550,2590,2485,2485,141537,-0.025490196078431393
2022-06-13,2450,2475,2210,2260,182891,-0.0905432595573441
2022-06-14,2210,2250,2125,2250,163836,-0.004424778761061954
2022-06-15,2210,2210,2105,2155,125994,-0.04222222222222227
2022-06-16,2155,2245,2120,2165,97820,0.004640371229698292
2022-06-17,2125,2125,1920,2060,222657,-0.0484988452655889
2022-06-20,2060,2090,1905,1945,121857,-0.05582524271844658
2022-06-21,1950,2040,1945,1970,58995,0.01285347043701801
2022-06-22,2025,2045,1870,1915,79215,-0.027918781725888353
2022-06-23,1915,1915,1820,1865,75026,-0.026109660574412552
2022-06-24,1865,2010,1860,1980,79868,0.06166219839142095
2022-06-27,2000,2060,1990,2045,78999,0.03282828282828287
2022-06-28,2065,2120,1980,2100,160121,0.02689486552567244
2022-06-29,2075,2145,2025,2135,48470,0.016666666666666607
2022-06-30,2110,2135,2000,2035,53175,-0.04683840749414525
2022-07-01,2000,2015,1955,1955,78783,-0.039312039312039304
2022-07-04,1940,2015,1825,1930,128565,-0.012787723785166238
2022-07-05,1925,1990,1845,1990,69887,0.031088082901554515
2022-07-06,2030,2035,1990,1990,51946,0.0
2022-07-07,1995,2080,1990,2055,36974,0.03266331658291466
2022-07-08,2075,2075,2010,2060,54898,0.0024330900243310083
2022-07-11,2065,2105,2050,2085,39150,0.012135922330097193
2022-07-12,2085,2085,1915,1970,84916,-0.05515587529976018
2022-07-13,1960,2000,1920,2000,28915,0.015228426395939021
2022-07-14,1990,2025,1950,2025,26708,0.012499999999999956
2022-07-15,2010,2040,1965,1985,16617,-0.01975308641975304
2022-07-18,1995,2100,1995,2070,40381,0.04282115869017633
2022-07-19,2070,2095,2040,2075,26573,0.0024154589371980784
2022-07-20,2080,2120,2050,2075,98228,0.0
2022-07-21,2075,2150,2075,2100,52857,0.012048192771084265
2022-07-22,2105,2115,2070,2075,42817,-0.011904761904761862
2022-07-25,2075,2090,2055,2055,36881,-0.009638554216867434
2022-07-26,2055,2055,2030,2050,27494,-0.0024330900243308973
2022-07-27,2045,2050,2030,2040,23943,-0.004878048780487809
2022-07-28,2040,2155,2035,2075,43857,0.017156862745097978
2022-07-29,2090,2365,2085,2180,501312,0.050602409638554224
2022-08-01,2190,2230,2155,2155,78207,-0.011467889908256867
2022-08-02,2155,2350,2155,2320,463214,0.07656612529002316
2022-08-03,2325,2365,2265,2270,188880,-0.02155172413793105
2022-08-04,2290,2315,2255,2270,69180,0.0
2022-08-05,2270,2305,2245,2290,31784,0.008810572687224738
2022-08-08,2290,2300,2190,2260,76684,-0.013100436681222738
2022-08-09,2260,2280,2220,2250,24170,-0.004424778761061954
2022-08-10,2250,2265,2200,2230,42141,-0.008888888888888835
2022-08-11,2225,2270,2195,2250,35669,0.008968609865470878
2022-08-12,2250,2295,2250,2270,27171,0.008888888888888946
2022-08-16,2270,2340,2245,2310,75001,0.017621145374449254
2022-08-17,2200,2200,2015,2040,323016,-0.11688311688311692
2022-08-18,1995,2010,1930,1970,191025,-0.03431372549019607
2022-08-19,1970,2060,1960,2000,190066,0.015228426395939021
2022-08-22,1970,2040,1950,2010,97424,0.004999999999999893
2022-08-23,1980,1990,1935,1970,87415,-0.01990049751243783
2022-08-24,1950,2010,1915,1955,158453,-0.0076142131979695105
2022-08-25,1975,2030,1960,1990,74796,0.01790281329923271
2022-08-26,2000,2035,1980,1980,129530,-0.005025125628140725
2022-08-29,1970,1970,1895,1895,111082,-0.04292929292929293
2022-08-30,1875,1895,1845,1870,81419,-0.01319261213720313
2022-08-31,1870,1905,1860,1875,72631,0.002673796791443861
2022-09-01,1875,1915,1855,1860,90420,-0.008000000000000007
2022-09-02,1850,1895,1775,1785,207886,-0.040322580645161255
2022-09-05,1765,1765,1710,1740,132575,-0.025210084033613467
2022-09-06,1720,1845,1720,1820,143017,0.04597701149425282
2022-09-07,1825,1865,1765,1765,80760,-0.030219780219780223
2022-09-08,1760,1780,1735,1755,36594,-0.005665722379603388
2022-09-13,1765,1820,1760,1770,38001,0.008547008547008517
2022-09-14,1770,1780,1720,1745,75063,-0.01412429378531077
2022-09-15,1745,1775,1725,1740,48534,-0.002865329512893977
2022-09-16,1725,1735,1650,1700,120349,-0.02298850574712641
2022-09-19,1670,1685,1605,1645,74265,-0.032352941176470584
2022-09-20,1630,1665,1610,1650,44300,0.003039513677811634
2022-09-21,1650,1650,1605,1640,25613,-0.0060606060606061
2022-09-22,1630,1635,1515,1635,52755,-0.0030487804878048808
2022-09-23,1630,1630,1560,1615,41500,-0.012232415902140636
2022-09-26,1555,1600,1490,1535,118665,-0.049535603715170295
2022-09-27,1525,1530,1450,1515,76728,-0.013029315960912058
2022-09-28,1500,1515,1450,1505,46463,-0.0066006600660065695
2022-09-29,1505,1565,1490,1560,41926,0.03654485049833878
2022-09-30,1555,1555,1480,1550,33501,-0.0064102564102563875
2022-10-04,1550,1620,1535,1595,81947,0.029032258064516148
2022-10-05,1610,1635,1550,1595,46996,0.0
2022-10-06,1595,1640,1580,1640,35665,0.028213166144200663
2022-10-07,1635,1670,1550,1670,73389,0.018292682926829285
2022-10-11,1640,1640,1555,1625,49711,-0.026946107784431184
2022-10-12,1585,1585,1555,1585,34435,-0.024615384615384595
2022-10-13,1575,1575,1505,1550,24629,-0.02208201892744477
2022-10-14,1550,1610,1535,1595,31356,0.029032258064516148
2022-10-17,1570,1660,1545,1605,133137,0.006269592476489061
2022-10-18,1610,1640,1575,1605,64001,0.0
2022-10-19,1605,1610,1575,1590,37638,-0.009345794392523366
2022-10-20,1590,1605,1545,1585,33836,-0.0031446540880503138
2022-10-21,1580,1580,1540,1565,44467,-0.012618296529968487
2022-10-24,1565,1620,1550,1605,80053,0.025559105431310014
2022-10-25,1620,1625,1570,1615,56195,0.006230529595015577
2022-10-26,1615,1645,1570,1590,84512,-0.015479876160990669
2022-10-27,1590,1625,1575,1615,73089,0.01572327044025168
2022-10-28,1615,1625,1580,1600,24455,-0.009287925696594423
2022-10-31,1600,1610,1580,1600,32455,0.0
2022-11-01,1600,1605,1585,1605,25109,0.0031250000000000444
2022-11-02,1605,1610,1580,1595,34960,-0.006230529595015577
2022-11-03,1575,1590,1550,1590,34696,-0.0031347962382445305
2022-11-04,1580,1680,1560,1680,69132,0.05660377358490565
2022-11-07,1675,1690,1605,1645,83626,-0.02083333333333337
2022-11-08,1645,1650,1620,1650,28496,0.003039513677811634
2022-11-09,1650,1670,1625,1665,26458,0.009090909090909038
2022-11-10,1645,1655,1630,1655,18342,-0.006006006006005982
2022-11-11,1695,1700,1650,1690,84262,0.02114803625377637
2022-11-14,1690,1690,1655,1680,32678,-0.00591715976331364
2022-11-15,1705,1800,1675,1750,320903,0.04166666666666674
2022-11-16,1795,1845,1765,1840,245718,0.05142857142857138
2022-11-17,1845,1870,1790,1870,122364,0.016304347826086918
2022-11-18,1865,1895,1780,1780,94753,-0.048128342245989275
2022-11-21,1780,1840,1705,1785,124922,0.002808988764045006
2022-11-22,1765,1785,1735,1785,48619,0.0
2022-11-23,1770,1785,1755,1770,28589,-0.008403361344537785
2022-11-24,1785,1800,1730,1785,48387,0.008474576271186418
2022-11-25,1825,1830,1735,1770,80710,-0.008403361344537785
2022-11-28,1775,1795,1740,1750,41958,-0.011299435028248594
2022-11-29,1710,1750,1680,1745,79183,-0.0028571428571428914
2022-11-30,1750,1820,1730,1820,94320,0.042979942693409656
2022-12-01,1835,1845,1805,1840,143236,0.01098901098901095
2022-12-02,1850,1890,1840,1890,138907,0.02717391304347827
2022-12-05,1890,1935,1885,1920,107645,0.015873015873015817
2022-12-06,1915,1980,1895,1920,150225,0.0
2022-12-07,1900,1925,1875,1920,75260,0.0
2022-12-08,1910,2015,1900,2000,141378,0.04166666666666674
2022-12-09,1980,2025,1960,1965,62857,-0.01749999999999996
2022-12-12,1985,2000,1945,1965,52358,0.0
2022-12-13,1965,1980,1940,1945,46755,-0.010178117048346036
2022-12-14,1950,2035,1950,1975,49179,0.015424164524421524
2022-12-15,2000,2025,1985,2020,48535,0.022784810126582178
2022-12-16,2020,2050,2000,2030,83492,0.004950495049504955
2022-12-19,2000,2010,1960,1970,53076,-0.029556650246305383
2022-12-20,1965,1995,1940,1960,79384,-0.005076142131979711
2022-12-21,1960,1960,1900,1925,35823,-0.017857142857142905
2022-12-22,1945,1955,1905,1925,21688,0.0
2022-12-23,1935,1940,1895,1930,42314,0.0025974025974024872
2022-12-26,1900,1915,1860,1915,31000,-0.007772020725388629
2022-12-27,1890,1900,1860,1900,17578,-0.007832898172323799
2022-12-28,1900,1970,1855,1855,37658,-0.023684210526315752
2022-12-29,1840,1855,1670,1720,114541,-0.07277628032345018
2023-01-02,1720,1720,1550,1700,227338,-0.011627906976744207
2023-01-03,1680,1695,1615,1695,70231,-0.002941176470588225
2023-01-04,1685,1750,1645,1745,48332,0.029498525073746285
2023-01-05,1765,1780,1745,1745,52937,0.0
2023-01-06,1760,1765,1740,1760,32559,0.008595988538681931
2023-01-09,1765,1825,1760,1775,45199,0.008522727272727293
2023-01-10,1785,1840,1785,1825,81594,0.028169014084507005
2023-01-11,1825,1860,1815,1835,67397,0.005479452054794498
2023-01-12,1840,1940,1835,1885,59840,0.027247956403269713
2023-01-13,1890,1950,1880,1900,48974,0.007957559681697646
2023-01-16,1900,1970,1885,1900,43565,0.0
2023-01-17,1900,1930,1875,1885,58702,-0.007894736842105288
2023-01-18,1885,1900,1820,1880,57498,-0.0026525198938992522
2023-01-19,1870,1870,1800,1815,58961,-0.034574468085106336
2023-01-20,1815,1835,1795,1805,31548,-0.0055096418732781816
2023-01-25,1807,1868,1807,1842,37843,0.020498614958448735
2023-01-26,1844,1910,1844,1899,46257,0.030944625407166138
2023-01-27,1899,1936,1899,1935,45234,0.018957345971563955
2023-01-30,1935,2035,1916,1966,60145,0.01602067183462541
2023-01-31,1966,1982,1942,1980,73734,0.007121057985757906
2023-02-01,1980,2020,1971,1999,77351,0.009595959595959602
2023-02-02,2000,2030,1993,2005,62429,0.0030015007503751967
2023-02-03,2010,2020,1992,2000,45353,-0.0024937655860348684
2023-02-06,2000,2000,1986,1998,37045,-0.0010000000000000009
2023-02-07,1979,1983,1959,1975,47503,-0.01151151151151153
2023-02-08,1975,2010,1966,1996,65000,0.010632911392405076
2023-02-09,2010,2025,1996,2010,23722,0.007014028056112176
2023-02-10,2010,2020,1970,1982,36084,-0.013930348258706426
2023-02-13,1982,1982,1920,1920,46872,-0.03128153380423815
2023-02-14,1888,1919,1885,1900,33357,-0.01041666666666663
2023-02-15,1900,1920,1830,1830,43974,-0.0368421052631579
2023-02-16,1811,1829,1802,1815,55037,-0.008196721311475419
2023-02-17,1815,1845,1815,1817,41543,0.001101928374655614
2023-02-20,1818,1854,1817,1854,32462,0.020363236103467353
2023-02-21,1869,1909,1854,1900,28341,0.024811218985976158
2023-02-22,1900,1905,1883,1883,43416,-0.008947368421052593
2023-02-23,1865,1886,1864,1886,42258,0.0015932023366966863
2023-02-24,1897,1904,1886,1886,32328,0.0
2023-02-27,1867,1904,1867,1904,27754,0.009544008483563182
2023-02-28,1904,1915,1875,1915,100016,0.005777310924369727
2023-03-02,1921,1934,1879,1914,83868,-0.0005221932114882755
2023-03-03,1914,1914,1850,1861,98511,-0.02769070010449326
2023-03-06,1861,1875,1857,1859,55176,-0.0010746910263299547
2023-03-07,1860,1945,1859,1945,79692,0.046261430876815446
2023-03-08,1965,2070,1889,1956,230552,0.005655526992287996
2023-03-09,1975,1975,1903,1931,68290,-0.01278118609406953
2023-03-10,1924,1924,1862,1865,61643,-0.03417918177110302
2023-03-13,1836,1836,1772,1829,77605,-0.01930294906166219
2023-03-14,1801,1801,1692,1712,106073,-0.06396938217605252
2023-03-15,1712,1733,1690,1733,94845,0.012266355140186924
2023-03-16,1733,1755,1719,1740,67340,0.004039238315060478
2023-03-17,1740,1780,1740,1780,40119,0.02298850574712641
2023-03-20,1780,1800,1772,1779,38979,-0.0005617977528089568
2023-03-21,1784,1800,1715,1729,48455,-0.02810567734682401
2023-03-22,1729,1768,1729,1768,38718,0.022556390977443552
2023-03-23,1767,1767,1701,1717,46252,-0.028846153846153855
2023-03-24,1717,1728,1683,1712,87832,-0.0029120559114734768
2023-03-27,1712,1712,1628,1645,113750,-0.03913551401869164
2023-03-28,1645,1661,1638,1651,63228,0.0036474164133739606
2023-03-29,1651,1665,1644,1656,42010,0.0030284675953966556
2023-03-30,1657,1695,1657,1695,74323,0.023550724637681153
2023-03-31,1695,1700,1654,1663,92104,-0.01887905604719764
2023-04-03,1661,1662,1605,1621,238912,-0.02525556223692127
2023-04-04,1615,1636,1608,1627,106995,0.0037014188772361845
2023-04-05,1627,1635,1615,1627,146963,0.0
2023-04-06,1627,1643,1615,1639,78380,0.007375537799631182
2023-04-07,1640,1740,1640,1738,138527,0.06040268456375841
2023-04-10,1738,1750,1670,1692,75215,-0.026467203682393525
2023-04-11,1676,1679,1643,1658,87301,-0.02009456264775411
2023-04-12,1658,1707,1651,1698,79573,0.024125452352231624
2023-04-13,1698,1698,1614,1668,91143,-0.017667844522968212
2023-04-14,1668,1716,1665,1676,72337,0.004796163069544335
2023-04-17,1678,1691,1671,1686,143512,0.005966587112171906
2023-04-18,1686,1702,1671,1673,73739,-0.00771055753262162
2023-04-19,1675,1703,1670,1690,117956,0.010161386730424438
2023-04-20,1689,1717,1672,1694,157989,0.002366863905325367
2023-04-21,1668,1683,1646,1652,242540,-0.024793388429752095
2023-04-24,1635,1642,1609,1609,116282,-0.026029055690072633
2023-04-25,1592,1620,1582,1610,107223,0.0006215040397763438
2023-04-26,1600,1730,1595,1695,270787,0.052795031055900665
2023-04-27,1694,2200,1649,1830,4784294,0.07964601769911495
2023-04-28,1834,1925,1786,1810,810990,-0.010928961748633892
2023-05-02,1779,1793,1702,1758,411948,-0.02872928176795575
2023-05-03,1758,1759,1705,1748,220514,-0.005688282138794132
2023-05-04,1737,1752,1700,1725,162257,-0.013157894736842146
2023-05-08,1725,1733,1660,1672,220078,-0.030724637681159406
2023-05-09,1672,1679,1644,1670,102857,-0.0011961722488038617
2023-05-10,1679,1718,1669,1684,149049,0.008383233532934131
2023-05-11,1681,1718,1629,1635,159235,-0.029097387173396716
2023-05-12,1635,1690,1601,1614,152551,-0.012844036697247652
2023-05-15,1614,1614,1586,1602,100434,-0.0074349442379182396
2023-05-16,1600,1611,1568,1568,128350,-0.02122347066167296
2023-05-17,1566,1599,1535,1584,206503,0.010204081632652962
2023-05-18,1586,1624,1584,1594,90550,0.0063131313131312705
2023-05-19,1595,1620,1594,1596,75291,0.0012547051442910462
2023-05-22,1596,1620,1590,1614,91648,0.011278195488721776
2023-05-23,1614,1627,1604,1615,41456,0.0006195786864930941
2023-05-24,1614,1614,1591,1591,65992,-0.014860681114551078
2023-05-25,1591,1598,1556,1578,93484,-0.00817096165933373
2023-05-26,1563,1576,1557,1558,51917,-0.012674271229404344
2023-05-30,1558,1603,1551,1583,62440,0.016046213093709794
2023-05-31,1583,1629,1583,1585,80426,0.0012634238787112562
2023-06-01,1590,1629,1585,1586,71043,0.0006309148264984632
2023-06-02,1586,1595,1561,1575,64823,-0.0069356872635560896
2023-06-05,1575,1575,1555,1567,53961,-0.005079365079365128
2023-06-07,1567,1614,1564,1600,64230,0.02105934907466489
2023-06-08,1590,1590,1571,1575,68257,-0.015625
2023-06-09,1575,1640,1575,1622,119433,0.02984126984126978
2023-06-12,1620,1641,1617,1628,46366,0.0036991368680641123
2023-06-13,1628,1641,1624,1633,35090,0.0030712530712531105
2023-06-14,1625,1656,1586,1591,71229,-0.025719534598897753
2023-06-15,1576,1608,1568,1605,63900,0.00879949717159012
2023-06-16,1605,1605,1582,1582,53036,-0.01433021806853585
2023-06-19,1582,1589,1567,1583,37979,0.0006321112515803584
2023-06-20,1583,1597,1569,1570,46291,-0.008212255211623498
2023-06-21,1570,1578,1562,1563,38463,-0.004458598726114649
2023-06-22,1547,1553,1544,1550,60867,-0.008317338451695466
2023-06-23,1540,1545,1455,1509,143213,-0.02645161290322584
2023-06-26,1508,1508,1466,1507,49413,-0.001325381047051044
2023-06-27,1507,1507,1492,1504,47828,-0.001990710019907138
2023-06-28,1490,1501,1456,1488,147060,-0.010638297872340385
2023-06-29,1474,1480,1428,1431,102208,-0.03830645161290325
2023-06-30,1414,1416,1361,1366,273040,-0.04542278127183785
2023-07-03,1366,1411,1361,1387,156392,0.015373352855051259
2023-07-04,1387,1642,1374,1445,3910728,0.04181687094448461
2023-07-05,1445,1452,1410,1423,212929,-0.0152249134948097
2023-07-06,1423,1427,1384,1405,202931,-0.012649332396345803
2023-07-07,1383,1433,1380,1433,136483,0.01992882562277587
2023-07-10,1431,1468,1401,1464,78221,0.021632937892533066
2023-07-11,1457,1472,1442,1461,43157,-0.002049180327868827
2023-07-12,1473,1477,1447,1477,57189,0.010951403148528494
2023-07-13,1475,1477,1463,1477,28729,0.0
2023-07-14,1477,1499,1433,1499,103408,0.014895057549086044
2023-07-17,1499,1529,1390,1523,135622,0.016010673782521634
2023-07-18,1523,1523,1474,1502,67411,-0.013788575180564644
2023-07-19,1510,1521,1460,1519,102121,0.01131824234354184
2023-07-20,1504,1515,1497,1506,34436,-0.008558262014483176
2023-07-21,1505,1537,1480,1535,103743,0.019256308100929598
2023-07-24,1534,1546,1488,1491,103191,-0.028664495114006483
2023-07-25,1491,1504,1465,1487,95231,-0.0026827632461435824
2023-07-26,1485,1485,1390,1480,121450,-0.00470746469401484
2023-07-27,1450,1480,1445,1461,78875,-0.012837837837837873
2023-07-28,1468,1496,1442,1494,37498,0.022587268993839782
2023-07-31,1494,1520,1478,1490,65637,-0.0026773761713521083
2023-08-01,1490,1505,1473,1490,101871,0.0
2023-08-02,1490,1490,1449,1470,87680,-0.01342281879194629
2023-08-03,1463,1468,1434,1463,51625,-0.004761904761904745
2023-08-04,1463,1463,1438,1454,36242,-0.0061517429938482415
2023-08-07,1454,1454,1412,1438,68922,-0.011004126547455306
2023-08-08,1417,1423,1380,1400,88116,-0.026425591098748313
2023-08-09,1382,1400,1372,1400,16853,0.0
2023-08-10,1400,1437,1386,1437,35794,0.026428571428571468
2023-08-11,1445,1445,1423,1441,10781,0.0027835768963118124
2023-08-14,1427,1457,1401,1451,51731,0.006939625260235838
2023-08-16,1508,1596,1453,1574,760207,0.08476912474155762
2023-08-17,1574,1636,1552,1590,421723,0.010165184243964509
2023-08-18,1590,1613,1538,1595,125114,0.003144654088050425
2023-08-21,1595,1649,1580,1633,150753,0.023824451410658254
2023-08-22,1633,1669,1613,1640,140727,0.004286589099816274
2023-08-23,1640,1640,1584,1594,73040,-0.028048780487804903
2023-08-24,1594,1630,1539,1627,85561,0.02070263488080304
2023-08-25,1627,1645,1600,1616,97309,-0.006760909649661917
2023-08-28,1620,1656,1601,1652,115914,0.022277227722772297
2023-08-29,1652,1665,1640,1660,57668,0.004842615012106588
2023-08-30,1660,1668,1647,1667,51867,0.004216867469879482
2023-08-31,1667,1677,1661,1668,82073,0.0005998800239952473
2023-09-01,1668,1678,1653,1668,120608,0.0
2023-09-04,1668,1681,1655,1662,102593,-0.003597122302158251
2023-09-05,1662,1677,1647,1674,65074,0.0072202166064982976
2023-09-06,1674,1678,1658,1678,43777,0.002389486260454099
2023-09-07,1678,1679,1616,1627,63195,-0.030393325387365944
2023-09-08,1627,1657,1615,1639,53121,0.007375537799631182
2023-09-11,1640,1685,1640,1680,78177,0.02501525320317266
2023-09-12,1686,1699,1672,1699,77773,0.01130952380952377
2023-09-13,1693,1698,1647,1683,58366,-0.009417304296645113
2023-09-14,1674,1710,1660,1710,53516,0.016042780748663166
2023-09-15,1710,1748,1702,1747,102370,0.02163742690058479
2023-09-18,1747,1760,1730,1759,73674,0.006868918145392033
2023-09-19,1745,1762,1742,1756,40387,-0.0017055144968731728
2023-09-20,1753,1769,1669,1766,70827,0.005694760820045497
2023-09-21,1749,1766,1719,1762,38268,-0.0022650056625141968
2023-09-22,1744,1744,1682,1715,22447,-0.026674233825198623
2023-09-25,1715,1715,1631,1631,70681,-0.048979591836734726
2023-09-26,1631,1659,1599,1659,80511,0.01716738197424883
2023-09-27,1659,1779,1643,1773,82089,0.06871609403254975
2023-10-04,1774,1788,1653,1735,220822,-0.021432600112803124
2023-10-05,1717,1717,1650,1716,89052,-0.010951008645533111
2023-10-06,1694,1794,1679,1793,135931,0.044871794871794934
2023-10-10,1793,1820,1708,1732,141082,-0.03402119353039601
2023-10-11,1732,1800,1710,1798,58056,0.038106235565819935
2023-10-12,1810,1860,1810,1833,86057,0.01946607341490547
2023-10-13,1836,1898,1836,1889,111551,0.030551009274413454
2023-10-16,1889,1915,1702,1766,149083,-0.06511381683430384
2023-10-17,1766,1910,1741,1823,81585,0.03227633069082669
2023-10-18,1828,1877,1700,1722,94328,-0.05540318156884261
2023-10-19,1722,1756,1625,1701,55280,-0.012195121951219523
2023-10-20,1683,1698,1621,1698,47094,-0.0017636684303351524
2023-10-23,1698,1800,1693,1755,88278,0.03356890459363959
2023-10-24,1755,1888,1701,1836,85803,0.04615384615384621
2023-10-25,1854,1921,1849,1920,86293,0.045751633986928164
2023-10-26,1901,1923,1743,1922,116891,0.0010416666666666075
2023-10-27,1922,1969,1910,1965,131179,0.02237252861602501
2023-10-30,1965,1974,1815,1965,120159,0.0
2023-10-31,1969,1999,1928,1929,178705,-0.018320610687022953
2023-11-01,1929,2015,1929,2015,138844,0.04458268532918619
2023-11-02,2015,2050,1990,1994,87926,-0.01042183622828785
2023-11-03,2010,2080,2000,2080,107581,0.04312938816449341
2023-11-06,2080,2125,2070,2105,102641,0.012019230769230838
2023-11-07,2105,2250,2105,2240,203872,0.06413301662707838
2023-11-08,2245,2300,2000,2000,206928,-0.1071428571428571
2023-11-09,2000,2040,1820,1920,167109,-0.040000000000000036
2023-11-10,1920,1990,1920,1921,83648,0.0005208333333333037
2023-11-13,1921,1960,1833,1873,94967,-0.024986985944820406
2023-11-14,1873,1916,1820,1916,48289,0.022957821676454992
2023-11-15,1916,1916,1672,1686,668579,-0.12004175365344472
2023-11-16,1686,1694,1578,1593,517185,-0.05516014234875444
2023-11-17,1593,1599,1509,1514,312981,-0.0495919648462021
2023-11-20,1514,1560,1500,1522,232674,0.005284015852047519
2023-11-21,1528,1624,1528,1588,286473,0.043363994743758294
2023-11-22,1588,1624,1580,1616,133036,0.017632241813602123
2023-11-23,1615,1630,1592,1595,81113,-0.012995049504950451
2023-11-24,1595,1945,1573,1729,1977466,0.08401253918495288
2023-11-27,1729,1778,1653,1659,377871,-0.04048582995951422
2023-11-28,1645,1658,1522,1538,319405,-0.07293550331525012
2023-11-29,1538,1572,1482,1521,203217,-0.011053315994798418
2023-11-30,1521,1570,1514,1556,129409,0.023011176857330673
2023-12-01,1555,1555,1481,1485,273762,-0.045629820051413916
2023-12-04,1484,1484,1440,1441,245796,-0.029629629629629672
2023-12-05,1441,1452,1410,1420,187108,-0.014573213046495503
2023-12-06,1420,1420,1401,1416,246936,-0.0028169014084507005
2023-12-07,1416,1446,1400,1420,153463,0.0028248587570620654
2023-12-08,1420,1443,1410,1422,105099,0.0014084507042253502
2023-12-11,1422,1473,1422,1459,174287,0.026019690576652543
2023-12-12,1459,1468,1430,1444,99358,-0.010281014393420107
2023-12-13,1444,1444,1425,1427,92695,-0.011772853185595622
2023-12-14,1422,1448,1407,1424,161327,-0.0021023125437982237
2023-12-15,1480,1851,1480,1851,4614716,0.2998595505617978
2023-12-18,2065,2150,1741,1803,4956098,-0.02593192868719607
2023-12-19,1742,1839,1679,1839,1390208,0.019966722129783676
2023-12-20,1803,1851,1740,1790,574586,-0.026644915715062556
2023-12-21,1759,1825,1695,1705,468045,-0.04748603351955305
2023-12-22,1679,1705,1601,1609,351204,-0.056304985337243374
2023-12-26,1609,1619,1530,1584,287209,-0.015537600994406486
2023-12-27,1584,1615,1534,1557,257300,-0.017045454545454586
2023-12-28,1557,1637,1540,1610,174882,0.03403982016698781
2024-01-02,1610,1660,1547,1642,366041,0.019875776397515477
2024-01-03,1627,1663,1545,1592,135127,-0.030450669914738104
2024-01-04,1600,1636,1576,1576,99054,-0.01005025125628145
2024-01-05,1576,1635,1576,1600,132448,0.015228426395939021
2024-01-08,1600,1630,1572,1624,171712,0.014999999999999902
2024-01-09,1625,1671,1619,1652,173128,0.01724137931034475
2024-01-10,1652,1652,1552,1569,170132,-0.05024213075060535
2024-01-11,1569,1606,1562,1575,91952,0.003824091778202643
2024-01-12,1591,1617,1560,1584,106581,0.005714285714285783
2024-01-15,1560,1612,1530,1539,119079,-0.02840909090909094
2024-01-16,1538,1614,1520,1589,208427,0.03248862897985716
2024-01-17,1589,1600,1517,1563,149499,-0.016362492133417228
2024-01-18,1563,1611,1536,1600,92051,0.023672424824056293
2024-01-19,1595,1617,1535,1557,111700,-0.026874999999999982
2024-01-22,1562,1583,1480,1530,126100,-0.017341040462427793
2024-01-23,1523,1589,1496,1530,134900,0.0
2024-01-24,1546,1580,1511,1566,71348,0.0235294117647058
2024-01-25,1550,1550,1506,1515,58302,-0.03256704980842917
2024-01-26,1499,1585,1494,1517,47863,0.0013201320132012473
2024-01-29,1517,1543,1468,1486,125351,-0.020435069215557045
2024-01-30,1484,1567,1471,1513,83616,0.018169582772543658
2024-01-31,1528,1528,1472,1479,66181,-0.022471910112359605
2024-02-01,1466,1488,1450,1450,108495,-0.019607843137254943
2024-02-02,1443,1531,1437,1520,115918,0.048275862068965614
2024-02-05,1520,1545,1494,1512,63305,-0.0052631578947368585
2024-02-06,1512,1512,1482,1490,36705,-0.014550264550264536
2024-02-07,1494,1503,1478,1485,35065,-0.003355704697986628
2024-02-08,1485,1520,1475,1496,54619,0.007407407407407307
2024-02-13,1496,1525,1485,1500,37098,0.002673796791443861
2024-02-14,1500,1558,1488,1512,50493,0.008000000000000007
2024-02-15,1512,1570,1505,1565,324637,0.03505291005291
2024-02-16,1565,1565,1520,1520,66675,-0.028753993610223683
2024-02-19,1512,1555,1512,1550,134523,0.019736842105263053
2024-02-20,1550,1567,1544,1554,20834,0.002580645161290418
2024-02-21,1554,1555,1525,1525,34739,-0.01866151866151866
2024-02-22,1525,1553,1492,1552,74418,0.017704918032786843
2024-02-23,1554,1578,1408,1480,446917,-0.046391752577319534
2024-02-26,1480,1488,1467,1481,43924,0.0006756756756756133
2024-02-27,1481,1481,1455,1464,41112,-0.011478730587440866
2024-02-28,1441,1485,1441,1464,42414,0.0
2024-02-29,1464,1480,1437,1465,60233,0.000683060109289535
2024-03-04,1450,1507,1445,1506,70535,0.027986348122866822
2024-03-05,1507,1528,1460,1465,37123,-0.02722443559096943
2024-03-06,1451,1475,1423,1435,67824,-0.020477815699658675
2024-03-07,1410,1435,1394,1401,73221,-0.02369337979094077
2024-03-08,1410,1428,1400,1400,27388,-0.0007137758743754885
2024-03-11,1400,1427,1400,1408,27520,0.005714285714285783
2024-03-12,1408,1429,1396,1403,36718,-0.0035511363636363535
2024-03-13,1403,1414,1393,1399,30303,-0.0028510334996436626
2024-03-14,1399,1417,1381,1383,37773,-0.011436740528949274
2024-03-15,1383,1391,1363,1382,58548,-0.000723065798987732
2024-03-18,1382,1420,1382,1415,26641,0.02387843704775694
2024-03-19,1415,1425,1371,1372,32448,-0.030388692579505272
2024-03-20,1373,1390,1331,1350,110164,-0.01603498542274051
2024-03-21,1371,1388,1366,1380,51970,0.022222222222222143
2024-03-22,1380,1405,1378,1386,34095,0.004347826086956497
2024-03-25,1386,1405,1380,1386,53187,0.0
2024-03-26,1386,1400,1375,1389,33627,0.0021645021645022577
2024-03-27,1413,1413,1359,1380,70662,-0.006479481641468721
2024-03-28,1383,1417,1335,1373,72764,-0.005072463768115987
2024-03-29,1373,1408,1373,1376,41764,0.002184996358339353
2024-04-01,1376,1398,1354,1389,65097,0.009447674418604723
2024-04-02,1389,1400,1206,1281,587362,-0.0777537796976242
2024-04-03,1281,1293,1254,1283,102301,0.0015612802498048417
2024-04-04,1276,1308,1276,1289,52878,0.004676539360872978
2024-04-05,1289,1318,1264,1277,72648,-0.009309542280837912
2024-04-08,1277,1294,1272,1290,46795,0.010180109631949819
2024-04-09,1288,1474,1265,1284,703996,-0.0046511627906976605
2024-04-11,1291,1324,1284,1306,48592,0.017133956386292892
2024-04-12,1293,1328,1293,1318,48196,0.009188361408882129
2024-04-15,1318,1330,1266,1302,50514,-0.012139605462822445
2024-04-16,1288,1298,1260,1278,68305,-0.018433179723502335
2024-04-17,1261,1275,1256,1265,76527,-0.010172143974960912
2024-04-18,1253,1297,1246,1265,68643,0.0
2024-04-19,1265,1320,1265,1271,45800,0.004743083003952542
2024-04-22,1260,1340,1259,1283,80438,0.009441384736428082
2024-04-23,1285,1309,1284,1292,25731,0.0070148090413093556
2024-04-24,1292,1294,1279,1294,27932,0.001547987616099089
2024-04-25,1294,1294,1273,1283,17848,-0.008500772797527034
2024-04-26,1283,1283,1250,1271,67416,-0.009353078721745955
2024-04-29,1254,1624,1254,1359,5892946,0.06923682140047216
2024-04-30,1360,1422,1346,1359,761209,0.0
2024-05-02,1359,1443,1359,1403,366020,0.032376747608535705
2024-05-03,1403,1450,1391,1413,93646,0.0071275837491091565
2024-05-07,1410,1412,1370,1370,137804,-0.030431705590941216
2024-05-08,1345,1367,1340,1364,71413,-0.004379562043795637
2024-05-09,1358,1363,1330,1340,85707,-0.017595307917888547
2024-05-10,1340,1396,1338,1396,59717,0.04179104477611939
2024-05-13,1395,1411,1368,1411,74634,0.010744985673352359
2024-05-14,1411,1420,1383,1410,40611,-0.0007087172218285254
2024-05-16,1410,1527,1405,1456,628459,0.03262411347517724
2024-05-17,1457,1504,1456,1495,162663,0.02678571428571419
2024-05-20,1496,1580,1481,1564,336776,0.04615384615384621
2024-05-21,1564,1566,1500,1538,160290,-0.01662404092071612
2024-05-22,1523,1560,1523,1549,78671,0.007152145643693153
2024-05-23,1549,1560,1514,1518,60486,-0.020012911555842505
2024-05-24,1518,1533,1478,1482,67814,-0.02371541501976282
2024-05-27,1467,1527,1467,1493,46225,0.007422402159244168
2024-05-28,1493,1520,1473,1519,64783,0.017414601473543234
2024-05-29,1519,1540,1481,1489,43659,-0.01974983541803821
2024-05-30,1489,1494,1380,1488,85194,-0.000671591672263272
2024-05-31,1473,1529,1456,1511,57114,0.015456989247311759
2024-06-03,1526,1527,1480,1500,62035,-0.007279947054930513
2024-06-04,1500,1514,1488,1493,37517,-0.004666666666666708
2024-06-05,1493,1510,1480,1499,49040,0.004018754186202234
2024-06-07,1500,1508,1474,1498,33517,-0.0006671114076051143
2024-06-10,1498,1515,1484,1515,28169,0.011348464619492571
2024-06-11,1504,1514,1470,1511,42828,-0.0026402640264026056
2024-06-12,1470,1519,1470,1490,39626,-0.013898080741231
2024-06-13,1490,1503,1480,1499,23240,0.006040268456375841
2024-06-14,1499,1513,1485,1496,26561,-0.002001334222815232
2024-06-17,1496,1500,1480,1495,10173,-0.0006684491978609097
2024-06-18,1495,1500,1471,1478,36466,-0.011371237458194017
2024-06-19,1470,1504,1470,1487,30799,0.006089309878213767
2024-06-20,1472,1500,1470,1494,18918,0.00470746469401484
2024-06-21,1471,1479,1453,1454,24188,-0.02677376171352075
2024-06-24,1454,1461,1400,1401,42381,-0.03645116918844571
2024-06-25,1400,1471,1400,1426,28380,0.017844396859386213
2024-06-26,1426,1452,1415,1435,25515,0.006311360448807868
2024-06-27,1434,1435,1369,1369,20175,-0.045993031358884995
2024-06-28,1369,1429,1369,1402,36304,0.024105186267348477
2024-07-01,1402,1427,1400,1406,28230,0.0028530670470756636
2024-07-02,1392,1406,1375,1402,19291,-0.002844950213371278
2024-07-03,1391,1394,1388,1389,15268,-0.00927246790299574
2024-07-04,1383,1383,1288,1288,150021,-0.07271418286537079
2024-07-05,1290,1474,1280,1322,490136,0.026397515527950333
2024-07-08,1329,1348,1322,1340,30297,0.013615733736762392
2024-07-09,1350,1514,1347,1404,368140,0.047761194029850795
2024-07-10,1404,1499,1397,1460,56134,0.03988603988603989
2024-07-11,1460,1460,1405,1432,39500,-0.019178082191780854
2024-07-12,1432,1477,1408,1426,43943,-0.0041899441340782495
2024-07-15,1426,1463,1426,1456,20710,0.02103786816269282
2024-07-16,1456,1500,1456,1473,38414,0.011675824175824134
2024-07-17,1473,1478,1463,1478,16073,0.0033944331296673624
2024-07-18,1477,1477,1439,1460,20981,-0.012178619756427644
2024-07-19,1460,1487,1447,1481,22656,0.014383561643835696
2024-07-22,1482,1490,1476,1480,26210,-0.0006752194463200967
2024-07-23,1465,1500,1460,1500,36217,0.013513513513513598
2024-07-24,1490,1525,1490,1500,25620,0.0
2024-07-25,1493,1500,1455,1470,25233,-0.020000000000000018
2024-07-26,1470,1490,1451,1480,13918,0.006802721088435382
2024-07-29,1480,1490,1470,1484,6577,0.002702702702702675
2024-07-30,1484,1512,1484,1495,35792,0.0074123989218328745
2024-07-31,1495,1510,1480,1504,22890,0.006020066889632192
2024-08-01,1504,1518,1465,1497,38964,-0.004654255319148981
2024-08-02,1493,1529,1470,1512,43069,0.01002004008016022
2024-08-05,1442,1493,1330,1336,112526,-0.1164021164021164
2024-08-06,1330,1469,1320,1437,69751,0.07559880239520966
2024-08-07,1408,1421,1340,1400,29686,-0.025748086290883765
2024-08-08,1398,1398,1346,1387,11229,-0.00928571428571423
2024-08-09,1387,1427,1387,1407,12145,0.014419610670511895
2024-08-12,1407,1430,1395,1407,12325,0.0
2024-08-13,1407,1427,1367,1367,25547,-0.028429282160625458
2024-08-14,1367,1393,1367,1374,35891,0.00512070226773953
2024-08-16,1367,1383,1322,1322,79767,-0.03784570596797676
2024-08-19,1322,1355,1282,1290,102114,-0.024205748865355536
2024-08-20,1290,1320,1246,1269,179541,-0.016279069767441867
2024-08-21,1269,1380,1267,1360,201658,0.07171000788022064
2024-08-22,1350,1398,1350,1382,70255,0.016176470588235237
2024-08-23,1345,1368,1292,1311,91572,-0.05137481910274966
2024-08-26,1311,1326,1261,1310,54540,-0.0007627765064835978
2024-08-27,1310,1310,1287,1304,34441,-0.004580152671755711
2024-08-28,1303,1320,1270,1310,65530,0.004601226993865115
2024-08-29,1297,1310,1281,1291,19658,-0.01450381679389312
2024-08-30,1291,1300,1280,1294,19914,0.0023237800154918276
2024-09-02,1294,1310,1290,1295,34795,0.0007727975270479526
2024-09-03,1295,1324,1295,1304,39624,0.006949806949806847
2024-09-04,1286,1286,1245,1249,51101,-0.04217791411042948
2024-09-05,1239,1260,1239,1260,37715,0.008807045636509248
2024-09-06,1254,1260,1242,1252,22908,-0.006349206349206327
2024-09-09,1250,1250,1206,1243,57776,-0.007188498402555865
2024-09-10,1243,1243,1228,1235,31289,-0.006436041834271933
2024-09-11,1235,1246,1226,1243,11460,0.006477732793522373
2024-09-12,1238,1361,1231,1296,142712,0.042638777152051555
2024-09-13,1296,1364,1290,1305,47644,0.00694444444444442
2024-09-19,1305,1305,1291,1291,24788,-0.01072796934865905
2024-09-20,1294,1344,1289,1324,49413,0.025561580170410547
2024-09-23,1310,1311,1260,1291,31591,-0.024924471299093698
2024-09-24,1291,1316,1288,1296,23064,0.0038729666924863793
2024-09-25,1296,1308,1296,1300,18265,0.0030864197530864335
2024-09-26,1290,1308,1290,1306,25326,0.004615384615384688
2024-09-27,1306,1312,1290,1300,51889,-0.004594180704441064
2024-09-30,1300,1309,1263,1277,46582,-0.017692307692307674
2024-10-02,1277,1299,1255,1289,57597,0.009397024275646038
2024-10-04,1292,1317,1292,1314,54627,0.019394879751745586
2024-10-07,1314,1320,1306,1308,17429,-0.004566210045662156
2024-10-08,1308,1322,1297,1306,17290,-0.001529051987767538
2024-10-10,1306,1321,1293,1296,9450,-0.007656967840735107
2024-10-11,1296,1296,1259,1276,18183,-0.015432098765432056
2024-10-14,1276,1276,1250,1256,31288,-0.01567398119122254
2024-10-15,1245,1363,1244,1282,62429,0.02070063694267521
2024-10-16,1282,1305,1272,1272,13753,-0.007800312012480548
2024-10-17,1272,1305,1269,1283,26651,0.00864779874213828
2024-10-18,1282,1297,1255,1256,22210,-0.02104442712392829
2024-10-21,1237,1269,1237,1247,13285,-0.0071656050955414274
2024-10-22,1247,1247,1225,1241,30181,-0.004811547714514863
2024-10-23,1230,1303,1228,1272,38614,0.024979854955681002
2024-10-24,1270,1275,1240,1240,25386,-0.02515723270440251
2024-10-25,1235,1264,1216,1230,29390,-0.008064516129032251
2024-10-28,1230,1249,1220,1247,38789,0.0138211382113822
2024-10-29,1246,1271,1235,1262,15500,0.012028869286287103
2024-10-30,1260,1274,1240,1258,18927,-0.0031695721077654726
2024-10-31,1258,1258,1220,1236,19008,-0.01748807631160576
2024-11-01,1235,1235,1204,1205,24961,-0.025080906148867266
2024-11-04,1205,1229,1193,1217,31606,0.009958506224066355
2024-11-05,1217,1258,1216,1253,50179,0.02958093672966311
2024-11-06,1253,1276,1247,1263,23053,0.007980845969672856
2024-11-07,1262,1327,1250,1312,89058,0.03879651623119562
2024-11-08,1312,1335,1310,1332,51145,0.015243902439024293
2024-11-11,1332,1336,1300,1310,57447,-0.016516516516516533
2024-11-12,1310,1360,1287,1311,43590,0.0007633587786259888
2024-11-13,1297,1360,1221,1311,46717,0.0
2024-11-14,1297,1358,1252,1311,23257,0.0
2024-11-15,1298,1321,1241,1312,50048,0.0007627765064837089
2024-11-18,1303,1350,1286,1311,38600,-0.0007621951219511924
