Date,Open,High,Low,Close,Volume,Change
2022-01-03,27690,27835,27060,27109,440,-0.003565389987502776
2022-01-04,26625,27690,26625,27158,2264,0.0018075177985170665
2022-01-05,27157,27254,26479,26480,1700,-0.02496501951542829
2022-01-06,26479,27012,25898,25947,2062,-0.020128398791540825
2022-01-07,27012,27109,26044,26141,560,0.0074767795891625966
2022-01-10,25753,26624,25753,25996,1128,-0.005546842125396911
2022-01-11,25802,26237,25560,25657,1231,-0.01304046776427148
2022-01-12,25656,26044,25656,25996,969,0.013212768445258538
2022-01-13,25995,26334,25705,25802,610,-0.007462686567164201
2022-01-14,25947,25995,25608,25899,1436,0.003759398496240518
2022-01-17,25511,27109,25511,25705,1763,-0.0074906367041198685
2022-01-18,25221,25850,25221,25560,2167,-0.005640925889904724
2022-01-19,25511,25511,24833,24931,2673,-0.024608763693270697
2022-01-20,24930,25269,24640,25270,2647,0.013597529180538359
2022-01-21,25269,25511,25027,25124,1315,-0.005777601899485507
2022-01-24,25124,25172,24059,24350,2579,-0.030807196306320672
2022-01-25,24010,24349,23091,23672,3337,-0.027843942505133445
2022-01-26,23187,23575,22945,22946,2597,-0.0306691449814126
2022-01-27,22945,22945,21251,21252,11342,-0.0738255033557047
2022-01-28,21251,21251,19992,20671,16519,-0.027338603425559937
2022-02-03,20912,21203,20573,20816,3333,0.0070146582168255645
2022-02-04,20767,21493,20089,21300,2777,0.023251345119139177
2022-02-07,21300,21880,21300,21348,1167,0.0022535211267604716
2022-02-08,21009,22026,21009,21300,1868,-0.0022484541877458852
2022-02-09,21880,21880,21106,21348,3045,0.0022535211267604716
2022-02-10,21300,21300,20622,20622,2962,-0.03400786958965707
2022-02-11,20622,20719,20186,20525,1697,-0.004703714479681875
2022-02-14,20525,20525,19508,20041,1291,-0.023580998781973173
2022-02-15,19557,19944,19460,19654,1995,-0.01931041365201336
2022-02-16,20670,20670,19847,20332,1112,0.034496794545639586
2022-02-17,26431,26431,24737,26431,203668,0.2999704898681881
2022-02-18,25947,27932,24495,24592,141009,-0.0695773901857667
2022-02-21,24010,24059,22461,22994,29491,-0.06498048145738455
2022-02-22,22219,22703,21493,21687,20077,-0.056840915021309946
2022-02-23,22026,22219,21590,21881,11170,0.00894545119195822
2022-02-24,21735,23575,20961,21155,24037,-0.033179470773730624
2022-02-25,21590,22122,21106,21203,10382,0.002268967147246448
2022-02-28,21203,24640,21203,22075,41427,0.04112625571853035
2022-03-02,21590,22074,21203,22026,12890,-0.002219705549263873
2022-03-03,22122,22994,21880,22413,10856,0.017570144374829733
2022-03-04,22655,22655,22074,22317,7385,-0.0042832284834694034
2022-03-07,21977,22268,21300,21300,5728,-0.045570641215217145
2022-03-08,20767,21300,20719,20719,4512,-0.027276995305164364
2022-03-10,21251,21445,20573,20768,4031,0.002364979004778167
2022-03-11,20864,21396,20331,20768,6384,0.0
2022-03-14,20477,21251,19847,20235,8719,-0.025664483821263517
2022-03-15,19944,20380,19315,19509,8601,-0.03587842846553002
2022-03-16,19557,19799,19121,19364,8665,-0.007432467066482151
2022-03-17,19702,20525,19363,19460,20880,0.004957653377401394
2022-03-18,19654,19992,19363,19896,18640,0.022404933196300103
2022-03-21,19992,20477,19799,20041,9140,0.007287897064736537
2022-03-22,20283,20331,19750,19945,21502,-0.004790180130731958
2022-03-23,19992,20186,19944,20090,6517,0.007269992479318033
2022-03-24,20089,20186,19944,20138,3766,0.0023892483822798294
2022-03-25,20138,20235,20041,20041,4612,-0.004816764326149525
2022-03-28,20089,20186,19847,20090,4059,0.0024449877750611915
2022-03-29,20138,20428,19896,20380,8675,0.014435042309606683
2022-03-30,20380,20622,20235,20332,3651,-0.002355250245338558
2022-03-31,20089,21542,20089,21300,18749,0.047609679323234344
2022-04-01,21300,22150,20950,21250,7810,-0.0023474178403756207
2022-04-04,21250,21250,20850,20900,4567,-0.016470588235294126
2022-04-05,21150,21550,20700,21550,18789,0.031100478468899517
2022-04-06,21300,22100,21100,21550,12764,0.0
2022-04-07,21550,21550,20650,20850,6442,-0.0324825986078886
2022-04-08,20800,21500,20800,21350,15132,0.023980815347721895
2022-04-11,21500,21500,20700,20750,7480,-0.02810304449648715
2022-04-12,20700,20700,20300,20550,6221,-0.009638554216867434
2022-04-13,20600,20700,20150,20400,13568,-0.007299270072992692
2022-04-14,20500,20550,20000,20000,14676,-0.019607843137254943
2022-04-15,20000,20200,19900,20050,4077,0.0024999999999999467
2022-04-18,20100,20100,19950,19950,4627,-0.004987531172069848
2022-04-19,20050,20100,19950,20000,1882,0.0025062656641603454
2022-04-20,20200,20200,19800,19800,4551,-0.010000000000000009
2022-04-21,20050,20200,19700,20200,14421,0.02020202020202011
2022-04-22,20100,21550,19900,19900,113939,-0.014851485148514865
2022-04-25,20000,20000,19400,19400,22356,-0.025125628140703515
2022-04-26,19600,19600,19250,19250,3976,-0.0077319587628865705
2022-04-27,18900,20500,18450,19350,35434,0.0051948051948051965
2022-04-28,19400,19450,19050,19400,4968,0.0025839793281654533
2022-04-29,19300,19550,19300,19350,3160,-0.002577319587628857
2022-05-02,19000,19250,18950,19150,1748,-0.01033591731266148
2022-05-03,19300,19300,18500,18550,11082,-0.031331592689295085
2022-05-04,18750,18750,18000,18100,16615,-0.02425876010781669
2022-05-06,17900,18250,17800,17800,5098,-0.016574585635359074
2022-05-09,17900,17900,17250,17400,5186,-0.022471910112359605
2022-05-10,17350,17500,17000,17500,1381,0.005747126436781658
2022-05-11,17550,17600,17100,17550,2688,0.0028571428571428914
2022-05-12,17500,17500,16900,17050,2662,-0.028490028490028463
2022-05-13,17150,17600,17150,17550,940,0.029325513196480912
2022-05-16,17350,17750,17350,17600,3721,0.002849002849002913
2022-05-17,17500,17800,17500,17800,1644,0.011363636363636465
2022-05-18,17950,18400,17900,18200,3030,0.022471910112359605
2022-05-19,17650,18550,17650,18350,3971,0.008241758241758212
2022-05-20,18400,18500,18250,18450,1145,0.005449591280654031
2022-05-23,18200,18450,17900,18450,1179,0.0
2022-05-24,18200,18500,18100,18100,1008,-0.01897018970189701
2022-05-25,18150,18150,17800,18150,664,0.0027624309392264568
2022-05-26,17800,17900,17500,17500,4114,-0.03581267217630857
2022-05-27,17600,17700,17300,17500,1724,0.0
2022-05-30,17300,17500,16900,17250,10082,-0.014285714285714235
2022-05-31,17400,18050,17250,18050,9921,0.04637681159420293
2022-06-02,17850,18000,17250,17550,11011,-0.027700831024930705
2022-06-03,17500,17650,17250,17550,3967,0.0
2022-06-07,17400,17400,16900,16950,4925,-0.03418803418803418
2022-06-08,16850,17150,16750,16900,2804,-0.002949852507374673
2022-06-09,16750,17000,16750,16800,2279,-0.00591715976331364
2022-06-10,16800,16900,16600,16850,901,0.0029761904761904656
2022-06-13,16450,16450,16000,16000,4537,-0.05044510385756673
2022-06-14,15500,16000,14700,15100,14763,-0.05625000000000002
2022-06-15,14850,15200,14650,14700,4738,-0.026490066225165587
2022-06-16,14800,15500,14800,15000,3637,0.020408163265306145
2022-06-17,14850,15000,14750,15000,2314,0.0
2022-06-20,14800,14950,14250,14450,3547,-0.036666666666666625
2022-06-21,14100,14500,14000,14400,3288,-0.0034602076124568004
2022-06-22,14450,14550,13600,13800,4767,-0.04166666666666663
2022-06-23,13550,13950,12750,13100,5974,-0.050724637681159424
2022-06-24,12600,14600,12600,13550,10257,0.03435114503816794
2022-06-27,13700,14000,13600,13850,2864,0.022140221402213944
2022-06-28,14000,14250,13600,13900,1029,0.0036101083032491488
2022-06-29,14100,14150,13650,13800,1231,-0.007194244604316502
2022-06-30,14200,14200,13100,13450,1863,-0.025362318840579712
2022-07-01,13600,13600,13100,13200,558,-0.018587360594795488
2022-07-04,13250,13600,12950,13050,1011,-0.011363636363636354
2022-07-05,12900,13500,12900,13500,2092,0.034482758620689724
2022-07-06,13300,13750,13300,13350,1508,-0.011111111111111072
2022-07-07,13350,13650,13250,13600,1805,0.01872659176029967
2022-07-08,13550,13800,13550,13800,1316,0.014705882352941124
2022-07-11,13800,13900,13300,13900,1135,0.007246376811594235
2022-07-12,13450,13900,13300,13650,978,-0.017985611510791366
2022-07-13,13600,14100,13450,14100,1708,0.03296703296703307
2022-07-14,13650,14150,13650,14100,911,0.0
2022-07-15,14200,14200,13750,13950,671,-0.010638297872340385
2022-07-18,13950,14050,13850,14000,321,0.0035842293906809264
2022-07-19,13800,14150,13750,14000,719,0.0
2022-07-20,14150,14150,13900,14150,3566,0.010714285714285676
2022-07-21,13950,14100,13500,13650,3908,-0.035335689045936425
2022-07-22,14000,14000,13550,13550,2130,-0.0073260073260073
2022-07-25,13950,13950,13500,13600,939,0.0036900369003689537
2022-07-26,13350,13650,13350,13600,4275,0.0
2022-07-27,13450,13550,13300,13450,5869,-0.011029411764705843
2022-07-28,13550,13650,13450,13650,2637,0.014869888475836479
2022-07-29,13550,16900,13550,13850,224404,0.0146520146520146
2022-08-01,13900,15250,13550,14350,99460,0.036101083032491044
2022-08-02,14300,14300,13800,13900,18231,-0.03135888501742157
2022-08-03,13900,14100,13800,14050,6051,0.010791366906474753
2022-08-04,14050,14300,14000,14100,8181,0.003558718861210064
2022-08-05,14200,14250,13900,14150,4385,0.0035460992907800915
2022-08-08,14000,14400,13850,14400,17824,0.0176678445229681
2022-08-09,14200,14350,13950,14250,7627,-0.01041666666666663
2022-08-10,14250,14400,14050,14200,5473,-0.0035087719298245723
2022-08-11,14250,14650,14200,14500,23858,0.021126760563380254
2022-08-12,14500,14550,14350,14500,6731,0.0
2022-08-16,14650,15000,14600,14700,11888,0.01379310344827589
2022-08-17,14700,15000,14350,14600,8306,-0.006802721088435382
2022-08-18,14600,14600,14200,14350,8206,-0.017123287671232834
2022-08-19,14350,14350,14050,14100,3795,-0.017421602787456414
2022-08-22,14100,14100,13700,13900,2748,-0.014184397163120588
2022-08-23,13400,13700,13350,13650,3733,-0.017985611510791366
2022-08-24,13650,13750,13500,13650,2097,0.0
2022-08-25,13500,13900,13500,13700,2613,0.00366300366300365
2022-08-26,13750,14050,13700,13850,6735,0.010948905109489093
2022-08-29,13300,13600,13300,13500,959,-0.02527075812274371
2022-08-30,13400,13700,13250,13500,4862,0.0
2022-08-31,14200,14200,13300,13850,2083,0.025925925925925908
2022-09-01,13800,13800,13350,13350,2054,-0.03610108303249093
2022-09-02,13350,13700,13200,13300,660,-0.0037453183520599342
2022-09-05,13200,13250,13100,13100,3456,-0.015037593984962405
2022-09-06,13200,13650,13200,13350,1274,0.01908396946564883
2022-09-07,13350,13350,12600,12800,2675,-0.041198501872659166
2022-09-08,12800,13300,12800,13050,468,0.01953125
2022-09-13,13100,14000,12800,13650,3618,0.04597701149425282
2022-09-14,13550,13550,13050,13350,1446,-0.02197802197802201
2022-09-15,13350,13400,12950,12950,3148,-0.029962546816479363
2022-09-16,12850,13000,12550,12950,3742,0.0
2022-09-19,12950,13000,12600,12650,897,-0.02316602316602312
2022-09-20,12750,12900,12600,12700,2925,0.0039525691699604515
2022-09-21,12450,12900,11700,12300,11918,-0.03149606299212604
2022-09-22,12200,12250,11800,12050,3202,-0.020325203252032575
2022-09-23,12050,12050,11000,11500,6079,-0.0456431535269709
2022-09-26,11000,11400,10600,10650,4072,-0.07391304347826089
2022-09-27,10150,10650,10000,10500,12385,-0.014084507042253502
2022-09-28,10300,10350,9780,10150,6975,-0.033333333333333326
2022-09-29,10150,10750,10050,10150,2730,0.0
2022-09-30,9640,10250,9640,10050,3476,-0.009852216748768461
2022-10-04,10050,10300,9840,10200,5323,0.014925373134328401
2022-10-05,10400,10600,9800,9970,6101,-0.022549019607843168
2022-10-06,9780,10200,9780,10200,6688,0.02306920762286868
2022-10-07,10200,10600,9900,10300,5115,0.009803921568627416
2022-10-11,10000,10150,9800,9960,1719,-0.03300970873786413
2022-10-12,9420,9690,9170,9540,25285,-0.04216867469879515
2022-10-13,8900,9380,8830,8840,12074,-0.07337526205450728
2022-10-14,9120,9300,8880,9140,4634,0.03393665158371051
2022-10-17,9130,9770,8690,9320,4930,0.01969365426695835
2022-10-18,9410,9600,9120,9580,2976,0.027896995708154515
2022-10-19,9640,10600,9640,9790,66319,0.02192066805845516
2022-10-20,9790,10200,9570,9830,16658,0.004085801838610736
2022-10-21,9840,9840,9550,9700,1873,-0.01322482197355035
2022-10-24,9830,9850,9580,9680,6371,-0.0020618556701030855
2022-10-25,9740,9740,9590,9690,2148,0.0010330578512396382
2022-10-26,9720,9720,9380,9380,2304,-0.031991744066047434
2022-10-27,9360,9640,9360,9430,1698,0.005330490405117239
2022-10-28,9430,9850,9430,9530,4865,0.010604453870625585
2022-10-31,9550,9550,9220,9220,6078,-0.03252885624344182
2022-11-01,9220,9430,9220,9390,2228,0.018438177874186445
2022-11-02,9380,9800,9310,9350,2384,-0.004259850905218299
2022-11-03,9310,9580,9310,9570,2944,0.0235294117647058
2022-11-04,9590,9700,9540,9600,3429,0.0031347962382444194
2022-11-07,9690,9690,9530,9670,1043,0.007291666666666696
2022-11-08,9720,9720,9580,9660,704,-0.0010341261633919352
2022-11-09,9720,9720,9610,9670,1457,0.0010351966873705098
2022-11-10,9730,10100,9710,9770,4540,0.010341261633919352
2022-11-11,9860,12500,9860,10650,180340,0.09007164790174005
2022-11-14,10850,10850,10200,10450,30064,-0.018779342723004744
2022-11-15,10500,10800,10350,10550,12586,0.009569377990430672
2022-11-16,10550,11200,10400,10950,10070,0.03791469194312791
2022-11-17,10850,11000,10450,10900,8621,-0.004566210045662156
2022-11-18,10850,11300,10700,10900,3849,0.0
2022-11-21,10850,10850,10500,10500,3981,-0.03669724770642202
2022-11-22,10500,10650,10400,10400,1709,-0.00952380952380949
2022-11-23,10400,11050,10400,10850,1568,0.04326923076923084
2022-11-24,10900,11350,10700,10900,2260,0.004608294930875667
2022-11-25,10900,11500,10900,11100,1998,0.0183486238532109
2022-11-28,11300,11700,10850,11400,8276,0.027027027027026973
2022-11-29,11600,11700,11350,11550,1993,0.013157894736842035
2022-11-30,11400,11700,11400,11450,2511,-0.008658008658008698
2022-12-01,11600,12100,11500,11550,3053,0.008733624454148492
2022-12-02,11600,11700,11150,11400,2861,-0.012987012987012991
2022-12-05,11200,11500,11200,11350,673,-0.004385964912280715
2022-12-06,11250,11450,11200,11250,333,-0.008810572687224627
2022-12-07,11100,11200,10800,11200,1467,-0.004444444444444473
2022-12-08,11150,11150,10900,11100,240,-0.008928571428571397
2022-12-09,11000,11150,10850,11000,343,-0.009009009009009028
2022-12-12,10800,11150,10800,11100,584,0.009090909090909038
2022-12-13,11000,11100,10700,10800,1363,-0.027027027027026973
2022-12-14,11000,11000,10600,10750,1719,-0.00462962962962965
2022-12-15,10900,10950,10600,10650,2238,-0.009302325581395321
2022-12-16,10550,11400,10550,11200,933,0.05164319248826299
2022-12-19,10950,11050,10900,11000,2296,-0.017857142857142905
2022-12-20,11000,11000,10500,10850,1423,-0.013636363636363669
2022-12-21,10850,10850,10400,10400,2180,-0.04147465437788023
2022-12-22,10400,10600,10400,10550,48,0.014423076923076872
2022-12-23,10350,10500,10000,10350,2220,-0.018957345971563955
2022-12-26,10050,10400,10000,10000,3602,-0.033816425120772986
2022-12-27,10000,10300,9930,10000,1624,0.0
2022-12-28,9900,10200,9900,10050,1173,0.004999999999999893
2022-12-29,10050,10100,9660,9980,4595,-0.006965174129353269
2023-01-02,9810,10350,9810,9980,1317,0.0
2023-01-03,10000,10000,9890,9900,1027,-0.008016032064128265
2023-01-04,9800,10100,9770,9900,2211,0.0
2023-01-05,9990,9990,9880,9900,493,0.0
2023-01-06,9800,10150,9760,9960,957,0.0060606060606061
2023-01-09,10050,10150,9910,10050,1427,0.009036144578313143
2023-01-10,9930,10200,9930,10000,1433,-0.00497512437810943
2023-01-11,10300,10300,10000,10100,562,0.010000000000000009
2023-01-12,10200,10450,9990,9990,1687,-0.0108910891089109
2023-01-13,10150,10150,9940,9960,1198,-0.0030030030030030463
2023-01-16,10250,10500,9980,10250,2568,0.029116465863453733
2023-01-17,10400,10650,10300,10350,2244,0.009756097560975618
2023-01-18,10250,10650,10250,10400,529,0.004830917874396157
2023-01-19,10500,10750,10400,10750,2419,0.033653846153846256
2023-01-20,10750,10800,10550,10650,1055,-0.009302325581395321
2023-01-25,10650,10800,10630,10630,1633,-0.00187793427230043
2023-01-26,10790,12280,10610,11120,29431,0.04609595484477902
2023-01-27,11190,11350,11070,11130,7476,0.0008992805755396738
2023-01-30,11120,11220,10960,11100,3045,-0.0026954177897574594
2023-01-31,11100,11100,10930,10980,1830,-0.010810810810810811
2023-02-01,11310,11310,10890,11000,1045,0.0018214936247722413
2023-02-02,10950,11200,10900,11200,3426,0.018181818181818077
2023-02-03,11220,11290,11020,11020,3038,-0.016071428571428625
2023-02-06,10720,11500,10720,11220,6416,0.01814882032667886
2023-02-07,11130,11650,11130,11480,4601,0.02317290552584672
2023-02-08,11500,11910,11500,11650,4127,0.014808362369338024
2023-02-09,11720,12000,11520,11960,2281,0.026609442060085753
2023-02-10,11960,12050,11760,11760,7323,-0.01672240802675584
2023-02-13,11760,11890,11500,11510,1529,-0.021258503401360596
2023-02-14,11910,11950,11540,11700,3303,0.01650738488271064
2023-02-15,11890,11890,11350,11500,825,-0.017094017094017144
2023-02-16,11700,12640,11570,12320,14634,0.07130434782608686
2023-02-17,12260,12490,11850,12430,3325,0.008928571428571397
2023-02-20,12700,12760,12430,12630,6165,0.016090104585679832
2023-02-21,12600,13550,12600,13320,26940,0.05463182897862229
2023-02-22,13280,15790,13200,13460,242273,0.010510510510510551
2023-02-23,13570,13870,12510,12930,41168,-0.03937592867756312
2023-02-24,12850,13090,12500,12650,4926,-0.02165506573859244
2023-02-27,12650,12650,12100,12130,3186,-0.04110671936758892
2023-02-28,12110,12790,12080,12580,14050,0.037098103874690924
2023-03-02,12760,12760,12020,12170,8584,-0.032591414944356134
2023-03-03,12320,12320,11900,12140,2180,-0.0024650780608052036
2023-03-06,12280,12300,12050,12100,3512,-0.0032948929159802853
2023-03-07,12100,12210,11820,11820,3888,-0.023140495867768562
2023-03-08,11970,11970,11780,11840,2689,0.0016920473773265332
2023-03-09,11940,11940,11350,11670,1423,-0.014358108108108114
2023-03-10,11550,11650,11220,11370,2554,-0.02570694087403602
2023-03-13,11270,11620,10820,11530,10919,0.014072119613016687
2023-03-14,11570,11570,11250,11390,930,-0.012142237640936693
2023-03-15,11540,11700,11250,11250,3631,-0.012291483757682187
2023-03-16,11250,11250,10840,11140,2594,-0.009777777777777774
2023-03-17,11300,11300,10860,11130,8137,-0.0008976660682226134
2023-03-20,11270,11380,11010,11130,2838,0.0
2023-03-21,11280,11300,11060,11130,1045,0.0
2023-03-22,11140,11340,11140,11210,2336,0.007187780772686336
2023-03-23,11310,11310,10940,10940,3789,-0.02408563782337203
2023-03-24,11070,11070,10920,10980,1042,0.003656307129798808
2023-03-27,11090,11150,10820,10930,2238,-0.004553734061930825
2023-03-28,11000,11130,10870,11110,1754,0.01646843549862753
2023-03-29,11210,12900,11130,11810,97243,0.06300630063006296
2023-03-30,11820,11910,11470,11480,9704,-0.02794242167654526
2023-03-31,11650,11890,11380,11420,7699,-0.005226480836236891
2023-04-03,11540,12030,11380,11480,5043,0.005253940455341555
2023-04-04,11480,11930,11480,11700,5718,0.019163763066202044
2023-04-05,11890,12400,11820,12160,20326,0.0393162393162394
2023-04-06,12160,12350,11930,12280,11705,0.009868421052631637
2023-04-07,12380,12800,12200,12330,4309,0.004071661237784907
2023-04-10,12340,12340,11920,11930,8684,-0.032441200324412
2023-04-11,11900,12310,11620,11890,3328,-0.0033528918692372622
2023-04-12,12140,12140,11750,11750,1343,-0.011774600504625754
2023-04-13,11810,11990,11610,11680,3157,-0.005957446808510625
2023-04-14,12340,12340,11720,11740,2319,0.005136986301369939
2023-04-17,11710,11820,11550,11670,2183,-0.005962521294718859
2023-04-18,12050,12050,11460,11480,2385,-0.016281062553556103
2023-04-19,11480,12000,11480,11950,4810,0.04094076655052259
2023-04-20,11950,11950,11530,11530,2375,-0.035146443514644354
2023-04-21,11530,11620,11500,11580,524,0.004336513443191636
2023-04-24,11450,11950,11250,11310,1573,-0.023316062176165775
2023-04-25,11540,11540,10920,11170,3219,-0.012378426171529622
2023-04-26,11300,11300,10890,10910,1627,-0.0232766338406446
2023-04-27,11310,11310,10880,11050,1382,0.012832263978001857
2023-04-28,11050,11210,10930,11010,810,-0.0036199095022624306
2023-05-02,10980,11270,10980,11040,955,0.0027247956403269047
2023-05-03,11260,11260,10820,10950,1180,-0.008152173913043459
2023-05-04,11160,11160,10840,11020,256,0.006392694063926951
2023-05-08,11270,11370,11040,11060,592,0.003629764065335772
2023-05-09,11310,11310,10970,10980,593,-0.007233273056057921
2023-05-10,11160,11160,10900,10910,394,-0.006375227686703067
2023-05-11,11160,11160,10840,10860,581,-0.004582951420714965
2023-05-12,11240,11240,10800,10800,990,-0.0055248618784530246
2023-05-15,11020,11020,10750,10800,218,0.0
2023-05-16,10800,11070,10550,10550,2502,-0.02314814814814814
2023-05-17,10700,10740,10520,10640,752,0.008530805687203769
2023-05-18,10670,10690,10560,10670,1673,0.0028195488721804995
2023-05-19,10810,11480,10720,10790,1125,0.011246485473289658
2023-05-22,10960,10960,10810,10920,1206,0.012048192771084265
2023-05-23,11170,11170,10920,10970,579,0.0045787545787545625
2023-05-24,11180,11190,10710,11020,636,0.004557885141294404
2023-05-25,11020,11140,10980,11060,402,0.003629764065335772
2023-05-26,11170,11180,10890,11150,410,0.008137432188065175
2023-05-30,11150,11160,10920,11100,2056,-0.004484304932735439
2023-05-31,11100,11100,10920,11030,1204,-0.006306306306306353
2023-06-01,11150,11150,10940,11030,461,0.0
2023-06-02,11120,11120,10940,11070,570,0.0036264732547597323
2023-06-05,11010,11180,11010,11140,926,0.006323396567299078
2023-06-07,11120,11140,11120,11140,1613,0.0
2023-06-08,11120,11120,10990,11060,369,-0.007181328545781018
2023-06-09,11090,11090,11000,11080,2141,0.001808318264014508
2023-06-12,11150,11150,10930,11030,495,-0.004512635379061325
2023-06-13,11130,11130,11000,11080,695,0.00453309156844961
2023-06-14,10970,11100,10700,10860,4154,-0.019855595667869985
2023-06-15,10750,10850,10640,10650,1563,-0.01933701657458564
2023-06-16,10650,10710,10560,10700,966,0.0046948356807512415
2023-06-19,10900,10900,10700,10730,303,0.002803738317757043
2023-06-20,10790,10810,10560,10700,549,-0.002795899347623476
2023-06-21,10710,10710,10410,10460,1611,-0.02242990654205612
2023-06-22,10500,10540,10410,10450,111,-0.0009560229445506607
2023-06-23,10570,10570,10410,10430,96,-0.00191387559808609
2023-06-26,10440,10550,10250,10280,465,-0.014381591562799612
2023-06-27,10380,10380,10070,10280,115,0.0
2023-06-28,10390,10390,10150,10360,54,0.0077821011673151474
2023-06-29,10400,10400,10070,10080,473,-0.027027027027026973
2023-06-30,10130,10380,10080,10230,862,0.014880952380952328
2023-07-03,10250,10300,10120,10220,756,-0.0009775171065493637
2023-07-04,10350,10350,10070,10100,364,-0.011741682974559686
2023-07-05,10170,10270,10080,10120,930,0.001980198019801982
2023-07-06,10130,10410,10080,10080,664,-0.0039525691699604515
2023-07-07,10070,10340,9990,10070,1027,-0.0009920634920634885
2023-07-10,10110,10130,9790,9940,1959,-0.012909632571996066
2023-07-11,10030,10030,9920,9940,271,0.0
2023-07-12,10080,10080,9880,9910,1014,-0.003018108651911433
2023-07-13,10180,10190,9880,9920,437,0.0010090817356205317
2023-07-14,10020,10030,9840,9850,567,-0.007056451612903247
2023-07-17,9700,9920,9620,9790,2024,-0.006091370558375608
2023-07-18,9930,9930,9760,9890,1001,0.010214504596527174
2023-07-19,9900,9980,9820,9970,2244,0.008088978766430666
2023-07-20,10010,10030,9870,9980,2096,0.0010030090270811698
2023-07-21,9960,9960,9790,9820,1796,-0.01603206412825653
2023-07-24,10020,10020,9580,9670,1809,-0.01527494908350302
2023-07-25,9790,9790,9520,9590,694,-0.008273009307135482
2023-07-26,9950,11280,9550,9700,61167,0.011470281543274341
2023-07-27,9720,9890,9220,9220,8181,-0.04948453608247427
2023-07-28,9200,9300,9150,9230,1716,0.0010845986984815426
2023-07-31,9280,9500,9280,9390,1851,0.01733477789815807
2023-08-01,9470,9480,9240,9380,848,-0.0010649627263046302
2023-08-02,9320,9340,9240,9300,2387,-0.008528784648187626
2023-08-03,9160,9360,9160,9350,367,0.005376344086021501
2023-08-04,9390,9400,9240,9320,143,-0.0032085561497325887
2023-08-07,9320,9480,9090,9150,1680,-0.018240343347639465
2023-08-08,9180,9230,9090,9200,807,0.005464480874316946
2023-08-09,9200,9300,9090,9230,794,0.003260869565217428
2023-08-10,9140,9230,9010,9170,917,-0.00650054171180936
2023-08-11,9410,9600,9280,9490,3748,0.034896401308615044
2023-08-14,9550,9650,9360,9440,984,-0.005268703898840932
2023-08-16,9440,9540,9150,9250,460,-0.0201271186440678
2023-08-17,9300,9300,9050,9220,1252,-0.00324324324324321
2023-08-18,9040,9210,9020,9070,686,-0.01626898047722347
2023-08-21,9070,9250,9040,9250,299,0.019845644983461863
2023-08-22,9250,9330,9250,9260,34,0.00108108108108107
2023-08-23,9260,9280,9210,9240,110,-0.002159827213822907
2023-08-24,9240,9250,9060,9200,665,-0.0043290043290042934
2023-08-25,9280,9280,9200,9200,37,0.0
2023-08-28,9250,9250,9030,9100,1946,-0.010869565217391353
2023-08-29,9150,9400,9100,9150,510,0.005494505494505475
2023-08-30,9150,9180,9090,9150,575,0.0
2023-08-31,9150,9170,9080,9130,220,-0.002185792349726823
2023-09-01,9200,9210,9080,9080,346,-0.005476451259583737
2023-09-04,9080,9480,9080,9350,568,0.029735682819383324
2023-09-05,9340,9340,9200,9270,275,-0.00855614973262031
2023-09-06,9270,9420,9180,9300,449,0.003236245954692629
2023-09-07,9190,9420,9150,9250,3099,-0.005376344086021501
2023-09-08,9600,10140,9300,9540,9417,0.03135135135135125
2023-09-11,9540,9540,9260,9350,980,-0.01991614255765195
2023-09-12,9440,9440,9090,9100,1000,-0.0267379679144385
2023-09-13,9090,9140,8960,9010,990,-0.009890109890109855
2023-09-14,8990,9150,8990,9090,1143,0.008879023307436285
2023-09-15,9090,9220,9030,9180,993,0.00990099009900991
2023-09-18,9040,9340,9040,9170,375,-0.0010893246187363426
2023-09-19,9340,9340,8990,9180,1558,0.0010905125408942062
2023-09-20,8990,9840,8990,9330,1854,0.016339869281045694
2023-09-21,9330,9350,9130,9250,365,-0.008574490889603381
2023-09-22,9120,9270,9100,9270,107,0.00216216216216214
2023-09-25,9130,9300,9000,9150,2731,-0.012944983818770184
2023-09-26,9260,9260,9030,9190,571,0.004371584699453646
2023-09-27,9020,9160,9000,9090,835,-0.01088139281828071
2023-10-04,9090,9090,8800,8930,1546,-0.017601760176017556
2023-10-05,8800,9340,8800,8970,415,0.004479283314669624
2023-10-06,8850,9130,8850,9130,745,0.01783723522853964
2023-10-10,9300,9300,8820,9130,1209,0.0
2023-10-11,8880,9260,8850,8970,1363,-0.017524644030668113
2023-10-12,9100,9290,8860,9200,607,0.02564102564102555
2023-10-13,9320,9320,8900,8900,983,-0.03260869565217395
2023-10-16,8960,8960,8610,8650,2040,-0.028089887640449396
2023-10-17,8700,8930,8610,8740,618,0.010404624277456698
2023-10-18,8850,8970,8650,8700,355,-0.004576659038901587
2023-10-19,8660,8700,7860,7900,2991,-0.09195402298850575
2023-10-20,7920,7930,7630,7890,2642,-0.0012658227848101333
2023-10-23,7600,7950,7430,7580,1962,-0.0392902408111534
2023-10-24,7580,7700,7520,7680,775,0.013192612137203241
2023-10-25,7680,7700,7520,7670,1027,-0.0013020833333333703
2023-10-26,7670,7670,7370,7600,940,-0.009126466753585416
2023-10-27,7600,8800,7020,7450,31910,-0.019736842105263164
2023-10-30,7460,7490,7110,7460,2284,0.0013422818791946067
2023-10-31,7300,7300,7030,7060,2950,-0.0536193029490617
2023-11-01,7070,7850,7000,7040,13364,-0.0028328611898017497
2023-11-02,7040,7250,7040,7230,3968,0.026988636363636465
2023-11-03,7230,7360,7230,7360,458,0.017980636237897585
2023-11-06,7370,8370,7370,7850,7485,0.06657608695652173
2023-11-07,7850,8000,7420,7490,2744,-0.04585987261146496
2023-11-08,7490,8230,7270,7310,5218,-0.024032042723631464
2023-11-09,7390,7390,7320,7390,182,0.010943912448700521
2023-11-10,7390,7550,7340,7470,268,0.010825439783491264
2023-11-13,7440,7440,7300,7440,1298,-0.004016064257028162
2023-11-14,7300,7500,7300,7450,713,0.0013440860215054862
2023-11-15,7550,7560,7410,7420,875,-0.004026845637583931
2023-11-16,7600,7600,7420,7480,23,0.008086253369272267
2023-11-17,7480,7520,7370,7480,360,0.0
2023-11-20,7460,7480,7320,7360,3428,-0.016042780748663055
2023-11-21,7320,7410,7320,7380,532,0.0027173913043478937
2023-11-22,7350,7430,7230,7350,1995,-0.004065040650406471
2023-11-23,7350,7370,7230,7260,1658,-0.01224489795918371
2023-11-24,7260,7400,7250,7360,1894,0.01377410468319562
2023-11-27,7360,7380,7270,7340,1131,-0.0027173913043477826
2023-11-28,7460,7460,7250,7310,617,-0.004087193460490468
2023-11-29,7310,7310,7240,7300,139,-0.001367989056087593
2023-11-30,7350,7650,7260,7630,3694,0.045205479452054886
2023-12-01,7650,7650,7310,7450,2241,-0.023591087811271283
2023-12-04,7450,7540,7390,7510,940,0.008053691275167862
2023-12-05,7550,7550,7350,7550,2167,0.005326231691078487
2023-12-06,7550,8000,7360,7850,11558,0.039735099337748325
2023-12-07,7800,9190,7630,8180,75220,0.042038216560509545
2023-12-08,8370,10630,7860,10630,224560,0.29951100244498785
2023-12-11,11400,13810,10650,13810,784293,0.29915333960489177
2023-12-12,12870,13160,10690,10710,343060,-0.224475018102824
2023-12-13,10650,10900,9640,9640,138707,-0.099906629318394
2023-12-14,9750,9990,9050,9430,69864,-0.021784232365145262
2023-12-15,9280,9550,8700,8940,75718,-0.051961823966065745
2023-12-18,9050,9330,8660,8930,43648,-0.0011185682326622093
2023-12-19,8920,9010,8590,8740,21905,-0.021276595744680882
2023-12-20,8740,9030,8650,8890,26317,0.017162471395880896
2023-12-21,9000,9000,8630,8800,25151,-0.010123734533183382
2023-12-22,10070,10890,9530,9650,242767,0.09659090909090917
2023-12-26,9870,9870,9320,9500,19548,-0.015544041450777257
2023-12-27,9400,9580,9320,9540,12020,0.004210526315789442
2023-12-28,9540,9790,9400,9760,14962,0.023060796645702375
2024-01-02,9820,9860,9590,9800,14874,0.004098360655737654
2024-01-03,9790,9840,9590,9720,8923,-0.008163265306122436
2024-01-04,9720,12300,9720,10600,103577,0.09053497942386834
2024-01-05,10610,10740,10110,10680,22492,0.007547169811320753
2024-01-08,5750,6940,5750,6100,591240,-0.42883895131086147
2024-01-09,5700,5750,5300,5310,168797,-0.12950819672131153
2024-01-10,5300,5300,4900,4990,55930,-0.06026365348399243
2024-01-11,5130,5130,4860,4880,33337,-0.022044088176352727
2024-01-12,4880,6340,4860,5350,833870,0.09631147540983598
2024-01-15,5270,6240,5130,5620,523288,0.05046728971962611
2024-01-16,5620,7300,5310,6430,1208092,0.1441281138790036
2024-01-17,6290,6330,5850,5850,112537,-0.09020217729393465
2024-01-18,5970,7160,5900,6380,538534,0.0905982905982905
2024-01-19,6500,7840,6460,7590,687090,0.18965517241379315
2024-01-22,7300,8440,7010,7280,290066,-0.040843214756258184
2024-01-23,7380,8110,7000,7130,215099,-0.020604395604395642
2024-01-24,7150,7380,6190,6460,111000,-0.09396914446002802
2024-01-25,6460,6480,5850,5930,105478,-0.08204334365325072
2024-01-26,5460,5880,5400,5610,107460,-0.053962900505902245
2024-01-29,5500,6400,5190,5620,268531,0.0017825311942958333
2024-01-30,5400,5400,5030,5030,134664,-0.104982206405694
2024-01-31,4955,5230,4810,5020,53620,-0.001988071570576566
2024-02-01,4915,5260,4895,4990,46015,-0.005976095617529875
2024-02-02,5070,5130,4940,4985,41390,-0.0010020040080159776
2024-02-05,5100,5100,4695,4700,59869,-0.0571715145436309
2024-02-06,4700,4805,4455,4670,39293,-0.006382978723404209
2024-02-07,4535,4830,4535,4680,38880,0.0021413276231263545
2024-02-08,4615,4770,4605,4655,17793,-0.005341880341880323
2024-02-13,4640,4700,4590,4660,23789,0.0010741138560688146
2024-02-14,4660,4660,4510,4510,25314,-0.03218884120171672
2024-02-15,4535,4565,4470,4475,22906,-0.0077605321507761005
2024-02-16,4530,5440,4475,5040,610883,0.12625698324022339
2024-02-19,5140,5200,4855,4915,62091,-0.024801587301587324
2024-02-20,4915,5130,4690,5100,101915,0.03763987792472023
2024-02-21,4920,5270,4920,5030,58699,-0.013725490196078383
2024-02-22,5000,5040,4900,4900,29830,-0.025844930417495027
2024-02-23,4965,5090,4760,4925,32644,0.005102040816326481
2024-02-26,4875,4875,4665,4735,31973,-0.03857868020304567
2024-02-27,4710,4880,4620,4740,27979,0.001055966209081216
2024-02-28,4775,4790,4705,4740,9210,0.0
2024-02-29,4740,4935,4650,4890,21395,0.03164556962025311
2024-03-04,4910,5340,4910,5090,117137,0.04089979550102241
2024-03-05,4950,5290,4860,4910,60389,-0.035363457760314354
2024-03-06,4910,4910,4750,4785,34098,-0.025458248472505107
2024-03-07,4800,4865,4715,4810,14538,0.0052246603970742544
2024-03-08,4810,5050,4805,4885,22517,0.015592515592515621
2024-03-11,4820,4880,4790,4800,10788,-0.017400204708290734
2024-03-12,4850,4980,4785,4850,20453,0.01041666666666674
2024-03-13,4900,4900,4750,4760,19417,-0.01855670103092788
2024-03-14,4800,4800,4690,4740,24795,-0.004201680672268893
2024-03-15,4740,4900,4690,4785,13451,0.009493670886076
2024-03-18,4795,4825,4705,4725,17447,-0.01253918495297801
2024-03-19,4725,4880,4715,4755,16912,0.006349206349206327
2024-03-20,4820,4820,4680,4690,7441,-0.013669821240799185
2024-03-21,4695,4980,4625,4670,26581,-0.004264392324093813
2024-03-22,4730,4935,4685,4770,23752,0.021413276231263323
2024-03-25,4720,4820,4720,4800,10874,0.0062893081761006275
2024-03-26,4810,5090,4800,4995,70741,0.04062499999999991
2024-03-27,6350,6490,5630,6490,2094215,0.2992992992992993
2024-03-28,7400,8030,6010,6190,2884678,-0.046224961479198745
2024-03-29,6200,6200,5760,5890,386035,-0.0484652665589661
2024-04-01,5750,6200,5700,6020,176270,0.022071307300509435
2024-04-02,5960,6350,5740,5820,204128,-0.03322259136212624
2024-04-03,5660,5750,5450,5470,99114,-0.06013745704467355
2024-04-04,5650,5770,5500,5620,85840,0.027422303473491727
2024-04-05,5510,5780,5330,5420,56123,-0.03558718861209964
2024-04-08,5300,5360,5180,5340,14989,-0.014760147601476037
2024-04-09,5340,6940,5190,6940,764007,0.2996254681647941
2024-04-11,7340,8030,6030,6300,2484479,-0.09221902017291062
2024-04-12,6850,7500,6370,6430,907084,0.02063492063492056
2024-04-15,6220,6430,6060,6240,119645,-0.029548989113530322
2024-04-16,6280,7460,6150,6590,845889,0.05608974358974361
2024-04-17,6590,8200,6440,7250,1198835,0.10015174506828539
2024-04-18,6990,7940,6980,7060,621274,-0.026206896551724146
2024-04-19,6910,7150,6670,6930,181102,-0.018413597733711096
2024-04-22,6900,7490,6780,7010,152119,0.011544011544011523
2024-04-23,6940,7210,6860,6860,65401,-0.021398002853067033
2024-04-24,6980,8380,6980,7600,1214836,0.10787172011661816
2024-04-25,7470,7550,7200,7200,138865,-0.052631578947368474
2024-04-26,7210,7460,7200,7250,86301,0.00694444444444442
2024-04-29,7340,7640,7270,7530,75204,0.0386206896551724
2024-04-30,7530,7590,7080,7100,62986,-0.05710491367861881
2024-05-02,7030,7110,6800,6840,53029,-0.036619718309859106
2024-05-03,6860,6990,6750,6970,19317,0.01900584795321647
2024-05-07,7160,7160,6850,6950,25475,-0.0028694404591105283
2024-05-08,6880,7800,6880,7220,283256,0.03884892086330938
2024-05-09,7260,7430,7070,7300,57356,0.011080332409972193
2024-05-10,7330,7400,7160,7180,35894,-0.016438356164383605
2024-05-13,7120,7170,6960,7040,27244,-0.01949860724233987
2024-05-14,7160,7200,6640,6900,35429,-0.019886363636363646
2024-05-16,7000,7100,6870,6890,19950,-0.0014492753623188692
2024-05-17,6900,6900,6700,6730,13865,-0.023222060957910018
2024-05-20,6730,6770,6500,6540,19122,-0.02823179791976227
2024-05-21,6580,6760,6400,6490,13168,-0.007645259938837912
2024-05-22,6640,6920,6410,6730,29882,0.036979969183358996
2024-05-23,6730,6880,6630,6830,12420,0.014858841010401136
2024-05-24,6700,6830,6620,6700,6766,-0.019033674963396807
2024-05-27,6610,6890,6590,6690,10198,-0.0014925373134327957
2024-05-28,6730,7350,6700,6970,47523,0.041853512705530616
2024-05-29,6970,7300,6850,7120,45151,0.021520803443328518
2024-05-30,7230,7340,6990,7000,36672,-0.016853932584269704
2024-05-31,6970,7110,6830,6950,14009,-0.0071428571428571175
2024-06-03,7050,7190,6860,6920,17183,-0.004316546762589968
2024-06-04,6920,7170,6810,6830,24697,-0.013005780346820761
2024-06-05,6860,6900,6720,6870,6842,0.005856515373352744
2024-06-07,6860,7360,6800,6940,58002,0.010189228529839944
2024-06-10,6940,7080,6710,6760,27924,-0.025936599423631135
2024-06-11,6760,6990,6710,6800,12349,0.00591715976331364
2024-06-12,6800,6830,6650,6810,8213,0.0014705882352941124
2024-06-13,6810,6910,6750,6810,7911,0.0
2024-06-14,6830,6830,6680,6740,5089,-0.01027900146842875
2024-06-17,6650,6790,6640,6700,2150,-0.005934718100890191
2024-06-18,6710,6750,6490,6490,9435,-0.0313432835820896
2024-06-19,6500,6590,6450,6570,7550,0.012326656394453073
2024-06-20,6570,6760,6540,6570,10180,0.0
2024-06-21,6570,6660,6550,6560,1758,-0.0015220700152207556
2024-06-24,6480,6510,6400,6440,4998,-0.018292682926829285
2024-06-25,6420,6640,6420,6590,5780,0.02329192546583858
2024-06-26,6570,7170,6570,6720,102881,0.019726858877086473
2024-06-27,6750,6900,6680,6760,14228,0.005952380952380931
2024-06-28,6850,6870,6710,6840,7509,0.01183431952662728
2024-07-01,6930,8520,6700,7620,3363438,0.11403508771929816
2024-07-02,7340,7390,6730,6830,272858,-0.10367454068241466
2024-07-03,6870,7020,6740,6820,124847,-0.0014641288433382416
2024-07-04,6820,6890,6700,6770,52690,-0.007331378299120228
2024-07-05,6770,7000,6720,6800,39670,0.004431314623338345
2024-07-08,6750,6990,6750,6950,32661,0.022058823529411686
2024-07-09,6950,6990,6880,6900,13377,-0.007194244604316502
2024-07-10,6890,6930,6720,6760,24623,-0.020289855072463725
2024-07-11,6760,6850,6750,6810,10450,0.007396449704142105
2024-07-12,6810,6900,6660,6660,10682,-0.022026431718061623
2024-07-15,6750,6800,6650,6730,13200,0.010510510510510551
2024-07-16,6700,6730,6490,6590,14515,-0.0208023774145617
2024-07-17,6590,6650,6460,6550,12353,-0.006069802731411222
2024-07-18,6450,6530,6370,6460,13540,-0.013740458015267132
2024-07-19,6460,6590,6390,6590,4546,0.020123839009287936
2024-07-22,6590,6590,6130,6170,20426,-0.06373292867981795
2024-07-23,6240,6250,6130,6190,3383,0.0032414910858995505
2024-07-24,6200,6660,6120,6360,30761,0.02746365105008075
2024-07-25,6200,6340,6130,6340,3182,-0.0031446540880503138
2024-07-26,6330,6330,6070,6130,12337,-0.03312302839116721
2024-07-29,6130,6230,6070,6230,6211,0.01631321370309946
2024-07-30,6090,6240,6060,6110,4997,-0.019261637239165297
2024-07-31,6150,6150,5830,6120,12376,0.0016366612111293755
2024-08-01,6050,6150,6000,6110,7636,-0.0016339869281045694
2024-08-02,6100,6100,5550,5640,16520,-0.07692307692307687
2024-08-05,5700,5700,4805,5030,15728,-0.10815602836879434
2024-08-06,5030,5450,5030,5290,21607,0.05168986083499005
2024-08-07,5300,5370,5230,5280,5297,-0.001890359168241984
2024-08-08,5260,5500,5170,5480,575,0.037878787878787845
2024-08-09,5510,5670,5300,5610,4708,0.02372262773722622
2024-08-12,5510,5800,5510,5670,1170,0.010695187165775444
2024-08-13,5560,5600,5470,5490,3198,-0.031746031746031744
2024-08-14,5550,5550,5460,5510,981,0.0036429872495447047
2024-08-16,5560,5610,5510,5590,2330,0.014519056261343088
2024-08-19,5590,5590,5370,5400,5572,-0.03398926654740608
2024-08-20,5580,5630,5370,5550,8379,0.02777777777777768
2024-08-21,5510,5650,5420,5550,4000,0.0
2024-08-22,5650,5650,5450,5510,2824,-0.007207207207207245
2024-08-23,5460,5560,5400,5520,2693,0.001814882032667775
2024-08-26,5560,5570,5500,5570,2916,0.009057971014492683
2024-08-27,5570,5690,5520,5580,3214,0.0017953321364452268
2024-08-28,5580,5600,5560,5600,2141,0.0035842293906809264
2024-08-29,5580,5730,5550,5730,4372,0.023214285714285632
2024-08-30,5680,5900,5610,5740,6696,0.0017452006980802626
2024-09-02,5740,6200,5700,6000,10108,0.04529616724738683
2024-09-03,5900,6180,5900,6110,5102,0.018333333333333313
2024-09-04,5980,6050,5920,6040,2916,-0.011456628477905073
2024-09-05,6040,6200,6000,6100,18295,0.009933774834437026
2024-09-06,6030,6120,5870,6010,5837,-0.014754098360655776
2024-09-09,6010,6010,5830,5880,1550,-0.021630615640598982
2024-09-10,5950,5950,5860,5940,2925,0.010204081632652962
2024-09-11,5940,6010,5850,5850,2055,-0.015151515151515138
2024-09-12,5870,6090,5810,5970,1878,0.02051282051282044
2024-09-13,5990,6050,5930,6050,1437,0.01340033500837512
2024-09-19,6050,6050,5920,5980,1139,-0.011570247933884281
2024-09-20,6070,6070,5860,5920,5417,-0.010033444816053505
2024-09-23,5950,5950,5850,5920,2118,0.0
2024-09-24,5910,6000,5870,6000,4960,0.013513513513513598
2024-09-25,5940,6000,5930,5930,2613,-0.011666666666666714
2024-09-26,6030,6030,5920,5990,2934,0.010118043844856706
2024-09-27,6030,6030,5910,5960,1923,-0.005008347245408995
2024-09-30,5990,6000,5800,5890,2266,-0.011744966442952975
2024-10-02,5880,5880,5770,5860,3802,-0.005093378607809895
2024-10-04,5940,5960,5780,5920,2367,0.010238907849829282
2024-10-07,5960,6730,5930,5990,32901,0.011824324324324342
2024-10-08,6030,6120,5930,6060,4271,0.011686143572620988
2024-10-10,6060,6060,5930,6040,1847,-0.0033003300330033403
2024-10-11,6030,6030,5900,5980,2865,-0.009933774834437137
2024-10-14,5870,6450,5870,5970,36987,-0.0016722408026755842
2024-10-15,6030,6070,5930,5950,2961,-0.00335008375209378
2024-10-16,5990,5990,5880,5940,1685,-0.001680672268907557
2024-10-17,5890,5920,5810,5880,3281,-0.010101010101010055
2024-10-18,5900,5970,5840,5900,1912,0.00340136054421758
2024-10-21,5960,5960,5610,5900,3047,0.0
2024-10-22,5880,6060,5810,5880,4643,-0.003389830508474523
2024-10-23,5860,5990,5860,5990,1139,0.018707482993197244
2024-10-24,5940,6000,5900,5970,2516,-0.0033388981636059967
2024-10-25,5900,5980,5870,5880,2118,-0.015075376884422065
2024-10-28,5960,5960,5870,5910,1205,0.005102040816326481
2024-10-29,5910,6080,5900,6050,4952,0.02368866328257191
2024-10-30,6000,6020,5900,5990,3247,-0.00991735537190086
2024-10-31,5980,6200,5820,6080,13685,0.015025041736226985
2024-11-01,5980,6090,5970,6090,2677,0.00164473684210531
2024-11-04,6000,6070,5900,6070,1833,-0.003284072249589487
2024-11-05,5980,6090,5950,6060,1988,-0.0016474464579900872
2024-11-06,6070,6120,5960,6050,1993,-0.0016501650165016146
2024-11-07,6000,6050,5920,5930,3003,-0.01983471074380161
2024-11-08,5870,5980,5800,5910,2171,-0.003372681281618939
2024-11-11,5910,5990,5730,5830,4125,-0.013536379018612488
2024-11-12,5760,5780,5380,5620,14005,-0.03602058319039447
2024-11-13,5600,5690,5050,5140,45178,-0.08540925266903909
2024-11-14,5140,5140,4800,4805,15544,-0.06517509727626458
2024-11-15,4855,4925,4545,4925,9317,0.024973985431841816
2024-11-18,4925,5020,4840,4920,1039,-0.0010152284263958977
2024-11-19,4930,4980,4850,4980,2351,0.012195121951219523
2024-11-20,4975,4995,4825,4825,2502,-0.031124497991967925
2024-11-21,4705,4820,4510,4730,6415,-0.01968911917098448
2024-11-22,4585,4810,4585,4810,659,0.016913319238900604
2024-11-25,4810,5080,4805,4850,3714,0.008316008316008316
2024-11-26,4900,5040,4900,5040,4013,0.039175257731958846
2024-11-27,4990,5050,4825,5040,6261,0.0
2024-11-28,4935,4990,4800,4890,8032,-0.029761904761904767
2024-11-29,4890,4895,4730,4775,1763,-0.023517382413087984
2024-12-02,4780,4780,4510,4510,6773,-0.05549738219895284
2024-12-03,4515,4595,4470,4595,7101,0.018847006651884657
2024-12-04,4635,4635,4345,4395,4403,-0.043525571273122954
2024-12-05,4265,4375,4265,4340,3175,-0.012514220705347023
2024-12-06,4420,4420,4200,4215,1296,-0.02880184331797231
2024-12-09,4215,4215,3795,3795,5486,-0.09964412811387902
2024-12-10,3870,4570,3805,3975,40557,0.04743083003952564
2024-12-11,3990,4160,3975,4070,6041,0.023899371069182385
2024-12-12,4070,4150,4040,4145,1560,0.01842751842751844
2024-12-13,4145,4235,4100,4230,2612,0.020506634499396936
2024-12-16,4265,4275,4145,4265,3951,0.008274231678486954
2024-12-17,4255,4285,4240,4285,1301,0.004689331770222793
2024-12-18,4280,4285,4235,4260,1582,-0.005834305717619559
2024-12-19,4280,4285,4160,4165,1943,-0.02230046948356812
2024-12-20,4165,4165,4070,4135,1529,-0.007202881152461038
2024-12-23,4145,4185,4070,4185,3167,0.012091898428053138
2024-12-24,4205,4210,4125,4170,1922,-0.0035842293906810374
2024-12-26,4155,4155,4100,4155,2011,-0.003597122302158251
2024-12-27,3860,4105,3810,4060,2155,-0.022864019253910906
2024-12-30,4045,4060,3990,4030,5045,-0.007389162561576401
2025-01-02,4045,4055,3955,4020,789,-0.002481389578163795
2025-01-03,4045,4330,4045,4290,3733,0.0671641791044777
2025-01-06,4285,4360,4285,4345,3476,0.012820512820512775
2025-01-07,4365,4450,4320,4400,1142,0.012658227848101333
2025-01-08,4400,4410,4375,4405,3448,0.001136363636363713
2025-01-09,4415,4425,4315,4315,798,-0.020431328036322416
2025-01-10,4330,4415,4220,4335,2520,0.004634994206257348
2025-01-13,4295,4295,4190,4190,443,-0.03344867358708192
2025-01-14,4190,4335,4190,4285,4679,0.022673031026253065
2025-01-15,4335,4390,4175,4175,1647,-0.025670945157526215
2025-01-16,4235,4500,4200,4335,2530,0.038323353293413076
2025-01-17,4500,4880,4305,4560,41227,0.05190311418685112
2025-01-20,4785,5920,4780,5660,1995854,0.24122807017543857
2025-01-21,5340,5540,4910,5320,385664,-0.060070671378091856
2025-01-22,5180,5400,5010,5180,172992,-0.02631578947368418
2025-01-23,5030,5480,4790,5240,315892,0.01158301158301156
2025-01-24,5070,5220,4840,5010,100121,-0.043893129770992356
2025-01-31,4990,5150,4815,4965,37947,-0.008982035928143728
2025-02-03,4965,4965,4470,4470,45299,-0.09969788519637457
2025-02-04,4475,4560,4400,4400,14205,-0.015659955257270708
2025-02-05,4395,4560,4395,4460,8352,0.013636363636363669
2025-02-06,4500,4550,4305,4485,36218,0.005605381165919354
2025-02-07,4450,4485,4345,4345,16299,-0.031215161649944312
2025-02-10,4200,4390,4200,4295,18858,-0.011507479861910253
2025-02-11,4315,4315,4175,4250,19263,-0.010477299185098987
2025-02-12,4200,4260,4180,4245,3344,-0.0011764705882353343
2025-02-13,4185,4260,4175,4240,5524,-0.0011778563015312216
2025-02-14,4275,4295,4170,4195,6402,-0.010613207547169767
2025-02-17,4225,4450,4190,4375,15163,0.042908224076281254
2025-02-18,4380,4425,4295,4380,12106,0.0011428571428571122
2025-02-19,4395,4495,4310,4455,9890,0.017123287671232834
2025-02-20,4455,4485,4395,4435,4768,-0.004489337822671136
2025-02-21,4445,4450,4305,4305,3831,-0.02931228861330326
2025-02-24,4355,4370,4235,4325,3115,0.004645760743321681
2025-02-25,4365,4365,4225,4320,1842,-0.0011560693641619046
2025-02-26,4315,4355,4265,4295,1887,-0.0057870370370370905
2025-02-27,4335,4335,4195,4195,9145,-0.023282887077997638
2025-02-28,4270,4270,3930,4140,8589,-0.013110846245530383
2025-03-04,4135,4185,3820,4185,4116,0.010869565217391353
2025-03-05,4040,4200,4040,4185,1474,0.0
2025-03-06,4235,4265,3995,4140,6887,-0.010752688172043001
2025-03-07,4135,4155,4050,4095,4328,-0.010869565217391353
2025-03-10,4090,4090,3990,4030,3422,-0.015873015873015928
2025-03-11,3970,4055,3880,4050,8151,0.00496277915632759
2025-03-12,4015,4015,3945,3975,4179,-0.01851851851851849
2025-03-13,3975,4000,3940,3980,4428,0.0012578616352201255
2025-03-14,3985,4095,3895,4095,4146,0.028894472361808976
2025-03-17,4095,4095,3980,3980,4566,-0.028083028083028094
2025-03-18,3980,4040,3980,4000,2203,0.005025125628140614
2025-03-19,3965,4040,3960,4005,1110,0.0012499999999999734
2025-03-20,4005,4005,3910,3910,8839,-0.02372034956304614
2025-03-21,3965,3965,3865,3880,2350,-0.007672634271099765
2025-03-24,3895,3900,3800,3875,3273,-0.0012886597938144284
2025-03-25,3875,3875,3690,3780,12936,-0.024516129032258083
2025-03-26,3780,3785,3685,3770,2745,-0.002645502645502673
2025-03-27,3770,3770,3630,3705,7106,-0.017241379310344862
2025-03-28,3730,3730,3690,3705,861,0.0
2025-03-31,3705,3750,3535,3730,2490,0.006747638326585648
2025-04-01,3725,3910,3680,3730,6209,0.0
2025-04-02,3730,3800,3730,3745,2044,0.004021447721179516
2025-04-03,3780,3895,3745,3885,1634,0.03738317757009346
2025-04-04,3745,4535,3745,4400,138053,0.13256113256113267
2025-04-07,4435,4875,4010,4010,68200,-0.08863636363636362
2025-04-08,4030,5210,4030,5210,261455,0.29925187032418954
2025-04-09,6090,6090,4375,4850,470332,-0.06909788867562383
2025-04-10,4885,5230,4600,4735,120858,-0.023711340206185594
2025-04-11,4775,4780,4400,4460,92764,-0.05807814149947199
2025-04-14,4550,5790,4550,5790,645744,0.2982062780269059
2025-04-15,5530,6720,5060,5770,850435,-0.003454231433506094
2025-04-16,6270,6670,5310,5410,338664,-0.06239168110918547
2025-04-17,5190,5400,4750,5090,186514,-0.05914972273567465
2025-04-18,4830,5000,4620,4945,197182,-0.028487229862475427
2025-04-21,4945,4945,4585,4735,105373,-0.04246713852376138
2025-04-22,4650,4880,4650,4845,58310,0.023231256599788752
2025-04-23,4890,4890,4635,4690,40841,-0.031991744066047434
2025-04-24,4770,4770,4380,4415,68556,-0.05863539445628996
2025-04-25,4385,4625,4320,4420,39489,0.0011325028312569874
2025-04-28,4765,4860,4455,4490,175104,0.015837104072398134
2025-04-29,4535,5130,4340,4475,296994,-0.0033407572383074013
2025-04-30,4480,4575,4250,4410,39474,-0.01452513966480451
2025-05-02,4535,4535,4265,4350,34133,-0.013605442176870763
2025-05-07,4390,4750,4280,4330,128731,-0.0045977011494252595
2025-05-08,4405,4495,4250,4290,59275,-0.009237875288683584
2025-05-09,4295,4450,4100,4110,63866,-0.04195804195804198
2025-05-12,4450,5340,4260,4625,736860,0.12530413625304138
2025-05-13,4590,4620,4250,4320,191437,-0.06594594594594594
2025-05-14,4250,4395,4235,4355,45820,0.00810185185185186
2025-05-15,4345,4345,4100,4225,45853,-0.02985074626865669
2025-05-16,4110,4235,4060,4130,19552,-0.022485207100591764
2025-05-19,4135,4155,4040,4095,17774,-0.008474576271186418
2025-05-20,4095,4250,3995,4055,34195,-0.009768009768009733
2025-05-21,4100,4150,3990,4120,18616,0.01602959309494456
2025-05-22,4080,4080,3975,3990,14254,-0.03155339805825241
2025-05-23,4000,4025,3925,3990,9624,0.0
2025-05-26,3935,4080,3900,3975,19588,-0.003759398496240629
2025-05-27,4000,4000,3885,3955,13040,-0.005031446540880502
2025-05-28,3990,4155,3980,4105,33659,0.03792667509481662
2025-05-29,4145,4145,4055,4100,14895,-0.0012180267965895553
2025-05-30,4165,4230,4090,4135,10117,0.008536585365853666
2025-06-02,4510,5370,4185,4230,2268170,0.022974607013301007
2025-06-04,4145,4325,4105,4320,87339,0.02127659574468077
2025-06-05,4275,4375,4210,4235,49749,-0.01967592592592593
2025-06-09,4200,4200,4030,4055,91467,-0.04250295159386064
2025-06-10,4080,4130,3990,4005,30181,-0.012330456226880449
2025-06-11,4005,4120,4000,4075,21013,0.017478152309613026
2025-06-12,4075,4195,4000,4100,18981,0.006134969325153339
2025-06-13,4110,4145,4005,4085,29820,-0.003658536585365857
2025-06-16,4085,4170,4020,4100,13192,0.003671970624234966
2025-06-17,4100,4190,4100,4135,10861,0.008536585365853666
2025-06-18,4035,4285,4035,4150,15777,0.0036275695284160303
2025-06-19,4110,4270,4105,4140,20811,-0.002409638554216831
2025-06-20,4195,4330,4115,4295,31048,0.03743961352656999
2025-06-23,4100,4250,4100,4135,20546,-0.03725261932479629
2025-06-24,4140,4220,4100,4175,12116,0.0096735187424426
2025-06-25,4165,4300,4150,4200,8366,0.0059880239520957446
2025-06-26,4205,4225,4140,4165,6834,-0.008333333333333304
2025-06-27,4185,4200,4125,4180,7128,0.0036014405762305746
2025-06-30,4200,4230,4165,4185,3929,0.0011961722488038617
2025-07-01,4215,4340,3970,4170,11008,-0.0035842293906810374
2025-07-02,4170,4215,4040,4180,5537,0.0023980815347721673
2025-07-03,4180,4240,4145,4225,11877,0.010765550239234534
2025-07-04,4165,4200,4145,4155,3377,-0.016568047337278125
2025-07-07,4155,4245,4120,4190,7693,0.008423586040914532
2025-07-08,4065,4170,4065,4170,8642,-0.004773269689737458
2025-07-09,4170,4170,4135,4170,3820,0.0
2025-07-10,4170,4215,4120,4150,3959,-0.004796163069544335
2025-07-11,4075,4280,4075,4220,14823,0.01686746987951815
2025-07-14,4280,4415,4220,4350,41337,0.0308056872037914
2025-07-15,4345,4405,4285,4345,15750,-0.0011494252873562871
2025-07-16,4335,4355,4255,4300,4433,-0.010356731875719172
2025-07-17,4300,4400,4290,4345,9100,0.010465116279069875
2025-07-18,4350,4445,4340,4370,11368,0.005753739930955071
2025-07-21,4305,4470,4305,4425,11563,0.012585812356979309
2025-07-22,4425,4425,4285,4350,5865,-0.016949152542372836
2025-07-23,4350,4465,4305,4440,32053,0.020689655172413834
2025-07-24,4440,4465,4365,4385,19192,-0.012387387387387427
2025-07-25,4385,4385,4160,4300,18178,-0.019384264538198415
2025-07-28,4325,4325,4120,4215,7916,-0.019767441860465085
2025-07-29,4195,4200,4100,4150,4827,-0.01542111506524313
2025-07-30,4210,4300,4150,4270,3752,0.028915662650602414
2025-07-31,4270,4290,4120,4130,10284,-0.032786885245901676
2025-08-01,4180,4195,4040,4055,11642,-0.018159806295399483
2025-08-04,4055,4090,4035,4055,5441,0.0
2025-08-05,4055,4140,4055,4105,7705,0.012330456226880449
2025-08-06,4055,4205,4055,4135,7117,0.0073081607795371095
2025-08-07,4115,4195,4080,4140,3169,0.0012091898428052694
2025-08-08,4105,4190,4080,4155,3592,0.0036231884057971175
2025-08-11,4090,4360,4090,4220,21256,0.01564380264741283
2025-08-12,4220,4255,4145,4155,10476,-0.0154028436018957
2025-08-13,4210,4210,4160,4185,2689,0.0072202166064982976
2025-08-14,4145,4205,4100,4140,4201,-0.010752688172043001
2025-08-18,4160,4170,4125,4125,2857,-0.0036231884057971175
2025-08-19,4125,4175,4100,4155,2434,0.0072727272727273196
2025-08-20,4155,4155,4050,4070,3925,-0.020457280385078214
2025-08-21,4090,4120,4005,4060,9173,-0.002457002457002422
2025-08-22,4060,4095,4005,4030,4862,-0.007389162561576401
2025-08-25,4005,4035,3985,4035,6173,0.001240694789081953
2025-08-26,4065,4065,4000,4015,2643,-0.00495662949194553
2025-08-27,4095,4095,4005,4005,689,-0.00249066002490661
2025-08-28,4005,4060,3980,4050,3846,0.011235955056179803
2025-08-29,4015,4050,3460,3525,69492,-0.12962962962962965
2025-09-01,3525,3580,3460,3480,14668,-0.012765957446808529
2025-09-02,3530,3530,3440,3465,3918,-0.004310344827586188
2025-09-03,3475,3600,3460,3580,4052,0.03318903318903321
2025-09-04,3515,3815,3515,3700,10600,0.033519553072625774
2025-09-05,3640,3775,3640,3700,2991,0.0
2025-09-08,3525,3680,3525,3590,9650,-0.02972972972972976
2025-09-09,3630,3645,3585,3640,2602,0.013927576601671321
2025-09-10,3640,3650,3595,3650,4787,0.0027472527472527375
2025-09-11,3650,3740,3605,3715,2398,0.017808219178082174
2025-09-12,3715,3920,3670,3760,10491,0.01211305518169592
2025-09-15,3765,3800,3610,3695,5788,-0.017287234042553168
2025-09-16,3740,3990,3605,3675,14292,-0.005412719891745632
2025-09-17,3715,3795,3695,3740,1460,0.017687074829932037
2025-09-18,3740,3950,3700,3830,7226,0.02406417112299475
2025-09-19,3760,3855,3760,3765,1711,-0.016971279373368175
2025-09-22,3830,3830,3695,3790,1142,0.006640106241699861
2025-09-23,3790,3855,3735,3780,473,-0.0026385224274406704
2025-09-24,3760,3825,3730,3780,446,0.0
2025-09-25,3780,3785,3650,3710,5027,-0.01851851851851849
2025-09-26,3710,3725,3570,3570,9297,-0.037735849056603765
2025-09-29,3630,3690,3600,3665,4861,0.026610644257702987
2025-09-30,3720,3720,3615,3675,2818,0.0027285129604366354
2025-10-01,3625,3685,3600,3670,1744,-0.0013605442176870541
2025-10-02,3610,3690,3610,3670,2878,0.0
2025-10-10,3670,3670,3590,3640,2745,-0.008174386920980936
2025-10-13,3580,3695,3500,3605,6984,-0.009615384615384581
2025-10-14,3615,3620,3570,3595,6024,-0.00277392510402219
2025-10-15,3595,3655,3550,3615,2456,0.0055632823365785455
2025-10-16,3650,3760,3650,3755,5586,0.03872752420470271
2025-10-17,3645,3805,3645,3785,9059,0.007989347536617952
2025-10-20,3790,3830,3695,3785,3397,0.0
2025-10-21,3785,3855,3725,3805,5168,0.005284015852047519
2025-10-22,3755,3825,3755,3805,1897,0.0
2025-10-23,3725,3840,3725,3805,3111,0.0
2025-10-24,3900,4030,3750,3870,21160,0.01708278580814726
2025-10-27,3890,3900,3815,3880,7177,0.0025839793281654533
2025-10-28,3960,3970,3845,3925,3584,0.011597938144329856
2025-10-29,4000,4140,3940,3950,24032,0.006369426751592355
2025-10-30,3975,3975,3800,3815,5133,-0.03417721518987338
2025-10-31,3885,3885,3825,3875,1122,0.01572739187418093
2025-11-03,3875,3950,3830,3940,7050,0.016774193548387162
2025-11-04,3890,3975,3890,3950,9514,0.002538071065989911
2025-11-05,3950,3955,3750,3825,10149,-0.03164556962025311
2025-11-06,3825,3880,3765,3795,1333,-0.007843137254901933
