Date,Open,High,Low,Close,Volume,Change
2022-01-03,5475,5525,5375,5400,167072,-0.00917431192660545
2022-01-04,5425,5575,5375,5400,253610,0.0
2022-01-05,5400,5700,5350,5600,522192,0.03703703703703698
2022-01-06,5475,7250,5349,6875,16794508,0.2276785714285714
2022-01-07,6650,6875,6250,6650,3566414,-0.032727272727272716
2022-01-10,6775,7650,6349,6675,13613352,0.003759398496240518
2022-01-11,6550,7225,6400,7025,7824758,0.05243445692883886
2022-01-12,7175,7449,6525,6525,3909488,-0.07117437722419928
2022-01-13,6675,7024,6300,6650,3466262,0.019157088122605304
2022-01-14,6550,6775,6200,6200,2237794,-0.06766917293233088
2022-01-17,6125,6250,5675,5750,1309546,-0.07258064516129037
2022-01-18,5725,5800,5375,5375,935516,-0.06521739130434778
2022-01-19,5250,5425,5200,5275,442282,-0.018604651162790753
2022-01-20,5225,5425,5225,5325,490156,0.009478672985782088
2022-01-21,5300,5775,5200,5475,1368378,0.028169014084507005
2022-01-24,5450,5625,5350,5375,496084,-0.0182648401826484
2022-01-25,5475,5475,4975,4975,707104,-0.07441860465116279
2022-01-26,4950,5075,4880,4895,397796,-0.016080402010050232
2022-01-27,4950,4950,4455,4455,668548,-0.0898876404494382
2022-01-28,4535,4615,4440,4595,302986,0.03142536475869817
2022-02-03,4610,4770,4610,4670,270596,0.016322089227421177
2022-02-04,4655,4800,4620,4750,197128,0.017130620985010614
2022-02-07,4755,4845,4650,4825,146696,0.015789473684210575
2022-02-08,4835,4895,4730,4835,222208,0.002072538860103723
2022-02-09,4860,4925,4815,4860,156940,0.005170630816959676
2022-02-10,4850,4925,4815,4835,172534,-0.005144032921810648
2022-02-11,4810,4810,4600,4625,291894,-0.04343329886246117
2022-02-14,4495,4600,4375,4375,259276,-0.05405405405405406
2022-02-15,4375,4435,4185,4185,332302,-0.04342857142857148
2022-02-16,4235,4330,4235,4315,154946,0.031063321385901954
2022-02-17,4320,4440,4025,4335,330716,0.004634994206257348
2022-02-18,4180,4340,4180,4325,146538,-0.0023068050749711633
2022-02-21,4270,4425,4225,4335,180440,0.0023121387283238093
2022-02-22,4210,4290,4165,4180,193574,-0.035755478662053086
2022-02-23,4180,4285,4180,4200,138338,0.004784688995215225
2022-02-24,4170,4200,3940,3975,321730,-0.0535714285714286
2022-02-25,4025,4095,3975,4015,163116,0.010062893081761004
2022-02-28,4015,4075,3955,4030,87786,0.0037359900373599153
2022-03-02,3985,4100,3985,4080,113026,0.012406947890818865
2022-03-03,4080,4195,4080,4160,156986,0.019607843137254832
2022-03-04,4175,4240,4105,4220,160166,0.014423076923076872
2022-03-07,4175,4195,4045,4045,167544,-0.041469194312796165
2022-03-08,4000,4050,3950,4000,109954,-0.011124845488257096
2022-03-10,4055,4125,4030,4050,127356,0.012499999999999956
2022-03-11,4050,4145,4050,4135,116138,0.020987654320987703
2022-03-14,4200,4200,4010,4050,142586,-0.02055622732769047
2022-03-15,4000,5025,4000,4600,9749054,0.1358024691358024
2022-03-16,4700,4985,4520,4610,3555510,0.0021739130434783593
2022-03-17,4600,4660,4555,4560,602388,-0.010845986984815648
2022-03-18,4500,4575,4485,4535,386606,-0.005482456140350922
2022-03-21,4555,4650,4535,4565,349106,0.006615214994487362
2022-03-22,4570,4620,4490,4555,235880,-0.0021905805038334725
2022-03-23,4575,4665,4505,4565,341438,0.002195389681668436
2022-03-24,4545,4620,4540,4585,175588,0.004381161007666945
2022-03-25,4595,4610,4490,4490,241780,-0.02071973827699014
2022-03-28,4490,4490,4390,4425,196180,-0.014476614699331813
2022-03-29,4425,4610,4420,4560,285688,0.03050847457627115
2022-03-30,4595,4600,4520,4570,161456,0.002192982456140413
2022-03-31,4575,4685,4575,4655,475766,0.018599562363238453
2022-04-01,4640,4705,4600,4670,321310,0.0032223415682062218
2022-04-04,4680,4700,4620,4655,216198,-0.0032119914346895317
2022-04-05,4720,4720,4640,4650,177056,-0.0010741138560687036
2022-04-06,4600,4670,4590,4605,155802,-0.009677419354838679
2022-04-07,4555,4580,4430,4430,246370,-0.03800217155266017
2022-04-08,4430,4510,4340,4430,149596,0.0
2022-04-11,4405,4505,4390,4460,75462,0.006772009029345272
2022-04-12,4460,4460,4370,4395,95068,-0.014573991031390121
2022-04-13,4395,4460,4370,4440,70440,0.010238907849829282
2022-04-14,4465,4575,4320,4515,186656,0.016891891891891886
2022-04-15,4500,4655,4490,4600,177796,0.01882613510520481
2022-04-18,4600,4845,4570,4845,658740,0.05326086956521747
2022-04-19,4930,4965,4820,4855,623656,0.002063983488132193
2022-04-20,4970,5200,4910,4985,1073266,0.026776519052523096
2022-04-21,5025,5025,4850,4905,455010,-0.016048144433299938
2022-04-22,4905,4940,4790,4845,269658,-0.012232415902140636
2022-04-25,4675,4790,4600,4645,251086,-0.04127966976264186
2022-04-26,4680,4975,4680,4890,532720,0.05274488697524227
2022-04-27,4790,4985,4720,4920,354914,0.006134969325153339
2022-04-28,4950,5050,4770,4830,361458,-0.018292682926829285
2022-04-29,4840,5025,4800,5000,439446,0.035196687370600444
2022-05-02,4975,5050,4930,5025,185110,0.004999999999999893
2022-05-03,5025,5025,4880,4900,256556,-0.02487562189054726
2022-05-04,4910,4975,4750,4755,246100,-0.0295918367346939
2022-05-06,4690,4690,4540,4620,224270,-0.028391167192429068
2022-05-09,4575,4650,4445,4515,184430,-0.022727272727272707
2022-05-10,4430,4520,4260,4485,153270,-0.006644518272425293
2022-05-11,4500,4595,4480,4525,102132,0.008918617614269708
2022-05-12,4450,4550,4355,4360,114488,-0.03646408839779003
2022-05-13,4375,4480,4375,4440,57746,0.0183486238532109
2022-05-16,4500,4560,4460,4515,72610,0.016891891891891886
2022-05-17,4515,4530,4410,4430,70016,-0.018826135105204922
2022-05-18,4460,4475,4395,4435,61522,0.0011286681715576563
2022-05-19,4300,4375,4250,4345,89160,-0.020293122886133053
2022-05-20,4380,4390,4280,4300,85290,-0.010356731875719172
2022-05-23,4300,4345,4240,4330,58112,0.006976744186046435
2022-05-24,4320,4360,4265,4275,42526,-0.012702078521939941
2022-05-25,4250,4320,4235,4235,37968,-0.009356725146198785
2022-05-26,4235,4325,4235,4245,45382,0.0023612750885477762
2022-05-27,4270,4320,4235,4235,36466,-0.002355712603062443
2022-05-30,4260,4365,4250,4340,54238,0.024793388429751984
2022-05-31,4345,4365,4285,4340,48614,0.0
2022-06-02,4345,4355,4230,4240,135696,-0.02304147465437789
2022-06-03,4260,4285,4235,4265,40096,0.005896226415094352
2022-06-07,4250,4265,4185,4195,68518,-0.016412661195779554
2022-06-08,4210,4220,4175,4180,45384,-0.0035756853396901045
2022-06-09,4190,4190,4095,4130,56220,-0.011961722488038284
2022-06-10,4130,4155,4090,4120,53616,-0.002421307506053294
2022-06-13,4080,4095,3920,3940,121590,-0.043689320388349495
2022-06-14,3755,3930,3755,3815,140768,-0.03172588832487311
2022-06-15,3775,3830,3630,3640,127458,-0.04587155963302747
2022-06-16,3655,3805,3630,3640,79898,0.0
2022-06-17,3485,3650,3485,3635,71990,-0.0013736263736263687
2022-06-20,3635,3685,3410,3435,123272,-0.05502063273727653
2022-06-21,3415,3535,3365,3505,64390,0.020378457059679667
2022-06-22,3515,3610,3360,3375,78168,-0.03708987161198285
2022-06-23,3360,3450,3130,3155,217812,-0.06518518518518523
2022-06-24,3100,3325,3050,3290,150652,0.04278922345483349
2022-06-27,3335,3535,3295,3450,99010,0.04863221884498481
2022-06-28,3450,3525,3420,3500,43192,0.01449275362318847
2022-06-29,3480,3565,3445,3535,46016,0.010000000000000009
2022-06-30,3570,3570,3430,3450,47812,-0.0240452616690241
2022-07-01,3500,3500,3260,3275,118994,-0.050724637681159424
2022-07-04,3375,3375,3145,3230,142958,-0.013740458015267132
2022-07-05,3235,4145,3235,3890,4190908,0.20433436532507732
2022-07-06,3875,4860,3815,4400,8822336,0.13110539845758362
2022-07-07,4500,4715,4305,4415,2477022,0.003409090909090917
2022-07-08,4415,4650,4310,4320,1073596,-0.021517553793884536
2022-07-11,4400,5275,4350,4715,11892742,0.09143518518518512
2022-07-12,4665,4735,4415,4475,1239018,-0.05090137857900323
2022-07-13,4435,4690,4345,4345,1199198,-0.029050279329608908
2022-07-14,4335,4390,4155,4245,476504,-0.023014959723820505
2022-07-15,4250,5025,4155,4795,10585366,0.12956419316843348
2022-07-18,4745,5150,4695,5000,3347592,0.04275286757038588
2022-07-19,4945,5425,4705,5025,3666024,0.004999999999999893
2022-07-20,5000,5100,4825,4825,1084294,-0.03980099502487566
2022-07-21,4820,4935,4770,4805,538862,-0.004145077720207224
2022-07-22,4880,5100,4825,4895,1629312,0.018730489073881307
2022-07-25,4805,4935,4595,4625,612376,-0.05515832482124616
2022-07-26,4625,4625,4480,4550,305180,-0.01621621621621616
2022-07-27,4510,5050,4505,4905,2703560,0.07802197802197797
2022-07-28,4900,5250,4785,4910,1847234,0.0010193679918450993
2022-07-29,4950,5175,4825,4840,888618,-0.014256619144602856
2022-08-01,4915,4975,4790,4790,359464,-0.010330578512396715
2022-08-02,4790,5100,4770,5100,1124426,0.06471816283924836
2022-08-03,5100,5250,4980,5000,722094,-0.019607843137254943
2022-08-04,5050,5150,4950,4980,649192,-0.0040000000000000036
2022-08-05,5000,5350,4880,5225,1448826,0.04919678714859432
2022-08-08,5200,5300,5000,5075,644814,-0.028708133971291905
2022-08-09,5025,5350,4970,5275,1096460,0.039408866995073843
2022-08-10,5225,5475,4960,4975,1524234,-0.056872037914691975
2022-08-11,5025,5075,4890,4900,576480,-0.015075376884422065
2022-08-12,4850,4920,4665,4780,697900,-0.024489795918367308
2022-08-16,4825,4880,4690,4690,340552,-0.01882845188284521
2022-08-17,4675,4730,4565,4725,249930,0.00746268656716409
2022-08-18,4725,4730,4625,4625,147010,-0.021164021164021163
2022-08-19,4600,4650,4515,4525,197712,-0.021621621621621623
2022-08-22,4440,4520,4375,4405,207982,-0.026519337016574607
2022-08-23,4300,4445,4300,4330,187364,-0.017026106696935273
2022-08-24,4350,4385,4205,4240,124282,-0.020785219399538146
2022-08-25,4280,4315,4185,4185,191244,-0.01297169811320753
2022-08-26,4220,4270,4145,4200,122516,0.0035842293906809264
2022-08-29,4050,4150,4000,4040,169876,-0.03809523809523807
2022-08-30,4005,4070,3970,4070,149998,0.007425742574257432
2022-08-31,4070,4105,3930,4105,109984,0.008599508599508532
2022-09-01,4105,4200,4050,4055,155334,-0.01218026796589522
2022-09-02,4050,4130,3970,3970,137758,-0.020961775585696674
2022-09-05,3880,3955,3775,3785,190106,-0.046599496221662484
2022-09-06,3835,3880,3745,3770,93672,-0.003963011889035695
2022-09-07,3730,3785,3600,3655,209100,-0.0305039787798409
2022-09-08,3710,3815,3650,3655,90184,0.0
2022-09-13,3695,3795,3680,3795,82960,0.03830369357045149
2022-09-14,3705,3725,3645,3715,83192,-0.021080368906455815
2022-09-15,3725,3790,3610,3615,146304,-0.026917900403768513
2022-09-16,3600,3640,3560,3570,75864,-0.012448132780082943
2022-09-19,3570,3570,3400,3430,233196,-0.039215686274509776
2022-09-20,3430,3530,3430,3450,113686,0.005830903790087438
2022-09-21,3400,3505,3400,3405,105076,-0.013043478260869601
2022-09-22,3405,3405,3295,3375,115038,-0.008810572687224627
2022-09-23,3310,3370,3235,3280,112566,-0.028148148148148144
2022-09-26,3210,3230,3090,3105,206998,-0.05335365853658536
2022-09-27,3090,3160,3005,3080,130328,-0.008051529790660261
2022-09-28,3060,3900,3060,3130,5463222,0.016233766233766156
2022-09-29,3160,3550,3155,3160,1178782,0.009584664536741228
2022-09-30,3140,3405,3140,3295,665842,0.04272151898734178
2022-10-04,3400,3400,3270,3330,307788,0.01062215477996964
2022-10-05,3400,4325,3340,4325,12495020,0.2987987987987988
2022-10-06,4480,5075,4370,4545,17837156,0.05086705202312136
2022-10-07,4485,4540,4220,4220,1994080,-0.07150715071507152
2022-10-11,4220,4305,3930,3980,1958158,-0.056872037914691975
2022-10-12,4000,4145,3685,3760,2201474,-0.055276381909547756
2022-10-13,3820,3990,3685,3910,3525290,0.039893617021276695
2022-10-14,3975,4090,3755,3770,2624016,-0.03580562659846542
2022-10-17,3695,3715,3500,3630,926386,-0.037135278514588865
2022-10-18,3675,3960,3675,3840,1877902,0.05785123966942152
2022-10-19,3915,4160,3805,3835,3359666,-0.0013020833333333703
2022-10-20,3850,3850,3650,3670,655994,-0.0430247718383312
2022-10-21,3700,3735,3350,3355,891998,-0.08583106267029972
2022-10-24,3405,4090,3375,3595,5030284,0.07153502235469444
2022-10-25,3670,4670,3600,4485,20747090,0.24756606397774683
2022-10-26,4555,4745,4150,4250,5995326,-0.05239687848383501
2022-10-27,4215,4370,4155,4250,3043232,0.0
2022-10-28,4200,4390,4010,4045,2451242,-0.04823529411764704
2022-10-31,4095,4640,3950,4190,7982020,0.03584672435105074
2022-11-01,4220,4440,4100,4175,3677672,-0.0035799522673031214
2022-11-02,4180,4250,4100,4100,832668,-0.017964071856287456
2022-11-03,4030,4110,3975,4060,481170,-0.009756097560975618
2022-11-04,4040,4045,3800,3850,766522,-0.051724137931034475
2022-11-07,3885,4200,3860,4020,2281484,0.04415584415584406
2022-11-08,4075,4130,4020,4035,792388,0.003731343283582156
2022-11-09,4075,4235,4060,4220,1661604,0.045848822800495626
2022-11-10,4145,4180,4030,4035,914756,-0.04383886255924174
2022-11-11,4105,4150,4045,4060,534846,0.006195786864931829
2022-11-14,4085,4150,4025,4110,434790,0.012315270935960632
2022-11-15,4100,4165,4030,4120,432178,0.0024330900243310083
2022-11-16,4140,4285,4110,4195,1065252,0.01820388349514568
2022-11-17,4235,4235,4095,4120,383650,-0.017878426698450522
2022-11-18,4125,4375,4090,4330,1833664,0.050970873786407855
2022-11-21,4350,4545,4220,4240,3435886,-0.020785219399538146
2022-11-22,4240,4285,3990,4020,947362,-0.05188679245283023
2022-11-23,4045,4105,4005,4005,364236,-0.003731343283582045
2022-11-24,4065,4115,4025,4085,182660,0.019975031210986316
2022-11-25,4085,4130,4075,4080,269594,-0.001223990208078285
2022-11-28,4060,4065,3900,3930,248568,-0.03676470588235292
2022-11-29,3880,3975,3880,3950,198194,0.0050890585241729624
2022-11-30,3935,4000,3920,3920,167914,-0.0075949367088608
2022-12-01,3935,4045,3935,3995,250742,0.01913265306122458
2022-12-02,4005,4070,3955,4000,203178,0.0012515644555695093
2022-12-05,4040,4255,4020,4225,988090,0.05624999999999991
2022-12-06,4200,4335,4115,4150,991944,-0.017751479289940808
2022-12-07,4100,4310,3950,4305,683818,0.03734939759036138
2022-12-08,4290,4290,4050,4050,569832,-0.059233449477351874
2022-12-09,4120,4120,3975,3985,305550,-0.016049382716049387
2022-12-12,3985,4095,3950,3950,185794,-0.008782936010037656
2022-12-13,3925,4030,3925,4010,227014,0.0151898734177216
2022-12-14,4070,4650,4035,4405,9796378,0.09850374064837908
2022-12-15,4320,4445,4280,4315,1236880,-0.020431328036322416
2022-12-16,4235,4625,4225,4355,3226688,0.009269988412514474
2022-12-19,4310,4340,4150,4160,888824,-0.04477611940298509
2022-12-20,4215,4535,4210,4405,5086660,0.05889423076923084
2022-12-21,4445,4870,4445,4565,8116246,0.036322360953461974
2022-12-22,4510,4675,4400,4565,1176994,0.0
2022-12-23,4515,4635,4300,4325,1222692,-0.05257393209200434
2022-12-26,4295,4445,4200,4210,523750,-0.026589595375722586
2022-12-27,4235,4460,4235,4425,628558,0.051068883610451365
2022-12-28,4425,4525,4315,4350,552372,-0.016949152542372836
2022-12-29,4320,4320,4115,4185,810742,-0.037931034482758585
2023-01-02,4260,4485,4240,4375,1660068,0.045400238948626104
2023-01-03,4410,4545,4150,4320,1136368,-0.012571428571428567
2023-01-04,4405,4700,4350,4700,3109270,0.08796296296296302
2023-01-05,4700,4790,4610,4655,1164972,-0.009574468085106425
2023-01-06,4605,4715,4565,4715,625556,0.012889366272824887
2023-01-09,4655,4685,4500,4655,697202,-0.012725344644750836
2023-01-10,4615,4745,4575,4685,594834,0.0064446831364124435
2023-01-11,4685,4740,4530,4540,445474,-0.03094983991462108
2023-01-12,4540,4635,4450,4595,342734,0.012114537444933848
2023-01-13,4585,4750,4580,4630,576200,0.007616974972796564
2023-01-16,4620,4865,4595,4695,1010486,0.014038876889848728
2023-01-17,4650,4685,4550,4555,494296,-0.029818956336528202
2023-01-18,4590,4605,4395,4420,454378,-0.029637760702524663
2023-01-19,4415,4525,4385,4435,255104,0.0033936651583710287
2023-01-20,4460,4490,4295,4475,315604,0.00901916572717032
2023-01-25,4505,4560,4435,4440,257004,-0.007821229050279377
2023-01-26,4450,4500,4400,4495,173012,0.012387387387387427
2023-01-27,4515,4565,4460,4490,218534,-0.0011123470522803602
2023-01-30,4475,4490,4315,4325,409460,-0.03674832962138086
2023-01-31,4295,4365,4270,4325,170456,0.0
2023-02-01,4335,4395,4295,4330,160470,0.0011560693641619046
2023-02-02,4355,4405,4330,4355,167386,0.005773672055427337
2023-02-03,4365,4450,4350,4385,264566,0.006888633754305484
2023-02-06,4375,4385,4300,4365,93062,-0.004561003420752607
2023-02-07,4345,4400,4310,4365,132888,0.0
2023-02-08,4365,4430,4350,4415,160860,0.01145475372279492
2023-02-09,4410,4410,4320,4330,170876,-0.01925254813137034
2023-02-10,4295,4320,4140,4150,361098,-0.04157043879907618
2023-02-13,4094,4265,4090,4215,193442,0.015662650602409567
2023-02-14,4205,4235,4185,4195,108026,-0.004744958481613271
2023-02-15,4180,4235,4090,4235,227070,0.009535160905840279
2023-02-16,4235,4360,4225,4315,256656,0.018890200708382432
2023-02-17,4450,4675,4225,4265,1564920,-0.011587485515643148
2023-02-20,4265,4375,4245,4375,223722,0.02579132473622514
2023-02-21,4375,4460,4330,4345,169504,-0.006857142857142895
2023-02-22,4260,4350,4195,4205,182112,-0.03222094361334871
2023-02-23,4175,4240,4150,4180,141196,-0.005945303210463715
2023-02-24,4205,4205,4100,4105,163920,-0.01794258373205737
2023-02-27,4040,4070,3965,3985,194220,-0.02923264311814855
2023-02-28,4010,4025,3955,4010,98836,0.006273525721455453
2023-03-02,4000,4045,3965,3965,84964,-0.01122194513715713
2023-03-03,3965,4010,3930,3935,89472,-0.007566204287515754
2023-03-06,3935,3960,3850,3945,134502,0.0025412960609911828
2023-03-07,3945,3970,3875,3915,109974,-0.0076045627376425395
2023-03-08,3880,3955,3855,3900,100514,-0.003831417624521105
2023-03-09,3900,3970,3870,3965,73100,0.016666666666666607
2023-03-10,3965,4125,3915,4015,272638,0.01261034047919285
2023-03-13,4000,4125,3900,4060,147204,0.011207970112079746
2023-03-14,4025,4060,3865,3905,133478,-0.03817733990147787
2023-03-15,3910,4045,3890,3935,81232,0.007682458386683688
2023-03-16,3905,3920,3825,3825,149122,-0.027954256670902122
2023-03-17,3850,3880,3790,3860,127908,0.009150326797385588
2023-03-20,3820,3890,3820,3865,42164,0.0012953367875647714
2023-03-21,3875,3900,3800,3805,112368,-0.015523932729624823
2023-03-22,3850,3850,3680,3700,164218,-0.02759526938239154
2023-03-23,3680,3750,3615,3745,93818,0.012162162162162149
2023-03-24,3755,3785,3680,3740,72184,-0.001335113484646211
2023-03-27,3785,3785,3645,3670,57322,-0.018716577540106916
2023-03-28,3660,3735,3655,3670,44260,0.0
2023-03-29,3670,3695,3610,3615,71506,-0.01498637602179842
2023-03-30,3625,3735,3610,3725,124872,0.030428769017980528
2023-03-31,3730,3745,3610,3630,108996,-0.025503355704697972
2023-04-03,3630,3665,3510,3535,226942,-0.026170798898071612
2023-04-04,3510,3680,3510,3655,251688,0.03394625176803401
2023-04-05,3645,3760,3630,3710,147516,0.015047879616963078
2023-04-06,3775,3775,3635,3635,93128,-0.020215633423180557
2023-04-07,3640,3645,3550,3550,113028,-0.023383768913342484
2023-04-10,3625,3625,3515,3555,112590,0.0014084507042253502
2023-04-11,3515,3585,3515,3560,41468,0.0014064697609001975
2023-04-12,3550,3675,3550,3655,85776,0.026685393258427004
2023-04-13,3655,3700,3610,3670,58556,0.004103967168262557
2023-04-14,3710,3765,3670,3715,120734,0.012261580381471404
2023-04-17,3745,3745,3645,3710,66238,-0.0013458950201884479
2023-04-18,3675,4500,3675,3920,10138972,0.05660377358490565
2023-04-19,3890,3965,3850,3885,539144,-0.008928571428571397
2023-04-20,3900,3980,3815,3815,340766,-0.018018018018018056
2023-04-21,3780,3885,3740,3820,222268,0.001310615989515096
2023-04-24,3810,3825,3690,3695,194228,-0.0327225130890052
2023-04-25,3775,3815,3695,3720,120406,0.006765899864682012
2023-04-26,3700,3815,3700,3745,67526,0.006720430107526987
2023-04-27,3700,3740,3555,3715,178744,-0.008010680907877155
2023-04-28,3765,3765,3630,3650,93532,-0.01749663526244949
2023-05-02,3775,4530,3575,4010,8916898,0.09863013698630141
2023-05-03,3970,4005,3880,3975,719428,-0.00872817955112215
2023-05-04,3955,4095,3910,4030,589760,0.01383647798742138
2023-05-08,3995,4080,3975,4050,305726,0.00496277915632759
2023-05-09,4045,4095,3925,3970,249904,-0.01975308641975304
2023-05-10,3930,4070,3900,4020,236628,0.012594458438287104
2023-05-11,4040,4195,4000,4100,382330,0.01990049751243772
2023-05-12,4145,4170,4000,4060,199840,-0.009756097560975618
2023-05-15,3995,4055,3960,4015,126614,-0.011083743842364546
2023-05-16,3985,4100,3985,4065,149502,0.012453300124533051
2023-05-17,4050,4170,4035,4105,172046,0.009840098400984099
2023-05-18,4150,4150,4065,4105,131346,0.0
2023-05-19,4140,4175,4075,4125,120964,0.004872107186357999
2023-05-22,4125,4210,4075,4200,154110,0.018181818181818077
2023-05-23,4375,4435,4085,4085,691640,-0.027380952380952395
2023-05-24,4075,4085,4035,4035,125326,-0.012239902080783405
2023-05-25,4015,4075,3915,3950,203672,-0.02106567534076831
2023-05-26,3925,4010,3875,3955,127982,0.0012658227848101333
2023-05-30,3960,4020,3935,3975,80658,0.005056890012642201
2023-05-31,3920,4015,3920,3975,66992,0.0
2023-06-01,3975,4055,3930,4040,87720,0.01635220125786163
2023-06-02,4050,4085,4005,4060,80978,0.004950495049504955
2023-06-05,4035,4075,4030,4045,47026,-0.003694581280788145
2023-06-07,4045,4075,4020,4045,39558,0.0
2023-06-08,4030,4030,3955,3995,61550,-0.012360939431396822
2023-06-09,3995,4055,3955,4010,57860,0.003754693366708306
2023-06-12,4010,4010,3950,3985,40812,-0.006234413965087282
2023-06-13,3875,4015,3875,3965,56068,-0.005018820577164407
2023-06-14,3950,4020,3950,4005,62928,0.010088272383354413
2023-06-15,3975,4020,3945,3945,48680,-0.014981273408239737
2023-06-16,3965,3985,3880,3920,55282,-0.006337135614702172
2023-06-19,3895,3940,3880,3880,36756,-0.010204081632653073
2023-06-20,3900,3900,3830,3890,49712,0.002577319587628857
2023-06-21,3885,3885,3810,3820,69256,-0.01799485861182515
2023-06-22,3825,4025,3810,4025,138944,0.053664921465968574
2023-06-23,4025,4160,3955,4080,165608,0.013664596273291973
2023-06-26,4150,4150,4000,4030,65206,-0.01225490196078427
2023-06-27,3980,4070,3980,4060,47826,0.007444168734491274
2023-06-28,4060,4115,3995,4025,59590,-0.008620689655172376
2023-06-29,4010,4050,3925,3925,78446,-0.024844720496894457
2023-06-30,3945,3965,3900,3935,35394,0.002547770700636942
2023-07-03,3910,3975,3910,3950,26082,0.003811944091486552
2023-07-04,3990,3990,3900,3950,41780,0.0
2023-07-05,3990,3990,3830,3830,81006,-0.03037974683544309
2023-07-06,3810,3845,3715,3750,112350,-0.02088772845953002
2023-07-07,3690,3760,3665,3700,86286,-0.013333333333333308
2023-07-10,3665,3720,3625,3650,43118,-0.013513513513513487
2023-07-11,3650,3725,3610,3645,54782,-0.00136986301369868
2023-07-12,3650,3685,3620,3670,48790,0.006858710562414272
2023-07-13,3685,3760,3675,3760,53052,0.02452316076294281
2023-07-14,3760,3775,3675,3690,35164,-0.018617021276595702
2023-07-17,3690,3710,3630,3695,33800,0.0013550135501354532
2023-07-18,3695,3735,3605,3605,96294,-0.024357239512855178
2023-07-19,3620,3675,3600,3655,56438,0.01386962552011095
2023-07-20,3650,3700,3610,3660,28250,0.001367989056087593
2023-07-21,3605,3780,3605,3720,51486,0.016393442622950838
2023-07-24,3705,3715,3615,3675,53930,-0.012096774193548376
2023-07-25,3665,3675,3555,3555,108368,-0.03265306122448974
2023-07-26,3540,3575,3250,3355,229660,-0.05625879043600568
2023-07-27,3290,3440,3290,3435,84110,0.023845007451564815
2023-07-28,3365,3465,3365,3435,31000,0.0
2023-07-31,3415,3515,3415,3435,22504,0.0
2023-08-01,3410,3520,3400,3490,23636,0.01601164483260553
2023-08-02,3445,3550,3430,3505,47638,0.004297994269341077
2023-08-03,3525,3525,3410,3435,73190,-0.0199714693295292
2023-08-04,3455,3500,3420,3485,24704,0.01455604075691408
2023-08-07,3540,3540,3420,3500,22666,0.004304160688665792
2023-08-08,3520,3520,3355,3385,57648,-0.03285714285714281
2023-08-09,3375,3520,3375,3510,43668,0.03692762186115206
2023-08-10,3525,3595,3450,3595,62584,0.024216524216524205
2023-08-11,3625,3700,3555,3700,64730,0.029207232267037586
2023-08-14,3680,4584,3555,3785,7353366,0.02297297297297307
2023-08-16,3635,3735,3565,3675,528542,-0.029062087186261576
2023-08-17,3605,3785,3600,3730,282516,0.014965986394557929
2023-08-18,3705,3890,3665,3800,407840,0.018766756032171594
2023-08-21,3750,3845,3700,3780,166926,-0.0052631578947368585
2023-08-22,3825,4475,3790,3850,19540542,0.0185185185185186
2023-08-23,3850,3965,3825,3855,1340514,0.0012987012987013546
2023-08-24,3860,3960,3860,3890,392526,0.009079118028534339
2023-08-25,3890,4030,3890,3995,393828,0.02699228791773778
2023-08-28,4005,4010,3900,3900,278434,-0.02377972465581979
2023-08-29,3895,3955,3875,3900,165068,0.0
2023-08-30,3910,3960,3890,3960,155540,0.01538461538461533
2023-08-31,3970,4035,3845,3905,194698,-0.01388888888888884
2023-09-01,3865,3945,3845,3855,129176,-0.012804097311139517
2023-09-04,3855,3875,3770,3850,97790,-0.0012970168612191912
2023-09-05,3890,3890,3795,3820,57956,-0.007792207792207795
2023-09-06,3820,3925,3780,3920,82196,0.02617801047120416
2023-09-07,3920,3955,3855,3930,114176,0.0025510204081633514
2023-09-08,3945,3950,3855,3860,92534,-0.01781170483460559
2023-09-11,3895,3925,3815,3860,54712,0.0
2023-09-12,3865,3920,3770,3825,90754,-0.0090673575129534
2023-09-13,3825,3850,3740,3775,68082,-0.013071895424836555
2023-09-14,3775,3835,3730,3760,27562,-0.003973509933774877
2023-09-15,3770,3840,3745,3815,46630,0.0146276595744681
2023-09-18,3800,3840,3770,3805,39702,-0.002621231979030192
2023-09-19,3780,3825,3655,3710,89052,-0.024967148488830526
2023-09-20,3730,3770,3665,3710,53190,0.0
2023-09-21,3710,3730,3610,3680,70088,-0.008086253369272267
2023-09-22,3605,3675,3600,3615,42888,-0.017663043478260865
2023-09-25,3545,3665,3545,3595,50388,-0.0055325034578146415
2023-09-26,3595,3630,3525,3550,71396,-0.012517385257301838
2023-09-27,3530,3625,3515,3620,28030,0.019718309859154903
2023-10-04,3620,3620,3390,3400,108366,-0.06077348066298338
2023-10-05,3400,3510,3385,3420,74632,0.00588235294117645
2023-10-06,3355,3495,3355,3460,27198,0.011695906432748648
2023-10-10,3385,3495,3375,3375,39066,-0.024566473988439252
2023-10-11,3395,4000,3395,3475,5168132,0.029629629629629672
2023-10-12,3495,3565,3450,3495,433310,0.0057553956834532904
2023-10-13,3485,3500,3375,3395,189794,-0.028612303290414864
2023-10-16,3360,3410,3300,3345,147556,-0.014727540500736325
2023-10-17,3305,3400,3305,3350,121072,0.001494768310911887
2023-10-18,3300,3405,3250,3360,183106,0.0029850746268655914
2023-10-19,3320,3340,3230,3240,83582,-0.0357142857142857
2023-10-20,3175,3230,3100,3160,98302,-0.024691358024691357
2023-10-23,3145,3290,3145,3175,87906,0.004746835443038
2023-10-24,3175,3255,3135,3240,43080,0.020472440944881987
2023-10-25,3190,3315,3190,3265,33694,0.007716049382715973
2023-10-26,3235,3290,3205,3210,45182,-0.016845329249617125
2023-10-27,3195,3325,3195,3250,57662,0.012461059190031154
2023-10-30,3255,3320,3220,3265,36586,0.004615384615384688
2023-10-31,3235,3315,3210,3265,35768,0.0
2023-11-01,3265,3295,3245,3260,26512,-0.0015313935681470214
2023-11-02,3260,3360,3260,3355,72774,0.02914110429447847
2023-11-03,3370,3370,3310,3345,29718,-0.0029806259314456574
2023-11-06,3355,3415,3310,3365,103412,0.005979073243647326
2023-11-07,3350,3400,3300,3350,78190,-0.004457652303120341
2023-11-08,3360,3390,3330,3380,68550,0.008955223880596996
2023-11-09,3380,3380,3325,3375,33810,-0.0014792899408283544
2023-11-10,3325,3385,3305,3350,56642,-0.007407407407407418
2023-11-13,3290,3340,3175,3180,83144,-0.05074626865671639
2023-11-14,3235,3255,3180,3215,32322,0.011006289308176154
2023-11-15,3220,3285,3200,3235,51028,0.0062208398133747345
2023-11-16,3200,3240,3170,3200,28380,-0.010819165378670781
2023-11-17,3175,3220,3150,3200,47916,0.0
2023-11-20,3165,3275,3165,3210,50386,0.0031250000000000444
2023-11-21,3270,3270,3165,3210,67380,0.0
2023-11-22,3225,3245,3005,3125,228170,-0.026479750778816147
2023-11-23,3120,3125,2915,3005,817738,-0.03839999999999999
2023-11-24,3025,3050,2975,3005,103802,0.0
2023-11-27,3040,3040,2965,3005,68838,0.0
2023-11-28,3000,3025,2930,2995,86280,-0.0033277870216306127
2023-11-29,3015,3060,2940,3060,73506,0.02170283806343898
2023-11-30,3060,3120,3040,3100,68106,0.013071895424836555
2023-12-01,3100,3210,3085,3205,151066,0.03387096774193554
2023-12-04,3190,3190,3085,3085,49688,-0.03744149765990634
2023-12-05,3075,3125,3045,3090,46044,0.0016207455429497752
2023-12-06,3110,3175,3075,3160,52496,0.02265372168284796
2023-12-07,3155,3285,3100,3180,80714,0.006329113924050667
2023-12-08,3195,3200,3125,3130,36940,-0.01572327044025157
2023-12-11,3200,3200,3095,3095,40694,-0.011182108626198062
2023-12-12,3080,3145,3065,3065,28804,-0.009693053311793265
2023-12-13,3065,3065,2975,3015,58140,-0.01631321370309946
2023-12-14,3015,3080,2970,2995,56122,-0.0066334991708125735
2023-12-15,2990,3215,2970,3025,496766,0.01001669449081799
2023-12-18,3025,3095,2950,3065,92960,0.013223140495867813
2023-12-19,3065,3370,2830,2865,3711226,-0.06525285481239806
2023-12-20,2860,2950,2860,2930,258682,0.022687609075043635
2023-12-21,2890,2975,2880,2950,169972,0.006825938566553003
2023-12-22,2945,3060,2910,3025,395072,0.025423728813559254
2023-12-26,3050,3250,3010,3020,956722,-0.0016528925619834212
2023-12-27,3020,3060,2950,3060,137160,0.013245033112582849
2023-12-28,3035,3100,3035,3070,96206,0.0032679738562091387
2024-01-02,3075,3185,3025,3155,124092,0.027687296416938123
2024-01-03,3105,3220,3105,3165,131264,0.0031695721077653616
2024-01-04,3165,3185,3100,3165,96018,0.0
2024-01-05,3175,3190,3125,3155,45116,-0.003159557661927326
2024-01-08,3155,3185,3100,3130,72088,-0.007923930269413626
2024-01-09,3150,3165,3095,3130,38066,0.0
2024-01-10,3105,3150,3050,3070,76538,-0.019169329073482455
2024-01-11,3090,3110,3040,3110,33456,0.013029315960912058
2024-01-12,3075,3130,3050,3080,69952,-0.009646302250803873
2024-01-15,3080,3110,3045,3095,37810,0.004870129870129913
2024-01-16,3055,3145,3040,3050,70642,-0.014539579967689842
2024-01-17,3085,3085,2950,2960,113144,-0.02950819672131144
2024-01-18,2950,3025,2925,2955,34068,-0.0016891891891891442
2024-01-19,2975,3090,2975,3010,165156,0.01861252115059231
2024-01-22,3030,3045,2960,2965,42164,-0.014950166112956853
2024-01-23,2935,2980,2800,2955,78084,-0.003372681281618939
2024-01-24,2930,2965,2890,2960,45290,0.0016920473773265332
2024-01-25,2960,3020,2910,3000,71050,0.013513513513513598
2024-01-26,2935,2990,2910,2940,76824,-0.020000000000000018
2024-01-29,2940,2955,2875,2910,78552,-0.010204081632653073
2024-01-30,2915,3020,2905,2915,113984,0.0017182130584192379
2024-01-31,2915,2945,2860,2875,52276,-0.013722126929674117
2024-02-01,2870,2885,2820,2860,72762,-0.00521739130434784
2024-02-02,2850,2885,2805,2845,28554,-0.005244755244755206
2024-02-05,2860,2860,2815,2835,35652,-0.0035149384885764245
2024-02-06,2830,2850,2790,2830,33394,-0.0017636684303351524
2024-02-07,2830,2890,2820,2835,34968,0.0017667844522968323
2024-02-08,2850,2865,2820,2820,25412,-0.005291005291005346
2024-02-13,2815,2850,2810,2845,25404,0.00886524822695045
2024-02-14,2850,3115,2815,2835,574526,-0.0035149384885764245
2024-02-15,2865,2875,2835,2855,87104,0.007054673721340388
2024-02-16,2860,2890,2835,2880,57512,0.008756567425569184
2024-02-19,2825,2860,2815,2845,53068,-0.01215277777777779
2024-02-20,2830,2875,2815,2870,42666,0.008787346221441172
2024-02-21,2870,2870,2825,2825,54940,-0.015679442508710784
2024-02-22,2825,2855,2805,2835,40520,0.003539823008849474
2024-02-23,2855,2855,2800,2840,45710,0.0017636684303350414
2024-02-26,2780,2865,2780,2845,52884,0.0017605633802817433
2024-02-27,2825,2960,2790,2915,152948,0.024604569420035194
2024-02-28,2945,2945,2815,2895,105536,-0.006861063464837058
2024-02-29,3020,3100,2875,2890,526412,-0.0017271157167529916
2024-03-04,2910,2930,2830,2860,146864,-0.01038062283737029
2024-03-05,2840,2885,2800,2850,173066,-0.0034965034965035446
2024-03-06,2875,2880,2825,2860,63422,0.0035087719298245723
2024-03-07,2850,2910,2835,2835,89980,-0.00874125874125875
2024-03-08,2850,2860,2765,2780,203782,-0.01940035273368612
2024-03-11,2750,2860,2750,2820,119326,0.014388489208633004
2024-03-12,2870,2870,2730,2755,295700,-0.023049645390070927
2024-03-13,2755,3580,2755,2835,3947112,0.029038112522685955
2024-03-14,2800,2930,2750,2775,366669,-0.021164021164021163
2024-03-15,2775,3140,2775,2830,1561507,0.01981981981981984
2024-03-18,2830,2920,2800,2855,214003,0.008833922261484162
2024-03-19,2865,2930,2755,2755,147479,-0.035026269702276736
2024-03-20,2755,2775,2705,2775,102198,0.007259528130671544
2024-03-21,2760,2765,2685,2720,113731,-0.01981981981981984
2024-03-22,2695,2745,2610,2700,83912,-0.007352941176470562
2024-03-25,2710,2720,2660,2700,49687,0.0
2024-03-26,2695,3230,2660,2725,2863841,0.0092592592592593
2024-03-27,2750,3370,2690,2950,14019054,0.08256880733944949
2024-03-28,2840,2880,2715,2750,1510335,-0.06779661016949157
2024-03-29,2745,2745,2605,2605,634170,-0.052727272727272734
2024-04-01,2575,2650,2570,2615,199846,0.0038387715930903177
2024-04-02,2640,2640,2520,2520,238940,-0.03632887189292544
2024-04-03,2460,2495,2350,2365,340754,-0.06150793650793651
2024-04-04,2365,2705,2365,2500,1094914,0.05708245243128962
2024-04-05,2420,2435,2350,2405,334462,-0.038000000000000034
2024-04-08,2400,2405,2250,2250,337977,-0.0644490644490644
2024-04-09,2230,2290,2190,2230,154339,-0.008888888888888835
2024-04-11,2210,2365,2210,2230,187367,0.0
2024-04-12,2195,2240,2155,2170,223922,-0.026905829596412523
2024-04-15,2280,2640,2180,2320,7727695,0.06912442396313367
2024-04-16,2275,2350,2175,2205,589776,-0.049568965517241326
2024-04-17,2210,2255,2160,2160,275981,-0.020408163265306145
2024-04-18,2150,2230,2145,2230,166508,0.03240740740740744
2024-04-19,2245,2245,2090,2135,206217,-0.04260089686098656
2024-04-22,2125,2200,2110,2155,108534,0.00936768149882905
2024-04-23,2145,2240,2120,2150,192394,-0.002320185614849146
2024-04-24,2160,2205,2125,2155,107560,0.0023255813953488857
2024-04-25,2155,2200,2140,2145,74271,-0.004640371229698403
2024-04-26,2180,2180,2125,2140,84929,-0.002331002331002363
2024-04-29,2155,2185,2135,2185,122631,0.02102803738317749
2024-04-30,2165,2205,2165,2180,88281,-0.0022883295194507935
2024-05-02,2195,2235,2160,2205,120862,0.011467889908256979
2024-05-03,2200,2210,2170,2170,74647,-0.015873015873015928
2024-05-07,2170,2210,2145,2195,104872,0.011520737327188835
2024-05-08,2200,2230,2185,2205,83038,0.004555808656036442
2024-05-09,2225,2240,2190,2210,129796,0.0022675736961450532
2024-05-10,2200,2315,2200,2245,210998,0.015837104072398134
2024-05-13,2245,2275,2200,2205,81003,-0.017817371937639215
2024-05-14,2210,2245,2200,2225,117298,0.009070294784580435
2024-05-16,2235,2245,2150,2170,207563,-0.024719101123595544
2024-05-17,2170,2190,2030,2065,331495,-0.048387096774193505
2024-05-20,2065,2085,1991,2000,165842,-0.03147699757869249
2024-05-21,1985,2060,1985,2015,203265,0.007500000000000062
2024-05-22,2020,2025,1993,2015,67082,0.0
2024-05-23,1993,2005,1932,1977,145299,-0.018858560794044688
2024-05-24,1930,1981,1930,1977,123715,0.0
2024-05-27,1977,1999,1960,1984,96126,0.0035407182599898057
2024-05-28,1965,2015,1965,1966,115667,-0.009072580645161255
2024-05-29,1950,1984,1910,1912,169057,-0.02746693794506616
2024-05-30,1930,1934,1842,1879,439962,-0.01725941422594146
2024-05-31,1970,2045,1850,1869,616066,-0.0053219797764768595
2024-06-03,1869,1910,1850,1874,156745,0.002675227394328461
2024-06-04,1897,1897,1847,1864,177650,-0.005336179295624355
2024-06-05,1887,1887,1798,1824,240639,-0.02145922746781115
2024-06-07,1824,1830,1805,1823,74561,-0.0005482456140351033
2024-06-10,1813,1834,1788,1815,134617,-0.00438837081733412
2024-06-11,1815,1850,1815,1839,77114,0.013223140495867813
2024-06-12,1841,2115,1816,1851,3256893,0.006525285481239873
2024-06-13,1853,1866,1823,1830,202936,-0.011345218800648316
2024-06-14,1837,1837,1786,1786,194154,-0.024043715846994496
2024-06-17,1786,1786,1756,1778,83776,-0.004479283314669624
2024-06-18,1773,1773,1702,1703,279223,-0.04218222722159726
2024-06-19,1702,1848,1698,1712,493307,0.005284791544333478
2024-06-20,1700,1724,1698,1709,57651,-0.0017523364485981796
2024-06-21,1701,1708,1651,1655,171222,-0.03159742539496779
2024-06-24,1660,1692,1656,1692,147041,0.022356495468278004
2024-06-25,1680,1740,1680,1718,153920,0.015366430260047359
2024-06-26,1721,1744,1707,1740,120384,0.012805587892898762
2024-06-27,1739,1749,1730,1749,70451,0.005172413793103514
2024-06-28,1743,1749,1723,1741,69340,-0.004574042309891335
2024-07-01,1739,1770,1735,1758,156662,0.009764503159104043
2024-07-02,1745,1765,1741,1750,89639,-0.004550625711035261
2024-07-03,1750,1775,1722,1758,87563,0.004571428571428671
2024-07-04,1758,1790,1733,1733,54845,-0.014220705346985163
2024-07-05,1748,1755,1700,1752,101693,0.010963646855164377
2024-07-08,1742,1793,1742,1769,53548,0.009703196347031984
2024-07-09,1769,1845,1769,1822,155526,0.029960429621255003
2024-07-10,1821,1869,1782,1860,165734,0.020856201975850697
2024-07-11,1875,1875,1842,1851,71175,-0.004838709677419395
2024-07-12,1850,1860,1782,1850,87034,-0.0005402485143165547
2024-07-15,1850,1944,1823,1850,323118,0.0
2024-07-16,1815,1886,1815,1845,82033,-0.002702702702702675
2024-07-17,1830,1879,1830,1862,38671,0.009214092140921393
2024-07-18,1841,1861,1770,1801,221988,-0.032760472610096625
2024-07-19,1784,1839,1784,1839,27677,0.021099389228206533
2024-07-22,1840,1849,1801,1832,42910,-0.0038064165307232223
2024-07-23,1812,1855,1812,1830,40775,-0.0010917030567685337
2024-07-24,1815,1890,1815,1865,53139,0.0191256830601092
2024-07-25,1865,1865,1786,1786,190230,-0.042359249329758764
2024-07-26,1790,1825,1786,1806,135560,0.011198208286674172
2024-07-29,1789,1838,1789,1830,50569,0.013289036544850585
2024-07-30,1830,2010,1820,1831,1003796,0.0005464480874317612
2024-07-31,1826,1858,1783,1795,120075,-0.01966138722009836
2024-08-01,1779,1830,1751,1810,157706,0.008356545961002881
2024-08-02,1782,1848,1736,1844,191670,0.01878453038674044
2024-08-05,1843,1843,1555,1560,258580,-0.15401301518438182
2024-08-06,1454,1660,1454,1639,207681,0.05064102564102568
2024-08-07,1639,1720,1639,1701,72475,0.03782794386821231
2024-08-08,1691,1770,1650,1750,49320,0.028806584362139898
2024-08-09,1729,1773,1728,1751,85918,0.0005714285714286671
2024-08-12,1734,1895,1734,1814,112323,0.03597944031981726
2024-08-13,1796,1815,1766,1800,75022,-0.007717750826901848
2024-08-14,1793,1834,1755,1821,54595,0.011666666666666714
2024-08-16,1821,1902,1794,1900,109476,0.043382756727073035
2024-08-19,1907,2240,1900,1970,3488723,0.03684210526315779
2024-08-20,1970,2015,1955,2000,301521,0.015228426395939021
2024-08-21,1988,2005,1930,1970,252272,-0.015000000000000013
2024-08-22,1970,2295,1970,2105,4116521,0.06852791878172582
2024-08-23,2080,2260,2055,2085,1533226,-0.009501187648456089
2024-08-26,2085,2170,2060,2115,364758,0.014388489208633004
2024-08-27,2115,2250,2115,2230,706475,0.05437352245862881
2024-08-28,2230,2420,2195,2250,1294481,0.008968609865470878
2024-08-29,2210,2380,2210,2280,449598,0.01333333333333342
2024-08-30,2285,2350,2205,2290,374067,0.004385964912280604
2024-09-02,2290,2315,2120,2220,269466,-0.03056768558951961
2024-09-03,2200,2240,2145,2190,140809,-0.013513513513513487
2024-09-04,2125,2410,2030,2300,1245364,0.05022831050228316
2024-09-05,2290,2500,2250,2330,1334894,0.01304347826086949
2024-09-06,2360,2360,2065,2115,668787,-0.09227467811158796
2024-09-09,2095,2285,2000,2015,545441,-0.047281323877068515
2024-09-10,2015,2060,1920,1971,350543,-0.021836228287841153
2024-09-11,1967,2075,1962,2000,197552,0.014713343480466712
2024-09-12,2045,2115,2010,2030,105326,0.014999999999999902
2024-09-13,2030,2110,2010,2110,88258,0.039408866995073843
2024-09-19,2115,2240,2080,2215,97615,0.04976303317535535
2024-09-20,2185,2220,2155,2195,72382,-0.009029345372460473
2024-09-23,2195,2225,2155,2210,85712,0.006833712984054774
2024-09-24,2210,2225,2190,2225,56909,0.006787330316742057
2024-09-25,2225,2285,2210,2225,68682,0.0
2024-09-26,2205,2245,2190,2230,62036,0.0022471910112360494
2024-09-27,2250,2295,2205,2280,126279,0.022421524663677195
2024-09-30,2250,2335,2230,2305,109677,0.010964912280701844
2024-10-02,2250,2420,2250,2340,240726,0.015184381778741818
2024-10-04,2340,2415,2340,2365,160036,0.010683760683760646
2024-10-07,2365,2395,2255,2295,129925,-0.029598308668076112
2024-10-08,2285,2320,2200,2255,134463,-0.017429193899782147
2024-10-10,2235,2290,2130,2190,137110,-0.02882483370288247
2024-10-11,2190,2240,2060,2190,95902,0.0
2024-10-14,2195,2205,2070,2165,212911,-0.011415525114155223
2024-10-15,2135,2260,2120,2225,96729,0.02771362586605086
2024-10-16,2220,2580,1990,2020,6717156,-0.09213483146067414
2024-10-17,1998,2060,1985,2020,270482,0.0
2024-10-18,2020,2090,2010,2045,231922,0.012376237623762387
2024-10-21,2000,2090,2000,2085,123801,0.019559902200489088
2024-10-22,2070,2095,2035,2095,156703,0.004796163069544335
2024-10-23,2100,2190,2070,2140,204450,0.021479713603818507
2024-10-24,2095,2170,2095,2150,76409,0.004672897196261738
2024-10-25,2120,2170,2120,2140,80795,-0.0046511627906976605
2024-10-28,2140,2195,2120,2180,79554,0.01869158878504673
2024-10-29,2180,2190,2145,2180,75915,0.0
2024-10-30,2200,2240,2175,2215,93349,0.016055045871559592
2024-10-31,2215,2340,2105,2145,329669,-0.03160270880361171
2024-11-01,2130,2130,2050,2130,53803,-0.006993006993006978
2024-11-04,2095,2180,2065,2130,30271,0.0
2024-11-05,2155,2155,2110,2130,36231,0.0
2024-11-06,2135,2165,2085,2125,48835,-0.0023474178403756207
2024-11-07,2125,2125,2090,2125,26845,0.0
2024-11-08,2125,2260,2060,2105,285929,-0.009411764705882342
2024-11-11,2100,2100,2000,2080,63317,-0.01187648456057011
2024-11-12,2100,2100,1986,2010,83079,-0.033653846153846145
2024-11-13,1991,2040,1960,1983,109716,-0.013432835820895495
2024-11-14,1983,2035,1950,1980,27730,-0.001512859304084735
2024-11-15,1980,1996,1884,1978,70754,-0.0010101010101010166
2024-11-18,1976,1999,1940,1991,42407,0.0065722952477249574
2024-11-19,2005,2005,1974,1993,33596,0.0010045203415369741
2024-11-20,1990,2010,1976,1999,24530,0.0030105368790767084
2024-11-21,1999,2000,1956,1995,30110,-0.002001000500250094
2024-11-22,1980,2010,1936,1954,102151,-0.02055137844611532
2024-11-25,1950,1983,1902,1964,47804,0.0051177072671442225
2024-11-26,1981,2000,1950,2000,61523,0.018329938900203624
2024-11-27,1980,2020,1976,2005,19904,0.0024999999999999467
2024-11-28,2005,2025,1986,2015,22586,0.004987531172069737
2024-11-29,2035,2035,1950,2000,34349,-0.007444168734491274
2024-12-02,1970,2025,1954,1980,37710,-0.010000000000000009
2024-12-03,1953,1999,1940,1970,40910,-0.005050505050505083
2024-12-04,1931,1970,1833,1967,60431,-0.001522842639593902
2024-12-05,1928,1967,1910,1950,59491,-0.008642602948652822
2024-12-06,1920,1949,1890,1920,59661,-0.01538461538461533
2024-12-09,1900,1939,1814,1829,64574,-0.047395833333333304
2024-12-10,1800,1871,1779,1847,70594,0.009841443411700457
2024-12-11,1847,1943,1847,1943,50099,0.0519761775852734
2024-12-12,1924,1990,1920,1954,24195,0.005661348430262558
2024-12-13,1982,1982,1924,1928,17646,-0.013306038894575267
2024-12-16,1928,1980,1870,1921,46479,-0.0036307053941908585
2024-12-17,1921,1948,1895,1922,24864,0.0005205622071837723
2024-12-18,1922,1941,1910,1921,18255,-0.0005202913631633388
2024-12-19,1913,1921,1900,1911,26411,-0.005205622071837612
2024-12-20,1910,1911,1813,1851,51746,-0.031397174254317095
2024-12-23,1851,1859,1796,1841,25476,-0.0054024851431658805
2024-12-24,1855,1865,1811,1848,13490,0.0038022813688212143
2024-12-26,1831,1848,1793,1828,32731,-0.010822510822510845
2024-12-27,1810,1823,1710,1710,75288,-0.06455142231947486
2024-12-30,1698,1850,1650,1850,110142,0.08187134502923987
2025-01-02,1850,1927,1801,1923,38400,0.0394594594594595
2025-01-03,1884,2020,1884,2010,46704,0.045241809672387
2025-01-06,1989,2020,1981,2010,34596,0.0
2025-01-07,2015,2030,2005,2025,73043,0.00746268656716409
2025-01-08,2030,2040,2010,2035,23130,0.004938271604938205
2025-01-09,2040,2060,2005,2050,21418,0.0073710073710073765
2025-01-10,2035,2130,2020,2130,80920,0.039024390243902474
2025-01-13,2130,2140,2070,2100,27178,-0.014084507042253502
2025-01-14,2105,2135,2065,2125,44029,0.011904761904761862
2025-01-15,2125,2155,2110,2120,34369,-0.0023529411764705577
2025-01-16,2140,2140,1996,2125,113997,0.002358490566037652
2025-01-17,2140,2140,2085,2130,33275,0.0023529411764706687
2025-01-20,2130,2130,2060,2075,27654,-0.025821596244131495
2025-01-21,2105,2105,2060,2065,8653,-0.004819277108433773
2025-01-22,2065,2095,2050,2075,19671,0.004842615012106588
2025-01-23,2105,2105,2015,2070,13007,-0.002409638554216831
2025-01-24,2065,2085,1942,2080,55239,0.004830917874396157
2025-01-31,2080,2080,2025,2060,13172,-0.009615384615384581
2025-02-03,2040,2060,1999,2060,29423,0.0
2025-02-04,2040,2090,2025,2060,20352,0.0
2025-02-05,2060,2105,2050,2090,22837,0.014563106796116498
2025-02-06,2100,2190,2015,2040,172721,-0.02392344497607657
2025-02-07,2045,2060,2015,2040,4027,0.0
2025-02-10,2040,2055,1918,2035,33271,-0.002450980392156854
2025-02-11,2020,2045,1999,2020,19620,-0.0073710073710073765
2025-02-12,2020,2040,1999,2020,6683,0.0
2025-02-13,1999,2030,1995,2015,11218,-0.0024752475247524774
2025-02-14,2020,2020,1906,2000,29779,-0.007444168734491274
2025-02-17,1965,2020,1965,2005,32795,0.0024999999999999467
2025-02-18,1985,2005,1945,1945,59022,-0.029925187032418976
2025-02-19,1945,1968,1945,1955,9268,0.005141388174807249
2025-02-20,1955,2000,1948,1950,11352,-0.002557544757033292
2025-02-21,1925,1994,1925,1960,16401,0.00512820512820511
2025-02-24,1960,1990,1929,1948,7970,-0.006122448979591799
2025-02-25,1947,1954,1856,1947,37822,-0.0005133470225873182
2025-02-26,1946,1970,1911,1940,8621,-0.0035952747817155073
2025-02-27,1940,1940,1915,1931,14101,-0.004639175257731942
2025-02-28,1928,1960,1888,1960,40212,0.015018125323666531
2025-03-04,1909,1960,1909,1935,5476,-0.012755102040816313
2025-03-05,1914,1955,1914,1933,3076,-0.001033591731266159
2025-03-06,1936,1960,1917,1935,9518,0.0010346611484739476
2025-03-07,1937,1937,1908,1932,4674,-0.0015503875968991832
2025-03-10,1925,1925,1880,1920,7072,-0.006211180124223614
2025-03-11,1908,1908,1884,1899,9020,-0.010937500000000044
2025-03-12,1861,1908,1835,1905,40526,0.003159557661927437
2025-03-13,1918,1923,1791,1900,59346,-0.002624671916010457
2025-03-14,1880,1908,1804,1900,25133,0.0
2025-03-17,1917,1917,1852,1900,28978,0.0
2025-03-18,1900,1900,1812,1868,44035,-0.01684210526315788
2025-03-19,1840,1896,1840,1870,10334,0.0010706638115631772
2025-03-20,1823,1898,1823,1871,8017,0.0005347593582887278
2025-03-21,1826,1896,1826,1871,8788,0.0
2025-03-24,1832,1896,1832,1870,15317,-0.0005344735435596215
2025-03-25,1855,1893,1840,1870,21422,0.0
2025-03-26,1854,1892,1825,1875,20274,0.002673796791443861
2025-03-27,1884,1884,1831,1872,26385,-0.0016000000000000458
2025-03-28,1862,1889,1825,1841,122242,-0.016559829059829112
2025-03-31,1841,1841,1757,1840,34739,-0.0005431830526887449
2025-04-01,1840,1850,1732,1840,54931,0.0
2025-04-02,1854,1857,1797,1851,44692,0.005978260869565322
2025-04-03,1851,1851,1830,1848,6120,-0.0016207455429497752
2025-04-04,1843,1860,1811,1853,14143,0.0027056277056276556
2025-04-07,1853,1853,1743,1820,21220,-0.01780895844576358
2025-04-08,1805,1838,1762,1820,16773,0.0
2025-04-09,1755,1816,1755,1811,50828,-0.0049450549450549275
2025-04-10,1814,2225,1765,1820,1093207,0.004969630038652584
2025-04-11,1820,1931,1812,1915,134900,0.052197802197802234
2025-04-14,1915,2105,1905,2055,250035,0.07310704960835501
2025-04-15,2050,2170,2040,2150,203328,0.04622871046228716
2025-04-16,2135,2175,2070,2150,95790,0.0
2025-04-17,2145,2165,2040,2160,66902,0.0046511627906977715
2025-04-18,2160,2195,2135,2150,39881,-0.00462962962962965
2025-04-21,2160,2160,2105,2120,26265,-0.013953488372092981
2025-04-22,2100,2120,2030,2120,39860,0.0
2025-04-23,2080,2160,2080,2100,37711,-0.009433962264150941
2025-04-24,2100,2465,2070,2260,1338551,0.07619047619047614
2025-04-25,2255,2280,2185,2260,118933,0.0
2025-04-28,2245,2245,2060,2135,149441,-0.05530973451327437
2025-04-29,2140,2215,2065,2135,139754,0.0
2025-04-30,2075,2125,2050,2080,92698,-0.025761124121779888
2025-05-02,2040,2075,1995,2075,140953,-0.0024038461538461453
2025-05-07,2050,2145,2000,2140,82306,0.031325301204819356
2025-05-08,2145,2190,2130,2190,87393,0.02336448598130847
2025-05-09,2160,2255,2160,2255,255762,0.029680365296803624
2025-05-12,2255,2385,2255,2300,412977,0.019955654101995624
2025-05-13,2360,2990,2320,2480,29910831,0.07826086956521738
2025-05-14,2695,3220,2530,2930,55756053,0.18145161290322576
2025-05-15,3120,3805,2915,3445,62773178,0.17576791808873726
2025-05-16,3370,3420,2975,3025,12752862,-0.12191582002902757
2025-05-19,3025,3055,2755,2865,6765752,-0.05289256198347103
2025-05-20,2865,3365,2805,2995,20124317,0.04537521815008727
2025-05-21,2995,3225,2960,3030,6434454,0.011686143572620988
2025-05-22,3035,3785,2975,3285,59568103,0.08415841584158423
2025-05-23,3340,3530,3000,3055,14301792,-0.0700152207001522
2025-05-26,2945,3010,2715,2750,3892113,-0.09983633387888702
2025-05-27,2725,2905,2600,2635,4448854,-0.041818181818181865
2025-05-28,2695,2820,2475,2480,5210979,-0.05882352941176472
2025-05-29,2500,2570,2460,2545,1668865,0.02620967741935476
2025-05-30,2540,2545,2360,2410,1464268,-0.05304518664047153
2025-06-02,2410,2460,2330,2350,1565322,-0.024896265560165998
2025-06-04,2395,2425,2300,2310,1179867,-0.017021276595744705
2025-06-05,2350,2360,2270,2310,1367150,0.0
2025-06-09,2325,2380,2280,2320,1056164,0.0043290043290042934
2025-06-10,2315,2345,2230,2260,908798,-0.025862068965517238
2025-06-11,2300,2355,2265,2315,901860,0.02433628318584069
2025-06-12,2340,2340,2250,2335,887424,0.008639308855291628
2025-06-13,2335,2335,2200,2255,968582,-0.03426124197002145
2025-06-16,2230,2230,2165,2190,591784,-0.02882483370288247
2025-06-17,2195,2220,2145,2210,517044,0.009132420091324311
2025-06-18,2215,2215,2160,2190,309512,-0.009049773755656076
2025-06-19,2180,2260,2155,2170,424881,-0.0091324200913242
2025-06-20,2175,2240,2145,2215,444954,0.02073732718894017
2025-06-23,2165,2190,2140,2150,398472,-0.02934537246049662
2025-06-24,2155,2180,2130,2165,342556,0.006976744186046435
2025-06-25,2165,2165,2115,2135,341530,-0.01385681293302543
2025-06-26,2130,2135,2065,2120,372767,-0.007025761124121788
2025-06-27,2085,2110,2050,2060,290087,-0.028301886792452824
2025-06-30,2055,2125,2055,2100,264760,0.01941747572815533
2025-07-01,2100,2265,2100,2150,1095472,0.023809523809523725
2025-07-02,2150,2150,2045,2065,352770,-0.03953488372093028
2025-07-03,2050,2130,2045,2090,220097,0.012106537530266248
2025-07-04,2080,2095,2045,2050,192323,-0.019138755980861233
2025-07-07,2040,2075,2030,2050,127073,0.0
2025-07-08,2025,2075,2025,2040,136745,-0.004878048780487809
2025-07-09,2040,2125,2040,2115,210215,0.03676470588235303
2025-07-10,2140,2140,2085,2090,124123,-0.011820330969267157
2025-07-11,2090,2140,2090,2105,154470,0.0071770334928229484
2025-07-14,2305,2305,2075,2160,1997462,0.026128266033254244
2025-07-15,2150,2150,2070,2080,256216,-0.03703703703703709
2025-07-16,2080,2090,2035,2055,165169,-0.012019230769230727
2025-07-17,2065,2080,2035,2040,177655,-0.007299270072992692
2025-07-18,2040,2070,2015,2055,171952,0.007352941176470562
2025-07-21,2055,2080,2000,2020,124824,-0.01703163017031628
2025-07-22,2020,2050,2010,2030,147403,0.004950495049504955
2025-07-23,2050,2050,1955,1992,218541,-0.01871921182266012
2025-07-24,1992,2010,1950,1950,137142,-0.02108433734939763
2025-07-25,1945,1978,1926,1943,146901,-0.0035897435897436214
2025-07-28,1943,1950,1908,1940,149184,-0.0015440041173443442
2025-07-29,1930,1970,1915,1960,102632,0.010309278350515427
2025-07-30,1945,1969,1920,1931,121195,-0.01479591836734695
2025-07-31,1920,1945,1917,1931,92185,0.0
2025-08-01,1912,1921,1852,1853,236369,-0.04039357845675817
2025-08-04,1859,1919,1852,1919,123390,0.03561791689152716
2025-08-05,1921,1948,1890,1904,77730,-0.007816571130797256
2025-08-06,1904,1929,1795,1907,88965,0.0015756302521008347
2025-08-07,1907,1919,1895,1908,80494,0.000524383848977461
2025-08-08,1898,1932,1897,1908,62869,0.0
2025-08-11,1900,1912,1882,1899,65776,-0.004716981132075526
2025-08-12,1886,1924,1884,1887,72257,-0.006319115323854652
2025-08-13,1887,1896,1854,1880,87692,-0.0037095919448860704
2025-08-14,1899,1899,1856,1860,111040,-0.010638297872340385
2025-08-18,1851,1868,1796,1807,102249,-0.02849462365591393
2025-08-19,1807,1832,1800,1808,105714,0.0005534034311012181
2025-08-20,1798,1813,1760,1809,221795,0.0005530973451326471
2025-08-21,1794,1824,1780,1791,56639,-0.00995024875621886
2025-08-22,1775,1804,1774,1780,73820,-0.006141820212172022
2025-08-25,1775,1797,1756,1762,120505,-0.010112359550561778
2025-08-26,1736,1774,1729,1752,158769,-0.005675368898978461
2025-08-27,1737,1745,1710,1723,189165,-0.016552511415525162
2025-08-28,1701,1759,1701,1759,201492,0.020893789901334836
2025-08-29,1759,1776,1712,1714,95457,-0.02558271745309837
2025-09-01,1714,1723,1675,1700,87171,-0.008168028004667427
2025-09-02,1700,1711,1689,1707,66193,0.004117647058823559
2025-09-03,1694,1723,1694,1720,72509,0.007615700058582364
2025-09-04,1724,1730,1698,1724,93118,0.0023255813953488857
2025-09-05,1730,1774,1713,1770,116065,0.026682134570765736
2025-09-08,1770,1780,1733,1769,82790,-0.0005649717514124575
2025-09-09,1773,1788,1700,1765,95566,-0.0022611644997173608
2025-09-10,1783,1783,1680,1763,145902,-0.001133144475920722
2025-09-11,1763,1763,1740,1750,94162,-0.007373794668179223
2025-09-12,1750,1784,1750,1772,143945,0.012571428571428678
2025-09-15,1772,1779,1735,1740,93508,-0.018058690744920947
2025-09-16,1725,1737,1706,1707,99878,-0.018965517241379293
2025-09-17,1710,1758,1690,1706,76141,-0.0005858230814294041
2025-09-18,1707,1735,1707,1708,124770,0.0011723329425556983
2025-09-19,1718,1725,1697,1698,82907,-0.005854800936768156
2025-09-22,1698,1698,1681,1683,117593,-0.00883392226148405
2025-09-23,1683,1683,1651,1661,183067,-0.013071895424836555
2025-09-24,1653,1671,1647,1666,88157,0.003010234798314304
2025-09-25,1666,1672,1593,1644,172898,-0.013205282112845107
2025-09-26,1630,1644,1596,1605,149636,-0.02372262773722633
2025-09-29,1605,1625,1594,1621,82037,0.009968847352024968
2025-09-30,1630,1630,1586,1593,91528,-0.017273288093769268
2025-10-01,1593,1608,1564,1580,83329,-0.008160703075957287
2025-10-02,1565,1600,1564,1583,120063,0.0018987341772152
2025-10-10,1583,1593,1518,1527,140548,-0.035375868603916616
2025-10-13,1527,1552,1492,1538,82541,0.007203667321545426
2025-10-14,1539,1544,1490,1515,97419,-0.014954486345903795
2025-10-15,1531,1539,1515,1534,45712,0.012541254125412626
2025-10-16,1520,1534,1494,1498,152442,-0.023468057366362483
2025-10-17,1498,1498,1450,1450,283221,-0.03204272363150873
2025-10-20,1450,1528,1446,1519,144797,0.0475862068965518
2025-10-21,1504,1537,1415,1492,77323,-0.0177748518762344
2025-10-22,1492,1514,1470,1507,56084,0.010053619302949013
2025-10-23,1507,1515,1471,1475,81811,-0.021234240212342437
2025-10-24,1475,1485,1441,1470,76250,-0.003389830508474523
2025-10-27,1470,1495,1435,1462,92864,-0.0054421768707483276
2025-10-28,1462,1462,1420,1432,135139,-0.020519835841313228
