Date,Open,High,Low,Close,Volume,Change
2022-01-03,7480,7590,7400,7450,25712,-0.0026773761713521083
2022-01-04,7480,7660,7450,7650,42605,0.02684563758389258
2022-01-05,7700,7700,7470,7540,24688,-0.01437908496732021
2022-01-06,7520,7530,7370,7370,20654,-0.022546419098143256
2022-01-07,7370,7490,7360,7490,12260,0.016282225237449044
2022-01-10,7520,7610,7410,7570,9808,0.010680907877169465
2022-01-11,7530,7600,7440,7490,6661,-0.010568031704095149
2022-01-12,7440,7530,7430,7520,17250,0.004005340453938633
2022-01-13,7550,7610,7500,7500,14288,-0.0026595744680850686
2022-01-14,7460,7540,7410,7490,17112,-0.0013333333333332975
2022-01-17,7440,7460,7270,7370,13877,-0.01602136181575431
2022-01-18,7370,7450,7310,7360,22443,-0.0013568521031207537
2022-01-19,7390,7390,7250,7290,9142,-0.009510869565217406
2022-01-20,7180,7360,7180,7300,9971,0.00137174211248281
2022-01-21,7300,9070,7250,7750,4047978,0.06164383561643838
2022-01-24,8110,8880,7800,7870,2790100,0.015483870967741842
2022-01-25,7990,7990,7200,7320,344186,-0.06988564167725542
2022-01-26,7320,9300,7260,8170,7811093,0.11612021857923494
2022-01-27,8300,8360,7800,7840,855376,-0.04039167686658507
2022-01-28,7920,8640,7740,7820,1987318,-0.0025510204081632404
2022-02-03,7870,8180,7770,8100,368977,0.03580562659846542
2022-02-04,8050,8310,8000,8210,436927,0.013580246913580174
2022-02-07,8210,8380,8050,8090,217525,-0.01461632155907433
2022-02-08,8170,8280,7900,8000,220822,-0.011124845488257096
2022-02-09,8010,8140,8010,8120,99390,0.014999999999999902
2022-02-10,8140,8170,7930,7990,92410,-0.016009852216748777
2022-02-11,7920,7970,7760,7760,69585,-0.028785982478097605
2022-02-14,7690,8050,7390,7410,226416,-0.045103092783505105
2022-02-15,7460,7590,7220,7320,102184,-0.012145748987854255
2022-02-16,7400,7750,7380,7690,64910,0.050546448087431584
2022-02-17,7760,8360,7550,8060,475139,0.04811443433029905
2022-02-18,8000,8440,7800,8120,368095,0.007444168734491274
2022-02-21,8000,8400,7940,8220,208054,0.012315270935960632
2022-02-22,8110,8270,8000,8060,114444,-0.019464720194647178
2022-02-23,8130,8500,8040,8180,384913,0.014888337468982549
2022-02-24,8130,8260,7990,8020,127885,-0.019559902200488977
2022-02-25,8150,8260,8100,8180,116317,0.01995012468827939
2022-02-28,8180,9270,8150,8440,2855891,0.0317848410757946
2022-03-02,8490,8540,8300,8400,200787,-0.004739336492891044
2022-03-03,8490,8490,8330,8430,134753,0.0035714285714285587
2022-03-04,8400,8470,8350,8440,106774,0.0011862396204034287
2022-03-07,8390,8390,8150,8240,96117,-0.023696682464455
2022-03-08,8130,8210,8080,8110,61900,-0.015776699029126262
2022-03-10,8170,8260,8120,8120,70004,0.0012330456226881115
2022-03-11,8120,8360,8110,8300,41725,0.022167487684729092
2022-03-14,8300,9200,8290,8360,2050806,0.0072289156626506035
2022-03-15,8430,8960,8380,8850,590628,0.05861244019138745
2022-03-16,8900,8900,8660,8690,236527,-0.01807909604519775
2022-03-17,8740,8910,8660,8690,117836,0.0
2022-03-18,8760,8900,8680,8750,197409,0.0069044879171460405
2022-03-21,8750,8960,8700,8790,94298,0.004571428571428671
2022-03-22,8830,9000,8650,8800,143154,0.0011376564277587597
2022-03-23,8840,9050,8790,8920,126961,0.013636363636363669
2022-03-24,8920,9060,8800,9040,128698,0.013452914798206317
2022-03-25,9040,9130,8720,8720,163550,-0.03539823008849563
2022-03-28,8700,9330,8620,9160,649160,0.050458715596330306
2022-03-29,9160,9180,8970,9010,161532,-0.01637554585152834
2022-03-30,9030,9050,8750,8750,141643,-0.02885682574916759
2022-03-31,8690,9860,8630,9670,2617119,0.1051428571428572
2022-04-01,9310,9380,9160,9190,391241,-0.04963805584281278
2022-04-04,9200,9350,9130,9300,204976,0.01196953210010876
2022-04-05,9360,9980,9150,9250,865807,-0.005376344086021501
2022-04-06,9180,9250,9050,9100,134926,-0.01621621621621616
2022-04-07,9100,9130,8750,8800,172518,-0.03296703296703296
2022-04-08,8800,9140,8720,8970,136576,0.01931818181818179
2022-04-11,8970,9150,8830,8980,75856,0.0011148272017837968
2022-04-12,8960,9000,8740,8930,87633,-0.0055679287305122616
2022-04-13,8930,9110,8930,9040,75670,0.012318029115341522
2022-04-14,9080,9180,9040,9100,71123,0.006637168141592875
2022-04-15,9120,9280,9040,9250,79179,0.016483516483516425
2022-04-18,9250,9310,9130,9200,36358,-0.00540540540540535
2022-04-19,9200,9280,9120,9210,27560,0.0010869565217390686
2022-04-20,9230,9310,9180,9240,62956,0.0032573289902280145
2022-04-21,9240,9650,9130,9130,287985,-0.011904761904761862
2022-04-22,9140,9140,8940,9000,56944,-0.014238773274917849
2022-04-25,8800,8860,8730,8760,96714,-0.026666666666666616
2022-04-26,8780,9040,8780,8950,79432,0.02168949771689488
2022-04-27,8780,8940,8720,8880,47283,-0.007821229050279377
2022-04-28,8960,9160,8960,9080,87718,0.022522522522522515
2022-04-29,9160,9170,8990,9050,55441,-0.0033039647577092213
2022-05-02,9000,9130,8910,9000,68338,-0.0055248618784530246
2022-05-03,8990,9150,8980,9000,58015,0.0
2022-05-04,9080,9400,8990,8990,160955,-0.0011111111111110628
2022-05-06,8940,9170,8820,8900,151369,-0.010011123470522798
2022-05-09,8820,9060,8690,8710,101917,-0.02134831460674158
2022-05-10,8560,8670,8370,8500,71812,-0.024110218140068862
2022-05-11,8490,8650,8370,8450,35857,-0.00588235294117645
2022-05-12,8450,8460,8090,8110,63222,-0.04023668639053257
2022-05-13,8130,8320,8130,8160,58735,0.006165228113440113
2022-05-16,8120,8290,8100,8190,38063,0.003676470588235281
2022-05-17,8200,8270,8080,8120,48403,-0.008547008547008517
2022-05-18,8130,8320,8130,8190,54551,0.008620689655172376
2022-05-19,8050,8100,7920,8060,61156,-0.015873015873015928
2022-05-20,8010,8200,8010,8200,39897,0.017369727047146455
2022-05-23,8210,8610,8150,8310,168417,0.013414634146341475
2022-05-24,8310,8330,8010,8010,82285,-0.03610108303249093
2022-05-25,8050,9860,8000,8780,7021565,0.09612983770287142
2022-05-26,8650,8800,8500,8560,447775,-0.02505694760820043
2022-05-27,8630,8650,8320,8390,269393,-0.01985981308411211
2022-05-30,8450,8590,8370,8480,221837,0.010727056019070424
2022-05-31,8490,8560,8440,8450,95415,-0.003537735849056589
2022-06-02,8420,8570,8410,8510,130585,0.007100591715976323
2022-06-03,8550,8650,8490,8600,155458,0.010575793184488758
2022-06-07,8550,8590,8350,8450,117068,-0.01744186046511631
2022-06-08,8440,8810,8420,8430,549657,-0.002366863905325478
2022-06-09,8420,8730,8310,8560,318932,0.01542111506524324
2022-06-10,8530,9250,8380,8380,1101858,-0.0210280373831776
2022-06-13,8140,8150,7600,7600,278200,-0.09307875894988071
2022-06-14,7330,7570,7250,7530,131427,-0.009210526315789447
2022-06-15,7400,7500,7000,7040,129854,-0.06507304116865875
2022-06-16,7200,8480,7190,7570,3307645,0.07528409090909083
2022-06-17,7380,7550,7230,7510,147832,-0.00792602377807139
2022-06-20,7550,7550,7050,7070,159706,-0.05858854860186413
2022-06-21,7100,7570,7100,7320,230843,0.03536067892503536
2022-06-22,7400,7450,6990,7000,130446,-0.04371584699453557
2022-06-23,6970,7090,6580,6580,212244,-0.06000000000000005
2022-06-24,6510,6940,6510,6880,85460,0.045592705167173175
2022-06-27,6960,7200,6960,7110,73232,0.03343023255813948
2022-06-28,7150,7350,6990,7230,93400,0.016877637130801704
2022-06-29,7150,7300,7050,7230,38585,0.0
2022-06-30,7200,7320,6960,6960,63841,-0.03734439834024894
2022-07-01,6960,7240,6850,6970,74427,0.001436781609195359
2022-07-04,6900,6980,6640,6710,71806,-0.0373027259684362
2022-07-05,6730,7050,6730,7000,54956,0.0432190760059612
2022-07-06,6940,7120,6800,6890,48205,-0.01571428571428568
2022-07-07,6990,7100,6890,7050,34653,0.023222060957909907
2022-07-08,7070,7200,6970,7010,33235,-0.005673758865248235
2022-07-11,7150,7150,6930,6980,45873,-0.004279600570613384
2022-07-12,6930,6930,6600,6630,91690,-0.05014326647564471
2022-07-13,6680,6740,6540,6640,49791,0.0015082956259426794
2022-07-14,6580,6720,6550,6610,40773,-0.004518072289156572
2022-07-15,6620,6700,6530,6600,34114,-0.001512859304084735
2022-07-18,6680,6910,6680,6890,34865,0.043939393939393945
2022-07-19,6880,6920,6760,6900,13098,0.0014513788098693414
2022-07-20,7040,7100,6930,6990,32970,0.01304347826086949
2022-07-21,7000,7120,6990,7060,34965,0.010014306151645114
2022-07-22,7050,7120,7020,7070,26456,0.0014164305949009304
2022-07-25,7050,7080,6950,7030,6936,-0.005657708628005631
2022-07-26,6950,7090,6950,7050,11515,0.002844950213371167
2022-07-27,7050,7110,6980,7070,17023,0.0028368794326241176
2022-07-28,7190,7260,7110,7170,45212,0.014144271570014189
2022-07-29,7160,7290,7160,7280,21916,0.015341701534170138
2022-08-01,7230,7270,7140,7210,12380,-0.009615384615384581
2022-08-02,7220,7250,7100,7170,29135,-0.00554785020804438
2022-08-03,7110,7270,7110,7220,25476,0.0069735006973501434
2022-08-04,7290,7380,7230,7280,28148,0.008310249307479145
2022-08-05,7280,7320,7200,7300,14177,0.0027472527472527375
2022-08-08,7350,7350,7230,7290,24370,-0.00136986301369868
2022-08-09,7300,7320,7250,7320,25569,0.004115226337448652
2022-08-10,7420,7430,7260,7280,41797,-0.005464480874316946
2022-08-11,7350,7470,7280,7380,21536,0.013736263736263687
2022-08-12,7400,7750,7380,7750,145023,0.050135501355013545
2022-08-16,7720,7950,7610,7700,94822,-0.006451612903225823
2022-08-17,7600,7710,7380,7420,59490,-0.036363636363636376
2022-08-18,7450,7730,7370,7570,66343,0.020215633423180668
2022-08-19,7670,7680,7500,7540,26465,-0.003963011889035695
2022-08-22,7500,7500,7300,7380,23012,-0.021220159151193685
2022-08-23,7380,7580,7260,7310,54344,-0.009485094850948506
2022-08-24,7260,7500,7260,7440,26462,0.017783857729138264
2022-08-25,7510,7610,7440,7550,19905,0.014784946236559238
2022-08-26,7560,7840,7540,7540,88010,-0.0013245033112583293
2022-08-29,7300,7390,7220,7230,51073,-0.04111405835543769
2022-08-30,7190,7350,7190,7250,23182,0.0027662517289073207
2022-08-31,7250,7700,7170,7540,109353,0.040000000000000036
2022-09-01,7550,7680,7460,7480,35384,-0.007957559681697646
2022-09-02,7420,7640,7420,7520,78853,0.005347593582887722
2022-09-05,7560,7590,7350,7370,51608,-0.019946808510638347
2022-09-06,7330,7760,7310,7630,114443,0.03527815468113982
2022-09-07,7800,7800,7350,7350,173739,-0.03669724770642202
2022-09-08,7390,7540,7350,7360,25444,0.0013605442176871652
2022-09-13,7430,7490,7410,7430,24148,0.009510869565217295
2022-09-14,7110,7280,7110,7220,42146,-0.02826379542395696
2022-09-15,7290,7390,7230,7280,17804,0.008310249307479145
2022-09-16,7210,7400,7210,7310,26670,0.004120879120879106
2022-09-19,7310,7330,7120,7170,30689,-0.019151846785225746
2022-09-20,7170,7290,7160,7200,29433,0.004184100418409997
2022-09-21,7220,7220,7070,7080,25614,-0.01666666666666672
2022-09-22,7050,7170,6910,7080,24400,0.0
2022-09-23,7030,7120,6800,6920,35595,-0.02259887005649719
2022-09-26,6860,6890,6500,6540,55547,-0.054913294797687806
2022-09-27,6540,6600,6290,6600,45852,0.00917431192660545
2022-09-28,6500,7140,6330,6360,106603,-0.036363636363636376
2022-09-29,6650,6650,6320,6500,30614,0.022012578616352307
2022-09-30,6250,6480,6250,6400,31064,-0.01538461538461533
2022-10-04,6430,6700,6430,6570,22345,0.026562500000000044
2022-10-05,6630,6800,6530,6600,40033,0.004566210045662045
2022-10-06,6640,6780,6500,6760,21553,0.024242424242424176
2022-10-07,6790,6860,6710,6790,21767,0.004437869822485174
2022-10-11,6650,6660,6480,6520,38062,-0.03976435935198819
2022-10-12,6430,6560,6360,6560,25883,0.006134969325153339
2022-10-13,6460,6460,6190,6210,44788,-0.05335365853658536
2022-10-14,6250,6460,6250,6400,33162,0.03059581320450877
2022-10-17,6390,6510,6210,6500,19299,0.015625
2022-10-18,6610,6730,6450,6650,22874,0.023076923076922995
2022-10-19,6710,6760,6600,6600,12100,-0.007518796992481258
2022-10-20,6670,6670,6490,6540,5402,-0.009090909090909038
2022-10-21,6410,6500,6380,6400,11195,-0.021406727828746197
2022-10-24,6440,6580,6440,6510,10914,0.01718749999999991
2022-10-25,6540,6840,6520,6840,36730,0.05069124423963123
2022-10-26,6840,7040,6620,6700,88125,-0.020467836257309968
2022-10-27,6680,6870,6670,6750,19099,0.00746268656716409
2022-10-28,6760,6840,6710,6710,12998,-0.00592592592592589
2022-10-31,6730,6870,6710,6770,19775,0.008941877794336861
2022-11-01,6720,6930,6690,6850,19560,0.011816838995568624
2022-11-02,6850,7000,6790,6830,14118,-0.0029197080291970545
2022-11-03,6630,6830,6630,6830,9826,0.0
2022-11-04,6780,6820,6600,6790,23990,-0.005856515373352855
2022-11-07,6750,6900,6710,6820,20883,0.004418262150220897
2022-11-08,6830,7070,6770,7000,44600,0.02639296187683282
2022-11-09,7000,7070,6920,7010,31339,0.0014285714285713347
2022-11-10,6960,7000,6860,6890,8424,-0.01711840228245365
2022-11-11,7090,7090,6960,7000,18938,0.0159651669085632
2022-11-14,7060,7150,7000,7090,24938,0.0128571428571429
2022-11-15,7090,7230,6980,7180,33125,0.012693935119887145
2022-11-16,7180,7390,7030,7240,60646,0.008356545961002881
2022-11-17,7170,7270,7070,7170,17957,-0.00966850828729282
2022-11-18,7100,7300,7020,7210,28726,0.00557880055788007
2022-11-21,7120,7140,7060,7060,16955,-0.020804438280166426
2022-11-22,6900,7060,6900,6920,15145,-0.019830028328611915
2022-11-23,6900,7050,6900,7020,11223,0.014450867052023142
2022-11-24,7050,7100,6950,7030,12907,0.0014245014245013454
2022-11-25,7070,7070,6970,6990,10291,-0.005689900426742556
2022-11-28,6990,7000,6790,6860,19084,-0.01859799713876964
2022-11-29,6800,7620,6740,7120,623561,0.03790087463556846
2022-11-30,7120,7280,6600,7240,87243,0.016853932584269593
2022-12-01,7250,7690,6910,7090,413074,-0.02071823204419887
2022-12-02,7140,7160,7020,7140,38788,0.007052186177715081
2022-12-05,7110,7190,7100,7150,15535,0.0014005602240896309
2022-12-06,7140,7180,7000,7000,23097,-0.020979020979020935
2022-12-07,6910,6970,6830,6870,13668,-0.018571428571428572
2022-12-08,6830,7110,6830,7010,25411,0.020378457059679667
2022-12-09,7020,7120,6990,7090,34457,0.011412268188302432
2022-12-12,7090,7100,6960,6980,13666,-0.015514809590973178
2022-12-13,7000,7000,6840,6850,30223,-0.01862464183381085
2022-12-14,6890,7050,6870,7040,10041,0.027737226277372296
2022-12-15,7040,7170,7030,7040,33400,0.0
2022-12-16,7000,7120,6900,6960,15252,-0.011363636363636354
2022-12-19,6900,6990,6850,6940,17480,-0.002873563218390829
2022-12-20,6900,6970,6790,6800,13107,-0.02017291066282423
2022-12-21,6810,6980,6770,6800,9016,0.0
2022-12-22,6830,7000,6790,6870,15994,0.010294117647058787
2022-12-23,6870,6870,6710,6800,40384,-0.010189228529839833
2022-12-26,6740,6850,6710,6800,42297,0.0
2022-12-27,6820,6940,6790,6870,15296,0.010294117647058787
2022-12-28,6870,7190,6780,7190,27682,0.04657933042212514
2022-12-29,6950,7090,6810,6980,56366,-0.029207232267037586
2023-01-02,6960,7040,6820,6820,17534,-0.022922636103151817
2023-01-03,6790,6960,6680,6960,31812,0.02052785923753664
2023-01-04,6840,6960,6710,6940,11104,-0.002873563218390829
2023-01-05,6940,7100,6870,6940,19658,0.0
2023-01-06,6970,7000,6870,6970,6552,0.004322766570605152
2023-01-09,6970,7090,6970,7040,11706,0.010043041606886627
2023-01-10,7020,7240,7000,7230,74193,0.026988636363636465
2023-01-11,7190,7320,7110,7260,38654,0.004149377593360981
2023-01-12,7300,7330,7130,7140,26823,-0.016528925619834656
2023-01-13,7140,7240,7110,7190,26900,0.007002801120448154
2023-01-16,7190,7420,7190,7370,69063,0.025034770514603677
2023-01-17,7370,7550,7280,7550,69125,0.024423337856173788
2023-01-18,7430,7430,7260,7340,42657,-0.027814569536423805
2023-01-19,7230,7350,7130,7350,123437,0.0013623978201635634
2023-01-20,8280,8280,7440,7480,962266,0.017687074829932037
2023-01-25,7720,7940,7600,7830,451838,0.046791443850267456
2023-01-26,7850,7960,7690,7710,180202,-0.01532567049808431
2023-01-27,7790,8080,7720,7910,232324,0.025940337224383825
2023-01-30,7990,8040,7840,7910,138360,0.0
2023-01-31,7910,8170,7800,7970,170408,0.007585335018963413
2023-02-01,7950,7970,7800,7940,111923,-0.0037641154328732496
2023-02-02,8000,8070,7940,7990,127406,0.006297229219143663
2023-02-03,8090,8090,7910,7980,78480,-0.0012515644555695093
2023-02-06,7980,7980,7750,7790,42707,-0.023809523809523836
2023-02-07,7790,8100,7790,7990,108802,0.025673940949935803
2023-02-08,8020,8100,7900,8070,43546,0.01001251564455563
2023-02-09,8060,8080,7910,7980,33304,-0.01115241635687736
2023-02-10,8020,8020,7800,7820,38111,-0.020050125313283207
2023-02-13,7840,8130,7650,7780,47978,-0.005115089514066473
2023-02-14,7830,7840,7670,7680,41105,-0.01285347043701801
2023-02-15,7720,7720,7460,7500,52865,-0.0234375
2023-02-16,7500,7990,7500,7930,108257,0.057333333333333236
2023-02-17,7710,7840,7600,7620,47822,-0.0390920554854981
2023-02-20,7540,7760,7540,7670,29707,0.006561679790026309
2023-02-21,7710,7730,7610,7660,17241,-0.0013037809647978849
2023-02-22,7550,7600,7410,7490,29149,-0.022193211488250708
2023-02-23,7550,7650,7470,7650,25427,0.021361815754339153
2023-02-24,7710,7720,7520,7570,22585,-0.010457516339869244
2023-02-27,7660,7660,7410,7460,9805,-0.014531043593130732
2023-02-28,7440,7580,7360,7490,29128,0.004021447721179516
2023-03-02,7510,7590,7420,7480,36386,-0.001335113484646211
2023-03-03,7560,7570,7480,7510,38284,0.00401069518716568
2023-03-06,7510,7820,7500,7780,62833,0.03595206391478034
2023-03-07,7850,7860,7690,7780,50010,0.0
2023-03-08,7760,7900,7680,7810,31987,0.003856041131105492
2023-03-09,8310,8650,7850,8160,1388306,0.04481434058898848
2023-03-10,8450,8900,7820,7820,2772421,-0.04166666666666663
2023-03-13,7870,8540,7360,7490,1357912,-0.0421994884910486
2023-03-14,7430,7540,6980,7000,318993,-0.06542056074766356
2023-03-15,7140,7420,7140,7270,145520,0.03857142857142848
2023-03-16,7120,7300,6980,7160,94892,-0.015130674002751032
2023-03-17,7210,7450,7210,7310,90302,0.020949720670391025
2023-03-20,7290,7480,7260,7400,62063,0.012311901504787892
2023-03-21,7370,7480,7170,7250,107893,-0.020270270270270285
2023-03-22,7330,7370,7110,7230,78192,-0.0027586206896551557
2023-03-23,7150,7190,7090,7110,57007,-0.016597510373444035
2023-03-24,7110,7370,7060,7310,65277,0.02812939521800284
2023-03-27,7310,7380,7100,7320,67396,0.001367989056087593
2023-03-28,7280,7500,7220,7410,68138,0.012295081967213184
2023-03-29,7380,7540,7270,7460,60144,0.006747638326585648
2023-03-30,7440,7490,7370,7370,53806,-0.012064343163538882
2023-03-31,7380,7410,7220,7300,32583,-0.009497964721845276
2023-04-03,7300,7390,7200,7370,38517,0.009589041095890316
2023-04-04,7350,7440,7330,7350,32777,-0.0027137042062415073
2023-04-05,7390,7470,7310,7420,29528,0.00952380952380949
2023-04-06,7390,7390,7110,7260,54172,-0.021563342318059342
2023-04-07,7250,7320,7120,7150,70668,-0.015151515151515138
2023-04-10,7150,7190,6980,7140,89209,-0.0013986013986013734
2023-04-11,7050,7170,6980,7130,37017,-0.0014005602240896309
2023-04-12,7100,7230,7060,7160,47348,0.004207573632538653
2023-04-13,7160,7250,7080,7200,28091,0.005586592178770999
2023-04-14,7250,7270,7110,7160,33598,-0.005555555555555536
2023-04-17,7160,7160,7050,7080,30430,-0.011173184357541888
2023-04-18,7080,7110,7010,7090,31104,0.0014124293785311437
2023-04-19,7090,7100,7000,7090,61758,0.0
2023-04-20,7060,7080,6840,6950,88030,-0.019746121297602226
2023-04-21,6880,6930,6760,6860,44060,-0.012949640287769792
2023-04-24,6770,6840,6660,6700,26695,-0.023323615160349864
2023-04-25,6660,7000,6500,7000,60726,0.04477611940298498
2023-04-26,6970,6970,6580,6590,39198,-0.05857142857142861
2023-04-27,6590,6940,6440,6900,43182,0.047040971168436974
2023-04-28,6850,6860,6580,6690,53398,-0.0304347826086957
2023-05-02,6690,6980,6630,6980,29933,0.0433482810164425
2023-05-03,6940,6940,6720,6760,36708,-0.03151862464183386
2023-05-04,6700,6850,6680,6840,24484,0.01183431952662728
2023-05-08,6850,6930,6820,6910,19271,0.01023391812865504
2023-05-09,6980,6980,6740,6740,17124,-0.02460202604920403
2023-05-10,6740,6830,6680,6810,9905,0.010385756676557945
2023-05-11,6810,6920,6790,6830,30982,0.002936857562408246
2023-05-12,7170,7360,6890,6900,221637,0.01024890190336758
2023-05-15,6900,7040,6750,6880,32675,-0.0028985507246376274
2023-05-16,6920,6990,6880,6880,40767,0.0
2023-05-17,6850,6990,6850,6930,20624,0.007267441860465018
2023-05-18,6910,7060,6910,7000,25646,0.010101010101010166
2023-05-19,7010,7070,6950,6980,20747,-0.0028571428571428914
2023-05-22,6980,7080,6960,7020,22640,0.005730659025787954
2023-05-23,7130,7130,6960,7030,19002,0.0014245014245013454
2023-05-24,7060,7060,6900,6960,24949,-0.009957325746799417
2023-05-25,7050,7050,6840,6850,25725,-0.015804597701149392
2023-05-26,6910,6910,6760,6800,18188,-0.007299270072992692
2023-05-30,6830,6860,6710,6810,18129,0.0014705882352941124
2023-05-31,6830,6950,6830,6850,13361,0.005873715124816492
2023-06-01,6920,6980,6850,6970,29404,0.01751824817518255
2023-06-02,6970,7020,6930,6940,16027,-0.004304160688665681
2023-06-05,6940,7490,6920,7090,403200,0.021613832853025983
2023-06-07,7050,7350,7010,7250,156558,0.02256699576868826
2023-06-08,7230,7230,7070,7100,36524,-0.020689655172413834
2023-06-09,7110,7180,7040,7080,18591,-0.0028169014084507005
2023-06-12,7060,7080,6990,7050,19853,-0.004237288135593209
2023-06-13,7060,7160,7000,7030,33206,-0.0028368794326241176
2023-06-14,7030,7060,6900,6960,32882,-0.009957325746799417
2023-06-15,6950,7000,6900,6990,22152,0.004310344827586299
2023-06-16,7030,7120,6990,7100,41611,0.01573676680972813
2023-06-19,7100,7170,7000,7150,25083,0.007042253521126751
2023-06-20,7100,7180,7090,7140,20853,-0.0013986013986013734
2023-06-21,7140,7180,7030,7100,28555,-0.0056022408963585235
2023-06-22,7100,7140,7010,7100,15908,0.0
2023-06-23,7210,7220,7050,7100,21268,0.0
2023-06-26,7160,7310,7060,7140,76767,0.005633802816901401
2023-06-27,7190,7600,7140,7370,342757,0.03221288515406173
2023-06-28,7440,7450,7080,7120,172687,-0.03392130257801895
2023-06-29,7130,7180,7000,7000,80563,-0.016853932584269704
2023-06-30,7040,7170,6970,7140,28395,0.020000000000000018
2023-07-03,7140,7200,7090,7160,20300,0.0028011204481792618
2023-07-04,7230,7230,7040,7090,27066,-0.009776536312849138
2023-07-05,7090,7170,6880,6890,72828,-0.028208744710860323
2023-07-06,6890,6990,6650,6990,104732,0.014513788098693858
2023-07-07,6880,6880,6670,6670,66334,-0.045779685264663805
2023-07-10,6670,6750,6560,6710,41700,0.0059970014992503096
2023-07-11,6800,6820,6670,6700,15096,-0.0014903129657227732
2023-07-12,6700,6890,6530,6640,76583,-0.008955223880596996
2023-07-13,6650,6710,6600,6650,24452,0.001506024096385561
2023-07-14,6650,6690,6500,6510,64034,-0.021052631578947323
2023-07-17,6510,6550,6300,6530,21232,0.003072196620583778
2023-07-18,6590,6590,6360,6450,38055,-0.01225114854517606
2023-07-19,6450,6600,6270,6590,62727,0.02170542635658923
2023-07-20,6590,6590,6410,6480,16765,-0.01669195751138086
2023-07-21,6410,6490,6300,6390,37769,-0.01388888888888884
2023-07-24,6420,6420,6110,6190,51320,-0.031298904538341166
2023-07-25,6200,6200,5980,5980,46911,-0.03392568659127626
2023-07-26,5950,6010,5700,5820,73030,-0.026755852842809347
2023-07-27,5730,6290,5730,6290,58653,0.0807560137457044
2023-07-28,6380,6380,6190,6250,16537,-0.006359300476947549
2023-07-31,6250,6290,6140,6220,12475,-0.0048000000000000265
2023-08-01,6260,6320,6190,6280,15584,0.009646302250803762
2023-08-02,6320,6750,6240,6430,98929,0.023885350318471277
2023-08-03,6650,6780,6250,6270,90450,-0.02488335925349927
2023-08-04,6250,6370,6190,6310,21376,0.006379585326953707
2023-08-07,6190,6470,6130,6180,30213,-0.020602218700475405
2023-08-08,6190,6680,6110,6310,180573,0.021035598705501535
2023-08-09,6310,6400,6200,6280,27873,-0.004754358161648153
2023-08-10,6280,6280,6070,6210,51149,-0.011146496815286677
2023-08-11,6160,6290,6100,6270,24763,0.009661835748792313
2023-08-14,6170,6270,6100,6150,32784,-0.019138755980861233
2023-08-16,6060,6150,5990,6140,62231,-0.001626016260162566
2023-08-17,6060,6080,5840,5930,43975,-0.03420195439739415
2023-08-18,5850,5900,5820,5880,15888,-0.00843170320404718
2023-08-21,5770,5930,5770,5880,14975,0.0
2023-08-22,5850,5950,5780,5920,19910,0.006802721088435382
2023-08-23,5920,7690,5830,7690,3621242,0.2989864864864864
2023-08-24,8840,8990,7400,7420,5931495,-0.03511053315994794
2023-08-25,7320,7610,6900,6900,879611,-0.07008086253369272
2023-08-28,6930,7360,6460,7100,1401073,0.02898550724637672
2023-08-29,7730,9230,7610,7920,17660705,0.11549295774647894
2023-08-30,7860,8130,7560,7570,1474794,-0.04419191919191923
2023-08-31,7560,7630,7130,7180,770036,-0.0515191545574637
2023-09-01,7180,7230,6910,6920,465832,-0.03621169916434541
2023-09-04,6810,6900,6690,6750,222309,-0.024566473988439252
2023-09-05,6720,6810,6580,6600,585581,-0.022222222222222254
2023-09-06,6670,6740,6530,6590,206715,-0.0015151515151514694
2023-09-07,6570,6630,6320,6470,232686,-0.018209408194233667
2023-09-08,6450,7170,6350,6670,841845,0.03091190108191655
2023-09-11,6610,6730,6590,6670,106296,0.0
2023-09-12,6790,6980,6480,6480,348901,-0.028485757121439303
2023-09-13,6430,6600,6390,6500,78323,0.0030864197530864335
2023-09-14,6490,6700,6410,6550,82333,0.007692307692307665
2023-09-15,6530,6720,6510,6600,93631,0.007633587786259444
2023-09-18,6630,6770,6360,6550,123400,-0.007575757575757569
2023-09-19,6530,6740,6450,6640,111039,0.013740458015267132
2023-09-20,6660,7250,6540,6680,1380482,0.006024096385542244
2023-09-21,6680,7100,6520,6890,830839,0.0314371257485031
2023-09-22,6860,7010,6510,6530,308812,-0.05224963715529751
2023-09-25,6740,7880,6590,7050,8687045,0.07963246554364467
2023-09-26,6940,7140,6510,6530,840192,-0.07375886524822695
2023-09-27,6410,6560,6280,6360,258736,-0.026033690658499253
2023-10-04,6360,6360,5980,6000,205683,-0.05660377358490565
2023-10-05,6000,6250,5850,5860,144127,-0.023333333333333317
2023-10-06,6240,7150,6030,6620,3100233,0.12969283276450505
2023-10-10,7250,7790,6670,6670,3983537,0.007552870090634434
2023-10-11,6670,7100,6670,6870,323492,0.02998500749625177
2023-10-12,6880,7470,6800,7120,1015424,0.0363901018922852
2023-10-13,6860,6910,6480,6560,288713,-0.0786516853932584
2023-10-16,6520,6520,6200,6220,147817,-0.05182926829268297
2023-10-17,6230,6550,6230,6350,132415,0.020900321543408262
2023-10-18,6340,6470,6140,6190,107895,-0.025196850393700787
2023-10-19,6100,6250,6030,6080,60081,-0.017770597738287597
2023-10-20,6030,6270,5920,5940,197559,-0.023026315789473673
2023-10-23,5830,6070,5830,5970,73824,0.005050505050504972
2023-10-24,5970,6140,5800,6060,85267,0.015075376884422065
2023-10-25,6060,6380,6000,6050,209923,-0.0016501650165016146
2023-10-26,5960,6050,5780,5790,100959,-0.04297520661157028
2023-10-27,5800,6170,5750,5900,154464,0.01899827288428324
2023-10-30,5900,5990,5830,5930,54769,0.005084745762711895
2023-10-31,5920,6000,5640,5710,149332,-0.03709949409780777
2023-11-01,5730,5870,5730,5860,71733,0.02626970227670755
2023-11-02,5920,6070,5860,6030,74766,0.029010238907849928
2023-11-03,6040,6130,5960,6070,62550,0.0066334991708125735
2023-11-06,6220,6220,6030,6170,69290,0.016474464579901094
2023-11-07,6120,6220,6000,6060,52695,-0.017828200972447306
2023-11-08,6090,6180,6010,6030,34404,-0.004950495049504955
2023-11-09,6110,6110,5940,5980,30366,-0.008291873963515717
2023-11-10,5980,5980,5860,5920,22946,-0.010033444816053505
2023-11-13,5960,6000,5820,5880,40131,-0.006756756756756799
2023-11-14,5800,6050,5800,6010,39035,0.022108843537415046
2023-11-15,6100,6110,6010,6050,35671,0.006655574043261225
2023-11-16,6050,6130,6010,6090,29440,0.006611570247933907
2023-11-17,6150,6150,5940,6020,47890,-0.011494252873563204
2023-11-20,6000,6120,5970,6080,38411,0.009966777408637828
2023-11-21,6210,6210,6060,6110,33729,0.004934210526315708
2023-11-22,6130,6130,6000,6020,24311,-0.014729950900163713
2023-11-23,6050,6100,5930,6010,34263,-0.0016611295681062677
2023-11-24,6000,6080,5970,5970,35380,-0.006655574043261225
2023-11-27,5970,6000,5860,5860,51046,-0.018425460636515956
2023-11-28,5860,5950,5810,5830,43546,-0.005119453924914641
2023-11-29,5830,5980,5810,5860,35079,0.005145797598627766
2023-11-30,5830,5980,5830,5950,20722,0.015358361774743923
2023-12-01,6000,6180,5990,6070,71313,0.020168067226890685
2023-12-04,6080,6080,5960,5960,23925,-0.018121911037891292
2023-12-05,6020,6250,6000,6070,213319,0.01845637583892623
2023-12-06,6040,6190,6000,6160,95119,0.014827018121911006
2023-12-07,6150,6190,6070,6110,39136,-0.008116883116883078
2023-12-08,6090,6260,6090,6260,58762,0.02454991816693952
2023-12-11,6260,6490,6220,6350,180940,0.01437699680511173
2023-12-12,6250,6320,6120,6130,73711,-0.03464566929133861
2023-12-13,6100,6190,6010,6020,32487,-0.01794453507340943
2023-12-14,6080,6140,6030,6030,23245,0.0016611295681063787
2023-12-15,6040,6130,6010,6090,17796,0.00995024875621886
2023-12-18,6090,6130,6040,6110,13904,0.003284072249589487
2023-12-19,6150,6150,6090,6090,14834,-0.00327332242225864
2023-12-20,6160,6160,6050,6110,55706,0.003284072249589487
2023-12-21,6030,6180,6010,6060,53441,-0.008183306055646433
2023-12-22,6070,6100,6020,6080,23622,0.0033003300330032292
2023-12-26,6120,6120,5960,6000,40430,-0.013157894736842146
2023-12-27,5920,6060,5900,5990,38363,-0.0016666666666667052
2023-12-28,6040,6040,5640,5980,29123,-0.0016694490818029983
2024-01-02,6070,6070,5940,6000,21247,0.0033444816053511683
2024-01-03,6000,6050,5930,6020,19264,0.0033333333333334103
2024-01-04,6010,6030,5950,5980,24846,-0.006644518272425293
2024-01-05,5960,6040,5940,5990,16259,0.0016722408026756952
2024-01-08,6000,6200,5960,6040,46182,0.008347245409014992
2024-01-09,6100,6200,6040,6170,107353,0.021523178807947074
2024-01-10,6140,6250,6070,6080,30779,-0.014586709886547866
2024-01-11,6120,7330,6120,6310,6786470,0.03782894736842102
2024-01-12,6300,6350,6150,6270,307984,-0.006339144215530945
2024-01-15,6270,6560,6150,6390,368250,0.019138755980861344
2024-01-16,6300,6920,6300,6440,946761,0.00782472613458518
2024-01-17,6350,6430,6180,6330,197637,-0.017080745341614856
2024-01-18,6380,6540,6250,6440,204977,0.017377567140600236
2024-01-19,6590,6590,6330,6360,120097,-0.012422360248447228
2024-01-22,6360,6460,6300,6420,98154,0.009433962264151052
2024-01-23,6370,6530,6330,6450,100226,0.004672897196261738
2024-01-24,6470,6500,6260,6330,79849,-0.018604651162790753
2024-01-25,6280,6390,6240,6340,43964,0.0015797788309637184
2024-01-26,6320,6420,6320,6390,36047,0.007886435331230235
2024-01-29,6390,6420,6110,6180,81322,-0.032863849765258246
2024-01-30,6200,6290,6070,6180,72991,0.0
2024-01-31,6200,6200,6000,6000,38788,-0.029126213592232997
2024-02-01,6000,6180,5930,6090,24717,0.014999999999999902
2024-02-02,6090,6210,6060,6200,28290,0.01806239737274229
2024-02-05,6200,6240,6110,6150,20257,-0.008064516129032251
2024-02-06,6160,6170,6050,6090,23689,-0.009756097560975618
2024-02-07,6060,6220,6060,6190,26706,0.016420361247947435
2024-02-08,6170,6230,6150,6220,32317,0.004846526655896577
2024-02-13,6250,6360,6220,6330,32944,0.01768488745980701
2024-02-14,6330,6410,6260,6370,53168,0.006319115323854652
2024-02-15,6400,6440,6280,6290,80765,-0.012558869701726816
2024-02-16,6290,6400,6230,6290,29799,0.0
2024-02-19,6290,6430,6220,6370,41643,0.012718600953895098
2024-02-20,6460,6460,6250,6290,28714,-0.012558869701726816
2024-02-21,6190,6320,6100,6110,55641,-0.02861685214626386
2024-02-22,6280,6280,6000,6080,50800,-0.004909983633387904
2024-02-23,6080,6140,6000,6050,24900,-0.004934210526315819
2024-02-26,6050,6180,6040,6120,32260,0.011570247933884392
2024-02-27,6060,6140,5910,6040,55338,-0.013071895424836555
2024-02-28,6000,6180,5980,6150,22011,0.01821192052980125
2024-02-29,6200,6200,6000,6040,21846,-0.01788617886178867
2024-03-04,6090,6160,5980,6050,35450,0.0016556291390728006
2024-03-05,6000,6060,5940,6000,36452,-0.008264462809917328
2024-03-06,6000,6100,5940,6020,21064,0.0033333333333334103
2024-03-07,6000,6050,5890,5950,53941,-0.011627906976744207
2024-03-08,5930,6080,5900,5970,20306,0.003361344537815114
2024-03-11,5970,5970,5890,5910,16386,-0.01005025125628145
2024-03-12,5900,6050,5890,5970,18838,0.010152284263959421
2024-03-13,6050,6070,5940,6040,27310,0.011725293132328396
2024-03-14,6040,6090,5960,5960,24683,-0.013245033112582738
2024-03-15,5960,6020,5920,5980,12054,0.003355704697986628
2024-03-18,5980,6090,5930,6070,35730,0.015050167224080369
2024-03-19,6050,6090,5970,6090,23744,0.0032948929159801743
2024-03-20,6030,6050,5950,5950,23205,-0.02298850574712641
2024-03-21,6050,6190,5960,6150,58310,0.03361344537815136
2024-03-22,6150,6190,6040,6080,25651,-0.011382113821138184
2024-03-25,6140,6180,6050,6180,16188,0.016447368421052655
2024-03-26,6110,6220,6090,6210,40000,0.004854368932038833
2024-03-27,6210,6220,6070,6090,21448,-0.019323671497584516
2024-03-28,6080,6160,6050,6110,19203,0.003284072249589487
2024-03-29,6110,6200,6050,6090,15995,-0.00327332242225864
2024-04-01,6100,6180,6070,6160,21034,0.011494252873563315
2024-04-02,6250,6300,6130,6270,60982,0.017857142857142794
2024-04-03,6270,6300,6110,6140,23760,-0.020733652312599715
2024-04-04,6230,6230,6050,6140,29343,0.0
2024-04-05,6130,6150,5980,6080,27282,-0.009771986970684043
2024-04-08,6080,6090,5960,6020,20896,-0.009868421052631526
2024-04-09,6010,6060,5960,6060,10961,0.006644518272425293
2024-04-11,5960,6120,5960,5960,21065,-0.01650165016501648
2024-04-12,6050,6070,5960,5980,13244,0.003355704697986628
2024-04-15,5920,6050,5910,6050,28422,0.0117056856187292
2024-04-16,6050,6050,5840,5890,32171,-0.026446280991735516
2024-04-17,5890,6000,5860,5920,16581,0.005093378607809784
2024-04-18,5920,6080,5890,5940,8868,0.0033783783783782884
2024-04-19,5960,6390,5820,5900,104324,-0.006734006734006703
2024-04-22,5870,5960,5800,5910,22721,0.0016949152542373724
2024-04-23,5880,5960,5880,5920,15546,0.0016920473773265332
2024-04-24,5950,5990,5910,5940,12167,0.0033783783783782884
2024-04-25,5970,6060,5950,6020,16529,0.013468013468013407
2024-04-26,6120,6120,6000,6030,15692,0.0016611295681063787
2024-04-29,6010,6090,5990,6030,30337,0.0
2024-04-30,6040,6060,6000,6050,12765,0.0033167495854062867
2024-05-02,5980,6100,5980,6090,21642,0.006611570247933907
2024-05-03,6080,6120,6020,6040,22489,-0.008210180623973717
2024-05-07,6050,6090,6040,6070,14293,0.004966887417218624
2024-05-08,6080,6120,6010,6100,33214,0.0049423393739702615
2024-05-09,6140,6150,6100,6110,14478,0.0016393442622950616
2024-05-10,6050,6130,6050,6110,12695,0.0
2024-05-13,6110,6150,6090,6140,15148,0.004909983633387904
2024-05-14,6080,6170,6080,6150,12641,0.0016286644951140072
2024-05-16,6180,6190,6110,6150,16130,0.0
2024-05-17,6100,6160,6010,6010,27290,-0.02276422764227637
2024-05-20,6000,6050,5950,6010,22800,0.0
2024-05-21,5970,6010,5930,6010,18047,0.0
2024-05-22,5990,6030,5940,6000,11834,-0.0016638935108153063
2024-05-23,6030,6130,5970,6010,26923,0.0016666666666667052
2024-05-24,6000,6020,5940,5970,12915,-0.006655574043261225
2024-05-27,6040,6040,5920,5960,15472,-0.0016750418760469454
2024-05-28,5960,6050,5950,6000,17826,0.006711409395973256
2024-05-29,5960,6020,5910,5940,16103,-0.010000000000000009
2024-05-30,5930,5930,5860,5860,12134,-0.013468013468013518
2024-05-31,5850,5930,5820,5830,14472,-0.005119453924914641
2024-06-03,5830,5990,5800,5940,15776,0.018867924528301883
2024-06-04,5890,5930,5860,5890,12037,-0.008417508417508435
2024-06-05,5860,5900,5800,5890,14696,0.0
2024-06-07,5830,5910,5830,5910,10638,0.00339558573853993
2024-06-10,5900,5900,5740,5850,27790,-0.010152284263959421
2024-06-11,5960,5960,5820,5850,17913,0.0
2024-06-12,5900,5900,5800,5870,13565,0.0034188034188034067
2024-06-13,5910,5910,5790,5830,11746,-0.006814310051107331
2024-06-14,5840,5890,5780,5830,20116,0.0
2024-06-17,5790,5790,5710,5740,28298,-0.015437392795883409
2024-06-18,5740,5790,5630,5700,45987,-0.006968641114982632
2024-06-19,5690,5900,5620,5700,53584,0.0
2024-06-20,5710,5730,5640,5680,10703,-0.0035087719298245723
2024-06-21,5840,5840,5610,5660,11339,-0.0035211267605633756
2024-06-24,5630,5690,5480,5530,30744,-0.02296819787985871
2024-06-25,5530,5530,5260,5440,41956,-0.016274864376130238
2024-06-26,5440,5440,5330,5400,10515,-0.007352941176470562
2024-06-27,5400,5400,5180,5240,92950,-0.029629629629629672
2024-06-28,5240,5310,5170,5240,19261,0.0
2024-07-01,5240,5600,5120,5220,71132,-0.003816793893129722
2024-07-02,5180,5270,5110,5180,19813,-0.007662835249042099
2024-07-03,5180,5210,5070,5130,21129,-0.009652509652509633
2024-07-04,5100,5160,5080,5130,17277,0.0
2024-07-05,5130,5130,4980,5000,36329,-0.025341130604288553
2024-07-08,4990,5000,4930,4970,26809,-0.006000000000000005
2024-07-09,4955,4970,4900,4920,20049,-0.010060362173038184
2024-07-10,4930,4990,4900,4950,28374,0.0060975609756097615
2024-07-11,4960,5030,4955,4985,17273,0.007070707070707005
2024-07-12,4975,5320,4945,4975,37378,-0.0020060180541624506
2024-07-15,4975,5100,4950,5030,11156,0.011055276381909618
2024-07-16,5030,5060,5010,5050,13582,0.003976143141153132
2024-07-17,5050,5080,5030,5050,17910,0.0
2024-07-18,5030,5110,4965,4995,36400,-0.0108910891089109
2024-07-19,4995,5070,4955,5020,13045,0.005005005005005003
2024-07-22,5020,5030,4965,4990,10621,-0.005976095617529875
2024-07-23,5010,5020,4900,4910,15998,-0.01603206412825653
2024-07-24,4910,4950,4750,4800,34132,-0.022403258655804503
2024-07-25,4785,4800,4630,4650,41739,-0.03125
2024-07-26,4650,4695,4630,4675,17602,0.005376344086021501
2024-07-29,4670,4690,4640,4675,16772,0.0
2024-07-30,4675,4715,4640,4690,16030,0.0032085561497325887
2024-07-31,4670,4700,4635,4665,9301,-0.005330490405117239
2024-08-01,4690,4695,4610,4670,11000,0.001071811361200492
2024-08-02,4680,4685,4600,4600,10214,-0.01498929336188437
2024-08-05,4560,4560,3585,3915,56887,-0.14891304347826084
2024-08-06,3915,4225,3915,4045,65723,0.033205619412515874
2024-08-07,4005,4245,4000,4155,17928,0.027194066749072876
2024-08-08,4155,4190,4105,4180,22867,0.006016847172081841
2024-08-09,4185,4410,4185,4405,17664,0.053827751196172224
2024-08-12,4390,4450,4375,4375,8903,-0.006810442678774176
2024-08-13,4390,4420,4350,4375,5119,0.0
2024-08-14,4355,4635,4355,4440,37274,0.014857142857142902
2024-08-16,4710,4710,4470,4510,31145,0.015765765765765716
2024-08-19,4520,4520,4475,4500,9677,-0.0022172949002217113
2024-08-20,4455,4560,4450,4550,17261,0.011111111111111072
2024-08-21,4535,4620,4510,4600,18224,0.01098901098901095
2024-08-22,4590,4715,4580,4690,14682,0.019565217391304346
2024-08-23,4825,5300,4660,4660,396405,-0.006396588486140775
2024-08-26,4680,4805,4640,4675,50123,0.0032188841201716833
2024-08-27,4670,4745,4650,4695,17568,0.004278074866310266
2024-08-28,4645,4695,4610,4615,16727,-0.017039403620873306
2024-08-29,4570,4635,4540,4575,10459,-0.008667388949079036
2024-08-30,4540,4640,4540,4615,9755,0.008743169398907069
2024-09-02,4620,4650,4600,4620,9050,0.0010834236186347823
2024-09-03,4620,4740,4620,4670,8579,0.010822510822510845
2024-09-04,4530,4665,4530,4570,10072,-0.021413276231263434
2024-09-05,4575,4900,4575,4700,34359,0.02844638949671774
2024-09-06,4700,4800,4560,4585,29092,-0.024468085106382986
2024-09-09,4580,4695,4500,4675,14616,0.019629225736095934
2024-09-10,4605,4690,4590,4625,12661,-0.010695187165775444
2024-09-11,4680,4680,4540,4620,10999,-0.00108108108108107
2024-09-12,4590,4675,4580,4650,8518,0.006493506493506551
2024-09-13,4650,4680,4625,4660,8481,0.0021505376344086446
2024-09-19,4660,4680,4590,4590,23597,-0.015021459227467782
2024-09-20,4580,4675,4550,4605,8838,0.0032679738562091387
2024-09-23,4600,4605,4540,4570,9464,-0.007600434310532034
2024-09-24,4570,4590,4555,4570,7959,0.0
2024-09-25,4540,4630,4530,4540,14132,-0.006564551422319487
2024-09-26,4530,4690,4530,4670,9188,0.028634361233480066
2024-09-27,4695,4800,4630,4755,11860,0.01820128479657379
2024-09-30,4800,4855,4755,4755,7411,0.0
2024-10-02,4790,4890,4685,4800,11143,0.009463722397476282
2024-10-04,4800,4875,4755,4755,13005,-0.009375000000000022
2024-10-07,4775,4805,4735,4735,17294,-0.004206098843322792
2024-10-08,4735,4780,4665,4665,12249,-0.014783526927138357
2024-10-10,4630,4800,4630,4680,13515,0.003215434083601254
2024-10-11,4690,4770,4690,4740,6446,0.012820512820512775
2024-10-14,4695,4795,4680,4790,6070,0.010548523206751037
2024-10-15,4790,5260,4755,4910,106093,0.025052192066805867
2024-10-16,4910,4930,4820,4885,18576,-0.005091649694501044
2024-10-17,4885,4905,4840,4840,11485,-0.0092118730808598
2024-10-18,4795,4910,4795,4880,10201,0.008264462809917328
2024-10-21,4795,4905,4795,4880,10168,0.0
2024-10-22,4995,5790,4800,4815,1660857,-0.013319672131147486
2024-10-23,4815,4915,4770,4835,59628,0.004153686396677125
2024-10-24,4815,5200,4785,4875,160544,0.008273009307135482
2024-10-25,4900,5110,4870,5110,74369,0.04820512820512812
2024-10-28,5120,5290,5060,5220,68211,0.021526418786692814
2024-10-29,5230,5370,5140,5170,37833,-0.009578544061302652
2024-10-30,5170,5180,4870,5110,35316,-0.011605415860735047
2024-10-31,5040,5040,4935,4960,29324,-0.02935420743639927
2024-11-01,4940,4940,4820,4855,22173,-0.02116935483870963
2024-11-04,4855,4920,4810,4860,38965,0.001029866117404632
2024-11-05,4830,4960,4830,4865,13375,0.0010288065843622185
2024-11-06,4900,4955,4805,4825,19208,-0.008221993833504637
2024-11-07,4780,4865,4640,4680,34644,-0.030051813471502542
2024-11-08,4945,5430,4680,4740,1217013,0.012820512820512775
2024-11-11,4750,4830,4700,4740,67540,0.0
2024-11-12,4675,4740,4400,4405,106644,-0.07067510548523204
2024-11-13,4410,4525,4255,4325,30735,-0.018161180476730987
2024-11-14,4435,4700,4330,4375,84576,0.011560693641618602
2024-11-15,4335,4375,4105,4290,30464,-0.01942857142857146
2024-11-18,4250,4475,4250,4390,6383,0.02331002331002341
2024-11-19,4345,4465,4300,4370,7435,-0.004555808656036442
2024-11-20,4380,4460,4325,4415,16833,0.010297482837528626
2024-11-21,4500,4555,4415,4435,12000,0.0045300113250283935
2024-11-22,4440,4800,4440,4545,47876,0.024802705749718212
2024-11-25,4810,4810,4490,4545,15269,0.0
2024-11-26,4600,4695,4500,4635,18322,0.01980198019801982
2024-11-27,4675,4675,4525,4560,13489,-0.016181229773462813
2024-11-28,4560,4675,4550,4555,7318,-0.0010964912280702066
2024-11-29,4560,4650,4515,4520,10113,-0.007683863885839748
2024-12-02,4530,4685,4530,4575,18975,0.012168141592920456
2024-12-03,4530,4695,4530,4560,12609,-0.003278688524590123
2024-12-04,4510,4515,4330,4405,14874,-0.033991228070175405
2024-12-05,4370,4395,4330,4385,9768,-0.004540295119182747
2024-12-06,4390,4390,4120,4195,29079,-0.043329532497149326
2024-12-09,4150,4150,3955,3995,25553,-0.04767580452920139
2024-12-10,3935,4195,3935,4140,20781,0.03629536921151444
2024-12-11,4480,5110,4410,4485,1149368,0.08333333333333326
2024-12-12,4515,5830,4495,5020,5241234,0.11928651059085849
2024-12-13,5070,5070,4670,4840,414085,-0.03585657370517925
2024-12-16,4840,5210,4795,4890,591065,0.010330578512396604
2024-12-17,5180,5320,4905,4945,379067,0.011247443762781195
2024-12-18,5140,5290,4945,5070,421195,0.025278058645096024
2024-12-19,5100,6150,4955,5380,3683453,0.06114398422090739
2024-12-20,5250,5300,4885,4940,380642,-0.08178438661710041
2024-12-23,5050,5970,5010,5460,2924119,0.10526315789473695
2024-12-24,5440,6430,5380,5530,3567002,0.012820512820512775
2024-12-26,5610,6420,5610,5880,2912887,0.06329113924050622
2024-12-27,6300,7640,6160,7120,11047191,0.2108843537414966
2024-12-30,7230,8900,7040,8020,9513901,0.1264044943820224
2025-01-02,7850,8090,7610,7950,1273848,-0.00872817955112215
2025-01-03,8300,9690,8140,8610,10236882,0.08301886792452828
2025-01-06,8630,9140,8200,8430,1779980,-0.020905923344947785
2025-01-07,8600,8640,7690,7750,1047043,-0.08066429418742582
2025-01-08,7560,7600,7000,7090,1026434,-0.08516129032258068
2025-01-09,6460,6760,5910,6420,1204609,-0.09449929478138219
2025-01-10,6480,6790,6420,6440,665235,0.0031152647975076775
2025-01-13,6290,6330,6050,6060,419027,-0.05900621118012417
2025-01-14,5760,5940,5690,5800,508614,-0.04290429042904287
2025-01-15,6150,7240,6030,6650,9655220,0.14655172413793105
2025-01-16,7360,7600,6580,6630,3237511,-0.003007518796992459
2025-01-17,6630,6690,6150,6230,626126,-0.0603318250377074
2025-01-20,6100,6250,5950,6220,336919,-0.0016051364365970988
2025-01-21,6190,6190,5970,6060,310299,-0.025723472668810254
2025-01-22,6480,6610,6150,6300,1066464,0.03960396039603964
2025-01-23,6150,6160,5920,5920,301005,-0.060317460317460325
2025-01-24,5940,6770,5920,6340,1722107,0.07094594594594605
2025-01-31,6380,6420,6100,6210,208481,-0.02050473186119872
2025-02-03,6160,6180,5830,5880,261204,-0.0531400966183575
2025-02-04,6080,7270,6070,6330,4390611,0.07653061224489788
2025-02-05,6350,6560,6220,6360,381735,0.004739336492890933
2025-02-06,6500,6550,6320,6370,428092,0.0015723270440251014
2025-02-07,6300,6490,6180,6350,306564,-0.0031397174254317317
2025-02-10,6210,6340,6140,6290,222530,-0.009448818897637823
2025-02-11,6510,6590,6360,6360,462135,0.0111287758346581
2025-02-12,6300,6320,6140,6170,177710,-0.029874213836478036
2025-02-13,6260,6300,6050,6190,184113,0.0032414910858995505
2025-02-14,6150,6200,6040,6050,128569,-0.022617124394184174
2025-02-17,6040,6140,5950,6120,99664,0.011570247933884392
2025-02-18,6120,6120,5940,6000,129754,-0.019607843137254943
2025-02-19,5940,5950,5750,5880,183611,-0.020000000000000018
2025-02-20,6130,6170,5810,5830,242858,-0.008503401360544172
2025-02-21,5990,6100,5880,5900,151669,0.012006861063464935
2025-02-24,5800,5860,5750,5830,70471,-0.011864406779661052
2025-02-25,5780,5900,5660,5680,144638,-0.02572898799313894
2025-02-26,5620,5750,5600,5680,93427,0.0
2025-02-27,5670,5800,5670,5680,86228,0.0
2025-02-28,5630,5670,5510,5540,79187,-0.02464788732394363
2025-03-04,5540,5540,5400,5480,56069,-0.010830324909747335
2025-03-05,5480,6630,5480,5810,5109727,0.06021897810218979
2025-03-06,5820,6310,5720,5810,2040330,0.0
2025-03-07,5730,5850,5600,5680,195045,-0.022375215146299476
2025-03-10,5620,5800,5570,5690,101418,0.0017605633802817433
2025-03-11,5500,5790,5360,5570,185709,-0.02108963093145866
2025-03-12,5590,6350,5580,5770,1730127,0.03590664272890476
2025-03-13,6050,6320,5950,5990,1291966,0.03812824956672434
2025-03-14,5960,6050,5630,5930,202305,-0.01001669449081799
2025-03-17,6260,6300,5960,5980,374275,0.008431703204047292
2025-03-18,6000,6180,5900,5980,203985,0.0
2025-03-19,5900,6030,5870,5920,114944,-0.010033444816053505
2025-03-20,5930,5980,5800,5810,85194,-0.01858108108108103
2025-03-21,5740,5860,5650,5700,88041,-0.018932874354561147
2025-03-24,5700,5820,5600,5680,85457,-0.0035087719298245723
2025-03-25,5850,5880,5610,5670,86733,-0.0017605633802817433
2025-03-26,5660,5740,5610,5650,89341,-0.003527336860670194
2025-03-27,5620,5650,5520,5530,68931,-0.0212389380530974
2025-03-28,5540,5670,5310,5310,96993,-0.039783001808318286
2025-03-31,5310,5440,5110,5160,61247,-0.02824858757062143
2025-04-01,5120,5360,5110,5330,33007,0.032945736434108586
2025-04-02,5360,5380,5160,5160,58046,-0.031894934333958735
2025-04-03,5110,5230,5010,5110,39074,-0.009689922480620172
2025-04-04,5100,5270,5000,5160,64151,0.009784735812133016
2025-04-07,5030,5030,4760,4820,95579,-0.06589147286821706
2025-04-08,4900,5040,4875,4920,69384,0.020746887966804906
2025-04-09,4920,4995,4700,4720,82172,-0.04065040650406504
2025-04-10,4990,5120,4930,5100,101166,0.0805084745762712
2025-04-11,5100,5170,4895,5170,30683,0.013725490196078383
2025-04-14,5180,5300,5100,5260,65632,0.01740812379110257
2025-04-15,5210,5490,5100,5260,131657,0.0
2025-04-16,5180,5400,5180,5200,58026,-0.011406844106463865
2025-04-17,5220,5360,5200,5310,49367,0.02115384615384608
2025-04-18,5400,5400,5260,5290,35542,-0.0037664783427495685
2025-04-21,5300,5390,5250,5300,25215,0.001890359168241984
2025-04-22,5220,5390,5220,5290,48699,-0.0018867924528301883
2025-04-23,5400,5400,5270,5310,37279,0.003780718336483968
2025-04-24,5360,5510,5300,5370,86052,0.011299435028248483
2025-04-25,5480,5500,5350,5460,34625,0.016759776536312776
2025-04-28,5600,6640,5520,6060,4306065,0.10989010989010994
2025-04-29,6030,6090,5760,5930,485608,-0.021452145214521434
2025-04-30,5800,5830,5490,5540,286401,-0.06576728499156825
2025-05-02,5520,5520,5370,5480,150386,-0.010830324909747335
2025-05-07,5380,5550,5380,5510,93760,0.005474452554744547
2025-05-08,5520,6150,5480,5700,1341779,0.034482758620689724
2025-05-09,5870,5900,5660,5700,323571,0.0
2025-05-12,5720,5860,5670,5740,130453,0.007017543859649145
2025-05-13,5720,5830,5720,5750,91423,0.0017421602787457413
2025-05-14,5890,5930,5790,5830,105220,0.013913043478260834
2025-05-15,5830,5970,5770,5800,109015,-0.005145797598627766
2025-05-16,5780,5780,5560,5590,111057,-0.036206896551724155
2025-05-19,5590,5680,5260,5550,61341,-0.007155635062611854
2025-05-20,5540,5700,5540,5600,36813,0.009009009009008917
2025-05-21,5700,6000,5600,5670,153545,0.012499999999999956
2025-05-22,5670,5700,5580,5650,45369,-0.003527336860670194
2025-05-23,5910,5910,5670,5690,152167,0.0070796460176991705
2025-05-26,5690,5800,5660,5720,43114,0.005272407732864748
2025-05-27,5710,5760,5670,5710,41459,-0.0017482517482517723
2025-05-28,5710,5820,5670,5720,58921,0.0017513134851139256
2025-05-29,5720,5750,5670,5720,47343,0.0
2025-05-30,5650,5900,5560,5700,90919,-0.0034965034965035446
2025-06-02,5660,5790,5650,5680,37470,-0.0035087719298245723
2025-06-04,5690,5850,5660,5820,56475,0.02464788732394374
2025-06-05,5820,5840,5750,5820,47194,0.0
2025-06-09,5810,5910,5750,5850,59737,0.005154639175257714
