Date,Open,High,Low,Close,Volume,Change
2022-01-03,1690,1700,1670,1695,349597,0.005934718100890191
2022-01-04,1690,1780,1690,1740,2893818,0.026548672566371723
2022-01-05,1740,1755,1715,1740,918615,0.0
2022-01-06,1730,1790,1700,1765,1651987,0.014367816091954033
2022-01-07,1765,1780,1740,1765,818163,0.0
2022-01-10,1765,1775,1715,1725,621228,-0.022662889518413554
2022-01-11,1750,1860,1685,1690,4027737,-0.020289855072463725
2022-01-12,1700,1775,1695,1755,1492307,0.03846153846153855
2022-01-13,1765,1770,1730,1750,664801,-0.002849002849002802
2022-01-14,1730,1765,1700,1715,784583,-0.020000000000000018
2022-01-17,1720,1725,1660,1670,648575,-0.026239067055393583
2022-01-18,1660,1680,1600,1615,820391,-0.03293413173652693
2022-01-19,1580,1630,1580,1590,564273,-0.015479876160990669
2022-01-20,1585,1625,1585,1620,231823,0.018867924528301883
2022-01-21,1610,1640,1595,1605,415808,-0.0092592592592593
2022-01-24,1595,1605,1565,1575,517240,-0.01869158878504673
2022-01-25,1570,1585,1490,1515,1033018,-0.03809523809523807
2022-01-26,1495,1535,1495,1515,446835,0.0
2022-01-27,1515,1525,1445,1450,800234,-0.04290429042904287
2022-01-28,1450,1505,1430,1505,630258,0.037931034482758585
2022-02-03,1520,1560,1520,1550,379269,0.029900332225913706
2022-02-04,1535,1590,1535,1590,466911,0.02580645161290329
2022-02-07,1590,1595,1570,1570,356545,-0.012578616352201255
2022-02-08,1575,1600,1560,1575,499043,0.0031847133757962887
2022-02-09,1615,1630,1585,1610,428872,0.022222222222222143
2022-02-10,1620,1630,1590,1590,404282,-0.012422360248447228
2022-02-11,1585,1595,1575,1590,375101,0.0
2022-02-14,1560,1575,1505,1525,575024,-0.04088050314465408
2022-02-15,1520,1590,1505,1505,566027,-0.013114754098360604
2022-02-16,1525,1575,1525,1565,478127,0.039867109634551534
2022-02-17,1570,1600,1530,1565,617917,0.0
2022-02-18,1550,1615,1550,1590,833051,0.015974440894568787
2022-02-21,1560,1610,1555,1600,554510,0.0062893081761006275
2022-02-22,1565,1590,1545,1550,507342,-0.03125
2022-02-23,1555,1620,1545,1595,944679,0.029032258064516148
2022-02-24,1580,1590,1540,1545,572916,-0.031347962382445194
2022-02-25,1565,1585,1555,1575,390661,0.01941747572815533
2022-02-28,1580,1610,1565,1600,343861,0.015873015873015817
2022-03-02,1585,1625,1585,1620,476438,0.012499999999999956
2022-03-03,1630,1715,1620,1670,2319242,0.030864197530864113
2022-03-04,1660,1670,1645,1670,599312,0.0
2022-03-07,1735,1735,1650,1660,1781155,-0.005988023952095856
2022-03-08,1620,1655,1610,1630,807195,-0.01807228915662651
2022-03-10,1665,1690,1645,1685,806140,0.033742331288343586
2022-03-11,1685,1770,1680,1770,3520914,0.05044510385756684
2022-03-14,1775,1775,1705,1715,1785122,-0.031073446327683607
2022-03-15,1715,1750,1695,1695,1013631,-0.011661807580174877
2022-03-16,1715,1780,1705,1760,2230132,0.03834808259587019
2022-03-17,1775,1780,1725,1740,1240268,-0.011363636363636354
2022-03-18,1740,1750,1725,1730,583611,-0.005747126436781658
2022-03-21,1735,1750,1715,1725,534923,-0.0028901734104046506
2022-03-22,1730,1730,1690,1725,585958,0.0
2022-03-23,1740,1860,1725,1795,10590613,0.04057971014492745
2022-03-24,1835,1875,1790,1850,7955295,0.03064066852367686
2022-03-25,1840,1855,1790,1810,3651735,-0.021621621621621623
2022-03-28,1895,1920,1805,1805,6443047,-0.002762430939226568
2022-03-29,1810,1830,1780,1790,1586045,-0.008310249307479256
2022-03-30,1795,1805,1770,1770,993046,-0.011173184357541888
2022-03-31,1780,1785,1760,1770,560897,0.0
2022-04-01,1765,1785,1750,1765,953632,-0.0028248587570621764
2022-04-04,1815,1820,1770,1780,1121294,0.008498583569405138
2022-04-05,1790,1890,1785,1810,5271910,0.016853932584269593
2022-04-06,1810,1830,1790,1815,1353150,0.0027624309392264568
2022-04-07,1795,1800,1750,1755,783284,-0.03305785123966942
2022-04-08,1760,1775,1720,1730,839305,-0.014245014245014231
2022-04-11,1735,1750,1710,1720,348880,-0.005780346820809301
2022-04-12,1710,1770,1690,1700,981403,-0.011627906976744207
2022-04-13,1705,1730,1695,1720,297523,0.0117647058823529
2022-04-14,1730,1730,1715,1720,535369,0.0
2022-04-15,1725,1735,1710,1735,484624,0.008720930232558155
2022-04-18,1735,1745,1715,1735,596011,0.0
2022-04-19,1735,1750,1730,1740,424908,0.0028818443804035088
2022-04-20,1740,1815,1735,1790,2499782,0.028735632183908066
2022-04-21,1790,1805,1770,1780,962411,-0.005586592178770999
2022-04-22,1760,1785,1745,1785,649447,0.002808988764045006
2022-04-25,1735,1810,1735,1755,932780,-0.01680672268907568
2022-04-26,1800,1825,1785,1820,3239475,0.03703703703703698
2022-04-27,1790,1855,1770,1820,3092532,0.0
2022-04-28,1830,1840,1795,1820,1223880,0.0
2022-04-29,1815,1820,1785,1800,842827,-0.01098901098901095
2022-05-02,1785,1835,1780,1820,1582000,0.011111111111111072
2022-05-03,1815,1825,1805,1810,796382,-0.005494505494505475
2022-05-04,1810,1815,1780,1780,753027,-0.016574585635359074
2022-05-06,1755,1805,1755,1770,1155277,-0.005617977528089901
2022-05-09,1750,1765,1680,1695,934578,-0.0423728813559322
2022-05-10,1640,1670,1610,1665,864546,-0.017699115044247815
2022-05-11,1660,1685,1650,1655,385370,-0.006006006006005982
2022-05-12,1655,1655,1575,1585,615389,-0.04229607250755285
2022-05-13,1605,1625,1590,1615,365158,0.018927444794952786
2022-05-16,1625,1645,1615,1635,348900,0.01238390092879249
2022-05-17,1630,1650,1630,1640,209917,0.003058103975535076
2022-05-18,1650,1665,1620,1625,388832,-0.009146341463414642
2022-05-19,1585,1610,1575,1600,384407,-0.01538461538461533
2022-05-20,1600,1625,1600,1615,247171,0.009374999999999911
2022-05-23,1620,1625,1600,1605,260542,-0.006191950464396245
2022-05-24,1605,1620,1580,1590,420623,-0.009345794392523366
2022-05-25,1605,1630,1595,1600,311083,0.0062893081761006275
2022-05-26,1600,1620,1590,1605,318813,0.0031250000000000444
2022-05-27,1610,1625,1605,1615,196221,0.006230529595015577
2022-05-30,1625,1635,1615,1625,223116,0.006191950464396356
2022-05-31,1625,1635,1620,1630,640996,0.003076923076922977
2022-06-02,1630,1640,1620,1625,269404,-0.0030674846625766694
2022-06-03,1630,1645,1625,1635,222144,0.006153846153846176
2022-06-07,1635,1635,1600,1610,300120,-0.015290519877675823
2022-06-08,1610,1625,1605,1615,202229,0.0031055900621117516
2022-06-09,1610,1780,1580,1640,10352651,0.015479876160990669
2022-06-10,1610,1635,1600,1620,828329,-0.012195121951219523
2022-06-13,1570,1585,1510,1510,745063,-0.0679012345679012
2022-06-14,1480,1520,1460,1510,629527,0.0
2022-06-15,1485,1515,1455,1460,726223,-0.0331125827814569
2022-06-16,1475,1520,1465,1470,624661,0.006849315068493178
2022-06-17,1430,1490,1420,1485,484151,0.010204081632652962
2022-06-20,1495,1505,1390,1400,888634,-0.0572390572390572
2022-06-21,1400,1425,1395,1410,287265,0.0071428571428571175
2022-06-22,1415,1430,1305,1315,669880,-0.06737588652482274
2022-06-23,1300,1325,1210,1210,1440221,-0.07984790874524716
2022-06-24,1200,1285,1200,1285,818616,0.06198347107438007
2022-06-27,1300,1355,1290,1340,499147,0.04280155642023353
2022-06-28,1340,1375,1320,1350,353281,0.00746268656716409
2022-06-29,1315,1375,1315,1355,311830,0.0037037037037037646
2022-06-30,1355,1365,1305,1305,383330,-0.03690036900369009
2022-07-01,1325,1345,1275,1285,481833,-0.01532567049808431
2022-07-04,1300,1320,1220,1240,707616,-0.035019455252918275
2022-07-05,1255,1315,1250,1315,416413,0.06048387096774199
2022-07-06,1310,1315,1280,1290,223571,-0.019011406844106515
2022-07-07,1300,1425,1300,1315,1629263,0.019379844961240345
2022-07-08,1330,1350,1325,1330,310141,0.011406844106463865
2022-07-11,1330,1345,1310,1330,372507,0.0
2022-07-12,1315,1320,1275,1280,497478,-0.03759398496240607
2022-07-13,1280,1300,1270,1295,238538,0.01171875
2022-07-14,1285,1305,1275,1305,203158,0.007722007722007707
2022-07-15,1310,1315,1265,1300,191129,-0.003831417624521105
2022-07-18,1310,1340,1305,1335,334455,0.026923076923076827
2022-07-19,1330,1375,1320,1350,579085,0.011235955056179803
2022-07-20,1380,1395,1360,1370,540480,0.014814814814814836
2022-07-21,1365,1380,1355,1380,208548,0.007299270072992803
2022-07-22,1385,1390,1365,1380,183682,0.0
2022-07-25,1360,1420,1360,1385,543769,0.0036231884057971175
2022-07-26,1380,1480,1380,1405,2566868,0.014440433212996373
2022-07-27,1395,1430,1395,1400,346367,-0.003558718861209953
2022-07-28,1420,1420,1395,1400,312451,0.0
2022-07-29,1405,1425,1405,1415,335835,0.010714285714285676
2022-08-01,1425,1440,1410,1435,600095,0.014134275618374659
2022-08-02,1435,1440,1400,1400,307454,-0.024390243902439046
2022-08-03,1390,1435,1390,1435,383656,0.02499999999999991
2022-08-04,1415,1430,1390,1395,741024,-0.027874564459930307
2022-08-05,1395,1405,1390,1405,467802,0.007168458781362075
2022-08-08,1405,1445,1400,1435,848301,0.021352313167259718
2022-08-09,1440,1445,1410,1430,365524,-0.0034843205574912606
2022-08-10,1420,1435,1415,1435,295977,0.0034965034965035446
2022-08-11,1450,1450,1430,1435,362085,0.0
2022-08-12,1435,1450,1435,1450,503174,0.010452961672473782
2022-08-16,1450,1460,1440,1450,493420,0.0
2022-08-17,1445,1445,1425,1430,337490,-0.01379310344827589
2022-08-18,1420,1435,1405,1425,216242,-0.0034965034965035446
2022-08-19,1435,1500,1420,1430,1458525,0.0035087719298245723
2022-08-22,1415,1460,1390,1450,1123049,0.013986013986013957
2022-08-23,1420,1445,1375,1380,738038,-0.0482758620689655
2022-08-24,1385,1405,1370,1390,441371,0.007246376811594235
2022-08-25,1385,1415,1385,1405,398291,0.010791366906474753
2022-08-26,1410,1425,1400,1400,320702,-0.003558718861209953
2022-08-29,1355,1360,1325,1350,480077,-0.0357142857142857
2022-08-30,1350,1375,1350,1365,264161,0.011111111111111072
2022-08-31,1360,1370,1345,1370,221329,0.00366300366300365
2022-09-01,1365,1365,1325,1330,319335,-0.029197080291970767
2022-09-02,1330,1340,1315,1320,358277,-0.007518796992481258
2022-09-05,1310,1325,1295,1295,480345,-0.018939393939393923
2022-09-06,1300,1365,1300,1320,556428,0.019305019305019266
2022-09-07,1310,1320,1265,1275,469649,-0.03409090909090906
2022-09-08,1280,1290,1275,1280,316804,0.0039215686274509665
2022-09-13,1295,1340,1290,1320,1044844,0.03125
2022-09-14,1280,1325,1275,1320,298499,0.0
2022-09-15,1320,1355,1320,1325,564270,0.0037878787878788955
2022-09-16,1305,1335,1290,1300,320922,-0.018867924528301883
2022-09-19,1300,1305,1250,1260,414050,-0.03076923076923077
2022-09-20,1265,1285,1255,1270,435511,0.007936507936507908
2022-09-21,1260,1280,1250,1265,253674,-0.003937007874015741
2022-09-22,1250,1265,1210,1235,303329,-0.02371541501976282
2022-09-23,1230,1240,1185,1190,458650,-0.036437246963562764
2022-09-26,1160,1170,1085,1085,1098664,-0.08823529411764708
2022-09-27,1080,1105,1050,1065,692426,-0.018433179723502335
2022-09-28,1065,1105,1005,1025,843053,-0.03755868544600938
2022-09-29,1040,1075,1030,1035,351675,0.009756097560975618
2022-09-30,1015,1040,1000,1030,354309,-0.004830917874396157
2022-10-04,1050,1075,1040,1075,182946,0.043689320388349495
2022-10-05,1090,1100,1045,1070,281065,-0.0046511627906976605
2022-10-06,1070,1100,1065,1085,251259,0.014018691588784993
2022-10-07,1085,1095,1070,1080,170811,-0.004608294930875556
2022-10-11,1055,1060,1005,1020,418429,-0.05555555555555558
2022-10-12,1015,1030,1000,1025,330327,0.004901960784313708
2022-10-13,1025,1025,983,984,636664,-0.040000000000000036
2022-10-14,1005,1030,1000,1020,550819,0.03658536585365857
2022-10-17,1000,1050,999,1050,309210,0.02941176470588225
2022-10-18,1065,1080,1060,1065,202914,0.014285714285714235
2022-10-19,1070,1080,1045,1055,232953,-0.009389671361502372
2022-10-20,1050,1065,1035,1050,174586,-0.004739336492891044
2022-10-21,1035,1050,1020,1025,269759,-0.023809523809523836
2022-10-24,1045,1065,1040,1040,299059,0.014634146341463428
2022-10-25,1045,1050,1030,1050,228475,0.009615384615384581
2022-10-26,1050,1065,1030,1030,287982,-0.01904761904761909
2022-10-27,1035,1100,1030,1070,1397353,0.03883495145631066
2022-10-28,1060,1075,1040,1040,253518,-0.028037383177570097
2022-10-31,1060,1060,1045,1055,177858,0.014423076923076872
2022-11-01,1055,1075,1055,1075,330138,0.018957345971563955
2022-11-02,1070,1080,1055,1055,247440,-0.018604651162790753
2022-11-03,1040,1065,1030,1060,160476,0.004739336492890933
2022-11-04,1050,1060,1035,1055,292868,-0.004716981132075526
2022-11-07,1055,1080,1050,1075,258372,0.018957345971563955
2022-11-08,1115,1280,1115,1160,16078796,0.07906976744186056
2022-11-09,1160,1180,1145,1175,1410864,0.012931034482758674
2022-11-10,1160,1175,1145,1155,647519,-0.017021276595744705
2022-11-11,1180,1190,1160,1175,1178654,0.017316017316017396
2022-11-14,1165,1195,1155,1185,763431,0.008510638297872353
2022-11-15,1175,1190,1170,1185,492412,0.0
2022-11-16,1180,1185,1160,1170,526769,-0.012658227848101222
2022-11-17,1170,1245,1145,1160,2824993,-0.008547008547008517
2022-11-18,1165,1205,1160,1180,1514778,0.01724137931034475
2022-11-21,1185,1185,1125,1130,578683,-0.0423728813559322
2022-11-22,1115,1150,1100,1130,765147,0.0
2022-11-23,1140,1155,1130,1150,406689,0.017699115044247815
2022-11-24,1165,1220,1150,1200,2089462,0.04347826086956519
2022-11-25,1195,1200,1175,1185,414787,-0.012499999999999956
2022-11-28,1210,1215,1160,1175,831116,-0.008438818565400852
2022-11-29,1170,1185,1160,1185,453861,0.008510638297872353
2022-11-30,1185,1185,1170,1185,255636,0.0
2022-12-01,1200,1205,1190,1200,625014,0.012658227848101333
2022-12-02,1195,1215,1190,1190,449568,-0.008333333333333304
2022-12-05,1190,1205,1185,1200,404649,0.008403361344537785
2022-12-06,1190,1195,1155,1160,452672,-0.033333333333333326
2022-12-07,1155,1160,1130,1155,190142,-0.004310344827586188
2022-12-08,1160,1170,1120,1135,322731,-0.017316017316017285
2022-12-09,1145,1145,1120,1145,248902,0.008810572687224738
2022-12-12,1145,1150,1130,1135,193331,-0.008733624454148492
2022-12-13,1145,1150,1120,1125,286415,-0.008810572687224627
2022-12-14,1135,1155,1135,1155,333672,0.026666666666666616
2022-12-15,1155,1165,1145,1155,239272,0.0
2022-12-16,1140,1150,1130,1145,166469,-0.008658008658008698
2022-12-19,1145,1165,1125,1135,300397,-0.008733624454148492
2022-12-20,1125,1135,1095,1105,345659,-0.026431718061673992
2022-12-21,1110,1115,1085,1095,261745,-0.009049773755656076
2022-12-22,1095,1120,1090,1100,413463,0.004566210045662045
2022-12-23,1085,1090,1045,1050,428999,-0.045454545454545414
2022-12-26,1055,1065,1040,1040,260972,-0.00952380952380949
2022-12-27,1035,1060,1035,1050,243384,0.009615384615384581
2022-12-28,1045,1055,1040,1050,144234,0.0
2022-12-29,1040,1055,1025,1025,270181,-0.023809523809523836
2023-01-02,1025,1040,1000,1010,358217,-0.014634146341463428
2023-01-03,1020,1030,993,1020,336051,0.00990099009900991
2023-01-04,1010,1050,1005,1045,164189,0.02450980392156854
2023-01-05,1045,1065,1035,1050,229373,0.004784688995215225
2023-01-06,1040,1085,1040,1070,232650,0.01904761904761898
2023-01-09,1075,1095,1070,1090,266793,0.01869158878504673
2023-01-10,1095,1115,1080,1090,268991,0.0
2023-01-11,1090,1105,1085,1095,297276,0.004587155963302836
2023-01-12,1105,1115,1090,1110,192594,0.013698630136986356
2023-01-13,1110,1115,1100,1110,196936,0.0
2023-01-16,1115,1120,1105,1110,615333,0.0
2023-01-17,1250,1345,1160,1180,22310960,0.06306306306306309
2023-01-18,1185,1190,1140,1170,1760638,-0.008474576271186418
2023-01-19,1180,1180,1135,1135,1284515,-0.02991452991452992
2023-01-20,1130,1150,1130,1135,634123,0.0
2023-01-25,1147,1149,1138,1144,531654,0.007929515418502175
2023-01-26,1138,1169,1137,1161,711796,0.014860139860139787
2023-01-27,1161,1171,1150,1162,482905,0.0008613264427217437
2023-01-30,1169,1169,1148,1149,426742,-0.011187607573149738
2023-01-31,1147,1195,1143,1195,2212815,0.040034812880765935
2023-02-01,1199,1199,1165,1185,1127553,-0.008368200836820106
2023-02-02,1184,1190,1175,1184,652908,-0.0008438818565400519
2023-02-03,1180,1189,1168,1174,414320,-0.008445945945945943
2023-02-06,1181,1181,1169,1172,312537,-0.0017035775127768327
2023-02-07,1168,1179,1164,1174,326816,0.0017064846416381396
2023-02-08,1179,1179,1168,1175,557595,0.0008517887563883608
2023-02-09,1175,1175,1167,1169,280984,-0.005106382978723456
2023-02-10,1169,1174,1140,1140,591469,-0.02480752780153983
2023-02-13,1135,1153,1131,1141,334971,0.0008771929824560321
2023-02-14,1141,1155,1140,1140,195059,-0.0008764241893076674
2023-02-15,1140,1145,1111,1113,330944,-0.023684210526315752
2023-02-16,1113,1130,1113,1122,170646,0.008086253369272267
2023-02-17,1121,1134,1113,1126,165564,0.0035650623885918886
2023-02-20,1124,1139,1115,1139,191518,0.011545293072824148
2023-02-21,1139,1149,1138,1146,198561,0.006145741878841093
2023-02-22,1142,1169,1131,1136,437614,-0.008726003490401424
2023-02-23,1136,1142,1121,1137,276425,0.0008802816901407606
2023-02-24,1135,1135,1108,1113,358377,-0.02110817941952503
2023-02-27,1109,1109,1050,1097,221825,-0.014375561545372895
2023-02-28,1099,1107,1094,1094,178268,-0.0027347310847766204
2023-03-02,1094,1111,1094,1107,215883,0.01188299817184646
2023-03-03,1116,1118,1108,1117,130682,0.009033423667569984
2023-03-06,1115,1118,1060,1117,330840,0.0
2023-03-07,1127,1152,1113,1125,634154,0.0071620411817368
2023-03-08,1119,1124,1106,1116,228931,-0.008000000000000007
2023-03-09,1136,1137,1113,1122,251473,0.005376344086021501
2023-03-10,1118,1122,1092,1097,246639,-0.022281639928698804
2023-03-13,1075,1090,1063,1086,244805,-0.010027347310847756
2023-03-14,1072,1081,1037,1042,540125,-0.04051565377532229
2023-03-15,1046,1069,1046,1062,297746,0.019193857965451144
2023-03-16,1050,1056,1040,1046,218146,-0.015065913370998163
2023-03-17,1054,1071,1045,1062,236572,0.015296367112810794
2023-03-20,1062,1078,1062,1067,147567,0.00470809792843685
2023-03-21,1071,1100,1053,1077,782217,0.009372071227741419
2023-03-22,1112,1130,1070,1070,1162807,-0.006499535747446661
2023-03-23,1062,1065,1044,1051,407820,-0.017757009345794383
2023-03-24,1050,1056,1043,1053,238346,0.0019029495718363432
2023-03-27,1053,1067,1033,1039,244757,-0.013295346628679927
2023-03-28,1038,1053,1037,1048,168290,0.008662175168431263
2023-03-29,1045,1066,1045,1058,267494,0.009541984732824416
2023-03-30,1058,1069,1053,1061,309207,0.002835538752362865
2023-03-31,1064,1069,1058,1061,180631,0.0
2023-04-03,1063,1079,1001,1075,555574,0.013195098963242113
2023-04-04,1071,1085,1069,1078,446066,0.0027906976744185297
2023-04-05,1083,1087,1076,1083,279913,0.004638218923933124
2023-04-06,1080,1080,1053,1067,452964,-0.014773776546629702
2023-04-07,1080,1092,1067,1068,402793,0.0009372071227742307
2023-04-10,1072,1072,1042,1062,308629,-0.005617977528089901
2023-04-11,1059,1077,1047,1076,500702,0.013182674199623268
2023-04-12,1076,1098,1069,1096,421506,0.018587360594795488
2023-04-13,1099,1099,1078,1093,283133,-0.0027372262773722733
2023-04-14,1095,1108,1087,1105,309836,0.010978956999085021
2023-04-17,1106,1130,1102,1128,421099,0.020814479638008976
2023-04-18,1131,1131,1108,1114,270928,-0.012411347517730542
2023-04-19,1111,1140,1111,1134,454860,0.01795332136445249
2023-04-20,1134,1137,1087,1096,613618,-0.0335097001763669
2023-04-21,1096,1098,1070,1084,294988,-0.010948905109489093
2023-04-24,1086,1095,1070,1073,320051,-0.01014760147601479
2023-04-25,1071,1082,1036,1050,374871,-0.02143522833178002
2023-04-26,1042,1066,1035,1048,167035,-0.0019047619047618536
2023-04-27,1054,1054,1016,1044,222786,-0.003816793893129722
2023-04-28,1044,1054,1029,1030,290808,-0.013409961685823757
2023-05-02,1040,1063,1030,1061,369275,0.030097087378640808
2023-05-03,1045,1057,1039,1048,285197,-0.012252591894439169
2023-05-04,1044,1047,1033,1039,160714,-0.00858778625954193
2023-05-08,1044,1055,1044,1051,152208,0.011549566891241536
2023-05-09,1050,1053,1038,1042,109763,-0.008563273073263544
2023-05-10,1040,1045,1037,1043,139355,0.0009596928982724684
2023-05-11,1043,1052,1043,1050,195639,0.006711409395973256
2023-05-12,1047,1049,1040,1046,155520,-0.003809523809523818
2023-05-15,1046,1046,1030,1039,222051,-0.006692160611854736
2023-05-16,1034,1040,1029,1037,202549,-0.0019249278152069227
2023-05-17,1031,1041,1031,1039,177622,0.0019286403085825299
2023-05-18,1039,1047,1039,1041,175607,0.0019249278152069227
2023-05-19,1045,1045,1040,1045,146069,0.003842459173871271
2023-05-22,1055,1062,1048,1057,213213,0.011483253588516762
2023-05-23,1056,1065,1056,1061,143291,0.0037842951750235443
2023-05-24,1056,1098,1055,1068,491390,0.006597549481621057
2023-05-25,1065,1155,1063,1093,4710966,0.023408239700374533
2023-05-26,1085,1091,1059,1062,639829,-0.02836230558096986
2023-05-30,1060,1075,1050,1066,291535,0.0037664783427495685
2023-05-31,1070,1126,1054,1075,605675,0.008442776735459567
2023-06-01,1069,1077,1068,1071,155012,-0.0037209302325581506
2023-06-02,1071,1075,1060,1069,252747,-0.0018674136321195078
2023-06-05,1069,1078,1065,1072,185398,0.00280636108512633
2023-06-07,1072,1078,1068,1075,223119,0.002798507462686617
2023-06-08,1070,1077,1065,1065,180754,-0.009302325581395321
2023-06-09,1070,1141,1070,1132,2502030,0.06291079812206579
2023-06-12,1112,1113,1089,1093,846767,-0.03445229681978801
2023-06-13,1096,1104,1093,1096,309924,0.0027447392497712553
2023-06-14,1091,1097,1070,1074,374379,-0.02007299270072993
2023-06-15,1082,1088,1065,1074,284893,0.0
2023-06-16,1079,1084,1076,1084,113139,0.009310986964618184
2023-06-19,1082,1108,1073,1106,416014,0.02029520295202958
2023-06-20,1111,1115,1095,1110,360502,0.003616636528029016
2023-06-21,1110,1113,1096,1106,229467,-0.003603603603603567
2023-06-22,1101,1147,1097,1120,1432649,0.012658227848101333
2023-06-23,1146,1148,1101,1107,960288,-0.011607142857142816
2023-06-26,1120,1120,1096,1100,267560,-0.006323396567298967
2023-06-27,1106,1110,1097,1106,236508,0.005454545454545379
2023-06-28,1106,1112,1101,1106,181616,0.0
2023-06-29,1107,1107,1077,1085,411974,-0.01898734177215189
2023-06-30,1080,1085,1071,1080,240802,-0.004608294930875556
2023-07-03,1080,1095,1079,1086,224067,0.005555555555555536
2023-07-04,1081,1090,1071,1081,191887,-0.004604051565377576
2023-07-05,1081,1084,1056,1066,429719,-0.013876040703052706
2023-07-06,1070,1070,1038,1058,472944,-0.007504690431519689
2023-07-07,1053,1053,1028,1035,330270,-0.021739130434782594
2023-07-10,1031,1035,1021,1030,203378,-0.004830917874396157
2023-07-11,1030,1041,1030,1036,138275,0.005825242718446644
2023-07-12,1044,1044,1032,1032,229207,-0.0038610038610038533
2023-07-13,1041,1041,1032,1038,171886,0.005813953488372103
2023-07-14,1036,1040,1028,1037,302181,-0.0009633911368015502
2023-07-17,1031,1051,1031,1047,205271,0.009643201542912205
2023-07-18,1040,1046,1025,1028,291412,-0.018147086914995225
2023-07-19,1035,1037,1022,1026,210607,-0.0019455252918287869
2023-07-20,1023,1054,1022,1025,417956,-0.0009746588693957392
2023-07-21,1023,1025,1007,1017,419179,-0.007804878048780495
2023-07-24,1014,1015,989,997,610826,-0.019665683382497523
2023-07-25,997,1002,971,982,410360,-0.015045135406218657
2023-07-26,982,987,920,935,734280,-0.04786150712830961
2023-07-27,935,979,935,963,303782,0.0299465240641712
2023-07-28,952,994,952,991,215114,0.029075804776739433
2023-07-31,985,998,979,992,144883,0.0010090817356205317
2023-08-01,992,998,987,987,185590,-0.005040322580645129
2023-08-02,987,993,976,980,165557,-0.007092198581560294
2023-08-03,976,989,965,982,170832,0.0020408163265306367
2023-08-04,982,983,972,977,100690,-0.005091649694501044
2023-08-07,977,978,967,975,125600,-0.0020470829068577334
2023-08-08,971,982,960,969,151090,-0.006153846153846176
2023-08-09,969,978,959,976,88374,0.007223942208462342
2023-08-10,976,1006,970,1001,325738,0.02561475409836067
2023-08-11,998,1005,997,1002,148242,0.0009990009990010762
2023-08-14,997,1001,983,999,103667,-0.0029940119760478723
2023-08-16,995,995,972,986,205689,-0.013013013013013053
2023-08-17,985,985,947,966,213916,-0.020283975659229236
2023-08-18,962,999,951,999,164610,0.03416149068322971
2023-08-21,990,997,974,984,157292,-0.01501501501501501
2023-08-22,977,985,950,956,332881,-0.028455284552845517
2023-08-23,950,965,950,953,169421,-0.003138075313807498
2023-08-24,956,960,950,950,104315,-0.0031479538300105414
2023-08-25,937,950,937,946,155416,-0.004210526315789442
2023-08-28,946,962,944,961,185492,0.015856236786469413
2023-08-29,965,967,953,965,117781,0.004162330905306932
2023-08-30,990,990,963,970,185990,0.005181347150259086
2023-08-31,965,978,960,962,129584,-0.008247422680412342
2023-09-01,962,970,950,959,136999,-0.0031185031185031464
2023-09-04,962,962,952,957,134257,-0.002085505735140769
2023-09-05,957,957,940,945,236126,-0.01253918495297801
2023-09-06,945,953,941,942,124587,-0.0031746031746031633
2023-09-07,942,950,936,944,159843,0.002123142250530785
2023-09-08,943,947,940,946,101719,0.0021186440677967155
2023-09-11,946,948,942,945,119103,-0.0010570824524313016
2023-09-12,945,950,938,942,112287,-0.0031746031746031633
2023-09-13,940,945,930,935,125436,-0.007430997876857748
2023-09-14,932,941,928,937,91141,0.002139037433155133
2023-09-15,937,944,936,941,116243,0.004268943436499528
2023-09-18,941,946,938,940,71931,-0.0010626992561104665
2023-09-19,940,942,927,935,170836,-0.005319148936170248
2023-09-20,935,938,924,938,148844,0.0032085561497325887
2023-09-21,944,944,914,921,166980,-0.018123667377398678
2023-09-22,916,921,907,912,144976,-0.009771986970684043
2023-09-25,903,912,900,901,137681,-0.01206140350877194
2023-09-26,897,905,894,902,140470,0.0011098779134295356
2023-09-27,900,902,878,902,283313,0.0
2023-10-04,885,898,879,880,154305,-0.024390243902439046
2023-10-05,879,890,879,883,77394,0.003409090909090917
2023-10-06,880,889,876,882,156410,-0.0011325028312570984
2023-10-10,882,888,873,875,140555,-0.007936507936507908
2023-10-11,875,888,875,887,121072,0.01371428571428579
2023-10-12,887,898,882,898,145326,0.012401352874858995
2023-10-13,898,899,887,894,80111,-0.0044543429844098315
2023-10-16,881,949,879,887,725588,-0.007829977628635354
2023-10-17,887,900,886,897,81347,0.011273957158962844
2023-10-18,897,904,889,897,89934,0.0
2023-10-19,892,894,860,877,213292,-0.022296544035674493
2023-10-20,862,874,852,862,167996,-0.01710376282782211
2023-10-23,865,870,846,856,77563,-0.00696055684454755
2023-10-24,854,869,852,869,59658,0.015186915887850372
2023-10-25,870,874,861,868,58521,-0.0011507479861909697
2023-10-26,855,856,840,847,140758,-0.024193548387096753
2023-10-27,841,870,841,858,82759,0.01298701298701288
2023-10-30,845,863,844,859,65954,0.0011655011655011815
2023-10-31,857,860,844,846,65802,-0.015133876600698537
2023-11-01,890,890,847,855,68384,0.010638297872340496
2023-11-02,855,869,853,866,135972,0.012865497076023358
2023-11-03,865,880,861,880,120831,0.01616628175519641
2023-11-06,881,884,878,882,231496,0.002272727272727204
2023-11-07,874,883,871,880,160225,-0.0022675736961451642
2023-11-08,881,885,873,875,148807,-0.005681818181818232
2023-11-09,877,877,870,877,71240,0.0022857142857142243
2023-11-10,869,884,864,871,121012,-0.0068415051311288
2023-11-13,875,878,841,856,266564,-0.01722158438576349
2023-11-14,850,871,850,860,165867,0.004672897196261738
2023-11-15,862,872,858,872,257811,0.013953488372093092
2023-11-16,883,909,870,872,934201,0.0
2023-11-17,872,875,865,870,72756,-0.002293577981651418
2023-11-20,870,874,865,871,132460,0.0011494252873562871
2023-11-21,868,894,868,880,860856,0.010332950631458004
2023-11-22,1003,1030,905,906,11721524,0.02954545454545454
2023-11-23,907,920,888,897,829658,-0.009933774834437137
2023-11-24,897,905,892,895,486280,-0.0022296544035674826
2023-11-27,890,895,881,887,465554,-0.00893854748603351
2023-11-28,886,891,884,890,220608,0.0033821871476888976
2023-11-29,890,890,878,879,493904,-0.012359550561797716
2023-11-30,878,884,878,882,115369,0.0034129692832765013
2023-12-01,881,881,865,871,326487,-0.012471655328798237
2023-12-04,872,883,870,880,143231,0.010332950631458004
2023-12-05,878,880,870,876,175276,-0.004545454545454519
2023-12-06,875,880,871,873,87634,-0.003424657534246589
2023-12-07,872,878,870,871,181139,-0.002290950744558984
2023-12-08,871,878,869,872,129802,0.0011481056257176547
2023-12-11,872,878,870,873,150211,0.0011467889908256534
2023-12-12,870,878,870,877,236985,0.004581901489117968
2023-12-13,874,875,864,868,191464,-0.010262257696693311
2023-12-14,869,873,865,866,201251,-0.0023041474654378336
2023-12-15,866,870,860,864,224798,-0.002309468822170868
2023-12-18,859,864,859,861,217754,-0.00347222222222221
2023-12-19,860,873,860,864,110079,0.0034843205574912606
2023-12-20,864,868,861,868,141467,0.004629629629629539
2023-12-21,862,867,862,864,97869,-0.004608294930875556
2023-12-22,865,868,860,861,122641,-0.00347222222222221
2023-12-26,861,866,859,861,87386,0.0
2023-12-27,857,862,857,860,112711,-0.0011614401858304202
2023-12-28,860,865,857,865,181376,0.005813953488372103
2024-01-02,865,868,862,865,151915,0.0
2024-01-03,863,869,863,864,84078,-0.0011560693641619046
2024-01-04,863,869,861,862,102947,-0.0023148148148147696
2024-01-05,862,870,859,860,159481,-0.002320185614849146
2024-01-08,860,862,857,858,130673,-0.0023255813953488857
2024-01-09,859,870,856,859,116203,0.0011655011655011815
2024-01-10,868,887,860,873,600620,0.016298020954598424
2024-01-11,873,884,871,874,161281,0.001145475372279492
2024-01-12,877,877,864,864,201361,-0.011441647597253968
2024-01-15,865,868,860,861,117107,-0.00347222222222221
2024-01-16,861,864,850,855,233378,-0.006968641114982632
2024-01-17,855,857,840,843,265240,-0.01403508771929829
2024-01-18,839,849,836,843,85678,0.0
2024-01-19,841,855,841,842,105074,-0.0011862396204033177
2024-01-22,841,848,835,839,210179,-0.0035629453681710332
2024-01-23,839,840,829,833,311925,-0.007151370679380209
2024-01-24,833,833,819,820,288087,-0.015606242496998823
2024-01-25,825,825,808,813,289022,-0.008536585365853666
2024-01-26,810,823,810,820,118845,0.008610086100861114
2024-01-29,820,823,818,819,81832,-0.0012195121951219523
2024-01-30,815,820,813,814,195340,-0.006105006105006083
2024-01-31,808,813,804,804,204783,-0.012285012285012331
2024-02-01,795,805,795,802,225687,-0.0024875621890547706
2024-02-02,802,815,802,810,170612,0.009975062344139696
2024-02-05,812,812,803,808,120944,-0.0024691358024691024
2024-02-06,805,808,800,802,98761,-0.007425742574257432
2024-02-07,802,806,801,804,107854,0.0024937655860348684
2024-02-08,808,812,804,810,67576,0.00746268656716409
2024-02-13,812,818,809,813,95260,0.0037037037037037646
2024-02-14,813,813,804,809,54408,-0.004920049200492049
2024-02-15,810,812,805,809,124311,0.0
2024-02-16,812,815,805,815,98945,0.007416563658838138
2024-02-19,815,825,808,825,112463,0.012269938650306678
2024-02-20,824,824,815,817,61608,-0.009696969696969648
2024-02-21,817,823,815,817,70152,0.0
2024-02-22,817,820,813,814,55239,-0.003671970624234966
2024-02-23,815,815,801,808,280762,-0.0073710073710073765
2024-02-26,806,808,801,802,122693,-0.007425742574257432
2024-02-27,798,831,795,801,318460,-0.0012468827930174342
2024-02-28,800,812,799,808,128755,0.008739076154806513
2024-02-29,808,808,798,798,82202,-0.012376237623762387
2024-03-04,801,801,795,800,114553,0.0025062656641603454
2024-03-05,800,800,794,797,110466,-0.003750000000000031
2024-03-06,795,804,795,800,86376,0.0037641154328733606
2024-03-07,798,805,792,798,157549,-0.0024999999999999467
2024-03-08,799,805,793,797,115660,-0.0012531328320801727
2024-03-11,797,805,790,797,129325,0.0
2024-03-12,797,800,790,790,130628,-0.008782936010037656
2024-03-13,791,796,790,792,68038,0.0025316455696202667
2024-03-14,789,797,788,797,148775,0.0063131313131312705
2024-03-15,792,800,791,795,62232,-0.0025094102885822034
2024-03-18,795,798,788,795,171710,0.0
2024-03-19,795,799,788,794,84872,-0.0012578616352201255
2024-03-20,794,795,787,790,112272,-0.005037783375314908
2024-03-21,791,792,788,790,122621,0.0
2024-03-22,790,791,787,791,113861,0.0012658227848101333
2024-03-25,791,792,784,786,280998,-0.006321112515802807
2024-03-26,785,790,780,784,219523,-0.0025445292620864812
2024-03-27,781,798,780,795,251122,0.014030612244897878
2024-03-28,801,801,786,790,214241,-0.0062893081761006275
2024-03-29,784,788,782,785,83272,-0.006329113924050667
2024-04-01,785,788,784,785,70567,0.0
2024-04-02,787,793,783,788,117100,0.003821656050955413
2024-04-03,785,792,784,792,162853,0.0050761421319796
2024-04-04,792,792,784,785,138510,-0.008838383838383868
2024-04-05,776,782,769,770,267625,-0.019108280254777066
2024-04-08,767,770,761,770,158512,0.0
2024-04-09,762,775,762,775,85054,0.006493506493506551
2024-04-11,774,776,765,774,79485,-0.001290322580645209
2024-04-12,768,774,766,772,74324,-0.0025839793281653423
2024-04-15,765,771,764,764,348305,-0.010362694300518172
2024-04-16,764,764,755,756,196086,-0.010471204188481686
2024-04-17,753,758,750,752,152531,-0.005291005291005346
2024-04-18,747,754,747,754,81626,0.0026595744680850686
2024-04-19,754,754,745,747,94920,-0.009283819628647216
2024-04-22,748,750,746,747,46506,0.0
2024-04-23,749,752,746,750,97925,0.004016064257028162
2024-04-24,751,760,749,760,83957,0.01333333333333342
2024-04-25,755,760,751,756,58584,-0.0052631578947368585
2024-04-26,757,757,748,752,89144,-0.005291005291005346
2024-04-29,761,761,750,755,99313,0.003989361702127603
2024-04-30,760,764,754,762,162808,0.009271523178807861
2024-05-02,758,764,755,763,89340,0.001312335958005173
2024-05-03,765,767,761,764,90465,0.001310615989515096
2024-05-07,764,768,762,768,74659,0.005235602094240788
2024-05-08,769,770,762,766,54347,-0.0026041666666666297
2024-05-09,766,772,765,766,39035,0.0
2024-05-10,763,772,763,766,75947,0.0
2024-05-13,764,768,761,766,67509,0.0
2024-05-14,766,776,763,776,83736,0.01305483028720622
2024-05-16,776,782,764,771,144957,-0.006443298969072142
2024-05-17,772,776,771,776,97416,0.006485084306095956
2024-05-20,777,780,770,779,83534,0.0038659793814432852
2024-05-21,780,786,770,784,155832,0.006418485237484006
2024-05-22,782,800,782,795,303698,0.014030612244897878
2024-05-23,795,800,787,791,87292,-0.005031446540880502
2024-05-24,791,791,783,784,67376,-0.008849557522123908
2024-05-27,783,789,770,771,90685,-0.01658163265306123
2024-05-28,775,775,766,770,84898,-0.0012970168612191912
2024-05-29,770,781,765,765,179538,-0.00649350649350644
2024-05-30,763,781,758,771,211902,0.007843137254901933
2024-05-31,771,774,767,769,32807,-0.0025940337224383825
2024-06-03,769,773,757,768,246065,-0.0013003901170350884
2024-06-04,764,772,763,766,125090,-0.0026041666666666297
2024-06-05,764,773,762,771,65608,0.006527415143603221
2024-06-07,771,779,769,772,87109,0.0012970168612191912
2024-06-10,772,775,769,773,62249,0.0012953367875647714
2024-06-11,771,782,771,780,138976,0.009055627425614388
2024-06-12,780,783,776,780,77872,0.0
2024-06-13,780,782,770,773,108105,-0.008974358974358942
2024-06-14,773,776,766,773,107750,0.0
2024-06-17,773,774,765,768,53714,-0.0064683053040103244
2024-06-18,766,771,765,769,127706,0.0013020833333332593
2024-06-19,767,780,765,779,82502,0.013003901170351106
2024-06-20,779,779,771,777,37097,-0.0025673940949936247
2024-06-21,777,777,768,772,52259,-0.006435006435006385
2024-06-24,770,776,759,761,87932,-0.014248704663212486
2024-06-25,753,761,750,758,73824,-0.003942181340341633
2024-06-26,752,768,752,763,35844,0.006596306068601621
2024-06-27,760,769,758,764,50221,0.001310615989515096
2024-06-28,758,765,758,760,33224,-0.005235602094240788
2024-07-01,756,759,751,753,84365,-0.009210526315789447
2024-07-02,752,753,746,748,71744,-0.006640106241699861
2024-07-03,747,751,744,746,103457,-0.002673796791443861
2024-07-04,746,748,735,743,101233,-0.004021447721179627
2024-07-05,738,743,735,737,75195,-0.008075370121130576
2024-07-08,737,740,734,737,71193,0.0
2024-07-09,736,741,735,739,52899,0.0027137042062415073
2024-07-10,739,741,733,735,48413,-0.005412719891745632
2024-07-11,740,747,733,744,70845,0.012244897959183598
2024-07-12,744,746,733,739,57999,-0.006720430107526876
2024-07-15,739,745,738,744,51549,0.006765899864682012
2024-07-16,740,746,737,745,113384,0.0013440860215054862
2024-07-17,747,770,746,763,165689,0.024161073825503365
2024-07-18,763,764,746,748,99512,-0.019659239842726106
2024-07-19,749,759,742,751,42281,0.00401069518716568
2024-07-22,751,756,743,754,80772,0.003994673768308976
2024-07-23,754,770,753,761,120408,0.009283819628647105
2024-07-24,765,767,746,748,72532,-0.01708278580814715
2024-07-25,743,755,740,751,63177,0.00401069518716568
2024-07-26,743,752,743,752,68182,0.0013315579227697327
2024-07-29,755,755,746,751,47012,-0.0013297872340425343
2024-07-30,751,755,746,754,57994,0.003994673768308976
2024-07-31,747,764,747,762,92502,0.010610079575596787
2024-08-01,761,765,750,763,117709,0.001312335958005173
2024-08-02,759,763,745,752,70110,-0.014416775884665833
2024-08-05,744,751,651,661,398832,-0.12101063829787229
2024-08-06,636,688,636,686,181182,0.03782148260211793
2024-08-07,666,729,666,706,110083,0.029154518950437414
2024-08-08,698,705,680,695,76027,-0.015580736543909346
2024-08-09,700,720,700,713,36961,0.025899280575539585
2024-08-12,705,726,704,725,70412,0.016830294530154388
2024-08-13,719,726,713,724,18961,-0.0013793103448276334
2024-08-14,728,746,725,745,150127,0.02900552486187835
2024-08-16,757,762,747,755,127235,0.01342281879194629
2024-08-19,748,757,745,745,88249,-0.013245033112582738
2024-08-20,745,760,745,750,52008,0.006711409395973256
2024-08-21,750,756,746,755,53238,0.006666666666666599
2024-08-22,755,755,743,743,46452,-0.015894039735099286
2024-08-23,743,747,738,742,34759,-0.0013458950201884479
2024-08-26,742,749,740,747,76004,0.006738544474393482
2024-08-27,744,747,739,743,88580,-0.0053547523427041055
2024-08-28,741,750,735,738,51239,-0.006729475100942128
2024-08-29,738,740,729,734,53570,-0.005420054200542035
2024-08-30,734,740,730,735,23214,0.0013623978201635634
2024-09-02,735,735,726,730,62748,-0.006802721088435382
2024-09-03,735,737,726,732,51185,0.00273972602739736
2024-09-04,730,730,703,708,103221,-0.032786885245901676
2024-09-05,708,714,695,703,89744,-0.007062146892655385
2024-09-06,690,703,683,693,146312,-0.014224751066856278
2024-09-09,675,695,675,693,68858,0.0
2024-09-10,696,699,680,688,62012,-0.00721500721500723
2024-09-11,688,697,646,668,154902,-0.029069767441860517
2024-09-12,676,679,670,678,52358,0.014970059880239583
2024-09-13,677,689,676,689,74781,0.016224188790560534
2024-09-19,688,691,680,684,104390,-0.007256894049346929
2024-09-20,686,717,686,710,235021,0.03801169590643272
2024-09-23,708,724,705,722,82790,0.016901408450704203
2024-09-24,723,740,713,733,94230,0.015235457063711877
2024-09-25,733,737,721,728,85430,-0.006821282401091366
2024-09-26,722,733,722,733,67652,0.006868131868131844
2024-09-27,730,733,725,730,74495,-0.004092769440654842
2024-09-30,737,737,725,729,58870,-0.00136986301369868
2024-10-02,730,735,720,730,106824,0.00137174211248281
2024-10-04,730,735,727,733,83175,0.004109589041095818
2024-10-07,732,740,728,735,108000,0.0027285129604366354
2024-10-08,736,737,730,736,87461,0.0013605442176871652
2024-10-10,737,740,720,720,106000,-0.021739130434782594
2024-10-11,721,728,721,723,55416,0.004166666666666652
2024-10-14,716,729,716,728,50834,0.006915629322268302
2024-10-15,724,732,724,725,42466,-0.004120879120879106
2024-10-16,729,729,715,719,64171,-0.008275862068965467
2024-10-17,719,731,716,723,28428,0.0055632823365785455
2024-10-18,718,728,712,717,47145,-0.008298755186721962
2024-10-21,713,720,712,716,43668,-0.001394700139469962
2024-10-22,719,719,704,710,57774,-0.008379888268156388
2024-10-23,705,710,699,706,85675,-0.005633802816901401
2024-10-24,704,704,691,691,81631,-0.021246458923512734
2024-10-25,695,699,685,687,89624,-0.005788712011577379
2024-10-28,683,700,683,697,70204,0.01455604075691408
2024-10-29,697,701,695,696,29007,-0.0014347202295552641
2024-10-30,696,704,686,696,60758,0.0
2024-10-31,696,699,686,692,51598,-0.005747126436781658
2024-11-01,688,693,677,685,75977,-0.010115606936416222
2024-11-04,685,695,670,695,58744,0.014598540145985384
2024-11-05,699,704,694,699,15381,0.0057553956834532904
2024-11-06,699,721,695,702,82169,0.0042918454935623185
2024-11-07,705,705,685,693,25231,-0.012820512820512775
2024-11-08,693,706,686,693,42776,0.0
2024-11-11,692,692,674,682,80802,-0.015873015873015928
2024-11-12,682,683,627,648,119637,-0.04985337243401755
2024-11-13,648,655,627,637,226590,-0.016975308641975273
2024-11-14,640,660,637,639,196459,0.0031397174254317317
2024-11-15,631,668,626,667,89695,0.04381846635367759
2024-11-18,666,669,646,651,159030,-0.02398800599700146
2024-11-19,651,658,647,653,32161,0.003072196620583778
2024-11-20,653,654,644,650,61785,-0.004594180704441064
2024-11-21,646,656,646,656,29956,0.009230769230769154
2024-11-22,657,676,656,663,158231,0.010670731707317138
2024-11-25,662,689,661,672,291547,0.013574660633484115
2024-11-26,673,677,663,668,81445,-0.005952380952380931
2024-11-27,668,671,663,667,51291,-0.0014970059880239361
2024-11-28,667,671,667,669,25190,0.0029985007496251548
2024-11-29,669,674,659,660,67130,-0.013452914798206317
2024-12-02,661,664,641,646,149911,-0.021212121212121238
2024-12-03,639,646,639,641,92531,-0.007739938080495334
2024-12-04,632,639,623,629,325121,-0.018720748829953227
2024-12-05,632,660,619,623,156461,-0.009538950715421324
2024-12-06,620,623,598,609,228051,-0.022471910112359605
2024-12-09,605,606,569,577,334079,-0.0525451559934319
2024-12-10,577,597,577,590,239112,0.022530329289428108
2024-12-11,591,627,589,620,509990,0.05084745762711873
2024-12-12,646,670,607,624,468269,0.006451612903225712
2024-12-13,624,650,624,647,225935,0.03685897435897445
2024-12-16,658,661,639,641,287165,-0.009273570324574987
2024-12-17,641,645,633,640,86595,-0.0015600624024960652
2024-12-18,639,681,637,664,714290,0.03750000000000009
2024-12-19,646,655,621,621,281146,-0.06475903614457834
2024-12-20,637,677,634,652,763808,0.0499194847020934
2024-12-23,651,673,617,651,468844,-0.0015337423312883347
2024-12-24,657,668,643,654,166824,0.004608294930875667
2024-12-26,654,664,638,641,148788,-0.019877675840978548
2024-12-27,640,647,622,638,134636,-0.004680187207488307
2024-12-30,630,643,625,643,86981,0.00783699059561127
2025-01-02,641,661,635,661,221723,0.027993779160186527
2025-01-03,660,669,651,661,139357,0.0
2025-01-06,686,686,663,670,403949,0.013615733736762392
2025-01-07,679,682,668,675,141460,0.00746268656716409
2025-01-08,675,728,672,710,872594,0.051851851851851816
2025-01-09,730,765,723,724,1533893,0.019718309859154903
2025-01-10,719,875,708,860,8909613,0.18784530386740328
2025-01-13,926,1003,866,900,15293259,0.04651162790697683
2025-01-14,873,875,830,849,2730295,-0.05666666666666664
2025-01-15,858,935,840,928,4614754,0.09305064782096584
2025-01-16,928,1033,894,985,10184780,0.061422413793103425
2025-01-17,1002,1005,979,1005,2542487,0.020304568527918843
2025-01-20,1031,1085,1031,1080,2862110,0.07462686567164178
2025-01-21,1094,1094,1025,1030,2241088,-0.04629629629629628
2025-01-22,999,1009,942,958,3510621,-0.06990291262135917
2025-01-23,971,1240,966,1180,35415157,0.231732776617954
2025-01-24,1150,1191,1020,1075,10178917,-0.08898305084745761
2025-01-31,1059,1110,1000,1006,4475509,-0.06418604651162796
2025-02-03,968,997,880,900,4030710,-0.10536779324055667
2025-02-04,890,930,874,902,1898755,0.0022222222222221255
2025-02-05,890,925,879,885,1832206,-0.018847006651884657
2025-02-06,881,912,871,871,1557992,-0.015819209039548032
2025-02-07,870,870,825,839,1314696,-0.036739380022962065
2025-02-10,848,885,848,853,1183645,0.016686531585220488
2025-02-11,867,890,849,885,871852,0.0375146541617819
2025-02-12,894,929,875,906,1684342,0.023728813559322104
2025-02-13,907,918,882,890,868933,-0.017660044150110354
2025-02-14,885,913,870,909,864417,0.02134831460674147
2025-02-17,909,913,878,887,629705,-0.024202420242024236
2025-02-18,882,899,875,886,502671,-0.0011273957158962622
2025-02-19,886,991,882,963,3619831,0.08690744920993221
2025-02-20,968,1060,945,1015,4766872,0.05399792315680174
2025-02-21,1010,1010,919,950,2022062,-0.0640394088669951
2025-02-24,938,968,898,958,1359721,0.008421052631578885
2025-02-25,971,992,944,953,940328,-0.005219206680584509
2025-02-26,955,974,927,930,964184,-0.02413431269674715
2025-02-27,929,989,922,950,1422436,0.021505376344086002
2025-02-28,931,944,899,900,1005739,-0.052631578947368474
2025-03-04,889,891,742,848,1391703,-0.05777777777777782
2025-03-05,848,876,830,867,416201,0.022405660377358583
2025-03-06,874,905,857,873,557804,0.006920415224913601
2025-03-07,851,876,801,837,815413,-0.04123711340206182
2025-03-10,818,855,808,842,610746,0.005973715651135025
2025-03-11,833,835,804,830,513637,-0.014251781472684133
2025-03-12,840,855,825,843,483610,0.015662650602409567
2025-03-13,845,861,836,840,449467,-0.003558718861209953
2025-03-14,840,870,830,870,361657,0.03571428571428581
2025-03-17,876,891,864,880,465193,0.011494252873563315
2025-03-18,878,885,868,875,204941,-0.005681818181818232
2025-03-19,875,877,845,852,501383,-0.026285714285714246
2025-03-20,846,849,821,822,467636,-0.035211267605633756
2025-03-21,824,839,812,838,235813,0.019464720194647178
2025-03-24,840,843,825,831,260164,-0.00835322195704058
2025-03-25,822,850,821,826,280761,-0.006016847172081841
2025-03-26,834,879,829,850,1035574,0.029055690072639306
2025-03-27,875,892,854,870,1549994,0.0235294117647058
2025-03-28,871,880,801,840,739943,-0.03448275862068961
2025-03-31,837,837,800,806,543815,-0.04047619047619044
2025-04-01,806,905,800,884,1325372,0.09677419354838701
2025-04-02,885,895,835,837,723186,-0.05316742081447967
2025-04-03,836,918,804,851,2634175,0.016726403823178027
2025-04-04,849,1031,815,991,9843522,0.16451233842538193
2025-04-07,1036,1060,935,982,6948792,-0.00908173562058523
2025-04-08,1042,1220,994,1153,21600576,0.17413441955193476
2025-04-09,1157,1158,948,952,7870032,-0.17432784041630534
2025-04-10,970,1020,950,980,3486998,0.02941176470588225
2025-04-11,966,970,920,964,2005900,-0.01632653061224487
2025-04-14,940,991,925,942,2775964,-0.022821576763485507
2025-04-15,937,947,916,927,1608603,-0.015923566878980888
2025-04-16,941,941,874,879,2150606,-0.05177993527508096
2025-04-17,880,884,848,855,1729906,-0.027303754266211566
2025-04-18,850,866,829,862,1221487,0.008187134502924076
2025-04-21,862,863,835,860,873848,-0.002320185614849146
2025-04-22,860,927,833,836,2989057,-0.027906976744186074
2025-04-23,848,848,810,816,1584729,-0.02392344497607657
2025-04-24,820,840,805,806,1013913,-0.01225490196078427
2025-04-25,803,811,775,777,1671426,-0.03598014888337464
2025-04-28,777,785,745,756,1911298,-0.027027027027026973
2025-04-29,757,795,743,755,2386031,-0.001322751322751281
2025-04-30,756,760,730,736,1197086,-0.025165562913907258
2025-05-02,751,763,720,721,1375466,-0.020380434782608647
2025-05-07,735,785,718,732,5420355,0.015256588072122046
2025-05-08,759,789,734,739,3478056,0.0095628415300546
2025-05-09,741,752,712,724,2591521,-0.020297699594046037
