Date,Open,High,Low,Close,Volume,Change
2022-01-03,33000,33450,32350,33100,129795,-0.003012048192771122
2022-01-04,32900,33800,31800,32100,230985,-0.030211480362537735
2022-01-05,32000,32000,30600,31050,219474,-0.032710280373831724
2022-01-06,29950,31400,29300,29600,303304,-0.04669887278582929
2022-01-07,29750,30450,29600,30300,106334,0.023648648648648685
2022-01-10,29800,30300,29350,29450,86259,-0.028052805280528004
2022-01-11,29850,31950,28700,31500,315006,0.06960950764006801
2022-01-12,31650,33100,31500,32600,333299,0.03492063492063502
2022-01-13,32600,33000,32200,32550,95215,-0.0015337423312883347
2022-01-14,31950,32600,31750,32300,117252,-0.007680491551459334
2022-01-17,31750,33150,31750,32750,150869,0.01393188854489158
2022-01-18,32550,33100,31700,31850,108562,-0.027480916030534375
2022-01-19,31000,31750,30350,30850,140434,-0.031397174254317095
2022-01-20,30800,32000,30600,31900,100090,0.034035656401944836
2022-01-21,31350,32100,30150,31050,147095,-0.026645768025078342
2022-01-24,30700,30800,29150,30350,214754,-0.02254428341384862
2022-01-25,30200,30450,28700,29300,165966,-0.034596375617792385
2022-01-26,29400,29800,28550,29450,128897,0.005119453924914641
2022-01-27,29950,30450,28500,28850,183485,-0.02037351443123936
2022-01-28,29400,30700,28150,30400,193841,0.05372616984402079
2022-02-03,30700,31600,30500,31200,163303,0.026315789473684292
2022-02-04,30900,31650,30700,31050,150374,-0.004807692307692291
2022-02-07,31150,31250,30350,30850,66718,-0.006441223832528209
2022-02-08,30600,30600,26350,27350,585310,-0.11345218800648293
2022-02-09,27800,28500,26800,27600,205155,0.009140767824497242
2022-02-10,27950,28650,27600,27950,133457,0.0126811594202898
2022-02-11,27600,28150,26950,27100,79021,-0.030411449016100156
2022-02-14,26850,27100,25800,26250,103541,-0.03136531365313655
2022-02-15,26050,27650,25750,26250,158831,0.0
2022-02-16,27000,27850,26850,27550,71836,0.049523809523809526
2022-02-17,27900,27900,26600,27000,87750,-0.019963702359346636
2022-02-18,26600,28500,26200,28250,108501,0.04629629629629628
2022-02-21,27950,29900,27400,29750,325376,0.053097345132743445
2022-02-22,28900,29200,27850,28300,185244,-0.04873949579831938
2022-02-23,28400,28600,27700,28500,99933,0.007067137809187329
2022-02-24,27650,28200,26700,27200,145860,-0.04561403508771933
2022-02-25,27900,27950,27250,27650,76603,0.016544117647058876
2022-02-28,27650,30400,26950,30000,456474,0.08499095840867987
2022-03-02,29950,30000,29100,29650,133043,-0.011666666666666714
2022-03-03,29600,30250,29450,30200,96276,0.018549747048903775
2022-03-04,30050,30100,29200,29500,92409,-0.023178807947019875
2022-03-07,28850,29150,28150,28450,70971,-0.035593220338983045
2022-03-08,27750,28650,27400,28000,61807,-0.01581722319859402
2022-03-10,28750,28900,28300,28650,39882,0.023214285714285632
2022-03-11,28500,29150,28000,28850,62411,0.00698080279232105
2022-03-14,28850,28850,27750,28150,48642,-0.024263431542461023
2022-03-15,27950,28250,27400,27500,45899,-0.023090586145648295
2022-03-16,27700,29550,27700,29200,164763,0.06181818181818177
2022-03-17,29600,30600,29000,30200,187822,0.03424657534246567
2022-03-18,30400,30800,29700,30450,134866,0.008278145695364225
2022-03-21,31250,32000,31150,31900,357321,0.04761904761904767
2022-03-22,31850,32250,31200,31450,145040,-0.014106583072100332
2022-03-23,31350,31950,30700,30850,85142,-0.019077901430842648
2022-03-24,30550,31100,30450,30900,88983,0.0016207455429497752
2022-03-25,31000,32650,31000,32650,270521,0.05663430420711979
2022-03-28,32650,33250,32100,32600,129283,-0.0015313935681470214
2022-03-29,32950,34250,32700,33600,273922,0.030674846625766916
2022-03-30,35850,35900,33800,34100,478232,0.014880952380952328
2022-03-31,33750,39000,33550,39000,1285812,0.1436950146627567
2022-04-01,38750,39950,38300,39750,451083,0.019230769230769162
2022-04-04,39600,39900,38300,39100,269358,-0.01635220125786163
2022-04-05,39050,40250,38500,38950,229068,-0.0038363171355498826
2022-04-06,38500,38700,36650,36800,439373,-0.05519897304236199
2022-04-07,36450,38950,36450,38800,414621,0.05434782608695654
2022-04-08,38500,39600,37950,38300,207450,-0.012886597938144284
2022-04-11,37700,38300,36800,37500,141110,-0.02088772845953002
2022-04-12,36450,37550,36200,36750,156599,-0.020000000000000018
2022-04-13,37050,37100,35800,36500,126023,-0.006802721088435382
2022-04-14,36600,36850,35350,35850,176169,-0.017808219178082174
2022-04-15,35300,35700,34550,34950,190101,-0.025104602510460206
2022-04-18,34800,34800,33650,34150,141940,-0.022889842632331958
2022-04-19,34050,34650,33800,34200,104024,0.0014641288433381305
2022-04-20,34200,34450,33400,34300,143842,0.0029239766081872176
2022-04-21,34100,36550,34100,36050,387275,0.05102040816326525
2022-04-22,35500,35850,34450,35150,178803,-0.02496532593619971
2022-04-25,34000,34100,33000,33150,208079,-0.056899004267425335
2022-04-26,33550,34450,33150,33950,104197,0.02413273001508287
2022-04-27,32850,33500,32700,33400,107236,-0.016200294550810068
2022-04-28,34100,34100,32000,32600,146576,-0.0239520958083832
2022-04-29,32800,33350,32200,32650,101643,0.0015337423312884457
2022-05-02,32000,33150,31500,32750,95122,0.003062787136294043
2022-05-03,33050,34550,32300,34100,187952,0.04122137404580162
2022-05-04,35450,36150,33700,33800,486756,-0.008797653958944274
2022-05-06,33150,33500,32500,32650,140455,-0.03402366863905326
2022-05-09,33300,34900,32250,32500,369280,-0.004594180704441064
2022-05-10,32000,32250,30850,32050,242290,-0.013846153846153841
2022-05-11,32050,33000,31400,32850,109517,0.024960998439937487
2022-05-12,32450,34750,31650,33300,251066,0.013698630136986356
2022-05-13,33950,35000,33150,34950,332909,0.04954954954954949
2022-05-16,35850,35850,34600,34850,207478,-0.0028612303290415086
2022-05-17,34850,35250,34350,34950,99496,0.0028694404591105283
2022-05-18,35200,35200,34050,34350,96571,-0.01716738197424894
2022-05-19,33400,34300,32850,34150,150973,-0.005822416302765698
2022-05-20,33900,34350,33750,33950,68830,-0.005856515373352855
2022-05-23,34000,34050,33050,33300,64912,-0.019145802650957333
2022-05-24,33300,33500,32150,32200,70182,-0.033033033033033066
2022-05-25,32250,33650,32150,33150,70310,0.029503105590062084
2022-05-26,33500,33800,32150,32150,60751,-0.0301659125188537
2022-05-27,32850,32950,32350,32650,56173,0.015552099533437058
2022-05-30,33150,33900,32900,33600,69842,0.029096477794793296
2022-05-31,33050,33800,32750,32950,64170,-0.019345238095238138
2022-06-02,33000,33000,32050,32550,73753,-0.012139605462822445
2022-06-03,32600,32800,32200,32500,52680,-0.001536098310291889
2022-06-07,32500,32500,31400,31700,96293,-0.024615384615384595
2022-06-08,31850,33100,31850,32800,118720,0.034700315457413256
2022-06-09,32700,32900,32050,32750,49089,-0.0015243902439023849
2022-06-10,32200,32550,29550,30600,227921,-0.06564885496183204
2022-06-13,29600,29600,26650,26700,458327,-0.12745098039215685
2022-06-14,25850,28700,25700,28350,388025,0.061797752808988804
2022-06-15,28050,28150,26100,27200,228972,-0.040564373897707284
2022-06-16,28000,28400,26950,27150,123369,-0.0018382352941176405
2022-06-17,26000,26900,25500,26900,187480,-0.009208103130755041
2022-06-20,26900,27450,24750,25600,158052,-0.048327137546468446
2022-06-21,25500,26100,24950,25800,89053,0.0078125
2022-06-22,26400,26450,22900,24350,177165,-0.05620155038759689
2022-06-23,24000,24700,22900,23500,209621,-0.03490759753593431
2022-06-24,23500,25100,23500,25000,100871,0.06382978723404253
2022-06-27,25300,26350,24750,25950,109391,0.038000000000000034
2022-06-28,25750,26100,25150,25350,80925,-0.023121387283236983
2022-06-29,24700,26000,24350,25400,119734,0.0019723865877712132
2022-06-30,25200,25200,24200,24350,59682,-0.04133858267716539
2022-07-01,24400,24950,23050,23400,76673,-0.03901437371663241
2022-07-04,23250,23850,22400,23400,109840,0.0
2022-07-05,23650,24700,23300,24700,71238,0.05555555555555558
2022-07-06,25200,27450,25050,26250,302347,0.06275303643724706
2022-07-07,26350,28200,26350,27450,216845,0.04571428571428582
2022-07-08,27750,28000,26950,27650,77199,0.007285974499089187
2022-07-11,27600,27850,26650,27650,61691,0.0
2022-07-12,26900,28250,26900,27750,68193,0.003616636528029016
2022-07-13,27750,27900,27100,27500,79437,-0.009009009009009028
2022-07-14,27300,29050,26850,28850,121463,0.049090909090909074
2022-07-15,28750,29500,28550,28800,88793,-0.0017331022530329143
2022-07-18,28800,29550,28600,29400,68161,0.02083333333333326
2022-07-19,29350,29750,28850,29600,32227,0.006802721088435382
2022-07-20,29800,30150,29600,29800,38301,0.006756756756756799
2022-07-21,30150,30500,29400,29400,67121,-0.01342281879194629
2022-07-22,29350,30150,28700,29600,80530,0.006802721088435382
2022-07-25,29050,30100,28950,29800,49242,0.006756756756756799
2022-07-26,29550,30400,29450,30300,64957,0.016778523489932917
2022-07-27,30300,30350,29850,30200,42110,-0.0033003300330033403
2022-07-28,30450,31750,30400,31750,114815,0.051324503311258374
2022-07-29,31650,32500,31450,31950,89500,0.006299212598425141
2022-08-01,31050,32150,31050,31850,64945,-0.003129890453834161
2022-08-02,31850,31850,30850,31400,54321,-0.014128728414442682
2022-08-03,31500,32600,31050,32500,118456,0.035031847133758065
2022-08-04,32550,33050,31750,32550,117575,0.0015384615384614886
2022-08-05,32750,32750,31750,32250,75119,-0.009216589861751112
2022-08-08,32250,32300,31300,32100,54087,-0.0046511627906976605
2022-08-09,31850,33800,31650,33300,174720,0.03738317757009346
2022-08-10,33300,33350,31850,32300,122379,-0.03003003003003002
2022-08-11,32350,34250,32350,33950,242961,0.051083591331269274
2022-08-12,33600,34650,33600,34400,142110,0.013254786450662692
2022-08-16,34450,37850,33300,35100,788550,0.02034883720930236
2022-08-17,35550,36450,34700,35500,286369,0.01139601139601143
2022-08-18,35350,36650,35150,36300,298157,0.022535211267605604
2022-08-19,36550,36950,36150,36350,180156,0.0013774104683195176
2022-08-22,36000,36300,35050,35300,112993,-0.028885832187070193
2022-08-23,35000,35500,33800,34700,146485,-0.016997167138810165
2022-08-24,34700,35500,34450,34700,104293,0.0
2022-08-25,34600,36050,34550,34900,124957,0.0057636887608070175
2022-08-26,35600,36200,35300,35350,147988,0.012893982808023008
2022-08-29,33800,34450,32000,32700,347398,-0.074964639321075
2022-08-30,32800,33350,32450,32900,95738,0.006116207951070374
2022-08-31,33200,35350,32850,34450,238134,0.04711246200607899
2022-09-01,34550,36200,34200,35800,226381,0.03918722786647311
2022-09-02,36500,37100,35100,35100,239725,-0.019553072625698276
2022-09-05,34750,35300,33850,34100,125090,-0.028490028490028463
2022-09-06,34100,36050,34050,35900,151212,0.05278592375366564
2022-09-07,36100,36250,35300,35550,122734,-0.00974930362116988
2022-09-08,36100,36650,35350,35750,107821,0.005625879043600568
2022-09-13,36050,36400,35050,35250,106973,-0.013986013986013957
2022-09-14,33900,34550,33650,34200,63264,-0.029787234042553234
2022-09-15,34500,35750,34000,35400,102810,0.03508771929824572
2022-09-16,35100,35750,33850,34350,104330,-0.029661016949152574
2022-09-19,34150,34600,32950,33000,94301,-0.0393013100436681
2022-09-20,33050,34100,33050,33600,52123,0.018181818181818077
2022-09-21,33200,33400,32600,32900,63710,-0.02083333333333337
2022-09-22,32350,33900,31600,33550,109524,0.019756838905775176
2022-09-23,33300,33300,31800,32650,99210,-0.026825633383010472
2022-09-26,31700,32100,30050,30400,148855,-0.06891271056661563
2022-09-27,30200,30950,29100,30700,137188,0.009868421052631637
2022-09-28,30900,30900,28500,29400,121787,-0.04234527687296419
2022-09-29,29850,30250,28900,29050,104005,-0.011904761904761862
2022-09-30,28200,29050,27900,28800,76113,-0.008605851979345935
2022-10-04,29250,30450,29000,30400,61710,0.05555555555555558
2022-10-05,31050,31100,30050,30200,50611,-0.006578947368421018
2022-10-06,30850,31150,30350,30700,49764,0.01655629139072845
2022-10-07,30400,32450,30200,32300,155432,0.05211726384364823
2022-10-11,31800,31800,29700,30200,114222,-0.06501547987616096
2022-10-12,30200,30950,30000,30600,81417,0.013245033112582849
2022-10-13,30300,30600,28800,28800,105741,-0.05882352941176472
2022-10-14,29750,31300,29750,30800,128462,0.06944444444444442
2022-10-17,29900,32850,29750,32500,145021,0.05519480519480524
2022-10-18,33100,33200,32300,32650,63387,0.004615384615384688
2022-10-19,32950,33000,32100,32350,66741,-0.009188361408882129
2022-10-20,31800,33100,31400,32200,64977,-0.004636785162287493
2022-10-21,32250,32600,31600,32200,55933,0.0
2022-10-24,32900,33200,31850,32050,51366,-0.004658385093167738
2022-10-25,31750,32900,31750,32500,63543,0.014040561622464809
2022-10-26,32300,32600,30400,30900,137654,-0.04923076923076919
2022-10-27,31000,31500,30000,30300,127174,-0.01941747572815533
2022-10-28,30300,30750,29300,29750,78427,-0.018151815181518205
2022-10-31,30000,30500,29900,30300,59706,0.018487394957983128
2022-11-01,30300,30600,29800,30500,66217,0.0066006600660066805
2022-11-02,30000,30650,29850,30000,49980,-0.016393442622950838
2022-11-03,29350,30200,29250,29400,52657,-0.020000000000000018
2022-11-04,29400,31200,29300,30600,125324,0.04081632653061229
2022-11-07,30800,31050,30150,30600,37886,0.0
2022-11-08,30600,31200,30300,31200,83890,0.019607843137254832
2022-11-09,31200,31350,30500,30700,97093,-0.01602564102564108
2022-11-10,30650,30650,29450,29750,113544,-0.030944625407166138
2022-11-11,30950,31450,30200,31200,191896,0.04873949579831938
2022-11-14,31200,33000,30900,32000,753977,0.02564102564102555
2022-11-15,32500,35000,32300,34650,660233,0.08281249999999996
2022-11-16,34550,34650,33200,33800,233390,-0.024531024531024515
2022-11-17,33500,33800,32200,33200,223202,-0.017751479289940808
2022-11-18,33100,34700,33000,34400,322726,0.03614457831325302
2022-11-21,34650,35900,34000,35100,484720,0.02034883720930236
2022-11-22,34750,34950,33200,33950,262485,-0.03276353276353272
2022-11-23,34250,34300,33650,33800,93561,-0.004418262150220897
2022-11-24,33900,35050,33900,34800,167610,0.029585798816567976
2022-11-25,34700,34850,34000,34800,89303,0.0
2022-11-28,34850,35150,32950,33000,182033,-0.051724137931034475
2022-11-29,32600,33400,31700,32350,294032,-0.019696969696969657
2022-11-30,32000,32450,31450,32200,111030,-0.004636785162287493
2022-12-01,32700,33000,32000,32350,112571,0.004658385093167627
2022-12-02,32000,32150,31250,31250,78148,-0.03400309119010814
2022-12-05,31250,32600,31250,32500,152028,0.040000000000000036
2022-12-06,32000,32700,31750,32050,80987,-0.013846153846153841
2022-12-07,31550,32250,31400,31600,67910,-0.01404056162246492
2022-12-08,31600,33150,31550,32900,154135,0.04113924050632911
2022-12-09,33300,36500,32950,35850,1227485,0.08966565349544076
2022-12-12,36400,37500,35550,36000,615995,0.004184100418409997
2022-12-13,35900,36250,35450,35700,185657,-0.008333333333333304
2022-12-14,35850,37100,35500,36650,310832,0.026610644257702987
2022-12-15,36650,39250,36600,38400,851280,0.04774897680763979
2022-12-16,38000,39650,37750,38550,494185,0.00390625
2022-12-19,38500,39800,37400,39300,373034,0.01945525291828787
2022-12-20,39250,39450,37900,38250,305616,-0.026717557251908386
2022-12-21,38650,38950,37550,37950,198660,-0.007843137254901933
2022-12-22,38500,39000,37750,38050,192826,0.0026350461133068936
2022-12-23,37000,37900,35700,37300,588632,-0.019710906701708275
2022-12-26,37200,38600,36850,38300,330957,0.02680965147453085
2022-12-27,37900,39650,37550,39400,501874,0.02872062663185382
2022-12-28,39100,39800,38250,38800,425202,-0.015228426395939132
2022-12-29,38650,38700,36600,37000,268598,-0.046391752577319534
2023-01-02,37000,37400,35050,35450,285550,-0.04189189189189191
2023-01-03,35400,35900,34400,35550,220339,0.0028208744710860323
2023-01-04,35050,35550,33950,34000,243265,-0.043600562587904346
2023-01-05,34400,34700,32950,33350,197956,-0.019117647058823573
2023-01-06,32950,34150,29900,30050,1831579,-0.09895052473763122
2023-01-09,30800,31950,29350,30300,1297320,0.008319467554076532
2023-01-10,30550,31600,30000,30650,528756,0.011551155115511635
2023-01-11,31300,32050,31200,31850,614993,0.039151712887438794
2023-01-12,31750,32000,30750,31800,480781,-0.0015698587127158659
2023-01-13,31800,31800,31200,31300,278842,-0.01572327044025157
2023-01-16,31200,32750,31200,32250,438332,0.030351437699680517
2023-01-17,32550,32850,31950,32300,266074,0.0015503875968991832
2023-01-18,32600,32900,32100,32900,202073,0.018575851393188847
2023-01-19,32550,32900,31950,32250,220543,-0.019756838905775065
2023-01-20,32250,33750,31750,33700,466045,0.04496124031007742
2023-01-25,33550,33650,32650,33200,321718,-0.014836795252225476
2023-01-26,34950,35650,34150,34400,1071591,0.03614457831325302
2023-01-27,34750,34800,34050,34400,268739,0.0
2023-01-30,34500,35500,34250,34750,316836,0.01017441860465107
2023-01-31,34650,34850,34000,34500,171039,-0.007194244604316502
2023-02-01,35150,36050,34700,35450,444790,0.02753623188405796
2023-02-02,35700,35950,35050,35500,234661,0.0014104372355430161
2023-02-03,35600,35800,34700,35200,199588,-0.008450704225352101
2023-02-06,34950,35300,34300,34300,180539,-0.025568181818181768
2023-02-07,34300,35500,34000,35000,232752,0.020408163265306145
2023-02-08,35000,35100,34450,34500,151855,-0.014285714285714235
2023-02-09,34500,35150,34450,34500,168795,0.0
2023-02-10,34550,34750,33600,34300,185267,-0.005797101449275366
2023-02-13,34300,34600,33500,34450,158766,0.004373177842565523
2023-02-14,34800,35450,34700,34900,212191,0.013062409288824295
2023-02-15,34950,35500,34000,34350,280216,-0.015759312320916874
2023-02-16,34550,35100,34150,34800,179312,0.013100436681222627
2023-02-17,34400,35050,33450,33650,281171,-0.033045977011494254
2023-02-20,34000,34500,33300,34050,112083,0.011887072808320909
2023-02-21,34050,34050,32600,32900,354403,-0.03377386196769461
2023-02-22,32400,34250,32000,33200,476677,0.00911854103343468
2023-02-23,33550,34400,33550,33950,261445,0.02259036144578319
2023-02-24,34050,34150,32200,32350,323719,-0.04712812960235646
2023-02-27,32100,32250,31350,31450,186992,-0.02782071097372485
2023-02-28,31550,32200,31250,31300,156183,-0.004769475357710662
2023-03-02,31500,32150,31350,31500,158063,0.006389776357827559
2023-03-03,31650,32950,31650,32300,190370,0.025396825396825307
2023-03-06,32500,34200,32450,33500,258904,0.037151702786377694
2023-03-07,33950,34200,33250,33900,168168,0.011940298507462588
2023-03-08,33500,34050,33250,33250,187590,-0.019174041297935096
2023-03-09,33750,34950,32800,34200,286604,0.02857142857142847
2023-03-10,34300,35350,33000,33300,294650,-0.02631578947368418
2023-03-13,33000,33150,31250,31800,370396,-0.04504504504504503
2023-03-14,31700,31700,29400,29400,403437,-0.07547169811320753
2023-03-15,30000,30550,29250,29350,273175,-0.00170068027210879
2023-03-16,29350,29400,28000,29050,339777,-0.010221465076660996
2023-03-17,29650,30800,29400,30200,243318,0.03958691910499135
2023-03-20,30400,30750,29800,30200,109036,0.0
2023-03-21,30300,30300,29250,29750,174947,-0.01490066225165565
2023-03-22,29900,30000,29350,29400,104095,-0.0117647058823529
2023-03-23,29000,29100,28500,28650,208791,-0.025510204081632626
2023-03-24,28700,30700,28700,30450,263656,0.06282722513089012
2023-03-27,30450,30500,29300,29850,213917,-0.019704433497536922
2023-03-28,30200,31250,29700,31250,243663,0.04690117252931314
2023-03-29,31350,31550,30650,31300,156102,0.0016000000000000458
2023-03-30,31200,31350,30700,30950,168368,-0.011182108626198062
2023-03-31,30950,32200,30650,31350,352087,0.01292407108239102
2023-04-03,31450,31550,30550,30800,165945,-0.01754385964912286
2023-04-04,30400,31500,30400,31000,199155,0.006493506493506551
2023-04-05,31000,33900,30850,33350,737082,0.07580645161290334
2023-04-06,33500,33800,32600,32950,289695,-0.01199400299850073
2023-04-07,33150,33300,32250,32900,151980,-0.0015174506828528056
2023-04-10,32650,32700,30000,30650,590483,-0.06838905775075987
2023-04-11,30400,30700,29700,30600,199208,-0.0016313213703099683
2023-04-12,30200,31050,30200,30350,177706,-0.008169934640522847
2023-04-13,30400,32050,29800,31900,245331,0.05107084019769359
2023-04-14,31950,32100,30650,30800,257355,-0.03448275862068961
2023-04-17,29700,30500,29500,30450,235207,-0.011363636363636354
2023-04-18,30300,30950,29850,30850,154709,0.013136288998357948
2023-04-19,31000,31000,29900,30150,308514,-0.02269043760129663
2023-04-20,30050,30150,29450,29500,208138,-0.021558872305140975
2023-04-21,29500,29800,28900,29050,152831,-0.015254237288135575
2023-04-24,29050,29550,28600,28650,132657,-0.013769363166953541
2023-04-25,28900,28900,27950,28200,128982,-0.015706806282722474
2023-04-26,28150,29250,27850,28450,105953,0.00886524822695045
2023-04-27,28150,28500,27400,27600,200222,-0.02987697715289983
2023-04-28,27900,28000,26700,26950,219159,-0.023550724637681153
2023-05-02,26950,27100,26350,26950,126813,0.0
2023-05-03,26250,26650,24900,24950,563881,-0.07421150278293132
2023-05-04,25100,25100,23950,24200,286592,-0.030060120240480992
2023-05-08,24400,24550,23850,23850,138960,-0.01446280991735538
2023-05-09,23950,24100,23050,23250,243243,-0.02515723270440251
2023-05-10,23250,24200,23150,23550,162959,0.012903225806451646
2023-05-11,23500,24050,23500,23800,99516,0.010615711252653925
2023-05-12,23800,24050,23300,23350,117158,-0.018907563025210128
2023-05-15,23150,23350,22500,22750,288124,-0.025695931477516032
2023-05-16,23000,23000,21700,22200,306462,-0.0241758241758242
2023-05-17,22200,22650,21950,22650,114949,0.020270270270270174
2023-05-18,22750,23200,22400,22600,186551,-0.002207505518763808
2023-05-19,22850,23600,22700,23500,156180,0.03982300884955747
2023-05-22,23700,23800,23050,23400,96094,-0.004255319148936176
2023-05-23,23400,23600,23200,23600,78698,0.008547008547008517
2023-05-24,23600,24150,23400,23400,114082,-0.008474576271186418
2023-05-25,23700,23750,22900,23450,90265,0.002136752136752129
2023-05-26,23500,23500,22900,23050,85208,-0.017057569296375252
2023-05-30,23250,23550,22800,23550,84762,0.021691973969631295
2023-05-31,23600,23900,23000,23700,136265,0.006369426751592355
2023-06-01,22850,22850,20650,20800,1045268,-0.12236286919831219
2023-06-02,20800,21750,20400,21450,416277,0.03125
2023-06-05,21450,22350,21300,21900,271739,0.020979020979021046
2023-06-07,21700,22250,21650,21650,133417,-0.011415525114155223
2023-06-08,21400,21900,21250,21700,101360,0.002309468822170979
2023-06-09,22200,22600,21900,22250,153827,0.025345622119815614
2023-06-12,22600,24500,22450,23050,616459,0.035955056179775235
2023-06-13,23250,24000,23200,23850,261469,0.03470715835141003
2023-06-14,24350,24650,23500,24050,367121,0.008385744234800763
2023-06-15,23600,23900,22700,23050,400470,-0.04158004158004158
2023-06-16,23300,23550,22950,23050,151376,0.0
2023-06-19,23000,23000,21850,22050,404904,-0.04338394793926248
2023-06-20,22000,22200,21600,21750,234878,-0.013605442176870763
2023-06-21,21550,21650,20150,20150,518821,-0.0735632183908046
2023-06-22,19990,19990,19110,19290,374206,-0.042679900744416854
2023-06-23,19200,19290,18700,19000,258341,-0.015033696215655756
2023-06-26,18900,19800,18640,19310,182883,0.016315789473684283
2023-06-27,19560,20750,19560,20250,397580,0.048679440704298305
2023-06-28,20400,20450,19860,19990,140900,-0.012839506172839465
2023-06-29,20150,21300,19960,20900,286050,0.045522761380690335
2023-06-30,20850,21400,20400,20900,120765,0.0
2023-07-03,20850,21450,20700,20900,96781,0.0
2023-07-04,20750,20900,20150,20700,145892,-0.009569377990430672
2023-07-05,20600,20750,20050,20050,87634,-0.03140096618357491
2023-07-06,20100,20100,19310,19310,126817,-0.03690773067331676
2023-07-07,19050,19490,18790,19150,130365,-0.008285862247540132
2023-07-10,18890,19140,18730,18800,89282,-0.018276762402088753
2023-07-11,18880,19490,18870,19490,87323,0.03670212765957448
2023-07-12,19240,19710,19020,19710,142575,0.011287839917906606
2023-07-13,19830,20800,19720,20600,193750,0.04515474378488071
2023-07-14,20950,20950,19990,20300,136825,-0.014563106796116498
2023-07-17,20350,22750,20250,22500,542656,0.10837438423645329
2023-07-18,22350,22350,21400,21900,203596,-0.026666666666666616
2023-07-19,21900,22250,21550,22250,141525,0.015981735159817267
2023-07-20,22350,22700,21700,21800,114374,-0.020224719101123556
2023-07-21,21650,21800,21000,21350,123921,-0.020642201834862428
2023-07-24,21150,21300,20800,20850,110471,-0.023419203747072626
2023-07-25,21150,21350,20750,20900,103016,0.0023980815347721673
2023-07-26,20800,20850,19410,19470,285886,-0.06842105263157894
2023-07-27,19300,21400,19300,21050,237784,0.081150487930149
2023-07-28,21100,21700,20550,21300,161799,0.01187648456057011
2023-07-31,21250,21250,20650,20650,76657,-0.030516431924882625
2023-08-01,20550,20850,20350,20550,82119,-0.004842615012106588
2023-08-02,20500,20600,19990,20100,95697,-0.021897810218978075
2023-08-03,19980,20150,19690,19790,84923,-0.015422885572139333
2023-08-04,19700,20750,19470,20700,129213,0.04598281960586159
2023-08-07,20450,21700,20400,21300,187048,0.02898550724637672
2023-08-08,21550,21650,20800,21000,106124,-0.014084507042253502
2023-08-09,21000,21300,20600,21150,46834,0.0071428571428571175
2023-08-10,21100,21100,20400,20700,68503,-0.021276595744680882
2023-08-11,20600,23700,20500,23600,699450,0.14009661835748788
2023-08-14,23300,23900,22600,22950,213477,-0.02754237288135597
2023-08-16,22550,22850,21200,21650,279010,-0.05664488017429192
2023-08-17,21600,27400,21550,26450,2720629,0.22170900692840645
2023-08-18,25750,27100,24650,26550,747215,0.003780718336483968
2023-08-21,26250,28350,26000,26400,436528,-0.005649717514124242
2023-08-22,26500,26700,25450,25700,219341,-0.02651515151515149
2023-08-23,25450,27450,25000,25450,513495,-0.009727626459143934
2023-08-24,25450,27000,25100,26200,286677,0.02946954813359537
2023-08-25,25750,25850,23700,24400,399401,-0.06870229007633588
2023-08-28,24400,24800,23950,24700,148924,0.012295081967213184
2023-08-29,24600,26350,24100,25550,395114,0.03441295546558698
2023-08-30,25400,27100,25100,26200,375309,0.02544031311154593
2023-08-31,26400,27250,25950,26300,301170,0.003816793893129722
2023-09-01,26100,27150,25500,25750,312324,-0.020912547528517123
2023-09-04,25300,25350,23650,24150,289834,-0.062135922330097126
2023-09-05,23800,24100,22900,23500,242651,-0.026915113871635588
2023-09-06,23500,24150,22850,23550,180567,0.0021276595744681437
2023-09-07,23500,23500,22550,22700,153051,-0.03609341825902335
2023-09-08,23000,23650,22400,23650,147029,0.04185022026431717
2023-09-11,23700,23700,22200,22450,205047,-0.05073995771670192
2023-09-12,22600,23700,22450,22900,176804,0.020044543429844186
2023-09-13,22750,24100,22450,23600,454974,0.03056768558951961
2023-09-14,24150,25300,23200,23400,437405,-0.008474576271186418
2023-09-15,23350,24950,23200,24250,344880,0.03632478632478642
2023-09-18,23800,23800,22550,22550,252164,-0.07010309278350513
2023-09-19,22650,24800,22500,24400,789805,0.08203991130820398
2023-09-20,24100,26000,23300,23650,693393,-0.030737704918032738
2023-09-21,23150,23150,21400,21500,448495,-0.09090909090909094
2023-09-22,21150,21650,21000,21200,128632,-0.013953488372092981
2023-09-25,20950,22350,20950,21300,132840,0.004716981132075526
2023-09-26,21500,21700,20500,20600,103373,-0.032863849765258246
2023-09-27,20500,21500,20450,21300,92106,0.03398058252427183
2023-10-04,20850,21250,20200,20550,149304,-0.035211267605633756
2023-10-05,20650,22550,20300,22050,337708,0.07299270072992692
2023-10-06,22100,22550,20150,20700,426323,-0.061224489795918324
2023-10-10,20700,21750,19350,19690,235178,-0.048792270531401005
2023-10-11,19800,20450,19800,20250,183597,0.028440832910106684
2023-10-12,20150,20800,20100,20600,83395,0.01728395061728394
2023-10-13,20450,20450,19810,20200,84414,-0.01941747572815533
2023-10-16,20150,20150,19500,19860,107897,-0.016831683168316847
2023-10-17,19910,20150,19810,19980,64638,0.0060422960725075026
2023-10-18,19900,19990,18670,19200,328008,-0.03903903903903905
2023-10-19,18710,19430,18440,18670,201179,-0.027604166666666652
2023-10-20,18630,18630,17680,18330,206076,-0.01821103374397426
2023-10-23,18000,18380,17900,18270,92231,-0.00327332242225864
2023-10-24,18300,18880,17960,18860,89354,0.03229337712096325
2023-10-25,18950,19220,18640,19000,96783,0.007423117709437932
2023-10-26,18850,18900,18360,18650,52590,-0.018421052631578894
2023-10-27,18860,18990,18250,18590,68199,-0.0032171581769436797
2023-10-30,18750,18840,18300,18820,37100,0.012372243141473893
2023-10-31,18830,18990,18150,18430,52168,-0.020722635494155206
2023-11-01,18540,18780,18230,18380,47638,-0.0027129679869777323
2023-11-02,18560,19460,18560,19430,146881,0.0571273122959739
2023-11-03,19610,19630,18910,19620,100477,0.009778692743180661
2023-11-06,20150,20650,19780,20600,159929,0.049949031600407645
2023-11-07,20700,20700,19710,19950,105121,-0.03155339805825241
2023-11-08,20150,21600,19920,21250,201750,0.06516290726817053
2023-11-09,21200,21650,20450,21100,96473,-0.007058823529411784
2023-11-10,20650,21050,20300,21050,45883,-0.0023696682464454666
2023-11-13,21400,21450,20250,20750,68874,-0.014251781472684133
2023-11-14,21000,21000,20350,20900,91731,0.0072289156626506035
2023-11-15,20800,20900,20250,20500,147182,-0.019138755980861233
2023-11-16,20450,20450,19350,19740,243750,-0.03707317073170735
2023-11-17,19550,19810,19500,19650,71432,-0.00455927051671734
2023-11-20,19650,20650,19480,20450,130038,0.040712468193384144
2023-11-21,20350,20700,20250,20400,40396,-0.0024449877750610804
2023-11-22,20000,20500,19960,20450,84017,0.002450980392156854
2023-11-23,20450,20450,19660,19990,151786,-0.022493887530562362
2023-11-24,19650,19990,19630,19690,50202,-0.015007503751875984
2023-11-27,19780,19790,19150,19330,68573,-0.018283392585068614
2023-11-28,19400,19410,18640,18900,106258,-0.02224521469218832
2023-11-29,18930,19060,18540,18980,127124,0.004232804232804144
2023-11-30,18980,19140,18660,19130,65344,0.007903055848261342
2023-12-01,19120,19120,18640,18930,100321,-0.010454783063251427
2023-12-04,18990,18990,18410,18490,89144,-0.02324352879028002
2023-12-05,18540,18550,18140,18350,71255,-0.007571660356949672
2023-12-06,18390,18810,17950,18680,99359,0.01798365122615797
2023-12-07,18680,18790,18420,18500,40482,-0.009635974304068484
2023-12-08,18500,18640,18120,18500,67829,0.0
2023-12-11,18540,18990,18410,18890,98379,0.021081081081081088
2023-12-12,18870,19000,18680,18790,27029,-0.0052938062466914015
2023-12-13,18790,19040,18440,18660,67366,-0.006918573709419951
2023-12-14,18830,19340,18460,18860,119208,0.010718113612004254
2023-12-15,18840,18840,18450,18460,103300,-0.02120890774125128
2023-12-18,18620,18620,18320,18360,53517,-0.005417118093174467
2023-12-19,18360,18860,18180,18360,84277,0.0
2023-12-20,18360,18410,18130,18200,86044,-0.008714596949891074
2023-12-21,18170,18180,17690,17740,146432,-0.025274725274725296
2023-12-22,17740,17820,17470,17510,82343,-0.012965050732807182
2023-12-26,17520,17570,16950,16990,134841,-0.029697315819531722
2023-12-27,17010,17200,16900,17190,61157,0.011771630370806418
2023-12-28,17150,17440,16900,17390,64549,0.011634671320535306
2024-01-02,17500,17770,17390,17650,99748,0.014951121334100037
2024-01-03,17450,17620,17170,17210,72273,-0.024929178470254998
2024-01-04,17210,17300,16910,17000,81976,-0.01220220801859384
2024-01-05,17000,17000,16650,16740,95564,-0.015294117647058791
2024-01-08,16740,17220,16630,16970,69397,0.013739545997610403
2024-01-09,16980,17810,16980,17690,178196,0.04242781378903948
2024-01-10,17690,17720,17440,17510,58617,-0.010175240248728068
2024-01-11,17530,18600,17510,18430,447144,0.052541404911479184
2024-01-12,18220,18460,17460,17590,153309,-0.04557786218122628
2024-01-15,17590,19000,17480,18450,394535,0.04889141557703236
2024-01-16,18500,19000,18080,18680,251056,0.012466124661246525
2024-01-17,18470,19350,18320,18970,250538,0.015524625267665959
2024-01-18,18940,18950,18330,18500,108505,-0.02477596204533472
2024-01-19,18570,19440,18500,18760,166810,0.014054054054054133
2024-01-22,19300,19880,19100,19790,288407,0.05490405117270791
2024-01-23,19690,19690,18850,18880,153357,-0.04598281960586159
2024-01-24,18770,18850,17860,17940,171439,-0.04978813559322037
2024-01-25,17800,17980,17550,17590,97081,-0.01950947603121511
2024-01-26,17710,18820,17690,18340,144691,0.04263786242183065
2024-01-29,18500,18500,17700,17750,113967,-0.03217011995637953
2024-01-30,17750,17840,17150,17380,115867,-0.02084507042253525
2024-01-31,17210,17400,16820,17020,90951,-0.020713463751438455
2024-02-01,17020,17330,16710,17160,94068,0.008225616921269108
2024-02-02,17240,17430,17160,17420,64500,0.015151515151515138
2024-02-05,17330,17450,17000,17080,68212,-0.019517795637198576
2024-02-06,17090,17200,16850,17100,35505,0.0011709601873535203
2024-02-07,17180,17320,17030,17110,25528,0.0005847953216373547
2024-02-08,17200,17210,16950,17020,57411,-0.005260081823495022
2024-02-13,17100,18040,17030,17740,146094,0.04230317273795525
2024-02-14,17560,17640,17210,17530,75859,-0.01183765501691092
2024-02-15,17600,17800,17310,17530,103054,0.0
2024-02-16,17720,17720,17270,17360,48437,-0.0096976611523103
2024-02-19,17410,17800,17410,17440,83396,0.004608294930875667
2024-02-20,17460,17500,17300,17330,46512,-0.006307339449541316
2024-02-21,17180,17340,17070,17160,61896,-0.009809578765147098
2024-02-22,17080,17350,17010,17090,76153,-0.004079254079254024
2024-02-23,16910,17140,16810,16980,57909,-0.0064365125804564105
2024-02-26,16910,17040,16610,16680,102959,-0.017667844522968212
2024-02-27,16680,16680,15660,15740,210746,-0.056354916067146266
2024-02-28,16000,16010,15500,15550,86476,-0.012071156289707785
2024-02-29,15500,16110,15420,15500,82755,-0.003215434083601254
2024-03-04,15420,15680,15400,15470,42355,-0.001935483870967758
2024-03-05,15300,15460,14910,15020,86914,-0.029088558500323214
2024-03-06,14870,15170,14540,14800,90615,-0.01464713715046606
2024-03-07,14740,14790,14520,14690,68596,-0.007432432432432412
2024-03-08,14610,14880,14540,14700,39011,0.000680735194009463
2024-03-11,14750,14820,14590,14720,44024,0.0013605442176871652
2024-03-12,14620,14840,14560,14690,31952,-0.0020380434782608647
2024-03-13,14800,14810,14580,14700,49085,0.000680735194009463
2024-03-14,14700,14790,14300,14300,87497,-0.027210884353741527
2024-03-15,14240,14380,13890,14380,80022,0.005594405594405494
2024-03-18,14390,14440,14270,14310,31235,-0.004867872044506227
2024-03-19,14200,14270,14000,14170,59878,-0.009783368273934334
2024-03-20,14100,14220,13910,13930,59098,-0.016937191249117856
2024-03-21,14000,14990,14000,14940,207673,0.07250538406317308
2024-03-22,14960,15500,14700,14930,126527,-0.0006693440428380271
2024-03-25,14790,14990,14410,14460,64566,-0.03148024112525116
2024-03-26,14460,14890,14370,14650,66398,0.013139695712309774
2024-03-27,14740,14770,14510,14760,27956,0.007508532423208258
2024-03-28,14760,15370,14660,15250,119204,0.033197831978319714
2024-03-29,15290,15300,14830,14870,48313,-0.024918032786885203
2024-04-01,15040,15100,14810,14910,28852,0.0026899798251514007
2024-04-02,14810,15000,14480,14520,75892,-0.026156941649899346
2024-04-03,14460,14610,14120,14260,43978,-0.017906336088154284
2024-04-04,14260,14510,14140,14400,44205,0.009817671809256634
2024-04-05,14310,14410,14110,14180,48729,-0.015277777777777724
2024-04-08,14180,14330,13520,13710,100993,-0.03314527503526088
2024-04-09,13810,14120,13600,13870,32372,0.011670313639678964
2024-04-11,13720,13720,13460,13480,46333,-0.02811824080749825
2024-04-12,13750,13870,13420,13420,55494,-0.004451038575667643
2024-04-15,13200,13360,12890,13320,73627,-0.007451564828613977
2024-04-16,13030,13300,12820,13040,58228,-0.02102102102102099
2024-04-17,12920,13500,12920,13400,40583,0.027607361963190247
2024-04-18,13250,13600,13250,13590,49807,0.014179104477611837
2024-04-19,13420,13790,13320,13790,50837,0.01471670345842524
2024-04-22,13790,13980,13600,13860,34427,0.0050761421319796
2024-04-23,13740,13920,13550,13720,32273,-0.010101010101010055
2024-04-24,13850,14380,13840,14330,40189,0.044460641399416856
2024-04-25,14190,15200,14080,14960,129970,0.04396371249127706
2024-04-26,14900,15110,14780,14960,36174,0.0
2024-04-29,14960,15340,14770,15270,61920,0.020721925133689867
2024-04-30,14800,15590,14800,15550,59229,0.018336607727570398
2024-05-02,15480,15860,15300,15820,60474,0.017363344051446905
2024-05-03,15870,16010,15690,15900,45999,0.005056890012642201
2024-05-07,16000,16040,15750,15850,36329,-0.0031446540880503138
2024-05-08,15730,15960,15600,15680,31367,-0.010725552050473208
2024-05-09,15510,15750,14530,15420,39331,-0.01658163265306123
2024-05-10,15500,15500,15100,15440,35480,0.0012970168612191912
2024-05-13,15510,15570,15210,15420,19369,-0.0012953367875647714
2024-05-14,15410,15610,15260,15350,25837,-0.004539559014267169
2024-05-16,15050,15230,14500,14900,128046,-0.02931596091205213
2024-05-17,14900,15340,14790,14970,52260,0.004697986577181235
2024-05-20,15100,15200,14740,14860,28905,-0.007348029392117539
2024-05-21,14740,14920,14680,14910,32925,0.003364737550471064
2024-05-22,14830,15150,14730,15100,35855,0.012743125419181656
2024-05-23,15000,15010,14750,14840,36810,-0.017218543046357615
2024-05-24,14620,15020,14610,14750,35312,-0.0060646900269542
2024-05-27,14920,14930,14400,14880,48482,0.008813559322033981
2024-05-28,14740,14990,14720,14940,18932,0.0040322580645162365
2024-05-29,14940,15040,14550,14680,29178,-0.01740294511378848
2024-05-30,14750,14750,14410,14700,19397,0.0013623978201635634
2024-05-31,14500,14940,14500,14590,23797,-0.007482993197278964
2024-06-03,14590,14900,14450,14660,25687,0.00479780671692942
2024-06-04,14550,14670,14340,14530,25199,-0.008867667121418843
2024-06-05,14410,14560,14350,14430,27954,-0.006882312456985562
2024-06-07,14330,14580,14240,14370,31217,-0.004158004158004158
2024-06-10,14370,14370,14020,14230,28813,-0.009742519137091121
2024-06-11,14090,14300,14050,14150,31811,-0.005621925509487036
2024-06-12,14060,14380,13820,14160,51101,0.0007067137809186885
2024-06-13,14120,14240,13700,14180,300816,0.0014124293785311437
2024-06-14,14190,14200,13550,13550,83994,-0.04442877291960512
2024-06-17,13650,13960,13380,13750,47136,0.014760147601476037
2024-06-18,13650,13750,13530,13630,26128,-0.008727272727272695
2024-06-19,13570,13650,13460,13510,30064,-0.00880410858400582
2024-06-20,13460,13550,13230,13520,31307,0.0007401924500369805
2024-06-21,13500,13560,13400,13530,18105,0.0007396449704142327
2024-06-24,13420,13540,13300,13450,38539,-0.00591278640059123
2024-06-25,13450,14080,13380,14080,70549,0.046840148698884754
2024-06-26,14040,14490,13910,14220,56552,0.009943181818181879
2024-06-27,14220,14630,14060,14610,55053,0.02742616033755274
2024-06-28,14610,14610,14450,14560,13810,-0.003422313483915085
2024-07-01,14560,14660,14400,14570,19110,0.0006868131868131844
2024-07-02,14570,14740,14400,14640,42882,0.0048043925875085325
2024-07-03,14700,14740,14260,14420,23213,-0.015027322404371546
2024-07-04,14290,14490,14230,14320,33550,-0.006934812760055475
2024-07-05,14240,14350,13890,14090,48044,-0.016061452513966512
2024-07-08,14100,14500,14050,14400,31319,0.022001419446415982
2024-07-09,14340,14920,14340,14810,40201,0.028472222222222232
2024-07-10,14740,14790,14530,14720,19480,-0.006076975016880537
2024-07-11,14720,14720,14410,14530,16083,-0.012907608695652217
2024-07-12,14570,14600,14300,14460,15744,-0.004817618719889838
2024-07-15,14480,14790,14340,14580,34900,0.008298755186721962
2024-07-16,14600,14600,14110,14250,26266,-0.02263374485596703
2024-07-17,14240,14250,13780,13780,42454,-0.03298245614035089
2024-07-18,13610,13970,13470,13620,17926,-0.011611030478954953
2024-07-19,13620,13710,13500,13710,10514,0.0066079295154184425
2024-07-22,13620,13890,13200,13230,33544,-0.035010940919037226
2024-07-23,13150,13410,12900,13080,24375,-0.0113378684807256
2024-07-24,12900,13270,12860,13000,17204,-0.006116207951070374
2024-07-25,12820,12910,12430,12570,48392,-0.033076923076923115
2024-07-26,12500,12640,12110,12370,49407,-0.015910898965791564
2024-07-29,12290,12360,12010,12250,41801,-0.009700889248181133
2024-07-30,12130,12140,11510,11730,85752,-0.04244897959183669
2024-07-31,11510,11600,11190,11550,76842,-0.01534526854219953
2024-08-01,11430,11880,11430,11670,23638,0.010389610389610393
2024-08-02,11420,11500,10790,11100,61863,-0.04884318766066842
2024-08-05,10650,10990,8780,8910,273706,-0.19729729729729728
2024-08-06,8820,10160,8820,10000,164417,0.122334455667789
2024-08-07,9980,10100,9610,9660,66867,-0.03400000000000003
2024-08-08,9600,9670,9260,9530,48919,-0.01345755693581785
2024-08-09,9510,9930,9510,9630,46565,0.01049317943336825
2024-08-12,9620,9780,9510,9750,27108,0.012461059190031154
2024-08-13,9690,9750,9260,9600,32310,-0.01538461538461533
2024-08-14,9630,9850,9630,9760,24235,0.016666666666666607
2024-08-16,9760,9870,9610,9620,26086,-0.014344262295082011
2024-08-19,9620,9890,9590,9690,25311,0.007276507276507305
2024-08-20,9690,9930,9670,9880,17753,0.019607843137254832
2024-08-21,9870,9880,9600,9750,21685,-0.013157894736842146
2024-08-22,9660,9750,9310,9380,46953,-0.0379487179487179
2024-08-23,9330,9330,9080,9220,37966,-0.017057569296375252
2024-08-26,9150,9220,8690,8920,65453,-0.03253796095444683
2024-08-27,8830,8940,8560,8840,36656,-0.008968609865470878
2024-08-28,8800,8910,8550,8590,20712,-0.02828054298642535
2024-08-29,8550,8750,8210,8450,34140,-0.016298020954598424
2024-08-30,8520,8870,8420,8710,30489,0.03076923076923066
2024-09-02,8700,8700,8240,8240,32480,-0.053960964408725554
2024-09-03,8240,8270,8030,8140,60211,-0.012135922330097082
2024-09-04,7990,7990,7630,7750,78930,-0.04791154791154795
2024-09-05,7720,8000,7460,7650,57857,-0.012903225806451646
2024-09-06,7650,7700,7280,7460,38545,-0.024836601307189565
2024-09-09,7200,7700,7200,7630,29696,0.02278820375335111
2024-09-10,7550,7710,7420,7640,11267,0.001310615989515096
2024-09-11,7640,7650,7400,7580,22122,-0.007853403141361293
2024-09-12,7530,7830,7510,7810,22426,0.03034300791556732
2024-09-13,7860,8730,7820,8110,143799,0.03841229193341866
2024-09-19,8110,8180,7860,8110,44671,0.0
2024-09-20,8050,8450,8050,8390,30759,0.03452527743526512
2024-09-23,8390,9130,8330,8880,70952,0.05840286054827182
2024-09-24,8790,9080,8730,9080,25684,0.022522522522522515
2024-09-25,9080,9500,8740,8760,28690,-0.03524229074889873
2024-09-26,8840,9170,8760,9110,17118,0.03995433789954328
2024-09-27,9080,9190,9000,9110,7193,0.0
2024-09-30,9020,9200,8800,8950,15828,-0.01756311745334793
2024-10-02,8940,8990,8710,8990,11235,0.004469273743016755
2024-10-04,9020,9020,8810,8960,5806,-0.0033370411568409697
2024-10-07,8980,9800,8800,9800,66109,0.09375
2024-10-08,9610,9830,9430,9660,20204,-0.014285714285714235
2024-10-10,9570,9720,9390,9550,16605,-0.011387163561076608
2024-10-11,9500,9510,9280,9440,16770,-0.011518324607329822
2024-10-14,9440,9590,9260,9590,8891,0.01588983050847448
2024-10-15,9470,10890,9420,9990,213029,0.04171011470281538
2024-10-16,9850,9930,9790,9870,25011,-0.012012012012011963
2024-10-17,9750,10040,9750,10040,19727,0.01722391084093222
2024-10-18,9950,10050,9710,9980,16608,-0.005976095617529875
2024-10-21,9980,10040,9650,9700,19985,-0.028056112224448926
2024-10-22,9610,9730,9250,9350,33675,-0.03608247422680411
2024-10-23,9260,10940,9260,10390,248038,0.11122994652406426
2024-10-24,10430,10750,10250,10460,59659,0.00673724735322434
2024-10-25,10460,10490,9700,9940,60535,-0.0497131931166348
2024-10-28,9980,9980,9700,9830,14817,-0.01106639839034207
2024-10-29,9750,10000,9650,10000,12574,0.01729399796541209
2024-10-30,9990,9990,9650,9750,18478,-0.025000000000000022
2024-10-31,9740,9780,9390,9690,17515,-0.006153846153846176
2024-11-01,9620,9620,9370,9490,9393,-0.02063983488132093
2024-11-04,9350,9680,9200,9240,31411,-0.026343519494204437
2024-11-05,9120,9270,9000,9000,21648,-0.025974025974025983
2024-11-06,9120,9250,8800,8840,40053,-0.01777777777777778
2024-11-07,8930,8990,8450,8770,35698,-0.007918552036199067
2024-11-08,8770,9190,8770,9060,51881,0.033067274800456126
2024-11-11,9070,9200,8600,8820,39446,-0.026490066225165587
2024-11-12,8720,8730,8150,8410,57228,-0.046485260770975034
2024-11-13,8230,8440,7910,7930,29282,-0.057074910820451796
2024-11-14,7920,9330,7680,8810,128782,0.11097099621689788
2024-11-15,8820,9480,8820,9160,50804,0.03972758229284912
2024-11-18,9320,9320,8750,9070,27305,-0.009825327510917026
2024-11-19,9090,10050,9090,9820,105088,0.08269018743109147
2024-11-20,9880,10030,9620,9790,26823,-0.003054989816700604
2024-11-21,9800,9830,9410,9600,28525,-0.019407558733401387
2024-11-22,9600,9790,9280,9470,19687,-0.013541666666666674
2024-11-25,9400,9950,9390,9920,33288,0.04751847940865894
2024-11-26,9810,10710,9810,10490,80433,0.05745967741935476
2024-11-27,10740,12370,10600,12160,394195,0.15919923736892283
2024-11-28,12060,12700,11680,12220,175291,0.004934210526315708
2024-11-29,12220,12680,12040,12320,100945,0.008183306055646433
2024-12-02,12160,12520,11900,12370,100937,0.0040584415584414835
2024-12-03,12350,12860,12190,12500,88802,0.010509296685529579
2024-12-04,12010,12690,11700,12020,104466,-0.03839999999999999
2024-12-05,12200,12600,11480,12560,102938,0.04492512479201327
2024-12-06,12300,12440,11760,12030,61366,-0.04219745222929938
2024-12-09,11680,11900,11220,11430,61944,-0.04987531172069826
2024-12-10,11370,12700,11100,12690,108854,0.11023622047244097
2024-12-11,13240,14660,13220,14200,510571,0.11899133175728926
2024-12-12,14200,14740,13620,14680,254177,0.033802816901408406
2024-12-13,14550,15950,14470,15680,414699,0.0681198910081744
2024-12-16,15710,15900,15280,15830,123687,0.00956632653061229
2024-12-17,15830,16250,15370,15860,161706,0.0018951358180669953
2024-12-18,15860,15860,14820,15350,166431,-0.03215636822194201
2024-12-19,15000,15850,14570,15430,228384,0.005211726384364734
2024-12-20,15430,15560,14950,14960,111894,-0.03046014257939078
2024-12-23,15090,16410,15090,16220,252971,0.08422459893048129
2024-12-24,16280,16720,15950,16430,142986,0.012946979038224393
2024-12-26,16600,17440,16500,16890,302200,0.027997565429093152
2024-12-27,17200,17950,16800,17310,279643,0.0248667850799289
2024-12-30,17310,17900,16570,17740,182340,0.024841132293472068
2025-01-02,17770,18500,16400,18230,227753,0.027621195039458923
2025-01-03,18470,18830,17380,18610,231873,0.02084476138233682
2025-01-06,18620,19170,18260,19030,157411,0.022568511552928605
2025-01-07,19200,19200,18540,18900,113621,-0.006831318970047295
2025-01-08,18700,18900,17360,18170,318191,-0.03862433862433867
2025-01-09,17840,17840,15890,16060,481917,-0.11612548156301594
2025-01-10,16120,17310,15810,16980,203633,0.05728518057285181
2025-01-13,16800,17910,16500,17740,182805,0.0447585394581862
2025-01-14,17650,18350,17450,18190,136266,0.0253664036076664
2025-01-15,18330,19150,18290,18950,166060,0.041781198460692615
2025-01-16,18950,19610,18520,19530,229283,0.030606860158311378
2025-01-17,19620,20200,19250,19770,186834,0.01228878648233489
2025-01-20,19780,20250,19350,19970,130383,0.010116337885685445
2025-01-21,20000,20250,19450,20100,123427,0.006509764646970506
2025-01-22,20350,21000,20200,20650,218773,0.027363184079602032
2025-01-23,20650,23200,20350,22350,616163,0.08232445520581111
2025-01-24,22050,23500,21950,22950,349383,0.02684563758389258
2025-01-31,23000,23100,20750,21800,307566,-0.050108932461873645
2025-02-03,21500,22000,19650,21700,372929,-0.004587155963302725
2025-02-04,22200,23200,21600,23100,240796,0.06451612903225801
2025-02-05,23100,24950,22750,24300,376864,0.051948051948051965
2025-02-06,24250,25900,23850,25250,409442,0.039094650205761416
2025-02-07,25400,26100,25000,25900,217420,0.025742574257425765
2025-02-10,25700,26450,24400,26350,180072,0.01737451737451745
2025-02-11,26250,26550,24950,25750,199337,-0.022770398481973486
2025-02-12,25450,25450,23350,23750,463283,-0.07766990291262132
2025-02-13,23950,25050,23500,24750,170712,0.042105263157894646
2025-02-14,24900,25900,24100,25050,194782,0.0121212121212122
2025-02-17,25150,25300,23450,24150,217389,-0.0359281437125748
2025-02-18,24050,24800,23500,24550,109155,0.016563146997929712
2025-02-19,24600,24600,22800,23450,283662,-0.044806517311609007
2025-02-20,22950,23350,21600,22050,332040,-0.05970149253731338
2025-02-21,22450,22850,21600,22000,121740,-0.0022675736961451642
2025-02-24,21400,21700,20250,21000,300681,-0.045454545454545414
2025-02-25,20850,20950,19560,20100,310111,-0.042857142857142816
2025-02-26,20100,20450,19590,19890,183095,-0.010447761194029903
2025-02-27,19820,20950,19710,20150,212394,0.013071895424836555
2025-02-28,19580,20450,19370,19550,179653,-0.02977667493796521
2025-03-04,19550,21200,19080,20850,166058,0.06649616368286448
