Date,Open,High,Low,Close,Volume,Change
2022-01-03,8830,9420,8830,9250,466495,0.0487528344671202
2022-01-04,9320,9620,9210,9220,336257,-0.00324324324324321
2022-01-05,9120,9300,9000,9020,86759,-0.021691973969631184
2022-01-06,8800,9260,8750,8750,121317,-0.029933481152993324
2022-01-07,8770,9130,8770,9070,46834,0.03657142857142848
2022-01-10,9100,9140,8740,9040,80274,-0.003307607497243681
2022-01-11,9650,9800,8910,9100,309048,0.006637168141592875
2022-01-12,9200,9570,9080,9180,230193,0.00879120879120876
2022-01-13,9310,9350,9080,9230,71171,0.005446623093681824
2022-01-14,9280,9630,9080,9280,236100,0.005417118093174356
2022-01-17,9280,9300,8750,8830,186416,-0.04849137931034486
2022-01-18,8830,9080,8490,8510,85091,-0.03624009060022648
2022-01-19,8410,8660,8410,8520,30939,0.001175088131609936
2022-01-20,8450,8790,8450,8790,27417,0.03169014084507049
2022-01-21,8790,8900,8460,8510,41029,-0.03185437997724683
2022-01-24,8350,8470,8050,8090,65539,-0.049353701527614535
2022-01-25,8130,8160,7680,7900,59955,-0.023485784919653918
2022-01-26,7820,8050,7810,7980,24368,0.010126582278481067
2022-01-27,8060,8130,7500,8040,68371,0.007518796992481258
2022-01-28,8110,8230,7740,8190,38661,0.018656716417910557
2022-02-03,8250,8330,8110,8130,34766,-0.0073260073260073
2022-02-04,8170,8290,8070,8280,27268,0.01845018450184499
2022-02-07,8360,8360,8040,8200,13683,-0.009661835748792313
2022-02-08,8150,8280,7660,7870,126307,-0.040243902439024426
2022-02-09,7940,7990,7850,7900,22096,0.003811944091486552
2022-02-10,7860,7990,7750,7900,47254,0.0
2022-02-11,7880,7880,7560,7690,51895,-0.02658227848101269
2022-02-14,7520,7620,7400,7450,55566,-0.031209362808842678
2022-02-15,7450,7670,7330,7380,29991,-0.00939597315436247
2022-02-16,7600,7690,7400,7670,26946,0.039295392953929476
2022-02-17,7750,8050,7680,8000,52511,0.0430247718383312
2022-02-18,7980,8170,7840,8150,40412,0.018750000000000044
2022-02-21,8150,8330,8090,8230,25020,0.009815950920245342
2022-02-22,8180,8190,8090,8130,17802,-0.012150668286755817
2022-02-23,8080,8440,8080,8240,38055,0.013530135301353052
2022-02-24,8320,8400,7990,8000,53471,-0.029126213592232997
2022-02-25,8040,8400,8040,8190,7669,0.023749999999999938
2022-02-28,8230,8330,8060,8230,24277,0.004884004884004867
2022-03-02,8230,8320,8200,8290,6845,0.007290400972053357
2022-03-03,8390,8420,8250,8420,23284,0.01568154402895061
2022-03-04,8420,8530,8260,8400,17929,-0.002375296912114022
2022-03-07,8310,8310,8030,8090,12511,-0.036904761904761885
2022-03-08,7950,8230,7870,8000,43062,-0.011124845488257096
2022-03-10,8100,8160,8010,8010,7998,0.0012499999999999734
2022-03-11,8010,8100,7910,8040,8661,0.0037453183520599342
2022-03-14,8100,8100,7800,7830,15780,-0.026119402985074647
2022-03-15,7880,7880,7720,7780,10125,-0.0063856960408684715
2022-03-16,7870,7970,7780,7890,4253,0.014138817480719768
2022-03-17,7960,8010,7890,8000,16191,0.013941698352344822
2022-03-18,8010,8180,7860,8180,11961,0.022499999999999964
2022-03-21,8180,8180,7950,8040,14374,-0.017114914425427896
2022-03-22,7980,8100,7950,8090,10610,0.006218905472636926
2022-03-23,8150,8200,7990,8050,13658,-0.0049443757725586845
2022-03-24,7990,7990,7820,7920,25814,-0.016149068322981353
2022-03-25,7940,7960,7840,7880,10775,-0.005050505050505083
2022-03-28,7920,7940,7790,7930,5933,0.006345177664974555
2022-03-29,7930,7980,7850,7910,7691,-0.0025220680958385477
2022-03-30,7910,7950,7860,7920,9864,0.0012642225031604948
2022-03-31,7930,7940,7760,7820,29925,-0.012626262626262652
2022-04-01,7820,7840,7700,7830,23502,0.0012787723785165905
2022-04-04,7830,7870,7750,7810,11948,-0.0025542784163473664
2022-04-05,7890,7900,7770,7830,26550,0.00256081946222797
2022-04-06,7780,7820,7710,7800,19090,-0.003831417624521105
2022-04-07,7720,7740,7550,7690,48216,-0.014102564102564052
2022-04-08,7580,7650,7520,7640,19041,-0.006501950585175553
2022-04-11,7610,7720,7560,7640,9810,0.0
2022-04-12,7500,7600,7500,7530,8108,-0.014397905759162333
2022-04-13,7530,7810,7530,7800,8872,0.03585657370517925
2022-04-14,7800,8000,7800,7900,48068,0.012820512820512775
2022-04-15,7900,7900,7780,7810,7202,-0.011392405063291089
2022-04-18,7810,7830,7710,7770,7469,-0.005121638924455829
2022-04-19,7530,7850,7530,7850,18042,0.01029601029601035
2022-04-20,7810,7880,7770,7850,8877,0.0
2022-04-21,7850,7850,7740,7810,14547,-0.005095541401273884
2022-04-22,7810,7810,7640,7700,17391,-0.014084507042253502
2022-04-25,7670,7670,7550,7550,15682,-0.01948051948051943
2022-04-26,7550,7710,7490,7580,16861,0.003973509933774766
2022-04-27,7500,7890,7500,7860,22164,0.03693931398416894
2022-04-28,7900,7950,7700,7930,19648,0.008905852417302906
2022-04-29,7930,7980,7860,7980,13958,0.006305170239596425
2022-05-02,7980,8110,7800,8080,45136,0.012531328320801949
2022-05-03,8030,8120,7810,8000,35352,-0.00990099009900991
2022-05-04,7980,8000,7830,7970,17633,-0.003750000000000031
2022-05-06,7850,7930,7650,7910,15477,-0.007528230865746499
2022-05-09,7830,7950,7780,7880,25778,-0.0037926675094817064
2022-05-10,7710,7760,7510,7750,14843,-0.016497461928933976
2022-05-11,7750,7800,7590,7710,6204,-0.005161290322580614
2022-05-12,7710,7710,7470,7610,23166,-0.012970168612191912
2022-05-13,7600,7880,7550,7880,37285,0.035479632063074806
2022-05-16,7810,8170,7700,8080,45559,0.025380710659898442
2022-05-17,7900,7930,7680,7800,58770,-0.034653465346534684
2022-05-18,7730,9790,7730,9250,7357829,0.1858974358974359
2022-05-19,9050,9340,8760,8760,938321,-0.05297297297297299
2022-05-20,8870,8950,8520,8640,438005,-0.013698630136986356
2022-05-23,8640,8770,8390,8400,332373,-0.02777777777777779
2022-05-24,8460,8550,8240,8510,231070,0.013095238095238049
2022-05-25,8440,10700,8340,9400,13367476,0.10458284371327853
2022-05-26,9280,9500,8930,8990,1259179,-0.043617021276595724
2022-05-27,9100,9400,8950,9010,1173874,0.0022246941045607205
2022-05-30,9090,9440,9020,9260,844524,0.027746947835738167
2022-05-31,9250,9400,9140,9230,381155,-0.003239740820734305
2022-06-02,9210,9430,9170,9370,557633,0.015167930660888507
2022-06-03,9360,10150,9200,9310,2165389,-0.006403415154749181
2022-06-07,9300,9300,8780,8790,307052,-0.055853920515574695
2022-06-08,8800,10150,8350,10150,1086551,0.1547212741751991
2022-06-09,9750,9810,9230,9300,886847,-0.08374384236453203
2022-06-10,9130,9200,8910,8970,250450,-0.03548387096774197
2022-06-13,8970,9230,8380,8410,339776,-0.06243032329988851
2022-06-14,8240,8500,8100,8500,198215,0.010701545778834642
2022-06-15,8380,8580,8070,8230,156044,-0.03176470588235292
2022-06-16,8400,8870,8000,8040,463411,-0.023086269744835963
2022-06-17,7810,8110,7650,7960,152149,-0.00995024875621886
2022-06-20,7810,8040,7220,7360,147715,-0.07537688442211055
2022-06-21,7360,7630,7280,7490,80348,0.017663043478260976
2022-06-22,7470,7590,6980,6980,126292,-0.06809078771695598
2022-06-23,7000,7060,6420,6440,191078,-0.07736389684813749
2022-06-24,6410,6890,6410,6840,95218,0.06211180124223592
2022-06-27,6840,7250,6840,7110,64646,0.03947368421052633
2022-06-28,7030,7360,7030,7230,50678,0.016877637130801704
2022-06-29,7030,7490,7030,7390,48813,0.022130013831258566
2022-06-30,7400,7470,7150,7190,36227,-0.02706359945872805
2022-07-01,7190,7260,6920,6990,59810,-0.02781641168289295
2022-07-04,6970,7120,6680,6970,33555,-0.0028612303290415086
2022-07-05,6970,7140,6960,7050,51053,0.011477761836441891
2022-07-06,7050,7210,6960,7090,28533,0.005673758865248235
2022-07-07,7200,7200,7060,7170,22310,0.01128349788434413
2022-07-08,7150,7320,7120,7230,36829,0.008368200836819994
2022-07-11,7170,7300,7130,7150,24492,-0.011065006915629283
2022-07-12,7050,7140,6710,6760,45776,-0.054545454545454564
2022-07-13,6760,7000,6710,6920,25089,0.023668639053254337
2022-07-14,6850,7050,6700,6940,28114,0.0028901734104045396
2022-07-15,6880,7010,6790,6850,16275,-0.012968299711815567
2022-07-18,7000,7040,6910,6980,13796,0.01897810218978102
2022-07-19,6920,7050,6920,7000,14244,0.002865329512893977
2022-07-20,7020,7190,7000,7130,36356,0.01857142857142846
2022-07-21,7130,7180,7040,7170,25046,0.005610098176718203
2022-07-22,7130,7190,7050,7160,18674,-0.001394700139469962
2022-07-25,7070,7170,7000,7040,17424,-0.016759776536312887
2022-07-26,7030,7110,6990,7010,22591,-0.0042613636363636465
2022-07-27,7030,7080,6890,6980,12406,-0.004279600570613384
2022-07-28,7050,7160,7030,7160,22373,0.025787965616045794
2022-07-29,7190,7190,7020,7060,24374,-0.013966480446927387
2022-08-01,7060,7090,6960,7010,22078,-0.007082152974504208
2022-08-02,7020,7050,6870,6900,30787,-0.015691868758915817
2022-08-03,6930,7090,6920,7080,43976,0.026086956521739202
2022-08-04,7100,7190,7100,7160,35251,0.011299435028248483
2022-08-05,7160,7210,7100,7180,30245,0.0027932960893854997
2022-08-08,7200,7200,7050,7180,32952,0.0
2022-08-09,7200,7250,7080,7200,20670,0.0027855153203342198
2022-08-10,7180,7830,7100,7340,405715,0.019444444444444375
2022-08-11,7420,7520,7340,7450,58885,0.014986376021798309
2022-08-12,7450,7600,7340,7340,27972,-0.014765100671140896
2022-08-16,7300,7390,7210,7310,28484,-0.004087193460490468
2022-08-17,7220,7300,7150,7250,50329,-0.008207934336525335
2022-08-18,7220,7340,7080,7340,29718,0.012413793103448256
2022-08-19,7250,7400,7220,7320,54351,-0.0027247956403270157
2022-08-22,7290,7290,7080,7090,50210,-0.031420765027322384
2022-08-23,7000,7090,6760,6760,87937,-0.046544428772919644
2022-08-24,6760,6950,6680,6910,48644,0.022189349112426093
2022-08-25,6910,7230,6910,7000,74672,0.013024602026049159
2022-08-26,6970,7100,6920,7030,65335,0.004285714285714226
2022-08-29,6770,6910,6700,6870,20085,-0.022759601706970112
2022-08-30,6760,7050,6760,7010,26538,0.020378457059679667
2022-08-31,7000,7350,6930,7210,74873,0.02853067047075597
2022-09-01,7220,7230,7030,7080,31993,-0.018030513176144236
2022-09-02,7700,8120,7110,7110,485588,0.004237288135593209
2022-09-05,7100,7240,6860,6980,107314,-0.01828410689170179
2022-09-06,6920,7340,6910,7200,94837,0.03151862464183375
2022-09-07,7110,7240,6840,6900,62712,-0.04166666666666663
2022-09-08,6900,7230,6900,7030,73461,0.018840579710144967
2022-09-13,7060,7370,7060,7360,88654,0.04694167852062581
2022-09-14,7070,7320,6960,7270,55906,-0.012228260869565188
2022-09-15,7280,7330,7110,7270,43426,0.0
2022-09-16,7240,7310,7030,7040,48244,-0.031636863823933936
2022-09-19,7000,7010,6670,6720,65639,-0.045454545454545414
2022-09-20,6750,6850,6640,6710,27864,-0.0014880952380952328
2022-09-21,6600,6750,6590,6750,14908,0.005961251862891315
2022-09-22,6610,6640,6460,6560,29396,-0.028148148148148144
2022-09-23,6480,6630,6420,6470,44562,-0.013719512195121908
2022-09-26,6400,6410,6030,6030,45760,-0.06800618238021638
2022-09-27,5890,6220,5890,6080,56219,0.008291873963515828
2022-09-28,6070,6090,5600,5790,70570,-0.047697368421052655
2022-09-29,5800,6090,5620,5620,24190,-0.029360967184801412
2022-09-30,5600,5840,5450,5660,39588,0.007117437722419906
2022-10-04,5680,6050,5670,5880,11947,0.03886925795053009
2022-10-05,5900,6080,5680,5990,19787,0.018707482993197244
2022-10-06,5920,6160,5920,6060,18224,0.011686143572620988
2022-10-07,5970,6270,5900,6080,8180,0.0033003300330032292
2022-10-11,6000,6010,5720,5760,17033,-0.052631578947368474
2022-10-12,5610,5820,5600,5780,13503,0.003472222222222321
2022-10-13,5770,5980,5620,5820,21522,0.006920415224913601
2022-10-14,5900,6000,5840,5970,13580,0.025773195876288568
2022-10-17,6200,6200,5720,5970,13544,0.0
2022-10-18,6010,6170,5920,6050,8015,0.01340033500837512
2022-10-19,6100,6180,5880,5990,17099,-0.00991735537190086
2022-10-20,5880,5970,5810,5870,11129,-0.02003338898163609
2022-10-21,5870,5960,5750,5780,5317,-0.015332197614991494
2022-10-24,5950,6010,5830,6000,18518,0.03806228373702414
2022-10-25,6120,6180,5940,6040,10872,0.006666666666666599
2022-10-26,6040,6050,5910,5960,13628,-0.013245033112582738
2022-10-27,5880,6070,5880,6070,13599,0.01845637583892623
2022-10-28,6070,6100,5980,5990,7831,-0.01317957166392092
2022-10-31,6030,6140,5900,6120,30619,0.02170283806343898
2022-11-01,6020,6440,6020,6380,30833,0.042483660130719025
2022-11-02,6430,6430,6210,6250,6657,-0.020376175548589393
2022-11-03,6120,6550,6090,6300,36690,0.008000000000000007
2022-11-04,6300,6410,6210,6370,6329,0.011111111111111072
2022-11-07,6390,6390,6270,6280,5383,-0.014128728414442682
2022-11-08,6290,6500,6290,6500,18539,0.035031847133758065
2022-11-09,6470,6600,6430,6550,9050,0.007692307692307665
2022-11-10,6450,6500,6360,6360,15238,-0.02900763358778624
2022-11-11,6410,6630,6410,6480,6152,0.018867924528301883
2022-11-14,6480,6580,6390,6390,5070,-0.01388888888888884
2022-11-15,6300,6450,6300,6370,6677,-0.003129890453834161
2022-11-16,6450,6490,6250,6350,5846,-0.0031397174254317317
2022-11-17,6350,6350,6200,6200,10093,-0.023622047244094446
2022-11-18,6250,6250,5880,6180,15125,-0.003225806451612856
2022-11-21,6290,6290,5980,5980,9855,-0.032362459546925515
2022-11-22,5800,6030,5800,5930,11490,-0.00836120401337792
2022-11-23,6000,6190,5900,6140,42431,0.03541315345699836
2022-11-24,6170,6220,6070,6180,10440,0.006514657980456029
2022-11-25,6180,6220,6100,6180,10146,0.0
2022-11-28,6200,6200,6090,6090,7349,-0.014563106796116498
2022-11-29,5980,6220,5980,6200,11178,0.01806239737274229
2022-11-30,6230,6700,6080,6330,45600,0.020967741935483897
2022-12-01,6350,6560,6340,6540,40976,0.033175355450236976
2022-12-02,6580,6600,6480,6560,16689,0.003058103975535076
2022-12-05,6600,6610,6460,6540,14719,-0.0030487804878048808
2022-12-06,6460,6610,6420,6450,13852,-0.013761467889908285
2022-12-07,6400,6500,6320,6350,16973,-0.015503875968992276
2022-12-08,6280,6480,6230,6390,22887,0.006299212598425141
2022-12-09,6450,6530,6380,6470,20387,0.012519561815336422
2022-12-12,6460,6520,6370,6410,18581,-0.009273570324574987
2022-12-13,6420,6500,6310,6430,16204,0.0031201248049921304
2022-12-14,6490,6610,6420,6580,14107,0.023328149300155587
2022-12-15,6640,6760,6510,6620,32902,0.006079027355623046
2022-12-16,6630,6720,6590,6700,17901,0.012084592145015005
2022-12-19,6690,6810,6660,6700,32301,0.0
2022-12-20,6810,6810,6690,6750,30279,0.00746268656716409
2022-12-21,6690,6730,6490,6530,28221,-0.03259259259259262
2022-12-22,6510,6680,6510,6580,9457,0.007656967840734996
2022-12-23,6610,6610,6300,6300,17673,-0.04255319148936165
2022-12-26,6360,6620,6190,6540,15017,0.03809523809523818
2022-12-27,6410,6660,6410,6570,10350,0.004587155963302836
2022-12-28,6430,6620,6270,6270,14258,-0.045662100456621
2022-12-29,6270,6330,5960,5990,29894,-0.044657097288676284
2023-01-02,5920,6060,5810,5980,13760,-0.0016694490818029983
2023-01-03,5890,5950,5790,5820,8592,-0.026755852842809347
2023-01-04,5710,5940,5700,5900,5040,0.013745704467353903
2023-01-05,5990,6010,5930,5930,4601,0.005084745762711895
2023-01-06,5960,6100,5930,6050,7204,0.02023608768971341
2023-01-09,6060,6150,6010,6060,6206,0.0016528925619834212
2023-01-10,6080,6100,6000,6080,7475,0.0033003300330032292
2023-01-11,6080,6180,6050,6130,2643,0.008223684210526327
2023-01-12,6200,6200,6030,6090,3119,-0.006525285481239762
2023-01-13,6090,6160,6020,6140,2046,0.008210180623973828
2023-01-16,6180,6220,6050,6140,4725,0.0
2023-01-17,6150,6180,6080,6170,2600,0.004885993485342022
2023-01-18,6150,6200,6080,6100,4101,-0.011345218800648316
2023-01-19,6050,6140,6050,6110,5920,0.0016393442622950616
2023-01-20,6150,6180,6100,6140,5531,0.004909983633387904
2023-01-25,6220,6220,6140,6200,7709,0.009771986970684043
2023-01-26,6190,6270,6150,6230,14882,0.004838709677419395
2023-01-27,6230,6270,6120,6200,10252,-0.0048154093097912964
2023-01-30,6240,6280,6130,6200,5732,0.0
2023-01-31,6130,6190,6080,6150,5785,-0.008064516129032251
2023-02-01,6150,6310,6000,6170,19983,0.003252032520325132
2023-02-02,6230,6340,6200,6330,16441,0.025931928687196182
2023-02-03,6310,6410,6220,6360,10364,0.004739336492890933
2023-02-06,6330,6450,6200,6350,8587,-0.0015723270440252124
2023-02-07,6410,6530,6340,6520,24443,0.026771653543307128
2023-02-08,6470,6640,6400,6500,13969,-0.0030674846625766694
2023-02-09,6450,6600,6380,6600,9746,0.01538461538461533
2023-02-10,6490,6640,6400,6550,11947,-0.007575757575757569
2023-02-13,6550,6550,6310,6310,8686,-0.036641221374045796
2023-02-14,6310,6810,6310,6700,58553,0.06180665610142633
2023-02-15,6700,6770,6550,6690,17415,-0.0014925373134327957
2023-02-16,6690,6770,6600,6750,12818,0.008968609865470878
2023-02-17,6760,6780,6550,6680,7710,-0.010370370370370363
2023-02-20,6610,6720,6580,6720,16191,0.0059880239520957446
2023-02-21,6720,6770,6560,6730,11213,0.0014880952380953438
2023-02-22,6660,6690,6490,6650,21043,-0.011887072808320909
2023-02-23,6630,6750,6620,6710,11691,0.009022556390977376
2023-02-24,6710,6730,6500,6570,12442,-0.02086438152011927
2023-02-27,6570,6700,6450,6530,6496,-0.0060882800608828
2023-02-28,6560,6600,6470,6590,10217,0.009188361408882129
2023-03-02,6590,6610,6410,6410,10590,-0.0273141122913505
2023-03-03,6410,6500,6380,6450,11014,0.006240249609984483
2023-03-06,6460,6540,6400,6450,15052,0.0
2023-03-07,6490,6590,6410,6490,7689,0.006201550387596955
2023-03-08,6490,6500,6300,6450,13446,-0.006163328197226536
2023-03-09,6420,6500,6320,6420,13867,-0.0046511627906976605
2023-03-10,6410,6610,6320,6510,35959,0.014018691588784993
2023-03-13,6480,6510,6300,6320,15942,-0.029185867895545337
2023-03-14,6360,6410,5980,6200,35315,-0.01898734177215189
2023-03-15,6300,6500,6270,6430,22310,0.0370967741935484
2023-03-16,6390,6550,6320,6540,17416,0.01710730948678063
2023-03-17,6550,6730,6500,6650,29058,0.01681957186544336
2023-03-20,6650,6700,6530,6690,21253,0.006015037593984918
2023-03-21,6730,6730,6570,6720,10775,0.004484304932735439
2023-03-22,6680,6720,6490,6660,14469,-0.008928571428571397
2023-03-23,6660,6660,6380,6380,22788,-0.042042042042042094
2023-03-24,6400,6540,6400,6490,7134,0.01724137931034475
2023-03-27,6530,6530,6310,6400,5848,-0.013867488443759624
2023-03-28,6400,6500,6320,6380,4607,-0.0031250000000000444
2023-03-29,6350,6600,6350,6530,24213,0.023510971786833812
2023-03-30,6530,7540,6530,7300,1027494,0.1179173047473201
2023-03-31,7300,7410,7000,7000,107113,-0.04109589041095896
2023-04-03,6900,7120,6890,7080,54959,0.011428571428571344
2023-04-04,7080,7210,6920,6940,76200,-0.019774011299435013
2023-04-05,7990,7990,7290,7450,542025,0.07348703170028825
2023-04-06,7450,7460,7090,7200,95826,-0.03355704697986572
2023-04-07,7280,9360,7260,8860,3892143,0.23055555555555562
2023-04-10,9420,9650,8780,9030,1392866,0.019187358916478603
2023-04-11,9450,9450,8700,8710,592162,-0.03543743078626804
2023-04-12,8670,8970,8220,8350,295205,-0.04133180252583235
2023-04-13,8230,8510,8100,8350,186834,0.0
2023-04-14,8270,8310,8130,8140,123968,-0.025149700598802394
2023-04-17,7960,8850,7960,8500,358226,0.04422604422604426
2023-04-18,8480,8500,8130,8350,95673,-0.01764705882352946
2023-04-19,8410,9100,8340,8830,436713,0.057485029940119725
2023-04-20,8840,9010,8240,8390,126974,-0.04983012457531144
2023-04-21,8420,8460,7980,8130,99652,-0.030989272943980906
2023-04-24,8140,9430,8090,8300,728448,0.02091020910209096
2023-04-25,8150,8940,7740,7810,392964,-0.0590361445783133
2023-04-26,7700,7930,7300,7440,161672,-0.047375160051216336
2023-04-27,7420,7670,7260,7610,43280,0.02284946236559149
2023-04-28,7760,7760,7210,7300,65143,-0.04073587385019706
2023-05-02,7290,7500,7190,7360,46412,0.008219178082191858
2023-05-03,7360,7540,7280,7360,40397,0.0
2023-05-04,7630,7630,7270,7500,53178,0.01902173913043481
2023-05-08,7690,7690,7310,7360,55164,-0.01866666666666672
2023-05-09,7320,7500,7250,7320,27550,-0.005434782608695676
2023-05-10,7310,7500,7250,7290,29917,-0.004098360655737654
2023-05-11,7390,7390,7170,7310,39023,0.00274348422496562
2023-05-12,7240,7320,7150,7150,27768,-0.02188782489740082
2023-05-15,7100,7400,7080,7300,38226,0.020979020979021046
2023-05-16,7300,7660,7250,7620,87175,0.043835616438356206
2023-05-17,7910,8520,7600,7700,420949,0.01049868766404205
2023-05-18,7770,8100,7770,7900,63350,0.025974025974025983
2023-05-19,8160,8180,7840,7870,38103,-0.0037974683544304
2023-05-22,7800,7940,7750,7890,20851,0.0025412960609911828
2023-05-23,7870,8240,7600,7910,60485,0.0025348542458809575
2023-05-24,7870,7940,7750,7860,20131,-0.006321112515802807
2023-05-25,7800,7950,7650,7650,21766,-0.026717557251908386
2023-05-26,7650,7750,7440,7450,38565,-0.02614379084967322
2023-05-30,7490,7570,7380,7450,38026,0.0
2023-05-31,7400,7600,7380,7500,15828,0.006711409395973256
2023-06-01,7430,7590,7300,7410,29873,-0.01200000000000001
2023-06-02,7410,7550,7310,7500,49219,0.012145748987854255
2023-06-05,7510,7560,7310,7450,31142,-0.00666666666666671
2023-06-07,7440,7570,7430,7470,13522,0.0026845637583892135
2023-06-08,7550,7590,7300,7490,29212,0.0026773761713521083
2023-06-09,7410,7640,7410,7640,42948,0.020026702269692942
2023-06-12,7650,7700,7500,7640,24322,0.0
2023-06-13,7650,8850,7650,8050,1993953,0.053664921465968574
2023-06-14,8090,8130,7740,7820,145913,-0.02857142857142858
2023-06-15,7830,8400,7830,8090,155486,0.03452685421994883
2023-06-16,8090,8150,7920,8050,55332,-0.0049443757725586845
2023-06-19,8050,8350,7840,8090,44163,0.00496894409937898
2023-06-20,7950,8080,7800,7840,50279,-0.030902348578491945
2023-06-21,7780,8070,7710,7890,60895,0.0063775510204082675
2023-06-22,7830,8140,7780,7970,34010,0.010139416983523386
2023-06-23,8000,8000,7660,7760,27381,-0.02634880803011297
2023-06-26,7760,7930,7610,7930,39732,0.021907216494845283
2023-06-27,7930,7930,7710,7750,17285,-0.022698612862547263
2023-06-28,7740,7800,7460,7550,52965,-0.02580645161290318
2023-06-29,7480,7540,7180,7370,60744,-0.02384105960264904
2023-06-30,7370,7550,7190,7500,44676,0.01763907734056991
2023-07-03,7550,7700,7470,7550,40911,0.006666666666666599
2023-07-04,7690,7690,7520,7550,6772,0.0
2023-07-05,7600,7680,7380,7440,25251,-0.014569536423841067
2023-07-06,7570,7570,7190,7300,26628,-0.018817204301075252
2023-07-07,7210,7310,7120,7120,31532,-0.024657534246575352
2023-07-10,7190,7190,6920,7000,44277,-0.016853932584269704
2023-07-11,7000,7120,7000,7040,10552,0.005714285714285783
2023-07-12,7010,7200,7010,7180,16641,0.019886363636363535
2023-07-13,7280,7400,7120,7370,22627,0.026462395543175532
2023-07-14,7370,7370,7140,7170,25718,-0.027137042062415184
2023-07-17,7140,7290,7080,7240,13324,0.009762900976290068
2023-07-18,7240,7480,7020,7160,50154,-0.011049723756906049
2023-07-19,7090,7180,6960,7100,23492,-0.008379888268156388
2023-07-20,7110,7110,6930,7050,16300,-0.007042253521126751
2023-07-21,7050,7140,6960,7100,11618,0.007092198581560183
2023-07-24,7110,7120,6920,7030,32232,-0.009859154929577452
2023-07-25,7050,8060,6950,6950,465567,-0.011379800853485111
2023-07-26,6870,7200,6620,6660,69453,-0.04172661870503602
2023-07-27,6720,7200,6700,7000,38801,0.05105105105105112
2023-07-28,7070,7140,6900,7100,8331,0.014285714285714235
2023-07-31,7070,7100,6950,7060,16302,-0.005633802816901401
2023-08-01,7070,7200,6750,7100,27116,0.0056657223796034994
2023-08-02,7290,8590,7030,7460,2572859,0.05070422535211261
2023-08-03,7350,7360,7020,7110,197686,-0.046916890080428986
2023-08-04,7110,7600,7080,7250,123398,0.019690576652601877
2023-08-07,7220,7560,7150,7340,126757,0.012413793103448256
2023-08-08,7320,7320,7060,7150,89783,-0.02588555858310626
2023-08-09,7150,7200,7000,7090,41101,-0.008391608391608352
2023-08-10,7100,7130,6990,7080,48027,-0.0014104372355430161
2023-08-11,7080,7230,7000,7160,29070,0.011299435028248483
2023-08-14,7130,7350,7100,7260,42121,0.013966480446927276
2023-08-16,7260,7410,7120,7230,59942,-0.004132231404958664
2023-08-17,7230,8300,7040,7500,729534,0.03734439834024905
2023-08-18,7510,7530,7320,7330,92093,-0.022666666666666613
2023-08-21,7400,7770,7300,7760,132190,0.058663028649386106
2023-08-22,7770,7780,7350,7430,79109,-0.04252577319587625
2023-08-23,7520,7530,7280,7500,50694,0.009421265141319024
2023-08-24,7430,7680,7430,7590,33036,0.01200000000000001
2023-08-25,7470,7670,7380,7390,40608,-0.026350461133069825
2023-08-28,7390,7620,7300,7570,49147,0.02435723951285529
2023-08-29,7640,7860,7570,7820,58466,0.03302509907529716
2023-08-30,7830,8070,7790,7880,54629,0.007672634271099765
2023-08-31,8000,8310,7820,7880,122116,0.0
2023-09-01,8030,8070,7800,7920,32424,0.0050761421319796
2023-09-04,8000,8080,7730,7910,57894,-0.0012626262626262985
2023-09-05,8500,9480,7820,7820,3491759,-0.011378002528445008
2023-09-06,7720,7900,7600,7740,167724,-0.010230179028132946
2023-09-07,7650,7990,7620,7700,132537,-0.0051679586563307955
2023-09-08,7800,7880,7650,7730,36788,0.003896103896103842
2023-09-11,7730,7850,7460,7500,81041,-0.02975420439844756
2023-09-12,7500,7700,7410,7480,42474,-0.002666666666666706
2023-09-13,7550,7550,7200,7250,67368,-0.03074866310160429
2023-09-14,7190,7340,7190,7320,22504,0.009655172413793212
2023-09-15,7380,7390,7260,7320,33864,0.0
2023-09-18,7320,7390,7170,7270,26102,-0.006830601092896127
2023-09-19,7270,7460,7090,7160,35872,-0.015130674002751032
2023-09-20,7160,7250,7130,7130,22697,-0.0041899441340782495
2023-09-21,7140,7350,7070,7190,45751,0.008415147265077083
2023-09-22,7190,7250,7040,7200,29377,0.0013908205841446364
2023-09-25,7200,7240,7050,7090,21934,-0.015277777777777724
2023-09-26,7090,7170,7010,7020,24383,-0.009873060648801113
2023-09-27,7030,7180,7010,7180,21161,0.02279202279202286
2023-10-04,7170,7170,6910,6970,44555,-0.029247910863509752
2023-10-05,7020,7150,6910,7060,28937,0.012912482065997155
2023-10-06,7050,7140,7010,7120,14356,0.008498583569405138
2023-10-10,7130,7220,7000,7050,11887,-0.0098314606741573
2023-10-11,7070,7290,7070,7100,9882,0.007092198581560183
2023-10-12,7120,7300,7120,7260,12283,0.022535211267605604
2023-10-13,7260,7280,7110,7190,10798,-0.009641873278236957
2023-10-16,7200,7200,6980,7150,22809,-0.0055632823365785455
2023-10-17,7150,7290,7110,7190,16438,0.005594405594405494
2023-10-18,7220,7220,7100,7150,11376,-0.0055632823365785455
2023-10-19,7150,7150,6830,6950,26556,-0.027972027972028024
2023-10-20,6890,6980,6660,6920,33398,-0.004316546762589968
2023-10-23,6820,7100,6740,7010,15663,0.013005780346820872
2023-10-24,6940,7040,6740,7010,19722,0.0
2023-10-25,7010,7020,6880,6910,16192,-0.014265335235377985
2023-10-26,6820,6880,6500,6680,53289,-0.03328509406657021
2023-10-27,6560,6790,6550,6690,30562,0.0014970059880239361
2023-10-30,6480,6820,6480,6720,22402,0.004484304932735439
2023-10-31,6730,6750,6530,6730,17303,0.0014880952380953438
2023-11-01,6800,6800,6600,6730,11774,0.0
2023-11-02,6740,7000,6670,7000,38057,0.04011887072808329
2023-11-03,7020,7130,7000,7100,15971,0.014285714285714235
2023-11-06,7130,7180,7010,7120,19364,0.0028169014084507005
2023-11-07,7120,7160,7030,7140,17332,0.002808988764045006
2023-11-08,7150,7180,7040,7140,10813,0.0
2023-11-09,7180,7180,7020,7140,7967,0.0
2023-11-10,7130,7190,7040,7150,21539,0.0014005602240896309
2023-11-13,7160,7290,7050,7220,25896,0.009790209790209836
2023-11-14,7170,7380,7170,7260,38017,0.005540166204986097
2023-11-15,7350,7430,7300,7420,27702,0.02203856749311295
2023-11-16,7430,7490,7330,7450,28491,0.0040431266846361336
2023-11-17,7450,7540,7280,7490,31366,0.005369127516778427
2023-11-20,7490,7540,7370,7490,19535,0.0
2023-11-21,7500,7500,7370,7490,15292,0.0
2023-11-22,7500,7500,7370,7450,14000,-0.005340453938584733
2023-11-23,7390,7480,7270,7460,20118,0.0013422818791946067
2023-11-24,7490,7700,7350,7690,53979,0.030831099195710365
2023-11-27,7710,7710,7570,7570,19240,-0.015604681404421283
2023-11-28,7560,7890,7490,7800,42286,0.03038309114927351
2023-11-29,7810,7870,7500,7540,37451,-0.033333333333333326
2023-11-30,7540,7650,7520,7570,17431,0.003978779840848823
2023-12-01,7580,7600,7410,7590,22443,0.0026420079260238705
2023-12-04,7600,7600,7410,7580,21383,-0.0013175230566534468
2023-12-05,7550,7640,7450,7570,20645,-0.0013192612137202797
2023-12-06,7560,7690,7470,7570,19557,0.0
2023-12-07,7630,7630,7300,7330,25323,-0.031704095112285335
2023-12-08,7330,7520,7280,7400,25675,0.009549795361528002
2023-12-11,7410,7550,7350,7460,20863,0.008108108108108025
2023-12-12,7460,7500,7390,7470,3019,0.0013404825737264314
2023-12-13,7550,7670,7360,7640,22025,0.022757697456492698
2023-12-14,7640,7760,7490,7580,26564,-0.007853403141361293
2023-12-15,7590,7670,7390,7560,15614,-0.0026385224274406704
2023-12-18,7590,7860,7510,7700,42979,0.0185185185185186
2023-12-19,7700,7700,7500,7670,23955,-0.003896103896103842
2023-12-20,7670,7740,7630,7710,19101,0.0052151238591917615
2023-12-21,7710,7710,7340,7410,83430,-0.03891050583657585
2023-12-22,7410,7540,7250,7490,64326,0.010796221322537214
2023-12-26,7520,8270,7520,7920,319404,0.057409879839786404
2023-12-27,7990,8140,7790,8060,149633,0.017676767676767735
2023-12-28,8160,8240,7950,8060,93075,0.0
2024-01-02,8070,8080,7830,8040,36353,-0.002481389578163795
2024-01-03,7910,8020,7880,7930,22736,-0.013681592039801016
2024-01-04,7900,8050,7840,7910,24768,-0.0025220680958385477
2024-01-05,8030,8830,7900,8130,375939,0.027812895069532217
2024-01-08,8050,8200,7950,8100,44422,-0.0036900369003689537
2024-01-09,8100,8270,8010,8010,28047,-0.011111111111111072
2024-01-10,8100,8100,7870,8020,23698,0.0012484394506866447
2024-01-11,7960,8070,7870,7910,16837,-0.013715710723191998
2024-01-12,7920,8020,7800,7910,25688,0.0
2024-01-15,7850,8100,7400,8010,66175,0.012642225031605614
2024-01-16,8000,8200,7700,7830,42414,-0.022471910112359605
2024-01-17,8040,8040,7540,7560,67786,-0.03448275862068961
2024-01-18,7520,8080,7520,7750,62113,0.025132275132275117
2024-01-19,7770,8110,7760,7880,31358,0.016774193548387162
2024-01-22,7920,8150,7890,8000,56679,0.015228426395939021
2024-01-23,8120,8120,7500,7960,39121,-0.0050000000000000044
2024-01-24,8000,8030,7790,7920,25510,-0.005025125628140725
2024-01-25,7920,7920,7720,7750,21697,-0.02146464646464652
2024-01-26,7750,8140,7720,8070,166892,0.041290322580645133
2024-01-29,8110,8150,7690,7750,73593,-0.039653035935563796
2024-01-30,7750,7840,7550,7750,29378,0.0
2024-01-31,7730,7750,7500,7530,27548,-0.0283870967741936
2024-02-01,7540,7540,7290,7380,47146,-0.019920318725099584
2024-02-02,7370,7600,7370,7390,18181,0.0013550135501354532
2024-02-05,7400,7850,7320,7760,67639,0.05006765899864685
2024-02-06,7900,7900,7660,7760,37107,0.0
2024-02-07,7710,7950,7710,7880,34695,0.015463917525773141
2024-02-08,7880,7940,7790,7850,18976,-0.0038071065989847552
2024-02-13,7850,7870,7790,7790,10355,-0.007643312101910826
2024-02-14,7790,7910,7700,7780,24603,-0.0012836970474967568
2024-02-15,7750,7910,7340,7490,145837,-0.037275064267352165
2024-02-16,7500,7850,7440,7750,43194,0.03471295060080104
2024-02-19,7750,7860,7570,7760,21318,0.001290322580645098
2024-02-20,7810,7810,7640,7700,12119,-0.0077319587628865705
2024-02-21,7650,7770,7610,7670,27866,-0.003896103896103842
2024-02-22,7600,7690,7550,7590,20265,-0.010430247718383301
2024-02-23,7550,7690,7440,7500,34413,-0.011857707509881465
2024-02-26,7510,7590,7410,7470,20483,-0.0040000000000000036
2024-02-27,7420,7470,7250,7350,48529,-0.016064257028112428
2024-02-28,7350,7470,7290,7440,16644,0.012244897959183598
2024-02-29,7460,7460,7320,7410,16197,-0.0040322580645161255
2024-03-04,7530,7530,7330,7390,21552,-0.0026990553306343035
2024-03-05,7300,7380,7250,7320,8873,-0.009472259810554773
2024-03-06,7300,7450,7250,7410,11842,0.012295081967213184
2024-03-07,7460,7460,7200,7330,23378,-0.010796221322537103
2024-03-08,7330,7330,7160,7260,22692,-0.009549795361528002
2024-03-11,7260,7350,7210,7280,13863,0.0027548209366390353
2024-03-12,7400,7400,7180,7300,13833,0.0027472527472527375
2024-03-13,7330,7340,7250,7300,10943,0.0
2024-03-14,7230,7350,7200,7310,16780,0.00136986301369868
2024-03-15,7200,7450,7150,7330,21264,0.002735978112175186
2024-03-18,7330,7340,7190,7270,17046,-0.008185538881309684
2024-03-19,7270,7310,7190,7310,6121,0.005502063273727709
2024-03-20,7320,7350,7160,7320,16875,0.001367989056087593
2024-03-21,7320,7420,7240,7410,14965,0.012295081967213184
2024-03-22,7410,7410,7300,7400,14904,-0.0013495276653171517
2024-03-25,7400,7400,7270,7330,10728,-0.009459459459459474
2024-03-26,7440,7440,7240,7280,9166,-0.006821282401091366
2024-03-27,7400,7400,7160,7210,17592,-0.009615384615384581
2024-03-28,7210,7290,7120,7200,17884,-0.001386962552011095
2024-03-29,7200,7400,7100,7150,17636,-0.00694444444444442
2024-04-01,7150,7450,7150,7400,39960,0.034965034965035
2024-04-02,7400,7440,7230,7350,17798,-0.006756756756756799
2024-04-03,7350,7480,7150,7450,28041,0.013605442176870763
2024-04-04,7450,7550,7340,7510,15929,0.008053691275167862
2024-04-05,7490,7520,7350,7470,13451,-0.005326231691078598
2024-04-08,7480,7580,7200,7370,12045,-0.01338688085676043
2024-04-09,7310,7450,7280,7430,12269,0.008141112618724522
2024-04-11,7460,7460,7260,7400,8899,-0.004037685060565233
2024-04-12,7380,7450,7270,7320,17258,-0.010810810810810811
2024-04-15,7590,7590,7230,7420,8086,0.013661202185792254
2024-04-16,7420,7450,7200,7320,16015,-0.013477088948787075
2024-04-17,7260,7330,7210,7280,11113,-0.005464480874316946
2024-04-18,7280,7280,7200,7280,9806,0.0
2024-04-19,7280,7300,7140,7300,17280,0.0027472527472527375
2024-04-22,7250,7630,7170,7400,75285,0.013698630136986356
2024-04-23,7420,7620,7350,7560,43052,0.021621621621621623
2024-04-24,7560,8180,7560,7870,284884,0.041005291005290934
2024-04-25,7860,7910,7650,7780,63383,-0.01143583227445999
2024-04-26,7780,7860,7500,7700,54909,-0.010282776349614386
2024-04-29,7620,7770,7580,7700,27833,0.0
2024-04-30,7710,7760,7600,7700,23524,0.0
2024-05-02,7700,7750,7600,7730,13759,0.003896103896103842
2024-05-03,7750,7750,7680,7730,9997,0.0
2024-05-07,7750,7770,7550,7630,15770,-0.012936610608020649
2024-05-08,7630,7750,7520,7720,16626,0.011795543905635641
2024-05-09,7630,7740,7610,7670,8369,-0.006476683937823857
2024-05-10,7760,7760,7530,7690,16033,0.0026075619295957697
2024-05-13,7620,7690,7450,7520,17973,-0.022106631989596837
2024-05-14,7590,7590,7400,7560,23286,0.005319148936170137
2024-05-16,7570,7640,7430,7630,22091,0.0092592592592593
2024-05-17,7570,8480,7410,7520,554288,-0.014416775884665833
2024-05-20,7530,7530,7330,7450,40621,-0.009308510638297851
2024-05-21,7400,7480,7330,7410,24728,-0.005369127516778538
2024-05-22,7490,7490,7300,7350,17549,-0.0080971659919028
2024-05-23,7380,7460,7280,7400,15060,0.006802721088435382
2024-05-24,7430,7600,7300,7540,31765,0.018918918918918948
2024-05-27,7580,7690,7400,7460,23440,-0.010610079575596787
2024-05-28,7350,7460,7310,7430,24281,-0.004021447721179627
2024-05-29,7430,7430,7250,7400,14900,-0.004037685060565233
2024-05-30,7390,7480,7260,7480,14699,0.0108108108108107
2024-05-31,7500,7500,7300,7400,13079,-0.010695187165775444
2024-06-03,7400,7440,7270,7340,26869,-0.008108108108108136
2024-06-04,7340,7340,7160,7230,26778,-0.01498637602179842
2024-06-05,7200,7270,7180,7230,11777,0.0
2024-06-07,7240,7260,7150,7260,16134,0.004149377593360981
2024-06-10,7260,7420,7150,7360,17337,0.01377410468319562
2024-06-11,7390,7520,7250,7400,27011,0.005434782608695565
2024-06-12,7600,7900,7560,7660,142821,0.03513513513513522
2024-06-13,7630,7740,7480,7640,31973,-0.0026109660574412663
2024-06-14,7640,7690,7370,7490,37820,-0.01963350785340312
2024-06-17,7440,7510,7330,7420,9439,-0.009345794392523366
2024-06-18,7420,7450,7260,7380,22350,-0.005390835579514808
2024-06-19,7380,7410,7280,7400,11519,0.0027100271002709064
2024-06-20,7390,7410,7300,7390,9787,-0.0013513513513513375
2024-06-21,7370,7420,7260,7290,8648,-0.013531799729364025
2024-06-24,7290,7300,7170,7280,23898,-0.00137174211248281
2024-06-25,7200,7280,7130,7250,17245,-0.004120879120879106
2024-06-26,7250,7250,7120,7190,20651,-0.008275862068965467
2024-06-27,7250,7250,7110,7190,15680,0.0
2024-06-28,7120,7220,7100,7200,6004,0.0013908205841446364
2024-07-01,7170,7240,7090,7240,10704,0.005555555555555536
2024-07-02,7240,7240,7020,7140,19178,-0.013812154696132617
2024-07-03,7160,7230,7050,7170,18702,0.004201680672268893
2024-07-04,7160,7410,7100,7280,19216,0.015341701534170138
2024-07-05,7500,7500,7220,7300,12223,0.0027472527472527375
2024-07-08,7300,7340,7200,7270,10162,-0.004109589041095929
2024-07-09,7280,7280,7110,7210,16932,-0.008253094910591452
2024-07-10,7210,7230,7090,7170,13177,-0.00554785020804438
2024-07-11,7110,7180,7100,7170,11447,0.0
2024-07-12,7170,7170,7090,7090,15202,-0.01115760111576014
2024-07-15,7110,7150,7010,7120,12880,0.004231311706629048
2024-07-16,7120,7150,7040,7130,8405,0.001404494382022392
2024-07-17,7100,7170,7020,7090,16685,-0.005610098176718092
2024-07-18,7060,7170,6990,7120,14572,0.004231311706629048
2024-07-19,7080,7080,6970,7070,13808,-0.0070224719101124045
2024-07-22,7080,7100,6910,7000,20494,-0.00990099009900991
2024-07-23,7000,7090,6900,7050,13121,0.0071428571428571175
2024-07-24,6910,6970,6800,6920,25664,-0.018439716312056764
2024-07-25,6920,6920,6760,6800,15636,-0.017341040462427793
2024-07-26,6700,6900,6700,6890,7633,0.013235294117647012
2024-07-29,6890,6950,6790,6940,4112,0.007256894049346929
2024-07-30,6940,6950,6820,6950,7975,0.0014409221902016434
2024-07-31,6980,6980,6860,6900,4005,-0.007194244604316502
2024-08-01,6900,6960,6840,6960,10083,0.008695652173912993
2024-08-02,6800,6950,6770,6860,12104,-0.014367816091954033
2024-08-05,6560,6900,5460,6100,28246,-0.11078717201166177
2024-08-06,6150,6400,6100,6400,18254,0.049180327868852514
2024-08-07,6230,6710,6230,6570,7832,0.026562500000000044
2024-08-08,6570,6670,6350,6670,3153,0.015220700152207112
2024-08-09,6670,6740,6580,6740,3926,0.010494752623688264
2024-08-12,6730,6880,6650,6850,5107,0.016320474777448135
2024-08-13,6770,6880,6660,6670,5473,-0.026277372262773713
2024-08-14,6530,6630,6430,6610,23212,-0.008995502248875575
2024-08-16,6670,6670,6430,6540,24614,-0.010590015128593033
2024-08-19,6440,6500,6360,6390,6350,-0.022935779816513735
2024-08-20,6370,6450,6320,6350,5446,-0.006259780907668211
2024-08-21,6390,6420,6350,6410,7261,0.009448818897637823
2024-08-22,6410,6430,6250,6330,3992,-0.012480499219968744
2024-08-23,6330,6330,6160,6250,9379,-0.012638230647709303
2024-08-26,6190,6230,6100,6150,7612,-0.016000000000000014
2024-08-27,6150,6150,6020,6150,5461,0.0
2024-08-28,6170,6280,6080,6250,5703,0.016260162601626105
2024-08-29,6240,6250,6090,6240,4795,-0.0016000000000000458
2024-08-30,6240,6240,6150,6160,2973,-0.012820512820512775
2024-09-02,6160,6160,6050,6130,1666,-0.004870129870129913
2024-09-03,6070,6700,6070,6370,42978,0.039151712887438794
2024-09-04,6320,6320,6100,6100,8172,-0.042386185243328045
2024-09-05,6100,6230,6000,6090,8715,-0.0016393442622950616
2024-09-06,6130,6130,5800,5900,16521,-0.031198686371100126
2024-09-09,5900,5930,5800,5870,3843,-0.005084745762711895
2024-09-10,5780,5880,5780,5820,2458,-0.008517887563884163
2024-09-11,5850,7060,5730,5760,151800,-0.010309278350515427
2024-09-12,5770,6020,5760,5870,12662,0.01909722222222232
2024-09-13,5870,5900,5750,5790,7179,-0.013628620102214661
2024-09-19,5790,5790,5600,5600,12332,-0.032815198618307395
2024-09-20,5610,5870,5550,5680,13189,0.014285714285714235
2024-09-23,5660,5690,5600,5680,4801,0.0
2024-09-24,5690,5770,5610,5760,4618,0.014084507042253502
2024-09-25,5700,5790,5630,5630,7804,-0.02256944444444442
2024-09-26,5630,5750,5630,5750,9997,0.02131438721136769
2024-09-27,5730,5760,5660,5730,7285,-0.003478260869565264
2024-09-30,5730,5730,5570,5660,2837,-0.012216404886561949
2024-10-02,5660,5690,5590,5670,1627,0.0017667844522968323
2024-10-04,5650,5790,5610,5670,6989,0.0
2024-10-07,5670,5800,5600,5740,11058,0.012345679012345734
2024-10-08,5740,5740,5590,5710,6424,-0.005226480836236891
2024-10-10,5680,5680,5590,5590,6036,-0.021015761821365997
2024-10-11,5620,5640,5530,5640,3477,0.008944543828264706
2024-10-14,5590,5640,5570,5640,2347,0.0
2024-10-15,5600,5670,5600,5660,4929,0.0035460992907800915
2024-10-16,5660,5700,5600,5700,1902,0.007067137809187329
2024-10-17,5650,5730,5610,5690,1597,-0.0017543859649122862
2024-10-18,5610,5690,5610,5680,777,-0.0017574692442882123
2024-10-21,5660,5660,5590,5610,4605,-0.01232394366197187
2024-10-22,5560,5610,5550,5590,4494,-0.0035650623885917776
2024-10-23,5590,5620,5460,5530,4811,-0.01073345259391767
2024-10-24,5560,5620,5410,5540,3246,0.001808318264014508
2024-10-25,5540,5620,5430,5590,4013,0.00902527075812265
2024-10-28,5590,5650,5560,5640,4761,0.008944543828264706
2024-10-29,5670,5670,5410,5600,4383,-0.007092198581560294
2024-10-30,5600,5630,5490,5620,1802,0.0035714285714285587
2024-10-31,5580,5650,5490,5650,2052,0.005338078291814874
2024-11-01,5650,5670,5410,5640,4446,-0.001769911504424737
2024-11-04,5600,5670,5520,5650,4855,0.0017730496453900457
2024-11-05,5610,5670,5550,5670,2657,0.003539823008849474
2024-11-06,5670,5700,5570,5670,2451,0.0
2024-11-07,5650,5650,5450,5530,8444,-0.024691358024691357
2024-11-08,5530,5530,5420,5470,11775,-0.010849909584086825
2024-11-11,5470,5470,5290,5390,13334,-0.014625228519195566
2024-11-12,5300,5380,5120,5230,7773,-0.029684601113172504
2024-11-13,5110,5220,5080,5150,3888,-0.015296367112810683
2024-11-14,5140,5150,5000,5120,6982,-0.005825242718446644
2024-11-15,5090,5200,5020,5180,16218,0.01171875
2024-11-18,5180,5260,5090,5180,7531,0.0
2024-11-19,4935,5190,4935,5190,7934,0.0019305019305020377
2024-11-20,5190,5300,5080,5130,5764,-0.011560693641618491
2024-11-21,5110,5190,5040,5130,7292,0.0
2024-11-22,5160,5190,5070,5070,15668,-0.011695906432748537
2024-11-25,5080,5150,5020,5080,8873,0.0019723865877712132
2024-11-26,5050,5100,5000,5070,6927,-0.0019685039370078705
2024-11-27,5050,5200,5050,5050,5462,-0.0039447731755424265
2024-11-28,5080,5130,5030,5100,7173,0.00990099009900991
2024-11-29,5100,5180,5090,5140,3343,0.007843137254901933
2024-12-02,5200,5220,5110,5200,4912,0.011673151750972721
2024-12-03,5160,5200,5100,5110,3896,-0.017307692307692357
2024-12-04,5110,5110,4970,5100,3381,-0.00195694716242667
2024-12-05,5070,5080,4955,5020,14586,-0.015686274509803977
2024-12-06,5040,5050,4860,4910,13661,-0.021912350597609542
2024-12-09,4815,4930,4565,4600,36098,-0.06313645621181263
2024-12-10,4600,4735,4570,4725,8651,0.02717391304347827
2024-12-11,4725,4840,4645,4835,6077,0.023280423280423346
2024-12-12,4860,5190,4835,5060,5810,0.046535677352637084
2024-12-13,5010,5060,4970,5060,4089,0.0
2024-12-16,5030,5210,5030,5140,10979,0.015810276679841806
2024-12-17,5140,5170,5050,5170,5193,0.005836575875486361
2024-12-18,5170,5170,5090,5110,4072,-0.011605415860735047
2024-12-19,5100,5130,5020,5130,4616,0.00391389432485334
2024-12-20,5130,5130,4960,5060,2532,-0.013645224171540016
2024-12-23,5040,5320,4965,5210,20994,0.029644268774703608
2024-12-24,5170,5250,5120,5240,3875,0.0057581573896352545
2024-12-26,5240,5270,5150,5230,3627,-0.001908396946564861
2024-12-27,5230,5260,5000,5070,5364,-0.030592734225621365
2024-12-30,5070,5100,4995,5060,8352,-0.0019723865877712132
2025-01-02,5050,5140,5030,5140,3491,0.015810276679841806
2025-01-03,5070,5200,5070,5140,3009,0.0
2025-01-06,5110,5200,4950,5200,4266,0.011673151750972721
2025-01-07,5200,5290,5190,5280,1751,0.01538461538461533
2025-01-08,5300,5300,5160,5250,842,-0.005681818181818232
2025-01-09,5250,5460,5180,5380,7848,0.024761904761904763
2025-01-10,5380,5570,5380,5430,3080,0.009293680297397744
2025-01-13,5380,5700,5320,5600,8046,0.03130755064456725
2025-01-14,5590,5670,5430,5460,3443,-0.025000000000000022
2025-01-15,5490,5490,5290,5420,2514,-0.0073260073260073
2025-01-16,5360,5600,5100,5550,7676,0.023985239852398532
2025-01-17,5420,5690,5420,5640,13392,0.016216216216216273
2025-01-20,5650,5700,5570,5700,3467,0.010638297872340496
2025-01-21,5660,5690,5460,5690,8155,-0.0017543859649122862
2025-01-22,5590,5740,5550,5700,4276,0.0017574692442883233
2025-01-23,5650,5720,5580,5670,2826,-0.0052631578947368585
2025-01-24,5650,5660,5490,5550,4741,-0.021164021164021163
2025-01-31,5540,5540,5310,5500,5817,-0.009009009009009028
2025-02-03,5430,5480,5170,5190,8385,-0.056363636363636394
2025-02-04,5220,5300,5170,5240,10836,0.009633911368015502
2025-02-05,5270,5560,5140,5240,6213,0.0
2025-02-06,5270,5300,5130,5240,4441,0.0
2025-02-07,5180,5530,5160,5410,9253,0.03244274809160297
2025-02-10,5410,5550,5350,5540,8644,0.02402957486136792
2025-02-11,5520,5570,5460,5540,4743,0.0
2025-02-12,5500,5880,5430,5840,21607,0.054151624548736566
2025-02-13,6020,6140,5840,6100,41015,0.044520547945205546
2025-02-14,6090,6490,6090,6340,30604,0.03934426229508192
2025-02-17,6330,6470,6240,6250,29173,-0.014195583596214534
2025-02-18,6190,6340,6190,6280,22232,0.0047999999999999154
2025-02-19,6280,6410,6240,6320,25865,0.006369426751592355
2025-02-20,6270,6410,6170,6250,33128,-0.011075949367088556
2025-02-21,6250,6270,6120,6240,2841,-0.0016000000000000458
2025-02-24,6190,6310,6130,6290,22067,0.008012820512820484
2025-02-25,6230,6390,6160,6310,18064,0.0031796502384737746
2025-02-26,6300,6440,6210,6290,2682,-0.0031695721077654726
2025-02-27,6270,6330,6130,6290,7544,0.0
2025-02-28,6240,6420,6210,6360,13156,0.0111287758346581
2025-03-04,6360,6430,6240,6390,18811,0.004716981132075526
