Date,Open,High,Low,Close,Volume,Change
2022-01-03,9180,9480,9160,9300,423348,0.03333333333333344
2022-01-04,9300,9510,9300,9500,275770,0.021505376344086002
2022-01-05,9500,9570,9290,9360,276215,-0.01473684210526316
2022-01-06,9380,9620,9210,9350,188812,-0.0010683760683760646
2022-01-07,9500,9500,9250,9380,177117,0.0032085561497325887
2022-01-10,9410,9850,9410,9650,280935,0.028784648187633266
2022-01-11,9650,9810,9460,9650,164389,0.0
2022-01-12,9670,9850,9500,9770,155530,0.012435233160621673
2022-01-13,9920,10700,9830,10350,788071,0.05936540429887405
2022-01-14,10300,10600,10000,10300,227829,-0.004830917874396157
2022-01-17,10300,10450,9800,10050,307666,-0.024271844660194164
2022-01-18,9930,10350,9860,9940,170745,-0.010945273631840835
2022-01-19,9870,10200,9380,9500,320938,-0.044265593561368166
2022-01-20,9360,10150,9360,10150,362718,0.06842105263157894
2022-01-21,10000,10200,9600,9800,357001,-0.03448275862068961
2022-01-24,9660,9800,8700,9180,399981,-0.06326530612244896
2022-01-25,9060,9340,8160,8500,293659,-0.07407407407407407
2022-01-26,8350,8750,8350,8660,185350,0.018823529411764683
2022-01-27,8530,8750,7680,7920,221761,-0.08545034642032334
2022-01-28,7810,8370,7480,8190,179640,0.03409090909090917
2022-02-03,8290,8610,8230,8230,114188,0.004884004884004867
2022-02-04,8140,8450,8060,8410,132072,0.021871202916160293
2022-02-07,8410,8860,8410,8740,126513,0.03923900118906065
2022-02-08,8700,8950,8650,8730,86042,-0.0011441647597254523
2022-02-09,8820,8940,8670,8740,71756,0.001145475372279492
2022-02-10,8720,9380,8520,8730,359086,-0.0011441647597254523
2022-02-11,8730,8980,8480,8720,203093,-0.001145475372279492
2022-02-14,8720,8790,8450,8480,105956,-0.02752293577981646
2022-02-15,8630,8630,8070,8100,153089,-0.04481132075471694
2022-02-16,8260,8470,8260,8340,112518,0.029629629629629672
2022-02-17,8360,8900,8270,8570,187122,0.027577937649880147
2022-02-18,8420,8950,8270,8650,322482,0.009334889148191472
2022-02-21,8650,8690,8430,8540,70302,-0.012716763005780396
2022-02-22,8490,8600,8350,8450,90028,-0.010538641686182681
2022-02-23,8400,8560,8340,8370,110818,-0.009467455621301801
2022-02-24,8300,8370,8010,8200,194529,-0.020310633213859064
2022-02-25,8280,8440,8140,8330,96957,0.01585365853658538
2022-02-28,8260,8860,8260,8570,205448,0.02881152460984393
2022-03-02,8570,8800,8570,8680,91230,0.012835472578763163
2022-03-03,8690,8940,8640,8700,118376,0.0023041474654377225
2022-03-04,8710,8870,8620,8720,89761,0.0022988505747125743
2022-03-07,8790,8790,8280,8540,122693,-0.020642201834862428
2022-03-08,8470,8680,8370,8490,95193,-0.005854800936768156
2022-03-10,8520,8850,8480,8480,91989,-0.0011778563015312216
2022-03-11,8470,8550,8360,8490,61912,0.001179245283018826
2022-03-14,8470,8490,8340,8340,32612,-0.017667844522968212
2022-03-15,8300,8460,8170,8180,102004,-0.01918465227817745
2022-03-16,8190,8300,8130,8200,58019,0.0024449877750611915
2022-03-17,8420,8530,8280,8370,142720,0.02073170731707319
2022-03-18,8370,8650,8370,8490,83706,0.014336917562723928
2022-03-21,8500,8540,8420,8480,40372,-0.0011778563015312216
2022-03-22,8480,8690,8450,8660,119816,0.021226415094339535
2022-03-23,8690,9440,8670,9210,484855,0.06351039260969982
2022-03-24,9220,9230,8840,8910,168760,-0.032573289902280145
2022-03-25,8870,9000,8620,8670,110845,-0.026936026936026924
2022-03-28,8680,8690,8440,8550,78982,-0.01384083044982698
2022-03-29,8480,8760,8360,8410,210069,-0.01637426900584793
2022-03-30,8480,8490,8300,8410,135402,0.0
2022-03-31,8410,8480,8360,8460,109012,0.005945303210463715
2022-04-01,8450,8830,8400,8830,208046,0.04373522458628831
2022-04-04,8830,8930,8640,8790,146568,-0.0045300113250282825
2022-04-05,8760,8900,8680,8700,69515,-0.010238907849829393
2022-04-06,8700,8750,8430,8700,165376,0.0
2022-04-07,8600,8640,8450,8480,67502,-0.025287356321839094
2022-04-08,8460,8600,8370,8600,57160,0.014150943396226356
2022-04-11,8600,8700,8400,8470,113321,-0.015116279069767424
2022-04-12,8440,8730,8440,8530,104888,0.007083825265643551
2022-04-13,8560,8610,8470,8540,65840,0.0011723329425556983
2022-04-14,8570,8870,8540,8790,201604,0.02927400468384067
2022-04-15,8780,9050,8670,9000,206438,0.023890784982935065
2022-04-18,9060,9220,8860,8980,189770,-0.0022222222222222365
2022-04-19,8920,9090,8830,8970,152772,-0.00111358574610243
2022-04-20,8950,8950,8660,8720,113859,-0.027870680044593144
2022-04-21,8790,9000,8630,8950,206454,0.026376146788990917
2022-04-22,8890,8930,8670,8750,69190,-0.022346368715083775
2022-04-25,8610,8690,8370,8370,144178,-0.04342857142857148
2022-04-26,8310,8540,8310,8460,94483,0.010752688172043001
2022-04-27,8350,8400,8230,8350,63409,-0.013002364066193817
2022-04-28,8350,8590,8290,8440,89563,0.010778443113772518
2022-04-29,8430,8520,8310,8470,94942,0.0035545023696681444
2022-05-02,8320,8500,8300,8400,75666,-0.008264462809917328
2022-05-03,8530,8780,8440,8650,163578,0.029761904761904656
2022-05-04,8610,8700,8470,8640,106639,-0.0011560693641619046
2022-05-06,8630,8760,8350,8520,165515,-0.01388888888888884
2022-05-09,8600,8600,8320,8330,117481,-0.02230046948356812
2022-05-10,8200,8540,8190,8350,153539,0.0024009603841537164
2022-05-11,8350,8510,8350,8410,70878,0.007185628742514938
2022-05-12,8310,8410,8270,8280,67500,-0.015457788347205681
2022-05-13,8480,8500,8290,8340,100454,0.007246376811594235
2022-05-16,8360,8600,8290,8370,129802,0.003597122302158251
2022-05-17,8310,8420,8310,8340,42731,-0.0035842293906810374
2022-05-18,8350,8590,8330,8450,92613,0.01318944844124692
2022-05-19,8300,8710,8280,8670,115549,0.026035502958579926
2022-05-20,8600,8760,8530,8650,106407,-0.0023068050749711633
2022-05-23,8730,8930,8630,8640,161542,-0.0011560693641619046
2022-05-24,8670,8720,8510,8510,78470,-0.01504629629629628
2022-05-25,8530,8910,8530,8890,249974,0.044653349001175124
2022-05-26,8830,9100,8800,8900,326092,0.0011248593925758943
2022-05-27,8940,8940,8430,8430,226456,-0.05280898876404494
2022-05-30,8450,8670,8450,8550,74141,0.014234875444839812
2022-05-31,8410,8540,8400,8410,184749,-0.01637426900584793
2022-06-02,8480,8490,8370,8380,95734,-0.003567181926278251
2022-06-03,8390,8480,8270,8400,83906,0.0023866348448686736
2022-06-07,8400,8490,8310,8330,81123,-0.008333333333333304
2022-06-08,8340,9990,8340,9820,4344084,0.17887154861944787
2022-06-09,10150,10650,9490,9680,2937160,-0.014256619144602856
2022-06-10,9750,9900,9530,9530,730781,-0.015495867768595017
2022-06-13,9260,9340,8600,8780,401306,-0.07869884575026231
2022-06-14,8690,8840,8410,8580,274849,-0.02277904328018221
2022-06-15,8580,8630,7900,7920,391437,-0.07692307692307687
2022-06-16,7920,8160,7470,7600,477577,-0.04040404040404044
2022-06-17,7370,7380,6750,6810,747869,-0.10394736842105268
2022-06-20,6740,7000,5810,6010,1217904,-0.11747430249632895
2022-06-21,5900,6440,5670,6440,1732602,0.07154742096505817
2022-06-22,6250,6300,5760,5760,540679,-0.10559006211180122
2022-06-23,5750,5910,5350,5400,393722,-0.0625
2022-06-24,5190,5620,5050,5540,1632478,0.025925925925925908
2022-06-27,5640,6480,5630,5880,5331413,0.06137184115523464
2022-06-28,5810,5960,5800,5890,442243,0.001700680272108901
2022-06-29,5720,5980,5710,5950,312057,0.01018675721561979
2022-06-30,5950,5990,5720,5820,288643,-0.021848739495798353
2022-07-01,5760,5870,5380,5450,447950,-0.06357388316151202
2022-07-04,5500,5560,5090,5190,309231,-0.047706422018348627
2022-07-05,5190,5430,5190,5410,239967,0.042389210019267765
2022-07-06,5460,5510,5300,5380,268738,-0.00554528650646946
2022-07-07,5500,5640,5480,5530,185038,0.027881040892193232
2022-07-08,5630,5760,5580,5650,238203,0.02169981916817365
2022-07-11,5660,5780,5600,5650,163044,0.0
2022-07-12,5560,5620,5380,5460,208884,-0.03362831858407078
2022-07-13,5450,5570,5320,5540,126884,0.0146520146520146
2022-07-14,5460,5610,5460,5540,104707,0.0
2022-07-15,5560,5620,5100,5450,138401,-0.016245487364620947
2022-07-18,5480,5690,5480,5690,116201,0.044036697247706424
2022-07-19,5680,5800,5620,5750,166208,0.010544815465729274
2022-07-20,5850,5860,5710,5720,96077,-0.00521739130434784
2022-07-21,5790,5790,5650,5790,88749,0.012237762237762295
2022-07-22,5810,5920,5690,5690,181061,-0.01727115716753025
2022-07-25,5700,5780,5630,5690,58408,0.0
2022-07-26,5650,5740,5640,5700,78342,0.0017574692442883233
2022-07-27,5720,5880,5640,5870,111411,0.029824561403508865
2022-07-28,5950,5950,5790,5810,137219,-0.010221465076660996
2022-07-29,5870,5910,5720,5790,173957,-0.0034423407917383297
2022-08-01,5790,5890,5790,5840,135758,0.008635578583765069
2022-08-02,5810,5870,5690,5750,156329,-0.015410958904109595
2022-08-03,5740,5840,5740,5840,93826,0.01565217391304352
2022-08-04,5860,5950,5850,5910,140239,0.011986301369863117
2022-08-05,5940,5950,5870,5890,95360,-0.0033840947546531774
2022-08-08,5850,5890,5780,5810,90054,-0.01358234295415961
2022-08-09,5830,5890,5780,5840,76899,0.005163511187607606
2022-08-10,5820,5820,5710,5710,98107,-0.022260273972602773
2022-08-11,5780,5860,5720,5770,107129,0.01050788091068311
2022-08-12,5740,5870,5740,5860,103955,0.015597920277296451
2022-08-16,5870,5890,5790,5800,78165,-0.010238907849829393
2022-08-17,5800,5810,5680,5690,111782,-0.018965517241379293
2022-08-18,5680,5690,5560,5610,95323,-0.01405975395430581
2022-08-19,5590,5670,5550,5550,74466,-0.010695187165775444
2022-08-22,5520,5520,5330,5340,141975,-0.037837837837837784
2022-08-23,5200,5350,5200,5260,111761,-0.014981273408239737
2022-08-24,5270,5400,5260,5330,70796,0.013307984790874583
2022-08-25,5400,5420,5350,5400,36760,0.013133208255159401
2022-08-26,5450,5460,5350,5390,57836,-0.0018518518518518823
2022-08-29,5210,5220,5100,5190,104667,-0.03710575139146566
2022-08-30,5140,5250,5140,5220,56874,0.005780346820809301
2022-08-31,5160,5320,5160,5250,66018,0.005747126436781658
2022-09-01,5210,5280,5170,5230,66964,-0.003809523809523818
2022-09-02,5230,5250,5120,5120,59096,-0.021032504780114758
2022-09-05,5100,5170,5000,5050,100470,-0.013671875
2022-09-06,4935,5200,4935,5170,184986,0.023762376237623783
2022-09-07,5170,5180,5020,5030,74281,-0.027079303675048405
2022-09-08,5050,5140,5000,5030,59944,0.0
2022-09-13,5120,5250,5080,5160,52752,0.025844930417495027
2022-09-14,5010,5110,4990,5110,35549,-0.009689922480620172
2022-09-15,5130,5140,4965,5020,85109,-0.017612524461839585
2022-09-16,4965,5050,4805,5010,171723,-0.0019920318725099584
2022-09-19,5000,5010,4855,4860,73553,-0.029940119760479056
2022-09-20,4810,4955,4810,4860,91610,0.0
2022-09-21,4800,4910,4795,4840,57443,-0.004115226337448541
2022-09-22,4710,4750,4560,4680,159899,-0.03305785123966942
2022-09-23,4675,4675,4440,4610,116007,-0.014957264957264904
2022-09-26,4460,4580,4135,4135,317370,-0.10303687635574832
2022-09-27,3925,4285,3925,4140,337334,0.0012091898428052694
2022-09-28,4120,4175,3865,3900,120724,-0.05797101449275366
2022-09-29,3920,4140,3920,3920,68591,0.00512820512820511
2022-09-30,3825,4015,3825,3960,95180,0.010204081632652962
2022-10-04,4000,4070,4000,4070,36160,0.02777777777777768
2022-10-05,4115,4165,3945,3975,41428,-0.023341523341523396
2022-10-06,3985,4140,3985,4025,91295,0.012578616352201255
2022-10-07,4005,4115,3975,4070,59499,0.011180124223602483
2022-10-11,4030,4050,3840,3850,150477,-0.05405405405405406
2022-10-12,3780,3865,3670,3850,157492,0.0
2022-10-13,3795,3925,3640,3785,125780,-0.016883116883116833
2022-10-14,3800,4005,3795,3890,108735,0.02774108322324964
2022-10-17,3835,3980,3750,3940,27086,0.01285347043701801
2022-10-18,3965,4050,3965,4025,41932,0.021573604060913798
2022-10-19,4060,4080,3930,3935,45742,-0.022360248447204967
2022-10-20,3935,4015,3845,3855,42710,-0.020330368487928796
2022-10-21,3870,3895,3800,3805,55624,-0.012970168612191912
2022-10-24,3845,3915,3845,3850,28402,0.01182654402102501
2022-10-25,3830,3925,3810,3870,43372,0.0051948051948051965
2022-10-26,3895,3925,3815,3905,60659,0.009043927648578753
2022-10-27,3900,3980,3895,3960,44354,0.014084507042253502
2022-10-28,3895,4100,3890,3990,58855,0.007575757575757569
2022-10-31,4100,4100,3985,3995,47740,0.0012531328320801727
2022-11-01,3950,4040,3950,4035,33149,0.01001251564455563
2022-11-02,4040,4285,4015,4170,134175,0.03345724907063197
2022-11-03,4080,4365,4050,4280,66873,0.026378896882494063
2022-11-04,4215,4230,4065,4130,112246,-0.03504672897196259
2022-11-07,4140,4190,4090,4110,49499,-0.004842615012106588
2022-11-08,4080,4190,4080,4150,57562,0.009732360097323589
2022-11-09,4190,4220,4150,4155,67530,0.00120481927710836
2022-11-10,4125,4150,4085,4100,63898,-0.013237063778580027
2022-11-11,4285,4285,4145,4195,73793,0.023170731707317094
2022-11-14,4200,4345,4200,4280,80543,0.020262216924910703
2022-11-15,4280,4340,4270,4305,49845,0.005841121495327117
2022-11-16,4305,4325,4235,4295,54943,-0.0023228803716608404
2022-11-17,4295,4340,4235,4300,44218,0.0011641443538998875
2022-11-18,4300,4330,4200,4215,67270,-0.019767441860465085
2022-11-21,4190,4200,4055,4085,83346,-0.03084223013048637
2022-11-22,4070,4100,4005,4060,70119,-0.006119951040391647
2022-11-23,4065,4150,4055,4085,72007,0.006157635467980205
2022-11-24,4125,4180,4115,4135,31079,0.012239902080783294
2022-11-25,4155,4160,4120,4160,27113,0.006045949214026569
2022-11-28,4150,4155,4025,4025,37969,-0.03245192307692313
2022-11-29,3970,4075,3970,4055,43950,0.007453416149068248
2022-11-30,4060,4110,3990,4035,31525,-0.004932182490752113
2022-12-01,4080,4140,4075,4080,83376,0.011152416356877248
2022-12-02,4105,4180,4100,4160,47607,0.019607843137254832
2022-12-05,4135,4220,4135,4165,52091,0.0012019230769231282
2022-12-06,4135,4135,4020,4030,70803,-0.032412965186074394
2022-12-07,4000,4040,3950,3985,69159,-0.011166253101737023
2022-12-08,3975,4025,3850,3865,82014,-0.03011292346298622
2022-12-09,3875,3950,3855,3950,39775,0.02199223803363526
2022-12-12,3975,3980,3920,3920,33895,-0.0075949367088608
2022-12-13,3960,3970,3875,3900,33215,-0.005102040816326481
2022-12-14,3865,3980,3865,3940,42710,0.01025641025641022
2022-12-15,3925,3975,3920,3930,29044,-0.0025380710659898
2022-12-16,3850,4130,3845,3920,40471,-0.0025445292620864812
2022-12-19,3920,3920,3830,3875,42632,-0.011479591836734748
2022-12-20,3860,3890,3805,3805,76673,-0.01806451612903226
2022-12-21,3815,3825,3715,3740,55174,-0.01708278580814715
2022-12-22,3745,3820,3740,3740,37593,0.0
2022-12-23,3750,3750,3630,3630,67123,-0.02941176470588236
2022-12-26,3630,3655,3530,3575,103258,-0.015151515151515138
2022-12-27,3510,3685,3510,3680,113396,0.029370629370629286
2022-12-28,3695,3695,3600,3630,29185,-0.013586956521739135
2022-12-29,3615,3625,3495,3500,85898,-0.03581267217630857
2023-01-02,3500,3565,3435,3485,84508,-0.004285714285714337
2023-01-03,3355,3470,3315,3450,131368,-0.010043041606886627
2023-01-04,3390,3560,3385,3515,62739,0.018840579710144967
2023-01-05,3565,3600,3500,3510,43792,-0.0014224751066855834
2023-01-06,3495,3600,3490,3580,30621,0.019943019943019946
2023-01-09,3600,3670,3600,3650,54765,0.019553072625698276
2023-01-10,3650,3675,3620,3655,42484,0.00136986301369868
2023-01-11,3655,3770,3655,3760,85897,0.028727770177838563
2023-01-12,3790,3800,3740,3745,24146,-0.003989361702127714
2023-01-13,3770,3795,3725,3760,30017,0.004005340453938633
2023-01-16,3780,3790,3685,3755,50558,-0.0013297872340425343
2023-01-17,3755,3760,3700,3705,50984,-0.013315579227696439
2023-01-18,3700,3755,3685,3740,31828,0.009446693657219951
2023-01-19,3700,3740,3700,3735,24406,-0.0013368983957219305
2023-01-20,3735,3875,3710,3875,196495,0.03748326639892907
2023-01-25,3825,3875,3805,3840,67589,-0.00903225806451613
2023-01-26,3840,3895,3810,3860,54347,0.005208333333333259
2023-01-27,3885,3885,3840,3885,44776,0.006476683937823857
2023-01-30,3890,4015,3870,3960,202156,0.019305019305019266
2023-01-31,3930,3940,3840,3890,155589,-0.017676767676767624
2023-02-01,3900,3995,3855,3955,98707,0.016709511568123503
2023-02-02,3990,4000,3945,3955,89604,0.0
2023-02-03,3970,3990,3930,3955,52784,0.0
2023-02-06,3960,3980,3905,3975,56495,0.005056890012642201
2023-02-07,3955,4045,3945,4030,96236,0.01383647798742138
2023-02-08,4050,4050,3985,4000,93911,-0.007444168734491274
2023-02-09,3975,3995,3955,3975,62074,-0.006249999999999978
2023-02-10,3975,3975,3885,3905,88883,-0.017610062893081757
2023-02-13,3895,3900,3790,3900,70696,-0.001280409731113985
2023-02-14,3930,3980,3920,3940,69957,0.01025641025641022
2023-02-15,3960,3960,3790,3815,98399,-0.03172588832487311
2023-02-16,3820,3960,3820,3960,67876,0.038007863695937116
2023-02-17,3950,3985,3930,3985,50908,0.0063131313131312705
2023-02-20,3965,4070,3965,4050,119843,0.016311166875784266
2023-02-21,4070,4090,4010,4050,75348,0.0
2023-02-22,3980,4070,3970,3990,84343,-0.014814814814814836
2023-02-23,3980,4025,3925,3930,70787,-0.015037593984962405
2023-02-24,3965,3995,3870,3880,82629,-0.012722646310432517
2023-02-27,3930,3930,3755,3785,73191,-0.02448453608247425
2023-02-28,3785,3820,3785,3820,23133,0.009247027741083214
2023-03-02,3820,3880,3780,3880,62100,0.015706806282722585
2023-03-03,3935,4010,3880,3970,63022,0.02319587628865971
2023-03-06,4020,4890,3965,4780,4496859,0.20403022670025184
2023-03-07,4660,4710,4560,4650,958448,-0.027196652719665315
2023-03-08,4585,4590,4440,4470,377329,-0.03870967741935483
2023-03-09,4495,4545,4350,4410,302158,-0.01342281879194629
2023-03-10,4390,4515,4305,4325,364993,-0.019274376417233507
2023-03-13,4300,4315,4160,4265,186827,-0.01387283236994219
2023-03-14,4240,4250,4040,4065,228245,-0.04689331770222738
2023-03-15,4105,4265,4105,4200,292059,0.03321033210332103
2023-03-16,4180,4195,4035,4190,178831,-0.0023809523809523725
2023-03-17,4270,4350,4200,4300,316289,0.026252983293556076
2023-03-20,4270,4330,4180,4280,190726,-0.0046511627906976605
2023-03-21,4280,4350,4215,4215,211074,-0.015186915887850483
2023-03-22,4225,4250,4145,4170,165439,-0.010676156583629859
2023-03-23,4130,4195,4075,4145,214970,-0.005995203836930418
2023-03-24,4160,4165,4070,4115,129998,-0.007237635705669487
2023-03-27,4120,4275,4100,4260,297791,0.03523693803159178
2023-03-28,4325,4340,4220,4295,283695,0.008215962441314506
2023-03-29,4300,4455,4235,4415,420244,0.0279394644935973
2023-03-30,4440,4440,4360,4400,208551,-0.003397508493771184
2023-03-31,4390,4445,4260,4260,210205,-0.03181818181818186
2023-04-03,4260,4315,4220,4285,99500,0.005868544600938996
2023-04-04,4260,4390,4260,4315,183518,0.007001166861143604
2023-04-05,4280,4385,4280,4370,133070,0.012746234067207318
2023-04-06,4370,4370,4215,4230,175533,-0.03203661327231122
2023-04-07,4250,4320,4225,4305,125485,0.01773049645390068
2023-04-10,4310,4435,4300,4370,293722,0.015098722415795685
2023-04-11,4415,4795,4390,4730,1569379,0.08237986270022879
2023-04-12,4740,5210,4630,4900,2325071,0.03594080338266381
2023-04-13,4990,5060,4740,4775,1066951,-0.025510204081632626
2023-04-14,4870,5100,4700,4895,438227,0.025130890052355914
2023-04-17,4940,4995,4825,4900,286071,0.0010214504596526286
2023-04-18,4905,4920,4660,4745,404475,-0.031632653061224536
2023-04-19,4825,4910,4745,4820,220954,0.015806111696522684
2023-04-20,4895,4895,4615,4630,336586,-0.03941908713692943
2023-04-21,4590,4625,4415,4515,228058,-0.024838012958963263
2023-04-24,4515,4550,4405,4410,162009,-0.023255813953488413
2023-04-25,4410,4540,4340,4510,214252,0.0226757369614512
2023-04-26,4515,4550,4390,4395,133727,-0.0254988913525499
2023-04-27,4440,4530,4310,4520,167737,0.028441410693970326
2023-04-28,4550,4650,4400,4445,202594,-0.0165929203539823
2023-05-02,4445,4685,4440,4670,226255,0.0506186726659168
2023-05-03,4660,4865,4615,4650,252569,-0.004282655246252709
2023-05-04,4700,4820,4610,4800,342222,0.032258064516129004
2023-05-08,4800,4855,4740,4740,176008,-0.012499999999999956
2023-05-09,4715,4800,4500,4705,172185,-0.007383966244725704
2023-05-10,4675,4800,4650,4720,196493,0.0031880977683316214
2023-05-11,4710,4880,4710,4875,385218,0.03283898305084754
2023-05-12,4960,5240,4930,5110,1685174,0.04820512820512812
2023-05-15,5050,5060,4910,4940,469073,-0.0332681017612525
2023-05-16,4965,5050,4820,4820,300435,-0.02429149797570851
2023-05-17,4770,4945,4745,4870,258923,0.010373443983402453
2023-05-18,4920,4985,4820,4930,266302,0.012320328542094527
2023-05-19,4930,5000,4795,4880,213492,-0.010141987829614618
2023-05-22,4860,4925,4815,4900,119905,0.004098360655737654
2023-05-23,4920,4920,4775,4785,163643,-0.02346938775510199
2023-05-24,4760,4780,4670,4730,175627,-0.011494252873563204
2023-05-25,4730,4790,4670,4690,157068,-0.008456659619450302
2023-05-26,4690,4715,4600,4600,152550,-0.019189765458422214
2023-05-30,4610,4715,4585,4710,86665,0.023913043478260843
2023-05-31,4710,4775,4640,4680,119150,-0.006369426751592355
2023-06-01,4680,4720,4610,4645,99112,-0.007478632478632452
2023-06-02,4715,4800,4650,4760,189515,0.02475780409041972
2023-06-05,4840,5230,4700,4755,955091,-0.0010504201680672232
2023-06-07,4760,4815,4705,4770,149074,0.003154574132492094
2023-06-08,4770,4895,4740,4835,259532,0.013626834381551323
2023-06-09,4825,4890,4780,4790,157959,-0.009307135470527417
2023-06-12,4840,4840,4715,4730,115157,-0.012526096033402934
2023-06-13,4730,4820,4725,4795,116115,0.01374207188160681
2023-06-14,4780,4800,4630,4650,184252,-0.030239833159541152
2023-06-15,4650,4745,4625,4650,136170,0.0
2023-06-16,4655,4695,4620,4645,84110,-0.0010752688172043223
2023-06-19,4645,4680,4585,4605,85669,-0.008611410118406937
2023-06-20,4640,4640,4525,4525,133570,-0.017372421281216077
2023-06-21,4560,4695,4525,4565,92225,0.008839779005524795
2023-06-22,4565,4590,4510,4510,74767,-0.012048192771084376
2023-06-23,4540,4550,4445,4455,82345,-0.012195121951219523
2023-06-26,4520,4620,4440,4570,100017,0.02581369248035914
2023-06-27,4580,4625,4550,4590,57482,0.004376367614879584
2023-06-28,4590,4760,4590,4700,175857,0.023965141612200425
2023-06-29,4710,4710,4600,4625,101134,-0.015957446808510634
2023-06-30,4670,4670,4515,4610,73568,-0.00324324324324321
2023-07-03,4625,4700,4625,4655,60230,0.009761388286334105
2023-07-04,4655,4690,4570,4620,47141,-0.007518796992481258
2023-07-05,4625,4670,4505,4505,102714,-0.024891774891774854
2023-07-06,4510,4600,4460,4495,101716,-0.002219755826859071
2023-07-07,4430,4480,4305,4350,144047,-0.032258064516129004
2023-07-10,4350,4400,4190,4310,78880,-0.00919540229885063
2023-07-11,4325,4430,4300,4360,52156,0.011600928074245953
2023-07-12,4360,4390,4230,4255,116663,-0.0240825688073395
2023-07-13,4255,4330,4205,4210,101203,-0.010575793184488869
2023-07-14,4200,4250,4080,4140,131778,-0.016627078384798155
2023-07-17,4140,4160,4040,4075,67301,-0.0157004830917874
2023-07-18,4085,4250,4055,4115,98092,0.009815950920245342
2023-07-19,4115,4205,4080,4105,86516,-0.002430133657351119
2023-07-20,4130,4230,4095,4230,103662,0.030450669914738215
2023-07-21,4230,4240,4090,4110,91094,-0.028368794326241176
2023-07-24,4110,4110,3835,3850,203171,-0.06326034063260344
2023-07-25,3855,3920,3825,3840,125754,-0.0025974025974025983
2023-07-26,3820,3840,3555,3645,257302,-0.05078125
2023-07-27,3565,3815,3565,3810,79876,0.04526748971193406
2023-07-28,3805,3950,3785,3915,55429,0.027559055118110187
2023-07-31,3915,3980,3860,3940,44807,0.0063856960408683605
2023-08-01,3950,4010,3910,3940,59777,0.0
2023-08-02,3940,4010,3905,3935,43606,-0.0012690355329949554
2023-08-03,4010,4010,3810,3840,73499,-0.02414231257941546
2023-08-04,3825,3985,3820,3965,76971,0.03255208333333326
2023-08-07,3985,4000,3860,3960,31504,-0.0012610340479193294
2023-08-08,3920,4015,3900,3920,43069,-0.010101010101010055
2023-08-09,3900,3955,3855,3880,42948,-0.010204081632653073
2023-08-10,3850,3960,3830,3940,40050,0.015463917525773141
2023-08-11,3985,4080,3960,4065,52524,0.031725888324873
2023-08-14,4110,4110,3970,4015,34015,-0.012300123001230068
2023-08-16,3940,3940,3860,3860,50422,-0.03860523038605235
2023-08-17,3795,3875,3770,3875,55545,0.0038860103626943143
2023-08-18,3805,3900,3795,3825,29238,-0.012903225806451646
2023-08-21,3805,3860,3805,3840,22890,0.0039215686274509665
2023-08-22,3830,3855,3790,3835,33080,-0.0013020833333333703
2023-08-23,3795,3835,3720,3790,36179,-0.011734028683181186
2023-08-24,3790,3825,3740,3740,42246,-0.01319261213720313
2023-08-25,3740,3780,3695,3760,36516,0.005347593582887722
2023-08-28,3800,3850,3740,3810,34526,0.013297872340425565
2023-08-29,3780,3850,3780,3800,21521,-0.002624671916010457
2023-08-30,3875,3875,3810,3810,32339,0.002631578947368318
2023-08-31,3850,3930,3830,3920,43017,0.028871391076115582
2023-09-01,3905,3920,3800,3800,39599,-0.030612244897959218
2023-09-04,3775,3815,3750,3785,29950,-0.003947368421052588
2023-09-05,3760,3840,3755,3765,32817,-0.005284015852047519
2023-09-06,3725,3840,3670,3685,49037,-0.021248339973439556
2023-09-07,3685,3695,3595,3615,53396,-0.018995929443690662
2023-09-08,3575,3690,3550,3690,27972,0.020746887966804906
2023-09-11,3690,3725,3655,3685,24384,-0.0013550135501354532
2023-09-12,3630,3720,3615,3680,54069,-0.0013568521031207537
2023-09-13,3610,3680,3600,3645,38877,-0.009510869565217406
2023-09-14,3645,3675,3610,3615,18735,-0.008230452674897082
2023-09-15,3700,3700,3610,3630,14626,0.004149377593360981
2023-09-18,3635,3655,3565,3565,35881,-0.017906336088154284
2023-09-19,3550,3595,3325,3570,85117,0.0014025245441795509
2023-09-20,3510,3620,3510,3620,20012,0.014005602240896309
2023-09-21,3600,3690,3560,3625,42883,0.0013812154696133394
2023-09-22,3560,3635,3515,3535,17750,-0.024827586206896513
2023-09-25,3535,3570,3470,3495,24535,-0.011315417256011262
2023-09-26,3460,3510,3430,3430,35716,-0.01859799713876964
2023-09-27,3435,3500,3400,3420,24272,-0.002915451895043719
2023-10-04,3420,3420,3305,3360,49363,-0.01754385964912286
2023-10-05,3365,3425,3270,3310,42558,-0.014880952380952328
2023-10-06,3225,3340,3225,3310,31201,0.0
2023-10-10,3310,3340,3135,3175,61750,-0.04078549848942603
2023-10-11,3200,3390,3200,3295,66322,0.03779527559055129
2023-10-12,3345,3380,3310,3350,38039,0.01669195751138086
2023-10-13,3335,3370,3270,3275,28179,-0.02238805970149249
2023-10-16,3275,3275,3090,3150,105327,-0.03816793893129766
2023-10-17,3140,3210,3140,3150,33473,0.0
2023-10-18,3155,3195,3125,3165,29619,0.004761904761904745
2023-10-19,3130,3180,3065,3075,73040,-0.028436018957345932
2023-10-20,3075,3075,2850,3035,42987,-0.013008130081300862
2023-10-23,2990,3065,2990,3010,42291,-0.008237232289950547
2023-10-24,2995,3085,2955,3085,35663,0.024916943521594792
2023-10-25,3085,3100,3045,3075,18113,-0.0032414910858995505
2023-10-26,3020,3030,2930,2945,73587,-0.042276422764227606
2023-10-27,2910,2970,2895,2900,53877,-0.015280135823429575
2023-10-30,2900,2940,2865,2920,103664,0.006896551724137945
2023-10-31,2925,2955,2785,2835,75835,-0.02910958904109584
2023-11-01,2840,2910,2820,2850,44360,0.005291005291005346
2023-11-02,2850,2980,2850,2970,55034,0.042105263157894646
2023-11-03,2995,3050,2965,3010,41703,0.013468013468013407
2023-11-06,3045,3165,3030,3150,84988,0.04651162790697683
2023-11-07,3165,3190,3040,3055,38687,-0.030158730158730163
2023-11-08,3055,3090,3030,3050,39810,-0.0016366612111292644
2023-11-09,3065,3065,2965,3005,42428,-0.014754098360655776
2023-11-10,3005,3005,2935,2965,32967,-0.01331114808652245
2023-11-13,3290,3850,3105,3850,1564072,0.2984822934232716
2023-11-14,4345,4810,4215,4445,19390197,0.15454545454545454
2023-11-15,4635,4650,4360,4405,1952828,-0.008998875140607376
2023-11-16,4290,4350,4170,4215,664089,-0.04313280363223615
2023-11-17,4195,4215,3950,4010,485054,-0.048635824436536135
2023-11-20,4010,4045,3880,4025,268275,0.0037406483790523026
2023-11-21,3975,4200,3915,4025,498141,0.0
2023-11-22,4065,4170,4025,4060,314498,0.008695652173912993
2023-11-23,4065,4185,4050,4120,291485,0.014778325123152802
2023-11-24,4120,4200,4030,4130,187185,0.0024271844660195274
2023-11-27,4130,4130,3970,4010,272386,-0.029055690072639195
2023-11-28,3995,4190,3965,4030,144717,0.004987531172069737
2023-11-29,4005,4060,3965,4020,108061,-0.002481389578163795
2023-11-30,4020,4125,4015,4035,179509,0.003731343283582156
2023-12-01,4045,4185,4045,4170,278709,0.03345724907063197
2023-12-04,4170,4175,4065,4115,156097,-0.013189448441247031
2023-12-05,4085,4120,4030,4115,149498,0.0
2023-12-06,4100,4230,4075,4160,197625,0.010935601458080146
2023-12-07,4145,4255,4115,4255,210675,0.022836538461538547
2023-12-08,4270,4270,4160,4200,155582,-0.01292596944770863
2023-12-11,4170,4225,4030,4045,234102,-0.036904761904761885
2023-12-12,4030,4100,4025,4040,101326,-0.0012360939431397266
2023-12-13,4065,4140,4040,4115,82975,0.01856435643564347
2023-12-14,4120,4165,4030,4065,82359,-0.012150668286755817
2023-12-15,4065,4110,3985,4055,96864,-0.002460024600245969
2023-12-18,4050,4050,3990,4015,73873,-0.009864364981504337
2023-12-19,4005,4045,3980,3980,85297,-0.008717310087173136
2023-12-20,3970,4045,3960,4010,70577,0.007537688442211143
2023-12-21,3970,4055,3950,3965,99167,-0.01122194513715713
2023-12-22,3970,4280,3915,4220,588218,0.06431273644388402
2023-12-26,4220,4280,4095,4245,198460,0.005924170616113722
2023-12-27,4245,4280,4145,4150,110924,-0.0223792697290931
2023-12-28,4155,4220,4115,4120,117101,-0.0072289156626506035
2024-01-02,4115,4175,4095,4155,66622,0.008495145631068013
2024-01-03,4155,4205,4130,4145,64806,-0.002406738868832692
2024-01-04,4145,4235,4065,4235,160367,0.02171290711700835
2024-01-05,4280,4675,4205,4525,1402380,0.06847697756788662
2024-01-08,4700,5700,4620,5170,9120399,0.14254143646408846
2024-01-09,5150,5340,4980,5230,1746704,0.011605415860735047
2024-01-10,5230,6460,5140,5590,9748847,0.06883365200764824
2024-01-11,5700,5930,5350,5480,2083520,-0.019677996422182487
2024-01-12,5360,5510,5080,5130,824753,-0.06386861313868608
2024-01-15,5100,5190,5020,5020,382201,-0.021442495126705707
2024-01-16,5000,6070,4835,5240,6873778,0.043824701195219085
2024-01-17,5110,5180,4685,4700,1103552,-0.10305343511450382
2024-01-18,4610,5020,4590,4830,1030515,0.027659574468085202
2024-01-19,4790,5000,4750,4810,471169,-0.0041407867494823725
2024-01-22,4865,4915,4760,4770,328251,-0.008316008316008316
2024-01-23,4735,4780,4600,4650,411584,-0.02515723270440251
2024-01-24,4665,4725,4505,4620,228053,-0.006451612903225823
2024-01-25,4610,4675,4510,4510,220301,-0.023809523809523836
2024-01-26,4460,4685,4455,4550,213428,0.008869179600886845
2024-01-29,4640,4640,4470,4475,216295,-0.016483516483516536
2024-01-30,4470,4550,4390,4390,157862,-0.018994413407821265
2024-01-31,4380,4460,4345,4360,117879,-0.006833712984054663
2024-02-01,4330,4435,4330,4365,154095,0.0011467889908256534
2024-02-02,4365,4540,4365,4475,171431,0.025200458190148822
2024-02-05,4485,4615,4460,4550,304170,0.016759776536312776
2024-02-06,4580,4615,4155,4500,244703,-0.01098901098901095
2024-02-07,4530,4610,4365,4420,161702,-0.01777777777777778
2024-02-08,4420,4550,4420,4455,168002,0.007918552036199067
2024-02-13,4510,4625,4470,4600,169318,0.032547699214365844
2024-02-14,4570,4705,4530,4665,172338,0.01413043478260878
2024-02-15,4670,4750,4585,4700,163639,0.007502679528403
2024-02-16,4690,4720,4610,4685,149915,-0.0031914893617021045
2024-02-19,4685,4745,4600,4650,185165,-0.007470651013874119
2024-02-20,4620,4675,4520,4555,126377,-0.02043010752688168
2024-02-21,4570,4570,4450,4475,148106,-0.01756311745334793
2024-02-22,4800,5110,4635,4660,1809758,0.04134078212290504
2024-02-23,4685,4685,4500,4540,283980,-0.025751072961373356
2024-02-26,4540,4595,4465,4530,158941,-0.0022026431718061845
2024-02-27,4650,4790,4515,4575,302916,0.009933774834437026
2024-02-28,4575,4675,4555,4670,190506,0.02076502732240426
2024-02-29,4640,4645,4565,4575,138400,-0.020342612419700257
2024-03-04,4570,4670,4560,4650,136608,0.016393442622950838
2024-03-05,4645,4670,4540,4540,148199,-0.023655913978494647
2024-03-06,4520,4555,4390,4395,152668,-0.0319383259911894
2024-03-07,4395,4595,4315,4315,142952,-0.018202502844141044
2024-03-08,4310,4445,4280,4280,122308,-0.008111239860950192
2024-03-11,4280,4295,4210,4210,117731,-0.016355140186915862
2024-03-12,4210,4400,4200,4300,122984,0.0213776722090262
2024-03-13,4300,4340,4240,4285,110563,-0.0034883720930232176
2024-03-14,4335,4335,4210,4250,55427,-0.008168028004667427
2024-03-15,4260,4265,4130,4250,131354,0.0
2024-03-18,4205,4285,4200,4220,44495,-0.007058823529411784
2024-03-19,4280,4320,4210,4220,65495,0.0
2024-03-20,4215,4245,4180,4220,37500,0.0
2024-03-21,4280,4305,4220,4250,71823,0.007109004739336511
2024-03-22,4305,4305,4245,4295,60289,0.010588235294117565
2024-03-25,4300,4380,4230,4250,64140,-0.010477299185098987
2024-03-26,4230,4260,4205,4230,62017,-0.004705882352941226
2024-03-27,4230,4265,4215,4230,33691,0.0
2024-03-28,4230,4250,4150,4155,78553,-0.01773049645390068
2024-03-29,4150,4175,4075,4090,111287,-0.01564380264741272
2024-04-01,4065,4165,4065,4115,59723,0.006112469437652868
2024-04-02,4115,4130,3980,4010,158084,-0.025516403402187082
2024-04-03,3950,4045,3915,3925,132484,-0.021197007481296715
2024-04-04,3960,3995,3885,3885,72304,-0.010191082802547768
2024-04-05,3885,3915,3805,3825,96541,-0.015444015444015413
2024-04-08,3825,3855,3700,3810,120342,-0.0039215686274509665
2024-04-09,3770,3830,3720,3720,71830,-0.023622047244094446
2024-04-11,3700,3745,3655,3720,74202,0.0
2024-04-12,3725,3800,3725,3765,59868,0.012096774193548487
2024-04-15,3750,3750,3675,3715,46603,-0.013280212483399723
2024-04-16,3710,3710,3600,3640,119756,-0.020188425302826385
2024-04-17,3605,3665,3590,3590,40467,-0.013736263736263687
2024-04-18,3545,3695,3545,3655,77797,0.01810584958217265
2024-04-19,3660,3660,3515,3515,103378,-0.03830369357045149
2024-04-22,3540,3635,3515,3600,77138,0.024182076813655806
2024-04-23,3580,3655,3570,3575,62596,-0.00694444444444442
2024-04-24,3615,3775,3615,3770,104331,0.05454545454545445
2024-04-25,3770,3935,3750,3870,149201,0.02652519893899208
2024-04-26,3900,3930,3840,3895,85810,0.006459948320413522
2024-04-29,3885,3940,3875,3925,51149,0.007702182284980763
2024-04-30,3930,3970,3900,3965,56911,0.010191082802547768
2024-05-02,3970,3970,3910,3940,29943,-0.006305170239596425
2024-05-03,3925,3970,3905,3910,31188,-0.0076142131979695105
2024-05-07,3920,4000,3865,3920,34442,0.002557544757033181
2024-05-08,3920,3960,3900,3935,30368,0.003826530612244916
2024-05-09,3965,3965,3855,3860,39658,-0.019059720457433316
2024-05-10,3890,3890,3790,3800,51269,-0.015544041450777257
2024-05-13,3800,3865,3800,3840,32392,0.010526315789473717
2024-05-14,3800,3860,3800,3825,22840,-0.00390625
2024-05-16,3825,3865,3745,3805,79970,-0.005228758169934622
2024-05-17,3775,3805,3745,3785,37997,-0.005256241787122251
2024-05-20,3785,3800,3705,3705,35745,-0.021136063408190187
2024-05-21,3680,3725,3665,3705,25901,0.0
2024-05-22,3705,3735,3695,3700,13842,-0.0013495276653171517
2024-05-23,3700,3700,3600,3670,45827,-0.008108108108108136
2024-05-24,3635,3700,3610,3615,59797,-0.01498637602179842
2024-05-27,3605,3650,3580,3600,25183,-0.004149377593360981
2024-05-28,3555,3610,3555,3590,22288,-0.002777777777777768
2024-05-29,3565,3585,3535,3555,37184,-0.00974930362116988
2024-05-30,3525,3600,3515,3555,29697,0.0
2024-05-31,3565,3590,3545,3565,21740,0.002812939521800173
2024-06-03,3565,3565,3530,3545,38407,-0.005610098176718092
2024-06-04,3535,3565,3505,3525,37117,-0.005641748942172065
2024-06-05,3525,3555,3480,3485,54411,-0.01134751773049647
2024-06-07,3485,3510,3395,3400,59836,-0.024390243902439046
2024-06-10,3330,3465,3330,3465,104271,0.01911764705882346
2024-06-11,3415,3475,3415,3415,31690,-0.01443001443001446
2024-06-12,3415,3425,3340,3385,59342,-0.008784773060029227
2024-06-13,3375,3410,3370,3375,35024,-0.002954209748892156
2024-06-14,3375,3385,3340,3360,29735,-0.004444444444444473
2024-06-17,3355,3380,3330,3330,26054,-0.008928571428571397
2024-06-18,3325,3350,3300,3335,29391,0.0015015015015014122
2024-06-19,3335,3375,3310,3320,29878,-0.004497751124437732
2024-06-20,3320,3360,3300,3315,23263,-0.001506024096385561
2024-06-21,3310,3315,3225,3240,77129,-0.022624434389140302
2024-06-24,3240,3260,3165,3175,49020,-0.020061728395061706
2024-06-25,3160,3260,3160,3260,42536,0.026771653543307128
2024-06-26,3260,3495,3260,3475,149581,0.06595092024539873
2024-06-27,3475,3495,3380,3420,52569,-0.015827338129496438
2024-06-28,3420,3470,3365,3365,42538,-0.016081871345029253
2024-07-01,3365,3445,3365,3425,24705,0.017830609212481363
2024-07-02,3395,3420,3335,3395,52253,-0.008759124087591275
2024-07-03,3390,3480,3360,3460,46887,0.019145802650957222
2024-07-04,3435,3565,3425,3540,78546,0.023121387283236983
2024-07-05,3680,4600,3615,4485,11978423,0.26694915254237284
2024-07-08,4460,4755,4375,4570,3784535,0.018952062430323213
2024-07-09,5020,5500,4600,4700,11819811,0.02844638949671774
2024-07-10,4555,4975,4525,4700,3925322,0.0
2024-07-11,4640,5410,4595,4730,9314207,0.006382978723404209
2024-07-12,4570,4715,4405,4410,1130397,-0.06765327695560253
2024-07-15,4415,4445,4200,4340,1003591,-0.015873015873015928
2024-07-16,4255,4280,4015,4070,669428,-0.062211981566820285
2024-07-17,4000,4095,3965,4010,453652,-0.014742014742014753
2024-07-18,3925,3980,3845,3950,351733,-0.014962593516209433
2024-07-19,3900,4160,3895,4030,660274,0.020253164556962133
2024-07-22,4025,4070,3800,3910,435131,-0.02977667493796521
2024-07-23,3910,4105,3910,3965,374357,0.01406649616368294
2024-07-24,3940,4105,3900,4040,308051,0.018915510718789497
2024-07-25,3960,4055,3855,4040,316508,0.0
2024-07-26,4060,4145,3920,4005,392707,-0.008663366336633671
2024-07-29,4225,4340,4115,4175,1092265,0.04244694132334592
2024-07-30,4170,5240,4040,5050,11797528,0.20958083832335328
2024-07-31,5030,5150,4950,5120,2268932,0.013861386138613874
2024-08-01,5050,5110,4720,4935,2453799,-0.0361328125
2024-08-02,4815,5420,4760,4830,7894825,-0.021276595744680882
2024-08-05,4600,4755,4100,4290,1842702,-0.11180124223602483
2024-08-06,4340,4585,4330,4435,1294528,0.03379953379953382
2024-08-07,4435,4580,4430,4440,1026151,0.0011273957158963732
2024-08-08,4350,4625,4265,4455,1097340,0.0033783783783782884
2024-08-09,4525,4600,4445,4510,1234976,0.012345679012345734
2024-08-12,4750,5150,4645,4685,3751109,0.03880266075388028
2024-08-13,4670,4670,4415,4425,723041,-0.05549626467449309
2024-08-14,4470,4670,4445,4590,1073928,0.03728813559322042
2024-08-16,4680,4815,4580,4720,1150055,0.028322440087146017
2024-08-19,4750,4765,4525,4550,560419,-0.03601694915254239
2024-08-20,4560,4785,4555,4750,745728,0.04395604395604402
2024-08-21,4715,4970,4615,4855,1344495,0.022105263157894628
2024-08-22,4850,4950,4660,4670,616666,-0.03810504634397527
2024-08-23,4615,4895,4610,4765,672869,0.020342612419700146
2024-08-26,4750,4800,4650,4690,365738,-0.015739769150052485
2024-08-27,4680,4680,4475,4530,369067,-0.034115138592750505
2024-08-28,4530,4610,4475,4475,251018,-0.012141280353200834
2024-08-29,4430,4560,4315,4370,365889,-0.02346368715083802
2024-08-30,4415,4510,4400,4465,302497,0.021739130434782705
2024-09-02,4465,4500,4355,4405,180868,-0.013437849944008984
2024-09-03,4450,4635,4440,4605,672599,0.04540295119182747
2024-09-04,4510,4510,4340,4400,335480,-0.0445168295331162
2024-09-05,4445,4550,4300,4350,268464,-0.011363636363636354
2024-09-06,4360,4850,4355,4365,1884987,0.0034482758620688614
2024-09-09,4430,4540,4310,4310,613083,-0.012600229095074411
2024-09-10,4325,4360,4035,4035,437322,-0.06380510440835263
2024-09-11,4025,4250,4025,4140,293150,0.026022304832713727
2024-09-12,4150,4260,4120,4205,171994,0.01570048309178751
2024-09-13,4255,4265,4055,4070,188279,-0.03210463733650415
2024-09-19,4110,4165,4020,4100,148478,0.0073710073710073765
2024-09-20,4135,4215,4105,4110,120519,0.0024390243902439046
2024-09-23,4135,4545,4065,4165,517762,0.01338199513381988
2024-09-24,4210,4260,4150,4210,151010,0.010804321728691502
2024-09-25,4210,4270,4145,4150,141590,-0.014251781472684133
2024-09-26,4150,4255,4150,4255,124072,0.025301204819277112
2024-09-27,4260,4265,4185,4190,127042,-0.01527614571092828
2024-09-30,4230,4230,4035,4060,152478,-0.031026252983293534
2024-10-02,3970,4015,3900,3940,185407,-0.029556650246305383
2024-10-04,3945,4045,3905,3965,129383,0.006345177664974555
2024-10-07,4075,4075,3975,4065,58856,0.02522068095838592
2024-10-08,4005,4070,3995,4000,75935,-0.01599015990159902
2024-10-10,4005,4050,3930,3935,101528,-0.016249999999999987
2024-10-11,3910,3975,3890,3890,84461,-0.01143583227445999
2024-10-14,3880,3955,3880,3935,62242,0.011568123393316254
2024-10-15,3970,4155,3970,4010,270049,0.019059720457433205
2024-10-16,4010,4050,3935,3940,76204,-0.017456359102244412
2024-10-17,3945,3985,3910,3925,67709,-0.0038071065989847552
2024-10-18,3905,3930,3710,3795,239758,-0.03312101910828025
2024-10-21,3830,3830,3750,3790,63836,-0.0013175230566534468
2024-10-22,3750,3790,3630,3630,117417,-0.04221635883905017
2024-10-23,3625,3705,3590,3640,99492,0.0027548209366390353
2024-10-24,3640,3675,3580,3590,62901,-0.013736263736263687
2024-10-25,3600,3665,3540,3540,107851,-0.013927576601671321
2024-10-28,3540,3715,3540,3670,122298,0.03672316384180796
2024-10-29,3700,3700,3580,3665,78905,-0.0013623978201634523
2024-10-30,3660,3755,3560,3645,210836,-0.00545702592087316
2024-10-31,3610,3810,3535,3710,224961,0.017832647462277196
2024-11-01,3625,3735,3625,3645,116326,-0.01752021563342321
2024-11-04,3645,3685,3605,3665,113516,0.005486968449931462
2024-11-05,3665,3700,3625,3660,53829,-0.0013642564802183177
2024-11-06,3660,3695,3525,3575,108855,-0.023224043715846965
2024-11-07,3575,3595,3480,3500,96790,-0.020979020979020935
2024-11-08,3505,3605,3505,3540,85045,0.011428571428571344
2024-11-11,3540,3580,3420,3430,90013,-0.031073446327683607
2024-11-12,3400,3450,3310,3335,233318,-0.0276967930029155
2024-11-13,3310,3380,3255,3270,128125,-0.019490254872563728
2024-11-14,3255,3340,3220,3220,103795,-0.015290519877675823
2024-11-15,3200,3300,3160,3260,83476,0.012422360248447228
2024-11-18,3230,3360,3210,3270,81129,0.0030674846625766694
2024-11-19,3245,3330,3235,3265,82567,-0.001529051987767538
2024-11-20,3265,3285,3210,3220,58547,-0.013782542113323082
2024-11-21,3215,3240,3190,3220,45322,0.0
2024-11-22,3240,3400,3205,3230,90606,0.0031055900621117516
2024-11-25,3230,3350,3210,3330,53108,0.030959752321981338
2024-11-26,3295,3365,3290,3360,36865,0.009009009009008917
2024-11-27,3360,3360,3260,3285,48430,-0.022321428571428603
2024-11-28,3270,3295,3225,3245,31300,-0.0121765601217656
2024-11-29,3215,3250,3095,3095,135053,-0.046224961479198745
2024-12-02,3105,3165,2990,3020,137368,-0.024232633279482996
2024-12-03,2985,3130,2985,3090,124088,0.023178807947019875
2024-12-04,3000,3050,2915,2975,199111,-0.03721682847896435
2024-12-05,3025,3025,2875,2875,118583,-0.03361344537815125
2024-12-06,2875,2935,2765,2840,243822,-0.012173913043478257
2024-12-09,2775,2800,2585,2660,305685,-0.06338028169014087
2024-12-10,2660,2830,2660,2810,105374,0.0563909774436091
2024-12-11,2810,2945,2810,2920,159543,0.039145907473309594
2024-12-12,2920,2995,2920,2950,96095,0.010273972602739656
2024-12-13,2925,3020,2925,2995,56116,0.015254237288135686
2024-12-16,3030,3070,2995,3060,69114,0.02170283806343898
2024-12-17,3090,3090,2990,3035,52579,-0.008169934640522847
2024-12-18,3035,3075,3010,3070,43974,0.011532125205930832
2024-12-19,3015,3055,2970,2995,51298,-0.02442996742671011
2024-12-20,2970,3035,2900,2900,56542,-0.03171953255425708
2024-12-23,2925,3020,2910,2975,56635,0.02586206896551735
2024-12-24,2960,3080,2930,3070,84758,0.031932773109243806
2024-12-26,3095,3105,3045,3065,50478,-0.0016286644951140072
2024-12-27,2975,3190,2975,3160,71772,0.030995106035889064
2024-12-30,3160,3185,2985,3025,134767,-0.04272151898734178
2025-01-02,3025,3085,3005,3085,34122,0.01983471074380172
2025-01-03,3085,3220,3085,3190,82865,0.034035656401944836
2025-01-06,3150,3195,3140,3175,37695,-0.00470219435736674
2025-01-07,3230,3230,3075,3115,58318,-0.018897637795275646
2025-01-08,3110,3190,3075,3160,20678,0.014446227929374
2025-01-09,3160,3175,3100,3150,30005,-0.0031645569620253333
2025-01-10,3150,3170,3115,3160,21202,0.0031746031746031633
2025-01-13,3160,3170,3000,3040,41048,-0.03797468354430378
2025-01-14,3025,3170,3025,3155,38323,0.03782894736842102
2025-01-15,3155,3195,3110,3185,43964,0.009508716323296307
2025-01-16,3185,3205,3150,3170,23621,-0.004709576138147598
2025-01-17,3200,3200,3125,3135,35901,-0.01104100946372244
2025-01-20,3130,3150,3110,3125,48019,-0.0031897926634768536
2025-01-21,3095,3140,3025,3090,45716,-0.011199999999999988
2025-01-22,3120,3120,3030,3040,37080,-0.016181229773462813
2025-01-23,3040,3040,2940,2950,52404,-0.02960526315789469
2025-01-24,2940,2995,2940,2970,30877,0.006779661016949046
2025-01-31,2890,2995,2890,2910,43080,-0.02020202020202022
2025-02-03,2895,2895,2760,2760,53948,-0.05154639175257736
2025-02-04,2770,2860,2770,2830,24702,0.0253623188405796
2025-02-05,2840,2915,2840,2915,25006,0.030035335689045928
2025-02-06,2915,2930,2890,2915,21975,0.0
2025-02-07,2920,2925,2870,2890,18401,-0.00857632933104635
2025-02-10,2880,2880,2810,2850,36486,-0.01384083044982698
2025-02-11,2825,2860,2780,2785,87576,-0.02280701754385961
2025-02-12,2810,2820,2755,2780,28174,-0.0017953321364452268
2025-02-13,2780,2860,2765,2845,25131,0.023381294964028854
2025-02-14,2860,2895,2810,2860,42373,0.005272407732864748
2025-02-17,2900,2920,2830,2875,32104,0.005244755244755206
2025-02-18,2875,2895,2835,2850,32897,-0.008695652173912993
2025-02-19,2850,2950,2845,2945,69537,0.03333333333333344
2025-02-20,2945,2980,2900,2940,49440,-0.001697792869269965
2025-02-21,2940,2970,2920,2970,33109,0.010204081632652962
2025-02-24,2950,2970,2920,2955,24413,-0.005050505050505083
2025-02-25,2920,3005,2920,2960,33868,0.0016920473773265332
2025-02-26,2980,3015,2930,3015,18984,0.01858108108108114
2025-02-27,3020,3020,2975,2975,32170,-0.013266998341625258
2025-02-28,2940,2980,2895,2930,44564,-0.015126050420168013
2025-03-04,2900,2955,2830,2835,44580,-0.03242320819112632
2025-03-05,2795,2885,2795,2835,47007,0.0
2025-03-06,2835,2880,2780,2835,37051,0.0
2025-03-07,2795,2855,2770,2820,20954,-0.005291005291005346
2025-03-10,2785,2830,2770,2790,28950,-0.010638297872340385
2025-03-11,2710,2755,2700,2740,47460,-0.017921146953404965
2025-03-12,2760,2875,2740,2875,51906,0.0492700729927007
2025-03-13,2915,3580,2915,3240,5091789,0.1269565217391304
2025-03-14,3240,3295,3165,3245,728854,0.0015432098765431057
2025-03-17,3315,3315,3120,3140,378303,-0.03235747303543912
2025-03-18,3145,3170,3110,3145,146051,0.0015923566878981443
2025-03-19,3145,3160,3050,3050,187858,-0.030206677265500748
2025-03-20,3080,3095,3005,3025,103451,-0.008196721311475419
2025-03-21,3025,3120,3005,3080,156972,0.018181818181818077
2025-03-24,3080,3160,3030,3160,160497,0.025974025974025983
2025-03-25,3195,3195,3080,3090,135314,-0.022151898734177222
2025-03-26,3100,3125,3065,3080,77033,-0.003236245954692518
2025-03-27,3095,3100,3030,3030,57260,-0.016233766233766267
2025-03-28,3025,3035,2900,2925,160167,-0.034653465346534684
2025-03-31,2910,2945,2830,2845,86220,-0.027350427350427364
2025-04-01,2870,3010,2870,2970,85464,0.04393673110720564
2025-04-02,3025,3025,2955,3025,42164,0.0185185185185186
2025-04-03,2955,3005,2940,3000,57411,-0.008264462809917328
2025-04-04,2935,3050,2935,2995,82604,-0.0016666666666667052
2025-04-07,2915,2990,2815,2835,103431,-0.05342237061769617
2025-04-08,2850,2915,2835,2875,84854,0.014109347442680775
2025-04-09,2875,2880,2740,2760,106953,-0.040000000000000036
2025-04-10,2865,2930,2815,2925,72890,0.059782608695652106
2025-04-11,2840,2940,2840,2935,29144,0.0034188034188034067
2025-04-14,2930,3020,2925,2995,76209,0.020442930153321992
2025-04-15,3050,3050,2975,3010,42314,0.005008347245408995
2025-04-16,3010,3010,2950,2975,54652,-0.011627906976744207
2025-04-17,2960,3030,2960,3030,41589,0.018487394957983128
2025-04-18,3030,3045,2985,3045,33608,0.004950495049504955
2025-04-21,3020,3055,3000,3020,30953,-0.008210180623973717
2025-04-22,3020,3055,2975,3050,29857,0.009933774834437026
2025-04-23,3055,3090,3040,3070,52633,0.006557377049180246
2025-04-24,3095,3095,3035,3040,25704,-0.009771986970684043
2025-04-25,3045,3085,3045,3080,48823,0.013157894736842035
2025-04-28,3120,3120,3050,3100,43740,0.006493506493506551
2025-04-29,3080,3107,3060,3095,52282,-0.001612903225806428
2025-04-30,3095,3095,3020,3090,52579,-0.001615508885298822
2025-05-02,3095,3100,3040,3085,37445,-0.0016181229773463146
2025-05-07,3050,3080,3020,3055,32001,-0.00972447325769854
2025-05-08,3045,3065,3020,3055,28382,0.0
2025-05-09,3035,3065,2995,3050,34726,-0.0016366612111292644
2025-05-12,3020,3100,3020,3065,72867,0.004918032786885185
2025-05-13,3080,3080,3040,3075,29237,0.0032626427406199365
2025-05-14,3075,3095,3040,3050,50890,-0.008130081300813052
2025-05-15,3065,3065,3005,3010,61343,-0.013114754098360604
2025-05-16,3015,3020,2900,2935,72094,-0.02491694352159468
2025-05-19,2930,2990,2890,2900,40981,-0.011925042589437829
2025-05-20,2900,2970,2900,2970,29824,0.024137931034482696
2025-05-21,2945,2985,2940,2970,22282,0.0
2025-05-22,2965,2965,2925,2960,25320,-0.0033670033670033517
2025-05-23,2945,2975,2900,2945,42489,-0.0050675675675675436
2025-05-26,2920,2980,2910,2945,31267,0.0
2025-05-27,2960,2960,2880,2940,50467,-0.001697792869269965
2025-05-28,2920,3010,2920,2980,66140,0.013605442176870763
2025-05-29,2970,3030,2955,3025,40865,0.015100671140939603
2025-05-30,3025,3025,2975,2995,29927,-0.00991735537190086
2025-06-02,2970,2995,2955,2990,15823,-0.0016694490818029983
2025-06-04,3020,3050,2985,3020,45477,0.010033444816053505
2025-06-05,3025,3060,3015,3050,25815,0.009933774834437026
2025-06-09,3060,3085,3000,3065,42530,0.004918032786885185
2025-06-10,3070,3095,3045,3065,37051,0.0
2025-06-11,3060,3120,3040,3075,53872,0.0032626427406199365
2025-06-12,3075,3100,3010,3050,66102,-0.008130081300813052
2025-06-13,3060,3080,2960,3000,57396,-0.016393442622950838
2025-06-16,3030,3030,2960,2960,47989,-0.013333333333333308
2025-06-17,2960,3000,2925,2955,49508,-0.0016891891891891442
2025-06-18,2920,3000,2920,2975,43071,0.006768189509306355
2025-06-19,2955,3015,2955,3005,63860,0.010084033613445342
2025-06-20,3010,3035,2980,3035,39044,0.009983361064891838
2025-06-23,3020,3035,2940,3015,53074,-0.00658978583196046
2025-06-24,3030,3070,3015,3035,80537,0.0066334991708125735
2025-06-25,3045,3120,3040,3090,82340,0.01812191103789118
2025-06-26,3090,3100,3000,3040,71017,-0.016181229773462813
2025-06-27,3030,3040,2980,2980,54138,-0.019736842105263164
2025-06-30,2990,3010,2910,2950,53826,-0.010067114093959773
2025-07-01,2935,3005,2935,2990,30206,0.013559322033898313
2025-07-02,2995,3000,2940,2985,32598,-0.0016722408026755842
2025-07-03,2985,3010,2955,2995,38681,0.003350083752093891
2025-07-04,2985,3015,2945,2955,94997,-0.013355592654423987
2025-07-07,2940,2985,2930,2950,29616,-0.0016920473773265332
2025-07-08,2925,2955,2925,2940,25910,-0.003389830508474523
2025-07-09,2975,2980,2935,2965,20619,0.008503401360544283
2025-07-10,2960,2980,2950,2975,48771,0.003372681281618828
2025-07-11,2980,3000,2955,2980,67218,0.001680672268907557
2025-07-14,2985,3010,2955,3010,31240,0.010067114093959662
2025-07-15,3010,3010,2975,3000,34647,-0.0033222591362126463
2025-07-16,2985,2990,2950,2965,32441,-0.011666666666666714
2025-07-17,2965,2975,2935,2965,31404,0.0
2025-07-18,2965,2990,2955,2985,28148,0.006745362563237878
2025-07-21,2990,3150,2985,3105,353115,0.04020100502512558
2025-07-22,3105,3110,3025,3025,116796,-0.025764895330112725
2025-07-23,3025,3110,3000,3075,74244,0.016528925619834656
2025-07-24,3070,3100,3005,3025,146013,-0.016260162601625994
2025-07-25,3025,3040,2985,2990,79779,-0.011570247933884281
2025-07-28,2990,2995,2940,2945,48898,-0.015050167224080258
2025-07-29,2940,2990,2905,2925,54208,-0.006791171477079749
2025-07-30,2925,3025,2925,3020,53388,0.032478632478632585
2025-07-31,3020,3055,2985,3000,43730,-0.0066225165562914245
2025-08-01,3000,3000,2880,2915,88007,-0.02833333333333332
2025-08-04,2905,2945,2885,2920,30437,0.0017152658662091813
