Date,Open,High,Low,Close,Volume,Change
2022-01-03,2560,2800,2370,2540,9723544,0.007936507936507908
2022-01-04,2520,2590,2430,2545,4462706,0.0019685039370078705
2022-01-05,2510,2510,2355,2375,4237986,-0.06679764243614927
2022-01-06,2280,2725,2275,2515,15333987,0.05894736842105264
2022-01-07,2525,2665,2470,2580,5293992,0.025844930417495027
2022-01-10,2600,2610,2430,2455,3575325,-0.04844961240310075
2022-01-11,2450,2550,2375,2460,2578213,0.0020366598778003286
2022-01-12,2465,2510,2425,2485,1534000,0.010162601626016343
2022-01-13,2510,2645,2475,2630,7208788,0.05835010060362178
2022-01-14,2650,2680,2535,2645,4968124,0.005703422053231932
2022-01-17,2645,2680,2550,2605,2183101,-0.015122873345935761
2022-01-18,2590,2745,2500,2665,4459861,0.02303262955854124
2022-01-19,2635,2640,2485,2495,3564669,-0.06378986866791747
2022-01-20,2495,2550,2440,2530,1885373,0.014028056112224352
2022-01-21,2485,2510,2240,2285,4741354,-0.09683794466403162
2022-01-24,2240,2310,2185,2250,3225306,-0.015317286652078765
2022-01-25,2255,2285,2125,2195,2627544,-0.02444444444444449
2022-01-26,2195,2220,2130,2130,1288120,-0.029612756264236872
2022-01-27,2130,2200,2040,2075,1830460,-0.025821596244131495
2022-01-28,2125,2320,2120,2255,4428443,0.08674698795180724
2022-02-03,2335,2450,2295,2340,3075982,0.037694013303769314
2022-02-04,2315,2395,2310,2350,1285257,0.004273504273504258
2022-02-07,2335,2350,2230,2250,1518269,-0.04255319148936165
2022-02-08,2240,2260,2120,2170,1711931,-0.03555555555555556
2022-02-09,2215,2275,2205,2235,1059918,0.02995391705069128
2022-02-10,2260,2360,2200,2320,2028551,0.03803131991051445
2022-02-11,2300,2355,2200,2200,2339205,-0.051724137931034475
2022-02-14,2145,2215,2135,2155,1221402,-0.020454545454545503
2022-02-15,2155,2280,2130,2185,1529176,0.0139211136890951
2022-02-16,2255,2285,2205,2270,1279737,0.0389016018306636
2022-02-17,2240,2285,2180,2215,1426919,-0.024229074889867808
2022-02-18,2165,2305,2165,2285,1210015,0.03160270880361171
2022-02-21,2230,2260,2195,2245,1249494,-0.017505470459518557
2022-02-22,2200,2435,2195,2430,7079383,0.08240534521158138
2022-02-23,2435,2520,2380,2435,6349818,0.002057613168724215
2022-02-24,2390,2425,2290,2305,2737719,-0.05338809034907599
2022-02-25,2375,2465,2350,2460,3531959,0.06724511930585675
2022-02-28,2425,2450,2325,2390,2566079,-0.028455284552845517
2022-03-02,2370,2390,2315,2340,1584596,-0.02092050209205021
2022-03-03,2375,2420,2315,2340,2404812,0.0
2022-03-04,2310,2320,2240,2260,1895213,-0.03418803418803418
2022-03-07,2210,2235,2125,2145,1664887,-0.05088495575221241
2022-03-08,2100,2160,2030,2125,1641300,-0.009324009324009341
2022-03-10,2190,2195,2135,2170,875552,0.021176470588235352
2022-03-11,2170,2180,2105,2165,878310,-0.0023041474654378336
2022-03-14,2165,2165,2090,2120,768026,-0.020785219399538146
2022-03-15,2120,2125,2075,2120,508019,0.0
2022-03-16,2165,2185,2105,2160,629866,0.018867924528301883
2022-03-17,2210,2255,2170,2220,1083127,0.02777777777777768
2022-03-18,2225,2260,2210,2255,843448,0.015765765765765716
2022-03-21,2275,2305,2240,2255,794595,0.0
2022-03-22,2245,2300,2210,2295,657516,0.017738359201773912
2022-03-23,2300,2300,2245,2255,622662,-0.017429193899782147
2022-03-24,2245,2355,2225,2325,1331257,0.03104212860310418
2022-03-25,2355,2355,2285,2300,829333,-0.010752688172043001
2022-03-28,2300,2325,2265,2305,664794,0.0021739130434783593
2022-03-29,2300,2385,2245,2325,3255610,0.008676789587852562
2022-03-30,2390,2395,2305,2360,1993962,0.01505376344086029
2022-03-31,2350,2370,2265,2305,1293068,-0.02330508474576276
2022-04-01,2280,2280,2225,2225,1079576,-0.03470715835141003
2022-04-04,2225,2265,2180,2260,622552,0.01573033707865168
2022-04-05,2270,2270,2235,2250,374557,-0.004424778761061954
2022-04-06,2220,2260,2190,2210,513866,-0.01777777777777778
2022-04-07,2175,2235,2150,2220,623527,0.004524886877828038
2022-04-08,2235,2335,2205,2335,1206037,0.05180180180180183
2022-04-11,2300,2375,2280,2345,1041874,0.004282655246252709
2022-04-12,2330,2440,2290,2420,2579561,0.031982942430703654
2022-04-13,2425,2520,2365,2510,3312966,0.037190082644628086
2022-04-14,2520,2660,2495,2620,4747365,0.043824701195219085
2022-04-15,2585,2800,2585,2790,5983447,0.06488549618320616
2022-04-18,2750,2760,2525,2600,5135425,-0.06810035842293904
2022-04-19,2585,2675,2540,2590,2370609,-0.0038461538461538325
2022-04-20,2625,2630,2545,2600,1659866,0.0038610038610038533
2022-04-21,2570,2645,2565,2640,942484,0.01538461538461533
2022-04-22,2600,2680,2590,2655,877911,0.005681818181818121
2022-04-25,2580,2600,2475,2475,1425674,-0.06779661016949157
2022-04-26,2510,2580,2485,2540,731432,0.02626262626262621
2022-04-27,2460,2555,2380,2550,1361461,0.003937007874015741
2022-04-28,2570,2580,2470,2540,846144,-0.0039215686274509665
2022-04-29,2565,2585,2525,2565,711417,0.009842519685039353
2022-05-02,2510,2610,2480,2610,837718,0.01754385964912286
2022-05-03,2615,2640,2575,2590,1115694,-0.007662835249042099
2022-05-04,2625,2625,2550,2570,857467,-0.007722007722007707
2022-05-06,2530,2565,2490,2555,539805,-0.005836575875486361
2022-05-09,2505,2525,2390,2405,1163987,-0.05870841487279843
2022-05-10,2370,2415,2290,2395,803371,-0.004158004158004158
2022-05-11,2400,2415,2340,2385,625839,-0.0041753653444676075
2022-05-12,2335,2360,2270,2275,751348,-0.04612159329140464
2022-05-13,2320,2400,2300,2375,609368,0.04395604395604402
2022-05-16,2415,2435,2370,2380,665767,0.002105263157894832
2022-05-17,2285,2295,2125,2245,5322224,-0.05672268907563027
2022-05-18,2285,2300,2195,2235,2791453,-0.0044543429844098315
2022-05-19,2155,2315,2140,2275,1905471,0.017897091722595126
2022-05-20,2285,2310,2245,2250,887536,-0.01098901098901095
2022-05-23,2250,2275,2215,2250,634032,0.0
2022-05-24,2260,2400,2190,2275,6641571,0.011111111111111072
2022-05-25,2290,2330,2210,2225,1598401,-0.02197802197802201
2022-05-26,2220,2260,2145,2170,1100346,-0.024719101123595544
2022-05-27,2200,2230,2125,2140,1228765,-0.01382488479262678
2022-05-30,2165,2170,2120,2130,683631,-0.004672897196261627
2022-05-31,2150,2230,2135,2170,1819814,0.018779342723004744
2022-06-02,2165,2190,2150,2170,378415,0.0
2022-06-03,2175,2195,2160,2185,615703,0.00691244239631339
2022-06-07,2185,2200,2075,2105,647065,-0.03661327231121281
2022-06-08,2125,2145,2090,2105,494811,0.0
2022-06-09,2100,2100,2010,2040,594952,-0.030878859857482177
2022-06-10,2020,2055,1985,2000,616759,-0.019607843137254943
2022-06-13,1920,1970,1860,1895,1683221,-0.05249999999999999
2022-06-14,1810,1880,1805,1860,913903,-0.01846965699208447
2022-06-15,1850,1885,1765,1880,1113996,0.010752688172043001
2022-06-16,1905,1925,1795,1795,917117,-0.04521276595744683
2022-06-17,1725,1770,1695,1750,869682,-0.02506963788300831
2022-06-20,1750,1750,1580,1645,2077870,-0.06000000000000005
2022-06-21,1625,1700,1625,1700,980850,0.033434650455927084
2022-06-22,1715,1720,1540,1540,1603643,-0.09411764705882353
2022-06-23,1520,1600,1470,1490,1366165,-0.03246753246753242
2022-06-24,1490,1570,1490,1560,638133,0.046979865771812124
2022-06-27,1590,1645,1555,1635,945147,0.04807692307692313
2022-06-28,1630,1655,1600,1640,398092,0.003058103975535076
2022-06-29,1595,1680,1590,1660,559312,0.012195121951219523
2022-06-30,1660,1660,1565,1575,683869,-0.051204819277108404
2022-07-01,1575,1605,1525,1565,473070,-0.006349206349206327
2022-07-04,1565,1610,1500,1545,783549,-0.012779552715655007
2022-07-05,1545,1590,1530,1580,374758,0.02265372168284796
2022-07-06,1575,1590,1530,1565,277769,-0.009493670886076
2022-07-07,1585,1810,1565,1655,3675555,0.057507987220447365
2022-07-08,1675,1675,1625,1635,858792,-0.012084592145015116
2022-07-11,1635,1635,1585,1595,518390,-0.024464831804281384
2022-07-12,1575,1580,1510,1550,509354,-0.028213166144200663
2022-07-13,1540,1545,1495,1530,423085,-0.012903225806451646
2022-07-14,1525,1555,1505,1540,215160,0.006535947712418277
2022-07-15,1540,1665,1540,1625,2280131,0.05519480519480524
2022-07-18,1640,1660,1620,1650,943978,0.01538461538461533
2022-07-19,1630,1630,1590,1625,572363,-0.015151515151515138
2022-07-20,1660,1690,1630,1650,761766,0.01538461538461533
2022-07-21,1675,1760,1650,1750,2532294,0.06060606060606055
2022-07-22,1865,1925,1750,1765,6151337,0.008571428571428674
2022-07-25,1740,1800,1720,1770,1138871,0.0028328611898016387
2022-07-26,1795,1795,1750,1775,625545,0.0028248587570620654
2022-07-27,1780,1780,1735,1770,522345,-0.0028169014084507005
2022-07-28,1810,1810,1755,1775,655585,0.0028248587570620654
2022-07-29,1775,1795,1755,1780,534940,0.0028169014084507005
2022-08-01,1775,1785,1750,1780,333128,0.0
2022-08-02,1795,1795,1720,1760,678452,-0.011235955056179803
2022-08-03,1730,1765,1730,1760,425504,0.0
2022-08-04,1770,1775,1750,1760,349095,0.0
2022-08-05,1745,1760,1735,1745,358106,-0.008522727272727293
2022-08-08,1765,1775,1740,1775,590356,0.017191977077363862
2022-08-09,1780,1780,1730,1750,597315,-0.014084507042253502
2022-08-10,1730,1735,1680,1695,746008,-0.03142857142857147
2022-08-11,1715,1715,1690,1695,622419,0.0
2022-08-12,1695,1740,1690,1720,432130,0.014749262536873253
2022-08-16,1735,1880,1720,1830,4344425,0.06395348837209291
2022-08-17,1860,1860,1780,1815,1352974,-0.008196721311475419
2022-08-18,1790,1800,1730,1770,955190,-0.024793388429752095
2022-08-19,1770,1770,1725,1745,523506,-0.01412429378531077
2022-08-22,1710,1710,1670,1680,406584,-0.03724928366762181
2022-08-23,1620,1665,1610,1610,606430,-0.04166666666666663
2022-08-24,1600,1635,1570,1610,535458,0.0
2022-08-25,1610,1660,1550,1660,676390,0.03105590062111796
2022-08-26,1670,1685,1635,1665,421038,0.003012048192771122
2022-08-29,1590,1610,1560,1605,796638,-0.036036036036036
2022-08-30,1605,1625,1555,1605,325562,0.0
2022-08-31,1575,1640,1570,1630,461028,0.015576323987538832
2022-09-01,1615,1625,1580,1580,313427,-0.030674846625766916
2022-09-02,1580,1600,1545,1580,372677,0.0
2022-09-05,1560,1590,1555,1580,309371,0.0
2022-09-06,1570,1610,1570,1605,228442,0.015822784810126667
2022-09-07,1600,1600,1515,1555,430559,-0.031152647975077885
2022-09-08,1565,1575,1525,1550,326312,-0.003215434083601254
2022-09-13,1560,1615,1560,1610,462842,0.03870967741935494
2022-09-14,1540,1600,1535,1600,274602,-0.006211180124223614
2022-09-15,1600,1600,1545,1575,281736,-0.015625
2022-09-16,1555,1560,1525,1550,295125,-0.015873015873015928
2022-09-19,1550,1550,1485,1515,433698,-0.022580645161290325
2022-09-20,1520,1535,1500,1520,190273,0.0033003300330032292
2022-09-21,1510,1510,1475,1495,172457,-0.016447368421052655
2022-09-22,1485,1485,1410,1430,522297,-0.04347826086956519
2022-09-23,1430,1445,1365,1385,573073,-0.03146853146853146
2022-09-26,1340,1360,1270,1280,1097555,-0.07581227436823101
2022-09-27,1275,1305,1245,1280,559947,0.0
2022-09-28,1280,1305,1180,1205,674982,-0.05859375
2022-09-29,1215,1260,1185,1185,538969,-0.016597510373444035
2022-09-30,1180,1220,1140,1200,589271,0.012658227848101333
2022-10-04,1245,1275,1225,1275,467964,0.0625
2022-10-05,1310,1335,1250,1280,421624,0.0039215686274509665
2022-10-06,1280,1325,1275,1325,466340,0.03515625
2022-10-07,1305,1325,1285,1320,407512,-0.0037735849056603765
2022-10-11,1265,1275,1175,1210,1564455,-0.08333333333333337
2022-10-12,1205,1230,1150,1200,560512,-0.008264462809917328
2022-10-13,1215,1215,1115,1115,592703,-0.0708333333333333
2022-10-14,1155,1185,1135,1180,410178,0.058295964125560484
2022-10-17,1135,1195,1135,1195,324861,0.012711864406779627
2022-10-18,1220,1225,1180,1215,414006,0.01673640167364021
2022-10-19,1215,1225,1175,1195,327401,-0.016460905349794275
2022-10-20,1180,1200,1145,1170,675083,-0.02092050209205021
2022-10-21,1155,1165,1130,1150,339801,-0.017094017094017144
2022-10-24,1180,1205,1170,1175,305542,0.021739130434782705
2022-10-25,1195,1245,1175,1230,671222,0.04680851063829783
2022-10-26,1235,1240,1210,1225,357323,-0.004065040650406471
2022-10-27,1230,1275,1210,1250,398185,0.020408163265306145
2022-10-28,1235,1235,1175,1180,541900,-0.05600000000000005
2022-10-31,1200,1220,1185,1215,438473,0.029661016949152463
2022-11-01,1220,1230,1200,1230,238217,0.012345679012345734
2022-11-02,1230,1230,1190,1200,322010,-0.024390243902439046
2022-11-03,1180,1200,1170,1195,280818,-0.004166666666666652
2022-11-04,1185,1210,1170,1195,331588,0.0
2022-11-07,1195,1240,1190,1240,316747,0.03765690376569042
2022-11-08,1250,1270,1230,1260,524520,0.016129032258064502
2022-11-09,1260,1270,1240,1250,319781,-0.007936507936507908
2022-11-10,1235,1255,1225,1250,216805,0.0
2022-11-11,1290,1305,1270,1280,422452,0.02400000000000002
2022-11-14,1280,1295,1265,1280,351580,0.0
2022-11-15,1270,1340,1270,1335,741328,0.04296875
2022-11-16,1330,1345,1295,1330,884952,-0.0037453183520599342
2022-11-17,1355,1365,1275,1310,1004981,-0.015037593984962405
2022-11-18,1305,1315,1280,1310,277467,0.0
2022-11-21,1305,1305,1230,1250,566445,-0.04580152671755722
2022-11-22,1250,1255,1215,1240,192484,-0.008000000000000007
2022-11-23,1245,1260,1235,1255,267555,0.012096774193548487
2022-11-24,1270,1330,1260,1330,1574675,0.05976095617529875
2022-11-25,1340,1340,1305,1325,429386,-0.003759398496240629
2022-11-28,1330,1330,1255,1275,548982,-0.037735849056603765
2022-11-29,1275,1285,1245,1280,207256,0.0039215686274509665
2022-11-30,1275,1285,1255,1285,178463,0.00390625
2022-12-01,1325,1325,1290,1300,389808,0.011673151750972721
2022-12-02,1295,1305,1275,1295,203775,-0.0038461538461538325
2022-12-05,1295,1420,1280,1315,2786791,0.015444015444015413
2022-12-06,1305,1305,1245,1270,782784,-0.034220532319391594
2022-12-07,1245,1270,1240,1250,361002,-0.015748031496062964
2022-12-08,1245,1255,1215,1230,351354,-0.016000000000000014
2022-12-09,1230,1245,1215,1240,295695,0.008130081300812941
2022-12-12,1225,1235,1200,1210,338544,-0.024193548387096753
2022-12-13,1225,1225,1190,1215,274132,0.004132231404958775
2022-12-14,1215,1270,1215,1245,545583,0.024691358024691468
2022-12-15,1255,1255,1225,1240,197746,-0.004016064257028162
2022-12-16,1210,1220,1200,1215,320206,-0.020161290322580627
2022-12-19,1205,1210,1185,1200,227959,-0.012345679012345734
2022-12-20,1180,1195,1150,1185,370604,-0.012499999999999956
2022-12-21,1175,1185,1155,1180,123548,-0.00421940928270037
2022-12-22,1180,1195,1170,1180,219282,0.0
2022-12-23,1145,1160,1120,1120,484648,-0.05084745762711862
2022-12-26,1120,1130,1090,1100,300548,-0.017857142857142905
2022-12-27,1100,1115,1070,1100,359120,0.0
2022-12-28,1100,1100,1060,1085,231831,-0.013636363636363669
2022-12-29,1065,1080,1010,1030,767502,-0.05069124423963134
2023-01-02,1030,1045,999,999,467578,-0.030097087378640808
2023-01-03,999,1025,977,1025,359647,0.026026026026026106
2023-01-04,1025,1110,1015,1085,985808,0.05853658536585371
2023-01-05,1085,1090,1065,1085,177007,0.0
2023-01-06,1080,1105,1060,1095,247502,0.009216589861751112
2023-01-09,1100,1130,1095,1125,305347,0.027397260273972712
2023-01-10,1130,1135,1115,1125,257479,0.0
2023-01-11,1120,1145,1115,1145,350568,0.01777777777777767
2023-01-12,1150,1160,1125,1145,266832,0.0
2023-01-13,1150,1185,1145,1165,543769,0.017467248908296984
2023-01-16,1165,1170,1140,1160,237018,-0.0042918454935622075
2023-01-17,1165,1165,1140,1160,205893,0.0
2023-01-18,1160,1170,1130,1170,197049,0.008620689655172376
2023-01-19,1160,1175,1150,1170,160231,0.0
2023-01-20,1165,1170,1140,1165,448145,-0.004273504273504258
2023-01-25,1178,1198,1175,1194,427683,0.02489270386266096
2023-01-26,1200,1200,1175,1195,380965,0.0008375209380233617
2023-01-27,1196,1210,1192,1203,281933,0.006694560669456173
2023-01-30,1204,1210,1184,1199,199653,-0.0033250207813798616
2023-01-31,1199,1205,1183,1199,334774,0.0
2023-02-01,1199,1270,1198,1226,956386,0.02251876563803168
2023-02-02,1235,1310,1235,1270,2492432,0.03588907014681886
2023-02-03,1276,1279,1251,1251,542592,-0.014960629921259794
2023-02-06,1246,1285,1218,1268,841744,0.01358912869704243
2023-02-07,1253,1287,1253,1284,568908,0.012618296529968376
2023-02-08,1299,1299,1278,1291,408011,0.005451713395638658
2023-02-09,1289,1294,1276,1291,273263,0.0
2023-02-10,1280,1287,1259,1260,365686,-0.024012393493415995
2023-02-13,1253,1267,1234,1267,217587,0.005555555555555536
2023-02-14,1263,1417,1263,1365,11233996,0.07734806629834257
2023-02-15,1363,1499,1352,1414,11286404,0.03589743589743599
2023-02-16,1424,1443,1386,1422,1982157,0.005657708628005631
2023-02-17,1415,1420,1328,1332,1880478,-0.06329113924050633
2023-02-20,1340,1382,1332,1377,947254,0.03378378378378377
2023-02-21,1387,1387,1336,1348,775441,-0.021060275962236696
2023-02-22,1319,1325,1293,1299,722106,-0.03635014836795247
2023-02-23,1306,1327,1270,1315,643397,0.012317167051578037
2023-02-24,1329,1333,1279,1279,595948,-0.027376425855513253
2023-02-27,1269,1269,1234,1253,417829,-0.020328381548084473
2023-02-28,1260,1307,1260,1304,422887,0.04070231444533112
2023-03-02,1320,1325,1270,1290,551324,-0.010736196319018454
2023-03-03,1292,1292,1268,1280,306376,-0.007751937984496138
2023-03-06,1280,1305,1260,1305,615332,0.01953125
2023-03-07,1306,1311,1277,1289,432451,-0.01226053639846747
2023-03-08,1275,1275,1248,1274,564599,-0.011636927851047307
2023-03-09,1275,1293,1264,1279,244013,0.00392464678178972
2023-03-10,1270,1270,1219,1232,535688,-0.036747458952306467
2023-03-13,1217,1223,1182,1214,365357,-0.01461038961038963
2023-03-14,1205,1205,1150,1153,472809,-0.050247116968698546
2023-03-15,1161,1229,1161,1213,367120,0.05203816131830008
2023-03-16,1204,1394,1180,1280,8729847,0.05523495465787298
2023-03-17,1306,1349,1300,1339,2839385,0.046093750000000044
2023-03-20,1348,1393,1304,1365,2111912,0.01941747572815533
2023-03-21,1376,1377,1315,1336,1028445,-0.02124542124542128
2023-03-22,1324,1355,1303,1345,919631,0.006736526946107713
2023-03-23,1325,1350,1308,1333,638772,-0.00892193308550182
2023-03-24,1353,1488,1335,1450,10158308,0.08777194298574642
2023-03-27,1489,1498,1445,1471,3506906,0.014482758620689706
2023-03-28,1453,1490,1441,1472,2078796,0.0006798096532971698
2023-03-29,1577,1599,1461,1498,6818258,0.017663043478260976
2023-03-30,1534,1639,1501,1520,9986076,0.014686248331108098
2023-03-31,1544,1550,1450,1481,2587670,-0.025657894736842102
2023-04-03,1496,1507,1435,1490,1509705,0.006076975016880537
2023-04-04,1487,1490,1435,1454,1295212,-0.024161073825503365
2023-04-05,1430,1457,1424,1457,935150,0.0020632737276478075
2023-04-06,1448,1448,1391,1392,871250,-0.04461221688400818
2023-04-07,1406,1511,1404,1510,3000118,0.08477011494252884
2023-04-10,1490,1499,1445,1466,1531485,-0.029139072847682135
2023-04-11,1475,1537,1460,1483,1741178,0.011596180081855367
2023-04-12,1489,1489,1450,1484,939653,0.0006743088334457692
2023-04-13,1460,1529,1445,1506,1810978,0.014824797843665749
2023-04-14,1507,1514,1480,1487,792394,-0.012616201859229736
2023-04-17,1493,1494,1450,1471,626239,-0.01075991930060527
2023-04-18,1471,1471,1422,1435,739658,-0.024473147518694782
2023-04-19,1424,1455,1423,1437,627057,0.0013937282229965486
2023-04-20,1437,1438,1374,1380,821902,-0.039665970772442605
2023-04-21,1369,1399,1354,1383,609087,0.0021739130434783593
2023-04-24,1393,1393,1311,1311,712497,-0.05206073752711493
2023-04-25,1312,1327,1266,1290,696352,-0.016018306636155555
2023-04-26,1272,1319,1261,1291,474868,0.0007751937984497026
2023-04-27,1279,1289,1245,1283,345055,-0.006196746707978318
2023-04-28,1290,1297,1265,1265,325100,-0.014029618082618822
2023-05-02,1268,1300,1268,1287,289582,0.017391304347825987
2023-05-03,1286,1308,1272,1300,341564,0.010101010101010166
2023-05-04,1290,1293,1267,1267,382524,-0.02538461538461534
2023-05-08,1295,1308,1275,1294,394263,0.02131018153117603
2023-05-09,1295,1295,1260,1272,374366,-0.01700154559505407
2023-05-10,1271,1275,1258,1268,202565,-0.0031446540880503138
2023-05-11,1270,1282,1254,1264,323127,-0.003154574132492094
2023-05-12,1260,1260,1227,1235,390738,-0.022943037974683556
2023-05-15,1233,1233,1197,1228,375214,-0.005668016194331993
2023-05-16,1237,1239,1200,1202,316333,-0.021172638436482094
2023-05-17,1202,1237,1195,1232,305668,0.024958402662229595
2023-05-18,1252,1287,1241,1284,613709,0.04220779220779214
2023-05-19,1297,1397,1295,1366,2677580,0.06386292834890961
2023-05-22,1370,1381,1347,1367,875785,0.0007320644216690653
2023-05-23,1357,1376,1355,1365,459605,-0.001463057790782707
2023-05-24,1402,1499,1381,1419,8206406,0.03956043956043964
2023-05-25,1450,1460,1386,1409,1242790,-0.007047216349541974
2023-05-26,1420,1448,1409,1416,1814035,0.004968062455642297
2023-05-30,1470,1513,1440,1440,5517694,0.016949152542372836
2023-05-31,1453,1872,1423,1835,104533147,0.2743055555555556
2023-06-01,1790,1790,1685,1705,22944056,-0.07084468664850141
2023-06-02,1727,1736,1645,1646,10525515,-0.034604105571847454
2023-06-05,1648,1670,1626,1649,6063389,0.0018226002430132837
2023-06-07,1716,1749,1645,1645,18846991,-0.0024257125530624535
2023-06-08,1627,1694,1588,1683,5537599,0.02310030395136775
2023-06-09,1670,1760,1667,1726,13389198,0.025549613784907832
2023-06-12,1709,1710,1656,1689,3182563,-0.021436848203939762
2023-06-13,1769,1827,1680,1680,21311040,-0.005328596802841923
2023-06-14,1714,1770,1650,1683,10465262,0.0017857142857142794
2023-06-15,1700,1741,1684,1734,6209261,0.030303030303030276
2023-06-16,1720,1720,1694,1703,2552442,-0.017877739331026543
2023-06-19,1715,1742,1703,1726,3211786,0.013505578391074469
2023-06-20,1728,1731,1689,1727,1787558,0.0005793742757822518
2023-06-21,1718,1739,1680,1681,2174956,-0.02663578459756799
2023-06-22,1655,1702,1647,1660,1403664,-0.012492563950029734
2023-06-23,1670,1742,1663,1669,4555137,0.005421686746987842
2023-06-26,1686,1687,1590,1680,1685576,0.006590772917914878
2023-06-27,1686,1688,1623,1650,1666460,-0.017857142857142905
2023-06-28,1677,1688,1600,1606,1700795,-0.026666666666666616
2023-06-29,1606,1638,1597,1604,1268034,-0.001245330012453305
2023-06-30,1590,1604,1535,1591,1628718,-0.008104738154613433
2023-07-03,1605,1662,1594,1660,1947457,0.043368950345694435
2023-07-04,1690,1768,1647,1720,7514435,0.03614457831325302
2023-07-05,1718,1747,1681,1694,2874525,-0.015116279069767424
2023-07-06,1681,1681,1545,1551,2885066,-0.08441558441558439
2023-07-07,1549,1559,1506,1512,1208634,-0.025145067698259194
2023-07-10,1501,1520,1480,1493,840163,-0.012566137566137559
2023-07-11,1507,1538,1507,1536,905740,0.028801071667782896
2023-07-12,1535,1564,1525,1545,666815,0.005859375
2023-07-13,1580,1650,1565,1606,2160869,0.03948220064724928
2023-07-14,1630,1739,1611,1668,8919414,0.038605230386052236
2023-07-17,1662,1685,1607,1673,1551276,0.002997601918465209
2023-07-18,1693,1695,1617,1630,1312839,-0.02570233114166165
2023-07-19,1667,1700,1585,1600,1652345,-0.018404907975460127
2023-07-20,1599,1609,1568,1592,846294,-0.0050000000000000044
2023-07-21,1567,1576,1515,1534,911748,-0.03643216080402012
2023-07-24,1525,1526,1388,1467,1738189,-0.043676662320730086
2023-07-25,1440,1477,1404,1415,1288958,-0.035446489434219464
2023-07-26,1400,1420,1310,1322,2134228,-0.0657243816254417
2023-07-27,1312,1435,1312,1429,1290723,0.08093797276853243
2023-07-28,1412,1455,1412,1455,698949,0.018194541637508665
2023-07-31,1468,1469,1417,1421,803724,-0.023367697594501746
2023-08-01,1430,1443,1360,1413,1555641,-0.005629838142153454
2023-08-02,1419,1433,1357,1366,1082342,-0.03326256192498234
2023-08-03,1355,1360,1328,1347,839045,-0.013909224011713017
2023-08-04,1341,1363,1322,1336,661542,-0.008166295471418006
2023-08-07,1328,1347,1308,1330,550534,-0.004491017964071808
2023-08-08,1330,1356,1283,1285,922642,-0.03383458646616544
2023-08-09,1260,1327,1260,1327,721964,0.03268482490272384
2023-08-10,1316,1325,1283,1292,544418,-0.026375282592313476
2023-08-11,1292,1328,1290,1306,393448,0.010835913312693402
2023-08-14,1306,1314,1275,1275,475476,-0.023736600306278666
2023-08-16,1271,1273,1225,1225,599420,-0.039215686274509776
2023-08-17,1220,1269,1199,1265,628905,0.03265306122448974
2023-08-18,1235,1279,1220,1264,441099,-0.0007905138339920903
2023-08-21,1255,1282,1255,1262,486358,-0.0015822784810126667
2023-08-22,1274,1305,1230,1231,684041,-0.02456418383518222
2023-08-23,1227,1280,1222,1244,601591,0.010560519902518273
2023-08-24,1285,1349,1271,1286,960094,0.0337620578778135
2023-08-25,1273,1278,1238,1242,583716,-0.034214618973561484
2023-08-28,1255,1262,1238,1260,287631,0.01449275362318847
2023-08-29,1260,1298,1260,1287,539822,0.021428571428571352
2023-08-30,1302,1335,1301,1317,662629,0.02331002331002341
2023-08-31,1330,1330,1280,1290,399427,-0.02050113895216399
2023-09-01,1280,1359,1280,1355,1560109,0.050387596899224896
2023-09-04,1367,1371,1321,1340,822413,-0.011070110701106972
2023-09-05,1352,1360,1320,1330,585152,-0.007462686567164201
2023-09-06,1346,1355,1300,1309,669317,-0.015789473684210575
2023-09-07,1303,1314,1270,1300,760930,-0.006875477463712754
2023-09-08,1290,1300,1240,1250,1126870,-0.038461538461538436
2023-09-11,1241,1250,1220,1231,595326,-0.015199999999999991
2023-09-12,1231,1268,1231,1236,531005,0.004061738424045558
2023-09-13,1236,1283,1222,1245,911423,0.00728155339805836
2023-09-14,1250,1295,1236,1295,692766,0.04016064257028118
2023-09-15,1282,1320,1282,1300,515772,0.0038610038610038533
2023-09-18,1280,1280,1250,1250,580253,-0.038461538461538436
2023-09-19,1246,1263,1227,1228,468923,-0.01759999999999995
2023-09-20,1217,1241,1213,1215,409885,-0.010586319218241047
2023-09-21,1218,1219,1171,1171,774938,-0.036213991769547316
2023-09-22,1156,1172,1154,1156,580411,-0.012809564474807855
2023-09-25,1152,1160,1133,1145,350082,-0.009515570934256035
2023-09-26,1141,1151,1110,1110,618286,-0.03056768558951961
2023-09-27,1100,1156,1095,1156,440089,0.04144144144144146
2023-10-04,1140,1150,1106,1107,487066,-0.042387543252595195
2023-10-05,1111,1125,1078,1078,412815,-0.02619692863595302
2023-10-06,1071,1120,1071,1104,208159,0.024118738404452778
2023-10-10,1104,1141,1090,1097,348351,-0.0063405797101449
2023-10-11,1130,1151,1123,1134,498566,0.03372835004557895
2023-10-12,1134,1173,1132,1164,345471,0.02645502645502651
2023-10-13,1151,1160,1138,1146,249443,-0.015463917525773141
2023-10-16,1136,1139,1092,1100,351394,-0.04013961605584637
2023-10-17,1116,1142,1110,1137,251887,0.033636363636363686
2023-10-18,1142,1256,1127,1160,3576020,0.020228671943711474
2023-10-19,1120,1126,1092,1097,753619,-0.05431034482758623
2023-10-20,1077,1090,1040,1052,655219,-0.04102096627164997
2023-10-23,1035,1062,1032,1032,223231,-0.019011406844106515
2023-10-24,1037,1069,1013,1068,343822,0.03488372093023262
2023-10-25,1075,1094,1060,1070,222265,0.001872659176029856
2023-10-26,1035,1038,1000,1004,611441,-0.06168224299065417
2023-10-27,1008,1023,995,1006,349522,0.0019920318725099584
2023-10-30,1004,1019,998,1008,216462,0.001988071570576455
2023-10-31,1017,1030,990,1000,621203,-0.007936507936507908
2023-11-01,1002,1029,1002,1024,263580,0.02400000000000002
2023-11-02,1050,1094,1040,1085,489344,0.0595703125
2023-11-03,1097,1108,1080,1102,274575,0.015668202764977046
2023-11-06,1123,1134,1094,1127,361273,0.02268602540834852
2023-11-07,1123,1138,1104,1125,306890,-0.0017746228926353025
2023-11-08,1133,1143,1112,1117,234132,-0.007111111111111068
2023-11-09,1117,1124,1103,1103,195815,-0.0125335720680394
2023-11-10,1100,1104,1072,1093,154857,-0.00906618313689933
2023-11-13,1109,1113,1063,1063,232936,-0.027447392497712664
2023-11-14,1080,1110,1070,1097,190922,0.0319849482596426
2023-11-15,1115,1152,1112,1150,511600,0.048313582497721
2023-11-16,1150,1177,1136,1176,360416,0.022608695652173827
2023-11-17,1175,1175,1140,1141,291573,-0.029761904761904767
2023-11-20,1141,1168,1140,1160,241990,0.016652059596844904
2023-11-21,1161,1176,1157,1166,249934,0.005172413793103514
2023-11-22,1156,1164,1143,1153,118143,-0.011149228130360234
2023-11-23,1175,1175,1137,1139,207822,-0.012142237640936693
2023-11-24,1144,1145,1129,1137,286399,-0.0017559262510974394
2023-11-27,1137,1176,1130,1169,498663,0.028144239226033374
2023-11-28,1171,1184,1148,1166,247637,-0.0025662959794696683
2023-11-29,1166,1179,1153,1166,221997,0.0
2023-11-30,1156,1175,1156,1163,202607,-0.002572898799313883
2023-12-01,1156,1167,1156,1157,180930,-0.005159071367153878
2023-12-04,1156,1171,1139,1147,241319,-0.008643042350907515
2023-12-05,1146,1146,1106,1106,413148,-0.03574542284219706
2023-12-06,1107,1122,1091,1121,154431,0.013562386980108476
2023-12-07,1121,1125,1102,1110,91166,-0.009812667261373753
2023-12-08,1122,1125,1112,1124,158166,0.012612612612612706
2023-12-11,1125,1165,1125,1154,346352,0.026690391459074814
2023-12-12,1154,1267,1154,1214,4434712,0.051993067590987874
2023-12-13,1211,1250,1200,1227,1049269,0.010708401976935678
2023-12-14,1256,1257,1210,1218,709251,-0.007334963325183352
2023-12-15,1232,1238,1205,1209,328004,-0.007389162561576401
2023-12-18,1220,1240,1220,1222,436598,0.010752688172043001
2023-12-19,1235,1330,1226,1240,4074258,0.014729950900163713
2023-12-20,1247,1275,1246,1258,709728,0.014516129032257963
2023-12-21,1258,1258,1222,1240,393363,-0.014308426073131986
2023-12-22,1250,1282,1245,1250,795157,0.008064516129032251
2023-12-26,1255,1268,1222,1222,363665,-0.022399999999999975
2023-12-27,1226,1245,1220,1235,318045,0.010638297872340496
2023-12-28,1242,1242,1220,1236,288899,0.0008097165991902688
2024-01-02,1242,1310,1193,1280,1218204,0.03559870550161803
2024-01-03,1273,1300,1250,1285,532529,0.00390625
2024-01-04,1281,1307,1251,1271,571002,-0.010894941634241206
2024-01-05,1273,1276,1251,1257,334495,-0.011014948859165985
2024-01-08,1261,1263,1245,1258,231062,0.0007955449482894839
2024-01-09,1274,1307,1265,1283,810007,0.019872813990461147
2024-01-10,1285,1288,1247,1248,480496,-0.02727981293842552
2024-01-11,1253,1259,1237,1250,353089,0.0016025641025640969
2024-01-12,1252,1256,1219,1220,374194,-0.02400000000000002
2024-01-15,1220,1224,1205,1213,348486,-0.0057377049180328266
2024-01-16,1203,1226,1191,1191,309631,-0.018136850783182168
2024-01-17,1195,1210,1149,1150,456645,-0.034424853064651595
2024-01-18,1149,1173,1144,1170,170307,0.017391304347825987
2024-01-19,1191,1435,1191,1375,44033952,0.17521367521367526
2024-01-22,1364,1495,1350,1414,21453429,0.02836363636363637
2024-01-23,1431,1486,1389,1415,7022775,0.0007072135785006761
2024-01-24,1412,1426,1361,1394,1872547,-0.014840989399293236
2024-01-25,1390,1410,1350,1356,2033923,-0.027259684361549463
2024-01-26,1338,1371,1316,1356,1301657,0.0
2024-01-29,1358,1448,1306,1366,6567386,0.007374631268436627
2024-01-30,1372,1378,1311,1321,1277274,-0.032942898975109824
2024-01-31,1320,1350,1250,1254,1120255,-0.05071915215745648
2024-02-01,1232,1260,1217,1241,1020453,-0.010366826156299802
2024-02-02,1297,1297,1247,1279,540663,0.030620467365028103
2024-02-05,1288,1288,1239,1240,630787,-0.030492572322126654
2024-02-06,1237,1272,1220,1256,575338,0.012903225806451646
2024-02-07,1260,1267,1233,1241,394052,-0.011942675159235638
2024-02-08,1255,1287,1242,1274,790741,0.02659145850120881
2024-02-13,1287,1317,1277,1300,843414,0.020408163265306145
2024-02-14,1292,1317,1260,1317,530395,0.013076923076922986
2024-02-15,1339,1340,1300,1307,614712,-0.00759301442672744
2024-02-16,1301,1315,1282,1289,503135,-0.01377199693955622
2024-02-19,1283,1303,1275,1290,645837,0.0007757951900697613
2024-02-20,1371,1560,1346,1500,46622809,0.16279069767441867
2024-02-21,1480,1908,1432,1799,99088575,0.19933333333333336
2024-02-22,1860,2245,1807,2035,129478111,0.13118399110617007
2024-02-23,2125,2200,1960,1961,27044321,-0.036363636363636376
2024-02-26,1838,1948,1820,1838,12682817,-0.06272310045894947
2024-02-27,1790,1800,1670,1706,10074481,-0.07181719260065289
2024-02-28,1700,1776,1644,1760,16781546,0.03165298944900341
2024-02-29,1704,1771,1676,1677,6863699,-0.04715909090909087
2024-03-04,1700,1925,1699,1878,27140634,0.11985688729874777
2024-03-05,1855,1941,1828,1900,12890177,0.011714589989350266
2024-03-06,1863,2040,1830,1931,15088180,0.016315789473684283
2024-03-07,1971,1975,1821,1848,5179879,-0.042982910409114394
2024-03-08,1897,2020,1879,1936,13463741,0.04761904761904767
2024-03-11,1877,1891,1793,1794,4077701,-0.07334710743801653
2024-03-12,1796,2165,1768,2095,40011128,0.16778149386845032
2024-03-13,2240,2335,1887,1896,38613504,-0.09498806682577565
2024-03-14,1847,1890,1806,1810,5785618,-0.04535864978902948
2024-03-15,1777,1887,1750,1875,5772518,0.035911602209944826
2024-03-18,1908,2135,1905,2020,25706221,0.07733333333333325
2024-03-19,1998,1999,1902,1919,5216770,-0.050000000000000044
2024-03-20,1950,2150,1889,2070,44387082,0.07868681605002603
2024-03-21,2070,2115,2000,2010,7361856,-0.02898550724637683
2024-03-22,2045,2050,1952,1955,5418099,-0.027363184079602032
2024-03-25,1960,1960,1895,1895,4094703,-0.03069053708439895
2024-03-26,1890,1932,1811,1825,4425615,-0.03693931398416883
2024-03-27,1826,1839,1739,1812,3686815,-0.007123287671232825
2024-03-28,1804,1895,1770,1871,4390882,0.032560706401766115
2024-03-29,1868,1890,1805,1820,2046003,-0.027258150721539254
2024-04-01,1831,2060,1831,1985,23287636,0.09065934065934056
2024-04-02,1965,1997,1907,1920,5596428,-0.032745591939546626
2024-04-03,1900,1910,1822,1827,2737420,-0.04843750000000002
2024-04-04,1846,2035,1845,1999,12965629,0.09414340448823211
2024-04-05,1937,1964,1880,1923,3060407,-0.038019009504752344
2024-04-08,1910,1924,1826,1837,2418274,-0.04472178887155487
2024-04-09,1814,1855,1782,1782,2005637,-0.029940119760479056
2024-04-11,1752,1807,1719,1782,1525271,0.0
2024-04-12,1830,1843,1765,1768,1403046,-0.007856341189674487
2024-04-15,1734,1780,1670,1764,1770685,-0.002262443438914019
2024-04-16,1850,1852,1718,1718,2525500,-0.02607709750566889
2024-04-17,1750,1758,1700,1702,1634508,-0.0093131548311991
2024-04-18,1685,1846,1685,1819,3344377,0.06874265569917748
2024-04-19,1800,1801,1684,1699,2615945,-0.06597031335898851
2024-04-22,1695,1703,1620,1626,1761908,-0.042966450853443194
2024-04-23,1635,1680,1560,1563,1791957,-0.03874538745387457
2024-04-24,1588,1641,1588,1625,1507457,0.03966730646193217
2024-04-25,1580,1924,1577,1793,43401403,0.10338461538461541
2024-04-26,1763,1930,1762,1852,19624639,0.03290574456218631
2024-04-29,1880,1881,1815,1838,4360873,-0.0075593952483801186
2024-04-30,1850,1905,1802,1813,4961285,-0.013601741022850944
2024-05-02,1779,1895,1775,1839,5240152,0.014340871483728534
2024-05-03,1861,1903,1810,1816,2853505,-0.012506797172376238
2024-05-07,1848,1870,1810,1832,2024393,0.008810572687224738
2024-05-08,1823,1832,1770,1790,1868255,-0.022925764192139764
2024-05-09,1791,1797,1740,1741,1416803,-0.027374301675977653
2024-05-10,1741,1759,1701,1708,1327994,-0.01895462377943713
2024-05-13,1720,1735,1666,1670,1148002,-0.022248243559718994
2024-05-14,1671,1683,1650,1650,1112972,-0.0119760479041916
2024-05-16,1679,1789,1676,1730,2293184,0.048484848484848575
2024-05-17,1713,1727,1660,1660,1202129,-0.040462427745664775
2024-05-20,1685,1685,1651,1652,752493,-0.004819277108433773
2024-05-21,1670,1670,1609,1621,1104810,-0.018765133171912862
2024-05-22,1621,1633,1570,1570,1500530,-0.031462060456508345
2024-05-23,1610,1620,1570,1577,1103009,0.00445859872611476
2024-05-24,1566,1582,1530,1543,833000,-0.021559923906150913
2024-05-27,1557,1573,1503,1540,1149140,-0.0019442644199610948
2024-05-28,1540,1555,1522,1522,929268,-0.011688311688311637
2024-05-29,1525,1567,1510,1517,1091232,-0.003285151116951379
2024-05-30,1520,1528,1471,1471,1356817,-0.030323005932762048
2024-05-31,1470,1475,1441,1448,941011,-0.015635622025832796
2024-06-03,1448,1497,1448,1477,747634,0.0200276243093922
2024-06-04,1467,1477,1429,1440,673819,-0.025050778605280932
2024-06-05,1481,1526,1455,1458,1272091,0.012499999999999956
2024-06-07,1462,1507,1462,1506,882276,0.03292181069958855
2024-06-10,1490,1504,1479,1485,448490,-0.013944223107569709
2024-06-11,1486,1499,1454,1454,809405,-0.020875420875420825
2024-06-12,1454,1486,1454,1470,375590,0.011004126547455195
2024-06-13,1484,1524,1483,1513,909452,0.029251700680272164
2024-06-14,1516,1522,1463,1464,688930,-0.032385988103106444
2024-06-17,1463,1463,1431,1439,615934,-0.017076502732240484
2024-06-18,1439,1468,1439,1453,511186,0.00972897845726206
2024-06-19,1455,1540,1455,1475,1387295,0.015141087405368125
2024-06-20,1481,1481,1438,1440,642579,-0.023728813559321993
2024-06-21,1436,1436,1360,1383,1179903,-0.039583333333333304
2024-06-24,1360,1397,1351,1366,631723,-0.012292118582791
2024-06-25,1340,1365,1331,1355,537348,-0.008052708638360162
2024-06-26,1395,1395,1340,1352,443922,-0.0022140221402213722
2024-06-27,1360,1361,1330,1339,377250,-0.009615384615384581
2024-06-28,1335,1356,1334,1353,345341,0.010455563853622118
2024-07-01,1342,1396,1342,1367,609769,0.010347376201034653
2024-07-02,1368,1380,1320,1330,739642,-0.027066569129480578
2024-07-03,1323,1343,1295,1314,805919,-0.012030075187969946
2024-07-04,1316,1374,1316,1358,668642,0.03348554033485551
2024-07-05,1358,1367,1312,1314,704478,-0.032400589101620025
2024-07-08,1314,1337,1313,1332,338068,0.013698630136986356
2024-07-09,1332,1365,1332,1347,571017,0.011261261261261257
2024-07-10,1348,1348,1310,1321,438351,-0.019302152932442418
2024-07-11,1340,1358,1325,1326,366541,0.0037850113550341735
2024-07-12,1300,1340,1285,1306,429831,-0.015082956259426794
2024-07-15,1295,1315,1290,1314,528940,0.006125574272588086
2024-07-16,1314,1314,1282,1289,506915,-0.01902587519025878
2024-07-17,1282,1284,1255,1256,740475,-0.02560124127230412
2024-07-18,1240,1253,1209,1237,593044,-0.015127388535031816
2024-07-19,1234,1244,1215,1220,308821,-0.013742926434923253
2024-07-22,1216,1224,1179,1181,590138,-0.031967213114754145
2024-07-23,1189,1219,1182,1191,431326,0.008467400508044065
2024-07-24,1200,1207,1169,1170,319938,-0.017632241813602012
2024-07-25,1130,1175,1130,1160,587602,-0.008547008547008517
2024-07-26,1154,1176,1143,1146,302859,-0.012068965517241348
2024-07-29,1146,1163,1145,1160,256119,0.01221640488656206
2024-07-30,1160,1160,1130,1131,377451,-0.025000000000000022
2024-07-31,1120,1146,1119,1146,339725,0.013262599469495928
2024-08-01,1168,1214,1167,1169,424214,0.02006980802792313
2024-08-02,1133,1168,1096,1104,582566,-0.055603079555175405
2024-08-05,1084,1134,802,883,1985569,-0.2001811594202898
2024-08-06,875,1016,875,1012,2096119,0.14609286523216314
2024-08-07,1012,1017,995,1001,815161,-0.010869565217391353
2024-08-08,966,1019,966,1016,652821,0.014985014985015033
2024-08-09,1032,1090,1032,1043,866051,0.026574803149606252
2024-08-12,1046,1135,1046,1057,2328263,0.01342281879194629
2024-08-13,1050,1124,1048,1097,1113242,0.03784295175023655
2024-08-14,1119,1127,1103,1109,379663,0.010938924339106704
2024-08-16,1132,1141,1092,1103,807780,-0.0054102795311090635
2024-08-19,1105,1113,1062,1070,311790,-0.029918404351767958
2024-08-20,1074,1130,1074,1115,341702,0.0420560747663552
2024-08-21,1119,1119,1080,1110,254677,-0.004484304932735439
2024-08-22,1099,1111,1070,1082,260211,-0.02522522522522519
2024-08-23,1072,1072,1050,1060,279341,-0.020332717190388205
2024-08-26,1062,1075,1035,1040,208197,-0.018867924528301883
2024-08-27,1029,1058,1021,1043,246613,0.0028846153846153744
2024-08-28,1033,1048,1027,1043,127492,0.0
2024-08-29,1028,1030,1010,1016,191850,-0.025886864813039256
2024-08-30,1016,1030,1009,1021,154563,0.004921259842519676
2024-09-02,1021,1021,1003,1006,217661,-0.014691478942213565
2024-09-03,1006,1048,1002,1005,487401,-0.0009940357852882276
2024-09-04,980,990,951,962,684482,-0.042786069651741254
2024-09-05,960,983,946,954,333098,-0.008316008316008316
2024-09-06,944,957,915,928,306886,-0.027253668763102756
2024-09-09,911,954,898,949,260664,0.022629310344827624
2024-09-10,952,965,925,926,246657,-0.02423603793466811
2024-09-11,927,944,905,905,207069,-0.022678185745140356
2024-09-12,922,985,922,974,536087,0.07624309392265194
2024-09-13,974,1147,966,1013,10207579,0.04004106776180705
2024-09-19,1015,1204,987,1109,15638053,0.09476801579466931
2024-09-20,1110,1200,1051,1056,6011295,-0.04779080252479706
2024-09-23,1082,1082,1042,1056,847900,0.0
2024-09-24,1043,1147,1041,1066,3037337,0.009469696969697017
2024-09-25,1061,1079,1050,1055,777301,-0.010318949343339545
2024-09-26,1085,1232,1079,1148,13953855,0.08815165876777242
2024-09-27,1130,1148,1094,1101,1875824,-0.0409407665505227
2024-09-30,1097,1097,1059,1063,735258,-0.03451407811080831
2024-10-02,1040,1057,1021,1035,527161,-0.026340545625587963
2024-10-04,1035,1058,1026,1029,659472,-0.005797101449275366
2024-10-07,1045,1064,1025,1056,401896,0.026239067055393583
2024-10-08,1052,1058,1020,1020,489017,-0.03409090909090906
2024-10-10,1031,1035,1001,1002,429025,-0.01764705882352946
2024-10-11,1001,1020,1001,1003,227591,0.0009980039920158834
2024-10-14,999,1027,998,1021,423540,0.017946161515453696
2024-10-15,1027,1036,1001,1003,473315,-0.01762977473065619
2024-10-16,991,1003,984,994,574774,-0.008973080757726848
2024-10-17,992,1001,988,1000,237349,0.006036217303822866
2024-10-18,1001,1001,972,976,380753,-0.02400000000000002
2024-10-21,976,1000,970,992,225556,0.016393442622950838
2024-10-22,983,991,949,949,468872,-0.043346774193548376
2024-10-23,939,966,936,959,351869,0.010537407797681864
2024-10-24,950,1044,931,990,1178147,0.03232533889468203
2024-10-25,991,1051,991,1000,1096455,0.010101010101010166
2024-10-28,1009,1009,977,996,442346,-0.0040000000000000036
2024-10-29,991,1000,972,995,317651,-0.0010040160642570406
2024-10-30,1000,1002,980,986,241129,-0.009045226130653283
2024-10-31,976,1005,964,987,336018,0.0010141987829614951
2024-11-01,977,984,959,960,380125,-0.027355623100303927
2024-11-04,960,1003,953,980,511513,0.02083333333333326
2024-11-05,981,992,979,986,196033,0.00612244897959191
2024-11-06,986,997,961,961,283011,-0.02535496957403649
2024-11-07,961,975,936,942,374081,-0.019771071800208095
2024-11-08,945,985,944,952,229168,0.010615711252653925
2024-11-11,952,952,912,912,486814,-0.04201680672268904
2024-11-12,905,920,870,875,496577,-0.040570175438596534
2024-11-13,860,875,833,836,443823,-0.044571428571428595
2024-11-14,836,855,817,818,292609,-0.021531100478468845
2024-11-15,806,843,791,840,400183,0.02689486552567244
2024-11-18,837,859,825,835,191337,-0.005952380952380931
2024-11-19,827,853,820,829,242429,-0.007185628742514938
2024-11-20,829,839,818,823,171055,-0.007237635705669487
2024-11-21,813,824,811,814,235504,-0.010935601458080146
2024-11-22,806,831,806,808,129573,-0.0073710073710073765
2024-11-25,800,834,800,832,245150,0.02970297029702973
2024-11-26,826,838,824,835,110160,0.0036057692307691624
2024-11-27,835,837,808,813,198453,-0.026347305389221587
2024-11-28,810,818,802,805,117956,-0.009840098400983988
2024-11-29,796,822,784,785,278987,-0.024844720496894457
2024-12-02,786,814,769,773,273091,-0.015286624203821653
2024-12-03,765,782,762,775,223247,0.002587322121604174
2024-12-04,750,774,747,750,259436,-0.032258064516129004
2024-12-05,757,760,736,751,274249,0.0013333333333334085
2024-12-06,720,734,679,726,677947,-0.03328894806924099
2024-12-09,710,718,657,670,474114,-0.07713498622589532
2024-12-10,657,721,657,717,380083,0.07014925373134329
2024-12-11,717,788,712,787,415651,0.0976290097629009
2024-12-12,790,797,768,794,242899,0.008894536213468918
2024-12-13,777,799,777,795,206871,0.0012594458438286438
2024-12-16,800,821,799,813,329331,0.02264150943396226
2024-12-17,810,1056,810,1056,13858474,0.29889298892988925
2024-12-18,1021,1099,964,980,12283184,-0.07196969696969702
2024-12-19,946,985,932,951,1960512,-0.0295918367346939
2024-12-20,967,967,863,872,1473398,-0.0830704521556257
2024-12-23,897,1028,892,942,9065950,0.08027522935779818
2024-12-24,947,993,905,910,2123411,-0.03397027600849256
2024-12-26,918,927,884,888,613278,-0.0241758241758242
2024-12-27,870,901,858,863,643678,-0.028153153153153143
2024-12-30,846,873,838,864,331844,0.0011587485515642815
2025-01-02,862,894,845,894,378138,0.03472222222222232
2025-01-03,886,933,879,923,577576,0.032438478747203625
2025-01-06,934,957,925,943,491100,0.021668472372697645
2025-01-07,958,959,919,930,483589,-0.01378579003181335
2025-01-08,921,945,913,944,380035,0.01505376344086029
2025-01-09,946,946,912,922,260450,-0.02330508474576276
2025-01-10,921,928,912,915,153384,-0.007592190889370909
2025-01-13,913,913,892,894,329919,-0.022950819672131195
2025-01-14,890,909,888,896,215529,0.0022371364653244186
2025-01-15,900,918,879,880,217615,-0.017857142857142905
2025-01-16,888,909,888,894,183511,0.015909090909090873
2025-01-17,886,909,879,900,169392,0.006711409395973256
2025-01-20,900,938,887,915,599250,0.016666666666666607
2025-01-21,936,936,880,894,527475,-0.022950819672131195
2025-01-22,899,909,887,902,361043,0.008948545861297452
2025-01-23,891,902,881,885,352165,-0.018847006651884657
2025-01-24,880,902,880,884,177992,-0.001129943502824804
2025-01-31,871,881,821,828,715922,-0.06334841628959276
2025-02-03,806,817,791,804,260246,-0.02898550724637683
2025-02-04,804,832,804,817,227384,0.016169154228855787
2025-02-05,814,834,814,831,137390,0.017135862913096656
2025-02-06,832,841,825,841,201350,0.012033694344163681
2025-02-07,833,892,832,858,525290,0.02021403091557672
2025-02-10,851,884,830,878,262594,0.02331002331002341
2025-02-11,873,887,859,862,192925,-0.018223234624145768
2025-02-12,842,864,842,846,287347,-0.018561484918793503
2025-02-13,851,873,840,871,266011,0.029550827423167947
2025-02-14,874,940,874,900,1406477,0.03329506314580932
2025-02-17,898,924,892,899,318858,-0.0011111111111110628
2025-02-18,899,1038,890,932,4028749,0.03670745272525022
2025-02-19,936,945,930,937,719760,0.005364806866952732
2025-02-20,937,939,907,919,465553,-0.019210245464247544
2025-02-21,929,929,910,916,218844,-0.0032644178454842576
2025-02-24,903,911,882,897,258573,-0.020742358078602585
2025-02-25,887,902,886,893,199277,-0.004459308807134854
2025-02-26,901,902,883,891,107992,-0.002239641657334812
2025-02-27,900,900,871,879,285605,-0.013468013468013518
2025-02-28,815,889,815,843,391037,-0.04095563139931746
2025-03-04,842,842,807,822,216270,-0.02491103202846978
2025-03-05,821,831,816,827,119092,0.006082725060827299
2025-03-06,827,835,801,802,351628,-0.030229746070132957
2025-03-07,804,883,795,816,644631,0.0174563591022443
2025-03-10,816,820,804,815,68256,-0.001225490196078427
2025-03-11,799,799,775,788,304960,-0.03312883435582825
2025-03-12,788,814,782,807,156425,0.024111675126903487
2025-03-13,818,818,798,798,185886,-0.01115241635687736
2025-03-14,798,817,795,813,152655,0.018796992481203034
2025-03-17,814,829,813,819,340677,0.007380073800737907
2025-03-18,820,828,800,804,259725,-0.01831501831501836
2025-03-19,804,810,796,804,310396,0.0
2025-03-20,805,809,797,799,142344,-0.006218905472636815
2025-03-21,800,805,785,791,219596,-0.010012515644555742
2025-03-24,790,793,780,787,120506,-0.005056890012642201
2025-03-25,791,797,756,761,324886,-0.03303684879288438
2025-03-26,758,778,749,768,172141,0.009198423127463773
2025-03-27,761,768,754,757,129949,-0.01432291666666663
2025-03-28,756,757,733,738,241182,-0.02509907529722588
2025-03-31,729,730,707,707,219741,-0.04200542005420049
2025-04-01,707,734,707,730,180482,0.032531824611032434
2025-04-02,723,730,707,712,172184,-0.024657534246575352
2025-04-03,705,714,691,705,171185,-0.0098314606741573
2025-04-04,679,717,679,703,288091,-0.0028368794326241176
2025-04-07,697,697,656,658,440854,-0.06401137980085347
2025-04-08,667,681,659,661,208402,0.004559270516717229
2025-04-09,631,654,610,622,458731,-0.059001512859304106
2025-04-10,679,715,650,684,554322,0.09967845659163976
2025-04-11,675,695,660,695,170534,0.016081871345029253
2025-04-14,695,716,687,704,216176,0.012949640287769792
2025-04-15,706,712,695,711,136263,0.009943181818181879
2025-04-16,705,709,687,689,191168,-0.030942334739803123
2025-04-17,677,703,677,702,132292,0.018867924528301883
2025-04-18,699,704,689,702,57400,0.0
2025-04-21,699,712,695,702,109335,0.0
2025-04-22,696,707,691,700,148794,-0.002849002849002802
2025-04-23,704,711,701,711,113903,0.01571428571428579
2025-04-24,712,717,701,708,129066,-0.00421940928270037
2025-04-25,715,731,714,727,202202,0.026836158192090398
2025-04-28,740,740,703,703,263117,-0.03301237964236592
2025-04-29,700,716,700,713,67004,0.014224751066856278
2025-04-30,713,713,695,696,145661,-0.02384291725105192
2025-05-02,693,701,692,697,99450,0.001436781609195359
2025-05-07,697,697,677,680,210274,-0.024390243902439046
2025-05-08,689,690,672,686,156970,0.008823529411764675
2025-05-09,687,688,665,665,216881,-0.030612244897959218
2025-05-12,665,695,665,695,209506,0.04511278195488733
2025-05-13,704,706,691,696,167318,0.0014388489208632116
2025-05-14,699,712,698,709,121960,0.018678160919540332
2025-05-15,708,710,695,697,81241,-0.016925246826516194
2025-05-16,697,697,677,681,132058,-0.022955523672883782
2025-05-19,695,695,666,675,180615,-0.008810572687224627
2025-05-20,678,716,660,674,684853,-0.001481481481481528
2025-05-21,668,682,665,666,172041,-0.011869436201780381
2025-05-22,661,672,650,655,154428,-0.016516516516516533
2025-05-23,650,660,643,648,145345,-0.010687022900763399
2025-05-26,648,663,643,643,140871,-0.007716049382716084
2025-05-27,645,650,638,640,126359,-0.004665629860031051
2025-05-28,645,663,645,657,95306,0.026562500000000044
2025-05-29,660,668,659,667,87915,0.015220700152207112
2025-05-30,667,667,653,655,61505,-0.01799100449775115
2025-06-02,670,690,654,667,148052,0.018320610687022842
2025-06-04,669,689,638,678,104746,0.016491754122938573
2025-06-05,678,698,671,693,127949,0.022123893805309658
2025-06-09,694,702,685,688,121531,-0.00721500721500723
2025-06-10,688,693,677,686,86298,-0.0029069767441860517
2025-06-11,692,712,686,704,225824,0.026239067055393583
2025-06-12,706,709,695,698,188799,-0.008522727272727293
2025-06-13,699,702,670,680,299935,-0.025787965616045794
2025-06-16,680,680,665,674,126123,-0.008823529411764675
2025-06-17,670,690,662,667,226722,-0.010385756676557834
2025-06-18,661,680,661,668,81447,0.0014992503748125774
2025-06-19,668,676,655,666,133842,-0.0029940119760478723
2025-06-20,666,677,658,674,178655,0.012012012012011963
2025-06-23,670,677,652,659,163466,-0.022255192878338326
2025-06-24,662,677,662,670,247335,0.01669195751138086
2025-06-25,673,720,670,715,927242,0.0671641791044777
2025-06-26,716,724,694,709,330139,-0.008391608391608352
2025-06-27,710,710,677,681,200598,-0.03949224259520456
2025-06-30,682,688,674,677,133756,-0.005873715124816492
2025-07-01,677,689,674,676,121724,-0.001477104874446078
2025-07-02,682,686,668,674,135441,-0.00295857988165682
2025-07-03,674,700,674,687,141745,0.01928783382789323
2025-07-04,687,695,680,688,99455,0.0014556040756914523
2025-07-07,670,693,670,678,108760,-0.014534883720930258
2025-07-08,678,685,671,678,112047,0.0
2025-07-09,678,679,665,670,68754,-0.01179941002949858
2025-07-10,670,679,665,669,168293,-0.0014925373134327957
2025-07-11,674,679,659,664,368714,-0.007473841554558991
2025-07-14,664,666,655,656,210811,-0.012048192771084376
2025-07-15,660,668,643,650,192848,-0.009146341463414642
2025-07-16,656,656,639,650,264688,0.0
2025-07-17,650,650,640,647,122144,-0.004615384615384577
2025-07-18,647,651,635,636,288682,-0.01700154559505407
2025-07-21,636,647,636,644,155960,0.012578616352201255
2025-07-22,644,648,635,638,168483,-0.009316770186335366
2025-07-23,640,640,624,625,267783,-0.020376175548589393
2025-07-24,627,643,616,616,210760,-0.014399999999999968
2025-07-25,616,627,611,620,220903,0.006493506493506551
2025-07-28,621,673,617,660,655320,0.06451612903225801
2025-07-29,659,659,635,647,225027,-0.019696969696969657
2025-07-30,647,696,631,677,922135,0.04636785162287471
2025-07-31,686,689,661,672,207196,-0.00738552437223039
2025-08-01,672,672,639,639,304230,-0.049107142857142905
2025-08-04,642,642,630,634,84744,-0.007824726134585291
2025-08-05,635,647,632,632,96729,-0.003154574132492094
2025-08-06,632,641,629,638,69003,0.009493670886076
2025-08-07,647,647,631,634,114449,-0.006269592476489061
2025-08-08,643,646,633,637,68171,0.004731861198738141
2025-08-11,636,641,630,640,132053,0.0047095761381474865
2025-08-12,640,646,633,638,116374,-0.0031250000000000444
2025-08-13,638,642,630,635,92164,-0.00470219435736674
2025-08-14,640,640,630,631,134304,-0.006299212598425252
2025-08-18,631,631,618,623,108393,-0.01267828843106178
2025-08-19,623,626,615,619,99129,-0.006420545746388395
2025-08-20,615,615,600,605,218434,-0.022617124394184174
2025-08-21,604,614,602,604,73518,-0.0016528925619834212
2025-08-22,604,615,601,612,51003,0.013245033112582849
2025-08-25,610,628,609,615,87384,0.004901960784313708
2025-08-26,616,628,615,619,40732,0.006504065040650486
2025-08-27,619,619,609,616,65762,-0.004846526655896577
2025-08-28,616,619,613,613,56028,-0.004870129870129913
2025-08-29,610,614,607,610,60855,-0.004893964110929905
2025-09-01,610,610,599,603,132682,-0.011475409836065542
2025-09-02,603,606,599,601,97643,-0.0033167495854062867
2025-09-03,601,604,599,599,96229,-0.0033277870216306127
2025-09-04,599,608,599,600,81880,0.0016694490818029983
2025-09-05,603,694,603,634,2525179,0.05666666666666664
2025-09-08,647,647,622,626,376803,-0.012618296529968487
2025-09-09,626,631,614,626,249019,0.0
2025-09-10,626,639,623,627,284228,0.0015974440894568342
2025-09-11,628,645,628,632,206270,0.00797448165869219
2025-09-12,633,650,630,639,402589,0.011075949367088667
2025-09-15,640,658,631,644,298973,0.00782472613458518
2025-09-16,644,656,644,655,204245,0.017080745341614856
2025-09-17,654,660,640,650,194490,-0.007633587786259555
2025-09-18,650,714,648,702,2011425,0.08000000000000007
2025-09-19,720,744,701,715,1023551,0.0185185185185186
2025-09-22,708,758,708,730,1132479,0.020979020979021046
2025-09-23,738,748,713,717,467740,-0.017808219178082174
2025-09-24,718,730,681,720,597434,0.004184100418409997
2025-09-25,719,735,698,707,179243,-0.018055555555555602
2025-09-26,712,712,685,688,255128,-0.026874115983026914
2025-09-29,688,706,685,691,178271,0.0043604651162789665
2025-09-30,694,725,690,701,375106,0.01447178002894356
2025-10-01,702,732,702,724,395972,0.032810271041369576
2025-10-02,746,941,736,941,21025804,0.29972375690607733
2025-10-10,1099,1183,875,884,23009324,-0.060573857598299696
2025-10-13,856,899,840,858,3424740,-0.02941176470588236
2025-10-14,909,1115,908,980,45947101,0.14219114219114215
2025-10-15,970,1059,942,1000,11282173,0.020408163265306145
2025-10-16,1012,1012,995,995,1534261,-0.0050000000000000044
2025-10-17,984,984,962,962,1066450,-0.03316582914572863
2025-10-20,962,1008,962,985,928469,0.023908523908523938
2025-10-21,994,1062,944,945,3907879,-0.040609137055837574
2025-10-22,945,967,900,910,1350456,-0.03703703703703709
2025-10-23,899,930,882,909,767315,-0.001098901098901095
