Date,Open,High,Low,Close,Volume,Change
2022-01-03,810,816,802,811,79052,0.0012345679012346622
2022-01-04,811,930,811,866,2095122,0.06781750924784213
2022-01-05,876,893,864,887,796524,0.024249422632794504
2022-01-06,880,884,862,863,399512,-0.027057497181510737
2022-01-07,863,885,861,868,152888,0.005793742757821629
2022-01-10,867,870,839,840,264507,-0.032258064516129004
2022-01-11,844,844,813,824,250471,-0.01904761904761909
2022-01-12,820,831,820,831,123341,0.008495145631068013
2022-01-13,831,847,825,838,143585,0.008423586040914532
2022-01-14,840,840,826,828,121751,-0.011933174224343701
2022-01-17,828,830,791,795,165794,-0.03985507246376807
2022-01-18,800,805,768,787,193343,-0.010062893081761004
2022-01-19,779,794,770,775,148089,-0.015247776365946653
2022-01-20,775,788,768,778,144606,0.003870967741935516
2022-01-21,768,778,766,770,147261,-0.010282776349614386
2022-01-24,774,1000,745,1000,13519921,0.2987012987012987
2022-01-25,1050,1070,818,818,18045001,-0.18200000000000005
2022-01-26,775,806,760,768,3473866,-0.06112469437652812
2022-01-27,780,781,689,699,2867437,-0.08984375
2022-01-28,691,825,680,729,4919397,0.0429184549356223
2022-02-03,735,768,735,750,721131,0.028806584362139898
2022-02-04,752,770,737,754,1019081,0.005333333333333412
2022-02-07,753,767,745,760,321269,0.007957559681697646
2022-02-08,761,773,754,758,360925,-0.0026315789473684292
2022-02-09,757,781,757,771,541135,0.01715039577836408
2022-02-10,780,784,761,770,248436,-0.0012970168612191912
2022-02-11,759,766,751,753,292631,-0.02207792207792203
2022-02-14,746,746,702,727,436013,-0.03452855245683928
2022-02-15,714,737,710,716,307236,-0.015130674002751032
2022-02-16,745,758,724,753,299742,0.0516759776536313
2022-02-17,752,770,736,753,318544,0.0
2022-02-18,748,763,721,760,237972,0.009296148738379806
2022-02-21,752,774,742,763,300018,0.003947368421052699
2022-02-22,746,763,735,747,209151,-0.020969855832241202
2022-02-23,741,759,737,748,200316,0.0013386880856760541
2022-02-24,745,745,714,714,434662,-0.045454545454545414
2022-02-25,714,733,714,720,198423,0.008403361344537785
2022-02-28,715,729,715,725,116385,0.00694444444444442
2022-03-02,717,744,717,735,92047,0.01379310344827589
2022-03-03,731,744,727,734,351224,-0.0013605442176870541
2022-03-04,742,742,728,737,185483,0.004087193460490468
2022-03-07,773,811,722,741,1655948,0.005427408412483015
2022-03-08,729,737,713,718,368756,-0.031039136302294157
2022-03-10,723,739,712,724,194378,0.008356545961002881
2022-03-11,721,729,717,724,173121,0.0
2022-03-14,723,723,692,706,411523,-0.024861878453038666
2022-03-15,705,713,699,703,130171,-0.004249291784702569
2022-03-16,703,709,701,707,146732,0.005689900426742556
2022-03-17,711,726,704,721,223786,0.01980198019801982
2022-03-18,721,731,714,730,175236,0.012482662968099856
2022-03-21,732,738,727,731,101622,0.00136986301369868
2022-03-22,731,745,724,740,170604,0.012311901504787892
2022-03-23,745,761,735,738,221911,-0.002702702702702675
2022-03-24,744,744,724,737,204218,-0.0013550135501354532
2022-03-25,741,747,733,733,112454,-0.005427408412483015
2022-03-28,734,743,725,727,160254,-0.008185538881309684
2022-03-29,727,740,721,735,309324,0.011004126547455195
2022-03-30,735,750,733,741,226281,0.008163265306122547
2022-03-31,741,772,741,763,304608,0.029689608636977116
2022-04-01,763,820,753,776,1278813,0.017038007863696025
2022-04-04,776,800,764,794,351890,0.02319587628865971
2022-04-05,794,794,747,789,335310,-0.006297229219143552
2022-04-06,786,789,773,778,178011,-0.013941698352344711
2022-04-07,773,775,753,755,475515,-0.029562982005141403
2022-04-08,755,780,755,767,384782,0.015894039735099286
2022-04-11,767,780,764,772,105245,0.006518904823989535
2022-04-12,760,774,760,774,84428,0.002590673575129543
2022-04-13,774,789,774,778,78809,0.0051679586563306845
2022-04-14,785,785,772,777,160759,-0.0012853470437017567
2022-04-15,778,783,768,781,86321,0.005148005148005064
2022-04-18,781,785,774,781,98679,0.0
2022-04-19,780,805,780,793,286103,0.015364916773367376
2022-04-20,793,800,785,793,121311,0.0
2022-04-21,794,796,777,789,213311,-0.0050441361916772065
2022-04-22,788,788,774,785,85724,-0.005069708491761693
2022-04-25,782,782,754,754,134154,-0.0394904458598726
2022-04-26,754,774,751,764,74687,0.013262599469495928
2022-04-27,757,757,745,750,121731,-0.01832460732984298
2022-04-28,744,751,725,728,562389,-0.029333333333333322
2022-04-29,734,745,728,735,170641,0.009615384615384581
2022-05-02,734,738,731,736,144061,0.0013605442176871652
2022-05-03,736,744,736,744,149309,0.010869565217391353
2022-05-04,741,745,732,736,127224,-0.010752688172043001
2022-05-06,734,737,726,737,122331,0.0013586956521738358
2022-05-09,737,737,715,716,154773,-0.028493894165535938
2022-05-10,697,716,697,715,170675,-0.0013966480446927498
2022-05-11,715,721,706,716,131823,0.0013986013986013734
2022-05-12,714,719,701,708,124251,-0.011173184357541888
2022-05-13,701,712,701,712,119630,0.005649717514124353
2022-05-16,720,720,707,717,110381,0.0070224719101124045
2022-05-17,716,725,712,718,88273,0.001394700139470073
2022-05-18,720,720,708,708,156849,-0.013927576601671321
2022-05-19,697,698,683,696,207935,-0.016949152542372836
2022-05-20,698,705,696,702,59295,0.008620689655172376
2022-05-23,703,706,695,701,97226,-0.0014245014245014564
2022-05-24,705,705,695,700,64102,-0.0014265335235378318
2022-05-25,699,703,697,700,73920,0.0
2022-05-26,703,713,700,700,89379,0.0
2022-05-27,708,724,702,724,118933,0.03428571428571425
2022-05-30,720,730,715,718,77646,-0.008287292817679592
2022-05-31,718,725,715,718,195505,0.0
2022-06-02,717,719,711,713,126509,-0.0069637883008356605
2022-06-03,713,747,713,729,131774,0.02244039270687237
2022-06-07,729,745,725,729,90303,0.0
2022-06-08,729,733,722,728,82095,-0.00137174211248281
2022-06-09,728,730,711,720,79623,-0.01098901098901095
2022-06-10,719,719,706,711,85406,-0.012499999999999956
2022-06-13,702,702,681,681,164672,-0.04219409282700426
2022-06-14,676,679,657,667,177077,-0.02055800293685761
2022-06-15,666,669,637,639,281770,-0.04197901049475261
2022-06-16,642,658,636,640,131823,0.0015649452269170805
2022-06-17,628,647,612,645,177240,0.0078125
2022-06-20,638,646,598,601,191857,-0.06821705426356595
2022-06-21,603,610,597,610,139111,0.014975041597337757
2022-06-22,612,612,575,586,160833,-0.03934426229508192
2022-06-23,586,590,560,564,183944,-0.03754266211604096
2022-06-24,565,586,564,585,99600,0.037234042553191404
2022-06-27,583,605,583,602,83450,0.029059829059828957
2022-06-28,597,610,592,605,163942,0.004983388704318914
2022-06-29,603,608,594,605,142563,0.0
2022-06-30,605,607,594,601,40294,-0.006611570247933907
2022-07-01,593,604,590,594,121194,-0.011647254575707144
2022-07-04,591,598,573,584,99114,-0.01683501683501687
2022-07-05,584,600,584,596,39691,0.020547945205479534
2022-07-06,612,612,594,598,125084,0.003355704697986628
2022-07-07,595,604,595,599,46121,0.0016722408026756952
2022-07-08,608,608,597,603,60465,0.006677796327211993
2022-07-11,609,609,597,603,35865,0.0
2022-07-12,596,601,579,592,58792,-0.018242122719734688
2022-07-13,586,608,586,599,23061,0.011824324324324342
2022-07-14,593,602,591,599,31550,0.0
2022-07-15,605,609,589,599,91605,0.0
2022-07-18,594,609,594,607,55342,0.013355592654423987
2022-07-19,609,610,600,607,153453,0.0
2022-07-20,612,629,612,628,191207,0.034596375617792496
2022-07-21,632,651,629,645,148686,0.027070063694267565
2022-07-22,652,652,636,652,57246,0.010852713178294504
2022-07-25,653,656,640,655,50092,0.004601226993865115
2022-07-26,649,662,649,657,39821,0.003053435114503733
2022-07-27,657,660,643,660,86872,0.004566210045662045
2022-07-28,660,683,655,683,180486,0.034848484848484906
2022-07-29,681,695,677,678,118236,-0.007320644216691097
2022-08-01,678,686,672,683,68571,0.007374631268436627
2022-08-02,683,683,630,663,111393,-0.029282576866764276
2022-08-03,643,665,643,665,47346,0.003016591251885359
2022-08-04,665,670,660,668,29656,0.004511278195488799
2022-08-05,664,672,664,667,32946,-0.0014970059880239361
2022-08-08,673,696,665,671,50215,0.0059970014992503096
2022-08-09,674,674,664,670,48527,-0.0014903129657227732
2022-08-10,670,670,663,670,98267,0.0
2022-08-11,678,680,665,671,41130,0.0014925373134329067
2022-08-12,677,677,668,673,26323,0.0029806259314455463
2022-08-16,683,683,665,670,55046,-0.004457652303120341
2022-08-17,678,679,650,665,95014,-0.007462686567164201
2022-08-18,659,663,642,655,71362,-0.015037593984962405
2022-08-19,652,660,643,655,46736,0.0
2022-08-22,670,670,642,642,54844,-0.01984732824427482
2022-08-23,638,642,618,632,106438,-0.015576323987538943
2022-08-24,632,635,618,631,132112,-0.0015822784810126667
2022-08-25,632,637,626,632,94081,0.0015847860538826808
2022-08-26,627,639,627,627,50453,-0.007911392405063333
2022-08-29,627,627,610,623,92129,-0.006379585326953707
2022-08-30,615,627,615,624,23962,0.0016051364365972098
2022-08-31,630,630,615,628,60285,0.0064102564102563875
2022-09-01,630,635,612,624,65318,-0.006369426751592355
2022-09-02,621,625,559,606,370870,-0.028846153846153855
2022-09-05,610,613,602,603,49201,-0.004950495049504955
2022-09-06,599,607,591,604,71216,0.0016583747927032544
2022-09-07,611,611,590,598,40426,-0.009933774834437137
2022-09-08,599,604,597,601,73532,0.0050167224080268635
2022-09-13,608,615,601,613,79754,0.019966722129783676
2022-09-14,603,605,591,601,40146,-0.019575856443719397
2022-09-15,602,610,593,596,65256,-0.008319467554076532
2022-09-16,580,594,580,592,90483,-0.006711409395973145
2022-09-19,594,598,578,591,108185,-0.0016891891891891442
2022-09-20,580,593,580,590,104789,-0.0016920473773265332
2022-09-21,596,599,582,588,75003,-0.003389830508474523
2022-09-22,589,589,575,588,82835,0.0
2022-09-23,580,587,566,569,149716,-0.03231292517006801
2022-09-26,558,561,534,545,178066,-0.04217926186291743
2022-09-27,535,559,535,540,75834,-0.00917431192660545
2022-09-28,540,674,503,518,2974519,-0.040740740740740744
2022-09-29,518,544,513,526,339670,0.015444015444015413
2022-09-30,527,546,513,532,134763,0.011406844106463865
2022-10-04,530,547,530,547,101186,0.02819548872180455
2022-10-05,550,555,538,547,96315,0.0
2022-10-06,547,553,542,553,108464,0.010968921389396646
2022-10-07,553,556,543,551,51547,-0.003616636528028905
2022-10-11,526,550,521,550,74274,-0.001814882032667886
2022-10-12,532,548,532,538,66342,-0.021818181818181848
2022-10-13,538,540,526,534,88921,-0.0074349442379182396
2022-10-14,534,560,534,545,50495,0.020599250936329527
2022-10-17,545,558,540,557,81945,0.022018348623853212
2022-10-18,555,569,541,558,82949,0.0017953321364452268
2022-10-19,554,560,549,549,56632,-0.016129032258064502
2022-10-20,549,549,536,541,32669,-0.014571948998178486
2022-10-21,536,542,510,541,215077,0.0
2022-10-24,560,560,538,544,38143,0.005545286506469571
2022-10-25,547,547,540,542,29025,-0.003676470588235281
2022-10-26,542,570,540,557,142147,0.027675276752767486
2022-10-27,552,586,552,575,82496,0.032315978456014305
2022-10-28,575,595,570,587,65472,0.02086956521739136
2022-10-31,590,706,589,619,4242865,0.054514480408858645
2022-11-01,636,645,613,619,158263,0.0
2022-11-02,619,621,601,609,173625,-0.016155088852988664
2022-11-03,603,609,590,609,93546,0.0
2022-11-04,597,627,597,627,114088,0.029556650246305383
2022-11-07,627,636,620,634,109750,0.011164274322169154
2022-11-08,635,635,626,632,63572,-0.003154574132492094
2022-11-09,637,720,622,648,1217813,0.025316455696202445
2022-11-10,648,650,632,638,102311,-0.015432098765432056
2022-11-11,641,655,631,647,167984,0.014106583072100332
2022-11-14,647,655,639,650,49747,0.004636785162287493
2022-11-15,653,653,643,648,51542,-0.003076923076923088
2022-11-16,648,660,642,654,70927,0.0092592592592593
2022-11-17,656,661,639,652,69756,-0.003058103975535187
2022-11-18,653,661,626,643,125256,-0.013803680981595123
2022-11-21,643,643,623,628,77547,-0.023328149300155476
2022-11-22,628,631,592,625,79402,-0.004777070063694322
2022-11-23,618,634,610,632,92733,0.011200000000000099
2022-11-24,636,637,632,634,13478,0.0031645569620253333
2022-11-25,630,641,629,637,30087,0.004731861198738141
2022-11-28,631,653,628,637,68867,0.0
2022-11-29,637,640,628,638,93354,0.0015698587127157548
2022-11-30,632,648,625,640,55314,0.0031347962382444194
2022-12-01,637,654,637,640,76284,0.0
2022-12-02,641,648,637,637,41269,-0.004687499999999956
2022-12-05,637,643,629,639,30229,0.0031397174254317317
2022-12-06,619,693,619,643,1027679,0.006259780907668322
2022-12-07,634,651,633,647,56135,0.0062208398133747345
2022-12-08,647,647,619,645,86139,-0.0030911901081916993
2022-12-09,630,645,630,639,65892,-0.009302325581395321
2022-12-12,646,650,635,643,37293,0.006259780907668322
2022-12-13,650,650,600,633,87968,-0.015552099533437058
2022-12-14,633,637,616,633,56719,0.0
2022-12-15,634,643,627,627,15187,-0.009478672985781977
2022-12-16,630,634,618,629,57848,0.0031897926634769647
2022-12-19,618,629,618,628,15332,-0.0015898251192368873
2022-12-20,628,628,604,622,55830,-0.009554140127388533
2022-12-21,633,636,611,626,69135,0.006430868167202508
2022-12-22,626,630,620,629,30859,0.004792332268370503
2022-12-23,629,631,617,627,17292,-0.0031796502384737746
2022-12-26,627,627,615,620,22039,-0.011164274322169043
2022-12-27,620,628,616,618,39272,-0.003225806451612856
2022-12-28,618,624,600,618,20867,0.0
2022-12-29,612,618,600,610,50446,-0.012944983818770184
2023-01-02,609,610,583,588,123446,-0.0360655737704918
2023-01-03,591,592,554,562,213427,-0.04421768707482998
2023-01-04,553,570,553,570,74069,0.014234875444839812
2023-01-05,577,579,570,578,37874,0.01403508771929829
2023-01-06,580,594,574,586,41287,0.01384083044982698
2023-01-09,581,600,581,595,26110,0.015358361774743923
2023-01-10,600,601,590,597,28955,0.003361344537815114
2023-01-11,600,602,591,600,56450,0.005025125628140614
2023-01-12,603,604,590,600,52119,0.0
2023-01-13,600,606,585,605,37599,0.008333333333333304
2023-01-16,595,611,595,607,34692,0.0033057851239668423
2023-01-17,610,613,601,612,57894,0.008237232289950658
2023-01-18,612,612,586,607,118165,-0.008169934640522847
2023-01-19,607,607,598,606,23141,-0.0016474464579900872
2023-01-20,606,608,598,607,85484,0.0016501650165017256
2023-01-25,608,610,602,608,37178,0.0016474464579900872
2023-01-26,604,611,604,608,38664,0.0
2023-01-27,609,611,604,609,38550,0.00164473684210531
2023-01-30,609,611,602,610,32144,0.0016420361247948545
2023-01-31,610,614,573,614,74846,0.006557377049180246
2023-02-01,617,619,613,613,26788,-0.0016286644951140072
2023-02-02,619,625,613,624,105936,0.01794453507340954
2023-02-03,622,625,613,619,30947,-0.008012820512820484
2023-02-06,619,619,608,619,38326,0.0
2023-02-07,619,622,615,619,14668,0.0
2023-02-08,612,618,606,615,64523,-0.00646203554119551
2023-02-09,621,621,605,617,226277,0.003252032520325132
2023-02-10,617,620,607,615,41425,-0.0032414910858995505
2023-02-13,611,616,606,612,49816,-0.004878048780487809
2023-02-14,607,611,601,610,101136,-0.0032679738562091387
2023-02-15,610,610,600,609,56734,-0.0016393442622950616
2023-02-16,602,613,600,607,123655,-0.003284072249589487
2023-02-17,606,606,594,599,79960,-0.01317957166392092
2023-02-20,599,609,592,605,58632,0.01001669449081799
2023-02-21,605,611,601,606,38956,0.0016528925619834212
2023-02-22,606,606,595,601,73661,-0.008250825082508295
2023-02-23,595,607,595,605,48628,0.006655574043261225
2023-02-24,605,610,597,602,31625,-0.0049586776859503745
2023-02-27,598,600,594,595,50253,-0.011627906976744207
2023-02-28,595,600,590,595,30849,0.0
2023-03-02,609,647,595,625,439411,0.050420168067226934
2023-03-03,634,637,622,628,268405,0.0047999999999999154
2023-03-06,635,640,622,633,142942,0.0079617834394905
2023-03-07,637,638,627,638,111841,0.00789889415481837
2023-03-08,638,651,628,644,256881,0.00940438871473348
2023-03-09,638,646,629,642,133950,-0.0031055900621117516
2023-03-10,636,643,624,643,92604,0.0015576323987538387
2023-03-13,638,638,620,633,144352,-0.015552099533437058
2023-03-14,637,637,614,614,141122,-0.03001579778830965
2023-03-15,614,629,613,621,143103,0.01140065146579805
2023-03-16,630,659,627,659,769830,0.06119162640901776
2023-03-17,658,658,644,653,252072,-0.009104704097116834
2023-03-20,647,655,639,645,118378,-0.01225114854517606
2023-03-21,645,646,637,645,97285,0.0
2023-03-22,642,654,609,648,139890,0.0046511627906977715
2023-03-23,648,648,624,630,81273,-0.02777777777777779
2023-03-24,630,640,625,638,88533,0.012698412698412653
2023-03-27,638,643,624,633,88569,-0.00783699059561127
2023-03-28,634,644,630,635,143341,0.003159557661927437
2023-03-29,636,645,634,643,100909,0.012598425196850505
2023-03-30,645,651,639,645,81629,0.0031104199066873672
2023-03-31,654,654,645,652,70145,0.010852713178294504
2023-04-03,659,690,655,688,780190,0.05521472392638027
2023-04-04,692,710,677,705,440761,0.024709302325581328
2023-04-05,705,724,701,710,238993,0.007092198581560183
2023-04-06,710,711,693,705,175074,-0.007042253521126751
2023-04-07,705,717,704,704,113048,-0.0014184397163120588
2023-04-10,718,725,700,719,243461,0.02130681818181812
2023-04-11,716,725,712,719,193986,0.0
2023-04-12,719,745,719,732,390298,0.018080667593880495
2023-04-13,733,750,733,745,215488,0.01775956284153013
2023-04-14,746,760,746,756,288610,0.014765100671140896
2023-04-17,760,789,756,788,477657,0.042328042328042326
2023-04-18,783,795,753,781,376853,-0.008883248730964466
2023-04-19,781,798,778,798,482089,0.02176696542893719
2023-04-20,809,1014,807,894,20233070,0.12030075187969924
2023-04-21,830,886,818,861,2262505,-0.03691275167785235
2023-04-24,852,901,814,894,1506385,0.03832752613240409
2023-04-25,909,909,850,897,1081470,0.003355704697986628
2023-04-26,873,897,855,855,404183,-0.04682274247491636
2023-04-27,855,873,824,853,535719,-0.002339181286549752
2023-04-28,853,861,823,842,395014,-0.01289566236811257
2023-05-02,841,868,832,862,377681,0.02375296912114022
2023-05-03,865,885,865,875,261563,0.015081206496519783
2023-05-04,867,902,864,875,459799,0.0
2023-05-08,880,886,866,879,260205,0.004571428571428671
2023-05-09,870,877,860,867,135933,-0.013651877133105783
2023-05-10,867,890,852,884,345433,0.019607843137254832
2023-05-11,920,955,887,936,1329670,0.05882352941176472
2023-05-12,941,981,915,954,1054018,0.019230769230769162
2023-05-15,850,850,775,779,3470634,-0.18343815513626838
2023-05-16,750,764,700,709,2090722,-0.08985879332477531
2023-05-17,700,730,700,717,1128952,0.01128349788434413
2023-05-18,718,724,703,713,639965,-0.00557880055788007
2023-05-19,715,742,715,717,997195,0.005610098176718203
2023-05-22,718,722,702,710,589067,-0.009762900976290068
2023-05-23,718,718,700,713,597310,0.004225352112676051
2023-05-24,710,717,702,716,621466,0.004207573632538653
2023-05-25,716,717,704,715,300816,-0.0013966480446927498
2023-05-26,715,715,695,699,545511,-0.02237762237762242
2023-05-30,699,720,690,714,286863,0.02145922746781115
2023-05-31,714,719,698,704,255200,-0.014005602240896309
2023-06-01,704,728,701,713,327970,0.012784090909090828
2023-06-02,714,722,708,713,215445,0.0
2023-06-05,713,721,709,719,140189,0.008415147265077083
2023-06-07,719,724,715,719,192641,0.0
2023-06-08,718,722,710,717,190789,-0.0027816411682892728
2023-06-09,724,724,707,722,206817,0.0069735006973501434
2023-06-12,720,720,706,706,268713,-0.02216066481994461
2023-06-13,705,730,705,714,246972,0.011331444759206777
2023-06-14,730,730,691,691,354271,-0.03221288515406162
2023-06-15,691,706,659,668,882026,-0.03328509406657021
2023-06-16,670,686,640,675,938480,0.010479041916167775
2023-06-19,675,679,661,679,346530,0.00592592592592589
2023-06-20,684,685,673,682,436427,0.004418262150220897
2023-06-21,688,688,671,675,473085,-0.01026392961876832
2023-06-22,674,690,667,679,361684,0.00592592592592589
2023-06-23,690,690,657,669,422642,-0.014727540500736325
2023-06-26,662,677,658,667,350678,-0.002989536621823663
2023-06-27,667,672,652,660,495338,-0.010494752623688153
2023-06-28,660,665,655,659,342951,-0.0015151515151514694
2023-06-29,659,659,634,634,431970,-0.03793626707132014
2023-06-30,634,649,624,646,244572,0.018927444794952786
2023-07-03,648,663,646,657,206653,0.017027863777089758
2023-07-04,657,660,650,655,114769,-0.0030441400304414
2023-07-05,667,667,645,650,256867,-0.007633587786259555
2023-07-06,649,650,633,640,158872,-0.01538461538461533
2023-07-07,639,639,618,630,287759,-0.015625
2023-07-10,633,646,620,629,69985,-0.0015873015873015817
2023-07-11,650,650,619,625,240398,-0.006359300476947549
2023-07-12,628,628,620,623,110082,-0.0031999999999999806
2023-07-13,624,639,624,631,160467,0.01284109149277679
2023-07-14,631,648,619,623,203936,-0.01267828843106178
2023-07-17,629,629,612,614,259903,-0.014446227929374
2023-07-18,618,618,595,605,384935,-0.014657980456026065
2023-07-19,610,660,600,654,895447,0.08099173553719008
2023-07-20,654,661,623,633,292888,-0.032110091743119296
2023-07-21,632,639,620,625,121065,-0.012638230647709303
2023-07-24,625,625,605,609,250916,-0.025599999999999956
2023-07-25,611,620,606,617,274107,0.013136288998357948
2023-07-26,619,619,586,603,610560,-0.02269043760129663
2023-07-27,599,614,591,601,287790,-0.0033167495854062867
2023-07-28,610,610,598,607,107280,0.009983361064891838
2023-07-31,610,619,605,610,137958,0.0049423393739702615
2023-08-01,618,632,610,625,219944,0.024590163934426146
2023-08-02,619,629,610,616,123992,-0.014399999999999968
2023-08-03,617,617,601,610,131478,-0.009740259740259716
2023-08-04,607,613,604,609,97296,-0.0016393442622950616
2023-08-07,605,609,603,606,104179,-0.0049261083743842304
2023-08-08,606,616,575,584,463402,-0.0363036303630363
2023-08-09,584,601,580,587,399135,0.005136986301369939
2023-08-10,598,609,586,607,282766,0.03407155025553665
2023-08-11,610,639,610,632,447024,0.041186161449752845
2023-08-14,629,632,616,624,134801,-0.012658227848101222
2023-08-16,624,624,598,604,267738,-0.03205128205128205
2023-08-17,604,604,586,600,159324,-0.0066225165562914245
2023-08-18,596,600,585,595,157490,-0.008333333333333304
2023-08-21,600,600,582,587,163750,-0.013445378151260456
2023-08-22,599,599,580,590,123853,0.005110732538330387
2023-08-23,597,597,580,584,93456,-0.01016949152542368
2023-08-24,587,591,580,587,95202,0.005136986301369939
2023-08-25,595,595,583,586,42198,-0.0017035775127768327
2023-08-28,595,595,581,588,64976,0.0034129692832765013
2023-08-29,591,591,583,589,66379,0.001700680272108901
2023-08-30,589,591,572,589,81646,0.0
2023-08-31,590,592,583,590,45640,0.001697792869269854
2023-09-01,590,596,585,591,68461,0.0016949152542373724
2023-09-04,591,593,584,592,93193,0.0016920473773265332
2023-09-05,592,596,590,596,95949,0.006756756756756799
2023-09-06,596,598,592,595,41434,-0.001677852348993314
2023-09-07,595,624,586,610,190821,0.025210084033613356
2023-09-08,606,616,601,607,61259,-0.004918032786885296
2023-09-11,602,607,599,604,102439,-0.0049423393739703725
2023-09-12,598,606,596,602,76556,-0.0033112582781457123
2023-09-13,594,599,593,593,54789,-0.014950166112956853
2023-09-14,593,597,592,593,65291,0.0
2023-09-15,609,609,595,601,154930,0.013490725126475533
2023-09-18,600,600,595,597,57761,-0.006655574043261225
2023-09-19,596,602,591,598,66120,0.0016750418760469454
2023-09-20,597,597,584,591,110160,-0.01170568561872909
2023-09-21,589,589,574,580,136655,-0.0186125211505922
2023-09-22,572,583,570,579,54946,-0.0017241379310344307
2023-09-25,585,589,577,589,71728,0.017271157167530138
2023-09-26,570,588,568,571,265215,-0.03056027164685904
2023-09-27,577,585,571,585,81217,0.024518388791593626
2023-10-04,583,588,570,582,263000,-0.00512820512820511
2023-10-05,582,588,571,583,210806,0.0017182130584192379
2023-10-06,590,603,583,596,160030,0.022298456260720467
2023-10-10,600,601,556,584,202208,-0.020134228187919434
2023-10-11,580,591,577,586,104036,0.003424657534246478
2023-10-12,585,596,585,592,94840,0.010238907849829282
2023-10-13,592,592,585,588,92321,-0.006756756756756799
2023-10-16,588,589,580,583,69337,-0.008503401360544172
2023-10-17,583,593,583,584,45587,0.0017152658662091813
2023-10-18,592,592,580,587,40230,0.005136986301369939
2023-10-19,585,585,568,574,106949,-0.022146507666098825
2023-10-20,574,574,558,565,94737,-0.015679442508710784
2023-10-23,565,569,556,567,97060,0.003539823008849474
2023-10-24,580,580,554,569,72139,0.003527336860670305
2023-10-25,579,579,562,570,43142,0.0017574692442883233
2023-10-26,562,568,552,560,71910,-0.01754385964912286
2023-10-27,560,568,553,553,83741,-0.012499999999999956
2023-10-30,559,559,549,552,95296,-0.001808318264014508
2023-10-31,554,558,540,547,106117,-0.009057971014492794
2023-11-01,548,553,545,550,47515,0.005484460694698434
2023-11-02,555,557,550,553,134403,0.005454545454545379
2023-11-03,560,560,551,560,31132,0.012658227848101333
2023-11-06,565,572,559,566,147035,0.010714285714285676
2023-11-07,574,574,559,561,40039,-0.00883392226148405
2023-11-08,568,568,558,559,85324,-0.0035650623885917776
2023-11-09,559,565,555,564,37902,0.008944543828264706
2023-11-10,564,565,557,564,55862,0.0
2023-11-13,564,569,561,568,50454,0.007092198581560183
2023-11-14,570,590,570,588,87928,0.035211267605633756
2023-11-15,596,596,582,589,88377,0.001700680272108901
2023-11-16,589,595,585,591,72990,0.00339558573853993
2023-11-17,587,587,560,576,256707,-0.025380710659898442
2023-11-20,576,579,565,579,242658,0.005208333333333259
2023-11-21,580,580,574,577,30974,-0.003454231433506094
2023-11-22,577,580,571,576,32277,-0.0017331022530329143
2023-11-23,580,585,572,578,79748,0.003472222222222321
2023-11-24,588,588,570,580,85197,0.0034602076124568004
2023-11-27,580,582,570,575,155476,-0.008620689655172376
2023-11-28,579,579,570,574,39484,-0.0017391304347825765
2023-11-29,574,579,569,574,62153,0.0
2023-11-30,576,584,566,571,194529,-0.005226480836236891
2023-12-01,571,574,568,574,69141,0.005253940455341555
2023-12-04,574,583,570,583,127656,0.015679442508710784
2023-12-05,588,588,569,580,62894,-0.005145797598627766
2023-12-06,580,645,580,615,2596506,0.06034482758620685
2023-12-07,604,615,598,598,209102,-0.027642276422764178
2023-12-08,598,604,586,600,162948,0.0033444816053511683
2023-12-11,608,615,600,613,140100,0.021666666666666723
2023-12-12,614,614,596,601,141844,-0.019575856443719397
2023-12-13,601,605,592,596,144958,-0.008319467554076532
2023-12-14,597,610,595,600,182776,0.006711409395973256
2023-12-15,605,605,590,591,141269,-0.015000000000000013
2023-12-18,595,602,586,599,62063,0.013536379018612488
2023-12-19,599,599,587,592,203428,-0.011686143572620988
2023-12-20,594,599,591,596,102557,0.006756756756756799
2023-12-21,591,599,589,589,138432,-0.011744966442952975
2023-12-22,592,593,583,591,125309,0.00339558573853993
2023-12-26,589,605,589,591,65492,0.0
2023-12-27,590,594,585,587,81871,-0.006768189509306244
2023-12-28,588,599,587,595,130390,0.013628620102214661
2024-01-02,601,601,591,598,110511,0.005042016806722671
2024-01-03,598,600,590,597,88509,-0.0016722408026755842
2024-01-04,597,599,588,593,123247,-0.00670016750418756
2024-01-05,595,598,583,593,71454,0.0
2024-01-08,593,599,586,586,133682,-0.01180438448566612
2024-01-09,595,595,585,593,67127,0.011945392491467643
2024-01-10,596,596,585,590,51478,-0.005059021922428353
2024-01-11,586,597,586,596,103561,0.01016949152542379
2024-01-12,598,601,595,595,124466,-0.001677852348993314
2024-01-15,588,595,582,588,168884,-0.0117647058823529
2024-01-16,583,584,574,582,87156,-0.010204081632653073
2024-01-17,580,580,563,563,195094,-0.03264604810996563
2024-01-18,563,579,560,567,149310,0.007104795737122638
2024-01-19,572,573,564,572,70375,0.008818342151675429
2024-01-22,572,573,563,567,78472,-0.00874125874125875
2024-01-23,567,574,564,564,72986,-0.005291005291005346
2024-01-24,566,566,556,557,195304,-0.012411347517730542
2024-01-25,562,564,545,551,146285,-0.010771992818671472
2024-01-26,545,566,545,551,94978,0.0
2024-01-29,547,559,518,546,195589,-0.00907441016333943
2024-01-30,564,564,540,551,156027,0.009157509157509125
2024-01-31,538,561,538,549,322140,-0.003629764065335772
2024-02-01,549,570,549,563,119017,0.02550091074681249
2024-02-02,563,577,563,570,96199,0.01243339253996445
2024-02-05,561,578,543,548,735977,-0.038596491228070184
2024-02-06,549,553,543,550,251731,0.0036496350364962904
2024-02-07,555,568,549,556,125341,0.01090909090909098
2024-02-08,557,560,555,559,37509,0.0053956834532373765
2024-02-13,555,577,554,561,146137,0.003577817531305927
2024-02-14,553,563,553,559,53494,-0.0035650623885917776
2024-02-15,568,568,552,560,40763,0.0017889087656528524
2024-02-16,566,566,556,562,74214,0.0035714285714285587
2024-02-19,565,568,561,568,224617,0.01067615658362997
2024-02-20,573,573,562,566,37594,-0.0035211267605633756
2024-02-21,575,575,554,562,172361,-0.007067137809187329
2024-02-22,559,562,548,560,94915,-0.003558718861209953
2024-02-23,556,565,556,564,60152,0.0071428571428571175
2024-02-26,557,565,557,562,60967,-0.0035460992907800915
2024-02-27,564,564,550,562,118282,0.0
2024-02-28,562,565,548,565,155056,0.005338078291814874
2024-02-29,563,659,556,599,3318603,0.060176991150442394
2024-03-04,599,610,592,597,398089,-0.0033388981636059967
2024-03-05,596,609,595,600,216014,0.005025125628140614
2024-03-06,604,604,576,591,229971,-0.015000000000000013
2024-03-07,591,591,579,585,77831,-0.010152284263959421
2024-03-08,580,590,579,583,171713,-0.0034188034188034067
2024-03-11,590,590,575,582,63411,-0.0017152658662092923
2024-03-12,582,590,577,589,86594,0.012027491408934665
2024-03-13,591,597,579,593,117610,0.00679117147707986
2024-03-14,593,595,586,589,39114,-0.006745362563237767
2024-03-15,589,590,581,584,55592,-0.008488964346349714
2024-03-18,590,590,583,587,32473,0.005136986301369939
2024-03-19,584,591,578,579,45956,-0.013628620102214661
2024-03-20,584,584,570,575,130446,-0.006908462867012077
2024-03-21,580,586,575,585,98785,0.017391304347825987
2024-03-22,590,590,567,571,487209,-0.023931623931623958
2024-03-25,571,572,555,559,469571,-0.021015761821365997
2024-03-26,557,577,554,570,132572,0.019677996422182487
2024-03-27,573,575,565,569,74202,-0.0017543859649122862
2024-03-28,569,569,558,559,120325,-0.017574692442882234
2024-03-29,559,561,554,559,158703,0.0
2024-04-01,554,563,554,562,107854,0.005366726296958779
2024-04-02,562,563,555,559,98628,-0.005338078291814985
2024-04-03,557,560,548,555,133725,-0.007155635062611854
2024-04-04,558,565,555,563,63545,0.01441441441441449
2024-04-05,567,570,555,564,137132,0.001776198934280604
2024-04-08,568,580,556,569,129486,0.00886524822695045
2024-04-09,572,580,562,580,112651,0.019332161687170446
2024-04-11,580,584,573,583,111713,0.005172413793103514
2024-04-12,582,594,575,592,180560,0.015437392795883298
2024-04-15,590,592,579,590,110440,-0.0033783783783783994
2024-04-16,587,593,577,582,116388,-0.013559322033898313
2024-04-17,589,591,584,590,92241,0.013745704467353903
2024-04-18,586,590,582,589,165324,-0.0016949152542372614
2024-04-19,587,587,573,579,175310,-0.01697792869269954
2024-04-22,574,584,574,581,87160,0.003454231433505983
2024-04-23,581,583,579,582,99536,0.001721170395869276
2024-04-24,586,586,580,585,52271,0.005154639175257714
2024-04-25,580,586,579,582,51281,-0.00512820512820511
2024-04-26,582,596,576,596,125263,0.02405498281786933
2024-04-29,600,600,588,593,272644,-0.005033557046979831
2024-04-30,596,606,590,593,192349,0.0
2024-05-02,597,600,592,596,117458,0.005059021922428242
2024-05-03,595,599,592,597,212328,0.001677852348993314
2024-05-07,598,601,597,600,127217,0.005025125628140614
2024-05-08,600,617,600,616,206192,0.026666666666666616
2024-05-09,617,631,616,620,289921,0.006493506493506551
2024-05-10,620,641,614,633,217351,0.020967741935483897
2024-05-13,629,641,617,632,392922,-0.0015797788309637184
2024-05-14,629,639,622,638,189234,0.009493670886076
2024-05-16,640,654,638,653,276207,0.023510971786833812
2024-05-17,645,666,642,660,265331,0.010719754977029039
2024-05-20,660,660,629,641,321202,-0.028787878787878807
2024-05-21,641,660,635,650,341537,0.014040561622464809
2024-05-22,648,648,639,645,181416,-0.007692307692307665
2024-05-23,644,659,629,649,169307,0.006201550387596955
2024-05-24,635,654,630,639,132802,-0.015408320493066285
2024-05-27,640,640,627,634,152339,-0.007824726134585291
2024-05-28,636,636,620,626,186618,-0.012618296529968487
2024-05-29,620,620,605,605,138780,-0.033546325878594296
2024-05-30,605,605,589,600,292574,-0.008264462809917328
2024-05-31,597,612,594,611,100957,0.018333333333333313
2024-06-03,615,633,615,626,359875,0.02454991816693952
2024-06-04,633,635,620,625,171982,-0.0015974440894568342
2024-06-05,625,650,615,631,263395,0.009600000000000053
2024-06-07,630,639,626,634,93435,0.004754358161648264
2024-06-10,634,634,624,632,55660,-0.003154574132492094
2024-06-11,643,643,617,627,153407,-0.007911392405063333
2024-06-12,629,630,619,628,71972,0.0015948963317384823
2024-06-13,630,641,618,623,126574,-0.0079617834394905
2024-06-14,620,625,612,621,74313,-0.0032102728731941976
2024-06-17,621,637,617,630,150865,0.01449275362318847
2024-06-18,629,641,622,637,92172,0.011111111111111072
2024-06-19,637,640,626,631,105825,-0.009419152276295084
2024-06-20,635,635,620,627,98215,-0.006339144215530945
2024-06-21,627,628,614,621,62098,-0.009569377990430672
2024-06-24,621,626,612,621,70182,0.0
2024-06-25,620,629,615,627,42896,0.009661835748792313
2024-06-26,627,631,615,619,104423,-0.012759170653907526
2024-06-27,619,621,612,619,93942,0.0
2024-06-28,617,624,616,623,65798,0.00646203554119551
2024-07-01,618,625,614,623,89712,0.0
2024-07-02,625,625,613,614,71300,-0.014446227929374
2024-07-03,614,617,605,609,93715,-0.008143322475570036
2024-07-04,612,613,604,609,48154,0.0
2024-07-05,609,612,603,609,113297,0.0
2024-07-08,607,623,605,619,139070,0.016420361247947435
2024-07-09,625,625,613,618,43234,-0.001615508885298822
2024-07-10,619,620,607,612,65303,-0.009708737864077666
2024-07-11,617,617,608,615,32165,0.004901960784313708
2024-07-12,617,620,615,618,26819,0.004878048780487809
2024-07-15,612,627,606,627,67682,0.014563106796116498
2024-07-16,630,638,623,629,101212,0.0031897926634769647
2024-07-17,628,630,620,625,92836,-0.006359300476947549
2024-07-18,617,626,611,620,60988,-0.008000000000000007
2024-07-19,615,617,609,614,92582,-0.009677419354838679
2024-07-22,607,619,607,617,54409,0.004885993485342022
2024-07-23,622,622,609,616,49128,-0.0016207455429497752
2024-07-24,617,620,610,615,64040,-0.0016233766233766378
2024-07-25,614,615,607,615,71642,0.0
2024-07-26,612,618,610,618,31228,0.004878048780487809
2024-07-29,620,631,618,625,56358,0.01132686084142387
2024-07-30,632,632,617,621,74441,-0.006399999999999961
2024-07-31,617,623,614,623,30313,0.0032206119162641045
2024-08-01,634,634,617,623,30033,0.0
2024-08-02,623,623,606,613,55165,-0.0160513643659711
2024-08-05,612,612,526,558,208276,-0.08972267536704726
2024-08-06,507,573,507,570,299875,0.021505376344086002
2024-08-07,556,580,556,576,73606,0.010526315789473717
2024-08-08,577,577,558,566,82464,-0.01736111111111116
2024-08-09,567,581,567,581,47637,0.026501766784452263
2024-08-12,580,613,576,613,88581,0.055077452667814164
2024-08-13,617,617,594,606,67283,-0.011419249592169667
2024-08-14,605,610,595,606,41452,0.0
2024-08-16,617,624,613,621,132878,0.024752475247524774
2024-08-19,615,622,608,619,129868,-0.0032206119162641045
2024-08-20,619,623,612,620,113618,0.001615508885298933
2024-08-21,620,626,611,620,77441,0.0
2024-08-22,616,623,612,618,54942,-0.003225806451612856
2024-08-23,618,618,614,618,41997,0.0
2024-08-26,624,624,615,621,27820,0.004854368932038833
2024-08-27,623,623,615,620,66462,-0.0016103059581320522
2024-08-28,620,620,612,618,40593,-0.003225806451612856
2024-08-29,617,617,606,615,55267,-0.004854368932038833
2024-08-30,615,618,605,614,79141,-0.001626016260162566
2024-09-02,608,611,606,608,91440,-0.009771986970684043
2024-09-03,615,615,605,605,42971,-0.004934210526315819
2024-09-04,600,600,565,569,305766,-0.05950413223140494
2024-09-05,569,575,550,565,244757,-0.007029876977152849
2024-09-06,562,566,550,566,239695,0.001769911504424737
2024-09-09,560,565,550,556,69226,-0.017667844522968212
2024-09-10,557,572,557,568,74989,0.021582733812949728
2024-09-11,568,568,555,560,87632,-0.014084507042253502
2024-09-12,560,571,558,567,56372,0.012499999999999956
2024-09-13,573,586,566,582,44768,0.02645502645502651
2024-09-19,576,594,575,582,110506,0.0
2024-09-20,586,591,580,581,60572,-0.0017182130584192379
2024-09-23,581,599,572,576,139143,-0.008605851979345935
2024-09-24,574,581,570,577,59879,0.0017361111111111605
2024-09-25,577,586,575,582,84041,0.008665511265164572
2024-09-26,582,585,579,584,20344,0.0034364261168384758
2024-09-27,582,591,576,589,63298,0.008561643835616417
2024-09-30,594,594,580,586,47747,-0.005093378607809895
2024-10-02,585,585,574,582,27287,-0.0068259385665528916
2024-10-04,579,582,571,580,65991,-0.0034364261168384758
2024-10-07,580,584,574,584,40535,0.006896551724137945
2024-10-08,588,588,571,575,70346,-0.015410958904109595
2024-10-10,583,583,573,580,65849,0.008695652173912993
2024-10-11,580,585,571,577,95047,-0.005172413793103403
2024-10-14,577,578,567,577,42021,0.0
2024-10-15,574,578,570,576,89655,-0.0017331022530329143
2024-10-16,582,582,573,575,13567,-0.0017361111111111605
2024-10-17,575,585,567,573,43261,-0.003478260869565264
2024-10-18,583,583,571,576,15819,0.005235602094240788
2024-10-21,573,578,566,568,21806,-0.01388888888888884
2024-10-22,574,581,563,573,52900,0.008802816901408494
2024-10-23,572,579,563,570,81055,-0.005235602094240788
2024-10-24,570,573,561,563,70598,-0.012280701754386003
2024-10-25,570,572,550,562,102671,-0.001776198934280604
2024-10-28,552,562,552,557,81952,-0.008896797153024938
2024-10-29,561,563,557,560,55516,0.0053859964093356805
2024-10-30,548,570,548,568,212298,0.014285714285714235
2024-10-31,564,582,554,582,82493,0.02464788732394374
2024-11-01,582,582,565,573,102052,-0.015463917525773141
2024-11-04,574,575,564,573,102597,0.0
2024-11-05,579,579,563,573,175204,0.0
2024-11-06,565,572,556,570,226733,-0.005235602094240788
2024-11-07,570,570,560,569,46634,-0.0017543859649122862
2024-11-08,564,575,564,570,58573,0.0017574692442883233
2024-11-11,570,577,555,570,79520,0.0
2024-11-12,567,567,550,556,86647,-0.024561403508771895
2024-11-13,556,556,538,547,124488,-0.01618705035971224
2024-11-14,547,547,536,545,46130,-0.003656307129798919
2024-11-15,552,552,529,536,231372,-0.016513761467889854
2024-11-18,536,540,530,535,178237,-0.001865671641791078
2024-11-19,536,540,532,536,51786,0.0018691588785046953
2024-11-20,538,541,528,535,74641,-0.001865671641791078
2024-11-21,530,538,529,537,60418,0.0037383177570093906
2024-11-22,537,537,527,536,80394,-0.0018621973929237035
2024-11-25,536,537,530,536,96915,0.0
2024-11-26,535,536,526,528,118765,-0.014925373134328401
2024-11-27,526,529,513,516,454852,-0.022727272727272707
2024-11-28,530,530,510,510,101544,-0.011627906976744207
2024-11-29,515,515,500,510,125889,0.0
2024-12-02,521,521,496,498,133384,-0.02352941176470591
2024-12-03,497,505,483,495,298054,-0.0060240963855421326
2024-12-04,490,493,465,468,469850,-0.054545454545454564
2024-12-05,474,474,459,465,127746,-0.0064102564102563875
2024-12-06,483,483,446,467,137894,0.004301075268817289
2024-12-09,461,461,440,449,143623,-0.03854389721627405
2024-12-10,449,471,448,471,125914,0.04899777282850781
2024-12-11,467,489,464,477,113901,0.01273885350318471
2024-12-12,477,494,474,486,133185,0.018867924528301883
2024-12-13,485,499,480,486,148804,0.0
2024-12-16,486,492,483,491,119780,0.010288065843621297
2024-12-17,490,505,483,486,50460,-0.010183299389002087
2024-12-18,486,491,480,491,47525,0.010288065843621297
2024-12-19,487,490,480,490,61837,-0.0020366598778004397
2024-12-20,488,488,480,487,48157,-0.006122448979591799
2024-12-23,487,580,482,506,3363115,0.03901437371663241
2024-12-24,500,517,488,496,276736,-0.01976284584980237
2024-12-26,495,505,486,495,70771,-0.0020161290322581182
2024-12-27,490,495,478,490,86901,-0.010101010101010055
2024-12-30,489,495,482,487,67298,-0.006122448979591799
2025-01-02,509,509,479,487,141917,0.0
2025-01-03,485,498,485,493,72139,0.012320328542094527
2025-01-06,494,510,493,498,48305,0.010141987829614507
2025-01-07,498,511,496,502,28651,0.008032128514056325
2025-01-08,502,511,490,501,69002,-0.0019920318725099584
2025-01-09,509,509,492,502,105324,0.001996007984031989
2025-01-10,502,507,498,505,64256,0.005976095617529875
2025-01-13,505,505,496,501,41937,-0.007920792079207928
2025-01-14,500,509,493,503,73052,0.003992015968063978
2025-01-15,500,503,492,492,106125,-0.021868787276341894
2025-01-16,495,503,494,500,39163,0.016260162601626105
2025-01-17,496,501,493,495,82219,-0.010000000000000009
2025-01-20,495,503,492,494,77990,-0.002020202020202033
2025-01-21,494,498,490,495,65649,0.002024291497975783
2025-01-22,495,505,490,498,99503,0.0060606060606061
2025-01-23,498,505,492,497,26989,-0.002008032128514081
2025-01-24,495,505,490,500,54643,0.006036217303822866
2025-01-31,500,500,492,499,34700,-0.0020000000000000018
2025-02-03,497,503,485,489,70786,-0.02004008016032066
2025-02-04,494,500,481,490,38653,0.002044989775051187
2025-02-05,493,493,488,492,50478,0.004081632653061273
2025-02-06,493,498,489,492,31812,0.0
2025-02-07,493,500,485,492,52550,0.0
2025-02-10,495,495,487,491,19224,-0.002032520325203291
2025-02-11,491,491,482,489,138191,-0.004073319755600768
2025-02-12,489,489,482,482,52251,-0.014314928425357865
2025-02-13,484,489,480,483,55555,0.0020746887966804906
2025-02-14,488,488,479,483,89917,0.0
2025-02-17,486,486,479,485,24974,0.0041407867494824835
2025-02-18,485,485,479,485,42398,0.0
2025-02-19,485,487,470,478,194426,-0.014432989690721598
2025-02-20,478,487,477,484,23809,0.012552301255230214
2025-02-21,485,489,478,489,94609,0.010330578512396604
2025-02-24,485,490,480,486,48711,-0.006134969325153339
2025-02-25,488,493,483,485,76214,-0.002057613168724326
2025-02-26,487,493,484,493,46315,0.016494845360824684
2025-02-27,498,511,492,500,157946,0.014198782961460488
2025-02-28,501,508,485,498,100492,-0.0040000000000000036
2025-03-04,495,495,488,488,40866,-0.02008032128514059
2025-03-05,485,488,477,485,210393,-0.006147540983606592
2025-03-06,488,489,482,488,27496,0.006185567010309256
2025-03-07,487,487,480,485,45246,-0.006147540983606592
2025-03-10,484,488,481,488,8024,0.006185567010309256
2025-03-11,485,490,478,490,64751,0.004098360655737654
2025-03-12,491,494,477,484,40084,-0.01224489795918371
2025-03-13,495,497,478,484,63483,0.0
2025-03-14,490,490,482,490,60029,0.012396694214876103
2025-03-17,485,497,485,495,38415,0.010204081632652962
2025-03-18,499,499,487,487,16946,-0.016161616161616155
2025-03-19,494,494,484,487,27032,0.0
2025-03-20,496,496,485,489,27921,0.004106776180698102
2025-03-21,489,491,486,491,37414,0.004089979550102152
2025-03-24,496,496,485,493,58447,0.004073319755600879
2025-03-25,493,495,484,494,79434,0.0020283975659229903
2025-03-26,493,496,485,493,74728,-0.002024291497975672
2025-03-27,492,492,483,484,55388,-0.018255578093306246
2025-03-28,486,486,473,486,82070,0.004132231404958775
2025-03-31,485,492,475,481,36361,-0.010288065843621408
2025-04-01,490,490,479,485,17069,0.008316008316008316
2025-04-02,484,492,479,489,26029,0.008247422680412342
2025-04-03,489,489,479,479,51786,-0.020449897750511203
2025-04-04,482,493,478,487,41814,0.016701461377870652
2025-04-07,484,489,475,487,129681,0.0
2025-04-08,487,504,487,504,66590,0.03490759753593431
2025-04-09,504,518,476,489,178240,-0.029761904761904767
2025-04-10,500,506,490,493,74894,0.008179959100204526
2025-04-11,505,505,492,496,29776,0.006085192697768749
2025-04-14,497,515,494,510,110895,0.02822580645161299
2025-04-15,510,516,504,509,65569,-0.0019607843137254832
2025-04-16,509,514,504,506,50961,-0.005893909626719096
2025-04-17,511,511,506,509,27213,0.005928853754940677
2025-04-18,514,515,507,513,32803,0.007858546168958647
2025-04-21,513,520,511,520,54292,0.013645224171539905
2025-04-22,520,524,515,524,27199,0.007692307692307665
2025-04-23,522,536,522,532,97030,0.01526717557251911
2025-04-24,538,545,532,539,99865,0.013157894736842035
2025-04-25,539,550,532,546,406598,0.01298701298701288
2025-04-28,545,560,541,552,245604,0.01098901098901095
2025-04-29,552,556,544,548,89241,-0.007246376811594235
2025-04-30,546,553,530,545,157409,-0.005474452554744547
2025-05-02,540,540,532,534,61430,-0.020183486238532056
2025-05-07,534,534,527,530,46919,-0.0074906367041198685
2025-05-08,530,530,496,520,108045,-0.018867924528301883
2025-05-09,515,532,513,522,24521,0.0038461538461538325
2025-05-12,520,548,516,533,386787,0.021072796934865856
2025-05-13,533,540,529,531,23289,-0.0037523452157598447
2025-05-14,529,534,519,523,45726,-0.015065913370998163
2025-05-15,528,533,520,523,35384,0.0
2025-05-16,526,527,505,514,122763,-0.017208413001912004
2025-05-19,514,523,494,505,104925,-0.017509727626459193
2025-05-20,505,509,500,505,77380,0.0
2025-05-21,509,509,495,497,103668,-0.015841584158415856
2025-05-22,500,500,489,490,89014,-0.014084507042253502
2025-05-23,495,495,480,481,166714,-0.01836734693877551
2025-05-26,481,500,481,495,80368,0.029106029106028997
2025-05-27,493,498,480,495,158457,0.0
2025-05-28,492,492,480,483,139836,-0.024242424242424288
2025-05-29,485,491,470,488,218777,0.010351966873705987
2025-05-30,488,490,478,479,129484,-0.018442622950819665
2025-06-02,479,488,474,488,121320,0.018789144050104456
2025-06-04,487,487,476,479,140512,-0.018442622950819665
2025-06-05,480,491,477,484,194065,0.010438413361169019
2025-06-09,484,496,483,490,158773,0.012396694214876103
2025-06-10,490,490,484,490,130584,0.0
2025-06-11,490,492,485,490,168496,0.0
2025-06-12,492,495,485,494,142960,0.008163265306122547
2025-06-13,496,496,485,490,209890,-0.0080971659919028
2025-06-16,490,493,484,492,124889,0.004081632653061273
2025-06-17,491,492,480,489,141158,-0.0060975609756097615
2025-06-18,489,493,486,489,42483,0.0
2025-06-19,489,495,487,490,24406,0.002044989775051187
2025-06-20,492,492,484,490,172987,0.0
2025-06-23,492,494,482,484,66971,-0.01224489795918371
2025-06-24,488,494,482,485,318622,0.0020661157024792765
2025-06-25,488,490,484,489,49333,0.008247422680412342
2025-06-26,493,501,485,490,111563,0.002044989775051187
2025-06-27,493,493,484,493,106175,0.00612244897959191
2025-06-30,493,494,483,487,138391,-0.012170385395537497
2025-07-01,487,512,485,499,366719,0.024640657084188833
2025-07-02,500,500,493,499,46389,0.0
2025-07-03,499,505,488,498,249499,-0.002004008016032066
2025-07-04,498,502,495,499,221563,0.002008032128514081
2025-07-07,499,501,496,500,39952,0.002004008016031955
2025-07-08,500,537,494,508,523463,0.016000000000000014
2025-07-09,506,515,506,515,98401,0.013779527559055094
2025-07-10,510,520,508,519,70160,0.007766990291262044
2025-07-11,520,527,510,519,235815,0.0
2025-07-14,518,535,517,521,139312,0.003853564547206201
2025-07-15,521,525,518,522,14522,0.0019193857965451588
2025-07-16,522,526,515,515,38276,-0.013409961685823757
2025-07-17,524,524,507,515,61092,0.0
2025-07-18,510,529,503,516,138868,0.001941747572815622
2025-07-21,511,543,505,518,256201,0.003875968992248069
2025-07-22,515,531,511,524,133661,0.01158301158301156
2025-07-23,527,527,514,524,39123,0.0
2025-07-24,519,529,500,513,217047,-0.020992366412213692
2025-07-25,509,513,499,502,195580,-0.021442495126705707
2025-07-28,500,515,480,488,615029,-0.027888446215139417
2025-07-29,490,495,483,489,41039,0.002049180327868827
2025-07-30,496,506,487,498,65647,0.018404907975460016
2025-07-31,502,504,488,498,95210,0.0
2025-08-01,497,497,482,488,81289,-0.02008032128514059
2025-08-04,488,494,482,490,24063,0.004098360655737654
2025-08-05,500,500,485,492,34624,0.004081632653061273
2025-08-06,494,494,488,493,47446,0.00203252032520318
2025-08-07,488,493,487,493,33528,0.0
2025-08-08,497,497,485,488,42446,-0.010141987829614618
2025-08-11,494,501,478,499,102407,0.02254098360655732
2025-08-12,498,498,490,495,73656,-0.008016032064128265
2025-08-13,495,496,488,489,33075,-0.012121212121212088
2025-08-14,493,497,485,495,126787,0.012269938650306678
2025-08-18,495,501,489,490,29308,-0.010101010101010055
2025-08-19,493,495,489,493,21518,0.00612244897959191
2025-08-20,493,493,480,484,118222,-0.018255578093306246
2025-08-21,488,492,481,484,80522,0.0
2025-08-22,492,492,482,487,47084,0.006198347107438051
2025-08-25,492,497,486,487,32398,0.0
2025-08-26,492,495,484,492,103528,0.010266940451745477
2025-08-27,495,495,488,493,32909,0.00203252032520318
2025-08-28,493,495,480,482,89346,-0.022312373225152116
2025-08-29,485,488,480,486,44536,0.008298755186721962
2025-09-01,486,494,485,487,108178,0.002057613168724215
2025-09-02,494,494,485,487,60602,0.0
2025-09-03,487,491,484,485,65079,-0.004106776180698102
2025-09-04,491,492,484,484,15586,-0.0020618556701030855
2025-09-05,491,492,485,485,6558,0.0020661157024792765
2025-09-08,491,491,483,486,42287,0.0020618556701030855
2025-09-09,484,493,478,482,184321,-0.008230452674897082
2025-09-10,487,489,482,487,26210,0.010373443983402453
2025-09-11,490,492,480,487,122305,0.0
2025-09-12,489,489,484,487,31746,0.0
2025-09-15,490,501,481,490,299109,0.006160164271047153
2025-09-16,490,492,481,486,69247,-0.008163265306122436
2025-09-17,488,488,481,485,67289,-0.002057613168724326
2025-09-18,485,488,479,484,108631,-0.0020618556701030855
2025-09-19,484,489,480,482,105669,-0.004132231404958664
2025-09-22,482,486,478,482,118214,0.0
2025-09-23,482,489,477,481,54736,-0.0020746887966804906
2025-09-24,482,487,478,482,108072,0.0020790020790020236
2025-09-25,487,487,479,485,66743,0.006224066390041472
2025-09-26,484,487,471,477,109041,-0.016494845360824795
2025-09-29,473,480,473,479,35369,0.004192872117400492
2025-09-30,484,484,475,479,33393,0.0
2025-10-01,480,482,474,479,61739,0.0
2025-10-02,479,483,473,481,65900,0.0041753653444676075
2025-10-10,481,490,470,476,153534,-0.01039501039501034
2025-10-13,470,482,469,472,125212,-0.008403361344537785
2025-10-14,472,476,470,472,49671,0.0
2025-10-15,479,480,470,472,86566,0.0
2025-10-16,478,481,471,474,93395,0.004237288135593209
2025-10-17,474,477,472,473,57117,-0.002109704641350185
2025-10-20,473,477,469,473,82628,0.0
2025-10-21,473,479,470,475,159255,0.0042283298097252064
2025-10-22,475,475,468,472,107027,-0.0063157894736841635
2025-10-23,476,476,470,473,76530,0.0021186440677967155
2025-10-24,472,476,468,471,101910,-0.0042283298097252064
2025-10-27,475,475,460,464,284055,-0.014861995753715496
2025-10-28,465,471,463,467,74567,0.006465517241379226
2025-10-29,469,469,464,468,61053,0.0021413276231263545
2025-10-30,468,478,464,468,132508,0.0
2025-10-31,469,473,465,470,76525,0.004273504273504258
2025-11-03,470,472,464,470,100061,0.0
2025-11-04,470,470,449,461,113043,-0.019148936170212738
2025-11-05,467,467,456,462,56194,0.002169197396963085
2025-11-06,473,473,460,464,56251,0.0043290043290042934
2025-11-07,470,470,458,460,32057,-0.008620689655172376
2025-11-10,460,470,458,470,133604,0.021739130434782705
2025-11-11,482,496,465,474,267374,0.008510638297872353
2025-11-12,478,483,472,478,111931,0.00843881856540074
2025-11-13,477,485,475,483,199284,0.010460251046025215
2025-11-14,479,495,470,483,177436,0.0
2025-11-17,482,482,471,471,127216,-0.024844720496894457
2025-11-18,479,479,465,470,69217,-0.002123142250530785
2025-11-19,470,471,463,470,71593,0.0
2025-11-20,471,474,466,471,48683,0.0021276595744681437
2025-11-21,472,473,465,465,39981,-0.01273885350318471
2025-11-24,465,471,459,465,107996,0.0
2025-11-25,462,480,462,469,88048,0.008602150537634357
2025-11-26,479,492,468,476,132325,0.014925373134328401
2025-11-27,480,485,474,480,52872,0.008403361344537785
2025-11-28,480,483,475,483,85531,0.006250000000000089
2025-12-01,483,483,477,480,78793,-0.006211180124223614
2025-12-02,480,483,471,483,144601,0.006250000000000089
2025-12-03,484,499,479,490,249441,0.01449275362318847
2025-12-04,487,495,483,489,91004,-0.0020408163265306367
2025-12-05,487,495,483,495,41076,0.012269938650306678
2025-12-08,498,498,485,491,197465,-0.008080808080808133
2025-12-09,493,493,486,492,68198,0.0020366598778003286
2025-12-10,492,496,479,486,160405,-0.012195121951219523
2025-12-11,489,495,482,494,140339,0.016460905349794164
2025-12-12,492,496,490,494,81799,0.0
2025-12-15,493,494,483,491,42614,-0.006072874493927127
2025-12-16,492,499,482,493,244914,0.004073319755600879
2025-12-17,494,501,491,496,405735,0.006085192697768749
2025-12-18,496,496,489,495,66561,-0.0020161290322581182
2025-12-19,493,496,488,494,48190,-0.002020202020202033
2025-12-22,493,496,490,493,107794,-0.002024291497975672
2025-12-23,496,496,485,492,141337,-0.0020283975659228792
2025-12-24,499,499,488,491,139063,-0.002032520325203291
2025-12-26,492,496,486,493,69115,0.004073319755600879
2025-12-29,492,495,491,493,60838,0.0
2025-12-30,493,494,487,492,45764,-0.0020283975659228792
2026-01-02,492,495,485,486,125628,-0.012195121951219523
2026-01-05,490,492,479,487,326289,0.002057613168724215
2026-01-06,487,490,484,490,69991,0.006160164271047153
2026-01-07,490,493,487,491,74657,0.0020408163265306367
2026-01-08,491,493,481,485,227852,-0.012219959266802416
2026-01-09,484,494,481,487,142283,0.004123711340206171
2026-01-12,487,492,472,486,484806,-0.002053388090349051
2026-01-13,486,495,483,494,207627,0.016460905349794164
2026-01-14,495,532,485,529,1076417,0.07085020242914974
2026-01-15,538,650,519,574,15219130,0.08506616257088839
2026-01-16,565,569,531,538,2165857,-0.06271777003484325
2026-01-19,540,552,523,537,906441,-0.0018587360594795044
2026-01-20,537,539,521,521,628579,-0.029795158286778367
2026-01-21,520,555,515,538,1377597,0.03262955854126681
2026-01-22,547,547,520,529,596033,-0.016728624535315983
2026-01-23,529,549,519,537,762624,0.01512287334593565
2026-01-26,538,551,506,535,411242,-0.003724394785847296
2026-01-27,533,535,518,528,361798,-0.013084112149532756
2026-01-28,527,559,520,550,725413,0.04166666666666674
2026-01-29,545,547,534,541,373875,-0.016363636363636358
2026-01-30,547,547,533,540,257628,-0.001848428835489857
2026-02-02,540,540,521,521,289740,-0.03518518518518521
2026-02-03,528,541,526,540,212795,0.03646833013435691
2026-02-04,538,591,524,591,1165741,0.09444444444444455
2026-02-05,591,601,569,591,842312,0.0
2026-02-06,590,590,555,585,475976,-0.010152284263959421
2026-02-09,580,595,569,569,499036,-0.027350427350427364
2026-02-10,573,594,573,586,315590,0.02987697715289972
2026-02-11,586,592,576,583,250692,-0.005119453924914641
2026-02-12,583,615,577,591,558612,0.013722126929674117
