Date,Open,High,Low,Close,Volume,Change
2022-01-03,7640,7680,7550,7630,32073,-0.002614379084967311
2022-01-04,7780,7780,7390,7440,72032,-0.02490170380078638
2022-01-05,7550,7550,7280,7350,42528,-0.012096774193548376
2022-01-06,7350,7400,7150,7160,42466,-0.025850340136054473
2022-01-07,7200,7640,7170,7460,45322,0.04189944134078205
2022-01-10,7460,7590,7400,7520,32330,0.008042895442359255
2022-01-11,7510,7600,7500,7520,27291,0.0
2022-01-12,7620,7660,7440,7610,33320,0.01196808510638303
2022-01-13,7610,7720,7560,7670,27583,0.007884362680683266
2022-01-14,7670,8080,7570,7860,132926,0.024771838331160367
2022-01-17,7860,7910,7450,7810,176475,-0.006361323155216314
2022-01-18,7900,8010,7690,7810,96584,0.0
2022-01-19,7750,8150,5990,6700,1216680,-0.14212548015364912
2022-01-20,6690,7440,6630,7330,205901,0.09402985074626868
2022-01-21,7470,7650,7160,7500,146146,0.023192360163710735
2022-01-24,7430,7470,7270,7380,28363,-0.016000000000000014
2022-01-25,7270,7340,6820,6930,85197,-0.060975609756097615
2022-01-26,6810,6930,6660,6800,41973,-0.018759018759018753
2022-01-27,6800,7110,6410,6500,56328,-0.044117647058823484
2022-01-28,6500,6850,6300,6550,60670,0.007692307692307665
2022-02-03,6690,6770,6590,6690,17506,0.021374045801526798
2022-02-04,6690,6830,6530,6750,38544,0.008968609865470878
2022-02-07,6870,6870,6700,6750,18620,0.0
2022-02-08,6800,6890,6710,6860,32268,0.016296296296296253
2022-02-09,6870,6990,6800,6950,20171,0.013119533527696792
2022-02-10,7050,7100,6710,7030,43727,0.011510791366906581
2022-02-11,7000,7120,6780,6940,15908,-0.012802275960170695
2022-02-14,6850,7320,6760,6940,76132,0.0
2022-02-15,6950,6970,6280,6790,148054,-0.021613832853025983
2022-02-16,6840,7630,6810,7630,269987,0.12371134020618557
2022-02-17,7630,7810,7500,7680,91888,0.006553079947575258
2022-02-18,7670,7800,7430,7570,79063,-0.01432291666666663
2022-02-21,7470,7560,7350,7530,37342,-0.005284015852047519
2022-02-22,7380,7870,7200,7830,141166,0.03984063745019917
2022-02-23,7830,7910,7450,7680,101260,-0.019157088122605415
2022-02-24,7680,7680,7150,7150,92739,-0.06901041666666663
2022-02-25,7330,7530,7190,7390,38723,0.03356643356643363
2022-02-28,7400,7740,7230,7370,59792,-0.0027063599458727605
2022-03-02,7300,7530,7300,7490,21494,0.016282225237449044
2022-03-03,7420,7540,7370,7430,30634,-0.008010680907877155
2022-03-04,7400,7500,7320,7370,14265,-0.008075370121130576
2022-03-07,7370,7370,7150,7250,32140,-0.016282225237449155
2022-03-08,7480,7480,7180,7200,20773,-0.006896551724137945
2022-03-10,7350,7480,7270,7390,31687,0.026388888888888795
2022-03-11,7400,7630,7350,7620,214076,0.0311231393775373
2022-03-14,7450,7940,7450,7800,224019,0.023622047244094446
2022-03-15,7800,7820,7620,7780,52286,-0.002564102564102555
2022-03-16,7800,7850,7650,7760,54864,-0.0025706940874036244
2022-03-17,7780,8100,7270,7290,404416,-0.06056701030927836
2022-03-18,7320,7680,7220,7620,121756,0.04526748971193406
2022-03-21,7720,7760,7480,7510,82070,-0.014435695538057791
2022-03-22,7510,7720,7510,7610,66980,0.013315579227696439
2022-03-23,7680,7800,7590,7630,95698,0.0026281208935610145
2022-03-24,7720,7720,7410,7530,72105,-0.013106159895150737
2022-03-25,7600,7700,7440,7700,121002,0.02257636122177953
2022-03-28,7700,7700,7420,7560,105333,-0.018181818181818188
2022-03-29,7670,7890,7500,7690,327978,0.01719576719576721
2022-03-30,7870,7870,7510,7690,119223,0.0
2022-03-31,7580,7740,7330,7490,276021,-0.026007802340702213
2022-04-01,7480,7480,7210,7420,135663,-0.009345794392523366
2022-04-04,7420,7690,7420,7650,221030,0.030997304582210283
2022-04-05,7700,7700,7450,7520,91574,-0.016993464052287632
2022-04-06,7500,7800,7450,7500,199398,-0.0026595744680850686
2022-04-07,7480,7590,7260,7430,100649,-0.009333333333333305
2022-04-08,7470,7470,7240,7260,61190,-0.02288021534320328
2022-04-11,7280,7280,7050,7090,93486,-0.023415977961432466
2022-04-12,7070,7090,6890,6970,57701,-0.016925246826516194
2022-04-13,6970,7170,6970,7120,31059,0.021520803443328518
2022-04-14,7180,7180,7060,7100,22504,-0.002808988764044895
2022-04-15,7040,7070,6940,6960,54636,-0.019718309859154903
2022-04-18,7070,7070,6870,6880,46736,-0.011494252873563204
2022-04-19,6840,6920,6760,6870,63567,-0.0014534883720930258
2022-04-20,6950,6980,6740,6800,65415,-0.010189228529839833
2022-04-21,6800,6800,6600,6690,64744,-0.016176470588235348
2022-04-22,6660,6690,6400,6400,164786,-0.0433482810164425
2022-04-25,6440,6440,6110,6160,109115,-0.03749999999999998
2022-04-26,6270,6300,6160,6240,50989,0.01298701298701288
2022-04-27,6160,6190,6000,6080,93225,-0.02564102564102566
2022-04-28,6080,6120,5980,5990,42278,-0.014802631578947345
2022-04-29,6020,6150,5990,6030,49581,0.006677796327211993
2022-05-02,6010,6330,5980,6320,74201,0.04809286898839127
2022-05-03,6320,6590,6320,6470,95471,0.023734177215189778
2022-05-04,6500,6710,6500,6610,78144,0.021638330757341562
2022-05-06,6470,6530,6330,6520,31794,-0.013615733736762503
2022-05-09,6430,6430,6270,6280,26301,-0.036809815950920255
2022-05-10,6240,6270,6050,6220,30416,-0.009554140127388533
2022-05-11,6180,6450,6170,6230,31851,0.001607717041800738
2022-05-12,6290,6290,6000,6050,36932,-0.028892455858748
2022-05-13,6050,6120,6010,6070,41098,0.0033057851239668423
2022-05-16,6300,6460,6120,6390,84951,0.05271828665568368
2022-05-17,6290,6310,6210,6220,28197,-0.026604068857590035
2022-05-18,6170,6200,6060,6060,47661,-0.025723472668810254
2022-05-19,6040,6050,5960,5960,53553,-0.01650165016501648
2022-05-20,5960,6120,5950,5970,20103,0.001677852348993314
2022-05-23,5970,6010,5770,5980,43520,0.0016750418760469454
2022-05-24,5920,5980,5790,5880,83010,-0.01672240802675584
2022-05-25,5880,5960,5810,5960,27334,0.013605442176870763
2022-05-26,6000,6000,5850,5900,30616,-0.010067114093959773
2022-05-27,5860,6030,5860,5910,26036,0.0016949152542373724
2022-05-30,5910,5980,5830,5900,23849,-0.0016920473773265332
2022-05-31,5890,6010,5890,5970,28897,0.011864406779660941
2022-06-02,5930,7370,5910,6750,6381012,0.1306532663316582
2022-06-03,6750,6850,6520,6520,506000,-0.034074074074074034
2022-06-07,6530,6590,6270,6340,256702,-0.027607361963190136
2022-06-08,6360,6390,6230,6250,106826,-0.014195583596214534
2022-06-09,6260,6660,6260,6370,271145,0.019200000000000106
2022-06-10,6370,6380,6160,6180,103019,-0.02982731554160123
2022-06-13,6170,6170,5870,5880,179725,-0.04854368932038833
2022-06-14,5760,5820,5530,5610,132772,-0.04591836734693877
2022-06-15,5610,5690,5160,5280,149127,-0.05882352941176472
2022-06-16,5360,5410,5130,5250,68107,-0.005681818181818232
2022-06-17,5100,5160,5020,5130,77678,-0.02285714285714291
2022-06-20,5150,5250,4830,4900,68602,-0.04483430799220278
2022-06-21,4945,4995,4825,4975,44611,0.015306122448979664
2022-06-22,4980,5080,4800,4800,56261,-0.035175879396984966
2022-06-23,4810,4910,4510,4630,85873,-0.03541666666666665
2022-06-24,4550,4890,4550,4865,39606,0.050755939524838034
2022-06-27,4910,5050,4835,5010,22225,0.029804727646454365
2022-06-28,5000,5040,4955,4955,19551,-0.010978043912175606
2022-06-29,4810,5070,4810,5050,16904,0.019172552976791213
2022-06-30,5050,5060,4960,4980,14624,-0.013861386138613874
2022-07-01,4980,5000,4800,4850,20497,-0.026104417670682722
2022-07-04,4805,4850,4670,4670,15026,-0.03711340206185565
2022-07-05,4605,4810,4605,4740,35839,0.01498929336188426
2022-07-06,4740,4955,4690,4800,38618,0.012658227848101333
2022-07-07,4800,4895,4720,4830,22896,0.006250000000000089
2022-07-08,4830,4910,4830,4890,17426,0.012422360248447228
2022-07-11,4940,5000,4840,4985,25681,0.01942740286298572
2022-07-12,4945,4945,4805,4860,13754,-0.025075225677031132
2022-07-13,4845,6310,4750,5680,5251264,0.16872427983539096
2022-07-14,5600,5750,5300,5300,434166,-0.06690140845070425
2022-07-15,5510,6330,5500,5670,2578872,0.06981132075471708
2022-07-18,5670,6180,5590,5720,877122,0.008818342151675429
2022-07-19,5830,5880,5610,5690,190045,-0.005244755244755206
2022-07-20,5730,5760,5410,5600,123827,-0.01581722319859402
2022-07-21,5580,5700,5520,5660,71650,0.010714285714285676
2022-07-22,5690,5690,5440,5460,66253,-0.035335689045936425
2022-07-25,5470,5660,5400,5610,52714,0.027472527472527375
2022-07-26,5690,5690,5530,5530,34703,-0.014260249554367221
2022-07-27,5520,5610,5480,5610,28040,0.014466546112115841
2022-07-28,5650,5650,5520,5550,29775,-0.010695187165775444
2022-07-29,5600,5800,5530,5740,125892,0.03423423423423433
2022-08-01,5780,5850,5610,5690,61050,-0.008710801393728262
2022-08-02,5700,5730,5480,5510,58501,-0.03163444639718804
2022-08-03,5510,5710,5490,5670,44136,0.029038112522685955
2022-08-04,5710,6490,5710,5990,2614442,0.0564373897707231
2022-08-05,6050,6840,6050,6710,2043825,0.12020033388981632
2022-08-08,6800,7740,6800,7540,2144221,0.1236959761549925
2022-08-09,7540,7690,7210,7230,412717,-0.04111405835543769
2022-08-10,7260,7750,7010,7290,315040,0.008298755186721962
2022-08-11,7290,8090,7230,8070,630463,0.10699588477366251
2022-08-12,8480,9000,8040,8070,830928,0.0
2022-08-16,8010,8220,7620,7910,291012,-0.019826517967781898
2022-08-17,7940,8390,7850,8290,286708,0.048040455120101244
2022-08-18,8290,9050,8290,8520,802947,0.027744270205066313
2022-08-19,8560,8900,8410,8450,273133,-0.008215962441314506
2022-08-22,8400,8920,8380,8650,243695,0.023668639053254337
2022-08-23,8650,8760,8220,8660,136239,0.0011560693641619046
2022-08-24,8700,8840,8480,8500,158972,-0.018475750577367167
2022-08-25,8510,8700,8370,8530,82632,0.003529411764705781
2022-08-26,8530,8530,8200,8290,115130,-0.028135990621336426
2022-08-29,8130,8250,7800,8100,96593,-0.022919179734619988
2022-08-30,8010,8090,7770,8020,159886,-0.00987654320987652
2022-08-31,7960,8360,7890,8150,108939,0.016209476309226867
2022-09-01,8040,8120,7850,8070,102623,-0.009815950920245453
2022-09-02,7820,8600,7710,8450,244847,0.047087980173482036
2022-09-05,8450,8660,8010,8250,149390,-0.023668639053254448
2022-09-06,8110,8280,7890,8110,171902,-0.016969696969696968
2022-09-07,8200,8400,7900,7910,159131,-0.024660912453760786
2022-09-08,7870,8250,7870,8100,59462,0.02402022756005051
2022-09-13,8100,8320,7900,8070,137918,-0.0037037037037036535
2022-09-14,7900,7900,7320,7360,215657,-0.08798017348203224
2022-09-15,7320,8340,7310,8110,347802,0.10190217391304346
2022-09-16,8050,8260,7990,8140,114910,0.0036991368680641123
2022-09-19,8490,8500,8000,8160,146951,0.002457002457002533
2022-09-20,8330,8420,8050,8360,177180,0.02450980392156854
2022-09-21,8420,8470,8210,8420,91368,0.0071770334928229484
2022-09-22,8130,8730,8020,8550,227754,0.015439429928741033
2022-09-23,8550,8650,8140,8230,120742,-0.037426900584795364
2022-09-26,8200,8200,7630,7670,145771,-0.06804374240583233
2022-09-27,7800,8080,7430,8080,127135,0.0534550195567145
2022-09-28,8190,8190,7640,7660,93312,-0.051980198019802026
2022-09-29,7930,7930,7660,7660,32837,0.0
2022-09-30,7640,7790,7410,7550,55733,-0.01436031331592691
2022-10-04,7570,7800,7110,7310,121053,-0.03178807947019868
2022-10-05,7290,7480,5980,6750,586651,-0.07660738714090287
2022-10-06,6810,7120,6760,6960,70425,0.03111111111111109
2022-10-07,6960,7040,6660,7000,84809,0.005747126436781658
2022-10-11,6920,7700,6920,7450,216415,0.06428571428571428
2022-10-12,7500,7500,7250,7250,44613,-0.02684563758389258
2022-10-13,7140,7400,7080,7200,44870,-0.006896551724137945
2022-10-14,7380,7430,7210,7250,41093,0.00694444444444442
2022-10-17,7250,7400,7130,7180,21092,-0.0096551724137931
2022-10-18,7110,7360,6950,7090,33821,-0.012534818941504211
2022-10-19,7130,7130,6890,6950,33768,-0.019746121297602226
2022-10-20,6950,7080,6770,6810,60856,-0.020143884892086295
2022-10-21,6810,6810,6440,6530,64565,-0.04111600587371511
2022-10-24,6600,6650,6150,6230,95205,-0.04594180704441042
2022-10-25,6010,6230,5530,6090,200311,-0.022471910112359605
2022-10-26,6050,6220,5600,5620,106077,-0.07717569786535305
2022-10-27,5620,5780,5450,5610,103080,-0.001779359430605032
2022-10-28,5630,5910,5610,5790,56597,0.03208556149732611
2022-10-31,5790,6150,5690,5950,72981,0.02763385146804831
2022-11-01,6070,6550,6070,6420,111888,0.0789915966386554
2022-11-02,6740,6740,6310,6460,51756,0.006230529595015577
2022-11-03,6460,6600,6100,6110,50258,-0.05417956656346745
2022-11-04,6120,6360,6060,6360,27671,0.04091653027823239
2022-11-07,6360,6400,6040,6090,64417,-0.04245283018867929
2022-11-08,6090,6170,6080,6170,12056,0.013136288998357948
2022-11-09,6050,6080,5700,5820,277124,-0.05672609400324147
2022-11-10,5820,5820,5320,5500,212744,-0.054982817869415834
2022-11-11,5560,5640,5450,5500,113027,0.0
2022-11-14,5460,5500,5100,5170,261028,-0.06000000000000005
2022-11-15,5170,5270,5100,5200,62458,0.005802707930367523
2022-11-16,5220,5350,5200,5280,65970,0.01538461538461533
2022-11-17,5310,5310,5180,5230,42777,-0.009469696969697017
2022-11-18,5290,5290,5160,5160,28907,-0.013384321223709361
2022-11-21,5190,5200,5080,5100,58185,-0.011627906976744207
2022-11-22,5070,5160,5060,5130,17897,0.00588235294117645
2022-11-23,5190,5240,5080,5080,48850,-0.00974658869395717
2022-11-24,5080,5320,5080,5260,43738,0.03543307086614167
2022-11-25,5380,5540,5300,5360,218231,0.019011406844106515
2022-11-28,5370,5520,5250,5390,97080,0.005597014925373234
2022-11-29,5420,5460,5340,5410,32642,0.0037105751391466324
2022-11-30,5390,5430,5320,5340,30398,-0.012939001848428888
2022-12-01,5360,5420,5270,5340,74187,0.0
2022-12-02,5350,5370,5160,5340,66926,0.0
2022-12-05,5340,5340,5100,5120,66646,-0.041198501872659166
2022-12-06,5190,5190,5050,5140,34257,0.00390625
2022-12-07,5060,5130,5020,5080,47929,-0.011673151750972721
2022-12-08,5060,5060,4920,4960,83491,-0.023622047244094446
2022-12-09,4960,5000,4905,4965,52649,0.0010080645161290036
2022-12-12,4910,4950,4890,4915,44471,-0.010070493454179208
2022-12-13,4905,4935,4870,4900,40667,-0.003051881993896277
2022-12-14,4885,5020,4870,5020,57249,0.02448979591836742
2022-12-15,5060,5060,4985,4990,16140,-0.005976095617529875
2022-12-16,4990,4990,4905,4980,19167,-0.002004008016032066
2022-12-19,4910,4925,4865,4895,30849,-0.017068273092369468
2022-12-20,4850,4870,4760,4770,53469,-0.025536261491317713
2022-12-21,4745,4775,4685,4690,36707,-0.016771488469601636
2022-12-22,4690,4825,4680,4740,26687,0.010660980810234477
2022-12-23,4740,4740,4580,4580,30790,-0.03375527426160341
2022-12-26,4580,4605,4470,4500,55941,-0.017467248908296984
2022-12-27,4455,4790,4450,4650,85440,0.03333333333333344
2022-12-28,4695,4700,4500,4500,49982,-0.032258064516129004
2022-12-29,4475,4500,4340,4500,35192,0.0
2023-01-02,4415,4500,4315,4320,47260,-0.040000000000000036
2023-01-03,4270,4470,4150,4455,44335,0.03125
2023-01-04,4340,4515,4340,4465,22755,0.002244668911335568
2023-01-05,4545,4550,4440,4500,19335,0.007838745800671898
2023-01-06,4500,4645,4460,4630,37585,0.028888888888888964
2023-01-09,4630,4770,4630,4765,21974,0.029157667386608965
2023-01-10,4720,4790,4670,4680,18702,-0.01783840503672618
2023-01-11,4680,4760,4650,4705,21817,0.005341880341880323
2023-01-12,4740,4830,4645,4700,68239,-0.0010626992561104665
2023-01-13,4705,4825,4705,4770,32813,0.014893617021276562
2023-01-16,4765,4830,4700,4770,42076,0.0
2023-01-17,4805,4815,4755,4790,22668,0.004192872117400492
2023-01-18,4815,5120,4640,5120,208224,0.06889352818371597
2023-01-19,4865,4930,4730,4735,110793,-0.0751953125
2023-01-20,4705,4785,4665,4750,38036,0.0031678986272438703
2023-01-25,4755,4935,4755,4885,48895,0.028421052631578902
2023-01-26,4915,4965,4880,4920,17907,0.007164790174001956
2023-01-27,4980,4980,4875,4910,30173,-0.002032520325203291
2023-01-30,4910,4990,4890,4970,17993,0.012219959266802416
2023-01-31,4970,5010,4895,4900,64111,-0.014084507042253502
2023-02-01,4930,4930,4865,4910,35262,0.0020408163265306367
2023-02-02,4910,4950,4910,4935,18314,0.005091649694501044
2023-02-03,4935,5000,4935,4995,20295,0.012158054711246091
2023-02-06,4995,4995,4820,4905,24360,-0.018018018018018056
2023-02-07,4900,4910,4800,4815,55707,-0.01834862385321101
2023-02-08,4815,4850,4780,4780,47660,-0.007268951194184803
2023-02-09,4830,4830,4600,4715,46118,-0.013598326359832602
2023-02-10,4735,4820,4560,4700,74487,-0.0031813361611876534
2023-02-13,4700,4730,4605,4700,26014,0.0
2023-02-14,4600,4670,4560,4610,45903,-0.019148936170212738
2023-02-15,4530,4530,4240,4310,111120,-0.06507592190889366
2023-02-16,4455,4465,4315,4315,24776,0.0011600928074246841
2023-02-17,4375,5030,4370,5010,557314,0.16106604866743912
2023-02-20,5130,5140,4875,4965,75234,-0.008982035928143728
2023-02-21,4960,5060,4875,5040,60653,0.015105740181268867
2023-02-22,4910,5020,4905,4945,47500,-0.018849206349206393
2023-02-23,4945,4955,4800,4955,36962,0.002022244691607611
2023-02-24,4955,4995,4875,4955,28546,0.0
2023-02-27,4955,4960,4840,4955,23377,0.0
2023-02-28,4980,5100,4950,5040,78276,0.017154389505549927
2023-03-02,5040,5060,4950,5000,30399,-0.007936507936507908
2023-03-03,5000,5610,5000,5520,441924,0.10400000000000009
2023-03-06,5560,5960,5450,5800,276110,0.050724637681159424
2023-03-07,5800,5880,5650,5800,173734,0.0
2023-03-08,5780,5790,5510,5660,93103,-0.024137931034482807
2023-03-09,5660,5840,5360,5840,176900,0.03180212014134276
2023-03-10,5690,6220,5650,6220,429113,0.06506849315068486
2023-03-13,6230,6680,6000,6300,312480,0.012861736334405238
2023-03-14,6210,6300,5940,6180,183982,-0.01904761904761909
2023-03-15,6270,6270,5600,5910,346573,-0.043689320388349495
2023-03-16,6000,6200,4140,4150,962391,-0.2978003384094755
2023-03-17,4280,5160,4280,4935,1046972,0.18915662650602405
2023-03-20,4935,4960,4515,4645,114134,-0.058763931104356626
2023-03-21,4645,4675,4350,4395,241974,-0.05382131324004302
2023-03-22,4450,4450,4250,4400,113165,0.0011376564277587597
2023-03-23,4395,4395,4280,4325,63175,-0.017045454545454586
2023-03-24,4300,4320,4115,4175,140081,-0.034682080924855474
2023-03-27,4175,4240,3970,4200,67496,0.0059880239520957446
2023-03-28,4200,4360,4185,4280,111898,0.01904761904761898
2023-03-29,4280,4280,4110,4235,264280,-0.010514018691588745
2023-03-30,4275,4410,4140,4390,240651,0.03659976387249109
2023-03-31,4385,4385,4145,4185,249924,-0.046697038724373585
2023-04-03,4185,4245,4055,4135,85077,-0.01194743130227005
2023-04-04,4195,4330,4100,4300,107785,0.03990326481257567
2023-04-05,4250,4400,4225,4395,84186,0.02209302325581386
2023-04-06,4395,4655,4355,4580,98330,0.04209328782707633
2023-04-07,4570,4695,4500,4650,134937,0.015283842794759916
2023-04-10,4810,4965,4745,4770,317116,0.02580645161290329
2023-04-11,4780,4780,4410,4635,168954,-0.028301886792452824
2023-04-12,4635,4640,4410,4500,97868,-0.029126213592232997
2023-04-13,4500,4540,4315,4325,98615,-0.03888888888888886
2023-04-14,4390,4425,4330,4365,33334,0.009248554913294793
2023-04-17,4365,4420,4240,4280,57154,-0.019473081328751474
2023-04-18,4280,4390,4225,4380,36261,0.02336448598130847
2023-04-19,4480,4485,4305,4335,51909,-0.010273972602739767
2023-04-20,4330,4330,4200,4210,66228,-0.028835063437139596
2023-04-21,4390,4390,4150,4200,38495,-0.002375296912114022
2023-04-24,4195,4200,4100,4105,38369,-0.02261904761904765
2023-04-25,4135,4200,3990,4040,47686,-0.015834348355663774
2023-04-26,3990,4125,3960,4015,51525,-0.006188118811881194
2023-04-27,4025,4100,3955,4090,28506,0.018679950186799577
2023-04-28,3995,4170,3980,4015,26127,-0.01833740831295838
2023-05-02,3975,4090,3975,4010,20026,-0.001245330012453305
2023-05-03,4010,4050,3985,4015,12891,0.0012468827930174342
2023-05-04,3990,4180,3975,4020,30319,0.001245330012453305
2023-05-08,4105,4105,4005,4045,18601,0.006218905472636926
2023-05-09,4045,4175,4015,4045,19215,0.0
2023-05-10,4050,4125,4015,4050,21994,0.0012360939431397266
2023-05-11,4120,4120,3980,3985,38033,-0.016049382716049387
2023-05-12,3990,3990,3810,3810,51970,-0.04391468005018817
2023-05-15,3810,3810,3695,3750,27849,-0.015748031496062964
2023-05-16,3750,3840,3600,3600,33331,-0.040000000000000036
2023-05-17,3585,3760,3585,3760,19522,0.04444444444444451
2023-05-18,3800,3830,3740,3770,16504,0.0026595744680850686
2023-05-19,3770,3800,3670,3750,20206,-0.0053050397877983935
2023-05-22,3750,3805,3750,3785,12382,0.009333333333333416
2023-05-23,3800,3820,3760,3765,10749,-0.005284015852047519
2023-05-24,3765,4100,3715,4020,196717,0.06772908366533859
2023-05-25,3870,3970,3790,3965,44511,-0.013681592039801016
2023-05-26,3965,3965,3810,3850,14491,-0.0290037831021438
2023-05-30,3830,3890,3760,3815,21742,-0.009090909090909038
2023-05-31,3805,3835,3730,3755,22587,-0.01572739187418082
2023-06-01,3745,3780,3680,3765,29330,0.0026631158455392434
2023-06-02,3765,3860,3765,3805,9774,0.010624169986719778
2023-06-05,3815,3845,3770,3805,7198,0.0
2023-06-07,3850,4075,3850,4000,77497,0.05124835742444156
2023-06-08,4000,4090,3995,4045,45826,0.011249999999999982
2023-06-09,4115,4350,4045,4310,168364,0.06551297898640307
2023-06-12,4360,4500,4280,4400,161485,0.02088167053364276
2023-06-13,4400,4500,4350,4440,87138,0.009090909090909038
2023-06-14,4440,4520,4175,4405,97085,-0.007882882882882858
2023-06-15,4315,4680,4315,4630,101518,0.05107832009080582
2023-06-16,4600,5830,4600,5490,1494122,0.18574514038876888
2023-06-19,5430,5640,5300,5610,305371,0.021857923497267784
2023-06-20,5520,5870,5520,5740,236326,0.02317290552584672
2023-06-21,5700,5920,5630,5670,128373,-0.012195121951219523
2023-06-22,5600,6100,5550,5910,255581,0.042328042328042326
2023-06-23,6040,6040,5310,5630,241783,-0.04737732656514382
2023-06-26,5680,5960,5160,5200,223449,-0.07637655417406752
2023-06-27,5280,5440,5230,5280,92306,0.01538461538461533
2023-06-28,5370,5650,5280,5540,187248,0.04924242424242431
2023-06-29,5540,5900,5320,5900,191671,0.06498194945848379
2023-06-30,5900,6000,5780,5950,494775,0.008474576271186418
2023-07-03,5950,6040,5720,5920,160902,-0.005042016806722671
2023-07-04,5900,5960,5710,5720,179159,-0.03378378378378377
2023-07-05,5800,5840,5400,5650,102930,-0.012237762237762184
2023-07-06,5580,5880,5550,5620,111249,-0.005309734513274322
2023-07-07,5620,5920,5620,5790,191390,0.030249110320284656
2023-07-10,5790,6050,5610,5820,243113,0.005181347150259086
2023-07-11,5790,6390,5790,6380,517158,0.09621993127147777
2023-07-12,6310,6750,6270,6730,255244,0.054858934169278895
2023-07-13,6720,6720,5960,6050,305525,-0.10104011887072806
2023-07-14,6050,6160,5730,5900,171583,-0.024793388429752095
2023-07-17,5810,6090,5660,5710,105380,-0.03220338983050852
2023-07-18,5800,6200,5540,6200,170611,0.08581436077057791
2023-07-19,6200,6380,6050,6180,222908,-0.003225806451612856
2023-07-20,6180,6780,6050,6520,610036,0.055016181229773364
2023-07-21,6520,6570,6090,6460,281174,-0.009202453987730008
2023-07-24,6460,6680,6260,6410,234121,-0.007739938080495334
2023-07-25,6410,6440,6000,6130,232165,-0.043681747269890825
2023-07-26,6130,6600,5990,6020,219774,-0.01794453507340943
2023-07-27,6030,6290,5850,6080,172353,0.009966777408637828
2023-07-28,6080,6100,5630,5770,167714,-0.050986842105263164
2023-07-31,5770,5980,5680,5980,102697,0.03639514731369142
2023-08-01,5920,5970,5660,5890,111371,-0.015050167224080258
2023-08-02,5870,5880,5700,5840,89269,-0.008488964346349714
2023-08-03,5730,5870,5600,5600,111851,-0.04109589041095896
2023-08-04,5520,5600,5300,5400,611707,-0.0357142857142857
2023-08-07,5400,5850,5400,5690,139797,0.05370370370370381
2023-08-08,5770,5770,5120,5230,161172,-0.08084358523725832
2023-08-09,5240,5480,5040,5340,225473,0.021032504780114758
2023-08-10,5340,5370,4940,4980,151480,-0.0674157303370787
2023-08-11,4950,5320,4900,5190,79237,0.04216867469879526
2023-08-14,5190,5500,5160,5360,101787,0.032755298651252485
2023-08-16,5370,5600,5110,5180,112951,-0.03358208955223885
2023-08-17,5200,5380,4960,5230,56359,0.009652509652509744
2023-08-18,5220,5300,5050,5180,48555,-0.009560229445506718
2023-08-21,5180,5310,4550,4560,199048,-0.11969111969111967
2023-08-22,4565,4600,3700,4335,811364,-0.049342105263157854
2023-08-23,4450,5200,4130,4935,523510,0.1384083044982698
2023-08-24,5100,5590,4805,5300,598372,0.07396149949341435
2023-08-25,5300,5590,5070,5330,546108,0.005660377358490676
2023-08-28,5290,5330,5100,5280,219553,-0.009380863039399667
2023-08-29,5290,5470,5100,5200,197995,-0.015151515151515138
2023-08-30,5200,5310,5130,5270,137178,0.013461538461538414
2023-08-31,5210,5250,5130,5130,130093,-0.026565464895635715
2023-09-01,5120,5160,5020,5090,125355,-0.007797270955165692
2023-09-04,5090,5320,4930,5070,113069,-0.003929273084479323
2023-09-05,5150,5270,4910,4960,89432,-0.021696252465483234
2023-09-06,4900,5080,4825,4995,91117,0.007056451612903247
2023-09-07,4950,4950,4665,4865,108524,-0.026026026026025995
2023-09-08,4805,5130,4800,4880,114075,0.0030832476875641834
2023-09-11,4850,5100,4850,5050,78620,0.0348360655737705
2023-09-12,5000,5280,5000,5120,131735,0.013861386138613874
2023-09-13,5120,5140,4905,4950,59644,-0.033203125
2023-09-14,4835,5080,4835,4950,37195,0.0
2023-09-15,4950,4950,4790,4830,75312,-0.024242424242424288
2023-09-18,4830,4920,4750,4810,49506,-0.0041407867494823725
2023-09-19,4715,4940,4620,4700,86598,-0.022869022869022815
2023-09-20,4795,4970,4650,4670,185493,-0.006382978723404209
2023-09-21,4650,4715,4310,4470,126706,-0.04282655246252676
2023-09-22,4470,4730,4175,4370,122580,-0.022371364653243853
2023-09-25,4570,4770,4280,4610,97105,0.05491990846681927
2023-09-26,4355,4690,4245,4495,117634,-0.024945770065075923
2023-09-27,4495,4685,4325,4340,54067,-0.03448275862068961
2023-10-04,4360,4520,4130,4130,69584,-0.048387096774193505
2023-10-05,4135,4245,3950,4070,89360,-0.014527845036319653
2023-10-06,3925,4285,3925,4240,57240,0.041769041769041726
2023-10-10,4295,4530,4140,4220,89838,-0.004716981132075526
2023-10-11,4175,4310,4155,4185,61640,-0.008293838862559189
2023-10-12,4140,4370,4115,4370,70872,0.044205495818399054
2023-10-13,4385,5130,4130,4580,412785,0.048054919908466776
2023-10-16,4580,4925,4580,4900,199767,0.06986899563318771
2023-10-17,5100,5120,4930,5060,198054,0.03265306122448974
2023-10-18,5080,5500,5000,5060,559597,0.0
2023-10-19,5130,5280,4980,5060,135616,0.0
2023-10-20,5070,5070,4810,4880,73369,-0.035573122529644285
2023-10-23,4805,4960,4650,4700,102662,-0.03688524590163933
2023-10-24,4670,4745,4310,4595,183970,-0.022340425531914843
2023-10-25,4595,4880,4495,4800,140845,0.044613710554951114
2023-10-26,4780,5020,4500,4805,164803,0.0010416666666666075
2023-10-27,4805,4850,4590,4590,112437,-0.04474505723204991
2023-10-30,4590,4695,4450,4605,40371,0.0032679738562091387
2023-10-31,4605,4800,4465,4570,180518,-0.007600434310532034
2023-11-01,4570,4570,4380,4380,105224,-0.04157549234135671
2023-11-02,4380,4490,4045,4090,217040,-0.06621004566210043
2023-11-03,4100,4190,4000,4095,94596,0.0012224938875304847
2023-11-06,4095,4240,4090,4115,133463,0.004884004884004867
2023-11-07,4075,4110,3855,3870,216195,-0.0595382746051033
2023-11-08,3870,3870,3640,3680,230543,-0.04909560723514217
2023-11-09,3680,3780,3630,3720,77395,0.010869565217391353
2023-11-10,3720,3760,3400,3630,122530,-0.024193548387096753
2023-11-13,3400,3600,2925,3020,789661,-0.16804407713498626
2023-11-14,2965,3055,2780,2860,625764,-0.052980132450331174
2023-11-15,2860,2890,2680,2840,352975,-0.006993006993006978
2023-11-16,2885,2970,2840,2880,221157,0.014084507042253502
2023-11-17,2900,2900,2795,2830,101976,-0.01736111111111116
2023-11-20,2855,3265,2855,3220,749430,0.13780918727915203
2023-11-21,3220,3265,3150,3255,119590,0.010869565217391353
2023-11-22,3255,3310,3155,3220,131116,-0.010752688172043001
2023-11-23,3220,3270,3145,3145,105254,-0.02329192546583847
2023-11-24,3205,3210,3120,3200,29947,0.01748807631160565
2023-11-27,3200,3300,3055,3220,165649,0.006250000000000089
2023-11-28,3220,3220,3090,3105,85618,-0.0357142857142857
2023-11-29,3120,3140,3010,3050,51396,-0.017713365539452464
2023-11-30,3050,3145,3020,3050,79610,0.0
2023-12-01,3055,3150,3000,3020,123602,-0.00983606557377048
2023-12-04,3020,3050,2910,2930,147505,-0.0298013245033113
2023-12-05,2885,2930,2860,2910,61147,-0.0068259385665528916
2023-12-06,2900,2920,2810,2825,90654,-0.029209621993127155
2023-12-07,2825,2875,2770,2810,79339,-0.005309734513274322
2023-12-08,2810,2900,2760,2890,42784,0.028469750889679624
2023-12-11,2890,2960,2830,2890,58393,0.0
2023-12-12,2890,2920,2830,2835,61188,-0.01903114186851207
2023-12-13,2835,2950,2830,2900,76059,0.022927689594356204
2023-12-14,2955,2955,2840,2855,57012,-0.01551724137931032
2023-12-15,2880,2935,2800,2890,56441,0.012259194395796813
2023-12-18,2900,3125,2900,2965,162504,0.02595155709342567
2023-12-19,3040,3040,2925,3035,116276,0.02360876897133224
2023-12-20,3035,3085,2995,2995,81164,-0.01317957166392092
2023-12-21,3000,3045,2960,3000,67278,0.0016694490818029983
2023-12-22,3000,3035,2885,2995,54292,-0.0016666666666667052
2023-12-26,2975,2995,2945,2975,29690,-0.006677796327211993
2023-12-27,2950,2985,2925,2935,30323,-0.013445378151260456
2023-12-28,2930,3010,2895,2955,95003,0.006814310051107331
2024-01-02,2955,3075,2900,3030,146882,0.025380710659898442
2024-01-03,3020,3200,2985,3200,185231,0.05610561056105601
2024-01-04,3265,3265,3155,3205,83879,0.0015624999999999112
2024-01-05,3180,3495,3180,3435,219705,0.07176287051482055
2024-01-08,3410,3730,3375,3715,307994,0.08151382823871911
2024-01-09,3760,4070,3525,3800,301207,0.02288021534320328
2024-01-10,3800,3925,3610,3610,119959,-0.050000000000000044
2024-01-11,3610,3610,3330,3405,200051,-0.056786703601108046
2024-01-12,3255,3515,3200,3290,128134,-0.03377386196769461
2024-01-15,3290,3340,3180,3245,72746,-0.01367781155015202
2024-01-16,3245,3350,3180,3300,59009,0.016949152542372836
2024-01-17,3315,3375,3115,3130,88225,-0.051515151515151514
2024-01-18,3130,3155,2970,2970,166238,-0.051118210862619806
2024-01-19,2970,3090,2960,3015,78508,0.015151515151515138
2024-01-22,3055,3185,2975,2985,45283,-0.00995024875621886
2024-01-23,2985,3065,2890,3005,69497,0.00670016750418756
2024-01-24,3000,3035,2925,3000,54062,-0.0016638935108153063
2024-01-25,2965,3000,2915,2955,38569,-0.015000000000000013
2024-01-26,2930,3150,2930,3150,98049,0.06598984771573613
2024-01-29,3150,3180,3025,3055,50073,-0.030158730158730163
2024-01-30,3065,3185,3030,3160,60539,0.03436988543371533
2024-01-31,3160,3210,3115,3135,40689,-0.007911392405063333
2024-02-01,3145,3145,2900,3005,86548,-0.04146730462519932
2024-02-02,3050,3060,2960,2960,49139,-0.014975041597337757
2024-02-05,3000,3040,2900,2960,128734,0.0
2024-02-06,2885,2920,2855,2885,78629,-0.02533783783783783
2024-02-07,2885,2920,2810,2815,65423,-0.024263431542461023
2024-02-08,2740,2875,2740,2865,63572,0.017761989342806483
2024-02-13,2870,3100,2870,3070,177822,0.07155322862129143
2024-02-14,3070,3240,2995,3150,131449,0.026058631921824116
2024-02-15,3150,3215,3110,3140,85158,-0.0031746031746031633
2024-02-16,3150,3180,3005,3050,93060,-0.0286624203821656
2024-02-19,3100,3350,3045,3160,139472,0.0360655737704918
2024-02-20,3220,3220,3025,3025,71728,-0.04272151898734178
2024-02-21,3025,3115,2940,3090,189425,0.02148760330578514
2024-02-22,3080,3310,3050,3200,300065,0.03559870550161803
2024-02-23,3250,3270,3120,3155,110892,-0.014062499999999978
2024-02-26,3125,3325,3120,3250,175914,0.030110935023771823
2024-02-27,3245,3380,3175,3300,144975,0.01538461538461533
2024-02-28,3300,3345,3210,3265,150856,-0.010606060606060619
2024-02-29,3275,3275,3030,3030,139915,-0.07197549770290967
2024-03-04,3030,3110,3000,3060,72232,0.00990099009900991
2024-03-05,3060,3060,2940,2940,59931,-0.039215686274509776
2024-03-06,2950,3165,2940,2955,133271,0.005102040816326481
2024-03-07,3020,3020,2890,2960,99615,0.0016920473773265332
2024-03-08,2935,2960,2825,2885,130047,-0.02533783783783783
2024-03-11,3000,3100,2915,2935,192811,0.017331022530329365
2024-03-12,2910,2955,2860,2890,91812,-0.015332197614991494
2024-03-13,2870,3000,2800,2995,729485,0.03633217993079585
2024-03-14,3075,3075,2810,2935,149284,-0.02003338898163609
2024-03-15,2910,2980,2855,2855,64543,-0.027257240204429323
2024-03-18,2850,2970,2840,2965,57821,0.038528896672504365
2024-03-19,3015,3100,2890,2955,112843,-0.003372681281618939
2024-03-20,2915,2970,2770,2810,286325,-0.04906937394247035
2024-03-21,3095,3285,2815,3060,666034,0.08896797153024916
2024-03-22,3150,3150,2975,3080,134105,0.006535947712418277
2024-03-25,3080,3135,2980,2980,68803,-0.03246753246753242
2024-03-26,3020,3020,2870,2935,119079,-0.015100671140939603
2024-03-27,2935,2945,2835,2885,136218,-0.017035775127768327
2024-03-28,2860,2910,2820,2840,123825,-0.01559792027729634
2024-03-29,2830,2890,2825,2890,38969,0.01760563380281699
2024-04-01,2895,3025,2860,2905,229485,0.00519031141868509
2024-04-02,2955,2955,2770,2800,116141,-0.03614457831325302
2024-04-03,2785,2840,2760,2825,60035,0.008928571428571397
2024-04-04,2810,2910,2810,2885,70827,0.02123893805309729
2024-04-05,2880,2920,2760,2800,111124,-0.029462738301559765
2024-04-08,2800,3250,2750,3145,444966,0.12321428571428572
2024-04-09,3145,3150,3000,3040,108829,-0.03338632750397452
2024-04-11,3100,3100,2955,3005,73628,-0.011513157894736836
2024-04-12,3060,3155,2945,3000,108076,-0.0016638935108153063
2024-04-15,3000,3040,2925,2930,99439,-0.023333333333333317
2024-04-16,2930,3010,2880,2905,35421,-0.008532423208191142
2024-04-17,2895,3210,2895,3070,315988,0.05679862306368322
2024-04-18,3080,3490,3080,3335,609443,0.08631921824104238
2024-04-19,3320,3470,3240,3365,214850,0.008995502248875464
2024-04-22,3355,3385,3185,3340,134291,-0.007429420505200568
2024-04-23,3305,3465,3150,3410,219430,0.020958083832335328
2024-04-24,3450,3590,3380,3400,224582,-0.0029325513196480912
2024-04-25,3365,3540,3255,3495,147772,0.027941176470588136
2024-04-26,3480,3700,3460,3660,301675,0.047210300429184615
2024-04-29,3665,3900,3350,3385,389238,-0.07513661202185795
2024-04-30,3400,3445,3200,3280,217333,-0.03101920236336775
2024-05-02,3280,3345,3220,3280,73173,0.0
2024-05-03,3280,3430,3240,3340,187019,0.018292682926829285
2024-05-07,3400,3630,3400,3570,259468,0.06886227544910173
2024-05-08,3595,3865,3490,3675,651037,0.02941176470588225
2024-05-09,3620,3685,3505,3635,297510,-0.010884353741496544
2024-05-10,3700,3725,3560,3595,72795,-0.011004126547455306
2024-05-13,3600,3890,3500,3735,186367,0.03894297635605004
2024-05-14,3835,3850,3570,3680,176070,-0.014725568942436373
2024-05-16,3745,3745,3580,3590,121147,-0.024456521739130488
2024-05-17,3590,3740,3550,3715,164698,0.03481894150417819
2024-05-20,3715,3750,3630,3675,128027,-0.010767160161507361
2024-05-21,3675,3700,3590,3690,71029,0.004081632653061273
2024-05-22,3690,3690,3555,3580,77951,-0.02981029810298108
2024-05-23,3570,3690,3525,3690,51037,0.030726256983240274
2024-05-24,3675,3850,3600,3825,253415,0.03658536585365857
2024-05-27,3840,3950,3610,3695,150511,-0.033986928104575154
2024-05-28,3660,3680,3600,3655,55536,-0.010825439783491153
2024-05-29,3615,3690,3545,3590,64214,-0.017783857729138153
2024-05-30,3585,3585,3360,3410,106621,-0.05013927576601673
2024-05-31,3400,3445,2960,3070,391343,-0.09970674486803521
2024-06-03,3170,3170,2155,2290,5068318,-0.254071661237785
2024-06-04,2330,2850,2260,2550,2843437,0.11353711790393017
2024-06-05,2570,2970,2570,2905,2515939,0.13921568627450975
2024-06-07,3480,3685,2975,3030,2188364,0.04302925989672968
2024-06-10,3035,3035,2740,2905,603750,-0.041254125412541254
2024-06-11,2800,2845,2615,2705,444336,-0.0688468158347676
2024-06-12,2695,2695,2550,2590,277459,-0.04251386321626616
2024-06-13,2550,2800,2525,2650,359555,0.02316602316602312
2024-06-14,2650,2695,2400,2470,268181,-0.06792452830188678
2024-06-17,2465,2575,2395,2555,201896,0.03441295546558698
2024-06-18,2565,3200,2565,2955,2543221,0.15655577299412915
2024-06-19,2960,3230,2955,3080,724036,0.04230118443316422
2024-06-20,3090,3120,2435,2830,1679997,-0.08116883116883122
2024-06-21,2805,2805,2560,2610,769042,-0.07773851590106007
2024-06-24,2610,2650,2455,2540,296069,-0.026819923371647514
2024-06-25,2515,2530,2350,2385,398927,-0.0610236220472441
2024-06-26,2385,2420,2200,2380,419827,-0.002096436058700246
2024-06-27,2360,2620,2330,2470,565214,0.037815126050420256
2024-06-28,2300,2400,2215,2365,388266,-0.04251012145748989
2024-07-01,2315,2375,2250,2290,131266,-0.031712473572938715
2024-07-02,2280,2340,2235,2320,137232,0.013100436681222627
2024-07-03,2320,2495,2260,2280,124463,-0.017241379310344862
2024-07-04,2300,2575,2270,2490,431582,0.09210526315789469
2024-07-05,2490,2570,2415,2460,132136,-0.012048192771084376
2024-07-08,2410,2505,2390,2450,63206,-0.004065040650406471
2024-07-09,2425,2450,2295,2335,174335,-0.04693877551020409
2024-07-10,2340,2355,2285,2310,120891,-0.010706638115631661
2024-07-11,2280,2390,2080,2100,829966,-0.09090909090909094
2024-07-12,2065,2120,1910,1949,796185,-0.07190476190476192
2024-07-15,1949,2035,1925,1948,219510,-0.0005130836326321386
2024-07-16,1980,1980,1860,1944,187207,-0.002053388090349051
2024-07-17,1959,1959,1840,1859,300119,-0.043724279835390956
2024-07-18,1885,1930,1790,1911,106020,0.027972027972027913
2024-07-19,1900,1907,1851,1855,79915,-0.02930402930402931
2024-07-22,1855,1900,1754,1786,248054,-0.03719676549865225
2024-07-23,1755,1930,1755,1912,281100,0.07054871220604708
2024-07-24,1912,1998,1881,1881,285872,-0.01621338912133896
2024-07-25,1899,1899,1770,1796,227319,-0.04518872939925567
2024-07-26,1796,1796,1689,1711,246389,-0.04732739420935417
2024-07-29,1728,1800,1711,1800,104407,0.05201636469900639
2024-07-30,1808,1809,1727,1729,103446,-0.03944444444444439
2024-07-31,1729,1763,1705,1705,53120,-0.0138808559861191
2024-08-01,1725,1945,1720,1751,494375,0.026979472140762573
2024-08-02,1787,1787,1685,1714,115467,-0.021130782410051396
2024-08-05,1714,1714,1400,1462,168055,-0.14702450408401402
2024-08-06,1455,1588,1400,1544,163585,0.05608755129958953
2024-08-07,1544,1579,1489,1519,105810,-0.016191709844559532
2024-08-08,1521,1529,1447,1465,153611,-0.035549703752468687
2024-08-09,1470,1580,1470,1488,136910,0.015699658703071773
2024-08-12,1530,1540,1472,1474,84415,-0.009408602150537626
2024-08-13,1510,1838,1422,1656,1744886,0.12347354138398914
2024-08-14,1623,2150,1622,1843,6406769,0.11292270531400961
2024-08-16,1852,1949,1767,1839,559805,-0.0021703743895822303
2024-08-19,1820,1839,1688,1691,434129,-0.08047852093529095
2024-08-20,1710,1757,1696,1751,172007,0.03548196333530451
2024-08-21,1765,1766,1704,1712,155358,-0.022272986864648736
2024-08-22,1695,1710,1611,1649,194545,-0.03679906542056077
2024-08-23,1649,1660,1575,1582,96948,-0.04063068526379621
2024-08-26,1582,1625,1579,1579,39643,-0.0018963337547408532
2024-08-27,1579,1588,1522,1525,80809,-0.03419886003799877
2024-08-28,1525,1525,1490,1500,70774,-0.016393442622950838
2024-08-29,1500,1510,1435,1441,103537,-0.03933333333333333
2024-08-30,1441,1579,1435,1530,102350,0.06176266481609982
2024-09-02,1530,1570,1502,1547,76791,0.011111111111111072
2024-09-03,1545,1545,1485,1518,46450,-0.018745959922430555
2024-09-04,1516,1518,1455,1467,49606,-0.03359683794466406
2024-09-05,1467,1479,1420,1436,70093,-0.0211315610088616
2024-09-06,1436,1450,1406,1445,91488,0.0062674094707519945
2024-09-09,1406,1691,1406,1520,421494,0.05190311418685112
2024-09-10,1520,1820,1520,1778,1816340,0.16973684210526319
2024-09-11,1747,1787,1659,1704,275372,-0.04161979752530931
2024-09-12,1704,1715,1661,1715,102357,0.006455399061032763
2024-09-13,1715,1775,1685,1707,118338,-0.004664723032069995
2024-09-19,1707,2000,1707,1911,1614399,0.11950790861159932
2024-09-20,1891,1920,1730,1756,325651,-0.08110936682365255
2024-09-23,1756,1815,1706,1750,157115,-0.003416856492027387
2024-09-24,1750,1819,1730,1730,69835,-0.011428571428571455
2024-09-25,1742,1770,1705,1745,73473,0.00867052023121384
2024-09-26,1740,1795,1728,1769,50007,0.013753581661891223
2024-09-27,1760,1824,1728,1729,85689,-0.022611644997173497
2024-09-30,1760,1850,1725,1841,241371,0.06477732793522262
2024-10-02,1900,1950,1803,1831,530265,-0.00543183052688756
2024-10-04,1831,1890,1790,1837,125560,0.003276897870016393
2024-10-07,1836,1885,1787,1831,90400,-0.003266194882961315
2024-10-08,1831,1840,1801,1832,40332,0.0005461496450027692
2024-10-10,1832,1929,1832,1849,123050,0.009279475982532759
2024-10-11,1840,1898,1825,1837,55335,-0.006489994591671211
2024-10-14,1820,1886,1790,1822,83371,-0.008165487207403399
2024-10-15,1822,1891,1785,1805,113367,-0.00933040614709113
2024-10-16,1805,1805,1667,1710,166576,-0.052631578947368474
2024-10-17,1692,1710,1623,1681,99776,-0.016959064327485396
2024-10-18,1660,1749,1600,1610,232558,-0.042236763831052904
2024-10-21,1608,1887,1569,1840,467475,0.1428571428571428
2024-10-22,1841,1950,1713,1939,431694,0.05380434782608701
2024-10-23,1907,2190,1902,2100,1027469,0.08303249097472931
2024-10-24,2055,2125,1963,1996,204706,-0.049523809523809526
2024-10-25,2030,2255,1998,2220,960328,0.11222444889779548
2024-10-28,2215,2215,2115,2170,173914,-0.022522522522522515
2024-10-29,2125,2225,2100,2165,163241,-0.0023041474654378336
2024-10-30,2145,2160,1955,1958,271543,-0.09561200923787527
2024-10-31,1958,2190,1899,2045,242318,0.044433094994892786
2024-11-01,2200,2415,2015,2095,1020031,0.02444987775061125
2024-11-04,2095,2155,1958,2105,124937,0.004773269689737569
2024-11-05,2105,2125,2035,2070,70151,-0.016627078384798155
2024-11-06,2070,2100,2010,2055,64221,-0.007246376811594235
2024-11-07,2060,2245,2060,2190,259729,0.06569343065693434
2024-11-08,2275,2275,2100,2150,130306,-0.0182648401826484
2024-11-11,2140,2210,1995,2055,94800,-0.04418604651162794
2024-11-12,2060,2060,1887,2010,79299,-0.021897810218978075
2024-11-13,2080,2150,1896,1896,113081,-0.05671641791044779
2024-11-14,1896,1984,1850,1900,48305,0.0021097046413502962
2024-11-15,1949,1949,1818,1843,85312,-0.030000000000000027
2024-11-18,1843,2085,1843,1968,95294,0.06782419967444375
2024-11-19,1971,2055,1933,1958,24920,-0.005081300813008172
2024-11-20,1960,1980,1870,1916,52752,-0.021450459652706866
2024-11-21,1950,1950,1800,1898,32513,-0.009394572025052228
2024-11-22,1898,1940,1858,1861,51066,-0.01949420442571126
2024-11-25,1790,2095,1790,1940,247831,0.04245029554003232
2024-11-26,1940,1956,1900,1934,28762,-0.003092783505154628
2024-11-27,1914,1947,1867,1909,65802,-0.01292657704239919
2024-11-28,1909,1909,1837,1871,82356,-0.019905709795704607
2024-11-29,1856,1885,1701,1701,84775,-0.090860502405131
2024-12-02,1900,1900,1584,1639,94007,-0.03644914756025863
2024-12-03,1639,1651,1516,1562,275325,-0.046979865771812124
2024-12-04,1560,1562,1432,1515,162394,-0.030089628681177927
2024-12-05,1499,1535,1438,1440,96547,-0.04950495049504955
2024-12-06,1446,1479,1316,1388,113494,-0.036111111111111094
2024-12-09,1389,1482,1350,1452,98605,0.04610951008645525
2024-12-10,1443,1599,1396,1599,259612,0.10123966942148765
2024-12-11,1604,1718,1585,1607,98086,0.00500312695434646
2024-12-12,1610,1696,1572,1581,138677,-0.016179215930304913
2024-12-13,1565,1579,1515,1557,47875,-0.015180265654648917
2024-12-16,1557,1784,1557,1773,306176,0.1387283236994219
2024-12-17,1800,1800,1681,1710,95600,-0.035532994923857864
2024-12-18,1710,1787,1674,1686,84501,-0.01403508771929829
2024-12-19,1686,1686,1615,1655,107572,-0.01838671411625148
2024-12-20,1755,1755,1495,1495,163494,-0.09667673716012082
2024-12-23,1498,1705,1498,1518,113773,0.01538461538461533
2024-12-24,1525,1590,1482,1550,110939,0.021080368906455815
2024-12-26,1550,1550,1517,1531,42075,-0.012258064516128986
2024-12-27,1540,1990,1500,1990,1225700,0.2998040496407577
2024-12-30,1880,2065,1726,1740,1248560,-0.12562814070351758
2025-01-02,1824,1826,1545,1610,961367,-0.07471264367816088
2025-01-03,1650,1650,1550,1628,282359,0.011180124223602483
2025-01-06,1628,1649,1585,1610,189669,-0.011056511056511065
2025-01-07,1610,1610,1566,1576,246507,-0.02111801242236022
2025-01-08,1561,1663,1561,1622,363927,0.02918781725888331
2025-01-09,1611,1612,1491,1500,561586,-0.07521578298397036
2025-01-10,1501,1530,1470,1524,165115,0.016000000000000014
2025-01-13,1575,1575,1496,1496,94189,-0.018372703412073532
2025-01-14,1518,1540,1490,1524,69784,0.018716577540107027
2025-01-15,1500,1537,1499,1511,61237,-0.008530183727034069
2025-01-16,1530,1530,1504,1507,49825,-0.002647253474520217
2025-01-17,1508,1525,1460,1464,143253,-0.02853351028533513
2025-01-20,1441,1462,1390,1400,243028,-0.04371584699453557
2025-01-21,1401,1638,1391,1510,1599020,0.07857142857142851
2025-01-22,1495,1495,1427,1452,209170,-0.03841059602649011
2025-01-23,1440,1452,1407,1412,83513,-0.02754820936639113
2025-01-24,1412,1472,1403,1404,95027,-0.005665722379603388
2025-01-31,1404,1431,1379,1389,80384,-0.010683760683760646
2025-02-03,1382,1418,1300,1300,134052,-0.06407487401007916
2025-02-04,1311,1330,1298,1306,72482,0.004615384615384688
2025-02-05,1313,1313,1135,1137,585198,-0.1294027565084227
2025-02-06,1138,1153,1044,1070,546528,-0.05892700087950753
2025-02-07,1070,1097,1020,1067,184042,-0.002803738317757043
2025-02-10,1067,1067,778,800,1303987,-0.2502343017806935
2025-02-11,851,971,745,764,3620331,-0.04500000000000004
2025-02-12,0,0,0,764,0,0.0
2025-02-13,0,0,0,764,0,0.0
2025-02-14,0,0,0,764,0,0.0
2025-02-17,0,0,0,764,0,0.0
2025-02-18,0,0,0,764,0,0.0
2025-02-19,0,0,0,764,0,0.0
2025-02-20,0,0,0,764,0,0.0
2025-02-21,0,0,0,764,0,0.0
2025-02-24,0,0,0,764,0,0.0
2025-02-25,0,0,0,764,0,0.0
2025-02-26,0,0,0,764,0,0.0
2025-02-27,764,764,764,764,0,0.0
2025-02-28,764,764,764,764,0,0.0
2025-03-04,764,764,764,764,0,0.0
2025-03-05,764,764,764,764,0,0.0
2025-03-06,764,764,764,764,0,0.0
2025-03-07,0,0,0,764,0,0.0
2025-03-10,0,0,0,764,0,0.0
2025-03-11,0,0,0,764,0,0.0
2025-03-12,0,0,0,764,0,0.0
2025-03-13,0,0,0,764,0,0.0
2025-03-14,0,0,0,764,0,0.0
2025-03-17,0,0,0,764,0,0.0
2025-03-18,0,0,0,764,0,0.0
2025-03-19,0,0,0,764,0,0.0
2025-03-20,0,0,0,764,0,0.0
2025-03-21,0,0,0,764,0,0.0
2025-03-24,0,0,0,764,0,0.0
2025-03-25,0,0,0,764,0,0.0
2025-03-26,0,0,0,764,0,0.0
2025-03-27,0,0,0,764,0,0.0
2025-03-28,0,0,0,764,0,0.0
2025-03-31,0,0,0,764,0,0.0
2025-04-01,0,0,0,764,0,0.0
2025-04-02,0,0,0,764,0,0.0
2025-04-03,0,0,0,764,0,0.0
2025-04-04,0,0,0,764,0,0.0
2025-04-07,0,0,0,764,0,0.0
2025-04-08,0,0,0,764,0,0.0
2025-04-09,0,0,0,764,0,0.0
2025-04-10,0,0,0,764,0,0.0
2025-04-11,0,0,0,764,0,0.0
2025-04-14,0,0,0,764,0,0.0
2025-04-15,0,0,0,764,0,0.0
2025-04-16,0,0,0,764,0,0.0
2025-04-17,0,0,0,764,0,0.0
2025-04-18,0,0,0,764,0,0.0
2025-04-21,0,0,0,764,0,0.0
2025-04-22,0,0,0,764,0,0.0
2025-04-23,0,0,0,764,0,0.0
2025-04-24,0,0,0,764,0,0.0
2025-04-25,0,0,0,764,0,0.0
2025-04-28,0,0,0,764,0,0.0
2025-04-29,0,0,0,764,0,0.0
2025-04-30,0,0,0,764,0,0.0
2025-05-02,0,0,0,764,0,0.0
2025-05-07,0,0,0,764,0,0.0
2025-05-08,0,0,0,764,0,0.0
2025-05-09,0,0,0,764,0,0.0
2025-05-12,0,0,0,764,0,0.0
2025-05-13,0,0,0,764,0,0.0
2025-05-14,0,0,0,764,0,0.0
2025-05-15,0,0,0,764,0,0.0
2025-05-16,0,0,0,764,0,0.0
2025-05-19,0,0,0,764,0,0.0
2025-05-20,0,0,0,764,0,0.0
2025-05-21,0,0,0,764,0,0.0
2025-05-22,0,0,0,764,0,0.0
2025-05-23,0,0,0,764,0,0.0
2025-05-26,0,0,0,764,0,0.0
2025-05-27,0,0,0,764,0,0.0
2025-05-28,0,0,0,764,0,0.0
2025-05-29,0,0,0,764,0,0.0
2025-05-30,0,0,0,764,0,0.0
2025-06-02,0,0,0,764,0,0.0
2025-06-04,0,0,0,764,0,0.0
2025-06-05,0,0,0,764,0,0.0
2025-06-09,0,0,0,764,0,0.0
2025-06-10,0,0,0,764,0,0.0
2025-06-11,0,0,0,764,0,0.0
2025-06-12,0,0,0,764,0,0.0
2025-06-13,0,0,0,764,0,0.0
2025-06-16,0,0,0,764,0,0.0
2025-06-17,0,0,0,764,0,0.0
2025-06-18,0,0,0,764,0,0.0
2025-06-19,0,0,0,764,0,0.0
2025-06-20,0,0,0,764,0,0.0
2025-06-23,0,0,0,764,0,0.0
2025-06-24,0,0,0,764,0,0.0
2025-06-25,0,0,0,764,0,0.0
2025-06-26,0,0,0,764,0,0.0
2025-06-27,0,0,0,764,0,0.0
2025-06-30,0,0,0,764,0,0.0
2025-07-01,0,0,0,764,0,0.0
2025-07-02,0,0,0,764,0,0.0
2025-07-03,0,0,0,764,0,0.0
2025-07-04,0,0,0,764,0,0.0
2025-07-07,0,0,0,764,0,0.0
2025-07-08,0,0,0,764,0,0.0
2025-07-09,0,0,0,764,0,0.0
2025-07-10,0,0,0,764,0,0.0
2025-07-11,0,0,0,764,0,0.0
2025-07-14,0,0,0,764,0,0.0
2025-07-15,0,0,0,764,0,0.0
2025-07-16,0,0,0,764,0,0.0
2025-07-17,0,0,0,764,0,0.0
2025-07-18,0,0,0,764,0,0.0
2025-07-21,0,0,0,764,0,0.0
2025-07-22,0,0,0,764,0,0.0
2025-07-23,0,0,0,764,0,0.0
2025-07-24,0,0,0,764,0,0.0
2025-07-25,0,0,0,764,0,0.0
2025-07-28,0,0,0,764,0,0.0
2025-07-29,0,0,0,764,0,0.0
2025-07-30,0,0,0,764,0,0.0
2025-07-31,0,0,0,764,0,0.0
2025-08-01,0,0,0,764,0,0.0
2025-08-04,0,0,0,764,0,0.0
2025-08-05,0,0,0,764,0,0.0
2025-08-06,0,0,0,764,0,0.0
2025-08-07,0,0,0,764,0,0.0
2025-08-08,0,0,0,764,0,0.0
2025-08-11,0,0,0,764,0,0.0
2025-08-12,0,0,0,764,0,0.0
2025-08-13,0,0,0,764,0,0.0
2025-08-14,0,0,0,764,0,0.0
2025-08-18,0,0,0,764,0,0.0
2025-08-19,0,0,0,764,0,0.0
2025-08-20,0,0,0,764,0,0.0
2025-08-21,0,0,0,764,0,0.0
2025-08-22,0,0,0,764,0,0.0
2025-08-25,0,0,0,764,0,0.0
2025-08-26,0,0,0,764,0,0.0
2025-08-27,0,0,0,764,0,0.0
2025-08-28,0,0,0,764,0,0.0
2025-08-29,0,0,0,764,0,0.0
2025-09-01,0,0,0,764,0,0.0
2025-09-02,0,0,0,764,0,0.0
2025-09-03,0,0,0,764,0,0.0
2025-09-04,0,0,0,764,0,0.0
2025-09-05,0,0,0,764,0,0.0
2025-09-08,0,0,0,764,0,0.0
2025-09-09,0,0,0,764,0,0.0
2025-09-10,0,0,0,764,0,0.0
2025-09-11,0,0,0,764,0,0.0
2025-09-12,0,0,0,764,0,0.0
2025-09-15,0,0,0,764,0,0.0
2025-09-16,0,0,0,764,0,0.0
2025-09-17,0,0,0,764,0,0.0
2025-09-18,0,0,0,764,0,0.0
2025-09-19,0,0,0,764,0,0.0
2025-09-22,0,0,0,764,0,0.0
2025-09-23,0,0,0,764,0,0.0
2025-09-24,0,0,0,764,0,0.0
2025-09-25,0,0,0,764,0,0.0
2025-09-26,0,0,0,764,0,0.0
2025-09-29,0,0,0,764,0,0.0
2025-09-30,0,0,0,764,0,0.0
2025-10-01,0,0,0,764,0,0.0
2025-10-02,0,0,0,764,0,0.0
2025-10-10,0,0,0,764,0,0.0
2025-10-13,0,0,0,764,0,0.0
2025-10-14,0,0,0,764,0,0.0
2025-10-15,0,0,0,764,0,0.0
2025-10-16,0,0,0,764,0,0.0
2025-10-17,0,0,0,764,0,0.0
2025-10-20,0,0,0,764,0,0.0
2025-10-21,0,0,0,764,0,0.0
2025-10-22,0,0,0,764,0,0.0
2025-10-23,0,0,0,764,0,0.0
2025-10-24,0,0,0,764,0,0.0
2025-10-27,0,0,0,764,0,0.0
2025-10-28,0,0,0,764,0,0.0
2025-10-29,0,0,0,764,0,0.0
2025-10-30,0,0,0,764,0,0.0
2025-10-31,0,0,0,764,0,0.0
2025-11-03,0,0,0,764,0,0.0
2025-11-04,0,0,0,764,0,0.0
2025-11-05,0,0,0,764,0,0.0
2025-11-06,0,0,0,764,0,0.0
2025-11-07,0,0,0,764,0,0.0
2025-11-10,0,0,0,764,0,0.0
2025-11-11,0,0,0,764,0,0.0
2025-11-12,0,0,0,764,0,0.0
2025-11-13,0,0,0,764,0,0.0
2025-11-14,0,0,0,764,0,0.0
2025-11-17,0,0,0,764,0,0.0
2025-11-18,0,0,0,764,0,0.0
2025-11-19,0,0,0,764,0,0.0
2025-11-20,0,0,0,764,0,0.0
2025-11-21,0,0,0,764,0,0.0
2025-11-24,0,0,0,764,0,0.0
2025-11-25,0,0,0,764,0,0.0
2025-11-26,0,0,0,764,0,0.0
2025-11-27,0,0,0,764,0,0.0
2025-11-28,0,0,0,764,0,0.0
2025-12-01,0,0,0,764,0,0.0
2025-12-02,0,0,0,764,0,0.0
2025-12-03,0,0,0,764,0,0.0
2025-12-04,0,0,0,764,0,0.0
2025-12-05,0,0,0,764,0,0.0
2025-12-08,0,0,0,764,0,0.0
2025-12-09,0,0,0,764,0,0.0
2025-12-10,0,0,0,764,0,0.0
2025-12-11,0,0,0,764,0,0.0
2025-12-12,0,0,0,764,0,0.0
2025-12-15,0,0,0,764,0,0.0
2025-12-16,0,0,0,764,0,0.0
2025-12-17,0,0,0,764,0,0.0
2025-12-18,0,0,0,764,0,0.0
2025-12-19,0,0,0,764,0,0.0
2025-12-22,0,0,0,764,0,0.0
2025-12-23,0,0,0,764,0,0.0
2025-12-24,0,0,0,764,0,0.0
2025-12-26,0,0,0,764,0,0.0
2025-12-29,0,0,0,764,0,0.0
2025-12-30,0,0,0,764,0,0.0
2026-01-02,0,0,0,764,0,0.0
2026-01-05,0,0,0,764,0,0.0
2026-01-06,0,0,0,764,0,0.0
2026-01-07,0,0,0,764,0,0.0
2026-01-08,0,0,0,764,0,0.0
2026-01-09,0,0,0,764,0,0.0
2026-01-12,0,0,0,764,0,0.0
2026-01-13,0,0,0,764,0,0.0
2026-01-14,0,0,0,764,0,0.0
2026-01-15,0,0,0,764,0,0.0
2026-01-16,0,0,0,764,0,0.0
2026-01-19,0,0,0,764,0,0.0
2026-01-20,0,0,0,764,0,0.0
2026-01-21,0,0,0,764,0,0.0
2026-01-22,0,0,0,764,0,0.0
2026-01-23,0,0,0,764,0,0.0
2026-01-26,0,0,0,764,0,0.0
2026-01-27,0,0,0,764,0,0.0
2026-01-28,0,0,0,764,0,0.0
2026-01-29,0,0,0,764,0,0.0
2026-01-30,0,0,0,764,0,0.0
2026-02-02,0,0,0,764,0,0.0
2026-02-03,0,0,0,764,0,0.0
2026-02-04,0,0,0,764,0,0.0
2026-02-05,0,0,0,764,0,0.0
2026-02-06,0,0,0,764,0,0.0
2026-02-09,0,0,0,764,0,0.0
2026-02-10,0,0,0,764,0,0.0
2026-02-11,0,0,0,764,0,0.0
2026-02-12,0,0,0,764,0,0.0
