Date,Open,High,Low,Close,Volume,Change
2022-01-03,13721,13721,13374,13622,13985,-0.0036571094207138444
2022-01-04,13522,13671,13423,13622,15034,0.0
2022-01-05,13473,13572,13274,13473,14557,-0.010938188224930312
2022-01-06,13226,13969,13127,13573,35420,0.007422251911229916
2022-01-07,13572,13671,13324,13523,22477,-0.0036837839829072516
2022-01-10,13522,13671,13225,13275,6946,-0.018339125933594658
2022-01-11,13226,13473,12928,13226,21404,-0.0036911487758944928
2022-01-12,13275,13424,13176,13325,6222,0.007485256313322308
2022-01-13,13225,13473,13076,13275,6661,-0.0037523452157598447
2022-01-14,13076,13423,12928,13275,17581,0.0
2022-01-17,13076,13473,12977,13176,11068,-0.007457627118644061
2022-01-18,12978,13275,12779,12879,23959,-0.02254098360655743
2022-01-19,12680,12879,12532,12780,29554,-0.007686932215234088
2022-01-20,12631,12978,12631,12879,10083,0.007746478873239537
2022-01-21,12779,12977,12482,12730,13892,-0.011569221212827108
2022-01-24,12582,12582,12334,12483,22342,-0.0194029850746269
2022-01-25,12384,12483,12086,12285,34561,-0.015861571737563085
2022-01-26,12284,12928,12136,12483,15137,0.01611721611721606
2022-01-27,12482,12581,11937,12235,17148,-0.01986701914603861
2022-01-28,12086,12482,11987,12433,16669,0.016183081324070203
2022-02-03,12432,12779,12432,12730,10443,0.023888039893831037
2022-02-04,12730,12978,12631,12879,7048,0.011704634721131146
2022-02-07,12928,12928,12631,12681,6015,-0.015373864430468176
2022-02-08,12581,12829,12482,12631,5966,-0.003942906710827199
2022-02-09,12879,12928,12730,12879,5931,0.019634233235690024
2022-02-10,12928,12928,12680,12730,5819,-0.011569221212827108
2022-02-11,12730,12730,12581,12681,4089,-0.0038491751767478766
2022-02-14,12532,12681,12383,12681,10873,0.0
2022-02-15,12581,12581,12234,12433,17206,-0.01955681728570302
2022-02-16,12482,12829,12433,12780,17590,0.027909595431512946
2022-02-17,12928,12928,12482,12780,13748,0.0
2022-02-18,12729,12878,12531,12829,9797,0.003834115805946725
2022-02-21,12780,12780,12532,12681,7847,-0.01153636292774185
2022-02-22,12531,12680,12383,12532,9420,-0.01174986199826511
2022-02-23,12531,12631,12432,12631,5530,0.007899776571975714
2022-02-24,12631,12631,12086,12136,23034,-0.039189296176074695
2022-02-25,12482,12631,12284,12631,6000,0.040787738958470765
2022-02-28,12631,12681,12433,12582,4057,-0.0038793444699548596
2022-03-02,12581,12631,12383,12631,2286,0.003894452392306569
2022-03-03,12631,12680,12531,12631,8580,0.0
2022-03-04,12680,12680,12432,12631,3731,0.0
2022-03-07,12631,12631,12284,12483,6284,-0.01171720370516982
2022-03-08,12483,12483,12185,12285,10017,-0.015861571737563085
2022-03-10,12433,12582,12235,12483,4841,0.01611721611721606
2022-03-11,12482,12482,12333,12433,8932,-0.0040054474084755265
2022-03-14,12432,12432,12036,12185,17932,-0.019946915466902637
2022-03-15,12185,12384,12185,12285,8921,0.008206811653672652
2022-03-16,12284,12482,12136,12483,12893,0.01611721611721606
2022-03-17,12532,12681,12482,12582,5013,0.007930785868781598
2022-03-18,12581,12681,12482,12681,4693,0.007868383404864066
2022-03-21,12681,12730,12383,12681,6613,0.0
2022-03-22,12681,12681,12532,12582,2553,-0.007806955287437911
2022-03-23,12681,12681,12532,12582,2656,0.0
2022-03-24,12433,12532,12383,12433,4842,-0.011842314417421673
2022-03-25,12582,12582,12433,12483,2385,0.004021555537681909
2022-03-28,12383,12482,12234,12433,6279,-0.0040054474084755265
2022-03-29,12383,12532,12333,12433,6361,0.0
2022-03-30,12532,12532,12234,12433,10870,0.0
2022-03-31,12383,12482,12284,12334,8225,-0.007962679964610309
2022-04-01,12334,12383,12284,12334,4968,0.0
2022-04-04,12383,12383,12284,12334,4167,0.0
2022-04-05,12333,12581,12333,12532,8371,0.01605318631425323
2022-04-06,12532,12581,12383,12433,1833,-0.007899776571975714
2022-04-07,12433,12433,12235,12384,4731,-0.003941124426928289
2022-04-08,12334,12384,12284,12384,3695,0.0
2022-04-11,12383,12383,12185,12334,7410,-0.004037467700258368
2022-04-12,12334,12334,12234,12334,2324,0.0
2022-04-13,12333,12433,12234,12433,6764,0.008026593157126616
2022-04-14,12532,12581,12333,12433,7594,0.0
2022-04-15,12532,12631,12383,12483,5215,0.004021555537681909
2022-04-18,12482,12582,12383,12483,4725,0.0
2022-04-19,12581,12681,12482,12582,4716,0.007930785868781598
2022-04-20,12582,12582,12482,12483,2093,-0.007868383404864066
2022-04-21,12631,12631,12383,12532,5923,0.0039253384603059605
2022-04-22,12482,12631,12433,12483,5913,-0.003909990424513232
2022-04-25,12384,12433,12235,12384,9270,-0.007930785868781598
2022-04-26,12284,12482,12284,12483,5010,0.007994186046511587
2022-04-27,12384,12384,12185,12384,7851,-0.007930785868781598
2022-04-28,12383,12482,12234,12334,5021,-0.004037467700258368
2022-04-29,12433,12581,12334,12582,4706,0.02010702124209507
2022-05-02,12433,12631,12433,12582,2925,0.0
2022-05-03,12581,12681,12532,12582,4959,0.0
2022-05-04,12680,12680,12531,12532,4169,-0.003973931012557608
2022-05-06,12482,12681,12433,12483,5203,-0.003909990424513232
2022-05-09,12433,12532,12235,12384,16765,-0.007930785868781598
2022-05-10,12334,12334,12036,12235,27713,-0.012031653746770066
2022-05-11,12185,12384,12136,12384,3503,0.012178177360032683
2022-05-12,12334,12433,12234,12334,6494,-0.004037467700258368
2022-05-13,12333,12977,12284,12829,26915,0.0401329657856333
2022-05-16,12977,12977,12631,12631,8045,-0.015433782835762688
2022-05-17,12581,12730,12581,12681,9534,0.003958514765260102
2022-05-18,12729,12878,12680,12829,6716,0.011671003864048624
2022-05-19,12730,12780,12433,12780,5951,-0.003819471509860506
2022-05-20,12631,12978,12631,12929,12874,0.011658841940532128
2022-05-23,12929,13028,12780,12929,5650,0.0
2022-05-24,12829,12928,12631,12780,6303,-0.011524479851496627
2022-05-25,12780,12780,12532,12780,6093,0.0
2022-05-26,12631,12829,12631,12780,1249,0.0
2022-05-27,12729,12928,12729,12829,7786,0.003834115805946725
2022-05-30,12878,13077,12680,13077,23419,0.019331202743783527
2022-05-31,13275,13275,12730,12780,22130,-0.0227116311080523
2022-06-02,12829,12928,12581,12829,8393,0.003834115805946725
2022-06-03,12779,12928,12730,12879,8245,0.0038974199080208383
2022-06-07,12879,12879,12631,12780,5925,-0.007686932215234088
2022-06-08,12680,12829,12631,12631,4305,-0.011658841940532128
2022-06-09,12581,12681,12482,12582,3461,-0.0038793444699548596
2022-06-10,12135,12433,12086,12334,69587,-0.01971069782228585
2022-06-13,12135,12185,11887,11987,28658,-0.028133614399221685
2022-06-14,11689,11888,11491,11888,22042,-0.008258947192792188
2022-06-15,11690,11789,11492,11641,13241,-0.020777254374158782
2022-06-16,11640,12135,11640,11888,6030,0.021218108409930325
2022-06-17,11740,11740,11393,11740,17391,-0.012449528936742893
2022-06-20,11690,11739,10996,11393,40043,-0.029557069846678052
2022-06-21,11195,11640,11195,11641,9272,0.021767752128500018
2022-06-22,11640,11838,11244,11393,10428,-0.021304011682845125
2022-06-23,11393,11442,10798,11195,32086,-0.017379092425173326
2022-06-24,11294,11343,11194,11294,4841,0.008843233586422583
2022-06-27,11541,11591,11244,11591,5650,0.026297148928634773
2022-06-28,11492,11641,11442,11542,3595,-0.004227417824173907
2022-06-29,11392,11492,11194,11492,10934,-0.0043320048518454835
2022-06-30,11492,11492,11343,11393,989,-0.008614688478941868
2022-07-01,11541,11541,11194,11343,2935,-0.004388659703326581
2022-07-04,11293,11392,11194,11343,2701,0.0
2022-07-05,11194,11393,11194,11393,3503,0.004408004936965471
2022-07-06,11293,11392,11243,11343,1423,-0.004388659703326581
2022-07-07,11343,11393,11145,11393,2618,0.004408004936965471
2022-07-08,11293,11442,11244,11393,5065,0.0
2022-07-11,11293,11442,11293,11442,3785,0.004300886509259971
2022-07-12,11243,11392,11243,11343,6123,-0.008652333508127996
2022-07-13,11442,11442,11194,11442,4126,0.008727849775191698
2022-07-14,11442,11442,11293,11442,1172,0.0
2022-07-15,11491,11491,11293,11343,1038,-0.008652333508127996
2022-07-18,11293,11393,11293,11393,2739,0.004408004936965471
2022-07-19,11293,11492,11293,11492,1247,0.008689546212586663
2022-07-20,11492,11541,11392,11492,2953,0.0
2022-07-21,11492,11541,11343,11492,2864,0.0
2022-07-22,11392,12829,11392,11789,318921,0.025844065436825714
2022-07-25,12135,12135,11788,12086,41599,0.025192976503520148
2022-07-26,11937,11987,11739,11888,22772,-0.016382591428098614
2022-07-27,11788,11987,11739,11888,12705,0.0
2022-07-28,11987,11987,11788,11888,8547,0.0
2022-07-29,11888,11937,11739,11888,6353,0.0
2022-08-01,11789,11888,11739,11789,5786,-0.00832772543741589
2022-08-02,11888,11888,11739,11789,9283,0.0
2022-08-03,11888,11987,11789,11938,7791,0.012638900670116193
2022-08-04,12086,12086,11887,11987,7404,0.004104540123973877
2022-08-05,11987,11987,11887,11987,2522,0.0
2022-08-08,11987,11987,11789,11938,5283,-0.004087761741887075
2022-08-09,11838,11888,11788,11888,3244,-0.004188306248952944
2022-08-10,11789,11838,11689,11789,5529,-0.00832772543741589
2022-08-11,11838,11888,11689,11888,7925,0.008397658834506716
2022-08-12,11888,12037,11789,12037,3818,0.012533647375504664
2022-08-16,11888,11987,11838,11888,4612,-0.012378499626152673
2022-08-17,11888,12037,11789,12037,7497,0.012533647375504664
2022-08-18,11887,11987,11788,11987,4973,-0.004153858934950572
2022-08-19,11888,11987,11838,11938,6100,-0.004087761741887075
2022-08-22,11888,11888,11640,11789,8284,-0.012481152621879765
2022-08-23,11789,11789,11590,11789,2812,0.0
2022-08-24,12036,12333,11838,11888,46278,0.008397658834506716
2022-08-25,11937,12135,11937,12086,9416,0.01665545087483178
2022-08-26,12135,12333,11937,12086,5507,0.0
2022-08-29,11887,12036,11541,11987,12520,-0.008191295714049307
2022-08-30,12136,12136,11987,12136,5553,0.0124301326436973
2022-08-31,12135,12135,11590,12086,13243,-0.004119973632168761
2022-09-01,12086,12086,11838,11888,2631,-0.016382591428098614
2022-09-02,11789,11888,11690,11690,7645,-0.01665545087483178
2022-09-05,11591,11739,11442,11591,12960,-0.008468776732249772
2022-09-06,11492,11740,11492,11740,4231,0.012854801138814542
2022-09-07,11789,11789,11541,11740,3752,0.0
2022-09-08,11740,11740,11591,11740,3017,0.0
2022-09-13,11739,11888,11739,11888,3701,0.012606473594548584
2022-09-14,11838,11838,11640,11690,2631,-0.01665545087483178
2022-09-15,11690,11838,11640,11690,7647,0.0
2022-09-16,11690,11739,11491,11690,3830,0.0
2022-09-19,11541,11640,11442,11492,7991,-0.016937553464499544
2022-09-20,11442,11591,11392,11492,1553,0.0
2022-09-21,11491,12631,11442,11591,41507,0.008614688478941979
2022-09-22,11591,11591,11393,11542,6380,-0.004227417824173907
2022-09-23,11442,11541,11293,11442,6219,-0.008664009703690856
2022-09-26,11342,11342,10798,10798,16410,-0.05628386645691308
2022-09-27,10699,10749,10501,10749,14643,-0.004537877384700906
2022-09-28,10600,10748,10253,10402,10418,-0.03228207275095363
2022-09-29,10451,10699,10451,10600,2377,0.01903480099980781
2022-09-30,10452,10551,10303,10452,3596,-0.013962264150943371
2022-10-04,10451,10699,10451,10699,413,0.023631840796019876
2022-10-05,10897,10897,10500,10600,2104,-0.009253201233760167
2022-10-06,10599,10798,10500,10798,7095,0.018679245283018897
2022-10-07,10698,10798,10550,10798,4080,0.0
2022-10-11,10699,10699,10104,10501,15255,-0.027505093535839964
2022-10-12,10451,10897,10352,10650,4617,0.01418912484525281
2022-10-13,10848,10848,10154,10353,10159,-0.027887323943662
2022-10-14,10600,10600,10253,10402,9601,0.0047329276538201626
2022-10-17,10352,10600,10253,10600,4826,0.01903480099980781
2022-10-18,10550,10749,10550,10749,8349,0.014056603773584975
2022-10-19,10748,10847,10599,10798,1871,0.004558563587310438
2022-10-20,10897,10897,10550,10798,12195,0.0
2022-10-21,10748,11343,10748,11145,44069,0.03213558066308586
2022-10-24,11294,12235,10997,10997,177505,-0.013279497532525775
2022-10-25,11195,11195,10749,11096,24772,0.009002455215058713
2022-10-26,11095,11095,10897,11046,7260,-0.004506128334535009
2022-10-27,10996,11096,10947,11096,4919,0.004526525439072948
2022-10-28,11145,11145,10897,11046,4379,-0.004506128334535009
2022-10-31,11096,11096,10996,11096,2249,0.004526525439072948
2022-11-01,11095,11095,10897,11046,2853,-0.004506128334535009
2022-11-02,11046,11442,10897,11393,11229,0.031414086547166375
2022-11-03,11243,11343,10996,11343,6072,-0.004388659703326581
2022-11-04,11342,11442,11194,11442,3302,0.008727849775191698
2022-11-07,11492,11492,11194,11492,3368,0.004369865408145435
2022-11-08,11492,11591,11392,11492,4987,0.0
2022-11-09,11492,11492,11392,11492,3330,0.0
2022-11-10,11293,11442,11293,11393,910,-0.008614688478941868
2022-11-11,11591,11591,11442,11492,7544,0.008689546212586663
2022-11-14,11541,11541,11392,11492,2763,0.0
2022-11-15,11442,11640,11343,11641,6459,0.012965541246084289
2022-11-16,11541,11937,11541,11888,16103,0.021218108409930325
2022-11-17,11887,11987,11788,11987,5961,0.00832772543741589
2022-11-18,11888,11987,11838,11938,13666,-0.004087761741887075
2022-11-21,11887,11987,11838,11987,4391,0.004104540123973877
2022-11-22,11888,11937,11838,11888,3360,-0.008258947192792188
2022-11-23,11888,12037,11838,11938,3547,0.004205921938088775
2022-11-24,11987,11987,11739,11987,4737,0.004104540123973877
2022-11-25,11888,12086,11739,12037,5817,0.004171185450905224
2022-11-28,12036,12036,11838,11987,2233,-0.004153858934950572
2022-11-29,11789,12037,11789,12037,3788,0.004171185450905224
2022-11-30,12086,12086,11986,12086,1949,0.004070781756251529
2022-12-01,12086,12185,12036,12136,4848,0.004137018037398743
2022-12-02,12136,12136,12036,12136,2341,0.0
2022-12-05,12135,12185,12036,12185,2655,0.004037574159525326
2022-12-06,12086,12284,12036,12136,3532,-0.004021337710299555
2022-12-07,12136,12136,12036,12136,1306,0.0
2022-12-08,12234,12234,11986,12086,5094,-0.004119973632168761
2022-12-09,12036,12135,11739,12086,10003,0.0
2022-12-12,11987,11987,11788,11987,5308,-0.008191295714049307
2022-12-13,11888,12086,11788,11888,5344,-0.008258947192792188
2022-12-14,12086,12086,11887,11987,1018,0.00832772543741589
2022-12-15,11987,12086,11987,12037,2802,0.004171185450905224
2022-12-16,12086,12086,11888,12037,2504,0.0
2022-12-19,11938,11987,11888,11938,2119,-0.0082246406912021
2022-12-20,11888,11938,11789,11938,12870,0.0
2022-12-21,11838,11938,11838,11938,2581,0.0
2022-12-22,11937,11987,11838,11888,4974,-0.004188306248952944
2022-12-23,11888,11888,11690,11690,4381,-0.01665545087483178
2022-12-26,11690,11888,11590,11690,85813,0.0
2022-12-27,11690,12185,11541,11839,80595,0.012745936698032478
2022-12-28,11937,11937,11689,11888,52941,0.004138863079651944
2022-12-29,11740,11789,11640,11641,3878,-0.020777254374158782
2023-01-02,11640,11690,11442,11591,4794,-0.004295163645734901
2023-01-03,11491,11591,11145,11591,5576,0.0
2023-01-04,11343,11740,11343,11740,1746,0.012854801138814542
2023-01-05,11888,11888,11640,11740,326,0.0
2023-01-06,11888,11888,11739,11789,2729,0.004173764906303168
2023-01-09,12086,12086,11887,11987,9145,0.016795317669013432
2023-01-10,11987,11987,11789,11938,3272,-0.004087761741887075
2023-01-11,11937,11987,11689,11888,12739,-0.004188306248952944
2023-01-12,11888,11888,11739,11888,2652,0.0
2023-01-13,11888,11888,11788,11888,1882,0.0
2023-01-16,11888,11937,11788,11888,3035,0.0
2023-01-17,11987,11987,11788,11888,4992,0.0
2023-01-18,11888,11888,11739,11789,1711,-0.00832772543741589
2023-01-19,11788,11888,11788,11888,1340,0.008397658834506716
2023-01-20,11788,11888,11788,11888,4065,0.0
2023-01-25,11888,11888,11779,11888,3846,0.0
2023-01-26,11888,11888,11769,11859,3605,-0.0024394347240914716
2023-01-27,11877,11877,11818,11868,3024,0.0007589172780166908
2023-01-30,11887,11987,11818,11987,7880,0.0100269632625547
2023-01-31,11958,11958,11898,11958,3488,-0.0024192875615249854
2023-02-01,11937,11957,11848,11928,2867,-0.0025087807325639977
2023-02-02,11888,11927,11838,11898,4584,-0.0025150905432596016
2023-02-03,11898,11898,11789,11839,5520,-0.004958816607833261
2023-02-06,11838,11838,11789,11809,2398,-0.0025339978038685373
2023-02-07,11819,11878,11750,11859,3974,0.004234058768735727
2023-02-08,11917,11917,11818,11908,5749,0.004131882958090971
2023-02-09,11878,11937,11848,11918,6230,0.0008397715821295559
2023-02-10,11898,11898,11789,11839,5149,-0.0066286289645913765
2023-02-13,11838,11838,11680,11789,8933,-0.004223329673114229
2023-02-14,11769,13067,11769,12483,205270,0.05886843667825947
2023-02-15,12422,12442,12056,12185,45642,-0.023872466554514138
2023-02-16,12285,12374,12067,12285,35869,0.008206811653672652
2023-02-17,12155,12284,12085,12185,9984,-0.008140008140008148
2023-02-20,12185,12245,12056,12146,7340,-0.00320065654493229
2023-02-21,12265,12334,12175,12275,11800,0.010620780503869609
2023-02-22,12036,12254,12036,12136,5761,-0.011323828920570267
2023-02-23,12086,12284,12086,12205,5647,0.005685563612392919
2023-02-24,12284,12284,12135,12185,2412,-0.0016386726751331793
2023-02-27,12185,12185,12056,12116,3208,-0.0056627000410340855
2023-02-28,12066,12214,12056,12185,6333,0.005694948827996038
2023-03-02,12254,12274,12115,12215,6675,0.0024620434961017956
2023-03-03,12214,12343,12135,12304,9834,0.007286123618501783
2023-03-06,12304,12343,12185,12215,7861,-0.007233420026007797
2023-03-07,12244,12244,12175,12225,11878,0.0008186655751125649
2023-03-08,12215,12225,12096,12225,10211,0.0
2023-03-09,12185,12373,12126,12235,5301,0.0008179959100205192
2023-03-10,12135,12175,11997,12007,20188,-0.018635063342868796
2023-03-13,11937,11967,11798,11888,15780,-0.009910885316898432
2023-03-14,11769,11828,11670,11819,8247,-0.005804172274562536
2023-03-15,11778,11897,11719,11868,7744,0.004145866824604383
2023-03-16,11868,11868,11749,11868,3814,0.0
2023-03-17,11838,12314,11838,12235,12491,0.030923491742500753
2023-03-20,12175,12235,12106,12156,3652,-0.006456885982836114
2023-03-21,12165,12274,12026,12235,4934,0.006498848305363625
2023-03-22,12185,12324,12076,12126,6939,-0.008908868001634707
2023-03-23,12076,12175,11987,12037,2812,-0.007339600857661277
2023-03-24,12175,12234,12036,12225,10748,0.01561850959541422
2023-03-27,12225,12343,12215,12225,7888,0.0
2023-03-28,12225,12334,12175,12334,19627,0.00891615541922297
2023-03-29,12344,12730,12344,12562,27513,0.018485487270958334
2023-03-30,12680,13037,12512,12849,36266,0.02284668046489413
2023-03-31,12978,12978,12661,12929,20261,0.006226165460347044
2023-04-03,13017,13512,12888,13483,65870,0.042849408306906867
2023-04-04,13334,13671,13334,13493,37852,0.0007416747014759029
2023-04-05,13404,13582,13344,13434,13488,-0.004372637663973888
2023-04-06,13572,13572,13334,13424,15155,-0.0007443799315169919
2023-04-07,13423,13602,13384,13513,11475,0.00662991656734202
2023-04-10,13513,13513,13176,13424,11845,-0.006586250277510586
2023-04-11,13374,13423,13205,13305,13217,-0.008864719904648433
2023-04-12,13265,13275,12383,13008,27275,-0.022322435174746302
2023-04-13,13007,13205,12947,13047,10717,0.002998154981549872
2023-04-14,13185,13324,12987,13077,6704,0.002299379167624682
2023-04-17,13017,13136,12839,13077,11962,0.0
2023-04-18,13077,13176,12938,13077,4795,0.0
2023-04-19,13195,13275,12977,13077,7556,0.0
2023-04-20,13077,13314,12710,12780,13353,-0.0227116311080523
2023-04-21,12779,12878,12452,12661,9197,-0.009311424100156507
2023-04-24,12671,14761,12493,13038,252552,0.029776478951109686
2023-04-25,13087,13087,12384,12929,34063,-0.008360177941402092
2023-04-26,12730,12968,12641,12879,10646,-0.0038672751179519294
2023-04-27,12859,12978,12492,12909,12275,0.0023293733985558784
2023-04-28,12908,13077,12631,12780,7774,-0.009993028119916314
2023-05-02,12839,13027,12690,12879,9152,0.007746478873239537
2023-05-03,13255,13255,12819,13028,10485,0.011569221212827108
2023-05-04,13027,13097,12869,12919,6575,-0.0083665950260976
2023-05-08,13096,13176,12769,12978,4677,0.0045669169440358814
2023-05-09,12938,13156,12819,12859,5224,-0.00916936353829556
2023-05-10,12829,12938,12730,12929,5027,0.005443658138268859
2023-05-11,13117,13117,12820,12929,2664,0.0
2023-05-12,12928,13295,12800,12919,2800,-0.0007734550235903859
2023-05-15,12997,12997,12433,12562,37363,-0.02763371778001389
2023-05-16,12562,12661,12284,12483,31000,-0.006288807514726935
2023-05-17,12284,12482,12066,12364,48113,-0.009532964832171809
2023-05-18,12294,12512,12274,12433,13210,0.005580718214170277
2023-05-19,12432,12551,12343,12423,11570,-0.0008043111075364262
2023-05-22,12384,12582,12294,12503,17267,0.006439668357079542
2023-05-23,12373,12551,12353,12433,4618,-0.005598656322482576
2023-05-24,12433,12571,12314,12542,3640,0.008766991072146624
2023-05-25,12502,12670,12422,12522,4669,-0.0015946420028704056
2023-05-26,12670,12670,12393,12562,3278,0.003194377894905065
2023-05-30,12869,12869,12482,12671,11245,0.008676962267154975
2023-05-31,12769,12769,12462,12512,7987,-0.012548338726225183
2023-06-01,12442,12631,12383,12532,9464,0.0015984654731457937
2023-06-02,12503,12542,12334,12503,13494,-0.0023140759655282395
2023-06-05,12858,12858,12482,12621,13768,0.00943773494361344
2023-06-07,12631,12770,12532,12612,5979,-0.0007130972189208773
2023-06-08,12621,12621,12284,12532,21907,-0.00634316523945444
2023-06-09,12383,12640,12383,12621,12378,0.007101819342483218
2023-06-12,12918,12918,12561,12651,8514,0.0023769907297361836
2023-06-13,12650,12938,12591,12859,21446,0.016441388032566673
2023-06-14,12799,13077,12631,12780,6848,-0.006143557041760617
2023-06-15,12780,13037,12671,12998,21018,0.017057902973395933
2023-06-16,12997,13066,12799,12938,6176,-0.004616094783812863
2023-06-19,12898,12937,12749,12829,3551,-0.008424795176998012
2023-06-20,13046,13046,12640,12829,8766,0.0
2023-06-21,12829,12879,12631,12820,10102,-0.0007015355834437687
2023-06-22,12779,12848,12630,12839,1953,0.0014820592823712175
2023-06-23,12839,12899,12641,12820,5566,-0.0014798660331801772
2023-06-26,12868,12868,12680,12829,2289,0.0007020280811231849
2023-06-27,13066,13066,12700,12839,2553,0.0007794839816042121
2023-06-28,12720,12869,12681,12800,3802,-0.0030376197523172
2023-06-29,12799,12868,12680,12829,6510,0.002265624999999938
2023-06-30,12829,12869,12631,12869,14290,0.003117935926416626
2023-07-03,12967,12987,12809,12859,15885,-0.000777061154712877
2023-07-04,12859,12958,12760,12869,7141,0.0007776654483240275
2023-07-05,12868,12957,12730,12948,10169,0.006138783122231706
2023-07-06,13027,13027,12740,12879,6840,-0.00532900834105654
2023-07-07,12849,12879,12562,12820,10854,-0.004581101017159694
2023-07-10,12760,12819,12552,12661,13563,-0.012402496099844007
2023-07-11,12660,13413,12640,13364,110969,0.05552484006002678
2023-07-12,13374,13869,13374,13850,110959,0.03636635737803062
2023-07-13,13721,14543,13721,14306,176540,0.03292418772563166
2023-07-14,14513,14711,14225,14543,75640,0.016566475604641306
2023-07-17,14543,14949,14295,14474,79154,-0.004744550642921008
2023-07-18,14751,14751,14146,14454,33022,-0.0013817880337155808
2023-07-19,14454,14454,14216,14365,26070,-0.006157465061574663
2023-07-20,14226,14513,14167,14494,26310,0.008980160111381918
2023-07-21,14474,15445,14474,15158,138667,0.04581206016282602
2023-07-24,15305,15335,14473,14553,70203,-0.03991291727140789
2023-07-25,14355,14405,13761,13890,60246,-0.04555761698618843
2023-07-26,13880,13890,13196,13573,51155,-0.02282217422606192
2023-07-27,13414,14236,13414,13949,29683,0.027702055551462434
2023-07-28,13969,14187,13533,14108,11834,0.011398666571080351
2023-07-31,14246,14612,13582,13850,58775,-0.018287496455911545
2023-08-01,14057,14057,13393,13582,31498,-0.01935018050541515
2023-08-02,13374,13622,13364,13434,14891,-0.010896775143572346
2023-08-03,13314,14355,12997,13404,190244,-0.0022331397945510867
2023-08-04,13364,13463,13156,13374,34311,-0.0022381378692927223
2023-08-07,13473,13770,13453,13503,31635,0.009645580978017154
2023-08-08,13671,13671,13225,13374,17821,-0.009553432570539866
2023-08-09,13473,13473,13146,13374,22947,0.0
2023-08-10,13235,13423,13126,13374,30531,0.0
2023-08-11,13196,13473,13107,13454,9643,0.0059817556452819165
2023-08-14,13364,13364,13127,13355,17303,-0.007358406421882013
2023-08-16,13275,13275,13086,13176,12997,-0.013403219767877173
2023-08-17,13175,13304,12868,13166,9649,-0.0007589556769884709
2023-08-18,12898,13255,12869,12978,9877,-0.014279204010329671
2023-08-21,12967,13364,12967,13067,6235,0.006857759284943699
2023-08-22,13076,13195,12859,12968,12581,-0.007576337338333183
2023-08-23,13007,13186,12780,12998,29025,0.002313386798272754
2023-08-24,12997,13255,12888,13067,3069,0.005308509001384909
2023-08-25,13107,13107,12809,13008,6732,-0.0045151909390066525
2023-08-28,12878,13067,12730,12978,21075,-0.0023062730627306793
2023-08-29,12978,13126,12869,12998,8950,0.0015410695022346488
2023-08-30,12958,13057,12878,12958,16148,-0.0030773965225419087
2023-08-31,12888,13027,12868,12948,5503,-0.0007717240314862872
2023-09-01,12878,13215,12868,13156,13126,0.016064257028112428
2023-09-04,13176,13255,12987,13077,6811,-0.006004864700516865
2023-09-05,13037,13265,12997,13057,5307,-0.0015294027682190015
2023-09-06,13057,13067,12859,12929,10007,-0.009803170713027498
2023-09-07,12809,12918,12690,12780,9753,-0.011524479851496627
2023-09-08,12680,12869,12492,12869,27068,0.006964006259780886
2023-09-11,12869,13166,12690,12879,11057,0.000777061154712877
2023-09-12,12908,13116,12690,12859,5585,-0.0015529155990371413
2023-09-13,12859,12859,12582,12820,15350,-0.0030328952484640626
2023-09-14,12820,12938,12671,12929,5483,0.008502340093603733
2023-09-15,13027,13077,12878,13077,12039,0.011447134349137578
2023-09-18,13374,13374,12750,12929,12488,-0.011317580484820677
2023-09-19,12929,13265,12681,12929,5730,0.0
2023-09-20,13146,13146,12760,12929,4972,0.0
2023-09-21,12730,13166,12542,12780,8026,-0.011524479851496627
2023-09-22,12651,12770,12512,12681,3189,-0.007746478873239426
2023-09-25,12681,12978,12463,12681,7923,0.0
2023-09-26,12690,13067,12532,12681,3703,0.0
2023-09-27,12512,13374,12443,12780,26427,0.0078069552874378
2023-10-04,12780,12780,12393,12483,6819,-0.02323943661971828
2023-10-05,12393,12660,12304,12433,5205,-0.0040054474084755265
2023-10-06,12463,12869,12383,12582,2936,0.011984235502292329
2023-10-10,12591,13077,12423,12582,7339,0.0
2023-10-11,12601,12690,12482,12621,5028,0.0030996661897948474
2023-10-12,12621,12670,12581,12641,3600,0.001584660486490863
2023-10-13,12670,12670,12472,12641,3754,0.0
2023-10-16,12670,12670,12413,12661,4298,0.0015821533106556984
2023-10-17,12581,12660,12482,12641,1928,-0.00157965405576177
2023-10-18,12591,12660,12492,12631,2932,-0.0007910766553278492
2023-10-19,12601,12601,12294,12463,11380,-0.013300609611273884
2023-10-20,12363,12363,11818,12185,15285,-0.022306025836476007
2023-10-23,11887,12125,11887,11987,6859,-0.01624948707427165
2023-10-24,11986,12105,11798,12086,10824,0.008258947192792299
2023-10-25,12096,12176,11898,12176,9589,0.007446632467317471
2023-10-26,12076,12086,11789,12047,11984,-0.010594612352168187
2023-10-27,12047,12066,11789,12057,4879,0.0008300821781357381
2023-10-30,12057,12116,11858,12067,870,0.0008293937131955698
2023-10-31,12106,12106,11730,11839,5274,-0.01889450567663875
2023-11-01,11839,11898,11710,11839,3821,0.0
2023-11-02,11769,12235,11769,12176,4692,0.028465241996790347
2023-11-03,12472,12472,12066,12245,1482,0.005666885676741229
2023-11-06,12562,12562,12027,12265,7127,0.0016333197223357132
2023-11-07,12572,12572,11987,12285,2007,0.0016306563391765838
2023-11-08,12284,12284,12126,12235,2576,-0.0040700040700040185
2023-11-09,12234,12393,12096,12225,1384,-0.000817327339599494
2023-11-10,12234,12363,11323,12205,8026,-0.0016359918200409274
2023-11-13,12284,12304,11997,12136,1813,-0.00565342072920938
2023-11-14,11957,12333,11957,12225,13326,0.00733355306526029
2023-11-15,12284,12433,12245,12384,23316,0.013006134969325123
2023-11-16,12403,12602,12314,12602,11547,0.01760335917312661
2023-11-17,12691,12839,12433,12612,2410,0.0007935248373274195
2023-11-20,12611,12878,12541,12730,14915,0.009356168728195335
2023-11-21,12700,12819,12581,12681,8345,-0.0038491751767478766
2023-11-22,12769,12769,12442,12631,5081,-0.003942906710827199
2023-11-23,12640,12640,12541,12631,944,0.0
2023-11-24,12671,12671,12542,12612,3495,-0.0015042356107988208
2023-11-27,12611,12631,12541,12631,3636,0.001506501744370503
2023-11-28,12670,12759,12531,12720,2620,0.007046156282162874
2023-11-29,12631,12720,12591,12681,1866,-0.0030660377358490143
2023-11-30,12750,12750,12601,12661,1571,-0.001577162684330835
2023-12-01,12670,12670,12571,12641,3323,-0.00157965405576177
2023-12-04,12621,12641,12502,12562,2733,-0.006249505577090475
2023-12-05,12482,12581,12224,12403,7769,-0.01265722018786819
2023-12-06,12403,12432,12284,12423,5161,0.0016125131016688776
2023-12-07,12284,12383,12284,12294,1962,-0.010383965225790881
2023-12-08,12502,12502,12304,12384,2128,0.007320644216691097
2023-12-11,12294,12879,11987,12384,6978,0.0
2023-12-12,12384,12423,12344,12384,1184,0.0
2023-12-13,12383,12393,12334,12374,3025,-0.000807493540051718
2023-12-14,12264,12502,12264,12453,8137,0.006384354291255834
2023-12-15,12423,12661,12364,12374,28309,-0.006343852886854573
2023-12-18,12472,12482,12334,12453,1197,0.006384354291255834
2023-12-19,12463,12621,12384,12384,2264,-0.005540833534088185
2023-12-20,12344,12611,12344,12483,2463,0.007994186046511587
2023-12-21,12462,12541,12244,12314,5816,-0.013538412240647335
2023-12-22,12611,12611,12304,12384,13154,0.005684586649342238
2023-12-26,12244,12660,12234,12641,25568,0.02075258397932811
2023-12-27,12611,12819,12383,12790,12826,0.011787042164385753
2023-12-28,12869,12869,12463,12592,14623,-0.015480844409695105
2024-01-02,12532,12631,12473,12592,17644,0.0
2024-01-03,12631,12631,12413,12582,4840,-0.0007941550190597724
2024-01-04,12462,12611,12373,12423,16241,-0.012637100619933284
2024-01-05,12383,12462,12284,12433,12736,0.000804958544635026
2024-01-08,12482,12492,12413,12433,4216,0.0
2024-01-09,12472,12542,12433,12443,10743,0.0008043111075364262
2024-01-10,12393,12532,12393,12443,5224,0.0
2024-01-11,12443,12512,12443,12483,2597,0.0032146588443302537
2024-01-12,12542,12542,12403,12463,3308,-0.0016021789633902106
2024-01-15,12462,12532,12383,12453,3180,-0.0008023750300890642
2024-01-16,12433,12492,12343,12443,5694,-0.0008030193527663876
2024-01-17,12433,12433,12294,12354,7114,-0.007152615928634587
2024-01-18,12284,12433,12224,12433,5236,0.0063946899789542044
2024-01-19,12364,12502,12364,12483,8553,0.004021555537681909
2024-01-22,12413,12541,12413,12522,7266,0.003124248978610966
2024-01-23,12522,12581,12472,12562,4436,0.003194377894905065
2024-01-24,12581,12581,12482,12562,5577,0.0
2024-01-25,12561,12571,12432,12522,3780,-0.003184206336570572
2024-01-26,12571,12581,12482,12562,3095,0.003194377894905065
2024-01-29,12581,12631,12423,12532,12652,-0.002388154752427929
2024-01-30,12442,12531,12432,12532,7525,0.0
2024-01-31,12482,12531,12393,12512,3276,-0.0015959144589849927
2024-02-01,12502,12671,12403,12671,11653,0.012707800511508882
2024-02-02,12680,12809,12512,12730,13980,0.0046563017914924565
2024-02-05,12730,12889,12671,12820,12351,0.0070699135899450205
2024-02-06,12918,12948,12670,12859,15697,0.0030421216848675048
2024-02-07,12888,12888,12730,12849,6403,-0.0007776654483241385
2024-02-08,12848,13373,12591,12829,117089,-0.001556541365086761
2024-02-13,12690,12829,12591,12730,13038,-0.007716891417881344
2024-02-14,12651,12690,12542,12651,6955,-0.006205813040062846
2024-02-15,12581,12690,12502,12671,11279,0.0015809026954392014
2024-02-16,12690,12780,12581,12681,4963,0.0007892036934733504
2024-02-19,12680,12779,12601,12750,7554,0.0054412112609416585
2024-02-20,12888,13255,12680,12770,15795,0.0015686274509802978
2024-02-21,12889,12889,12711,12820,13599,0.003915426781519127
2024-02-22,12868,12997,12759,12849,8383,0.00226209048361925
2024-02-23,12869,12898,12779,12879,4582,0.002334812047630086
2024-02-26,12888,12937,12700,12829,7586,-0.0038822889975930197
2024-02-27,12700,12780,12631,12780,7741,-0.003819471509860506
2024-02-28,12730,12779,12611,12750,6586,-0.0023474178403756207
2024-02-29,12750,12750,12621,12681,5733,-0.005411764705882338
2024-03-04,12681,13037,12681,12810,29247,0.010172699313934164
2024-03-05,12819,12918,12631,12800,10257,-0.0007806401249024209
2024-03-06,12780,12789,12631,12780,2085,-0.0015625000000000222
2024-03-07,12780,12918,12106,12681,10169,-0.007746478873239426
2024-03-08,12581,12759,12581,12730,5980,0.0038640485766106014
2024-03-11,12730,12889,12661,12711,7728,-0.0014925373134327957
2024-03-12,12591,12769,12591,12740,12327,0.0022814884745496755
2024-03-13,12779,13037,12760,12978,47574,0.018681318681318615
2024-03-14,12968,12978,12750,12889,3868,-0.006857759284943699
2024-03-15,12789,12968,12660,12968,4074,0.006129257506400698
2024-03-18,12868,12967,12809,12948,4420,-0.0015422578655150954
2024-03-19,12948,12948,12750,12859,28394,-0.006873648439913449
2024-03-20,12859,13057,12859,12978,8775,0.00925421883505706
2024-03-21,12977,13037,12759,12938,11106,-0.0030821390044690755
2024-03-22,13017,13037,12710,13018,8865,0.006183335909723198
2024-03-25,12879,13037,12849,12879,4706,-0.010677523429098223
2024-03-26,12879,13037,12879,12899,5383,0.0015529155990372523
2024-03-27,12879,13018,12829,12929,6879,0.002325761686952532
2024-03-28,12710,12869,12680,12780,6392,-0.011524479851496627
2024-03-29,12928,12928,12789,12889,4535,0.008528951486697967
2024-04-01,12888,12888,12739,12839,11194,-0.0038792769027853335
2024-04-02,12740,12839,12631,12750,6485,-0.006932004050159701
2024-04-03,12740,12967,12690,12849,18235,0.007764705882352896
2024-04-04,13205,14523,13205,13919,436922,0.08327496303214255
2024-04-05,13850,15623,13771,13989,589175,0.005029096917882114
2024-04-08,14662,15544,14068,14841,407724,0.06090499678318673
2024-04-09,14672,14672,13334,13612,132556,-0.08281113132538243
2024-04-11,13532,14127,13324,13919,75091,0.02255362915074932
2024-04-12,13928,14146,13522,14008,85933,0.006394137509878606
2024-04-15,13979,13988,12879,13454,64202,-0.039548829240434014
2024-04-16,13820,14335,13632,13632,109169,0.013230266091868614
2024-04-17,13651,14186,13572,13850,59299,0.015991784037558743
2024-04-18,13879,14256,13770,14197,53726,0.025054151624548826
2024-04-19,14414,14671,13443,13899,82321,-0.02099035007395933
2024-04-22,13780,17951,13473,17397,9538618,0.2516727822145479
2024-04-23,17288,20161,16614,17407,12629671,0.0005748117491521931
2024-04-24,17317,17892,17149,17417,1774913,0.0005744815304187245
2024-04-25,17060,17357,16991,16991,341132,-0.024458862031348727
2024-04-26,17238,17733,17158,17684,381626,0.04078629862868577
2024-04-29,18089,19031,17832,19031,779833,0.07617054964940051
2024-04-30,19516,20209,17832,17971,1706290,-0.05569859702590507
2024-05-02,17366,17584,16643,17337,1070677,-0.03527906070891995
2024-05-03,19427,19863,16961,16961,3142878,-0.021687719905404634
2024-05-07,17228,17733,16970,17387,547758,0.02511644360591947
2024-05-08,17287,17356,16366,16495,446411,-0.05130269741761084
2024-05-09,16396,16495,15910,16109,267999,-0.023401030615337937
2024-05-10,16247,16376,15376,15386,304189,-0.04488174312496118
2024-05-13,15177,15613,14989,15059,169219,-0.021253087222150024
2024-05-14,15078,15256,15008,15187,113439,0.00849990039179227
2024-05-16,15336,15920,15187,15594,309514,0.026799236188845832
2024-05-17,15365,15365,14622,14692,253890,-0.05784276003591127
2024-05-20,14889,14889,14364,14543,116606,-0.010141573645521373
2024-05-21,14612,14969,14573,14910,121203,0.025235508492058134
2024-05-22,14949,15148,14484,15148,142335,0.015962441314554043
2024-05-23,15187,15187,14563,14573,102120,-0.037958806443094795
2024-05-24,14830,15107,14483,14573,97132,0.0
2024-05-27,14573,14682,14117,14316,96050,-0.017635353050161284
2024-05-28,14196,14364,14107,14236,84384,-0.0055881531153954
2024-05-29,14236,14285,13939,13959,73833,-0.019457712840685537
2024-05-30,13978,14117,13780,13840,65997,-0.008524965971774434
2024-05-31,13869,13958,13681,13691,59865,-0.01076589595375721
2024-06-03,13721,13859,13612,13830,61006,0.010152655028851099
2024-06-04,13928,13938,13503,13503,73829,-0.023644251626898094
2024-06-05,13582,13671,13364,13374,67467,-0.009553432570539866
2024-06-07,13374,13572,13314,13414,42903,0.0029908778226408472
2024-06-10,13414,13622,13285,13573,41225,0.01185328760995974
2024-06-11,13582,13830,13424,13771,49309,0.014587784572312579
2024-06-12,13681,14286,13681,14207,88942,0.0316607363299688
2024-06-13,14206,14245,13770,13909,64984,-0.020975575420567272
2024-06-14,13869,13988,13483,13543,50836,-0.026313897476454073
2024-06-17,13542,13899,13473,13622,28387,0.005833271800930406
2024-06-18,13622,13998,13582,13890,33159,0.019674056673028906
2024-06-19,13869,14027,13809,13909,30077,0.0013678905687544152
2024-06-20,13929,13959,13750,13751,23579,-0.01135955136961675
2024-06-21,13730,13740,13423,13473,34841,-0.020216711511890084
2024-06-24,13473,13473,13077,13345,53530,-0.009500482446374248
2024-06-25,13344,13463,13126,13374,22922,0.0021730985387786728
2024-06-26,13393,13443,13225,13384,25291,0.0007477194556602118
2024-06-27,13394,13394,12978,13018,50667,-0.027346084877465593
2024-06-28,12978,13265,12978,13246,26040,0.017514211092333642
2024-07-01,13086,13463,13086,13404,13463,0.011928129246564945
2024-07-02,13245,13463,13116,13166,43788,-0.017755893763055752
2024-07-03,13384,13384,12878,12968,47587,-0.015038736138538678
2024-07-04,12967,13146,12878,12948,29326,-0.0015422578655150954
2024-07-05,12948,13087,12681,12691,48207,-0.01984862527031206
2024-07-08,12680,13314,12680,12879,21339,0.014813647466708657
2024-07-09,12879,14444,12879,13236,619591,0.02771954344281391
2024-07-10,13176,13315,12948,13127,62201,-0.008235116349350258
2024-07-11,13126,13453,12958,12968,31730,-0.012112440009141467
2024-07-12,12947,13027,12789,12839,22053,-0.00994756323257251
2024-07-15,12879,12988,12780,12909,13952,0.005452138016979413
2024-07-16,13027,13562,12879,12899,23057,-0.0007746533426291613
2024-07-17,12918,12928,12780,12780,28732,-0.009225521358244837
2024-07-18,12720,12859,12383,12483,62971,-0.02323943661971828
2024-07-19,12482,12611,12393,12473,16674,-0.0008010894816951053
2024-07-22,12463,12492,12076,12146,32832,-0.026216627916299196
2024-07-23,12116,12373,12096,12146,17892,0.0
2024-07-24,12017,12602,12017,12602,22078,0.037543224106701745
2024-07-25,12225,12572,12225,12364,21944,-0.01888589112839234
2024-07-26,12245,12383,12245,12364,16799,0.0
2024-07-29,12363,12799,12363,12661,16666,0.024021352313167155
2024-07-30,12482,12839,12442,12839,12679,0.01405892109627982
2024-07-31,12839,13355,12532,13355,37131,0.040190045953734765
2024-08-01,13225,13483,13176,13305,44354,-0.003743916136278558
2024-08-02,12819,13136,12819,13008,25395,-0.022322435174746302
2024-08-05,12393,12879,10996,11393,84291,-0.1241543665436654
2024-08-06,11234,12037,11234,11839,34168,0.03914684455367334
2024-08-07,11838,12185,11749,12136,10196,0.025086578258298742
2024-08-08,12136,12413,12027,12265,14264,0.010629531970995476
2024-08-09,12265,13325,12265,12493,124029,0.01858948226661239
2024-08-12,12482,12700,12245,12671,25023,0.0142479788681662
2024-08-13,12690,12690,12245,12681,21737,0.0007892036934733504
2024-08-14,12918,13542,12908,13404,95380,0.05701443103856163
2024-08-16,13572,13819,13136,13820,61494,0.03103551178752606
2024-08-19,13869,14107,13542,13800,58098,-0.0014471780028944004
2024-08-20,13800,14107,13800,13890,35822,0.006521739130434856
2024-08-21,13830,14365,13810,14187,102540,0.021382289416846723
2024-08-22,14226,14404,14008,14365,65988,0.012546697680975605
2024-08-23,14008,15128,14008,15029,181382,0.04622345979812037
2024-08-26,15415,17099,13820,13850,1022314,-0.0784483332224366
2024-08-27,13869,14592,13710,14216,158546,0.026425992779783414
2024-08-28,14146,14552,13918,14216,68422,0.0
2024-08-29,13701,14345,13691,14177,55638,-0.002743387732132785
2024-08-30,14176,14305,13978,14266,30447,0.006277773859067581
2024-09-02,14443,14443,13898,14216,24816,-0.0035048366746109894
2024-09-03,14216,14216,13949,13949,16774,-0.018781654473832288
2024-09-04,13473,13721,13404,13543,43782,-0.029106029106029108
2024-09-05,13582,13691,13007,13176,37728,-0.02709887026508162
2024-09-06,13037,13364,12106,12701,44063,-0.036050394656952034
2024-09-09,12403,13028,12403,13028,17657,0.02574600425163376
2024-09-10,12898,12997,12601,12671,22538,-0.027402517654283032
2024-09-11,12521,13354,12521,13156,37472,0.038276379133454386
2024-09-12,13384,13414,13018,13137,29956,-0.0014442079659471307
2024-09-13,13314,13314,12680,12978,17467,-0.012103219913222163
2024-09-19,12987,12997,12581,12770,16043,-0.01602712282323937
2024-09-20,12769,13166,12769,12968,16130,0.015505090054815929
2024-09-23,12968,13136,12789,12968,13488,0.0
2024-09-24,12968,13037,12839,12968,6936,0.0
2024-09-25,12977,13274,12977,13047,20692,0.00609191856878466
2024-09-26,13077,13553,13077,13553,40434,0.038782861960603876
2024-09-27,13553,13889,13404,13662,22759,0.008042499815539061
2024-09-30,13820,13820,13186,13305,13096,-0.0261308739569609
2024-10-02,13295,13305,12700,13117,18859,-0.01413002630589999
2024-10-04,13345,13672,12948,13246,10626,0.009834565830601605
2024-10-07,13611,13641,13136,13255,7915,0.0006794504001208512
2024-10-08,13552,13552,13136,13325,8578,0.005281026027913915
2024-10-10,13423,13562,13087,13315,11026,-0.0007504690431520133
2024-10-11,13414,13424,13206,13345,10491,0.0022530980097634767
2024-10-14,13315,13949,13226,13672,51986,0.02450355938553761
2024-10-15,13731,13770,13216,13325,24040,-0.025380339379754258
2024-10-16,13146,13176,12889,12919,18784,-0.030469043151969966
2024-10-17,12918,13027,12848,12938,6196,0.001470702066723506
2024-10-18,12929,12968,12691,12929,13476,-0.0006956252898439041
2024-10-21,12928,13345,12770,13345,20444,0.032175728981359786
2024-10-22,13335,13335,12720,12929,14763,-0.031172723866616736
2024-10-23,12810,12948,12661,12820,10908,-0.008430659757135084
2024-10-24,12849,12908,12552,12800,14490,-0.0015600624024960652
2024-10-25,12868,12868,12105,12522,20644,-0.02171875000000001
2024-10-28,12463,12601,12393,12572,5757,0.003992972368631165
2024-10-29,12769,12987,12452,12641,23001,0.005488386891504993
2024-10-30,12581,12829,12313,12413,14214,-0.018036547741476117
2024-10-31,12323,12462,12214,12423,8745,0.0008056070248931846
2024-11-01,12294,12492,12135,12314,12545,-0.00877404813652094
2024-11-04,12314,12462,12155,12354,5602,0.0032483352281955646
2024-11-05,12324,12542,12324,12483,4719,0.010441962117532677
2024-11-06,12373,12601,12265,12265,8766,-0.017463750700953296
2024-11-07,12185,12452,11947,12116,18846,-0.01214838972686505
2024-11-08,12116,12353,11858,11908,19559,-0.01716738197424894
2024-11-11,11907,12066,11352,11442,33617,-0.03913335572724219
2024-11-12,11323,11343,9590,10244,214986,-0.10470197517916446
2024-11-13,10233,10520,10064,10273,19271,0.0028309254197578237
2024-11-14,10174,10402,9897,9897,28662,-0.036600798208897056
2024-11-15,9837,10254,9808,10046,31553,0.015055067192078386
2024-11-18,10362,10461,9966,10105,17843,0.005872984272347281
2024-11-19,10144,10282,9876,9956,21477,-0.01474517565561606
2024-11-20,9956,10134,9896,9976,13237,0.002008838891121023
2024-11-21,10124,10124,9896,9986,13965,0.001002405773857351
2024-11-22,9936,10204,9927,10036,14808,0.005007009813739138
2024-11-25,10343,10343,9956,10145,24107,0.01086090075727375
2024-11-26,10144,10223,10104,10184,6902,0.0038442582552982163
2024-11-27,10105,10352,9907,10016,14254,-0.01649646504320501
2024-11-28,9926,10183,9926,10055,3768,0.0038937699680510196
2024-11-29,10055,10055,9778,9788,33830,-0.026553953257085983
2024-12-02,9797,9846,9312,9312,70328,-0.04863097670617078
2024-12-03,9312,9639,9243,9352,11422,0.004295532646048095
2024-12-04,9322,9381,8965,9144,24237,-0.022241231822070162
2024-12-05,9500,9500,9015,9154,9013,0.0010936132983376812
2024-12-06,8926,9074,8609,8956,55077,-0.02162988857330128
2024-12-09,8955,8955,8172,8242,52863,-0.07972309066547567
2024-12-10,8172,8905,8172,8767,25912,0.0636981315214753
2024-12-11,8817,8985,8797,8926,12667,0.018136192540207707
2024-12-12,9153,9153,8846,9025,14721,0.011091194263948001
2024-12-13,9064,9233,8945,9233,8104,0.023047091412742304
2024-12-16,9371,9995,9322,9966,41264,0.07938914762265781
2024-12-17,10006,10006,9461,9808,16931,-0.015853903271121794
2024-12-18,9808,10996,9738,10026,181753,0.022226753670473
2024-12-19,9698,10134,9658,9748,18342,-0.027727907440654342
2024-12-20,9678,9896,9500,9550,15807,-0.020311858842839592
2024-12-23,9549,9817,9510,9748,7797,0.020732984293193812
2024-12-24,9738,10203,9688,9748,10847,0.0
2024-12-26,9748,9857,9600,9620,8194,-0.013130898645876132
2024-12-27,9500,9760,9270,9310,13113,-0.032224532224532254
2024-12-30,9590,9680,9210,9310,6262,0.0
2025-01-02,9320,9490,9210,9390,3318,0.00859291084854985
2025-01-03,9450,9610,9250,9250,11897,-0.014909478168264156
2025-01-06,9290,9880,9290,9800,21559,0.05945945945945952
2025-01-07,10100,10320,9600,9920,27231,0.012244897959183598
2025-01-08,9920,10170,9830,10120,23979,0.02016129032258074
2025-01-09,10120,11090,10090,10630,101134,0.05039525691699609
2025-01-10,10600,10730,10150,10160,28422,-0.04421448730009403
2025-01-13,10480,10480,9810,9880,17370,-0.027559055118110187
2025-01-14,10000,10590,10000,10150,16983,0.027327935222672073
2025-01-15,10200,10300,9900,10050,15386,-0.009852216748768461
2025-01-16,10070,10440,10060,10060,15136,0.0009950248756218638
2025-01-17,10170,12810,9920,11770,893076,0.16998011928429424
2025-01-20,11500,12020,11350,11540,180205,-0.01954120645709434
2025-01-21,11570,11780,11400,11640,83745,0.008665511265164572
2025-01-22,11540,12800,11330,11690,370984,0.004295532646048095
2025-01-23,11630,12580,11300,11900,434031,0.017964071856287456
2025-01-24,11900,12560,11900,11970,124040,0.00588235294117645
2025-01-31,11600,11750,11410,11530,57192,-0.036758563074352546
2025-02-03,11190,11300,10640,10720,58382,-0.07025151777970506
2025-02-04,10870,11140,10780,10860,21278,0.013059701492537323
2025-02-05,10860,11240,10860,11160,21734,0.027624309392265234
2025-02-06,11200,13900,11060,13580,871067,0.21684587813620082
2025-02-07,15350,15870,13890,14130,1689313,0.040500736377025115
2025-02-10,13900,17570,13840,15880,5305632,0.12384996461429587
2025-02-11,16100,16970,15770,15830,1353145,-0.0031486146095718315
2025-02-12,15770,15770,14950,15460,391133,-0.023373341756159238
2025-02-13,15710,15990,14170,14920,412049,-0.03492884864165591
2025-02-14,14600,16530,14500,15390,1235934,0.03150134048257369
2025-02-17,15620,16410,15500,15820,636944,0.027940220922677117
2025-02-18,15650,17210,15440,16290,1040729,0.02970922882427307
2025-02-19,16480,20450,15800,17750,6832251,0.08962553713934929
2025-02-20,17080,17420,16660,16760,403415,-0.05577464788732389
2025-02-21,16680,17690,16670,17110,289216,0.020883054892601338
2025-02-24,16810,17420,16810,17080,201835,-0.001753360607831711
2025-02-25,17500,18390,15300,15350,1390604,-0.10128805620608894
2025-02-26,15300,15770,15020,15140,290558,-0.013680781758957705
2025-02-27,15410,15470,14300,14320,374846,-0.05416116248348746
2025-02-28,13900,14560,13850,14230,214894,-0.006284916201117263
2025-03-04,13950,14950,13680,14620,272015,0.027406886858749147
2025-03-05,14560,15210,14410,14560,292871,-0.004103967168262668
2025-03-06,14840,14920,13890,14110,322831,-0.030906593406593408
2025-03-07,14110,14580,13550,13680,264320,-0.030474840538625037
2025-03-10,13640,14060,13510,13550,116467,-0.009502923976608235
2025-03-11,13100,14350,13020,14200,322734,0.047970479704797064
2025-03-12,14200,14580,13980,14530,195490,0.02323943661971839
2025-03-13,14610,14750,14230,14570,213653,0.002752924982794225
2025-03-14,14420,14680,14360,14510,91605,-0.0041180507892930596
2025-03-17,14710,15250,14600,14620,248917,0.007580978635423952
2025-03-18,14700,14770,14230,14330,112692,-0.019835841313269542
2025-03-19,14200,14470,13810,14020,112759,-0.021632937892533177
2025-03-20,14060,14340,13880,13910,99226,-0.007845934379457908
2025-03-21,13810,14260,13680,13910,92706,0.0
2025-03-24,13910,14080,13560,13760,60604,-0.010783608914450071
2025-03-25,13800,14030,13230,13340,117989,-0.030523255813953543
2025-03-26,13300,13610,13210,13540,57248,0.014992503748125996
2025-03-27,13310,13700,13160,13520,61638,-0.001477104874446078
2025-03-28,13370,13570,13060,13150,83894,-0.02736686390532539
2025-03-31,12850,13000,12690,12700,78189,-0.034220532319391594
2025-04-01,12720,13270,12700,13220,75713,0.04094488188976375
2025-04-02,13240,13390,12790,12850,59906,-0.027987897125567374
2025-04-03,12650,13090,12490,12920,43946,0.005447470817120603
2025-04-04,12730,13150,12350,12630,104223,-0.02244582043343657
2025-04-07,12270,12370,11810,11810,130056,-0.06492478226444975
2025-04-08,12030,12210,11810,11870,64931,0.00508044030482635
2025-04-09,11810,12080,11530,11710,45039,-0.01347935973041281
2025-04-10,12500,12530,12200,12470,47651,0.06490179333902657
2025-04-11,12210,12850,12160,12750,48853,0.02245388933440262
2025-04-14,13000,13290,12940,13080,64158,0.025882352941176467
2025-04-15,13050,13600,13020,13520,66601,0.033639143730886945
2025-04-16,13380,13460,13090,13140,66837,-0.028106508875739622
2025-04-17,13060,13400,13010,13300,34222,0.0121765601217656
2025-04-18,13270,13270,12920,13120,42439,-0.013533834586466176
2025-04-21,13120,13370,12950,13280,32675,0.012195121951219523
2025-04-22,13260,13280,12970,13030,30144,-0.01882530120481929
2025-04-23,13210,13570,13160,13390,52941,0.027628549501151234
2025-04-24,13530,13530,13150,13150,25019,-0.017923823749066425
2025-04-25,13250,13430,13210,13370,37983,0.016730038022813698
2025-04-28,13380,13380,13050,13090,35494,-0.020942408376963373
2025-04-29,13080,13330,13070,13200,28787,0.008403361344537785
2025-04-30,13080,13200,12860,13010,36637,-0.014393939393939403
2025-05-02,12970,13100,12800,12840,19914,-0.013066871637202104
2025-05-07,12890,13360,12840,13150,49507,0.02414330218068539
2025-05-08,13160,13450,13070,13180,46754,0.0022813688212928174
2025-05-09,13180,13260,12900,13180,37889,0.0
2025-05-12,13200,13420,13180,13350,68114,0.012898330804248959
2025-05-13,13450,13500,13180,13260,58129,-0.006741573033707815
2025-05-14,13260,13480,13160,13410,38254,0.011312217194570096
2025-05-15,13420,14100,13180,13640,188348,0.017151379567486913
2025-05-16,13680,13860,13310,13400,86188,-0.017595307917888547
2025-05-19,13110,13340,12470,12720,109008,-0.05074626865671639
2025-05-20,12750,13080,12650,12840,52916,0.009433962264151052
2025-05-21,12700,13190,12700,12890,39242,0.003894080996884819
2025-05-22,12730,12930,12630,12700,32115,-0.014740108611326574
2025-05-23,12710,12890,12630,12690,23116,-0.0007874015748031704
2025-05-26,12860,13900,12860,13410,172573,0.05673758865248235
2025-05-27,13600,13900,13310,13560,99733,0.01118568232662187
2025-05-28,13880,13890,13300,13350,50772,-0.015486725663716783
2025-05-29,13440,13600,13250,13300,33646,-0.0037453183520599342
2025-05-30,13300,13300,12890,12900,45906,-0.03007518796992481
2025-06-02,12900,13070,12810,12940,25967,0.0031007751937983663
2025-06-04,12960,13200,12960,13020,63235,0.0061823802163833985
2025-06-05,13280,13670,13150,13530,176913,0.03917050691244239
2025-06-09,13590,13630,13360,13410,58620,-0.008869179600886956
2025-06-10,13470,13590,13180,13220,54262,-0.014168530947054392
2025-06-11,13350,13640,13250,13540,68095,0.024205748865355536
2025-06-12,13530,13530,13290,13370,30206,-0.012555391432791718
2025-06-13,13450,13450,12950,13100,83718,-0.020194465220643276
2025-06-16,13010,13070,12750,13000,77498,-0.007633587786259555
2025-06-17,13100,13770,12870,13480,203333,0.036923076923076836
2025-06-18,13480,13560,13190,13500,46052,0.0014836795252226587
2025-06-19,13710,13710,13310,13330,46213,-0.0125925925925926
2025-06-20,13330,13540,13220,13320,31363,-0.0007501875468867159
2025-06-23,13030,13280,12800,12920,57260,-0.03003003003003002
2025-06-24,13060,13380,13060,13320,58701,0.030959752321981338
2025-06-25,13460,13680,13290,13380,67065,0.0045045045045044585
2025-06-26,13520,13670,13230,13420,67310,0.002989536621823552
2025-06-27,13590,13600,12920,13020,61354,-0.02980625931445602
2025-06-30,13050,13120,12810,12930,36286,-0.00691244239631339
2025-07-01,12930,13080,12530,12550,120924,-0.029389017788089666
2025-07-02,12650,12650,12230,12400,56299,-0.01195219123505975
2025-07-03,12430,12790,12400,12790,35828,0.031451612903225845
2025-07-04,12930,13050,12520,12680,63978,-0.008600469116497256
2025-07-07,12730,12750,12350,12350,36810,-0.026025236593059886
2025-07-08,12350,12480,12280,12470,17490,0.009716599190283448
2025-07-09,12530,12530,12310,12420,16923,-0.004009623095429071
2025-07-10,12500,12550,12280,12280,37162,-0.011272141706924366
2025-07-11,12280,12440,12250,12250,23703,-0.002442996742671011
2025-07-14,12250,12740,12200,12250,43242,0.0
2025-07-15,12250,12560,12220,12500,30646,0.020408163265306145
2025-07-16,12510,12550,12310,12350,24861,-0.01200000000000001
2025-07-17,12530,12530,12210,12500,30644,0.012145748987854255
2025-07-18,12550,12550,12340,12380,14237,-0.009600000000000053
2025-07-21,12260,12520,12240,12400,25655,0.001615508885298933
2025-07-22,12380,12560,12360,12360,34747,-0.003225806451612856
2025-07-23,12360,12630,12240,12510,57624,0.012135922330097193
2025-07-24,12600,12630,12310,12430,32898,-0.006394884092725817
2025-07-25,12500,12500,12290,12290,15773,-0.011263073209975882
2025-07-28,12310,12550,12270,12460,21495,0.013832384052074875
2025-07-29,12400,12690,12370,12440,33746,-0.0016051364365970988
2025-07-30,12360,12550,12360,12480,14234,0.003215434083601254
2025-07-31,12480,12590,12310,12460,40841,-0.0016025641025640969
2025-08-01,12460,12460,11850,11860,103075,-0.0481540930979133
2025-08-04,11800,12150,11750,12100,26660,0.02023608768971341
2025-08-05,12120,12530,12120,12450,45097,0.02892561983471076
2025-08-06,12330,12550,12300,12530,12693,0.006425702811244882
2025-08-07,12530,12590,12400,12500,39961,-0.002394253790901857
2025-08-08,12500,12620,12400,12470,31316,-0.0023999999999999577
2025-08-11,12470,12630,12430,12540,31452,0.005613472333600544
2025-08-12,12430,12670,12430,12470,49676,-0.005582137161084577
2025-08-13,12520,12820,12450,12780,41363,0.024859663191659997
2025-08-14,12690,12690,12500,12530,27233,-0.019561815336463173
2025-08-18,12530,12530,12170,12430,45572,-0.007980845969672745
2025-08-19,12430,12670,12410,12550,30560,0.0096540627514079
2025-08-20,12410,12590,12170,12440,43548,-0.008764940239043839
2025-08-21,12360,12910,12210,12210,105508,-0.018488745980707377
2025-08-22,12210,12370,11960,12020,28871,-0.015561015561015523
2025-08-25,12060,12340,12060,12180,10073,0.01331114808652245
2025-08-26,12150,12440,12130,12210,18608,0.0024630541871921707
2025-08-27,12360,12360,12060,12260,13151,0.004095004095004073
2025-08-28,12260,12320,12150,12270,7503,0.0008156606851550396
2025-08-29,12280,12460,12230,12350,17555,0.006519967400163029
2025-09-01,12210,12530,12100,12440,45761,0.007287449392712642
2025-09-02,12320,12500,12320,12430,30688,-0.000803858520900369
2025-09-03,12410,12500,12280,12350,11132,-0.006436041834271933
2025-09-04,12270,12660,12270,12380,18583,0.0024291497975708065
2025-09-05,12490,12490,12270,12350,16066,-0.0024232633279482885
2025-09-08,12250,12350,12180,12320,10705,-0.0024291497975708065
2025-09-09,12320,12520,12240,12500,20445,0.014610389610389518
2025-09-10,12500,12600,12360,12430,40755,-0.005600000000000049
2025-09-11,12530,12530,12250,12430,20642,0.0
2025-09-12,12430,12810,12400,12810,79369,0.03057119871279168
2025-09-15,13100,13100,12830,13080,85965,0.021077283372365363
2025-09-16,13110,13400,13020,13370,169953,0.022171253822629966
2025-09-17,13370,13380,13060,13250,62083,-0.008975317875841382
2025-09-18,13260,13770,13120,13600,156879,0.026415094339622636
2025-09-19,13860,13860,13360,13500,69635,-0.007352941176470562
2025-09-22,13500,13700,13430,13500,87300,0.0
2025-09-23,13460,13500,13170,13310,48649,-0.014074074074074128
2025-09-24,13140,13390,13000,13300,40204,-0.0007513148009016257
2025-09-25,13130,14960,13050,14920,1042263,0.12180451127819558
2025-09-26,15300,15500,14830,15220,1073377,0.020107238605898026
2025-09-29,15650,16200,15270,16000,966459,0.05124835742444156
2025-09-30,15840,16190,15310,15900,434225,-0.006249999999999978
2025-10-01,16200,16530,15850,16320,583567,0.026415094339622636
2025-10-02,16580,17300,16100,16980,905893,0.040441176470588314
2025-10-10,17650,17740,16930,17390,522553,0.02414605418138982
2025-10-13,16810,18070,16730,17800,419945,0.02357676825761934
2025-10-14,17900,18300,16130,16500,605623,-0.0730337078651685
2025-10-15,16560,18000,16160,17380,567009,0.05333333333333323
2025-10-16,17140,17140,16300,16520,364709,-0.04948216340621403
2025-10-17,16320,16320,15300,15730,427000,-0.04782082324455206
2025-10-20,15850,16380,15410,16320,313591,0.0375079465988557
2025-10-21,16680,16700,15850,15890,341434,-0.026348039215686292
2025-10-22,15850,15850,15030,15250,220488,-0.04027690371302706
2025-10-23,14960,16370,14420,15170,458225,-0.0052459016393442415
2025-10-24,15370,15700,15050,15180,193000,0.0006591957811470373
2025-10-27,15260,15450,14830,15000,167512,-0.011857707509881465
2025-10-28,15400,16490,15000,15120,676447,0.008000000000000007
2025-10-29,15610,16320,15410,15600,442552,0.031746031746031855
2025-10-30,15510,15540,15020,15070,154327,-0.033974358974358965
2025-10-31,15360,15930,15090,15920,197867,0.05640345056403451
2025-11-03,16300,17450,16010,17140,917439,0.0766331658291457
2025-11-04,17350,17350,16270,16660,394321,-0.028004667444574083
2025-11-05,16290,16290,14900,15450,337768,-0.07262905162064826
2025-11-06,16020,16920,15630,16040,365634,0.03818770226537227
2025-11-07,16350,17300,16230,16870,688748,0.05174563591022441
2025-11-10,17370,17380,16300,16300,381406,-0.03378778897451096
2025-11-11,16500,17300,16040,16200,488928,-0.006134969325153339
2025-11-12,16190,16190,15310,16000,243273,-0.012345679012345734
2025-11-13,16000,16000,15310,15520,183091,-0.030000000000000027
2025-11-14,15150,15290,14910,14910,194469,-0.03930412371134018
2025-11-17,15090,15390,14810,15210,98325,0.02012072434607637
2025-11-18,14860,15140,14720,14800,96548,-0.0269559500328731
2025-11-19,14700,15000,14270,14490,93364,-0.0209459459459459
2025-11-20,14830,15750,14650,15030,125764,0.037267080745341685
2025-11-21,14200,14670,14180,14250,117450,-0.05189620758483038
2025-11-24,14360,14400,14040,14170,75062,-0.0056140350877192935
2025-11-25,14400,14970,14070,14190,70587,0.0014114326040930436
2025-11-26,14240,14300,13950,14260,75140,0.0049330514446792595
2025-11-27,14400,15260,14220,14510,120257,0.017531556802244053
2025-11-28,14660,14920,14420,14850,57754,0.023432115782219265
2025-12-01,15180,15700,14920,15570,164612,0.048484848484848575
2025-12-02,15660,15990,15430,15690,126467,0.007707129094412402
2025-12-03,15880,16810,15790,16690,339360,0.06373486297004471
2025-12-04,16350,16450,15490,15610,214940,-0.06470940683043735
2025-12-05,15550,15640,15210,15570,79063,-0.002562459961563124
2025-12-08,15700,15700,15290,15430,56483,-0.008991650610147728
2025-12-09,15560,16010,15360,15470,98464,0.0025923525599480524
2025-12-10,15510,15880,15470,15560,106378,0.005817711700064621
2025-12-11,15810,16140,15610,15620,131097,0.003856041131105492
2025-12-12,15620,15620,15230,15420,84684,-0.012804097311139517
2025-12-15,15130,15780,14890,15560,87492,0.009079118028534339
2025-12-16,15550,15550,14870,14900,89693,-0.042416452442159414
2025-12-17,15000,15250,14860,15050,47062,0.010067114093959662
2025-12-18,14780,15270,14710,15180,54398,0.008637873754152814
2025-12-19,15250,15430,14960,15180,49259,0.0
2025-12-22,15390,15960,15390,15890,96062,0.04677206851119897
2025-12-23,15920,16040,15510,15580,55891,-0.01950912523599746
2025-12-24,15620,15650,15350,15370,56966,-0.01347881899871628
2025-12-26,15600,17150,15600,16940,626515,0.10214703968770333
2025-12-29,17180,17180,16060,16540,276112,-0.023612750885478206
2025-12-30,16540,16640,15810,15900,144991,-0.03869407496977029
2026-01-02,15910,17150,15800,17090,238875,0.07484276729559758
2026-01-05,17340,18900,17340,17820,637192,0.04271503803393806
2026-01-06,17820,17830,17110,17440,172886,-0.021324354657688005
2026-01-07,17860,17860,16700,17110,214347,-0.018922018348623837
2026-01-08,17110,17960,16860,17030,169808,-0.004675628287551192
2026-01-09,17030,17490,16390,16710,137408,-0.018790369935408058
2026-01-12,16820,17180,16430,16610,139096,-0.005984440454817497
2026-01-13,16600,16760,16180,16660,129864,0.003010234798314304
2026-01-14,16800,16800,15940,16030,141332,-0.037815126050420145
2026-01-15,15890,15910,15530,15820,114818,-0.013100436681222738
2026-01-16,16180,16420,15680,15960,152485,0.008849557522123908
2026-01-19,16030,17030,16020,16830,231945,0.05451127819548862
2026-01-20,16940,16970,15840,16200,159768,-0.03743315508021394
2026-01-21,15900,16280,15610,16060,130482,-0.00864197530864197
2026-01-22,16380,16730,15900,16350,176229,0.018057285180572924
2026-01-23,16470,17980,16220,17800,475216,0.08868501529051986
2026-01-26,17880,18470,17220,18150,417522,0.0196629213483146
2026-01-27,18150,18180,17490,17730,191299,-0.023140495867768562
2026-01-28,18120,18890,17960,18600,425584,0.04906937394247035
2026-01-29,19000,19200,17410,18200,289487,-0.021505376344086002
2026-01-30,18040,18740,17690,18000,239849,-0.01098901098901095
2026-02-02,18100,18600,17110,17260,265619,-0.0411111111111111
2026-02-03,17570,18320,17570,18250,163120,0.057358053302433376
2026-02-04,18150,18420,17750,18130,131352,-0.00657534246575342
2026-02-05,17770,17850,17230,17340,121958,-0.043574186431329265
2026-02-06,16830,19200,16200,18870,476005,0.08823529411764697
2026-02-09,19460,21000,19230,20300,804685,0.07578166401695818
2026-02-10,20250,20300,18840,18900,340489,-0.06896551724137934
2026-02-11,18940,19000,18000,18260,199269,-0.033862433862433816
2026-02-12,18400,18730,18050,18440,124022,0.009857612267250904
