Date,Open,High,Low,Close,Volume,Change
2022-01-03,14650,14850,14500,14850,104807,0.010204081632652962
2022-01-04,14750,14950,14700,14850,97498,0.0
2022-01-05,14850,14850,14300,14350,122117,-0.03367003367003363
2022-01-06,14200,14300,13850,14000,126351,-0.024390243902439046
2022-01-07,14000,14250,14000,14050,46851,0.0035714285714285587
2022-01-10,14000,14000,13700,13800,76015,-0.017793594306049876
2022-01-11,13700,13850,13050,13300,138795,-0.036231884057971064
2022-01-12,13300,13600,13300,13450,49351,0.011278195488721776
2022-01-13,13400,14400,13300,14400,265439,0.07063197026022294
2022-01-14,14100,14550,14050,14400,129373,0.0
2022-01-17,14500,14600,13800,13900,83843,-0.03472222222222221
2022-01-18,13700,14300,13450,13650,102188,-0.017985611510791366
2022-01-19,13300,13800,13300,13350,64737,-0.02197802197802201
2022-01-20,13300,13850,13250,13600,93830,0.01872659176029967
2022-01-21,13500,14100,13500,13750,112976,0.011029411764705843
2022-01-24,13750,14200,13600,13650,133205,-0.0072727272727273196
2022-01-25,13800,14750,13700,13750,383746,0.0073260073260073
2022-01-26,13750,14300,13700,13700,211793,-0.0036363636363636598
2022-01-27,13950,13950,12650,12650,212833,-0.07664233576642332
2022-01-28,12650,12900,12050,12800,136393,0.011857707509881354
2022-02-03,13000,13350,12900,13200,92278,0.03125
2022-02-04,13200,13200,12850,12850,118138,-0.02651515151515149
2022-02-07,13000,13000,12600,12800,66562,-0.0038910505836575737
2022-02-08,12800,13050,12550,12800,137614,0.0
2022-02-09,12850,13650,12800,13250,238222,0.03515625
2022-02-10,13300,13450,13050,13050,110802,-0.015094339622641506
2022-02-11,13000,13100,12550,12600,97969,-0.03448275862068961
2022-02-14,12350,12500,11750,11900,112638,-0.05555555555555558
2022-02-15,11800,12100,11450,11500,98093,-0.03361344537815125
2022-02-16,11600,12350,11600,12300,109606,0.06956521739130439
2022-02-17,12300,12450,11850,12100,68117,-0.016260162601625994
2022-02-18,11850,12250,11600,12100,60223,0.0
2022-02-21,12250,12450,12100,12350,68702,0.02066115702479343
2022-02-22,12050,12200,11750,11850,113705,-0.04048582995951422
2022-02-23,12100,12150,11900,11950,55835,0.00843881856540074
2022-02-24,11850,12150,11350,11500,96717,-0.03765690376569042
2022-02-25,11800,11900,11550,11800,122708,0.026086956521739202
2022-02-28,11800,11950,11650,11850,63713,0.004237288135593209
2022-03-02,11850,12150,11800,12050,41182,0.016877637130801704
2022-03-03,12200,12350,12000,12350,56965,0.024896265560165887
2022-03-04,12250,12350,11900,12100,46022,-0.020242914979757054
2022-03-07,11950,12050,11650,11700,63951,-0.03305785123966942
2022-03-08,11400,11750,11400,11550,46756,-0.012820512820512775
2022-03-10,11650,12000,11650,11800,65664,0.02164502164502169
2022-03-11,11700,12050,11700,11950,52811,0.012711864406779627
2022-03-14,11950,11950,11650,11750,55141,-0.01673640167364021
2022-03-15,11600,11750,11450,11500,64891,-0.021276595744680882
2022-03-16,11600,11950,11500,11900,73583,0.034782608695652195
2022-03-17,12100,12200,11850,12100,94735,0.01680672268907557
2022-03-18,12000,12200,11950,12150,69977,0.004132231404958775
2022-03-21,12300,12500,12150,12250,96846,0.008230452674897082
2022-03-22,12250,12550,12000,12550,141567,0.02448979591836742
2022-03-23,12650,12700,12350,12450,71041,-0.007968127490039834
2022-03-24,12300,12500,12200,12450,60364,0.0
2022-03-25,12450,12550,12300,12350,40272,-0.008032128514056214
2022-03-28,12450,12550,12200,12500,72098,0.012145748987854255
2022-03-29,12500,12500,12300,12500,44938,0.0
2022-03-30,12550,12650,12300,12500,87757,0.0
2022-03-31,12550,12550,12300,12500,46423,0.0
2022-04-01,12400,12500,12250,12350,59134,-0.01200000000000001
2022-04-04,12450,12750,12300,12750,110504,0.03238866396761142
2022-04-05,12750,12850,12500,12700,88462,-0.0039215686274509665
2022-04-06,12600,12600,12250,12400,69098,-0.023622047244094446
2022-04-07,12300,12300,11700,11850,149247,-0.04435483870967738
2022-04-08,11900,12000,11700,11950,40668,0.00843881856540074
2022-04-11,11900,12000,11750,11950,45468,0.0
2022-04-12,11700,11900,11550,11650,74750,-0.025104602510460206
2022-04-13,11650,11950,11650,11950,42450,0.025751072961373467
2022-04-14,11950,12050,11750,12000,49503,0.004184100418409997
2022-04-15,12000,12250,11850,12000,60898,0.0
2022-04-18,12000,12000,11800,11850,29535,-0.012499999999999956
2022-04-19,11900,12050,11850,12050,31766,0.016877637130801704
2022-04-20,12100,12450,11900,12400,84137,0.029045643153526868
2022-04-21,12400,12600,12200,12350,58223,-0.0040322580645161255
2022-04-22,12250,12400,12100,12250,31832,-0.0080971659919028
2022-04-25,12200,12300,11950,12000,68696,-0.020408163265306145
2022-04-26,12000,12150,11800,11900,56642,-0.008333333333333304
2022-04-27,11650,11700,11500,11600,46518,-0.025210084033613467
2022-04-28,11600,11750,11550,11600,24057,0.0
2022-04-29,11700,11800,11600,11650,34244,0.004310344827586299
2022-05-02,11500,11700,11400,11600,33926,-0.0042918454935622075
2022-05-03,11700,11750,11550,11650,25472,0.004310344827586299
2022-05-04,11600,11700,11500,11550,28912,-0.008583690987124415
2022-05-06,11500,11550,11250,11450,29921,-0.008658008658008698
2022-05-09,11350,11400,10900,11100,88780,-0.03056768558951961
2022-05-10,10900,10900,10450,10800,73305,-0.027027027027026973
2022-05-11,10850,11150,10550,11150,41859,0.03240740740740744
2022-05-12,10850,11800,10850,11100,106538,-0.004484304932735439
2022-05-13,11000,11350,10950,11300,42370,0.018018018018018056
2022-05-16,11300,11800,11250,11500,109061,0.017699115044247815
2022-05-17,11600,11850,11500,11750,48860,0.021739130434782705
2022-05-18,11750,11900,11650,11850,41101,0.008510638297872353
2022-05-19,11550,11750,11300,11750,41561,-0.008438818565400852
2022-05-20,11950,12900,11900,12800,534239,0.08936170212765959
2022-05-23,12950,13350,12600,12600,404442,-0.015625
2022-05-24,12600,13050,12400,12400,173033,-0.015873015873015928
2022-05-25,12750,12750,12150,12350,87334,-0.0040322580645161255
2022-05-26,12300,12800,12150,12800,110237,0.036437246963562764
2022-05-27,13000,13050,12700,12800,76059,0.0
2022-05-30,12950,13000,12500,12700,48108,-0.0078125
2022-05-31,12550,12750,12550,12550,37779,-0.011811023622047223
2022-06-02,12400,12900,12300,12900,78776,0.027888446215139417
2022-06-03,12900,13250,12800,13100,134811,0.015503875968992276
2022-06-07,13100,13100,12300,12450,114597,-0.04961832061068705
2022-06-08,12350,12550,12200,12400,44857,-0.004016064257028162
2022-06-09,12250,12250,11900,11900,70481,-0.040322580645161255
2022-06-10,11800,11900,11650,11650,42406,-0.021008403361344574
2022-06-13,11400,11500,11050,11150,67888,-0.0429184549356223
2022-06-14,10900,11150,10500,11150,77074,0.0
2022-06-15,11050,11250,10700,10950,60863,-0.017937219730941756
2022-06-16,11150,11450,10950,10950,53126,0.0
2022-06-17,10600,11150,10600,11150,43479,0.0182648401826484
2022-06-20,11350,11350,10450,11050,72400,-0.008968609865470878
2022-06-21,11100,11200,10850,10950,33962,-0.009049773755656076
2022-06-22,11050,11100,10350,10500,54811,-0.04109589041095896
2022-06-23,10450,10600,9830,9830,132007,-0.06380952380952376
2022-06-24,9830,10350,9820,10200,50931,0.03763987792472023
2022-06-27,10500,10600,10200,10450,40986,0.02450980392156854
2022-06-28,10350,10700,10350,10700,28317,0.02392344497607657
2022-06-29,10400,10650,10400,10650,22027,-0.004672897196261627
2022-06-30,10500,10550,10200,10300,23781,-0.032863849765258246
2022-07-01,10250,10400,9920,9950,60613,-0.03398058252427183
2022-07-04,9950,10100,9760,9800,37122,-0.015075376884422065
2022-07-05,9810,10200,9810,10200,24211,0.04081632653061229
2022-07-06,10200,10350,9990,10000,46918,-0.019607843137254943
2022-07-07,10150,10400,10100,10350,33457,0.03499999999999992
2022-07-08,10350,11100,10300,10550,137108,0.019323671497584627
2022-07-11,10700,10950,10500,10800,56585,0.023696682464454888
2022-07-12,10800,10900,10500,10850,44900,0.004629629629629539
2022-07-13,10900,11300,10800,11050,82110,0.018433179723502224
2022-07-14,11050,11100,10550,11050,35090,0.0
2022-07-15,11100,11450,10750,11200,69968,0.013574660633484115
2022-07-18,11300,11450,10900,11250,40507,0.0044642857142858094
2022-07-19,11300,11800,11300,11700,114351,0.040000000000000036
2022-07-20,11750,11900,11400,11650,93506,-0.004273504273504258
2022-07-21,11800,11800,11200,11350,75432,-0.025751072961373356
2022-07-22,11400,11550,11150,11150,29148,-0.017621145374449365
2022-07-25,11000,11300,10850,11100,36745,-0.004484304932735439
2022-07-26,11100,11450,11000,11200,60137,0.009009009009008917
2022-07-27,11100,11300,10950,11200,43906,0.0
2022-07-28,11350,11400,10950,11000,41010,-0.017857142857142905
2022-07-29,11050,11400,11000,11400,72504,0.036363636363636376
2022-08-01,11300,11400,11250,11350,37124,-0.004385964912280715
2022-08-02,11350,11350,10850,11000,46277,-0.03083700440528636
2022-08-03,11000,11250,10950,11150,30625,0.013636363636363669
2022-08-04,11250,11300,11000,11050,29197,-0.008968609865470878
2022-08-05,11050,11150,11000,11150,33058,0.009049773755656076
2022-08-08,11100,11300,11000,11200,41284,0.004484304932735439
2022-08-09,11200,11900,11100,11900,281659,0.0625
2022-08-10,11900,12250,11600,12100,268399,0.01680672268907557
2022-08-11,12150,12200,11750,11950,281393,-0.012396694214875992
2022-08-12,12050,12050,11650,11800,93851,-0.012552301255230103
2022-08-16,11950,12000,11700,11700,96740,-0.008474576271186418
2022-08-17,11850,12150,11750,12000,142349,0.02564102564102555
2022-08-18,11900,11900,11500,11500,99513,-0.04166666666666663
2022-08-19,11500,11500,11200,11200,79502,-0.02608695652173909
2022-08-22,11050,11050,10700,10850,73853,-0.03125
2022-08-23,10600,10900,10600,10750,41474,-0.009216589861751112
2022-08-24,10850,11100,10800,11050,58462,0.027906976744185963
2022-08-25,11050,11300,10900,11300,41785,0.02262443438914019
2022-08-26,11300,11550,11150,11200,52183,-0.008849557522123908
2022-08-29,10650,10950,10600,10800,46656,-0.0357142857142857
2022-08-30,10750,11800,10750,11750,132007,0.08796296296296302
2022-08-31,11800,13350,11500,12700,1463591,0.08085106382978724
2022-09-01,12600,13500,12550,12600,539475,-0.007874015748031482
2022-09-02,12800,12850,12050,12100,253896,-0.03968253968253965
2022-09-05,12100,12200,11700,11750,149659,-0.02892561983471076
2022-09-06,11850,12050,11600,11700,147118,-0.004255319148936176
2022-09-07,11700,11700,11050,11250,166195,-0.038461538461538436
2022-09-08,11350,11400,11050,11200,87491,-0.004444444444444473
2022-09-13,11350,11500,11200,11350,88869,0.013392857142857206
2022-09-14,10900,11250,10750,11150,80180,-0.017621145374449365
2022-09-15,11150,11250,10950,11100,66583,-0.004484304932735439
2022-09-16,11150,11500,11050,11200,117133,0.009009009009008917
2022-09-19,11150,11200,10450,10500,128706,-0.0625
2022-09-20,10600,10650,10250,10300,118132,-0.01904761904761909
2022-09-21,10150,10300,10000,10200,69745,-0.009708737864077666
2022-09-22,10050,10200,9800,10150,102352,-0.004901960784313708
2022-09-23,10050,10100,9830,9830,63287,-0.0315270935960591
2022-09-26,9700,9760,9180,9180,109347,-0.06612410986775175
2022-09-27,9130,9380,8910,9200,77175,0.002178649237472685
2022-09-28,9200,9310,8770,9000,61526,-0.021739130434782594
2022-09-29,9100,9250,8770,8770,49804,-0.025555555555555554
2022-09-30,8580,8800,8420,8450,99060,-0.036488027366020526
2022-10-04,8500,8900,8500,8900,54827,0.053254437869822535
2022-10-05,8930,9040,8510,8620,42490,-0.03146067415730336
2022-10-06,8700,8950,8690,8930,32597,0.03596287703016232
2022-10-07,8800,9090,8800,8950,30514,0.002239641657334923
2022-10-11,8690,8690,8310,8320,55122,-0.07039106145251395
2022-10-12,8320,8490,8280,8400,33179,0.009615384615384581
2022-10-13,8300,8370,7920,7970,73042,-0.05119047619047623
2022-10-14,8220,8350,8050,8310,49476,0.042659974905897124
2022-10-17,8190,8440,8070,8350,28309,0.004813477737665384
2022-10-18,8480,8720,8480,8630,52748,0.033532934131736525
2022-10-19,8610,8970,8480,8490,56852,-0.016222479721900385
2022-10-20,8480,8690,8410,8490,22430,0.0
2022-10-21,8420,8510,8340,8400,27856,-0.010600706713780883
2022-10-24,8560,8790,8540,8720,45673,0.03809523809523818
2022-10-25,8720,8880,8590,8760,35913,0.004587155963302836
2022-10-26,8750,8870,8680,8680,22354,-0.0091324200913242
2022-10-27,8650,8940,8650,8800,34970,0.01382488479262678
2022-10-28,8790,8870,8630,8630,30108,-0.01931818181818179
2022-10-31,8780,8950,8600,8840,29211,0.024333719582850577
2022-11-01,8760,8930,8740,8930,27042,0.010180995475113086
2022-11-02,8900,9050,8830,8880,16982,-0.005599104143337086
2022-11-03,8700,8920,8680,8920,23643,0.0045045045045044585
2022-11-04,8900,9190,8830,9000,15556,0.008968609865470878
2022-11-07,9030,9200,9020,9160,29278,0.01777777777777767
2022-11-08,9390,9390,9100,9220,83475,0.0065502183406114245
2022-11-09,9240,9320,9220,9220,23221,0.0
2022-11-10,9100,9400,9030,9280,45179,0.006507592190889477
2022-11-11,9520,9520,9300,9430,49244,0.016163793103448176
2022-11-14,9450,9780,9410,9540,86761,0.01166489925768821
2022-11-15,9630,9750,9490,9570,39899,0.003144654088050425
2022-11-16,9540,9700,9300,9420,87460,-0.01567398119122254
2022-11-17,9470,9470,9190,9210,58934,-0.022292993630573243
2022-11-18,9210,9400,9180,9220,40923,0.0010857763300760048
2022-11-21,9290,9380,9080,9080,36923,-0.015184381778741818
2022-11-22,9000,9180,9000,9130,17933,0.005506607929515406
2022-11-23,9150,9280,9150,9220,12650,0.009857612267250904
2022-11-24,9240,9390,9240,9310,35647,0.009761388286334105
2022-11-25,9310,9420,9260,9420,26292,0.011815252416756072
2022-11-28,9480,9480,9160,9170,38872,-0.026539278131634814
2022-11-29,9080,9300,9070,9250,14271,0.008724100327153872
2022-11-30,9280,9950,9250,9720,180522,0.050810810810810736
2022-12-01,9800,9850,9620,9750,41735,0.0030864197530864335
2022-12-02,9700,9750,9600,9640,21826,-0.011282051282051286
2022-12-05,9640,9710,9570,9670,23057,0.003112033195020736
2022-12-06,9600,9680,9360,9520,26822,-0.015511892450879028
2022-12-07,9350,9460,9250,9420,21583,-0.010504201680672232
2022-12-08,9320,9370,9110,9260,26419,-0.01698513800424628
2022-12-09,9180,9280,8730,9100,35865,-0.017278617710583144
2022-12-12,9150,9150,8980,9090,20605,-0.001098901098901095
2022-12-13,9080,10200,9070,9470,618597,0.04180418041804179
2022-12-14,9550,9560,9390,9470,71742,0.0
2022-12-15,9470,9720,9410,9550,60815,0.008447729672650395
2022-12-16,9450,9820,9380,9560,66435,0.0010471204188482464
2022-12-19,9570,9770,9380,9450,50259,-0.011506276150627603
2022-12-20,9450,9550,9010,9140,50372,-0.032804232804232836
2022-12-21,9210,9410,9130,9250,29561,0.012035010940919078
2022-12-22,9210,9410,9200,9410,28694,0.017297297297297343
2022-12-23,9230,9240,8960,9160,31699,-0.026567481402762994
2022-12-26,9160,9200,9040,9080,21810,-0.008733624454148492
2022-12-27,9030,9250,9030,9200,20017,0.013215859030837107
2022-12-28,9020,9090,8810,8830,47223,-0.04021739130434787
2022-12-29,8760,8810,8500,8580,33353,-0.028312570781426905
2023-01-02,8570,8660,8430,8430,27083,-0.0174825174825175
2023-01-03,8340,8510,8150,8410,35627,-0.0023724792408066353
2023-01-04,8300,8610,8300,8500,14441,0.010701545778834642
2023-01-05,8500,8620,8220,8260,53989,-0.028235294117647025
2023-01-06,8260,8680,8260,8670,47516,0.04963680387409197
2023-01-09,8700,8980,8650,8960,55561,0.03344867358708181
2023-01-10,9070,9090,8820,9040,36208,0.008928571428571397
2023-01-11,9040,9170,9010,9130,19758,0.009955752212389424
2023-01-12,9160,9230,8990,9130,21420,0.0
2023-01-13,9130,9230,9080,9110,16282,-0.0021905805038334725
2023-01-16,9110,9590,9040,9400,92249,0.0318331503841931
2023-01-17,9450,9530,9170,9320,28709,-0.008510638297872353
2023-01-18,9250,9600,9250,9470,72890,0.016094420600858417
2023-01-19,9470,9550,9370,9440,27866,-0.0031678986272439813
2023-01-20,9450,9680,9450,9600,43718,0.016949152542372836
2023-01-25,9610,9680,9470,9580,45939,-0.002083333333333326
2023-01-26,9500,9640,9500,9520,37357,-0.006263048016701411
2023-01-27,9530,9760,9510,9580,36840,0.006302521008403339
2023-01-30,9580,9610,9390,9470,28277,-0.011482254697286032
2023-01-31,9460,9570,9350,9450,29922,-0.002111932418162654
2023-02-01,9540,9850,9450,9790,77638,0.035978835978836
2023-02-02,9900,9900,9670,9790,54710,0.0
2023-02-03,9850,9850,9600,9730,33282,-0.006128702757916216
2023-02-06,9720,9820,9470,9550,26334,-0.018499486125385434
2023-02-07,9460,9890,9450,9790,82661,0.025130890052355914
2023-02-08,9810,10040,9760,10020,113681,0.023493360572012234
2023-02-09,10070,10240,9950,10030,80570,0.0009980039920158834
2023-02-10,9950,10030,9720,9760,50358,-0.026919242273180433
2023-02-13,9800,10020,9580,9930,72953,0.01741803278688514
2023-02-14,9930,10010,9820,10000,39088,0.007049345417925457
2023-02-15,10000,11880,9980,10560,3195090,0.05600000000000005
2023-02-16,10560,10790,10420,10620,353279,0.005681818181818121
2023-02-17,10420,10530,10270,10300,131470,-0.030131826741996215
2023-02-20,10290,10460,10200,10300,79430,0.0
2023-02-21,10290,10330,10010,10160,110644,-0.013592233009708687
2023-02-22,10120,10140,9920,10020,92814,-0.013779527559055094
2023-02-23,10040,10330,9960,10230,72447,0.020958083832335328
2023-02-24,10150,10190,9850,9900,97399,-0.032258064516129004
2023-02-27,9900,10100,9590,10050,81243,0.015151515151515138
2023-02-28,10060,10400,9910,10130,115332,0.007960199004975133
2023-03-02,10130,10190,9650,10020,67734,-0.010858835143139234
2023-03-03,10000,10280,10000,10210,63684,0.01896207584830334
2023-03-06,10270,10300,10150,10270,47819,0.00587659157688547
2023-03-07,10280,10440,10170,10240,108417,-0.0029211295034079487
2023-03-08,10200,10310,10080,10300,56071,0.005859375
2023-03-09,10310,10330,10080,10230,64226,-0.006796116504854344
2023-03-10,10110,10400,10030,10380,114436,0.014662756598240456
2023-03-13,10320,10400,9900,10360,122216,-0.0019267822736031004
2023-03-14,10320,10330,9750,9750,124831,-0.05888030888030893
2023-03-15,9930,10920,9930,10600,729690,0.08717948717948709
2023-03-16,11000,11480,10650,11070,969603,0.04433962264150937
2023-03-17,11130,11400,10860,11210,322390,0.012646793134597933
2023-03-20,11300,11450,11030,11080,298909,-0.011596788581623496
2023-03-21,11230,11260,10790,10860,148953,-0.019855595667869985
2023-03-22,10870,10980,10740,10810,97207,-0.004604051565377576
2023-03-23,10890,11340,10820,11160,244097,0.03237742830712298
2023-03-24,11250,11290,10890,10900,134570,-0.023297491039426577
2023-03-27,10930,11140,10630,11000,127778,0.00917431192660545
2023-03-28,11230,11400,11100,11250,260131,0.022727272727272707
2023-03-29,11400,11400,11090,11270,141136,0.001777777777777878
2023-03-30,11300,11420,11080,11100,134355,-0.015084294587400127
2023-03-31,11100,11360,11020,11220,209297,0.0108108108108107
2023-04-03,11170,11220,10910,10990,99115,-0.02049910873440286
2023-04-04,11000,11190,10830,10910,112302,-0.007279344858962644
2023-04-05,10900,11270,10840,11210,143541,0.027497708524289566
2023-04-06,11240,11240,10760,10950,126133,-0.023193577163247103
2023-04-07,10950,11550,10950,11060,370677,0.010045662100456543
2023-04-10,11200,11200,10700,10730,151214,-0.029837251356238714
2023-04-11,10750,11210,10460,11070,220897,0.03168685927306614
2023-04-12,11060,11210,10840,11080,115783,0.0009033423667570428
2023-04-13,11080,11090,10730,10820,90131,-0.023465703971119134
2023-04-14,10890,10950,10760,10830,67199,0.0009242144177448175
2023-04-17,10830,11020,10680,10920,143390,0.008310249307479145
2023-04-18,11000,11000,10660,10750,77682,-0.015567765567765512
2023-04-19,10750,10900,10620,10760,98229,0.0009302325581395099
2023-04-20,10800,10800,10280,10500,146628,-0.024163568773234223
2023-04-21,10500,10670,10300,10350,115415,-0.014285714285714235
2023-04-24,10350,10650,10050,10610,109434,0.02512077294685988
2023-04-25,10520,10520,10050,10290,74981,-0.03016022620169656
2023-04-26,10290,11450,9900,9900,755448,-0.03790087463556846
2023-04-27,9900,10050,9810,9930,49476,0.003030303030302939
2023-04-28,10040,10040,9700,9720,79701,-0.02114803625377648
2023-05-02,9720,10040,9700,9990,41182,0.02777777777777768
2023-05-03,9930,10070,9900,10040,27356,0.005005005005005003
2023-05-04,9980,10080,9800,9870,53855,-0.016932270916334646
2023-05-08,10020,10160,9970,10050,37943,0.01823708206686936
2023-05-09,9910,10080,9870,10060,40296,0.0009950248756218638
2023-05-10,10060,10140,9890,9890,38411,-0.016898608349900646
2023-05-11,9930,10030,9800,9820,31180,-0.00707785642062686
2023-05-12,9810,9820,9600,9600,49699,-0.022403258655804503
2023-05-15,9620,9700,9130,9220,72621,-0.039583333333333304
2023-05-16,9290,9300,9030,9080,66327,-0.015184381778741818
2023-05-17,9100,9510,9080,9450,50714,0.040748898678414136
2023-05-18,9590,9660,9480,9630,21923,0.01904761904761898
2023-05-19,9630,9790,9630,9660,35989,0.0031152647975076775
2023-05-22,9740,9900,9610,9820,28421,0.016563146997929712
2023-05-23,9820,9900,9770,9820,16727,0.0
2023-05-24,9870,9870,9690,9740,24763,-0.008146639511201648
2023-05-25,9800,9820,9710,9780,20507,0.004106776180698102
2023-05-26,9780,9870,9700,9740,28063,-0.004089979550102263
2023-05-30,9740,9940,9740,9880,28731,0.014373716632443578
2023-05-31,9810,9950,9800,9880,22740,0.0
2023-06-01,9830,9990,9800,9990,24991,0.011133603238866474
2023-06-02,9980,10030,9940,9980,21759,-0.0010010010010009784
2023-06-05,10000,10000,9920,9960,17073,-0.002004008016032066
2023-06-07,9960,9990,9870,9890,24423,-0.007028112449799173
2023-06-08,9890,9910,9710,9710,29410,-0.018200202224469164
2023-06-09,9860,9920,9780,9870,17384,0.016477857878475888
2023-06-12,9880,9890,9780,9860,20503,-0.0010131712259371373
2023-06-13,9860,10050,9830,10040,48452,0.018255578093306246
2023-06-14,10070,10100,9850,9880,38532,-0.015936254980079667
2023-06-15,9830,10170,9830,10070,63330,0.019230769230769162
2023-06-16,10080,10130,9950,10110,31845,0.003972194637537285
2023-06-19,10110,10220,10030,10200,42147,0.008902077151335286
2023-06-20,10150,10190,9910,9910,30984,-0.028431372549019618
2023-06-21,9880,10100,9880,9940,28511,0.003027245206861817
2023-06-22,9850,10090,9850,9990,25985,0.005030181086519203
2023-06-23,9960,10070,9870,9950,28894,-0.004004004004004025
2023-06-26,9960,10000,9850,10000,16893,0.005025125628140614
2023-06-27,9900,10160,9900,10100,35742,0.010000000000000009
2023-06-28,10100,10300,9990,9990,58959,-0.0108910891089109
2023-06-29,10250,10720,10080,10400,334550,0.041041041041041115
2023-06-30,10350,11100,10330,11010,365270,0.05865384615384617
2023-07-03,11130,13460,10990,12560,7403003,0.14078110808356037
2023-07-04,12460,12710,12350,12580,866437,0.0015923566878981443
2023-07-05,12600,12680,12120,12350,734656,-0.01828298887122415
2023-07-06,12230,12230,11620,11920,391135,-0.034817813765182226
2023-07-07,11760,12150,11720,11880,250344,-0.003355704697986628
2023-07-10,11840,12090,11490,11870,189911,-0.0008417508417508657
2023-07-11,12100,12400,11920,12350,346456,0.04043807919123843
2023-07-12,12430,12430,12000,12100,174904,-0.020242914979757054
2023-07-13,12230,12490,12060,12190,204033,0.007438016528925617
2023-07-14,12450,12700,12250,12440,630762,0.020508613617719496
2023-07-17,12450,13090,12430,12550,596410,0.008842443729903504
2023-07-18,12650,13330,12480,13290,622603,0.05896414342629486
2023-07-19,16400,17200,15400,16800,5285136,0.2641083521444696
2023-07-20,16700,19350,16570,18220,3437084,0.08452380952380945
2023-07-21,18050,21900,18040,20200,4423764,0.10867178924259058
2023-07-24,19750,21100,19750,21000,504988,0.03960396039603964
2023-07-25,21150,23850,21150,21750,416218,0.03571428571428581
2023-07-26,22600,23500,18000,21300,465123,-0.020689655172413834
2023-07-27,22600,23900,20100,21700,704033,0.018779342723004744
2023-07-28,22500,23400,21100,23350,428677,0.07603686635944706
2023-07-31,23700,23750,22150,23050,338919,-0.012847965738758016
2023-08-01,24150,25650,23500,25650,513237,0.11279826464208242
2023-08-02,25350,26900,24300,24300,376846,-0.052631578947368474
2023-08-03,24900,24900,22450,24100,293825,-0.008230452674897082
2023-08-04,24400,24750,23000,24750,102662,0.026970954356846377
2023-08-07,24500,24550,22500,23150,205658,-0.06464646464646462
2023-08-08,22300,23800,21500,23300,356398,0.00647948164146861
2023-08-09,22850,25900,22500,24950,341404,0.07081545064377681
2023-08-10,24050,25350,24050,24500,137097,-0.018036072144288595
2023-08-11,24750,24950,23650,24100,126697,-0.01632653061224487
2023-08-14,23350,24900,23350,24600,156013,0.020746887966804906
2023-08-16,24600,27900,24150,25950,391822,0.054878048780487854
2023-08-17,25450,25850,22100,25700,944193,-0.009633911368015391
2023-08-18,25600,26500,25200,26250,319160,0.021400778210116655
2023-08-21,26600,26900,24350,24800,373808,-0.0552380952380952
2023-08-22,24800,26300,24100,26150,313402,0.05443548387096775
2023-08-23,27100,33350,26800,31500,1877794,0.20458891013384317
2023-08-24,30300,31350,28750,29300,582480,-0.06984126984126982
2023-08-25,29300,31100,28600,29100,387327,-0.0068259385665528916
2023-08-28,29100,29100,27250,27950,607479,-0.03951890034364258
2023-08-29,28000,28250,27200,27400,172459,-0.019677996422182487
2023-08-30,27950,28600,27400,27700,575148,0.010948905109489093
2023-08-31,28150,28800,27300,27700,181712,0.0
2023-09-01,27700,28850,26350,28400,248149,0.025270758122743597
2023-09-04,27700,28750,27450,27850,167765,-0.01936619718309862
2023-09-05,27900,29100,27250,27700,245042,-0.0053859964093356805
2023-09-06,27900,27900,25650,25750,349960,-0.0703971119133574
2023-09-07,25350,26050,24200,24450,295456,-0.05048543689320384
2023-09-08,24450,25600,23450,25100,328723,0.026584867075664542
2023-09-11,25100,25100,23850,24400,175570,-0.027888446215139417
2023-09-12,24400,24950,23000,24600,200723,0.008196721311475308
2023-09-13,24600,25150,23650,24750,159248,0.0060975609756097615
2023-09-14,24750,25500,24650,25150,103838,0.016161616161616266
2023-09-15,25800,26450,25150,25500,121787,0.013916500994035852
2023-09-18,25250,25900,24800,25900,69501,0.015686274509803866
2023-09-19,25850,26000,24750,25150,96631,-0.02895752895752901
2023-09-20,25000,25400,24800,25250,56099,0.003976143141153132
2023-09-21,25250,25350,24000,24500,90025,-0.02970297029702973
2023-09-22,23850,25300,23500,24700,73417,0.008163265306122547
2023-09-25,24950,24950,23500,24550,96875,-0.006072874493927127
2023-09-26,25150,25250,24150,24700,67144,0.006109979633401208
2023-09-27,24500,26550,24250,26350,124480,0.0668016194331984
2023-10-04,25850,26050,24500,24750,146823,-0.06072106261859578
2023-10-05,24750,25500,24100,24400,137594,-0.014141414141414121
2023-10-06,24400,24950,23950,24500,116879,0.004098360655737654
2023-10-10,26500,27600,25050,25700,388815,0.048979591836734615
2023-10-11,26400,27300,26000,26700,129699,0.03891050583657596
2023-10-12,26750,29200,26750,28800,256725,0.0786516853932584
2023-10-13,28550,29000,27500,28200,119899,-0.02083333333333337
2023-10-16,27000,27500,25300,25900,283885,-0.08156028368794321
2023-10-17,28000,28150,26300,26300,177557,0.015444015444015413
2023-10-18,26000,26300,24100,25750,374911,-0.020912547528517123
2023-10-19,24950,26000,24400,25400,171292,-0.013592233009708687
2023-10-20,25150,25850,24000,24250,190535,-0.04527559055118113
2023-10-23,24450,25400,23300,23450,172458,-0.03298969072164948
2023-10-24,25100,26950,24550,26800,612974,0.1428571428571428
2023-10-25,26850,28500,26000,26300,262945,-0.018656716417910446
2023-10-26,26000,27350,25250,25950,305457,-0.013307984790874472
2023-10-27,25950,28200,24900,27050,222617,0.042389210019267765
2023-10-30,27350,29400,26500,26850,445014,-0.007393715341959317
2023-10-31,26400,26700,24750,24950,288458,-0.07076350093109873
2023-11-01,24900,25450,22900,25000,261804,0.002004008016031955
2023-11-02,24900,26400,24800,26000,254221,0.040000000000000036
2023-11-03,27200,27500,26200,26500,168117,0.019230769230769162
2023-11-06,27000,28000,25650,27900,339521,0.05283018867924527
2023-11-07,27600,27800,25500,25950,183567,-0.06989247311827962
2023-11-08,26000,26400,25050,25150,80860,-0.030828516377649273
2023-11-09,25150,25700,24250,25000,98853,-0.005964214711729587
2023-11-10,24500,25100,24300,25000,54634,0.0
2023-11-13,24700,25200,22900,23450,275814,-0.062000000000000055
2023-11-14,23600,23800,22250,23050,219185,-0.017057569296375252
2023-11-15,23200,23700,21000,22100,384449,-0.041214750542299394
2023-11-16,22300,23050,21650,22800,129886,0.03167420814479649
2023-11-17,22750,22750,20850,21550,349103,-0.054824561403508776
2023-11-20,21500,21800,21050,21500,116312,-0.002320185614849146
2023-11-21,21600,21700,20950,21200,125147,-0.013953488372092981
2023-11-22,21000,21500,20600,20700,109532,-0.02358490566037741
2023-11-23,20750,21000,20100,20350,125134,-0.016908212560386437
2023-11-24,20350,20650,20000,20350,114985,0.0
2023-11-27,20250,20350,19450,20050,153872,-0.014742014742014753
2023-11-28,20350,20600,19930,20050,74759,0.0
2023-11-29,20400,20400,19400,19790,136676,-0.012967581047381493
2023-11-30,19600,20500,19400,20200,84849,0.02071753410813537
2023-12-01,20350,20850,19970,19970,91261,-0.011386138613861396
2023-12-04,19890,19890,17970,19600,177156,-0.01852779168753127
2023-12-05,19350,19850,18690,18920,117336,-0.03469387755102038
2023-12-06,18830,19110,18570,18860,82573,-0.003171247357293905
2023-12-07,18870,18870,18010,18300,127329,-0.02969247083775184
2023-12-08,18490,18600,17940,18350,118823,0.002732240437158362
2023-12-11,18410,18660,17770,17840,161928,-0.027792915531335116
2023-12-12,17750,18840,17200,18810,281732,0.054372197309417114
2023-12-13,18700,18950,18150,18270,100563,-0.028708133971291905
2023-12-14,18300,18650,18020,18170,90275,-0.005473453749315849
2023-12-15,18450,18760,18070,18130,87803,-0.0022014309301046087
2023-12-18,18160,18530,18090,18270,113475,0.007722007722007707
2023-12-19,18500,18500,18060,18280,60660,0.0005473453749316182
2023-12-20,18400,18790,18250,18340,84514,0.003282275711159688
2023-12-21,18340,21250,18190,18400,701024,0.0032715376226826187
2023-12-22,19400,19400,18400,18510,125679,0.005978260869565322
2023-12-26,18000,18380,17300,17300,182690,-0.0653700702323069
2023-12-27,17260,17990,16960,17750,77739,0.026011560693641522
2023-12-28,17640,17670,17300,17540,65760,-0.01183098591549292
2024-01-02,17390,17480,16900,17000,128027,-0.030786773090079822
2024-01-03,17000,17000,16240,16590,177291,-0.024117647058823577
2024-01-04,16410,16570,16070,16320,89510,-0.016274864376130238
2024-01-05,16400,16500,16100,16160,77350,-0.009803921568627416
2024-01-08,16160,16190,15610,15890,114518,-0.016707920792079167
2024-01-09,15910,16100,15620,15670,89368,-0.013845185651353065
2024-01-10,15560,15900,15240,15270,109530,-0.02552648372686661
2024-01-11,15400,15620,15120,15350,82019,0.0052390307793057644
2024-01-12,15350,15350,14730,14830,100091,-0.03387622149837133
2024-01-15,14910,14970,14300,14350,86720,-0.03236682400539448
2024-01-16,14360,14610,14030,14130,74310,-0.015331010452961702
2024-01-17,14270,14340,13690,13760,111609,-0.026185421089879646
2024-01-18,13770,14100,13510,13940,85836,0.013081395348837122
2024-01-19,14100,14350,13610,13720,109999,-0.015781922525107572
2024-01-22,13780,14000,13320,13500,157409,-0.01603498542274051
2024-01-23,13310,13570,13250,13320,91921,-0.013333333333333308
2024-01-24,13210,13500,13030,13150,94395,-0.01276276276276278
2024-01-25,13130,14110,12900,13920,297227,0.05855513307984794
2024-01-26,14000,14820,13000,14530,287660,0.04382183908045967
2024-01-29,15130,16920,15040,15770,900811,0.08534067446662075
2024-01-30,15770,17000,14800,16920,435684,0.07292327203551041
2024-01-31,17700,18500,15500,15500,756871,-0.08392434988179664
2024-02-01,15300,16110,14600,14950,260108,-0.03548387096774197
2024-02-02,15270,16360,15270,15700,215193,0.050167224080267525
2024-02-05,15700,15710,14990,15060,132676,-0.040764331210191074
2024-02-06,14720,15290,14160,14950,140714,-0.007304116865869847
2024-02-07,14970,15590,14850,15120,126240,0.011371237458194017
2024-02-08,15340,15710,15080,15550,152301,0.028439153439153486
2024-02-13,15490,16340,15230,16140,191463,0.037942122186495286
2024-02-14,16000,16800,15440,16720,213215,0.03593556381660479
2024-02-15,17500,18900,17120,17870,698870,0.06877990430622005
2024-02-16,18720,19700,17750,17750,676202,-0.006715165081141561
2024-02-19,17750,19430,16750,19270,559328,0.08563380281690147
2024-02-20,18970,19500,18640,18770,281751,-0.025947067981318073
2024-02-21,19100,20950,19030,19750,807801,0.05221097496004257
2024-02-22,19810,20600,19430,19430,267348,-0.016202531645569618
2024-02-23,20350,21400,19600,20500,447685,0.05506948018528046
2024-02-26,20200,20450,19850,19950,132017,-0.02682926829268295
2024-02-27,19960,19980,18300,18440,291196,-0.07568922305764414
2024-02-28,18390,18430,17840,18060,151633,-0.02060737527114964
2024-02-29,17840,18260,17470,18110,178524,0.002768549280177224
2024-03-04,18800,20650,18550,20300,656285,0.12092766427388191
2024-03-05,20200,21650,18710,18850,667955,-0.0714285714285714
2024-03-06,19050,19690,18730,18880,296830,0.0015915119363394403
2024-03-07,19700,21300,19420,20100,1260174,0.06461864406779672
2024-03-08,20150,20250,18930,19270,320875,-0.04129353233830846
2024-03-11,18900,19070,18520,18730,188024,-0.02802283341982359
2024-03-12,18900,24150,18900,22350,6209572,0.19327282434596893
2024-03-13,22600,23150,21800,22750,2228487,0.017897091722595126
2024-03-14,23000,23600,22100,22800,1449974,0.00219780219780219
2024-03-15,22100,22250,20950,21300,691187,-0.06578947368421051
2024-03-18,21300,22400,20700,22300,961255,0.04694835680751175
2024-03-19,22000,22100,20900,21050,531581,-0.056053811659192876
2024-03-20,21200,21350,20200,20300,506727,-0.03562945368171022
2024-03-21,20700,20700,19260,19380,486438,-0.04532019704433499
2024-03-22,19650,20350,19600,19730,361049,0.018059855521155743
2024-03-25,19730,20600,19590,20150,262313,0.021287379624936653
2024-03-26,19930,20400,19050,19050,387863,-0.05459057071960294
2024-03-27,18990,19000,18170,18450,324956,-0.03149606299212604
2024-03-28,18500,19000,18450,18550,209717,0.005420054200542035
2024-03-29,19510,20800,19300,19350,1311965,0.043126684636118684
2024-04-01,19700,21600,19700,20700,1417972,0.06976744186046502
2024-04-02,20900,21450,19630,19840,661377,-0.04154589371980677
2024-04-03,19530,20700,19000,19990,548358,0.007560483870967749
2024-04-04,20500,20700,19610,20250,536027,0.013006503251625778
2024-04-05,19800,20250,19650,19660,275278,-0.02913580246913583
2024-04-08,20500,22050,20250,21050,1913120,0.07070193285859605
2024-04-09,21100,22150,20450,21300,939778,0.01187648456057011
2024-04-11,21600,24450,21050,22600,4478310,0.06103286384976525
2024-04-12,22150,22750,21450,21500,845493,-0.04867256637168138
2024-04-15,20900,21200,19810,19910,714463,-0.07395348837209303
2024-04-16,19560,20250,18720,19070,473656,-0.04218985434455047
2024-04-17,19370,20050,19370,19540,331272,0.024646040901940225
2024-04-18,19410,19920,19300,19920,218010,0.019447287615148356
2024-04-19,20050,20100,18630,19010,394186,-0.04568273092369479
2024-04-22,18990,18990,17940,17980,332856,-0.054182009468700665
2024-04-23,17990,18210,17410,17450,212021,-0.02947719688542827
2024-04-24,17800,18080,17720,17900,130076,0.025787965616045794
2024-04-25,17970,18750,17850,17910,330635,0.0005586592178770111
2024-04-26,18150,18290,17820,18040,128275,0.007258514796203208
2024-04-29,18550,18550,18040,18040,111547,0.0
2024-04-30,18250,18450,17900,17900,182839,-0.0077605321507761005
2024-05-02,17770,17860,17430,17440,143584,-0.025698324022346397
2024-05-03,17530,17750,16940,17000,146551,-0.025229357798165153
2024-05-07,17300,17410,16870,17100,140009,0.00588235294117645
2024-05-08,17020,17100,16580,16690,184549,-0.02397660818713454
2024-05-09,16720,16720,16280,16300,157381,-0.023367285799880122
2024-05-10,16450,16610,16260,16270,106261,-0.0018404907975460016
2024-05-13,16290,16490,16010,16450,113694,0.011063306699446773
2024-05-14,16300,16770,16190,16590,98384,0.008510638297872353
2024-05-16,16950,17180,16570,16610,145815,0.0012055455093429313
2024-05-17,16500,16700,15930,16050,150762,-0.03371462974111983
2024-05-20,15910,16180,15650,15800,149623,-0.015576323987538943
2024-05-21,15870,16000,15500,15720,147573,-0.005063291139240533
2024-05-22,15940,15970,15430,15770,183497,0.0031806615776082126
2024-05-23,15970,17220,15960,16670,480751,0.05707038681039944
2024-05-24,16770,20550,16770,18050,4972832,0.08278344331133769
2024-05-27,17840,18950,17610,17980,1079155,-0.0038781163434903343
2024-05-28,18310,19770,18120,19020,1518813,0.05784204671857629
2024-05-29,19750,21700,19380,19590,3076064,0.029968454258675115
2024-05-30,19270,20300,19050,19050,689201,-0.027565084226646275
2024-05-31,18710,18990,18220,18320,585198,-0.038320209973753294
2024-06-03,18430,19570,18430,18700,471613,0.020742358078602585
2024-06-04,18620,19170,18300,18600,346404,-0.005347593582887722
2024-06-05,19200,19750,18640,18710,754336,0.005913978494623606
2024-06-07,18780,19470,18700,19130,379418,0.022447888829502993
2024-06-10,19140,19940,19040,19080,517462,-0.002613695765812829
2024-06-11,19700,19900,19140,19470,880300,0.020440251572326984
2024-06-12,20300,21000,19720,19940,1107177,0.02413970210580385
2024-06-13,20300,20300,19580,19800,348758,-0.007021063189568744
2024-06-14,19990,20700,19150,20400,549452,0.030303030303030276
2024-06-17,20250,20350,19370,19430,370017,-0.04754901960784319
2024-06-18,19820,19970,18900,18960,634802,-0.024189397838394244
2024-06-19,19050,19060,18260,18270,431533,-0.03639240506329111
2024-06-20,18450,18450,17600,17670,232170,-0.03284072249589487
2024-06-21,17520,17630,17010,17050,249166,-0.03508771929824561
2024-06-24,17280,17280,16190,16260,240337,-0.04633431085043993
2024-06-25,16200,16940,15790,16880,261855,0.038130381303812966
2024-06-26,16980,17450,16470,17450,407380,0.03376777251184837
2024-06-27,17170,17190,16900,16980,156990,-0.02693409742120345
2024-06-28,17070,17120,16700,16900,127355,-0.004711425206124886
2024-07-01,16900,17040,16610,16660,124492,-0.014201183431952646
2024-07-02,16710,16810,16000,16010,156959,-0.039015606242497
2024-07-03,16020,16130,15740,15900,144978,-0.006870705808869504
2024-07-04,16360,17730,16190,17400,833671,0.09433962264150941
2024-07-05,17630,17850,16930,16940,301420,-0.02643678160919538
2024-07-08,16920,17550,16920,17180,145089,0.01416765053128688
2024-07-09,17260,19800,17100,17930,2976263,0.04365541327124567
2024-07-10,17930,18070,17580,17600,313208,-0.018404907975460127
2024-07-11,17700,17770,17030,17050,295030,-0.03125
2024-07-12,16990,17220,16560,16580,220784,-0.027565982404692102
2024-07-15,16610,18340,16400,17050,1725654,0.028347406513872242
2024-07-16,16840,17050,16560,16570,225035,-0.028152492668621742
2024-07-17,17380,18060,17010,17290,765055,0.043452021726010814
2024-07-18,16870,17190,16620,17110,181334,-0.010410641989589409
2024-07-19,17810,18640,17510,17960,1199101,0.04967855055523085
2024-07-22,18000,18010,17020,17120,289689,-0.04677060133630284
2024-07-23,17390,17510,16650,16710,225030,-0.02394859813084116
2024-07-24,16500,16840,16400,16500,143694,-0.012567324955116699
2024-07-25,16100,16410,15940,16160,157084,-0.020606060606060628
2024-07-26,16000,16250,15820,15880,154012,-0.017326732673267342
2024-07-29,15880,16240,15720,16060,180422,0.01133501259445846
2024-07-30,16020,16120,15680,15700,102883,-0.02241594022415938
2024-07-31,15800,16040,15500,15980,108764,0.017834394904458595
2024-08-01,16250,16580,15880,15950,210200,-0.001877346683354153
2024-08-02,15640,15750,15000,15000,189652,-0.059561128526645746
2024-08-05,14470,14470,11850,12430,350020,-0.17133333333333334
2024-08-06,12430,13840,12430,13600,301506,0.0941271118262268
2024-08-07,13490,14220,13490,13940,93252,0.02499999999999991
2024-08-08,13700,13860,13430,13520,96188,-0.03012912482065999
2024-08-09,13990,14220,13820,14020,102633,0.03698224852071008
2024-08-12,14050,14290,14050,14190,67248,0.012125534950071293
2024-08-13,14490,14490,13800,14040,122117,-0.010570824524312905
2024-08-14,14280,15000,14180,14560,219724,0.03703703703703698
2024-08-16,14750,14960,14650,14690,112895,0.008928571428571397
2024-08-19,14700,14760,14260,14330,89181,-0.02450646698434311
2024-08-20,14440,16820,14440,15470,2455800,0.07955338450802518
2024-08-21,15680,15680,15000,15270,307568,-0.012928248222365823
2024-08-22,15570,15910,15010,15070,233303,-0.013097576948264522
2024-08-23,14810,14990,14560,14650,133060,-0.02786994027869938
2024-08-26,15940,19000,15750,17970,9642144,0.22662116040955627
2024-08-27,18240,18650,17750,18570,2877791,0.03338898163606019
2024-08-28,18300,19090,17510,17860,1812826,-0.038233710285406564
2024-08-29,17520,18630,16980,17980,2087061,0.006718924972004547
2024-08-30,18350,19700,18010,18530,3746695,0.03058954393770863
2024-09-02,18610,19400,18200,18760,1412835,0.012412304371289817
2024-09-03,19050,19250,18540,18800,880739,0.002132196162046851
2024-09-04,17400,18910,17100,18600,671290,-0.010638297872340385
2024-09-05,18530,18710,16950,17110,578989,-0.0801075268817204
2024-09-06,17320,18120,16250,16250,761588,-0.05026300409117479
2024-09-09,15730,16300,15370,15940,390897,-0.019076923076923102
2024-09-10,16260,16310,15000,15120,534601,-0.05144291091593478
2024-09-11,15230,16410,15220,15780,513584,0.04365079365079372
2024-09-12,16310,16750,16210,16230,467077,0.028517110266159662
2024-09-13,16280,16290,15880,16030,189918,-0.012322858903265566
2024-09-19,16010,16020,15230,15600,222171,-0.02682470368059886
2024-09-20,15920,16200,15320,15350,456595,-0.01602564102564108
2024-09-23,15350,15760,15250,15590,144310,0.015635179153094425
2024-09-24,15940,16750,15840,16480,552653,0.05708787684413075
2024-09-25,17100,17770,16450,16630,1009159,0.00910194174757284
2024-09-26,17210,17290,16880,16980,346922,0.021046301864100947
2024-09-27,17000,17040,16580,16730,218475,-0.014723203769140158
2024-09-30,16490,16580,16120,16120,184394,-0.03646144650328753
2024-10-02,15800,16060,15660,15730,113838,-0.024193548387096753
2024-10-04,15980,16500,15920,16040,162134,0.019707565162110585
2024-10-07,16230,16540,16020,16530,149641,0.030548628428927582
2024-10-08,17340,18850,17000,17050,2517520,0.03145795523290995
2024-10-10,17230,17530,16850,16860,285369,-0.011143695014662724
2024-10-11,17060,17410,16700,16700,245066,-0.009489916963226541
2024-10-14,16610,17200,16610,16950,186478,0.014970059880239583
2024-10-15,17290,17370,16850,16900,244310,-0.002949852507374673
2024-10-16,16560,16650,16300,16340,154423,-0.03313609467455625
2024-10-17,16430,16620,16050,16350,123358,0.000611995104039087
2024-10-18,16250,16350,15780,15960,125997,-0.023853211009174258
2024-10-21,15710,16130,15600,15950,114653,-0.0006265664160400863
2024-10-22,15970,15970,15300,15300,106948,-0.040752351097178674
2024-10-23,15490,15750,15210,15680,74378,0.024836601307189454
2024-10-24,16080,16600,15560,15600,290195,-0.005102040816326481
2024-10-25,15470,15780,15310,15400,128645,-0.012820512820512775
2024-10-28,15250,15960,15250,15680,92202,0.018181818181818077
2024-10-29,15750,15770,15360,15500,61336,-0.011479591836734748
2024-10-30,15900,15980,15500,15530,93097,0.001935483870967758
2024-10-31,15440,16500,15300,15770,245410,0.015453960077269846
2024-11-01,15510,15690,15300,15370,79238,-0.025364616360177505
2024-11-04,15580,16640,15390,15800,417209,0.02797657774886142
2024-11-05,15750,15870,15620,15640,87212,-0.010126582278481067
2024-11-06,15780,15820,15030,15250,169572,-0.02493606138107418
2024-11-07,15250,15250,14710,15150,111207,-0.006557377049180357
2024-11-08,15250,15680,15180,15510,131685,0.023762376237623783
2024-11-11,15600,15600,14590,14620,162239,-0.05738233397807868
2024-11-12,14620,14640,13550,13610,199308,-0.06908344733242133
2024-11-13,13280,13590,13120,13170,114470,-0.03232916972814104
2024-11-14,13170,13660,12930,12930,168939,-0.018223234624145768
2024-11-15,12760,13500,12710,13320,141098,0.030162412993039345
2024-11-18,13590,14100,13450,13750,166562,0.03228228228228236
2024-11-19,14100,14180,13770,13800,74616,0.0036363636363636598
2024-11-20,14210,14430,13850,13950,142858,0.010869565217391353
2024-11-21,13800,14040,13710,13750,55527,-0.014336917562724039
2024-11-22,13940,14090,13590,13590,57759,-0.011636363636363667
2024-11-25,13710,14070,13710,14020,57072,0.03164091243561451
2024-11-26,14070,14090,13710,13950,61887,-0.004992867332382356
2024-11-27,13950,13950,13370,13460,93884,-0.03512544802867379
2024-11-28,13330,13540,13280,13310,46420,-0.011144130757800852
2024-11-29,13260,13300,12700,12860,90798,-0.03380916604057105
2024-12-02,12940,13200,12580,12800,123755,-0.004665629860031051
2024-12-03,12760,13390,12760,13310,123125,0.039843749999999956
2024-12-04,12900,13200,12700,12940,114463,-0.027798647633358375
2024-12-05,12950,13040,12610,12900,67437,-0.0030911901081916993
2024-12-06,12700,12890,11850,12300,158436,-0.046511627906976716
2024-12-09,11850,11980,10670,11140,158272,-0.09430894308943094
2024-12-10,11140,11810,11120,11760,93197,0.055655296229802476
2024-12-11,11760,12350,11350,12310,83427,0.04676870748299322
2024-12-12,12390,12620,12230,12600,84700,0.023558082859463925
2024-12-13,12580,12700,12350,12620,66456,0.0015873015873015817
2024-12-16,12780,12920,12670,12900,58954,0.022187004754358197
2024-12-17,13000,13280,12850,13070,105122,0.01317829457364339
2024-12-18,13260,13290,13020,13210,61740,0.010711553175210442
2024-12-19,12800,13040,12730,12910,48060,-0.022710068130204375
2024-12-20,12930,12940,12510,12600,41483,-0.024012393493415995
2024-12-23,12700,13190,12700,13100,70637,0.039682539682539764
2024-12-24,13180,13300,12750,12810,40898,-0.022137404580152675
2024-12-26,12980,12980,12500,12590,46228,-0.01717408274785326
2024-12-27,12310,12590,12130,12370,45634,-0.017474185861795055
2024-12-30,12160,12480,12090,12400,29934,0.0024252223120453387
2025-01-02,12480,12560,12330,12480,35750,0.006451612903225712
2025-01-03,12480,13030,12480,12910,107563,0.034455128205128194
2025-01-06,13250,13740,13250,13600,215808,0.05344694035631292
2025-01-07,13850,14160,13520,14070,431688,0.034558823529411864
2025-01-08,15000,15320,14280,14300,1836882,0.016346837242359635
2025-01-09,14290,14680,14080,14110,303381,-0.01328671328671327
2025-01-10,14200,15060,14120,14490,905896,0.02693125442948263
2025-01-13,14520,14750,14220,14220,207242,-0.018633540372670843
2025-01-14,14370,14750,14270,14500,233658,0.019690576652601877
2025-01-15,14550,14550,14210,14300,120894,-0.01379310344827589
2025-01-16,14450,14580,14300,14420,128959,0.008391608391608463
2025-01-17,14450,14610,14280,14570,124316,0.010402219140083213
2025-01-20,14610,14710,14480,14560,159092,-0.0006863417982154729
2025-01-21,14560,14610,14090,14350,123202,-0.014423076923076872
2025-01-22,14440,14650,13610,14560,228540,0.014634146341463428
2025-01-23,14980,15570,14700,14720,998526,0.01098901098901095
2025-01-24,14700,14830,14230,14250,254523,-0.03192934782608692
2025-01-31,13800,13810,13250,13250,228783,-0.07017543859649122
2025-02-03,13090,13090,12370,12630,147797,-0.046792452830188624
2025-02-04,12640,13120,12640,12890,93318,0.02058590657165471
2025-02-05,12960,13130,12860,13090,59338,0.015515903801396336
2025-02-06,13300,13480,13080,13400,101919,0.023682200152788324
2025-02-07,13490,13690,13310,13400,131060,0.0
2025-02-10,13340,13650,13130,13650,111101,0.018656716417910557
2025-02-11,13890,13890,13440,13540,123334,-0.00805860805860803
2025-02-12,13540,13660,13310,13490,70988,-0.0036927621861152504
2025-02-13,13350,13600,13350,13430,88813,-0.004447739065974843
2025-02-14,13700,13900,13550,13690,220096,0.0193596425912137
2025-02-17,13690,13840,13540,13710,130180,0.0014609203798392478
2025-02-18,13690,14060,13620,13880,178335,0.012399708242158969
2025-02-19,14190,14770,14170,14380,618966,0.036023054755043304
2025-02-20,14440,14930,14240,14670,418475,0.02016689847009734
2025-02-21,14420,14450,13980,14170,406972,-0.03408316291751878
2025-02-24,14910,15600,14270,14510,2138414,0.023994354269583518
2025-02-25,14600,15120,14090,14100,569665,-0.028256374913852467
2025-02-26,14290,14390,13800,14020,144978,-0.005673758865248235
2025-02-27,14050,14500,13720,13810,186359,-0.014978601997146956
2025-02-28,13500,13550,13160,13160,116360,-0.047067342505430876
2025-03-04,12820,13140,12810,13050,69345,-0.008358662613981771
2025-03-05,13060,13280,13000,13180,72460,0.009961685823754785
2025-03-06,13260,13260,12800,12820,88643,-0.0273141122913505
2025-03-07,12820,12930,12650,12930,85380,0.00858034321372858
2025-03-10,13050,13370,12990,13120,104695,0.014694508894044889
2025-03-11,12700,12950,12650,12950,55263,-0.012957317073170715
2025-03-12,13030,13210,12950,13200,49840,0.019305019305019266
2025-03-13,13380,13440,13070,13140,71331,-0.004545454545454519
2025-03-14,13010,13400,13010,13300,59284,0.0121765601217656
2025-03-17,13400,13670,13300,13510,73864,0.015789473684210575
2025-03-18,13510,13570,13310,13340,72922,-0.012583271650629113
2025-03-19,13250,13330,13050,13100,74625,-0.01799100449775115
2025-03-20,13250,13290,12800,12850,81360,-0.01908396946564883
2025-03-21,12800,12880,12500,12690,61160,-0.012451361867704236
2025-03-24,12590,12730,12500,12510,44228,-0.014184397163120588
2025-03-25,12510,12690,12230,12260,86111,-0.019984012789768135
2025-03-26,12320,12540,12280,12360,51515,0.00815660685154973
2025-03-27,12300,12360,12100,12160,59112,-0.016181229773462813
2025-03-28,12160,12160,11730,11750,75345,-0.033717105263157854
2025-03-31,11550,11570,11230,11230,54350,-0.04425531914893621
2025-04-01,11250,11660,11250,11570,33732,0.030276046304541504
2025-04-02,11580,11750,11210,11310,38520,-0.022471910112359605
2025-04-03,10980,11190,10840,11010,25006,-0.02652519893899208
2025-04-04,10640,11200,10640,11050,51157,0.0036330608537693543
2025-04-07,10660,10770,10040,10150,74059,-0.08144796380090502
2025-04-08,10340,10560,10240,10290,51232,0.01379310344827589
2025-04-09,10000,10300,9870,9980,39145,-0.030126336248785246
2025-04-10,10590,10920,10550,10890,49357,0.09118236472945895
2025-04-11,10560,11210,10560,11200,33440,0.02846648301193766
2025-04-14,11300,11440,11110,11440,38383,0.021428571428571352
2025-04-15,11410,11650,11380,11610,35049,0.014860139860139787
2025-04-16,11580,11590,11210,11260,31235,-0.030146425495262696
2025-04-17,11260,11560,11250,11530,18862,0.023978685612788597
2025-04-18,11530,11650,11450,11590,22354,0.005203816131829964
2025-04-21,11600,11870,11520,11680,20785,0.007765314926660993
2025-04-22,11520,11700,11500,11640,28663,-0.003424657534246589
2025-04-23,11770,11890,11730,11870,23820,0.019759450171821236
2025-04-24,11950,11990,11760,11800,27551,-0.005897219882055604
2025-04-25,11930,12010,11810,11900,32075,0.008474576271186418
2025-04-28,11980,12000,11650,11750,40832,-0.012605042016806678
2025-04-29,11790,11820,11620,11760,24344,0.0008510638297871687
2025-04-30,11700,11780,11510,11590,22887,-0.014455782312925214
2025-05-02,11590,11630,11420,11430,21922,-0.01380500431406384
2025-05-07,11430,11690,11430,11610,15103,0.015748031496062964
2025-05-08,11710,11850,11650,11830,27124,0.018949181739879473
2025-05-09,11880,11880,11540,11610,17054,-0.018596787827557026
2025-05-12,11630,11890,11630,11860,36009,0.021533161068044704
2025-05-13,12040,12040,11800,11890,23052,0.002529510961214232
2025-05-14,12790,12820,12020,12290,186617,0.033641715727502186
2025-05-15,12680,12800,12300,12340,118480,0.00406834825061031
2025-05-16,12350,12460,12150,12310,77022,-0.002431118314424663
2025-05-19,12110,12170,11870,12070,60671,-0.019496344435418367
2025-05-20,12240,13460,12150,12530,350896,0.03811101905550962
2025-05-21,12670,12760,12480,12600,47692,0.005586592178770999
