Date,Open,High,Low,Close,Volume,Change
2022-01-03,6410,6670,6380,6570,94074,0.024960998439937487
2022-01-04,6570,6640,6530,6630,103230,0.009132420091324311
2022-01-05,6640,6660,6560,6590,106138,-0.006033182503770718
2022-01-06,6510,6640,6440,6490,98714,-0.015174506828528056
2022-01-07,6470,6530,6450,6500,52369,0.0015408320493066618
2022-01-10,6500,6500,6350,6350,67822,-0.023076923076923106
2022-01-11,6360,6400,6090,6200,91031,-0.023622047244094446
2022-01-12,6240,6300,6200,6270,54593,0.011290322580645107
2022-01-13,6200,6200,5240,5610,1762644,-0.10526315789473684
2022-01-14,5610,5750,5550,5690,298419,0.01426024955436711
2022-01-17,5670,5670,5390,5390,213191,-0.0527240773286467
2022-01-18,5380,5460,5270,5270,111920,-0.02226345083487946
2022-01-19,5260,5460,5150,5300,165763,0.005692599620493288
2022-01-20,5290,5430,5260,5410,63812,0.020754716981132182
2022-01-21,5370,5960,5360,5520,1014411,0.020332717190388205
2022-01-24,5460,5550,5280,5320,126311,-0.036231884057971064
2022-01-25,5320,5350,5030,5080,188760,-0.045112781954887216
2022-01-26,5000,5140,4990,5060,108096,-0.003937007874015741
2022-01-27,5040,5090,4825,4825,151728,-0.04644268774703553
2022-01-28,4810,5150,4810,5140,185423,0.06528497409326417
2022-02-03,5200,5470,5180,5460,137658,0.0622568093385214
2022-02-04,5400,5510,5340,5500,86658,0.0073260073260073
2022-02-07,5510,5510,5390,5420,38134,-0.014545454545454528
2022-02-08,5440,5480,5360,5420,46832,0.0
2022-02-09,5450,5540,5410,5540,92682,0.022140221402213944
2022-02-10,5530,5590,5370,5370,73358,-0.03068592057761732
2022-02-11,5370,5380,5210,5230,64012,-0.02607076350093107
2022-02-14,5150,5240,4990,5080,111648,-0.028680688336520044
2022-02-15,5030,5230,4975,4990,131220,-0.017716535433070835
2022-02-16,5130,5230,5100,5220,67594,0.04609218436873741
2022-02-17,5200,6000,5100,5250,896107,0.005747126436781658
2022-02-18,5160,5290,5070,5220,94230,-0.005714285714285672
2022-02-21,5120,5380,5120,5320,74015,0.019157088122605304
2022-02-22,5250,5250,5100,5150,95111,-0.03195488721804507
2022-02-23,5160,5300,5150,5260,56344,0.021359223300970953
2022-02-24,5180,5220,5010,5030,92927,-0.04372623574144485
2022-02-25,5090,5160,5070,5080,37028,0.00994035785288272
2022-02-28,5090,5180,5060,5180,42740,0.019685039370078705
2022-03-02,5100,5290,5100,5240,63071,0.01158301158301156
2022-03-03,5290,5370,5260,5330,92184,0.01717557251908386
2022-03-04,5330,5340,5240,5280,43809,-0.009380863039399667
2022-03-07,5240,5240,5050,5120,64842,-0.030303030303030276
2022-03-08,4980,5170,4980,5110,29983,-0.001953125
2022-03-10,5130,5230,5130,5190,24571,0.015655577299412915
2022-03-11,5200,5310,5190,5300,58556,0.021194605009633882
2022-03-14,5300,5300,5130,5140,42841,-0.030188679245283012
2022-03-15,5120,5160,5070,5110,45039,-0.005836575875486361
2022-03-16,5150,5240,5150,5210,56692,0.019569471624266255
2022-03-17,5270,5330,5250,5310,71166,0.019193857965451144
2022-03-18,5310,5330,5270,5300,39870,-0.0018832391713747842
2022-03-21,5310,5320,5240,5280,53666,-0.0037735849056603765
2022-03-22,5290,5350,5200,5290,49089,0.0018939393939394478
2022-03-23,5310,5370,5250,5270,72717,-0.003780718336483968
2022-03-24,5270,5320,5220,5300,38948,0.005692599620493288
2022-03-25,5310,5380,5270,5350,65662,0.009433962264151052
2022-03-28,5350,5350,5250,5310,61201,-0.00747663551401867
2022-03-29,5270,5350,5250,5310,93955,0.0
2022-03-30,5340,5360,5310,5340,58676,0.005649717514124353
2022-03-31,5340,5410,5300,5360,65069,0.0037453183520599342
2022-04-01,5350,5390,5300,5370,48927,0.001865671641791078
2022-04-04,5380,5580,5320,5560,180245,0.035381750465549366
2022-04-05,5610,5610,5510,5560,50117,0.0
2022-04-06,5500,5520,5380,5430,81565,-0.023381294964028743
2022-04-07,5370,5430,5240,5320,83006,-0.02025782688766109
2022-04-08,5350,5350,5210,5240,53766,-0.015037593984962405
2022-04-11,5240,5280,5200,5240,36256,0.0
2022-04-12,5170,5210,5140,5190,37840,-0.009541984732824416
2022-04-13,5210,5250,5180,5220,34806,0.005780346820809301
2022-04-14,5200,5240,5200,5210,33327,-0.0019157088122605526
2022-04-15,5210,5230,5130,5220,84666,0.0019193857965451588
2022-04-18,5210,5260,5190,5260,40283,0.00766283524904221
2022-04-19,5260,5300,5220,5300,44434,0.0076045627376426506
2022-04-20,5300,5330,5270,5330,40620,0.005660377358490676
2022-04-21,5330,5350,5250,5270,51250,-0.011257035647279534
2022-04-22,5240,5280,5190,5270,66445,0.0
2022-04-25,5220,5230,5080,5180,107824,-0.017077798861480087
2022-04-26,5160,5240,5160,5190,19384,0.0019305019305020377
2022-04-27,5100,5160,5080,5090,75733,-0.019267822736030782
2022-04-28,5100,5150,5070,5080,33722,-0.0019646365422396617
2022-04-29,5100,5180,5080,5170,34883,0.017716535433070835
2022-05-02,5070,5150,5070,5120,23985,-0.009671179883945835
2022-05-03,5110,5160,5110,5140,29545,0.00390625
2022-05-04,5140,5180,5080,5130,46610,-0.0019455252918287869
2022-05-06,5070,5110,4980,5030,79540,-0.01949317738791423
2022-05-09,5030,5040,4870,4890,70687,-0.027833001988071593
2022-05-10,4790,4865,4670,4810,47387,-0.01635991820040905
2022-05-11,4780,4945,4750,4940,37990,0.027027027027026973
2022-05-12,4910,4910,4765,4775,34722,-0.0334008097165992
2022-05-13,4780,5050,4780,5010,71723,0.049214659685863804
2022-05-16,5050,5120,5010,5010,49036,0.0
2022-05-17,5010,5070,4980,5030,22796,0.003992015968063978
2022-05-18,5040,5100,4995,5030,58853,0.0
2022-05-19,5030,5030,4795,4895,81508,-0.026838966202783254
2022-05-20,4895,4995,4850,4965,73112,0.01430030643513791
2022-05-23,4965,5160,4930,5040,101026,0.015105740181268867
2022-05-24,5020,5040,4925,4980,48490,-0.011904761904761862
2022-05-25,4980,5050,4890,4970,44937,-0.002008032128514081
2022-05-26,4995,5080,4895,4965,54812,-0.001006036217303774
2022-05-27,5000,5080,4955,4995,26605,0.0060422960725075026
2022-05-30,5010,5090,5000,5060,40866,0.013013013013013053
2022-05-31,5070,5150,5020,5120,165920,0.011857707509881354
2022-06-02,5070,5150,5050,5120,29191,0.0
2022-06-03,5160,5170,5080,5110,39819,-0.001953125
2022-06-07,5080,5110,5030,5080,52720,-0.005870841487279899
2022-06-08,5080,5110,5060,5080,28022,0.0
2022-06-09,5080,5080,4990,5050,20454,-0.0059055118110236116
2022-06-10,5050,5120,5000,5090,41193,0.007920792079207928
2022-06-13,5020,5090,4835,4850,109066,-0.047151277013752435
2022-06-14,4760,4820,4585,4710,119158,-0.028865979381443307
2022-06-15,4690,4740,4505,4555,69687,-0.03290870488322717
2022-06-16,4555,4675,4435,4440,104939,-0.02524698133918768
2022-06-17,4370,4755,4065,4500,311019,0.013513513513513598
2022-06-20,4500,4525,4135,4225,136875,-0.061111111111111116
2022-06-21,4220,4270,4090,4145,135852,-0.018934911242603603
2022-06-22,4145,4190,3905,3950,130563,-0.04704463208685161
2022-06-23,3900,4070,3670,3770,195717,-0.04556962025316458
2022-06-24,3715,4000,3715,3950,116990,0.04774535809018565
2022-06-27,3970,4100,3920,4055,138075,0.026582278481012578
2022-06-28,4075,4095,3975,4080,49112,0.006165228113440113
2022-06-29,4010,4080,3920,4035,61327,-0.011029411764705843
2022-06-30,3970,4050,3945,3980,44827,-0.013630731102850069
2022-07-01,3975,4030,3780,3850,52468,-0.03266331658291455
2022-07-04,3870,3870,3650,3700,84321,-0.038961038961038974
2022-07-05,3720,4035,3705,3965,121952,0.07162162162162167
2022-07-06,4030,4155,3995,4040,87440,0.018915510718789497
2022-07-07,4045,4200,4045,4190,100631,0.03712871287128716
2022-07-08,4230,4750,4195,4455,610560,0.0632458233890214
2022-07-11,4495,4555,4420,4430,74175,-0.0056116722783389195
2022-07-12,4450,4450,4310,4395,56512,-0.007900677200902928
2022-07-13,4345,4465,4345,4435,37430,0.009101251422070522
2022-07-14,4435,4640,4340,4430,53479,-0.0011273957158962622
2022-07-15,4425,4500,4325,4500,56181,0.015801354401805856
2022-07-18,4540,4545,4490,4505,46427,0.0011111111111110628
2022-07-19,4530,4980,4500,4585,604083,0.017758046614872347
2022-07-20,4635,4645,4560,4630,48512,0.009814612868048078
2022-07-21,4625,4655,4505,4550,99607,-0.017278617710583144
2022-07-22,5330,5340,4720,4755,1939591,0.04505494505494512
2022-07-25,4695,4725,4610,4645,198270,-0.023133543638275467
2022-07-26,4605,4655,4550,4555,123342,-0.019375672766415497
2022-07-27,4505,4655,4500,4635,103714,0.01756311745334793
2022-07-28,4670,4670,4570,4580,56587,-0.011866235167206085
2022-07-29,4585,4595,4510,4530,62916,-0.01091703056768556
2022-08-01,4535,4555,4410,4525,63002,-0.001103752759381904
2022-08-02,4525,4540,4455,4485,45898,-0.008839779005524906
2022-08-03,4485,5170,4465,4730,1650644,0.05462653288740249
2022-08-04,4730,4930,4720,4920,270629,0.04016913319238902
2022-08-05,4910,5020,4875,4985,136987,0.013211382113821113
2022-08-08,4995,4995,4875,4890,57572,-0.01905717151454367
2022-08-09,4920,4965,4830,4950,90757,0.012269938650306678
2022-08-10,4950,4950,4805,4825,70762,-0.025252525252525304
2022-08-11,4835,4890,4820,4845,35430,0.004145077720207224
2022-08-12,4850,4885,4820,4840,16699,-0.0010319917440660964
2022-08-16,4810,4960,4790,4870,55482,0.006198347107438051
2022-08-17,4910,4915,4805,4815,46176,-0.011293634496919891
2022-08-18,4800,4980,4750,4910,134802,0.019730010384215957
2022-08-19,4910,4915,4785,4785,49171,-0.025458248472505107
2022-08-22,4725,4780,4600,4620,49240,-0.03448275862068961
2022-08-23,4505,4620,4485,4500,61147,-0.025974025974025983
2022-08-24,4450,4535,4450,4500,33794,0.0
2022-08-25,4465,4550,4450,4545,31234,0.010000000000000009
2022-08-26,4560,4640,4530,4545,24756,0.0
2022-08-29,4450,4450,4310,4365,67540,-0.03960396039603964
2022-08-30,4370,4435,4365,4435,27976,0.016036655211912887
2022-08-31,4380,4470,4370,4460,21529,0.005636978579481422
2022-09-01,4410,4455,4350,4355,36619,-0.023542600896861
2022-09-02,4380,5300,4380,4625,6560992,0.06199770378874847
2022-09-05,4620,4655,4480,4495,357624,-0.028108108108108154
2022-09-06,4495,4555,4480,4480,137300,-0.0033370411568409697
2022-09-07,4480,4510,4275,4280,212069,-0.044642857142857095
2022-09-08,4280,4360,4265,4280,96703,0.0
2022-09-13,4295,4700,4295,4585,501733,0.07126168224299056
2022-09-14,4440,4620,4400,4550,129416,-0.007633587786259555
2022-09-15,4555,4775,4555,4695,307404,0.03186813186813198
2022-09-16,4710,4760,4545,4595,121379,-0.021299254526091604
2022-09-19,4595,4595,4360,4395,169029,-0.043525571273122954
2022-09-20,4430,4460,4370,4400,74798,0.0011376564277587597
2022-09-21,4400,4440,4365,4395,38457,-0.001136363636363602
2022-09-22,4350,4685,4225,4345,163775,-0.011376564277588153
2022-09-23,4320,4345,4080,4130,133166,-0.04948216340621403
2022-09-26,4050,4100,3920,3945,121593,-0.044794188861985496
2022-09-27,3850,3990,3840,3920,150804,-0.006337135614702172
2022-09-28,3920,4060,3825,3905,102259,-0.003826530612244916
2022-09-29,3910,4070,3910,4005,57135,0.025608194622279035
2022-09-30,3910,4005,3860,3950,54920,-0.013732833957553092
2022-10-04,3980,4040,3980,4000,40187,0.012658227848101333
2022-10-05,4060,4080,3930,3930,71134,-0.01749999999999996
2022-10-06,3930,4065,3930,4050,39468,0.03053435114503822
2022-10-07,4040,4070,4000,4045,34822,-0.0012345679012345512
2022-10-11,3930,3930,3835,3850,76632,-0.04820766378244745
2022-10-12,3870,4355,3845,3870,538784,0.0051948051948051965
2022-10-13,3850,3885,3700,3705,110346,-0.04263565891472865
2022-10-14,3735,3870,3735,3840,64228,0.036437246963562764
2022-10-17,3760,3905,3735,3875,85738,0.00911458333333326
2022-10-18,3925,4095,3925,4075,92252,0.05161290322580636
2022-10-19,4075,4140,4000,4020,57910,-0.013496932515337456
2022-10-20,3980,4035,3940,3980,25216,-0.00995024875621886
2022-10-21,3940,3955,3875,3885,39870,-0.023869346733668362
2022-10-24,3900,3980,3900,3960,27367,0.019305019305019266
2022-10-25,3975,4035,3965,3980,38572,0.005050505050504972
2022-10-26,3995,3995,3925,3930,33108,-0.012562814070351758
2022-10-27,3935,3990,3910,3970,28081,0.010178117048346147
2022-10-28,3960,3970,3920,3950,22671,-0.005037783375314908
2022-10-31,3985,3985,3775,3945,32553,-0.0012658227848101333
2022-11-01,3920,3950,3900,3935,47434,-0.0025348542458808465
2022-11-02,3915,3945,3905,3925,26981,-0.0025412960609910717
2022-11-03,3900,3960,3870,3945,18410,0.005095541401273884
2022-11-04,3950,3950,3860,3890,28250,-0.013941698352344711
2022-11-07,3900,3940,3885,3890,31214,0.0
2022-11-08,3925,4105,3895,3950,171577,0.015424164524421524
2022-11-09,3955,4020,3935,3965,54000,0.0037974683544304
2022-11-10,3965,4040,3950,4035,77159,0.017654476670870167
2022-11-11,4120,4255,4115,4160,252603,0.030978934324659146
2022-11-14,4160,4405,4160,4380,188730,0.05288461538461542
2022-11-15,4365,4390,4280,4375,89080,-0.0011415525114155667
2022-11-16,4385,4455,4300,4455,92080,0.01828571428571424
2022-11-17,4440,4440,4360,4405,62009,-0.011223344556677839
2022-11-18,4400,4485,4370,4390,58594,-0.0034052213393870323
2022-11-21,4400,4400,4225,4260,42994,-0.029612756264236872
2022-11-22,4225,4250,4195,4215,19804,-0.010563380281690127
2022-11-23,4215,4260,4200,4225,45009,0.0023724792408066353
2022-11-24,4235,4250,4200,4250,33433,0.00591715976331364
2022-11-25,4250,4260,4175,4215,51026,-0.008235294117647007
2022-11-28,4240,4240,4095,4150,38960,-0.01542111506524313
2022-11-29,4095,4145,4070,4125,45597,-0.0060240963855421326
2022-11-30,4125,4150,4075,4140,24946,0.0036363636363636598
2022-12-01,4160,4260,4160,4210,35065,0.01690821256038655
2022-12-02,4195,4370,4175,4335,74720,0.029691211401425166
2022-12-05,4335,4430,4310,4405,57027,0.016147635524798254
2022-12-06,4380,4430,4290,4300,36637,-0.023836549375709448
2022-12-07,4280,4345,4260,4320,27186,0.0046511627906977715
2022-12-08,4295,4325,4240,4280,27278,-0.0092592592592593
2022-12-09,4290,4455,4235,4415,82050,0.031542056074766345
2022-12-12,4435,4490,4400,4445,90591,0.006795016987542368
2022-12-13,4445,4590,4440,4520,94991,0.01687289088863886
2022-12-14,4585,4585,4510,4530,57006,0.0022123893805310324
2022-12-15,4530,4655,4520,4610,151359,0.017660044150110465
2022-12-16,4530,4610,4500,4555,47584,-0.01193058568329719
2022-12-19,4550,4565,4365,4425,68121,-0.028540065861690445
2022-12-20,4400,4470,4340,4365,46314,-0.013559322033898313
2022-12-21,4450,4670,4400,4500,180473,0.030927835051546282
2022-12-22,4550,4550,4445,4470,42806,-0.00666666666666671
2022-12-23,4485,4485,4355,4405,44038,-0.014541387024608499
2022-12-26,4405,4450,4370,4410,40840,0.0011350737797957144
2022-12-27,4400,4800,4365,4410,105744,0.0
2022-12-28,4450,4645,4405,4545,167224,0.030612244897959107
2022-12-29,4520,4525,4350,4420,79115,-0.027502750275027465
2023-01-02,4420,4555,4400,4445,84943,0.005656108597285048
2023-01-03,4410,4465,4215,4405,122758,-0.008998875140607376
2023-01-04,4400,4540,4390,4525,54971,0.02724177071509648
2023-01-05,4530,4895,4460,4710,1037682,0.04088397790055254
2023-01-06,4700,4720,4615,4670,129324,-0.00849256900212314
2023-01-09,4700,4765,4675,4685,124042,0.0032119914346895317
2023-01-10,4700,4720,4625,4680,72515,-0.0010672358591248265
2023-01-11,4685,4830,4685,4770,161544,0.019230769230769162
2023-01-12,4765,4795,4715,4760,80388,-0.002096436058700246
2023-01-13,4735,4790,4700,4735,50975,-0.005252100840336116
2023-01-16,4760,4760,4675,4705,56005,-0.006335797254487852
2023-01-17,4680,4745,4580,4600,81732,-0.022316684378320906
2023-01-18,4580,4635,4550,4610,62060,0.0021739130434783593
2023-01-19,4600,4610,4540,4585,41285,-0.005422993492407824
2023-01-20,4585,4605,4560,4585,27818,0.0
2023-01-25,4600,4665,4595,4655,39996,0.01526717557251911
2023-01-26,4665,4720,4635,4670,49074,0.0032223415682062218
2023-01-27,4695,4765,4670,4720,62524,0.010706638115631772
2023-01-30,4720,4750,4630,4645,43732,-0.01588983050847459
2023-01-31,4630,4685,4595,4650,26126,0.0010764262648008671
2023-02-01,4650,4840,4640,4840,126338,0.04086021505376336
2023-02-02,4840,4875,4790,4835,87429,-0.0010330578512396382
2023-02-03,4835,4840,4765,4780,65190,-0.011375387797311287
2023-02-06,4750,4780,4720,4765,41358,-0.003138075313807498
2023-02-07,4730,4880,4730,4855,91054,0.018887722980063026
2023-02-08,4855,4865,4770,4850,76764,-0.001029866117404743
2023-02-09,4840,4870,4805,4855,45344,0.0010309278350515427
2023-02-10,4855,4865,4725,4745,88599,-0.022657054582904235
2023-02-13,4745,4745,4680,4720,45032,-0.005268703898840932
2023-02-14,4730,4770,4675,4705,54814,-0.0031779661016949623
2023-02-15,4700,4725,4575,4625,88220,-0.01700318809776835
2023-02-16,4630,4705,4630,4650,37782,0.00540540540540535
2023-02-17,4650,4875,4595,4695,119357,0.00967741935483879
2023-02-20,4690,4795,4645,4750,87131,0.011714589989350266
2023-02-21,4750,4895,4725,4830,147914,0.01684210526315799
2023-02-22,4780,4980,4735,4845,147167,0.0031055900621117516
2023-02-23,5100,5230,4695,4695,1409563,-0.03095975232198145
2023-02-24,4720,4730,4660,4680,118141,-0.0031948881789137795
2023-02-27,4690,4810,4595,4795,186150,0.024572649572649485
2023-02-28,4760,4890,4760,4775,80679,-0.004171011470281538
2023-03-02,4780,5000,4780,4990,297715,0.04502617801047126
2023-03-03,5030,5030,4770,4905,137540,-0.017034068136272507
2023-03-06,4915,4915,4830,4845,88911,-0.012232415902140636
2023-03-07,4845,5030,4815,4995,144062,0.030959752321981338
2023-03-08,4990,5400,4935,5000,1941256,0.0010010010010010895
2023-03-09,4995,5130,4900,5050,228891,0.010000000000000009
2023-03-10,5020,5030,4810,4825,157633,-0.044554455445544594
2023-03-13,4750,4765,4530,4660,292528,-0.03419689119170988
2023-03-14,4665,4665,4420,4425,214108,-0.05042918454935619
2023-03-15,4465,4550,4435,4455,98487,0.006779661016949046
2023-03-16,4455,4455,4325,4340,123792,-0.02581369248035914
2023-03-17,4370,4550,4370,4530,113756,0.04377880184331806
2023-03-20,4485,4640,4485,4590,88330,0.013245033112582849
2023-03-21,4850,4970,4675,4795,742786,0.04466230936819171
2023-03-22,4855,4950,4795,4865,366373,0.014598540145985384
2023-03-23,4810,4825,4615,4615,265973,-0.05138746145940387
2023-03-24,4620,4840,4620,4820,212315,0.044420368364030294
2023-03-27,4820,5120,4685,5110,428952,0.06016597510373445
2023-03-28,5040,5080,4900,4965,300114,-0.02837573385518588
2023-03-29,4920,5000,4725,4770,310427,-0.0392749244712991
2023-03-30,4775,4860,4715,4780,191404,0.002096436058700135
2023-03-31,4760,4775,4595,4630,223978,-0.03138075313807531
2023-04-03,4700,4715,4575,4590,102489,-0.008639308855291628
2023-04-04,4580,4825,4580,4825,191783,0.05119825708060999
2023-04-05,4780,5980,4740,5740,10353319,0.18963730569948178
2023-04-06,5740,5750,5410,5460,1145542,-0.04878048780487809
2023-04-07,5550,5560,5350,5550,591465,0.016483516483516425
2023-04-10,5560,5560,5250,5440,679450,-0.01981981981981984
2023-04-11,5410,5490,5300,5370,354123,-0.012867647058823484
2023-04-12,5330,5580,5280,5580,614465,0.03910614525139655
2023-04-13,5600,5600,5380,5490,404411,-0.016129032258064502
2023-04-14,5540,6080,5460,5600,2593311,0.020036429872495543
2023-04-17,5600,5600,5240,5360,456489,-0.042857142857142816
2023-04-18,5360,5460,5320,5320,297140,-0.007462686567164201
2023-04-19,5350,5380,5260,5330,242756,0.001879699248120259
2023-04-20,5310,5380,5100,5100,313084,-0.04315196998123827
2023-04-21,5070,5320,5010,5170,303983,0.013725490196078383
2023-04-24,5200,5420,5080,5290,349742,0.023210831721470093
2023-04-25,5350,5400,5210,5300,181822,0.001890359168241984
2023-04-26,5390,5580,5160,5580,619699,0.05283018867924527
2023-04-27,5590,5600,5140,5260,351031,-0.05734767025089604
2023-04-28,5260,5390,5100,5210,201940,-0.009505703422053258
2023-05-02,5210,5370,5160,5350,99331,0.026871401151631558
2023-05-03,5270,5370,5150,5270,96040,-0.01495327102803734
2023-05-04,5270,5430,5220,5310,120595,0.007590132827324458
2023-05-08,5330,5440,5280,5360,113234,0.009416195856873921
2023-05-09,5420,5640,5330,5490,455152,0.02425373134328357
2023-05-10,5540,5540,5390,5450,133620,-0.007285974499089298
2023-05-11,5460,5580,5450,5460,168575,0.0018348623853210455
2023-05-12,5480,5490,5330,5360,121796,-0.01831501831501836
2023-05-15,5390,5390,5150,5180,130824,-0.03358208955223885
2023-05-16,5260,5370,5170,5190,101784,0.0019305019305020377
2023-05-17,5190,5330,5190,5290,60599,0.019267822736030782
2023-05-18,5290,5350,5230,5280,74996,-0.001890359168241984
2023-05-19,5290,5360,5250,5350,115092,0.01325757575757569
2023-05-22,5310,5470,5310,5470,129542,0.02242990654205612
2023-05-23,5490,5530,5430,5480,125806,0.001828153564899404
2023-05-24,5480,5530,5420,5460,78092,-0.0036496350364964014
2023-05-25,5460,5480,5240,5280,134808,-0.03296703296703296
2023-05-26,5290,5340,5180,5180,97277,-0.018939393939393923
2023-05-30,5220,5290,5180,5260,43508,0.015444015444015413
2023-05-31,5260,5470,5210,5260,126275,0.0
2023-06-01,5260,5450,5210,5400,158864,0.026615969581748944
2023-06-02,5420,5420,5320,5410,52389,0.0018518518518517713
2023-06-05,5410,5410,5270,5330,67759,-0.014787430683918634
2023-06-07,5350,5350,5210,5210,128141,-0.022514071294559068
2023-06-08,5230,5230,5060,5120,150440,-0.017274472168905985
2023-06-09,5150,5180,5050,5050,99891,-0.013671875
2023-06-12,5090,5090,4950,5030,116605,-0.003960396039603964
2023-06-13,5030,5070,4975,4980,86462,-0.00994035785288272
2023-06-14,4950,5050,4695,4735,369190,-0.04919678714859432
2023-06-15,4735,4800,4645,4695,125619,-0.008447729672650506
2023-06-16,4700,4845,4675,4715,128492,0.004259850905218299
2023-06-19,4730,4820,4630,4820,118235,0.022269353128313796
2023-06-20,4765,4800,4670,4680,119625,-0.02904564315352698
2023-06-21,4725,4725,4535,4585,116881,-0.020299145299145338
2023-06-22,4585,4585,4435,4475,106199,-0.02399127589967287
2023-06-23,4495,4520,4430,4450,57201,-0.005586592178770999
2023-06-26,4450,4615,4345,4525,173323,0.016853932584269593
2023-06-27,4525,4680,4405,4495,149473,-0.006629834254143652
2023-06-28,4540,4540,4450,4460,67931,-0.007786429365962189
2023-06-29,4430,4470,4325,4470,133672,0.0022421524663676085
2023-06-30,4420,4425,4350,4400,78769,-0.015659955257270708
2023-07-03,4410,4475,4320,4380,132839,-0.004545454545454519
2023-07-04,4390,4395,4030,4185,478501,-0.044520547945205435
2023-07-05,4175,4250,4080,4100,210001,-0.020310633213859064
2023-07-06,4150,4740,4095,4195,2485780,0.023170731707317094
2023-07-07,4195,4205,4005,4075,259838,-0.028605482717520836
2023-07-10,4075,4220,4005,4075,147678,0.0
2023-07-11,4075,4150,4020,4050,93889,-0.006134969325153339
2023-07-12,4070,4140,4025,4100,97551,0.012345679012345734
2023-07-13,4130,4720,4085,4350,2966475,0.060975609756097615
2023-07-14,4285,4300,4205,4260,205990,-0.020689655172413834
2023-07-17,4260,4295,4180,4295,103234,0.008215962441314506
2023-07-18,4270,4650,4210,4385,1096614,0.020954598370197974
2023-07-19,4410,4410,4255,4315,333699,-0.015963511972634015
2023-07-20,4315,4365,4280,4285,144607,-0.006952491309385911
2023-07-21,4230,4495,4230,4370,361224,0.019836639439906545
2023-07-24,4410,4420,4240,4270,190282,-0.022883295194508046
2023-07-25,4275,4295,4070,4070,171867,-0.04683840749414525
2023-07-26,4095,4120,3760,3875,396965,-0.04791154791154795
2023-07-27,3860,4145,3860,4135,145879,0.06709677419354843
2023-07-28,4170,4190,4030,4180,70058,0.010882708585247869
2023-07-31,4180,4200,4115,4185,71853,0.0011961722488038617
2023-08-01,4160,4310,4110,4255,86765,0.016726403823178027
2023-08-02,4255,4325,4130,4180,80876,-0.01762632197414804
2023-08-03,4080,4330,4080,4310,125836,0.031100478468899517
2023-08-04,4320,4330,4165,4220,152258,-0.02088167053364265
2023-08-07,4220,4680,4165,4260,4901622,0.009478672985782088
2023-08-08,4270,4290,4150,4200,358582,-0.014084507042253502
2023-08-09,4170,4540,4170,4505,500538,0.07261904761904758
2023-08-10,4520,4630,4455,4515,244276,0.002219755826859071
2023-08-11,4500,4580,4410,4525,209637,0.00221483942414169
2023-08-14,4450,4610,4430,4480,333170,-0.009944751381215422
2023-08-16,4390,4525,4315,4435,286760,-0.010044642857142905
2023-08-17,4435,4480,4315,4355,207946,-0.018038331454340528
2023-08-18,4340,5120,4270,4655,5166227,0.06888633754305395
2023-08-21,4615,4700,4445,4600,549467,-0.011815252416756183
2023-08-22,4610,4730,4500,4550,449426,-0.010869565217391353
2023-08-23,4550,4670,4510,4515,260340,-0.007692307692307665
2023-08-24,4550,4630,4525,4615,183203,0.02214839424141757
2023-08-25,4570,4775,4570,4750,449641,0.02925243770314201
2023-08-28,4775,4790,4590,4630,352047,-0.025263157894736876
2023-08-29,4650,4830,4615,4720,530911,0.01943844492440605
2023-08-30,4730,4810,4645,4780,321139,0.012711864406779627
2023-08-31,4760,5000,4560,4595,823333,-0.03870292887029292
2023-09-01,4625,4725,4580,4600,268556,0.0010881392818280489
2023-09-04,4600,4600,4495,4595,207007,-0.0010869565217391797
2023-09-05,4535,4985,4435,4440,1039947,-0.03373231773667029
2023-09-06,4425,4795,4385,4535,4602004,0.021396396396396344
2023-09-07,4535,4575,4430,4470,359407,-0.01433296582138921
2023-09-08,4465,4910,4445,4620,1218043,0.033557046979865834
2023-09-11,4615,4850,4615,4765,524763,0.031385281385281294
2023-09-12,4790,4925,4710,4770,410616,0.0010493179433368471
2023-09-13,5000,5110,4500,4555,1574766,-0.04507337526205446
2023-09-14,4540,4590,4490,4510,161837,-0.009879253567508184
2023-09-15,4510,4565,4505,4545,117087,0.0077605321507761005
2023-09-18,4555,4580,4460,4500,109268,-0.00990099009900991
2023-09-19,4500,4520,4445,4450,105537,-0.011111111111111072
2023-09-20,4405,4430,4290,4315,212203,-0.030337078651685445
2023-09-21,4280,4360,4235,4235,151973,-0.018539976825028948
2023-09-22,4180,4265,4175,4195,98907,-0.009445100354191216
2023-09-25,4170,4260,4120,4120,82101,-0.017878426698450522
2023-09-26,4120,4165,4020,4020,85216,-0.024271844660194164
2023-09-27,3980,4165,3960,4160,50510,0.03482587064676612
2023-10-04,4120,4130,3985,3995,139044,-0.039663461538461564
2023-10-05,4020,4045,3875,3880,136033,-0.028785982478097605
2023-10-06,3880,4185,3880,4135,144110,0.06572164948453607
2023-10-10,4140,4165,3995,4000,95208,-0.03264812575574361
2023-10-11,4010,4135,4010,4090,81555,0.022499999999999964
2023-10-12,4090,4250,4090,4130,131213,0.009779951100244544
2023-10-13,4095,4150,4055,4100,45234,-0.007263922518159771
2023-10-16,4050,4100,3930,3950,103430,-0.03658536585365857
2023-10-17,4000,4040,3965,4010,42394,0.0151898734177216
2023-10-18,4005,4020,3905,3940,63471,-0.017456359102244412
2023-10-19,3900,3925,3840,3860,89970,-0.02030456852791873
2023-10-20,3860,3875,3730,3835,119398,-0.006476683937823857
2023-10-23,3855,4005,3810,3850,110252,0.003911342894393766
2023-10-24,3830,3980,3740,3965,90201,0.029870129870129825
2023-10-25,3990,4220,3845,4080,354835,0.029003783102143688
2023-10-26,4080,4240,3820,3830,818388,-0.06127450980392157
2023-10-27,3935,4030,3830,3975,193349,0.037859007832898195
2023-10-30,3920,3990,3910,3975,81278,0.0
2023-10-31,3975,3980,3850,3850,83316,-0.03144654088050314
2023-11-01,3830,3920,3830,3870,68307,0.0051948051948051965
2023-11-02,3880,3980,3880,3950,73401,0.02067183462532296
2023-11-03,3965,4020,3950,3960,77042,0.0025316455696202667
2023-11-06,4035,4085,3970,4055,104013,0.023989898989899006
2023-11-07,4055,4110,4005,4065,96489,0.002466091245376001
2023-11-08,4070,4165,4055,4070,74595,0.0012300123001229846
2023-11-09,4050,4085,4010,4060,91540,-0.002457002457002422
2023-11-10,4110,4350,3950,3990,544231,-0.017241379310344862
2023-11-13,4040,4155,3960,3960,179426,-0.007518796992481258
2023-11-14,4025,4080,3995,4045,56019,0.02146464646464641
2023-11-15,4085,4150,4065,4130,133754,0.021013597033374465
2023-11-16,4120,4150,4090,4130,58451,0.0
2023-11-17,4190,4220,4070,4155,124830,0.006053268765133124
2023-11-20,4155,4205,4130,4170,108420,0.0036101083032491488
2023-11-21,4180,4210,4150,4195,71493,0.005995203836930418
2023-11-22,4195,4195,4090,4120,86330,-0.017878426698450522
2023-11-23,4150,4190,4115,4150,71513,0.00728155339805836
2023-11-24,4130,4195,4125,4150,69327,0.0
2023-11-27,4145,4195,4070,4120,102473,-0.0072289156626506035
2023-11-28,4120,4150,4095,4145,48438,0.0060679611650484855
2023-11-29,4145,4260,4090,4120,156013,-0.006031363088057851
2023-11-30,4105,4120,4070,4120,64768,0.0
2023-12-01,4115,4155,4085,4150,74666,0.00728155339805836
2023-12-04,4125,4175,4070,4155,167940,0.00120481927710836
2023-12-05,4175,4300,4160,4205,382595,0.012033694344163681
2023-12-06,4240,4240,4145,4215,137337,0.0023781212841855748
2023-12-07,4220,4300,4170,4215,166810,0.0
2023-12-08,4220,4245,4160,4180,89482,-0.008303677342823224
2023-12-11,4200,4275,4185,4220,110762,0.009569377990430672
2023-12-12,4220,4235,4180,4210,65744,-0.0023696682464454666
2023-12-13,4210,4210,4155,4180,66114,-0.0071258907363420665
2023-12-14,4200,4215,4150,4155,99901,-0.005980861244019087
2023-12-15,4155,4210,4150,4205,79542,0.012033694344163681
2023-12-18,4205,4240,4175,4200,55260,-0.0011890606420927874
2023-12-19,4190,4250,4170,4220,69022,0.004761904761904745
2023-12-20,4230,4365,4230,4255,207949,0.0082938388625593
2023-12-21,4250,4350,4240,4340,179632,0.0199764982373678
2023-12-22,4345,4400,4295,4300,164349,-0.009216589861751112
2023-12-26,4305,4440,4270,4275,205874,-0.005813953488372103
2023-12-27,4295,4440,4295,4405,229672,0.03040935672514622
2023-12-28,4410,4470,4360,4470,123084,0.014755959137343844
2024-01-02,4485,4595,4445,4590,327175,0.02684563758389258
2024-01-03,4900,4900,4520,4520,905704,-0.015250544662309351
2024-01-04,4510,4510,4365,4395,269812,-0.027654867256637128
2024-01-05,4375,4425,4335,4350,134445,-0.010238907849829393
2024-01-08,4350,4450,4345,4380,153952,0.006896551724137945
2024-01-09,4385,4450,4375,4445,112988,0.014840182648401923
2024-01-10,4440,4520,4395,4455,149014,0.0022497187851517886
2024-01-11,4460,4495,4410,4450,115317,-0.001122334455667784
2024-01-12,4450,4450,4235,4270,211055,-0.04044943820224722
2024-01-15,4270,4275,4180,4200,162305,-0.016393442622950838
2024-01-16,4210,4330,4185,4265,130788,0.015476190476190421
2024-01-17,4265,4300,4055,4090,172652,-0.041031652989449
2024-01-18,4110,4200,4095,4140,80705,0.012224938875305513
2024-01-19,4145,4205,4090,4095,112648,-0.010869565217391353
2024-01-22,4145,4185,4050,4095,101312,0.0
2024-01-23,4100,4175,4080,4160,86495,0.015873015873015817
2024-01-24,4160,4185,4105,4140,76458,-0.004807692307692291
2024-01-25,4140,4145,4025,4055,109827,-0.020531400966183555
2024-01-26,4055,4145,4015,4090,102072,0.008631319358816336
2024-01-29,4050,4210,4050,4160,193358,0.017114914425427896
2024-01-30,4150,4215,4130,4165,91171,0.0012019230769231282
2024-01-31,4120,4170,4065,4115,105956,-0.01200480192076836
2024-02-01,4060,4150,4060,4120,88515,0.0012150668286756705
2024-02-02,4120,4235,4120,4165,112076,0.010922330097087318
2024-02-05,4155,4200,4125,4165,88653,0.0
2024-02-06,4165,4165,4085,4100,61748,-0.015606242496998823
2024-02-07,4100,4155,4075,4100,75329,0.0
2024-02-08,4120,4125,4070,4105,110251,0.0012195121951219523
2024-02-13,4115,4155,4090,4130,55381,0.006090133982947554
2024-02-14,4115,4130,4050,4125,100220,-0.001210653753026647
2024-02-15,4110,4130,4085,4115,59987,-0.00242424242424244
2024-02-16,4120,4175,4090,4160,64013,0.010935601458080146
2024-02-19,4170,4230,4140,4225,99242,0.015625
2024-02-20,4225,4235,4145,4175,73318,-0.011834319526627168
2024-02-21,4170,4210,4125,4170,88368,-0.0011976047904191933
2024-02-22,4195,4195,4110,4135,68061,-0.008393285371702586
2024-02-23,4145,4330,4135,4250,348989,0.027811366384522307
2024-02-26,4260,4360,4220,4270,186939,0.004705882352941115
2024-02-27,4270,4330,4180,4250,165725,-0.004683840749414525
2024-02-28,4240,4615,4180,4360,1344568,0.025882352941176467
2024-02-29,4360,4400,4310,4335,213564,-0.005733944954128489
2024-03-04,4335,4355,4275,4325,176061,-0.0023068050749711633
2024-03-05,4330,4350,4265,4305,108218,-0.0046242774566473965
2024-03-06,4300,4340,4180,4205,148943,-0.023228803716608626
2024-03-07,4255,4255,4135,4150,121492,-0.013079667063020217
2024-03-08,4150,4360,4130,4350,332403,0.04819277108433728
2024-03-11,4350,4445,4335,4365,194221,0.0034482758620688614
2024-03-12,4370,4390,4315,4350,103850,-0.0034364261168384758
2024-03-13,4355,4380,4285,4320,138370,-0.006896551724137945
2024-03-14,4340,4345,4225,4315,134679,-0.0011574074074074403
2024-03-15,4300,4305,4175,4195,159599,-0.02780996523754342
2024-03-18,4195,4330,4165,4305,218806,0.026221692491060766
2024-03-19,4320,4320,4215,4250,82123,-0.012775842044134733
2024-03-20,4250,4445,4235,4395,298598,0.034117647058823586
2024-03-21,4405,4475,4370,4395,147341,0.0
2024-03-22,4410,4510,4375,4485,257044,0.020477815699658786
2024-03-25,4525,4580,4485,4565,256338,0.01783723522853964
2024-03-26,4555,4570,4480,4505,162058,-0.013143483023001057
2024-03-27,4505,4525,4390,4420,175843,-0.018867924528301883
2024-03-28,4420,4465,4380,4415,91331,-0.0011312217194570096
2024-03-29,4430,4455,4330,4375,102905,-0.009060022650056676
2024-04-01,4390,4415,4355,4400,77360,0.005714285714285783
2024-04-02,4400,4400,4225,4260,211356,-0.03181818181818186
2024-04-03,4260,4260,4150,4230,120055,-0.007042253521126751
2024-04-04,4230,4240,4150,4175,103806,-0.013002364066193817
2024-04-05,4140,4160,4090,4090,137017,-0.02035928143712573
2024-04-08,4090,4105,4035,4060,117734,-0.007334963325183352
2024-04-09,4170,4170,4015,4030,119263,-0.007389162561576401
2024-04-11,4030,4050,3950,4000,119958,-0.007444168734491274
2024-04-12,4000,4015,3955,4005,76875,0.0012499999999999734
2024-04-15,3940,3985,3905,3915,103731,-0.022471910112359605
2024-04-16,3905,3915,3790,3815,170821,-0.025542784163473775
2024-04-17,3890,3890,3805,3840,87911,0.006553079947575258
2024-04-18,3805,3935,3800,3895,65172,0.01432291666666674
2024-04-19,3915,3915,3785,3840,90408,-0.014120667522464658
2024-04-22,3840,3900,3840,3900,86352,0.015625
2024-04-23,3915,3940,3880,3910,42845,0.002564102564102555
2024-04-24,3910,3950,3905,3940,28297,0.007672634271099765
2024-04-25,3930,3945,3900,3920,33413,-0.005076142131979711
2024-04-26,3920,3925,3885,3915,44021,-0.0012755102040816757
2024-04-29,3920,3950,3900,3930,34981,0.003831417624521105
2024-04-30,3930,4010,3930,3980,61877,0.012722646310432628
2024-05-02,4020,4030,3940,3995,50652,0.0037688442211054607
2024-05-03,4040,4040,3970,3995,26869,0.0
2024-05-07,4010,4030,3970,4000,54622,0.0012515644555695093
2024-05-08,4015,4035,3995,4010,32247,0.0024999999999999467
2024-05-09,4000,4015,3995,4010,24595,0.0
2024-05-10,4010,4025,3985,4000,31174,-0.0024937655860348684
2024-05-13,3995,4030,3910,3965,67989,-0.008750000000000036
2024-05-14,3985,3985,3920,3965,54930,0.0
2024-05-16,3970,4000,3950,3970,50207,0.0012610340479193294
2024-05-17,4000,4000,3940,3945,32764,-0.006297229219143552
2024-05-20,3950,3970,3915,3920,61561,-0.006337135614702172
2024-05-21,3940,3940,3865,3925,56674,0.0012755102040815647
2024-05-22,3940,3940,3865,3920,48545,-0.001273885350318471
2024-05-23,3920,3925,3840,3905,56232,-0.003826530612244916
2024-05-24,3885,3910,3850,3910,46428,0.001280409731113874
2024-05-27,3880,3920,3865,3905,40803,-0.0012787723785165905
2024-05-28,3890,3935,3870,3910,22991,0.001280409731113874
2024-05-29,3910,3915,3865,3905,73517,-0.0012787723785165905
2024-05-30,3910,3930,3865,3930,30805,0.006402048655569814
2024-05-31,3930,3930,3845,3845,63895,-0.021628498727735423
2024-06-03,3850,3905,3830,3890,53655,0.011703511053315907
2024-06-04,3855,3935,3855,3890,62644,0.0
2024-06-05,3895,3895,3830,3880,59721,-0.0025706940874036244
2024-06-07,3870,3955,3850,3930,85369,0.012886597938144284
2024-06-10,3935,3935,3865,3895,30216,-0.008905852417302795
2024-06-11,3895,3905,3870,3885,35974,-0.0025673940949936247
2024-06-12,3895,3895,3855,3855,39219,-0.007722007722007707
2024-06-13,3870,3885,3835,3850,50217,-0.0012970168612191912
2024-06-14,3850,3850,3795,3800,75569,-0.012987012987012991
2024-06-17,3790,3820,3750,3775,49576,-0.006578947368421018
2024-06-18,3775,3795,3745,3745,48827,-0.007947019867549643
2024-06-19,3725,3825,3690,3810,258924,0.01735647530040052
2024-06-20,3940,4030,3795,3800,627943,-0.002624671916010457
2024-06-21,3820,3840,3710,3715,108768,-0.022368421052631593
2024-06-24,3705,3755,3690,3710,81428,-0.0013458950201884479
2024-06-25,3745,3745,3700,3705,34926,-0.0013477088948786742
2024-06-26,3705,3725,3680,3710,38861,0.0013495276653170407
2024-06-27,3675,3730,3675,3690,41616,-0.005390835579514808
2024-06-28,3695,3700,3670,3695,41550,0.0013550135501354532
2024-07-01,3695,3770,3675,3765,80106,0.018944519621109546
2024-07-02,3765,3765,3720,3760,38463,-0.0013280212483399723
2024-07-03,3760,3765,3705,3705,51966,-0.0146276595744681
2024-07-04,3710,3800,3705,3710,91649,0.0013495276653170407
2024-07-05,3700,3835,3700,3785,116080,0.020215633423180668
2024-07-08,3805,3850,3785,3820,70446,0.009247027741083214
2024-07-09,3820,3850,3815,3840,33997,0.005235602094240788
2024-07-10,3850,3980,3825,3980,153531,0.03645833333333326
2024-07-11,3975,3975,3900,3960,51661,-0.005025125628140725
2024-07-12,4000,4060,3825,3980,219125,0.005050505050504972
2024-07-15,3970,3985,3915,3985,64349,0.0012562814070351536
2024-07-16,3980,3980,3880,3930,61505,-0.013801756587201952
2024-07-17,3930,3985,3915,3950,50984,0.0050890585241729624
2024-07-18,3940,3950,3850,3935,27149,-0.0037974683544304
2024-07-19,3905,3950,3865,3875,22915,-0.015247776365946653
2024-07-22,3880,3895,3800,3845,55355,-0.007741935483870921
2024-07-23,3845,3925,3840,3875,48567,0.007802340702210753
2024-07-24,3790,3960,3740,3930,119639,0.014193548387096744
2024-07-25,3880,3950,3860,3925,72493,-0.0012722646310432406
2024-07-26,3925,3990,3925,3980,77888,0.014012738853503182
2024-07-29,3995,4010,3960,4000,84786,0.005025125628140614
2024-07-30,3960,4010,3910,3945,80936,-0.01375000000000004
2024-07-31,3905,4000,3885,3930,65900,-0.0038022813688213253
2024-08-01,3930,3975,3925,3945,27026,0.003816793893129722
2024-08-02,3915,3940,3780,3805,77337,-0.03548795944233207
2024-08-05,3805,3805,2800,3290,318919,-0.1353482260183968
2024-08-06,3120,3480,3120,3360,205011,0.02127659574468077
2024-08-07,3315,3595,3300,3560,194106,0.059523809523809534
2024-08-08,3560,3655,3520,3645,91102,0.023876404494381998
2024-08-09,3640,3700,3640,3670,46940,0.006858710562414272
2024-08-12,3670,3735,3670,3705,48716,0.0095367847411445
2024-08-13,3750,3750,3580,3645,58527,-0.01619433198380571
2024-08-14,3650,3710,3640,3705,33633,0.016460905349794164
2024-08-16,3715,3790,3705,3790,84459,0.02294197031039147
2024-08-19,3790,3910,3755,3865,135416,0.01978891820580464
2024-08-20,3930,3930,3815,3850,48440,-0.0038809831824062613
2024-08-21,3890,3920,3815,3840,111977,-0.0025974025974025983
2024-08-22,3885,3885,3760,3785,68963,-0.01432291666666663
2024-08-23,3790,3795,3735,3755,46762,-0.00792602377807139
2024-08-26,3745,3760,3650,3680,55404,-0.01997336884154466
2024-08-27,3685,3690,3640,3675,38637,-0.0013586956521739468
2024-08-28,3700,3950,3650,3820,233618,0.039455782312925125
2024-08-29,3820,3820,3700,3765,93959,-0.014397905759162333
2024-08-30,3730,3850,3730,3850,48346,0.02257636122177953
2024-09-02,3850,3850,3735,3765,39114,-0.02207792207792203
2024-09-03,3785,3840,3695,3720,53506,-0.01195219123505975
2024-09-04,3650,3715,3570,3570,95976,-0.040322580645161255
2024-09-05,3580,3610,3445,3450,75008,-0.03361344537815125
2024-09-06,3470,3485,3330,3365,88735,-0.024637681159420333
2024-09-09,3345,3450,3210,3445,42940,0.023774145616641817
2024-09-10,3445,3490,3405,3440,47435,-0.0014513788098693414
2024-09-11,3445,3490,3390,3425,52824,-0.0043604651162790775
2024-09-12,3420,3480,3420,3475,40415,0.014598540145985384
2024-09-13,3405,3490,3400,3470,35986,-0.0014388489208633226
2024-09-19,3470,3560,3470,3515,50900,0.012968299711815456
2024-09-20,3505,3590,3505,3565,61367,0.014224751066856278
2024-09-23,3565,3585,3545,3545,28658,-0.005610098176718092
2024-09-24,3515,3560,3485,3525,37019,-0.005641748942172065
2024-09-25,3495,3550,3490,3525,31880,0.0
2024-09-26,3525,3545,3495,3535,63399,0.0028368794326241176
2024-09-27,3555,3555,3475,3495,42534,-0.011315417256011262
2024-09-30,3515,3515,3415,3460,44892,-0.010014306151645225
2024-10-02,3425,3445,3370,3380,44341,-0.023121387283236983
2024-10-04,3350,3465,3350,3405,60737,0.007396449704142105
2024-10-07,3405,3495,3405,3490,52508,0.02496328928046987
2024-10-08,3540,3640,3470,3505,92689,0.004297994269341077
2024-10-10,3505,3515,3375,3400,90465,-0.029957203994293913
2024-10-11,3405,3445,3395,3415,33099,0.004411764705882337
2024-10-14,3415,3420,3345,3405,26812,-0.002928257686676372
2024-10-15,3400,3425,3370,3405,31028,0.0
2024-10-16,3425,3855,3425,3600,3105851,0.05726872246696035
2024-10-17,3580,4150,3485,3750,3905749,0.04166666666666674
2024-10-18,3730,3930,3680,3715,864365,-0.009333333333333305
2024-10-21,3740,3760,3675,3700,322314,-0.004037685060565233
2024-10-22,3685,3710,3540,3540,278865,-0.043243243243243246
2024-10-23,3535,3640,3535,3550,133456,0.0028248587570620654
2024-10-24,3580,3580,3455,3470,122307,-0.022535211267605604
2024-10-25,3450,3470,3350,3350,169532,-0.03458213256484155
2024-10-28,3350,3430,3350,3425,70366,0.02238805970149249
2024-10-29,3435,3680,3350,3380,566689,-0.013138686131386912
2024-10-30,3405,3425,3380,3395,49837,0.004437869822485174
2024-10-31,3360,3465,3340,3445,79108,0.014727540500736325
2024-11-01,3400,3425,3365,3375,30980,-0.020319303338171224
2024-11-04,3365,3435,3350,3435,65362,0.01777777777777767
2024-11-05,3405,3440,3385,3435,38825,0.0
2024-11-06,3440,3470,3355,3380,61470,-0.01601164483260553
2024-11-07,3385,3410,3310,3400,109687,0.00591715976331364
2024-11-08,3370,3430,3350,3390,56603,-0.002941176470588225
2024-11-11,3390,3390,3295,3390,163198,0.0
2024-11-12,3355,3400,3315,3340,96488,-0.014749262536873142
2024-11-13,3290,3340,3160,3165,185646,-0.05239520958083832
2024-11-14,3125,3205,3115,3180,130859,0.004739336492890933
2024-11-15,3150,3185,3095,3180,98034,0.0
2024-11-18,3180,3250,3135,3200,65450,0.0062893081761006275
2024-11-19,3205,3410,3205,3395,142198,0.06093750000000009
2024-11-20,3395,3410,3355,3395,60159,0.0
2024-11-21,3445,3445,3365,3385,57864,-0.002945508100147265
2024-11-22,3385,3400,3365,3395,62899,0.002954209748892156
2024-11-25,3510,3570,3400,3425,153269,0.008836524300441795
2024-11-26,3405,3445,3300,3385,52803,-0.011678832116788329
2024-11-27,3355,3450,3355,3395,88624,0.002954209748892156
2024-11-28,3375,3430,3375,3385,39579,-0.002945508100147265
2024-11-29,3400,3400,3285,3315,78428,-0.020679468242245203
2024-12-02,3310,3315,3195,3215,114153,-0.0301659125188537
2024-12-03,3195,3235,3185,3230,53974,0.004665629860031162
2024-12-04,3130,3250,3120,3160,105565,-0.021671826625387025
2024-12-05,3160,3175,3050,3175,126623,0.004746835443038
2024-12-06,3075,3130,2960,3035,245348,-0.04409448818897643
2024-12-09,3005,3035,2760,2950,300357,-0.028006589785831926
2024-12-10,2935,3070,2905,3010,95691,0.02033898305084736
2024-12-11,3010,3145,3010,3135,70270,0.04152823920265791
2024-12-12,3120,3225,3120,3205,79728,0.022328548644338087
2024-12-13,3165,3295,3165,3295,123563,0.02808112324492984
2024-12-16,3265,3315,3265,3295,42131,0.0
2024-12-17,3315,3315,3210,3265,65473,-0.009104704097116834
2024-12-18,3285,3285,3220,3270,25936,0.0015313935681469104
2024-12-19,3230,3290,3185,3265,116437,-0.001529051987767538
2024-12-20,3230,3265,3090,3090,75851,-0.05359877488514553
2024-12-23,3150,3245,3150,3240,64034,0.04854368932038833
2024-12-24,3210,3240,3055,3210,122225,-0.0092592592592593
2024-12-26,3210,3220,3115,3140,71269,-0.02180685358255452
2024-12-27,3085,3140,3050,3105,59923,-0.011146496815286677
