Date,Open,High,Low,Close,Volume,Change
2022-01-03,42700,42700,41900,42400,38171,-0.0046948356807511304
2022-01-04,42450,42700,41950,42700,39903,0.007075471698113178
2022-01-05,42700,42700,41700,41700,45519,-0.023419203747072626
2022-01-06,41500,42300,41250,41750,33734,0.0011990407673860837
2022-01-07,41750,42200,41300,41550,36517,-0.004790419161676662
2022-01-10,41550,41550,40750,40800,34492,-0.018050541516245522
2022-01-11,40750,41200,40100,40250,56615,-0.013480392156862697
2022-01-12,40750,40900,40200,40850,57055,0.014906832298136719
2022-01-13,41200,41400,40800,40850,34940,0.0
2022-01-14,40650,40650,40350,40550,37667,-0.007343941248470043
2022-01-17,40550,40650,39950,40200,49117,-0.008631319358816225
2022-01-18,39650,40700,39500,39700,45535,-0.01243781094527363
2022-01-19,39500,39600,38650,39600,97252,-0.0025188916876573986
2022-01-20,39400,41100,39250,41100,47010,0.037878787878787845
2022-01-21,40100,40750,40050,40500,36765,-0.014598540145985384
2022-01-24,40500,41400,40350,40550,37424,0.0012345679012346622
2022-01-25,40150,40550,39300,39450,49623,-0.027127003699136898
2022-01-26,38900,39800,38850,39350,38545,-0.0025348542458808465
2022-01-27,39400,39500,38250,38250,71443,-0.027954256670902122
2022-01-28,38300,39200,37950,38700,55429,0.0117647058823529
2022-02-03,38800,39900,38100,38500,47756,-0.0051679586563307955
2022-02-04,38200,38700,37950,38100,331750,-0.010389610389610393
2022-02-07,38200,38200,36950,37200,70031,-0.023622047244094446
2022-02-08,37050,37400,36500,36600,50611,-0.016129032258064502
2022-02-09,36650,36700,35050,35850,121713,-0.020491803278688492
2022-02-10,35850,36200,35000,35000,93452,-0.023709902370990243
2022-02-11,34400,34600,33700,33850,88345,-0.03285714285714281
2022-02-14,33250,33750,31850,31900,128635,-0.057607090103397374
2022-02-15,31750,33600,31750,32400,195502,0.01567398119122254
2022-02-16,33100,35350,32850,35300,184945,0.08950617283950613
2022-02-17,34900,35250,33750,34200,93588,-0.031161473087818692
2022-02-18,33600,35300,33300,34500,62515,0.00877192982456143
2022-02-21,33500,35000,33500,34900,39970,0.011594202898550732
2022-02-22,34100,34450,33700,34150,40926,-0.021489971346704828
2022-02-23,34150,35050,34050,35000,43087,0.02489019033674955
2022-02-24,34750,34750,33800,33850,52798,-0.03285714285714281
2022-02-25,34150,35250,34150,35250,45363,0.041358936484490405
2022-02-28,35050,35250,34500,34950,27973,-0.008510638297872353
2022-03-02,34600,35350,34250,35150,23262,0.005722460658083017
2022-03-03,35200,36200,35200,36200,41159,0.029871977240398362
2022-03-04,35950,36200,35400,36100,30733,-0.002762430939226568
2022-03-07,35850,36000,34500,35450,33573,-0.018005540166205036
2022-03-08,35100,35300,34700,34950,25003,-0.014104372355430161
2022-03-10,35300,36350,35300,35950,36191,0.028612303290414864
2022-03-11,35950,36000,35400,35650,18302,-0.008344923504867818
2022-03-14,35400,35650,34750,34750,28061,-0.02524544179523147
2022-03-15,34700,35050,34200,34200,23680,-0.015827338129496438
2022-03-16,35300,36300,34300,36200,34764,0.0584795321637428
2022-03-17,36200,36950,36200,36700,33101,0.013812154696132506
2022-03-18,36300,36700,35600,36700,21906,0.0
2022-03-21,36750,37000,36200,36250,14985,-0.012261580381471404
2022-03-22,36250,36550,35500,36300,15655,0.0013793103448276334
2022-03-23,36600,36700,36000,36200,15499,-0.0027548209366391463
2022-03-24,36000,36700,35800,36650,18560,0.012430939226519389
2022-03-25,36750,36950,36500,36700,19107,0.0013642564802183177
2022-03-28,36750,36750,36100,36100,24177,-0.016348773841961872
2022-03-29,36100,36500,36100,36450,17559,0.00969529085872578
2022-03-30,36500,37000,36450,36700,24871,0.006858710562414272
2022-03-31,36650,37150,36550,36950,16108,0.006811989100817373
2022-04-01,36650,36950,36400,36600,14343,-0.009472259810554773
2022-04-04,36600,36600,36250,36550,20561,-0.001366120218579181
2022-04-05,36750,37050,36550,36850,16949,0.008207934336525335
2022-04-06,36500,36700,35400,35650,46296,-0.0325644504748982
2022-04-07,35350,35650,34850,35650,27990,0.0
2022-04-08,35300,36050,35250,36000,17610,0.009817671809256634
2022-04-11,35500,36150,35250,35500,28290,-0.01388888888888884
2022-04-12,35000,35500,34850,35350,15492,-0.004225352112676051
2022-04-13,35350,35950,35100,35950,18642,0.016973125884016893
2022-04-14,35900,36200,35600,36100,16457,0.004172461752433909
2022-04-15,35250,36050,35150,36050,18351,-0.0013850415512465242
2022-04-18,36050,36050,35300,35500,16721,-0.015256588072122046
2022-04-19,35600,37050,35550,36700,43490,0.033802816901408406
2022-04-20,36750,36900,36400,36600,16935,-0.0027247956403270157
2022-04-21,36600,37350,36300,36300,38055,-0.008196721311475419
2022-04-22,36100,36100,35350,35600,27189,-0.019283746556473802
2022-04-25,35150,35950,34800,34950,23273,-0.018258426966292096
2022-04-26,35000,35800,34950,35550,19014,0.01716738197424883
2022-04-27,34450,34900,34450,34600,22870,-0.026722925457102642
2022-04-28,34450,34800,34200,34250,23875,-0.010115606936416222
2022-04-29,34400,35600,34000,35600,36133,0.039416058394160514
2022-05-02,34700,36000,34550,35500,30697,-0.002808988764044895
2022-05-03,35250,36050,35250,35700,32788,0.005633802816901401
2022-05-04,35700,35700,35000,35050,9912,-0.018207282913165312
2022-05-06,34700,34850,34150,34150,19711,-0.025677603423680417
2022-05-09,33600,34000,33100,33150,44032,-0.029282576866764276
2022-05-10,32250,34150,32150,33350,44960,0.006033182503770718
2022-05-11,33500,34600,32600,34600,31362,0.03748125937031488
2022-05-12,33650,34400,32950,32950,31406,-0.047687861271676346
2022-05-13,32950,34700,32950,34450,44228,0.04552352048558417
2022-05-16,34600,34600,33300,33300,34582,-0.03338171262699563
2022-05-17,33300,33850,33250,33450,19945,0.0045045045045044585
2022-05-18,33450,34050,33150,33600,26279,0.004484304932735439
2022-05-19,33000,33550,32500,33250,28689,-0.01041666666666663
2022-05-20,33500,35200,33450,35100,49176,0.05563909774436082
2022-05-23,35300,35850,34600,35050,24270,-0.0014245014245014564
2022-05-24,34800,35000,33800,33800,19798,-0.03566333808844513
2022-05-25,33850,35050,33800,34800,28346,0.029585798816567976
2022-05-26,34950,35250,34350,34500,14811,-0.008620689655172376
2022-05-27,34500,34750,34100,34500,21458,0.0
2022-05-30,34550,35250,34500,35050,16288,0.01594202898550723
2022-05-31,34700,35200,34650,35000,19211,-0.0014265335235378318
2022-06-02,34800,35000,34500,34750,10477,-0.0071428571428571175
2022-06-03,35100,35450,34900,35150,13310,0.011510791366906581
2022-06-07,34800,36700,34600,35700,60741,0.01564722617354186
2022-06-08,36350,37950,36150,36900,131581,0.03361344537815136
2022-06-09,37050,37450,36250,36400,45372,-0.013550135501354976
2022-06-10,36000,36400,35500,35550,25750,-0.02335164835164838
2022-06-13,34700,34700,33500,33500,51963,-0.057665260196905765
2022-06-14,32350,34500,32300,34500,44388,0.029850746268656803
2022-06-15,33850,34450,33200,33500,28788,-0.02898550724637683
2022-06-16,34200,34400,33700,33900,29063,0.011940298507462588
2022-06-17,32700,33900,32700,33500,23451,-0.01179941002949858
2022-06-20,33700,34150,32000,32150,38196,-0.040298507462686595
2022-06-21,32150,33600,32050,32900,40277,0.023328149300155587
2022-06-22,32800,33150,32000,32800,46125,-0.003039513677811523
2022-06-23,32300,33600,32250,32800,77288,0.0
2022-06-24,32850,33900,32800,33850,41556,0.03201219512195119
2022-06-27,33900,34200,33100,34000,32227,0.004431314623338345
2022-06-28,33900,33950,32750,32950,32701,-0.030882352941176472
2022-06-29,32700,32750,32100,32150,32973,-0.02427921092564489
2022-06-30,32150,32350,30900,31050,44436,-0.034214618973561484
2022-07-01,31050,32100,30550,30750,40278,-0.009661835748792313
2022-07-04,31200,32300,30500,30750,64165,0.0
2022-07-05,31300,32150,31150,31600,38803,0.027642276422764178
2022-07-06,31300,32000,30950,31400,37508,-0.006329113924050667
2022-07-07,31500,32100,31400,31900,20119,0.015923566878981
2022-07-08,31900,32400,31800,32050,24899,0.004702194357366851
2022-07-11,32100,32100,31300,31550,18284,-0.015600624024960985
2022-07-12,31250,31450,30700,30850,26881,-0.022187004754358197
2022-07-13,30800,32050,30800,31800,28840,0.030794165316045286
2022-07-14,31900,32300,31100,31800,18889,0.0
2022-07-15,31650,32300,31150,31650,24425,-0.004716981132075526
2022-07-18,32150,32950,32000,32900,35511,0.03949447077409163
2022-07-19,32200,33150,32200,33150,12358,0.0075987841945288626
2022-07-20,33600,33650,33050,33400,12716,0.007541478129713397
2022-07-21,33400,33700,32900,33700,14145,0.008982035928143617
2022-07-22,33400,34200,33150,33150,21156,-0.016320474777448024
2022-07-25,32800,33600,32550,33500,11267,0.010558069381598756
2022-07-26,32850,33750,32850,33650,10822,0.004477611940298498
2022-07-27,33650,33900,33250,33600,9763,-0.0014858841010401136
2022-07-28,33650,34500,33650,34100,18597,0.014880952380952328
2022-07-29,34500,34900,33900,34400,18919,0.008797653958944274
2022-08-01,34100,34350,33700,34300,11509,-0.0029069767441860517
2022-08-02,33900,34300,33450,34100,13494,-0.005830903790087438
2022-08-03,34050,34250,33350,33600,12490,-0.014662756598240456
2022-08-04,33600,34300,33600,34200,19750,0.017857142857142794
2022-08-05,33900,34450,33900,34350,12613,0.004385964912280604
2022-08-08,33800,34600,33750,34400,13285,0.0014556040756914523
2022-08-09,34100,34650,34000,34600,17699,0.005813953488372103
2022-08-10,34150,34550,33600,33600,17339,-0.028901734104046284
2022-08-11,34400,35350,34400,34900,45436,0.038690476190476275
2022-08-12,34800,35000,34150,34600,13002,-0.008595988538681931
2022-08-16,34000,34900,33200,33300,35104,-0.037572254335260125
2022-08-17,33550,33950,32650,32850,34159,-0.013513513513513487
2022-08-18,32500,33100,32250,32900,26374,0.0015220700152207556
2022-08-19,32550,33000,32050,32050,26273,-0.02583586626139822
2022-08-22,31700,32000,31200,31450,21132,-0.018720748829953227
2022-08-23,31450,31950,31200,31400,21796,-0.0015898251192368873
2022-08-24,31400,32350,31400,32350,17021,0.030254777070063632
2022-08-25,32800,32800,31950,32600,16173,0.007727975270479082
2022-08-26,32650,33150,32000,32300,15715,-0.009202453987730008
2022-08-29,31600,31650,30900,30950,24661,-0.04179566563467496
2022-08-30,31350,32750,31050,32500,29265,0.050080775444264924
2022-08-31,32100,32800,31850,32300,15435,-0.006153846153846176
2022-09-01,31300,32300,30000,30850,26757,-0.04489164086687303
2022-09-02,30900,31950,30900,31650,25740,0.025931928687196182
2022-09-05,31200,31650,30750,31000,29409,-0.020537124802527673
2022-09-06,31200,32000,31100,31800,24091,0.02580645161290329
2022-09-07,31000,31700,30750,31100,31613,-0.022012578616352196
2022-09-08,31350,32000,27600,29500,163531,-0.05144694533762062
2022-09-13,30250,32250,30250,32150,80131,0.0898305084745763
2022-09-14,31400,31400,30150,30400,36998,-0.05443234836702959
2022-09-15,30500,30900,30100,30200,21367,-0.006578947368421018
2022-09-16,30050,30200,29600,30000,23869,-0.0066225165562914245
2022-09-19,30050,31400,30050,30550,34144,0.018333333333333313
2022-09-20,31200,31250,30650,30850,16593,0.009819967266775809
2022-09-21,30200,31100,30100,30800,14351,-0.0016207455429497752
2022-09-22,30000,30400,29450,30000,25256,-0.025974025974025983
2022-09-23,30200,30750,29600,29950,26002,-0.0016666666666667052
2022-09-26,29950,30350,28450,28900,69976,-0.035058430717863076
2022-09-27,29250,30500,28700,30500,52131,0.05536332179930792
2022-09-28,30000,30700,29300,30400,34117,-0.003278688524590123
2022-09-29,30400,30900,29550,29950,26863,-0.014802631578947345
2022-09-30,29950,30250,29300,30050,23945,0.0033388981636059967
2022-10-04,30250,30950,30050,30950,22392,0.029950083194675514
2022-10-05,31300,31400,29850,29900,21846,-0.03392568659127626
2022-10-06,30150,31350,30150,31300,26672,0.04682274247491636
2022-10-07,30850,31600,30600,30750,18086,-0.01757188498402551
2022-10-11,30200,30500,29500,29800,24717,-0.03089430894308942
2022-10-12,29800,30600,29600,30600,17407,0.02684563758389258
2022-10-13,30150,30900,29850,30650,21893,0.0016339869281045694
2022-10-14,31100,31500,30400,31000,30494,0.011419249592169667
2022-10-17,31000,31400,30350,31100,19226,0.003225806451612856
2022-10-18,31500,31800,30850,31550,23863,0.014469453376205754
2022-10-19,31600,31700,30650,30650,26183,-0.02852614896988903
2022-10-20,30150,30850,29950,30500,26760,-0.004893964110929905
2022-10-21,30300,30300,29750,29950,10393,-0.0180327868852459
2022-10-24,30000,31000,29900,30450,22753,0.016694490818029983
2022-10-25,30150,30400,29800,30000,12339,-0.014778325123152691
2022-10-26,30050,30050,29450,29550,12181,-0.015000000000000013
2022-10-27,29350,30000,29350,29700,12534,0.0050761421319796
2022-10-28,29300,29600,28950,28950,16984,-0.025252525252525304
2022-10-31,29050,29450,28600,29400,15565,0.015544041450777257
2022-11-01,28950,29350,28650,29250,13855,-0.005102040816326481
2022-11-02,29050,29200,28600,28650,12773,-0.02051282051282055
2022-11-03,28000,28600,27500,27500,31815,-0.04013961605584637
2022-11-04,27150,27450,26450,27000,31694,-0.018181818181818188
2022-11-07,27100,27600,27000,27600,19003,0.022222222222222143
2022-11-08,27800,28950,27650,28950,27886,0.048913043478260976
2022-11-09,29600,29600,28900,29100,20511,0.005181347150259086
2022-11-10,28750,29050,27600,28300,14953,-0.027491408934707917
2022-11-11,29200,30300,29200,29900,48089,0.05653710247349819
2022-11-14,29650,30250,29500,29850,19061,-0.0016722408026755842
2022-11-15,29850,30900,29850,30850,22049,0.03350083752093802
2022-11-16,30600,31300,30350,30850,12294,0.0
2022-11-17,30750,30800,30000,30700,15446,-0.004862236628849326
2022-11-18,30500,31300,30200,30450,18514,-0.008143322475570036
2022-11-21,30100,30900,29500,29600,17845,-0.02791461412151064
2022-11-22,29900,29950,29600,29600,9161,0.0
2022-11-23,29650,30750,29650,30600,23682,0.03378378378378377
2022-11-24,30450,31050,30450,30850,13672,0.008169934640522847
2022-11-25,30800,31000,30400,30950,7157,0.0032414910858995505
2022-11-28,31000,31000,29800,30050,15762,-0.029079159935379684
2022-11-29,30100,30700,29500,30500,11776,0.014975041597337757
2022-11-30,30150,30800,29900,30800,10240,0.009836065573770592
2022-12-01,31950,32000,30150,30900,20757,0.0032467532467532756
2022-12-02,30400,30400,29200,29250,31698,-0.05339805825242716
2022-12-05,29450,30200,29450,30200,12865,0.032478632478632585
2022-12-06,30200,30200,29100,29100,16023,-0.03642384105960261
2022-12-07,29000,29700,29000,29500,20519,0.013745704467353903
2022-12-08,29250,29800,28200,29250,87893,-0.008474576271186418
2022-12-09,29250,30200,28650,29500,28479,0.008547008547008517
2022-12-12,29500,29650,28700,29000,6881,-0.016949152542372836
2022-12-13,29000,29200,28400,28550,9286,-0.01551724137931032
2022-12-14,29000,29350,28800,29350,7855,0.028021015761821255
2022-12-15,28950,29000,28650,28700,10757,-0.022146507666098825
2022-12-16,28550,28550,27850,27850,22694,-0.029616724738675937
2022-12-19,27850,28150,27500,27900,7844,0.0017953321364452268
2022-12-20,27600,27950,27000,27050,11558,-0.03046594982078854
2022-12-21,27600,27600,26650,26950,10172,-0.003696857670979714
2022-12-22,27550,28700,27150,28600,25291,0.061224489795918435
2022-12-23,28450,28450,27150,27400,18536,-0.04195804195804198
2022-12-26,27100,28350,26850,28300,18119,0.03284671532846706
2022-12-27,28600,28750,28000,28450,21561,0.005300353356890497
2022-12-28,27600,27900,27050,27500,24154,-0.033391915641476255
2022-12-29,27900,27900,26100,26200,22729,-0.047272727272727244
2023-01-02,27000,27100,26250,26250,19536,0.001908396946564972
2023-01-03,26250,27350,26050,27250,18721,0.03809523809523818
2023-01-04,27000,27900,26850,27500,9330,0.00917431192660545
2023-01-05,27800,27800,26850,27050,14692,-0.016363636363636358
2023-01-06,26600,27800,26600,27300,13263,0.009242144177449063
2023-01-09,27400,28000,27350,27950,13037,0.023809523809523725
2023-01-10,27350,28200,27250,27500,14272,-0.01610017889087656
2023-01-11,27500,28450,27500,28250,16249,0.027272727272727337
2023-01-12,28250,28500,27650,28100,9666,-0.005309734513274322
2023-01-13,27900,28500,27650,27750,8119,-0.01245551601423489
2023-01-16,28100,28150,27500,27850,8595,0.003603603603603567
2023-01-17,27500,27850,27000,27050,19384,-0.02872531418312385
2023-01-18,27000,27550,26800,27500,13207,0.01663585951940849
2023-01-19,27200,27700,26950,27650,10888,0.005454545454545379
2023-01-20,27400,28100,27400,27950,14920,0.010849909584086825
2023-01-25,27750,28450,27750,28250,21356,0.01073345259391778
2023-01-26,28050,28450,28050,28350,10728,0.003539823008849474
2023-01-27,28550,28550,27650,27900,13759,-0.015873015873015928
2023-01-30,27850,28700,27800,27800,24591,-0.0035842293906810374
2023-01-31,27700,28200,27600,28100,18220,0.010791366906474753
2023-02-01,28100,28700,27950,28150,16903,0.001779359430605032
2023-02-02,28400,28900,27950,28100,18765,-0.001776198934280604
2023-02-03,28150,28650,27900,28100,14096,0.0
2023-02-06,27550,27750,27150,27450,22822,-0.02313167259786475
2023-02-07,27250,28150,27250,27850,15421,0.014571948998178597
2023-02-08,28100,28500,27900,28350,17381,0.01795332136445249
2023-02-09,28100,28250,27750,28200,9724,-0.005291005291005346
2023-02-10,27800,27800,27350,27600,15611,-0.021276595744680882
2023-02-13,27450,28600,27200,28000,19719,0.01449275362318847
2023-02-14,28000,28500,27600,28400,21825,0.014285714285714235
2023-02-15,28000,28500,27250,27300,27131,-0.03873239436619713
2023-02-16,27350,28750,27350,28450,32954,0.0421245421245422
2023-02-17,28350,29000,28100,28400,19246,-0.0017574692442882123
2023-02-20,28400,29250,27600,28700,35313,0.010563380281690238
2023-02-21,28700,29200,28250,28750,17698,0.0017421602787457413
2023-02-22,28100,28200,27650,27800,31568,-0.03304347826086962
2023-02-23,27700,28250,27700,28150,11626,0.012589928057553879
2023-02-24,28250,28250,27350,27500,24112,-0.023090586145648295
2023-02-27,27300,27500,26650,27450,17646,-0.0018181818181818299
2023-02-28,27450,28500,27450,27900,34943,0.016393442622950838
2023-03-02,27800,27950,26950,26950,36985,-0.03405017921146958
2023-03-03,26950,27500,26400,26850,29955,-0.0037105751391465214
2023-03-06,27000,27700,26650,27500,31990,0.024208566108007368
2023-03-07,27250,28050,27250,27600,22238,0.0036363636363636598
2023-03-08,27300,27300,26900,27050,19345,-0.019927536231884035
2023-03-09,27050,28000,26800,28000,20962,0.03512014787430684
2023-03-10,27300,27300,26500,26550,38906,-0.051785714285714324
2023-03-13,26550,27150,26450,26950,20131,0.015065913370998052
2023-03-14,26400,26500,25700,25700,33293,-0.04638218923933213
2023-03-15,25800,26200,25500,25550,26422,-0.005836575875486361
2023-03-16,25550,25550,24600,24600,25639,-0.03718199608610573
2023-03-17,25400,26300,25300,26300,35299,0.06910569105691056
2023-03-20,26500,26900,25300,25750,30239,-0.020912547528517123
2023-03-21,25500,26200,25450,26000,15601,0.009708737864077666
2023-03-22,26500,26550,25700,25850,19994,-0.005769230769230749
2023-03-23,25850,26000,25250,25600,18469,-0.009671179883945835
2023-03-24,26050,26150,25450,26150,23100,0.021484375
2023-03-27,26150,26450,25550,26350,28445,0.007648183556405286
2023-03-28,26000,26700,26000,26200,27892,-0.005692599620493399
2023-03-29,26500,27150,26000,26350,35200,0.005725190839694694
2023-03-30,26600,28200,26500,27500,65201,0.0436432637571158
2023-03-31,27850,27850,27000,27500,24623,0.0
2023-04-03,27500,27500,26550,27250,37682,-0.009090909090909038
2023-04-04,27300,27400,26600,26750,21807,-0.01834862385321101
2023-04-05,26500,27100,26400,26900,25096,0.005607476635514086
2023-04-06,26850,26850,26100,26500,27051,-0.014869888475836479
2023-04-07,26750,26950,26400,26950,22033,0.016981132075471805
2023-04-10,26550,27000,26250,26350,27421,-0.02226345083487946
2023-04-11,26050,26650,26050,26550,17785,0.007590132827324458
2023-04-12,27000,27000,26200,26500,18165,-0.0018832391713747842
2023-04-13,26500,26900,25950,26700,30153,0.007547169811320753
2023-04-14,26650,27000,26200,26800,57603,0.0037453183520599342
2023-04-17,26850,26850,26100,26300,32585,-0.018656716417910446
2023-04-18,26250,26450,26100,26400,24632,0.0038022813688212143
2023-04-19,26200,27550,26200,27150,65529,0.02840909090909083
2023-04-20,27400,27450,26150,26250,41821,-0.03314917127071826
2023-04-21,26300,26350,25800,26250,30937,0.0
2023-04-24,26250,26900,26200,26500,29559,0.00952380952380949
2023-04-25,26200,26750,25900,25950,30610,-0.02075471698113207
2023-04-26,26350,26800,26100,26550,20866,0.023121387283236983
2023-04-27,26650,26800,26100,26650,18111,0.0037664783427495685
2023-04-28,26600,28000,26400,26800,55622,0.0056285178236397115
2023-05-02,26700,27100,26500,27100,16638,0.011194029850746245
2023-05-03,26750,27100,26550,26650,15944,-0.016605166051660514
2023-05-04,26400,26950,25950,26000,39098,-0.024390243902439046
2023-05-08,26400,26650,26100,26400,20374,0.01538461538461533
2023-05-09,26100,26400,25650,25800,18393,-0.022727272727272707
2023-05-10,26100,26150,25300,25450,24162,-0.013565891472868241
2023-05-11,25200,25700,25150,25500,14536,0.0019646365422396617
2023-05-12,25300,25400,25000,25050,14516,-0.01764705882352946
2023-05-15,25000,25250,24600,24900,19984,-0.005988023952095856
2023-05-16,24600,25000,24300,24300,18058,-0.02409638554216864
2023-05-17,24150,24650,23300,23500,44409,-0.03292181069958844
2023-05-18,23550,23750,23250,23500,30472,0.0
2023-05-19,23450,25000,23450,24900,64114,0.05957446808510647
2023-05-22,24800,25150,24700,25000,16902,0.004016064257028162
2023-05-23,24650,25100,24600,25000,12038,0.0
2023-05-24,24700,24950,24450,24900,12831,-0.0040000000000000036
2023-05-25,25650,25650,23950,24000,22544,-0.03614457831325302
2023-05-26,24100,25050,24100,24650,28834,0.027083333333333348
2023-05-30,24650,25200,24650,25000,21368,0.014198782961460488
2023-05-31,24950,25300,24700,24700,18193,-0.01200000000000001
2023-06-01,24450,25000,24450,25000,13757,0.012145748987854255
2023-06-02,25100,25450,24900,25300,21279,0.01200000000000001
2023-06-05,25300,25500,24850,24850,24205,-0.017786561264822143
2023-06-07,25250,25400,25050,25150,20762,0.012072434607645954
2023-06-08,25400,25400,24700,24900,36360,-0.00994035785288272
2023-06-09,25200,25200,24650,24850,15773,-0.002008032128514081
2023-06-12,24850,24950,24500,24600,20111,-0.010060362173038184
2023-06-13,24450,25400,24400,24700,29511,0.004065040650406582
2023-06-14,24700,25050,24450,24500,20941,-0.0080971659919028
2023-06-15,24700,25300,24300,24300,27834,-0.008163265306122436
2023-06-16,24700,24850,24300,24700,16241,0.016460905349794164
2023-06-19,24600,24600,24050,24250,24519,-0.018218623481781382
2023-06-20,24200,24300,23700,24100,31425,-0.006185567010309256
2023-06-21,23800,24300,23550,23550,21706,-0.022821576763485507
2023-06-22,23500,23700,23300,23400,16416,-0.006369426751592355
2023-06-23,23400,23900,22950,23000,26223,-0.017094017094017144
2023-06-26,23400,23400,22750,22900,8705,-0.004347826086956497
2023-06-27,23000,23650,22700,22900,13328,0.0
2023-06-28,22900,23200,22400,22650,18095,-0.01091703056768556
2023-06-29,22450,23100,21900,22050,36399,-0.026490066225165587
2023-06-30,21900,22200,21450,22150,24923,0.0045351473922903285
2023-07-03,22150,23300,22150,22700,36899,0.02483069977426644
2023-07-04,22700,23100,22650,22850,20841,0.0066079295154184425
2023-07-05,22850,23200,22100,22300,26312,-0.024070021881838044
2023-07-06,22000,22000,21100,21150,35818,-0.05156950672645744
2023-07-07,21600,21600,20450,20700,36900,-0.021276595744680882
2023-07-10,20700,20700,20000,20050,44103,-0.03140096618357491
2023-07-11,20100,20450,19900,20300,21258,0.012468827930174564
2023-07-12,20100,20450,19700,20250,54803,-0.0024630541871921707
2023-07-13,20600,22600,20200,22100,114577,0.09135802469135812
2023-07-14,22200,22500,21400,21800,47088,-0.013574660633484115
2023-07-17,21800,21800,20050,21800,22632,0.0
2023-07-18,21950,22150,21250,21700,30193,-0.004587155963302725
2023-07-19,21700,21900,21000,21100,29311,-0.027649769585253448
2023-07-20,21800,21800,21150,21600,20445,0.023696682464454888
2023-07-21,21400,22450,21000,21700,33187,0.004629629629629539
2023-07-24,22100,22100,20950,21200,32455,-0.02304147465437789
2023-07-25,21000,21200,20200,20600,35841,-0.028301886792452824
2023-07-26,20100,20300,19420,19500,79611,-0.05339805825242716
2023-07-27,19500,20850,19500,20850,53563,0.0692307692307692
2023-07-28,21250,21300,20450,20800,22554,-0.0023980815347721673
2023-07-31,20950,22000,20500,22000,56355,0.05769230769230771
2023-08-01,22500,22500,21550,21700,42450,-0.013636363636363669
2023-08-02,21300,22600,21300,22250,51979,0.025345622119815614
2023-08-03,22050,22400,21000,22300,29104,0.0022471910112360494
2023-08-04,22550,22700,21800,22200,25887,-0.004484304932735439
2023-08-07,21850,22700,21750,22400,26998,0.009009009009008917
2023-08-08,22300,22700,22300,22450,23106,0.0022321428571427937
2023-08-09,22750,22750,22300,22700,18946,0.011135857461024523
2023-08-10,22450,22550,21950,22250,23139,-0.01982378854625555
2023-08-11,22050,22850,22000,22850,30044,0.026966292134831482
2023-08-14,22850,23050,22300,22950,29632,0.004376367614879584
2023-08-16,22950,24000,22850,23950,76830,0.04357298474945526
2023-08-17,23900,24200,23300,23950,39602,0.0
2023-08-18,23700,24200,23150,23550,41472,-0.01670146137787054
2023-08-21,23700,24350,23550,24100,33820,0.023354564755838636
2023-08-22,23700,24100,23700,23950,20841,-0.006224066390041472
2023-08-23,24050,24050,22500,23700,25174,-0.01043841336116913
2023-08-24,24050,24050,23600,23700,14976,0.0
2023-08-25,23200,24900,23150,23750,21267,0.0021097046413502962
2023-08-28,24350,24350,23650,23900,14509,0.006315789473684275
2023-08-29,24350,24700,23950,24200,34972,0.012552301255230214
2023-08-30,24700,24700,24000,24000,13056,-0.008264462809917328
2023-08-31,23950,24300,23750,24100,24792,0.004166666666666652
2023-09-01,24150,24450,23800,24400,20149,0.012448132780082943
2023-09-04,24550,24600,24000,24300,12560,-0.004098360655737654
2023-09-05,24300,24300,23300,23400,40655,-0.03703703703703709
2023-09-06,23250,23700,23100,23450,19260,0.002136752136752129
2023-09-07,23250,23600,22900,22950,15109,-0.021321961620469065
2023-09-08,23500,23500,22700,23250,17056,0.013071895424836555
2023-09-11,23500,23550,22650,22650,16311,-0.02580645161290318
2023-09-12,23250,23500,22700,23000,15768,0.015452538631346657
2023-09-13,22650,23500,22600,23050,17243,0.0021739130434783593
2023-09-14,23550,23550,22850,23050,17696,0.0
2023-09-15,22850,23100,22800,23100,10901,0.002169197396963085
2023-09-18,22700,22900,22300,22550,11745,-0.023809523809523836
2023-09-19,22300,22650,22100,22100,11299,-0.019955654101995512
2023-09-20,22700,22700,21800,22150,10716,0.002262443438914019
2023-09-21,21700,21950,20950,21150,26593,-0.04514672686230248
2023-09-22,20800,21650,20800,21650,12993,0.023640661938534313
2023-09-25,21650,22100,21350,21450,9121,-0.009237875288683584
2023-09-26,21500,21850,21150,21800,12002,0.01631701631701632
2023-09-27,22000,22000,21000,21750,10524,-0.002293577981651418
2023-10-04,21750,21750,21000,21650,16273,-0.0045977011494252595
2023-10-05,22150,22300,21600,21700,14453,0.002309468822170979
2023-10-06,22350,22400,21600,22250,12725,0.025345622119815614
2023-10-10,22250,22900,21800,22150,21103,-0.004494382022471877
2023-10-11,22050,22450,21850,22100,12176,-0.0022573363431150906
2023-10-12,22100,22400,21950,22150,14038,0.002262443438914019
2023-10-13,21850,22250,21600,22150,13715,0.0
2023-10-16,22350,22350,21300,21800,14192,-0.015801354401805856
2023-10-17,21800,22400,21400,22250,10959,0.020642201834862428
2023-10-18,21750,22300,21750,22200,9819,-0.0022471910112359383
2023-10-19,21550,22000,21150,21700,13954,-0.022522522522522515
2023-10-20,21100,22450,21100,22100,25417,0.018433179723502224
2023-10-23,21450,22350,21450,22200,16056,0.004524886877828038
2023-10-24,22200,22700,22100,22700,21218,0.022522522522522515
2023-10-25,22800,22800,22000,22450,11226,-0.011013215859030812
2023-10-26,22400,22400,21800,22000,19279,-0.020044543429844075
2023-10-27,22550,22700,21750,22350,28106,0.015909090909090873
2023-10-30,22350,22600,21750,21900,14961,-0.020134228187919434
2023-10-31,21900,21900,19790,19970,43489,-0.08812785388127853
2023-11-01,19820,20100,19600,19720,25078,-0.012518778167250888
2023-11-02,20400,21250,19770,20750,31929,0.05223123732251511
2023-11-03,20800,21100,20350,20950,14173,0.009638554216867545
2023-11-06,20950,22000,20500,22000,37083,0.05011933174224348
2023-11-07,22050,22300,21050,21100,21098,-0.040909090909090895
2023-11-08,21650,21900,20650,21100,13518,0.0
2023-11-09,21250,21600,20650,21500,11846,0.018957345971563955
2023-11-10,20700,21500,20700,20950,6321,-0.025581395348837188
2023-11-13,21600,21600,20350,20650,10286,-0.014319809069212375
2023-11-14,20500,21350,20500,21050,7566,0.01937046004842613
2023-11-15,21400,22000,21400,21850,19060,0.03800475059382413
2023-11-16,21650,22000,21450,21850,11238,0.0
2023-11-17,21650,22000,21350,21500,10646,-0.016018306636155555
2023-11-20,21500,22150,21450,22050,17239,0.0255813953488373
2023-11-21,21850,22200,21550,21850,11580,-0.009070294784580546
2023-11-22,21300,21700,21200,21550,17873,-0.013729977116704761
2023-11-23,21300,21600,21100,21500,8844,-0.002320185614849146
2023-11-24,21500,21600,21100,21250,10218,-0.011627906976744207
2023-11-27,21150,21300,20800,21050,8742,-0.009411764705882342
2023-11-28,21050,21100,20150,20300,29771,-0.03562945368171022
2023-11-29,20200,21150,19990,21050,31393,0.03694581280788167
2023-11-30,21050,21400,20450,20450,127810,-0.028503562945368155
2023-12-01,20450,20650,20000,20000,23074,-0.022004889975550168
2023-12-04,20150,20500,20050,20100,35129,0.004999999999999893
2023-12-05,20100,20700,19910,20100,28639,0.0
2023-12-06,20100,20900,20100,20500,34249,0.01990049751243772
2023-12-07,20500,20900,20300,20400,20475,-0.004878048780487809
2023-12-08,20800,21150,20650,20950,26939,0.026960784313725394
2023-12-11,20900,21000,20400,20550,18625,-0.019093078758949833
2023-12-12,20900,21150,20450,20900,37700,0.017031630170316392
2023-12-13,20900,21750,20600,21350,44220,0.021531100478468845
2023-12-14,21800,21950,20800,21650,42676,0.014051522248243575
2023-12-15,21300,21800,21100,21250,16307,-0.018475750577367167
2023-12-18,21600,21600,20700,20700,18933,-0.025882352941176467
2023-12-19,20500,21000,20350,20950,23910,0.012077294685990392
2023-12-20,20900,21100,20750,21000,12413,0.0023866348448686736
2023-12-21,20850,21100,20400,20650,21976,-0.01666666666666672
2023-12-22,20700,26800,20700,26800,1161758,0.29782082324455206
2023-12-26,26350,30500,25750,25800,1261615,-0.03731343283582089
2023-12-27,25550,26650,24750,25850,295747,0.0019379844961240345
2023-12-28,25550,25950,24600,25750,149164,-0.003868471953578312
2024-01-02,25750,28250,25250,27800,286739,0.07961165048543695
2024-01-03,27200,27700,26250,27150,109565,-0.023381294964028743
2024-01-04,26500,27250,25550,26300,103074,-0.03130755064456725
2024-01-05,26300,27400,25700,27100,115472,0.03041825095057038
2024-01-08,27300,29500,26700,28000,237544,0.03321033210332103
2024-01-09,28850,30200,28150,28850,247516,0.03035714285714275
2024-01-10,29250,29500,27400,28200,104575,-0.022530329289428108
2024-01-11,27700,27750,27100,27500,55051,-0.024822695035460973
2024-01-12,27850,28950,27500,28800,79186,0.047272727272727355
2024-01-15,28500,28550,27250,27250,56330,-0.05381944444444442
2024-01-16,27000,27000,25650,26150,75741,-0.04036697247706422
2024-01-17,26300,26800,25550,26350,51882,0.007648183556405286
2024-01-18,26800,27000,25650,26600,39963,0.009487666034155628
2024-01-19,27250,28150,26750,27000,67704,0.015037593984962516
2024-01-22,27500,28400,27000,27550,74630,0.020370370370370372
2024-01-23,28650,28900,26150,26700,91652,-0.030852994555353952
2024-01-24,26700,26750,25950,26200,37921,-0.01872659176029967
2024-01-25,26000,27150,25650,26950,51950,0.028625954198473247
2024-01-26,27000,27000,26000,26150,31567,-0.029684601113172504
2024-01-29,26200,26950,25900,26950,37250,0.030592734225621365
2024-01-30,27400,27400,25750,26500,27246,-0.016697588126159513
2024-01-31,26250,26250,24800,24850,37819,-0.06226415094339621
2024-02-01,24800,25350,24000,24250,41864,-0.024144869215291798
2024-02-02,24900,25150,24250,25000,23807,0.030927835051546282
2024-02-05,24550,24550,23600,23600,36153,-0.05600000000000005
2024-02-06,23450,23700,22900,23200,23195,-0.016949152542372836
2024-02-07,23500,23700,22700,22700,17645,-0.02155172413793105
2024-02-08,22850,23250,22700,22900,18089,0.008810572687224738
2024-02-13,22900,23700,22900,23250,23796,0.015283842794759916
2024-02-14,23250,23450,22600,23250,25286,0.0
2024-02-15,23350,23700,22950,23550,31371,0.012903225806451646
2024-02-16,23600,23900,23050,23300,20938,-0.010615711252653925
2024-02-19,23450,23800,23200,23350,16059,0.0021459227467810482
2024-02-20,23350,23600,23000,23500,19497,0.0064239828693790635
2024-02-21,23300,23500,22950,23050,16216,-0.019148936170212738
2024-02-22,23100,23700,23000,23300,26042,0.010845986984815648
2024-02-23,23400,23400,22700,22800,24441,-0.02145922746781115
2024-02-26,22450,22650,22000,22450,21084,-0.015350877192982448
2024-02-27,22450,22450,21750,21750,40184,-0.031180400890868598
2024-02-28,21850,22000,20800,21400,64710,-0.016091954022988464
2024-02-29,21200,21350,20550,21200,54137,-0.009345794392523366
2024-03-04,21350,21650,20650,21100,60333,-0.004716981132075526
2024-03-05,20950,21550,20800,21300,54562,0.009478672985782088
2024-03-06,21300,21500,20950,21250,27795,-0.0023474178403756207
2024-03-07,21050,21650,20900,21100,28795,-0.007058823529411784
2024-03-08,21100,21800,20950,21450,32006,0.016587677725118377
2024-03-11,21400,21400,20850,21350,26558,-0.004662004662004615
2024-03-12,21350,21650,21000,21500,17187,0.007025761124121788
2024-03-13,21700,22650,21450,22150,56088,0.03023255813953485
2024-03-14,22150,22150,21200,21400,30583,-0.033860045146726914
2024-03-15,21200,22000,21050,21600,33742,0.009345794392523255
2024-03-18,21700,22150,21500,21750,23166,0.00694444444444442
2024-03-19,21800,21950,21450,21500,19452,-0.011494252873563204
2024-03-20,21500,21700,21150,21200,163663,-0.013953488372092981
2024-03-21,21500,21900,21350,21450,26278,0.011792452830188704
2024-03-22,21450,21800,21250,21800,18401,0.01631701631701632
2024-03-25,21700,22000,21000,21000,33660,-0.03669724770642202
2024-03-26,20900,21300,20700,20950,29358,-0.0023809523809523725
2024-03-27,20950,21150,20700,20700,17765,-0.011933174224343701
2024-03-28,20600,20950,20550,20700,16532,0.0
2024-03-29,20800,20950,20250,20400,26062,-0.01449275362318836
2024-04-01,20750,21200,20250,20950,42499,0.026960784313725394
2024-04-02,20950,21000,19930,19960,62278,-0.04725536992840096
2024-04-03,20000,20600,19630,19750,51805,-0.010521042084168375
2024-04-04,20450,20450,19660,19830,34325,0.0040506329113925155
2024-04-05,19990,20250,19520,19800,26992,-0.001512859304084735
2024-04-08,20600,20600,18950,19370,56166,-0.02171717171717169
2024-04-09,19370,19590,19050,19390,20581,0.0010325245224573898
2024-04-11,19100,19400,18820,19250,18269,-0.0072202166064981865
2024-04-12,19230,19530,19000,19260,15338,0.0005194805194805863
2024-04-15,19260,19270,18720,19020,27046,-0.012461059190031154
2024-04-16,18990,19020,18420,18680,23180,-0.017875920084121977
2024-04-17,18650,19490,18650,19390,25206,0.03800856531049246
2024-04-18,19570,19590,18880,18960,22598,-0.022176379577101613
2024-04-19,18860,19030,18440,18730,26243,-0.012130801687763704
2024-04-22,19000,19460,18660,19460,35987,0.03897490656700486
2024-04-23,19450,19450,19110,19130,14376,-0.016957862281603342
2024-04-24,19500,19850,19210,19530,22676,0.020909566126502854
2024-04-25,19560,19770,19260,19510,7430,-0.0010240655401945187
2024-04-26,19940,19950,19250,19250,13006,-0.013326499231163469
2024-04-29,19720,19720,19270,19600,16925,0.018181818181818077
2024-04-30,19600,19830,19370,19720,17521,0.00612244897959191
2024-05-02,19660,19710,19400,19520,8942,-0.010141987829614618
2024-05-03,19990,19990,19560,19730,15501,0.010758196721311508
2024-05-07,19990,20250,19390,19390,32971,-0.01723264064875829
2024-05-08,19400,19850,19160,19230,18823,-0.008251676121712181
2024-05-09,19230,19340,18910,18980,14885,-0.013000520020800876
2024-05-10,19000,19280,18730,19180,20492,0.010537407797681864
2024-05-13,19490,19500,18800,18810,15056,-0.01929092805005217
2024-05-14,22450,24450,21100,24450,1586569,0.29984051036682624
2024-05-16,25550,26500,23700,24150,900554,-0.012269938650306789
2024-05-17,24100,24350,22950,23550,212829,-0.024844720496894457
2024-05-20,23400,24300,22350,22950,162238,-0.02547770700636942
2024-05-21,22900,24150,22850,24150,187475,0.05228758169934644
2024-05-22,23950,23950,22700,23300,152819,-0.035196687370600444
2024-05-23,23850,24000,22550,23050,106464,-0.010729613733905574
2024-05-24,23050,23050,21300,21550,141488,-0.06507592190889366
2024-05-27,21600,21700,20350,20900,89064,-0.030162412993039456
2024-05-28,20900,21600,20850,21100,64508,0.009569377990430672
2024-05-29,21400,25100,20650,22200,694363,0.05213270142180093
2024-05-30,22700,23600,21550,22500,231074,0.013513513513513598
2024-05-31,22650,23700,22400,22950,149883,0.020000000000000018
2024-06-03,22750,22900,21600,22000,83733,-0.04139433551198257
2024-06-04,22000,22350,21350,22000,52084,0.0
2024-06-05,22900,23550,21650,22750,225191,0.03409090909090917
2024-06-07,22500,24000,22400,22650,172171,-0.00439560439560438
2024-06-10,23200,24050,22450,23850,187558,0.052980132450331174
2024-06-11,23200,23400,21650,22100,164816,-0.07337526205450728
2024-06-12,23900,28450,23500,24800,2120117,0.12217194570135748
2024-06-13,26050,27150,24200,24200,540557,-0.024193548387096753
2024-06-14,24250,24850,23900,24400,154863,0.008264462809917328
2024-06-17,26650,28900,26000,26050,1224728,0.06762295081967218
2024-06-18,25800,27600,25600,26400,264092,0.013435700575815668
2024-06-19,26650,27950,26250,26400,210952,0.0
2024-06-20,26400,26850,25600,26150,109341,-0.009469696969697017
2024-06-21,25950,25950,24450,25150,123330,-0.03824091778202676
2024-06-24,25150,25150,23950,24300,60993,-0.03379721669980118
2024-06-25,24100,25100,23500,24950,67166,0.026748971193415683
2024-06-26,25600,25700,24300,24350,62687,-0.024048096192384794
2024-06-27,24350,25000,23450,23450,54275,-0.03696098562628336
2024-06-28,23800,23800,23050,23350,40508,-0.004264392324093813
2024-07-01,23450,23450,22800,23150,43127,-0.008565310492505307
2024-07-02,22950,23150,22200,22950,37304,-0.008639308855291628
2024-07-03,22950,23100,21900,21950,62290,-0.04357298474945537
2024-07-04,22300,22800,22050,22750,33337,0.036446469248291535
2024-07-05,22500,22700,21750,22250,42052,-0.02197802197802201
2024-07-08,22050,22150,21700,21950,25974,-0.013483146067415741
2024-07-09,22050,22450,21550,21700,33193,-0.011389521640091105
2024-07-10,21700,22050,21350,21700,28304,0.0
2024-07-11,21850,22100,21750,21950,18631,0.011520737327188835
2024-07-12,21550,21800,20850,20950,39675,-0.04555808656036442
2024-07-15,21000,21050,20150,20450,105486,-0.023866348448687402
2024-07-16,20450,20800,20100,20750,32424,0.014669926650366705
2024-07-17,20750,20800,20050,20150,32993,-0.028915662650602414
2024-07-18,20150,20150,19610,19800,40120,-0.017369727047146455
2024-07-19,19800,19980,19590,19880,23406,0.004040404040404066
2024-07-22,19690,19690,18960,19000,50907,-0.044265593561368166
2024-07-23,19510,19530,18860,19120,24268,0.006315789473684275
2024-07-24,19000,19430,18790,19180,26729,0.003138075313807498
2024-07-25,18550,19330,18550,19260,26548,0.004171011470281538
2024-07-26,19260,19260,18670,18910,44787,-0.018172377985462118
2024-07-29,18910,19190,18750,19190,15218,0.014806980433633044
2024-07-30,19000,19400,18880,19000,18294,-0.00990099009900991
2024-07-31,19190,19640,18860,19520,31052,0.027368421052631486
2024-08-01,19480,19980,19480,19750,16155,0.01178278688524581
2024-08-02,19750,19750,18800,18970,37774,-0.039493670886075916
2024-08-05,18920,18920,16010,16330,96829,-0.13916710595677384
2024-08-06,18300,18300,16800,17240,60851,0.05572565829761178
2024-08-07,17080,17390,16740,17330,29440,0.0052204176334107455
2024-08-08,17320,17380,16700,17270,36588,-0.0034622042700519495
2024-08-09,17320,17440,17070,17080,38086,-0.011001737116386745
2024-08-12,16920,17710,16910,17390,28599,0.01814988290398123
2024-08-13,17950,19190,17550,18550,135080,0.06670500287521564
2024-08-14,18600,19570,18040,19000,83813,0.0242587601078168
2024-08-16,19470,19510,18500,18620,41981,-0.020000000000000018
2024-08-19,19200,19440,18770,19050,56094,0.02309344790547807
2024-08-20,19290,19980,19090,19680,52105,0.03307086614173227
2024-08-21,19400,19690,19020,19190,28476,-0.02489837398373984
2024-08-22,19180,20300,18880,19700,58121,0.026576341844710694
2024-08-23,19650,19900,19260,19570,16259,-0.006598984771573613
2024-08-26,20000,20250,19300,19300,29614,-0.0137966274910577
2024-08-27,19300,19590,19160,19570,20751,0.013989637305699576
2024-08-28,19500,20250,19500,20100,35629,0.02708226877874287
2024-08-29,19810,20550,19560,20400,22673,0.014925373134328401
2024-08-30,20400,20650,20100,20500,15100,0.004901960784313708
2024-09-02,20500,20500,20000,20000,14015,-0.024390243902439046
2024-09-03,20100,20350,19610,19650,21027,-0.01749999999999996
2024-09-04,19460,19490,18860,18870,26597,-0.03969465648854964
2024-09-05,18710,20300,18710,19630,51197,0.04027556968733448
2024-09-06,19630,19980,18890,19830,40909,0.010188487009679115
2024-09-09,20050,22100,19830,22100,152923,0.11447302067574383
2024-09-10,22200,22450,21050,22400,89335,0.013574660633484115
2024-09-11,22000,23650,21950,23100,73623,0.03125
2024-09-12,23600,24250,22450,23150,151650,0.0021645021645022577
2024-09-13,24050,24350,22550,23550,37799,0.017278617710583255
2024-09-19,22850,23150,21400,21800,56904,-0.07430997876857748
2024-09-20,21950,22450,21750,21850,21528,0.002293577981651307
2024-09-23,21450,22100,21450,21700,17670,-0.006864988558352381
2024-09-24,21700,22000,20100,21050,49244,-0.02995391705069128
2024-09-25,21050,21850,20600,20800,45248,-0.01187648456057011
2024-09-26,21200,22100,20700,20750,38085,-0.0024038461538461453
2024-09-27,20750,21300,20300,20550,44865,-0.009638554216867434
2024-09-30,20950,21500,20250,20450,18586,-0.0048661800486617945
2024-10-02,20450,20700,19800,19940,26336,-0.024938875305623442
2024-10-04,20100,20750,20100,20150,20939,0.010531594784352949
2024-10-07,20200,20550,19980,20050,20743,-0.00496277915632759
2024-10-08,20050,20350,19750,19790,21710,-0.012967581047381493
2024-10-10,19900,20200,19350,19410,25372,-0.01920161697827183
2024-10-11,19760,19840,19000,19130,29932,-0.014425553838227745
2024-10-14,19490,19990,19130,19720,28040,0.030841610036591804
2024-10-15,19980,20100,19510,19680,10432,-0.0020283975659228792
2024-10-16,19450,19490,18920,18980,19947,-0.03556910569105687
2024-10-17,18970,19330,18820,19000,13999,0.0010537407797681642
2024-10-18,19000,19050,17950,18240,40825,-0.040000000000000036
2024-10-21,18000,18880,18000,18510,24586,0.014802631578947345
2024-10-22,18510,18640,18120,18120,13625,-0.021069692058346856
2024-10-23,18100,18650,17880,18500,23296,0.020971302428256067
2024-10-24,18680,18800,17960,18200,13053,-0.01621621621621616
2024-10-25,18380,18560,17830,18400,25161,0.01098901098901095
2024-10-28,18400,18590,18230,18410,17441,0.0005434782608695343
2024-10-29,18050,18550,18020,18280,15074,-0.007061379684953795
2024-10-30,18280,18700,18280,18460,13391,0.009846827133479286
2024-10-31,18030,18690,18030,18600,14449,0.007583965330444142
2024-11-01,18870,18870,18160,18500,10779,-0.005376344086021501
2024-11-04,18350,18790,18130,18570,26167,0.003783783783783745
2024-11-05,18400,18710,18380,18450,10551,-0.00646203554119551
2024-11-06,18780,18780,18000,18000,18312,-0.024390243902439046
2024-11-07,17810,18400,17700,17840,19813,-0.008888888888888835
2024-11-08,18200,18680,17700,17700,27284,-0.007847533632286963
2024-11-11,17530,18130,16750,16760,30116,-0.05310734463276834
2024-11-12,17200,17200,16200,16620,30041,-0.00835322195704058
2024-11-13,16770,16770,16000,16180,30600,-0.026474127557160054
2024-11-14,16700,16990,15200,15200,58958,-0.060568603213844274
2024-11-15,15060,15520,13960,14730,93963,-0.03092105263157896
2024-11-18,14650,15350,14270,14400,52287,-0.022403258655804503
2024-11-19,14400,14700,14260,14700,17969,0.02083333333333326
2024-11-20,14630,14630,14030,14090,29807,-0.04149659863945576
2024-11-21,14300,14490,14100,14480,18017,0.027679205110006988
2024-11-22,14570,14870,14340,14760,20401,0.01933701657458564
2024-11-25,14620,15370,14620,15340,13526,0.039295392953929476
2024-11-26,15300,15450,15150,15350,7547,0.0006518904823988869
2024-11-27,15350,15350,14910,15200,10396,-0.009771986970684043
2024-11-28,15350,15520,15080,15360,5026,0.010526315789473717
2024-11-29,15370,15470,14850,15010,10465,-0.02278645833333337
2024-12-02,15160,15180,14500,14690,35721,-0.02131912058627583
2024-12-03,14860,14930,14300,14350,18088,-0.023144996596324074
2024-12-04,13920,14250,13920,14160,30212,-0.013240418118466879
2024-12-05,13980,14330,13750,14250,20058,0.006355932203389925
2024-12-06,14390,14390,13890,14300,41568,0.0035087719298245723
2024-12-09,14500,14500,13320,13570,45740,-0.05104895104895102
2024-12-10,13010,14000,13010,14000,58128,0.0316875460574797
2024-12-11,13720,14370,13660,14100,165126,0.0071428571428571175
2024-12-12,14480,14480,13410,13780,60712,-0.02269503546099294
2024-12-13,13910,14200,13740,13890,33747,0.007982583454281489
2024-12-16,13820,14060,13560,13820,21785,-0.005039596832253412
2024-12-17,13970,14630,13840,14480,25660,0.04775687409551366
2024-12-18,14670,14840,14330,14510,13554,0.002071823204419898
2024-12-19,14480,14500,13950,14190,15101,-0.02205375603032389
2024-12-20,14010,14170,13310,13400,24719,-0.05567300916138129
2024-12-23,13730,13890,13350,13780,17791,0.028358208955223896
2024-12-24,13850,13850,13100,13230,28214,-0.03991291727140789
2024-12-26,13130,13450,12870,13050,19039,-0.013605442176870763
2024-12-27,12920,13040,12350,12500,26912,-0.04214559386973182
