Date,Open,High,Low,Close,Volume,Change
2022-01-03,1295,1300,1260,1290,64198,0.0
2022-01-04,1300,1300,1260,1290,83862,0.0
2022-01-05,1290,1295,1270,1280,48268,-0.007751937984496138
2022-01-06,1280,1290,1245,1275,80335,-0.00390625
2022-01-07,1290,1295,1265,1280,90027,0.0039215686274509665
2022-01-10,1280,1295,1265,1265,59141,-0.01171875
2022-01-11,1290,1290,1245,1265,37873,0.0
2022-01-12,1280,1295,1260,1290,49311,0.01976284584980248
2022-01-13,1280,1350,1280,1340,211839,0.03875968992248069
2022-01-14,1335,1350,1335,1345,105227,0.003731343283582156
2022-01-17,1345,1365,1340,1350,115565,0.0037174721189590088
2022-01-18,1310,1375,1310,1350,101319,0.0
2022-01-19,1345,1360,1325,1335,77702,-0.011111111111111072
2022-01-20,1355,1355,1300,1340,58594,0.0037453183520599342
2022-01-21,1350,1350,1310,1330,67531,-0.007462686567164201
2022-01-24,1325,1330,1200,1275,244463,-0.041353383458646586
2022-01-25,1265,1295,1225,1260,215056,-0.0117647058823529
2022-01-26,1250,1275,1245,1260,70820,0.0
2022-01-27,1270,1270,1190,1190,180743,-0.05555555555555558
2022-01-28,1190,1270,1185,1230,142159,0.03361344537815136
2022-02-03,1245,1255,1200,1220,177231,-0.008130081300813052
2022-02-04,1210,1225,1180,1220,224766,0.0
2022-02-07,1220,1220,1180,1210,157452,-0.008196721311475419
2022-02-08,1210,1230,1185,1200,117169,-0.008264462809917328
2022-02-09,1185,1220,1185,1215,112649,0.012499999999999956
2022-02-10,1210,1260,1210,1220,228069,0.004115226337448652
2022-02-11,1205,1250,1205,1235,157620,0.012295081967213184
2022-02-14,1235,1235,1180,1210,177639,-0.020242914979757054
2022-02-15,1190,1210,1165,1165,189417,-0.037190082644628086
2022-02-16,1185,1300,1160,1250,1417633,0.07296137339055786
2022-02-17,1415,1435,1180,1200,3358415,-0.040000000000000036
2022-02-18,1175,1305,1170,1235,1328065,0.029166666666666563
2022-02-21,1225,1230,1140,1190,729898,-0.036437246963562764
2022-02-22,1150,1390,1150,1250,2149122,0.050420168067226934
2022-02-23,1250,1255,1200,1210,474410,-0.03200000000000003
2022-02-24,1200,1210,1160,1170,596671,-0.03305785123966942
2022-02-25,1190,1200,1165,1190,253643,0.017094017094017033
2022-02-28,1185,1200,1170,1185,161142,-0.004201680672268893
2022-03-02,1175,1200,1170,1190,160932,0.00421940928270037
2022-03-03,1185,1280,1175,1200,1017582,0.008403361344537785
2022-03-04,1200,1340,1200,1300,2165673,0.08333333333333326
2022-03-07,1300,1325,1275,1320,536049,0.01538461538461533
2022-03-08,1310,1370,1270,1335,735073,0.011363636363636465
2022-03-10,1335,1365,1300,1335,424244,0.0
2022-03-11,1330,1440,1295,1390,1525499,0.04119850187265928
2022-03-14,1470,1480,1175,1225,5289914,-0.11870503597122306
2022-03-15,1220,1235,1195,1215,1025819,-0.008163265306122436
2022-03-16,1215,1275,1150,1255,1440768,0.03292181069958855
2022-03-17,1295,1340,1235,1255,2312157,0.0
2022-03-18,1340,1340,1185,1220,4106814,-0.027888446215139417
2022-03-21,1225,1340,1225,1315,3962440,0.07786885245901631
2022-03-22,1305,1305,1235,1280,1648360,-0.026615969581749055
2022-03-23,1280,1280,1235,1245,1229516,-0.02734375
2022-03-24,1240,1265,1220,1260,825901,0.012048192771084265
2022-03-25,1260,1265,1225,1240,873860,-0.015873015873015928
2022-03-28,1240,1240,1210,1215,648429,-0.020161290322580627
2022-03-29,1210,1235,1195,1210,795643,-0.004115226337448541
2022-03-30,1215,1215,1170,1200,1289640,-0.008264462809917328
2022-03-31,1200,1225,1180,1205,912847,0.004166666666666652
2022-04-01,1170,1190,1065,1095,3594270,-0.09128630705394192
2022-04-04,1100,1100,1065,1100,1240832,0.004566210045662045
2022-04-05,1140,1185,1100,1170,2188684,0.06363636363636371
2022-04-06,1170,1190,1120,1175,1295930,0.004273504273504258
2022-04-07,1155,1185,1145,1155,636468,-0.017021276595744705
2022-04-08,1145,1155,1105,1110,1040603,-0.038961038961038974
2022-04-11,1115,1115,1070,1090,505670,-0.018018018018018056
2022-04-12,1070,1090,1010,1030,1672792,-0.05504587155963303
2022-04-13,1035,1040,998,1030,787427,0.0
2022-04-14,1030,1065,1020,1020,786560,-0.009708737864077666
2022-04-15,1025,1025,1000,1020,332477,0.0
2022-04-18,1015,1100,1015,1070,802384,0.0490196078431373
2022-04-19,1060,1065,1040,1060,264720,-0.009345794392523366
2022-04-20,1060,1155,1050,1090,2317779,0.028301886792452935
2022-04-21,1090,1090,1040,1040,608076,-0.04587155963302747
2022-04-22,1025,1040,1015,1030,715574,-0.009615384615384581
2022-04-25,1010,1015,988,991,960300,-0.03786407766990296
2022-04-26,991,1020,988,1000,727916,0.00908173562058523
2022-04-27,990,993,966,983,602843,-0.017000000000000015
2022-04-28,983,986,961,964,602949,-0.019328585961342792
2022-04-29,964,983,927,948,750711,-0.016597510373444035
2022-05-02,948,970,935,964,379006,0.016877637130801704
2022-05-03,967,980,930,939,774751,-0.025933609958506243
2022-05-04,939,947,906,908,756761,-0.03301384451544198
2022-05-06,904,908,859,880,673871,-0.03083700440528636
2022-05-09,876,879,856,862,417399,-0.020454545454545503
2022-05-10,862,939,825,932,475711,0.08120649651972167
2022-05-11,938,944,904,904,260174,-0.030042918454935674
2022-05-12,922,922,864,864,458100,-0.04424778761061943
2022-05-13,865,915,860,863,182819,-0.0011574074074074403
2022-05-16,875,877,838,847,422121,-0.018539976825028948
2022-05-17,843,873,837,860,228597,0.015348288075560879
2022-05-18,865,879,847,851,374434,-0.010465116279069764
2022-05-19,844,851,815,834,454612,-0.0199764982373678
2022-05-20,830,855,820,827,406881,-0.008393285371702586
2022-05-23,828,854,820,838,398988,0.01330108827085863
2022-05-24,830,849,823,825,251287,-0.015513126491646823
2022-05-25,819,833,819,822,228356,-0.0036363636363636598
2022-05-26,827,829,817,822,241008,0.0
2022-05-27,823,1050,815,880,23731070,0.07055961070559613
2022-05-30,930,1140,919,1030,41561438,0.17045454545454541
2022-05-31,1035,1040,971,975,7698326,-0.05339805825242716
2022-06-02,970,981,956,976,1901411,0.0010256410256410664
2022-06-03,958,967,938,943,1514534,-0.03381147540983609
2022-06-07,941,998,928,972,3520803,0.030752916224814353
2022-06-08,972,973,927,936,1182131,-0.03703703703703709
2022-06-09,936,955,922,922,885924,-0.014957264957264904
2022-06-10,930,931,880,904,680194,-0.0195227765726681
2022-06-13,894,983,891,920,4509715,0.017699115044247815
2022-06-14,921,933,894,899,1103068,-0.022826086956521774
2022-06-15,911,942,890,896,856977,-0.0033370411568409697
2022-06-16,895,941,893,896,734328,0.0
2022-06-17,885,896,860,880,397157,-0.017857142857142905
2022-06-20,883,908,839,845,597045,-0.03977272727272729
2022-06-21,854,877,839,839,356344,-0.007100591715976323
2022-06-22,843,843,802,804,582398,-0.04171632896305122
2022-06-23,809,812,754,756,769806,-0.05970149253731338
2022-06-24,756,789,755,772,346722,0.021164021164021163
2022-06-27,794,800,779,793,160851,0.0272020725388602
2022-06-28,793,805,740,785,344986,-0.010088272383354302
2022-06-29,780,780,756,767,313210,-0.02292993630573248
2022-06-30,774,776,740,761,439038,-0.007822685788787531
2022-07-01,757,766,740,741,318967,-0.026281208935611033
2022-07-04,741,774,715,720,316303,-0.028340080971659964
2022-07-05,769,919,741,826,8637893,0.14722222222222214
2022-07-06,826,826,770,779,1055953,-0.056900726392251855
2022-07-07,779,790,761,780,348153,0.0012836970474967568
2022-07-08,788,797,777,781,339911,0.0012820512820512775
2022-07-11,781,804,777,781,359421,0.0
2022-07-12,780,781,750,755,418100,-0.033290653008962834
2022-07-13,755,773,751,758,188882,0.003973509933774766
2022-07-14,770,774,752,763,202474,0.006596306068601621
2022-07-15,769,769,745,756,241281,-0.00917431192660545
2022-07-18,756,781,750,778,271533,0.02910052910052907
2022-07-19,777,787,767,767,193918,-0.014138817480719768
2022-07-20,773,782,762,769,268757,0.0026075619295957697
2022-07-21,771,809,771,799,492555,0.03901170351105332
2022-07-22,799,824,791,798,292364,-0.0012515644555695093
2022-07-25,798,830,781,820,401989,0.027568922305764465
2022-07-26,820,824,806,813,203019,-0.008536585365853666
2022-07-27,810,816,797,808,228586,-0.006150061500615034
2022-07-28,810,819,804,810,185066,0.0024752475247524774
2022-07-29,812,830,812,828,324918,0.022222222222222143
2022-08-01,829,831,798,800,314167,-0.033816425120772986
2022-08-02,805,809,788,794,131299,-0.007499999999999951
2022-08-03,789,800,771,779,206607,-0.018891687657430767
2022-08-04,797,797,741,773,289233,-0.007702182284980763
2022-08-05,800,800,773,775,136909,0.002587322121604174
2022-08-08,799,799,763,772,124738,-0.003870967741935516
2022-08-09,787,822,765,814,373238,0.05440414507772018
2022-08-10,814,814,780,792,147353,-0.027027027027026973
2022-08-11,787,808,779,781,177658,-0.01388888888888884
2022-08-12,793,793,767,770,395330,-0.014084507042253502
2022-08-16,775,916,775,847,5018401,0.10000000000000009
2022-08-17,846,847,808,811,855948,-0.04250295159386064
2022-08-18,803,822,800,815,355645,0.004932182490752224
2022-08-19,815,883,806,820,997630,0.006134969325153339
2022-08-22,811,820,781,793,283824,-0.03292682926829271
2022-08-23,787,787,766,784,418214,-0.011349306431273631
2022-08-24,773,799,773,782,114902,-0.0025510204081632404
2022-08-25,796,796,776,787,146001,0.006393861892583175
2022-08-26,791,794,780,790,254175,0.003811944091486552
2022-08-29,775,789,757,781,247627,-0.011392405063291089
2022-08-30,775,788,760,780,340258,-0.001280409731113985
2022-08-31,790,790,765,774,436566,-0.007692307692307665
2022-09-01,773,778,756,757,368620,-0.021963824289405687
2022-09-02,748,767,745,752,328732,-0.006605019815059454
2022-09-05,752,752,735,742,321333,-0.013297872340425565
2022-09-06,755,755,710,739,207277,-0.0040431266846361336
2022-09-07,746,747,719,724,183391,-0.020297699594046037
2022-09-08,724,763,711,739,350913,0.02071823204419898
2022-09-13,747,751,739,740,142298,0.0013531799729364913
2022-09-14,740,750,715,724,324388,-0.021621621621621623
2022-09-15,725,747,700,722,365275,-0.002762430939226568
2022-09-16,717,717,700,701,427777,-0.02908587257617734
2022-09-19,693,693,666,670,475470,-0.0442225392296719
2022-09-20,668,689,666,675,308299,0.00746268656716409
2022-09-21,689,694,670,676,216723,0.001481481481481417
2022-09-22,669,675,655,666,289717,-0.014792899408283988
2022-09-23,666,670,639,646,489870,-0.03003003003003002
2022-09-26,642,643,586,613,417639,-0.051083591331269385
2022-09-27,607,613,595,610,353174,-0.004893964110929905
2022-09-28,610,613,576,580,364241,-0.049180327868852514
2022-09-29,574,603,574,595,148419,0.02586206896551735
2022-09-30,593,601,578,595,117295,0.0
2022-10-04,595,613,591,597,92848,0.003361344537815114
2022-10-05,610,620,597,598,201570,0.0016750418760469454
2022-10-06,633,633,604,609,84279,0.018394648829431537
2022-10-07,609,639,609,625,105404,0.026272577996715896
2022-10-11,645,645,581,620,330977,-0.008000000000000007
2022-10-12,616,703,601,670,1542873,0.08064516129032251
2022-10-13,671,671,622,644,266734,-0.03880597014925369
2022-10-14,637,670,620,641,303947,-0.004658385093167738
2022-10-17,641,649,631,640,126006,-0.0015600624024960652
2022-10-18,642,659,637,655,176817,0.0234375
2022-10-19,655,664,649,658,89498,0.004580152671755711
2022-10-20,661,674,636,636,95644,-0.033434650455927084
2022-10-21,619,634,619,630,104163,-0.009433962264150941
2022-10-24,630,645,611,635,105606,0.007936507936507908
2022-10-25,652,652,630,630,100231,-0.007874015748031482
2022-10-26,630,646,617,622,92123,-0.012698412698412653
2022-10-27,620,633,614,625,84420,0.004823151125401992
2022-10-28,627,633,619,625,44617,0.0
2022-10-31,620,629,616,621,41079,-0.006399999999999961
2022-11-01,623,637,619,626,113090,0.008051529790660261
2022-11-02,630,630,619,619,74605,-0.011182108626198062
2022-11-03,613,619,601,607,119408,-0.01938610662358642
2022-11-04,601,621,601,618,102740,0.01812191103789118
2022-11-07,618,631,618,625,132214,0.01132686084142387
2022-11-08,627,633,625,630,57466,0.008000000000000007
2022-11-09,632,646,630,645,126442,0.023809523809523725
2022-11-10,640,643,625,637,62631,-0.012403100775193798
2022-11-11,637,684,637,657,243105,0.031397174254317095
2022-11-14,657,672,641,644,152069,-0.019786910197869156
2022-11-15,640,651,628,638,231261,-0.009316770186335366
2022-11-16,647,738,643,680,3476923,0.0658307210031348
2022-11-17,698,698,666,679,411608,-0.0014705882352941124
2022-11-18,679,680,627,645,485764,-0.050073637702503726
2022-11-21,645,668,636,644,184854,-0.0015503875968991832
2022-11-22,630,648,629,643,148302,-0.0015527950310558758
2022-11-23,640,647,632,636,121410,-0.010886469673405896
2022-11-24,643,649,639,642,58208,0.009433962264151052
2022-11-25,642,650,642,642,104168,0.0
2022-11-28,642,658,633,633,165696,-0.014018691588784993
2022-11-29,622,632,620,630,152438,-0.004739336492891044
2022-11-30,634,680,631,666,214086,0.05714285714285716
2022-12-01,671,679,652,671,266583,0.007507507507507505
2022-12-02,671,689,671,671,309601,0.0
2022-12-05,668,688,668,681,147751,0.014903129657227954
2022-12-06,679,688,655,681,201176,0.0
2022-12-07,662,682,659,674,151821,-0.01027900146842875
2022-12-08,668,679,668,674,115584,0.0
2022-12-09,665,682,665,679,139150,0.007418397626112849
2022-12-12,687,726,686,725,663548,0.06774668630338732
2022-12-13,717,735,712,725,251259,0.0
2022-12-14,726,761,726,750,556782,0.034482758620689724
2022-12-15,750,808,750,800,1454041,0.06666666666666665
2022-12-16,800,829,792,821,937441,0.026250000000000107
2022-12-19,799,825,793,815,287599,-0.0073081607795371095
2022-12-20,815,818,742,772,470698,-0.05276073619631905
2022-12-21,765,769,742,755,220651,-0.022020725388601003
2022-12-22,755,815,752,767,659780,0.015894039735099286
2022-12-23,775,789,724,737,324969,-0.039113428943937434
2022-12-26,729,732,691,714,311230,-0.031207598371777445
2022-12-27,707,712,693,711,74846,-0.004201680672268893
2022-12-28,711,771,705,717,389542,0.00843881856540074
2022-12-29,717,727,705,706,94129,-0.015341701534170138
2023-01-02,692,719,685,692,116639,-0.019830028328611915
2023-01-03,686,692,669,686,148032,-0.00867052023121384
2023-01-04,682,722,674,700,211840,0.020408163265306145
2023-01-05,707,735,701,706,192217,0.008571428571428674
2023-01-06,706,724,690,706,179555,0.0
2023-01-09,706,720,706,712,96694,0.008498583569405138
2023-01-10,712,739,710,720,63306,0.011235955056179803
2023-01-11,720,730,715,728,46808,0.011111111111111072
2023-01-12,728,740,719,736,72994,0.01098901098901095
2023-01-13,736,746,713,744,87242,0.010869565217391353
2023-01-16,737,746,721,732,120957,-0.016129032258064502
2023-01-17,732,744,709,722,120290,-0.013661202185792365
2023-01-18,715,722,685,696,164798,-0.03601108033240996
2023-01-19,696,719,686,719,55739,0.03304597701149414
2023-01-20,719,725,702,703,32696,-0.022253129346314293
2023-01-25,703,725,698,720,114892,0.024182076813655806
2023-01-26,733,733,711,711,82918,-0.012499999999999956
2023-01-27,714,726,712,726,71461,0.021097046413502074
2023-01-30,728,728,716,716,69669,-0.01377410468319562
2023-01-31,716,721,706,716,152835,0.0
2023-02-01,716,823,716,757,2626737,0.0572625698324023
2023-02-02,765,767,736,749,459494,-0.010568031704095149
2023-02-03,750,807,750,760,967148,0.014686248331108098
2023-02-06,760,799,754,782,423526,0.02894736842105261
2023-02-07,774,775,759,762,272125,-0.025575447570332477
2023-02-08,762,774,747,747,208876,-0.019685039370078705
2023-02-09,756,756,736,741,122117,-0.008032128514056214
2023-02-10,741,747,732,739,265595,-0.0026990553306343035
2023-02-13,739,747,731,741,154941,0.0027063599458727605
2023-02-14,733,759,733,749,115503,0.010796221322537214
2023-02-15,749,810,748,755,1423808,0.008010680907877266
2023-02-16,747,770,736,750,304728,-0.0066225165562914245
2023-02-17,751,777,747,763,159764,0.017333333333333423
2023-02-20,760,790,745,753,363555,-0.013106159895150737
2023-02-21,753,756,711,741,478301,-0.015936254980079667
2023-02-22,736,737,696,712,351383,-0.03913630229419707
2023-02-23,705,735,705,727,275227,0.02106741573033699
2023-02-24,727,727,712,715,207108,-0.016506189821182904
2023-02-27,707,731,702,720,245405,0.006993006993007089
2023-02-28,720,734,705,715,238284,-0.00694444444444442
2023-03-02,719,730,700,723,206092,0.01118881118881121
2023-03-03,723,723,669,711,264824,-0.016597510373444035
2023-03-06,708,717,693,702,287815,-0.012658227848101222
2023-03-07,697,702,687,702,176132,0.0
2023-03-08,702,717,696,702,143128,0.0
2023-03-09,699,701,677,684,227844,-0.02564102564102566
2023-03-10,677,720,675,700,269326,0.023391812865497075
2023-03-13,695,695,655,685,185103,-0.021428571428571463
2023-03-14,678,691,660,660,127629,-0.03649635036496346
2023-03-15,660,697,641,670,225034,0.015151515151515138
2023-03-16,676,676,650,663,199589,-0.010447761194029903
2023-03-17,673,705,673,677,231494,0.02111613876319751
2023-03-20,677,699,677,686,285918,0.013293943870014813
2023-03-21,686,698,648,672,234113,-0.020408163265306145
2023-03-22,677,685,669,675,106876,0.0044642857142858094
2023-03-23,676,678,658,670,230253,-0.007407407407407418
2023-03-24,668,732,642,684,865323,0.020895522388059806
2023-03-27,684,787,679,725,3102335,0.059941520467836185
2023-03-28,725,780,715,770,887154,0.06206896551724128
2023-03-29,764,780,747,774,443507,0.0051948051948051965
2023-03-30,774,774,737,743,344174,-0.040051679586563305
2023-03-31,743,777,721,761,262113,0.024226110363391617
2023-04-03,761,762,700,719,665654,-0.05519053876478319
2023-04-04,719,740,708,732,231529,0.018080667593880495
2023-04-05,732,802,732,776,1425195,0.060109289617486406
2023-04-06,776,795,735,749,309379,-0.03479381443298968
2023-04-07,751,763,720,742,284404,-0.009345794392523366
2023-04-10,743,746,713,731,212959,-0.014824797843665749
2023-04-11,731,758,720,753,338184,0.030095759233926156
2023-04-12,753,765,744,748,183354,-0.006640106241699861
2023-04-13,748,752,709,724,465583,-0.03208556149732622
2023-04-14,725,755,709,728,262974,0.005524861878453136
2023-04-17,729,735,718,718,373575,-0.013736263736263687
2023-04-18,719,728,713,717,205609,-0.0013927576601671099
2023-04-19,718,718,708,713,188762,-0.00557880055788007
2023-04-20,713,735,711,713,352144,0.0
2023-04-21,713,715,670,707,338151,-0.008415147265077194
2023-04-24,704,710,680,702,270845,-0.007072135785007094
2023-04-25,702,702,682,691,207272,-0.015669515669515688
2023-04-26,691,702,675,681,173899,-0.01447178002894356
2023-04-27,681,700,661,688,332331,0.010279001468428861
2023-04-28,689,701,670,677,167883,-0.015988372093023284
2023-05-02,677,684,668,669,126161,-0.011816838995568735
2023-05-03,669,684,640,662,205024,-0.010463378176382654
2023-05-04,656,681,650,662,208816,0.0
2023-05-08,662,678,650,669,342049,0.010574018126888296
2023-05-09,669,669,652,659,125098,-0.014947683109118093
2023-05-10,658,662,646,646,198136,-0.019726858877086473
2023-05-11,653,683,646,666,170975,0.030959752321981338
2023-05-12,663,680,651,678,178575,0.018018018018018056
2023-05-15,677,677,652,667,230777,-0.016224188790560423
2023-05-16,664,664,636,641,229489,-0.038980509745127456
2023-05-17,635,650,634,649,181336,0.012480499219968744
2023-05-18,649,659,645,653,77026,0.006163328197226425
2023-05-19,654,667,646,649,229743,-0.006125574272588086
2023-05-22,649,665,649,654,68122,0.007704160246533087
2023-05-23,656,673,645,646,248211,-0.012232415902140636
2023-05-24,652,652,640,641,155136,-0.007739938080495334
2023-05-25,644,647,638,642,141448,0.0015600624024960652
2023-05-26,643,644,633,643,149718,0.0015576323987538387
2023-05-30,637,835,637,716,11688224,0.11353032659409013
2023-05-31,716,724,695,703,1684006,-0.018156424581005637
2023-06-01,703,721,689,704,828940,0.0014224751066855834
2023-06-02,704,715,692,694,546800,-0.014204545454545414
2023-06-05,695,702,683,693,386541,-0.0014409221902017544
2023-06-07,700,700,690,691,314024,-0.0028860028860029363
2023-06-08,691,772,681,713,4625650,0.03183791606367592
2023-06-09,714,720,700,705,479026,-0.011220196353436185
2023-06-12,705,715,698,709,269623,0.005673758865248235
2023-06-13,705,771,703,765,2554432,0.07898448519040913
2023-06-14,750,786,742,769,1003513,0.005228758169934622
2023-06-15,762,791,738,760,1391213,-0.011703511053316018
2023-06-16,760,777,717,731,689578,-0.03815789473684206
2023-06-19,731,744,712,737,320677,0.008207934336525335
2023-06-20,731,749,709,714,316242,-0.031207598371777445
2023-06-21,718,731,706,716,103106,0.0028011204481792618
2023-06-22,767,767,711,725,494248,0.012569832402234526
2023-06-23,725,731,709,712,228099,-0.017931034482758568
2023-06-26,712,717,696,700,338342,-0.016853932584269704
2023-06-27,704,712,697,707,143394,0.010000000000000009
2023-06-28,705,713,697,713,113782,0.008486562942008558
2023-06-29,705,717,699,701,133015,-0.016830294530154277
2023-06-30,697,707,691,704,167083,0.004279600570613384
2023-07-03,704,720,691,707,173049,0.0042613636363635354
2023-07-04,708,719,700,710,160709,0.004243281471004279
2023-07-05,711,729,704,707,141999,-0.004225352112676051
2023-07-06,707,718,703,706,140364,-0.0014144271570014633
2023-07-07,710,723,697,704,152532,-0.0028328611898017497
2023-07-10,701,704,677,697,173248,-0.009943181818181768
2023-07-11,691,709,689,703,135054,0.008608321377331363
2023-07-12,703,711,697,704,59518,0.0014224751066855834
2023-07-13,704,740,695,722,307794,0.02556818181818188
2023-07-14,722,749,709,726,194813,0.005540166204986097
2023-07-17,723,735,675,701,504895,-0.03443526170798894
2023-07-18,698,699,689,689,98552,-0.01711840228245365
2023-07-19,689,709,678,679,207968,-0.014513788098693747
2023-07-20,681,684,672,674,96200,-0.007363770250368162
2023-07-21,674,689,667,674,133266,0.0
2023-07-24,674,686,657,664,146482,-0.014836795252225476
2023-07-25,652,680,650,680,164486,0.024096385542168752
2023-07-26,679,679,624,638,313069,-0.061764705882352944
2023-07-27,633,647,632,635,206155,-0.00470219435736674
2023-07-28,635,647,632,643,65572,0.012598425196850505
2023-07-31,643,654,636,639,84239,-0.0062208398133748455
2023-08-01,644,659,639,657,51309,0.028169014084507005
2023-08-02,657,660,623,660,182856,0.004566210045662045
2023-08-03,650,666,645,656,82775,-0.0060606060606061
2023-08-04,656,656,640,647,86667,-0.013719512195121908
2023-08-07,651,663,632,660,85843,0.020092735703245657
2023-08-08,651,667,642,667,167001,0.010606060606060508
2023-08-09,660,666,628,648,112229,-0.028485757121439303
2023-08-10,652,658,643,649,26757,0.0015432098765431057
2023-08-11,658,658,631,640,218972,-0.013867488443759624
2023-08-14,642,648,611,627,270640,-0.020312499999999956
2023-08-16,625,626,580,609,425355,-0.028708133971291905
2023-08-17,600,622,585,622,169373,0.021346469622331776
2023-08-18,601,615,597,609,88987,-0.020900321543408373
2023-08-21,592,607,592,598,206067,-0.01806239737274218
2023-08-22,598,606,592,597,117627,-0.0016722408026755842
2023-08-23,597,604,591,602,59344,0.008375209380234505
2023-08-24,595,609,585,609,87254,0.011627906976744207
2023-08-25,609,609,598,599,139715,-0.016420361247947435
2023-08-28,599,620,595,604,201111,0.008347245409014992
2023-08-29,604,620,601,608,97850,0.0066225165562914245
2023-08-30,608,619,600,611,169870,0.004934210526315708
2023-08-31,616,619,603,604,73256,-0.011456628477905073
2023-09-01,604,613,599,613,111850,0.01490066225165565
2023-09-04,607,615,607,615,47642,0.0032626427406199365
2023-09-05,614,620,607,617,39742,0.003252032520325132
2023-09-06,619,623,605,613,101439,-0.00648298217179899
2023-09-07,613,624,605,618,166872,0.00815660685154973
2023-09-08,609,630,609,630,192025,0.01941747572815533
2023-09-11,630,675,626,668,412931,0.060317460317460325
2023-09-12,664,664,628,630,141200,-0.05688622754491013
2023-09-13,630,635,610,614,107468,-0.025396825396825418
2023-09-14,610,645,610,625,92163,0.01791530944625408
2023-09-15,625,638,622,626,81573,0.0016000000000000458
2023-09-18,626,630,611,630,95974,0.006389776357827559
2023-09-19,620,630,608,630,76859,0.0
2023-09-20,622,678,622,635,506899,0.007936507936507908
2023-09-21,635,673,634,668,175772,0.051968503937007915
2023-09-22,668,699,649,685,359690,0.025449101796407136
2023-09-25,665,700,665,685,387081,0.0
2023-09-26,685,709,678,695,483680,0.014598540145985384
2023-09-27,685,707,667,700,192889,0.007194244604316502
2023-10-04,700,705,690,698,315552,-0.0028571428571428914
2023-10-05,691,701,688,697,214862,-0.0014326647564469885
2023-10-06,697,708,692,700,258360,0.004304160688665792
2023-10-10,700,710,688,700,244892,0.0
2023-10-11,700,720,697,709,481856,0.0128571428571429
2023-10-12,703,714,692,707,147127,-0.0028208744710860323
2023-10-13,707,714,684,704,238614,-0.004243281471004279
2023-10-16,688,703,684,684,172811,-0.02840909090909094
2023-10-17,689,707,680,684,197997,0.0
2023-10-18,684,684,652,652,318415,-0.04678362573099415
2023-10-19,634,645,607,625,421494,-0.04141104294478526
2023-10-20,621,628,601,628,201887,0.0047999999999999154
2023-10-23,605,646,605,627,250913,-0.0015923566878981443
2023-10-24,606,640,606,617,65804,-0.01594896331738438
2023-10-25,619,645,617,618,139032,0.0016207455429497752
2023-10-26,611,627,608,616,122390,-0.003236245954692518
2023-10-27,603,639,601,612,102030,-0.00649350649350644
2023-10-30,612,660,607,620,210557,0.013071895424836555
2023-10-31,627,643,608,614,89447,-0.009677419354838679
2023-11-01,607,632,599,602,271636,-0.019543973941368087
2023-11-02,610,621,605,615,82788,0.021594684385382035
2023-11-03,632,633,615,624,70824,0.014634146341463428
2023-11-06,623,640,612,613,237928,-0.017628205128205177
2023-11-07,624,624,606,610,119863,-0.004893964110929905
2023-11-08,625,625,608,611,345394,0.0016393442622950616
2023-11-09,614,621,612,612,70548,0.0016366612111293755
2023-11-10,605,623,603,609,127171,-0.004901960784313708
2023-11-13,611,620,590,594,440826,-0.024630541871921152
2023-11-14,589,606,584,586,356511,-0.013468013468013518
2023-11-15,604,623,593,607,268693,0.03583617747440271
2023-11-16,615,650,615,630,665500,0.03789126853377267
2023-11-17,637,667,634,649,431485,0.03015873015873005
2023-11-20,675,676,640,648,273447,-0.0015408320493066618
2023-11-21,659,659,608,620,546921,-0.043209876543209846
2023-11-22,617,620,608,616,227535,-0.006451612903225823
2023-11-23,616,621,604,612,204010,-0.00649350649350644
2023-11-24,612,620,605,610,129612,-0.0032679738562091387
2023-11-27,614,625,611,618,219743,0.013114754098360715
2023-11-28,618,623,605,617,151135,-0.0016181229773463146
2023-11-29,617,623,611,616,84794,-0.0016207455429497752
2023-11-30,634,634,618,628,375219,0.01948051948051943
2023-12-01,628,630,612,628,158741,0.0
2023-12-04,628,628,610,613,242874,-0.023885350318471388
2023-12-05,613,628,610,620,162255,0.011419249592169667
2023-12-06,616,625,611,622,134527,0.003225806451612856
2023-12-07,622,626,610,620,135232,-0.003215434083601254
2023-12-08,620,627,612,625,172788,0.008064516129032251
2023-12-11,625,626,615,624,102026,-0.0016000000000000458
2023-12-12,623,625,600,622,243405,-0.0032051282051281937
2023-12-13,622,623,605,605,152299,-0.02733118971061088
2023-12-14,607,619,600,612,217876,0.011570247933884392
2023-12-15,612,618,601,617,206398,0.008169934640522847
2023-12-18,617,625,608,617,187725,0.0
2023-12-19,618,643,617,641,481421,0.03889789303079416
2023-12-20,641,660,641,659,337536,0.02808112324492984
2023-12-21,653,670,625,646,198082,-0.019726858877086473
2023-12-22,635,646,621,621,150335,-0.03869969040247678
2023-12-26,620,625,606,610,314621,-0.017713365539452464
2023-12-27,614,619,606,616,169802,0.009836065573770592
2023-12-28,613,630,611,622,111854,0.009740259740259827
2024-01-02,622,643,614,637,136429,0.02411575562700974
2024-01-03,635,652,621,647,119144,0.01569858712715866
2024-01-04,630,639,626,632,128292,-0.023183925811437356
2024-01-05,625,656,624,644,122021,0.018987341772152
2024-01-08,644,660,620,627,244406,-0.026397515527950333
2024-01-09,628,634,627,632,75544,0.00797448165869219
2024-01-10,632,640,611,611,226852,-0.03322784810126578
2024-01-11,612,631,612,629,86799,0.029459901800327426
2024-01-12,623,648,620,630,149026,0.0015898251192367763
2024-01-15,620,623,612,622,131258,-0.012698412698412653
2024-01-16,619,621,615,621,59942,-0.001607717041800627
2024-01-17,619,619,610,613,99343,-0.012882447665056307
2024-01-18,611,622,605,610,107709,-0.004893964110929905
2024-01-19,616,619,605,611,71357,0.0016393442622950616
2024-01-22,624,629,604,613,185212,0.003273322422258529
2024-01-23,613,613,599,609,265697,-0.006525285481239762
2024-01-24,609,614,597,608,81879,-0.0016420361247947435
2024-01-25,606,606,599,604,90013,-0.006578947368421018
2024-01-26,604,607,599,604,142561,0.0
2024-01-29,607,612,600,605,147424,0.0016556291390728006
2024-01-30,601,605,597,603,149013,-0.0033057851239669533
2024-01-31,598,603,592,599,145900,-0.0066334991708125735
2024-02-01,598,600,572,600,112792,0.0016694490818029983
2024-02-02,594,607,593,606,167038,0.010000000000000009
2024-02-05,606,614,597,611,173276,0.008250825082508184
2024-02-06,600,668,600,620,1106648,0.014729950900163713
2024-02-07,627,627,605,612,164185,-0.012903225806451646
2024-02-08,612,615,601,608,232412,-0.006535947712418277
2024-02-13,608,612,600,610,149867,0.00328947368421062
2024-02-14,600,607,600,606,95158,-0.006557377049180357
2024-02-15,608,611,602,609,83413,0.004950495049504955
2024-02-16,609,619,607,618,127236,0.014778325123152802
2024-02-19,617,630,616,627,213617,0.014563106796116498
2024-02-20,628,628,605,624,172504,-0.004784688995215336
2024-02-21,619,629,611,612,99085,-0.019230769230769273
2024-02-22,612,618,608,614,82343,0.0032679738562091387
2024-02-23,614,664,610,656,779413,0.0684039087947883
2024-02-26,654,657,630,653,279998,-0.004573170731707266
2024-02-27,638,646,625,625,207004,-0.04287901990811638
2024-02-28,625,631,613,616,304483,-0.014399999999999968
2024-02-29,615,630,605,613,136828,-0.004870129870129913
2024-03-04,613,622,608,615,207447,0.0032626427406199365
2024-03-05,615,615,607,614,91799,-0.001626016260162566
2024-03-06,606,614,604,611,101338,-0.004885993485342022
2024-03-07,610,611,601,608,199856,-0.004909983633387904
2024-03-08,605,615,601,607,89376,-0.00164473684210531
2024-03-11,607,608,599,604,207136,-0.0049423393739703725
2024-03-12,604,604,599,602,148002,-0.0033112582781457123
2024-03-13,596,603,590,600,275028,-0.0033222591362126463
2024-03-14,600,601,593,601,148177,0.0016666666666667052
2024-03-15,601,601,585,596,236858,-0.008319467554076532
2024-03-18,594,600,593,600,159977,0.006711409395973256
2024-03-19,602,604,589,599,436762,-0.0016666666666667052
2024-03-20,599,602,588,599,302248,0.0
2024-03-21,599,600,585,592,435248,-0.011686143572620988
2024-03-22,592,595,586,590,273685,-0.0033783783783783994
2024-03-25,591,599,578,589,690481,-0.0016949152542372614
2024-03-26,589,595,580,587,697390,-0.00339558573853993
2024-03-27,587,595,574,590,1045689,0.005110732538330387
2024-03-28,585,610,581,599,557738,0.015254237288135686
2024-03-29,599,611,595,609,441600,0.016694490818029983
2024-04-01,606,610,595,610,455582,0.0016420361247948545
2024-04-02,607,614,598,608,541087,-0.003278688524590123
2024-04-03,601,606,582,593,890054,-0.024671052631578982
2024-04-04,592,604,585,589,384844,-0.006745362563237767
2024-04-05,582,596,578,587,520023,-0.00339558573853993
2024-04-08,587,587,575,578,554702,-0.015332197614991494
2024-04-09,578,584,572,578,310383,0.0
2024-04-11,572,577,553,574,665558,-0.00692041522491349
2024-04-12,574,584,567,583,336044,0.015679442508710784
2024-04-15,578,578,552,573,593592,-0.01715265866209259
2024-04-16,560,573,550,557,376172,-0.027923211169284423
2024-04-17,557,578,556,575,291701,0.032315978456014305
2024-04-18,575,575,561,568,130315,-0.012173913043478257
2024-04-19,568,577,550,562,355119,-0.010563380281690127
2024-04-22,557,578,539,561,406187,-0.001779359430605032
2024-04-23,561,571,530,530,1122060,-0.05525846702317294
2024-04-24,543,543,499,510,1886585,-0.037735849056603765
2024-04-25,513,518,508,513,558501,0.00588235294117645
2024-04-26,529,637,525,591,15016852,0.1520467836257311
2024-04-29,571,615,532,568,4559301,-0.03891708967851104
2024-04-30,560,568,536,547,1119772,-0.0369718309859155
2024-05-02,605,617,550,555,3111513,0.014625228519195677
2024-05-03,560,566,551,566,926267,0.01981981981981984
2024-05-07,566,578,565,569,594612,0.005300353356890497
2024-05-08,569,572,558,562,377304,-0.012302284710017597
2024-05-09,562,569,551,555,361762,-0.01245551601423489
2024-05-10,558,563,547,562,477278,0.012612612612612706
2024-05-13,533,573,533,551,372380,-0.019572953736654797
2024-05-14,551,559,545,553,221994,0.003629764065335772
2024-05-16,553,558,543,549,266469,-0.007233273056057921
2024-05-17,546,546,499,515,2213121,-0.06193078324225865
2024-05-20,511,514,501,507,769640,-0.01553398058252431
2024-05-21,507,517,505,512,481024,0.009861932938856066
2024-05-22,512,512,502,502,365769,-0.01953125
2024-05-23,502,505,486,499,635502,-0.005976095617529875
2024-05-24,499,511,497,499,187708,0.0
2024-05-27,499,516,497,505,231821,0.012024048096192397
2024-05-28,507,518,507,517,248163,0.023762376237623783
2024-05-29,523,523,502,503,180794,-0.027079303675048405
2024-05-30,498,506,498,504,153594,0.001988071570576455
2024-05-31,500,506,498,500,226811,-0.007936507936507908
2024-06-03,500,509,497,503,191432,0.006000000000000005
2024-06-04,505,519,505,512,276594,0.017892644135188762
2024-06-05,512,513,504,505,60724,-0.013671875
2024-06-07,506,510,501,501,133382,-0.007920792079207928
2024-06-10,502,508,500,506,150843,0.009980039920159722
2024-06-11,506,525,501,508,155873,0.0039525691699604515
2024-06-12,505,511,500,505,159727,-0.0059055118110236116
2024-06-13,505,509,498,501,267263,-0.007920792079207928
2024-06-14,504,504,491,496,305544,-0.009980039920159722
2024-06-17,496,499,490,498,324489,0.0040322580645162365
2024-06-18,496,501,494,495,71138,-0.0060240963855421326
2024-06-19,500,500,490,490,204900,-0.010101010101010055
2024-06-20,490,498,477,489,316120,-0.0020408163265306367
2024-06-21,489,489,477,484,140831,-0.010224948875255602
2024-06-24,487,488,473,474,413332,-0.02066115702479343
2024-06-25,479,483,473,475,106339,0.0021097046413502962
2024-06-26,486,523,485,508,1479289,0.06947368421052635
2024-06-27,508,521,490,521,595661,0.025590551181102317
2024-06-28,521,575,490,495,2755257,-0.0499040307101728
2024-07-01,496,519,479,485,924868,-0.02020202020202022
2024-07-02,484,491,476,482,433596,-0.006185567010309256
2024-07-03,478,506,478,490,993145,0.016597510373443924
2024-07-04,490,498,482,488,172467,-0.004081632653061273
2024-07-05,492,506,484,495,339750,0.014344262295082011
2024-07-08,500,512,495,495,99066,0.0
2024-07-09,500,501,486,490,229205,-0.010101010101010055
2024-07-10,490,492,484,485,115564,-0.010204081632653073
2024-07-11,485,490,479,484,150110,-0.0020618556701030855
2024-07-12,484,490,476,477,213102,-0.01446280991735538
2024-07-15,477,515,476,501,767420,0.05031446540880502
2024-07-16,511,516,498,505,383718,0.007984031936127733
2024-07-17,504,506,492,492,114450,-0.025742574257425765
2024-07-18,492,501,485,493,195625,0.00203252032520318
2024-07-19,488,506,485,495,147208,0.0040567951318457585
2024-07-22,494,494,480,481,120016,-0.028282828282828243
2024-07-23,478,500,478,482,72057,0.0020790020790020236
2024-07-24,482,492,478,478,106894,-0.008298755186721962
2024-07-25,478,478,469,476,134126,-0.004184100418409997
2024-07-26,474,478,468,475,99026,-0.0021008403361344463
2024-07-29,475,476,461,467,299251,-0.01684210526315788
2024-07-30,467,472,459,471,149019,0.008565310492505418
2024-07-31,466,469,453,459,142219,-0.02547770700636942
2024-08-01,459,478,454,463,129515,0.008714596949890963
2024-08-02,458,458,446,457,161763,-0.01295896328293733
2024-08-05,450,450,400,422,615882,-0.07658643326039383
2024-08-06,420,450,409,428,251419,0.014218009478673022
2024-08-07,441,452,429,450,176332,0.051401869158878455
2024-08-08,450,453,422,443,63105,-0.015555555555555545
2024-08-09,443,459,437,447,136482,0.009029345372460584
2024-08-12,446,446,438,439,101872,-0.017897091722595126
2024-08-13,441,490,439,454,925966,0.034168564920273425
2024-08-14,454,477,444,464,782403,0.022026431718061623
2024-08-16,464,490,457,475,246289,0.0237068965517242
2024-08-19,482,482,465,470,214085,-0.010526315789473717
2024-08-20,473,486,472,482,140286,0.025531914893617058
2024-08-21,482,490,468,471,167361,-0.022821576763485507
2024-08-22,474,478,464,464,48087,-0.014861995753715496
2024-08-23,464,474,460,464,64979,0.0
2024-08-26,464,468,458,458,156382,-0.012931034482758674
2024-08-27,458,494,457,475,260966,0.037117903930131035
2024-08-28,476,485,472,474,162406,-0.002105263157894721
2024-08-29,474,482,468,472,86665,-0.00421940928270037
2024-08-30,472,480,464,468,195262,-0.008474576271186418
2024-09-02,468,478,468,473,136631,0.010683760683760646
2024-09-03,473,481,473,476,91762,0.00634249471458781
2024-09-04,473,474,453,453,177640,-0.04831932773109249
2024-09-05,454,487,453,478,312577,0.05518763796909498
2024-09-06,478,483,461,466,128831,-0.025104602510460206
2024-09-09,466,476,450,470,91017,0.008583690987124415
2024-09-10,470,477,463,470,51485,0.0
2024-09-11,470,477,461,468,62021,-0.004255319148936176
2024-09-12,470,480,466,471,90674,0.0064102564102563875
2024-09-13,480,480,463,464,108981,-0.014861995753715496
2024-09-19,464,472,455,458,110633,-0.012931034482758674
2024-09-20,460,467,455,465,78688,0.015283842794759916
2024-09-23,465,477,460,469,60789,0.008602150537634357
2024-09-24,469,490,467,480,142866,0.023454157782516027
2024-09-25,480,489,475,475,111878,-0.01041666666666663
2024-09-26,475,484,471,478,105432,0.006315789473684275
2024-09-27,478,483,472,477,82258,-0.0020920502092049986
2024-09-30,478,482,469,473,75684,-0.008385744234800874
2024-10-02,473,474,467,470,70116,-0.006342494714587699
2024-10-04,462,470,462,464,107004,-0.012765957446808529
2024-10-07,464,474,464,468,68167,0.008620689655172376
2024-10-08,468,468,450,451,369495,-0.03632478632478631
2024-10-10,453,466,446,449,166627,-0.0044345898004434225
2024-10-11,449,456,442,448,100891,-0.00222717149220486
2024-10-14,448,451,443,448,31434,0.0
2024-10-15,448,492,437,470,461887,0.049107142857142794
2024-10-16,480,486,450,462,395166,-0.017021276595744705
2024-10-17,462,462,445,446,155269,-0.03463203463203468
2024-10-18,446,449,435,439,109127,-0.015695067264574036
2024-10-21,439,441,429,436,56395,-0.006833712984054663
2024-10-22,436,437,418,425,128447,-0.025229357798165153
2024-10-23,425,438,425,438,77552,0.030588235294117583
2024-10-24,432,437,419,431,50047,-0.01598173515981738
2024-10-25,429,458,424,427,111169,-0.009280742459396807
2024-10-28,427,433,421,427,67238,0.0
2024-10-29,432,432,405,427,157038,0.0
2024-10-30,427,431,416,419,81866,-0.0187353629976581
2024-10-31,419,420,401,419,87359,0.0
2024-11-01,418,421,405,419,81728,0.0
2024-11-04,419,424,412,414,41873,-0.011933174224343701
2024-11-05,419,429,417,420,79060,0.01449275362318847
2024-11-06,420,422,411,415,103239,-0.011904761904761862
2024-11-07,412,430,412,429,130954,0.033734939759036076
2024-11-08,432,461,424,424,305043,-0.011655011655011704
2024-11-11,424,434,396,411,162829,-0.030660377358490587
2024-11-12,411,418,406,416,82645,0.012165450121654597
2024-11-13,411,413,401,405,130832,-0.02644230769230771
2024-11-14,406,424,401,404,173879,-0.0024691358024691024
2024-11-15,401,408,380,408,292199,0.00990099009900991
2024-11-18,403,417,395,396,187502,-0.02941176470588236
2024-11-19,396,414,390,395,127485,-0.002525252525252486
2024-11-20,390,405,390,403,138096,0.020253164556962133
2024-11-21,398,409,398,404,63527,0.002481389578163684
2024-11-22,403,420,400,400,78405,-0.00990099009900991
2024-11-25,400,412,360,400,942704,0.0
2024-11-26,400,413,398,405,189819,0.012499999999999956
2024-11-27,405,417,401,405,68892,0.0
2024-11-28,405,406,400,402,56339,-0.007407407407407418
2024-11-29,402,411,399,400,91168,-0.00497512437810943
2024-12-02,395,412,394,400,135163,0.0
2024-12-03,398,402,391,398,113902,-0.0050000000000000044
2024-12-04,395,398,385,391,214497,-0.017587939698492483
2024-12-05,391,403,391,393,128361,0.005115089514066584
2024-12-06,393,398,370,393,191443,0.0
2024-12-09,381,392,374,381,109184,-0.03053435114503822
2024-12-10,381,419,380,414,241076,0.08661417322834652
2024-12-11,412,414,406,408,91887,-0.01449275362318836
2024-12-12,408,415,403,406,61087,-0.004901960784313708
2024-12-13,401,405,401,405,34037,-0.0024630541871921707
2024-12-16,405,410,398,404,95957,-0.0024691358024691024
2024-12-17,408,412,398,405,88985,0.0024752475247524774
2024-12-18,405,424,400,406,82901,0.0024691358024691024
2024-12-19,406,406,397,402,66229,-0.009852216748768461
2024-12-20,403,405,377,391,252158,-0.027363184079602032
2024-12-23,391,399,391,395,72898,0.010230179028132946
2024-12-24,395,404,394,398,150458,0.0075949367088608
2024-12-26,398,405,388,398,323957,0.0
2024-12-27,395,397,389,392,23150,-0.015075376884422065
2024-12-30,392,400,387,397,37218,0.012755102040816313
2025-01-02,397,408,396,404,187175,0.017632241813602123
2025-01-03,404,405,399,404,51979,0.0
2025-01-06,404,404,397,397,116966,-0.017326732673267342
2025-01-07,397,409,397,405,156274,0.02015113350125941
2025-01-08,405,410,400,401,76250,-0.00987654320987652
2025-01-09,405,406,396,402,74914,0.0024937655860348684
2025-01-10,405,405,393,401,112633,-0.0024875621890547706
2025-01-13,400,408,386,393,67811,-0.01995012468827928
2025-01-14,393,398,392,398,14194,0.012722646310432628
2025-01-15,400,401,390,391,65540,-0.017587939698492483
2025-01-16,393,400,391,399,30800,0.020460358056265893
2025-01-17,402,404,396,396,60471,-0.007518796992481258
2025-01-20,399,411,398,401,371053,0.012626262626262541
2025-01-21,405,409,385,393,138422,-0.01995012468827928
2025-01-22,396,398,380,388,191277,-0.012722646310432517
2025-01-23,390,390,374,378,187313,-0.02577319587628868
2025-01-24,380,400,377,390,123781,0.031746031746031855
2025-01-31,390,397,383,384,30329,-0.01538461538461533
2025-02-03,378,382,371,377,81980,-0.01822916666666663
2025-02-04,378,390,376,380,91332,0.007957559681697646
2025-02-05,383,383,372,378,76374,-0.0052631578947368585
2025-02-06,381,395,370,392,187904,0.03703703703703698
2025-02-07,392,392,388,390,95775,-0.005102040816326481
2025-02-10,393,395,383,384,60880,-0.01538461538461533
2025-02-11,386,401,381,386,94940,0.005208333333333259
2025-02-12,385,388,382,384,34054,-0.005181347150259086
2025-02-13,384,384,376,376,105929,-0.02083333333333337
2025-02-14,376,382,370,371,92083,-0.013297872340425565
2025-02-17,374,376,360,369,149227,-0.005390835579514808
2025-02-18,369,371,363,369,106220,0.0
2025-02-19,370,371,360,367,263386,-0.005420054200542035
2025-02-20,364,380,364,379,100449,0.032697547683923744
2025-02-21,383,383,376,380,56000,0.0026385224274405594
2025-02-24,377,383,374,376,53045,-0.010526315789473717
2025-02-25,379,478,374,412,5337604,0.0957446808510638
2025-02-26,413,470,410,469,2427300,0.13834951456310685
2025-02-27,469,492,451,476,860132,0.014925373134328401
2025-02-28,472,472,440,472,477087,-0.008403361344537785
2025-03-04,461,485,433,480,235820,0.016949152542372836
2025-03-05,480,494,453,481,306902,0.002083333333333437
2025-03-06,479,491,461,487,55034,0.012474012474012364
2025-03-07,472,496,450,484,111856,-0.006160164271047264
2025-03-10,480,480,445,445,269984,-0.08057851239669422
2025-03-11,445,449,404,444,451094,-0.0022471910112359383
2025-03-12,432,456,420,450,78023,0.013513513513513598
2025-03-13,442,450,422,429,179707,-0.046666666666666634
2025-03-14,425,426,408,414,149241,-0.034965034965035
2025-03-17,414,430,403,409,169789,-0.012077294685990392
2025-03-18,409,411,395,395,186178,-0.03422982885085579
2025-03-19,394,493,390,392,2664642,-0.0075949367088608
2025-03-20,392,399,384,385,332509,-0.017857142857142905
2025-03-21,384,385,364,379,259021,-0.01558441558441559
