Date,Open,High,Low,Close,Volume,Change
2022-01-03,23550,24950,23000,24200,363672,0.008333333333333304
2022-01-04,24000,25050,23700,23950,262727,-0.010330578512396715
2022-01-05,23650,25150,23650,24200,258058,0.010438413361169019
2022-01-06,23800,24500,22800,23000,184843,-0.04958677685950408
2022-01-07,23050,24000,23050,23500,126725,0.021739130434782705
2022-01-10,23750,23750,21900,22200,118034,-0.05531914893617018
2022-01-11,22300,22850,21800,21900,77453,-0.013513513513513487
2022-01-12,22250,22350,20900,21100,104788,-0.0365296803652968
2022-01-13,20600,21150,19250,19350,209790,-0.08293838862559244
2022-01-14,18800,20200,18450,18950,165541,-0.02067183462532296
2022-01-17,18950,19500,18050,18550,94488,-0.02110817941952503
2022-01-18,18900,18900,17450,17700,95911,-0.04582210242587603
2022-01-19,17200,18450,17150,18350,72907,0.03672316384180796
2022-01-20,18350,19300,18050,19250,52907,0.04904632152588562
2022-01-21,19250,19250,18200,18300,61542,-0.04935064935064937
2022-01-24,18250,18250,16950,17500,39153,-0.04371584699453557
2022-01-25,17800,17800,16000,16100,51508,-0.07999999999999996
2022-01-26,16350,16350,15650,15750,32224,-0.021739130434782594
2022-01-27,15550,15800,14550,14750,34842,-0.06349206349206349
2022-01-28,15100,15250,14350,15150,19742,0.027118644067796627
2022-02-03,15250,16300,15200,15600,89108,0.02970297029702973
2022-02-04,15250,16450,15200,15900,63878,0.019230769230769162
2022-02-07,16100,16600,15600,16350,41386,0.028301886792452935
2022-02-08,16350,17150,16300,16600,41878,0.015290519877675823
2022-02-09,16650,16900,16500,16650,18905,0.003012048192771122
2022-02-10,16900,16900,15950,16100,22712,-0.033033033033033066
2022-02-11,16100,16200,15400,15600,27002,-0.03105590062111796
2022-02-14,14850,15250,14450,14450,47419,-0.07371794871794868
2022-02-15,14500,15400,13800,15200,55689,0.05190311418685112
2022-02-16,15700,16350,15400,16200,40653,0.06578947368421062
2022-02-17,16250,16600,15800,16200,31427,0.0
2022-02-18,15800,16300,15750,16200,17546,0.0
2022-02-21,16000,20350,15800,18300,1918114,0.12962962962962954
2022-02-22,17600,18150,17350,17700,241510,-0.032786885245901676
2022-02-23,17750,17900,17200,17250,119416,-0.025423728813559365
2022-02-24,17250,17550,16300,16350,93230,-0.05217391304347829
2022-02-25,16700,16850,16350,16350,41982,0.0
2022-02-28,16550,16550,16000,16350,45711,0.0
2022-03-02,16150,17900,16150,17550,103223,0.07339449541284404
2022-03-03,17950,21250,17650,19900,1036870,0.1339031339031338
2022-03-04,19600,20800,19600,20000,205418,0.005025125628140614
2022-03-07,19700,22700,19000,21550,848773,0.0774999999999999
2022-03-08,21050,25250,20200,21200,1624823,-0.016241299303944357
2022-03-10,21200,21350,20100,20150,220130,-0.04952830188679247
2022-03-11,20400,21800,20050,20900,235858,0.037220843672456594
2022-03-14,20900,22950,20900,21750,255389,0.04066985645933019
2022-03-15,21800,22950,21800,21950,147329,0.009195402298850519
2022-03-16,22400,22700,21650,22700,108970,0.034168564920273425
2022-03-17,24800,24800,22350,23200,593630,0.022026431718061623
2022-03-18,23850,24950,23200,23400,508584,0.008620689655172376
2022-03-21,23550,23700,22000,22000,225998,-0.05982905982905984
2022-03-22,22100,22450,21050,21650,206803,-0.015909090909090873
2022-03-23,21900,22900,21250,22250,306282,0.02771362586605086
2022-03-24,22300,22900,21950,22450,132547,0.008988764044943753
2022-03-25,22700,22800,22000,22300,101531,-0.006681514476614692
2022-03-28,22250,22250,21850,22050,59762,-0.011210762331838597
2022-03-29,22200,22650,21650,21950,71292,-0.0045351473922902175
2022-03-30,21350,21900,21350,21800,142617,-0.006833712984054663
2022-03-31,21550,22050,21400,21750,86345,-0.002293577981651418
2022-04-01,21400,21900,21400,21750,39588,0.0
2022-04-04,21900,22600,21550,22600,82510,0.03908045977011487
2022-04-05,22500,22500,21800,21900,67057,-0.030973451327433676
2022-04-06,21650,22000,21300,21650,84123,-0.011415525114155223
2022-04-07,21500,21550,20750,20850,49467,-0.036951501154734445
2022-04-08,20900,21200,20150,21200,56107,0.01678657074340517
2022-04-11,20850,21300,20550,20900,29292,-0.014150943396226467
2022-04-12,20250,21300,19850,21050,95442,0.0071770334928229484
2022-04-13,21250,21700,20900,21150,46755,0.004750593824228044
2022-04-14,21200,22550,21000,22000,119038,0.04018912529550822
2022-04-15,21950,23900,21800,23100,286960,0.050000000000000044
2022-04-18,23300,23300,22400,22850,115388,-0.010822510822510845
2022-04-19,22850,23350,22500,22800,62361,-0.002188183807439792
2022-04-20,22550,23000,22050,22500,94845,-0.013157894736842146
2022-04-21,22250,22350,21650,21650,72407,-0.0377777777777778
2022-04-22,21250,21850,20750,21600,43291,-0.002309468822170868
2022-04-25,21050,21150,20300,20300,66777,-0.06018518518518523
2022-04-26,20300,20900,20250,20750,39209,0.022167487684729092
2022-04-27,20250,20700,20200,20400,23651,-0.016867469879518038
2022-04-28,20450,21050,19600,19800,41757,-0.02941176470588236
2022-04-29,20450,20450,19900,19900,16500,0.005050505050504972
2022-05-02,19900,19900,19150,19300,28066,-0.03015075376884424
2022-05-03,19300,19800,19300,19500,17220,0.010362694300518172
2022-05-04,19500,19600,19200,19200,13479,-0.01538461538461533
2022-05-06,19000,19200,18500,18800,23046,-0.02083333333333337
2022-05-09,18450,18700,17900,17900,34537,-0.0478723404255319
2022-05-10,17500,18150,16600,17950,30289,0.0027932960893854997
2022-05-11,18000,18650,18000,18200,22585,0.013927576601671321
2022-05-12,18200,18200,16750,16900,43741,-0.0714285714285714
2022-05-13,17450,17450,16400,17200,56000,0.01775147928994092
2022-05-16,17300,17850,17150,17350,29893,0.008720930232558155
2022-05-17,17400,17600,17150,17200,19522,-0.008645533141210415
2022-05-18,17500,17700,17200,17350,17729,0.008720930232558155
2022-05-19,17000,17200,16200,16650,70034,-0.04034582132564846
2022-05-20,16900,17500,16600,17350,37474,0.04204204204204198
2022-05-23,17400,18550,17100,18400,44708,0.060518731988472574
2022-05-24,18850,18850,18000,18250,23481,-0.008152173913043459
2022-05-25,18000,18700,17850,18250,32854,0.0
2022-05-26,18250,19400,18250,18800,39997,0.03013698630136985
2022-05-27,18750,19150,18750,18800,12996,0.0
2022-05-30,18900,19600,18850,19500,17273,0.037234042553191404
2022-05-31,19450,19550,18900,19300,27955,-0.01025641025641022
2022-06-02,19200,19200,18350,18350,28533,-0.04922279792746109
2022-06-03,18900,18900,18100,18250,18772,-0.00544959128065392
2022-06-07,18000,18500,17700,18050,18217,-0.010958904109588996
2022-06-08,17950,18450,17900,18450,10248,0.02216066481994461
2022-06-09,18150,18500,18000,18050,6748,-0.02168021680216803
2022-06-10,17800,18550,17800,18000,12737,-0.0027700831024930483
2022-06-13,17050,20850,17050,17750,178005,-0.01388888888888884
2022-06-14,17550,18500,16600,17050,33927,-0.03943661971830981
2022-06-15,16900,17150,16000,16100,34835,-0.055718475073313734
2022-06-16,16250,16800,15500,15600,52511,-0.03105590062111796
2022-06-17,15100,15300,14750,15300,51462,-0.019230769230769273
2022-06-20,15150,15800,14550,14700,39400,-0.039215686274509776
2022-06-21,14950,15450,14700,15000,21948,0.020408163265306145
2022-06-22,15000,15450,14300,14600,21048,-0.026666666666666616
2022-06-23,14400,14900,13750,13750,39450,-0.05821917808219179
2022-06-24,13600,14450,13600,14400,24185,0.047272727272727355
2022-06-27,14450,15150,14350,14350,30452,-0.00347222222222221
2022-06-28,14250,14750,14250,14350,19376,0.0
2022-06-29,14350,15650,14000,15450,28176,0.0766550522648084
2022-06-30,14950,15450,14600,14900,95725,-0.035598705501618144
2022-07-01,14900,14900,13900,14450,28597,-0.030201342281879207
2022-07-04,14400,15150,14400,15000,34791,0.03806228373702414
2022-07-05,14750,15450,14750,15050,32209,0.0033333333333334103
2022-07-06,15500,16850,15200,16000,250208,0.06312292358803995
2022-07-07,16200,16450,15650,16000,49936,0.0
2022-07-08,15900,17150,15900,16100,62979,0.006250000000000089
2022-07-11,16250,19750,16150,17700,615147,0.0993788819875776
2022-07-12,17450,17650,16600,17050,121668,-0.03672316384180796
2022-07-13,16800,17500,16450,17400,140909,0.02052785923753664
2022-07-14,17200,18600,17000,17900,163808,0.028735632183908066
2022-07-15,18050,18700,17600,18350,129270,0.025139664804469275
2022-07-18,18500,19600,18500,18800,135453,0.02452316076294281
2022-07-19,18800,20650,18800,20000,397295,0.06382978723404253
2022-07-20,20600,21100,19000,19150,210010,-0.04249999999999998
2022-07-21,19400,20100,18800,19550,112331,0.02088772845953013
2022-07-22,20500,22300,20400,21200,708661,0.0843989769820972
2022-07-25,19850,20500,18800,19350,291042,-0.08726415094339623
2022-07-26,19100,19300,18500,18650,105354,-0.036175710594315236
2022-07-27,18350,20500,18350,19900,287890,0.06702412868632712
2022-07-28,20050,20200,19500,19950,84784,0.002512562814070307
2022-07-29,20000,20200,19450,19800,73078,-0.007518796992481258
2022-08-01,19800,19800,19150,19200,69108,-0.030303030303030276
2022-08-02,19050,19350,18500,18650,67110,-0.02864583333333337
2022-08-03,18850,19850,18650,19800,99236,0.06166219839142095
2022-08-04,20000,20300,19450,19600,76744,-0.010101010101010055
2022-08-05,19700,19950,19450,19500,33352,-0.005102040816326481
2022-08-08,19500,20650,18900,20350,143339,0.04358974358974366
2022-08-09,20550,21850,19900,21500,279751,0.05651105651105648
2022-08-10,21300,22050,20750,21000,159390,-0.023255813953488413
2022-08-11,21350,22200,21100,21200,130309,0.00952380952380949
2022-08-12,21100,21750,20600,20800,52985,-0.018867924528301883
2022-08-16,20800,21150,20100,20150,63053,-0.03125
2022-08-17,20400,20500,19500,19850,42801,-0.01488833746898266
2022-08-18,19850,19900,19200,19650,49403,-0.010075566750629705
2022-08-19,19600,20500,19400,20500,72550,0.04325699745547085
2022-08-22,20300,20300,18800,19050,115971,-0.07073170731707312
2022-08-23,18650,19100,18350,18550,71566,-0.026246719160105014
2022-08-24,18600,18900,18350,18550,29500,0.0
2022-08-25,18450,20050,18450,19750,99069,0.06469002695417791
2022-08-26,19550,20250,19550,19650,59692,-0.005063291139240533
2022-08-29,18850,19250,18400,18750,72375,-0.04580152671755722
2022-08-30,18800,19650,18800,19550,65972,0.04266666666666663
2022-08-31,19500,20000,19300,19850,84093,0.01534526854219953
2022-09-01,19550,19800,19000,19250,57306,-0.030226700251889116
2022-09-02,19350,19700,18650,19100,73501,-0.007792207792207795
2022-09-05,19200,19200,18350,19000,65332,-0.005235602094240788
2022-09-06,19150,19300,18650,19050,34211,0.002631578947368318
2022-09-07,18800,19050,18650,18750,21900,-0.015748031496062964
2022-09-08,18950,19500,18950,19300,33520,0.029333333333333433
2022-09-13,19700,20250,19550,19950,66304,0.033678756476683835
2022-09-14,19150,19850,19100,19600,20466,-0.01754385964912286
2022-09-15,20000,20150,19650,20150,33625,0.028061224489795977
2022-09-16,20150,20250,19600,20100,36518,-0.002481389578163795
2022-09-19,20000,20350,19500,19800,37872,-0.014925373134328401
2022-09-20,19900,20250,19800,19850,20222,0.002525252525252597
2022-09-21,19600,20350,19250,20000,37931,0.007556675062972307
2022-09-22,19900,20950,19700,20750,115780,0.03750000000000009
2022-09-23,20700,21000,19550,19950,59339,-0.03855421686746985
2022-09-26,19400,19900,18700,18750,87998,-0.06015037593984962
2022-09-27,18800,19300,18500,18850,38404,0.005333333333333412
2022-09-28,18850,19200,17000,17650,77453,-0.06366047745358094
2022-09-29,18000,19350,18000,18350,87502,0.03966005665722383
2022-09-30,18350,19300,18000,19050,40015,0.038147138964577554
2022-10-04,19300,19750,19100,19550,31189,0.026246719160105014
2022-10-05,19700,19800,19100,19550,28966,0.0
2022-10-06,19550,20850,19550,20000,86554,0.023017902813299296
2022-10-07,20000,20500,19750,20300,27907,0.014999999999999902
2022-10-11,19800,20000,18550,18650,54645,-0.08128078817733986
2022-10-12,18650,20250,18300,20000,54274,0.07238605898123329
2022-10-13,19800,20600,19550,19700,51288,-0.015000000000000013
2022-10-14,20600,20600,19850,20200,54625,0.025380710659898442
2022-10-17,19900,20900,19650,20300,50267,0.004950495049504955
2022-10-18,20950,20950,20200,20600,106420,0.014778325123152802
2022-10-19,21550,22450,20800,20800,430223,0.009708737864077666
2022-10-20,20750,21250,19200,19600,165064,-0.05769230769230771
2022-10-21,19500,20150,19250,19450,52228,-0.007653061224489832
2022-10-24,19850,20250,19100,19300,46610,-0.007712082262210762
2022-10-25,19300,19600,18800,19300,38574,0.0
2022-10-26,19300,19750,18900,19050,44468,-0.012953367875647714
2022-10-27,19050,19850,19050,19700,34095,0.034120734908136496
2022-10-28,19700,20250,19500,20250,33274,0.027918781725888353
2022-10-31,20600,21450,20300,20400,129512,0.007407407407407307
2022-11-01,20650,20850,19900,20450,56998,0.002450980392156854
2022-11-02,20400,20550,20050,20500,29309,0.0024449877750611915
2022-11-03,20100,21400,20000,21400,57220,0.04390243902439028
2022-11-04,21500,22300,21050,21550,149121,0.007009345794392496
2022-11-07,21900,22950,21750,22650,195085,0.051044083526682105
2022-11-08,23150,24500,22450,24050,425918,0.06181015452538641
2022-11-09,24000,24000,22800,22950,210188,-0.04573804573804574
2022-11-10,22600,23200,22100,22950,113639,0.0
2022-11-11,23400,23600,22750,23250,109729,0.013071895424836555
2022-11-14,23250,23350,22550,23200,122629,-0.0021505376344086446
2022-11-15,23050,23750,22900,23450,150227,0.010775862068965525
2022-11-16,23500,24100,22750,23000,222490,-0.019189765458422214
2022-11-17,23300,23600,22350,22900,162846,-0.004347826086956497
2022-11-18,23150,23850,22850,23300,577702,0.017467248908296984
2022-11-21,24750,27800,24700,27200,7722530,0.1673819742489271
2022-11-22,27650,28700,26900,28650,3034192,0.053308823529411686
2022-11-23,28800,29950,28000,29200,2124935,0.01919720767888311
2022-11-24,29050,37950,28700,37950,7923323,0.29965753424657526
2022-11-25,37100,39450,35750,38400,5410181,0.011857707509881354
2022-11-28,38900,39600,33900,34800,2457475,-0.09375
2022-11-29,34050,34150,31450,32550,1634065,-0.06465517241379315
2022-11-30,31450,33300,31350,32650,1225686,0.003072196620583778
2022-12-01,32700,33800,31950,32350,1138683,-0.009188361408882129
2022-12-02,32550,33750,31500,33750,1182136,0.043276661514683123
2022-12-05,32850,33400,30100,31100,1152018,-0.07851851851851854
2022-12-06,30400,30650,29150,29550,470603,-0.04983922829581988
2022-12-07,29450,30850,29050,30500,534441,0.0321489001692048
2022-12-08,30850,30900,29100,29750,363678,-0.024590163934426257
2022-12-09,30050,31900,29800,31700,859115,0.06554621848739495
2022-12-12,31850,33450,30100,32150,2411673,0.014195583596214423
2022-12-13,31750,31900,28600,28600,1016989,-0.11041990668740276
2022-12-14,27750,27950,26500,27250,971969,-0.047202797202797186
2022-12-15,27450,29200,26900,27050,1164088,-0.007339449541284404
2022-12-16,26100,27800,25850,26700,600396,-0.012939001848428888
2022-12-19,26700,27800,26450,26550,606276,-0.005617977528089901
2022-12-20,27050,28300,26250,26650,879780,0.0037664783427495685
2022-12-21,27050,28200,26650,26850,545910,0.007504690431519689
2022-12-22,26800,26800,25100,25400,463067,-0.054003724394785846
2022-12-23,24900,25100,23600,23700,575948,-0.06692913385826771
2022-12-26,23300,23500,22500,22550,394121,-0.048523206751054815
2022-12-27,23150,23350,22250,22300,292238,-0.011086474501108667
2022-12-28,22000,22750,22000,22150,219861,-0.006726457399103158
2022-12-29,22050,22750,20900,21200,355272,-0.04288939051918739
2023-01-02,21050,21400,20500,20800,184149,-0.018867924528301883
2023-01-03,20700,21150,20200,20650,194833,-0.007211538461538436
2023-01-04,20650,21400,20450,21300,226391,0.0314769975786926
2023-01-05,22150,24350,21600,21800,2223579,0.023474178403755763
2023-01-06,21950,22300,20900,20950,579765,-0.03899082568807344
2023-01-09,21050,21300,20850,21050,173810,0.004773269689737569
2023-01-10,21000,21200,20700,20800,172426,-0.01187648456057011
2023-01-11,20800,21150,20600,20900,144746,0.004807692307692291
2023-01-12,21150,21800,21050,21250,243386,0.01674641148325362
2023-01-13,21550,21900,21150,21350,258213,0.004705882352941115
2023-01-16,21500,22200,21100,21900,345913,0.025761124121779888
2023-01-17,24550,26350,23400,24900,7155903,0.13698630136986312
2023-01-18,24350,24500,22650,22650,890446,-0.09036144578313254
2023-01-19,23150,24150,22900,23950,1105311,0.05739514348785879
2023-01-20,24600,25100,23650,23650,767974,-0.012526096033402934
2023-01-25,23300,23350,22600,22700,340361,-0.04016913319238902
2023-01-26,22550,22900,22150,22400,302974,-0.013215859030836996
2023-01-27,22400,22450,21950,22100,246483,-0.013392857142857095
2023-01-30,22100,22300,21200,21350,229546,-0.0339366515837104
2023-01-31,21100,21500,20500,21050,147705,-0.014051522248243575
2023-02-01,21050,21500,20850,21000,158620,-0.002375296912114022
2023-02-02,21600,22500,21600,22400,481892,0.06666666666666665
2023-02-03,22500,22550,21800,22000,160965,-0.017857142857142905
2023-02-06,21900,21900,21050,21050,193671,-0.04318181818181821
2023-02-07,21150,21450,21100,21400,98101,0.016627078384798155
2023-02-08,21400,21400,21100,21200,91215,-0.009345794392523366
2023-02-09,21050,21450,21050,21100,87066,-0.004716981132075526
2023-02-10,21100,21100,19730,19800,512063,-0.06161137440758291
2023-02-13,19850,19980,19160,19770,176974,-0.0015151515151514694
2023-02-14,19850,20150,19780,20050,127322,0.014162873039959445
2023-02-15,19930,20500,19260,19340,195122,-0.03541147132169575
2023-02-16,19670,19670,19330,19430,93428,0.004653567735263708
2023-02-17,19140,19310,19120,19140,83014,-0.014925373134328401
2023-02-20,19270,19600,19130,19520,55998,0.01985370950888199
2023-02-21,19400,19760,19380,19540,70556,0.0010245901639345245
2023-02-22,19100,19310,19020,19050,84912,-0.02507676560900718
2023-02-23,19200,20000,19000,19370,133289,0.01679790026246719
2023-02-24,19990,20100,19560,19840,196497,0.024264326277749104
2023-02-27,19840,19960,19450,19660,78223,-0.009072580645161255
2023-02-28,19660,20250,19660,19830,80690,0.008646998982706045
2023-03-02,19970,20200,19750,20000,98280,0.008572869389813498
2023-03-03,20200,21750,20000,21650,573280,0.08250000000000002
2023-03-06,22000,22000,21250,21650,219833,0.0
2023-03-07,22250,23000,21900,22800,492961,0.053117782909930744
2023-03-08,22000,22100,20950,21350,333990,-0.0635964912280702
2023-03-09,21350,22850,20700,22200,364688,0.03981264637002346
2023-03-10,21950,22800,21700,21850,221115,-0.015765765765765716
2023-03-13,21350,21550,20300,20750,183337,-0.05034324942791757
2023-03-14,20700,21000,19000,19010,247288,-0.08385542168674698
2023-03-15,19300,19610,18970,19020,127018,0.0005260389268806342
2023-03-16,18910,19010,18220,18480,125563,-0.028391167192429068
2023-03-17,18650,19430,18590,19220,114380,0.0400432900432901
2023-03-20,19070,19590,19070,19230,60467,0.0005202913631634498
2023-03-21,19300,19630,18790,19050,104170,-0.009360374414976613
2023-03-22,19100,19350,18890,19220,86007,0.00892388451443571
2023-03-23,19000,19160,18630,18670,82694,-0.02861602497398541
2023-03-24,18810,19700,18810,19600,116601,0.04981253347616499
2023-03-27,19510,19670,18860,19120,76320,-0.024489795918367308
2023-03-28,19120,21000,18980,20150,411346,0.05387029288702938
2023-03-29,20200,20500,19980,20150,135944,0.0
2023-03-30,20150,20200,19490,19550,103858,-0.02977667493796521
2023-03-31,19550,19660,19070,19120,70461,-0.021994884910485957
2023-04-03,19050,19320,18940,18940,64608,-0.009414225941422605
2023-04-04,19000,19290,18770,18960,67238,0.001055966209081216
2023-04-05,19080,19230,18960,19050,37643,0.004746835443038
2023-04-06,19100,19250,18810,19010,53066,-0.0020997375328084544
2023-04-07,18820,19070,18820,18880,50766,-0.00683850604944769
2023-04-10,18900,18900,18240,18300,87166,-0.03072033898305082
2023-04-11,18300,18690,18100,18570,53597,0.014754098360655776
2023-04-12,18570,18810,18300,18590,52756,0.001077005923532548
2023-04-13,18590,19060,18280,19060,60018,0.025282409897794622
2023-04-14,19150,19570,19100,19340,113767,0.014690451206715638
2023-04-17,19440,19490,19170,19360,62105,0.0010341261633919352
2023-04-18,19360,20050,19040,19850,197952,0.025309917355371914
2023-04-19,19880,21150,19650,21050,327084,0.06045340050377823
2023-04-20,21100,21350,19900,19910,298911,-0.05415676959619953
2023-04-21,19830,19940,19200,19440,109112,-0.02360622802611756
2023-04-24,19860,19860,19130,19290,54300,-0.007716049382716084
2023-04-25,20050,20600,18820,18860,206861,-0.022291342664593095
2023-04-26,18500,19100,18420,18690,51441,-0.009013785790031759
2023-04-27,18520,19080,18450,18800,51263,0.005885500267522659
2023-04-28,18700,19060,18700,18750,43396,-0.0026595744680850686
2023-05-02,18500,19200,18500,19120,48368,0.01973333333333338
2023-05-03,18770,19330,18770,19000,35326,-0.006276150627615107
2023-05-04,19010,19260,18890,18950,23145,-0.0026315789473684292
2023-05-08,19180,19180,18930,19050,31437,0.005277044854881341
2023-05-09,18860,19290,18850,19280,36552,0.012073490813648391
2023-05-10,19350,20400,19170,19920,122515,0.03319502074688807
2023-05-11,20100,22400,20050,21800,730646,0.0943775100401607
2023-05-12,21650,22100,21250,21800,212850,0.0
2023-05-15,21450,21550,20450,20750,137189,-0.04816513761467889
2023-05-16,20750,22350,20550,22300,326546,0.07469879518072298
2023-05-17,22450,23650,21900,23650,437832,0.060538116591928315
2023-05-18,23750,25000,19990,21400,1162637,-0.09513742071881603
2023-05-19,21400,22650,21200,22500,299460,0.051401869158878455
2023-05-22,22100,22500,21200,21900,143577,-0.026666666666666616
2023-05-23,21900,22050,21000,21350,154914,-0.02511415525114158
2023-05-24,21500,22350,21050,21700,117934,0.016393442622950838
2023-05-25,21450,22250,21300,21750,83140,0.0023041474654377225
2023-05-26,21750,24250,21400,23200,679540,0.06666666666666665
2023-05-30,23150,23550,22500,22800,173519,-0.017241379310344862
2023-05-31,22500,22950,22250,22600,112979,-0.00877192982456143
2023-06-01,22900,24550,22750,24150,513766,0.06858407079646023
2023-06-02,23950,24450,23600,23650,153260,-0.020703933747411973
2023-06-05,23550,24200,22900,23700,112984,0.0021141649048626032
2023-06-07,23700,23800,23250,23500,78729,-0.008438818565400852
2023-06-08,23450,25300,22750,25050,365300,0.06595744680851068
2023-06-09,25050,25350,24550,25150,167515,0.003992015968063978
2023-06-12,25150,25250,24250,24750,99757,-0.015904572564612307
2023-06-13,24800,24800,23550,23800,157180,-0.03838383838383841
2023-06-14,23800,24000,21900,22250,271939,-0.06512605042016806
2023-06-15,22550,22650,21400,22100,93124,-0.006741573033707815
2023-06-16,22350,23350,21400,23050,158239,0.042986425339366585
2023-06-19,22750,22850,21700,22100,109749,-0.041214750542299394
2023-06-20,21900,22500,21100,21800,110084,-0.013574660633484115
2023-06-21,21550,21800,20800,20950,89479,-0.03899082568807344
2023-06-22,20850,21000,20200,20400,76565,-0.026252983293556076
2023-06-23,20400,20600,19750,19890,90419,-0.025000000000000022
2023-06-26,20100,20100,19480,19680,54886,-0.010558069381598756
2023-06-27,19680,19680,19120,19500,57129,-0.009146341463414642
2023-06-28,19450,20550,19400,20200,69529,0.03589743589743599
2023-06-29,20500,20550,19850,20100,45009,-0.004950495049504955
2023-06-30,19910,21050,19870,20100,69585,0.0
2023-07-03,20500,20800,19680,19720,108512,-0.018905472636815968
2023-07-04,19690,19690,18730,18790,111454,-0.04716024340770786
2023-07-05,18820,18980,18450,18750,74661,-0.002128791910590788
2023-07-06,18500,18750,17930,18000,84901,-0.040000000000000036
2023-07-07,17860,18200,17260,17440,159910,-0.03111111111111109
2023-07-10,17290,17710,17290,17410,48396,-0.0017201834862384802
2023-07-11,17420,17620,16900,17190,111032,-0.01263641585295805
2023-07-12,17320,17320,16470,16860,116069,-0.01919720767888311
2023-07-13,16880,17470,16880,17200,48073,0.02016607354685651
2023-07-14,17210,17240,16740,16740,47849,-0.02674418604651163
2023-07-17,16750,16910,16460,16680,82352,-0.0035842293906810374
2023-07-18,16650,16700,16150,16150,70581,-0.03177458033573144
2023-07-19,16100,16290,15650,15950,93658,-0.012383900928792602
2023-07-20,15700,16180,15700,16050,33963,0.006269592476489061
2023-07-21,15950,16200,15850,16000,36037,-0.0031152647975077885
2023-07-24,15820,15870,15010,15070,80535,-0.05812499999999998
2023-07-25,15100,15490,14820,14820,83002,-0.016589250165892522
2023-07-26,14640,15300,13520,13810,140007,-0.06815114709851555
2023-07-27,13700,14720,13700,14520,63071,0.051412020275162895
2023-07-28,14380,14950,14380,14760,56308,0.016528925619834656
2023-07-31,14760,14970,14560,14830,42861,0.004742547425474308
2023-08-01,14750,15200,14750,15060,35717,0.015509103169251581
2023-08-02,15100,15150,14440,14520,59590,-0.03585657370517925
2023-08-03,14450,14500,14000,14280,30483,-0.016528925619834656
2023-08-04,14200,14840,14100,14800,31200,0.036414565826330625
2023-08-07,14930,15060,14350,14830,26238,0.002027027027027062
2023-08-08,14920,14990,14360,14500,35120,-0.022252191503708718
2023-08-09,14360,14670,14180,14650,15776,0.010344827586206806
2023-08-10,14650,15700,14500,15560,85929,0.06211604095563139
2023-08-11,15350,15350,14780,15050,50261,-0.032776349614395905
2023-08-14,15150,15450,14860,15230,33684,0.01196013289036535
2023-08-16,15080,15080,14330,14380,62133,-0.055810899540380876
2023-08-17,14050,14650,13790,14620,52121,0.016689847009735637
2023-08-18,14220,14390,13970,14120,38234,-0.034199726402188824
2023-08-21,13940,14380,13930,14120,26171,0.0
2023-08-22,14010,14560,13830,13870,53552,-0.01770538243626063
2023-08-23,13800,14250,13570,13630,33425,-0.017303532804614274
2023-08-24,13630,13910,13630,13770,30837,0.010271460014673606
2023-08-25,13510,13750,13200,13250,33013,-0.03776325344952791
2023-08-28,13310,13670,13200,13500,35541,0.018867924528301883
2023-08-29,13500,14100,13500,13760,36193,0.01925925925925931
2023-08-30,13760,14050,13760,13880,21958,0.008720930232558155
2023-08-31,14150,14150,13520,13600,26123,-0.02017291066282423
2023-09-01,13500,13740,13400,13560,30490,-0.002941176470588225
2023-09-04,13810,13810,13410,13470,24127,-0.006637168141592875
2023-09-05,13320,13500,13300,13350,22347,-0.008908685968819552
2023-09-06,13320,13430,13090,13260,32058,-0.006741573033707815
2023-09-07,13190,13190,12750,12750,48388,-0.038461538461538436
2023-09-08,12750,12950,12600,12770,32655,0.0015686274509802978
2023-09-11,12770,12940,12760,12780,16902,0.000783085356303781
2023-09-12,12800,13280,12800,12870,26742,0.007042253521126751
2023-09-13,12720,12840,12330,12600,34905,-0.020979020979020935
2023-09-14,12600,12760,12440,12510,39281,-0.0071428571428571175
2023-09-15,12430,12990,12430,12820,16547,0.02478017585931247
2023-09-18,12740,12910,12500,12540,20014,-0.021840873634945357
2023-09-19,12440,12550,12220,12340,19073,-0.01594896331738438
2023-09-20,12160,12450,12110,12200,29647,-0.011345218800648316
2023-09-21,12000,12140,11670,11670,40533,-0.04344262295081969
2023-09-22,11560,11900,11360,11680,14621,0.0008568980291345785
2023-09-25,11430,11640,11070,11370,43977,-0.02654109589041098
2023-09-26,11150,11400,10910,11190,22358,-0.0158311345646438
2023-09-27,10900,11470,10750,11310,16573,0.01072386058981234
2023-10-04,10820,11080,10600,10740,33166,-0.050397877984084904
2023-10-05,10660,11000,10500,10500,36402,-0.022346368715083775
2023-10-06,10300,11140,10300,10600,20765,0.00952380952380949
2023-10-10,10800,11300,10690,10730,18947,0.01226415094339628
2023-10-11,10740,11200,10740,10990,23122,0.024231127679403608
2023-10-12,10990,11620,10990,11550,23523,0.05095541401273884
2023-10-13,11540,11540,11050,11140,14319,-0.03549783549783547
2023-10-16,11000,11220,10800,10990,20056,-0.013464991023339312
2023-10-17,11100,11490,10750,10770,22403,-0.020018198362147355
2023-10-18,10770,10930,10390,10680,26276,-0.00835654596100277
2023-10-19,10500,10650,10010,10230,35129,-0.042134831460674205
2023-10-20,10000,10100,9750,9900,31706,-0.032258064516129004
2023-10-23,9600,10100,9600,9800,20193,-0.010101010101010055
2023-10-24,9800,10400,9450,10280,25487,0.048979591836734615
2023-10-25,10210,10480,9910,10080,13703,-0.01945525291828798
2023-10-26,9820,10000,9490,9520,22467,-0.05555555555555558
2023-10-27,9480,9830,9480,9520,11820,0.0
2023-10-30,9520,9690,9430,9540,16760,0.0021008403361344463
2023-10-31,9540,10050,9450,9500,13962,-0.004192872117400381
2023-11-01,9530,10920,9510,9850,262141,0.03684210526315779
2023-11-02,9890,10380,9850,10200,36950,0.035532994923857864
2023-11-03,10450,10450,10120,10240,11540,0.0039215686274509665
2023-11-06,10430,10460,10240,10430,21993,0.0185546875
2023-11-07,10560,10560,9960,10100,16341,-0.03163950143815919
2023-11-08,10110,11550,10110,10890,352569,0.07821782178217829
2023-11-09,10850,11150,10620,10940,39210,0.0045913682277318735
2023-11-10,10830,10830,10360,10520,23568,-0.038391224862888484
2023-11-13,10420,10650,10000,10110,37079,-0.03897338403041828
2023-11-14,10000,10360,10000,10110,34889,0.0
2023-11-15,10250,10590,10150,10370,30563,0.02571711177052416
2023-11-16,10300,11500,10300,11220,111441,0.08196721311475419
2023-11-17,11210,11380,10770,10870,49581,-0.031194295900178304
2023-11-20,10800,11250,10790,10990,27052,0.011039558417663242
2023-11-21,10990,11350,10990,11300,40906,0.0282074613284804
2023-11-22,11400,11400,11000,11190,26504,-0.009734513274336276
2023-11-23,11220,11480,11100,11390,33947,0.01787310098302064
2023-11-24,11300,11580,11210,11330,32286,-0.005267778753292318
2023-11-27,11180,11440,11000,11010,46379,-0.028243601059135037
2023-11-28,11150,11150,10790,10820,23468,-0.01725703905540421
2023-11-29,10830,10900,10510,10550,25415,-0.024953789279112737
2023-11-30,10510,10960,10510,10910,21111,0.034123222748815074
2023-12-01,10880,11650,10870,11650,61989,0.06782768102658121
2023-12-04,11680,11680,11000,11450,28920,-0.01716738197424894
2023-12-05,11350,11580,10990,11170,35547,-0.024454148471615755
2023-12-06,11160,11590,11140,11390,59055,0.01969561324977609
2023-12-07,11480,11790,11300,11380,41453,-0.0008779631255487752
2023-12-08,11340,11770,11010,11690,58338,0.027240773286467457
2023-12-11,12500,15130,11810,15030,3840155,0.2857142857142858
2023-12-12,14560,15050,13460,13460,968162,-0.10445775116433798
2023-12-13,13420,13600,12880,13110,362620,-0.0260029717682021
2023-12-14,13100,13290,12400,12400,290943,-0.05415713196033567
2023-12-15,12310,12610,12220,12320,128797,-0.006451612903225823
2023-12-18,12230,12750,12230,12600,141076,0.022727272727272707
2023-12-19,12450,12530,12010,12180,117935,-0.033333333333333326
2023-12-20,12150,12300,12020,12120,101823,-0.0049261083743842304
2023-12-21,12000,12180,11820,11870,87039,-0.020627062706270682
2023-12-22,11900,12050,11630,11730,75349,-0.011794439764111209
2023-12-26,11600,11600,11140,11140,92903,-0.05029838022165389
2023-12-27,11090,11330,11090,11250,34163,0.009874326750448859
2023-12-28,11200,11350,11150,11260,58475,0.000888888888888939
2024-01-02,11680,11780,11400,11510,121920,0.022202486678507993
2024-01-03,11380,11740,11360,11500,91114,-0.0008688097306689402
2024-01-04,11490,11490,10590,10870,101965,-0.05478260869565221
2024-01-05,10900,11110,10690,10780,35914,-0.008279668813247487
2024-01-08,10870,11050,10750,10830,66703,0.004638218923933124
2024-01-09,10840,11110,10810,11060,56981,0.02123730378578026
2024-01-10,11100,11120,10700,10710,43434,-0.03164556962025311
2024-01-11,10710,10820,10610,10610,27121,-0.00933706816059754
2024-01-12,10600,10750,10240,10430,53197,-0.016965127238454336
2024-01-15,10700,10700,10110,10430,38119,0.0
2024-01-16,10240,10420,10050,10130,29688,-0.028763183125599223
2024-01-17,10130,10160,9670,9780,59284,-0.03455083909180656
2024-01-18,9750,9940,9640,9780,22403,0.0
2024-01-19,9800,10180,9800,9840,32038,0.006134969325153339
2024-01-22,9850,10100,9340,9970,28793,0.013211382113821113
2024-01-23,9900,10200,9900,10120,23407,0.015045135406218657
2024-01-24,10510,11400,10240,10420,510988,0.029644268774703608
