Date,Open,High,Low,Close,Volume,Change
2022-01-03,4400,4445,4360,4405,21148,0.001136363636363713
2022-01-04,4400,4490,4370,4440,42888,0.007945516458569779
2022-01-05,4435,4445,4350,4355,39417,-0.019144144144144115
2022-01-06,4340,4380,4320,4335,26563,-0.004592422502870286
2022-01-07,4335,4540,4335,4475,38724,0.032295271049596286
2022-01-10,4515,4520,4390,4450,21263,-0.005586592178770999
2022-01-11,4400,4425,4380,4400,19917,-0.011235955056179803
2022-01-12,4400,4415,4360,4415,18575,0.003409090909090917
2022-01-13,4425,4425,4370,4390,12018,-0.005662514156285381
2022-01-14,4390,4400,4350,4350,16461,-0.009111617312072884
2022-01-17,4385,4385,4265,4315,28577,-0.008045977011494232
2022-01-18,4275,4380,4210,4320,33547,0.0011587485515642815
2022-01-19,4320,4320,4200,4225,26981,-0.0219907407407407
2022-01-20,4215,4290,4200,4260,11910,0.008284023668639007
2022-01-21,4260,4270,4190,4220,16539,-0.009389671361502372
2022-01-24,4220,4220,4060,4145,29980,-0.017772511848341277
2022-01-25,4145,4145,3950,4055,56679,-0.021712907117008462
2022-01-26,4055,4080,4000,4065,15520,0.002466091245376001
2022-01-27,4100,4100,3885,3900,34914,-0.040590405904059046
2022-01-28,3880,4010,3850,3955,24287,0.014102564102564052
2022-02-03,4035,4065,3990,4030,30038,0.01896333754740831
2022-02-04,4030,4080,4005,4045,11285,0.003722084367245637
2022-02-07,4065,4065,3990,4045,10012,0.0
2022-02-08,4075,4075,4010,4045,27547,0.0
2022-02-09,4045,4180,4045,4165,24257,0.02966625463535233
2022-02-10,4225,4225,4130,4140,11906,-0.00600240096038418
2022-02-11,4140,4150,4055,4105,9835,-0.008454106280193274
2022-02-14,4055,4100,3950,4100,26093,-0.0012180267965895553
2022-02-15,4050,4050,4005,4035,4033,-0.01585365853658538
2022-02-16,4040,4130,4035,4125,15052,0.02230483271375472
2022-02-17,4125,4300,4080,4200,60408,0.018181818181818077
2022-02-18,4200,4370,4155,4370,94504,0.040476190476190554
2022-02-21,4320,4400,4200,4340,25105,-0.006864988558352381
2022-02-22,4330,4330,4250,4255,17789,-0.019585253456221197
2022-02-23,4230,4295,4230,4290,8905,0.008225616921269108
2022-02-24,4290,4290,4165,4235,11865,-0.012820512820512775
2022-02-25,4230,4360,4185,4265,13999,0.007083825265643551
2022-02-28,4265,4295,4220,4275,15053,0.0023446658851113966
2022-03-02,4280,4355,4240,4355,24390,0.01871345029239757
2022-03-03,4400,4410,4305,4395,16055,0.009184845005740572
2022-03-04,4395,4400,4350,4400,17028,0.0011376564277587597
2022-03-07,4400,4400,4265,4400,24184,0.0
2022-03-08,4335,4420,4260,4370,22786,-0.006818181818181834
2022-03-10,4440,4470,4385,4460,33125,0.020594965675057253
2022-03-11,4415,4460,4400,4460,23060,0.0
2022-03-14,4445,4465,4385,4410,14246,-0.011210762331838597
2022-03-15,4410,4500,4390,4420,11516,0.0022675736961450532
2022-03-16,4440,4485,4405,4425,15865,0.0011312217194570096
2022-03-17,4430,4575,4355,4500,79596,0.016949152542372836
2022-03-18,4500,4505,4440,4490,26441,-0.0022222222222222365
2022-03-21,4500,4500,4455,4460,8644,-0.006681514476614692
2022-03-22,4460,4525,4460,4490,36615,0.006726457399103047
2022-03-23,4490,4550,4460,4495,23337,0.00111358574610243
2022-03-24,4495,4495,4415,4415,16427,-0.017797552836484987
2022-03-25,4415,4445,4400,4425,20539,0.0022650056625141968
2022-03-28,4425,4460,4415,4460,15232,0.00790960451977396
2022-03-29,4460,4470,4415,4420,19982,-0.008968609865470878
2022-03-30,4420,4430,4390,4400,19669,-0.004524886877828038
2022-03-31,4380,4445,4380,4435,8606,0.007954545454545547
2022-04-01,4420,4500,4405,4500,50258,0.014656144306651742
2022-04-04,4500,4505,4475,4490,29846,-0.0022222222222222365
2022-04-05,4490,4570,4450,4520,42739,0.006681514476614803
2022-04-06,4520,4610,4500,4565,45685,0.009955752212389424
2022-04-07,4565,4570,4470,4540,27865,-0.005476451259583737
2022-04-08,4530,4530,4385,4385,29876,-0.03414096916299558
2022-04-11,4385,4425,4345,4390,18590,0.0011402508551880963
2022-04-12,4390,4390,4350,4390,11745,0.0
2022-04-13,4365,4550,4335,4495,51425,0.023917995444191265
2022-04-14,4495,4515,4435,4500,27084,0.0011123470522802492
2022-04-15,4480,4615,4380,4610,23099,0.02444444444444449
2022-04-18,4605,4605,4530,4565,19122,-0.009761388286334105
2022-04-19,4555,4765,4535,4750,113051,0.04052573932091996
2022-04-20,4795,4850,4715,4795,78211,0.0094736842105263
2022-04-21,4840,4985,4750,4950,76441,0.03232533889468203
2022-04-22,4900,4960,4860,4950,41256,0.0
2022-04-25,4900,4915,4785,4850,38055,-0.02020202020202022
2022-04-26,4830,4920,4775,4855,38243,0.0010309278350515427
2022-04-27,4830,4900,4675,4895,43731,0.008238928939237944
2022-04-28,4830,4875,4725,4805,30932,-0.018386108273748758
2022-04-29,4800,4835,4735,4820,49896,0.003121748178980255
2022-05-02,4820,4895,4795,4795,53970,-0.005186721991701226
2022-05-03,4815,4950,4815,4830,45712,0.007299270072992803
2022-05-04,4890,4950,4780,4800,27399,-0.006211180124223614
2022-05-06,4715,4765,4695,4705,14723,-0.019791666666666652
2022-05-09,4705,4735,4600,4650,28954,-0.011689691817215686
2022-05-10,4570,4695,4440,4655,26850,0.0010752688172042113
2022-05-11,4655,4735,4620,4675,40472,0.004296455424275036
2022-05-12,4750,4800,4470,4510,23566,-0.03529411764705881
2022-05-13,4510,4690,4510,4680,25774,0.037694013303769314
2022-05-16,4680,4710,4630,4690,26968,0.002136752136752129
2022-05-17,4690,4695,4615,4640,14470,-0.010660980810234588
2022-05-18,4640,4750,4600,4630,8146,-0.0021551724137931494
2022-05-19,4600,4600,4500,4515,20341,-0.024838012958963263
2022-05-20,4475,4560,4475,4515,15301,0.0
2022-05-23,4520,4630,4520,4545,26669,0.006644518272425293
2022-05-24,4545,4545,4415,4415,20322,-0.028602860286028653
2022-05-25,4415,4465,4385,4455,13340,0.009060022650056565
2022-05-26,4455,4470,4385,4385,12268,-0.015712682379349086
2022-05-27,4385,4480,4375,4385,43203,0.0
2022-05-30,4460,4470,4390,4390,25682,0.0011402508551880963
2022-05-31,4430,4485,4390,4485,38866,0.021640091116173155
2022-06-02,4485,4580,4475,4580,30661,0.021181716833890807
2022-06-03,4540,4600,4540,4595,11913,0.0032751091703056012
2022-06-07,4595,4595,4480,4515,15681,-0.017410228509249226
2022-06-08,4495,4650,4495,4535,26503,0.0044296788482836025
2022-06-09,4535,4535,4435,4470,11983,-0.01433296582138921
2022-06-10,4470,4645,4360,4470,24199,0.0
2022-06-13,4350,4385,4270,4300,19204,-0.03803131991051456
2022-06-14,4240,4335,4150,4330,41866,0.006976744186046435
2022-06-15,4330,4335,4170,4225,17307,-0.024249422632794504
2022-06-16,4225,4300,4185,4230,16162,0.0011834319526626835
2022-06-17,4130,4130,4020,4120,21101,-0.026004728132387744
2022-06-20,4090,4095,3755,4030,50157,-0.021844660194174748
2022-06-21,4035,4035,3910,4000,11327,-0.007444168734491274
2022-06-22,3985,3985,3555,3565,186211,-0.10875000000000001
2022-06-23,3530,3600,3390,3390,78294,-0.04908835904628328
2022-06-24,3385,3525,3360,3515,32989,0.03687315634218291
2022-06-27,3525,3685,3505,3630,33654,0.03271692745376953
2022-06-28,3630,3705,3595,3705,14833,0.02066115702479343
2022-06-29,3665,3665,3565,3650,8343,-0.014844804318488558
2022-06-30,3650,3655,3580,3585,14141,-0.017808219178082174
2022-07-01,3570,3615,3530,3585,25769,0.0
2022-07-04,3730,3730,3435,3505,31560,-0.02231520223152017
2022-07-05,3505,3630,3505,3630,27172,0.03566333808844502
2022-07-06,3665,3665,3570,3595,6798,-0.009641873278236957
2022-07-07,3595,3670,3590,3665,5609,0.01947148817802513
2022-07-08,3665,3770,3665,3675,7902,0.0027285129604366354
2022-07-11,3675,3715,3625,3690,16608,0.004081632653061273
2022-07-12,3690,3700,3555,3620,13581,-0.01897018970189701
2022-07-13,3620,3645,3560,3610,15756,-0.002762430939226568
2022-07-14,3610,3700,3575,3675,4569,0.018005540166204925
2022-07-15,3710,3780,3625,3760,23596,0.023129251700680253
2022-07-18,3765,3855,3730,3760,29727,0.0
2022-07-19,3775,3775,3710,3750,12923,-0.0026595744680850686
2022-07-20,3775,3800,3760,3780,10121,0.008000000000000007
2022-07-21,3780,3850,3765,3815,4701,0.0092592592592593
2022-07-22,3815,3895,3775,3780,10648,-0.00917431192660545
2022-07-25,3780,3880,3745,3785,8963,0.001322751322751392
2022-07-26,3805,3825,3745,3790,11849,0.0013210039630118242
2022-07-27,3790,3840,3730,3770,10845,-0.00527704485488123
2022-07-28,3775,3830,3760,3795,11832,0.006631299734747964
2022-07-29,3795,3905,3790,3865,18404,0.01844532279314892
2022-08-01,3865,3880,3800,3830,54791,-0.009055627425614499
2022-08-02,3830,3835,3780,3785,14077,-0.011749347258485643
2022-08-03,3785,3850,3765,3810,7825,0.006605019815059343
2022-08-04,3810,3845,3810,3810,10995,0.0
2022-08-05,3795,3830,3795,3825,9354,0.003937007874015741
2022-08-08,3805,3835,3790,3825,6399,0.0
2022-08-09,3805,3830,3785,3825,6381,0.0
2022-08-10,3820,3885,3810,3870,31838,0.0117647058823529
2022-08-11,3905,3930,3835,3890,15481,0.0051679586563306845
2022-08-12,3890,3890,3850,3875,6776,-0.003856041131105381
2022-08-16,3880,4015,3865,3965,20126,0.023225806451612874
2022-08-17,3965,3980,3860,3895,4976,-0.017654476670870167
2022-08-18,3830,3895,3765,3880,14949,-0.0038510911424903815
2022-08-19,3845,3845,3770,3770,14222,-0.028350515463917536
2022-08-22,3725,3770,3660,3725,10696,-0.011936339522546469
2022-08-23,3690,3720,3635,3700,9756,-0.006711409395973145
2022-08-24,3685,3765,3675,3730,9260,0.008108108108108025
2022-08-25,3730,3800,3730,3745,8212,0.004021447721179516
2022-08-26,3745,3780,3690,3700,18701,-0.012016021361815787
2022-08-29,3645,3645,3505,3605,12487,-0.025675675675675635
2022-08-30,3585,3650,3585,3630,21162,0.006934812760055475
2022-08-31,3630,3775,3620,3745,20252,0.031680440771349794
2022-09-01,3745,3745,3650,3705,13348,-0.010680907877169576
2022-09-02,3650,3705,3650,3705,9359,0.0
2022-09-05,3655,3675,3595,3655,10771,-0.013495276653171406
2022-09-06,3655,3700,3620,3675,6573,0.00547195622435015
2022-09-07,3675,3695,3520,3665,20599,-0.0027210884353741083
2022-09-08,3625,3665,3550,3565,13788,-0.027285129604365577
2022-09-13,3600,3665,3595,3660,14870,0.026647966339411022
2022-09-14,3610,3625,3560,3590,8551,-0.01912568306010931
2022-09-15,3590,3645,3515,3515,23618,-0.02089136490250698
2022-09-16,3510,3525,3475,3475,15286,-0.011379800853485111
2022-09-19,3475,3515,3390,3400,33217,-0.021582733812949617
2022-09-20,3420,3490,3405,3450,4944,0.014705882352941124
2022-09-21,3450,3450,3385,3400,12768,-0.01449275362318836
2022-09-22,3395,3395,3255,3375,39005,-0.007352941176470562
2022-09-23,3365,3370,3265,3290,33710,-0.0251851851851852
2022-09-26,3240,3280,3090,3150,23203,-0.04255319148936165
2022-09-27,3080,3160,3005,3090,41523,-0.01904761904761909
2022-09-28,3090,3110,2910,3005,52333,-0.027508090614886682
2022-09-29,3025,3090,2925,2930,31723,-0.024958402662229595
2022-09-30,2885,2930,2815,2875,67044,-0.018771331058020424
2022-10-04,2995,3040,2905,3005,22144,0.045217391304347876
2022-10-05,3060,3085,2905,2960,29967,-0.014975041597337757
2022-10-06,2980,3035,2980,3030,23164,0.023648648648648685
2022-10-07,3030,3100,2995,3030,22595,0.0
2022-10-11,3015,3015,2850,2885,46433,-0.04785478547854782
2022-10-12,2880,2910,2780,2910,37312,0.008665511265164572
2022-10-13,2855,2910,2790,2880,39052,-0.010309278350515427
2022-10-14,2900,3185,2900,3020,89412,0.04861111111111116
2022-10-17,2995,3080,2950,3025,24897,0.0016556291390728006
2022-10-18,3055,3100,3025,3090,15115,0.02148760330578514
2022-10-19,3110,3110,2990,3010,18884,-0.02588996763754048
2022-10-20,3010,3050,2955,3040,13927,0.009966777408637828
2022-10-21,3005,3035,2955,2980,19544,-0.019736842105263164
2022-10-24,3005,3070,2960,3015,12866,0.011744966442952975
2022-10-25,3045,3105,3020,3090,25273,0.02487562189054726
2022-10-26,3070,3110,3060,3060,13925,-0.009708737864077666
2022-10-27,3040,3115,3040,3115,9350,0.017973856209150263
2022-10-28,3060,3160,2990,2990,19032,-0.0401284109149278
2022-10-31,3080,3080,2990,3025,22724,0.0117056856187292
2022-11-01,3030,3085,3030,3085,10410,0.01983471074380172
2022-11-02,3080,3110,3055,3105,13906,0.006482982171799101
2022-11-03,3080,3095,3030,3095,5568,-0.0032206119162641045
2022-11-04,3040,3100,3040,3065,4454,-0.009693053311793265
2022-11-07,3090,3185,3090,3185,25285,0.039151712887438794
2022-11-08,3185,3230,3170,3195,11109,0.0031397174254317317
2022-11-09,3250,3250,3185,3185,10432,-0.003129890453834161
2022-11-10,3185,3295,3170,3255,32679,0.0219780219780219
2022-11-11,3285,3350,3275,3320,23829,0.019969278033794113
2022-11-14,3320,3350,3285,3325,15536,0.001506024096385561
2022-11-15,3330,3960,3325,3585,330371,0.0781954887218046
2022-11-16,3620,3620,3490,3580,52584,-0.001394700139469962
2022-11-17,3555,3575,3485,3575,17661,-0.0013966480446927498
2022-11-18,3565,3565,3375,3540,23008,-0.009790209790209836
2022-11-21,3540,3540,3380,3415,25860,-0.035310734463276816
2022-11-22,3350,3460,3330,3440,12362,0.007320644216691097
2022-11-23,3395,3525,3395,3490,14918,0.014534883720930258
2022-11-24,3510,3620,3490,3560,21242,0.02005730659025784
2022-11-25,3560,3660,3550,3625,23828,0.018258426966292207
2022-11-28,3635,3680,3540,3560,22522,-0.017931034482758568
2022-11-29,3555,3605,3480,3560,16875,0.0
2022-11-30,3575,3620,3565,3610,8674,0.014044943820224809
2022-12-01,3610,3660,3600,3660,35793,0.013850415512465464
2022-12-02,3690,3695,3640,3680,14670,0.005464480874316946
2022-12-05,3670,3770,3660,3730,33659,0.013586956521739024
2022-12-06,3710,3790,3670,3790,18566,0.01608579088471851
2022-12-07,3720,3805,3675,3755,23450,-0.00923482849604218
2022-12-08,3755,3815,3745,3815,23769,0.015978695073235683
2022-12-09,3815,3915,3815,3900,39015,0.022280471821756187
2022-12-12,3935,3945,3875,3875,14577,-0.0064102564102563875
2022-12-13,3870,3905,3775,3905,23707,0.007741935483871032
2022-12-14,3865,3910,3830,3870,36354,-0.008962868117797673
2022-12-15,3890,3935,3875,3935,27475,0.01679586563307489
2022-12-16,3920,3945,3900,3920,13811,-0.003811944091486663
2022-12-19,3890,3935,3740,3925,18124,0.0012755102040815647
2022-12-20,3870,3930,3770,3915,31135,-0.002547770700636942
2022-12-21,3915,3915,3840,3840,17348,-0.019157088122605415
2022-12-22,3910,3960,3850,3885,85794,0.01171875
2022-12-23,3925,3925,3700,3700,77631,-0.04761904761904767
2022-12-26,3665,3750,3665,3730,14081,0.008108108108108025
2022-12-27,3710,3955,3705,3845,33496,0.030831099195710365
2022-12-28,3935,3955,3820,3930,29178,0.022106631989596837
2022-12-29,3875,4000,3775,3960,48404,0.007633587786259444
2023-01-02,3970,3970,3665,3825,23482,-0.03409090909090906
2023-01-03,3825,3950,3685,3900,27442,0.019607843137254832
2023-01-04,3900,3990,3780,3905,27052,0.0012820512820512775
2023-01-05,3970,3970,3850,3870,7512,-0.008962868117797673
2023-01-06,3805,4000,3805,3980,25575,0.028423772609819098
2023-01-09,3980,4230,3980,4115,53057,0.03391959798994981
2023-01-10,4105,4140,4030,4095,11385,-0.004860267314702349
2023-01-11,4055,4145,4055,4140,12494,0.01098901098901095
2023-01-12,4135,4135,4065,4075,15204,-0.0157004830917874
2023-01-13,4075,4090,4025,4080,17695,0.0012269938650306678
2023-01-16,4080,4390,4080,4295,148218,0.052696078431372584
2023-01-17,4255,4500,4200,4305,120181,0.002328288707799775
2023-01-18,4305,4305,4190,4250,11608,-0.012775842044134733
2023-01-19,4235,4300,4120,4295,21901,0.010588235294117565
2023-01-20,4235,4290,4190,4190,15344,-0.024447031431897526
2023-01-25,4250,4300,4170,4290,41309,0.023866348448687402
2023-01-26,4290,4490,4290,4405,89905,0.02680652680652673
2023-01-27,4425,4470,4400,4455,28848,0.011350737797956922
2023-01-30,4455,4500,4390,4420,46586,-0.007856341189674487
2023-01-31,4420,4535,4395,4515,54667,0.02149321266968318
2023-02-01,4475,4570,4475,4490,49312,-0.0055370985603543366
2023-02-02,4510,4565,4495,4565,43015,0.016703786191536674
2023-02-03,4565,4580,4425,4480,23249,-0.018619934282584905
2023-02-06,4425,4450,4270,4425,64158,-0.012276785714285698
2023-02-07,4365,4415,4190,4225,84587,-0.04519774011299438
2023-02-08,4245,4315,4155,4210,49725,-0.0035502958579881616
2023-02-09,4210,4210,4125,4145,31633,-0.015439429928741144
2023-02-10,4100,4160,4035,4095,33503,-0.012062726176115812
2023-02-13,4100,4130,4010,4120,27688,0.006105006105006083
2023-02-14,4085,4325,4085,4235,55132,0.027912621359223344
2023-02-15,4235,4260,4150,4155,31309,-0.018890200708382543
2023-02-16,4195,4220,4120,4205,16930,0.012033694344163681
2023-02-17,4205,4215,4155,4200,14589,-0.0011890606420927874
2023-02-20,4160,4300,4150,4245,15705,0.010714285714285676
2023-02-21,4245,4290,4210,4240,10247,-0.0011778563015312216
2023-02-22,4170,4250,4165,4230,16387,-0.002358490566037763
2023-02-23,4215,4300,4200,4230,16331,0.0
2023-02-24,4250,4250,4180,4205,33899,-0.005910165484633523
2023-02-27,4150,4200,4090,4190,43742,-0.003567181926278251
2023-02-28,4160,4200,4150,4185,8723,-0.0011933174224343368
2023-03-02,4210,4210,4140,4165,22271,-0.004778972520907976
2023-03-03,4175,4185,4135,4180,13021,0.0036014405762305746
2023-03-06,4185,4195,4140,4180,18760,0.0
2023-03-07,4120,4255,4120,4250,20377,0.01674641148325362
2023-03-08,4250,4295,4180,4205,17819,-0.010588235294117676
2023-03-09,4205,4215,4120,4195,32356,-0.0023781212841854638
2023-03-10,4150,4170,4115,4125,15916,-0.016686531585220488
2023-03-13,4085,4130,4000,4130,23292,0.00121212121212122
2023-03-14,4065,4080,3850,3915,52531,-0.05205811138014527
2023-03-15,3950,4100,3920,4020,76348,0.026819923371647514
2023-03-16,4025,4150,4000,4100,32720,0.01990049751243772
2023-03-17,4140,4260,4100,4160,50962,0.014634146341463428
2023-03-20,4215,4255,4160,4200,14052,0.009615384615384581
2023-03-21,4200,4215,4120,4165,17796,-0.008333333333333304
2023-03-22,4185,4215,4095,4140,18199,-0.00600240096038418
2023-03-23,4110,4280,3980,4050,44728,-0.021739130434782594
2023-03-24,4095,4105,4030,4065,40115,0.0037037037037037646
2023-03-27,4070,4090,3990,3990,38022,-0.01845018450184499
2023-03-28,4010,4085,4010,4015,67576,0.006265664160401085
2023-03-29,4015,4030,3975,4030,26277,0.0037359900373599153
2023-03-30,4030,4115,4000,4035,48088,0.001240694789081953
2023-03-31,4035,4075,3950,4000,49830,-0.008674101610904539
2023-04-03,4010,4130,3965,4040,72353,0.010000000000000009
2023-04-04,4040,4175,4040,4130,83418,0.022277227722772297
2023-04-05,4130,4235,4130,4210,83805,0.01937046004842613
2023-04-06,4210,4210,4085,4130,24379,-0.019002375296912066
2023-04-07,4065,4200,4065,4180,16143,0.012106537530266248
2023-04-10,4180,4185,3995,4120,60827,-0.014354066985645897
2023-04-11,4130,4205,4060,4140,43344,0.004854368932038833
2023-04-12,4150,4280,4130,4250,56319,0.02657004830917864
2023-04-13,4225,4270,4185,4225,19224,-0.00588235294117645
2023-04-14,4225,4240,4175,4180,23978,-0.010650887573964485
2023-04-17,4165,4190,4080,4190,59150,0.0023923444976077235
2023-04-18,4195,4195,4125,4150,56734,-0.009546539379474916
2023-04-19,4150,4170,4085,4145,59564,-0.001204819277108471
2023-04-20,4130,4130,4025,4085,57505,-0.014475271411338975
2023-04-21,4010,4055,3980,4015,52248,-0.017135862913096656
2023-04-24,4015,4015,3905,3910,32695,-0.026151930261519296
2023-04-25,3910,3945,3730,3735,229713,-0.04475703324808189
2023-04-26,3750,3760,3705,3750,27063,0.004016064257028162
2023-04-27,3740,3755,3690,3750,31662,0.0
2023-04-28,3775,3800,3695,3785,44379,0.009333333333333416
2023-05-02,3740,3810,3740,3795,22523,0.0026420079260238705
2023-05-03,3800,3810,3765,3795,15715,0.0
2023-05-04,3785,3800,3760,3795,14624,0.0
2023-05-08,3770,3875,3750,3855,28464,0.015810276679841806
2023-05-09,3830,3920,3825,3920,30517,0.016861219195849486
2023-05-10,3905,3950,3900,3930,22403,0.0025510204081633514
2023-05-11,3965,4015,3920,3925,18656,-0.0012722646310432406
2023-05-12,3905,3975,3900,3955,21758,0.007643312101910826
2023-05-15,3955,4040,3920,4015,60546,0.015170670037926604
2023-05-16,4015,4015,3750,3790,127328,-0.05603985056039851
2023-05-17,3810,3990,3800,3960,69168,0.04485488126649084
2023-05-18,3970,4025,3950,3995,26687,0.008838383838383868
2023-05-19,4015,4050,3990,4005,33296,0.0025031289111390187
2023-05-22,3965,4015,3965,4005,31383,0.0
2023-05-23,4025,4025,3965,3985,13808,-0.004993757802746579
2023-05-24,4005,4005,3885,3975,27983,-0.0025094102885822034
2023-05-25,3975,4010,3900,3955,22415,-0.005031446540880502
2023-05-26,3975,3975,3845,3865,39316,-0.022756005056890016
2023-05-30,3875,3945,3865,3915,15410,0.012936610608020649
2023-05-31,3915,3915,3875,3880,9324,-0.008939974457215838
2023-06-01,3880,3880,3800,3825,15355,-0.014175257731958713
2023-06-02,3825,3885,3820,3885,17685,0.015686274509803866
2023-06-05,3890,4085,3865,4030,23140,0.03732303732303732
2023-06-07,3990,4020,3905,4010,25359,-0.00496277915632759
2023-06-08,3965,3965,3910,3930,18174,-0.01995012468827928
2023-06-09,3925,3925,3865,3895,27496,-0.008905852417302795
2023-06-12,3865,3865,3805,3855,38983,-0.010269576379974277
2023-06-13,3845,3880,3840,3860,22882,0.0012970168612191912
2023-06-14,3860,3860,3745,3810,71718,-0.012953367875647714
2023-06-15,3760,4635,3725,3890,1293772,0.0209973753280841
2023-06-16,3870,3960,3810,3870,194707,-0.005141388174807249
2023-06-19,3905,3905,3780,3820,84736,-0.012919896640826822
2023-06-20,3820,3830,3790,3790,30997,-0.007853403141361293
2023-06-21,3790,3875,3765,3825,49560,0.00923482849604218
2023-06-22,3815,3850,3795,3815,46543,-0.002614379084967311
2023-06-23,3820,3845,3795,3800,25213,-0.003931847968545177
2023-06-26,3730,3850,3730,3805,26210,0.001315789473684159
2023-06-27,3865,3865,3805,3825,29299,0.005256241787122251
2023-06-28,3825,3860,3805,3810,51112,-0.0039215686274509665
2023-06-29,3810,3825,3785,3810,21883,0.0
2023-06-30,3785,3845,3770,3840,21989,0.007874015748031482
2023-07-03,3840,3965,3840,3940,71245,0.02604166666666674
2023-07-04,3940,3970,3920,3955,76917,0.0038071065989848663
2023-07-05,3960,3960,3855,3900,57594,-0.013906447534766109
2023-07-06,3900,3900,3755,3795,61988,-0.02692307692307694
2023-07-07,3735,3795,3700,3755,52492,-0.010540184453227908
2023-07-10,3750,3755,3700,3705,26457,-0.013315579227696439
2023-07-11,3690,3725,3650,3705,33047,0.0
2023-07-12,3740,3745,3700,3720,32785,0.004048582995951344
2023-07-13,3725,3880,3725,3810,50387,0.024193548387096753
2023-07-14,3825,3830,3775,3800,32898,-0.002624671916010457
2023-07-17,3800,3875,3740,3865,44552,0.017105263157894735
2023-07-18,3870,3885,3775,3800,28780,-0.01681759379042691
2023-07-19,3800,3800,3740,3745,28831,-0.014473684210526305
2023-07-20,3745,3870,3700,3865,29943,0.03204272363150862
2023-07-21,3905,3905,3775,3775,32428,-0.023285899094437235
2023-07-24,3770,3855,3720,3855,54563,0.02119205298013238
2023-07-25,3855,3855,3755,3775,35143,-0.02075226977950717
2023-07-26,3745,3750,3450,3505,87468,-0.07152317880794701
2023-07-27,3475,3740,3475,3715,55665,0.059914407988587826
2023-07-28,3650,3820,3650,3770,32901,0.014804845222072593
2023-07-31,3820,3825,3750,3760,34817,-0.0026525198938992522
2023-08-01,3775,3800,3685,3725,53729,-0.009308510638297851
2023-08-02,3725,3840,3635,3660,119952,-0.01744966442953022
2023-08-03,3660,3660,3450,3645,54603,-0.004098360655737654
2023-08-04,3585,3650,3570,3600,21235,-0.012345679012345734
2023-08-07,3600,3675,3550,3570,45490,-0.008333333333333304
2023-08-08,3570,3670,3570,3620,57943,0.014005602240896309
2023-08-09,3570,3700,3570,3680,21172,0.016574585635359185
2023-08-10,3680,3835,3620,3835,84935,0.04211956521739135
2023-08-11,3835,3850,3770,3780,48449,-0.014341590612777066
2023-08-14,3780,3890,3750,3780,109485,0.0
2023-08-16,3730,3765,3540,3555,187405,-0.059523809523809534
2023-08-17,3550,3550,3375,3515,50374,-0.011251758087201136
2023-08-18,3425,3555,3425,3480,58037,-0.009957325746799417
2023-08-21,3500,3595,3490,3490,60322,0.002873563218390718
2023-08-22,3490,3590,3490,3535,36992,0.012893982808023008
2023-08-23,3535,3545,3480,3530,24787,-0.0014144271570014633
2023-08-24,3520,3580,3520,3570,43127,0.011331444759206777
2023-08-25,3570,3570,3470,3495,31017,-0.021008403361344574
2023-08-28,3480,3535,3480,3520,13408,0.007153075822603716
2023-08-29,3525,3590,3525,3565,28619,0.012784090909090828
2023-08-30,3565,3610,3565,3565,24919,0.0
2023-08-31,3580,3600,3535,3565,19494,0.0
2023-09-01,3565,3565,3505,3510,24205,-0.015427769985974726
2023-09-04,3510,3550,3480,3505,14802,-0.0014245014245014564
2023-09-05,3505,3510,3450,3470,18750,-0.0099857346647646
2023-09-06,3470,3470,3430,3455,13373,-0.004322766570605152
2023-09-07,3430,3455,3390,3415,26264,-0.01157742402315487
2023-09-08,3415,3430,3390,3405,19605,-0.002928257686676372
2023-09-11,3405,3420,3380,3405,41786,0.0
2023-09-12,3405,3430,3370,3400,18822,-0.001468428781204123
2023-09-13,3400,3400,3300,3355,56130,-0.013235294117647012
2023-09-14,3355,3415,3335,3400,27468,0.013412816691505292
2023-09-15,3435,3475,3405,3425,29692,0.007352941176470562
2023-09-18,3405,3425,3365,3400,29777,-0.007299270072992692
2023-09-19,3400,3400,3355,3370,13502,-0.008823529411764675
2023-09-20,3335,3485,3330,3415,78532,0.01335311572700304
2023-09-21,3395,3395,3310,3320,27430,-0.027818448023426035
2023-09-22,3320,3330,3260,3330,8422,0.003012048192771122
2023-09-25,3310,3310,3250,3260,19166,-0.02102102102102099
2023-09-26,3270,3270,3195,3225,15655,-0.010736196319018454
2023-09-27,3215,3285,3190,3285,9839,0.018604651162790642
2023-10-04,3240,3260,3195,3205,40094,-0.0243531202435312
2023-10-05,3205,3270,3165,3215,14498,0.0031201248049921304
2023-10-06,3215,3240,3200,3230,10882,0.004665629860031162
2023-10-10,3230,3270,3200,3240,14110,0.003095975232198178
2023-10-11,3240,3295,3240,3290,29821,0.015432098765432167
2023-10-12,3290,3325,3290,3325,11387,0.010638297872340496
2023-10-13,3320,3325,3290,3320,5750,-0.0015037593984962294
2023-10-16,3320,3320,3255,3300,9680,-0.0060240963855421326
2023-10-17,3260,3325,3215,3300,11480,0.0
2023-10-18,3300,3305,3270,3290,16869,-0.00303030303030305
2023-10-19,3270,3270,3120,3215,69608,-0.022796352583586588
2023-10-20,3200,3200,3090,3190,32325,-0.007776049766718529
2023-10-23,3160,3175,3130,3160,10058,-0.009404388714733591
2023-10-24,3160,3250,3125,3245,24918,0.02689873417721511
2023-10-25,3280,3345,3210,3245,59039,0.0
2023-10-26,3155,3240,3155,3210,28198,-0.01078582434514641
2023-10-27,3205,3255,3205,3225,42307,0.004672897196261738
2023-10-30,3225,3280,3175,3280,15101,0.01705426356589146
2023-10-31,3285,3285,3165,3170,32623,-0.03353658536585369
2023-11-01,3170,3210,3170,3200,6289,0.009463722397476282
2023-11-02,3210,3305,3210,3290,14539,0.028124999999999956
2023-11-03,3295,3325,3285,3305,25944,0.004559270516717229
2023-11-06,3340,3390,3315,3380,28078,0.0226928895612708
2023-11-07,3380,3385,3330,3375,21039,-0.0014792899408283544
2023-11-08,3390,3410,3345,3375,10142,0.0
2023-11-09,3350,3375,3310,3340,9055,-0.010370370370370363
2023-11-10,3320,3340,3295,3325,20084,-0.004491017964071808
2023-11-13,3320,3365,3300,3300,11812,-0.007518796992481258
2023-11-14,3295,3350,3295,3310,22678,0.003030303030302939
2023-11-15,3315,3405,3315,3390,41266,0.024169184290030232
2023-11-16,3395,3450,3355,3430,29330,0.01179941002949847
2023-11-17,3430,3450,3400,3420,16893,-0.002915451895043719
2023-11-20,3400,3520,3400,3490,72872,0.020467836257309857
2023-11-21,3450,3530,3450,3520,28192,0.008595988538681931
2023-11-22,3510,3535,3490,3535,31115,0.0042613636363635354
2023-11-23,3535,3640,3485,3620,47339,0.0240452616690241
2023-11-24,3600,3685,3600,3680,54747,0.016574585635359185
2023-11-27,3700,3725,3665,3720,37796,0.010869565217391353
2023-11-28,3720,3720,3670,3720,36689,0.0
2023-11-29,3680,3750,3595,3710,28945,-0.0026881720430107503
2023-11-30,3710,3725,3645,3725,18418,0.0040431266846361336
2023-12-01,3675,3745,3675,3720,16556,-0.0013422818791946067
2023-12-04,3715,3775,3675,3770,61143,0.013440860215053752
2023-12-05,3770,3785,3730,3780,11730,0.0026525198938991412
2023-12-06,3765,3765,3710,3760,16934,-0.005291005291005346
2023-12-07,3745,3770,3700,3740,13923,-0.005319148936170248
2023-12-08,3740,3745,3680,3735,18779,-0.0013368983957219305
2023-12-11,3720,3785,3700,3715,20065,-0.0053547523427041055
2023-12-12,3690,3735,3660,3725,15001,0.0026917900403768957
2023-12-13,3790,3790,3660,3690,42166,-0.00939597315436247
2023-12-14,3715,3745,3650,3685,22857,-0.0013550135501354532
2023-12-15,3655,3710,3645,3670,12042,-0.004070556309362261
2023-12-18,3670,3750,3655,3730,26783,0.016348773841961872
2023-12-19,3695,3750,3665,3705,20438,-0.006702412868632712
2023-12-20,3705,3740,3650,3675,27939,-0.0080971659919028
2023-12-21,3715,3795,3655,3700,16092,0.006802721088435382
2023-12-22,3675,3735,3675,3695,12260,-0.0013513513513513375
2023-12-26,3655,3700,3620,3665,10639,-0.008119079837618393
2023-12-27,3665,3770,3650,3675,37263,0.0027285129604366354
2023-12-28,3670,3675,3630,3655,28102,-0.0054421768707483276
2024-01-02,3700,3725,3645,3700,14452,0.012311901504787892
2024-01-03,3700,3710,3590,3630,23838,-0.018918918918918948
2024-01-04,3650,3650,3570,3590,7813,-0.011019283746556474
2024-01-05,3590,3605,3555,3570,8161,-0.005571030640668551
2024-01-08,3540,3660,3525,3540,23498,-0.008403361344537785
2024-01-09,3610,3610,3545,3610,6186,0.019774011299435124
2024-01-10,3610,3610,3555,3590,6336,-0.005540166204986097
2024-01-11,3585,3655,3550,3585,10514,-0.0013927576601671099
2024-01-12,3585,3655,3405,3605,42710,0.00557880055788007
2024-01-15,3555,3620,3535,3555,28933,-0.01386962552011095
2024-01-16,3555,3620,3510,3600,17622,0.012658227848101333
2024-01-17,3595,3620,3520,3585,20222,-0.004166666666666652
2024-01-18,3585,3615,3530,3605,9996,0.00557880055788007
2024-01-19,3625,3625,3585,3615,10957,0.00277392510402219
2024-01-22,3620,3640,3590,3605,10439,-0.0027662517289073207
2024-01-23,3600,3650,3575,3650,10500,0.012482662968099856
2024-01-24,3665,3665,3605,3620,11198,-0.008219178082191747
2024-01-25,3615,3620,3505,3505,10729,-0.03176795580110492
2024-01-26,3505,3595,3505,3535,11803,0.008559201141226769
2024-01-29,3575,3630,3535,3600,11719,0.018387553041018467
2024-01-30,3600,3685,3600,3685,29424,0.023611111111111027
2024-01-31,3680,3710,3635,3700,23740,0.004070556309362372
2024-02-01,3700,4015,3660,3950,179270,0.06756756756756754
2024-02-02,3955,4450,3865,4375,1975555,0.10759493670886067
2024-02-05,4385,4385,3985,4060,895349,-0.07199999999999995
2024-02-06,4005,4035,3850,3895,227464,-0.04064039408866993
2024-02-07,3830,3945,3800,3860,110514,-0.00898587933247752
2024-02-08,3870,4005,3845,3935,106757,0.01943005181347157
2024-02-13,3960,4055,3955,4030,107297,0.02414231257941557
2024-02-14,4000,4160,3960,4105,131175,0.018610421836228186
2024-02-15,4140,4140,3985,4035,100755,-0.01705237515225333
2024-02-16,4070,4075,3910,4070,113040,0.00867410161090465
2024-02-19,4070,4370,4035,4225,339695,0.03808353808353804
2024-02-20,4240,4240,4100,4190,98913,-0.008284023668639007
2024-02-21,4155,4180,4030,4060,74902,-0.031026252983293534
2024-02-22,4060,4075,4005,4055,45054,-0.0012315270935960854
2024-02-23,4075,4075,3805,4030,56938,-0.006165228113440224
2024-02-26,4025,4025,3900,3910,44487,-0.02977667493796521
2024-02-27,3950,3950,3775,3790,62190,-0.03069053708439895
2024-02-28,3770,3870,3760,3815,13595,0.006596306068601621
2024-02-29,3850,3950,3785,3860,72612,0.011795543905635641
2024-03-04,3900,3905,3685,3795,96085,-0.016839378238341918
2024-03-05,3795,3810,3700,3780,46962,-0.0039525691699604515
2024-03-06,3780,3855,3770,3835,27770,0.014550264550264647
2024-03-07,3840,4610,3840,3890,3563102,0.014341590612777066
2024-03-08,3895,3970,3830,3950,225620,0.015424164524421524
2024-03-11,4000,4000,3875,3905,107830,-0.011392405063291089
2024-03-12,3930,4060,3905,4000,234027,0.02432778489116516
2024-03-13,4035,4040,3950,3995,168846,-0.0012499999999999734
2024-03-14,3995,4010,3860,3915,117400,-0.020025031289111372
2024-03-15,3915,3945,3810,3835,55214,-0.020434227330779042
2024-03-18,3835,3930,3830,3860,54439,0.006518904823989535
2024-03-19,3860,3875,3790,3800,58909,-0.015544041450777257
2024-03-20,3795,3985,3795,3920,77753,0.03157894736842115
2024-03-21,3940,4040,3930,4000,189027,0.020408163265306145
2024-03-22,4010,4015,3870,3890,91098,-0.02749999999999997
2024-03-25,3855,3910,3800,3855,71558,-0.00899742930591263
2024-03-26,3820,3925,3815,3855,108971,0.0
2024-03-27,3855,3870,3800,3830,44291,-0.006485084306095956
2024-03-28,3830,4070,3805,3925,109650,0.024804177545691974
2024-03-29,3935,4060,3900,4045,219929,0.030573248407643305
2024-04-01,4035,4040,3805,3915,242577,-0.03213844252163167
2024-04-02,3915,3925,3800,3900,84342,-0.003831417624521105
2024-04-03,3895,3895,3820,3835,49332,-0.01666666666666672
2024-04-04,3835,3885,3790,3845,94032,0.0026075619295957697
2024-04-05,3800,3840,3800,3810,32626,-0.00910273081924573
2024-04-08,3780,3820,3745,3755,51187,-0.014435695538057791
2024-04-09,3750,3785,3690,3730,61123,-0.0066577896138482195
2024-04-11,3685,3735,3635,3680,28554,-0.013404825737265424
2024-04-12,3680,3730,3660,3705,23774,0.006793478260869623
2024-04-15,3695,3695,3605,3625,36288,-0.021592442645074206
2024-04-16,3590,3625,3530,3535,54206,-0.024827586206896513
2024-04-17,3515,3590,3515,3555,18023,0.005657708628005631
2024-04-18,3510,3650,3510,3625,18690,0.019690576652601877
2024-04-19,3585,3645,3430,3515,55647,-0.030344827586206935
2024-04-22,3480,3545,3480,3545,19547,0.008534850640113723
2024-04-23,3560,3620,3535,3570,30468,0.007052186177715081
2024-04-24,3585,3660,3585,3600,45168,0.008403361344537785
2024-04-25,3600,3625,3590,3600,11196,0.0
2024-04-26,3615,3655,3610,3625,10855,0.00694444444444442
2024-04-29,3635,3725,3625,3700,27581,0.020689655172413834
2024-04-30,3690,3740,3690,3735,27912,0.009459459459459474
2024-05-02,3680,3810,3680,3800,52107,0.01740294511378848
2024-05-03,3800,3830,3765,3820,36650,0.0052631578947368585
2024-05-07,3800,3915,3800,3850,75423,0.007853403141361293
2024-05-08,3810,3900,3810,3850,43078,0.0
2024-05-09,3890,3890,3810,3810,33411,-0.010389610389610393
2024-05-10,3810,3840,3760,3800,49538,-0.002624671916010457
2024-05-13,3785,3825,3760,3785,28635,-0.003947368421052588
2024-05-14,3785,3980,3760,3975,142106,0.05019815059445176
2024-05-16,3995,4080,3980,4020,81215,0.01132075471698113
2024-05-17,3980,4020,3895,3965,35779,-0.013681592039801016
2024-05-20,3975,4250,3870,4160,353173,0.049180327868852514
2024-05-21,4205,5390,4205,5120,10445862,0.23076923076923084
2024-05-22,5400,6090,5180,5350,15075853,0.044921875
2024-05-23,5260,5350,4990,5350,1982782,0.0
2024-05-24,5200,5580,5110,5300,1976469,-0.009345794392523366
2024-05-27,5550,5810,5350,5490,2192161,0.03584905660377369
2024-05-28,5510,5980,5440,5460,1970443,-0.005464480874316946
2024-05-29,5600,5970,5470,5650,2478912,0.0347985347985349
2024-05-30,5810,6640,5670,6140,9268931,0.08672566371681412
2024-05-31,6080,6200,6050,6110,710941,-0.004885993485342022
2024-06-03,6280,6300,6130,6180,600238,0.011456628477905184
2024-06-04,6120,6180,5650,5650,632140,-0.08576051779935279
2024-06-05,5500,5760,5360,5640,1064124,-0.001769911504424737
2024-06-07,5580,5760,5390,5420,772925,-0.03900709219858156
2024-06-10,5340,5560,5250,5430,506947,0.0018450184501845879
2024-06-11,5490,5600,5330,5480,437389,0.009208103130755152
2024-06-12,5530,5880,5380,5710,793748,0.04197080291970812
2024-06-13,5720,6650,5480,6400,3591589,0.12084063047285465
2024-06-14,6540,6840,5800,5940,2354481,-0.07187500000000002
2024-06-17,5800,5880,5440,5530,613720,-0.06902356902356899
2024-06-18,5570,5760,5560,5640,372720,0.019891500904159143
2024-06-19,5580,5620,5000,5000,1166784,-0.11347517730496459
2024-06-20,5020,5030,4715,4870,736439,-0.026000000000000023
2024-06-21,4800,4990,4760,4900,427036,0.006160164271047153
2024-06-24,4900,4955,4780,4850,141451,-0.010204081632653073
2024-06-25,4895,4895,4620,4765,227452,-0.017525773195876337
2024-06-26,4770,4975,4770,4955,209593,0.039874081846799525
2024-06-27,4955,5100,4840,4915,182567,-0.008072653884964698
2024-06-28,4910,4975,4730,4960,134583,0.00915564598168861
2024-07-01,4960,5010,4800,4920,137679,-0.008064516129032251
2024-07-02,4935,4935,4705,4845,172855,-0.015243902439024404
2024-07-03,4850,4980,4815,4885,151535,0.008255933952528327
2024-07-04,4950,4980,4840,4950,115304,0.013306038894575156
2024-07-05,4975,4975,4635,4700,321040,-0.0505050505050505
2024-07-08,4700,4870,4700,4825,217589,0.02659574468085113
2024-07-09,4855,4875,4480,4510,337986,-0.06528497409326428
2024-07-10,4555,4630,4450,4525,127058,0.003325942350332678
2024-07-11,4525,4600,4435,4435,86907,-0.019889502762430955
2024-07-12,4410,4440,4380,4400,81319,-0.007891770011273946
2024-07-15,4465,4465,4235,4310,223919,-0.020454545454545503
2024-07-16,4310,4310,4090,4205,332220,-0.02436194895591648
2024-07-17,4205,4310,4175,4280,110263,0.017835909631391145
2024-07-18,4170,4255,4105,4225,120353,-0.012850467289719614
2024-07-19,4200,4260,4120,4260,53325,0.008284023668639007
2024-07-22,4260,4260,4090,4190,71118,-0.016431924882629123
2024-07-23,4150,4270,4120,4245,49548,0.013126491646778149
2024-07-24,4205,4315,4200,4255,46984,0.002355712603062443
2024-07-25,4160,4245,4055,4100,87909,-0.03642773207990602
2024-07-26,4100,4185,4075,4100,31793,0.0
2024-07-29,4125,4200,4085,4160,38789,0.014634146341463428
2024-07-30,4160,4160,4035,4055,58293,-0.02524038461538458
2024-07-31,4050,4145,4010,4145,54101,0.022194821208384674
2024-08-01,4145,4185,4060,4080,57700,-0.0156815440289505
2024-08-02,4050,4050,3855,3895,133629,-0.04534313725490191
2024-08-05,3855,3900,3310,3560,235319,-0.08600770218228493
2024-08-06,3440,3745,3425,3695,181364,0.037921348314606806
2024-08-07,3585,3805,3585,3700,116050,0.0013531799729364913
2024-08-08,3625,3800,3580,3690,69193,-0.002702702702702675
2024-08-09,3720,3835,3720,3810,78887,0.03252032520325199
2024-08-12,3810,3995,3800,3950,90023,0.036745406824147064
2024-08-13,3980,3980,3705,3770,169415,-0.04556962025316458
2024-08-14,3790,3865,3770,3820,65200,0.013262599469495928
2024-08-16,3880,3925,3745,3800,211051,-0.005235602094240788
2024-08-19,3830,3835,3720,3790,53013,-0.0026315789473684292
2024-08-20,3790,3845,3735,3785,66525,-0.0013192612137202797
2024-08-21,3810,4920,3810,4920,2160882,0.29986789960369875
2024-08-22,5800,6000,4930,4995,11148237,0.015243902439024293
2024-08-23,5040,5340,4705,4825,3487841,-0.034034034034034044
2024-08-26,4815,5150,4615,4745,2240269,-0.016580310880829008
2024-08-27,4635,4700,4430,4460,656537,-0.060063224446786134
2024-08-28,4455,4620,4325,4400,522925,-0.013452914798206317
2024-08-29,4290,4325,4210,4210,277889,-0.04318181818181821
2024-08-30,4215,4290,4165,4230,303690,0.004750593824228044
2024-09-02,4230,4280,4050,4100,253359,-0.030732860520094607
2024-09-03,4050,4165,4020,4060,152238,-0.009756097560975618
2024-09-04,3920,4000,3865,3900,212904,-0.039408866995073843
2024-09-05,3950,4000,3855,3925,174517,0.0064102564102563875
2024-09-06,3925,3925,3775,3875,159638,-0.01273885350318471
2024-09-09,3800,4095,3760,4085,144543,0.05419354838709678
2024-09-10,4080,4140,4005,4005,111451,-0.019583843329253336
2024-09-11,4000,4090,3970,4010,70838,0.0012484394506866447
2024-09-12,4020,4130,4020,4100,103814,0.02244389027431426
2024-09-13,4095,4095,4025,4075,57622,-0.0060975609756097615
2024-09-19,4075,4075,3860,3970,104078,-0.025766871165644134
2024-09-20,3910,4060,3910,4005,50790,0.00881612090680095
2024-09-23,3995,4055,3955,4030,54234,0.006242197253433224
2024-09-24,4015,4085,3965,4050,53332,0.00496277915632759
2024-09-25,4080,4135,4040,4090,97822,0.009876543209876631
2024-09-26,4090,4250,4090,4230,135158,0.03422982885085579
2024-09-27,4230,4280,4155,4180,59434,-0.011820330969267157
2024-09-30,4140,4200,4080,4145,71521,-0.00837320574162681
2024-10-02,4140,4140,4025,4065,51407,-0.0193003618817853
2024-10-04,4065,4190,4020,4025,45434,-0.009840098400983988
2024-10-07,4035,4260,3960,4230,76775,0.05093167701863344
2024-10-08,4190,4250,4055,4130,34342,-0.023640661938534313
2024-10-10,4130,4150,3995,4035,91392,-0.02300242130750607
2024-10-11,4035,4095,3935,3990,91361,-0.01115241635687736
2024-10-14,3990,4070,3930,4050,39950,0.015037593984962516
2024-10-15,4050,4055,3960,4020,36466,-0.007407407407407418
2024-10-16,3980,4050,3825,3865,114093,-0.03855721393034828
2024-10-17,3875,3955,3845,3920,33834,0.014230271668822736
2024-10-18,3920,3985,3840,3910,61193,-0.0025510204081632404
2024-10-21,3840,4000,3820,3945,33023,0.008951406649616356
2024-10-22,3945,3945,3785,3785,70714,-0.040557667934093766
2024-10-23,3785,3895,3755,3885,38067,0.026420079260237816
2024-10-24,3860,3860,3795,3795,26512,-0.02316602316602312
2024-10-25,3795,3815,3670,3705,63455,-0.02371541501976282
2024-10-28,3705,3790,3700,3760,21254,0.014844804318488558
2024-10-29,3760,3790,3700,3730,20151,-0.007978723404255317
2024-10-30,3730,3785,3695,3730,44078,0.0
2024-10-31,3730,3835,3670,3790,32101,0.01608579088471851
2024-11-01,3830,4730,3760,4140,7983538,0.09234828496042224
2024-11-04,3940,4235,3930,4010,1345315,-0.03140096618357491
2024-11-05,4010,4040,3915,4020,453686,0.0024937655860348684
2024-11-06,4110,4135,3795,3805,775388,-0.05348258706467657
2024-11-07,3845,3910,3730,3800,202649,-0.0013140604467805073
2024-11-08,3840,3925,3815,3845,127572,0.011842105263157876
2024-11-11,3845,3855,3665,3685,140947,-0.041612483745123496
2024-11-12,3650,3665,3475,3485,188666,-0.05427408412483037
2024-11-13,3485,3585,3325,3345,206881,-0.04017216642754662
2024-11-14,3270,3450,3265,3450,124513,0.03139013452914807
2024-11-15,3420,3760,3360,3380,1500802,-0.020289855072463725
2024-11-18,3315,3520,3315,3470,124469,0.026627218934911268
2024-11-19,3420,3485,3420,3470,86940,0.0
2024-11-20,3425,3485,3395,3460,53409,-0.0028818443804035088
2024-11-21,3420,4040,3385,3395,3192333,-0.018786127167630062
2024-11-22,3395,3470,3345,3400,156901,0.0014727540500736325
2024-11-25,3390,3445,3380,3400,166408,0.0
2024-11-26,3400,3500,3390,3470,107873,0.020588235294117574
2024-11-27,3470,3470,3400,3430,87586,-0.011527377521613813
2024-11-28,3410,3440,3350,3365,84897,-0.01895043731778423
2024-11-29,3365,3365,3175,3220,163404,-0.043090638930163405
2024-12-02,3270,3930,3250,3330,10276345,0.03416149068322971
2024-12-03,3285,3460,3260,3355,827683,0.007507507507507505
2024-12-04,3235,3300,3160,3205,374625,-0.04470938897168408
2024-12-05,3210,3235,3085,3085,161924,-0.03744149765990634
2024-12-06,3085,3175,2965,3100,217253,0.004862236628849326
2024-12-09,3010,3060,2930,2965,261939,-0.04354838709677422
2024-12-10,2915,3205,2915,3185,197866,0.07419898819561555
2024-12-11,3150,3345,3150,3335,240123,0.047095761381475754
2024-12-12,3355,3390,3315,3370,119715,0.010494752623688264
2024-12-13,3355,3415,3320,3385,92980,0.004451038575667754
2024-12-16,3385,3510,3385,3440,158114,0.01624815361890697
2024-12-17,3355,3545,3265,3545,92884,0.03052325581395343
2024-12-18,3545,3550,3480,3545,67968,0.0
2024-12-19,3500,3525,3460,3475,50920,-0.019746121297602226
2024-12-20,3475,3530,3415,3450,50779,-0.007194244604316502
2024-12-23,3450,3595,3450,3545,73385,0.02753623188405796
2024-12-24,3535,3585,3505,3555,58028,0.0028208744710860323
2024-12-26,3520,3580,3380,3395,79311,-0.04500703234880454
2024-12-27,3395,3505,3395,3450,56838,0.016200294550809957
2024-12-30,3340,3500,3340,3385,174411,-0.018840579710144967
2025-01-02,3400,3575,3400,3560,105905,0.05169867060561306
2025-01-03,3540,3550,3480,3510,34142,-0.014044943820224698
2025-01-06,3540,3595,3520,3575,65676,0.0185185185185186
2025-01-07,3575,3675,3505,3550,163525,-0.006993006993006978
2025-01-08,3515,3670,3510,3620,41891,0.019718309859154903
2025-01-09,3590,3625,3545,3620,42203,0.0
2025-01-10,3690,3700,3590,3600,107842,-0.0055248618784530246
2025-01-13,3600,3630,3520,3560,43164,-0.011111111111111072
2025-01-14,3560,3585,3490,3525,61858,-0.0098314606741573
2025-01-15,3525,3590,3495,3515,31159,-0.0028368794326241176
2025-01-16,3535,3550,3505,3515,35076,0.0
2025-01-17,3520,3520,3470,3500,53663,-0.004267425320056861
2025-01-20,3500,3520,3420,3450,40248,-0.014285714285714235
2025-01-21,3470,3505,3390,3430,50583,-0.005797101449275366
2025-01-22,3430,3495,3350,3460,50039,0.008746355685131268
2025-01-23,3460,3460,3390,3400,27279,-0.017341040462427793
2025-01-24,3400,3465,3395,3425,23104,0.007352941176470562
2025-01-31,3425,3425,3360,3395,34304,-0.008759124087591275
2025-02-03,3370,3390,3225,3255,75415,-0.04123711340206182
2025-02-04,3250,3425,3250,3395,48180,0.043010752688172005
2025-02-05,3405,3575,3395,3490,88338,0.027982326951399017
2025-02-06,3480,3525,3435,3500,26415,0.002865329512893977
2025-02-07,3460,3515,3420,3490,35678,-0.0028571428571428914
2025-02-10,3490,3535,3410,3510,37030,0.005730659025787954
2025-02-11,3500,3515,3380,3445,87485,-0.01851851851851849
2025-02-12,3480,3480,3390,3395,30089,-0.014513788098693747
2025-02-13,3395,3430,3355,3395,30853,0.0
2025-02-14,3395,3475,3390,3445,31535,0.014727540500736325
2025-02-17,3680,4175,3490,3680,8219860,0.0682148040638606
2025-02-18,3680,3755,3640,3710,412578,0.008152173913043459
2025-02-19,3675,3730,3630,3635,242059,-0.020215633423180557
2025-02-20,3635,3685,3570,3595,140557,-0.011004126547455306
2025-02-21,3555,4670,3550,4670,6601526,0.2990264255910988
2025-02-24,4285,4555,4020,4045,4863717,-0.13383297644539616
2025-02-25,4045,4080,3905,3995,1124498,-0.012360939431396822
2025-02-26,3945,4035,3885,4000,606710,0.0012515644555695093
2025-02-27,3960,3980,3900,3960,310857,-0.010000000000000009
2025-02-28,3875,3910,3745,3775,382985,-0.04671717171717171
2025-03-04,3775,3930,3675,3780,350334,0.0013245033112583293
2025-03-05,3785,4080,3785,4050,1243091,0.0714285714285714
2025-03-06,4080,4100,3840,4050,366579,0.0
2025-03-07,3960,4045,3850,3860,327330,-0.04691358024691361
2025-03-10,3845,3900,3760,3820,190745,-0.010362694300518172
2025-03-11,3705,3885,3705,3820,116181,0.0
2025-03-12,3730,3905,3730,3885,111529,0.017015706806282616
2025-03-13,3890,3900,3770,3790,83313,-0.02445302445302444
2025-03-14,3750,3960,3750,3920,175977,0.03430079155672816
2025-03-17,3925,3980,3870,3910,71481,-0.0025510204081632404
2025-03-18,3935,3980,3880,3880,94757,-0.007672634271099765
2025-03-19,3845,3910,3790,3815,164430,-0.01675257731958768
2025-03-20,3820,3870,3760,3760,83309,-0.014416775884665833
2025-03-21,3745,3875,3740,3855,100337,0.025265957446808596
2025-03-24,3820,3905,3730,3730,110715,-0.03242542153047989
2025-03-25,3790,3790,3570,3570,171177,-0.04289544235924936
2025-03-26,3510,3590,3480,3555,180918,-0.004201680672268893
2025-03-27,3510,3585,3485,3555,50402,0.0
2025-03-28,3555,3565,3440,3475,109692,-0.02250351617440227
2025-03-31,3420,3500,3365,3450,49061,-0.007194244604316502
2025-04-01,3450,3540,3425,3500,75301,0.01449275362318847
2025-04-02,3525,3550,3430,3500,84599,0.0
2025-04-03,3445,3520,3410,3490,47658,-0.0028571428571428914
2025-04-04,3420,3505,3410,3465,79106,-0.007163323782234943
2025-04-07,3405,3405,3260,3275,106518,-0.05483405483405479
2025-04-08,3330,3395,3260,3260,59624,-0.004580152671755711
2025-04-09,3250,3365,3170,3215,106865,-0.013803680981595123
2025-04-10,3405,3950,3320,3435,4482760,0.06842923794712297
2025-04-11,3365,3500,3310,3435,861140,0.0
2025-04-14,3455,3605,3440,3565,348041,0.03784570596797665
2025-04-15,3565,3665,3525,3645,115956,0.02244039270687237
2025-04-16,3600,3660,3545,3550,120225,-0.026063100137174167
2025-04-17,3555,3720,3555,3690,102800,0.03943661971830981
2025-04-18,3690,3750,3650,3740,75033,0.013550135501354976
2025-04-21,3745,3765,3695,3730,86509,-0.002673796791443861
2025-04-22,3730,3830,3660,3735,194448,0.0013404825737264314
2025-04-23,3750,3765,3715,3735,89110,0.0
2025-04-24,3750,3790,3715,3715,108195,-0.0053547523427041055
2025-04-25,3785,4015,3730,3735,920500,0.0053835800807537915
2025-04-28,3735,3780,3650,3660,104557,-0.02008032128514059
2025-04-29,3670,3750,3665,3710,64762,0.013661202185792254
2025-04-30,3730,3730,3650,3650,59369,-0.016172506738544423
2025-05-02,3715,3720,3655,3670,21083,0.005479452054794498
2025-05-07,3680,3795,3675,3750,93672,0.021798365122615904
2025-05-08,3770,3820,3720,3730,97370,-0.005333333333333301
2025-05-09,3795,3845,3735,3845,112535,0.030831099195710365
2025-05-12,3880,3880,3770,3840,62562,-0.0013003901170350884
2025-05-13,3880,3895,3820,3830,53806,-0.0026041666666666297
2025-05-14,3805,3925,3805,3915,103951,0.022193211488250597
2025-05-15,3940,3940,3810,3820,69735,-0.024265644955300147
2025-05-16,3850,3920,3785,3820,57892,0.0
2025-05-19,3820,4350,3660,3720,5125093,-0.02617801047120416
2025-05-20,3675,3820,3650,3750,495493,0.008064516129032251
2025-05-21,3720,3820,3720,3760,136777,0.002666666666666595
2025-05-22,3735,3800,3725,3735,80126,-0.0066489361702127825
2025-05-23,3735,3785,3700,3720,54281,-0.004016064257028162
2025-05-26,3720,3965,3690,3955,263814,0.06317204301075274
2025-05-27,3900,4065,3875,4000,133320,0.011378002528444897
2025-05-28,4050,4120,3990,4080,205020,0.020000000000000018
2025-05-29,4140,4660,4045,4620,2033860,0.13235294117647056
2025-05-30,4670,5080,4510,4605,1601084,-0.0032467532467532756
2025-06-02,4700,5700,4660,4930,6540054,0.07057546145494031
2025-06-04,5000,6400,4945,6400,3987930,0.29817444219066935
2025-06-05,6920,7240,6210,6400,10252519,0.0
2025-06-09,6700,7760,6530,6720,9702063,0.050000000000000044
2025-06-10,6690,6690,6480,6580,777424,-0.02083333333333337
2025-06-11,6690,7160,6690,7150,790981,0.08662613981762912
2025-06-12,7050,7450,7010,7350,742351,0.027972027972027913
2025-06-13,7220,7430,6560,6710,2256812,-0.0870748299319728
2025-06-16,6600,7340,6430,7070,2318536,0.053651266766020944
2025-06-17,7460,7470,6540,6820,1930588,-0.03536067892503536
2025-06-18,6700,6800,6500,6570,747521,-0.03665689149560114
2025-06-19,6600,6740,6210,6300,807277,-0.04109589041095896
2025-06-20,6240,6560,6190,6300,787266,0.0
2025-06-23,6140,6450,6010,6280,691611,-0.0031746031746031633
2025-06-24,6380,6810,6380,6720,1596003,0.07006369426751591
2025-06-25,6660,8730,6480,7710,16995137,0.1473214285714286
2025-06-26,7670,7810,6990,7360,2424629,-0.045395590142671804
2025-06-27,7320,8000,7110,7930,8107740,0.07744565217391308
2025-06-30,7790,9200,7730,8020,12093166,0.011349306431273742
2025-07-01,8270,10370,8110,9590,27759418,0.19576059850374072
2025-07-02,9470,9540,8530,8630,4716085,-0.10010427528675703
2025-07-03,8670,8750,7960,8040,3119715,-0.06836616454229427
2025-07-04,8010,8010,7150,7210,2475296,-0.10323383084577109
2025-07-07,7080,7260,6920,7050,1184341,-0.02219140083217752
2025-07-08,6950,7580,6930,7350,2684619,0.042553191489361764
2025-07-09,7400,7580,7140,7340,1085604,-0.0013605442176870541
2025-07-10,7470,7530,7070,7140,927563,-0.027247956403269713
2025-07-11,7150,7310,7010,7030,582249,-0.01540616246498594
2025-07-14,7070,8200,7050,7580,8500425,0.07823613086770975
2025-07-15,7520,8080,7280,7730,3693301,0.01978891820580464
2025-07-16,7710,7980,7560,7580,1287557,-0.019404915912031084
2025-07-17,7600,7620,7220,7270,678663,-0.04089709762532978
2025-07-18,7190,7280,6920,7020,530710,-0.03438789546079779
2025-07-21,6950,7290,6920,7150,593470,0.0185185185185186
2025-07-22,7240,7240,6800,6960,571191,-0.02657342657342654
2025-07-23,7010,7020,6700,6760,412371,-0.028735632183908066
2025-07-24,6770,6800,6470,6560,452186,-0.029585798816568087
2025-07-25,6480,6860,6480,6640,471414,0.012195121951219523
2025-07-28,6640,6820,6510,6660,366470,0.003012048192771122
2025-07-29,6780,6800,6500,6550,326217,-0.016516516516516533
2025-07-30,6500,6640,6430,6450,238989,-0.01526717557251911
2025-07-31,6460,6620,6420,6540,221395,0.013953488372093092
2025-08-01,6420,6510,6100,6160,464414,-0.05810397553516822
2025-08-04,6100,6530,6090,6410,541845,0.0405844155844155
2025-08-05,6410,6530,6350,6360,175496,-0.007800312012480548
2025-08-06,6360,6490,6280,6470,161867,0.01729559748427678
2025-08-07,6540,6540,6380,6390,130416,-0.012364760432766575
2025-08-08,6380,6490,6290,6470,229025,0.012519561815336422
2025-08-11,6550,6600,6340,6420,179469,-0.007727975270479082
2025-08-12,6430,6550,6290,6290,180326,-0.02024922118380057
2025-08-13,6320,6450,6260,6310,128302,0.0031796502384737746
2025-08-14,6310,6430,6180,6280,153515,-0.004754358161648153
2025-08-18,6260,6260,6060,6080,220180,-0.031847133757961776
2025-08-19,6080,6170,5910,6030,195092,-0.008223684210526327
2025-08-20,5910,5980,5650,5910,320156,-0.01990049751243783
2025-08-21,5910,6000,5830,5890,122451,-0.0033840947546531774
2025-08-22,5890,5970,5830,5900,109124,0.001697792869269854
2025-08-25,6050,6230,5970,6200,408141,0.05084745762711873
2025-08-26,6180,6480,6110,6390,607026,0.030645161290322687
2025-08-27,6390,6420,6220,6280,206984,-0.017214397496087663
2025-08-28,6430,7330,6250,6980,6321405,0.11146496815286633
2025-08-29,6920,7180,6840,6860,1111577,-0.017191977077363862
2025-09-01,6950,6990,6640,6660,575903,-0.029154518950437303
2025-09-02,6610,6740,6510,6540,309551,-0.018018018018018056
2025-09-03,6490,6590,6420,6490,247942,-0.007645259938837912
2025-09-04,6520,6570,6470,6480,165288,-0.0015408320493066618
2025-09-05,6460,7040,6460,6870,805212,0.06018518518518512
2025-09-08,7030,7030,6780,6920,267590,0.00727802037845704
2025-09-09,6890,7680,6880,7320,3885445,0.05780346820809257
2025-09-10,7370,7860,7350,7720,1679523,0.05464480874316946
2025-09-11,7630,7920,7380,7430,1255738,-0.03756476683937826
2025-09-12,7600,7600,7220,7270,473217,-0.021534320323014833
2025-09-15,7240,7840,7230,7470,1509014,0.02751031636863832
2025-09-16,7500,7500,7130,7180,408127,-0.038821954484605126
2025-09-17,7300,7300,7050,7090,313593,-0.012534818941504211
2025-09-18,7110,7230,7090,7140,186081,0.007052186177715081
2025-09-19,7190,7190,7030,7070,153761,-0.009803921568627416
2025-09-22,7100,7300,7090,7110,321879,0.005657708628005631
2025-09-23,7150,7160,6970,7010,224588,-0.01406469760900142
2025-09-24,7050,7420,6770,6780,584094,-0.032810271041369465
2025-09-25,6780,6880,6690,6780,145984,0.0
2025-09-26,6720,6820,6540,6620,207374,-0.02359882005899705
2025-09-29,6650,7350,6650,7230,1044189,0.09214501510574014
2025-09-30,7230,7470,7150,7220,393382,-0.0013831258644536604
2025-10-01,7190,7400,7130,7230,310908,0.0013850415512466352
2025-10-02,7320,7640,7220,7350,1160472,0.016597510373443924
2025-10-10,7490,8750,7480,7990,8207125,0.0870748299319728
2025-10-13,7770,8270,7590,7910,1870371,-0.010012515644555742
2025-10-14,8100,8100,7340,7380,1127535,-0.06700379266750944
2025-10-15,7390,7730,7390,7630,497978,0.03387533875338744
2025-10-16,7630,7660,7390,7540,380767,-0.011795543905635641
2025-10-17,7520,7700,7300,7360,291405,-0.023872679045092826
2025-10-20,7360,7780,7350,7690,662679,0.044836956521739024
2025-10-21,7770,8890,7660,8200,4471549,0.06631989596879073
2025-10-22,8230,8300,7790,7920,506396,-0.034146341463414664
2025-10-23,7920,7920,7490,7600,406140,-0.04040404040404044
2025-10-24,7700,8800,7690,8440,3223987,0.11052631578947358
2025-10-27,8510,9850,8480,9300,2898765,0.1018957345971565
2025-10-28,9820,9880,9100,9160,1374667,-0.01505376344086018
2025-10-29,9300,9300,8650,8850,943966,-0.03384279475982532
2025-10-30,8880,8880,8390,8390,563999,-0.051977401129943535
2025-10-31,8330,8390,8060,8130,411059,-0.030989272943980906
2025-11-03,8130,8300,7900,7950,581317,-0.022140221402214055
2025-11-04,7960,8400,7700,7720,914868,-0.028930817610062887
2025-11-05,7720,7720,7180,7530,504463,-0.024611398963730546
2025-11-06,7580,8200,7540,7890,629409,0.047808764940239
2025-11-07,7650,7800,7190,7350,470288,-0.0684410646387833
2025-11-10,7470,8170,7470,8100,786230,0.1020408163265305
2025-11-11,8120,9800,8100,8790,4951098,0.08518518518518525
2025-11-12,8810,8980,8580,8720,684867,-0.007963594994311762
2025-11-13,8610,8660,8360,8420,461317,-0.0344036697247706
2025-11-14,8130,8280,7750,7810,420032,-0.07244655581947745
2025-11-17,7890,8360,7490,7530,512892,-0.035851472471190804
2025-11-18,7540,7540,6790,7040,420628,-0.06507304116865875
2025-11-19,7140,7290,6900,7170,327383,0.01846590909090917
2025-11-20,7330,7720,7250,7260,203835,0.012552301255230214
2025-11-21,6960,7080,6850,6880,206139,-0.052341597796143224
2025-11-24,7030,7150,6850,7050,188083,0.024709302325581328
2025-11-25,7200,7330,7010,7030,230960,-0.0028368794326241176
2025-11-26,7070,7120,6950,7100,130439,0.009957325746799528
2025-11-27,7190,7250,6910,6970,172695,-0.018309859154929553
2025-11-28,7000,7340,7000,7210,211048,0.03443328550932567
2025-12-01,7210,7710,7210,7290,420128,0.01109570041608876
2025-12-02,7310,7330,7140,7190,126952,-0.013717421124828544
2025-12-03,7270,7350,7090,7130,195291,-0.008344923504867818
2025-12-04,7170,7350,7090,7220,315900,0.012622720897615736
2025-12-05,7280,7370,7170,7210,200169,-0.0013850415512465242
2025-12-08,7220,7430,7120,7130,245842,-0.01109570041608876
2025-12-09,7160,7160,7000,7050,125968,-0.011220196353436185
2025-12-10,7060,7060,6920,6940,151806,-0.015602836879432647
2025-12-11,6990,7090,6900,7000,244425,0.008645533141210304
2025-12-12,6980,7260,6900,7220,312563,0.03142857142857136
2025-12-15,7100,7830,7060,7500,1019873,0.03878116343490312
2025-12-16,7520,7560,7080,7090,237051,-0.05466666666666664
2025-12-17,7150,7270,6940,6970,165696,-0.016925246826516194
2025-12-18,6900,7000,6720,6770,207512,-0.028694404591104727
2025-12-19,6830,6890,6670,6820,193824,0.007385524372230501
2025-12-22,7160,7220,6900,7170,228309,0.0513196480938416
2025-12-23,7250,7320,7140,7240,133885,0.009762900976290068
2025-12-24,7270,7440,7150,7260,166378,0.0027624309392264568
2025-12-26,7260,7620,7240,7570,409993,0.04269972451790638
2025-12-29,7580,8610,7580,8140,1274321,0.07529722589167775
2025-12-30,8300,10580,8170,10580,4852348,0.2997542997542997
2026-01-02,13750,13750,13750,13750,297082,0.2996219281663517
2026-01-05,14160,17800,14150,14350,16243817,0.043636363636363695
2026-01-06,14360,14390,12810,13940,2298215,-0.02857142857142858
2026-01-07,13760,13810,12050,12050,1471940,-0.1355810616929699
2026-01-08,12290,12840,11890,12350,791427,0.024896265560165887
2026-01-09,12480,13230,12200,12700,1041733,0.028340080971659853
2026-01-12,13000,13500,12300,13370,749662,0.052755905511810974
2026-01-13,13730,14480,13380,14300,1244709,0.0695587135377711
2026-01-14,14330,14330,13030,13450,552796,-0.05944055944055948
2026-01-15,13450,14070,12900,13990,519545,0.04014869888475836
2026-01-16,14350,14580,13530,14150,564636,0.011436740528949274
2026-01-19,14150,14870,13630,14600,625880,0.03180212014134276
2026-01-20,14600,14690,13350,13780,549176,-0.05616438356164388
2026-01-21,13120,13850,12840,13330,659831,-0.03265602322206096
2026-01-22,13330,13780,12460,12670,579028,-0.04951237809452358
2026-01-23,12670,15980,12500,13710,3678160,0.08208366219415941
2026-01-26,13730,15450,13720,14100,1577667,0.02844638949671774
2026-01-27,14110,14200,13280,13570,652152,-0.0375886524822695
2026-01-28,14080,15800,14080,14960,2519339,0.10243183492999264
2026-01-29,15660,15710,14100,14460,1079480,-0.03342245989304815
2026-01-30,14610,14910,13690,14010,803644,-0.03112033195020747
2026-02-02,13480,14320,12950,13000,503847,-0.07209136331192001
2026-02-03,13550,15320,13190,14340,1434409,0.10307692307692307
2026-02-04,14010,14450,13800,14400,432128,0.004184100418409997
2026-02-05,14170,14350,13380,13420,309919,-0.06805555555555554
2026-02-06,12630,13580,12160,13130,392862,-0.0216095380029806
2026-02-09,13310,13800,13260,13420,283345,0.022086824067022004
2026-02-10,13420,13690,12770,12860,236671,-0.041728763040238426
