Date,Open,High,Low,Close,Volume,Change
2022-01-03,9230,9270,9150,9200,12963,-0.00325027085590468
2022-01-04,9290,9350,9180,9350,28977,0.016304347826086918
2022-01-05,9540,9780,9380,9530,102944,0.019251336898395754
2022-01-06,9590,9710,9480,9660,78851,0.01364113326337879
2022-01-07,9790,9850,9570,9750,90435,0.009316770186335477
2022-01-10,9950,9950,9330,9410,56589,-0.034871794871794926
2022-01-11,9410,9450,9180,9220,48517,-0.020191285866099862
2022-01-12,9240,9470,9100,9440,45027,0.02386117136659438
2022-01-13,9440,9600,9310,9360,14524,-0.008474576271186418
2022-01-14,9360,9410,9150,9200,26416,-0.017094017094017144
2022-01-17,9250,9260,9120,9130,31592,-0.007608695652173925
2022-01-18,9030,9200,9000,9010,40028,-0.013143483023001057
2022-01-19,8890,9240,8890,9190,53028,0.019977802441731418
2022-01-20,9410,9440,9140,9270,54378,0.008705114254624613
2022-01-21,9270,9350,8740,8960,35139,-0.033441208198489725
2022-01-24,8960,9000,8660,8660,39572,-0.033482142857142905
2022-01-25,8600,8720,8350,8400,50011,-0.03002309468822173
2022-01-26,8400,8530,8300,8470,24198,0.008333333333333304
2022-01-27,8460,8460,8000,8000,40363,-0.05548996458087363
2022-01-28,7960,8240,7840,8180,26422,0.022499999999999964
2022-02-03,8200,8480,8200,8320,18493,0.017114914425427896
2022-02-04,8320,8370,8220,8320,23070,0.0
2022-02-07,8320,8380,8270,8330,16178,0.0012019230769231282
2022-02-08,8260,8450,8250,8300,20723,-0.0036014405762304635
2022-02-09,8300,8540,8300,8520,36730,0.026506024096385472
2022-02-10,8600,8650,8500,8590,21661,0.008215962441314506
2022-02-11,8550,8580,8390,8420,21904,-0.019790454016297976
2022-02-14,8340,8590,8180,8380,14149,-0.004750593824228044
2022-02-15,8380,8470,8210,8270,16187,-0.013126491646778038
2022-02-16,8270,8440,8270,8390,20513,0.0145102781136639
2022-02-17,8390,8570,8380,8510,24794,0.014302741358760418
2022-02-18,8420,8880,8420,8870,46753,0.04230317273795525
2022-02-21,8870,8950,8690,8780,20926,-0.01014656144306647
2022-02-22,8750,8750,8500,8500,24136,-0.03189066059225509
2022-02-23,8740,8800,8540,8780,23254,0.03294117647058825
2022-02-24,8850,8880,8330,8380,69157,-0.04555808656036442
2022-02-25,8400,8690,8400,8540,28800,0.019093078758949833
2022-02-28,8690,8690,8430,8600,13685,0.007025761124121788
2022-03-02,8590,8870,8590,8830,24656,0.02674418604651163
2022-03-03,8900,9140,8860,9020,38902,0.021517553793884536
2022-03-04,9100,9100,8840,8900,31239,-0.013303769401330379
2022-03-07,8840,8890,8700,8820,38277,-0.008988764044943864
2022-03-08,8650,8800,8600,8730,16621,-0.010204081632653073
2022-03-10,9050,10400,8800,9280,920354,0.06300114547537228
2022-03-11,9350,9890,9220,9780,442937,0.053879310344827624
2022-03-14,9820,9820,9420,9500,138842,-0.02862985685071573
2022-03-15,9500,9500,9220,9290,68962,-0.02210526315789474
2022-03-16,9450,9800,9220,9800,200501,0.054897739504844
2022-03-17,10050,10150,9850,9930,243016,0.013265306122449028
2022-03-18,9900,10050,9830,9830,84759,-0.010070493454179208
2022-03-21,9850,10100,9850,9990,88569,0.016276703967446515
2022-03-22,10100,10150,9920,9950,54856,-0.004004004004004025
2022-03-23,10100,10100,9930,9940,53477,-0.0010050251256281673
2022-03-24,9950,9990,9810,9950,43965,0.001006036217303885
2022-03-25,9920,10000,9800,9860,50305,-0.009045226130653283
2022-03-28,9940,10400,9940,10050,151502,0.01926977687626774
2022-03-29,10150,11600,10050,10900,2361089,0.08457711442786064
2022-03-30,11000,11050,10450,10550,467081,-0.032110091743119296
2022-03-31,10550,10800,10400,10750,157516,0.018957345971563955
2022-04-01,10850,11200,10650,10800,338846,0.0046511627906977715
2022-04-04,10800,10900,10550,10650,123779,-0.01388888888888884
2022-04-05,10600,10650,10400,10450,88602,-0.018779342723004744
2022-04-06,10400,10550,10150,10350,91421,-0.009569377990430672
2022-04-07,11200,11200,10200,10200,604433,-0.01449275362318836
2022-04-08,10350,10350,10000,10050,129353,-0.014705882352941124
2022-04-11,10050,10150,9630,9710,132141,-0.03383084577114426
2022-04-12,9650,9870,9520,9820,62985,0.011328527291452062
2022-04-13,9890,9940,9780,9920,27002,0.010183299389002087
2022-04-14,10000,10000,9810,9850,26941,-0.007056451612903247
2022-04-15,9800,9920,9580,9840,51103,-0.0010152284263958977
2022-04-18,9940,9960,9800,9870,50675,0.0030487804878047697
2022-04-19,9830,9910,9810,9840,34723,-0.003039513677811523
2022-04-20,9900,10150,9670,10100,100361,0.026422764227642226
2022-04-21,10150,10150,9980,10100,42671,0.0
2022-04-22,10000,10050,9770,9930,45463,-0.016831683168316847
2022-04-25,9750,9890,9720,9720,54836,-0.02114803625377648
2022-04-26,9720,9800,9630,9700,30720,-0.002057613168724326
2022-04-27,9430,9680,9330,9610,42840,-0.009278350515463885
2022-04-28,9550,9790,9530,9560,27759,-0.005202913631633721
2022-04-29,9560,9720,9560,9620,24580,0.006276150627614996
2022-05-02,9570,9620,9520,9620,28131,0.0
2022-05-03,9510,9630,9510,9590,28779,-0.0031185031185031464
2022-05-04,9590,9630,9510,9600,27488,0.0010427528675704956
2022-05-06,9600,10100,9510,9890,152397,0.030208333333333393
2022-05-09,9940,9950,9500,9500,69982,-0.039433771486349856
2022-05-10,9210,9330,8950,9270,51363,-0.02421052631578946
2022-05-11,9340,9340,9200,9250,12502,-0.0021574973031284195
2022-05-12,9230,9230,8830,8830,38476,-0.045405405405405386
2022-05-13,8710,8950,8710,8900,31689,0.007927519818799578
2022-05-16,8810,9090,8810,9000,15890,0.011235955056179803
2022-05-17,8990,9070,8930,9070,16708,0.007777777777777883
2022-05-18,9130,9130,8930,8970,15608,-0.011025358324145529
2022-05-19,8800,8840,8660,8800,22787,-0.018952062430323324
2022-05-20,8770,8890,8770,8880,14115,0.009090909090909038
2022-05-23,8880,8930,8800,8800,20536,-0.009009009009009028
2022-05-24,8750,8830,8700,8730,19740,-0.007954545454545436
2022-05-25,8730,8750,8620,8680,16365,-0.00572737686139746
2022-05-26,8630,8730,8610,8630,10958,-0.005760368663594417
2022-05-27,8700,8740,8640,8680,13190,0.005793742757821629
2022-05-30,8850,9000,8690,8720,13997,0.004608294930875667
2022-05-31,8730,8830,8720,8800,33384,0.00917431192660545
2022-06-02,8800,8890,8700,8700,17066,-0.011363636363636354
2022-06-03,8700,8790,8700,8730,9345,0.0034482758620688614
2022-06-07,8810,8810,8570,8570,33759,-0.018327605956471982
2022-06-08,8650,8660,8510,8560,11345,-0.001166861143523934
2022-06-09,8510,8560,8460,8490,11437,-0.008177570093457986
2022-06-10,8490,8490,8370,8400,13974,-0.010600706713780883
2022-06-13,8200,8370,7970,7990,33418,-0.04880952380952386
2022-06-14,7630,7900,7240,7700,59528,-0.03629536921151444
2022-06-15,7590,7900,7320,7350,36349,-0.045454545454545414
2022-06-16,7350,7630,7300,7380,35768,0.004081632653061273
2022-06-17,7200,7380,7090,7370,42883,-0.0013550135501354532
2022-06-20,7320,7400,6710,6830,96950,-0.07327001356852103
2022-06-21,6770,6970,6700,6960,21116,0.019033674963396807
2022-06-22,6920,7040,6370,6410,63424,-0.07902298850574707
2022-06-23,6370,6570,6040,6040,72098,-0.057722308892355745
2022-06-24,6000,6590,6000,6450,47725,0.06788079470198682
2022-06-27,6570,6770,6520,6700,27814,0.03875968992248069
2022-06-28,6900,6900,6620,6740,14081,0.005970149253731405
2022-06-29,6520,6880,6520,6830,20652,0.01335311572700304
2022-06-30,6750,6880,6640,6800,24352,-0.004392386530014614
2022-07-01,6760,6890,6440,6560,21562,-0.03529411764705881
2022-07-04,6630,6750,6260,6430,24293,-0.01981707317073167
2022-07-05,6400,6800,6400,6610,17737,0.027993779160186527
2022-07-06,6610,6730,6420,6500,14165,-0.016641452344931973
2022-07-07,6500,6750,6500,6620,19275,0.01846153846153853
2022-07-08,6740,6790,6640,6690,14178,0.010574018126888296
2022-07-11,6930,6930,6580,6710,19624,0.002989536621823552
2022-07-12,6590,6670,6510,6630,23947,-0.011922503725782407
2022-07-13,6780,8190,6620,7080,1152448,0.0678733031674208
2022-07-14,6900,7090,6870,7040,64665,-0.005649717514124242
2022-07-15,7020,7020,6670,6840,52614,-0.02840909090909094
2022-07-18,6900,6930,6760,6910,30751,0.01023391812865504
2022-07-19,6850,7110,6790,7080,35846,0.02460202604920414
2022-07-20,7110,7130,7050,7080,37958,0.0
2022-07-21,7010,7130,7010,7040,27235,-0.005649717514124242
2022-07-22,7100,7330,7000,7040,75480,0.0
2022-07-25,7040,7110,6940,7010,16137,-0.0042613636363636465
2022-07-26,7000,7080,6980,7000,12689,-0.0014265335235378318
2022-07-27,7000,7080,6980,7060,9966,0.008571428571428674
2022-07-28,7140,7140,7030,7030,18732,-0.004249291784702569
2022-07-29,7030,7100,7010,7040,15751,0.0014224751066855834
2022-08-01,7040,7220,7010,7130,38487,0.012784090909090828
2022-08-02,7120,7150,7020,7090,13350,-0.005610098176718092
2022-08-03,7040,7260,7040,7260,37979,0.023977433004231274
2022-08-04,7310,7460,7280,7440,56406,0.024793388429751984
2022-08-05,7600,7920,7510,7810,174941,0.04973118279569899
2022-08-08,7870,7950,7810,7950,92875,0.017925736235595346
2022-08-09,8070,9700,7870,8440,1918270,0.06163522012578615
2022-08-10,8390,8490,8250,8250,190246,-0.02251184834123221
2022-08-11,8260,8360,8240,8250,83700,0.0
2022-08-12,8220,8280,8180,8200,46507,-0.0060606060606061
2022-08-16,8220,8280,8160,8180,58157,-0.0024390243902439046
2022-08-17,8280,8300,7950,8050,86856,-0.0158924205378973
2022-08-18,7870,8090,7810,7980,55393,-0.008695652173912993
2022-08-19,7980,8010,7780,7780,49518,-0.02506265664160401
2022-08-22,7680,7800,7500,7680,33001,-0.01285347043701801
2022-08-23,7500,7670,7410,7450,42040,-0.02994791666666663
2022-08-24,7440,7570,7400,7540,17692,0.012080536912751683
2022-08-25,7520,7750,7510,7690,34345,0.019893899204244114
2022-08-26,7860,7860,7610,7640,27467,-0.006501950585175553
2022-08-29,7310,8000,7310,7650,37559,0.0013089005235602524
2022-08-30,7660,7800,7590,7710,22726,0.007843137254901933
2022-08-31,7650,7780,7630,7740,15947,0.0038910505836575737
2022-09-01,7660,8050,7500,7560,114093,-0.023255813953488413
2022-09-02,7560,7770,7560,7660,28064,0.013227513227513255
2022-09-05,7520,7790,7510,7670,32503,0.0013054830287206887
2022-09-06,7760,7900,7680,7780,45294,0.014341590612777066
2022-09-07,7830,7830,7400,7480,50232,-0.03856041131105403
2022-09-08,7710,7900,7500,7560,283304,0.010695187165775444
2022-09-13,7660,7710,7570,7690,40608,0.01719576719576721
2022-09-14,7540,7650,7310,7560,34739,-0.016905071521456483
2022-09-15,7580,7850,7570,7700,101911,0.0185185185185186
2022-09-16,7690,7700,7390,7490,49343,-0.027272727272727226
2022-09-19,7470,7470,7040,7080,75772,-0.05473965287049398
2022-09-20,7190,7200,7000,7110,42163,0.004237288135593209
2022-09-21,7010,7110,6980,7000,22737,-0.015471167369901506
2022-09-22,6910,6910,6700,6790,51151,-0.030000000000000027
2022-09-23,6780,6790,6510,6680,74657,-0.016200294550810068
2022-09-26,6480,6610,6070,6120,93558,-0.08383233532934131
2022-09-27,6030,6180,5960,6050,51964,-0.011437908496731986
2022-09-28,6000,6090,5800,5880,44677,-0.028099173553719048
2022-09-29,5990,6030,5800,5800,31031,-0.013605442176870763
2022-09-30,5790,5800,5560,5780,38539,-0.0034482758620689724
2022-10-04,5840,6030,5830,6010,24694,0.03979238754325265
2022-10-05,6040,6170,5890,5990,26146,-0.0033277870216306127
2022-10-06,5920,6230,5920,6170,31709,0.030050083472454192
2022-10-07,6170,6270,6020,6180,17066,0.0016207455429497752
2022-10-11,6180,6230,5910,5990,14596,-0.03074433656957931
2022-10-12,5950,6050,5910,6000,11730,0.0016694490818029983
2022-10-13,5940,5990,5730,5730,19415,-0.04500000000000004
2022-10-14,5820,5960,5820,5850,9465,0.020942408376963373
2022-10-17,5870,6090,5800,6050,13617,0.03418803418803429
2022-10-18,6050,6300,6050,6150,18601,0.016528925619834656
2022-10-19,6130,6210,6130,6180,10261,0.004878048780487809
2022-10-20,6180,6200,6040,6130,9926,-0.008090614886731351
2022-10-21,6050,6130,6000,6060,5616,-0.011419249592169667
2022-10-24,6080,6250,6080,6180,21319,0.01980198019801982
2022-10-25,6180,6290,6110,6200,13834,0.003236245954692629
2022-10-26,6210,6210,6010,6010,17962,-0.030645161290322576
2022-10-27,6010,6140,5990,6100,12002,0.014975041597337757
2022-10-28,6100,6130,6040,6090,6839,-0.0016393442622950616
2022-10-31,6150,6250,6120,6220,12456,0.021346469622331776
2022-11-01,6220,6260,6140,6230,21788,0.001607717041800738
2022-11-02,6230,6280,6140,6220,11154,-0.0016051364365970988
2022-11-03,6070,6100,5910,6070,30267,-0.024115755627009627
2022-11-04,6000,6030,5940,6020,16817,-0.008237232289950547
2022-11-07,6070,6290,6000,6120,28930,0.01661129568106312
2022-11-08,6140,6210,6100,6180,21872,0.009803921568627416
2022-11-09,6210,6240,6120,6170,24781,-0.0016181229773463146
2022-11-10,6170,6200,6100,6150,13604,-0.0032414910858995505
2022-11-11,6270,6270,6110,6270,45005,0.019512195121951237
2022-11-14,6270,6350,6270,6280,23103,0.0015948963317384823
2022-11-15,6280,6450,6250,6360,19900,0.01273885350318471
2022-11-16,6480,6480,6260,6380,30358,0.003144654088050425
2022-11-17,6380,6380,6260,6360,19388,-0.0031347962382445305
2022-11-18,6300,6360,6290,6300,16083,-0.009433962264150941
2022-11-21,6300,6310,6150,6190,20973,-0.01746031746031751
2022-11-22,6110,6310,6110,6160,12258,-0.004846526655896577
2022-11-23,6150,6260,6140,6210,21431,0.008116883116883189
2022-11-24,6270,6340,6190,6320,32029,0.017713365539452575
2022-11-25,6320,6360,6260,6320,11643,0.0
2022-11-28,6350,6350,6170,6210,29870,-0.017405063291139222
2022-11-29,6180,6250,6110,6240,24677,0.004830917874396157
2022-11-30,6240,6300,6110,6270,17635,0.004807692307692291
2022-12-01,6280,6480,6280,6450,43416,0.028708133971291794
2022-12-02,6470,6490,6350,6360,20150,-0.013953488372092981
2022-12-05,6400,6400,6310,6350,18783,-0.0015723270440252124
2022-12-06,6350,6370,6280,6290,21050,-0.009448818897637823
2022-12-07,6290,6350,6180,6350,18293,0.009538950715421324
2022-12-08,6270,6390,6190,6250,21760,-0.015748031496062964
2022-12-09,6300,6330,6200,6250,15164,0.0
2022-12-12,6200,6290,6170,6220,12562,-0.0048000000000000265
2022-12-13,6210,6390,6210,6350,28026,0.020900321543408262
2022-12-14,6360,6390,6290,6330,19808,-0.0031496062992125706
2022-12-15,6350,6380,6200,6320,20169,-0.0015797788309637184
2022-12-16,6210,6300,6180,6240,12521,-0.012658227848101222
2022-12-19,6200,6240,6130,6200,12922,-0.0064102564102563875
2022-12-20,6200,6200,6030,6050,56791,-0.024193548387096753
2022-12-21,6050,6110,6020,6050,16201,0.0
2022-12-22,6050,6100,6030,6090,21431,0.006611570247933907
2022-12-23,6090,6090,5910,5940,29164,-0.024630541871921152
2022-12-26,5940,6030,5920,5990,14563,0.008417508417508435
2022-12-27,5990,6100,5970,6070,11169,0.013355592654423987
2022-12-28,5960,6080,5950,6000,25377,-0.011532125205930832
2022-12-29,5950,6050,5800,5880,64359,-0.020000000000000018
2023-01-02,5940,5960,5540,5600,55025,-0.04761904761904767
2023-01-03,5430,5550,5380,5500,58950,-0.017857142857142905
2023-01-04,5420,5670,5360,5650,27561,0.027272727272727337
2023-01-05,5690,5960,5560,5750,37250,0.017699115044247815
2023-01-06,5650,5840,5650,5790,21234,0.006956521739130528
2023-01-09,5790,5880,5780,5860,10153,0.012089810017271052
2023-01-10,5880,5900,5790,5850,21812,-0.0017064846416382506
2023-01-11,5890,5940,5820,5850,16256,0.0
2023-01-12,5900,5950,5830,5830,13715,-0.0034188034188034067
2023-01-13,5880,5900,5810,5850,12587,0.0034305317324185847
2023-01-16,5850,5930,5830,5880,16202,0.00512820512820511
2023-01-17,5880,5930,5790,5810,16125,-0.011904761904761862
2023-01-18,5810,5810,5730,5770,11267,-0.0068846815834767705
2023-01-19,5710,5860,5700,5810,13286,0.006932409012131657
2023-01-20,5760,5860,5740,5820,14526,0.001721170395869276
2023-01-25,5820,5880,5790,5870,31063,0.00859106529209619
2023-01-26,5870,5930,5830,5910,29697,0.006814310051107331
2023-01-27,5910,6070,5910,6050,60423,0.02368866328257191
2023-01-30,6190,6800,6100,6100,727468,0.008264462809917328
2023-01-31,6110,6290,6050,6080,160486,-0.003278688524590123
2023-02-01,6120,6190,6040,6140,116406,0.009868421052631637
2023-02-02,6200,6200,6100,6180,82995,0.006514657980456029
2023-02-03,6190,6200,6100,6140,60392,-0.006472491909385147
2023-02-06,6150,6150,6050,6130,56432,-0.0016286644951140072
2023-02-07,6130,6170,6090,6130,40932,0.0
2023-02-08,6130,6170,6100,6160,42980,0.004893964110929794
2023-02-09,6150,6240,6080,6090,60763,-0.011363636363636354
2023-02-10,6120,6120,6010,6050,62544,-0.006568144499178974
2023-02-13,6000,6090,5960,6000,31856,-0.008264462809917328
2023-02-14,6020,6100,5990,6000,52789,0.0
2023-02-15,6050,6050,5910,5920,66636,-0.013333333333333308
2023-02-16,5920,5970,5910,5930,28039,0.0016891891891892552
2023-02-17,5920,6000,5850,5920,36426,-0.001686340640809414
2023-02-20,5870,5970,5840,5910,25793,-0.0016891891891891442
2023-02-21,5950,6040,5920,5960,31322,0.008460236886632888
2023-02-22,5900,5930,5860,5870,29764,-0.015100671140939603
2023-02-23,5870,5940,5850,5930,23547,0.010221465076660996
2023-02-24,5930,5960,5870,5920,29382,-0.001686340640809414
2023-02-27,5850,5920,5740,5760,42264,-0.027027027027026973
2023-02-28,5770,5810,5720,5790,30298,0.005208333333333259
2023-03-02,5790,5840,5750,5820,20999,0.005181347150259086
2023-03-03,5810,5910,5780,5900,22517,0.013745704467353903
2023-03-06,5900,5900,5810,5880,29265,-0.003389830508474523
2023-03-07,5860,6010,5850,6000,41862,0.020408163265306145
2023-03-08,5950,5950,5830,5900,34456,-0.01666666666666672
2023-03-09,5890,5890,5780,5840,34139,-0.01016949152542368
2023-03-10,5770,5820,5700,5770,35364,-0.011986301369863006
2023-03-13,5710,5760,5470,5580,66489,-0.032928942807625705
2023-03-14,5520,5560,5370,5370,47364,-0.037634408602150504
2023-03-15,5380,5580,5380,5500,13202,0.024208566108007368
2023-03-16,5400,5500,5360,5490,15059,-0.0018181818181818299
2023-03-17,5540,5640,5470,5570,23453,0.014571948998178597
2023-03-20,5570,5570,5470,5510,24232,-0.010771992818671472
2023-03-21,5510,5980,5470,5980,122483,0.08529945553539009
2023-03-22,5970,7000,5960,6180,3159531,0.03344481605351168
2023-03-23,6160,6180,5900,5930,310673,-0.04045307443365698
2023-03-24,5970,6200,5870,6100,270995,0.02866779089376048
2023-03-27,6050,6050,5830,5900,136282,-0.032786885245901676
2023-03-28,5870,5940,5840,5890,67851,-0.0016949152542372614
2023-03-29,5900,6260,5900,6210,288445,0.05432937181663844
2023-03-30,6270,6280,6150,6240,168369,0.004830917874396157
2023-03-31,6250,6370,6120,6180,170651,-0.009615384615384581
2023-04-03,6240,6320,6100,6240,109105,0.009708737864077666
2023-04-04,6280,6390,6250,6380,147695,0.022435897435897356
2023-04-05,6420,6420,6210,6270,101418,-0.017241379310344862
2023-04-06,6280,6330,6080,6180,83371,-0.014354066985645897
2023-04-07,6240,6240,6080,6120,50970,-0.009708737864077666
2023-04-10,6120,6540,6010,6480,518423,0.05882352941176472
2023-04-11,6550,6610,6330,6460,291716,-0.0030864197530864335
2023-04-12,6460,6470,6300,6360,148564,-0.015479876160990669
2023-04-13,6390,6430,6180,6430,94936,0.011006289308176154
2023-04-14,6440,6470,6260,6310,143870,-0.018662519440124425
2023-04-17,6310,6490,6280,6460,147103,0.023771790808240878
2023-04-18,6490,6490,6330,6430,79071,-0.004643962848297267
2023-04-19,6430,6780,6390,6700,402877,0.04199066874028001
2023-04-20,6700,6860,6500,6530,288246,-0.025373134328358193
2023-04-21,6570,6620,6270,6380,148973,-0.02297090352220521
2023-04-24,6390,6410,6120,6200,115811,-0.028213166144200663
2023-04-25,6200,6200,6020,6090,87694,-0.01774193548387093
2023-04-26,6030,6210,5950,6200,82205,0.01806239737274229
2023-04-27,6180,6260,6110,6250,52334,0.008064516129032251
2023-04-28,6300,6470,6260,6390,134856,0.022399999999999975
2023-05-02,6450,6590,6410,6520,121030,0.020344287949921824
2023-05-03,6450,7400,6430,6680,879051,0.024539877300613577
2023-05-04,6700,6920,6570,6740,231934,0.008982035928143617
2023-05-08,6820,6900,6640,6660,150897,-0.011869436201780381
2023-05-09,6650,6670,6500,6590,88656,-0.010510510510510551
2023-05-10,6590,6710,6500,6580,72366,-0.0015174506828528056
2023-05-11,6650,6650,6530,6540,39386,-0.006079027355623046
2023-05-12,6480,6540,6460,6490,53119,-0.007645259938837912
2023-05-15,6410,6440,6200,6280,77596,-0.03235747303543912
2023-05-16,6280,6520,6280,6420,54740,0.022292993630573354
2023-05-17,6400,6470,6370,6430,58292,0.0015576323987538387
2023-05-18,6430,6600,6350,6600,80657,0.026438569206842955
2023-05-19,6630,6650,6530,6570,57351,-0.004545454545454519
2023-05-22,6630,6640,6460,6620,47701,0.007610350076103556
2023-05-23,6660,6800,6610,6670,61036,0.007552870090634434
2023-05-24,6660,6680,6530,6630,36597,-0.005997001499250421
2023-05-25,6580,6600,6420,6480,31736,-0.022624434389140302
2023-05-26,6480,6550,6340,6380,44916,-0.015432098765432056
2023-05-30,6540,6540,6330,6390,31808,0.0015673981191222097
2023-05-31,6390,6390,6310,6330,20974,-0.009389671361502372
2023-06-01,6330,6370,6260,6300,22030,-0.004739336492891044
2023-06-02,6300,6410,6270,6380,26583,0.012698412698412653
2023-06-05,6390,6510,6370,6450,27619,0.01097178683385569
2023-06-07,6390,6500,6390,6480,24323,0.0046511627906977715
2023-06-08,6480,6480,6400,6470,24916,-0.0015432098765432167
2023-06-09,6560,6560,6360,6400,34807,-0.010819165378670781
2023-06-12,6350,6410,6320,6390,34880,-0.0015625000000000222
2023-06-13,6400,6470,6300,6380,54695,-0.0015649452269170805
2023-06-14,6450,6450,6240,6240,76052,-0.021943573667711602
2023-06-15,6220,6430,6150,6410,83052,0.027243589743589647
2023-06-16,6470,6470,6350,6450,32469,0.006240249609984483
2023-06-19,6450,6640,6410,6640,111019,0.029457364341085368
2023-06-20,6640,6690,6570,6620,82263,-0.003012048192771122
2023-06-21,6750,7280,6620,6620,670724,0.0
2023-06-22,6550,6650,6490,6580,68943,-0.0060422960725075026
2023-06-23,6640,6860,6570,6700,318639,0.01823708206686936
2023-06-26,6740,6870,6650,6750,106187,0.00746268656716409
2023-06-27,6720,6790,6620,6660,62393,-0.013333333333333308
2023-06-28,6660,6760,6600,6660,56767,0.0
2023-06-29,6700,6720,6400,6400,81075,-0.03903903903903905
2023-06-30,6500,6600,6310,6430,51593,0.004687499999999956
2023-07-03,6420,6660,6420,6640,78227,0.03265940902021769
2023-07-04,6640,6650,6440,6520,43788,-0.01807228915662651
2023-07-05,6520,6560,6330,6380,82350,-0.021472392638036797
2023-07-06,6360,6380,6120,6200,103638,-0.028213166144200663
2023-07-07,6110,6340,6090,6250,51434,0.008064516129032251
2023-07-10,6150,6850,6150,6590,629009,0.054400000000000004
2023-07-11,6720,7330,6450,6550,1631527,-0.006069802731411222
2023-07-12,6640,6640,6420,6470,112071,-0.012213740458015265
2023-07-13,6510,6530,6340,6340,76489,-0.020092735703245768
2023-07-14,6370,6530,6300,6480,82095,0.02208201892744488
2023-07-17,6480,6640,6480,6620,79323,0.021604938271605034
2023-07-18,6620,6630,6440,6450,61255,-0.025679758308157052
2023-07-19,6400,6550,6370,6450,44085,0.0
2023-07-20,6450,6540,6370,6460,36962,0.0015503875968991832
2023-07-21,6450,6610,6440,6570,71390,0.017027863777089758
2023-07-24,6650,6650,6360,6440,74756,-0.019786910197869156
2023-07-25,6440,6440,6290,6290,68634,-0.02329192546583847
2023-07-26,6340,6340,5840,5920,172162,-0.05882352941176472
2023-07-27,5920,6100,5920,5990,42522,0.011824324324324342
2023-07-28,5980,6150,5980,6090,36983,0.016694490818029983
2023-07-31,6160,6300,6060,6150,48105,0.009852216748768461
2023-08-01,6260,6280,6100,6200,31064,0.008130081300812941
2023-08-02,6200,6220,6050,6110,42165,-0.014516129032258074
2023-08-03,6110,6180,6020,6120,26308,0.0016366612111293755
2023-08-04,6120,6260,6060,6260,39891,0.02287581699346397
2023-08-07,6230,6850,6100,6200,427333,-0.009584664536741228
2023-08-08,6200,6300,6130,6170,65004,-0.004838709677419395
2023-08-09,6110,6300,6110,6250,58125,0.01296596434359798
2023-08-10,6220,6390,6150,6380,64096,0.02079999999999993
2023-08-11,6380,6400,6290,6290,38377,-0.014106583072100332
2023-08-14,6310,6340,6070,6100,83755,-0.030206677265500748
2023-08-16,6160,6160,5900,6000,95259,-0.016393442622950838
2023-08-17,5910,5990,5850,5950,53580,-0.008333333333333304
2023-08-18,5930,6060,5900,6000,37965,0.008403361344537785
2023-08-21,6000,6090,5970,6040,22079,0.006666666666666599
2023-08-22,5980,6030,5920,6000,24487,-0.0066225165562914245
2023-08-23,6030,6060,5930,5990,18546,-0.0016666666666667052
2023-08-24,6030,6050,5990,6050,18067,0.01001669449081799
2023-08-25,6030,6090,5990,6030,21323,-0.0033057851239669533
2023-08-28,6050,6240,6050,6180,86287,0.02487562189054726
2023-08-29,6180,6290,6170,6200,45788,0.003236245954692629
2023-08-30,6290,6290,6210,6260,36393,0.00967741935483879
2023-08-31,6260,6350,6210,6340,65890,0.012779552715654896
2023-09-01,6380,6390,6230,6340,44864,0.0
2023-09-04,6380,6390,6230,6380,39396,0.006309148264984188
2023-09-05,6380,6400,6280,6350,16597,-0.00470219435736674
2023-09-06,6350,6430,6210,6280,60980,-0.011023622047244053
2023-09-07,6290,6370,6110,6140,43585,-0.022292993630573243
2023-09-08,6070,6230,6070,6150,23161,0.0016286644951140072
2023-09-11,6120,6290,6120,6160,34760,0.001626016260162677
2023-09-12,6200,6200,6090,6130,22591,-0.004870129870129913
2023-09-13,6130,6200,6090,6140,21936,0.0016313213703098572
2023-09-14,6200,6200,6110,6180,15522,0.006514657980456029
2023-09-15,6240,6280,6180,6230,17992,0.008090614886731462
2023-09-18,6230,6230,6160,6220,23556,-0.0016051364365970988
2023-09-19,6210,6260,6150,6190,18471,-0.004823151125401881
2023-09-20,6190,6190,6140,6160,23636,-0.004846526655896577
2023-09-21,6180,6180,6010,6030,30124,-0.02110389610389607
2023-09-22,6070,6100,5950,6050,38852,0.0033167495854062867
2023-09-25,6050,6110,5970,5980,24168,-0.011570247933884281
2023-09-26,5960,6070,5840,5890,30944,-0.015050167224080258
2023-09-27,5840,5940,5810,5930,23847,0.00679117147707986
2023-10-04,5930,5970,5760,5840,27609,-0.015177065767284947
2023-10-05,5760,5880,5760,5840,14301,0.0
2023-10-06,5700,5850,5700,5830,30159,-0.001712328767123239
2023-10-10,5780,5850,5670,5770,50570,-0.010291595197255532
2023-10-11,5770,5870,5770,5830,15839,0.010398613518197486
2023-10-12,5800,5890,5800,5890,14885,0.010291595197255532
2023-10-13,5880,5970,5810,5970,10760,0.013582342954159499
2023-10-16,5960,6000,5880,5920,12669,-0.008375209380234505
2023-10-17,6010,6020,5930,5990,10443,0.011824324324324342
2023-10-18,6020,6090,5950,6010,21880,0.0033388981636059967
2023-10-19,5980,5980,5860,5890,15164,-0.019966722129783676
2023-10-20,5760,5950,5750,5950,17852,0.01018675721561979
2023-10-23,5800,6000,5790,5880,32054,-0.0117647058823529
2023-10-24,5820,5990,5820,5970,18300,0.015306122448979664
2023-10-25,5920,6040,5920,6020,17127,0.008375209380234505
2023-10-26,5860,6040,5800,5890,22498,-0.021594684385382035
2023-10-27,5890,6000,5770,5950,24132,0.01018675721561979
2023-10-30,5970,6060,5960,6060,17401,0.018487394957983128
2023-10-31,6060,6100,6000,6020,21479,-0.0066006600660065695
2023-11-01,6090,6090,6040,6060,15737,0.006644518272425293
2023-11-02,5970,6100,5970,6040,15669,-0.0033003300330033403
2023-11-03,6060,6130,5990,6070,42766,0.004966887417218624
2023-11-06,6130,6130,6060,6090,12337,0.0032948929159801743
2023-11-07,6110,6290,6040,6200,88714,0.01806239737274229
2023-11-08,6260,6340,6210,6340,62404,0.022580645161290214
2023-11-09,6400,6400,6000,6310,59197,-0.004731861198738141
2023-11-10,6290,6310,6160,6270,22376,-0.006339144215530945
2023-11-13,6270,6270,6150,6200,42652,-0.011164274322169043
2023-11-14,6150,6350,6150,6300,37178,0.016129032258064502
2023-11-15,6360,6380,6300,6370,75730,0.011111111111111072
2023-11-16,6380,6400,6330,6330,41706,-0.006279434850863463
2023-11-17,6330,6500,6310,6450,105227,0.018957345971563955
2023-11-20,6410,6570,6390,6540,86236,0.013953488372093092
2023-11-21,6630,6630,6480,6490,65959,-0.007645259938837912
2023-11-22,6490,6570,6460,6560,33179,0.01078582434514641
2023-11-23,6580,6730,6540,6690,110600,0.01981707317073167
2023-11-24,6670,6730,6620,6660,41764,-0.004484304932735439
2023-11-27,6660,6720,6550,6690,50639,0.0045045045045044585
2023-11-28,6630,6690,6540,6660,59003,-0.004484304932735439
2023-11-29,6670,6670,6550,6610,31198,-0.007507507507507505
2023-11-30,6610,6640,6550,6600,27098,-0.001512859304084735
2023-12-01,6620,6660,6560,6620,25466,0.003030303030302939
2023-12-04,6670,6670,6590,6610,22313,-0.0015105740181269312
2023-12-05,6620,6710,6580,6670,42370,0.00907715582450841
2023-12-06,6670,6700,6600,6650,26508,-0.0029985007496251548
2023-12-07,6650,6720,6620,6670,46018,0.003007518796992459
2023-12-08,6720,6720,6650,6670,15455,0.0
2023-12-11,6670,6720,6620,6670,25432,0.0
2023-12-12,6700,6700,6600,6690,23700,0.0029985007496251548
2023-12-13,6700,6730,6650,6700,47695,0.001494768310911887
2023-12-14,6740,6760,6680,6700,25187,0.0
2023-12-15,6700,6720,6650,6680,30387,-0.0029850746268657025
2023-12-18,6710,6740,6650,6690,25578,0.0014970059880239361
2023-12-19,6690,6710,6620,6650,30897,-0.005979073243647215
2023-12-20,6640,6700,6630,6690,49559,0.006015037593984918
2023-12-21,6690,6920,6610,6840,104852,0.022421524663677195
2023-12-22,6870,6880,6790,6840,45675,0.0
2023-12-26,6830,6900,6750,6890,43400,0.007309941520467822
2023-12-27,6860,6860,6610,6640,71805,-0.036284470246734424
2023-12-28,6620,6730,6600,6640,28093,0.0
2024-01-02,6580,6630,6460,6630,45992,-0.001506024096385561
2024-01-03,6580,6690,6460,6530,52389,-0.015082956259426794
2024-01-04,6550,6550,6350,6420,53757,-0.016845329249617125
2024-01-05,6440,6440,6250,6380,76689,-0.006230529595015577
2024-01-08,6380,6380,6120,6240,124166,-0.021943573667711602
2024-01-09,6300,6440,6210,6380,59757,0.022435897435897356
2024-01-10,6380,6380,6270,6330,27524,-0.00783699059561127
2024-01-11,6440,6450,6320,6430,90424,0.01579778830963674
2024-01-12,6460,6550,6290,6290,68509,-0.021772939346811793
2024-01-15,6300,6430,6220,6220,36447,-0.011128775834658211
2024-01-16,6140,6220,6120,6170,32074,-0.008038585209003246
2024-01-17,6170,6170,6000,6050,35836,-0.01944894651539708
2024-01-18,6050,6080,5880,6030,134802,-0.0033057851239669533
2024-01-19,6030,6090,5970,6020,75540,-0.0016583747927031434
2024-01-22,6020,6040,5910,6000,43599,-0.0033222591362126463
2024-01-23,5970,6080,5970,6040,31985,0.006666666666666599
2024-01-24,6040,6040,5970,6000,15770,-0.0066225165562914245
2024-01-25,6000,6090,5970,5980,21539,-0.0033333333333332993
2024-01-26,5970,6080,5950,6020,16909,0.006688963210702337
2024-01-29,6120,6160,6020,6050,39740,0.004983388704318914
2024-01-30,6050,6210,6040,6090,34652,0.006611570247933907
2024-01-31,6050,6180,6050,6080,32488,-0.0016420361247947435
2024-02-01,6030,6200,6010,6170,35371,0.014802631578947345
2024-02-02,6220,6270,6170,6240,45563,0.011345218800648205
2024-02-05,6240,6260,6190,6250,24332,0.0016025641025640969
2024-02-06,6250,6270,6150,6220,27587,-0.0048000000000000265
2024-02-07,6210,6240,6130,6200,31682,-0.003215434083601254
2024-02-08,6240,6780,6200,6420,659409,0.03548387096774186
2024-02-13,6400,6510,6350,6420,121327,0.0
2024-02-14,6400,6470,6350,6390,42027,-0.004672897196261627
2024-02-15,6390,7760,6290,7160,4290315,0.12050078247261342
2024-02-16,7070,7170,6780,7160,1033828,0.0
2024-02-19,7150,7150,6920,7030,361075,-0.018156424581005637
2024-02-20,7010,7060,6880,7040,276990,0.0014224751066855834
2024-02-21,6910,7050,6880,6990,184857,-0.007102272727272707
2024-02-22,6980,7030,6900,6930,97937,-0.008583690987124415
2024-02-23,6940,6940,6820,6900,102572,-0.0043290043290042934
2024-02-26,6900,6900,6700,6840,84521,-0.008695652173912993
2024-02-27,6820,6820,6610,6660,93490,-0.02631578947368418
2024-02-28,6670,6730,6660,6730,47976,0.010510510510510551
2024-02-29,6730,6750,6660,6720,42767,-0.0014858841010401136
2024-03-04,6750,6770,6680,6720,57297,0.0
2024-03-05,6790,6790,6680,6730,38244,0.0014880952380953438
2024-03-06,6680,7000,6660,6830,106510,0.014858841010401136
2024-03-07,6870,6900,6780,6830,51196,0.0
2024-03-08,6790,6890,6780,6790,58916,-0.005856515373352855
2024-03-11,6800,6880,6710,6770,53704,-0.002945508100147265
2024-03-12,6850,6850,6520,6680,106526,-0.013293943870014813
2024-03-13,6680,6680,6500,6540,88205,-0.020958083832335328
2024-03-14,6550,6580,6470,6570,90442,0.004587155963302836
2024-03-15,6540,6580,6460,6540,46604,-0.004566210045662156
2024-03-18,6540,6680,6460,6600,71362,0.00917431192660545
2024-03-19,6650,8580,6570,8580,12838817,0.30000000000000004
2024-03-20,9080,11090,9010,9600,27649501,0.11888111888111896
2024-03-21,9660,9840,9420,9610,3974386,0.0010416666666666075
2024-03-22,9350,9500,9040,9040,1090383,-0.0593132154006244
2024-03-25,8900,9380,8900,9250,797864,0.023230088495575174
2024-03-26,9280,9410,9100,9110,765905,-0.015135135135135092
2024-03-27,9020,9310,8320,8730,2570834,-0.04171240395170139
2024-03-28,8440,8570,8060,8160,1257145,-0.06529209621993126
2024-03-29,8080,8270,8000,8110,705009,-0.006127450980392135
2024-04-01,8250,8420,8160,8290,917091,0.022194821208384674
2024-04-02,8240,8750,8100,8350,2013721,0.007237635705669376
2024-04-03,8250,8470,7850,8470,824362,0.014371257485029876
2024-04-04,8410,8550,8260,8460,681388,-0.0011806375442738881
2024-04-05,8310,8570,8070,8100,507023,-0.04255319148936165
2024-04-08,8010,8080,7610,7660,614452,-0.05432098765432103
2024-04-09,7650,7940,7650,7830,300643,0.022193211488250597
2024-04-11,7620,7790,7550,7600,191116,-0.02937420178799488
2024-04-12,7790,7820,7560,7660,245644,0.007894736842105177
2024-04-15,7500,7590,7390,7510,196895,-0.019582245430809442
2024-04-16,7480,7640,7290,7540,205861,0.003994673768308976
2024-04-17,7610,7780,7400,7480,236022,-0.007957559681697646
2024-04-18,7450,7670,7400,7660,144633,0.02406417112299475
2024-04-19,7660,7660,7340,7350,202933,-0.04046997389033946
2024-04-22,7350,7540,7320,7450,120963,0.013605442176870763
2024-04-23,7460,7570,7320,7350,143806,-0.01342281879194629
2024-04-24,7420,7560,7400,7520,162602,0.023129251700680253
2024-04-25,7520,7820,7380,7740,303560,0.0292553191489362
2024-04-26,7770,7770,7510,7510,208066,-0.029715762273901825
2024-04-29,7460,7890,7460,7810,313261,0.03994673768308932
2024-04-30,7810,7940,7700,7880,241860,0.008962868117797784
2024-05-02,7790,7890,7710,7890,162196,0.0012690355329949554
2024-05-03,7930,7950,7650,7720,154912,-0.021546261089987362
2024-05-07,7740,7770,7540,7700,229617,-0.002590673575129543
2024-05-08,7630,7700,7390,7560,238848,-0.018181818181818188
2024-05-09,7560,7650,7450,7500,166383,-0.007936507936507908
2024-05-10,7480,7600,7380,7400,139055,-0.013333333333333308
2024-05-13,7400,7440,7150,7180,247234,-0.02972972972972976
2024-05-14,7150,7300,7130,7250,115881,0.009749303621169991
2024-05-16,7250,7890,7250,7520,1148834,0.03724137931034477
2024-05-17,7530,9770,7340,9770,20054125,0.29920212765957444
2024-05-20,9850,9990,8600,9190,8718937,-0.05936540429887416
2024-05-21,9090,9100,8650,8920,2780674,-0.029379760609357986
2024-05-22,9500,11460,9440,9750,29052472,0.09304932735426008
2024-05-23,9550,9650,8920,8920,2216758,-0.08512820512820518
2024-05-24,8930,8930,8630,8870,1136717,-0.005605381165919243
2024-05-27,8730,9000,8410,8730,2006838,-0.015783540022547893
2024-05-28,9210,9430,8590,8690,2923913,-0.004581901489117968
2024-05-29,8690,8830,8460,8730,859176,0.004602991944764101
2024-05-30,8630,8680,8250,8250,511911,-0.054982817869415834
2024-05-31,8200,8290,8080,8110,348026,-0.016969696969696968
2024-06-03,8110,8340,8070,8180,442556,0.008631319358816336
2024-06-04,8220,8360,8070,8320,351946,0.017114914425427896
2024-06-05,8220,9290,8020,8160,3775990,-0.019230769230769273
2024-06-07,8110,8320,8080,8160,299679,0.0
2024-06-10,8160,8440,8060,8300,428777,0.017156862745097978
2024-06-11,8360,8800,8260,8520,1199960,0.026506024096385472
2024-06-12,8520,8530,8180,8320,455291,-0.023474178403755874
2024-06-13,8260,8470,8260,8280,274577,-0.004807692307692291
2024-06-14,8290,8320,8050,8050,247324,-0.02777777777777779
2024-06-17,8030,8060,7910,7930,188715,-0.014906832298136607
2024-06-18,7900,8090,7860,8070,184404,0.017654476670870167
2024-06-19,8070,8150,8000,8140,113913,0.00867410161090465
2024-06-20,8150,8210,8010,8200,103624,0.0073710073710073765
2024-06-21,8160,8240,8000,8000,130649,-0.024390243902439046
2024-06-24,7960,8190,7960,8000,149091,0.0
2024-06-25,7930,8150,7930,8080,106740,0.010000000000000009
2024-06-26,8080,8120,7960,7990,90152,-0.011138613861386149
2024-06-27,8030,8120,8000,8000,90359,0.0012515644555695093
2024-06-28,8000,8050,7900,7930,99776,-0.008750000000000036
2024-07-01,7900,7990,7890,7950,56416,0.0025220680958386588
2024-07-02,8000,8000,7670,7700,177995,-0.03144654088050314
2024-07-03,7790,7890,7650,7660,131025,-0.0051948051948051965
2024-07-04,7690,8400,7630,8090,891097,0.05613577023498695
2024-07-05,8110,8400,7970,8290,618092,0.024721878862793645
2024-07-08,8400,8420,8180,8220,264432,-0.008443908323281013
2024-07-09,8310,8320,8120,8190,190516,-0.0036496350364964014
2024-07-10,8270,8390,8140,8150,236810,-0.004884004884004867
2024-07-11,8170,8230,8010,8190,149966,0.004907975460122671
2024-07-12,8090,8110,7860,7980,216654,-0.02564102564102566
2024-07-15,8010,8310,7930,8170,292489,0.023809523809523725
2024-07-16,8250,8340,8000,8080,219729,-0.011015911872705009
2024-07-17,8030,8120,7990,7990,135559,-0.011138613861386149
2024-07-18,7850,7950,7740,7810,181028,-0.02252816020025028
2024-07-19,7750,7900,7680,7880,117175,0.008962868117797784
2024-07-22,7880,7930,7480,7540,217836,-0.043147208121827374
2024-07-23,7510,7620,7400,7490,129363,-0.006631299734747964
2024-07-24,7390,7550,7390,7510,70603,0.002670226969292422
2024-07-25,7350,7480,7270,7310,129374,-0.026631158455392767
2024-07-26,7330,7490,7300,7390,95868,0.010943912448700521
2024-07-29,7400,7560,7350,7490,67680,0.013531799729364025
2024-07-30,7430,7540,7300,7360,69912,-0.01735647530040052
2024-07-31,7310,8040,7310,7930,656523,0.07744565217391308
2024-08-01,7850,7940,7800,7870,148714,-0.007566204287515754
2024-08-02,7730,7800,7340,7400,129182,-0.05972045743329102
2024-08-05,7100,7380,6250,6390,418182,-0.13648648648648654
2024-08-06,6390,6850,6390,6730,300921,0.05320813771518007
2024-08-07,6690,7180,6690,6900,424058,0.02526002971768193
2024-08-08,6810,6810,6640,6750,106817,-0.021739130434782594
2024-08-09,6900,7020,6850,6980,87946,0.034074074074074145
2024-08-12,7050,7130,6980,7050,78949,0.01002865329512903
2024-08-13,7050,7090,6960,6990,80432,-0.008510638297872353
2024-08-14,7090,7170,7050,7080,72382,0.012875536480686733
2024-08-16,7110,7170,7060,7070,64814,-0.0014124293785310327
2024-08-19,7060,7110,6730,7000,66416,-0.00990099009900991
2024-08-20,7030,7260,7030,7190,101389,0.027142857142857135
2024-08-21,7160,7250,7060,7090,62910,-0.013908205841446475
2024-08-22,7270,7300,7050,7090,79572,0.0
2024-08-23,7000,7140,6980,7090,45309,0.0
2024-08-26,7090,7170,7000,7030,76523,-0.008462623413258097
2024-08-27,7030,7150,6940,7130,73372,0.014224751066856278
2024-08-28,7070,7150,6810,6870,273777,-0.036465638148667656
2024-08-29,6810,7000,6780,6850,70552,-0.0029112081513827937
2024-08-30,6850,7000,6850,6940,37519,0.013138686131386912
2024-09-02,7000,7000,6850,6960,31146,0.0028818443804035088
2024-09-03,6980,7030,6930,6930,52027,-0.004310344827586188
2024-09-04,6790,6790,6610,6730,99382,-0.028860028860028808
2024-09-05,6770,6830,6600,6670,76191,-0.008915304606240682
2024-09-06,6640,6720,6520,6550,79097,-0.01799100449775115
2024-09-09,6360,6660,6360,6660,138959,0.016793893129771087
2024-09-10,6670,6770,6580,6590,117134,-0.010510510510510551
2024-09-11,6650,6720,6610,6660,34471,0.01062215477996964
2024-09-12,6640,6810,6640,6800,56683,0.021021021021021102
2024-09-13,6780,6830,6720,6750,38751,-0.007352941176470562
2024-09-19,6730,6800,6700,6780,37687,0.004444444444444473
2024-09-20,6790,6880,6790,6850,32064,0.010324483775811188
2024-09-23,6900,6980,6840,6980,55283,0.01897810218978102
2024-09-24,6980,7020,6930,6990,47421,0.0014326647564470996
2024-09-25,7000,7060,6870,7000,71876,0.0014306151645206988
2024-09-26,7000,7030,6940,7030,54303,0.004285714285714226
2024-09-27,7050,7060,6960,7000,48406,-0.004267425320056861
2024-09-30,6980,7050,6890,6930,45484,-0.010000000000000009
2024-10-02,6910,7080,6800,7020,108118,0.01298701298701288
2024-10-04,7070,7130,7000,7110,111928,0.012820512820512775
2024-10-07,7110,7380,7070,7380,136073,0.03797468354430378
2024-10-08,7370,7870,7360,7710,455229,0.04471544715447151
2024-10-10,7780,7800,7550,7700,123176,-0.0012970168612191912
2024-10-11,7770,7770,7470,7470,88984,-0.029870129870129825
2024-10-14,7470,7540,7330,7430,78686,-0.0053547523427041055
2024-10-15,7440,7480,7350,7380,43472,-0.006729475100942128
2024-10-16,7400,7450,7200,7340,51877,-0.005420054200542035
2024-10-17,7340,7380,7200,7260,43393,-0.010899182561307952
2024-10-18,7270,7360,7220,7260,38837,0.0
2024-10-21,7220,7310,7210,7280,26976,0.0027548209366390353
2024-10-22,7230,7330,7020,7020,74039,-0.0357142857142857
2024-10-23,6990,7120,6950,7120,36299,0.014245014245014342
2024-10-24,7080,7090,6960,6960,34804,-0.022471910112359605
2024-10-25,6960,7410,6960,7380,217263,0.06034482758620685
2024-10-28,7430,7430,7200,7290,62130,-0.012195121951219523
2024-10-29,7280,7350,7190,7210,30608,-0.010973936899862813
2024-10-30,7190,7550,7190,7380,123637,0.023578363384188616
2024-10-31,7360,7450,7230,7380,57737,0.0
2024-11-01,7370,7370,7210,7210,39396,-0.023035230352303482
2024-11-04,7190,7290,7130,7280,33973,0.009708737864077666
2024-11-05,7250,7640,7210,7470,193074,0.026098901098901006
2024-11-06,7470,7500,7300,7400,78094,-0.009370816599732268
2024-11-07,7410,7450,7270,7340,83707,-0.008108108108108136
2024-11-08,7260,7400,6870,6950,202000,-0.053133514986375974
2024-11-11,6960,6980,6640,6670,121040,-0.0402877697841727
2024-11-12,6610,6670,6400,6400,138487,-0.040479760119940034
2024-11-13,6350,6420,6240,6260,96254,-0.021874999999999978
2024-11-14,6260,6400,6220,6330,88437,0.011182108626198062
2024-11-15,6280,6430,6160,6360,58390,0.004739336492890933
2024-11-18,6380,6530,6360,6500,81600,0.022012578616352307
2024-11-19,6520,6520,6430,6500,34307,0.0
2024-11-20,6440,6520,6400,6440,66487,-0.009230769230769265
2024-11-21,6440,6520,6370,6480,29395,0.006211180124223503
2024-11-22,6430,6560,6430,6500,20679,0.0030864197530864335
2024-11-25,6550,6600,6480,6550,36833,0.007692307692307665
2024-11-26,6600,6640,6520,6620,31475,0.010687022900763399
2024-11-27,6620,6630,6510,6550,58741,-0.010574018126888185
2024-11-28,6550,6600,6500,6520,26976,-0.004580152671755711
2024-11-29,6520,6560,6380,6490,45621,-0.004601226993865004
2024-12-02,6550,6690,6370,6390,97085,-0.015408320493066285
2024-12-03,6400,6500,6400,6480,29503,0.014084507042253502
2024-12-04,6180,6790,6180,6490,283082,0.0015432098765431057
2024-12-05,6460,6460,6280,6350,86503,-0.02157164869029271
2024-12-06,6330,6350,6050,6150,121445,-0.03149606299212604
2024-12-09,6060,6150,5750,5750,142056,-0.06504065040650409
2024-12-10,5720,6250,5720,6240,82481,0.08521739130434791
2024-12-11,6210,6410,6210,6350,46124,0.017628205128205066
2024-12-12,6400,6440,6310,6400,48752,0.007874015748031482
2024-12-13,6400,6490,6360,6480,51374,0.012499999999999956
2024-12-16,6540,6630,6460,6500,82216,0.0030864197530864335
2024-12-17,6500,6550,6440,6440,37566,-0.009230769230769265
2024-12-18,6450,6550,6450,6530,22075,0.013975155279503104
2024-12-19,6400,6500,6400,6480,25565,-0.007656967840735107
2024-12-20,6480,6500,6340,6370,52637,-0.016975308641975273
2024-12-23,6380,6570,6380,6530,33987,0.02511773940345363
2024-12-24,6530,6640,6520,6610,64067,0.012251148545176171
2024-12-26,6590,6670,6520,6540,75270,-0.010590015128593033
2024-12-27,6480,6480,6240,6300,77797,-0.03669724770642202
2024-12-30,6220,6360,6140,6140,46991,-0.025396825396825418
2025-01-02,6300,6300,6080,6180,21280,0.006514657980456029
2025-01-03,6120,6350,6120,6280,52658,0.016181229773462702
2025-01-06,6280,6380,6220,6340,18911,0.009554140127388644
2025-01-07,6340,6390,6250,6300,23801,-0.006309148264984188
2025-01-08,6290,6300,6220,6260,50457,-0.006349206349206327
2025-01-09,6320,6320,6200,6230,26727,-0.004792332268370614
2025-01-10,6300,6300,6190,6270,18997,0.006420545746388395
2025-01-13,6260,6270,6150,6170,22631,-0.01594896331738438
2025-01-14,6150,6340,6150,6280,33871,0.017828200972447306
2025-01-15,6280,6320,6170,6210,30416,-0.011146496815286677
2025-01-16,6210,6250,6200,6240,17760,0.004830917874396157
2025-01-17,6310,6310,6220,6240,20703,0.0
2025-01-20,6250,6270,6170,6260,26916,0.0032051282051281937
2025-01-21,6260,6270,6150,6210,28533,-0.007987220447284393
2025-01-22,6190,6240,6170,6200,29460,-0.0016103059581320522
2025-01-23,6190,6230,6130,6140,52150,-0.009677419354838679
2025-01-24,6130,6200,6130,6190,35821,0.008143322475570036
2025-01-31,6190,6230,6130,6130,21770,-0.009693053311793265
2025-02-03,6010,6130,5970,6020,56703,-0.01794453507340943
2025-02-04,6030,6150,6030,6130,25347,0.0182724252491695
2025-02-05,6180,6220,6130,6170,18620,0.006525285481239873
2025-02-06,6140,6220,6140,6220,33293,0.008103727714748876
2025-02-07,6240,6280,6170,6170,28208,-0.008038585209003246
2025-02-10,6180,6220,6120,6220,31455,0.008103727714748876
2025-02-11,6210,6250,6180,6250,23615,0.004823151125401992
2025-02-12,6250,6300,6200,6210,26614,-0.006399999999999961
2025-02-13,6210,6320,6200,6280,38812,0.011272141706924366
2025-02-14,6280,6340,6250,6330,31940,0.0079617834394905
2025-02-17,6340,6460,6340,6430,71530,0.01579778830963674
2025-02-18,6400,6500,6400,6470,48672,0.0062208398133747345
2025-02-19,6520,6520,6460,6510,61509,0.0061823802163833985
2025-02-20,6500,6530,6450,6510,40676,0.0
2025-02-21,6480,6560,6470,6530,33087,0.003072196620583778
2025-02-24,6540,6640,6500,6630,71046,0.015313935681470214
2025-02-25,6600,6670,6580,6640,48714,0.0015082956259426794
2025-02-26,6680,6810,6600,6720,149029,0.012048192771084265
2025-02-27,6500,6530,6350,6430,84216,-0.04315476190476186
2025-02-28,6350,6480,6220,6280,45862,-0.023328149300155476
2025-03-04,6200,6370,6150,6170,27838,-0.017515923566879033
2025-03-05,6200,6360,6170,6340,31759,0.027552674230145957
2025-03-06,6350,6420,6300,6350,28704,0.001577287066246047
2025-03-07,6270,6500,6270,6380,54893,0.0047244094488188
2025-03-10,6380,6430,6300,6340,15799,-0.006269592476489061
2025-03-11,6150,6340,6120,6250,37655,-0.014195583596214534
2025-03-12,6250,6370,6230,6290,17048,0.006399999999999961
2025-03-13,6300,6330,6200,6200,27482,-0.014308426073131986
2025-03-14,6180,6280,6180,6220,10564,0.003225806451612856
2025-03-17,6250,7370,6230,6450,7632976,0.036977491961414755
2025-03-18,6470,6570,6410,6500,473604,0.007751937984496138
2025-03-19,6500,6550,6400,6400,303492,-0.01538461538461533
2025-03-20,6400,6490,6240,6290,202017,-0.017187500000000022
2025-03-21,6280,6350,6170,6290,97090,0.0
2025-03-24,6300,6390,6260,6330,71100,0.006359300476947549
2025-03-25,6330,6370,6180,6180,92692,-0.023696682464455
2025-03-26,6180,6240,6160,6160,91685,-0.003236245954692518
2025-03-27,6170,6240,6080,6090,82951,-0.011363636363636354
2025-03-28,6110,6110,5960,6000,100871,-0.014778325123152691
2025-03-31,5900,6000,5690,5750,162009,-0.04166666666666663
2025-04-01,5770,5970,5770,5950,47014,0.034782608695652195
2025-04-02,5970,5980,5830,5870,30868,-0.013445378151260456
2025-04-03,5850,5850,5690,5770,38684,-0.017035775127768327
2025-04-04,5800,5880,5680,5740,83328,-0.005199306759098743
2025-04-07,5740,5800,5410,5500,106119,-0.04181184668989546
2025-04-08,5610,5640,5340,5410,41488,-0.016363636363636358
2025-04-09,5390,5450,5260,5380,48327,-0.00554528650646946
2025-04-10,5550,5710,5490,5710,30448,0.0613382899628252
2025-04-11,5700,5750,5600,5750,28860,0.007005253940455258
2025-04-14,5780,5780,5650,5760,53852,0.0017391304347826875
2025-04-15,5760,5880,5740,5860,46992,0.01736111111111116
2025-04-16,5880,5880,5700,5760,34991,-0.017064846416382284
2025-04-17,5820,5820,5750,5800,64143,0.00694444444444442
2025-04-18,5820,5930,5770,5890,16098,0.01551724137931032
2025-04-21,5910,5960,5900,5960,35336,0.011884550084889645
2025-04-22,6000,6010,5900,5970,53016,0.001677852348993314
2025-04-23,5980,6020,5960,6010,35195,0.00670016750418756
2025-04-24,5970,6030,5960,6000,14123,-0.0016638935108153063
2025-04-25,6000,6060,5980,5990,18978,-0.0016666666666667052
2025-04-28,6020,6080,5960,6020,19486,0.005008347245408995
2025-04-29,5990,6070,5960,6040,26722,0.0033222591362125353
2025-04-30,6010,6050,5960,6010,19413,-0.004966887417218513
2025-05-02,6000,6020,5970,5980,14765,-0.004991680532445919
2025-05-07,5970,6010,5950,6010,15534,0.0050167224080268635
2025-05-08,6010,6030,5980,6010,10710,0.0
2025-05-09,6010,6070,5980,6030,17394,0.0033277870216306127
2025-05-12,6010,6080,6010,6080,44480,0.008291873963515828
2025-05-13,6000,6070,6000,6050,17963,-0.004934210526315819
2025-05-14,6050,6080,5980,6070,41009,0.0033057851239668423
2025-05-15,6070,6120,6030,6050,38345,-0.0032948929159802853
2025-05-16,6020,6080,5820,5910,106887,-0.023140495867768562
2025-05-19,5840,5990,5790,5850,42912,-0.010152284263959421
2025-05-20,5820,5890,5820,5870,16355,0.0034188034188034067
2025-05-21,5870,5970,5860,5900,24034,0.005110732538330387
2025-05-22,5870,5920,5870,5870,9227,-0.005084745762711895
2025-05-23,5850,5900,5830,5840,19695,-0.005110732538330498
2025-05-26,5850,5950,5810,5900,20565,0.010273972602739656
2025-05-27,5900,6060,5900,6000,30104,0.016949152542372836
2025-05-28,6020,6080,5990,6060,29284,0.010000000000000009
2025-05-29,6020,6090,6020,6070,29464,0.0016501650165017256
2025-05-30,6070,6080,6030,6030,11077,-0.00658978583196046
2025-06-02,6030,6050,5960,5990,20367,-0.0066334991708125735
2025-06-04,5990,6090,5990,6080,28401,0.015025041736226985
2025-06-05,6090,6130,6030,6080,45656,0.0
2025-06-09,6140,6270,6130,6200,59637,0.019736842105263053
2025-06-10,6190,6210,6140,6190,40969,-0.001612903225806428
2025-06-11,6210,6230,6160,6230,34270,0.00646203554119551
2025-06-12,6230,6270,6210,6250,40829,0.0032102728731941976
2025-06-13,6260,6280,6050,6140,60495,-0.01759999999999995
2025-06-16,6130,6160,6050,6150,20813,0.0016286644951140072
2025-06-17,6190,6190,6050,6090,31350,-0.009756097560975618
2025-06-18,6030,6100,6030,6070,29077,-0.003284072249589487
2025-06-19,6090,6100,6020,6060,22775,-0.0016474464579900872
2025-06-20,6090,6170,6050,6110,25544,0.008250825082508184
2025-06-23,6110,6150,6000,6130,33876,0.003273322422258529
2025-06-24,6170,6280,6110,6150,57505,0.0032626427406199365
2025-06-25,6180,6230,6140,6200,47562,0.008130081300812941
2025-06-26,6210,6240,5840,6130,35856,-0.011290322580645107
2025-06-27,6140,6160,6070,6080,18546,-0.00815660685154973
2025-06-30,6080,6220,6050,6120,21440,0.006578947368421018
2025-07-01,6120,6200,6110,6160,75336,0.006535947712418277
2025-07-02,6230,6230,6100,6180,32389,0.0032467532467532756
2025-07-03,6180,6230,6140,6220,66737,0.006472491909385036
2025-07-04,6250,6250,6170,6200,37712,-0.003215434083601254
2025-07-07,6220,6220,6120,6220,29020,0.003225806451612856
2025-07-08,6160,6240,6160,6190,47571,-0.004823151125401881
2025-07-09,6210,6240,6150,6200,46200,0.001615508885298933
2025-07-10,6230,6260,6180,6230,60497,0.004838709677419395
2025-07-11,6260,6280,6210,6240,53990,0.0016051364365972098
2025-07-14,6240,6320,6220,6280,58771,0.0064102564102563875
2025-07-15,6320,6330,6240,6300,44634,0.0031847133757962887
2025-07-16,6340,6340,6240,6300,48224,0.0
2025-07-17,6300,6310,6210,6240,40765,-0.00952380952380949
2025-07-18,6240,6300,6220,6270,19737,0.004807692307692291
2025-07-21,6230,6290,6230,6280,31779,0.0015948963317384823
2025-07-22,6300,6340,6160,6250,41537,-0.004777070063694322
2025-07-23,6210,6300,6160,6220,42963,-0.0048000000000000265
2025-07-24,6230,6270,6100,6190,52620,-0.004823151125401881
2025-07-25,6210,6220,6140,6170,24498,-0.003231017770597755
2025-07-28,6220,6220,6110,6130,26636,-0.00648298217179899
2025-07-29,6100,6140,6080,6130,20493,0.0
2025-07-30,6150,6220,6130,6190,31884,0.00978792822185981
2025-07-31,6210,6290,6130,6200,27005,0.001615508885298933
2025-08-01,6210,6210,5970,6030,64178,-0.02741935483870972
2025-08-04,6040,6100,5990,6050,28760,0.0033167495854062867
2025-08-05,6080,6170,6030,6110,24028,0.009917355371900749
2025-08-06,6100,6140,6030,6130,13989,0.003273322422258529
2025-08-07,6170,6170,6080,6120,19224,-0.0016313213703099683
2025-08-08,6120,6190,6100,6150,18065,0.004901960784313708
2025-08-11,6150,6170,6120,6160,27531,0.001626016260162677
2025-08-12,6170,6210,6120,6170,22945,0.0016233766233766378
2025-08-13,6210,6210,6090,6170,25094,0.0
2025-08-14,6160,6430,6110,6120,205130,-0.008103727714748765
2025-08-18,6120,6170,6030,6060,37299,-0.009803921568627416
2025-08-19,6120,6120,6010,6040,31836,-0.0033003300330033403
2025-08-20,6020,6020,5910,5960,51488,-0.013245033112582738
2025-08-21,5970,6050,5970,6000,18785,0.006711409395973256
2025-08-22,6000,6040,5980,5980,37603,-0.0033333333333332993
2025-08-25,6000,6060,6000,6010,13925,0.0050167224080268635
2025-08-26,6040,6040,5990,6030,17378,0.0033277870216306127
2025-08-27,6030,6050,5980,6030,20339,0.0
2025-08-28,5980,6050,5970,6030,17023,0.0
2025-08-29,6010,6080,5980,6030,20627,0.0
2025-09-01,6060,6060,5990,6040,34552,0.0016583747927032544
2025-09-02,5970,6070,5970,6040,22012,0.0
2025-09-03,6040,6070,6010,6050,12480,0.0016556291390728006
2025-09-04,6100,6100,5980,6050,12222,0.0
2025-09-05,6060,6090,6010,6050,25848,0.0
2025-09-08,6070,6250,6030,6160,68079,0.018181818181818077
2025-09-09,6150,6260,6140,6200,71439,0.006493506493506551
2025-09-10,6200,6290,6160,6230,68427,0.004838709677419395
2025-09-11,6230,6270,6160,6200,27481,-0.0048154093097912964
2025-09-12,6250,6250,6160,6190,28020,-0.001612903225806428
2025-09-15,6190,6250,6130,6150,33626,-0.00646203554119551
2025-09-16,6170,6170,6110,6140,28029,-0.001626016260162566
2025-09-17,6160,6160,6010,6120,21756,-0.0032573289902280145
2025-09-18,6130,6130,6090,6120,18483,0.0
2025-09-19,6140,6140,6050,6080,20266,-0.006535947712418277
2025-09-22,6060,6120,6060,6070,21012,-0.00164473684210531
2025-09-23,6120,6120,6010,6070,42396,0.0
2025-09-24,6010,6080,6000,6010,60334,-0.009884678747940745
2025-09-25,6000,6030,5970,5990,39300,-0.0033277870216306127
2025-09-26,6030,6030,5900,5950,49676,-0.006677796327211993
2025-09-29,5950,6000,5900,5920,45430,-0.005042016806722671
2025-09-30,5930,5950,5850,5850,55347,-0.011824324324324342
2025-10-01,5900,5940,5850,5920,84123,0.011965811965811923
2025-10-02,5920,5960,5870,5950,15851,0.0050675675675675436
2025-10-10,5950,5960,5850,5900,63268,-0.008403361344537785
2025-10-13,5880,5930,5700,5930,62035,0.005084745762711895
2025-10-14,5980,5980,5830,5920,68770,-0.001686340640809414
2025-10-15,5950,5970,5890,5960,45538,0.006756756756756799
2025-10-16,5980,6010,5910,5970,37210,0.001677852348993314
2025-10-17,5970,5980,5930,5970,22705,0.0
2025-10-20,5970,5970,5890,5940,25947,-0.005025125628140725
2025-10-21,6030,6030,5900,5930,28646,-0.0016835016835017313
2025-10-22,5930,5960,5880,5950,32223,0.003372681281618828
2025-10-23,5950,5950,5910,5950,15404,0.0
2025-10-24,5950,5970,5900,5950,28385,0.0
2025-10-27,5950,5970,5900,5930,54215,-0.003361344537815114
2025-10-28,5930,5940,5900,5920,39590,-0.001686340640809414
2025-10-29,5920,5920,5870,5900,33021,-0.0033783783783783994
2025-10-30,5900,5900,5820,5870,101309,-0.005084745762711895
2025-10-31,5890,5890,5810,5810,50062,-0.010221465076660996
2025-11-03,5810,5830,5680,5690,121083,-0.02065404475043031
2025-11-04,5630,5720,5610,5710,46003,0.0035149384885764245
2025-11-05,5720,5730,5570,5650,77055,-0.010507880910682998
2025-11-06,5730,5730,5610,5730,43684,0.014159292035398341
2025-11-07,5730,5730,5600,5660,72604,-0.012216404886561949
2025-11-10,5640,5750,5610,5750,26604,0.01590106007067127
2025-11-11,5720,5820,5710,5730,26266,-0.003478260869565264
2025-11-12,5730,5860,5720,5830,68962,0.017452006980802848
2025-11-13,5880,5920,5820,5840,83309,0.0017152658662091813
2025-11-14,5810,5870,5780,5810,33429,-0.005136986301369828
2025-11-17,5780,5830,5730,5780,25626,-0.005163511187607606
2025-11-18,5710,5810,5600,5650,36346,-0.02249134948096887
2025-11-19,5680,5780,5610,5650,20908,0.0
2025-11-20,5630,5720,5630,5720,9698,0.012389380530973382
2025-11-21,5680,5700,5650,5680,11988,-0.006993006993006978
2025-11-24,5690,5710,5650,5690,29197,0.0017605633802817433
2025-11-25,5660,5730,5630,5670,19482,-0.0035149384885764245
2025-11-26,5700,5730,5670,5710,14937,0.007054673721340388
2025-11-27,5730,5740,5700,5730,16208,0.003502626970227629
2025-11-28,5740,5800,5740,5790,16467,0.010471204188481575
2025-12-01,5780,5780,5650,5720,1423935,-0.012089810017271163
2025-12-02,5720,5840,5720,5840,61411,0.020979020979021046
2025-12-03,5840,6050,5800,5850,166117,0.001712328767123239
2025-12-04,5900,5900,5810,5830,36193,-0.0034188034188034067
2025-12-05,5840,5900,5770,5880,27614,0.00857632933104635
2025-12-08,5880,5900,5810,5860,22879,-0.003401360544217691
2025-12-09,5810,5920,5810,5840,16490,-0.0034129692832765013
2025-12-10,5820,5870,5800,5830,28312,-0.001712328767123239
2025-12-11,5830,5970,5820,5930,100566,0.0171526586620927
2025-12-12,6000,6000,5890,5950,45562,0.003372681281618828
2025-12-15,5900,6000,5900,5940,41958,-0.001680672268907557
2025-12-16,5950,6030,5850,5990,184105,0.008417508417508435
2025-12-17,6080,6100,5950,6100,227068,0.01836393989983298
2025-12-18,6390,7930,6290,7930,9765251,0.30000000000000004
2025-12-19,9500,10300,8590,8620,21380906,0.08701134930643128
2025-12-22,8530,10140,8140,8600,16651507,-0.002320185614849146
2025-12-23,8910,9340,8080,8180,7474164,-0.0488372093023256
2025-12-24,8060,8250,7390,7390,2494448,-0.0965770171149144
2025-12-26,7500,8100,7380,7450,4180869,0.008119079837618504
2025-12-29,7390,7630,7160,7230,1004484,-0.029530201342281903
2025-12-30,7210,8300,7150,7760,5893546,0.07330567081604422
2026-01-02,7700,8000,7610,7730,1425530,-0.0038659793814432852
2026-01-05,7650,7730,7160,7240,1274022,-0.06338939197930138
2026-01-06,7300,7340,7000,7070,675444,-0.023480662983425438
2026-01-07,7050,7070,6650,6770,737946,-0.042432814710042455
2026-01-08,6850,6970,6670,6770,343986,0.0
2026-01-09,6720,6810,6690,6740,216947,-0.004431314623338234
2026-01-12,6800,6880,6590,6710,429929,-0.004451038575667643
2026-01-13,6710,6730,6520,6660,439969,-0.007451564828613977
2026-01-14,6700,6950,6520,6640,382846,-0.0030030030030030463
2026-01-15,6620,6710,6550,6630,307802,-0.001506024096385561
2026-01-16,6650,6760,6600,6710,391105,0.012066365007541435
2026-01-19,6790,6790,6600,6640,300739,-0.010432190760059634
2026-01-20,6630,6810,6600,6740,273272,0.015060240963855387
2026-01-21,6680,6690,6530,6620,310563,-0.017804154302670572
2026-01-22,6630,6710,6570,6630,190922,0.0015105740181269312
2026-01-23,6610,6770,6610,6770,228741,0.02111613876319751
2026-01-26,6770,6860,6650,6740,231223,-0.004431314623338234
2026-01-27,6740,6770,6660,6750,148165,0.0014836795252226587
2026-01-28,6750,6790,6670,6670,291286,-0.011851851851851891
2026-01-29,6670,6940,6610,6890,447196,0.03298350824587715
2026-01-30,6840,7080,6770,6960,507962,0.010159651669085612
2026-02-02,6990,7090,6740,6760,450905,-0.028735632183908066
2026-02-03,6860,7400,6780,7070,1356481,0.04585798816568043
2026-02-04,7080,7350,7000,7320,755826,0.03536067892503536
2026-02-05,7320,7400,7130,7310,625189,-0.001366120218579181
