Date,Open,High,Low,Close,Volume,Change
2022-01-03,4210,4305,4200,4265,132618,0.020334928229664984
2022-01-04,4265,4270,4065,4180,142199,-0.01992966002344665
2022-01-05,4175,4180,4090,4120,78035,-0.014354066985645897
2022-01-06,4055,4090,3925,4010,154698,-0.02669902912621358
2022-01-07,4010,4190,4010,4150,99331,0.034912718204488824
2022-01-10,4150,4150,3950,4090,170265,-0.014457831325301207
2022-01-11,4090,4130,3990,4050,82601,-0.009779951100244544
2022-01-12,4060,4245,4060,4245,122053,0.04814814814814805
2022-01-13,4255,4400,4225,4390,272065,0.0341578327444052
2022-01-14,4380,4490,4310,4405,213729,0.003416856492027387
2022-01-17,4490,4500,4275,4360,211130,-0.010215664018161208
2022-01-18,4430,4565,4340,4500,295459,0.032110091743119185
2022-01-19,4500,4500,4100,4330,218859,-0.0377777777777778
2022-01-20,4310,4445,4215,4445,120202,0.02655889145496526
2022-01-21,4440,4680,4335,4360,568127,-0.019122609673790758
2022-01-24,4360,4360,4170,4230,119292,-0.029816513761467878
2022-01-25,4230,4250,3930,4030,173791,-0.047281323877068515
2022-01-26,4010,4100,3945,4015,108525,-0.003722084367245637
2022-01-27,4050,4050,3845,3945,73384,-0.01743462017434616
2022-01-28,3970,4110,3900,4105,134236,0.040557667934093766
2022-02-03,4120,4190,4070,4100,78608,-0.0012180267965895553
2022-02-04,4080,4175,4060,4170,82110,0.017073170731707332
2022-02-07,4185,4185,4080,4150,27435,-0.004796163069544335
2022-02-08,4150,4170,3965,4020,58178,-0.031325301204819245
2022-02-09,4025,4140,4025,4080,45393,0.014925373134328401
2022-02-10,4080,4130,4060,4105,26673,0.006127450980392135
2022-02-11,4060,4130,3990,4065,59443,-0.00974421437271622
2022-02-14,3965,4005,3830,3855,80770,-0.05166051660516602
2022-02-15,3855,3885,3770,3780,56556,-0.01945525291828798
2022-02-16,3830,4040,3830,4040,53043,0.06878306878306883
2022-02-17,4040,4055,3915,4000,60470,-0.00990099009900991
2022-02-18,3865,4045,3865,4045,32600,0.011249999999999982
2022-02-21,4055,4055,3950,4045,16693,0.0
2022-02-22,3955,4000,3875,3980,19170,-0.01606922126081578
2022-02-23,3945,4240,3910,4120,208782,0.035175879396984966
2022-02-24,4075,4105,3885,3910,98737,-0.050970873786407744
2022-02-25,3960,4050,3930,4000,71224,0.023017902813299296
2022-02-28,4070,4070,3985,3985,62339,-0.003750000000000031
2022-03-02,3985,4120,3975,4025,58794,0.010037641154328814
2022-03-03,4075,4315,4040,4250,336554,0.05590062111801242
2022-03-04,4300,4395,4225,4275,271728,0.00588235294117645
2022-03-07,4210,4215,4030,4060,106426,-0.05029239766081872
2022-03-08,4030,4040,3920,3985,66062,-0.018472906403940836
2022-03-10,4005,4080,3995,4000,41247,0.0037641154328733606
2022-03-11,4020,4180,3965,4110,78834,0.02750000000000008
2022-03-14,4140,4160,4030,4060,49825,-0.012165450121654486
2022-03-15,4040,4040,3945,3960,56578,-0.024630541871921152
2022-03-16,3970,4045,3925,4000,53675,0.010101010101010166
2022-03-17,4060,4180,4000,4175,143744,0.043749999999999956
2022-03-18,4200,4285,4160,4190,104658,0.00359281437125758
2022-03-21,4260,4330,4190,4240,107628,0.01193317422434359
2022-03-22,4240,4305,4160,4300,99813,0.014150943396226356
2022-03-23,4370,4415,4300,4380,145888,0.018604651162790642
2022-03-24,4350,4465,4240,4445,106425,0.014840182648401923
2022-03-25,4450,4450,4300,4380,88442,-0.01462317210348707
2022-03-28,4380,4510,4325,4490,101853,0.02511415525114158
2022-03-29,4615,4675,4470,4540,322448,0.011135857461024523
2022-03-30,4550,4590,4435,4500,113816,-0.008810572687224627
2022-03-31,4495,4515,4445,4515,45431,0.0033333333333334103
2022-04-01,4500,4500,4415,4445,48563,-0.015503875968992276
2022-04-04,4400,4455,4300,4450,110574,0.0011248593925758943
2022-04-05,4465,4555,4425,4520,97244,0.01573033707865168
2022-04-06,4500,4500,4390,4400,38660,-0.026548672566371723
2022-04-07,4400,4400,4230,4260,62832,-0.03181818181818186
2022-04-08,4260,4295,4205,4280,45918,0.0046948356807512415
2022-04-11,4260,4295,4200,4280,40725,0.0
2022-04-12,4260,4280,4155,4210,58208,-0.016355140186915862
2022-04-13,4210,4275,4190,4260,35052,0.01187648456057011
2022-04-14,4295,4320,4260,4315,57807,0.012910798122065748
2022-04-15,4315,4315,4225,4285,49416,-0.006952491309385911
2022-04-18,4280,4340,4230,4300,41088,0.003500583430571691
2022-04-19,4290,4380,4285,4370,48484,0.016279069767441756
2022-04-20,4420,4575,4385,4570,171661,0.04576659038901609
2022-04-21,4575,4635,4505,4580,145582,0.002188183807439792
2022-04-22,4565,4595,4495,4560,70442,-0.004366812227074246
2022-04-25,4475,4540,4410,4410,84456,-0.03289473684210531
2022-04-26,4410,4455,4370,4420,42123,0.0022675736961450532
2022-04-27,4270,4365,4200,4310,76881,-0.02488687782805432
2022-04-28,4295,4330,4165,4230,66921,-0.018561484918793503
2022-04-29,4240,4270,4205,4220,33320,-0.0023640661938534313
2022-05-02,4175,4180,4120,4155,67768,-0.0154028436018957
2022-05-03,4155,4210,4130,4160,57110,0.001203369434416457
2022-05-04,4160,4290,4160,4235,49267,0.018028846153846256
2022-05-06,4200,4250,4110,4165,40918,-0.016528925619834656
2022-05-09,4165,4165,4015,4020,42407,-0.03481392557022811
2022-05-10,4000,4055,3880,4040,27068,0.004975124378109541
2022-05-11,3975,4065,3975,4055,54720,0.003712871287128605
2022-05-12,4120,4120,3890,3895,53474,-0.039457459926017235
2022-05-13,3895,4145,3890,4135,81874,0.06161745827984588
2022-05-16,4160,4230,4115,4200,48718,0.01571946795646917
2022-05-17,4200,4235,4170,4225,45889,0.005952380952380931
2022-05-18,4275,4300,4150,4150,43419,-0.017751479289940808
2022-05-19,4105,4130,4035,4130,45956,-0.004819277108433773
2022-05-20,4130,4175,4100,4145,17812,0.00363196125907983
2022-05-23,4145,4175,4090,4100,17041,-0.010856453558504175
2022-05-24,4045,4095,3985,3985,48597,-0.028048780487804903
2022-05-25,3985,4070,3925,4040,20206,0.013801756587201952
2022-05-26,3975,4115,3975,4075,63922,0.00866336633663356
2022-05-27,4100,4135,4025,4090,39980,0.0036809815950920033
2022-05-30,4085,4135,4055,4125,22990,0.008557457212713837
2022-05-31,4205,4205,4055,4120,86174,-0.00121212121212122
2022-06-02,4075,4115,4025,4045,23467,-0.01820388349514568
2022-06-03,4055,4140,4025,4035,23091,-0.0024721878862793423
2022-06-07,4050,4055,3970,3995,48297,-0.009913258983890949
2022-06-08,3995,4005,3960,3995,16214,0.0
2022-06-09,3975,3990,3915,3935,21763,-0.015018773466833557
2022-06-10,3945,3950,3880,3950,34602,0.003811944091486552
2022-06-13,3905,3905,3705,3705,53103,-0.0620253164556962
2022-06-14,3610,3685,3495,3585,54382,-0.03238866396761131
2022-06-15,3580,3585,3350,3395,80138,-0.05299860529986056
2022-06-16,3440,3565,3395,3480,35232,0.025036818851251752
2022-06-17,3360,3480,3305,3475,22735,-0.001436781609195359
2022-06-20,3480,3490,3180,3370,76698,-0.030215827338129442
2022-06-21,3365,3580,3290,3450,49404,0.023738872403560762
2022-06-22,3485,3485,3200,3280,56917,-0.049275362318840554
2022-06-23,3130,3315,3010,3010,111076,-0.08231707317073167
2022-06-24,3000,3185,3000,3185,68224,0.058139534883721034
2022-06-27,3245,3260,3120,3220,34249,0.01098901098901095
2022-06-28,3220,3290,3165,3285,44290,0.020186335403726607
2022-06-29,3225,3290,3185,3260,19127,-0.007610350076103556
2022-06-30,3215,3280,3145,3255,27402,-0.0015337423312883347
2022-07-01,3195,3230,3120,3220,18888,-0.010752688172043001
2022-07-04,3175,3175,3035,3150,39728,-0.021739130434782594
2022-07-05,3160,3235,3115,3235,25854,0.026984126984126888
2022-07-06,3235,3360,3125,3225,37593,-0.0030911901081916993
2022-07-07,3225,3265,3180,3260,24388,0.010852713178294504
2022-07-08,3275,3320,3220,3310,59312,0.015337423312883347
2022-07-11,3310,3370,3255,3365,70946,0.0166163141993958
2022-07-12,3330,3390,3280,3360,71999,-0.0014858841010401136
2022-07-13,3345,3490,3330,3475,125427,0.034226190476190466
2022-07-14,3475,3565,3420,3560,79604,0.02446043165467615
2022-07-15,3530,3565,3455,3530,47184,-0.008426966292134797
2022-07-18,3535,3545,3485,3520,26890,-0.0028328611898017497
2022-07-19,3500,3525,3415,3485,47019,-0.009943181818181768
2022-07-20,3510,3550,3440,3485,59326,0.0
2022-07-21,3495,3530,3435,3490,14701,0.0014347202295552641
2022-07-22,3455,3520,3405,3480,21003,-0.002865329512893977
2022-07-25,3475,3485,3425,3460,9360,-0.005747126436781658
2022-07-26,3450,3460,3410,3440,6475,-0.005780346820809301
2022-07-27,3435,3490,3395,3470,13009,0.008720930232558155
2022-07-28,3520,3520,3400,3450,31793,-0.0057636887608069065
2022-07-29,3450,3510,3410,3510,13448,0.017391304347825987
2022-08-01,3520,3525,3475,3520,17402,0.002849002849002913
2022-08-02,3535,3535,3420,3450,18543,-0.019886363636363646
2022-08-03,3435,3520,3415,3500,4726,0.01449275362318847
2022-08-04,3540,3540,3460,3515,20599,0.004285714285714226
2022-08-05,3550,3550,3460,3470,24071,-0.012802275960170695
2022-08-08,3450,3470,3415,3430,11874,-0.011527377521613813
2022-08-09,3390,3630,3390,3410,100184,-0.005830903790087438
2022-08-10,3410,3540,3405,3475,22443,0.019061583577712593
2022-08-11,3495,3525,3410,3490,24073,0.004316546762589857
2022-08-12,3495,3505,3445,3485,5087,-0.0014326647564469885
2022-08-16,3485,3495,3440,3475,16382,-0.0028694404591105283
2022-08-17,3440,3480,3390,3420,36177,-0.015827338129496438
2022-08-18,3360,3400,3315,3380,24735,-0.011695906432748537
2022-08-19,3330,3365,3285,3315,31392,-0.019230769230769273
2022-08-22,3250,3280,3230,3240,14513,-0.022624434389140302
2022-08-23,3205,3820,3125,3130,834508,-0.03395061728395066
2022-08-24,3185,3220,3130,3175,60047,0.01437699680511173
2022-08-25,3210,3240,3190,3200,43644,0.007874015748031482
2022-08-26,3210,3230,3170,3215,46778,0.004687499999999956
2022-08-29,3180,3230,3130,3170,38598,-0.013996889580093264
2022-08-30,3140,3245,3070,3175,56909,0.001577287066246047
2022-08-31,3175,3190,3100,3180,42204,0.0015748031496063408
2022-09-01,3195,3230,3095,3150,44248,-0.009433962264150941
2022-09-02,3135,3160,3110,3145,16284,-0.0015873015873015817
2022-09-05,3110,3140,3055,3105,23670,-0.012718600953895098
2022-09-06,3100,3120,3050,3110,11925,0.0016103059581320522
2022-09-07,3135,3135,3055,3075,11817,-0.0112540192926045
2022-09-08,3075,3180,3060,3095,20290,0.006504065040650486
2022-09-13,3170,3170,3125,3155,18001,0.01938610662358653
2022-09-14,3105,3115,3080,3105,7111,-0.015847860538827252
2022-09-15,3120,3160,3085,3130,13867,0.008051529790660261
2022-09-16,3080,3135,3070,3135,11868,0.0015974440894568342
2022-09-19,3105,3105,3005,3005,43785,-0.04146730462519932
2022-09-20,3020,3060,3010,3030,13617,0.008319467554076532
2022-09-21,3030,3050,3005,3030,11970,0.0
2022-09-22,3020,3080,2935,3080,40399,0.01650165016501659
2022-09-23,3070,3080,2975,2990,14578,-0.02922077922077926
2022-09-26,2980,2985,2830,2860,38570,-0.04347826086956519
2022-09-27,2760,2855,2745,2795,41349,-0.022727272727272707
2022-09-28,2795,2880,2620,2785,60656,-0.003577817531305927
2022-09-29,2770,2820,2705,2790,28164,0.0017953321364452268
2022-09-30,2710,2810,2710,2740,52854,-0.017921146953404965
2022-10-04,2740,2760,2695,2735,53590,-0.0018248175182481452
2022-10-05,2760,2775,2660,2720,52588,-0.005484460694698323
2022-10-06,2720,2825,2705,2815,22188,0.03492647058823528
2022-10-07,2805,2805,2735,2735,38910,-0.028419182948490218
2022-10-11,2690,2730,2645,2700,53845,-0.012797074954296161
2022-10-12,2645,2665,2505,2525,100225,-0.06481481481481477
2022-10-13,2470,2500,2400,2490,47818,-0.013861386138613874
2022-10-14,2495,2605,2495,2535,42594,0.01807228915662651
2022-10-17,2535,2610,2485,2605,20796,0.027613412228796763
2022-10-18,2630,2655,2610,2630,11210,0.009596928982725572
2022-10-19,2720,2720,2600,2625,18383,-0.0019011406844106071
2022-10-20,2625,2625,2530,2585,25209,-0.015238095238095273
2022-10-21,2550,2560,2510,2550,11515,-0.013539651837524147
2022-10-24,2560,2635,2560,2600,10675,0.019607843137254832
2022-10-25,2610,2650,2600,2625,8273,0.009615384615384581
2022-10-26,2625,2650,2595,2630,8411,0.0019047619047618536
2022-10-27,2630,2675,2605,2655,6767,0.009505703422053147
2022-10-28,2655,2680,2580,2605,16896,-0.01883239171374762
2022-10-31,2665,2665,2605,2650,28584,0.017274472168905985
2022-11-01,2680,2680,2650,2675,9775,0.009433962264151052
2022-11-02,2685,2725,2640,2710,38854,0.013084112149532645
2022-11-03,2675,2700,2655,2665,5286,-0.016605166051660514
2022-11-04,2665,2665,2600,2655,10625,-0.0037523452157598447
2022-11-07,2680,2680,2645,2680,16605,0.009416195856873921
2022-11-08,2680,2710,2675,2705,13884,0.009328358208955168
2022-11-09,2705,2725,2680,2710,34125,0.001848428835489857
2022-11-10,2705,2710,2675,2705,10246,-0.0018450184501844769
2022-11-11,2730,2770,2710,2760,27022,0.020332717190388205
2022-11-14,2760,2790,2735,2780,16256,0.007246376811594235
2022-11-15,2790,2880,2765,2880,34089,0.03597122302158273
2022-11-16,2940,2995,2895,2985,74130,0.03645833333333326
2022-11-17,3000,3045,2975,3015,24822,0.01005025125628145
2022-11-18,2985,3040,2970,3040,13120,0.008291873963515828
2022-11-21,3015,3015,2850,2940,33134,-0.03289473684210531
2022-11-22,2905,2915,2850,2915,5917,-0.008503401360544172
2022-11-23,2900,2960,2890,2910,11445,-0.0017152658662092923
2022-11-24,2940,2980,2915,2915,18088,0.0017182130584192379
2022-11-25,2935,3010,2900,2980,21153,0.022298456260720467
2022-11-28,3030,3030,2925,2950,8220,-0.010067114093959773
2022-11-29,2935,2950,2855,2945,18300,-0.0016949152542372614
2022-11-30,2920,3005,2915,2980,14654,0.011884550084889645
2022-12-01,3060,3060,2905,3000,35898,0.006711409395973256
2022-12-02,3000,3000,2975,3000,9299,0.0
2022-12-05,2970,2980,2950,2970,13775,-0.010000000000000009
2022-12-06,2970,2970,2890,2945,4495,-0.008417508417508435
2022-12-07,2915,2915,2850,2880,8893,-0.022071307300509324
2022-12-08,2860,2860,2835,2835,10493,-0.015625
2022-12-09,2830,2860,2770,2860,18315,0.008818342151675429
2022-12-12,2870,2900,2845,2900,8638,0.013986013986013957
2022-12-13,2860,2965,2860,2955,21557,0.018965517241379404
2022-12-14,2970,2990,2905,2955,15353,0.0
2022-12-15,2970,2970,2905,2935,12682,-0.006768189509306244
2022-12-16,2935,2975,2910,2935,7619,0.0
2022-12-19,2885,2900,2880,2885,3837,-0.017035775127768327
2022-12-20,2860,2870,2815,2855,15569,-0.010398613518197597
2022-12-21,2825,2835,2800,2815,5036,-0.014010507880910628
2022-12-22,2820,2855,2815,2855,14173,0.014209591474245054
2022-12-23,2855,2855,2750,2795,12532,-0.021015761821365997
2022-12-26,2795,2800,2745,2780,6398,-0.00536672629695889
2022-12-27,2760,2770,2730,2760,18254,-0.007194244604316502
2022-12-28,2760,2795,2760,2790,10730,0.010869565217391353
2022-12-29,2760,2775,2700,2745,12281,-0.016129032258064502
2023-01-02,2740,2740,2690,2710,7155,-0.012750455373406244
2023-01-03,2665,2700,2620,2635,12621,-0.027675276752767486
2023-01-04,2635,2800,2605,2700,21050,0.024667931688804545
2023-01-05,2785,2785,2655,2720,16241,0.007407407407407307
2023-01-06,2720,2755,2665,2725,15309,0.0018382352941177516
2023-01-09,2775,2790,2725,2745,13403,0.007339449541284404
2023-01-10,2750,2850,2730,2760,22236,0.005464480874316946
2023-01-11,2770,2830,2770,2775,6152,0.005434782608695565
2023-01-12,2780,2810,2750,2810,23780,0.012612612612612706
2023-01-13,2815,2865,2810,2845,17794,0.01245551601423478
2023-01-16,2880,2985,2840,2855,24895,0.0035149384885764245
2023-01-17,2890,2890,2830,2850,14667,-0.0017513134851138146
2023-01-18,2850,2880,2810,2875,9368,0.00877192982456143
2023-01-19,2865,2905,2825,2900,36632,0.008695652173912993
2023-01-20,2900,2910,2860,2905,8385,0.0017241379310344307
2023-01-25,2935,2935,2900,2905,10634,0.0
2023-01-26,2920,2920,2880,2905,26586,0.0
2023-01-27,2910,2980,2910,2955,14672,0.01721170395869187
2023-01-30,2955,3030,2935,2980,17977,0.008460236886632888
2023-01-31,2950,2980,2940,2980,13921,0.0
2023-02-01,2980,3035,2945,2970,47763,-0.003355704697986628
2023-02-02,2975,3010,2955,2975,19400,0.0016835016835017313
2023-02-03,2975,2990,2945,2990,20116,0.005042016806722671
2023-02-06,2980,2990,2920,2930,18977,-0.02006688963210701
2023-02-07,2905,2950,2905,2950,13268,0.006825938566553003
2023-02-08,2980,3070,2955,3035,40100,0.028813559322034
2023-02-09,3020,3030,2995,3000,24842,-0.011532125205930832
2023-02-10,3000,3000,2915,2945,37311,-0.018333333333333313
2023-02-13,2945,2945,2905,2920,15172,-0.008488964346349714
2023-02-14,2920,2990,2900,2970,32352,0.017123287671232834
2023-02-15,2985,3000,2935,2970,35845,0.0
2023-02-16,2940,3055,2940,3035,29647,0.02188552188552184
2023-02-17,3035,3050,3010,3030,9883,-0.0016474464579900872
2023-02-20,3030,3050,3010,3045,6179,0.004950495049504955
2023-02-21,3045,3055,3005,3045,11119,0.0
2023-02-22,3035,3045,2945,3000,21178,-0.014778325123152691
2023-02-23,2960,3020,2955,3010,16891,0.0033333333333334103
2023-02-24,3010,3010,2905,2995,51335,-0.004983388704318914
2023-02-27,2965,2970,2890,2950,14800,-0.015025041736227096
2023-02-28,2930,2970,2930,2970,12432,0.006779661016949046
2023-03-02,2970,3035,2950,3030,23551,0.02020202020202011
2023-03-03,3015,3060,3000,3040,16089,0.0033003300330032292
2023-03-06,3050,3080,3010,3035,42472,-0.00164473684210531
2023-03-07,3035,3035,2985,3035,15268,0.0
2023-03-08,3010,3060,2960,2990,21258,-0.014827018121911006
2023-03-09,2990,3005,2950,3005,12465,0.0050167224080268635
2023-03-10,2980,2990,2950,2990,11055,-0.004991680532445919
2023-03-13,2950,2950,2870,2915,20018,-0.025083612040133763
2023-03-14,2860,2870,2775,2825,33742,-0.030874785591766707
2023-03-15,2825,2890,2825,2880,15652,0.019469026548672552
2023-03-16,2910,2925,2845,2900,13100,0.00694444444444442
2023-03-17,2900,2930,2855,2910,32775,0.0034482758620688614
2023-03-20,2910,2940,2855,2860,61482,-0.01718213058419249
2023-03-21,2885,2890,2850,2850,45971,-0.0034965034965035446
2023-03-22,2865,2870,2820,2870,13964,0.007017543859649145
2023-03-23,2855,2870,2800,2840,28466,-0.010452961672473893
2023-03-24,2840,2865,2820,2860,8366,0.007042253521126751
2023-03-27,2880,2880,2810,2860,18431,0.0
2023-03-28,2850,2890,2830,2890,17799,0.010489510489510412
2023-03-29,2890,2990,2890,2985,57080,0.03287197231833905
2023-03-30,2970,3015,2940,2985,46951,0.0
2023-03-31,2985,3000,2960,2995,22652,0.003350083752093891
2023-04-03,2995,2995,2855,2910,95244,-0.028380634390651083
2023-04-04,2910,2955,2880,2900,25868,-0.0034364261168384758
2023-04-05,2900,2935,2885,2900,16738,0.0
2023-04-06,2885,2930,2865,2865,24380,-0.012068965517241348
2023-04-07,2865,2945,2865,2945,22757,0.027923211169284423
2023-04-10,2950,3100,2930,3000,209072,0.018675721561969505
2023-04-11,2990,3020,2915,3020,49583,0.006666666666666599
2023-04-12,3010,3065,2965,3055,49079,0.011589403973509826
2023-04-13,3025,3055,2990,3055,13762,0.0
2023-04-14,3035,3055,3010,3035,23207,-0.006546644844517169
2023-04-17,3035,3035,2990,3035,31487,0.0
2023-04-18,3025,3040,2990,3025,25402,-0.0032948929159802853
2023-04-19,3025,3255,3025,3160,304415,0.044628099173553704
2023-04-20,3150,3220,3100,3150,72340,-0.0031645569620253333
2023-04-21,3095,3125,3050,3125,69151,-0.007936507936507908
2023-04-24,3095,3125,2975,3020,49535,-0.03359999999999996
2023-04-25,2980,2990,2830,2925,51466,-0.0314569536423841
2023-04-26,2910,2910,2785,2820,103187,-0.03589743589743588
2023-04-27,2820,2865,2785,2865,11423,0.015957446808510634
2023-04-28,2865,2880,2830,2865,14775,0.0
2023-05-02,2860,3060,2860,2950,64102,0.029668411867364686
2023-05-03,2945,3030,2930,3000,20231,0.016949152542372836
2023-05-04,2995,3045,2965,2975,13829,-0.008333333333333304
2023-05-08,2980,3025,2920,2985,51921,0.003361344537815114
2023-05-09,2965,2995,2940,2970,13285,-0.005025125628140725
2023-05-10,2975,2980,2940,2965,17221,-0.0016835016835017313
2023-05-11,2965,3025,2945,3025,16006,0.02023608768971341
2023-05-12,3000,3020,2975,2990,17926,-0.011570247933884281
2023-05-15,3005,3080,2990,3060,100549,0.02341137123745818
2023-05-16,2920,3080,2920,2950,51564,-0.03594771241830064
2023-05-17,2980,2995,2920,2955,28549,0.0016949152542373724
2023-05-18,2925,2980,2925,2975,39379,0.006768189509306355
2023-05-19,2975,3030,2965,3020,39843,0.015126050420168013
2023-05-22,3010,3100,3005,3035,26284,0.004966887417218624
2023-05-23,3065,3065,2990,3025,11429,-0.0032948929159802853
2023-05-24,3020,3020,2955,3000,24754,-0.008264462809917328
2023-05-25,2995,3000,2950,2990,8559,-0.0033333333333332993
2023-05-26,2990,3050,2980,3015,34330,0.008361204013378032
2023-05-30,3070,3070,2995,3040,20057,0.008291873963515828
2023-05-31,3040,3095,2990,3075,29867,0.011513157894736947
2023-06-01,3045,3075,3005,3030,23263,-0.014634146341463428
2023-06-02,3030,3155,3030,3110,120534,0.0264026402640265
2023-06-05,3110,3110,3065,3095,17532,-0.004823151125401881
2023-06-07,3090,3095,3035,3095,41637,0.0
2023-06-08,3095,3095,3045,3075,7942,-0.00646203554119551
2023-06-09,3075,3100,3030,3070,37235,-0.001626016260162566
2023-06-12,3060,3145,3020,3045,29392,-0.008143322475570036
2023-06-13,3025,3130,3025,3085,32049,0.013136288998357948
2023-06-14,3090,3110,3030,3070,23340,-0.004862236628849326
2023-06-15,3050,3125,3035,3125,37314,0.01791530944625408
2023-06-16,3140,3265,3095,3245,144463,0.03839999999999999
2023-06-19,3230,3410,3230,3350,269192,0.03235747303543923
2023-06-20,3350,3395,3255,3325,42466,-0.007462686567164201
2023-06-21,3280,3395,3195,3390,64495,0.019548872180451093
2023-06-22,3330,3370,3200,3240,54231,-0.04424778761061943
2023-06-23,3215,3235,3170,3225,13526,-0.00462962962962965
2023-06-26,3220,3240,3160,3230,38025,0.0015503875968991832
2023-06-27,3210,3300,3175,3225,16583,-0.001547987616099089
2023-06-28,3220,3225,3160,3225,43275,0.0
2023-06-29,3200,3330,3200,3215,51686,-0.0031007751937984773
2023-06-30,3200,3310,3200,3270,30211,0.01710730948678063
2023-07-03,3270,3375,3270,3325,64131,0.01681957186544336
2023-07-04,3285,3350,3285,3300,16548,-0.007518796992481258
2023-07-05,3300,3500,3300,3500,230987,0.06060606060606055
2023-07-06,3510,3585,3400,3470,239175,-0.008571428571428563
2023-07-07,3420,3455,3375,3455,71885,-0.004322766570605152
2023-07-10,3430,3460,3350,3450,50388,-0.0014471780028944004
2023-07-11,3420,3455,3420,3450,39644,0.0
2023-07-12,3450,3500,3415,3460,41860,0.0028985507246377384
2023-07-13,3475,3500,3385,3455,69536,-0.0014450867052022698
2023-07-14,3485,4490,3410,4490,7013669,0.29956584659913177
2023-07-17,4490,4650,4130,4135,2709238,-0.07906458797327398
2023-07-18,4135,4145,3850,3980,889281,-0.037484885126964906
2023-07-19,3945,3955,3755,3805,486625,-0.04396984924623115
2023-07-20,3805,3880,3765,3880,327215,0.019710906701708275
2023-07-21,3760,3815,3680,3710,290217,-0.04381443298969068
2023-07-24,3690,3700,3580,3680,202338,-0.008086253369272267
2023-07-25,3595,3825,3595,3650,490084,-0.008152173913043459
2023-07-26,3615,3615,3245,3365,426526,-0.07808219178082187
2023-07-27,3270,3455,3270,3370,115999,0.0014858841010401136
2023-07-28,3370,3485,3365,3445,48874,0.022255192878338326
2023-07-31,3445,3570,3320,3480,55703,0.010159651669085612
2023-08-01,3480,3535,3370,3515,42261,0.010057471264367734
2023-08-02,3515,3540,3370,3415,72427,-0.028449502133712667
2023-08-03,3350,3465,3340,3450,67026,0.01024890190336758
2023-08-04,3450,3710,3420,3670,174599,0.06376811594202891
2023-08-07,3655,3740,3620,3685,132218,0.004087193460490468
2023-08-08,3685,3700,3530,3555,66878,-0.035278154681139706
2023-08-09,3555,3580,3480,3555,22887,0.0
2023-08-10,3480,3535,3430,3480,36632,-0.021097046413502074
2023-08-11,3485,3650,3485,3600,43450,0.034482758620689724
2023-08-14,3600,3645,3450,3600,45724,0.0
2023-08-16,3525,3545,3430,3500,79191,-0.02777777777777779
2023-08-17,3495,3505,3255,3470,72626,-0.008571428571428563
2023-08-18,3355,3450,3335,3405,45762,-0.018731988472622474
2023-08-21,3315,3780,3315,3550,342751,0.042584434654919345
2023-08-22,3535,3600,3515,3600,40275,0.014084507042253502
2023-08-23,3630,3630,3530,3630,37323,0.008333333333333304
2023-08-24,3630,3670,3610,3650,36694,0.005509641873278293
2023-08-25,3555,3660,3540,3640,37436,-0.002739726027397249
2023-08-28,3640,3705,3620,3705,32327,0.017857142857142794
2023-08-29,3710,3720,3645,3670,28521,-0.009446693657219951
2023-08-30,3670,3730,3610,3715,35114,0.012261580381471404
2023-08-31,3715,3720,3625,3670,27906,-0.012113055181695809
2023-09-01,3675,3730,3600,3645,35303,-0.006811989100817484
2023-09-04,3570,3715,3570,3675,23347,0.008230452674897082
2023-09-05,3640,3740,3640,3710,27094,0.00952380952380949
2023-09-06,3710,3785,3660,3685,41675,-0.006738544474393482
2023-09-07,3680,3720,3555,3625,38274,-0.016282225237449155
2023-09-08,3675,3980,3630,3820,568350,0.053793103448275925
2023-09-11,3815,3815,3620,3665,84278,-0.04057591623036649
2023-09-12,3625,3685,3535,3545,54485,-0.032742155525238736
2023-09-13,3545,3545,3455,3505,37841,-0.01128349788434413
2023-09-14,3460,3530,3455,3530,48466,0.007132667617689048
2023-09-15,3530,3640,3505,3635,20240,0.02974504249291776
2023-09-18,3595,3595,3485,3535,25385,-0.02751031636863821
2023-09-19,3495,3535,3400,3430,49820,-0.02970297029702973
2023-09-20,3405,3485,3385,3485,24942,0.016034985422740622
2023-09-21,3415,3440,3355,3365,29207,-0.03443328550932567
2023-09-22,3310,3335,3265,3300,36251,-0.019316493313521588
2023-09-25,3275,3320,3180,3320,49372,0.0060606060606061
2023-09-26,3270,3300,3210,3260,23990,-0.01807228915662651
2023-09-27,3220,3305,3190,3290,10985,0.009202453987730008
2023-10-04,3285,3285,3170,3180,23270,-0.033434650455927084
2023-10-05,3180,3215,3090,3155,26658,-0.00786163522012584
2023-10-06,3140,3235,3075,3230,10278,0.023771790808240878
2023-10-10,3230,3230,3080,3135,19158,-0.02941176470588236
2023-10-11,3110,3185,3085,3185,11885,0.01594896331738438
2023-10-12,3185,3250,3150,3235,4836,0.01569858712715866
2023-10-13,3220,3220,3145,3155,7368,-0.02472952086553326
2023-10-16,3175,3175,3060,3085,10606,-0.022187004754358197
2023-10-17,3045,3155,3045,3100,10239,0.004862236628849326
2023-10-18,3045,3170,3045,3170,19488,0.022580645161290214
2023-10-19,3170,3170,3005,3125,18948,-0.014195583596214534
2023-10-20,3125,3125,2925,2975,42489,-0.04800000000000004
2023-10-23,2930,2975,2855,2865,40418,-0.036974789915966366
2023-10-24,2850,2975,2800,2945,23905,0.027923211169284423
2023-10-25,2995,2995,2835,2960,8086,0.005093378607809784
2023-10-26,2960,2960,2805,2850,15776,-0.03716216216216217
2023-10-27,2825,2865,2765,2850,16441,0.0
2023-10-30,2855,2885,2810,2810,7857,-0.01403508771929829
2023-10-31,2870,2870,2750,2795,28860,-0.005338078291814985
2023-11-01,2770,3600,2760,2830,623714,0.012522361359570633
2023-11-02,2835,2995,2835,2945,106192,0.04063604240282692
2023-11-03,3000,3000,2870,2940,17050,-0.001697792869269965
2023-11-06,2965,3040,2920,2925,50441,-0.005102040816326481
2023-11-07,2935,2955,2820,2880,32569,-0.01538461538461533
2023-11-08,2850,2900,2835,2845,14358,-0.01215277777777779
2023-11-09,2840,2885,2810,2845,25771,0.0
2023-11-10,2820,2845,2795,2810,9447,-0.012302284710017597
2023-11-13,2820,2845,2760,2830,17986,0.007117437722419906
2023-11-14,2800,2840,2800,2840,11875,0.0035335689045936647
2023-11-15,2840,2910,2840,2910,17419,0.02464788732394374
2023-11-16,2910,2940,2885,2925,5283,0.005154639175257714
2023-11-17,2880,2940,2880,2905,9548,-0.006837606837606813
2023-11-20,2950,2995,2900,2940,26194,0.012048192771084265
2023-11-21,2990,2990,2930,2945,5590,0.001700680272108901
2023-11-22,2970,2970,2915,2950,12253,0.001697792869269854
2023-11-23,2980,2980,2910,2930,17373,-0.006779661016949157
2023-11-24,2940,2940,2900,2935,11398,0.0017064846416381396
2023-11-27,2940,2940,2890,2935,8794,0.0
2023-11-28,2950,2950,2890,2910,11729,-0.008517887563884163
2023-11-29,2925,2945,2850,2900,37684,-0.0034364261168384758
2023-11-30,2900,2900,2860,2880,6313,-0.006896551724137945
2023-12-01,2855,2895,2840,2890,12112,0.003472222222222321
2023-12-04,2890,2920,2870,2900,17544,0.0034602076124568004
2023-12-05,2855,2915,2840,2890,12854,-0.0034482758620689724
2023-12-06,2890,2925,2850,2925,17485,0.01211072664359869
2023-12-07,2930,2930,2875,2915,9862,-0.0034188034188034067
2023-12-08,2925,2950,2880,2935,10418,0.006861063464836947
2023-12-11,2900,2950,2890,2930,14276,-0.0017035775127768327
2023-12-12,2900,2945,2870,2885,24001,-0.015358361774744034
2023-12-13,2885,3550,2870,3025,1178685,0.048526863084922045
2023-12-14,3020,3150,2980,3015,161079,-0.0033057851239669533
2023-12-15,3020,3090,2950,2975,48037,-0.013266998341625258
2023-12-18,2950,3055,2950,3005,39720,0.010084033613445342
2023-12-19,3020,3040,2960,3010,28198,0.0016638935108153063
2023-12-20,2980,3025,2970,2990,33343,-0.006644518272425293
2023-12-21,2910,2975,2905,2930,78610,-0.02006688963210701
2023-12-22,2930,2990,2890,2915,45650,-0.005119453924914641
2023-12-26,2960,2960,2880,2915,22051,0.0
2023-12-27,2945,2990,2895,2970,45044,0.018867924528301883
2023-12-28,2945,3055,2935,3015,32415,0.015151515151515138
2024-01-02,2990,3245,2985,3215,79890,0.06633499170812596
2024-01-03,3245,3340,3220,3330,83506,0.035769828926905056
2024-01-04,3265,3390,3230,3265,45964,-0.019519519519519468
2024-01-05,3220,3295,3205,3260,15849,-0.0015313935681470214
2024-01-08,3260,3345,3115,3150,26986,-0.033742331288343586
2024-01-09,3170,3360,3105,3320,61986,0.053968253968254
2024-01-10,3325,3435,3265,3395,49582,0.02259036144578319
2024-01-11,3375,3380,3305,3345,16081,-0.014727540500736325
2024-01-12,3240,3340,3175,3240,25264,-0.03139013452914796
2024-01-15,3180,3255,3160,3190,14460,-0.015432098765432056
2024-01-16,3190,3245,3070,3110,18039,-0.025078369905956133
2024-01-17,3135,3140,3015,3055,24938,-0.01768488745980712
2024-01-18,3055,3135,3040,3110,9003,0.018003273322422242
2024-01-19,3070,3175,3070,3085,18404,-0.008038585209003246
2024-01-22,3180,3555,3095,3165,556528,0.025931928687196182
2024-01-23,3170,3300,3100,3295,78980,0.041074249605055346
2024-01-24,3310,3555,3150,3220,312594,-0.022761760242792084
2024-01-25,3215,3305,3180,3280,32743,0.01863354037267073
2024-01-26,3255,3315,3215,3315,31533,0.010670731707317138
2024-01-29,3290,3395,3285,3340,25516,0.007541478129713397
2024-01-30,3340,3340,3170,3230,39711,-0.03293413173652693
2024-01-31,3215,3215,3135,3155,16205,-0.023219814241486114
2024-02-01,3155,3200,3100,3140,16958,-0.004754358161648153
2024-02-02,3155,3210,3130,3185,15380,0.014331210191082855
2024-02-05,3185,3300,3155,3240,14046,0.017268445839874413
2024-02-06,3220,3260,3180,3260,14670,0.006172839506172867
2024-02-07,3235,3310,3210,3265,13604,0.0015337423312884457
2024-02-08,3235,3310,3210,3235,18157,-0.009188361408882129
2024-02-13,3230,3280,3195,3245,6798,0.0030911901081915882
2024-02-14,3245,3245,3180,3215,20960,-0.009244992295839749
2024-02-15,3245,3270,3205,3235,10203,0.0062208398133747345
2024-02-16,3235,3245,3190,3235,10916,0.0
2024-02-19,3235,3250,3200,3230,8033,-0.0015455950540957941
2024-02-20,3235,3240,3185,3215,10348,-0.004643962848297267
2024-02-21,3200,3215,3140,3175,23874,-0.01244167962674958
2024-02-22,3145,3195,3120,3195,23771,0.006299212598425141
2024-02-23,3210,3225,3165,3205,25278,0.003129890453834161
2024-02-26,3205,3220,3175,3185,9306,-0.006240249609984372
2024-02-27,3195,3205,3150,3205,11843,0.006279434850863463
2024-02-28,3180,3190,3110,3165,9040,-0.012480499219968744
2024-02-29,3150,3160,3050,3095,18851,-0.02211690363349128
2024-03-04,3050,3200,3025,3110,30403,0.004846526655896577
2024-03-05,3105,3105,3020,3035,11648,-0.024115755627009627
2024-03-06,3035,3040,2970,3040,13854,0.0016474464579900872
2024-03-07,3005,3030,2975,3025,6835,-0.004934210526315819
2024-03-08,3025,3060,2995,3055,4227,0.009917355371900749
2024-03-11,3050,3195,3005,3180,35244,0.04091653027823239
2024-03-12,3175,3210,3125,3180,10266,0.0
2024-03-13,3180,3185,3120,3170,8219,-0.0031446540880503138
2024-03-14,3170,3200,3115,3160,12387,-0.003154574132492094
2024-03-15,3160,3160,3090,3090,12059,-0.022151898734177222
2024-03-18,3090,3115,3060,3090,14214,0.0
2024-03-19,3100,3100,3020,3020,11213,-0.02265372168284785
2024-03-20,3030,3150,3020,3060,22199,0.013245033112582849
2024-03-21,3065,3080,3010,3015,34010,-0.014705882352941124
2024-03-22,3030,3150,3000,3000,15752,-0.00497512437810943
2024-03-25,3040,3045,2990,3000,14359,0.0
2024-03-26,3025,3070,2970,3020,13372,0.006666666666666599
2024-03-27,3030,3055,2980,3025,11336,0.0016556291390728006
2024-03-28,3020,3070,3015,3050,1261,0.008264462809917328
2024-03-29,3060,3085,3040,3060,4835,0.003278688524590123
2024-04-01,3065,3065,2985,3050,11629,-0.0032679738562091387
2024-04-02,3035,3035,2930,2990,26750,-0.01967213114754096
2024-04-03,2950,2990,2920,2950,6635,-0.013377926421404673
2024-04-04,2950,3025,2950,3010,5234,0.02033898305084736
2024-04-05,2950,3010,2930,2995,6645,-0.004983388704318914
2024-04-08,2970,3005,2915,2965,10763,-0.01001669449081799
2024-04-09,2965,2965,2890,2910,16767,-0.018549747048903886
2024-04-11,2895,2950,2840,2950,55331,0.013745704467353903
2024-04-12,2700,2900,2700,2900,236653,-0.016949152542372836
2024-04-15,2820,2940,2820,2930,15816,0.010344827586206806
2024-04-16,2900,2945,2890,2940,9649,0.0034129692832765013
2024-04-17,2935,2955,2875,2955,15441,0.005102040816326481
2024-04-18,2950,2970,2905,2960,13325,0.0016920473773265332
2024-04-19,2955,2985,2915,2965,9371,0.0016891891891892552
2024-04-22,2950,2965,2900,2960,12465,-0.001686340640809414
2024-04-23,2950,2980,2895,2960,7103,0.0
2024-04-24,2960,2985,2905,2950,14264,-0.0033783783783783994
2024-04-25,2950,2970,2865,2920,23651,-0.01016949152542368
2024-04-26,2915,2930,2855,2915,16376,-0.001712328767123239
2024-04-29,2915,2925,2860,2910,17627,-0.0017152658662092923
2024-04-30,2910,2925,2840,2890,34461,-0.0068728522336769515
2024-05-02,2885,2910,2835,2905,15650,0.00519031141868509
2024-05-03,2895,2900,2870,2900,11201,-0.0017211703958691649
2024-05-07,2900,2900,2855,2900,6743,0.0
2024-05-08,2900,2915,2855,2910,34628,0.0034482758620688614
2024-05-09,2910,2945,2875,2945,10753,0.012027491408934665
2024-05-10,2930,2990,2925,2985,42916,0.013582342954159499
2024-05-13,2980,3060,2960,3055,12532,0.02345058626465657
2024-05-14,3045,3085,3030,3085,43484,0.009819967266775809
2024-05-16,3080,3125,3035,3125,34253,0.01296596434359798
2024-05-17,3095,3115,3025,3025,84162,-0.03200000000000003
2024-05-20,3025,3045,2980,3000,18945,-0.008264462809917328
2024-05-21,3005,3075,2890,2965,17301,-0.011666666666666714
2024-05-22,2960,2985,2920,2975,1494,0.003372681281618828
2024-05-23,2975,2985,2930,2975,10974,0.0
2024-05-24,2975,3005,2885,2905,25790,-0.02352941176470591
2024-05-27,2900,2965,2900,2955,3068,0.01721170395869187
2024-05-28,2950,3015,2915,2940,6211,-0.005076142131979711
2024-05-29,2935,2935,2880,2880,8137,-0.020408163265306145
2024-05-30,2880,2990,2850,2910,8310,0.01041666666666674
2024-05-31,2920,3000,2895,2945,17478,0.012027491408934665
2024-06-03,2945,2965,2910,2950,13900,0.001697792869269854
2024-06-04,2950,2950,2905,2925,10796,-0.008474576271186418
2024-06-05,2925,2925,2870,2915,11371,-0.0034188034188034067
2024-06-07,2915,2920,2805,2810,47463,-0.03602058319039447
2024-06-10,2805,2880,2805,2840,42704,0.01067615658362997
2024-06-11,2840,2885,2840,2870,7742,0.010563380281690238
2024-06-12,2870,2880,2830,2845,2098,-0.008710801393728262
2024-06-13,2845,3185,2825,2925,631111,0.02811950790861162
2024-06-14,2925,2950,2870,2915,15575,-0.0034188034188034067
2024-06-17,2915,2915,2800,2850,28018,-0.022298456260720356
2024-06-18,2825,2905,2825,2895,7975,0.015789473684210575
2024-06-19,2895,2930,2810,2895,8303,0.0
2024-06-20,2870,2895,2860,2895,5208,0.0
2024-06-21,2895,2910,2840,2900,12880,0.0017271157167531026
2024-06-24,2875,2925,2845,2905,18716,0.0017241379310344307
2024-06-25,2905,2945,2900,2925,13244,0.0068846815834766595
2024-06-26,2925,2945,2895,2895,10784,-0.01025641025641022
2024-06-27,2890,2945,2865,2935,6976,0.013816925734024155
2024-06-28,2940,2960,2910,2960,8286,0.008517887563884052
2024-07-01,2915,2970,2915,2970,25704,0.0033783783783782884
2024-07-02,2955,2975,2925,2965,10504,-0.0016835016835017313
2024-07-03,2955,2965,2890,2925,10756,-0.013490725126475533
2024-07-04,2920,2930,2855,2905,12505,-0.006837606837606813
2024-07-05,2905,2905,2820,2900,28848,-0.0017211703958691649
2024-07-08,2875,2895,2850,2875,8786,-0.008620689655172376
2024-07-09,2845,2890,2835,2880,13834,0.0017391304347826875
2024-07-10,2850,2880,2850,2875,7425,-0.0017361111111111605
2024-07-11,2875,2890,2825,2885,15096,0.003478260869565153
2024-07-12,2880,2880,2840,2850,9680,-0.012131715771230511
2024-07-15,2850,2885,2810,2875,20282,0.00877192982456143
2024-07-16,2825,2860,2825,2845,9192,-0.01043478260869568
2024-07-17,2845,2860,2830,2850,2753,0.0017574692442883233
2024-07-18,2845,2855,2810,2855,6549,0.0017543859649122862
2024-07-19,2855,2855,2830,2840,869,-0.005253940455341555
2024-07-22,2810,2850,2800,2850,13340,0.0035211267605634866
2024-07-23,2835,2845,2805,2825,10518,-0.00877192982456143
2024-07-24,2825,2825,2805,2820,899,-0.001769911504424737
2024-07-25,2785,2835,2755,2795,7790,-0.00886524822695034
2024-07-26,2815,2845,2785,2815,1382,0.007155635062611854
2024-07-29,2845,2845,2750,2750,7253,-0.023090586145648295
2024-07-30,2725,2760,2665,2695,40764,-0.020000000000000018
2024-07-31,2695,2705,2630,2680,21009,-0.005565862708719838
2024-08-01,2655,2820,2640,2745,2479,0.02425373134328357
2024-08-02,2790,2790,2660,2685,4592,-0.021857923497267784
2024-08-05,2685,2715,2450,2540,45213,-0.054003724394785846
2024-08-06,2455,2615,2455,2580,11854,0.015748031496062964
2024-08-07,2575,2590,2565,2590,1454,0.003875968992248069
2024-08-08,2580,2590,2540,2570,4028,-0.007722007722007707
2024-08-09,2530,2650,2530,2565,5049,-0.0019455252918287869
2024-08-12,2565,2690,2560,2575,9181,0.003898635477582957
2024-08-13,2575,2590,2555,2575,8244,0.0
2024-08-14,2575,2585,2515,2520,12040,-0.021359223300970842
2024-08-16,2520,2520,2445,2515,19493,-0.001984126984126977
2024-08-19,2515,2515,2475,2495,21194,-0.007952286282306154
2024-08-20,2495,2590,2440,2525,4640,0.012024048096192397
2024-08-21,2525,2525,2455,2510,6536,-0.005940594059405946
2024-08-22,2505,2535,2450,2460,8658,-0.019920318725099584
2024-08-23,2460,2535,2435,2505,13430,0.018292682926829285
2024-08-26,2505,2525,2485,2485,5871,-0.007984031936127733
2024-08-27,2500,2500,2365,2365,68225,-0.048289738430583484
2024-08-28,2380,2420,2305,2375,26112,0.0042283298097252064
2024-08-29,2375,2430,2320,2395,5354,0.008421052631578885
2024-08-30,2395,2425,2350,2385,3947,-0.0041753653444676075
2024-09-02,2385,2385,2320,2325,11868,-0.02515723270440251
2024-09-03,2325,2400,2325,2350,4567,0.010752688172043001
2024-09-04,2340,2350,2240,2240,11962,-0.04680851063829783
2024-09-05,2215,2290,2095,2145,66431,-0.0424107142857143
2024-09-06,2140,2140,2000,2010,25605,-0.06293706293706292
2024-09-09,2010,2050,2000,2050,6550,0.01990049751243772
2024-09-10,2050,2125,2050,2120,7594,0.034146341463414664
2024-09-11,2120,2460,1900,1985,262878,-0.06367924528301883
2024-09-12,1998,2090,1951,1953,23089,-0.01612090680100753
2024-09-13,1953,2005,1946,2005,9273,0.026625704045058818
2024-09-19,2005,2025,2000,2020,4324,0.007481296758104827
2024-09-20,2020,2050,1991,2015,5510,-0.0024752475247524774
2024-09-23,2015,2045,1991,2030,3822,0.007444168734491274
2024-09-24,2030,2045,1992,2040,2659,0.0049261083743843415
2024-09-25,2040,2090,2015,2040,2472,0.0
2024-09-26,2035,2055,2010,2045,49899,0.002450980392156854
2024-09-27,2045,2115,2045,2080,25981,0.017114914425427896
2024-09-30,2080,2100,1999,2080,16357,0.0
2024-10-02,2200,2200,2080,2180,82484,0.04807692307692313
2024-10-04,2180,2180,2065,2130,20250,-0.022935779816513735
2024-10-07,2125,2165,2085,2145,12966,0.007042253521126751
2024-10-08,2150,2340,2145,2250,98929,0.04895104895104896
2024-10-10,2235,2365,2230,2285,41131,0.015555555555555545
2024-10-11,2295,2350,2270,2330,25147,0.01969365426695835
2024-10-14,2330,2390,2330,2350,27021,0.008583690987124415
2024-10-15,2350,2395,2325,2370,29119,0.008510638297872353
2024-10-16,2365,2395,2330,2385,10429,0.006329113924050667
2024-10-17,2385,2425,2360,2375,20221,-0.004192872117400381
2024-10-18,2375,2385,2345,2365,14030,-0.004210526315789442
2024-10-21,2370,2420,2350,2405,7402,0.016913319238900604
2024-10-22,2405,2440,2395,2410,12896,0.0020790020790020236
2024-10-23,2415,2415,2350,2405,20384,-0.0020746887966804906
2024-10-24,2390,2440,2385,2435,19058,0.012474012474012364
2024-10-25,2435,2435,2375,2410,16698,-0.010266940451745366
2024-10-28,2380,2460,2375,2460,16723,0.020746887966804906
2024-10-29,2440,2450,2395,2425,21626,-0.014227642276422814
2024-10-30,2425,2440,2390,2440,12829,0.006185567010309256
2024-10-31,2435,2460,2390,2440,16693,0.0
2024-11-01,2430,2435,2285,2360,79522,-0.032786885245901676
2024-11-04,2360,2450,2360,2410,40442,0.021186440677966045
2024-11-05,2425,2435,2350,2425,39757,0.006224066390041472
2024-11-06,2420,2440,2360,2390,33518,-0.014432989690721598
2024-11-07,2395,2395,2345,2385,10321,-0.0020920502092049986
2024-11-08,2370,2435,2355,2385,16804,0.0
2024-11-11,2385,2390,2290,2390,41515,0.002096436058700135
2024-11-12,2365,2390,2210,2340,52304,-0.02092050209205021
2024-11-13,2310,2365,2185,2210,59055,-0.05555555555555558
2024-11-14,2215,2425,2120,2290,41278,0.03619909502262453
2024-11-15,2270,2280,2220,2255,37808,-0.015283842794759805
2024-11-18,2210,2400,2100,2125,68195,-0.05764966740576494
2024-11-19,2125,2205,2125,2130,36081,0.0023529411764706687
2024-11-20,2135,2210,2125,2210,28309,0.03755868544600949
2024-11-21,2210,2235,2125,2125,25532,-0.038461538461538436
2024-11-22,2125,2160,2125,2145,1831,0.009411764705882453
2024-11-25,2140,2145,2035,2035,10171,-0.05128205128205132
2024-11-26,2035,2055,1990,2000,7690,-0.017199017199017175
2024-11-27,2000,2080,1928,1950,11810,-0.025000000000000022
2024-11-28,1980,1980,1945,1964,14488,0.007179487179487243
2024-11-29,2045,2045,1936,1969,3790,0.002545824847250522
2024-12-02,1963,1990,1960,1989,1786,0.01015744032503818
2024-12-03,1989,1990,1964,1987,3186,-0.0010055304172951196
2024-12-04,1950,1987,1946,1966,5514,-0.010568696527428312
2024-12-05,1966,1966,1897,1900,12342,-0.033570701932858604
2024-12-06,1900,2040,1873,2040,67809,0.0736842105263158
2024-12-09,2040,2040,1979,2000,39560,-0.019607843137254943
2024-12-10,2040,2145,2040,2140,80309,0.07000000000000006
2024-12-11,2140,2215,2105,2205,20559,0.030373831775700966
2024-12-12,2205,2340,2205,2340,39841,0.061224489795918435
2024-12-13,2340,2415,2330,2365,36076,0.010683760683760646
2024-12-16,2365,2365,2310,2355,5462,-0.0042283298097252064
2024-12-17,2355,2400,2350,2365,32743,0.00424628450106157
2024-12-18,2365,2390,2335,2365,27082,0.0
2024-12-19,2365,2390,2320,2335,45236,-0.012684989429175508
2024-12-20,2335,2360,2230,2260,52734,-0.032119914346895095
2024-12-23,2235,2340,2235,2320,36240,0.026548672566371723
2024-12-24,2300,2385,2300,2355,28100,0.015086206896551824
2024-12-26,2350,2390,2300,2300,61201,-0.023354564755838636
2024-12-27,2300,2345,2250,2295,43770,-0.0021739130434782483
2024-12-30,2295,2310,2265,2310,6499,0.006535947712418277
2025-01-02,2295,2350,2260,2320,13048,0.0043290043290042934
2025-01-03,2305,2320,2285,2300,13012,-0.008620689655172376
2025-01-06,2300,2300,2265,2270,10706,-0.013043478260869601
2025-01-07,2265,2280,2250,2280,5810,0.004405286343612369
2025-01-08,2275,2345,2245,2295,10086,0.006578947368421018
2025-01-09,2290,2300,2275,2285,7300,-0.004357298474945481
2025-01-10,2265,2300,2250,2295,6091,0.004376367614879584
2025-01-13,2285,2300,2250,2300,5461,0.002178649237472685
2025-01-14,2300,2320,2260,2300,7503,0.0
2025-01-15,2295,2300,2255,2295,18052,-0.0021739130434782483
2025-01-16,2280,2290,2270,2275,16327,-0.008714596949891074
2025-01-17,2275,2275,2255,2255,42408,-0.00879120879120876
2025-01-20,2240,2300,2235,2275,7051,0.008869179600886845
2025-01-21,2275,2340,2275,2290,297,0.00659340659340657
2025-01-22,2370,2370,2300,2340,8849,0.02183406113537112
2025-01-23,2340,2385,2325,2325,3804,-0.0064102564102563875
2025-01-24,2325,2330,2310,2320,4855,-0.0021505376344086446
2025-01-31,2320,2320,2180,2180,1864,-0.06034482758620685
2025-02-03,2170,2240,2000,2000,7859,-0.08256880733944949
2025-02-04,2000,2065,2000,2030,4374,0.014999999999999902
2025-02-05,2030,2115,2000,2025,11241,-0.0024630541871921707
2025-02-06,2025,2075,2010,2070,1112,0.022222222222222143
2025-02-07,2070,2070,2010,2010,3461,-0.02898550724637683
2025-02-10,2010,2450,1998,2200,294635,0.0945273631840795
2025-02-11,2250,2250,2105,2105,18614,-0.04318181818181821
2025-02-12,2105,2230,2105,2145,29300,0.019002375296912177
2025-02-13,2165,2230,2130,2190,16073,0.020979020979021046
2025-02-14,2190,2390,2150,2190,41294,0.0
2025-02-17,2190,2465,2170,2225,78404,0.015981735159817267
2025-02-18,2205,2415,2205,2335,15194,0.04943820224719109
2025-02-19,2335,2385,2260,2280,6204,-0.023554603854389677
2025-02-20,2280,2280,2205,2205,1464,-0.03289473684210531
2025-02-21,2220,2360,2185,2230,6307,0.01133786848072571
2025-02-24,2225,2230,2190,2190,1020,-0.017937219730941756
2025-02-25,2185,2235,2160,2180,2117,-0.004566210045662156
2025-02-26,2175,2175,2030,2065,28712,-0.05275229357798161
2025-02-27,2085,2230,2055,2060,7738,-0.002421307506053294
2025-02-28,2060,2130,2060,2095,5410,0.016990291262136026
2025-03-04,2015,2075,2005,2030,6529,-0.031026252983293534
2025-03-05,2025,2030,2000,2030,2681,0.0
2025-03-06,2195,2195,2025,2060,1500,0.014778325123152802
2025-03-07,2075,2075,2035,2035,229,-0.012135922330097082
2025-03-10,2035,2050,2000,2020,2763,-0.0073710073710073765
2025-03-11,2015,2085,1995,2085,987,0.03217821782178221
2025-03-12,2085,2110,1993,2035,23496,-0.023980815347721784
2025-03-13,2035,2035,1985,1991,14312,-0.021621621621621623
2025-03-14,1990,1997,1900,1997,5898,0.0030135610246107003
2025-03-17,1996,2415,1961,2225,105074,0.11417125688532792
2025-03-18,2300,2390,2240,2370,61271,0.06516853932584277
2025-03-19,2370,2460,2370,2430,56227,0.025316455696202445
2025-03-20,2425,2490,2415,2485,11382,0.02263374485596703
2025-03-21,2465,2520,2235,2465,31661,-0.008048289738430636
2025-03-24,2495,2495,2425,2470,24450,0.0020283975659229903
2025-03-25,2585,2585,2445,2515,23819,0.018218623481781382
2025-03-26,2560,2560,2435,2485,35969,-0.011928429423459286
2025-03-27,2470,2550,2455,2540,82310,0.02213279678068414
2025-03-28,2535,2595,2485,2515,44170,-0.009842519685039353
2025-03-31,2470,2510,2380,2495,66091,-0.007952286282306154
2025-04-01,2465,2550,2395,2495,36177,0.0
2025-04-02,2500,2570,2500,2510,32044,0.006012024048096087
2025-04-03,2530,2535,2465,2490,12174,-0.007968127490039834
2025-04-04,2490,2530,2455,2525,20568,0.014056224899598346
2025-04-07,2520,2520,2350,2425,26897,-0.03960396039603964
2025-04-08,2425,2540,2425,2480,44683,0.02268041237113394
2025-04-09,2480,2550,2400,2410,35008,-0.028225806451612878
2025-04-10,2490,2550,2420,2435,22861,0.010373443983402453
2025-04-11,2470,2500,2410,2480,17589,0.01848049281314168
2025-04-14,2480,2575,2475,2540,15594,0.024193548387096753
2025-04-15,2515,2535,2475,2510,21671,-0.011811023622047223
2025-04-16,2530,2590,2435,2500,43024,-0.003984063745019917
2025-04-17,2475,2550,2475,2525,15274,0.010000000000000009
2025-04-18,2525,2525,2475,2495,23747,-0.011881188118811892
2025-04-21,2510,2525,2460,2490,15133,-0.002004008016032066
2025-04-22,2475,2525,2435,2500,14334,0.004016064257028162
2025-04-23,2590,2590,2465,2530,6556,0.01200000000000001
2025-04-24,2530,2540,2490,2505,4541,-0.00988142292490124
2025-04-25,2505,2515,2480,2500,7121,-0.001996007984031989
2025-04-28,2470,2525,2465,2495,1839,-0.0020000000000000018
2025-04-29,2470,2515,2470,2515,3897,0.008016032064128265
2025-04-30,2525,2530,2480,2495,6414,-0.007952286282306154
2025-05-02,2495,2590,2380,2380,3916,-0.04609218436873752
2025-05-07,2580,2580,2430,2500,15076,0.050420168067226934
2025-05-08,2510,2575,2470,2550,10531,0.020000000000000018
2025-05-09,2590,2590,2525,2570,7278,0.007843137254901933
2025-05-12,2565,2610,2525,2590,7322,0.0077821011673151474
2025-05-13,2615,2615,2535,2590,30535,0.0
2025-05-14,2580,2630,2550,2590,10862,0.0
2025-05-15,2650,2660,2585,2650,7570,0.02316602316602312
2025-05-16,2610,2660,2605,2620,7108,-0.01132075471698113
2025-05-19,2595,2670,2595,2640,3944,0.007633587786259444
2025-05-20,2615,2710,2610,2690,18363,0.018939393939394034
2025-05-21,2740,2745,2675,2740,22875,0.018587360594795488
2025-05-22,2765,2765,2690,2695,20662,-0.01642335766423353
2025-05-23,2695,2750,2690,2750,22417,0.020408163265306145
2025-05-26,2770,2830,2745,2805,20096,0.020000000000000018
2025-05-27,2835,2920,2745,2745,23701,-0.021390374331550777
2025-05-28,2710,2765,2710,2710,739,-0.012750455373406244
2025-05-29,2820,2820,2680,2680,996,-0.011070110701106972
2025-05-30,2730,2730,2650,2650,5970,-0.011194029850746245
2025-06-02,2680,2680,2590,2625,2251,-0.009433962264150941
2025-06-04,2550,2605,2500,2500,4864,-0.04761904761904767
2025-06-05,2490,2490,2405,2405,8525,-0.038000000000000034
2025-06-09,2405,2475,2405,2455,3811,0.02079002079002068
2025-06-10,2425,2500,2425,2500,2452,0.018329938900203624
2025-06-11,2465,2575,2465,2570,1980,0.028000000000000025
2025-06-12,2590,2685,2525,2565,3739,-0.0019455252918287869
2025-06-13,2565,2620,2505,2615,3103,0.01949317738791434
2025-06-16,2585,2590,2535,2565,1073,-0.019120458891013437
2025-06-17,2645,2645,2510,2535,1519,-0.011695906432748537
2025-06-18,2665,2685,2400,2400,40243,-0.053254437869822535
2025-06-19,2485,2485,2350,2360,38692,-0.01666666666666672
2025-06-20,2400,2525,2330,2345,7240,-0.006355932203389814
2025-06-23,2495,2495,2355,2375,13469,0.01279317697228155
2025-06-24,2555,2555,2380,2520,15143,0.06105263157894747
2025-06-25,2595,2595,2440,2500,10356,-0.007936507936507908
2025-06-26,2480,2555,2380,2435,17751,-0.026000000000000023
2025-06-27,2435,3090,2395,2405,600854,-0.012320328542094416
2025-06-30,2405,2480,2320,2350,29150,-0.022869022869022815
2025-07-01,2320,2420,2310,2325,19514,-0.010638297872340385
2025-07-02,2390,2390,2275,2275,31973,-0.021505376344086002
2025-07-03,2275,2325,2275,2310,9770,0.01538461538461533
2025-07-04,2285,2300,2115,2160,38519,-0.06493506493506496
2025-07-07,2160,2205,2150,2155,8672,-0.0023148148148147696
2025-07-08,2215,2240,2140,2215,18190,0.0278422273781902
2025-07-09,2220,2250,2185,2225,12842,0.004514672686230181
2025-07-10,2225,2275,2105,2150,43995,-0.0337078651685393
2025-07-11,2155,2270,2150,2210,11035,0.027906976744185963
2025-07-14,2240,2240,2130,2165,6990,-0.020361990950226283
2025-07-15,2165,2300,2140,2165,18465,0.0
2025-07-16,2170,2290,2170,2200,5471,0.01616628175519641
2025-07-17,2235,2235,2170,2190,3806,-0.004545454545454519
2025-07-18,2200,2220,2165,2170,3919,-0.0091324200913242
2025-07-21,2170,2290,2150,2155,30625,-0.00691244239631339
2025-07-22,2160,2185,2135,2160,10025,0.002320185614849146
2025-07-23,2195,2195,2135,2145,13006,-0.00694444444444442
2025-07-24,2155,2160,2140,2160,1156,0.006993006993007089
2025-07-25,2160,2190,2140,2155,7662,-0.0023148148148147696
2025-07-28,2155,2185,2100,2130,10867,-0.011600928074245953
2025-07-29,2105,2165,2105,2140,5120,0.0046948356807512415
2025-07-30,2165,2165,2115,2130,3884,-0.004672897196261627
2025-07-31,2185,2185,2115,2140,777,0.0046948356807512415
2025-08-01,2125,2190,2110,2170,10663,0.014018691588784993
2025-08-04,2185,2185,2130,2170,3541,0.0
2025-08-05,2145,2160,2140,2160,3018,-0.004608294930875556
2025-08-06,2140,2180,2130,2130,9286,-0.01388888888888884
2025-08-07,2175,2240,2135,2240,10882,0.05164319248826299
2025-08-08,2270,2270,2215,2235,2318,-0.0022321428571429047
2025-08-11,2210,2285,2205,2285,11252,0.02237136465324374
2025-08-12,2290,2305,2280,2290,5049,0.002188183807439792
2025-08-13,2310,2310,2235,2265,5767,-0.01091703056768556
2025-08-14,2270,2270,2190,2190,1557,-0.0331125827814569
2025-08-18,2250,2255,2185,2255,27502,0.029680365296803624
2025-08-19,2230,2350,2210,2265,42676,0.0044345898004434225
2025-08-20,2265,2265,2195,2195,3292,-0.030905077262693204
2025-08-21,2195,2235,2100,2130,33749,-0.029612756264236872
2025-08-22,2130,2200,2130,2140,11061,0.0046948356807512415
2025-08-25,2155,2185,2115,2150,23072,0.004672897196261738
2025-08-26,2160,2195,2150,2150,6349,0.0
2025-08-27,2150,2180,2130,2160,6503,0.0046511627906977715
2025-08-28,2200,2200,2105,2105,12321,-0.02546296296296291
2025-08-29,2135,2150,2025,2030,11449,-0.03562945368171022
2025-09-01,2025,2105,1965,1979,20944,-0.02512315270935961
2025-09-02,1979,1999,1891,1903,39752,-0.03840323395654366
2025-09-03,1879,1957,1879,1940,34776,0.019442984760903892
2025-09-04,1940,1952,1937,1939,6686,-0.0005154639175257714
2025-09-05,1939,1964,1930,1955,5358,0.008251676121712181
2025-09-08,1942,1974,1850,1932,37535,-0.0117647058823529
2025-09-09,1932,2510,1932,2510,1088789,0.29917184265010355
2025-09-10,2995,3260,2710,2820,3658717,0.12350597609561742
2025-09-11,2880,2880,2580,2655,442797,-0.058510638297872286
2025-09-12,2640,2645,2450,2500,224775,-0.05838041431261776
2025-09-15,2490,2590,2420,2570,217481,0.028000000000000025
2025-09-16,2525,2525,2340,2340,138457,-0.08949416342412453
2025-09-17,2350,2400,2280,2290,56373,-0.021367521367521403
2025-09-18,2270,2365,2260,2330,43462,0.017467248908296984
2025-09-19,2330,2330,2195,2245,96875,-0.03648068669527893
2025-09-22,2245,2280,2200,2220,41044,-0.011135857461024523
2025-09-23,2245,2260,2150,2205,52551,-0.006756756756756799
2025-09-24,2235,2235,2125,2200,31905,-0.0022675736961451642
2025-09-25,2230,2230,2140,2175,19714,-0.011363636363636354
2025-09-26,2200,2200,2015,2015,56619,-0.0735632183908046
2025-09-29,2020,2150,2020,2085,35833,0.03473945409429291
2025-09-30,2085,2100,2020,2045,29663,-0.01918465227817745
2025-10-01,2035,2140,2015,2035,34951,-0.004889975550122272
2025-10-02,2035,2255,2035,2120,110512,0.041769041769041726
2025-10-10,2125,2300,2125,2240,84194,0.05660377358490565
2025-10-13,2110,2215,2110,2195,50130,-0.0200892857142857
2025-10-14,2150,2190,2100,2100,25523,-0.0432801822323462
2025-10-15,2165,2165,2080,2115,5058,0.0071428571428571175
2025-10-16,2155,2155,2090,2100,14366,-0.007092198581560294
2025-10-17,2085,2095,2015,2015,15903,-0.04047619047619044
2025-10-20,2015,2040,2005,2020,12915,0.002481389578163684
2025-10-21,2020,2040,2005,2020,12989,0.0
2025-10-22,2040,2040,1975,1981,19351,-0.019306930693069324
2025-10-23,1981,1985,1950,1963,22977,-0.009086320040383677
2025-10-24,1985,1985,1850,1984,29718,0.01069791136016307
2025-10-27,1968,2040,1944,1995,18100,0.005544354838709742
2025-10-28,1994,2090,1970,1997,17137,0.001002506265664227
2025-10-29,1967,2005,1967,1988,8503,-0.004506760140210342
2025-10-30,2035,2035,1974,1989,15666,0.0005030181086518315
2025-10-31,2025,2025,1947,1949,12076,-0.020110608345902503
2025-11-03,1987,2030,1931,1931,30391,-0.009235505387378162
2025-11-04,1970,2045,1934,1950,17788,0.009839461418953865
2025-11-05,2015,2015,1860,1895,29594,-0.028205128205128216
2025-11-06,1895,1999,1895,1895,14524,0.0
2025-11-07,1896,1987,1760,1830,25643,-0.03430079155672827
2025-11-10,1830,2305,1830,1904,1113531,0.040437158469945444
2025-11-11,1896,2045,1876,1898,100218,-0.0031512605042016695
2025-11-12,2000,2000,1865,1925,36650,0.014225500526870327
2025-11-13,1999,2040,1914,2005,20688,0.04155844155844157
2025-11-14,2040,2040,1984,1996,25834,-0.0044887780548628076
2025-11-17,1993,2010,1937,1937,28078,-0.029559118236472948
2025-11-18,1985,1985,1874,1875,22308,-0.03200826019617964
2025-11-19,1950,2035,1858,2030,17151,0.08266666666666667
2025-11-20,2030,2075,2010,2030,19977,0.0
2025-11-21,2030,2030,1945,1971,9266,-0.029064039408867037
2025-11-24,1955,1955,1912,1950,7430,-0.010654490106544956
2025-11-25,1958,2050,1948,2045,19389,0.04871794871794877
2025-11-26,2050,2050,1985,2045,7707,0.0
2025-11-27,2025,2025,1964,1964,12963,-0.03960880195599026
2025-11-28,1964,2025,1964,2015,30292,0.02596741344195519
2025-12-01,2045,2050,1997,2010,8142,-0.002481389578163795
2025-12-02,2010,2045,1986,1999,5172,-0.005472636815920362
2025-12-03,1999,2020,1991,1999,10210,0.0
2025-12-04,1992,1994,1974,1977,4064,-0.011005502751375684
2025-12-05,2030,2030,1955,2000,7637,0.01163378856853825
2025-12-08,1999,1999,1930,1959,6728,-0.020499999999999963
2025-12-09,1959,1980,1953,1977,4607,0.009188361408882129
2025-12-10,1955,2020,1954,1974,6125,-0.0015174506828528056
2025-12-11,1976,1998,1956,1980,12683,0.003039513677811634
2025-12-12,1980,2030,1954,1954,10105,-0.013131313131313105
2025-12-15,2060,2060,1949,1979,4195,0.012794268167860778
2025-12-16,2035,2035,1971,1985,8109,0.003031834259727084
2025-12-17,1979,2030,1915,1937,16669,-0.024181360201511293
2025-12-18,1937,1991,1927,1990,5454,0.027361899845121274
2025-12-19,2070,2070,1974,1996,7911,0.0030150753768845018
2025-12-22,1997,2015,1915,1915,14816,-0.040581162324649256
2025-12-23,1951,1980,1934,1980,20663,0.03394255874673635
2025-12-24,1980,1980,1875,1875,20265,-0.05303030303030298
2025-12-26,1875,1960,1875,1911,13372,0.019200000000000106
2025-12-29,1910,1955,1882,1892,12295,-0.009942438513867113
2025-12-30,1892,1922,1859,1887,22655,-0.0026427061310781985
2026-01-02,1887,1957,1832,1853,24755,-0.018018018018018056
2026-01-05,1853,1862,1799,1830,14073,-0.012412304371289817
2026-01-06,1830,1899,1830,1859,9440,0.015846994535519077
2026-01-07,1861,1951,1844,1902,24515,0.023130715438407723
2026-01-08,1889,1938,1865,1892,14016,-0.00525762355415349
2026-01-09,1892,1912,1860,1912,13537,0.010570824524312794
2026-01-12,1912,1970,1864,1923,18893,0.005753138075313746
2026-01-13,1923,1957,1893,1929,7276,0.0031201248049921304
2026-01-14,1928,1944,1905,1944,18111,0.007776049766718529
2026-01-15,1944,1984,1942,1960,23248,0.008230452674897082
2026-01-16,1940,1950,1913,1937,22353,-0.011734693877550995
2026-01-19,1921,1952,1867,1893,27201,-0.02271553949406302
2026-01-20,1931,1931,1868,1904,14479,0.005810882197569978
2026-01-21,1904,1931,1844,1910,6278,0.0031512605042016695
2026-01-22,1957,1957,1860,1900,61776,-0.005235602094240788
2026-01-23,1900,2005,1876,1983,95161,0.04368421052631577
2026-01-26,2005,2005,1930,1944,21215,-0.01966717095310133
2026-01-27,1928,1939,1896,1913,16586,-0.015946502057613166
2026-01-28,1897,1987,1897,1943,14252,0.015682174594877196
2026-01-29,1943,1959,1890,1931,29704,-0.006176016469377266
2026-01-30,1931,2005,1906,1914,22884,-0.008803728638011377
2026-02-02,1980,1980,1901,1940,16992,0.013584117032392928
2026-02-03,1940,1940,1887,1924,25660,-0.008247422680412342
2026-02-04,1980,1980,1911,1961,14442,0.019230769230769162
2026-02-05,1959,1959,1912,1917,7110,-0.02243753187149411
