Date,Open,High,Low,Close,Volume,Change
2022-01-03,1910,1950,1890,1950,192511,0.023622047244094446
2022-01-04,1950,1960,1930,1960,219783,0.00512820512820511
2022-01-05,1960,1960,1925,1930,179876,-0.015306122448979553
2022-01-06,1905,1960,1900,1945,204810,0.007772020725388629
2022-01-07,1950,1995,1950,1970,255185,0.01285347043701801
2022-01-10,1985,1985,1940,1940,145346,-0.015228426395939132
2022-01-11,1935,1945,1880,1890,176108,-0.02577319587628868
2022-01-12,1885,1935,1885,1935,123014,0.023809523809523725
2022-01-13,1945,2030,1915,1955,803951,0.010335917312661591
2022-01-14,1955,2005,1920,1980,327571,0.01278772378516635
2022-01-17,1970,1990,1920,1935,168380,-0.022727272727272707
2022-01-18,1935,1950,1875,1880,148678,-0.028423772609819098
2022-01-19,1870,1885,1825,1830,270841,-0.02659574468085102
2022-01-20,1815,1850,1810,1845,144008,0.008196721311475308
2022-01-21,1835,1850,1810,1840,156745,-0.0027100271002710175
2022-01-24,1825,1935,1805,1805,528484,-0.01902173913043481
2022-01-25,1805,1810,1655,1680,381979,-0.06925207756232687
2022-01-26,1670,1715,1650,1680,232929,0.0
2022-01-27,1665,1685,1575,1610,400069,-0.04166666666666663
2022-01-28,1595,1675,1560,1675,248909,0.04037267080745344
2022-02-03,1690,1760,1690,1745,142175,0.04179104477611939
2022-02-04,1745,1795,1730,1775,160551,0.017191977077363862
2022-02-07,1780,1785,1755,1780,77325,0.0028169014084507005
2022-02-08,1770,1835,1760,1770,159746,-0.005617977528089901
2022-02-09,1780,1820,1780,1795,111204,0.01412429378531077
2022-02-10,1805,1805,1765,1765,72640,-0.01671309192200554
2022-02-11,1740,1910,1735,1775,1678799,0.0056657223796034994
2022-02-14,1790,1880,1720,1720,597382,-0.030985915492957705
2022-02-15,1720,1890,1675,1680,1951773,-0.023255813953488413
2022-02-16,1690,1770,1690,1755,492563,0.044642857142857206
2022-02-17,1755,1795,1730,1795,362401,0.02279202279202286
2022-02-18,1775,1800,1765,1785,116227,-0.005571030640668551
2022-02-21,1785,1815,1770,1795,143171,0.0056022408963585235
2022-02-22,1800,1865,1775,1795,998132,0.0
2022-02-23,1870,1935,1810,1810,2227747,0.008356545961002881
2022-02-24,1825,1920,1800,1890,2409327,0.04419889502762442
2022-02-25,1885,1885,1785,1795,1144838,-0.050264550264550234
2022-02-28,1825,1825,1770,1780,356565,-0.00835654596100277
2022-03-02,1800,1865,1800,1830,603269,0.028089887640449396
2022-03-03,1835,1860,1820,1840,321612,0.005464480874316946
2022-03-04,1865,1940,1830,1905,1725272,0.03532608695652173
2022-03-07,1920,1980,1865,1975,2323047,0.036745406824147064
2022-03-08,1945,1975,1900,1900,1438500,-0.03797468354430378
2022-03-10,1920,1950,1830,1925,925812,0.013157894736842035
2022-03-11,1915,1985,1890,1910,1308160,-0.007792207792207795
2022-03-14,1910,1945,1885,1935,580470,0.01308900523560208
2022-03-15,1935,1935,1865,1880,605417,-0.028423772609819098
2022-03-16,1935,1935,1890,1905,387462,0.013297872340425565
2022-03-17,1920,1920,1880,1915,370609,0.005249343832020914
2022-03-18,1935,2025,1900,1980,4379886,0.03394255874673635
2022-03-21,2045,2370,2000,2235,28718382,0.1287878787878789
2022-03-22,2230,2475,2215,2280,14271250,0.020134228187919545
2022-03-23,2310,2330,2175,2180,3543347,-0.04385964912280704
2022-03-24,2190,2270,2145,2175,2205174,-0.002293577981651418
2022-03-25,2175,2185,2115,2140,917305,-0.016091954022988464
2022-03-28,2155,2230,2125,2195,1805438,0.025700934579439227
2022-03-29,2185,2390,2150,2210,5620242,0.006833712984054774
2022-03-30,2205,2245,2165,2165,948999,-0.020361990950226283
2022-03-31,2165,2235,2165,2175,886846,0.004618937644341736
2022-04-01,2190,2190,2115,2130,613445,-0.020689655172413834
2022-04-04,2135,2210,2135,2170,523146,0.018779342723004744
2022-04-05,2180,2195,2155,2175,389186,0.0023041474654377225
2022-04-06,2195,2230,2165,2195,775840,0.009195402298850519
2022-04-07,2220,2225,2135,2135,598748,-0.02733485193621865
2022-04-08,2125,2160,2035,2065,472624,-0.032786885245901676
2022-04-11,2045,2170,2030,2115,533616,0.02421307506053272
2022-04-12,2135,2135,2035,2095,326807,-0.009456264775413725
2022-04-13,2070,2115,2055,2080,271502,-0.007159904534606243
2022-04-14,2080,2175,2080,2155,865276,0.03605769230769229
2022-04-15,2155,2260,2155,2220,2178330,0.030162412993039345
2022-04-18,2240,2885,2220,2885,49113978,0.2995495495495495
2022-04-19,3085,3620,2960,3300,86151106,0.143847487001733
2022-04-20,3535,4050,3485,3565,46899096,0.08030303030303032
2022-04-21,3415,3415,3115,3295,4400402,-0.0757363253856943
2022-04-22,3280,3615,3280,3505,4363685,0.06373292867981784
2022-04-25,3600,4310,3600,4310,7033851,0.22967189728958637
2022-04-26,3950,4200,3900,4085,3701570,-0.05220417633410668
2022-04-27,3910,3910,3205,3580,2795154,-0.12362301101591189
2022-04-28,3765,3765,3495,3765,2068879,0.0516759776536313
2022-04-29,3555,3795,3230,3310,7576520,-0.12084993359893759
2022-05-02,4000,4300,3910,4300,7611559,0.29909365558912393
2022-05-03,5590,5590,4330,4375,51281140,0.01744186046511631
2022-05-04,4265,4285,3800,3800,14251111,-0.13142857142857145
2022-05-06,3775,4035,3445,3645,10593110,-0.04078947368421049
2022-05-09,3570,3720,3380,3650,10044127,0.00137174211248281
2022-05-10,4070,4250,3500,3580,42493063,-0.019178082191780854
2022-05-11,3670,3770,3465,3635,7057399,0.015363128491620026
2022-05-12,3600,3600,3220,3280,4288853,-0.09766162310866577
2022-05-13,3230,3320,3115,3205,5190771,-0.02286585365853655
2022-05-16,3300,4165,3265,4165,47526323,0.2995319812792512
2022-05-17,4250,4265,3705,3815,22267506,-0.08403361344537819
2022-05-18,3785,4770,3710,4110,75237089,0.07732634338138933
2022-05-19,3920,4730,3830,4325,74831573,0.05231143552311446
2022-05-20,4580,5620,4570,5620,56687174,0.2994219653179191
2022-05-23,5550,5550,4950,5100,29591419,-0.09252669039145911
2022-05-24,4965,5220,4845,4970,13394880,-0.025490196078431393
2022-05-25,4940,5040,4620,4660,8993003,-0.06237424547283699
2022-05-26,4585,4780,4400,4505,12018104,-0.03326180257510725
2022-05-27,4705,5160,4485,4515,44743532,0.002219755826859071
2022-05-30,4565,4845,4515,4545,13230911,0.006644518272425293
2022-05-31,4985,5430,4735,4790,47105915,0.053905390539053855
2022-06-02,4700,5160,4620,5030,27162045,0.050104384133611735
2022-06-03,4940,4975,4655,4675,10354606,-0.07057654075546715
2022-06-07,4940,5550,4940,5040,49064307,0.07807486631016047
2022-06-08,4935,5310,4810,5310,27372082,0.0535714285714286
2022-06-09,5190,5190,4850,4970,10885371,-0.064030131826742
2022-06-10,4880,5130,4800,4955,11678052,-0.003018108651911433
2022-06-13,5090,5270,4910,5090,24938570,0.02724520686175591
2022-06-14,4970,4970,4195,4450,9209357,-0.1257367387033399
2022-06-15,4325,4750,4215,4225,12959332,-0.050561797752809
2022-06-16,4275,4380,4160,4280,7302845,0.013017751479289963
2022-06-17,4640,4705,4065,4210,11256113,-0.016355140186915862
2022-06-20,4190,4480,4150,4325,11957794,0.027315914489311144
2022-06-21,4325,4385,4050,4160,4265976,-0.03815028901734108
2022-06-22,4090,4260,3795,3810,5993679,-0.08413461538461542
2022-06-23,3750,3800,3400,3425,5662922,-0.1010498687664042
2022-06-24,3430,3570,3325,3560,3695408,0.039416058394160514
2022-06-27,3560,3820,3490,3790,3646807,0.06460674157303381
2022-06-28,3755,3850,3550,3635,3393562,-0.04089709762532978
2022-06-29,3725,3910,3640,3655,9837072,0.005502063273727709
2022-06-30,3630,3650,3515,3600,2517489,-0.015047879616963078
2022-07-01,3540,3570,3105,3215,3853794,-0.1069444444444444
2022-07-04,3190,3280,3075,3205,1952489,-0.0031104199066873672
2022-07-05,3110,3285,3110,3265,2405748,0.018720748829953227
2022-07-06,3215,3215,2985,3115,2803947,-0.04594180704441042
2022-07-07,3320,3330,3135,3155,5102435,0.01284109149277679
2022-07-08,3175,3440,3145,3310,8504379,0.04912836767036444
2022-07-11,3325,3325,3175,3295,2817763,-0.004531722054380682
2022-07-12,3250,3385,3070,3070,3398066,-0.06828528072837636
2022-07-13,3020,3105,2990,3075,2520460,0.0016286644951140072
2022-07-14,3050,3080,2905,2945,1926942,-0.042276422764227606
2022-07-15,2890,2950,2755,2825,2110613,-0.04074702886247883
2022-07-18,2825,2900,2815,2875,1820757,0.017699115044247815
2022-07-19,2875,2920,2825,2915,1375581,0.013913043478260834
2022-07-20,2930,2965,2890,2940,1319084,0.00857632933104635
2022-07-21,2945,2950,2860,2870,916071,-0.023809523809523836
2022-07-22,2835,2855,2780,2800,996440,-0.024390243902439046
2022-07-25,2850,2920,2725,2750,2666812,-0.017857142857142905
2022-07-26,2735,2880,2735,2810,2060157,0.021818181818181737
2022-07-27,2815,2875,2785,2795,1068939,-0.005338078291814985
2022-07-28,2810,2820,2730,2740,726102,-0.019677996422182487
2022-07-29,2775,2830,2730,2820,1465310,0.029197080291970767
2022-08-01,2875,2875,2820,2845,1248209,0.00886524822695045
2022-08-02,2815,2815,2690,2730,1437762,-0.040421792618629215
2022-08-03,2690,2805,2670,2745,1253239,0.005494505494505475
2022-08-04,2755,2775,2700,2710,652595,-0.012750455373406244
2022-08-05,2710,2775,2705,2745,800491,0.012915129151291449
2022-08-08,2755,2760,2640,2685,1049008,-0.021857923497267784
2022-08-09,2685,2685,2640,2650,583441,-0.013035381750465591
2022-08-10,2660,2670,2600,2610,661119,-0.015094339622641506
2022-08-11,2620,2695,2620,2680,1028216,0.026819923371647514
2022-08-12,2680,2770,2680,2730,1162105,0.018656716417910557
2022-08-16,2730,2825,2710,2795,1561242,0.023809523809523725
2022-08-17,2790,3070,2755,2910,18070888,0.041144901610017826
2022-08-18,2865,3065,2815,2815,7527982,-0.03264604810996563
2022-08-19,2820,2915,2730,2735,2471656,-0.028419182948490218
2022-08-22,2760,3200,2760,3050,31913080,0.11517367458866534
2022-08-23,3160,3240,2965,3045,12327658,-0.0016393442622950616
2022-08-24,3095,3095,2960,3010,3122607,-0.011494252873563204
2022-08-25,3030,3125,3000,3125,4215077,0.038205980066445155
2022-08-26,3060,3140,3020,3125,3867808,0.0
2022-08-29,3250,3260,3065,3085,4894970,-0.012800000000000034
2022-08-30,3080,3115,2905,2965,1974124,-0.03889789303079416
2022-08-31,2930,2990,2880,2885,1468696,-0.026981450252951067
2022-09-01,2865,2925,2750,2775,1566899,-0.03812824956672445
2022-09-02,2780,2830,2685,2710,1000436,-0.023423423423423406
2022-09-05,2700,2770,2635,2720,1109621,0.0036900369003689537
2022-09-06,2680,2735,2635,2645,816897,-0.02757352941176472
2022-09-07,2635,2680,2440,2480,1355024,-0.06238185255198492
2022-09-08,2530,3075,2530,2870,31038984,0.157258064516129
2022-09-13,2860,2890,2820,2870,3553158,0.0
2022-09-14,2840,3295,2790,3125,32300195,0.08885017421602792
2022-09-15,3100,3155,3055,3135,4937340,0.0032000000000000917
2022-09-16,3100,3110,2815,2845,4720922,-0.09250398724082931
2022-09-19,2895,3230,2890,3095,26732213,0.08787346221441128
2022-09-20,3060,3120,2985,3075,4395777,-0.00646203554119551
2022-09-21,3360,3480,3120,3270,21631347,0.06341463414634152
2022-09-22,3515,4250,3380,4100,76028342,0.25382262996941907
2022-09-23,4095,4175,3625,3730,20028203,-0.09024390243902436
2022-09-26,3630,3980,3535,3565,18450830,-0.0442359249329759
2022-09-27,3460,3520,3105,3225,6265619,-0.09537166900420757
2022-09-28,3225,3490,3135,3160,13123095,-0.020155038759689936
2022-09-29,3225,3320,3150,3205,5989707,0.014240506329114
2022-09-30,3495,3495,3225,3250,10362327,0.014040561622464809
2022-10-04,3220,3360,3120,3345,4443965,0.02923076923076917
2022-10-05,3325,3445,3255,3445,12004398,0.029895366218236186
2022-10-06,3700,3720,3450,3535,12789809,0.026124818577648812
2022-10-07,3470,3595,3355,3595,7771707,0.016973125884016893
2022-10-11,3695,3710,3520,3700,12511492,0.029207232267037586
2022-10-12,3560,3565,3320,3385,4559406,-0.08513513513513515
2022-10-13,3315,3320,2910,3020,6191313,-0.10782865583456425
2022-10-14,3030,3110,2975,3035,3559381,0.004966887417218624
2022-10-17,2930,2985,2840,2960,2145109,-0.02471169686985175
2022-10-18,2965,2990,2875,2910,2053967,-0.016891891891891886
2022-10-19,2910,2965,2835,2870,1846814,-0.013745704467353903
2022-10-20,2885,2885,2755,2785,1647363,-0.029616724738675937
2022-10-21,2785,2790,2675,2695,2124726,-0.032315978456014416
2022-10-24,2755,2835,2655,2750,3674727,0.020408163265306145
2022-10-25,2715,2730,2650,2670,1569299,-0.029090909090909056
2022-10-26,2670,2675,2570,2600,1456247,-0.02621722846441943
2022-10-27,2570,2635,2570,2605,1289995,0.0019230769230769162
2022-10-28,2595,2600,2485,2495,1178312,-0.04222648752399227
2022-10-31,2800,2845,2655,2695,7045825,0.08016032064128265
2022-11-01,2670,2770,2610,2630,2873165,-0.024118738404452666
2022-11-02,2635,2660,2555,2565,1223675,-0.024714828897338448
2022-11-03,2450,2535,2420,2535,1377035,-0.011695906432748537
2022-11-04,2485,2520,2470,2520,818382,-0.00591715976331364
2022-11-07,2520,2585,2495,2585,1451702,0.025793650793650702
2022-11-08,2600,2610,2565,2585,1026049,0.0
2022-11-09,2585,2595,2550,2555,853741,-0.011605415860735047
2022-11-10,2530,2630,2485,2630,1866537,0.02935420743639927
2022-11-11,2630,2635,2555,2585,1657874,-0.017110266159695797
2022-11-14,2585,2595,2560,2565,712705,-0.007736943907156624
2022-11-15,2560,2630,2540,2610,1181218,0.01754385964912286
2022-11-16,2645,3225,2640,2945,50174096,0.1283524904214559
2022-11-17,2950,2970,2790,2855,4651462,-0.03056027164685904
2022-11-18,2765,2910,2755,2760,6147555,-0.03327495621716292
2022-11-21,2715,2765,2670,2700,1442633,-0.021739130434782594
2022-11-22,2675,2740,2645,2685,1180610,-0.005555555555555536
2022-11-23,2690,2790,2690,2750,2075597,0.024208566108007368
2022-11-24,2765,2780,2735,2745,941261,-0.0018181818181818299
2022-11-25,2750,2755,2695,2715,847203,-0.010928961748633892
2022-11-28,2740,2740,2570,2585,1155615,-0.047882136279926324
2022-11-29,2585,2610,2580,2595,473356,0.003868471953578423
2022-11-30,2585,2640,2585,2595,590678,0.0
2022-12-01,2615,2645,2600,2625,474272,0.011560693641618602
2022-12-02,2615,2650,2595,2635,440248,0.003809523809523707
2022-12-05,2640,2700,2615,2650,730126,0.005692599620493288
2022-12-06,2630,2635,2525,2535,799149,-0.04339622641509433
2022-12-07,2685,2750,2570,2570,4949347,0.013806706114398493
2022-12-08,2610,2720,2600,2630,3033708,0.023346303501945442
2022-12-09,2605,2615,2500,2530,1166410,-0.03802281368821292
2022-12-12,2500,2525,2485,2500,599821,-0.011857707509881465
2022-12-13,2500,2525,2485,2510,483624,0.0040000000000000036
2022-12-14,2510,2540,2500,2530,494358,0.007968127490039834
2022-12-15,2520,2530,2500,2505,404784,-0.00988142292490124
2022-12-16,2465,2500,2455,2480,466775,-0.009980039920159722
2022-12-19,2460,2480,2415,2435,452086,-0.01814516129032262
2022-12-20,2435,2555,2435,2460,1381622,0.010266940451745477
2022-12-21,2445,2490,2420,2445,474502,-0.0060975609756097615
2022-12-22,2465,2480,2420,2420,534145,-0.010224948875255602
2022-12-23,2410,2410,2270,2305,803163,-0.0475206611570248
2022-12-26,2285,2290,2200,2200,694731,-0.045553145336225564
2022-12-27,2170,2230,2170,2190,746449,-0.004545454545454519
2022-12-28,2190,2235,2180,2205,456755,0.006849315068493178
2022-12-29,2185,2210,2100,2110,688063,-0.04308390022675734
2023-01-02,2110,2160,2075,2075,406880,-0.016587677725118488
2023-01-03,2075,2350,2010,2200,5383690,0.06024096385542177
2023-01-04,2170,2190,2120,2180,730015,-0.009090909090909038
2023-01-05,2165,2220,2155,2200,725404,0.00917431192660545
2023-01-06,2160,2260,2160,2230,558349,0.013636363636363669
2023-01-09,2235,2275,2230,2260,508952,0.013452914798206317
2023-01-10,2255,2290,2235,2285,510492,0.01106194690265494
2023-01-11,2300,2330,2275,2330,579258,0.01969365426695835
2023-01-12,2345,2375,2290,2310,675820,-0.008583690987124415
2023-01-13,2345,2355,2295,2310,414470,0.0
2023-01-16,2325,2325,2270,2270,462790,-0.017316017316017285
2023-01-17,2290,2450,2270,2285,2947556,0.0066079295154184425
2023-01-18,2325,2345,2235,2235,834728,-0.021881838074398252
2023-01-19,2235,2300,2185,2215,618823,-0.008948545861297563
2023-01-20,2210,2245,2210,2225,287174,0.004514672686230181
2023-01-25,2235,2260,2230,2250,354964,0.011235955056179803
2023-01-26,2250,2340,2250,2340,2062338,0.040000000000000036
2023-01-27,2450,2455,2325,2340,2645747,0.0
2023-01-30,2335,2510,2335,2400,4222282,0.02564102564102555
2023-01-31,2395,2395,2340,2350,800281,-0.02083333333333337
2023-02-01,2340,2405,2335,2355,838132,0.0021276595744681437
2023-02-02,2360,2385,2345,2380,498581,0.010615711252653925
2023-02-03,2390,2415,2360,2385,895166,0.0021008403361344463
2023-02-06,2380,2415,2360,2380,677567,-0.002096436058700246
2023-02-07,2385,2395,2350,2355,576027,-0.010504201680672232
2023-02-08,2405,2410,2370,2390,675232,0.014861995753715496
2023-02-09,2375,2400,2340,2350,657051,-0.01673640167364021
2023-02-10,2365,2415,2290,2415,1942220,0.027659574468085202
2023-02-13,2460,2575,2395,2405,5957945,-0.0041407867494823725
2023-02-14,2390,2460,2385,2445,1185041,0.016632016632016633
2023-02-15,2430,2435,2325,2340,1097130,-0.042944785276073594
2023-02-16,2345,2370,2340,2345,450462,0.002136752136752129
2023-02-17,2310,2415,2305,2415,780282,0.029850746268656803
2023-02-20,2380,2430,2370,2425,970231,0.0041407867494824835
2023-02-21,2460,2570,2445,2520,5360228,0.039175257731958846
2023-02-22,2610,2700,2470,2590,15390578,0.02777777777777768
2023-02-23,2525,2550,2480,2480,1483587,-0.0424710424710425
2023-02-24,2480,2485,2385,2385,1844359,-0.03830645161290325
2023-02-27,2355,2360,2310,2325,842199,-0.02515723270440251
2023-02-28,2325,2345,2305,2315,585540,-0.004301075268817178
2023-03-02,2325,2355,2305,2335,584592,0.008639308855291628
2023-03-03,2335,2350,2315,2335,409340,0.0
2023-03-06,2350,2350,2200,2320,759516,-0.0064239828693790635
2023-03-07,2305,2340,2300,2320,539166,0.0
2023-03-08,2310,2370,2275,2320,928797,0.0
2023-03-09,2330,2385,2250,2380,1513400,0.02586206896551735
2023-03-10,2330,2340,2295,2305,1000381,-0.031512605042016806
2023-03-13,2265,2290,2175,2235,783401,-0.030368763557483747
2023-03-14,2170,2190,2065,2085,924326,-0.06711409395973156
2023-03-15,2105,2140,2100,2120,398839,0.01678657074340517
2023-03-16,2090,2120,2060,2090,394198,-0.014150943396226467
2023-03-17,2135,2155,2090,2150,368065,0.028708133971291794
2023-03-20,2125,2185,2120,2170,331252,0.009302325581395321
2023-03-21,2200,2255,2155,2165,771144,-0.0023041474654378336
2023-03-22,2175,2215,2125,2155,319030,-0.004618937644341847
2023-03-23,2130,2185,2100,2100,607921,-0.025522041763341052
2023-03-24,2105,2130,2080,2110,247169,0.004761904761904745
2023-03-27,2130,2135,2080,2100,357941,-0.004739336492891044
2023-03-28,2100,2150,2100,2145,332608,0.021428571428571352
2023-03-29,2145,2165,2130,2155,278326,0.004662004662004726
2023-03-30,2165,2190,2155,2185,431796,0.0139211136890951
2023-03-31,2210,2210,2165,2165,378079,-0.009153318077803174
2023-04-03,2170,2185,2135,2170,358922,0.002309468822170979
2023-04-04,2150,2220,2150,2205,595970,0.016129032258064502
2023-04-05,2210,2220,2185,2190,309709,-0.006802721088435382
2023-04-06,2190,2190,2125,2145,465407,-0.020547945205479423
2023-04-07,2155,2165,2130,2135,296491,-0.004662004662004615
2023-04-10,2120,2130,2075,2080,429990,-0.025761124121779888
2023-04-11,2075,2115,2050,2110,397798,0.014423076923076872
2023-04-12,2105,2150,2105,2135,347188,0.011848341232227444
2023-04-13,2130,2155,2110,2145,324919,0.004683840749414525
2023-04-14,2160,2185,2150,2175,313883,0.013986013986013957
2023-04-17,2190,2225,2160,2200,584433,0.011494252873563315
2023-04-18,2235,2235,2175,2205,490744,0.002272727272727204
2023-04-19,2200,2270,2180,2270,1152828,0.02947845804988658
2023-04-20,2290,2400,2210,2340,9122993,0.03083700440528636
2023-04-21,2280,2660,2230,2380,28834159,0.017094017094017033
2023-04-24,2500,2590,2335,2385,8896434,0.0021008403361344463
2023-04-25,2350,2390,2205,2240,3446209,-0.06079664570230603
2023-04-26,2220,2485,2215,2400,11606872,0.0714285714285714
2023-04-27,2390,2690,2320,2420,19646077,0.008333333333333304
2023-04-28,2430,2465,2320,2320,3819312,-0.04132231404958675
2023-05-02,2290,2390,2260,2355,1491794,0.015086206896551824
2023-05-03,2375,2520,2370,2460,6382242,0.04458598726114649
2023-05-04,2515,2530,2320,2340,2835931,-0.04878048780487809
2023-05-08,2410,2645,2385,2555,14671991,0.09188034188034178
2023-05-09,2690,2690,2370,2385,6341817,-0.06653620352250489
2023-05-10,2520,2670,2415,2430,5901762,0.018867924528301883
2023-05-11,2445,2465,2360,2370,1508683,-0.024691358024691357
2023-05-12,2445,2445,2240,2270,2101499,-0.04219409282700426
2023-05-15,2255,2310,2210,2230,1359047,-0.017621145374449365
2023-05-16,2260,2395,2240,2375,2455437,0.06502242152466375
2023-05-17,2360,2380,2290,2310,1055141,-0.027368421052631597
2023-05-18,2220,2265,2185,2240,1160769,-0.030303030303030276
2023-05-19,2245,2280,2225,2250,788475,0.0044642857142858094
2023-05-22,2260,2345,2255,2315,1136421,0.028888888888888964
2023-05-23,2315,2325,2285,2290,418983,-0.010799136069114423
2023-05-24,2315,2450,2300,2385,5608951,0.04148471615720517
2023-05-25,2385,2465,2335,2350,3013873,-0.014675052410901501
2023-05-26,2345,2365,2275,2275,1297505,-0.03191489361702127
2023-05-30,2275,2290,2245,2250,468139,-0.01098901098901095
2023-05-31,2245,2320,2240,2265,568556,0.006666666666666599
2023-06-01,2265,2300,2250,2280,376459,0.0066225165562914245
2023-06-02,2285,2340,2280,2320,497320,0.01754385964912286
2023-06-05,2330,2365,2315,2335,625912,0.006465517241379226
2023-06-07,2330,2400,2330,2365,1025289,0.012847965738758127
2023-06-08,2460,2480,2400,2405,3415754,0.016913319238900604
2023-06-09,2420,2545,2420,2500,3770426,0.03950103950103956
2023-06-12,2510,2530,2420,2435,1420849,-0.026000000000000023
2023-06-13,2460,2460,2405,2415,713401,-0.008213552361396315
2023-06-14,2420,2475,2405,2470,1537558,0.022774327122153215
2023-06-15,2460,2490,2380,2405,1805056,-0.02631578947368418
2023-06-16,2405,2440,2385,2385,782350,-0.008316008316008316
2023-06-19,2440,2470,2410,2420,1049270,0.01467505241090139
2023-06-20,2405,2425,2325,2345,801894,-0.030991735537190035
2023-06-21,2350,2350,2295,2350,555148,0.002132196162046851
2023-06-22,2380,2425,2315,2325,974487,-0.010638297872340385
2023-06-23,2310,2325,2255,2275,753019,-0.021505376344086002
2023-06-26,2280,2280,2205,2245,517370,-0.01318681318681314
2023-06-27,2220,2245,2215,2235,328337,-0.0044543429844098315
2023-06-28,2230,2265,2225,2240,362909,0.0022371364653244186
2023-06-29,2255,2255,2150,2155,555351,-0.0379464285714286
2023-06-30,2165,2215,2160,2170,358281,0.006960556844547661
2023-07-03,2180,2220,2180,2200,238962,0.01382488479262678
2023-07-04,2185,2245,2165,2185,339501,-0.006818181818181834
2023-07-05,2205,2210,2150,2155,349873,-0.013729977116704761
2023-07-06,2155,2160,2105,2110,293165,-0.02088167053364265
2023-07-07,2085,2125,2080,2085,286207,-0.011848341232227444
2023-07-10,2060,2110,2055,2070,237454,-0.007194244604316502
2023-07-11,2065,2100,2065,2100,185947,0.01449275362318847
2023-07-12,2090,2135,2090,2120,205149,0.00952380952380949
2023-07-13,2130,2155,2115,2140,230283,0.009433962264151052
2023-07-14,2155,2240,2145,2195,1450907,0.025700934579439227
2023-07-17,2260,2265,2185,2230,790220,0.015945330296127658
2023-07-18,2350,2400,2180,2220,2681924,-0.004484304932735439
2023-07-19,2280,2280,2185,2190,649757,-0.013513513513513487
2023-07-20,2250,2265,2185,2195,500403,0.0022831050228311334
2023-07-21,2205,2240,2155,2155,386195,-0.018223234624145768
2023-07-24,2155,2160,2055,2090,474009,-0.030162412993039456
2023-07-25,2105,2160,2065,2065,575629,-0.011961722488038284
2023-07-26,2035,2080,1850,1927,1114842,-0.06682808716707023
2023-07-27,1878,1974,1878,1930,594446,0.0015568240788790266
2023-07-28,1922,1958,1901,1947,268651,0.00880829015544049
2023-07-31,1967,2025,1951,1999,221872,0.02670775552131488
2023-08-01,2000,2015,1976,1986,307643,-0.006503251625812889
2023-08-02,1987,2005,1951,1960,318982,-0.01309164149043307
2023-08-03,1940,1940,1901,1915,317438,-0.022959183673469385
2023-08-04,1905,1956,1905,1940,202446,0.01305483028720622
2023-08-07,1970,2010,1948,2000,526042,0.030927835051546282
2023-08-08,2005,2010,1950,1953,323592,-0.023499999999999965
2023-08-09,1955,1975,1940,1955,116491,0.0010240655401945187
2023-08-10,1955,1967,1903,1958,185970,0.001534526854219953
2023-08-11,1950,1986,1941,1977,211409,0.009703779366700749
2023-08-14,1979,1979,1930,1940,313582,-0.018715225088517973
2023-08-16,1925,1933,1887,1889,308060,-0.02628865979381445
2023-08-17,1889,1890,1820,1866,287148,-0.012175754367390157
2023-08-18,1845,1869,1835,1850,181494,-0.008574490889603381
2023-08-21,1852,1906,1852,1870,172288,0.0108108108108107
2023-08-22,1870,1960,1866,1930,488293,0.03208556149732611
2023-08-23,1961,1961,1890,1897,183126,-0.01709844559585494
2023-08-24,1897,1916,1883,1900,127770,0.001581444385872377
2023-08-25,1900,1958,1898,1920,350522,0.010526315789473717
2023-08-28,1922,1961,1921,1936,139460,0.008333333333333304
2023-08-29,1930,1968,1927,1949,254372,0.0067148760330577595
2023-08-30,1949,1964,1920,1957,187194,0.004104669061056887
2023-08-31,1957,1980,1919,1934,191942,-0.011752682677567683
2023-09-01,1934,1963,1912,1912,242426,-0.011375387797311287
2023-09-04,1912,1916,1895,1900,109280,-0.006276150627615107
2023-09-05,1900,1914,1885,1895,152332,-0.0026315789473684292
2023-09-06,1898,1910,1890,1900,136837,0.0026385224274405594
2023-09-07,1900,1900,1874,1877,212154,-0.01210526315789473
2023-09-08,1935,1970,1895,1899,597379,0.01172083111347888
2023-09-11,1899,1900,1871,1886,92814,-0.006845708267509187
2023-09-12,1886,1916,1879,1879,216265,-0.003711558854718966
2023-09-13,1860,1905,1860,1871,154098,-0.004257583821181465
2023-09-14,1871,1879,1860,1870,116128,-0.0005344735435596215
2023-09-15,1870,1890,1870,1881,127884,0.00588235294117645
2023-09-18,1875,1900,1863,1863,120047,-0.009569377990430672
2023-09-19,1856,1863,1841,1844,129143,-0.010198604401502998
2023-09-20,1832,1844,1826,1826,121352,-0.009761388286334105
2023-09-21,1820,1827,1783,1785,206500,-0.022453450164293565
2023-09-22,1765,1784,1750,1760,174267,-0.014005602240896309
2023-09-25,1750,1780,1727,1727,140412,-0.018750000000000044
2023-09-26,1723,1735,1625,1683,199469,-0.02547770700636942
2023-09-27,1655,1742,1655,1740,142265,0.033868092691622165
2023-10-04,1706,1745,1648,1655,176186,-0.048850574712643646
2023-10-05,1655,1696,1628,1634,149793,-0.012688821752265822
2023-10-06,1601,1698,1601,1691,221092,0.03488372093023262
2023-10-10,1691,1779,1690,1761,550620,0.04139562389118856
2023-10-11,1700,1761,1700,1736,181059,-0.014196479273140272
2023-10-12,1736,1744,1726,1728,82877,-0.004608294930875556
2023-10-13,1706,1969,1706,1790,3922016,0.03587962962962954
2023-10-16,1796,1857,1780,1782,874751,-0.004469273743016755
2023-10-17,1782,1802,1768,1795,252895,0.00729517396184054
2023-10-18,1802,1850,1780,1785,268470,-0.005571030640668551
2023-10-19,1777,1804,1705,1705,223593,-0.0448179271708683
2023-10-20,1708,1740,1630,1656,232197,-0.028739002932551272
2023-10-23,1635,1692,1620,1670,184377,0.008454106280193274
2023-10-24,1654,1690,1606,1680,239779,0.0059880239520957446
2023-10-25,1681,1776,1681,1728,308060,0.02857142857142847
2023-10-26,1710,1725,1630,1649,190521,-0.04571759259259256
2023-10-27,1648,1662,1630,1637,102292,-0.0072771376591873604
2023-10-30,1637,1665,1622,1661,70788,0.014660965180207652
2023-10-31,1663,1680,1630,1638,99575,-0.013847080072245666
2023-11-01,1638,1682,1637,1660,150803,0.013431013431013383
2023-11-02,1673,1697,1664,1690,110350,0.01807228915662651
2023-11-03,1700,1713,1682,1704,117671,0.008284023668639007
2023-11-06,1706,1720,1694,1718,152289,0.008215962441314506
2023-11-07,1712,1724,1675,1694,119862,-0.01396973224679865
2023-11-08,1683,1766,1683,1747,343889,0.031286894923258535
2023-11-09,1742,1749,1696,1709,158925,-0.021751574127074957
2023-11-10,1701,1740,1680,1706,74592,-0.0017554125219426675
2023-11-13,1720,1751,1695,1716,134522,0.0058616647127784915
2023-11-14,1700,1744,1700,1726,92731,0.005827505827505908
2023-11-15,1721,1739,1721,1727,147302,0.0005793742757822518
2023-11-16,1727,1745,1718,1745,106696,0.010422698320787571
2023-11-17,1735,1750,1720,1721,140454,-0.013753581661891112
2023-11-20,1705,1738,1703,1722,73767,0.0005810575246949501
2023-11-21,1711,1744,1711,1740,115364,0.010452961672473782
2023-11-22,1731,1748,1724,1748,170991,0.0045977011494253706
2023-11-23,1773,1795,1728,1743,246039,-0.0028604118993135197
2023-11-24,1742,1750,1728,1731,59568,-0.0068846815834767705
2023-11-27,1729,1736,1716,1733,90374,0.0011554015020218689
2023-11-28,1714,1740,1714,1723,127514,-0.0057703404500865085
2023-11-29,1723,1723,1701,1704,125510,-0.011027278003482244
2023-11-30,1706,1706,1689,1704,124260,0.0
2023-12-01,1704,1711,1694,1699,65092,-0.002934272300469498
2023-12-04,1701,1709,1692,1704,139102,0.00294290759270166
2023-12-05,1698,1704,1691,1691,83419,-0.007629107981220629
2023-12-06,1680,1785,1680,1706,485726,0.008870490833826183
2023-12-07,1706,1728,1698,1700,99438,-0.003516998827667095
2023-12-08,1701,1722,1698,1703,184261,0.0017647058823528905
2023-12-11,1703,1721,1703,1710,100476,0.004110393423370606
2023-12-12,1705,1719,1705,1715,78962,0.0029239766081872176
2023-12-13,1713,1713,1695,1704,105683,-0.00641399416909616
2023-12-14,1700,1715,1697,1710,133253,0.0035211267605634866
2023-12-15,1715,1716,1700,1705,89218,-0.0029239766081871066
2023-12-18,1705,1715,1699,1715,85217,0.0058651026392961825
2023-12-19,1701,1717,1701,1713,104311,-0.0011661807580174433
2023-12-20,1713,1735,1710,1723,169959,0.005837711617046049
2023-12-21,1739,1739,1710,1712,97847,-0.006384213580963416
2023-12-22,1711,1723,1702,1710,123567,-0.001168224299065379
2023-12-26,1713,1732,1711,1720,83073,0.005847953216374213
2023-12-27,1711,1720,1697,1700,110016,-0.011627906976744207
2023-12-28,1696,1710,1692,1705,53183,0.002941176470588225
2024-01-02,1713,1713,1690,1707,119315,0.001173020527859281
2024-01-03,1701,1706,1692,1699,181461,-0.004686584651435233
2024-01-04,1686,1742,1686,1715,339181,0.009417304296645002
2024-01-05,1715,1715,1700,1705,101452,-0.005830903790087438
2024-01-08,1707,1710,1698,1701,133776,-0.002346041055718451
2024-01-09,1703,1706,1696,1700,125148,-0.0005878894767783471
2024-01-10,1700,1709,1685,1687,189149,-0.007647058823529451
2024-01-11,1680,1696,1680,1686,112893,-0.0005927682276229973
2024-01-12,1694,1709,1680,1682,252349,-0.0023724792408066353
2024-01-15,1694,1738,1684,1720,507914,0.022592152199762294
2024-01-16,1703,1720,1686,1686,268345,-0.019767441860465085
2024-01-17,1686,1731,1647,1709,1580426,0.013641755634638209
2024-01-18,1865,1968,1725,1731,10727994,0.012873025160912821
2024-01-19,1720,1777,1712,1743,1000982,0.006932409012131657
2024-01-22,1740,1740,1690,1690,737954,-0.03040734366035569
2024-01-23,1689,1711,1661,1677,348933,-0.007692307692307665
2024-01-24,1677,1691,1671,1675,253825,-0.0011926058437686793
2024-01-25,1685,1685,1652,1659,293928,-0.009552238805970115
2024-01-26,1659,1668,1650,1662,133777,0.001808318264014508
2024-01-29,1664,1680,1664,1669,155324,0.004211793020457266
2024-01-30,1660,1675,1658,1669,100386,0.0
2024-01-31,1656,1683,1653,1657,198580,-0.0071899340922708666
2024-02-01,1640,1656,1638,1646,207639,-0.006638503319251643
2024-02-02,1645,1660,1641,1657,215967,0.006682867557715744
2024-02-05,1663,1692,1649,1669,157849,0.007242003621001913
2024-02-06,1669,1676,1658,1668,116879,-0.0005991611743558778
2024-02-07,1671,1675,1657,1672,110396,0.0023980815347721673
2024-02-08,1666,1675,1663,1670,72116,-0.0011961722488038617
2024-02-13,1670,1684,1669,1680,139875,0.0059880239520957446
2024-02-14,1681,1695,1676,1693,134925,0.007738095238095211
2024-02-15,1704,1704,1685,1696,84955,0.0017720023626697223
2024-02-16,1685,1695,1682,1688,116215,-0.004716981132075526
2024-02-19,1688,1700,1682,1697,74228,0.005331753554502328
2024-02-20,1698,1702,1682,1687,139634,-0.005892751915144379
2024-02-21,1694,1694,1678,1680,110554,-0.004149377593360981
2024-02-22,1675,1687,1674,1676,105426,-0.0023809523809523725
2024-02-23,1676,1683,1673,1676,115155,0.0
2024-02-26,1665,1677,1658,1659,152734,-0.010143198090692085
2024-02-27,1659,1662,1643,1647,161161,-0.007233273056057921
2024-02-28,1643,1655,1642,1650,58929,0.0018214936247722413
2024-02-29,1666,1668,1648,1649,69608,-0.00060606060606061
2024-03-04,1649,1653,1630,1638,155943,-0.006670709520921747
2024-03-05,1638,1641,1618,1620,122588,-0.01098901098901095
2024-03-06,1623,1625,1605,1613,100202,-0.004320987654320985
2024-03-07,1610,1613,1599,1603,156941,-0.0061996280223186595
2024-03-08,1603,1610,1600,1603,69525,0.0
2024-03-11,1603,1603,1597,1599,80050,-0.0024953212726138707
2024-03-12,1599,1607,1595,1597,73599,-0.001250781738586615
2024-03-13,1597,1620,1597,1620,140967,0.01440200375704448
2024-03-14,1620,1620,1608,1610,69275,-0.006172839506172867
2024-03-15,1610,1620,1607,1618,65963,0.00496894409937898
2024-03-18,1619,1622,1600,1612,55115,-0.003708281829419069
2024-03-19,1611,1625,1609,1619,74571,0.004342431761786614
2024-03-20,1619,1633,1618,1622,88446,0.0018529956763433386
2024-03-21,1623,1633,1622,1623,69409,0.0006165228113439447
2024-03-22,1620,1653,1619,1651,189731,0.017252002464571703
2024-03-25,1654,1723,1639,1702,1076086,0.030890369473046686
2024-03-26,1680,1680,1650,1671,336426,-0.01821386603995301
2024-03-27,1737,1876,1680,1693,4915986,0.013165769000598404
2024-03-28,1764,1851,1700,1725,4801262,0.01890135853514474
2024-03-29,1746,1766,1690,1711,795682,-0.008115942028985468
2024-04-01,1712,1739,1706,1724,376152,0.007597895967270674
2024-04-02,1749,1774,1714,1774,715611,0.029002320185614883
2024-04-03,1748,1762,1714,1714,482909,-0.03382187147688842
2024-04-04,1715,1731,1706,1723,167578,0.0052508751458575365
2024-04-05,1706,1740,1705,1715,212294,-0.004643064422518828
2024-04-08,1713,1724,1706,1707,145968,-0.004664723032069995
2024-04-09,1707,1711,1695,1701,132189,-0.0035149384885764245
2024-04-11,1675,1698,1675,1690,141893,-0.0064667842445620405
2024-04-12,1690,1699,1683,1690,137736,0.0
2024-04-15,1690,1733,1689,1726,386400,0.02130177514792897
2024-04-16,1713,1749,1711,1711,397474,-0.008690614136732333
2024-04-17,1700,1764,1700,1733,431267,0.012857977790765585
2024-04-18,1720,1741,1718,1735,181909,0.0011540680900172795
2024-04-19,1734,1787,1724,1730,863035,-0.0028818443804035088
2024-04-22,1717,1739,1714,1714,253258,-0.009248554913294793
2024-04-23,1707,1724,1690,1714,328650,0.0
2024-04-24,1713,1757,1706,1757,395491,0.025087514585764303
2024-04-25,1756,1765,1735,1759,195691,0.0011383039271486428
2024-04-26,1764,1764,1727,1728,228986,-0.017623649801023267
2024-04-29,1719,1736,1710,1731,189798,0.0017361111111111605
2024-04-30,1720,1745,1720,1739,180441,0.0046216060080879195
2024-05-02,1732,1743,1725,1733,231102,-0.0034502587694077436
2024-05-03,1727,1745,1727,1739,135542,0.0034622042700518385
2024-05-07,1744,1783,1740,1780,552180,0.02357676825761934
2024-05-08,1830,1846,1768,1769,1564370,-0.006179775280898858
2024-05-09,1770,1789,1750,1758,502527,-0.00621820237422277
2024-05-10,1822,1829,1776,1782,546603,0.013651877133105783
2024-05-13,1785,1814,1783,1802,336459,0.011223344556677839
2024-05-14,1801,1809,1792,1805,272994,0.0016648168701443034
2024-05-16,1802,1805,1771,1774,281354,-0.0171745152354571
2024-05-17,1756,1806,1756,1773,423936,-0.0005636978579481866
2024-05-20,1773,1778,1760,1760,301315,-0.007332205301748496
2024-05-21,1766,1770,1733,1741,317848,-0.010795454545454497
2024-05-22,1735,1744,1719,1734,203728,-0.004020677771395698
2024-05-23,1720,1731,1705,1705,230534,-0.016724336793540906
2024-05-24,1705,1722,1701,1706,163686,0.0005865102639295294
2024-05-27,1706,1717,1679,1689,262112,-0.009964830011723325
2024-05-28,1689,1703,1689,1691,91697,0.001184132622853662
2024-05-29,1695,1700,1671,1676,170794,-0.008870490833826183
2024-05-30,1676,1677,1642,1643,206585,-0.019689737470167112
2024-05-31,1621,1664,1621,1653,110409,0.0060864272671941055
2024-06-03,1653,1700,1647,1695,220807,0.025408348457350183
2024-06-04,1683,1695,1666,1672,182356,-0.013569321533923318
2024-06-05,1663,1680,1648,1669,82399,-0.0017942583732057926
2024-06-07,1672,1678,1656,1658,88511,-0.006590772917914878
2024-06-10,1658,1694,1658,1668,80238,0.006031363088057962
2024-06-11,1660,1677,1656,1659,130090,-0.0053956834532373765
2024-06-12,1655,1675,1654,1675,77614,0.009644364074743894
2024-06-13,1676,1680,1669,1671,60370,-0.002388059701492584
2024-06-14,1670,1696,1659,1685,193470,0.00837821663674454
2024-06-17,1690,1719,1690,1700,308455,0.008902077151335286
2024-06-18,1702,1702,1674,1695,182768,-0.002941176470588225
2024-06-19,1695,1695,1657,1658,193939,-0.021828908554572313
2024-06-20,1675,1675,1653,1655,76534,-0.001809408926417344
2024-06-21,1645,1664,1633,1633,121670,-0.013293051359516639
2024-06-24,1633,1669,1608,1609,165654,-0.014696876913655843
2024-06-25,1601,1630,1601,1626,131423,0.01056556867619629
2024-06-26,1627,1627,1611,1612,63662,-0.008610086100861003
2024-06-27,1606,1625,1599,1601,100517,-0.006823821339950409
2024-06-28,1600,1608,1598,1600,72696,-0.0006246096189881367
2024-07-01,1597,1606,1592,1597,112965,-0.00187499999999996
2024-07-02,1591,1597,1565,1576,234514,-0.01314965560425796
2024-07-03,1576,1576,1560,1563,127147,-0.008248730964466988
2024-07-04,1551,1577,1551,1558,85991,-0.0031989763275751537
2024-07-05,1558,1560,1532,1549,145389,-0.005776636713735517
2024-07-08,1548,1571,1548,1565,50570,0.010329244673983107
2024-07-09,1570,1570,1554,1564,52861,-0.0006389776357828003
2024-07-10,1564,1564,1548,1550,63840,-0.008951406649616356
2024-07-11,1556,1557,1549,1555,36523,0.003225806451612856
2024-07-12,1552,1568,1551,1568,53855,0.00836012861736335
2024-07-15,1574,1574,1560,1569,40162,0.0006377551020408934
2024-07-16,1562,1569,1560,1562,40433,-0.004461440407903083
2024-07-17,1562,1565,1553,1554,75344,-0.005121638924455829
2024-07-18,1551,1557,1545,1549,87448,-0.003217503217503248
2024-07-19,1543,1544,1534,1536,88566,-0.008392511297611316
2024-07-22,1525,1532,1515,1515,106572,-0.013671875
2024-07-23,1515,1522,1514,1514,48129,-0.0006600660066006236
2024-07-24,1504,1524,1503,1515,42190,0.0006605019815060231
2024-07-25,1502,1510,1481,1484,115573,-0.020462046204620443
2024-07-26,1470,1491,1470,1484,47651,0.0
2024-07-29,1478,1489,1476,1485,52524,0.0006738544474393926
2024-07-30,1476,1485,1462,1477,129509,-0.005387205387205385
2024-07-31,1472,1496,1472,1496,49567,0.012863913337846977
2024-08-01,1505,1512,1497,1503,26745,0.004679144385026701
2024-08-02,1477,1624,1477,1535,633728,0.021290751829673882
2024-08-05,1534,1535,1301,1356,525305,-0.11661237785016287
2024-08-06,1323,1450,1323,1386,171751,0.022123893805309658
2024-08-07,1385,1424,1385,1418,79040,0.023088023088023046
2024-08-08,1435,1435,1394,1421,83358,0.0021156558533146352
2024-08-09,1421,1480,1380,1435,88622,0.009852216748768461
2024-08-12,1425,1459,1425,1459,57730,0.01672473867595814
2024-08-13,1450,1480,1450,1470,64859,0.007539410555174708
2024-08-14,1492,1492,1471,1471,43358,0.0006802721088434716
2024-08-16,1471,1478,1464,1466,87559,-0.003399048266485405
2024-08-19,1481,1485,1468,1468,91156,0.0013642564802183177
2024-08-20,1455,1480,1455,1475,49509,0.004768392370572139
2024-08-21,1475,1475,1465,1473,44377,-0.0013559322033898091
2024-08-22,1475,1477,1459,1459,59972,-0.00950441276306857
2024-08-23,1456,1459,1400,1456,53427,-0.0020562028786840214
2024-08-26,1456,1462,1441,1450,49530,-0.004120879120879106
2024-08-27,1424,1450,1424,1429,77916,-0.014482758620689706
2024-08-28,1430,1440,1412,1419,66491,-0.0069979006298110935
2024-08-29,1410,1423,1407,1407,31660,-0.008456659619450302
2024-08-30,1402,1420,1402,1414,19082,0.004975124378109541
2024-09-02,1412,1427,1411,1414,28374,0.0
2024-09-03,1423,1423,1408,1413,33529,-0.0007072135785006761
2024-09-04,1357,1408,1357,1381,113961,-0.02264685067232841
2024-09-05,1374,1395,1365,1370,92747,-0.007965242577842147
2024-09-06,1365,1384,1344,1355,66700,-0.010948905109489093
2024-09-09,1301,1350,1298,1346,72431,-0.006642066420664228
2024-09-10,1338,1355,1338,1340,34496,-0.004457652303120341
2024-09-11,1338,1346,1338,1338,29281,-0.0014925373134327957
2024-09-12,1341,1367,1341,1354,33542,0.01195814648729443
2024-09-13,1354,1375,1354,1367,26858,0.009601181683899451
2024-09-19,1367,1398,1350,1373,119079,0.004389173372348232
2024-09-20,1370,1379,1370,1371,27518,-0.0014566642388929019
2024-09-23,1370,1386,1370,1385,37194,0.010211524434719177
2024-09-24,1382,1426,1382,1408,254532,0.016606498194945862
2024-09-25,1408,1437,1408,1420,115144,0.008522727272727293
2024-09-26,1420,1437,1419,1428,67148,0.005633802816901401
2024-09-27,1430,1508,1429,1454,812120,0.0182072829131652
2024-09-30,1455,1485,1419,1442,304748,-0.008253094910591452
2024-10-02,1456,1464,1433,1434,109495,-0.00554785020804438
2024-10-04,1410,1436,1402,1413,88993,-0.014644351464435101
2024-10-07,1425,1429,1413,1416,40984,0.002123142250530785
2024-10-08,1424,1424,1405,1408,35109,-0.005649717514124242
2024-10-10,1410,1417,1408,1411,27865,0.0021306818181818787
2024-10-11,1410,1419,1409,1411,35375,0.0
2024-10-14,1424,1424,1405,1409,40919,-0.0014174344436569397
2024-10-15,1414,1684,1414,1536,9238101,0.09013484740951028
2024-10-16,1512,1515,1453,1455,645906,-0.052734375
2024-10-17,1455,1462,1412,1413,351113,-0.028865979381443307
2024-10-18,1407,1428,1406,1410,168973,-0.002123142250530785
2024-10-21,1410,1424,1409,1415,95836,0.0035460992907800915
2024-10-22,1420,1435,1405,1405,183757,-0.007067137809187329
2024-10-23,1407,1416,1403,1416,69053,0.00782918149466183
2024-10-24,1428,1487,1418,1430,594434,0.009887005649717562
2024-10-25,1431,1450,1409,1437,246864,0.004895104895104918
2024-10-28,1420,1447,1420,1446,117863,0.006263048016701411
