Date,Open,High,Low,Close,Volume,Change
2022-01-03,13850,14100,13550,13950,54642,0.0072202166064982976
2022-01-04,14200,14500,13550,14500,87239,0.03942652329749108
2022-01-05,14800,14850,14400,14750,83717,0.01724137931034475
2022-01-06,14900,15150,14300,15000,65257,0.016949152542372836
2022-01-07,15300,15300,14700,15000,32245,0.0
2022-01-10,15000,15150,14600,14650,36054,-0.023333333333333317
2022-01-11,14600,14800,14050,14450,27907,-0.013651877133105783
2022-01-12,14450,14600,14350,14400,20167,-0.0034602076124568004
2022-01-13,14400,14500,14100,14400,31457,0.0
2022-01-14,14200,14450,14150,14350,24911,-0.00347222222222221
2022-01-17,14650,14650,13800,14050,21149,-0.020905923344947785
2022-01-18,14200,14300,13600,13600,25919,-0.03202846975088969
2022-01-19,13300,13850,13150,13350,24027,-0.018382352941176516
2022-01-20,13350,14250,13300,14150,49282,0.059925093632958726
2022-01-21,14150,14350,13950,14200,51402,0.0035335689045936647
2022-01-24,14200,14400,13500,13900,23103,-0.021126760563380254
2022-01-25,14000,14100,13450,13450,25666,-0.03237410071942448
2022-01-26,13200,13900,13200,13500,19601,0.0037174721189590088
2022-01-27,13500,13900,13350,13550,30223,0.0037037037037037646
2022-01-28,13600,14250,13450,14000,60057,0.03321033210332103
2022-02-03,14050,14400,14050,14100,22326,0.0071428571428571175
2022-02-04,14150,14800,14100,14750,42112,0.046099290780141855
2022-02-07,14700,15000,14500,14700,45729,-0.003389830508474523
2022-02-08,14550,15100,14400,14700,39350,0.0
2022-02-09,14700,15100,14700,15000,29980,0.020408163265306145
2022-02-10,15000,15200,14750,14900,20964,-0.00666666666666671
2022-02-11,14700,14900,14500,14850,19235,-0.003355704697986628
2022-02-14,14800,14850,14150,14650,33995,-0.013468013468013518
2022-02-15,14650,16100,14500,15100,455304,0.030716723549488067
2022-02-16,15400,16200,15250,16150,164776,0.06953642384105962
2022-02-17,16250,16800,15900,16500,134660,0.021671826625387025
2022-02-18,16250,16700,15900,16550,57166,0.003030303030302939
2022-02-21,16550,16800,16250,16450,41595,-0.0060422960725075026
2022-02-22,16050,16700,16050,16350,62186,-0.006079027355623046
2022-02-23,16350,17050,16350,16650,74385,0.0183486238532109
2022-02-24,16650,17350,16450,16700,159693,0.0030030030030030463
2022-02-25,16700,17400,16700,17350,84389,0.038922155688622784
2022-02-28,17500,17650,16900,17100,84206,-0.014409221902017322
2022-03-02,17050,17950,17000,17550,127372,0.026315789473684292
2022-03-03,18700,22400,18500,20500,1863806,0.16809116809116809
2022-03-04,20850,24550,20700,23400,1882875,0.14146341463414625
2022-03-07,23200,24200,22850,23500,516462,0.004273504273504258
2022-03-08,22800,23650,22500,22500,177999,-0.04255319148936165
2022-03-10,22900,23500,22900,23450,125567,0.04222222222222216
2022-03-11,23950,24750,23950,24400,187936,0.04051172707889128
2022-03-14,23800,26000,23500,25450,623981,0.04303278688524581
2022-03-15,25200,25500,23550,24050,318587,-0.05500982318271119
2022-03-16,24050,25900,23550,25600,276017,0.06444906444906451
2022-03-17,25600,29500,25500,29350,1091817,0.146484375
2022-03-18,28750,28750,26650,26700,430113,-0.09028960817717202
2022-03-21,27100,28100,26400,27450,196030,0.028089887640449396
2022-03-22,27250,27700,26250,27700,99871,0.00910746812386165
2022-03-23,27450,29950,27300,29800,195305,0.07581227436823101
2022-03-24,28550,30050,27300,28000,263753,-0.06040268456375841
2022-03-25,28000,29400,27600,28450,126447,0.016071428571428514
2022-03-28,28950,29400,27500,28650,107415,0.007029876977152849
2022-03-29,28700,28750,26750,26900,140380,-0.061082024432809745
2022-03-30,27050,28100,26400,27600,148069,0.026022304832713727
2022-03-31,27600,28900,26850,28400,117380,0.02898550724637672
2022-04-01,29000,31750,28400,30100,547245,0.059859154929577496
2022-04-04,29700,30150,28250,28900,200864,-0.039867109634551534
2022-04-05,28700,29250,27900,28350,90639,-0.01903114186851207
2022-04-06,28350,28650,27200,27500,128691,-0.029982363315696703
2022-04-07,27500,27500,26000,26600,143560,-0.032727272727272716
2022-04-08,26600,28000,26150,27450,101163,0.03195488721804507
2022-04-11,27450,28550,27150,27850,55817,0.014571948998178597
2022-04-12,27550,28850,27300,28800,99814,0.03411131059245953
2022-04-13,28750,29000,27900,27950,63935,-0.02951388888888884
2022-04-14,28200,28200,27600,28000,28602,0.0017889087656528524
2022-04-15,27950,28950,27750,28500,60363,0.017857142857142794
2022-04-18,28550,28950,27750,28450,87814,-0.0017543859649122862
2022-04-19,28650,30750,28500,30250,234962,0.06326889279437609
2022-04-20,30650,31250,29200,29700,146274,-0.018181818181818188
2022-04-21,29550,29700,28950,29050,71923,-0.02188552188552184
2022-04-22,28950,29400,28700,29350,47906,0.010327022375215211
2022-04-25,28800,29100,27050,27550,135534,-0.061328790459965976
2022-04-26,28050,28100,25650,26150,192426,-0.05081669691470059
2022-04-27,25600,25900,24900,25650,103236,-0.019120458891013437
2022-04-28,25900,27350,25900,26200,98926,0.021442495126705596
2022-04-29,27300,27300,25750,26550,53921,0.013358778625954137
2022-05-02,25650,26150,24900,25700,115103,-0.032015065913371
2022-05-03,25800,26000,25150,25850,117853,0.005836575875486361
2022-05-04,25700,26800,25700,26050,75919,0.007736943907156624
2022-05-06,25850,26350,25500,26350,32668,0.011516314779270731
2022-05-09,26400,26450,24800,24850,98457,-0.05692599620493355
2022-05-10,24450,24450,22800,23750,164878,-0.044265593561368166
2022-05-11,23500,24000,23250,23750,105408,0.0
2022-05-12,23300,24500,23000,23400,83707,-0.01473684210526316
2022-05-13,23350,24000,23350,24000,40093,0.02564102564102555
2022-05-16,24150,25350,23750,25350,101154,0.05624999999999991
2022-05-17,25100,25600,24650,25200,86392,-0.00591715976331364
2022-05-18,25200,25550,23950,24150,70671,-0.04166666666666663
2022-05-19,23700,24400,23050,24050,41586,-0.0041407867494823725
2022-05-20,23750,24400,23700,24200,47025,0.006237006237006293
2022-05-23,24300,26500,24100,26100,108502,0.07851239669421495
2022-05-24,26900,27100,25900,26250,99157,0.005747126436781658
2022-05-25,26900,26900,25800,26200,37712,-0.0019047619047618536
2022-05-26,26200,27100,25900,26650,49175,0.01717557251908386
2022-05-27,26700,27650,26450,27400,68058,0.02814258911819878
2022-05-30,27500,28200,27450,28200,81117,0.029197080291970767
2022-05-31,27700,27700,25600,26300,239511,-0.06737588652482274
2022-06-02,26500,26500,23900,24400,152777,-0.07224334600760451
2022-06-03,24550,24700,23750,24500,70579,0.004098360655737654
2022-06-07,24350,24500,23600,23700,41312,-0.03265306122448974
2022-06-08,23700,24000,23450,23750,24544,0.0021097046413502962
2022-06-09,23550,23900,22000,23350,49081,-0.01684210526315788
2022-06-10,22950,23250,22500,23100,44299,-0.010706638115631661
2022-06-13,22550,22550,20850,21550,105048,-0.0670995670995671
2022-06-14,20900,21450,19950,21100,147248,-0.02088167053364265
2022-06-15,20650,21250,19950,20100,55610,-0.04739336492891
2022-06-16,20600,21000,20100,20100,48440,0.0
2022-06-17,19400,20300,19000,20100,84204,0.0
2022-06-20,20300,20500,19300,20000,56379,-0.00497512437810943
2022-06-21,19800,20850,19600,20600,58567,0.030000000000000027
2022-06-22,20600,20800,18700,18750,126707,-0.0898058252427184
2022-06-23,18750,19200,17500,17700,124233,-0.05600000000000005
2022-06-24,17650,18550,17650,18300,58644,0.03389830508474567
2022-06-27,18450,19850,18350,19700,69910,0.07650273224043724
2022-06-28,19850,19900,19100,19400,26513,-0.015228426395939132
2022-06-29,18750,19150,18750,19100,29765,-0.015463917525773141
2022-06-30,19100,19200,18500,18900,28734,-0.010471204188481686
2022-07-01,18700,19900,18450,19900,52907,0.05291005291005302
2022-07-04,19900,20400,18300,18750,67512,-0.05778894472361806
2022-07-05,18800,19550,18750,19200,21338,0.02400000000000002
2022-07-06,19200,19200,18350,18850,26932,-0.01822916666666663
2022-07-07,18850,19200,18600,18900,23236,0.0026525198938991412
2022-07-08,18850,19300,18300,18700,49111,-0.010582010582010581
2022-07-11,18800,18800,18200,18450,25686,-0.013368983957219305
2022-07-12,18500,18500,17300,17700,38533,-0.04065040650406504
2022-07-13,17600,17850,17000,17700,42033,0.0
2022-07-14,17600,17700,17200,17450,29023,-0.01412429378531077
2022-07-15,17300,17550,16600,17100,56540,-0.02005730659025784
2022-07-18,17350,18000,17300,17900,21080,0.04678362573099415
2022-07-19,18200,18450,17850,17900,24955,0.0
2022-07-20,18450,18450,17900,18000,18451,0.005586592178770999
2022-07-21,18150,18350,18000,18250,13703,0.01388888888888884
2022-07-22,18250,18600,18000,18400,12703,0.008219178082191858
2022-07-25,18250,18300,17900,18300,18687,-0.005434782608695676
2022-07-26,18050,18600,18050,18350,15734,0.002732240437158362
2022-07-27,18250,18700,18050,18550,30877,0.01089918256130784
2022-07-28,18600,19400,18550,19300,42066,0.040431266846361114
2022-07-29,19250,19850,19100,19750,44220,0.023316062176165886
2022-08-01,19800,19850,19350,19350,30033,-0.020253164556962022
2022-08-02,19450,20150,19200,20000,46574,0.03359173126614978
2022-08-03,19900,20000,19650,19700,24187,-0.015000000000000013
2022-08-04,19700,21000,19700,21000,75695,0.06598984771573613
2022-08-05,21300,22050,21050,21900,145130,0.04285714285714293
2022-08-08,22400,22900,21650,22350,149978,0.020547945205479534
2022-08-09,22300,22300,21050,21300,89458,-0.046979865771812124
2022-08-10,21050,21600,20900,21300,45076,0.0
2022-08-11,21600,22200,21300,22200,48370,0.04225352112676051
2022-08-12,22000,22350,21700,22150,34231,-0.0022522522522522292
2022-08-16,22250,22400,21150,21350,62207,-0.036117381489842004
2022-08-17,21100,21300,20300,20400,60637,-0.04449648711943799
2022-08-18,20350,20550,19850,20300,28334,-0.004901960784313708
2022-08-19,20150,20900,20150,20400,26316,0.0049261083743843415
2022-08-22,20400,20400,19850,19950,22987,-0.022058823529411797
2022-08-23,19800,19900,19350,19650,34316,-0.015037593984962405
2022-08-24,19650,20100,19450,20050,13285,0.020356234096692072
2022-08-25,20300,20350,20000,20050,13458,0.0
2022-08-26,20300,20600,20000,20100,29470,0.0024937655860348684
2022-08-29,19850,21450,19650,21150,172485,0.052238805970149294
2022-08-30,21000,21050,19700,20000,181073,-0.05437352245862881
2022-08-31,19900,19950,19250,19550,66167,-0.022499999999999964
2022-09-01,19400,19550,18350,18550,71573,-0.051150895140664954
2022-09-02,18400,18850,18300,18450,36158,-0.005390835579514808
2022-09-05,18150,18950,17750,17800,68254,-0.035230352303523005
2022-09-06,18100,18350,17650,17850,46458,0.002808988764045006
2022-09-07,17900,17950,17150,17400,49292,-0.025210084033613467
2022-09-08,17550,17800,17350,17550,23037,0.008620689655172376
2022-09-13,17650,18100,17550,17750,26934,0.01139601139601143
2022-09-14,17050,18000,16900,17400,57407,-0.019718309859154903
2022-09-15,17600,17700,17300,17450,28043,0.002873563218390718
2022-09-16,17350,17700,17000,17000,32626,-0.025787965616045794
2022-09-19,16850,17100,15950,16300,68241,-0.04117647058823526
2022-09-20,16350,16500,16100,16450,26885,0.009202453987730008
2022-09-21,16150,16400,15750,15750,34679,-0.04255319148936165
2022-09-22,15750,15850,15000,15500,83691,-0.015873015873015928
2022-09-23,15200,15750,15100,15500,32580,0.0
2022-09-26,15150,15250,13900,14950,97441,-0.03548387096774197
2022-09-27,14800,14900,14150,14600,46707,-0.02341137123745818
2022-09-28,14600,14750,13450,13550,85191,-0.07191780821917804
2022-09-29,14000,14550,13850,14300,39585,0.05535055350553497
2022-09-30,14000,15250,13800,15250,66809,0.06643356643356646
2022-10-04,16250,17400,15550,16000,148160,0.049180327868852514
2022-10-05,16500,17150,16150,16550,183061,0.034375000000000044
2022-10-06,16350,17200,16250,16550,90586,0.0
2022-10-07,16350,16900,16350,16800,45853,0.015105740181268867
2022-10-11,16200,16750,16100,16150,50597,-0.038690476190476164
2022-10-12,16050,16300,15450,15500,59579,-0.04024767801857587
2022-10-13,15500,15650,14300,14750,71931,-0.048387096774193505
2022-10-14,14950,16050,14950,15800,63227,0.07118644067796609
2022-10-17,15200,16050,15050,15650,57077,-0.009493670886076
2022-10-18,15950,16100,15050,15350,59432,-0.019169329073482455
2022-10-19,15300,15350,14800,14850,37917,-0.032573289902280145
2022-10-20,14600,14950,14450,14450,41039,-0.026936026936026924
2022-10-21,14600,15000,14150,14850,35593,0.02768166089965396
2022-10-24,15000,15900,15000,15700,76916,0.05723905723905731
2022-10-25,15800,16000,15350,15450,23169,-0.015923566878980888
2022-10-26,15450,16300,15100,16050,54097,0.03883495145631066
2022-10-27,15900,16500,15850,16300,48095,0.015576323987538832
2022-10-28,16300,16450,16050,16300,22279,0.0
2022-10-31,16900,17100,16600,16750,99061,0.027607361963190247
2022-11-01,16800,18600,16800,18250,536316,0.08955223880597019
2022-11-02,18450,18500,17600,17600,212796,-0.03561643835616435
2022-11-03,17200,19200,17150,18950,226668,0.07670454545454541
2022-11-04,18950,19200,18350,18350,110450,-0.0316622691292876
2022-11-07,18150,18300,17200,17600,141681,-0.04087193460490468
2022-11-08,17700,17850,17450,17700,67010,0.005681818181818121
2022-11-09,17700,17850,17300,17400,60029,-0.016949152542372836
2022-11-10,17150,18700,17100,18200,270683,0.04597701149425282
2022-11-11,18800,19000,18250,18950,197001,0.041208791208791284
2022-11-14,18850,18900,18300,18350,70516,-0.0316622691292876
2022-11-15,18200,18850,18150,18550,63212,0.01089918256130784
2022-11-16,18500,18500,18000,18150,35682,-0.021563342318059342
2022-11-17,18600,19600,17800,17950,245709,-0.011019283746556474
2022-11-18,17900,18250,17450,18000,43654,0.0027855153203342198
2022-11-21,18000,18200,17250,17250,41794,-0.04166666666666663
2022-11-22,17250,18950,16950,18550,265402,0.07536231884057965
2022-11-23,18600,18750,17900,18500,114089,-0.0026954177897574594
2022-11-24,18800,18850,18200,18250,62517,-0.013513513513513487
2022-11-25,18450,19750,18200,19750,292799,0.08219178082191791
2022-11-28,20300,20850,19850,19900,383046,0.0075949367088608
2022-11-29,19800,20300,19650,20150,174193,0.012562814070351758
2022-11-30,21150,21700,20600,20900,666502,0.037220843672456594
2022-12-01,21350,21400,20750,20950,217331,0.0023923444976077235
2022-12-02,21000,21000,19750,19750,163631,-0.05727923627684961
2022-12-05,19800,20050,19400,20050,84894,0.0151898734177216
2022-12-06,19900,20150,19550,19950,42566,-0.004987531172069848
2022-12-07,19950,20050,19450,19700,42629,-0.01253132832080206
2022-12-08,19500,19650,18950,19000,60527,-0.035532994923857864
2022-12-09,19200,19250,18350,18600,64864,-0.021052631578947323
2022-12-12,18300,18450,17550,17750,93002,-0.045698924731182755
2022-12-13,17850,18050,17550,17700,39073,-0.0028169014084507005
2022-12-14,17750,18050,17600,17700,37752,0.0
2022-12-15,17600,17950,17150,17200,72093,-0.02824858757062143
2022-12-16,16900,17100,16700,16850,43158,-0.02034883720930236
2022-12-19,16850,17300,16750,17250,25553,0.023738872403560762
2022-12-20,17150,17450,16650,16650,40968,-0.034782608695652195
2022-12-21,16650,16950,16650,16950,19107,0.018018018018018056
2022-12-22,17250,17250,16700,16900,37377,-0.002949852507374673
2022-12-23,16600,16750,15850,15900,73096,-0.059171597633136064
2022-12-26,15800,16000,15600,15600,27571,-0.018867924528301883
2022-12-27,15600,16750,15600,16700,80346,0.07051282051282048
2022-12-28,16700,17000,15900,16700,86727,0.0
2022-12-29,16600,17100,16400,16700,74672,0.0
2023-01-02,16850,16850,16000,16400,30580,-0.017964071856287456
2023-01-03,16200,16350,15600,16050,48189,-0.021341463414634165
2023-01-04,15800,16550,15600,16500,39329,0.028037383177569986
2023-01-05,16600,17200,16250,17100,40170,0.036363636363636376
2023-01-06,17000,17300,16600,17100,36320,0.0
2023-01-09,17300,17300,17050,17150,18565,0.0029239766081872176
2023-01-10,17150,17200,16850,17100,16852,-0.002915451895043719
2023-01-11,17100,17300,16850,17000,29423,-0.005847953216374324
2023-01-12,17000,17150,16900,17050,30803,0.002941176470588225
2023-01-13,17150,17600,17100,17350,33633,0.017595307917888547
2023-01-16,17600,17600,16950,17200,34863,-0.008645533141210415
2023-01-17,17200,17250,16900,17000,22943,-0.011627906976744207
2023-01-18,17100,17100,16700,17000,21731,0.0
2023-01-19,16850,17200,16800,17000,13355,0.0
2023-01-20,17200,17550,16800,17500,34025,0.02941176470588225
2023-01-25,17500,17750,17340,17650,65306,0.008571428571428674
2023-01-26,17400,17800,17390,17650,37795,0.0
2023-01-27,17800,18080,17510,17740,33559,0.005099150141643083
2023-01-30,17900,17900,17100,17150,44965,-0.033258173618940234
2023-01-31,17150,17350,16950,17200,38550,0.00291545189504383
2023-02-01,17300,17390,17010,17150,28230,-0.0029069767441860517
2023-02-02,17150,17250,17000,17000,29023,-0.008746355685131157
2023-02-03,16980,17100,16810,16910,21049,-0.0052941176470587825
2023-02-06,16910,16990,16600,16750,18322,-0.009461856889414588
2023-02-07,16610,17150,16610,17150,16333,0.023880597014925398
2023-02-08,17300,17340,17050,17160,16137,0.0005830903790087216
2023-02-09,17280,17280,16980,16990,20358,-0.009906759906759932
2023-02-10,16900,17150,16830,16910,20437,-0.004708652148322501
2023-02-13,17000,17160,16700,17000,26779,0.0053222945002957545
2023-02-14,17030,17550,16960,17090,46853,0.0052941176470588935
2023-02-15,17120,17200,16540,16540,43121,-0.03218256290228205
2023-02-16,16580,17420,16580,17340,36579,0.048367593712212775
2023-02-17,17210,17530,17100,17240,16018,-0.005767012687427964
2023-02-20,17240,17270,17040,17270,8715,0.0017401392111369152
2023-02-21,17270,17900,17270,17570,43875,0.01737116386797921
2023-02-22,17400,17500,17190,17190,21666,-0.021627774615822437
2023-02-23,17340,17350,17010,17110,15084,-0.0046538685282140335
2023-02-24,17090,17120,16690,16700,33766,-0.02396259497369957
2023-02-27,16670,16790,16430,16640,16170,-0.003592814371257469
2023-02-28,16640,17000,16600,16690,27541,0.0030048076923077094
2023-03-02,17100,17110,16520,16680,51875,-0.0005991611743558778
2023-03-03,16680,16680,15980,16270,57647,-0.024580335731414826
2023-03-06,16270,16270,15860,15970,61860,-0.018438844499078066
2023-03-07,16060,16100,15700,15960,47409,-0.0006261740763932044
2023-03-08,16040,16040,15600,15600,36487,-0.022556390977443663
2023-03-09,15690,15700,15370,15370,34733,-0.014743589743589691
2023-03-10,15030,15200,14800,14850,36206,-0.033832140533506805
2023-03-13,14710,14710,14350,14460,36858,-0.02626262626262621
2023-03-14,14360,14460,13700,13700,55502,-0.052558782849239316
2023-03-15,13970,14420,13970,14320,28243,0.045255474452554845
2023-03-16,14200,14390,13720,13980,18647,-0.023743016759776525
2023-03-17,14000,14400,13910,14400,24637,0.030042918454935563
2023-03-20,14420,14490,13900,14020,16147,-0.026388888888888906
2023-03-21,14030,14280,13880,13930,19439,-0.006419400855920077
2023-03-22,14070,14070,13890,14000,12327,0.005025125628140614
2023-03-23,14060,14580,14050,14220,36943,0.01571428571428579
2023-03-24,14280,14390,14000,14040,901540,-0.012658227848101222
2023-03-27,14040,14100,13840,13870,24426,-0.012108262108262102
2023-03-28,13740,13920,13740,13810,18384,-0.004325883201153569
2023-03-29,13740,14270,13740,14190,20770,0.027516292541636567
2023-03-30,14260,14530,13810,14520,36446,0.023255813953488413
2023-03-31,14530,15000,14210,14370,29989,-0.010330578512396715
2023-04-03,14370,14830,14130,14800,32521,0.029923451635351483
2023-04-04,14950,14980,14590,14790,19164,-0.0006756756756757243
2023-04-05,14790,15180,14710,15090,31087,0.020283975659229236
2023-04-06,15070,15090,14710,14870,25081,-0.014579191517561263
2023-04-07,14870,15000,14550,14550,19592,-0.02151983860121054
2023-04-10,14530,14540,14100,14370,48278,-0.012371134020618513
2023-04-11,14350,15290,14130,15270,60525,0.06263048016701456
2023-04-12,15200,15490,14910,15380,28320,0.007203667321545426
2023-04-13,15320,15420,15100,15220,15098,-0.01040312093628093
2023-04-14,15240,15680,15240,15500,30649,0.018396846254927768
2023-04-17,15610,15630,15250,15440,21096,-0.003870967741935516
2023-04-18,15460,15600,15210,15340,19341,-0.006476683937823857
2023-04-19,15340,15860,15240,15590,110212,0.01629726205997395
2023-04-20,15590,15600,15290,15320,47940,-0.01731879409878123
2023-04-21,15320,15560,15130,15540,26291,0.01436031331592691
2023-04-24,15410,15530,15150,15200,12518,-0.02187902187902191
2023-04-25,15400,15400,14920,15100,27673,-0.006578947368421018
2023-04-26,14900,15200,14730,15100,19116,0.0
2023-04-27,15060,15190,14740,14960,7829,-0.009271523178807972
2023-04-28,14850,15130,14500,15110,19487,0.010026737967914423
2023-05-02,15110,15180,14970,15080,12498,-0.0019854401058901905
2023-05-03,14990,15100,14850,14850,10947,-0.01525198938992045
2023-05-04,14850,14890,14560,14870,6697,0.0013468013468014295
2023-05-08,14870,15370,14760,15290,13288,0.02824478816408882
2023-05-09,15400,15400,15150,15350,11068,0.003924133420536213
2023-05-10,15250,15600,15220,15290,16752,-0.003908794788273662
2023-05-11,15290,15480,15290,15330,9938,0.002616088947024142
2023-05-12,15300,15390,15110,15320,14176,-0.000652315720808927
2023-05-15,15480,15490,15130,15310,20810,-0.0006527415143603443
2023-05-16,15310,15470,14840,15310,25181,0.0
2023-05-17,15200,15490,14950,15290,17590,-0.0013063357282822041
2023-05-18,15290,15380,15190,15290,6418,0.0
2023-05-19,15370,15680,15240,15500,20241,0.01373446697187708
2023-05-22,15420,15930,15350,15760,25686,0.016774193548387162
2023-05-23,15890,16050,15590,15750,12864,-0.0006345177664974777
2023-05-24,15750,15920,15590,15870,12637,0.007619047619047636
2023-05-25,15870,15960,15700,15870,10590,0.0
2023-05-26,15760,15940,15620,15840,15779,-0.001890359168241984
2023-05-30,15770,15950,15700,15840,14096,0.0
2023-05-31,15720,15930,15650,15850,18644,0.0006313131313131493
2023-06-01,15780,15940,15410,15640,13587,-0.013249211356466839
2023-06-02,15730,15730,15520,15580,13973,-0.0038363171355498826
2023-06-05,15580,15700,15470,15540,11774,-0.0025673940949936247
2023-06-07,15380,15540,15320,15320,29017,-0.014157014157014203
2023-06-08,15320,15400,15100,15360,13605,0.0026109660574411553
2023-06-09,15290,15870,15200,15810,31632,0.029296875
2023-06-12,15970,15970,15610,15700,9756,-0.006957621758380772
2023-06-13,15600,15680,15370,15440,17126,-0.016560509554140124
2023-06-14,15360,15440,15000,15300,22641,-0.0090673575129534
2023-06-15,15240,15350,15030,15140,18422,-0.010457516339869244
2023-06-16,15140,15200,15060,15200,16663,0.003963011889035695
2023-06-19,15200,16410,15170,16280,190508,0.07105263157894748
2023-06-20,16470,16500,15950,15960,79187,-0.019656019656019708
2023-06-21,15980,16300,15770,15920,31080,-0.0025062656641604564
2023-06-22,15810,15910,15430,15480,23330,-0.027638190954773822
2023-06-23,15350,15440,14910,14960,56310,-0.03359173126614989
2023-06-26,14960,15370,14810,15200,13829,0.016042780748663166
2023-06-27,15200,15250,15020,15240,10687,0.002631578947368318
2023-06-28,15250,16100,15250,15600,81275,0.023622047244094446
2023-06-29,15620,15710,15320,15480,20324,-0.007692307692307665
2023-06-30,15480,15490,15220,15490,16771,0.0006459948320414188
2023-07-03,15580,15630,15220,15250,21401,-0.015493867010974771
2023-07-04,15300,15450,15160,15290,11938,0.0026229508196722318
2023-07-05,15350,15350,15000,15100,17792,-0.012426422498364897
2023-07-06,15020,15080,14610,14990,25348,-0.007284768211920478
2023-07-07,14850,14980,14580,14950,16351,-0.0026684456304202353
2023-07-10,14900,14900,14580,14860,11770,-0.006020066889632081
2023-07-11,14890,15060,14710,15000,8358,0.009421265141319024
2023-07-12,15050,15190,14900,15020,13136,0.0013333333333334085
2023-07-13,15020,15020,14860,15020,17212,0.0
2023-07-14,15150,15150,14720,14920,25495,-0.0066577896138482195
2023-07-17,14800,15440,14800,15180,27924,0.01742627345844494
2023-07-18,15750,15950,15230,15230,71199,0.0032938076416337836
2023-07-19,15230,15330,15020,15230,21358,0.0
2023-07-20,15150,15450,14910,15230,17814,0.0
2023-07-21,15220,15800,15220,15360,36571,0.008535784635587573
2023-07-24,15360,15450,15200,15360,20083,0.0
2023-07-25,15260,15570,15190,15400,32001,0.0026041666666667407
2023-07-26,15270,15390,14700,15090,59063,-0.02012987012987011
2023-07-27,15000,15780,15000,15670,44230,0.038436050364479835
2023-07-28,15600,16070,15600,15730,34333,0.0038289725590299195
2023-07-31,15730,15900,15650,15760,11755,0.0019071837253654689
2023-08-01,15700,15790,15430,15460,16165,-0.019035532994923887
2023-08-02,15560,15640,15210,15280,19386,-0.011642949547218673
2023-08-03,15230,15540,15090,15430,14095,0.00981675392670156
2023-08-04,15430,15900,15380,15830,25151,0.025923525599481634
2023-08-07,16000,16000,15600,15750,13247,-0.005053695514845247
2023-08-08,15750,15790,15470,15700,9763,-0.0031746031746031633
2023-08-09,15800,15800,15580,15740,20125,0.002547770700636942
2023-08-10,15740,15740,15620,15680,7433,-0.003811944091486663
2023-08-11,15750,15870,15600,15810,16706,0.008290816326530503
2023-08-14,15850,15890,15730,15820,12286,0.0006325110689437974
2023-08-16,16610,18680,16300,18260,636832,0.1542351453855879
2023-08-17,18370,18500,16910,17420,210985,-0.04600219058050381
2023-08-18,17370,17840,16980,17840,81340,0.024110218140068973
2023-08-21,17860,17860,17100,17320,61287,-0.029147982062780242
2023-08-22,17400,17400,16830,16860,66238,-0.026558891454965372
2023-08-23,16800,18290,16800,18290,152149,0.08481613285883749
2023-08-24,17910,18120,17630,18030,48998,-0.014215418261344981
2023-08-25,17800,18080,17610,17900,24049,-0.007210205213532994
2023-08-28,18100,18180,17650,18000,30394,0.005586592178770999
2023-08-29,17830,18350,17830,18170,34942,0.009444444444444366
2023-08-30,18290,18690,17960,18390,47753,0.012107870115575015
2023-08-31,18460,19000,18180,18490,83899,0.0054377379010330795
2023-09-01,18450,18510,17960,18240,51194,-0.013520822065981597
2023-09-04,18100,18390,17830,18270,34850,0.00164473684210531
2023-09-05,18090,18270,17660,17830,28034,-0.024083196496989645
2023-09-06,17800,18090,17680,17780,10556,-0.0028042624789680337
2023-09-07,17780,18090,17110,17300,26978,-0.02699662542182224
2023-09-08,17300,17470,17120,17190,8490,-0.0063583815028901425
2023-09-11,17220,17550,17190,17380,17148,0.01105293775450833
2023-09-12,17260,17350,16850,16880,23322,-0.028768699654775576
2023-09-13,17020,17640,16890,17540,35106,0.0390995260663507
2023-09-14,17660,17750,17390,17580,14381,0.0022805017103761926
2023-09-15,17320,17920,17320,17810,22293,0.013083048919226403
2023-09-18,17610,18090,17550,17850,18770,0.002245929253228418
2023-09-19,17860,18320,17860,18130,30313,0.015686274509803866
2023-09-20,18110,18300,17810,18130,20246,0.0
2023-09-21,17820,18130,16680,17550,29149,-0.031991174848317705
2023-09-22,17310,17600,17240,17430,13145,-0.006837606837606813
2023-09-25,17430,17490,16810,16810,18667,-0.035570854847963296
2023-09-26,16510,16950,16400,16400,22304,-0.024390243902439046
2023-09-27,16240,16560,16160,16340,18530,-0.003658536585365857
2023-10-04,16550,16550,15940,15990,18374,-0.02141982864137082
2023-10-05,15880,16290,15820,15820,19888,-0.010631644777986282
2023-10-06,15820,16180,15820,16160,9805,0.02149178255372952
2023-10-10,16520,16520,15650,15710,20306,-0.027846534653465316
2023-10-11,15610,15890,15600,15830,4749,0.007638446849140612
2023-10-12,15830,16160,15830,16030,7972,0.012634238787113006
2023-10-13,15900,16190,15560,15780,12996,-0.015595757953836609
2023-10-16,15750,15750,15310,15380,11171,-0.025348542458808576
2023-10-17,15320,15800,15310,15730,13849,0.022756827048114436
2023-10-18,15700,15900,15300,15440,13817,-0.018436109345200236
2023-10-19,15300,15400,14970,15000,18248,-0.02849740932642486
2023-10-20,14800,15170,14580,14830,20845,-0.011333333333333306
2023-10-23,14700,14980,14480,14770,14820,-0.004045853000674282
2023-10-24,14770,15260,14770,15030,12148,0.01760324983073791
2023-10-25,15190,16200,15100,15900,33465,0.05788423153692612
2023-10-26,15800,17200,15140,15300,29231,-0.037735849056603765
2023-10-27,15280,15500,15100,15310,11323,0.0006535947712418277
2023-10-30,15460,15460,15150,15380,3426,0.004572175048987548
2023-10-31,15310,15550,15090,15200,7114,-0.011703511053316018
2023-11-01,15280,15570,15200,15510,9588,0.020394736842105354
2023-11-02,15510,15650,15210,15450,10644,-0.003868471953578312
2023-11-03,15530,15920,15220,15450,10616,0.0
2023-11-06,15420,15760,15420,15570,10496,0.007766990291262044
2023-11-07,15950,15950,15410,15600,15759,0.0019267822736031004
2023-11-08,15920,15920,15600,15750,8154,0.009615384615384581
2023-11-09,15750,15890,15520,15800,8112,0.0031746031746031633
2023-11-10,15800,16160,15650,16120,24548,0.020253164556962133
2023-11-13,16120,16300,16040,16150,12357,0.0018610421836229296
2023-11-14,16140,16610,16140,16550,10466,0.024767801857585203
2023-11-15,17250,17830,16850,17690,102699,0.06888217522658602
2023-11-16,17850,17850,17170,17250,29124,-0.024872809496890858
2023-11-17,17240,17240,16650,17170,36047,-0.004637681159420315
2023-11-20,17050,17550,17050,17320,17429,0.00873616773442043
2023-11-21,17200,17470,17050,17340,15339,0.0011547344110853786
2023-11-22,17360,17360,17080,17110,13437,-0.013264129181084217
2023-11-23,17110,17350,16830,17090,18360,-0.0011689070718877703
2023-11-24,17100,17400,16840,17310,15175,0.012873025160912821
2023-11-27,17300,17300,16910,17240,11426,-0.004043905257076874
2023-11-28,17050,17300,16910,17030,13230,-0.012180974477958184
2023-11-29,17030,17200,16400,16700,18383,-0.019377568995889605
2023-11-30,16700,16860,16600,16820,4996,0.007185628742514938
2023-12-01,16820,16930,16600,16890,8812,0.004161712247324534
2023-12-04,16990,17120,16590,16610,9967,-0.0165778567199526
2023-12-05,16520,16680,16460,16510,4809,-0.006020469596628497
2023-12-06,16420,16650,16390,16650,14892,0.008479709267110946
2023-12-07,16730,16730,16170,16640,7352,-0.0006006006006006315
2023-12-08,16750,16750,16550,16690,11473,0.0030048076923077094
2023-12-11,16740,16930,16520,16690,15628,0.0
2023-12-12,16850,16850,16520,16590,13750,-0.005991611743559
2023-12-13,16920,16920,16040,16150,19740,-0.026522001205545487
2023-12-14,16150,16460,16150,16320,10223,0.010526315789473717
2023-12-15,16300,16550,16300,16530,11703,0.012867647058823595
2023-12-18,16560,16770,16530,16690,7576,0.009679370840895318
2023-12-19,16540,16680,16450,16450,10525,-0.014379868184541622
2023-12-20,16460,16700,16460,16580,14175,0.007902735562310026
2023-12-21,16570,16730,16500,16650,18922,0.0042219541616406175
2023-12-22,16600,16670,16460,16460,31980,-0.011411411411411443
2023-12-26,16450,16850,16250,16730,22298,0.01640340218712022
2023-12-27,16830,16830,16260,16720,31660,-0.000597728631201444
2023-12-28,16870,16870,16590,16690,15611,-0.0017942583732057926
2024-01-02,16690,16690,15810,16370,15117,-0.019173157579388866
2024-01-03,16400,16420,16100,16130,19720,-0.014660965180207652
2024-01-04,16140,16140,15900,16010,15928,-0.007439553626782391
2024-01-05,16010,16010,15070,15900,13009,-0.006870705808869504
2024-01-08,15770,16000,15760,15810,11693,-0.005660377358490565
2024-01-09,15850,15860,15640,15850,18434,0.0025300442757747454
2024-01-10,15850,16070,15760,16030,24386,0.011356466876971671
2024-01-11,16030,16230,16000,16170,15376,0.008733624454148492
2024-01-12,16170,16200,15980,16090,11823,-0.0049474335188620655
2024-01-15,16080,16150,15760,15850,13170,-0.014916096954630254
2024-01-16,15880,16070,15730,15770,22171,-0.0050473186119873725
2024-01-17,15990,15990,15480,15590,18396,-0.011414077362079889
2024-01-18,15600,15700,15430,15650,43151,0.0038486209108403724
2024-01-19,15560,16050,15560,15770,14497,0.007667731629392938
2024-01-22,15850,15900,15600,15840,12029,0.00443880786303108
2024-01-23,15840,16040,15710,15900,9306,0.0037878787878788955
2024-01-24,15900,16080,15730,15830,16346,-0.004402515723270439
2024-01-25,15820,15930,15700,15900,12354,0.004421983575489508
2024-01-26,15850,16040,15800,15970,9371,0.00440251572327055
2024-01-29,16010,16860,15970,16480,46538,0.03193487789605509
2024-01-30,16550,16550,16100,16160,23013,-0.01941747572815533
2024-01-31,16480,16480,16190,16270,9977,0.0068069306930693685
2024-02-01,16300,16890,16200,16730,26076,0.02827289489858642
2024-02-02,16730,16990,16570,16800,14286,0.004184100418409997
2024-02-05,17030,17660,16810,17350,67593,0.032738095238095344
2024-02-06,17350,17800,17310,17750,57467,0.023054755043227626
2024-02-07,17750,17930,17560,17770,26750,0.0011267605633802358
2024-02-08,17850,17900,17450,17690,23526,-0.0045019696117051256
2024-02-13,17750,17900,17440,17860,29459,0.009609949123798867
2024-02-14,17800,18080,17600,17980,19542,0.006718924972004547
2024-02-15,17870,18100,17470,17650,22615,-0.01835372636262511
2024-02-16,17600,17950,17500,17800,11483,0.008498583569405138
2024-02-19,17800,17940,17630,17800,10385,0.0
2024-02-20,17630,17850,17610,17650,8825,-0.008426966292134797
2024-02-21,17800,17800,17460,17670,11342,0.001133144475920611
2024-02-22,17520,17800,17470,17730,10581,0.00339558573853993
2024-02-23,17740,17900,17600,17780,12811,0.0028200789622110367
2024-02-26,17790,17850,16730,17630,16683,-0.00843644544431943
2024-02-27,17630,18470,17620,18400,73027,0.04367555303460002
2024-02-28,18250,18600,17850,17980,19031,-0.022826086956521774
2024-02-29,18250,18290,17810,18250,33034,0.015016685205784253
2024-03-04,21050,23700,20050,23700,1363101,0.29863013698630136
2024-03-05,23000,24600,22100,22450,368277,-0.052742616033755296
2024-03-06,22350,23800,21800,23300,191015,0.03786191536748329
2024-03-07,23000,27500,22850,24850,782925,0.0665236051502145
2024-03-08,24600,25350,24250,24900,110127,0.002012072434607548
2024-03-11,24650,24650,23150,23650,117896,-0.050200803212851364
2024-03-12,23350,23550,22000,22950,167754,-0.029598308668076112
2024-03-13,22800,25800,22650,24550,292539,0.06971677559912859
2024-03-14,24150,24950,23750,24400,79189,-0.006109979633401208
2024-03-15,24250,24600,22200,23600,96004,-0.032786885245901676
2024-03-18,23550,23550,22600,23000,53958,-0.025423728813559365
2024-03-19,22850,23450,22550,23000,51731,0.0
2024-03-20,22800,23300,22800,23100,26064,0.004347826086956497
2024-03-21,23000,24300,23000,23850,51719,0.032467532467532534
2024-03-22,24200,24300,22900,23050,33566,-0.033542976939203384
2024-03-25,23150,23600,22850,23500,24151,0.01952277657266821
2024-03-26,23500,24100,23250,23600,34379,0.004255319148936065
2024-03-27,23600,25100,23500,24500,84730,0.03813559322033888
2024-03-28,24250,25550,23900,24350,108773,-0.006122448979591799
2024-03-29,24250,24750,22750,24550,92398,0.008213552361396204
2024-04-01,24500,24500,22850,23450,121552,-0.044806517311609007
2024-04-02,23450,23700,22900,22900,64826,-0.023454157782516027
2024-04-03,22900,23000,22100,22500,29410,-0.017467248908296984
2024-04-04,22800,22800,21000,21550,103531,-0.04222222222222227
2024-04-05,21700,22050,21350,21950,33252,0.018561484918793614
2024-04-08,21750,21800,20900,21300,37446,-0.029612756264236872
2024-04-09,21300,21450,20100,20650,80146,-0.030516431924882625
2024-04-11,20650,20950,20400,20650,20835,0.0
2024-04-12,21000,21000,20500,20650,17389,0.0
2024-04-15,20700,21100,20150,20950,23394,0.014527845036319542
2024-04-16,20700,21000,20600,20850,20420,-0.004773269689737458
2024-04-17,20650,21000,19000,19010,104395,-0.08824940047961627
2024-04-18,19100,20150,19100,19890,48167,0.04629142556549182
2024-04-19,20000,20050,19140,19660,44836,-0.011563599798893875
2024-04-22,19780,20450,19410,20450,33052,0.04018311291963372
2024-04-23,20700,21250,20250,20650,28691,0.009779951100244544
2024-04-24,20500,20750,20100,20150,30711,-0.02421307506053272
2024-04-25,20350,21050,20050,20750,24590,0.02977667493796532
2024-04-26,20800,21050,20350,20500,21676,-0.012048192771084376
2024-04-29,20700,21450,20400,20550,40712,0.0024390243902439046
2024-04-30,20550,20550,19670,19670,45225,-0.042822384428223836
2024-05-02,19500,19720,19410,19570,23419,-0.005083884087442758
2024-05-03,19620,19730,19370,19580,20638,0.0005109862033725321
2024-05-07,19600,19700,19400,19590,10847,0.0005107252298264253
2024-05-08,19850,20750,19580,20600,29641,0.05155691679428287
2024-05-09,20550,20900,19990,19990,13802,-0.029611650485436902
2024-05-10,19850,20350,19750,19800,25012,-0.009504752376188086
2024-05-13,19800,20650,19610,20150,47929,0.017676767676767735
2024-05-14,20400,20400,18950,19860,29346,-0.014392059553349879
2024-05-16,20000,20550,19850,20500,30991,0.03222557905337364
2024-05-17,21300,21300,19750,20500,73619,0.0
2024-05-20,20250,20500,19860,19970,37319,-0.02585365853658539
2024-05-21,19980,21750,19870,21250,89443,0.06409614421632459
2024-05-22,21250,21750,20750,21250,38230,0.0
2024-05-23,21400,21850,20600,20900,35295,-0.016470588235294126
2024-05-24,20900,21200,20500,20700,13220,-0.009569377990430672
2024-05-27,20750,20800,19730,19800,53084,-0.04347826086956519
2024-05-28,19800,19900,19530,19570,29299,-0.011616161616161635
2024-05-29,19580,19700,19400,19400,14465,-0.008686765457332601
2024-05-30,19310,19400,19150,19250,18170,-0.0077319587628865705
2024-05-31,19250,19480,19150,19440,14570,0.009870129870129807
2024-06-03,19500,19700,19440,19600,16740,0.008230452674897082
2024-06-04,19650,19700,19270,19290,16750,-0.015816326530612268
2024-06-05,19390,19670,18810,19650,41264,0.018662519440124425
2024-06-07,19620,19940,19350,19780,18875,0.00661577608142494
2024-06-10,19910,20100,19430,19910,27609,0.0065722952477249574
2024-06-11,19930,20250,19590,19650,24973,-0.013058764439979886
2024-06-12,19650,19800,19400,19420,14863,-0.011704834605598013
2024-06-13,19430,19870,19310,19340,34386,-0.004119464469618972
2024-06-14,19350,19590,19230,19410,7487,0.003619441571871773
2024-06-17,19650,19650,19200,19230,11820,-0.009273570324574987
2024-06-18,19400,19470,19020,19400,17390,0.008840353614144592
2024-06-19,19400,19460,18920,19230,23134,-0.008762886597938113
2024-06-20,19100,19500,18960,19320,44571,0.004680187207488196
2024-06-21,19360,19360,18850,18850,37413,-0.02432712215320909
2024-06-24,18850,19090,18400,18470,25843,-0.020159151193633984
2024-06-25,18350,18610,18260,18480,20869,0.0005414185165133478
2024-06-26,18480,18610,18360,18380,13966,-0.005411255411255422
2024-06-27,18380,18380,18180,18240,8634,-0.007616974972796564
2024-06-28,18500,18500,18240,18320,6807,0.004385964912280604
2024-07-01,19000,19000,18320,18510,11147,0.010371179039301293
2024-07-02,18510,18660,18150,18150,11392,-0.01944894651539708
2024-07-03,18160,18280,17770,17950,20003,-0.011019283746556474
2024-07-04,18000,18340,17880,18300,12654,0.01949860724233976
2024-07-05,18300,19370,18300,19240,74254,0.051366120218579336
2024-07-08,19390,19440,19110,19200,26091,-0.0020790020790020236
2024-07-09,19190,19500,18860,19100,14401,-0.00520833333333337
2024-07-10,19300,19300,18820,19100,11688,0.0
2024-07-11,19100,19310,18510,18720,20653,-0.019895287958115238
2024-07-12,18900,19440,18670,18720,46971,0.0
2024-07-15,18940,19420,18760,19380,31902,0.03525641025641035
2024-07-16,19250,19850,19250,19780,41110,0.02063983488132104
2024-07-17,19900,20600,19620,20150,50756,0.018705763397371067
2024-07-18,20150,20250,19330,19850,34972,-0.01488833746898266
2024-07-19,19850,19890,19490,19510,15297,-0.017128463476070555
2024-07-22,19690,19700,19170,19380,18545,-0.0066632496155817345
2024-07-23,19380,19550,19040,19090,12654,-0.014963880288957676
2024-07-24,19270,19450,19060,19450,10638,0.0188580408590886
2024-07-25,19450,19820,19090,19090,47225,-0.018508997429305896
2024-07-26,19120,19900,19120,19650,18626,0.029334730225248906
2024-07-29,19980,19980,19450,19800,12395,0.007633587786259444
2024-07-30,19800,20100,19510,20050,20817,0.012626262626262541
2024-07-31,20050,21050,19800,21000,95232,0.04738154613466339
2024-08-01,21000,21550,20700,20950,56298,-0.0023809523809523725
2024-08-02,20700,20700,19260,19360,64477,-0.07589498806682582
2024-08-05,19260,19260,17060,17150,63274,-0.11415289256198347
2024-08-06,17300,18450,17150,18130,35338,0.05714285714285716
2024-08-07,18000,19070,18000,19070,26567,0.05184776613348041
2024-08-08,19070,19570,18870,19400,30997,0.017304667016255992
2024-08-09,19750,20200,19510,19950,25637,0.028350515463917425
2024-08-12,20000,20700,20000,20350,21556,0.020050125313283207
2024-08-13,20350,20600,19280,20550,21844,0.00982800982800991
2024-08-14,20900,20900,20000,20000,20969,-0.02676399026763987
2024-08-16,19900,19900,19090,19390,51321,-0.03049999999999997
2024-08-19,19400,19690,19170,19300,35804,-0.004641567818463144
2024-08-20,19400,20200,19350,20200,779212,0.04663212435233155
2024-08-21,20200,21900,19900,21650,118816,0.07178217821782185
2024-08-22,21900,21900,20550,20550,67237,-0.050808314087759765
2024-08-23,20100,21750,20100,21300,51398,0.03649635036496357
2024-08-26,21850,21950,21100,21700,50745,0.018779342723004744
2024-08-27,21700,21800,20900,21050,41989,-0.02995391705069128
2024-08-28,21000,21150,20200,20300,25139,-0.03562945368171022
2024-08-29,20500,20500,19810,20150,24752,-0.007389162561576401
2024-08-30,19950,20200,19360,19750,39766,-0.01985111662531014
2024-09-02,19800,20250,19400,20250,24053,0.025316455696202445
2024-09-03,20300,20300,19650,19800,22975,-0.022222222222222254
2024-09-04,19300,19600,18950,19000,29228,-0.04040404040404044
2024-09-05,18980,19300,18920,19000,24733,0.0
2024-09-06,18900,19170,18690,18900,21145,-0.0052631578947368585
2024-09-09,18550,19400,18550,19400,9388,0.02645502645502651
2024-09-10,19400,19400,18800,18800,15824,-0.030927835051546393
2024-09-11,18820,19730,18820,19450,21436,0.034574468085106336
2024-09-12,19350,22300,19350,21950,224030,0.1285347043701799
2024-09-13,21850,21900,20950,21150,52825,-0.036446469248291535
2024-09-19,21050,23250,20850,22600,153632,0.0685579196217494
2024-09-20,22700,23300,22450,22800,35574,0.008849557522123908
2024-09-23,23250,23850,22850,23800,68735,0.04385964912280693
2024-09-24,23950,24200,23350,24100,39058,0.012605042016806678
2024-09-25,24450,24500,23650,23950,26864,-0.006224066390041472
2024-09-26,23550,25900,23500,25600,79985,0.06889352818371597
2024-09-27,25900,26350,25350,26300,55975,0.02734375
2024-09-30,26650,28300,26550,27700,145941,0.05323193916349811
2024-10-02,27600,28000,26800,27850,45025,0.005415162454873723
2024-10-04,27600,28700,27600,28650,64224,0.02872531418312385
2024-10-07,28700,28950,26150,26500,104837,-0.07504363001745196
2024-10-08,26400,26950,25650,25700,43145,-0.030188679245283012
2024-10-10,25700,26200,25300,25500,33203,-0.0077821011673151474
2024-10-11,25400,25500,24600,25000,39189,-0.019607843137254943
2024-10-14,24950,25050,24350,24500,26120,-0.020000000000000018
2024-10-15,24600,25400,24600,25100,32205,0.02448979591836742
2024-10-16,25200,25600,25000,25250,30030,0.005976095617529875
2024-10-17,25050,25700,24500,25300,25387,0.001980198019801982
2024-10-18,25550,25550,23900,24400,26537,-0.035573122529644285
2024-10-21,24400,24700,23400,23600,35422,-0.032786885245901676
2024-10-22,23800,23800,22650,22900,40507,-0.029661016949152574
2024-10-23,23100,23650,22900,23650,17127,0.03275109170305668
2024-10-24,23650,23750,22300,22400,28977,-0.052854122621564525
2024-10-25,22500,22650,21500,22100,36749,-0.013392857142857095
2024-10-28,22400,22400,21500,21650,26374,-0.020361990950226283
2024-10-29,21650,21900,21250,21850,12290,0.009237875288683695
2024-10-30,21900,22000,21500,21600,8021,-0.011441647597253968
2024-10-31,21600,22000,21250,21600,12171,0.0
2024-11-01,21850,21850,20850,20900,17762,-0.03240740740740744
2024-11-04,21200,22050,21000,22000,12043,0.05263157894736836
2024-11-05,22000,22300,21750,22150,7584,0.006818181818181834
2024-11-06,22400,22400,21600,22200,10096,0.0022573363431150906
2024-11-07,22400,22400,21400,21600,6816,-0.027027027027026973
2024-11-08,21750,22300,21600,21750,6792,0.00694444444444442
2024-11-11,21800,22150,21150,21300,14874,-0.020689655172413834
2024-11-12,21650,21750,20900,21050,8727,-0.011737089201877882
2024-11-13,20850,21400,20000,20250,19846,-0.038004750593824244
2024-11-14,20050,20650,19850,20150,13562,-0.004938271604938316
2024-11-15,19900,20800,19600,20650,26934,0.02481389578163773
2024-11-18,20450,21050,20250,20750,10588,0.004842615012106588
2024-11-19,21250,21350,19820,19820,16996,-0.0448192771084337
2024-11-20,20000,20600,19950,20450,12839,0.031786074672048414
2024-11-21,20750,20750,19960,20100,8655,-0.017114914425427896
2024-11-22,20550,20650,20200,20200,6091,0.004975124378109541
2024-11-25,20250,20700,20250,20600,5767,0.01980198019801982
2024-11-26,20950,20950,20150,20800,10917,0.009708737864077666
2024-11-27,21000,21000,20350,20650,15668,-0.007211538461538436
2024-11-28,21600,21600,20500,20850,5869,0.009685230024213176
2024-11-29,20900,21200,20150,20350,12519,-0.023980815347721784
2024-12-02,20500,20650,20000,20650,12094,0.014742014742014753
2024-12-03,20200,21000,20200,20950,9556,0.014527845036319542
2024-12-04,20450,20800,20000,20100,22293,-0.04057279236276845
2024-12-05,20200,21250,19860,20750,36900,0.03233830845771135
2024-12-06,21050,21700,20100,20700,27536,-0.002409638554216831
2024-12-09,20700,20700,19360,19460,35360,-0.05990338164251208
2024-12-10,19970,20400,19550,20350,12708,0.04573484069886957
2024-12-11,20350,20950,20050,20900,19015,0.027027027027026973
2024-12-12,21200,21600,20900,21450,29652,0.026315789473684292
2024-12-13,21750,22100,21350,21850,20322,0.018648018648018683
2024-12-16,22200,22200,21550,21900,25454,0.0022883295194509046
2024-12-17,21600,21950,21100,21350,14491,-0.02511415525114158
2024-12-18,21350,22000,21250,21850,11089,0.023419203747072626
2024-12-19,21400,21600,21050,21350,7583,-0.022883295194508046
2024-12-20,21600,21700,20800,21200,452940,-0.007025761124121788
2024-12-23,21400,21450,21100,21100,4123,-0.004716981132075526
2024-12-24,21300,22100,20800,21750,18016,0.0308056872037914
2024-12-26,21700,21750,20900,21100,18430,-0.029885057471264354
2024-12-27,21100,21100,20550,21000,10043,-0.004739336492891044
2024-12-30,21000,21500,20800,21000,6279,0.0
2025-01-02,20700,21150,20200,20650,8550,-0.01666666666666672
2025-01-03,20550,21100,20550,20900,3353,0.012106537530266248
2025-01-06,21150,21150,20500,20700,9205,-0.009569377990430672
2025-01-07,20500,20700,20500,20650,2660,-0.0024154589371980784
2025-01-08,20450,20700,20200,20350,8933,-0.014527845036319653
2025-01-09,20200,20850,19850,20350,13897,0.0
2025-01-10,20350,20450,19900,19900,10756,-0.02211302211302213
2025-01-13,20450,20450,19980,20300,6771,0.0201005025125629
2025-01-14,20300,20450,20100,20400,5072,0.0049261083743843415
2025-01-15,20300,20550,19860,20100,7399,-0.014705882352941124
2025-01-16,20400,20400,20100,20350,3830,0.01243781094527363
2025-01-17,20150,20650,20050,20400,8236,0.002457002457002533
2025-01-20,20400,20700,20150,20350,3331,-0.002450980392156854
2025-01-21,20400,20500,20000,20000,8543,-0.017199017199017175
2025-01-22,19880,20500,19880,20000,8165,0.0
2025-01-23,20100,20250,19810,20050,10178,0.0024999999999999467
2025-01-24,20000,20350,19940,20100,5197,0.0024937655860348684
2025-01-31,20100,20250,19860,19960,9157,-0.006965174129353269
2025-02-03,19950,20000,19090,19200,14264,-0.038076152304609256
2025-02-04,19390,19450,18840,19010,22773,-0.009895833333333326
2025-02-05,19200,19210,18810,18970,19861,-0.002104155707522315
2025-02-06,19190,19440,18900,19270,12254,0.015814443858724214
2025-02-07,19500,20300,19270,20050,18624,0.04047742605085625
2025-02-10,20250,20950,20050,20750,17119,0.034912718204488824
2025-02-11,21000,21000,20150,20500,11773,-0.012048192771084376
2025-02-12,20800,20800,19890,19970,17092,-0.02585365853658539
2025-02-13,20350,20800,20050,20250,25299,0.014021031547321039
2025-02-14,20350,20800,20300,20600,12162,0.01728395061728394
2025-02-17,20800,20800,20300,20350,12543,-0.012135922330097082
2025-02-18,20350,20650,20200,20350,11190,0.0
2025-02-19,20600,20650,20250,20350,4787,0.0
2025-02-20,20350,20550,20250,20500,9618,0.0073710073710073765
2025-02-21,20500,20600,20200,20300,9612,-0.009756097560975618
2025-02-24,20200,20650,20150,20650,12287,0.01724137931034475
2025-02-25,20700,21000,20450,20500,10954,-0.007263922518159771
2025-02-26,20300,20750,20000,20500,11809,0.0
2025-02-27,20500,20700,20250,20450,8521,-0.0024390243902439046
2025-02-28,20450,20500,19980,20100,8972,-0.017114914425427896
2025-03-04,20300,20300,19930,20100,6760,0.0
2025-03-05,20250,20300,20050,20100,7440,0.0
2025-03-06,20300,20400,20000,20200,9797,0.004975124378109541
2025-03-07,20450,20600,20250,20400,9043,0.00990099009900991
2025-03-10,20450,20700,20200,20350,9533,-0.002450980392156854
2025-03-11,20200,20500,20050,20400,11133,0.002457002457002533
2025-03-12,20500,20800,19850,19900,15958,-0.02450980392156865
2025-03-13,19850,20250,19850,20000,8040,0.005025125628140614
2025-03-14,19870,20350,19870,20200,10711,0.010000000000000009
2025-03-17,20400,20400,20100,20150,6155,-0.0024752475247524774
2025-03-18,20250,20350,19980,20000,8647,-0.007444168734491274
2025-03-19,20100,20350,19840,20300,13601,0.014999999999999902
2025-03-20,20100,20350,20000,20150,9572,-0.007389162561576401
2025-03-21,20050,20250,19860,19980,9538,-0.008436724565756837
2025-03-24,20050,20100,19840,19910,7764,-0.00350350350350348
2025-03-25,19820,20150,19820,20000,9682,0.0045203415369161615
2025-03-26,20000,20250,19990,20000,7898,0.0
2025-03-27,20050,20750,20050,20750,20617,0.03750000000000009
2025-03-28,20700,20700,20050,20100,20185,-0.031325301204819245
2025-03-31,20100,20250,19490,19650,20143,-0.02238805970149249
2025-04-01,19700,19990,19680,19780,13212,0.00661577608142494
2025-04-02,19670,20000,19670,19750,9393,-0.0015166835187057082
2025-04-03,19850,19900,19410,19750,9215,0.0
2025-04-04,19750,19870,19530,19650,10296,-0.005063291139240533
2025-04-07,19650,19650,18890,18930,18890,-0.036641221374045796
2025-04-08,19210,19580,18940,19360,15246,0.022715266772319165
2025-04-09,19350,19510,19000,19220,11399,-0.00723140495867769
2025-04-10,19500,20150,19500,19800,18947,0.03017689906347565
2025-04-11,19850,20400,19650,20350,20205,0.02777777777777768
2025-04-14,20200,20400,19700,20200,15346,-0.0073710073710073765
2025-04-15,20250,20400,20150,20300,4921,0.004950495049504955
2025-04-16,20350,20350,19910,19930,9759,-0.018226600985221664
2025-04-17,19940,20250,19940,20150,11281,0.011038635223281412
2025-04-18,20150,20250,19920,20250,12636,0.00496277915632759
2025-04-21,20250,20350,20050,20150,5502,-0.004938271604938316
2025-04-22,20000,20250,20000,20050,9654,-0.00496277915632759
2025-04-23,20250,20500,20100,20450,8977,0.01995012468827939
2025-04-24,20400,20500,20200,20200,5900,-0.012224938875305624
2025-04-25,20250,21650,20250,21250,59680,0.051980198019802026
2025-04-28,21250,21600,20500,20500,19723,-0.03529411764705881
2025-04-29,20550,21100,20500,20900,7960,0.019512195121951237
2025-04-30,21200,21200,20650,21050,13160,0.0071770334928229484
2025-05-02,21000,21050,20550,20650,6299,-0.019002375296912066
2025-05-07,20550,20600,20200,20250,6443,-0.01937046004842613
2025-05-08,20600,20600,20250,20500,6237,0.012345679012345734
2025-05-09,20550,20700,19990,20700,16654,0.009756097560975618
2025-05-12,20700,22200,20450,22100,50976,0.06763285024154597
2025-05-13,22200,22250,21700,22150,23322,0.002262443438914019
2025-05-14,22150,22450,22000,22300,23981,0.006772009029345272
2025-05-15,22450,22450,21600,21600,19847,-0.03139013452914796
2025-05-16,21600,21850,20400,20800,33960,-0.03703703703703709
2025-05-19,20800,20800,20350,20500,13948,-0.014423076923076872
2025-05-20,20500,20850,20350,20600,6098,0.004878048780487809
2025-05-21,20800,20950,20500,20800,10114,0.009708737864077666
2025-05-22,20800,20800,20000,20000,15658,-0.038461538461538436
2025-05-23,20100,20900,20000,20500,7686,0.02499999999999991
2025-05-26,20500,20900,20050,20350,17785,-0.007317073170731714
2025-05-27,20350,20800,20000,20250,15588,-0.004914004914004955
2025-05-28,20250,20600,20250,20400,11497,0.007407407407407307
2025-05-29,20300,20650,20300,20500,48663,0.004901960784313708
2025-05-30,20550,21450,20500,21250,17034,0.03658536585365857
2025-06-02,21300,21800,21000,21300,17488,0.0023529411764706687
2025-06-04,21400,23750,21350,23500,89105,0.10328638497652576
2025-06-05,23200,23550,22850,23550,23681,0.0021276595744681437
2025-06-09,23550,24600,23250,23650,34681,0.00424628450106157
2025-06-10,23900,24150,23500,23900,30242,0.010570824524312794
2025-06-11,24400,24400,23550,23750,16019,-0.006276150627615107
2025-06-12,23750,23900,23050,23350,16455,-0.01684210526315788
2025-06-13,23200,23550,21800,22300,62868,-0.04496788008565311
2025-06-16,22300,22900,21650,22700,17911,0.017937219730941756
2025-06-17,22700,22900,22050,22600,17983,-0.004405286343612369
2025-06-18,22750,22850,22300,22500,20864,-0.004424778761061954
2025-06-19,22350,23050,22100,22500,12284,0.0
2025-06-20,22700,22700,22350,22500,7649,0.0
2025-06-23,22400,22600,21650,21900,25266,-0.026666666666666616
2025-06-24,22400,22700,22100,22600,13326,0.03196347031963476
2025-06-25,22750,23150,22450,22900,11993,0.01327433628318575
2025-06-26,23100,23200,21750,22200,21134,-0.03056768558951961
2025-06-27,22450,22450,21600,21650,10518,-0.024774774774774744
2025-06-30,21600,21900,21200,21300,14206,-0.0161662817551963
2025-07-01,21350,22250,21300,22050,15734,0.035211267605633756
2025-07-02,22200,22200,21300,21550,7934,-0.0226757369614512
2025-07-03,21800,22150,21450,22050,16332,0.023201856148491906
2025-07-04,22350,22400,21850,22200,21203,0.006802721088435382
2025-07-07,22200,22200,21700,21900,6970,-0.013513513513513487
2025-07-08,21900,22200,21650,22000,9274,0.004566210045662045
2025-07-09,22000,23200,21800,23200,24119,0.05454545454545445
2025-07-10,23200,23600,22750,23400,14895,0.008620689655172376
2025-07-11,23400,23500,22950,23000,10201,-0.017094017094017144
2025-07-14,22900,23050,22300,22500,15869,-0.021739130434782594
2025-07-15,22750,22750,21450,21800,44235,-0.03111111111111109
2025-07-16,22000,22000,21500,21800,16279,0.0
2025-07-17,21750,21950,21500,21950,8279,0.006880733944954143
2025-07-18,22000,22000,21300,21350,14432,-0.02733485193621865
2025-07-21,21400,21650,21250,21600,7956,0.011709601873536313
2025-07-22,21750,21750,20700,21500,19982,-0.00462962962962965
2025-07-23,21550,21850,20800,20900,13561,-0.027906976744186074
2025-07-24,20950,21100,20500,20800,17562,-0.004784688995215336
2025-07-25,20800,20950,20550,20700,6845,-0.004807692307692291
2025-07-28,20800,20950,20200,20250,10693,-0.021739130434782594
2025-07-29,20500,20800,20100,20800,7196,0.02716049382716057
2025-07-30,20800,21300,20650,21200,6184,0.019230769230769162
2025-07-31,21050,21300,20600,20850,15345,-0.01650943396226412
