Date,Open,High,Low,Close,Volume,Change
2022-01-03,2656,2692,2647,2693,261660,0.015843078083741968
2022-01-04,2701,2701,2650,2654,199978,-0.014481990345339812
2022-01-05,2654,2660,2561,2570,336350,-0.03165033911077619
2022-01-06,2548,2584,2530,2555,170692,-0.005836575875486361
2022-01-07,2575,2596,2554,2582,111265,0.010567514677103818
2022-01-10,2582,2593,2519,2519,207182,-0.024399690162664633
2022-01-11,2515,2542,2468,2498,181638,-0.00833664152441449
2022-01-12,2497,2556,2491,2537,157671,0.015612489991993606
2022-01-13,2549,2549,2498,2505,193075,-0.012613322822230932
2022-01-14,2462,2504,2438,2454,184543,-0.02035928143712573
2022-01-17,2442,2446,2392,2402,238490,-0.021189894050529734
2022-01-18,2391,2429,2355,2355,205449,-0.019567027477102372
2022-01-19,2348,2371,2320,2348,176921,-0.002972399150743099
2022-01-20,2323,2371,2320,2369,123218,0.008943781942078344
2022-01-21,2364,2402,2342,2379,107487,0.004221190375685913
2022-01-24,2333,2392,2302,2306,138227,-0.030685161832702867
2022-01-25,2294,2357,2189,2283,330397,-0.009973980919340875
2022-01-26,2446,2534,2283,2283,954851,0.0
2022-01-27,2309,2689,2139,2153,3551453,-0.05694261936049061
2022-01-28,2303,2799,2255,2799,5984923,0.300046446818393
2022-02-03,3498,3634,3430,3634,10198491,0.2983208288674526
2022-02-04,4150,4503,3620,3675,31672472,0.01128233351678598
2022-02-07,3750,4516,3750,3825,24101723,0.04081632653061229
2022-02-08,3872,4001,3213,3431,12929754,-0.10300653594771236
2022-02-09,3498,3505,3165,3196,3276676,-0.06849315068493156
2022-02-10,3158,3301,3060,3108,3490266,-0.027534418022528206
2022-02-11,3243,3267,2921,2962,2406498,-0.046975546975546956
2022-02-14,2961,2961,2703,2724,1565049,-0.0803511141120864
2022-02-15,2683,2721,2418,2558,1396070,-0.06093979441997066
2022-02-16,2672,2737,2560,2622,2456364,0.02501954652071925
2022-02-17,2717,2724,2452,2582,1373455,-0.015255530129671957
2022-02-18,2547,2567,2459,2476,877594,-0.041053446940356286
2022-02-21,2383,2740,2360,2591,2699205,0.046445880452342436
2022-02-22,2446,2561,2418,2446,1066949,-0.05596294866846774
2022-02-23,2503,3114,2500,2816,17484526,0.15126737530662315
2022-02-24,2853,2853,2605,2609,2971225,-0.07350852272727271
2022-02-25,2646,2710,2530,2534,1382845,-0.028746646224607098
2022-02-28,2557,2988,2448,2690,16211520,0.06156274664561967
2022-03-02,2744,2930,2706,2761,4759497,0.02639405204460976
2022-03-03,2788,2812,2696,2707,1759850,-0.019558131111915955
2022-03-04,2682,2716,2601,2615,804236,-0.033985962319911356
2022-03-07,2584,2608,2513,2537,663799,-0.029827915869980903
2022-03-08,2486,2500,2432,2446,635679,-0.035869136775719346
2022-03-10,2452,2499,2431,2459,471959,0.005314799672935466
2022-03-11,2472,2679,2458,2479,1311680,0.008133387555917082
2022-03-14,2468,2832,2397,2479,6142307,0.0
2022-03-15,2469,2605,2445,2493,1547348,0.005647438483259437
2022-03-16,2536,2645,2496,2530,1045419,0.014841556357801933
2022-03-17,2557,2676,2530,2564,1073042,0.013438735177865535
2022-03-18,2585,2585,2541,2541,378067,-0.008970358814352597
2022-03-21,2547,2547,2490,2514,437649,-0.010625737898465215
2022-03-22,2526,2618,2503,2588,971314,0.029435163086714455
2022-03-23,2547,2577,2540,2554,493783,-0.013137557959814528
2022-03-24,2503,2543,2499,2503,458042,-0.019968676585747858
2022-03-25,2503,2523,2465,2476,405815,-0.010787055533360013
2022-03-28,2265,2377,2208,2327,1017563,-0.06017770597738292
2022-03-29,2340,2350,2302,2313,474807,-0.00601633003867641
2022-03-30,2105,2126,2010,2072,5119714,-0.10419368785127536
2022-03-31,2091,2152,2064,2112,1759983,0.019305019305019266
2022-04-01,2112,2112,2068,2092,728355,-0.009469696969697017
2022-04-04,2092,2126,2089,2106,724635,0.006692160611854625
2022-04-05,2112,2115,2095,2112,634693,0.002849002849002913
2022-04-06,2105,2105,2078,2085,682135,-0.01278409090909094
2022-04-07,2068,2075,2024,2038,601095,-0.022541966426858462
2022-04-08,2038,2071,2027,2038,406778,0.0
2022-04-11,2043,2064,2020,2020,307792,-0.008832188420019649
2022-04-12,2020,2030,1962,1993,400405,-0.013366336633663378
2022-04-13,1993,2166,1972,2034,1401527,0.02057200200702458
2022-04-14,2044,2098,2027,2044,598148,0.004916420845624492
2022-04-15,2061,2061,2017,2041,278838,-0.0014677103718199191
2022-04-18,2041,2092,2028,2052,675629,0.005389514943655138
2022-04-19,2057,2064,2030,2041,305779,-0.005360623781676455
2022-04-20,2051,2051,2034,2041,267240,0.0
2022-04-21,2044,2091,2037,2044,290673,0.0014698677119058257
2022-04-22,2040,2047,2027,2044,312129,0.0
2022-04-25,2023,2030,1993,1993,462609,-0.02495107632093929
2022-04-26,2003,2030,1986,2007,323318,0.00702458605117906
2022-04-27,1969,1986,1932,1949,667234,-0.028898854010961594
2022-04-28,1959,1959,1935,1949,278470,0.0
2022-04-29,1953,2004,1953,1984,307223,0.017957927142124186
2022-05-02,1969,2027,1962,2024,313473,0.02016129032258074
2022-05-03,2027,2058,2027,2055,425774,0.015316205533596916
2022-05-04,2050,2054,2013,2017,305224,-0.018491484184914864
2022-05-06,2013,2013,1969,1973,246383,-0.02181457610312343
2022-05-09,1969,1973,1888,1912,360557,-0.03091738469336036
2022-05-10,1905,1905,1830,1895,225944,-0.008891213389121355
2022-05-11,1864,1939,1864,1912,139391,0.008970976253298124
2022-05-12,1881,1983,1833,1837,475789,-0.03922594142259417
2022-05-13,1836,1914,1836,1881,259125,0.0239520958083832
2022-05-16,1909,1990,1905,1943,473481,0.03296119085592775
2022-05-17,1952,1975,1904,1925,242281,-0.009264024704065843
2022-05-18,1935,1946,1891,1902,281514,-0.01194805194805193
2022-05-19,1868,1884,1830,1868,271392,-0.017875920084121977
2022-05-20,1868,1895,1868,1892,119384,0.012847965738758127
2022-05-23,1908,1949,1895,1919,178277,0.014270613107822516
2022-05-24,1931,1931,1864,1864,186681,-0.028660760812923347
2022-05-25,1864,1894,1857,1888,121494,0.012875536480686733
2022-05-26,1881,1938,1881,1898,193545,0.005296610169491567
2022-05-27,1908,1952,1888,1936,249138,0.02002107481559534
2022-05-30,1918,2000,1918,1997,424873,0.031508264462809965
2022-05-31,2000,2024,1952,1997,312782,0.0
2022-06-02,1990,2014,1960,2011,219399,0.0070105157736604085
2022-06-03,2017,2030,1996,2017,175470,0.002983590253605062
2022-06-07,2017,2017,1966,1980,187063,-0.01834407535944471
2022-06-08,1973,2011,1970,1984,102299,0.002020202020202033
2022-06-09,1983,2000,1946,1963,141351,-0.010584677419354871
2022-06-10,1956,1980,1939,1943,105089,-0.010188487009679115
2022-06-13,1959,1959,1837,1844,237798,-0.05095213587236236
2022-06-14,1772,1843,1751,1813,230923,-0.016811279826464243
2022-06-15,1813,1830,1684,1691,357362,-0.06729178157749582
2022-06-16,1725,1799,1698,1698,235427,0.004139562389118945
2022-06-17,1630,1834,1630,1729,916610,0.018256772673733712
2022-06-20,1704,1728,1599,1623,323356,-0.061307113938692925
2022-06-21,1623,1660,1596,1637,193847,0.008626001232285851
2022-06-22,1649,1958,1609,1694,7673531,0.03481979230299337
2022-06-23,1653,1690,1528,1528,934710,-0.09799291617473438
2022-06-24,1528,1617,1508,1617,353843,0.058246073298429346
2022-06-27,1633,1721,1592,1698,411158,0.05009276437847876
2022-06-28,1677,1710,1643,1677,143114,-0.012367491166077715
2022-06-29,1637,1708,1634,1685,186322,0.004770423375074495
2022-06-30,1704,1714,1664,1664,174000,-0.012462908011869445
2022-07-01,1660,1714,1585,1599,193588,-0.0390625
2022-07-04,1582,1636,1555,1589,111162,-0.0062539086929330745
2022-07-05,1595,1860,1595,1691,2520942,0.06419131529263677
2022-07-06,1680,1779,1667,1718,658650,0.01596688350088704
2022-07-07,1728,1772,1718,1749,327483,0.018044237485448145
2022-07-08,1762,1833,1762,1803,468972,0.030874785591766818
2022-07-11,1809,1888,1806,1888,648869,0.047143649473100346
2022-07-12,1942,2105,1823,1980,12276305,0.048728813559322015
2022-07-13,2011,2034,1916,1984,3717867,0.002020202020202033
2022-07-14,2047,2078,1983,1997,3260961,0.0065524193548387455
2022-07-15,2003,2085,1993,2031,2184986,0.01702553830746112
2022-07-18,2030,2037,1833,1973,1418424,-0.02855736090595762
2022-07-19,1970,2027,1925,1970,732119,-0.001520527116066872
2022-07-20,1999,1999,1932,1949,815624,-0.010659898477157315
2022-07-21,1945,1962,1881,1905,685014,-0.02257567983581321
2022-07-22,1901,1915,1857,1868,346869,-0.01942257217847765
2022-07-25,1850,1877,1826,1837,289784,-0.016595289079229136
2022-07-26,1833,1853,1796,1813,235478,-0.013064779531845372
2022-07-27,1800,1854,1800,1817,285368,0.0022062879205735353
2022-07-28,1827,1834,1776,1780,256051,-0.02036323610346724
2022-07-29,1789,1816,1745,1749,439025,-0.01741573033707866
2022-08-01,1749,1769,1739,1756,195470,0.004002287021154904
2022-08-02,1762,1762,1724,1735,158842,-0.011958997722095632
2022-08-03,1735,1745,1718,1729,170709,-0.0034582132564840995
2022-08-04,1731,1762,1728,1742,195730,0.007518796992481258
2022-08-05,1752,1810,1732,1780,486143,0.021814006888633664
2022-08-08,1779,1793,1749,1756,95253,-0.013483146067415741
2022-08-09,1756,1762,1742,1756,98707,0.0
2022-08-10,1759,1759,1728,1732,134247,-0.013667425968109326
2022-08-11,1721,1751,1721,1735,136423,0.0017321016166280678
2022-08-12,1731,1738,1724,1735,194693,0.0
2022-08-16,1746,1763,1732,1753,176749,0.01037463976945241
2022-08-17,1762,1762,1732,1739,109407,-0.00798630918425558
2022-08-18,1731,1731,1707,1718,168501,-0.012075905692926936
2022-08-19,1728,1728,1708,1708,96616,-0.005820721769499437
2022-08-22,1701,1701,1640,1644,215371,-0.0374707259953162
2022-08-23,1642,1663,1615,1626,101854,-0.010948905109489093
2022-08-24,1629,1663,1609,1626,69796,0.0
2022-08-25,1650,1671,1630,1661,113178,0.021525215252152563
2022-08-26,1677,1691,1654,1661,85721,0.0
2022-08-29,1595,1633,1582,1606,118794,-0.0331125827814569
2022-08-30,1592,1630,1592,1620,73804,0.008717310087173136
2022-08-31,1623,1629,1602,1623,58246,0.0018518518518517713
2022-09-01,1616,1616,1586,1586,149887,-0.022797288971041274
2022-09-02,1586,1603,1565,1576,127237,-0.006305170239596425
2022-09-05,1575,1599,1531,1535,181041,-0.02601522842639592
2022-09-06,1554,1574,1541,1558,91010,0.014983713355048778
2022-09-07,1544,1578,1493,1514,122118,-0.028241335044929428
2022-09-08,1517,1547,1507,1514,60645,0.0
2022-09-13,1538,1595,1538,1579,150814,0.042932628797886396
2022-09-14,1544,1582,1517,1572,72772,-0.004433185560481334
2022-09-15,1586,1589,1542,1549,47482,-0.014631043256997489
2022-09-16,1541,1545,1525,1525,42070,-0.015493867010974771
2022-09-19,1507,1524,1480,1487,124135,-0.024918032786885203
2022-09-20,1493,1510,1473,1487,126077,0.0
2022-09-21,1469,1524,1456,1463,110957,-0.01613987895090785
2022-09-22,1446,1446,1379,1413,267776,-0.03417634996582364
2022-09-23,1381,1459,1371,1375,169468,-0.02689313517338998
2022-09-26,1378,1385,1283,1297,290220,-0.05672727272727274
2022-09-27,1293,1337,1279,1307,160099,0.007710100231302919
2022-09-28,1307,1337,1249,1280,197505,-0.02065799540933433
2022-09-29,1283,1337,1283,1297,297900,0.013281249999999911
2022-09-30,1290,1320,1263,1304,153349,0.005397070161912154
2022-10-04,1317,1344,1304,1338,181237,0.0260736196319018
2022-10-05,1355,1358,1290,1311,201299,-0.020179372197309364
2022-10-06,1334,1361,1314,1345,149569,0.025934401220442327
2022-10-07,1340,1561,1340,1368,1097512,0.017100371747211796
2022-10-11,1351,1351,1280,1287,266104,-0.05921052631578949
2022-10-12,1263,1293,1246,1263,197035,-0.018648018648018683
2022-10-13,1256,1259,1133,1178,313409,-0.06730007917656378
2022-10-14,1188,1290,1188,1277,295796,0.08404074702886244
2022-10-17,1270,1287,1236,1277,75751,0.0
2022-10-18,1290,1330,1290,1314,84741,0.028974158183241894
2022-10-19,1327,1334,1294,1311,62407,-0.0022831050228310223
2022-10-20,1310,1313,1276,1280,81117,-0.023646071700991644
2022-10-21,1280,1300,1260,1267,115896,-0.010156249999999978
2022-10-24,1276,1303,1262,1273,120893,0.0047355958958168465
2022-10-25,1290,1303,1273,1280,128004,0.0054988216810683
2022-10-26,1279,1286,1248,1259,51413,-0.016406249999999956
2022-10-27,1256,1378,1256,1304,744900,0.03574265289912626
2022-10-28,1321,1321,1243,1267,130057,-0.02837423312883436
2022-10-31,1297,1297,1250,1250,99002,-0.013417521704814472
2022-11-01,1250,1260,1236,1250,99637,0.0
2022-11-02,1248,1269,1238,1259,151419,0.007200000000000095
2022-11-03,1243,1253,1229,1250,40912,-0.00714853057982523
2022-11-04,1249,1256,1208,1229,151283,-0.016800000000000037
2022-11-07,1239,1249,1232,1239,36919,0.008136696501220397
2022-11-08,1242,1273,1242,1270,139101,0.025020177562550483
2022-11-09,1269,1303,1269,1297,146091,0.021259842519685046
2022-11-10,1296,1303,1276,1300,49554,0.0023130300693909867
2022-11-11,1314,1327,1304,1304,175243,0.003076923076922977
2022-11-14,1310,1344,1300,1341,141471,0.02837423312883436
2022-11-15,1327,1388,1327,1375,215925,0.025354213273676374
2022-11-16,1381,1398,1344,1368,151243,-0.005090909090909146
2022-11-17,1354,1378,1344,1368,88943,0.0
2022-11-18,1367,1387,1343,1354,73172,-0.010233918128654929
2022-11-21,1347,1364,1324,1324,109886,-0.02215657311669128
2022-11-22,1316,1344,1300,1300,82402,-0.01812688821752262
2022-11-23,1303,1347,1303,1327,110377,0.020769230769230873
2022-11-24,1340,1340,1320,1327,80278,0.0
2022-11-25,1331,1334,1314,1318,131738,-0.0067822155237377
2022-11-28,1324,1324,1226,1291,115293,-0.020485584218512876
2022-11-29,1263,1327,1259,1314,52140,0.017815646785437567
2022-11-30,1313,1337,1293,1307,400730,-0.0053272450532724225
2022-12-01,1330,1351,1317,1324,234965,0.013006885998469775
2022-12-02,1330,1626,1290,1409,6520723,0.0641993957703928
2022-12-05,1426,1443,1392,1413,492409,0.002838892831795503
2022-12-06,1398,1412,1371,1392,177744,-0.014861995753715496
2022-12-07,1388,1392,1358,1392,140595,0.0
2022-12-08,1391,1391,1334,1334,260075,-0.04166666666666663
2022-12-09,1341,1399,1338,1389,199712,0.04122938530734643
2022-12-12,1459,1537,1337,1368,1188110,-0.015118790496760237
2022-12-13,1378,1507,1378,1457,2110865,0.06505847953216382
2022-12-14,1599,1891,1527,1830,31229536,0.25600549073438583
2022-12-15,1766,1847,1684,1766,10547456,-0.03497267759562839
2022-12-16,1962,2088,1765,1810,34366471,0.02491506228765572
2022-12-19,1833,2013,1786,1810,17894940,0.0
2022-12-20,1779,1806,1657,1698,2605708,-0.06187845303867401
2022-12-21,1700,1704,1643,1694,1985683,-0.002355712603062443
2022-12-22,1657,1680,1616,1647,2266234,-0.02774498229043687
2022-12-23,1705,1806,1582,1593,11015042,-0.032786885245901676
2022-12-26,1653,1810,1636,1732,9840227,0.08725674827369745
2022-12-27,1711,1718,1633,1640,2148185,-0.053117782909930744
2022-12-28,1643,1728,1613,1613,2669343,-0.016463414634146356
2022-12-29,1664,2014,1637,1821,36453729,0.12895226286422812
2023-01-02,1990,2364,1915,2364,52650696,0.2981878088962109
2023-01-03,2346,2380,2088,2143,21997277,-0.09348561759729268
2023-01-04,2109,2208,2017,2147,18305892,0.0018665422305179646
2023-01-05,2149,2197,2000,2041,11522421,-0.04937121564974378
2023-01-06,2023,2078,2000,2034,4560050,-0.003429691327780482
2023-01-09,2004,2017,1933,1984,5690235,-0.024582104228121904
2023-01-10,2023,2034,1881,1905,7772471,-0.03981854838709675
2023-01-11,1901,1938,1894,1908,2978720,0.0015748031496063408
2023-01-12,1915,1942,1837,1892,2963812,-0.008385744234800874
2023-01-13,1874,1888,1830,1834,2026394,-0.030655391120507414
2023-01-16,1813,1844,1779,1841,1585970,0.003816793893129722
2023-01-17,1803,1810,1643,1664,5586980,-0.09614340032590984
2023-01-18,1656,1660,1561,1589,4243077,-0.04507211538461542
2023-01-19,1589,1599,1545,1579,2064353,-0.006293266205160464
2023-01-20,1569,1643,1559,1576,2690165,-0.0018999366687777464
2023-01-25,1585,1588,1561,1572,1174470,-0.0025380710659898
2023-01-26,1555,1562,1525,1542,1618616,-0.01908396946564883
2023-01-27,1552,1579,1542,1576,883050,0.02204928664072625
2023-01-30,1572,1596,1552,1552,797306,-0.015228426395939132
2023-01-31,1545,1555,1514,1525,784297,-0.017396907216494895
2023-02-01,1549,1566,1518,1522,696465,-0.0019672131147541183
2023-02-02,1528,1551,1528,1545,605904,0.015111695137976389
2023-02-03,1542,1572,1542,1549,654803,0.0025889967637540146
2023-02-06,1549,1549,1521,1549,688960,0.0
2023-02-07,1545,1568,1538,1552,764142,0.0019367333763717909
2023-02-08,1561,1561,1538,1545,567013,-0.0045103092783504994
2023-02-09,1542,1549,1467,1522,1013160,-0.014886731391585806
2023-02-10,1511,1514,1456,1484,970178,-0.024967148488830526
2023-02-13,1473,1480,1453,1470,622606,-0.009433962264150941
2023-02-14,1469,1486,1459,1463,369767,-0.004761904761904745
2023-02-15,1460,1467,1406,1430,1222623,-0.022556390977443663
2023-02-16,1429,1453,1426,1433,450853,0.002097902097902171
2023-02-17,1423,1433,1406,1413,306765,-0.013956734124214942
2023-02-20,1405,1466,1402,1450,665950,0.026185421089879757
2023-02-21,1456,1480,1429,1433,307499,-0.01172413793103444
2023-02-22,1422,1422,1368,1389,579410,-0.03070481507327283
2023-02-23,1388,1398,1355,1368,424917,-0.015118790496760237
2023-02-24,1368,1385,1324,1342,805228,-0.01900584795321636
2023-02-27,1340,1345,1310,1338,296102,-0.0029806259314456574
2023-02-28,1335,1346,1329,1330,324655,-0.005979073243647215
2023-03-02,1337,1337,1299,1304,585472,-0.019548872180451093
2023-03-03,1302,1328,1302,1308,819942,0.0030674846625766694
2023-03-06,1311,1322,1259,1289,758264,-0.014525993883792054
2023-03-07,1288,1294,1269,1290,389789,0.0007757951900697613
2023-03-08,1283,1283,1261,1274,271328,-0.012403100775193798
2023-03-09,1273,1276,1248,1260,452899,-0.01098901098901095
2023-03-10,1253,1253,1228,1239,662000,-0.01666666666666672
2023-03-13,1237,1249,1202,1227,719386,-0.009685230024213065
2023-03-14,1190,1232,1165,1176,531518,-0.041564792176039145
2023-03-15,1188,1199,1178,1191,309129,0.012755102040816313
2023-03-16,1170,1190,1146,1168,434269,-0.01931150293870698
2023-03-17,1153,1206,1153,1192,366622,0.020547945205479534
2023-03-20,1192,1234,1188,1220,340369,0.02348993288590595
2023-03-21,1220,1232,1184,1189,232867,-0.025409836065573788
2023-03-22,1190,1197,1169,1185,260859,-0.003364171572750263
2023-03-23,1180,1187,1147,1147,422724,-0.03206751054852319
2023-03-24,1150,1169,1130,1167,279406,0.017436791630339954
2023-03-27,1171,1171,1134,1165,290921,-0.001713796058269046
2023-03-28,1168,1172,1159,1168,143392,0.0025751072961373023
2023-03-29,1197,1197,1151,1160,257535,-0.006849315068493178
2023-03-30,1165,1181,1156,1167,252051,0.0060344827586207295
2023-03-31,1175,1175,1158,1171,239903,0.003427592116538092
2023-04-03,1170,1174,1158,1167,341822,-0.0034158838599487318
2023-04-04,1198,1243,1169,1229,1079432,0.05312767780634098
2023-04-05,1228,1275,1214,1241,781098,0.009764035801464566
2023-04-06,1240,1259,1215,1215,438626,-0.020950846091861375
2023-04-07,1238,1238,1202,1215,168876,0.0
2023-04-10,1221,1225,1174,1179,383912,-0.029629629629629672
2023-04-11,1180,1197,1166,1195,282748,0.013570822731127974
2023-04-12,1193,1239,1190,1215,606423,0.01673640167364021
2023-04-13,1215,1238,1203,1236,316574,0.01728395061728394
2023-04-14,1238,1258,1222,1229,560970,-0.005663430420711935
2023-04-17,1235,1247,1218,1227,309551,-0.0016273393002440573
2023-04-18,1228,1235,1197,1227,492634,0.0
2023-04-19,1216,1222,1199,1214,401928,-0.010594947025264867
2023-04-20,1213,1213,1182,1188,400051,-0.021416803953871466
2023-04-21,1182,1198,1175,1182,243008,-0.005050505050505083
2023-04-24,1192,1198,1155,1155,319051,-0.022842639593908642
2023-04-25,1154,1160,1128,1145,430234,-0.008658008658008698
2023-04-26,1153,1163,1120,1144,247563,-0.0008733624454148048
2023-04-27,1144,1166,1120,1142,279430,-0.0017482517482517723
2023-04-28,1141,1154,1124,1133,184525,-0.007880910683012221
2023-05-02,1132,1157,1123,1156,156168,0.0203000882612534
2023-05-03,1155,1172,1150,1158,243123,0.0017301038062282892
2023-05-04,1167,1181,1133,1164,298318,0.005181347150259086
2023-05-08,1167,1198,1165,1172,292718,0.0068728522336769515
2023-05-09,1165,1194,1156,1161,145849,-0.009385665529010212
2023-05-10,1161,1170,1151,1154,104725,-0.006029285099052539
2023-05-11,1164,1171,1153,1158,164102,0.0034662045060658286
2023-05-12,1157,1168,1141,1163,256877,0.0043177892918826455
2023-05-15,1163,1163,1133,1143,209260,-0.017196904557179704
2023-05-16,1145,1153,1136,1141,136722,-0.0017497812773403787
2023-05-17,1141,1160,1136,1155,104297,0.012269938650306678
2023-05-18,1148,1177,1148,1170,263250,0.01298701298701288
2023-05-19,1170,1173,1163,1173,175701,0.002564102564102555
2023-05-22,1175,1195,1170,1190,175882,0.01449275362318847
2023-05-23,1190,1201,1182,1195,263277,0.004201680672268893
2023-05-24,1193,1213,1190,1191,317291,-0.0033472803347280866
2023-05-25,1204,1211,1167,1178,190161,-0.010915197313182246
2023-05-26,1175,1180,1167,1171,109580,-0.005942275042444822
2023-05-30,1181,1181,1166,1176,103559,0.004269854824936026
2023-05-31,1178,1178,1163,1168,109331,-0.006802721088435382
2023-06-01,1178,1178,1161,1170,129372,0.001712328767123239
2023-06-02,1169,1177,1169,1175,71280,0.004273504273504258
2023-06-05,1165,1175,1164,1172,87826,-0.002553191489361728
2023-06-07,1172,1195,1165,1168,217468,-0.0034129692832765013
2023-06-08,1176,1176,1152,1163,305228,-0.0042808219178082085
2023-06-09,1161,1181,1158,1166,138302,0.002579535683576939
2023-06-12,1167,1173,1157,1167,134923,0.0008576329331047017
2023-06-13,1166,1180,1161,1168,188223,0.0008568980291345785
2023-06-14,1167,1171,1150,1151,273097,-0.014554794520547976
2023-06-15,1150,1156,1125,1127,352600,-0.020851433536055564
2023-06-16,1127,1142,1123,1132,145852,0.004436557231588312
2023-06-19,1139,1147,1128,1139,83315,0.006183745583038913
2023-06-20,1136,1147,1135,1146,98120,0.006145741878841093
2023-06-21,1146,1152,1121,1123,245197,-0.02006980802792324
2023-06-22,1121,1131,1108,1119,192035,-0.003561887800534236
2023-06-23,1118,1118,1093,1099,313366,-0.01787310098302053
2023-06-26,1094,1101,1058,1088,270738,-0.010009099181073733
2023-06-27,1078,1094,1075,1082,155754,-0.005514705882352922
2023-06-28,1082,1088,1081,1087,100103,0.004621072088724532
2023-06-29,1084,1089,1066,1073,138370,-0.01287948482060719
2023-06-30,1071,1084,1055,1065,119806,-0.00745573159366264
2023-07-03,1070,1106,1070,1100,202186,0.032863849765258246
2023-07-04,1107,1107,1088,1103,146002,0.0027272727272726893
2023-07-05,1126,1138,1090,1090,224455,-0.011786038077969185
2023-07-06,1086,1096,1059,1059,197501,-0.028440366972477094
2023-07-07,1055,1063,1029,1036,213692,-0.02171860245514634
2023-07-10,1022,1046,1022,1039,111606,0.0028957528957529455
2023-07-11,1040,1056,1021,1042,144641,0.002887391722810495
2023-07-12,1042,1054,1039,1052,132973,0.009596928982725572
2023-07-13,1062,1090,1053,1075,170765,0.02186311787072248
2023-07-14,1076,1091,1060,1091,326373,0.014883720930232602
2023-07-17,1118,1130,1074,1080,346165,-0.010082493125572856
2023-07-18,1076,1089,1054,1063,190968,-0.015740740740740722
2023-07-19,1066,1066,1041,1059,122441,-0.0037629350893697566
2023-07-20,1060,1092,1052,1084,324696,0.023607176581680767
2023-07-21,1092,1122,1078,1108,655085,0.022140221402213944
2023-07-24,1204,1204,1066,1073,1196053,-0.03158844765342961
2023-07-25,1073,1119,1022,1036,330947,-0.03448275862068961
2023-07-26,1052,1052,916,940,924890,-0.0926640926640927
2023-07-27,940,1033,940,1000,458569,0.06382978723404253
2023-07-28,984,1012,984,1006,122287,0.006000000000000005
2023-07-31,1009,1052,990,1014,111768,0.007952286282306265
2023-08-01,1021,1051,1021,1051,201393,0.036489151873767334
2023-08-02,1050,1050,1012,1016,161811,-0.033301617507136005
2023-08-03,1017,1094,999,1059,1214443,0.042322834645669216
2023-08-04,1074,1093,1038,1055,358162,-0.0037771482530689626
2023-08-07,1063,1068,1004,1052,250465,-0.0028436018957346265
2023-08-08,1040,1057,1014,1015,235464,-0.035171102661596954
2023-08-09,1015,1069,1015,1055,216663,0.039408866995073843
2023-08-10,1054,1116,1047,1101,1126716,0.04360189573459716
2023-08-11,1111,1111,1082,1091,290816,-0.009082652134423275
2023-08-14,1093,1098,1070,1082,217619,-0.008249312557286892
2023-08-16,1096,1098,1029,1046,229858,-0.03327171903881698
2023-08-17,1039,1039,1007,1028,144160,-0.017208413001912004
2023-08-18,1012,1024,1004,1021,117727,-0.006809338521400754
2023-08-21,1018,1030,1006,1011,103239,-0.009794319294809006
2023-08-22,1010,1013,1001,1008,75894,-0.0029673590504450953
2023-08-23,1011,1011,985,999,135088,-0.008928571428571397
2023-08-24,1006,1010,985,996,158851,-0.0030030030030030463
2023-08-25,995,1001,969,978,168353,-0.01807228915662651
2023-08-28,989,989,966,984,113399,0.006134969325153339
2023-08-29,988,1006,988,1006,106798,0.022357723577235866
2023-08-30,1009,1015,994,1001,123872,-0.00497017892644136
2023-08-31,1003,1009,992,1003,185072,0.0019980019980019303
2023-09-01,1023,1023,985,996,242060,-0.006979062811565351
2023-09-04,997,1003,978,989,131519,-0.007028112449799173
2023-09-05,990,990,969,976,193456,-0.013144590495449915
2023-09-06,980,980,966,973,61366,-0.0030737704918032405
2023-09-07,968,975,955,966,198977,-0.007194244604316502
2023-09-08,964,966,909,952,202345,-0.01449275362318836
2023-09-11,953,981,953,970,115609,0.018907563025210017
2023-09-12,971,981,954,954,165645,-0.016494845360824795
2023-09-13,976,976,945,952,101301,-0.002096436058700246
2023-09-14,951,961,950,957,53416,0.005252100840336116
2023-09-15,958,970,953,966,92068,0.00940438871473348
2023-09-18,966,970,961,966,38813,0.0
2023-09-19,966,966,942,947,152393,-0.019668737060041352
2023-09-20,944,955,927,932,138387,-0.015839493136219684
2023-09-21,933,933,916,922,173005,-0.010729613733905574
2023-09-22,922,924,902,913,157796,-0.009761388286334105
2023-09-25,913,924,882,903,240860,-0.010952902519167584
2023-09-26,902,915,854,861,275030,-0.046511627906976716
2023-09-27,861,874,848,874,67873,0.015098722415795685
2023-10-04,873,875,827,848,153882,-0.029748283752860427
2023-10-05,849,866,833,848,158662,0.0
2023-10-06,848,869,808,851,184258,0.0035377358490567
2023-10-10,858,862,816,844,76819,-0.008225616921269108
2023-10-11,842,862,841,856,50675,0.014218009478673022
2023-10-12,856,864,841,864,255451,0.009345794392523255
2023-10-13,875,879,847,852,91258,-0.01388888888888884
2023-10-16,851,853,818,842,121858,-0.011737089201877882
2023-10-17,839,862,833,856,236448,0.016627078384798155
2023-10-18,855,855,839,843,62804,-0.015186915887850483
2023-10-19,843,843,804,828,210761,-0.017793594306049876
2023-10-20,809,822,786,797,169259,-0.037439613526570104
2023-10-23,797,805,788,797,63744,0.0
2023-10-24,797,814,780,814,184459,0.02132998745294845
2023-10-25,814,828,811,824,88117,0.01228501228501222
2023-10-26,818,818,770,783,87327,-0.04975728155339809
2023-10-27,782,799,773,785,86814,0.0025542784163474774
2023-10-30,784,795,782,793,35478,0.010191082802547768
2023-10-31,801,1032,801,1032,31387299,0.3013871374527113
2023-11-01,1124,1248,1032,1135,106492477,0.09980620155038755
2023-11-02,1177,1242,1112,1142,37369039,0.006167400881057272
2023-11-03,1260,1279,1089,1094,21864848,-0.042031523642731994
2023-11-06,1142,1188,1104,1125,14527035,0.02833638025594154
2023-11-07,1143,1460,1140,1460,85373516,0.2977777777777777
2023-11-08,1497,1708,1456,1501,63670989,0.02808219178082183
2023-11-09,1494,1568,1317,1348,16742570,-0.10193204530313127
2023-11-10,1371,1616,1324,1382,42481720,0.02522255192878342
2023-11-13,1357,1381,1255,1259,8041631,-0.08900144717800285
2023-11-14,1256,1310,1226,1277,8196768,0.01429706115965046
2023-11-15,1269,1318,1234,1295,5129146,0.014095536413469167
2023-11-16,1282,1301,1243,1291,2678683,-0.003088803088803105
2023-11-17,1308,1480,1293,1298,28286975,0.005422153369480931
2023-11-20,1269,1269,1185,1230,4936921,-0.05238828967642528
2023-11-21,1228,1235,1182,1224,2790273,-0.004878048780487809
2023-11-22,1252,1295,1172,1181,5009527,-0.03513071895424835
2023-11-23,1180,1190,1147,1150,2419839,-0.026248941574936513
2023-11-24,1149,1149,1092,1095,2531809,-0.047826086956521685
2023-11-27,1099,1107,1052,1059,2056400,-0.0328767123287671
2023-11-28,1058,1105,1058,1082,1825129,0.02171860245514634
2023-11-29,1081,1081,1010,1025,1728035,-0.05268022181146026
2023-11-30,1037,1037,1010,1028,997600,0.0029268292682926855
2023-12-01,1031,1045,1015,1019,1126664,-0.008754863813229541
2023-12-04,1017,1018,981,992,1303595,-0.026496565260058835
2023-12-05,991,1289,967,1289,47157305,0.2993951612903225
2023-12-06,1453,1589,1358,1406,52257861,0.09076803723816917
2023-12-07,1395,1605,1375,1392,36241192,-0.009957325746799417
2023-12-08,1562,1589,1392,1450,24066755,0.04166666666666674
2023-12-11,1433,1446,1328,1340,6973446,-0.07586206896551728
2023-12-12,1331,1388,1288,1351,5840082,0.008208955223880654
2023-12-13,1292,1314,1242,1242,4365217,-0.0806809770540341
2023-12-14,1221,1256,1203,1218,2935351,-0.019323671497584516
2023-12-15,1216,1218,1161,1208,2473243,-0.008210180623973717
2023-12-18,1195,1207,1167,1173,1814568,-0.028973509933774788
2023-12-19,1162,1207,1152,1186,2110697,0.011082693947144007
2023-12-20,1181,1230,1164,1165,1877894,-0.01770657672849918
2023-12-21,1161,1161,1109,1123,1576005,-0.03605150214592279
2023-12-22,1126,1145,1106,1107,1250855,-0.014247551202137165
2023-12-26,1101,1133,1065,1087,988828,-0.01806684733513997
2023-12-27,1077,1111,1077,1093,899668,0.005519779208831732
2023-12-28,1101,1142,1079,1142,976829,0.04483074107959739
2024-01-02,1152,1185,1133,1139,947303,-0.0026269702276707774
2024-01-03,1135,1145,1113,1125,538098,-0.012291483757682187
2024-01-04,1127,1129,1087,1098,861018,-0.02400000000000002
2024-01-05,1095,1140,1095,1102,1023587,0.0036429872495447047
2024-01-08,1114,1137,1104,1127,979892,0.02268602540834852
2024-01-09,1152,1172,1139,1151,1345232,0.021295474711623852
2024-01-10,1173,1182,1123,1123,881376,-0.024326672458731546
2024-01-11,1125,1149,1100,1113,1191564,-0.008904719501335756
2024-01-12,1117,1117,1071,1071,779576,-0.037735849056603765
2024-01-15,1070,1077,1034,1059,835331,-0.011204481792717047
2024-01-16,1059,1067,1013,1021,920317,-0.03588290840415487
2024-01-17,1006,1018,972,978,1247847,-0.04211557296767876
2024-01-18,954,979,953,966,818272,-0.012269938650306789
2024-01-19,957,973,950,952,808929,-0.01449275362318836
2024-01-22,947,956,910,910,980591,-0.044117647058823484
2024-01-23,908,932,889,916,730471,0.00659340659340657
2024-01-24,897,903,882,883,750020,-0.03602620087336239
2024-01-25,870,904,866,870,1037141,-0.014722536806342057
2024-01-26,860,884,860,875,667537,0.005747126436781658
2024-01-29,859,906,859,889,745451,0.016000000000000014
2024-01-30,878,900,874,885,554985,-0.004499437570303688
2024-01-31,884,897,865,870,506083,-0.016949152542372836
2024-02-01,852,873,852,868,557071,-0.0022988505747126853
2024-02-02,868,892,868,880,507862,0.01382488479262678
2024-02-05,891,891,872,875,390597,-0.005681818181818232
2024-02-06,872,895,869,890,435654,0.017142857142857126
2024-02-07,890,890,873,876,430608,-0.01573033707865168
2024-02-08,876,886,874,878,478000,0.0022831050228311334
2024-02-13,882,898,878,896,369511,0.0205011389521641
2024-02-14,889,906,883,894,250252,-0.0022321428571429047
2024-02-15,897,905,888,895,358040,0.0011185682326622093
2024-02-16,894,911,891,902,424489,0.007821229050279266
2024-02-19,909,945,892,937,1113640,0.03880266075388028
2024-02-20,938,943,907,929,430062,-0.008537886872998945
2024-02-21,929,929,897,900,470567,-0.031216361679224924
2024-02-22,894,899,883,883,344501,-0.018888888888888844
2024-02-23,882,888,867,878,458236,-0.005662514156285381
2024-02-26,868,887,868,879,273350,0.001138952164009055
2024-02-27,878,878,855,860,482164,-0.021615472127417545
2024-02-28,861,863,852,861,216972,0.0011627906976743319
2024-02-29,862,868,852,856,229714,-0.005807200929152101
2024-03-04,857,863,851,851,253541,-0.005841121495327117
2024-03-05,854,858,841,844,418608,-0.008225616921269108
2024-03-06,838,847,825,828,464677,-0.018957345971563955
2024-03-07,834,834,812,815,436642,-0.0157004830917874
2024-03-08,813,822,812,816,332028,0.0012269938650306678
2024-03-11,819,834,814,828,402839,0.014705882352941124
2024-03-12,827,841,813,817,232122,-0.01328502415458932
2024-03-13,817,824,813,820,208462,0.003671970624234966
2024-03-14,821,823,811,819,334844,-0.0012195121951219523
2024-03-15,822,824,812,819,239661,0.0
2024-03-18,815,818,812,817,165271,-0.0024420024420024333
2024-03-19,817,823,813,817,162293,0.0
2024-03-20,825,1063,819,1063,35592243,0.30110159118727053
2024-03-21,1018,1190,974,1046,35578053,-0.0159924741298213
2024-03-22,1027,1182,972,1065,32161436,0.018164435946462776
2024-03-25,1060,1106,991,1041,8173153,-0.022535211267605604
2024-03-26,1056,1085,996,999,3359651,-0.04034582132564846
2024-03-27,1015,1015,924,935,2920746,-0.06406406406406406
2024-03-28,919,941,894,900,1239902,-0.03743315508021394
2024-03-29,899,902,870,883,986741,-0.018888888888888844
2024-04-01,881,980,880,923,3267606,0.04530011325028305
2024-04-02,923,925,876,881,1116920,-0.04550379198266519
2024-04-03,877,878,849,865,566113,-0.018161180476730987
2024-04-04,891,900,859,860,825926,-0.005780346820809301
2024-04-05,861,866,840,847,633894,-0.015116279069767424
2024-04-08,862,862,830,831,366105,-0.018890200708382543
2024-04-09,821,836,818,826,338300,-0.006016847172081841
2024-04-11,831,831,815,828,320004,0.002421307506053294
2024-04-12,821,837,820,833,284068,0.006038647342995196
2024-04-15,830,831,815,815,429214,-0.021608643457383003
2024-04-16,820,820,788,793,525898,-0.026993865030674802
2024-04-17,794,807,793,805,280485,0.015132408575031508
2024-04-18,805,843,800,836,539890,0.03850931677018643
2024-04-19,839,839,810,817,305387,-0.022727272727272707
2024-04-22,814,831,813,818,350966,0.001223990208078396
2024-04-23,829,829,807,813,303122,-0.006112469437652757
2024-04-24,810,819,808,815,281846,0.002460024600245969
2024-04-25,815,819,809,815,153973,0.0
2024-04-26,813,822,808,810,184562,-0.006134969325153339
2024-04-29,810,839,810,838,640010,0.03456790123456788
2024-04-30,838,844,827,838,192454,0.0
2024-05-02,835,842,824,828,334347,-0.011933174224343701
2024-05-03,828,838,793,824,270368,-0.004830917874396157
2024-05-07,823,831,823,830,219394,0.00728155339805836
2024-05-08,826,836,826,833,202779,0.0036144578313253017
2024-05-09,833,838,830,831,161504,-0.0024009603841537164
2024-05-10,831,838,829,832,227495,0.001203369434416457
2024-05-13,832,836,810,815,337001,-0.02043269230769229
2024-05-14,806,823,806,816,174607,0.0012269938650306678
2024-05-16,827,837,820,836,270603,0.02450980392156854
2024-05-17,835,964,818,964,1586085,0.15311004784688986
2024-05-20,1161,1216,985,1019,34838319,0.05705394190871371
2024-05-21,1010,1010,759,770,12110717,-0.24435721295387636
2024-05-22,777,792,766,769,2812426,-0.0012987012987012436
2024-05-23,766,791,758,768,1298057,-0.0013003901170350884
2024-05-24,766,786,760,765,902310,-0.00390625
2024-05-27,762,770,760,762,676931,-0.0039215686274509665
2024-05-28,761,772,758,761,496245,-0.001312335958005284
2024-05-29,759,759,748,749,718957,-0.015768725361366642
2024-05-30,749,749,702,709,793007,-0.05340453938584777
2024-05-31,699,718,699,709,323191,0.0
2024-06-03,708,737,708,725,562242,0.02256699576868826
2024-06-04,733,797,720,761,1646130,0.049655172413793025
2024-06-05,758,794,755,775,993577,0.018396846254927768
2024-06-07,774,794,758,759,1050115,-0.020645161290322567
2024-06-10,758,759,697,743,433433,-0.021080368906455815
2024-06-11,743,790,734,736,314158,-0.009421265141319024
2024-06-12,743,757,731,734,540064,-0.0027173913043477826
2024-06-13,734,745,732,733,298264,-0.0013623978201634523
2024-06-14,733,751,729,737,337685,0.005457025920873049
2024-06-17,747,777,730,763,806568,0.03527815468113982
2024-06-18,756,756,730,733,493793,-0.03931847968545221
2024-06-19,733,733,714,718,352646,-0.02046384720327421
2024-06-20,717,731,715,717,321347,-0.0013927576601671099
2024-06-21,713,750,708,711,397041,-0.008368200836820106
2024-06-24,0,0,0,711,0,0.0
2024-06-25,0,0,0,711,0,0.0
2024-06-26,0,0,0,711,0,0.0
2024-06-27,0,0,0,711,0,0.0
2024-06-28,0,0,0,711,0,0.0
2024-07-01,0,0,0,711,0,0.0
2024-07-02,0,0,0,711,0,0.0
2024-07-03,0,0,0,711,0,0.0
2024-07-04,0,0,0,711,0,0.0
2024-07-05,0,0,0,711,0,0.0
2024-07-08,0,0,0,711,0,0.0
2024-07-09,0,0,0,711,0,0.0
2024-07-10,0,0,0,711,0,0.0
2024-07-11,0,0,0,711,0,0.0
2024-07-12,0,0,0,711,0,0.0
2024-07-15,0,0,0,711,0,0.0
2024-07-16,0,0,0,711,0,0.0
2024-07-17,0,0,0,711,0,0.0
2024-07-18,0,0,0,711,0,0.0
2024-07-19,711,711,625,641,4806067,-0.09845288326300983
2024-07-22,640,690,629,651,1147680,0.015600624024961096
2024-07-23,645,678,645,663,519246,0.018433179723502224
2024-07-24,673,679,657,678,456511,0.02262443438914019
2024-07-25,671,681,658,673,354795,-0.007374631268436627
2024-07-26,671,752,665,725,2232346,0.07726597325408613
2024-07-29,724,942,711,895,17896485,0.23448275862068968
2024-07-30,918,931,817,817,3001374,-0.08715083798882683
2024-07-31,814,918,809,861,3711614,0.05385556915544676
2024-08-01,861,1050,839,935,18288645,0.08594657375145176
2024-08-02,999,1127,943,960,20449529,0.02673796791443861
2024-08-05,960,1006,720,820,4400702,-0.14583333333333337
2024-08-06,835,904,827,879,2266579,0.07195121951219519
2024-08-07,881,972,847,905,3917304,0.029579067121729308
2024-08-08,915,1034,908,1027,12636779,0.13480662983425407
2024-08-09,1067,1206,983,1023,12470542,-0.003894839337877265
2024-08-12,1058,1061,991,991,2361412,-0.03128054740957964
2024-08-13,990,997,902,914,1909636,-0.07769929364278505
2024-08-14,923,953,884,894,1621591,-0.021881838074398252
2024-08-16,883,898,855,880,1380301,-0.015659955257270708
2024-08-19,863,873,827,836,1517242,-0.050000000000000044
2024-08-20,829,833,808,816,949666,-0.02392344497607657
2024-08-21,814,814,782,798,791953,-0.022058823529411797
2024-08-22,798,802,774,777,530368,-0.02631578947368418
2024-08-23,774,774,744,760,498200,-0.02187902187902191
2024-08-26,754,910,734,789,3953494,0.03815789473684217
2024-08-27,789,794,778,786,371355,-0.0038022813688213253
2024-08-28,782,814,782,789,470149,0.003816793893129722
2024-08-29,800,800,781,781,290614,-0.010139416983523497
2024-08-30,781,808,780,793,579256,0.015364916773367376
2024-09-02,898,1030,891,900,11338472,0.13493064312736447
2024-09-03,901,920,840,840,1676227,-0.06666666666666665
2024-09-04,834,834,798,802,547311,-0.04523809523809519
2024-09-05,820,830,787,811,447252,0.01122194513715713
2024-09-06,797,818,797,805,231826,-0.007398273736128225
2024-09-09,804,819,798,802,240368,-0.003726708074534124
2024-09-10,804,859,802,802,453590,0.0
2024-09-11,815,828,801,802,169056,0.0
2024-09-12,803,823,800,810,215482,0.009975062344139696
2024-09-13,812,813,796,798,290808,-0.014814814814814836
2024-09-19,798,805,775,779,314705,-0.023809523809523836
2024-09-20,782,790,779,784,197222,0.006418485237484006
2024-09-23,784,788,774,777,187483,-0.008928571428571397
2024-09-24,767,774,759,762,344878,-0.019305019305019266
2024-09-25,766,781,765,767,298620,0.006561679790026309
2024-09-26,782,794,771,793,392744,0.03389830508474567
2024-09-27,786,793,771,788,231467,-0.006305170239596425
2024-09-30,788,792,771,787,309795,-0.0012690355329949554
2024-10-02,777,786,771,776,220694,-0.013977128335451061
2024-10-04,776,783,765,765,210500,-0.014175257731958713
2024-10-07,766,776,764,764,129503,-0.0013071895424836555
2024-10-08,762,762,732,737,422077,-0.035340314136125706
2024-10-10,737,741,723,723,242949,-0.018995929443690662
2024-10-11,725,738,697,701,488668,-0.03042876901798064
2024-10-14,703,708,679,702,448551,0.0014265335235377208
2024-10-15,710,711,680,687,340391,-0.021367521367521403
2024-10-16,687,778,685,710,1455848,0.033478893740902516
2024-10-17,711,725,697,705,223652,-0.007042253521126751
2024-10-18,707,730,703,717,347503,0.017021276595744705
2024-10-21,717,727,660,693,268885,-0.03347280334728031
2024-10-22,707,707,650,663,427367,-0.04329004329004327
2024-10-23,666,679,650,662,134107,-0.0015082956259426794
2024-10-24,662,662,650,658,150017,-0.0060422960725075026
2024-10-25,658,670,630,643,242524,-0.022796352583586588
2024-10-28,643,660,643,659,116503,0.02488335925349916
2024-10-29,659,660,640,642,189232,-0.025796661608497695
2024-10-30,550,634,540,613,13345481,-0.04517133956386288
2024-10-31,613,716,590,683,8271869,0.11419249592169667
2024-11-01,665,887,665,882,30849538,0.29136163982430463
2024-11-04,862,862,776,785,5512682,-0.10997732426303852
2024-11-05,805,1012,802,951,23714752,0.2114649681528662
2024-11-06,949,1098,928,970,18699799,0.019978969505783484
2024-11-07,1013,1073,931,932,5637064,-0.039175257731958735
2024-11-08,932,1000,880,903,5366134,-0.0311158798283262
2024-11-11,903,903,850,855,1845122,-0.05315614617940201
2024-11-12,846,847,810,828,1472132,-0.03157894736842104
2024-11-13,804,855,750,836,1931252,0.009661835748792313
2024-11-14,825,828,777,777,868602,-0.07057416267942584
2024-11-15,755,955,751,840,9009536,0.08108108108108114
2024-11-18,821,845,800,815,1237704,-0.029761904761904767
2024-11-19,805,815,777,778,1024413,-0.04539877300613493
2024-11-20,778,778,757,769,573312,-0.011568123393316143
2024-11-21,760,767,708,713,1473987,-0.07282184655396617
2024-11-22,713,755,683,714,1306148,0.0014025245441795509
2024-11-25,714,750,705,745,752822,0.04341736694677878
2024-11-26,738,761,721,748,535427,0.00402684563758382
2024-11-27,746,755,736,738,241997,-0.013368983957219305
2024-11-28,738,770,736,754,610987,0.021680216802167918
2024-11-29,751,751,726,727,391103,-0.035809018567639295
2024-12-02,727,737,710,717,348619,-0.01375515818431916
2024-12-03,717,735,717,721,267009,0.00557880055788007
2024-12-04,699,728,698,718,449227,-0.004160887656033285
2024-12-05,724,724,693,693,311206,-0.0348189415041783
2024-12-06,711,711,656,673,353349,-0.028860028860028808
2024-12-09,650,671,612,641,394649,-0.04754829123328386
2024-12-10,641,688,641,687,344955,0.07176287051482055
2024-12-11,687,710,659,710,423686,0.033478893740902516
2024-12-12,710,713,692,699,389245,-0.015492957746478853
2024-12-13,692,710,692,705,328321,0.008583690987124415
2024-12-16,711,751,705,745,708244,0.05673758865248235
2024-12-17,745,766,730,757,608999,0.016107382550335503
2024-12-18,749,777,737,770,766384,0.017173051519154603
2024-12-19,755,779,728,779,384408,0.011688311688311748
2024-12-20,780,786,733,733,663722,-0.05905006418485237
2024-12-23,733,779,727,751,540682,0.024556616643929052
2024-12-24,751,759,730,751,288195,0.0
2024-12-26,750,890,749,817,6571716,0.08788282290279636
2024-12-27,799,875,772,860,2551273,0.05263157894736836
2024-12-30,860,860,800,801,1063960,-0.06860465116279069
2025-01-02,796,812,777,799,479770,-0.0024968789013732895
2025-01-03,805,848,805,819,459406,0.0250312891113893
2025-01-06,830,909,825,884,2155383,0.0793650793650793
2025-01-07,860,879,820,832,1125143,-0.05882352941176472
2025-01-08,835,886,832,840,1042449,0.009615384615384581
2025-01-09,854,857,820,836,605518,-0.004761904761904745
2025-01-10,836,836,815,816,281328,-0.02392344497607657
2025-01-13,805,823,793,795,320572,-0.02573529411764708
2025-01-14,797,812,790,794,164561,-0.0012578616352201255
2025-01-15,794,794,781,781,242787,-0.016372795969773257
2025-01-16,782,793,773,785,285646,0.005121638924455718
2025-01-17,785,789,775,776,215888,-0.01146496815286624
2025-01-20,769,792,767,767,276610,-0.011597938144329856
2025-01-21,788,788,759,764,193220,-0.003911342894393766
2025-01-22,764,766,755,763,685667,-0.0013089005235602524
2025-01-23,780,793,681,706,1466402,-0.07470511140235914
2025-01-24,707,710,690,705,355196,-0.0014164305949008194
2025-01-31,705,705,680,681,425266,-0.03404255319148941
2025-02-03,683,683,646,654,708277,-0.03964757709251099
2025-02-04,660,675,655,658,657698,0.006116207951070374
2025-02-05,659,671,656,660,573393,0.003039513677811634
2025-02-06,665,697,663,670,544951,0.015151515151515138
2025-02-07,670,671,655,658,370880,-0.017910447761193993
2025-02-10,658,723,653,681,1525331,0.0349544072948329
2025-02-11,681,682,669,676,389068,-0.007342143906020504
2025-02-12,678,687,668,669,220624,-0.010355029585798814
2025-02-13,676,677,668,668,187712,-0.001494768310911776
2025-02-14,668,678,663,665,267906,-0.004491017964071808
2025-02-17,665,680,660,678,309100,0.019548872180451093
2025-02-18,678,684,659,668,444436,-0.014749262536873142
2025-02-19,667,676,666,675,344667,0.010479041916167775
2025-02-20,680,680,666,675,222227,0.0
2025-02-21,674,677,669,674,106382,-0.001481481481481528
2025-02-24,680,683,670,681,249100,0.010385756676557945
2025-02-25,679,683,671,675,203193,-0.008810572687224627
2025-02-26,675,686,673,684,270111,0.01333333333333342
2025-02-27,683,688,674,680,151078,-0.005847953216374324
2025-02-28,675,679,665,665,217939,-0.022058823529411797
2025-03-04,658,667,651,659,209076,-0.009022556390977488
2025-03-05,660,670,655,660,150129,0.0015174506828528056
2025-03-06,660,668,659,664,188687,0.0060606060606061
2025-03-07,664,664,655,656,174077,-0.012048192771084376
2025-03-10,658,659,650,651,235626,-0.007621951219512146
2025-03-11,645,647,632,638,299843,-0.019969278033794113
2025-03-12,639,653,638,641,181525,0.004702194357366851
2025-03-13,642,649,638,641,101869,0.0
2025-03-14,641,646,639,644,83223,0.004680187207488196
2025-03-17,645,648,640,643,155491,-0.0015527950310558758
2025-03-18,643,647,641,642,123258,-0.0015552099533436836
2025-03-19,642,651,641,647,165001,0.007788161993769416
2025-03-20,647,652,644,649,113381,0.0030911901081915882
2025-03-21,650,651,640,642,178807,-0.01078582434514641
2025-03-24,646,648,639,640,144791,-0.0031152647975077885
2025-03-25,645,645,632,635,188187,-0.0078125
2025-03-26,635,643,633,636,88209,0.0015748031496063408
2025-03-27,632,637,625,626,193452,-0.01572327044025157
2025-03-28,627,633,615,626,214043,0.0
2025-03-31,590,623,590,595,267172,-0.04952076677316297
2025-04-01,596,691,596,646,4454990,0.08571428571428563
2025-04-02,640,643,622,625,404350,-0.03250773993808054
2025-04-03,620,637,615,629,114158,0.006399999999999961
2025-04-04,625,643,625,642,463190,0.020667726550079424
2025-04-07,642,648,610,642,304034,0.0
2025-04-08,649,650,637,640,176452,-0.0031152647975077885
2025-04-09,640,648,619,619,241912,-0.03281250000000002
2025-04-10,625,643,625,635,171732,0.025848142164781818
2025-04-11,634,652,599,642,510755,0.011023622047244164
2025-04-14,642,659,639,659,354143,0.026479750778816147
2025-04-15,649,663,648,659,334041,0.0
2025-04-16,663,678,657,670,298800,0.01669195751138086
2025-04-17,670,670,655,662,217427,-0.011940298507462699
2025-04-18,657,667,651,665,198862,0.004531722054380571
2025-04-21,673,673,658,661,120699,-0.006015037593984918
2025-04-22,667,675,655,672,230317,0.016641452344931862
2025-04-23,672,675,657,660,376529,-0.017857142857142905
2025-04-24,661,675,661,672,249225,0.018181818181818077
2025-04-25,672,674,662,669,92224,-0.004464285714285698
2025-04-28,665,669,650,655,202667,-0.020926756352765308
2025-04-29,655,659,651,655,123298,0.0
2025-04-30,655,655,647,650,157666,-0.007633587786259555
2025-05-02,650,650,638,645,104059,-0.007692307692307665
2025-05-07,645,655,640,645,148939,0.0
2025-05-08,643,654,643,654,150538,0.013953488372093092
2025-05-09,651,673,649,659,211404,0.007645259938837912
2025-05-12,659,667,656,661,167668,0.003034901365705611
2025-05-13,662,666,652,654,273565,-0.010590015128593033
2025-05-14,654,657,641,646,367463,-0.012232415902140636
2025-05-15,646,651,642,645,195577,-0.001547987616099089
2025-05-16,645,648,638,639,247850,-0.009302325581395321
2025-05-19,639,645,635,639,214510,0.0
2025-05-20,637,658,637,642,304130,0.0046948356807512415
2025-05-21,642,654,642,650,153295,0.012461059190031154
2025-05-22,650,720,646,686,3238191,0.055384615384615365
2025-05-23,700,700,651,654,654730,-0.04664723032069973
2025-05-26,659,660,650,651,282349,-0.004587155963302725
2025-05-27,657,663,646,651,218408,0.0
2025-05-28,658,673,651,673,239450,0.03379416282642089
2025-05-29,673,673,657,669,196357,-0.005943536404160454
2025-05-30,669,673,663,667,225975,-0.002989536621823663
2025-06-02,660,672,660,670,186953,0.004497751124437732
2025-06-04,674,676,667,672,187090,0.0029850746268655914
2025-06-05,672,675,663,670,279620,-0.0029761904761904656
2025-06-09,670,681,666,673,322306,0.004477611940298498
2025-06-10,680,680,668,673,104818,0.0
2025-06-11,673,680,671,678,215322,0.007429420505200568
2025-06-12,680,688,673,673,225479,-0.007374631268436627
2025-06-13,674,675,655,664,345326,-0.013372956909361022
2025-06-16,664,666,649,657,256389,-0.010542168674698815
2025-06-17,650,661,650,654,149099,-0.004566210045662156
2025-06-18,654,666,649,657,145365,0.004587155963302836
2025-06-19,657,670,646,651,363245,-0.0091324200913242
2025-06-20,651,651,641,650,160825,-0.001536098310291889
2025-06-23,650,650,631,631,281985,-0.029230769230769282
2025-06-24,638,646,634,642,149585,0.017432646592709933
2025-06-25,642,645,638,642,137570,0.0
2025-06-26,642,643,635,637,124703,-0.007788161993769416
2025-06-27,642,642,631,632,129715,-0.00784929356357933
2025-06-30,636,636,629,631,248677,-0.0015822784810126667
2025-07-01,639,650,633,644,273262,0.020602218700475516
2025-07-02,644,650,639,648,199376,0.006211180124223503
2025-07-03,648,673,648,664,437421,0.024691358024691468
2025-07-04,664,666,655,657,243597,-0.010542168674698815
2025-07-07,657,664,649,659,90689,0.003044140030441511
2025-07-08,659,674,647,663,289454,0.006069802731411222
2025-07-09,669,669,660,667,183878,0.006033182503770718
2025-07-10,670,679,668,677,273622,0.014992503748125996
2025-07-11,689,689,670,674,147862,-0.004431314623338234
2025-07-14,668,675,666,669,85854,-0.007418397626112738
2025-07-15,670,671,660,663,94061,-0.008968609865470878
2025-07-16,663,663,655,659,113784,-0.006033182503770718
2025-07-17,657,683,652,675,336478,0.02427921092564489
2025-07-18,673,674,658,666,187823,-0.013333333333333308
2025-07-21,666,675,652,662,182411,-0.006006006006005982
2025-07-22,657,665,653,655,112844,-0.010574018126888185
2025-07-23,659,659,649,651,98262,-0.006106870229007688
2025-07-24,651,654,640,641,215558,-0.015360983102918557
2025-07-25,641,647,638,638,137307,-0.004680187207488307
2025-07-28,638,643,627,638,208643,0.0
2025-07-29,639,639,625,637,86938,-0.0015673981191222097
2025-07-30,634,639,634,636,90297,-0.0015698587127158659
2025-07-31,636,642,635,640,34901,0.0062893081761006275
