Date,Open,High,Low,Close,Volume,Change
2022-01-03,20600,21050,20250,20700,121334,0.0
2022-01-04,20500,21100,20500,20800,148097,0.004830917874396157
2022-01-05,20800,21600,20100,20350,305065,-0.02163461538461542
2022-01-06,20000,20150,19100,19150,174931,-0.05896805896805901
2022-01-07,19300,19900,19250,19400,73357,0.01305483028720622
2022-01-10,19500,19600,18400,18800,125396,-0.030927835051546393
2022-01-11,18800,19050,17850,18200,126273,-0.03191489361702127
2022-01-12,18300,18800,18300,18500,47880,0.016483516483516425
2022-01-13,18500,19000,18050,18300,48125,-0.010810810810810811
2022-01-14,18250,18350,17600,17850,103424,-0.024590163934426257
2022-01-17,17750,17900,17200,17200,84762,-0.036414565826330514
2022-01-18,17100,17800,16300,16400,127325,-0.046511627906976716
2022-01-19,16100,16750,16000,16450,82921,0.0030487804878047697
2022-01-20,16450,18700,16200,17200,389152,0.045592705167173175
2022-01-21,16950,17300,16600,16850,73848,-0.02034883720930236
2022-01-24,16650,16650,15750,16200,91416,-0.03857566765578635
2022-01-25,16350,16450,15250,15500,117424,-0.043209876543209846
2022-01-26,15500,16250,15300,15550,67573,0.003225806451612856
2022-01-27,15700,15800,14650,14850,94397,-0.045016077170418
2022-01-28,14900,15450,14550,15100,80910,0.01683501683501687
2022-02-03,15300,15950,15250,15400,84641,0.019867549668874274
2022-02-04,15300,16100,15250,15700,99639,0.01948051948051943
2022-02-07,15700,17800,15700,17000,496080,0.08280254777070062
2022-02-08,17050,17450,16400,16600,116857,-0.02352941176470591
2022-02-09,16750,17050,16600,16700,45034,0.006024096385542244
2022-02-10,16750,17000,15900,15950,90543,-0.04491017964071853
2022-02-11,15800,15900,15350,15400,54597,-0.03448275862068961
2022-02-14,14900,15150,14500,14550,78170,-0.05519480519480524
2022-02-15,14400,15000,14200,14200,59880,-0.02405498281786944
2022-02-16,14650,15300,14650,15000,64557,0.05633802816901401
2022-02-17,15050,15450,14500,14800,77176,-0.013333333333333308
2022-02-18,14750,15050,14450,14950,32531,0.010135135135135087
2022-02-21,14950,15450,14600,15100,41679,0.010033444816053505
2022-02-22,14800,15050,14650,14750,37594,-0.023178807947019875
2022-02-23,14900,14900,14550,14800,34714,0.003389830508474523
2022-02-24,14600,14700,13900,14000,72455,-0.05405405405405406
2022-02-25,14200,14550,13850,14050,75423,0.0035714285714285587
2022-02-28,14000,14300,13950,14050,37469,0.0
2022-03-02,14050,14850,14050,14400,66250,0.02491103202846978
2022-03-03,14600,16600,14450,15700,479768,0.09027777777777768
2022-03-04,15550,16000,15250,15300,130871,-0.02547770700636942
2022-03-07,14900,15100,14400,14400,81221,-0.05882352941176472
2022-03-08,14150,14700,14150,14600,95279,0.01388888888888884
2022-03-10,14800,15200,14650,14750,70844,0.010273972602739656
2022-03-11,14800,15300,14550,14600,68408,-0.01016949152542368
2022-03-14,14600,14700,14250,14250,52365,-0.023972602739726012
2022-03-15,14100,14450,14000,14150,59366,-0.007017543859649145
2022-03-16,14300,16500,14300,15150,618761,0.07067137809187285
2022-03-17,15500,16850,15350,15800,504038,0.04290429042904287
2022-03-18,15950,16200,15700,15700,127584,-0.006329113924050667
2022-03-21,15950,16000,15500,15650,71455,-0.0031847133757961776
2022-03-22,15400,16150,15400,15700,109517,0.0031948881789136685
2022-03-23,15900,16000,15650,15750,67215,0.0031847133757962887
2022-03-24,15800,15950,15500,15950,52194,0.012698412698412653
2022-03-25,16050,16350,15800,16250,120680,0.018808777429467183
2022-03-28,16250,16250,15650,15750,88296,-0.03076923076923077
2022-03-29,15850,16450,15750,16100,124031,0.022222222222222143
2022-03-30,16050,16650,16050,16250,90208,0.009316770186335477
2022-03-31,16250,16350,16000,16250,47047,0.0
2022-04-01,16100,16700,16000,16100,107526,-0.009230769230769265
2022-04-04,16200,16650,16050,16450,80919,0.021739130434782705
2022-04-05,16750,16750,16250,16350,42001,-0.006079027355623046
2022-04-06,16100,16200,15900,15900,48856,-0.02752293577981646
2022-04-07,15750,16400,15550,15700,88426,-0.012578616352201255
2022-04-08,15700,16300,15700,15850,166442,0.009554140127388644
2022-04-11,15800,16750,15700,16650,197656,0.050473186119873725
2022-04-12,16300,16300,15550,15800,117009,-0.05105105105105101
2022-04-13,15900,16300,15700,15950,80594,0.009493670886076
2022-04-14,16000,16050,15750,15750,29931,-0.01253918495297801
2022-04-15,15700,15900,15550,15750,32959,0.0
2022-04-18,15700,15900,15350,15450,39423,-0.01904761904761909
2022-04-19,15400,16000,15400,15400,90451,-0.003236245954692518
2022-04-20,15500,15550,15250,15400,41981,0.0
2022-04-21,15400,15900,15400,15400,58521,0.0
2022-04-22,15350,15750,15250,15450,63376,0.0032467532467532756
2022-04-25,15200,15750,15100,15200,65615,-0.016181229773462813
2022-04-26,15350,15650,15250,15250,49435,0.00328947368421062
2022-04-27,14900,15200,14750,14750,71222,-0.032786885245901676
2022-04-28,14750,14900,14100,14150,73760,-0.04067796610169494
2022-04-29,14150,14600,14000,14150,82117,0.0
2022-05-02,14000,14400,13950,14350,33057,0.014134275618374659
2022-05-03,14250,14400,14200,14300,28169,-0.0034843205574912606
2022-05-04,14300,14400,14050,14200,34150,-0.006993006993006978
2022-05-06,13900,14200,13850,13950,46701,-0.017605633802816878
2022-05-09,13750,13850,13050,13050,88863,-0.06451612903225812
2022-05-10,12500,12950,12100,12450,167211,-0.04597701149425293
2022-05-11,12250,12650,12000,12100,88869,-0.028112449799196804
2022-05-12,11800,11850,11100,11150,152541,-0.07851239669421484
2022-05-13,11150,14400,11150,12850,2094566,0.15246636771300448
2022-05-16,12700,12950,12450,12600,203423,-0.01945525291828798
2022-05-17,12700,12700,12450,12600,95176,0.0
2022-05-18,12700,14400,12700,12700,604335,0.007936507936507908
2022-05-19,12300,13050,12050,12300,147894,-0.03149606299212604
2022-05-20,12450,12650,12150,12400,76985,0.008130081300812941
2022-05-23,12400,12450,12150,12200,60928,-0.016129032258064502
2022-05-24,12200,12900,12050,12100,76702,-0.008196721311475419
2022-05-25,12200,12250,11900,12000,34812,-0.008264462809917328
2022-05-26,12150,12550,12150,12200,58959,0.016666666666666607
2022-05-27,12300,13150,12300,12600,166432,0.032786885245901676
2022-05-30,12700,13550,12600,13400,233078,0.06349206349206349
2022-05-31,13700,13700,13100,13100,102116,-0.02238805970149249
2022-06-02,13200,13500,13100,13450,58060,0.026717557251908497
2022-06-03,13450,13450,13100,13100,38331,-0.026022304832713727
2022-06-07,13000,13150,12550,12600,57900,-0.03816793893129766
2022-06-08,12700,12700,12450,12500,38287,-0.007936507936507908
2022-06-09,12300,12500,12100,12500,37720,0.0
2022-06-10,12200,12550,12150,12200,27027,-0.02400000000000002
2022-06-13,11750,11950,11300,11350,60427,-0.069672131147541
2022-06-14,10900,11300,10600,11300,117925,-0.004405286343612369
2022-06-15,11050,11250,10600,10600,75041,-0.06194690265486724
2022-06-16,10850,11050,10300,10300,56352,-0.028301886792452824
2022-06-17,9880,10350,9820,10200,73322,-0.009708737864077666
2022-06-20,10200,10400,9200,9210,103536,-0.09705882352941175
2022-06-21,9220,10100,9220,9710,83867,0.05428881650380024
2022-06-22,9610,9990,9150,9150,60233,-0.057672502574665274
2022-06-23,9000,9160,8300,8400,167646,-0.08196721311475408
2022-06-24,8260,9300,8260,9190,147093,0.09404761904761916
2022-06-27,9160,9500,9100,9350,44893,0.017410228509249226
2022-06-28,9300,9500,9180,9220,27856,-0.013903743315508033
2022-06-29,9020,9280,8930,9190,37325,-0.0032537960954447387
2022-06-30,9190,9280,8820,8900,45217,-0.031556039173014194
2022-07-01,8900,9020,8260,8560,46045,-0.038202247191011285
2022-07-04,8650,8890,8230,8480,44616,-0.009345794392523366
2022-07-05,8480,8980,8460,8810,31362,0.03891509433962259
2022-07-06,8820,9330,8810,8900,53881,0.010215664018161208
2022-07-07,8970,9340,8800,9100,24951,0.022471910112359605
2022-07-08,9170,9450,8800,9290,33535,0.020879120879120805
2022-07-11,9310,9490,9120,9300,24620,0.0010764262648008671
2022-07-12,9130,9290,8900,8970,23622,-0.03548387096774197
2022-07-13,8960,9190,8880,9080,17582,0.012263099219620877
2022-07-14,9080,9420,9000,9270,26966,0.020925110132158586
2022-07-15,9260,9440,9040,9260,26807,-0.0010787486515642097
2022-07-18,9260,9750,9250,9590,45760,0.0356371490280778
2022-07-19,9500,9850,9500,9780,22775,0.019812304483837417
2022-07-20,10000,10200,9710,9810,34991,0.0030674846625766694
2022-07-21,9810,11750,9810,11300,732477,0.15188583078491336
2022-07-22,11050,11200,10500,10650,126357,-0.05752212389380529
2022-07-25,10650,10900,10500,10650,54055,0.0
2022-07-26,10450,12550,10350,11200,1326866,0.05164319248826299
2022-07-27,11050,12950,11000,11650,1242794,0.0401785714285714
2022-07-28,11700,12600,11500,11500,668672,-0.012875536480686733
2022-07-29,11650,11900,11250,11350,125005,-0.013043478260869601
2022-08-01,11450,11500,10950,11150,89675,-0.017621145374449365
2022-08-02,11150,11450,11000,11150,48790,0.0
2022-08-03,11100,11500,11050,11200,95072,0.004484304932735439
2022-08-04,11300,11850,11150,11650,132090,0.0401785714285714
2022-08-05,11650,11750,11200,11350,58856,-0.025751072961373356
2022-08-08,11500,11500,11100,11300,33670,-0.004405286343612369
2022-08-09,11200,11350,11050,11250,35137,-0.004424778761061954
2022-08-10,11100,11200,10700,10800,44434,-0.040000000000000036
2022-08-11,11000,11150,10800,10950,41225,0.01388888888888884
2022-08-12,10950,11200,10700,11050,33087,0.009132420091324311
2022-08-16,11050,11100,10850,10950,23273,-0.009049773755656076
2022-08-17,10800,10900,10350,10500,53637,-0.04109589041095896
2022-08-18,10500,10500,10150,10250,27145,-0.023809523809523836
2022-08-19,10150,10400,10150,10200,23878,-0.004878048780487809
2022-08-22,9980,10050,9820,9820,40950,-0.03725490196078429
2022-08-23,9600,9910,9600,9650,26700,-0.01731160896130346
2022-08-24,9630,9840,9630,9700,17881,0.005181347150259086
2022-08-25,9700,10550,9700,9920,50859,0.02268041237113394
2022-08-26,10100,10100,9820,9820,34037,-0.01008064516129037
2022-08-29,9460,9620,9420,9470,22455,-0.035641547861507084
2022-08-30,9400,9660,9400,9530,21400,0.006335797254487963
2022-08-31,9460,9740,9460,9680,17200,0.015739769150052485
2022-09-01,9640,9700,9480,9500,20073,-0.018595041322314043
2022-09-02,9510,9710,9270,9270,26307,-0.02421052631578946
2022-09-05,9210,9350,9010,9010,21005,-0.028047464940668787
2022-09-06,9010,9200,9010,9010,17633,0.0
2022-09-07,9000,11250,9000,9750,1200302,0.08213096559378474
2022-09-08,9990,10100,9150,9390,148983,-0.03692307692307695
2022-09-13,9440,9900,9440,9720,71009,0.03514376996805102
2022-09-14,9410,9850,9250,9760,44432,0.004115226337448652
2022-09-15,9780,9830,9230,9540,72083,-0.02254098360655743
2022-09-16,9400,9480,9150,9150,30607,-0.04088050314465408
2022-09-19,9150,9250,8890,8900,33124,-0.02732240437158473
2022-09-20,8900,9200,8880,8890,42722,-0.0011235955056180247
2022-09-21,8870,8990,8690,8710,35915,-0.020247469066366652
2022-09-22,8650,8800,8390,8670,40212,-0.004592422502870286
2022-09-23,8560,8660,8220,8270,35589,-0.046136101499423265
2022-09-26,8160,8270,7500,7610,73162,-0.07980652962515111
2022-09-27,7370,7790,7320,7480,53643,-0.01708278580814715
2022-09-28,7450,7700,7080,7200,51686,-0.03743315508021394
2022-09-29,7350,8500,7200,7490,253459,0.04027777777777786
2022-09-30,7220,7530,7210,7400,41047,-0.012016021361815787
2022-10-04,7500,7740,7500,7680,38211,0.037837837837837895
2022-10-05,8080,8150,7610,7760,71470,0.01041666666666674
2022-10-06,7780,8000,7780,7910,27793,0.019329896907216426
2022-10-07,7800,8070,7760,7790,27557,-0.015170670037926715
2022-10-11,7720,7840,7140,7270,45531,-0.06675224646983313
2022-10-12,7130,7360,6990,7160,54517,-0.015130674002751032
2022-10-13,7140,7190,6570,6810,66428,-0.0488826815642458
2022-10-14,7000,8850,7000,8850,917641,0.2995594713656389
2022-10-17,8760,11400,8750,9900,2858777,0.11864406779661008
2022-10-18,9830,10200,9750,9960,569712,0.0060606060606061
2022-10-19,9810,9810,9100,9400,273804,-0.05622489959839361
2022-10-20,9280,9440,8960,8990,149785,-0.043617021276595724
2022-10-21,8990,9400,8570,8580,217240,-0.04560622914349277
2022-10-24,8680,8870,8610,8650,67334,0.008158508158508049
2022-10-25,8650,9150,8580,8730,135584,0.009248554913294793
2022-10-26,8910,11250,8860,10400,4460812,0.19129438717067582
2022-10-27,10750,12050,10450,11100,3066498,0.06730769230769229
2022-10-28,11000,11300,10600,10600,407441,-0.04504504504504503
2022-10-31,10650,10750,10250,10250,268954,-0.03301886792452835
2022-11-01,10250,11150,9640,9760,649575,-0.04780487804878053
2022-11-02,9830,10250,9700,9980,298598,0.02254098360655732
2022-11-03,9850,9970,9490,9490,261304,-0.049098196392785565
2022-11-04,9390,9900,9390,9500,213138,0.0010537407797681642
2022-11-07,9800,10750,9620,9660,616357,0.01684210526315799
2022-11-08,9780,10300,9770,9970,239000,0.03209109730848869
2022-11-09,10150,10250,9700,9910,123461,-0.006018054162487463
2022-11-10,9820,9910,9460,9500,142366,-0.04137235116044402
2022-11-11,9810,9920,9600,9690,102040,0.020000000000000018
2022-11-14,9580,9920,9570,9630,101942,-0.006191950464396245
2022-11-15,9600,9770,9340,9770,87439,0.014537902388369606
2022-11-16,9800,9830,9510,9560,60420,-0.02149437052200609
2022-11-17,9570,9800,9450,9660,55810,0.010460251046025215
2022-11-18,9660,9760,9380,9380,46281,-0.02898550724637683
2022-11-21,9790,9790,9060,9080,57425,-0.031982942430703654
2022-11-22,9060,9210,8990,9080,41171,0.0
2022-11-23,9100,9760,9070,9260,174171,0.01982378854625555
2022-11-24,9280,9740,9150,9500,88753,0.02591792656587466
2022-11-25,9600,9610,9210,9240,42946,-0.027368421052631597
2022-11-28,9240,9600,9220,9280,40026,0.0043290043290042934
2022-11-29,9140,9360,9120,9230,34057,-0.0053879310344827624
2022-11-30,9230,9300,9100,9100,31516,-0.014084507042253502
2022-12-01,9210,9290,9100,9110,31892,0.001098901098901095
2022-12-02,9160,9550,9090,9090,128166,-0.002195389681668547
2022-12-05,9110,9340,9080,9080,39251,-0.0011001100110010764
2022-12-06,8970,9080,8670,8670,61546,-0.045154185022026394
2022-12-07,8610,8810,8600,8660,23479,-0.0011534025374856371
2022-12-08,8690,9100,8610,8890,53896,0.02655889145496526
2022-12-09,9190,9480,8890,8890,138049,0.0
2022-12-12,8860,10500,8860,10000,1969959,0.12485939257592804
2022-12-13,10100,10100,9510,9510,275669,-0.049000000000000044
2022-12-14,9540,10250,9400,9630,537589,0.012618296529968376
2022-12-15,9630,9960,9610,9710,120299,0.008307372793354029
2022-12-16,9520,9600,9210,9210,109800,-0.051493305870236816
2022-12-19,9130,10100,9110,10050,647794,0.0912052117263844
2022-12-20,9930,10050,9240,9260,210912,-0.07860696517412935
2022-12-21,9380,10800,9320,10250,2257473,0.10691144708423317
2022-12-22,10100,11450,9960,10600,1729538,0.034146341463414664
2022-12-23,10400,10800,10150,10150,264606,-0.04245283018867929
2022-12-26,10100,10200,9820,9820,162271,-0.03251231527093601
2022-12-27,9820,10150,9210,9450,316471,-0.03767820773930752
2022-12-28,9430,9740,9160,9240,151098,-0.022222222222222254
2022-12-29,9320,9420,8570,8570,185024,-0.07251082251082253
2023-01-02,8550,8710,8140,8220,97739,-0.040840140023337246
2023-01-03,8130,8330,7980,8230,78709,0.0012165450121655041
2023-01-04,8100,9460,8100,8640,371781,0.049817739975698716
2023-01-05,8730,8950,8410,8420,84918,-0.02546296296296291
2023-01-06,8420,9040,8420,8590,105807,0.020190023752969077
2023-01-09,8890,9010,8740,8840,56418,0.029103608847497187
2023-01-10,8800,9110,8730,8770,132189,-0.007918552036199067
2023-01-11,8950,9350,8830,8980,143272,0.02394526795895091
2023-01-12,9020,9100,8900,8950,49287,-0.0033407572383074013
2023-01-13,8900,9200,8900,8920,77252,-0.003351955307262622
2023-01-16,8930,9230,8880,9060,80425,0.015695067264573925
2023-01-17,9000,9060,8840,8860,61913,-0.02207505518763797
2023-01-18,8910,9240,8870,8970,126193,0.01241534988713311
2023-01-19,8870,8920,8660,8710,78581,-0.02898550724637683
2023-01-20,8680,8990,8670,8850,136721,0.016073478760045834
2023-01-25,8910,9150,8830,9010,123931,0.01807909604519775
2023-01-26,9010,9290,8940,9030,86537,0.002219755826859071
2023-01-27,9000,9130,8990,9100,52025,0.007751937984496138
2023-01-30,9210,11380,9170,10510,4094531,0.15494505494505484
2023-01-31,10400,10690,10340,10550,433626,0.0038058991436726863
2023-02-01,10480,10530,10030,10310,210310,-0.02274881516587679
2023-02-02,10300,10830,10180,10540,464557,0.022308438409311293
2023-02-03,10560,10800,10350,10630,210054,0.008538899430740043
2023-02-06,11040,12310,10750,10900,2868681,0.02539981185324547
2023-02-07,10900,12780,10840,11650,2692362,0.0688073394495412
2023-02-08,11700,11940,11310,11400,394028,-0.02145922746781115
2023-02-09,11240,11370,10750,10900,901675,-0.04385964912280704
2023-02-10,11030,11270,10050,10090,644925,-0.07431192660550456
2023-02-13,9940,10070,9540,9820,225327,-0.026759167492566904
2023-02-14,9760,9940,9500,9530,201877,-0.029531568228105876
2023-02-15,9510,9720,9300,9300,156324,-0.02413431269674715
2023-02-16,9320,9470,9270,9360,101207,0.006451612903225712
2023-02-17,9360,9360,9030,9090,121135,-0.028846153846153855
2023-02-20,9150,9230,8920,9170,62763,0.008800880088008833
2023-02-21,9150,9540,9120,9270,171875,0.010905125408942284
2023-02-22,9110,9180,8960,9030,89673,-0.02588996763754048
2023-02-23,9060,9210,8930,9100,74220,0.007751937984496138
2023-02-24,9100,9420,9060,9160,132721,0.00659340659340657
2023-02-27,9160,9210,8780,8940,104117,-0.024017467248908297
2023-02-28,8950,9250,8910,9110,76696,0.019015659955257336
2023-03-02,9950,10300,9100,9120,1002435,0.001097694840834329
2023-03-03,9050,9050,8320,8610,378671,-0.05592105263157898
2023-03-06,8600,8600,8420,8470,92315,-0.016260162601625994
2023-03-07,8440,8720,8400,8400,93702,-0.008264462809917328
2023-03-08,8320,8430,8030,8140,103288,-0.030952380952380953
2023-03-09,8140,8270,8070,8170,40926,0.0036855036855036882
2023-03-10,8120,8120,7970,8000,67701,-0.020807833537331732
2023-03-13,7980,8300,7710,8290,80521,0.03624999999999989
2023-03-14,8120,8310,7860,7940,47928,-0.04221954161640529
2023-03-15,7960,8250,7890,7900,41734,-0.005037783375314908
2023-03-16,7900,8000,7680,7770,26346,-0.016455696202531622
2023-03-17,7710,8060,7710,8000,43776,0.029601029601029616
2023-03-20,8000,8180,7930,7980,31505,-0.0024999999999999467
2023-03-21,7930,8110,7880,7910,33158,-0.00877192982456143
2023-03-22,8050,8120,7930,8010,28704,0.012642225031605614
2023-03-23,7950,8090,7700,7720,69550,-0.03620474406991259
2023-03-24,7850,8240,7700,8130,73372,0.05310880829015541
2023-03-27,8040,8200,7910,8050,27323,-0.009840098400983988
2023-03-28,8050,8210,7910,8090,29098,0.00496894409937898
2023-03-29,8090,8150,7560,7880,43319,-0.02595797280593326
2023-03-30,7880,7970,7780,7850,29421,-0.0038071065989847552
2023-03-31,7850,7900,7640,7690,58324,-0.020382165605095537
2023-04-03,7690,7880,7500,7870,66701,0.023407022106632036
2023-04-04,7870,7920,7700,7780,34352,-0.01143583227445999
2023-04-05,7880,7920,7650,7820,37130,0.005141388174807249
2023-04-06,7820,7820,7430,7480,86489,-0.04347826086956519
2023-04-07,7520,7540,7190,7230,86535,-0.03342245989304815
2023-04-10,7220,7220,6810,7100,114784,-0.017980636237897696
2023-04-11,7100,7120,6800,7100,42767,0.0
2023-04-12,7030,7250,6910,7170,74103,0.009859154929577452
2023-04-13,7220,7300,6970,7210,41221,0.00557880055788007
2023-04-14,7210,7480,7200,7390,52900,0.02496532593619971
2023-04-17,7270,7420,7210,7240,41362,-0.020297699594046037
2023-04-18,7170,7280,7120,7180,49136,-0.008287292817679592
2023-04-19,7170,7320,7100,7200,39043,0.0027855153203342198
2023-04-20,7130,7270,6990,6990,49526,-0.029166666666666674
2023-04-21,6960,7070,6840,6970,40681,-0.0028612303290415086
2023-04-24,6860,7050,6850,7000,25043,0.004304160688665792
2023-04-25,6900,7000,6800,6820,43157,-0.02571428571428569
2023-04-26,6820,6980,6710,6720,25626,-0.014662756598240456
2023-04-27,6630,6820,6580,6690,44776,-0.004464285714285698
2023-04-28,6660,6800,6600,6620,34611,-0.010463378176382654
2023-05-02,6550,6850,6550,6740,36377,0.01812688821752273
2023-05-03,6600,6790,6600,6750,33144,0.0014836795252226587
2023-05-04,6700,6750,6600,6680,22743,-0.010370370370370363
2023-05-08,6800,6930,6720,6820,26906,0.020958083832335328
2023-05-09,6710,6850,6570,6600,34643,-0.032258064516129004
2023-05-10,6600,6680,6420,6420,33064,-0.027272727272727226
2023-05-11,6470,6830,6430,6650,39229,0.03582554517133962
2023-05-12,6600,6850,6590,6600,32184,-0.007518796992481258
2023-05-15,6570,6600,6300,6300,53032,-0.045454545454545414
2023-05-16,6310,6580,6310,6360,37286,0.00952380952380949
2023-05-17,6420,6570,6310,6540,37868,0.028301886792452935
2023-05-18,6580,6880,6580,6800,38697,0.039755351681957096
2023-05-19,6880,6960,6800,6840,48499,0.00588235294117645
2023-05-22,6830,7000,6700,6820,35102,-0.0029239766081871066
2023-05-23,6830,6920,6800,6820,19959,0.0
2023-05-24,6770,6830,6680,6780,29490,-0.0058651026392961825
2023-05-25,6790,6870,6700,6750,23355,-0.004424778761061954
2023-05-26,6750,6990,6690,6700,55735,-0.007407407407407418
2023-05-30,6700,6790,6680,6700,16349,0.0
2023-05-31,6700,6750,6560,6560,29581,-0.020895522388059695
2023-06-01,6620,6620,6530,6540,15373,-0.0030487804878048808
2023-06-02,6560,6640,6540,6630,16391,0.013761467889908285
2023-06-05,6610,6740,6600,6710,23594,0.012066365007541435
2023-06-07,6710,6850,6690,6800,29755,0.013412816691505292
2023-06-08,6770,6830,6710,6710,25528,-0.013235294117647012
2023-06-09,6730,6850,6700,6790,29441,0.011922503725782407
2023-06-12,6840,6840,6700,6710,17147,-0.01178203240058906
2023-06-13,6700,6860,6640,6800,30700,0.013412816691505292
2023-06-14,6760,6790,6630,6670,39708,-0.019117647058823573
2023-06-15,6630,6790,6620,6750,26934,0.011994002998500841
2023-06-16,6750,6860,6620,6730,30969,-0.002962962962962945
2023-06-19,6760,6760,6650,6750,17246,0.002971768202080227
2023-06-20,6690,6820,6670,6800,24163,0.007407407407407307
2023-06-21,6770,7190,6770,7110,131022,0.04558823529411771
2023-06-22,7070,7240,6800,6810,84908,-0.04219409282700426
2023-06-23,6850,7340,6780,7140,136874,0.048458149779735615
2023-06-26,7140,7490,6920,7080,200422,-0.008403361344537785
2023-06-27,7150,7780,7080,7780,647644,0.09887005649717517
2023-06-28,7700,7700,7410,7420,248704,-0.046272493573264795
2023-06-29,7420,7640,7040,7070,155901,-0.047169811320754707
2023-06-30,7010,7120,6850,7030,55593,-0.005657708628005631
2023-07-03,7070,7380,7070,7160,51293,0.01849217638691325
2023-07-04,7160,7240,7020,7040,31247,-0.016759776536312887
2023-07-05,7040,7100,6940,6950,31140,-0.01278409090909094
2023-07-06,6950,7060,6770,6790,60598,-0.02302158273381294
2023-07-07,6680,6780,6580,6620,48186,-0.025036818851251863
2023-07-10,6800,7050,6510,6630,103817,0.0015105740181269312
2023-07-11,6640,6840,6630,6730,38653,0.015082956259426794
2023-07-12,6750,6790,6610,6610,31617,-0.017830609212481474
2023-07-13,6660,6750,6590,6690,26059,0.012102874432677657
2023-07-14,6810,6810,6640,6710,35178,0.002989536621823552
2023-07-17,6660,6770,6520,6620,30893,-0.01341281669150518
2023-07-18,6580,6700,6330,6330,69305,-0.04380664652567978
2023-07-19,6310,6430,6230,6290,45136,-0.006319115323854652
2023-07-20,6300,6410,6260,6370,40816,0.012718600953895098
2023-07-21,6360,6410,6150,6170,52126,-0.031397174254317095
2023-07-24,6120,6250,5560,5610,158305,-0.09076175040518641
2023-07-25,5520,5670,5200,5310,145168,-0.053475935828877
2023-07-26,5350,5360,4860,4890,171089,-0.07909604519774016
2023-07-27,4840,5250,4840,5210,49651,0.06543967280163598
2023-07-28,5080,5270,5080,5260,29288,0.009596928982725572
2023-07-31,5210,5360,5060,5200,33500,-0.011406844106463865
2023-08-01,5160,5420,5160,5380,32776,0.034615384615384714
2023-08-02,5400,5420,5100,5200,35249,-0.03345724907063197
2023-08-03,5040,5180,4950,5080,70049,-0.023076923076923106
2023-08-04,5020,5100,4960,5030,31791,-0.009842519685039353
2023-08-07,5060,5300,5040,5220,37663,0.0377733598409542
2023-08-08,5230,5290,5030,5120,38812,-0.019157088122605415
2023-08-09,5120,5530,4990,5320,95430,0.0390625
2023-08-10,5320,5360,5050,5190,31410,-0.024436090225563922
2023-08-11,5180,5680,5110,5450,50956,0.050096339113680166
2023-08-14,5450,5580,5390,5390,21559,-0.011009174311926606
2023-08-16,5300,5300,5060,5100,26115,-0.05380333951762528
2023-08-17,5090,5100,4930,5050,22184,-0.009803921568627416
2023-08-18,4960,5010,4885,4990,20083,-0.011881188118811892
2023-08-21,4965,5280,4915,5090,25782,0.02004008016032066
2023-08-22,5100,5230,4900,4940,40487,-0.029469548133595258
2023-08-23,4915,4990,4800,4865,45886,-0.015182186234817818
2023-08-24,4865,5100,4865,5000,37030,0.027749229188078095
2023-08-25,5000,5130,4860,4880,26430,-0.02400000000000002
2023-08-28,5000,5000,4880,4960,16867,0.016393442622950838
2023-08-29,4960,5230,4960,5180,31942,0.04435483870967749
2023-08-30,5190,5900,5110,5380,224879,0.03861003861003853
2023-08-31,5380,5490,5230,5230,47251,-0.027881040892193343
2023-09-01,5230,5450,5160,5200,19773,-0.005736137667303964
2023-09-04,5200,5440,5150,5220,47230,0.0038461538461538325
2023-09-05,5230,5300,5140,5220,29356,0.0
2023-09-06,5240,5420,5150,5260,58966,0.00766283524904221
2023-09-07,5230,5310,5070,5080,35242,-0.034220532319391594
2023-09-08,5050,5160,5000,5110,19225,0.0059055118110236116
2023-09-11,5160,5340,5120,5320,36965,0.041095890410958846
2023-09-12,5320,5600,5300,5430,82902,0.020676691729323293
2023-09-13,5430,5590,5140,5230,59010,-0.036832412523020275
2023-09-14,5190,5390,5190,5360,19809,0.0248565965583174
2023-09-15,5350,5360,5250,5300,16220,-0.011194029850746245
2023-09-18,5340,5340,5180,5200,31572,-0.018867924528301883
2023-09-19,5170,5300,5010,5060,33165,-0.02692307692307694
2023-09-20,5180,5190,4910,4910,50918,-0.029644268774703608
2023-09-21,4830,5170,4650,4695,141108,-0.04378818737270873
2023-09-22,4625,4720,4610,4660,20111,-0.007454739084132078
2023-09-25,4515,4710,4450,4455,39323,-0.04399141630901282
2023-09-26,4415,4510,4020,4115,66268,-0.07631874298540964
2023-09-27,4110,4270,4110,4240,35161,0.03037667071688932
2023-10-04,4175,4200,4040,4115,24894,-0.02948113207547165
2023-10-05,4115,4455,4115,4155,20552,0.009720534629404698
2023-10-06,4200,4975,4200,4330,281145,0.042117930204572884
2023-10-10,4340,4395,4100,4135,32388,-0.04503464203233254
2023-10-11,4160,4305,4160,4245,16828,0.026602176541717037
2023-10-12,4245,4430,4245,4360,13740,0.027090694935217874
2023-10-13,4295,4360,4170,4185,14175,-0.04013761467889909
2023-10-16,4185,4405,4060,4285,50734,0.0238948626045401
2023-10-17,4215,4355,4210,4295,10690,0.002333722287047868
2023-10-18,4200,4280,4185,4185,12160,-0.025611175785797413
2023-10-19,4185,4185,4030,4040,12457,-0.03464755077658299
2023-10-20,4015,4040,3830,3835,41864,-0.05074257425742579
2023-10-23,3835,3990,3815,3835,26020,0.0
2023-10-24,3835,3925,3740,3860,26611,0.006518904823989535
2023-10-25,3950,3990,3865,3900,12590,0.010362694300518172
2023-10-26,3900,3900,3755,3790,16849,-0.028205128205128216
2023-10-27,3710,3825,3710,3745,17205,-0.01187335092348285
2023-10-30,3770,3840,3735,3735,13868,-0.002670226969292422
2023-10-31,3780,3820,3665,3665,8341,-0.018741633199464536
2023-11-01,3665,3715,3565,3565,42777,-0.027285129604365577
2023-11-02,3600,3665,3595,3625,29229,0.016830294530154388
2023-11-03,3655,3780,3655,3725,14884,0.02758620689655178
2023-11-06,3785,3820,3735,3775,26678,0.01342281879194629
2023-11-07,3775,3780,3630,3710,21888,-0.017218543046357615
2023-11-08,3720,3830,3720,3745,37294,0.009433962264151052
2023-11-09,3750,3870,3750,3870,22731,0.03337783711615483
2023-11-10,3870,3950,3795,3810,11214,-0.015503875968992276
2023-11-13,3775,3870,3700,3700,169474,-0.02887139107611547
2023-11-14,3700,4050,3700,3895,74873,0.05270270270270272
2023-11-15,3930,3960,3885,3885,24951,-0.0025673940949936247
2023-11-16,3910,4030,3855,3855,50127,-0.007722007722007707
2023-11-17,3860,3875,3580,3700,76332,-0.04020752269779504
2023-11-20,3700,3770,3610,3725,27374,0.006756756756756799
2023-11-21,3735,3800,3685,3800,24810,0.020134228187919545
2023-11-22,3795,3795,3675,3785,183493,-0.003947368421052588
2023-11-23,3800,3900,3780,3805,67288,0.005284015852047519
2023-11-24,3850,3870,3805,3805,47179,0.0
2023-11-27,3780,3805,3620,3670,70662,-0.03547963206307492
2023-11-28,3670,3670,3605,3630,34897,-0.010899182561307952
2023-11-29,3620,3700,3610,3620,33212,-0.0027548209366391463
2023-11-30,3620,3660,3525,3565,71480,-0.015193370165745845
2023-12-01,3560,3560,3460,3480,29251,-0.02384291725105192
2023-12-04,3480,3640,3410,3640,187088,0.04597701149425282
2023-12-05,3640,3765,3510,3540,65307,-0.027472527472527486
2023-12-06,3540,3735,3480,3680,60491,0.039548022598870025
2023-12-07,3680,3690,3555,3590,35736,-0.024456521739130488
2023-12-08,3590,3740,3585,3670,34702,0.022284122562674202
2023-12-11,3685,3765,3685,3700,27062,0.008174386920980936
2023-12-12,3705,3745,3625,3690,18636,-0.002702702702702675
2023-12-13,3690,3690,3595,3690,29593,0.0
2023-12-14,3675,3740,3675,3710,44146,0.005420054200542035
2023-12-15,3680,3745,3680,3720,25579,0.0026954177897573484
2023-12-18,3720,3940,3720,3850,64808,0.034946236559139754
2023-12-19,3895,3895,3770,3800,21717,-0.012987012987012991
2023-12-20,3800,4940,3740,4940,1658706,0.30000000000000004
2023-12-21,5250,6070,4740,4845,3360768,-0.019230769230769273
2023-12-22,4865,4865,4410,4705,454065,-0.028895768833849367
2023-12-26,4510,4645,4315,4620,178097,-0.018065887353878818
2023-12-27,4585,4660,4430,4430,124067,-0.04112554112554112
2023-12-28,4410,5350,4410,4690,1180624,0.05869074492099324
2024-01-02,4695,4865,4505,4720,192480,0.006396588486140775
2024-01-03,4680,4995,4585,4885,240019,0.03495762711864403
2024-01-04,4935,4940,4700,4720,166378,-0.03377686796315249
2024-01-05,4720,4890,4655,4805,106103,0.018008474576271194
2024-01-08,4800,4840,4625,4675,101417,-0.027055150884495283
2024-01-09,4675,4740,4600,4655,63926,-0.004278074866310155
2024-01-10,4650,4675,4515,4555,67421,-0.02148227712137485
2024-01-11,4565,5170,4565,4930,434506,0.08232711306256868
2024-01-12,4965,4980,4585,4675,135584,-0.051724137931034475
2024-01-15,4675,4895,4500,4640,109257,-0.007486631016042744
2024-01-16,4635,4745,4580,4700,41141,0.012931034482758674
2024-01-17,4650,4700,4335,4390,91061,-0.06595744680851068
2024-01-18,4320,4480,4065,4410,55750,0.004555808656036442
2024-01-19,4410,4525,4315,4400,36441,-0.0022675736961451642
2024-01-22,4425,4485,4200,4290,37768,-0.025000000000000022
2024-01-23,4320,4350,4150,4285,29140,-0.0011655011655011815
2024-01-24,4290,4320,4145,4220,26101,-0.01516919486581092
2024-01-25,4220,4265,4045,4200,44792,-0.004739336492891044
2024-01-26,4205,4440,4055,4325,55091,0.029761904761904656
2024-01-29,4385,4410,4120,4170,42896,-0.03583815028901738
2024-01-30,4195,4250,4080,4140,33750,-0.007194244604316502
2024-01-31,4190,4300,3955,4015,48794,-0.03019323671497587
2024-02-01,4000,4055,3900,4000,38896,-0.0037359900373599153
2024-02-02,4045,4045,3960,3975,28944,-0.006249999999999978
2024-02-05,3975,4000,3890,3950,35999,-0.0062893081761006275
2024-02-06,3950,3950,3715,3820,41686,-0.032911392405063244
2024-02-07,3825,3905,3750,3895,36304,0.01963350785340312
2024-02-08,3915,3985,3865,3920,17787,0.006418485237484006
2024-02-13,3920,4085,3920,4020,31933,0.025510204081632626
2024-02-14,3965,4170,3950,4085,31945,0.016169154228855787
2024-02-15,4085,4175,3990,4040,33774,-0.011015911872705009
2024-02-16,4070,4450,3970,4295,178634,0.06311881188118806
2024-02-19,4395,5580,4260,5580,2494430,0.2991850989522702
2024-02-20,6700,7250,6670,7250,9824437,0.2992831541218639
2024-02-21,7940,8700,6880,7030,8670014,-0.030344827586206935
2024-02-22,7030,7880,7010,7440,4121091,0.05832147937411092
2024-02-23,7170,7200,6480,6600,1321182,-0.11290322580645162
2024-02-26,6320,6710,6300,6590,534605,-0.0015151515151514694
2024-02-27,6540,6540,6100,6270,458059,-0.04855842185128978
2024-02-28,6150,6420,6060,6260,302559,-0.0015948963317384823
2024-02-29,6250,6310,5900,6200,404529,-0.009584664536741228
2024-03-04,6460,6460,6130,6320,319532,0.019354838709677358
2024-03-05,6290,6310,6010,6310,319569,-0.0015822784810126667
2024-03-06,6260,6440,6100,6370,211973,0.009508716323296307
2024-03-07,6370,6410,6020,6020,238023,-0.05494505494505497
2024-03-08,6000,6110,5630,5910,273565,-0.01827242524916939
2024-03-11,5950,6000,5640,5740,199836,-0.02876480541455162
2024-03-12,5640,5830,5560,5650,187195,-0.015679442508710784
2024-03-13,5700,5830,5510,5620,186274,-0.005309734513274322
2024-03-14,6250,6500,5810,5850,2278012,0.040925266903914626
2024-03-15,5730,5730,5270,5400,423812,-0.07692307692307687
2024-03-18,5400,5570,5290,5450,170971,0.0092592592592593
2024-03-19,5410,5590,5190,5240,172442,-0.038532110091743066
2024-03-20,5240,5500,5150,5350,147214,0.020992366412213803
2024-03-21,5350,5520,5250,5380,145634,0.005607476635514086
2024-03-22,5380,5600,5250,5450,132407,0.013011152416356975
2024-03-25,5450,5450,5190,5300,161006,-0.02752293577981646
2024-03-26,5250,6240,5210,5430,2241005,0.02452830188679256
2024-03-27,5400,5600,5260,5600,270318,0.03130755064456725
2024-03-28,5610,5740,5410,5740,224850,0.02499999999999991
2024-03-29,5740,5760,5520,5540,122120,-0.03484320557491294
2024-04-01,5540,6040,5440,5950,396048,0.07400722021660644
2024-04-02,5950,6120,5790,5950,250019,0.0
2024-04-03,5950,5950,5630,5780,173858,-0.02857142857142858
2024-04-04,5790,5840,5410,5480,170730,-0.05190311418685123
2024-04-05,5420,5460,5270,5380,126545,-0.018248175182481785
2024-04-08,5380,5400,5020,5040,133248,-0.06319702602230481
2024-04-09,5040,5290,4900,5070,112401,0.005952380952380931
2024-04-11,4990,5050,4800,4940,67777,-0.02564102564102566
2024-04-12,4940,5290,4870,5200,93880,0.05263157894736836
2024-04-15,5100,5100,4865,4930,94983,-0.05192307692307696
2024-04-16,4810,4995,4765,4890,64011,-0.008113590263691739
2024-04-17,4845,5040,4845,4905,43491,0.0030674846625766694
2024-04-18,4905,5090,4905,5060,31966,0.031600407747196746
2024-04-19,5000,5070,4830,4930,52771,-0.025691699604743046
2024-04-22,4915,5140,4915,5040,34160,0.022312373225152227
2024-04-23,4995,5130,4980,4990,46022,-0.009920634920634885
2024-04-24,5000,5160,5000,5100,47683,0.022044088176352616
2024-04-25,5080,5100,4875,4880,59071,-0.04313725490196074
2024-04-26,4900,4980,4810,4810,44797,-0.014344262295082011
2024-04-29,4830,5020,4830,4990,30607,0.03742203742203731
2024-04-30,5000,5050,4805,4845,55886,-0.029058116232464903
2024-05-02,4845,4880,4690,4830,100272,-0.003095975232198178
2024-05-03,4830,4970,4770,4820,63095,-0.0020703933747412417
2024-05-07,4850,5040,4815,4995,68171,0.03630705394190881
2024-05-08,4995,5040,4940,5020,47096,0.005005005005005003
2024-05-09,4975,5050,4935,5000,39912,-0.003984063745019917
2024-05-10,5010,5620,5000,5470,768500,0.09400000000000008
2024-05-13,5380,5520,5170,5370,198826,-0.018281535648994485
2024-05-14,5290,5980,5280,5550,604626,0.033519553072625774
2024-05-16,5570,5900,5380,5480,245193,-0.012612612612612595
2024-05-17,5390,5500,5250,5360,85286,-0.021897810218978075
2024-05-20,5310,5380,5190,5230,88733,-0.02425373134328357
2024-05-21,5260,5300,5100,5220,69307,-0.0019120458891013214
2024-05-22,5220,5340,4900,5070,127364,-0.028735632183908066
2024-05-23,5060,5090,4950,4965,68801,-0.020710059171597628
2024-05-24,4905,4990,4815,4850,75282,-0.023162134944612278
2024-05-27,4860,4900,4635,4775,122804,-0.015463917525773141
2024-05-28,4810,4810,4645,4735,59836,-0.008376963350785305
2024-05-29,4735,4790,4650,4660,47485,-0.015839493136219684
2024-05-30,4620,4690,4535,4535,43381,-0.02682403433476399
2024-05-31,4590,4700,4570,4630,30376,0.02094818081587646
2024-06-03,4630,4710,4500,4600,54517,-0.006479481641468721
2024-06-04,4590,4645,4520,4570,33368,-0.006521739130434745
2024-06-05,4570,4600,4405,4450,57701,-0.026258205689277947
2024-06-07,4450,4550,4430,4520,25012,0.01573033707865168
2024-06-10,4535,4700,4500,4630,53148,0.02433628318584069
2024-06-11,4630,4820,4600,4620,49369,-0.002159827213822907
2024-06-12,4600,4780,4565,4600,37643,-0.0043290043290042934
2024-06-13,4700,4700,4530,4665,28221,0.01413043478260878
2024-06-14,4675,4680,4455,4510,85894,-0.033226152197213255
2024-06-17,4475,4475,3930,4220,183989,-0.06430155210643018
2024-06-18,4230,4370,4015,4145,73661,-0.017772511848341277
2024-06-19,4190,4190,3980,4070,92752,-0.018094089264173663
2024-06-20,4085,4180,4060,4180,44881,0.027027027027026973
2024-06-21,4180,4185,4030,4075,53086,-0.02511961722488043
2024-06-24,4005,4235,4005,4080,56391,0.0012269938650306678
2024-06-25,4080,4135,3995,4015,38610,-0.015931372549019662
2024-06-26,4035,4045,3975,4005,37255,-0.00249066002490661
2024-06-27,4020,4035,3955,3975,21671,-0.0074906367041198685
2024-06-28,3975,4010,3935,3980,25987,0.0012578616352201255
2024-07-01,3860,4045,3860,3970,35111,-0.002512562814070307
2024-07-02,3970,3980,3850,3875,35105,-0.023929471032745564
2024-07-03,3880,3950,3760,3775,47688,-0.02580645161290318
2024-07-04,3810,3920,3700,3755,41123,-0.005298013245033095
2024-07-05,3810,3810,3565,3650,71178,-0.0279627163781625
2024-07-08,3650,3800,3625,3800,55587,0.041095890410958846
2024-07-09,3800,3875,3780,3850,35120,0.013157894736842035
2024-07-10,3815,3950,3650,3900,32213,0.01298701298701288
2024-07-11,3900,3910,3800,3800,36461,-0.02564102564102566
2024-07-12,3800,3875,3800,3865,20253,0.017105263157894735
2024-07-15,3855,3930,3825,3930,20835,0.01681759379042691
2024-07-16,3895,3920,3810,3870,22466,-0.01526717557251911
2024-07-17,3870,4490,3840,4140,1249738,0.06976744186046502
2024-07-18,4005,4040,3870,3890,142031,-0.06038647342995174
2024-07-19,3890,3895,3725,3830,73997,-0.015424164524421635
2024-07-22,3790,3850,3715,3760,58081,-0.018276762402088753
2024-07-23,3725,3820,3645,3710,57311,-0.013297872340425565
2024-07-24,3700,3760,3600,3655,50881,-0.014824797843665749
2024-07-25,3640,3640,3520,3560,55458,-0.025991792065663488
2024-07-26,3560,3650,3520,3615,35255,0.015449438202247201
2024-07-29,3615,3680,3605,3650,12357,0.009681881051175623
2024-07-30,3620,3690,3565,3580,19547,-0.019178082191780854
2024-07-31,3580,3580,3520,3540,17023,-0.011173184357541888
2024-08-01,3585,3710,3570,3610,14062,0.019774011299435124
2024-08-02,3520,3585,3445,3460,45243,-0.04155124653739617
2024-08-05,3460,3460,2760,3010,136875,-0.13005780346820806
2024-08-06,2980,3400,2980,3185,113737,0.058139534883721034
2024-08-07,3270,3270,3030,3205,34402,0.006279434850863463
2024-08-08,3170,3190,3010,3095,34149,-0.03432137285491421
2024-08-09,3115,3270,3115,3200,32304,0.03392568659127626
2024-08-12,3200,3295,3200,3230,33827,0.009374999999999911
2024-08-13,3230,3285,3195,3255,26132,0.007739938080495445
2024-08-14,3260,3425,3260,3340,39061,0.02611367127496167
2024-08-16,3370,3445,3320,3395,23252,0.01646706586826352
2024-08-19,3395,3430,3285,3335,21580,-0.0176730486008837
2024-08-20,3375,3425,3335,3335,19486,0.0
2024-08-21,3350,3400,3325,3400,25946,0.019490254872563728
2024-08-22,3395,3430,3345,3400,21708,0.0
2024-08-23,3350,3390,3310,3315,17472,-0.025000000000000022
2024-08-26,3320,3420,3180,3180,23772,-0.040723981900452455
2024-08-27,3180,3420,3160,3250,61533,0.022012578616352307
2024-08-28,3250,3290,3185,3200,23384,-0.01538461538461533
2024-08-29,3200,3300,3040,3145,14733,-0.017187500000000022
2024-08-30,3155,3295,3135,3155,19825,0.0031796502384737746
2024-09-02,3185,3205,3095,3125,13765,-0.009508716323296307
2024-09-03,3135,3180,3040,3045,60275,-0.025599999999999956
2024-09-04,2900,2980,2800,2845,93400,-0.06568144499178985
2024-09-05,2845,2995,2810,2845,42086,0.0
2024-09-06,2820,2860,2550,2660,43723,-0.0650263620386643
2024-09-09,2660,2830,2605,2830,54441,0.06390977443609014
2024-09-10,2870,2995,2835,2905,21546,0.026501766784452263
2024-09-11,2905,2950,2835,2850,9685,-0.018932874354561147
2024-09-12,2880,2960,2765,2895,10725,0.015789473684210575
2024-09-13,2940,2945,2895,2920,16945,0.008635578583765069
2024-09-19,2920,2995,2905,2905,7266,-0.005136986301369828
2024-09-20,2920,3085,2920,2955,19989,0.01721170395869187
2024-09-23,2955,2995,2905,2930,16945,-0.008460236886632777
2024-09-24,2930,2995,2855,2945,9423,0.005119453924914641
2024-09-25,2945,3000,2925,2935,18887,-0.00339558573853993
2024-09-26,2910,3070,2910,2965,30430,0.010221465076660996
2024-09-27,2970,3160,2915,3040,42200,0.025295109612141653
2024-09-30,3035,3035,2950,2965,16632,-0.024671052631578982
2024-10-02,2860,2990,2860,2950,9147,-0.005059021922428353
2024-10-04,2950,2965,2860,2890,18537,-0.02033898305084747
2024-10-07,2970,2970,2880,2930,11704,0.01384083044982698
2024-10-08,2900,3040,2900,2980,24897,0.017064846416382284
2024-10-10,2980,3015,2970,2990,11696,0.003355704697986628
2024-10-11,3030,3030,2945,2980,23548,-0.0033444816053511683
2024-10-14,2980,3070,2935,3000,28016,0.006711409395973256
2024-10-15,3100,3100,2980,3005,12903,0.0016666666666667052
2024-10-16,2980,3015,2960,3010,7650,0.0016638935108153063
2024-10-17,3010,3050,3000,3005,13298,-0.0016611295681062677
2024-10-18,3020,3675,2905,2915,1009288,-0.029950083194675514
2024-10-21,2915,3020,2805,2875,49049,-0.013722126929674117
2024-10-22,2865,2890,2755,2765,28748,-0.03826086956521735
2024-10-23,2770,2955,2700,2835,31005,0.025316455696202445
2024-10-24,2835,2835,2655,2755,59858,-0.02821869488536155
2024-10-25,2755,2790,2620,2625,36276,-0.047186932849364815
2024-10-28,2630,2725,2630,2670,20140,0.017142857142857126
2024-10-29,2695,2725,2670,2685,16002,0.00561797752808979
2024-10-30,2685,2775,2685,2715,14252,0.011173184357541999
2024-10-31,2690,2730,2675,2690,11626,-0.009208103130755041
2024-11-01,2690,2710,2630,2630,14982,-0.022304832713754608
2024-11-04,2680,3040,2655,2730,113530,0.03802281368821303
2024-11-05,2755,2830,2730,2800,12956,0.02564102564102555
2024-11-06,2880,2930,2720,2720,37791,-0.02857142857142858
2024-11-07,2720,2745,2600,2670,20617,-0.018382352941176516
2024-11-08,2685,2765,2650,2710,19604,0.014981273408239737
2024-11-11,2685,2765,2620,2625,21304,-0.03136531365313655
2024-11-12,2645,2645,2505,2525,33290,-0.03809523809523807
2024-11-13,2500,2525,2390,2390,35475,-0.05346534653465351
2024-11-14,2395,2460,2360,2385,19114,-0.0020920502092049986
2024-11-15,2385,2405,2310,2405,40559,0.008385744234800763
2024-11-18,2405,2750,2275,2705,103802,0.12474012474012475
2024-11-19,2840,2850,2700,2780,67387,0.02772643253234741
2024-11-20,2765,2825,2600,2600,21904,-0.06474820143884896
2024-11-21,2600,2670,2600,2610,16273,0.0038461538461538325
2024-11-22,2695,2795,2625,2650,23070,0.015325670498084198
2024-11-25,2640,2735,2640,2705,16452,0.020754716981132182
2024-11-26,2700,2750,2680,2685,14401,-0.007393715341959317
2024-11-27,2685,2740,2615,2615,21094,-0.02607076350093107
2024-11-28,2620,3080,2615,2755,476027,0.053537284894837445
2024-11-29,2755,2760,2610,2645,84245,-0.03992740471869327
2024-12-02,2620,2735,2505,2505,62992,-0.052930056710775
2024-12-03,2510,2625,2495,2525,37697,0.007984031936127733
2024-12-04,2470,2520,2405,2405,47160,-0.04752475247524757
2024-12-05,2405,2555,2375,2400,39935,-0.0020790020790020236
2024-12-06,2565,3120,2565,3120,3129834,0.30000000000000004
2024-12-09,3425,3580,2850,2910,2291893,-0.06730769230769229
2024-12-10,3270,3530,2945,3170,1456083,0.08934707903780059
2024-12-11,3230,3395,3170,3265,649156,0.029968454258675115
2024-12-12,3330,3580,3130,3205,863652,-0.018376722817764146
2024-12-13,3265,3480,3195,3300,402898,0.029641185647425905
2024-12-16,3355,3440,3205,3310,196651,0.003030303030302939
2024-12-17,3380,3490,3275,3400,278969,0.027190332326284095
2024-12-18,3360,3400,3165,3315,174428,-0.025000000000000022
2024-12-19,3235,3235,3060,3065,117586,-0.07541478129713419
2024-12-20,3065,3070,2910,2945,113784,-0.039151712887438794
2024-12-23,2975,3105,2965,3000,45076,0.018675721561969505
2024-12-24,3030,3290,3010,3045,183286,0.014999999999999902
2024-12-26,3050,3050,2920,2920,61753,-0.04105090311986859
2024-12-27,2875,3000,2820,2850,58843,-0.023972602739726012
2024-12-30,2850,2910,2815,2875,35082,0.00877192982456143
2025-01-02,2930,2980,2865,2975,20780,0.034782608695652195
2025-01-03,2970,3020,2925,2995,36102,0.006722689075630228
2025-01-06,3000,3190,3000,3120,66127,0.04173622704507518
2025-01-07,3125,3185,3005,3085,22002,-0.011217948717948678
2025-01-08,3085,3120,3015,3075,26521,-0.0032414910858995505
2025-01-09,3075,3095,2980,3025,26982,-0.016260162601625994
2025-01-10,3030,3215,3030,3135,67065,0.036363636363636376
2025-01-13,3030,3135,2925,2950,48710,-0.05901116427432218
2025-01-14,3000,3230,2900,3035,65847,0.028813559322034
2025-01-15,3005,3190,3005,3040,34731,0.0016474464579900872
2025-01-16,3145,3145,3040,3070,15152,0.009868421052631637
2025-01-17,3075,3120,3005,3060,18758,-0.0032573289902280145
2025-01-20,3110,3140,3050,3060,24290,0.0
2025-01-21,3060,3090,3010,3045,20687,-0.004901960784313708
2025-01-22,3045,3075,3000,3005,23340,-0.013136288998357948
2025-01-23,3005,3050,2920,2970,24300,-0.011647254575707144
2025-01-24,2970,3005,2855,2875,27266,-0.03198653198653201
2025-01-31,2885,2905,2795,2835,21069,-0.013913043478260834
2025-02-03,2820,2825,2655,2655,37010,-0.06349206349206349
2025-02-04,2660,2780,2655,2735,23026,0.030131826741996326
2025-02-05,2740,2925,2740,2765,39311,0.010968921389396646
2025-02-06,2770,2870,2770,2835,13179,0.025316455696202445
2025-02-07,2835,2840,2720,2740,34776,-0.0335097001763669
2025-02-10,2730,2830,2720,2760,19620,0.007299270072992803
2025-02-11,2735,2790,2725,2780,9521,0.007246376811594235
2025-02-12,2760,2785,2705,2715,18938,-0.023381294964028743
2025-02-13,2735,2980,2710,2795,28965,0.02946593001841613
2025-02-14,2790,2870,2770,2820,17402,0.008944543828264706
2025-02-17,2820,2945,2800,2910,26334,0.03191489361702127
2025-02-18,2910,2910,2815,2890,19848,-0.0068728522336769515
2025-02-19,2890,2950,2835,2930,42506,0.01384083044982698
2025-02-20,2925,2980,2855,2905,35085,-0.008532423208191142
2025-02-21,2890,2955,2875,2880,9272,-0.008605851979345935
2025-02-24,2875,2890,2795,2860,26938,-0.00694444444444442
2025-02-25,2870,2925,2825,2880,25556,0.006993006993007089
2025-02-26,2880,2915,2825,2870,22602,-0.00347222222222221
2025-02-27,2870,2875,2670,2750,58535,-0.04181184668989546
2025-02-28,2720,2770,2545,2660,33653,-0.032727272727272716
2025-03-04,2660,2675,2575,2595,26279,-0.024436090225563922
2025-03-05,2615,2690,2595,2670,24479,0.028901734104046284
2025-03-06,2675,2710,2620,2660,25816,-0.0037453183520599342
2025-03-07,2665,2665,2600,2610,16225,-0.018796992481203034
2025-03-10,2610,2625,2565,2605,16011,-0.0019157088122605526
2025-03-11,2565,2585,2515,2520,20367,-0.03262955854126681
2025-03-12,2570,2570,2495,2525,34821,0.001984126984126977
2025-03-13,2530,2550,2500,2525,13568,0.0
2025-03-14,2520,2590,2495,2585,13279,0.023762376237623783
2025-03-17,2585,2690,2525,2525,34247,-0.023210831721469982
2025-03-18,2530,2585,2525,2540,16104,0.005940594059405946
2025-03-19,2540,2710,2540,2585,24751,0.017716535433070835
2025-03-20,2605,2645,2540,2590,11353,0.0019342359767891004
2025-03-21,2575,2590,2535,2560,7416,-0.01158301158301156
2025-03-24,2540,2580,2495,2515,13444,-0.017578125
2025-03-25,2515,2570,2490,2510,14576,-0.001988071570576566
2025-03-26,2500,2645,2500,2555,11749,0.017928286852589626
2025-03-27,2550,2645,2510,2525,16754,-0.011741682974559686
2025-03-28,2530,2560,2485,2485,19337,-0.015841584158415856
2025-03-31,2375,2480,2355,2375,30159,-0.044265593561368166
2025-04-01,2375,2495,2375,2435,17015,0.025263157894736876
2025-04-02,2435,2515,2420,2470,13566,0.014373716632443578
2025-04-03,2440,2495,2425,2465,10200,-0.002024291497975672
2025-04-04,2470,2475,2270,2400,44475,-0.026369168356997985
2025-04-07,2385,2385,2210,2220,61354,-0.07499999999999996
2025-04-08,2250,2305,2220,2220,18427,0.0
2025-04-09,2220,2270,2180,2185,27728,-0.015765765765765716
2025-04-10,2260,2320,2250,2280,16151,0.04347826086956519
2025-04-11,2310,2430,2240,2380,23351,0.04385964912280693
2025-04-14,2385,2625,2370,2565,115453,0.07773109243697474
2025-04-15,2565,2570,2470,2525,28439,-0.015594541910331383
2025-04-16,2525,2550,2420,2490,34707,-0.013861386138613874
2025-04-17,2490,2515,2450,2490,18435,0.0
2025-04-18,2530,2760,2480,2700,137690,0.0843373493975903
2025-04-21,2700,2790,2625,2675,70934,-0.0092592592592593
2025-04-22,2675,3055,2675,2800,230808,0.04672897196261672
2025-04-23,2785,2795,2600,2705,77250,-0.03392857142857142
2025-04-24,2705,2740,2575,2635,32013,-0.025878003696857665
2025-04-25,2645,2815,2645,2730,28245,0.036053130929791344
2025-04-28,2730,2730,2625,2630,18084,-0.03663003663003661
2025-04-29,2630,2665,2590,2665,21796,0.013307984790874583
2025-04-30,2640,2640,2555,2565,13440,-0.03752345215759845
2025-05-02,2565,2740,2565,2630,18531,0.025341130604288553
2025-05-07,2735,2735,2585,2590,18925,-0.01520912547528519
2025-05-08,2650,2650,2555,2585,9460,-0.0019305019305019266
2025-05-09,2610,2655,2510,2620,19119,0.013539651837524147
2025-05-12,2595,2660,2565,2570,21363,-0.01908396946564883
2025-05-13,2640,2640,2570,2570,17406,0.0
2025-05-14,2615,2700,2570,2690,43663,0.04669260700389111
2025-05-15,2700,2700,2605,2635,23577,-0.020446096654275103
2025-05-16,2635,2700,2550,2590,27427,-0.017077798861480087
2025-05-19,2600,2630,2550,2590,17674,0.0
2025-05-20,2595,2650,2590,2605,9617,0.005791505791505891
2025-05-21,2620,2650,2585,2615,16060,0.0038387715930903177
2025-05-22,2700,2700,2585,2600,10795,-0.005736137667303964
2025-05-23,2625,2625,2570,2600,5221,0.0
2025-05-26,2600,2670,2540,2585,18250,-0.005769230769230749
2025-05-27,2620,2620,2560,2575,12471,-0.003868471953578312
2025-05-28,2560,2600,2550,2550,15205,-0.009708737864077666
2025-05-29,2575,2580,2545,2555,11179,0.0019607843137254832
2025-05-30,2595,2625,2555,2600,31914,0.017612524461839474
2025-06-02,2605,2655,2600,2655,18423,0.02115384615384608
2025-06-04,2655,2700,2630,2670,16646,0.005649717514124353
2025-06-05,2670,2740,2660,2700,33434,0.011235955056179803
2025-06-09,2740,2740,2690,2725,19901,0.0092592592592593
2025-06-10,2725,2735,2645,2690,29709,-0.012844036697247652
2025-06-11,2690,2730,2680,2720,23234,0.011152416356877248
2025-06-12,2720,2785,2675,2755,38501,0.012867647058823595
2025-06-13,2790,2840,2700,2755,65305,0.0
2025-06-16,2730,2730,2680,2720,26193,-0.012704174228675091
2025-06-17,2705,2745,2675,2735,23797,0.005514705882353033
2025-06-18,2690,2780,2690,2760,24121,0.009140767824497242
2025-06-19,2765,2775,2715,2755,16763,-0.0018115942028985588
2025-06-20,2740,2780,2695,2725,34205,-0.010889292196007205
2025-06-23,2690,2745,2645,2720,20281,-0.0018348623853210455
2025-06-24,2720,2855,2715,2785,48032,0.023897058823529438
2025-06-25,2765,2835,2755,2780,17394,-0.0017953321364452268
2025-06-26,2780,2850,2745,2790,30472,0.003597122302158251
2025-06-27,2820,2820,2745,2745,16410,-0.016129032258064502
2025-06-30,2745,2800,2660,2660,14950,-0.030965391621129323
2025-07-01,2675,2710,2660,2665,18288,0.001879699248120259
2025-07-02,2700,2705,2580,2625,25363,-0.015009380863039379
2025-07-03,2645,2685,2610,2685,10068,0.02285714285714291
2025-07-04,2680,2690,2630,2675,8397,-0.003724394785847296
2025-07-07,2675,2675,2560,2635,13330,-0.01495327102803734
2025-07-08,2635,2700,2570,2635,24606,0.0
2025-07-09,2635,2715,2635,2635,13128,0.0
2025-07-10,2665,2690,2635,2645,9577,0.00379506641366234
2025-07-11,2645,2700,2615,2700,10031,0.020793950850661602
2025-07-14,2725,2725,2645,2690,19752,-0.0037037037037036535
2025-07-15,2690,2700,2655,2700,10329,0.0037174721189590088
2025-07-16,2700,2700,2640,2670,11397,-0.011111111111111072
2025-07-17,2730,2730,2635,2685,14743,0.00561797752808979
2025-07-18,2720,2720,2630,2630,11044,-0.020484171322160183
2025-07-21,2660,2700,2610,2660,12819,0.011406844106463865
2025-07-22,2640,2680,2630,2635,10524,-0.009398496240601517
2025-07-23,2615,2660,2610,2615,14953,-0.007590132827324458
2025-07-24,2610,2775,2580,2650,53725,0.013384321223709472
2025-07-25,2650,2675,2630,2650,10249,0.0
2025-07-28,2625,2650,2535,2615,40704,-0.013207547169811318
2025-07-29,2595,2600,2500,2500,31025,-0.04397705544933084
2025-07-30,2500,2575,2485,2565,18660,0.026000000000000023
2025-07-31,2545,2580,2525,2535,10878,-0.011695906432748537
