Date,Open,High,Low,Close,Volume,Change
2022-01-03,1330,1365,1330,1355,82462,0.014981273408239737
2022-01-04,1355,1415,1350,1395,421031,0.029520295202952074
2022-01-05,1385,1400,1365,1375,202510,-0.014336917562724039
2022-01-06,1350,1375,1335,1340,138139,-0.025454545454545507
2022-01-07,1340,1400,1335,1375,131990,0.026119402985074647
2022-01-10,1385,1385,1335,1350,105109,-0.018181818181818188
2022-01-11,1350,1375,1285,1295,242514,-0.040740740740740744
2022-01-12,1285,1350,1285,1325,146747,0.02316602316602312
2022-01-13,1325,1350,1315,1335,108411,0.007547169811320753
2022-01-14,1335,1335,1300,1315,106542,-0.014981273408239737
2022-01-17,1305,1310,1265,1275,145924,-0.03041825095057038
2022-01-18,1270,1290,1240,1240,103057,-0.027450980392156876
2022-01-19,1225,1245,1200,1215,152588,-0.020161290322580627
2022-01-20,1215,1325,1215,1270,493733,0.04526748971193406
2022-01-21,1270,1280,1245,1260,93601,-0.007874015748031482
2022-01-24,1230,1240,1185,1200,164763,-0.04761904761904767
2022-01-25,1195,1210,1100,1130,242512,-0.05833333333333335
2022-01-26,1120,1200,1105,1140,108536,0.008849557522123908
2022-01-27,1150,1150,1080,1080,188733,-0.052631578947368474
2022-01-28,1080,1150,1070,1125,164586,0.04166666666666674
2022-02-03,1140,1190,1140,1185,103367,0.05333333333333323
2022-02-04,1185,1195,1170,1195,113045,0.00843881856540074
2022-02-07,1200,1210,1180,1195,79812,0.0
2022-02-08,1195,1215,1175,1180,88596,-0.012552301255230103
2022-02-09,1180,1210,1175,1205,69586,0.021186440677966045
2022-02-10,1220,1400,1195,1310,1512170,0.08713692946058083
2022-02-11,1650,1700,1550,1700,2911155,0.2977099236641221
2022-02-14,1820,1855,1445,1455,15053717,-0.14411764705882357
2022-02-15,1415,1435,1320,1370,3135507,-0.05841924398625431
2022-02-16,1390,1435,1350,1390,2016528,0.014598540145985384
2022-02-17,1395,1515,1360,1450,4693319,0.043165467625899234
2022-02-18,1400,1485,1380,1450,1489352,0.0
2022-02-21,1410,1470,1400,1425,779575,-0.017241379310344862
2022-02-22,1400,1435,1375,1390,653280,-0.024561403508771895
2022-02-23,1395,1400,1350,1365,647575,-0.017985611510791366
2022-02-24,1355,1360,1270,1280,1024791,-0.06227106227106227
2022-02-25,1305,1340,1295,1310,701909,0.0234375
2022-02-28,1320,1425,1270,1310,1210751,0.0
2022-03-02,1310,1335,1285,1335,336181,0.01908396946564883
2022-03-03,1365,1380,1305,1375,488207,0.029962546816479474
2022-03-04,1375,1385,1340,1380,285796,0.0036363636363636598
2022-03-07,1380,1380,1330,1335,228013,-0.03260869565217395
2022-03-08,1295,1345,1280,1315,243878,-0.014981273408239737
2022-03-10,1325,1360,1315,1330,259570,0.011406844106463865
2022-03-11,1335,1385,1335,1365,467437,0.026315789473684292
2022-03-14,1385,1385,1330,1340,250737,-0.01831501831501836
2022-03-15,1330,1355,1300,1340,286540,0.0
2022-03-16,1340,1365,1335,1355,188534,0.011194029850746245
2022-03-17,1370,1410,1360,1370,241589,0.011070110701107083
2022-03-18,1425,1470,1380,1385,1949286,0.010948905109489093
2022-03-21,1375,1405,1320,1385,387157,0.0
2022-03-22,1385,1395,1360,1380,248111,-0.0036101083032491488
2022-03-23,1410,1465,1390,1400,1224995,0.01449275362318847
2022-03-24,1390,1420,1355,1410,420675,0.0071428571428571175
2022-03-25,1415,1415,1375,1385,258456,-0.01773049645390068
2022-03-28,1385,1425,1365,1385,221538,0.0
2022-03-29,1385,1395,1375,1390,195092,0.0036101083032491488
2022-03-30,1395,1405,1370,1380,177820,-0.007194244604316502
2022-03-31,1385,1420,1375,1415,343884,0.0253623188405796
2022-04-01,1410,1420,1380,1410,198521,-0.0035335689045936647
2022-04-04,1400,1425,1385,1420,228850,0.007092198581560183
2022-04-05,1420,1425,1400,1425,208538,0.0035211267605634866
2022-04-06,1415,1425,1390,1390,151032,-0.024561403508771895
2022-04-07,1375,1390,1350,1360,169366,-0.021582733812949617
2022-04-08,1360,1385,1345,1355,150600,-0.003676470588235281
2022-04-11,1355,1385,1330,1345,153289,-0.0073800738007380184
2022-04-12,1330,1350,1290,1340,404335,-0.0037174721189591198
2022-04-13,1340,1375,1335,1365,134366,0.018656716417910557
2022-04-14,1380,1390,1355,1390,234706,0.01831501831501825
2022-04-15,1390,1410,1365,1405,179907,0.010791366906474753
2022-04-18,1395,1420,1385,1405,220628,0.0
2022-04-19,1405,1460,1390,1450,733157,0.03202846975088969
2022-04-20,1470,1570,1465,1510,3714027,0.04137931034482767
2022-04-21,1515,1535,1450,1525,924393,0.009933774834437026
2022-04-22,1490,1505,1440,1500,617491,-0.016393442622950838
2022-04-25,1495,1495,1410,1440,503665,-0.040000000000000036
2022-04-26,1440,1535,1440,1505,715458,0.04513888888888884
2022-04-27,1465,1505,1460,1495,293644,-0.006644518272425293
2022-04-28,1495,1530,1450,1485,433532,-0.006688963210702337
2022-04-29,1500,1500,1450,1480,332878,-0.0033670033670033517
2022-05-02,1485,1525,1465,1490,395719,0.006756756756756799
2022-05-03,1480,1490,1420,1455,400005,-0.023489932885906062
2022-05-04,1455,1600,1435,1540,1496509,0.05841924398625431
2022-05-06,1510,1540,1485,1530,797471,-0.00649350649350644
2022-05-09,1515,1555,1370,1375,1381290,-0.10130718954248363
2022-05-10,1330,1395,1315,1380,375858,0.0036363636363636598
2022-05-11,1380,1400,1360,1365,300863,-0.010869565217391353
2022-05-12,1355,1375,1305,1315,313505,-0.03663003663003661
2022-05-13,1315,1345,1310,1330,155672,0.011406844106463865
2022-05-16,1335,1370,1305,1370,203550,0.03007518796992481
2022-05-17,1370,1385,1350,1380,190190,0.007299270072992803
2022-05-18,1385,1400,1350,1355,217608,-0.018115942028985477
2022-05-19,1310,1345,1300,1325,233288,-0.022140221402214055
2022-05-20,1325,1355,1325,1350,88909,0.018867924528301883
2022-05-23,1360,1360,1325,1325,93108,-0.01851851851851849
2022-05-24,1325,1335,1280,1290,162303,-0.026415094339622636
2022-05-25,1290,1310,1275,1290,49011,0.0
2022-05-26,1290,1310,1280,1295,80947,0.003875968992248069
2022-05-27,1295,1315,1285,1315,119642,0.015444015444015413
2022-05-30,1315,1325,1310,1325,68876,0.0076045627376426506
2022-05-31,1330,1350,1315,1330,129623,0.0037735849056603765
2022-06-02,1320,1340,1300,1335,85854,0.003759398496240518
2022-06-03,1340,1340,1315,1330,103309,-0.0037453183520599342
2022-06-07,1360,1360,1305,1305,105481,-0.018796992481203034
2022-06-08,1305,1335,1290,1320,196652,0.011494252873563315
2022-06-09,1320,1320,1270,1280,140225,-0.030303030303030276
2022-06-10,1275,1550,1250,1460,2981023,0.140625
2022-06-13,1410,1600,1380,1480,4923902,0.013698630136986356
2022-06-14,1435,1650,1405,1580,7145428,0.06756756756756754
2022-06-15,1610,1625,1450,1480,2130098,-0.06329113924050633
2022-06-16,1515,1620,1480,1515,1745107,0.023648648648648685
2022-06-17,1505,1600,1460,1585,1358367,0.0462046204620461
2022-06-20,1590,1700,1540,1565,2897332,-0.012618296529968487
2022-06-21,1565,1600,1485,1570,712123,0.0031948881789136685
2022-06-22,1570,1605,1400,1420,1564739,-0.09554140127388533
2022-06-23,1400,1450,1280,1280,1020210,-0.09859154929577463
2022-06-24,1290,1395,1220,1385,1293019,0.08203125
2022-06-27,1385,1590,1385,1590,1493066,0.1480144404332131
2022-06-28,1570,1615,1545,1580,573882,-0.0062893081761006275
2022-06-29,1550,1555,1450,1505,843069,-0.04746835443037978
2022-06-30,1500,1505,1380,1390,762372,-0.07641196013289031
2022-07-01,1395,1480,1370,1395,604548,0.003597122302158251
2022-07-04,1495,1495,1330,1355,850484,-0.028673835125448077
2022-07-05,1360,1400,1335,1390,364286,0.02583025830258312
2022-07-06,1415,1530,1345,1415,1431588,0.017985611510791477
2022-07-07,1430,1465,1420,1455,332628,0.028268551236749095
2022-07-08,1455,1465,1400,1415,293917,-0.027491408934707917
2022-07-11,1405,1415,1355,1375,249134,-0.028268551236749095
2022-07-12,1385,1385,1310,1335,190702,-0.029090909090909056
2022-07-13,1315,1335,1295,1330,178662,-0.0037453183520599342
2022-07-14,1310,1355,1295,1330,168300,0.0
2022-07-15,1325,1330,1280,1305,280542,-0.018796992481203034
2022-07-18,1305,1355,1305,1345,110528,0.03065134099616862
2022-07-19,1345,1350,1315,1345,67094,0.0
2022-07-20,1360,1365,1330,1330,92191,-0.01115241635687736
2022-07-21,1345,1355,1330,1350,85351,0.015037593984962516
2022-07-22,1355,1375,1335,1335,89129,-0.011111111111111072
2022-07-25,1325,1370,1325,1345,124804,0.0074906367041198685
2022-07-26,1345,1370,1340,1345,79591,0.0
2022-07-27,1340,1375,1335,1355,81749,0.0074349442379182396
2022-07-28,1360,1400,1360,1385,206706,0.022140221402213944
2022-07-29,1395,1405,1305,1390,156749,0.0036101083032491488
2022-08-01,1390,1425,1365,1385,301540,-0.003597122302158251
2022-08-02,1390,1450,1380,1445,405605,0.04332129963898912
2022-08-03,1445,1455,1405,1425,156709,-0.01384083044982698
2022-08-04,1435,1435,1395,1435,127126,0.007017543859649145
2022-08-05,1415,1425,1400,1410,114898,-0.017421602787456414
2022-08-08,1410,1410,1330,1390,249830,-0.014184397163120588
2022-08-09,1390,1400,1365,1375,130866,-0.010791366906474864
2022-08-10,1385,1400,1360,1390,127746,0.01090909090909098
2022-08-11,1400,1420,1380,1415,194417,0.017985611510791477
2022-08-12,1405,1450,1405,1450,174832,0.02473498233215543
2022-08-16,1450,1455,1410,1425,145245,-0.017241379310344862
2022-08-17,1420,1430,1390,1410,122238,-0.010526315789473717
2022-08-18,1400,1415,1370,1390,237151,-0.014184397163120588
2022-08-19,1395,1435,1385,1395,140382,0.003597122302158251
2022-08-22,1390,1400,1345,1355,208751,-0.028673835125448077
2022-08-23,1325,1365,1325,1350,100364,-0.0036900369003689537
2022-08-24,1345,1370,1325,1345,150046,-0.0037037037037036535
2022-08-25,1350,1365,1330,1345,79765,0.0
2022-08-26,1360,1370,1340,1340,115376,-0.0037174721189591198
2022-08-29,1335,1335,1285,1310,96255,-0.02238805970149249
2022-08-30,1295,1330,1295,1320,80976,0.007633587786259444
2022-08-31,1330,1330,1275,1305,150443,-0.011363636363636354
2022-09-01,1300,1330,1275,1280,219813,-0.019157088122605415
2022-09-02,1280,1300,1250,1275,148791,-0.00390625
2022-09-05,1275,1350,1255,1295,212775,0.015686274509803866
2022-09-06,1310,1350,1290,1325,166226,0.02316602316602312
2022-09-07,1335,1340,1285,1320,130078,-0.0037735849056603765
2022-09-08,1320,1335,1300,1305,48689,-0.011363636363636354
2022-09-13,1310,1330,1300,1310,62744,0.003831417624521105
2022-09-14,1285,1320,1285,1310,32588,0.0
2022-09-15,1315,1325,1300,1315,65037,0.003816793893129722
2022-09-16,1315,1340,1305,1320,106041,0.0038022813688212143
2022-09-19,1350,1385,1315,1330,228779,0.007575757575757569
2022-09-20,1320,1340,1310,1325,71518,-0.003759398496240629
2022-09-21,1320,1335,1290,1300,89424,-0.018867924528301883
2022-09-22,1305,1305,1250,1305,145639,0.0038461538461538325
2022-09-23,1290,1305,1265,1275,98336,-0.02298850574712641
2022-09-26,1245,1270,1150,1150,298098,-0.0980392156862745
2022-09-27,1120,1160,1100,1150,184044,0.0
2022-09-28,1145,1160,1095,1135,130189,-0.013043478260869601
2022-09-29,1135,1150,1085,1085,181651,-0.04405286343612336
2022-09-30,1070,1090,1050,1090,105797,0.004608294930875667
2022-10-04,1095,1145,1095,1125,56240,0.032110091743119185
2022-10-05,1145,1145,1080,1100,110870,-0.022222222222222254
2022-10-06,1100,1160,1095,1155,99174,0.050000000000000044
2022-10-07,1145,1160,1125,1135,45887,-0.017316017316017285
2022-10-11,1125,1125,1080,1100,89053,-0.03083700440528636
2022-10-12,1085,1105,1070,1080,63174,-0.018181818181818188
2022-10-13,1070,1080,1020,1020,156695,-0.05555555555555558
2022-10-14,1050,1075,1040,1050,90912,0.02941176470588225
2022-10-17,1050,1095,1030,1085,136732,0.03333333333333344
2022-10-18,1085,1145,1085,1125,52789,0.03686635944700467
2022-10-19,1125,1145,1105,1120,43211,-0.004444444444444473
2022-10-20,1125,1285,1090,1180,1664288,0.0535714285714286
2022-10-21,1180,1265,1130,1220,397365,0.03389830508474567
2022-10-24,1230,1260,1180,1180,453522,-0.032786885245901676
2022-10-25,1205,1325,1165,1240,986743,0.05084745762711873
2022-10-26,1245,1275,1205,1230,218801,-0.008064516129032251
2022-10-27,1230,1255,1185,1245,187401,0.012195121951219523
2022-10-28,1230,1255,1205,1215,112127,-0.02409638554216864
2022-10-31,1215,1225,1180,1225,214010,0.008230452674897082
2022-11-01,1225,1240,1210,1230,87088,0.004081632653061273
2022-11-02,1225,1225,1180,1190,163502,-0.03252032520325199
2022-11-03,1180,1195,1160,1190,38750,0.0
2022-11-04,1180,1220,1170,1190,186799,0.0
2022-11-07,1195,1205,1160,1195,67459,0.004201680672268893
2022-11-08,1195,1210,1190,1200,39838,0.004184100418409997
2022-11-09,1200,1220,1190,1205,84984,0.004166666666666652
2022-11-10,1205,1310,1180,1270,541575,0.053941908713692976
2022-11-11,1280,1285,1240,1275,160713,0.003937007874015741
2022-11-14,1275,1315,1270,1295,134371,0.015686274509803866
2022-11-15,1310,1330,1280,1300,104340,0.0038610038610038533
2022-11-16,1320,1360,1290,1355,273042,0.04230769230769238
2022-11-17,1360,1360,1320,1345,88254,-0.0073800738007380184
2022-11-18,1345,1370,1330,1370,83300,0.018587360594795488
2022-11-21,1370,1450,1345,1440,456569,0.051094890510948954
2022-11-22,1420,1490,1405,1430,544834,-0.00694444444444442
2022-11-23,1455,1455,1370,1370,270588,-0.04195804195804198
2022-11-24,1390,1455,1380,1450,176710,0.058394160583941535
2022-11-25,1440,1500,1430,1440,213590,-0.006896551724137945
2022-11-28,1450,1490,1415,1440,223500,0.0
2022-11-29,1455,1515,1435,1480,478976,0.02777777777777768
2022-11-30,1485,1585,1450,1575,601806,0.06418918918918926
2022-12-01,1595,1630,1530,1615,643160,0.025396825396825307
2022-12-02,1615,1760,1605,1730,1609320,0.07120743034055721
2022-12-05,1720,1825,1670,1755,1779883,0.014450867052023142
2022-12-06,1730,1780,1615,1670,996415,-0.04843304843304841
2022-12-07,1585,1715,1430,1480,2080469,-0.11377245508982037
2022-12-08,1520,1540,1430,1530,1017327,0.03378378378378377
2022-12-09,1530,1705,1500,1640,2203636,0.07189542483660127
2022-12-12,1715,1725,1620,1645,1046800,0.0030487804878047697
2022-12-13,1640,1660,1580,1600,421870,-0.027355623100303927
2022-12-14,1590,1625,1560,1585,262309,-0.009375000000000022
2022-12-15,1585,1605,1515,1575,424271,-0.006309148264984188
2022-12-16,1550,1555,1475,1480,635069,-0.060317460317460325
2022-12-19,1480,1495,1425,1470,439755,-0.006756756756756799
2022-12-20,1520,1600,1390,1405,1095261,-0.04421768707482998
2022-12-21,1400,1450,1375,1435,436849,0.021352313167259718
2022-12-22,1435,1500,1425,1490,456313,0.03832752613240409
2022-12-23,1475,1490,1435,1445,335627,-0.030201342281879207
2022-12-26,1445,1445,1400,1435,168153,-0.00692041522491349
2022-12-27,1425,1485,1420,1455,184483,0.013937282229965264
2022-12-28,1455,1500,1425,1430,133220,-0.01718213058419249
2022-12-29,1430,1450,1390,1445,158301,0.010489510489510412
2023-01-02,1435,1495,1430,1460,186827,0.01038062283737018
2023-01-03,1445,1450,1360,1425,278730,-0.023972602739726012
2023-01-04,1390,1425,1370,1415,155935,-0.007017543859649145
2023-01-05,1435,1485,1420,1460,200788,0.03180212014134276
2023-01-06,1460,1510,1430,1495,306938,0.023972602739726012
2023-01-09,1510,1590,1480,1570,426852,0.050167224080267525
2023-01-10,1585,1685,1550,1675,683964,0.06687898089171984
2023-01-11,1660,1690,1580,1595,464206,-0.047761194029850795
2023-01-12,1600,1665,1575,1645,312958,0.03134796238244508
2023-01-13,1645,1710,1630,1650,390382,0.003039513677811634
2023-01-16,1660,1685,1605,1630,271521,-0.012121212121212088
2023-01-17,1630,1920,1600,1720,4916687,0.05521472392638027
2023-01-18,1710,1775,1610,1625,1670598,-0.05523255813953487
2023-01-19,1605,1675,1565,1585,534053,-0.024615384615384595
2023-01-20,1565,1605,1550,1585,290317,0.0
2023-01-25,1590,1590,1547,1589,205044,0.0025236593059936308
2023-01-26,1589,1680,1582,1634,266703,0.028319697923222087
2023-01-27,1634,1642,1600,1600,136062,-0.020807833537331732
2023-01-30,1610,1614,1575,1585,153565,-0.009375000000000022
2023-01-31,1577,1610,1557,1607,190543,0.013880126182965302
2023-02-01,1607,1655,1607,1628,170134,0.013067828251400071
2023-02-02,1630,1633,1607,1619,170225,-0.005528255528255532
2023-02-03,1620,1703,1619,1690,291057,0.04385423100679442
2023-02-06,1682,1752,1652,1748,508765,0.03431952662721893
2023-02-07,1741,1747,1710,1710,326613,-0.021739130434782594
2023-02-08,1719,1747,1691,1700,203187,-0.005847953216374324
2023-02-09,1712,1712,1670,1686,151524,-0.008235294117647007
2023-02-10,1686,1785,1658,1758,802812,0.04270462633451966
2023-02-13,1754,1765,1712,1715,323296,-0.024459613196814556
2023-02-14,1716,1734,1699,1699,144833,-0.00932944606413999
2023-02-15,1715,1774,1681,1700,438045,0.0005885815185402432
2023-02-16,1705,1741,1615,1682,482104,-0.010588235294117676
2023-02-17,1682,1690,1635,1650,244965,-0.019024970273483932
2023-02-20,1650,1661,1610,1628,192257,-0.013333333333333308
2023-02-21,1665,1667,1600,1618,214029,-0.00614250614250611
2023-02-22,1609,1621,1569,1579,315181,-0.02410383189122378
2023-02-23,1579,1630,1551,1630,241990,0.03229892336922102
2023-02-24,1640,1668,1561,1570,237394,-0.036809815950920255
2023-02-27,1585,1585,1541,1563,136197,-0.004458598726114649
2023-02-28,1554,1649,1554,1613,134101,0.03198976327575176
2023-03-02,1613,1677,1611,1641,198732,0.017358958462492247
2023-03-03,1643,1672,1616,1625,93946,-0.009750152346130414
2023-03-06,1625,1678,1517,1661,241480,0.02215384615384619
2023-03-07,1661,1683,1625,1642,99126,-0.011438892233594178
2023-03-08,1626,1668,1621,1640,102789,-0.0012180267965895553
2023-03-09,1641,1770,1631,1766,1004667,0.076829268292683
2023-03-10,1745,1800,1702,1751,647410,-0.008493771234428071
2023-03-13,1735,1742,1672,1696,296728,-0.03141062250142779
2023-03-14,1696,1696,1570,1600,409259,-0.05660377358490565
2023-03-15,1650,1733,1639,1730,433724,0.08125000000000004
2023-03-16,1730,1740,1680,1710,160898,-0.011560693641618491
2023-03-17,1732,1743,1703,1710,174728,0.0
2023-03-20,1709,1756,1685,1723,247867,0.007602339181286499
2023-03-21,1750,1750,1680,1687,196833,-0.020893789901334836
2023-03-22,1688,1721,1656,1659,189343,-0.016597510373444035
2023-03-23,1660,1660,1605,1617,248357,-0.025316455696202556
2023-03-24,1627,1708,1627,1678,223758,0.03772418058132354
2023-03-27,1670,1700,1620,1696,164719,0.010727056019070424
2023-03-28,1712,1780,1695,1737,398922,0.024174528301886822
2023-03-29,1751,1760,1708,1752,226972,0.008635578583765069
2023-03-30,1744,1790,1722,1775,289011,0.013127853881278462
2023-03-31,1775,1784,1707,1717,234886,-0.03267605633802817
2023-04-03,1717,1818,1711,1818,784179,0.05882352941176472
2023-04-04,1819,1850,1798,1827,569586,0.004950495049504955
2023-04-05,1810,1879,1801,1848,663404,0.011494252873563315
2023-04-06,1850,1850,1806,1829,282197,-0.010281385281385336
2023-04-07,1822,1829,1745,1800,316219,-0.01585565882996176
2023-04-10,1793,1793,1730,1757,254105,-0.02388888888888885
2023-04-11,1750,1862,1742,1836,445050,0.04496300512236773
2023-04-12,1836,1869,1810,1860,329743,0.013071895424836555
2023-04-13,1865,2375,1814,2180,6920922,0.17204301075268824
2023-04-14,2125,2200,2050,2135,2251786,-0.020642201834862428
2023-04-17,2135,2185,2050,2120,857858,-0.007025761124121788
2023-04-18,2140,2170,1999,2020,780027,-0.047169811320754707
2023-04-19,2025,2135,2010,2080,520314,0.02970297029702973
2023-04-20,2080,2265,2050,2060,1858764,-0.009615384615384581
2023-04-21,2055,2220,1975,2185,1241858,0.06067961165048552
2023-04-24,2145,2165,2045,2115,640599,-0.03203661327231122
2023-04-25,2125,2165,2025,2090,685219,-0.011820330969267157
2023-04-26,2070,2100,1990,1990,580744,-0.04784688995215314
2023-04-27,1988,2060,1932,2025,288879,0.017587939698492372
2023-04-28,2025,2090,1988,2050,322309,0.012345679012345734
2023-05-02,2030,2130,2030,2130,331213,0.039024390243902474
2023-05-03,2085,2105,2040,2040,295454,-0.04225352112676062
2023-05-04,2010,2140,2010,2095,547926,0.026960784313725394
2023-05-08,2115,2150,2055,2055,415127,-0.019093078758949833
2023-05-09,2060,2110,2035,2090,204484,0.017031630170316392
2023-05-10,2090,2220,2060,2160,977380,0.03349282296650724
2023-05-11,2205,2295,2140,2205,1087101,0.02083333333333326
2023-05-12,2205,2290,2165,2200,759833,-0.0022675736961451642
2023-05-15,2205,2230,2045,2060,750552,-0.0636363636363636
2023-05-16,2060,2130,1953,1970,851514,-0.043689320388349495
2023-05-17,2005,2050,1971,2035,310736,0.03299492385786795
2023-05-18,2035,2155,2030,2135,516433,0.0491400491400491
2023-05-19,2150,2150,2060,2090,295402,-0.021077283372365363
2023-05-22,2090,2115,2070,2110,228119,0.009569377990430672
2023-05-23,2110,2135,2065,2075,211279,-0.016587677725118488
2023-05-24,2060,2180,2030,2055,497447,-0.009638554216867434
2023-05-25,2055,2165,2045,2090,341587,0.017031630170316392
2023-05-26,2090,2110,2030,2035,339032,-0.02631578947368418
2023-05-30,2055,2070,1983,1986,357317,-0.024078624078624045
2023-05-31,1986,1986,1907,1920,412595,-0.033232628398791486
2023-06-01,1919,1936,1872,1881,234396,-0.020312499999999956
2023-06-02,1884,1955,1871,1955,246178,0.039340776182881454
2023-06-05,1955,1970,1944,1959,113159,0.002046035805626678
2023-06-07,1959,1959,1913,1914,179510,-0.02297090352220521
2023-06-08,1914,1914,1848,1856,305606,-0.030303030303030276
2023-06-09,1862,1900,1849,1870,231752,0.007543103448275801
2023-06-12,1871,1899,1835,1889,191072,0.010160427807486716
2023-06-13,1876,1948,1876,1912,178218,0.012175754367390157
2023-06-14,1912,1931,1875,1897,206223,-0.007845188284518856
2023-06-15,1897,1926,1881,1890,103600,-0.0036900369003689537
2023-06-16,1899,1916,1881,1893,87058,0.0015873015873015817
2023-06-19,1893,1893,1804,1848,279326,-0.023771790808240878
2023-06-20,1839,1846,1780,1819,158716,-0.015692640692640647
2023-06-21,1819,1839,1795,1800,158728,-0.010445299615173154
2023-06-22,1800,1805,1759,1771,180836,-0.016111111111111076
2023-06-23,1770,1790,1730,1785,191828,0.007905138339920903
2023-06-26,1766,1820,1741,1798,143357,0.007282913165266081
2023-06-27,1811,1846,1779,1820,210593,0.012235817575083408
2023-06-28,1815,1847,1805,1818,178768,-0.001098901098901095
2023-06-29,1830,1830,1731,1760,240569,-0.03190319031903188
2023-06-30,1760,1801,1731,1785,144334,0.014204545454545414
2023-07-03,1795,1847,1786,1800,159057,0.008403361344537785
2023-07-04,1818,1818,1755,1759,141058,-0.022777777777777786
2023-07-05,1759,1780,1689,1703,239917,-0.03183627060830019
2023-07-06,1703,1726,1675,1675,159035,-0.016441573693482092
2023-07-07,1675,1732,1658,1713,124169,0.02268656716417916
2023-07-10,1730,1747,1693,1742,122423,0.016929363689433652
2023-07-11,1742,1779,1728,1742,54487,0.0
2023-07-12,1760,1785,1731,1782,113258,0.02296211251435132
2023-07-13,1782,1812,1604,1669,497854,-0.06341189674523007
2023-07-14,1670,1682,1622,1682,230022,0.007789095266626633
2023-07-17,1682,1691,1613,1666,140665,-0.009512485136741966
2023-07-18,1675,1683,1601,1607,231687,-0.03541416566626654
2023-07-19,1624,1624,1572,1600,188836,-0.00435594275046669
2023-07-20,1598,1602,1565,1588,195275,-0.007499999999999951
2023-07-21,1615,1700,1570,1690,232941,0.06423173803526439
2023-07-24,1670,1674,1557,1561,327486,-0.07633136094674553
2023-07-25,1584,1585,1530,1530,198279,-0.01985906470211407
2023-07-26,1531,1531,1420,1474,368178,-0.036601307189542465
2023-07-27,1474,1546,1474,1526,139769,0.03527815468113982
2023-07-28,1554,1618,1538,1592,186529,0.04325032765399728
2023-07-31,1610,1635,1561,1631,97230,0.02449748743718594
2023-08-01,1631,1673,1600,1655,143504,0.014714898835070489
2023-08-02,1680,1680,1613,1615,120325,-0.024169184290030232
2023-08-03,1615,1669,1600,1668,116117,0.03281733746130033
2023-08-04,1669,1926,1657,1788,2863905,0.07194244604316546
2023-08-07,1771,1940,1691,1917,1092403,0.07214765100671139
2023-08-08,1915,1915,1801,1838,585397,-0.041210224308815824
2023-08-09,1836,1864,1800,1828,445265,-0.005440696409140355
2023-08-10,1828,1829,1790,1826,152884,-0.001094091903719896
2023-08-11,1826,2195,1814,2040,4676792,0.11719605695509316
2023-08-14,2005,2050,1965,1970,759654,-0.03431372549019607
2023-08-16,1951,2090,1931,1975,1434657,0.002538071065989911
2023-08-17,1957,1973,1876,1890,663383,-0.04303797468354431
2023-08-18,1862,1984,1835,1984,685358,0.04973544973544963
2023-08-21,1984,2205,1960,2100,3050728,0.058467741935483764
2023-08-22,2075,2125,2040,2050,897516,-0.023809523809523836
2023-08-23,2070,2665,2000,2660,16841415,0.29756097560975614
2023-08-24,2585,3125,2565,2940,15933268,0.10526315789473695
2023-08-25,2980,3600,2930,3070,23494045,0.04421768707482987
2023-08-28,2995,3250,2995,3250,2233931,0.05863192182410426
2023-08-29,3350,3350,3205,3295,1124288,0.013846153846153841
2023-08-30,3205,3350,3205,3280,960951,-0.004552352048558417
2023-08-31,3225,3380,3025,3150,2412702,-0.03963414634146345
2023-09-01,3155,3790,3150,3425,11514743,0.08730158730158721
2023-09-04,3365,3440,3305,3340,1769853,-0.02481751824817513
2023-09-05,3420,4255,3330,3935,19018008,0.1781437125748504
2023-09-06,4070,4445,3885,4130,9544194,0.04955527318932651
2023-09-07,4045,4120,3725,3765,3016509,-0.08837772397094434
2023-09-08,3830,4350,3685,4080,8754277,0.08366533864541825
2023-09-11,4080,4345,3990,4020,4215846,-0.014705882352941124
2023-09-12,4055,4230,3935,4135,2823462,0.028606965174129417
2023-09-13,3950,3995,3805,3980,1345117,-0.037484885126964906
2023-09-14,3925,3980,3710,3760,1136989,-0.055276381909547756
2023-09-15,3780,3780,3520,3595,1548059,-0.0438829787234043
2023-09-18,3500,3780,3450,3780,1535184,0.05146036161335177
2023-09-19,3780,3780,3340,3360,1455650,-0.11111111111111116
2023-09-20,3440,3445,3165,3410,1432035,0.014880952380952328
2023-09-21,3350,3370,3120,3180,1294217,-0.06744868035190621
2023-09-22,3505,3510,3040,3200,2819700,0.0062893081761006275
2023-09-25,3180,3520,3160,3470,1945947,0.08437500000000009
2023-09-26,3410,3555,3135,3485,1256570,0.004322766570605152
2023-09-27,3170,3415,3050,3290,1707474,-0.05595408895265419
2023-10-04,3205,3270,3070,3130,1170193,-0.04863221884498481
2023-10-05,3175,3395,3125,3335,1163152,0.06549520766773154
2023-10-06,3325,3520,3305,3385,839837,0.014992503748125996
2023-10-10,3355,3355,3100,3180,794868,-0.06056129985228953
2023-10-11,3180,3495,3180,3480,1347825,0.09433962264150941
2023-10-12,3370,3950,3340,3880,3588490,0.11494252873563227
2023-10-13,3840,3875,3635,3780,1416222,-0.02577319587628868
2023-10-16,3690,3935,3575,3880,1410204,0.02645502645502651
2023-10-17,3880,4165,3880,4020,1829947,0.03608247422680422
2023-10-18,3980,4080,3905,3985,891951,-0.008706467661691586
2023-10-19,3935,4060,3750,3810,1396005,-0.04391468005018817
2023-10-20,3675,3955,3645,3900,975600,0.023622047244094446
2023-10-23,4030,4040,3000,3250,3157172,-0.16666666666666663
2023-10-24,3255,3570,3225,3570,1253493,0.09846153846153838
2023-10-25,3570,3605,3395,3430,816394,-0.039215686274509776
2023-10-26,3350,3390,3190,3315,730536,-0.03352769679300294
2023-10-27,3340,3445,3200,3290,553956,-0.007541478129713397
2023-10-30,3220,3410,3205,3335,488036,0.013677811550151908
2023-10-31,3300,3370,2975,3030,1533024,-0.09145427286356822
2023-11-01,3080,3265,3045,3115,717546,0.028052805280528004
2023-11-02,3115,3175,2990,3100,914385,-0.0048154093097912964
2023-11-03,3080,3135,2990,3095,755781,-0.001612903225806428
2023-11-06,3070,3070,2830,2915,1808201,-0.058158319870759256
2023-11-07,2925,3220,2865,3170,2619406,0.08747855917667247
2023-11-08,3140,3190,3000,3050,1248476,-0.03785488958990535
2023-11-09,3050,3245,3005,3110,835843,0.01967213114754096
2023-11-10,3075,3225,3040,3225,701400,0.036977491961414755
2023-11-13,3230,3465,3180,3305,1544824,0.024806201550387597
2023-11-14,3330,3420,3305,3330,633370,0.0075642965204236745
2023-11-15,3315,3600,3290,3600,1323440,0.08108108108108114
2023-11-16,3735,3845,3535,3770,2765210,0.047222222222222276
2023-11-17,3800,3800,3515,3620,1429222,-0.03978779840848812
2023-11-20,3960,3965,3655,3675,3650041,0.015193370165745845
2023-11-21,3665,3675,3420,3485,2236011,-0.051700680272108834
2023-11-22,3405,3615,3335,3450,1808393,-0.010043041606886627
2023-11-23,3535,3585,3295,3390,1600331,-0.017391304347826098
2023-11-24,3410,3430,3225,3330,1090645,-0.017699115044247815
2023-11-27,3290,3290,3055,3105,1312297,-0.06756756756756754
2023-11-28,3060,3260,3020,3150,1153727,0.01449275362318847
2023-11-29,3120,3285,3045,3210,1255994,0.01904761904761898
2023-11-30,3610,4170,3490,4170,18176852,0.2990654205607477
2023-12-01,4580,5230,4375,4740,39450787,0.13669064748201443
2023-12-04,4740,5080,4315,4395,13755183,-0.07278481012658233
2023-12-05,4180,4280,3770,3815,12894608,-0.1319681456200228
2023-12-06,3760,4350,3700,4135,17530505,0.08387942332896459
2023-12-07,4065,4405,3850,3990,9078774,-0.035066505441354257
2023-12-08,4010,4140,3900,4100,3318622,0.027568922305764465
2023-12-11,4115,4470,4075,4330,6595324,0.056097560975609806
2023-12-12,4295,4305,3955,4060,2527434,-0.06235565819861433
2023-12-13,4090,4250,4010,4040,2050209,-0.0049261083743842304
2023-12-14,4095,4150,3840,4000,1834228,-0.00990099009900991
2023-12-15,4000,4065,3875,3960,1412182,-0.010000000000000009
2023-12-18,4205,4315,4050,4195,3468611,0.059343434343434254
2023-12-19,4160,4180,3965,4165,1923848,-0.007151370679380209
2023-12-20,4220,4220,4020,4070,1917413,-0.02280912364945975
2023-12-21,4000,4155,3475,3500,4732527,-0.14004914004914004
2023-12-22,3550,3815,3200,3690,2896582,0.05428571428571427
2023-12-26,3650,3845,3480,3480,1710643,-0.05691056910569103
2023-12-27,3180,3345,3080,3260,2416626,-0.06321839080459768
2023-12-28,3315,3480,3255,3415,1878953,0.04754601226993871
2024-01-02,3420,3445,3270,3315,917475,-0.029282576866764276
2024-01-03,3325,3325,3170,3210,788317,-0.03167420814479638
2024-01-04,3200,3230,3100,3230,699922,0.006230529595015577
2024-01-05,3200,3230,3140,3230,485641,0.0
2024-01-08,3220,3275,3175,3260,431497,0.009287925696594534
2024-01-09,3235,3340,3235,3310,613054,0.015337423312883347
2024-01-10,3350,3350,3175,3200,600943,-0.033232628398791486
2024-01-11,3225,3260,3155,3160,497252,-0.012499999999999956
2024-01-12,3160,3160,3015,3070,547907,-0.02848101265822789
2024-01-15,3085,3095,2935,2990,670735,-0.026058631921824116
2024-01-16,2980,3000,2860,2925,533537,-0.021739130434782594
2024-01-17,2920,2920,2760,2845,818051,-0.027350427350427364
2024-01-18,2855,2935,2775,2815,510201,-0.010544815465729385
2024-01-19,2825,2885,2710,2770,525506,-0.01598579040852577
2024-01-22,2670,2720,2555,2625,1114870,-0.05234657039711188
2024-01-23,2635,2825,2530,2755,1732130,0.049523809523809526
2024-01-24,2725,2730,2525,2565,818756,-0.06896551724137934
2024-01-25,2545,2590,2485,2515,498476,-0.01949317738791423
2024-01-26,2515,2605,2500,2570,368458,0.021868787276341894
2024-01-29,2600,2605,2500,2530,435450,-0.015564202334630295
2024-01-30,2530,2565,2470,2500,333271,-0.011857707509881465
2024-01-31,2500,2540,2405,2490,306486,-0.0040000000000000036
2024-02-01,2445,2490,2380,2455,490698,-0.014056224899598346
2024-02-02,2470,2535,2440,2535,340387,0.03258655804480659
2024-02-05,2545,2545,2465,2490,226850,-0.017751479289940808
2024-02-06,2490,2515,2420,2440,248845,-0.02008032128514059
2024-02-07,2425,2500,2420,2495,176197,0.02254098360655732
2024-02-08,2500,2640,2475,2620,517514,0.05010020040080154
2024-02-13,2600,2940,2600,2855,1766812,0.08969465648854968
2024-02-14,2860,3000,2855,2880,1077918,0.008756567425569184
2024-02-15,2920,2940,2850,2900,468789,0.00694444444444442
2024-02-16,2915,2955,2835,2920,522689,0.006896551724137945
2024-02-19,3040,3110,2915,3000,1236377,0.027397260273972712
2024-02-20,2990,3030,2910,2990,431531,-0.0033333333333332993
2024-02-21,2980,3015,2870,2905,446273,-0.02842809364548493
2024-02-22,2885,2920,2845,2860,293098,-0.015490533562822706
2024-02-23,2915,2915,2680,2890,336232,0.010489510489510412
2024-02-26,2865,2940,2825,2850,198867,-0.01384083044982698
2024-02-27,2860,2860,2795,2825,185336,-0.00877192982456143
2024-02-28,2830,2905,2795,2835,250055,0.003539823008849474
2024-02-29,2805,2925,2805,2900,328444,0.022927689594356204
2024-03-04,2900,3140,2900,3075,852607,0.06034482758620685
2024-03-05,3060,3085,2980,3000,440737,-0.024390243902439046
2024-03-06,2995,3155,2980,3040,671470,0.01333333333333342
2024-03-07,3020,3050,2910,2965,485156,-0.024671052631578982
2024-03-08,2930,2980,2840,2870,418887,-0.03204047217537942
2024-03-11,2805,2925,2795,2850,303932,-0.006968641114982632
2024-03-12,2890,2910,2730,2760,414298,-0.03157894736842104
2024-03-13,2765,2980,2765,2825,915263,0.023550724637681153
2024-03-14,2845,2845,2665,2715,737069,-0.038938053097345104
2024-03-15,2715,2755,2620,2690,405974,-0.009208103130755041
2024-03-18,2625,2730,2600,2625,384071,-0.024163568773234223
2024-03-19,2625,2640,2500,2575,636447,-0.01904761904761909
2024-03-20,2550,2625,2545,2590,302257,0.005825242718446644
2024-03-21,2595,2685,2580,2585,259683,-0.0019305019305019266
2024-03-22,2580,2580,2480,2500,634992,-0.03288201160541582
2024-03-25,2520,2545,2450,2470,336797,-0.01200000000000001
2024-03-26,2475,2500,2410,2440,329676,-0.012145748987854255
2024-03-27,2425,2475,2385,2465,307169,0.010245901639344357
2024-03-28,2465,2465,2340,2365,492357,-0.04056795131845847
2024-03-29,2370,2415,2315,2410,371356,0.019027484143763207
2024-04-01,2400,2460,2320,2375,286060,-0.014522821576763434
2024-04-02,2350,2375,2270,2280,431876,-0.040000000000000036
2024-04-03,2275,2315,2230,2280,243596,0.0
2024-04-04,2260,2290,2210,2220,216395,-0.02631578947368418
2024-04-05,2220,2230,2150,2200,254008,-0.009009009009009028
2024-04-08,2195,2235,2105,2130,234577,-0.03181818181818186
2024-04-09,2130,2230,2120,2140,493888,0.0046948356807512415
2024-04-11,1998,2080,1800,2050,1211795,-0.04205607476635509
2024-04-12,2050,2055,1960,1996,302792,-0.02634146341463417
2024-04-15,2000,2015,1915,1941,375202,-0.02755511022044088
2024-04-16,1921,1960,1900,1942,189965,0.0005151983513653757
2024-04-17,1908,2030,1908,1942,212860,0.0
2024-04-18,1950,2185,1950,2075,718178,0.06848609680741502
2024-04-19,2060,2060,1944,1972,442589,-0.04963855421686747
2024-04-22,1950,2015,1950,1967,235936,-0.002535496957403627
2024-04-23,1972,2030,1971,1980,161966,0.0066090493136756745
2024-04-24,2010,2060,1996,2025,200573,0.022727272727272707
2024-04-25,2005,2025,1964,1968,155584,-0.028148148148148144
2024-04-26,1968,1995,1924,1933,170009,-0.01778455284552849
2024-04-29,1950,2010,1948,1995,240954,0.032074495602690156
2024-04-30,1997,2050,1997,2020,122889,0.012531328320801949
2024-05-02,2030,2250,2010,2190,1288424,0.08415841584158423
2024-05-03,2175,2200,2140,2160,278863,-0.013698630136986356
2024-05-07,2180,2395,2180,2260,1204017,0.04629629629629628
2024-05-08,2260,2325,2205,2270,623837,0.004424778761061843
2024-05-09,2280,2320,2245,2300,621861,0.013215859030837107
2024-05-10,2275,2320,2255,2305,327258,0.0021739130434783593
2024-05-13,2325,2380,2290,2355,447002,0.021691973969631295
2024-05-14,2375,2500,2355,2455,852330,0.0424628450106157
2024-05-16,2490,2665,2445,2600,1172577,0.05906313645621175
2024-05-17,2640,2655,2555,2630,600463,0.011538461538461497
2024-05-20,2680,2690,2610,2625,518057,-0.0019011406844106071
2024-05-21,2605,2640,2545,2555,394587,-0.026666666666666616
2024-05-22,2525,2580,2440,2520,373525,-0.013698630136986356
2024-05-23,2485,2590,2430,2570,391674,0.01984126984126977
2024-05-24,2525,2580,2475,2475,258339,-0.03696498054474706
2024-05-27,2475,2545,2400,2480,239065,0.002020202020202033
2024-05-28,2465,2530,2400,2485,348408,0.002016129032258007
2024-05-29,2455,2495,2335,2370,326393,-0.046277665995975825
2024-05-30,2375,2420,2305,2385,226734,0.006329113924050667
2024-05-31,2385,2665,2385,2590,903484,0.08595387840670865
2024-06-03,2590,2645,2575,2575,431298,-0.00579150579150578
2024-06-04,2600,2645,2535,2620,293393,0.01747572815533971
2024-06-05,2590,2695,2565,2620,423089,0.0
2024-06-07,2630,2670,2520,2545,415851,-0.028625954198473247
2024-06-10,2535,2975,2525,2770,2980750,0.08840864440078589
2024-06-11,2770,2915,2730,2785,1045965,0.005415162454873723
2024-06-12,2845,2940,2800,2865,937178,0.02872531418312385
2024-06-13,2980,2980,2775,2855,1187374,-0.003490401396160525
2024-06-14,2875,2955,2820,2925,1010833,0.024518388791593626
2024-06-17,2965,2970,2715,2715,1098411,-0.07179487179487176
2024-06-18,2710,2745,2645,2735,580932,0.007366482504604033
2024-06-19,2740,2740,2625,2720,479486,-0.005484460694698323
2024-06-20,2710,2975,2710,2975,2285238,0.09375
2024-06-21,2890,2910,2765,2765,1020160,-0.07058823529411762
2024-06-24,2770,2770,2525,2550,1232217,-0.07775768535262206
2024-06-25,2520,2605,2510,2575,417933,0.009803921568627416
2024-06-26,2580,2665,2570,2570,495226,-0.001941747572815511
2024-06-27,2600,2600,2495,2535,250528,-0.013618677042801508
2024-06-28,2535,2655,2535,2615,303990,0.03155818540433919
2024-07-01,2600,2630,2450,2495,650433,-0.04588910133843216
2024-07-02,2485,2525,2465,2510,244830,0.006012024048096087
2024-07-03,2505,2530,2410,2420,312626,-0.03585657370517925
2024-07-04,2445,2455,2410,2440,168751,0.008264462809917328
2024-07-05,2445,2480,2405,2430,186033,-0.004098360655737654
2024-07-08,2410,2560,2405,2515,236221,0.034979423868312765
2024-07-09,2500,2545,2500,2540,157700,0.00994035785288272
2024-07-10,2565,3300,2545,3300,14141749,0.29921259842519676
2024-07-11,3595,3685,3365,3485,17478608,0.056060606060606144
2024-07-12,3455,3535,3320,3475,6309190,-0.0028694404591105283
2024-07-15,3425,3560,3365,3455,3957426,-0.0057553956834532904
2024-07-16,3375,3455,3120,3170,3653334,-0.08248914616497827
2024-07-17,3205,3755,3170,3510,25509227,0.10725552050473186
2024-07-18,3330,3440,3210,3300,3536951,-0.05982905982905984
2024-07-19,3305,3455,2975,3290,6208916,-0.00303030303030305
2024-07-22,3180,3350,3010,3250,3544145,-0.012158054711246202
2024-07-23,3255,3470,3140,3210,5903734,-0.012307692307692353
2024-07-24,3090,3120,2745,2775,4212520,-0.13551401869158874
2024-07-25,2720,3115,2655,2900,6728312,0.04504504504504503
2024-07-26,2855,3005,2855,2935,1199303,0.012068965517241459
2024-07-29,2900,3150,2895,3045,1367698,0.03747870528109032
2024-07-30,3045,3045,2935,2970,655996,-0.024630541871921152
2024-07-31,3000,3060,2925,2960,589347,-0.0033670033670033517
2024-08-01,2985,3220,2975,3160,1602847,0.06756756756756754
2024-08-02,3155,3160,3000,3045,969896,-0.03639240506329111
2024-08-05,2920,3075,2725,2980,1392489,-0.021346469622331665
2024-08-06,2955,3150,2955,3055,1213215,0.025167785234899265
2024-08-07,3035,3185,3035,3160,739020,0.03436988543371533
2024-08-08,3130,3175,3075,3100,595610,-0.01898734177215189
2024-08-09,3140,3310,3135,3205,1256680,0.03387096774193554
2024-08-12,3185,3235,3085,3085,786217,-0.03744149765990634
2024-08-13,3060,3120,2985,3105,639016,0.006482982171799101
2024-08-14,3125,3265,3115,3115,739765,0.0032206119162641045
2024-08-16,3150,3185,2985,3005,986058,-0.035313001605136396
2024-08-19,2985,3090,2930,3070,485787,0.021630615640598982
2024-08-20,3060,3125,3055,3085,405429,0.004885993485342022
2024-08-21,3070,3120,3050,3065,330253,-0.00648298217179899
2024-08-22,3085,3260,3070,3180,1854380,0.03752039151712894
2024-08-23,3140,3180,3050,3075,549931,-0.03301886792452835
2024-08-26,3075,3180,2980,3130,763723,0.01788617886178856
2024-08-27,3120,3190,3070,3160,383012,0.009584664536741228
2024-08-28,3155,3200,3100,3190,472726,0.009493670886076
2024-08-29,3160,3180,3020,3055,683974,-0.042319749216300995
2024-08-30,3055,3165,3035,3150,444499,0.03109656301145658
2024-09-02,3110,3140,3000,3015,523374,-0.042857142857142816
2024-09-03,3030,3045,2915,2920,538829,-0.031509121061359835
2024-09-04,2810,2875,2780,2850,472675,-0.023972602739726012
2024-09-05,2850,2985,2840,2915,345634,0.02280701754385972
2024-09-06,2890,2965,2840,2895,317838,-0.006861063464837058
2024-09-09,2860,2870,2775,2860,345274,-0.012089810017271163
2024-09-10,2855,2930,2670,2730,451409,-0.045454545454545414
2024-09-11,2705,2760,2655,2705,462562,-0.009157509157509125
2024-09-12,2730,2835,2715,2790,312843,0.031423290203327126
2024-09-13,2790,2830,2760,2810,145642,0.007168458781362075
2024-09-19,2810,2840,2770,2800,200837,-0.003558718861209953
2024-09-20,2830,3185,2820,3145,2165334,0.12321428571428572
2024-09-23,3075,3140,3045,3080,482605,-0.020667726550079535
2024-09-24,3035,3085,2970,3040,555163,-0.012987012987012991
2024-09-25,3050,3320,3050,3140,1193657,0.03289473684210531
2024-09-26,3150,3175,3105,3135,388704,-0.0015923566878981443
2024-09-27,3140,3215,3100,3185,429787,0.01594896331738438
2024-09-30,3200,3200,3025,3080,517660,-0.03296703296703296
