Date,Open,High,Low,Close,Volume,Change
2022-01-03,3325,3390,3290,3310,50756,0.001512859304084735
2022-01-04,3330,3390,3295,3340,87307,0.009063444108761365
2022-01-05,3345,3415,3305,3400,141926,0.017964071856287456
2022-01-06,3320,3595,3320,3570,492414,0.050000000000000044
2022-01-07,3515,3645,3475,3625,328311,0.01540616246498594
2022-01-10,3590,3650,3520,3560,239976,-0.017931034482758568
2022-01-11,3580,3580,3430,3490,115125,-0.0196629213483146
2022-01-12,3505,3580,3470,3535,193006,0.012893982808023008
2022-01-13,3535,3985,3495,3850,4307841,0.08910891089108919
2022-01-14,3810,3880,3715,3775,740604,-0.01948051948051943
2022-01-17,3765,3765,3545,3625,534403,-0.039735099337748325
2022-01-18,3605,3625,3500,3510,270707,-0.03172413793103446
2022-01-19,3450,3615,3410,3585,305135,0.02136752136752129
2022-01-20,3600,3675,3595,3640,222836,0.015341701534170138
2022-01-21,3635,3635,3530,3535,191831,-0.028846153846153855
2022-01-24,3535,3550,3400,3410,166645,-0.03536067892503536
2022-01-25,3420,3455,3270,3315,218946,-0.027859237536656867
2022-01-26,3315,3440,3305,3375,130758,0.018099547511312153
2022-01-27,3450,3490,3315,3385,276700,0.002962962962963056
2022-01-28,3385,3460,3315,3460,204653,0.02215657311669128
2022-02-03,3460,3550,3460,3515,117426,0.01589595375722541
2022-02-04,3505,3545,3470,3520,132342,0.0014224751066855834
2022-02-07,3510,3535,3465,3535,91084,0.0042613636363635354
2022-02-08,3490,3630,3490,3530,179429,-0.0014144271570014633
2022-02-09,3560,3680,3555,3635,200766,0.02974504249291776
2022-02-10,3625,3680,3560,3600,132229,-0.009628610729023435
2022-02-11,3580,3890,3460,3500,1039877,-0.02777777777777779
2022-02-14,3405,3515,3380,3460,153444,-0.011428571428571455
2022-02-15,3470,3520,3390,3425,128135,-0.010115606936416222
2022-02-16,3485,3620,3470,3565,249883,0.04087591240875921
2022-02-17,3565,3645,3485,3545,194176,-0.005610098176718092
2022-02-18,3520,3600,3450,3590,175611,0.012693935119887145
2022-02-21,3585,3585,3470,3570,106527,-0.005571030640668551
2022-02-22,3530,3555,3440,3490,134457,-0.022408963585434205
2022-02-23,3460,3540,3460,3500,68501,0.002865329512893977
2022-02-24,3510,3510,3340,3345,172149,-0.04428571428571426
2022-02-25,3405,3455,3375,3400,95246,0.01644245142002987
2022-02-28,3330,3455,3325,3395,83560,-0.0014705882352941124
2022-03-02,3345,3525,3345,3525,485936,0.038291605301914666
2022-03-03,3505,3520,3420,3490,259747,-0.009929078014184411
2022-03-04,3480,3480,3420,3460,122587,-0.008595988538681931
2022-03-07,3420,3435,3340,3365,118603,-0.027456647398843903
2022-03-08,3330,3360,3280,3340,96762,-0.007429420505200568
2022-03-10,3370,3400,3325,3335,101202,-0.0014970059880239361
2022-03-11,3385,3385,3310,3335,85580,0.0
2022-03-14,3335,3380,3230,3230,156473,-0.03148425787106446
2022-03-15,3280,3280,3165,3175,105973,-0.017027863777089758
2022-03-16,3200,3240,3145,3185,79145,0.0031496062992126816
2022-03-17,3205,3250,3145,3200,177468,0.0047095761381474865
2022-03-18,3200,3325,3160,3310,173920,0.034375000000000044
2022-03-21,3340,3340,3255,3260,73757,-0.015105740181268867
2022-03-22,3260,3285,3240,3265,56560,0.0015337423312884457
2022-03-23,3275,3305,3270,3300,63542,0.010719754977029039
2022-03-24,3260,3300,3260,3270,47257,-0.009090909090909038
2022-03-25,3285,3285,3235,3250,51412,-0.006116207951070374
2022-03-28,3230,3255,3205,3220,88103,-0.009230769230769265
2022-03-29,3220,3300,3220,3235,94599,0.004658385093167627
2022-03-30,3255,3385,3245,3330,179423,0.029366306027820643
2022-03-31,3330,3365,3275,3300,81092,-0.009009009009009028
2022-04-01,3290,3290,3240,3250,60513,-0.015151515151515138
2022-04-04,3235,3275,3205,3255,57109,0.0015384615384614886
2022-04-05,3255,3275,3210,3230,93553,-0.007680491551459334
2022-04-06,3210,3245,3195,3200,52483,-0.009287925696594423
2022-04-07,3205,3210,3145,3150,80640,-0.015625
2022-04-08,3150,3205,3140,3155,62510,0.0015873015873015817
2022-04-11,3145,3185,3120,3140,45315,-0.004754358161648153
2022-04-12,3135,3350,3130,3275,744979,0.04299363057324834
2022-04-13,3265,3285,3205,3245,177292,-0.009160305343511421
2022-04-14,3260,3285,3190,3200,110032,-0.013867488443759624
2022-04-15,3225,3290,3160,3235,156738,0.010937500000000044
2022-04-18,3245,3275,3215,3250,48833,0.004636785162287493
2022-04-19,3225,3280,3225,3265,74401,0.004615384615384688
2022-04-20,3300,3300,3225,3240,73432,-0.007656967840735107
2022-04-21,3240,3270,3215,3245,36695,0.0015432098765431057
2022-04-22,3250,3570,3225,3335,1738684,0.027734976887519247
2022-04-25,3325,3325,3245,3295,157674,-0.01199400299850073
2022-04-26,3300,3345,3285,3300,138083,0.0015174506828528056
2022-04-27,3255,3295,3245,3260,283771,-0.012121212121212088
2022-04-28,3375,3375,3260,3290,163283,0.009202453987730008
2022-04-29,3290,3420,3265,3280,411996,-0.003039513677811523
2022-05-02,3300,3300,3210,3245,95560,-0.010670731707317027
2022-05-03,3245,3295,3240,3245,65620,0.0
2022-05-04,3280,3280,3220,3220,91813,-0.007704160246533087
2022-05-06,3195,3255,3175,3200,72890,-0.006211180124223614
2022-05-09,3200,3225,3110,3110,94231,-0.028124999999999956
2022-05-10,3120,3180,2995,3055,121096,-0.01768488745980712
2022-05-11,3145,3145,3050,3060,32478,0.0016366612111293755
2022-05-12,3030,3115,3000,3000,77410,-0.019607843137254943
2022-05-13,3080,3350,3055,3080,222223,0.026666666666666616
2022-05-16,3150,3550,3150,3265,2695087,0.060064935064935154
2022-05-17,3235,3285,3185,3215,228189,-0.015313935681470103
2022-05-18,3235,3280,3190,3190,256347,-0.007776049766718529
2022-05-19,3175,3220,3055,3185,158928,-0.0015673981191222097
2022-05-20,3185,3235,3180,3190,144157,0.0015698587127157548
2022-05-23,3200,3265,3155,3160,168960,-0.009404388714733591
2022-05-24,3195,3290,3140,3175,274752,0.004746835443038
2022-05-25,3175,3230,3120,3160,78623,-0.0047244094488189115
2022-05-26,3145,3415,3120,3130,906754,-0.009493670886076
2022-05-27,3150,3165,3100,3105,129470,-0.007987220447284393
2022-05-30,3105,3155,3105,3105,183658,0.0
2022-05-31,3130,3165,3115,3165,107095,0.019323671497584627
2022-06-02,3145,3190,3130,3140,66209,-0.00789889415481837
2022-06-03,3155,3200,3115,3130,76175,-0.0031847133757961776
2022-06-07,3130,3150,3095,3100,96234,-0.009584664536741228
2022-06-08,3110,3120,3070,3070,112736,-0.009677419354838679
2022-06-09,3070,3070,3010,3045,62856,-0.008143322475570036
2022-06-10,3035,3040,3000,3015,78669,-0.009852216748768461
2022-06-13,2980,3010,2880,2880,128927,-0.04477611940298509
2022-06-14,2820,2880,2780,2840,91124,-0.01388888888888884
2022-06-15,2845,2880,2655,2670,99224,-0.059859154929577496
2022-06-16,2700,2760,2625,2625,61246,-0.016853932584269704
2022-06-17,2590,2590,2360,2550,184353,-0.02857142857142858
2022-06-20,2550,2565,2300,2390,277749,-0.06274509803921569
2022-06-21,2350,2540,2350,2490,89371,0.04184100418410042
2022-06-22,2500,2525,2340,2340,70843,-0.06024096385542166
2022-06-23,2305,2370,2165,2165,184054,-0.07478632478632474
2022-06-24,2165,2350,2165,2305,123159,0.0646651270207852
2022-06-27,2305,2465,2305,2440,60398,0.05856832971800441
2022-06-28,2400,2545,2400,2535,56499,0.03893442622950816
2022-06-29,2435,2565,2435,2540,80794,0.0019723865877712132
2022-06-30,2545,2585,2490,2540,68282,0.0
2022-07-01,2510,2590,2465,2510,100759,-0.011811023622047223
2022-07-04,2510,2535,2390,2460,79919,-0.019920318725099584
2022-07-05,2500,2500,2425,2425,70661,-0.014227642276422814
2022-07-06,2435,2440,2360,2370,56241,-0.02268041237113405
2022-07-07,2375,2525,2375,2440,53971,0.029535864978903037
2022-07-08,2460,2500,2460,2480,33448,0.016393442622950838
2022-07-11,2475,2535,2475,2485,27706,0.002016129032258007
2022-07-12,2490,2490,2430,2480,31108,-0.002012072434607659
2022-07-13,2420,2490,2420,2470,35476,-0.0040322580645161255
2022-07-14,2480,2505,2440,2490,31760,0.00809716599190291
2022-07-15,2520,2520,2435,2500,72064,0.004016064257028162
2022-07-18,2515,2555,2495,2550,61606,0.020000000000000018
2022-07-19,2530,2585,2530,2570,31336,0.007843137254901933
2022-07-20,2580,2625,2560,2565,64605,-0.0019455252918287869
2022-07-21,2570,2580,2525,2565,44139,0.0
2022-07-22,2575,2620,2575,2590,55561,0.00974658869395717
2022-07-25,2615,2780,2590,2645,395975,0.021235521235521304
2022-07-26,2640,2665,2610,2645,33352,0.0
2022-07-27,2645,2680,2630,2670,50886,0.00945179584120992
2022-07-28,2675,2705,2660,2670,42719,0.0
2022-07-29,2685,2710,2665,2700,40491,0.011235955056179803
2022-08-01,2700,2755,2695,2740,56440,0.014814814814814836
2022-08-02,2740,2770,2730,2770,57679,0.010948905109489093
2022-08-03,2775,2865,2760,2800,97090,0.010830324909747224
2022-08-04,2805,2840,2780,2815,48258,0.005357142857142838
2022-08-05,2820,2825,2795,2815,51290,0.0
2022-08-08,2820,2820,2760,2790,23905,-0.008880994671403242
2022-08-09,2795,2820,2780,2795,46334,0.0017921146953405742
2022-08-10,2805,2810,2760,2760,29752,-0.012522361359570633
2022-08-11,2765,2800,2755,2760,25083,0.0
2022-08-12,2760,2780,2750,2755,23875,-0.0018115942028985588
2022-08-16,2760,3220,2760,2885,2211235,0.047186932849364815
2022-08-17,2890,3300,2880,3015,2386401,0.045060658578856216
2022-08-18,3070,3165,2995,3050,412296,0.011608623548922115
2022-08-19,3035,3250,3015,3040,394794,-0.003278688524590123
2022-08-22,2990,3070,2990,3030,112259,-0.003289473684210509
2022-08-23,3020,3100,2990,3010,155994,-0.0066006600660065695
2022-08-24,3020,3050,2980,3010,84162,0.0
2022-08-25,3040,3040,2980,2985,73148,-0.00830564784053156
2022-08-26,2980,3020,2980,3010,93108,0.008375209380234505
2022-08-29,2910,2975,2900,2960,45204,-0.01661129568106312
2022-08-30,2980,2990,2920,2970,91386,0.0033783783783782884
2022-08-31,2980,2990,2950,2990,53101,0.006734006734006703
2022-09-01,2955,2980,2925,2930,58742,-0.02006688963210701
2022-09-02,2930,2995,2920,2940,53989,0.0034129692832765013
2022-09-05,2960,3000,2945,2970,58064,0.010204081632652962
2022-09-06,3000,3000,2970,2970,33679,0.0
2022-09-07,2995,2995,2900,2935,77332,-0.011784511784511786
2022-09-08,2950,2970,2925,2935,72887,0.0
2022-09-13,2935,2975,2935,2945,29721,0.0034071550255536653
2022-09-14,2900,2950,2900,2920,57293,-0.008488964346349714
2022-09-15,2910,2925,2855,2870,55634,-0.017123287671232834
2022-09-16,2870,2885,2800,2815,29324,-0.019163763066202044
2022-09-19,2790,2825,2685,2700,65201,-0.04085257548845467
2022-09-20,2725,2755,2710,2710,17180,0.0037037037037037646
2022-09-21,2710,2735,2635,2635,30361,-0.027675276752767486
2022-09-22,2565,2695,2555,2695,43951,0.022770398481973375
2022-09-23,2700,2725,2555,2560,69524,-0.05009276437847865
2022-09-26,2460,2640,2400,2410,85255,-0.05859375
2022-09-27,2410,2435,2325,2415,70356,0.0020746887966804906
2022-09-28,2435,2650,2340,2420,265474,0.0020703933747412417
2022-09-29,2420,2530,2400,2415,72890,-0.0020661157024793875
2022-09-30,2300,2400,2295,2370,99683,-0.018633540372670843
2022-10-04,2450,2450,2360,2435,41372,0.02742616033755274
2022-10-05,2500,2500,2345,2370,46745,-0.026694045174537995
2022-10-06,2370,2435,2345,2420,58197,0.021097046413502074
2022-10-07,2460,2460,2360,2395,28890,-0.010330578512396715
2022-10-11,2400,2400,2225,2250,87245,-0.06054279749478075
2022-10-12,2210,2275,2145,2250,103278,0.0
2022-10-13,2210,2250,2130,2190,49958,-0.026666666666666616
2022-10-14,2200,2300,2170,2195,115696,0.0022831050228311334
2022-10-17,2150,2220,2100,2220,67972,0.011389521640091216
2022-10-18,2210,2295,2210,2250,34857,0.013513513513513598
2022-10-19,2230,2415,2230,2300,235745,0.022222222222222143
2022-10-20,2295,2685,2260,2620,1453046,0.13913043478260878
2022-10-21,2620,2810,2600,2770,490168,0.057251908396946494
2022-10-24,2770,2830,2570,2690,167314,-0.028880866425992746
2022-10-25,2710,2845,2710,2795,173209,0.0390334572490707
2022-10-26,2800,2810,2710,2790,87865,-0.0017889087656529634
2022-10-27,2765,2880,2750,2870,133787,0.028673835125448077
2022-10-28,2850,2900,2845,2875,79881,0.0017421602787457413
2022-10-31,2850,2945,2850,2930,91783,0.019130434782608674
2022-11-01,2960,2960,2730,2805,172738,-0.0426621160409556
2022-11-02,2780,2850,2755,2795,41887,-0.0035650623885917776
2022-11-03,2750,2805,2700,2795,94206,0.0
2022-11-04,2770,2835,2735,2825,38511,0.01073345259391778
2022-11-07,2840,2840,2750,2770,30318,-0.019469026548672552
2022-11-08,2740,2790,2730,2770,31858,0.0
2022-11-09,2765,2805,2715,2735,31545,-0.012635379061371799
2022-11-10,2705,2775,2705,2770,14977,0.01279707495429605
2022-11-11,2810,2825,2755,2780,44941,0.0036101083032491488
2022-11-14,2820,2910,2780,2845,265100,0.023381294964028854
2022-11-15,2905,2905,2770,2845,146917,0.0
2022-11-16,2885,2885,2795,2800,47024,-0.01581722319859402
2022-11-17,2830,2875,2660,2845,144630,0.016071428571428514
2022-11-18,2845,2860,2760,2805,102429,-0.01405975395430581
2022-11-21,2775,2810,2725,2805,56581,0.0
2022-11-22,2770,2785,2730,2755,49201,-0.017825311942959
2022-11-23,2755,2800,2730,2765,37381,0.003629764065335772
2022-11-24,2820,2820,2750,2760,14238,-0.001808318264014508
2022-11-25,2765,2860,2715,2840,97636,0.02898550724637672
2022-11-28,2860,2865,2740,2800,74666,-0.014084507042253502
2022-11-29,2750,2785,2725,2755,56061,-0.016071428571428625
2022-11-30,2755,2805,2755,2785,33365,0.010889292196007316
2022-12-01,2830,2830,2770,2790,53965,0.0017953321364452268
2022-12-02,2825,2825,2730,2775,30271,-0.005376344086021501
2022-12-05,2815,2815,2755,2800,24853,0.009009009009008917
2022-12-06,2750,2800,2700,2710,135542,-0.03214285714285714
2022-12-07,2710,2710,2550,2585,162716,-0.04612546125461259
2022-12-08,2585,2735,2495,2645,163498,0.023210831721470093
2022-12-09,2630,2680,2525,2575,169957,-0.026465028355387554
2022-12-12,2540,2615,2540,2580,29663,0.001941747572815622
2022-12-13,2570,2600,2495,2495,91761,-0.032945736434108475
2022-12-14,2495,2525,2480,2500,79783,0.002004008016031955
2022-12-15,2500,2600,2495,2575,74973,0.030000000000000027
2022-12-16,2560,2575,2500,2575,40762,0.0
2022-12-19,2550,2550,2495,2535,35805,-0.01553398058252431
2022-12-20,2500,2520,2480,2480,24192,-0.021696252465483234
2022-12-21,2465,2495,2465,2465,9789,-0.006048387096774244
2022-12-22,2455,2530,2440,2500,18357,0.014198782961460488
2022-12-23,2525,2525,2440,2480,158152,-0.008000000000000007
2022-12-26,2460,2480,2400,2480,21065,0.0
2022-12-27,2455,2495,2425,2425,42422,-0.022177419354838745
2022-12-28,2445,2445,2400,2400,13092,-0.010309278350515427
2022-12-29,2330,2395,2280,2395,74160,-0.002083333333333326
2023-01-02,2345,2455,2345,2430,25871,0.014613778705636848
2023-01-03,2380,2410,2340,2360,17568,-0.028806584362139898
2023-01-04,2310,2440,2310,2430,30686,0.029661016949152463
2023-01-05,2430,2545,2360,2490,56456,0.024691358024691468
2023-01-06,2465,2580,2430,2560,99638,0.028112449799196693
2023-01-09,2535,2605,2535,2600,45841,0.015625
2023-01-10,2620,2640,2580,2600,19327,0.0
2023-01-11,2635,2635,2565,2595,31417,-0.0019230769230769162
2023-01-12,2585,2690,2585,2645,33339,0.019267822736030782
2023-01-13,2665,2685,2560,2620,24933,-0.009451795841209809
2023-01-16,2620,2655,2585,2640,14752,0.007633587786259444
2023-01-17,2640,2660,2575,2575,19085,-0.024621212121212155
2023-01-18,2575,2580,2530,2540,6350,-0.013592233009708687
2023-01-19,2520,2545,2490,2490,17827,-0.019685039370078705
2023-01-20,2490,2510,2425,2465,37886,-0.010040160642570295
2023-01-25,2460,2485,2450,2465,40233,0.0
2023-01-26,2465,2605,2465,2535,41244,0.028397565922920975
2023-01-27,2550,2595,2530,2550,24074,0.00591715976331364
2023-01-30,2595,2655,2555,2590,25568,0.015686274509803866
2023-01-31,2590,2600,2545,2580,11660,-0.0038610038610038533
2023-02-01,2575,2645,2560,2585,53072,0.0019379844961240345
2023-02-02,2595,2685,2595,2605,43593,0.007736943907156624
2023-02-03,2640,2640,2590,2605,49371,0.0
2023-02-06,2635,2635,2580,2590,19635,-0.0057581573896353655
2023-02-07,2580,2610,2570,2590,8624,0.0
2023-02-08,2590,2645,2590,2595,40141,0.0019305019305020377
2023-02-09,2610,2655,2585,2620,34569,0.009633911368015502
2023-02-10,2610,2625,2575,2620,25584,0.0
2023-02-13,2610,2610,2580,2595,22345,-0.009541984732824416
2023-02-14,2595,2615,2580,2580,27903,-0.005780346820809301
2023-02-15,2590,2590,2535,2570,29556,-0.003875968992248069
2023-02-16,2540,2605,2515,2565,40722,-0.0019455252918287869
2023-02-17,2565,2635,2545,2630,37096,0.025341130604288553
2023-02-20,2610,2680,2610,2635,62133,0.0019011406844107182
2023-02-21,2640,2700,2605,2660,66985,0.009487666034155628
2023-02-22,2645,2645,2600,2635,28355,-0.009398496240601517
2023-02-23,2620,2665,2610,2650,16799,0.005692599620493288
2023-02-24,2680,2680,2615,2625,14598,-0.009433962264150941
2023-02-27,2600,2625,2510,2600,22533,-0.00952380952380949
2023-02-28,2570,2680,2545,2650,57140,0.019230769230769162
2023-03-02,2660,2680,2635,2655,15121,0.0018867924528302993
2023-03-03,2680,2680,2620,2650,38555,-0.0018832391713747842
2023-03-06,2650,2680,2620,2670,32694,0.007547169811320753
2023-03-07,2660,2670,2630,2650,26090,-0.0074906367041198685
2023-03-08,2640,2650,2610,2650,140271,0.0
2023-03-09,3350,3445,3125,3305,16594916,0.24716981132075477
2023-03-10,3100,3105,2865,3010,3205171,-0.08925869894099847
2023-03-13,2965,2975,2795,2850,1242717,-0.05315614617940201
2023-03-14,2825,2835,2615,2630,1129738,-0.07719298245614037
2023-03-15,2710,2730,2640,2645,823830,0.005703422053231932
2023-03-16,2635,2715,2570,2695,509251,0.018903591682419618
2023-03-17,2720,2775,2675,2745,600971,0.01855287569573294
2023-03-20,2710,2820,2710,2795,576460,0.01821493624772308
2023-03-21,2880,2880,2740,2790,397787,-0.0017889087656529634
2023-03-22,2805,2820,2730,2800,388510,0.0035842293906809264
2023-03-23,2715,3445,2715,3105,19361802,0.10892857142857149
2023-03-24,3070,3200,3035,3035,3091842,-0.02254428341384862
2023-03-27,3035,3090,2985,3085,1873449,0.016474464579901094
2023-03-28,3295,3295,3115,3130,1833743,0.014586709886547755
2023-03-29,3130,3270,3075,3230,1441160,0.03194888178913735
2023-03-30,3230,3870,3170,3680,10604904,0.13931888544891646
2023-03-31,3865,3990,3705,3890,5224707,0.057065217391304435
2023-04-03,4100,4440,3900,4280,7628630,0.10025706940874035
2023-04-04,4325,4600,4010,4075,4504922,-0.04789719626168221
2023-04-05,4070,4240,3875,4110,2080287,0.008588957055214674
2023-04-06,4050,4075,3900,3970,1122830,-0.03406326034063256
2023-04-07,3975,4115,3855,4040,1035062,0.017632241813602123
2023-04-10,4005,4040,3860,3945,1083660,-0.023514851485148536
2023-04-11,3910,4270,3715,4100,3733007,0.03929024081115329
2023-04-12,4300,4480,4065,4185,4553995,0.02073170731707319
2023-04-13,4260,4825,3950,4545,12594442,0.08602150537634401
2023-04-14,4335,4410,4275,4350,2253359,-0.04290429042904287
2023-04-17,4310,4325,4065,4140,1410346,-0.0482758620689655
2023-04-18,4095,4120,3890,3945,1546809,-0.047101449275362306
2023-04-19,3955,4100,3930,3995,839979,0.012674271229404344
2023-04-20,4035,4435,3940,3940,3835173,-0.013767209011264048
2023-04-21,3890,3915,3720,3745,1050041,-0.04949238578680204
2023-04-24,4255,4380,3900,4145,7317361,0.10680907877169554
2023-04-25,4390,5380,4270,5380,30468209,0.2979493365500603
2023-04-26,5750,5750,4320,4460,21032078,-0.17100371747211895
2023-04-27,4470,5030,4450,4835,14812674,0.0840807174887892
2023-04-28,4915,6240,4850,5690,38942489,0.1768355739400207
2023-05-02,6250,6740,5830,5950,15626919,0.04569420035149374
2023-05-03,6060,7680,5770,7250,25837336,0.21848739495798308
2023-05-04,7410,7640,6740,6870,8356182,-0.05241379310344829
2023-05-08,6870,8930,6870,8410,26829692,0.22416302765647744
2023-05-09,7950,10450,7570,8770,35539723,0.04280618311533879
2023-05-10,9010,10000,8790,9340,13178370,0.06499429874572415
2023-05-11,8830,9450,7950,8160,5499977,-0.12633832976445392
2023-05-12,8000,8170,7560,7780,4674441,-0.04656862745098034
2023-05-15,7990,9020,7700,8300,7728272,0.06683804627249357
2023-05-16,8030,8320,7320,7750,3429048,-0.0662650602409639
2023-05-17,7900,8190,7250,7980,5551362,0.029677419354838808
2023-05-18,8290,9090,7860,8860,9803563,0.11027568922305764
2023-05-19,9080,9080,8020,8140,4052783,-0.08126410835214448
2023-05-22,8010,8290,7700,8040,1771727,-0.012285012285012331
2023-05-23,8250,8340,7850,8010,1736084,-0.003731343283582045
2023-05-24,8000,8150,7730,7920,1698399,-0.011235955056179803
2023-05-25,7860,8460,7510,8120,4717484,0.025252525252525304
2023-05-26,8240,8270,7890,7950,2010920,-0.020935960591133007
2023-05-30,7920,8170,7800,7980,1812898,0.0037735849056603765
2023-05-31,8060,8840,7990,8770,8503482,0.09899749373433586
2023-06-01,8580,10380,8540,9780,21905736,0.11516533637400217
2023-06-02,9980,10380,9450,9610,5098605,-0.017382413087934534
2023-06-05,9590,10540,9330,10320,16848307,0.07388137356919877
2023-06-07,10430,10570,9610,9670,5944889,-0.06298449612403101
2023-06-08,9600,9730,9080,9180,2920837,-0.05067218200620471
2023-06-09,9190,9470,8860,8980,2608145,-0.02178649237472763
2023-06-12,8820,9150,8760,9000,1920316,0.00222717149220486
2023-06-13,8910,9800,8840,9340,6136813,0.03777777777777769
2023-06-14,9440,9450,8890,9000,2328111,-0.036402569593147804
2023-06-15,8870,8970,8530,8710,1634823,-0.03222222222222226
2023-06-16,8760,8890,8550,8630,948047,-0.009184845005740572
2023-06-19,8540,8640,8280,8380,1363697,-0.028968713789107814
2023-06-20,8380,8460,8060,8160,1404930,-0.026252983293556076
2023-06-21,8300,8800,8030,8280,2675188,0.014705882352941124
2023-06-22,8150,8210,7980,7980,1120719,-0.036231884057971064
2023-06-23,8050,8130,7710,7750,1175620,-0.028822055137844638
2023-06-26,7770,8170,7650,8020,1270159,0.03483870967741942
2023-06-27,8020,8120,7720,7770,716925,-0.03117206982543641
2023-06-28,7790,7980,7480,7600,1030565,-0.02187902187902191
2023-06-29,7600,7690,7330,7400,901382,-0.02631578947368418
2023-06-30,7350,7760,7220,7350,1294422,-0.006756756756756799
2023-07-03,7440,7640,7390,7540,738217,0.02585034013605436
2023-07-04,7630,8250,7470,8200,2171679,0.08753315649867366
2023-07-05,8450,8700,8250,8380,2303493,0.02195121951219514
2023-07-06,8440,9690,8390,9220,15709350,0.10023866348448696
2023-07-07,9140,9150,8510,9080,3294076,-0.015184381778741818
2023-07-10,9490,10110,8750,8790,8617278,-0.0319383259911894
2023-07-11,8840,9380,8570,9130,3298592,0.03868031854379983
2023-07-12,9140,9300,8730,9040,2594496,-0.009857612267250793
2023-07-13,9280,9290,8760,8790,2290045,-0.027654867256637128
2023-07-14,8800,9040,8540,8770,1581352,-0.0022753128555176305
2023-07-17,8970,9010,8500,8500,1251953,-0.030786773090079822
2023-07-18,8400,8630,8200,8460,1362152,-0.004705882352941226
2023-07-19,8440,8540,8230,8260,815964,-0.023640661938534313
2023-07-20,8300,8300,7850,7900,1068445,-0.04358353510895885
2023-07-21,7760,7970,7590,7640,1133283,-0.032911392405063244
2023-07-24,7550,7630,7390,7500,1060724,-0.01832460732984298
2023-07-25,7430,7650,7320,7510,1212943,0.0013333333333334085
2023-07-26,7510,7520,6860,6920,1855165,-0.07856191744340879
2023-07-27,6820,7370,6820,6860,827924,-0.00867052023121384
2023-07-28,6860,7190,6760,7080,700563,0.03206997084548102
2023-07-31,7250,7260,6910,7090,662898,0.0014124293785311437
2023-08-01,7070,7120,6730,6880,737543,-0.02961918194640334
2023-08-02,6820,7030,6560,6660,861695,-0.03197674418604646
2023-08-03,6630,6690,6400,6480,718201,-0.027027027027026973
2023-08-04,6460,6500,6320,6490,384570,0.0015432098765431057
2023-08-07,6400,6400,6190,6400,692145,-0.013867488443759624
2023-08-08,6410,6440,6190,6280,436362,-0.018750000000000044
2023-08-09,6240,6690,6240,6630,835446,0.05573248407643305
2023-08-10,6820,7150,6470,6610,1853897,-0.003016591251885359
2023-08-11,6740,7000,6550,6580,918478,-0.004538577912254205
2023-08-14,6400,6430,5940,6100,1086880,-0.07294832826747721
2023-08-16,5790,5970,5700,5810,896062,-0.04754098360655734
2023-08-17,5750,5900,5600,5810,668651,0.0
2023-08-18,5660,6350,5660,6270,919472,0.0791738382099827
2023-08-21,6200,6200,5750,5790,950529,-0.07655502392344493
2023-08-22,5830,6010,5790,5900,534336,0.01899827288428324
2023-08-23,5900,5930,5680,5700,485615,-0.03389830508474578
2023-08-24,5730,5820,5640,5690,359064,-0.0017543859649122862
2023-08-25,5690,5700,5530,5610,320798,-0.01405975395430581
2023-08-28,5630,5810,5570,5790,364448,0.03208556149732611
2023-08-29,5790,6100,5760,5980,604929,0.032815198618307395
2023-08-30,6100,6190,6000,6080,346487,0.01672240802675584
2023-08-31,6150,6150,5970,6010,294685,-0.011513157894736836
2023-09-01,5930,6050,5880,5930,229030,-0.01331114808652245
2023-09-04,5950,6000,5860,5930,175324,0.0
2023-09-05,5920,5920,5800,5870,242567,-0.010118043844856706
2023-09-06,5870,6250,5870,6050,448811,0.030664395229982988
2023-09-07,6090,6090,5690,5720,446967,-0.054545454545454564
2023-09-08,5630,5880,5630,5690,195360,-0.005244755244755206
2023-09-11,5750,5800,5590,5600,195056,-0.01581722319859402
2023-09-12,5600,5810,5500,5530,316231,-0.012499999999999956
2023-09-13,5500,5680,5430,5500,221427,-0.005424954792043413
2023-09-14,5500,5590,5470,5540,163854,0.0072727272727273196
2023-09-15,5550,5700,5520,5640,173985,0.018050541516245522
2023-09-18,5640,5670,5410,5410,263657,-0.04078014184397161
2023-09-19,5370,5470,5370,5470,195037,0.01109057301293892
2023-09-20,5450,5610,5400,5470,207041,0.0
2023-09-21,5480,5530,5240,5280,279121,-0.034734917733089565
2023-09-22,5200,5310,5110,5290,208892,0.0018939393939394478
2023-09-25,5290,5340,5150,5150,190498,-0.026465028355387554
2023-09-26,5150,5270,5080,5140,174236,-0.001941747572815511
2023-09-27,5060,5170,5040,5170,130097,0.005836575875486361
2023-10-04,5260,5350,4965,4980,391087,-0.03675048355899424
2023-10-05,4990,5100,4935,4990,214963,0.002008032128514081
2023-10-06,4960,5160,4960,5090,157640,0.02004008016032066
2023-10-10,5110,5260,5040,5050,319028,-0.007858546168958758
2023-10-11,5050,5180,5010,5050,145102,0.0
2023-10-12,5060,5340,5060,5280,305171,0.045544554455445585
2023-10-13,5280,5300,5080,5100,147498,-0.03409090909090906
2023-10-16,5080,5080,4840,4870,290227,-0.045098039215686225
2023-10-17,4910,5090,4910,4970,183952,0.02053388090349073
2023-10-18,5010,5290,4980,5050,312801,0.016096579476861272
2023-10-19,4980,4990,4730,4760,212246,-0.05742574257425748
2023-10-20,4740,4740,4450,4565,284409,-0.040966386554621814
2023-10-23,4455,4670,4455,4575,133381,0.0021905805038335835
2023-10-24,4585,4705,4405,4575,155460,0.0
2023-10-25,4590,5000,4505,4595,1128810,0.004371584699453646
2023-10-26,4485,4520,4210,4295,342151,-0.06528835690968449
2023-10-27,4295,4495,4260,4385,306949,0.020954598370197974
2023-10-30,4425,4480,4275,4365,124316,-0.004561003420752607
2023-10-31,4365,4450,4120,4185,330310,-0.04123711340206182
2023-11-01,4210,4335,4120,4150,134971,-0.008363201911589013
2023-11-02,4190,4280,4185,4240,178976,0.02168674698795181
2023-11-03,4255,4360,4195,4350,195559,0.02594339622641506
2023-11-06,4380,4550,4380,4490,293009,0.03218390804597693
2023-11-07,4510,4515,4235,4280,210949,-0.04677060133630284
2023-11-08,4280,4345,4205,4210,131640,-0.016355140186915862
2023-11-09,4185,4270,4170,4190,115358,-0.004750593824228044
2023-11-10,4150,4150,4005,4015,190628,-0.0417661097852029
2023-11-13,4030,4095,3970,4000,144887,-0.0037359900373599153
2023-11-14,3980,4185,3980,4160,207273,0.040000000000000036
2023-11-15,4255,4425,4230,4325,336963,0.03966346153846145
2023-11-16,4350,4490,4350,4465,260339,0.032369942196531776
2023-11-17,4460,4460,4180,4190,318348,-0.06159014557670772
2023-11-20,4190,4435,4170,4345,314095,0.03699284009546533
2023-11-21,4350,4450,4330,4350,171613,0.0011507479861909697
2023-11-22,4350,4355,4250,4305,95868,-0.010344827586206917
2023-11-23,4295,4330,4195,4210,152744,-0.022067363530778206
2023-11-24,4225,4350,4220,4320,158119,0.026128266033254244
2023-11-27,4370,4370,4200,4245,157353,-0.01736111111111116
2023-11-28,4245,5510,4245,5510,16926774,0.29799764428739683
2023-11-29,6000,6370,5510,5580,12712295,0.012704174228675091
2023-11-30,5590,5650,5310,5380,2175910,-0.03584229390681004
2023-12-01,5440,5450,5060,5140,1733019,-0.044609665427509326
2023-12-04,5050,5080,4910,4935,946751,-0.03988326848249024
2023-12-05,4875,5090,4835,5000,1054999,0.01317122593718345
2023-12-06,4950,5140,4865,5050,695291,0.010000000000000009
2023-12-07,4985,4990,4700,4700,801147,-0.06930693069306926
2023-12-08,4760,4920,4745,4890,568566,0.04042553191489362
2023-12-11,4890,5100,4840,4990,707216,0.020449897750511203
2023-12-12,5000,5140,4990,5020,655408,0.006012024048096087
2023-12-13,5080,5140,4890,4955,647725,-0.01294820717131473
2023-12-14,5090,6400,4990,5700,23751338,0.15035317860746722
2023-12-15,5670,6630,5500,5880,15014009,0.03157894736842115
2023-12-18,5820,5930,5680,5850,1544286,-0.005102040816326481
2023-12-19,5820,5830,5550,5750,1319643,-0.017094017094017144
2023-12-20,5820,5980,5700,5830,1835284,0.013913043478260834
2023-12-21,5890,6200,5640,5650,2709930,-0.030874785591766707
2023-12-22,5700,5990,5600,5950,1737801,0.053097345132743445
2023-12-26,5980,6000,5700,5720,1158138,-0.03865546218487392
2023-12-27,5750,5880,5700,5800,657576,0.013986013986013957
2023-12-28,5750,6040,5750,5920,984912,0.020689655172413834
2024-01-02,6010,6210,5900,6170,1300568,0.042229729729729826
2024-01-03,6050,6080,5860,5870,817510,-0.0486223662884927
2024-01-04,5780,5790,5500,5550,875649,-0.054514480408858645
2024-01-05,5570,5740,5560,5600,389545,0.009009009009008917
2024-01-08,5600,5710,5480,5530,342391,-0.012499999999999956
2024-01-09,5530,5610,5410,5450,412569,-0.01446654611211573
2024-01-10,5430,5450,5300,5350,356095,-0.01834862385321101
2024-01-11,5410,5480,5250,5300,277844,-0.009345794392523366
2024-01-12,5300,5330,5160,5270,376745,-0.005660377358490565
2024-01-15,5270,5270,5100,5210,209630,-0.011385199240986688
2024-01-16,5150,5290,5100,5140,224303,-0.013435700575815779
2024-01-17,5110,5120,4970,4980,318708,-0.0311284046692607
2024-01-18,4955,5030,4800,4930,337137,-0.010040160642570295
2024-01-19,5000,5030,4800,4845,327843,-0.017241379310344862
2024-01-22,4855,4855,4745,4755,239458,-0.018575851393188847
2024-01-23,4755,4855,4710,4800,190622,0.009463722397476282
2024-01-24,4840,4850,4690,4695,204289,-0.021874999999999978
2024-01-25,4695,4800,4605,4690,260825,-0.0010649627263046302
2024-01-26,4685,4800,4630,4705,177033,0.0031982942430703876
2024-01-29,4730,4950,4730,4835,476608,0.02763018065887346
2024-01-30,4890,4945,4775,4850,202225,0.0031023784901758056
2024-01-31,4860,4920,4750,4790,196881,-0.012371134020618513
2024-02-01,4790,4960,4700,4930,321571,0.029227557411273475
2024-02-02,4965,5260,4935,5240,929755,0.06288032454361048
2024-02-05,5520,6150,5400,5410,5393993,0.03244274809160297
2024-02-06,5470,5530,5170,5260,811931,-0.027726432532347522
2024-02-07,5340,5490,5180,5420,796941,0.03041825095057038
2024-02-08,5370,5370,5200,5230,467124,-0.035055350553505504
2024-02-13,5230,5300,5180,5210,298173,-0.003824091778202643
2024-02-14,5150,5230,5050,5220,259325,0.0019193857965451588
2024-02-15,5260,5260,5040,5080,344058,-0.026819923371647514
2024-02-16,5150,5220,5000,5220,559010,0.027559055118110187
2024-02-19,5220,5230,5100,5100,246910,-0.02298850574712641
2024-02-20,5100,5140,5020,5100,221569,0.0
2024-02-21,5050,5110,5020,5060,188636,-0.007843137254901933
2024-02-22,5100,5160,5010,5070,195624,0.0019762845849802257
2024-02-23,5090,5090,4885,4915,349306,-0.030571992110453694
2024-02-26,4915,5060,4840,4975,259741,0.012207527975584886
2024-02-27,4975,5000,4820,4875,188997,-0.02010050251256279
2024-02-28,4835,4945,4820,4880,133148,0.0010256410256410664
2024-02-29,4860,4950,4820,4880,126208,0.0
2024-03-04,4910,4970,4860,4895,195335,0.0030737704918033515
2024-03-05,4885,4885,4495,4800,349550,-0.019407558733401387
2024-03-06,4765,4770,4615,4660,149904,-0.029166666666666674
2024-03-07,4640,4705,4550,4595,197441,-0.013948497854077258
2024-03-08,4595,4675,4515,4595,149392,0.0
2024-03-11,4600,4720,4500,4520,166844,-0.016322089227421066
2024-03-12,4495,4600,4470,4555,138426,0.007743362831858391
2024-03-13,4595,4680,4560,4660,162536,0.023051591657519133
2024-03-14,4660,4690,4585,4660,100716,0.0
2024-03-15,4670,4705,4570,4575,106876,-0.018240343347639465
2024-03-18,4585,4700,4585,4640,148931,0.014207650273224015
2024-03-19,4640,4650,4530,4550,114609,-0.0193965517241379
2024-03-20,4585,4770,4575,4690,244971,0.03076923076923066
2024-03-21,4710,4820,4700,4780,175355,0.019189765458422103
2024-03-22,4785,4790,4670,4680,178532,-0.02092050209205021
2024-03-25,4910,4910,4700,4740,349576,0.012820512820512775
2024-03-26,4735,4810,4660,4665,172946,-0.015822784810126556
2024-03-27,4665,4790,4650,4650,154937,-0.003215434083601254
2024-03-28,4650,4710,4610,4620,85714,-0.006451612903225823
2024-03-29,4710,4710,4580,4635,94994,0.0032467532467532756
2024-04-01,4650,4850,4530,4695,252376,0.012944983818770295
2024-04-02,4675,4750,4580,4620,117703,-0.015974440894568676
2024-04-03,4600,4620,4490,4530,139197,-0.01948051948051943
2024-04-04,4525,4575,4490,4500,80620,-0.0066225165562914245
2024-04-05,4460,4545,4360,4500,147089,0.0
2024-04-08,4505,4545,4465,4470,58059,-0.00666666666666671
2024-04-09,4475,4550,4460,4485,69244,0.003355704697986628
2024-04-11,4415,4610,4415,4570,90058,0.018952062430323213
2024-04-12,4600,4660,4515,4600,104188,0.006564551422319376
2024-04-15,4930,5980,4810,5720,20357183,0.24347826086956514
2024-04-16,5900,5910,5240,5480,6433944,-0.04195804195804198
2024-04-17,5540,5640,5330,5560,2834491,0.014598540145985384
2024-04-18,5430,5600,5390,5560,2058550,0.0
2024-04-19,5410,5480,5000,5140,1905508,-0.07553956834532372
2024-04-22,5150,5310,5130,5220,1005086,0.015564202334630295
2024-04-23,5200,5270,5030,5140,733736,-0.01532567049808431
2024-04-24,5120,5210,5110,5190,481515,0.009727626459143934
2024-04-25,5200,5340,5050,5120,739891,-0.013487475915221592
2024-04-26,5110,5180,4965,5070,515342,-0.009765625
2024-04-29,5110,5180,5070,5180,361734,0.021696252465483346
2024-04-30,5230,5230,5090,5090,334305,-0.01737451737451734
2024-05-02,5070,5160,5000,5150,256816,0.011787819253438192
2024-05-03,5180,5200,5060,5070,265978,-0.01553398058252431
2024-05-07,5080,5090,4900,5000,499202,-0.013806706114398382
2024-05-08,4940,5020,4940,4975,174655,-0.0050000000000000044
2024-05-09,4975,5010,4885,4885,266197,-0.018090452261306567
2024-05-10,4910,4925,4820,4865,216238,-0.004094165813715467
2024-05-13,4910,4935,4820,4860,224120,-0.0010277492291880241
2024-05-14,4865,4915,4850,4850,152443,-0.002057613168724326
2024-05-16,4855,4890,4810,4825,235432,-0.005154639175257714
2024-05-17,4815,4845,4730,4760,252893,-0.013471502590673534
2024-05-20,4775,5140,4725,4800,1286143,0.008403361344537785
2024-05-21,4800,5080,4770,4845,576144,0.009374999999999911
2024-05-22,4870,5000,4795,4985,532423,0.028895768833849367
2024-05-23,4965,4965,4820,4845,300408,-0.028084252758274864
2024-05-24,4845,4845,4700,4710,286002,-0.02786377708978327
2024-05-27,4710,4710,4595,4630,310231,-0.01698513800424628
2024-05-28,4625,4670,4625,4630,113097,0.0
2024-05-29,4650,4655,4555,4555,136953,-0.016198704103671746
2024-05-30,4510,4555,4460,4490,164359,-0.014270032930845278
2024-05-31,4510,4535,4465,4520,110742,0.006681514476614803
2024-06-03,4520,4650,4510,4645,157604,0.02765486725663724
2024-06-04,4645,4660,4560,4570,112266,-0.016146393972012896
2024-06-05,4530,4600,4480,4505,137820,-0.01422319474835887
2024-06-07,4505,4540,4480,4505,88959,0.0
2024-06-10,4580,4580,4500,4570,112964,0.01442841287458374
2024-06-11,4575,4605,4530,4565,113121,-0.001094091903719896
2024-06-12,4570,4675,4565,4595,184855,0.006571741511500528
2024-06-13,4600,4685,4595,4635,175558,0.008705114254624613
2024-06-14,4650,4695,4525,4525,197245,-0.02373247033441206
2024-06-17,4535,4770,4535,4645,435898,0.026519337016574607
2024-06-18,4710,4710,4565,4580,183659,-0.013993541442411161
2024-06-19,4615,4665,4275,4520,289039,-0.013100436681222738
2024-06-20,4500,4560,4440,4450,198927,-0.015486725663716783
2024-06-21,4430,4465,4305,4340,179914,-0.024719101123595544
2024-06-24,4340,4375,4245,4280,181970,-0.01382488479262678
2024-06-25,4245,4355,4225,4285,151908,0.001168224299065379
2024-06-26,4285,4315,4250,4275,102262,-0.002333722287047868
2024-06-27,4280,4280,4225,4225,91340,-0.011695906432748537
2024-06-28,4230,4255,4210,4210,90504,-0.0035502958579881616
2024-07-01,4210,4260,4200,4215,78597,0.0011876484560569
2024-07-02,4220,4220,4065,4095,177458,-0.028469750889679735
2024-07-03,4080,4145,4060,4095,128962,0.0
2024-07-04,4115,4250,4115,4155,132853,0.0146520146520146
2024-07-05,4155,4155,4075,4095,110414,-0.014440433212996373
2024-07-08,4100,4190,4100,4100,68176,0.0012210012210012167
2024-07-09,4110,4145,4075,4080,102926,-0.004878048780487809
2024-07-10,4105,4230,4085,4210,153750,0.031862745098039325
2024-07-11,4230,4280,4200,4200,87805,-0.002375296912114022
2024-07-12,4220,4230,4130,4145,62158,-0.013095238095238049
2024-07-15,4145,4235,4120,4220,87407,0.018094089264173663
2024-07-16,4250,4255,4170,4220,71379,0.0
2024-07-17,4205,4300,4140,4140,80680,-0.018957345971563955
2024-07-18,4100,4130,4015,4050,96452,-0.021739130434782594
2024-07-19,4010,4075,4005,4070,59554,0.004938271604938205
2024-07-22,4070,4125,3965,3990,123748,-0.019656019656019708
2024-07-23,3980,4070,3955,3985,81183,-0.0012531328320801727
2024-07-24,3975,4020,3930,3960,64758,-0.006273525721455453
2024-07-25,3940,3960,3780,3900,141599,-0.015151515151515138
2024-07-26,3855,3925,3775,3850,91374,-0.012820512820512775
2024-07-29,3860,3950,3860,3920,60049,0.018181818181818077
2024-07-30,3885,3930,3805,3830,90535,-0.022959183673469385
2024-07-31,3830,3860,3770,3860,75602,0.007832898172323688
2024-08-01,3850,3930,3850,3900,60913,0.010362694300518172
2024-08-02,3880,3880,3630,3685,147989,-0.055128205128205154
2024-08-05,3500,3605,2990,3155,327611,-0.14382632293080055
2024-08-06,3090,3395,3090,3320,207197,0.05229793977813002
2024-08-07,3270,3635,3270,3470,288310,0.04518072289156616
2024-08-08,3465,3465,3345,3355,78797,-0.033141210374639796
2024-08-09,3360,3450,3360,3430,70534,0.02235469448584193
2024-08-12,3430,3735,3430,3690,236269,0.07580174927113692
2024-08-13,3705,4495,3705,3955,7719428,0.07181571815718146
2024-08-14,3980,3995,3850,3855,450825,-0.025284450063211117
2024-08-16,3900,4475,3850,3995,5860073,0.03631647211413758
2024-08-19,4020,4235,3945,3955,953786,-0.010012515644555742
2024-08-20,4085,4735,3940,4245,9047543,0.07332490518331225
2024-08-21,4135,4465,4075,4290,2118506,0.010600706713780994
2024-08-22,4350,4435,4160,4160,640493,-0.030303030303030276
2024-08-23,4110,4450,3980,4135,1594295,-0.006009615384615419
2024-08-26,4120,4210,4065,4065,306822,-0.016928657799274438
2024-08-27,4050,4235,3965,4095,485444,0.007380073800737907
2024-08-28,4095,4115,4005,4065,239180,-0.0073260073260073
2024-08-29,4005,4080,3965,3965,174336,-0.024600246002460024
2024-08-30,3940,4020,3940,3955,74671,-0.0025220680958385477
2024-09-02,3945,3975,3860,3900,157381,-0.013906447534766109
2024-09-03,3890,3950,3850,3950,103560,0.012820512820512775
2024-09-04,3800,3885,3700,3705,233215,-0.0620253164556962
2024-09-05,3750,3810,3615,3675,130881,-0.0080971659919028
2024-09-06,3635,3805,3550,3645,215551,-0.008163265306122436
2024-09-09,3540,3710,3520,3605,93475,-0.010973936899862813
2024-09-10,3650,3675,3560,3560,67370,-0.012482662968099856
2024-09-11,3645,3645,3480,3490,115916,-0.0196629213483146
2024-09-12,3555,3670,3550,3660,84147,0.04871060171919761
2024-09-13,3750,3750,3625,3660,42514,0.0
2024-09-19,3660,3695,3590,3660,62811,0.0
2024-09-20,3660,3730,3660,3670,52239,0.002732240437158362
2024-09-23,3670,3700,3595,3690,52273,0.005449591280654031
2024-09-24,3675,3715,3660,3710,66392,0.005420054200542035
2024-09-25,3710,3810,3705,3740,91191,0.008086253369272267
2024-09-26,3730,3820,3715,3805,76953,0.017379679144384985
2024-09-27,3810,3855,3770,3780,52673,-0.006570302233902758
2024-09-30,3785,3795,3675,3685,48832,-0.025132275132275117
