Date,Open,High,Low,Close,Volume,Change
2022-01-03,6580,6640,6550,6620,107576,0.006079027355623046
2022-01-04,6630,6660,6560,6660,86434,0.0060422960725075026
2022-01-05,6670,6700,6630,6680,146613,0.0030030030030030463
2022-01-06,6650,6650,6520,6550,205096,-0.019461077844311392
2022-01-07,6570,6640,6550,6620,115874,0.010687022900763399
2022-01-10,6630,6670,6580,6670,117789,0.007552870090634434
2022-01-11,6670,6740,6630,6650,106906,-0.0029985007496251548
2022-01-12,6660,6730,6660,6730,122529,0.012030075187969835
2022-01-13,6750,6790,6710,6790,95707,0.008915304606240682
2022-01-14,6790,6800,6730,6800,63617,0.0014727540500736325
2022-01-17,6810,6820,6690,6700,115029,-0.014705882352941124
2022-01-18,6690,6740,6590,6630,155655,-0.010447761194029903
2022-01-19,6600,6670,6560,6630,67160,0.0
2022-01-20,6640,6670,6600,6600,52222,-0.004524886877828038
2022-01-21,6580,6620,6540,6570,73888,-0.004545454545454519
2022-01-24,6550,6550,6300,6320,192765,-0.03805175038051756
2022-01-25,6330,6350,6170,6210,209693,-0.017405063291139222
2022-01-26,6210,6350,6180,6300,86734,0.01449275362318847
2022-01-27,6300,6370,6140,6250,198938,-0.007936507936507908
2022-01-28,6260,6440,6260,6420,93113,0.02719999999999989
2022-02-03,6430,6570,6430,6540,42604,0.01869158878504673
2022-02-04,6540,6570,6470,6560,98020,0.003058103975535076
2022-02-07,6560,6560,6470,6480,58244,-0.012195121951219523
2022-02-08,6540,6630,6480,6530,98286,0.007716049382715973
2022-02-09,6560,6600,6470,6580,84823,0.007656967840734996
2022-02-10,6580,6610,6500,6550,69510,-0.00455927051671734
2022-02-11,6530,6530,6450,6510,80788,-0.006106870229007688
2022-02-14,6440,6490,6300,6420,82410,-0.01382488479262678
2022-02-15,6420,6420,6290,6320,41596,-0.015576323987538943
2022-02-16,6370,6410,6340,6380,45316,0.009493670886076
2022-02-17,6410,6420,6300,6360,83803,-0.0031347962382445305
2022-02-18,6330,6370,6260,6330,37782,-0.004716981132075526
2022-02-21,6290,6330,6230,6300,55780,-0.004739336492891044
2022-02-22,6240,6280,6130,6180,68056,-0.01904761904761909
2022-02-23,6200,6240,6130,6240,67073,0.009708737864077666
2022-02-24,6240,6240,6050,6070,181033,-0.027243589743589758
2022-02-25,6180,6180,5770,6130,104825,0.009884678747940745
2022-02-28,6140,6310,6110,6250,69921,0.019575856443719397
2022-03-02,6170,6260,6150,6230,23029,-0.0031999999999999806
2022-03-03,6290,6290,6180,6280,98162,0.008025682182985605
2022-03-04,6280,6310,6170,6270,119968,-0.0015923566878981443
2022-03-07,6240,6240,6100,6110,55964,-0.02551834130781494
2022-03-08,6020,6100,5940,6020,85022,-0.014729950900163713
2022-03-10,6230,6370,6200,6240,128707,0.03654485049833878
2022-03-11,6240,6390,6230,6370,90422,0.02083333333333326
2022-03-14,6320,6390,6320,6370,44364,0.0
2022-03-15,6370,6380,6300,6340,36401,-0.004709576138147598
2022-03-16,6400,6400,6290,6390,53570,0.007886435331230235
2022-03-17,6410,6500,6380,6470,77335,0.012519561815336422
2022-03-18,6480,6490,6370,6370,81730,-0.015455950540958274
2022-03-21,6380,6430,6370,6430,57875,0.009419152276295195
2022-03-22,6400,6470,6400,6470,32918,0.0062208398133747345
2022-03-23,6480,6550,6470,6500,67777,0.004636785162287493
2022-03-24,6500,6510,6460,6490,48913,-0.0015384615384614886
2022-03-25,6500,6530,6470,6470,36423,-0.0030816640986132127
2022-03-28,6500,6650,6460,6650,78705,0.02782071097372496
2022-03-29,6650,6680,6600,6650,52738,0.0
2022-03-30,6670,6670,6580,6640,39962,-0.0015037593984962294
2022-03-31,6650,6770,6570,6690,108841,0.0075301204819278045
2022-04-01,6700,6720,6660,6680,40058,-0.001494768310911776
2022-04-04,6700,6760,6600,6760,69584,0.011976047904191711
2022-04-05,6770,6770,6690,6710,49625,-0.007396449704141994
2022-04-06,6740,6740,6650,6700,85427,-0.0014903129657227732
2022-04-07,6640,6710,6590,6690,135099,-0.0014925373134327957
2022-04-08,6690,6710,6640,6690,44324,0.0
2022-04-11,6700,6760,6650,6660,82631,-0.004484304932735439
2022-04-12,6660,6710,6640,6690,91471,0.0045045045045044585
2022-04-13,6700,6750,6680,6710,91756,0.002989536621823552
2022-04-14,6720,6730,6680,6690,140852,-0.0029806259314456574
2022-04-15,6700,6720,6670,6680,76491,-0.001494768310911776
2022-04-18,6710,6720,6680,6680,54272,0.0
2022-04-19,6700,6720,6670,6690,76217,0.0014970059880239361
2022-04-20,6710,6710,6660,6680,64046,-0.001494768310911776
2022-04-21,6690,6700,6660,6680,88167,0.0
2022-04-22,6670,6700,6610,6690,90656,0.0014970059880239361
2022-04-25,6680,6680,6590,6600,89052,-0.013452914798206317
2022-04-26,6630,6670,6610,6630,44421,0.00454545454545463
2022-04-27,6620,6620,6480,6550,51385,-0.012066365007541435
2022-04-28,6550,6560,6440,6490,75588,-0.009160305343511421
2022-04-29,6460,6560,6460,6500,50995,0.0015408320493066618
2022-05-02,6440,6520,6440,6510,31522,0.0015384615384614886
2022-05-03,6540,6550,6470,6510,38808,0.0
2022-05-04,6520,6530,6480,6510,33586,0.0
2022-05-06,6450,6500,6380,6440,39837,-0.010752688172043001
2022-05-09,6400,6410,6200,6330,98100,-0.017080745341614856
2022-05-10,6320,6320,6090,6270,123198,-0.009478672985781977
2022-05-11,6260,6260,6100,6130,65530,-0.022328548644338087
2022-05-12,6110,6110,5990,6050,98600,-0.013050570962479635
2022-05-13,6050,6160,6030,6130,82645,0.013223140495867813
2022-05-16,6120,6160,6060,6060,47334,-0.011419249592169667
2022-05-17,5990,5990,5890,5960,218697,-0.01650165016501648
2022-05-18,5980,6030,5950,5970,58071,0.001677852348993314
2022-05-19,5900,5900,5820,5860,44731,-0.018425460636515956
2022-05-20,5860,5930,5840,5870,35193,0.0017064846416381396
2022-05-23,5870,5910,5810,5830,34288,-0.006814310051107331
2022-05-24,5890,5890,5800,5810,51613,-0.0034305317324184736
2022-05-25,5810,5880,5790,5820,40553,0.001721170395869276
2022-05-26,5830,5870,5800,5820,46834,0.0
2022-05-27,5880,5880,5830,5850,23048,0.005154639175257714
2022-05-30,5880,5910,5840,5870,90867,0.0034188034188034067
2022-05-31,5890,5900,5810,5870,122453,0.0
2022-06-02,5890,5900,5830,5850,19846,-0.0034071550255536653
2022-06-03,5860,5890,5820,5860,32665,0.0017094017094017033
2022-06-07,5860,5900,5800,5800,55642,-0.010238907849829393
2022-06-08,5870,5880,5770,5810,66309,0.0017241379310344307
2022-06-09,5820,5830,5620,5670,371050,-0.02409638554216864
2022-06-10,5650,5650,5530,5560,139801,-0.01940035273368612
2022-06-13,5450,5460,5300,5360,187972,-0.03597122302158273
2022-06-14,5270,5380,5250,5380,71255,0.003731343283582156
2022-06-15,5350,5380,5170,5200,65324,-0.03345724907063197
2022-06-16,5230,5320,5170,5250,62154,0.009615384615384581
2022-06-17,5090,5220,5050,5110,72546,-0.026666666666666616
2022-06-20,5150,5160,4920,4960,113816,-0.02935420743639927
2022-06-21,4940,5060,4935,5030,88793,0.014112903225806495
2022-06-22,5010,5140,4830,4835,308876,-0.03876739562624254
2022-06-23,4880,4995,4800,4820,48276,-0.0031023784901758056
2022-06-24,4795,4990,4795,4985,27441,0.034232365145228316
2022-06-27,4995,5060,4975,5030,32479,0.009027081243731194
2022-06-28,5030,5150,5000,5120,30655,0.017892644135188762
2022-06-29,5110,5110,5010,5100,39544,-0.00390625
2022-06-30,5100,5120,5000,5000,20663,-0.019607843137254943
2022-07-01,5000,5040,4925,4955,29083,-0.009000000000000008
2022-07-04,5030,5070,4955,4985,17834,0.006054490413723412
2022-07-05,5010,5060,5000,5060,31498,0.015045135406218657
2022-07-06,5070,5070,4925,4950,32665,-0.021739130434782594
2022-07-07,5050,5050,4965,4995,11492,0.009090909090909038
2022-07-08,5070,5100,4980,5020,21780,0.005005005005005003
2022-07-11,5020,5030,4950,4985,29979,-0.006972111553784854
2022-07-12,4980,4980,4830,4865,67071,-0.02407221664994985
2022-07-13,4855,4915,4840,4905,32292,0.008221993833504637
2022-07-14,4905,4905,4830,4900,25692,-0.0010193679918450993
2022-07-15,4900,4900,4710,4835,77067,-0.013265306122449028
2022-07-18,4875,5010,4870,4995,44391,0.033092037228541926
2022-07-19,5000,5020,4955,5010,19635,0.0030030030030030463
2022-07-20,5050,5140,5030,5040,52021,0.0059880239520957446
2022-07-21,5040,5110,5040,5090,33889,0.009920634920634885
2022-07-22,5090,5120,5050,5100,24958,0.0019646365422396617
2022-07-25,5130,5130,5060,5060,20962,-0.007843137254901933
2022-07-26,5090,5090,5010,5080,11549,0.0039525691699604515
2022-07-27,5080,5110,5030,5110,16761,0.0059055118110236116
2022-07-28,5130,5200,5100,5160,20943,0.009784735812133016
2022-07-29,5160,5200,5160,5180,24243,0.003875968992248069
2022-08-01,5220,5220,5140,5180,21009,0.0
2022-08-02,5180,5180,5100,5140,12445,-0.007722007722007707
2022-08-03,5140,5140,5010,5130,18453,-0.0019455252918287869
2022-08-04,5100,5160,5100,5150,20170,0.003898635477582957
2022-08-05,5170,5250,5140,5240,36214,0.01747572815533971
2022-08-08,5240,5240,5140,5200,30558,-0.007633587786259555
2022-08-09,5230,5240,5170,5220,16554,0.0038461538461538325
2022-08-10,5230,5230,5160,5180,14419,-0.007662835249042099
2022-08-11,5230,5280,5190,5280,29947,0.019305019305019266
2022-08-12,5270,5300,5220,5290,34208,0.0018939393939394478
2022-08-16,5330,5330,5260,5290,18972,0.0
2022-08-17,5240,5260,5100,5140,141333,-0.02835538752362954
2022-08-18,5140,5140,5060,5100,28234,-0.0077821011673151474
2022-08-19,5100,5110,5030,5060,40743,-0.007843137254901933
2022-08-22,5030,5070,4990,5030,104051,-0.005928853754940677
2022-08-23,5000,5090,4995,5030,117292,0.0
2022-08-24,5030,5070,4995,5010,49641,-0.003976143141153132
2022-08-25,5050,5050,5000,5030,23241,0.003992015968063978
2022-08-26,5030,5050,5000,5020,41519,-0.001988071570576566
2022-08-29,4965,4985,4945,4980,68413,-0.007968127490039834
2022-08-30,4980,5000,4955,4970,64284,-0.002008032128514081
2022-08-31,4990,5040,4965,4980,48998,0.002012072434607548
2022-09-01,4990,4995,4935,4940,41237,-0.008032128514056214
2022-09-02,4920,4960,4905,4905,42875,-0.007085020242915019
2022-09-05,4885,4925,4880,4890,20314,-0.003058103975535187
2022-09-06,4890,4910,4880,4905,18504,0.0030674846625766694
2022-09-07,4925,4925,4800,4835,48769,-0.014271151885830835
2022-09-08,4860,4860,4820,4845,24262,0.0020682523267838704
2022-09-13,4870,4945,4845,4900,48555,0.011351909184726505
2022-09-14,4750,4850,4750,4840,27021,-0.01224489795918371
2022-09-15,4850,4855,4805,4830,22779,-0.0020661157024793875
2022-09-16,4810,4830,4775,4780,34459,-0.010351966873705987
2022-09-19,4780,4830,4740,4775,31757,-0.0010460251046024993
2022-09-20,4800,4890,4790,4890,33993,0.02408376963350789
2022-09-21,4885,4915,4835,4875,16613,-0.0030674846625766694
2022-09-22,4825,4865,4715,4750,59844,-0.02564102564102566
2022-09-23,4710,4825,4670,4690,49205,-0.012631578947368438
2022-09-26,4685,4740,4445,4460,134304,-0.049040511727078906
2022-09-27,4450,4700,4360,4495,75793,0.007847533632286963
2022-09-28,4475,4575,4325,4350,60212,-0.032258064516129004
2022-09-29,4360,4495,4350,4390,36484,0.009195402298850519
2022-09-30,4350,4450,4350,4370,22460,-0.004555808656036442
2022-10-04,4380,4700,4380,4455,34126,0.0194508009153318
2022-10-05,4485,4690,4435,4445,31250,-0.002244668911335568
2022-10-06,4610,4610,4450,4450,17496,0.0011248593925758943
2022-10-07,4490,4530,4435,4450,23680,0.0
2022-10-11,4405,4450,4340,4365,32198,-0.019101123595505642
2022-10-12,4335,4370,4330,4355,32049,-0.002290950744558984
2022-10-13,4350,4400,4265,4300,40844,-0.012629161882893203
2022-10-14,4310,4435,4310,4380,43525,0.018604651162790642
2022-10-17,4355,4385,4320,4375,23763,-0.0011415525114155667
2022-10-18,4380,4450,4360,4450,44770,0.017142857142857126
2022-10-19,4455,4475,4400,4415,29452,-0.00786516853932584
2022-10-20,4370,4380,4170,4170,494962,-0.05549263873159682
2022-10-21,4180,4195,4090,4100,93085,-0.016786570743405282
2022-10-24,4145,4195,4085,4095,97899,-0.0012195121951219523
2022-10-25,4095,4135,4065,4080,33695,-0.00366300366300365
2022-10-26,4100,4130,4005,4045,43316,-0.008578431372548989
2022-10-27,4040,4090,4005,4080,89884,0.008652657601977642
2022-10-28,4105,4105,4040,4060,44917,-0.004901960784313708
2022-10-31,4070,4105,4000,4025,47476,-0.008620689655172376
2022-11-01,4020,4075,4005,4060,55957,0.008695652173912993
2022-11-02,4060,4080,4025,4060,37287,0.0
2022-11-03,4020,4040,4000,4030,38173,-0.007389162561576401
2022-11-04,4040,4080,4020,4080,27877,0.012406947890818865
2022-11-07,4080,4110,4050,4100,32915,0.004901960784313708
2022-11-08,4115,4245,4115,4190,54112,0.02195121951219514
2022-11-09,4245,4245,4180,4195,65642,0.0011933174224343368
2022-11-10,4185,4200,4140,4180,19140,-0.0035756853396901045
2022-11-11,4265,4390,4235,4330,71587,0.03588516746411474
2022-11-14,4350,4440,4350,4385,43818,0.012702078521940052
2022-11-15,4385,4425,4365,4400,38967,0.003420752565564511
2022-11-16,4410,4450,4370,4450,58699,0.011363636363636465
2022-11-17,4450,4450,4405,4420,48532,-0.006741573033707815
2022-11-18,4410,4445,4330,4350,56725,-0.015837104072398245
2022-11-21,4375,4375,4265,4275,31466,-0.017241379310344862
2022-11-22,4230,4300,4220,4280,25862,0.0011695906432749315
2022-11-23,4280,4325,4265,4305,41346,0.005841121495327117
2022-11-24,4320,4385,4300,4365,74857,0.013937282229965264
2022-11-25,4395,4395,4310,4360,61368,-0.001145475372279492
2022-11-28,4365,4395,4290,4295,46158,-0.014908256880733939
2022-11-29,4325,4375,4295,4350,50347,0.012805587892898762
2022-11-30,4350,5180,4350,4565,1112862,0.0494252873563219
2022-12-01,4595,4665,4565,4650,146056,0.018619934282584794
2022-12-02,4655,4665,4580,4620,70508,-0.006451612903225823
2022-12-05,4620,4665,4600,4620,61165,0.0
2022-12-06,4620,4635,4500,4520,67123,-0.02164502164502169
2022-12-07,4515,4955,4470,4605,421633,0.01880530973451333
2022-12-08,4555,4640,4555,4615,69240,0.0021715526601520097
2022-12-09,4630,4680,4600,4640,76675,0.005417118093174356
2022-12-12,4625,4700,4620,4675,40558,0.007543103448275801
2022-12-13,4700,4715,4655,4665,52386,-0.002139037433155133
2022-12-14,4665,4705,4665,4685,69662,0.004287245444801746
2022-12-15,4685,4695,4640,4670,28567,-0.0032017075773745907
2022-12-16,4650,4670,4620,4665,60200,-0.0010706638115631772
2022-12-19,4665,4665,4615,4620,47918,-0.009646302250803873
2022-12-20,4620,4645,4530,4540,55102,-0.017316017316017285
2022-12-21,4580,4595,4500,4570,35594,0.0066079295154184425
2022-12-22,4570,4630,4570,4570,60711,0.0
2022-12-23,4555,4570,4495,4530,110838,-0.008752735229759279
2022-12-26,4490,4580,4490,4550,61512,0.004415011037527616
2022-12-27,4570,4635,4530,4580,254477,0.00659340659340657
2022-12-28,4380,4400,4200,4220,260628,-0.0786026200873362
2022-12-29,4225,4225,4090,4100,133552,-0.028436018957345932
2023-01-02,4120,4120,4005,4050,76839,-0.012195121951219523
2023-01-03,4000,4040,3955,4025,69551,-0.006172839506172867
2023-01-04,3980,4115,3980,4085,39013,0.014906832298136719
2023-01-05,4130,4150,4065,4125,79440,0.009791921664626724
2023-01-06,4175,4230,4100,4155,492318,0.0072727272727273196
2023-01-09,4200,4230,4170,4215,135498,0.014440433212996373
2023-01-10,4200,4275,4160,4215,76457,0.0
2023-01-11,4215,4260,4210,4230,28960,0.003558718861210064
2023-01-12,4230,4265,4205,4235,34854,0.0011820330969267712
2023-01-13,4265,4270,4230,4260,43626,0.005903187721369552
2023-01-16,4265,4395,4260,4350,74546,0.021126760563380254
2023-01-17,4355,4395,4315,4345,32294,-0.0011494252873562871
2023-01-18,4340,4340,4275,4320,29101,-0.005753739930955071
2023-01-19,4320,4325,4275,4325,29106,0.0011574074074074403
2023-01-20,4300,4345,4295,4345,24689,0.0046242774566473965
2023-01-25,4355,4435,4340,4430,107288,0.019562715765247374
2023-01-26,4430,4450,4380,4425,32595,-0.0011286681715575453
2023-01-27,4450,4890,4400,4520,680322,0.021468926553672274
2023-01-30,4500,4585,4485,4500,57309,-0.004424778761061954
2023-01-31,4485,4525,4460,4460,43575,-0.008888888888888835
2023-02-01,4480,4520,4440,4475,86232,0.0033632286995515237
2023-02-02,4535,4700,4495,4650,227098,0.03910614525139655
2023-02-03,4650,4650,4560,4590,55609,-0.012903225806451646
2023-02-06,4580,4580,4420,4425,106563,-0.03594771241830064
2023-02-07,4410,4415,4345,4365,114632,-0.013559322033898313
2023-02-08,4375,4585,4355,4485,113644,0.027491408934707806
2023-02-09,4480,4525,4415,4445,23519,-0.00891861761426982
2023-02-10,4480,4480,4340,4395,68719,-0.011248593925759276
2023-02-13,4395,4395,4325,4360,43781,-0.007963594994311762
2023-02-14,4360,4425,4360,4380,28605,0.004587155963302836
2023-02-15,4355,4385,4235,4255,76276,-0.028538812785388168
2023-02-16,4255,4310,4220,4235,61794,-0.004700352526439522
2023-02-17,4235,4280,4180,4280,21069,0.010625737898465104
2023-02-20,4280,4330,4225,4270,38734,-0.002336448598130869
2023-02-21,4255,4320,4225,4270,34012,0.0
2023-02-22,4240,4260,4195,4235,41869,-0.008196721311475419
2023-02-23,4230,4280,4210,4270,20482,0.008264462809917328
2023-02-24,4295,4295,4205,4225,17389,-0.010538641686182681
2023-02-27,4225,4225,4170,4185,22494,-0.009467455621301801
2023-02-28,4185,4230,4180,4185,10497,0.0
2023-03-02,4195,4230,4170,4175,28404,-0.002389486260453988
2023-03-03,4170,4210,4135,4150,66563,-0.005988023952095856
2023-03-06,4155,4185,4110,4150,31257,0.0
2023-03-07,4170,4170,4115,4125,32050,-0.0060240963855421326
2023-03-08,4110,4150,4110,4130,1815263,0.00121212121212122
2023-03-09,4135,4250,4130,4225,54375,0.02300242130750596
2023-03-10,4225,4230,4160,4200,57259,-0.00591715976331364
2023-03-13,4155,4200,4020,4115,97612,-0.020238095238095277
2023-03-14,4175,4175,3980,4000,55261,-0.027946537059538312
2023-03-15,4055,4055,3985,4010,52188,0.0024999999999999467
2023-03-16,4035,4035,3965,3980,24199,-0.007481296758104716
2023-03-17,4015,4070,3980,4005,28964,0.00628140703517599
2023-03-20,4000,4115,3985,4055,71496,0.012484394506866447
2023-03-21,4055,4090,4025,4065,16194,0.002466091245376001
2023-03-22,4105,4105,4055,4080,14666,0.0036900369003689537
2023-03-23,4025,4100,4025,4040,37941,-0.009803921568627416
2023-03-24,4040,4050,4020,4035,38807,-0.0012376237623762387
2023-03-27,4090,4090,3950,4010,56078,-0.006195786864931829
2023-03-28,4080,4080,3990,4020,34079,0.0024937655860348684
2023-03-29,4040,4040,3990,4010,22829,-0.0024875621890547706
2023-03-30,4020,4020,3970,4015,64979,0.0012468827930174342
2023-03-31,4045,4070,3990,4015,60442,0.0
2023-04-03,4020,4065,4005,4025,26601,0.00249066002490661
2023-04-04,4005,4075,4005,4025,51130,0.0
2023-04-05,4020,4040,4005,4015,26425,-0.00248447204968949
2023-04-06,4015,4030,3990,4005,38254,-0.00249066002490661
2023-04-07,4025,4045,3990,4020,41487,0.0037453183520599342
2023-04-10,4020,4040,3975,4015,46691,-0.0012437810945273853
2023-04-11,4015,4090,3990,4090,82840,0.018679950186799577
2023-04-12,4090,4155,4070,4095,43388,0.0012224938875304847
2023-04-13,4095,4125,4050,4120,28636,0.006105006105006083
2023-04-14,4155,4190,4125,4160,47676,0.009708737864077666
2023-04-17,4150,4190,4120,4180,27060,0.004807692307692291
2023-04-18,4165,4190,4130,4175,26417,-0.0011961722488038617
2023-04-19,4165,4220,4160,4195,23367,0.004790419161676551
2023-04-20,4170,4215,4160,4160,25473,-0.008343265792610244
2023-04-21,4170,4170,4105,4125,34324,-0.008413461538461564
2023-04-24,4125,4150,4060,4075,24922,-0.012121212121212088
2023-04-25,4110,4125,4035,4045,39688,-0.007361963190184007
2023-04-26,4045,4080,4020,4035,22346,-0.0024721878862793423
2023-04-27,4070,4070,3985,4030,16180,-0.0012391573729864103
2023-04-28,4030,4075,4020,4040,41852,0.002481389578163684
2023-05-02,4020,4070,4020,4050,73148,0.0024752475247524774
2023-05-03,4060,4060,3985,4020,38657,-0.007407407407407418
2023-05-04,4005,4040,4005,4015,22677,-0.0012437810945273853
2023-05-08,4035,4090,4035,4045,15602,0.007471980074719831
2023-05-09,4045,4080,4020,4060,7764,0.003708281829418958
2023-05-10,4090,4090,4025,4060,16238,0.0
2023-05-11,4055,4080,4040,4080,25314,0.0049261083743843415
2023-05-12,4060,4080,4050,4065,12602,-0.003676470588235281
2023-05-15,4065,4070,4005,4030,23230,-0.008610086100861003
2023-05-16,4135,4210,4065,4150,81193,0.02977667493796532
2023-05-17,4130,4180,4130,4150,13118,0.0
2023-05-18,4150,4180,4125,4145,18443,-0.001204819277108471
2023-05-19,4180,4180,4115,4155,18659,0.0024125452352230514
2023-05-22,4155,4225,4140,4210,29283,0.013237063778579916
2023-05-23,4235,4235,4190,4210,9561,0.0
2023-05-24,4240,4240,4180,4210,12730,0.0
2023-05-25,4225,4235,4155,4180,26694,-0.0071258907363420665
2023-05-26,4200,4210,4165,4170,14278,-0.0023923444976076125
2023-05-30,4180,4200,4170,4185,11572,0.003597122302158251
2023-05-31,4180,4200,4160,4180,40859,-0.0011947431302270495
2023-06-01,4180,4200,4165,4170,6885,-0.0023923444976076125
2023-06-02,4170,4245,4170,4235,43128,0.015587529976019088
2023-06-05,4245,4290,4245,4270,47247,0.008264462809917328
2023-06-07,4275,4305,4260,4260,24316,-0.0023419203747072626
2023-06-08,4255,4290,4225,4270,20248,0.0023474178403755097
2023-06-09,4285,4325,4260,4280,25276,0.0023419203747072626
2023-06-12,4300,4300,4240,4245,12904,-0.008177570093457986
2023-06-13,4280,4280,4240,4245,19046,0.0
2023-06-14,4245,4245,4225,4240,35145,-0.0011778563015312216
2023-06-15,4240,4240,3975,4150,63560,-0.021226415094339646
2023-06-16,4150,4180,4130,4150,28173,0.0
2023-06-19,4175,4175,4120,4160,13937,0.002409638554216942
2023-06-20,4190,4190,4120,4150,19759,-0.0024038461538461453
2023-06-21,4180,4190,4130,4140,21932,-0.002409638554216831
2023-06-22,4155,4155,4100,4135,29663,-0.0012077294685990392
2023-06-23,4115,4130,4080,4100,24950,-0.008464328899637219
2023-06-26,4110,4120,4065,4105,14893,0.0012195121951219523
2023-06-27,4110,4130,4085,4115,13313,0.0024360535931791105
2023-06-28,4125,4130,4100,4120,12103,0.0012150668286756705
2023-06-29,4130,4130,4050,4060,22235,-0.014563106796116498
2023-06-30,4100,4105,4015,4045,90859,-0.003694581280788145
2023-07-03,4065,4140,4065,4105,24973,0.014833127317676054
2023-07-04,4105,4145,4050,4060,60863,-0.010962241169305775
2023-07-05,4100,4100,4045,4065,17178,0.0012315270935960854
2023-07-06,4065,4065,4010,4045,48277,-0.004920049200492049
2023-07-07,4020,4040,3955,4030,56244,-0.003708281829419069
2023-07-10,4010,4030,3985,4010,15893,-0.00496277915632759
2023-07-11,4010,4030,3995,4020,19729,0.0024937655860348684
2023-07-12,4025,4030,3960,3995,24510,-0.006218905472636815
2023-07-13,3995,4045,3995,4000,27471,0.0012515644555695093
2023-07-14,4010,4100,3995,4100,62692,0.02499999999999991
2023-07-17,4070,4100,4060,4095,12724,-0.0012195121951219523
2023-07-18,4095,4095,4035,4050,21758,-0.01098901098901095
2023-07-19,4050,4075,4020,4055,20034,0.0012345679012346622
2023-07-20,4060,4065,4000,4020,16090,-0.008631319358816225
2023-07-21,4055,4055,3990,4030,19757,0.0024875621890547706
2023-07-24,4030,4030,3920,3980,65087,-0.012406947890818865
2023-07-25,3980,3990,3930,3975,66150,-0.0012562814070351536
2023-07-26,3975,3990,3650,3910,113543,-0.01635220125786163
2023-07-27,3900,4000,3900,3990,32089,0.020460358056265893
2023-07-28,3950,4005,3950,4000,23059,0.0025062656641603454
2023-07-31,3995,4000,3960,3995,27128,-0.0012499999999999734
2023-08-01,3995,4095,3980,4080,35274,0.02127659574468077
2023-08-02,4080,4090,4035,4045,13585,-0.008578431372548989
2023-08-03,4040,4090,4020,4085,26030,0.009888751545117369
2023-08-04,4090,4095,4040,4090,5641,0.001223990208078396
2023-08-07,4085,4095,4055,4075,11554,-0.003667481662591676
2023-08-08,4115,4130,4050,4080,41253,0.0012269938650306678
2023-08-09,4060,4110,4060,4095,20441,0.003676470588235281
2023-08-10,4115,4115,4060,4100,28112,0.0012210012210012167
2023-08-11,4115,4120,4080,4100,13308,0.0
2023-08-14,4080,4135,4080,4100,10598,0.0
2023-08-16,4075,4120,3955,4095,83621,-0.0012195121951219523
2023-08-17,4075,4080,3970,4080,17135,-0.00366300366300365
2023-08-18,4040,4075,4020,4040,5577,-0.009803921568627416
2023-08-21,4010,4080,3995,4080,64617,0.00990099009900991
2023-08-22,4035,4085,4010,4055,26847,-0.006127450980392135
2023-08-23,4035,4065,4005,4060,9536,0.0012330456226881115
2023-08-24,4045,4065,4035,4050,9727,-0.0024630541871921707
2023-08-25,4065,4065,4015,4040,15421,-0.0024691358024691024
2023-08-28,4070,4070,4030,4070,7917,0.007425742574257432
2023-08-29,4070,4105,4060,4085,31697,0.0036855036855036882
2023-08-30,4100,4105,4075,4090,13517,0.001223990208078396
2023-08-31,4100,4100,4060,4070,9492,-0.004889975550122272
2023-09-01,4095,4095,4060,4095,16793,0.006142506142506221
2023-09-04,4095,4120,4070,4110,16936,0.00366300366300365
2023-09-05,4125,4125,4070,4070,18231,-0.009732360097323589
2023-09-06,4105,4105,4050,4075,8726,0.0012285012285011554
2023-09-07,4080,4080,4025,4050,22779,-0.006134969325153339
2023-09-08,4030,4070,4030,4060,12023,0.0024691358024691024
2023-09-11,4045,4090,4040,4070,13354,0.0024630541871921707
2023-09-12,4070,4090,4035,4065,28520,-0.0012285012285012664
2023-09-13,4065,4110,4030,4050,32439,-0.0036900369003689537
2023-09-14,4075,4080,4025,4060,18659,0.0024691358024691024
2023-09-15,4060,4075,4010,4010,356200,-0.012315270935960632
2023-09-18,4010,4030,4000,4005,48789,-0.0012468827930174342
2023-09-19,4015,4025,3995,4020,43775,0.0037453183520599342
2023-09-20,4020,4040,3955,3980,51579,-0.00995024875621886
2023-09-21,3980,3985,3940,3950,29194,-0.007537688442211032
2023-09-22,3945,3945,3905,3925,39470,-0.006329113924050667
2023-09-25,3930,3975,3875,3905,47146,-0.005095541401273884
2023-09-26,3895,3920,3860,3900,40202,-0.001280409731113985
2023-09-27,3865,3915,3865,3915,6913,0.0038461538461538325
2023-10-04,3915,3915,3810,3810,27327,-0.026819923371647514
2023-10-05,3815,3885,3775,3875,27327,0.017060367454068137
2023-10-06,3875,3885,3840,3870,10507,-0.001290322580645209
2023-10-10,3895,3910,3860,3885,14806,0.003875968992248069
2023-10-11,3865,3905,3865,3890,19907,0.0012870012870012104
2023-10-12,3875,3910,3870,3895,11066,0.0012853470437017567
2023-10-13,3905,3910,3850,3905,15332,0.0025673940949935137
2023-10-16,3905,3905,3860,3885,12467,-0.005121638924455829
2023-10-17,3875,3910,3875,3910,8891,0.006435006435006496
2023-10-18,3915,3935,3860,3895,33557,-0.0038363171355498826
2023-10-19,3865,3910,3830,3890,25255,-0.0012836970474967568
2023-10-20,3900,3900,3815,3870,17392,-0.005141388174807249
2023-10-23,3845,3900,3805,3855,17477,-0.003875968992248069
2023-10-24,3850,3880,3790,3840,24918,-0.0038910505836575737
2023-10-25,3830,3860,3820,3845,21643,0.0013020833333332593
2023-10-26,3855,3855,3790,3825,25587,-0.005201560468140465
2023-10-27,3825,3860,3825,3840,21805,0.0039215686274509665
2023-10-30,3815,3850,3800,3835,12475,-0.0013020833333333703
2023-10-31,3830,3850,3785,3815,12154,-0.0052151238591916504
2023-11-01,3840,3840,3810,3835,10259,0.005242463958060384
2023-11-02,3835,3850,3810,3840,22479,0.0013037809647979959
2023-11-03,3840,3865,3830,3865,11603,0.006510416666666741
2023-11-06,3875,3895,3855,3865,102424,0.0
2023-11-07,3865,3890,3845,3860,21747,-0.001293661060802087
2023-11-08,3875,3875,3845,3855,9161,-0.0012953367875647714
2023-11-09,3855,3865,3850,3865,5119,0.0025940337224383825
2023-11-10,3860,3860,3840,3840,22852,-0.0064683053040103244
2023-11-13,3865,3870,3840,3865,25833,0.006510416666666741
2023-11-14,3850,3885,3835,3865,22350,0.0
2023-11-15,3875,3910,3870,3890,63846,0.0064683053040104355
2023-11-16,3890,3920,3885,3910,18766,0.005141388174807249
2023-11-17,3915,3950,3880,3910,9717,0.0
2023-11-20,3910,3965,3910,3955,11379,0.011508951406649537
2023-11-21,3955,3995,3940,3985,18007,0.007585335018963413
2023-11-22,3975,3995,3960,3985,28793,0.0
2023-11-23,3985,4005,3975,3985,23002,0.0
2023-11-24,3990,3995,3925,3980,24319,-0.0012547051442910462
2023-11-27,3980,3990,3935,3975,41414,-0.0012562814070351536
2023-11-28,3980,3990,3945,3975,19813,0.0
2023-11-29,3955,3985,3925,3945,36064,-0.007547169811320753
2023-11-30,3960,3965,3935,3955,28481,0.0025348542458809575
2023-12-01,3935,3965,3915,3955,19204,0.0
2023-12-04,3950,4030,3950,3990,50272,0.008849557522123908
2023-12-05,3990,4005,3975,3985,9708,-0.0012531328320801727
2023-12-06,3975,4030,3975,3985,23330,0.0
2023-12-07,3990,4000,3955,3975,9129,-0.0025094102885822034
2023-12-08,3960,3975,3885,3925,116849,-0.012578616352201255
2023-12-11,3925,3935,3885,3885,48268,-0.010191082802547768
2023-12-12,3915,3915,3870,3880,39583,-0.0012870012870013214
2023-12-13,3900,3900,3865,3885,30563,0.0012886597938144284
2023-12-14,3895,3910,3840,3845,67047,-0.01029601029601035
2023-12-15,3850,3875,3845,3850,29814,0.0013003901170351995
2023-12-18,3865,3865,3825,3840,36228,-0.0025974025974025983
2023-12-19,3845,3845,3810,3820,28336,-0.00520833333333337
2023-12-20,3825,3845,3815,3840,24143,0.005235602094240788
2023-12-21,3845,3845,3805,3825,39459,-0.00390625
2023-12-22,3835,3835,3805,3830,31730,0.0013071895424836555
2023-12-26,3830,3845,3820,3830,45961,0.0
2023-12-27,3835,3845,3810,3825,25984,-0.0013054830287205776
2023-12-28,3825,3860,3800,3850,63887,0.006535947712418277
2024-01-02,3835,3855,3830,3840,31993,-0.0025974025974025983
2024-01-03,3840,3855,3810,3810,21379,-0.0078125
2024-01-04,3810,3830,3775,3785,87909,-0.006561679790026198
2024-01-05,3775,3805,3765,3795,20564,0.0026420079260238705
2024-01-08,3795,3800,3760,3780,39063,-0.0039525691699604515
2024-01-09,3775,3800,3775,3800,6932,0.005291005291005346
2024-01-10,3810,3810,3780,3800,15753,0.0
2024-01-11,3800,3930,3790,3860,91918,0.015789473684210575
2024-01-12,3855,3915,3820,3845,57424,-0.0038860103626943143
2024-01-15,3855,3870,3825,3860,9032,0.0039011703511053764
2024-01-16,3860,3880,3810,3825,15911,-0.0090673575129534
2024-01-17,3820,3845,3745,3770,52496,-0.01437908496732021
2024-01-18,3770,3800,3745,3785,20587,0.003978779840848823
2024-01-19,3785,3870,3755,3800,41956,0.003963011889035695
2024-01-22,3835,3835,3750,3790,20786,-0.0026315789473684292
2024-01-23,3780,3795,3760,3785,20881,-0.0013192612137202797
2024-01-24,3815,3815,3765,3770,17996,-0.003963011889035695
2024-01-25,3795,3805,3755,3780,1814195,0.0026525198938991412
2024-01-26,3780,3840,3780,3820,20272,0.010582010582010692
2024-01-29,3830,3875,3810,3870,44945,0.01308900523560208
2024-01-30,3890,3955,3880,3925,54866,0.01421188630490966
2024-01-31,3915,3945,3880,3935,33461,0.002547770700636942
2024-02-01,3935,4310,3935,4210,363923,0.0698856416772553
2024-02-02,4345,4345,4180,4220,288502,0.002375296912114022
2024-02-05,4210,4270,4145,4240,131597,0.004739336492890933
2024-02-06,4250,4250,4175,4190,67987,-0.011792452830188704
2024-02-07,4190,4295,4170,4290,169118,0.023866348448687402
2024-02-08,4260,4320,4240,4305,83791,0.0034965034965035446
2024-02-13,4340,4435,4305,4390,125468,0.019744483159117365
2024-02-14,4380,4420,4360,4395,135021,0.001138952164009055
2024-02-15,4415,4415,4350,4400,49641,0.0011376564277587597
2024-02-16,4415,4465,4360,4465,53670,0.014772727272727382
2024-02-19,4475,4665,4460,4605,211345,0.03135498320268759
2024-02-20,4605,4605,4485,4515,60354,-0.019543973941368087
2024-02-21,4515,4595,4485,4590,74519,0.01661129568106312
2024-02-22,4590,4655,4495,4650,91064,0.013071895424836555
2024-02-23,4610,4695,4600,4650,38382,0.0
2024-02-26,4630,4640,4395,4425,92776,-0.048387096774193505
2024-02-27,4400,4430,4330,4400,59771,-0.005649717514124242
2024-02-28,4400,4440,4335,4435,39740,0.007954545454545547
2024-02-29,4430,4500,4405,4460,77474,0.005636978579481422
2024-03-04,4460,4540,4430,4475,40236,0.0033632286995515237
2024-03-05,4460,4560,4420,4470,76142,-0.0011173184357542443
2024-03-06,4470,4500,4425,4475,37045,0.0011185682326622093
2024-03-07,4500,4500,4435,4470,42176,-0.0011173184357542443
2024-03-08,4495,4550,4465,4500,77058,0.006711409395973256
2024-03-11,4545,4550,4460,4500,43139,0.0
2024-03-12,4495,4495,4385,4400,69621,-0.022222222222222254
2024-03-13,4400,4490,4360,4440,118535,0.009090909090909038
2024-03-14,4440,4525,4425,4520,108051,0.018018018018018056
2024-03-15,4515,4600,4495,4580,85074,0.01327433628318575
2024-03-18,4575,4590,4450,4485,107083,-0.020742358078602585
2024-03-19,4485,4485,4425,4465,38395,-0.004459308807134854
2024-03-20,4465,4490,4445,4465,56436,0.0
2024-03-21,4470,4565,4460,4545,72523,0.01791713325867872
2024-03-22,4540,4590,4525,4545,24441,0.0
2024-03-25,4545,4575,4490,4535,35973,-0.002200220022002153
2024-03-26,4535,4545,4480,4500,503554,-0.007717750826901848
2024-03-27,4465,4515,4380,4430,58730,-0.015555555555555545
2024-03-28,4320,4400,4225,4265,73754,-0.03724604966139955
2024-03-29,4265,4265,4195,4210,33715,-0.01289566236811257
2024-04-01,4210,4265,4180,4195,55423,-0.0035629453681710332
2024-04-02,4270,4270,4120,4175,53419,-0.004767580452920139
2024-04-03,4155,4165,4125,4155,37370,-0.004790419161676662
2024-04-04,4150,4190,4150,4185,28303,0.0072202166064982976
2024-04-05,4150,4200,4150,4170,22638,-0.0035842293906810374
2024-04-08,4270,4270,4100,4180,55270,0.0023980815347721673
2024-04-09,4195,4195,4150,4175,40793,-0.0011961722488038617
2024-04-11,4150,4150,4090,4135,33694,-0.009580838323353325
2024-04-12,4145,4150,4060,4085,31906,-0.01209189842805325
2024-04-15,4050,4085,3980,4040,56265,-0.011015911872705009
2024-04-16,4065,4075,3950,3985,33836,-0.013613861386138626
2024-04-17,3990,4010,3950,3995,25374,0.0025094102885820924
2024-04-18,4055,4055,3975,4020,43981,0.006257822277847325
2024-04-19,4015,4045,3920,4005,32024,-0.003731343283582045
2024-04-22,4005,4100,4005,4100,26707,0.02372034956304625
2024-04-23,4100,4140,4090,4135,13907,0.008536585365853666
2024-04-24,4150,4160,4115,4135,30322,0.0
2024-04-25,4160,4170,4130,4165,10121,0.007255139056831839
2024-04-26,4180,4190,4155,4190,8443,0.006002400960384069
2024-04-29,4190,4250,4165,4250,17120,0.014319809069212486
2024-04-30,4215,4275,4215,4255,25845,0.0011764705882353343
2024-05-02,4245,4270,4215,4245,17916,-0.002350176263219761
2024-05-03,4280,4280,4220,4250,11983,0.0011778563015312216
2024-05-07,4250,4295,4205,4215,31884,-0.008235294117647007
2024-05-08,4210,4255,4180,4250,26628,0.008303677342823335
2024-05-09,4255,4265,4215,4235,16659,-0.003529411764705892
2024-05-10,4205,4320,4190,4275,54096,0.009445100354191327
2024-05-13,4275,4315,4230,4250,29385,-0.005847953216374324
2024-05-14,4265,4290,4210,4290,48527,0.009411764705882453
2024-05-16,4320,4340,4250,4335,70842,0.010489510489510412
2024-05-17,4325,4395,4325,4375,37931,0.009227220299884653
2024-05-20,4380,4420,4355,4380,34265,0.0011428571428571122
2024-05-21,4400,4415,4360,4380,23377,0.0
2024-05-22,4380,4380,4305,4360,43567,-0.004566210045662156
2024-05-23,4360,4360,4260,4320,33083,-0.00917431192660545
2024-05-24,4320,4320,4270,4290,11405,-0.00694444444444442
2024-05-27,4290,4310,4220,4280,65213,-0.002331002331002363
2024-05-28,4310,4310,4235,4250,12524,-0.007009345794392496
2024-05-29,4230,4270,4220,4245,17789,-0.0011764705882353343
2024-05-30,4245,4255,4095,4150,223435,-0.0223792697290931
2024-05-31,4180,4195,4120,4130,47237,-0.004819277108433773
2024-06-03,4180,4180,4120,4150,33133,0.004842615012106588
2024-06-04,4175,4175,4080,4120,47608,-0.0072289156626506035
2024-06-05,4140,4155,4085,4145,23076,0.0060679611650484855
2024-06-07,4145,4155,4115,4155,18300,0.0024125452352230514
2024-06-10,4155,4240,4000,4140,20236,-0.0036101083032491488
2024-06-11,4155,4245,4085,4130,35540,-0.0024154589371980784
2024-06-12,4180,4180,4080,4100,54071,-0.007263922518159771
2024-06-13,4130,4140,4085,4100,51497,0.0
2024-06-14,4100,4140,4075,4100,35586,0.0
2024-06-17,4130,4130,4095,4110,13797,0.0024390243902439046
2024-06-18,4120,4150,4085,4130,15627,0.0048661800486617945
2024-06-19,4130,4155,4115,4135,27027,0.001210653753026536
2024-06-20,4140,4320,4130,4300,124233,0.03990326481257567
2024-06-21,4260,4320,4220,4290,62175,-0.0023255813953488857
2024-06-24,4335,4335,4230,4280,59788,-0.002331002331002363
2024-06-25,4250,4300,4250,4295,36983,0.003504672897196359
2024-06-26,4290,4330,4275,4320,47281,0.005820721769499437
2024-06-27,4320,4325,4285,4320,21085,0.0
2024-06-28,4320,4370,4275,4345,52835,0.0057870370370369795
2024-07-01,4345,4355,4310,4330,22654,-0.0034522439585730202
2024-07-02,4350,4395,4300,4330,53927,0.0
2024-07-03,4330,4450,4325,4435,118465,0.024249422632794504
2024-07-04,4455,4530,4405,4480,74499,0.01014656144306647
2024-07-05,4520,4530,4455,4490,55835,0.0022321428571427937
2024-07-08,4460,4500,4375,4455,84569,-0.007795100222717122
2024-07-09,4470,4470,4365,4395,34002,-0.013468013468013518
2024-07-10,4370,4395,4295,4385,51798,-0.0022753128555176305
2024-07-11,4400,4465,4390,4460,54545,0.01710376282782211
2024-07-12,4460,4475,4380,4435,44045,-0.005605381165919243
2024-07-15,4430,4490,4430,4480,70044,0.01014656144306647
2024-07-16,4480,4575,4465,4535,55423,0.01227678571428581
2024-07-17,4535,4600,4430,4470,62522,-0.01433296582138921
2024-07-18,4470,4515,4400,4515,55323,0.010067114093959662
2024-07-19,4505,4520,4410,4475,27507,-0.008859357696566983
2024-07-22,4470,4485,4330,4460,51627,-0.003351955307262622
2024-07-23,4460,4465,4420,4460,40986,0.0
2024-07-24,4420,4475,4410,4435,33126,-0.005605381165919243
2024-07-25,4435,4435,4290,4320,71334,-0.025930101465614475
2024-07-26,4325,4400,4325,4370,62150,0.011574074074074181
2024-07-29,4375,4480,4370,4475,63157,0.024027459954233388
2024-07-30,4455,4465,4390,4410,89833,-0.01452513966480451
2024-07-31,4410,4440,4390,4435,42848,0.005668934240362855
2024-08-01,4450,4475,4435,4455,37885,0.004509582863585049
2024-08-02,4440,4440,4285,4300,100178,-0.03479236812570141
2024-08-05,4300,4325,3915,4000,151832,-0.06976744186046513
2024-08-06,4040,4180,4030,4135,77890,0.03374999999999995
2024-08-07,4160,4280,4120,4250,54732,0.027811366384522307
2024-08-08,4250,4285,4200,4270,23697,0.004705882352941115
2024-08-09,4280,4310,4240,4310,48895,0.00936768149882905
2024-08-12,4310,4345,4285,4320,29918,0.002320185614849146
2024-08-13,4335,4340,4270,4320,27987,0.0
2024-08-14,4320,4470,4230,4465,119988,0.03356481481481488
2024-08-16,4465,4535,4465,4500,54391,0.007838745800671898
2024-08-19,4455,4600,4455,4580,57659,0.01777777777777767
2024-08-20,4570,4765,4570,4725,180149,0.031659388646288145
2024-08-21,4720,4755,4705,4720,72301,-0.0010582010582010914
2024-08-22,4720,4745,4660,4665,42306,-0.01165254237288138
2024-08-23,4660,4720,4630,4700,29462,0.007502679528403
2024-08-26,4760,4845,4675,4820,97568,0.025531914893617058
2024-08-27,4775,4820,4685,4750,81087,-0.014522821576763434
2024-08-28,4800,4800,4640,4675,62333,-0.015789473684210575
2024-08-29,4650,4750,4600,4680,44042,0.0010695187165774556
2024-08-30,4645,4750,4620,4725,49719,0.009615384615384581
2024-09-02,4780,4935,4725,4935,92765,0.04444444444444451
2024-09-03,4935,5060,4935,4970,141741,0.007092198581560183
2024-09-04,4810,4945,4810,4835,68082,-0.02716297786720323
2024-09-05,4835,4900,4795,4860,53538,0.005170630816959676
2024-09-06,5160,6280,5050,5900,8072729,0.21399176954732502
2024-09-09,5860,6050,5360,5930,2681895,0.005084745762711895
2024-09-10,5800,5920,5610,5630,897009,-0.050590219224283306
2024-09-11,5720,6080,5640,5680,1063245,0.008880994671403242
2024-09-12,5640,5860,5570,5800,468097,0.021126760563380254
2024-09-13,5730,6130,5730,6100,1128965,0.051724137931034475
2024-09-19,6110,6110,5960,5980,407860,-0.01967213114754096
2024-09-20,5990,6170,5900,6010,400062,0.0050167224080268635
2024-09-23,5970,6060,5910,5990,160540,-0.0033277870216306127
2024-09-24,5990,6100,5680,5810,458287,-0.03005008347245408
2024-09-25,5720,5780,5310,5370,1070362,-0.07573149741824436
2024-09-26,5370,5580,5320,5540,277421,0.03165735567970196
2024-09-27,5540,5670,5450,5630,153737,0.016245487364620947
2024-09-30,5630,5690,5520,5570,146703,-0.010657193605683846
2024-10-02,5500,5580,5410,5570,119895,0.0
2024-10-04,5520,5650,5520,5640,108298,0.012567324955116588
2024-10-07,5580,5670,5570,5660,90979,0.0035460992907800915
2024-10-08,5660,5720,5580,5600,104489,-0.010600706713780883
2024-10-10,5650,5650,5480,5570,117632,-0.005357142857142838
2024-10-11,5570,5630,5560,5590,67127,0.0035906642728904536
2024-10-14,5590,5710,5210,5290,843078,-0.05366726296958857
2024-10-15,5360,5580,5350,5550,188393,0.04914933837429114
2024-10-16,5570,5650,5500,5640,94194,0.016216216216216273
2024-10-17,5590,5680,5560,5570,98266,-0.012411347517730542
2024-10-18,5590,5650,5540,5630,85001,0.010771992818671361
2024-10-21,5630,5670,5570,5570,67931,-0.010657193605683846
2024-10-22,5550,5640,5480,5540,70678,-0.0053859964093356805
2024-10-23,5520,5570,5430,5480,78498,-0.010830324909747335
2024-10-24,5450,5530,5280,5350,119862,-0.02372262773722633
2024-10-25,5300,5470,5300,5350,66505,0.0
2024-10-28,5320,5410,5250,5290,80570,-0.01121495327102806
2024-10-29,5250,5500,5250,5380,86055,0.017013232514177634
2024-10-30,5350,5430,5310,5360,58066,-0.0037174721189591198
2024-10-31,5330,5440,5290,5400,62585,0.00746268656716409
2024-11-01,5320,5470,5320,5420,59122,0.0037037037037037646
2024-11-04,5440,5460,5280,5350,62296,-0.01291512915129156
2024-11-05,5400,5460,5320,5450,69827,0.01869158878504673
2024-11-06,5490,5550,5310,5350,93933,-0.01834862385321101
2024-11-07,5350,5450,5170,5230,164880,-0.02242990654205612
2024-11-08,5210,5300,5080,5120,119980,-0.021032504780114758
2024-11-11,5090,5170,5060,5170,74192,0.009765625
2024-11-12,5170,5200,5020,5030,102981,-0.027079303675048405
2024-11-13,5010,5050,4910,4935,91699,-0.0188866799204771
2024-11-14,4935,5050,4930,5000,934606,0.01317122593718345
2024-11-15,5000,5030,4875,5000,146933,0.0
2024-11-18,4960,5100,4960,5000,51968,0.0
2024-11-19,5000,5050,4955,5000,62170,0.0
2024-11-20,5000,5100,4995,5080,34665,0.016000000000000014
2024-11-21,5080,5180,5050,5150,58049,0.013779527559055094
2024-11-22,5130,5180,5100,5100,34713,-0.009708737864077666
2024-11-25,5100,5130,5060,5090,58427,-0.0019607843137254832
2024-11-26,5070,5110,5040,5060,20973,-0.005893909626719096
2024-11-27,5070,5120,5060,5120,34440,0.011857707509881354
2024-11-28,5130,5230,5120,5170,45488,0.009765625
2024-11-29,5130,5220,5070,5160,48817,-0.0019342359767892114
2024-12-02,5160,5240,5140,5230,37305,0.013565891472868241
2024-12-03,5190,5580,5190,5550,303534,0.06118546845124273
2024-12-04,5410,5530,5290,5380,216261,-0.03063063063063065
2024-12-05,5380,5400,5230,5300,64120,-0.014869888475836479
2024-12-06,5250,5430,5210,5360,108891,0.01132075471698113
2024-12-09,5250,5340,5100,5150,110121,-0.03917910447761197
2024-12-10,5120,5310,5120,5200,80207,0.009708737864077666
2024-12-11,5220,5340,5210,5280,38221,0.01538461538461533
2024-12-12,5380,5490,5200,5470,102701,0.0359848484848484
2024-12-13,5470,5490,5360,5410,63269,-0.010968921389396757
2024-12-16,5440,5480,5370,5400,29808,-0.001848428835489857
