Date,Open,High,Low,Close,Volume,Change
2022-01-03,65100,66000,63900,65200,184075,-0.007610350076103556
2022-01-04,65200,66600,65000,66000,168446,0.012269938650306678
2022-01-05,65300,66000,63300,63700,194818,-0.034848484848484795
2022-01-06,62600,63000,59800,59800,396089,-0.061224489795918324
2022-01-07,60600,63300,60300,62600,179482,0.04682274247491636
2022-01-10,62700,63800,61800,62300,163812,-0.004792332268370614
2022-01-11,61800,62600,60300,60800,148585,-0.024077046548956704
2022-01-12,60900,63000,60900,62500,113948,0.02796052631578938
2022-01-13,62600,64200,62300,64000,195489,0.02400000000000002
2022-01-14,63600,63700,61700,62100,165814,-0.029687499999999978
2022-01-17,62000,62100,60700,61000,133020,-0.017713365539452464
2022-01-18,61500,61800,59300,59600,186682,-0.022950819672131195
2022-01-19,58400,60200,58100,58300,196962,-0.021812080536912748
2022-01-20,58800,59500,57900,58700,165358,0.006861063464836947
2022-01-21,58400,59500,58000,58700,130088,0.0
2022-01-24,58400,59200,54600,55200,333487,-0.05962521294718914
2022-01-25,55200,56000,51200,51200,521263,-0.07246376811594202
2022-01-26,50800,51900,50000,50000,322101,-0.0234375
2022-01-27,49500,50000,45700,46000,665833,-0.07999999999999996
2022-01-28,45950,47850,45500,47400,342380,0.0304347826086957
2022-02-03,48150,49600,47550,48950,258991,0.03270042194092837
2022-02-04,48550,49850,48050,49700,212173,0.01532175689479054
2022-02-07,49750,51200,48300,49000,238939,-0.014084507042253502
2022-02-08,49200,49800,47500,48100,255521,-0.01836734693877551
2022-02-09,48400,49850,47950,49850,162786,0.0363825363825363
2022-02-10,52000,52800,49900,50300,229540,0.009027081243731194
2022-02-11,50300,50600,49000,49100,170193,-0.02385685884691846
2022-02-14,48800,49250,46900,47400,209980,-0.03462321792260692
2022-02-15,47000,49150,47000,47400,169363,0.0
2022-02-16,47500,50700,47500,50500,234325,0.06540084388185652
2022-02-17,50600,53500,50000,51500,411953,0.01980198019801982
2022-02-18,50500,51700,50400,51100,155433,-0.007766990291262155
2022-02-21,50300,51800,49900,51400,117492,0.005870841487279899
2022-02-22,50300,51600,50300,51000,112728,-0.0077821011673151474
2022-02-23,52100,54800,51700,54300,345165,0.06470588235294117
2022-02-24,53700,53900,51800,52000,275858,-0.0423572744014733
2022-02-25,54900,61600,54700,59900,1987971,0.15192307692307683
2022-02-28,60400,61300,59500,59600,487324,-0.005008347245408995
2022-03-02,62800,67500,62400,63100,1816970,0.0587248322147651
2022-03-03,63100,64000,61100,63000,555903,-0.0015847860538826808
2022-03-04,62800,66000,62000,65200,1040628,0.03492063492063502
2022-03-07,65600,67400,64200,65100,726054,-0.0015337423312883347
2022-03-08,66100,66800,61500,61700,712983,-0.05222734254992323
2022-03-10,62300,64200,59500,63700,585146,0.03241491085899506
2022-03-11,63200,65800,62900,65800,391955,0.03296703296703307
2022-03-14,65900,67000,64400,65000,542786,-0.012158054711246202
2022-03-15,64400,64400,60600,61700,505910,-0.05076923076923079
2022-03-16,61900,62400,59900,61100,343893,-0.00972447325769854
2022-03-17,62100,63000,61000,61400,231810,0.004909983633387904
2022-03-18,61500,64000,61100,63700,400000,0.037459283387622166
2022-03-21,63500,64000,62500,63200,181692,-0.00784929356357933
2022-03-22,63300,64800,63200,64400,251220,0.018987341772152
2022-03-23,64700,65500,62800,63500,300559,-0.013975155279503104
2022-03-24,63700,64500,62500,64500,228135,0.015748031496062964
2022-03-25,64500,64500,62400,62600,287908,-0.029457364341085257
2022-03-28,62700,63300,61900,63100,155474,0.007987220447284393
2022-03-29,63000,63500,62400,62900,124874,-0.0031695721077654726
2022-03-30,63300,63300,61600,62100,144975,-0.012718600953895098
2022-03-31,62800,64200,62700,63400,250987,0.02093397745571668
2022-04-01,63000,63100,61900,62000,205402,-0.02208201892744477
2022-04-04,62000,62600,61200,62100,137334,0.001612903225806539
2022-04-05,62300,63500,62200,63400,168780,0.02093397745571668
2022-04-06,63600,64500,63300,64000,253355,0.009463722397476282
2022-04-07,62800,63100,60000,60400,408933,-0.05625000000000002
2022-04-08,60400,62200,60100,61600,207511,0.019867549668874274
2022-04-11,61700,64400,61200,63100,244955,0.024350649350649345
2022-04-12,62700,62700,61500,62300,202110,-0.01267828843106178
2022-04-13,62300,62800,61900,62500,175020,0.0032102728731941976
2022-04-14,62200,63200,61600,63200,181650,0.011200000000000099
2022-04-15,62400,63200,62100,63200,127090,0.0
2022-04-18,63200,63200,62100,62300,142244,-0.014240506329113889
2022-04-19,62400,62700,61300,62200,306490,-0.0016051364365970988
2022-04-20,61800,62400,61200,61800,197258,-0.006430868167202619
2022-04-21,62200,64900,61800,64200,473578,0.03883495145631066
2022-04-22,63600,63600,61900,62800,506382,-0.02180685358255452
2022-04-25,61600,62100,60900,61900,269698,-0.014331210191082855
2022-04-26,61900,61900,61200,61600,115614,-0.004846526655896577
2022-04-27,59800,60600,59000,59200,270513,-0.038961038961038974
2022-04-28,59500,60000,57500,58500,222275,-0.011824324324324342
2022-04-29,59100,60800,59000,59800,166558,0.022222222222222143
2022-05-02,58600,59000,58100,58600,159802,-0.02006688963210701
2022-05-03,58000,58900,57400,57500,207824,-0.018771331058020424
2022-05-04,57700,57900,55000,55300,396158,-0.03826086956521735
2022-05-06,54800,55100,53800,54100,242763,-0.02169981916817365
2022-05-09,54200,54600,52100,52500,205114,-0.02957486136783738
2022-05-10,51300,52000,50400,51900,309501,-0.011428571428571455
2022-05-11,49800,49900,47350,48450,1101481,-0.06647398843930641
2022-05-12,47650,48150,46050,46400,548083,-0.042311661506707954
2022-05-13,46400,47200,45600,46350,378505,-0.0010775862068965747
2022-05-16,46400,48800,46400,48300,304680,0.04207119741100329
2022-05-17,48400,48650,47950,48500,145501,0.0041407867494824835
2022-05-18,49000,49550,47950,48400,178846,-0.0020618556701030855
2022-05-19,47300,49500,46500,48900,214627,0.010330578512396604
2022-05-20,49750,52900,49500,51800,574483,0.059304703476482645
2022-05-23,51300,51800,49900,51200,224189,-0.01158301158301156
2022-05-24,51200,51700,50300,50500,128625,-0.013671875
2022-05-25,50700,52800,50600,52400,229570,0.03762376237623766
2022-05-26,52000,54500,51900,53700,249523,0.024809160305343525
2022-05-27,53700,54800,53500,53700,182480,0.0
2022-05-30,54800,54800,53700,54300,137017,0.011173184357541999
2022-05-31,54600,60000,54500,57200,1125032,0.05340699815837935
2022-06-02,57100,58600,55300,55700,349682,-0.02622377622377625
2022-06-03,56400,58500,55700,58000,423154,0.04129263913824066
2022-06-07,58000,59000,57600,58100,256475,0.0017241379310344307
2022-06-08,59400,59800,55200,55800,452834,-0.03958691910499135
2022-06-09,55500,56100,53700,55100,284083,-0.012544802867383464
2022-06-10,55200,56500,54700,56100,221362,0.01814882032667886
2022-06-13,54400,55000,52400,53100,263797,-0.053475935828877
2022-06-14,51200,52700,50700,52100,210417,-0.01883239171374762
2022-06-15,53000,54100,50100,51500,203934,-0.01151631477927062
2022-06-16,52700,53100,50900,51200,170146,-0.005825242718446644
2022-06-17,49250,51600,49250,51200,157091,0.0
2022-06-20,51200,54500,50000,50500,278520,-0.013671875
2022-06-21,50700,54400,50500,54300,295898,0.07524752475247531
2022-06-22,54300,54400,52200,52400,185047,-0.03499079189686927
2022-06-23,52200,53000,50100,50100,222699,-0.043893129770992356
2022-06-24,49700,53400,49400,53000,249076,0.05788423153692612
2022-06-27,53400,53800,52500,52600,126312,-0.007547169811320753
2022-06-28,53200,56800,52800,56500,470597,0.07414448669201512
2022-06-29,56000,60400,55700,59700,850448,0.05663716814159292
2022-06-30,59400,60000,57600,57800,363884,-0.031825795644891075
2022-07-01,58400,58700,55000,56100,319524,-0.02941176470588236
2022-07-04,56100,56400,52900,53900,258941,-0.039215686274509776
2022-07-05,54400,54800,51900,52900,289754,-0.01855287569573283
2022-07-06,52100,52200,47850,48300,547298,-0.08695652173913049
2022-07-07,48550,48750,47450,48450,287301,0.0031055900621117516
2022-07-08,48900,50200,48600,49150,243524,0.014447884416924683
2022-07-11,49250,49550,47100,47450,281769,-0.034587995930823956
2022-07-12,47350,47950,46900,47600,173919,0.0031612223393044925
2022-07-13,47400,47550,46050,47150,233555,-0.009453781512605008
2022-07-14,46300,47100,46300,46600,135849,-0.01166489925768821
2022-07-15,46700,46700,45500,45500,281357,-0.023605150214592308
2022-07-18,45700,46900,45600,46750,154687,0.027472527472527375
2022-07-19,46800,47900,46500,47900,159258,0.024598930481283476
2022-07-20,48650,49050,47900,48600,208908,0.014613778705636848
2022-07-21,49200,49250,47650,47950,188267,-0.013374485596707841
2022-07-22,47800,48350,47350,47500,128296,-0.009384775808133461
2022-07-25,47300,48250,47300,48200,72853,0.01473684210526316
2022-07-26,48000,48800,47900,48050,133722,-0.003112033195020736
2022-07-27,48300,49000,47900,47900,114122,-0.003121748178980255
2022-07-28,49050,53000,49050,52800,787444,0.10229645093945727
2022-07-29,53800,56300,53000,55500,756292,0.051136363636363535
2022-08-01,55700,58900,55600,57600,522692,0.037837837837837895
2022-08-02,57100,58200,56200,57300,301255,-0.00520833333333337
2022-08-03,57000,58200,56400,57600,246462,0.005235602094240788
2022-08-04,57900,58100,56700,56800,189126,-0.01388888888888884
2022-08-05,56500,59300,56500,58400,291403,0.028169014084507005
2022-08-08,59400,63300,59100,61900,955162,0.05993150684931514
2022-08-09,62200,62500,60800,61300,330378,-0.009693053311793265
2022-08-10,61500,63900,61400,62700,537699,0.022838499184339334
2022-08-11,64400,66300,63100,66200,719756,0.05582137161084533
2022-08-12,66500,66600,64000,64300,364306,-0.028700906344410915
2022-08-16,64400,66100,63200,65100,248567,0.012441679626749691
2022-08-17,64500,65300,63100,63600,349094,-0.02304147465437789
2022-08-18,63000,65700,62700,64900,378803,0.020440251572326984
2022-08-19,65000,67600,64200,64500,437034,-0.006163328197226536
2022-08-22,63200,64700,62400,63100,212085,-0.02170542635658912
2022-08-23,63000,66100,62700,65400,423180,0.03645007923930277
2022-08-24,67000,69000,65800,69000,883667,0.05504587155963292
2022-08-25,69000,69300,66100,67200,370963,-0.02608695652173909
2022-08-26,67200,69300,66500,68300,309684,0.016369047619047672
2022-08-29,66000,70800,65700,70700,686458,0.03513909224011713
2022-08-30,70900,71000,68300,68900,400889,-0.02545968882602545
2022-08-31,69300,70300,66900,68700,341566,-0.002902757619738794
2022-09-01,68000,69600,67100,67100,286040,-0.02328966521106257
2022-09-02,66700,66700,62600,64100,618219,-0.04470938897168408
2022-09-05,64200,65500,63400,64200,215839,0.0015600624024960652
2022-09-06,64500,67900,64500,66300,340709,0.032710280373831724
2022-09-07,65500,65800,63300,65000,262890,-0.019607843137254943
2022-09-08,66000,66100,64000,64800,199677,-0.003076923076923088
2022-09-13,65400,65500,61300,62700,407465,-0.03240740740740744
2022-09-14,60500,62100,60500,61800,299391,-0.014354066985645897
2022-09-15,61900,63700,61200,61900,252853,0.0016181229773462036
2022-09-16,62900,64100,60900,61900,331690,0.0
2022-09-19,61700,62300,59400,59900,253869,-0.03231017770597733
2022-09-20,61000,62800,60000,62200,306504,0.038397328881469184
2022-09-21,61400,64400,61200,62800,265768,0.009646302250803762
2022-09-22,62500,68300,62100,67900,732039,0.08121019108280247
2022-09-23,67700,68600,64800,64900,323837,-0.044182621502209085
2022-09-26,64500,66200,61900,63200,431861,-0.026194144838212585
2022-09-27,63400,63800,60000,62300,337958,-0.014240506329113889
2022-09-28,61600,63200,59900,61200,286110,-0.017656500802568198
2022-09-29,62100,63000,61000,61200,206186,0.0
2022-09-30,61000,61800,59300,60700,181640,-0.008169934640522847
2022-10-04,61600,63500,60300,62900,185753,0.036243822075782584
2022-10-05,64200,64900,62500,64300,236890,0.022257551669316422
2022-10-06,64700,67900,63300,67100,347286,0.043545878693623585
2022-10-07,66200,67900,65000,65700,258044,-0.02086438152011927
2022-10-11,64200,65100,61000,62000,223245,-0.05631659056316596
2022-10-12,62000,62900,60400,62100,160029,0.001612903225806539
2022-10-13,61600,62200,60100,61700,306996,-0.006441223832528209
2022-10-14,63000,63400,61700,63100,208340,0.02269043760129663
2022-10-17,62100,63400,60500,62900,153926,-0.0031695721077654726
2022-10-18,63700,64500,62900,64400,172300,0.0238473767885532
2022-10-19,64700,65100,63500,63700,142450,-0.010869565217391353
2022-10-20,63700,66000,61900,63600,185166,-0.0015698587127158659
2022-10-21,63400,64600,62000,63200,234624,-0.0062893081761006275
2022-10-24,65000,66000,62700,63500,230604,0.004746835443038
2022-10-25,64000,65500,56700,58000,834227,-0.08661417322834641
2022-10-26,58100,59100,57200,57900,338022,-0.0017241379310344307
2022-10-27,58600,60200,58400,60000,236528,0.03626943005181338
2022-10-28,59100,60600,59000,59400,157497,-0.010000000000000009
2022-10-31,59700,59800,57000,58800,210705,-0.010101010101010055
2022-11-01,58800,60600,58400,60300,200712,0.025510204081632626
2022-11-02,60100,60800,59400,59800,170448,-0.008291873963515717
2022-11-03,58200,60800,58100,60300,155877,0.008361204013378032
2022-11-04,60700,63200,60600,62300,357625,0.03316749585406309
2022-11-07,62200,62300,59700,60300,219726,-0.0321027287319422
2022-11-08,60600,61200,59100,60700,164997,0.0066334991708125735
2022-11-09,61600,66000,61600,65900,765244,0.08566721581548609
2022-11-10,66600,70500,66100,67100,807912,0.018209408194233667
2022-11-11,71500,71500,68500,70800,780044,0.055141579731743606
2022-11-14,71400,71800,69300,69900,394586,-0.012711864406779627
2022-11-15,69900,73000,69300,72500,424136,0.03719599427753928
2022-11-16,72500,76800,71200,75800,1368239,0.04551724137931035
2022-11-17,77000,79900,76100,76700,1276576,0.01187335092348274
2022-11-18,76400,76900,74000,75200,493878,-0.019556714471968717
2022-11-21,74800,75900,74100,75000,297106,-0.0026595744680850686
2022-11-22,75100,78300,74200,76000,537852,0.01333333333333342
2022-11-23,75900,76400,74200,75700,307823,-0.003947368421052588
2022-11-24,76100,79600,74800,79100,633341,0.044914134742404244
2022-11-25,79200,80000,78100,78800,245073,-0.0037926675094817064
2022-11-28,79400,80500,76700,77100,306911,-0.021573604060913687
2022-11-29,76900,78100,76500,76800,186226,-0.0038910505836575737
2022-11-30,76800,77000,74900,76500,279621,-0.00390625
2022-12-01,77300,77500,75300,75600,204099,-0.0117647058823529
2022-12-02,75600,75600,73100,74500,256145,-0.014550264550264536
2022-12-05,74500,75300,73600,74100,171209,-0.005369127516778538
2022-12-06,73100,73500,70800,71000,247928,-0.04183535762483126
2022-12-07,71000,72200,70400,71100,181350,0.0014084507042253502
2022-12-08,71000,71400,69700,70300,165165,-0.011251758087201136
2022-12-09,70500,70800,68000,68500,237424,-0.02560455192034139
2022-12-12,69800,72600,68500,72100,340760,0.052554744525547425
2022-12-13,73100,73100,70600,71300,203391,-0.01109570041608876
2022-12-14,72600,75100,72500,74800,433497,0.04908835904628339
2022-12-15,74500,77000,73800,75900,260121,0.014705882352941124
2022-12-16,74900,75800,73800,74500,228652,-0.01844532279314892
2022-12-19,74500,75400,73500,74500,136830,0.0
2022-12-20,74100,74100,70100,71400,380603,-0.041610738255033586
2022-12-21,71400,72800,70300,70900,152885,-0.007002801120448154
2022-12-22,71100,72000,69800,70800,151672,-0.0014104372355430161
2022-12-23,69400,70000,68600,69800,198710,-0.01412429378531077
2022-12-26,70100,71900,69800,70500,183340,0.01002865329512903
2022-12-27,71100,71700,69600,71700,220023,0.017021276595744705
2022-12-28,70800,72300,70100,70500,111244,-0.01673640167364021
2022-12-29,69900,71000,67600,68800,210249,-0.024113475177305
2023-01-02,70400,70500,67200,67800,152814,-0.014534883720930258
2023-01-03,67800,68500,65800,67800,137879,0.0
2023-01-04,66400,67600,64300,64600,324460,-0.0471976401179941
2023-01-05,65000,65200,61800,63200,343324,-0.021671826625387025
2023-01-06,62600,63900,62100,63200,221747,0.0
2023-01-09,63900,65900,63400,65700,213797,0.039556962025316444
2023-01-10,65700,67000,65200,65600,172689,-0.0015220700152207556
2023-01-11,66500,67600,64800,67000,277495,0.021341463414634054
2023-01-12,71400,76400,71300,73400,1398408,0.09552238805970159
2023-01-13,73500,74000,71100,71300,297325,-0.028610354223433276
2023-01-16,72600,72900,71100,72000,198667,0.009817671809256634
2023-01-17,71900,73100,71300,71700,191511,-0.004166666666666652
2023-01-18,71500,71700,69500,70800,192819,-0.012552301255230103
2023-01-19,71300,72200,67800,68000,515036,-0.039548022598870025
2023-01-20,68100,68100,66500,67600,381188,-0.00588235294117645
2023-01-25,68000,68200,66500,66500,314522,-0.016272189349112454
2023-01-26,66700,68400,66600,68300,270728,0.02706766917293235
2023-01-27,68800,69400,68000,68500,199205,0.002928257686676483
2023-01-30,68500,68500,64700,65000,485080,-0.051094890510948954
2023-01-31,64700,64800,63300,64000,660955,-0.01538461538461533
2023-02-01,64600,66800,64400,66500,449234,0.0390625
2023-02-02,67400,67900,66100,66600,271652,0.0015037593984963404
2023-02-03,66600,67500,65700,66700,205435,0.0015015015015014122
2023-02-06,66400,66900,65700,65700,175895,-0.014992503748125885
2023-02-07,65700,68500,65700,68100,328159,0.0365296803652968
2023-02-08,68500,69300,67300,67700,219080,-0.005873715124816492
2023-02-09,67700,71800,67100,71300,631296,0.05317577548005903
2023-02-10,70500,72700,70200,72200,416694,0.012622720897615736
2023-02-13,72300,73200,70600,71300,295907,-0.012465373961218829
2023-02-14,68100,69800,65600,69000,1177650,-0.032258064516129004
2023-02-15,68000,68600,66000,66900,481797,-0.0304347826086957
2023-02-16,67500,68900,67200,67600,270381,0.010463378176382765
2023-02-17,66800,69200,66700,68000,233202,0.00591715976331364
2023-02-20,68400,68400,66100,67000,211734,-0.014705882352941124
2023-02-21,67000,68100,66500,67500,258186,0.00746268656716409
2023-02-22,66200,66900,64900,65400,357985,-0.03111111111111109
2023-02-23,65500,66500,64600,65500,168140,0.001529051987767538
2023-02-24,66200,67400,66000,66900,228458,0.021374045801526798
2023-02-27,67000,67000,65300,66200,217778,-0.010463378176382654
2023-02-28,66200,67300,66200,66900,217125,0.010574018126888296
2023-03-02,68800,71400,68300,69900,872218,0.04484304932735417
2023-03-03,69600,70500,68500,69400,298373,-0.007153075822603716
2023-03-06,69600,72500,69200,71500,516080,0.030259365994236287
2023-03-07,71600,77400,70800,76300,968875,0.06713286713286704
2023-03-08,75000,76700,74300,74500,572119,-0.023591087811271283
2023-03-09,76100,76500,73200,74300,590074,-0.0026845637583892135
2023-03-10,72500,74800,71800,73000,356850,-0.01749663526244949
2023-03-13,72500,72800,69600,72300,393540,-0.009589041095890427
2023-03-14,71400,71700,68300,68900,469881,-0.047026279391424675
2023-03-15,70500,73000,70000,72600,346108,0.053701015965166965
2023-03-16,71000,74400,70500,74200,431379,0.02203856749311295
2023-03-17,75000,75300,68700,70700,885629,-0.047169811320754707
2023-03-20,70800,73000,69900,70000,388601,-0.00990099009900991
2023-03-21,70600,71200,69100,69600,216710,-0.005714285714285672
2023-03-22,70500,71500,69200,71100,282551,0.02155172413793105
2023-03-23,70200,70400,69300,69700,299847,-0.019690576652601988
2023-03-24,69900,70400,69000,70000,231076,0.004304160688665792
2023-03-27,70000,70100,67900,69700,233035,-0.004285714285714337
2023-03-28,69700,71700,69300,71300,262363,0.022955523672883782
2023-03-29,71800,72400,70700,71700,191777,0.005610098176718203
2023-03-30,72000,74300,70500,73400,514185,0.023709902370990132
2023-03-31,75300,76300,72100,72900,608086,-0.006811989100817484
2023-04-03,73000,73000,69600,70200,548872,-0.03703703703703709
2023-04-04,70600,71000,69100,70100,495098,-0.0014245014245014564
2023-04-05,70400,73400,69800,72800,614258,0.03851640513552068
2023-04-06,74500,79500,71200,74700,2589695,0.026098901098901006
2023-04-07,75500,75500,70800,72300,871545,-0.032128514056224855
2023-04-10,72600,74200,70700,73000,643540,0.009681881051175623
2023-04-11,73000,75900,72600,74100,639519,0.015068493150685036
2023-04-12,74500,75300,73200,74000,361037,-0.0013495276653171517
2023-04-13,73200,76100,73100,74800,414071,0.0108108108108107
2023-04-14,76000,78800,75100,78700,1095559,0.05213903743315518
2023-04-17,79800,80200,77400,79200,684100,0.006353240152477735
2023-04-18,79400,82900,77200,78700,1095791,-0.0063131313131312705
2023-04-19,78800,80000,77400,78000,410595,-0.008894536213468918
2023-04-20,77500,82500,75300,80800,1149956,0.03589743589743599
2023-04-21,79700,84300,77600,84100,1446552,0.04084158415841577
2023-04-24,85000,88100,81200,82300,1202828,-0.021403091557669396
2023-04-25,81800,84700,77900,79000,844037,-0.04009720534629402
2023-04-26,78200,79500,76700,77300,390875,-0.021518987341772156
2023-04-27,76400,78100,75200,77300,352626,0.0
2023-04-28,77500,77500,74100,75400,445019,-0.02457956015523932
2023-05-02,75300,76000,74000,74300,334902,-0.01458885941644561
2023-05-03,73500,75200,72500,72800,393753,-0.020188425302826385
2023-05-04,72800,75000,72400,74800,287946,0.027472527472527375
2023-05-08,74800,74900,71800,72900,353674,-0.025401069518716568
2023-05-09,74400,78500,74200,77700,932507,0.06584362139917688
2023-05-10,77100,78700,73300,74000,660702,-0.04761904761904767
2023-05-11,76300,79300,76000,79200,794516,0.07027027027027022
2023-05-12,78600,78900,75200,75800,455453,-0.04292929292929293
2023-05-15,78100,82500,77500,78400,1059683,0.03430079155672816
2023-05-16,78900,79000,76600,78300,299233,-0.0012755102040816757
2023-05-17,77600,77800,75700,77100,364190,-0.01532567049808431
2023-05-18,77200,77700,76100,77200,206265,0.0012970168612191912
2023-05-19,77000,78000,75400,76600,277424,-0.007772020725388629
2023-05-22,76600,78400,76400,77900,228840,0.016971279373368064
2023-05-23,78400,79400,78000,78400,203428,0.006418485237484006
2023-05-24,77800,79000,77400,78400,176185,0.0
2023-05-25,77800,79600,77300,78600,257852,0.0025510204081633514
2023-05-26,78600,78700,75500,76100,354386,-0.03180661577608146
2023-05-30,77900,80500,77600,80400,557002,0.05650459921156381
2023-05-31,80400,80500,79000,79000,296134,-0.01741293532338306
2023-06-01,79500,81600,79200,80000,366020,0.012658227848101333
2023-06-02,80400,83000,79600,82100,466267,0.026250000000000107
2023-06-05,82300,84400,82200,83100,339248,0.01218026796589533
2023-06-07,82800,85200,82400,84400,459623,0.01564380264741283
2023-06-08,84200,84700,82700,83500,258514,-0.010663507109004766
2023-06-09,83000,83500,80400,83000,399241,-0.005988023952095856
2023-06-12,82500,82800,80400,82200,331426,-0.009638554216867434
2023-06-13,82300,83900,81600,82800,234741,0.007299270072992803
2023-06-14,82800,83700,80400,81500,265712,-0.0157004830917874
2023-06-15,81300,81500,79900,80300,224156,-0.014723926380368124
2023-06-16,81000,84700,81000,84600,488981,0.0535491905354919
2023-06-19,85000,88900,84700,88400,808354,0.044917257683215084
2023-06-20,88700,89000,86100,86700,358323,-0.019230769230769273
2023-06-21,86800,89400,86100,87200,442375,0.005767012687427853
2023-06-22,86600,89000,84800,87700,386542,0.005733944954128489
2023-06-23,87000,87600,85000,85100,285359,-0.029646522234891726
2023-06-26,83200,83300,76700,81500,1333492,-0.042303172737955363
2023-06-27,81700,84000,80600,82600,351859,0.013496932515337345
2023-06-28,83500,84000,81300,83000,292590,0.004842615012106588
2023-06-29,83800,86300,83500,85700,432212,0.032530120481927716
2023-06-30,85700,86600,83800,86300,341743,0.007001166861143604
2023-07-03,86300,86600,83800,84200,376460,-0.024333719582850466
2023-07-04,84000,84000,82200,83100,273156,-0.013064133016627122
2023-07-05,82600,85200,81700,84300,295492,0.014440433212996373
2023-07-06,84400,85400,83000,83600,256929,-0.008303677342823224
2023-07-07,82600,83600,81000,82800,270346,-0.009569377990430672
2023-07-10,82400,84400,81500,83100,233808,0.0036231884057971175
2023-07-11,84000,87600,84000,86900,563700,0.04572803850782181
2023-07-12,87500,87600,85800,86800,251451,-0.0011507479861909697
2023-07-13,87500,88200,86000,86300,343449,-0.005760368663594417
2023-07-14,86200,86800,83400,84300,346278,-0.023174971031286185
2023-07-17,84300,84300,82200,82900,375929,-0.016607354685646447
2023-07-18,83600,84400,82500,83000,212696,0.0012062726176116367
2023-07-19,83500,83500,81900,83000,210564,0.0
2023-07-20,82500,85400,82300,84000,319170,0.012048192771084265
2023-07-21,83500,83600,78900,80100,1400360,-0.046428571428571375
2023-07-24,79900,80600,78900,80000,274766,-0.0012484394506866447
2023-07-25,80300,81500,79200,79800,393425,-0.0024999999999999467
2023-07-26,79400,79800,75100,76500,619095,-0.041353383458646586
2023-07-27,76500,78200,74400,75000,445274,-0.019607843137254943
2023-07-28,74000,75800,73500,73500,438024,-0.020000000000000018
2023-07-31,74700,75400,73200,74200,508580,0.00952380952380949
2023-08-01,74700,77000,73700,75800,428502,0.02156334231805923
2023-08-02,75500,75900,73200,73700,304837,-0.02770448548812665
2023-08-03,74200,75100,71900,72500,473103,-0.016282225237449155
2023-08-04,72500,73000,70900,71300,386318,-0.016551724137931045
2023-08-07,71000,71100,69300,69900,374587,-0.01963534361851338
2023-08-08,70500,70600,68300,68900,468921,-0.014306151645207432
2023-08-09,68900,72400,68500,72000,664385,0.044992743105950694
2023-08-10,71500,71600,68300,68600,752865,-0.047222222222222276
2023-08-11,68700,69900,67800,69000,409374,0.005830903790087438
2023-08-14,69000,69000,66400,66800,344048,-0.03188405797101446
2023-08-16,65600,67400,65200,65400,319320,-0.020958083832335328
2023-08-17,65800,66100,63600,65300,218144,-0.001529051987767538
2023-08-18,64600,65700,63700,65100,212671,-0.003062787136294043
2023-08-21,65200,66100,64500,65400,194496,0.004608294930875667
2023-08-22,65700,65900,63000,63500,420782,-0.02905198776758411
2023-08-23,63400,65800,63000,64700,428760,0.018897637795275646
2023-08-24,65100,65400,63400,64300,390308,-0.0061823802163832875
2023-08-25,63400,63900,62500,63100,380306,-0.018662519440124425
2023-08-28,63500,65700,63500,65700,283993,0.04120443740095081
2023-08-29,65900,66100,64800,65600,248765,-0.0015220700152207556
2023-08-30,66200,66400,65300,66200,262588,0.009146341463414531
2023-08-31,65200,65200,59300,63500,1559195,-0.04078549848942603
2023-09-01,63900,65700,63000,63000,498534,-0.007874015748031482
2023-09-04,62500,63600,62000,63600,223479,0.00952380952380949
2023-09-05,63600,63800,62500,63100,235664,-0.00786163522012584
2023-09-06,62700,63200,60700,60900,424931,-0.03486529318541998
2023-09-07,60000,60500,58900,59000,478837,-0.031198686371100126
2023-09-08,58800,59300,58000,59200,409478,0.003389830508474523
2023-09-11,59300,59400,58200,58600,175291,-0.010135135135135087
2023-09-12,59100,59100,57500,57700,224481,-0.015358361774744034
2023-09-13,57800,58000,56200,56900,248210,-0.013864818024263426
2023-09-14,58000,60200,57800,59600,411494,0.047451669595782064
2023-09-15,60200,60200,59100,59200,222006,-0.006711409395973145
2023-09-18,59900,60100,58800,58900,141741,-0.0050675675675675436
2023-09-19,59000,59100,57800,58100,170609,-0.01358234295415961
2023-09-20,57500,58000,56900,57800,182365,-0.005163511187607606
2023-09-21,57600,57600,55900,55900,266513,-0.03287197231833905
2023-09-22,55100,57300,54700,56700,233266,0.014311270125223707
2023-09-25,56700,57600,55700,55800,151417,-0.015873015873015928
2023-09-26,55500,55900,54000,54300,246943,-0.026881720430107503
2023-09-27,53500,54500,53000,54500,225679,0.0036832412523020164
2023-10-04,53000,53100,49750,49950,535385,-0.08348623853211012
2023-10-05,50300,50900,49300,49600,293155,-0.00700700700700696
2023-10-06,49500,50300,48050,48750,400185,-0.017137096774193505
2023-10-10,48850,50500,47650,48100,320349,-0.013333333333333308
2023-10-11,50300,54000,50100,52600,672016,0.0935550935550935
2023-10-12,52700,54700,52100,54100,330214,0.028517110266159662
2023-10-13,53500,53500,52100,53200,227834,-0.01663585951940849
2023-10-16,53300,56000,52700,53400,470943,0.003759398496240518
2023-10-17,53300,53800,50500,53000,264903,-0.0074906367041198685
2023-10-18,53500,54600,52000,52100,263791,-0.016981132075471694
2023-10-19,51600,51600,49850,50000,282377,-0.040307101727447225
2023-10-20,49150,50900,48950,49550,360873,-0.009000000000000008
2023-10-23,49100,49400,48000,48600,220412,-0.019172552976791102
2023-10-24,48900,50300,47600,50000,209486,0.028806584362139898
2023-10-25,51400,51500,50200,50600,181377,0.01200000000000001
2023-10-26,49250,50000,47900,48150,201231,-0.048418972332015864
2023-10-27,48500,48700,46700,47100,292693,-0.02180685358255452
2023-10-30,46700,47450,46600,46850,166934,-0.005307855626326963
2023-10-31,47100,47450,45000,45700,320488,-0.0245464247598719
2023-11-01,45750,46850,44900,45150,266009,-0.012035010940919078
2023-11-02,45300,45750,44550,45600,347276,0.009966777408637828
2023-11-03,46400,47550,46050,46800,313017,0.026315789473684292
2023-11-06,48900,50900,48450,50900,468065,0.08760683760683752
2023-11-07,50900,51900,48850,49500,303993,-0.027504911591355596
2023-11-08,50100,51100,48000,48000,265755,-0.030303030303030276
2023-11-09,50500,52300,48350,48450,931047,0.009374999999999911
2023-11-10,47650,47700,45300,45350,524262,-0.06398348813209498
2023-11-13,45800,45950,44550,44900,238754,-0.009922822491730932
2023-11-14,44750,47400,44750,47300,307664,0.05345211581291753
2023-11-15,50100,52500,49250,50100,830197,0.059196617336152224
2023-11-16,50900,51300,49650,50600,250099,0.009980039920159722
2023-11-17,50200,50200,48550,48850,228359,-0.03458498023715417
2023-11-20,48600,52500,48450,52200,406934,0.06857727737973396
2023-11-21,52300,53800,52200,53000,348014,0.015325670498084198
2023-11-22,52500,53800,52000,53400,218176,0.007547169811320753
2023-11-23,56500,56700,52600,52800,753018,-0.011235955056179803
2023-11-24,52200,53000,51700,51900,199939,-0.017045454545454586
2023-11-27,51600,52600,51000,52000,157047,0.0019267822736031004
2023-11-28,51600,52300,51300,51500,164876,-0.009615384615384581
2023-11-29,51300,52100,50400,51300,186825,-0.003883495145631022
2023-11-30,52200,53800,52100,53500,374870,0.042884990253411415
2023-12-01,53900,54400,53000,53000,189493,-0.009345794392523366
2023-12-04,53800,54100,52400,52800,145026,-0.0037735849056603765
2023-12-05,52800,53700,52300,52400,116058,-0.007575757575757569
2023-12-06,52500,53300,51700,52900,110644,0.009541984732824416
2023-12-07,52300,52800,51200,52200,156691,-0.013232514177693777
2023-12-08,52300,53400,51900,52200,117989,0.0
2023-12-11,52000,53100,51800,52100,144263,-0.0019157088122605526
2023-12-12,52600,59000,52600,58300,1809398,0.11900191938579652
2023-12-13,57800,58100,56000,56600,452335,-0.029159519725557415
2023-12-14,59700,61800,58200,59800,1312873,0.05653710247349819
2023-12-15,61300,64400,60100,63800,1339177,0.06688963210702337
2023-12-18,64200,64500,62200,63900,377565,0.0015673981191222097
2023-12-19,63200,63500,62600,62700,187947,-0.018779342723004744
2023-12-20,64900,67000,64800,66600,880925,0.062200956937799035
2023-12-21,65000,67100,64200,66800,392142,0.0030030030030030463
2023-12-22,67600,67700,66200,66400,234223,-0.005988023952095856
2023-12-26,66800,67000,65000,66500,230515,0.001506024096385561
2023-12-27,65800,67000,65200,66400,235456,-0.0015037593984962294
2023-12-28,67500,70700,67000,70200,682949,0.05722891566265065
2024-01-02,69900,71200,68700,70500,300780,0.004273504273504258
2024-01-03,69100,69400,65700,66000,517065,-0.06382978723404253
2024-01-04,64700,66500,63300,65200,393445,-0.012121212121212088
2024-01-05,64700,66700,64500,64700,153082,-0.0076687116564416735
2024-01-08,64700,65700,64200,65200,154363,0.007727975270479082
2024-01-09,66300,66300,64700,64800,139205,-0.006134969325153339
2024-01-10,65400,67900,65200,66300,256659,0.02314814814814814
2024-01-11,68000,68400,65900,65900,182562,-0.006033182503770718
2024-01-12,66500,66800,63700,66000,242031,0.0015174506828528056
2024-01-15,65300,66500,65200,65700,112291,-0.004545454545454519
2024-01-16,65200,66700,65000,66700,136796,0.015220700152207112
2024-01-17,66000,66200,59600,60500,596382,-0.0929535232383808
2024-01-18,60500,62500,59900,60000,214861,-0.008264462809917328
2024-01-19,60500,61400,57900,58800,407551,-0.020000000000000018
2024-01-22,58800,58800,57000,58000,224227,-0.013605442176870763
2024-01-23,58400,60900,58300,60600,246480,0.04482758620689653
2024-01-24,61100,62500,60000,60200,257766,-0.0066006600660065695
2024-01-25,60000,60100,58300,59600,149259,-0.009966777408637828
2024-01-26,59600,59800,58500,59100,153404,-0.008389261744966459
2024-01-29,58600,59700,57800,58000,183961,-0.0186125211505922
2024-01-30,58800,59000,58100,58100,121616,0.0017241379310344307
2024-01-31,57900,58500,56000,57100,206724,-0.01721170395869187
2024-02-01,56600,56600,53000,54800,469468,-0.04028021015761818
2024-02-02,54900,56400,54900,55800,171705,0.018248175182481674
2024-02-05,55800,56500,54700,56100,171370,0.005376344086021501
2024-02-06,55200,55500,54100,54700,185745,-0.024955436720142554
2024-02-07,55300,57700,55300,56600,187742,0.034734917733089565
2024-02-08,58000,59100,57400,58300,235791,0.030035335689045928
2024-02-13,59100,60700,58300,59200,238074,0.015437392795883298
2024-02-14,57300,59700,56800,59000,160615,-0.0033783783783783994
2024-02-15,60000,60700,58500,59200,142649,0.003389830508474523
2024-02-16,60200,60900,59200,59300,170459,0.0016891891891892552
2024-02-19,59600,60100,56600,56900,350705,-0.0404721753794266
2024-02-20,57600,57800,54300,54500,558842,-0.04217926186291743
2024-02-21,53900,54400,53300,53700,302188,-0.014678899082568808
2024-02-22,54200,54600,52200,52600,318614,-0.020484171322160183
2024-02-23,52300,52400,49650,49800,612204,-0.05323193916349811
2024-02-26,50400,51300,50000,50200,245361,0.008032128514056325
2024-02-27,50700,51100,50000,50200,158478,0.0
2024-02-28,49900,53000,49900,52300,402685,0.041832669322709126
2024-02-29,52800,53000,51400,51700,161366,-0.01147227533460804
2024-03-04,53100,53100,51800,52000,188627,0.005802707930367523
2024-03-05,51500,52300,51000,51000,157188,-0.019230769230769273
2024-03-06,51000,52200,50700,51300,145795,0.00588235294117645
2024-03-07,52000,52400,50700,51400,163824,0.0019493177387914784
2024-03-08,52200,52500,51200,51600,133194,0.0038910505836575737
2024-03-11,51600,53200,51200,51800,230144,0.003875968992248069
2024-03-12,52400,52400,51200,51900,157152,0.0019305019305020377
2024-03-13,51800,52200,50500,50500,239390,-0.026974951830443183
2024-03-14,50800,51700,49800,49800,409299,-0.013861386138613874
2024-03-15,49800,50400,48750,49700,303649,-0.002008032128514081
2024-03-18,50100,51800,49750,51300,243776,0.03219315895372232
2024-03-19,51400,51500,50300,50800,140574,-0.00974658869395717
2024-03-20,51300,52600,51000,52000,291399,0.023622047244094446
2024-03-21,53000,53100,51700,52000,191919,0.0
2024-03-22,51800,52900,51300,51400,142473,-0.011538461538461497
2024-03-25,51800,52000,50700,50900,129235,-0.009727626459143934
2024-03-26,50900,51400,49750,49850,271613,-0.02062868369351667
2024-03-27,49850,50500,49700,50000,183636,0.0030090270812437314
2024-03-28,51200,53000,51100,52000,516440,0.040000000000000036
2024-03-29,52000,52100,50300,50700,247853,-0.025000000000000022
2024-04-01,52100,57500,52100,57100,1610680,0.12623274161735698
2024-04-02,57500,57800,55100,56500,607649,-0.010507880910682998
2024-04-03,55900,56000,53000,53300,515848,-0.05663716814159292
2024-04-04,53500,56500,53500,56400,613800,0.05816135084427776
2024-04-05,56000,58400,54900,56900,620883,0.00886524822695045
2024-04-08,57400,57400,55200,55900,218921,-0.017574692442882234
2024-04-09,56100,58500,55700,57700,417041,0.03220035778175312
2024-04-11,57700,59900,56800,57200,556713,-0.008665511265164683
2024-04-12,57500,57900,55100,55100,311281,-0.036713286713286664
2024-04-15,54000,56900,54000,55200,281122,0.001814882032667775
2024-04-16,54700,55900,52500,53300,296369,-0.034420289855072506
2024-04-17,53300,53700,50800,50900,321521,-0.04502814258911825
2024-04-18,50900,52400,50800,51100,289240,0.003929273084479323
2024-04-19,51200,51600,48500,49800,675705,-0.025440313111546042
2024-04-22,50600,51200,50000,50900,191201,0.02208835341365467
2024-04-23,51300,51900,50100,51700,168495,0.015717092337917515
2024-04-24,52500,52900,51600,51900,190105,0.003868471953578423
2024-04-25,51400,52300,50600,50600,154254,-0.025048169556840083
2024-04-26,50600,50800,49900,50000,240854,-0.011857707509881465
2024-04-29,50500,54100,50300,54100,535188,0.08200000000000007
2024-04-30,53700,54300,52200,52500,299747,-0.02957486136783738
2024-05-02,53000,55000,51400,51500,344381,-0.01904761904761909
2024-05-03,52100,52400,51400,51700,225325,0.003883495145631022
2024-05-07,52300,54300,51700,54200,455231,0.04835589941972929
2024-05-08,53600,54500,52400,52500,313187,-0.03136531365313655
2024-05-09,52800,54100,52500,52700,374293,0.003809523809523707
2024-05-10,49700,50300,47600,48200,1620991,-0.08538899430740043
2024-05-13,48100,48700,47800,48150,320552,-0.0010373443983402453
2024-05-14,48150,48750,48050,48450,274462,0.006230529595015577
2024-05-16,49050,51300,49050,50300,580916,0.03818369453044368
2024-05-17,50600,51200,49550,50100,211074,-0.003976143141153132
2024-05-20,50300,50500,49800,50400,187054,0.0059880239520957446
2024-05-21,50000,50200,48750,48750,311239,-0.03273809523809523
2024-05-22,48750,49700,48700,49050,195384,0.006153846153846176
2024-05-23,49850,54500,49550,51500,1510901,0.049949031600407645
2024-05-24,50600,51300,49850,50400,333532,-0.021359223300970842
2024-05-27,51400,53100,50800,52800,487228,0.04761904761904767
2024-05-28,53300,53600,52100,52500,251403,-0.005681818181818232
2024-05-29,52100,52700,50300,50400,352789,-0.040000000000000036
2024-05-30,50100,51900,49700,50600,227207,0.003968253968253954
2024-05-31,51800,53300,51300,52800,384933,0.04347826086956519
2024-06-03,53200,53500,52000,52500,269097,-0.005681818181818232
2024-06-04,51900,52700,50700,50800,257016,-0.0323809523809524
2024-06-05,50600,51300,50100,50500,182682,-0.0059055118110236116
2024-06-07,50500,51000,49600,50200,265253,-0.005940594059405946
2024-06-10,49750,50100,49000,49100,283698,-0.021912350597609542
2024-06-11,49400,50200,49150,49350,157983,0.005091649694501044
2024-06-12,49750,49800,48850,49100,238574,-0.005065856129685908
2024-06-13,49600,50100,48800,48800,358558,-0.006109979633401208
2024-06-14,48850,49400,48350,49150,222313,0.0071721311475410054
2024-06-17,49050,49150,47150,47150,417268,-0.04069175991861651
2024-06-18,47150,47450,45000,45100,521096,-0.04347826086956519
2024-06-19,45500,46350,45500,46150,222381,0.02328159645232808
2024-06-20,46150,46700,45750,46150,124585,0.0
2024-06-21,46200,46450,45750,46450,127482,0.00650054171180936
2024-06-24,46400,46450,45200,45250,167041,-0.0258342303552207
2024-06-25,45700,45750,44800,44800,160505,-0.009944751381215422
2024-06-26,44900,45550,44650,44950,139433,0.0033482142857141906
2024-06-27,44650,49050,44650,48750,786756,0.0845383759733036
2024-06-28,48850,49750,48300,49500,290652,0.01538461538461533
2024-07-01,47550,48500,45800,46450,419682,-0.06161616161616157
2024-07-02,46050,47400,44950,46300,318238,-0.0032292787944026013
2024-07-03,46300,48200,46300,46600,202733,0.00647948164146861
2024-07-04,47500,48400,47150,47400,177066,0.01716738197424883
2024-07-05,48000,48950,47100,48100,184246,0.014767932489451407
2024-07-08,49300,50000,48150,48450,256767,0.007276507276507305
2024-07-09,48250,49250,48000,48800,177764,0.007223942208462342
2024-07-10,48800,49250,48100,48200,159846,-0.012295081967213073
2024-07-11,48800,49600,48350,49150,237755,0.01970954356846466
2024-07-12,50300,50600,47950,49500,270213,0.007121057985757906
2024-07-15,47800,48800,47100,48300,293203,-0.024242424242424288
2024-07-16,47900,48250,46350,47500,312303,-0.0165631469979296
2024-07-17,47500,48000,46900,46900,122263,-0.012631578947368438
2024-07-18,47050,47100,45900,46250,219399,-0.013859275053304865
2024-07-19,46500,50700,46450,50700,872385,0.09621621621621612
2024-07-22,50400,50600,47650,47800,434085,-0.05719921104536485
2024-07-23,48050,48350,46900,47200,224390,-0.012552301255230103
2024-07-24,47300,51200,47300,49350,597342,0.045550847457627164
2024-07-25,48900,50200,48200,49250,214953,-0.0020263424518743856
2024-07-26,49100,49750,47750,48600,235132,-0.013197969543147225
2024-07-29,49250,50300,48600,49850,202419,0.025720164609053464
2024-07-30,49400,49900,48700,48800,109476,-0.02106318956870612
2024-07-31,48700,48950,47450,47650,183835,-0.023565573770491843
2024-08-01,48150,50900,48150,50900,475907,0.06820566631689395
2024-08-02,49600,51000,48850,49850,281767,-0.02062868369351667
2024-08-05,49850,50000,42400,45150,491217,-0.09428284854563695
2024-08-06,45950,48650,45950,48250,296422,0.06866002214839417
2024-08-07,48250,52900,47900,52700,916254,0.09222797927461146
2024-08-08,52700,62500,52100,62500,5834792,0.18595825426944979
2024-08-09,61300,63600,59800,62500,2012827,0.0
2024-08-12,63100,67000,63000,65400,1402851,0.0464
2024-08-13,64000,65000,62200,63500,831270,-0.02905198776758411
2024-08-14,65800,67300,63500,66800,1340308,0.051968503937007915
2024-08-16,67400,67400,65200,66900,664935,0.0014970059880239361
2024-08-19,66100,66100,62500,63300,901700,-0.053811659192825156
2024-08-20,64400,65900,62100,64400,740402,0.017377567140600236
2024-08-21,64000,65000,62000,64700,493877,0.004658385093167627
2024-08-22,65500,66300,63000,64300,555885,-0.0061823802163832875
2024-08-23,63500,63500,61000,61900,647210,-0.03732503888024885
2024-08-26,63100,65700,62800,64200,752703,0.037156704361873905
2024-08-27,63000,66500,63000,64800,503419,0.009345794392523255
2024-08-28,64800,65700,63800,64700,302633,-0.0015432098765432167
2024-08-29,64300,67000,64200,65600,599206,0.01391035548686248
2024-08-30,65300,65500,63600,64400,333517,-0.018292682926829285
2024-09-02,64400,64800,61500,63200,467721,-0.018633540372670843
2024-09-03,63200,63500,61700,62800,295488,-0.006329113924050667
2024-09-04,61000,61900,58400,59200,741599,-0.0573248407643312
2024-09-05,59200,59500,57000,57700,402493,-0.02533783783783783
2024-09-06,57700,59700,56400,56900,290308,-0.013864818024263426
2024-09-09,55500,56600,55000,55500,305522,-0.024604569420035194
2024-09-10,56000,58600,55100,56700,336926,0.021621621621621623
2024-09-11,57900,63700,57500,63000,1437422,0.11111111111111116
2024-09-12,64000,65000,62100,64700,781710,0.026984126984126888
2024-09-13,64500,66000,63100,65600,422417,0.01391035548686248
2024-09-19,67000,69500,66600,69000,853574,0.05182926829268286
2024-09-20,68500,69900,68000,68800,506209,-0.0028985507246376274
2024-09-23,68200,70200,68000,69000,329328,0.0029069767441860517
2024-09-24,69100,73500,69100,72300,858733,0.047826086956521685
2024-09-25,72100,72300,69300,69700,455863,-0.03596127247579528
2024-09-26,69200,71900,68000,71700,392049,0.02869440459110484
2024-09-27,71400,72300,69200,69900,328902,-0.025104602510460206
2024-09-30,70000,71100,68400,69000,299820,-0.012875536480686733
2024-10-02,67600,70300,65700,68800,379931,-0.0028985507246376274
2024-10-04,68000,69000,66500,66800,318986,-0.029069767441860517
2024-10-07,67100,67800,65500,66500,302782,-0.004491017964071808
2024-10-08,66000,68900,65700,66300,423408,-0.003007518796992459
2024-10-10,66400,67400,63800,64200,512835,-0.03167420814479638
2024-10-11,63500,64000,61000,61500,644379,-0.04205607476635509
2024-10-14,61500,65000,61400,64800,498790,0.0536585365853659
2024-10-15,64800,67400,62800,67200,707516,0.03703703703703698
2024-10-16,67500,67500,61600,61600,758675,-0.08333333333333337
2024-10-17,62100,63000,61000,61600,267822,0.0
2024-10-18,61600,61600,57900,58900,679237,-0.043831168831168776
2024-10-21,58000,60700,57900,59400,268081,0.008488964346349714
2024-10-22,58200,58700,55900,56400,558554,-0.0505050505050505
2024-10-23,56600,58100,56100,56400,252996,0.0
2024-10-24,56300,57300,55300,56600,233800,0.0035460992907800915
2024-10-25,57200,58700,55700,56400,376804,-0.0035335689045936647
2024-10-28,56700,56800,54700,55900,393905,-0.00886524822695034
2024-10-29,55900,57700,54600,56100,614873,0.003577817531305927
2024-10-30,56200,58600,55700,58100,482843,0.035650623885918
2024-10-31,58100,58600,56100,58500,418719,0.0068846815834766595
2024-11-01,58100,62200,58100,59000,531209,0.008547008547008517
2024-11-04,60600,62700,60500,61800,491621,0.047457627118643986
2024-11-05,61600,63000,58900,59600,491631,-0.035598705501618144
2024-11-06,60900,61800,53000,54400,1913699,-0.08724832214765099
2024-11-07,53500,56700,51800,52900,1589629,-0.02757352941176472
2024-11-08,52400,53100,46650,46750,2485865,-0.11625708884688091
2024-11-11,46300,46900,45050,45800,826659,-0.02032085561497321
2024-11-12,45850,46100,43650,43950,749058,-0.04039301310043664
2024-11-13,43200,43700,40650,40800,1016519,-0.07167235494880542
2024-11-14,40800,41700,38700,39650,853365,-0.028186274509803932
2024-11-15,40600,41000,39100,39850,548783,0.0050441361916770955
2024-11-18,39500,41500,39300,40350,506534,0.012547051442910906
2024-11-19,40250,41800,40000,41250,370083,0.02230483271375472
2024-11-20,40850,41050,40000,40000,291544,-0.030303030303030276
2024-11-21,40100,40250,39350,39400,249072,-0.015000000000000013
2024-11-22,39450,40250,39450,39850,212730,0.011421319796954377
2024-11-25,40000,41500,39950,41000,384758,0.028858218318695172
2024-11-26,41850,42650,41150,42100,551128,0.02682926829268295
2024-11-27,41850,42250,41400,41600,241162,-0.01187648456057011
2024-11-28,41650,42750,41550,42400,248655,0.019230769230769162
2024-11-29,42600,42650,39850,40100,473698,-0.054245283018867885
2024-12-02,40550,41350,39950,40100,216142,0.0
2024-12-03,40400,40850,39700,40800,260015,0.0174563591022443
2024-12-04,40000,42700,39600,41650,733773,0.02083333333333326
2024-12-05,41500,41550,39050,39250,464387,-0.05762304921968786
2024-12-06,39300,40050,37800,39800,472925,0.014012738853503182
2024-12-09,38300,38950,37200,37300,394283,-0.06281407035175879
2024-12-10,37750,39900,37750,39400,332189,0.05630026809651478
2024-12-11,39800,40650,39250,40600,267036,0.030456852791878264
2024-12-12,40750,41350,39650,41350,385879,0.018472906403940836
2024-12-13,41200,41800,40400,41600,324902,0.006045949214026569
2024-12-16,42650,43900,41850,42100,497902,0.012019230769230838
