Date,Open,High,Low,Close,Volume,Change
2022-01-03,8090,8140,7970,8000,88956,-0.0037359900373599153
2022-01-04,8080,8180,7900,7960,210504,-0.0050000000000000044
2022-01-05,8000,9280,7990,8750,3613127,0.09924623115577891
2022-01-06,8500,8930,8380,8500,772615,-0.02857142857142858
2022-01-07,8670,9910,8350,9360,5892251,0.1011764705882352
2022-01-10,9360,9460,8800,8860,871896,-0.05341880341880345
2022-01-11,8850,8910,8400,8470,435853,-0.04401805869074493
2022-01-12,8490,8600,8420,8480,272630,0.0011806375442739991
2022-01-13,8410,8660,8390,8500,233885,0.002358490566037652
2022-01-14,8400,8480,8160,8470,181212,-0.003529411764705892
2022-01-17,8410,8510,8070,8150,218011,-0.037780401416765086
2022-01-18,8130,8310,7980,8000,133754,-0.018404907975460127
2022-01-19,7810,8010,7740,7940,147247,-0.007499999999999951
2022-01-20,7900,8170,7900,8130,98463,0.023929471032745564
2022-01-21,8130,8170,7870,7880,96054,-0.03075030750307506
2022-01-24,7810,7850,7480,7570,115086,-0.03934010152284262
2022-01-25,7580,7650,7140,7230,116797,-0.044914134742404244
2022-01-26,7160,7540,7160,7330,80652,0.013831258644536604
2022-01-27,7330,7420,6900,7020,264680,-0.04229195088676674
2022-01-28,7100,8650,7070,7560,3342504,0.07692307692307687
2022-02-03,7650,7790,7540,7630,252764,0.0092592592592593
2022-02-04,7570,7810,7540,7810,206471,0.023591087811271283
2022-02-07,7900,7950,7620,7740,162147,-0.008962868117797673
2022-02-08,7730,7850,7490,7590,141633,-0.019379844961240345
2022-02-09,7690,9070,7620,8420,3900594,0.10935441370223975
2022-02-10,8450,8600,8350,8500,529544,0.009501187648456089
2022-02-11,8360,9300,8360,8460,2142042,-0.004705882352941226
2022-02-14,8230,8820,8060,8700,556003,0.028368794326241176
2022-02-15,8770,8780,8050,8080,469527,-0.07126436781609191
2022-02-16,8370,8850,8280,8770,596833,0.08539603960396036
2022-02-17,8790,8910,8260,8510,563897,-0.029646522234891726
2022-02-18,8300,8810,8300,8530,295038,0.00235017626321965
2022-02-21,8360,8690,8300,8670,207026,0.016412661195779554
2022-02-22,8450,8570,8250,8300,233902,-0.042675893886966576
2022-02-23,8450,8450,8150,8430,170822,0.015662650602409567
2022-02-24,8290,8350,7980,7980,206654,-0.053380782918149516
2022-02-25,8120,8270,8040,8160,113370,0.022556390977443552
2022-02-28,8180,8410,8080,8340,134837,0.022058823529411686
2022-03-02,8300,8470,8190,8460,124284,0.014388489208633004
2022-03-03,8500,8720,8420,8550,182684,0.010638297872340496
2022-03-04,8500,8550,8260,8350,115023,-0.023391812865497075
2022-03-07,8210,8320,8000,8040,138367,-0.037125748502993994
2022-03-08,7960,8040,7810,7880,107273,-0.01990049751243783
2022-03-10,8110,8210,7930,8010,70385,0.016497461928933976
2022-03-11,7970,8130,7970,8080,50049,0.008739076154806513
2022-03-14,8080,8130,7890,7940,93366,-0.017326732673267342
2022-03-15,8230,8320,7980,8100,128970,0.02015113350125941
2022-03-16,8310,8420,8100,8170,150067,0.00864197530864197
2022-03-17,8390,8610,8300,8520,391817,0.04283965728274164
2022-03-18,8600,8730,8420,8620,250812,0.011737089201877993
2022-03-21,8700,9080,8620,8730,444030,0.012761020881670637
2022-03-22,8660,9180,8620,9040,491556,0.03550973654066447
2022-03-23,9080,11600,9010,11350,5558921,0.25553097345132736
2022-03-24,11250,11700,11000,11400,1536368,0.004405286343612369
2022-03-25,11400,13450,11350,12400,2996048,0.08771929824561409
2022-03-28,12450,12750,12000,12150,719039,-0.020161290322580627
2022-03-29,12250,12300,11500,12000,618677,-0.012345679012345734
2022-03-30,12000,12300,11650,11800,436088,-0.01666666666666672
2022-03-31,11750,12350,11700,12000,336310,0.016949152542372836
2022-04-01,11800,12050,11650,11800,199864,-0.01666666666666672
2022-04-04,11800,12250,11750,12100,226625,0.025423728813559254
2022-04-05,12200,12200,11800,11800,213656,-0.024793388429752095
2022-04-06,11600,11750,11200,11300,376130,-0.0423728813559322
2022-04-07,11200,11350,10950,11000,282747,-0.026548672566371723
2022-04-08,11000,11150,10750,10950,200629,-0.004545454545454519
2022-04-11,10800,10950,10450,10600,207563,-0.03196347031963476
2022-04-12,10450,10700,10250,10550,152325,-0.004716981132075526
2022-04-13,10550,10600,10350,10500,181144,-0.004739336492891044
2022-04-14,10600,10600,10250,10300,150775,-0.01904761904761909
2022-04-15,10200,10500,10100,10350,159084,0.004854368932038833
2022-04-18,10350,10400,9920,10000,260262,-0.033816425120772986
2022-04-19,10100,10400,10000,10300,137797,0.030000000000000027
2022-04-20,10300,10750,10200,10650,315970,0.03398058252427183
2022-04-21,10650,10850,10600,10650,172728,0.0
2022-04-22,10600,10950,10400,10700,140463,0.0046948356807512415
2022-04-25,10300,10500,10100,10150,150380,-0.051401869158878455
2022-04-26,10200,11350,10200,10950,724866,0.07881773399014769
2022-04-27,10550,11500,10300,11050,920371,0.009132420091324311
2022-04-28,11100,11250,10750,10900,228121,-0.013574660633484115
2022-04-29,10950,11350,10800,10950,159415,0.004587155963302836
2022-05-02,10650,11250,10500,11050,198185,0.009132420091324311
2022-05-03,11050,11050,10500,10500,238546,-0.04977375565610864
2022-05-04,10500,10900,10500,10500,142265,0.0
2022-05-06,10250,10600,10150,10250,157164,-0.023809523809523836
2022-05-09,10100,10350,9800,9830,154137,-0.0409756097560976
2022-05-10,9650,9940,9190,9910,143816,0.008138351983723258
2022-05-11,9830,10300,9830,10050,94906,0.01412714429868811
2022-05-12,9900,11300,9630,10600,1100805,0.054726368159204064
2022-05-13,10750,11000,10350,10450,271464,-0.014150943396226467
2022-05-16,10700,11100,10650,10750,216557,0.028708133971291794
2022-05-17,10650,11050,10600,11050,130389,0.027906976744185963
2022-05-18,11400,11400,10100,10450,534080,-0.05429864253393668
2022-05-19,10100,10500,10000,10450,167128,0.0
2022-05-20,10450,10500,10300,10400,92015,-0.004784688995215336
2022-05-23,10500,11000,10450,10650,211296,0.024038461538461453
2022-05-24,10750,10800,10200,10300,155233,-0.032863849765258246
2022-05-25,10450,10550,10150,10400,86943,0.009708737864077666
2022-05-26,10450,10550,10150,10300,85855,-0.009615384615384581
2022-05-27,10400,10400,10100,10100,122071,-0.01941747572815533
2022-05-30,10250,10650,10200,10550,123808,0.044554455445544594
2022-05-31,10600,10650,10450,10550,74608,0.0
2022-06-02,10600,10700,10450,10550,106887,0.0
2022-06-03,10600,10650,10350,10400,113130,-0.014218009478673022
2022-06-07,10400,10400,9990,10050,120329,-0.033653846153846145
2022-06-08,10050,10200,9970,10000,79071,-0.00497512437810943
2022-06-09,9960,10050,9760,9860,102211,-0.014000000000000012
2022-06-10,9830,9980,9570,9620,98702,-0.024340770791075106
2022-06-13,9320,9500,8910,8950,317778,-0.06964656964656968
2022-06-14,8710,9010,8650,8940,153339,-0.0011173184357542443
2022-06-15,8910,9120,8490,8680,161719,-0.029082774049216997
2022-06-16,8790,8930,8590,8640,100805,-0.004608294930875556
2022-06-17,8290,8790,8270,8780,91992,0.01620370370370372
2022-06-20,8780,8850,8170,8300,162273,-0.0546697038724373
2022-06-21,8300,8380,8120,8180,81094,-0.014457831325301207
2022-06-22,8300,8370,7550,7560,210282,-0.07579462102689483
2022-06-23,7550,7730,7220,7270,139108,-0.03835978835978837
2022-06-24,7300,7850,7280,7710,143495,0.06052269601100413
2022-06-27,7790,8170,7790,8050,121069,0.044098573281452724
2022-06-28,8160,8170,7850,8080,61188,0.003726708074534235
2022-06-29,7810,8190,7810,8170,57722,0.011138613861386037
2022-06-30,8110,8170,7750,7800,79896,-0.04528763769889843
2022-07-01,7930,7930,7490,7630,74179,-0.02179487179487183
2022-07-04,7550,7720,7200,7430,75244,-0.026212319790301475
2022-07-05,7430,7800,7430,7690,65656,0.03499327052489898
2022-07-06,7690,7800,7590,7660,45662,-0.0039011703511053764
2022-07-07,7690,7860,7670,7730,53042,0.009138381201044377
2022-07-08,7850,8240,7820,7940,156352,0.027166882276843385
2022-07-11,7960,8030,7790,7870,66118,-0.008816120906801062
2022-07-12,7760,7810,7370,7520,81737,-0.044472681067344366
2022-07-13,7610,7770,7530,7730,54015,0.027925531914893664
2022-07-14,7710,7850,7610,7800,49748,0.009055627425614388
2022-07-15,7860,8130,7550,8090,73188,0.03717948717948727
2022-07-18,8150,8410,8150,8330,100159,0.02966625463535233
2022-07-19,8330,8330,8140,8240,54801,-0.010804321728691502
2022-07-20,8400,8430,8240,8260,50591,0.0024271844660195274
2022-07-21,8280,8390,8230,8280,52455,0.002421307506053294
2022-07-22,8280,8290,8170,8170,42683,-0.01328502415458932
2022-07-25,8080,8200,8000,8060,52471,-0.01346389228886169
2022-07-26,8090,8230,7960,8220,67331,0.01985111662531014
2022-07-27,8150,8200,8060,8150,41129,-0.008515815085158196
2022-07-28,8240,8380,8150,8210,61035,0.007361963190184007
2022-07-29,8300,8450,8260,8340,150594,0.015834348355663774
2022-08-01,8350,8720,8320,8630,170633,0.03477218225419665
2022-08-02,8640,8720,8480,8640,98451,0.0011587485515642815
2022-08-03,8570,9200,8570,9140,272822,0.05787037037037046
2022-08-04,9230,9320,9090,9260,185759,0.013129102844638973
2022-08-05,9330,10100,8930,8930,1009358,-0.0356371490280778
2022-08-08,8930,9000,8750,8810,107697,-0.013437849944008984
2022-08-09,8810,8860,8570,8760,132429,-0.005675368898978461
2022-08-10,8740,9120,8560,8770,180801,0.0011415525114155667
2022-08-11,8900,9150,8030,8270,935235,-0.05701254275940704
2022-08-12,8330,8330,8120,8210,204033,-0.00725513905683195
2022-08-16,8240,8330,8190,8210,189097,0.0
2022-08-17,8240,8240,8080,8120,90868,-0.010962241169305775
2022-08-18,8150,8180,7930,7930,169724,-0.023399014778325178
2022-08-19,8030,8030,7910,7930,78270,0.0
2022-08-22,7860,7910,7650,7740,141867,-0.023959646910466592
2022-08-23,7670,7740,7520,7610,76119,-0.01679586563307489
2022-08-24,7610,7690,7560,7650,47637,0.005256241787122251
2022-08-25,7720,7810,7600,7790,63266,0.018300653594771177
2022-08-26,7870,8110,7800,8110,141593,0.04107830551989733
2022-08-29,7740,8150,7720,8140,179631,0.0036991368680641123
2022-08-30,8050,8190,7910,8070,108263,-0.008599508599508643
2022-08-31,8050,8090,7950,8070,38767,0.0
2022-09-01,8040,8040,7810,7880,43721,-0.023543990086741018
2022-09-02,7880,7950,7640,7690,66523,-0.024111675126903598
2022-09-05,7690,7760,7470,7590,43832,-0.013003901170351106
2022-09-06,7510,7690,7510,7680,25669,0.011857707509881354
2022-09-07,7680,7750,7460,7460,29328,-0.02864583333333337
2022-09-08,7530,7690,7410,7650,76701,0.025469168900804195
2022-09-13,7790,7790,7630,7770,44678,0.015686274509803866
2022-09-14,7570,7670,7470,7660,35524,-0.014157014157014203
2022-09-15,7670,7690,7520,7600,39432,-0.007832898172323799
2022-09-16,7600,7640,7450,7630,27538,0.003947368421052699
2022-09-19,7670,7670,7400,7490,45886,-0.01834862385321101
2022-09-20,7430,7600,7340,7490,40555,0.0
2022-09-21,7390,7520,7360,7420,25142,-0.009345794392523366
2022-09-22,7400,7410,7170,7300,53319,-0.016172506738544423
2022-09-23,7320,7320,6850,6950,123714,-0.047945205479452024
2022-09-26,6810,6980,6490,6830,222546,-0.01726618705035976
2022-09-27,6650,6860,6590,6720,109068,-0.016105417276720324
2022-09-28,6650,6720,6080,6120,127075,-0.0892857142857143
2022-09-29,6180,6530,6180,6180,156619,0.009803921568627416
2022-09-30,6090,6200,6010,6200,47884,0.003236245954692629
2022-10-04,6350,6440,6250,6400,33933,0.032258064516129004
2022-10-05,6530,6580,6280,6310,42723,-0.014062499999999978
2022-10-06,6300,6610,6300,6610,39490,0.047543581616481756
2022-10-07,6480,6560,6440,6560,29014,-0.0075642965204235635
2022-10-11,6330,6370,6110,6170,48394,-0.05945121951219512
2022-10-12,6200,6200,6030,6070,27325,-0.01620745542949753
2022-10-13,6010,6030,5580,5620,138945,-0.07413509060955514
2022-10-14,5700,5850,5690,5840,56303,0.039145907473309594
2022-10-17,5670,6280,5660,6250,136099,0.0702054794520548
2022-10-18,6440,6440,6230,6360,86943,0.01760000000000006
2022-10-19,6370,6450,6250,6310,87247,-0.00786163522012584
2022-10-20,6520,6680,6260,6400,107703,0.014263074484944571
2022-10-21,6310,6390,6310,6380,36868,-0.0031250000000000444
2022-10-24,6390,6490,6330,6420,73011,0.006269592476489061
2022-10-25,6370,6510,6370,6480,53479,0.009345794392523255
2022-10-26,6520,7870,6520,6720,3341752,0.03703703703703698
2022-10-27,6650,6910,6650,6750,213267,0.0044642857142858094
2022-10-28,6680,6790,6490,6590,107571,-0.02370370370370367
2022-10-31,6630,6840,6630,6800,76073,0.03186646433990892
2022-11-01,6760,6940,6760,6930,101771,0.01911764705882346
2022-11-02,6900,6980,6470,6880,99751,-0.00721500721500723
2022-11-03,6760,6960,6710,6960,72928,0.011627906976744207
2022-11-04,6930,7050,6870,7030,75386,0.010057471264367734
2022-11-07,7050,7100,6980,7050,64635,0.002844950213371167
2022-11-08,7060,7190,7030,7170,102036,0.017021276595744705
2022-11-09,7170,7200,7110,7190,44132,0.002789400278939924
2022-11-10,7150,7500,7040,7410,226681,0.030598052851182223
2022-11-11,7790,7790,7500,7540,226054,0.01754385964912286
2022-11-14,7580,7770,7570,7710,137085,0.022546419098143256
2022-11-15,7710,8000,7650,8000,167117,0.03761348897535677
2022-11-16,8020,8340,7920,8260,189966,0.03249999999999997
2022-11-17,8230,8230,8000,8130,109252,-0.0157384987893463
2022-11-18,8140,8380,8120,8190,106543,0.007380073800737907
2022-11-21,8190,8190,7840,7980,83932,-0.02564102564102566
2022-11-22,7850,8240,7820,8060,128516,0.010025062656641603
2022-11-23,8190,8380,8050,8300,117427,0.02977667493796532
2022-11-24,8310,8400,8220,8390,73295,0.010843373493975905
2022-11-25,8310,8620,8310,8610,88737,0.026221692491060766
2022-11-28,8620,8640,8450,8450,79635,-0.018583042973286834
2022-11-29,8400,8860,8370,8800,81954,0.041420118343195256
2022-11-30,8730,8790,8630,8680,73049,-0.013636363636363669
2022-12-01,8760,9000,8750,8990,84966,0.03571428571428581
2022-12-02,8990,9000,8900,8970,37139,-0.0022246941045606095
2022-12-05,8960,8960,8620,8740,93237,-0.02564102564102566
2022-12-06,8660,8940,8580,8740,75503,0.0
2022-12-07,8690,8900,8650,8800,58257,0.006864988558352492
2022-12-08,8800,8800,8540,8710,58935,-0.010227272727272751
2022-12-09,8710,9000,8690,8880,68827,0.019517795637198576
2022-12-12,8880,9000,8720,8860,50717,-0.0022522522522522292
2022-12-13,8830,8890,8780,8860,30798,0.0
2022-12-14,8810,9070,8810,9000,59115,0.015801354401805856
2022-12-15,8980,9020,8870,8990,21020,-0.0011111111111110628
2022-12-16,8930,8930,8760,8890,37016,-0.011123470522803158
2022-12-19,8830,8850,8720,8780,34183,-0.01237345331833517
2022-12-20,8760,8800,8450,8500,78621,-0.03189066059225509
2022-12-21,8580,8670,8350,8450,40619,-0.00588235294117645
2022-12-22,8460,8570,8450,8480,18184,0.0035502958579882726
2022-12-23,8540,8540,8140,8190,54442,-0.034198113207547176
2022-12-26,8190,8320,8110,8140,31433,-0.006105006105006083
2022-12-27,8040,8190,8010,8090,68434,-0.00614250614250611
2022-12-28,8120,9340,8020,8260,742480,0.021013597033374465
2022-12-29,8120,8190,7820,7900,103804,-0.04358353510895885
2023-01-02,7970,8040,7820,7820,44274,-0.010126582278481067
2023-01-03,7740,8030,7740,8030,43130,0.026854219948849067
2023-01-04,7990,8490,7930,8410,131990,0.04732254047322537
2023-01-05,8420,8480,8330,8410,38465,0.0
2023-01-06,8320,8580,8300,8480,33502,0.00832342449464929
2023-01-09,8490,8600,8490,8500,22559,0.002358490566037652
2023-01-10,8550,8570,8480,8550,19835,0.00588235294117645
2023-01-11,8550,8730,8540,8720,44693,0.019883040935672502
2023-01-12,8710,8740,8610,8690,31917,-0.0034403669724770714
2023-01-13,8650,8780,8630,8690,44345,0.0
2023-01-16,8630,8760,8630,8750,34054,0.0069044879171460405
2023-01-17,8750,8780,8650,8660,26827,-0.010285714285714231
2023-01-18,8610,8770,8590,8690,33756,0.0034642032332563577
2023-01-19,8750,8770,8600,8730,28580,0.004602991944764101
2023-01-20,8730,8840,8680,8830,31508,0.01145475372279492
2023-01-25,8880,9060,8880,8980,71912,0.016987542468856143
2023-01-26,8980,9340,8980,9260,123206,0.031180400890868487
2023-01-27,9200,9290,9100,9100,65462,-0.017278617710583144
2023-01-30,9110,9150,8910,9000,58433,-0.01098901098901095
2023-01-31,8830,9100,8820,9000,32482,0.0
2023-02-01,9200,9200,8850,8890,21226,-0.012222222222222245
2023-02-02,9060,9090,8840,8850,47737,-0.004499437570303688
2023-02-03,8890,8890,8780,8850,20955,0.0
2023-02-06,8800,8960,8650,8870,22860,0.002259887005649608
2023-02-07,8810,8940,8790,8920,19429,0.005636978579481422
2023-02-08,8960,9480,8920,9470,191110,0.06165919282511201
2023-02-09,9580,9580,9290,9290,96878,-0.019007391763463555
2023-02-10,9350,9350,8650,8740,120502,-0.05920344456404736
2023-02-13,8790,8850,8390,8630,124093,-0.01258581235697942
2023-02-14,8680,10360,8680,9490,2276272,0.09965237543453065
2023-02-15,9510,9720,9150,9210,302195,-0.02950474183350893
2023-02-16,9240,10110,9120,9940,725939,0.07926167209554835
2023-02-17,9890,10300,9740,10030,299532,0.0090543259557343
2023-02-20,10100,10350,9740,10070,229724,0.003988035892322994
2023-02-21,10070,10200,9750,9850,141327,-0.021847070506454846
2023-02-22,9750,11500,9620,10390,1802103,0.0548223350253807
2023-02-23,10490,10940,10280,10570,603224,0.017324350336862304
2023-02-24,10700,11940,10700,11300,1386662,0.06906338694418168
2023-02-27,11240,11600,10700,10830,429997,-0.04159292035398232
2023-02-28,10920,11140,10520,10710,285153,-0.011080332409972304
2023-03-02,10900,10900,10480,10630,232817,-0.007469654528478031
2023-03-03,10840,11790,10780,11640,860175,0.09501411100658519
2023-03-06,11780,11790,10760,11010,399144,-0.054123711340206215
2023-03-07,11010,11300,10710,10710,191192,-0.027247956403269713
2023-03-08,10640,10860,10500,10500,96105,-0.019607843137254943
2023-03-09,10740,10860,10180,10330,170443,-0.0161904761904762
2023-03-10,10200,10280,9910,10220,142039,-0.010648596321394033
2023-03-13,10220,10620,9860,10070,172739,-0.014677103718199636
2023-03-14,10150,10170,9660,9660,143965,-0.04071499503475673
2023-03-15,9980,10200,9830,9920,148191,0.0269151138716357
2023-03-16,9980,10500,9800,10370,251199,0.045362903225806495
2023-03-17,10600,10770,10420,10540,214707,0.016393442622950838
2023-03-20,10560,10820,10350,10660,162720,0.011385199240986799
2023-03-21,10660,10750,10200,10200,146660,-0.04315196998123827
2023-03-22,10260,10370,10060,10350,96790,0.014705882352941124
2023-03-23,10170,10540,10120,10240,112259,-0.010628019323671523
2023-03-24,10380,10900,10330,10850,249006,0.0595703125
2023-03-27,11000,11050,10540,10780,445201,-0.006451612903225823
2023-03-28,10800,11670,10710,11480,375742,0.06493506493506485
2023-03-29,11450,11550,10940,11130,257997,-0.030487804878048808
2023-03-30,11250,11450,11050,11110,211470,-0.0017969451931716396
2023-03-31,11210,11420,11000,11000,152474,-0.00990099009900991
2023-04-03,11130,11210,10720,11050,111116,0.00454545454545463
2023-04-04,11210,11230,10940,11030,134120,-0.0018099547511312153
2023-04-05,11000,11070,10730,10730,111327,-0.027198549410698103
2023-04-06,10730,10800,10350,10540,126835,-0.017707362534948756
2023-04-07,10540,10830,10460,10560,90963,0.00189753320683117
2023-04-10,10850,11130,10510,10540,165210,-0.0018939393939394478
2023-04-11,10560,10940,10500,10790,83476,0.02371916508538896
2023-04-12,10760,10800,10370,10490,100765,-0.027803521779425355
2023-04-13,10420,10420,10100,10230,96993,-0.024785510009532885
2023-04-14,10390,10390,10150,10200,52640,-0.0029325513196480912
2023-04-17,10200,10320,9900,10040,91016,-0.015686274509803977
2023-04-18,10050,10140,9790,9920,87959,-0.01195219123505975
2023-04-19,9930,10130,9850,10110,64329,0.019153225806451513
2023-04-20,10200,10200,9700,9790,90058,-0.03165182987141446
2023-04-21,9790,9850,8950,9520,83997,-0.02757916241062308
2023-04-24,9410,9800,9140,9740,118774,0.02310924369747891
2023-04-25,9760,10000,9680,9960,135662,0.022587268993839782
2023-04-26,9860,9990,9770,9890,77213,-0.007028112449799173
2023-04-27,9890,10000,9700,9960,86357,0.00707785642062686
2023-04-28,9960,10310,9910,9980,115330,0.002008032128514081
2023-05-02,9980,10230,9980,10210,74289,0.023046092184368705
2023-05-03,10210,10320,10070,10070,70984,-0.013712047012732653
2023-05-04,10100,10190,9890,10030,64280,-0.003972194637537285
2023-05-08,10160,10220,10060,10120,42706,0.008973080757726848
2023-05-09,10120,10180,9880,10050,64799,-0.00691699604743079
2023-05-10,10050,10290,10020,10160,74183,0.010945273631840724
2023-05-11,10160,10370,10160,10250,52331,0.008858267716535417
2023-05-12,10250,10850,10150,10700,396101,0.04390243902439028
2023-05-15,11100,11100,10420,10590,195598,-0.010280373831775713
2023-05-16,10730,11410,10710,11240,395192,0.06137865911237017
2023-05-17,11270,11430,11050,11300,142395,0.005338078291814874
2023-05-18,11320,11730,11320,11600,235535,0.026548672566371723
2023-05-19,11590,12410,11560,12000,377668,0.034482758620689724
2023-05-22,12110,12520,12070,12450,236877,0.03750000000000009
2023-05-23,12790,12890,12210,12420,141765,-0.002409638554216831
2023-05-24,12290,12550,12050,12430,107144,0.0008051529790660261
2023-05-25,12790,12990,12510,12730,170159,0.024135156878519748
2023-05-26,12890,14090,12560,13960,568699,0.0966221523959152
2023-05-30,14350,17500,14100,17020,5418802,0.21919770773638958
2023-05-31,16850,17090,15880,16100,1025259,-0.05405405405405406
2023-06-01,15910,15920,14800,15640,554450,-0.02857142857142858
2023-06-02,15560,15870,15010,15400,451804,-0.01534526854219953
2023-06-05,15390,15400,14780,14780,337786,-0.04025974025974022
2023-06-07,14900,14990,14590,14650,301341,-0.008795669824086638
2023-06-08,14460,14690,14150,14330,241153,-0.021843003412969297
2023-06-09,14420,15190,14220,15180,504233,0.05931612002791353
2023-06-12,15280,15290,14410,14950,344435,-0.015151515151515138
2023-06-13,15050,15510,14830,14940,381246,-0.0006688963210702559
2023-06-14,15200,15450,14810,15160,357817,0.014725568942436373
2023-06-15,15200,15650,14960,15270,295545,0.0072559366754616494
2023-06-16,15270,15600,15100,15490,212784,0.014407334643091074
2023-06-19,15710,15870,14710,14970,260004,-0.033570045190445486
2023-06-20,14970,15670,14530,15480,347370,0.03406813627254501
2023-06-21,15480,15500,14920,14950,129171,-0.0342377260981912
2023-06-22,14670,15050,14560,14900,76582,-0.0033444816053511683
2023-06-23,14910,15090,14130,14390,163510,-0.03422818791946314
2023-06-26,14220,14680,13950,14580,127160,0.013203613620569765
2023-06-27,14380,14380,13900,14060,125240,-0.03566529492455417
2023-06-28,14110,14380,13740,13960,157636,-0.007112375533428139
2023-06-29,13980,14420,13980,14260,100237,0.02148997134670494
2023-06-30,14280,14350,13950,14110,64001,-0.01051893408134641
2023-07-03,14250,16390,14130,14810,1300889,0.04961020552799433
2023-07-04,14830,14900,14400,14630,191343,-0.012153950033760963
2023-07-05,14720,15340,14580,14630,302175,0.0
2023-07-06,14580,14630,13850,14050,168041,-0.03964456596035548
2023-07-07,13760,14150,13570,13570,94542,-0.03416370106761568
2023-07-10,13500,13850,13210,13560,89711,-0.0007369196757552876
2023-07-11,13490,13720,13390,13680,64748,0.008849557522123908
2023-07-12,13730,13850,13530,13610,63209,-0.00511695906432752
2023-07-13,13870,14600,13700,14370,178870,0.0558412931667891
2023-07-14,14720,15170,14530,14580,341803,0.014613778705636848
2023-07-17,14410,14880,14240,14670,115508,0.006172839506172867
2023-07-18,14990,14990,14300,14300,103686,-0.025221540558963862
2023-07-19,14380,14530,13820,14340,105847,0.002797202797202747
2023-07-20,14340,14340,13870,14120,104821,-0.015341701534170138
2023-07-21,13810,13900,13450,13480,125425,-0.04532577903682722
2023-07-24,13480,13480,12780,13110,147214,-0.027448071216617187
2023-07-25,13180,13250,12550,12680,119485,-0.03279938977879482
2023-07-26,12700,12730,11740,12030,217753,-0.05126182965299686
2023-07-27,11890,12990,11890,12870,122732,0.06982543640897765
2023-07-28,12880,13310,12860,13080,96795,0.01631701631701632
2023-07-31,13170,13320,13010,13060,62190,-0.001529051987767538
2023-08-01,13090,13180,12480,12990,99269,-0.0053598774885145195
2023-08-02,12890,12900,12380,12500,56614,-0.03772132409545803
2023-08-03,12340,12440,12040,12340,75048,-0.012800000000000034
2023-08-04,12160,12460,12130,12240,37941,-0.008103727714748765
2023-08-07,12260,12440,11910,12370,50500,0.0106209150326797
2023-08-08,12400,13590,11970,12010,208035,-0.029102667744543287
2023-08-09,12110,12420,11910,12270,70779,0.02164862614487917
2023-08-10,12030,12200,11770,11840,60568,-0.035044824775876116
2023-08-11,11980,12320,11880,12170,78053,0.02787162162162171
2023-08-14,11850,11990,11420,11610,129392,-0.046014790468364875
2023-08-16,11360,11490,10500,10670,752023,-0.08096468561584835
2023-08-17,10410,10970,10410,10790,176491,0.011246485473289658
2023-08-18,10620,10710,10350,10430,145196,-0.033364226135310426
2023-08-21,10590,10770,10420,10500,131430,0.006711409395973256
2023-08-22,10670,10850,10360,10360,160318,-0.013333333333333308
2023-08-23,10400,10480,10250,10360,87767,0.0
2023-08-24,10700,10720,10380,10450,188008,0.008687258687258614
2023-08-25,10310,10310,10060,10080,207540,-0.03540669856459333
2023-08-28,10370,10790,10130,10720,235356,0.06349206349206349
2023-08-29,10860,11110,10670,11000,236908,0.026119402985074647
2023-08-30,11070,11270,10960,11080,174481,0.0072727272727273196
2023-08-31,11100,11170,10960,10980,81107,-0.009025270758122761
2023-09-01,10980,11520,10890,11340,195460,0.032786885245901676
2023-09-04,11600,11700,11210,11320,241861,-0.0017636684303351524
2023-09-05,11400,11510,11300,11370,119090,0.004416961130742081
2023-09-06,11380,11430,11160,11200,104693,-0.014951627088830244
2023-09-07,11090,11250,11070,11100,105841,-0.008928571428571397
2023-09-08,11100,11100,10730,10820,116056,-0.02522522522522519
2023-09-11,10730,10900,10610,10800,75467,-0.001848428835489857
2023-09-12,10800,11300,10800,11100,173155,0.02777777777777768
2023-09-13,11090,11230,10710,10910,103372,-0.017117117117117164
2023-09-14,10870,11180,10870,11120,74935,0.019248395967002674
2023-09-15,11120,11210,11020,11120,63545,0.0
2023-09-18,11050,11150,10900,10950,61345,-0.015287769784172678
2023-09-19,11040,11450,10850,11400,171961,0.041095890410958846
2023-09-20,11450,11450,10870,11010,153766,-0.03421052631578947
2023-09-21,10850,10870,10230,10240,187918,-0.06993642143505907
2023-09-22,10160,10220,9450,10140,113218,-0.009765625
2023-09-25,10020,10220,9880,9880,68468,-0.02564102564102566
2023-09-26,9830,10200,9660,9700,63690,-0.018218623481781382
2023-09-27,9650,9920,9620,9900,28995,0.020618556701030855
2023-10-04,9800,9800,9420,9540,76294,-0.036363636363636376
2023-10-05,9580,9800,9400,9410,53466,-0.013626834381551323
2023-10-06,9320,9780,9320,9700,21477,0.03081827842720508
2023-10-10,9740,11400,9710,10150,923475,0.046391752577319645
2023-10-11,10330,10430,10100,10130,179913,-0.0019704433497537144
2023-10-12,10250,10250,10020,10070,56577,-0.005923000987166804
2023-10-13,10070,10210,9940,10130,67618,0.005958291956305928
2023-10-16,9950,10000,9540,9760,96388,-0.03652517275419542
2023-10-17,9790,10140,9760,10030,63066,0.027663934426229497
2023-10-18,9970,10200,9830,10050,24117,0.001994017946161497
2023-10-19,9900,9900,9440,9450,80602,-0.05970149253731338
2023-10-20,9350,9490,9070,9120,77869,-0.03492063492063491
2023-10-23,8900,9210,8900,8960,55347,-0.01754385964912286
2023-10-24,9000,9420,8520,9370,68089,0.0457589285714286
2023-10-25,9350,9520,9280,9370,43154,0.0
2023-10-26,9180,9180,8830,8870,58896,-0.053361792956243326
2023-10-27,8870,9320,8860,8990,62204,0.013528748590755368
2023-10-30,9090,9160,8940,9130,44930,0.015572858731924377
2023-10-31,9190,9240,8580,8690,89895,-0.048192771084337394
2023-11-01,8770,9020,8730,8750,77742,0.0069044879171460405
2023-11-02,9020,9830,9010,9670,172308,0.1051428571428572
2023-11-03,9680,9830,9540,9770,46511,0.010341261633919352
2023-11-06,9950,10130,9800,10020,84680,0.025588536335721557
