Date,Open,High,Low,Close,Volume,Change
2022-01-03,2770,2800,2710,2790,129890,0.014545454545454639
2022-01-04,2790,2800,2730,2750,77895,-0.014336917562724039
2022-01-05,2760,2760,2630,2660,216310,-0.032727272727272716
2022-01-06,2650,2680,2580,2630,94670,-0.011278195488721776
2022-01-07,2630,2740,2630,2730,73195,0.03802281368821303
2022-01-10,2730,2730,2630,2660,74410,-0.02564102564102566
2022-01-11,2630,2720,2620,2640,115800,-0.007518796992481258
2022-01-12,2640,2750,2640,2730,121025,0.03409090909090917
2022-01-13,2730,2760,2710,2740,80525,0.00366300366300365
2022-01-14,2700,2730,2630,2680,107400,-0.021897810218978075
2022-01-17,2660,2680,2580,2630,186910,-0.018656716417910446
2022-01-18,2600,2700,2590,2620,172765,-0.0038022813688213253
2022-01-19,2540,3400,2540,3170,24959140,0.20992366412213737
2022-01-20,3200,3300,3120,3290,6012125,0.03785488958990535
2022-01-21,3240,3560,2970,3140,10814270,-0.045592705167173286
2022-01-24,3140,3380,3130,3340,7351010,0.06369426751592355
2022-01-25,3270,3300,2980,3010,2999355,-0.09880239520958078
2022-01-26,3030,3230,2980,2990,2434840,-0.006644518272425293
2022-01-27,3040,3040,2790,2820,1367660,-0.05685618729096986
2022-01-28,2840,2890,2710,2810,1164970,-0.0035460992907800915
2022-02-03,2820,2970,2820,2910,1080325,0.03558718861209975
2022-02-04,2870,3070,2850,3050,1321390,0.04810996563573888
2022-02-07,3060,3160,2960,3030,1347210,-0.006557377049180357
2022-02-08,3030,3200,2970,3070,1442970,0.013201320132013139
2022-02-09,3140,3150,3030,3080,664880,0.0032573289902280145
2022-02-10,3110,3200,3030,3130,1157975,0.016233766233766156
2022-02-11,3080,3240,3050,3120,1542735,-0.0031948881789137795
2022-02-14,3040,3100,2870,2900,818355,-0.07051282051282048
2022-02-15,2900,3060,2810,2900,769335,0.0
2022-02-16,3020,3160,2980,3120,1150405,0.07586206896551717
2022-02-17,3130,3270,2950,3180,2931230,0.019230769230769162
2022-02-18,3100,3280,3100,3260,1390555,0.02515723270440251
2022-02-21,3240,3380,3160,3370,1601065,0.033742331288343586
2022-02-22,3270,3350,3210,3250,1531845,-0.035608308605341255
2022-02-23,3280,3290,3120,3180,838705,-0.021538461538461506
2022-02-24,3130,3170,2960,2980,939730,-0.06289308176100628
2022-02-25,3060,3110,2980,3100,536060,0.04026845637583887
2022-02-28,3110,3220,3040,3160,495430,0.019354838709677358
2022-03-02,3140,3270,3130,3270,535520,0.034810126582278444
2022-03-03,3300,3300,3220,3240,458480,-0.00917431192660545
2022-03-04,3220,3280,3140,3270,481070,0.0092592592592593
2022-03-07,3200,3280,3160,3250,413415,-0.006116207951070374
2022-03-08,3180,3260,3140,3150,457385,-0.03076923076923077
2022-03-10,3220,3270,3180,3210,356840,0.01904761904761898
2022-03-11,3200,3420,3200,3400,2515035,0.05919003115264787
2022-03-14,3400,3520,3270,3300,1033745,-0.02941176470588236
2022-03-15,3290,3380,3280,3290,715790,-0.00303030303030305
2022-03-16,3380,3470,3320,3430,1331505,0.042553191489361764
2022-03-17,3450,3460,3370,3380,583430,-0.014577259475218707
2022-03-18,3380,3400,3240,3290,682340,-0.026627218934911268
2022-03-21,3290,3320,3240,3310,315775,0.006079027355623046
2022-03-22,3310,3360,3280,3320,300370,0.0030211480362538623
2022-03-23,3330,3330,3210,3210,494645,-0.033132530120481896
2022-03-24,3200,3250,3120,3200,422290,-0.0031152647975077885
2022-03-25,3180,3240,3140,3230,353605,0.009374999999999911
2022-03-28,3240,3240,3170,3180,231415,-0.015479876160990669
2022-03-29,3190,3340,3180,3340,603665,0.05031446540880502
2022-03-30,3320,3370,3270,3370,734745,0.008982035928143617
2022-03-31,3370,3500,3310,3430,1505115,0.017804154302670572
2022-04-01,3430,3730,3390,3480,4261605,0.014577259475218707
2022-04-04,3520,3570,3410,3410,1026115,-0.02011494252873558
2022-04-05,3410,3470,3360,3360,457055,-0.014662756598240456
2022-04-06,3330,3510,3330,3450,661320,0.02678571428571419
2022-04-07,3390,3440,3300,3300,539425,-0.04347826086956519
2022-04-08,3300,3420,3230,3400,509240,0.030303030303030276
2022-04-11,3400,3510,3350,3430,911690,0.008823529411764675
2022-04-12,3340,3440,3320,3430,352460,0.0
2022-04-13,3430,3480,3430,3430,394745,0.0
2022-04-14,3480,3580,3440,3560,1286105,0.03790087463556846
2022-04-15,3540,3540,3390,3400,845030,-0.0449438202247191
2022-04-18,3440,3460,3370,3400,327415,0.0
2022-04-19,3410,3410,3330,3350,418965,-0.014705882352941124
2022-04-20,3360,3380,3310,3320,281615,-0.008955223880596996
2022-04-21,3320,3380,3230,3260,556880,-0.01807228915662651
2022-04-22,3240,3240,3130,3140,529605,-0.036809815950920255
2022-04-25,3110,3180,3020,3040,436695,-0.031847133757961776
2022-04-26,3070,3090,3020,3050,219210,0.00328947368421062
2022-04-27,2960,2970,2900,2950,294095,-0.032786885245901676
2022-04-28,2950,2960,2840,2870,326165,-0.027118644067796627
2022-04-29,2900,3180,2880,3000,973730,0.04529616724738683
2022-05-02,3010,3200,3000,3140,945815,0.046666666666666634
2022-05-03,3170,3190,3080,3120,289910,-0.006369426751592355
2022-05-04,3120,3140,2980,2990,341280,-0.04166666666666663
2022-05-06,2960,2960,2860,2880,311875,-0.03678929765886285
2022-05-09,2850,2890,2700,2720,371180,-0.05555555555555558
2022-05-10,2640,2720,2540,2700,318920,-0.007352941176470562
2022-05-11,2730,2770,2660,2700,125820,0.0
2022-05-12,2680,2700,2570,2590,249395,-0.040740740740740744
2022-05-13,2620,2680,2570,2640,156190,0.019305019305019266
2022-05-16,2660,2800,2630,2760,279330,0.045454545454545414
2022-05-17,2760,2990,2760,2860,571825,0.03623188405797095
2022-05-18,2820,2940,2820,2900,233545,0.013986013986013957
2022-05-19,2880,2930,2820,2870,213720,-0.010344827586206917
2022-05-20,2870,2930,2830,2920,190860,0.017421602787456525
2022-05-23,2890,2920,2770,2770,259020,-0.05136986301369861
2022-05-24,2790,2830,2650,2660,157575,-0.03971119133574008
2022-05-25,2660,2750,2640,2640,177655,-0.007518796992481258
2022-05-26,2660,2770,2660,2720,187435,0.030303030303030276
2022-05-27,2790,2790,2710,2750,109025,0.011029411764705843
2022-05-30,2770,2890,2760,2870,148225,0.043636363636363695
2022-05-31,2900,2910,2830,2900,138085,0.010452961672473782
2022-06-02,2880,2910,2830,2890,81765,-0.0034482758620689724
2022-06-03,2920,3140,2860,3100,984910,0.0726643598615917
2022-06-07,3110,3120,2970,2970,225125,-0.041935483870967794
2022-06-08,2970,3000,2930,2980,96505,0.0033670033670034627
2022-06-09,2950,2970,2830,2910,170700,-0.023489932885906062
2022-06-10,2860,2890,2820,2830,89685,-0.027491408934707917
2022-06-13,2720,2770,2610,2670,264155,-0.05653710247349819
2022-06-14,2590,2660,2550,2640,242060,-0.011235955056179803
2022-06-15,2600,2620,2480,2490,280550,-0.05681818181818177
2022-06-16,2540,2600,2480,2480,143680,-0.004016064257028162
2022-06-17,2420,2470,2320,2470,180295,-0.0040322580645161255
2022-06-20,2470,2510,2240,2420,270625,-0.020242914979757054
2022-06-21,2400,2490,2330,2440,156660,0.008264462809917328
2022-06-22,2500,2500,2260,2270,137785,-0.069672131147541
2022-06-23,2260,2300,2070,2120,313300,-0.06607929515418498
2022-06-24,2100,2220,2090,2190,195095,0.03301886792452824
2022-06-27,2190,2260,2150,2250,113450,0.027397260273972712
2022-06-28,2240,2290,2200,2240,131410,-0.004444444444444473
2022-06-29,2200,2240,2190,2210,73055,-0.013392857142857095
2022-06-30,2200,2240,2110,2130,101030,-0.03619909502262442
2022-07-01,2160,2520,2140,2360,1241550,0.107981220657277
2022-07-04,2370,2430,2180,2220,490185,-0.05932203389830504
2022-07-05,2240,2310,2190,2300,146430,0.03603603603603611
2022-07-06,2270,2290,2230,2270,157300,-0.013043478260869601
2022-07-07,2260,2300,2250,2300,119075,0.013215859030837107
2022-07-08,2310,2310,2260,2290,85545,-0.004347826086956497
2022-07-11,2280,2300,2190,2200,219905,-0.0393013100436681
2022-07-12,2180,2200,2140,2190,146925,-0.004545454545454519
2022-07-13,2170,2240,2120,2240,128795,0.022831050228310446
2022-07-14,2210,2260,2180,2240,113915,0.0
2022-07-15,2220,2250,2180,2230,125815,-0.004464285714285698
2022-07-18,2250,2310,2210,2280,188605,0.022421524663677195
2022-07-19,2280,2350,2260,2320,260765,0.01754385964912286
2022-07-20,2350,2360,2200,2280,291405,-0.017241379310344862
2022-07-21,2300,2320,2280,2320,137310,0.01754385964912286
2022-07-22,2310,2330,2280,2320,191205,0.0
2022-07-25,2280,2320,2270,2300,106295,-0.008620689655172376
2022-07-26,2300,2310,2270,2290,58150,-0.004347826086956497
2022-07-27,2290,2290,2200,2230,307825,-0.026200873362445365
2022-07-28,2240,2260,2220,2240,136380,0.004484304932735439
2022-07-29,2240,2290,2230,2290,854745,0.022321428571428603
2022-08-01,2270,2320,2250,2320,170885,0.013100436681222627
2022-08-02,2320,2330,2260,2290,228555,-0.012931034482758674
2022-08-03,2260,2350,2260,2330,251525,0.017467248908296984
2022-08-04,2330,2350,2310,2340,237440,0.0042918454935623185
2022-08-05,2330,2370,2320,2340,282210,0.0
2022-08-08,2330,2330,2300,2330,219045,-0.004273504273504258
2022-08-09,2320,2340,2310,2340,186785,0.0042918454935623185
2022-08-10,2340,2340,2240,2250,259425,-0.038461538461538436
2022-08-11,2270,2290,2250,2280,164750,0.01333333333333342
2022-08-12,2260,2330,2250,2320,208025,0.01754385964912286
2022-08-16,2310,2340,2250,2290,321965,-0.012931034482758674
2022-08-17,2270,2300,2130,2290,635480,0.0
2022-08-18,2250,2310,2220,2310,133290,0.008733624454148492
2022-08-19,2320,2390,2270,2340,245905,0.01298701298701288
2022-08-22,2340,2340,2210,2290,247815,-0.021367521367521403
2022-08-23,2230,2310,2190,2280,347925,-0.004366812227074246
2022-08-24,2270,2290,2240,2250,214585,-0.013157894736842146
2022-08-25,2240,2330,2230,2330,200985,0.03555555555555556
2022-08-26,2320,2430,2300,2430,575665,0.0429184549356223
2022-08-29,2370,2450,2310,2430,329645,0.0
2022-08-30,2410,2480,2390,2390,412770,-0.016460905349794275
2022-08-31,2360,2400,2350,2390,242680,0.0
2022-09-01,2360,2490,2300,2420,623490,0.012552301255230214
2022-09-02,2420,2460,2350,2350,244490,-0.02892561983471076
2022-09-05,2310,2440,2250,2340,292905,-0.004255319148936176
2022-09-06,2390,2410,2340,2380,65180,0.017094017094017033
2022-09-07,2400,2430,2300,2320,93435,-0.025210084033613467
2022-09-08,2340,2400,2280,2390,206835,0.030172413793103425
2022-09-13,2460,2460,2360,2380,162765,-0.004184100418409997
2022-09-14,2280,2340,2280,2310,92765,-0.02941176470588236
2022-09-15,2310,2340,2270,2280,104670,-0.012987012987012991
2022-09-16,2260,2290,2240,2240,94855,-0.01754385964912286
2022-09-19,2230,2500,2210,2420,1521780,0.0803571428571428
2022-09-20,2430,2450,2330,2360,372500,-0.024793388429752095
2022-09-21,2360,2400,2270,2330,234160,-0.012711864406779627
2022-09-22,2310,2400,2280,2400,248455,0.030042918454935563
2022-09-23,2400,2400,2250,2250,199765,-0.0625
2022-09-26,2180,2330,2130,2180,282560,-0.03111111111111109
2022-09-27,2160,2250,2110,2250,350870,0.032110091743119185
2022-09-28,2250,2250,2120,2140,273965,-0.04888888888888887
2022-09-29,2160,2190,2030,2030,323115,-0.051401869158878455
2022-09-30,1990,2020,1922,2010,453870,-0.009852216748768461
2022-10-04,2010,2010,1976,1980,208360,-0.014925373134328401
2022-10-05,2000,2010,1892,1892,274580,-0.0444444444444444
2022-10-06,1916,1916,1812,1844,346105,-0.025369978858350906
2022-10-07,1830,1854,1812,1830,96045,-0.007592190889370909
2022-10-11,1768,1818,1636,1648,327885,-0.09945355191256833
2022-10-12,1630,1644,1500,1548,622720,-0.06067961165048541
2022-10-13,1532,1548,1350,1382,763045,-0.10723514211886309
2022-10-14,1398,1428,1384,1402,330930,0.01447178002894356
2022-10-17,1376,1426,1350,1426,903940,0.017118402282453538
2022-10-18,1432,1476,1414,1450,369805,0.016830294530154388
2022-10-19,1450,1460,1360,1370,359520,-0.05517241379310345
2022-10-20,1360,1374,1316,1346,208890,-0.017518248175182438
2022-10-21,1328,1348,1298,1324,188595,-0.01634472511144136
2022-10-24,1338,1368,1310,1324,231500,0.0
2022-10-25,1352,1352,1270,1298,297260,-0.01963746223564955
2022-10-26,1316,1316,1280,1312,236075,0.01078582434514641
2022-10-27,1312,1348,1288,1326,260140,0.010670731707317138
2022-10-28,1326,1328,1302,1308,149490,-0.013574660633484115
2022-10-31,1310,1348,1290,1344,109175,0.02752293577981657
2022-11-01,1346,1408,1332,1388,231550,0.032738095238095344
2022-11-02,1384,1398,1354,1382,157420,-0.004322766570605152
2022-11-03,1334,1368,1328,1342,179615,-0.02894356005788712
2022-11-04,1328,1380,1280,1300,280865,-0.03129657228017879
2022-11-07,1308,1316,1276,1294,209985,-0.004615384615384577
2022-11-08,1294,1326,1294,1326,211900,0.02472952086553315
2022-11-09,1328,1414,1328,1364,431905,0.02865761689291091
2022-11-10,1352,1352,1294,1308,338510,-0.04105571847507328
2022-11-11,1334,1380,1318,1380,391805,0.05504587155963292
2022-11-14,1380,1412,1358,1392,278760,0.008695652173912993
2022-11-15,1392,1688,1380,1490,7324250,0.07040229885057481
2022-11-16,1490,1506,1424,1450,848380,-0.02684563758389258
2022-11-17,1464,1506,1430,1478,867385,0.0193103448275862
2022-11-18,1478,1614,1478,1492,1948675,0.009472259810554773
2022-11-21,1492,1512,1412,1412,479270,-0.0536193029490617
2022-11-22,1404,1422,1360,1402,292565,-0.007082152974504208
2022-11-23,1406,1458,1404,1448,193990,0.032810271041369576
2022-11-24,1448,1486,1446,1474,204885,0.017955801104972302
2022-11-25,1476,1476,1444,1444,133145,-0.020352781546811416
2022-11-28,1444,1466,1404,1406,158920,-0.02631578947368418
2022-11-29,1390,1442,1388,1432,92055,0.01849217638691325
2022-11-30,1444,1456,1414,1454,112715,0.015363128491620026
2022-12-01,1496,1496,1452,1456,125010,0.0013755158184318717
2022-12-02,1456,1476,1442,1454,45705,-0.0013736263736263687
2022-12-05,1462,1482,1430,1472,330250,0.012379642365887289
2022-12-06,1462,1478,1414,1414,191720,-0.03940217391304346
2022-12-07,1408,1416,1370,1404,105275,-0.007072135785007094
2022-12-08,1398,1398,1352,1366,116875,-0.027065527065527117
2022-12-09,1362,1448,1362,1422,148490,0.040995607613469875
2022-12-12,1420,1436,1398,1400,70380,-0.015471167369901506
2022-12-13,1402,1434,1392,1396,47785,-0.0028571428571428914
2022-12-14,1418,1436,1386,1432,170720,0.025787965616045794
2022-12-15,1440,1442,1424,1428,103185,-0.0027932960893854997
2022-12-16,1392,1414,1382,1398,77105,-0.021008403361344574
2022-12-19,1386,1410,1382,1410,48035,0.008583690987124415
2022-12-20,1388,1470,1356,1358,239105,-0.03687943262411353
2022-12-21,1358,1380,1332,1334,141865,-0.0176730486008837
2022-12-22,1366,1366,1334,1340,53140,0.004497751124437732
2022-12-23,1322,1340,1288,1302,119340,-0.028358208955223896
2022-12-26,1300,1306,1280,1298,55665,-0.003072196620583667
2022-12-27,1296,1330,1294,1304,40955,0.0046224961479199855
2022-12-28,1286,1308,1182,1210,416120,-0.07208588957055218
2022-12-29,1212,1274,1186,1206,206545,-0.0033057851239669533
2023-01-02,1206,1222,1154,1154,127540,-0.04311774461028195
2023-01-03,1184,1184,1102,1158,141615,0.0034662045060658286
2023-01-04,1154,1226,1110,1224,267565,0.05699481865284972
2023-01-05,1240,1240,1192,1192,56145,-0.02614379084967322
2023-01-06,1218,1316,1098,1122,2716510,-0.0587248322147651
2023-01-09,1136,1310,1132,1224,4909175,0.09090909090909083
2023-01-10,1224,1230,1190,1224,426830,0.0
2023-01-11,1220,1246,1218,1238,331665,0.011437908496731986
2023-01-12,1248,1268,1230,1238,176930,0.0
2023-01-13,1238,1256,1234,1244,144235,0.004846526655896577
2023-01-16,1248,1390,1232,1288,2198060,0.03536977491961424
2023-01-17,1280,1292,1266,1290,328720,0.0015527950310558758
2023-01-18,1288,1300,1270,1288,224245,-0.0015503875968991832
2023-01-19,1296,1296,1262,1268,181050,-0.01552795031055898
2023-01-20,1268,1308,1258,1308,275045,0.03154574132492116
2023-01-25,1300,1318,1280,1310,195385,0.001529051987767538
2023-01-26,1314,1350,1310,1336,231735,0.01984732824427482
2023-01-27,1336,1352,1316,1334,180505,-0.0014970059880239361
2023-01-30,1334,1336,1290,1290,133255,-0.032983508245877036
2023-01-31,1294,1308,1272,1304,170350,0.010852713178294504
2023-02-01,1316,1336,1284,1330,182570,0.019938650306748462
2023-02-02,1338,1346,1330,1340,203730,0.007518796992481258
2023-02-03,1332,1344,1318,1340,105515,0.0
2023-02-06,1340,1340,1318,1318,94405,-0.016417910447761197
2023-02-07,1306,1370,1306,1364,318415,0.03490136570561453
2023-02-08,1358,1428,1354,1398,571580,0.024926686217008776
2023-02-09,1394,1394,1346,1392,423130,-0.0042918454935622075
2023-02-10,1388,1388,1318,1328,414250,-0.04597701149425293
2023-02-13,1328,1338,1288,1336,215780,0.006024096385542244
2023-02-14,1338,1362,1312,1324,91025,-0.008982035928143728
2023-02-15,1332,1332,1246,1254,269645,-0.052870090634441036
2023-02-16,1254,1282,1254,1274,65055,0.01594896331738438
2023-02-17,1260,1288,1234,1256,230270,-0.014128728414442682
2023-02-20,1258,1276,1232,1270,111710,0.011146496815286566
2023-02-21,1282,1292,1252,1260,105840,-0.007874015748031482
2023-02-22,1240,1248,1202,1210,174300,-0.03968253968253965
2023-02-23,1228,1242,1200,1236,123080,0.02148760330578514
2023-02-24,1236,1236,1204,1220,120920,-0.012944983818770184
2023-02-27,1202,1204,1160,1196,144580,-0.01967213114754096
2023-02-28,1188,1208,1184,1202,113010,0.0050167224080268635
2023-03-02,1202,1212,1190,1210,108880,0.006655574043261225
2023-03-03,1222,1222,1186,1208,152325,-0.0016528925619834212
2023-03-06,1202,1206,1162,1198,186545,-0.008278145695364225
2023-03-07,1198,1198,1166,1192,189110,-0.005008347245408995
2023-03-08,1190,1190,1154,1156,174185,-0.030201342281879207
2023-03-09,1158,1166,1134,1160,91335,0.0034602076124568004
2023-03-10,1134,1148,1120,1138,158740,-0.018965517241379293
2023-03-13,1112,1130,1092,1120,174040,-0.01581722319859402
2023-03-14,1096,1106,1036,1040,279245,-0.0714285714285714
2023-03-15,1060,1086,1054,1070,93395,0.028846153846153744
2023-03-16,1056,1056,1018,1038,134315,-0.029906542056074792
2023-03-17,1052,1142,1052,1098,359070,0.05780346820809257
2023-03-20,1098,1122,1094,1108,190285,0.00910746812386165
2023-03-21,1108,1120,1062,1112,85640,0.0036101083032491488
2023-03-22,1096,1120,1070,1080,111955,-0.02877697841726623
2023-03-23,1074,1074,1028,1040,247260,-0.03703703703703709
2023-03-24,1040,1054,1022,1042,128720,0.0019230769230769162
2023-03-27,1032,1042,997,1018,190060,-0.02303262955854124
2023-03-28,1018,1074,1012,1064,211140,0.04518664047151266
2023-03-29,1050,1076,1032,1070,78585,0.005639097744360999
2023-03-30,1070,1090,1046,1088,196965,0.016822429906542036
2023-03-31,1094,1094,1054,1072,132825,-0.014705882352941124
2023-04-03,1072,1072,1036,1050,83485,-0.020522388059701524
2023-04-04,1042,1080,1042,1078,80115,0.026666666666666616
2023-04-05,1068,1100,1066,1096,127820,0.016697588126159513
2023-04-06,1106,1106,1074,1082,118795,-0.012773722627737238
2023-04-07,1080,1096,1060,1074,64110,-0.007393715341959317
2023-04-10,1088,1088,1018,1032,222120,-0.03910614525139666
2023-04-11,1028,1052,1006,1046,228795,0.013565891472868241
2023-04-12,1046,1070,1022,1066,113970,0.019120458891013437
2023-04-13,1066,1066,1044,1058,51785,-0.007504690431519689
2023-04-14,1068,1088,1060,1082,112155,0.022684310018903586
2023-04-17,1090,1104,1058,1098,129890,0.014787430683918634
2023-04-18,1090,1102,1066,1090,110990,-0.007285974499089298
2023-04-19,1092,1100,1070,1080,146465,-0.00917431192660545
2023-04-20,1072,1084,1046,1068,84370,-0.011111111111111072
2023-04-21,1066,1066,1026,1050,153645,-0.016853932584269704
2023-04-24,1040,1042,1002,1018,107025,-0.030476190476190435
2023-04-25,1002,1006,968,968,253985,-0.0491159135559921
2023-04-26,957,977,944,969,127335,0.0010330578512396382
2023-04-27,964,991,950,969,107480,0.0
2023-04-28,970,995,949,953,117755,-0.016511867905056765
2023-05-02,953,976,947,958,56395,0.005246589716684236
2023-05-03,958,977,956,963,90810,0.005219206680584509
2023-05-04,961,962,940,952,166265,-0.011422637590861928
2023-05-08,952,965,952,960,81285,0.008403361344537785
2023-05-09,960,978,950,960,30390,0.0
2023-05-10,963,963,948,955,39145,-0.00520833333333337
2023-05-11,956,1010,950,981,154495,0.027225130890052407
2023-05-12,985,985,960,960,82605,-0.021406727828746197
2023-05-15,969,969,934,947,118330,-0.013541666666666674
2023-05-16,949,950,909,923,241395,-0.025343189017951406
2023-05-17,913,938,909,934,127450,0.011917659804983716
2023-05-18,934,949,931,931,145910,-0.0032119914346895317
2023-05-19,947,947,933,946,73745,0.01611170784103111
2023-05-22,946,964,941,952,118565,0.00634249471458781
2023-05-23,952,968,943,960,72690,0.008403361344537785
2023-05-24,960,967,950,964,30770,0.004166666666666652
2023-05-25,969,1036,917,935,958855,-0.030082987551867224
2023-05-26,935,945,920,924,148690,-0.0117647058823529
2023-05-30,924,952,924,951,122865,0.02922077922077926
2023-05-31,951,967,946,956,142950,0.00525762355415349
2023-06-01,956,956,943,949,127000,-0.007322175732217606
2023-06-02,957,971,945,965,147785,0.01685985247629085
2023-06-05,973,989,967,968,164115,0.0031088082901553626
2023-06-07,971,1058,971,998,1643930,0.030991735537190035
2023-06-08,1008,1010,970,973,315270,-0.02505010020040077
2023-06-09,973,986,952,969,403130,-0.004110996916752319
2023-06-12,999,1056,975,981,1341640,0.01238390092879249
2023-06-13,982,1004,957,969,447690,-0.012232415902140636
2023-06-14,972,977,937,941,407630,-0.028895768833849367
2023-06-15,937,956,919,941,222025,0.0
2023-06-16,952,967,920,937,356800,-0.004250797024442088
2023-06-19,930,936,917,930,175975,-0.007470651013874119
2023-06-20,930,944,886,898,696660,-0.03440860215053765
2023-06-21,898,905,852,858,422370,-0.04454342984409798
2023-06-22,849,864,840,840,254530,-0.020979020979020935
2023-06-23,836,837,810,815,262390,-0.029761904761904767
2023-06-26,817,830,798,825,263605,0.012269938650306678
2023-06-27,835,835,809,813,110715,-0.014545454545454528
2023-06-28,821,824,778,778,642980,-0.043050430504305015
2023-06-29,777,778,742,752,480975,-0.033419023136246784
2023-06-30,752,796,743,781,254530,0.03856382978723394
2023-07-03,792,807,782,799,237000,0.023047375160051287
2023-07-04,806,806,778,781,213530,-0.02252816020025028
2023-07-05,782,793,767,775,163085,-0.007682458386683688
2023-07-06,784,784,743,757,204220,-0.023225806451612874
2023-07-07,746,750,734,740,241915,-0.022457067371202122
2023-07-10,740,757,720,738,134045,-0.002702702702702675
2023-07-11,738,758,724,740,110760,0.0027100271002709064
2023-07-12,783,958,770,776,14603170,0.048648648648648596
2023-07-13,784,788,740,749,1219635,-0.03479381443298968
2023-07-14,743,761,732,761,734825,0.01602136181575431
2023-07-17,743,768,743,765,335085,0.005256241787122251
2023-07-18,762,769,742,750,310385,-0.019607843137254943
2023-07-19,750,759,734,740,445720,-0.013333333333333308
2023-07-20,740,852,739,760,9366695,0.027027027027026973
2023-07-21,761,777,740,776,622225,0.021052631578947434
2023-07-24,765,771,722,722,946985,-0.06958762886597936
2023-07-25,722,722,677,681,792240,-0.056786703601108046
2023-07-26,678,678,606,625,837455,-0.08223201174743022
2023-07-27,622,726,618,703,1434290,0.12480000000000002
2023-07-28,682,726,681,720,409690,0.024182076813655806
2023-07-31,728,740,711,738,319620,0.02499999999999991
2023-08-01,725,741,723,741,279965,0.004065040650406582
2023-08-02,742,798,740,774,842485,0.044534412955465674
2023-08-03,762,791,751,780,241955,0.007751937984496138
2023-08-04,777,779,764,774,101425,-0.007692307692307665
2023-08-07,774,799,766,799,253350,0.03229974160206717
2023-08-08,798,843,788,820,604515,0.026282853566958808
2023-08-09,820,829,815,827,186425,0.008536585365853666
2023-08-10,827,840,815,819,100985,-0.0096735187424426
2023-08-11,811,998,811,890,5921730,0.0866910866910866
2023-08-14,890,918,859,907,769830,0.019101123595505642
2023-08-16,930,1012,919,993,2710810,0.09481808158765159
2023-08-17,991,1040,964,1010,1261960,0.017119838872104776
2023-08-18,1010,1018,970,1002,390675,-0.007920792079207928
2023-08-21,1004,1066,981,987,1207275,-0.014970059880239472
2023-08-22,990,1038,970,1034,960660,0.04761904761904767
2023-08-23,1032,1032,929,1020,1956415,-0.013539651837524147
2023-08-24,1008,1054,995,1012,211955,-0.007843137254901933
2023-08-25,1014,1020,997,1006,105455,-0.005928853754940677
2023-08-28,1008,1070,990,1066,303440,0.05964214711729632
2023-08-29,1066,1276,964,1008,7804560,-0.054409005628517804
2023-08-30,1014,1060,991,1048,1001880,0.039682539682539764
2023-08-31,1068,1194,1050,1122,1751130,0.07061068702290085
2023-09-01,1122,1226,1122,1138,1090455,0.01426024955436711
2023-09-04,1134,1194,1102,1194,434130,0.04920913884007039
2023-09-05,1194,1218,1172,1198,280025,0.003350083752093891
2023-09-06,1196,1256,1182,1216,442560,0.015025041736226985
2023-09-07,1214,1266,1200,1266,574020,0.04111842105263164
2023-09-08,1266,1344,1084,1112,3065795,-0.12164296998420221
2023-09-11,1124,1274,1100,1222,1611930,0.09892086330935257
2023-09-12,1222,1278,1208,1230,630895,0.00654664484451728
2023-09-13,1230,1246,1178,1196,401810,-0.027642276422764178
2023-09-14,1196,1204,1122,1148,501695,-0.04013377926421402
2023-09-15,1162,1198,1138,1156,264685,0.006968641114982521
2023-09-18,1156,1156,1032,1090,656005,-0.05709342560553632
2023-09-19,1090,1110,1040,1040,164050,-0.04587155963302747
2023-09-20,1034,1064,988,1044,130905,0.0038461538461538325
2023-09-21,1030,1048,1008,1018,192020,-0.02490421455938696
2023-09-22,1002,1040,994,1026,108255,0.007858546168958647
2023-09-25,1026,1026,976,990,201165,-0.03508771929824561
2023-09-26,979,993,973,976,55245,-0.014141414141414121
2023-09-27,976,990,962,981,35320,0.0051229508196721785
2023-10-04,983,993,913,945,116000,-0.03669724770642202
2023-10-05,945,980,930,980,67240,0.03703703703703698
2023-10-06,980,982,953,960,39405,-0.020408163265306145
2023-10-10,960,960,890,892,144150,-0.0708333333333333
2023-10-11,888,931,874,917,127730,0.028026905829596327
2023-10-12,926,951,921,921,102010,0.004362050163576825
2023-10-13,921,939,891,921,127495,0.0
2023-10-16,931,935,892,925,50640,0.004343105320304019
2023-10-17,915,932,910,920,71940,-0.00540540540540535
2023-10-18,920,920,872,883,132095,-0.04021739130434787
2023-10-19,881,881,840,850,107590,-0.03737259343148358
2023-10-20,840,858,812,857,125345,0.008235294117647118
2023-10-23,857,886,834,886,50560,0.03383897316219375
2023-10-24,885,890,824,868,241245,-0.020316027088036148
2023-10-25,870,898,870,883,131150,0.017281105990783363
2023-10-26,878,881,854,880,58010,-0.003397508493771184
2023-10-27,872,880,845,869,57015,-0.012499999999999956
2023-10-30,870,924,851,923,130250,0.06214039125431525
2023-10-31,924,929,898,903,189885,-0.021668472372697756
2023-11-01,897,1172,892,1172,5592885,0.2978959025470653
2023-11-02,1230,1296,1094,1120,12252900,-0.04436860068259385
2023-11-03,1108,1134,1052,1064,2130775,-0.050000000000000044
2023-11-06,1038,1062,999,1022,1780130,-0.03947368421052633
2023-11-07,0,0,0,1022,0,0.0
2023-11-08,0,0,0,1022,0,0.0
2023-11-09,0,0,0,1022,0,0.0
2023-11-10,0,0,0,1022,0,0.0
2023-11-13,0,0,0,1022,0,0.0
2023-11-14,0,0,0,1022,0,0.0
2023-11-15,0,0,0,1022,0,0.0
2023-11-16,0,0,0,1022,0,0.0
2023-11-17,0,0,0,1022,0,0.0
2023-11-20,0,0,0,1022,0,0.0
2023-11-21,0,0,0,1022,0,0.0
2023-11-22,0,0,0,1022,0,0.0
2023-11-23,1118,1162,990,997,6120689,-0.024461839530332652
2023-11-24,977,1040,929,935,960092,-0.06218655967903708
2023-11-27,934,975,878,905,556939,-0.03208556149732622
2023-11-28,905,913,871,879,535937,-0.02872928176795575
2023-11-29,878,878,845,848,406164,-0.03526734926052333
2023-11-30,851,874,840,862,237722,0.01650943396226423
2023-12-01,862,874,843,855,248642,-0.008120649651972123
2023-12-04,858,879,853,866,145727,0.012865497076023358
2023-12-05,866,897,866,876,192843,0.011547344110854452
2023-12-06,871,895,867,894,113560,0.020547945205479534
2023-12-07,888,905,880,888,128021,-0.006711409395973145
2023-12-08,904,904,869,878,134743,-0.011261261261261257
2023-12-11,886,886,872,884,121102,0.006833712984054774
2023-12-12,882,889,874,876,48131,-0.009049773755656076
2023-12-13,872,883,854,854,119524,-0.02511415525114158
2023-12-14,855,870,851,854,83766,0.0
2023-12-15,864,866,852,866,60551,0.014051522248243575
2023-12-18,862,877,860,872,35477,0.006928406466512715
2023-12-19,878,878,867,875,50520,0.0034403669724769603
2023-12-20,877,885,869,879,100594,0.004571428571428671
2023-12-21,872,875,847,855,205250,-0.027303754266211566
2023-12-22,850,866,847,862,57284,0.008187134502924076
2023-12-26,860,860,834,844,131849,-0.02088167053364265
2023-12-27,832,842,824,829,153759,-0.017772511848341277
2023-12-28,829,848,817,837,81658,0.00965018094089265
2024-01-02,837,860,813,857,146457,0.0238948626045401
2024-01-03,857,874,848,873,115946,0.018669778296382722
2024-01-04,873,874,857,871,52900,-0.002290950744558984
2024-01-05,893,1040,889,900,3488894,0.03329506314580932
2024-01-08,919,954,910,943,633571,0.0477777777777777
2024-01-09,963,1180,937,1122,7958954,0.18981972428419946
2024-01-10,1107,1339,1043,1265,9105904,0.12745098039215685
2024-01-11,1265,1315,1230,1250,2556128,-0.011857707509881465
2024-01-12,1267,1318,1143,1179,1447187,-0.05679999999999996
2024-01-15,1143,1204,1050,1063,1329478,-0.09838846480067853
2024-01-16,1088,1096,1000,1015,824231,-0.045155221072436524
2024-01-17,1024,1024,906,928,1321394,-0.08571428571428574
2024-01-18,927,950,899,920,427973,-0.008620689655172376
2024-01-19,920,1030,914,1013,816256,0.10108695652173916
2024-01-22,1011,1012,937,949,476805,-0.06317867719644621
2024-01-23,949,1140,926,1010,5456816,0.0642781875658589
2024-01-24,1000,1033,980,1015,2615293,0.004950495049504955
2024-01-25,1009,1009,970,999,443422,-0.015763546798029604
2024-01-26,996,1059,972,1015,486982,0.0160160160160161
2024-01-29,1015,1015,971,994,376178,-0.020689655172413834
2024-01-30,994,994,971,983,175530,-0.01106639839034207
2024-01-31,1015,1116,966,972,2688814,-0.011190233977619535
2024-02-01,958,967,926,952,396271,-0.020576131687242816
2024-02-02,948,988,925,971,288148,0.01995798319327724
2024-02-05,975,998,956,998,209055,0.02780638516992795
2024-02-06,997,999,957,983,141149,-0.01503006012024044
2024-02-07,992,992,962,970,204032,-0.01322482197355035
2024-02-08,970,970,904,945,320062,-0.02577319587628868
2024-02-13,940,1001,935,1000,327775,0.05820105820105814
2024-02-14,1000,1023,980,1023,263574,0.02299999999999991
2024-02-15,1027,1027,996,1022,121653,-0.0009775171065493637
2024-02-16,1027,1027,997,1010,156284,-0.011741682974559686
2024-02-19,997,1008,990,1005,152612,-0.004950495049504955
2024-02-20,1009,1094,1003,1085,1970097,0.07960199004975133
2024-02-21,1085,1095,1028,1070,538933,-0.01382488479262678
2024-02-22,1070,1118,1044,1044,818020,-0.024299065420560706
2024-02-23,1031,1040,1003,1008,323266,-0.03448275862068961
2024-02-26,1008,1013,982,987,258798,-0.02083333333333337
2024-02-27,984,1019,973,1015,144723,0.028368794326241176
2024-02-28,1000,1014,986,993,112913,-0.021674876847290636
2024-02-29,993,1013,975,992,138339,-0.001007049345417954
2024-03-04,992,1007,976,996,507341,0.0040322580645162365
2024-03-05,1003,1003,960,969,327928,-0.027108433734939763
2024-03-06,954,997,952,964,145968,-0.00515995872033026
2024-03-07,974,997,860,977,1374684,0.013485477178423189
2024-03-08,956,1010,943,1010,354487,0.03377686796315249
2024-03-11,1017,1017,969,979,201731,-0.03069306930693072
2024-03-12,979,983,920,977,233337,-0.002042900919305368
2024-03-13,977,1012,960,1002,186133,0.025588536335721557
2024-03-14,998,1009,983,1000,98661,-0.001996007984031989
2024-03-15,1000,1090,991,1052,1116510,0.052000000000000046
2024-03-18,1060,1061,1020,1037,224689,-0.014258555133079831
2024-03-19,1037,1043,999,1033,183259,-0.0038572806171649487
2024-03-20,1034,1054,1020,1035,103721,0.0019361084220717029
2024-03-21,1030,1054,1012,1049,137790,0.01352657004830915
2024-03-22,1049,1070,1015,1019,203171,-0.028598665395614842
2024-03-25,1019,1032,1006,1006,85629,-0.012757605495583912
2024-03-26,1014,1025,960,993,163282,-0.012922465208747513
2024-03-27,987,1020,981,1007,79343,0.014098690835850913
2024-03-28,1007,1029,995,1020,101512,0.012909632571995955
2024-03-29,1016,1035,1008,1024,147104,0.0039215686274509665
2024-04-01,1030,1178,1030,1140,3685662,0.11328125
2024-04-02,1140,1190,1094,1136,889806,-0.0035087719298245723
2024-04-03,1131,1188,1101,1181,1157064,0.039612676056338
2024-04-04,1199,1210,1161,1206,872958,0.021168501270110163
2024-04-05,1171,1220,1169,1193,564449,-0.010779436152570487
2024-04-08,1209,1248,1180,1243,890943,0.04191114836546528
2024-04-09,1252,1255,1164,1184,1043585,-0.04746580852775539
2024-04-11,1195,1206,1173,1190,280817,0.0050675675675675436
2024-04-12,1190,1228,1182,1190,528569,0.0
2024-04-15,1179,1207,1159,1198,248227,0.006722689075630228
2024-04-16,1188,1194,1148,1152,499810,-0.03839732888146907
2024-04-17,1152,1240,1152,1226,861310,0.06423611111111116
2024-04-18,1220,1247,1210,1247,354691,0.0171288743882545
2024-04-19,1241,1244,1204,1219,657694,-0.02245388933440262
2024-04-22,1214,1215,1153,1169,355830,-0.04101722723543888
2024-04-23,1176,1217,1150,1210,619916,0.03507271171941828
2024-04-24,1222,1227,1202,1219,252517,0.007438016528925617
2024-04-25,1219,1315,1219,1313,1921008,0.07711238720262514
2024-04-26,1344,1349,1176,1181,1737430,-0.10053313023610055
2024-04-29,1207,1293,1192,1268,1054432,0.07366638441998297
2024-04-30,1290,1320,1248,1305,692029,0.02917981072555209
2024-05-02,1305,1316,1262,1309,397504,0.0030651340996168397
2024-05-03,1320,1329,1290,1303,339515,-0.004583651642475206
2024-05-07,1303,1311,1257,1270,252237,-0.025326170376055224
2024-05-08,1256,1288,1253,1279,232450,0.007086614173228423
2024-05-09,1267,1441,1266,1390,3311842,0.08678655199374519
2024-05-10,1375,1399,1326,1388,1014398,-0.0014388489208633226
2024-05-13,1420,1436,1310,1318,967661,-0.050432276657060515
2024-05-14,1332,1429,1260,1414,1157546,0.07283763277693467
2024-05-16,1410,1412,1355,1404,393950,-0.007072135785007094
2024-05-17,1403,1403,1299,1374,338215,-0.021367521367521403
2024-05-20,1386,1394,1346,1366,369639,-0.005822416302765698
2024-05-21,1366,1421,1366,1421,682266,0.04026354319180081
2024-05-22,1428,1428,1347,1380,561430,-0.02885292047853627
2024-05-23,1356,1397,1334,1374,403240,-0.004347826086956497
2024-05-24,1338,1693,1338,1577,11244723,0.1477438136826783
2024-05-27,1585,1650,1537,1604,2930875,0.017121116043119944
2024-05-28,1603,1620,1515,1560,1449291,-0.027431421446383997
2024-05-29,1571,1600,1486,1491,1017732,-0.044230769230769185
2024-05-30,1486,1499,1404,1410,734685,-0.05432595573440646
2024-05-31,1418,1490,1418,1459,419737,0.034751773049645385
2024-06-03,1459,1516,1438,1440,431685,-0.013022618231665506
2024-06-04,1421,1502,1421,1502,485050,0.043055555555555625
2024-06-05,1503,1508,1441,1450,362520,-0.03462050599201061
2024-06-07,1455,1473,1260,1272,1744753,-0.12275862068965515
2024-06-10,1272,1272,1193,1204,1262697,-0.053459119496855334
2024-06-11,1190,1256,1190,1224,482267,0.01661129568106312
2024-06-12,1222,1237,1202,1233,233844,0.007352941176470562
2024-06-13,1234,1291,1211,1230,155874,-0.0024330900243308973
2024-06-14,1240,1248,1199,1203,227035,-0.02195121951219514
2024-06-17,1203,1239,1190,1233,152170,0.02493765586034913
2024-06-18,1208,1325,1208,1295,585920,0.05028386050283862
2024-06-19,1280,1304,1252,1268,195552,-0.020849420849420874
2024-06-20,1277,1277,1238,1260,105683,-0.006309148264984188
2024-06-21,1235,1294,1235,1244,122922,-0.012698412698412653
2024-06-24,1236,1242,1200,1208,195151,-0.02893890675241162
2024-06-25,1208,1345,1203,1318,649130,0.0910596026490067
2024-06-26,1344,1344,1254,1261,192493,-0.04324734446130496
2024-06-27,1261,1298,1236,1286,128293,0.019825535289452745
2024-06-28,1273,1288,1249,1252,162610,-0.026438569206842955
2024-07-01,1288,1402,1255,1261,1012081,0.007188498402555865
2024-07-02,1247,1257,1205,1230,187145,-0.024583663758921515
2024-07-03,1230,1234,1204,1212,138850,-0.014634146341463428
2024-07-04,1212,1228,1200,1227,107792,0.012376237623762387
2024-07-05,1227,1228,1196,1213,236723,-0.011409942950285301
2024-07-08,1220,1318,1214,1271,466211,0.047815333882934796
2024-07-09,1272,1292,1259,1290,118831,0.014948859166010964
2024-07-10,1290,1355,1275,1312,533917,0.01705426356589146
2024-07-11,1336,1343,1203,1271,348791,-0.03125
2024-07-12,1271,1294,1250,1263,110287,-0.006294256490952055
2024-07-15,1290,1306,1265,1284,148288,0.016627078384798155
2024-07-16,1296,1307,1255,1255,182716,-0.02258566978193144
2024-07-17,1271,1290,1255,1265,95157,0.007968127490039834
2024-07-18,1265,1304,1232,1304,165185,0.030830039525691744
2024-07-19,1305,1310,1284,1294,107381,-0.0076687116564416735
2024-07-22,1294,1303,1261,1271,144627,-0.01777434312210202
2024-07-23,1278,1312,1266,1266,154763,-0.003933910306844979
2024-07-24,1288,1290,1257,1260,105823,-0.004739336492891044
2024-07-25,1232,1270,1232,1260,73202,0.0
2024-07-26,1263,1271,1232,1248,89261,-0.00952380952380949
2024-07-29,1248,1260,1240,1240,96083,-0.0064102564102563875
2024-07-30,1240,1270,1228,1270,129503,0.024193548387096753
2024-07-31,1270,1429,1242,1300,3628845,0.023622047244094446
2024-08-01,1288,1339,1288,1332,230848,0.024615384615384706
2024-08-02,1319,1319,1234,1235,414314,-0.07282282282282282
2024-08-05,1210,1235,1045,1057,777901,-0.1441295546558704
2024-08-06,1057,1160,1057,1119,244987,0.05865657521286671
2024-08-07,1125,1170,1110,1129,186941,0.008936550491510209
2024-08-08,1137,1145,1090,1131,94386,0.001771479185119551
2024-08-09,1136,1172,1130,1138,93807,0.006189213085764811
2024-08-12,1139,1164,1139,1154,53326,0.014059753954305698
2024-08-13,1154,1155,1116,1123,98549,-0.026863084922010394
2024-08-14,1128,1159,1114,1139,101795,0.014247551202137165
2024-08-16,1140,1164,1100,1110,324700,-0.025460930640913038
2024-08-19,1100,1120,1077,1086,178494,-0.021621621621621623
2024-08-20,1086,1114,1080,1092,64160,0.005524861878453136
2024-08-21,1092,1101,1077,1090,68719,-0.001831501831501825
2024-08-22,1080,1095,1071,1071,60156,-0.017431192660550487
2024-08-23,1071,1079,1050,1060,158216,-0.010270774976657293
2024-08-26,1049,1060,1017,1017,256486,-0.0405660377358491
2024-08-27,1017,1050,1017,1048,66444,0.03048180924287114
2024-08-28,1048,1060,1000,1055,93749,0.006679389312977069
2024-08-29,1055,1055,1013,1051,147062,-0.0037914691943128354
2024-08-30,1066,1250,1023,1137,2651123,0.08182683158896298
2024-09-02,1150,1150,1109,1126,183000,-0.009674582233949014
2024-09-03,1120,1180,1119,1140,292028,0.01243339253996445
2024-09-04,1081,1128,1081,1093,150056,-0.041228070175438614
2024-09-05,1094,1128,1081,1090,96169,-0.0027447392497712553
2024-09-06,1115,1115,1061,1087,122731,-0.0027522935779816793
2024-09-09,1035,1120,1033,1120,87917,0.030358785648574083
2024-09-10,1213,1214,1108,1121,168338,0.0008928571428572507
2024-09-11,1120,1150,1120,1123,92239,0.001784121320249854
2024-09-12,1123,1152,1118,1151,58601,0.024933214603739984
2024-09-13,1180,1237,1151,1200,324688,0.04257167680278018
2024-09-19,1197,1216,1165,1165,204791,-0.029166666666666674
2024-09-20,1197,1197,1166,1170,32655,0.0042918454935623185
2024-09-23,1172,1223,1170,1216,233744,0.0393162393162394
2024-09-24,1240,1296,1220,1286,508687,0.05756578947368429
2024-09-25,1275,1299,1268,1281,212765,-0.0038880248833592645
2024-09-26,1271,1295,1270,1278,80326,-0.0023419203747072626
2024-09-27,1278,1316,1272,1311,250995,0.025821596244131495
2024-09-30,1311,1340,1280,1280,266385,-0.023646071700991644
2024-10-02,1300,1300,1250,1263,152175,-0.013281250000000022
2024-10-04,1266,1282,1231,1231,247538,-0.025336500395882866
2024-10-07,1253,1253,1227,1231,208700,0.0
2024-10-08,1234,1279,1234,1275,289114,0.035743298131600376
2024-10-10,1269,1288,1221,1264,360575,-0.008627450980392193
2024-10-11,1264,1276,1253,1267,127815,0.002373417721518889
2024-10-14,1280,1280,1251,1277,217859,0.007892659826361559
2024-10-15,1286,1286,1271,1274,244379,-0.002349256068911565
2024-10-16,1261,1289,1259,1259,212504,-0.011773940345368938
2024-10-17,1273,1273,1198,1241,345766,-0.01429706115965057
2024-10-18,1230,1230,1196,1210,112804,-0.02497985495568089
2024-10-21,1200,1203,1184,1190,74843,-0.016528925619834656
2024-10-22,1186,1190,1151,1162,63786,-0.02352941176470591
2024-10-23,1159,1176,1150,1156,27816,-0.005163511187607606
2024-10-24,1150,1161,1132,1161,38445,0.004325259515570945
2024-10-25,1160,1160,1106,1145,96717,-0.013781223083548677
2024-10-28,1134,1213,1134,1210,185654,0.05676855895196509
2024-10-29,1248,1248,1199,1225,216192,0.012396694214876103
2024-10-30,1238,1238,1212,1217,182478,-0.0065306122448979265
2024-10-31,1217,1231,1206,1206,155768,-0.009038619556285932
2024-11-01,1227,1227,1193,1200,188698,-0.00497512437810943
2024-11-04,1201,1217,1155,1179,50410,-0.01749999999999996
2024-11-05,1179,1203,1168,1179,25300,0.0
2024-11-06,1197,1210,1178,1195,179545,0.013570822731127974
2024-11-07,1198,1219,1186,1218,135929,0.019246861924686165
2024-11-08,1218,1239,1206,1221,148327,0.0024630541871921707
2024-11-11,1230,1300,1205,1281,409362,0.0491400491400491
2024-11-12,1268,1300,1251,1260,363042,-0.016393442622950838
2024-11-13,1260,1279,1220,1220,266015,-0.031746031746031744
2024-11-14,1215,1235,1150,1198,193791,-0.0180327868852459
2024-11-15,1160,1198,1139,1185,131551,-0.01085141903171949
2024-11-18,1185,1220,1172,1172,83427,-0.010970464135021119
2024-11-19,1172,1172,1138,1162,147037,-0.008532423208191142
2024-11-20,1175,1175,1129,1137,81521,-0.02151462994836484
2024-11-21,1137,1137,1091,1091,120162,-0.04045734388742306
2024-11-22,1089,1108,1080,1100,86079,0.008249312557286892
2024-11-25,1118,1120,1095,1097,58831,-0.0027272727272726893
2024-11-26,1085,1130,1073,1081,56436,-0.01458523245214216
2024-11-27,1081,1099,1074,1081,60485,0.0
2024-11-28,1116,1116,1075,1076,60396,-0.0046253469010175685
2024-11-29,1070,1097,1055,1070,48495,-0.005576208178438624
2024-12-02,1070,1089,1035,1060,994902,-0.009345794392523366
2024-12-03,1060,1082,1043,1070,48680,0.009433962264151052
2024-12-04,1001,1070,1001,1060,52397,-0.009345794392523366
2024-12-05,1050,1060,1030,1030,28184,-0.028301886792452824
2024-12-06,1030,1036,995,1020,101886,-0.009708737864077666
2024-12-09,1001,1020,980,985,69248,-0.03431372549019607
2024-12-10,966,1057,966,1008,33037,0.023350253807106647
2024-12-11,1020,1057,1002,1022,63619,0.01388888888888884
2024-12-12,1011,1030,1011,1028,17251,0.005870841487279899
2024-12-13,1028,1039,1020,1028,33441,0.0
2024-12-16,1032,1057,1032,1048,42225,0.01945525291828787
2024-12-17,1048,1048,1034,1040,40152,-0.007633587786259555
2024-12-18,1030,1056,1004,1021,53657,-0.018269230769230815
2024-12-19,1021,1021,1001,1002,50993,-0.0186092066601371
2024-12-20,1002,1012,990,1007,41270,0.004990019960079861
2024-12-23,1007,1007,987,999,22833,-0.00794438927507446
2024-12-24,1009,1013,990,1000,20973,0.0010010010010010895
2024-12-26,991,1046,991,994,60254,-0.006000000000000005
2024-12-27,993,1006,987,990,34525,-0.004024144869215318
2024-12-30,987,1039,980,994,28128,0.004040404040404066
2025-01-02,994,999,970,983,46204,-0.01106639839034207
2025-01-03,985,997,975,985,47755,0.0020345879959309254
2025-01-06,993,1025,983,995,96394,0.010152284263959421
2025-01-07,995,1002,988,989,68641,-0.0060301507537688925
2025-01-08,989,993,979,984,48211,-0.005055611729019249
2025-01-09,974,984,968,978,54589,-0.0060975609756097615
2025-01-10,978,1002,972,987,39438,0.009202453987730008
2025-01-13,987,1000,976,976,17983,-0.011144883485309065
2025-01-14,975,976,960,967,40800,-0.009221311475409832
2025-01-15,970,973,950,958,37236,-0.009307135470527417
2025-01-16,958,967,951,953,29518,-0.005219206680584509
2025-01-17,958,958,923,933,409843,-0.02098635886673661
2025-01-20,961,1170,961,1020,11584776,0.09324758842443726
2025-01-21,1006,1040,984,1003,586286,-0.01666666666666672
2025-01-22,1003,1011,982,991,233465,-0.011964107676969093
2025-01-23,975,987,962,963,157762,-0.028254288597376442
2025-01-24,954,978,953,975,113363,0.012461059190031154
2025-01-31,975,982,947,956,109500,-0.019487179487179485
2025-02-03,956,956,920,930,119393,-0.027196652719665315
2025-02-04,921,949,921,949,29953,0.02043010752688179
2025-02-05,950,1034,937,998,434729,0.05163329820864071
2025-02-06,996,998,975,984,58784,-0.014028056112224463
2025-02-07,985,999,961,979,88333,-0.005081300813008172
2025-02-10,956,983,942,981,84807,0.0020429009193054792
2025-02-11,983,985,952,952,64178,-0.02956167176350666
2025-02-12,950,978,930,940,48089,-0.012605042016806678
2025-02-13,945,945,930,940,50999,0.0
2025-02-14,949,1123,935,962,2156594,0.023404255319148914
2025-02-17,967,970,945,970,103960,0.008316008316008316
2025-02-18,962,983,955,972,102222,0.0020618556701030855
2025-02-19,964,995,961,965,164619,-0.007201646090534974
2025-02-20,970,990,957,990,157458,0.02590673575129543
2025-02-21,982,997,971,990,173030,0.0
2025-02-24,981,992,967,988,55426,-0.002020202020202033
2025-02-25,988,988,972,980,63237,-0.0080971659919028
2025-02-26,980,985,967,970,109833,-0.010204081632653073
2025-02-27,975,985,973,979,29916,0.009278350515463885
2025-02-28,971,979,954,954,74560,-0.025536261491317713
2025-03-04,959,969,947,951,30431,-0.0031446540880503138
2025-03-05,950,960,939,949,54617,-0.002103049421661396
2025-03-06,950,959,946,947,67857,-0.0021074815595363283
2025-03-07,945,951,940,944,42719,-0.0031678986272439813
2025-03-10,949,949,929,935,61683,-0.009533898305084776
2025-03-11,935,935,910,919,84703,-0.01711229946524062
2025-03-12,920,923,902,916,103909,-0.0032644178454842576
2025-03-13,917,936,911,931,83015,0.01637554585152845
2025-03-14,937,954,930,942,48786,0.011815252416756072
2025-03-17,947,952,936,940,28713,-0.002123142250530785
2025-03-18,915,948,915,945,20730,0.005319148936170137
2025-03-19,945,949,925,935,41547,-0.010582010582010581
2025-03-20,935,935,922,932,21566,-0.0032085561497325887
2025-03-21,921,933,918,924,29957,-0.008583690987124415
2025-03-24,929,947,920,942,28105,0.01948051948051943
2025-03-25,942,947,921,926,36252,-0.01698513800424628
2025-03-26,926,931,923,926,21964,0.0
2025-03-27,926,929,916,918,43409,-0.008639308855291628
2025-03-28,918,920,905,908,74428,-0.01089324618736387
2025-03-31,908,908,889,897,82307,-0.01211453744493396
2025-04-01,899,923,896,918,64238,0.02341137123745818
2025-04-02,918,918,906,909,14070,-0.009803921568627416
2025-04-03,909,943,902,912,45885,0.0033003300330032292
2025-04-04,913,920,900,907,55639,-0.005482456140350922
2025-04-07,900,930,880,891,132330,-0.01764057331863289
2025-04-08,892,925,884,902,30510,0.012345679012345734
2025-04-09,906,906,877,877,92359,-0.027716186252771613
2025-04-10,896,920,891,913,65159,0.04104903078677302
2025-04-11,912,916,905,912,16438,-0.0010952902519167917
2025-04-14,912,922,905,910,109252,-0.002192982456140302
2025-04-15,913,928,911,920,125862,0.01098901098901095
2025-04-16,925,929,910,922,58538,0.0021739130434783593
2025-04-17,925,934,919,934,44300,0.013015184381778733
2025-04-18,934,952,928,949,98655,0.016059957173447437
2025-04-21,939,958,939,957,56959,0.008429926238145313
2025-04-22,947,963,941,959,129514,0.002089864158829613
2025-04-23,960,989,957,980,212074,0.021897810218978186
2025-04-24,989,1006,980,1001,269503,0.021428571428571352
2025-04-25,1010,1020,997,1004,142484,0.0029970029970030065
2025-04-28,1010,1014,968,990,143945,-0.013944223107569709
2025-04-29,990,1006,975,997,73472,0.007070707070707005
