Date,Open,High,Low,Close,Volume,Change
2022-01-03,1505,1520,1495,1520,271484,0.009966777408637828
2022-01-04,1510,1540,1510,1525,251875,0.00328947368421062
2022-01-05,1515,1535,1500,1515,414231,-0.006557377049180357
2022-01-06,1500,1685,1490,1640,4149977,0.08250825082508251
2022-01-07,1640,1675,1595,1645,1280996,0.0030487804878047697
2022-01-10,1635,1670,1615,1665,612875,0.012158054711246091
2022-01-11,1650,1665,1595,1605,515936,-0.036036036036036
2022-01-12,1605,1635,1575,1625,512524,0.012461059190031154
2022-01-13,1610,1625,1590,1610,265321,-0.009230769230769265
2022-01-14,1620,1620,1560,1560,397355,-0.03105590062111796
2022-01-17,1570,1570,1505,1515,482318,-0.028846153846153855
2022-01-18,1540,1540,1445,1475,479192,-0.02640264026402639
2022-01-19,1445,1485,1435,1460,377251,-0.01016949152542368
2022-01-20,1460,1490,1455,1490,201420,0.020547945205479534
2022-01-21,1470,1500,1460,1475,257103,-0.010067114093959773
2022-01-24,1490,1490,1430,1455,443494,-0.013559322033898313
2022-01-25,1465,1465,1370,1380,636989,-0.05154639175257736
2022-01-26,1410,1500,1370,1375,748917,-0.0036231884057971175
2022-01-27,1390,1420,1310,1320,470348,-0.040000000000000036
2022-01-28,1365,1425,1340,1400,393456,0.06060606060606055
2022-02-03,1410,1495,1410,1470,335306,0.050000000000000044
2022-02-04,1435,1535,1435,1510,436805,0.027210884353741527
2022-02-07,1535,1535,1470,1485,343475,-0.01655629139072845
2022-02-08,1470,1500,1440,1455,313760,-0.02020202020202022
2022-02-09,1460,1480,1450,1460,98110,0.0034364261168384758
2022-02-10,1475,1480,1430,1445,168181,-0.010273972602739767
2022-02-11,1430,1440,1380,1395,417771,-0.03460207612456745
2022-02-14,1375,1380,1335,1340,248669,-0.03942652329749108
2022-02-15,1335,1355,1320,1340,160433,0.0
2022-02-16,1355,1395,1355,1385,164461,0.033582089552238736
2022-02-17,1395,1415,1360,1380,290561,-0.0036101083032491488
2022-02-18,1380,1400,1340,1390,118235,0.007246376811594235
2022-02-21,1390,1390,1350,1390,121644,0.0
2022-02-22,1380,1380,1330,1335,282921,-0.03956834532374098
2022-02-23,1335,1355,1330,1340,94696,0.0037453183520599342
2022-02-24,1340,1340,1265,1265,439135,-0.05597014925373134
2022-02-25,1310,1345,1290,1320,232420,0.04347826086956519
2022-02-28,1320,1355,1315,1325,97368,0.0037878787878788955
2022-03-02,1325,1350,1325,1340,83646,0.01132075471698113
2022-03-03,1350,1360,1340,1355,131990,0.011194029850746245
2022-03-04,1355,1355,1330,1355,117952,0.0
2022-03-07,1355,1355,1300,1325,142723,-0.022140221402214055
2022-03-08,1320,1330,1280,1300,169743,-0.018867924528301883
2022-03-10,1350,1350,1300,1315,149132,0.011538461538461497
2022-03-11,1320,1335,1305,1335,127387,0.015209125475285079
2022-03-14,1330,1335,1300,1315,143417,-0.014981273408239737
2022-03-15,1315,1315,1265,1300,263639,-0.011406844106463865
2022-03-16,1310,1345,1300,1340,239229,0.03076923076923066
2022-03-17,1345,1365,1340,1360,207518,0.014925373134328401
2022-03-18,1370,1380,1345,1375,293808,0.011029411764705843
2022-03-21,1380,1390,1355,1355,337506,-0.014545454545454528
2022-03-22,1385,1415,1330,1365,832021,0.007380073800737907
2022-03-23,1365,1375,1325,1330,498324,-0.02564102564102566
2022-03-24,1325,1340,1305,1320,294810,-0.007518796992481258
2022-03-25,1325,1365,1320,1355,444041,0.026515151515151603
2022-03-28,1345,1370,1325,1360,208368,0.0036900369003689537
2022-03-29,1360,1415,1350,1390,764810,0.022058823529411686
2022-03-30,1395,1400,1360,1365,270421,-0.017985611510791366
2022-03-31,1370,1390,1350,1370,259464,0.00366300366300365
2022-04-01,1380,1420,1345,1395,1139542,0.018248175182481674
2022-04-04,1410,1430,1370,1380,624469,-0.010752688172043001
2022-04-05,1390,1395,1365,1390,360397,0.007246376811594235
2022-04-06,1375,1385,1350,1370,386290,-0.014388489208633115
2022-04-07,1360,1360,1325,1330,373384,-0.029197080291970767
2022-04-08,1335,1350,1310,1335,293322,0.003759398496240518
2022-04-11,1330,1335,1310,1320,232839,-0.011235955056179803
2022-04-12,1310,1320,1280,1300,378302,-0.015151515151515138
2022-04-13,1300,1315,1290,1300,239158,0.0
2022-04-14,1305,1335,1300,1325,235237,0.019230769230769162
2022-04-15,1305,1310,1290,1300,240717,-0.018867924528301883
2022-04-18,1315,1340,1300,1315,236001,0.011538461538461497
2022-04-19,1340,1340,1300,1315,241601,0.0
2022-04-20,1335,1335,1290,1320,282728,0.0038022813688212143
2022-04-21,1320,1330,1300,1300,181391,-0.015151515151515138
2022-04-22,1300,1325,1285,1320,257616,0.01538461538461533
2022-04-25,1305,1305,1270,1270,290152,-0.037878787878787845
2022-04-26,1275,1350,1270,1320,531117,0.03937007874015741
2022-04-27,1295,1315,1275,1295,283897,-0.018939393939393923
2022-04-28,1300,1300,1260,1280,371520,-0.01158301158301156
2022-04-29,1285,1295,1245,1265,503844,-0.01171875
2022-05-02,1245,1295,1245,1265,265849,0.0
2022-05-03,1275,1285,1240,1245,367361,-0.015810276679841917
2022-05-04,1245,1255,1200,1205,590909,-0.032128514056224855
2022-05-06,1205,1210,1160,1210,427614,0.004149377593360981
2022-05-09,1210,1230,1165,1175,329881,-0.02892561983471076
2022-05-10,1150,1155,1110,1150,289715,-0.021276595744680882
2022-05-11,1140,1165,1135,1145,178937,-0.004347826086956497
2022-05-12,1130,1140,1065,1070,405695,-0.06550218340611358
2022-05-13,1070,1110,1070,1095,215091,0.02336448598130847
2022-05-16,1100,1170,1100,1125,388071,0.027397260273972712
2022-05-17,1130,1135,1095,1130,234666,0.004444444444444473
2022-05-18,1125,1145,1115,1125,119738,-0.004424778761061954
2022-05-19,1075,1115,1070,1100,556584,-0.022222222222222254
2022-05-20,1100,1120,1095,1110,211147,0.009090909090909038
2022-05-23,1110,1155,1100,1155,269224,0.04054054054054057
2022-05-24,1145,1150,1115,1135,175061,-0.017316017316017285
2022-05-25,1130,1145,1110,1135,178206,0.0
2022-05-26,1135,1160,1125,1145,233892,0.008810572687224738
2022-05-27,1145,1175,1145,1155,197160,0.008733624454148492
2022-05-30,1170,1190,1155,1165,249613,0.008658008658008587
2022-05-31,1170,1190,1155,1180,360509,0.012875536480686733
2022-06-02,1170,1210,1170,1210,241989,0.025423728813559254
2022-06-03,1210,1225,1200,1220,270061,0.008264462809917328
2022-06-07,1215,1220,1180,1210,139377,-0.008196721311475419
2022-06-08,1200,1220,1200,1215,104560,0.004132231404958775
2022-06-09,1215,1215,1175,1185,157604,-0.024691358024691357
2022-06-10,1185,1185,1145,1150,132394,-0.029535864978902926
2022-06-13,1145,1145,1045,1055,544534,-0.08260869565217388
2022-06-14,1045,1060,1005,1045,304294,-0.009478672985781977
2022-06-15,1040,1070,979,991,477315,-0.05167464114832532
2022-06-16,1005,1030,983,986,245415,-0.005045408678102881
2022-06-17,951,998,950,984,257172,-0.0020283975659228792
2022-06-20,984,993,915,939,373461,-0.04573170731707321
2022-06-21,931,959,925,951,132461,0.012779552715654896
2022-06-22,948,963,900,904,257208,-0.04942166140904314
2022-06-23,905,919,860,868,530888,-0.03982300884955747
2022-06-24,862,913,862,910,291460,0.048387096774193505
2022-06-27,914,971,914,963,360707,0.05824175824175826
2022-06-28,968,974,944,951,149825,-0.012461059190031154
2022-06-29,925,948,925,945,72922,-0.006309148264984188
2022-06-30,945,984,939,941,255232,-0.004232804232804255
2022-07-01,926,956,925,942,189982,0.0010626992561104665
2022-07-04,936,955,916,933,183721,-0.009554140127388533
2022-07-05,946,955,933,948,128180,0.016077170418006492
2022-07-06,950,990,947,968,229811,0.021097046413502074
2022-07-07,971,986,969,978,154983,0.010330578512396604
2022-07-08,988,988,966,974,129625,-0.004089979550102263
2022-07-11,967,999,967,983,109350,0.00924024640657084
2022-07-12,1000,1000,972,976,61331,-0.007121057985757906
2022-07-13,970,985,965,973,127190,-0.0030737704918032405
2022-07-14,958,978,957,972,62745,-0.0010277492291880241
2022-07-15,975,979,947,973,78005,0.0010288065843622185
2022-07-18,973,980,961,973,87362,0.0
2022-07-19,972,982,970,974,35311,0.0010277492291881352
2022-07-20,981,992,976,977,82784,0.0030800821355236874
2022-07-21,977,986,970,976,75818,-0.0010235414534288667
2022-07-22,980,980,960,966,123383,-0.010245901639344246
2022-07-25,956,1185,956,964,8231183,-0.0020703933747412417
2022-07-26,967,972,930,931,1864553,-0.034232365145228205
2022-07-27,932,942,921,927,346728,-0.004296455424274925
2022-07-28,931,935,911,914,491173,-0.014023732470334394
2022-07-29,917,927,911,914,232051,0.0
2022-08-01,922,933,910,916,208906,0.002188183807439792
2022-08-02,919,922,907,911,238240,-0.00545851528384278
2022-08-03,911,932,910,923,179115,0.01317233809001106
2022-08-04,927,938,924,929,141404,0.00650054171180936
2022-08-05,925,937,925,936,136635,0.00753498385360607
2022-08-08,936,938,924,935,246614,-0.0010683760683760646
2022-08-09,936,938,928,935,132850,0.0
2022-08-10,927,936,921,929,227043,-0.0064171122994652885
2022-08-11,936,946,935,941,232724,0.012917115177610405
2022-08-12,941,946,931,933,175993,-0.008501594048884176
2022-08-16,934,940,920,931,210076,-0.002143622722400873
2022-08-17,931,935,884,899,655940,-0.034371643394199736
2022-08-18,895,899,881,892,240510,-0.007786429365962189
2022-08-19,892,920,886,901,147840,0.010089686098654793
2022-08-22,893,900,873,878,179805,-0.025527192008878985
2022-08-23,872,879,860,862,280811,-0.018223234624145768
2022-08-24,862,873,840,851,389815,-0.012761020881670526
2022-08-25,854,863,837,840,325972,-0.01292596944770863
2022-08-26,843,854,836,847,147230,0.008333333333333304
2022-08-29,842,843,823,825,227470,-0.025974025974025983
2022-08-30,820,838,820,838,79573,0.01575757575757586
2022-08-31,840,843,827,836,98794,-0.0023866348448687846
2022-09-01,832,836,815,815,270672,-0.02511961722488043
2022-09-02,816,821,805,814,141030,-0.0012269938650306678
2022-09-05,797,804,779,794,345182,-0.02457002457002455
2022-09-06,791,798,776,780,340656,-0.017632241813602012
2022-09-07,771,784,713,722,749904,-0.07435897435897432
2022-09-08,725,732,711,713,446428,-0.012465373961218829
2022-09-13,715,738,715,733,265273,0.028050490883590573
2022-09-14,713,723,709,722,172868,-0.01500682128240105
2022-09-15,722,737,715,730,144869,0.011080332409972193
2022-09-16,723,724,702,712,218003,-0.024657534246575352
2022-09-19,711,712,660,660,311929,-0.0730337078651685
2022-09-20,662,691,660,660,193668,0.0
2022-09-21,674,674,650,662,186221,0.003030303030302939
2022-09-22,662,663,640,651,298330,-0.0166163141993958
2022-09-23,641,650,622,633,349809,-0.027649769585253448
2022-09-26,617,619,580,585,442103,-0.07582938388625593
2022-09-27,562,595,557,587,157534,0.0034188034188034067
2022-09-28,576,621,576,590,417026,0.005110732538330387
2022-09-29,612,672,601,605,1131026,0.025423728813559254
2022-09-30,593,615,586,604,216716,-0.0016528925619834212
2022-10-04,610,623,602,616,260967,0.019867549668874274
2022-10-05,621,629,589,599,234953,-0.02759740259740262
2022-10-06,601,611,594,611,131569,0.02003338898163598
2022-10-07,605,614,600,604,115885,-0.011456628477905073
2022-10-11,595,596,546,551,528515,-0.08774834437086088
2022-10-12,550,555,518,538,418317,-0.023593466424682408
2022-10-13,537,548,507,515,393808,-0.04275092936802971
2022-10-14,520,565,520,560,417405,0.08737864077669899
2022-10-17,556,567,542,558,138939,-0.0035714285714285587
2022-10-18,562,575,560,573,173462,0.026881720430107503
2022-10-19,575,584,559,561,213021,-0.020942408376963373
2022-10-20,561,565,553,565,145730,0.007130124777183555
2022-10-21,559,559,539,545,181861,-0.03539823008849563
2022-10-24,547,563,545,548,126084,0.005504587155963359
2022-10-25,550,563,543,544,96515,-0.007299270072992692
2022-10-26,542,558,541,551,60611,0.012867647058823595
2022-10-27,551,575,551,560,245107,0.016333938294010864
2022-10-28,562,572,553,554,95390,-0.010714285714285676
2022-10-31,554,564,551,553,82656,-0.0018050541516245744
2022-11-01,553,561,551,558,62926,0.009041591320072317
2022-11-02,560,568,553,562,164123,0.007168458781362075
2022-11-03,556,557,550,553,81561,-0.016014234875444844
2022-11-04,553,562,541,550,140761,-0.005424954792043413
2022-11-07,550,560,545,555,73885,0.009090909090909038
2022-11-08,555,573,555,565,153738,0.018018018018018056
2022-11-09,565,569,557,565,151670,0.0
2022-11-10,561,569,556,567,110647,0.003539823008849474
2022-11-11,584,584,574,579,148520,0.021164021164021163
2022-11-14,579,585,576,582,84232,0.005181347150259086
2022-11-15,580,604,580,600,224571,0.030927835051546282
2022-11-16,600,632,600,630,327872,0.050000000000000044
2022-11-17,629,629,609,615,151016,-0.023809523809523836
2022-11-18,615,663,615,632,842540,0.027642276422764178
2022-11-21,637,638,610,610,276849,-0.034810126582278444
2022-11-22,610,610,591,599,162631,-0.0180327868852459
2022-11-23,600,624,600,611,227334,0.02003338898163598
2022-11-24,612,629,612,629,125533,0.029459901800327426
2022-11-25,635,645,621,636,184028,0.0111287758346581
2022-11-28,636,641,602,607,175466,-0.045597484276729605
2022-11-29,607,616,600,600,58763,-0.011532125205930832
2022-11-30,601,608,581,592,204896,-0.013333333333333308
2022-12-01,599,607,591,598,274117,0.010135135135135087
2022-12-02,598,614,594,606,75770,0.013377926421404673
2022-12-05,606,615,603,613,130901,0.011551155115511635
2022-12-06,612,615,592,592,117313,-0.034257748776509
2022-12-07,588,646,576,616,647214,0.04054054054054057
2022-12-08,619,619,595,599,176277,-0.02759740259740262
2022-12-09,600,605,591,598,86859,-0.0016694490818029983
2022-12-12,601,622,598,606,178709,0.013377926421404673
2022-12-13,606,618,598,615,103634,0.014851485148514865
2022-12-14,612,620,608,618,69584,0.004878048780487809
2022-12-15,618,621,611,611,73416,-0.01132686084142398
2022-12-16,617,637,598,627,328219,0.026186579378068675
2022-12-19,623,632,615,623,110217,-0.006379585326953707
2022-12-20,615,616,594,601,230298,-0.035313001605136396
2022-12-21,601,620,595,596,125049,-0.008319467554076532
2022-12-22,582,774,582,690,27732845,0.15771812080536907
2022-12-23,670,670,598,608,6070206,-0.11884057971014494
2022-12-26,613,616,567,570,1390023,-0.0625
2022-12-27,553,577,552,556,808508,-0.024561403508771895
2022-12-28,560,560,538,541,595870,-0.026978417266187105
2022-12-29,539,540,519,520,544877,-0.038817005545286554
2023-01-02,525,538,511,514,394790,-0.011538461538461497
2023-01-03,520,524,499,523,577488,0.017509727626459082
2023-01-04,518,540,511,531,446241,0.015296367112810794
2023-01-05,537,549,530,535,305142,0.007532956685499137
2023-01-06,531,546,530,544,142409,0.016822429906542036
2023-01-09,547,558,544,549,156624,0.009191176470588314
2023-01-10,546,555,542,550,178812,0.0018214936247722413
2023-01-11,556,560,550,560,193264,0.018181818181818077
2023-01-12,565,565,555,564,89830,0.0071428571428571175
2023-01-13,562,568,561,566,199340,0.0035460992907800915
2023-01-16,560,569,560,564,106733,-0.0035335689045936647
2023-01-17,565,573,536,541,410363,-0.04078014184397161
2023-01-18,542,555,536,545,245258,0.007393715341959428
2023-01-19,548,548,533,536,176209,-0.016513761467889854
2023-01-20,533,542,531,535,184530,-0.001865671641791078
2023-01-25,535,540,534,539,174348,0.007476635514018781
2023-01-26,540,542,533,535,169672,-0.007421150278293154
2023-01-27,540,549,534,549,203874,0.026168224299065512
2023-01-30,550,566,546,558,271767,0.016393442622950838
2023-01-31,560,560,550,557,125292,-0.0017921146953404632
2023-02-01,553,575,553,573,409768,0.02872531418312385
2023-02-02,573,591,570,588,374217,0.02617801047120416
2023-02-03,588,591,578,583,202638,-0.008503401360544172
2023-02-06,577,579,568,570,187757,-0.022298456260720356
2023-02-07,570,589,570,585,203386,0.026315789473684292
2023-02-08,585,593,576,588,212220,0.00512820512820511
2023-02-09,585,585,576,578,142626,-0.017006802721088454
2023-02-10,578,579,560,575,132531,-0.00519031141868509
2023-02-13,560,570,560,570,126234,-0.008695652173912993
2023-02-14,567,575,561,571,69169,0.0017543859649122862
2023-02-15,578,581,547,562,181071,-0.015761821366024553
2023-02-16,555,575,555,567,107954,0.008896797153024938
2023-02-17,561,569,559,566,84430,-0.0017636684303351524
2023-02-20,561,581,555,578,202432,0.021201413427561766
2023-02-21,585,585,569,576,133607,-0.0034602076124568004
2023-02-22,575,575,554,565,165118,-0.01909722222222221
2023-02-23,560,566,551,555,179134,-0.017699115044247815
2023-02-24,559,561,536,550,182813,-0.009009009009009028
2023-02-27,541,550,531,550,147745,0.0
2023-02-28,536,559,536,545,223690,-0.009090909090909038
2023-03-02,555,555,536,540,143886,-0.00917431192660545
2023-03-03,541,548,516,538,130736,-0.0037037037037036535
2023-03-06,534,541,523,532,315378,-0.01115241635687736
2023-03-07,535,537,519,531,243412,-0.001879699248120259
2023-03-08,525,531,520,520,205453,-0.020715630885122405
2023-03-09,520,526,512,523,163067,0.005769230769230749
2023-03-10,519,527,514,520,90024,-0.005736137667303964
2023-03-13,517,518,505,516,175857,-0.007692307692307665
2023-03-14,510,512,490,505,360923,-0.02131782945736438
2023-03-15,503,514,501,508,103740,0.005940594059405946
2023-03-16,528,528,494,498,159871,-0.019685039370078705
2023-03-17,500,509,490,501,151542,0.006024096385542244
2023-03-20,500,510,495,502,148412,0.001996007984031989
2023-03-21,508,508,498,503,64712,0.0019920318725099584
2023-03-22,501,505,496,501,158289,-0.003976143141153132
2023-03-23,501,501,493,495,133451,-0.0119760479041916
2023-03-24,495,505,493,495,78096,0.0
2023-03-27,493,499,486,496,157626,0.002020202020202033
2023-03-28,491,505,491,502,165121,0.012096774193548487
2023-03-29,504,508,496,500,153886,-0.003984063745019917
2023-03-30,500,516,499,514,295918,0.028000000000000025
2023-03-31,514,517,501,512,179749,-0.0038910505836575737
2023-04-03,514,514,500,500,146778,-0.0234375
2023-04-04,510,515,500,508,284898,0.016000000000000014
2023-04-05,509,537,505,520,613839,0.023622047244094446
2023-04-06,520,542,520,535,466879,0.028846153846153744
2023-04-07,555,555,515,525,494546,-0.01869158878504673
2023-04-10,523,523,496,513,614154,-0.02285714285714291
2023-04-11,505,510,496,507,260662,-0.011695906432748537
2023-04-12,502,530,502,520,191638,0.02564102564102555
2023-04-13,522,532,512,527,285919,0.013461538461538414
2023-04-14,527,547,523,540,433262,0.024667931688804545
2023-04-17,555,590,543,567,1336316,0.050000000000000044
2023-04-18,561,737,557,737,18793673,0.2998236331569666
2023-04-19,801,891,710,710,25710771,-0.03663500678426057
2023-04-20,696,728,664,669,2954766,-0.05774647887323947
2023-04-21,677,699,632,636,1523729,-0.04932735426008972
2023-04-24,636,653,612,630,727721,-0.009433962264150941
2023-04-25,630,630,587,599,833692,-0.049206349206349254
2023-04-26,583,611,576,599,488970,0.0
2023-04-27,591,599,564,584,670419,-0.025041736227045086
2023-04-28,584,590,550,570,642290,-0.023972602739726012
2023-05-02,570,590,556,589,371640,0.03333333333333344
2023-05-03,584,595,567,572,336204,-0.028862478777589184
2023-05-04,567,730,567,630,13993422,0.10139860139860146
2023-05-08,654,660,605,616,1275702,-0.022222222222222254
2023-05-09,621,642,606,616,799663,0.0
2023-05-10,615,616,525,550,4001377,-0.1071428571428571
2023-05-11,547,572,547,557,765926,0.012727272727272698
2023-05-12,559,579,548,563,268234,0.010771992818671361
2023-05-15,563,564,525,530,766027,-0.05861456483126115
2023-05-16,528,551,528,544,214076,0.026415094339622636
2023-05-17,544,557,539,554,152995,0.018382352941176405
2023-05-18,554,558,545,554,172785,0.0
2023-05-19,560,561,550,554,139645,0.0
2023-05-22,559,564,547,556,190304,0.0036101083032491488
2023-05-23,568,570,550,565,221117,0.01618705035971213
2023-05-24,566,575,563,571,163559,0.010619469026548645
2023-05-25,565,611,565,602,633819,0.05429071803852881
2023-05-26,617,744,562,562,17763988,-0.06644518272425248
2023-05-30,556,720,556,620,11148768,0.10320284697508897
2023-05-31,623,626,590,604,2392863,-0.02580645161290318
2023-06-01,599,599,569,576,1025775,-0.04635761589403975
2023-06-02,578,663,578,615,6608542,0.06770833333333326
2023-06-05,645,767,644,690,25964754,0.12195121951219523
2023-06-07,699,713,654,661,4053355,-0.04202898550724643
2023-06-08,655,662,637,647,1606184,-0.021180030257186067
2023-06-09,645,655,623,625,1275093,-0.03400309119010814
2023-06-12,628,644,620,628,816746,0.0047999999999999154
2023-06-13,631,633,608,610,978190,-0.0286624203821656
2023-06-14,608,668,596,649,3358765,0.06393442622950829
2023-06-15,642,646,614,617,1013393,-0.04930662557781207
2023-06-16,628,628,612,618,643881,0.0016207455429497752
2023-06-19,615,615,598,608,842813,-0.016181229773462813
2023-06-20,601,604,586,590,854338,-0.02960526315789469
2023-06-21,590,596,583,590,479836,0.0
2023-06-22,587,587,558,565,1147103,-0.0423728813559322
2023-06-23,560,579,560,560,818135,-0.008849557522123908
2023-06-26,566,568,533,549,1226003,-0.019642857142857184
2023-06-27,549,552,536,548,442819,-0.0018214936247723523
2023-06-28,549,550,528,534,800750,-0.025547445255474477
2023-06-29,527,534,488,488,2653213,-0.08614232209737827
2023-06-30,494,519,461,512,952571,0.049180327868852514
2023-07-03,514,518,501,509,371120,-0.005859375
2023-07-04,511,514,491,495,458658,-0.027504911591355596
2023-07-05,603,622,539,553,13851626,0.11717171717171726
2023-07-06,541,541,520,525,1815468,-0.05063291139240511
2023-07-07,510,522,504,514,640376,-0.020952380952380945
2023-07-10,507,519,500,515,745040,0.0019455252918287869
2023-07-11,519,533,512,526,703138,0.021359223300970953
2023-07-12,526,528,512,517,372835,-0.017110266159695797
2023-07-13,511,524,511,519,266518,0.003868471953578423
2023-07-14,512,524,509,514,316193,-0.009633911368015391
2023-07-17,518,524,505,518,389409,0.0077821011673151474
2023-07-18,524,524,502,512,375863,-0.01158301158301156
2023-07-19,507,515,501,508,282311,-0.0078125
2023-07-20,505,508,500,501,279426,-0.013779527559055094
2023-07-21,501,501,487,497,452462,-0.007984031936127733
2023-07-24,500,500,480,482,450594,-0.030181086519114664
2023-07-25,475,500,472,473,409886,-0.018672199170124526
2023-07-26,465,471,430,439,946497,-0.07188160676532773
2023-07-27,439,457,436,451,536020,0.02733485193621865
2023-07-28,455,455,437,449,723782,-0.0044345898004434225
2023-07-31,450,464,442,463,307364,0.031180400890868487
2023-08-01,463,483,463,481,304412,0.0388768898488121
2023-08-02,481,483,466,468,165178,-0.027027027027026973
2023-08-03,472,488,464,484,346548,0.03418803418803429
2023-08-04,476,483,466,483,272918,-0.0020661157024793875
2023-08-07,472,483,469,476,216162,-0.01449275362318836
2023-08-08,476,481,460,469,231766,-0.014705882352941124
2023-08-09,469,495,465,492,403159,0.049040511727078906
2023-08-10,495,512,489,510,605546,0.03658536585365857
2023-08-11,515,516,500,500,273887,-0.019607843137254943
2023-08-14,503,505,487,505,206983,0.010000000000000009
2023-08-16,499,499,487,489,322197,-0.03168316831683171
2023-08-17,484,509,479,496,267987,0.014314928425357865
2023-08-18,499,500,486,486,239271,-0.020161290322580627
2023-08-21,496,496,480,481,230068,-0.010288065843621408
2023-08-22,484,501,480,490,178208,0.018711018711018657
2023-08-23,485,500,480,490,243435,0.0
2023-08-24,485,500,485,498,157808,0.01632653061224487
2023-08-25,498,504,496,502,129754,0.008032128514056325
2023-08-28,514,514,500,500,273962,-0.003984063745019917
2023-08-29,500,508,490,491,220740,-0.018000000000000016
2023-08-30,495,505,484,497,285835,0.012219959266802416
2023-08-31,497,497,484,486,241038,-0.02213279678068414
2023-09-01,481,494,481,490,113771,0.008230452674897082
2023-09-04,490,504,484,490,127512,0.0
2023-09-05,490,499,487,492,168424,0.004081632653061273
2023-09-06,484,495,483,488,200296,-0.008130081300813052
2023-09-07,488,493,470,476,298561,-0.024590163934426257
2023-09-08,467,491,467,475,169625,-0.0021008403361344463
2023-09-11,478,488,475,480,139440,0.010526315789473717
2023-09-12,482,492,481,483,130694,0.006250000000000089
2023-09-13,479,488,475,476,159590,-0.01449275362318836
2023-09-14,476,478,465,472,221783,-0.008403361344537785
2023-09-15,477,477,467,471,147431,-0.0021186440677966045
2023-09-18,471,475,463,467,98703,-0.00849256900212314
2023-09-19,460,473,460,473,158141,0.012847965738758127
2023-09-20,475,480,466,467,69962,-0.012684989429175508
2023-09-21,460,467,451,451,245792,-0.03426124197002145
2023-09-22,452,457,440,451,119480,0.0
2023-09-25,450,455,442,450,159617,-0.0022172949002217113
2023-09-26,450,465,438,438,173757,-0.026666666666666616
2023-09-27,442,449,437,448,91133,0.022831050228310446
2023-10-04,440,447,430,433,163362,-0.033482142857142905
2023-10-05,433,460,433,436,140566,0.006928406466512715
2023-10-06,430,459,425,442,316143,0.013761467889908285
2023-10-10,460,460,436,438,186557,-0.009049773755656076
2023-10-11,435,450,435,441,99472,0.006849315068493178
2023-10-12,444,450,443,447,98162,0.013605442176870763
2023-10-13,447,449,436,440,126612,-0.015659955257270708
2023-10-16,444,444,423,426,242238,-0.03181818181818186
2023-10-17,423,439,423,430,123106,0.009389671361502261
2023-10-18,434,435,423,424,111542,-0.013953488372092981
2023-10-19,417,421,404,408,247494,-0.037735849056603765
2023-10-20,405,408,398,404,222451,-0.009803921568627416
2023-10-23,404,414,392,393,253483,-0.027227722772277252
2023-10-24,390,410,390,405,131128,0.03053435114503822
2023-10-25,408,429,404,429,209526,0.059259259259259345
2023-10-26,411,424,405,412,128060,-0.03962703962703962
2023-10-27,406,413,398,398,259110,-0.03398058252427183
2023-10-30,398,403,393,396,151053,-0.005025125628140725
2023-10-31,403,460,370,380,1304426,-0.04040404040404044
2023-11-01,376,389,376,382,159605,0.0052631578947368585
2023-11-02,383,399,383,395,138934,0.03403141361256545
2023-11-03,392,400,390,393,95684,-0.005063291139240533
2023-11-06,393,409,393,400,153061,0.01781170483460559
2023-11-07,400,410,396,400,96069,0.0
2023-11-08,400,411,400,402,110830,0.004999999999999893
2023-11-09,409,409,396,399,41295,-0.007462686567164201
2023-11-10,407,407,391,400,78213,0.0025062656641603454
2023-11-13,401,407,393,394,42277,-0.015000000000000013
2023-11-14,389,404,389,394,62897,0.0
2023-11-15,395,407,394,399,76150,0.012690355329949332
2023-11-16,403,404,397,401,92163,0.005012531328320913
2023-11-17,396,403,396,403,35044,0.004987531172069737
2023-11-20,399,410,399,404,76302,0.002481389578163684
2023-11-21,405,410,405,407,104618,0.007425742574257432
2023-11-22,407,410,405,407,70911,0.0
2023-11-23,407,410,402,405,132893,-0.004914004914004955
2023-11-24,410,411,402,403,103517,-0.004938271604938316
2023-11-27,403,412,399,401,109458,-0.00496277915632759
2023-11-28,397,406,397,405,81893,0.009975062344139696
2023-11-29,397,405,391,401,287308,-0.00987654320987652
2023-11-30,404,404,396,399,91344,-0.004987531172069848
2023-12-01,399,406,399,400,70201,0.0025062656641603454
2023-12-04,400,409,395,401,89410,0.0024999999999999467
2023-12-05,402,403,395,398,99268,-0.007481296758104716
2023-12-06,398,402,392,401,96703,0.007537688442211143
2023-12-07,400,404,389,396,192234,-0.012468827930174564
2023-12-08,395,402,390,396,107239,0.0
2023-12-11,398,500,398,457,8350632,0.15404040404040398
2023-12-12,461,491,421,431,2227712,-0.05689277899343548
2023-12-13,431,431,388,404,1079443,-0.06264501160092806
2023-12-14,406,417,381,394,766460,-0.024752475247524774
2023-12-15,391,397,382,396,183488,0.0050761421319796
2023-12-18,393,393,384,387,244165,-0.022727272727272707
2023-12-19,384,396,383,391,106853,0.010335917312661591
2023-12-20,391,400,390,390,177559,-0.002557544757033292
2023-12-21,390,394,382,386,229444,-0.01025641025641022
2023-12-22,392,394,383,388,107083,0.005181347150259086
2023-12-26,388,394,381,384,136064,-0.010309278350515427
2023-12-27,384,398,382,392,199125,0.02083333333333326
2023-12-28,400,402,394,400,127911,0.020408163265306145
2024-01-02,400,414,397,412,183396,0.030000000000000027
2024-01-03,412,413,407,413,109079,0.0024271844660195274
2024-01-04,409,414,409,409,105233,-0.009685230024213065
2024-01-05,413,413,406,412,107441,0.007334963325183352
2024-01-08,417,417,405,412,102749,0.0
2024-01-09,413,417,409,410,50542,-0.004854368932038833
2024-01-10,411,415,406,409,89856,-0.0024390243902439046
2024-01-11,415,416,408,416,128928,0.017114914425427896
2024-01-12,416,416,405,412,118229,-0.009615384615384581
2024-01-15,412,415,405,405,109316,-0.016990291262135915
2024-01-16,408,411,403,407,59704,0.004938271604938205
2024-01-17,411,411,394,403,169266,-0.009828009828009798
2024-01-18,403,409,400,407,93772,0.00992555831265518
2024-01-19,409,412,395,405,149322,-0.004914004914004955
2024-01-22,404,407,396,405,87455,0.0
2024-01-23,401,408,397,401,68049,-0.00987654320987652
2024-01-24,398,400,390,396,134310,-0.012468827930174564
2024-01-25,399,404,387,393,173141,-0.007575757575757569
2024-01-26,392,400,386,393,83591,0.0
2024-01-29,399,399,387,391,158573,-0.0050890585241730735
2024-01-30,392,393,381,385,253948,-0.01534526854219953
2024-01-31,389,390,378,385,151316,0.0
2024-02-01,383,390,377,390,96897,0.01298701298701288
2024-02-02,390,393,385,390,80337,0.0
2024-02-05,390,391,384,388,62910,-0.00512820512820511
2024-02-06,385,394,383,394,77852,0.015463917525773141
2024-02-07,400,445,395,418,2669097,0.060913705583756306
2024-02-08,410,425,406,411,451877,-0.01674641148325362
2024-02-13,416,436,411,422,289023,0.02676399026763998
2024-02-14,422,436,417,434,449348,0.028436018957346043
2024-02-15,434,435,398,423,337326,-0.025345622119815614
2024-02-16,419,428,418,426,212918,0.007092198581560183
2024-02-19,427,432,421,426,231377,0.0
2024-02-20,429,429,413,419,369862,-0.016431924882629123
2024-02-21,419,424,412,421,194692,0.004773269689737569
2024-02-22,421,421,415,420,207867,-0.002375296912114022
2024-02-23,415,425,411,420,269230,0.0
2024-02-26,420,494,415,436,4085261,0.03809523809523818
2024-02-27,441,454,432,432,835233,-0.00917431192660545
2024-02-28,432,450,432,448,317361,0.03703703703703698
2024-02-29,448,452,439,445,495346,-0.006696428571428603
2024-03-04,445,452,441,450,297907,0.011235955056179803
2024-03-05,450,462,448,456,460384,0.01333333333333342
2024-03-06,456,468,451,465,377035,0.019736842105263053
2024-03-07,465,501,461,501,875347,0.07741935483870965
2024-03-08,525,539,490,509,1608851,0.015968063872255467
2024-03-11,509,548,509,540,1480753,0.06090373280943018
2024-03-12,535,536,500,513,1146902,-0.050000000000000044
2024-03-13,508,513,502,510,330126,-0.005847953216374324
2024-03-14,510,517,500,512,337120,0.0039215686274509665
2024-03-15,521,522,497,504,456233,-0.015625
2024-03-18,504,514,501,510,336051,0.011904761904761862
2024-03-19,513,515,501,509,278387,-0.0019607843137254832
2024-03-20,512,525,505,524,616299,0.02946954813359537
2024-03-21,524,571,523,571,1613204,0.08969465648854968
2024-03-22,570,570,550,567,544803,-0.007005253940455369
2024-03-25,563,568,554,557,336507,-0.01763668430335097
2024-03-26,548,555,543,544,268765,-0.02333931777378817
2024-03-27,547,562,534,562,595633,0.03308823529411775
2024-03-28,562,571,548,555,384241,-0.01245551601423489
2024-03-29,560,565,547,552,242340,-0.00540540540540535
2024-04-01,559,559,540,551,338073,-0.0018115942028985588
2024-04-02,555,560,541,548,351771,-0.005444646098003658
2024-04-03,545,552,539,547,255840,-0.0018248175182481452
2024-04-04,547,550,539,541,184621,-0.010968921389396757
2024-04-05,538,543,528,539,400652,-0.003696857670979714
2024-04-08,557,557,536,540,234953,0.0018552875695732052
2024-04-09,546,546,523,534,399088,-0.011111111111111072
2024-04-11,533,535,517,518,120796,-0.029962546816479363
2024-04-12,518,523,506,520,80083,0.0038610038610038533
2024-04-15,518,518,492,507,316931,-0.025000000000000022
2024-04-16,502,505,488,501,298807,-0.011834319526627168
2024-04-17,501,516,501,503,158156,0.003992015968063978
2024-04-18,503,517,503,507,298373,0.007952286282306265
2024-04-19,508,513,495,511,184445,0.007889546351084853
2024-04-22,515,523,505,523,328682,0.023483365949119372
2024-04-23,525,530,514,523,209595,0.0
2024-04-24,521,527,510,515,188254,-0.015296367112810683
2024-04-25,514,515,492,499,200379,-0.031067961165048508
2024-04-26,502,510,490,510,208610,0.022044088176352616
2024-04-29,513,525,511,513,192597,0.00588235294117645
2024-04-30,517,521,512,520,188017,0.013645224171539905
2024-05-02,520,524,513,521,118021,0.0019230769230769162
2024-05-03,523,523,515,520,77327,-0.0019193857965451588
2024-05-07,520,521,512,517,122809,-0.005769230769230749
2024-05-08,519,519,504,513,210869,-0.007736943907156624
2024-05-09,524,524,510,519,107182,0.011695906432748648
2024-05-10,519,519,504,512,217361,-0.013487475915221592
2024-05-13,506,517,503,516,216327,0.0078125
2024-05-14,521,525,515,520,494807,0.007751937984496138
2024-05-16,520,536,519,526,620114,0.011538461538461497
2024-05-17,530,564,530,560,1516742,0.06463878326996197
2024-05-20,560,568,544,557,670012,-0.005357142857142838
2024-05-21,558,598,551,590,1357927,0.05924596050269293
2024-05-22,590,594,572,592,526733,0.003389830508474523
2024-05-23,592,630,582,616,911939,0.04054054054054057
2024-05-24,611,650,550,555,1965670,-0.09902597402597402
2024-05-27,584,584,550,570,706436,0.027027027027026973
2024-05-28,563,577,562,569,253314,-0.0017543859649122862
2024-05-29,569,633,564,600,1398769,0.054481546572934914
2024-05-30,608,608,585,592,296672,-0.013333333333333308
2024-05-31,593,630,592,614,1565911,0.03716216216216206
2024-06-03,614,625,608,612,352978,-0.0032573289902280145
2024-06-04,612,636,602,620,791611,0.013071895424836555
2024-06-05,619,644,612,626,700310,0.00967741935483879
2024-06-07,625,634,611,624,455768,-0.0031948881789137795
2024-06-10,617,631,605,610,681157,-0.022435897435897467
2024-06-11,610,620,598,610,289949,0.0
2024-06-12,610,634,609,630,418838,0.032786885245901676
2024-06-13,623,627,561,589,3531791,-0.06507936507936507
2024-06-14,589,620,586,593,453913,0.00679117147707986
2024-06-17,593,600,560,570,533947,-0.038785834738617186
2024-06-18,570,580,560,580,319433,0.01754385964912286
2024-06-19,580,583,551,553,275768,-0.04655172413793107
2024-06-20,558,565,546,550,171327,-0.005424954792043413
2024-06-21,550,684,507,528,30163112,-0.040000000000000036
2024-06-24,507,520,490,491,3496921,-0.07007575757575757
2024-06-25,483,497,439,463,2356615,-0.05702647657841142
2024-06-26,454,476,453,476,449436,0.02807775377969768
2024-06-27,476,480,456,461,348502,-0.031512605042016806
2024-06-28,461,498,459,481,715681,0.04338394793926237
2024-07-01,482,494,473,485,502151,0.008316008316008316
2024-07-02,484,488,463,475,424476,-0.020618556701030966
2024-07-03,475,478,456,473,340844,-0.004210526315789442
2024-07-04,472,473,465,467,94514,-0.012684989429175508
2024-07-05,463,509,453,468,1134530,0.0021413276231263545
2024-07-08,483,483,455,465,328593,-0.0064102564102563875
2024-07-09,469,469,452,459,232956,-0.012903225806451646
2024-07-10,460,460,447,452,239292,-0.015250544662309351
2024-07-11,453,460,441,442,154527,-0.02212389380530977
2024-07-12,442,447,435,436,110905,-0.013574660633484115
2024-07-15,436,444,433,444,121402,0.0183486238532109
2024-07-16,442,448,434,445,97156,0.0022522522522523403
2024-07-17,444,451,440,445,55786,0.0
2024-07-18,445,445,429,442,172765,-0.006741573033707815
2024-07-19,442,449,436,441,154995,-0.002262443438914019
2024-07-22,433,442,430,434,308896,-0.015873015873015928
2024-07-23,434,437,418,426,280036,-0.018433179723502335
2024-07-24,427,433,424,425,81138,-0.0023474178403756207
2024-07-25,425,425,406,420,179559,-0.0117647058823529
2024-07-26,415,440,415,421,309615,0.0023809523809523725
2024-07-29,421,423,408,419,109327,-0.004750593824228044
2024-07-30,414,430,414,428,208386,0.021479713603818507
2024-07-31,428,436,422,426,221710,-0.004672897196261627
2024-08-01,431,435,425,435,114049,0.021126760563380254
2024-08-02,432,475,430,440,1154054,0.011494252873563315
2024-08-05,417,433,380,396,764310,-0.09999999999999998
2024-08-06,391,416,390,403,296745,0.017676767676767735
2024-08-07,403,420,395,409,181993,0.014888337468982549
2024-08-08,408,415,400,410,135367,0.0024449877750611915
2024-08-09,412,419,410,410,80834,0.0
2024-08-12,408,412,408,409,76676,-0.0024390243902439046
2024-08-13,409,412,404,408,50047,-0.0024449877750610804
2024-08-14,407,411,400,403,118675,-0.01225490196078427
2024-08-16,405,414,400,407,175041,0.00992555831265518
2024-08-19,407,443,406,425,692736,0.04422604422604426
2024-08-20,422,446,422,432,272496,0.016470588235294015
2024-08-21,432,435,421,425,141254,-0.01620370370370372
2024-08-22,427,433,413,420,149749,-0.0117647058823529
2024-08-23,415,420,401,408,219983,-0.02857142857142858
2024-08-26,411,418,406,408,114114,0.0
2024-08-27,405,415,403,407,39008,-0.002450980392156854
2024-08-28,407,408,400,403,91243,-0.009828009828009798
2024-08-29,403,425,396,401,75540,-0.00496277915632759
2024-08-30,403,414,402,405,49046,0.009975062344139696
2024-09-02,414,414,395,402,121022,-0.007407407407407418
2024-09-03,402,408,399,401,55390,-0.0024875621890547706
2024-09-04,397,408,385,392,270333,-0.02244389027431426
2024-09-05,393,404,385,386,83961,-0.015306122448979553
2024-09-06,386,390,365,380,240449,-0.015544041450777257
2024-09-09,380,390,369,380,113650,0.0
2024-09-10,380,381,360,363,215796,-0.044736842105263186
2024-09-11,362,380,362,369,167407,0.016528925619834656
2024-09-12,371,380,369,376,131288,0.01897018970189701
2024-09-13,380,383,376,382,75514,0.015957446808510634
2024-09-19,382,389,370,379,116086,-0.007853403141361293
2024-09-20,379,384,372,380,74690,0.0026385224274405594
2024-09-23,381,385,378,378,54813,-0.0052631578947368585
2024-09-24,378,381,360,377,59149,-0.002645502645502673
2024-09-25,377,382,370,375,41539,-0.0053050397877983935
2024-09-26,372,375,365,372,96491,-0.008000000000000007
2024-09-27,372,372,360,363,197050,-0.024193548387096753
2024-09-30,365,365,357,357,167236,-0.016528925619834656
2024-10-02,356,357,345,351,164474,-0.01680672268907568
2024-10-04,351,357,347,350,111851,-0.002849002849002802
2024-10-07,348,352,344,347,247685,-0.008571428571428563
2024-10-08,347,357,346,354,200801,0.020172910662824117
2024-10-10,358,362,350,360,199015,0.016949152542372836
2024-10-11,360,361,352,352,119768,-0.022222222222222254
2024-10-14,352,360,349,353,77808,0.0028409090909091717
2024-10-15,354,358,349,354,118358,0.0028328611898016387
2024-10-16,354,363,349,357,157806,0.008474576271186418
2024-10-17,357,359,350,355,37750,-0.0056022408963585235
2024-10-18,355,360,345,351,125580,-0.011267605633802802
2024-10-21,350,353,345,352,91897,0.002849002849002913
2024-10-22,354,354,344,347,83170,-0.014204545454545414
2024-10-23,350,354,342,346,102396,-0.0028818443804035088
2024-10-24,345,348,337,342,199757,-0.011560693641618491
2024-10-25,360,360,329,335,284556,-0.020467836257309968
2024-10-28,335,338,333,338,58779,0.008955223880596996
2024-10-29,339,345,336,339,33352,0.002958579881656709
2024-10-30,340,344,335,342,92520,0.008849557522123908
2024-10-31,342,349,337,342,127934,0.0
2024-11-01,342,345,336,342,95065,0.0
2024-11-04,344,350,342,343,41307,0.0029239766081872176
2024-11-05,342,350,342,348,39178,0.014577259475218707
2024-11-06,348,352,342,352,57803,0.011494252873563315
2024-11-07,352,353,340,352,56963,0.0
2024-11-08,353,353,343,351,111449,-0.0028409090909090606
2024-11-11,346,352,338,348,115089,-0.008547008547008517
2024-11-12,344,348,325,325,189433,-0.06609195402298851
2024-11-13,326,329,317,321,135052,-0.012307692307692353
2024-11-14,322,333,305,313,136697,-0.024922118380062308
2024-11-15,313,328,311,326,91373,0.04153354632587858
2024-11-18,328,331,311,322,78291,-0.012269938650306789
2024-11-19,322,324,315,319,63226,-0.009316770186335366
2024-11-20,317,333,316,319,105588,0.0
2024-11-21,315,327,313,321,103095,0.006269592476489061
2024-11-22,325,331,315,324,101290,0.009345794392523255
2024-11-25,324,335,320,328,45173,0.012345679012345734
2024-11-26,328,328,320,324,48761,-0.012195121951219523
2024-11-27,324,334,318,320,47793,-0.012345679012345734
2024-11-28,320,323,305,315,218333,-0.015625
2024-11-29,317,318,301,310,213763,-0.015873015873015928
2024-12-02,300,310,300,303,141851,-0.022580645161290325
2024-12-03,303,305,298,301,169387,-0.0066006600660065695
2024-12-04,295,300,279,289,356535,-0.039867109634551534
2024-12-05,289,299,282,293,85435,0.01384083044982698
2024-12-06,302,302,277,290,120773,-0.010238907849829393
2024-12-09,290,290,266,279,279795,-0.037931034482758585
2024-12-10,276,293,276,276,204611,-0.010752688172043001
2024-12-11,281,290,280,289,134282,0.047101449275362306
2024-12-12,289,293,280,288,126628,-0.0034602076124568004
2024-12-13,287,297,287,294,68593,0.02083333333333326
2024-12-16,294,296,286,294,122175,0.0
2024-12-17,294,306,291,300,154635,0.020408163265306145
2024-12-18,299,303,297,302,52220,0.006666666666666599
2024-12-19,294,302,289,300,208184,-0.0066225165562914245
2024-12-20,300,302,291,296,51379,-0.013333333333333308
2024-12-23,294,299,291,293,138440,-0.010135135135135087
2024-12-24,295,297,287,288,147927,-0.017064846416382284
2024-12-26,288,291,276,276,308283,-0.04166666666666663
2024-12-27,275,286,273,282,207762,0.021739130434782705
2024-12-30,281,285,276,282,80468,0.0
2025-01-02,282,285,278,283,198806,0.0035460992907800915
2025-01-03,283,287,283,284,62882,0.0035335689045936647
2025-01-06,288,295,284,290,121103,0.021126760563380254
2025-01-07,290,296,287,295,70326,0.01724137931034475
2025-01-08,293,383,292,339,14701471,0.14915254237288145
2025-01-09,337,398,337,364,11695562,0.07374631268436582
2025-01-10,364,366,334,340,1560174,-0.06593406593406592
2025-01-13,335,362,324,333,1832531,-0.020588235294117685
2025-01-14,328,348,326,328,601340,-0.01501501501501501
2025-01-15,330,345,326,328,289674,0.0
2025-01-16,334,334,322,326,391846,-0.0060975609756097615
2025-01-17,326,344,325,327,253297,0.0030674846625766694
2025-01-20,324,330,323,323,146806,-0.012232415902140636
2025-01-21,327,328,320,323,138667,0.0
2025-01-22,323,324,319,320,330637,-0.009287925696594423
2025-01-23,319,327,315,318,285613,-0.006249999999999978
2025-01-24,318,321,313,314,268880,-0.012578616352201255
2025-01-31,315,330,313,317,97048,0.009554140127388644
2025-02-03,312,315,300,300,333554,-0.05362776025236593
2025-02-04,300,310,300,307,155892,0.023333333333333428
2025-02-05,313,313,305,309,91903,0.006514657980456029
2025-02-06,311,315,305,313,130452,0.012944983818770295
2025-02-07,313,318,304,307,135121,-0.019169329073482455
2025-02-10,306,327,306,317,299009,0.032573289902280145
2025-02-11,318,330,314,330,312238,0.04100946372239744
2025-02-12,327,331,321,324,173381,-0.018181818181818188
2025-02-13,321,328,318,324,110565,0.0
2025-02-14,329,329,318,323,95279,-0.0030864197530864335
2025-02-17,320,331,320,328,203791,0.015479876160990669
2025-02-18,324,334,324,330,142883,0.0060975609756097615
2025-02-19,334,338,328,331,342985,0.003030303030302939
2025-02-20,334,335,326,329,165668,-0.0060422960725075026
2025-02-21,329,332,326,328,155067,-0.003039513677811523
2025-02-24,331,332,325,332,69141,0.012195121951219523
2025-02-25,335,335,322,327,113034,-0.015060240963855387
2025-02-26,327,333,324,327,100159,0.0
2025-02-27,327,329,322,322,82680,-0.015290519877675823
2025-02-28,319,321,304,314,241316,-0.024844720496894457
2025-03-04,314,325,310,320,166760,0.019108280254777066
2025-03-05,326,326,314,318,126785,-0.006249999999999978
2025-03-06,320,320,311,311,86020,-0.022012578616352196
2025-03-07,310,312,299,302,451177,-0.02893890675241162
2025-03-10,302,304,299,301,80558,-0.0033112582781457123
2025-03-11,304,307,291,295,302165,-0.019933554817275767
2025-03-12,296,302,282,296,205308,0.003389830508474523
2025-03-13,296,300,292,292,138723,-0.013513513513513487
2025-03-14,292,294,288,291,57536,-0.003424657534246589
2025-03-17,291,304,282,284,331425,-0.02405498281786944
2025-03-18,286,369,286,369,17245473,0.29929577464788726
2025-03-19,358,378,325,335,8271817,-0.09214092140921404
2025-03-20,355,357,316,318,4122832,-0.05074626865671639
2025-03-21,322,329,316,317,1158672,-0.0031446540880503138
2025-03-24,321,325,307,315,1112461,-0.006309148264984188
2025-03-25,315,321,311,313,545697,-0.006349206349206327
2025-03-26,318,339,304,309,1122396,-0.012779552715655007
2025-03-27,306,312,300,303,399156,-0.01941747572815533
2025-03-28,311,311,299,303,327018,0.0
2025-03-31,301,311,295,302,562933,-0.0033003300330033403
2025-04-01,302,319,302,316,640315,0.04635761589403975
2025-04-02,315,320,308,315,443477,-0.0031645569620253333
2025-04-03,315,315,303,308,218475,-0.022222222222222254
2025-04-04,308,313,296,313,503778,0.016233766233766156
2025-04-07,310,310,292,294,429723,-0.060702875399361034
2025-04-08,297,306,294,296,820516,0.006802721088435382
2025-04-09,297,308,292,302,446491,0.020270270270270174
2025-04-10,310,311,301,305,380453,0.009933774834437026
2025-04-11,305,314,305,313,391361,0.026229508196721207
2025-04-14,315,318,311,317,275505,0.012779552715654896
2025-04-15,317,317,312,315,181700,-0.006309148264984188
2025-04-16,314,325,310,319,627441,0.012698412698412653
2025-04-17,331,406,331,341,26294628,0.06896551724137923
2025-04-18,340,340,322,327,2650633,-0.04105571847507328
2025-04-21,331,335,323,327,1092513,0.0
2025-04-22,324,345,324,332,1679719,0.015290519877675823
2025-04-23,333,340,328,338,615071,0.01807228915662651
2025-04-24,341,341,328,331,760112,-0.020710059171597628
2025-04-25,330,334,327,330,480746,-0.0030211480362537513
2025-04-28,330,331,324,326,480286,-0.012121212121212088
2025-04-29,326,332,324,327,335298,0.0030674846625766694
2025-04-30,326,326,320,320,404402,-0.021406727828746197
2025-05-02,320,321,315,315,415570,-0.015625
2025-05-07,317,317,296,312,496788,-0.00952380952380949
2025-05-08,313,313,307,309,170134,-0.009615384615384581
2025-05-09,310,311,305,306,207142,-0.009708737864077666
2025-05-12,310,320,306,310,651210,0.013071895424836555
2025-05-13,310,314,305,314,262336,0.012903225806451646
2025-05-14,316,317,309,315,397962,0.0031847133757962887
2025-05-15,312,316,309,314,247172,-0.0031746031746031633
2025-05-16,311,317,309,317,220625,0.009554140127388644
2025-05-19,320,323,314,315,370300,-0.006309148264984188
2025-05-20,315,318,311,315,138453,0.0
2025-05-21,315,317,312,316,102223,0.0031746031746031633
2025-05-22,313,378,313,349,9486196,0.10443037974683533
2025-05-23,346,350,332,348,1816894,-0.002865329512893977
2025-05-26,346,358,342,350,1569356,0.005747126436781658
2025-05-27,351,373,348,360,2628970,0.02857142857142847
2025-05-28,363,372,354,355,1689133,-0.01388888888888884
2025-05-29,350,356,346,350,896823,-0.014084507042253502
2025-05-30,350,358,339,343,460238,-0.020000000000000018
2025-06-02,343,349,340,343,234834,0.0
2025-06-04,340,349,332,334,569535,-0.026239067055393583
2025-06-05,335,351,335,345,523687,0.03293413173652704
2025-06-09,345,356,341,345,574668,0.0
2025-06-10,345,355,340,342,528016,-0.008695652173912993
2025-06-11,348,369,341,357,1672308,0.04385964912280693
2025-06-12,357,359,345,355,705803,-0.0056022408963585235
2025-06-13,356,356,340,347,912233,-0.022535211267605604
2025-06-16,380,413,356,360,8945719,0.03746397694524495
2025-06-17,360,369,352,353,1168243,-0.019444444444444486
2025-06-18,353,360,350,354,700373,0.0028328611898016387
2025-06-19,354,361,345,349,728575,-0.01412429378531077
2025-06-20,349,351,339,340,572220,-0.025787965616045794
2025-06-23,341,344,324,331,640749,-0.026470588235294135
2025-06-24,345,346,333,340,483648,0.027190332326284095
2025-06-25,340,345,335,339,394399,-0.002941176470588225
2025-06-26,338,354,334,349,756009,0.029498525073746285
2025-06-27,349,349,336,338,432937,-0.03151862464183386
2025-06-30,340,340,332,335,335007,-0.00887573964497046
2025-07-01,332,344,332,340,266543,0.014925373134328401
2025-07-02,340,343,331,337,299392,-0.008823529411764675
