Date,Open,High,Low,Close,Volume,Change
2022-01-03,6760,6800,6680,6780,85170,0.002958579881656709
2022-01-04,6780,6830,6720,6730,100195,-0.007374631268436627
2022-01-05,6730,7350,6590,6750,1109681,0.002971768202080227
2022-01-06,6730,6930,6600,6740,321556,-0.001481481481481528
2022-01-07,6700,6790,6660,6700,118742,-0.005934718100890191
2022-01-10,6640,6820,6600,6600,130643,-0.014925373134328401
2022-01-11,6560,6660,6280,6350,215299,-0.037878787878787845
2022-01-12,6360,6470,6340,6370,101198,0.0031496062992126816
2022-01-13,6420,6440,6350,6370,62717,0.0
2022-01-14,6260,6380,6260,6320,61575,-0.00784929356357933
2022-01-17,6320,6420,6180,6280,92236,-0.006329113924050667
2022-01-18,6260,6400,6140,6220,89401,-0.009554140127388533
2022-01-19,6160,6210,6030,6150,64964,-0.0112540192926045
2022-01-20,6090,6200,6070,6140,60110,-0.001626016260162566
2022-01-21,6130,6210,6090,6130,61698,-0.0016286644951140072
2022-01-24,6050,6160,5860,5920,123111,-0.034257748776509
2022-01-25,5900,5960,5690,5780,129308,-0.023648648648648685
2022-01-26,5660,6540,5660,5920,576344,0.02422145328719716
2022-01-27,5930,6000,5740,5870,134059,-0.008445945945945943
2022-01-28,5880,6110,5810,6090,101352,0.03747870528109032
2022-02-03,6150,6440,6120,6280,171704,0.031198686371100237
2022-02-04,6150,6370,6150,6280,99371,0.0
2022-02-07,6330,6420,6280,6350,75207,0.011146496815286566
2022-02-08,6350,6390,6260,6350,51822,0.0
2022-02-09,6360,6410,6330,6410,56087,0.009448818897637823
2022-02-10,6410,6960,6350,6410,770001,0.0
2022-02-11,6320,6420,6310,6320,67149,-0.01404056162246492
2022-02-14,6260,6300,6070,6190,90586,-0.020569620253164556
2022-02-15,6190,6240,6080,6090,81666,-0.016155088852988664
2022-02-16,6120,6280,6120,6270,50315,0.029556650246305383
2022-02-17,6300,6380,6190,6280,71200,0.0015948963317384823
2022-02-18,6270,6330,6210,6290,30949,0.0015923566878981443
2022-02-21,6250,6330,6180,6300,46190,0.0015898251192367763
2022-02-22,6260,6330,6200,6290,41641,-0.0015873015873015817
2022-02-23,6300,6330,6190,6290,90534,0.0
2022-02-24,6280,6300,6080,6190,89868,-0.015898251192368873
2022-02-25,6190,6280,6170,6190,51058,0.0
2022-02-28,6190,6220,6100,6150,77860,-0.00646203554119551
2022-03-02,6150,6260,6090,6250,46790,0.016260162601626105
2022-03-03,6300,6340,6250,6320,48272,0.011200000000000099
2022-03-04,6310,6330,6240,6300,47684,-0.0031645569620253333
2022-03-07,6300,6300,6140,6210,46803,-0.014285714285714235
2022-03-08,6120,6170,6100,6170,41460,-0.006441223832528209
2022-03-10,6290,6290,6140,6170,50983,0.0
2022-03-11,6170,6170,6050,6170,50462,0.0
2022-03-14,6170,6170,6030,6130,54577,-0.00648298217179899
2022-03-15,6100,6130,6050,6110,47880,-0.0032626427406199365
2022-03-16,6130,6190,6130,6160,36322,0.008183306055646433
2022-03-17,6200,6290,6200,6250,41160,0.014610389610389518
2022-03-18,6270,6350,6200,6340,69358,0.014399999999999968
2022-03-21,6370,6420,6300,6340,62790,0.0
2022-03-22,6320,6340,6280,6340,22518,0.0
2022-03-23,6320,6410,6290,6330,50313,-0.001577287066246047
2022-03-24,6400,6540,6340,6460,279652,0.020537124802527673
2022-03-25,6460,6470,6320,6420,95225,-0.006191950464396245
2022-03-28,6420,6420,6330,6340,64817,-0.012461059190031154
2022-03-29,6350,6520,6340,6490,112877,0.023659305993690927
2022-03-30,6490,6510,6430,6440,55421,-0.007704160246533087
2022-03-31,6450,7090,6420,6500,1821673,0.009316770186335477
2022-04-01,6500,6610,6500,6560,155768,0.009230769230769154
2022-04-04,6600,6600,6470,6500,76476,-0.009146341463414642
2022-04-05,6480,6660,6470,6630,140700,0.020000000000000018
2022-04-06,6550,6670,6550,6610,110086,-0.003016591251885359
2022-04-07,6610,6690,6580,6620,156502,0.001512859304084735
2022-04-08,6630,6690,6460,6580,83868,-0.0060422960725075026
2022-04-11,6610,7270,6510,6740,3698765,0.024316109422492405
2022-04-12,6680,6860,6630,6730,338122,-0.0014836795252225476
2022-04-13,6730,7190,6730,6860,1885294,0.019316493313521477
2022-04-14,6860,7000,6860,6880,325084,0.00291545189504383
2022-04-15,6880,6940,6770,6810,210639,-0.01017441860465118
2022-04-18,6810,6990,6810,6820,189179,0.001468428781204123
2022-04-19,6880,6910,6810,6890,130734,0.01026392961876832
2022-04-20,6880,6880,6800,6810,105047,-0.011611030478954953
2022-04-21,6810,6830,6700,6800,106932,-0.001468428781204123
2022-04-22,6800,6800,6720,6800,81055,0.0
2022-04-25,6720,6750,6620,6740,126270,-0.008823529411764675
2022-04-26,6710,6780,6700,6760,61666,0.0029673590504450953
2022-04-27,6670,6690,6560,6670,85376,-0.013313609467455634
2022-04-28,6620,6670,6570,6670,61940,0.0
2022-04-29,6670,6670,6600,6660,50269,-0.0014992503748125774
2022-05-02,6600,6680,6570,6650,37778,-0.0015015015015015232
2022-05-03,6610,6730,6610,6660,56704,0.0015037593984963404
2022-05-04,6700,6750,6630,6660,48914,0.0
2022-05-06,6450,6590,6450,6520,82991,-0.02102102102102099
2022-05-09,6480,6510,6260,6260,112691,-0.039877300613496924
2022-05-10,6120,6230,5970,6100,133410,-0.025559105431309903
2022-05-11,6050,6170,6050,6120,59449,0.003278688524590123
2022-05-12,6040,6100,5930,6090,100102,-0.004901960784313708
2022-05-13,6020,6150,6020,6150,81495,0.009852216748768461
2022-05-16,6150,6230,6150,6190,34786,0.006504065040650486
2022-05-17,6190,6310,6190,6250,31441,0.009693053311793154
2022-05-18,6250,6320,6210,6230,35243,-0.0031999999999999806
2022-05-19,6050,6190,6040,6150,46633,-0.012841091492776902
2022-05-20,6150,6290,6140,6290,33484,0.02276422764227637
2022-05-23,6250,6290,6190,6240,34723,-0.007949125596184436
2022-05-24,6260,6280,6080,6090,60374,-0.024038461538461564
2022-05-25,6090,6170,6060,6110,38739,0.003284072249589487
2022-05-26,6100,6190,6090,6120,34901,0.0016366612111293755
2022-05-27,6140,6160,6100,6130,26118,0.0016339869281045694
2022-05-30,6120,6200,6120,6200,21400,0.011419249592169667
2022-05-31,6200,6220,6150,6210,28433,0.001612903225806539
2022-06-02,6200,6230,6170,6230,20374,0.0032206119162641045
2022-06-03,6240,6300,6200,6230,22814,0.0
2022-06-07,6270,6270,6120,6120,41428,-0.017656500802568198
2022-06-08,6100,6190,6100,6160,24532,0.006535947712418277
2022-06-09,6110,6310,6050,6120,78238,-0.00649350649350644
2022-06-10,6120,6120,6030,6040,24328,-0.013071895424836555
2022-06-13,5960,6010,5640,5720,169867,-0.052980132450331174
2022-06-14,5480,5640,5380,5580,206730,-0.02447552447552448
2022-06-15,5550,5600,5300,5400,150158,-0.032258064516129004
2022-06-16,5420,5560,5380,5380,44720,-0.0037037037037036535
2022-06-17,5200,5350,5120,5340,57432,-0.0074349442379182396
2022-06-20,5300,5340,4995,5070,114713,-0.050561797752809
2022-06-21,5040,5260,5040,5200,112535,0.02564102564102555
2022-06-22,5180,5240,4905,4965,152830,-0.04519230769230764
2022-06-23,4900,4950,4650,4750,194822,-0.043303121852970805
2022-06-24,4650,4960,4650,4960,77207,0.04421052631578948
2022-06-27,4960,5310,4945,5260,93415,0.06048387096774199
2022-06-28,5170,5310,5140,5240,53239,-0.0038022813688213253
2022-06-29,5130,5300,5120,5300,42097,0.011450381679389388
2022-06-30,5240,5600,5100,5320,133407,0.0037735849056603765
2022-07-01,5310,5790,5310,5500,303485,0.03383458646616533
2022-07-04,5460,5720,5430,5640,82692,0.025454545454545396
2022-07-05,5570,5780,5550,5650,44891,0.0017730496453900457
2022-07-06,5530,5700,5480,5570,102933,-0.01415929203539823
2022-07-07,5590,5890,5560,5760,76755,0.03411131059245953
2022-07-08,5760,5980,5760,5790,85306,0.005208333333333259
2022-07-11,5840,5950,5760,5860,52858,0.012089810017271052
2022-07-12,5880,5910,5750,5820,39111,-0.0068259385665528916
2022-07-13,5790,6060,5770,5930,59728,0.018900343642611617
2022-07-14,5920,5940,5860,5880,16541,-0.00843170320404718
2022-07-15,5850,5930,5760,5830,33915,-0.008503401360544172
2022-07-18,5890,6020,5840,5900,44839,0.012006861063464935
2022-07-19,5900,5930,5830,5900,14205,0.0
2022-07-20,5910,5960,5820,5890,29481,-0.0016949152542372614
2022-07-21,5890,5950,5840,5890,15418,0.0
2022-07-22,5900,5950,5830,5840,28222,-0.008488964346349714
2022-07-25,5870,6510,5790,5840,1048617,0.0
2022-07-26,5830,5880,5790,5810,41589,-0.005136986301369828
2022-07-27,5780,5890,5700,5820,47672,0.001721170395869276
2022-07-28,5810,5930,5770,5850,32465,0.005154639175257714
2022-07-29,5880,5970,5800,5910,35283,0.01025641025641022
2022-08-01,5910,6200,5840,5920,190277,0.0016920473773265332
2022-08-02,5900,6420,5800,5970,1199019,0.008445945945946054
2022-08-03,6000,6040,5880,6010,163493,0.00670016750418756
2022-08-04,6010,6050,5990,6020,55680,0.0016638935108153063
2022-08-05,6030,6040,5990,6040,38375,0.0033222591362125353
2022-08-08,6040,6240,5980,6070,87692,0.004966887417218624
2022-08-09,6040,6120,6030,6070,42396,0.0
2022-08-10,6070,6080,5970,5990,54348,-0.01317957166392092
2022-08-11,6020,6100,5990,6100,37944,0.01836393989983298
2022-08-12,6130,6200,6030,6090,21979,-0.0016393442622950616
2022-08-16,6100,6110,6040,6040,39992,-0.008210180623973717
2022-08-17,6000,6050,5960,6000,20007,-0.0066225165562914245
2022-08-18,5970,5990,5900,5980,23090,-0.0033333333333332993
2022-08-19,5950,6090,5940,5970,18225,-0.0016722408026755842
2022-08-22,5960,5960,5650,5710,64313,-0.04355108877721947
2022-08-23,5550,5730,5550,5580,35790,-0.02276707530647981
2022-08-24,5550,5680,5550,5680,18768,0.017921146953405076
2022-08-25,5640,5750,5630,5740,18200,0.010563380281690238
2022-08-26,5750,5850,5710,5730,32141,-0.0017421602787456303
2022-08-29,5710,5710,5440,5450,53987,-0.048865619546247796
2022-08-30,5500,5660,5490,5580,33071,0.023853211009174258
2022-08-31,5540,5590,5520,5590,9035,0.0017921146953405742
2022-09-01,5580,5580,5410,5490,23364,-0.017889087656529523
2022-09-02,5500,5580,5430,5460,23712,-0.005464480874316946
2022-09-05,5400,5490,5330,5390,44414,-0.012820512820512775
2022-09-06,5330,5420,5310,5400,19503,0.0018552875695732052
2022-09-07,5330,5380,5250,5290,38256,-0.020370370370370372
2022-09-08,5290,5360,5260,5320,28400,0.005671077504725952
2022-09-13,5400,5400,5320,5370,28442,0.009398496240601517
2022-09-14,5170,5300,5170,5290,28616,-0.014897579143389184
2022-09-15,5300,5420,5210,5420,100942,0.02457466918714557
2022-09-16,5300,6060,5300,5440,2426844,0.0036900369003689537
2022-09-19,5450,5650,5310,5480,155719,0.007352941176470562
2022-09-20,5450,5590,5450,5490,96946,0.0018248175182482562
2022-09-21,5420,5590,5360,5430,73561,-0.010928961748633892
2022-09-22,5310,5420,5140,5200,111290,-0.0423572744014733
2022-09-23,5150,5200,4995,5000,66408,-0.038461538461538436
2022-09-26,4970,4970,4730,4800,54360,-0.040000000000000036
2022-09-27,4710,4820,4675,4725,55504,-0.015625
2022-09-28,4705,4735,4405,4490,79087,-0.049735449735449744
2022-09-29,4545,4660,4465,4545,71466,0.012249443207126953
2022-09-30,4435,4595,4425,4545,31914,0.0
2022-10-04,4550,4780,4550,4685,14787,0.030803080308030806
2022-10-05,4685,4725,4640,4655,26163,-0.006403415154749181
2022-10-06,4705,4815,4655,4800,19577,0.031149301825993625
2022-10-07,4800,4805,4750,4765,19448,-0.007291666666666696
2022-10-11,4765,4765,4515,4565,24342,-0.04197271773347322
2022-10-12,4500,4595,4470,4595,16190,0.006571741511500528
2022-10-13,4550,4550,4250,4310,68769,-0.06202393906420023
2022-10-14,4345,4545,4320,4515,24045,0.047563805104408274
2022-10-17,4470,4665,4350,4665,29226,0.03322259136212624
2022-10-18,4640,4755,4630,4670,26051,0.001071811361200492
2022-10-19,4650,4775,4640,4695,20244,0.005353319057815886
2022-10-20,4695,4710,4595,4665,14184,-0.006389776357827448
2022-10-21,4665,4665,4590,4625,8766,-0.008574490889603381
2022-10-24,4635,4735,4635,4695,18658,0.015135135135135203
2022-10-25,4715,4715,4665,4700,14109,0.0010649627263046302
2022-10-26,4730,4730,4610,4700,28224,0.0
2022-10-27,4690,4725,4685,4710,20001,0.0021276595744681437
2022-10-28,4710,4710,4645,4680,16524,-0.006369426751592355
2022-10-31,4680,4700,4655,4675,41074,-0.0010683760683760646
2022-11-01,4700,4700,4605,4700,18148,0.005347593582887722
2022-11-02,4710,4735,4655,4705,12911,0.0010638297872340718
2022-11-03,4620,4730,4615,4715,8008,0.002125398512220933
2022-11-04,4715,4920,4670,4715,50090,0.0
2022-11-07,4725,4750,4710,4735,21261,0.0042417815482502785
2022-11-08,4735,4800,4735,4765,25633,0.006335797254487963
2022-11-09,4800,4800,4760,4790,15680,0.005246589716684236
2022-11-10,4775,4805,4755,4790,13549,0.0
2022-11-11,4875,4895,4835,4870,53629,0.016701461377870652
2022-11-14,4920,4950,4850,4945,41689,0.015400410677617993
2022-11-15,4895,5080,4895,5040,32323,0.01921132457027297
2022-11-16,5040,5120,5020,5070,18257,0.005952380952380931
2022-11-17,5030,5070,4985,5000,23620,-0.013806706114398382
2022-11-18,5000,5110,4975,5000,15605,0.0
2022-11-21,5000,5010,4925,4925,18173,-0.015000000000000013
2022-11-22,4925,4950,4895,4920,18381,-0.0010152284263958977
2022-11-23,4910,4975,4910,4965,10289,0.009146341463414531
2022-11-24,4970,5050,4970,5010,19752,0.009063444108761365
2022-11-25,4965,5020,4965,5020,5834,0.001996007984031989
2022-11-28,5010,5010,4900,4955,23145,-0.01294820717131473
2022-11-29,4910,4990,4910,4955,4920,0.0
2022-11-30,4915,4980,4915,4960,11125,0.0010090817356205317
2022-12-01,4970,5070,4970,5010,18871,0.010080645161290258
2022-12-02,5060,5070,5000,5070,28944,0.011976047904191711
2022-12-05,5060,5110,5040,5070,19584,0.0
2022-12-06,5020,5160,5000,5040,43072,-0.00591715976331364
2022-12-07,5020,5070,4945,4990,19677,-0.009920634920634885
2022-12-08,5010,5020,4895,4960,13756,-0.006012024048096198
2022-12-09,4935,5000,4935,4960,7234,0.0
2022-12-12,5000,5000,4890,4900,18725,-0.012096774193548376
2022-12-13,4900,4975,4885,4950,12507,0.010204081632652962
2022-12-14,4905,4960,4900,4945,11303,-0.0010101010101010166
2022-12-15,4950,4990,4925,4980,11772,0.00707785642062686
2022-12-16,4965,4980,4905,4955,15772,-0.005020080321285092
2022-12-19,4875,4960,4875,4915,16296,-0.008072653884964698
2022-12-20,4915,4915,4820,4880,15780,-0.007121057985757906
2022-12-21,4885,4930,4865,4880,7600,0.0
2022-12-22,4885,4905,4825,4900,7575,0.004098360655737654
2022-12-23,4900,4900,4765,4900,39283,0.0
2022-12-26,4900,4900,4810,4840,21851,-0.01224489795918371
2022-12-27,4750,4940,4750,4905,30225,0.013429752066115741
2022-12-28,4820,4870,4820,4840,12918,-0.013251783893985736
2022-12-29,4835,4950,4690,4875,41370,0.00723140495867769
2023-01-02,4820,4850,4785,4785,25025,-0.018461538461538418
2023-01-03,4700,4770,4645,4680,63522,-0.021943573667711602
2023-01-04,4610,4735,4610,4735,32692,0.01175213675213671
2023-01-05,4740,4805,4690,4720,29848,-0.0031678986272439813
2023-01-06,4670,4720,4650,4690,16782,-0.006355932203389814
2023-01-09,4690,4785,4690,4770,27345,0.017057569296375252
2023-01-10,4755,4900,4745,4875,41219,0.022012578616352307
2023-01-11,4855,4965,4855,4920,46167,0.009230769230769154
2023-01-12,4970,5060,4930,4945,37450,0.005081300813008172
2023-01-13,4950,4965,4900,4930,19981,-0.0030333670374115274
2023-01-16,4975,4990,4900,4950,38190,0.0040567951318457585
2023-01-17,4950,5730,4915,5160,3207267,0.042424242424242475
2023-01-18,5120,5180,5060,5070,191477,-0.01744186046511631
2023-01-19,5040,5130,4965,5090,94134,0.0039447731755424265
2023-01-20,5090,5280,5070,5190,278152,0.01964636542239684
2023-01-25,5240,6400,5160,5860,5001254,0.12909441233140662
2023-01-26,6000,6210,5850,5940,1815522,0.013651877133105783
2023-01-27,6280,6580,5890,6000,1834536,0.010101010101010166
2023-01-30,6110,6250,6080,6120,956653,0.020000000000000018
2023-01-31,6060,6420,5980,6300,1486973,0.02941176470588225
2023-02-01,6470,7020,6200,7020,3907717,0.11428571428571432
2023-02-02,6580,6910,6500,6770,1591970,-0.035612535612535634
2023-02-03,6730,6740,6370,6480,732112,-0.04283604135893648
2023-02-06,6570,6630,6100,6200,776763,-0.043209876543209846
2023-02-07,6200,6590,6110,6310,905309,0.01774193548387104
2023-02-08,6350,6420,6240,6370,339103,0.009508716323296307
2023-02-09,6350,6350,6140,6250,265360,-0.01883830455259028
2023-02-10,6160,6290,6000,6060,227191,-0.030399999999999983
2023-02-13,6060,6150,5970,6080,153922,0.0033003300330032292
2023-02-14,6150,6210,5950,6030,188124,-0.008223684210526327
2023-02-15,6060,6060,5770,5840,209505,-0.031509121061359835
2023-02-16,5850,6230,5850,6000,289988,0.027397260273972712
2023-02-17,5960,6070,5830,6020,132633,0.0033333333333334103
2023-02-20,6020,6140,5980,6100,94240,0.013289036544850585
2023-02-21,6290,6540,6000,6050,1986801,-0.008196721311475419
2023-02-22,5910,6040,5800,5850,173019,-0.03305785123966942
2023-02-23,5860,5990,5820,5960,86927,0.018803418803418737
2023-02-24,5960,6050,5890,6000,119877,0.006711409395973256
2023-02-27,5980,6110,5840,6080,118913,0.01333333333333342
2023-02-28,6160,6190,6030,6150,187849,0.011513157894736947
2023-03-02,6130,6200,6020,6080,107009,-0.011382113821138184
2023-03-03,6140,6350,6090,6350,544646,0.044407894736842035
2023-03-06,6410,6410,5930,5950,518292,-0.06299212598425197
2023-03-07,5970,5990,5830,5850,151610,-0.01680672268907568
2023-03-08,5800,5820,5680,5750,133543,-0.017094017094017144
2023-03-09,5690,5820,5630,5750,98565,0.0
2023-03-10,5720,5790,5590,5700,114794,-0.008695652173912993
2023-03-13,5610,5620,5400,5600,137329,-0.01754385964912286
2023-03-14,5550,5550,5320,5360,143568,-0.042857142857142816
2023-03-15,5390,5510,5390,5450,54781,0.01679104477611948
2023-03-16,5340,5460,5230,5440,68826,-0.0018348623853210455
2023-03-17,5470,5640,5470,5610,94241,0.03125
2023-03-20,5570,5630,5530,5570,43186,-0.007130124777183555
2023-03-21,5570,5590,5510,5580,39970,0.0017953321364452268
2023-03-22,5610,5610,5530,5540,72405,-0.007168458781361964
2023-03-23,5490,5490,5360,5410,90303,-0.023465703971119134
2023-03-24,5420,5540,5390,5540,43524,0.02402957486136792
2023-03-27,5610,5610,5350,5410,48913,-0.023465703971119134
2023-03-28,5410,5500,5400,5480,48184,0.012939001848428777
2023-03-29,5510,5620,5450,5610,70207,0.02372262773722622
2023-03-30,5630,5640,5490,5590,71747,-0.0035650623885917776
2023-03-31,5730,5730,5560,5590,91058,0.0
2023-04-03,5560,5640,5500,5640,67000,0.008944543828264706
2023-04-04,5570,5700,5570,5650,51666,0.0017730496453900457
2023-04-05,5650,5670,5610,5670,72090,0.003539823008849474
2023-04-06,5690,5690,5490,5580,72566,-0.015873015873015928
2023-04-07,5590,5590,5450,5500,73486,-0.014336917562724039
2023-04-10,5460,5490,5310,5380,93656,-0.021818181818181848
2023-04-11,5400,5450,5270,5430,54991,0.009293680297397744
2023-04-12,5430,5550,5380,5460,96139,0.005524861878453136
2023-04-13,5480,5500,5360,5500,31821,0.0073260073260073
2023-04-14,5520,5570,5460,5520,36363,0.0036363636363636598
2023-04-17,5530,5530,5410,5530,33452,0.0018115942028984477
2023-04-18,5530,5530,5410,5510,37414,-0.003616636528028905
2023-04-19,5470,5980,5450,5620,556972,0.019963702359346636
2023-04-20,5580,5620,5440,5490,94450,-0.02313167259786475
2023-04-21,5490,5570,5340,5430,60517,-0.010928961748633892
2023-04-24,5330,5360,5270,5300,71120,-0.023941068139963217
2023-04-25,5290,5350,5110,5180,93787,-0.02264150943396226
2023-04-26,5100,5210,5060,5180,42941,0.0
2023-04-27,5190,5230,5060,5230,22466,0.009652509652509744
2023-04-28,5230,5230,4900,5100,106437,-0.0248565965583174
2023-05-02,5130,5210,5080,5200,23518,0.019607843137254832
2023-05-03,5260,5270,5160,5230,25186,0.005769230769230749
2023-05-04,5190,5240,5170,5220,32220,-0.0019120458891013214
2023-05-08,5220,5280,5210,5230,35738,0.0019157088122605526
2023-05-09,5140,5230,5140,5220,79787,-0.0019120458891013214
2023-05-10,5200,5240,5150,5200,22881,-0.003831417624521105
2023-05-11,5230,5280,5100,5250,24372,0.009615384615384581
2023-05-12,5230,5230,5150,5190,23612,-0.011428571428571455
2023-05-15,5190,5200,5020,5200,46978,0.0019267822736031004
2023-05-16,5200,5330,5070,5180,31664,-0.0038461538461538325
2023-05-17,5100,5210,5090,5190,30600,0.0019305019305020377
2023-05-18,5190,5200,5130,5180,19990,-0.0019267822736031004
2023-05-19,5170,5260,5170,5220,39258,0.007722007722007707
2023-05-22,5230,5240,5170,5230,23864,0.0019157088122605526
2023-05-23,5230,5230,5180,5230,21607,0.0
2023-05-24,5150,5430,5150,5230,52461,0.0
2023-05-25,5250,5250,5160,5220,24050,-0.0019120458891013214
2023-05-26,5180,5240,5140,5240,32793,0.003831417624521105
2023-05-30,5240,5270,5230,5240,33972,0.0
2023-05-31,5240,5490,5240,5310,49760,0.013358778625954137
2023-06-01,5260,5330,5260,5330,20688,0.0037664783427495685
2023-06-02,5310,5350,5280,5340,20291,0.0018761726078799779
2023-06-05,5340,5340,5260,5330,32233,-0.0018726591760299671
2023-06-07,5340,5380,5220,5280,30701,-0.009380863039399667
2023-06-08,5270,5290,5190,5230,33559,-0.009469696969697017
2023-06-09,5270,5350,5240,5290,36371,0.011472275334607929
2023-06-12,5310,5340,5250,5280,31296,-0.001890359168241984
2023-06-13,5280,5310,5190,5250,36279,-0.005681818181818232
2023-06-14,5250,5260,5050,5150,68052,-0.01904761904761909
2023-06-15,5170,5170,5070,5110,27856,-0.007766990291262155
2023-06-16,5080,5140,5080,5120,35384,0.001956947162426559
2023-06-19,5100,5100,5000,5070,61111,-0.009765625
2023-06-20,5100,5200,5020,5080,49862,0.0019723865877712132
2023-06-21,5100,5180,5030,5090,19019,0.0019685039370078705
2023-06-22,5090,5090,5020,5090,11818,0.0
2023-06-23,5100,5100,5010,5070,30208,-0.003929273084479323
2023-06-26,5070,5090,4980,5060,15203,-0.0019723865877712132
2023-06-27,5030,5050,4990,5040,19313,-0.0039525691699604515
2023-06-28,5040,5110,5000,5060,29575,0.003968253968253954
2023-06-29,5110,5110,4890,4890,60473,-0.03359683794466406
2023-06-30,4890,5000,4830,5000,26373,0.02249488752556239
2023-07-03,5010,5020,4970,4970,29470,-0.006000000000000005
2023-07-04,4925,5030,4890,4975,41921,0.001006036217303885
2023-07-05,4975,5000,4855,4890,41739,-0.0170854271356784
2023-07-06,4895,4910,4720,4735,68995,-0.0316973415132924
2023-07-07,4735,5900,4720,5390,6913298,0.13833157338965152
2023-07-10,6150,6480,5550,5680,5957226,0.05380333951762517
2023-07-11,5310,5530,5260,5370,951118,-0.05457746478873238
2023-07-12,5350,5510,5190,5440,880833,0.013035381750465591
2023-07-13,5440,5460,5290,5340,290988,-0.018382352941176516
2023-07-14,5340,5400,5130,5140,265048,-0.03745318352059923
2023-07-17,5090,5180,5070,5090,127887,-0.009727626459143934
2023-07-18,5160,5160,4915,5020,186114,-0.013752455795677854
2023-07-19,5000,5010,4925,4970,114007,-0.009960159362549792
2023-07-20,4935,4965,4870,4965,92931,-0.001006036217303774
2023-07-21,4930,4995,4885,4965,122884,0.0
2023-07-24,4900,4950,4750,4750,199493,-0.043303121852970805
2023-07-25,4795,4795,4630,4655,126093,-0.020000000000000018
2023-07-26,4655,4700,4415,4515,252265,-0.03007518796992481
2023-07-27,4470,4630,4470,4590,74752,0.01661129568106312
2023-07-28,4590,4675,4590,4670,41522,0.017429193899782147
2023-07-31,4680,4715,4600,4715,66460,0.009635974304068595
2023-08-01,4665,4825,4650,4815,77857,0.021208907741251393
2023-08-02,4780,4870,4655,4680,116446,-0.028037383177570097
2023-08-03,4680,4695,4585,4675,90425,-0.0010683760683760646
2023-08-04,4695,4730,4590,4730,63139,0.0117647058823529
2023-08-07,4730,4730,4610,4710,73790,-0.0042283298097252064
2023-08-08,4685,4750,4620,4650,82304,-0.01273885350318471
2023-08-09,4650,4715,4625,4695,34538,0.00967741935483879
2023-08-10,4695,4795,4630,4755,68336,0.012779552715654896
2023-08-11,4735,4815,4730,4775,34136,0.004206098843322792
2023-08-14,4775,4775,4650,4670,38291,-0.021989528795811508
2023-08-16,4560,4620,4525,4595,60239,-0.016059957173447548
2023-08-17,4600,4600,4470,4600,71592,0.0010881392818280489
2023-08-18,4525,4600,4480,4600,28350,0.0
2023-08-21,4580,4635,4530,4625,52279,0.005434782608695565
2023-08-22,4640,4670,4595,4670,32027,0.00972972972972963
2023-08-23,4470,4930,4470,4790,474057,0.025695931477516032
2023-08-24,4810,4875,4720,4775,164902,-0.0031315240083507057
2023-08-25,4735,4775,4680,4710,86055,-0.013612565445026203
2023-08-28,4680,4760,4675,4725,99605,0.0031847133757962887
2023-08-29,4725,6140,4725,6140,11581255,0.29947089947089944
2023-08-30,6000,6140,5590,5630,4773291,-0.08306188925081437
2023-08-31,5510,5570,5410,5570,1103664,-0.010657193605683846
2023-09-01,5520,5560,5220,5260,830571,-0.055655296229802476
2023-09-04,5260,5370,5200,5250,455927,-0.0019011406844106071
2023-09-05,5240,5390,5220,5320,495840,0.01333333333333342
2023-09-06,5450,5530,5230,5250,857559,-0.013157894736842146
2023-09-07,5280,5330,5050,5110,353873,-0.026666666666666616
2023-09-08,5110,5180,5050,5100,161264,-0.00195694716242667
2023-09-11,5100,5180,5050,5070,193674,-0.00588235294117645
2023-09-12,5090,5230,4975,5000,351534,-0.013806706114398382
2023-09-13,4950,5000,4850,4870,309267,-0.026000000000000023
2023-09-14,4855,4950,4855,4925,80434,0.011293634496919891
2023-09-15,4930,5040,4920,5020,136783,0.019289340101522834
2023-09-18,5020,5040,4945,5010,103551,-0.0019920318725099584
2023-09-19,5030,5030,4885,4945,129305,-0.012974051896207595
2023-09-20,4905,5170,4890,4920,444682,-0.005055611729019249
2023-09-21,4920,4970,4800,4890,154516,-0.0060975609756097615
2023-09-22,4820,4860,4755,4810,133727,-0.01635991820040905
2023-09-25,4780,4820,4670,4700,150047,-0.022869022869022815
2023-09-26,4680,4730,4630,4640,107088,-0.012765957446808529
2023-09-27,4600,4745,4600,4740,54467,0.02155172413793105
2023-10-04,4695,4720,4600,4655,125190,-0.01793248945147674
2023-10-05,4710,4710,4540,4635,118807,-0.004296455424274925
2023-10-06,4625,5580,4625,4790,6559378,0.033441208198489836
2023-10-10,4855,4985,4690,4695,916823,-0.019832985386221247
2023-10-11,4750,4860,4730,4740,336052,0.009584664536741228
2023-10-12,4765,4865,4765,4825,241022,0.01793248945147674
2023-10-13,4790,4815,4705,4755,172991,-0.014507772020725396
2023-10-16,4715,4745,4595,4665,170403,-0.018927444794952675
2023-10-17,4665,4735,4665,4720,85940,0.011789924973204746
2023-10-18,4720,4740,4670,4715,67535,-0.0010593220338983578
2023-10-19,4670,4685,4495,4540,198677,-0.03711558854718977
2023-10-20,4500,4505,4330,4400,174492,-0.03083700440528636
2023-10-23,4380,4440,4310,4380,94402,-0.004545454545454519
2023-10-24,4380,4525,4280,4520,154771,0.03196347031963476
2023-10-25,4520,4575,4475,4550,71272,0.006637168141592875
2023-10-26,4495,4495,4340,4340,123618,-0.0461538461538461
2023-10-27,4340,4405,4300,4335,79275,-0.0011520737327188613
2023-10-30,4300,4430,4295,4430,44968,0.021914648212226107
2023-10-31,4405,4455,4235,4250,112608,-0.040632054176072185
2023-11-01,4250,4325,4250,4320,52949,0.016470588235294015
2023-11-02,4360,4445,4360,4445,79887,0.02893518518518512
2023-11-03,4455,4500,4410,4460,53601,0.003374578177727683
2023-11-06,4510,4590,4500,4570,71014,0.024663677130044803
2023-11-07,4570,4570,4425,4520,62311,-0.01094091903719907
2023-11-08,4510,4700,4460,4530,149430,0.0022123893805310324
2023-11-09,4530,4535,4455,4500,55538,-0.0066225165562914245
2023-11-10,4445,4455,4385,4420,36171,-0.01777777777777778
2023-11-13,4430,4455,4315,4330,67042,-0.020361990950226283
2023-11-14,4385,4440,4330,4440,33634,0.025404157043879882
2023-11-15,4500,4545,4455,4500,47799,0.013513513513513598
2023-11-16,4500,4540,4475,4540,52660,0.008888888888888946
2023-11-17,4540,4570,4490,4565,62542,0.005506607929515406
2023-11-20,4565,4765,4510,4625,146285,0.013143483023001057
2023-11-21,4590,4665,4590,4615,68313,-0.00216216216216214
2023-11-22,4600,4740,4570,4610,185564,-0.0010834236186348933
2023-11-23,4640,4680,4600,4630,72703,0.00433839479392617
2023-11-24,4630,4665,4600,4660,65106,0.00647948164146861
2023-11-27,4695,4695,4600,4655,45034,-0.0010729613733905241
2023-11-28,4625,4650,4575,4605,53505,-0.01074113856068748
2023-11-29,4605,5270,4550,4780,4906754,0.03800217155266017
2023-11-30,4725,4845,4655,4695,733592,-0.01778242677824271
2023-12-01,4730,4850,4710,4760,427997,0.013844515441959526
2023-12-04,4920,5590,4865,5200,8115611,0.09243697478991586
2023-12-05,5250,5350,5010,5060,1418475,-0.02692307692307694
2023-12-06,5120,5540,5050,5340,3270552,0.05533596837944654
2023-12-07,5310,5920,5160,5380,5409037,0.0074906367041198685
2023-12-08,5320,5530,5230,5320,963994,-0.01115241635687736
2023-12-11,5320,5420,5180,5260,515701,-0.011278195488721776
2023-12-12,5210,5270,5150,5240,316859,-0.0038022813688213253
2023-12-13,5230,5840,5090,5240,5572044,0.0
2023-12-14,5270,5390,5150,5180,761314,-0.011450381679389277
2023-12-15,5180,5290,5110,5200,273273,0.0038610038610038533
2023-12-18,5180,5250,5140,5200,172031,0.0
2023-12-19,5200,5310,5120,5190,304667,-0.0019230769230769162
2023-12-20,5310,5680,5220,5340,3283318,0.028901734104046284
2023-12-21,5310,5490,5220,5260,583842,-0.014981273408239737
2023-12-22,5250,5280,5150,5200,231581,-0.011406844106463865
2023-12-26,5170,5380,5130,5360,268674,0.03076923076923066
2023-12-27,5360,5380,5220,5240,211018,-0.02238805970149249
2023-12-28,5230,5420,5210,5280,193016,0.007633587786259444
2024-01-02,5250,5360,5240,5320,110177,0.007575757575757569
2024-01-03,5330,5420,5270,5300,152619,-0.003759398496240629
2024-01-04,5230,5270,5050,5060,227627,-0.04528301886792452
2024-01-05,5070,5190,5050,5130,63343,0.01383399209486158
2024-01-08,5120,5280,5110,5230,121179,0.01949317738791434
2024-01-09,5300,5420,5240,5410,300391,0.03441682600382401
2024-01-10,5400,5570,5300,5370,606352,-0.007393715341959317
2024-01-11,5450,5550,5390,5470,523796,0.01862197392923659
2024-01-12,5410,5470,5190,5240,227353,-0.042047531992687404
2024-01-15,5180,5240,5110,5200,122888,-0.007633587786259555
2024-01-16,5150,5210,5060,5130,85840,-0.013461538461538414
2024-01-17,5130,5140,4905,4940,180710,-0.03703703703703709
2024-01-18,4910,5080,4905,5060,102106,0.02429149797570851
2024-01-19,5060,5240,5020,5160,107212,0.01976284584980248
2024-01-22,5250,6050,5150,5330,3786611,0.032945736434108586
2024-01-23,5290,5400,5260,5370,363479,0.007504690431519689
2024-01-24,5370,5410,5250,5400,282111,0.005586592178770999
2024-01-25,5450,5570,5350,5420,623099,0.0037037037037037646
2024-01-26,5460,5520,5360,5440,245557,0.0036900369003689537
2024-01-29,5480,5510,5230,5280,257943,-0.02941176470588236
2024-01-30,5260,5360,5240,5320,107997,0.007575757575757569
2024-01-31,5390,5850,5140,5140,2971599,-0.03383458646616544
2024-02-01,5110,5190,4990,5020,260266,-0.023346303501945553
2024-02-02,5040,5310,5040,5280,263222,0.05179282868525892
2024-02-05,5270,5280,5130,5150,145558,-0.024621212121212155
2024-02-06,5210,5210,5000,5100,125019,-0.009708737864077666
2024-02-07,5080,5120,5020,5090,77255,-0.0019607843137254832
2024-02-08,5100,5150,5060,5110,64581,0.003929273084479323
2024-02-13,5160,5290,5160,5250,107965,0.027397260273972712
2024-02-14,5240,5330,5140,5300,119600,0.00952380952380949
2024-02-15,5310,5420,5270,5340,192492,0.007547169811320753
2024-02-16,5340,5430,5300,5400,179120,0.011235955056179803
2024-02-19,5370,5430,5360,5370,96685,-0.005555555555555536
2024-02-20,5390,5440,5330,5370,101615,0.0
2024-02-21,5340,5370,5280,5310,99124,-0.011173184357541888
2024-02-22,5320,5410,5300,5320,59517,0.0018832391713747842
2024-02-23,5330,5360,5180,5220,122592,-0.018796992481203034
2024-02-26,5230,5250,5010,5210,55614,-0.0019157088122605526
2024-02-27,5170,5220,5110,5200,79002,-0.0019193857965451588
2024-02-28,5220,5360,5210,5310,99558,0.02115384615384608
2024-02-29,5370,5430,5260,5330,176133,0.0037664783427495685
2024-03-04,5380,5440,5320,5360,97281,0.0056285178236397115
2024-03-05,5310,5420,5290,5290,86189,-0.013059701492537323
2024-03-06,5290,5350,5150,5150,92151,-0.026465028355387554
2024-03-07,5170,5210,5080,5160,67351,0.001941747572815622
2024-03-08,5120,5240,5070,5100,74746,-0.011627906976744207
2024-03-11,5110,5190,5100,5170,44746,0.013725490196078383
2024-03-12,5200,5250,5070,5140,73246,-0.005802707930367523
2024-03-13,5170,5170,5080,5160,63922,0.0038910505836575737
2024-03-14,5160,5160,5090,5110,31430,-0.009689922480620172
2024-03-15,5060,5140,5060,5080,41778,-0.005870841487279899
2024-03-18,5080,5140,5080,5080,25248,0.0
2024-03-19,5090,5120,5070,5070,34500,-0.0019685039370078705
2024-03-20,5080,5330,5080,5270,179759,0.03944773175542404
2024-03-21,5250,5280,5170,5200,91928,-0.013282732447817858
2024-03-22,5170,5230,5140,5140,53144,-0.011538461538461497
2024-03-25,5140,5170,5080,5100,50027,-0.0077821011673151474
2024-03-26,5100,5230,5090,5230,65576,0.025490196078431282
2024-03-27,5230,5280,5170,5210,47282,-0.003824091778202643
2024-03-28,5210,5270,5120,5160,32258,-0.009596928982725572
2024-03-29,5220,5220,5080,5090,46882,-0.013565891472868241
2024-04-01,5090,5190,5090,5180,35082,0.017681728880157177
2024-04-02,5190,5190,5070,5070,46385,-0.021235521235521193
2024-04-03,5070,5130,5040,5070,48266,0.0
2024-04-04,5080,5120,5080,5110,13429,0.007889546351084853
2024-04-05,5080,5110,5020,5100,37603,-0.00195694716242667
2024-04-08,5150,5150,4980,4985,54780,-0.022549019607843168
2024-04-09,4995,5060,4860,4860,87223,-0.025075225677031132
2024-04-11,4855,4905,4800,4855,53016,-0.0010288065843621075
2024-04-12,4820,4895,4805,4840,41253,-0.003089598352214229
2024-04-15,4780,4795,4645,4660,87473,-0.037190082644628086
2024-04-16,4660,4675,4550,4635,60696,-0.005364806866952843
2024-04-17,4605,4700,4605,4675,40174,0.008629989212513456
2024-04-18,4675,4795,4675,4795,29349,0.025668449197860932
2024-04-19,4795,4795,4625,4660,74038,-0.028154327424400383
2024-04-22,4880,4885,4725,4780,60357,0.025751072961373467
2024-04-23,4780,4815,4750,4750,26391,-0.006276150627615107
2024-04-24,4750,4905,4750,4880,49831,0.027368421052631486
2024-04-25,4865,4870,4705,4720,55156,-0.032786885245901676
2024-04-26,4725,4765,4690,4765,34088,0.009533898305084776
2024-04-29,4775,4840,4750,4820,28970,0.011542497376705096
2024-04-30,4825,4890,4820,4820,28061,0.0
2024-05-02,4810,4825,4750,4760,27291,-0.012448132780082943
2024-05-03,4760,4805,4740,4765,28507,0.0010504201680672232
2024-05-07,4765,4815,4685,4705,139570,-0.012591815320041944
2024-05-08,4720,4760,4690,4745,25349,0.008501594048884176
2024-05-09,4745,4765,4700,4705,25692,-0.008429926238145424
2024-05-10,4710,4790,4685,4700,51087,-0.0010626992561104665
2024-05-13,4785,4785,4555,4575,130975,-0.02659574468085102
2024-05-14,4575,4665,4575,4625,43296,0.010928961748633892
2024-05-16,4680,4770,4680,4750,52755,0.027027027027026973
2024-05-17,4765,4795,4730,4790,39459,0.008421052631578885
2024-05-20,4790,4790,4715,4715,37295,-0.01565762004175364
2024-05-21,4715,4740,4710,4720,19892,0.0010604453870626251
2024-05-22,4730,4760,4715,4735,24971,0.0031779661016948513
2024-05-23,4685,4760,4680,4740,37238,0.001055966209081216
2024-05-24,4740,4740,4680,4730,38525,-0.002109704641350185
2024-05-27,4700,4725,4665,4725,39931,-0.0010570824524313016
2024-05-28,4685,4725,4670,4725,575107,0.0
2024-05-29,4710,4730,4680,4720,41475,-0.0010582010582010914
2024-05-30,4695,4720,4660,4720,55553,0.0
2024-05-31,4710,4730,4685,4715,2027876,-0.0010593220338983578
2024-06-03,4715,4815,4695,4775,117794,0.012725344644750836
2024-06-04,4735,4775,4700,4740,114931,-0.007329842931937169
2024-06-05,4760,4760,4660,4740,67561,0.0
2024-06-07,4700,4745,4700,4735,42240,-0.0010548523206751481
2024-06-10,4705,4760,4670,4760,58711,0.0052798310454065245
2024-06-11,4745,4790,4735,4770,55920,0.0021008403361344463
2024-06-12,4760,4775,4735,4770,31815,0.0
2024-06-13,4760,4770,4735,4760,35828,-0.002096436058700246
2024-06-14,4760,4760,4710,4760,57177,0.0
2024-06-17,4710,4750,4700,4725,58868,-0.007352941176470562
2024-06-18,4710,4720,4660,4690,52235,-0.007407407407407418
2024-06-19,4675,4765,4675,4690,53769,0.0
2024-06-20,4690,4725,4675,4700,49907,0.002132196162046851
2024-06-21,4680,4695,4630,4675,44937,-0.005319148936170248
2024-06-24,4675,4680,4555,4600,53394,-0.016042780748663055
2024-06-25,4590,4605,4545,4595,23601,-0.0010869565217391797
2024-06-26,4595,4835,4455,4465,374482,-0.028291621327529937
2024-06-27,4465,4480,4325,4375,84779,-0.02015677491601342
2024-06-28,4415,4475,4400,4440,31985,0.014857142857142902
2024-07-01,4450,4545,4445,4520,66274,0.018018018018018056
2024-07-02,4520,4535,4440,4490,33639,-0.006637168141592875
2024-07-03,4490,4500,4385,4385,33939,-0.023385300668151476
2024-07-04,4390,4445,4390,4430,17778,0.010262257696693311
2024-07-05,4440,4440,4365,4385,33920,-0.010158013544018019
2024-07-08,4495,4495,4390,4420,34449,0.007981755986316896
2024-07-09,4450,4450,4380,4405,23937,-0.0033936651583710287
2024-07-10,4385,4415,4360,4415,26864,0.002270147559591429
2024-07-11,4415,4460,4380,4395,33817,-0.0045300113250282825
2024-07-12,4800,4850,4290,4295,1205221,-0.022753128555176305
2024-07-15,4285,4285,4240,4270,167582,-0.005820721769499437
2024-07-16,4270,4270,4235,4260,55444,-0.0023419203747072626
2024-07-17,4240,4275,4225,4260,41440,0.0
2024-07-18,4260,4265,4180,4245,81446,-0.0035211267605633756
2024-07-19,4240,4245,4155,4245,62573,0.0
2024-07-22,4245,4325,4175,4215,32100,-0.007067137809187329
2024-07-23,4225,4225,4150,4200,41713,-0.003558718861209953
2024-07-24,4195,4200,4165,4195,17649,-0.0011904761904761862
2024-07-25,4190,4190,4150,4170,59228,-0.005959475566150174
2024-07-26,4170,4205,4150,4200,21941,0.007194244604316502
2024-07-29,4200,4230,4155,4220,40058,0.004761904761904745
2024-07-30,4200,4200,4110,4135,56069,-0.020142180094786744
2024-07-31,4135,4180,4075,4180,34605,0.010882708585247869
2024-08-01,4165,4220,4160,4215,39967,0.00837320574162681
2024-08-02,4170,4180,4085,4110,59252,-0.02491103202846978
2024-08-05,4080,4080,3600,3705,254159,-0.0985401459854015
2024-08-06,3510,3870,3510,3770,179644,0.01754385964912286
2024-08-07,3720,3920,3720,3880,74372,0.02917771883289122
2024-08-08,3850,3890,3770,3890,34151,0.002577319587628857
2024-08-09,3915,3970,3895,3935,41554,0.011568123393316254
2024-08-12,3960,4040,3900,3940,44122,0.0012706480304955914
2024-08-13,3940,3950,3870,3950,32895,0.002538071065989911
2024-08-14,3960,3965,3910,3965,29317,0.0037974683544304
2024-08-16,4035,4035,3915,3965,39166,0.0
2024-08-19,3925,3970,3925,3950,20777,-0.003783102143757877
2024-08-20,3930,4005,3930,3990,18313,0.010126582278481067
2024-08-21,3940,3990,3935,3985,28717,-0.0012531328320801727
2024-08-22,3975,3975,3900,3915,49255,-0.017565872020075313
2024-08-23,3985,3985,3885,3930,55573,0.003831417624521105
2024-08-26,3930,3945,3815,3840,39963,-0.022900763358778664
2024-08-27,3835,4190,3805,3895,475267,0.01432291666666674
2024-08-28,3865,3950,3830,3900,122535,0.0012836970474967568
2024-08-29,3900,3900,3775,3830,76013,-0.017948717948717996
2024-08-30,3820,3885,3810,3870,57079,0.010443864229765065
2024-09-02,3885,3895,3780,3855,47785,-0.003875968992248069
2024-09-03,3905,4665,3905,4585,8511616,0.1893644617380026
2024-09-04,4605,4795,4200,4330,4404547,-0.055616139585605184
2024-09-05,4340,4435,4100,4245,1069302,-0.019630484988452657
2024-09-06,4305,4310,3910,4000,762053,-0.05771495877502941
2024-09-09,3950,4090,3850,4090,288875,0.022499999999999964
2024-09-10,4090,4090,3810,3810,488893,-0.06845965770171147
2024-09-11,3850,3935,3795,3810,244826,0.0
2024-09-12,3825,4090,3820,3870,389736,0.015748031496062964
2024-09-13,3870,3935,3805,3855,105907,-0.003875968992248069
2024-09-19,3855,3865,3710,3830,144797,-0.006485084306095956
2024-09-20,3830,3900,3810,3875,129599,0.011749347258485532
2024-09-23,3890,3895,3805,3895,86709,0.005161290322580614
2024-09-24,3920,3995,3895,3970,131814,0.019255455712451797
2024-09-25,3960,4105,3930,4040,308650,0.017632241813602123
2024-09-26,4030,4070,3995,4050,144108,0.0024752475247524774
2024-09-27,4020,4035,3980,4020,106398,-0.007407407407407418
2024-09-30,4010,4015,3940,3995,64656,-0.006218905472636815
2024-10-02,3950,3980,3900,3900,78643,-0.02377972465581979
2024-10-04,3900,4105,3900,4105,535094,0.0525641025641026
2024-10-07,4000,4030,3950,3995,186724,-0.02679658952496955
2024-10-08,3995,4050,3960,4025,70572,0.007509386733416834
2024-10-10,4030,4045,4000,4025,61192,0.0
2024-10-11,4015,4025,3955,3980,87636,-0.011180124223602483
2024-10-14,3980,4090,3925,4020,139238,0.01005025125628145
2024-10-15,4020,4065,4015,4020,48429,0.0
2024-10-16,4010,4115,4000,4045,105238,0.006218905472636926
2024-10-17,4035,4090,3985,4040,49921,-0.0012360939431397266
2024-10-18,4010,4040,3975,4010,46690,-0.007425742574257432
2024-10-21,3990,4020,3975,4000,45543,-0.0024937655860348684
2024-10-22,3995,3995,3850,3860,99231,-0.03500000000000003
2024-10-23,3880,3895,3815,3860,69615,0.0
2024-10-24,3805,3860,3780,3850,54184,-0.002590673575129543
2024-10-25,3850,3855,3765,3795,61386,-0.014285714285714235
2024-10-28,3795,3865,3795,3865,30683,0.01844532279314892
2024-10-29,3865,4100,3810,3970,250976,0.027166882276843385
2024-10-30,3990,4155,3895,3950,201380,-0.005037783375314908
2024-10-31,3910,4090,3870,4045,134225,0.02405063291139231
2024-11-01,3995,3995,3920,3935,72699,-0.027194066749072876
2024-11-04,3965,3965,3910,3950,42638,0.003811944091486552
2024-11-05,3950,3965,3910,3925,102175,-0.006329113924050667
2024-11-06,3915,3955,3880,3950,60273,0.006369426751592355
2024-11-07,3955,3955,3865,3925,54442,-0.006329113924050667
2024-11-08,3935,4120,3925,4035,297652,0.028025477707006363
2024-11-11,4035,4070,3870,3915,163013,-0.029739776951672847
2024-11-12,3975,4025,3890,3900,194246,-0.003831417624521105
2024-11-13,3890,3955,3835,3880,130550,-0.00512820512820511
2024-11-14,3905,3905,3800,3850,124100,-0.0077319587628865705
2024-11-15,3795,3895,3765,3860,119785,0.0025974025974024872
2024-11-18,3885,3970,3855,3935,90706,0.01943005181347157
2024-11-19,3935,3965,3910,3960,40169,0.006353240152477735
2024-11-20,3950,3975,3915,3965,49392,0.0012626262626262985
2024-11-21,3970,3975,3930,3955,33002,-0.0025220680958385477
2024-11-22,3955,4005,3930,3945,76207,-0.0025284450063211006
2024-11-25,3960,4095,3955,4080,139803,0.034220532319391594
2024-11-26,4065,4120,4025,4120,134565,0.009803921568627416
2024-11-27,4120,4145,4075,4140,92043,0.004854368932038833
2024-11-28,4160,4190,4120,4185,75658,0.010869565217391353
2024-11-29,4190,4225,4125,4215,198994,0.007168458781362075
2024-12-02,4300,4300,4145,4220,331959,0.0011862396204034287
2024-12-03,4180,4220,4110,4215,140196,-0.0011848341232227888
2024-12-04,4155,4175,4100,4145,160373,-0.016607354685646447
2024-12-05,4150,4150,4010,4065,139612,-0.0193003618817853
2024-12-06,4045,4065,3900,4065,181703,0.0
2024-12-09,3965,4040,3790,3880,238002,-0.045510455104551095
2024-12-10,3845,4050,3825,4000,191470,0.030927835051546282
2024-12-11,4075,4340,4055,4325,636483,0.08125000000000004
2024-12-12,4325,4335,4210,4270,250424,-0.012716763005780396
2024-12-13,4300,4360,4220,4310,118101,0.00936768149882905
2024-12-16,4310,4410,4305,4405,192624,0.022041763341067222
2024-12-17,4405,4405,4315,4335,104745,-0.01589103291713967
2024-12-18,4335,4340,4210,4280,122784,-0.012687427912341454
2024-12-19,4205,4440,4150,4300,200174,0.004672897196261738
2024-12-20,4275,4275,4190,4260,98492,-0.009302325581395321
2024-12-23,4240,4280,4185,4260,69961,0.0
2024-12-24,4220,4420,4215,4290,421507,0.007042253521126751
2024-12-26,4280,4280,4150,4230,591275,-0.013986013986013957
2024-12-27,4200,4310,4100,4140,258567,-0.021276595744680882
2024-12-30,4110,4260,4050,4240,169926,0.024154589371980784
2025-01-02,4245,4310,4170,4250,130993,0.002358490566037652
2025-01-03,4255,4425,4230,4335,268208,0.020000000000000018
2025-01-06,4360,5420,4310,5030,16742349,0.1603229527104959
2025-01-07,4930,5510,4890,5100,7405147,0.013916500994035852
2025-01-08,4900,5140,4740,4860,1547905,-0.04705882352941182
2025-01-09,4530,4655,4345,4430,1230112,-0.08847736625514402
2025-01-10,4425,4560,4425,4505,587923,0.016930022573363512
2025-01-13,4460,4545,4360,4365,375302,-0.031076581576026663
2025-01-14,4310,4380,4255,4335,274625,-0.0068728522336769515
2025-01-15,4410,4475,4320,4415,449515,0.018454440599769306
2025-01-16,4550,4615,4470,4490,747901,0.016987542468856143
2025-01-17,4540,4540,4420,4430,185677,-0.013363028953229383
2025-01-20,4470,4470,4350,4395,229254,-0.007900677200902928
2025-01-21,4395,4415,4310,4335,243044,-0.013651877133105783
2025-01-22,4395,5430,4355,4945,12808139,0.14071510957324107
2025-01-23,4915,5030,4705,4715,2312081,-0.046511627906976716
2025-01-24,4715,4755,4640,4695,748052,-0.0042417815482502785
2025-01-31,4690,4720,4595,4630,473248,-0.013844515441959526
2025-02-03,4580,4580,4420,4545,450579,-0.018358531317494653
2025-02-04,4560,4870,4560,4715,1199492,0.037403740374037486
2025-02-05,4745,4760,4700,4745,357521,0.006362672322375307
2025-02-06,4770,4840,4730,4775,428297,0.006322444678608985
2025-02-07,4895,4910,4755,4755,526358,-0.004188481675392652
2025-02-10,4695,4795,4660,4795,303558,0.008412197686645584
2025-02-11,4880,4885,4725,4750,295434,-0.009384775808133461
2025-02-12,4750,4755,4660,4660,220752,-0.0189473684210526
2025-02-13,4675,4920,4675,4820,446876,0.03433476394849788
2025-02-14,4850,4860,4785,4820,187762,0.0
2025-02-17,4840,4870,4800,4845,217792,0.005186721991701226
2025-02-18,4850,4850,4790,4825,195598,-0.0041279669762641635
2025-02-19,4810,4830,4730,4770,259483,-0.011398963730569922
2025-02-20,4850,4870,4760,4775,238567,0.0010482180293500676
2025-02-21,4795,4795,4730,4775,165201,0.0
2025-02-24,4755,4780,4680,4750,122834,-0.005235602094240788
2025-02-25,4750,4790,4705,4720,120097,-0.0063157894736841635
2025-02-26,4740,4770,4705,4755,91115,0.00741525423728806
2025-02-27,4760,4775,4625,4680,144664,-0.01577287066246058
2025-02-28,4600,4650,4510,4535,188168,-0.030982905982905984
2025-03-04,4490,4530,4415,4460,135233,-0.016538037486218293
2025-03-05,4435,4565,4435,4540,93507,0.017937219730941756
2025-03-06,4535,4590,4500,4545,73936,0.0011013215859030367
2025-03-07,4525,4525,4455,4460,95998,-0.018701870187018743
2025-03-10,4425,4500,4420,4485,42716,0.005605381165919354
2025-03-11,4400,4435,4270,4395,78101,-0.02006688963210701
2025-03-12,4395,4450,4385,4400,56549,0.0011376564277587597
2025-03-13,4400,4565,4400,4435,119874,0.007954545454545547
2025-03-14,4440,4490,4430,4490,54431,0.012401352874858995
2025-03-17,4560,4565,4480,4480,84733,-0.00222717149220486
2025-03-18,4485,4535,4425,4430,113515,-0.011160714285714302
2025-03-19,4420,4460,4370,4395,74485,-0.007900677200902928
2025-03-20,4395,4430,4310,4310,79383,-0.019340159271899915
2025-03-21,4295,4320,4245,4300,78208,-0.002320185614849146
2025-03-24,4285,4345,4245,4335,66996,0.008139534883720989
2025-03-25,4335,4365,4175,4230,133529,-0.02422145328719727
2025-03-26,4200,4260,4200,4260,53535,0.007092198581560183
2025-03-27,4220,4280,4195,4210,58348,-0.011737089201877882
2025-03-28,4210,4240,4010,4085,120348,-0.029691211401425166
2025-03-31,4080,4090,3980,4025,90830,-0.014687882496939975
2025-04-01,4010,4190,4010,4170,49726,0.03602484472049694
2025-04-02,4170,4215,4080,4125,40619,-0.010791366906474864
2025-04-03,4080,4140,4000,4110,35651,-0.0036363636363636598
2025-04-04,4010,4180,4010,4180,62355,0.017031630170316392
2025-04-07,4070,4070,3925,3940,107651,-0.0574162679425837
2025-04-08,3960,4040,3940,3995,67060,0.013959390862944066
2025-04-09,3910,3995,3810,3885,99063,-0.027534418022528206
2025-04-10,4000,4120,3970,4120,79687,0.06048906048906044
2025-04-11,4080,4210,4025,4210,99498,0.02184466019417486
2025-04-14,4195,4270,4165,4245,72969,0.008313539192398967
2025-04-15,4200,4335,4190,4260,115680,0.0035335689045936647
2025-04-16,4250,4300,4210,4220,87599,-0.009389671361502372
2025-04-17,4245,4330,4235,4320,56796,0.023696682464454888
2025-04-18,4320,4355,4305,4335,53766,0.003472222222222321
2025-04-21,4380,4420,4345,4380,107183,0.01038062283737018
2025-04-22,4380,4380,4250,4330,59682,-0.011415525114155223
2025-04-23,4355,4365,4315,4330,65818,0.0
2025-04-24,4360,4405,4300,4380,75903,0.011547344110854452
2025-04-25,4385,4430,4355,4400,55860,0.004566210045662045
2025-04-28,4595,5440,4530,4955,15251254,0.1261363636363637
2025-04-29,4920,4990,4495,4505,3141201,-0.09081735620585263
2025-04-30,4500,4535,4355,4380,693918,-0.027746947835738056
2025-05-02,4360,4425,4335,4340,462328,-0.0091324200913242
2025-05-07,4340,4425,4340,4425,262163,0.019585253456221308
2025-05-08,4425,4460,4400,4460,243315,0.00790960451977396
2025-05-09,4485,5430,4465,4930,24814582,0.10538116591928248
2025-05-12,5100,5910,5100,5440,18608125,0.10344827586206895
2025-05-13,5440,5850,5440,5560,6923425,0.022058823529411686
2025-05-14,5620,6410,5490,5770,13083258,0.03776978417266186
2025-05-15,5720,5900,5680,5830,2650834,0.010398613518197486
2025-05-16,5800,5960,5690,5840,1868405,0.0017152658662091813
2025-05-19,5860,5880,5420,5480,1956519,-0.06164383561643838
2025-05-20,5520,6050,5380,5830,11005486,0.06386861313868608
2025-05-21,5880,6190,5600,5650,7569147,-0.030874785591766707
2025-05-22,6190,6390,5510,5560,15131356,-0.015929203539822967
2025-05-23,5560,5910,5320,5790,7584072,0.04136690647482011
2025-05-26,5760,5830,5600,5630,2954547,-0.02763385146804831
2025-05-27,5590,5680,5280,5290,2135495,-0.060390763765541755
2025-05-28,5420,6080,5420,5670,9887247,0.07183364839319473
2025-05-29,5600,5950,5480,5890,5235425,0.03880070546737224
2025-05-30,5770,5800,5620,5670,1314714,-0.0373514431239389
2025-06-02,5800,6070,5740,5960,3516025,0.051146384479717755
2025-06-04,6100,6420,5820,6230,4994047,0.04530201342281881
2025-06-05,6170,6660,6050,6190,6343372,-0.006420545746388395
2025-06-09,6970,8040,6830,7800,27001030,0.260096930533118
2025-06-10,8020,8260,7220,7700,10492827,-0.012820512820512775
2025-06-11,7710,9600,7500,8950,36710128,0.16233766233766245
2025-06-12,8850,9240,8770,8830,5702664,-0.013407821229050265
2025-06-13,9090,9180,8520,8580,5041926,-0.028312570781426905
2025-06-16,8700,9490,8690,8920,14697556,0.03962703962703973
2025-06-17,9220,9560,8000,8310,7099289,-0.06838565022421528
2025-06-18,8350,8690,8030,8420,5303010,0.013237063778579916
2025-06-19,8690,9700,8530,9020,24538223,0.07125890736342044
2025-06-20,8900,9320,8400,9250,6689072,0.02549889135254979
2025-06-23,9140,10700,8830,10080,25840724,0.0897297297297297
2025-06-24,10110,10310,9780,10090,5478478,0.0009920634920634885
2025-06-25,9780,9830,9200,9250,3527726,-0.0832507433102081
2025-06-26,8900,9030,8180,8290,4318262,-0.10378378378378383
2025-06-27,8390,8490,8070,8220,2304163,-0.008443908323281013
2025-06-30,8010,8860,7700,8130,8955718,-0.010948905109489093
2025-07-01,8210,8540,8200,8370,1883572,0.029520295202952074
2025-07-02,8530,8600,7860,7950,1211553,-0.05017921146953408
2025-07-03,7900,8090,7760,7800,629999,-0.018867924528301883
2025-07-04,7830,8130,7740,7800,858982,0.0
2025-07-07,8250,8510,8090,8130,1804127,0.04230769230769238
2025-07-08,8550,8600,8210,8300,1325192,0.02091020910209096
2025-07-09,8370,8540,8170,8390,727721,0.010843373493975905
2025-07-10,8580,9130,8340,8780,3652422,0.04648390941597147
2025-07-11,8930,8940,8500,8640,1043575,-0.015945330296127547
2025-07-14,8460,8480,8070,8250,764634,-0.04513888888888884
2025-07-15,8260,8290,7850,7950,880008,-0.036363636363636376
2025-07-16,7680,7960,7550,7740,766522,-0.026415094339622636
2025-07-17,8160,8160,7670,7700,742311,-0.0051679586563307955
2025-07-18,7870,7870,7520,7640,522812,-0.007792207792207795
2025-07-21,7720,7730,7570,7610,312476,-0.003926701570680646
2025-07-22,7610,7640,7420,7490,419991,-0.015768725361366642
2025-07-23,7380,7460,7250,7400,393696,-0.012016021361815787
2025-07-24,7460,7510,7190,7250,413639,-0.020270270270270285
2025-07-25,7250,7590,7250,7460,576169,0.028965517241379413
2025-07-28,7570,7620,7300,7370,281564,-0.012064343163538882
2025-07-29,7340,7420,7240,7310,188756,-0.008141112618724522
2025-07-30,7570,7580,7290,7300,332888,-0.001367989056087593
2025-07-31,7280,7390,7170,7320,199344,0.00273972602739736
2025-08-01,7230,7250,6930,7010,433723,-0.042349726775956276
2025-08-04,6860,7170,6860,7110,231005,0.014265335235378096
2025-08-05,7130,7220,7060,7130,197844,0.002812939521800173
2025-08-06,7240,7240,7070,7140,161478,0.0014025245441795509
2025-08-07,7210,7260,7100,7190,158511,0.007002801120448154
2025-08-08,7190,7220,7080,7100,153809,-0.012517385257301838
2025-08-11,7110,7140,7010,7050,134950,-0.007042253521126751
2025-08-12,7110,7170,6950,6970,188885,-0.01134751773049647
2025-08-13,7100,7100,6860,6950,132229,-0.0028694404591105283
2025-08-14,6950,7100,6930,7040,123801,0.012949640287769792
2025-08-18,7030,7030,6910,6920,110257,-0.017045454545454586
2025-08-19,6920,7100,6850,6900,185208,-0.0028901734104046506
2025-08-20,6730,6820,6580,6730,253806,-0.024637681159420333
2025-08-21,6730,6930,6730,6930,173102,0.029717682020802272
2025-08-22,7010,7120,6960,7010,239733,0.011544011544011523
2025-08-25,7030,7150,7020,7050,142320,0.005706134094151105
2025-08-26,6980,7020,6910,6980,147550,-0.009929078014184411
2025-08-27,7000,7030,6910,6980,138987,0.0
2025-08-28,6910,7050,6900,6950,156706,-0.004297994269340966
2025-08-29,7020,7040,6890,6920,141045,-0.004316546762589968
2025-09-01,6840,7020,6790,6920,134939,0.0
2025-09-02,7230,7240,6890,6920,483846,0.0
2025-09-03,6920,6920,6730,6800,188664,-0.017341040462427793
2025-09-04,6810,6940,6770,6890,189893,0.013235294117647012
2025-09-05,6900,6910,6800,6850,121831,-0.005805515239477477
2025-09-08,6800,6910,6790,6890,116175,0.005839416058394109
2025-09-09,6890,6990,6890,6990,138337,0.014513788098693858
2025-09-10,7170,7220,7030,7150,407915,0.022889842632331847
2025-09-11,7280,7330,7150,7240,343483,0.012587412587412583
2025-09-12,7310,7350,7160,7190,242736,-0.006906077348066253
2025-09-15,7340,7340,7060,7120,150815,-0.009735744089012566
2025-09-16,7240,7300,7130,7200,184570,0.011235955056179803
2025-09-17,7260,7260,7070,7110,131713,-0.012499999999999956
2025-09-18,7150,7390,7110,7370,309306,0.03656821378340358
2025-09-19,7570,7750,7420,7550,997601,0.024423337856173788
2025-09-22,7660,7680,7170,7170,1070102,-0.050331125827814516
2025-09-23,7230,7240,6900,6930,571147,-0.03347280334728031
2025-09-24,6930,6980,6740,6750,507006,-0.025974025974025983
2025-09-25,6750,7010,6650,6880,665906,0.01925925925925931
2025-09-26,6870,6870,6530,6580,565169,-0.043604651162790664
2025-09-29,6900,7370,6840,6900,1766238,0.04863221884498481
2025-09-30,6900,6980,6600,6620,473081,-0.04057971014492756
2025-10-01,6620,6700,6390,6410,462549,-0.031722054380664666
2025-10-02,6410,6550,6410,6500,181531,0.014040561622464809
2025-10-10,6520,6690,6480,6520,267896,0.003076923076922977
2025-10-13,6460,6510,6280,6380,307901,-0.021472392638036797
2025-10-14,6410,6600,6320,6370,365433,-0.0015673981191222097
2025-10-15,6420,6490,6380,6480,142810,0.017268445839874413
2025-10-16,6480,6530,6330,6350,253299,-0.020061728395061706
2025-10-17,6410,6410,6210,6250,321869,-0.015748031496062964
2025-10-20,6220,6380,6150,6340,172830,0.014399999999999968
2025-10-21,6310,6430,6300,6350,195548,0.001577287066246047
2025-10-22,6350,6460,6230,6440,177177,0.014173228346456623
2025-10-23,6440,6540,6310,6410,234960,-0.004658385093167738
2025-10-24,6460,6470,6320,6370,191278,-0.006240249609984372
2025-10-27,6400,6620,6380,6540,434013,0.02668759811616961
2025-10-28,6550,6600,6410,6440,217713,-0.015290519877675823
2025-10-29,6450,6490,6360,6380,237742,-0.009316770186335366
2025-10-30,6370,6420,6070,6100,511828,-0.043887147335423204
2025-10-31,6100,6250,6100,6210,183682,0.0180327868852459
2025-11-03,6160,6360,6160,6240,240542,0.004830917874396157
2025-11-04,6240,6340,6140,6250,190909,0.0016025641025640969
2025-11-05,6250,6250,5880,6160,369193,-0.014399999999999968
2025-11-06,6170,6310,6060,6240,157456,0.01298701298701288
2025-11-07,6210,6240,5960,6060,221724,-0.028846153846153855
2025-11-10,6110,6290,6060,6270,195614,0.034653465346534684
2025-11-11,6250,6410,6200,6270,213593,0.0
2025-11-12,6280,6480,6250,6440,237296,0.027113237639553533
2025-11-13,6440,6470,6360,6430,162893,-0.0015527950310558758
2025-11-14,6330,6440,6190,6190,243996,-0.03732503888024885
2025-11-17,6230,6290,6100,6200,96895,0.001615508885298933
2025-11-18,6120,6250,5940,5950,167016,-0.040322580645161255
2025-11-19,5920,6050,5830,5950,139279,0.0
2025-11-20,6020,6320,6020,6290,197651,0.05714285714285716
2025-11-21,6000,6170,5960,5980,168479,-0.049284578696343395
2025-11-24,6110,6180,5960,5990,142097,0.0016722408026756952
2025-11-25,6060,6190,5880,5920,145394,-0.011686143572620988
2025-11-26,6010,6030,5890,6010,77731,0.01520270270270263
2025-11-27,6020,6090,5940,5960,88260,-0.008319467554076532
2025-11-28,5960,6110,5960,6090,119170,0.02181208053691286
2025-12-01,6300,6560,6030,6050,787153,-0.006568144499178974
2025-12-02,6070,6070,5950,5960,244316,-0.014876033057851235
2025-12-03,6010,6150,5980,6120,234512,0.02684563758389258
2025-12-04,6110,6150,6010,6040,132388,-0.013071895424836555
2025-12-05,6090,6180,6000,6060,154729,0.0033112582781456013
2025-12-08,6080,6190,6050,6060,173069,0.0
2025-12-09,6060,6100,5990,6090,127309,0.004950495049504955
2025-12-10,6100,6130,6040,6070,148851,-0.003284072249589487
2025-12-11,6150,6200,6060,6110,196930,0.006589785831960571
2025-12-12,6160,6240,6080,6230,142733,0.019639934533551617
2025-12-15,6120,6210,6100,6140,99977,-0.014446227929374
2025-12-16,6140,6140,5950,5950,295271,-0.030944625407166138
2025-12-17,5990,6020,5890,5920,122791,-0.005042016806722671
2025-12-18,5850,5940,5770,5870,136458,-0.008445945945945943
2025-12-19,5880,6150,5850,6110,237324,0.040885860306643984
2025-12-22,6110,6380,6110,6310,338871,0.032733224222585955
2025-12-23,6230,6320,6190,6240,193929,-0.011093502377179099
2025-12-24,6250,6270,6140,6170,78110,-0.011217948717948678
