Date,Open,High,Low,Close,Volume,Change
2022-01-03,4425,4538,4375,4513,10527,0.019656574785359204
2022-01-04,4538,4538,4450,4513,9493,0.0
2022-01-05,4513,4513,4388,4426,10876,-0.01927764236649676
2022-01-06,4412,4488,4350,4463,13088,0.008359692724807966
2022-01-07,4538,4751,4450,4751,45978,0.06453058480842477
2022-01-10,4750,4938,4575,4863,35389,0.023573984424331673
2022-01-11,4763,4851,4725,4776,8179,-0.017890191239975373
2022-01-12,4775,4838,4637,4738,11622,-0.007956448911222824
2022-01-13,4763,4763,4625,4751,8849,0.0027437737441957655
2022-01-14,4750,4926,4688,4776,25508,0.005262050094716919
2022-01-17,4776,4813,4501,4501,12980,-0.05757956448911228
2022-01-18,4476,4651,4376,4376,8149,-0.027771606309708985
2022-01-19,4451,4451,4288,4376,9033,0.0
2022-01-20,4375,4638,4337,4363,11190,-0.002970749542961615
2022-01-21,4413,4463,4338,4401,9057,0.008709603483841422
2022-01-24,4451,4451,4238,4301,13746,-0.022722108611679115
2022-01-25,4300,4300,4037,4263,19862,-0.008835154615205787
2022-01-26,4200,4276,4138,4251,7371,-0.0028149190710766714
2022-01-27,4150,4301,4038,4201,6854,-0.011761938367442992
2022-01-28,4200,4251,4100,4251,5004,0.011901928112354243
2022-02-03,4413,4413,4225,4251,10195,0.0
2022-02-04,4263,4501,4213,4501,7753,0.05880969183721474
2022-02-07,4600,5251,4500,4776,156183,0.061097533881359745
2022-02-08,4851,4938,4713,4751,29119,-0.005234505862646621
2022-02-09,4800,5501,4800,5301,278724,0.11576510208377178
2022-02-10,5326,5476,5238,5326,82440,0.00471609130352757
2022-02-11,5326,5676,5038,5151,200552,-0.032857679309049925
2022-02-14,4963,5075,4737,4863,47932,-0.05591147350029124
2022-02-15,4813,5138,4800,5001,52245,0.028377544725478154
2022-02-16,5126,5301,5001,5001,41362,0.0
2022-02-17,5126,6214,5063,5764,586107,0.15256948610277954
2022-02-18,5638,6001,5563,5701,164943,-0.010929909784871628
2022-02-21,5750,6026,5750,5876,197819,0.030696369058059947
2022-02-22,5750,6150,5688,5976,256902,0.017018379850238352
2022-02-23,6076,6413,5900,5926,265430,-0.008366800535475227
2022-02-24,5813,5876,5538,5601,118044,-0.05484306446169418
2022-02-25,5801,6351,5626,6164,258328,0.10051776468487761
2022-02-28,6101,6251,5951,6189,113575,0.004055807916937049
2022-03-02,6188,6726,6051,6589,238212,0.06463079657456783
2022-03-03,6726,6913,6513,6701,201784,0.016998027014721417
2022-03-04,6700,6850,6438,6726,73407,0.0037307864497835297
2022-03-07,6589,6601,6213,6414,110650,-0.04638715432649421
2022-03-08,6125,6476,6075,6376,90876,-0.005924540068599993
2022-03-10,6501,6713,6363,6426,151988,0.007841907151819427
2022-03-11,6363,6526,6200,6301,89518,-0.019452225334578244
2022-03-14,6276,6276,5701,5739,136491,-0.08919219171560067
2022-03-15,5638,5988,5588,5776,77447,0.006447116222338289
2022-03-16,5776,5876,5638,5726,55154,-0.00865650969529086
2022-03-17,5838,5876,5600,5701,52157,-0.004366049598323429
2022-03-18,5700,5863,5588,5801,38415,0.017540782318891335
2022-03-21,5776,5876,5726,5739,25654,-0.01068781244612993
2022-03-22,5763,6439,5700,6264,174556,0.09147935180345002
2022-03-23,6251,6413,6126,6289,71519,0.003991060025542836
2022-03-24,6225,6288,6138,6251,33804,-0.0060422960725075026
2022-03-25,6263,6601,6163,6364,69452,0.018077107662773928
2022-03-28,6325,6376,6150,6251,32838,-0.017756128221244505
2022-03-29,6250,6476,6188,6451,31293,0.03199488081906887
2022-03-30,6450,6576,6363,6426,17125,-0.0038753681599752454
2022-03-31,6426,6463,6363,6376,20878,-0.00778089013383132
2022-04-01,6376,7389,6326,7064,413086,0.10790464240903397
2022-04-04,7101,7577,6951,7302,299104,0.033691959229898094
2022-04-05,7288,7439,7063,7314,81630,0.0016433853738702098
2022-04-06,7176,7339,7114,7252,50827,-0.008476893628657334
2022-04-07,7164,7377,7039,7377,52049,0.01723662437948148
2022-04-08,7589,7952,7251,7827,233715,0.06100040666937789
2022-04-11,7827,7877,7389,7477,89144,-0.04471700523827771
2022-04-12,7289,7502,7126,7302,63491,-0.023405109000936175
2022-04-13,7301,7376,7014,7352,43345,0.006847439057792393
2022-04-14,7339,8877,7189,8227,708940,0.11901523394994551
2022-04-15,8100,8314,7801,8114,180196,-0.013735261942384835
2022-04-18,7951,8727,7926,8252,287302,0.017007641114123784
2022-04-19,8202,8402,7876,7977,115677,-0.03332525448376156
2022-04-20,8039,8364,7751,8252,94661,0.03447411307509096
2022-04-21,8251,8514,8051,8352,105895,0.012118274357731496
2022-04-22,8364,8452,8064,8377,57559,0.0029932950191571273
2022-04-25,8164,8201,7700,7764,59197,-0.07317655485257257
2022-04-26,7914,7914,7576,7752,49281,-0.0015455950540957941
2022-04-27,7414,7489,6889,7427,74750,-0.04192466460268318
2022-04-28,7500,8151,7376,7989,136779,0.07566985323818498
2022-04-29,7976,8376,7576,7889,229876,-0.012517211165352315
2022-05-02,7814,7964,7539,7552,54732,-0.04271770820129295
2022-05-03,7489,7502,7289,7427,35253,-0.016551906779661008
2022-05-04,7314,7577,7314,7402,20672,-0.003366096674296437
2022-05-06,7351,7388,6813,6914,81672,-0.06592812753309918
2022-05-09,6788,7038,6588,6626,59243,-0.04165461382701763
2022-05-10,6438,6576,6138,6364,74610,-0.03954120132810146
2022-05-11,6400,6726,6400,6601,77417,0.03724072910119425
2022-05-12,6426,6526,6263,6314,61100,-0.04347826086956519
2022-05-13,6351,7051,6326,7014,118204,0.11086474501108645
2022-05-16,6989,7176,6900,6964,52930,-0.007128599942971214
2022-05-17,7001,7389,6939,7127,94579,0.02340608845491099
2022-05-18,7301,7301,6838,7089,69936,-0.0053318366774238735
2022-05-19,6876,7302,6751,7177,55952,0.01241359853293833
2022-05-20,7176,7726,7138,7664,82312,0.0678556499930334
2022-05-23,7864,8377,7251,7352,352639,-0.04070981210855951
2022-05-24,7401,7714,7201,7464,128357,0.015233949945593128
2022-05-25,7676,7676,7276,7389,46114,-0.010048231511254002
2022-05-26,7426,7626,7351,7364,64183,-0.0033834077683042585
2022-05-27,7414,7576,7326,7364,23133,0.0
2022-05-30,7389,7552,7389,7427,24295,0.008555133079847899
2022-05-31,7426,7677,7389,7627,38471,0.02692877339437194
2022-06-02,7814,7814,7364,7402,81206,-0.02950045889602726
2022-06-03,7752,7877,7152,7152,197959,-0.033774655498513884
2022-06-07,7052,7227,6901,7052,84112,-0.013982102908277394
2022-06-08,7001,7127,6951,7052,42899,0.0
2022-06-09,7001,8502,7001,7727,1578240,0.0957175269427113
2022-06-10,7626,7927,7426,7677,234433,-0.0064708166170570625
2022-06-13,7351,7501,6975,7001,134545,-0.08805522990751591
2022-06-14,6876,7852,6476,7427,314926,0.060848450221396844
2022-06-15,7352,7577,7051,7252,249674,-0.023562676720075393
2022-06-16,7326,7652,7276,7452,126180,0.027578599007170412
2022-06-17,7301,7527,7101,7502,47730,0.006709608158883551
2022-06-20,7727,7727,7151,7202,86125,-0.0399893361770195
2022-06-21,7202,7477,6951,7202,61612,0.0
2022-06-22,7201,7476,6676,6676,61850,-0.07303526798111637
2022-06-23,6526,6776,6400,6501,134259,-0.026213301378070653
2022-06-24,6425,6876,6425,6851,52667,0.05383787109675442
2022-06-27,6951,7126,6725,6876,118124,0.003649102320829156
2022-06-28,6876,7026,6775,6801,55048,-0.010907504363001697
2022-06-29,6601,6826,6425,6601,333313,-0.029407440082340863
2022-06-30,6526,6601,5800,5826,493805,-0.11740645356764123
2022-07-01,5851,6401,5675,5726,424749,-0.01716443529007894
2022-07-04,5776,5801,5400,5601,135221,-0.021830247991617147
2022-07-05,5625,5901,5575,5826,145874,0.04017139796464919
2022-07-06,5851,6001,5650,5751,172336,-0.012873326467559232
2022-07-07,5800,6001,5725,5901,85511,0.026082420448617638
2022-07-08,6025,6276,5850,6101,198385,0.03389256058295209
2022-07-11,6126,6376,6000,6126,303971,0.0040976889034585184
2022-07-12,6051,6051,5600,5901,245472,-0.036728697355533746
2022-07-13,5850,6076,5775,5976,83820,0.012709710218607118
2022-07-14,5975,6401,5900,6301,341002,0.05438420348058903
2022-07-15,6275,6476,6075,6326,113099,0.003967624186637098
2022-07-18,6476,6476,6076,6076,198675,-0.0395194435662346
2022-07-19,5950,6176,5950,6101,58263,0.004114549045424631
2022-07-20,6201,6251,5975,6001,173658,-0.01639075561383385
2022-07-21,6025,6226,6000,6051,86655,0.008331944675887382
2022-07-22,5975,6351,5925,6101,166448,0.008263097008758935
2022-07-25,6075,6376,6075,6376,168384,0.04507457793804304
2022-07-26,6376,6401,6175,6251,78641,-0.019604767879548346
2022-07-27,6175,6251,6050,6251,116754,0.0
2022-07-28,6251,6251,6050,6076,108857,-0.027995520716685318
2022-07-29,6125,6326,6000,6276,102686,0.03291639236339705
2022-08-01,6276,6276,6050,6126,71973,-0.02390057361376674
2022-08-02,6126,6251,6000,6101,61664,-0.004080966372837058
2022-08-03,6126,6151,6000,6101,20004,0.0
2022-08-04,6100,6201,6000,6176,61340,0.012293066710375333
2022-08-05,6201,6451,5900,6076,223148,-0.016191709844559532
2022-08-08,6100,6150,6000,6151,44107,0.012343647136273894
2022-08-09,6100,6276,6100,6176,95472,0.004064379775646332
2022-08-10,6226,6426,6075,6176,160890,0.0
2022-08-11,6250,6501,6250,6401,192991,0.036431347150259086
2022-08-12,6350,6976,6350,6826,487145,0.0663958756444305
2022-08-16,6951,7176,6275,6651,721390,-0.025637269264576656
2022-08-17,6576,6701,6400,6551,124652,-0.015035333032626719
2022-08-18,6400,7026,6400,6601,262073,0.0076324225309112315
2022-08-19,6676,6676,6250,6376,179906,-0.03408574458415392
2022-08-22,6251,6251,6000,6101,149789,-0.043130489335006295
2022-08-23,6000,6051,5850,6026,120683,-0.012293066710375333
2022-08-24,6025,6150,5925,6151,64871,0.020743445071357502
2022-08-25,6200,6225,6025,6226,67906,0.012193139326938773
2022-08-26,6175,6351,6125,6226,169261,0.0
2022-08-29,5951,6001,5775,5901,176591,-0.05220044972695148
2022-08-30,5850,6126,5825,6101,144752,0.03389256058295209
2022-08-31,6101,6151,5975,6076,128487,-0.004097688903458407
2022-09-01,6001,6001,5700,5876,73858,-0.03291639236339694
2022-09-02,5876,5951,5700,5776,124828,-0.01701837985023824
2022-09-05,5751,5776,5575,5676,69466,-0.01731301939058172
2022-09-06,5850,5976,5750,5901,210074,0.03964059196617331
2022-09-07,5901,5976,5725,5776,149111,-0.021182850364344974
2022-09-08,5826,5876,5625,5751,89788,-0.00432825484764543
2022-09-13,5875,6051,5800,6001,198959,0.04347070074769599
2022-09-14,5750,5826,5675,5776,97244,-0.037493751041493106
2022-09-15,5851,6051,5801,5801,211105,0.004328254847645319
2022-09-16,5801,5851,5650,5701,170799,-0.017238407171177417
2022-09-19,5775,6276,5750,6101,630426,0.07016312927556578
2022-09-20,6175,6676,5875,6526,760715,0.0696607113587937
2022-09-21,6550,6926,6425,6876,656711,0.05363162733680671
2022-09-22,7051,7176,6750,6926,654369,0.007271669575334538
2022-09-23,7151,7176,6301,6301,746961,-0.09023967658099918
2022-09-26,6276,6301,5625,5901,527897,-0.06348198698619267
2022-09-27,5900,6051,5725,6051,191691,0.025419420437214013
2022-09-28,6051,6126,5400,5526,361571,-0.08676251859196826
2022-09-29,5701,5851,5376,5376,176181,-0.02714440825190012
2022-09-30,5226,5351,5075,5176,203666,-0.03720238095238093
2022-10-04,5250,5426,5200,5376,102896,0.03863987635239563
2022-10-05,5501,5501,5125,5176,96564,-0.03720238095238093
2022-10-06,5250,5376,5200,5276,92197,0.019319938176197926
2022-10-07,5200,5326,5175,5226,42875,-0.0094768764215315
2022-10-11,5101,5101,4695,4801,218643,-0.08132414848832759
2022-10-12,4836,4836,4655,4676,77627,-0.026036242449489655
2022-10-13,4711,4711,4280,4526,154434,-0.03207869974337041
2022-10-14,4535,4771,4535,4711,92523,0.040874944763588106
2022-10-17,4650,4766,4510,4766,49715,0.011674803651029464
2022-10-18,4841,4976,4725,4771,105372,0.0010490977759127773
2022-10-19,4795,4916,4710,4811,96836,0.00838398658562145
2022-10-20,4766,4861,4701,4701,31966,-0.022864269382664726
2022-10-21,4701,4771,4600,4661,51495,-0.008508827908955574
2022-10-24,4690,4871,4675,4711,51029,0.01072731173567898
2022-10-25,4711,4746,4660,4666,26264,-0.009552112078115016
2022-10-26,4691,4716,4615,4651,25646,-0.0032147449635662184
2022-10-27,4660,4721,4635,4671,32482,0.004300150505267775
2022-10-28,4631,4671,4545,4551,63395,-0.025690430314707746
2022-10-31,4576,4651,4545,4556,21337,0.001098659635244914
2022-11-01,4560,4891,4560,4686,145182,0.028533801580333584
2022-11-02,4686,4711,4595,4651,65551,-0.00746905676483145
2022-11-03,4611,4636,4555,4611,25012,-0.008600301010535327
2022-11-04,4600,4711,4435,4711,152654,0.021687269572760792
2022-11-07,4696,4741,4575,4641,95736,-0.014858841010401136
2022-11-08,4655,4801,4610,4711,147899,0.015082956259426794
2022-11-09,4721,4826,4565,4571,152712,-0.029717682020802383
2022-11-10,4561,4566,4475,4551,60346,-0.0043754101947057755
2022-11-11,4625,4691,4555,4661,142747,0.024170511975390108
2022-11-14,4695,4926,4650,4796,250144,0.02896374168633331
2022-11-15,4795,4906,4795,4896,92335,0.020850708924103456
2022-11-16,4946,4946,4736,4736,94645,-0.0326797385620915
2022-11-17,4735,4826,4650,4741,93019,0.0010557432432432012
2022-11-18,4741,4741,4595,4616,134585,-0.026365745623286196
2022-11-21,4621,4641,4445,4531,122477,-0.01841421143847488
2022-11-22,4466,4541,4405,4431,92041,-0.02207018318252041
2022-11-23,4445,4591,4445,4516,84537,0.01918302866170163
2022-11-24,4525,4621,4485,4621,74898,0.023250664304694357
2022-11-25,4616,4621,4530,4611,52461,-0.002164033758926598
2022-11-28,4591,4611,4480,4546,71731,-0.014096725222294548
2022-11-29,4470,5401,4470,4996,1953702,0.0989881214254289
2022-11-30,4996,5051,4875,4936,363928,-0.012009607686148893
2022-12-01,5000,5501,4915,5251,1118855,0.0638168557536467
2022-12-02,5225,5651,5225,5426,583515,0.033326985336126436
2022-12-05,5600,5951,5375,5626,835038,0.03685956505713239
2022-12-06,5526,5601,5100,5301,271006,-0.057767507998577994
2022-12-07,5325,5851,5275,5601,675239,0.056593095642331726
2022-12-08,5701,5701,5300,5626,384860,0.004463488662738824
2022-12-09,5700,5826,5475,5726,348546,0.017774617845716323
2022-12-12,5776,5776,5475,5551,148847,-0.030562347188264005
2022-12-13,5550,5776,5525,5676,158510,0.022518465141415867
2022-12-14,5676,5726,5550,5651,122797,-0.004404510218463664
2022-12-15,5600,5701,5600,5701,93009,0.008847991505928077
2022-12-16,5500,5976,5500,5901,323899,0.03508156463778289
2022-12-19,5975,6076,5850,6076,162311,0.029655990510083052
2022-12-20,6201,6226,5900,5926,259194,-0.024687294272547677
2022-12-21,5925,6401,5875,6276,269277,0.0590617617279785
2022-12-22,6301,6376,6100,6126,175761,-0.02390057361376674
2022-12-23,5976,6101,5775,5876,268107,-0.040809663728370915
2022-12-26,5876,5901,5700,5776,90932,-0.01701837985023824
2022-12-27,5725,6651,5725,6251,1357553,0.08223684210526305
2022-12-28,6250,6401,6075,6351,268779,0.015997440409534436
2022-12-29,6200,6451,6025,6226,333837,-0.019681939851991848
2023-01-02,6125,6501,5925,6351,352613,0.02007709604882746
2023-01-03,6551,6651,6125,6226,264874,-0.019681939851991848
2023-01-04,6225,6701,6225,6626,371152,0.06424670735624805
2023-01-05,6625,6951,6400,6751,373335,0.018865076969514005
2023-01-06,6751,6826,6501,6501,131066,-0.037031550881350905
2023-01-09,6600,6926,6575,6776,238846,0.04230118443316422
2023-01-10,6851,6851,6525,6701,222642,-0.011068476977567854
2023-01-11,6801,6826,6600,6676,90070,-0.0037307864497836407
2023-01-12,6726,7101,6425,6726,271108,0.007489514679448694
2023-01-13,6701,6826,6425,6601,191753,-0.018584597085935184
2023-01-16,6575,7001,6575,6876,327166,0.04166035449174377
2023-01-17,7001,7201,6725,6876,240359,0.0
2023-01-18,6926,7026,6625,6751,255429,-0.018179173938336235
2023-01-19,6850,7051,6650,6901,277744,0.02221893052881052
2023-01-20,6826,6951,6550,6701,307476,-0.028981307056948236
2023-01-25,6841,6846,6470,6676,229830,-0.0037307864497836407
2023-01-26,6610,6801,6570,6616,185783,-0.0089874176153385
2023-01-27,6620,6896,6550,6751,264142,0.020405078597339754
2023-01-30,6751,6941,6510,6646,159958,-0.015553251370167387
2023-01-31,6666,6666,6320,6356,220929,-0.04363526933493833
2023-02-01,6445,6816,6305,6596,232603,0.03775959723096278
2023-02-02,6606,6771,6580,6586,124864,-0.0015160703456640334
2023-02-03,6635,6961,6625,6866,337595,0.04251442453689647
2023-02-06,6836,7217,6771,7187,303053,0.04675211185551986
2023-02-07,7202,7217,6926,7047,158043,-0.01947961597328507
2023-02-08,7076,7171,6775,6971,201998,-0.010784731091244448
2023-02-09,7021,7172,6921,7082,160472,0.015923110027255882
2023-02-10,7151,7702,6851,7502,667538,0.05930528099406951
2023-02-13,7537,7542,7081,7097,345121,-0.053985603838976326
2023-02-14,7111,7176,6870,6911,280814,-0.026208257010004177
2023-02-15,7001,7041,6755,6921,166806,0.0014469686007814175
2023-02-16,6921,6976,6455,6476,429367,-0.06429706689784709
2023-02-17,6431,6431,6096,6096,424481,-0.058678196417541684
2023-02-20,6245,6401,6005,6326,176075,0.037729658792651
2023-02-21,6325,6481,6260,6401,155725,0.01185583306987037
2023-02-22,6340,6601,6225,6501,141059,0.015622558975160183
2023-02-23,6576,6631,6320,6521,150509,0.003076449776957313
2023-02-24,6445,6591,6415,6556,77290,0.005367274957828627
2023-02-27,6566,6566,6300,6326,104566,-0.03508236729713243
2023-02-28,6340,6701,6340,6626,171811,0.04742333227948148
2023-03-02,6801,6901,6655,6771,145822,0.021883489284636237
2023-03-03,6770,6861,6705,6796,91058,0.0036922168069708494
2023-03-06,6911,6911,6620,6846,140346,0.007357268981754039
2023-03-07,6845,6936,6675,6851,132998,0.0007303534910896303
2023-03-08,6801,6841,6640,6711,75776,-0.020434972996642875
2023-03-09,6796,6941,6690,6791,57233,0.011920727164357103
2023-03-10,6791,6791,6565,6636,63080,-0.022824326314239474
2023-03-13,6471,6481,6325,6411,54472,-0.0339059674502713
2023-03-14,6451,6451,6085,6171,105665,-0.03743565746373423
2023-03-15,6225,6416,6200,6276,38277,0.017015070491006368
2023-03-16,6270,6696,6065,6646,73019,0.05895474824729119
2023-03-17,6716,6716,6520,6641,67424,-0.0007523322299127777
2023-03-20,6625,7106,6620,6801,316054,0.024092757114892338
2023-03-21,6825,7086,6825,6936,191765,0.019850022055579952
2023-03-22,7036,7036,6795,6851,70783,-0.01225490196078427
2023-03-23,6745,6961,6730,6846,83204,-0.000729820464165809
2023-03-24,6836,7332,6811,7257,301830,0.060035056967572276
2023-03-27,7271,7502,6981,7442,188984,0.02549262780763395
2023-03-28,7602,7777,7441,7542,285386,0.01343724805159896
2023-03-29,7576,8117,7351,7772,468162,0.03049588968443384
2023-03-30,7876,8102,7651,7997,304067,0.028950077200205815
2023-03-31,8001,8452,7806,8077,270233,0.01000375140677745
2023-04-03,8076,8382,7976,8202,211623,0.015476043085304036
2023-04-04,8191,8502,8106,8392,408137,0.023165081687393396
2023-04-05,8391,8882,8366,8812,392184,0.050047664442326
2023-04-06,8816,9002,8686,8957,235686,0.016454834316840694
2023-04-07,9102,9102,8376,8502,390666,-0.05079825834542817
2023-04-10,8356,8477,8121,8412,360497,-0.010585744530698604
2023-04-11,8316,9137,8311,9137,365102,0.08618640038040892
2023-04-12,9221,9977,9191,9817,554224,0.07442267702747074
2023-04-13,9717,9792,9076,9457,311335,-0.03667108077824177
2023-04-14,9657,9752,9131,9357,263996,-0.010574177857671563
2023-04-17,9357,9477,9126,9307,129723,-0.005343593031954641
2023-04-18,9306,10002,9041,10002,304445,0.0746749758246481
2023-04-19,10002,10352,9601,9712,475900,-0.02899420115976803
2023-04-20,9662,9842,9376,9472,214756,-0.02471169686985175
2023-04-21,9472,9472,8751,9072,510350,-0.042229729729729715
2023-04-24,9071,9492,8661,9372,242878,0.033068783068783025
2023-04-25,9372,9652,8906,8942,173398,-0.04588134869825011
2023-04-26,8912,9237,8701,8857,98425,-0.009505703422053258
2023-04-27,8796,10002,8796,9832,382525,0.1100824206842046
2023-04-28,9756,10402,9406,10077,256952,0.02491863303498776
2023-05-02,10002,10878,9757,10678,398096,0.05964076610102209
2023-05-03,10677,11103,10552,10703,173710,0.002341262408690703
2023-05-04,10702,10702,9951,10152,359167,-0.051480893207511924
2023-05-08,10302,10302,9491,9507,256223,-0.0635342789598109
2023-05-09,9506,10402,9226,10002,406922,0.05206689807510245
2023-05-10,10277,11503,10177,11003,778560,0.1000799840031994
2023-05-11,11003,11378,10852,10878,264928,-0.011360538035081302
2023-05-12,11178,11228,10502,10928,259536,0.004596433167861846
2023-05-15,10903,11253,10527,10853,206625,-0.006863103953147931
2023-05-16,11103,11453,10027,10728,410343,-0.011517552750391569
2023-05-17,10577,11228,10577,11028,253673,0.027964205816554788
2023-05-18,11028,11753,10227,10603,235796,-0.03853826623141099
2023-05-19,10602,10627,9781,9932,452247,-0.06328397623314153
2023-05-22,10002,10177,9696,9982,105869,0.005034232782923809
2023-05-23,10002,10978,9947,10953,463710,0.09727509517130839
2023-05-24,10952,11703,10877,11378,395227,0.038802154660823485
2023-05-25,11252,12078,11202,11503,324893,0.01098611355246959
2023-05-26,11527,12178,11352,12103,195962,0.05216030600712851
2023-05-30,12153,12478,11127,11853,229536,-0.020656035693629726
2023-05-31,11802,12403,11577,12178,182210,0.027419218763182318
2023-06-01,12128,12578,11777,12078,160856,-0.008211528986697303
2023-06-02,11927,12703,11702,12703,217450,0.051746977976486086
2023-06-05,12678,13128,12127,12628,156725,-0.005904117137684017
2023-06-07,12703,12828,12177,12403,121633,-0.017817548305353204
2023-06-08,12453,12828,12227,12303,164317,-0.008062565508344721
2023-06-09,12302,12803,12027,12678,138400,0.030480370641307042
2023-06-12,12578,12578,11952,12103,251778,-0.045354156807067336
2023-06-13,11952,12328,11852,11978,106895,-0.010328017846814808
2023-06-14,11877,12103,11627,11953,145370,-0.002087159792953708
2023-06-15,11778,12128,11452,11778,138546,-0.014640675980925333
2023-06-16,11777,12178,11752,12103,149113,0.02759381898454749
2023-06-19,12078,12228,11402,12028,185021,-0.006196810708088862
2023-06-20,11978,12603,11602,11828,141129,-0.016627868307283022
2023-06-21,11652,12553,11652,11803,325583,-0.002113628677713919
2023-06-22,11577,12803,11577,12378,435252,0.048716428026772896
2023-06-23,12378,12478,11877,12128,93699,-0.02019712392955242
2023-06-26,11902,12503,11902,12103,86023,-0.0020613456464380064
2023-06-27,12103,12153,11877,12078,50091,-0.002065603569362917
2023-06-28,12103,12303,11727,12078,70585,0.0
2023-06-29,12077,12503,12002,12403,115069,0.026908428547772756
2023-06-30,12252,12628,12177,12278,61558,-0.01007820688543093
2023-07-03,12352,13428,12352,13203,433632,0.0753380029320736
2023-07-04,13278,13453,12702,12953,189696,-0.018935090509732633
2023-07-05,12977,14078,12802,13503,320578,0.04246120589824742
2023-07-06,13453,14028,13277,13378,286436,-0.009257202103236328
2023-07-07,13302,13803,12777,13403,220001,0.0018687397219314672
2023-07-10,13403,13503,12752,12778,121359,-0.04663135119003203
2023-07-11,12803,12878,12402,12503,203885,-0.021521364845828783
2023-07-12,12553,12653,11852,12153,243104,-0.02799328161241299
2023-07-13,12152,12503,11677,12328,268979,0.014399736690529075
2023-07-14,12478,12478,11777,12028,194250,-0.024334847501622292
2023-07-17,11752,12078,11427,11928,301378,-0.008313934153641456
2023-07-18,12102,12878,12102,12703,332535,0.06497317236753863
2023-07-19,12728,12803,11902,12103,148229,-0.04723293710147214
2023-07-20,11952,12453,11752,12003,156615,-0.00826241427745189
2023-07-21,11777,12078,11577,11878,138492,-0.010414063150878894
2023-07-24,11678,11678,11127,11253,205563,-0.052618285906718354
2023-07-25,11403,11403,10827,10903,117536,-0.031102817026570695
2023-07-26,10902,10952,10101,10302,200159,-0.05512244336421168
2023-07-27,10227,10953,10102,10703,79309,0.038924480683362406
2023-07-28,10703,10853,10502,10578,51111,-0.01167896851350092
2023-07-31,10577,10727,10026,10277,271112,-0.028455284552845517
2023-08-01,10477,10778,10352,10778,88012,0.048749635107521616
2023-08-02,10752,11177,10276,10327,99997,-0.04184449805158652
2023-08-03,10377,10527,9971,10077,112831,-0.024208385784835862
2023-08-04,10202,11403,10102,11203,425900,0.11173960504118297
2023-08-07,11477,12053,11127,12028,530994,0.07364098902079808
2023-08-08,12028,12403,11652,11853,181752,-0.014549384768872575
2023-08-09,11853,12028,11077,11378,321976,-0.04007424280772798
2023-08-10,12327,13278,11752,12478,1098583,0.09667779926173314
2023-08-11,12653,13003,11827,12478,482586,0.0
2023-08-14,12628,13378,11852,12378,510956,-0.008014104824491053
2023-08-16,12377,13053,11752,12778,363176,0.032315398287283914
2023-08-17,12902,13478,12377,13278,414168,0.0391297542651432
2023-08-18,13028,14604,13003,14354,679030,0.08103630064768796
2023-08-21,14504,15229,13753,14129,353469,-0.015675073150341334
2023-08-22,14229,14429,13728,14204,140885,0.005308231297331822
2023-08-23,14078,14604,13603,14429,242614,0.01584060827935785
2023-08-24,14228,15004,13903,14479,189648,0.00346524360662559
2023-08-25,14403,14804,14228,14679,89648,0.013813108640099436
2023-08-28,14979,15629,14303,14329,169341,-0.023843586075345757
2023-08-29,14229,14554,13903,14204,209796,-0.008723567590201653
2023-08-30,14153,14153,13727,13853,256149,-0.024711348915798403
2023-08-31,13778,14304,13778,14204,84839,0.02533747202771952
2023-09-01,14103,14904,14103,14504,172410,0.021120811039143872
2023-09-04,14454,14879,14078,14179,134601,-0.022407611693325946
2023-09-05,14228,14353,13577,14053,172764,-0.008886381268072507
2023-09-06,13878,14929,13753,14629,225727,0.04098768946132503
2023-09-07,14429,14679,14128,14354,85873,-0.01879827739421691
2023-09-08,14303,15429,14103,15254,224176,0.06270029260136556
2023-09-11,15379,15379,14728,14804,133344,-0.02950045889602726
2023-09-12,14778,15028,14028,14028,77947,-0.05241826533369365
2023-09-13,14078,14253,13502,13803,151984,-0.016039349871685205
2023-09-14,13803,14779,13803,14754,105859,0.06889806563790479
2023-09-15,14754,15129,14453,14754,82370,0.0
2023-09-18,14753,16104,14428,15954,260066,0.08133387555917038
2023-09-19,16154,16479,14703,14979,345333,-0.061113200451297534
2023-09-20,14803,15279,14653,14929,96438,-0.003338006542492833
2023-09-21,14679,15079,13928,14079,145036,-0.056936164512023546
2023-09-22,13852,14303,13827,14003,31439,-0.005398110661268607
2023-09-25,14003,14829,14003,14604,94341,0.04291937441976712
2023-09-26,14754,14804,14129,14129,39850,-0.032525335524513865
2023-09-27,14104,14479,13853,14079,42423,-0.0035388208648877706
2023-10-04,13803,14228,12502,12903,272992,-0.08352865970594503
2023-10-05,13078,13503,12852,13028,137404,0.009687669534216958
2023-10-06,13053,13228,12802,13053,46476,0.0019189438133251357
2023-10-10,12928,13078,12302,12328,78229,-0.05554278709875127
2023-10-11,12677,13428,12577,13103,81288,0.06286502271252425
2023-10-12,13103,13478,12802,12928,114311,-0.013355720064107457
2023-10-13,12928,13328,12527,12803,95274,-0.009668935643564303
2023-10-16,12803,13078,12353,12353,68976,-0.03514801218464425
2023-10-17,12528,12728,12277,12428,105563,0.006071399660001697
2023-10-18,12477,12703,12152,12503,68134,0.006034760218860624
2023-10-19,12428,12628,12102,12253,76082,-0.019995201151723596
2023-10-20,12053,12103,11027,11478,165248,-0.06324981637150084
2023-10-23,11252,12778,11252,11853,301732,0.03267119707266075
2023-10-24,11977,12453,11527,12428,184159,0.04851092550409186
2023-10-25,12727,13728,12177,13303,294552,0.0704055358867075
2023-10-26,13103,13903,12552,12853,203176,-0.03382695632564081
2023-10-27,12853,13153,12302,12378,68986,-0.036956352602505294
2023-10-30,12327,12753,12152,12703,50775,0.026256261108418055
2023-10-31,12928,13303,12578,12578,89124,-0.009840195229473325
2023-11-01,12753,12778,12177,12203,94843,-0.02981396088408328
2023-11-02,12553,12728,12252,12278,101339,0.006146029664836572
2023-11-03,12403,12428,11502,12128,232413,-0.012216973448444413
2023-11-06,12328,12328,11502,11903,152352,-0.018552110817941947
2023-11-07,11927,12778,11777,12503,197023,0.05040746030412491
2023-11-08,12502,13953,12502,13378,244760,0.06998320403103264
2023-11-09,13303,13453,13027,13078,84531,-0.022424876663178384
2023-11-10,12953,13203,12602,12803,96942,-0.02102768007340572
2023-11-13,13003,13478,12352,12578,342068,-0.01757400609232207
2023-11-14,13003,13253,11877,12253,530810,-0.025838766099538835
2023-11-15,12553,12553,11877,12253,232699,0.0
2023-11-16,12252,12878,12152,12878,180156,0.051007916428629674
2023-11-17,12878,13153,12327,12328,168965,-0.04270849510793606
2023-11-20,12402,12753,12152,12678,69162,0.02839065541855934
2023-11-21,12727,13078,12502,12878,87671,0.015775358889414726
2023-11-22,12727,13678,12727,13178,183985,0.023295542786146983
2023-11-23,13178,13253,12827,13028,65751,-0.011382607375929554
2023-11-24,13028,13378,12652,12678,94307,-0.02686521338655201
2023-11-27,12678,12753,11953,11953,292346,-0.05718567597412838
2023-11-28,12028,12053,11577,11753,157527,-0.016732201121057444
2023-11-29,11853,12178,11553,11553,307086,-0.017016931847188
2023-11-30,11578,11728,11252,11553,181774,0.0
2023-12-01,11553,11628,11052,11178,295150,-0.032459101532069545
2023-12-04,11177,11553,10827,11353,288431,0.015655752370728138
2023-12-05,11428,11828,11127,11153,238692,-0.017616489033735583
2023-12-06,11153,11578,10952,11028,325825,-0.011207746794584472
2023-12-07,11352,11603,11277,11403,166752,0.034004352557127415
2023-12-08,11503,11503,11277,11403,105637,0.0
2023-12-11,11452,12453,11452,12303,258748,0.07892659826361492
2023-12-12,12402,12703,12277,12478,300856,0.01422417296594336
2023-12-13,12753,13353,12477,12528,414632,0.0040070524122455264
2023-12-14,12803,12803,12152,12453,212071,-0.0059865900383141435
2023-12-15,12452,12828,12327,12528,149121,0.006022645145747907
2023-12-18,12528,12553,12227,12528,140759,0.0
2023-12-19,12503,12703,12352,12453,93985,-0.0059865900383141435
2023-12-20,12427,13153,12427,12953,214225,0.040150967638320045
2023-12-21,12752,13328,12702,12928,118600,-0.0019300548135566808
2023-12-22,13003,13153,12627,12653,58703,-0.021271658415841554
2023-12-26,12727,13503,12652,13053,241123,0.031613056192207445
2023-12-27,13178,13428,13002,13128,82630,0.00574580556193971
2023-12-28,13127,13378,13102,13153,49010,0.0019043266301035366
2024-01-02,13278,13378,12902,13028,70186,-0.009503535315137257
2024-01-03,13052,13553,12827,13403,150377,0.02878415719987726
2024-01-04,13402,13778,13077,13603,112150,0.014922032380810357
2024-01-05,13603,13853,13277,13603,104600,0.0
2024-01-08,13628,13753,13327,13478,82640,-0.00918914945232674
2024-01-09,13477,13703,13302,13503,142595,0.001854874610476287
2024-01-10,13853,14429,13528,14254,348666,0.055617270236243854
2024-01-11,14303,14929,14203,14504,250208,0.01753893643889426
2024-01-12,14954,15104,14403,14754,252766,0.01723662437948148
2024-01-15,14979,15229,14228,14629,226097,-0.008472278704080294
2024-01-16,14553,15404,14553,14954,284465,0.02221614601134725
2024-01-17,15254,15254,14753,15079,141239,0.00835896750033438
2024-01-18,15029,15254,14603,15004,109958,-0.004973804628954137
2024-01-19,15304,15404,14828,14879,161482,-0.008331111703545724
2024-01-22,15029,15254,14553,15004,170507,0.008401102224611767
2024-01-23,14803,15604,14353,15429,219581,0.028325779792055528
2024-01-24,15428,16929,15378,16479,580898,0.06805366517596734
2024-01-25,16478,17654,15653,17304,270515,0.05006371745858362
2024-01-26,17279,17904,15578,16879,299572,-0.02456079519186316
2024-01-29,16754,17004,16203,16404,183677,-0.028141477575685747
2024-01-30,16254,16504,15628,16129,224276,-0.016764203852718818
2024-01-31,16128,17079,16028,16429,363490,0.018600037200074304
2024-02-01,16379,16379,15203,15304,322146,-0.06847647452675143
2024-02-02,15353,15904,15103,15454,190733,0.009801359121798248
2024-02-05,15103,15804,14778,15129,191919,-0.02103015400543551
2024-02-06,14953,15954,14853,15729,170063,0.03965893317469771
2024-02-07,15603,16554,15503,16379,158522,0.04132494119142982
2024-02-08,16404,16479,15578,15729,184777,-0.0396849624519201
2024-02-13,15754,16004,15303,15729,117278,0.0
2024-02-14,16078,17154,16003,17154,243026,0.09059698645813463
2024-02-15,18804,20404,16553,16954,796015,-0.011659088259298178
2024-02-16,16903,17704,16478,17529,287344,0.033915300224135914
2024-02-19,17854,18379,16703,17104,263473,-0.024245535968965726
2024-02-20,17104,17404,16528,16729,217292,-0.02192469597754909
2024-02-21,16753,17404,16703,17129,161911,0.023910574451551092
2024-02-22,17153,17479,16603,17429,137638,0.01751415727713246
2024-02-23,17454,17980,17054,17630,202650,0.011532503299099162
2024-02-26,17604,18130,17329,18055,222466,0.024106636415201388
2024-02-27,18355,18355,17254,17580,244336,-0.026308501800055395
2024-02-28,18200,18300,16120,17380,260411,-0.011376564277588153
2024-02-29,17210,18250,16920,18000,114850,0.03567318757192184
2024-03-04,18000,18000,16310,16960,304993,-0.05777777777777782
2024-03-05,16760,17470,16760,17100,122836,0.008254716981132004
2024-03-06,17110,17450,16900,17170,96299,0.004093567251461927
2024-03-07,17230,17800,17020,17370,158590,0.011648223645893907
2024-03-08,17370,18600,17360,17990,263868,0.0356937248128959
2024-03-11,18380,19450,17990,19070,219205,0.060033351862145645
2024-03-12,19050,19350,18490,18760,107000,-0.01625589931830096
2024-03-13,18580,18760,17900,18210,152984,-0.029317697228145034
2024-03-14,18210,18390,17730,18010,55881,-0.010982976386600729
2024-03-15,18000,18000,17110,17190,108570,-0.04553026096612989
2024-03-18,17190,17560,16710,17510,56077,0.018615474112856356
2024-03-19,17250,18800,17210,18710,266852,0.06853226727584238
2024-03-20,18730,18830,18190,18480,60187,-0.012292891501870629
2024-03-21,18000,18650,17520,18490,341925,0.00054112554112562
2024-03-22,18490,18550,17460,18060,295219,-0.023255813953488413
2024-03-25,17800,20400,17800,20150,627172,0.11572535991140653
2024-03-26,19840,20150,19310,19580,241316,-0.028287841191066976
2024-03-27,19580,21250,19580,20600,360883,0.052093973442288055
2024-03-28,21200,22850,21100,22600,560427,0.09708737864077666
2024-03-29,22200,24300,22000,22750,295337,0.006637168141592875
2024-04-01,22500,24100,22200,23300,326029,0.02417582417582409
2024-04-02,23250,23900,22800,23200,241627,-0.0042918454935622075
2024-04-03,23350,23950,22500,23350,183793,0.006465517241379226
2024-04-04,23000,24300,21450,23700,206113,0.01498929336188426
2024-04-05,23700,24600,23050,23900,171922,0.00843881856540074
2024-04-08,24200,25100,23500,24950,208277,0.043933054393305415
2024-04-09,25000,25200,23600,23700,154050,-0.05010020040080165
2024-04-11,23600,24500,22800,23700,222118,0.0
2024-04-12,23700,24700,23650,24100,210287,0.016877637130801704
2024-04-15,24000,24100,23150,23800,130809,-0.012448132780082943
2024-04-16,23350,24500,23000,23550,144536,-0.010504201680672232
2024-04-17,23600,24200,23300,23800,86433,0.010615711252653925
2024-04-18,24600,25500,24250,24750,255337,0.0399159663865547
2024-04-19,24750,25250,23650,24750,129829,0.0
2024-04-22,24750,26200,24200,24550,226807,-0.008080808080808133
2024-04-23,24800,26300,24650,25850,222317,0.05295315682281054
2024-04-24,25950,28050,25750,27150,273708,0.05029013539651839
2024-04-25,26900,27700,26450,26600,97592,-0.02025782688766109
2024-04-26,26450,27300,25950,26200,156173,-0.015037593984962405
2024-04-29,26000,26700,25500,25700,137004,-0.01908396946564883
2024-04-30,25900,26650,25500,26600,173934,0.035019455252918386
2024-05-02,26850,27450,26350,26500,118863,-0.003759398496240629
2024-05-03,26300,26650,25800,26000,157849,-0.018867924528301883
2024-05-07,25950,25950,24300,25350,283519,-0.025000000000000022
2024-05-08,25400,26450,25100,25200,118489,-0.00591715976331364
2024-05-09,26250,29000,25650,27900,660968,0.1071428571428572
2024-05-10,28150,36100,27950,32700,2224788,0.17204301075268824
2024-05-13,33700,35200,31200,32450,878039,-0.007645259938837912
2024-05-14,32800,36050,32350,32550,598925,0.0030816640986133237
2024-05-16,32500,33400,31100,31600,343698,-0.029185867895545337
2024-05-17,32050,33600,31300,32300,401087,0.02215189873417711
2024-05-20,32400,33300,31700,31900,272154,-0.012383900928792602
2024-05-21,32350,36900,32350,36000,1145489,0.12852664576802497
2024-05-22,35200,35600,32400,32600,630475,-0.09444444444444444
2024-05-23,32600,34700,32450,34300,350323,0.0521472392638036
2024-05-24,34100,35650,33750,35200,306190,0.026239067055393583
2024-05-27,35500,35650,33600,33750,264969,-0.04119318181818177
2024-05-28,34050,35800,33500,35100,237358,0.040000000000000036
2024-05-29,36200,41400,36150,39300,983194,0.11965811965811968
2024-05-30,39400,41950,37850,40800,451264,0.03816793893129766
2024-05-31,39800,43750,38800,41150,388976,0.008578431372548989
2024-06-03,41900,45150,40050,42450,304404,0.03159173754556499
2024-06-04,42850,44500,38550,40400,354034,-0.04829210836277975
2024-06-05,40350,40350,36800,39150,297911,-0.030940594059405968
2024-06-07,38350,40950,37500,40250,186065,0.02809706257982114
2024-06-10,39850,41450,38650,39050,223662,-0.029813664596273326
2024-06-11,38350,39950,36750,38800,184949,-0.006402048655569814
2024-06-12,39300,42000,38250,42000,286144,0.08247422680412364
2024-06-13,41950,44900,40700,42800,261069,0.01904761904761898
2024-06-14,42950,44850,39450,41200,332988,-0.03738317757009346
2024-06-17,42950,42950,39300,39850,241365,-0.03276699029126218
2024-06-18,39900,41700,39650,41450,241753,0.04015056461731503
2024-06-19,42500,43850,39450,39850,403030,-0.0386007237635706
2024-06-20,40550,42050,38700,39400,366852,-0.01129234629861986
2024-06-21,38300,39800,35600,37200,742977,-0.055837563451776595
2024-06-24,37250,37250,35800,36300,394572,-0.024193548387096753
2024-06-25,36150,36850,33950,34850,480018,-0.03994490358126723
2024-06-26,35450,36900,34900,36300,447042,0.04160688665710177
2024-06-27,36450,37800,35100,35900,450717,-0.011019283746556474
2024-06-28,36100,36300,34700,34850,294245,-0.029247910863509752
2024-07-01,35000,37450,34000,34350,524791,-0.01434720229555242
2024-07-02,34600,34700,32800,33700,401435,-0.018922852983988325
2024-07-03,33500,34800,32200,33150,339277,-0.016320474777448024
2024-07-04,33150,35650,32300,34550,420645,0.042232277526395245
2024-07-05,34550,36600,34050,34150,351149,-0.01157742402315487
2024-07-08,34150,36900,34150,36700,244937,0.07467057101024888
2024-07-09,36550,36550,33550,33600,495717,-0.08446866485013627
2024-07-10,33800,33800,32150,33000,387425,-0.017857142857142905
2024-07-11,33450,34350,32300,32550,310007,-0.013636363636363669
2024-07-12,32400,32750,30900,31350,327175,-0.03686635944700456
2024-07-15,31850,33300,31550,32050,216842,0.022328548644338087
2024-07-16,32100,32450,30750,31450,216480,-0.018720748829953227
2024-07-17,32200,34700,32000,33600,331204,0.06836248012718604
2024-07-18,33600,34950,32500,33400,251289,-0.005952380952380931
2024-07-19,33400,35700,32600,35200,338590,0.05389221556886237
2024-07-22,36000,37300,34150,35450,477298,0.007102272727272707
2024-07-23,35500,37000,35450,36150,368172,0.019746121297602226
2024-07-24,36150,37550,35600,36300,312246,0.004149377593360981
2024-07-25,35800,36650,31700,32750,642852,-0.09779614325068875
2024-07-26,32750,33050,31150,31550,238272,-0.036641221374045796
2024-07-29,31550,34250,31500,34250,229448,0.0855784469096672
2024-07-30,34050,34250,32300,33000,179967,-0.03649635036496346
2024-07-31,33000,34450,32550,32800,154014,-0.0060606060606061
2024-08-01,32500,34500,32500,33250,183978,0.013719512195121908
2024-08-02,32550,32850,29000,29350,582669,-0.11729323308270678
2024-08-05,28500,28700,25200,27000,460440,-0.08006814310051102
2024-08-06,28500,30550,28050,29600,364145,0.09629629629629632
2024-08-07,29350,31700,28100,29750,409119,0.0050675675675675436
2024-08-08,29150,30600,28450,30350,234952,0.020168067226890685
2024-08-09,30750,33800,28550,30800,1233911,0.014827018121911006
2024-08-12,30250,30250,26000,27800,1555621,-0.09740259740259738
2024-08-13,28150,28350,25050,25800,917698,-0.07194244604316546
2024-08-14,26200,26350,25100,25200,416156,-0.023255813953488413
2024-08-16,26000,26300,25150,25250,440519,0.001984126984126977
2024-08-19,25350,26250,24950,25950,228446,0.027722772277227747
2024-08-20,26100,26100,24700,24950,324915,-0.038535645472061675
2024-08-21,24700,24800,24150,24550,206879,-0.01603206412825653
2024-08-22,24800,25400,24100,24900,227840,0.014256619144602745
2024-08-23,24250,25100,24250,24950,121645,0.002008032128514081
2024-08-26,24700,24950,23000,23600,433998,-0.054108216432865786
2024-08-27,23300,24300,22800,24200,287918,0.025423728813559254
2024-08-28,24300,24500,23500,23500,134098,-0.02892561983471076
2024-08-29,23250,23550,22900,22950,119335,-0.023404255319148914
2024-08-30,22950,23250,22600,22900,150997,-0.002178649237472796
2024-09-02,23450,24250,23000,23050,192741,0.0065502183406114245
2024-09-03,23050,24000,22700,22950,170205,-0.004338394793926281
2024-09-04,22200,22400,20900,21050,593333,-0.08278867102396514
2024-09-05,21350,21500,20350,20600,279373,-0.02137767220902609
2024-09-06,20550,20950,19560,19970,357338,-0.030582524271844713
2024-09-09,19750,21450,19450,21200,248609,0.06159238858287441
2024-09-10,21500,23300,21500,21950,428749,0.03537735849056611
2024-09-11,22600,23500,20650,21050,430007,-0.04100227790432798
2024-09-12,21150,23450,20850,22800,374985,0.08313539192399055
2024-09-13,22500,23400,22100,22100,174390,-0.030701754385964897
2024-09-19,22300,23950,21900,23900,331240,0.08144796380090491
2024-09-20,23900,25500,23850,24250,470706,0.014644351464435212
2024-09-23,25200,25950,24750,25100,445921,0.035051546391752675
2024-09-24,24900,26050,24300,25550,242732,0.017928286852589626
2024-09-25,25550,26450,24600,25100,212712,-0.017612524461839585
2024-09-26,24900,25700,24700,25300,166707,0.007968127490039834
2024-09-27,25500,26550,25050,25400,204732,0.0039525691699604515
2024-09-30,25150,25900,24150,25450,288057,0.0019685039370078705
2024-10-02,25200,25650,23150,23200,479115,-0.08840864440078589
2024-10-04,23350,23600,23050,23100,147670,-0.004310344827586188
2024-10-07,23500,24150,23150,23800,179169,0.030303030303030276
2024-10-08,23700,23700,22750,22800,146852,-0.04201680672268904
2024-10-10,22850,23900,22400,23750,214505,0.04166666666666674
2024-10-11,23800,23950,22900,23300,151596,-0.0189473684210526
2024-10-14,23350,23700,22200,22550,146354,-0.03218884120171672
2024-10-15,22400,23250,22050,22150,215385,-0.0177383592017738
2024-10-16,22050,22200,20650,21100,306534,-0.04740406320541757
2024-10-17,21000,21600,20750,21100,172808,0.0
2024-10-18,21200,21650,20900,20900,125794,-0.009478672985781977
2024-10-21,20900,22050,20000,21450,154320,0.026315789473684292
2024-10-22,21350,21400,20100,20450,193933,-0.046620046620046596
2024-10-23,20550,20950,20000,20500,98573,0.0024449877750611915
2024-10-24,20300,20550,20000,20350,89380,-0.007317073170731714
2024-10-25,20250,20600,19600,19700,116599,-0.03194103194103193
2024-10-28,19700,19980,19220,19300,128146,-0.02030456852791873
2024-10-29,19320,19430,18200,18460,260734,-0.04352331606217619
2024-10-30,18510,18750,18120,18500,211281,0.0021668472372697867
2024-10-31,18550,19200,18000,18840,196995,0.018378378378378413
2024-11-01,19080,19380,18030,18080,236520,-0.04033970276008492
2024-11-04,18140,19500,18130,19400,199129,0.07300884955752207
2024-11-05,19460,19860,19040,19040,122793,-0.01855670103092788
2024-11-06,19000,19960,18600,18800,148641,-0.012605042016806678
2024-11-07,18810,19050,18370,18730,72106,-0.0037234042553191404
2024-11-08,18720,19730,18620,18860,90187,0.0069407367859049
2024-11-11,18810,18810,17160,17620,361865,-0.0657476139978791
2024-11-12,17620,17780,16220,16400,349346,-0.06923950056753692
2024-11-13,16400,17790,16400,17320,313652,0.056097560975609806
2024-11-14,17110,18130,17040,17650,229424,0.019053117782909856
2024-11-15,17570,18190,17120,17780,189419,0.007365439093484527
