Date,Open,High,Low,Close,Volume,Change
2022-01-03,6600,6640,6560,6640,23462,0.0060606060606061
2022-01-04,6670,7000,6670,6860,59221,0.033132530120481896
2022-01-05,6860,7040,6820,6870,36338,0.001457725947521915
2022-01-06,6800,6840,6650,6700,26193,-0.024745269286754024
2022-01-07,6670,6940,6640,6840,36940,0.020895522388059806
2022-01-10,6900,6930,6790,6810,35066,-0.004385964912280715
2022-01-11,6800,6910,6610,6630,38703,-0.026431718061673992
2022-01-12,6650,7020,6630,7000,33389,0.05580693815987936
2022-01-13,7070,7120,6890,6910,37773,-0.0128571428571429
2022-01-14,6910,7180,6840,6950,18876,0.005788712011577379
2022-01-17,6880,8170,6820,7230,909174,0.04028776978417259
2022-01-18,7200,7340,6990,6990,141467,-0.03319502074688796
2022-01-19,6980,6980,6740,6770,49307,-0.03147353361945637
2022-01-20,6770,8380,6770,7540,2805011,0.11373707533234856
2022-01-21,7540,7770,7460,7650,571699,0.01458885941644561
2022-01-24,7570,7580,7120,7430,220457,-0.02875816993464053
2022-01-25,7400,7430,6970,7080,143555,-0.0471063257065949
2022-01-26,7060,7740,7060,7190,324139,0.015536723163841915
2022-01-27,7250,7470,7090,7240,152592,0.006954102920723182
2022-01-28,7240,7300,6780,7000,147682,-0.03314917127071826
2022-02-03,7080,7760,7010,7500,405586,0.0714285714285714
2022-02-04,7420,7640,7370,7580,137561,0.010666666666666602
2022-02-07,7600,7670,7440,7570,96640,-0.0013192612137202797
2022-02-08,7560,7750,7380,7590,147492,0.0026420079260238705
2022-02-09,7580,7740,7510,7520,55605,-0.00922266139657446
2022-02-10,7520,7520,7240,7310,69596,-0.027925531914893664
2022-02-11,7200,7500,7180,7340,84965,0.004103967168262557
2022-02-14,7210,7270,6870,6940,113102,-0.05449591280653954
2022-02-15,6880,7010,6730,6770,61707,-0.02449567723342938
2022-02-16,6840,7070,6840,7020,54575,0.03692762186115206
2022-02-17,7020,7270,6770,6990,80271,-0.004273504273504258
2022-02-18,6830,7250,6830,7230,59377,0.03433476394849788
2022-02-21,7220,7310,7050,7290,29124,0.008298755186721962
2022-02-22,7140,7190,6950,6960,45639,-0.04526748971193417
2022-02-23,6990,7090,6950,7010,28286,0.007183908045977017
2022-02-24,6980,7060,6650,6710,64455,-0.042796005706134066
2022-02-25,6810,6990,6670,6710,52915,0.0
2022-02-28,6740,6830,6660,6700,38784,-0.0014903129657227732
2022-03-02,6780,6880,6750,6880,29297,0.02686567164179099
2022-03-03,7030,7240,6890,6900,70070,0.0029069767441860517
2022-03-04,6930,6970,6790,6820,29709,-0.011594202898550732
2022-03-07,6820,6820,6570,6600,50503,-0.032258064516129004
2022-03-08,6550,6600,6330,6370,53688,-0.034848484848484795
2022-03-10,6430,6780,6430,6660,38461,0.04552590266875978
2022-03-11,6740,6740,6630,6710,19763,0.007507507507507505
2022-03-14,6710,6710,6490,6570,33852,-0.02086438152011927
2022-03-15,6570,6570,6300,6320,69237,-0.03805175038051756
2022-03-16,6380,6440,6290,6430,60812,0.017405063291139333
2022-03-17,6520,6670,6490,6620,46635,0.029548989113530322
2022-03-18,6690,6960,6620,6720,117967,0.015105740181268867
2022-03-21,6790,6800,6660,6690,34738,-0.004464285714285698
2022-03-22,6710,6790,6620,6740,55874,0.007473841554558991
2022-03-23,6790,6850,6690,6800,46007,0.008902077151335286
2022-03-24,6800,6900,6760,6900,35244,0.014705882352941124
2022-03-25,6920,7010,6850,6970,42328,0.010144927536231974
2022-03-28,7350,8080,7050,7110,1143325,0.020086083213773254
2022-03-29,7110,7310,7000,7180,157896,0.009845288326300938
2022-03-30,7180,8020,7180,7400,1162978,0.03064066852367686
2022-03-31,7420,8800,7420,8440,4605219,0.14054054054054044
2022-04-01,8510,8690,8410,8470,639091,0.0035545023696681444
2022-04-04,8470,8540,8100,8520,307287,0.005903187721369552
2022-04-05,8550,9090,8370,9050,707602,0.062206572769953006
2022-04-06,8900,8980,8600,8750,387270,-0.03314917127071826
2022-04-07,8650,8650,8100,8160,483805,-0.0674285714285714
2022-04-08,8180,9060,8020,8340,1095624,0.022058823529411686
2022-04-11,8330,8630,8120,8240,205028,-0.011990407673860948
2022-04-12,8100,8550,8050,8390,124491,0.01820388349514568
2022-04-13,8410,8600,8310,8570,179852,0.021454112038140627
2022-04-14,8800,9690,8550,8550,3384180,-0.002333722287047868
2022-04-15,8550,8630,8370,8560,187591,0.0011695906432749315
2022-04-18,8630,8640,8210,8230,228376,-0.03855140186915884
2022-04-19,8150,8530,8150,8460,143956,0.0279465370595382
2022-04-20,8530,8620,8370,8400,103725,-0.007092198581560294
2022-04-21,8230,8830,8230,8720,215562,0.03809523809523818
2022-04-22,8630,8700,8450,8470,146964,-0.028669724770642224
2022-04-25,8290,8320,7990,8120,174066,-0.04132231404958675
2022-04-26,8120,8340,8120,8230,66871,0.013546798029556717
2022-04-27,8100,8180,7900,8130,87565,-0.012150668286755817
2022-04-28,8130,8270,7960,8240,90023,0.013530135301353052
2022-04-29,8320,8490,8170,8220,73607,-0.0024271844660194164
2022-05-02,8220,8530,8130,8470,99853,0.03041362530413627
2022-05-03,8480,8620,8380,8480,103977,0.0011806375442739991
2022-05-04,8730,8750,8170,8280,77851,-0.02358490566037741
2022-05-06,8200,8280,8030,8190,52597,-0.010869565217391353
2022-05-09,8100,8100,7800,7830,76193,-0.04395604395604391
2022-05-10,7790,8110,7450,7970,99163,0.017879948914431676
2022-05-11,7900,8200,7770,7780,23403,-0.023839397741530766
2022-05-12,7740,7960,7500,7620,43165,-0.020565552699228773
2022-05-13,7620,7940,7620,7880,39233,0.034120734908136496
2022-05-16,7910,8200,7910,8060,85380,0.02284263959390853
2022-05-17,8060,8100,7980,8060,23418,0.0
2022-05-18,8240,8240,7950,8070,40806,0.001240694789081953
2022-05-19,7790,7890,7760,7830,33999,-0.029739776951672847
2022-05-20,7770,7940,7770,7870,21256,0.005108556832694733
2022-05-23,8020,8020,7590,7650,55243,-0.027954256670902122
2022-05-24,7750,7780,7480,7540,29830,-0.01437908496732021
2022-05-25,7530,7740,7420,7450,32911,-0.011936339522546469
2022-05-26,7470,7580,7410,7410,27044,-0.005369127516778538
2022-05-27,7420,7620,7420,7560,22083,0.020242914979757165
2022-05-30,7700,7800,7650,7700,19480,0.0185185185185186
2022-05-31,7660,7840,7660,7810,51783,0.014285714285714235
2022-06-02,7810,7920,7700,7790,30009,-0.002560819462227859
2022-06-03,7820,7890,7700,7830,31630,0.005134788189987249
2022-06-07,7850,7980,7770,7880,52610,0.0063856960408683605
2022-06-08,7820,7940,7640,7650,31343,-0.029187817258883197
2022-06-09,7780,7780,7400,7420,76096,-0.030065359477124187
2022-06-10,7430,7600,7310,7460,16880,0.005390835579514919
2022-06-13,7300,7370,6910,6910,56288,-0.07372654155495983
2022-06-14,6850,6850,6410,6840,50849,-0.01013024602026047
2022-06-15,6660,7000,6520,6600,54079,-0.03508771929824561
2022-06-16,6630,6970,6600,6650,28795,0.007575757575757569
2022-06-17,6450,6680,6300,6650,27935,0.0
2022-06-20,6600,6800,6170,6340,59150,-0.046616541353383445
2022-06-21,6350,6430,6160,6420,12970,0.012618296529968376
2022-06-22,6360,6450,5960,6010,45178,-0.06386292834890961
2022-06-23,5980,6080,5600,5600,59222,-0.06821963394342767
2022-06-24,5260,5850,5260,5820,74533,0.03928571428571437
2022-06-27,6280,6380,5880,6360,60455,0.09278350515463907
2022-06-28,6360,6360,6160,6280,15182,-0.012578616352201255
2022-06-29,6080,6380,6040,6350,32128,0.011146496815286566
2022-06-30,6280,6340,5930,5990,36895,-0.056692913385826826
2022-07-01,5930,6050,5670,5860,39807,-0.02170283806343909
2022-07-04,5860,5910,5600,5750,29208,-0.018771331058020424
2022-07-05,5710,6100,5710,6010,22431,0.045217391304347876
2022-07-06,6110,6200,5950,5950,18256,-0.009983361064891838
2022-07-07,5950,6080,5890,6040,13478,0.015126050420168013
2022-07-08,6090,6160,6050,6050,8546,0.0016556291390728006
2022-07-11,6110,6280,6080,6210,26933,0.026446280991735627
2022-07-12,6100,6190,5970,5980,22054,-0.03703703703703709
2022-07-13,5980,6330,5880,6240,25641,0.04347826086956519
2022-07-14,6240,6390,6180,6370,25568,0.02083333333333326
2022-07-15,6360,6380,6130,6190,19391,-0.028257456828885363
2022-07-18,6190,6400,6190,6400,24166,0.03392568659127626
2022-07-19,6340,6470,6310,6470,21495,0.010937500000000044
2022-07-20,6510,6530,6410,6410,23524,-0.009273570324574987
2022-07-21,6410,6560,6410,6510,19420,0.015600624024961096
2022-07-22,6530,7920,6530,7070,3775208,0.08602150537634401
2022-07-25,7050,7740,6900,7410,1212112,0.0480905233380482
2022-07-26,7370,7430,7180,7210,141104,-0.026990553306342813
2022-07-27,7210,7410,7130,7380,87484,0.023578363384188616
2022-07-28,7350,7700,7130,7360,164769,-0.0027100271002710175
2022-07-29,7360,7470,7240,7270,42772,-0.012228260869565188
2022-08-01,7270,7540,7270,7460,66901,0.026134800550206227
2022-08-02,7410,7560,7270,7440,37299,-0.002680965147453085
2022-08-03,7440,7500,7210,7440,46758,0.0
2022-08-04,7500,7900,7450,7750,252568,0.04166666666666674
2022-08-05,7750,7760,7470,7470,74460,-0.03612903225806452
2022-08-08,7460,7610,7300,7610,41743,0.018741633199464536
2022-08-09,7470,7580,7360,7530,35875,-0.010512483574244391
2022-08-10,7480,7570,7330,7450,30178,-0.010624169986719778
2022-08-11,7450,7690,7350,7690,80087,0.03221476510067123
2022-08-12,7740,7740,7490,7580,50724,-0.014304291287386195
2022-08-16,7630,8010,7610,7690,359704,0.014511873350923521
2022-08-17,7780,7820,7580,7670,92887,-0.002600780234070177
2022-08-18,7570,7670,7410,7660,70988,-0.0013037809647978849
2022-08-19,7580,7640,7500,7500,27882,-0.02088772845953002
2022-08-22,7430,7480,7200,7240,45317,-0.03466666666666662
2022-08-23,7170,7320,7090,7290,40640,0.006906077348066253
2022-08-24,7180,7380,7180,7250,17234,-0.005486968449931462
2022-08-25,7310,7590,7290,7510,45736,0.035862068965517135
2022-08-26,7550,7750,7550,7600,50347,0.011984021304926706
2022-08-29,7520,7530,7290,7300,32523,-0.03947368421052633
2022-08-30,7190,7810,7170,7590,63674,0.039726027397260166
2022-08-31,7590,7690,7550,7590,41314,0.0
2022-09-01,7610,7690,7440,7460,37416,-0.017127799736495364
2022-09-02,7400,7610,7400,7490,31888,0.004021447721179516
2022-09-05,7420,7490,7190,7200,41217,-0.03871829105473967
2022-09-06,7100,7550,7090,7490,42778,0.04027777777777786
2022-09-07,7500,7900,7240,7760,294722,0.03604806408544725
2022-09-08,7760,7920,7600,7670,123694,-0.011597938144329856
2022-09-13,7730,7900,7720,7810,99561,0.018252933507170832
2022-09-14,7600,7890,7410,7860,90635,0.006402048655569814
2022-09-15,7900,8010,7510,7540,140200,-0.040712468193384255
2022-09-16,7530,7690,7320,7360,58071,-0.023872679045092826
2022-09-19,7300,7380,7200,7200,46045,-0.021739130434782594
2022-09-20,7200,8040,7200,7650,301676,0.0625
2022-09-21,7650,7770,7500,7570,41715,-0.010457516339869244
2022-09-22,7520,7570,7200,7380,56128,-0.02509907529722588
2022-09-23,7380,7380,7120,7160,47186,-0.02981029810298108
2022-09-26,6930,7080,6270,6280,120282,-0.12290502793296088
2022-09-27,6280,6460,6060,6250,79665,-0.004777070063694322
2022-09-28,6170,6450,5870,5930,63915,-0.05120000000000002
2022-09-29,6010,6380,6010,6150,38779,0.03709949409780777
2022-09-30,6100,6350,6010,6240,31197,0.014634146341463428
2022-10-04,6550,7200,6330,6700,164884,0.07371794871794868
2022-10-05,6850,6980,6700,6810,42499,0.016417910447761086
2022-10-06,6810,6960,6810,6910,11986,0.014684287812041008
2022-10-07,6910,7000,6820,6940,28536,0.004341534008682979
2022-10-11,6800,6800,6450,6550,25036,-0.05619596541786742
2022-10-12,6490,6720,6450,6680,20297,0.01984732824427482
2022-10-13,6560,6660,6160,6220,33371,-0.06886227544910184
2022-10-14,6260,6440,6260,6380,20291,0.025723472668810254
2022-10-17,6380,6560,6310,6350,16345,-0.00470219435736674
2022-10-18,6390,6580,6390,6520,13750,0.026771653543307128
2022-10-19,6580,6660,6450,6460,26442,-0.009202453987730008
2022-10-20,6460,6670,6370,6440,10628,-0.003095975232198178
2022-10-21,6400,6480,6350,6350,13290,-0.013975155279503104
2022-10-24,6360,6480,6360,6450,9604,0.015748031496062964
2022-10-25,6480,6560,6410,6520,14511,0.010852713178294504
2022-10-26,6520,6600,6460,6510,12984,-0.0015337423312883347
2022-10-27,6510,6700,6510,6690,20918,0.02764976958525356
2022-10-28,6700,6740,6510,6640,18511,-0.007473841554558991
2022-10-31,6640,6780,6580,6580,19623,-0.009036144578313254
2022-11-01,6740,6760,6590,6760,19614,0.02735562310030404
2022-11-02,6780,6960,6690,6790,29271,0.004437869822485174
2022-11-03,6720,6860,6660,6830,17492,0.00589101620029453
2022-11-04,6900,6900,6650,6840,22743,0.0014641288433381305
2022-11-07,6840,6900,6770,6790,31410,-0.007309941520467822
2022-11-08,6800,6920,6800,6900,10214,0.016200294550809957
2022-11-09,6890,7050,6790,6920,15766,0.0028985507246377384
2022-11-10,6880,6950,6710,6810,31616,-0.01589595375722541
2022-11-11,6950,7000,6750,6820,30565,0.001468428781204123
2022-11-14,6850,7000,6820,6950,25002,0.019061583577712593
2022-11-15,6920,7530,6840,7460,153373,0.07338129496402868
2022-11-16,7480,7740,7340,7530,133257,0.009383378016085686
2022-11-17,7530,7720,7510,7650,65644,0.015936254980079667
2022-11-18,7650,7750,7450,7670,44441,0.002614379084967311
2022-11-21,7670,7670,7510,7530,49181,-0.018252933507170832
2022-11-22,7480,7550,7400,7400,25227,-0.01726427622841964
2022-11-23,7400,7610,7380,7610,24067,0.02837837837837842
2022-11-24,7640,7730,7540,7600,18367,-0.0013140604467805073
2022-11-25,7600,7700,7500,7620,15927,0.002631578947368318
2022-11-28,7620,7670,7370,7370,22037,-0.03280839895013121
2022-11-29,7240,7500,7230,7500,18257,0.01763907734056991
2022-11-30,7680,7680,7460,7560,21075,0.008000000000000007
2022-12-01,7620,7710,7480,7520,46485,-0.005291005291005346
2022-12-02,7560,7590,7420,7580,28072,0.007978723404255428
2022-12-05,7530,7570,7410,7410,21259,-0.02242744063324542
2022-12-06,7330,7340,7070,7140,35059,-0.036437246963562764
2022-12-07,7060,7190,6950,7120,24754,-0.0028011204481792618
2022-12-08,7100,7110,6920,6920,23179,-0.028089887640449396
2022-12-09,6930,7040,6840,6950,26405,0.004335260115607031
2022-12-12,7000,7020,6830,6950,24040,0.0
2022-12-13,6920,6930,6620,6620,41553,-0.0474820143884892
2022-12-14,6620,7280,6620,7000,55260,0.05740181268882183
2022-12-15,7070,7170,6890,6890,25537,-0.01571428571428568
2022-12-16,6890,6960,6760,6830,11274,-0.00870827285921627
2022-12-19,6770,6770,6610,6650,28738,-0.026354319180087793
2022-12-20,6630,6640,6400,6480,21658,-0.025563909774436122
2022-12-21,6480,6550,6390,6550,14724,0.010802469135802406
2022-12-22,6550,6780,6550,6760,9802,0.032061068702289974
2022-12-23,6750,6750,6500,6500,20376,-0.038461538461538436
2022-12-26,6500,6650,6420,6640,15368,0.021538461538461506
2022-12-27,6630,6790,6610,6700,20234,0.009036144578313143
2022-12-28,6760,6930,6660,6850,28300,0.02238805970149249
2022-12-29,6780,6850,6560,6600,29120,-0.03649635036496346
2023-01-02,6550,6590,6270,6380,27232,-0.033333333333333326
2023-01-03,6320,6360,6140,6270,15279,-0.017241379310344862
2023-01-04,6200,6460,6130,6460,9385,0.030303030303030276
2023-01-05,6520,6520,6250,6250,18807,-0.03250773993808054
2023-01-06,6250,6550,6250,6490,25832,0.03839999999999999
2023-01-09,6550,6600,6450,6470,27505,-0.0030816640986132127
2023-01-10,6510,6560,6440,6440,28605,-0.004636785162287493
2023-01-11,6500,7090,6500,6590,39357,0.02329192546583858
2023-01-12,6710,6710,6540,6540,25326,-0.007587253414264028
2023-01-13,6600,6680,6460,6560,35649,0.003058103975535076
2023-01-16,6590,6670,6490,6510,52309,-0.007621951219512146
2023-01-17,6550,6570,6430,6490,15479,-0.003072196620583667
2023-01-18,6490,6550,6400,6440,15467,-0.007704160246533087
2023-01-19,6410,6430,6330,6380,27083,-0.009316770186335366
2023-01-20,6380,6470,6350,6390,10487,0.0015673981191222097
2023-01-25,6390,6560,6390,6550,24447,0.025039123630672844
2023-01-26,6580,6680,6560,6680,19737,0.01984732824427482
2023-01-27,6730,6750,6570,6630,12208,-0.007485029940119792
2023-01-30,6630,6720,6580,6690,15233,0.009049773755656076
2023-01-31,6690,6860,6610,6810,28903,0.017937219730941756
2023-02-01,6850,6870,6690,6830,30179,0.002936857562408246
2023-02-02,6830,6900,6780,6830,9878,0.0
2023-02-03,6870,6920,6760,6830,11814,0.0
2023-02-06,6830,6900,6700,6820,30181,-0.0014641288433382416
2023-02-07,6740,6860,6730,6800,17844,-0.0029325513196480912
2023-02-08,6800,6840,6790,6820,12317,0.002941176470588225
2023-02-09,6860,6880,6780,6850,17011,0.004398826979472137
2023-02-10,6850,6880,6590,6730,40752,-0.017518248175182438
2023-02-13,6730,6730,6510,6510,34214,-0.03268945022288261
2023-02-14,6510,6600,6510,6600,14868,0.01382488479262678
2023-02-15,6600,6660,6420,6420,31619,-0.027272727272727226
2023-02-16,6420,6590,6400,6540,33158,0.01869158878504673
2023-02-17,6600,6670,6560,6590,12556,0.007645259938837912
2023-02-20,6590,6730,6520,6680,30233,0.01365705614567525
2023-02-21,6610,6740,6570,6720,28385,0.0059880239520957446
2023-02-22,6720,6720,6510,6570,15718,-0.022321428571428603
2023-02-23,6550,6740,6520,6690,31939,0.0182648401826484
2023-02-24,7000,8290,6920,7470,6103087,0.11659192825112097
2023-02-27,7460,7680,7260,7410,587958,-0.008032128514056214
2023-02-28,7360,7500,7200,7310,210326,-0.013495276653171406
2023-03-02,7260,7400,7160,7330,186961,0.002735978112175186
2023-03-03,7370,7380,7220,7220,112817,-0.01500682128240105
2023-03-06,7230,7380,7140,7260,83338,0.005540166204986097
2023-03-07,7260,7310,7120,7260,83816,0.0
2023-03-08,7230,7260,7060,7160,62867,-0.01377410468319562
2023-03-09,7160,7160,6930,7080,74687,-0.011173184357541888
2023-03-10,6950,7110,6910,6980,56586,-0.01412429378531077
2023-03-13,6900,6900,6590,6740,96831,-0.034383954154727836
2023-03-14,6630,6710,6400,6420,95060,-0.047477744807121636
2023-03-15,6490,6630,6490,6510,54510,0.014018691588784993
2023-03-16,6530,6700,6450,6640,39651,0.019969278033794113
2023-03-17,6690,6840,6680,6760,55670,0.01807228915662651
2023-03-20,6760,6800,6670,6800,42299,0.00591715976331364
2023-03-21,6850,6900,6730,6730,31658,-0.010294117647058787
2023-03-22,6730,6770,6530,6560,41919,-0.025260029717682042
2023-03-23,6520,6680,6500,6500,24212,-0.009146341463414642
2023-03-24,6530,6690,6520,6630,17992,0.020000000000000018
2023-03-27,6530,6630,6430,6610,36812,-0.003016591251885359
2023-03-28,6610,6610,6380,6600,85763,-0.001512859304084735
2023-03-29,6580,6690,6470,6680,39646,0.0121212121212122
2023-03-30,6690,6750,6600,6720,44374,0.0059880239520957446
2023-03-31,6680,6720,6480,6480,67493,-0.0357142857142857
2023-04-03,6480,6600,6410,6600,68635,0.0185185185185186
2023-04-04,6550,6740,6550,6740,55398,0.021212121212121238
2023-04-05,6740,6810,6670,6750,31301,0.0014836795252226587
2023-04-06,6750,6750,6530,6580,41574,-0.0251851851851852
2023-04-07,6580,6660,6530,6630,27298,0.0075987841945288626
2023-04-10,6630,6650,6440,6450,45833,-0.02714932126696834
2023-04-11,6430,6790,6310,6650,100155,0.03100775193798455
2023-04-12,6760,7090,6740,6950,169120,0.04511278195488733
2023-04-13,6890,7040,6810,6950,61226,0.0
2023-04-14,6930,7020,6830,6880,55119,-0.010071942446043147
2023-04-17,6880,6890,6780,6840,55739,-0.005813953488372103
2023-04-18,6890,6890,6600,6670,67383,-0.024853801169590684
2023-04-19,6660,6780,6650,6740,34452,0.010494752623688264
2023-04-20,6730,6740,6510,6550,58105,-0.028189910979228516
2023-04-21,6450,6500,6330,6380,80639,-0.025954198473282397
2023-04-24,6380,6450,6300,6380,43143,0.0
2023-04-25,6370,6440,6250,6390,43530,0.0015673981191222097
2023-04-26,6330,6520,6280,6290,29623,-0.015649452269170583
2023-04-27,6290,6410,6210,6380,18411,0.014308426073131875
2023-04-28,6450,6450,6170,6210,44136,-0.026645768025078342
2023-05-02,6230,6370,6220,6350,23383,0.02254428341384873
2023-05-03,6350,6450,6300,6390,18691,0.006299212598425141
2023-05-04,6310,6390,6280,6350,15243,-0.006259780907668211
2023-05-08,6350,6490,6330,6440,23180,0.014173228346456623
2023-05-09,6480,6520,6300,6450,24221,0.0015527950310558758
2023-05-10,6440,8380,6380,8380,7036581,0.29922480620155034
2023-05-11,9190,10690,7990,9910,22979070,0.1825775656324582
2023-05-12,9730,10340,9050,9280,3335743,-0.06357214934409683
2023-05-15,9350,10090,8600,8920,3939565,-0.03879310344827591
2023-05-16,8910,11590,8720,10640,17421036,0.1928251121076232
2023-05-17,10380,10800,9920,10140,2395670,-0.046992481203007475
2023-05-18,10140,10440,9900,10360,1192490,0.021696252465483346
2023-05-19,10160,10180,9150,9440,1584852,-0.08880308880308885
2023-05-22,9350,9510,9220,9480,597529,0.004237288135593209
2023-05-23,9400,9550,9030,9160,643187,-0.03375527426160341
2023-05-24,9150,9350,8990,9350,521093,0.020742358078602585
2023-05-25,9270,9470,9050,9350,663514,0.0
2023-05-26,9250,9600,9240,9450,771221,0.010695187165775444
2023-05-30,9410,10070,9000,9020,2861869,-0.04550264550264549
2023-05-31,8940,9390,8820,9150,503720,0.014412416851441234
2023-06-01,9220,9930,9150,9750,2241808,0.06557377049180335
2023-06-02,9650,10370,9390,9750,2370203,0.0
2023-06-05,9760,10180,9580,9900,1008261,0.01538461538461533
2023-06-07,9910,10050,9430,9470,509624,-0.04343434343434338
2023-06-08,9350,9470,9020,9270,392331,-0.02111932418162621
2023-06-09,9550,9880,9280,9280,645636,0.0010787486515642097
2023-06-12,9520,9700,9290,9570,334639,0.03125
2023-06-13,9700,9850,9430,9800,450220,0.024033437826541215
2023-06-14,9900,9970,9240,9470,559310,-0.03367346938775506
2023-06-15,9560,9710,9260,9330,266715,-0.014783526927138357
2023-06-16,9510,9510,9200,9270,188591,-0.006430868167202619
2023-06-19,9200,9350,8970,9340,168197,0.007551240560949246
2023-06-20,9500,9510,9030,9120,151661,-0.023554603854389677
2023-06-21,9290,9510,9070,9360,262786,0.026315789473684292
2023-06-22,9320,9320,8620,8660,394171,-0.07478632478632474
2023-06-23,8660,8760,8410,8570,175394,-0.010392609699769073
2023-06-26,8420,8740,8390,8630,142981,0.007001166861143604
2023-06-27,8630,8800,8510,8650,99820,0.002317497103128563
2023-06-28,8670,8950,8670,8880,157063,0.026589595375722475
2023-06-29,8890,9030,8410,8590,209389,-0.03265765765765771
2023-06-30,8540,8940,8540,8910,115984,0.03725261932479618
2023-07-03,8920,9130,8790,8850,124622,-0.006734006734006703
2023-07-04,8940,9070,8860,8990,93150,0.01581920903954792
2023-07-05,9000,9100,8680,8800,159683,-0.021134593993325956
2023-07-06,8870,9450,8660,8950,631295,0.017045454545454586
2023-07-07,8950,8960,8390,8510,165024,-0.049162011173184306
2023-07-10,9000,9370,8610,9130,436452,0.07285546415981203
2023-07-11,9250,9340,8900,8990,184631,-0.01533406352683464
2023-07-12,9100,9320,8690,8720,195487,-0.030033370411568394
2023-07-13,8710,8850,8630,8650,85411,-0.008027522935779796
2023-07-14,8650,8710,8180,8360,210365,-0.03352601156069368
2023-07-17,8360,8470,8170,8210,92740,-0.01794258373205737
2023-07-18,8190,8280,7880,8020,132135,-0.023142509135200995
2023-07-19,8060,8070,7850,7870,80666,-0.018703241895261846
2023-07-20,7890,7940,7780,7840,58930,-0.003811944091486663
2023-07-21,7840,8050,7680,7860,94935,0.0025510204081633514
2023-07-24,7860,7860,7510,7700,115765,-0.020356234096692072
2023-07-25,7640,7740,7510,7590,69070,-0.014285714285714235
2023-07-26,7590,7590,7030,7100,185269,-0.06455862977602111
2023-07-27,7000,7380,7000,7270,53924,0.023943661971830954
2023-07-28,7160,7490,7160,7390,27868,0.016506189821182904
2023-07-31,7390,7600,7270,7500,43413,0.014884979702300516
2023-08-01,7500,7550,7380,7460,34843,-0.005333333333333301
2023-08-02,7460,7520,7150,7210,99504,-0.03351206434316356
2023-08-03,7130,7260,6960,7160,72412,-0.006934812760055475
2023-08-04,7140,7280,7100,7270,38509,0.015363128491620026
2023-08-07,7340,7340,7020,7300,50105,0.004126547455295837
2023-08-08,7190,7290,7070,7070,45666,-0.03150684931506853
2023-08-09,6990,7200,6990,7080,50641,0.0014144271570013522
2023-08-10,7130,7270,7050,7260,51441,0.025423728813559254
2023-08-11,7260,7440,7220,7320,34991,0.008264462809917328
2023-08-14,7320,7330,7100,7130,43174,-0.025956284153005438
2023-08-16,6990,7050,6770,6830,127027,-0.04207573632538575
2023-08-17,6830,6980,6660,6950,91448,0.017569546120058455
2023-08-18,6860,6990,6560,6840,41222,-0.015827338129496438
2023-08-21,6830,6980,6710,6950,31318,0.016081871345029253
2023-08-22,6960,7020,6750,6750,28149,-0.02877697841726623
2023-08-23,6750,6980,6660,6700,35357,-0.007407407407407418
2023-08-24,6720,6950,6720,6910,39355,0.03134328358208949
2023-08-25,6900,6910,6750,6830,26321,-0.01157742402315487
2023-08-28,6860,7020,6760,7000,31171,0.02489019033674955
2023-08-29,7000,7220,7000,7200,46446,0.02857142857142847
2023-08-30,7240,7250,7100,7210,41895,0.001388888888888884
2023-08-31,7210,7240,7050,7060,22993,-0.020804438280166426
2023-09-01,7060,7160,6970,6990,42568,-0.009915014164305958
2023-09-04,6930,7050,6910,6980,22438,-0.0014306151645206988
2023-09-05,6980,7400,6980,7400,103691,0.06017191977077374
2023-09-06,7400,7640,7190,7220,186400,-0.024324324324324298
2023-09-07,7210,7620,7070,7200,100447,-0.0027700831024930483
2023-09-08,7200,7200,7060,7120,40142,-0.011111111111111072
2023-09-11,7120,7760,7050,7230,1266499,0.015449438202247201
2023-09-12,7360,7480,7160,7350,166422,0.016597510373443924
2023-09-13,7320,7390,7200,7230,69639,-0.01632653061224487
2023-09-14,7230,7290,7110,7230,45060,0.0
2023-09-15,7230,7480,7230,7380,54861,0.020746887966804906
2023-09-18,7470,7540,7320,7390,94991,0.0013550135501354532
2023-09-19,7400,7410,7140,7180,63516,-0.02841677943166443
2023-09-20,7250,7390,7180,7330,39382,0.02089136490250687
2023-09-21,7290,7290,6970,6970,76011,-0.049113233287858105
2023-09-22,6890,6950,6780,6790,39803,-0.02582496413199431
2023-09-25,6790,6910,6700,6760,49285,-0.004418262150220897
2023-09-26,6760,6940,6690,6700,53409,-0.00887573964497046
2023-09-27,6700,6880,6570,6850,39515,0.02238805970149249
2023-10-04,6850,6850,6560,6560,57049,-0.04233576642335768
2023-10-05,6560,6650,6360,6380,46330,-0.027439024390243927
2023-10-06,6320,6780,6320,6710,51562,0.051724137931034475
2023-10-10,6710,6810,6500,6510,33955,-0.02980625931445602
2023-10-11,6600,6770,6600,6690,30003,0.02764976958525356
2023-10-12,6690,6820,6690,6800,23225,0.01644245142002987
2023-10-13,6800,6800,6630,6730,15666,-0.010294117647058787
2023-10-16,6720,6720,6540,6600,29262,-0.019316493313521588
2023-10-17,6600,6770,6600,6730,19466,0.01969696969696977
2023-10-18,6730,7030,6690,6910,45150,0.026745913818722045
2023-10-19,6800,6950,6700,6880,38668,-0.00434153400868309
2023-10-20,6850,7020,6780,6800,46271,-0.011627906976744207
2023-10-23,6620,6810,6580,6580,24297,-0.032352941176470584
2023-10-24,6580,6810,6420,6720,47652,0.02127659574468077
2023-10-25,6780,6830,6680,6790,17790,0.01041666666666674
2023-10-26,6690,6770,6440,6550,38696,-0.03534609720176729
2023-10-27,6700,6830,6470,6700,45035,0.022900763358778553
2023-10-30,6710,6750,6520,6700,29499,0.0
2023-10-31,6700,6780,6570,6580,25149,-0.017910447761193993
2023-11-01,6590,6760,6590,6720,24207,0.02127659574468077
2023-11-02,6790,6880,6750,6790,23136,0.01041666666666674
2023-11-03,6850,6980,6790,6880,37757,0.013254786450662692
2023-11-06,6900,6990,6870,6950,45913,0.01017441860465107
2023-11-07,6950,6980,6760,6860,32132,-0.012949640287769792
2023-11-08,6920,7060,6860,6950,40844,0.013119533527696792
2023-11-09,6920,7100,6880,6960,26880,0.0014388489208632116
2023-11-10,6960,7020,6830,6970,17604,0.001436781609195359
2023-11-13,6970,7100,6910,6980,26253,0.0014347202295552641
2023-11-14,7100,7350,7070,7230,128517,0.035816618911174825
2023-11-15,7300,7350,7160,7240,72899,0.0013831258644536604
2023-11-16,7330,7400,7220,7350,70373,0.015193370165745845
2023-11-17,7310,7310,7090,7130,61275,-0.029931972789115635
2023-11-20,7130,7350,7090,7290,45595,0.02244039270687237
2023-11-21,7280,7370,7200,7320,51506,0.004115226337448652
2023-11-22,7320,7480,7250,7480,73967,0.021857923497267784
2023-11-23,7500,7500,7350,7370,33433,-0.014705882352941124
2023-11-24,7450,7450,7300,7350,24013,-0.0027137042062415073
2023-11-27,7350,7350,7220,7300,28327,-0.006802721088435382
2023-11-28,7350,7480,7190,7440,60851,0.019178082191780854
2023-11-29,7440,7570,7350,7560,66834,0.016129032258064502
2023-11-30,7560,7580,7450,7570,45540,0.001322751322751392
2023-12-01,7570,7770,7460,7620,70771,0.006605019815059343
2023-12-04,7620,7720,7510,7640,42184,0.002624671916010568
2023-12-05,7580,7640,7480,7490,67895,-0.01963350785340312
2023-12-06,7480,7950,7410,7780,120601,0.03871829105473967
2023-12-07,7780,7950,7770,7920,84303,0.01799485861182526
2023-12-08,7920,7970,7840,7950,59061,0.0037878787878788955
2023-12-11,7910,8260,7910,8260,96909,0.03899371069182389
2023-12-12,8250,8390,7980,8010,95290,-0.030266343825665842
2023-12-13,8010,8010,7760,7840,38928,-0.02122347066167296
2023-12-14,7840,8040,7840,8000,32499,0.020408163265306145
2023-12-15,8000,8080,7870,7880,39494,-0.015000000000000013
2023-12-18,7910,8320,7900,8270,82176,0.04949238578680193
2023-12-19,8270,9040,7950,9000,415920,0.08827085852478844
2023-12-20,9430,11700,9060,11700,3503293,0.30000000000000004
2023-12-21,12550,13800,10140,10140,5302796,-0.1333333333333333
2023-12-22,10200,10340,9580,9650,1113766,-0.0483234714003945
2023-12-26,9520,9650,9070,9070,611086,-0.060103626943005195
2023-12-27,8800,8930,8530,8800,564528,-0.029768467475192906
2023-12-28,8720,9450,8720,9410,1227310,0.06931818181818183
2024-01-02,9310,9470,9160,9320,315739,-0.009564293304994642
2024-01-03,9320,9320,9030,9030,201532,-0.0311158798283262
2024-01-04,8960,9110,8750,9060,184922,0.0033222591362125353
2024-01-05,9010,9120,8900,9010,122262,-0.0055187637969095205
2024-01-08,9060,9340,9050,9210,156530,0.02219755826859049
2024-01-09,9350,9350,9120,9330,137734,0.013029315960912058
2024-01-10,9180,9270,9120,9180,89195,-0.01607717041800638
2024-01-11,9180,9390,9050,9120,142920,-0.006535947712418277
2024-01-12,9070,9080,8610,8700,204778,-0.046052631578947345
2024-01-15,8570,8850,8520,8840,79280,0.016091954022988464
2024-01-16,8790,9000,8690,8950,59280,0.012443438914027105
2024-01-17,8950,8970,8630,8880,53939,-0.007821229050279377
2024-01-18,8880,9600,8820,9580,418538,0.0788288288288288
2024-01-19,9580,10940,9490,10260,963559,0.07098121085595
2024-01-22,10420,11000,10320,10660,260098,0.03898635477582846
2024-01-23,10680,11290,10680,10800,410860,0.013133208255159401
2024-01-24,10800,10800,9180,10300,483985,-0.04629629629629628
2024-01-25,10300,10700,10030,10070,161734,-0.022330097087378653
2024-01-26,10170,10590,9520,9890,361273,-0.01787487586891756
2024-01-29,9830,9950,9320,9610,177300,-0.02831142568250755
2024-01-30,9640,9930,9320,9400,141982,-0.02185223725286156
2024-01-31,9400,9570,9260,9360,94996,-0.004255319148936176
2024-02-01,9330,9550,9110,9180,108828,-0.019230769230769273
2024-02-02,9360,9760,9240,9700,243782,0.056644880174292034
2024-02-05,9990,10050,9520,9640,105566,-0.006185567010309256
2024-02-06,9760,10340,8830,8970,246930,-0.06950207468879666
2024-02-07,9050,9370,9030,9180,77395,0.02341137123745818
2024-02-08,9340,9620,9280,9400,82543,0.023965141612200425
2024-02-13,9430,9630,9270,9400,99624,0.0
2024-02-14,9290,9950,9190,9720,101673,0.03404255319148941
2024-02-15,9870,10000,9400,9440,69961,-0.028806584362139898
2024-02-16,9840,10970,9720,10640,1379245,0.12711864406779672
2024-02-19,10670,10880,10500,10500,560092,-0.013157894736842146
2024-02-20,10380,10450,10110,10250,212850,-0.023809523809523836
2024-02-21,10180,11430,10110,10840,911020,0.05756097560975615
2024-02-22,10800,10800,10400,10550,234723,-0.026752767527675303
2024-02-23,10550,10550,10150,10290,189662,-0.024644549763033208
2024-02-26,10290,10590,10030,10300,158746,0.0009718172983479434
2024-02-27,10400,10440,9950,10090,112457,-0.020388349514563142
2024-02-28,10000,10190,9850,9960,68692,-0.012884043607532258
2024-02-29,9900,11130,9900,11000,959717,0.10441767068273089
2024-03-04,11010,11100,10350,10490,336671,-0.046363636363636385
2024-03-05,10310,10360,10120,10250,141759,-0.02287893231649185
2024-03-06,10240,11850,10070,10920,1734111,0.06536585365853664
2024-03-07,10850,10950,10450,10530,340574,-0.0357142857142857
2024-03-08,10420,11730,10350,11100,795720,0.054131054131054235
2024-03-11,10990,11190,10710,10880,213115,-0.01981981981981984
2024-03-12,11000,11440,10860,10980,388439,0.009191176470588314
2024-03-13,10990,11500,10990,11450,309006,0.04280510018214945
2024-03-14,11360,11380,11000,11000,231633,-0.0393013100436681
2024-03-15,10880,12000,10680,11940,811482,0.08545454545454545
2024-03-18,11820,12130,11600,12030,333223,0.007537688442211143
2024-03-19,12100,12240,11310,11610,356926,-0.034912718204488824
2024-03-20,11880,12080,11430,11820,205802,0.01808785529715773
2024-03-21,11890,11980,11240,11240,220229,-0.04906937394247035
2024-03-22,11200,11540,11180,11180,112882,-0.005338078291814985
2024-03-25,11180,11350,11030,11350,105990,0.015205724508050134
2024-03-26,11280,11530,11170,11480,96114,0.011453744493391982
2024-03-27,11480,11500,11050,11050,115456,-0.03745644599303133
2024-03-28,10990,11000,10480,10650,183757,-0.03619909502262442
2024-03-29,10650,10800,10550,10700,63442,0.0046948356807512415
2024-04-01,10690,11250,10680,11180,117828,0.04485981308411224
2024-04-02,11110,11270,10720,10880,91208,-0.02683363148479423
2024-04-03,10800,11050,10600,10600,56913,-0.02573529411764708
2024-04-04,10610,10850,10310,10750,55785,0.014150943396226356
2024-04-05,10600,10850,10350,10350,47905,-0.037209302325581395
2024-04-08,10320,10790,10320,10540,77666,0.018357487922705307
2024-04-09,10570,10930,10550,10550,46732,0.000948766603415585
2024-04-11,10550,10550,9900,10180,87504,-0.035071090047393394
2024-04-12,10180,10360,9990,10010,54293,-0.016699410609037346
2024-04-15,9950,10070,9610,10000,54780,-0.0009990009990009652
2024-04-16,9910,10350,9900,10130,54219,0.0129999999999999
2024-04-17,10040,10200,9900,9950,44787,-0.017769002961500524
2024-04-18,9710,10150,9710,10050,36045,0.01005025125628145
2024-04-19,10040,10200,9470,9810,53664,-0.023880597014925398
2024-04-22,9810,10140,9810,9940,38670,0.013251783893985625
2024-04-23,9940,10130,9510,9770,36137,-0.017102615694164935
2024-04-24,9810,10250,9810,10120,52756,0.035823950870010224
2024-04-25,10120,10140,9760,9840,48178,-0.02766798418972327
2024-04-26,9840,10200,9760,9930,91483,0.009146341463414531
2024-04-29,10000,10480,9950,10370,56689,0.04431017119838865
2024-04-30,10370,10780,10230,10320,60508,-0.004821600771456103
2024-05-02,10310,10420,10100,10190,30081,-0.012596899224806224
2024-05-03,10210,10210,9950,10070,31352,-0.011776251226692791
2024-05-07,10070,10290,10050,10280,28967,0.020854021847070525
2024-05-08,10100,10350,10000,10110,34750,-0.0165369649805448
2024-05-09,10110,10110,9760,9770,65580,-0.03363006923837786
2024-05-10,9710,9930,9710,9860,31992,0.00921187308085969
2024-05-13,9760,9880,9640,9800,31605,-0.006085192697768749
2024-05-14,9800,9990,9700,9880,39015,0.008163265306122547
2024-05-16,10000,10250,9940,9950,63982,0.007085020242914908
2024-05-17,9920,10150,9910,9920,37783,-0.0030150753768843908
2024-05-20,9920,9950,9700,9920,26382,0.0
2024-05-21,10000,10130,9770,9910,61186,-0.0010080645161290036
2024-05-22,9880,10000,9780,10000,36235,0.00908173562058523
2024-05-23,10150,10150,9800,9830,31997,-0.017000000000000015
2024-05-24,9830,10000,9720,10000,30363,0.01729399796541209
2024-05-27,10000,10180,9900,10100,44260,0.010000000000000009
2024-05-28,10150,10590,10150,10500,112061,0.03960396039603964
2024-05-29,10510,10510,10150,10240,56516,-0.024761904761904763
2024-05-30,10060,10290,9900,10290,35501,0.0048828125
2024-05-31,10110,10490,10070,10070,35570,-0.02137998056365409
2024-06-03,10010,10360,10010,10360,52666,0.028798411122145096
2024-06-04,10360,10480,10150,10200,43329,-0.015444015444015413
2024-06-05,10200,10500,10040,10490,54766,0.028431372549019507
2024-06-07,10410,10750,10200,10500,118705,0.0009532888465204614
2024-06-10,10500,10800,10370,10420,66249,-0.007619047619047636
2024-06-11,10360,10440,10190,10220,34700,-0.019193857965451033
2024-06-12,10100,10600,10100,10340,50159,0.011741682974559797
2024-06-13,10250,10450,10070,10160,50253,-0.01740812379110257
2024-06-14,10110,10350,9900,9910,60766,-0.02460629921259838
2024-06-17,9910,10210,9910,9970,38416,0.006054490413723412
2024-06-18,9970,10170,9970,10080,24143,0.011033099297893756
2024-06-19,10080,10190,9920,9950,41865,-0.012896825396825351
2024-06-20,10000,10000,9770,9870,40652,-0.008040201005025116
2024-06-21,9770,9900,9770,9770,21617,-0.010131712259371817
2024-06-24,9770,9840,9200,9360,53221,-0.041965199590583424
2024-06-25,9240,9550,9200,9430,24069,0.007478632478632452
2024-06-26,9380,9700,9320,9530,17170,0.010604453870625585
2024-06-27,9530,9580,9300,9560,21132,0.0031479538300105414
2024-06-28,9560,9700,9560,9650,6185,0.009414225941422494
2024-07-01,9630,9630,9400,9520,10894,-0.013471502590673534
2024-07-02,9680,9680,9200,9680,24093,0.01680672268907557
2024-07-03,9690,9690,9320,9360,15274,-0.03305785123966942
2024-07-04,9270,9490,9240,9300,18806,-0.0064102564102563875
2024-07-05,9170,9350,8910,9080,43149,-0.023655913978494647
2024-07-08,8980,9090,8900,9050,10882,-0.0033039647577092213
2024-07-09,9050,9500,9050,9400,21866,0.03867403314917128
2024-07-10,9310,9390,9180,9190,8972,-0.022340425531914843
2024-07-11,9340,9390,9000,9190,30325,0.0
2024-07-12,9100,9180,8990,9070,32297,-0.01305767138193692
2024-07-15,9070,9210,8970,9160,12656,0.009922822491730932
2024-07-16,9050,9210,8980,9000,15553,-0.017467248908296984
2024-07-17,9200,9200,8770,8860,25723,-0.015555555555555545
2024-07-18,8860,8860,8490,8530,39774,-0.03724604966139955
2024-07-19,8440,8790,8400,8540,20014,0.0011723329425556983
2024-07-22,8540,8660,8170,8290,28463,-0.029274004683840782
2024-07-23,8150,8360,8150,8270,18481,-0.0024125452352231624
2024-07-24,8270,8320,7800,8080,24082,-0.022974607013301118
2024-07-25,7800,8250,7800,8190,26677,0.013613861386138515
2024-07-26,8180,8240,7980,8060,20819,-0.015873015873015928
2024-07-29,8060,8230,7990,8190,43022,0.016129032258064502
2024-07-30,8230,8310,7940,8020,17787,-0.020757020757020794
2024-07-31,8150,8150,7840,8020,34352,0.0
2024-08-01,8000,8290,8000,8120,22246,0.012468827930174564
2024-08-02,8140,8140,7740,7830,41950,-0.0357142857142857
2024-08-05,7820,7830,6340,6650,90157,-0.1507024265644955
2024-08-06,6650,7230,6650,7150,50629,0.07518796992481214
2024-08-07,7820,8400,7260,7440,109412,0.040559440559440496
2024-08-08,7440,7700,7370,7520,31146,0.010752688172043001
2024-08-09,7700,7750,7570,7650,18108,0.017287234042553168
2024-08-12,7650,8120,7650,7940,22867,0.03790849673202623
2024-08-13,7940,8260,7630,8160,49951,0.027707808564231717
2024-08-14,8180,8400,8180,8390,43193,0.02818627450980382
2024-08-16,8450,9110,8450,9110,114993,0.08581644815256251
2024-08-19,9210,9210,8850,8960,46376,-0.016465422612513714
2024-08-20,8960,9390,8880,9390,63033,0.0479910714285714
2024-08-21,9390,9390,8600,9310,71086,-0.008519701810436597
2024-08-22,9310,9490,8970,9200,39816,-0.011815252416756183
2024-08-23,9200,9490,8820,9250,54441,0.005434782608695565
2024-08-26,9300,9300,8870,8870,17510,-0.041081081081081106
2024-08-27,8870,9020,8700,8860,35635,-0.0011273957158962622
2024-08-28,8860,9080,8800,8900,15004,0.004514672686230181
2024-08-29,8900,9150,8900,8970,25873,0.00786516853932584
2024-08-30,9080,9080,8850,9080,49432,0.012263099219620877
2024-09-02,9040,9080,8820,8840,27706,-0.026431718061673992
2024-09-03,8840,8980,8600,8600,43637,-0.02714932126696834
2024-09-04,8140,8600,7920,8360,15958,-0.027906976744186074
2024-09-05,8520,8610,8230,8290,21400,-0.00837320574162681
2024-09-06,8230,8520,8040,8400,62716,0.013268998793727338
2024-09-09,8150,8600,8070,8600,23984,0.023809523809523725
2024-09-10,8600,8750,8330,8660,24353,0.006976744186046435
2024-09-11,8500,8650,8320,8500,40298,-0.018475750577367167
2024-09-12,8500,8850,8500,8850,23823,0.04117647058823537
2024-09-13,8850,9090,8780,9000,40124,0.016949152542372836
2024-09-19,9010,9030,8740,8820,19968,-0.020000000000000018
2024-09-20,8820,9000,8560,8620,14226,-0.0226757369614512
2024-09-23,8590,8850,8460,8830,18229,0.024361948955916368
2024-09-24,8810,8970,8800,8910,22056,0.009060022650056565
2024-09-25,8910,9090,8720,8800,17933,-0.012345679012345734
2024-09-26,8790,8990,8780,8950,13457,0.017045454545454586
2024-09-27,8910,9040,8860,8920,16243,-0.003351955307262622
2024-09-30,8920,9010,8580,8940,21945,0.0022421524663676085
2024-10-02,8770,9000,8690,8790,10684,-0.016778523489932917
2024-10-04,8900,8900,8610,8760,10938,-0.0034129692832765013
2024-10-07,8920,9230,8850,9120,37017,0.041095890410958846
2024-10-08,9100,9270,9030,9190,13662,0.007675438596491224
2024-10-10,9190,9300,8970,9030,21656,-0.017410228509249226
2024-10-11,9150,9150,8950,9040,7578,0.001107419712070845
2024-10-14,9000,9030,8900,9000,8851,-0.004424778761061954
2024-10-15,9000,9450,8900,9100,48890,0.011111111111111072
2024-10-16,9030,9190,8850,9130,12505,0.003296703296703285
2024-10-17,9060,9120,8810,8970,35499,-0.017524644030668113
2024-10-18,8970,8970,8390,8760,31802,-0.02341137123745818
2024-10-21,8760,8770,8580,8680,8896,-0.0091324200913242
2024-10-22,8590,8680,8420,8620,11064,-0.00691244239631339
2024-10-23,8620,8860,8510,8540,13675,-0.009280742459396807
2024-10-24,8850,8850,8350,8690,4559,0.017564402810304358
2024-10-25,8690,8780,8400,8490,13253,-0.023014959723820505
2024-10-28,8410,8650,8260,8490,6948,0.0
2024-10-29,8410,8490,8350,8430,6699,-0.007067137809187329
2024-10-30,8430,8630,8320,8540,6772,0.013048635824436605
2024-10-31,8570,8590,8350,8520,7777,-0.0023419203747072626
2024-11-01,8320,8590,8320,8540,5220,0.0023474178403755097
2024-11-04,8480,8650,8320,8630,9172,0.01053864168618257
2024-11-05,8630,8700,8450,8490,6091,-0.016222479721900385
2024-11-06,8500,9020,8440,8500,14089,0.0011778563015312216
2024-11-07,8480,8590,8400,8520,17897,0.0023529411764706687
2024-11-08,8520,8720,8420,8460,12034,-0.007042253521126751
2024-11-11,8460,8530,8170,8190,12674,-0.03191489361702127
2024-11-12,8090,8130,7500,7560,51226,-0.07692307692307687
2024-11-13,7700,7700,7000,7000,46032,-0.07407407407407407
2024-11-14,6940,7400,6940,6980,32957,-0.0028571428571428914
2024-11-15,6980,7310,6890,7170,32464,0.027220630372492893
