Date,Open,High,Low,Close,Volume,Change
2022-01-03,17350,17550,17250,17550,2445,0.014450867052023142
2022-01-04,17600,17600,17350,17500,1753,-0.002849002849002802
2022-01-05,17200,17500,17000,17050,8916,-0.02571428571428569
2022-01-06,17450,17450,16400,16500,10340,-0.032258064516129004
2022-01-07,16800,16850,16500,16650,4590,0.009090909090909038
2022-01-10,16850,16850,16200,16400,2814,-0.01501501501501501
2022-01-11,16400,16400,15850,16000,7941,-0.024390243902439046
2022-01-12,16000,16400,15900,16150,2939,0.009374999999999911
2022-01-13,16400,16550,16150,16300,3324,0.009287925696594534
2022-01-14,16300,16300,15800,15900,4553,-0.024539877300613466
2022-01-17,16600,19300,16200,16200,50322,0.018867924528301883
2022-01-18,16050,16350,15800,15850,9328,-0.021604938271604923
2022-01-19,15400,15900,15250,15300,5657,-0.034700315457413256
2022-01-20,15050,15850,15050,15700,6551,0.02614379084967311
2022-01-21,15850,16200,15550,16050,2751,0.022292993630573354
2022-01-24,16000,16050,15050,15550,5385,-0.031152647975077885
2022-01-25,15550,15750,14500,14850,8028,-0.045016077170418
2022-01-26,14200,14850,14200,14600,7472,-0.01683501683501687
2022-01-27,15100,15100,13050,13450,14378,-0.07876712328767121
2022-01-28,14250,14400,12750,13550,5674,0.0074349442379182396
2022-02-03,13800,14400,13550,14200,6775,0.047970479704797064
2022-02-04,13700,14250,13600,14050,3505,-0.010563380281690127
2022-02-07,14250,14300,13800,14100,1974,0.003558718861210064
2022-02-08,14250,14250,13850,14000,1678,-0.007092198581560294
2022-02-09,14400,14650,14000,14350,4422,0.02499999999999991
2022-02-10,14400,14400,14050,14250,1343,-0.006968641114982632
2022-02-11,14250,14250,13700,13700,1606,-0.038596491228070184
2022-02-14,13700,13700,13150,13450,1747,-0.018248175182481785
2022-02-15,12700,14350,12700,13200,6453,-0.018587360594795488
2022-02-16,13450,14350,13350,13400,6865,0.015151515151515138
2022-02-17,14300,15700,13700,14250,41077,0.06343283582089554
2022-02-18,14050,14550,13700,14250,15524,0.0
2022-02-21,14550,14600,13750,13950,6983,-0.021052631578947323
2022-02-22,13800,13950,13750,13950,3050,0.0
2022-02-23,13950,14450,13900,14300,3693,0.02508960573476693
2022-02-24,13900,14350,13500,13700,2919,-0.04195804195804198
2022-02-25,13950,14250,13900,14200,6733,0.03649635036496357
2022-02-28,14500,18400,14450,15550,337702,0.09507042253521125
2022-03-02,15550,18100,15200,16350,127887,0.05144694533762051
2022-03-03,16800,17300,15550,15900,37551,-0.02752293577981646
2022-03-04,15750,15750,15250,15300,14085,-0.037735849056603765
2022-03-07,15000,16250,14900,15650,21035,0.02287581699346397
2022-03-08,15600,16350,14900,15200,20916,-0.028753993610223683
2022-03-10,15650,16200,15250,15500,10681,0.019736842105263053
2022-03-11,15500,15850,15200,15850,12584,0.022580645161290214
2022-03-14,15600,15750,15150,15450,8710,-0.025236593059936863
2022-03-15,15400,15600,15000,15150,8565,-0.01941747572815533
2022-03-16,15400,15400,14400,15350,5803,0.013201320132013139
2022-03-17,15550,15550,15200,15500,5681,0.009771986970684043
2022-03-18,15300,15850,15200,15650,6307,0.00967741935483879
2022-03-21,15650,15850,15450,15650,6141,0.0
2022-03-22,15400,15950,15400,15750,6066,0.006389776357827559
2022-03-23,15800,16100,15450,15700,10501,-0.0031746031746031633
2022-03-24,15700,16000,15250,15650,6560,-0.0031847133757961776
2022-03-25,15700,15750,15450,15450,5855,-0.012779552715655007
2022-03-28,15450,16600,15450,16300,21231,0.055016181229773364
2022-03-29,16300,16300,15600,15900,12415,-0.024539877300613466
2022-03-30,15950,17100,15800,17100,15214,0.07547169811320753
2022-03-31,16550,17050,16250,16850,12697,-0.014619883040935644
2022-04-01,16850,17000,16100,16800,10020,-0.0029673590504450953
2022-04-04,16800,16900,16450,16450,10403,-0.02083333333333337
2022-04-05,16750,16800,16300,16650,6502,0.012158054711246091
2022-04-06,16600,16600,16250,16500,6846,-0.009009009009009028
2022-04-07,16450,16450,15800,16000,4922,-0.030303030303030276
2022-04-08,16100,16250,15900,16100,4671,0.006250000000000089
2022-04-11,16150,16350,15750,16250,3977,0.009316770186335477
2022-04-12,16000,16100,15750,15800,3228,-0.027692307692307683
2022-04-13,15850,16050,15800,16000,979,0.012658227848101333
2022-04-14,16000,16500,15800,16050,3643,0.0031250000000000444
2022-04-15,16050,16500,15800,16500,8054,0.028037383177569986
2022-04-18,16650,17500,16000,16550,26490,0.003030303030302939
2022-04-19,16600,16700,16400,16550,1606,0.0
2022-04-20,16500,16550,16450,16550,2014,0.0
2022-04-21,16600,17250,16550,16750,12468,0.012084592145015005
2022-04-22,16700,16700,16400,16550,3403,-0.011940298507462699
2022-04-25,16750,16750,15800,16000,4632,-0.033232628398791486
2022-04-26,16000,16150,15700,15700,3831,-0.018750000000000044
2022-04-27,15650,20400,14800,16250,1028950,0.035031847133758065
2022-04-28,15850,15850,14950,15050,142484,-0.0738461538461539
2022-04-29,15000,15300,14450,14850,48884,-0.013289036544850474
2022-05-02,14550,14800,14200,14800,20573,-0.0033670033670033517
2022-05-03,14800,15300,14650,14650,26382,-0.010135135135135087
2022-05-04,14750,15100,14500,15100,17914,0.030716723549488067
2022-05-06,16000,18300,15550,15750,882123,0.04304635761589415
2022-05-09,16100,16200,15350,15500,72748,-0.015873015873015928
2022-05-10,15100,16150,14950,15300,47211,-0.012903225806451646
2022-05-11,15150,16300,15150,15850,71078,0.03594771241830075
2022-05-12,15750,15800,14950,14950,27185,-0.056782334384858024
2022-05-13,15100,15550,15050,15250,14642,0.02006688963210701
2022-05-16,15150,15300,14900,15050,13409,-0.013114754098360604
2022-05-17,15050,15300,15000,15050,11694,0.0
2022-05-18,15100,15300,14800,15150,9807,0.006644518272425293
2022-05-19,14850,15300,14700,14800,12460,-0.02310231023102305
2022-05-20,14950,15550,14850,15150,21623,0.023648648648648685
2022-05-23,15200,16700,15000,15350,52625,0.013201320132013139
2022-05-24,15300,15800,15100,15300,26048,-0.0032573289902280145
2022-05-25,15550,15550,15000,15000,17735,-0.019607843137254943
2022-05-26,15000,15300,14950,15100,9252,0.006666666666666599
2022-05-27,15200,15700,14850,15150,41502,0.0033112582781456013
2022-05-30,15800,15900,15100,15300,15432,0.00990099009900991
2022-05-31,15400,15900,15250,15800,18342,0.03267973856209161
2022-06-02,15600,15750,15450,15700,13362,-0.006329113924050667
2022-06-03,15700,16500,15700,16100,30935,0.02547770700636942
2022-06-07,16000,16500,15450,15600,21377,-0.03105590062111796
2022-06-08,15800,15850,15300,15450,12083,-0.009615384615384581
2022-06-09,15450,15600,15100,15500,7646,0.003236245954692629
2022-06-10,15400,15400,15050,15300,9966,-0.012903225806451646
2022-06-13,15050,15050,14300,14350,15487,-0.06209150326797386
2022-06-14,13550,14400,13550,13850,16972,-0.03484320557491294
2022-06-15,13800,14000,12800,13000,23489,-0.06137184115523464
2022-06-16,13350,13500,13000,13250,8121,0.019230769230769162
2022-06-17,12950,13650,12050,13250,9327,0.0
2022-06-20,13250,13250,12500,12700,6336,-0.04150943396226414
2022-06-21,12700,13000,12650,12900,8049,0.015748031496062964
2022-06-22,12800,13500,12200,12400,8933,-0.03875968992248058
2022-06-23,12000,15000,11400,11500,171028,-0.07258064516129037
2022-06-24,11300,11800,11300,11650,12182,0.01304347826086949
2022-06-27,11950,12250,11700,12050,8235,0.03433476394849788
2022-06-28,11850,12300,11850,12200,4415,0.012448132780082943
2022-06-29,12200,14650,12050,12650,319001,0.03688524590163933
2022-06-30,12650,13000,12350,12600,19388,-0.0039525691699604515
2022-07-01,12500,12850,12000,12250,21113,-0.02777777777777779
2022-07-04,12150,12400,11750,11850,8883,-0.03265306122448974
2022-07-05,11800,12550,11800,12550,10231,0.05907172995780585
2022-07-06,12550,12900,12100,12100,14648,-0.03585657370517925
2022-07-07,12350,12500,12150,12150,6832,0.004132231404958775
2022-07-08,12300,12600,12250,12450,3822,0.024691358024691468
2022-07-11,12450,12500,12200,12400,4277,-0.004016064257028162
2022-07-12,12200,12250,11850,12100,8181,-0.024193548387096753
2022-07-13,12100,12200,11700,12050,5807,-0.004132231404958664
2022-07-14,11900,12100,11900,12050,3296,0.0
2022-07-15,12350,12350,11800,12050,2684,0.0
2022-07-18,12200,12500,12000,12450,8398,0.03319502074688807
2022-07-19,12450,12500,12250,12400,2879,-0.004016064257028162
2022-07-20,12500,12650,12400,12550,5074,0.012096774193548487
2022-07-21,12450,12600,12450,12600,2529,0.003984063745019917
2022-07-22,12550,12650,12300,12450,3081,-0.011904761904761862
2022-07-25,12550,13000,12500,12700,10760,0.02008032128514059
2022-07-26,12700,12700,12300,12650,3675,-0.003937007874015741
2022-07-27,12700,12850,12350,12600,4045,-0.0039525691699604515
2022-07-28,12650,13300,12600,12900,16749,0.023809523809523725
2022-07-29,13000,13650,13000,13250,23503,0.027131782945736482
2022-08-01,13250,13650,13150,13500,22922,0.018867924528301883
2022-08-02,13350,13700,13000,13150,5613,-0.025925925925925908
2022-08-03,13150,13500,13050,13300,5013,0.011406844106463865
2022-08-04,13300,13500,13200,13400,3994,0.007518796992481258
2022-08-05,13500,13500,13250,13400,9275,0.0
2022-08-08,13650,14450,13450,13900,50390,0.03731343283582089
2022-08-09,13750,13950,13700,13850,4858,-0.003597122302158251
2022-08-10,13900,14150,13600,13800,8158,-0.0036101083032491488
2022-08-11,13950,17750,13950,17150,1581767,0.24275362318840576
2022-08-12,17200,18900,15600,16200,929760,-0.055393586005830886
2022-08-16,16250,17100,15850,16350,120713,0.0092592592592593
2022-08-17,16200,16200,15450,15500,79889,-0.051987767584097844
2022-08-18,16300,17500,15150,15200,226791,-0.01935483870967747
2022-08-19,15350,15350,14800,14850,30860,-0.023026315789473673
2022-08-22,14650,14950,14450,14500,25699,-0.023569023569023573
2022-08-23,14200,15050,14200,14450,28250,-0.0034482758620689724
2022-08-24,14600,15900,14450,15250,144498,0.05536332179930792
2022-08-25,15450,16200,15000,15050,83151,-0.013114754098360604
2022-08-26,15600,16400,15150,15200,105980,0.009966777408637828
2022-08-29,14950,15150,14850,14850,16128,-0.023026315789473673
2022-08-30,14900,15100,14650,15050,12332,0.013468013468013407
2022-08-31,14900,15150,14750,15100,8614,0.0033222591362125353
2022-09-01,15350,15650,14500,14650,40700,-0.0298013245033113
2022-09-02,14650,14800,14500,14550,6936,-0.0068259385665528916
2022-09-05,14400,14900,14250,14450,12545,-0.0068728522336769515
2022-09-06,14250,14650,14200,14250,9144,-0.01384083044982698
2022-09-07,14250,14350,13400,13800,21445,-0.03157894736842104
2022-09-08,13850,14050,13800,13850,3856,0.0036231884057971175
2022-09-13,14000,14100,13650,14100,7550,0.018050541516245522
2022-09-14,13650,13900,13600,13900,8092,-0.014184397163120588
2022-09-15,14300,14800,14200,14200,24761,0.021582733812949728
2022-09-16,14000,14500,13950,14500,9876,0.021126760563380254
2022-09-19,14400,14500,13500,13550,14342,-0.06551724137931036
2022-09-20,13400,13800,13350,13450,9738,-0.0073800738007380184
2022-09-21,13200,13700,13000,13200,13100,-0.018587360594795488
2022-09-22,13050,13400,12650,13400,10527,0.015151515151515138
2022-09-23,13050,13450,12700,13050,3271,-0.026119402985074647
2022-09-26,12650,12950,12000,12000,22188,-0.08045977011494254
2022-09-27,11850,12400,11500,11950,10188,-0.004166666666666652
2022-09-28,11850,12000,11100,11600,14176,-0.029288702928870314
2022-09-29,11900,12050,11100,11250,5929,-0.030172413793103425
2022-09-30,10900,11350,10750,11200,7151,-0.004444444444444473
2022-10-04,11350,11700,11350,11650,4220,0.0401785714285714
2022-10-05,11850,12050,11200,11900,8048,0.02145922746781115
2022-10-06,11700,12000,11700,11950,2608,0.004201680672268893
2022-10-07,11700,13700,11700,12650,79014,0.05857740585774063
2022-10-11,12350,12350,11150,11250,21624,-0.11067193675889331
2022-10-12,11350,11350,10800,11100,10298,-0.013333333333333308
2022-10-13,11050,11150,10500,10500,6426,-0.05405405405405406
2022-10-14,10650,10950,10550,10850,10455,0.03333333333333344
2022-10-17,10550,10900,10450,10900,2330,0.004608294930875667
2022-10-18,10950,11350,10950,11100,8002,0.0183486238532109
2022-10-19,11250,13200,11250,11450,84552,0.03153153153153143
2022-10-20,11450,12150,11350,11800,16618,0.03056768558951961
2022-10-21,11650,11850,11300,11500,6810,-0.025423728813559365
2022-10-24,11500,12100,11450,11500,7451,0.0
2022-10-25,11300,11700,11200,11400,4760,-0.008695652173912993
2022-10-26,11500,11550,11250,11500,5336,0.00877192982456143
2022-10-27,11300,11650,11250,11550,8034,0.004347826086956497
2022-10-28,11700,11700,11400,11400,4556,-0.012987012987012991
2022-10-31,11500,11650,11300,11600,4499,0.01754385964912286
2022-11-01,11400,12300,11400,11750,14939,0.012931034482758674
2022-11-02,11850,11850,11350,11400,5750,-0.029787234042553234
2022-11-03,11500,14650,11200,12600,571103,0.10526315789473695
2022-11-04,13100,14050,12600,12650,167136,0.003968253968253954
2022-11-07,13050,13900,12800,13050,147510,0.031620553359683834
2022-11-08,13200,13300,12600,12900,38845,-0.011494252873563204
2022-11-09,12900,14600,12900,13550,162972,0.050387596899224896
2022-11-10,13800,13900,13200,13450,58654,-0.0073800738007380184
2022-11-11,13950,14400,13500,13700,94975,0.018587360594795488
2022-11-14,13500,13800,13350,13350,20097,-0.025547445255474477
2022-11-15,13200,13550,13050,13300,15387,-0.0037453183520599342
2022-11-16,13900,14100,13200,13450,28425,0.011278195488721776
2022-11-17,13600,13600,12900,13450,23192,0.0
2022-11-18,13300,13550,13000,13300,13670,-0.01115241635687736
2022-11-21,13850,14000,12950,12950,22162,-0.02631578947368418
2022-11-22,13200,13200,12900,12950,4732,0.0
2022-11-23,12900,13550,12850,13100,6664,0.01158301158301156
2022-11-24,13050,13400,13050,13200,6202,0.007633587786259444
2022-11-25,13100,13200,13000,13100,6739,-0.007575757575757569
2022-11-28,13000,13050,12850,12850,6800,-0.01908396946564883
2022-11-29,12700,13050,12700,13000,3955,0.011673151750972721
2022-11-30,12900,13100,12700,12850,4394,-0.011538461538461497
2022-12-01,13150,13300,12950,13100,5464,0.01945525291828787
2022-12-02,13350,13350,12850,12900,3623,-0.01526717557251911
2022-12-05,12900,13100,12700,12850,7572,-0.003875968992248069
2022-12-06,12750,12800,12600,12700,2491,-0.011673151750972721
2022-12-07,12600,12950,12550,12750,3358,0.003937007874015741
2022-12-08,12750,12850,12550,12650,4941,-0.007843137254901933
2022-12-09,12550,13150,12550,12950,9592,0.02371541501976293
2022-12-12,12650,13100,12650,12750,852,-0.015444015444015413
2022-12-13,12800,13000,12550,12900,5704,0.0117647058823529
2022-12-14,12800,13050,12750,12900,3503,0.0
2022-12-15,13000,13350,12800,12950,16361,0.003875968992248069
2022-12-16,12900,12900,12700,12850,2206,-0.007722007722007707
2022-12-19,12700,13100,12700,13100,6805,0.01945525291828787
2022-12-20,13000,13000,12550,12650,6375,-0.03435114503816794
2022-12-21,12600,12800,12550,12550,2502,-0.007905138339920903
2022-12-22,12600,12750,11800,12350,8818,-0.015936254980079667
2022-12-23,12050,12150,11900,11900,4336,-0.036437246963562764
2022-12-26,12150,12250,11800,11800,2249,-0.008403361344537785
2022-12-27,11650,12250,11650,11850,2487,0.004237288135593209
2022-12-28,11650,12100,11650,11900,657,0.00421940928270037
2022-12-29,11750,12150,11700,11700,1532,-0.01680672268907568
2023-01-02,11700,12100,11450,11800,3068,0.008547008547008517
2023-01-03,11650,11900,11150,11750,2407,-0.004237288135593209
2023-01-04,11700,12250,11450,11650,2842,-0.008510638297872353
2023-01-05,11700,11950,11550,11750,1144,0.008583690987124415
2023-01-06,12150,12150,11650,11850,2637,0.008510638297872353
2023-01-09,11750,12700,11750,12100,6510,0.021097046413502074
2023-01-10,12100,12400,12000,12350,2721,0.02066115702479343
2023-01-11,12350,12500,12250,12350,1199,0.0
2023-01-12,12500,13150,12450,12650,27100,0.02429149797570851
2023-01-13,12650,12950,12550,12700,3648,0.0039525691699604515
2023-01-16,13450,13450,12750,12800,12883,0.007874015748031482
2023-01-17,12800,13000,12550,12550,5140,-0.01953125
2023-01-18,12500,12600,12200,12300,5252,-0.019920318725099584
2023-01-19,12200,12450,12200,12450,1642,0.012195121951219523
2023-01-20,12350,12500,12200,12350,3614,-0.008032128514056214
2023-01-25,12260,12850,12260,12730,2555,0.03076923076923066
2023-01-26,12670,12900,12600,12880,4603,0.01178318931657496
2023-01-27,12880,12980,12620,12750,3860,-0.010093167701863304
2023-01-30,12750,12790,12680,12680,896,-0.005490196078431375
2023-01-31,12750,13000,12600,12680,3911,0.0
2023-02-01,12810,12850,12670,12800,1950,0.009463722397476282
2023-02-02,12800,13050,12800,12820,4864,0.0015624999999999112
2023-02-03,12950,13450,12820,12980,14384,0.012480499219968744
2023-02-06,12830,12970,12700,12780,5287,-0.015408320493066285
2023-02-07,12900,12990,12670,12830,4072,0.00391236306729259
2023-02-08,12830,12880,12680,12780,3034,-0.0038971161340607408
2023-02-09,12830,13900,12780,13210,68162,0.033646322378716675
2023-02-10,13150,13260,12870,13000,18093,-0.015897047691143085
2023-02-13,12900,13060,12850,13060,8608,0.004615384615384688
2023-02-14,12960,13090,12870,13010,4085,-0.003828483920367498
2023-02-15,12920,13020,12830,12830,4868,-0.013835511145272816
2023-02-16,12780,13050,12760,12980,6240,0.011691348402182333
2023-02-17,12970,13070,12750,12750,7091,-0.017719568567026167
2023-02-20,12770,12810,12450,12790,12030,0.0031372549019608176
2023-02-21,12790,13060,12610,12850,9725,0.004691164972634887
2023-02-22,12690,12760,12490,12700,6266,-0.011673151750972721
2023-02-23,12720,12850,12560,12820,1929,0.009448818897637823
2023-02-24,12820,12890,12630,12820,2276,0.0
2023-02-27,12560,12820,12560,12720,2208,-0.007800312012480548
2023-02-28,12710,13010,12590,12720,2092,0.0
2023-03-02,12720,12950,12630,12730,2614,0.0007861635220125507
2023-03-03,12600,12810,12560,12800,4554,0.0054988216810683
2023-03-06,12720,12870,12580,12810,9361,0.0007812499999999556
2023-03-07,12630,13220,12630,13180,18034,0.02888368462138957
2023-03-08,12940,13170,12610,12700,9594,-0.036418816388467334
2023-03-09,12710,12990,12710,12990,7670,0.022834645669291387
2023-03-10,12830,13010,12700,12950,5927,-0.003079291762894565
2023-03-13,12850,12960,12690,12890,3466,-0.004633204633204602
2023-03-14,12890,12890,12400,12730,6694,-0.01241272304111718
2023-03-15,12730,12900,12730,12900,5883,0.01335428122545168
2023-03-16,12760,12760,12390,12700,5789,-0.015503875968992276
2023-03-17,12700,12720,12470,12490,3282,-0.016535433070866135
2023-03-20,12470,12540,12280,12490,3862,0.0
2023-03-21,12300,12700,12250,12490,8861,0.0
2023-03-22,12400,12520,12350,12470,982,-0.0016012810248198228
2023-03-23,12400,12410,11500,11870,18974,-0.04811547714514841
2023-03-24,11870,12130,11720,12130,3450,0.021903959561920816
2023-03-27,12040,12200,11720,12000,2468,-0.010717230008243983
2023-03-28,12100,12220,11800,12140,2568,0.011666666666666714
2023-03-29,12010,12330,11970,12300,4065,0.01317957166392092
2023-03-30,12300,12340,12020,12140,3153,-0.013008130081300862
2023-03-31,12290,12300,11950,11960,2076,-0.014827018121911006
2023-04-03,11930,12300,11790,12240,4522,0.02341137123745818
2023-04-04,12300,12300,12050,12180,4533,-0.004901960784313708
2023-04-05,12170,12280,12020,12070,1558,-0.009031198686371145
2023-04-06,12050,12060,11800,11990,4149,-0.006628003314001707
2023-04-07,11930,12000,11890,11970,1972,-0.0016680567139282232
2023-04-10,11900,11900,11730,11850,4065,-0.010025062656641603
2023-04-11,11850,11930,11610,11820,4770,-0.0025316455696202667
2023-04-12,11820,12040,11820,12020,5531,0.016920473773265554
2023-04-13,12020,12080,11850,12000,2956,-0.0016638935108153063
2023-04-14,12040,12140,11910,12030,4437,0.0024999999999999467
2023-04-17,12030,12450,11730,12440,11286,0.03408146300914372
2023-04-18,12440,12500,12130,12300,5070,-0.0112540192926045
2023-04-19,12500,12500,12200,12310,6190,0.0008130081300812275
2023-04-20,12200,12320,12150,12210,1294,-0.008123476848091005
2023-04-21,12210,12500,11810,12030,4063,-0.014742014742014753
2023-04-24,12120,12240,11930,11960,1891,-0.005818786367414841
2023-04-25,11770,12040,11660,11780,2979,-0.015050167224080258
2023-04-26,11820,11880,11560,11590,3223,-0.016129032258064502
2023-04-27,11600,11650,11390,11500,2417,-0.007765314926660882
2023-04-28,11580,11580,11350,11430,3128,-0.006086956521739184
2023-05-02,11430,11700,11270,11350,4832,-0.006999125109361293
2023-05-03,11280,11340,11180,11190,5766,-0.014096916299559448
2023-05-04,11190,11280,11140,11270,1673,0.0071492403932083
2023-05-08,11270,11290,11180,11200,2147,-0.006211180124223614
2023-05-09,11230,11270,11090,11250,1307,0.0044642857142858094
2023-05-10,11450,11450,11130,11130,1140,-0.010666666666666713
2023-05-11,11100,11240,10860,11120,4832,-0.0008984725965858198
2023-05-12,11120,11120,10950,11120,1305,0.0
2023-05-15,11160,11350,11050,11340,2980,0.019784172661870603
2023-05-16,11170,11330,11140,11240,1630,-0.00881834215167554
2023-05-17,11310,11310,11200,11210,987,-0.002669039145907437
2023-05-18,11220,11250,11130,11220,888,0.000892060660124816
2023-05-19,11250,11350,11200,11330,2023,0.009803921568627416
2023-05-22,11330,11340,11230,11290,1514,-0.003530450132391838
2023-05-23,11350,11470,11270,11300,3745,0.0008857395925598865
2023-05-24,11220,11330,11220,11240,2459,-0.005309734513274322
2023-05-25,11290,11470,11020,11270,2299,0.002669039145907437
2023-05-26,11270,11350,11070,11180,2719,-0.007985803016858917
2023-05-30,11180,11370,11050,11050,3270,-0.011627906976744207
2023-05-31,11050,11120,10720,11020,7173,-0.002714932126696823
2023-06-01,11000,11050,10930,10950,1605,-0.006352087114337546
2023-06-02,10950,11230,10930,11110,2099,0.01461187214611881
2023-06-05,11120,11140,10970,11100,3219,-0.0009000900090009312
2023-06-07,11110,11190,11020,11180,4345,0.007207207207207134
2023-06-08,11300,11300,11000,11130,2453,-0.004472271914132353
2023-06-09,11100,11200,11060,11080,3095,-0.004492362982928988
2023-06-12,11100,11110,10960,11030,2875,-0.004512635379061325
2023-06-13,11040,11190,10960,10960,2605,-0.006346328195829587
2023-06-14,10970,10990,10860,10950,2760,-0.0009124087591241281
2023-06-15,11010,11010,10820,10870,2240,-0.007305936073059405
2023-06-16,10910,11000,10860,11000,3576,0.011959521619135272
2023-06-19,11300,11300,10940,11000,3742,0.0
2023-06-20,10940,11050,10940,10950,2137,-0.004545454545454519
2023-06-21,10950,10970,10850,10970,1602,0.0018264840182649067
2023-06-22,10950,11040,10870,10890,1796,-0.007292616226071136
2023-06-23,10840,10900,10700,10740,2233,-0.01377410468319562
2023-06-26,10740,10770,10590,10770,2295,0.0027932960893854997
2023-06-27,10770,10800,10660,10750,1176,-0.0018570102135562205
2023-06-28,10770,10770,10600,10640,484,-0.01023255813953483
2023-06-29,10650,10690,10450,10490,2078,-0.014097744360902276
2023-06-30,10570,10710,10450,10500,477,0.0009532888465204614
2023-07-03,10800,11300,10350,10560,9223,0.005714285714285783
2023-07-04,10500,10560,10400,10400,1348,-0.015151515151515138
2023-07-05,10350,10370,10090,10120,4120,-0.02692307692307694
2023-07-06,10190,10190,9950,9950,3204,-0.01679841897233203
2023-07-07,10000,10010,9820,9830,3062,-0.012060301507537674
2023-07-10,9950,10000,9780,9800,5574,-0.003051881993896277
2023-07-11,9810,9910,9810,9810,1983,0.0010204081632652073
2023-07-12,9880,9900,9750,9820,1094,0.0010193679918450993
2023-07-13,9820,9930,9800,9830,3772,0.0010183299389001643
2023-07-14,9960,10020,9790,9800,2879,-0.003051881993896277
2023-07-17,9830,9830,9740,9740,2070,-0.006122448979591799
2023-07-18,9750,9840,9500,9530,5806,-0.021560574948665256
2023-07-19,9530,9600,9000,9000,6037,-0.05561385099685201
2023-07-20,9020,9450,9000,9190,7905,0.02111111111111108
2023-07-21,9290,9290,9140,9160,679,-0.0032644178454842576
2023-07-24,9150,9300,8830,9160,8100,0.0
2023-07-25,9160,9160,8970,8970,5657,-0.020742358078602585
2023-07-26,8980,9020,8230,8420,4533,-0.06131549609810483
2023-07-27,8490,8490,8140,8240,13152,-0.02137767220902609
2023-07-28,8320,8430,8240,8430,2084,0.02305825242718451
2023-07-31,8430,10780,8430,9300,69812,0.10320284697508897
2023-08-01,9320,9530,9020,9400,12754,0.010752688172043001
2023-08-02,9210,9440,9190,9320,5103,-0.008510638297872353
2023-08-03,9320,9320,8750,9050,6263,-0.02896995708154504
2023-08-04,8750,9100,8750,9080,1502,0.0033149171270718814
2023-08-07,9000,10820,8840,9990,65234,0.10022026431718056
2023-08-08,10470,10510,9430,9980,11992,-0.0010010010010009784
2023-08-09,9980,10040,9600,10020,2510,0.004008016032064132
2023-08-10,9910,10160,9910,10120,2528,0.009980039920159722
2023-08-11,9880,10160,9710,9980,2545,-0.013833992094861691
2023-08-14,9980,9980,9750,9880,1217,-0.01002004008016033
2023-08-16,9560,9760,9510,9690,2343,-0.019230769230769273
2023-08-17,9760,9760,9300,9480,2518,-0.021671826625387025
2023-08-18,9490,11900,9100,9920,246524,0.04641350210970474
2023-08-21,9920,9920,9520,9750,13936,-0.017137096774193505
2023-08-22,9750,12000,9450,9520,124391,-0.02358974358974364
2023-08-23,9700,9860,9330,9400,14204,-0.012605042016806678
2023-08-24,9390,11500,9300,9710,93118,0.03297872340425534
2023-08-25,9710,9720,9460,9660,11172,-0.005149330587023715
2023-08-28,9720,9850,9620,9800,6384,0.01449275362318847
2023-08-29,9800,9930,9710,9800,4846,0.0
2023-08-30,9810,9860,9650,9790,9037,-0.0010204081632653184
2023-08-31,9720,9810,9690,9760,4838,-0.003064351378958108
2023-09-01,9670,9790,9660,9770,2739,0.0010245901639345245
2023-09-04,9770,11000,9740,9880,42091,0.011258955987717423
2023-09-05,9900,10900,9810,10040,51758,0.0161943319838056
2023-09-06,10010,10170,9930,10000,13867,-0.003984063745019917
2023-09-07,9920,10040,9850,9850,7028,-0.015000000000000013
2023-09-08,9790,10360,9790,10120,11405,0.02741116751269046
2023-09-11,10120,12270,9880,11360,422406,0.12252964426877466
2023-09-12,11260,11920,10190,10290,103593,-0.09419014084507038
2023-09-13,10350,10420,10010,10400,13500,0.010689990281826933
2023-09-14,10400,10490,10140,10380,8073,-0.0019230769230769162
2023-09-15,10480,10560,10120,10230,20139,-0.014450867052023142
2023-09-18,10150,10260,10120,10220,3670,-0.0009775171065493637
2023-09-19,10110,10120,9870,9990,15177,-0.022504892367906093
2023-09-20,10110,10190,9590,9810,19441,-0.018018018018018056
2023-09-21,9700,9800,9270,9340,10728,-0.04791029561671767
2023-09-22,9290,9440,9100,9250,5271,-0.009635974304068484
2023-09-25,9250,9260,8930,9100,6024,-0.01621621621621616
2023-09-26,9250,9250,8960,9210,5692,0.012087912087912045
2023-09-27,9200,9300,8960,9300,3633,0.009771986970684043
2023-10-04,9230,9230,8800,9070,4396,-0.02473118279569897
2023-10-05,9000,9090,8670,8890,3458,-0.019845644983461974
2023-10-06,8890,9100,8840,9100,1409,0.023622047244094446
2023-10-10,9100,9100,8830,9060,1068,-0.00439560439560438
2023-10-11,9060,9240,8990,9090,565,0.0033112582781456013
2023-10-12,9110,9190,9070,9090,1681,0.0
2023-10-13,8910,9030,8800,8990,2297,-0.011001100110010986
2023-10-16,8890,8890,8690,8790,1490,-0.022246941045606206
2023-10-17,8790,8930,8780,8820,679,0.0034129692832765013
2023-10-18,8780,8920,8700,8910,1606,0.010204081632652962
2023-10-19,8910,8910,8700,8780,360,-0.014590347923681302
2023-10-20,8810,8810,8350,8750,1960,-0.003416856492027387
2023-10-23,8750,8750,8520,8530,1715,-0.025142857142857133
2023-10-24,8220,8590,8100,8260,9158,-0.03165298944900352
2023-10-25,8260,8340,8100,8200,8769,-0.007263922518159771
2023-10-26,8090,8150,7980,8120,1655,-0.009756097560975618
2023-10-27,8130,8130,7950,8100,1660,-0.0024630541871921707
2023-10-30,8100,8410,7950,8130,5244,0.0037037037037037646
2023-10-31,8130,8130,7840,7960,1401,-0.02091020910209107
2023-11-01,7920,8000,7700,7900,2205,-0.007537688442211032
2023-11-02,7970,8230,7970,8190,2996,0.036708860759493644
2023-11-03,8200,8210,7990,8180,3629,-0.0012210012210012167
2023-11-06,8190,8700,8190,8650,6794,0.057457212713936334
2023-11-07,8650,8720,8330,8590,8265,-0.006936416184971095
2023-11-08,8610,8650,8410,8510,482,-0.0093131548311991
2023-11-09,8430,8540,8300,8500,1048,-0.001175088131609825
2023-11-10,8500,8500,7980,8400,1107,-0.0117647058823529
2023-11-13,8410,8530,8390,8500,650,0.011904761904761862
2023-11-14,8500,8590,8500,8590,1434,0.010588235294117565
2023-11-15,8600,8800,8600,8790,6673,0.02328288707799775
2023-11-16,8790,8830,8670,8810,839,0.0022753128555177415
2023-11-17,8810,8840,8560,8630,482,-0.020431328036322416
2023-11-20,8630,9500,8620,9070,20186,0.05098493626882972
2023-11-21,8990,9280,8830,9110,5689,0.004410143329658167
2023-11-22,9050,9150,8950,9050,635,-0.00658616904500553
2023-11-23,9050,9100,8870,9080,2600,0.0033149171270718814
2023-11-24,9080,9770,9080,9490,19764,0.045154185022026505
2023-11-27,9730,10400,9450,9680,79377,0.02002107481559534
2023-11-28,9740,9800,9420,9530,7025,-0.015495867768595017
2023-11-29,9550,9680,9400,9470,4168,-0.006295907660020972
2023-11-30,9470,9780,9470,9690,11204,0.023231256599788752
2023-12-01,9600,9780,9510,9700,6403,0.0010319917440659854
2023-12-04,9710,9760,9530,9570,7894,-0.013402061855670055
2023-12-05,9490,9580,9340,9480,3273,-0.009404388714733591
2023-12-06,9480,9650,9360,9510,965,0.0031645569620253333
2023-12-07,9520,9600,9460,9540,1070,0.003154574132492094
2023-12-08,9540,10480,9400,9990,23131,0.04716981132075482
2023-12-11,9790,10530,9770,10400,47427,0.041041041041041115
2023-12-12,10390,10470,10000,10370,15721,-0.0028846153846153744
2023-12-13,10400,10450,10060,10310,4906,-0.005785920925747368
2023-12-14,10370,10580,10140,10250,9051,-0.005819592628516057
2023-12-15,10230,10550,9700,10250,8251,0.0
2023-12-18,10250,10290,10040,10190,1665,-0.005853658536585371
2023-12-19,10050,10330,9900,10050,1997,-0.013738959764474923
2023-12-20,9940,10130,9840,10030,3209,-0.0019900497512437276
2023-12-21,9930,10200,9830,9990,4889,-0.003988035892322994
2023-12-22,9890,9940,9810,9900,1443,-0.009009009009009028
2023-12-26,9840,9990,9830,9890,1052,-0.0010101010101010166
2023-12-27,9890,10000,9820,9900,3208,0.0010111223458038054
2023-12-28,9980,10200,9910,10200,8619,0.030303030303030276
2024-01-02,10190,10240,9820,10200,2956,0.0
2024-01-03,10070,10460,10070,10320,5110,0.0117647058823529
2024-01-04,10210,10290,10030,10220,1483,-0.009689922480620172
2024-01-05,10220,10230,10040,10200,410,-0.00195694716242667
2024-01-08,10200,10200,9940,10160,2415,-0.0039215686274509665
2024-01-09,10160,10250,10070,10210,1066,0.004921259842519676
2024-01-10,10420,10420,10190,10250,1669,0.003917727717923647
2024-01-11,10260,10260,10020,10160,1493,-0.008780487804878057
2024-01-12,10040,10180,10000,10100,1416,-0.0059055118110236116
2024-01-15,9990,10200,9900,10080,2060,-0.001980198019801982
2024-01-16,9990,10060,9950,10000,646,-0.007936507936507908
2024-01-17,9900,10000,9750,9920,1741,-0.008000000000000007
2024-01-18,9920,9920,9810,9820,504,-0.01008064516129037
2024-01-19,9800,10150,9800,9850,2612,0.003054989816700715
2024-01-22,9840,9920,9790,9820,742,-0.003045685279187804
2024-01-23,9800,9800,9610,9790,1625,-0.003054989816700604
2024-01-24,9950,9990,9690,9790,749,0.0
2024-01-25,9700,9750,9570,9650,925,-0.01430030643513791
2024-01-26,9650,9650,9470,9500,2192,-0.015544041450777257
2024-01-29,9520,9550,9460,9470,824,-0.0031578947368421373
2024-01-30,9500,9500,9120,9330,2296,-0.014783526927138357
2024-01-31,9320,9320,9200,9270,919,-0.006430868167202619
2024-02-01,9270,9270,9110,9220,1313,-0.005393743257820938
2024-02-02,9220,9280,9220,9250,359,0.0032537960954446277
2024-02-05,9560,9560,9090,9140,1205,-0.011891891891891881
2024-02-06,9170,9490,9010,9140,918,0.0
2024-02-07,9190,9490,9010,9140,1142,0.0
2024-02-08,9160,9180,9060,9160,348,0.002188183807439792
2024-02-13,9170,9490,9150,9250,1742,0.009825327510917026
2024-02-14,9350,9350,8800,9350,1254,0.0108108108108107
2024-02-15,9400,9400,9100,9100,1856,-0.0267379679144385
2024-02-16,9180,9380,9040,9040,1641,-0.00659340659340657
2024-02-19,9070,9190,9030,9120,1111,0.008849557522123908
2024-02-20,9120,9120,9000,9090,916,-0.003289473684210509
2024-02-21,9070,9280,9050,9120,451,0.0033003300330032292
2024-02-22,9130,9150,8760,8920,2241,-0.021929824561403466
2024-02-23,8990,9290,8800,8930,2422,0.0011210762331839152
2024-02-26,8920,8950,8620,8920,3479,-0.0011198208286674616
2024-02-27,8920,8920,8770,8840,880,-0.008968609865470878
2024-02-28,8840,9000,8830,8870,461,0.0033936651583710287
2024-02-29,8870,8910,8700,8870,1771,0.0
2024-03-04,8870,9050,8770,8840,1019,-0.0033821871476887866
2024-03-05,8840,8840,8540,8540,1887,-0.0339366515837104
2024-03-06,8630,8630,8220,8540,1792,0.0
2024-03-07,8540,8650,8470,8580,2068,0.004683840749414525
2024-03-08,8580,8610,8310,8530,1949,-0.005827505827505797
2024-03-11,8400,8610,8260,8380,2639,-0.017584994138335253
2024-03-12,8370,8400,8220,8400,2466,0.0023866348448686736
2024-03-13,8410,8440,8340,8420,688,0.0023809523809523725
2024-03-14,8430,8430,8300,8380,1360,-0.004750593824228044
2024-03-15,8400,8410,8200,8370,1569,-0.0011933174224343368
2024-03-18,8370,8600,8280,8380,2633,0.0011947431302270495
2024-03-19,8380,8380,8270,8350,1016,-0.0035799522673031214
2024-03-20,8350,8410,8280,8300,463,-0.005988023952095856
2024-03-21,8370,8410,8260,8340,981,0.004819277108433662
2024-03-22,8280,8280,7950,7970,15465,-0.04436450839328532
2024-03-25,8100,8100,7800,7850,7437,-0.01505646173149311
2024-03-26,7860,7890,7770,7850,2642,0.0
2024-03-27,7890,8000,7850,7970,6160,0.015286624203821653
2024-03-28,7980,8190,7900,7980,6419,0.0012547051442910462
2024-03-29,7980,8060,7880,8040,1912,0.007518796992481258
2024-04-01,8040,8120,7950,8090,1730,0.006218905472636926
2024-04-02,8090,8090,7940,8020,1064,-0.008652657601977753
2024-04-03,8010,8080,7890,8070,1200,0.006234413965087171
2024-04-04,8070,8090,7970,8030,257,-0.00495662949194553
2024-04-05,8030,8030,7850,8030,987,0.0
2024-04-08,8030,8030,7900,7920,1745,-0.013698630136986356
2024-04-09,7890,8020,7810,7960,2892,0.005050505050504972
2024-04-11,7960,7970,7750,7930,712,-0.0037688442211055717
2024-04-12,7920,8230,7810,7880,2570,-0.006305170239596425
2024-04-15,7780,7850,7640,7780,3498,-0.012690355329949221
2024-04-16,7780,7780,7700,7750,483,-0.003856041131105381
2024-04-17,7750,7750,7650,7730,1337,-0.002580645161290307
2024-04-18,7770,9500,7770,8450,276391,0.09314359637774894
2024-04-19,8210,8430,7900,8190,17928,-0.03076923076923077
2024-04-22,7980,8290,7980,8080,5057,-0.013431013431013383
2024-04-23,8090,8170,7930,7930,1247,-0.01856435643564358
2024-04-24,7930,8180,7930,8070,1788,0.017654476670870167
2024-04-25,8140,8140,7990,8030,466,-0.00495662949194553
2024-04-26,8050,8290,7950,8030,5498,0.0
2024-04-29,8210,10430,8170,10430,663735,0.2988792029887921
2024-04-30,10430,10430,9160,9250,301628,-0.11313518696069036
2024-05-02,9050,9640,8990,9060,83865,-0.020540540540540553
2024-05-03,9040,9330,8850,9030,30789,-0.0033112582781457123
2024-05-07,8690,9240,8690,9180,40634,0.01661129568106312
2024-05-08,9100,9250,8740,9020,37597,-0.017429193899782147
2024-05-09,9030,9210,8840,8840,16815,-0.019955654101995512
2024-05-10,8900,9000,8820,8930,15844,0.010180995475113086
2024-05-13,9020,9030,8660,8860,17184,-0.007838745800671898
2024-05-14,8840,8910,8710,8780,14043,-0.009029345372460473
2024-05-16,8830,9660,8830,9300,91302,0.059225512528473745
2024-05-17,9170,9290,9000,9100,15032,-0.021505376344086002
2024-05-20,9040,9300,8880,8950,14260,-0.016483516483516536
2024-05-21,9040,9050,8810,8870,9263,-0.00893854748603351
2024-05-22,8870,11530,8870,11530,418386,0.2998872604284104
2024-05-23,11030,14840,10400,12400,2445675,0.07545533391153514
2024-05-24,12380,13600,11810,12810,422040,0.03306451612903216
2024-05-27,14500,15470,12900,13090,634709,0.021857923497267784
2024-05-28,13400,13450,12500,13080,128195,-0.0007639419404125158
2024-05-29,12700,12910,12140,12260,83876,-0.06269113149847094
2024-05-30,11940,12340,11640,11640,52771,-0.05057096247960846
2024-05-31,12200,13660,12000,12660,347041,0.08762886597938135
2024-06-03,13240,13390,12240,12360,69380,-0.023696682464455
2024-06-04,12080,12200,11540,11780,54410,-0.046925566343042124
2024-06-05,11670,11780,10580,10950,65446,-0.07045840407470294
2024-06-07,11070,11290,10700,10850,32836,-0.0091324200913242
2024-06-10,10770,11150,10500,11090,33636,0.022119815668202758
2024-06-11,11480,13500,11430,11470,400017,0.03426510369702429
2024-06-12,11470,12880,11390,11860,85495,0.03400174367916309
2024-06-13,12840,12840,11750,11930,34570,0.00590219224283306
2024-06-14,11740,11800,11110,11250,29108,-0.05699916177703268
2024-06-17,11390,11590,11010,11420,9093,0.015111111111111075
2024-06-18,11410,11410,11050,11200,10257,-0.019264448336252182
2024-06-19,11250,11550,11000,11200,16856,0.0
2024-06-20,11220,11460,11080,11160,19673,-0.0035714285714285587
2024-06-21,11130,11360,10850,11350,10596,0.017025089605734678
2024-06-24,11260,11300,11120,11120,7768,-0.02026431718061672
2024-06-25,11050,11170,10880,11080,6432,-0.003597122302158251
2024-06-26,11000,11210,10800,10800,6087,-0.02527075812274371
2024-06-27,10810,10950,10600,10720,4166,-0.007407407407407418
2024-06-28,10720,10840,10530,10660,6025,-0.005597014925373123
2024-07-01,10580,10890,10500,10730,4923,0.0065666041275798115
2024-07-02,10920,10920,10200,10200,8194,-0.04939422180801489
2024-07-03,10220,10310,10030,10070,5777,-0.012745098039215641
2024-07-04,10080,10450,10080,10210,4734,0.013902681231380276
2024-07-05,10260,10260,10040,10160,2741,-0.004897159647404559
2024-07-08,10140,10480,10050,10400,6505,0.023622047244094446
2024-07-09,10450,10900,10410,10740,12091,0.0326923076923078
2024-07-10,10770,10780,10430,10590,2097,-0.013966480446927387
2024-07-11,10590,10740,10420,10600,2522,0.0009442870632672129
2024-07-12,10930,10930,10340,10530,6369,-0.006603773584905714
2024-07-15,10470,10490,10230,10360,5016,-0.01614434947768284
2024-07-16,10370,10370,9920,9960,10152,-0.038610038610038644
2024-07-17,10070,10110,9860,10040,3796,0.008032128514056325
2024-07-18,9910,10080,9780,10040,4966,0.0
2024-07-19,9930,10010,9710,10010,2348,-0.0029880478087649376
2024-07-22,10010,10010,9630,10000,3461,-0.0009990009990009652
2024-07-23,10000,10190,9620,9750,2964,-0.025000000000000022
2024-07-24,9650,10010,9650,9820,2227,0.007179487179487243
2024-07-25,9560,9900,9540,9650,3487,-0.01731160896130346
2024-07-26,9660,9900,9630,9770,1902,0.012435233160621673
2024-07-29,9780,10200,9780,10200,6525,0.04401228249744116
2024-07-30,10200,10290,10010,10180,754,-0.0019607843137254832
2024-07-31,10180,10500,10130,10360,3875,0.017681728880157177
2024-08-01,10230,10500,10180,10210,1258,-0.014478764478764505
2024-08-02,10200,10200,9730,9830,2997,-0.0372184133202742
2024-08-05,9700,9700,8650,8760,6918,-0.10885045778229907
2024-08-06,8910,9190,8870,9180,3272,0.047945205479452024
2024-08-07,9180,9400,9090,9270,623,0.009803921568627416
2024-08-08,9270,9270,9080,9200,1477,-0.007551240560949246
2024-08-09,9150,9510,9150,9510,2890,0.033695652173913127
2024-08-12,9510,9600,9180,9600,1394,0.009463722397476282
2024-08-13,9660,9800,9510,9750,2676,0.015625
2024-08-14,9780,10000,9700,9960,2103,0.021538461538461506
2024-08-16,9960,10020,9840,9950,633,-0.0010040160642570406
2024-08-19,9860,9860,9640,9680,747,-0.02713567839195985
2024-08-20,9570,9780,9530,9760,558,0.008264462809917328
2024-08-21,9790,9790,9610,9760,376,0.0
2024-08-22,9700,9720,9520,9620,647,-0.014344262295082011
2024-08-23,9560,9620,9460,9610,654,-0.0010395010395010118
2024-08-26,9610,9680,9340,9590,1837,-0.002081165452653466
2024-08-27,9510,9620,9490,9610,411,0.002085505735140769
2024-08-28,9630,9630,9420,9510,684,-0.010405827263267442
2024-08-29,9410,9750,9390,9730,1287,0.023133543638275578
2024-08-30,9710,9900,9500,9750,1076,0.0020554984583760483
2024-09-02,9670,10090,9240,9690,3337,-0.006153846153846176
2024-09-03,9810,10150,9530,9550,6577,-0.014447884416924683
2024-09-04,9400,9400,9150,9300,1844,-0.02617801047120416
2024-09-05,9300,9400,9100,9290,1786,-0.0010752688172043223
2024-09-06,9290,9290,8970,9060,946,-0.024757804090419833
2024-09-09,8820,9220,8780,9130,1645,0.007726269315673218
2024-09-10,9150,9150,8910,9150,658,0.0021905805038335835
2024-09-11,9150,9260,9150,9240,483,0.009836065573770592
2024-09-12,9690,9690,9340,9340,1899,0.010822510822510845
2024-09-13,9340,9720,9170,9370,842,0.0032119914346895317
2024-09-19,9380,9660,9280,9370,1565,0.0
2024-09-20,9420,9460,9250,9360,956,-0.0010672358591248265
2024-09-23,9360,9550,9290,9400,959,0.004273504273504258
2024-09-24,9310,9440,9290,9420,442,0.0021276595744681437
2024-09-25,9420,9460,9390,9440,337,0.002123142250530785
2024-09-26,9440,9460,9340,9460,1041,0.0021186440677967155
2024-09-27,9460,9700,9400,9500,2277,0.0042283298097252064
2024-09-30,9490,9490,9260,9480,1479,-0.002105263157894721
2024-10-02,9390,9390,9320,9340,353,-0.014767932489451518
2024-10-04,9400,9400,9190,9270,876,-0.00749464668094213
2024-10-07,9200,9200,8880,8950,6925,-0.034519956850053934
2024-10-08,8910,9000,8910,8990,1883,0.004469273743016755
2024-10-10,8990,9030,8940,8960,408,-0.0033370411568409697
2024-10-11,8930,9190,8910,8930,1404,-0.0033482142857143016
2024-10-14,8910,8920,8790,8800,4414,-0.014557670772676334
2024-10-15,8810,8840,8650,8760,4021,-0.004545454545454519
2024-10-16,8670,8790,8600,8710,3783,-0.005707762557077611
2024-10-17,8700,8790,8180,8700,5133,-0.0011481056257175437
2024-10-18,8700,8730,8510,8650,1547,-0.005747126436781658
2024-10-21,8670,8670,8440,8600,3284,-0.005780346820809301
2024-10-22,8520,8520,8280,8340,3566,-0.03023255813953485
2024-10-23,8380,8450,8270,8370,2084,0.003597122302158251
2024-10-24,8360,8720,8230,8360,1596,-0.0011947431302270495
2024-10-25,8390,8400,8100,8240,2990,-0.014354066985645897
2024-10-28,8160,8450,8160,8250,1613,0.0012135922330096527
2024-10-29,8290,8620,8200,8480,3841,0.027878787878787836
2024-10-30,8480,8480,8210,8400,1756,-0.009433962264150941
2024-10-31,8400,8400,8160,8250,2089,-0.017857142857142905
2024-11-01,8260,8260,8180,8240,574,-0.00121212121212122
2024-11-04,8240,8310,8210,8290,2027,0.0060679611650484855
2024-11-05,8290,8460,8240,8370,2399,0.00965018094089265
2024-11-06,8370,8370,8190,8280,2370,-0.010752688172043001
2024-11-07,8280,8280,8110,8160,2834,-0.01449275362318836
2024-11-08,8180,8240,8100,8190,3533,0.003676470588235281
2024-11-11,8110,8190,7800,8020,4138,-0.020757020757020794
2024-11-12,8020,8020,7680,7720,4704,-0.03740648379052369
2024-11-13,7730,7740,7330,7400,5716,-0.041450777202072575
2024-11-14,7400,7600,7230,7530,3182,0.0175675675675675
2024-11-15,7530,7740,7270,7700,9846,0.02257636122177953
