Date,Open,High,Low,Close,Volume,Change
2022-01-03,13900,14000,13700,13850,31545,0.0036231884057971175
2022-01-04,14000,14600,13550,14300,80899,0.032490974729241895
2022-01-05,14250,14600,14050,14150,36778,-0.010489510489510523
2022-01-06,13750,15000,13600,14800,73363,0.04593639575971742
2022-01-07,14900,15100,14350,14500,42668,-0.020270270270270285
2022-01-10,14500,15900,14400,15100,149994,0.04137931034482767
2022-01-11,15050,15400,14300,15400,71145,0.019867549668874274
2022-01-12,15550,17300,15400,17300,316311,0.12337662337662336
2022-01-13,17400,17800,17000,17350,98423,0.0028901734104045396
2022-01-14,17800,17950,17000,17450,111693,0.0057636887608070175
2022-01-17,17200,17250,16150,16450,95308,-0.05730659025787965
2022-01-18,16400,16400,15000,15400,136078,-0.06382978723404253
2022-01-19,14850,15900,14850,15500,76589,0.006493506493506551
2022-01-20,15450,15750,15100,15500,36886,0.0
2022-01-21,15350,15700,14750,15050,48746,-0.029032258064516148
2022-01-24,14900,14950,13950,13950,81162,-0.07308970099667778
2022-01-25,14200,14400,12950,13100,367148,-0.06093189964157708
2022-01-26,13000,13800,13000,13350,62839,0.01908396946564883
2022-01-27,13650,13700,12500,13400,59054,0.0037453183520599342
2022-01-28,13450,13850,13050,13650,48198,0.018656716417910557
2022-02-03,13750,14300,13600,13900,46643,0.01831501831501825
2022-02-04,13750,14200,13600,14000,37836,0.007194244604316502
2022-02-07,14000,14000,13650,13700,16942,-0.021428571428571463
2022-02-08,13700,13950,13350,13350,30570,-0.025547445255474477
2022-02-09,13350,13600,13100,13400,32892,0.0037453183520599342
2022-02-10,13200,13600,13150,13200,36937,-0.014925373134328401
2022-02-11,13050,13100,12750,12800,30395,-0.030303030303030276
2022-02-14,12700,12700,12100,12250,39061,-0.04296875
2022-02-15,12100,12400,11850,11900,26403,-0.02857142857142858
2022-02-16,12200,12900,12200,12700,19803,0.0672268907563025
2022-02-17,12750,13500,12750,13150,40002,0.03543307086614167
2022-02-18,12900,13650,12700,13650,21859,0.03802281368821303
2022-02-21,13650,13800,12750,13650,15566,0.0
2022-02-22,13600,13750,13250,13400,9814,-0.01831501831501836
2022-02-23,13450,14600,13450,14350,63546,0.07089552238805963
2022-02-24,14300,14750,13900,14000,59871,-0.024390243902439046
2022-02-25,14250,14850,14250,14500,34080,0.03571428571428581
2022-02-28,14700,14900,14350,14650,24668,0.010344827586206806
2022-03-02,14650,15300,14650,15250,39124,0.04095563139931735
2022-03-03,16700,16750,14800,15100,92011,-0.00983606557377048
2022-03-04,15050,15300,14800,15200,31446,0.0066225165562914245
2022-03-07,15150,15250,14700,14850,24765,-0.023026315789473673
2022-03-08,14450,14700,14250,14400,21097,-0.030303030303030276
2022-03-10,14400,14650,14100,14150,10487,-0.01736111111111116
2022-03-11,14150,14450,13800,14350,21147,0.014134275618374659
2022-03-14,14500,14500,13950,13950,20243,-0.027874564459930307
2022-03-15,13950,14000,13400,13500,28584,-0.032258064516129004
2022-03-16,13500,13700,13250,13500,30005,0.0
2022-03-17,13650,13900,13500,13750,17630,0.0185185185185186
2022-03-18,13750,14000,13650,13900,8737,0.01090909090909098
2022-03-21,13800,14100,13600,13950,17893,0.003597122302158251
2022-03-22,14000,14400,13450,14300,21688,0.02508960573476693
2022-03-23,14300,14650,14050,14400,15848,0.006993006993007089
2022-03-24,14600,14600,14000,14150,17393,-0.01736111111111116
2022-03-25,14050,14450,13900,14150,13369,0.0
2022-03-28,14850,15850,14550,15200,235243,0.07420494699646651
2022-03-29,15700,15700,15100,15450,70908,0.016447368421052655
2022-03-30,15400,15650,15150,15200,35734,-0.016181229773462813
2022-03-31,15200,16000,15100,15950,54353,0.049342105263157965
2022-04-01,15750,16200,15600,15800,36211,-0.009404388714733591
2022-04-04,15800,15950,15350,15650,31170,-0.009493670886076
2022-04-05,15700,15900,15300,15400,26610,-0.015974440894568676
2022-04-06,15300,15400,14950,15050,24933,-0.022727272727272707
2022-04-07,15050,15200,14700,14750,30341,-0.019933554817275767
2022-04-08,14750,15050,14700,14900,18658,0.01016949152542379
2022-04-11,14900,15800,14800,15500,46705,0.04026845637583887
2022-04-12,15500,16150,15250,15700,53730,0.012903225806451646
2022-04-13,15700,16300,15700,16050,44323,0.022292993630573354
2022-04-14,16150,16950,16050,16450,73646,0.024922118380062308
2022-04-15,16400,17000,16200,16850,39292,0.024316109422492405
2022-04-18,17100,17250,16300,16500,59435,-0.020771513353115778
2022-04-19,16450,17150,16450,16950,33677,0.027272727272727337
2022-04-20,17150,17450,16800,16950,31890,0.0
2022-04-21,16950,17100,16500,16800,38305,-0.008849557522123908
2022-04-22,16500,17050,16500,16950,28500,0.008928571428571397
2022-04-25,16850,16850,16500,16750,32374,-0.01179941002949858
2022-04-26,16750,16800,16250,16750,41363,0.0
2022-04-27,16000,16900,16000,16750,26039,0.0
2022-04-28,16800,16950,16400,16850,18123,0.005970149253731405
2022-04-29,16850,16950,16700,16800,12079,-0.0029673590504450953
2022-05-02,16700,16900,16400,16850,12287,0.0029761904761904656
2022-05-03,17000,17350,16600,16800,28995,-0.0029673590504450953
2022-05-04,17000,17050,16200,16700,38457,-0.005952380952380931
2022-05-06,16600,16700,15950,16400,18667,-0.017964071856287456
2022-05-09,16400,16400,15750,15950,26170,-0.027439024390243927
2022-05-10,15500,16150,15200,16050,38835,0.006269592476489061
2022-05-11,16050,16250,15750,15900,7019,-0.009345794392523366
2022-05-12,15900,16150,15500,15750,24210,-0.009433962264150941
2022-05-13,15750,16200,15400,16200,34811,0.02857142857142847
2022-05-16,16300,16300,15550,15850,25811,-0.021604938271604923
2022-05-17,15600,15900,15250,15300,27271,-0.034700315457413256
2022-05-18,15400,15450,14900,15050,18489,-0.016339869281045805
2022-05-19,14800,14850,14600,14700,18962,-0.023255813953488413
2022-05-20,15050,15050,14750,14900,11412,0.013605442176870763
2022-05-23,14900,15150,14600,14650,10104,-0.016778523489932917
2022-05-24,14450,14600,13850,13950,98038,-0.04778156996587035
2022-05-25,14000,14150,13800,14000,12274,0.0035842293906809264
2022-05-26,14050,14850,14000,14750,41504,0.0535714285714286
2022-05-27,14850,15050,14500,14900,31418,0.01016949152542379
2022-05-30,14900,15150,14750,14850,7487,-0.003355704697986628
2022-05-31,14750,15150,14750,15100,9876,0.01683501683501687
2022-06-02,15100,15250,14950,15050,15314,-0.0033112582781457123
2022-06-03,15150,15150,14850,15000,8097,-0.0033222591362126463
2022-06-07,15150,15150,14750,14950,12975,-0.0033333333333332993
2022-06-08,15050,15700,15050,15550,46577,0.04013377926421402
2022-06-09,15500,15750,15350,15550,19261,0.0
2022-06-10,15450,15800,15100,15750,14871,0.012861736334405238
2022-06-13,15400,15450,14850,15300,26871,-0.02857142857142858
2022-06-14,15000,15450,14500,15200,24224,-0.006535947712418277
2022-06-15,15200,15200,14400,14500,22006,-0.046052631578947345
2022-06-16,14700,15250,14650,14650,16821,0.010344827586206806
2022-06-17,14550,14850,14150,14800,28818,0.010238907849829282
2022-06-20,14850,14850,13850,13900,39844,-0.060810810810810856
2022-06-21,13950,14850,13950,14700,50801,0.05755395683453246
2022-06-22,15100,15100,14000,14000,30986,-0.04761904761904767
2022-06-23,14450,14550,13700,13950,33045,-0.0035714285714285587
2022-06-24,13950,14350,13650,14250,15740,0.021505376344086002
2022-06-27,14450,14500,14000,14300,20244,0.0035087719298245723
2022-06-28,14300,14400,14100,14300,8762,0.0
2022-06-29,14150,14800,14150,14550,19080,0.0174825174825175
2022-06-30,14550,15450,14500,15050,68069,0.03436426116838498
2022-07-01,15050,15200,14500,14650,34047,-0.02657807308970095
2022-07-04,14650,14800,13850,14000,36570,-0.04436860068259385
2022-07-05,14100,14300,13850,14100,14173,0.0071428571428571175
2022-07-06,14300,14300,13250,13550,25790,-0.03900709219858156
2022-07-07,13650,13800,13350,13750,12111,0.014760147601476037
2022-07-08,13900,13950,13600,13750,24145,0.0
2022-07-11,13750,13900,13300,13500,18424,-0.018181818181818188
2022-07-12,13500,13500,12850,13150,23393,-0.025925925925925908
2022-07-13,12900,13200,12650,12850,15982,-0.02281368821292773
2022-07-14,12700,12950,12600,12750,6411,-0.0077821011673151474
2022-07-15,12750,12750,12350,12650,13838,-0.007843137254901933
2022-07-18,12650,13250,12650,13250,14607,0.04743083003952564
2022-07-19,13400,13400,12950,13100,6368,-0.01132075471698113
2022-07-20,13500,13500,13000,13150,17764,0.003816793893129722
2022-07-21,13350,13350,13050,13300,7385,0.011406844106463865
2022-07-22,13200,13600,13100,13300,24252,0.0
2022-07-25,13300,13550,12950,13500,36919,0.015037593984962516
2022-07-26,13600,13800,13450,13600,17196,0.007407407407407307
2022-07-27,13750,13750,13300,13450,12785,-0.011029411764705843
2022-07-28,13650,13850,13450,13700,36399,0.018587360594795488
2022-07-29,13650,13900,13600,13850,18325,0.010948905109489093
2022-08-01,14050,14450,13750,14400,35367,0.03971119133573997
2022-08-02,14400,14450,14050,14300,22567,-0.00694444444444442
2022-08-03,14400,14550,14250,14300,15835,0.0
2022-08-04,14300,14450,13950,14100,24892,-0.013986013986013957
2022-08-05,14200,14300,14000,14100,7714,0.0
2022-08-08,14100,14400,14000,14300,22669,0.014184397163120588
2022-08-09,14400,14400,14100,14250,14475,-0.0034965034965035446
2022-08-10,14350,15150,14250,15150,138547,0.06315789473684208
2022-08-11,15200,15300,14900,15250,65082,0.0066006600660066805
2022-08-12,15250,15750,15000,15050,48802,-0.013114754098360604
2022-08-16,15300,15600,15150,15450,31516,0.02657807308970095
2022-08-17,15350,15650,15150,15400,41066,-0.003236245954692518
2022-08-18,15250,15900,14950,15850,43879,0.02922077922077926
2022-08-19,15900,16950,15850,16500,155051,0.04100946372239744
2022-08-22,16250,16650,15900,15950,48053,-0.033333333333333326
2022-08-23,15500,16950,15500,16550,87586,0.037617554858934144
2022-08-24,16700,17050,16400,16550,31017,0.0
2022-08-25,16600,16950,16250,16500,46705,-0.0030211480362537513
2022-08-26,16650,16700,16100,16250,28653,-0.015151515151515138
2022-08-29,15650,16250,15650,16050,23662,-0.012307692307692353
2022-08-30,16000,16400,15900,16250,19102,0.012461059190031154
2022-08-31,16250,16550,15900,16250,25987,0.0
2022-09-01,16050,17000,16050,16600,48086,0.021538461538461506
2022-09-02,16800,16800,16050,16300,26942,-0.01807228915662651
2022-09-05,16050,16500,15950,16100,18313,-0.012269938650306789
2022-09-06,16350,16800,16200,16400,29423,0.01863354037267073
2022-09-07,16350,16400,15600,15850,26486,-0.03353658536585369
2022-09-08,15850,15950,15600,15650,13343,-0.012618296529968487
2022-09-13,15750,15800,15100,15500,31059,-0.009584664536741228
2022-09-14,15050,15650,15000,15600,11353,0.006451612903225712
2022-09-15,15900,15900,15300,15400,16270,-0.012820512820512775
2022-09-16,15200,15500,14900,15150,22153,-0.016233766233766267
2022-09-19,15000,15100,14550,14650,17827,-0.03300330033003296
2022-09-20,14650,15000,14600,14750,6481,0.006825938566553003
2022-09-21,14500,15150,14500,14800,9715,0.003389830508474523
2022-09-22,14350,15050,14350,15050,11705,0.016891891891891886
2022-09-23,14850,15100,14700,14700,16482,-0.023255813953488413
2022-09-26,14500,14550,13800,14100,25968,-0.04081632653061229
2022-09-27,13800,14150,13350,14100,37489,0.0
2022-09-28,14150,14200,13000,13400,47476,-0.049645390070921946
2022-09-29,13450,13700,13200,13250,34849,-0.011194029850746245
2022-09-30,13050,13550,12750,13300,26687,0.0037735849056603765
2022-10-04,13550,13650,13100,13550,11970,0.018796992481203034
2022-10-05,13700,13750,13000,13200,19948,-0.02583025830258301
2022-10-06,13450,14000,13300,13700,22532,0.037878787878787845
2022-10-07,13850,13850,13500,13650,3674,-0.0036496350364964014
2022-10-11,13650,13650,12500,13100,31388,-0.04029304029304026
2022-10-12,13100,13250,12850,13200,7719,0.007633587786259444
2022-10-13,12900,13100,12450,12600,24986,-0.045454545454545414
2022-10-14,12750,13100,12700,12900,14365,0.023809523809523725
2022-10-17,12700,12950,12600,12950,7023,0.003875968992248069
2022-10-18,13300,13300,12800,13000,3791,0.0038610038610038533
2022-10-19,13300,13300,12650,12700,11097,-0.023076923076923106
2022-10-20,12600,13000,12600,12600,8036,-0.007874015748031482
2022-10-21,12400,12800,12000,12200,16960,-0.031746031746031744
2022-10-24,12200,12500,12200,12400,16309,0.016393442622950838
2022-10-25,12550,12600,12000,12300,10038,-0.008064516129032251
2022-10-26,12150,12550,12050,12300,5139,0.0
2022-10-27,12300,12650,12250,12650,7351,0.028455284552845628
2022-10-28,12950,13250,12700,12850,24748,0.015810276679841806
2022-10-31,13100,13100,12500,12750,7512,-0.0077821011673151474
2022-11-01,13000,13200,12600,13150,33877,0.031372549019607954
2022-11-02,13050,13200,12800,12800,10089,-0.026615969581749055
2022-11-03,12500,12800,12400,12700,16212,-0.0078125
2022-11-04,12500,12850,12400,12700,20008,0.0
2022-11-07,12950,12950,12550,12600,11067,-0.007874015748031482
2022-11-08,12800,12800,12450,12750,16722,0.011904761904761862
2022-11-09,12850,12850,12550,12650,8788,-0.007843137254901933
2022-11-10,12650,12700,12400,12550,8156,-0.007905138339920903
2022-11-11,12800,13050,12500,12850,31100,0.0239043824701195
2022-11-14,12800,13150,12700,12750,36328,-0.0077821011673151474
2022-11-15,13000,13500,12950,13150,40225,0.031372549019607954
2022-11-16,13250,13600,13000,13550,24411,0.03041825095057038
2022-11-17,13600,13750,13400,13550,13342,0.0
2022-11-18,13500,13900,13400,13450,20498,-0.0073800738007380184
2022-11-21,13550,13700,13050,13450,28872,0.0
2022-11-22,13250,13650,13000,13400,16455,-0.0037174721189591198
2022-11-23,13200,13550,13200,13350,10076,-0.003731343283582045
2022-11-24,13650,13650,13050,13150,15814,-0.014981273408239737
2022-11-25,13250,13350,12600,13300,18924,0.011406844106463865
2022-11-28,13300,13450,12800,12950,29509,-0.02631578947368418
2022-11-29,13050,13050,12700,13000,14790,0.0038610038610038533
2022-11-30,13000,13200,12850,12900,10698,-0.007692307692307665
2022-12-01,13050,13300,12750,13100,25663,0.015503875968992276
2022-12-02,13200,13200,12800,12850,19653,-0.01908396946564883
2022-12-05,12950,12950,12650,12900,31675,0.0038910505836575737
2022-12-06,12800,13000,12750,12900,14337,0.0
2022-12-07,12850,13150,12750,12850,22169,-0.003875968992248069
2022-12-08,13000,13000,12500,12500,27047,-0.027237354085603127
2022-12-09,12600,12950,12500,12700,19481,0.016000000000000014
2022-12-12,12700,12800,12400,12400,8109,-0.023622047244094446
2022-12-13,12400,12650,12400,12550,7539,0.012096774193548487
2022-12-14,12850,12850,12550,12600,9268,0.003984063745019917
2022-12-15,12700,12750,12400,12700,13283,0.007936507936507908
2022-12-16,12700,13250,12600,13100,50648,0.03149606299212593
2022-12-19,12950,13300,12600,12600,18378,-0.03816793893129766
2022-12-20,12700,12850,12250,12600,19120,0.0
2022-12-21,12500,12800,12500,12550,7977,-0.003968253968253954
2022-12-22,12850,12850,12400,12700,19313,0.01195219123505975
2022-12-23,12550,12550,12000,12300,96168,-0.03149606299212604
2022-12-26,12300,12900,12200,12750,78766,0.03658536585365857
2022-12-27,12950,12950,12400,12700,44677,-0.0039215686274509665
2022-12-28,12650,13250,12600,12850,80840,0.011811023622047223
2022-12-29,12750,12800,12350,12600,19600,-0.01945525291828798
2023-01-02,12650,12850,12250,12400,10046,-0.015873015873015928
2023-01-03,12400,12450,11750,12200,48966,-0.016129032258064502
2023-01-04,12200,12550,12050,12450,19645,0.020491803278688492
2023-01-05,12450,12650,12050,12400,8999,-0.004016064257028162
2023-01-06,12400,12550,12200,12400,19160,0.0
2023-01-09,12550,12750,12450,12650,25749,0.02016129032258074
2023-01-10,12650,12900,12600,12750,20115,0.007905138339920903
2023-01-11,12750,12900,12700,12850,12833,0.007843137254901933
2023-01-12,12850,13100,12600,13050,24880,0.015564202334630295
2023-01-13,12900,13150,12800,12950,13268,-0.007662835249042099
2023-01-16,12950,13000,12450,12550,25507,-0.030888030888030937
2023-01-17,12550,12700,12250,12400,10951,-0.01195219123505975
2023-01-18,12500,12550,12200,12400,10506,0.0
2023-01-19,12350,12450,12250,12400,8490,0.0
2023-01-20,12400,12450,12250,12400,4845,0.0
2023-01-25,12430,12480,12300,12380,8156,-0.001612903225806428
2023-01-26,12590,12850,12330,12640,15409,0.02100161550888524
2023-01-27,12670,13200,12650,12900,23027,0.020569620253164667
2023-01-30,12910,13290,12720,13000,25251,0.007751937984496138
2023-01-31,13000,13530,12990,13270,29220,0.020769230769230873
2023-02-01,13300,13430,12720,13200,24080,-0.005275056518462717
2023-02-02,13200,13300,12880,12950,20692,-0.018939393939393923
2023-02-03,12830,13110,12750,13040,26182,0.006949806949806847
2023-02-06,12920,13250,12920,13040,9017,0.0
2023-02-07,13040,13090,12800,12800,14842,-0.018404907975460127
2023-02-08,12810,12880,12640,12750,9162,-0.00390625
2023-02-09,12750,12950,12580,12690,16885,-0.004705882352941226
2023-02-10,12520,13300,12480,13190,52164,0.03940110323089052
2023-02-13,13300,14390,13210,14350,110806,0.08794541319181204
2023-02-14,14490,14720,14110,14170,61523,-0.012543554006968605
2023-02-15,14320,14320,13610,13750,62710,-0.029640084685956247
2023-02-16,13750,15120,13510,14650,359111,0.06545454545454543
2023-02-17,14500,14590,13010,13010,379318,-0.11194539249146762
2023-02-20,12900,12900,12070,12110,223036,-0.0691775557263643
2023-02-21,12130,12400,12020,12060,68804,-0.004128819157720898
2023-02-22,11830,12200,11810,11860,54516,-0.016583747927031545
2023-02-23,11830,11960,11780,11880,22706,0.001686340640809414
2023-02-24,11870,11980,11690,11740,39314,-0.011784511784511786
2023-02-27,11720,11720,11160,11290,47034,-0.03833049403747868
2023-02-28,11290,11350,11010,11020,44053,-0.023914968999114272
2023-03-02,11110,11130,10870,11040,25316,0.001814882032667775
2023-03-03,11060,11070,10360,10730,81399,-0.028079710144927494
2023-03-06,10730,10860,10640,10830,41091,0.009319664492078328
2023-03-07,10890,10970,10770,10900,17451,0.006463527239150446
2023-03-08,10770,10890,10740,10820,21085,-0.007339449541284404
2023-03-09,10880,10880,10670,10800,15585,-0.001848428835489857
2023-03-10,10720,10730,10530,10590,19527,-0.019444444444444486
2023-03-13,10580,10580,10300,10380,17364,-0.019830028328611915
2023-03-14,10280,10310,9680,9760,72233,-0.05973025048169556
2023-03-15,9800,10100,9760,10070,33613,0.03176229508196715
2023-03-16,10010,10010,9230,9910,24525,-0.01588877855014892
2023-03-17,9910,10220,9850,10000,25100,0.00908173562058523
2023-03-20,9860,10100,9830,9880,20072,-0.01200000000000001
2023-03-21,9850,10170,9780,9910,21044,0.0030364372469635637
2023-03-22,9900,10020,9280,9860,29371,-0.005045408678102881
2023-03-23,9860,9860,9400,9620,41112,-0.024340770791075106
2023-03-24,9620,9710,9510,9700,12581,0.008316008316008316
2023-03-27,9710,9770,9470,9690,16395,-0.0010309278350515427
2023-03-28,9620,10010,9620,9840,27686,0.015479876160990669
2023-03-29,9900,9910,9790,9880,7550,0.004065040650406582
2023-03-30,9840,9900,9740,9840,16888,-0.004048582995951455
2023-03-31,9820,10090,9800,9980,23375,0.014227642276422703
2023-04-03,10030,10160,9920,10160,18336,0.018036072144288484
2023-04-04,10150,10560,10140,10300,35578,0.013779527559055094
2023-04-05,10300,10420,10120,10180,16634,-0.011650485436893177
2023-04-06,10390,10390,9910,9990,17437,-0.018664047151277008
2023-04-07,9990,10120,9810,9970,10807,-0.002002002002001957
2023-04-10,9970,10030,9650,9870,20390,-0.010030090270812475
2023-04-11,9850,9950,9590,9950,21069,0.008105369807497542
2023-04-12,9960,10140,9840,10110,28569,0.016080402010050232
2023-04-13,10110,10210,9900,10210,10592,0.009891196834816984
2023-04-14,10130,10330,10040,10260,24914,0.004897159647404559
2023-04-17,10330,10510,10120,10300,36832,0.003898635477582957
2023-04-18,10310,10350,10090,10200,15797,-0.009708737864077666
2023-04-19,10200,10510,10160,10450,31115,0.02450980392156854
2023-04-20,10410,10520,10250,10300,22514,-0.014354066985645897
2023-04-21,10300,10350,10100,10310,23172,0.000970873786407811
2023-04-24,10260,10400,10020,10310,15567,0.0
2023-04-25,10170,10500,10090,10500,29689,0.018428709990300662
2023-04-26,10430,10430,10160,10230,18853,-0.02571428571428569
2023-04-27,10220,10290,10070,10200,13004,-0.0029325513196480912
2023-04-28,10210,10370,10160,10260,18940,0.00588235294117645
2023-05-02,10260,10500,10250,10440,29628,0.01754385964912286
2023-05-03,10350,10650,10350,10450,16387,0.0009578544061301653
2023-05-04,10420,10540,10300,10420,7550,-0.002870813397129135
2023-05-08,10360,10510,10320,10440,12167,0.0019193857965451588
2023-05-09,10300,10660,10300,10440,21114,0.0
2023-05-10,10440,10470,10250,10350,15750,-0.008620689655172376
2023-05-11,10570,10570,10380,10470,22821,0.011594202898550732
2023-05-12,10470,10490,10260,10410,12315,-0.005730659025787954
2023-05-15,10410,10510,10280,10500,11031,0.008645533141210304
2023-05-16,10450,10510,10300,10360,15874,-0.013333333333333308
2023-05-17,10490,10490,10000,10380,8278,0.0019305019305020377
2023-05-18,10450,10550,10320,10380,6726,0.0
2023-05-19,10400,10400,10290,10350,13039,-0.0028901734104046506
2023-05-22,10390,10870,10300,10780,43570,0.04154589371980677
2023-05-23,10790,10840,10670,10740,12463,-0.0037105751391465214
2023-05-24,10710,11230,10100,11060,63881,0.029795158286778367
2023-05-25,11060,11110,10580,10900,22363,-0.01446654611211573
2023-05-26,10980,10980,10470,10580,27655,-0.029357798165137616
2023-05-30,10570,10810,10530,10730,15569,0.01417769376181477
2023-05-31,11330,11380,10620,10620,56434,-0.010251630941286116
2023-06-01,10640,10790,10620,10720,6263,0.009416195856873921
2023-06-02,10700,11030,10700,10920,17699,0.018656716417910557
2023-06-05,10910,11380,10910,11280,37655,0.03296703296703307
2023-06-07,11260,11600,11260,11390,24551,0.009751773049645474
2023-06-08,11340,11800,11340,11600,32297,0.01843722563652328
2023-06-09,11600,11700,11500,11600,16178,0.0
2023-06-12,11680,11710,11540,11700,14399,0.008620689655172376
2023-06-13,11880,11950,11200,11770,35025,0.005982905982905962
2023-06-14,11650,11870,11550,11640,33505,-0.011045029736618472
2023-06-15,11600,11710,11500,11640,20067,0.0
2023-06-16,11610,11960,11590,11880,59019,0.020618556701030855
2023-06-19,11830,11910,11760,11840,11876,-0.0033670033670033517
2023-06-20,11750,11970,11750,11830,15888,-0.0008445945945946276
2023-06-21,11950,12070,11650,11740,31527,-0.0076077768385460764
2023-06-22,11650,11770,11580,11610,27113,-0.011073253833049357
2023-06-23,11680,11680,11260,11530,21550,-0.006890611541774283
2023-06-26,11410,11510,11300,11490,10681,-0.003469210754553309
2023-06-27,11530,11840,11430,11730,31445,0.02088772845953013
2023-06-28,11660,11780,11560,11700,13123,-0.002557544757033292
2023-06-29,11850,11850,11370,11600,15210,-0.008547008547008517
2023-06-30,11600,11710,11440,11640,13540,0.0034482758620688614
2023-07-03,11640,11760,11500,11650,14801,0.0008591065292096189
2023-07-04,11730,12230,11400,12230,56498,0.04978540772532192
2023-07-05,12230,12700,12150,12410,69353,0.014717906786590351
2023-07-06,12300,12680,12120,12250,52470,-0.012892828364222453
2023-07-07,12250,12790,12140,12380,67885,0.010612244897959089
2023-07-10,12590,12880,12380,12600,49380,0.017770597738287597
2023-07-11,12900,12900,12160,12510,55722,-0.0071428571428571175
2023-07-12,12600,13130,12380,12860,66039,0.027977617905675434
2023-07-13,12900,12960,12510,12840,42312,-0.0015552099533436836
2023-07-14,13100,13100,12230,12680,59622,-0.012461059190031154
2023-07-17,12670,12680,12340,12420,19045,-0.02050473186119872
2023-07-18,12420,12480,12030,12140,20946,-0.02254428341384862
2023-07-19,12020,12370,11940,12110,28045,-0.0024711696869851307
2023-07-20,12110,12210,11700,12100,17033,-0.0008257638315442017
2023-07-21,12200,12200,11710,11970,16777,-0.01074380165289257
2023-07-24,12250,12250,11820,11880,8625,-0.007518796992481258
2023-07-25,12150,12220,11700,11880,27132,0.0
2023-07-26,11930,11930,11280,11550,25911,-0.02777777777777779
2023-07-27,11560,11950,10700,11010,40485,-0.04675324675324677
2023-07-28,11040,11880,10840,11710,29236,0.06357856494096281
2023-07-31,11700,11950,11700,11820,12192,0.009393680614859123
2023-08-01,11870,11970,11630,11870,19408,0.004230118443316444
2023-08-02,11870,12320,11700,11700,47663,-0.01432181971356361
2023-08-03,11710,12140,11430,11670,11653,-0.002564102564102555
2023-08-04,11670,11950,11510,11810,10033,0.011996572407883432
2023-08-07,11810,11810,11340,11410,17566,-0.03386960203217615
2023-08-08,11630,11660,11290,11400,17109,-0.0008764241893076674
2023-08-09,11400,11540,11220,11220,11781,-0.015789473684210575
2023-08-10,11320,11450,11050,11270,7714,0.004456327985739694
2023-08-11,11270,11550,11130,11290,10577,0.0017746228926354135
2023-08-14,11350,11350,10840,11070,15303,-0.019486271036315284
2023-08-16,9930,10500,9450,9970,178147,-0.09936766034327005
2023-08-17,9550,9940,9100,9880,48479,-0.009027081243731194
2023-08-18,9700,9870,7600,9360,180498,-0.052631578947368474
2023-08-21,9360,9960,9300,9940,32470,0.06196581196581197
2023-08-22,9990,10630,9990,10520,29841,0.05835010060362178
2023-08-23,10580,10580,10360,10490,18107,-0.002851711026615966
2023-08-24,10380,10630,10250,10490,14175,0.0
2023-08-25,10490,10500,10220,10470,9919,-0.0019065776930410339
2023-08-28,10230,10740,10230,10670,12264,0.019102196752626588
2023-08-29,10570,11100,10570,11030,28494,0.03373945641986875
2023-08-30,11150,11390,11100,11340,20706,0.02810516772438798
2023-08-31,11400,11620,11350,11610,21311,0.023809523809523725
2023-09-01,11610,11870,11290,11570,24557,-0.003445305770887197
2023-09-04,11490,11780,11000,11530,25012,-0.0034572169403630504
2023-09-05,11650,11700,11400,11660,27590,0.011274934952298254
2023-09-06,11660,11980,11500,11600,34068,-0.005145797598627766
2023-09-07,11590,11760,11420,11600,30152,0.0
2023-09-08,11550,11550,11290,11520,10063,-0.006896551724137945
2023-09-11,11520,11840,11460,11590,32040,0.0060763888888888395
2023-09-12,11540,11780,11440,11600,25125,0.0008628127696290733
2023-09-13,11700,11700,11450,11540,27214,-0.005172413793103403
2023-09-14,11450,11540,11350,11520,25267,-0.0017331022530329143
2023-09-15,11530,11890,11420,11500,4225,-0.0017361111111111605
2023-09-18,11500,11610,11340,11480,5144,-0.0017391304347825765
2023-09-19,11380,11550,10990,11200,70157,-0.024390243902439046
2023-09-20,11130,11520,10850,11200,20898,0.0
2023-09-21,11020,11530,10650,10840,13227,-0.03214285714285714
2023-09-22,10840,10840,10560,10810,7824,-0.002767527675276771
2023-09-25,10640,10800,10630,10740,2479,-0.00647548566142464
2023-09-26,10690,11290,10620,10710,1401,-0.0027932960893854997
2023-09-27,10710,11130,10450,10700,9609,-0.0009337068160597539
2023-10-04,10700,10880,10050,10250,7359,-0.04205607476635509
2023-10-05,10240,10360,9870,10000,10252,-0.024390243902439046
2023-10-06,10000,10790,10000,10490,13167,0.04899999999999993
2023-10-10,10650,10650,10000,10350,14450,-0.013346043851286904
2023-10-11,10230,10800,10230,10760,14709,0.03961352657004835
2023-10-12,10570,10960,10570,10730,12352,-0.0027881040892193676
2023-10-13,10610,10960,10600,10790,17486,0.005591798695246952
2023-10-16,10610,10820,10600,10780,14530,-0.000926784059314234
2023-10-17,10780,10860,10700,10760,15135,-0.0018552875695733162
2023-10-18,10610,10960,10550,10680,21590,-0.0074349442379182396
2023-10-19,10680,10680,10200,10280,8633,-0.03745318352059923
2023-10-20,10420,10500,9800,10020,28456,-0.02529182879377434
2023-10-23,10100,10100,9780,9980,2011,-0.003992015968063867
2023-10-24,9850,10100,9850,10090,8140,0.011022044088176308
2023-10-25,10090,10300,10030,10260,4479,0.01684836471754214
2023-10-26,10260,10400,9990,10200,3004,-0.005847953216374324
2023-10-27,10400,10400,10060,10200,518,0.0
2023-10-30,10200,10400,10170,10240,2599,0.0039215686274509665
2023-10-31,10240,10250,10000,10090,7960,-0.0146484375
2023-11-01,10190,10190,9960,10090,8006,0.0
2023-11-02,10200,10200,10000,10120,4391,0.0029732408325073845
2023-11-03,10220,10400,10070,10380,11361,0.025691699604743157
2023-11-06,10390,10890,10220,10500,15079,0.011560693641618602
2023-11-07,10540,10780,10370,10490,1649,-0.0009523809523809268
2023-11-08,10490,10650,10320,10480,1255,-0.0009532888465204614
2023-11-09,10480,10590,10400,10510,1181,0.002862595419847347
2023-11-10,10500,10500,10290,10490,1606,-0.0019029495718363432
2023-11-13,10580,10580,10180,10450,5265,-0.0038131553860819567
2023-11-14,10490,10550,10300,10540,4747,0.008612440191387627
2023-11-15,10600,10600,10340,10430,3393,-0.010436432637571103
2023-11-16,10430,10590,10310,10570,4348,0.01342281879194629
2023-11-17,10610,10610,10460,10570,1812,0.0
2023-11-20,10380,10600,10380,10600,2506,0.002838221381267658
2023-11-21,10620,10620,10400,10610,12162,0.0009433962264151496
2023-11-22,10450,10850,10450,10750,7756,0.013195098963242113
2023-11-23,10900,10900,10610,10740,2822,-0.0009302325581395099
2023-11-24,10700,10780,10580,10750,7374,0.0009310986964619072
2023-11-27,11000,11000,10510,10730,25020,-0.0018604651162790198
2023-11-28,10730,11050,10730,10850,23705,0.011183597390493905
2023-11-29,11000,11000,10790,10900,12063,0.004608294930875667
2023-11-30,10900,11000,10720,10980,4389,0.007339449541284404
2023-12-01,10980,11160,10830,11150,232629,0.015482695810564717
2023-12-04,11500,11890,11060,11600,19213,0.04035874439461873
2023-12-05,11450,11600,11300,11560,5798,-0.0034482758620689724
2023-12-06,11540,11620,11350,11590,9922,0.002595155709342656
2023-12-07,11590,11590,11350,11550,1498,-0.00345125107851596
2023-12-08,11550,11850,11070,11600,10868,0.0043290043290042934
2023-12-11,11910,11910,11390,11480,3832,-0.010344827586206917
2023-12-12,11480,11820,10900,11390,18404,-0.007839721254355392
2023-12-13,11370,11500,10970,11300,19790,-0.007901668129938533
2023-12-14,11500,11500,11090,11270,4929,-0.0026548672566372167
2023-12-15,11270,11330,11150,11330,8496,0.0053238686779060185
2023-12-18,11330,11760,11200,11280,3687,-0.0044130626654897975
2023-12-19,11280,11470,11000,11240,14129,-0.0035460992907800915
2023-12-20,11240,11470,11010,11200,13201,-0.003558718861209953
2023-12-21,11200,12200,11200,11790,31572,0.05267857142857135
2023-12-22,11790,12000,11630,11840,7096,0.004240882103477617
2023-12-26,11830,11830,11260,11780,23151,-0.0050675675675675436
2023-12-27,11330,11770,10900,11550,19638,-0.019524617996604432
2023-12-28,11550,11690,11370,11640,4493,0.007792207792207684
2024-01-02,11640,11640,11290,11380,3002,-0.022336769759450203
2024-01-03,11250,11370,10700,11170,7704,-0.018453427065026395
2024-01-04,11170,11170,10840,10860,4976,-0.027752909579230045
2024-01-05,10860,11390,10770,10890,4672,0.0027624309392264568
2024-01-08,10920,11370,10720,11030,2206,0.012855831037649201
2024-01-09,11100,11340,10850,10930,8680,-0.00906618313689933
2024-01-10,11220,11220,10790,11090,3818,0.014638609332113361
2024-01-11,11090,11200,10870,11040,5359,-0.0045085662759242195
2024-01-12,11000,11000,10740,10860,5665,-0.016304347826086918
2024-01-15,10770,10980,10740,10900,3108,0.0036832412523020164
2024-01-16,10900,11130,10700,10900,4254,0.0
2024-01-17,11070,11070,10500,10750,5742,-0.013761467889908285
2024-01-18,10700,11000,10630,10940,3861,0.017674418604651132
2024-01-19,10940,10940,10870,10910,1200,-0.002742230347349217
2024-01-22,11090,11090,10790,10910,2719,0.0
2024-01-23,11100,11100,10810,10890,3142,-0.0018331805682859637
2024-01-24,10890,10980,10530,10880,2548,-0.0009182736455464191
2024-01-25,10800,10930,10620,10800,5224,-0.007352941176470562
2024-01-26,10650,11000,10640,10920,3847,0.011111111111111072
2024-01-29,10840,10890,10670,10720,863,-0.01831501831501836
2024-01-30,10700,10880,10520,10530,7532,-0.017723880597014907
2024-01-31,10300,10900,10300,10730,6419,0.018993352326685642
2024-02-01,10730,10830,10510,10720,11469,-0.0009319664492077884
2024-02-02,10730,10900,10650,10720,5708,0.0
2024-02-05,10580,11100,10580,10720,3367,0.0
2024-02-06,10720,11000,10600,10720,3809,0.0
2024-02-07,10800,10970,10710,10950,3205,0.021455223880596952
2024-02-08,10950,10950,10780,10950,2276,0.0
2024-02-13,11020,11790,11020,11060,15045,0.010045662100456543
2024-02-14,11030,11200,11030,11100,2628,0.003616636528029016
2024-02-15,11120,11230,10700,11060,5196,-0.003603603603603567
2024-02-16,11270,11270,10920,11130,619,0.006329113924050667
2024-02-19,11140,12200,10900,11060,60685,-0.0062893081761006275
2024-02-20,11060,11290,10800,11100,11990,0.003616636528029016
2024-02-21,11100,11280,10800,10900,12826,-0.018018018018018056
2024-02-22,10910,11020,10740,10890,9773,-0.0009174311926605228
2024-02-23,10890,11210,10820,10940,6904,0.0045913682277318735
2024-02-26,11250,11350,10910,10960,7011,0.001828153564899404
2024-02-27,11200,11200,10880,10940,10875,-0.0018248175182481452
2024-02-28,10990,11140,10840,11140,7142,0.018281535648994485
2024-02-29,11140,11490,11100,11330,15340,0.017055655296229766
2024-03-04,11250,11320,11090,11220,7364,-0.009708737864077666
2024-03-05,11140,11320,11100,11230,14840,0.0008912655971480277
2024-03-06,11440,11750,11260,11600,28527,0.03294746215494215
2024-03-07,11600,12150,11600,11930,37435,0.028448275862068995
2024-03-08,11930,12250,11650,12000,15027,0.005867560771165126
2024-03-11,11970,12510,11940,12220,15100,0.018333333333333313
2024-03-12,12180,12300,11760,12220,8969,0.0
2024-03-13,12190,12290,11850,12000,14702,-0.018003273322422242
2024-03-14,11880,12540,11880,12300,17025,0.02499999999999991
2024-03-15,12330,12330,12100,12280,8253,-0.001626016260162566
2024-03-18,12310,12740,12310,12550,17883,0.021986970684038987
2024-03-19,12520,12680,12010,12200,14251,-0.027888446215139417
2024-03-20,12200,12480,12090,12170,13530,-0.0024590163934425924
2024-03-21,12250,12500,11990,12170,5348,0.0
2024-03-22,12000,12160,11930,12120,8750,-0.004108463434675413
2024-03-25,12480,12480,12000,12220,8054,0.008250825082508184
2024-03-26,12230,12470,12070,12250,11307,0.002454991816693841
2024-03-27,12390,12390,12070,12190,8598,-0.004897959183673417
2024-03-28,12190,12280,11990,12220,14011,0.0024610336341264194
2024-03-29,12190,12300,12140,12220,13229,0.0
2024-04-01,12220,12550,12160,12520,23907,0.02454991816693952
2024-04-02,12520,12520,11960,12360,21612,-0.012779552715655007
2024-04-03,12350,12490,12000,12250,9366,-0.008899676375404564
2024-04-04,12460,12460,12010,12250,29201,0.0
2024-04-05,12030,12300,12030,12250,4744,0.0
2024-04-08,12240,12240,11950,12030,8859,-0.01795918367346938
2024-04-09,12030,12480,11930,12090,13281,0.004987531172069737
2024-04-11,12090,12090,11880,12050,4347,-0.003308519437551727
2024-04-12,12050,12200,11910,12000,11019,-0.004149377593360981
2024-04-15,12000,12090,11750,12070,11648,0.005833333333333357
2024-04-16,12070,12100,11790,11920,16766,-0.012427506213753103
2024-04-17,11730,12070,11730,11930,7784,0.0008389261744965459
2024-04-18,11930,12350,11880,12300,14801,0.031014249790444204
2024-04-19,12270,12300,12040,12120,10375,-0.014634146341463428
2024-04-22,12140,12420,11900,12150,21174,0.0024752475247524774
2024-04-23,12120,12430,12010,12230,16957,0.006584362139917754
2024-04-24,12680,13090,12390,13080,111564,0.06950122649223212
2024-04-25,13210,13400,12970,13270,41403,0.014525993883792054
2024-04-26,13200,13700,13050,13380,39526,0.008289374529012905
2024-04-29,13410,13490,13000,13200,19665,-0.013452914798206317
2024-04-30,13010,13160,12810,13100,15473,-0.007575757575757569
2024-05-02,13100,13100,12760,13080,11390,-0.0015267175572518665
2024-05-03,13100,13100,12500,12840,25343,-0.01834862385321101
2024-05-07,12840,12960,12660,12890,10732,0.003894080996884819
2024-05-08,12770,13040,12700,12930,16634,0.003103180760279267
2024-05-09,12820,13140,12800,12840,9054,-0.00696055684454755
2024-05-10,12840,13400,12580,12840,13771,0.0
2024-05-13,12990,13340,12840,13240,41276,0.031152647975077885
2024-05-14,13220,13240,12910,13110,25472,-0.00981873111782472
2024-05-16,13150,13280,12790,13010,27735,-0.0076277650648359785
2024-05-17,12710,13150,12710,12960,25681,-0.00384319754035356
2024-05-20,12970,13090,12790,12930,12861,-0.0023148148148147696
2024-05-21,13090,13290,12970,13270,34697,0.026295436968290842
2024-05-22,13400,13400,12950,13020,22592,-0.01883948756593823
2024-05-23,12930,13240,12840,13150,25520,0.009984639016897168
2024-05-24,13010,13360,12940,13290,15431,0.010646387832699666
2024-05-27,13300,13360,12960,13140,13509,-0.011286681715575675
2024-05-28,13140,13240,12990,13170,10030,0.0022831050228311334
2024-05-29,13170,13200,12890,13150,10318,-0.0015186028853454436
2024-05-30,13030,13160,12800,13090,10193,-0.004562737642585524
2024-05-31,13050,13110,12900,13080,6008,-0.0007639419404125158
2024-06-03,13080,13150,12850,12880,19640,-0.015290519877675823
2024-06-04,13190,13190,12680,12780,22561,-0.00776397515527949
2024-06-05,12960,12960,12550,12780,18923,0.0
2024-06-07,12770,12870,12580,12650,16444,-0.010172143974960912
2024-06-10,12540,12910,12510,12770,13142,0.009486166007905084
2024-06-11,12890,12890,12470,12500,39039,-0.02114330462020364
2024-06-12,12670,13240,12300,13220,115958,0.057600000000000096
2024-06-13,13250,13350,12760,13090,26160,-0.009833585476550666
2024-06-14,13080,14260,12890,14060,134374,0.07410236822001526
2024-06-17,14300,14700,14210,14540,85139,0.03413940256045511
2024-06-18,14700,18360,14010,17440,397327,0.19944979367262716
2024-06-19,16610,17990,16480,17290,121322,-0.008600917431192623
2024-06-20,17500,21300,17210,20700,564248,0.1972238288027761
2024-06-21,20400,21150,20050,20700,124728,0.0
2024-06-24,21650,26900,21600,24300,1049316,0.17391304347826098
2024-06-25,23500,28000,23500,27750,164527,0.14197530864197527
2024-06-26,26550,27950,25350,26050,94824,-0.0612612612612613
2024-06-27,27050,27050,25250,25300,87670,-0.028790786948176605
2024-06-28,23650,25400,22950,23300,201835,-0.07905138339920947
2024-07-01,23100,24950,22800,24350,88883,0.045064377682403345
2024-07-02,24650,24750,23000,24400,66912,0.002053388090349051
2024-07-03,23850,24600,23100,23750,54141,-0.026639344262295084
2024-07-04,23450,23650,21650,22200,76507,-0.0652631578947368
2024-07-05,22550,23000,21500,21900,41493,-0.013513513513513487
2024-07-08,21500,23400,21350,23300,45574,0.06392694063926951
2024-07-09,23100,23100,21700,22150,54904,-0.04935622317596566
2024-07-10,21750,23050,21750,22150,39826,0.0
2024-07-11,22300,22650,21800,22450,39651,0.013544018058690765
2024-07-12,21950,22500,21550,21800,34662,-0.028953229398663738
2024-07-15,21800,22850,20800,22450,57112,0.029816513761467878
2024-07-16,21700,22800,21300,22500,27927,0.00222717149220486
2024-07-17,22750,23650,21950,22250,65368,-0.011111111111111072
2024-07-18,22450,22500,21400,21900,23737,-0.01573033707865168
2024-07-19,21900,22400,21200,21700,17264,-0.0091324200913242
2024-07-22,21700,22500,21200,22000,15179,0.01382488479262678
2024-07-23,22450,23850,21400,22350,74092,0.015909090909090873
2024-07-24,22200,22750,21850,22550,40116,0.008948545861297452
2024-07-25,22000,22350,21150,21700,38854,-0.037694013303769425
2024-07-26,21700,22850,21400,22350,37896,0.02995391705069128
2024-07-29,22500,23450,22350,23300,40765,0.04250559284116329
2024-07-30,23800,23800,22500,22800,37779,-0.02145922746781115
2024-07-31,22800,23750,22500,22600,40549,-0.00877192982456143
2024-08-01,22600,23850,22100,23800,43565,0.053097345132743445
2024-08-02,23300,24400,22400,23450,74971,-0.014705882352941124
2024-08-05,23400,23400,19170,20950,96431,-0.10660980810234544
2024-08-06,20500,22550,20500,22550,45045,0.07637231503579955
2024-08-07,23100,23450,21700,22000,46240,-0.024390243902439046
2024-08-08,22000,22050,21050,21550,41972,-0.020454545454545503
2024-08-09,21550,22050,20900,21250,42528,-0.0139211136890951
2024-08-12,21000,21150,20500,20900,37940,-0.016470588235294126
2024-08-13,20950,21050,20250,20500,23645,-0.019138755980861233
2024-08-14,20450,22000,20300,20700,52631,0.009756097560975618
2024-08-16,20550,21150,20500,20700,28598,0.0
2024-08-19,20550,21350,20500,20650,24425,-0.0024154589371980784
2024-08-20,20550,20850,20400,20800,15582,0.007263922518159882
2024-08-21,20800,21100,20000,20100,25668,-0.033653846153846145
2024-08-22,20100,20750,19410,19750,30988,-0.01741293532338306
2024-08-23,19750,20700,19370,20400,32222,0.032911392405063244
2024-08-26,20400,20400,19260,19700,28696,-0.03431372549019607
2024-08-27,19510,19680,19290,19680,16617,-0.0010152284263958977
2024-08-28,19680,19680,19250,19390,13629,-0.014735772357723609
2024-08-29,19200,19330,18400,18750,20095,-0.03300670448684884
2024-08-30,18750,19260,18650,19240,17321,0.026133333333333342
2024-09-02,19100,19350,18410,18770,21581,-0.024428274428274444
2024-09-03,18770,19980,18600,19400,26111,0.03356419818859879
2024-09-04,18300,19190,18300,18650,18507,-0.03865979381443296
2024-09-05,18650,22250,18080,19950,161628,0.06970509383378021
2024-09-06,19950,21400,19690,20300,117987,0.01754385964912286
2024-09-09,20000,20450,19860,19910,33338,-0.019211822660098576
2024-09-10,20200,20250,19300,19490,29506,-0.021094927172275235
2024-09-11,19490,20000,19210,19490,17305,0.0
2024-09-12,19890,19960,19400,19850,15224,0.018471010774756325
2024-09-13,20000,21000,19850,20800,38670,0.04785894206549113
2024-09-19,21400,21400,20300,20700,19164,-0.004807692307692291
2024-09-20,21050,21300,20700,20700,26306,0.0
2024-09-23,20700,20950,20350,20850,11506,0.007246376811594235
2024-09-24,21100,21100,20550,20700,11868,-0.007194244604316502
2024-09-25,20800,21750,20600,20850,28384,0.007246376811594235
2024-09-26,21400,21450,20400,20950,26807,0.004796163069544335
2024-09-27,21250,21250,20500,20550,25100,-0.019093078758949833
2024-09-30,20900,21000,20450,20650,15441,0.0048661800486617945
2024-10-02,21050,21500,20600,21150,16719,0.02421307506053272
2024-10-04,21100,22050,21100,22050,34192,0.042553191489361764
2024-10-07,22300,22500,21700,22400,29030,0.015873015873015817
2024-10-08,22450,22850,22050,22650,29185,0.01116071428571419
2024-10-10,22650,23000,22300,22800,23183,0.0066225165562914245
2024-10-11,23100,23100,21850,22000,29449,-0.03508771929824561
2024-10-14,22000,22400,21750,22000,10867,0.0
2024-10-15,22050,23000,22000,22850,22375,0.03863636363636358
2024-10-16,22800,23850,22550,23750,22589,0.03938730853391692
2024-10-17,23900,24700,23600,24650,41813,0.0378947368421052
2024-10-18,24600,26400,24500,24850,58407,0.008113590263691739
2024-10-21,24800,26300,24450,25950,42531,0.04426559356136828
2024-10-22,26650,26650,24050,24250,40484,-0.06551059730250486
2024-10-23,24250,24550,22550,23400,30404,-0.035051546391752564
2024-10-24,23150,23700,23000,23500,25155,0.004273504273504258
2024-10-25,23500,24250,22750,22850,19800,-0.02765957446808509
2024-10-28,22750,22850,22000,22250,29657,-0.026258205689277947
2024-10-29,22050,23400,21900,22850,27300,0.026966292134831482
2024-10-30,22850,23300,22650,22750,16982,-0.004376367614879695
2024-10-31,22750,23450,22150,22850,12382,0.00439560439560438
2024-11-01,22900,23250,22100,22800,13436,-0.002188183807439792
2024-11-04,22800,23800,22300,23350,21261,0.02412280701754388
2024-11-05,23400,24450,22750,22750,20305,-0.025695931477516032
2024-11-06,22900,23050,22100,23000,14590,0.01098901098901095
2024-11-07,23000,24600,22900,23450,45067,0.019565217391304346
2024-11-08,23450,24250,22950,23250,22726,-0.008528784648187626
2024-11-11,23500,24150,23350,24050,30369,0.03440860215053765
2024-11-12,24100,24550,23300,23550,28487,-0.02079002079002079
2024-11-13,23250,23400,22500,22900,30333,-0.027600849256900206
2024-11-14,22900,23200,22850,23000,20154,0.004366812227074135
2024-11-15,22900,22900,22300,22550,18645,-0.019565217391304346
2024-11-18,22500,22900,21950,22400,22483,-0.006651884700665134
2024-11-19,22400,23500,22150,23250,24197,0.0379464285714286
2024-11-20,23250,25300,23000,24700,75106,0.06236559139784936
2024-11-21,25400,25600,24550,25250,38639,0.022267206477732726
2024-11-22,25300,27550,25300,27200,71209,0.0772277227722773
2024-11-25,27200,28000,27100,27350,66389,0.005514705882353033
2024-11-26,28400,30700,27600,30450,139727,0.11334552102376594
2024-11-27,30000,32000,30000,31900,67087,0.04761904761904767
2024-11-28,32100,32200,27500,27500,96262,-0.13793103448275867
2024-11-29,28000,29550,26450,27900,80059,0.014545454545454639
2024-12-02,27900,28200,26800,27500,31909,-0.014336917562724039
2024-12-03,27000,28950,27000,28750,33701,0.045454545454545414
2024-12-04,28200,28750,27300,27950,36413,-0.02782608695652178
2024-12-05,28000,28000,26600,26650,30898,-0.046511627906976716
2024-12-06,26900,27300,25350,27100,54497,0.016885553470919357
2024-12-09,27000,27000,25400,25400,33540,-0.0627306273062731
2024-12-10,25400,27050,25400,26650,20011,0.04921259842519676
2024-12-11,26950,28600,26550,28450,39961,0.0675422138836772
2024-12-12,29500,29950,27800,29650,38850,0.04217926186291732
2024-12-13,30000,30850,28750,30650,44899,0.033726812816188945
2024-12-16,30600,31400,30000,31200,32612,0.01794453507340954
2024-12-17,31200,32600,30750,31150,44895,-0.0016025641025640969
2024-12-18,31150,32300,30700,31650,21251,0.01605136436597121
2024-12-19,31500,33650,30200,31850,75775,0.006319115323854652
2024-12-20,31850,32500,31150,31950,28597,0.0031397174254317317
2024-12-23,32800,33450,31750,32850,50013,0.028169014084507005
2024-12-24,33600,33650,32100,32300,39164,-0.016742770167427756
2024-12-26,33100,33350,32300,32750,45469,0.01393188854489158
2024-12-27,32350,32450,31100,31900,60280,-0.025954198473282397
2024-12-30,31900,31900,30000,30050,43723,-0.057993730407523536
2025-01-02,30300,30450,29000,29650,38148,-0.01331114808652245
2025-01-03,29650,30100,29300,29450,33964,-0.006745362563237767
2025-01-06,29800,29800,28800,29200,25801,-0.008488964346349714
2025-01-07,29200,30350,28850,29300,28768,0.003424657534246478
2025-01-08,30700,31000,29450,30100,56452,0.027303754266211566
2025-01-09,30450,31300,28700,31200,46316,0.03654485049833878
2025-01-10,31750,31800,30600,31750,26492,0.017628205128205066
2025-01-13,31750,31850,30100,30100,39560,-0.051968503937007915
2025-01-14,30000,31400,29900,30600,21224,0.01661129568106312
