Date,Open,High,Low,Close,Volume,Change
2022-01-03,19140,19140,18870,18904,24749,-0.012381798234157082
2022-01-04,18937,19276,18904,19276,18708,0.01967837494710123
2022-01-05,19343,19850,19208,19580,42664,0.01577090682714255
2022-01-06,19276,19749,19174,19479,46876,-0.005158324821246119
2022-01-07,19682,19749,19479,19547,31648,0.0034909389599055984
2022-01-10,19783,19986,19614,19716,36971,0.008645828004297362
2022-01-11,19681,19816,19241,19377,29152,-0.01719415702982352
2022-01-12,19411,19749,19411,19648,19155,0.013985653093874229
2022-01-13,19817,20020,19682,19885,55914,0.012062296416938123
2022-01-14,19885,20020,19749,19885,34402,0.0
2022-01-17,19884,19884,19614,19682,35671,-0.010208700025144624
2022-01-18,19546,19715,19377,19445,19227,-0.01204145920130073
2022-01-19,19275,19579,19275,19377,20784,-0.003497042941630224
2022-01-20,19275,19580,19275,19445,19839,0.0035093151674665535
2022-01-21,19276,19580,19276,19344,15859,-0.0051941373103625565
2022-01-24,19174,19343,17990,18836,42404,-0.026261373035566637
2022-01-25,18565,19005,18396,18498,47687,-0.0179443618602676
2022-01-26,18396,18903,18396,18667,21343,0.009136122824089155
2022-01-27,18667,18903,18329,18701,29021,0.001821396046499224
2022-01-28,18430,18904,18329,18600,21818,-0.005400780706914077
2022-02-03,18700,19004,18633,18633,19586,0.0017741935483870375
2022-02-04,18566,19141,18566,19141,15744,0.027263457306928585
2022-02-07,19174,19377,18870,19310,14715,0.008829214774567662
2022-02-08,19309,19411,19140,19276,14147,-0.0017607457276023197
2022-02-09,19275,19512,19072,19208,29568,-0.0035277028429134827
2022-02-10,19309,19309,19106,19208,16250,0.0
2022-02-11,19242,19242,18870,19107,18625,-0.005258225739275257
2022-02-14,19039,19546,18870,19445,34997,0.01768985188674299
2022-02-15,19444,19512,19039,19073,30909,-0.01913088197480073
2022-02-16,19208,19411,19073,19073,19045,0.0
2022-02-17,19174,19275,18937,19039,19866,-0.001782624652650333
2022-02-18,19140,19411,19039,19073,26589,0.0017858080781554264
2022-02-21,19174,19242,19039,19242,7611,0.008860693126409025
2022-02-22,19174,19343,19038,19208,14066,-0.001766968090635035
2022-02-23,19208,19377,19141,19344,20221,0.007080383173677651
2022-02-24,19039,19411,18904,19141,49727,-0.01049421009098428
2022-02-25,19275,19377,19106,19208,18365,0.0035003395851835872
2022-02-28,19208,19580,19140,19479,22240,0.014108704706372377
2022-03-02,19546,19850,19444,19614,39638,0.0069305405821653565
2022-03-03,19749,19851,19546,19682,36968,0.0034669113898235793
2022-03-04,19715,19885,19580,19885,42436,0.01031399248043896
2022-03-07,19986,20290,19715,19851,63264,-0.001709831531304995
2022-03-08,19850,20019,19377,19377,42240,-0.023877890282605452
2022-03-10,19580,19749,19241,19411,29455,0.0017546575837332767
2022-03-11,19445,19580,19309,19479,13245,0.003503168306630222
2022-03-14,19648,19817,19411,19716,28175,0.012166949022023754
2022-03-15,19817,19817,19377,19513,18237,-0.010296206127003438
2022-03-16,19512,19614,19309,19614,16448,0.00517603648849474
2022-03-17,19614,19681,19512,19648,15575,0.0017334556949117896
2022-03-18,19682,19716,19513,19547,10245,-0.005140472312703537
2022-03-21,19716,19885,19580,19716,22501,0.008645828004297362
2022-03-22,19715,19884,19682,19682,15512,-0.0017244877257049929
2022-03-23,19851,19918,19715,19885,28503,0.01031399248043896
2022-03-24,19884,20019,19850,19952,26615,0.0033693738999245326
2022-03-25,20020,20155,19851,19885,32430,-0.0033580593424218375
2022-03-28,19986,20053,19884,20020,10863,0.006789036962534523
2022-03-29,20087,20696,19918,20426,53816,0.020279720279720248
2022-03-30,20425,20425,20154,20324,19062,-0.004993635562518306
2022-03-31,20324,20357,20222,20324,16984,0.0
2022-04-01,20188,20357,20019,20155,20326,-0.008315292265302143
2022-04-04,20155,20358,20087,20257,72955,0.005060778963036361
2022-04-05,20256,20425,19952,20020,41928,-0.011699659377005456
2022-04-06,20020,20020,18938,19716,34503,-0.015184815184815181
2022-04-07,19512,19918,19479,19851,19968,0.006847230675593341
2022-04-08,19749,19952,19479,19919,24165,0.003425520124930692
2022-04-11,19919,19952,19716,19919,9667,0.0
2022-04-12,19850,19850,19647,19783,6835,-0.006827651990561789
2022-04-13,19682,19986,19682,19885,16950,0.005155941970378608
2022-04-14,20053,20053,19614,20020,24162,0.006789036962534523
2022-04-15,20020,20053,19918,20020,32390,0.0
2022-04-18,20054,20189,19986,20088,14511,0.003396603396603304
2022-04-19,20088,20121,19986,20088,11569,0.0
2022-04-20,20189,20425,20053,20392,35213,0.015133412982875294
2022-04-21,20392,20493,20290,20460,10800,0.0033346410357002476
2022-04-22,20459,20459,20155,20426,14641,-0.0016617790811339628
2022-04-25,20256,20256,20019,20155,29917,-0.013267404288651696
2022-04-26,20155,20155,19918,20088,27801,-0.003324237161994592
2022-04-27,19986,20087,19715,20054,89918,-0.0016925527678215424
2022-04-28,20291,20291,20088,20291,14586,0.011818091153884547
2022-04-29,20391,20391,20155,20358,14880,0.003301956532452799
2022-05-02,20290,20460,20257,20460,28858,0.005010315355142847
2022-05-03,20392,20527,20324,20460,8709,0.0
2022-05-04,20459,20459,20290,20426,14817,-0.0016617790811339628
2022-05-06,20290,20324,20087,20324,16582,-0.004993635562518306
2022-05-09,20223,20324,19716,20291,31803,-0.0016236961228104363
2022-05-10,19952,20290,19648,19851,12509,-0.02168449066088418
2022-05-11,19816,19918,19512,19749,11847,-0.005138280187396149
2022-05-12,19749,19850,19445,19479,11047,-0.013671578307762444
2022-05-13,19613,19816,19309,19749,15828,0.013861081164330713
2022-05-16,19952,19952,19580,19783,7553,0.0017216061572737917
2022-05-17,19850,20019,19782,19952,18475,0.008542688166607748
2022-05-18,19986,20155,19850,20020,18269,0.003408179631114727
2022-05-19,19850,20087,19613,19783,45815,-0.011838161838161887
2022-05-20,20020,20358,19918,20257,42170,0.023959965627053492
2022-05-23,20257,20257,19614,20088,37563,-0.008342795083181143
2022-05-24,20121,20290,19985,20155,24820,0.00333532457188368
2022-05-25,20290,20290,20019,20189,19499,0.0016869263210121943
2022-05-26,20222,20459,20087,20324,30984,0.006686809648818626
2022-05-27,20459,20459,20087,20189,12664,-0.006642393229679189
2022-05-30,21474,21575,20493,20595,74384,0.020109960869780563
2022-05-31,20730,20730,20459,20561,20295,-0.0016508861374120443
2022-06-02,20527,20730,20391,20561,17122,0.0
2022-06-03,20561,20967,20459,20967,27028,0.019746121297602226
2022-06-07,20831,21169,20729,20899,27124,-0.0032431916821672457
2022-06-08,20797,20898,20662,20865,18030,-0.0016268720991434726
2022-06-09,20864,20864,20222,20493,92718,-0.017828900071890752
2022-06-10,20155,20865,20087,20764,57461,0.013224027716781439
2022-06-13,20290,20763,20189,20189,30751,-0.027692159506838787
2022-06-14,19783,20087,19682,19885,30239,-0.015057704690673135
2022-06-15,19986,19986,19547,19547,22787,-0.016997736987679146
2022-06-16,19580,19817,19411,19513,11836,-0.0017393973499769677
2022-06-17,19107,19479,18938,19310,15354,-0.010403320863014431
2022-06-20,19377,19377,17551,17957,204045,-0.07006732263076121
2022-06-21,18328,18328,17652,17957,38158,0.0
2022-06-22,18058,18159,17179,17179,34759,-0.043325722559447555
2022-06-23,17314,17381,16773,16976,32702,-0.011816753012398817
2022-06-24,16976,17483,16773,17416,15686,0.025918944392082865
2022-06-27,17551,17754,16874,17754,16322,0.019407441433164863
2022-06-28,17754,17990,17585,17957,12439,0.01143404303255613
2022-06-29,17956,17956,17618,17720,9781,-0.013198195689703152
2022-06-30,17719,17855,17212,17348,18201,-0.020993227990970698
2022-07-01,17112,17416,17078,17112,26188,-0.013603873645376963
2022-07-04,17280,17280,16773,16807,19690,-0.01782374941561482
2022-07-05,16840,17246,16705,17179,24019,0.022133634795025836
2022-07-06,17179,17179,16638,16841,62899,-0.01967518481867392
2022-07-07,17213,17213,16401,16706,38564,-0.008016151059913268
2022-07-08,16739,17010,16638,16909,13463,0.012151322878007909
2022-07-11,16909,16976,16706,16909,17557,0.0
2022-07-12,16908,16908,16469,16537,21872,-0.02200011828020576
2022-07-13,16739,16739,16334,16537,13894,0.0
2022-07-14,16908,18498,16773,17957,143614,0.08586805345588688
2022-07-15,18193,18295,17382,17585,121271,-0.020716155259787317
2022-07-18,17855,17923,17450,17653,28962,0.003866932044356064
2022-07-19,17585,18025,17483,18025,18024,0.021072905455163493
2022-07-20,18092,18328,17787,17957,25642,-0.003772538141470161
2022-07-21,17956,17956,17686,17923,11641,-0.0018934120398730325
2022-07-22,17922,17922,17720,17720,12876,-0.011326228867935106
2022-07-25,17686,18125,17686,17889,21449,0.00953724604966144
2022-07-26,17822,17991,17788,17856,10408,-0.0018447090390742993
2022-07-27,17923,18025,17855,18025,8791,0.009464605734766929
2022-07-28,18193,18328,18058,18126,20818,0.005603328710124922
2022-07-29,18329,18566,18160,18566,21579,0.024274522784949903
2022-08-01,18565,18734,18261,18464,14707,-0.0054939136055154325
2022-08-02,18497,18497,17652,18261,17527,-0.010994367417677675
2022-08-03,18227,18261,18058,18194,15939,-0.0036690214117518494
2022-08-04,18227,18227,18092,18092,10296,-0.005606243816642875
2022-08-05,18092,18734,18092,18532,21219,0.024320141499005077
2022-08-08,18532,18870,18396,18735,15124,0.010954025469458228
2022-08-09,18870,19005,18667,18870,17836,0.007205764611689425
2022-08-10,19005,19005,18599,18904,19785,0.0018018018018017834
2022-08-11,18904,19175,18870,19175,16029,0.014335590351248317
2022-08-12,19174,19275,19005,19039,11090,-0.007092568448500702
2022-08-16,19039,19208,18802,18870,23658,-0.008876516623772202
2022-08-17,18735,18972,18532,18600,26074,-0.014308426073131986
2022-08-18,18498,18735,18329,18735,31037,0.007258064516129092
2022-08-19,18971,18971,18734,18870,18123,0.007205764611689425
2022-08-22,18666,19038,18666,18836,16037,-0.0018018018018017834
2022-08-23,18565,18870,18565,18735,12111,-0.005362072626884706
2022-08-24,18700,18903,18700,18870,12429,0.007205764611689425
2022-08-25,18869,19275,18869,19208,24918,0.017912029676735663
2022-08-26,19208,19410,19140,19208,18800,0.0
2022-08-29,18938,19107,18870,18972,16051,-0.012286547271969983
2022-08-30,18937,19681,18937,19276,27133,0.016023613746573906
2022-08-31,19174,19647,18971,19580,27872,0.01577090682714255
2022-09-01,19546,19782,19140,19208,21131,-0.018998978549540357
2022-09-02,19208,19478,19005,19073,18269,-0.007028321532694726
2022-09-05,19141,20223,19141,19547,71801,0.024851884863419604
2022-09-06,19648,19918,19512,19648,28095,0.005167033304343427
2022-09-07,19647,19985,19546,19749,56748,0.005140472312703537
2022-09-08,19647,19681,18836,19208,73992,-0.027393792090738778
2022-09-13,19242,19377,19005,19344,20885,0.007080383173677651
2022-09-14,18971,19275,18666,19005,17889,-0.017524813895781644
2022-09-15,19005,19175,19005,19175,6329,0.008945014469876389
2022-09-16,19073,19140,18735,18735,20005,-0.02294654498044324
2022-09-19,18870,18870,18227,18329,21627,-0.02167066986922872
2022-09-20,18396,18667,18328,18667,7275,0.018440722352556005
2022-09-21,18464,18802,18464,18701,4963,0.001821396046499224
2022-09-22,18667,19107,18498,19107,17972,0.021710068980268504
2022-09-23,19140,19377,18937,19073,16718,-0.0017794525566546815
2022-09-26,19106,19106,17991,17991,25391,-0.05672940806375504
2022-09-27,17652,17990,17449,17585,24047,-0.02256683897504308
2022-09-28,17686,17719,16773,16773,21854,-0.046175717941427386
2022-09-29,17044,17179,16401,16706,16040,-0.003994514994336118
2022-09-30,16705,16806,16265,16604,18609,-0.006105590805698502
2022-10-04,16740,17551,16740,17484,35856,0.05299927728258247
2022-10-05,18160,18194,17517,18025,25483,0.0309425760695492
2022-10-06,18025,18126,17686,18025,19647,0.0
2022-10-07,18025,18025,17653,17856,6287,-0.009375866851594972
2022-10-11,17652,18092,17382,17585,13758,-0.015176971326164912
2022-10-12,17855,17889,17246,17720,4760,0.007676997441000921
2022-10-13,17618,17720,17314,17382,5075,-0.01907449209932277
2022-10-14,17922,17922,17449,17720,10307,0.0194454032907605
2022-10-17,17449,17720,17348,17619,14489,-0.005699774266365698
2022-10-18,17720,17923,17585,17788,4985,0.009591917815994
2022-10-19,17787,17855,17551,17551,30022,-0.013323588936361541
2022-10-20,17686,17719,17483,17517,3953,-0.0019372115548971225
2022-10-21,17584,17584,17314,17517,11507,0.0
2022-10-24,17517,17754,17517,17585,5399,0.0038819432551235877
2022-10-25,17517,17754,17213,17247,35158,-0.019220926926357684
2022-10-26,17247,17585,17111,17281,6211,0.001971357337507973
2022-10-27,17178,17517,17178,17348,6075,0.0038770904461546962
2022-10-28,17179,17517,17179,17281,15290,-0.003862116670509619
2022-10-31,17449,17449,17044,17247,11081,-0.0019674787338695987
2022-11-01,17348,17618,17314,17416,4963,0.009798805589377846
2022-11-02,17315,17517,17213,17315,14004,-0.0057992650436380355
2022-11-03,17179,17483,17009,17179,14700,-0.007854461449610217
2022-11-04,17077,17382,17077,17247,13859,0.003958321206123827
2022-11-07,17449,17517,17246,17382,14529,0.007827448251869873
2022-11-08,17517,17517,17382,17450,5046,0.003912092969738712
2022-11-09,17449,17720,17415,17585,13968,0.007736389684813716
2022-11-10,17314,17754,17314,17585,9518,0.0
2022-11-11,17923,18329,17822,18194,36752,0.03463178845607051
2022-11-14,18430,18734,18261,18532,26225,0.018577553039463623
2022-11-15,18531,18633,18362,18464,24105,-0.003669328728685528
2022-11-16,18328,18700,18328,18633,8893,0.009152946273830231
2022-11-17,18633,18633,18362,18498,9256,-0.007245210111093248
2022-11-18,18497,18531,18328,18464,3410,-0.0018380365444913283
2022-11-21,18599,18599,18193,18464,20085,0.0
2022-11-22,18464,18498,18362,18498,10090,0.0018414211438475547
2022-11-23,18464,18599,18464,18498,10587,0.0
2022-11-24,18531,18734,18430,18498,8337,0.0
2022-11-25,18497,18667,18396,18667,5702,0.009136122824089155
2022-11-28,18836,18836,18430,18667,10142,0.0
2022-11-29,18497,18734,18396,18667,11807,0.0
2022-11-30,18667,18802,18464,18769,13029,0.00546418813949745
2022-12-01,18904,18904,18769,18769,9046,0.0
2022-12-02,18869,18869,18599,18836,6038,0.003569716021098568
2022-12-05,18870,19377,18802,19107,27168,0.014387343385007467
2022-12-06,19208,19208,18532,18532,11814,-0.03009368294342385
2022-12-07,18531,18903,18497,18667,11542,0.0072846967407727
2022-12-08,18667,18769,18600,18600,7739,-0.003589221621042471
2022-12-09,18599,18869,18498,18498,47624,-0.005483870967741944
2022-12-12,18498,18735,18498,18735,9496,0.012812195913071589
2022-12-13,18768,18937,18701,18904,9827,0.00902054977315192
2022-12-14,18903,19039,18903,19039,15846,0.007141345746931815
2022-12-15,19039,19411,18870,19242,16276,0.010662324701927517
2022-12-16,18870,19580,18802,19445,28138,0.010549838894085894
2022-12-19,19546,19647,19174,19411,17984,-0.0017485214708151675
2022-12-20,19512,19614,19343,19479,54059,0.003503168306630222
2022-12-21,19411,19715,19377,19614,21664,0.0069305405821653565
2022-12-22,19749,19749,19546,19614,13375,0.0
2022-12-23,19512,19681,19208,19580,34701,-0.0017334556949117896
2022-12-26,19479,19614,19276,19479,48151,-0.005158324821246119
2022-12-27,19478,19816,19478,19749,78612,0.013861081164330713
2022-12-28,19208,19648,18971,19513,62588,-0.011949972150488652
2022-12-29,19343,19546,18701,19141,42487,-0.01906421360118893
2023-01-02,19140,19241,18396,18633,35850,-0.02653988819810882
2023-01-03,18566,18566,17991,18228,33271,-0.021735630333279632
2023-01-04,18227,18227,17787,17923,26605,-0.016732499451393434
2023-01-05,17922,18024,17821,17889,17497,-0.0018970038498019592
2023-01-06,18126,18193,17787,17957,10719,0.00380121862597127
2023-01-09,18193,18666,17990,18633,20765,0.03764548643982857
2023-01-10,18666,18869,18463,18633,6908,0.0
2023-01-11,18802,18870,18566,18769,11844,0.007298878334138337
2023-01-12,18802,19072,18768,18870,9922,0.005381213703447241
2023-01-13,18836,19208,18836,19208,17988,0.017912029676735663
2023-01-16,19242,19513,19073,19344,14168,0.007080383173677651
2023-01-17,19343,19478,19140,19276,10671,-0.003515301902398682
2023-01-18,19343,19410,18937,19039,29608,-0.012295081967213073
2023-01-19,18971,19410,18971,19377,28580,0.017753033247544403
2023-01-20,19377,19512,19106,19377,11901,0.0
2023-01-25,19681,19816,19512,19783,30131,0.020952675852815128
2023-01-26,19885,19919,19547,19547,10535,-0.011929434362836777
2023-01-27,19580,19648,19512,19648,11752,0.005167033304343427
2023-01-30,19682,19783,19547,19547,16242,-0.005140472312703537
2023-01-31,19547,19648,19445,19547,8375,0.0
2023-02-01,19614,19648,19411,19547,11206,0.0
2023-02-02,19580,19749,19411,19479,7052,-0.0034787946999539354
2023-02-03,19478,19478,19174,19208,9443,-0.013912418501976442
2023-02-06,19174,19208,18971,19107,8848,-0.005258225739275257
2023-02-07,19140,19715,19140,19411,16884,0.01591039933008842
2023-02-08,19613,20290,19512,19749,45762,0.017412807171191647
2023-02-09,20223,20257,19310,19344,62541,-0.02050736746164361
2023-02-10,19343,19580,19106,19580,16655,0.012200165425971798
2023-02-13,19546,19749,19411,19614,10068,0.001736465781409624
2023-02-14,19512,19918,19512,19851,24248,0.012083205873355762
2023-02-15,19952,19952,19411,19411,12484,-0.022165130220139995
2023-02-16,19445,19817,19445,19648,22212,0.012209571892226156
2023-02-17,19478,19884,19444,19783,18927,0.006870928338762239
2023-02-20,19783,19851,19648,19682,14483,-0.005105393519688639
2023-02-21,19783,20290,19783,20189,51299,0.025759577278731793
2023-02-22,20189,20459,20054,20426,36248,0.011739065827926165
2023-02-23,20560,20594,20256,20324,15155,-0.004993635562518306
2023-02-24,20358,20358,19850,20020,11706,-0.014957685494981332
2023-02-27,19885,20088,19716,19919,11875,-0.005044955044955057
2023-02-28,20290,20391,19952,19986,8485,0.0033636226718207762
2023-03-02,20290,20662,20222,20561,48662,0.028770139097368252
2023-03-03,20493,21508,20222,21508,65192,0.04605807110549098
2023-03-06,21575,23537,21474,22252,183079,0.0345917798028641
2023-03-07,22319,26952,22286,25634,672713,0.15198633830666908
2023-03-08,24754,26580,24078,25837,342473,0.007919169852539598
2023-03-09,25295,26039,24821,24957,107663,-0.034059681851608126
2023-03-10,24348,24889,24078,24078,80465,-0.03522057939656209
2023-03-13,23807,26377,22860,24585,672388,0.021056566159979972
2023-03-14,25024,25329,23739,24247,195679,-0.013748220459629867
2023-03-15,24990,26140,24348,25532,202648,0.05299624695838667
2023-03-16,25329,26209,24890,25668,125893,0.005326648911170295
2023-03-17,25363,25532,24112,24721,186431,-0.03689418731494465
2023-03-20,24382,24788,23706,24315,97146,-0.016423283847740833
2023-03-21,24281,26682,24213,26040,199091,0.07094386181369527
2023-03-22,26445,26885,25464,26006,137110,-0.0013056835637480502
2023-03-23,26005,26783,25464,25701,179119,-0.011728062754748914
2023-03-24,25836,25870,24247,24518,167170,-0.046029337379868474
2023-03-27,24687,24755,23537,24011,132963,-0.02067868504772008
2023-03-28,24077,24382,23841,24247,70142,0.009828828453625427
2023-03-29,24281,24314,23232,23943,116705,-0.012537633521672809
2023-03-30,23874,24111,23435,24044,44248,0.004218351919141217
2023-03-31,23875,24314,23638,23740,59954,-0.012643486940608906
2023-04-03,23874,24754,23502,24416,76594,0.02847514743049695
2023-04-04,24416,24551,23807,24315,59476,-0.0041366317169069244
2023-04-05,24349,24551,24010,24349,50165,0.0013983137980670968
2023-04-06,24551,24754,23706,23774,95347,-0.023614932851451775
2023-04-07,23773,24043,23570,23841,31190,0.002818204761504184
2023-04-10,23875,24484,23672,23943,84153,0.004278344029193359
2023-04-11,24077,25024,24077,24957,90502,0.04235058263375513
2023-04-12,24889,25565,24754,25194,84332,0.00949633369395353
2023-04-13,25194,25566,24619,25499,60748,0.012106056997697845
2023-04-14,25701,25904,25464,25634,51871,0.005294325267657607
2023-04-17,25701,29591,25634,29219,479418,0.1398533198096279
2023-04-18,29218,29691,28136,28204,195019,-0.034737670693726685
2023-04-19,28474,30774,28271,29557,361619,0.047971918876755115
2023-04-20,30368,30503,28406,28948,227030,-0.02060425618296846
2023-04-21,29353,29353,27561,28305,153474,-0.02221224264197874
2023-04-24,28237,28812,27054,28407,135787,0.003603603603603567
2023-04-25,28474,28643,25566,25769,224482,-0.09286443482240292
2023-04-26,25701,25701,24585,25127,100862,-0.024913655943187507
2023-04-27,25058,25498,24280,25329,78250,0.008039161061806022
2023-04-28,25396,25667,24754,25160,61411,-0.006672193927908743
2023-05-02,25430,26749,25160,26107,86158,0.03763910969793316
2023-05-03,26107,26479,25261,25397,38493,-0.027195771249090228
2023-05-04,25397,25633,24686,25228,48637,-0.006654329251486346
2023-05-08,25938,26040,25465,25668,32825,0.01744093863960683
2023-05-09,25735,25735,24585,24890,61892,-0.03031011376032411
2023-05-10,24720,24889,24484,24687,30918,-0.00815588589795102
2023-05-11,24687,25025,24349,24383,27964,-0.01231417345161423
2023-05-12,24382,24618,23672,24044,33085,-0.013903129229381084
2023-05-15,24010,24010,23402,23605,20684,-0.018258193312260862
2023-05-16,23639,23875,23233,23267,43678,-0.014319000211819533
2023-05-17,23064,23436,23064,23267,20647,0.0
2023-05-18,23299,24043,23198,23841,31901,0.024670133665706695
2023-05-19,24043,24111,23198,23469,75018,-0.015603372341764232
2023-05-22,23402,23807,22996,23774,103930,0.012995866888235508
2023-05-23,23739,24618,23705,24585,61144,0.034112896441490737
2023-05-24,24314,24450,23942,24450,32593,-0.005491153142159866
2023-05-25,24450,24450,23672,23808,46956,-0.026257668711656468
2023-05-26,23807,23875,23266,23402,68971,-0.017053091397849496
2023-05-30,23300,23435,23063,23334,26111,-0.002905734552602346
2023-05-31,23402,23605,23233,23267,16458,-0.002871346532956176
2023-06-01,23131,23469,23131,23402,16470,0.005802209137404812
2023-06-02,23435,24010,23333,23875,22600,0.020211947696778143
2023-06-05,24145,24652,23706,23909,53742,0.001424083769633544
2023-06-07,24078,24078,23672,23808,24060,-0.004224350662930254
2023-06-08,23841,24314,23638,24281,45906,0.01986727150537626
2023-06-09,24280,24280,23807,24213,47842,-0.0028005436349408663
2023-06-12,24247,24382,23739,24281,67890,0.0028084087060669116
2023-06-13,24145,24652,23942,24585,63395,0.012520077426794618
2023-06-14,24585,25227,24280,24822,55335,0.009640024405125125
2023-06-15,24822,25025,24382,24755,29377,-0.0026992184352589987
2023-06-16,25296,25296,24754,24924,16992,0.006826903655827055
2023-06-19,24923,25566,24822,25465,38678,0.021705986198041982
2023-06-20,25465,25667,25093,25465,30468,0.0
2023-06-21,25430,25430,24517,24822,24721,-0.025250343608874903
2023-06-22,24890,25329,24484,25093,27983,0.010917734267988033
2023-06-23,25262,25363,24788,24924,15132,-0.0067349460008767625
2023-06-26,24923,24991,24518,24721,18130,-0.00814476007061471
2023-06-27,24720,25261,24517,25228,28610,0.020508879090651577
2023-06-28,25362,25430,24821,24957,10645,-0.010742032662121481
2023-06-29,24957,24957,24484,24552,18157,-0.01622791200865492
2023-06-30,24552,24653,24349,24552,10279,0.0
2023-07-03,24551,24991,24382,24687,22059,0.005498533724340282
2023-07-04,24686,24686,23908,24213,38718,-0.019200388868635287
2023-07-05,24179,24348,23672,24247,27548,0.0014042043530335668
2023-07-06,24382,24416,23773,23943,29856,-0.012537633521672809
2023-07-07,23942,24112,23435,24112,48940,0.007058430438959151
2023-07-10,24315,25295,24146,25093,42296,0.04068513603185142
2023-07-11,25532,25668,25093,25668,40758,0.0229147571035746
2023-07-12,25701,26681,25701,25938,68873,0.01051893408134652
2023-07-13,26039,26174,25464,25566,29296,-0.014341892204487672
2023-07-14,25870,26242,25667,26006,35671,0.0172103575060627
2023-07-17,26005,26005,24788,25431,51726,-0.022110282242559398
2023-07-18,25397,25769,25126,25228,28994,-0.007982383704927098
2023-07-19,25228,25837,25025,25127,32712,-0.004003488187727888
2023-07-20,25262,25769,24687,25668,31116,0.02153062442790632
2023-07-21,25667,25903,25362,25701,22137,0.0012856474988311994
2023-07-24,25397,25768,24483,25397,58301,-0.011828333527878265
2023-07-25,25870,28338,25498,27933,313042,0.09985431350159457
2023-07-26,28542,30098,26378,26784,316873,-0.04113414241220059
2023-07-27,27020,27020,25498,25938,92227,-0.03158602150537637
2023-07-28,25802,25904,24687,25059,108500,-0.033888503354152166
2023-07-31,24619,25126,24484,24890,66614,-0.00674408396185
2023-08-01,24653,24721,24247,24552,53101,-0.01357975090397745
2023-08-02,24585,25093,24450,24552,84102,0.0
2023-08-03,24518,24552,23638,24180,49990,-0.015151515151515138
2023-08-04,24179,24281,23807,23943,22768,-0.009801488833746874
2023-08-07,23942,24010,23300,23537,34809,-0.016956939397736237
2023-08-08,23537,24247,23537,23977,27422,0.01869397119428995
2023-08-09,23976,23976,23402,23605,36506,-0.01551486841556493
2023-08-10,23401,23740,22996,23199,54810,-0.01719974581656425
2023-08-11,23233,23571,23199,23436,15911,0.010215957584378543
2023-08-14,23436,23436,23030,23064,35907,-0.015873015873015928
2023-08-16,22995,23063,22488,22725,32225,-0.014698231009365292
2023-08-17,22691,23435,22488,23334,21526,0.026798679867986896
2023-08-18,23131,23605,22928,23267,18377,-0.002871346532956176
2023-08-21,23266,23638,23165,23368,14503,0.004340912021317811
2023-08-22,23232,23604,23232,23537,6916,0.007232112290311621
2023-08-23,23571,23774,23334,23436,13916,-0.004291116115052951
2023-08-24,23232,23368,23063,23199,19471,-0.0101126472094214
2023-08-25,22861,23165,22861,23064,22529,-0.005819216345532174
2023-08-28,23165,23942,23165,23571,19829,0.02198231009365248
2023-08-29,23672,23977,23672,23808,14613,0.01005472826778675
2023-08-30,23908,24077,23706,23706,16397,-0.004284274193548376
2023-08-31,23705,24213,23638,23875,28373,0.007128996878427385
2023-09-01,23943,24010,23740,23943,22384,0.002848167539267088
2023-09-04,23740,25499,23706,24383,71186,0.018376978657645315
2023-09-05,24585,24585,23435,23672,53701,-0.02915966041914453
2023-09-06,23672,23807,23435,23672,26513,0.0
2023-09-07,23672,23672,22860,22962,46906,-0.02999324095978373
2023-09-08,22928,23097,22691,22962,30248,0.0
2023-09-11,22995,23334,22995,23334,16247,0.01620067938332892
2023-09-12,23401,23401,23063,23131,9605,-0.008699751435673253
2023-09-13,23131,23334,23030,23267,16640,0.005879555574769713
2023-09-14,23333,23672,23130,23672,24850,0.01740662741221466
2023-09-15,23739,23874,23367,23469,22242,-0.008575532274416986
2023-09-18,23604,23604,23199,23233,19516,-0.010055818313519982
2023-09-19,23198,23198,22657,22725,56342,-0.021865450006456344
2023-09-20,22488,22758,22454,22725,22557,0.0
2023-09-21,22657,22691,22420,22556,17117,-0.007436743674367419
2023-09-22,22218,22523,22015,22523,12065,-0.0014630253591062514
2023-09-25,22522,22522,22251,22353,10217,-0.007547839985792337
2023-09-26,22353,22353,21812,21812,31933,-0.024202567887979254
2023-09-27,21745,21779,21271,21779,30305,-0.001512928663121249
2023-10-04,21778,21778,21067,21237,52261,-0.02488635841866016
2023-10-05,21135,21575,21135,21136,8159,-0.004755850638037407
2023-10-06,20764,21372,20764,20967,11146,-0.007995836487509456
2023-10-10,21643,22184,21305,21373,36029,0.019363762102351245
2023-10-11,21034,21812,21034,21474,15904,0.004725588359144606
2023-10-12,21507,21845,21507,21643,10367,0.0078699823041819
2023-10-13,21643,21913,21473,21643,8323,0.0
2023-10-16,21779,22590,21407,21407,35165,-0.010904218454003578
2023-10-17,21440,21711,21440,21576,9481,0.00789461391133739
2023-10-18,21575,21845,21507,21643,7390,0.0031053021876159548
2023-10-19,21643,21643,21035,21035,14898,-0.028092223813704242
2023-10-20,20831,21034,20391,20730,19912,-0.014499643451390543
2023-10-23,20730,21609,20730,21474,26770,0.035890014471779974
2023-10-24,21642,21642,20899,21271,17945,-0.009453292353543863
2023-10-25,21608,21608,21135,21237,9494,-0.00159842038456115
2023-10-26,21068,21170,20629,21001,20559,-0.011112680698780464
2023-10-27,21000,21440,20966,21102,11196,0.004809294795485863
2023-10-30,21101,21812,20966,21812,12395,0.03364609989574441
2023-10-31,22285,22860,21643,21677,48433,-0.006189253621859514
2023-11-01,21981,22556,21947,22455,31367,0.035890575264104774
2023-11-02,22556,23097,22556,22895,24162,0.019594745045646844
2023-11-03,22895,23267,22624,23267,27493,0.016248089102424146
2023-11-06,23367,23469,22961,23469,35949,0.0086818240426354
2023-11-07,23469,23503,22928,23402,25435,-0.0028548297754484864
2023-11-08,23503,23503,23063,23199,21392,-0.008674472267327538
2023-11-09,22961,23367,22928,23300,24931,0.004353635932583311
2023-11-10,23300,23334,22962,22996,10946,-0.013047210300429213
2023-11-13,22962,23131,22691,22996,15825,0.0
2023-11-14,22792,23266,22792,22928,13199,-0.0029570360062619594
2023-11-15,22928,23402,22928,23064,20216,0.005931612002791242
2023-11-16,23198,23300,22928,23300,20831,0.010232396808879551
2023-11-17,22996,23233,22590,22692,16763,-0.026094420600858315
2023-11-20,22725,23165,22624,23030,12445,0.014895117221928489
2023-11-21,23029,23604,23029,23300,22186,0.011723838471558778
2023-11-22,23131,23571,23029,23571,12358,0.01163090128755373
2023-11-23,23402,23672,23368,23402,12434,-0.00716982733019389
2023-11-24,23401,23908,23333,23875,26745,0.020211947696778143
2023-11-27,23808,23841,23368,23436,15668,-0.018387434554973825
2023-11-28,23334,23672,23334,23571,15507,0.005760368663594528
2023-11-29,23367,23739,23367,23503,14212,-0.0028849009375927492
2023-11-30,23503,24213,23503,24146,31611,0.027358209590265137
2023-12-01,24145,24686,24044,24416,31728,0.01118197631077611
2023-12-04,24484,24754,24416,24552,20026,0.005570117955439047
2023-12-05,24890,25363,24552,25127,54677,0.023419680677745136
2023-12-06,25025,25160,24687,24890,17882,-0.009432085008158508
2023-12-07,24822,24889,24450,24687,21528,-0.00815588589795102
2023-12-08,24686,24720,24213,24450,19193,-0.0096001944343177
2023-12-11,24450,24822,24416,24653,14557,0.008302658486707637
2023-12-12,24585,24821,24449,24585,11331,-0.002758284995740934
2023-12-13,24585,24991,24518,24552,14526,-0.0013422818791946067
2023-12-14,24551,24956,24551,24585,11708,0.0013440860215054862
2023-12-15,24349,24890,24315,24383,21133,-0.008216392109009596
2023-12-18,24281,24687,24247,24349,12104,-0.0013944141409998334
2023-12-19,24247,24585,24247,24552,20419,0.008337098032773493
2023-12-20,24382,25092,24382,25025,39805,0.01926523297491034
2023-12-21,24991,25160,24720,25025,31141,0.0
2023-12-22,25024,25362,24754,25160,26844,0.005394605394605456
2023-12-26,25160,25498,25024,25363,47830,0.008068362480127211
2023-12-27,24010,25362,24010,24585,27131,-0.03067460473918704
2023-12-28,24585,25227,24449,24991,19524,0.016514134634940003
2024-01-02,24957,25025,24484,24755,19634,-0.009443399623864646
2024-01-03,24585,25160,24585,24687,17233,-0.002746919814178961
2024-01-04,24754,25261,24720,24856,32602,0.006845708267509298
2024-01-05,24855,25430,24686,25025,25271,0.0067991631799162455
2024-01-08,24923,25431,24890,25093,17614,0.0027172827172827763
2024-01-09,25093,25397,25059,25127,12843,0.0013549595504722678
2024-01-10,25126,25295,24890,25093,11575,-0.00135312611931393
2024-01-11,25058,25363,24348,24450,17518,-0.025624676204519137
2024-01-12,24483,24957,24247,24619,17694,0.006912065439672821
2024-01-15,24619,24991,24619,24653,15121,0.0013810471586985784
2024-01-16,24653,25160,24247,24518,13835,-0.005476006976838477
2024-01-17,24517,24517,23875,23909,12536,-0.0248388938738886
2024-01-18,23706,24078,23537,23605,9907,-0.01271487724287923
2024-01-19,23672,24010,23605,23808,11719,0.008599872908282125
2024-01-22,23773,23807,23300,23537,5931,-0.011382728494623628
2024-01-23,23536,23536,23232,23503,7856,-0.001444534137740594
2024-01-24,23537,23976,23334,23571,13430,0.002893247670510135
2024-01-25,23605,24078,23537,23808,14440,0.01005472826778675
2024-01-26,23739,24145,23739,23841,6839,0.001386088709677491
2024-01-29,23943,24484,23841,24383,12382,0.0227339457237532
2024-01-30,24653,25228,24416,24687,25217,0.012467702907763556
2024-01-31,24687,25194,24348,24518,30816,-0.006845708267509187
2024-02-01,24518,25938,24112,25871,77744,0.05518394648829439
2024-02-02,26039,26377,25295,25972,74669,0.0039039851571256445
2024-02-05,25972,26208,25228,26006,39027,0.0013091021099644884
2024-02-06,25802,25971,25430,25904,24374,-0.003922171806506225
2024-02-07,25938,26377,25566,26141,46125,0.009149166151945609
2024-02-08,26581,26581,25397,25499,27412,-0.02455912168623997
2024-02-13,25498,26073,25498,25634,24807,0.005294325267657607
2024-02-14,25363,27054,25363,26006,42590,0.014511976281501138
2024-02-15,27561,27730,26006,26006,131551,0.0
2024-02-16,26445,27290,26242,26919,79168,0.03510728293470744
2024-02-19,27528,29050,27223,29050,138618,0.07916341617444922
2024-02-20,29049,29049,28000,28136,79805,-0.031462994836488845
2024-02-21,28169,28880,28136,28711,80040,0.020436451521182786
2024-02-22,28880,29421,28542,29354,135520,0.022395597506182252
2024-02-23,29387,29522,29083,29286,59818,-0.0023165497036179428
2024-02-26,29286,29455,28407,29016,76770,-0.009219422249538978
2024-02-27,29218,29590,28880,28880,49467,-0.00468706920319828
2024-02-28,28880,29658,28880,29489,100800,0.02108725761772856
2024-02-29,29557,29591,28948,29050,79168,-0.01488690698226458
2024-03-04,28350,29450,27950,29250,53630,0.0068846815834766595
2024-03-05,29250,31400,29000,31200,119707,0.06666666666666665
2024-03-06,31100,31150,29900,30200,61114,-0.03205128205128205
2024-03-07,30450,32500,30100,30350,142381,0.004966887417218624
2024-03-08,30400,31700,30400,31350,62261,0.03294892915980241
2024-03-11,31650,31900,30700,30750,37163,-0.019138755980861233
2024-03-12,30550,30650,29950,30550,60218,-0.006504065040650375
2024-03-13,30200,30500,29850,29950,29296,-0.019639934533551506
2024-03-14,30350,31100,30000,30250,25514,0.01001669449081799
2024-03-15,30650,30650,29950,30100,12381,-0.0049586776859503745
2024-03-18,30150,31550,30050,30450,54895,0.011627906976744207
2024-03-19,30800,30900,30350,30650,11198,0.006568144499178974
2024-03-20,30300,30400,29700,30050,27049,-0.019575856443719397
2024-03-21,30150,30250,29900,30150,30407,0.0033277870216306127
2024-03-22,29400,29900,29250,29850,63163,-0.00995024875621886
2024-03-25,29800,30300,29750,29900,35594,0.0016750418760469454
2024-03-26,29900,30250,29800,30100,43504,0.006688963210702337
2024-03-27,30200,30350,29700,30000,43627,-0.0033222591362126463
2024-03-28,30300,30300,29200,29200,46779,-0.026666666666666616
2024-03-29,29600,29600,28850,29200,40414,0.0
2024-04-01,29250,29350,28750,28800,31866,-0.013698630136986356
2024-04-02,28800,28800,28400,28550,63672,-0.00868055555555558
2024-04-03,28500,28800,28150,28400,43075,-0.005253940455341555
2024-04-04,28450,29350,28450,29300,37451,0.03169014084507049
2024-04-05,29000,29900,28800,28950,40717,-0.011945392491467532
2024-04-08,29400,29500,28900,29250,27202,0.010362694300518172
2024-04-09,29250,30200,29150,30000,54953,0.02564102564102555
2024-04-11,29650,32100,29500,31600,111822,0.05333333333333323
2024-04-12,31650,33050,31200,31700,102177,0.0031645569620253333
2024-04-15,32100,32300,30350,30500,64085,-0.03785488958990535
2024-04-16,30400,30600,29100,29500,48111,-0.032786885245901676
2024-04-17,29700,29850,29150,29350,24451,-0.005084745762711895
2024-04-18,29350,29600,29150,29350,18686,0.0
2024-04-19,29450,29800,28850,29150,27891,-0.006814310051107331
2024-04-22,29500,29650,28700,29050,22211,-0.0034305317324184736
2024-04-23,29100,29600,29050,29450,18659,0.013769363166953541
2024-04-24,29350,29500,29100,29350,24145,-0.00339558573853993
2024-04-25,29300,29450,29150,29450,9453,0.0034071550255536653
2024-04-26,29550,30550,29250,30400,35083,0.032258064516129004
2024-04-29,30800,31700,30350,31500,55487,0.03618421052631571
2024-04-30,31550,32050,30400,30550,52556,-0.030158730158730163
2024-05-02,30900,33450,30900,32250,206734,0.0556464811783961
2024-05-03,32000,32350,31450,31950,48757,-0.009302325581395321
2024-05-07,32000,32700,31400,32600,75320,0.020344287949921824
2024-05-08,32400,32850,31600,31850,35984,-0.02300613496932513
2024-05-09,31900,31900,31050,31150,24529,-0.02197802197802201
2024-05-10,31150,31300,30700,31050,48333,-0.0032102728731941976
2024-05-13,31200,34000,31200,32500,182020,0.04669887278582929
2024-05-14,33250,33300,32250,32650,69024,0.004615384615384688
2024-05-16,33150,33150,31800,32800,45654,0.004594180704440953
2024-05-17,32800,32950,31100,31250,65834,-0.047256097560975596
2024-05-20,31800,32500,31550,31900,40801,0.02079999999999993
2024-05-21,32100,32100,31000,31150,37302,-0.023510971786833812
2024-05-22,31200,31400,30500,30550,28430,-0.019261637239165297
2024-05-23,30000,30050,29150,29600,81521,-0.03109656301145658
2024-05-24,29300,29600,29150,29550,40392,-0.0016891891891891442
2024-05-27,29550,29700,29350,29400,28105,-0.005076142131979711
2024-05-28,29500,29650,29250,29400,32464,0.0
2024-05-29,29600,29650,29200,29300,27239,-0.003401360544217691
2024-05-30,29450,29450,28400,28550,44084,-0.025597269624573427
2024-05-31,28200,28600,28200,28550,16014,0.0
2024-06-03,28550,28750,28300,28500,15559,-0.0017513134851138146
2024-06-04,28400,28700,28150,28150,24056,-0.012280701754386003
2024-06-05,28150,28400,28050,28150,17286,0.0
2024-06-07,28350,28500,28050,28200,9362,0.001776198934280604
2024-06-10,28200,28200,27750,28000,21717,-0.007092198581560294
2024-06-11,28100,28100,27600,27700,32879,-0.010714285714285676
2024-06-12,27700,27950,27650,27950,35975,0.00902527075812265
2024-06-13,27750,28100,27750,27800,20807,-0.00536672629695889
2024-06-14,27950,28100,27650,28100,45573,0.010791366906474753
2024-06-17,28200,28250,27800,27950,23689,-0.005338078291814985
2024-06-18,28100,28200,27800,27850,31059,-0.003577817531305927
2024-06-19,28050,28100,27600,27950,29973,0.0035906642728904536
2024-06-20,28200,28700,27950,28250,25147,0.01073345259391778
2024-06-21,28800,29500,28150,28350,92675,0.003539823008849474
2024-06-24,28350,28850,28050,28100,42522,-0.00881834215167554
2024-06-25,28100,28200,27700,27950,21118,-0.005338078291814985
2024-06-26,27700,27950,27400,27600,42246,-0.012522361359570633
2024-06-27,27600,27650,27200,27300,13110,-0.010869565217391353
2024-06-28,27400,27500,26950,27350,45452,0.001831501831501825
2024-07-01,27300,28250,27300,27950,28056,0.021937842778793515
2024-07-02,28300,28300,27350,27450,29133,-0.017889087656529523
2024-07-03,27550,27750,27400,27450,7148,0.0
2024-07-04,27550,28550,27500,28250,43537,0.02914389799635697
2024-07-05,28250,28750,28250,28500,32041,0.008849557522123908
2024-07-08,28500,28950,28500,28800,39548,0.010526315789473717
2024-07-09,29050,29050,28500,28950,13425,0.005208333333333259
2024-07-10,29100,29150,28500,28600,21073,-0.012089810017271163
2024-07-11,28600,28900,28300,28750,35408,0.005244755244755206
2024-07-12,28800,28800,28450,28500,42191,-0.008695652173912993
2024-07-15,28550,29100,28400,28600,38720,0.0035087719298245723
2024-07-16,28650,29100,28500,28700,28959,0.0034965034965035446
2024-07-17,28900,28900,27900,27900,47417,-0.027874564459930307
2024-07-18,27900,27950,26750,27100,73600,-0.028673835125448077
2024-07-19,27050,27500,26200,27500,63177,0.014760147601476037
2024-07-22,27500,27500,26550,26650,33378,-0.030909090909090886
2024-07-23,26900,27050,26400,26600,16777,-0.0018761726078799779
2024-07-24,26500,26800,26350,26600,13325,0.0
2024-07-25,26400,26450,24750,26250,20993,-0.013157894736842146
2024-07-26,26350,28200,26150,26600,59152,0.01333333333333342
2024-07-29,26800,26950,26550,26650,13969,0.001879699248120259
2024-07-30,26750,26800,26400,26500,8059,-0.0056285178236398226
2024-07-31,26350,27100,26350,27100,7201,0.02264150943396226
2024-08-01,27300,27500,26900,26950,16126,-0.005535055350553542
2024-08-02,26450,26800,25900,26050,46856,-0.033395176252319136
2024-08-05,25300,26000,24000,24500,62170,-0.05950095969289826
2024-08-06,25500,25600,24750,25200,16012,0.02857142857142847
2024-08-07,25200,25900,25200,25450,13632,0.009920634920634885
2024-08-08,25450,25600,25150,25450,9303,0.0
2024-08-09,25650,25750,25450,25700,7718,0.00982318271119853
2024-08-12,25700,25850,25600,25800,12285,0.0038910505836575737
2024-08-13,25900,26200,25850,26100,6385,0.011627906976744207
2024-08-14,26150,26250,26050,26100,4149,0.0
2024-08-16,26250,26500,26200,26250,9375,0.005747126436781658
2024-08-19,26600,26600,26250,26300,14332,0.0019047619047618536
2024-08-20,26600,26700,26200,26700,15972,0.015209125475285079
2024-08-21,26700,27150,26450,27150,18017,0.016853932584269593
2024-08-22,26900,27200,26550,26700,15348,-0.016574585635359074
2024-08-23,26650,26800,26500,26750,7236,0.001872659176029856
2024-08-26,26950,27400,26900,27300,15957,0.020560747663551426
2024-08-27,27200,27850,26850,27650,30991,0.012820512820512775
2024-08-28,27400,27800,27300,27500,11685,-0.005424954792043413
2024-08-29,27250,27550,27100,27200,10529,-0.010909090909090868
2024-08-30,27250,27650,27150,27500,12213,0.011029411764705843
2024-09-02,27500,27850,27150,27750,12149,0.009090909090909038
2024-09-03,27750,28050,27500,27550,26352,-0.007207207207207245
2024-09-04,27250,27250,26600,26900,27042,-0.023593466424682408
2024-09-05,26650,27350,26400,26500,15855,-0.014869888475836479
2024-09-06,26300,26650,26000,26150,20310,-0.013207547169811318
2024-09-09,26000,26350,25550,26000,16158,-0.005736137667303964
2024-09-10,26100,26200,25700,25750,9210,-0.009615384615384581
2024-09-11,25800,25900,25300,25450,14866,-0.011650485436893177
2024-09-12,25900,26200,25500,26200,10985,0.02946954813359537
2024-09-13,26200,26950,26000,26650,10253,0.01717557251908386
2024-09-19,26750,26950,26150,26600,19407,-0.0018761726078799779
2024-09-20,26600,26900,26500,26800,11115,0.007518796992481258
2024-09-23,26800,26950,26200,26400,15987,-0.014925373134328401
2024-09-24,26400,26850,26200,26850,11671,0.017045454545454586
2024-09-25,27000,27550,26600,26900,33706,0.0018621973929235924
2024-09-26,27000,27100,26750,26850,12123,-0.0018587360594795044
2024-09-27,26900,27450,26850,27200,28302,0.013035381750465591
2024-09-30,27400,27400,26450,26800,22793,-0.014705882352941124
2024-10-02,26950,26950,26150,26250,28904,-0.020522388059701524
2024-10-04,26350,27200,26200,26900,27613,0.024761904761904763
2024-10-07,26900,27550,26900,27150,20434,0.009293680297397744
2024-10-08,26800,27450,26750,27050,16220,-0.0036832412523020164
2024-10-10,27050,27050,26400,26550,21580,-0.01848428835489835
2024-10-11,26750,26850,26000,26750,16816,0.007532956685499137
2024-10-14,26750,26950,26600,26950,13609,0.007476635514018781
2024-10-15,27350,27350,26450,26850,22190,-0.0037105751391465214
2024-10-16,26750,26750,26350,26600,14729,-0.009310986964618295
2024-10-17,26500,26800,26150,26250,32695,-0.013157894736842146
2024-10-18,26250,26600,26200,26400,15172,0.005714285714285783
2024-10-21,26650,28250,26600,28250,116499,0.07007575757575757
2024-10-22,28300,28750,27950,28500,79258,0.008849557522123908
2024-10-23,28500,28500,27500,27600,38487,-0.03157894736842104
2024-10-24,27600,27850,27250,27400,19671,-0.007246376811594235
2024-10-25,27450,27950,27250,27900,23129,0.018248175182481674
2024-10-28,28200,28350,27500,28000,22313,0.0035842293906809264
2024-10-29,28000,28300,27400,27700,44835,-0.010714285714285676
2024-10-30,27750,28100,27550,27600,23011,-0.0036101083032491488
2024-10-31,27600,28200,26850,27350,56208,-0.009057971014492794
2024-11-01,27650,27650,26400,27300,52239,-0.001828153564899404
2024-11-04,27150,27900,26650,27850,27679,0.020146520146520075
2024-11-05,27500,28000,27450,27500,11350,-0.012567324955116699
2024-11-06,27600,28250,27350,28200,33122,0.025454545454545396
2024-11-07,28000,28150,26900,27550,41596,-0.023049645390070927
2024-11-08,27800,27900,27000,27250,37425,-0.010889292196007205
2024-11-11,27250,27250,26700,26950,29423,-0.011009174311926606
2024-11-12,26950,27050,26300,26300,24716,-0.024118738404452666
2024-11-13,26150,26500,25500,25700,36410,-0.02281368821292773
2024-11-14,25700,26150,25550,25800,16895,0.0038910505836575737
2024-11-15,25800,26050,25550,25700,16547,-0.003875968992248069
2024-11-18,26100,26100,25350,25400,34579,-0.011673151750972721
2024-11-19,25450,25600,25200,25350,12198,-0.0019685039370078705
2024-11-20,25550,25700,25200,25500,9851,0.00591715976331364
2024-11-21,25700,25700,25250,25350,13908,-0.00588235294117645
2024-11-22,25400,25550,25150,25500,9447,0.00591715976331364
2024-11-25,25850,25850,25400,25550,12654,0.0019607843137254832
2024-11-26,25550,25550,25000,25050,44745,-0.019569471624266144
2024-11-27,25050,25100,24750,24850,28637,-0.007984031936127733
2024-11-28,24800,25300,24700,25100,36734,0.010060362173038184
2024-11-29,25150,25150,24600,24600,37977,-0.019920318725099584
2024-12-02,24600,24700,24450,24600,18642,0.0
2024-12-03,24400,25600,24400,25500,31495,0.03658536585365857
2024-12-04,25500,25600,24850,25100,70037,-0.015686274509803977
2024-12-05,24900,25250,24650,25100,31565,0.0
2024-12-06,25100,25350,24450,24700,46890,-0.015936254980079667
2024-12-09,24550,24850,23950,23950,54225,-0.030364372469635637
2024-12-10,23950,25050,23950,24900,25558,0.039665970772442494
2024-12-11,24550,25500,24550,25450,21532,0.02208835341365467
2024-12-12,25450,25700,25350,25700,16888,0.00982318271119853
2024-12-13,25050,25900,25050,25900,17066,0.0077821011673151474
2024-12-16,25900,26150,25750,25950,10032,0.0019305019305020377
2024-12-17,25900,25950,25700,25950,22460,0.0
2024-12-18,25900,26150,25900,26100,8316,0.005780346820809301
2024-12-19,26000,26100,25500,25800,10785,-0.011494252873563204
2024-12-20,25450,25800,25400,25700,15831,-0.003875968992248069
2024-12-23,25700,26200,25700,26050,18076,0.013618677042801508
2024-12-24,32100,33850,26850,27300,1564943,0.04798464491362764
2024-12-26,27300,27400,26700,26950,216306,-0.012820512820512775
2024-12-27,26450,26450,25750,26000,150610,-0.03525046382189234
2024-12-30,25550,26100,25550,25850,58791,-0.005769230769230749
2025-01-02,25650,26050,25500,25650,72992,-0.007736943907156624
2025-01-03,25600,26050,25600,25950,47056,0.011695906432748648
2025-01-06,26050,26050,25600,25900,45935,-0.0019267822736031004
2025-01-07,25900,26500,25850,26200,73252,0.01158301158301156
2025-01-08,26150,26550,25800,26400,67668,0.007633587786259444
2025-01-09,26350,26650,26150,26500,40202,0.0037878787878788955
2025-01-10,26400,26600,26100,26550,32581,0.0018867924528302993
2025-01-13,26550,26650,25900,25900,40060,-0.024482109227871973
2025-01-14,25900,26750,25900,26700,62293,0.030888030888030826
2025-01-15,26700,26750,26250,26400,30217,-0.011235955056179803
2025-01-16,26500,26850,26400,26850,51193,0.017045454545454586
2025-01-17,26750,27350,26750,27200,46848,0.013035381750465591
2025-01-20,27200,27200,26550,26600,43254,-0.022058823529411797
2025-01-21,26650,26850,26400,26550,36639,-0.001879699248120259
2025-01-22,26700,26750,26350,26500,24439,-0.0018832391713747842
2025-01-23,26650,26700,26000,26150,33553,-0.013207547169811318
2025-01-24,26050,26400,26050,26300,15668,0.005736137667303964
2025-01-31,26300,26300,25450,25700,59507,-0.02281368821292773
2025-02-03,25250,25600,24850,25200,34729,-0.01945525291828798
2025-02-04,25150,25800,25150,25350,25063,0.005952380952380931
2025-02-05,25400,25600,25100,25500,19050,0.00591715976331364
2025-02-06,26050,26300,25700,26300,29182,0.031372549019607954
2025-02-07,26200,26750,26200,26350,26220,0.0019011406844107182
2025-02-10,26350,26700,26250,26550,26637,0.007590132827324458
2025-02-11,26450,27150,26450,26700,30419,0.005649717514124353
2025-02-12,26700,26900,26500,26800,20092,0.0037453183520599342
2025-02-13,27050,27050,26350,26700,30892,-0.003731343283582045
2025-02-14,26700,26900,26550,26750,25178,0.001872659176029856
2025-02-17,26800,27950,26800,27700,61669,0.03551401869158877
2025-02-18,27700,28400,27700,28100,53540,0.014440433212996373
2025-02-19,28100,28100,27450,27550,40976,-0.019572953736654797
2025-02-20,27950,28200,27550,28000,54921,0.016333938294010864
2025-02-21,28600,28900,28150,28250,50010,0.008928571428571397
2025-02-24,28250,28350,27850,28250,36613,0.0
2025-02-25,28300,28500,28100,28200,44766,-0.001769911504424737
2025-02-26,28350,28600,28150,28500,60309,0.010638297872340496
2025-02-27,27750,27750,27200,27400,55278,-0.038596491228070184
2025-02-28,26950,27350,26650,26650,28041,-0.027372262773722622
2025-03-04,26700,27400,26500,27250,38166,0.022514071294559068
2025-03-05,27500,27850,26900,27800,42373,0.020183486238532167
2025-03-06,27950,28500,27800,27850,54578,0.0017985611510791255
2025-03-07,27850,28650,27650,28150,84782,0.010771992818671361
2025-03-10,28150,28650,28150,28350,54943,0.007104795737122638
2025-03-11,27500,28600,27000,28500,41172,0.005291005291005346
2025-03-12,28350,28500,27750,27850,40221,-0.02280701754385961
2025-03-13,28100,28500,28000,28400,35253,0.019748653500897717
2025-03-14,28500,28850,28150,28200,29202,-0.007042253521126751
2025-03-17,28200,28450,28000,28400,25295,0.007092198581560183
2025-03-18,28400,28400,28050,28150,20330,-0.008802816901408494
2025-03-19,28350,29300,27850,28950,70301,0.02841918294849033
2025-03-20,28950,28950,28350,28600,34407,-0.012089810017271163
2025-03-21,28300,28750,28250,28750,27334,0.005244755244755206
2025-03-24,28550,29000,28400,28550,24697,-0.006956521739130417
2025-03-25,28200,28550,27750,27800,31826,-0.02626970227670755
2025-03-26,28250,29200,28200,28900,73867,0.03956834532374098
2025-03-27,28900,29000,28300,28300,22449,-0.02076124567474047
2025-03-28,28300,28350,27700,27800,28920,-0.017667844522968212
2025-03-31,27500,27800,27200,27500,32185,-0.010791366906474864
2025-04-01,27550,27950,27300,27800,21668,0.01090909090909098
2025-04-02,27800,28150,27200,27300,55718,-0.017985611510791366
2025-04-03,26950,27400,26500,27150,40501,-0.005494505494505475
2025-04-04,27000,27250,26200,26750,57258,-0.014732965009208066
2025-04-07,26250,26350,25150,25650,46735,-0.04112149532710285
2025-04-08,25750,26100,25350,25600,31758,-0.0019493177387914784
2025-04-09,25700,25700,24950,25150,22142,-0.017578125
2025-04-10,25950,26500,25700,26250,32343,0.04373757455268379
2025-04-11,26300,26600,26000,26500,25732,0.00952380952380949
2025-04-14,26550,27000,26400,26850,15770,0.013207547169811429
2025-04-15,27200,27450,26900,27450,17070,0.022346368715083775
2025-04-16,27200,27400,27000,27150,13868,-0.010928961748633892
2025-04-17,27100,27650,27000,27350,12029,0.007366482504604033
2025-04-18,27350,27550,27100,27150,35406,-0.007312614259597838
2025-04-21,27300,27500,26900,27000,27826,-0.0055248618784530246
2025-04-22,27000,27100,26600,26800,40038,-0.007407407407407418
2025-04-23,26950,27300,26900,27250,6608,0.01679104477611948
2025-04-24,27250,27500,27150,27300,6617,0.0018348623853210455
2025-04-25,27600,28650,27600,28400,51907,0.04029304029304037
2025-04-28,28400,28600,28100,28200,16472,-0.007042253521126751
2025-04-29,28200,28450,27950,28450,13487,0.00886524822695045
2025-04-30,28500,28800,28200,28650,29351,0.007029876977152849
2025-05-02,28800,28800,28300,28500,21723,-0.005235602094240788
2025-05-07,28500,28900,28450,28850,23627,0.012280701754386003
2025-05-08,28850,28950,28450,28600,17180,-0.008665511265164683
2025-05-09,28700,29250,28650,29200,55889,0.020979020979021046
2025-05-12,29250,29250,28550,28650,45771,-0.018835616438356184
2025-05-13,28600,28700,28150,28400,37017,-0.008726003490401424
2025-05-14,28400,29050,28300,29000,19943,0.021126760563380254
2025-05-15,29000,29200,28600,28950,17887,-0.0017241379310344307
2025-05-16,28950,29250,28800,29150,26767,0.006908462867012188
2025-05-19,29150,29650,28700,29150,32925,0.0
2025-05-20,29150,30200,29000,29850,72268,0.02401372212692965
2025-05-21,29900,31100,29850,30850,58255,0.03350083752093802
2025-05-22,30750,31100,30550,30550,37750,-0.00972447325769854
2025-05-23,30500,32500,30450,32000,87374,0.04746317512274967
2025-05-26,32050,33000,31900,32450,42419,0.014062500000000089
2025-05-27,32450,32800,31650,31850,28321,-0.018489984591679498
2025-05-28,32050,33000,30000,31700,57501,-0.004709576138147598
2025-05-29,31750,32750,31550,32500,43870,0.025236593059936974
2025-05-30,32500,33500,31900,32000,64744,-0.01538461538461533
2025-06-02,32000,32750,31900,32400,32356,0.012499999999999956
2025-06-04,33000,35700,31400,35000,206235,0.08024691358024683
2025-06-05,35100,35450,34350,34700,80374,-0.008571428571428563
2025-06-09,34750,36200,34750,35300,109500,0.01729106628242083
2025-06-10,35750,38900,35550,37300,255687,0.056657223796033884
2025-06-11,41450,41450,37750,39200,355848,0.05093833780160861
2025-06-12,38700,39950,38050,39750,141497,0.014030612244897878
2025-06-13,41150,49200,40800,43200,1869554,0.08679245283018866
2025-06-16,44500,44500,42200,43150,371732,-0.0011574074074074403
2025-06-17,41700,42500,40850,41500,211011,-0.03823870220162229
2025-06-18,42450,42600,41350,41600,145852,0.002409638554216942
2025-06-19,41800,47300,41600,45200,886911,0.08653846153846145
2025-06-20,45800,45950,43500,44550,257131,-0.014380530973451378
2025-06-23,48000,53800,47400,51200,1319755,0.14927048260381603
2025-06-24,46550,48300,43550,46400,597837,-0.09375
2025-06-25,47100,47350,44250,45000,356321,-0.030172413793103425
2025-06-26,45400,46350,43100,44250,199379,-0.01666666666666672
2025-06-27,44700,46400,44300,45550,182660,0.029378531073446235
2025-06-30,45600,46550,44250,45850,162371,0.00658616904500553
2025-07-01,46850,54400,46600,51400,654487,0.12104689203925845
2025-07-02,51400,51600,47150,49350,234815,-0.03988326848249024
2025-07-03,50300,52000,49350,50100,166243,0.015197568389057725
2025-07-04,49800,49850,47000,47450,101147,-0.05289421157684626
2025-07-07,46300,48550,46250,47900,99993,0.0094836670179137
2025-07-08,47700,48800,47300,48650,71543,0.01565762004175375
2025-07-09,54000,54000,51500,52200,305270,0.0729701952723536
2025-07-10,52700,53900,51200,52200,196468,0.0
2025-07-11,52900,53050,51000,51900,107066,-0.005747126436781658
2025-07-14,52000,53100,49950,50400,113582,-0.028901734104046284
2025-07-15,50800,53100,50600,52700,262622,0.045634920634920695
2025-07-16,53100,54800,52300,53300,164801,0.011385199240986799
2025-07-17,53800,53800,51800,52300,96933,-0.018761726078799223
2025-07-18,51800,51900,50400,51000,65685,-0.0248565965583174
2025-07-21,50200,51800,50100,51600,49415,0.0117647058823529
2025-07-22,51300,52000,49900,50400,39979,-0.023255813953488413
2025-07-23,50500,51500,50000,51100,45178,0.01388888888888884
2025-07-24,51100,51100,49900,49950,36561,-0.022504892367906093
2025-07-25,49950,50600,49200,50000,34671,0.0010010010010010895
2025-07-28,50000,50200,49250,49350,36462,-0.013000000000000012
2025-07-29,49100,49400,48300,49300,38909,-0.0010131712259371373
2025-07-30,49600,50000,48600,48600,62514,-0.014198782961460488
2025-07-31,48000,49000,47750,48300,54253,-0.006172839506172867
2025-08-01,48100,48250,42250,42400,156482,-0.12215320910973082
2025-08-04,42400,44200,41800,43800,52362,0.03301886792452824
2025-08-05,44000,44500,43450,44450,50982,0.014840182648401923
2025-08-06,43850,44500,43550,44250,32283,-0.004499437570303688
2025-08-07,44350,44600,42900,43450,35210,-0.01807909604519775
2025-08-08,43450,43450,40950,41550,111960,-0.04372842347525896
2025-08-11,40950,41500,40600,40600,29167,-0.022864019253910906
2025-08-12,41000,41100,39950,40350,30789,-0.006157635467980316
2025-08-13,40150,40550,39500,40450,40115,0.0024783147459728205
2025-08-14,40850,40850,40000,40400,22159,-0.0012360939431397266
2025-08-18,39450,40000,39350,39450,25505,-0.023514851485148536
2025-08-19,38650,39400,37750,37900,62232,-0.0392902408111534
2025-08-20,37250,38350,37050,38150,47323,0.006596306068601621
