Date,Open,High,Low,Close,Volume,Change
2022-01-03,20110,20135,19784,20035,37045,0.0037575150300601656
2022-01-04,19910,22736,19910,21286,1273097,0.06244072872473172
2022-01-05,21135,21235,20634,20885,133849,-0.018838673306398546
2022-01-06,20510,20885,19834,20160,144204,-0.034713909504428986
2022-01-07,20134,21085,20059,20735,125014,0.02852182539682535
2022-01-10,20734,21585,20459,20810,266298,0.0036170725825899197
2022-01-11,20960,21185,20359,20435,90619,-0.0180201826045171
2022-01-12,20434,21060,20434,20485,78644,0.0024467824810374683
2022-01-13,20460,20610,20059,20160,54296,-0.015865267268733274
2022-01-14,20060,20360,19959,19985,42265,-0.00868055555555558
2022-01-17,20010,20135,19335,19335,62691,-0.032524393294971254
2022-01-18,19259,19659,18958,18984,60225,-0.018153607447633835
2022-01-19,18508,18934,18408,18509,88486,-0.025021070375052634
2022-01-20,18508,19009,18508,18909,40916,0.021611108109568233
2022-01-21,18808,19759,18808,19009,70873,0.005288486963879624
2022-01-24,19009,19109,18109,18109,71251,-0.047345994002840786
2022-01-25,18133,18458,16807,16833,149633,-0.07046220111546742
2022-01-26,16732,17308,16607,16883,65980,0.0029703558486307013
2022-01-27,16808,18483,16407,16533,203747,-0.020730912752472852
2022-01-28,16482,17058,16107,16983,87710,0.027218290691344516
2022-02-03,17082,17633,17082,17308,67230,0.01913678384266615
2022-02-04,17058,17759,17058,17709,37024,0.02316847700485325
2022-02-07,18033,19884,17858,18134,583807,0.02399909650460219
2022-02-08,18109,18459,17783,17859,62437,-0.015164883643983718
2022-02-09,17933,19009,17858,17984,175447,0.006999272075704166
2022-02-10,18208,19384,18008,18784,390459,0.04448398576512447
2022-02-11,18559,18609,18034,18034,78037,-0.039927597955706995
2022-02-14,17708,18008,16758,16758,95845,-0.07075524010202949
2022-02-15,16708,17208,16507,16533,49946,-0.013426423200859294
2022-02-16,16883,18009,16883,17584,69402,0.06356983003689587
2022-02-17,17859,18609,17008,17659,138243,0.004265241128298403
2022-02-18,17433,17859,17158,17759,36672,0.005662834815108431
2022-02-21,17433,18359,17383,17834,65479,0.004223210766371999
2022-02-22,17383,17909,17058,17559,57501,-0.0154199842996523
2022-02-23,17583,18084,17583,17909,50484,0.019932797995330098
2022-02-24,19058,19609,17258,17258,496202,-0.036350438327098056
2022-02-25,17984,18109,17558,17609,71823,0.020338393788388087
2022-02-28,17708,18209,17658,17834,78721,0.01277755693111482
2022-03-02,18108,18409,17958,18259,67876,0.023830884826735454
2022-03-03,18484,18534,18183,18309,61854,0.0027383755955967537
2022-03-04,18309,18434,18008,18034,37996,-0.015019935550822039
2022-03-07,17834,18434,17483,17534,43551,-0.027725407563491178
2022-03-08,17032,17558,17032,17133,39041,-0.022869852857305806
2022-03-10,17483,18034,17483,18009,60031,0.05112939940465777
2022-03-11,18058,18634,17733,18384,81582,0.020822921872397204
2022-03-14,18709,18709,18033,18309,58534,-0.004079634464752013
2022-03-15,18309,18484,18108,18184,51715,-0.006827243432191765
2022-03-16,18258,20684,18258,19034,1170059,0.04674439067311931
2022-03-17,19084,19810,18909,19335,400417,0.01581380687191336
2022-03-18,19384,19484,18633,18909,227877,-0.022032583397982974
2022-03-21,19008,19784,18708,19109,204061,0.010576973927759248
2022-03-22,19284,19584,19083,19184,103094,0.003924852163901926
2022-03-23,19234,19985,19209,19535,346275,0.018296497080900753
2022-03-24,19760,19810,19259,19360,122306,-0.008958280010238018
2022-03-25,19560,19560,19234,19385,73568,0.0012913223140496033
2022-03-28,19509,20160,19234,19985,227524,0.03095176683002321
2022-03-29,19910,20035,19659,19785,101556,-0.010007505629221924
2022-03-30,19910,19910,19409,19435,91146,-0.017690169320192073
2022-03-31,19359,20660,19309,19610,502504,0.009004373552868428
2022-04-01,19285,19610,19234,19285,82612,-0.016573176950535395
2022-04-04,19284,19385,19159,19310,68381,0.0012963443090485693
2022-04-05,19334,19610,19259,19410,69176,0.005178663904712666
2022-04-06,19409,19409,18908,19034,48869,-0.01937145801133433
2022-04-07,18809,19109,18334,18334,68254,-0.03677629505096147
2022-04-08,18509,18759,18108,18484,38969,0.008181520671975528
2022-04-11,18634,18734,18258,18409,31295,-0.004057563297987454
2022-04-12,18259,18584,17508,18209,46215,-0.010864251181487261
2022-04-13,18033,19834,18033,18859,179306,0.03569663353286834
2022-04-14,18858,19034,18633,18909,53415,0.0026512540431624654
2022-04-15,18909,19159,18808,18859,50185,-0.002644243481939812
2022-04-18,19109,19359,18758,18859,67762,0.0
2022-04-19,18758,19009,18658,19009,34356,0.007953762129487174
2022-04-20,19009,19209,18584,18584,37343,-0.022357830501341436
2022-04-21,18659,18784,18458,18559,30788,-0.0013452432199742015
2022-04-22,18509,18559,18283,18359,26150,-0.010776442696265986
2022-04-25,18009,18234,17708,17884,43322,-0.025872868892641177
2022-04-26,17783,18134,17783,17834,27711,-0.0027957951241333046
2022-04-27,17784,17784,17383,17584,30524,-0.014018167545138516
2022-04-28,17584,17709,17383,17434,22294,-0.008530482256596916
2022-04-29,17434,17709,17358,17409,30144,-0.0014339795801308064
2022-05-02,16983,17559,16983,17559,16677,0.008616232982939787
2022-05-03,17558,19309,17558,17784,255337,0.012813941568426523
2022-05-04,17733,17984,17583,17759,32643,-0.0014057579847053248
2022-05-06,17408,17709,17408,17459,24253,-0.016892843065487884
2022-05-09,17283,17508,16882,17008,35685,-0.02583194913798037
2022-05-10,16557,16933,16107,16683,52285,-0.019108654750705556
2022-05-11,16482,16858,16482,16733,22320,0.0029970628783790865
2022-05-12,16358,16783,16083,16083,38559,-0.03884539532660014
2022-05-13,16082,16558,16082,16383,23211,0.018653236336504397
2022-05-16,16432,16983,16407,16458,45633,0.0045779161325765205
2022-05-17,16407,16833,16407,16783,26401,0.019747235387045814
2022-05-18,16832,17233,16807,16958,27968,0.010427218018232765
2022-05-19,16658,16708,16432,16633,17055,-0.0191649958721547
2022-05-20,16632,17133,16632,16858,19941,0.0135273251968977
2022-05-23,16782,16958,16657,16808,18177,-0.002965950883853319
2022-05-24,16683,16908,16457,16633,15817,-0.010411708710138079
2022-05-25,16532,17583,16307,16658,87260,0.0015030361329886333
2022-05-26,16608,16908,16157,16558,29286,-0.006003121623244123
2022-05-27,16583,16783,16507,16558,19933,0.0
2022-05-30,16607,16908,16582,16808,24029,0.015098441840802002
2022-05-31,16833,16958,16707,16833,23252,0.0014873869585911859
2022-06-02,16782,17008,16782,16908,13977,0.004455533772945941
2022-06-03,16983,17183,16858,16858,19372,-0.002957180033120399
2022-06-07,16858,17058,16657,16858,32036,0.0
2022-06-08,16807,17008,16807,16858,21124,0.0
2022-06-09,16758,16958,16282,16358,31921,-0.029659508838533633
2022-06-10,16332,17408,16182,16933,189688,0.03515099645433417
2022-06-13,16708,18359,16058,16058,394897,-0.05167424555601485
2022-06-14,15732,15857,15056,15207,75946,-0.05299539170506917
2022-06-15,15007,15332,14207,14207,64777,-0.06575918984678109
2022-06-16,14206,15007,14081,14257,81632,0.00351939184908856
2022-06-17,14006,14907,13631,14457,50841,0.014028196675317295
2022-06-20,14481,14606,13406,13406,50517,-0.07269834682160892
2022-06-21,13406,13807,13381,13507,42156,0.007533940026853703
2022-06-22,13531,13806,12330,12531,53546,-0.07225882875546008
2022-06-23,12405,12605,11429,11505,105044,-0.08187694517596356
2022-06-24,11505,12406,11455,12306,68406,0.06962190352020858
2022-06-27,12305,13031,12305,12881,29090,0.04672517471152293
2022-06-28,12781,15508,12731,13482,1107482,0.0466578681779366
2022-06-29,13181,14282,13181,14157,208199,0.050066755674232244
2022-06-30,14057,14157,13507,13507,80403,-0.045913682277318624
2022-07-01,13656,13781,13081,13081,41033,-0.03153920189531356
2022-07-04,13131,13532,12706,13532,59300,0.03447748643070092
2022-07-05,13256,13707,13206,13482,54825,-0.0036949453148092948
2022-07-06,13656,14432,13406,13882,160060,0.02966918854769318
2022-07-07,13731,13957,13656,13807,48451,-0.005402679729145654
2022-07-08,13907,14007,13706,13732,35399,-0.005432027232563197
2022-07-11,14006,14857,13981,14207,181417,0.03459073696475379
2022-07-12,13982,14157,13581,13607,41410,-0.04223270218906172
2022-07-13,13531,14282,13156,13632,73288,0.0018372896303373576
2022-07-14,13506,13982,13506,13782,34646,0.011003521126760507
2022-07-15,14082,14082,13431,13607,28425,-0.012697721665941075
2022-07-18,13756,13932,13556,13782,18803,0.012861027412361281
2022-07-19,13731,14057,13706,13957,28254,0.012697721665941186
2022-07-20,14207,14382,14056,14082,35023,0.008956079386687632
2022-07-21,14081,14532,14056,14307,36217,0.01597784405624192
2022-07-22,14332,14457,14106,14182,23261,-0.008736981896973472
2022-07-25,14156,14432,14106,14257,21897,0.00528839373854173
2022-07-26,14156,15507,14131,14557,525328,0.021042295012976053
2022-07-27,14431,14607,14306,14607,55472,0.0034347736484166003
2022-07-28,14557,15432,14406,14532,212100,-0.005134524543027319
2022-07-29,14632,14682,14381,14582,53014,0.0034406826314341554
2022-08-01,14656,16007,14306,14907,352655,0.022287752023042007
2022-08-02,15132,15132,14781,14932,47992,0.0016770644663581802
2022-08-03,14956,15232,14806,15107,41392,0.01171979641039389
2022-08-04,15131,16257,15131,15357,322542,0.016548619845105028
2022-08-05,15508,15508,15207,15508,44136,0.009832649606042798
2022-08-08,15433,15658,15157,15408,32667,-0.006448284756254807
2022-08-09,15432,15658,15282,15508,23820,0.0064901349948078835
2022-08-10,15407,15557,15131,15332,25858,-0.011348981171008465
2022-08-11,15382,15432,14956,15157,42602,-0.011414036003130734
2022-08-12,15181,15332,15006,15282,23181,0.008247014580721856
2022-08-16,15156,15332,15156,15307,21442,0.001635911529904499
2022-08-17,15206,15307,15056,15257,19267,-0.0032664793885150978
2022-08-18,15207,15207,14756,15207,59583,-0.003277184243298148
2022-08-19,15156,15457,14881,15282,123137,0.0049319392385085425
2022-08-22,14831,15257,14606,14857,77852,-0.027810496008375818
2022-08-23,14782,15082,14331,14357,46661,-0.03365416975163227
2022-08-24,14282,14457,14156,14182,22083,-0.012189176011701663
2022-08-25,14256,14532,14056,14507,17234,0.022916372867014534
2022-08-26,14632,14782,14481,14632,16955,0.008616529951058105
2022-08-29,14032,14182,13906,13982,26122,-0.04442318206670315
2022-08-30,13881,14382,13881,14132,19845,0.010728078958661236
2022-08-31,14357,14782,14006,14307,34653,0.01238324370223598
2022-09-01,14282,14282,13756,13782,17463,-0.036695323967288695
2022-09-02,13782,13932,13581,13607,18673,-0.012697721665941075
2022-09-05,13481,13631,13305,13406,17313,-0.014771808627912053
2022-09-06,13356,13682,13356,13682,17047,0.020587796509025758
2022-09-07,13681,13756,13055,13131,22588,-0.040271890074550454
2022-09-08,13205,13531,13180,13256,24424,0.00951945777168528
2022-09-13,13306,13957,13306,13857,29473,0.04533796016898006
2022-09-14,13306,13732,13281,13632,10439,-0.016237280796709275
2022-09-15,13731,14982,13456,14257,403101,0.04584800469483574
2022-09-16,13856,14607,13731,13857,153701,-0.028056393350634812
2022-09-19,13906,13906,13280,13331,32951,-0.03795915421808471
2022-09-20,13381,14132,13381,13857,43515,0.03945690495836773
2022-09-21,13656,14057,13656,13882,24532,0.001804142310745549
2022-09-22,13831,13982,13506,13882,17733,0.0
2022-09-23,13881,13956,13205,13356,29520,-0.0378907938337415
2022-09-26,13106,13206,11930,12056,64655,-0.09733453129679548
2022-09-27,11881,13356,11455,11831,249276,-0.018662906436629045
2022-09-28,11680,12055,11254,11305,46274,-0.04445947088158231
2022-09-29,11405,12405,11305,11305,104275,0.0
2022-09-30,11054,11705,11054,11530,30417,0.01990269792127375
2022-10-04,11680,12106,11680,11831,27228,0.026105810928013895
2022-10-05,11906,12131,11580,11656,19591,-0.014791649057560696
2022-10-06,11730,12056,11730,11931,14752,0.023592999313658103
2022-10-07,11905,12106,11780,11956,9812,0.002095381778560057
2022-10-11,11755,11780,11254,11380,21229,-0.04817664770826369
2022-10-12,11180,11430,11004,11155,20790,-0.019771528998242527
2022-10-13,11055,11155,10354,10530,56028,-0.056028686687584095
2022-10-14,10855,11781,10705,11706,101447,0.11168091168091165
2022-10-17,11405,12531,11405,12181,136809,0.0405774816333504
2022-10-18,12230,12981,12230,12256,183923,0.006157129956489538
2022-10-19,12256,12556,12080,12156,28149,-0.008159268929503916
2022-10-20,12156,12231,11930,11956,9278,-0.01645278051990784
2022-10-21,11756,11956,11656,11656,11138,-0.02509200401472067
2022-10-24,11705,12031,11705,11831,10588,0.015013726835964247
2022-10-25,11906,12031,11655,11831,13704,0.0
2022-10-26,11831,13406,11505,11581,858656,-0.021130927225086582
2022-10-27,11580,11856,11555,11831,30760,0.02158708228995776
2022-10-28,11806,11931,11580,11656,18688,-0.014791649057560696
2022-10-31,11731,12031,11680,11706,39563,0.004289636238846928
2022-11-01,11705,12456,11705,12081,189245,0.0320348539210662
2022-11-02,11955,12306,11955,12031,40035,-0.004138730237563171
2022-11-03,11880,12006,11655,11906,22707,-0.010389826282104608
2022-11-04,11805,12856,11655,11956,178583,0.004199563245422366
2022-11-07,11955,12281,11955,12206,64317,0.020910003345600447
2022-11-08,12255,13031,12130,12481,346716,0.022529903326232947
2022-11-09,12480,13031,12480,12706,82007,0.018027401650508867
2022-11-10,12631,12981,12455,12531,46384,-0.013773020620179488
2022-11-11,12806,12981,12605,12656,60957,0.009975261351847342
2022-11-14,12730,13106,12530,12956,58588,0.023704171934260332
2022-11-15,12831,13356,12680,12806,102334,-0.011577647422043813
2022-11-16,12781,12806,12530,12756,28678,-0.0039044198032172073
2022-11-17,12681,12706,12255,12331,41850,-0.03331765443712764
2022-11-18,12331,12456,12255,12306,19209,-0.002027410591192935
2022-11-21,12306,12331,11580,11756,60558,-0.04469364537623921
2022-11-22,11881,11881,11580,11606,13831,-0.012759441987070463
2022-11-23,11655,11881,11655,11706,18907,0.008616232982939787
2022-11-24,11730,12206,11730,12081,24266,0.0320348539210662
2022-11-25,12081,12181,11930,12056,14635,-0.00206936511878153
2022-11-28,12055,12055,11504,11530,29913,-0.04362972793629727
2022-11-29,11505,11706,11455,11706,25120,0.015264527320034693
2022-11-30,11706,11781,11605,11656,10095,-0.0042713138561421005
2022-12-01,11830,12006,11805,11881,14805,0.019303363074811175
2022-12-02,11930,12131,11855,12031,16631,0.012625199898998352
2022-12-05,12105,12231,12005,12156,20826,0.010389826282104497
2022-12-06,12281,12381,11806,11806,89688,-0.028792365909838802
2022-12-07,11731,11781,11555,11656,24773,-0.012705404031848166
2022-12-08,11680,11680,11255,11255,26671,-0.03440288263555247
2022-12-09,11304,11480,11254,11355,15049,0.008884940026654853
2022-12-12,11254,11480,11204,11380,13606,0.0022016732716865217
2022-12-13,11379,11605,11354,11480,9827,0.008787346221441172
2022-12-14,11480,11731,11480,11731,14242,0.021864111498257843
2022-12-15,11580,11906,11530,11706,16805,-0.002131105617594442
2022-12-16,11355,11505,11279,11355,16342,-0.02998462327011786
2022-12-19,11355,11355,11154,11230,12523,-0.011008366358432387
2022-12-20,11155,11230,10804,10855,27715,-0.03339269813000889
2022-12-21,10930,10955,10655,10655,15426,-0.018424689083371693
2022-12-22,10705,10880,10680,10680,13435,0.002346316283434957
2022-12-23,10630,10655,10329,10405,20032,-0.025749063670411965
2022-12-26,10404,10755,10404,10605,18773,0.01922152811148492
2022-12-27,10680,10805,10530,10530,13613,-0.007072135785007094
2022-12-28,10604,11005,10529,10730,29387,0.018993352326685642
2022-12-29,10755,10805,10404,10530,16921,-0.018639328984156545
2023-01-02,10530,10705,10079,10230,25917,-0.028490028490028463
2023-01-03,10029,10305,9829,10230,28404,0.0
2023-01-04,10004,10705,10004,10605,27652,0.03665689149560114
2023-01-05,10605,13231,10605,11756,1905422,0.10853371051390859
2023-01-06,11831,11956,11605,11631,180442,-0.01063286832255872
2023-01-09,11631,11806,11555,11581,92930,-0.004298856504169946
2023-01-10,11580,11831,11480,11781,96648,0.017269665831966208
2023-01-11,11980,12881,11605,12531,1002104,0.06366182836771062
2023-01-12,13456,13506,11931,11931,592795,-0.0478812544888676
2023-01-13,12231,12256,11830,11881,51142,-0.004190763557120114
2023-01-16,11880,12081,11730,11956,57405,0.006312599949499287
2023-01-17,11905,12506,11905,12006,192447,0.004182000669120001
2023-01-18,12006,12056,11730,11881,39167,-0.010411460936198602
2023-01-19,11705,12306,11630,12056,77415,0.014729399882164707
2023-01-20,12005,12306,12005,12206,60181,0.012441937624419364
2023-01-25,12505,12831,12255,12806,359770,0.0491561527117812
2023-01-26,13056,13231,12505,12531,191118,-0.021474308917694862
2023-01-27,12730,14306,12580,13281,1466164,0.0598515681110845
2023-01-30,13281,13857,13131,13507,372676,0.017016790904299306
2023-01-31,13305,13556,13255,13456,118226,-0.0037758199452135877
2023-02-01,13456,13531,12930,13031,119262,-0.03158442330558864
2023-02-02,13055,13356,13055,13206,86707,0.013429514235285156
2023-02-03,13331,14307,13206,14107,776760,0.06822656368317426
2023-02-06,14607,14682,13406,13732,393943,-0.026582547671368806
2023-02-07,13731,14307,13456,13882,192078,0.01092339062044867
2023-02-08,14132,14207,13881,14132,158174,0.018008932430485514
2023-02-09,13982,14232,13731,13882,85761,-0.017690348146051527
2023-02-10,14032,14407,13306,13782,494333,-0.0072035729721942054
2023-02-13,13957,13982,13356,13632,99057,-0.010883761427949445
2023-02-14,13732,13957,13406,13507,72792,-0.009169600938967126
2023-02-15,13506,13731,12730,12756,108944,-0.05560079958540021
2023-02-16,12830,13106,12755,13031,36903,0.02155848228284718
2023-02-17,12731,12881,12705,12731,26330,-0.023022024403345887
2023-02-20,12730,13006,12705,12981,19738,0.019637106276019223
2023-02-21,12980,14256,12980,13381,349397,0.030814267005623508
2023-02-22,13156,13181,12905,12931,53536,-0.03362977355952468
2023-02-23,12980,13256,12930,13231,43896,0.023200061866831545
2023-02-24,13281,13406,13031,13031,36253,-0.015116015418335738
2023-02-27,13031,13081,12780,12931,21813,-0.007674008134448629
2023-02-28,12930,13256,12805,13231,33660,0.023200061866831545
2023-03-02,13156,13331,12905,12956,26526,-0.02078452120021157
2023-03-03,13080,13406,13055,13181,30431,0.017366471133065664
2023-03-06,13506,13856,13380,13406,157519,0.017070025036036718
2023-03-07,13405,13706,13255,13431,46511,0.0018648366403102301
2023-03-08,13306,13431,13156,13156,35543,-0.020475020475020478
2023-03-09,13406,13932,13131,13757,227627,0.04568257829127398
2023-03-10,13656,13706,13131,13131,99446,-0.04550410700007268
2023-03-13,12956,12956,12555,12781,48647,-0.02665448176071894
2023-03-14,12656,12781,11931,11931,69302,-0.06650496831233865
2023-03-15,12105,12606,12080,12481,49142,0.046098399128321255
2023-03-16,12231,12506,12005,12181,24963,-0.02403653553401175
2023-03-17,12280,12681,12205,12656,43001,0.03899515639110085
2023-03-20,12731,12731,12355,12381,54333,-0.0217288242730721
2023-03-21,12481,12531,12280,12306,36291,-0.006057669008965316
2023-03-22,12381,12506,12230,12281,25628,-0.0020315293352836106
2023-03-23,12206,12231,11880,11906,56814,-0.030534972722091047
2023-03-24,12055,12331,11880,12256,39558,0.02939694271795723
2023-03-27,12456,12456,11880,11981,36162,-0.02243798955613574
2023-03-28,11980,12406,11980,12381,35100,0.03338619480844662
2023-03-29,12356,12381,12230,12331,17305,-0.0040384460059769145
2023-03-30,12355,12456,12155,12381,30448,0.00405482118238587
2023-03-31,12506,12581,12130,12231,37429,-0.012115338017930743
2023-04-03,12381,12456,12105,12331,36180,0.008175946365791775
2023-04-04,12255,12556,12255,12456,50832,0.010137052955964565
2023-04-05,12481,12606,12255,12481,43936,0.002007064868336572
2023-04-06,12431,12431,11980,12056,59876,-0.03405175867318322
2023-04-07,12081,12206,11980,12031,34945,-0.0020736562707365236
2023-04-10,12056,12106,11580,11731,53307,-0.024935583077050905
2023-04-11,11605,11956,11555,11906,26404,0.014917739323160761
2023-04-12,11955,12056,11730,11981,28757,0.006299344868133661
2023-04-13,12105,12206,11905,12156,40299,0.014606460228695495
2023-04-14,12180,12306,12105,12206,28716,0.0041131951299768765
2023-04-17,12280,12406,12105,12356,40803,0.012289038177945244
2023-04-18,12355,12506,12205,12381,48993,0.002023308514082167
2023-04-19,12480,12606,12330,12531,50458,0.012115338017930632
2023-04-20,12531,12606,12130,12306,34116,-0.01795547043332535
2023-04-21,12156,12256,11905,11931,31877,-0.030472940029254048
2023-04-24,11831,11981,11780,11806,29662,-0.010476908892800285
2023-04-25,11780,11855,11354,11505,39079,-0.0254955107572421
2023-04-26,11480,11655,11179,11405,22441,-0.008691873098652714
2023-04-27,11304,11480,11204,11405,28310,0.0
2023-04-28,11455,11530,11204,11380,34050,-0.0021920210434019927
2023-05-02,11330,11756,11330,11681,20444,0.0264499121265378
2023-05-03,11605,11931,11580,11831,20855,0.012841366321376668
2023-05-04,11705,11831,11555,11731,16015,-0.0084523708900347
2023-05-08,11831,12006,11780,11806,19383,0.006393316852783215
2023-05-09,11705,11856,11530,11756,16004,-0.004235134677282759
2023-05-10,11755,12031,11755,11781,30503,0.002126573664511744
2023-05-11,11780,11931,11780,11806,9924,0.0021220609455903094
2023-05-12,11830,12056,11805,11881,21651,0.006352702015924194
2023-05-15,11831,12081,11505,11706,35372,-0.014729399882164818
2023-05-16,11505,12055,11429,11505,43755,-0.017170681701691448
2023-05-17,11479,11705,11404,11505,33589,0.0
2023-05-18,11555,11681,11505,11656,16164,0.013124728378965722
2023-05-19,11655,11806,11605,11781,17376,0.01072409059711732
2023-05-22,11730,11856,11705,11781,11196,0.0
2023-05-23,11806,11881,11705,11731,20083,-0.00424412189118073
2023-05-24,11630,11730,11530,11530,23183,-0.017134089165459
2023-05-25,11530,11605,11429,11455,16513,-0.0065047701647875655
2023-05-26,11505,11505,11229,11305,28969,-0.013094718463553034
2023-05-30,11329,11430,11304,11380,16943,0.006634232640424509
2023-05-31,11329,11555,11304,11480,16112,0.008787346221441172
2023-06-01,11379,11580,11329,11505,16648,0.00217770034843201
2023-06-02,11505,11756,11505,11681,20132,0.0152976966536289
2023-06-05,11831,11831,11605,11731,14710,0.004280455440458963
2023-06-07,11705,11781,11630,11731,14346,0.0
2023-06-08,11656,11731,11555,11606,13345,-0.010655528087971988
2023-06-09,11681,11681,11530,11556,15246,-0.004308116491469893
2023-06-12,11480,11681,11480,11581,24157,0.002163378331602628
2023-06-13,11605,11981,11580,11681,28490,0.008634832915983104
2023-06-14,11730,11755,11430,11430,30530,-0.021487886311103543
2023-06-15,11430,11530,11279,11330,19865,-0.008748906386701671
2023-06-16,11354,11530,11329,11380,23484,0.0044130626654899086
2023-06-19,11329,11455,11204,11455,19456,0.006590509666080768
2023-06-20,11405,13481,11330,12181,1075515,0.06337843736359661
2023-06-21,12156,12256,11930,12106,127229,-0.006157129956489649
2023-06-22,12055,13256,11755,12681,1029367,0.04749710887163383
2023-06-23,12681,12731,12330,12581,122697,-0.007885813421654397
2023-06-26,12481,13231,12355,12431,238134,-0.011922740640648577
2023-06-27,12605,13831,12530,12781,1579387,0.028155417906845726
2023-06-28,12781,12931,12605,12731,148088,-0.003912056959549326
2023-06-29,12806,12856,12505,12556,118759,-0.013745974393213456
2023-06-30,12455,12756,12280,12606,64712,0.003982159923542561
2023-07-03,12955,14481,12955,13081,1697655,0.03768046961764249
2023-07-04,12855,13281,12805,13006,121914,-0.005733506612644268
2023-07-05,13006,13031,12505,12656,104443,-0.026910656620021567
2023-07-06,12655,13906,12580,12981,832041,0.025679519595448896
2023-07-07,12806,12881,12505,12531,88237,-0.03466605038132653
2023-07-10,12780,13956,12730,13156,659724,0.049876306759237155
2023-07-11,13056,13657,13031,13582,241637,0.03238066281544549
2023-07-12,13706,13731,13281,13281,127159,-0.022161684582535757
2023-07-13,13456,13581,13130,13281,88897,0.0
2023-07-14,13331,13356,12955,13056,58484,-0.016941495369324544
2023-07-17,13080,13356,12830,13306,63805,0.019148284313725394
2023-07-18,13381,13431,12955,13106,62154,-0.015030813166992285
2023-07-19,13106,13181,12530,12606,97654,-0.03815046543567835
2023-07-20,12530,12606,12330,12581,40718,-0.0019831826114549145
2023-07-21,12430,12856,12405,12781,37467,0.01589698752086477
2023-07-24,12756,12781,12130,12231,55313,-0.0430326265550427
2023-07-25,12156,12331,11780,11856,59726,-0.030659798871719435
2023-07-26,11730,11905,11329,11480,91069,-0.03171390013495279
2023-07-27,11430,11831,11430,11606,40076,0.01097560975609757
2023-07-28,11505,11931,11480,11831,29393,0.019386524211614686
2023-07-31,11780,12356,11730,12131,46944,0.025357112670103987
2023-08-01,12131,12281,11955,12131,30426,0.0
2023-08-02,12031,12281,11955,12006,21479,-0.010304179375154598
2023-08-03,12081,14257,11906,13482,2395628,0.12293853073463268
2023-08-04,14081,15106,13130,13306,1992310,-0.013054442960985013
2023-08-07,13031,13607,12931,13582,271316,0.020742522170449362
2023-08-08,13531,13531,12605,12656,227796,-0.06817847150640555
2023-08-09,12655,13006,12655,12806,109676,0.011852085967130277
2023-08-10,12680,13006,12580,12806,70560,0.0
2023-08-11,12805,13056,12730,12831,83097,0.0019522099016087147
2023-08-14,12830,13106,12680,13056,79462,0.01753565583352823
2023-08-16,13006,13006,12205,12356,124416,-0.05361519607843135
2023-08-17,12306,12356,11680,11931,90071,-0.03439624473939784
2023-08-18,11881,11906,11555,11606,54440,-0.02723996312128074
2023-08-21,11856,12106,11730,11756,69482,0.012924349474409791
2023-08-22,11881,12106,11805,11856,42171,0.008506294658046976
2023-08-23,11855,12831,11755,12306,203393,0.037955465587044435
2023-08-24,12330,12631,12255,12606,70933,0.024378352023403327
2023-08-25,12556,12581,12255,12356,35552,-0.01983182611454859
2023-08-28,12330,12506,12005,12506,36900,0.012139851084493447
2023-08-29,12505,13956,12480,13331,1373127,0.0659683351991045
2023-08-30,13681,13906,13330,13456,362412,0.009376640912159617
2023-08-31,13581,13581,13105,13206,96249,-0.018579072532699192
2023-09-01,13356,14107,13181,13532,464157,0.02468574890201425
2023-09-04,13456,14482,12806,13782,495807,0.018474726574046807
2023-09-05,13506,13656,13155,13231,148596,-0.03997968364533444
2023-09-06,13732,13807,13256,13482,233866,0.01897059935001133
2023-09-07,13656,13656,13080,13281,88625,-0.014908767245215837
2023-09-08,13156,13581,13005,13106,54410,-0.013176718620585781
2023-09-11,13080,13456,13080,13331,69234,0.017167709446055168
2023-09-12,13331,13556,12905,12931,78538,-0.03000525091891082
2023-09-13,12856,12981,12605,12756,59629,-0.01353336942231842
2023-09-14,12806,13006,12705,12806,32795,0.0039197240514268206
2023-09-15,12755,13156,12755,13106,72210,0.023426518819303466
2023-09-18,13381,13431,12906,12906,81903,-0.015260186174271273
2023-09-19,12706,12831,12280,12481,69983,-0.03293041995970869
2023-09-20,12381,12506,12030,12256,45646,-0.018027401650508756
2023-09-21,12256,12356,11856,11856,61096,-0.03263707571801566
2023-09-22,11555,11956,11555,11781,38191,-0.0063259109311740724
2023-09-25,11806,12106,11680,11806,55756,0.0021220609455903094
2023-09-26,11780,11855,11255,11255,59419,-0.046671184143655786
2023-09-27,11179,11480,11129,11380,32338,0.011106175033318566
2023-10-04,11355,11355,10904,10980,65004,-0.03514938488576447
2023-10-05,11004,11380,10829,11205,46392,0.020491803278688492
2023-10-06,11055,11781,11055,11631,48726,0.038018741633199404
2023-10-10,11805,11905,11180,11180,67071,-0.03877568566761247
2023-10-11,11305,13181,11305,11806,616271,0.055992844364937344
2023-10-12,11905,12481,11730,11931,136194,0.010587836693206842
2023-10-13,11855,12106,11830,11881,49681,-0.004190763557120114
2023-10-16,11806,11856,11330,11556,33501,-0.02735459978116317
2023-10-17,11505,11781,11505,11681,20997,0.010816891658013139
2023-10-18,11680,11680,11479,11505,24056,-0.01506720315041521
2023-10-19,11505,11505,11080,11080,33609,-0.036940460669274255
2023-10-20,10955,11205,10830,10830,36112,-0.022563176895306847
2023-10-23,10754,11055,10754,10805,18142,-0.0023084025854108736
2023-10-24,10829,11130,10629,11055,25327,0.023137436372050013
2023-10-25,11104,11330,11079,11205,20191,0.013568521031207537
2023-10-26,11080,11080,10705,10705,31839,-0.04462293618920121
2023-10-27,10730,10805,10604,10705,20200,0.0
2023-10-30,10554,10905,10554,10905,11725,0.018682858477347075
2023-10-31,10905,11005,10529,10555,38587,-0.0320953690967446
2023-11-01,10604,10805,10604,10780,14272,0.02131691141639025
2023-11-02,10804,11105,10804,11080,35511,0.027829313543599188
2023-11-03,11104,11405,10979,11355,40531,0.024819494584837454
2023-11-06,11430,11480,11304,11430,31950,0.006605019815059343
2023-11-07,11330,11430,11154,11305,22106,-0.010936132983377034
2023-11-08,11430,11580,11279,11305,23522,0.0
2023-11-09,11280,11380,10879,11230,20175,-0.00663423264042462
2023-11-10,11130,11205,10980,10980,12050,-0.022261798753339224
2023-11-13,10980,11080,10754,10805,15999,-0.015938069216757778
2023-11-14,10804,11030,10804,11005,7168,0.01850994909763992
2023-11-15,11029,11255,11029,11180,13314,0.015901862789641008
2023-11-16,11179,11255,11104,11255,5442,0.0067084078711985295
2023-11-17,11255,12656,11130,12256,889760,0.08893824966681474
2023-11-20,11756,11956,11580,11706,167362,-0.04487597911227159
2023-11-21,11906,12156,11756,11756,144828,0.0042713138561421005
2023-11-22,11880,13056,11655,12256,1458801,0.04253147329023488
2023-11-23,12180,13231,11855,12331,909484,0.006119451697127909
2023-11-24,12380,13056,12080,13006,664874,0.05474008596220914
2023-11-27,12456,12531,11930,12106,220266,-0.06919883130862681
2023-11-28,11981,12206,11705,11781,97986,-0.026846191970923527
2023-11-29,11806,11931,11655,11806,71587,0.0021220609455903094
2023-11-30,11806,11906,11705,11731,27204,-0.006352702015924083
2023-12-01,11780,11956,11730,11906,42931,0.014917739323160761
2023-12-04,11855,12656,11830,12581,165928,0.05669410381320339
2023-12-05,12305,12656,12180,12381,106207,-0.01589698752086477
2023-12-06,12380,12581,12305,12556,90897,0.014134561020919145
2023-12-07,12631,12906,12005,12156,193559,-0.031857279388340265
2023-12-08,12155,12856,12155,12581,206897,0.03496215860480412
2023-12-11,12756,12781,12455,12631,86107,0.003974246880216192
2023-12-12,12630,12981,12305,12856,236639,0.017813316443670235
2023-12-13,12781,12856,12506,12506,63263,-0.02722464219041698
2023-12-14,12405,12831,12355,12706,76905,0.015992323684631327
2023-12-15,12681,12706,12306,12306,56103,-0.03148118998898153
2023-12-18,12380,12531,12330,12406,58232,0.008126117341134442
2023-12-19,12406,12681,12105,12131,92799,-0.02216669353538614
2023-12-20,12230,12631,12055,12331,84081,0.016486687000247358
2023-12-21,12306,12481,12130,12206,31797,-0.010137052955964676
2023-12-22,12231,12256,11930,11981,31228,-0.018433557266917866
2023-12-26,11980,12156,11805,12106,31046,0.010433185877639639
2023-12-27,11980,12406,11980,12406,36765,0.024781100280852453
2023-12-28,12406,12481,12230,12331,41659,-0.006045461873287139
2024-01-02,12330,12556,12255,12506,52232,0.014191874138350435
2024-01-03,12405,12606,12380,12581,46868,0.005997121381736692
2024-01-04,12606,12706,12331,12331,54347,-0.01987123440108096
2024-01-05,12355,12856,12330,12681,100803,0.028383748276701093
2024-01-08,12805,13131,12605,12956,150796,0.021685986909549815
2024-01-09,13081,13981,12756,12756,639266,-0.01543686322939175
2024-01-10,12780,13356,12555,13356,287911,0.0470366886171214
2024-01-11,13356,13656,13056,13056,343946,-0.02246181491464505
2024-01-12,12906,12931,12580,12706,110160,-0.02680759803921573
2024-01-15,13006,13431,12805,12831,294867,0.009837871871556825
2024-01-16,12831,13106,12605,12631,70535,-0.015587249629802846
2024-01-17,12606,12606,11955,12006,109293,-0.04948143456575094
2024-01-18,11955,12281,11955,12231,41071,0.01874062968515733
2024-01-19,12155,12706,12130,12581,90410,0.028615812280271546
2024-01-22,12805,12931,12630,12831,61183,0.01987123440108096
2024-01-23,12755,14006,12705,13031,888323,0.015587249629802846
2024-01-24,13506,13906,13080,13231,702916,0.015348016268897258
2024-01-25,13206,13206,12805,12981,142458,-0.0188950192729197
2024-01-26,13256,15332,13156,14707,4635970,0.13296356212926574
2024-01-29,15207,15232,13981,14057,916128,-0.04419664105527976
2024-01-30,14257,14307,13431,13757,399632,-0.021341680301629085
2024-01-31,13531,13831,12755,12856,346450,-0.06549393036272444
2024-02-01,12756,13857,12531,13732,1020986,0.06813939016801496
2024-02-02,13381,13531,13006,13006,284328,-0.05286921060297112
2024-02-05,12956,13006,12555,12681,133792,-0.02498846686144851
2024-02-06,12631,12781,12330,12456,128347,-0.017743080198722505
2024-02-07,12556,12606,12330,12506,78390,0.004014129736673144
2024-02-08,12481,12581,12380,12406,63174,-0.007996161842315663
2024-02-13,12605,13006,12505,12856,147696,0.03627277123972261
2024-02-14,12655,13006,12605,12956,68129,0.007778469197261995
2024-02-15,12980,13256,12855,13181,108515,0.017366471133065664
2024-02-16,13306,13331,12955,13031,68727,-0.011380016690691108
2024-02-19,13206,13356,13005,13056,86786,0.0019185020336121017
2024-02-20,13156,13281,13006,13006,65234,-0.0038296568627450567
2024-02-21,13006,13031,12756,12756,63322,-0.019221897585729675
2024-02-22,12755,12981,12680,12831,45997,0.00587958607714012
2024-02-23,12931,12956,12530,12706,65412,-0.009742031018626807
2024-02-26,12756,12781,12530,12656,37522,-0.003935148748622663
2024-02-27,12656,12706,12155,12381,68188,-0.0217288242730721
2024-02-28,12430,13231,12430,12681,199927,0.024230676035861487
2024-02-29,12706,12831,12481,12481,39274,-0.015771626843308906
2024-03-04,12606,12656,12280,12381,57504,-0.008012178511337287
2024-03-05,12281,12431,12205,12256,44294,-0.01009611501494223
2024-03-06,12156,12356,12005,12056,47437,-0.01631853785900783
2024-03-07,12081,12206,11605,11781,80314,-0.022810218978102204
2024-03-08,11805,11956,11755,11906,44855,0.01061030472795177
2024-03-11,11905,12256,11855,12131,40823,0.018898034604401204
2024-03-12,12106,12131,11855,11906,36008,-0.018547522875278166
2024-03-13,12030,12181,11905,12081,29203,0.014698471358978615
2024-03-14,12031,12181,11855,11931,33931,-0.012416190712689401
2024-03-15,11880,11956,11805,11931,14985,0.0
2024-03-18,11905,12131,11905,11931,18945,0.0
2024-03-19,11930,12381,11930,12281,65021,0.0293353448998408
2024-03-20,12380,12781,12055,12456,200042,0.014249653936975859
2024-03-21,12431,12481,12280,12381,49448,-0.0060211946050096055
2024-03-22,12431,12456,12255,12306,44085,-0.006057669008965316
2024-03-25,12305,12631,12055,12506,59200,0.016252234682268885
2024-03-26,12505,13256,12405,13106,498841,0.0479769710538942
2024-03-27,12906,12931,12656,12656,111841,-0.03433541889211045
2024-03-28,12756,13006,12630,12681,134331,0.0019753476611883425
2024-03-29,12681,13081,12681,12681,112492,0.0
2024-04-01,12705,12856,12680,12806,45109,0.009857266777067997
2024-04-02,12781,12856,12330,12431,59331,-0.029283148524129277
2024-04-03,12531,12881,12255,12331,57475,-0.008044405116241604
2024-04-04,12330,12456,12255,12356,33034,0.002027410591192824
2024-04-05,12256,12331,12055,12081,38971,-0.022256393654904505
2024-04-08,12056,12081,11805,11906,41823,-0.014485555831470931
2024-04-09,11881,12006,11805,11856,27163,-0.004199563245422477
2024-04-11,11680,11981,11680,11931,13904,0.0063259109311741835
2024-04-12,12030,12156,11855,12056,25612,0.010476908892800285
2024-04-15,12031,12031,11805,11906,21060,-0.012441937624419364
2024-04-16,11780,11905,11404,11430,50318,-0.039979842096422025
2024-04-17,11430,11731,11380,11681,30199,0.021959755030621197
2024-04-18,11680,11856,11680,11831,18672,0.012841366321376668
2024-04-19,11880,12156,11505,11931,51453,0.008452370890034588
2024-04-22,12006,12131,11830,11906,21453,-0.002095381778560057
2024-04-23,11906,12106,11880,11906,22365,0.0
2024-04-24,11905,12031,11905,12031,18502,0.010498908113556249
2024-04-25,12081,12106,11755,11781,14044,-0.020779652564209106
2024-04-26,11880,11880,11479,11505,36512,-0.023427552839317523
2024-04-29,11555,11881,11555,11806,27772,0.026162538026944793
2024-04-30,11780,12081,11730,11806,47907,0.0
2024-05-02,11730,12356,11730,12356,118408,0.04658648145011002
2024-05-03,12281,12956,11955,12006,194346,-0.02832631919715123
2024-05-07,12031,12131,12006,12006,23843,0.0
2024-05-08,11905,12356,11905,12106,42484,0.008329168748958837
2024-05-09,12105,12281,12105,12181,22045,0.006195275070213224
2024-05-10,12205,12356,12030,12281,26050,0.008209506608652717
2024-05-13,12281,12506,12130,12206,30748,-0.0061069945444182094
2024-05-14,12155,12431,12155,12231,20476,0.0020481730296575407
2024-05-16,12306,12356,12130,12181,24519,-0.004087973182895888
2024-05-17,12156,12206,12081,12081,24551,-0.008209506608652828
2024-05-20,12081,12131,11930,11956,24174,-0.01034682559390776
2024-05-21,11955,12031,11855,12031,19342,0.006273001003680223
2024-05-22,12106,12406,11956,11956,86266,-0.006233895769262698
2024-05-23,11955,12081,11830,12006,20593,0.004182000669120001
2024-05-24,11880,12081,11880,12056,26050,0.00416458437447953
2024-05-27,12031,12256,11905,12031,29086,-0.0020736562707365236
2024-05-28,12005,12131,11955,12031,19345,0.0
2024-05-29,11981,12006,11806,11806,24483,-0.018701687307788206
2024-05-30,11805,12431,11680,12431,174001,0.05293918346603421
2024-05-31,12306,12306,12006,12006,61682,-0.034188721744026984
2024-06-03,12005,12656,11980,12531,154384,0.04372813593203406
2024-06-04,12481,12731,12406,12406,73151,-0.009975261351847453
2024-06-05,12506,12581,12181,12181,38481,-0.018136385619861306
2024-06-07,12155,12331,12105,12256,19851,0.006157129956489538
2024-06-10,12255,12831,12180,12756,211594,0.04079634464751969
2024-06-11,12756,12806,12530,12706,72358,-0.0039197240514268206
2024-06-12,12756,12756,12455,12606,49155,-0.007870297497245438
2024-06-13,12556,12631,12380,12531,38811,-0.005949547834364632
2024-06-14,12556,12556,12255,12381,36393,-0.0119703136222169
2024-06-17,12381,12656,12106,12106,173235,-0.022211453032872974
2024-06-18,12081,12181,11830,11906,45810,-0.016520733520568265
2024-06-19,11805,12056,11805,11956,28199,0.004199563245422366
2024-06-20,12005,12231,11930,12181,26856,0.018819003011040447
2024-06-21,12106,12206,11955,12006,26963,-0.014366636565142477
2024-06-24,12056,12106,11755,11781,34861,-0.01874062968515744
2024-06-25,11780,12006,11755,11931,21157,0.012732365673542079
2024-06-26,11980,12256,11930,12006,42378,0.006286145335680171
2024-06-27,11930,12381,11905,11956,41251,-0.004164584374479419
2024-06-28,11956,12006,11830,11881,17299,-0.006273001003680112
2024-07-01,11905,11981,11630,11981,27048,0.008416799932665642
2024-07-02,12031,12081,11630,11681,49718,-0.025039646106335023
2024-07-03,11680,11780,11454,11505,34854,-0.01506720315041521
2024-07-04,11505,11580,11354,11505,18641,0.0
2024-07-05,11429,11630,11429,11480,18343,-0.0021729682746631784
2024-07-08,11480,11530,11304,11480,18310,0.0
2024-07-09,11455,11681,11355,11606,17177,0.01097560975609757
2024-07-10,11681,11756,11505,11581,17911,-0.002154058245735002
2024-07-11,11580,11730,11480,11480,20505,-0.008721181245142873
2024-07-12,11681,11856,11505,11556,39900,0.0066202090592335505
2024-07-15,11656,11681,11555,11606,10253,0.004326756663205256
2024-07-16,11580,11630,11379,11430,17823,-0.01516457004997418
2024-07-17,11480,11530,11304,11355,19999,-0.006561679790026198
2024-07-18,11355,11380,11079,11155,27558,-0.01761338617349184
2024-07-19,11180,11180,10954,10980,41667,-0.015688032272523578
2024-07-22,11330,12755,11055,11055,2820565,0.006830601092896238
2024-07-23,10880,11055,10529,10555,198335,-0.04522840343735868
2024-07-24,10480,10630,10204,10255,85142,-0.02842254855518711
2024-07-25,10104,11155,10029,10455,241079,0.019502681618722484
2024-07-26,10379,10605,10354,10480,33623,0.002391200382592107
2024-07-29,10580,10680,10529,10580,28218,0.009541984732824416
2024-07-30,10505,10555,10229,10380,26878,-0.018903591682419618
2024-07-31,10304,10555,10279,10355,24225,-0.00240847784200382
2024-08-01,10354,10555,10354,10555,17695,0.0193143408981169
2024-08-02,10455,10455,10154,10180,35567,-0.03552818569398386
2024-08-05,10079,10079,8448,8489,104158,-0.1661100196463654
2024-08-06,8458,9294,8458,9294,105734,0.09482860171987273
2024-08-07,9213,9719,9213,9539,30927,0.026361093178394635
2024-08-08,9523,9649,9293,9544,35800,0.0005241639584863123
2024-08-09,9649,9749,9583,9604,14736,0.006286672254819825
2024-08-12,9604,9700,9599,9680,11038,0.00791336942940446
2024-08-13,9704,9719,9503,9529,10959,-0.015599173553718981
2024-08-14,9539,9750,9539,9690,20999,0.016895791793472448
2024-08-16,9729,9880,9689,9765,17496,0.007739938080495445
2024-08-19,9800,9800,9654,9685,11132,-0.008192524321556593
2024-08-20,9684,9780,9669,9700,16662,0.0015487867836860847
2024-08-21,9750,9750,9554,9620,12758,-0.008247422680412342
2024-08-22,9619,9779,9458,9504,18988,-0.012058212058212003
2024-08-23,9358,9549,9358,9389,12841,-0.012100168350168361
2024-08-26,9449,9499,9328,9419,6515,0.003195228458834798
2024-08-27,10204,11630,9954,11230,2270073,0.19227094171355774
2024-08-28,11405,12805,10879,10905,3347168,-0.02894033837934107
2024-08-29,10705,11705,10455,10455,927106,-0.04126547455295737
2024-08-30,11055,12981,10955,11956,6115885,0.14356767097082734
2024-09-02,12156,12556,11805,11881,1024226,-0.006273001003680112
2024-09-03,11655,12381,11555,11756,665959,-0.010520999915831997
2024-09-04,11155,11380,10629,10780,365732,-0.0830214358625383
2024-09-05,11530,12280,11005,11005,2297171,0.020871985157699502
2024-09-06,11005,11380,10629,10805,338135,-0.0181735574738755
2024-09-09,10579,10880,10354,10830,138139,0.0023137436372049347
2024-09-10,10830,10930,10104,10305,180560,-0.04847645429362879
2024-09-11,10304,10530,9949,10530,164072,0.02183406113537112
2024-09-12,10430,10505,10254,10430,129719,-0.009496676163342821
2024-09-13,10655,10705,10255,10255,142503,-0.016778523489932917
2024-09-19,10229,10605,10029,10605,149843,0.03412969283276457
2024-09-20,10930,11105,10254,10305,180439,-0.028288543140028266
2024-09-23,10230,10380,10179,10230,64411,-0.00727802037845704
2024-09-24,10655,10705,10304,10405,130852,0.017106549364613866
2024-09-25,10605,10730,10380,10380,119851,-0.0024026910139356428
2024-09-26,10379,10630,10379,10580,54112,0.019267822736030782
2024-09-27,10530,10630,10405,10405,49151,-0.016540642722117194
2024-09-30,10454,10630,10129,10630,133821,0.021624219125420563
2024-10-02,10330,10505,10104,10205,88399,-0.03998118532455319
2024-10-04,10104,10255,10079,10155,21975,-0.004899559039686419
2024-10-07,10154,10230,10079,10180,23587,0.002461841457410241
2024-10-08,10105,10230,10054,10105,39465,-0.007367387033398787
2024-10-10,10130,10330,10030,10030,23080,-0.00742206828302816
2024-10-11,10055,10130,9989,9995,34361,-0.0034895314057826754
2024-10-14,9960,10005,9859,9945,24311,-0.005002501250625291
2024-10-15,9934,10155,9934,10130,25233,0.018602312719959713
2024-10-16,10030,10155,9959,10005,25683,-0.012339585389930852
2024-10-17,9990,10055,9754,9815,40189,-0.018990504747626202
2024-10-18,9754,9895,9679,9895,27364,0.008150789607743292
2024-10-21,9824,9945,9824,9880,11763,-0.001515917129863542
2024-10-22,9904,9924,9508,9559,29941,-0.032489878542510175
2024-10-23,9509,9855,9479,9625,24912,0.0069044879171460405
2024-10-24,9574,9624,9328,9474,25215,-0.01568831168831164
2024-10-25,9529,9574,9248,9294,34580,-0.01899936668777702
2024-10-28,9198,9514,9153,9504,23072,0.022595222724338226
2024-10-29,9408,9604,9378,9589,22640,0.008943602693602726
2024-10-30,9559,9730,9504,9665,22532,0.00792574825320691
2024-10-31,9699,9699,9468,9559,13231,-0.010967408173823023
2024-11-01,9554,9559,9388,9479,19746,-0.008369076263207487
2024-11-04,9418,9524,9313,9489,20561,0.0010549636037555654
2024-11-05,9489,9710,9459,9650,30597,0.016967014437770045
2024-11-06,9659,9709,9378,9454,22090,-0.020310880829015554
2024-11-07,9604,9604,9293,9354,23072,-0.010577533319229948
2024-11-08,9599,9790,9599,9655,62546,0.03217874706008117
2024-11-11,9684,9709,9343,9384,38269,-0.028068358363542156
2024-11-12,9379,9379,8823,8834,50776,-0.058610400682011954
2024-11-13,8804,8954,8508,8514,40075,-0.03622368123160513
2024-11-14,8514,8774,8393,8454,35871,-0.007047216349541974
2024-11-15,8278,8699,8278,8689,21784,0.027797492311331995
2024-11-18,8618,9089,8613,9054,21377,0.04200713545862578
2024-11-19,9078,9149,8953,9129,19509,0.008283631544068859
2024-11-20,9063,9199,9058,9169,10067,0.004381640924526309
2024-11-21,9169,9184,8953,9059,13809,-0.0119969462318682
2024-11-22,9133,9299,9083,9169,15830,0.012142620598299958
2024-11-25,9228,9444,9103,9429,29187,0.02835641836623415
2024-11-26,9438,9644,9403,9609,33446,0.019090041361756294
2024-11-27,9609,9705,9479,9695,40458,0.008949942761993901
2024-11-28,9704,9814,9563,9609,36462,-0.008870551830840623
2024-11-29,9649,9649,9343,9504,38963,-0.0109272556977833
2024-12-02,9634,10579,9228,9254,797544,-0.026304713804713775
2024-12-03,9253,9584,9253,9434,101864,0.01945104819537491
2024-12-04,9194,9379,8998,9069,82071,-0.038689845240619025
2024-12-05,9104,9199,8893,8934,34778,-0.014885874958650347
2024-12-06,8974,9029,8613,8859,50446,-0.008394895903290789
2024-12-09,8559,8724,8253,8264,72811,-0.06716333671972008
2024-12-10,8338,8899,8338,8899,52294,0.07683930300096797
2024-12-11,9178,9954,9178,9609,344091,0.07978424542083373
2024-12-12,9834,10330,9629,9985,268102,0.03912998230825271
2024-12-13,9749,10000,9704,9930,65822,-0.0055082623935903685
2024-12-16,9989,10255,9894,10155,123963,0.0226586102719033
2024-12-17,10355,10380,9999,10155,70186,0.0
2024-12-18,10179,10555,9999,10455,225293,0.02954209748892178
2024-12-19,10054,10530,10029,10180,129206,-0.02630320420851262
2024-12-20,10455,10480,9959,9985,67806,-0.01915520628683698
2024-12-23,10179,10430,9989,10205,68849,0.022033049574361474
2024-12-24,10280,10280,10004,10105,39774,-0.009799118079372837
2024-12-26,10154,10505,9904,10405,115279,0.029688273132112863
2024-12-27,10555,10855,9904,10030,399985,-0.036040365209034086
2024-12-30,10079,10430,9859,10305,96449,0.02741774675972075
2025-01-02,10304,10855,10229,10730,203418,0.04124211547792345
2025-01-03,10579,11405,10579,10980,302112,0.02329916123019582
2025-01-06,11254,12155,10979,11430,916197,0.040983606557376984
2025-01-07,11430,11530,10904,11030,208823,-0.034995625546806686
2025-01-08,10729,11030,10654,10805,153878,-0.020398912058023577
2025-01-09,10555,10580,9754,10180,233422,-0.05784359093012492
2025-01-10,10205,10280,9904,10205,60817,0.0024557956777995216
2025-01-13,10180,10180,9884,9975,71767,-0.022537971582557548
2025-01-14,9979,10080,9949,10005,55421,0.003007518796992459
2025-01-15,10130,10280,9954,10055,74088,0.004997501249375258
2025-01-16,10304,10780,10229,10480,258047,0.042267528592739856
2025-01-17,10555,10555,10104,10155,88913,-0.031011450381679406
2025-01-20,10054,10280,10029,10255,75583,0.00984736582964052
2025-01-21,10405,10505,10179,10255,46604,0.0
2025-01-22,10354,10705,10179,10480,114208,0.021940516821062905
2025-01-23,10480,10480,10204,10330,57034,-0.014312977099236623
2025-01-24,10305,10405,10179,10205,59713,-0.012100677637947754
2025-01-31,10179,10805,10054,10680,155851,0.04654581087702114
2025-02-03,10505,10580,10254,10405,79243,-0.025749063670411965
2025-02-04,10404,12330,10404,10880,2202098,0.04565112926477655
2025-02-05,10879,11380,10804,11055,442855,0.016084558823529438
2025-02-06,11105,11330,10954,11055,322774,0.0
2025-02-07,11080,11305,10929,11080,193570,0.002261420171868034
2025-02-10,11255,11430,11004,11205,152021,0.011281588447653368
2025-02-11,11305,11330,11004,11080,88735,-0.011155734047300303
2025-02-12,11080,11205,10729,10880,62214,-0.018050541516245522
2025-02-13,10829,11105,10829,10880,39230,0.0
2025-02-14,10980,11030,10804,10855,50103,-0.0022977941176470784
2025-02-17,10879,11005,10754,10930,35053,0.00690925840626444
2025-02-18,10904,11055,10804,10930,50895,0.0
2025-02-19,11005,11005,10679,10755,56038,-0.0160109789569991
2025-02-20,10855,11005,10704,10730,56024,-0.002324500232450011
2025-02-21,10755,10830,10579,10730,34294,0.0
2025-02-24,10704,10880,10554,10780,50438,0.004659832246039164
2025-02-25,10755,10780,10479,10505,42234,-0.025510204081632626
2025-02-26,10529,11580,10479,10705,395581,0.0190385530699666
2025-02-27,10630,10780,10505,10505,47549,-0.018682858477347075
2025-02-28,10355,10455,10105,10105,77305,-0.038077106139933314
2025-03-04,9969,10055,9909,10000,48330,-0.010390895596239513
2025-03-05,9934,10330,9924,10155,39545,0.01550000000000007
2025-03-06,10230,10305,9994,10005,28300,-0.01477104874446089
2025-03-07,9955,10030,9805,9805,41391,-0.019990004997501254
2025-03-10,9794,9900,9694,9820,17460,0.0015298317185110655
2025-03-11,9755,9755,9079,9660,33149,-0.016293279022403295
2025-03-12,9579,9745,9579,9640,14739,-0.0020703933747412417
2025-03-13,9654,10530,9654,9905,239774,0.0274896265560165
2025-03-14,9924,10155,9824,9995,54388,0.009086320040383677
2025-03-17,10230,10230,9934,9955,64623,-0.004002001000500299
2025-03-18,9970,10055,9784,9945,66067,-0.001004520341536863
2025-03-19,9915,9945,9814,9845,29372,-0.010055304172951196
2025-03-20,9844,9894,9564,9564,39138,-0.028542407313357
2025-03-21,9659,9699,9053,9609,56735,0.004705144291091701
2025-03-24,9609,9679,9508,9509,15601,-0.010406910188365037
2025-03-25,9514,9644,9438,9499,21958,-0.0010516352928804373
2025-03-26,9749,9980,9584,9975,84073,0.05011053795136333
2025-03-27,9975,10005,9774,9840,30266,-0.013533834586466176
2025-03-28,9845,9890,9569,9770,19956,-0.007113821138211351
2025-03-31,9604,9724,9168,9554,29240,-0.022108495394063454
2025-04-01,9554,9669,9428,9504,37458,-0.005233410090014656
2025-04-02,9504,9629,9348,9499,17686,-0.000526094276094291
2025-04-03,9338,9498,9333,9499,26081,0.0
2025-04-04,9328,9629,9328,9614,29877,0.012106537530266248
2025-04-07,9429,9639,9108,9229,42557,-0.040045766590389054
2025-04-08,9299,9409,9103,9254,50780,0.002708852530068251
2025-04-09,9013,9304,8953,9019,51521,-0.025394424032850638
2025-04-10,9299,9630,9279,9620,63131,0.06663709945670249
2025-04-11,0,0,0,9620,0,0.0
2025-04-14,0,0,0,9620,0,0.0
2025-04-15,0,0,0,9620,0,0.0
2025-04-16,0,0,0,9620,0,0.0
2025-04-17,0,0,0,9620,0,0.0
2025-04-18,0,0,0,9620,0,0.0
2025-04-21,0,0,0,9620,0,0.0
2025-04-22,0,0,0,9620,0,0.0
2025-04-23,0,0,0,9620,0,0.0
2025-04-24,0,0,0,9620,0,0.0
2025-04-25,0,0,0,9620,0,0.0
2025-04-28,0,0,0,9620,0,0.0
2025-04-29,0,0,0,9620,0,0.0
2025-04-30,0,0,0,9620,0,0.0
2025-05-02,0,0,0,9620,0,0.0
2025-05-07,10290,10490,9920,9920,164435,0.031185031185031242
2025-05-08,9920,10200,9500,9560,93061,-0.03629032258064513
2025-05-09,9520,9760,9260,9710,65007,0.01569037656903771
2025-05-12,9700,9760,9620,9720,60489,0.001029866117404632
2025-05-13,9720,9800,9530,9540,37559,-0.01851851851851849
2025-05-14,9710,9710,9270,9440,40582,-0.010482180293501009
2025-05-15,9480,9480,9280,9300,50690,-0.014830508474576232
2025-05-16,9500,9540,9100,9300,40500,0.0
2025-05-19,9330,9330,9130,9160,25556,-0.01505376344086018
2025-05-20,9140,9290,9140,9270,22212,0.012008733624454093
2025-05-21,9280,9370,9170,9220,16983,-0.005393743257820938
2025-05-22,9210,9320,9080,9080,36877,-0.015184381778741818
2025-05-23,9270,9350,9080,9130,37982,0.005506607929515406
2025-05-26,9180,9260,9030,9170,31496,0.004381161007666945
2025-05-27,9180,9200,9110,9170,20223,0.0
2025-05-28,9100,9260,9100,9180,35306,0.0010905125408942062
2025-05-29,9180,9400,9150,9360,38088,0.019607843137254832
2025-05-30,9360,9460,9280,9390,17956,0.0032051282051281937
2025-06-02,9390,9720,9390,9670,62457,0.029818956336528313
2025-06-04,9610,9850,9610,9850,62874,0.018614270941054833
2025-06-05,9800,9850,9650,9650,49520,-0.02030456852791873
2025-06-09,9800,10130,9800,10050,156669,0.041450777202072464
2025-06-10,10080,10200,9950,10100,67130,0.004975124378109541
2025-06-11,10120,12970,10090,11650,5045831,0.15346534653465338
2025-06-12,11810,11870,11580,11670,541814,0.0017167381974247942
2025-06-13,11790,12060,11310,11790,828391,0.010282776349614497
2025-06-16,11990,12190,11430,12190,476749,0.03392705682782027
2025-06-17,12190,12400,11900,12260,385500,0.005742411812961423
2025-06-18,12320,12630,11970,12530,386255,0.022022838499184294
2025-06-19,12620,12710,12350,12460,196448,-0.005586592178770999
2025-06-20,12500,12730,12150,12710,332974,0.02006420545746379
2025-06-23,12660,13550,12510,13230,713652,0.040912667191188135
2025-06-24,13600,13810,12880,13220,611783,-0.0007558578987150177
2025-06-25,13220,13340,12810,12950,269629,-0.0204236006051437
2025-06-26,12700,12950,11800,12030,283803,-0.07104247104247108
2025-06-27,12120,12180,11660,12010,135994,-0.0016625103906899863
2025-06-30,12080,12080,11690,11800,86389,-0.017485428809325576
2025-07-01,11830,12210,11750,11920,117433,0.01016949152542379
2025-07-02,11920,12030,11500,11600,55414,-0.02684563758389258
2025-07-03,11830,12240,11590,12210,140917,0.05258620689655169
2025-07-04,12300,12300,11680,11680,95598,-0.04340704340704338
2025-07-07,12160,12230,11680,12070,63696,0.03339041095890405
2025-07-08,12200,12200,11800,12100,53882,0.0024855012427507095
