Date,Open,High,Low,Close,Volume,Change
2022-01-03,9230,9300,9160,9190,8649,0.0010893246187364536
2022-01-04,9280,9300,9130,9160,11705,-0.0032644178454842576
2022-01-05,9120,9160,9040,9090,18309,-0.007641921397379958
2022-01-06,9090,9090,8970,9030,11555,-0.0066006600660065695
2022-01-07,9030,9350,9030,9160,27171,0.01439645625692143
2022-01-10,9160,9610,8990,9090,36800,-0.007641921397379958
2022-01-11,9090,9100,8940,8990,22603,-0.011001100110010986
2022-01-12,9040,9040,8980,9030,7040,0.004449388209121219
2022-01-13,9030,9080,8970,9030,9574,0.0
2022-01-14,9030,11700,9010,11400,3449613,0.2624584717607974
2022-01-17,9870,11700,9610,10000,1707491,-0.1228070175438597
2022-01-18,10000,10350,9420,9530,348709,-0.04700000000000004
2022-01-19,9320,9590,9090,9130,188025,-0.04197271773347322
2022-01-20,9170,9330,9100,9330,87097,0.02190580503833517
2022-01-21,9310,9350,9100,9200,62048,-0.01393354769560562
2022-01-24,9100,9270,8950,8950,67280,-0.02717391304347827
2022-01-25,8950,9040,8390,8500,144642,-0.05027932960893855
2022-01-26,8490,8690,8420,8660,56769,0.018823529411764683
2022-01-27,8650,8730,8180,8180,76778,-0.05542725173210161
2022-01-28,8180,8490,8130,8470,45994,0.03545232273838628
2022-02-03,8600,8840,8470,8770,78728,0.03541912632821731
2022-02-04,8700,9010,8700,8980,53042,0.02394526795895091
2022-02-07,8990,9160,8900,9110,52925,0.014476614699331813
2022-02-08,9140,9200,8990,9030,39433,-0.008781558726673966
2022-02-09,9070,9250,9020,9230,37478,0.02214839424141757
2022-02-10,9210,9300,9160,9240,48107,0.0010834236186347823
2022-02-11,9110,9230,8990,9000,36695,-0.025974025974025983
2022-02-14,9000,9000,8750,8870,26243,-0.014444444444444482
2022-02-15,8870,8950,8750,8810,21799,-0.006764374295377684
2022-02-16,8850,9110,8850,9090,29942,0.03178206583427934
2022-02-17,9030,9280,8780,9020,44964,-0.007700770077007646
2022-02-18,9020,9360,9000,9230,71369,0.02328159645232808
2022-02-21,9220,9220,9070,9190,16678,-0.004333694474539573
2022-02-22,9190,9190,9020,9030,20077,-0.017410228509249226
2022-02-23,9050,9160,9000,9120,23139,0.009966777408637828
2022-02-24,9060,9060,8880,8910,27039,-0.023026315789473673
2022-02-25,8950,9140,8920,8990,20902,0.008978675645342271
2022-02-28,8990,9020,8860,8990,14921,0.0
2022-03-02,8880,9100,8880,9080,17803,0.010011123470522909
2022-03-03,9260,9400,9060,9230,65127,0.016519823788546217
2022-03-04,9160,9240,9110,9230,19907,0.0
2022-03-07,9220,9220,9070,9100,25530,-0.014084507042253502
2022-03-08,8950,9090,8880,8900,28874,-0.02197802197802201
2022-03-10,9120,9150,8890,8930,29302,0.003370786516853963
2022-03-11,8930,8990,8930,8960,15489,0.0033594624860022737
2022-03-14,9000,9200,8910,9000,28648,0.0044642857142858094
2022-03-15,8980,9010,8860,8860,22409,-0.015555555555555545
2022-03-16,8910,8920,8840,8900,19140,0.004514672686230181
2022-03-17,8980,9040,8940,9030,25858,0.014606741573033766
2022-03-18,9040,9110,9010,9070,24578,0.0044296788482836025
2022-03-21,9300,9360,9150,9150,61682,0.008820286659316334
2022-03-22,9150,9300,9150,9230,18755,0.008743169398907069
2022-03-23,9240,9320,9180,9250,25943,0.0021668472372697867
2022-03-24,9250,9660,9210,9660,125573,0.044324324324324316
2022-03-25,9740,9750,9500,9630,50126,-0.0031055900621117516
2022-03-28,9630,9630,9360,9430,41564,-0.020768431983385294
2022-03-29,9360,9740,9360,9580,61703,0.01590668080593849
2022-03-30,9580,9700,9560,9650,39516,0.007306889352818313
2022-03-31,9650,9780,9560,9690,25451,0.004145077720207224
2022-04-01,9600,9750,9590,9690,18017,0.0
2022-04-04,9690,9750,9570,9700,31488,0.0010319917440659854
2022-04-05,9680,9750,9560,9700,18827,0.0
2022-04-06,9680,9690,9560,9590,18288,-0.01134020618556697
2022-04-07,9560,9560,9280,9300,37587,-0.030239833159541152
2022-04-08,9370,9390,9200,9310,16989,0.0010752688172042113
2022-04-11,9260,9490,9220,9400,17103,0.009667024704618665
2022-04-12,9400,9420,9250,9360,13553,-0.004255319148936176
2022-04-13,9360,9480,9330,9460,19493,0.010683760683760646
2022-04-14,9550,9560,9470,9550,16704,0.009513742071881603
2022-04-15,9550,9550,9470,9540,16523,-0.0010471204188481353
2022-04-18,9540,11250,9530,10300,1227350,0.07966457023060802
2022-04-19,10300,10800,10100,10500,282585,0.01941747572815533
2022-04-20,10550,13650,10350,13650,3916353,0.30000000000000004
2022-04-21,15000,15000,12500,12750,3275890,-0.06593406593406592
2022-04-22,12650,13750,12300,12900,2790768,0.0117647058823529
2022-04-25,13300,15050,12750,13150,5569092,0.019379844961240345
2022-04-26,13400,13700,12700,13200,737444,0.0038022813688212143
2022-04-27,12850,13450,12050,12150,554917,-0.07954545454545459
2022-04-28,12050,13050,11850,12200,866506,0.004115226337448652
2022-04-29,12100,12300,11550,11750,207971,-0.03688524590163933
2022-05-02,11750,12900,11650,12000,921513,0.02127659574468077
2022-05-03,12000,12150,11600,12100,214940,0.008333333333333304
2022-05-04,11950,12150,11500,11500,197676,-0.04958677685950408
2022-05-06,11450,11650,10850,11050,150589,-0.03913043478260869
2022-05-09,10900,11300,10650,10850,135636,-0.018099547511312264
2022-05-10,10550,11000,10350,10900,122565,0.004608294930875667
2022-05-11,10750,11100,10650,10800,69887,-0.00917431192660545
2022-05-12,10700,11100,10350,10500,100318,-0.02777777777777779
2022-05-13,10450,10850,10300,10750,77831,0.023809523809523725
2022-05-16,11200,11550,10850,11300,262943,0.051162790697674376
2022-05-17,11300,11400,10700,10850,130949,-0.03982300884955747
2022-05-18,10850,11150,10700,10900,75633,0.004608294930875667
2022-05-19,10900,11000,10450,10500,71943,-0.03669724770642202
2022-05-20,10450,10850,10350,10500,56410,0.0
2022-05-23,10600,10700,10300,10650,58207,0.014285714285714235
2022-05-24,10650,10650,10200,10200,65534,-0.04225352112676062
2022-05-25,10250,10750,10250,10550,94891,0.03431372549019618
2022-05-26,10900,10900,10400,10600,60806,0.004739336492890933
2022-05-27,10650,10950,10550,10850,69480,0.02358490566037741
2022-05-30,10900,11050,10700,10950,42608,0.009216589861751112
2022-05-31,10950,11050,10800,11000,34854,0.004566210045662045
2022-06-02,10850,11100,10750,10950,45688,-0.004545454545454519
2022-06-03,10950,10950,10800,10950,19016,0.0
2022-06-07,10850,10950,10550,10650,39040,-0.0273972602739726
2022-06-08,10650,10650,10400,10450,31273,-0.018779342723004744
2022-06-09,10450,10500,10050,10250,47231,-0.019138755980861233
2022-06-10,10100,10250,9900,9990,60854,-0.025365853658536608
2022-06-13,9890,9950,9530,9670,66360,-0.03203203203203209
2022-06-14,9450,9570,9000,9300,77644,-0.0382626680455016
2022-06-15,9250,9800,9190,9230,109069,-0.007526881720430145
2022-06-16,9260,9730,9260,9430,53593,0.021668472372697645
2022-06-17,9130,9370,9060,9250,47981,-0.019088016967126142
2022-06-20,9210,9360,8770,8790,62863,-0.04972972972972978
2022-06-21,8720,9010,8710,8950,36668,0.018202502844141044
2022-06-22,9160,9180,8460,8460,54164,-0.054748603351955305
2022-06-23,8660,8660,7930,7930,132476,-0.06264775413711587
2022-06-24,7760,8320,7760,8300,41853,0.046658259773013855
2022-06-27,8350,8670,8340,8660,29632,0.04337349397590362
2022-06-28,8660,8730,8500,8710,21842,0.005773672055427337
2022-06-29,8650,8760,8510,8690,9869,-0.0022962112514350874
2022-06-30,8600,8610,8360,8460,23482,-0.026467203682393525
2022-07-01,8420,8550,8220,8280,21372,-0.021276595744680882
2022-07-04,8440,8480,8010,8120,21471,-0.019323671497584516
2022-07-05,8030,8330,8030,8260,25763,0.01724137931034475
2022-07-06,8270,8410,8160,8250,24378,-0.001210653753026647
2022-07-07,8250,8450,8240,8420,13974,0.020606060606060517
2022-07-08,8480,8650,8410,8600,30693,0.0213776722090262
2022-07-11,8800,8800,8500,8500,25979,-0.011627906976744207
2022-07-12,8410,8460,8210,8230,18371,-0.03176470588235292
2022-07-13,8230,8320,8130,8300,12415,0.008505467800729027
2022-07-14,8300,8330,8160,8260,13134,-0.004819277108433773
2022-07-15,8260,8470,8030,8320,40150,0.007263922518159882
2022-07-18,8340,8540,8340,8510,18138,0.022836538461538547
2022-07-19,8510,8600,8430,8590,9921,0.009400705052879044
2022-07-20,8590,8720,8590,8630,20701,0.00465657741559955
2022-07-21,8640,8730,8400,8620,25542,-0.0011587485515642815
2022-07-22,8580,8690,8500,8570,10719,-0.0058004640371229765
2022-07-25,8600,8600,8490,8600,4204,0.003500583430571691
2022-07-26,8600,8760,8560,8760,25693,0.018604651162790642
2022-07-27,8760,8760,8690,8700,7785,-0.006849315068493178
2022-07-28,8700,8840,8690,8750,12063,0.005747126436781658
2022-07-29,8710,8760,8650,8690,11107,-0.006857142857142895
2022-08-01,8840,8840,8650,8690,8961,0.0
2022-08-02,8690,8690,8540,8590,13166,-0.011507479861910253
2022-08-03,8700,11150,8700,11150,1971477,0.2980209545983703
2022-08-04,11200,11300,10050,10300,1661657,-0.07623318385650224
2022-08-05,10250,10350,9920,9970,376997,-0.03203883495145632
2022-08-08,9840,9890,9570,9800,248443,-0.017051153460381108
2022-08-09,9760,10150,9700,9870,347313,0.0071428571428571175
2022-08-10,9940,9950,9700,9740,100637,-0.01317122593718334
2022-08-11,9740,10650,9530,9560,737402,-0.01848049281314168
2022-08-12,9530,9670,9390,9670,103933,0.011506276150627714
2022-08-16,9690,9730,9590,9600,71369,-0.007238883143743546
2022-08-17,9580,9660,9440,9510,61310,-0.009375000000000022
2022-08-18,9540,9600,9450,9560,53103,0.00525762355415349
2022-08-19,9640,9730,9490,9490,72094,-0.007322175732217606
2022-08-22,9610,10150,9480,9480,397660,-0.0010537407797681642
2022-08-23,9550,9570,9200,9200,85262,-0.029535864978902926
2022-08-24,9210,9360,9110,9130,74413,-0.007608695652173925
2022-08-25,9170,9370,9170,9310,36025,0.019715224534501585
2022-08-26,9430,9460,9300,9310,44381,0.0
2022-08-29,9120,9120,8940,9000,45468,-0.03329752953813103
2022-08-30,9000,9150,8950,9110,35710,0.012222222222222134
2022-08-31,9110,9250,9030,9220,21850,0.01207464324917673
2022-09-01,9290,9520,9070,9140,69659,-0.008676789587852451
2022-09-02,9140,9170,8890,9020,41738,-0.013129102844638973
2022-09-05,8880,9020,8870,8900,27779,-0.013303769401330379
2022-09-06,8890,9000,8870,8970,17738,0.00786516853932584
2022-09-07,8890,8950,8680,8730,41339,-0.026755852842809347
2022-09-08,8860,8870,8700,8780,20745,0.00572737686139746
2022-09-13,8800,9020,8800,8960,23773,0.0205011389521641
2022-09-14,8760,9150,8760,9070,32227,0.01227678571428581
2022-09-15,9070,9330,9040,9100,51878,0.00330760749724357
2022-09-16,9100,9330,8970,8970,19894,-0.014285714285714235
2022-09-19,8850,9090,8800,8890,29052,-0.00891861761426982
2022-09-20,8880,9000,8840,8850,16117,-0.004499437570303688
2022-09-21,8800,8990,8800,8830,14773,-0.002259887005649719
2022-09-22,8730,9250,8700,9040,77918,0.023782559456398733
2022-09-23,9040,9070,8560,8600,49468,-0.04867256637168138
2022-09-26,8430,8790,8050,8050,73164,-0.06395348837209303
2022-09-27,7900,8400,7800,8120,46010,0.008695652173912993
2022-09-28,8010,8650,8010,8030,88100,-0.011083743842364546
2022-09-29,8070,8360,8070,8120,24270,0.011207970112079746
2022-09-30,7950,8070,7760,7960,50559,-0.019704433497536922
2022-10-04,7960,8750,7960,8310,157461,0.04396984924623126
2022-10-05,8420,8640,8360,8470,36757,0.019253910950661757
2022-10-06,8430,8560,8430,8520,21739,0.005903187721369552
2022-10-07,8440,8670,8440,8640,22170,0.014084507042253502
2022-10-11,8600,8600,8100,8100,30466,-0.0625
2022-10-12,8000,8270,8000,8130,27621,0.0037037037037037646
2022-10-13,8090,8230,7800,7800,32178,-0.040590405904059046
2022-10-14,7870,8550,7870,8160,90385,0.04615384615384621
2022-10-17,8160,8270,8050,8230,14708,0.008578431372548989
2022-10-18,8270,8350,8100,8300,21453,0.008505467800729027
2022-10-19,8380,8380,8120,8120,13136,-0.02168674698795181
2022-10-20,8120,9320,8000,8130,545402,0.0012315270935960854
2022-10-21,8230,8280,7980,7980,35494,-0.01845018450184499
2022-10-24,8100,8250,8050,8090,25863,0.013784461152882121
2022-10-25,8090,8180,7980,8050,23566,-0.0049443757725586845
2022-10-26,8180,8180,7930,7970,20907,-0.009937888198757738
2022-10-27,8070,8110,7980,8090,17210,0.015056461731492998
2022-10-28,8000,8150,8000,8040,15958,-0.006180469715698411
2022-10-31,8060,8200,8060,8140,17176,0.01243781094527363
2022-11-01,8070,8340,8070,8320,13654,0.02211302211302213
2022-11-02,8240,8320,8200,8320,16552,0.0
2022-11-03,8170,8290,8110,8270,27053,-0.006009615384615419
2022-11-04,8300,8330,8090,8190,21027,-0.0096735187424426
2022-11-07,8140,8350,8140,8220,20287,0.00366300366300365
2022-11-08,8220,8350,8220,8310,16453,0.010948905109489093
2022-11-09,8360,8490,8250,8360,24782,0.006016847172081841
2022-11-10,8260,8490,8260,8390,19566,0.0035885167464115852
2022-11-11,8530,8530,8400,8400,27183,0.0011918951132301459
2022-11-14,8410,8560,8410,8500,20264,0.011904761904761862
2022-11-15,8510,8600,8410,8570,28650,0.008235294117647118
2022-11-16,8620,8830,8520,8800,49004,0.02683780630105015
2022-11-17,8830,8830,8600,8820,20868,0.002272727272727204
2022-11-18,8750,8800,8590,8590,21173,-0.02607709750566889
2022-11-21,8600,8600,8340,8350,28698,-0.027939464493597188
2022-11-22,8270,9080,8270,8460,357341,0.013173652694610682
2022-11-23,8480,8590,8470,8490,23820,0.0035460992907800915
2022-11-24,8490,8560,8490,8550,9801,0.007067137809187329
2022-11-25,8560,8580,8460,8550,17941,0.0
2022-11-28,8470,8550,8380,8380,19528,-0.019883040935672502
2022-11-29,8310,8530,8310,8500,11319,0.014319809069212486
2022-11-30,8500,8640,8500,8610,22189,0.012941176470588234
2022-12-01,8620,8720,8580,8670,20465,0.006968641114982521
2022-12-02,8670,8700,8550,8560,17171,-0.012687427912341454
2022-12-05,8600,8890,8580,8700,32161,0.016355140186915973
2022-12-06,8620,8770,8510,8520,15822,-0.020689655172413834
2022-12-07,8520,8690,8440,8570,14061,0.005868544600938996
2022-12-08,8550,8690,8430,8430,12796,-0.016336056009334854
2022-12-09,8440,8580,8420,8490,6182,0.007117437722419906
2022-12-12,8570,8590,8490,8520,7049,0.0035335689045936647
2022-12-13,8540,8610,8510,8550,9073,0.0035211267605634866
2022-12-14,8520,8680,8520,8650,13820,0.011695906432748648
2022-12-15,8660,9350,8650,8710,291367,0.006936416184971206
2022-12-16,8680,8810,8580,8770,24775,0.006888633754305484
2022-12-19,8690,8830,8660,8740,18554,-0.0034207525655644
2022-12-20,8740,8800,8520,8550,26934,-0.021739130434782594
2022-12-21,8550,8840,8550,8780,36213,0.026900584795321647
2022-12-22,8830,8830,8620,8830,15692,0.005694760820045497
2022-12-23,8830,9130,8810,9030,94238,0.022650056625141524
2022-12-26,9070,9110,8850,8960,40835,-0.007751937984496138
2022-12-27,9050,9050,8850,8950,35802,-0.0011160714285713969
2022-12-28,8930,8930,8730,8760,17820,-0.021229050279329642
2022-12-29,8760,8760,8400,8500,36381,-0.029680365296803624
2023-01-02,8500,8540,8350,8420,18946,-0.009411764705882342
2023-01-03,8350,8440,8120,8300,35113,-0.014251781472684133
2023-01-04,8200,8420,8180,8400,15737,0.012048192771084265
2023-01-05,8370,8500,8360,8390,10334,-0.0011904761904761862
2023-01-06,8340,8490,8260,8450,8015,0.007151370679380209
2023-01-09,8550,8620,8460,8580,22276,0.01538461538461533
2023-01-10,8660,8660,8480,8550,20867,-0.0034965034965035446
2023-01-11,8550,8690,8550,8620,11450,0.008187134502924076
2023-01-12,8690,9090,8560,8740,150938,0.0139211136890951
2023-01-13,8650,8930,8640,8700,26536,-0.004576659038901587
2023-01-16,8700,8770,8660,8750,13020,0.005747126436781658
2023-01-17,8770,8850,8660,8660,15814,-0.010285714285714231
2023-01-18,8670,8720,8620,8660,9604,0.0
2023-01-19,8660,8750,8620,8710,7378,0.005773672055427337
2023-01-20,8710,8750,8670,8730,7393,0.0022962112514350874
2023-01-25,8730,8840,8690,8740,12331,0.001145475372279492
2023-01-26,8710,8790,8710,8760,9614,0.0022883295194509046
2023-01-27,8760,8830,8710,8750,20749,-0.0011415525114155667
2023-01-30,8890,8890,8700,8720,19890,-0.0034285714285714475
2023-01-31,8620,8740,8560,8680,20060,-0.004587155963302725
2023-02-01,8690,8770,8660,8720,14473,0.004608294930875667
2023-02-02,8720,8860,8720,8780,23370,0.006880733944954143
2023-02-03,8740,8840,8730,8790,12353,0.001138952164009055
2023-02-06,8710,8890,8700,8890,21768,0.011376564277588264
2023-02-07,8840,8920,8820,8860,15507,-0.003374578177727794
2023-02-08,8870,8930,8850,8910,19501,0.0056433408577878375
2023-02-09,8910,9050,8890,8930,38401,0.002244668911335568
2023-02-10,8930,9050,8750,8830,50819,-0.011198208286674172
2023-02-13,8830,8870,8720,8840,15654,0.0011325028312569874
2023-02-14,8810,8900,8810,8850,13241,0.0011312217194570096
2023-02-15,8870,8870,8550,8620,26123,-0.025988700564971712
2023-02-16,8620,8700,8590,8650,20018,0.0034802784222738303
2023-02-17,8700,8730,8590,8620,13767,-0.003468208092485603
2023-02-20,8670,8980,8660,8860,50113,0.0278422273781902
2023-02-21,8860,8970,8860,8920,32863,0.006772009029345272
2023-02-22,8810,9000,8810,8850,27213,-0.007847533632286963
2023-02-23,8860,8970,8810,8850,16481,0.0
2023-02-24,8870,8950,8830,8860,22671,0.001129943502824915
2023-02-27,8780,8850,8730,8800,21180,-0.006772009029345383
2023-02-28,8800,8950,8700,8850,20719,0.005681818181818121
2023-03-02,8950,8950,8850,8920,12233,0.00790960451977396
2023-03-03,8920,9060,8920,9040,28032,0.013452914798206317
2023-03-06,8990,9060,8850,9010,26045,-0.0033185840707964376
2023-03-07,9010,9010,8850,8940,31370,-0.007769145394006638
2023-03-08,8940,9000,8880,8960,17761,0.0022371364653244186
2023-03-09,8960,8980,8890,8970,11748,0.0011160714285713969
2023-03-10,8880,8880,8680,8680,26149,-0.032329988851728
2023-03-13,8530,8680,8500,8570,25761,-0.012672811059907807
2023-03-14,8580,8580,8270,8280,30601,-0.03383897316219375
2023-03-15,8380,8540,8370,8460,18443,0.021739130434782705
2023-03-16,8390,8540,8320,8460,11694,0.0
2023-03-17,8550,8560,8450,8530,7870,0.008274231678486954
2023-03-20,8520,8550,8360,8400,23600,-0.015240328253223967
2023-03-21,8400,8430,8370,8380,9327,-0.0023809523809523725
2023-03-22,8380,8410,8300,8300,13996,-0.009546539379474916
2023-03-23,8290,8290,8100,8120,27847,-0.02168674698795181
2023-03-24,8020,8140,8000,8060,29358,-0.007389162561576401
2023-03-27,8050,8130,7920,8030,25942,-0.003722084367245637
2023-03-28,7970,8120,7970,8100,24978,0.008717310087173136
2023-03-29,8080,8140,8010,8110,15290,0.0012345679012346622
2023-03-30,8170,8300,8170,8230,22021,0.01479654747225645
2023-03-31,8270,8290,8200,8220,14154,-0.0012150668286755595
2023-04-03,8230,8300,8220,8280,13677,0.007299270072992803
2023-04-04,8240,8530,8230,8510,33325,0.02777777777777768
2023-04-05,8460,8560,8340,8430,28341,-0.009400705052878933
2023-04-06,8430,8430,8200,8210,21396,-0.0260972716488731
2023-04-07,8190,8260,8140,8220,11209,0.0012180267965895553
2023-04-10,8200,8220,8070,8110,23348,-0.01338199513381999
2023-04-11,8110,8230,8080,8210,15314,0.012330456226880449
2023-04-12,8160,8330,8160,8310,14733,0.01218026796589533
2023-04-13,8290,8330,8210,8330,17723,0.002406738868832692
2023-04-14,8350,8490,8350,8360,23704,0.0036014405762305746
2023-04-17,8410,8410,8260,8380,10172,0.0023923444976077235
2023-04-18,8380,8380,8190,8300,29102,-0.009546539379474916
2023-04-19,8330,8390,8270,8370,10733,0.008433734939758963
2023-04-20,8350,8410,8290,8330,10295,-0.004778972520907976
2023-04-21,8330,8390,8180,8230,17906,-0.01200480192076836
2023-04-24,8240,8330,8110,8190,20914,-0.004860267314702349
2023-04-25,8200,8260,8100,8150,12280,-0.004884004884004867
2023-04-26,8160,8240,8090,8190,10989,0.004907975460122671
2023-04-27,8200,8290,8100,8170,14243,-0.0024420024420024333
2023-04-28,8200,8240,8110,8200,15219,0.003671970624234966
2023-05-02,8260,8280,8150,8210,13560,0.0012195121951219523
2023-05-03,8100,8270,8100,8210,10986,0.0
2023-05-04,8210,8440,8160,8380,52332,0.020706455542021995
2023-05-08,8390,9080,8370,8580,345336,0.023866348448687402
2023-05-09,8610,10840,8610,9170,4208513,0.06876456876456882
2023-05-10,9280,9290,8900,8900,320309,-0.0294438386041439
2023-05-11,8900,9030,8770,8940,133487,0.004494382022471877
2023-05-12,8760,8940,8650,8700,149676,-0.02684563758389258
2023-05-15,8730,8850,8700,8760,67414,0.006896551724137945
2023-05-16,8810,9130,8810,8960,145154,0.022831050228310446
2023-05-17,9130,9140,8890,9040,83112,0.008928571428571397
2023-05-18,9000,9060,8810,8910,60936,-0.014380530973451378
2023-05-19,8860,8950,8760,8860,46887,-0.0056116722783389195
2023-05-22,8820,9160,8820,8960,76197,0.011286681715575675
2023-05-23,8960,9000,8840,8900,42833,-0.006696428571428603
2023-05-24,8870,9700,8850,9050,598969,0.016853932584269593
2023-05-25,9040,9300,8950,9160,88011,0.012154696132596676
2023-05-26,9190,9330,8890,8910,83340,-0.02729257641921401
2023-05-30,8910,9030,8790,8880,54139,-0.0033670033670033517
2023-05-31,8830,8930,8790,8840,31483,-0.0045045045045044585
2023-06-01,8990,8990,8720,8740,28735,-0.011312217194570096
2023-06-02,8750,8830,8730,8830,19678,0.010297482837528626
2023-06-05,8830,8940,8790,8860,20400,0.003397508493771184
2023-06-07,8860,9040,8850,8910,36017,0.0056433408577878375
2023-06-08,8910,9180,8880,9120,73465,0.023569023569023573
2023-06-09,9150,9180,9030,9040,48324,-0.00877192982456143
2023-06-12,9180,9230,9040,9090,42189,0.005530973451327359
2023-06-13,9060,9150,9060,9080,22663,-0.0011001100110010764
2023-06-14,9150,9150,9020,9120,38269,0.004405286343612369
2023-06-15,9100,9170,9010,9110,22476,-0.0010964912280702066
2023-06-16,9120,9250,9050,9220,35092,0.01207464324917673
2023-06-19,9220,9230,9020,9050,31974,-0.018438177874186557
2023-06-20,9050,9080,8920,8920,23768,-0.01436464088397793
2023-06-21,8950,8950,8810,8830,21836,-0.010089686098654682
2023-06-22,8830,9070,8820,8900,14403,0.007927519818799578
2023-06-23,8910,8980,8810,8820,12025,-0.008988764044943864
2023-06-26,8820,8960,8720,8940,17740,0.013605442176870763
2023-06-27,8950,9110,8840,9080,41300,0.015659955257270708
2023-06-28,9080,9160,9010,9120,19264,0.004405286343612369
2023-06-29,9130,9190,9020,9040,33806,-0.00877192982456143
2023-06-30,9000,9140,8910,8930,13501,-0.012168141592920345
2023-07-03,8930,9180,8930,9110,25343,0.02015677491601342
2023-07-04,9120,9220,9080,9180,31486,0.007683863885839637
2023-07-05,9200,9220,8930,8940,26660,-0.02614379084967322
2023-07-06,8900,8940,8780,8900,21554,-0.004474272930648726
2023-07-07,8830,8870,8710,8820,26750,-0.008988764044943864
2023-07-10,8800,8880,8760,8810,9399,-0.0011337868480725266
2023-07-11,8900,8950,8850,8930,10538,0.013620885357548351
2023-07-12,8880,9040,8880,8940,15826,0.0011198208286673506
2023-07-13,8930,9040,8930,8940,12455,0.0
2023-07-14,8910,8990,8800,8890,19337,-0.005592841163310935
2023-07-17,8890,8980,8850,8950,15819,0.006749156355455588
2023-07-18,8930,9100,8800,8810,16027,-0.015642458100558643
2023-07-19,8810,8900,8620,8650,27680,-0.018161180476730987
2023-07-20,8650,8730,8450,8500,31094,-0.017341040462427793
2023-07-21,8500,8550,8350,8510,22911,0.0011764705882353343
2023-07-24,8430,8470,8300,8320,36784,-0.022326674500587562
2023-07-25,8310,8520,8100,8200,39725,-0.014423076923076872
2023-07-26,8190,8190,7810,7890,46382,-0.03780487804878052
2023-07-27,7810,8080,7810,8070,18056,0.02281368821292773
2023-07-28,8060,8200,8000,8150,12443,0.00991325898389106
2023-07-31,8150,8250,8110,8220,10450,0.008588957055214674
2023-08-01,8170,8350,8150,8290,13414,0.008515815085158085
2023-08-02,8290,8350,8190,8210,14465,-0.00965018094089265
2023-08-03,8190,8250,8090,8200,13413,-0.0012180267965895553
2023-08-04,8130,8320,8130,8170,11929,-0.003658536585365857
2023-08-07,8180,8330,8180,8300,11841,0.01591187270501826
2023-08-08,8300,8340,8180,8290,10157,-0.001204819277108471
2023-08-09,8360,8360,8220,8280,4910,-0.0012062726176115257
2023-08-10,8130,8350,8130,8320,24336,0.004830917874396157
2023-08-11,8280,8540,8280,8480,22906,0.019230769230769162
2023-08-14,8470,8620,8360,8470,33425,-0.001179245283018826
2023-08-16,8540,8610,8320,8360,32788,-0.012987012987012991
2023-08-17,8360,8370,8050,8320,39117,-0.004784688995215336
2023-08-18,8150,8410,8150,8410,7969,0.01081730769230771
2023-08-21,8330,8370,8160,8190,14546,-0.026159334126040434
2023-08-22,8220,8900,8180,8500,107305,0.03785103785103794
2023-08-23,8700,8700,8330,8450,24127,-0.00588235294117645
2023-08-24,8450,8550,8400,8430,22778,-0.002366863905325478
2023-08-25,8490,9730,8450,8810,1236537,0.04507710557532629
2023-08-28,8800,8950,8700,8910,103254,0.011350737797956922
2023-08-29,8930,8930,8720,8740,63368,-0.019079685746352437
2023-08-30,8760,8800,8670,8770,56577,0.003432494279176135
2023-08-31,8770,8790,8670,8750,32467,-0.0022805017103763037
2023-09-01,8700,8750,8620,8620,21243,-0.014857142857142902
2023-09-04,8610,8660,8540,8620,19980,0.0
2023-09-05,8610,8720,8600,8600,21981,-0.002320185614849146
2023-09-06,8610,8700,8550,8700,14409,0.011627906976744207
2023-09-07,8670,8680,8510,8540,17158,-0.01839080459770115
2023-09-08,8540,8600,8490,8590,17834,0.005854800936768045
2023-09-11,8600,8680,8460,8590,21230,0.0
2023-09-12,8590,8640,8500,8520,13868,-0.008149010477299212
2023-09-13,8560,8590,8480,8500,16473,-0.0023474178403756207
2023-09-14,8560,8560,8470,8490,8230,-0.0011764705882353343
2023-09-15,8530,8560,8500,8560,9304,0.008244994110718551
2023-09-18,8570,8640,8470,8540,11755,-0.002336448598130869
2023-09-19,8480,8570,8460,8570,15371,0.003512880562060783
2023-09-20,8540,8540,8420,8450,12297,-0.014002333722287097
2023-09-21,8440,8440,8200,8330,28976,-0.014201183431952646
2023-09-22,8270,8280,8170,8230,15417,-0.01200480192076836
2023-09-25,8220,8600,8150,8220,16878,-0.0012150668286755595
2023-09-26,8200,8240,8140,8140,16185,-0.009732360097323589
2023-09-27,8130,8180,8120,8140,9455,0.0
2023-10-04,8140,8140,8030,8060,12187,-0.009828009828009798
2023-10-05,8070,8150,8030,8130,11494,0.008684863523573227
2023-10-06,8040,8180,8040,8160,10602,0.0036900369003689537
2023-10-10,8150,8230,8120,8160,15300,0.0
2023-10-11,8170,8290,8160,8290,12340,0.01593137254901955
2023-10-12,8340,8340,8270,8270,4197,-0.0024125452352231624
2023-10-13,8220,8350,8220,8270,11131,0.0
2023-10-16,8240,8360,8200,8280,10784,0.0012091898428052694
2023-10-17,8270,8360,8220,8300,8258,0.0024154589371980784
2023-10-18,8300,8330,8260,8290,5097,-0.001204819277108471
2023-10-19,8250,8250,8070,8110,15073,-0.021712907117008462
2023-10-20,8110,8110,7950,8040,19162,-0.008631319358816225
2023-10-23,7900,8030,7700,8020,21355,-0.0024875621890547706
2023-10-24,8020,8100,7910,8020,14918,0.0
2023-10-25,8100,8190,8100,8130,8096,0.013715710723191998
2023-10-26,8130,8130,7960,8030,11337,-0.012300123001230068
2023-10-27,8030,8050,7920,7980,17229,-0.0062266500622665255
2023-10-30,7990,8000,7550,7900,18667,-0.010025062656641603
2023-10-31,7930,7960,7800,7850,11949,-0.006329113924050667
2023-11-01,7850,7960,7850,7930,13464,0.010191082802547768
2023-11-02,7950,8050,7950,8020,10952,0.011349306431273742
2023-11-03,8040,8190,8040,8130,7501,0.013715710723191998
2023-11-06,8200,8230,8150,8200,11119,0.008610086100861114
2023-11-07,8160,8200,8070,8180,8143,-0.0024390243902439046
2023-11-08,8180,8550,8130,8150,59848,-0.003667481662591676
2023-11-09,8240,8250,8150,8250,6243,0.012269938650306678
2023-11-10,8250,8250,8060,8250,11093,0.0
2023-11-13,8260,8290,8100,8110,7807,-0.016969696969696968
2023-11-14,8080,8230,8080,8230,18987,0.01479654747225645
2023-11-15,8280,8500,8240,8490,46097,0.03159173754556499
2023-11-16,8430,8600,8420,8560,22217,0.008244994110718551
2023-11-17,8480,8550,8440,8500,10979,-0.007009345794392496
2023-11-20,8490,8600,8470,8580,19927,0.009411764705882453
2023-11-21,8590,8650,8500,8610,15781,0.0034965034965035446
2023-11-22,8570,8660,8510,8640,12383,0.0034843205574912606
2023-11-23,8640,8650,8560,8630,8536,-0.0011574074074074403
2023-11-24,8600,8630,8530,8580,13740,-0.005793742757821518
2023-11-27,8520,8580,8460,8540,15679,-0.004662004662004615
2023-11-28,8490,8850,8470,8750,39286,0.024590163934426146
2023-11-29,8670,8690,8590,8620,20536,-0.014857142857142902
2023-11-30,8570,8670,8520,8670,14793,0.0058004640371229765
2023-12-01,8660,8730,8540,8670,15350,0.0
2023-12-04,8670,8700,8580,8650,31710,-0.0023068050749711633
2023-12-05,8650,8660,8540,8590,28317,-0.006936416184971095
2023-12-06,8530,8720,8490,8550,19854,-0.00465657741559955
2023-12-07,8580,9210,8560,8650,359061,0.011695906432748648
2023-12-08,8620,8750,8570,8650,43338,0.0
2023-12-11,8660,8950,8490,8550,130841,-0.011560693641618491
2023-12-12,8490,8580,8470,8530,19927,-0.002339181286549752
2023-12-13,8560,8560,8360,8380,28350,-0.017584994138335253
2023-12-14,8460,8470,8120,8330,31721,-0.005966587112171795
2023-12-15,8370,8390,8260,8350,21656,0.0024009603841537164
2023-12-18,8350,8440,8290,8420,15365,0.008383233532934131
2023-12-19,8450,8450,8330,8380,9114,-0.004750593824228044
2023-12-20,8400,8460,8380,8460,15284,0.009546539379474916
2023-12-21,8460,8470,8390,8400,7346,-0.007092198581560294
2023-12-22,8410,8470,8380,8400,11850,0.0
2023-12-26,8400,8480,8400,8480,10220,0.00952380952380949
2023-12-27,8410,8430,8310,8400,10565,-0.009433962264150941
2023-12-28,8400,8400,8330,8380,5739,-0.0023809523809523725
2024-01-02,8420,8420,8320,8380,6392,0.0
2024-01-03,8380,8380,8310,8320,3899,-0.007159904534606243
2024-01-04,8330,8330,8240,8240,7018,-0.009615384615384581
2024-01-05,8240,8300,8180,8230,7136,-0.0012135922330097637
2024-01-08,8220,8280,8160,8190,14218,-0.004860267314702349
2024-01-09,8190,8250,8180,8240,9074,0.006105006105006083
2024-01-10,8250,8250,8170,8200,7834,-0.004854368932038833
2024-01-11,8260,8260,8180,8250,13694,0.0060975609756097615
2024-01-12,8250,8300,8180,8230,7578,-0.00242424242424244
2024-01-15,8260,8260,8140,8210,12935,-0.002430133657351119
2024-01-16,8210,8220,8130,8180,5398,-0.0036540803897685548
2024-01-17,8180,8210,8050,8060,11512,-0.014669926650366705
2024-01-18,8070,8110,8010,8060,17260,0.0
2024-01-19,8070,8190,8020,8040,14510,-0.002481389578163795
2024-01-22,8100,8230,8000,8020,37131,-0.0024875621890547706
2024-01-23,8010,8090,8010,8080,13960,0.007481296758104827
2024-01-24,8070,8140,8070,8080,4758,0.0
2024-01-25,8080,8160,8020,8090,4621,0.0012376237623761277
2024-01-26,8080,8130,8030,8110,7860,0.0024721878862794533
2024-01-29,8110,8140,8100,8140,9259,0.0036991368680641123
2024-01-30,8140,8250,8100,8230,17504,0.011056511056511065
2024-01-31,8230,8230,8100,8150,7690,-0.009720534629404587
2024-02-01,8150,8430,8090,8420,51630,0.03312883435582825
2024-02-02,8400,8440,8280,8390,23534,-0.0035629453681710332
2024-02-05,8390,8430,8250,8350,17947,-0.004767580452920139
2024-02-06,8240,8340,8230,8290,11775,-0.007185628742514938
2024-02-07,8290,8300,8230,8290,6051,0.0
2024-02-08,8290,8340,8230,8290,7743,0.0
2024-02-13,8290,8340,8230,8310,14831,0.0024125452352230514
2024-02-14,8270,8300,8210,8270,18188,-0.004813477737665495
2024-02-15,8270,8280,8150,8240,13940,-0.0036275695284159193
2024-02-16,8340,8340,8220,8260,16393,0.0024271844660195274
2024-02-19,8260,8480,8260,8480,44957,0.026634382566586012
2024-02-20,8500,8500,8290,8410,25571,-0.008254716981132115
2024-02-21,8380,8440,8320,8350,8441,-0.007134363852556502
2024-02-22,8320,8370,8240,8320,17488,-0.003592814371257469
2024-02-23,8380,8380,8260,8290,20581,-0.0036057692307692735
2024-02-26,8320,8390,8230,8280,24182,-0.0012062726176115257
2024-02-27,8280,8300,8100,8100,23145,-0.021739130434782594
2024-02-28,8090,8200,8080,8170,8124,0.00864197530864197
2024-02-29,8220,8230,8120,8220,6416,0.006119951040391758
2024-03-04,8220,8410,8220,8350,43801,0.015815085158150888
2024-03-05,8350,8350,8260,8260,9703,-0.010778443113772407
2024-03-06,8250,8330,8200,8260,9576,0.0
2024-03-07,8260,8320,8180,8210,7392,-0.006053268765133124
2024-03-08,8210,8320,8140,8160,23387,-0.006090133982947665
2024-03-11,8180,8470,8180,8330,38825,0.02083333333333326
2024-03-12,8330,8380,8180,8240,13925,-0.010804321728691502
2024-03-13,8350,8520,8280,8410,63281,0.020631067961164984
2024-03-14,8390,8420,8320,8390,9967,-0.0023781212841854638
2024-03-15,8370,8370,8260,8280,8772,-0.013110846245530383
2024-03-18,8380,8380,8250,8330,16992,0.006038647342995196
2024-03-19,8330,8360,8250,8300,9970,-0.0036014405762304635
2024-03-20,8340,8340,8200,8270,20574,-0.0036144578313253017
2024-03-21,8350,8400,8240,8320,20820,0.006045949214026569
2024-03-22,8270,8380,8250,8370,14032,0.006009615384615419
2024-03-25,8380,8380,8300,8360,10801,-0.0011947431302270495
2024-03-26,8350,8400,8330,8380,13096,0.0023923444976077235
2024-03-27,8360,8390,8350,8380,14300,0.0
2024-03-28,8390,8470,8320,8360,26554,-0.0023866348448687846
2024-03-29,8360,8380,8250,8270,14267,-0.010765550239234423
2024-04-01,8270,8340,8250,8290,10350,0.002418379685610539
2024-04-02,8290,8340,8200,8220,11777,-0.008443908323281013
2024-04-03,8220,8220,8150,8200,7496,-0.0024330900243308973
2024-04-04,8190,8230,8150,8220,17440,0.0024390243902439046
2024-04-05,8190,8280,8180,8260,11792,0.0048661800486617945
2024-04-08,8210,8240,8170,8200,13763,-0.007263922518159771
2024-04-09,8200,8200,8110,8150,16531,-0.0060975609756097615
2024-04-11,8150,8160,8050,8140,9073,-0.0012269938650306678
2024-04-12,8120,8120,8050,8080,5275,-0.0073710073710073765
2024-04-15,8030,8080,8000,8040,7808,-0.004950495049504955
2024-04-16,8040,8040,7940,8030,14027,-0.0012437810945273853
2024-04-17,8010,8060,7970,8020,7578,-0.001245330012453305
2024-04-18,8020,8100,7990,8100,5342,0.009975062344139696
2024-04-19,8100,8150,7990,8090,12102,-0.0012345679012345512
2024-04-22,8060,8150,8060,8140,5900,0.006180469715698411
2024-04-23,8160,8180,8100,8180,10503,0.004914004914004844
2024-04-24,8190,8190,8100,8170,11972,-0.0012224938875305957
2024-04-25,8140,8220,8110,8200,10798,0.003671970624234966
2024-04-26,8150,8230,8110,8120,9919,-0.009756097560975618
2024-04-29,8160,8190,8160,8190,7590,0.008620689655172376
2024-04-30,8130,8250,8130,8240,12809,0.006105006105006083
2024-05-02,8230,8320,8200,8280,30375,0.004854368932038833
2024-05-03,8270,8310,8250,8310,12254,0.0036231884057971175
2024-05-07,8310,8330,8250,8320,7981,0.001203369434416457
2024-05-08,8270,8320,8230,8310,7758,-0.0012019230769231282
2024-05-09,8320,8320,8240,8250,6023,-0.0072202166064981865
2024-05-10,8270,8280,8210,8220,8088,-0.0036363636363636598
2024-05-13,8220,8350,8220,8330,35945,0.01338199513381988
2024-05-14,8330,8380,8270,8300,18388,-0.0036014405762304635
2024-05-16,8390,8390,8270,8290,8773,-0.001204819277108471
2024-05-17,8310,8700,8290,8480,242666,0.022919179734619988
2024-05-20,8520,8680,8490,8600,82972,0.014150943396226356
2024-05-21,8600,8630,8490,8580,29582,-0.0023255813953488857
2024-05-22,8620,8720,8510,8640,50827,0.006993006993007089
2024-05-23,8640,8700,8520,8640,43147,0.0
2024-05-24,8600,8630,8460,8620,19240,-0.0023148148148147696
2024-05-27,8640,8690,8550,8620,33805,0.0
2024-05-28,8610,8650,8450,8470,27152,-0.01740139211136893
2024-05-29,8470,8580,8410,8460,17268,-0.0011806375442738881
2024-05-30,8460,8480,8310,8380,14893,-0.009456264775413725
2024-05-31,8390,8670,8350,8520,39484,0.01670644391408116
2024-06-03,8580,8660,8520,8600,44409,0.009389671361502261
2024-06-04,8520,8600,8430,8430,21101,-0.019767441860465085
2024-06-05,8400,8490,8380,8440,8889,0.0011862396204034287
2024-06-07,8420,8580,8400,8570,21835,0.01540284360189581
2024-06-10,8570,11140,8520,11140,5864508,0.2998833138856476
2024-06-11,12240,13230,10410,10650,7982475,-0.04398563734290839
2024-06-12,11300,11430,10430,10730,2486702,0.007511737089201942
2024-06-13,10500,10900,10300,10700,723678,-0.002795899347623476
2024-06-14,10480,11900,10050,11030,5413336,0.03084112149532703
2024-06-17,10860,11760,10650,10950,1316622,-0.0072529465095194645
2024-06-18,11100,11380,10730,11060,507623,0.010045662100456543
2024-06-19,11260,11270,10360,10480,363999,-0.05244122965641951
2024-06-20,10480,10640,10170,10290,198543,-0.018129770992366456
2024-06-21,10290,10580,9920,10400,256135,0.010689990281826933
2024-06-24,10370,10370,9850,9870,150213,-0.0509615384615385
2024-06-25,9900,10090,9720,10080,127892,0.02127659574468077
2024-06-26,10070,10070,9630,9730,117652,-0.03472222222222221
2024-06-27,9650,9730,9300,9440,102300,-0.029804727646454254
2024-06-28,9500,9630,9340,9450,118471,0.0010593220338983578
2024-07-01,9530,9700,9190,9270,77319,-0.01904761904761909
2024-07-02,9240,9310,9040,9230,83995,-0.004314994606256728
2024-07-03,9230,9230,8970,9120,72550,-0.011917659804983716
2024-07-04,9050,9150,8950,9030,60318,-0.009868421052631526
2024-07-05,9120,9240,9000,9150,95843,0.013289036544850585
2024-07-08,9150,9640,9060,9400,166007,0.02732240437158473
2024-07-09,9410,9740,9300,9660,132039,0.027659574468085202
2024-07-10,9700,9830,9580,9650,101900,-0.0010351966873706209
2024-07-11,9700,10020,9560,9860,135851,0.021761658031087983
2024-07-12,9860,10170,9700,10110,119150,0.02535496957403649
2024-07-15,10110,10220,9800,10130,83023,0.001978239366963397
2024-07-16,10050,10160,9910,10050,64439,-0.007897334649555776
2024-07-17,10090,10110,9720,10000,79372,-0.00497512437810943
2024-07-18,9850,10120,9750,9860,46563,-0.014000000000000012
2024-07-19,9790,9860,9550,9550,32421,-0.03144016227180524
2024-07-22,9460,9550,9170,9350,50756,-0.020942408376963373
2024-07-23,9330,9480,9150,9440,31277,0.009625668449197766
2024-07-24,9400,9550,9260,9510,23801,0.00741525423728806
2024-07-25,9500,9500,9240,9260,34423,-0.02628811777076756
2024-07-26,9350,9440,9260,9360,15772,0.010799136069114423
2024-07-29,9670,9680,9400,9560,23103,0.02136752136752129
2024-07-30,9500,9560,9210,9490,20583,-0.007322175732217606
2024-07-31,9470,11110,9400,9780,1454871,0.030558482613277205
2024-08-01,9740,10130,9740,9930,123346,0.015337423312883347
2024-08-02,9930,9930,9500,9510,68393,-0.04229607250755285
2024-08-05,9270,9430,8320,8590,157381,-0.09674027339642477
2024-08-06,8620,9100,8620,8800,55420,0.024447031431897637
2024-08-07,8800,9170,8800,9050,27163,0.02840909090909083
2024-08-08,8850,9100,8810,8950,33054,-0.011049723756906049
2024-08-09,9000,9160,8970,9050,20157,0.011173184357541999
2024-08-12,9120,9240,9090,9110,13536,0.006629834254143541
2024-08-13,9240,9240,8840,9000,13612,-0.01207464324917673
2024-08-14,9100,9140,9000,9080,14561,0.008888888888888946
2024-08-16,9080,9140,8920,8960,22724,-0.013215859030836996
2024-08-19,9070,9070,8800,8870,36429,-0.010044642857142905
2024-08-20,8830,9040,8830,8930,18199,0.006764374295377573
2024-08-21,8950,8970,8750,8820,23533,-0.012318029115341522
2024-08-22,8820,8940,8570,8670,55931,-0.017006802721088454
2024-08-23,8580,8800,8570,8690,24357,0.0023068050749712743
2024-08-26,8690,8690,8450,8520,40138,-0.019562715765247374
2024-08-27,8530,8620,8400,8540,36280,0.0023474178403755097
2024-08-28,8630,8630,8400,8480,50084,-0.007025761124121788
2024-08-29,8450,8520,8300,8390,42580,-0.010613207547169767
2024-08-30,8380,8500,8380,8450,12823,0.007151370679380209
2024-09-02,8450,8510,8360,8480,18404,0.0035502958579882726
2024-09-03,8590,8590,8460,8460,14382,-0.002358490566037763
2024-09-04,8320,8480,8200,8350,37386,-0.013002364066193817
2024-09-05,8450,8450,8320,8440,36136,0.010778443113772518
2024-09-06,8330,8440,8250,8300,34700,-0.016587677725118488
2024-09-09,8150,8370,8130,8300,21364,0.0
2024-09-10,8300,8450,8260,8290,10335,-0.001204819277108471
2024-09-11,8250,8370,8240,8240,18389,-0.006031363088057851
2024-09-12,8350,8370,8270,8350,9659,0.013349514563106846
2024-09-13,8370,8500,8350,8500,14352,0.017964071856287456
2024-09-19,8490,8570,8390,8540,10948,0.004705882352941115
2024-09-20,8510,8580,8490,8540,8073,0.0
2024-09-23,8630,10300,8600,8960,3337401,0.049180327868852514
2024-09-24,8820,9250,8800,8860,207034,-0.011160714285714302
2024-09-25,8860,9090,8800,8800,133661,-0.006772009029345383
2024-09-26,8750,8900,8730,8850,41651,0.005681818181818121
2024-09-27,8850,9090,8700,8890,67614,0.004519774011299438
2024-09-30,8890,8930,8720,8740,32734,-0.01687289088863897
2024-10-02,8620,8870,8500,8640,30277,-0.011441647597253968
2024-10-04,8670,8680,8510,8560,22447,-0.0092592592592593
2024-10-07,8630,8660,8510,8580,31858,0.002336448598130758
2024-10-08,8610,8700,8570,8660,17660,0.00932400932400923
2024-10-10,8730,8780,8610,8730,26363,0.008083140877598094
2024-10-11,8750,8750,8610,8680,19241,-0.00572737686139746
2024-10-14,8680,8830,8680,8780,24289,0.011520737327188835
2024-10-15,8800,8830,8670,8700,30527,-0.009111617312072884
2024-10-16,8700,8700,8550,8570,24976,-0.014942528735632177
2024-10-17,8560,8640,8500,8520,36176,-0.005834305717619559
2024-10-18,8480,8550,8350,8430,29490,-0.010563380281690127
2024-10-21,8410,8480,8360,8460,7889,0.003558718861210064
2024-10-22,8400,8470,8250,8370,23067,-0.010638297872340385
2024-10-23,8390,8740,8320,8380,67318,0.0011947431302270495
2024-10-24,8370,8570,8270,8390,21093,0.0011933174224343368
2024-10-25,8440,8440,8270,8370,12731,-0.0023837902264600697
2024-10-28,8370,8500,8370,8440,14371,0.008363201911588902
2024-10-29,8440,8500,8370,8420,20059,-0.0023696682464454666
2024-10-30,8460,8510,8420,8460,10073,0.004750593824228044
2024-10-31,8460,8540,8400,8530,17792,0.008274231678486954
2024-11-01,8510,8780,8470,8570,47772,0.004689331770222793
2024-11-04,8510,8610,8510,8550,17486,-0.002333722287047868
2024-11-05,8600,8630,8540,8590,7739,0.004678362573099504
2024-11-06,8580,8700,8490,8550,24632,-0.00465657741559955
2024-11-07,8610,8610,8420,8500,14105,-0.005847953216374324
2024-11-08,8540,8540,8360,8430,24096,-0.008235294117647007
2024-11-11,8460,8470,8240,8330,39888,-0.011862396204033177
2024-11-12,8250,8330,8000,8000,101376,-0.03961584633853543
2024-11-13,7910,8080,7910,7960,34478,-0.0050000000000000044
2024-11-14,8010,8060,7900,7900,28557,-0.007537688442211032
2024-11-15,7900,8060,7850,7940,26656,0.005063291139240533
2024-11-18,7910,8160,7910,8070,17145,0.016372795969773257
2024-11-19,8130,8160,8050,8120,9257,0.006195786864931829
2024-11-20,8040,8160,8040,8150,14743,0.003694581280788256
2024-11-21,8160,8200,8060,8170,18710,0.0024539877300613355
2024-11-22,8170,8190,8100,8180,69613,0.001223990208078396
2024-11-25,8770,8830,8130,8170,271127,-0.0012224938875305957
2024-11-26,8120,8190,8080,8090,82781,-0.009791921664626724
2024-11-27,8090,8120,8030,8040,82969,-0.006180469715698411
2024-11-28,8080,8100,8020,8040,23645,0.0
2024-11-29,8040,8070,7980,8030,27225,-0.0012437810945273853
2024-12-02,8030,8050,7920,7920,24300,-0.013698630136986356
2024-12-03,7920,8090,7920,8070,19724,0.018939393939394034
2024-12-04,7950,8100,7940,7990,35037,-0.009913258983890949
2024-12-05,7980,8030,7920,7960,16731,-0.003754693366708417
2024-12-06,7920,7990,7700,7800,72044,-0.02010050251256279
2024-12-09,7660,7790,7400,7460,61203,-0.043589743589743546
2024-12-10,7420,7790,7420,7750,18257,0.03887399463806962
2024-12-11,7740,7990,7710,7970,20256,0.028387096774193488
2024-12-12,7930,8050,7930,8050,15800,0.010037641154328814
2024-12-13,8030,8080,7950,8050,10029,0.0
2024-12-16,8080,8130,8020,8060,14717,0.001242236024844745
2024-12-17,8060,8130,8000,8090,8942,0.003722084367245637
2024-12-18,8110,8280,8030,8110,55725,0.0024721878862794533
2024-12-19,8100,8110,8010,8050,8206,-0.007398273736128225
2024-12-20,8010,8050,7920,7990,12906,-0.007453416149068359
2024-12-23,8050,8120,7960,8080,11527,0.01126408010012514
2024-12-24,8080,8160,8040,8040,7654,-0.004950495049504955
2024-12-26,8050,8060,8000,8010,7311,-0.003731343283582045
2024-12-27,7910,7950,7820,7870,12107,-0.017478152309613026
2024-12-30,7870,7900,7790,7790,5833,-0.010165184243964398
2025-01-02,7790,7900,7770,7800,3964,0.0012836970474967568
2025-01-03,7800,7900,7800,7870,15611,0.008974358974358942
2025-01-06,7920,7950,7850,7860,16956,-0.0012706480304955914
2025-01-07,7880,7950,7840,7870,7357,0.0012722646310432406
2025-01-08,7870,7920,7800,7880,13669,0.0012706480304955914
2025-01-09,7840,7890,7820,7870,5815,-0.0012690355329949554
2025-01-10,7870,7900,7810,7810,8724,-0.007623888182973326
2025-01-13,7800,7880,7770,7780,9841,-0.003841229193341844
2025-01-14,7780,7850,7700,7840,9885,0.007712082262210762
2025-01-15,7860,7860,7750,7820,8277,-0.0025510204081632404
2025-01-16,7860,7860,7800,7830,3473,0.0012787723785165905
2025-01-17,7750,7900,7750,7890,10593,0.00766283524904221
2025-01-20,7890,7890,7800,7840,4606,-0.006337135614702172
2025-01-21,7840,7900,7760,7850,5715,0.0012755102040815647
2025-01-22,7870,7870,7780,7870,6977,0.002547770700636942
2025-01-23,7870,7870,7710,7750,7510,-0.015247776365946653
2025-01-24,7830,7830,7630,7720,14891,-0.003870967741935516
2025-01-31,7760,7770,7680,7730,7158,0.0012953367875647714
2025-02-03,7730,7750,7620,7740,20885,0.001293661060802087
2025-02-04,7720,7950,7700,7720,17802,-0.0025839793281653423
2025-02-05,7830,7840,7730,7820,5615,0.012953367875647714
2025-02-06,7760,7900,7760,7860,10926,0.005115089514066584
2025-02-07,7840,8050,7780,8050,42072,0.024173027989821794
2025-02-10,8000,8060,7940,8030,10628,-0.00248447204968949
2025-02-11,8030,8040,7900,7950,10810,-0.00996264009962644
2025-02-12,7950,7990,7810,7910,13981,-0.005031446540880502
2025-02-13,7910,8000,7830,8000,9472,0.011378002528444897
2025-02-14,7920,8020,7910,8000,12029,0.0
2025-02-17,8000,8040,8000,8020,8747,0.0024999999999999467
2025-02-18,8020,8050,7990,8030,10712,0.0012468827930174342
2025-02-19,8030,8040,7980,8030,12605,0.0
2025-02-20,8040,8040,7970,8020,10396,-0.001245330012453305
2025-02-21,8020,8130,7990,8100,29302,0.009975062344139696
2025-02-24,8100,8120,8050,8100,8188,0.0
2025-02-25,8120,8120,8050,8100,24386,0.0
2025-02-26,8120,8190,8060,8150,20119,0.006172839506172867
2025-02-27,8130,8190,8120,8160,9198,0.0012269938650306678
2025-02-28,8150,8160,7980,8100,31596,-0.007352941176470562
2025-03-04,8090,8090,7960,7960,13801,-0.01728395061728394
2025-03-05,7950,8010,7950,8000,9902,0.005025125628140614
2025-03-06,8000,8170,8000,8090,16462,0.011249999999999982
2025-03-07,8150,8210,8040,8090,19798,0.0
2025-03-10,8170,8170,8055,8100,5660,0.0012360939431397266
2025-03-11,8040,8040,7940,8030,6569,-0.00864197530864197
2025-03-12,8030,8100,7990,8030,5654,0.0
2025-03-13,8040,8100,7970,8040,3152,0.001245330012453305
2025-03-14,8040,8040,7900,7930,14773,-0.013681592039801016
2025-03-17,7930,8010,7910,8000,3989,0.008827238335435084
2025-03-18,8010,8060,7910,8060,12287,0.007500000000000062
2025-03-19,8060,8200,8000,8050,28805,-0.001240694789081842
2025-03-20,8090,8280,8060,8180,27164,0.016149068322981464
2025-03-21,8160,8240,8090,8200,18068,0.0024449877750611915
2025-03-24,8180,8200,8110,8200,14855,0.0
2025-03-25,8200,8200,8050,8130,20075,-0.008536585365853666
2025-03-26,8100,8160,8050,8070,8127,-0.0073800738007380184
2025-03-27,8070,8200,8020,8110,8021,0.004956629491945419
2025-03-28,8110,8110,7960,8050,15238,-0.007398273736128225
2025-03-31,8000,8000,7800,7830,29709,-0.027329192546583836
2025-04-01,7900,7990,7900,7980,7322,0.019157088122605304
2025-04-02,7990,8130,7960,8060,12546,0.010025062656641603
2025-04-03,7950,8060,7930,8040,20080,-0.002481389578163795
2025-04-04,7940,8190,7940,8130,20663,0.011194029850746245
2025-04-07,8040,8070,7760,7880,20414,-0.03075030750307506
2025-04-08,7880,8080,7880,8030,17197,0.019035532994923887
2025-04-09,8030,8030,7750,7810,31320,-0.0273972602739726
2025-04-10,7820,8120,7820,7980,30535,0.02176696542893719
2025-04-11,7890,8110,7890,8020,11826,0.005012531328320913
2025-04-14,8020,8190,8020,8130,50801,0.013715710723191998
2025-04-15,8120,8230,8050,8210,24368,0.009840098400984099
2025-04-16,8170,8310,8130,8220,32395,0.0012180267965895553
2025-04-17,8220,8290,8150,8220,12932,0.0
2025-04-18,8260,8280,8170,8280,17307,0.007299270072992803
2025-04-21,8280,8930,8230,8680,688993,0.048309178743961345
2025-04-22,9490,9740,8410,8410,921882,-0.031105990783410142
2025-04-23,8410,8570,8410,8510,79291,0.01189060642092743
2025-04-24,8460,8560,8440,8500,27963,-0.001175088131609825
2025-04-25,8490,8780,8410,8510,103726,0.0011764705882353343
2025-04-28,8510,8580,8410,8480,33038,-0.003525264394829586
2025-04-29,8480,8550,8410,8520,22482,0.004716981132075526
2025-04-30,8520,8530,8360,8410,29953,-0.012910798122065748
2025-05-02,8340,8450,8320,8380,18398,-0.003567181926278251
2025-05-07,8380,8425,8300,8360,22537,-0.0023866348448687846
2025-05-08,8360,8550,8360,8550,35853,0.022727272727272707
2025-05-09,8540,8540,8400,8480,13440,-0.008187134502923965
2025-05-12,8510,8540,8380,8540,12719,0.007075471698113178
2025-05-13,8570,8570,8470,8500,9914,-0.004683840749414525
2025-05-14,8500,8550,8400,8470,18493,-0.003529411764705892
2025-05-15,8440,8530,8410,8410,12432,-0.00708382526564344
2025-05-16,8420,8440,8350,8350,32775,-0.007134363852556502
2025-05-19,8470,8470,8180,8260,31988,-0.010778443113772407
2025-05-20,8340,8360,8230,8250,12743,-0.001210653753026647
2025-05-21,8250,8400,8240,8400,15219,0.018181818181818077
2025-05-22,8400,8400,8250,8350,12218,-0.005952380952380931
2025-05-23,8280,8460,8210,8350,24278,0.0
2025-05-26,8460,8500,8365,8440,17155,0.010778443113772518
2025-05-27,8440,8510,8350,8390,8262,-0.005924170616113722
2025-05-28,8420,8450,8330,8410,12750,0.0023837902264600697
2025-05-29,8410,9220,8410,8700,688139,0.034482758620689724
2025-05-30,8630,8730,8560,8560,58457,-0.016091954022988464
2025-06-02,8560,8670,8560,8620,17726,0.007009345794392496
2025-06-04,8630,9070,8630,8830,171610,0.024361948955916368
2025-06-05,8840,8870,8730,8800,51618,-0.003397508493771184
2025-06-09,9070,9380,9070,9190,205595,0.04431818181818192
2025-06-10,9190,9250,8970,9210,90837,0.0021762785636560977
2025-06-11,9210,9250,9040,9220,63399,0.0010857763300760048
2025-06-12,9350,9360,9110,9150,40256,-0.007592190889370909
2025-06-13,9150,9150,8800,8970,48121,-0.01967213114754096
2025-06-16,8960,9100,8790,8950,25796,-0.0022296544035674826
2025-06-17,8950,8970,8740,8830,58991,-0.013407821229050265
2025-06-18,8830,8880,8740,8860,31586,0.003397508493771184
2025-06-19,8860,8910,8730,8860,26357,0.0
2025-06-20,8860,8960,8810,8860,24451,0.0
2025-06-23,8810,8920,8780,8830,20296,-0.003386004514672636
2025-06-24,8850,8980,8830,8960,31269,0.014722536806341946
2025-06-25,8970,9240,8870,9080,51568,0.013392857142857206
2025-06-26,9080,9080,8770,8850,29616,-0.025330396475770955
2025-06-27,8880,8890,8620,8700,33506,-0.016949152542372836
2025-06-30,8700,8840,8700,8800,31419,0.011494252873563315
2025-07-01,8850,10120,8810,9100,1347762,0.03409090909090917
2025-07-02,9350,9920,9170,9550,451232,0.0494505494505495
2025-07-03,9600,9670,9350,9570,125237,0.0020942408376962707
2025-07-04,9460,9650,9370,9470,79896,-0.010449320794148398
2025-07-07,9500,9790,9480,9650,81250,0.019007391763463666
2025-07-08,9650,9750,9510,9660,49545,0.0010362694300518616
