Date,Open,High,Low,Close,Volume,Change
2022-01-03,6780,6780,6690,6760,16646,-0.001477104874446078
2022-01-04,6770,6810,6760,6800,30974,0.00591715976331364
2022-01-05,6810,6830,6750,6810,13859,0.0014705882352941124
2022-01-06,6770,6850,6770,6810,13195,0.0
2022-01-07,6810,6910,6790,6900,14391,0.013215859030837107
2022-01-10,6960,6960,6880,6920,18501,0.0028985507246377384
2022-01-11,6920,6940,6800,6810,31583,-0.01589595375722541
2022-01-12,6800,6880,6800,6880,35330,0.010279001468428861
2022-01-13,6920,6920,6810,6890,11809,0.0014534883720929148
2022-01-14,6870,7020,6720,7000,52274,0.0159651669085632
2022-01-17,6980,7250,6970,7190,108647,0.027142857142857135
2022-01-18,7210,7230,7100,7130,43337,-0.008344923504867818
2022-01-19,7100,7210,6980,7090,49338,-0.005610098176718092
2022-01-20,7150,7240,7060,7210,48237,0.016925246826516194
2022-01-21,7210,7380,7200,7350,85057,0.01941747572815533
2022-01-24,7350,7400,7090,7260,135082,-0.01224489795918371
2022-01-25,7250,7370,7060,7130,116426,-0.017906336088154284
2022-01-26,7130,7270,7090,7150,88007,0.0028050490883591017
2022-01-27,7180,7250,6980,6980,108217,-0.023776223776223793
2022-01-28,6950,7230,6940,7200,46887,0.03151862464183375
2022-02-03,7260,7270,7150,7160,27760,-0.005555555555555536
2022-02-04,7180,7370,7160,7360,56673,0.027932960893854775
2022-02-07,7360,7380,7230,7360,37749,0.0
2022-02-08,7300,7530,7300,7440,107485,0.010869565217391353
2022-02-09,7450,7500,7380,7450,34707,0.0013440860215054862
2022-02-10,7440,7480,7390,7440,27372,-0.0013422818791946067
2022-02-11,7400,7420,7120,7270,34327,-0.022849462365591378
2022-02-14,7240,7240,6990,7180,55933,-0.012379642365887178
2022-02-15,7100,7200,7060,7100,31199,-0.011142061281337101
2022-02-16,7130,7370,7130,7350,33573,0.035211267605633756
2022-02-17,7450,7450,7250,7310,30796,-0.0054421768707483276
2022-02-18,7300,7430,7180,7360,17940,0.0068399452804377425
2022-02-21,7230,7440,7200,7330,29497,-0.0040760869565217295
2022-02-22,7280,7400,7240,7340,54607,0.0013642564802183177
2022-02-23,7340,7420,7340,7400,15843,0.008174386920980936
2022-02-24,7400,7470,7220,7350,30800,-0.006756756756756799
2022-02-25,7470,7470,7320,7400,19104,0.006802721088435382
2022-02-28,7400,7480,7330,7410,19808,0.0013513513513514486
2022-03-02,7450,7450,7370,7430,15271,0.0026990553306343035
2022-03-03,7490,7490,7380,7420,24427,-0.0013458950201884479
2022-03-04,7450,7450,7320,7410,16783,-0.0013477088948786742
2022-03-07,7380,7380,7160,7370,21540,-0.005398110661268607
2022-03-08,7270,7340,7220,7290,23252,-0.01085481682496603
2022-03-10,7300,7380,7230,7290,61618,0.0
2022-03-11,7290,7400,7290,7390,34178,0.013717421124828544
2022-03-14,7390,7390,7240,7240,46202,-0.020297699594046037
2022-03-15,7210,7330,7170,7220,26599,-0.002762430939226568
2022-03-16,7290,7360,7230,7340,26077,0.016620498614958512
2022-03-17,7420,7420,7320,7360,30981,0.0027247956403269047
2022-03-18,7420,7420,7330,7380,29220,0.0027173913043478937
2022-03-21,7380,7400,7360,7370,18334,-0.0013550135501354532
2022-03-22,7370,7390,7280,7300,28232,-0.009497964721845276
2022-03-23,7340,7340,7260,7270,25162,-0.004109589041095929
2022-03-24,7430,7430,7280,7350,33531,0.011004126547455195
2022-03-25,7390,7390,7280,7290,27780,-0.008163265306122436
2022-03-28,7300,7340,7260,7300,14529,0.00137174211248281
2022-03-29,7360,7360,7300,7350,15846,0.006849315068493178
2022-03-30,7350,7380,7300,7340,13756,-0.0013605442176870541
2022-03-31,7300,7380,7290,7360,26376,0.0027247956403269047
2022-04-01,7360,7390,7310,7370,12238,0.0013586956521738358
2022-04-04,7400,7420,7340,7420,22425,0.006784260515603879
2022-04-05,7430,7440,7380,7440,22471,0.0026954177897573484
2022-04-06,7400,7440,7360,7420,19440,-0.0026881720430107503
2022-04-07,7420,7420,7280,7320,30572,-0.013477088948787075
2022-04-08,7320,7340,7260,7330,11977,0.001366120218579292
2022-04-11,7330,7370,7280,7290,8877,-0.00545702592087316
2022-04-12,7280,7290,7220,7220,12901,-0.009602194787380003
2022-04-13,7160,7260,7160,7160,41008,-0.008310249307479256
2022-04-14,7230,7230,7150,7200,15505,0.005586592178770999
2022-04-15,7190,7260,7150,7200,12815,0.0
2022-04-18,7200,7240,7170,7200,18955,0.0
2022-04-19,7200,7240,7160,7180,17538,-0.002777777777777768
2022-04-20,7240,7240,7150,7190,10872,0.0013927576601671099
2022-04-21,7210,7230,7100,7180,32336,-0.0013908205841446364
2022-04-22,7180,7210,7110,7210,7891,0.00417827298050133
2022-04-25,7130,7140,7060,7080,24200,-0.018030513176144236
2022-04-26,7050,7150,7050,7110,9084,0.004237288135593209
2022-04-27,7020,7110,7000,7110,10879,0.0
2022-04-28,7120,7120,7020,7030,18594,-0.011251758087201136
2022-04-29,7070,7250,7020,7250,30231,0.031294452347083945
2022-05-02,7250,7490,7220,7450,82896,0.02758620689655178
2022-05-03,7430,7510,7380,7510,45693,0.008053691275167862
2022-05-04,7540,7570,7440,7510,43216,0.0
2022-05-06,7430,7430,7350,7350,12834,-0.02130492676431428
2022-05-09,7240,7300,7140,7210,12636,-0.01904761904761909
2022-05-10,7100,7150,7010,7140,22511,-0.009708737864077666
2022-05-11,7100,7300,7100,7290,17955,0.021008403361344463
2022-05-12,7190,7340,7150,7150,24577,-0.019204389574759895
2022-05-13,7210,7220,7090,7220,8529,0.009790209790209836
2022-05-16,7250,7310,7220,7260,12946,0.005540166204986097
2022-05-17,7160,7260,7160,7250,5913,-0.0013774104683195176
2022-05-18,7290,7330,7190,7240,7697,-0.0013793103448276334
2022-05-19,7240,7240,7130,7190,17159,-0.006906077348066253
2022-05-20,7190,7190,7110,7120,22164,-0.009735744089012566
2022-05-23,7090,7160,7090,7130,6315,0.001404494382022392
2022-05-24,7090,7140,7010,7030,13155,-0.014025245441795287
2022-05-25,7040,7110,7020,7040,10704,0.0014224751066855834
2022-05-26,7080,7110,7020,7020,7442,-0.0028409090909090606
2022-05-27,7020,7100,7010,7080,7815,0.008547008547008517
2022-05-30,7140,7140,7060,7120,6141,0.005649717514124353
2022-05-31,7070,7130,7060,7120,38003,0.0
2022-06-02,7130,7130,7020,7050,30751,-0.0098314606741573
2022-06-03,7100,7100,7060,7090,6013,0.005673758865248235
2022-06-07,7110,7130,7060,7110,5239,0.0028208744710860323
2022-06-08,7080,7150,7080,7130,12099,0.002812939521800173
2022-06-09,7150,7150,6640,7060,38047,-0.009817671809256634
2022-06-10,7060,7090,7000,7050,7708,-0.0014164305949008194
2022-06-13,7030,7030,6700,6770,33197,-0.039716312056737535
2022-06-14,6670,6720,6590,6700,17036,-0.010339734121122546
2022-06-15,6670,6700,6610,6620,8017,-0.011940298507462699
2022-06-16,6630,6750,6470,6470,9383,-0.0226586102719033
2022-06-17,6310,6540,6300,6460,14351,-0.0015455950540957941
2022-06-20,6460,6570,6200,6250,24938,-0.03250773993808054
2022-06-21,6250,6430,6170,6260,19043,0.0016000000000000458
2022-06-22,6260,6420,5910,5910,47149,-0.05591054313099042
2022-06-23,6040,6040,5550,5630,52813,-0.04737732656514382
2022-06-24,5630,5820,5630,5820,11365,0.03374777975133214
2022-06-27,5870,6140,5870,6130,7911,0.053264604810996596
2022-06-28,6130,6140,6060,6090,7384,-0.006525285481239762
2022-06-29,6080,6100,5860,6100,5476,0.0016420361247948545
2022-06-30,6100,6160,5960,6010,6190,-0.014754098360655776
2022-07-01,6010,6070,5910,5930,7734,-0.01331114808652245
2022-07-04,5930,5970,5790,5930,5617,0.0
2022-07-05,5930,6130,5880,6110,9801,0.030354131534569895
2022-07-06,6150,6150,6030,6150,4458,0.00654664484451728
2022-07-07,6150,6150,5760,6140,21006,-0.001626016260162566
2022-07-08,6130,6160,6040,6160,7038,0.0032573289902280145
2022-07-11,6180,6210,6150,6190,5599,0.004870129870129913
2022-07-12,6150,6150,5940,6050,6696,-0.022617124394184174
2022-07-13,5990,6060,5900,5960,8581,-0.014876033057851235
2022-07-14,5960,5970,5900,5970,4512,0.001677852348993314
2022-07-15,6030,6030,5870,5950,6027,-0.00335008375209378
2022-07-18,6000,6070,5940,6030,3686,0.013445378151260456
2022-07-19,6030,6160,6010,6130,6023,0.016583747927031434
2022-07-20,6170,6230,6140,6200,19268,0.011419249592169667
2022-07-21,6190,6230,6110,6190,14734,-0.001612903225806428
2022-07-22,6190,6190,6110,6120,5274,-0.011308562197092087
2022-07-25,6120,6150,6040,6150,3082,0.004901960784313708
2022-07-26,6150,6150,5940,6100,13548,-0.008130081300813052
2022-07-27,6100,6100,6030,6070,2215,-0.004918032786885296
2022-07-28,6070,6110,6060,6100,4632,0.0049423393739702615
2022-07-29,6100,6290,6100,6260,19397,0.026229508196721207
2022-08-01,6260,6430,6230,6390,20228,0.02076677316293929
2022-08-02,6390,6440,6330,6420,7165,0.0046948356807512415
2022-08-03,6460,6480,6410,6430,17823,0.0015576323987538387
2022-08-04,6460,6510,6430,6500,11602,0.010886469673405896
2022-08-05,6520,6530,6460,6500,9196,0.0
2022-08-08,6450,7370,6420,6580,703809,0.012307692307692353
2022-08-09,6710,6710,6500,6640,32663,0.00911854103343468
2022-08-10,6620,6630,6520,6630,10359,-0.001506024096385561
2022-08-11,6640,6720,6580,6700,31057,0.010558069381598756
2022-08-12,6690,6710,6620,6670,19551,-0.004477611940298498
2022-08-16,6670,6710,6650,6650,20519,-0.0029985007496251548
2022-08-17,6580,6650,6460,6550,39042,-0.015037593984962405
2022-08-18,6550,6550,6300,6400,26884,-0.022900763358778664
2022-08-19,6480,6490,6360,6360,4735,-0.006249999999999978
2022-08-22,6350,6350,6150,6150,15308,-0.03301886792452835
2022-08-23,6360,6360,6100,6190,8465,0.006504065040650486
2022-08-24,6230,7130,6160,6210,673187,0.003231017770597644
2022-08-25,6200,6250,6140,6210,43458,0.0
2022-08-26,6250,6250,6130,6220,35981,0.0016103059581320522
2022-08-29,6110,6140,6000,6090,31232,-0.020900321543408373
2022-08-30,6000,6150,6000,6070,12193,-0.003284072249589487
2022-08-31,6100,6140,6050,6070,14344,0.0
2022-09-01,6200,7140,6200,6360,7669248,0.047775947281713416
2022-09-02,6360,6680,6320,6420,590365,0.009433962264151052
2022-09-05,6460,6460,6250,6290,169440,-0.02024922118380057
2022-09-06,6230,6510,6220,6470,115575,0.02861685214626397
2022-09-07,6480,6480,6300,6450,116641,-0.0030911901081916993
2022-09-08,6460,6530,6320,6350,171763,-0.015503875968992276
2022-09-13,6420,6510,6350,6460,106848,0.017322834645669305
2022-09-14,6250,6510,6210,6450,84950,-0.001547987616099089
2022-09-15,6510,6560,6440,6500,86505,0.007751937984496138
2022-09-16,6450,6570,6390,6450,92356,-0.007692307692307665
2022-09-19,6580,6580,6350,6360,92695,-0.013953488372092981
2022-09-20,6390,6460,6360,6360,69705,0.0
2022-09-21,6390,6420,6310,6350,49869,-0.0015723270440252124
2022-09-22,6270,6470,6270,6460,76899,0.017322834645669305
2022-09-23,6390,6450,6290,6340,50814,-0.018575851393188847
2022-09-26,6530,6530,6130,6200,177557,-0.02208201892744477
2022-09-27,6150,6310,5940,6050,103173,-0.024193548387096753
2022-09-28,6020,6150,5800,5980,82567,-0.011570247933884281
2022-09-29,6020,6300,5970,5990,59484,0.0016722408026756952
2022-09-30,5980,6410,5960,6220,136428,0.038397328881469184
2022-10-04,6310,6380,6220,6290,47873,0.0112540192926045
2022-10-05,6310,6350,6210,6290,49537,0.0
2022-10-06,6250,6380,6250,6300,38624,0.0015898251192367763
2022-10-07,6290,6430,6260,6340,25066,0.006349206349206327
2022-10-11,6280,6280,6050,6080,74470,-0.04100946372239744
2022-10-12,6080,6200,5960,6080,35805,0.0
2022-10-13,6000,6170,5950,6070,38514,-0.00164473684210531
2022-10-14,6070,6490,6070,6340,27129,0.04448105436573302
2022-10-17,6270,6490,6240,6390,26731,0.007886435331230235
2022-10-18,6400,6640,6400,6460,48116,0.010954616588419341
2022-10-19,6520,6520,6340,6350,19841,-0.017027863777089758
2022-10-20,6280,6330,6230,6290,19567,-0.009448818897637823
2022-10-21,6220,6280,6100,6230,23089,-0.009538950715421324
2022-10-24,6210,6350,6210,6330,14708,0.01605136436597121
2022-10-25,6390,6390,6280,6320,16102,-0.0015797788309637184
2022-10-26,6320,6330,6190,6320,13461,0.0
2022-10-27,6100,6340,6100,6320,17831,0.0
2022-10-28,6340,6340,6200,6200,8892,-0.01898734177215189
2022-10-31,6230,6450,6200,6200,18300,0.0
2022-11-01,6110,6500,6110,6230,8320,0.004838709677419395
2022-11-02,6230,6230,6110,6170,16906,-0.009630818619582704
2022-11-03,6100,6170,6100,6130,8882,-0.00648298217179899
2022-11-04,6080,6130,6050,6080,15597,-0.00815660685154973
2022-11-07,6050,6100,6040,6090,9151,0.00164473684210531
2022-11-08,6080,6150,6080,6140,9209,0.008210180623973828
2022-11-09,6120,6160,6110,6140,9574,0.0
2022-11-10,6140,6140,6050,6080,32582,-0.009771986970684043
2022-11-11,6280,6280,6080,6080,23663,0.0
2022-11-14,6140,6140,6070,6080,20024,0.0
2022-11-15,6100,6120,6050,6070,30052,-0.00164473684210531
2022-11-16,6140,6140,6060,6080,25588,0.0016474464579900872
2022-11-17,6150,6150,6060,6120,26427,0.006578947368421018
2022-11-18,6110,6150,6060,6090,22996,-0.004901960784313708
2022-11-21,6090,6170,6000,6070,10557,-0.003284072249589487
2022-11-22,6020,6120,6020,6070,11077,0.0
2022-11-23,6170,6170,6030,6080,6791,0.0016474464579900872
2022-11-24,6080,6110,6040,6090,9236,0.00164473684210531
2022-11-25,6100,6120,6060,6060,6360,-0.0049261083743842304
2022-11-28,6060,6180,6010,6070,7912,0.0016501650165017256
2022-11-29,6090,7250,6090,6470,2859176,0.0658978583196046
2022-11-30,6430,6520,6270,6290,254597,-0.02782071097372485
2022-12-01,6300,6450,6270,6330,112686,0.006359300476947549
2022-12-02,6780,7070,6440,6440,612734,0.017377567140600236
2022-12-05,6400,6510,6330,6420,69870,-0.0031055900621117516
2022-12-06,6420,6420,6250,6260,50343,-0.024922118380062308
2022-12-07,6260,6330,6220,6300,38748,0.006389776357827559
2022-12-08,6300,6350,6150,6220,47386,-0.012698412698412653
2022-12-09,6250,6300,6170,6240,75785,0.003215434083601254
2022-12-12,6230,6370,6150,6320,36701,0.012820512820512775
2022-12-13,6330,6520,6320,6420,61562,0.015822784810126667
2022-12-14,6520,6550,6440,6490,40783,0.010903426791277315
2022-12-15,6490,6550,6400,6400,20605,-0.013867488443759624
2022-12-16,6330,6560,6300,6470,36493,0.010937500000000044
2022-12-19,6450,6470,6330,6460,14622,-0.0015455950540957941
2022-12-20,6470,6560,6340,6390,33003,-0.010835913312693513
2022-12-21,6390,6490,6340,6480,15996,0.014084507042253502
2022-12-22,6430,6530,6420,6470,24376,-0.0015432098765432167
2022-12-23,6400,6440,6210,6280,61112,-0.029366306027820754
2022-12-26,6280,6330,6250,6290,12976,0.0015923566878981443
2022-12-27,6400,6400,6260,6260,12740,-0.004769475357710662
2022-12-28,6200,6310,6200,6220,16733,-0.006389776357827448
2022-12-29,6190,6330,6090,6290,27096,0.0112540192926045
2023-01-02,6290,6430,6200,6230,37709,-0.009538950715421324
2023-01-03,6110,6720,6050,6120,415136,-0.017656500802568198
2023-01-04,6120,6300,6100,6250,52993,0.0212418300653594
2023-01-05,6180,6380,6180,6280,45844,0.0047999999999999154
2023-01-06,6280,6320,6180,6310,21351,0.004777070063694211
2023-01-09,6310,6520,6250,6440,29468,0.020602218700475516
2023-01-10,6360,6500,6350,6400,17986,-0.006211180124223614
2023-01-11,6500,6500,6390,6430,16314,0.004687499999999956
2023-01-12,6390,6520,6360,6400,16124,-0.004665629860031051
2023-01-13,6400,6480,6330,6360,23528,-0.006249999999999978
2023-01-16,6300,6380,6300,6350,19530,-0.0015723270440252124
2023-01-17,6350,6420,6250,6280,15950,-0.011023622047244053
2023-01-18,6280,6330,6210,6290,17441,0.0015923566878981443
2023-01-19,6290,6350,6220,6300,13184,0.0015898251192367763
2023-01-20,6300,6460,6250,6360,68822,0.00952380952380949
2023-01-25,6400,6470,6360,6410,22279,0.007861635220125729
2023-01-26,6410,6500,6340,6370,32497,-0.006240249609984372
2023-01-27,6380,6410,6330,6380,26039,0.0015698587127157548
2023-01-30,6380,6490,6240,6310,27417,-0.010971786833855801
2023-01-31,6230,6350,6220,6310,19064,0.0
2023-02-01,6320,6420,6280,6350,27484,0.006339144215530945
2023-02-02,6350,6420,6330,6410,20055,0.009448818897637823
2023-02-03,6440,6440,6360,6400,19594,-0.0015600624024960652
2023-02-06,6390,6400,6270,6310,27713,-0.014062499999999978
2023-02-07,6310,6460,6280,6430,34646,0.019017432646592614
2023-02-08,6400,6490,6310,6380,15309,-0.007776049766718529
2023-02-09,6380,6380,6290,6310,27103,-0.010971786833855801
2023-02-10,6290,6320,6240,6280,20560,-0.004754358161648153
2023-02-13,6280,6280,6170,6220,17973,-0.009554140127388533
2023-02-14,6220,6230,6170,6200,15554,-0.003215434083601254
2023-02-15,6170,6200,6080,6100,30062,-0.016129032258064502
2023-02-16,6100,6140,6070,6140,14392,0.006557377049180246
2023-02-17,6170,6170,6080,6120,8256,-0.0032573289902280145
2023-02-20,6090,6200,6080,6170,10026,0.008169934640522847
2023-02-21,6170,6220,6150,6190,11859,0.0032414910858995505
2023-02-22,6190,6430,6060,6100,34064,-0.014539579967689842
2023-02-23,6060,6110,5960,6000,63979,-0.016393442622950838
2023-02-24,6100,6120,5980,6020,31101,0.0033333333333334103
2023-02-27,5990,6010,5910,5980,16503,-0.006644518272425293
2023-02-28,5970,6100,5940,6040,10401,0.010033444816053505
2023-03-02,6040,6060,5980,6020,6279,-0.0033112582781457123
2023-03-03,6000,6050,5960,6010,33629,-0.0016611295681062677
2023-03-06,6000,6100,5990,6070,15140,0.009983361064891838
2023-03-07,5940,6050,5940,6050,49305,-0.0032948929159802853
2023-03-08,5990,6080,5990,6070,8523,0.0033057851239668423
2023-03-09,6080,6120,6000,6020,40731,-0.008237232289950547
2023-03-10,6130,6230,6000,6060,72525,0.006644518272425293
2023-03-13,5980,6060,5870,6030,159831,-0.004950495049504955
2023-03-14,6350,6370,5840,5880,165264,-0.02487562189054726
2023-03-15,5910,6270,5910,6060,84872,0.030612244897959107
2023-03-16,6070,6120,5930,6010,50188,-0.008250825082508295
2023-03-17,6080,6190,6080,6150,89885,0.02329450915141429
2023-03-20,6150,6250,6060,6110,39079,-0.006504065040650375
2023-03-21,6120,6190,5990,6010,15982,-0.016366612111292977
2023-03-22,6030,6090,5930,6060,27642,0.008319467554076532
2023-03-23,6040,6200,6000,6000,109008,-0.00990099009900991
2023-03-24,6110,6110,6000,6050,18018,0.008333333333333304
2023-03-27,6110,6390,6030,6280,337599,0.0380165289256198
2023-03-28,6280,6350,6160,6260,80728,-0.0031847133757961776
2023-03-29,6210,6300,6130,6150,40493,-0.01757188498402551
2023-03-30,6260,6440,6150,6350,121703,0.03252032520325199
2023-03-31,6350,6370,6200,6240,36893,-0.017322834645669305
2023-04-03,6240,6240,6110,6110,28080,-0.02083333333333337
2023-04-04,6070,6150,6050,6120,64418,0.0016366612111293755
2023-04-05,6140,6210,6080,6150,51792,0.004901960784313708
2023-04-06,6170,6180,6000,6000,45196,-0.024390243902439046
2023-04-07,6000,6050,5960,6020,31687,0.0033333333333334103
2023-04-10,6010,6010,5860,5870,80050,-0.02491694352159468
2023-04-11,5870,5940,5860,5920,25218,0.008517887563884052
2023-04-12,5910,6060,5890,6060,33224,0.023648648648648685
2023-04-13,6060,6160,6010,6120,36982,0.00990099009900991
2023-04-14,6060,6190,6060,6110,52996,-0.0016339869281045694
2023-04-17,6150,6150,6020,6070,22631,-0.006546644844517169
2023-04-18,6040,6060,5950,6000,20962,-0.011532125205930832
2023-04-19,6000,6030,5940,5960,24763,-0.00666666666666671
2023-04-20,5950,5960,5850,5860,71042,-0.016778523489932917
2023-04-21,5820,5860,5740,5820,50935,-0.0068259385665528916
2023-04-24,5820,7070,5800,5820,6142155,0.0
2023-04-25,5890,6100,5440,5830,465371,0.0017182130584192379
2023-04-26,5820,5820,5650,5700,145150,-0.022298456260720356
2023-04-27,5710,7360,5710,6750,3590039,0.18421052631578938
2023-04-28,6680,7350,6580,7350,2335042,0.0888888888888888
2023-05-02,7100,7200,6770,6890,709900,-0.06258503401360549
2023-05-03,6790,6830,6400,6500,1000474,-0.05660377358490565
2023-05-04,6510,6780,6410,6660,653039,0.024615384615384706
2023-05-08,6440,6530,6190,6300,560595,-0.05405405405405406
2023-05-09,6330,6490,6210,6380,229097,0.012698412698412653
2023-05-10,6380,6400,6200,6260,131416,-0.018808777429467072
2023-05-11,6260,6420,6240,6330,165639,0.011182108626198062
2023-05-12,6300,6340,6030,6040,229954,-0.04581358609794628
2023-05-15,6040,6080,5880,5990,138054,-0.008278145695364225
2023-05-16,5940,6190,5940,6170,86825,0.030050083472454192
2023-05-17,6120,6240,6100,6210,55436,0.006482982171799101
2023-05-18,6210,6240,6110,6160,63647,-0.008051529790660261
2023-05-19,6160,6270,6130,6250,42479,0.014610389610389518
2023-05-22,6240,6240,6070,6080,76054,-0.027200000000000002
2023-05-23,6060,6180,6030,6100,35397,0.00328947368421062
2023-05-24,6090,6150,6080,6100,24008,0.0
2023-05-25,6100,6140,6060,6070,23794,-0.004918032786885296
2023-05-26,6090,6090,5950,5960,82854,-0.018121911037891292
2023-05-30,5960,6040,5910,5980,38728,0.003355704697986628
2023-05-31,5970,6070,5940,5950,33074,-0.0050167224080267525
2023-06-01,5950,5990,5900,5950,33591,0.0
2023-06-02,5940,6000,5900,5980,20777,0.005042016806722671
2023-06-05,5970,5970,5920,5960,25375,-0.0033444816053511683
2023-06-07,5900,5960,5850,5910,58580,-0.008389261744966459
2023-06-08,5890,5900,5780,5790,63955,-0.02030456852791873
2023-06-09,5790,5910,5740,5890,93884,0.017271157167530138
2023-06-12,5890,5900,5790,5860,35238,-0.005093378607809895
2023-06-13,5860,5870,5790,5830,45129,-0.005119453924914641
2023-06-14,5850,5850,5700,5710,71921,-0.020583190394511175
2023-06-15,5700,5750,5600,5670,55760,-0.007005253940455369
2023-06-16,5680,5720,5670,5690,20306,0.003527336860670305
2023-06-19,5690,5770,5680,5770,58680,0.014059753954305698
2023-06-20,5770,5880,5720,5880,21251,0.01906412478336228
2023-06-21,5860,5860,5670,5680,39979,-0.03401360544217691
2023-06-22,5670,5730,5650,5680,16760,0.0
2023-06-23,5690,5690,5560,5590,58166,-0.015845070422535246
2023-06-26,5540,5640,5540,5580,24813,-0.0017889087656529634
2023-06-27,5570,5640,5530,5640,61268,0.010752688172043001
2023-06-28,5620,5680,5560,5640,34239,0.0
2023-06-29,5640,5640,5500,5520,50216,-0.021276595744680882
2023-06-30,5500,5580,5430,5580,56136,0.010869565217391353
2023-07-03,5600,5650,5580,5640,23226,0.010752688172043001
2023-07-04,5660,5670,5510,5600,40313,-0.007092198581560294
2023-07-05,5600,5600,5430,5450,63623,-0.0267857142857143
2023-07-06,5430,5450,5320,5320,77649,-0.023853211009174258
2023-07-07,5310,5360,5260,5320,58407,0.0
2023-07-10,5310,5400,5270,5350,12071,0.005639097744360999
2023-07-11,5320,5420,5310,5390,17551,0.007476635514018781
2023-07-12,5370,5470,5370,5460,15351,0.01298701298701288
2023-07-13,5460,5610,5460,5500,31333,0.0073260073260073
2023-07-14,5510,5510,5380,5430,33132,-0.012727272727272698
2023-07-17,5430,5430,5350,5390,16174,-0.007366482504604033
2023-07-18,5370,5400,5240,5270,50440,-0.02226345083487946
2023-07-19,5290,5360,5210,5340,39522,0.013282732447817747
2023-07-20,5330,5350,5250,5330,57261,-0.0018726591760299671
2023-07-21,5290,6300,5290,5370,3982447,0.007504690431519689
2023-07-24,5460,5480,5120,5190,228988,-0.03351955307262566
2023-07-25,5180,5190,5000,5000,132869,-0.036608863198458574
2023-07-26,4995,5200,4720,5080,214941,0.016000000000000014
2023-07-27,4875,5120,4875,4985,62770,-0.01870078740157477
2023-07-28,4985,5100,4970,5040,32228,0.011033099297893756
2023-07-31,5140,5250,5090,5250,74997,0.04166666666666674
2023-08-01,5250,5310,5120,5230,47032,-0.003809523809523818
2023-08-02,5190,5250,5100,5110,39072,-0.02294455066921608
2023-08-03,5090,5210,5050,5150,37839,0.007827788649706457
2023-08-04,5190,5230,5090,5190,23125,0.007766990291262044
2023-08-07,5190,5300,5130,5130,27979,-0.011560693641618491
2023-08-08,5130,5190,5060,5070,26834,-0.011695906432748537
2023-08-09,5060,5260,5050,5220,40851,0.029585798816567976
2023-08-10,5220,5310,5200,5260,31674,0.00766283524904221
2023-08-11,5240,5370,5240,5310,33096,0.009505703422053147
2023-08-14,5390,5390,5240,5250,44687,-0.011299435028248594
2023-08-16,5250,5250,5070,5090,45533,-0.030476190476190435
2023-08-17,5090,5130,4935,5050,57535,-0.007858546168958758
2023-08-18,5130,5130,4980,5050,26355,0.0
2023-08-21,5000,5110,4995,5080,31836,0.005940594059405946
2023-08-22,5080,5110,5010,5060,38376,-0.003937007874015741
2023-08-23,5060,5100,5010,5100,48757,0.007905138339920903
2023-08-24,5200,6380,5130,5770,5639794,0.13137254901960782
2023-08-25,6450,6450,5770,5770,2247741,0.0
2023-08-28,5680,5720,5540,5550,371059,-0.03812824956672445
2023-08-29,5670,5890,5580,5710,511214,0.028828828828828756
2023-08-30,5640,5700,5600,5630,110925,-0.014010507880910628
2023-08-31,5600,5650,5570,5590,85621,-0.007104795737122527
2023-09-01,5580,5640,5500,5500,115821,-0.01610017889087656
2023-09-04,5380,5560,5380,5500,107144,0.0
2023-09-05,5480,5580,5470,5580,47422,0.014545454545454639
2023-09-06,5590,5670,5550,5590,56046,0.0017921146953405742
2023-09-07,5560,5600,5460,5460,56541,-0.023255813953488413
2023-09-08,5450,5520,5410,5510,28635,0.009157509157509125
2023-09-11,5500,5640,5500,5580,69165,0.012704174228675091
2023-09-12,5600,5610,5470,5470,51817,-0.01971326164874554
2023-09-13,5440,5470,5300,5330,52931,-0.025594149908592323
2023-09-14,5330,5370,5300,5310,30044,-0.0037523452157598447
2023-09-15,5350,5390,5300,5320,27873,0.0018832391713747842
2023-09-18,5320,5360,5250,5360,22706,0.007518796992481258
2023-09-19,5320,5320,5190,5260,47135,-0.018656716417910446
2023-09-20,5220,5240,5110,5180,50503,-0.01520912547528519
2023-09-21,5100,5180,5070,5070,55380,-0.021235521235521193
2023-09-22,5020,5180,5010,5120,40301,0.009861932938856066
2023-09-25,5120,5150,5060,5060,32761,-0.01171875
2023-09-26,5050,5090,4955,5000,64066,-0.011857707509881465
2023-09-27,5010,5050,4930,4955,37228,-0.009000000000000008
2023-10-04,4815,4980,4765,4765,102110,-0.038345105953582204
2023-10-05,4765,4890,4750,4750,36442,-0.0031479538300105414
2023-10-06,4715,4985,4715,4930,21360,0.0378947368421052
2023-10-10,4905,4985,4850,4870,32993,-0.012170385395537497
2023-10-11,4870,5000,4870,4955,10271,0.017453798767967044
2023-10-12,4990,5070,4935,5020,27665,0.013118062563067578
2023-10-13,5050,5050,4900,4960,23985,-0.01195219123505975
2023-10-16,4960,5070,4860,4900,56856,-0.012096774193548376
2023-10-17,4875,5880,4875,5160,2312677,0.05306122448979589
2023-10-18,5180,5280,4985,5030,190317,-0.025193798449612448
2023-10-19,5000,5010,4800,4805,126401,-0.04473161033797213
2023-10-20,4720,4790,4605,4675,100205,-0.027055150884495283
2023-10-23,4620,4770,4465,4685,46104,0.002139037433155133
2023-10-24,4625,4780,4570,4765,91058,0.01707577374599789
2023-10-25,4820,4925,4755,4915,56624,0.03147953830010497
2023-10-26,4825,4835,4740,4805,46490,-0.02238046795523907
2023-10-27,4750,5060,4750,4950,64903,0.03017689906347565
2023-10-30,4920,4940,4830,4895,22608,-0.011111111111111072
2023-10-31,4895,4940,4815,4815,22883,-0.01634320735444328
2023-11-01,4815,4945,4815,4910,13637,0.019730010384215957
2023-11-02,4910,5070,4910,5000,40891,0.018329938900203624
2023-11-03,5000,5070,5000,5060,21989,0.01200000000000001
2023-11-06,5060,5090,5000,5080,45850,0.0039525691699604515
2023-11-07,5050,5120,4995,5050,34664,-0.0059055118110236116
2023-11-08,5020,5180,5020,5130,42890,0.015841584158415856
2023-11-09,5110,5160,5020,5070,14510,-0.011695906432748537
2023-11-10,5070,5070,4955,4990,20195,-0.015779092702169595
2023-11-13,5010,5010,4900,4940,16777,-0.01002004008016033
2023-11-14,4930,5060,4930,5060,16555,0.02429149797570851
2023-11-15,5070,5150,5050,5120,37191,0.011857707509881354
2023-11-16,5120,5180,5090,5130,30874,0.001953125
2023-11-17,5150,5150,5070,5080,16415,-0.00974658869395717
2023-11-20,5050,5160,5030,5110,15878,0.0059055118110236116
2023-11-21,5590,5590,5150,5250,238070,0.027397260273972712
2023-11-22,5220,5240,5150,5160,28963,-0.017142857142857126
2023-11-23,5150,5210,5080,5080,30116,-0.015503875968992276
2023-11-24,5000,5490,4970,5190,384441,0.021653543307086576
2023-11-27,5250,5410,5150,5220,105013,0.005780346820809301
2023-11-28,5170,5220,5160,5190,35724,-0.005747126436781658
2023-11-29,5190,5280,5120,5190,30289,0.0
2023-11-30,5170,5240,5130,5240,15700,0.009633911368015502
2023-12-01,5240,5240,5120,5160,30730,-0.01526717557251911
2023-12-04,5160,5220,5130,5160,24648,0.0
2023-12-05,5090,5240,5060,5210,46158,0.009689922480620172
2023-12-06,5210,5360,5200,5210,54412,0.0
2023-12-07,5220,5300,5200,5300,34014,0.017274472168905985
2023-12-08,5370,5370,5190,5240,39092,-0.01132075471698113
2023-12-11,5260,5260,5170,5180,22854,-0.011450381679389277
2023-12-12,5150,5200,5130,5160,12153,-0.0038610038610038533
2023-12-13,5130,5220,5100,5110,25739,-0.009689922480620172
2023-12-14,5120,5170,5080,5110,24104,0.0
2023-12-15,5110,5130,5080,5080,15444,-0.005870841487279899
2023-12-18,5100,5320,5050,5100,87071,0.003937007874015741
2023-12-19,5100,5130,5070,5070,17391,-0.00588235294117645
2023-12-20,5110,5140,5050,5050,25429,-0.0039447731755424265
2023-12-21,5050,5240,5020,5240,56258,0.03762376237623766
2023-12-22,5230,5230,5150,5170,16108,-0.013358778625954248
2023-12-26,5170,5210,5160,5190,26348,0.003868471953578423
2023-12-27,5150,5200,5150,5170,11917,-0.003853564547206201
2023-12-28,5170,5470,5120,5320,207599,0.029013539651837617
2024-01-02,5320,5380,5200,5310,42054,-0.001879699248120259
2024-01-03,5310,5340,5270,5330,29374,0.0037664783427495685
2024-01-04,5280,5320,5220,5250,30779,-0.015009380863039379
2024-01-05,5220,5420,5210,5290,39230,0.007619047619047636
2024-01-08,5350,5350,5250,5320,14193,0.005671077504725952
2024-01-09,5320,5390,5300,5350,36926,0.005639097744360999
2024-01-10,5350,5450,5330,5330,34221,-0.0037383177570093906
2024-01-11,5320,5420,5320,5390,13890,0.011257035647279645
2024-01-12,5370,5390,5220,5240,30812,-0.0278293135435993
2024-01-15,5300,5300,5200,5250,10903,0.001908396946564972
2024-01-16,5250,5300,5180,5190,11907,-0.011428571428571455
2024-01-17,5180,5210,5090,5110,32008,-0.015414258188824692
2024-01-18,5170,5180,5070,5130,9335,0.00391389432485334
2024-01-19,5130,5190,5110,5170,11079,0.007797270955165692
2024-01-22,5170,5180,5040,5130,38527,-0.007736943907156624
2024-01-23,5130,5220,5080,5200,12216,0.013645224171539905
2024-01-24,5240,5280,5140,5260,22767,0.011538461538461497
2024-01-25,5340,5350,5200,5280,30091,0.0038022813688212143
2024-01-26,5280,5330,5260,5290,11898,0.0018939393939394478
2024-01-29,5290,5380,5270,5270,18302,-0.003780718336483968
2024-01-30,5270,5300,5160,5180,32295,-0.017077798861480087
2024-01-31,5160,5260,5150,5150,23219,-0.00579150579150578
2024-02-01,5150,5180,5100,5140,25640,-0.001941747572815511
2024-02-02,5140,5250,5130,5250,23874,0.021400778210116655
2024-02-05,5280,5300,5210,5250,22971,0.0
2024-02-06,5270,5270,5200,5230,9304,-0.003809523809523818
2024-02-07,5230,5260,5120,5210,43875,-0.003824091778202643
2024-02-08,5240,5260,5190,5210,12731,0.0
2024-02-13,5270,5270,5220,5260,20077,0.009596928982725572
2024-02-14,5260,5320,5210,5310,17986,0.009505703422053147
2024-02-15,5310,5320,5210,5260,28065,-0.00941619585687381
2024-02-16,5260,5330,5210,5300,37329,0.0076045627376426506
2024-02-19,5300,5350,5260,5350,41006,0.009433962264151052
2024-02-20,5340,5370,5300,5330,20229,-0.0037383177570093906
2024-02-21,5320,5400,5280,5340,21379,0.0018761726078799779
2024-02-22,5380,5420,5240,5340,51942,0.0
2024-02-23,5340,5350,5290,5340,20426,0.0
2024-02-26,5340,5340,5250,5330,14604,-0.0018726591760299671
2024-02-27,5270,5310,5250,5270,25143,-0.011257035647279534
2024-02-28,5300,5390,5200,5270,131143,0.0
2024-02-29,6060,6340,5600,5600,2045468,0.06261859582542684
2024-03-04,5520,5840,5510,5650,233581,0.008928571428571397
2024-03-05,5650,5820,5570,5750,194783,0.017699115044247815
2024-03-06,5690,5850,5620,5630,94818,-0.02086956521739125
2024-03-07,5600,5770,5550,5690,77665,0.010657193605683846
2024-03-08,5670,6080,5530,5910,329166,0.03866432337434089
2024-03-11,5950,6040,5820,5900,193882,-0.0016920473773265332
2024-03-12,5910,5920,5750,5800,94047,-0.016949152542372836
2024-03-13,5870,5870,5710,5770,56505,-0.005172413793103403
2024-03-14,5720,5830,5660,5820,47992,0.008665511265164572
2024-03-15,5830,5830,5620,5740,34638,-0.013745704467353903
2024-03-18,5720,5980,5690,5980,123582,0.04181184668989557
2024-03-19,5940,5980,5820,5970,62647,-0.0016722408026755842
2024-03-20,5960,5990,5810,5830,74798,-0.02345058626465657
2024-03-21,5880,5900,5740,5860,30902,0.005145797598627766
2024-03-22,5910,5960,5750,5870,86825,0.0017064846416381396
2024-03-25,6550,7630,6130,7630,5579423,0.29982964224872233
2024-03-26,7650,9550,7650,8450,24488601,0.10747051114023587
2024-03-27,8530,8660,7550,7610,3771538,-0.09940828402366864
2024-03-28,7460,8410,7140,7310,6123700,-0.03942181340341655
2024-03-29,7420,7440,7000,7030,1255070,-0.03830369357045149
2024-04-01,7160,7700,7070,7330,1955894,0.04267425320056906
2024-04-02,7270,7300,6550,6640,1259651,-0.09413369713506137
2024-04-03,6560,6700,6350,6360,454107,-0.04216867469879515
2024-04-04,6390,6460,6060,6150,1016249,-0.03301886792452835
2024-04-05,6040,6230,5840,6150,613875,0.0
2024-04-08,6070,6130,5950,6070,245597,-0.013008130081300862
2024-04-09,6010,6190,5970,6050,317641,-0.0032948929159802853
2024-04-11,5980,5990,5760,5920,329249,-0.02148760330578514
2024-04-12,5950,6250,5930,6130,454268,0.03547297297297303
2024-04-15,6080,6120,5930,6000,149907,-0.021207177814029365
2024-04-16,5920,5960,5800,5930,149494,-0.011666666666666714
2024-04-17,5980,6010,5810,5810,111275,-0.0202360876897133
2024-04-18,5810,6600,5810,6200,1858946,0.06712564543889843
2024-04-19,6200,6200,5840,5940,382075,-0.041935483870967794
2024-04-22,6060,6300,5940,6040,258900,0.01683501683501687
2024-04-23,6020,6150,6010,6040,164096,0.0
2024-04-24,6060,6290,6060,6230,251425,0.0314569536423841
2024-04-25,6160,6230,6030,6050,180353,-0.028892455858748
2024-04-26,6070,6280,6070,6140,192907,0.014876033057851235
2024-04-29,6160,6360,6150,6330,258249,0.030944625407166138
2024-04-30,6280,6400,6220,6300,246244,-0.004739336492891044
2024-05-02,6250,6430,6250,6350,252386,0.007936507936507908
2024-05-03,6320,6630,6270,6310,355188,-0.006299212598425252
2024-05-07,6280,6370,6200,6300,121621,-0.0015847860538826808
2024-05-08,6300,6330,6170,6250,137749,-0.007936507936507908
2024-05-09,6400,6400,6150,6190,105825,-0.009600000000000053
2024-05-10,6180,6270,6120,6240,109830,0.008077544426494443
2024-05-13,6250,6260,6100,6120,141350,-0.019230769230769273
2024-05-14,6110,6280,6110,6230,114405,0.017973856209150263
2024-05-16,6270,6320,6190,6230,67739,0.0
2024-05-17,6230,6290,6150,6200,97448,-0.0048154093097912964
2024-05-20,6230,6230,6070,6110,116256,-0.014516129032258074
2024-05-21,6140,6200,6050,6120,58530,0.0016366612111293755
2024-05-22,6150,6230,6050,6070,120811,-0.008169934640522847
2024-05-23,6030,6100,5920,6060,85930,-0.0016474464579900872
2024-05-24,6010,6160,5940,6030,70548,-0.004950495049504955
2024-05-27,6030,6030,5860,6010,98541,-0.0033167495854062867
2024-05-28,5960,6030,5960,6020,29264,0.0016638935108153063
2024-05-29,6000,6020,5850,5850,77869,-0.028239202657807327
2024-05-30,5850,5940,5820,5880,52792,0.00512820512820511
2024-05-31,5950,6260,5870,6100,184661,0.03741496598639449
2024-06-03,6100,6200,6020,6150,104134,0.008196721311475308
2024-06-04,6160,6250,6100,6130,154107,-0.003252032520325243
2024-06-05,6130,6200,6090,6150,129932,0.0032626427406199365
2024-06-07,6100,6160,6100,6100,83140,-0.008130081300813052
2024-06-10,6120,6150,6030,6120,67363,0.003278688524590123
2024-06-11,6100,6270,6060,6200,146600,0.013071895424836555
2024-06-12,6180,6280,6130,6230,130986,0.004838709677419395
2024-06-13,6200,6310,6140,6180,121198,-0.008025682182985605
2024-06-14,6160,6230,6020,6080,145469,-0.016181229773462813
2024-06-17,6080,6250,6000,6030,134762,-0.008223684210526327
2024-06-18,6100,6510,6020,6330,791858,0.04975124378109452
2024-06-19,6370,7860,6210,7550,8157887,0.1927330173775672
2024-06-20,7450,7520,7110,7220,1421090,-0.0437086092715232
2024-06-21,7210,7210,6740,6790,849448,-0.059556786703601095
2024-06-24,6780,6820,6280,6400,771733,-0.05743740795287189
2024-06-25,6430,6610,6300,6530,455117,0.020312499999999956
2024-06-26,6500,6660,6430,6510,296698,-0.003062787136294043
2024-06-27,7160,8280,7150,7720,12318970,0.1858678955453148
2024-06-28,7190,7570,6950,7050,1895877,-0.08678756476683935
2024-07-01,7150,7450,6980,7080,1260443,0.004255319148936065
2024-07-02,7030,7130,6710,7090,787649,0.0014124293785311437
2024-07-03,6920,7750,6820,7380,4036953,0.04090267983074747
2024-07-04,7330,8890,7210,8200,12069824,0.11111111111111116
2024-07-05,8250,9370,8130,8460,7478436,0.03170731707317076
2024-07-08,8530,8720,8350,8570,1596232,0.013002364066193817
2024-07-09,8500,10370,8420,10110,11443009,0.17969661610268384
2024-07-10,10190,10430,9540,9670,2932652,-0.04352126607319484
2024-07-11,9710,9920,9420,9620,1211636,-0.005170630816959676
2024-07-12,9360,9560,8970,9150,873583,-0.04885654885654889
2024-07-15,9050,9200,8770,8860,476391,-0.031693989071038264
2024-07-16,9230,9990,8370,8520,3631319,-0.038374717832957095
2024-07-17,8520,8770,8050,8100,957681,-0.04929577464788737
2024-07-18,7980,8020,7610,7830,456293,-0.033333333333333326
2024-07-19,7750,8260,7590,8090,578322,0.033205619412515874
2024-07-22,8050,8080,7540,7800,338526,-0.03584672435105063
2024-07-23,7730,8090,7660,7840,299322,0.00512820512820511
2024-07-24,7770,7910,7670,7770,169512,-0.008928571428571397
2024-07-25,7720,7760,7490,7620,203272,-0.019305019305019266
2024-07-26,7540,8050,7500,7650,232071,0.003937007874015741
2024-07-29,7800,8000,7480,7630,170004,-0.002614379084967311
2024-07-30,7720,7720,7370,7480,128835,-0.019659239842726106
2024-07-31,7480,7560,7290,7450,84375,-0.004010695187165791
2024-08-01,7490,7600,7290,7470,78682,0.0026845637583892135
2024-08-02,7400,7400,7090,7170,153165,-0.04016064257028118
2024-08-05,7080,7130,6040,6340,417314,-0.11576011157601118
2024-08-06,6200,6770,6200,6630,268302,0.045741324921135584
2024-08-07,6690,7100,6630,7070,139143,0.06636500754147812
2024-08-08,7100,7120,6840,7000,103487,-0.00990099009900991
2024-08-09,7080,7280,7080,7130,64431,0.01857142857142846
2024-08-12,7130,7320,7090,7110,38695,-0.0028050490883591017
2024-08-13,7060,7140,6850,6950,79406,-0.02250351617440227
2024-08-14,7020,7070,6910,6920,58762,-0.004316546762589968
2024-08-16,7100,7420,6910,7200,147582,0.040462427745664664
2024-08-19,7200,7250,7010,7050,103464,-0.02083333333333337
2024-08-20,7060,7200,6980,6990,43059,-0.008510638297872353
2024-08-21,6990,6990,6740,6770,103387,-0.03147353361945637
2024-08-22,6770,6870,6620,6670,53637,-0.01477104874446089
2024-08-23,6600,6840,6550,6820,65021,0.022488755622188883
2024-08-26,6820,6940,6740,6770,67014,-0.007331378299120228
2024-08-27,6740,7050,6570,7050,56402,0.041358936484490405
2024-08-28,7150,7150,6900,6950,93360,-0.014184397163120588
2024-08-29,6800,7000,6750,6780,80434,-0.024460431654676262
2024-08-30,6780,7370,6780,7080,156427,0.04424778761061954
2024-09-02,7110,7240,6910,6930,86131,-0.021186440677966156
2024-09-03,7060,7060,6780,6800,41094,-0.018759018759018753
2024-09-04,6490,6610,6490,6510,87174,-0.04264705882352937
2024-09-05,6470,6770,6460,6540,49427,0.004608294930875667
2024-09-06,6470,6560,6220,6240,95368,-0.04587155963302747
2024-09-09,6210,6330,5840,6330,71986,0.014423076923076872
2024-09-10,6270,6400,6120,6220,52881,-0.017377567140600347
2024-09-11,6220,6400,6170,6210,40112,-0.001607717041800627
2024-09-12,6310,6500,6230,6400,33471,0.03059581320450877
2024-09-13,6510,6510,6410,6450,18315,0.0078125
2024-09-19,6520,6600,6350,6480,36975,0.0046511627906977715
2024-09-20,6550,6820,6490,6710,113284,0.035493827160493874
2024-09-23,6720,8050,6630,7300,1496922,0.08792846497764528
2024-09-24,7500,7760,7190,7400,919800,0.013698630136986356
2024-09-25,7320,7890,7200,7220,1207619,-0.024324324324324298
2024-09-26,7280,7410,7240,7390,177334,0.023545706371191244
2024-09-27,7450,7530,7210,7210,161303,-0.024357239512855178
2024-09-30,7100,7230,6940,7070,101927,-0.01941747572815533
2024-10-02,6910,7050,6840,6880,59824,-0.026874115983026914
2024-10-04,6900,7130,6890,6960,84045,0.011627906976744207
2024-10-07,7060,7140,6920,7100,65633,0.02011494252873569
2024-10-08,6780,7250,6670,6810,134309,-0.04084507042253516
2024-10-10,6880,7170,6880,7170,147189,0.052863436123347984
2024-10-11,7050,7320,6870,6990,210040,-0.025104602510460206
2024-10-14,7070,7090,6880,6890,49725,-0.014306151645207432
2024-10-15,6890,7180,6870,7060,79555,0.02467343976777947
2024-10-16,7060,7320,6940,7150,138555,0.012747875354107707
2024-10-17,7250,7290,6910,7040,95718,-0.01538461538461533
2024-10-18,7010,7040,6670,6710,97977,-0.046875
2024-10-21,6750,6830,6670,6690,26476,-0.0029806259314456574
2024-10-22,6630,6710,6450,6550,73004,-0.020926756352765308
2024-10-23,6560,6690,6350,6510,72982,-0.006106870229007688
2024-10-24,6470,6500,6320,6320,96590,-0.029185867895545337
2024-10-25,6320,6470,6230,6390,58515,0.011075949367088667
2024-10-28,6330,6660,6330,6570,59833,0.028169014084507005
2024-10-29,6520,6590,6330,6470,82420,-0.015220700152207
2024-10-30,6470,6530,6300,6370,48674,-0.015455950540958274
2024-10-31,6320,6470,6200,6400,28505,0.0047095761381474865
2024-11-01,6380,6420,6210,6380,79700,-0.0031250000000000444
2024-11-04,6340,6560,6240,6510,62232,0.020376175548589393
2024-11-05,6460,6560,6430,6490,25435,-0.003072196620583667
2024-11-06,6530,6550,6270,6360,60854,-0.02003081664098616
2024-11-07,6360,6370,6100,6190,88499,-0.026729559748427723
2024-11-08,6120,6320,6120,6250,34931,0.009693053311793154
2024-11-11,6260,6260,5930,6080,68302,-0.027200000000000002
2024-11-12,6020,6100,5650,5660,235567,-0.06907894736842102
2024-11-13,5500,5740,5390,5550,178024,-0.019434628975265045
2024-11-14,5510,5610,5260,5260,147698,-0.052252252252252274
2024-11-15,5260,5480,5230,5450,83261,0.03612167300380231
2024-11-18,5410,5600,5410,5470,46433,0.003669724770642091
2024-11-19,5390,5570,5390,5460,46541,-0.001828153564899404
2024-11-20,5450,5650,5430,5550,41285,0.016483516483516425
2024-11-21,5480,5570,5380,5430,77907,-0.021621621621621623
2024-11-22,5480,5530,5410,5430,24992,0.0
2024-11-25,5500,5610,5440,5600,38325,0.03130755064456725
2024-11-26,5520,5620,5520,5600,34027,0.0
2024-11-27,5620,5650,5480,5500,29892,-0.017857142857142905
2024-11-28,5500,5590,5480,5510,27107,0.0018181818181817189
2024-11-29,5480,5630,5300,5350,65164,-0.029038112522686066
2024-12-02,5400,5470,5270,5270,33903,-0.01495327102803734
2024-12-03,5260,5500,5260,5370,36764,0.018975332068311257
2024-12-04,5250,5420,5250,5300,32493,-0.013035381750465591
2024-12-05,5300,5380,5240,5300,29651,0.0
2024-12-06,5300,5330,4990,5320,86979,0.0037735849056603765
2024-12-09,5310,5310,4880,4955,212647,-0.06860902255639101
2024-12-10,4855,5270,4855,5250,55505,0.05953582240161448
2024-12-11,5200,5430,5190,5340,40666,0.017142857142857126
2024-12-12,5440,5480,5370,5390,27080,0.009363295880149725
2024-12-13,5390,5490,5360,5470,23849,0.014842300556586308
2024-12-16,5470,5610,5470,5590,41945,0.021937842778793515
2024-12-17,5670,5900,5530,5800,183125,0.0375670840787119
2024-12-18,5750,5900,5640,5840,60108,0.006896551724137945
2024-12-19,5890,5890,5630,5690,46815,-0.025684931506849362
2024-12-20,5680,5710,5590,5630,30281,-0.010544815465729385
2024-12-23,6910,7310,6550,7310,1693405,0.29840142095914746
2024-12-24,7350,7930,6190,6270,2372774,-0.14227086183310533
2024-12-26,6510,6770,6350,6580,1121438,0.04944178628389162
2024-12-27,6410,6700,6110,6170,459975,-0.06231003039513683
2024-12-30,6180,6260,6020,6100,276772,-0.011345218800648316
2025-01-02,6100,6320,5860,6120,307560,0.003278688524590123
2025-01-03,6120,6300,6100,6300,238876,0.02941176470588225
2025-01-06,6300,6310,6160,6300,142422,0.0
2025-01-07,6330,6450,6200,6390,176451,0.014285714285714235
2025-01-08,6390,6600,6280,6440,210016,0.00782472613458518
2025-01-09,6400,6640,6200,6550,234957,0.017080745341614856
2025-01-10,6480,6560,6280,6300,105301,-0.03816793893129766
2025-01-13,6300,6360,6260,6320,55874,0.0031746031746031633
2025-01-14,6300,6380,6270,6280,55760,-0.006329113924050667
2025-01-15,6310,6310,6110,6200,87963,-0.01273885350318471
2025-01-16,6280,6670,6220,6600,347036,0.06451612903225801
2025-01-17,6580,6590,6400,6450,85479,-0.022727272727272707
2025-01-20,6460,6530,6390,6470,66903,0.0031007751937983663
2025-01-21,6470,6520,6330,6380,69495,-0.01391035548686248
2025-01-22,6410,6600,6380,6540,74238,0.02507836990595602
2025-01-23,6550,6550,6330,6390,90123,-0.022935779816513735
2025-01-24,6550,6550,6370,6390,54706,0.0
2025-01-31,6300,6550,6300,6490,98937,0.015649452269170583
2025-02-03,6380,6480,6050,6220,148435,-0.04160246533127887
2025-02-04,6230,6310,6180,6220,43813,0.0
2025-02-05,6750,7860,6630,7070,6848112,0.13665594855305474
2025-02-06,7080,7260,6600,7220,737244,0.021216407355021172
2025-02-07,7260,7260,6960,6960,344571,-0.03601108033240996
2025-02-10,6960,7090,6710,6930,222292,-0.004310344827586188
2025-02-11,7030,7030,6700,6700,148544,-0.03318903318903321
2025-02-12,6770,6870,6560,6590,113928,-0.016417910447761197
2025-02-13,6600,6740,6600,6630,62908,0.006069802731411222
2025-02-14,6680,6830,6550,6630,67017,0.0
2025-02-17,6630,6770,6630,6750,56440,0.018099547511312153
2025-02-18,6770,6770,6570,6670,80516,-0.011851851851851891
2025-02-19,6650,6700,6510,6600,60279,-0.010494752623688153
2025-02-20,6650,6740,6600,6700,85393,0.015151515151515138
2025-02-21,6650,6740,6640,6670,49954,-0.004477611940298498
2025-02-24,6630,6850,6550,6750,96450,0.011994002998500841
2025-02-25,6710,6880,6640,6820,137894,0.010370370370370363
2025-02-26,6810,6920,6710,6780,117709,-0.0058651026392961825
2025-02-27,6800,6890,6740,6840,114481,0.008849557522123908
2025-02-28,6840,6870,6580,6620,124317,-0.032163742690058506
2025-03-04,6620,6880,6260,6490,64570,-0.01963746223564955
2025-03-05,6490,6890,6490,6860,103015,0.057010785824345156
2025-03-06,6870,6870,6650,6760,57335,-0.014577259475218707
2025-03-07,6710,6850,6690,6750,73081,-0.0014792899408283544
2025-03-10,6750,6830,6620,6770,44170,0.002962962962963056
2025-03-11,6670,6690,6500,6650,58729,-0.017725258493353047
2025-03-12,6580,6710,6580,6630,30356,-0.003007518796992459
2025-03-13,6630,6690,6550,6580,32373,-0.007541478129713397
2025-03-14,6540,6700,6540,6660,20495,0.012158054711246091
2025-03-17,6660,6780,6610,6740,38747,0.012012012012011963
2025-03-18,6780,6790,6660,6670,34812,-0.010385756676557834
2025-03-19,6670,6680,6580,6580,69282,-0.013493253373313308
2025-03-20,6650,6650,6390,6410,77298,-0.02583586626139822
2025-03-21,6410,6580,6360,6570,50355,0.024960998439937487
2025-03-24,6570,6670,6500,6650,24073,0.0121765601217656
2025-03-25,6680,6680,6510,6620,18310,-0.004511278195488688
2025-03-26,6620,6640,6390,6410,114834,-0.031722054380664666
2025-03-27,6360,6470,6270,6280,62746,-0.020280811232449292
2025-03-28,6280,6320,5950,6020,153139,-0.04140127388535031
2025-03-31,6000,6150,5820,5940,47732,-0.013289036544850474
2025-04-01,5940,6200,5940,6130,27902,0.03198653198653201
2025-04-02,6120,6190,6020,6020,29181,-0.01794453507340943
2025-04-03,6000,6150,5960,6090,14996,0.011627906976744207
2025-04-04,6090,6210,6030,6170,26430,0.013136288998357948
2025-04-07,6100,6100,5850,6000,77959,-0.027552674230145846
2025-04-08,6020,6100,5770,5950,111915,-0.008333333333333304
2025-04-09,5910,5960,5610,5760,84289,-0.031932773109243695
2025-04-10,5850,6190,5850,6150,66696,0.06770833333333326
2025-04-11,6090,6250,6050,6200,33119,0.008130081300812941
2025-04-14,6200,6310,5860,6200,56516,0.0
2025-04-15,6140,6310,6140,6220,42599,0.003225806451612856
2025-04-16,6230,6260,6160,6190,24281,-0.004823151125401881
2025-04-17,6190,6270,6180,6210,13762,0.003231017770597644
2025-04-18,6270,6340,6210,6280,38906,0.011272141706924366
2025-04-21,6250,6330,6220,6230,22102,-0.0079617834394905
2025-04-22,6230,6290,6030,6140,37788,-0.014446227929374
2025-04-23,6150,6290,6150,6210,36280,0.01140065146579805
2025-04-24,6280,6360,6240,6330,40357,0.019323671497584627
2025-04-25,6360,6410,6260,6330,25411,0.0
2025-04-28,6390,6390,6200,6270,22036,-0.009478672985781977
2025-04-29,6230,6280,6230,6280,6807,0.0015948963317384823
2025-04-30,6240,6330,6020,6150,39809,-0.02070063694267521
2025-05-02,6190,6220,6130,6200,17189,0.008130081300812941
2025-05-07,6200,6310,5950,6260,53676,0.00967741935483879
2025-05-08,6170,6460,6170,6430,56272,0.02715654952076685
2025-05-09,6370,6440,6310,6430,38340,0.0
2025-05-12,6430,6440,6310,6360,31557,-0.010886469673405896
2025-05-13,6350,6600,6340,6410,83092,0.007861635220125729
2025-05-14,6410,6450,6350,6410,25129,0.0
2025-05-15,6440,6450,6160,6340,46454,-0.010920436817472678
2025-05-16,6300,6340,6210,6260,40576,-0.012618296529968487
2025-05-19,6290,6290,6060,6110,34480,-0.02396166134185307
2025-05-20,6150,6170,6010,6040,64723,-0.011456628477905073
2025-05-21,6000,6170,6000,6090,42320,0.008278145695364225
2025-05-22,6090,6170,6060,6090,47080,0.0
2025-05-23,6180,6190,6090,6140,33134,0.008210180623973828
2025-05-26,6140,6270,6140,6210,29990,0.01140065146579805
2025-05-27,6250,6250,6120,6120,29928,-0.01449275362318836
2025-05-28,6160,6180,6080,6110,40918,-0.0016339869281045694
2025-05-29,6230,6230,6080,6120,40320,0.0016366612111293755
2025-05-30,6140,6180,6100,6130,14913,0.0016339869281045694
2025-06-02,6130,6130,6020,6050,33395,-0.013050570962479635
2025-06-04,6060,6120,6050,6090,29058,0.006611570247933907
2025-06-05,6210,6300,6090,6090,126199,0.0
2025-06-09,6150,6210,6090,6150,31739,0.009852216748768461
2025-06-10,6220,6220,6100,6120,37850,-0.004878048780487809
2025-06-11,6150,6270,6130,6190,54597,0.011437908496731986
2025-06-12,6200,6240,6150,6190,67444,0.0
2025-06-13,6210,6260,6140,6220,130912,0.004846526655896577
2025-06-16,6250,6310,6180,6270,60901,0.008038585209003246
2025-06-17,6360,6450,6250,6330,79165,0.009569377990430672
2025-06-18,6310,6340,6220,6330,42291,0.0
2025-06-19,6320,6360,6160,6360,67161,0.004739336492890933
2025-06-20,6360,6370,6250,6360,38909,0.0
2025-06-23,6360,6360,6090,6190,130924,-0.026729559748427723
2025-06-24,6190,6230,6160,6220,36480,0.004846526655896577
2025-06-25,6220,6240,6150,6210,40203,-0.001607717041800627
2025-06-26,6240,6240,6080,6100,74554,-0.017713365539452464
2025-06-27,6100,6120,5980,6090,79438,-0.0016393442622950616
2025-06-30,6100,6110,6010,6040,46369,-0.008210180623973717
2025-07-01,6040,6090,6000,6050,29542,0.0016556291390728006
2025-07-02,6060,6900,5970,6090,1483093,0.006611570247933907
2025-07-03,6130,6370,6080,6260,210568,0.02791461412151075
2025-07-04,6210,6270,6180,6200,46093,-0.009584664536741228
2025-07-07,6220,6320,6190,6290,59025,0.014516129032257963
2025-07-08,6320,6320,6220,6310,49694,0.0031796502384737746
2025-07-09,6300,6440,6300,6400,69905,0.014263074484944571
2025-07-10,6400,6440,6370,6380,28586,-0.0031250000000000444
2025-07-11,6370,6420,6290,6310,45665,-0.010971786833855801
2025-07-14,6300,6450,6270,6390,40326,0.01267828843106189
2025-07-15,6390,6450,6310,6410,41782,0.003129890453834161
2025-07-16,6430,6440,6330,6340,34517,-0.010920436817472678
2025-07-17,6360,6560,6360,6510,93877,0.02681388012618302
2025-07-18,6500,6550,6400,6420,38101,-0.01382488479262678
2025-07-21,6420,6520,6390,6410,26967,-0.0015576323987538387
2025-07-22,6400,6700,6400,6570,200893,0.024960998439937487
2025-07-23,6690,8540,6690,8300,11346264,0.26331811263318117
2025-07-24,8030,8960,7360,7550,5839675,-0.09036144578313254
2025-07-25,7500,7630,7110,7130,1078828,-0.05562913907284772
2025-07-28,7160,7180,6960,6970,325776,-0.02244039270687237
2025-07-29,6950,7560,6760,7290,831193,0.045911047345767564
2025-07-30,7200,7300,7050,7140,261501,-0.020576131687242816
2025-07-31,7100,7200,7030,7090,162497,-0.007002801120448154
2025-08-01,7100,7120,6810,6830,239252,-0.03667136812411853
2025-08-04,6890,7050,6810,6950,116340,0.017569546120058455
2025-08-05,7000,7100,6900,7000,73289,0.007194244604316502
2025-08-06,7000,7050,6910,6970,48218,-0.004285714285714337
2025-08-07,6970,6970,6790,6880,69020,-0.012912482065997155
2025-08-08,6910,6930,6800,6880,56898,0.0
2025-08-11,6840,6940,6780,6850,66424,-0.0043604651162790775
2025-08-12,6850,6970,6830,6850,38403,0.0
2025-08-13,6860,6970,6820,6950,88690,0.014598540145985384
2025-08-14,6990,6990,6860,6860,47827,-0.012949640287769792
2025-08-18,6840,6940,6690,6690,65457,-0.02478134110787167
2025-08-19,6700,6760,6620,6740,85199,0.007473841554558991
2025-08-20,7010,7390,6750,6930,600249,0.028189910979228516
2025-08-21,6950,7300,6950,7190,224482,0.037518037518037506
2025-08-22,7190,7740,7030,7700,491467,0.0709318497913769
2025-08-25,7700,8090,7630,7920,380186,0.02857142857142847
2025-08-26,7920,8630,7830,8300,698545,0.04797979797979801
2025-08-27,8270,8420,8010,8240,191257,-0.0072289156626506035
2025-08-28,8100,8410,7630,8390,147553,0.01820388349514568
2025-08-29,8310,8400,8120,8260,102892,-0.015494636471990453
2025-09-01,8200,8260,7850,7900,143928,-0.04358353510895885
2025-09-02,7830,8110,7830,8030,79422,0.016455696202531733
2025-09-03,7990,8160,7900,8030,78937,0.0
2025-09-04,8130,8550,8000,8270,183387,0.0298879202988791
2025-09-05,8290,8380,8210,8300,96686,0.0036275695284160303
2025-09-08,8340,8420,8160,8220,175544,-0.009638554216867434
2025-09-09,8220,8380,8130,8260,68088,0.0048661800486617945
2025-09-10,8310,8410,8130,8290,97252,0.00363196125907983
2025-09-11,8360,8360,8070,8130,88038,-0.0193003618817853
2025-09-12,8190,8280,8020,8190,113210,0.007380073800737907
2025-09-15,8200,8200,7950,8000,85410,-0.023199023199023228
2025-09-16,8000,8090,7740,8000,120169,0.0
2025-09-17,8140,8140,7940,8010,41934,0.0012499999999999734
2025-09-18,8030,8120,7930,8080,72450,0.008739076154806513
2025-09-19,8100,8420,8080,8250,111317,0.021039603960395947
2025-09-22,8350,8830,8030,8320,565555,0.00848484848484854
2025-09-23,8900,8900,8040,8060,999872,-0.03125
2025-09-24,7980,8030,7600,7640,325307,-0.052109181141439254
2025-09-25,7630,7740,7380,7470,139704,-0.022251308900523514
2025-09-26,7470,7520,7150,7250,124319,-0.029451137884872858
2025-09-29,7260,7390,7180,7220,54605,-0.004137931034482789
2025-09-30,7210,7210,7100,7130,35710,-0.012465373961218829
2025-10-01,7130,7190,7070,7100,31292,-0.0042075736325385416
2025-10-02,7200,7280,7110,7140,31768,0.005633802816901401
2025-10-10,7140,7140,6800,6820,137395,-0.0448179271708683
2025-10-13,6800,6800,6600,6740,96188,-0.011730205278592365
2025-10-14,6840,6840,6600,6680,78662,-0.008902077151335286
2025-10-15,6780,6780,6610,6620,56204,-0.008982035928143728
2025-10-16,6730,6860,6590,6700,133661,0.012084592145015005
2025-10-17,6730,6730,6510,6560,155594,-0.020895522388059695
2025-10-20,6560,6750,6520,6750,49334,0.028963414634146423
2025-10-21,6750,6830,6600,6750,98229,0.0
2025-10-22,6750,6860,6610,6840,65561,0.01333333333333342
2025-10-23,7030,7030,6790,6940,123304,0.014619883040935644
2025-10-24,6940,6940,6750,6810,70455,-0.018731988472622474
2025-10-27,6790,7190,6790,7190,157049,0.05580029368575623
2025-10-28,7190,7190,7050,7100,70651,-0.012517385257301838
2025-10-29,7100,7100,6930,6990,79853,-0.015492957746478853
2025-10-30,7020,7050,6830,6870,76320,-0.01716738197424894
2025-10-31,6890,7140,6840,6980,111310,0.01601164483260553
2025-11-03,6980,6980,6770,6840,83507,-0.02005730659025784
2025-11-04,6820,7090,6820,6930,92627,0.013157894736842035
2025-11-05,6950,7150,6660,6960,126317,0.0043290043290042934
2025-11-06,6960,7650,6960,7200,472795,0.034482758620689724
2025-11-07,7010,7130,6820,6940,154308,-0.036111111111111094
2025-11-10,6840,7060,6840,7000,65942,0.008645533141210304
2025-11-11,6920,7130,6890,7070,79387,0.010000000000000009
2025-11-12,7180,7180,7040,7080,64300,0.0014144271570013522
2025-11-13,7080,7130,6970,7040,55824,-0.005649717514124242
