Date,Open,High,Low,Close,Volume,Change
2022-01-03,2955,3640,2955,3385,2170682,0.14745762711864407
2022-01-04,3410,3505,3350,3475,443996,0.026587887740029625
2022-01-05,3430,3460,3360,3420,151938,-0.015827338129496438
2022-01-06,3345,3390,3335,3365,72472,-0.016081871345029253
2022-01-07,3345,3450,3335,3435,90129,0.02080237741456159
2022-01-10,3465,3465,3345,3395,37632,-0.011644832605531286
2022-01-11,3405,3440,3285,3295,51015,-0.02945508100147276
2022-01-12,3385,3560,3290,3440,146738,0.04400606980273136
2022-01-13,3440,3445,3335,3385,37222,-0.015988372093023284
2022-01-14,3345,3445,3290,3390,25827,0.001477104874446189
2022-01-17,3355,3375,3280,3330,12969,-0.017699115044247815
2022-01-18,3300,3375,3220,3220,27535,-0.033033033033033066
2022-01-19,3190,3285,3190,3250,11929,0.009316770186335477
2022-01-20,3215,3350,3180,3255,11977,0.0015384615384614886
2022-01-21,3245,3480,3245,3365,43957,0.03379416282642089
2022-01-24,3325,3465,3220,3365,26938,0.0
2022-01-25,3365,3395,3230,3310,74064,-0.01634472511144136
2022-01-26,3220,3305,3220,3270,18972,-0.012084592145015116
2022-01-27,3245,3460,3190,3250,23658,-0.006116207951070374
2022-01-28,3235,3420,3215,3370,32030,0.036923076923076836
2022-02-03,3395,3440,3335,3365,27988,-0.0014836795252225476
2022-02-04,3340,3410,3325,3370,20570,0.0014858841010401136
2022-02-07,3370,3395,3360,3375,12794,0.0014836795252226587
2022-02-08,3380,3500,3320,3400,69944,0.007407407407407307
2022-02-09,3480,3480,3380,3410,107401,0.002941176470588225
2022-02-10,3410,3435,3335,3425,24174,0.004398826979472137
2022-02-11,3425,3435,3375,3415,22497,-0.0029197080291970545
2022-02-14,3385,3420,3335,3400,22802,-0.004392386530014614
2022-02-15,3400,3620,3285,3320,278003,-0.02352941176470591
2022-02-16,3340,3440,3285,3415,41151,0.028614457831325213
2022-02-17,3430,3490,3350,3430,65132,0.004392386530014614
2022-02-18,3385,3555,3385,3475,66525,0.013119533527696792
2022-02-21,3440,3525,3435,3490,39597,0.004316546762589857
2022-02-22,3490,3560,3400,3475,45351,-0.004297994269340966
2022-02-23,3475,3480,3370,3440,79363,-0.010071942446043147
2022-02-24,3425,3725,3350,3480,1391294,0.011627906976744207
2022-02-25,3400,3430,3305,3335,294470,-0.04166666666666663
2022-02-28,3310,3355,3215,3320,109002,-0.004497751124437732
2022-03-02,3275,3320,3220,3300,41903,-0.0060240963855421326
2022-03-03,3280,3420,3265,3380,79247,0.024242424242424176
2022-03-04,3350,3380,3270,3375,57897,-0.0014792899408283544
2022-03-07,3395,3395,3250,3330,44082,-0.013333333333333308
2022-03-08,3270,3390,3270,3330,30017,0.0
2022-03-10,3360,3480,3340,3415,138738,0.02552552552552556
2022-03-11,3415,3435,3345,3385,34733,-0.008784773060029227
2022-03-14,3385,3440,3345,3395,46706,0.002954209748892156
2022-03-15,3385,3405,3365,3375,21864,-0.00589101620029453
2022-03-16,3375,3475,3375,3430,44420,0.016296296296296253
2022-03-17,3455,3550,3395,3450,71107,0.005830903790087438
2022-03-18,3450,3480,3400,3450,34423,0.0
2022-03-21,3450,3460,3405,3435,22148,-0.004347826086956497
2022-03-22,3435,3460,3400,3445,46077,0.0029112081513829047
2022-03-23,3445,3480,3425,3435,28959,-0.002902757619738794
2022-03-24,3435,3445,3400,3440,18450,0.0014556040756914523
2022-03-25,3455,3625,3420,3575,203315,0.03924418604651159
2022-03-28,3575,3630,3505,3615,74467,0.01118881118881121
2022-03-29,3600,3625,3555,3580,29352,-0.009681881051175623
2022-03-30,3580,3585,3510,3580,37642,0.0
2022-03-31,3600,3615,3495,3565,34081,-0.0041899441340782495
2022-04-01,3585,3600,3500,3565,33451,0.0
2022-04-04,3565,3660,3560,3650,93928,0.02384291725105192
2022-04-05,3635,3680,3610,3655,39770,0.00136986301369868
2022-04-06,3635,3655,3615,3650,33847,-0.001367989056087593
2022-04-07,3605,3660,3595,3645,33180,-0.00136986301369868
2022-04-08,3625,3670,3570,3615,26839,-0.008230452674897082
2022-04-11,3555,3670,3555,3590,49409,-0.006915629322268302
2022-04-12,3590,3600,3565,3580,13325,-0.0027855153203342198
2022-04-13,3665,3760,3565,3695,170236,0.032122905027933024
2022-04-14,3695,3700,3620,3660,28928,-0.009472259810554773
2022-04-15,3660,3675,3640,3660,21284,0.0
2022-04-18,3615,3665,3590,3640,43136,-0.005464480874316946
2022-04-19,3600,3730,3600,3690,66984,0.013736263736263687
2022-04-20,3705,3710,3610,3635,55331,-0.01490514905149054
2022-04-21,3635,3655,3565,3565,42326,-0.019257221458046758
2022-04-22,3530,3730,3525,3705,60156,0.03927068723702676
2022-04-25,3630,3685,3540,3600,38032,-0.028340080971659964
2022-04-26,3575,3650,3555,3585,18741,-0.004166666666666652
2022-04-27,3565,3595,3465,3530,22194,-0.015341701534170138
2022-04-28,3545,3565,3510,3540,7381,0.0028328611898016387
2022-04-29,3540,3560,3505,3550,12905,0.0028248587570620654
2022-05-02,3565,3695,3515,3550,61694,0.0
2022-05-03,3540,3755,3475,3675,133051,0.035211267605633756
2022-05-04,3750,3750,3625,3655,42489,-0.0054421768707483276
2022-05-06,3625,3670,3590,3660,15962,0.001367989056087593
2022-05-09,3635,3640,3595,3640,12529,-0.005464480874316946
2022-05-10,3590,3660,3500,3585,24663,-0.015109890109890056
2022-05-11,3540,3620,3540,3590,10896,0.001394700139470073
2022-05-12,3565,3605,3475,3500,25541,-0.02506963788300831
2022-05-13,3490,3535,3440,3525,28974,0.0071428571428571175
2022-05-16,3525,3585,3500,3575,11553,0.014184397163120588
2022-05-17,3540,3585,3495,3525,26678,-0.013986013986013957
2022-05-18,3475,3515,3360,3360,45733,-0.04680851063829783
2022-05-19,3325,3385,3305,3355,15592,-0.0014880952380952328
2022-05-20,3325,3525,3325,3445,32887,0.02682563338301036
2022-05-23,3445,3570,3425,3445,15636,0.0
2022-05-24,3450,3450,3400,3445,13598,0.0
2022-05-25,3410,3485,3405,3450,20491,0.0014513788098693414
2022-05-26,3450,3500,3425,3435,8167,-0.004347826086956497
2022-05-27,3420,3580,3420,3505,21366,0.020378457059679667
2022-05-30,3510,3650,3475,3600,27440,0.02710413694721825
2022-05-31,3580,3640,3565,3590,15132,-0.002777777777777768
2022-06-02,3590,3635,3530,3630,20454,0.011142061281337101
2022-06-03,3630,3630,3575,3605,10269,-0.00688705234159781
2022-06-07,3605,3650,3560,3635,33754,0.00832177531206657
2022-06-08,3610,3690,3600,3660,33121,0.00687757909215958
2022-06-09,3630,3665,3585,3660,19088,0.0
2022-06-10,3640,3680,3595,3625,13668,-0.0095628415300546
2022-06-13,3615,3625,3525,3595,16744,-0.008275862068965467
2022-06-14,3580,3610,3445,3560,20896,-0.009735744089012566
2022-06-15,3560,3660,3495,3610,39639,0.014044943820224809
2022-06-16,3610,3650,3550,3640,21464,0.008310249307479145
2022-06-17,3550,3640,3550,3600,6902,-0.01098901098901095
2022-06-20,3600,3600,3480,3580,26643,-0.005555555555555536
2022-06-21,3545,3585,3535,3560,9321,-0.005586592178770999
2022-06-22,3535,3590,3515,3515,19211,-0.012640449438202195
2022-06-23,3525,3550,3405,3505,23883,-0.002844950213371278
2022-06-24,3430,3540,3430,3520,5857,0.004279600570613384
2022-06-27,3550,3660,3480,3550,15615,0.008522727272727293
2022-06-28,3550,3700,3495,3655,61377,0.029577464788732355
2022-06-29,3620,3695,3550,3635,15508,-0.005471956224350261
2022-06-30,3600,3680,3500,3645,22534,0.0027510316368637433
2022-07-01,3655,3665,3500,3500,20661,-0.03978052126200271
2022-07-04,3530,3630,3520,3610,23673,0.03142857142857136
2022-07-05,3630,3675,3605,3635,12553,0.006925207756232732
2022-07-06,3640,3640,3595,3640,19004,0.0013755158184318717
2022-07-07,3650,3660,3610,3655,14824,0.004120879120879106
2022-07-08,3675,3675,3630,3650,9927,-0.001367989056087593
2022-07-11,3675,3675,3600,3630,11492,-0.005479452054794498
2022-07-12,3630,3630,3525,3600,7800,-0.008264462809917328
2022-07-13,3615,3615,3575,3595,10329,-0.001388888888888884
2022-07-14,3595,3595,3565,3580,7048,-0.004172461752433909
2022-07-15,3545,3580,3500,3555,13696,-0.006983240223463638
2022-07-18,3555,3585,3550,3565,4999,0.002812939521800173
2022-07-19,3520,3575,3510,3555,10442,-0.0028050490883591017
2022-07-20,3535,3650,3535,3590,18429,0.009845288326300938
2022-07-21,3555,3600,3550,3590,12048,0.0
2022-07-22,3590,3625,3565,3595,6388,0.0013927576601671099
2022-07-25,3570,3610,3570,3600,11888,0.0013908205841446364
2022-07-26,3560,3630,3560,3600,7482,0.0
2022-07-27,3600,3615,3560,3600,18468,0.0
2022-07-28,3595,3620,3580,3595,9460,-0.001388888888888884
2022-07-29,3605,3610,3590,3600,8587,0.0013908205841446364
2022-08-01,3620,3620,3595,3610,15083,0.002777777777777768
2022-08-02,3615,3615,3570,3615,10080,0.0013850415512466352
2022-08-03,3600,3610,3565,3610,15269,-0.0013831258644536604
2022-08-04,3620,3630,3605,3620,12389,0.0027700831024930483
2022-08-05,3620,3630,3600,3620,11820,0.0
2022-08-08,3620,3620,3590,3620,9789,0.0
2022-08-09,3620,3620,3590,3590,15789,-0.008287292817679592
2022-08-10,3585,3670,3570,3595,26763,0.0013927576601671099
2022-08-11,3615,3645,3585,3610,5132,0.004172461752433909
2022-08-12,3590,3780,3590,3725,82522,0.03185595567867039
2022-08-16,3725,3750,3715,3740,27730,0.00402684563758382
2022-08-17,3765,3765,3725,3735,21395,-0.0013368983957219305
2022-08-18,3735,3780,3710,3745,24927,0.0026773761713521083
2022-08-19,3725,3750,3710,3735,14896,-0.002670226969292422
2022-08-22,3715,3725,3650,3695,14457,-0.010709504685408322
2022-08-23,3665,3830,3665,3790,47973,0.025710419485791558
2022-08-24,3790,3790,3670,3710,50782,-0.02110817941952503
2022-08-25,3685,3750,3685,3715,10238,0.0013477088948787852
2022-08-26,3740,3740,3690,3710,25684,-0.0013458950201884479
2022-08-29,3680,3700,3640,3665,13998,-0.0121293800539084
2022-08-30,3635,3670,3590,3665,18301,0.0
2022-08-31,3680,3730,3625,3625,15695,-0.010914051841746208
2022-09-01,3645,3650,3600,3645,15402,0.0055172413793103114
2022-09-02,3625,3770,3625,3690,28108,0.012345679012345734
2022-09-05,3630,3750,3630,3685,35546,-0.0013550135501354532
2022-09-06,3660,3740,3660,3700,20401,0.004070556309362372
2022-09-07,3700,3700,3650,3690,9962,-0.002702702702702675
2022-09-08,3650,3750,3650,3715,37252,0.006775067750677488
2022-09-13,3715,3755,3675,3705,31924,-0.0026917900403768957
2022-09-14,3640,3695,3640,3690,15819,-0.004048582995951455
2022-09-15,3660,3710,3660,3710,24376,0.005420054200542035
2022-09-16,3710,4550,3710,3950,9648629,0.06469002695417791
2022-09-19,3900,4885,3815,4480,18007447,0.13417721518987347
2022-09-20,4400,5820,4365,5820,11328958,0.2991071428571428
2022-09-21,6470,7560,6260,7560,6327201,0.2989690721649485
2022-09-22,8540,8730,6470,6590,13607604,-0.12830687830687826
2022-09-23,6570,7790,6130,6520,27128471,-0.01062215477996964
2022-09-26,6200,6240,5580,5780,2582723,-0.11349693251533743
2022-09-27,5800,6600,5450,5620,15599715,-0.02768166089965396
2022-09-28,5700,6000,5510,5750,7806023,0.02313167259786475
2022-09-29,5640,6140,5580,5640,6047316,-0.019130434782608674
2022-09-30,5900,7090,5870,6760,18147470,0.198581560283688
2022-10-04,6850,7100,6600,6930,7164127,0.025147928994082802
2022-10-05,7000,7430,6710,7190,8174295,0.037518037518037506
2022-10-06,6910,7450,6770,6870,7809395,-0.0445062586926287
2022-10-07,6850,7140,6460,6460,3041836,-0.05967976710334788
2022-10-11,6310,7250,6200,6790,10662378,0.051083591331269274
2022-10-12,6720,7060,5570,5570,3822007,-0.17967599410898383
2022-10-13,5580,5750,4955,4975,4695731,-0.10682226211849188
2022-10-14,5140,5270,5030,5240,1634166,0.05326633165829153
2022-10-17,5090,5470,5030,5270,2126099,0.005725190839694694
2022-10-18,5270,5680,5230,5430,3614443,0.030360531309297834
2022-10-19,5420,6450,5420,5940,10648767,0.09392265193370175
2022-10-20,5830,5940,5520,5680,1296351,-0.043771043771043794
2022-10-21,5620,6140,5420,5540,4388030,-0.02464788732394363
2022-10-24,5630,5920,5540,5620,1813841,0.014440433212996373
2022-10-25,5620,5730,5260,5440,1115343,-0.03202846975088969
2022-10-26,5560,5770,5270,5530,2493758,0.016544117647058876
2022-10-27,5440,5560,5370,5420,614186,-0.019891500904159143
2022-10-28,5420,5780,5350,5600,2157076,0.03321033210332103
2022-10-31,6070,6200,5720,6010,6497387,0.07321428571428568
2022-11-01,6060,6390,5940,6340,4160430,0.05490848585690511
2022-11-02,6180,6270,5860,5880,2321024,-0.0725552050473186
2022-11-03,5860,6130,5740,5920,1203656,0.006802721088435382
2022-11-04,5920,6370,5840,6250,3043476,0.0557432432432432
2022-11-07,6270,6500,6190,6320,1734763,0.011200000000000099
2022-11-08,6320,6530,6270,6440,1680953,0.018987341772152
2022-11-09,6770,8190,6660,7790,20406151,0.20962732919254656
2022-11-10,7760,8620,7650,7790,13171094,0.0
2022-11-11,7770,8070,7360,7790,5293928,0.0
2022-11-14,7890,8380,7260,7300,5360004,-0.06290115532734275
2022-11-15,7280,7360,7170,7310,1185629,0.00136986301369868
2022-11-16,7250,7390,7030,7130,1070353,-0.024623803009575895
2022-11-17,7130,7130,6820,6900,642042,-0.032258064516129004
2022-11-18,6900,7580,6630,6730,3377359,-0.024637681159420333
2022-11-21,6730,7230,6670,7200,2739605,0.06983655274888556
2022-11-22,7110,7310,7000,7060,1463205,-0.019444444444444486
2022-11-23,7120,7380,6500,6700,2972423,-0.05099150141643061
2022-11-24,6820,6860,6400,6410,918159,-0.043283582089552186
2022-11-25,6420,6460,6120,6230,568863,-0.02808112324492984
2022-11-28,6160,6230,6010,6010,400922,-0.035313001605136396
2022-11-29,6020,6440,6020,6070,1051915,0.009983361064891838
2022-11-30,6020,6270,6020,6250,367225,0.029654036243822013
2022-12-01,6250,6320,6210,6220,258227,-0.0048000000000000265
2022-12-02,6220,6330,6100,6100,344087,-0.019292604501607746
2022-12-05,6090,6120,6010,6030,175577,-0.011475409836065542
2022-12-06,5910,6300,5810,6050,517058,0.0033167495854062867
2022-12-07,6080,6130,5990,6020,160326,-0.0049586776859503745
2022-12-08,5980,6080,5830,5870,220001,-0.02491694352159468
2022-12-09,5820,5890,5760,5820,171234,-0.008517887563884163
2022-12-12,5810,5940,5680,5820,211682,0.0
2022-12-13,5790,5850,5580,5590,205536,-0.03951890034364258
2022-12-14,5620,5720,5580,5680,135970,0.01610017889087656
2022-12-15,5710,5740,5450,5450,202914,-0.040492957746478875
2022-12-16,5340,6500,5320,5790,8341529,0.062385321100917324
2022-12-19,5900,6450,5790,6290,5850068,0.08635578583765113
2022-12-20,6290,6910,6150,6230,6348058,-0.009538950715421324
2022-12-21,6170,6270,6030,6160,1086111,-0.011235955056179803
2022-12-22,6220,6250,5730,5740,831421,-0.06818181818181823
2022-12-23,5640,5700,5380,5430,540712,-0.05400696864111498
2022-12-26,5400,5470,5290,5410,353553,-0.0036832412523020164
2022-12-27,5340,5610,5340,5530,532986,0.022181146025878062
2022-12-28,5450,5630,5420,5570,248113,0.00723327305605781
2022-12-29,5530,5880,5490,5580,801275,0.0017953321364452268
2023-01-02,5580,5930,5520,5600,498224,0.0035842293906809264
2023-01-03,5560,5630,5400,5530,175231,-0.012499999999999956
2023-01-04,5520,5650,5460,5610,174148,0.014466546112115841
2023-01-05,5600,6050,5600,5940,915878,0.05882352941176472
2023-01-06,6250,6250,5780,5820,1074736,-0.02020202020202022
2023-01-09,5870,5970,5800,5960,186786,0.02405498281786933
2023-01-10,5900,5980,5850,5850,147193,-0.01845637583892612
2023-01-11,5820,5980,5810,5840,236899,-0.0017094017094017033
2023-01-12,5990,6580,5950,6200,3500005,0.06164383561643838
2023-01-13,6160,6400,6080,6290,812523,0.014516129032257963
2023-01-16,6450,6600,6210,6310,895922,0.0031796502384737746
2023-01-17,6370,6440,6240,6280,391627,-0.004754358161648153
2023-01-18,6350,6470,6240,6450,412183,0.027070063694267565
2023-01-19,6400,6460,6210,6230,275768,-0.03410852713178292
2023-01-20,6160,6280,6110,6230,524972,0.0
2023-01-25,6280,6460,6250,6340,324375,0.017656500802568198
2023-01-26,6350,6410,6310,6390,222193,0.007886435331230235
2023-01-27,6390,6550,6310,6490,484078,0.015649452269170583
2023-01-30,6450,6640,6220,6560,462465,0.01078582434514641
2023-01-31,6560,6680,6320,6400,506429,-0.024390243902439046
2023-02-01,6420,6460,6290,6360,189832,-0.006249999999999978
2023-02-02,6380,6600,6330,6580,285294,0.03459119496855356
2023-02-03,6590,6670,6520,6660,257010,0.012158054711246091
2023-02-06,6660,6800,6540,6560,375105,-0.01501501501501501
2023-02-07,6560,6590,6450,6530,157915,-0.004573170731707266
2023-02-08,6520,6590,6500,6530,96297,0.0
2023-02-09,6590,6630,6450,6520,157482,-0.0015313935681470214
2023-02-10,6550,6550,6360,6400,146875,-0.018404907975460127
2023-02-13,6350,6400,6060,6260,134948,-0.021874999999999978
2023-02-14,6270,6430,6210,6330,111022,0.011182108626198062
2023-02-15,6400,6450,6160,6260,86952,-0.011058451816745696
2023-02-16,6260,6630,6260,6620,803396,0.057507987220447365
2023-02-17,6440,6490,6320,6400,258601,-0.033232628398791486
2023-02-20,6970,7120,6500,6620,1436953,0.034375000000000044
2023-02-21,6640,7470,6550,7400,3667015,0.1178247734138973
2023-02-22,7210,7530,7150,7500,1332680,0.013513513513513598
2023-02-23,7600,7820,7440,7650,1784683,0.020000000000000018
2023-02-24,7610,8170,7600,7750,1762778,0.013071895424836555
2023-02-27,7620,7800,7250,7530,758756,-0.0283870967741936
2023-02-28,7460,7650,7360,7370,346582,-0.021248339973439556
2023-03-02,7370,7500,7260,7360,255469,-0.0013568521031207537
2023-03-03,7410,7460,7250,7420,221319,0.008152173913043459
2023-03-06,7430,7430,7140,7180,283482,-0.03234501347708896
2023-03-07,7180,8080,7170,8080,1862410,0.1253481894150419
2023-03-08,8440,10500,7890,9390,13669385,0.16212871287128716
2023-03-09,9540,9580,8440,8560,2815378,-0.08839190628328009
2023-03-10,8430,8680,7810,7950,1496666,-0.07126168224299068
2023-03-13,7830,7970,7630,7890,647666,-0.007547169811320753
2023-03-14,7760,8220,7490,7620,2040189,-0.034220532319391594
2023-03-15,7780,8080,7690,7810,1113805,0.02493438320209984
2023-03-16,7810,8170,7660,7980,955642,0.02176696542893719
2023-03-17,8060,8130,7850,7990,559152,0.0012531328320801727
2023-03-20,8030,8130,7710,7800,602756,-0.02377972465581979
2023-03-21,7460,7520,7020,7080,1079181,-0.09230769230769231
2023-03-22,7110,7220,6880,6980,406348,-0.01412429378531077
2023-03-23,6910,7130,6840,6850,326226,-0.01862464183381085
2023-03-24,6870,6920,6750,6890,303902,0.005839416058394109
2023-03-27,6860,6910,6530,6570,354302,-0.046444121915820036
2023-03-28,6640,6800,6520,6600,371374,0.004566210045662045
2023-03-29,6540,6600,6050,6190,719793,-0.06212121212121213
2023-03-30,6220,6240,6050,6180,395561,-0.001615508885298822
2023-03-31,6120,6210,6080,6180,193416,0.0
2023-04-03,6130,6150,5950,6130,244864,-0.008090614886731351
2023-04-04,6130,6410,6120,6390,385571,0.04241435562805873
2023-04-05,6390,6590,6270,6470,457717,0.012519561815336422
2023-04-06,6400,6430,6200,6330,212660,-0.021638330757341562
2023-04-07,6330,6380,6180,6350,172743,0.003159557661927437
2023-04-10,6310,6390,6230,6300,125848,-0.007874015748031482
2023-04-11,6240,6700,6230,6390,1084292,0.014285714285714235
2023-04-12,6390,6430,6290,6390,162174,0.0
2023-04-13,6370,6630,6310,6530,218415,0.021909233176838905
2023-04-14,6530,6730,6530,6640,255924,0.016845329249617125
2023-04-17,6650,6760,6640,6720,232298,0.012048192771084265
2023-04-18,6750,6770,6450,6570,315776,-0.022321428571428603
2023-04-19,6370,6370,6150,6180,432957,-0.05936073059360736
2023-04-20,6160,6180,6000,6040,269748,-0.02265372168284785
2023-04-21,6010,6090,5960,6020,164110,-0.0033112582781457123
2023-04-24,5910,6000,5800,5880,138215,-0.023255813953488413
2023-04-25,5820,5950,5720,5870,175206,-0.00170068027210879
2023-04-26,5780,5990,5720,5720,121441,-0.02555366269165249
2023-04-27,5630,5750,5500,5650,221633,-0.012237762237762184
2023-04-28,5630,5750,5520,5610,157111,-0.0070796460176991705
2023-05-02,5610,5790,5500,5770,176050,0.028520499108734443
2023-05-03,6070,6150,5880,6100,330775,0.05719237435008662
2023-05-04,6080,6680,5970,6160,2142347,0.009836065573770592
2023-05-08,6120,6160,6050,6110,151773,-0.008116883116883078
2023-05-09,6060,6200,6030,6130,159746,0.003273322422258529
2023-05-10,6070,6200,6040,6120,118078,-0.0016313213703099683
2023-05-11,6130,6240,6060,6210,100575,0.014705882352941124
2023-05-12,6240,6640,6110,6360,813686,0.024154589371980784
2023-05-15,6290,6350,5820,6090,375867,-0.04245283018867929
2023-05-16,6070,6150,5820,5840,269051,-0.04105090311986859
2023-05-17,5850,6160,5850,6140,180394,0.051369863013698724
2023-05-18,6140,6240,6110,6160,99191,0.0032573289902280145
2023-05-19,6170,6290,6100,6180,114153,0.0032467532467532756
2023-05-22,6240,6240,6100,6180,70671,0.0
2023-05-23,6180,6300,6110,6270,131943,0.014563106796116498
2023-05-24,6270,6310,6100,6210,178912,-0.009569377990430672
2023-05-25,6170,6370,6170,6270,184302,0.009661835748792313
2023-05-26,6290,6390,6230,6370,138156,0.01594896331738438
2023-05-30,6370,6470,6210,6230,151065,-0.02197802197802201
2023-05-31,6230,6370,6230,6330,104906,0.01605136436597121
2023-06-01,6280,6500,6270,6450,216215,0.018957345971563955
2023-06-02,6440,6520,6290,6370,252167,-0.012403100775193798
2023-06-05,6350,6410,6260,6290,92840,-0.012558869701726816
2023-06-07,6290,6830,6250,6660,1279264,0.05882352941176472
2023-06-08,6750,7110,6740,6900,1622901,0.03603603603603611
2023-06-09,6900,7170,6870,7060,821863,0.023188405797101463
2023-06-12,7060,7250,6840,7140,585673,0.011331444759206777
2023-06-13,7240,7460,6640,6820,1725984,-0.0448179271708683
2023-06-14,6820,6950,6730,6820,418729,0.0
2023-06-15,6810,7010,6810,7010,240402,0.027859237536656867
2023-06-16,6930,7050,6880,6900,202486,-0.015691868758915817
2023-06-19,6920,6950,6500,6750,288060,-0.021739130434782594
2023-06-20,6750,6900,6650,6880,239237,0.01925925925925931
2023-06-21,6920,6940,6800,6930,178622,0.007267441860465018
2023-06-22,6910,7180,6850,7170,391597,0.03463203463203457
2023-06-23,7190,7430,7100,7410,588156,0.03347280334728042
2023-06-26,7400,7540,7290,7390,398077,-0.0026990553306343035
2023-06-27,7390,7780,7350,7650,822252,0.03518267929634633
2023-06-28,7650,7680,7420,7470,283460,-0.02352941176470591
2023-06-29,7470,7550,7000,7040,524261,-0.05756358768406966
2023-06-30,6900,7180,6830,6900,271803,-0.019886363636363646
2023-07-03,6910,7010,6820,6900,118968,0.0
2023-07-04,6960,6980,6610,6850,248972,-0.007246376811594235
2023-07-05,6880,6950,6770,6910,114091,0.008759124087591275
2023-07-06,6880,7230,6870,6900,241903,-0.0014471780028944004
2023-07-07,6880,7180,6880,7150,212788,0.03623188405797095
2023-07-10,7150,7410,7120,7130,250222,-0.002797202797202747
2023-07-11,7090,7240,7060,7190,197257,0.008415147265077083
2023-07-12,7160,7180,7020,7090,117457,-0.013908205841446475
2023-07-13,7090,7170,6930,7040,129643,-0.007052186177715081
2023-07-14,7100,7100,6910,7030,96619,-0.0014204545454545858
2023-07-17,7010,7100,6940,7100,70470,0.009957325746799528
2023-07-18,7110,7220,7010,7010,106810,-0.012676056338028152
2023-07-19,7010,7180,6860,7050,165663,0.005706134094151105
2023-07-20,7050,7110,6920,7060,55112,0.0014184397163119478
2023-07-21,7130,7130,7010,7120,96680,0.008498583569405138
2023-07-24,7140,7420,7070,7350,298101,0.032303370786516794
2023-07-25,7320,7420,7260,7400,132538,0.006802721088435382
2023-07-26,7350,7530,7000,7300,441701,-0.013513513513513487
2023-07-27,7300,7520,7240,7270,309668,-0.004109589041095929
2023-07-28,7280,7550,7100,7300,367411,0.004126547455295837
2023-07-31,7470,7620,7290,7600,662494,0.041095890410958846
2023-08-01,7810,7900,7520,7620,736650,0.002631578947368318
2023-08-02,7530,7560,7300,7340,337099,-0.03674540682414695
2023-08-03,7320,7480,7070,7150,283726,-0.02588555858310626
2023-08-04,7110,7340,7100,7200,110474,0.006993006993007089
2023-08-07,7110,7440,6970,7350,336928,0.02083333333333326
2023-08-08,7350,7500,7200,7300,172813,-0.006802721088435382
2023-08-09,7300,7550,7180,7260,185152,-0.005479452054794498
2023-08-10,7270,7330,7160,7240,80627,-0.0027548209366391463
2023-08-11,7160,7370,7130,7300,116626,0.008287292817679592
2023-08-14,7310,7310,7120,7160,128759,-0.019178082191780854
2023-08-16,7010,7200,6990,7140,218348,-0.0027932960893854997
2023-08-17,7160,7310,6990,7160,155560,0.0028011204481792618
2023-08-18,7160,7270,7100,7120,104722,-0.005586592178770999
2023-08-21,7170,7550,7170,7550,379406,0.06039325842696619
2023-08-22,7400,7590,7380,7520,183369,-0.003973509933774877
2023-08-23,7520,7750,7490,7650,328480,0.017287234042553168
2023-08-24,7660,7750,7530,7660,227514,0.0013071895424836555
2023-08-25,7660,7730,7410,7500,508217,-0.02088772845953002
2023-08-28,8400,9750,7750,9550,16842598,0.27333333333333343
2023-08-29,9330,10700,9220,9390,15959872,-0.01675392670157072
2023-08-30,9780,10150,9370,9440,5646478,0.005324813631522929
2023-08-31,9260,9500,8860,8860,1800324,-0.06144067796610164
2023-09-01,8850,9060,8670,9010,1590914,0.016930022573363512
2023-09-04,8810,9450,8730,9020,2158307,0.0011098779134295356
2023-09-05,9670,10170,8850,8980,7542265,-0.0044345898004434225
2023-09-06,9160,9270,8880,8980,1308078,0.0
2023-09-07,9020,10250,8920,10250,14093462,0.14142538975501107
2023-09-08,10180,11460,9800,9840,16974463,-0.040000000000000036
2023-09-11,9660,9800,9100,9160,1860666,-0.06910569105691056
2023-09-12,9020,9140,8710,8920,1491543,-0.026200873362445365
2023-09-13,8710,9010,8500,8540,1275686,-0.04260089686098656
2023-09-14,8530,8740,8270,8660,1091379,0.014051522248243575
2023-09-15,8500,8930,8370,8560,962790,-0.011547344110854452
2023-09-18,8440,8950,8390,8650,876736,0.010514018691588856
2023-09-19,8610,8760,8180,8220,749884,-0.04971098265895957
2023-09-20,8250,8350,8070,8290,618565,0.008515815085158085
2023-09-21,8650,8920,7920,7920,2166611,-0.04463208685162845
2023-09-22,7720,8100,7720,7910,606601,-0.0012626262626262985
2023-09-25,7780,7840,7460,7460,669259,-0.05689001264222504
2023-09-26,7440,7820,7280,7280,511590,-0.024128686327077764
2023-09-27,7170,7600,7170,7530,405111,0.03434065934065944
2023-10-04,7530,7760,7490,7530,414369,0.0
2023-10-05,7600,7860,7530,7720,418225,0.025232403718459473
2023-10-06,7650,8110,7650,8070,479576,0.04533678756476678
2023-10-10,8030,8400,8010,8070,628695,0.0
2023-10-11,8200,8290,8050,8060,378372,-0.0012391573729864103
2023-10-12,8090,8230,8000,8020,420772,-0.00496277915632759
2023-10-13,8080,8230,7800,8110,538615,0.01122194513715713
2023-10-16,8090,8500,8080,8080,950639,-0.0036991368680641123
2023-10-17,8100,8330,8100,8190,492779,0.013613861386138515
2023-10-18,8230,8490,8010,8170,1123727,-0.0024420024420024333
2023-10-19,8200,8670,8110,8210,3020918,0.004895960832313362
2023-10-20,8100,8220,6410,6940,5147269,-0.15468940316686963
2023-10-23,6270,6600,5660,6000,2538410,-0.13544668587896258
2023-10-24,7250,7800,7200,7800,2501029,0.30000000000000004
2023-10-25,9460,9600,7930,7970,14553766,0.021794871794871717
2023-10-26,7740,7740,6490,6490,2984406,-0.1856963613550816
2023-10-27,6430,6750,5900,5900,1797123,-0.09090909090909094
2023-10-30,5720,6450,5720,5950,2164303,0.008474576271186418
2023-10-31,5930,6060,5410,5410,1005869,-0.09075630252100841
2023-11-01,5420,6440,5420,5870,5130628,0.08502772643253231
2023-11-02,5970,6220,5920,5960,1119695,0.015332197614991383
2023-11-03,6020,6150,5820,6040,686891,0.01342281879194629
2023-11-06,6130,6230,5990,6200,694339,0.026490066225165476
2023-11-07,6320,6350,6100,6230,706987,0.004838709677419395
2023-11-08,6230,6310,6080,6130,570053,-0.0160513643659711
2023-11-09,6060,6070,5710,5730,679335,-0.06525285481239806
2023-11-10,5860,5950,5650,5650,629102,-0.013961605584642212
2023-11-13,6360,6540,5800,5810,4200454,0.02831858407079646
2023-11-14,5740,5870,5730,5810,471818,0.0
2023-11-15,5900,5900,5790,5810,547061,0.0
2023-11-16,5830,6890,5750,6410,4391647,0.10327022375215145
2023-11-17,6460,6800,6230,6600,4938292,0.029641185647425905
2023-11-20,6500,6590,6400,6470,704937,-0.019696969696969657
2023-11-21,6410,6450,6340,6360,636460,-0.01700154559505407
2023-11-22,6270,6340,6210,6250,403946,-0.01729559748427678
2023-11-23,6230,6650,6220,6450,921259,0.03200000000000003
2023-11-24,6400,6430,6280,6290,380634,-0.024806201550387597
2023-11-27,6290,6470,6230,6280,393200,-0.0015898251192368873
2023-11-28,6230,6320,6200,6300,327116,0.0031847133757962887
2023-11-29,6410,6880,6340,6410,2623720,0.0174603174603174
2023-11-30,6000,6190,5950,6090,888792,-0.0499219968798752
2023-12-01,6030,6180,5840,6030,719825,-0.009852216748768461
2023-12-04,6000,6000,5900,5930,359971,-0.016583747927031545
2023-12-05,5880,5930,5700,5740,388084,-0.03204047217537942
2023-12-06,5770,5980,5770,5930,312000,0.03310104529616731
2023-12-07,5920,6000,5890,5930,179718,0.0
2023-12-08,5940,6020,5900,6020,256958,0.015177065767284947
2023-12-11,5970,6020,5870,5880,226901,-0.023255813953488413
2023-12-12,5870,5960,5850,5890,111481,0.001700680272108901
2023-12-13,5890,5930,5780,5780,236227,-0.018675721561969394
2023-12-14,5800,6100,5740,5790,204222,0.0017301038062282892
2023-12-15,5760,5930,5710,5800,187169,0.0017271157167531026
2023-12-18,5760,5840,5720,5790,121850,-0.0017241379310344307
2023-12-19,5770,5900,5760,5870,142497,0.013816925734024155
2023-12-20,5880,5980,5860,5970,183078,0.017035775127768327
2023-12-21,5920,5980,5860,5910,137549,-0.01005025125628145
2023-12-22,5910,5950,5830,5880,132636,-0.005076142131979711
2023-12-26,5880,5890,5780,5830,102394,-0.008503401360544172
2023-12-27,5720,5910,5720,5890,156602,0.010291595197255532
2023-12-28,5830,6040,5830,6020,268628,0.022071307300509435
2024-01-02,6060,6100,6000,6070,239955,0.008305647840531671
2024-01-03,6060,6100,5960,5990,143528,-0.01317957166392092
2024-01-04,5960,6020,5890,5960,143247,-0.005008347245408995
2024-01-05,5970,5990,5910,5930,86786,-0.005033557046979831
2024-01-08,5930,6030,5920,6010,153721,0.013490725126475533
2024-01-09,6020,6050,5940,6020,118407,0.0016638935108153063
2024-01-10,6010,6010,5840,5920,216881,-0.01661129568106312
2024-01-11,5920,6030,5890,6030,189064,0.01858108108108114
2024-01-12,6030,6030,5910,5980,112647,-0.008291873963515717
2024-01-15,5950,6010,5880,5910,105924,-0.01170568561872909
2024-01-16,5870,5930,5750,5800,135595,-0.0186125211505922
2024-01-17,5760,5780,5540,5660,215937,-0.024137931034482807
2024-01-18,5600,5690,5580,5680,136518,0.0035335689045936647
2024-01-19,5640,5750,5640,5740,113947,0.010563380281690238
2024-01-22,5740,5740,5590,5650,132702,-0.015679442508710784
2024-01-23,5610,5740,5590,5670,89465,0.003539823008849474
2024-01-24,5630,5680,5580,5630,118520,-0.007054673721340388
2024-01-25,5580,5590,5400,5450,174639,-0.03197158081705154
2024-01-26,5430,5580,5410,5560,99273,0.020183486238532167
2024-01-29,5520,5600,5490,5540,71984,-0.003597122302158251
2024-01-30,5510,5620,5510,5600,106589,0.010830324909747224
2024-01-31,5560,5660,5550,5630,97562,0.005357142857142838
2024-02-01,5510,5700,5450,5500,251544,-0.023090586145648295
2024-02-02,5510,5620,5510,5610,133094,0.020000000000000018
2024-02-05,5630,6220,5630,5840,3206593,0.04099821746880572
2024-02-06,5880,6340,5880,6120,2424458,0.047945205479452024
2024-02-07,6170,6580,5610,5670,4002892,-0.07352941176470584
2024-02-08,5660,5660,5460,5470,523891,-0.03527336860670194
2024-02-13,5460,5570,5420,5500,326380,0.005484460694698434
2024-02-14,5500,5560,5450,5530,161269,0.005454545454545379
2024-02-15,5500,5540,5480,5500,130186,-0.005424954792043413
2024-02-16,5500,5560,5470,5500,118313,0.0
2024-02-19,5510,5560,5500,5530,193013,0.005454545454545379
2024-02-20,5520,5550,5450,5460,183656,-0.012658227848101222
2024-02-21,5450,5500,5410,5420,162786,-0.0073260073260073
2024-02-22,5420,5470,5370,5400,166346,-0.0036900369003689537
2024-02-23,5400,5470,5230,5300,283084,-0.01851851851851849
2024-02-26,5320,5380,5280,5330,103346,0.005660377358490676
2024-02-27,5310,5360,5190,5190,141851,-0.026266416510318913
2024-02-28,5160,5260,5160,5170,112240,-0.003853564547206201
2024-02-29,5130,5200,5070,5100,126054,-0.013539651837524147
2024-03-04,5030,5060,4970,4970,202593,-0.025490196078431393
2024-03-05,4970,4995,4855,4855,160595,-0.023138832997987913
2024-03-06,4800,4920,4790,4790,146241,-0.013388259526261548
2024-03-07,4750,4830,4585,4620,196551,-0.035490605427975
2024-03-08,4760,5100,4760,4945,421556,0.07034632034632038
2024-03-11,4945,4985,4850,4955,111523,0.002022244691607611
2024-03-12,4955,4970,4925,4945,55221,-0.0020181634712411745
2024-03-13,4910,4990,4910,4935,109684,-0.002022244691607722
2024-03-14,4940,5060,4870,4945,159093,0.0020263424518742745
2024-03-15,4885,4950,4800,4880,66384,-0.013144590495449915
2024-03-18,4820,4935,4820,4825,49046,-0.01127049180327866
2024-03-19,4810,4860,4335,4685,221698,-0.02901554404145079
2024-03-20,4640,4700,4470,4470,189360,-0.04589114194236932
2024-03-21,4500,4625,4500,4600,127686,0.029082774049216997
2024-03-22,4555,4615,4535,4535,86466,-0.01413043478260867
2024-03-25,4595,4595,4475,4495,85893,-0.008820286659316445
2024-03-26,4500,4695,4480,4665,128136,0.037819799777530694
2024-03-27,4620,4675,4595,4655,62897,-0.002143622722400873
2024-03-28,4650,4655,4520,4600,107834,-0.011815252416756183
2024-03-29,4555,4590,4465,4465,117614,-0.02934782608695652
2024-04-01,4420,4525,4420,4480,76130,0.0033594624860022737
2024-04-02,4460,4500,4425,4425,58412,-0.012276785714285698
2024-04-03,4390,4430,4320,4370,87608,-0.012429378531073398
2024-04-04,4360,4395,4240,4370,129557,0.0
2024-04-05,4330,4335,4235,4245,78652,-0.028604118993134975
2024-04-08,4250,4270,4140,4140,70374,-0.02473498233215543
2024-04-09,4105,4200,4105,4155,103468,0.0036231884057971175
2024-04-11,4075,4195,4025,4060,94227,-0.022864019253910906
2024-04-12,4060,4080,3955,3960,148929,-0.024630541871921152
2024-04-15,3905,3965,3840,3890,169207,-0.017676767676767624
2024-04-16,3890,3920,3710,3750,175460,-0.03598971722365041
2024-04-17,3745,3850,3650,3665,136562,-0.022666666666666613
2024-04-18,3655,4125,3650,3875,454914,0.05729877216916779
2024-04-19,3840,3880,3725,3730,108638,-0.03741935483870973
2024-04-22,3710,3815,3650,3710,84924,-0.00536193029490617
2024-04-23,3740,3785,3705,3710,91707,0.0
2024-04-24,3720,3770,3720,3760,70791,0.013477088948786964
2024-04-25,3725,3800,3625,3670,108562,-0.02393617021276595
2024-04-26,3665,3705,3655,3665,46486,-0.0013623978201634523
2024-04-29,3665,3775,3660,3745,75633,0.021828103683492417
2024-04-30,3720,3845,3720,3815,75115,0.01869158878504673
2024-05-02,3815,3875,3780,3790,48496,-0.006553079947575369
2024-05-03,3845,3955,3790,3930,107273,0.03693931398416894
2024-05-07,3920,3945,3865,3945,69223,0.003816793893129722
2024-05-08,3910,4085,3910,4060,116131,0.0291508238276299
2024-05-09,4060,4065,4000,4005,50210,-0.013546798029556606
2024-05-10,4025,4065,3980,4040,76130,0.008739076154806513
2024-05-13,3970,4005,3930,3930,73173,-0.027227722772277252
2024-05-14,3905,3990,3885,3945,49666,0.003816793893129722
2024-05-16,3925,3970,3850,3925,30929,-0.005069708491761693
2024-05-17,3905,3955,3890,3910,50693,-0.003821656050955413
2024-05-20,3885,4000,3880,3910,35553,0.0
2024-05-21,3885,3910,3845,3845,54342,-0.01662404092071612
2024-05-22,3825,3875,3825,3825,29118,-0.005201560468140465
2024-05-23,3825,3840,3790,3815,51670,-0.002614379084967311
2024-05-24,3785,3835,3785,3805,19971,-0.002621231979030192
2024-05-27,3800,3830,3710,3790,46034,-0.003942181340341633
2024-05-28,3755,3805,3755,3760,28941,-0.0079155672823219
2024-05-29,3775,3785,3735,3760,30794,0.0
2024-05-30,3700,3790,3650,3675,70754,-0.022606382978723416
2024-05-31,3645,3715,3645,3670,39682,-0.0013605442176870541
2024-06-03,3680,3720,3625,3690,28533,0.005449591280654031
2024-06-04,3645,3730,3645,3700,40285,0.0027100271002709064
2024-06-05,3660,3715,3660,3705,37518,0.0013513513513514486
2024-06-07,3705,3710,3695,3700,23266,-0.0013495276653171517
2024-06-10,3635,3700,3635,3655,48030,-0.012162162162162149
2024-06-11,3620,3695,3620,3675,48524,0.00547195622435015
2024-06-12,3790,3790,3675,3740,57484,0.017687074829932037
2024-06-13,3705,3745,3680,3680,42111,-0.016042780748663055
2024-06-14,3660,3690,3560,3580,96047,-0.02717391304347827
2024-06-17,3570,3585,3480,3490,86810,-0.025139664804469275
2024-06-18,3465,3525,3430,3460,64698,-0.008595988538681931
2024-06-19,3440,3465,3425,3440,35524,-0.005780346820809301
2024-06-20,3420,3495,3420,3475,42849,0.01017441860465107
2024-06-21,3475,3495,3435,3455,37562,-0.0057553956834532904
2024-06-24,3450,3450,3300,3310,111418,-0.04196816208393628
2024-06-25,3275,3350,3265,3265,77559,-0.013595166163142047
2024-06-26,3245,3310,3170,3185,74296,-0.024502297090352232
2024-06-27,3185,3200,3075,3100,70909,-0.026687598116169498
2024-06-28,3085,3130,3060,3115,68140,0.004838709677419395
2024-07-01,3100,3140,3050,3130,55150,0.0048154093097914075
2024-07-02,3090,3140,3065,3120,45870,-0.0031948881789137795
2024-07-03,3105,3195,3105,3135,39573,0.004807692307692291
2024-07-04,3135,3245,3135,3225,43208,0.028708133971291794
2024-07-05,3225,3250,3165,3175,31044,-0.015503875968992276
2024-07-08,3175,3200,3110,3130,52336,-0.014173228346456734
2024-07-09,3110,3150,3110,3115,29234,-0.004792332268370614
2024-07-10,3125,3145,3030,3055,51393,-0.019261637239165297
2024-07-11,3055,3135,3055,3130,36407,0.02454991816693952
2024-07-12,3130,3195,3125,3165,36098,0.011182108626198062
2024-07-15,3165,3230,3165,3165,31025,0.0
2024-07-16,3170,3220,3095,3100,55137,-0.020537124802527673
2024-07-17,3095,3135,3065,3070,33871,-0.009677419354838679
2024-07-18,3080,3080,3005,3010,48904,-0.019543973941368087
2024-07-19,3000,3085,2990,3085,84026,0.024916943521594792
2024-07-22,3040,3095,3000,3055,53348,-0.00972447325769854
2024-07-23,3005,3140,2990,2990,59332,-0.021276595744680882
2024-07-24,2990,3020,2905,2905,38792,-0.02842809364548493
2024-07-25,2900,3755,2845,3495,10191125,0.20309810671256456
2024-07-26,3495,4080,3335,3650,8733562,0.044349070100142995
2024-07-29,3590,3710,3400,3400,942813,-0.06849315068493156
2024-07-30,3370,4150,3350,3705,12288838,0.08970588235294108
2024-07-31,3705,3960,3550,3550,1850431,-0.04183535762483126
2024-08-01,3550,3740,3460,3535,808991,-0.004225352112676051
2024-08-02,3480,3705,3370,3390,957230,-0.04101838755304099
2024-08-05,3345,3350,2525,2765,689152,-0.18436578171091444
2024-08-06,2745,3075,2745,2900,536217,0.0488245931283906
2024-08-07,2835,3090,2835,3015,203297,0.039655172413793016
2024-08-08,3025,3065,2985,3025,97216,0.0033167495854062867
2024-08-09,3025,3145,3025,3140,183943,0.0380165289256198
2024-08-12,3120,3185,3105,3165,90898,0.0079617834394905
2024-08-13,3165,3200,3090,3100,115646,-0.020537124802527673
2024-08-14,3115,3230,3115,3180,118686,0.02580645161290329
2024-08-16,3190,3220,3120,3180,67211,0.0
2024-08-19,3210,3225,3125,3125,63920,-0.01729559748427678
2024-08-20,3120,3195,3120,3135,50322,0.0032000000000000917
2024-08-21,3135,3155,3060,3105,53287,-0.009569377990430672
2024-08-22,3100,3125,3015,3020,76059,-0.027375201288244777
2024-08-23,3040,3040,2970,3020,62881,0.0
2024-08-26,3020,3025,2940,2950,60800,-0.023178807947019875
2024-08-27,2940,3005,2920,2980,44478,0.01016949152542379
2024-08-28,2975,3015,2930,2940,54381,-0.01342281879194629
2024-08-29,2905,3740,2890,3515,7971628,0.19557823129251695
2024-08-30,3500,3590,3240,3240,1301358,-0.07823613086770986
2024-09-02,3240,3430,3180,3250,540712,0.0030864197530864335
2024-09-03,3170,3250,3125,3180,364552,-0.021538461538461506
2024-09-04,3070,3110,2990,2990,246177,-0.05974842767295596
2024-09-05,2980,3045,2935,2970,181025,-0.006688963210702337
2024-09-06,2940,3470,2935,2970,3712154,0.0
2024-09-09,2955,3020,2870,2990,197548,0.006734006734006703
2024-09-10,2990,3045,2955,2980,110475,-0.0033444816053511683
2024-09-11,2980,3110,2945,2965,428771,-0.005033557046979831
2024-09-12,2970,3050,2965,3030,109068,0.021922428330522825
2024-09-13,3020,3055,2995,3045,82468,0.004950495049504955
2024-09-19,3045,3070,2990,3010,49665,-0.011494252873563204
2024-09-20,3005,3070,3005,3015,59215,0.0016611295681063787
2024-09-23,3020,3120,3015,3020,100823,0.0016583747927032544
2024-09-24,3030,3090,3015,3085,57985,0.021523178807947074
2024-09-25,3070,3105,3060,3105,71212,0.006482982171799101
2024-09-26,3110,3790,3070,3215,5236796,0.03542673107890493
2024-09-27,3180,3660,3150,3335,5114225,0.03732503888024885
2024-09-30,3350,3880,3335,3570,9620308,0.0704647676161918
2024-10-02,3495,3905,3410,3465,3752252,-0.02941176470588236
2024-10-04,3535,3645,3400,3400,740014,-0.018759018759018753
2024-10-07,3385,3690,3355,3450,1001584,0.014705882352941124
2024-10-08,3430,3555,3400,3440,335166,-0.0028985507246376274
2024-10-10,3445,3515,3390,3405,221137,-0.01017441860465118
2024-10-11,3425,3485,3315,3315,219771,-0.026431718061673992
2024-10-14,3265,3315,3225,3285,150856,-0.009049773755656076
2024-10-15,3290,3680,3290,3405,1867215,0.0365296803652968
2024-10-16,3415,3455,3340,3345,216415,-0.017621145374449365
2024-10-17,3345,3390,3310,3345,118055,0.0
2024-10-18,3320,3480,3210,3210,173666,-0.04035874439461884
2024-10-21,3210,3310,3200,3235,63798,0.007788161993769416
2024-10-22,3205,3225,3100,3175,120695,-0.018547140649149974
2024-10-23,3145,3350,3110,3170,258021,-0.0015748031496063408
2024-10-24,3140,3285,3080,3115,161372,-0.017350157728706628
2024-10-25,3115,3140,3055,3070,91806,-0.014446227929374
2024-10-28,3065,3120,3055,3090,58260,0.006514657980456029
2024-10-29,3085,3390,3075,3230,301358,0.0453074433656957
2024-10-30,3210,3250,3140,3140,133356,-0.02786377708978327
2024-10-31,3135,3215,3095,3180,76046,0.01273885350318471
2024-11-01,3200,3200,3125,3125,76638,-0.01729559748427678
2024-11-04,3100,3175,3100,3165,45327,0.012799999999999923
2024-11-05,3150,3235,3140,3210,91279,0.014218009478673022
2024-11-06,3235,3260,3125,3135,116870,-0.02336448598130836
2024-11-07,3120,3135,3015,3115,171511,-0.006379585326953707
2024-11-08,3120,3220,3115,3150,162281,0.011235955056179803
2024-11-11,3160,3170,3035,3035,112214,-0.03650793650793649
2024-11-12,3005,3015,2890,2890,154867,-0.047775947281713305
2024-11-13,2885,3095,2825,2950,228481,0.02076124567474058
2024-11-14,2905,3035,2905,2995,86119,0.015254237288135686
2024-11-15,2960,3065,2910,3045,93128,0.016694490818029983
2024-11-18,3030,3190,3030,3125,140447,0.026272577996715896
2024-11-19,3100,3160,3075,3135,78648,0.0032000000000000917
2024-11-20,3135,3165,3100,3120,40280,-0.004784688995215336
2024-11-21,3110,3145,3080,3080,51758,-0.012820512820512775
2024-11-22,3075,3140,3075,3085,32544,0.0016233766233766378
2024-11-25,3060,3155,3060,3100,88602,0.004862236628849326
2024-11-26,3105,3140,3090,3125,18605,0.008064516129032251
2024-11-27,3145,3145,3065,3070,37674,-0.01759999999999995
2024-11-28,3130,3130,3055,3070,9414,0.0
2024-11-29,3110,3110,2970,3040,43534,-0.009771986970684043
2024-12-02,3110,3110,2920,2930,70002,-0.03618421052631582
2024-12-03,2915,3000,2915,2965,34107,0.011945392491467643
2024-12-04,3150,3760,3015,3435,7752059,0.1585160202360878
2024-12-05,3205,3475,3200,3220,1312088,-0.06259097525473067
2024-12-06,3215,3620,3170,3370,7031405,0.04658385093167694
2024-12-09,3705,4380,3700,4380,12017339,0.2997032640949555
2024-12-10,4535,5010,4070,4370,17149644,-0.0022831050228310223
2024-12-11,4490,4500,4070,4070,2825164,-0.06864988558352403
2024-12-12,4055,4400,3840,4110,9305024,0.00982800982800991
2024-12-13,4065,4200,3960,4100,2291802,-0.0024330900243308973
2024-12-16,3900,3900,3450,3530,1601948,-0.13902439024390245
2024-12-17,3500,3590,3400,3510,1005603,-0.005665722379603388
2024-12-18,3485,3540,3410,3460,583190,-0.014245014245014231
2024-12-19,3385,3410,3280,3285,584625,-0.050578034682080886
2024-12-20,3295,3720,3090,3215,8087997,-0.0213089802130898
2024-12-23,3230,3385,3200,3225,844356,0.0031104199066873672
2024-12-24,3240,3270,3165,3165,447518,-0.018604651162790753
2024-12-26,3170,3290,3165,3190,424348,0.00789889415481837
2024-12-27,3190,3220,3115,3115,314548,-0.023510971786833812
2024-12-30,3120,3175,3070,3070,307985,-0.014446227929374
2025-01-02,3115,3270,3080,3190,790035,0.039087947882736174
2025-01-03,3200,3265,3175,3225,508962,0.01097178683385569
2025-01-06,3200,3255,3160,3170,309220,-0.01705426356589146
2025-01-07,3170,3215,3170,3195,197296,0.007886435331230235
2025-01-08,3190,3235,3180,3220,194859,0.00782472613458518
2025-01-09,3225,3225,3170,3200,126150,-0.006211180124223614
2025-01-10,3190,3240,3175,3210,177347,0.0031250000000000444
2025-01-13,3220,3240,3165,3175,214371,-0.010903426791277204
2025-01-14,3160,3670,3145,3390,11712695,0.06771653543307088
2025-01-15,3310,3725,3305,3370,9630869,-0.005899705014749235
2025-01-16,3380,3415,3280,3305,903545,-0.01928783382789323
2025-01-17,3295,3335,3230,3230,330871,-0.0226928895612708
2025-01-20,3205,3320,3205,3245,280451,0.004643962848297267
2025-01-21,3235,3430,3170,3265,1629054,0.006163328197226425
2025-01-22,3245,3290,3215,3240,307797,-0.007656967840735107
2025-01-23,3250,3290,3140,3165,411149,-0.02314814814814814
2025-01-24,3160,3220,3120,3125,235997,-0.012638230647709303
2025-01-31,3110,3125,3060,3110,209331,-0.0048000000000000265
2025-02-03,3060,3090,2990,2990,319566,-0.03858520900321538
2025-02-04,2990,3075,2990,3050,148414,0.02006688963210701
2025-02-05,3040,3100,3040,3075,55609,0.008196721311475308
2025-02-06,3055,3085,3055,3060,74106,-0.004878048780487809
2025-02-07,3060,3060,3000,3000,178367,-0.019607843137254943
2025-02-10,3000,3045,2965,3030,124021,0.010000000000000009
2025-02-11,3005,3040,2990,3010,98429,-0.0066006600660065695
2025-02-12,3020,3040,3000,3010,102135,0.0
2025-02-13,3005,3135,3005,3075,182095,0.021594684385382035
2025-02-14,3070,3090,3010,3050,88267,-0.008130081300813052
2025-02-17,3025,3080,3025,3075,59396,0.008196721311475308
2025-02-18,3075,3120,3060,3100,72001,0.008130081300812941
2025-02-19,3095,3135,3085,3115,122831,0.004838709677419395
2025-02-20,3120,3185,3100,3105,91238,-0.0032102728731941976
2025-02-21,3080,3130,3080,3130,71464,0.008051529790660261
2025-02-24,3100,3190,3100,3175,209821,0.01437699680511173
2025-02-25,3175,3260,3135,3155,472373,-0.006299212598425252
2025-02-26,3155,3210,3145,3155,100639,0.0
2025-02-27,3160,3190,3150,3150,104427,-0.0015847860538826808
2025-02-28,3130,3165,3080,3110,121487,-0.012698412698412653
2025-03-04,3080,3105,3030,3045,116290,-0.020900321543408373
2025-03-05,3025,3115,3025,3110,83871,0.021346469622331776
2025-03-06,3110,3135,3090,3130,95516,0.006430868167202508
2025-03-07,3115,3280,3100,3150,732724,0.006389776357827559
2025-03-10,3130,3205,3115,3150,118605,0.0
2025-03-11,3060,3170,3060,3110,233424,-0.012698412698412653
2025-03-12,3100,3175,3095,3150,125205,0.012861736334405238
2025-03-13,3130,3170,3125,3135,102829,-0.004761904761904745
2025-03-14,3130,3280,3130,3245,305076,0.03508771929824572
2025-03-17,3250,3305,3220,3295,242925,0.015408320493066174
2025-03-18,3265,3310,3255,3280,283355,-0.004552352048558417
2025-03-19,3280,3290,3185,3210,212662,-0.021341463414634165
2025-03-20,3210,3240,3165,3180,135071,-0.009345794392523366
2025-03-21,3160,3180,3100,3165,114023,-0.004716981132075526
2025-03-24,3150,3245,3140,3195,147838,0.009478672985782088
2025-03-25,3175,3210,3165,3200,94162,0.0015649452269170805
2025-03-26,3200,3290,3185,3265,487654,0.020312499999999956
2025-03-27,3340,3350,3225,3230,452205,-0.01071975497702915
2025-03-28,3215,3270,3155,3160,224715,-0.021671826625387025
2025-03-31,3160,3170,3090,3125,84438,-0.011075949367088556
2025-04-01,3110,3800,3110,3515,6744958,0.12480000000000002
2025-04-02,3480,3515,3375,3430,1006060,-0.024182076813655806
2025-04-03,3435,3625,3390,3460,2000745,0.008746355685131268
2025-04-04,3545,3565,3055,3235,1662759,-0.06502890173410403
2025-04-07,3120,3385,3100,3135,624321,-0.03091190108191655
2025-04-08,3190,3260,3150,3170,252998,0.011164274322169154
2025-04-09,3130,3190,3065,3075,178968,-0.029968454258675115
2025-04-10,3110,3170,3110,3140,143174,0.021138211382113914
2025-04-11,3115,3150,3090,3135,90294,-0.0015923566878981443
2025-04-14,3155,3185,3125,3175,93303,0.012759170653907415
2025-04-15,3180,3215,3170,3190,125361,0.0047244094488188
2025-04-16,3175,3235,3170,3190,93147,0.0
2025-04-17,3165,3205,3140,3190,50279,0.0
2025-04-18,3175,3485,3175,3265,826947,0.023510971786833812
2025-04-21,3280,3280,3230,3255,71876,-0.003062787136294043
2025-04-22,3305,3545,3165,3185,1038114,-0.021505376344086002
2025-04-23,3205,3265,3160,3230,106120,0.014128728414442682
2025-04-24,3215,3230,3175,3190,63218,-0.012383900928792602
2025-04-25,3185,3280,3175,3200,72695,0.0031347962382444194
2025-04-28,3220,3220,3155,3175,81770,-0.0078125
2025-04-29,3170,3225,3165,3180,38951,0.0015748031496063408
2025-04-30,3190,3275,3190,3215,83211,0.011006289308176154
2025-05-02,3200,3220,3165,3170,48600,-0.013996889580093264
2025-05-07,3180,3250,3150,3225,106176,0.017350157728706517
2025-05-08,3200,3235,3190,3205,48748,-0.006201550387596955
2025-05-09,3200,3225,3190,3220,55184,0.004680187207488196
2025-05-12,3225,3250,3115,3205,100051,-0.004658385093167738
2025-05-13,3220,3440,3195,3195,1394522,-0.0031201248049922414
2025-05-14,3210,3240,3190,3215,92342,0.006259780907668322
2025-05-15,3220,3295,3215,3250,74137,0.010886469673405896
2025-05-16,3235,3245,3200,3200,50580,-0.01538461538461533
2025-05-19,3205,3210,3165,3170,38472,-0.009375000000000022
2025-05-20,3175,3240,3170,3210,37891,0.012618296529968376
2025-05-21,3210,3230,3180,3200,67140,-0.0031152647975077885
2025-05-22,3210,3220,3185,3210,33581,0.0031250000000000444
2025-05-23,3205,3240,3195,3220,43294,0.0031152647975076775
2025-05-26,3225,3235,3195,3200,56694,-0.006211180124223614
2025-05-27,3205,3265,3190,3225,52559,0.0078125
2025-05-28,3240,3255,3200,3210,39676,-0.0046511627906976605
2025-05-29,3200,3240,3195,3220,45334,0.0031152647975076775
2025-05-30,3245,3250,3205,3220,59782,0.0
2025-06-02,3225,3265,3090,3115,233983,-0.03260869565217395
2025-06-04,3090,3095,2985,3055,164870,-0.019261637239165297
2025-06-05,3285,3285,3025,3075,79541,0.00654664484451728
2025-06-09,3065,3130,3060,3090,66234,0.004878048780487809
2025-06-10,3085,3145,3065,3100,116087,0.003236245954692629
2025-06-11,3115,3120,3065,3075,89017,-0.008064516129032251
2025-06-12,3080,3095,3045,3065,83886,-0.003252032520325243
