Date,Open,High,Low,Close,Volume,Change
2022-01-03,9050,9110,8980,9000,29141,-0.0066225165562914245
2022-01-04,9010,9060,8900,9000,40352,0.0
2022-01-05,8920,9230,8920,9000,32335,0.0
2022-01-06,8960,9150,8940,9140,71219,0.015555555555555545
2022-01-07,9190,9200,9080,9160,20949,0.002188183807439792
2022-01-10,9160,9200,8990,9050,23650,-0.012008733624454093
2022-01-11,9050,9050,8950,8960,22199,-0.009944751381215422
2022-01-12,9040,9120,8970,9120,20142,0.017857142857142794
2022-01-13,9090,9330,9090,9180,47040,0.006578947368421018
2022-01-14,9110,9150,9060,9060,22553,-0.013071895424836555
2022-01-17,9020,9060,8890,8990,37764,-0.007726269315673329
2022-01-18,8910,8990,8860,8900,35622,-0.010011123470522798
2022-01-19,8900,8980,8740,8870,24076,-0.003370786516853963
2022-01-20,8800,8930,8760,8770,75573,-0.011273957158962844
2022-01-21,8770,8920,8710,8810,38878,0.004561003420752607
2022-01-24,8760,8780,8580,8670,30820,-0.01589103291713967
2022-01-25,8610,8670,8400,8500,63474,-0.019607843137254943
2022-01-26,8400,9230,8400,8590,73055,0.010588235294117565
2022-01-27,8730,8730,8360,8520,46919,-0.008149010477299212
2022-01-28,8600,8770,8400,8750,40945,0.02699530516431925
2022-02-03,8760,8930,8760,8920,26781,0.01942857142857135
2022-02-04,8910,8980,8840,8940,23460,0.0022421524663676085
2022-02-07,8990,8990,8880,8960,19232,0.0022371364653244186
2022-02-08,8980,9020,8870,8950,22335,-0.0011160714285713969
2022-02-09,8960,9000,8920,8950,14232,0.0
2022-02-10,9000,9000,8880,8920,17539,-0.003351955307262622
2022-02-11,8890,8940,8790,8890,23868,-0.0033632286995515237
2022-02-14,8800,8850,8610,8680,29565,-0.023622047244094446
2022-02-15,8690,8800,8590,8670,39261,-0.0011520737327188613
2022-02-16,8750,8870,8750,8840,9095,0.019607843137254832
2022-02-17,8890,9020,8750,8930,35930,0.010180995475113086
2022-02-18,8880,8980,8840,8900,20245,-0.0033594624860022737
2022-02-21,8950,8950,8720,8910,11667,0.0011235955056179137
2022-02-22,8900,8900,8720,8780,13005,-0.014590347923681302
2022-02-23,8780,8900,8780,8900,11624,0.013667425968109326
2022-02-24,8900,8900,8740,8790,20205,-0.012359550561797716
2022-02-25,8790,8920,8790,8890,10123,0.011376564277588264
2022-02-28,8930,9040,8830,8970,28243,0.008998875140607376
2022-03-02,9000,9060,8880,9040,27353,0.0078037904124861335
2022-03-03,9090,9130,9010,9130,22060,0.009955752212389424
2022-03-04,9090,9210,8940,9190,39610,0.006571741511500528
2022-03-07,9160,9180,9030,9170,20388,-0.0021762785636560977
2022-03-08,9040,9200,9030,9130,17589,-0.004362050163576936
2022-03-10,9140,9260,9090,9130,35134,0.0
2022-03-11,9210,9400,9150,9330,61598,0.02190580503833517
2022-03-14,9370,9380,8980,9130,83607,-0.02143622722400862
2022-03-15,9130,9150,8980,9050,19977,-0.008762322015334112
2022-03-16,9080,9130,8940,9050,49239,0.0
2022-03-17,9100,9150,9050,9130,22026,0.008839779005524795
2022-03-18,9120,9190,9050,9190,35244,0.006571741511500528
2022-03-21,9160,9240,9160,9200,39045,0.0010881392818280489
2022-03-22,9310,9310,9190,9290,54047,0.009782608695652284
2022-03-23,9310,9310,9230,9290,40093,0.0
2022-03-24,9500,9520,9340,9470,155276,0.019375672766415608
2022-03-25,9610,9610,9440,9500,76393,0.0031678986272438703
2022-03-28,9450,9530,9380,9400,43374,-0.010526315789473717
2022-03-29,9440,9520,9420,9460,43120,0.006382978723404209
2022-03-30,9500,9540,9450,9470,52448,0.0010570824524311906
2022-03-31,9460,9550,9360,9510,52151,0.004223864836325308
2022-04-01,9520,9650,9450,9650,70951,0.014721345951629772
2022-04-04,9630,9710,9560,9670,32535,0.002072538860103723
2022-04-05,9670,9720,9600,9690,24477,0.0020682523267838704
2022-04-06,9670,9670,9530,9590,37562,-0.01031991744066052
2022-04-07,9590,9760,9500,9750,70412,0.016684045881126153
2022-04-08,9750,9770,9550,9740,39906,-0.0010256410256410664
2022-04-11,9740,9880,9710,9860,39605,0.012320328542094527
2022-04-12,9810,9840,9670,9810,44264,-0.005070993914807254
2022-04-13,9810,9840,9760,9830,22368,0.0020387359836901986
2022-04-14,9850,9970,9830,9960,50766,0.01322482197355046
2022-04-15,9880,9950,9850,9910,23469,-0.005020080321285092
2022-04-18,9910,9950,9830,9890,27029,-0.0020181634712411745
2022-04-19,9870,9960,9850,9960,22779,0.00707785642062686
2022-04-20,9930,10150,9930,10100,61422,0.014056224899598346
2022-04-21,10100,10200,10000,10050,30502,-0.004950495049504955
2022-04-22,10050,10100,9960,9990,32143,-0.005970149253731294
2022-04-25,10050,10150,9910,10100,73474,0.011011011011011096
2022-04-26,10000,10250,9970,10200,72443,0.00990099009900991
2022-04-27,10000,10250,9940,10200,76709,0.0
2022-04-28,10200,10300,10100,10200,33945,0.0
2022-04-29,10250,10250,9990,10200,83153,0.0
2022-05-02,10150,10250,10050,10150,37776,-0.004901960784313708
2022-05-03,10150,10200,10000,10050,48140,-0.009852216748768461
2022-05-04,10100,10100,9880,10000,47988,-0.00497512437810943
2022-05-06,9910,9950,9820,9840,28584,-0.016000000000000014
2022-05-09,9840,9870,9610,9610,43771,-0.023373983739837345
2022-05-10,9470,9730,9400,9700,46923,0.009365244536940764
2022-05-11,9610,9710,9470,9590,31014,-0.01134020618556697
2022-05-12,9580,9580,9420,9480,20279,-0.01147028154327423
2022-05-13,9450,9770,9450,9700,26968,0.02320675105485237
2022-05-16,9700,9880,9640,9750,31570,0.005154639175257714
2022-05-17,9750,9830,9610,9720,21757,-0.003076923076923088
2022-05-18,9720,9720,9580,9580,32284,-0.014403292181069949
2022-05-19,9500,9540,9430,9480,15515,-0.01043841336116913
2022-05-20,9480,9650,9450,9510,10282,0.0031645569620253333
2022-05-23,9490,9600,9450,9560,12076,0.00525762355415349
2022-05-24,9580,9630,9420,9440,12601,-0.012552301255230103
2022-05-25,9400,9500,9360,9500,8785,0.006355932203389925
2022-05-26,9500,9540,9410,9420,11904,-0.008421052631578996
2022-05-27,9560,9580,9410,9460,13945,0.00424628450106157
2022-05-30,9450,9520,9450,9500,5000,0.0042283298097252064
2022-05-31,9500,9750,9440,9720,69681,0.023157894736842044
2022-06-02,9620,9750,9580,9740,17928,0.002057613168724215
2022-06-03,9740,9800,9680,9750,10734,0.0010266940451746365
2022-06-07,9740,9740,9640,9700,11657,-0.00512820512820511
2022-06-08,9650,9700,9560,9620,11526,-0.008247422680412342
2022-06-09,9550,9620,9490,9500,27307,-0.012474012474012475
2022-06-10,9500,9650,9420,9490,16102,-0.001052631578947416
2022-06-13,9450,9450,9050,9050,32843,-0.04636459430979978
2022-06-14,8990,9080,8390,8930,35225,-0.013259668508287303
2022-06-15,8930,8990,8710,8780,36401,-0.016797312430011146
2022-06-16,8950,9170,8940,9070,26699,0.03302961275626415
2022-06-17,8990,9040,8800,9030,32398,-0.004410143329658167
2022-06-20,9030,9030,8610,8610,30852,-0.046511627906976716
2022-06-21,8600,8750,8560,8680,6881,0.008130081300812941
2022-06-22,8750,8750,8290,8320,42027,-0.04147465437788023
2022-06-23,8390,8390,7920,8040,30833,-0.033653846153846145
2022-06-24,8000,8250,8000,8250,13160,0.026119402985074647
2022-06-27,8260,8450,8180,8430,7694,0.021818181818181737
2022-06-28,8460,8630,8410,8600,13486,0.02016607354685651
2022-06-29,8460,8710,8440,8670,26363,0.008139534883720989
2022-06-30,8550,8690,8480,8520,11554,-0.01730103806228378
2022-07-01,8500,8670,8330,8460,18260,-0.007042253521126751
2022-07-04,8430,8550,7760,8160,26998,-0.03546099290780147
2022-07-05,8120,8360,8120,8330,8085,0.02083333333333326
2022-07-06,8380,8420,8180,8420,11983,0.010804321728691502
2022-07-07,8400,8530,8290,8490,25962,0.008313539192398967
2022-07-08,8520,8560,8380,8560,11756,0.008244994110718551
2022-07-11,8530,8590,8480,8550,6302,-0.001168224299065379
2022-07-12,8580,8580,8290,8470,13711,-0.009356725146198785
2022-07-13,8360,8580,8340,8500,8633,0.0035419126328217754
2022-07-14,8480,8490,8340,8490,4647,-0.0011764705882353343
2022-07-15,8440,8460,8330,8430,5244,-0.007067137809187329
2022-07-18,8430,8500,8380,8500,8140,0.008303677342823335
2022-07-19,8420,8530,8420,8500,3073,0.0
2022-07-20,8610,8610,8480,8530,7763,0.003529411764705781
2022-07-21,8530,8530,8450,8520,7050,-0.0011723329425556983
2022-07-22,8520,8600,8430,8510,5585,-0.0011737089201877549
2022-07-25,8520,8580,8420,8500,19314,-0.001175088131609825
2022-07-26,8500,8570,8470,8470,4554,-0.003529411764705892
2022-07-27,8500,8510,8450,8500,5952,0.0035419126328217754
2022-07-28,8520,8540,8490,8500,9638,0.0
2022-07-29,8510,8720,8490,8690,25320,0.022352941176470686
2022-08-01,8720,8840,8700,8840,21741,0.017261219792865434
2022-08-02,8900,8900,8700,8750,11648,-0.010180995475113086
2022-08-03,8750,8960,8710,8960,17723,0.02400000000000002
2022-08-04,8960,9000,8870,9000,15567,0.0044642857142858094
2022-08-05,9000,9100,8970,8990,13335,-0.0011111111111110628
2022-08-08,8990,9180,8950,9080,11097,0.010011123470522909
2022-08-09,9700,10100,9180,9210,1420334,0.014317180616740144
2022-08-10,9200,9220,9080,9150,124184,-0.006514657980456029
2022-08-11,9250,9310,9120,9230,92626,0.008743169398907069
2022-08-12,9230,9370,9170,9230,32375,0.0
2022-08-16,9230,9280,9140,9140,36392,-0.009750812567713929
2022-08-17,9240,9250,9120,9140,22431,0.0
2022-08-18,9100,9250,9060,9130,39171,-0.001094091903719896
2022-08-19,9110,9240,9080,9080,15387,-0.005476451259583737
2022-08-22,9120,9120,8940,8960,28675,-0.013215859030836996
2022-08-23,8900,9010,8870,8960,21066,0.0
2022-08-24,8970,9130,8970,8980,9732,0.0022321428571427937
2022-08-25,9050,9120,9000,9070,9526,0.010022271714922093
2022-08-26,9070,9140,9050,9090,5752,0.0022050716648291946
2022-08-29,8960,9650,8920,9600,211651,0.05610561056105601
2022-08-30,9460,10050,9370,9410,350211,-0.019791666666666652
2022-08-31,9580,11200,9500,10850,3443269,0.15302869287991494
2022-09-01,10750,11300,10700,10750,1077878,-0.009216589861751112
2022-09-02,10850,11050,10550,10750,467844,0.0
2022-09-05,10700,11100,10600,10800,404183,0.0046511627906977715
2022-09-06,10850,11200,10700,11150,569729,0.03240740740740744
2022-09-07,11100,11150,10150,10450,441454,-0.06278026905829592
2022-09-08,10600,10600,9860,10350,538604,-0.009569377990430672
2022-09-13,10500,10800,10450,10600,190824,0.024154589371980784
2022-09-14,10150,10750,10100,10700,125538,0.009433962264151052
2022-09-15,10700,10800,10550,10800,80820,0.009345794392523255
2022-09-16,10800,11050,10400,10550,188423,-0.02314814814814814
2022-09-19,10700,10750,10450,10600,63150,0.004739336492890933
2022-09-20,10700,10950,10600,10950,95901,0.03301886792452824
2022-09-21,10850,10900,10650,10750,82092,-0.0182648401826484
2022-09-22,10600,11050,10350,10950,249545,0.018604651162790642
2022-09-23,10950,11500,10450,10450,511315,-0.045662100456621
2022-09-26,10250,10750,10200,10500,164864,0.004784688995215225
2022-09-27,10450,10700,9990,10200,276424,-0.02857142857142858
2022-09-28,10050,10200,9370,9490,207507,-0.06960784313725488
2022-09-29,9560,10150,9560,9900,157554,0.043203371970495175
2022-09-30,9900,10850,9830,10850,354905,0.09595959595959602
2022-10-04,11000,11200,10700,10850,133948,0.0
2022-10-05,10950,11250,10650,11100,295656,0.02304147465437789
2022-10-06,11150,11350,10900,11100,168200,0.0
2022-10-07,11000,11000,10600,10700,121188,-0.036036036036036
2022-10-11,10450,10600,10100,10550,153396,-0.014018691588784993
2022-10-12,10400,11050,10100,10800,161655,0.023696682464454888
2022-10-13,10800,10800,10450,10450,103392,-0.03240740740740744
2022-10-14,10700,10900,10600,10750,78996,0.028708133971291794
2022-10-17,10400,10950,10300,10850,78125,0.009302325581395321
2022-10-18,10900,11050,10700,10800,84481,-0.004608294930875556
2022-10-19,10800,11350,10550,10700,278419,-0.0092592592592593
2022-10-20,10650,11450,10550,11100,614907,0.03738317757009346
2022-10-21,10900,11300,10750,10900,277688,-0.018018018018018056
2022-10-24,11050,11100,10750,10750,148667,-0.013761467889908285
2022-10-25,10800,11300,10750,11200,390436,0.041860465116279055
2022-10-26,11200,11250,10850,10950,182265,-0.022321428571428603
2022-10-27,10900,11600,10900,11600,544827,0.05936073059360725
2022-10-28,11450,11850,11400,11600,301931,0.0
2022-10-31,11700,12150,11500,11750,266642,0.012931034482758674
2022-11-01,11600,11850,11350,11550,185717,-0.017021276595744705
2022-11-02,11500,11750,11350,11500,126936,-0.0043290043290042934
2022-11-03,11150,11650,11100,11600,153790,0.008695652173912993
2022-11-04,11550,11550,11150,11300,142390,-0.025862068965517238
2022-11-07,11200,11700,11200,11500,90909,0.017699115044247815
2022-11-08,11550,12000,11400,11450,152706,-0.004347826086956497
2022-11-09,11850,13350,11550,12250,2616144,0.06986899563318771
2022-11-10,12050,12500,11950,12000,341060,-0.020408163265306145
2022-11-11,12250,12350,11900,12050,223689,0.004166666666666652
2022-11-14,12200,12850,12000,12500,553593,0.03734439834024905
2022-11-15,12600,13250,12450,13150,519228,0.052000000000000046
2022-11-16,13300,13550,12950,13050,425426,-0.0076045627376425395
2022-11-17,13000,14200,12950,13000,824171,-0.003831417624521105
2022-11-18,13200,13250,12800,13000,278796,0.0
2022-11-21,13200,13300,12850,12950,197166,-0.0038461538461538325
2022-11-22,12950,13300,12750,12950,312671,0.0
2022-11-23,13100,14500,12550,13700,1960239,0.05791505791505802
2022-11-24,14450,14500,12700,13200,1761787,-0.03649635036496346
2022-11-25,13300,16350,13150,15850,7061881,0.2007575757575757
2022-11-28,16400,17700,15700,15750,3372353,-0.006309148264984188
2022-11-29,15750,16250,15400,15950,950556,0.012698412698412653
2022-11-30,15900,15900,14250,14900,1713842,-0.0658307210031348
2022-12-01,14650,15150,14550,14850,754690,-0.003355704697986628
2022-12-02,14800,15000,14250,14500,606996,-0.023569023569023573
2022-12-05,14500,14550,13850,14200,457889,-0.020689655172413834
2022-12-06,14150,14500,14000,14200,308353,0.0
2022-12-07,14100,15150,14050,14800,1100537,0.04225352112676051
2022-12-08,14650,14850,13100,13650,950335,-0.07770270270270274
2022-12-09,13700,13950,13150,13700,293242,0.00366300366300365
2022-12-12,13550,14050,13300,13700,260794,0.0
2022-12-13,13750,14150,13300,13900,273052,0.014598540145985384
2022-12-14,13900,14000,13500,13650,255886,-0.017985611510791366
2022-12-15,13550,13600,12550,12550,461755,-0.08058608058608063
2022-12-16,13150,13950,12600,12900,1264449,0.027888446215139417
2022-12-19,12900,12950,12600,12750,163647,-0.011627906976744207
2022-12-20,12600,12800,12350,12500,170062,-0.019607843137254943
2022-12-21,12500,12950,12400,12500,209652,0.0
2022-12-22,12500,12600,12200,12250,177485,-0.020000000000000018
2022-12-23,12100,12200,11600,11700,335797,-0.04489795918367345
2022-12-26,11700,11700,11200,11450,404190,-0.021367521367521403
2022-12-27,11400,12900,11350,12050,1326858,0.05240174672489073
2022-12-28,12050,12550,11800,12200,564501,0.012448132780082943
2022-12-29,12000,12350,11800,11900,226468,-0.024590163934426257
2023-01-02,11800,12000,10950,11200,406605,-0.05882352941176472
2023-01-03,11100,11300,10750,11150,233610,-0.004464285714285698
2023-01-04,11050,11300,10950,11200,155760,0.004484304932735439
2023-01-05,11200,11450,11000,11250,241550,0.0044642857142858094
2023-01-06,11650,11850,11150,11200,441082,-0.004444444444444473
2023-01-09,11250,12000,11250,11600,258192,0.03571428571428581
2023-01-10,11600,11750,11500,11550,123619,-0.004310344827586188
2023-01-11,11600,11750,11500,11650,75835,0.008658008658008587
2023-01-12,11800,12050,11650,11750,129268,0.008583690987124415
2023-01-13,11800,12200,11750,11900,204402,0.012765957446808418
2023-01-16,11950,12000,11700,11850,160212,-0.004201680672268893
2023-01-17,11850,12100,11750,11800,86542,-0.00421940928270037
2023-01-18,11800,11800,11450,11500,109818,-0.025423728813559365
2023-01-19,11400,11650,11300,11450,127494,-0.004347826086956497
2023-01-20,11400,11900,11350,11850,142814,0.03493449781659397
2023-01-25,11850,12120,11670,11820,142796,-0.0025316455696202667
2023-01-26,11750,12130,11720,11950,159893,0.010998307952622577
2023-01-27,11960,12120,11800,11890,105485,-0.005020920502092019
2023-01-30,11950,11950,11550,11570,142828,-0.02691337258200166
2023-01-31,11520,11680,11230,11360,144138,-0.018150388936905792
2023-02-01,11400,11420,11070,11300,234357,-0.005281690140845119
2023-02-02,11340,11510,11070,11270,257840,-0.0026548672566372167
2023-02-03,11220,11450,11140,11210,293090,-0.0053238686779059075
2023-02-06,11230,11610,11230,11440,234459,0.020517395182872544
2023-02-07,11480,11510,11170,11400,226464,-0.0034965034965035446
2023-02-08,11670,12140,11420,11510,1090713,0.009649122807017463
2023-02-09,11510,11690,11460,11550,178587,0.0034752389226759828
2023-02-10,11540,11910,11280,11800,323293,0.02164502164502169
2023-02-13,11800,12480,11760,12150,680807,0.029661016949152463
2023-02-14,12170,12290,11980,12140,171303,-0.0008230452674896638
2023-02-15,12200,12300,11640,11640,246932,-0.041186161449752845
2023-02-16,11660,11790,11450,11580,197648,-0.005154639175257714
2023-02-17,11500,12220,11370,11850,337050,0.023316062176165886
2023-02-20,11850,12100,11730,12080,150403,0.01940928270042197
2023-02-21,12080,13280,11970,13280,1078246,0.09933774834437092
2023-02-22,13370,13940,13100,13390,1024949,0.008283132530120474
2023-02-23,13610,13810,12950,13200,507124,-0.014189693801344272
2023-02-24,13100,13310,12680,13190,400917,-0.0007575757575757347
2023-02-27,13160,13260,12820,12860,263462,-0.02501895375284302
2023-02-28,12880,13020,12430,12480,278476,-0.029548989113530322
2023-03-02,12490,13470,12420,13170,592425,0.05528846153846145
2023-03-03,13450,13570,13150,13500,284149,0.02505694760820054
2023-03-06,13510,13530,12900,13110,243802,-0.028888888888888853
2023-03-07,13100,13840,12950,13570,413621,0.03508771929824572
2023-03-08,13710,13900,13130,13200,319556,-0.02726602800294764
2023-03-09,13200,13250,12740,12800,261703,-0.030303030303030276
2023-03-10,12660,12760,12160,12370,184833,-0.03359374999999998
2023-03-13,12170,12540,12020,12440,159394,0.0056588520614389015
2023-03-14,12400,12420,11610,11610,237727,-0.06672025723472674
2023-03-15,11840,12120,11780,11780,82862,0.014642549526270532
2023-03-16,11720,11730,11220,11350,200349,-0.03650254668930386
2023-03-17,11580,12150,11450,11810,206299,0.04052863436123344
2023-03-20,11800,12020,11560,11570,121694,-0.020321761219305623
2023-03-21,11630,11960,11550,11730,135569,0.01382886776145198
2023-03-22,11930,11930,11550,11630,105880,-0.008525149190110826
2023-03-23,11750,12380,11630,12100,428726,0.040412725709372266
2023-03-24,12110,12230,11850,12160,127702,0.0049586776859504855
2023-03-27,12370,12370,11940,12160,100810,0.0
2023-03-28,12100,12170,11920,11980,86845,-0.014802631578947345
2023-03-29,11990,12000,11720,11890,94653,-0.0075125208681134925
2023-03-30,11900,11920,11650,11790,110868,-0.008410428931875491
2023-03-31,11790,11970,11670,11710,112432,-0.006785411365563987
2023-04-03,11730,11970,11700,11880,93228,0.014517506404782221
2023-04-04,11830,12320,11700,12310,170762,0.036195286195286114
2023-04-05,12310,12770,12040,12050,477503,-0.021121039805036546
2023-04-06,12060,12140,11710,11760,337569,-0.0240663900414938
2023-04-07,11770,11890,11590,11640,120784,-0.010204081632653073
2023-04-10,11640,11760,11240,11760,283361,0.010309278350515427
2023-04-11,11670,11800,11460,11660,108332,-0.008503401360544172
2023-04-12,11620,11740,11550,11680,188231,0.0017152658662091813
2023-04-13,11680,12690,11390,12390,543231,0.06078767123287676
2023-04-14,12600,14350,12400,14350,1577301,0.15819209039548032
2023-04-17,14070,14420,13370,13950,727781,-0.027874564459930307
2023-04-18,13960,14390,13660,13660,330537,-0.02078853046594986
2023-04-19,14200,15480,14110,14840,948811,0.08638360175695459
2023-04-20,14980,15440,14190,14250,492901,-0.03975741239892183
2023-04-21,14180,14180,13640,13710,190875,-0.037894736842105314
2023-04-24,13750,13970,13430,13610,122959,-0.00729394602479938
2023-04-25,13520,13670,12880,13250,233268,-0.02645113886847905
2023-04-26,13100,13280,12830,12910,103460,-0.025660377358490583
2023-04-27,12930,13100,12720,12980,140155,0.005422153369480931
2023-04-28,13100,13150,12530,12530,111990,-0.034668721109399114
2023-05-02,12470,13010,12350,12810,95271,0.022346368715083775
2023-05-03,12740,13110,12720,12900,115397,0.007025761124121788
2023-05-04,13080,13220,12560,12660,111020,-0.018604651162790753
2023-05-08,12730,12850,12620,12740,65168,0.006319115323854652
2023-05-09,12750,12780,12320,12400,122438,-0.026687598116169498
2023-05-10,12340,12450,12010,12080,194631,-0.02580645161290318
2023-05-11,12080,12370,12070,12070,98450,-0.0008278145695364003
2023-05-12,12100,12240,11830,12070,75869,0.0
2023-05-15,12010,12220,11880,12130,62181,0.004971002485501197
2023-05-16,12260,12690,12210,12540,176433,0.033800494641385015
2023-05-17,12390,12590,12380,12530,79438,-0.0007974481658692412
2023-05-18,12600,12800,12510,12700,81808,0.013567438148443633
2023-05-19,12740,12870,12610,12820,82559,0.009448818897637823
2023-05-22,12820,12940,12740,12870,53438,0.003900156006240163
2023-05-23,12800,13160,12790,12820,123264,-0.0038850038850039015
2023-05-24,12780,12900,12610,12660,90158,-0.012480499219968744
2023-05-25,12610,12730,12520,12580,57744,-0.006319115323854652
2023-05-26,12580,12830,12500,12600,73907,0.0015898251192367763
2023-05-30,12660,12750,12350,12400,67094,-0.015873015873015928
2023-05-31,12360,12820,12360,12590,88607,0.015322580645161343
2023-06-01,12570,12940,12530,12830,81659,0.019062748212867353
2023-06-02,12880,13390,12870,12980,116134,0.011691348402182333
2023-06-05,13000,13240,12920,12940,95679,-0.0030816640986132127
2023-06-07,13000,13100,12930,13040,47222,0.007727975270479082
2023-06-08,12920,13490,12920,13450,186955,0.03144171779141103
2023-06-09,13450,13490,13150,13230,123726,-0.01635687732342006
2023-06-12,13320,13320,13080,13240,91981,0.0007558578987150177
2023-06-13,13330,14100,13180,13290,615519,0.003776435045317328
2023-06-14,13230,13340,12710,12760,244601,-0.039879608728367155
2023-06-15,12820,13180,12780,12790,133165,0.0023510971786833146
2023-06-16,12800,13220,12800,13110,125167,0.02501954652071925
2023-06-19,13070,13140,12900,13030,61823,-0.006102212051868783
2023-06-20,13000,13280,12950,13120,86651,0.0069071373752878085
2023-06-21,13130,13380,12900,12970,111511,-0.01143292682926833
2023-06-22,12820,12980,12640,12820,67733,-0.01156515034695449
2023-06-23,12790,12820,12240,12300,183114,-0.040561622464898583
2023-06-26,12220,12500,12160,12400,72797,0.008130081300812941
2023-06-27,13100,14400,13000,13150,1280972,0.06048387096774199
2023-06-28,13260,13720,13170,13200,404243,0.0038022813688212143
2023-06-29,13250,13530,13020,13520,263918,0.024242424242424176
2023-06-30,13490,13680,13300,13490,157998,-0.002218934911242587
2023-07-03,13500,13740,13390,13430,189506,-0.004447739065974843
2023-07-04,13430,13470,13220,13440,142225,0.0007446016381236209
2023-07-05,13440,13890,13360,13530,297541,0.006696428571428603
2023-07-06,13520,13830,13130,13150,237954,-0.028085735402808565
2023-07-07,13160,13160,12560,12680,167805,-0.0357414448669201
2023-07-10,12780,13120,12610,12750,92368,0.005520504731861164
2023-07-11,12780,13170,12720,13170,86551,0.03294117647058825
2023-07-12,13110,13560,13110,13430,142355,0.019741837509491322
2023-07-13,13440,13520,13250,13340,126622,-0.006701414743112477
2023-07-14,13390,13730,13240,13630,195779,0.021739130434782705
2023-07-17,13770,13810,13420,13670,190446,0.0029347028613353476
2023-07-18,13660,13660,13330,13400,110488,-0.019751280175566932
2023-07-19,13420,13710,13320,13350,133661,-0.003731343283582045
2023-07-20,13310,13560,13200,13500,85712,0.011235955056179803
2023-07-21,13450,13580,13300,13400,110811,-0.007407407407407418
2023-07-24,13330,13390,12770,12840,208457,-0.04179104477611939
2023-07-25,12840,13620,12500,13580,633068,0.05763239875389403
2023-07-26,14000,14110,13040,13620,892583,0.002945508100147265
2023-07-27,13980,15940,13620,14840,4048150,0.08957415565345084
2023-07-28,14640,15420,14340,15130,774870,0.019541778975741275
2023-07-31,15520,15640,14900,15250,433053,0.00793126239259756
2023-08-01,15350,15560,14860,15060,269457,-0.012459016393442601
2023-08-02,14990,15270,14480,14500,302883,-0.03718459495351922
2023-08-03,14470,15510,14470,15140,520948,0.044137931034482714
2023-08-04,15180,15190,14550,14730,219484,-0.02708058124174373
2023-08-07,14730,14750,13730,13830,347990,-0.06109979633401219
2023-08-08,13850,14000,13550,13680,161756,-0.010845986984815648
2023-08-09,13700,13800,13500,13740,162592,0.004385964912280604
2023-08-10,13710,13710,13360,13400,140780,-0.024745269286754024
2023-08-11,13500,13850,13350,13810,170813,0.030597014925373145
2023-08-14,13770,13770,13340,13390,152817,-0.03041274438812458
2023-08-16,13260,13310,12870,12910,168529,-0.03584764749813296
2023-08-17,12830,13050,12650,13050,137821,0.010844306738962084
2023-08-18,12900,13090,12790,12970,71970,-0.006130268199233679
2023-08-21,12940,13060,12850,12880,58172,-0.006939090208172738
2023-08-22,12900,12920,12710,12750,102609,-0.010093167701863304
2023-08-23,12730,12750,12550,12560,169461,-0.014901960784313717
2023-08-24,12690,12720,12450,12620,102655,0.004777070063694211
2023-08-25,12520,12840,12440,12660,79749,0.0031695721077653616
2023-08-28,12710,13660,12690,13410,295554,0.05924170616113744
2023-08-29,13360,13720,13360,13610,141728,0.014914243102162494
2023-08-30,13640,14260,13480,14160,371692,0.040411462160176326
2023-08-31,14440,14700,13630,13630,477119,-0.03742937853107342
2023-09-01,13730,13770,13380,13500,168682,-0.009537784299339713
2023-09-04,13520,14410,13400,14170,389679,0.04962962962962969
2023-09-05,14150,14990,13910,14550,472205,0.026817219477769827
2023-09-06,14500,14700,14120,14200,121723,-0.02405498281786944
2023-09-07,14200,14320,13860,13940,121326,-0.018309859154929553
2023-09-08,13950,14150,13550,13770,141103,-0.012195121951219523
2023-09-11,13800,13840,13480,13530,145034,-0.017429193899782147
2023-09-12,13580,13580,13140,13510,288894,-0.0014781966001478075
2023-09-13,13560,14210,13420,14040,418617,0.03923019985196152
2023-09-14,14040,14950,13950,14600,569145,0.03988603988603989
2023-09-15,14600,14930,14480,14650,200087,0.003424657534246478
2023-09-18,14580,14970,14440,14950,188899,0.020477815699658786
2023-09-19,14840,15000,14670,14700,255646,-0.01672240802675584
2023-09-20,14990,16850,13700,13750,3668679,-0.06462585034013602
2023-09-21,13690,14380,13500,14020,393542,0.019636363636363674
2023-09-22,14020,14930,13950,14390,665839,0.02639087018544939
2023-09-25,14440,14660,13900,13970,188012,-0.02918693537178596
2023-09-26,14040,14110,13450,13550,158856,-0.030064423765211123
2023-09-27,13550,14540,13500,14350,241199,0.05904059040590415
2023-10-04,14200,14200,13480,13630,186992,-0.05017421602787453
2023-10-05,13690,13930,13200,13250,191329,-0.027879677182685247
2023-10-06,13250,13760,13240,13550,94514,0.02264150943396226
2023-10-10,13620,13840,13160,13230,167748,-0.023616236162361637
2023-10-11,13420,13470,13100,13370,172499,0.010582010582010692
2023-10-12,13380,13500,13180,13250,104667,-0.008975317875841382
2023-10-13,13220,13230,12980,13080,127339,-0.012830188679245236
2023-10-16,12960,13100,12700,12960,132790,-0.00917431192660545
2023-10-17,12970,13280,12960,13060,95309,0.007716049382715973
2023-10-18,13110,13280,12960,13160,130565,0.007656967840734996
2023-10-19,13090,13160,12650,12700,178511,-0.03495440729483279
2023-10-20,12690,12700,12160,12430,195947,-0.021259842519685046
2023-10-23,12240,12480,12190,12200,79624,-0.018503620273531807
2023-10-24,12240,12400,11800,12330,115415,0.010655737704918122
2023-10-25,12440,12440,12240,12310,50325,-0.0016220600162205612
2023-10-26,12060,12160,11870,11930,71027,-0.03086921202274573
2023-10-27,11940,12330,11850,11870,121422,-0.005029337803855838
2023-10-30,11740,12270,11740,12120,71028,0.021061499578769904
2023-10-31,12220,12220,11770,11780,68793,-0.028052805280528004
2023-11-01,11820,11960,11810,11860,42097,0.00679117147707986
2023-11-02,12020,12270,12010,12270,98764,0.03456998313659354
2023-11-03,12240,12290,12020,12110,99808,-0.013039934800325947
2023-11-06,12230,12420,12160,12310,114894,0.01651527663088359
2023-11-07,12340,12340,11980,12170,89070,-0.011372867587327362
2023-11-08,12170,12280,11990,12040,59262,-0.010682004930156141
2023-11-09,12110,12510,12010,12270,118330,0.01910299003322269
2023-11-10,12270,12270,12060,12110,41226,-0.013039934800325947
2023-11-13,12110,12170,11920,12070,61156,-0.003303055326176696
2023-11-14,12040,12190,12040,12160,39148,0.0074565037282519064
2023-11-15,12280,12540,12270,12450,114316,0.023848684210526327
2023-11-16,12440,12780,12440,12720,132569,0.02168674698795181
2023-11-17,12730,12730,12470,12630,80569,-0.007075471698113178
2023-11-20,12630,12720,12490,12540,87229,-0.0071258907363420665
2023-11-21,12560,12900,12520,12830,66388,0.023125996810207328
2023-11-22,12810,12900,12650,12800,53054,-0.002338269680436489
2023-11-23,12800,12820,12720,12780,54219,-0.0015625000000000222
2023-11-24,12780,12820,12710,12760,27462,-0.0015649452269170805
2023-11-27,12760,12780,12630,12720,31976,-0.0031347962382445305
2023-11-28,12640,12810,12540,12720,55876,0.0
2023-11-29,12720,12750,12600,12660,35149,-0.004716981132075526
2023-11-30,12620,12840,12540,12790,65548,0.010268562401263726
2023-12-01,12820,12900,12720,12790,69088,0.0
2023-12-04,12800,13200,12800,12990,159188,0.015637216575449475
2023-12-05,12990,13050,12700,12780,85357,-0.0161662817551963
2023-12-06,12790,13030,12780,12950,43605,0.013302034428795073
2023-12-07,12950,13130,12720,12970,90700,0.001544401544401497
2023-12-08,13010,13120,12640,12750,179163,-0.016962220508866643
2023-12-11,12710,12750,12600,12690,88824,-0.004705882352941226
2023-12-12,12660,12800,12620,12800,62346,0.008668242710795804
2023-12-13,12720,12800,12560,12750,81452,-0.00390625
2023-12-14,12770,12950,12720,12880,88264,0.010196078431372602
2023-12-15,12830,13060,12830,12920,84791,0.0031055900621117516
2023-12-18,12920,13000,12780,12900,82783,-0.001547987616099089
2023-12-19,12850,13010,12840,12930,35221,0.0023255813953488857
2023-12-20,12980,13060,12870,12950,83477,0.0015467904098993568
2023-12-21,12940,12950,12850,12890,64598,-0.004633204633204602
2023-12-22,12890,13110,12890,13070,61414,0.013964313421256813
2023-12-26,13120,13120,12860,13070,83237,0.0
2023-12-27,12710,12880,12420,12550,168193,-0.03978576893649577
2023-12-28,12520,12740,12440,12730,94855,0.014342629482071656
2024-01-02,12720,12720,12200,12250,164579,-0.03770620581304007
2024-01-03,12220,12280,12000,12120,84029,-0.0106122448979592
2024-01-04,12070,12270,12000,12120,122553,0.0
2024-01-05,12170,12230,12100,12200,71118,0.0066006600660066805
2024-01-08,12230,12250,12140,12200,29806,0.0
2024-01-09,12280,12280,12180,12220,87656,0.0016393442622950616
2024-01-10,12210,12250,12180,12200,24655,-0.0016366612111292644
2024-01-11,12200,12230,12170,12180,26938,-0.0016393442622950616
2024-01-12,12170,12190,12060,12100,58130,-0.006568144499178974
2024-01-15,12190,12190,11950,11950,52544,-0.012396694214875992
2024-01-16,11900,11990,11770,11810,47725,-0.011715481171548081
2024-01-17,11850,11850,11490,11530,93384,-0.023708721422523338
2024-01-18,11530,11650,11490,11570,28288,0.003469210754553309
2024-01-19,11590,11820,11560,11730,47839,0.01382886776145198
2024-01-22,11730,11800,11580,11760,34335,0.002557544757033181
2024-01-23,11720,11850,11640,11730,17578,-0.0025510204081632404
2024-01-24,11790,11790,11480,11670,33573,-0.005115089514066473
2024-01-25,11690,11730,11480,11670,33306,0.0
2024-01-26,11670,12170,11570,12070,92962,0.03427592116538136
2024-01-29,11900,12360,11900,12300,97523,0.0190555095277547
2024-01-30,12210,12510,12210,12500,70987,0.016260162601626105
2024-01-31,12450,12510,12270,12440,49285,-0.0048000000000000265
2024-02-01,12410,12470,12290,12320,50554,-0.009646302250803873
2024-02-02,12320,12620,12320,12520,59574,0.016233766233766156
2024-02-05,12560,13500,12440,13470,317147,0.07587859424920129
2024-02-06,13550,13560,13010,13030,124484,-0.03266518188567191
2024-02-07,13030,13300,12860,13130,83494,0.007674597083653145
2024-02-08,13150,13280,12950,13100,61219,-0.0022848438690022954
2024-02-13,13100,13200,12940,13070,38262,-0.0022900763358778553
2024-02-14,12910,13030,12800,12880,45053,-0.014537107880642663
2024-02-15,12890,12990,12580,12630,89161,-0.01940993788819878
2024-02-16,12630,12800,12550,12770,38468,0.011084718923198844
2024-02-19,12860,13020,12650,12990,93207,0.017227877838684513
2024-02-20,12990,13050,12530,12610,94106,-0.029253271747498033
2024-02-21,12630,13100,12520,12690,178230,0.006344171292624878
2024-02-22,12800,12800,12550,12550,56148,-0.011032308904649346
2024-02-23,12550,12620,12470,12550,46026,0.0
2024-02-26,12560,12560,12330,12400,49037,-0.01195219123505975
2024-02-27,12380,12380,12180,12340,41315,-0.004838709677419395
2024-02-28,12280,12500,12280,12500,92363,0.01296596434359798
2024-02-29,12520,12640,12400,12470,34515,-0.0023999999999999577
2024-03-04,12480,12480,12240,12240,55734,-0.01844426623897355
2024-03-05,12210,12250,12110,12190,35706,-0.004084967320261423
2024-03-06,12190,12190,12060,12100,27592,-0.007383100902379036
2024-03-07,12120,12340,11990,12190,47070,0.007438016528925617
2024-03-08,12200,12280,12120,12180,31298,-0.0008203445447088065
2024-03-11,12180,12180,12000,12010,60368,-0.013957307060755375
2024-03-12,12150,12150,11880,12010,40401,0.0
2024-03-13,12050,12070,11930,12010,44542,0.0
2024-03-14,12070,12220,11910,12050,53191,0.0033305578684430515
2024-03-15,12040,12040,11870,11920,35280,-0.010788381742738551
2024-03-18,11920,12120,11920,11950,42134,0.00251677852348986
2024-03-19,11950,12450,11920,12330,165229,0.03179916317991638
2024-03-20,12340,12620,12250,12360,107293,0.0024330900243310083
2024-03-21,12370,12480,12110,12180,58421,-0.014563106796116498
2024-03-22,12280,12280,11870,11890,86026,-0.023809523809523836
2024-03-25,12050,12850,12050,12450,310677,0.047098402018503016
2024-03-26,12400,12400,12010,12130,103712,-0.025702811244979973
2024-03-27,12150,12480,12110,12350,70144,0.01813685078318228
2024-03-28,12500,12500,12130,12140,49686,-0.01700404858299598
2024-03-29,12140,12180,12030,12110,32223,-0.0024711696869851307
2024-04-01,12110,12170,11770,11820,135003,-0.023947151114781184
2024-04-02,11830,11830,11640,11680,67923,-0.011844331641285955
2024-04-03,11680,11770,11550,11680,39742,0.0
2024-04-04,11670,11800,11600,11760,43567,0.006849315068493178
2024-04-05,11750,11750,11560,11690,38537,-0.005952380952380931
2024-04-08,11690,11710,11470,11610,58763,-0.006843455945252375
2024-04-09,11600,11720,11460,11460,79518,-0.012919896640826822
2024-04-11,11460,11550,11220,11350,39087,-0.009598603839441555
2024-04-12,11350,11400,11220,11350,37060,0.0
2024-04-15,11240,11630,11180,11590,67342,0.021145374449339283
2024-04-16,11560,11880,11450,11590,59343,0.0
2024-04-17,11590,12200,11590,11830,99851,0.02070750647109576
2024-04-18,11940,11950,11730,11850,32927,0.0016906170752324368
2024-04-19,11850,11890,11530,11870,74778,0.0016877637130801038
2024-04-22,11870,12180,11860,11870,94230,0.0
2024-04-23,11970,12000,11770,11850,28708,-0.0016849199663016012
2024-04-24,11940,11940,11720,11840,41110,-0.0008438818565400519
2024-04-25,11890,11910,11730,11850,27791,0.0008445945945945166
2024-04-26,11900,11950,11810,11900,23389,0.00421940928270037
2024-04-29,11900,12000,11800,11970,27658,0.00588235294117645
2024-04-30,11980,12010,11880,11960,23305,-0.0008354218880535225
2024-05-02,11880,12230,11880,12080,47778,0.010033444816053505
2024-05-03,12160,12160,12020,12030,22139,-0.004139072847682113
2024-05-07,12050,12160,11990,12090,26244,0.004987531172069737
2024-05-08,12070,12300,12070,12230,55396,0.011579818031431044
2024-05-09,12230,12270,12100,12240,27833,0.0008176614881438837
2024-05-10,12250,12270,12100,12240,21750,0.0
2024-05-13,12190,12280,12100,12160,34634,-0.006535947712418277
2024-05-14,12160,12330,12140,12260,60201,0.008223684210526327
2024-05-16,12300,12560,12250,12480,77780,0.01794453507340954
2024-05-17,12570,12570,12310,12420,37568,-0.004807692307692291
2024-05-20,12480,12550,12360,12400,46786,-0.0016103059581320522
2024-05-21,12380,12490,12270,12350,37107,-0.0040322580645161255
2024-05-22,12360,12360,12250,12330,27083,-0.0016194331983805377
2024-05-23,12290,12290,12070,12130,46863,-0.016220600162206056
2024-05-24,12100,12100,12020,12020,24047,-0.00906842539159114
2024-05-27,12020,12130,11940,12030,41704,0.0008319467554076532
2024-05-28,12030,12180,11850,11990,85765,-0.0033250207813798616
2024-05-29,12000,12010,11880,11940,39690,-0.004170141784820669
2024-05-30,11890,11940,11740,11830,36066,-0.009212730318257978
2024-05-31,11800,11950,11600,11640,67646,-0.01606086221470837
2024-06-03,11640,12000,11620,11900,58584,0.022336769759450092
2024-06-04,11900,12030,11780,11990,52123,0.007563025210084007
2024-06-05,11990,11990,11690,11950,46583,-0.0033361134278565574
2024-06-07,12010,12010,11790,11890,31785,-0.005020920502092019
2024-06-10,11810,11970,11800,11940,24525,0.00420521446593769
2024-06-11,11900,11990,11830,11920,22852,-0.0016750418760469454
2024-06-12,11950,11950,11790,11850,24575,-0.005872483221476488
2024-06-13,11850,11890,11750,11810,37711,-0.0033755274261603185
2024-06-14,11780,11820,11700,11700,44719,-0.009314140558848383
2024-06-17,11710,11780,11670,11700,28059,0.0
2024-06-18,11710,11760,11610,11620,25117,-0.006837606837606813
2024-06-19,11630,11730,11410,11550,64963,-0.0060240963855421326
2024-06-20,11550,11670,11500,11660,17201,0.00952380952380949
2024-06-21,11750,11750,11510,11590,21947,-0.006003430531732468
2024-06-24,11530,11630,11400,11450,36800,-0.012079378774805916
2024-06-25,11500,11600,11420,11440,17480,-0.0008733624454148048
2024-06-26,11440,11770,11440,11690,32855,0.021853146853146876
2024-06-27,11740,11740,11610,11610,11678,-0.006843455945252375
2024-06-28,11620,11730,11550,11620,14303,0.0008613264427217437
2024-07-01,11620,11720,11490,11540,27970,-0.0068846815834767705
2024-07-02,11490,11630,11250,11270,52593,-0.023396880415944565
2024-07-03,11280,11300,11110,11110,53051,-0.014196983141082531
2024-07-04,11140,11180,11080,11170,10664,0.005400540054005365
2024-07-05,11170,11190,11000,11100,13389,-0.006266786034019645
2024-07-08,11050,11210,11050,11210,9163,0.009909909909909809
2024-07-09,11210,11270,11110,11160,9933,-0.004460303300624413
2024-07-10,11270,11270,11110,11160,11819,0.0
2024-07-11,11150,11190,10930,11060,34427,-0.008960573476702538
2024-07-12,11070,11070,10980,11050,27874,-0.000904159132007254
2024-07-15,11050,11190,11010,11040,7831,-0.0009049773755656076
2024-07-16,11040,11270,11000,11240,35060,0.018115942028985588
2024-07-17,11210,11240,11080,11130,15676,-0.009786476868327454
2024-07-18,11130,11270,10920,11050,37196,-0.007187780772686447
2024-07-19,11050,11070,10920,10930,20027,-0.010859728506787292
2024-07-22,10830,10940,10270,10350,71159,-0.05306495882891127
2024-07-23,10470,10580,10290,10480,61812,0.012560386473430052
2024-07-24,10580,10580,10390,10460,9792,-0.001908396946564861
2024-07-25,10330,10500,10230,10280,28761,-0.017208413001912004
2024-07-26,10270,10520,10270,10490,14678,0.020428015564202262
2024-07-29,10600,10850,10490,10670,68221,0.01715919923736897
2024-07-30,10770,10770,10440,10500,12320,-0.015932521087160256
2024-07-31,10500,10670,10170,10320,48419,-0.017142857142857126
2024-08-01,10320,10500,10320,10490,20756,0.016472868217054293
2024-08-02,10370,10460,10110,10140,35536,-0.03336510962821737
2024-08-05,10100,10140,8770,8980,327030,-0.11439842209072981
2024-08-06,8990,9400,8940,9040,290520,0.006681514476614803
2024-08-07,8990,9620,8990,9520,94638,0.053097345132743445
2024-08-08,9510,9630,9410,9590,29135,0.007352941176470562
2024-08-09,9480,9590,8950,9100,291972,-0.051094890510948954
2024-08-12,9120,9210,9090,9140,28156,0.00439560439560438
2024-08-13,9170,9170,9000,9110,24921,-0.003282275711159688
2024-08-14,9160,9250,9110,9220,28015,0.01207464324917673
2024-08-16,9230,9360,9230,9320,34296,0.010845986984815648
2024-08-19,9320,9350,9200,9260,22095,-0.006437768240343367
2024-08-20,9270,9470,9270,9400,30527,0.015118790496760237
2024-08-21,9380,9510,9210,9470,31734,0.007446808510638281
2024-08-22,9490,9570,9370,9440,27651,-0.0031678986272439813
2024-08-23,9400,9460,9350,9430,24325,-0.0010593220338983578
2024-08-26,9500,9500,9380,9410,15326,-0.0021208907741251393
2024-08-27,9410,9450,9330,9440,18127,0.0031880977683316214
2024-08-28,9480,9480,9280,9310,27700,-0.013771186440677985
2024-08-29,9350,9350,9150,9150,30617,-0.017185821697099923
2024-08-30,9210,9250,9130,9210,25830,0.006557377049180246
2024-09-02,9210,9370,9200,9330,40248,0.013029315960912058
2024-09-03,9400,9550,9370,9500,28987,0.018220793140407254
2024-09-04,9440,9440,9230,9340,31486,-0.01684210526315788
2024-09-05,9310,9550,9310,9370,30280,0.0032119914346895317
2024-09-06,9310,9390,9230,9340,21361,-0.0032017075773745907
2024-09-09,9220,9290,9160,9290,65382,-0.005353319057815886
2024-09-10,9290,9330,9230,9240,15754,-0.005382131324004336
2024-09-11,9250,9310,9120,9170,43728,-0.007575757575757569
2024-09-12,9250,9380,9240,9370,8814,0.021810250817884347
2024-09-13,12180,12180,12180,12180,310079,0.2998932764140876
2024-09-19,15830,15830,15830,15830,72038,0.2996715927750411
2024-09-20,20550,20550,20550,20550,782348,0.29816803537586867
2024-09-23,21150,22200,20300,21400,4459585,0.041362530413625365
2024-09-24,21400,21850,20750,21250,1056439,-0.007009345794392496
2024-09-25,21050,23900,20950,22750,1730565,0.07058823529411762
2024-09-26,25150,25300,24700,24950,2412277,0.0967032967032968
2024-09-27,25000,26300,24950,25250,1104317,0.012024048096192397
2024-09-30,25700,26100,25150,25300,1183558,0.001980198019801982
2024-10-02,26000,28100,25250,25450,3034621,0.005928853754940677
2024-10-04,29900,32850,29850,31850,4695834,0.2514734774066798
2024-10-07,34200,36700,33300,34700,3610069,0.0894819466248038
2024-10-08,35100,35600,31500,33800,1816955,-0.025936599423631135
2024-10-10,30350,31250,29900,31250,1892675,-0.07544378698224852
2024-10-11,31250,31250,28300,29200,1908864,-0.06559999999999999
2024-10-14,30500,31400,30100,30750,1974665,0.05308219178082196
2024-10-15,28700,29800,27700,28050,1040333,-0.08780487804878045
2024-10-16,27600,29250,27150,28700,553342,0.02317290552584672
2024-10-17,29600,31200,29100,30850,2128814,0.07491289198606266
2024-10-18,28900,30050,22300,22650,738582,-0.26580226904376014
2024-10-21,22000,29400,20500,24850,1641500,0.09713024282560712
2024-10-22,23500,23650,20300,20500,466526,-0.17505030181086523
2024-10-23,19650,21250,18990,20000,375945,-0.024390243902439046
2024-10-24,20000,26000,18850,26000,1585958,0.30000000000000004
2024-10-25,31200,32700,21100,22700,2888203,-0.12692307692307692
2024-10-28,21700,26650,21050,22800,1790422,0.004405286343612369
2024-10-29,22950,24950,21400,21600,931831,-0.052631578947368474
2024-10-30,21750,21900,19000,19000,571143,-0.12037037037037035
2024-10-31,18430,22250,17050,19300,1614845,0.015789473684210575
2024-11-01,19300,20450,18150,18400,322340,-0.04663212435233166
2024-11-04,18400,18850,17790,17910,330586,-0.026630434782608736
2024-11-05,17900,18400,17310,17430,450294,-0.02680067001675046
2024-11-06,17400,17950,16990,17110,337203,-0.018359150889271425
2024-11-07,17320,17320,16500,16770,182936,-0.019871420222092318
2024-11-08,17210,17690,16720,16910,157917,0.008348240906380422
2024-11-11,16950,17370,15910,16330,144134,-0.0342992312241277
2024-11-12,16440,17300,15950,16050,241720,-0.017146356399265206
2024-11-13,16050,16260,15190,15220,189485,-0.05171339563862931
2024-11-14,15110,15550,14740,14740,105173,-0.031537450722733285
2024-11-15,14720,15300,14350,15300,113095,0.037991858887381325
2024-11-18,15650,15650,14740,14820,58959,-0.03137254901960784
2024-11-19,14710,15290,14610,14950,51913,0.00877192982456143
2024-11-20,15430,15430,14880,15000,53505,0.0033444816053511683
2024-11-21,14930,15150,14720,14880,45035,-0.008000000000000007
2024-11-22,14900,15060,14560,14570,49958,-0.02083333333333337
2024-11-25,14700,15190,14580,14970,62159,0.02745367192862047
2024-11-26,15070,15280,14670,14670,50409,-0.02004008016032066
2024-11-27,14770,15400,14650,15000,120990,0.02249488752556239
2024-11-28,15000,15990,14840,15070,127722,0.004666666666666597
2024-11-29,15070,15070,14110,14150,67457,-0.06104844061048442
2024-12-02,14210,18390,14210,16160,1858267,0.1420494699646644
2024-12-03,16500,16940,15100,15640,838765,-0.03217821782178221
2024-12-04,15500,18280,15300,16010,724904,0.02365728900255748
2024-12-05,16300,16350,14700,15270,259675,-0.046221111805121784
2024-12-06,15750,18190,14400,14620,1563256,-0.04256712508185989
2024-12-09,14620,14740,12660,12800,306332,-0.12448700410396718
2024-12-10,12630,13480,12570,13300,127927,0.0390625
2024-12-11,13300,14260,13200,14000,134580,0.05263157894736836
2024-12-12,14010,14460,13650,13980,72369,-0.0014285714285714457
2024-12-13,13710,13980,13490,13760,68506,-0.01573676680972813
2024-12-16,13790,13980,13760,13870,49594,0.007994186046511587
2024-12-17,13930,13930,13200,13430,59006,-0.03172314347512617
2024-12-18,13420,13650,13250,13580,46497,0.011169024571854091
2024-12-19,13310,13530,13080,13160,40998,-0.030927835051546393
2024-12-20,13290,13290,12630,12850,46485,-0.023556231003039496
2024-12-23,12860,13470,12860,13400,41031,0.04280155642023353
2024-12-24,13260,13440,13140,13200,26049,-0.014925373134328401
2024-12-26,13250,13380,13170,13270,27133,0.005303030303030365
2024-12-27,13100,13230,12300,12520,39211,-0.056518462697814575
2024-12-30,12700,12710,12300,12540,19717,0.0015974440894568342
2025-01-02,12310,12690,12310,12600,20737,0.004784688995215225
2025-01-03,12600,12830,12450,12730,22477,0.01031746031746028
2025-01-06,12730,12900,12550,12600,17577,-0.01021209740769835
2025-01-07,12690,12730,12470,12730,29413,0.01031746031746028
2025-01-08,12600,12790,12430,12760,28018,0.002356637863315081
2025-01-09,12750,12750,12370,12620,41652,-0.010971786833855801
2025-01-10,12670,12670,12420,12650,25415,0.002377179080824021
2025-01-13,12680,12680,12330,12410,28057,-0.018972332015810278
2025-01-14,12410,12450,12220,12300,18034,-0.008863819500402936
2025-01-15,12490,12490,12100,12470,20155,0.0138211382113822
2025-01-16,12200,12580,12200,12480,13915,0.000801924619085792
2025-01-17,12400,12550,12300,12540,25151,0.004807692307692291
2025-01-20,12550,12820,12440,12680,54430,0.011164274322169154
2025-01-21,12690,13100,12180,12340,79623,-0.02681388012618302
2025-01-22,12240,12350,12130,12280,33346,-0.004862236628849326
2025-01-23,12200,12500,12000,12000,23109,-0.0228013029315961
2025-01-24,11970,12150,11890,12040,18057,0.0033333333333334103
2025-01-31,12050,12220,11700,11820,18881,-0.01827242524916939
2025-02-03,11900,11960,11180,11550,27662,-0.022842639593908642
2025-02-04,11970,11970,11550,11660,14682,0.00952380952380949
2025-02-05,11550,11850,11550,11830,17550,0.014579759862778818
2025-02-06,11850,11900,11650,11680,17089,-0.012679628064243498
2025-02-07,11800,11800,11500,11520,14883,-0.013698630136986356
2025-02-10,11400,11510,11300,11380,12725,-0.01215277777777779
2025-02-11,11380,11630,11250,11600,12633,0.019332161687170446
2025-02-12,11650,11730,11210,11250,17135,-0.030172413793103425
2025-02-13,11240,11330,11090,11120,17275,-0.011555555555555541
2025-02-14,11120,11230,10810,11100,26436,-0.0017985611510791255
2025-02-17,11100,11300,10950,11300,19210,0.018018018018018056
2025-02-18,11320,11580,11200,11560,24011,0.023008849557522026
2025-02-19,11560,11830,11500,11710,26444,0.012975778546712835
2025-02-20,11630,11760,11560,11710,9907,0.0
2025-02-21,11750,11790,11690,11710,7669,0.0
2025-02-24,11710,11750,11540,11560,9397,-0.012809564474807855
2025-02-25,11620,11620,11470,11470,8790,-0.007785467128027634
2025-02-26,11450,11450,11300,11360,8269,-0.009590235396687019
2025-02-27,11360,11400,11310,11380,4518,0.0017605633802817433
2025-02-28,11300,11310,10830,10830,21891,-0.048330404217926226
2025-03-04,10830,10940,10710,10750,10527,-0.007386888273314907
2025-03-05,10760,11190,10760,11150,12287,0.037209302325581506
2025-03-06,11150,11220,11000,11140,10965,-0.0008968609865470656
2025-03-07,11140,11420,11140,11280,11704,0.012567324955116588
2025-03-10,11350,14660,11280,13330,1451373,0.18173758865248235
2025-03-11,13100,13720,12820,13250,278837,-0.006001500375093727
2025-03-12,13240,13660,12890,13300,205278,0.0037735849056603765
2025-03-13,13350,13350,12170,12350,146339,-0.0714285714285714
2025-03-14,12230,12515,12070,12390,41507,0.0032388663967610754
2025-03-17,12300,12430,12000,12000,44467,-0.03147699757869249
2025-03-18,11900,12180,11850,11940,24968,-0.0050000000000000044
2025-03-19,11990,12080,11660,11770,34204,-0.014237855946398703
2025-03-20,11790,11790,11550,11550,26454,-0.01869158878504673
2025-03-21,11850,11850,11270,11450,29973,-0.008658008658008698
2025-03-24,11390,11630,11330,11590,15279,0.012227074235807933
2025-03-25,11580,11730,11320,11390,15126,-0.0172562553925798
2025-03-26,11460,11600,11350,11400,12170,0.0008779631255486642
2025-03-27,11300,11490,11110,11320,14755,-0.007017543859649145
2025-03-28,11350,11410,10960,10980,32343,-0.030035335689045928
2025-03-31,10980,10980,10460,10600,16160,-0.03460837887067392
2025-04-01,10790,10850,10640,10720,11165,0.01132075471698113
2025-04-02,10900,11300,10600,10800,15024,0.00746268656716409
2025-04-03,10980,10980,10650,10770,10332,-0.002777777777777768
2025-04-04,10770,10950,10650,10840,15539,0.006499535747446661
2025-04-07,10410,11010,10260,10290,29357,-0.050738007380073835
2025-04-08,10440,10610,10350,10380,13100,0.008746355685131268
2025-04-09,10310,10680,10310,10410,11487,0.0028901734104045396
2025-04-10,10710,10890,10700,10790,10163,0.036503362151777186
2025-04-11,10790,11600,10690,11600,33112,0.07506950880444863
2025-04-14,11440,11570,11380,11530,22053,-0.0060344827586207295
2025-04-15,11600,11990,11590,11820,22816,0.025151777970511713
2025-04-16,11730,12000,11730,11750,19854,-0.005922165820642977
2025-04-17,11750,11880,11660,11880,10888,0.01106382978723408
2025-04-18,11910,11970,11740,11850,4906,-0.002525252525252486
2025-04-21,11960,12130,11860,12130,18448,0.02362869198312234
2025-04-22,12120,12180,12000,12000,13489,-0.010717230008243983
2025-04-23,12100,12240,12100,12150,21118,0.012499999999999956
2025-04-24,12120,12200,12030,12030,8677,-0.00987654320987652
2025-04-25,12170,12270,12040,12100,13962,0.005818786367414841
2025-04-28,11820,12180,11820,12000,9642,-0.008264462809917328
2025-04-29,12000,12060,11900,11950,10068,-0.004166666666666652
2025-04-30,11910,11990,11850,11870,5523,-0.006694560669456062
2025-05-02,11880,12000,11700,11950,13832,0.006739679865206405
2025-05-07,11800,12050,11720,11840,13123,-0.009205020920502127
2025-05-08,11940,12100,11810,11880,13905,0.0033783783783782884
2025-05-09,11970,12080,11870,12000,8642,0.010101010101010166
2025-05-12,12290,12290,11960,12080,14769,0.006666666666666599
2025-05-13,12170,12170,11970,12170,12787,0.007450331125827825
2025-05-14,12160,12160,12010,12040,7150,-0.010682004930156141
2025-05-15,11990,12200,11920,11940,10085,-0.00830564784053156
2025-05-16,11950,12040,11890,11960,9014,0.0016750418760469454
2025-05-19,12000,12000,11840,11840,8514,-0.010033444816053505
2025-05-20,11960,11960,11820,11830,5299,-0.0008445945945946276
2025-05-21,11820,11910,11680,11680,8659,-0.012679628064243498
2025-05-22,11680,11780,11560,11610,7462,-0.0059931506849315586
2025-05-23,11600,11750,11510,11570,8060,-0.003445305770887197
2025-05-26,11740,11740,11560,11560,6864,-0.0008643042350907626
2025-05-27,11560,11600,11460,11480,5821,-0.00692041522491349
2025-05-28,11550,11850,11550,11590,7762,0.009581881533101022
2025-05-29,11770,11950,11590,11830,7871,0.02070750647109576
2025-05-30,11990,12060,11750,11800,11741,-0.002535925612848655
2025-06-02,11880,11990,11760,11810,7026,0.0008474576271186862
2025-06-04,11850,12070,11780,11930,6518,0.010160880609652923
2025-06-05,11930,12000,11880,11930,9257,0.0
2025-06-09,11900,12030,11850,12030,15059,0.0083822296730931
2025-06-10,12040,12160,12000,12130,11052,0.00831255195344971
2025-06-11,12190,12270,12160,12250,10707,0.009892827699917506
2025-06-12,12270,12400,12250,12300,10962,0.004081632653061273
2025-06-13,12340,12340,11500,12150,12015,-0.012195121951219523
2025-06-16,12100,12250,12000,12190,6396,0.003292181069958877
2025-06-17,12270,12350,12070,12080,12173,-0.009023789991796538
2025-06-18,12090,12240,12080,12180,6240,0.008278145695364225
2025-06-19,12370,12370,12080,12090,4200,-0.007389162561576401
2025-06-20,12090,12100,11970,12030,8742,-0.00496277915632759
2025-06-23,12030,12080,11850,11950,8417,-0.006650041562759723
2025-06-24,11990,12080,11910,12050,10197,0.008368200836819994
2025-06-25,12010,12140,11980,12000,8165,-0.004149377593360981
2025-06-26,12070,12070,11950,12070,8973,0.005833333333333357
2025-06-27,12080,12900,11970,12450,43883,0.0314830157415078
2025-06-30,12490,12830,12290,12330,20855,-0.009638554216867434
2025-07-01,12330,12640,12300,12470,15865,0.011354420113544261
2025-07-02,12510,12510,12260,12310,16791,-0.012830793905372895
2025-07-03,12390,12540,12270,12480,13655,0.01380991064175463
2025-07-04,12480,12550,12320,12350,8285,-0.01041666666666663
2025-07-07,12190,12440,12190,12410,5372,0.004858299595141613
2025-07-08,12380,12620,12380,12590,8413,0.01450443190975026
2025-07-09,12600,12800,12550,12730,10086,0.011119936457505863
2025-07-10,12730,12840,12650,12730,5648,0.0
2025-07-11,12740,12880,12710,12750,6423,0.0015710919088767206
2025-07-14,12920,12920,12710,12810,8347,0.004705882352941115
2025-07-15,12830,12870,12780,12800,7387,-0.0007806401249024209
2025-07-16,12900,12940,12750,12800,12015,0.0
2025-07-17,12830,12900,12740,12750,5190,-0.00390625
2025-07-18,12930,12930,12750,12870,6262,0.009411764705882453
2025-07-21,12930,12930,12760,12760,4284,-0.008547008547008517
2025-07-22,12940,12940,12750,12800,6450,0.0031347962382444194
2025-07-23,12800,12920,12670,12720,5026,-0.006249999999999978
2025-07-24,12760,12890,12700,12700,10335,-0.0015723270440252124
2025-07-25,12720,12900,12710,12840,12299,0.011023622047244164
2025-07-28,13000,13620,13000,13550,22143,0.055295950155763274
2025-07-29,13540,14740,13140,14420,46748,0.06420664206642068
2025-07-30,14430,14430,13860,14070,23011,-0.024271844660194164
2025-07-31,14070,14950,13720,14250,27205,0.01279317697228155
2025-08-01,14250,14340,13960,14210,15879,-0.0028070175438597023
2025-08-04,14340,14800,13930,14700,19090,0.034482758620689724
2025-08-05,14880,14970,14510,14630,14032,-0.004761904761904745
2025-08-06,14630,14780,14300,14600,15626,-0.002050580997949414
2025-08-07,14600,14790,14470,14770,8887,0.011643835616438336
2025-08-08,14760,14900,14690,14870,10054,0.00677048070413
2025-08-11,14870,15650,14870,15610,28836,0.04976462676529936
2025-08-12,15900,16550,15740,16080,32503,0.030108904548366455
2025-08-13,16180,16220,15920,15990,12221,-0.005597014925373123
2025-08-14,16080,16080,15100,15980,17265,-0.000625390869293363
2025-08-18,15650,15690,15180,15220,13670,-0.04755944931163958
2025-08-19,15070,15300,13930,14980,22156,-0.015768725361366642
2025-08-20,14800,14800,14150,14530,11132,-0.030040053404539413
2025-08-21,14500,15510,14450,15400,12922,0.059876118375774334
2025-08-22,15400,16280,15270,15590,16039,0.012337662337662314
2025-08-25,15960,16100,15650,16080,21899,0.0314304041051956
2025-08-26,16200,16200,15670,15710,11116,-0.023009950248756184
2025-08-27,15710,15820,15530,15580,3898,-0.008274984086569015
2025-08-28,16490,16490,15320,15410,6072,-0.010911424903722766
2025-08-29,15500,15500,14220,15000,6365,-0.026606099935107097
2025-09-01,14890,15000,14380,14570,11780,-0.028666666666666618
2025-09-02,14570,14980,14570,14680,17737,0.007549759780370646
2025-09-03,14790,15150,14500,14940,3571,0.017711171662125436
2025-09-04,14760,15190,14760,14830,12079,-0.007362784471218187
2025-09-05,15150,15150,14850,15080,4147,0.016857720836142898
2025-09-08,15080,15900,15080,15590,9469,0.03381962864721477
2025-09-09,15770,16210,15450,15850,12549,0.016677357280307836
2025-09-10,16000,16440,15930,16160,12565,0.019558359621451027
2025-09-11,16200,16250,15800,15800,7303,-0.022277227722772297
2025-09-12,15800,16170,15800,16050,7411,0.015822784810126667
2025-09-15,16300,16300,15820,15950,9964,-0.006230529595015577
2025-09-16,16190,16190,15810,16060,3051,0.006896551724137945
2025-09-17,16000,16040,15630,15630,9501,-0.02677459526774595
2025-09-18,15920,16050,15560,15750,7918,0.007677543186180413
2025-09-19,15930,15990,15420,15600,14628,-0.00952380952380949
2025-09-22,15600,15600,15100,15330,12859,-0.017307692307692357
2025-09-23,15380,15470,15250,15430,5767,0.006523157208088826
2025-09-24,15280,15380,14930,14980,12132,-0.029163966299416755
2025-09-25,15000,15160,15000,15030,6752,0.0033377837116155273
2025-09-26,15230,15280,14960,14980,7450,-0.003326679973386537
2025-09-29,15190,15190,14900,14920,8352,-0.004005340453938633
2025-09-30,14950,14950,14780,14780,7414,-0.009383378016085797
2025-10-01,15090,15090,14760,14800,2108,0.0013531799729364913
2025-10-02,15040,15040,14600,14820,5015,0.0013513513513514486
2025-10-10,14820,14820,13650,13650,31556,-0.07894736842105265
2025-10-13,15810,17300,14300,15460,264402,0.13260073260073257
2025-10-14,15840,19130,15500,17150,507244,0.1093143596377748
2025-10-15,17580,17750,15840,16010,141736,-0.06647230320699704
2025-10-16,16090,16100,15350,15620,35290,-0.02435977514053711
2025-10-17,15510,15540,15130,15150,26705,-0.030089628681177927
2025-10-20,15200,15380,15020,15140,13323,-0.0006600660066006236
2025-10-21,15200,15280,15010,15060,12855,-0.005284015852047519
2025-10-22,14920,15260,14920,15210,7033,0.009960159362549792
2025-10-23,15130,15380,15130,15200,8148,-0.0006574621959237748
2025-10-24,15210,15280,15120,15150,7226,-0.003289473684210509
2025-10-27,15150,15250,14990,15140,8865,-0.0006600660066006236
2025-10-28,15010,15160,14990,15090,14071,-0.0033025099075296716
2025-10-29,15070,15530,15070,15160,9908,0.004638833664678543
2025-10-30,15200,15500,14990,14990,12586,-0.01121372031662271
2025-10-31,15090,15120,14950,15050,3303,0.004002668445630464
2025-11-03,15200,15220,15010,15060,12408,0.0006644518272425071
2025-11-04,15000,15160,14910,14910,17370,-0.009960159362549792
2025-11-05,14860,14860,14200,14550,27279,-0.024144869215291798
2025-11-06,14790,14790,14350,14440,11848,-0.007560137457044647
2025-11-07,14610,14650,14200,14290,8610,-0.010387811634348987
2025-11-10,14440,14700,14420,14700,4256,0.028691392582225417
2025-11-11,14800,14800,14420,14500,6441,-0.013605442176870763
2025-11-12,14510,14750,14400,14660,6948,0.011034482758620623
2025-11-13,14660,14760,14530,14710,6255,0.003410641200545683
2025-11-14,14850,14850,14520,14520,5456,-0.01291638341264445
2025-11-17,14500,14500,14330,14380,7168,-0.009641873278236957
2025-11-18,14280,14280,14170,14190,4868,-0.013212795549374157
2025-11-19,14290,14290,14060,14200,4669,0.0007047216349542751
2025-11-20,14180,14450,14180,14440,4675,0.016901408450704203
2025-11-21,14350,14350,14180,14250,4035,-0.013157894736842146
2025-11-24,14230,14310,14160,14160,3091,-0.0063157894736841635
2025-11-25,14100,14250,14100,14200,2651,0.0028248587570620654
2025-11-26,14130,14350,14130,14280,2422,0.005633802816901401
2025-11-27,14450,15120,14340,15070,17648,0.05532212885154064
2025-11-28,15010,15070,14700,14930,8927,-0.00928998009289983
2025-12-01,14930,15110,14910,14990,4737,0.004018754186202234
2025-12-02,14910,15090,14820,14940,3990,-0.0033355570380253496
2025-12-03,15180,15180,14810,14910,3414,-0.002008032128514081
2025-12-04,14870,14980,14780,14870,7620,-0.0026827632461435824
2025-12-05,14870,15030,14730,14800,6792,-0.00470746469401484
2025-12-08,14800,14980,14760,14790,8821,-0.0006756756756757243
2025-12-09,14960,14960,14620,14700,15281,-0.006085192697768749
2025-12-10,14670,14780,14530,14610,5704,-0.006122448979591799
2025-12-11,14720,14720,14600,14680,5593,0.004791238877481119
2025-12-12,14840,14850,14640,14770,7942,0.006130790190735702
2025-12-15,15500,15950,14850,15460,42459,0.046716316858496976
2025-12-16,16800,16840,15370,15370,74898,-0.005821474773609281
2025-12-17,15770,15770,15280,15300,18903,-0.004554326610279769
2025-12-18,15290,15510,15040,15340,16365,0.002614379084967311
2025-12-19,15340,15860,15340,15860,13705,0.03389830508474567
2025-12-22,15870,16290,15870,16030,21418,0.010718789407313967
2025-12-23,16180,16180,15700,15730,15581,-0.018714909544603864
