Date,Open,High,Low,Close,Volume,Change
2022-01-03,21652,21652,20826,21002,546587,-0.028899061358487077
2022-01-04,21026,21852,20876,21652,642909,0.030949433387296388
2022-01-05,21477,21502,20926,21027,365105,-0.02886569370035097
2022-01-06,20500,20826,20350,20401,412637,-0.029771246492604764
2022-01-07,20425,21076,20300,20977,325677,0.028233910102446025
2022-01-10,20701,20901,20375,20526,218881,-0.02149973780807546
2022-01-11,20500,21176,20375,21052,458631,0.025626035272337422
2022-01-12,21226,21402,20926,21202,342210,0.007125213756412618
2022-01-13,21251,21627,20951,21002,334969,-0.009433072351664906
2022-01-14,20801,21352,20551,21127,300283,0.005951814112941545
2022-01-17,21276,21276,20776,20926,205595,-0.009513892175888716
2022-01-18,20826,21477,20726,20801,369951,-0.005973430182548034
2022-01-19,20525,21076,20275,21052,397880,0.012066727561174995
2022-01-20,20951,21326,20751,21302,342492,0.01187535626068792
2022-01-21,21026,21026,20250,20876,550402,-0.019998122242043004
2022-01-24,20726,20826,20375,20451,253804,-0.02035830618892509
2022-01-25,20450,20676,19549,19700,458175,-0.03672192068847491
2022-01-26,19674,19875,18848,19049,528826,-0.03304568527918783
2022-01-27,19049,19124,18097,18473,475571,-0.030237807758937474
2022-01-28,18273,19374,18072,19375,455690,0.04882801927136904
2022-02-03,19574,19649,18673,18874,433085,-0.025858064516129042
2022-02-04,18873,19099,18573,18774,307508,-0.005298293949348332
2022-02-07,18773,18798,17822,18148,570549,-0.033343986364120615
2022-02-08,18173,18473,17672,17923,310864,-0.012398060392329713
2022-02-09,18072,18498,17897,18498,240283,0.03208168275400314
2022-02-10,18673,18823,18173,18373,281841,-0.0067574872959238474
2022-02-11,18047,18223,17346,17722,566055,-0.035432428019376294
2022-02-14,17271,17472,16495,16671,742305,-0.059304818869202136
2022-02-15,16621,16921,16270,16321,283311,-0.02099454141923096
2022-02-16,16646,16871,16545,16821,398591,0.030635377734207436
2022-02-17,16821,17472,16520,16796,475104,-0.0014862374412936141
2022-02-18,16570,17096,16495,16971,251757,0.010419147416051544
2022-02-21,16821,17196,16520,17122,236412,0.00889753108243485
2022-02-22,16696,16996,16596,16721,252164,-0.023420161196122002
2022-02-23,16821,17121,16721,16896,231457,0.01046588122719938
2022-02-24,16771,16871,16245,16371,348087,-0.031072443181818232
2022-02-25,16721,16971,16596,16796,290658,0.025960539979231534
2022-02-28,16721,17196,16621,16997,298476,0.011967135032150411
2022-03-02,16896,17246,16796,17072,252528,0.00441254339000996
2022-03-03,17271,17447,17071,17297,324407,0.0131794751640113
2022-03-04,17346,17797,17046,17597,377691,0.01734404810082668
2022-03-07,17321,17321,16746,16821,362543,-0.04409842586804569
2022-03-08,16470,16846,16345,16646,231487,-0.010403662089055299
2022-03-10,17021,17346,16646,16821,356384,0.010513036164844447
2022-03-11,16746,16921,16646,16771,201321,-0.0029724748825872283
2022-03-14,16796,16796,16045,16120,427520,-0.038817005545286554
2022-03-15,16445,16996,16345,16471,728908,0.021774193548387055
2022-03-16,16646,16821,16495,16696,257929,0.013660372776394869
2022-03-17,16921,17221,16821,16821,380965,0.007486823191183545
2022-03-18,16921,16996,16646,16921,339897,0.0059449497651744565
2022-03-21,17021,17271,16771,16771,229589,-0.008864724307074079
2022-03-22,16721,16946,16696,16946,175929,0.010434678910023365
2022-03-23,16971,17171,16871,16921,205352,-0.0014752744010385621
2022-03-24,16871,16971,16696,16896,210997,-0.0014774540511790502
2022-03-25,16996,17346,16971,17147,335894,0.014855587121212155
2022-03-28,17171,17722,16996,17647,560927,0.029159619758558408
2022-03-29,17797,18373,17522,18348,768488,0.03972346574488572
2022-03-30,18598,18848,18348,18574,747784,0.012317418792239021
2022-03-31,19299,20125,19074,19700,2548676,0.060622375363411196
2022-04-01,19699,20150,19399,19750,812954,0.002538071065989911
2022-04-04,19724,19825,19299,19725,489975,-0.0012658227848101333
2022-04-05,19750,20125,19649,19750,429172,0.0012674271229404788
2022-04-06,19649,19950,19424,19700,413232,-0.0025316455696202667
2022-04-07,19549,20025,19524,19875,371625,0.008883248730964466
2022-04-08,20000,20000,19649,19875,321107,0.0
2022-04-11,19850,19875,19399,19600,299191,-0.01383647798742138
2022-04-12,19249,19875,19249,19750,658180,0.007653061224489832
2022-04-13,20000,20200,18800,19000,637361,-0.03797468354430378
2022-04-14,19150,19350,18850,19100,186371,0.0052631578947368585
2022-04-15,19000,19050,18700,18900,183604,-0.010471204188481686
2022-04-18,18950,19400,18900,19200,273581,0.015873015873015817
2022-04-19,19300,19650,19300,19550,155911,0.01822916666666674
2022-04-20,19550,21000,19500,20550,516217,0.051150895140664954
2022-04-21,20250,20700,20200,20400,167335,-0.007299270072992692
2022-04-22,20100,20250,19950,20150,128400,-0.01225490196078427
2022-04-25,19600,19900,19400,19400,164995,-0.037220843672456594
2022-04-26,19400,19750,19300,19600,101242,0.010309278350515427
2022-04-27,19000,19250,18850,19200,141973,-0.020408163265306145
2022-04-28,19450,19450,18850,18900,114721,-0.015625
2022-04-29,19000,19450,18950,19450,105650,0.02910052910052907
2022-05-02,18900,19250,18800,19050,129954,-0.020565552699228773
2022-05-03,19050,19700,18850,19350,196996,0.015748031496062964
2022-05-04,20250,20300,18900,18900,1091129,-0.023255813953488413
2022-05-06,18650,18750,17450,17600,712034,-0.06878306878306883
2022-05-09,17400,18200,17350,17750,703010,0.008522727272727293
2022-05-10,17400,18550,17400,18200,446658,0.025352112676056304
2022-05-11,18200,18750,17900,18650,306698,0.024725274725274637
2022-05-12,18200,18500,17800,17850,296957,-0.04289544235924936
2022-05-13,18050,18350,17900,18300,178081,0.025210084033613356
2022-05-16,18500,18500,17900,18000,248407,-0.016393442622950838
2022-05-17,17750,18100,17750,17900,205605,-0.005555555555555536
2022-05-18,18100,18400,17950,18150,256702,0.013966480446927276
2022-05-19,17700,18050,17600,17950,203194,-0.011019283746556474
2022-05-20,17900,18150,17850,18100,178927,0.008356545961002881
2022-05-23,18050,18300,17800,18050,190753,-0.002762430939226568
2022-05-24,18100,18100,17250,17350,305720,-0.03878116343490301
2022-05-25,17800,17800,17300,17350,240119,0.0
2022-05-26,17350,17700,17100,17350,209934,0.0
2022-05-27,17600,17700,17300,17400,122354,0.0028818443804035088
2022-05-30,17550,17800,17400,17650,187121,0.014367816091954033
2022-05-31,17650,17900,17550,17750,196566,0.0056657223796034994
2022-06-02,17700,17750,17500,17600,108069,-0.008450704225352101
2022-06-03,17750,17850,17550,17650,133342,0.0028409090909091717
2022-06-07,17650,17650,17000,17100,241016,-0.031161473087818692
2022-06-08,17100,17300,16850,16900,170010,-0.011695906432748537
2022-06-09,16800,17100,16550,17050,335303,0.008875739644970349
2022-06-10,16800,17500,16800,17250,232627,0.011730205278592365
2022-06-13,17050,17650,16700,17100,401826,-0.008695652173912993
2022-06-14,16750,17200,16500,16850,401253,-0.014619883040935644
2022-06-15,16700,16900,15850,15950,324055,-0.053412462908011826
2022-06-16,16400,17400,16300,16450,490079,0.03134796238244508
2022-06-17,16100,16350,15800,16200,258820,-0.015197568389057725
2022-06-20,16500,16500,14950,15150,418379,-0.06481481481481477
2022-06-21,15200,15700,14900,15300,346920,0.00990099009900991
2022-06-22,15600,15700,14200,14250,385768,-0.06862745098039214
2022-06-23,14250,14900,13750,14200,603640,-0.0035087719298245723
2022-06-24,14200,15100,14100,15100,292677,0.06338028169014076
2022-06-27,15250,15850,15000,15800,323406,0.04635761589403975
2022-06-28,15600,15950,15450,15600,197660,-0.012658227848101222
2022-06-29,15400,15650,15000,15450,215990,-0.009615384615384581
2022-06-30,15450,15450,14850,14900,165327,-0.035598705501618144
2022-07-01,14900,15150,14500,14650,191291,-0.016778523489932917
2022-07-04,14700,15000,14150,14200,211125,-0.030716723549488067
2022-07-05,14400,15000,14350,15000,155089,0.05633802816901401
2022-07-06,14850,15100,14500,14550,167649,-0.030000000000000027
2022-07-07,14650,15100,14600,14900,165149,0.02405498281786933
2022-07-08,15050,15500,15050,15150,180704,0.016778523489932917
2022-07-11,15100,15400,14850,15050,130195,-0.0066006600660065695
2022-07-12,14900,14900,14250,14350,231284,-0.046511627906976716
2022-07-13,14350,14850,14050,14850,148620,0.03484320557491283
2022-07-14,14700,15000,14450,14900,92516,0.0033670033670034627
2022-07-15,14950,15200,14450,14900,181106,0.0
2022-07-18,15200,15400,15100,15200,160706,0.020134228187919545
2022-07-19,15150,15400,14950,15250,77399,0.00328947368421062
2022-07-20,15650,15650,15250,15400,160671,0.009836065573770592
2022-07-21,15550,15650,15350,15500,113600,0.006493506493506551
2022-07-22,15550,15850,15250,15500,201407,0.0
2022-07-25,15400,15650,15100,15450,124748,-0.003225806451612856
2022-07-26,15350,15800,15300,15650,115812,0.012944983818770295
2022-07-27,15550,15750,15450,15750,74014,0.006389776357827559
2022-07-28,15900,16050,15550,15700,168858,-0.0031746031746031633
2022-07-29,15900,16200,15850,16000,166621,0.019108280254777066
2022-08-01,15900,16050,15650,15750,122507,-0.015625
2022-08-02,15700,15750,15500,15550,125793,-0.012698412698412653
2022-08-03,15550,15750,15500,15750,97975,0.012861736334405238
2022-08-04,16000,16250,15850,16000,219183,0.015873015873015817
2022-08-05,15950,16150,15850,15950,119235,-0.0031250000000000444
2022-08-08,15850,16100,15650,16000,118876,0.0031347962382444194
2022-08-09,15850,16300,15650,16100,192618,0.006250000000000089
2022-08-10,16050,16050,15350,15400,258841,-0.04347826086956519
2022-08-11,15650,16150,15650,15900,317963,0.032467532467532534
2022-08-12,15850,16550,15800,16200,402618,0.018867924528301883
2022-08-16,16300,16550,14700,15200,1270151,-0.06172839506172845
2022-08-17,15200,15650,15200,15350,408088,0.009868421052631637
2022-08-18,15150,15250,14850,15000,247561,-0.0228013029315961
2022-08-19,15300,15300,14800,14800,214798,-0.013333333333333308
2022-08-22,14700,14700,14150,14200,322013,-0.04054054054054057
2022-08-23,14050,14100,13450,13550,603139,-0.045774647887323994
2022-08-24,13850,14350,13600,14300,415678,0.05535055350553497
2022-08-25,14450,14900,14250,14850,337493,0.03846153846153855
2022-08-26,15050,15100,14700,14750,248549,-0.006734006734006703
2022-08-29,14000,14600,14000,14400,340706,-0.023728813559321993
2022-08-30,14600,15100,14450,14950,230038,0.03819444444444442
2022-08-31,14700,15350,14700,15150,275376,0.013377926421404673
2022-09-01,14900,15450,14750,15000,333844,-0.00990099009900991
2022-09-02,15300,16200,15200,16000,1218911,0.06666666666666665
2022-09-05,15950,16150,15300,15450,625016,-0.034375000000000044
2022-09-06,15350,16000,15350,15750,427233,0.01941747572815533
2022-09-07,15650,15700,15300,15400,274572,-0.022222222222222254
2022-09-08,15650,15650,14950,15300,500792,-0.00649350649350644
2022-09-13,15600,16100,15300,16050,553688,0.0490196078431373
2022-09-14,15400,16550,15350,16400,729593,0.02180685358255441
2022-09-15,16650,16700,16100,16250,467503,-0.009146341463414642
2022-09-16,16000,16350,15800,16000,390590,-0.01538461538461533
2022-09-19,16000,17300,15800,16650,1541848,0.04062499999999991
2022-09-20,17350,17800,17100,17450,1188785,0.048048048048048075
2022-09-21,17450,18050,17250,17850,1008633,0.022922636103151817
2022-09-22,17650,17850,17250,17800,526773,-0.0028011204481792618
2022-09-23,17800,17800,17250,17300,480888,-0.028089887640449396
2022-09-26,17300,17550,16700,17150,911135,-0.00867052023121384
2022-09-27,16950,17200,15200,15700,1766578,-0.08454810495626819
2022-09-28,16350,16700,15450,15800,1363599,0.006369426751592355
2022-09-29,16350,17100,16200,16350,1022992,0.034810126582278444
2022-09-30,15950,16150,15150,15600,1067583,-0.04587155963302747
2022-10-04,15950,16450,15700,16300,610553,0.044871794871794934
2022-10-05,16600,16700,15350,15450,604974,-0.05214723926380371
2022-10-06,15550,16050,15500,16000,354021,0.03559870550161803
2022-10-07,15800,16350,15650,16150,346823,0.009374999999999911
2022-10-11,15600,15650,14650,14850,444150,-0.08049535603715174
2022-10-12,14900,15100,14450,14850,282457,0.0
2022-10-13,14700,14800,14050,14050,347661,-0.05387205387205385
2022-10-14,14600,15400,14550,15050,546295,0.07117437722419928
2022-10-17,14600,15350,14550,15200,190667,0.009966777408637828
2022-10-18,15600,15950,15400,15900,315359,0.046052631578947345
2022-10-19,15850,15950,15250,15350,310787,-0.03459119496855345
2022-10-20,15350,15550,14950,15100,223737,-0.016286644951140072
2022-10-21,14950,15400,14800,14800,228603,-0.019867549668874163
2022-10-24,15200,15600,15100,15300,230689,0.03378378378378377
2022-10-25,15300,15550,15100,15200,144009,-0.006535947712418277
2022-10-26,15200,15250,14800,14850,157140,-0.023026315789473673
2022-10-27,15000,15000,14650,14900,223528,0.0033670033670034627
2022-10-28,14800,14850,14550,14650,143711,-0.016778523489932917
2022-10-31,14900,15000,14650,14700,137457,0.0034129692832765013
2022-11-01,14650,14650,14400,14600,210633,-0.006802721088435382
2022-11-02,14600,15250,14500,14750,542015,0.010273972602739656
2022-11-03,14350,14800,14200,14650,308191,-0.006779661016949157
2022-11-04,14400,14600,14050,14250,367862,-0.027303754266211566
2022-11-07,14400,15250,14350,15000,536823,0.05263157894736836
2022-11-08,15000,15350,15000,15250,307780,0.016666666666666607
2022-11-09,15400,15650,15250,15350,278347,0.006557377049180246
2022-11-10,15200,15300,14900,14950,277426,-0.026058631921824116
2022-11-11,15650,16100,15500,16050,725720,0.0735785953177257
2022-11-14,16300,16350,15500,15550,702403,-0.031152647975077885
2022-11-15,15650,16250,15650,16200,528016,0.04180064308681675
2022-11-16,16100,16150,15700,15750,334116,-0.02777777777777779
2022-11-17,15900,16200,15750,16100,389612,0.022222222222222143
2022-11-18,16100,16400,15850,15850,435535,-0.01552795031055898
2022-11-21,15950,16550,15600,16350,778340,0.03154574132492116
2022-11-22,16250,16450,15900,16050,328647,-0.01834862385321101
2022-11-23,16200,16250,15750,15900,248542,-0.009345794392523366
2022-11-24,15950,16500,15900,16350,364674,0.028301886792452935
2022-11-25,16400,16850,16300,16500,341779,0.00917431192660545
2022-11-28,16600,16650,15800,15950,284235,-0.033333333333333326
2022-11-29,15800,16350,15800,16200,220724,0.01567398119122254
2022-11-30,16150,16500,16000,16250,194857,0.0030864197530864335
2022-12-01,16600,16850,16250,16400,295448,0.009230769230769154
2022-12-02,16250,16700,16200,16300,222872,-0.0060975609756097615
2022-12-05,16350,16600,16000,16050,263588,-0.015337423312883458
2022-12-06,15950,16250,15400,15500,262362,-0.034267912772585674
2022-12-07,15300,15550,15150,15300,183662,-0.012903225806451646
2022-12-08,15200,16050,15200,15600,377110,0.019607843137254832
2022-12-09,15800,17500,15700,17500,2160838,0.1217948717948718
2022-12-12,17650,17950,17100,17350,979406,-0.008571428571428563
2022-12-13,17350,17450,16900,17250,531860,-0.0057636887608069065
2022-12-14,17200,18750,17100,18600,2008538,0.07826086956521738
2022-12-15,18450,18950,18350,18800,1161254,0.010752688172043001
2022-12-16,18500,19050,18400,18650,1067016,-0.007978723404255317
2022-12-19,18450,18950,17950,18750,674840,0.00536193029490617
2022-12-20,18650,18950,18250,18500,585294,-0.013333333333333308
2022-12-21,18700,19000,18400,18550,547026,0.002702702702702675
2022-12-22,18750,18950,18300,18700,462227,0.008086253369272267
2022-12-23,18450,18550,18050,18250,658208,-0.024064171122994638
2022-12-26,18350,18350,17650,17950,444056,-0.016438356164383605
2022-12-27,18100,18500,18100,18500,574964,0.03064066852367686
2022-12-28,18200,18300,17900,18100,392755,-0.021621621621621623
2022-12-29,17950,18050,17250,17500,527029,-0.03314917127071826
2023-01-02,17700,17900,16950,17050,348907,-0.02571428571428569
2023-01-03,17100,17550,16650,17300,316600,0.014662756598240456
2023-01-04,17150,17600,17000,17400,262694,0.005780346820809301
2023-01-05,17500,17550,16650,16700,343211,-0.04022988505747127
2023-01-06,16500,17050,16500,16800,412426,0.0059880239520957446
2023-01-09,17100,17400,16650,17000,384839,0.011904761904761862
2023-01-10,16850,17000,16300,16400,448563,-0.03529411764705881
2023-01-11,16500,17000,16500,16900,434095,0.030487804878048808
2023-01-12,17050,17100,16600,16950,258407,0.002958579881656709
2023-01-13,16950,17100,15950,16200,1102106,-0.04424778761061943
2023-01-16,16250,16500,16050,16500,469740,0.0185185185185186
2023-01-17,16550,16550,16100,16150,290982,-0.021212121212121238
2023-01-18,16200,16300,16000,16100,239055,-0.003095975232198178
2023-01-19,15900,16100,15750,16050,286734,-0.0031055900621117516
2023-01-20,16050,16450,16000,16400,359893,0.02180685358255441
2023-01-25,16500,16600,16200,16340,292830,-0.003658536585365857
2023-01-26,16650,16840,16340,16450,416099,0.006731946144430845
2023-01-27,16580,16580,16390,16410,278598,-0.002431610942249196
2023-01-30,16500,16590,16230,16320,264444,-0.005484460694698323
2023-01-31,16250,16310,16140,16290,282486,-0.0018382352941176405
2023-02-01,16360,16820,16360,16710,495897,0.025782688766114115
2023-02-02,17000,17100,16830,16920,459263,0.012567324955116588
2023-02-03,16950,17110,16700,16910,319236,-0.0005910165484633856
2023-02-06,16740,17060,16570,16910,275258,0.0
2023-02-07,16860,17160,16860,17020,268043,0.006505026611472564
2023-02-08,17170,17380,17110,17290,309918,0.015863689776733247
2023-02-09,17240,17400,17100,17300,211275,0.0005783689994216523
2023-02-10,17330,17330,16820,16820,301237,-0.02774566473988438
2023-02-13,16720,16940,16420,16860,255665,0.0023781212841855748
2023-02-14,16970,17270,16720,16800,238652,-0.003558718861209953
2023-02-15,16790,16930,16260,16370,350355,-0.025595238095238115
2023-02-16,16490,17170,16450,17080,432416,0.04337202199144774
2023-02-17,16750,16750,16440,16550,368177,-0.031030444964871173
2023-02-20,16590,16970,16360,16950,257493,0.024169184290030232
2023-02-21,16870,17030,16480,16570,348806,-0.022418879056047225
2023-02-22,16320,16980,16100,16500,655401,-0.004224502112251005
2023-02-23,16660,16950,16490,16950,278408,0.027272727272727337
2023-02-24,16890,17250,16790,17160,430189,0.012389380530973382
2023-02-27,17030,17090,16700,16890,238642,-0.01573426573426573
2023-02-28,16980,17080,16410,17040,474331,0.008880994671403242
2023-03-02,17100,17310,16540,16620,434706,-0.02464788732394363
2023-03-03,16640,18420,16610,18120,2294972,0.09025270758122739
2023-03-06,18200,18850,18130,18850,1225197,0.04028697571743933
2023-03-07,18900,19570,18700,19010,1310999,0.008488063660477385
2023-03-08,18830,19700,18790,19400,879219,0.02051551814834296
2023-03-09,19500,19760,18940,19070,597387,-0.017010309278350566
2023-03-10,18680,18920,18410,18570,393210,-0.026219192448872608
2023-03-13,18530,18660,18000,18100,457922,-0.025309639203015655
2023-03-14,18010,18050,16910,17150,698398,-0.0524861878453039
2023-03-15,17680,17970,17270,17500,590134,0.020408163265306145
2023-03-16,17520,17900,17040,17520,434633,0.0011428571428571122
2023-03-17,17970,18980,17810,18520,826259,0.057077625570776336
2023-03-20,18400,18590,17930,18020,423873,-0.02699784017278617
2023-03-21,18100,18190,17560,17670,355069,-0.01942286348501665
2023-03-22,17710,18080,17390,17950,437212,0.015846066779852785
2023-03-23,17750,18210,17600,17950,453366,0.0
2023-03-24,18110,18600,17950,18400,529065,0.025069637883008422
2023-03-27,18440,18490,17870,18160,361754,-0.013043478260869601
2023-03-28,18160,18550,17790,18450,457390,0.0159691629955947
2023-03-29,18330,18490,18100,18350,377829,-0.005420054200542035
2023-03-30,18530,19040,18520,18550,562237,0.01089918256130784
2023-03-31,18540,18670,18040,18150,435891,-0.021563342318059342
2023-04-03,18170,18430,17950,18320,376260,0.009366391184572942
2023-04-04,18290,18490,17920,17990,367627,-0.01801310043668125
2023-04-05,17990,18410,17960,18300,333685,0.017231795441912112
2023-04-06,18210,18210,17550,17590,394551,-0.03879781420765027
2023-04-07,17670,17850,17420,17640,394288,0.002842524161455362
2023-04-10,17580,17590,17120,17380,317917,-0.01473922902494329
2023-04-11,17360,18350,17320,17980,591841,0.034522439585730647
2023-04-12,17930,18300,17730,17980,308245,0.0
2023-04-13,18000,18150,17600,18100,235931,0.006674082313681939
2023-04-14,18200,18240,17880,18020,285593,-0.0044198895027623974
2023-04-17,17960,18150,17770,18080,268544,0.0033296337402886067
2023-04-18,18000,18880,17700,18820,892865,0.04092920353982299
2023-04-19,18870,19000,18550,18640,509337,-0.009564293304994642
2023-04-20,18790,18820,18030,18050,467190,-0.031652360515021405
2023-04-21,18050,18100,17170,17360,1806369,-0.03822714681440442
2023-04-24,17460,17840,16770,16830,916766,-0.03052995391705071
2023-04-25,16840,16970,16150,16310,613515,-0.030897207367795554
2023-04-26,16310,16670,16010,16200,327901,-0.006744328632740659
2023-04-27,16210,16280,15830,16060,258361,-0.00864197530864197
2023-04-28,16200,16450,15780,16000,315384,-0.0037359900373599153
2023-05-02,16030,16150,15910,16110,176520,0.0068749999999999645
2023-05-03,15950,16560,15860,16180,313012,0.004345127250155123
2023-05-04,16390,16450,15980,16090,184240,-0.005562422744128548
2023-05-08,16250,16770,16140,16710,365698,0.03853325046612799
2023-05-09,16610,17420,16520,17190,556031,0.02872531418312385
2023-05-10,17220,17320,16800,17090,217364,-0.005817335660267653
2023-05-11,17180,17660,17150,17570,409040,0.028086600351082458
2023-05-12,17500,17680,17250,17430,231672,-0.007968127490039834
2023-05-15,17430,17520,16820,17270,216153,-0.009179575444635657
2023-05-16,16980,17070,15750,15970,1293797,-0.0752750434279097
2023-05-17,15940,15970,15410,15660,683271,-0.019411396368190337
2023-05-18,15720,16000,15590,15910,292720,0.015964240102171123
2023-05-19,16000,16320,16000,16300,370497,0.024512884978001193
2023-05-22,16340,16570,16180,16430,266942,0.00797546012269934
2023-05-23,16430,16520,16250,16430,257700,0.0
2023-05-24,16310,16480,16220,16380,318356,-0.0030432136335970528
2023-05-25,16370,16580,16300,16500,212261,0.0073260073260073
2023-05-26,16550,16860,16480,16560,229013,0.0036363636363636598
2023-05-30,16720,16890,16640,16730,209732,0.010265700483091722
2023-05-31,16760,16940,16600,16600,167264,-0.0077704722056186615
2023-06-01,16530,16900,16530,16840,170465,0.014457831325301207
2023-06-02,16960,17090,16870,16950,183138,0.0065320665083135054
2023-06-05,17020,17050,16730,16940,168686,-0.0005899705014749124
2023-06-07,17000,17830,17000,17400,538607,0.027154663518299982
2023-06-08,17300,17370,17090,17290,220705,-0.006321839080459801
2023-06-09,17290,17410,17080,17100,218477,-0.01098901098901095
2023-06-12,17230,17550,17010,17270,258375,0.009941520467836362
2023-06-13,17380,17810,17340,17550,389462,0.01621308627678064
2023-06-14,17900,17920,17220,17330,349676,-0.012535612535612528
2023-06-15,17390,17920,17150,17800,405355,0.027120600115406734
2023-06-16,17750,18660,17740,18360,733171,0.03146067415730336
2023-06-19,18180,18950,18160,18910,653659,0.029956427015250586
2023-06-20,18950,21150,18770,21000,3389617,0.11052353252247493
2023-06-21,20650,21300,20450,20650,1309335,-0.01666666666666672
2023-06-22,20500,21000,19900,20100,875731,-0.0266343825665859
2023-06-23,20350,20600,20050,20350,580826,0.01243781094527363
2023-06-26,20350,20400,19250,19600,611268,-0.03685503685503688
2023-06-27,19720,20150,19270,19650,749818,0.0025510204081633514
2023-06-28,19800,19890,19150,19280,391001,-0.018829516539440205
2023-06-29,19280,19550,19150,19370,266970,0.004668049792531104
2023-06-30,19350,19650,18860,19570,441729,0.01032524522457412
2023-07-03,19700,19700,19110,19270,392982,-0.015329586101175297
2023-07-04,19280,20000,19160,19650,619603,0.019719771665801744
2023-07-05,19660,19850,19240,19800,458826,0.007633587786259444
2023-07-06,19970,20200,19230,19260,519093,-0.027272727272727226
2023-07-07,19180,19400,18700,18800,363315,-0.023883696780893082
2023-07-10,18800,19010,18270,18590,444908,-0.011170212765957421
2023-07-11,18770,18900,18320,18650,315166,0.0032275416890801267
2023-07-12,18650,18720,18220,18650,324693,0.0
2023-07-13,18720,19160,18600,18730,375402,0.00428954423592498
2023-07-14,18880,18880,17820,18350,876226,-0.020288307528029903
2023-07-17,18290,18520,18100,18370,375760,0.0010899182561308063
2023-07-18,18520,18630,18030,18160,383995,-0.011431682090364714
2023-07-19,18240,18520,18030,18360,356058,0.011013215859030812
2023-07-20,18360,18420,17940,18210,301145,-0.008169934640522847
2023-07-21,18150,18150,17770,17820,253740,-0.021416803953871466
2023-07-24,17820,17990,17210,17820,362580,0.0
2023-07-25,17750,17820,17180,17360,483318,-0.02581369248035914
2023-07-26,17190,17210,16200,16390,1012663,-0.055875576036866326
2023-07-27,16500,16800,16110,16590,463839,0.01220256253813301
2023-07-28,16690,17740,16510,17500,600012,0.05485232067510548
2023-07-31,17510,17510,17100,17380,250040,-0.006857142857142895
2023-08-01,17380,17510,17150,17360,322134,-0.0011507479861909697
2023-08-02,17360,17460,16200,16400,858876,-0.055299539170506895
2023-08-03,16410,16410,15700,16030,690101,-0.022560975609756118
2023-08-04,16030,16080,15580,15680,697940,-0.02183406113537123
2023-08-07,15710,15950,15340,15550,582056,-0.008290816326530615
2023-08-08,15750,15750,15060,15140,604251,-0.026366559485530572
2023-08-09,15230,15890,15140,15730,651043,0.0389696169088507
2023-08-10,15670,15670,15330,15380,406627,-0.022250476795931395
2023-08-11,15340,15660,15320,15500,307169,0.007802340702210753
2023-08-14,15500,15500,15170,15350,293255,-0.009677419354838679
2023-08-16,14680,15390,14630,15160,758131,-0.01237785016286641
2023-08-17,15000,16040,14530,15580,992140,0.02770448548812654
2023-08-18,15600,15600,14710,14770,806513,-0.051989730423619984
2023-08-21,14710,14880,14590,14620,328996,-0.010155721056195
2023-08-22,14660,15240,14510,15110,636241,0.03351573187414503
2023-08-23,15200,16000,15010,15700,943376,0.03904698874917267
2023-08-24,15710,15950,15220,15910,650216,0.013375796178344057
2023-08-25,15730,15950,15450,15830,459988,-0.005028284098051561
2023-08-28,15920,15920,15300,15550,409237,-0.017687934301958252
2023-08-29,15590,16190,15590,16050,526034,0.03215434083601276
2023-08-30,16170,16390,15910,16220,434605,0.010591900311526459
2023-08-31,16350,16350,15960,16100,276054,-0.007398273736128225
2023-09-01,16010,16340,15940,16090,271412,-0.0006211180124223725
2023-09-04,16090,16180,15910,16050,212390,-0.0024860161591050423
2023-09-05,15990,16150,15760,15920,220311,-0.008099688473520272
2023-09-06,15870,15910,15650,15660,257831,-0.01633165829145733
2023-09-07,15500,15790,15380,15410,265030,-0.015964240102171123
2023-09-08,15410,15550,15250,15400,164179,-0.0006489292667098967
2023-09-11,15360,15560,15210,15470,215738,0.00454545454545463
2023-09-12,15500,15800,15450,15720,322540,0.01616031027795728
2023-09-13,15760,16160,15210,15830,621488,0.006997455470737934
2023-09-14,16160,16260,15490,15880,700456,0.0031585596967782514
2023-09-15,15900,16090,15760,15920,407698,0.0025188916876575096
2023-09-18,15740,15760,15250,15340,379978,-0.03643216080402012
2023-09-19,15340,16170,15300,15920,1418595,0.03780964797913944
2023-09-20,15810,16600,15630,15800,967459,-0.007537688442211032
2023-09-21,15620,15630,15150,15360,386510,-0.027848101265822822
2023-09-22,15110,16000,15000,15680,617233,0.02083333333333326
2023-09-25,15550,15640,15320,15430,254138,-0.015943877551020447
2023-09-26,15430,15480,15000,15240,279116,-0.012313674659753748
2023-09-27,15060,15700,15010,15670,271399,0.028215223097112885
2023-10-04,15270,15800,15110,15220,424571,-0.02871729419272495
2023-10-05,15450,15580,15150,15310,227533,0.005913272010512394
2023-10-06,15280,15580,15280,15560,154440,0.016329196603527052
2023-10-10,15560,15800,15190,15250,233226,-0.019922879177377895
2023-10-11,15390,15700,15390,15530,192779,0.018360655737704956
2023-10-12,15530,15730,15470,15690,211580,0.010302640051513157
2023-10-13,15590,16060,15560,15920,300752,0.014659018483110353
2023-10-16,15850,16000,15520,15950,252744,0.0018844221105527303
2023-10-17,16100,17700,16000,17650,1987674,0.10658307210031337
2023-10-18,17700,18260,17470,17680,1176776,0.0016997167138810276
2023-10-19,17400,17400,16600,16920,775421,-0.042986425339366474
2023-10-20,16690,16800,16120,16770,611817,-0.00886524822695034
2023-10-23,16610,17060,16430,17030,419572,0.015503875968992276
2023-10-24,17200,17380,16970,17350,486363,0.01879036993540817
2023-10-25,17420,17420,16550,17000,515586,-0.02017291066282423
2023-10-26,16480,16930,16100,16730,488320,-0.01588235294117646
2023-10-27,16730,16850,16390,16630,358705,-0.005977286312014329
2023-10-30,16480,16950,16480,16870,394338,0.014431749849669329
2023-10-31,16870,16880,16400,16690,295966,-0.010669828097213951
2023-11-01,16840,17280,16550,16640,606614,-0.0029958058717795
2023-11-02,16810,16910,16430,16790,606418,0.009014423076923128
2023-11-03,16740,17720,16560,17650,833295,0.05122096486003569
2023-11-06,18000,19060,17520,18650,1624823,0.056657223796033884
2023-11-07,18670,18670,17640,18100,845987,-0.029490616621983934
2023-11-08,18090,18180,17590,17790,468916,-0.017127071823204387
2023-11-09,17670,17900,17240,17430,319178,-0.0202360876897133
2023-11-10,17210,17800,17000,17770,253907,0.019506597819850757
2023-11-13,17820,18010,17650,17810,317754,0.0022509848058525073
2023-11-14,17810,18100,16630,17020,812902,-0.044357102751263366
2023-11-15,17130,18750,16890,18400,1480311,0.08108108108108114
2023-11-16,18520,19330,18420,19020,1220082,0.033695652173913127
2023-11-17,18930,18950,18380,18620,349433,-0.02103049421661407
2023-11-20,18610,18650,18220,18290,245344,-0.01772287862513422
2023-11-21,18420,18450,18150,18430,240367,0.007654455986878084
2023-11-22,18300,18580,18240,18520,230526,0.004883342376559963
2023-11-23,18590,18590,18240,18420,153362,-0.005399568034557212
2023-11-24,18420,18670,18290,18550,203626,0.007057546145494031
2023-11-27,18550,18550,18160,18400,178768,-0.008086253369272267
2023-11-28,18500,18830,18020,18790,326469,0.02119565217391295
2023-11-29,18820,19670,18570,19060,1387328,0.014369345396487487
2023-11-30,19200,19340,18720,19040,470256,-0.0010493179433368471
2023-12-01,18950,19560,18870,18970,348833,-0.003676470588235281
2023-12-04,19150,19150,18340,18420,279284,-0.028993147074327874
2023-12-05,18320,18420,17910,17980,248439,-0.023887079261672106
2023-12-06,18150,18560,18020,18540,172495,0.031145717463848754
2023-12-07,18450,18500,18050,18200,153888,-0.01833872707659112
2023-12-08,18200,18300,17830,18100,223831,-0.005494505494505475
2023-12-11,18050,18320,18030,18270,109390,0.00939226519337022
2023-12-12,18270,18460,18130,18280,150758,0.0005473453749316182
2023-12-13,18300,18440,18150,18320,136367,0.002188183807439792
2023-12-14,18490,18600,17950,18140,361424,-0.009825327510917026
2023-12-15,18170,18370,17700,17800,457259,-0.018743109151047377
2023-12-18,17900,18310,17890,18070,219417,0.015168539325842723
2023-12-19,17950,18200,17950,18000,145118,-0.00387382401770886
2023-12-20,18020,18370,17890,17890,215343,-0.006111111111111067
2023-12-21,17900,17910,16330,17000,1371706,-0.049748462828395734
2023-12-22,17000,17140,16450,16780,430406,-0.012941176470588234
2023-12-26,16790,16970,16630,16820,262780,0.0023837902264600697
2023-12-27,16700,17940,16700,17890,524819,0.0636147443519619
2023-12-28,17730,18170,17710,18140,223055,0.013974287311347089
2024-01-02,17960,18520,17870,18310,342266,0.009371554575523744
2024-01-03,18000,18340,17880,18210,229319,-0.005461496450027359
2024-01-04,18260,18860,18150,18790,472539,0.0318506315211422
2024-01-05,18790,19450,18570,19330,584209,0.028738690792974975
2024-01-08,19370,19600,19010,19550,409726,0.011381272633212536
2024-01-09,19580,19780,19300,19510,384096,-0.002046035805626567
2024-01-10,19660,19660,19200,19300,235275,-0.010763710917478186
2024-01-11,19450,20500,19430,19740,812788,0.022797927461139844
2024-01-12,19980,19980,19170,19290,352233,-0.022796352583586588
2024-01-15,19500,20150,19060,20050,630289,0.039398652151373836
2024-01-16,20200,20200,19370,19840,344927,-0.010473815461346625
2024-01-17,19840,20200,19490,19950,503330,0.005544354838709742
2024-01-18,20050,20100,19510,20000,347119,0.0025062656641603454
2024-01-19,20300,20650,19750,20050,633016,0.0024999999999999467
2024-01-22,20250,20250,18850,19760,547696,-0.014463840399002503
2024-01-23,19630,20000,19400,19810,302504,0.0025303643724696734
2024-01-24,19800,20200,19510,20100,365470,0.01463907117617369
2024-01-25,19860,19960,19260,19300,269179,-0.03980099502487566
2024-01-26,19240,19720,19120,19570,326048,0.013989637305699576
2024-01-29,19570,19930,19350,19730,225526,0.00817577925396007
2024-01-30,19730,19730,18950,19160,304022,-0.028890015205271125
2024-01-31,19150,19320,18520,18700,248296,-0.024008350730688965
2024-02-01,18450,19120,17990,18330,427014,-0.019786096256684482
2024-02-02,18620,18840,18400,18740,302363,0.02236770321876702
2024-02-05,18550,18880,18260,18830,195369,0.0048025613660618305
2024-02-06,18810,18910,18260,18840,218535,0.0005310674455656361
2024-02-07,18850,19220,18650,19040,189458,0.010615711252653925
2024-02-08,19270,19340,18830,19190,193268,0.007878151260504174
2024-02-13,19250,22300,19240,21450,2814786,0.11776967170401242
2024-02-14,21450,22750,21250,22500,2490204,0.04895104895104896
2024-02-15,22750,22850,22150,22400,921773,-0.004444444444444473
2024-02-16,22300,22300,21550,21750,691040,-0.029017857142857095
2024-02-19,21750,22200,21350,21900,469691,0.006896551724137945
2024-02-20,21750,22100,21350,21750,416412,-0.006849315068493178
2024-02-21,21500,22150,21250,21650,443807,-0.0045977011494252595
2024-02-22,21650,22150,21400,21650,269304,0.0
2024-02-23,21700,22050,20950,21250,544797,-0.018475750577367167
2024-02-26,21200,21300,20500,20700,374064,-0.025882352941176467
2024-02-27,20850,21050,20450,20550,248335,-0.007246376811594235
2024-02-28,20350,20600,19950,19970,1144792,-0.028223844282238453
2024-02-29,19970,20800,19760,20450,289378,0.02403605408112175
2024-03-04,20650,20700,20100,20650,284487,0.009779951100244544
2024-03-05,20450,21250,20400,21250,324781,0.029055690072639306
2024-03-06,21050,22250,20900,21400,618239,0.007058823529411784
2024-03-07,21450,22600,21400,22000,662971,0.028037383177569986
2024-03-08,22000,22550,21850,21950,322478,-0.002272727272727315
2024-03-11,22200,23150,22100,22350,554613,0.018223234624145768
2024-03-12,22550,22550,21550,22150,272896,-0.008948545861297563
2024-03-13,22300,22600,21900,22600,360744,0.020316027088036037
2024-03-14,22600,22600,21550,21600,318554,-0.04424778761061943
2024-03-15,21750,23400,21750,22750,700672,0.0532407407407407
2024-03-18,23250,24900,23000,23400,1864414,0.02857142857142847
2024-03-19,23350,23800,22850,23100,420549,-0.012820512820512775
2024-03-20,23200,23450,22800,23250,323633,0.006493506493506551
2024-03-21,23400,25200,23400,24850,1526579,0.0688172043010753
2024-03-22,25150,25650,24550,24800,837854,-0.002012072434607659
2024-03-25,25000,25700,24550,25000,607417,0.008064516129032251
2024-03-26,25050,25200,24250,24450,498561,-0.02200000000000002
2024-03-27,24850,25500,24100,25350,562398,0.036809815950920255
2024-03-28,25350,26100,24650,25300,721239,-0.0019723865877712132
2024-03-29,25550,26250,25250,25500,533638,0.007905138339920903
2024-04-01,25800,26350,25050,25500,589808,0.0
2024-04-02,25500,25600,24300,24900,619814,-0.02352941176470591
2024-04-03,24500,24750,24000,24300,346843,-0.02409638554216864
2024-04-04,24500,24800,24000,24300,1708755,0.0
2024-04-05,23850,24300,23650,23750,372341,-0.02263374485596703
2024-04-08,23900,23950,23050,23300,352269,-0.0189473684210526
2024-04-09,23300,24150,23100,23750,235426,0.0193133047210301
2024-04-11,23600,24950,23500,24500,355046,0.03157894736842115
2024-04-12,24750,25150,24400,24800,274156,0.012244897959183598
2024-04-15,24400,24900,24350,24450,219612,-0.014112903225806495
2024-04-16,24250,24300,23100,23250,433942,-0.049079754601227044
2024-04-17,23500,24050,23100,23450,405647,0.008602150537634357
2024-04-18,23650,23800,22950,23700,279507,0.010660980810234477
2024-04-19,23450,23450,22500,23200,376548,-0.021097046413502074
2024-04-22,23250,23450,22700,23250,270098,0.0021551724137931494
2024-04-23,23250,23750,22950,23500,219121,0.010752688172043001
2024-04-24,23950,25400,23800,25300,564474,0.07659574468085117
2024-04-25,25200,26700,25000,26050,960408,0.029644268774703608
2024-04-26,26100,27950,22050,23500,6085886,-0.09788867562380044
2024-04-29,23100,25900,23100,25900,1658204,0.10212765957446801
2024-04-30,25950,25950,24400,24700,782588,-0.04633204633204635
2024-05-02,24050,26350,23400,25550,1575072,0.03441295546558698
2024-05-03,26300,27350,25750,26950,1834525,0.0547945205479452
2024-05-07,27250,27550,26000,27050,1072374,0.0037105751391466324
2024-05-08,27050,27250,25850,26300,591690,-0.027726432532347522
2024-05-09,0,0,0,26300,0,0.0
2024-05-10,0,0,0,26300,0,0.0
2024-05-13,0,0,0,26300,0,0.0
2024-05-14,0,0,0,26300,0,0.0
2024-05-16,26100,26950,24300,25500,1592118,-0.03041825095057038
2024-05-17,25600,26900,24750,25200,897395,-0.0117647058823529
2024-05-20,25200,26050,24550,24850,609522,-0.01388888888888884
2024-05-21,25200,26750,24850,25800,684108,0.03822937625754519
2024-05-22,26400,28900,25950,27850,2030399,0.07945736434108519
2024-05-23,28500,30900,27750,30900,2432180,0.10951526032315972
2024-05-24,30050,31650,29750,31300,1270707,0.012944983818770295
2024-05-27,31300,36250,31300,32750,3358595,0.0463258785942493
2024-05-28,32400,33450,30000,31950,3833222,-0.02442748091603053
2024-05-29,32400,33000,31600,32400,1373100,0.014084507042253502
2024-05-30,32050,33250,30900,32150,1279154,-0.007716049382716084
2024-05-31,32650,32700,31300,32600,915027,0.013996889580093264
2024-06-03,32300,32550,29850,31350,1343770,-0.03834355828220859
2024-06-04,30850,30950,29900,30100,804753,-0.03987240829346095
2024-06-05,29550,30400,28950,29050,1089565,-0.03488372093023251
2024-06-07,29000,29700,28150,29300,1020919,0.008605851979345935
2024-06-10,29000,31000,29000,30000,967038,0.023890784982935065
2024-06-11,30050,31350,29000,30300,985241,0.010000000000000009
2024-06-12,30000,30550,29000,29350,713482,-0.031353135313531344
2024-06-13,29650,30200,28850,29500,904040,0.005110732538330387
2024-06-14,29550,29550,28450,29000,633753,-0.016949152542372836
2024-06-17,28500,29250,28450,29000,325727,0.0
2024-06-18,29050,29150,28400,28500,853425,-0.017241379310344862
2024-06-19,28250,28750,27900,28350,506854,-0.0052631578947368585
2024-06-20,28400,29350,27950,28700,571131,0.012345679012345734
2024-06-21,28250,28350,27250,28300,807418,-0.013937282229965153
2024-06-24,28550,28550,26700,27100,629653,-0.04240282685512364
2024-06-25,26700,27000,26100,26700,628358,-0.014760147601476037
2024-06-26,27200,28350,26750,27750,603157,0.0393258426966292
2024-06-27,28000,28850,27500,28100,449765,0.012612612612612706
2024-06-28,29300,30900,28500,30700,1295385,0.092526690391459
2024-07-01,29900,30300,28600,28900,772874,-0.05863192182410426
2024-07-02,28700,30150,28250,29100,685695,0.006920415224913601
2024-07-03,31000,34050,30400,34050,4697917,0.17010309278350522
2024-07-04,34150,34800,32600,32800,2092736,-0.03671071953010274
2024-07-05,34200,35550,31200,31850,3147675,-0.02896341463414631
2024-07-08,32000,32900,31400,32550,1112661,0.0219780219780219
2024-07-09,33650,34800,32300,32700,1809810,0.004608294930875667
2024-07-10,34100,35500,32300,32750,5756417,0.001529051987767538
2024-07-11,33350,34750,32750,34450,3355479,0.051908396946564794
2024-07-12,33500,34100,31400,31500,2400866,-0.08563134978229314
2024-07-15,32200,33600,31950,32700,1222240,0.03809523809523818
2024-07-16,32000,32400,30600,31250,1426149,-0.04434250764525993
2024-07-17,30950,31250,28900,29200,1649440,-0.06559999999999999
2024-07-18,28600,29450,28450,29250,879027,0.001712328767123239
2024-07-19,29250,30000,28550,29900,853638,0.022222222222222143
2024-07-22,29700,29850,27200,27300,1519857,-0.08695652173913049
2024-07-23,27900,29100,27100,28500,1249477,0.04395604395604402
2024-07-24,28000,29000,27200,27350,1159197,-0.04035087719298247
2024-07-25,26250,26700,25700,26450,1056908,-0.03290676416819016
2024-07-26,26400,27100,26100,26450,683955,0.0
2024-07-29,26800,27150,26400,26850,592183,0.01512287334593565
2024-07-30,27200,27250,25850,26550,520377,-0.011173184357541888
2024-07-31,26400,27350,26000,27100,397520,0.020715630885122405
2024-08-01,27500,27850,27000,27200,350731,0.0036900369003689537
2024-08-02,26300,26650,24900,25350,810461,-0.06801470588235292
2024-08-05,24300,24800,21550,22750,1275062,-0.10256410256410253
2024-08-06,23000,24550,23000,23700,729837,0.04175824175824183
2024-08-07,23500,24400,23200,24000,544196,0.012658227848101333
2024-08-08,23850,26600,23700,26000,1133367,0.08333333333333326
2024-08-09,26600,27800,26600,26950,772861,0.03653846153846163
2024-08-12,27200,27400,26650,27050,264264,0.0037105751391466324
2024-08-13,27050,27400,26250,26750,315744,-0.011090573012939031
2024-08-14,27600,28100,26200,27450,1020758,0.026168224299065512
2024-08-16,28150,28150,26900,27000,461023,-0.016393442622950838
2024-08-19,27050,28200,26900,27550,669144,0.020370370370370372
2024-08-20,27750,29150,27750,28800,925467,0.04537205081669682
2024-08-21,28750,28950,28150,28450,397025,-0.01215277777777779
2024-08-22,28700,28850,27200,27350,784184,-0.038664323374341
2024-08-23,26700,26850,26100,26500,909956,-0.031078610603290646
2024-08-26,27150,27200,25300,25850,535884,-0.024528301886792447
2024-08-27,25500,26300,25100,26000,279259,0.005802707930367523
2024-08-28,25650,26050,25450,25650,219047,-0.013461538461538414
2024-08-29,25000,25550,24550,24900,347734,-0.0292397660818714
2024-08-30,24900,25050,24400,24800,263797,-0.004016064257028162
2024-09-02,24750,25300,23550,24650,787002,-0.006048387096774244
2024-09-03,25700,26050,24450,24500,816000,-0.006085192697768749
2024-09-04,23000,25150,22200,24200,648670,-0.01224489795918371
2024-09-05,24600,25400,24050,24250,542926,0.0020661157024792765
2024-09-06,24800,24900,23500,23800,537109,-0.01855670103092788
2024-09-09,23450,24450,22950,24250,358342,0.018907563025210017
2024-09-10,24350,24350,22800,22800,539322,-0.0597938144329897
2024-09-11,22800,24700,22800,24600,682620,0.07894736842105265
2024-09-12,25300,25900,25050,25400,464916,0.03252032520325199
2024-09-13,25200,25700,25000,25600,189676,0.007874015748031482
2024-09-19,25800,26400,25550,26250,404738,0.025390625
2024-09-20,26600,27000,26400,26800,383239,0.020952380952381056
2024-09-23,26800,27300,26150,27200,270621,0.014925373134328401
2024-09-24,27250,28100,26800,27150,394786,-0.0018382352941176405
2024-09-25,27400,27500,26250,26350,251883,-0.029465930018416242
2024-09-26,26500,27500,26450,27400,251770,0.03984819734345346
2024-09-27,27200,27850,26750,27500,236549,0.0036496350364962904
2024-09-30,27750,27750,26700,26800,255494,-0.025454545454545507
2024-10-02,26400,29650,26400,28700,1841289,0.07089552238805963
2024-10-04,28700,29050,28500,28600,429773,-0.0034843205574912606
2024-10-07,29100,29550,28550,29350,510247,0.02622377622377625
2024-10-08,29400,30650,29150,30000,760042,0.022146507666098714
2024-10-10,30350,31000,29550,29750,372811,-0.008333333333333304
2024-10-11,30000,30600,29550,29550,342120,-0.006722689075630228
2024-10-14,29400,30100,28700,29950,404200,0.013536379018612488
2024-10-15,30450,30450,29100,29700,289411,-0.008347245409014992
2024-10-16,29100,29850,28950,29200,245342,-0.01683501683501687
2024-10-17,29350,29400,28650,29000,640495,-0.006849315068493178
2024-10-18,29100,29150,26900,27150,544053,-0.06379310344827582
2024-10-21,27250,27550,26850,27250,236835,0.0036832412523020164
2024-10-22,27250,27250,25850,26000,401288,-0.04587155963302747
2024-10-23,26050,26750,25300,26600,343814,0.023076923076922995
2024-10-24,27750,28900,27600,28150,1074496,0.05827067669172936
2024-10-25,29500,29650,27100,27250,841157,-0.03197158081705154
2024-10-28,27050,28200,26650,27950,312651,0.025688073394495303
2024-10-29,28050,28500,27650,28350,304582,0.014311270125223707
2024-10-30,28350,28350,27900,27900,190061,-0.015873015873015928
2024-10-31,27500,28900,27150,28650,312000,0.026881720430107503
2024-11-01,28200,28750,27750,28700,263301,0.0017452006980802626
2024-11-04,28950,29450,28200,28950,441861,0.008710801393728262
2024-11-05,29100,29750,28400,28400,378118,-0.01899827288428324
2024-11-06,28700,28750,26800,27150,643454,-0.04401408450704225
2024-11-07,27750,28800,26400,27300,836492,0.005524861878453136
2024-11-08,27650,30300,27550,29450,1586826,0.0787545787545787
2024-11-11,29600,30150,28650,29800,845988,0.011884550084889645
2024-11-12,29900,31750,29500,30050,1515380,0.008389261744966348
2024-11-13,30000,30900,28350,28450,952020,-0.0532445923460898
2024-11-14,29250,30650,26850,28800,1585068,0.012302284710017597
2024-11-15,28850,29250,27450,28750,679563,-0.0017361111111111605
2024-11-18,28300,28750,27250,27450,643268,-0.045217391304347876
2024-11-19,27450,29400,27350,29100,598693,0.060109289617486406
2024-11-20,29000,29600,28300,28350,426138,-0.02577319587628868
2024-11-21,27950,28300,25550,26350,1253469,-0.07054673721340388
2024-11-22,26350,27350,26000,26700,438657,0.013282732447817747
2024-11-25,27000,28400,26850,27900,398010,0.04494382022471921
2024-11-26,27800,28150,27350,27450,174086,-0.016129032258064502
2024-11-27,27200,27550,26550,27150,275131,-0.010928961748633892
2024-11-28,27400,27450,26200,26450,451514,-0.025782688766114226
2024-11-29,26350,26400,25150,25450,547732,-0.03780718336483935
2024-12-02,25600,26000,25350,25800,303434,0.013752455795677854
2024-12-03,26250,28800,26050,27950,1061546,0.08333333333333326
2024-12-04,27050,28200,26950,27550,516309,-0.014311270125223596
2024-12-05,27550,27900,27200,27400,297102,-0.005444646098003658
2024-12-06,27200,31200,24450,28350,4447093,0.034671532846715314
2024-12-09,27150,28350,26500,27000,1307232,-0.04761904761904767
2024-12-10,27550,28500,27250,27900,772218,0.03333333333333344
2024-12-11,27700,29200,27550,28550,696431,0.023297491039426577
2024-12-12,29100,30300,28400,30000,1334086,0.05078809106830118
2024-12-13,30000,30700,29500,30200,768040,0.006666666666666599
2024-12-16,30450,30600,29750,30000,533882,-0.0066225165562914245
2024-12-17,29950,30150,28600,28800,747266,-0.040000000000000036
2024-12-18,29000,29250,28400,28700,446450,-0.00347222222222221
2024-12-19,27450,28050,26850,27600,766163,-0.0383275261324042
2024-12-20,27600,27850,26450,26850,814732,-0.02717391304347827
2024-12-23,27400,27400,26600,26750,437622,-0.003724394785847296
2024-12-24,26850,27400,26450,26600,439760,-0.005607476635513975
2024-12-26,26950,27800,26300,26500,883384,-0.003759398496240629
2024-12-27,26550,27050,25650,25950,672548,-0.02075471698113207
2024-12-30,25900,27000,25700,26850,340601,0.034682080924855585
2025-01-02,27050,27450,26750,27350,346775,0.01862197392923659
2025-01-03,27900,29750,27600,27950,2134026,0.021937842778793515
2025-01-06,27350,27500,25400,25450,4336246,-0.08944543828264762
2025-01-07,25550,25650,23300,23550,3160973,-0.07465618860510803
2025-01-08,23750,24250,23350,23850,1259579,0.01273885350318471
2025-01-09,24050,24150,23400,24050,789905,0.008385744234800763
2025-01-10,24050,24900,23750,24650,849723,0.02494802494802495
2025-01-13,24400,24550,24100,24500,463423,-0.006085192697768749
2025-01-14,24750,25400,24300,25300,863326,0.03265306122448974
2025-01-15,25300,25500,24600,24700,516098,-0.02371541501976282
2025-01-16,25000,25250,24650,24800,432707,0.004048582995951344
2025-01-17,24800,24800,24200,24350,457830,-0.01814516129032262
2025-01-20,24550,24550,24200,24300,297589,-0.002053388090349051
2025-01-21,24200,24750,24000,24250,431555,-0.002057613168724326
2025-01-22,24550,25050,24450,24800,561542,0.02268041237113394
2025-01-23,25100,25150,24150,24200,441732,-0.024193548387096753
2025-01-24,24250,25050,24250,24900,432773,0.02892561983471076
2025-01-31,25000,25050,24550,24800,317485,-0.004016064257028162
2025-02-03,24300,24300,23100,23300,699961,-0.06048387096774188
2025-02-04,23500,23950,23250,23300,391893,0.0
2025-02-05,23550,23750,23350,23500,293011,0.008583690987124415
2025-02-06,23700,24100,23500,24000,331965,0.02127659574468077
2025-02-07,24000,24800,23900,24250,375053,0.01041666666666674
2025-02-10,23800,24500,23600,24250,291643,0.0
2025-02-11,23650,23800,23100,23250,1001286,-0.04123711340206182
2025-02-12,23150,23150,22550,23000,884801,-0.010752688172043001
2025-02-13,23000,23550,22900,23300,648134,0.01304347826086949
2025-02-14,23450,24800,23300,24250,1120261,0.04077253218884125
2025-02-17,24550,24650,24100,24200,530272,-0.0020618556701030855
2025-02-18,24400,24750,24200,24500,420891,0.012396694214876103
2025-02-19,24650,25200,24450,24650,665153,0.00612244897959191
2025-02-20,24700,24800,24050,24100,443374,-0.022312373225152116
2025-02-21,24250,24300,23650,24100,424132,0.0
2025-02-24,23700,24150,23400,24050,343939,-0.0020746887966804906
2025-02-25,23750,24500,23600,24100,327964,0.0020790020790020236
2025-02-26,23900,24250,23650,23700,332105,-0.016597510373444035
2025-02-27,23800,24650,23700,24000,557160,0.012658227848101333
2025-02-28,23550,23650,22850,22850,617796,-0.04791666666666672
2025-03-04,22550,22650,22000,22300,416568,-0.024070021881838044
2025-03-05,22400,22550,21250,21600,718903,-0.03139013452914796
2025-03-06,21750,22100,21300,21600,416640,0.0
2025-03-07,21150,21600,21100,21350,325075,-0.01157407407407407
2025-03-10,21150,21700,21000,21100,315533,-0.011709601873536313
2025-03-11,20100,20950,19920,20750,587365,-0.016587677725118488
2025-03-12,20750,22800,20650,22600,642910,0.08915662650602418
2025-03-13,22250,22800,22050,22350,418169,-0.011061946902654829
2025-03-14,22250,22650,21950,22450,209580,0.004474272930648837
2025-03-17,22700,22800,22350,22450,175680,0.0
2025-03-18,22450,22700,22350,22550,208191,0.00445434298440972
2025-03-19,22500,22850,22450,22550,216441,0.0
2025-03-20,22600,23050,22350,22750,295821,0.008869179600886845
2025-03-21,22750,23850,22750,22900,524346,0.00659340659340657
2025-03-24,22850,23050,22500,22850,125610,-0.0021834061135370675
2025-03-25,22800,23250,22000,22050,200270,-0.035010940919037226
2025-03-26,22250,22450,21900,22350,114353,0.013605442176870763
2025-03-27,22000,22500,21800,22450,132818,0.004474272930648837
2025-03-28,22550,22550,21900,22100,166856,-0.015590200445434244
2025-03-31,21500,21700,20450,20550,362235,-0.07013574660633481
2025-04-01,20900,22050,20800,21800,266750,0.06082725060827254
2025-04-02,22100,22100,21000,21200,166027,-0.02752293577981646
2025-04-03,20300,20450,19260,19450,1333942,-0.08254716981132071
2025-04-04,18860,19740,18780,19280,453675,-0.008740359897172256
2025-04-07,18620,18970,18150,18180,395215,-0.05705394190871371
2025-04-08,18520,18650,17240,17240,421727,-0.0517051705170517
2025-04-09,16850,17200,16490,16730,456380,-0.029582366589327114
2025-04-10,18490,18490,17990,18150,435687,0.08487746563060372
2025-04-11,17750,18310,17610,18260,199014,0.0060606060606061
2025-04-14,18440,19070,18350,18990,229933,0.03997809419496168
2025-04-15,19020,19470,18990,19340,210164,0.01843075302790953
2025-04-16,19330,19340,18700,18760,173083,-0.02998965873836612
2025-04-17,18700,19820,18700,19760,253457,0.05330490405117261
2025-04-18,19930,19950,19620,19910,134201,0.007591093117408798
2025-04-21,19990,20050,19520,19550,121644,-0.018081366147664535
2025-04-22,19310,19680,19220,19230,111218,-0.01636828644501276
2025-04-23,19660,20600,19620,20350,309355,0.05824232969318777
2025-04-24,20700,21050,20300,20550,247482,0.00982800982800991
2025-04-25,20950,21000,20700,20850,175676,0.014598540145985384
2025-04-28,21100,21150,20150,20400,198071,-0.021582733812949617
2025-04-29,20750,20850,20500,20650,176162,0.01225490196078427
2025-04-30,20750,21100,20200,20350,217830,-0.014527845036319653
2025-05-02,20400,20750,20000,20600,131281,0.01228501228501222
2025-05-07,21100,21950,20750,21400,314056,0.03883495145631066
2025-05-08,21550,21850,21500,21700,142867,0.014018691588784993
2025-05-09,21950,22100,21100,21500,222170,-0.009216589861751112
2025-05-12,21700,22100,21500,21850,178710,0.016279069767441756
2025-05-13,22550,22800,22050,22150,220083,0.013729977116704761
2025-05-14,22350,22600,22100,22400,141569,0.011286681715575675
2025-05-15,22600,22900,22350,22500,222029,0.0044642857142858094
2025-05-16,22850,23200,22450,23100,316183,0.026666666666666616
2025-05-19,23750,24450,22900,23350,608662,0.010822510822510845
2025-05-20,23300,24300,22800,24200,573286,0.036402569593147804
2025-05-21,24400,24400,23750,24100,325311,-0.004132231404958664
2025-05-22,23800,24050,23100,23650,315056,-0.018672199170124526
2025-05-23,23650,23850,22750,23400,239719,-0.010570824524312905
2025-05-26,22850,22850,21700,21850,591258,-0.06623931623931623
2025-05-27,22000,22400,21850,22050,171197,0.009153318077803174
2025-05-28,22300,22975,22150,22450,375652,0.018140589569161092
2025-05-29,22500,22950,22250,22900,248511,0.020044543429844186
2025-05-30,23100,23550,22550,22950,332426,0.0021834061135370675
2025-06-02,23000,23100,21200,21500,379167,-0.0631808278867102
2025-06-04,22100,22800,22000,22550,327462,0.04883720930232549
2025-06-05,23000,23050,22500,22600,219437,0.0022172949002217113
2025-06-09,22900,22900,21500,21700,413213,-0.03982300884955747
2025-06-10,21850,21950,21600,21800,150441,0.004608294930875667
2025-06-11,21900,22100,21750,21800,239953,0.0
2025-06-12,21500,21500,20450,20800,834614,-0.04587155963302747
2025-06-13,21000,21150,20150,20550,308854,-0.012019230769230727
2025-06-16,20350,20650,20100,20350,288213,-0.009732360097323589
2025-06-17,20450,21000,20250,20500,192456,0.0073710073710073765
2025-06-18,20300,20600,20250,20400,131042,-0.004878048780487809
2025-06-19,20550,20600,20200,20350,168762,-0.002450980392156854
2025-06-20,20350,21400,20000,21150,603509,0.039312039312039415
2025-06-23,20900,21750,20550,21350,407569,0.009456264775413725
2025-06-24,21850,22200,21650,21800,251757,0.021077283372365363
2025-06-25,22050,22100,21400,21650,232515,-0.006880733944954143
2025-06-26,22000,22400,21650,22100,291965,0.020785219399538146
2025-06-27,22200,22200,21100,21150,230356,-0.042986425339366474
2025-06-30,21150,21400,21050,21150,162392,0.0
2025-07-01,21400,22350,21350,21500,252334,0.016548463356973908
2025-07-02,21500,21750,21050,21400,154895,-0.0046511627906976605
2025-07-03,22150,23500,22000,22800,780449,0.06542056074766345
2025-07-04,22900,23000,22000,22000,306323,-0.03508771929824561
2025-07-07,22600,22650,21750,21800,176725,-0.009090909090909038
2025-07-08,21550,22800,21500,22600,222205,0.03669724770642202
2025-07-09,22650,23150,22450,23050,253378,0.019911504424778848
2025-07-10,23200,23200,22750,22900,197422,-0.006507592190889366
2025-07-11,23300,23400,22350,22350,254820,-0.024017467248908297
2025-07-14,22250,22300,21650,21800,168082,-0.02460850111856827
2025-07-15,22100,22200,21800,22100,181463,0.013761467889908285
2025-07-16,22250,22450,21850,21850,230470,-0.011312217194570096
2025-07-17,21900,21900,20900,21000,354801,-0.0389016018306636
2025-07-18,21100,21250,20700,21000,179319,0.0
2025-07-21,21000,21150,20750,21050,122738,0.0023809523809523725
2025-07-22,21250,21850,21050,21200,298218,0.0071258907363420665
2025-07-23,21450,21650,21250,21550,139680,0.01650943396226423
2025-07-24,21850,22950,21750,22600,556981,0.04872389791183296
2025-07-25,22700,22700,21850,22350,229832,-0.011061946902654829
2025-07-28,22700,22800,22050,22350,229363,0.0
2025-07-29,22450,22450,21700,22250,218901,-0.004474272930648726
2025-07-30,22000,22550,21900,22050,196302,-0.008988764044943864
2025-07-31,22350,22450,21700,22000,265265,-0.0022675736961451642
2025-08-01,21850,21850,20450,20500,378623,-0.06818181818181823
2025-08-04,20500,20900,20300,20800,102378,0.014634146341463428
2025-08-05,20950,22650,20950,21500,497648,0.033653846153846256
2025-08-06,21750,22650,21350,21950,307231,0.020930232558139528
2025-08-07,22000,22100,21650,21850,102738,-0.004555808656036442
2025-08-08,22150,23250,22100,22350,425584,0.022883295194507935
2025-08-11,22550,22550,21800,22350,251618,0.0
2025-08-12,22100,22250,21050,21250,501909,-0.04921700223713643
2025-08-13,21500,21550,20700,21000,206234,-0.0117647058823529
2025-08-14,21100,21100,20800,20850,116512,-0.0071428571428571175
2025-08-18,19950,19950,18860,19120,631125,-0.08297362110311746
2025-08-19,19250,19380,18890,18960,262726,-0.008368200836820106
2025-08-20,18410,18960,18410,18700,234105,-0.01371308016877637
2025-08-21,18900,19000,18520,18730,177850,0.0016042780748664054
2025-08-22,18660,18800,18500,18650,138226,-0.004271222637480032
2025-08-25,18850,18960,18800,18860,122906,0.011260053619303045
2025-08-26,18740,19480,18690,19150,334362,0.015376458112407176
2025-08-27,19430,20050,19160,19740,363372,0.030809399477806698
2025-08-28,19710,19840,19350,19500,156637,-0.012158054711246202
2025-08-29,19600,19680,19260,19310,108291,-0.009743589743589798
2025-09-01,19120,19120,18750,18780,121549,-0.02744691869497673
2025-09-02,18800,19080,18790,18970,79909,0.010117145899893432
2025-09-03,18920,19600,18920,19330,208642,0.01897733263046919
2025-09-04,19650,20350,19560,19610,396966,0.014485256078634157
2025-09-05,19790,19940,19640,19900,132509,0.014788373278939337
2025-09-08,19950,20400,19700,20200,150252,0.015075376884422065
2025-09-09,20350,20650,20000,20600,211079,0.01980198019801982
2025-09-10,20650,20700,20350,20400,129960,-0.009708737864077666
2025-09-11,20650,21100,20200,20750,310648,0.017156862745097978
2025-09-12,21650,22000,21200,21600,536085,0.04096385542168668
2025-09-15,22150,22700,21800,22350,493825,0.03472222222222232
2025-09-16,22550,22750,22000,22450,423487,0.004474272930648837
2025-09-17,22150,22300,21700,22250,214664,-0.008908685968819552
2025-09-18,22600,23000,22100,22400,350432,0.006741573033707926
2025-09-19,22650,22650,22050,22500,346343,0.0044642857142858094
2025-09-22,22600,22600,22150,22250,308371,-0.011111111111111072
2025-09-23,22400,22850,22100,22250,209314,0.0
2025-09-24,22200,22650,21500,22450,376670,0.008988764044943753
2025-09-25,22800,22800,22100,22100,194412,-0.015590200445434244
2025-09-26,21950,22100,21300,21550,213904,-0.02488687782805432
2025-09-29,21500,22000,21500,21850,136223,0.0139211136890951
2025-09-30,21750,21900,21350,21350,84034,-0.022883295194508046
2025-10-01,21250,21550,20850,20950,228641,-0.0187353629976581
2025-10-02,21150,21800,21100,21450,149566,0.023866348448687402
2025-10-10,22050,22400,21700,22200,233028,0.034965034965035
2025-10-13,21500,22050,21300,21900,159221,-0.013513513513513487
2025-10-14,22200,23050,22150,22350,614879,0.020547945205479534
2025-10-15,23250,24500,22350,24450,1129539,0.09395973154362425
2025-10-16,25000,25500,24250,25450,1004568,0.04089979550102241
2025-10-17,25000,25850,24700,24950,1258592,-0.01964636542239684
2025-10-20,25950,27500,24800,26900,1446238,0.07815631262525047
2025-10-21,26550,27850,26000,26900,987952,0.0
2025-10-22,28000,28200,26900,27200,688305,0.011152416356877248
2025-10-23,26200,26800,25950,26300,459103,-0.03308823529411764
2025-10-24,26700,27400,26450,26950,485593,0.024714828897338448
2025-10-27,27900,28900,27050,28650,857331,0.06307977736549164
2025-10-28,28250,30200,27650,29900,1023425,0.04363001745200701
2025-10-29,30450,31050,29550,30350,810897,0.015050167224080369
2025-10-30,30350,30550,28100,28850,1982410,-0.0494233937397035
2025-10-31,29000,29000,26550,27150,1199856,-0.05892547660311953
2025-11-03,27250,27300,26450,27050,825366,-0.0036832412523020164
2025-11-04,28100,28150,26550,26750,570862,-0.011090573012939031
2025-11-05,26050,26300,24850,25950,469560,-0.029906542056074792
2025-11-06,26650,26900,25450,25500,255412,-0.017341040462427793
2025-11-07,24700,25300,24250,24800,420217,-0.027450980392156876
2025-11-10,24850,25000,23550,25000,231973,0.008064516129032251
2025-11-11,25700,25850,24450,25050,283760,0.0020000000000000018
2025-11-12,25200,25200,24500,24650,207958,-0.015968063872255467
2025-11-13,24500,24800,24200,24600,175444,-0.0020283975659228792
2025-11-14,23850,23950,23250,23350,296138,-0.05081300813008127
2025-11-17,22850,23100,22050,22900,417723,-0.01927194860813708
2025-11-18,23300,23450,22500,22600,275389,-0.013100436681222738
2025-11-19,22650,23125,22050,22500,282897,-0.004424778761061954
2025-11-20,23000,23150,22650,22750,147277,0.011111111111111072
2025-11-21,21900,22200,21750,21800,163498,-0.04175824175824172
2025-11-24,22400,25300,22200,24800,838989,0.13761467889908263
2025-11-25,25050,25150,24000,24250,316505,-0.022177419354838745
2025-11-26,24850,26100,24000,24600,773158,0.014432989690721598
2025-11-27,24450,24850,24100,24450,221977,-0.0060975609756097615
2025-11-28,24650,24750,24250,24400,203564,-0.002044989775051076
2025-12-01,25150,25750,24800,25700,580034,0.05327868852459017
2025-12-02,25700,25750,25100,25400,209089,-0.011673151750972721
2025-12-03,25650,25650,24800,24950,186754,-0.017716535433070835
2025-12-04,25000,25150,24350,24900,234149,-0.002004008016032066
2025-12-05,25350,26350,25050,25500,544496,0.024096385542168752
2025-12-08,25600,26850,25350,26450,416661,0.0372549019607844
2025-12-09,27450,28150,26850,26950,749461,0.018903591682419618
2025-12-10,27300,27800,26500,26800,703777,-0.005565862708719838
2025-12-11,27850,27850,26800,26800,540656,0.0
2025-12-12,27150,27350,26600,27000,317834,0.00746268656716409
2025-12-15,25800,26950,25550,26500,328228,-0.01851851851851849
2025-12-16,26100,26100,25350,25700,320020,-0.030188679245283012
2025-12-17,25750,26950,25200,26550,429241,0.0330739299610896
2025-12-18,25750,26900,25500,26050,243883,-0.01883239171374762
2025-12-19,26550,26600,25350,25850,243870,-0.007677543186180413
2025-12-22,26200,26800,25950,26500,262101,0.025145067698259194
2025-12-23,26850,26850,25300,25550,276242,-0.03584905660377358
