Date,Open,High,Low,Close,Volume,Change
2022-01-03,17350,17350,16500,16900,313252,-0.00588235294117645
2022-01-04,16900,16900,15900,16000,483816,-0.053254437869822535
2022-01-05,15900,16050,15000,15450,537202,-0.034375000000000044
2022-01-06,15200,15850,15200,15250,351657,-0.012944983818770184
2022-01-07,15550,16200,15550,15950,359966,0.04590163934426239
2022-01-10,15700,15700,15000,15300,306747,-0.040752351097178674
2022-01-11,15300,15350,14500,14550,303151,-0.0490196078431373
2022-01-12,14950,16100,14800,15950,666331,0.09621993127147777
2022-01-13,15900,16500,15600,15800,352237,-0.009404388714733591
2022-01-14,15650,17250,15400,16950,949612,0.07278481012658222
2022-01-17,16600,17150,16400,16650,351886,-0.017699115044247815
2022-01-18,17450,17500,16050,16100,680997,-0.033033033033033066
2022-01-19,15700,17200,15650,16550,677971,0.02795031055900621
2022-01-20,16800,17250,15850,17050,563087,0.030211480362537735
2022-01-21,16750,17000,15550,15750,610238,-0.07624633431085048
2022-01-24,15550,15950,15250,15800,265827,0.0031746031746031633
2022-01-25,15800,16050,15250,15750,349073,-0.0031645569620253333
2022-01-26,15750,15900,15200,15200,191041,-0.03492063492063491
2022-01-27,15350,15500,14650,15100,273933,-0.006578947368421018
2022-01-28,15100,16050,14800,15900,279478,0.052980132450331174
2022-02-03,16150,16250,15750,15900,242446,0.0
2022-02-04,15800,16850,15650,16700,563242,0.05031446540880502
2022-02-07,16900,17400,16700,16850,443073,0.008982035928143617
2022-02-08,16900,16900,15550,15850,516710,-0.05934718100890213
2022-02-09,16200,16600,15850,16550,314970,0.04416403785488954
2022-02-10,16900,17000,16050,16150,270270,-0.024169184290030232
2022-02-11,15850,16350,15600,15750,260969,-0.024767801857585092
2022-02-14,15400,16200,15100,16050,261915,0.01904761904761898
2022-02-15,15950,16000,15250,15650,277484,-0.024922118380062308
2022-02-16,16100,16300,15700,16250,262161,0.03833865814696491
2022-02-17,16250,16500,15400,15750,388870,-0.03076923076923077
2022-02-18,15500,16600,15450,16600,297952,0.053968253968254
2022-02-21,16250,16700,16100,16650,254683,0.003012048192771122
2022-02-22,16300,18450,16250,18000,2367971,0.08108108108108114
2022-02-23,18100,18800,17750,18350,1069040,0.019444444444444375
2022-02-24,18100,18750,17800,18000,1032658,-0.019073569482288777
2022-02-25,18450,19400,18150,19400,1198914,0.07777777777777772
2022-02-28,19150,20000,18850,20000,832097,0.030927835051546282
2022-03-02,19800,20250,18650,19300,992782,-0.03500000000000003
2022-03-03,19300,19700,18850,19350,489264,0.002590673575129543
2022-03-04,19050,19500,18300,18700,612429,-0.03359173126614989
2022-03-07,17900,18400,17400,17850,783992,-0.045454545454545414
2022-03-08,17450,18200,17400,17800,449104,-0.0028011204481792618
2022-03-10,18250,18400,17500,17650,387792,-0.008426966292134797
2022-03-11,17600,17850,16300,16650,900653,-0.056657223796033995
2022-03-14,16600,16850,15900,16400,477691,-0.01501501501501501
2022-03-15,16350,16400,15800,15950,228846,-0.027439024390243927
2022-03-16,16450,17000,16400,17000,579830,0.0658307210031348
2022-03-17,17200,17350,16800,16950,366490,-0.002941176470588225
2022-03-18,17000,17750,16850,17500,417413,0.032448377581120846
2022-03-21,17550,17550,17100,17150,162786,-0.020000000000000018
2022-03-22,17300,17700,16950,17500,247841,0.020408163265306145
2022-03-23,17550,17700,16900,17100,336265,-0.02285714285714291
2022-03-24,16900,17400,16700,17350,278948,0.014619883040935644
2022-03-25,17550,17800,17250,17550,312871,0.011527377521613813
2022-03-28,17350,17750,17050,17550,228364,0.0
2022-03-29,17550,17550,16400,16550,556010,-0.056980056980056926
2022-03-30,16750,16850,16400,16450,187988,-0.0060422960725075026
2022-03-31,16300,16500,16200,16450,139700,0.0
2022-04-01,16300,16400,16050,16200,143699,-0.015197568389057725
2022-04-04,16200,16200,15800,16200,153124,0.0
2022-04-05,16250,16600,16200,16400,150240,0.012345679012345734
2022-04-06,16250,16300,15950,15950,107280,-0.027439024390243927
2022-04-07,15900,16300,15650,15950,126644,0.0
2022-04-08,16200,16250,15500,15900,144506,-0.0031347962382445305
2022-04-11,15850,15950,15600,15650,80748,-0.01572327044025157
2022-04-12,15500,16000,15450,15800,98261,0.009584664536741228
2022-04-13,15850,16250,15700,16250,113035,0.028481012658227778
2022-04-14,16250,16250,15900,16200,74229,-0.003076923076923088
2022-04-15,16050,16600,15900,16550,181518,0.021604938271605034
2022-04-18,16550,16900,16250,16700,240247,0.009063444108761365
2022-04-19,16650,16950,16650,16750,163922,0.0029940119760478723
2022-04-20,16800,17300,16600,17150,340942,0.023880597014925398
2022-04-21,17150,17250,16850,17000,141796,-0.008746355685131157
2022-04-22,17200,17750,16950,17050,646969,0.002941176470588225
2022-04-25,16550,17050,16450,16750,199793,-0.017595307917888547
2022-04-26,17000,17050,16550,16750,125567,0.0
2022-04-27,16350,16550,16100,16550,131173,-0.011940298507462699
2022-04-28,16600,16650,16300,16500,65777,-0.0030211480362537513
2022-04-29,16500,16900,16450,16800,102919,0.018181818181818077
2022-05-02,16500,16550,16150,16450,85075,-0.02083333333333337
2022-05-03,16450,16800,16300,16400,134160,-0.003039513677811523
2022-05-04,16500,16900,16400,16650,130888,0.015243902439024293
2022-05-06,16300,16650,16200,16250,78614,-0.024024024024024038
2022-05-09,16150,16200,15450,15650,157224,-0.03692307692307695
2022-05-10,15250,15900,14700,15850,267053,0.012779552715654896
2022-05-11,15900,15900,15250,15450,79882,-0.025236593059936863
2022-05-12,15100,15400,14700,14850,123605,-0.03883495145631066
2022-05-13,14900,15450,14850,15450,79933,0.04040404040404044
2022-05-16,15750,15750,15200,15450,72088,0.0
2022-05-17,15400,16250,15150,16100,211524,0.04207119741100329
2022-05-18,16200,16350,15900,16050,93469,-0.0031055900621117516
2022-05-19,15600,16100,15550,15950,86646,-0.006230529595015577
2022-05-20,16000,16100,15700,15850,89325,-0.006269592476489061
2022-05-23,16000,16050,15650,15750,81187,-0.006309148264984188
2022-05-24,15750,15750,14950,15100,139639,-0.041269841269841234
2022-05-25,15150,16450,14900,16200,371831,0.07284768211920523
2022-05-26,16250,16350,15700,15800,168249,-0.024691358024691357
2022-05-27,16000,16150,15350,15400,176107,-0.025316455696202556
2022-05-30,15600,15950,15450,15900,103404,0.032467532467532534
2022-05-31,15950,16150,15700,15750,124721,-0.009433962264150941
2022-06-02,15750,15750,15350,15600,83171,-0.00952380952380949
2022-06-03,15650,15800,15300,15300,126271,-0.019230769230769273
2022-06-07,15350,15350,14950,15050,84531,-0.016339869281045805
2022-06-08,15300,15850,15250,15700,222755,0.04318936877076407
2022-06-09,15700,15850,15400,15650,88887,-0.0031847133757961776
2022-06-10,15650,15650,15250,15300,65927,-0.022364217252396124
2022-06-13,15000,15150,14600,14850,154648,-0.02941176470588236
2022-06-14,14400,14750,14000,14500,288528,-0.023569023569023573
2022-06-15,14400,14550,13750,13850,149904,-0.04482758620689653
2022-06-16,14150,14500,13700,13950,123765,0.0072202166064982976
2022-06-17,13350,13650,13200,13350,224361,-0.043010752688172005
2022-06-20,13550,13550,12500,12600,182368,-0.0561797752808989
2022-06-21,12800,12950,12500,12600,87679,0.0
2022-06-22,12750,12750,11900,11900,166976,-0.05555555555555558
2022-06-23,11850,12250,11200,11200,237268,-0.05882352941176472
2022-06-24,11200,12350,11200,12250,204515,0.09375
2022-06-27,12400,12800,12050,12700,122276,0.03673469387755102
2022-06-28,12700,12800,12350,12700,79989,0.0
2022-06-29,12400,12850,12200,12700,62178,0.0
2022-06-30,12600,12750,12200,12200,82588,-0.03937007874015752
2022-07-01,12200,12500,11750,11950,100655,-0.020491803278688492
2022-07-04,12000,12150,11500,11750,78243,-0.01673640167364021
2022-07-05,11850,12350,11850,12300,106163,0.04680851063829783
2022-07-06,12400,12600,12000,12250,86603,-0.004065040650406471
2022-07-07,12500,12750,12300,12450,92046,0.01632653061224487
2022-07-08,12700,13150,12500,12700,117774,0.02008032128514059
2022-07-11,12900,12950,12550,12850,54492,0.011811023622047223
2022-07-12,12650,12650,12000,12200,125278,-0.05058365758754868
2022-07-13,12300,12350,11900,12300,128078,0.008196721311475308
2022-07-14,12100,12550,12050,12350,102546,0.004065040650406582
2022-07-15,12400,12700,12200,12500,90634,0.012145748987854255
2022-07-18,12700,12850,12550,12800,85778,0.02400000000000002
2022-07-19,12700,12750,12550,12700,54654,-0.0078125
2022-07-20,13100,13100,12600,12700,104501,0.0
2022-07-21,12800,13400,12750,13400,147481,0.055118110236220375
2022-07-22,13300,13450,13150,13300,95831,-0.007462686567164201
2022-07-25,13200,13550,13150,13400,59665,0.007518796992481258
2022-07-26,13300,13350,13050,13050,47696,-0.026119402985074647
2022-07-27,13200,13450,13000,13450,61400,0.03065134099616862
2022-07-28,13650,13700,13200,13300,71129,-0.01115241635687736
2022-07-29,13450,13550,13200,13250,75193,-0.003759398496240629
2022-08-01,13450,13650,13400,13450,94943,0.015094339622641506
2022-08-02,13450,13550,12950,13250,95544,-0.014869888475836479
2022-08-03,13250,13350,13000,13250,112133,0.0
2022-08-04,13350,13550,13100,13150,92055,-0.007547169811320753
2022-08-05,13100,13200,12900,13000,100698,-0.011406844106463865
2022-08-08,12950,12950,12550,12750,86238,-0.019230769230769273
2022-08-09,12700,12750,12450,12750,53113,0.0
2022-08-10,12600,12600,12250,12300,77506,-0.03529411764705881
2022-08-11,12650,12800,12450,12600,103837,0.024390243902439046
2022-08-12,12800,12800,12500,12700,54413,0.007936507936507908
2022-08-16,13150,13350,12950,13300,187463,0.04724409448818889
2022-08-17,13300,13350,12800,12900,151673,-0.03007518796992481
2022-08-18,12900,13000,12650,13000,97923,0.007751937984496138
2022-08-19,13100,13100,12550,12550,85220,-0.0346153846153846
2022-08-22,12350,12500,12250,12250,68271,-0.0239043824701195
2022-08-23,12050,12200,11950,12000,80661,-0.020408163265306145
2022-08-24,12100,12350,12100,12250,51709,0.02083333333333326
2022-08-25,12300,12550,12200,12500,73370,0.020408163265306145
2022-08-26,12650,12800,12250,12250,95306,-0.020000000000000018
2022-08-29,11750,12000,11700,11800,111529,-0.03673469387755102
2022-08-30,11900,12250,11850,12100,159550,0.025423728813559254
2022-08-31,12000,12550,11950,12500,98155,0.03305785123966931
2022-09-01,12400,12600,12050,12150,72965,-0.028000000000000025
2022-09-02,12300,12350,11900,11950,114702,-0.016460905349794275
2022-09-05,11900,12100,11750,11950,108837,0.0
2022-09-06,11950,12650,11850,12650,236376,0.05857740585774063
2022-09-07,12550,12900,12350,12900,235390,0.01976284584980248
2022-09-08,12950,13050,12700,12700,170612,-0.015503875968992276
2022-09-13,12950,13000,12750,12950,113313,0.019685039370078705
2022-09-14,12400,13150,12300,13100,147412,0.01158301158301156
2022-09-15,13100,13600,12950,13400,203194,0.022900763358778553
2022-09-16,13250,13300,12800,12850,110690,-0.04104477611940294
2022-09-19,12850,12950,12100,12250,148834,-0.046692607003890996
2022-09-20,12350,12500,12200,12250,53129,0.0
2022-09-21,12100,12250,11900,12050,86936,-0.01632653061224487
2022-09-22,11800,11950,11500,11750,110108,-0.024896265560165998
2022-09-23,11700,11750,11400,11500,64492,-0.021276595744680882
2022-09-26,11200,11300,10600,10650,182984,-0.07391304347826089
2022-09-27,10600,10750,10400,10750,105693,0.009389671361502261
2022-09-28,10750,10800,9970,9970,214697,-0.07255813953488377
2022-09-29,10100,10300,9690,9690,190933,-0.028084252758274864
2022-09-30,9430,9760,9430,9690,87092,0.0
2022-10-04,9830,10350,9830,10250,73362,0.057791537667698734
2022-10-05,10400,10500,9920,10000,108747,-0.024390243902439046
2022-10-06,10000,10300,10000,10200,43077,0.020000000000000018
2022-10-07,10000,10450,10000,10200,62362,0.0
2022-10-11,9950,10050,9440,9560,143201,-0.06274509803921569
2022-10-12,9460,9890,9430,9810,100948,0.026150627615062705
2022-10-13,9800,9850,9400,9400,120803,-0.041794087665647295
2022-10-14,9650,9670,9420,9520,160118,0.012765957446808418
2022-10-17,9360,9600,9310,9580,49588,0.006302521008403339
2022-10-18,9700,9830,9570,9810,61241,0.024008350730688965
2022-10-19,9900,10050,9690,9720,62801,-0.00917431192660545
2022-10-20,9730,9740,9240,9420,2797406,-0.030864197530864224
2022-10-21,9470,9480,9240,9240,63838,-0.019108280254777066
2022-10-24,9450,9620,9420,9500,78382,0.02813852813852824
2022-10-25,9620,10300,9590,10200,252476,0.0736842105263158
2022-10-26,10300,10300,9990,10050,127782,-0.014705882352941124
2022-10-27,10050,10350,9980,10300,103351,0.02487562189054726
2022-10-28,10100,10300,9900,9950,84198,-0.03398058252427183
2022-10-31,10250,10350,10050,10250,88142,0.03015075376884413
2022-11-01,10250,10300,10050,10250,82707,0.0
2022-11-02,10200,10500,10100,10250,95909,0.0
2022-11-03,10000,10650,9950,10450,145232,0.019512195121951237
2022-11-04,10450,10450,10100,10350,72655,-0.009569377990430672
2022-11-07,10350,10500,10300,10350,44532,0.0
2022-11-08,10450,10800,10450,10700,98282,0.033816425120772875
2022-11-09,10750,11100,10600,10650,188351,-0.004672897196261627
2022-11-10,10500,10650,10400,10500,69093,-0.014084507042253502
2022-11-11,10950,11050,10700,10850,140646,0.03333333333333344
2022-11-14,11050,11050,10800,10850,64020,0.0
2022-11-15,11000,11350,10900,11350,102125,0.04608294930875578
2022-11-16,11450,11450,11000,11150,121980,-0.017621145374449365
2022-11-17,11150,11450,11000,11400,124485,0.022421524663677195
2022-11-18,11450,11800,11150,11150,148347,-0.021929824561403466
2022-11-21,11050,11100,10750,10800,62457,-0.03139013452914796
2022-11-22,10800,11000,10550,10800,65029,0.0
2022-11-23,10850,11000,10700,10850,46356,0.004629629629629539
2022-11-24,11000,11350,10850,11250,73266,0.03686635944700467
2022-11-25,11200,11300,11050,11300,49855,0.004444444444444473
2022-11-28,11250,11250,10900,10950,47882,-0.030973451327433676
2022-11-29,10800,11100,10800,11100,42251,0.013698630136986356
2022-11-30,11000,11150,10850,11050,45836,-0.0045045045045044585
2022-12-01,11200,11300,11000,11100,46189,0.004524886877828038
2022-12-02,11100,11100,10850,10950,43892,-0.013513513513513487
2022-12-05,11000,11000,10750,10850,32032,-0.0091324200913242
2022-12-06,10700,10750,10300,10350,112895,-0.04608294930875578
2022-12-07,10200,10400,10100,10250,55958,-0.009661835748792313
2022-12-08,10200,10350,10050,10150,30055,-0.009756097560975618
2022-12-09,10200,10350,10100,10250,49059,0.009852216748768461
2022-12-12,10250,10250,10050,10100,27696,-0.014634146341463428
2022-12-13,10200,10200,10000,10150,46221,0.004950495049504955
2022-12-14,10150,10400,10050,10250,37967,0.009852216748768461
2022-12-15,10250,10450,10150,10300,46314,0.004878048780487809
2022-12-16,10100,10300,10100,10200,33119,-0.009708737864077666
2022-12-19,10300,10300,10050,10050,44647,-0.014705882352941124
2022-12-20,10050,10050,9710,9850,76898,-0.01990049751243783
2022-12-21,9850,9900,9710,9760,28765,-0.009137055837563413
2022-12-22,9800,10000,9800,9860,34917,0.010245901639344357
2022-12-23,9790,9970,9660,9700,36872,-0.016227180527383367
2022-12-26,9680,9690,9400,9600,69838,-0.010309278350515427
2022-12-27,9740,9990,9660,9760,35112,0.016666666666666607
2022-12-28,9680,9700,9420,9440,47777,-0.032786885245901676
2022-12-29,9390,9390,9050,9130,57553,-0.032838983050847426
2023-01-02,9130,9250,8820,8860,68598,-0.02957283680175249
2023-01-03,8820,9000,8590,9000,50008,0.015801354401805856
2023-01-04,9000,9360,8880,9350,48865,0.03888888888888897
2023-01-05,9370,9390,9070,9240,28859,-0.0117647058823529
2023-01-06,9110,9500,9110,9410,30927,0.018398268398268414
2023-01-09,9430,9630,9430,9580,40086,0.018065887353878818
2023-01-10,9580,9780,9520,9650,29705,0.007306889352818313
2023-01-11,9730,9810,9610,9660,32286,0.0010362694300518616
2023-01-12,9750,9750,9520,9580,26901,-0.008281573498964856
2023-01-13,9510,9650,9510,9600,30247,0.0020876826722338038
2023-01-16,9550,9690,9500,9540,36820,-0.006249999999999978
2023-01-17,9570,9630,9390,9390,33271,-0.01572327044025157
2023-01-18,9390,9390,9200,9220,43933,-0.018104366347177825
2023-01-19,9160,9250,9130,9190,26737,-0.0032537960954447387
2023-01-20,9190,9430,9160,9350,53695,0.017410228509249226
2023-01-25,9440,9670,9420,9620,44412,0.02887700534759352
2023-01-26,9620,9690,9580,9640,36680,0.0020790020790020236
2023-01-27,9720,9720,9610,9640,27746,0.0
2023-01-30,9720,9820,9590,9620,45427,-0.0020746887966804906
2023-01-31,9650,9930,9590,9760,57919,0.01455301455301461
2023-02-01,9760,9850,9710,9780,33930,0.002049180327868827
2023-02-02,9940,9940,9790,9870,36567,0.009202453987730008
2023-02-03,9930,9930,9790,9850,27020,-0.0020263424518743856
2023-02-06,9800,9920,9700,9790,33563,-0.006091370558375608
2023-02-07,9760,10490,9730,10490,347424,0.07150153217568955
2023-02-08,10660,10870,10530,10660,386939,0.01620591039084851
2023-02-09,10660,10660,10400,10610,66230,-0.004690431519699834
2023-02-10,10590,10600,10150,10220,93455,-0.03675777568331762
2023-02-13,10160,10290,10040,10290,46517,0.006849315068493178
2023-02-14,10380,10470,10310,10350,40115,0.005830903790087438
2023-02-15,10440,10890,10340,10400,220418,0.004830917874396157
2023-02-16,10480,10930,10440,10810,123471,0.039423076923077005
2023-02-17,10750,10760,10410,10480,97962,-0.03052728954671602
2023-02-20,10840,11300,10710,10810,300413,0.031488549618320594
2023-02-21,10840,10980,10660,10920,105025,0.010175763182238562
2023-02-22,10790,10820,10470,10520,125641,-0.03663003663003661
2023-02-23,10620,10650,10350,10600,50883,0.0076045627376426506
2023-02-24,10520,10690,10400,10480,63737,-0.01132075471698113
2023-02-27,10470,10470,10260,10420,57063,-0.005725190839694694
2023-02-28,10480,10590,10450,10530,48992,0.01055662188099804
2023-03-02,10530,10720,10450,10580,83795,0.0047483380816715215
2023-03-03,10580,10640,10400,10450,51942,-0.012287334593572785
2023-03-06,10500,10780,10350,10780,88581,0.03157894736842115
2023-03-07,11040,11040,10640,10700,94632,-0.007421150278293154
2023-03-08,10700,10700,10320,10330,60071,-0.03457943925233642
2023-03-09,10320,10400,10100,10130,89329,-0.019361084220716362
2023-03-10,10000,10090,9910,10090,54169,-0.0039486673247778326
2023-03-13,9990,9990,9600,9860,65787,-0.02279484638255702
2023-03-14,9870,9870,9340,9340,59361,-0.05273833671399597
2023-03-15,9520,9640,9330,9480,41833,0.01498929336188426
2023-03-16,9330,9720,9010,9540,43672,0.006329113924050667
2023-03-17,9730,9950,9630,9920,66152,0.0398322851153039
2023-03-20,9810,10010,9750,9810,29803,-0.011088709677419373
2023-03-21,9860,9930,9670,9720,34359,-0.00917431192660545
2023-03-22,9920,9920,9630,9810,42461,0.0092592592592593
2023-03-23,9680,9970,9680,9840,60570,0.003058103975535076
2023-03-24,9890,10450,9880,10340,162307,0.05081300813008127
2023-03-27,10350,10390,10130,10240,73392,-0.009671179883945835
2023-03-28,10160,10390,10120,10380,129516,0.013671875
2023-03-29,10510,10820,10340,10810,248645,0.041425818882466325
2023-03-30,10870,11060,10570,10570,221667,-0.022201665124884418
2023-03-31,10670,10870,10260,10570,197673,0.0
2023-04-03,10580,10800,10370,10410,79702,-0.015137180700094621
2023-04-04,10500,10640,10260,10300,91030,-0.01056676272814605
2023-04-05,10300,10420,10250,10350,67149,0.004854368932038833
2023-04-06,10350,10350,9990,9990,112928,-0.034782608695652195
2023-04-07,10080,10520,10060,10500,114277,0.05105105105105112
2023-04-10,10580,10580,10150,10190,92341,-0.029523809523809508
2023-04-11,10290,10800,10240,10720,202615,0.05201177625122666
2023-04-12,10840,10840,10470,10670,151224,-0.004664179104477584
2023-04-13,10600,10600,10330,10490,71147,-0.016869728209934376
2023-04-14,10500,10570,10370,10460,59091,-0.0028598665395614953
2023-04-17,10450,10450,10220,10330,65270,-0.0124282982791587
2023-04-18,10320,10320,10120,10190,85132,-0.013552758954501476
2023-04-19,10200,10400,10130,10300,101081,0.01079489695780178
2023-04-20,10200,10300,10090,10090,84665,-0.020388349514563142
2023-04-21,10130,10440,10030,10280,91012,0.01883052527254714
2023-04-24,10280,10290,9970,9990,77834,-0.02821011673151752
2023-04-25,9980,10040,9770,9860,81779,-0.013013013013013053
2023-04-26,9850,10000,9730,9820,88715,-0.0040567951318458695
2023-04-27,9820,9820,9680,9790,49171,-0.003054989816700604
2023-04-28,9850,9870,9640,9660,72477,-0.013278855975485171
2023-05-02,9740,9840,9500,9670,38575,0.0010351966873705098
2023-05-03,9560,9700,9550,9590,45090,-0.008273009307135482
2023-05-04,9570,10060,9490,9730,62803,0.014598540145985384
2023-05-08,9800,10000,9760,9960,49534,0.023638232271325776
2023-05-09,9880,9890,9770,9890,32776,-0.007028112449799173
2023-05-10,10170,11160,9890,10880,855604,0.10010111223458029
2023-05-11,11000,12490,10900,12060,2135440,0.10845588235294112
2023-05-12,11910,12000,11320,11820,735238,-0.01990049751243783
2023-05-15,12000,12250,11580,11820,400688,0.0
2023-05-16,11750,11880,11250,11800,339729,-0.0016920473773265332
2023-05-17,11880,12100,11320,11730,312897,-0.0059322033898304705
2023-05-18,12100,12540,11920,12410,660838,0.05797101449275366
2023-05-19,12340,12410,12030,12240,273858,-0.013698630136986356
2023-05-22,12300,12490,11960,11990,229876,-0.020424836601307228
2023-05-23,11990,11990,11660,11710,197144,-0.02335279399499579
2023-05-24,11600,11670,11370,11400,129918,-0.026473099914602893
2023-05-25,11520,11730,11210,11340,197858,-0.0052631578947368585
2023-05-26,11390,11940,11390,11600,253375,0.022927689594356204
2023-05-30,11780,12180,11690,12110,260359,0.043965517241379315
2023-05-31,12100,12360,11810,12180,310386,0.005780346820809301
2023-06-01,12320,12320,11970,12060,152237,-0.009852216748768461
2023-06-02,12110,12330,12050,12200,116749,0.011608623548922115
2023-06-05,12300,12300,11960,12070,119362,-0.010655737704918011
2023-06-07,12000,12020,11780,11900,147071,-0.014084507042253502
2023-06-08,11960,11960,11540,11820,201280,-0.006722689075630228
2023-06-09,11880,12160,11600,12000,159770,0.015228426395939021
2023-06-12,12000,12100,11810,11990,83185,-0.0008333333333333526
2023-06-13,12090,12450,12000,12380,225242,0.03252710592160124
2023-06-14,12500,13230,12210,12920,793057,0.043618739903069415
2023-06-15,13140,13170,12490,12730,394532,-0.014705882352941124
2023-06-16,13090,13560,12860,13040,532825,0.02435192458758828
2023-06-19,12960,13010,12360,12520,287919,-0.039877300613496924
2023-06-20,12520,12520,12170,12420,205680,-0.007987220447284393
2023-06-21,12370,12680,12300,12490,171265,0.005636070853462183
2023-06-22,12340,12580,12000,12120,141557,-0.02962369895916739
2023-06-23,12100,12330,12000,12070,118311,-0.004125412541254092
2023-06-26,12160,12660,12080,12660,142645,0.048881524440762325
2023-06-27,12600,12650,12200,12290,113199,-0.02922590837282779
2023-06-28,12360,12880,12110,12140,250376,-0.012205044751830707
2023-06-29,12180,12550,12180,12280,157892,0.011532125205930832
2023-06-30,12290,12720,12020,12560,187125,0.0228013029315961
2023-07-03,12670,12860,12460,12580,165693,0.0015923566878981443
2023-07-04,12770,13090,12620,12930,180060,0.027821939586645472
2023-07-05,12930,13140,12440,12480,196203,-0.03480278422273786
2023-07-06,12370,12380,11670,11780,259411,-0.05608974358974361
2023-07-07,11710,11780,11160,11250,223720,-0.044991511035653686
2023-07-10,11250,11430,10900,11320,126481,0.006222222222222129
2023-07-11,11350,11540,11230,11530,82939,0.018551236749116518
2023-07-12,11540,11540,11200,11400,152155,-0.011274934952298366
2023-07-13,11490,11960,11490,11850,150409,0.03947368421052633
2023-07-14,12000,12900,11650,12550,710247,0.05907172995780585
2023-07-17,12900,12920,12440,12590,342080,0.0031872509960160222
2023-07-18,12710,12710,12300,12360,187199,-0.018268467037331204
2023-07-19,12360,12480,11750,11990,272831,-0.0299352750809061
2023-07-20,11920,12240,11920,12190,128604,0.016680567139282676
2023-07-21,12000,12120,11740,11830,104597,-0.029532403609516034
2023-07-24,11750,11750,11130,11650,156749,-0.015215553677092153
2023-07-25,11700,11760,11030,11050,273560,-0.05150214592274682
2023-07-26,11060,11160,10390,10560,410773,-0.044343891402714886
2023-07-27,10560,11130,10500,11090,170790,0.050189393939394034
2023-07-28,11270,11270,10850,11040,90382,-0.0045085662759242195
2023-07-31,11040,11150,10810,10860,105284,-0.016304347826086918
2023-08-01,11000,11270,10840,11270,138700,0.03775322283609572
2023-08-02,11270,11270,10640,10790,140708,-0.04259094942324759
2023-08-03,10790,10790,10440,10710,98158,-0.007414272474513428
2023-08-04,10710,10710,10510,10600,71032,-0.010270774976657293
2023-08-07,10550,10600,10160,10410,82627,-0.017924528301886844
2023-08-08,10410,10490,10270,10440,45757,0.0028818443804035088
2023-08-09,10440,10580,10250,10570,51460,0.01245210727969348
2023-08-10,10500,10530,10230,10400,63947,-0.016083254493850507
2023-08-11,10400,10620,10380,10530,59097,0.012499999999999956
2023-08-14,10560,10560,10250,10450,61486,-0.007597340930674212
2023-08-16,10410,10410,10160,10160,80135,-0.02775119617224875
2023-08-17,10160,10390,9930,10360,77368,0.019685039370078705
2023-08-18,10340,10580,10000,10550,76784,0.01833976833976836
2023-08-21,10680,10690,10250,10510,62888,-0.0037914691943128354
2023-08-22,10470,10610,10150,10150,97252,-0.03425309229305429
2023-08-23,10160,10410,10090,10360,61225,0.020689655172413834
2023-08-24,10500,10690,10410,10510,78179,0.014478764478764505
2023-08-25,10380,10380,10060,10170,95964,-0.032350142721217834
2023-08-28,10170,10180,10020,10100,52929,-0.006882989183874089
2023-08-29,10250,10330,10190,10290,41370,0.01881188118811883
2023-08-30,10390,10450,10280,10450,66918,0.01554907677356665
2023-08-31,10300,10500,10300,10400,49172,-0.004784688995215336
2023-09-01,10460,10680,10400,10650,132322,0.024038461538461453
2023-09-04,10670,10680,10350,10470,95700,-0.016901408450704203
2023-09-05,10480,10690,10400,10560,58571,0.008595988538681931
2023-09-06,10640,10880,10560,10720,126055,0.015151515151515138
2023-09-07,10690,10750,10410,10420,94945,-0.027985074626865725
2023-09-08,10350,10590,10160,10260,74459,-0.015355086372360827
2023-09-11,10220,10390,10040,10190,50507,-0.006822612085769952
2023-09-12,10190,10290,10100,10200,40742,0.0009813542688910104
2023-09-13,10200,10310,10050,10260,55679,0.00588235294117645
2023-09-14,10260,10380,10150,10340,30233,0.007797270955165692
2023-09-15,10380,10800,10260,10580,108924,0.023210831721470093
2023-09-18,10600,10600,10340,10340,47317,-0.022684310018903586
2023-09-19,10340,10520,10200,10470,40598,0.012572533849129597
2023-09-20,10490,10490,10300,10340,31512,-0.012416427889207271
2023-09-21,10280,10300,10030,10190,61020,-0.014506769825918808
2023-09-22,10190,10190,10010,10110,27285,-0.007850834151128527
2023-09-25,10150,10180,9910,9930,40342,-0.017804154302670572
2023-09-26,9900,10000,9810,9900,41045,-0.0030211480362537513
2023-09-27,9810,10050,9810,10050,22932,0.015151515151515138
2023-10-04,9900,10140,9850,10000,47545,-0.00497512437810943
2023-10-05,10050,10140,9760,9980,33348,-0.0020000000000000018
2023-10-06,9930,10100,9880,9980,19188,0.0
2023-10-10,10030,10100,9650,9870,55808,-0.011022044088176308
2023-10-11,9840,10140,9840,10000,56510,0.01317122593718345
2023-10-12,10100,10130,9970,10080,46344,0.008000000000000007
2023-10-13,9980,10200,9850,10190,68635,0.010912698412698374
2023-10-16,10050,10190,9880,10060,44873,-0.012757605495583912
2023-10-17,10000,10180,10000,10100,32174,0.003976143141153132
2023-10-18,10090,10090,9980,9980,23329,-0.011881188118811892
2023-10-19,9970,9970,9430,9520,100928,-0.04609218436873752
2023-10-20,9490,9540,9250,9450,60489,-0.007352941176470562
2023-10-23,9330,9690,9330,9490,34276,0.004232804232804144
2023-10-24,9510,9780,9250,9740,43983,0.026343519494204326
2023-10-25,9630,9810,9600,9770,36508,0.0030800821355236874
2023-10-26,9600,9700,9510,9630,39203,-0.014329580348004134
2023-10-27,9530,9690,9430,9640,48982,0.0010384215991692258
2023-10-30,9600,9670,9560,9640,21421,0.0
2023-10-31,9700,9700,9370,9580,34624,-0.006224066390041472
2023-11-01,9750,9770,9450,9740,41434,0.016701461377870652
2023-11-02,9800,10240,9800,10210,111425,0.04825462012320325
2023-11-03,10140,10390,10050,10380,56587,0.016650342801175277
2023-11-06,10520,10520,10260,10390,67528,0.0009633911368014392
2023-11-07,10380,10490,10250,10400,86688,0.0009624639076035724
2023-11-08,10440,10570,10320,10400,41869,0.0
2023-11-09,10370,10440,10180,10300,25636,-0.009615384615384581
2023-11-10,10250,10300,10030,10280,19505,-0.001941747572815511
2023-11-13,10350,10400,10050,10180,57232,-0.009727626459143934
2023-11-14,10130,10340,10130,10270,16492,0.008840864440078589
2023-11-15,10280,10560,10250,10430,92225,0.015579357351509282
2023-11-16,10460,10570,10330,10530,40369,0.009587727708533
2023-11-17,10480,10600,10300,10300,45556,-0.021842355175688555
2023-11-20,10250,10420,10250,10410,18304,0.010679611650485477
2023-11-21,10400,10480,10200,10270,58146,-0.013448607108549449
2023-11-22,10270,10480,10150,10450,41440,0.017526777020447915
2023-11-23,10500,10520,10240,10270,40012,-0.017224880382775143
2023-11-24,10270,10450,10250,10420,40260,0.014605647517039966
2023-11-27,10420,10640,10300,10540,61255,0.011516314779270731
2023-11-28,10600,10860,10420,10860,171105,0.030360531309297834
2023-11-29,10900,10900,10590,10760,89508,-0.009208103130755041
2023-11-30,10770,10900,10690,10720,45482,-0.0037174721189591198
2023-12-01,10770,10770,10480,10540,62106,-0.016791044776119368
2023-12-04,10520,10520,10160,10160,101680,-0.03605313092979123
2023-12-05,10150,10150,9900,9950,68000,-0.02066929133858264
2023-12-06,9950,10170,9930,10160,45326,0.021105527638190846
2023-12-07,10160,10340,10000,10180,39645,0.0019685039370078705
2023-12-08,10100,10290,9980,10050,52704,-0.012770137524557912
2023-12-11,10040,10160,9960,10040,45299,-0.0009950248756218638
2023-12-12,10070,10270,10070,10210,63600,0.016932270916334646
2023-12-13,10260,11070,10160,10650,369900,0.04309500489715967
2023-12-14,10830,10940,10600,10820,196636,0.015962441314554043
2023-12-15,10910,10910,10460,10500,125288,-0.02957486136783738
2023-12-18,10640,10900,10600,10740,161455,0.02285714285714291
2023-12-19,10900,11110,10750,10800,252730,0.005586592178770999
2023-12-20,10960,10960,10700,10710,98872,-0.008333333333333304
2023-12-21,10590,10660,10460,10530,74692,-0.01680672268907568
2023-12-22,10770,10880,10620,10620,105338,0.008547008547008517
2023-12-26,10640,10680,10440,10470,58019,-0.01412429378531077
2023-12-27,10400,10630,10400,10580,61609,0.010506208213944657
2023-12-28,10590,10650,10510,10640,36626,0.005671077504725952
2024-01-02,10660,11170,10610,11150,167786,0.047932330827067604
2024-01-03,11030,11300,10840,11010,101018,-0.01255605381165914
2024-01-04,11030,11210,10910,11010,82143,0.0
2024-01-05,11020,11040,10900,11010,68062,0.0
2024-01-08,11010,11050,10830,10980,52866,-0.0027247956403270157
2024-01-09,11060,11190,10840,10880,127348,-0.00910746812386154
2024-01-10,10900,11000,10750,10840,46193,-0.003676470588235281
2024-01-11,10950,11140,10920,11010,141965,0.01568265682656822
2024-01-12,11010,11080,10690,10800,71496,-0.019073569482288777
2024-01-15,10800,10800,10520,10650,58573,-0.01388888888888884
2024-01-16,10850,11900,10810,11150,810385,0.04694835680751175
2024-01-17,11250,11340,10920,11000,235811,-0.013452914798206317
2024-01-18,11120,11860,11050,11750,653189,0.06818181818181812
2024-01-19,12480,15270,12310,15270,10227757,0.29957446808510646
2024-01-22,17770,18860,16780,17150,13559593,0.12311722331368702
2024-01-23,17460,18370,17150,17790,4050376,0.03731778425655974
2024-01-24,17670,17670,17140,17360,661359,-0.02417088251826871
2024-01-25,17530,18440,17500,18340,876893,0.056451612903225756
2024-01-26,17910,19300,17910,19190,982769,0.04634678298800443
2024-01-29,18970,20700,17190,18550,3959957,-0.03335070349140179
2024-01-30,19120,22050,18710,21200,8069235,0.1428571428571428
2024-01-31,21200,21600,19480,19660,2446345,-0.0726415094339623
2024-02-01,19000,19000,16420,17480,3522200,-0.11088504577822988
2024-02-02,17600,19490,17230,18500,2691532,0.0583524027459954
2024-02-05,17900,18490,16930,17700,1147889,-0.043243243243243246
2024-02-06,17780,18300,16520,17700,1404116,0.0
2024-02-07,17680,17680,16540,16710,1135015,-0.055932203389830515
2024-02-08,17010,17730,16810,17240,962059,0.03171753441053271
2024-02-13,17690,17970,17120,17240,959368,0.0
2024-02-14,16600,16890,16110,16880,1014995,-0.02088167053364265
2024-02-15,17260,17320,16370,16650,833784,-0.013625592417061627
2024-02-16,16700,16700,15890,15940,669198,-0.042642642642642614
2024-02-19,15940,16240,15700,16220,431453,0.017565872020075313
2024-02-20,16220,16220,15730,15930,441981,-0.017879161528976617
2024-02-21,16140,16520,15540,15650,757062,-0.017576898932831098
2024-02-22,15880,16990,15770,16300,1642065,0.04153354632587858
2024-02-23,16670,16670,15840,16180,645680,-0.007361963190184007
2024-02-26,17270,17500,16230,16400,2371346,0.013597033374536549
2024-02-27,16670,17930,14090,14280,4825846,-0.12926829268292683
2024-02-28,14090,14930,14010,14770,906502,0.03431372549019618
2024-02-29,14540,14860,14330,14610,378510,-0.010832769126608022
2024-03-04,14740,14850,14160,14360,575051,-0.017111567419575646
2024-03-05,14450,14460,13860,14100,464839,-0.01810584958217265
2024-03-06,13950,14080,13780,14010,365744,-0.006382978723404209
2024-03-07,14190,14280,13760,13960,426562,-0.0035688793718772205
2024-03-08,14150,14450,13700,13700,555315,-0.01862464183381085
2024-03-11,13590,13710,13340,13560,277526,-0.010218978102189746
2024-03-12,13570,13580,13310,13450,340508,-0.008112094395280267
2024-03-13,13700,14090,13530,13670,478219,0.01635687732342017
2024-03-14,13720,13760,13240,13470,269102,-0.014630577907827402
2024-03-15,13390,13430,13120,13400,213657,-0.0051967334818113775
2024-03-18,13400,13740,13330,13420,226701,0.0014925373134329067
2024-03-19,13520,13840,13290,13840,333094,0.03129657228017879
2024-03-20,14100,14120,13590,13830,319478,-0.0007225433526011349
2024-03-21,14100,14100,13610,13810,290286,-0.001446131597975464
2024-03-22,13860,14070,13420,13540,269353,-0.01955104996379431
2024-03-25,13550,13610,13220,13250,194371,-0.021418020679468297
2024-03-26,13440,13820,13380,13500,285515,0.018867924528301883
2024-03-27,13850,14280,13510,13540,924486,0.002962962962963056
2024-03-28,13690,14160,13300,13930,649729,0.028803545051698576
2024-03-29,13950,14870,13730,14490,1432816,0.04020100502512558
2024-04-01,14650,14680,14220,14460,475320,-0.0020703933747412417
2024-04-02,14470,14580,14060,14150,454958,-0.021438450899031847
2024-04-03,14100,14150,13570,13670,323745,-0.03392226148409894
2024-04-04,13800,15270,13800,15140,1549812,0.10753474762253101
2024-04-05,14760,15240,14530,14820,722837,-0.021136063408190187
2024-04-08,15100,15460,14210,14210,774431,-0.04116059379217274
2024-04-09,14170,14420,13730,13910,350339,-0.021111893033075257
2024-04-11,13700,14600,13580,14590,354880,0.048885693745506886
2024-04-12,14780,14780,14380,14470,221465,-0.008224811514736086
2024-04-15,14180,14390,14040,14390,207887,-0.005528680027643396
2024-04-16,14350,14350,13600,13710,376316,-0.047255038220986756
2024-04-17,13790,14070,13630,13630,218742,-0.005835156819839482
2024-04-18,13630,14200,13610,14160,237527,0.038884812912692635
2024-04-19,14200,14200,13400,13830,375613,-0.02330508474576276
2024-04-22,13790,13990,13440,13580,240069,-0.018076644974692746
2024-04-23,13600,13800,13570,13660,133877,0.00589101620029453
2024-04-24,13780,14220,13780,14190,256083,0.03879941434846268
2024-04-25,14100,14340,13920,14090,162570,-0.007047216349541974
2024-04-26,14320,15120,14170,14780,792684,0.04897090134847404
2024-04-29,15000,15000,14430,14720,326028,-0.004059539918809252
2024-04-30,14670,14890,14520,14690,168924,-0.0020380434782608647
2024-05-02,14770,14900,14630,14700,218465,0.000680735194009463
2024-05-03,14950,15050,14650,14830,283706,0.008843537414966018
2024-05-07,15000,15100,14740,15000,343600,0.011463250168577188
2024-05-08,15010,15010,14580,14830,221044,-0.011333333333333306
2024-05-09,14870,14870,14320,14320,249835,-0.034389750505731675
2024-05-10,14450,14630,14140,14360,189752,0.0027932960893854997
2024-05-13,14450,14470,13960,14290,154244,-0.004874651810584996
2024-05-14,14300,15920,14230,15620,2131526,0.09307207837648712
2024-05-16,16000,16350,15720,16050,1255211,0.027528809218950068
2024-05-17,16000,16040,15320,15710,611094,-0.021183800623052917
2024-05-20,15800,16350,15550,15850,749935,0.008911521323997418
2024-05-21,15900,16080,15550,15780,327500,-0.004416403785488909
2024-05-22,15830,15830,15470,15540,291429,-0.01520912547528519
2024-05-23,15540,15600,15130,15410,248576,-0.008365508365508312
2024-05-24,15380,15890,15060,15290,394074,-0.0077871512005190935
2024-05-27,15290,15750,15250,15750,401898,0.0300850228907783
2024-05-28,15750,16230,15560,15850,659401,0.006349206349206327
2024-05-29,15880,16050,15670,15720,327388,-0.008201892744479466
2024-05-30,15640,16230,15550,16000,465260,0.01781170483460559
2024-05-31,16150,16560,15680,15680,647524,-0.020000000000000018
2024-06-03,15790,15980,15640,15930,290176,0.015943877551020336
2024-06-04,15940,16960,15730,16780,1474418,0.053358443188951554
2024-06-05,16650,16730,16270,16560,457910,-0.013110846245530383
2024-06-07,16420,16550,15720,15810,449531,-0.04528985507246375
2024-06-10,15810,16100,15720,15860,264146,0.003162555344718543
2024-06-11,15840,15840,14610,14700,781453,-0.073139974779319
2024-06-12,15320,15380,14780,15000,373533,0.020408163265306145
2024-06-13,15150,15150,14780,14800,200359,-0.013333333333333308
2024-06-14,14710,15470,14340,15400,379996,0.04054054054054057
2024-06-17,15330,15370,14940,15030,192630,-0.02402597402597406
2024-06-18,15110,15530,15110,15200,235705,0.011310711909514382
2024-06-19,15200,15270,14510,14530,334167,-0.044078947368421106
2024-06-20,14540,14890,14250,14380,174024,-0.010323468685478288
2024-06-21,14200,14500,13820,14380,218480,0.0
2024-06-24,14450,14450,14140,14200,110893,-0.012517385257301838
2024-06-25,14390,15550,14340,15550,627346,0.09507042253521125
2024-06-26,15500,15800,15250,15740,264921,0.01221864951768481
2024-06-27,15960,16200,15630,16080,378894,0.021601016518424387
2024-06-28,16220,16330,15760,15830,316196,-0.015547263681592094
2024-07-01,15980,16650,15900,16040,682675,0.013265950726468745
2024-07-02,16100,16180,14440,14670,938200,-0.0854114713216958
2024-07-03,14800,14930,14310,14850,243163,0.012269938650306678
2024-07-04,14710,15540,14710,15400,362834,0.03703703703703698
2024-07-05,15500,15760,15060,15450,450103,0.0032467532467532756
2024-07-08,15840,16500,15520,16470,1525921,0.06601941747572826
2024-07-09,16310,16360,15550,15900,967986,-0.03460837887067392
2024-07-10,15890,15890,15040,15670,694829,-0.014465408805031443
2024-07-11,15500,15550,14650,14770,813932,-0.0574345883854499
2024-07-12,14570,15100,14210,14850,605709,0.005416384563303955
2024-07-15,15000,15100,14710,14790,242085,-0.004040404040404066
2024-07-16,15040,15450,14830,15100,604474,0.02096010818120342
2024-07-17,15010,15020,14210,14260,517556,-0.05562913907284772
2024-07-18,13860,14040,13500,13650,432333,-0.04277699859747541
2024-07-19,13650,14220,13530,14180,217230,0.03882783882783891
2024-07-22,14210,14220,13630,13890,200333,-0.020451339915373734
2024-07-23,14080,14140,13280,13360,230492,-0.0381569474442045
2024-07-24,13290,13540,12840,12900,201473,-0.034431137724550864
2024-07-25,12480,13230,12120,12880,370415,-0.0015503875968991832
2024-07-26,12870,13000,12740,12850,75989,-0.0023291925465838137
2024-07-29,12850,12950,12600,12830,91269,-0.0015564202334630295
2024-07-30,12700,13400,12400,12420,299653,-0.031956352299298496
2024-07-31,12440,12640,12210,12640,131313,0.017713365539452575
2024-08-01,12740,12990,12710,12730,105170,0.007120253164556889
2024-08-02,12430,12480,11690,11800,297732,-0.07305577376276517
2024-08-05,11590,11640,9800,10200,467437,-0.13559322033898302
2024-08-06,10210,11090,10210,10930,294149,0.07156862745098036
2024-08-07,11020,11270,10900,10910,199181,-0.0018298261665141702
2024-08-08,10600,10960,10500,10860,94292,-0.004582951420714965
2024-08-09,11060,11420,11060,11310,178158,0.04143646408839774
2024-08-12,11310,11590,11280,11320,112752,0.0008841732979663064
2024-08-13,11320,11480,11100,11440,128536,0.010600706713780994
2024-08-14,11680,11770,11420,11510,188874,0.006118881118881037
2024-08-16,11780,12090,11710,11950,216654,0.038227628149435366
2024-08-19,11930,11960,11550,11550,130756,-0.03347280334728031
2024-08-20,11650,12000,11650,11960,132455,0.03549783549783547
2024-08-21,11960,12040,11820,11980,84466,0.0016722408026756952
2024-08-22,11750,11900,11330,11550,313939,-0.035893155258764575
2024-08-23,11400,11880,11350,11820,162901,0.023376623376623273
2024-08-26,11890,11970,11690,11750,94396,-0.005922165820642977
2024-08-27,11700,11750,11530,11700,51360,-0.004255319148936176
2024-08-28,11740,12060,11590,12040,157642,0.029059829059828957
2024-08-29,11850,11850,11680,11700,85822,-0.028239202657807327
2024-08-30,11750,12330,11610,12230,130496,0.04529914529914536
2024-09-02,12250,12430,12000,12380,96643,0.0122649223221587
2024-09-03,12450,12500,11970,12040,115300,-0.02746365105008075
2024-09-04,11550,11620,11440,11480,105502,-0.046511627906976716
2024-09-05,11480,11680,10930,11220,164465,-0.022648083623693416
2024-09-06,11100,11280,10850,11040,93513,-0.016042780748663055
2024-09-09,10700,11550,10630,11520,110976,0.04347826086956519
2024-09-10,11540,11540,11040,11050,65888,-0.04079861111111116
2024-09-11,11070,11110,10710,10750,132199,-0.02714932126696834
2024-09-12,10920,11230,10860,11170,87467,0.039069767441860526
2024-09-13,11190,11680,11170,11190,188128,0.001790510295434089
2024-09-19,11210,11630,10920,11440,194362,0.022341376228775633
2024-09-20,11480,11850,11430,11700,194024,0.022727272727272707
2024-09-23,11710,11710,11180,11240,133210,-0.03931623931623929
2024-09-24,11280,11320,11160,11190,81220,-0.004448398576512469
2024-09-25,11240,11360,11170,11210,72429,0.0017873100983021306
2024-09-26,11350,11730,11310,11730,157641,0.04638715432649421
2024-09-27,11750,11860,11590,11670,98664,-0.005115089514066473
2024-09-30,11700,11710,11420,11450,71756,-0.018851756640959727
2024-10-02,11300,11480,11010,11240,84769,-0.01834061135371179
2024-10-04,11270,11360,11040,11080,91973,-0.014234875444839812
2024-10-07,11130,11440,11010,11350,72278,0.02436823104693131
2024-10-08,11310,11310,11070,11190,65384,-0.014096916299559448
2024-10-10,11250,11390,10910,10960,58932,-0.020554066130473614
2024-10-11,10950,11140,10760,10790,82727,-0.015510948905109512
2024-10-14,10800,10940,10660,10800,67457,0.000926784059314123
2024-10-15,10900,11100,10730,10760,75711,-0.0037037037037036535
2024-10-16,10710,10760,10400,10500,72416,-0.024163568773234223
2024-10-17,10550,10590,10220,10260,98340,-0.02285714285714291
2024-10-18,10270,10300,10030,10090,100466,-0.016569200779727122
2024-10-21,10110,10380,10110,10300,55065,0.020812685827552135
2024-10-22,10200,10350,9940,10030,81931,-0.026213592233009675
2024-10-23,10050,10280,9950,10200,44585,0.016949152542372836
2024-10-24,10100,10100,9920,10050,67754,-0.014705882352941124
2024-10-25,10050,10190,9700,9750,121698,-0.02985074626865669
2024-10-28,9720,10050,9710,10000,51373,0.02564102564102555
2024-10-29,9950,10020,9790,9960,54901,-0.0040000000000000036
2024-10-30,10020,10100,9880,9930,57270,-0.003012048192771122
2024-10-31,9900,10270,9750,10200,86698,0.027190332326284095
2024-11-01,10090,10100,9940,9950,51413,-0.02450980392156865
2024-11-04,9950,10100,9800,10040,71549,0.009045226130653283
2024-11-05,10000,10290,9970,10240,80734,0.019920318725099584
2024-11-06,10270,10350,10010,10050,61548,-0.0185546875
2024-11-07,10100,10140,9890,10070,62677,0.0019900497512437276
2024-11-08,10070,10290,10000,10060,60769,-0.0009930486593843213
2024-11-11,10080,10090,9440,9550,150389,-0.050695825049701826
2024-11-12,9500,9550,9020,9160,152436,-0.0408376963350785
2024-11-13,9010,9150,8840,8850,120677,-0.03384279475982532
2024-11-14,8860,9020,8700,8700,103058,-0.016949152542372836
2024-11-15,8580,8850,8440,8730,245604,0.0034482758620688614
2024-11-18,8730,8850,8590,8680,117009,-0.00572737686139746
2024-11-19,8700,8820,8630,8780,70511,0.011520737327188835
2024-11-20,8710,8880,8600,8760,77460,-0.002277904328018221
2024-11-21,8750,8830,8620,8710,45796,-0.005707762557077611
2024-11-22,8690,8980,8690,8900,71193,0.021814006888633664
2024-11-25,8910,9150,8870,9110,68547,0.02359550561797752
2024-11-26,9120,9180,9000,9170,63151,0.00658616904500553
2024-11-27,9170,9170,8890,8910,77806,-0.028353326063249695
2024-11-28,8940,9100,8850,8960,48462,0.0056116722783390305
2024-11-29,8890,8980,8610,8750,60270,-0.0234375
2024-12-02,8820,8820,8520,8560,91380,-0.021714285714285686
2024-12-03,8490,8720,8480,8700,52026,0.016355140186915973
2024-12-04,8450,8610,8240,8300,148822,-0.04597701149425293
2024-12-05,8260,8460,8220,8400,68255,0.012048192771084265
2024-12-06,8290,8350,7910,8250,154173,-0.017857142857142905
2024-12-09,8150,8150,7730,7760,121687,-0.05939393939393944
2024-12-10,7730,8180,7730,8170,88253,0.05283505154639179
2024-12-11,8180,8550,8150,8530,53298,0.044063647490820035
2024-12-12,8620,8690,8480,8650,69301,0.014067995310668158
2024-12-13,8650,8870,8600,8870,52278,0.025433526011560792
2024-12-16,8940,9110,8940,9000,47505,0.014656144306651742
2024-12-17,9010,9160,8930,9160,61568,0.01777777777777767
2024-12-18,9140,9230,8980,9210,57090,0.005458515283842891
2024-12-19,8950,9130,8860,9090,38276,-0.013029315960912058
2024-12-20,9060,9060,8810,8880,43925,-0.02310231023102305
2024-12-23,8780,9300,8780,9300,107788,0.04729729729729737
2024-12-24,9220,9440,9220,9340,43853,0.004301075268817289
2024-12-26,9340,9390,9160,9190,36243,-0.016059957173447548
2024-12-27,9150,9330,8980,9120,33538,-0.007616974972796564
2024-12-30,9000,9190,8950,9180,21922,0.006578947368421018
2025-01-02,9260,9650,9050,9170,89890,-0.0010893246187363426
2025-01-03,9170,9440,9080,9390,45482,0.02399127589967276
2025-01-06,9430,9870,9420,9800,136266,0.04366347177848784
2025-01-07,9870,9870,9460,9570,110267,-0.02346938775510199
2025-01-08,9570,9810,9460,9790,51569,0.02298850574712641
2025-01-09,9820,9820,9600,9690,44054,-0.010214504596527063
2025-01-10,9770,9880,9560,9840,51166,0.015479876160990669
2025-01-13,9750,9750,9380,9480,65464,-0.03658536585365857
2025-01-14,9400,9520,9360,9460,33313,-0.002109704641350185
2025-01-15,9400,9580,9270,9370,38251,-0.009513742071881603
2025-01-16,9390,9620,9370,9420,31525,0.005336179295624355
2025-01-17,9330,9460,9280,9430,24155,0.0010615711252655036
2025-01-20,9490,9770,9430,9700,137514,0.028632025450689325
2025-01-21,9740,9950,9550,9840,119006,0.014432989690721598
2025-01-22,9750,9830,9390,9620,138011,-0.022357723577235755
2025-01-23,9620,9620,9050,9050,152191,-0.05925155925155923
2025-01-24,9100,9520,9050,9420,123040,0.04088397790055254
2025-01-31,9380,9420,9080,9160,69786,-0.027600849256900206
2025-02-03,9000,9130,8620,8670,89876,-0.053493449781659375
2025-02-04,8680,8900,8680,8810,59314,0.016147635524798254
2025-02-05,8830,9030,8810,8990,36435,0.020431328036322416
2025-02-06,9070,9070,8820,9040,59048,0.005561735261401468
2025-02-07,9030,9380,8910,9320,82170,0.030973451327433565
2025-02-10,9250,9520,9040,9470,131797,0.016094420600858417
