Date,Open,High,Low,Close,Volume,Change
2022-01-03,6913,6960,6810,6923,44558,0.006688963210702337
2022-01-04,6998,6998,6829,6914,47850,-0.0013000144446049244
2022-01-05,6950,6950,6642,6820,29438,-0.013595603124096023
2022-01-06,6736,7830,6577,6914,653931,0.01378299120234594
2022-01-07,6998,7026,6774,6774,99089,-0.020248770610355793
2022-01-10,6773,6810,6614,6661,63891,-0.016681428993209346
2022-01-11,6661,6726,6548,6577,66765,-0.012610719111244562
2022-01-12,6614,6633,6558,6615,38767,0.0057777102022198434
2022-01-13,6614,6642,6548,6558,44814,-0.008616780045351491
2022-01-14,6558,6614,6408,6596,75195,0.005794449527294798
2022-01-17,6548,6698,6492,6502,66248,-0.014251061249241914
2022-01-18,6464,6698,6464,6549,54954,0.00722854506305759
2022-01-19,6539,6586,6389,6549,58810,0.0
2022-01-20,6614,6614,6417,6530,38330,-0.002901206291036851
2022-01-21,6512,6680,6418,6484,45024,-0.007044410413476254
2022-01-24,6520,6520,6287,6287,50655,-0.0303824799506478
2022-01-25,6342,6342,5931,5978,108599,-0.04914903769683476
2022-01-26,5912,6268,5912,6212,68870,0.039143526262964246
2022-01-27,6268,6268,5922,5997,50714,-0.0346104314230522
2022-01-28,5932,6596,5932,6456,184869,0.0765382691345673
2022-02-03,6642,6960,6549,6858,173480,0.06226765799256495
2022-02-04,6848,7045,6624,6905,76689,0.006853310002916224
2022-02-07,6904,6904,6735,6792,87588,-0.016364952932657495
2022-02-08,6811,6989,6802,6905,57248,0.016637220259128283
2022-02-09,6941,7100,6941,7054,67751,0.021578566256335918
2022-02-10,7110,7110,6932,6970,28868,-0.011908137227105153
2022-02-11,6969,7409,6923,7288,254388,0.045624103299856555
2022-02-14,7045,7363,7045,7148,99659,-0.019209659714599314
2022-02-15,7157,7485,7157,7429,296571,0.039311695579183015
2022-02-16,8233,8533,7279,7298,1827385,-0.017633598061650324
2022-02-17,7578,7737,6839,7092,510524,-0.028226911482597927
2022-02-18,6951,7147,6829,6895,204994,-0.02777777777777779
2022-02-21,6867,6867,6586,6624,137820,-0.03930384336475712
2022-02-22,6436,6549,6371,6390,160323,-0.03532608695652173
2022-02-23,6381,8027,6371,7008,2865555,0.0967136150234742
2022-02-24,6866,7147,6455,6633,606684,-0.05351027397260277
2022-02-25,6708,6773,6605,6671,124610,0.005728931102065404
2022-02-28,6549,6755,6549,6643,100409,-0.0041972717733472775
2022-03-02,6623,6726,6595,6652,67552,0.001354809573987703
2022-03-03,6689,6764,6623,6652,97198,0.0
2022-03-04,6596,6698,6493,6596,122532,-0.008418520745640423
2022-03-07,6595,6689,6474,6549,84904,-0.007125530624620957
2022-03-08,6483,6558,6474,6512,41056,-0.005649717514124242
2022-03-10,6539,6595,6492,6502,28130,-0.0015356265356265553
2022-03-11,6502,6558,6493,6512,35781,0.0015379883112889292
2022-03-14,6511,6539,6389,6446,34427,-0.010135135135135087
2022-03-15,6455,6689,6389,6474,84217,0.004343779087806476
2022-03-16,6483,6567,6455,6502,35988,0.004324992276799611
2022-03-17,6605,6623,6464,6577,39515,0.011534912334666192
2022-03-18,6596,6596,6474,6512,25522,-0.009882925345902405
2022-03-21,6539,6576,6464,6502,29563,-0.0015356265356265553
2022-03-22,6557,6586,6455,6586,39798,0.01291910181482625
2022-03-23,6595,6595,6492,6502,61709,-0.012754327361068962
2022-03-24,6483,6549,6436,6549,38621,0.00722854506305759
2022-03-25,6576,6876,6473,6792,196011,0.03710490151168111
2022-03-28,6820,6904,6689,6820,79109,0.0041224970553592755
2022-03-29,6838,7166,6801,7026,119499,0.03020527859237543
2022-03-30,7026,7157,6960,7073,52767,0.006689439225733063
2022-03-31,7035,7344,6969,7157,112427,0.011876148734624614
2022-04-01,7156,7484,7026,7447,219418,0.040519770853709725
2022-04-04,7465,7662,7184,7344,113699,-0.013831072915267861
2022-04-05,7456,7915,7251,7906,289061,0.07652505446623104
2022-04-06,7952,8279,7802,8130,322456,0.02833291171262342
2022-04-07,8139,8316,7147,7213,733219,-0.11279212792127924
2022-04-08,7222,7251,6904,7092,144758,-0.016775266879245798
2022-04-11,6913,7063,6801,6811,84008,-0.039622109419063745
2022-04-12,6811,7110,6783,6877,100861,0.009690207018059116
2022-04-13,7007,7054,6811,6886,48831,0.001308710193398177
2022-04-14,6960,6988,6829,6848,44771,-0.005518443218123781
2022-04-15,6727,6979,6727,6961,31766,0.016501168224299034
2022-04-18,6961,6961,6839,6905,17359,-0.008044821146387049
2022-04-19,6867,6951,6839,6858,25744,-0.006806661839246941
2022-04-20,6857,7007,6642,6923,89585,0.009477981918926792
2022-04-21,6848,6904,6745,6811,20709,-0.016177957532861442
2022-04-22,6811,6811,6680,6755,25245,-0.008221993833504637
2022-04-25,6717,6717,6549,6549,65393,-0.030495928941524753
2022-04-26,6511,6652,6493,6568,30566,0.0029012062910367398
2022-04-27,6427,6596,6427,6568,39913,0.0
2022-04-28,6558,6633,6493,6596,20132,0.004263093788063443
2022-04-29,6633,6727,6605,6643,23030,0.007125530624620957
2022-05-02,6642,6717,6492,6605,43356,-0.005720307090170129
2022-05-03,6624,6633,6549,6568,17650,-0.005601816805450466
2022-05-04,6568,6642,6530,6568,16424,0.0
2022-05-06,6549,6567,6483,6493,20491,-0.011419001218026748
2022-05-09,6492,6502,6081,6343,43463,-0.023101801940551336
2022-05-10,6296,6296,6053,6250,36149,-0.014661831940722014
2022-05-11,6100,6708,6081,6222,28164,-0.0044800000000000395
2022-05-12,6333,6361,6146,6156,28973,-0.01060752169720347
2022-05-13,6109,6277,5893,6184,23455,0.004548408057180042
2022-05-16,6221,6324,6127,6184,27355,0.0
2022-05-17,6184,6287,6184,6278,12529,0.015200517464424301
2022-05-18,6278,6315,6240,6278,22554,0.0
2022-05-19,6268,6287,6128,6278,18040,0.0
2022-05-20,6286,6342,6221,6268,21278,-0.0015928639694170466
2022-05-23,6333,6333,6202,6259,11337,-0.001435864709636303
2022-05-24,6287,6287,6175,6222,21060,-0.0059114874580603605
2022-05-25,6165,6259,6137,6203,9757,-0.0030536804885888946
2022-05-26,6174,6268,6081,6203,53794,0.0
2022-05-27,6249,6249,6081,6128,32516,-0.012090923746574278
2022-05-30,6155,6212,6109,6212,17926,0.013707571801566676
2022-05-31,6156,6250,6156,6222,15990,0.0016097875080489654
2022-06-02,6259,6259,6156,6222,20921,0.0
2022-06-03,6221,6474,6212,6465,60629,0.039054966248794676
2022-06-07,6465,6493,6184,6278,46284,-0.028924980665119837
2022-06-08,6165,6314,6165,6315,17929,0.005893596686842972
2022-06-09,6268,6268,6090,6231,29727,-0.013301662707838502
2022-06-10,6156,6250,6119,6250,20822,0.003049269780131647
2022-06-13,6249,6249,5959,5988,46188,-0.04191999999999996
2022-06-14,5949,5987,5762,5847,48221,-0.02354709418837675
2022-06-15,5847,5884,5566,5660,34339,-0.03198221310073546
2022-06-16,5707,5782,5585,5698,17021,0.006713780918727874
2022-06-17,5473,5706,5473,5604,28376,-0.016497016497016515
2022-06-20,5529,5613,5155,5286,28725,-0.05674518201284795
2022-06-21,5341,5341,5135,5192,44835,-0.017782822550132416
2022-06-22,5014,5219,4920,4958,43030,-0.04506933744221875
2022-06-23,5052,5052,4607,4706,81797,-0.05082694634933438
2022-06-24,4612,4892,4612,4846,18803,0.02974925626859326
2022-06-27,4883,4958,4780,4874,86643,0.005777961205117643
2022-06-28,4920,4948,4724,4827,55987,-0.009643003693065255
2022-06-29,4818,4883,4743,4837,24639,0.0020716801325875167
2022-06-30,4836,4864,4733,4743,22855,-0.01943353318172425
2022-07-01,4714,4771,4579,4612,76986,-0.027619650010541896
2022-07-04,4528,4789,4509,4659,85401,0.010190806591500401
2022-07-05,4570,6043,4570,5791,3864812,0.24297059454818637
2022-07-06,5800,5819,5473,5473,566351,-0.054912795717492635
2022-07-07,5501,6109,5473,5604,1320705,0.0239356842682259
2022-07-08,5603,5725,5482,5688,157281,0.01498929336188426
2022-07-11,5688,5903,5529,5660,298530,-0.004922644163150469
2022-07-12,5697,7354,5155,7354,9073964,0.29929328621908136
2022-07-13,8036,8130,7007,7045,5017844,-0.04201794941528425
2022-07-14,7110,7269,6886,7251,1734187,0.029240596167494637
2022-07-15,7147,7194,6848,6923,915894,-0.045235139980692285
2022-07-18,6876,6960,6782,6923,469789,0.0
2022-07-19,6923,7072,6885,7054,894586,0.01892243247147185
2022-07-20,7344,7531,6792,6830,2542270,-0.03175503260561385
2022-07-21,6979,7017,6689,6802,342922,-0.0040995607613469875
2022-07-22,6736,6745,6483,6521,370009,-0.04131137900617465
2022-07-25,6642,6773,6501,6586,330320,0.009967796350253133
2022-07-26,6680,6736,6521,6540,172194,-0.006984512602490112
2022-07-27,6539,6661,6465,6596,143840,0.008562691131498434
2022-07-28,6633,6633,6343,6390,184454,-0.0312310491206792
2022-07-29,6408,6445,6062,6137,202405,-0.03959311424100154
2022-08-01,6128,6203,5894,6175,147745,0.006191950464396356
2022-08-02,6128,6380,6128,6334,131517,0.02574898785425095
2022-08-03,6277,6390,6203,6306,101104,-0.004420587306599333
2022-08-04,6324,6343,6184,6259,105741,-0.007453219156358992
2022-08-05,6268,6352,6249,6268,97605,0.001437929381690406
2022-08-08,6221,6324,6127,6296,62769,0.00446713465220161
2022-08-09,6296,6408,6230,6390,77512,0.0149301143583227
2022-08-10,6389,6389,6127,6165,95238,-0.035211267605633756
2022-08-11,6230,6296,6136,6296,52693,0.02124898621248983
2022-08-12,6221,6361,6221,6296,73369,0.0
2022-08-16,6352,6352,6212,6287,47317,-0.001429479034307457
2022-08-17,6287,6287,6063,6063,60388,-0.03562907587084463
2022-08-18,6053,6128,5903,6119,64249,0.009236351641101814
2022-08-19,6099,6193,5996,5997,53178,-0.019937898349403516
2022-08-22,5903,5959,5698,5698,112584,-0.049858262464565595
2022-08-23,5604,5707,5510,5539,79857,-0.02790452790452791
2022-08-24,5501,5585,5454,5520,49917,-0.003430222061744037
2022-08-25,5548,5623,5473,5595,51325,0.013586956521739024
2022-08-26,5604,5632,5445,5445,45158,-0.02680965147453085
2022-08-29,5201,5313,5182,5220,55849,-0.04132231404958675
2022-08-30,5220,5417,5211,5333,35819,0.021647509578544
2022-08-31,5332,5369,5294,5323,17849,-0.0018751171948246936
2022-09-01,5239,5323,5211,5249,32568,-0.013901934999060672
2022-09-02,5248,5276,5145,5155,47513,-0.01790817298533054
2022-09-05,5154,5192,5126,5164,32389,0.0017458777885548393
2022-09-06,5117,5220,5080,5155,31427,-0.0017428350116188707
2022-09-07,5089,5173,4930,4968,57089,-0.036275460717749786
2022-09-08,5098,5098,4967,5052,23042,0.01690821256038655
2022-09-13,5052,5155,5052,5155,23739,0.020387965162312005
2022-09-14,5070,5154,4986,5136,28404,-0.0036857419980601547
2022-09-15,5173,5173,4968,4968,26690,-0.032710280373831724
2022-09-16,4930,5005,4771,4865,49599,-0.02073268921095006
2022-09-19,4799,4864,4672,4743,46798,-0.0250770811921891
2022-09-20,4771,4827,4733,4818,11768,0.015812776723592714
2022-09-21,4743,4818,4668,4790,42172,-0.00581154005811535
2022-09-22,4743,4743,4589,4725,49361,-0.013569937369519836
2022-09-23,4696,4696,4537,4542,56949,-0.038730158730158726
2022-09-26,4471,4556,4252,4252,85165,-0.06384852487890802
2022-09-27,4210,4355,4149,4257,53363,0.0011759172154279796
2022-09-28,4177,4331,3990,4201,76735,-0.013154803852478247
2022-09-29,4163,4299,4154,4154,28606,-0.011187812425612953
2022-09-30,4079,4168,4032,4126,58637,-0.006740491092922518
2022-10-04,4144,4392,4140,4346,35946,0.053320407174018314
2022-10-05,4471,4471,4205,4205,35590,-0.03244362632305564
2022-10-06,4210,4322,4205,4271,45124,0.01569560047562435
2022-10-07,4285,4383,4271,4360,26616,0.020838211191758438
2022-10-11,4126,4214,4009,4084,49462,-0.06330275229357796
2022-10-12,4079,4098,3943,4098,38645,0.00342801175318308
2022-10-13,4092,4092,3844,3859,59583,-0.058321132259638864
2022-10-14,3859,4158,3859,3976,117877,0.030318735423684906
2022-10-17,3938,4209,3896,4121,43267,0.03646881287726367
2022-10-18,4125,4237,3900,4233,36762,0.027177869449162895
2022-10-19,4233,4303,4200,4219,21975,-0.003307347035199637
2022-10-20,4233,4256,4130,4219,14722,0.0
2022-10-21,4125,4167,4069,4102,22050,-0.027731689973927498
2022-10-24,4097,4167,4022,4121,13820,0.004631886884446601
2022-10-25,4153,4153,4097,4149,22141,0.006794467362290613
2022-10-26,4181,4181,4064,4088,20260,-0.014702337912750107
2022-10-27,4111,4135,4069,4079,11695,-0.0022015655577299897
2022-10-28,4069,4069,3975,4004,18098,-0.01838685952439323
2022-10-31,4027,4046,3966,4023,13282,0.004745254745254668
2022-11-01,4031,4045,3970,3999,34881,-0.005965697240865042
2022-11-02,3999,4097,3971,4051,38491,0.013003250812703149
2022-11-03,3966,4331,3942,4116,23789,0.016045420883732397
2022-11-04,4135,4135,3962,4009,37151,-0.025996112730806598
2022-11-07,4032,4036,3985,3990,24137,-0.004739336492891044
2022-11-08,3989,4088,3989,4088,20727,0.024561403508772006
2022-11-09,4088,4195,4074,4107,41768,0.004647749510763299
2022-11-10,4102,4107,4032,4107,23530,0.0
2022-11-11,4238,4238,4149,4182,35454,0.018261504747991264
2022-11-14,4210,4266,4200,4257,25046,0.017934002869440357
2022-11-15,4298,4298,4195,4289,71209,0.007517030772844713
2022-11-16,4584,4584,4289,4294,206626,0.00116577290743769
2022-11-17,4266,4275,4172,4210,41234,-0.01956217978574759
2022-11-18,4210,4243,4168,4173,35678,-0.008788598574821838
2022-11-21,4200,4200,4022,4079,51878,-0.022525760843517872
2022-11-22,4022,4059,3998,4013,27205,-0.016180436381466046
2022-11-23,4027,4084,4018,4084,11264,0.017692499377024662
2022-11-24,4092,4153,4069,4135,34188,0.012487757100881458
2022-11-25,4153,5239,4135,4762,4974472,0.15163240628778718
2022-11-28,4808,4920,4607,4668,592209,-0.01973960520789586
2022-11-29,4621,4808,4616,4687,184163,0.004070265638389081
2022-11-30,4706,4771,4659,4678,91548,-0.0019202048218476264
2022-12-01,4686,4771,4630,4715,109108,0.007909362975630607
2022-12-02,4742,4742,4663,4668,49834,-0.009968186638388166
2022-12-05,4668,4827,4659,4706,105571,0.008140531276778162
2022-12-06,4696,4809,4594,4725,93781,0.004037399065023317
2022-12-07,4734,5136,4575,4575,720208,-0.031746031746031744
2022-12-08,4583,4958,4583,4874,408184,0.06535519125683065
2022-12-09,4948,5688,4771,4818,1618408,-0.011489536315141602
2022-12-12,4789,4864,4546,4626,143531,-0.03985056039850565
2022-12-13,4678,5136,4650,4781,546643,0.03350626891482933
2022-12-14,4818,5136,4818,5043,274140,0.05480025099351593
2022-12-15,4921,5407,4921,5155,490576,0.02220900257783076
2022-12-16,5014,5641,4977,5239,1256254,0.01629485935984487
2022-12-19,5304,5369,5061,5192,181134,-0.00897117770566902
2022-12-20,5210,5210,4799,4799,252325,-0.07569337442218793
2022-12-21,4874,4948,4780,4846,66083,0.009793707022296205
2022-12-22,4855,5033,4724,4790,84256,-0.011555922410235286
2022-12-23,4846,5360,4593,4837,2083289,0.009812108559498878
2022-12-26,4743,4949,4677,4949,153877,0.02315484804630974
2022-12-27,4958,5005,4856,4856,124202,-0.01879167508587598
2022-12-28,4902,4902,4607,4622,221486,-0.04818780889621088
2022-12-29,4649,5005,4551,4589,307195,-0.0071397663349199725
2023-01-02,4607,4752,4401,4439,163799,-0.032686859882327335
2023-01-03,4359,4472,4233,4388,104734,-0.011489074115791809
2023-01-04,4275,4570,4275,4547,59935,0.03623518687329086
2023-01-05,4575,4706,4575,4678,100595,0.028810204530459682
2023-01-06,4630,4827,4616,4668,42879,-0.0021376656690893503
2023-01-09,4645,4734,4645,4678,56906,0.002142245072836335
2023-01-10,4724,4762,4654,4753,31222,0.01603249251817007
2023-01-11,4742,4808,4714,4771,41547,0.003787081843046547
2023-01-12,4799,4808,4724,4799,33084,0.0058687906099350595
2023-01-13,4864,4864,4696,4762,40396,-0.007709939570743951
2023-01-16,4790,4949,4715,4856,109180,0.01973960520789575
2023-01-17,4836,4855,4733,4790,38402,-0.013591433278418497
2023-01-18,4790,4846,4752,4781,28324,-0.0018789144050104234
2023-01-19,4752,4789,4705,4715,30580,-0.013804643380046056
2023-01-20,4865,4911,4678,4678,78954,-0.007847295864263026
2023-01-25,4686,4780,4658,4715,35827,0.007909362975630607
2023-01-26,4714,4845,4672,4771,34809,0.011876988335100647
2023-01-27,4771,4789,4724,4771,21146,0.0
2023-01-30,4771,4930,4743,4856,165791,0.017815971494445693
2023-01-31,4893,4930,4799,4837,99794,-0.003912685337726485
2023-02-01,4883,4911,4770,4827,65079,-0.0020673971469918895
2023-02-02,4836,4911,4836,4874,52557,0.009736896623161462
2023-02-03,4873,4920,4677,4771,47223,-0.021132540008206857
2023-02-06,4771,4771,4673,4706,64173,-0.013623978201634857
2023-02-07,4687,4790,4687,4781,34353,0.015937101572460755
2023-02-08,4799,4855,4771,4837,39867,0.01171303074670571
2023-02-09,4855,5576,4781,5277,2594721,0.09096547446764514
2023-02-10,5183,5258,4987,4987,285283,-0.05495546712147048
2023-02-13,5033,5154,4976,5033,151664,0.009223982354120697
2023-02-14,5145,5332,5042,5267,393445,0.0464931452414068
2023-02-15,5266,5435,5126,5164,234112,-0.019555724321245527
2023-02-16,5360,5360,5211,5211,169756,0.009101471727343213
2023-02-17,5239,5258,4958,5099,123515,-0.021492995586259833
2023-02-20,5099,5286,5080,5277,64307,0.03490880564816634
2023-02-21,5239,5295,5145,5211,59803,-0.012507106310403637
2023-02-22,5164,5164,4977,5024,57386,-0.03588562655920169
2023-02-23,5052,5099,4986,5015,55070,-0.001791401273885329
2023-02-24,5033,5070,4808,4921,88771,-0.01874376869391825
2023-02-27,4948,4948,4724,4799,34497,-0.024791709002235263
2023-02-28,4799,4912,4771,4884,36144,0.01771202333819555
2023-03-02,4874,4939,4752,4762,80273,-0.024979524979524936
2023-03-03,4789,4845,4621,4799,33698,0.007769844603108034
2023-03-06,4799,4827,4696,4790,47623,-0.0018753907063971953
2023-03-07,4845,4902,4743,4874,58342,0.017536534446764174
2023-03-08,4864,4864,4724,4799,62696,-0.015387771850636
2023-03-09,4846,4864,4705,4790,26788,-0.0018753907063971953
2023-03-10,4696,4753,4687,4725,39361,-0.013569937369519836
2023-03-13,4733,4733,4509,4640,62130,-0.017989417989418
2023-03-14,4579,4645,4425,4519,54666,-0.026077586206896597
2023-03-15,4519,4622,4434,4463,33612,-0.012392122150918339
2023-03-16,4396,4462,4340,4378,55364,-0.019045485099708714
2023-03-17,4382,4630,4382,4570,64155,0.04385564184559154
2023-03-20,4537,4715,4396,4542,39462,-0.006126914660831484
2023-03-21,4514,4579,4495,4519,33211,-0.0050638485248789555
2023-03-22,4537,4537,4406,4477,48332,-0.009294091613188726
2023-03-23,4495,4556,4397,4500,80679,0.005137368773732387
2023-03-24,4565,4593,4410,4425,43314,-0.01666666666666672
2023-03-27,4397,4448,4256,4355,56379,-0.015819209039548032
2023-03-28,4355,4453,4256,4444,43914,0.020436280137772656
2023-03-29,4397,4420,4331,4346,48025,-0.022052205220522092
2023-03-30,4387,4518,4275,4444,80366,0.022549470777726732
2023-03-31,4514,5014,4514,4645,414758,0.04522952295229521
2023-04-03,4696,4790,4645,4678,130537,0.007104413347685634
2023-04-04,4733,4771,4644,4715,57855,0.007909362975630607
2023-04-05,4687,4809,4664,4725,69715,0.0021208907741250282
2023-04-06,4715,4855,4663,4846,131779,0.025608465608465636
2023-04-07,5051,5051,4770,4827,129649,-0.003920759389187012
2023-04-10,5052,5061,4771,4809,174096,-0.003729024238657508
2023-04-11,4808,4846,4705,4818,92525,0.0018714909544603753
2023-04-12,4743,5014,4673,4884,205752,0.013698630136986356
2023-04-13,5333,5351,4865,4912,442654,0.005733005733005836
2023-04-14,4911,5219,4817,5089,431133,0.03603420195439733
2023-04-17,4976,5210,4836,5089,275381,0.0
2023-04-18,5117,5238,4976,5061,191819,-0.005502063273727598
2023-04-19,5192,5931,5033,5838,1535393,0.15352697095435675
2023-04-20,5669,5800,5173,5295,635486,-0.09301130524152101
2023-04-21,5510,5520,5127,5202,275292,-0.017563739376770582
2023-04-24,5220,5361,5211,5277,161018,0.014417531718569743
2023-04-25,5425,5425,5051,5164,240359,-0.02141368201629712
2023-04-26,5267,5763,5258,5389,1274988,0.04357087529047243
2023-04-27,5407,6998,5332,6493,14243456,0.20486175542772322
2023-04-28,6493,6652,6380,6465,2213666,-0.004312336362236269
2023-05-02,6315,6483,5997,6437,1687969,-0.004331013147718443
2023-05-03,6231,6736,6025,6119,1464923,-0.04940189529283823
2023-05-04,6128,6165,5585,5801,1115283,-0.05196927602549439
2023-05-08,5857,5875,5670,5670,364166,-0.022582313394242326
2023-05-09,5623,5782,5501,5539,332926,-0.023104056437389775
2023-05-10,5538,5763,5407,5698,315221,0.028705542516699767
2023-05-11,5622,5819,5557,5632,251589,-0.01158301158301156
2023-05-12,5567,5670,5230,5380,465411,-0.04474431818181823
2023-05-15,5379,5389,5117,5146,246601,-0.04349442379182156
2023-05-16,5173,5276,5098,5164,164436,0.003497862417411568
2023-05-17,5220,5408,5127,5408,181968,0.047250193648334715
2023-05-18,5500,5538,5229,5426,211871,0.003328402366863825
2023-05-19,5435,5454,5295,5370,146830,-0.010320678215997026
2023-05-22,5361,5492,5286,5492,142205,0.02271880819366845
2023-05-23,5463,5566,5304,5454,266017,-0.006919155134741395
2023-05-24,5398,5567,5361,5408,178849,-0.008434176751008438
2023-05-25,5472,5538,5388,5510,150347,0.018860946745562046
2023-05-26,5510,5538,5313,5323,126796,-0.033938294010889325
2023-05-30,5323,5379,5211,5333,84951,0.0018786398647379077
2023-05-31,5285,5781,5285,5641,1004103,0.05775360960059994
2023-06-01,5613,5688,5547,5632,226102,-0.0015954617975536545
2023-06-02,5584,5678,5584,5613,112157,-0.003373579545454586
2023-06-05,5697,5697,5613,5632,135558,0.003384999109210751
2023-06-07,5632,5679,5482,5567,161164,-0.011541193181818232
2023-06-08,5510,5603,5463,5585,87939,0.003233339320998674
2023-06-09,5603,5613,5519,5557,56275,-0.005013428827215782
2023-06-12,5641,5688,5510,5604,117370,0.008457800971747309
2023-06-13,5632,5763,5585,5735,212799,0.023376159885795778
2023-06-14,5931,5931,5613,5679,353448,-0.00976460331299045
2023-06-15,5688,5744,5520,5623,163526,-0.009860891001936989
2023-06-16,5538,5697,5538,5688,60900,0.011559665658900986
2023-06-19,5688,5754,5595,5698,92610,0.0017580872011251358
2023-06-20,5697,5753,5528,5613,163594,-0.014917514917514918
2023-06-21,5613,5660,5398,5436,130629,-0.031533939070016004
2023-06-22,5379,5894,5332,5810,566000,0.06880058866813843
2023-06-23,5772,6502,5332,5361,3979036,-0.07728055077452667
2023-06-26,5379,5379,5098,5267,228115,-0.017534042156314156
2023-06-27,5370,5473,5173,5183,173408,-0.01594835769887981
2023-06-28,5276,5369,5182,5220,143381,0.007138722747443538
2023-06-29,5192,5258,5099,5174,125825,-0.008812260536398497
2023-06-30,5117,5230,5099,5230,93422,0.010823347506764502
2023-07-03,5230,5295,5108,5146,139548,-0.016061185468451256
2023-07-04,5276,5304,5164,5183,85057,0.007190050524679359
2023-07-05,5201,6483,5173,5576,4965858,0.07582481188500867
2023-07-06,5782,6642,5669,5885,8106673,0.05541606886657102
2023-07-07,5856,5903,5576,5726,542845,-0.02701784197111301
2023-07-10,5744,6315,5707,5988,2768017,0.045756199790429664
2023-07-11,5940,5987,5735,5810,497244,-0.02972611890447563
2023-07-12,5856,5912,5716,5735,287133,-0.012908777969018903
2023-07-13,5688,5941,5670,5801,248910,0.011508282476024423
2023-07-14,5810,5931,5688,5754,236365,-0.00810205137045339
2023-07-17,5800,6053,5697,6053,420488,0.05196385123392422
2023-07-18,6343,6437,5884,5885,752878,-0.027754832314554778
2023-07-19,5828,5987,5725,5847,207943,-0.006457094307561584
2023-07-20,5875,6108,5669,5716,316905,-0.02240465195826924
2023-07-21,5725,5809,5622,5632,140753,-0.01469559132260323
2023-07-24,5660,5660,5342,5361,268545,-0.04811789772727271
2023-07-25,5313,5407,5239,5239,129315,-0.02275694833053532
2023-07-26,5210,5239,4864,4949,240463,-0.055354075205191866
2023-07-27,4902,5089,4902,4949,126794,0.0
2023-07-28,4855,5070,4855,5052,50570,0.02081228531016377
2023-07-31,5051,5117,4967,5108,59969,0.011084718923198844
2023-08-01,5117,5192,5042,5052,68387,-0.01096319498825371
2023-08-02,5079,5145,4939,4958,89866,-0.018606492478226433
2023-08-03,4948,5304,4864,5295,193897,0.06797095603065761
2023-08-04,5305,5417,5192,5305,80207,0.0018885741265344258
2023-08-07,5314,5379,5258,5333,46082,0.005278039585296934
2023-08-08,5229,5332,5117,5127,76130,-0.038627414213388334
2023-08-09,5126,5313,5070,5220,44136,0.018139262726740712
2023-08-10,5164,5473,5155,5417,73525,0.037739463601532464
2023-08-11,5454,5520,5351,5361,75451,-0.010337825364592934
2023-08-14,5361,5407,5295,5361,31478,0.0
2023-08-16,5314,5323,5117,5146,65209,-0.0401044581234844
2023-08-17,5136,5220,5052,5146,104405,0.0
2023-08-18,5061,5426,5061,5174,114911,0.005441119315973575
2023-08-21,5098,5257,5098,5192,34407,0.0034789331271742885
2023-08-22,5192,5211,5108,5118,59720,-0.014252696456086289
2023-08-23,5146,5342,5127,5249,63973,0.025595935912465784
2023-08-24,5211,5435,5211,5389,74986,0.026671746999428425
2023-08-25,5286,5417,5286,5333,43058,-0.010391538318797577
2023-08-28,5332,5435,5229,5323,90890,-0.0018751171948246936
2023-08-29,5332,5426,5257,5342,63067,0.003569415743001958
2023-08-30,5417,5463,5351,5389,31200,0.008798202920254683
2023-08-31,5435,5435,5276,5286,44146,-0.01911300797921689
2023-09-01,5285,5397,5191,5220,43238,-0.012485811577752526
2023-09-04,5220,5332,5155,5155,48467,-0.01245210727969348
2023-09-05,5117,5202,5089,5146,39904,-0.0017458777885548393
2023-09-06,5108,5155,5024,5099,84605,-0.009133307423241366
2023-09-07,5024,5099,4986,5043,60730,-0.01098254559717593
2023-09-08,5033,5117,4995,5080,33075,0.00733690263731912
2023-09-11,5080,5202,5080,5174,27022,0.018503937007874116
2023-09-12,5107,5229,5107,5164,40606,-0.0019327406262079627
2023-09-13,5164,5220,5070,5108,36769,-0.010844306738962084
2023-09-14,5061,5211,5061,5146,46168,0.007439310884886474
2023-09-15,5146,5211,5108,5146,20242,0.0
2023-09-18,5173,5173,5005,5155,32276,0.001748931208705784
2023-09-19,5154,5229,5108,5108,28569,-0.009117361784675038
2023-09-20,5117,5192,5042,5099,46737,-0.0017619420516836737
2023-09-21,5032,5126,4920,4958,62578,-0.027652480878603614
2023-09-22,4873,4958,4817,4902,45109,-0.011294876966518763
2023-09-25,4902,4920,4752,4846,77056,-0.011423908608731104
2023-09-26,4789,4864,4724,4743,48887,-0.02125464300453983
2023-09-27,4630,4817,4630,4799,14211,0.011806873286949182
2023-10-04,4603,4734,4603,4678,47764,-0.025213586163784107
2023-10-05,4471,4770,4471,4495,98086,-0.03911928174433521
2023-10-06,4494,5285,4494,4958,579167,0.10300333704115694
2023-10-10,4902,4967,4687,4687,57610,-0.05465913674868894
2023-10-11,4686,4911,4686,4846,41463,0.03392361851930881
2023-10-12,4809,4883,4724,4809,41007,-0.007635163021048275
2023-10-13,4743,4799,4705,4734,37678,-0.015595757953836609
2023-10-16,4705,4780,4649,4715,36101,-0.004013519222644701
2023-10-17,4653,4761,4653,4696,29205,-0.004029692470837731
2023-10-18,4668,4762,4668,4725,11730,0.0061754684838160046
2023-10-19,4705,4705,4575,4575,37077,-0.031746031746031744
2023-10-20,4495,4621,4424,4453,54323,-0.026666666666666616
2023-10-23,4336,4565,4322,4369,28743,-0.018863687401751594
2023-10-24,4308,4546,4308,4500,56784,0.029983978027008362
2023-10-25,4500,4519,4420,4449,12151,-0.011333333333333306
2023-10-26,4392,5070,4345,4425,434251,-0.0053944706675657095
2023-10-27,4443,4485,4364,4397,22831,-0.006327683615819257
2023-10-30,4425,4453,4341,4341,32654,-0.01273595633386404
2023-10-31,4382,4448,4279,4322,35545,-0.004376871688551054
2023-11-01,4321,4462,4321,4420,23347,0.022674687644608893
2023-11-02,4406,4808,4406,4584,85175,0.037104072398190135
2023-11-03,4588,4724,4565,4673,36847,0.019415357766143115
2023-11-06,4635,4780,4635,4771,28204,0.0209715386261502
2023-11-07,4743,4818,4705,4790,26551,0.003982393628170211
2023-11-08,4771,4864,4762,4762,19592,-0.0058455114822546506
2023-11-09,4808,4864,4752,4762,27298,0.0
2023-11-10,4818,4837,4706,4753,19408,-0.0018899622007559902
2023-11-13,4780,4780,4658,4715,22698,-0.007994950557542624
2023-11-14,4686,4855,4686,4771,7935,0.011876988335100647
2023-11-15,4883,4883,4677,4837,45195,0.013833577866275482
2023-11-16,4864,4864,4742,4799,9618,-0.00785610915856938
2023-11-17,4827,4836,4677,4827,18238,0.005834548864346756
2023-11-20,4874,4874,4752,4809,16530,-0.003729024238657508
2023-11-21,4752,4864,4752,4818,28572,0.0018714909544603753
2023-11-22,4855,4865,4668,4809,40551,-0.0018679950186799577
2023-11-23,4780,4855,4743,4837,36018,0.005822416302765587
2023-11-24,4883,4902,4827,4902,24462,0.01343808145544756
2023-11-27,4893,4912,4818,4856,34284,-0.009383924928600518
2023-11-28,5051,5828,4920,4977,2307874,0.024917627677100596
2023-11-29,5033,5099,4874,5015,226257,0.00763512155917212
2023-11-30,4977,5052,4893,4893,190882,-0.024327018943170464
2023-12-01,5594,5781,5061,5080,2820805,0.03821786225219692
2023-12-04,5585,5754,5174,5305,1659998,0.04429133858267709
2023-12-05,5370,5417,5211,5305,373473,0.0
2023-12-06,5314,5370,5239,5286,210583,-0.0035815268614514117
2023-12-07,5257,5566,5164,5295,315894,0.0017026106696935717
2023-12-08,5295,5380,5277,5380,170629,0.016052880075543063
2023-12-11,5351,5425,5294,5351,102001,-0.005390334572490718
2023-12-12,5435,5445,5276,5333,87678,-0.0033638572229489627
2023-12-13,5342,5416,5285,5314,77286,-0.0035627226701668846
2023-12-14,5314,5388,5257,5314,77730,0.0
2023-12-15,5305,5454,5295,5408,92692,0.017689123071132906
2023-12-18,5500,5500,5379,5398,32896,-0.0018491124260354708
2023-12-19,5426,5426,5305,5408,42903,0.0018525379770284456
2023-12-20,5379,5445,5379,5436,39986,0.005177514792899407
2023-12-21,5408,5445,5333,5380,40719,-0.010301692420897735
2023-12-22,5398,5398,5286,5333,97622,-0.008736059479553915
2023-12-26,5286,5389,5286,5380,54083,0.008813050815676071
2023-12-27,5360,5600,5360,5530,46283,0.027881040892193232
2023-12-28,5570,5570,5500,5550,22002,0.003616636528029016
2024-01-02,5500,5580,5450,5520,24346,-0.00540540540540535
2024-01-03,5590,5590,5450,5450,25881,-0.0126811594202898
2024-01-04,5630,5630,5330,5340,47157,-0.020183486238532056
2024-01-05,5330,5520,5310,5410,20654,0.013108614232209659
2024-01-08,5360,5510,5360,5450,22914,0.007393715341959428
2024-01-09,5550,5550,5420,5440,10661,-0.0018348623853210455
2024-01-10,5490,5500,5340,5390,36012,-0.009191176470588203
2024-01-11,5340,5470,5340,5420,21184,0.005565862708719838
2024-01-12,5450,5470,4910,5410,97538,-0.0018450184501844769
2024-01-15,5410,5470,5310,5390,19521,-0.003696857670979714
2024-01-16,5390,5440,5240,5320,15253,-0.012987012987012991
2024-01-17,5260,5360,5130,5290,32424,-0.005639097744360888
2024-01-18,5120,5450,5120,5340,32569,0.00945179584120992
2024-01-19,5370,5390,5210,5340,18649,0.0
2024-01-22,5250,5270,5180,5210,33015,-0.02434456928838946
2024-01-23,5200,5300,5150,5300,38409,0.017274472168905985
2024-01-24,5300,5350,5220,5330,46515,0.005660377358490676
2024-01-25,5330,5460,5210,5460,81118,0.024390243902439046
2024-01-26,5580,5590,5340,5340,100371,-0.02197802197802201
2024-01-29,5310,5390,5290,5300,45861,-0.0074906367041198685
2024-01-30,5350,5410,5250,5370,54303,0.013207547169811429
2024-01-31,5300,5600,5260,5370,37048,0.0
2024-02-01,5260,5370,5240,5320,51423,-0.009310986964618295
2024-02-02,5260,5390,5260,5360,41719,0.007518796992481258
2024-02-05,5400,5400,5300,5320,23480,-0.007462686567164201
2024-02-06,5320,5340,5270,5320,20877,0.0
2024-02-07,5320,5400,5300,5320,26939,0.0
2024-02-08,5320,5400,5310,5360,51021,0.007518796992481258
2024-02-13,5370,5460,5350,5450,76780,0.01679104477611948
2024-02-14,5450,5670,5380,5500,157636,0.00917431192660545
2024-02-15,5520,5610,5500,5530,51583,0.005454545454545379
2024-02-16,5530,5720,5520,5720,99752,0.03435804701627476
2024-02-19,5780,5860,5630,5730,106315,0.0017482517482516613
2024-02-20,5780,5880,5680,5880,100219,0.02617801047120416
2024-02-21,5950,6080,5750,5800,208850,-0.013605442176870763
2024-02-22,5800,5960,5750,5880,77778,0.01379310344827589
2024-02-23,5900,5900,5750,5790,50050,-0.015306122448979553
2024-02-26,5760,5800,5700,5750,30347,-0.006908462867012077
2024-02-27,5800,5910,5740,5770,82908,0.003478260869565153
2024-02-28,5990,6190,5500,5550,572684,-0.03812824956672445
2024-02-29,5490,5850,5440,5490,140946,-0.010810810810810811
2024-03-04,5680,5750,5540,5700,100467,0.03825136612021862
2024-03-05,5650,5750,5620,5700,70671,0.0
2024-03-06,5990,6050,5750,5980,382463,0.04912280701754379
2024-03-07,5950,6020,5860,5990,152909,0.0016722408026756952
2024-03-08,5930,5980,5800,5890,91267,-0.016694490818030094
2024-03-11,5900,6010,5850,5870,77107,-0.00339558573853993
2024-03-12,5880,6200,5840,6100,313010,0.03918228279386704
2024-03-13,6050,6060,5320,5380,709121,-0.11803278688524588
2024-03-14,5390,5400,5070,5140,233658,-0.044609665427509326
2024-03-15,5100,5180,5000,5070,129666,-0.013618677042801508
2024-03-18,5070,5090,4970,5000,68714,-0.013806706114398382
2024-03-19,5020,5060,4915,5060,64204,0.01200000000000001
2024-03-20,5060,5110,4965,5030,57016,-0.005928853754940677
2024-03-21,5090,5090,4975,5000,37723,-0.005964214711729587
2024-03-22,5000,5140,4945,5090,75531,0.018000000000000016
2024-03-25,5060,5080,4985,5040,33424,-0.00982318271119842
2024-03-26,4995,5080,4995,5020,31206,-0.003968253968253954
2024-03-27,5030,5080,4990,5000,21088,-0.003984063745019917
2024-03-28,5000,5050,4965,4995,14855,-0.0010000000000000009
2024-03-29,5000,5050,4930,4930,29056,-0.013013013013013053
2024-04-01,4930,4975,4880,4930,22601,0.0
2024-04-02,4905,4950,4785,4785,38820,-0.02941176470588236
2024-04-03,4720,4845,4690,4770,52382,-0.0031347962382445305
2024-04-04,4800,5110,4800,4845,147268,0.01572327044025168
2024-04-05,4800,4915,4800,4805,20387,-0.008255933952528327
2024-04-08,4825,4825,4700,4700,36566,-0.02185223725286156
2024-04-09,4655,4755,4650,4700,31919,0.0
2024-04-11,4605,4770,4605,4765,26333,0.01382978723404249
2024-04-12,4690,4790,4690,4760,13347,-0.0010493179433368471
2024-04-15,4815,4815,4695,4755,21607,-0.0010504201680672232
2024-04-16,4655,4840,4565,4580,57596,-0.03680336487907465
2024-04-17,4580,4625,4535,4580,24409,0.0
2024-04-18,4580,4650,4565,4630,8548,0.01091703056768556
2024-04-19,4630,4660,4480,4530,35704,-0.021598272138228958
2024-04-22,4530,4585,4525,4550,8559,0.004415011037527616
2024-04-23,4580,4590,4520,4550,11261,0.0
2024-04-24,4575,4575,4530,4555,10664,0.001098901098901095
2024-04-25,4555,4565,4515,4530,13720,-0.005488474204171201
2024-04-26,4530,4540,4315,4460,93598,-0.015452538631346546
2024-04-29,4465,4510,4435,4505,22575,0.010089686098654793
2024-04-30,4520,4555,4470,4485,15627,-0.004439511653718142
2024-05-02,4465,4600,4465,4585,22866,0.02229654403567438
2024-05-03,4545,4650,4545,4615,30289,0.0065430752453652374
2024-05-07,4640,4730,4610,4635,14614,0.004333694474539573
2024-05-08,4690,4690,4600,4630,18245,-0.0010787486515642097
2024-05-09,4685,4685,4610,4635,19384,0.001079913606911509
2024-05-10,4635,4685,4595,4620,11524,-0.003236245954692518
2024-05-13,4620,4635,4540,4565,21941,-0.011904761904761862
2024-05-14,4535,4595,4535,4580,7880,0.0032858707557503752
2024-05-16,4585,4610,4570,4600,23101,0.004366812227074135
2024-05-17,4560,4590,4515,4570,20021,-0.006521739130434745
2024-05-20,4595,4595,4500,4525,21393,-0.009846827133479175
2024-05-21,4465,4535,4460,4515,19748,-0.0022099447513812542
2024-05-22,4515,4525,4465,4470,23854,-0.009966777408637828
2024-05-23,4470,4495,4390,4490,10734,0.004474272930648837
2024-05-24,4470,4495,4415,4475,23832,-0.0033407572383074013
2024-05-27,4465,4545,4415,4450,18777,-0.005586592178770999
2024-05-28,4470,4470,4370,4370,36034,-0.017977528089887618
2024-05-29,4340,4390,4325,4325,43417,-0.010297482837528626
2024-05-30,4370,4370,4290,4310,24196,-0.003468208092485603
2024-05-31,4335,4335,4290,4300,26130,-0.002320185614849146
2024-06-03,4270,4360,4250,4335,31075,0.008139534883720989
2024-06-04,4310,4630,4310,4495,73597,0.03690888119953861
2024-06-05,4430,4715,4430,4685,100924,0.04226918798665191
2024-06-07,4685,4915,4685,4790,126157,0.022411953041622246
2024-06-10,4760,4830,4650,4690,31059,-0.02087682672233826
2024-06-11,4745,4745,4490,4505,53707,-0.039445628997867854
2024-06-12,4460,4645,4460,4525,25554,0.004439511653718142
2024-06-13,4525,4570,4525,4525,5197,0.0
2024-06-14,4605,4610,4485,4520,18233,-0.0011049723756906271
2024-06-17,4470,4500,4455,4460,13906,-0.013274336283185861
2024-06-18,4465,4520,4420,4450,11202,-0.0022421524663677195
2024-06-19,4450,4525,4430,4520,30448,0.01573033707865168
2024-06-20,4515,4590,4510,4585,23722,0.014380530973451267
2024-06-21,4585,4645,4545,4590,30242,0.0010905125408942062
2024-06-24,4590,4600,4505,4540,23602,-0.01089324618736387
2024-06-25,4530,4590,4485,4485,19382,-0.01211453744493396
2024-06-26,4510,4510,4480,4495,8617,0.0022296544035673715
2024-06-27,4515,4515,4420,4465,24311,-0.006674082313681828
2024-06-28,4465,4500,4440,4440,11737,-0.005599104143337086
2024-07-01,4420,4545,4420,4430,18549,-0.0022522522522522292
2024-07-02,4450,4450,4360,4420,36340,-0.0022573363431150906
2024-07-03,4385,4430,4330,4335,23047,-0.019230769230769273
2024-07-04,4315,4390,4315,4330,15333,-0.0011534025374856371
2024-07-05,4355,4355,4295,4320,16145,-0.002309468822170868
2024-07-08,4345,4355,4305,4350,7279,0.00694444444444442
2024-07-09,4390,4430,4290,4360,30794,0.0022988505747125743
2024-07-10,4345,4350,4280,4310,35815,-0.011467889908256867
2024-07-11,4300,4310,4200,4235,56677,-0.01740139211136893
2024-07-12,4235,4255,4200,4240,10174,0.0011806375442739991
2024-07-15,4240,4275,4205,4255,26741,0.0035377358490567
2024-07-16,4255,4255,4205,4250,15992,-0.001175088131609825
2024-07-17,4250,4280,4210,4230,15318,-0.004705882352941226
2024-07-18,4195,4245,4160,4225,13953,-0.0011820330969266601
2024-07-19,4225,4225,4185,4205,17627,-0.004733727810650845
2024-07-22,4205,4230,4180,4205,21968,0.0
2024-07-23,4200,4265,4155,4175,25473,-0.007134363852556502
2024-07-24,4180,4190,4150,4150,16057,-0.005988023952095856
2024-07-25,4130,4135,4090,4135,19659,-0.0036144578313253017
2024-07-26,4150,4160,4125,4160,8479,0.006045949214026569
2024-07-29,4175,4180,4115,4155,9697,-0.0012019230769231282
2024-07-30,4075,4150,4075,4100,27902,-0.013237063778580027
2024-07-31,4100,4100,4050,4075,6988,-0.0060975609756097615
2024-08-01,4060,4115,4040,4095,20069,0.004907975460122671
2024-08-02,4260,4260,4030,4035,90006,-0.0146520146520146
2024-08-05,4010,4060,3600,3685,64522,-0.08674101610904583
2024-08-06,3550,3865,3550,3825,71111,0.037991858887381325
2024-08-07,3825,4970,3820,4970,4871857,0.2993464052287582
2024-08-08,4925,5140,4435,4585,4031176,-0.07746478873239437
2024-08-09,4550,4595,4270,4595,1260532,0.0021810250817884125
2024-08-12,4790,4875,4505,4515,1767212,-0.017410228509249226
2024-08-13,4400,5700,4230,4690,10245957,0.03875968992248069
2024-08-14,4690,4850,4410,4575,2200656,-0.024520255863539453
2024-08-16,4640,5440,4630,5210,8876865,0.13879781420765025
2024-08-19,5260,5530,5160,5310,3847688,0.019193857965451144
2024-08-20,5310,5570,4800,5120,3145982,-0.03578154425612057
2024-08-21,5120,5250,4750,4755,689246,-0.0712890625
2024-08-22,4680,4820,4350,4515,788245,-0.050473186119873836
2024-08-23,4440,4565,4290,4360,281050,-0.034330011074197087
2024-08-26,4365,4400,4105,4130,361611,-0.05275229357798161
2024-08-27,4090,4210,4025,4070,180014,-0.014527845036319653
2024-08-28,4100,4290,4090,4105,195550,0.008599508599508532
2024-08-29,4100,4140,3910,3995,215535,-0.02679658952496955
2024-08-30,3985,4030,3915,3980,132250,-0.003754693366708417
2024-09-02,3975,3995,3830,3885,167692,-0.023869346733668362
2024-09-03,3925,3975,3890,3910,100034,0.006435006435006496
2024-09-04,3780,3875,3760,3815,115107,-0.024296675191815886
2024-09-05,3855,3895,3725,3810,105304,-0.001310615989515096
2024-09-06,3765,3815,3715,3770,90013,-0.01049868766404205
2024-09-09,3700,3810,3655,3795,90074,0.006631299734747964
2024-09-10,3750,3810,3705,3720,60069,-0.01976284584980237
2024-09-11,3720,3845,3720,3765,66949,0.012096774193548487
2024-09-12,3825,3875,3775,3835,65564,0.01859229747675961
2024-09-13,3900,3900,3805,3875,53970,0.010430247718383301
2024-09-19,3840,3875,3785,3855,47834,-0.005161290322580614
2024-09-20,3895,3905,3825,3880,61121,0.006485084306095956
2024-09-23,3880,4000,3800,3835,40801,-0.011597938144329856
2024-09-24,3810,3870,3810,3860,32668,0.006518904823989535
2024-09-25,3860,3885,3790,3835,75914,-0.006476683937823857
2024-09-26,3835,3950,3835,3940,60933,0.027379400260756137
2024-09-27,3940,4000,3900,3910,21746,-0.0076142131979695105
2024-09-30,3990,3990,3860,3920,26789,0.002557544757033181
2024-10-02,3915,3975,3805,3865,41784,-0.014030612244897989
2024-10-04,3860,3910,3815,3870,25869,0.001293661060802087
2024-10-07,3865,3935,3830,3875,16350,0.0012919896640826156
2024-10-08,3850,3990,3835,3875,21519,0.0
2024-10-10,3885,3885,3800,3865,40122,-0.002580645161290307
2024-10-11,3865,3865,3765,3835,47046,-0.0077619663648124115
2024-10-14,3800,3835,3735,3765,53266,-0.018252933507170832
2024-10-15,3745,3860,3745,3820,44732,0.014608233731739695
2024-10-16,3860,3860,3755,3775,39880,-0.011780104712041939
2024-10-17,3805,3870,3775,3820,34620,0.01192052980132452
2024-10-18,3785,4160,3775,3865,636787,0.011780104712041828
2024-10-21,3885,3950,3775,3775,78919,-0.023285899094437235
2024-10-22,3775,3810,3690,3755,87381,-0.005298013245033095
2024-10-23,3745,3810,3730,3730,59627,-0.0066577896138482195
2024-10-24,3750,3775,3670,3725,42716,-0.0013404825737265424
2024-10-25,3685,3745,3660,3685,39624,-0.010738255033557076
2024-10-28,3685,3715,3650,3705,20732,0.005427408412483015
2024-10-29,3705,3725,3630,3705,44305,0.0
2024-10-30,3670,4365,3670,3690,4976272,-0.004048582995951455
2024-10-31,3670,3760,3670,3695,162979,0.0013550135501354532
2024-11-01,3695,3750,3675,3695,104029,0.0
2024-11-04,3695,3805,3670,3790,104071,0.025710419485791558
2024-11-05,3785,3820,3730,3790,72935,0.0
2024-11-06,3830,3830,3700,3735,98824,-0.014511873350923521
2024-11-07,3775,3820,3715,3770,71368,0.009370816599732157
2024-11-08,3855,3965,3730,3730,161286,-0.010610079575596787
2024-11-11,3730,3805,3675,3740,75312,0.002680965147453085
2024-11-12,3760,3760,3565,3645,165482,-0.025401069518716568
2024-11-13,3600,3660,3500,3595,100374,-0.013717421124828544
2024-11-14,3625,3895,3525,3575,413443,-0.0055632823365785455
2024-11-15,3520,3580,3505,3570,91274,-0.0013986013986013734
2024-11-18,3610,3705,3585,3660,134289,0.025210084033613356
2024-11-19,3625,3680,3625,3665,60872,0.001366120218579292
2024-11-20,3635,3675,3625,3660,46845,-0.0013642564802183177
2024-11-21,3630,3660,3590,3630,43264,-0.008196721311475419
2024-11-22,3590,3645,3555,3605,86176,-0.00688705234159781
2024-11-25,3570,3675,3570,3605,86371,0.0
2024-11-26,3605,3810,3605,3715,97826,0.030513176144244092
2024-11-27,3715,3980,3645,3670,826419,-0.012113055181695809
2024-11-28,3670,3725,3605,3640,133503,-0.008174386920980936
2024-11-29,3645,3650,3560,3565,83893,-0.020604395604395642
2024-12-02,3570,3585,3520,3570,68085,0.0014025245441795509
2024-12-03,3525,3600,3525,3580,45865,0.0028011204481792618
2024-12-04,3520,3575,3465,3500,189435,-0.022346368715083775
2024-12-05,3510,3510,3330,3340,132969,-0.04571428571428571
2024-12-06,3315,3360,3200,3310,74285,-0.008982035928143728
2024-12-09,3280,3280,3030,3080,98909,-0.06948640483383683
2024-12-10,3080,3320,3080,3280,58771,0.06493506493506485
2024-12-11,3280,3445,3280,3440,68162,0.04878048780487809
2024-12-12,3440,3470,3370,3430,31980,-0.0029069767441860517
2024-12-13,3395,3510,3395,3445,36312,0.004373177842565523
2024-12-16,3450,3530,3450,3490,38693,0.013062409288824295
2024-12-17,3490,3510,3450,3510,25669,0.005730659025787954
2024-12-18,3510,3530,3440,3455,20157,-0.015669515669515688
2024-12-19,3420,3475,3390,3475,13536,0.005788712011577379
2024-12-20,3420,3470,3340,3370,43008,-0.030215827338129442
2024-12-23,3370,3410,3350,3410,45780,0.011869436201780381
2024-12-24,3425,3425,3380,3380,16075,-0.008797653958944274
2024-12-26,3370,3400,3340,3340,14721,-0.011834319526627168
2024-12-27,3340,3360,3175,3245,20498,-0.02844311377245512
2024-12-30,3175,3360,3175,3360,17417,0.035439137134052334
2025-01-02,3360,3395,3260,3370,25695,0.0029761904761904656
2025-01-03,3385,3430,3355,3405,26042,0.010385756676557945
2025-01-06,3395,3700,3395,3540,510597,0.0396475770925111
2025-01-07,3515,3560,3430,3560,92227,0.005649717514124353
2025-01-08,3540,3640,3505,3605,168063,0.012640449438202195
2025-01-09,3620,3645,3530,3590,62391,-0.004160887656033285
2025-01-10,3545,3590,3520,3550,23067,-0.011142061281337101
2025-01-13,3550,3600,3505,3515,61788,-0.009859154929577452
2025-01-14,3480,4310,3455,3580,5620080,0.01849217638691325
2025-01-15,3580,3675,3525,3535,469708,-0.012569832402234637
2025-01-16,3550,3630,3550,3620,195681,0.0240452616690241
2025-01-17,3600,3695,3595,3650,141520,0.008287292817679592
2025-01-20,3650,3680,3630,3645,135842,-0.00136986301369868
2025-01-21,3650,3685,3625,3645,67244,0.0
2025-01-22,3645,3785,3630,3665,242293,0.005486968449931462
2025-01-23,3655,3665,3595,3605,99593,-0.016371077762619368
2025-01-24,3605,3635,3570,3600,23494,-0.001386962552011095
2025-01-31,3555,3575,3535,3560,30117,-0.011111111111111072
2025-02-03,3515,3545,3400,3430,101093,-0.0365168539325843
2025-02-04,3415,3575,3405,3575,53217,0.042274052478134205
2025-02-05,3560,3605,3540,3600,46965,0.006993006993007089
2025-02-06,3645,3645,3585,3640,33420,0.011111111111111072
2025-02-07,3640,3640,3580,3610,24364,-0.008241758241758212
2025-02-10,3580,3630,3545,3595,39800,-0.0041551246537395725
2025-02-11,3635,3635,3575,3595,19422,0.0
2025-02-12,3630,3630,3530,3575,41889,-0.0055632823365785455
2025-02-13,3545,3565,3525,3545,38480,-0.008391608391608352
2025-02-14,3545,3565,3520,3520,28877,-0.007052186177715081
2025-02-17,3520,3575,3500,3535,15408,0.0042613636363635354
2025-02-18,3500,3550,3495,3535,40211,0.0
2025-02-19,3500,3595,3500,3595,87587,0.016973125884016893
2025-02-20,3595,3600,3545,3565,30385,-0.008344923504867818
2025-02-21,3550,3585,3480,3535,95687,-0.008415147265077194
2025-02-24,3600,3635,3545,3580,114077,0.012729844413012836
2025-02-25,3510,3570,3445,3450,91261,-0.03631284916201116
2025-02-26,3455,3510,3430,3450,51128,0.0
2025-02-27,3450,3500,3445,3500,38960,0.01449275362318847
2025-02-28,3485,3490,3370,3375,94222,-0.0357142857142857
2025-03-04,3340,3395,3255,3360,72737,-0.004444444444444473
2025-03-05,3335,3395,3330,3365,22570,0.0014880952380953438
2025-03-06,3365,3365,3305,3305,43937,-0.017830609212481474
2025-03-07,3305,3335,3275,3335,18607,0.00907715582450841
2025-03-10,3355,3355,3245,3335,36790,0.0
2025-03-11,3265,3330,3220,3295,36107,-0.01199400299850073
2025-03-12,3295,3400,3280,3390,65647,0.028831562974203306
2025-03-13,3380,3410,3350,3350,32334,-0.01179941002949858
2025-03-14,3370,3415,3345,3415,27147,0.0194029850746269
2025-03-17,3415,3435,3350,3365,20008,-0.014641288433382083
2025-03-18,3350,3390,3350,3370,12689,0.0014858841010401136
2025-03-19,3370,3400,3335,3400,29465,0.008902077151335286
2025-03-20,3400,3410,3330,3330,30692,-0.020588235294117685
2025-03-21,3305,3360,3275,3335,25049,0.0015015015015014122
2025-03-24,3335,3335,3240,3250,57709,-0.025487256371814038
2025-03-25,3215,3265,3205,3230,31161,-0.006153846153846176
2025-03-26,3200,3295,3190,3215,48646,-0.004643962848297267
2025-03-27,3190,3230,3170,3200,19012,-0.004665629860031051
2025-03-28,3230,3230,3100,3100,61084,-0.03125
2025-03-31,3070,3070,2985,3005,60570,-0.030645161290322576
2025-04-01,2995,3130,2995,3030,81696,0.008319467554076532
2025-04-02,3060,3085,2975,3000,75156,-0.00990099009900991
2025-04-03,2970,3400,2955,3085,301996,0.02833333333333332
2025-04-04,3020,3105,3005,3075,53272,-0.0032414910858995505
2025-04-07,3000,3050,2920,2920,156007,-0.05040650406504066
2025-04-08,2930,2965,2900,2905,66978,-0.005136986301369828
2025-04-09,2870,2920,2835,2880,40200,-0.008605851979345935
2025-04-10,2945,3000,2930,3000,27736,0.04166666666666674
2025-04-11,3000,3060,2975,3050,38269,0.016666666666666607
2025-04-14,3060,3545,3060,3125,5060053,0.024590163934426146
2025-04-15,3120,3185,3070,3135,253973,0.0032000000000000917
2025-04-16,3140,3205,3100,3160,126598,0.00797448165869219
2025-04-17,3160,3235,3160,3225,92918,0.020569620253164667
2025-04-18,3225,3240,3185,3215,70654,-0.0031007751937984773
2025-04-21,3200,3235,3185,3200,71566,-0.004665629860031051
2025-04-22,3200,3290,3195,3260,82966,0.018750000000000044
2025-04-23,3260,3295,3240,3290,36027,0.009202453987730008
2025-04-24,3290,3325,3275,3325,43974,0.010638297872340496
2025-04-25,3325,3350,3305,3325,46607,0.0
2025-04-28,3325,3340,3295,3320,48161,-0.0015037593984962294
2025-04-29,3335,3405,3325,3365,39566,0.013554216867469826
2025-04-30,3365,3410,3350,3370,46628,0.0014858841010401136
2025-05-02,3360,3405,3350,3365,20321,-0.0014836795252225476
2025-05-07,3400,3430,3340,3355,34409,-0.002971768202080227
2025-05-08,3355,3395,3335,3395,32457,0.011922503725782407
2025-05-09,3395,3395,3360,3380,25070,-0.004418262150220897
2025-05-12,3430,3430,3350,3370,33332,-0.00295857988165682
2025-05-13,3370,3430,3365,3400,28510,0.008902077151335286
2025-05-14,3400,3435,3390,3395,11478,-0.0014705882352941124
2025-05-15,3395,3512,3250,3385,125962,-0.002945508100147265
2025-05-16,3405,3495,3405,3470,74640,0.025110782865583436
2025-05-19,3490,3565,3450,3475,120471,0.0014409221902016434
2025-05-20,3480,3700,3455,3610,147786,0.03884892086330938
2025-05-21,3720,3800,3640,3800,175671,0.05263157894736836
2025-05-22,3750,3965,3700,3755,307578,-0.011842105263157876
2025-05-23,3760,3775,3595,3650,94364,-0.0279627163781625
2025-05-26,3650,3740,3620,3685,96752,0.009589041095890316
2025-05-27,3690,3750,3635,3695,45297,0.0027137042062415073
2025-05-28,3670,3730,3670,3705,54189,0.0027063599458727605
2025-05-29,3725,3765,3670,3750,55846,0.012145748987854255
2025-05-30,3810,3825,3725,3745,78112,-0.0013333333333332975
2025-06-02,3725,3780,3710,3725,42626,-0.005340453938584733
2025-06-04,3760,3795,3720,3790,50873,0.01744966442953011
2025-06-05,3755,3825,3755,3810,36630,0.005277044854881341
2025-06-09,3810,3880,3810,3860,47198,0.013123359580052396
2025-06-10,3905,3905,3820,3865,41953,0.0012953367875647714
2025-06-11,3895,3945,3865,3910,32281,0.011642949547218562
2025-06-12,3910,3945,3845,3895,63745,-0.0038363171355498826
2025-06-13,3895,3950,3770,3790,53679,-0.02695763799743256
2025-06-16,3785,3845,3700,3810,44402,0.005277044854881341
2025-06-17,3815,3870,3740,3810,53576,0.0
2025-06-18,3785,3850,3770,3820,27079,0.002624671916010568
2025-06-19,3835,3850,3795,3800,21208,-0.005235602094240788
2025-06-20,3800,3860,3760,3810,38412,0.002631578947368318
2025-06-23,3770,3810,3700,3755,35315,-0.014435695538057791
2025-06-24,3755,3840,3705,3755,55927,0.0
2025-06-25,3755,3775,3680,3765,54091,0.0026631158455392434
2025-06-26,3770,3770,3675,3695,24363,-0.01859229747675961
2025-06-27,3710,3840,3640,3690,32073,-0.0013531799729363803
2025-06-30,3690,3730,3650,3685,24255,-0.0013550135501354532
2025-07-01,3690,3720,3680,3690,76338,0.0013568521031208647
2025-07-02,3695,3750,3660,3750,54827,0.016260162601626105
2025-07-03,3800,3810,3735,3785,29314,0.009333333333333416
2025-07-04,3770,3830,3740,3820,46643,0.009247027741083214
2025-07-07,3825,3885,3800,3840,33720,0.005235602094240788
2025-07-08,3840,3895,3800,3825,28070,-0.00390625
2025-07-09,3835,3905,3820,3895,50005,0.018300653594771177
2025-07-10,3925,3925,3870,3900,32020,0.0012836970474967568
2025-07-11,3905,3940,3875,3895,60331,-0.0012820512820512775
2025-07-14,3920,3920,3870,3890,21562,-0.0012836970474967568
2025-07-15,3860,3915,3845,3855,29749,-0.00899742930591263
2025-07-16,3855,3870,3785,3815,29950,-0.01037613488975353
2025-07-17,3810,3870,3790,3825,21144,0.002621231979030192
2025-07-18,3825,3825,3705,3760,62694,-0.016993464052287632
2025-07-21,3760,3790,3720,3750,37033,-0.0026595744680850686
2025-07-22,3750,3765,3685,3700,41895,-0.013333333333333308
2025-07-23,3720,3720,3630,3650,87139,-0.013513513513513487
2025-07-24,3650,3665,3555,3585,58079,-0.017808219178082174
2025-07-25,3585,3645,3550,3600,46356,0.004184100418409997
2025-07-28,3600,3600,3540,3550,29309,-0.01388888888888884
2025-07-29,3550,3650,3500,3640,36794,0.025352112676056304
2025-07-30,3640,3680,3620,3650,16191,0.0027472527472527375
2025-07-31,3680,3690,3620,3675,47847,0.006849315068493178
2025-08-01,3670,3685,3505,3540,116909,-0.03673469387755102
2025-08-04,3535,3615,3485,3565,30126,0.007062146892655274
2025-08-05,3565,3655,3565,3655,25906,0.02524544179523147
2025-08-06,3650,3680,3610,3670,25737,0.004103967168262557
2025-08-07,3650,3690,3630,3630,11104,-0.010899182561307952
2025-08-08,3630,3680,3630,3650,12444,0.005509641873278293
2025-08-11,3645,3645,3580,3605,42994,-0.012328767123287676
2025-08-12,3605,3640,3590,3590,19597,-0.004160887656033285
2025-08-13,3595,3750,3580,3640,90050,0.013927576601671321
2025-08-14,3640,3705,3640,3690,63110,0.013736263736263687
2025-08-18,3690,3710,3635,3645,38327,-0.012195121951219523
2025-08-19,3645,3670,3615,3645,31775,0.0
2025-08-20,3615,3645,3555,3570,54915,-0.020576131687242816
2025-08-21,3580,3580,3515,3540,48939,-0.008403361344537785
2025-08-22,3540,3570,3505,3530,21091,-0.0028248587570621764
2025-08-25,3530,3550,3505,3540,46117,0.0028328611898016387
2025-08-26,3540,3550,3495,3515,29069,-0.007062146892655385
2025-08-27,3515,3530,3490,3530,15614,0.004267425320056972
2025-08-28,3530,3545,3510,3545,15897,0.004249291784702569
2025-08-29,3545,3565,3480,3490,45406,-0.015514809590973178
2025-09-01,3490,3510,3410,3415,68085,-0.021489971346704828
2025-09-02,3415,3445,3395,3415,43852,0.0
2025-09-03,3415,3455,3400,3410,24496,-0.0014641288433382416
2025-09-04,3430,3435,3405,3435,20641,0.007331378299120228
2025-09-05,3435,3470,3410,3440,30704,0.0014556040756914523
2025-09-08,3440,3485,3415,3480,23805,0.011627906976744207
2025-09-09,3480,3500,3455,3480,18110,0.0
2025-09-10,3470,3490,3465,3480,20316,0.0
2025-09-11,3485,3505,3475,3475,35084,-0.001436781609195359
2025-09-12,3475,3535,3470,3490,53936,0.004316546762589857
2025-09-15,3535,3535,3460,3490,30357,0.0
2025-09-16,3490,3495,3430,3475,67310,-0.004297994269340966
2025-09-17,3475,3480,3445,3460,28025,-0.004316546762589968
2025-09-18,3480,3495,3460,3485,21608,0.007225433526011571
2025-09-19,3485,3520,3480,3510,40993,0.007173601147776099
2025-09-22,3500,3515,3475,3495,33586,-0.004273504273504258
2025-09-23,3500,3515,3465,3510,42523,0.0042918454935623185
2025-09-24,3515,3530,3485,3515,32202,0.0014245014245013454
2025-09-25,3515,3525,3475,3525,58326,0.002844950213371167
2025-09-26,3525,3525,3460,3480,36808,-0.012765957446808529
2025-09-29,3480,3520,3445,3485,50502,0.001436781609195359
2025-09-30,3485,3510,3460,3480,15425,-0.0014347202295552641
2025-10-01,3495,3510,3470,3495,27145,0.004310344827586299
2025-10-02,3505,3510,3470,3480,56582,-0.0042918454935622075
2025-10-10,3480,3515,3470,3500,23785,0.005747126436781658
2025-10-13,3480,3535,3450,3485,31402,-0.004285714285714337
2025-10-14,3490,3510,3420,3420,40276,-0.0186513629842181
