Date,Open,High,Low,Close,Volume,Change
2022-01-03,9139,9172,8839,9106,17611,-0.003610898347740421
2022-01-04,9072,9306,9072,9273,10515,0.018339556336481433
2022-01-05,9272,9306,9105,9206,4442,-0.007225277687911147
2022-01-06,9138,9138,8705,8872,31227,-0.036280686508798565
2022-01-07,8906,8939,8706,8706,25334,-0.018710550045085705
2022-01-10,8738,8738,8471,8505,14001,-0.023087525844245338
2022-01-11,8339,8639,8138,8339,53153,-0.019517930629041724
2022-01-12,8338,8439,8272,8439,3787,0.011991845545029411
2022-01-13,8439,8472,8305,8439,9981,0.0
2022-01-14,8371,8505,8271,8472,11155,0.003910415926057675
2022-01-17,8372,8472,8205,8272,14815,-0.023607176581680878
2022-01-18,8238,8271,7971,8038,19333,-0.028288201160541537
2022-01-19,7904,8104,7771,7838,22229,-0.024881811395869646
2022-01-20,7838,8372,7805,8239,11311,0.05116101046185251
2022-01-21,8238,8271,8038,8205,3615,-0.004126714407088228
2022-01-24,8105,8138,7871,8005,11236,-0.02437538086532598
2022-01-25,8005,8171,7804,7905,23921,-0.012492192379762623
2022-01-26,7804,7971,7571,7738,24199,-0.02112586970271979
2022-01-27,7638,8171,7304,7438,63349,-0.03876970793486689
2022-01-28,7371,7738,7304,7738,16334,0.040333422963162224
2022-02-03,7872,7972,7671,7872,22991,0.017317136210907247
2022-02-04,7838,7972,7771,7972,9046,0.012703252032520318
2022-02-07,7971,8938,7571,8138,149301,0.020822880080280992
2022-02-08,8171,8638,7804,8005,160936,-0.016343081838289475
2022-02-09,8038,8205,7938,8105,22637,0.012492192379762734
2022-02-10,8105,8105,7771,7905,27093,-0.02467612584824186
2022-02-11,7871,7871,7637,7838,14060,-0.00847564832384562
2022-02-14,7671,9739,7404,8272,2000419,0.055371268180658406
2022-02-15,8438,8438,7571,7571,294786,-0.08474371373307543
2022-02-16,7638,7838,7504,7638,167770,0.008849557522123908
2022-02-17,7671,8105,7438,7705,130261,0.00877192982456143
2022-02-18,7738,7805,7571,7705,50396,0.0
2022-02-21,7604,7805,7604,7705,33548,0.0
2022-02-22,7704,8204,7571,8038,251174,0.043218689162881185
2022-02-23,8138,8705,7738,8272,530122,0.029111719333167363
2022-02-24,8738,8838,8038,8205,514525,-0.008099613152804608
2022-02-25,7972,8605,7871,7972,294822,-0.028397318708104802
2022-02-28,8305,8505,7804,8005,205927,0.004139488208730446
2022-03-02,8138,8405,8005,8272,166184,0.03335415365396632
2022-03-03,8271,8404,8071,8138,154508,-0.016199226305609327
2022-03-04,8172,9606,8105,8439,1697570,0.03698697468665513
2022-03-07,8738,8939,8271,8372,381961,-0.007939329304419984
2022-03-08,8605,9038,8405,8772,844501,0.0477783086478738
2022-03-10,8505,8672,8405,8539,156584,-0.02656178750569993
2022-03-11,8538,8571,8238,8305,93354,-0.027403677245579128
2022-03-14,8272,8305,8005,8172,95178,-0.01601444912703187
2022-03-15,8005,8105,7738,7972,110263,-0.02447381302006857
2022-03-16,7971,8072,7838,8072,76330,0.012543903662819877
2022-03-17,8105,8171,8004,8105,39532,0.004088206144697626
2022-03-18,8172,8272,8038,8172,44768,0.008266502159161027
2022-03-21,8172,8238,8105,8172,31151,0.0
2022-03-22,8239,8339,8038,8239,40548,0.008198727361723002
2022-03-23,8305,8305,8138,8205,38022,-0.004126714407088228
2022-03-24,8205,8238,8104,8205,16765,0.0
2022-03-25,8238,8238,8004,8038,48696,-0.02035344302254727
2022-03-28,8105,8238,7971,8105,57645,0.008335406817616242
2022-03-29,8171,8204,8037,8138,29941,0.004071560764959958
2022-03-30,8171,8171,8037,8138,30953,0.0
2022-03-31,8172,8205,8138,8172,25320,0.004177930695502541
2022-04-01,8105,8238,8071,8172,11766,0.0
2022-04-04,8171,8171,8038,8105,23872,-0.008198727361723002
2022-04-05,8138,8205,8038,8172,32319,0.008266502159161027
2022-04-06,8171,8171,8005,8005,36012,-0.020435633871757175
2022-04-07,7971,7971,7804,7838,47022,-0.02086196127420359
2022-04-08,7805,7872,7738,7872,28039,0.004337841286042421
2022-04-11,7871,7871,7671,7738,31325,-0.017022357723577186
2022-04-12,7704,8004,7671,7838,29748,0.012923235978288927
2022-04-13,7904,8038,7838,8005,28585,0.021306455728502094
2022-04-14,8005,8072,7972,7972,19119,-0.004122423485321658
2022-04-15,7904,8171,7904,8105,39034,0.016683391871550324
2022-04-18,8104,8238,8038,8205,35988,0.012338062924120985
2022-04-19,8205,8305,8205,8239,31280,0.0041438147471053455
2022-04-20,8171,8272,8071,8272,36152,0.004005340453938633
2022-04-21,8272,8272,8172,8239,17459,-0.003989361702127714
2022-04-22,8138,8238,8071,8205,13943,-0.004126714407088228
2022-04-25,8105,8105,7905,7905,48681,-0.03656307129798908
2022-04-26,7937,8071,7904,8038,10605,0.016824794433902612
2022-04-27,7871,8038,7837,7938,18390,-0.012440905697934768
2022-04-28,7971,8138,7871,8038,32714,0.01259763164525074
2022-04-29,8038,8238,7938,8105,35943,0.008335406817616242
2022-05-02,8105,8105,8005,8005,26512,-0.012338062924120874
2022-05-03,8005,8105,7971,8005,14052,0.0
2022-05-04,8105,8171,8004,8105,30896,0.012492192379762734
2022-05-06,8005,8105,7972,7972,26165,-0.016409623689080832
2022-05-09,8038,8339,7738,7772,129243,-0.025087807325639755
2022-05-10,7671,7705,7371,7605,39921,-0.021487390633041725
2022-05-11,7571,7671,7538,7605,13714,0.0
2022-05-12,7471,7605,7371,7405,32136,-0.026298487836949325
2022-05-13,7404,7471,7371,7438,12370,0.004456448345712349
2022-05-16,7471,7638,7437,7438,16849,0.0
2022-05-17,7438,7471,7271,7338,30632,-0.013444474321054
2022-05-18,7338,7404,7204,7338,22865,0.0
2022-05-19,7204,7237,6903,7104,61961,-0.031888798037612465
2022-05-20,7104,7238,7104,7238,15614,0.018862612612612573
2022-05-23,7271,7271,7104,7271,12438,0.004559270516717229
2022-05-24,7271,7371,7137,7271,21244,0.0
2022-05-25,7270,7437,7237,7371,16188,0.013753266400770237
2022-05-26,7338,7405,7171,7305,23523,-0.008954008954008996
2022-05-27,7271,7338,7237,7338,8821,0.004517453798768001
2022-05-30,7371,7471,7271,7405,9005,0.00913055328427359
2022-05-31,7404,7471,7337,7471,9644,0.008912896691424699
2022-06-02,7471,7504,7404,7471,6439,0.0
2022-06-03,7504,7571,7437,7571,10584,0.01338508901084201
2022-06-07,7571,7571,7371,7438,15127,-0.0175670320961564
2022-06-08,7404,7437,7371,7438,7091,0.0
2022-06-09,7404,7404,7204,7371,8542,-0.009007797795106187
2022-06-10,7237,7337,6903,7104,40175,-0.03622303622303624
2022-06-13,7004,7004,6771,6771,30644,-0.046875
2022-06-14,6610,6771,6550,6651,36038,-0.0177226406734603
2022-06-15,6577,6657,6250,6451,37841,-0.030070666065253326
2022-06-16,6471,6604,6350,6451,17083,0.0
2022-06-17,6210,6391,6157,6391,17371,-0.009300883583940434
2022-06-20,6417,6417,5997,6264,34796,-0.019871694570489762
2022-06-21,6243,6424,6050,6404,17579,0.022349936143039484
2022-06-22,6357,6450,6083,6297,18813,-0.01670830730793249
2022-06-23,6330,6330,5910,6104,37974,-0.030649515642369396
2022-06-24,6103,6263,5950,6177,23027,0.011959370904325084
2022-06-27,6177,6464,6077,6464,24888,0.046462684150882394
2022-06-28,6464,6471,6250,6451,13802,-0.002011138613861374
2022-06-29,6424,6551,6357,6551,5304,0.01550147263990076
2022-06-30,6423,6543,6323,6537,7099,-0.0021370783086551715
2022-07-01,6537,6537,6190,6404,16350,-0.020345724338381554
2022-07-04,6396,6396,6036,6210,20970,-0.03029356652092441
2022-07-05,6210,6424,6090,6424,10369,0.03446054750402583
2022-07-06,6424,6591,6350,6571,20810,0.022882938978829426
2022-07-07,6570,6770,6570,6737,23841,0.025262517120681727
2022-07-08,6837,6837,6624,6671,11512,-0.009796645391123682
2022-07-11,6610,6837,6610,6804,6779,0.019937040923399874
2022-07-12,6670,6770,6617,6704,5363,-0.014697236919459122
2022-07-13,6671,6871,6630,6671,13881,-0.004922434367541806
2022-07-14,6643,6770,6590,6704,3329,0.0049467845900164065
2022-07-15,6704,6771,6604,6771,6073,0.009994033412887848
2022-07-18,6771,6804,6651,6651,15469,-0.0177226406734603
2022-07-19,6650,6704,6597,6704,4006,0.007968726507292079
2022-07-20,6736,6803,6670,6737,4258,0.004922434367541806
2022-07-21,6770,6770,6663,6737,4282,0.0
2022-07-22,6737,6770,6657,6704,8271,-0.004898322695561785
2022-07-25,6703,6703,6590,6637,5622,-0.009994033412887848
2022-07-26,6577,6637,6444,6591,24678,-0.006930842248003666
2022-07-27,6584,6591,6470,6571,4975,-0.0030344409042634135
2022-07-28,6571,6571,6437,6471,18918,-0.015218383807639624
2022-07-29,6477,6571,6477,6571,6628,0.015453562046051639
2022-08-01,6570,6583,6430,6457,11461,-0.017348957540709198
2022-08-02,6457,6463,6336,6457,19597,0.0
2022-08-03,6437,6504,6384,6471,2666,0.0021681895617160496
2022-08-04,6463,6550,6437,6544,3326,0.01128110029361773
2022-08-05,6490,6610,6490,6597,5553,0.008099022004889989
2022-08-08,6616,6657,6536,6637,15755,0.006063362134303363
2022-08-09,6663,6704,6603,6704,12441,0.01009492240470089
2022-08-10,6670,6703,6550,6637,4996,-0.009994033412887848
2022-08-11,6631,6704,6577,6591,4651,-0.006930842248003666
2022-08-12,6543,6583,6516,6577,6255,-0.0021241086329844006
2022-08-16,6577,6577,6457,6564,15496,-0.0019765850691805253
2022-08-17,6590,6624,6510,6584,12802,0.0030469226081657474
2022-08-18,6584,6584,6444,6551,8661,-0.005012150668286752
2022-08-19,6557,6557,6471,6471,6940,-0.01221187604945806
2022-08-22,6470,6470,6310,6377,25271,-0.014526348323288474
2022-08-23,6290,6377,6290,6364,7981,-0.002038576132977865
2022-08-24,6336,6397,6336,6397,5481,0.005185417976115714
2022-08-25,6397,6557,6337,6531,9143,0.02094731905580738
2022-08-26,6557,6630,6530,6604,20756,0.011177461338232941
2022-08-29,6470,6603,6403,6537,26761,-0.010145366444579085
2022-08-30,6503,6937,6503,6904,55780,0.056141961144255736
2022-08-31,6904,6971,6804,6938,12966,0.004924681344148363
2022-09-01,6937,6937,6704,6871,13875,-0.009656961660420849
2022-09-02,6770,6803,6663,6737,11546,-0.019502255857953732
2022-09-05,6704,6704,6630,6704,6515,-0.004898322695561785
2022-09-06,6657,6704,6603,6644,4886,-0.008949880668257748
2022-09-07,6644,6644,6490,6551,21358,-0.013997591812161314
2022-09-08,6537,6737,6537,6704,5322,0.023355212944588644
2022-09-13,6704,6838,6704,6838,9074,0.019988066825775697
2022-09-14,6703,6736,6603,6737,2443,-0.014770400701959674
2022-09-15,6737,6804,6617,6804,19700,0.009945079412201352
2022-09-16,6703,6736,6670,6737,7595,-0.009847148736037648
2022-09-19,6736,6770,6636,6737,9344,0.0
2022-09-20,6736,6803,6670,6737,8313,0.0
2022-09-21,6703,6737,6550,6657,4855,-0.01187472168621051
2022-09-22,6597,6597,6537,6591,8115,-0.009914375844975232
2022-09-23,6484,6597,6477,6591,3915,0.0
2022-09-26,6591,6591,6277,6291,12639,-0.04551661356395087
2022-09-27,6290,6370,6016,6337,15389,0.007312033063106016
2022-09-28,6270,6503,6036,6170,7228,-0.026353163957708703
2022-09-29,6170,6270,5957,6224,23515,0.008752025931928697
2022-09-30,6156,6230,6016,6190,6595,-0.005462724935732632
2022-10-04,6076,6230,6069,6190,1903,0.0
2022-10-05,6237,6237,6083,6177,3374,-0.0021001615508885463
2022-10-06,6216,6216,6103,6190,6346,0.0021045815120608324
2022-10-07,6190,6270,6096,6190,9431,0.0
2022-10-11,6183,6183,5976,6130,12801,-0.009693053311793265
2022-10-12,6084,6084,5797,5904,41262,-0.036867862969004905
2022-10-13,5930,5930,5743,5837,9729,-0.011348238482384865
2022-10-14,5843,6104,5803,6104,12367,0.045742676032208385
2022-10-17,6103,6103,5983,6090,1609,-0.002293577981651418
2022-10-18,6090,6130,6003,6070,7673,-0.003284072249589487
2022-10-19,6070,6170,6036,6057,5823,-0.002141680395387202
2022-10-20,6070,6090,5996,6077,1380,0.00330196466897803
2022-10-21,6017,6070,5976,6017,1629,-0.009873292743129869
2022-10-24,6003,6117,5890,6117,12200,0.01661957786272228
2022-10-25,6116,6116,6009,6090,1948,-0.004413928396272637
2022-10-26,6090,6090,5977,6064,5094,-0.004269293924466289
2022-10-27,6037,6124,6037,6104,3879,0.006596306068601621
2022-10-28,6103,6103,6003,6070,4447,-0.005570117955439047
2022-10-31,6077,6110,6010,6084,1272,0.0023064250411861664
2022-11-01,6083,6110,6037,6104,2813,0.0032873109796187627
2022-11-02,5976,6150,5976,6090,2907,-0.002293577981651418
2022-11-03,6003,6083,5996,6037,7030,-0.008702791461412174
2022-11-04,5990,6070,5983,6064,1290,0.004472420076196748
2022-11-07,6023,6136,6023,6110,5261,0.007585751978891775
2022-11-08,6090,6170,6063,6164,4847,0.008837970540098272
2022-11-09,6116,6296,6116,6250,3224,0.0139519792342635
2022-11-10,6250,6257,6163,6237,5498,-0.0020799999999999708
2022-11-11,6250,6324,6210,6324,12984,0.013949013949013933
2022-11-14,6337,6370,6217,6324,14889,0.0
2022-11-15,6337,6631,6330,6591,32431,0.042220113851992425
2022-11-16,6590,7137,6510,6904,47340,0.04748900015172208
2022-11-17,6903,7204,6803,7104,25181,0.028968713789107703
2022-11-18,7037,7138,6937,7138,9334,0.004786036036036112
2022-11-21,7137,7137,7003,7104,12002,-0.004763239002521735
2022-11-22,6937,7071,6904,7038,9110,-0.00929054054054057
2022-11-23,7004,7171,7004,7071,13304,0.004688832054561054
2022-11-24,7170,7437,7137,7371,29360,0.04242681374628776
2022-11-25,7404,7404,7271,7271,8392,-0.01356668023334695
2022-11-28,7404,7471,7237,7438,15484,0.02296795488928627
2022-11-29,7404,7504,7304,7438,10287,0.0
2022-11-30,7337,7538,7337,7538,17293,0.013444474321054
2022-12-01,7538,7604,7337,7438,12162,-0.013266118333775556
2022-12-02,7437,7437,7271,7438,7374,0.0
2022-12-05,7371,7504,7237,7438,38409,0.0
2022-12-06,7271,7571,7271,7405,4603,-0.004436676525947814
2022-12-07,7471,7471,7271,7405,14652,0.0
2022-12-08,7405,7405,7171,7405,9962,0.0
2022-12-09,7538,7538,7337,7438,6435,0.004456448345712349
2022-12-12,7504,8004,7504,7738,102574,0.040333422963162224
2022-12-13,7937,8738,7737,8038,414688,0.03876970793486678
2022-12-14,8038,8105,7704,8005,72250,-0.0041054988803185255
2022-12-15,7971,8338,7804,7938,28979,-0.008369768894440965
2022-12-16,7771,8005,7771,7905,18906,-0.004157218442932709
2022-12-19,7704,7871,7370,7571,53303,-0.04225173940543958
2022-12-20,7338,7404,7037,7038,37556,-0.0704002113327169
2022-12-21,7004,7338,7004,7305,15367,0.037936913895993074
2022-12-22,7304,7337,7171,7171,3437,-0.01834360027378512
2022-12-23,7204,7338,7037,7338,5249,0.023288244317389406
2022-12-26,7137,7438,7137,7338,11528,0.0
2022-12-27,7338,7438,7171,7405,16503,0.00913055328427359
2022-12-28,7405,7438,7204,7405,7376,0.0
2022-12-29,7304,7404,7070,7271,9263,-0.018095881161377503
2023-01-02,7270,7404,6737,7204,19702,-0.009214688488516032
2023-01-03,7338,7338,6971,7138,4308,-0.009161576901721258
2023-01-04,7238,7505,7138,7405,17735,0.037405435696273415
2023-01-05,7338,7438,7304,7405,3540,0.0
2023-01-06,7438,7438,7204,7338,12334,-0.009047940580688696
2023-01-09,7405,7438,7271,7405,6848,0.00913055328427359
2023-01-10,7404,7404,7204,7204,16058,-0.0271438217420662
2023-01-11,7204,7437,7204,7438,5703,0.032481954469739005
2023-01-12,7504,7504,7304,7471,7030,0.004436676525947814
2023-01-13,7437,7504,7270,7471,7265,0.0
2023-01-16,7504,7538,7437,7538,15853,0.008968009637264185
2023-01-17,7538,8005,7538,7972,41235,0.057574953568585885
2023-01-18,7971,8138,7938,8105,28888,0.016683391871550324
2023-01-19,8104,8205,8038,8205,11414,0.012338062924120985
2023-01-20,8271,8305,8171,8205,6139,0.0
2023-01-25,8205,8305,8005,8132,14667,-0.008897014015843974
2023-01-26,8132,8132,7985,8092,14040,-0.004918839153959631
2023-01-27,8071,8158,7997,8018,6809,-0.009144834404349989
2023-01-30,8005,8192,7971,8032,11342,0.0017460713394861216
2023-01-31,8031,8271,8011,8205,10082,0.021538844621513897
2023-02-01,8265,8265,8144,8225,14246,0.0024375380865326868
2023-02-02,8225,8365,8158,8359,16533,0.016291793313069958
2023-02-03,8271,8358,8238,8352,5124,-0.0008374207441081971
2023-02-06,8285,8405,8052,8339,13099,-0.0015565134099616573
2023-02-07,8231,8465,8211,8452,17205,0.013550785465883175
2023-02-08,8439,8465,8332,8359,14949,-0.011003312825366818
2023-02-09,8384,8671,8258,8485,44217,0.01507357339394666
2023-02-10,8592,9806,8472,9306,555912,0.09675898644667069
2023-02-13,9412,9806,9412,9586,130787,0.030088115194498277
2023-02-14,9586,9606,9252,9426,37582,-0.01669100771959109
2023-02-15,9426,9426,9019,9206,51952,-0.023339698705707623
2023-02-16,9139,9352,9039,9286,33618,0.008689984792526584
2023-02-17,9285,9392,9125,9319,15602,0.003553736808098229
2023-02-20,9239,9399,9239,9366,19521,0.005043459598669475
2023-02-21,9359,9505,9325,9339,19264,-0.002882767456758528
2023-02-22,9332,9352,9005,9166,32681,-0.01852446728771817
2023-02-23,9172,9172,8859,9006,26422,-0.01745581496836135
2023-02-24,8999,9192,8879,9006,7370,0.0
2023-02-27,8892,9026,8705,8966,21388,-0.004441483455474127
2023-02-28,8898,9105,8705,9079,21986,0.012603167521748837
2023-03-02,9072,9092,8839,8846,20251,-0.025663619341337207
2023-03-03,9045,9045,8732,8839,16376,-0.0007913181098802013
2023-03-06,8872,8872,8712,8826,11060,-0.0014707546102500357
2023-03-07,8805,9005,8745,8819,3880,-0.0007931112621799574
2023-03-08,8818,8818,8504,8685,30532,-0.015194466492799652
2023-03-09,8671,8671,8471,8545,14130,-0.016119746689694847
2023-03-10,8545,8545,8384,8545,12622,0.0
2023-03-13,8465,8672,8298,8672,37166,0.014862492685781215
2023-03-14,8552,8665,8005,8372,13435,-0.03459409594095941
2023-03-15,8372,8505,8345,8499,4330,0.015169612995699966
2023-03-16,8665,8665,8271,8425,10080,-0.008706906694905259
2023-03-17,8424,8631,8298,8605,7157,0.02136498516320473
2023-03-20,8652,8652,8438,8532,14679,-0.008483439860546227
2023-03-21,8531,8531,8344,8465,15100,-0.007852789498359103
2023-03-22,8452,8638,8305,8352,20243,-0.013349084465445915
2023-03-23,8272,8505,8178,8379,14664,0.003232758620689724
2023-03-24,8379,8405,8198,8379,17806,0.0
2023-03-27,8372,8826,8372,8806,29006,0.05096073517126154
2023-03-28,8805,8932,8805,8872,8702,0.007494889847831088
2023-03-29,8839,8939,8545,8806,26149,-0.00743913435527499
2023-03-30,8806,8926,8605,8706,22841,-0.01135589370883483
2023-03-31,8705,8705,8365,8592,22109,-0.013094417643004785
2023-04-03,8558,8558,8384,8465,18924,-0.014781191806331417
2023-04-04,8505,8865,8465,8772,19838,0.036266981689308864
2023-04-05,8711,9018,8711,9012,40221,0.02735978112175097
2023-04-06,9052,9065,8538,8799,30788,-0.02363515312916109
2023-04-07,8845,8845,8611,8665,12603,-0.015229003295829102
2023-04-10,8665,8906,8345,8766,21892,0.011656087709174923
2023-04-11,8672,8739,8539,8539,18180,-0.025895505361624438
2023-04-12,8538,8732,8491,8732,12409,0.02260217824101174
2023-04-13,8685,8858,8571,8592,10954,-0.016032982134677076
2023-04-14,8591,8671,8511,8665,16056,0.008496275605214043
2023-04-17,8604,8878,8464,8665,20673,0.0
2023-04-18,8665,8839,8578,8839,20358,0.020080784766301152
2023-04-19,8799,8939,8739,8926,18910,0.009842742391673376
2023-04-20,8926,8926,8759,8866,8284,-0.0067219359175442195
2023-04-21,8765,8845,8478,8645,25423,-0.024926686217008776
2023-04-24,8672,8672,8538,8592,19894,-0.006130711393869337
2023-04-25,8591,8738,8465,8672,24983,0.009310986964618184
2023-04-26,8665,9005,8598,8872,26276,0.02306273062730635
2023-04-27,8939,8939,8719,8886,11826,0.00157799819657356
2023-04-28,8972,9019,8839,8926,14878,0.004501462975466941
2023-05-02,9012,9012,8872,8966,12942,0.00448129061169622
2023-05-03,8985,9025,8918,8992,15574,0.0028998438545617677
2023-05-04,8979,9339,8939,9293,65104,0.03347419928825612
2023-05-08,9339,9899,9339,9873,95490,0.06241256860002142
2023-05-09,10006,10006,9432,9693,42423,-0.01823154056517773
2023-05-10,9692,9792,9212,9419,30196,-0.02826782213968848
2023-05-11,9406,9573,9292,9553,9349,0.0142265633294405
2023-05-12,9519,9519,9092,9279,29673,-0.028682089396001254
2023-05-15,9272,9272,8839,9106,30003,-0.018644250458023537
2023-05-16,9072,9072,8545,8952,54274,-0.016911926202503813
2023-05-17,8752,8946,8725,8906,34793,-0.005138516532618431
2023-05-18,8899,8939,8779,8886,13556,-0.002245677071637142
2023-05-19,8885,8958,8671,8792,23622,-0.010578437992347478
2023-05-22,8699,8786,8605,8786,14913,-0.0006824385805277444
2023-05-23,8785,8785,8692,8759,7775,-0.0030730707944457425
2023-05-24,8739,8806,8725,8786,7192,0.0030825436693686648
2023-05-25,8786,8832,8612,8726,11630,-0.006829046209879341
2023-05-26,8725,8725,8571,8612,12399,-0.013064405225762132
2023-05-30,8612,8612,8432,8439,13606,-0.02008824895494654
2023-05-31,8438,8485,8344,8445,6414,0.0007109847138286884
2023-06-01,8445,8445,8331,8445,10921,0.0
2023-06-02,8438,8485,8271,8445,8104,0.0
2023-06-05,8451,8672,8358,8572,11676,0.015038484310242684
2023-06-07,8571,8731,8504,8565,10203,-0.0008166122258516095
2023-06-08,8491,8805,8491,8525,12261,-0.004670169293636839
2023-06-09,8485,8732,8485,8672,21280,0.017243401759530874
2023-06-12,8632,8779,8612,8706,13878,0.003920664206642055
2023-06-13,8665,8806,8639,8706,13133,0.0
2023-06-14,8798,8798,8538,8605,8562,-0.011601194578451657
2023-06-15,8525,8652,8525,8619,11003,0.001626961069145949
2023-06-16,8552,8659,8472,8499,13582,-0.01392272885485557
2023-06-19,8398,8658,8398,8505,19377,0.000705965407695075
2023-06-20,8498,8805,8305,8639,26309,0.015755437977660103
2023-06-21,8585,8718,8551,8672,9265,0.003819886560944452
2023-06-22,8598,8672,8545,8672,6887,0.0
2023-06-23,8605,8699,8598,8699,6414,0.0031134686346863116
2023-06-26,8619,8872,8559,8846,21069,0.01689849407977939
2023-06-27,8872,9112,8805,9099,27270,0.02860049739995474
2023-06-28,9099,9272,9012,9186,17603,0.009561490273656492
2023-06-29,9146,9272,8905,9046,10795,-0.01524058349662527
2023-06-30,9032,9132,8745,9079,22797,0.0036480212248508614
2023-07-03,9259,9259,8739,9086,5391,0.0007710100231304029
2023-07-04,9032,9138,8925,9032,9632,-0.005943209333039823
2023-07-05,9032,9032,8752,8986,16298,-0.0050930026572187925
2023-07-06,8985,9132,8671,8972,10194,-0.0015579790785666958
2023-07-07,8885,8885,8672,8719,21433,-0.028198840838163153
2023-07-10,8625,8719,8538,8719,4570,0.0
2023-07-11,8632,8799,8538,8779,14444,0.006881523110448429
2023-07-12,8778,8838,8651,8792,2047,0.001480806469985163
2023-07-13,8772,8792,8665,8766,3009,-0.002957233848953633
2023-07-14,8765,8972,8631,8852,5967,0.009810631987223317
2023-07-17,8772,8845,8631,8712,3425,-0.01581563488477178
2023-07-18,8631,8712,8538,8652,11161,-0.00688705234159781
2023-07-19,8651,8671,8524,8625,3101,-0.003120665742024964
2023-07-20,8625,8739,8379,8706,27141,0.00939130434782598
2023-07-21,8625,8838,8578,8812,4517,0.012175511141741424
2023-07-24,8812,8812,8538,8752,9920,-0.0068088969586926895
2023-07-25,8671,8971,8498,8605,10680,-0.016796160877513677
2023-07-26,8605,8605,8045,8472,34516,-0.015456130156885517
2023-07-27,8378,8672,8378,8672,8831,0.023607176581680767
2023-07-28,8572,8785,8338,8519,51546,-0.017642988929889247
2023-07-31,8625,8625,8452,8519,11156,0.0
2023-08-01,8625,8625,8418,8519,15875,0.0
2023-08-02,8599,8612,8498,8519,5103,0.0
2023-08-03,8471,8732,8345,8692,6949,0.020307547834252926
2023-08-04,8671,8671,8484,8665,6346,-0.0031063046479521406
2023-08-07,8618,8805,8538,8659,3699,-0.0006924408540104343
2023-08-08,8651,8651,8504,8625,5893,-0.003926550409978025
2023-08-09,8598,8738,8511,8652,12122,0.00313043478260866
2023-08-10,8785,9198,8658,8872,58952,0.02542764678687015
2023-08-11,9066,9139,8872,9006,27293,0.01510369702434633
2023-08-14,9045,9052,8705,8939,20399,-0.007439484787919115
2023-08-16,8772,8952,8719,8926,11311,-0.0014543013759928947
2023-08-17,8919,8919,8692,8799,10294,-0.014228097692135289
2023-08-18,8699,8866,8552,8826,17974,0.003068530514831247
2023-08-21,8732,8866,8672,8826,8200,0.0
2023-08-22,8919,8919,8692,8799,19261,-0.00305914343983682
2023-08-23,8798,8872,8671,8872,6758,0.008296397317877124
2023-08-24,8745,8939,8745,8786,5911,-0.009693417493237155
2023-08-25,8785,8938,8685,8932,7844,0.01661734577737306
2023-08-28,8866,8972,8846,8846,8112,-0.00962830273175097
2023-08-29,8785,9125,8785,9052,19173,0.02328736151933075
2023-08-30,9012,9185,9012,9139,14916,0.009611135660627435
2023-08-31,9052,9199,9052,9126,7311,-0.0014224751066855834
2023-09-01,9132,9212,9092,9206,16800,0.008766162612316553
2023-09-04,9205,9546,9172,9506,33893,0.0325874429719748
2023-09-05,9606,10006,9439,9960,66047,0.04775930990953081
2023-09-06,9959,10006,9752,10006,34134,0.004618473895582342
2023-09-07,10106,10520,9819,10040,59089,0.003397961223265966
2023-09-08,10119,10473,9979,10473,72173,0.04312749003984062
2023-09-11,10673,11007,10546,10967,77568,0.0471689105318438
2023-09-12,11040,11193,10086,10413,70225,-0.05051518190936444
2023-09-13,10206,10486,9906,10213,33545,-0.01920676077979444
2023-09-14,10206,10600,10206,10587,13498,0.036619994125134614
2023-09-15,10586,10686,10319,10473,9516,-0.010767922924341145
2023-09-18,10240,10500,10240,10367,9376,-0.010121264203189151
2023-09-19,10366,10467,10253,10447,8818,0.007716793672229105
2023-09-20,10480,10480,10199,10460,9588,0.0012443763759930615
2023-09-21,10439,10520,9932,10520,45288,0.005736137667303964
2023-09-22,10413,10527,10240,10447,7078,-0.006939163498098866
2023-09-25,10193,10447,10173,10367,17064,-0.007657700775342224
2023-09-26,10360,10407,10040,10367,29291,0.0
2023-09-27,10339,10806,10306,10640,21657,0.026333558406482105
2023-10-04,10673,10686,10033,10400,36217,-0.022556390977443663
2023-10-05,10400,10673,10206,10587,23671,0.01798076923076919
2023-10-06,10606,10606,10239,10373,37195,-0.020213469349201874
2023-10-10,10279,10386,9912,9986,37270,-0.037308396799383026
2023-10-11,9920,10267,9920,10227,21394,0.024133787302223153
2023-10-12,10140,10373,10140,10307,11889,0.007822430820377368
2023-10-13,10233,10386,10173,10260,5330,-0.00456000776171539
2023-10-16,10259,10272,9912,10006,20874,-0.024756335282651087
2023-10-17,10132,10132,9739,9986,29767,-0.001998800719568261
2023-10-18,9986,10146,9899,9980,9759,-0.0006008411776486922
2023-10-19,9872,9872,9352,9626,30118,-0.03547094188376754
2023-10-20,9586,9586,9119,9373,22959,-0.02628298358612091
2023-10-23,9493,9526,9252,9333,12610,-0.004267577083111096
2023-10-24,9299,9666,9239,9653,16025,0.034286938819243495
2023-10-25,9739,9739,9465,9579,5627,-0.007666010566663162
2023-10-26,9572,9572,9052,9339,40427,-0.025054807391168166
2023-10-27,9339,9459,9305,9406,8897,0.0071742156547809355
2023-10-30,9405,9405,9138,9239,17355,-0.01775462470763345
2023-10-31,9212,9339,8872,9139,16110,-0.010823682216690167
2023-11-01,9139,9192,8938,9139,8752,0.0
2023-11-02,9139,9606,9006,9293,11591,0.01685085895612204
2023-11-03,9659,9659,9172,9333,2513,0.004304315075863485
2023-11-06,9339,9739,9339,9386,4562,0.005678774241937301
2023-11-07,9385,9579,9165,9379,4564,-0.0007457916045173762
2023-11-08,9339,9499,9139,9293,11572,-0.009169421047019899
2023-11-09,9313,9499,9206,9293,2728,0.0
2023-11-10,9392,9392,9099,9206,10438,-0.009361885290003258
2023-11-13,9205,9339,9119,9226,13489,0.002172496198131757
2023-11-14,9332,9332,9138,9239,2650,0.001409061348363272
2023-11-15,9332,9332,9185,9259,12068,0.0021647364433379224
2023-11-16,9259,9332,8825,9119,39707,-0.015120423371854375
2023-11-17,9071,9258,9011,9172,5806,0.0058120407939468155
2023-11-20,9212,9332,9025,9286,11561,0.012429132141299704
2023-11-21,9286,9359,9172,9293,8705,0.0007538229592936041
2023-11-22,9293,9293,9072,9193,21878,-0.010760787689658935
2023-11-23,9186,9239,9059,9126,9699,-0.007288154030240412
2023-11-24,9125,9132,9078,9112,2525,-0.0015340784571553634
2023-11-27,9112,9112,8991,9092,6208,-0.0021949078138717715
2023-11-28,9005,9092,8998,9079,8107,-0.001429828420589474
2023-11-29,9045,9085,8818,8912,24182,-0.01839409626610855
2023-11-30,8845,9005,8765,8892,10171,-0.002244165170556589
2023-12-01,8905,9032,8672,9006,14225,0.012820512820512775
2023-12-04,8885,9052,8679,8986,7608,-0.002220741727737119
2023-12-05,8905,9646,8845,9493,30388,0.056421099488092485
2023-12-06,9539,9773,9099,9166,32728,-0.03444643421468452
2023-12-07,9105,9466,9005,9406,14333,0.02618372245254208
2023-12-08,9405,9439,9305,9439,9677,0.0035083988943227506
2023-12-11,9439,9940,9086,9880,82819,0.04672105095878809
2023-12-12,9986,9986,9613,9613,24974,-0.027024291497975694
2023-12-13,9732,9732,9405,9539,16223,-0.007697909081452181
2023-12-14,9539,9666,9212,9353,40543,-0.019498899255687152
2023-12-15,9278,9599,9225,9579,8407,0.024163370041697885
2023-12-18,9579,9806,9346,9346,20948,-0.024324042175592475
2023-12-19,9379,9619,9259,9326,25025,-0.002139952921035748
2023-12-20,9439,9579,9272,9299,15338,-0.002895131889341651
2023-12-21,9286,9413,9246,9273,44318,-0.0027959995698462192
2023-12-22,9272,9419,9212,9319,21728,0.0049606384125957526
2023-12-26,9339,9660,9279,9660,63253,0.03659190900311193
2023-12-27,9630,9640,9170,9170,50116,-0.050724637681159424
2023-12-28,9240,9430,9160,9330,10372,0.017448200654307522
2024-01-02,9370,9480,9250,9390,6986,0.006430868167202508
2024-01-03,9310,9590,9310,9480,2512,0.009584664536741228
2024-01-04,9380,9580,9360,9540,4497,0.006329113924050667
2024-01-05,9580,9620,9300,9500,7134,-0.004192872117400381
2024-01-08,9500,9500,9290,9430,8506,-0.00736842105263158
2024-01-09,9440,9440,9100,9340,31142,-0.009544008483563071
2024-01-10,9320,9350,8990,9000,26735,-0.036402569593147804
2024-01-11,9000,9120,8910,8970,8049,-0.0033333333333332993
2024-01-12,9060,9140,8850,9140,5281,0.018952062430323213
2024-01-15,9170,9440,8920,9410,25048,0.029540481400437635
2024-01-16,9260,9440,9040,9330,16525,-0.008501594048884176
2024-01-17,9100,9330,9070,9230,4273,-0.010718113612004254
2024-01-18,9110,9390,8940,9300,42527,0.007583965330444142
2024-01-19,9410,9420,9120,9300,11299,0.0
2024-01-22,9210,9360,9040,9190,14704,-0.011827956989247324
2024-01-23,9190,9200,9020,9180,10851,-0.0010881392818280489
2024-01-24,9040,9220,8940,9130,20992,-0.005446623093681935
2024-01-25,9100,9190,8890,8940,27125,-0.020810514786418377
2024-01-26,8900,9030,8870,8870,8325,-0.007829977628635354
2024-01-29,8900,8940,8550,8720,24904,-0.016910935738444155
2024-01-30,8620,8760,8350,8620,46999,-0.011467889908256867
2024-01-31,8510,8750,8380,8620,15049,0.0
2024-02-01,8450,8660,8200,8430,50739,-0.022041763341067333
2024-02-02,8430,8680,8210,8300,59146,-0.01542111506524313
2024-02-05,8300,8300,7910,7910,51291,-0.04698795180722892
2024-02-06,7980,8140,7880,8120,29229,0.026548672566371723
2024-02-07,8120,8250,8070,8150,10595,0.003694581280788256
2024-02-08,8180,8750,7960,8750,47153,0.07361963190184051
2024-02-13,9050,9070,8660,9060,47432,0.035428571428571365
2024-02-14,8970,9050,8860,9040,17231,-0.002207505518763808
2024-02-15,9000,9070,8810,8980,7646,-0.006637168141592875
2024-02-16,8930,9010,8760,8900,25278,-0.008908685968819552
2024-02-19,8940,9600,8940,9510,86008,0.06853932584269673
2024-02-20,9650,9650,9050,9500,14607,-0.001051524710830698
2024-02-21,9480,9500,9200,9320,19093,-0.0189473684210526
2024-02-22,9220,9360,9110,9230,13808,-0.00965665236051505
2024-02-23,9210,9210,8950,9030,14563,-0.021668472372697756
2024-02-26,9030,9230,8870,9090,11982,0.006644518272425293
2024-02-27,9050,9220,8890,9000,13677,-0.00990099009900991
2024-02-28,9000,9080,8800,9080,17839,0.008888888888888946
2024-02-29,9200,9300,8900,9270,30541,0.020925110132158586
2024-03-04,9180,9370,8930,9060,18504,-0.02265372168284785
2024-03-05,9060,9200,8810,8990,36278,-0.007726269315673329
2024-03-06,9250,9250,8980,9120,11520,0.014460511679644128
2024-03-07,9100,9180,9020,9040,11013,-0.00877192982456143
2024-03-08,9040,9180,8850,9170,15328,0.014380530973451267
2024-03-11,9100,9240,9020,9190,11629,0.0021810250817884125
2024-03-12,9190,9200,8990,9190,20646,0.0
2024-03-13,9190,9370,9120,9250,14465,0.006528835690968515
2024-03-14,9230,9440,9180,9440,13023,0.020540540540540553
2024-03-15,9420,9450,9280,9430,26213,-0.0010593220338983578
2024-03-18,9370,9890,9310,9870,84163,0.04665959703075284
2024-03-19,9860,9870,9470,9770,47058,-0.010131712259371817
2024-03-20,9680,9970,9680,9870,24348,0.010235414534288667
2024-03-21,9890,10130,9790,10110,59921,0.024316109422492405
2024-03-22,10110,10190,9950,10190,37373,0.007912957467853587
2024-03-25,10190,10590,10100,10450,64218,0.025515210991167825
2024-03-26,10270,10460,9890,10070,44274,-0.036363636363636376
2024-03-27,9970,9970,9620,9890,46638,-0.01787487586891756
2024-03-28,9890,10210,9890,10200,26214,0.03134479271991908
2024-03-29,10300,10300,10090,10140,13882,-0.00588235294117645
2024-04-01,10050,10150,9830,10000,15052,-0.013806706114398382
2024-04-02,9810,9980,9680,9870,36296,-0.013000000000000012
2024-04-03,9800,9800,9350,9650,29116,-0.02228976697061802
2024-04-04,9560,9970,9560,9870,15995,0.022797927461139844
2024-04-05,9800,9850,9710,9830,8248,-0.004052684903748771
2024-04-08,9800,10000,9600,9740,18385,-0.00915564598168872
2024-04-09,9900,9900,9430,9670,10084,-0.007186858316221789
2024-04-11,9510,9660,9450,9600,3597,-0.007238883143743546
2024-04-12,9790,9800,9300,9740,13191,0.014583333333333393
2024-04-15,9510,9680,9430,9530,16529,-0.021560574948665256
2024-04-16,9530,9640,9240,9430,10122,-0.01049317943336836
2024-04-17,9440,10590,9320,9980,178606,0.05832449628844105
2024-04-18,9980,10390,9910,10230,35444,0.025050100200400882
2024-04-19,10230,10360,9700,10230,64646,0.0
2024-04-22,10280,10380,10090,10220,15259,-0.0009775171065493637
2024-04-23,10160,10790,10100,10570,159276,0.03424657534246567
2024-04-24,10570,10930,10570,10850,64623,0.026490066225165476
2024-04-25,10850,10980,10600,10750,26769,-0.009216589861751112
2024-04-26,10750,10790,10090,10570,23058,-0.016744186046511622
2024-04-29,10570,10640,10350,10560,25129,-0.0009460737937558861
2024-04-30,10470,10730,10450,10560,14131,0.0
2024-05-02,10560,10920,10510,10850,45907,0.027462121212121104
2024-05-03,10820,12300,10820,12200,497396,0.12442396313364057
2024-05-07,12200,12200,11730,12150,139257,-0.004098360655737654
2024-05-08,12280,12420,11900,12140,86530,-0.0008230452674896638
2024-05-09,12350,12350,11610,12100,79429,-0.0032948929159802853
2024-05-10,12050,12250,11600,12010,52276,-0.007438016528925617
2024-05-13,11900,12410,11850,12090,104129,0.006661115736885881
2024-05-14,12000,13030,11930,13030,213561,0.07775020678246491
2024-05-16,13030,13840,12810,13660,368158,0.04834996162701466
2024-05-17,13550,13860,13210,13720,115965,0.004392386530014614
2024-05-20,13750,14060,12710,13580,122694,-0.010204081632653073
2024-05-21,13510,15480,13480,15130,411985,0.11413843888070696
2024-05-22,14930,16220,14930,15580,294578,0.029742233972240628
2024-05-23,15500,16850,15390,16400,287576,0.05263157894736836
2024-05-24,16150,16490,15640,16100,144565,-0.018292682926829285
2024-05-27,16010,16010,14600,15320,266112,-0.04844720496894406
2024-05-28,15280,15680,14560,15150,178907,-0.011096605744125299
2024-05-29,15690,15690,14670,14900,86189,-0.01650165016501648
2024-05-30,14900,15350,14620,14720,63894,-0.012080536912751683
2024-05-31,14720,15100,13680,14330,176131,-0.026494565217391353
2024-06-03,14680,15050,14220,14900,131284,0.03977669225401259
2024-06-04,14730,15630,14600,15160,80310,0.01744966442953011
2024-06-05,15210,16500,15210,15640,157022,0.0316622691292876
2024-06-07,15640,15940,15220,15700,100994,0.0038363171355497716
2024-06-10,15690,15690,15060,15320,75334,-0.02420382165605095
2024-06-11,15290,15540,14300,14540,147663,-0.050913838120104415
2024-06-12,14550,14550,13860,14210,114600,-0.02269601100412655
2024-06-13,14210,14540,14030,14110,65506,-0.0070372976776917895
2024-06-14,14210,14340,13710,14030,78557,-0.00566973777462787
2024-06-17,14030,14600,13900,14170,82465,0.009978617248752597
2024-06-18,14150,14290,13500,13880,78263,-0.020465772759350687
2024-06-19,13980,13980,13300,13620,87347,-0.018731988472622474
2024-06-20,13620,14300,13500,14000,71980,0.027900146842878115
2024-06-21,14180,15900,14180,15350,254142,0.09642857142857153
2024-06-24,15120,15490,14830,15370,80025,0.0013029315960912946
2024-06-25,14900,15420,14900,15200,29164,-0.011060507482107962
2024-06-26,15320,16130,15050,16030,63920,0.05460526315789482
2024-06-27,16020,16080,15640,15970,27296,-0.0037429819089207506
2024-06-28,16060,16290,15830,16130,27856,0.010018785222291715
2024-07-01,16130,19040,16110,17520,464188,0.08617482951022937
2024-07-02,17340,17990,16620,17940,112996,0.023972602739726012
2024-07-03,17870,18340,16890,17290,118714,-0.036231884057971064
2024-07-04,17290,18000,17200,17290,77954,0.0
2024-07-05,17290,18120,16980,17880,94720,0.034123770965876155
2024-07-08,17900,17900,17110,17390,61307,-0.027404921700223683
2024-07-09,17210,17850,17200,17610,35153,0.01265094882116169
2024-07-10,17780,17930,17310,17720,28029,0.006246450880181609
2024-07-11,17740,19140,17650,18970,183348,0.07054176072234752
2024-07-12,18610,19130,17880,18240,105191,-0.03848181338956247
2024-07-15,18600,19280,18300,18950,94414,0.038925438596491224
2024-07-16,18940,18940,18260,18490,59652,-0.024274406332453813
2024-07-17,18490,18850,17530,17780,75709,-0.03839913466738776
2024-07-18,17500,17810,16640,17640,60805,-0.007874015748031482
2024-07-19,17630,17930,17040,17240,35146,-0.0226757369614512
2024-07-22,17060,17100,16680,17000,32345,-0.0139211136890951
2024-07-23,17000,17500,16960,17270,21256,0.01588235294117646
2024-07-24,17270,17850,16980,17610,25393,0.01968731905037635
2024-07-25,17040,17590,16990,17270,28098,-0.01930721181147077
2024-07-26,17270,18300,17090,18290,66447,0.05906195715112905
2024-07-29,18290,18660,18050,18310,29270,0.0010934937124111865
2024-07-30,18300,18420,18010,18180,18188,-0.007099945385035444
2024-07-31,18000,18810,17920,18800,66661,0.034103410341034035
2024-08-01,18940,18940,18310,18510,47270,-0.015425531914893598
2024-08-02,18210,18460,16700,17080,110560,-0.07725553754727177
2024-08-05,16710,16710,15290,15750,93488,-0.07786885245901642
2024-08-06,15800,16590,15750,16300,116968,0.03492063492063502
2024-08-07,16450,17270,16250,16960,75628,0.04049079754601226
2024-08-08,16710,17210,16710,16980,37297,0.001179245283018826
2024-08-09,17020,17900,17020,17760,60306,0.04593639575971742
2024-08-12,17730,17850,17300,17630,29608,-0.007319819819819773
2024-08-13,17630,17980,16100,17100,121025,-0.03006239364719232
2024-08-14,17240,17480,16370,16980,60524,-0.007017543859649145
2024-08-16,17130,17130,16100,16640,50095,-0.020023557126030656
2024-08-19,16950,16950,16080,16470,44901,-0.010216346153846145
2024-08-20,16360,16610,15760,16010,72629,-0.02792956891317544
2024-08-21,16170,16170,15000,15740,136747,-0.01686445971267958
2024-08-22,15560,16000,14480,14700,183787,-0.06607369758576875
2024-08-23,14630,15380,14120,15330,75039,0.04285714285714293
2024-08-26,15330,15380,14610,15070,42072,-0.016960208741030658
2024-08-27,15010,15020,14420,14910,47689,-0.010617120106171218
2024-08-28,15000,15350,14710,15160,40045,0.016767270288396974
2024-08-29,14820,15140,14080,14440,182954,-0.0474934036939314
2024-08-30,14440,14980,14370,14880,39665,0.030470914127423754
2024-09-02,14880,15390,14430,15240,48342,0.024193548387096753
2024-09-03,15090,15470,14820,15250,66229,0.0006561679790026975
2024-09-04,14900,14950,14510,14650,44903,-0.03934426229508192
2024-09-05,14940,14940,13760,13930,125914,-0.049146757679180864
2024-09-06,14200,14200,13210,13620,72813,-0.022254127781765942
2024-09-09,13600,14140,13310,13920,19763,0.022026431718061623
2024-09-10,14190,14190,13700,13970,13200,0.0035919540229885083
2024-09-11,14150,14480,13600,13640,19566,-0.023622047244094446
2024-09-12,13900,14180,13680,14140,23112,0.03665689149560114
2024-09-13,14140,14300,13900,14130,20147,-0.0007072135785006761
2024-09-19,14120,14690,13660,13670,105446,-0.032554847841472
2024-09-20,13910,14090,13690,14000,49748,0.024140453547915053
2024-09-23,14160,14160,13020,13030,90301,-0.06928571428571428
2024-09-24,13060,13250,12750,13160,25847,0.009976976208748933
2024-09-25,13160,13230,12810,12900,20207,-0.019756838905775065
2024-09-26,12900,13150,12790,12970,20732,0.005426356589147252
2024-09-27,13000,13280,12980,13060,28692,0.006939090208172738
2024-09-30,12950,13210,12610,13080,16341,0.0015313935681469104
2024-10-02,13010,13140,12730,12950,7086,-0.00993883792048933
2024-10-04,13100,13100,12900,12990,4632,0.003088803088802994
2024-10-07,12870,13150,12790,13010,16332,0.0015396458814471714
2024-10-08,13010,13140,12550,12860,38977,-0.01152959262106068
2024-10-10,12880,13600,12860,13580,30720,0.055987558320373276
2024-10-11,13580,14100,13510,13690,59502,0.008100147275404979
2024-10-14,13680,13700,13430,13600,12902,-0.006574141709276837
2024-10-15,13750,13750,13280,13740,48419,0.010294117647058787
2024-10-16,13630,13900,13510,13810,27621,0.005094614264919972
2024-10-17,13830,14380,13740,14250,38068,0.031860970311368586
2024-10-18,14210,14400,13930,14270,33879,0.00140350877192974
2024-10-21,14180,14950,14180,14950,54961,0.047652417659425295
2024-10-22,14950,15600,14510,15600,67075,0.04347826086956519
2024-10-23,15800,15800,14950,15220,68484,-0.024358974358974383
2024-10-24,15220,15370,14810,15300,23931,0.005256241787122251
2024-10-25,15300,15450,14910,15170,13141,-0.00849673202614376
2024-10-28,15170,15390,14910,15070,18703,-0.0065919578114700395
2024-10-29,15070,15300,14800,15120,19294,0.0033178500331785266
2024-10-30,15110,15260,14900,15070,30122,-0.003306878306878258
2024-10-31,15000,15120,14830,15100,6975,0.001990710019907027
2024-11-01,14980,16400,14800,15840,79710,0.049006622516556186
2024-11-04,15840,16400,15700,16170,34378,0.02083333333333326
2024-11-05,16590,16590,15830,16150,17728,-0.0012368583797155441
2024-11-06,16160,16260,15800,16200,21000,0.003095975232198178
2024-11-07,16200,16280,15790,16150,8593,-0.0030864197530864335
2024-11-08,16280,16280,15780,16030,21252,-0.007430340557275539
2024-11-11,16030,16030,15700,15760,15792,-0.01684341859014349
2024-11-12,15800,15940,14520,15370,70876,-0.024746192893400965
2024-11-13,15370,15440,14530,15000,87330,-0.02407286922576446
2024-11-14,15000,15390,15000,15240,24859,0.016000000000000014
2024-11-15,15240,15700,15030,15660,30105,0.027559055118110187
2024-11-18,15660,15750,15240,15590,13353,-0.004469987228607919
2024-11-19,15590,15630,15170,15380,16221,-0.01347017318794097
2024-11-20,15280,15950,15190,15800,19618,0.027308192457737412
2024-11-21,15680,15800,15320,15790,11612,-0.0006329113924050667
2024-11-22,15790,15890,14920,15170,62669,-0.039265357821405944
2024-11-25,14850,15140,13850,14150,182919,-0.06723796967699402
2024-11-26,14150,14360,13970,14300,22177,0.010600706713780994
2024-11-27,14300,14440,13840,14150,30406,-0.010489510489510523
2024-11-28,14150,14150,13740,14090,30061,-0.004240282685512353
2024-11-29,14090,14090,13780,14030,10245,-0.004258339247693366
2024-12-02,14040,14040,13400,13800,25518,-0.016393442622950838
2024-12-03,13550,14200,13550,13900,21108,0.007246376811594235
2024-12-04,13300,13790,13300,13760,40978,-0.010071942446043147
2024-12-05,14200,14200,13410,13610,32357,-0.010901162790697638
2024-12-06,13680,13680,13100,13430,39783,-0.013225569434239581
2024-12-09,12950,13420,12320,12320,84423,-0.08265078183172003
2024-12-10,12200,13030,12200,12850,30505,0.04301948051948057
2024-12-11,12850,13780,12810,13560,34954,0.05525291828793777
2024-12-12,13900,13900,13250,13700,15809,0.010324483775811188
2024-12-13,13890,13890,13330,13660,10908,-0.0029197080291970545
2024-12-16,13510,13970,13510,13810,17092,0.010980966325036645
2024-12-17,13820,13860,13550,13770,12213,-0.002896451846488013
2024-12-18,13770,13940,13560,13780,8411,0.000726216412490821
2024-12-19,13660,13880,13450,13770,24555,-0.0007256894049346707
2024-12-20,13880,13880,13200,13400,30071,-0.026870007262164153
2024-12-23,13250,13850,13250,13690,12431,0.02164179104477615
2024-12-24,13570,14100,13570,13840,33344,0.010956902848794803
2024-12-26,13830,14480,13710,14000,30253,0.011560693641618602
2024-12-27,14040,14290,13540,13900,11073,-0.0071428571428571175
2024-12-30,13900,14150,13710,14000,16447,0.007194244604316502
2025-01-02,14190,14600,14000,14470,23350,0.033571428571428585
2025-01-03,14480,14890,14420,14600,21434,0.00898410504492042
2025-01-06,14610,14810,14570,14750,8891,0.010273972602739656
2025-01-07,14750,15050,14680,14900,15311,0.01016949152542379
2025-01-08,14860,15200,14810,15130,17400,0.01543624161073831
2025-01-09,14980,15240,14950,15080,16511,-0.0033046926635822427
2025-01-10,15080,15150,14620,14740,28143,-0.022546419098143256
2025-01-13,14740,14740,14330,14400,22237,-0.023066485753052923
2025-01-14,14510,14660,14320,14390,9641,-0.000694444444444442
2025-01-15,14700,14700,13620,14210,32602,-0.012508686587908269
2025-01-16,14200,14200,13650,14070,47371,-0.009852216748768461
2025-01-17,14070,14350,13780,14340,24048,0.019189765458422103
2025-01-20,14360,15300,14360,15020,117639,0.04741980474198049
2025-01-21,14980,15020,14450,14510,44781,-0.03395472703062585
2025-01-22,14660,15590,14500,15400,80180,0.06133700895933836
2025-01-23,15400,16190,15300,16060,94694,0.04285714285714293
2025-01-24,16390,16390,15750,15970,43080,-0.005603985056039873
2025-01-31,15970,16200,15340,16100,60143,0.00814026299311199
2025-02-03,16110,16110,15320,15370,32257,-0.045341614906832306
2025-02-04,15370,15690,15270,15370,25593,0.0
2025-02-05,15390,15970,15370,15800,17891,0.02797657774886142
2025-02-06,15950,16380,15940,16340,42223,0.03417721518987338
2025-02-07,15600,15980,14710,14880,253106,-0.08935128518971847
2025-02-10,14590,15050,14440,14740,85900,-0.009408602150537626
2025-02-11,14790,14880,14360,14530,44480,-0.014246947082767969
2025-02-12,14530,14740,13610,14610,35747,0.00550584996558845
2025-02-13,14460,14700,14410,14570,17508,-0.002737850787132068
2025-02-14,14680,14680,14320,14620,15982,0.0034317089910775866
2025-02-17,14620,14910,14210,14440,24140,-0.012311901504788003
2025-02-18,14620,14620,13910,14200,53627,-0.0166204986149584
2025-02-19,14400,14440,13980,14390,29707,0.013380281690140938
2025-02-20,14390,14580,14100,14580,14746,0.013203613620569765
2025-02-21,14580,14980,14310,14830,31833,0.01714677640603557
2025-02-24,14700,14770,14220,14360,20730,-0.03169251517194871
2025-02-25,14300,14320,13980,14200,39759,-0.011142061281337101
2025-02-26,14200,14410,14140,14370,22311,0.011971830985915588
2025-02-27,14220,15220,14220,15200,49693,0.05775922059846894
2025-02-28,15200,16170,15150,15640,119012,0.02894736842105261
2025-03-04,15480,16150,15160,16000,61891,0.023017902813299296
2025-03-05,15960,16000,15400,15790,28406,-0.013125000000000053
2025-03-06,15780,16300,15580,15800,33301,0.0006333122229258414
2025-03-07,15650,15730,15200,15440,40131,-0.02278481012658229
2025-03-10,15300,15440,14800,15340,38674,-0.006476683937823857
2025-03-11,15300,15930,14960,15790,36135,0.02933507170795302
2025-03-12,15790,16070,15530,15890,54344,0.0063331222292590805
2025-03-13,15780,16050,15770,15900,19806,0.0006293266205159576
2025-03-14,15830,15990,15610,15730,26365,-0.010691823899371067
2025-03-17,15910,15910,15390,15550,21089,-0.011443102352193257
2025-03-18,15400,15690,15400,15500,21236,-0.003215434083601254
2025-03-19,15400,16200,15250,16090,39705,0.03806451612903228
2025-03-20,16000,16180,15680,16080,20947,-0.0006215040397762328
2025-03-21,16080,16430,15240,15260,79737,-0.05099502487562191
2025-03-24,15300,15310,14790,15150,60874,-0.007208387942332917
2025-03-25,15200,15200,14600,14810,46594,-0.022442244224422425
2025-03-26,14810,14940,14560,14680,17433,-0.008777852802160702
2025-03-27,14530,14660,14110,14350,84534,-0.022479564032697574
2025-03-28,14360,14380,13930,14150,53812,-0.013937282229965153
2025-03-31,14170,14270,13800,14110,19491,-0.002826855123674865
2025-04-01,13850,14180,13850,14110,9442,0.0
2025-04-02,14230,14230,13550,13550,33416,-0.03968816442239542
2025-04-03,13510,13850,13200,13650,18769,0.007380073800737907
2025-04-04,13820,14200,13320,13890,35384,0.01758241758241752
2025-04-07,13780,13780,12610,13210,78592,-0.048956083513318926
2025-04-08,13500,13800,13120,13260,22388,0.0037850113550341735
2025-04-09,13200,13400,12970,13100,21681,-0.012066365007541435
2025-04-10,13400,13890,13400,13840,27473,0.056488549618320505
2025-04-11,13600,13810,13410,13600,12440,-0.017341040462427793
2025-04-14,13870,13900,13530,13530,11535,-0.0051470588235293935
2025-04-15,13520,13590,13050,13480,32006,-0.003695491500369519
2025-04-16,13490,13490,13000,13000,28856,-0.035608308605341255
2025-04-17,13060,13290,13020,13180,12096,0.013846153846153841
2025-04-18,13170,13170,12890,13060,18585,-0.009104704097116834
2025-04-21,13190,13190,12890,13040,15969,-0.0015313935681470214
2025-04-22,13170,13170,12940,13000,11740,-0.0030674846625766694
2025-04-23,13010,13130,12870,13100,15226,0.007692307692307665
2025-04-24,13100,13150,12920,13090,8844,-0.0007633587786259888
2025-04-25,13060,13250,12980,13160,7498,0.005347593582887722
2025-04-28,13050,13240,12840,13090,18270,-0.005319148936170248
2025-04-29,12960,13280,12960,13170,7694,0.006111535523300127
2025-04-30,13030,13390,13030,13320,12939,0.011389521640091216
2025-05-02,13250,13490,13190,13400,16838,0.006006006006006093
2025-05-07,13400,13570,12930,12950,25015,-0.03358208955223885
2025-05-08,12940,13200,12910,13040,17152,0.006949806949806847
2025-05-09,13040,13170,12380,12560,71624,-0.036809815950920255
2025-05-12,12690,12850,12580,12750,16327,0.015127388535031816
2025-05-13,12890,13220,12690,13200,39156,0.03529411764705892
2025-05-14,13200,13300,12410,12670,56233,-0.04015151515151516
2025-05-15,12780,12810,11510,12270,123095,-0.0315706393054459
2025-05-16,12180,12190,11370,11660,134292,-0.04971475142624282
2025-05-19,11660,11880,11300,11590,44881,-0.006003430531732468
2025-05-20,11630,12330,11500,12120,49614,0.04572907679033644
2025-05-21,12150,12590,12050,12340,30522,0.018151815181518094
2025-05-22,12300,12900,12200,12640,45616,0.024311183144246407
2025-05-23,12640,12700,12490,12590,19464,-0.003955696202531667
2025-05-26,12610,12710,12210,12290,27380,-0.023828435266084247
2025-05-27,12200,12250,11950,12030,34993,-0.0211554109031733
2025-05-28,12040,12080,11810,12040,27367,0.0008312551953448821
2025-05-29,12050,12220,11930,12070,21634,0.002491694352159568
2025-05-30,12000,12200,11930,12170,9962,0.008285004142501995
2025-06-02,12300,12300,11720,12180,44835,0.0008216926869351049
2025-06-04,12180,12590,12170,12470,13472,0.023809523809523725
2025-06-05,12500,12600,12380,12490,23672,0.001603849238171584
2025-06-09,12500,12590,12170,12450,31619,-0.0032025620496397567
2025-06-10,12550,13000,12320,13000,36051,0.04417670682730934
2025-06-11,13500,14520,13010,13850,155028,0.06538461538461537
2025-06-12,13720,13720,13320,13490,38124,-0.025992779783393538
2025-06-13,13490,13490,12840,13120,34258,-0.02742772424017792
2025-06-16,12850,13290,12850,13200,23794,0.0060975609756097615
2025-06-17,14070,14070,13020,13070,26310,-0.009848484848484884
2025-06-18,13120,13120,12780,12970,23358,-0.007651109410864554
2025-06-19,12880,13100,12780,12910,17360,-0.004626060138781751
2025-06-20,13000,13100,12760,12840,26667,-0.005422153369481042
2025-06-23,12930,12930,12640,12860,27274,0.0015576323987538387
2025-06-24,12930,13290,12700,13270,34339,0.03188180404354579
2025-06-25,13290,13360,13150,13280,21694,0.0007535795026374359
2025-06-26,13400,13400,12850,12980,16013,-0.02259036144578308
2025-06-27,13000,13090,12750,12980,16092,0.0
2025-06-30,12980,12980,12810,12920,5650,-0.0046224961479198745
2025-07-01,12930,13570,12900,13260,45667,0.026315789473684292
2025-07-02,13270,13400,12890,13370,44818,0.008295625942684737
2025-07-03,13340,13420,13060,13400,18531,0.002243829468960401
2025-07-04,13640,13640,13040,13180,21108,-0.016417910447761197
2025-07-07,13030,13180,12990,13110,8201,-0.00531107738998482
2025-07-08,12880,13250,12880,13170,30702,0.004576659038901587
2025-07-09,13180,13270,12870,12960,46672,-0.015945330296127547
2025-07-10,12870,13150,12830,13100,44696,0.010802469135802406
2025-07-11,13000,13050,12700,12990,44637,-0.008396946564885543
2025-07-14,12870,12970,12710,12740,15910,-0.019245573518090864
2025-07-15,13000,13050,12600,13010,35356,0.021193092621664134
2025-07-16,13010,13400,12830,13280,34099,0.020753266717909336
2025-07-17,13300,13480,13150,13380,28566,0.0075301204819278045
2025-07-18,13500,13500,13070,13160,16982,-0.01644245142002987
2025-07-21,13160,13160,12960,13050,12160,-0.008358662613981771
2025-07-22,13230,13230,12730,12870,22798,-0.01379310344827589
2025-07-23,12990,12990,12700,12880,12319,0.0007770007770007137
2025-07-24,12880,12960,12710,12710,11997,-0.013198757763975166
2025-07-25,12720,12870,12670,12690,6135,-0.0015735641227380137
2025-07-28,12690,12780,12470,12490,21739,-0.01576044129235621
2025-07-29,12470,12540,12290,12460,11880,-0.0024019215372297342
2025-07-30,12420,12610,12310,12500,15398,0.0032102728731941976
2025-07-31,12420,12580,12340,12500,5821,0.0
2025-08-01,12400,12590,12120,12310,25614,-0.015199999999999991
2025-08-04,12210,12840,12180,12660,13010,0.02843216896831846
2025-08-05,12520,12760,12500,12670,9454,0.0007898894154818592
2025-08-06,12530,12680,12270,12670,13490,0.0
2025-08-07,12720,12720,12500,12580,5899,-0.007103393843725381
2025-08-08,12520,12800,12520,12650,4027,0.00556438791732905
2025-08-11,12570,12650,12480,12480,5309,-0.013438735177865646
2025-08-12,12480,12500,12320,12360,5600,-0.009615384615384581
2025-08-13,12300,12660,12300,12430,6270,0.005663430420711935
2025-08-14,12450,12640,12360,12570,3699,0.011263073209975882
2025-08-18,12430,12490,12020,12220,37718,-0.027844073190135266
2025-08-19,12160,12180,11980,12090,10076,-0.010638297872340385
2025-08-20,12090,12090,11420,11500,87464,-0.04880066170388753
2025-08-21,11680,11750,11260,11630,49536,0.011304347826087024
2025-08-22,11540,11670,11460,11630,13233,0.0
2025-08-25,11630,11760,11550,11600,10872,-0.002579535683576939
2025-08-26,11450,11600,11410,11500,14647,-0.008620689655172376
2025-08-27,11740,11740,11180,11380,29651,-0.01043478260869568
2025-08-28,11500,11500,11130,11310,29102,-0.0061511423550087985
2025-08-29,11360,11970,11310,11900,46448,0.05216622458001763
2025-09-01,11900,12050,11710,11950,12931,0.004201680672268893
2025-09-02,12030,13300,11810,13150,120827,0.10041841004184104
2025-09-03,13150,13480,12740,13070,99651,-0.006083650190114032
2025-09-04,13480,13480,12660,12930,35837,-0.010711553175210442
2025-09-05,13380,13380,12400,12790,36937,-0.010827532869296164
2025-09-08,12820,13260,12820,13000,27672,0.016419077404222104
2025-09-09,13220,13220,12810,13150,14644,0.011538461538461497
2025-09-10,13220,13340,13090,13120,33332,-0.0022813688212928174
2025-09-11,13040,13920,13040,13820,95256,0.05335365853658547
2025-09-12,13990,13990,13230,13750,85033,-0.00506512301013029
2025-09-15,13610,13620,13000,13310,51030,-0.03200000000000003
2025-09-16,13260,13260,12970,13200,30938,-0.008264462809917328
2025-09-17,13200,13510,13100,13450,31164,0.018939393939394034
2025-09-18,13450,13650,13150,13310,31413,-0.010408921933085513
2025-09-19,13310,13500,13000,13500,15741,0.01427498121712989
2025-09-22,13470,13470,13000,13200,25980,-0.022222222222222254
2025-09-23,13230,13320,13130,13280,28783,0.0060606060606061
2025-09-24,13330,13490,13100,13430,50703,0.011295180722891596
2025-09-25,13370,13430,13120,13260,27785,-0.012658227848101222
2025-09-26,13190,13190,12980,13110,23462,-0.011312217194570096
2025-09-29,13110,13300,13030,13240,14144,0.009916094584286883
2025-09-30,13100,13400,13100,13340,17419,0.007552870090634434
2025-10-01,13390,13390,12970,13120,27425,-0.016491754122938573
2025-10-02,13120,13120,12930,13020,12425,-0.007621951219512146
2025-10-10,13020,13020,12720,12800,23871,-0.016897081413210446
2025-10-13,12810,12960,12510,12570,29625,-0.017968749999999978
2025-10-14,12600,13800,12260,13390,93927,0.06523468575974545
