Date,Open,High,Low,Close,Volume,Change
2022-01-03,44350,45550,43500,44550,439781,0.017123287671232834
2022-01-04,45500,47300,45000,45900,608667,0.030303030303030276
2022-01-05,46050,48050,45350,47150,742964,0.027233115468409563
2022-01-06,46850,47600,45750,46500,617745,-0.01378579003181335
2022-01-07,47350,48250,46050,48000,508815,0.032258064516129004
2022-01-10,48000,48450,45900,46050,449746,-0.04062500000000002
2022-01-11,46350,46750,43050,43250,620653,-0.06080347448425627
2022-01-12,44850,44950,43200,43500,428671,0.005780346820809301
2022-01-13,44100,47200,43700,46500,888263,0.06896551724137923
2022-01-14,46500,46900,45350,46100,414147,-0.008602150537634357
2022-01-17,46300,46500,44500,44950,266281,-0.024945770065075923
2022-01-18,45350,46350,44700,45400,347784,0.010011123470522909
2022-01-19,45400,45400,42850,43050,568305,-0.05176211453744495
2022-01-20,43050,44300,42450,44100,264097,0.024390243902439046
2022-01-21,43300,44450,42450,42950,314404,-0.02607709750566889
2022-01-24,42200,42700,40850,41700,306315,-0.029103608847497076
2022-01-25,41700,42300,38850,39300,551635,-0.05755395683453235
2022-01-26,39250,41350,38550,40100,421906,0.020356234096692072
2022-01-27,40300,40800,39200,40500,327747,0.009975062344139696
2022-01-28,40350,40500,37100,39600,587355,-0.022222222222222254
2022-02-03,40050,42000,40050,40500,255547,0.022727272727272707
2022-02-04,40450,41400,39700,41400,155629,0.022222222222222143
2022-02-07,41800,41800,40600,40750,175879,-0.0157004830917874
2022-02-08,41400,42100,40100,40800,212690,0.0012269938650306678
2022-02-09,41050,41650,40800,41600,128929,0.019607843137254832
2022-02-10,42000,42050,40300,40450,208391,-0.027644230769230727
2022-02-11,40000,40350,39200,39300,168979,-0.028430160692212603
2022-02-14,38200,39400,38200,38400,215511,-0.022900763358778664
2022-02-15,38300,39450,37500,37950,208730,-0.01171875
2022-02-16,39050,40900,38750,40800,241235,0.07509881422924902
2022-02-17,41000,41350,39000,40200,258705,-0.014705882352941124
2022-02-18,39200,40750,39150,40750,162678,0.013681592039801016
2022-02-21,39600,40850,39600,40800,117586,0.0012269938650306678
2022-02-22,39900,40750,39250,39800,193869,-0.02450980392156865
2022-02-23,39800,41400,39800,41350,210308,0.03894472361809043
2022-02-24,40700,41850,40600,40850,275315,-0.01209189842805325
2022-02-25,41750,42650,41700,42550,239631,0.041615667074663465
2022-02-28,41950,42800,41800,42700,182595,0.003525264394829586
2022-03-02,42750,45800,42250,45100,439132,0.0562060889929743
2022-03-03,46150,47650,45800,46500,451958,0.03104212860310418
2022-03-04,46400,47800,45950,47200,331536,0.01505376344086029
2022-03-07,46900,48700,46300,47750,418553,0.01165254237288127
2022-03-08,46850,47650,46400,46600,246032,-0.02408376963350789
2022-03-10,48050,49300,47150,48450,371895,0.03969957081545061
2022-03-11,48100,48850,47850,48450,249029,0.0
2022-03-14,48950,49000,46200,46800,356506,-0.034055727554179516
2022-03-15,47000,48500,46400,48000,297798,0.02564102564102555
2022-03-16,48650,51400,48400,51300,1023141,0.06875000000000009
2022-03-17,52000,52600,50800,51500,416815,0.003898635477582957
2022-03-18,51800,53900,51500,53300,1009166,0.03495145631067964
2022-03-21,53300,53800,52300,53000,211367,-0.0056285178236398226
2022-03-22,52600,53900,52600,52800,230445,-0.0037735849056603765
2022-03-23,53500,53500,52000,53200,306393,0.007575757575757569
2022-03-24,52600,55000,52500,53900,390947,0.013157894736842035
2022-03-25,54500,54500,49750,51700,888198,-0.04081632653061229
2022-03-28,51300,52200,50400,50700,259174,-0.01934235976789167
2022-03-29,51200,51500,50300,50600,168464,-0.0019723865877712132
2022-03-30,51300,51900,50000,50500,164236,-0.0019762845849802257
2022-03-31,50300,51200,50000,50400,141780,-0.001980198019801982
2022-04-01,50200,50800,49500,49950,139550,-0.008928571428571397
2022-04-04,50200,51500,49850,51500,180565,0.03103103103103111
2022-04-05,52000,52000,50300,50600,211877,-0.01747572815533982
2022-04-06,50400,51400,49800,50200,174237,-0.007905138339920903
2022-04-07,50000,50000,49000,49700,156454,-0.009960159362549792
2022-04-08,49700,51200,49550,51000,216504,0.026156941649899457
2022-04-11,51100,51100,49300,49500,184981,-0.02941176470588236
2022-04-12,48250,50200,48150,49200,156092,-0.0060606060606061
2022-04-13,49000,50700,49000,50200,153734,0.020325203252032464
2022-04-14,50800,50900,49950,49950,159657,-0.004980079681274896
2022-04-15,50300,50300,49150,49250,130206,-0.014014014014014031
2022-04-18,48650,49650,47500,47950,178705,-0.02639593908629445
2022-04-19,47950,49300,47950,48950,128052,0.02085505735140769
2022-04-20,49100,50200,49000,49850,125690,0.018386108273748647
2022-04-21,49950,51900,49950,50500,212008,0.013039117352056095
2022-04-22,50100,50500,49350,49550,139537,-0.01881188118811883
2022-04-25,49000,49050,48200,48600,180634,-0.019172552976791102
2022-04-26,49100,49200,48400,48450,117045,-0.0030864197530864335
2022-04-27,47250,48750,46700,48750,162503,0.006191950464396356
2022-04-28,48900,50300,48500,48750,134925,0.0
2022-04-29,49050,50500,48650,50500,168084,0.03589743589743599
2022-05-02,49450,49750,47950,48050,264293,-0.04851485148514856
2022-05-03,48350,48700,48050,48150,114715,0.0020811654526535772
2022-05-04,48600,50300,48500,48800,184535,0.01349948078920038
2022-05-06,48000,48750,47450,47750,159963,-0.021516393442622905
2022-05-09,47250,47600,45050,45300,279337,-0.051308900523560186
2022-05-10,43900,45450,43250,45150,280355,-0.0033112582781457123
2022-05-11,45150,45400,44050,45150,131373,0.0
2022-05-12,44550,45150,43050,43300,202735,-0.04097452934662238
2022-05-13,43500,45450,43500,45200,152488,0.04387990762124705
2022-05-16,46050,46450,45150,45800,134054,0.01327433628318575
2022-05-17,45850,47200,45550,46900,118137,0.024017467248908186
2022-05-18,47500,48000,46800,46900,127137,0.0
2022-05-19,45550,48450,45200,48350,261688,0.030916844349680117
2022-05-20,48950,51400,48700,51300,465498,0.061013443640124176
2022-05-23,51900,54000,51100,53800,470151,0.04873294346978563
2022-05-24,54300,56500,53700,55100,725286,0.024163568773234223
2022-05-25,55500,60700,54800,59900,1136472,0.08711433756805809
2022-05-26,59100,60000,56600,59600,466055,-0.005008347245408995
2022-05-27,59500,60500,58400,60000,251031,0.006711409395973256
2022-05-30,59800,62300,59200,61200,280125,0.020000000000000018
2022-05-31,61700,62200,60500,61700,216402,0.008169934640522847
2022-06-02,61700,62800,61200,62100,145573,0.006482982171799101
2022-06-03,62500,62700,60700,62300,184229,0.0032206119162641045
2022-06-07,62100,62600,61500,61700,140574,-0.009630818619582704
2022-06-08,61700,61700,56800,57700,503392,-0.06482982171799023
2022-06-09,57700,58300,56300,57100,299526,-0.010398613518197597
2022-06-10,56800,57200,55600,55900,193598,-0.021015761821365997
2022-06-13,54200,57600,54000,56000,400766,0.0017889087656528524
2022-06-14,55600,57600,55100,57200,310187,0.021428571428571352
2022-06-15,57300,57400,53900,54900,318840,-0.04020979020979021
2022-06-16,56200,58100,55700,56300,290808,0.02550091074681249
2022-06-17,55200,57000,55100,56200,184317,-0.001776198934280604
2022-06-20,56300,57000,54000,54800,207591,-0.02491103202846978
2022-06-21,55800,55800,53000,54900,147284,0.0018248175182482562
2022-06-22,55000,55600,52300,52500,271829,-0.04371584699453557
2022-06-23,52500,53800,50000,50000,385544,-0.04761904761904767
2022-06-24,50800,51400,49850,51400,256157,0.028000000000000025
2022-06-27,52000,53600,50700,51700,236416,0.005836575875486361
2022-06-28,51500,52500,50200,51100,142820,-0.011605415860735047
2022-06-29,50000,50200,45500,48250,704021,-0.05577299412915848
2022-06-30,48000,48100,43750,43850,512060,-0.0911917098445596
2022-07-01,44000,44800,40850,41750,585565,-0.04789053591790193
2022-07-04,41750,42450,39250,41300,415289,-0.010778443113772407
2022-07-05,41350,43000,41000,41750,370550,0.010895883777239712
2022-07-06,41800,41850,39450,39750,311646,-0.04790419161676651
2022-07-07,40600,40600,39300,39800,239355,0.0012578616352201255
2022-07-08,40250,42650,40250,42200,400908,0.06030150753768848
2022-07-11,42450,42900,41450,41550,185461,-0.0154028436018957
2022-07-12,40950,41000,39000,39500,239194,-0.04933814681107096
2022-07-13,39500,40450,38250,40250,189270,0.018987341772152
2022-07-14,40600,41400,39900,41150,209389,0.022360248447204967
2022-07-15,41300,41450,40050,41000,155193,-0.0036452004860266785
2022-07-18,41800,42150,41200,41750,152919,0.018292682926829285
2022-07-19,41750,42200,40600,41700,107364,-0.0011976047904191933
2022-07-20,42550,43100,41400,41750,196350,0.0011990407673860837
2022-07-21,42150,44650,41700,43250,359428,0.03592814371257491
2022-07-22,44000,44450,42550,42550,290811,-0.016184971098265888
2022-07-25,42550,42650,41750,42650,125469,0.00235017626321965
2022-07-26,42600,42950,41800,42600,108652,-0.0011723329425556983
2022-07-27,43200,43900,42600,42900,156114,0.007042253521126751
2022-07-28,43350,44000,43350,43950,209803,0.02447552447552437
2022-07-29,44650,46750,44650,45850,427451,0.04323094425483509
2022-08-01,46350,49600,46150,48950,535430,0.06761177753544168
2022-08-02,49150,49750,48450,49500,291775,0.011235955056179803
2022-08-03,49050,50600,48350,50400,287568,0.018181818181818077
2022-08-04,51100,51300,49950,51100,227809,0.01388888888888884
2022-08-05,51200,51600,49400,50200,317455,-0.017612524461839585
2022-08-08,49800,52600,49300,52500,297147,0.04581673306772904
2022-08-09,52800,53000,51500,52700,203312,0.003809523809523707
2022-08-10,52200,54000,52200,52900,246965,0.00379506641366234
2022-08-11,54000,54100,52200,52900,226495,0.0
2022-08-12,53200,54300,52500,52800,152481,-0.001890359168241984
2022-08-16,53400,55200,52500,54300,330885,0.02840909090909083
2022-08-17,54500,55500,53600,54100,231621,-0.0036832412523020164
2022-08-18,53700,55200,53500,54000,161653,-0.001848428835489857
2022-08-19,54100,54500,51500,51600,304219,-0.0444444444444444
2022-08-22,50000,51300,48150,49800,362326,-0.03488372093023251
2022-08-23,48950,50200,47950,49300,251228,-0.010040160642570295
2022-08-24,50000,51000,49100,50100,213127,0.016227180527383478
2022-08-25,50900,52400,50100,52400,279191,0.045908183632734634
2022-08-26,52900,53400,50500,50600,278257,-0.03435114503816794
2022-08-29,48600,49950,48500,49300,219803,-0.025691699604743046
2022-08-30,49600,51200,49500,50800,155993,0.030425963488843744
2022-08-31,50300,50800,49900,50400,127652,-0.007874015748031482
2022-09-01,50000,50300,47100,47350,402375,-0.06051587301587302
2022-09-02,47650,48350,47200,47400,175743,0.001055966209081216
2022-09-05,47000,48150,46550,47250,168423,-0.0031645569620253333
2022-09-06,47350,47850,46950,47450,115942,0.004232804232804144
2022-09-07,47100,47400,46050,46350,227023,-0.023182297154899945
2022-09-08,47200,47700,46450,46900,237198,0.011866235167206085
2022-09-13,47850,48850,47000,47400,337267,0.010660980810234477
2022-09-14,46050,46200,44500,44650,406219,-0.058016877637130815
2022-09-15,44750,46600,44750,46000,202382,0.03023516237402024
2022-09-16,45300,48200,45300,46200,275670,0.004347826086956497
2022-09-19,45900,46550,44000,44550,214957,-0.0357142857142857
2022-09-20,44700,45200,44400,44700,110349,0.0033670033670034627
2022-09-21,44200,44800,43800,44450,142375,-0.005592841163310935
2022-09-22,43900,45300,42900,45200,173490,0.01687289088863886
2022-09-23,45500,45550,43350,43350,213375,-0.04092920353982299
2022-09-26,42050,42500,40850,41150,297491,-0.05074971164936559
2022-09-27,41150,42500,40450,41900,228284,0.018226002430133725
2022-09-28,41500,42100,39650,40150,273499,-0.0417661097852029
2022-09-29,41250,42000,40450,40700,228008,0.013698630136986356
2022-09-30,40000,41000,39150,40650,232043,-0.0012285012285012664
2022-10-04,41250,42300,41050,42300,198623,0.040590405904058935
2022-10-05,43400,43450,40300,40350,279338,-0.046099290780141855
2022-10-06,40450,42200,40450,42150,163142,0.044609665427509215
2022-10-07,41750,42400,40900,41950,193349,-0.004744958481613271
2022-10-11,40000,40500,37800,38950,462764,-0.0715137067938022
2022-10-12,38100,39750,38100,39400,187705,0.011553273427471034
2022-10-13,39400,39400,37200,37200,220155,-0.055837563451776595
2022-10-14,38450,38700,37400,37800,227103,0.016129032258064502
2022-10-17,37050,38500,36550,38400,219450,0.015873015873015817
2022-10-18,39650,40800,39250,40400,289907,0.05208333333333326
2022-10-19,40750,41400,39700,40000,241288,-0.00990099009900991
2022-10-20,39550,40750,39050,39100,171483,-0.022499999999999964
2022-10-21,39250,39550,38400,38500,137069,-0.01534526854219953
2022-10-24,39450,40300,39200,39700,151776,0.03116883116883118
2022-10-25,40350,40350,38600,38800,133594,-0.02267002518891692
2022-10-26,39250,40100,38600,38800,128597,0.0
2022-10-27,39100,43000,39100,43000,595599,0.10824742268041243
2022-10-28,43100,45600,42600,45350,756395,0.054651162790697594
2022-10-31,46800,47450,45500,46150,481178,0.01764057331863289
2022-11-01,45850,48000,45850,48000,392747,0.04008667388949072
2022-11-02,48000,48350,45850,46550,362927,-0.03020833333333328
2022-11-03,45050,47650,45000,47450,284887,0.01933404940923733
2022-11-04,47050,48150,46800,47350,268538,-0.0021074815595363283
2022-11-07,47050,47450,45500,46150,249447,-0.025343189017951406
2022-11-08,46100,46550,44450,46250,230945,0.0021668472372697867
2022-11-09,46000,46500,45300,46050,194680,-0.00432432432432428
2022-11-10,45500,46300,45100,46000,204977,-0.0010857763300760048
2022-11-11,47600,47800,46000,46650,387366,0.01413043478260878
2022-11-14,46850,47850,45950,46950,359550,0.006430868167202508
2022-11-15,47300,47350,45950,46600,175000,-0.007454739084132078
2022-11-16,47000,47850,45950,47050,207539,0.00965665236051505
2022-11-17,46750,48250,46250,48250,187131,0.025504782146652527
2022-11-18,49100,49600,48100,48450,376784,0.004145077720207224
2022-11-21,48750,48800,45800,46550,309338,-0.039215686274509776
2022-11-22,46250,48150,46250,47200,301901,0.013963480128893702
2022-11-23,48050,48500,47250,48300,206763,0.02330508474576276
2022-11-24,48650,50100,48500,50100,372453,0.037267080745341685
2022-11-25,50700,52100,50200,50800,389934,0.013972055888223478
2022-11-28,51400,52100,49950,50700,297713,-0.0019685039370078705
2022-11-29,50000,50600,49100,50300,212068,-0.007889546351084853
2022-11-30,50300,50300,48800,49950,217445,-0.006958250497017926
2022-12-01,50900,51800,50000,51000,405876,0.021021021021021102
2022-12-02,51200,51200,49100,49400,275574,-0.03137254901960784
2022-12-05,49600,49900,48600,49450,158056,0.0010121457489877805
2022-12-06,48500,48950,47650,48050,191138,-0.02831142568250755
2022-12-07,47650,49100,47150,48900,171575,0.01768990634755463
2022-12-08,48600,49450,48500,48750,149995,-0.0030674846625766694
2022-12-09,49000,49350,46300,46800,366588,-0.040000000000000036
2022-12-12,46350,46350,45300,46300,171995,-0.010683760683760646
2022-12-13,45950,46450,45200,45900,171180,-0.008639308855291628
2022-12-14,45700,46700,45650,46650,149969,0.016339869281045694
2022-12-15,46400,46700,45300,45350,159860,-0.027867095391211127
2022-12-16,44200,45900,44100,45750,163114,0.008820286659316334
2022-12-19,45000,45750,44450,45500,100054,-0.005464480874316946
2022-12-20,45000,45800,44300,44350,150245,-0.025274725274725296
2022-12-21,44500,45250,43550,43550,146226,-0.018038331454340528
2022-12-22,44300,45850,44050,44850,227564,0.029850746268656803
2022-12-23,43600,44250,42750,42750,278679,-0.04682274247491636
2022-12-26,42750,43500,42450,43000,293509,0.005847953216374213
2022-12-27,43300,43650,42750,43500,280802,0.011627906976744207
2022-12-28,43000,43800,41050,43300,406474,-0.0045977011494252595
2022-12-29,43950,45550,42600,43350,328415,0.0011547344110853786
2023-01-02,44000,45000,42400,42850,310491,-0.011534025374855816
2023-01-03,42200,42900,41250,42100,258358,-0.017502917152858788
2023-01-04,41550,42200,40350,42150,172925,0.0011876484560569
2023-01-05,42450,42750,40300,40350,289477,-0.042704626334519546
2023-01-06,40050,41900,39700,41700,175935,0.03345724907063197
2023-01-09,42100,43250,42050,42950,175534,0.029976019184652314
2023-01-10,43300,43850,42500,42650,165463,-0.006984866123399325
2023-01-11,43050,44300,43000,44050,140768,0.03282532239155911
2023-01-12,44400,44400,43700,43700,98615,-0.007945516458569779
2023-01-13,43700,44200,43200,43450,84137,-0.005720823798627039
2023-01-16,43500,44100,43450,43650,87009,0.004602991944764101
2023-01-17,43700,43700,42050,42050,191375,-0.03665521191294385
2023-01-18,42600,42600,41700,42300,89496,0.005945303210463715
2023-01-19,41800,42400,41600,42250,121305,-0.0011820330969266601
2023-01-20,44000,44600,43100,43900,427016,0.03905325443786989
2023-01-25,44400,44450,43850,44200,169485,0.006833712984054774
2023-01-26,44300,44800,43400,44650,272326,0.010180995475113086
2023-01-27,45050,45200,43900,44000,223619,-0.014557670772676334
2023-01-30,44400,44850,43800,44100,189755,0.002272727272727204
2023-01-31,43700,44450,43300,44350,152373,0.005668934240362855
2023-02-01,44400,45500,44400,45200,252559,0.01916572717023679
2023-02-02,45950,47200,45550,46700,299974,0.0331858407079646
2023-02-03,46900,46900,46000,46450,149728,-0.005353319057815886
2023-02-06,46500,47750,46050,46500,189504,0.0010764262648008671
2023-02-07,46500,47900,46500,47750,226093,0.026881720430107503
2023-02-08,48000,48400,47350,47500,198315,-0.005235602094240788
2023-02-09,47200,48400,47050,48000,224682,0.010526315789473717
2023-02-10,48250,48250,46450,46500,261000,-0.03125
2023-02-13,46400,47850,46250,47200,209956,0.01505376344086029
2023-02-14,47350,47800,46400,47600,173738,0.008474576271186418
2023-02-15,47900,48100,45400,45500,348266,-0.044117647058823484
2023-02-16,46000,46050,43450,45150,625750,-0.007692307692307665
2023-02-17,44300,44650,43800,43900,304754,-0.027685492801771905
2023-02-20,44000,44500,42950,44300,258988,0.009111617312072884
2023-02-21,44150,45250,44100,45000,249716,0.015801354401805856
2023-02-22,43950,44200,41750,42150,799778,-0.06333333333333335
2023-02-23,42900,42950,42000,42200,279286,0.0011862396204034287
2023-02-24,42400,43600,42050,42500,378331,0.007109004739336511
2023-02-27,42300,43550,42150,42950,265998,0.010588235294117565
2023-02-28,43350,44200,43050,43550,314923,0.01396973224679865
2023-03-02,43650,44150,42900,43550,336196,0.0
2023-03-03,43950,50800,43600,50200,2092577,0.1526980482204363
2023-03-06,51300,54900,50400,52000,1802652,0.03585657370517925
2023-03-07,52000,54200,51500,51900,639885,-0.0019230769230769162
2023-03-08,50900,53300,50700,51600,616499,-0.005780346820809301
2023-03-09,52400,52400,47550,48000,915668,-0.06976744186046513
2023-03-10,46950,47650,46250,46400,485294,-0.033333333333333326
2023-03-13,46300,47100,44850,46100,426240,-0.006465517241379337
2023-03-14,45850,45900,43400,43450,546815,-0.057483731019522755
2023-03-15,44900,45350,43450,44400,627222,0.021864211737629535
2023-03-16,43950,45250,42850,44450,451358,0.0011261261261261701
2023-03-17,45550,45750,42900,43050,509925,-0.03149606299212604
2023-03-20,42400,44050,42150,43850,385505,0.018583042973286945
2023-03-21,44500,48700,44450,47000,997759,0.07183580387685295
2023-03-22,48100,49500,47600,48000,709700,0.02127659574468077
2023-03-23,46600,47950,45950,46450,911869,-0.03229166666666672
2023-03-24,47400,47600,44600,45500,639013,-0.020452099031216364
2023-03-27,45550,47850,45550,47000,605558,0.03296703296703307
2023-03-28,47700,47900,46000,47500,396799,0.010638297872340496
2023-03-29,48200,51200,47900,49900,1160569,0.05052631578947375
2023-03-30,50200,50300,47800,48300,693074,-0.03206412825651306
2023-03-31,48000,48500,46700,48350,457211,0.0010351966873705098
2023-04-03,49300,52300,48650,51900,1406350,0.0734229576008274
2023-04-04,52000,54000,51100,51800,1064366,-0.0019267822736031004
2023-04-05,52300,53400,50600,52300,922299,0.009652509652509744
2023-04-06,56100,65900,54400,61600,8637671,0.17782026768642445
2023-04-07,60700,61400,58500,59300,1567284,-0.037337662337662336
2023-04-10,59900,61000,55600,57000,2044051,-0.038785834738617186
2023-04-11,58100,58500,54700,56900,1072468,-0.0017543859649122862
2023-04-12,57700,60600,55500,55500,1616818,-0.024604569420035194
2023-04-13,54300,55100,52200,54300,812432,-0.021621621621621623
2023-04-14,55100,56300,54000,55400,680675,0.0202578268876612
2023-04-17,55100,57300,53700,55700,699854,0.005415162454873723
2023-04-18,57200,59800,55700,58000,1595868,0.04129263913824066
2023-04-19,59400,61000,58600,59500,1384517,0.02586206896551735
2023-04-20,61800,68700,58500,59200,4847448,-0.005042016806722671
2023-04-21,58600,58700,55000,55100,1061889,-0.0692567567567568
2023-04-24,54400,55000,50500,53200,621732,-0.03448275862068961
2023-04-25,53200,54000,51200,53000,626586,-0.003759398496240629
2023-04-26,52800,54500,52500,53400,460597,0.007547169811320753
2023-04-27,53400,56100,52800,56100,585884,0.050561797752809
2023-04-28,56800,57100,53700,53900,477598,-0.039215686274509776
2023-05-02,53900,56500,53800,55800,380636,0.03525046382189245
2023-05-03,55100,55600,53400,54000,244669,-0.032258064516129004
2023-05-04,54000,54300,52800,53800,200048,-0.0037037037037036535
2023-05-08,54600,54700,52100,52500,240607,-0.024163568773234223
2023-05-09,52300,52800,50800,51600,313418,-0.017142857142857126
2023-05-10,51300,52200,50600,50900,266885,-0.013565891472868241
2023-05-11,51200,51900,50600,50900,275668,0.0
2023-05-12,50700,51500,50100,50500,302560,-0.007858546168958758
2023-05-15,50500,50600,48600,50000,316050,-0.00990099009900991
2023-05-16,50700,50800,49700,50500,187433,0.010000000000000009
2023-05-17,50600,51500,50300,51300,271406,0.015841584158415856
2023-05-18,52100,53500,51800,52000,287029,0.013645224171539905
2023-05-19,52400,52700,50700,51400,236075,-0.011538461538461497
2023-05-22,50900,51700,49800,51600,242212,0.0038910505836575737
2023-05-23,51900,53700,51900,52800,309535,0.023255813953488413
2023-05-24,52800,53600,52200,52300,221109,-0.009469696969697017
2023-05-25,52000,52600,51100,51500,213797,-0.015296367112810683
2023-05-26,51300,51800,50600,50900,175787,-0.011650485436893177
2023-05-30,51100,51900,50700,51700,177003,0.015717092337917515
2023-05-31,51900,53300,51600,52400,264460,0.013539651837524147
2023-06-01,52400,53900,52200,52500,294631,0.001908396946564972
2023-06-02,52900,53900,52200,53900,328529,0.026666666666666616
2023-06-05,55100,55500,53700,54200,348227,0.005565862708719838
2023-06-07,54900,57900,54800,56000,905558,0.03321033210332103
2023-06-08,56000,56400,54200,55100,386336,-0.016071428571428625
2023-06-09,55700,56600,54800,56300,397628,0.02177858439201441
2023-06-12,56500,58000,55500,58000,607555,0.030195381882770933
2023-06-13,58700,58800,57300,58300,409248,0.005172413793103514
2023-06-14,58800,59100,55300,55800,628152,-0.04288164665523153
2023-06-15,56300,57500,55400,56700,329069,0.016129032258064502
2023-06-16,57000,57700,55300,57200,345797,0.008818342151675429
2023-06-19,57200,57300,55600,56200,217437,-0.0174825174825175
2023-06-20,55900,55900,54600,55200,226953,-0.017793594306049876
2023-06-21,55400,56200,54200,54400,225356,-0.01449275362318836
2023-06-22,53600,55200,53400,54600,154742,0.003676470588235281
2023-06-23,54900,55800,53900,54200,155137,-0.0073260073260073
2023-06-26,54000,54400,52500,53000,248613,-0.022140221402214055
2023-06-27,52400,54100,52100,53500,251029,0.009433962264151052
2023-06-28,53600,54300,52200,52600,244694,-0.016822429906542036
2023-06-29,52600,53300,51600,52200,212726,-0.0076045627376425395
2023-06-30,52500,54100,51600,54000,199369,0.034482758620689724
2023-07-03,54700,57300,54600,56900,526060,0.05370370370370381
2023-07-04,57600,58000,56500,57200,339184,0.005272407732864748
2023-07-05,57400,57400,55700,56800,317930,-0.006993006993006978
2023-07-06,57100,58000,55700,55900,338910,-0.015845070422535246
2023-07-07,55600,57500,55200,56500,263814,0.01073345259391778
2023-07-10,56600,68000,56500,63400,3975304,0.12212389380530975
2023-07-11,64400,67900,63500,67500,2083580,0.06466876971608837
2023-07-12,68400,71900,66500,68000,1907352,0.007407407407407307
2023-07-13,69000,70700,68000,68200,871996,0.002941176470588225
2023-07-14,69500,69600,65600,67700,808785,-0.007331378299120228
2023-07-17,68300,72300,67800,70800,1016441,0.04579025110782875
2023-07-18,72000,73900,71300,72800,941705,0.02824858757062154
2023-07-19,73600,75500,70600,71900,746256,-0.012362637362637319
2023-07-20,70700,82500,70100,77300,2198446,0.07510431154381081
2023-07-21,76200,79600,74900,78200,758826,0.011642949547218562
2023-07-24,80600,84100,77100,80700,1269437,0.03196930946291565
2023-07-25,82100,82700,77900,80900,722637,0.0024783147459728205
2023-07-26,81400,86100,73100,75200,2072084,-0.07045735475896164
2023-07-27,75100,77100,68800,71600,1047012,-0.0478723404255319
2023-07-28,69900,75800,69800,74500,635804,0.0405027932960893
2023-07-31,79200,79400,75400,78400,541265,0.05234899328859055
2023-08-01,79300,80300,77000,78600,534634,0.0025510204081633514
2023-08-02,77100,78200,73500,73500,439123,-0.06488549618320616
2023-08-03,73500,77300,73500,76700,388637,0.0435374149659864
2023-08-04,77800,77900,74600,74700,321197,-0.026075619295958252
2023-08-07,73900,74000,69100,69500,580339,-0.06961178045515393
2023-08-08,70300,71700,69400,71600,296014,0.030215827338129442
2023-08-09,70800,72200,70300,72000,192384,0.005586592178770999
2023-08-10,70800,72300,70000,71400,167867,-0.008333333333333304
2023-08-11,71900,72300,70100,71300,201754,-0.0014005602240896309
2023-08-14,70700,71700,68600,70400,233245,-0.012622720897615736
2023-08-16,68300,71200,66900,67100,337976,-0.046875
2023-08-17,66500,68400,65700,68000,266981,0.013412816691505292
2023-08-18,67400,67600,66100,66900,204820,-0.016176470588235348
2023-08-21,67900,70400,67200,67800,343221,0.013452914798206317
2023-08-22,69200,69900,66400,67700,244274,-0.001474926253687281
2023-08-23,67800,67800,64700,64800,299244,-0.04283604135893648
2023-08-24,65500,65900,64000,65600,185110,0.012345679012345734
2023-08-25,64800,66300,64200,65400,150101,-0.0030487804878048808
2023-08-28,67000,69100,66300,67600,323012,0.033639143730886945
2023-08-29,69300,69400,67400,68500,223972,0.013313609467455523
2023-08-30,70000,73400,69800,71500,494181,0.04379562043795615
2023-08-31,73000,73000,69700,70000,331796,-0.020979020979020935
2023-09-01,70200,72700,69500,70800,357441,0.011428571428571344
2023-09-04,71300,75200,69800,74200,613023,0.04802259887005644
2023-09-05,75100,75100,73300,73500,287669,-0.009433962264150941
2023-09-06,74100,74100,70700,70700,291145,-0.03809523809523807
2023-09-07,70500,71100,68500,69400,302864,-0.018387553041018356
2023-09-08,69900,71700,68600,69600,176423,0.0028818443804035088
2023-09-11,71000,71300,67800,68700,321930,-0.012931034482758674
2023-09-12,69600,70300,67200,68200,228887,-0.00727802037845704
2023-09-13,67100,68700,66300,66600,218280,-0.02346041055718473
2023-09-14,67600,70400,67600,69100,336823,0.037537537537537524
2023-09-15,70600,71300,69400,70000,330208,0.013024602026049159
2023-09-18,69700,70900,69100,69600,225819,-0.005714285714285672
2023-09-19,70100,70900,67500,67500,243542,-0.030172413793103425
2023-09-20,67700,68300,66500,68100,156575,0.008888888888888946
2023-09-21,67500,67600,64400,64600,356769,-0.05139500734214386
2023-09-22,62800,64400,62500,63900,225738,-0.010835913312693513
2023-09-25,63600,63900,62100,62300,185664,-0.025039123630672955
2023-09-26,62000,63100,61000,61000,173653,-0.020866773675762396
2023-09-27,60000,61700,60000,61600,187716,0.009836065573770592
2023-10-04,60900,60900,58500,58800,274221,-0.045454545454545414
2023-10-05,59800,62100,59800,60200,210651,0.023809523809523725
2023-10-06,59500,61300,59500,60400,109500,0.0033222591362125353
2023-10-10,62600,62900,59400,59700,243911,-0.011589403973509937
2023-10-11,61500,62300,60500,61700,162164,0.03350083752093802
2023-10-12,62500,64600,62100,63700,231748,0.03241491085899506
2023-10-13,63000,64000,62300,63100,125343,-0.009419152276295084
2023-10-16,62000,62700,61000,62000,152943,-0.017432646592709933
2023-10-17,63000,63000,61100,61300,133295,-0.011290322580645107
2023-10-18,61300,62400,59600,60100,174481,-0.019575856443719397
2023-10-19,58200,59800,57900,58400,211298,-0.028286189683860208
2023-10-20,57000,58100,55600,56400,256371,-0.03424657534246578
2023-10-23,55900,57500,55500,56500,182633,0.0017730496453900457
2023-10-24,56900,59800,54600,59300,283291,0.04955752212389375
2023-10-25,60200,60300,54200,54400,331641,-0.08263069139966273
2023-10-26,52000,53400,50700,50900,383984,-0.06433823529411764
2023-10-27,51100,53000,50500,50900,380796,0.0
2023-10-30,50900,52400,50600,51700,202875,0.015717092337917515
2023-10-31,51700,51900,48300,49150,373744,-0.04932301740812384
2023-11-01,49450,50000,47950,48700,257804,-0.00915564598168872
2023-11-02,49800,51800,49300,50800,245693,0.04312114989733051
2023-11-03,52400,52700,50800,52200,192861,0.027559055118110187
2023-11-06,55500,57900,53900,57700,610218,0.1053639846743295
2023-11-07,58100,58100,52700,54800,435492,-0.05025996533795496
2023-11-08,54800,55700,52900,53000,216375,-0.03284671532846717
2023-11-09,53000,55300,52200,53300,180900,0.005660377358490676
2023-11-10,52100,52700,51600,51700,105638,-0.030018761726078758
2023-11-13,50900,51900,49050,49750,253588,-0.03771760154738879
2023-11-14,50100,51000,49800,50100,198988,0.007035175879396949
2023-11-15,52100,52300,49000,49450,269814,-0.012974051896207595
2023-11-16,49750,50000,49100,49550,149795,0.002022244691607611
2023-11-17,49150,49500,47250,47700,272688,-0.03733602421796167
2023-11-20,47650,49750,47600,49700,173306,0.04192872117400426
2023-11-21,50300,50400,49000,49500,114564,-0.004024144869215318
2023-11-22,49450,50400,49050,50100,119868,0.0121212121212122
2023-11-23,50300,51400,49700,50700,143701,0.011976047904191711
2023-11-24,51000,51500,50500,50800,87670,0.0019723865877712132
2023-11-27,50800,51300,49550,49700,96327,-0.021653543307086576
2023-11-28,49700,50300,49550,49650,100024,-0.001006036217303774
2023-11-29,50200,50700,49450,50300,130663,0.01309164149043296
2023-11-30,50000,52500,49700,52500,266811,0.04373757455268379
2023-12-01,52500,52600,50800,51200,153082,-0.024761904761904763
2023-12-04,51600,51800,48800,49350,284526,-0.0361328125
2023-12-05,48850,49200,48050,48250,263233,-0.02228976697061802
2023-12-06,48250,49300,48000,48800,126157,0.011398963730570033
2023-12-07,48500,49450,47650,49300,180437,0.010245901639344357
2023-12-08,49800,49800,48700,49050,129759,-0.005070993914807254
2023-12-11,49200,49700,48600,49100,141772,0.0010193679918450993
2023-12-12,49100,50600,49050,50400,174441,0.026476578411405383
2023-12-13,50000,50200,49200,49400,114401,-0.019841269841269882
2023-12-14,50100,51600,50100,51100,279340,0.03441295546558698
2023-12-15,51500,52100,50500,51000,145175,-0.00195694716242667
2023-12-18,52000,52000,50500,51400,160557,0.007843137254901933
2023-12-19,51200,51300,50000,51300,146231,-0.0019455252918287869
2023-12-20,51600,53100,51300,51800,334921,0.00974658869395717
2023-12-21,51000,52300,50800,51100,169228,-0.013513513513513487
2023-12-22,51600,51900,50200,50200,150226,-0.017612524461839585
2023-12-26,50200,50600,48900,49350,157999,-0.016932270916334646
2023-12-27,49700,50400,49500,49900,116015,0.011144883485308954
2023-12-28,50000,50500,49400,50400,108540,0.01002004008016022
2024-01-02,50100,50400,49400,49450,149257,-0.018849206349206393
2024-01-03,48950,49000,47850,48050,209920,-0.02831142568250755
2024-01-04,47600,48550,47600,47900,113845,-0.003121748178980255
2024-01-05,47950,48650,47450,48400,130333,0.010438413361169019
2024-01-08,48500,48500,47750,47850,95685,-0.011363636363636354
2024-01-09,48000,48600,47800,47950,104718,0.002089864158829613
2024-01-10,47850,47950,45500,45800,344310,-0.044838373305526535
2024-01-11,45650,46750,45550,45800,160986,0.0
2024-01-12,45350,45750,43800,44400,300027,-0.03056768558951961
2024-01-15,43800,44200,42650,43250,249648,-0.025900900900900914
2024-01-16,42950,44200,42400,42400,195814,-0.01965317919075149
2024-01-17,42800,42950,41050,41100,221839,-0.030660377358490587
2024-01-18,40900,43100,40700,41600,302466,0.012165450121654597
2024-01-19,42000,42900,41100,41400,157087,-0.004807692307692291
2024-01-22,41400,41700,39900,40000,203104,-0.033816425120772986
2024-01-23,39700,40900,39700,40350,156031,0.008750000000000036
2024-01-24,40000,40550,39300,40000,162725,-0.008674101610904539
2024-01-25,39600,39650,37950,38050,332649,-0.04874999999999996
2024-01-26,37300,40500,37300,39250,339237,0.031537450722733285
2024-01-29,39750,39900,38400,38500,199157,-0.019108280254777066
2024-01-30,39150,39400,37200,37250,311312,-0.03246753246753242
2024-01-31,36600,37550,35900,36250,313121,-0.02684563758389258
2024-02-01,35800,36400,35000,36250,277062,0.0
2024-02-02,36650,37250,36000,36750,242675,0.01379310344827589
2024-02-05,36850,37450,36500,36950,119239,0.0054421768707482165
2024-02-06,36600,36850,35900,36000,144789,-0.025710419485791558
2024-02-07,36400,37750,36400,36750,209135,0.02083333333333326
2024-02-08,36950,38300,36850,38150,188439,0.03809523809523818
2024-02-13,38150,39600,38000,39300,235453,0.030144167758846763
2024-02-14,38900,39750,38150,39400,153026,0.0025445292620864812
2024-02-15,39900,41700,39800,40900,327500,0.038071065989847774
2024-02-16,41850,41850,40300,40500,250416,-0.009779951100244544
2024-02-19,40000,41400,39800,40150,202438,-0.00864197530864197
2024-02-20,39950,42050,39250,41100,308604,0.023661270236612797
2024-02-21,41600,46700,41150,43500,1380030,0.058394160583941535
2024-02-22,43000,44300,42600,42950,281079,-0.012643678160919491
2024-02-23,43100,43500,41900,42300,243878,-0.015133876600698537
2024-02-26,42150,42150,41150,41350,169248,-0.022458628841607542
2024-02-27,41450,42250,40100,40300,186237,-0.025392986698911768
2024-02-28,40500,41250,40150,40350,132564,0.001240694789081953
2024-02-29,40000,40650,39900,40300,115486,-0.0012391573729864103
2024-03-04,40650,41350,40300,41200,174923,0.022332506203474045
2024-03-05,41050,45000,40100,44050,865967,0.06917475728155331
2024-03-06,47500,48200,45200,45900,1044441,0.041997729852440324
2024-03-07,45900,45900,44150,44950,411630,-0.020697167755991286
2024-03-08,45000,47600,44650,44650,632847,-0.006674082313681828
2024-03-11,45100,46400,44500,44750,327281,0.002239641657334923
2024-03-12,45150,46600,45100,45600,434467,0.018994413407821265
2024-03-13,45800,45850,44450,44800,240516,-0.01754385964912286
2024-03-14,44800,45100,43800,44400,202022,-0.008928571428571397
2024-03-15,43550,43850,42800,43100,182279,-0.029279279279279313
2024-03-18,43000,44750,42700,44500,209052,0.03248259860788871
2024-03-19,44700,45350,43500,44950,200991,0.010112359550561889
2024-03-20,45600,45600,43650,43650,173619,-0.028921023359288145
2024-03-21,44000,44500,43800,43850,122104,0.004581901489117968
2024-03-22,43850,44300,43500,44000,110706,0.003420752565564511
2024-03-25,44100,44400,43000,43700,173294,-0.006818181818181834
2024-03-26,43700,44200,42300,42750,248101,-0.021739130434782594
2024-03-27,43000,43600,42200,42750,152529,0.0
2024-03-28,42800,43100,42150,42250,137114,-0.011695906432748537
2024-03-29,42000,42500,41300,41550,158577,-0.016568047337278125
2024-04-01,41550,42950,41500,42900,127082,0.032490974729241895
2024-04-02,42650,42850,41550,41650,134453,-0.029137529137529095
2024-04-03,41100,41250,40100,40550,187534,-0.026410564225690325
2024-04-04,40600,41050,39700,40300,191869,-0.006165228113440224
2024-04-05,39900,40300,39100,39200,150659,-0.027295285359801524
2024-04-08,38850,40700,36300,39400,255531,0.005102040816326481
2024-04-09,39750,42200,39750,40850,264440,0.03680203045685282
2024-04-11,40000,41700,39750,40450,176104,-0.009791921664626724
2024-04-12,40500,41000,39350,39400,130700,-0.02595797280593326
2024-04-15,38350,38900,37750,38300,142253,-0.027918781725888353
2024-04-16,37850,38900,37550,38650,176318,0.009138381201044377
2024-04-17,39900,40850,38650,38650,237172,0.0
2024-04-18,38650,39800,38550,39550,81419,0.023285899094437346
2024-04-19,39050,39550,38200,38500,136566,-0.026548672566371723
2024-04-22,38550,39350,38050,38850,129084,0.009090909090909038
2024-04-23,38550,39300,38300,38800,115378,-0.0012870012870013214
2024-04-24,39500,40450,39200,40400,161033,0.04123711340206193
2024-04-25,40500,40550,39200,39300,128668,-0.027227722772277252
2024-04-26,39850,40300,38650,38950,136971,-0.008905852417302795
2024-04-29,39250,40450,39000,40450,119193,0.038510911424903815
2024-04-30,40600,41350,40000,40250,132805,-0.0049443757725586845
2024-05-02,39900,40500,39850,40500,78979,0.006211180124223503
2024-05-03,40500,41900,40500,41000,177075,0.012345679012345734
2024-05-07,41900,42750,41400,41900,277571,0.02195121951219514
2024-05-08,41700,42500,41450,42450,143504,0.013126491646778149
2024-05-09,42550,42550,41200,41300,132873,-0.027090694935217874
2024-05-10,41500,44650,41100,43450,625490,0.05205811138014527
2024-05-13,44150,45650,42500,45000,476674,0.03567318757192184
2024-05-14,45400,45800,44150,44250,285501,-0.01666666666666672
2024-05-16,44600,45400,44000,44600,216736,0.00790960451977396
2024-05-17,45250,46550,44500,44950,382961,0.007847533632286963
2024-05-20,45100,45450,43850,44400,215791,-0.012235817575083408
2024-05-21,44400,44400,43250,43250,183434,-0.025900900900900914
2024-05-22,44250,47100,44200,46850,726703,0.08323699421965314
2024-05-23,46850,47600,45500,46200,348640,-0.0138740661686233
2024-05-24,46150,47050,45450,46150,231979,-0.0010822510822511289
2024-05-27,47500,50000,46950,49500,878799,0.0725893824485373
2024-05-28,50200,50300,48500,49000,364512,-0.010101010101010055
2024-05-29,53600,62500,53000,60300,5484629,0.23061224489795928
2024-05-30,63000,64000,57500,59600,2346381,-0.011608623548922004
2024-05-31,59000,67400,58900,66100,2866350,0.10906040268456385
2024-06-03,67400,68700,64600,66500,1110062,0.00605143721633894
2024-06-04,66000,71400,65600,69400,1145358,0.043609022556390986
2024-06-05,72000,78500,70600,74800,2451096,0.0778097982708934
2024-06-07,77000,82200,75600,78000,1525667,0.04278074866310155
2024-06-10,79400,79500,75500,76700,678588,-0.01666666666666672
2024-06-11,75500,83000,75500,78900,1579169,0.028683181225554133
2024-06-12,80500,83800,79200,80900,990009,0.025348542458808687
2024-06-13,83000,85000,79900,83500,879425,0.03213844252163156
2024-06-14,81800,82000,75600,80000,878346,-0.041916167664670656
2024-06-17,77700,84600,77700,84200,756466,0.05249999999999999
2024-06-18,84300,88200,82400,84800,770637,0.0071258907363420665
2024-06-19,85100,89500,84000,84500,690736,-0.003537735849056589
2024-06-20,81300,84400,79000,80300,736292,-0.049704142011834374
2024-06-21,79500,81000,76500,76700,862624,-0.04483188044831876
2024-06-24,75800,76700,69700,71000,1142736,-0.0743155149934811
2024-06-25,71000,74500,70200,70400,624439,-0.008450704225352101
2024-06-26,72300,73300,67600,68000,778808,-0.03409090909090906
2024-06-27,70100,71000,66600,67100,633823,-0.013235294117647012
2024-06-28,66700,69500,66200,67200,473631,0.0014903129657228842
2024-07-01,67200,70500,66400,68000,516231,0.011904761904761862
2024-07-02,68700,68900,64600,64700,570567,-0.04852941176470593
2024-07-03,66000,68900,65200,66000,866315,0.020092735703245657
2024-07-04,66900,67500,63300,63600,499617,-0.036363636363636376
2024-07-05,63700,64500,61600,62300,499024,-0.020440251572327095
2024-07-08,62200,63800,61500,62000,342668,-0.0048154093097912964
2024-07-09,62600,62700,59700,60700,565693,-0.020967741935483897
2024-07-10,60200,60600,58200,58900,639654,-0.029654036243822124
2024-07-11,59600,60100,57200,57800,784613,-0.018675721561969394
2024-07-12,58100,59100,57600,58500,423505,0.01211072664359869
2024-07-15,58900,58900,56500,57200,388665,-0.022222222222222254
2024-07-16,57700,58500,55700,56600,493840,-0.010489510489510523
2024-07-17,57600,59000,54700,55000,534302,-0.028268551236749095
2024-07-18,53900,55200,53500,54300,340388,-0.012727272727272698
2024-07-19,54200,54900,53300,54100,302144,-0.0036832412523020164
2024-07-22,53800,53800,51600,52000,381382,-0.038817005545286554
2024-07-23,52400,52600,50200,51200,413050,-0.01538461538461533
2024-07-24,50500,52900,50500,51700,367293,0.009765625
2024-07-25,50600,55600,50300,53100,928836,0.027079303675048294
2024-07-26,54000,55400,51400,52700,542585,-0.007532956685499026
2024-07-29,52500,55300,52000,54200,358539,0.028462998102466885
2024-07-30,54000,56300,53200,53800,490779,-0.0073800738007380184
2024-07-31,54600,56000,54000,54400,418018,0.011152416356877248
2024-08-01,55400,57100,54600,57100,433097,0.049632352941176405
2024-08-02,55500,56400,52300,52500,541901,-0.08056042031523647
2024-08-05,51100,53400,45950,49200,837840,-0.06285714285714283
2024-08-06,50000,55000,50000,54500,644365,0.1077235772357723
2024-08-07,54800,56600,53900,54400,506868,-0.0018348623853210455
2024-08-08,53000,56400,52100,54600,576650,0.003676470588235281
2024-08-09,56800,57700,55300,56200,517670,0.0293040293040292
2024-08-12,57100,58500,54100,54100,802845,-0.03736654804270467
2024-08-13,54600,60600,51300,57800,2325873,0.06839186691312382
2024-08-14,58200,59200,56700,57800,884323,0.0
2024-08-16,59100,59200,56600,56600,550587,-0.02076124567474047
2024-08-19,56000,57500,54600,55000,461258,-0.028268551236749095
2024-08-20,55500,56500,54200,56400,415139,0.025454545454545396
2024-08-21,55500,56500,54900,56300,300641,-0.0017730496453900457
2024-08-22,56100,57200,54900,55200,415355,-0.019538188277087087
2024-08-23,54400,54900,53400,54200,232300,-0.018115942028985477
2024-08-26,55000,55900,53700,53800,282712,-0.0073800738007380184
2024-08-27,53800,54600,52800,54000,220295,0.0037174721189590088
2024-08-28,53800,55100,52900,53300,283780,-0.012962962962962954
2024-08-29,52300,55400,52000,54900,341966,0.030018761726078758
2024-08-30,55600,57100,55100,56400,393764,0.02732240437158473
2024-09-02,56800,58000,56100,57000,467342,0.010638297872340496
2024-09-03,57800,57800,54000,54200,439902,-0.0491228070175439
2024-09-04,51300,53000,51100,51100,497556,-0.05719557195571956
2024-09-05,51800,52000,49450,50500,371533,-0.011741682974559686
2024-09-06,50400,50800,47450,47700,463980,-0.055445544554455495
2024-09-09,46050,49350,46000,48600,263074,0.018867924528301883
2024-09-10,49150,49700,47000,47850,256746,-0.015432098765432056
2024-09-11,47850,49100,47550,48200,213479,0.007314524555903867
2024-09-12,48900,50300,48700,50000,234053,0.03734439834024905
2024-09-13,50100,50400,48850,49150,173761,-0.017000000000000015
2024-09-19,49350,50400,48850,49600,158422,0.00915564598168861
2024-09-20,50300,50600,49000,49450,239059,-0.003024193548387122
2024-09-23,49500,51400,49100,50900,206255,0.029322548028311468
2024-09-24,51500,54700,51100,54500,419179,0.07072691552062871
2024-09-25,55500,58000,55300,56700,832691,0.04036697247706411
2024-09-26,57300,58100,56300,57600,319433,0.015873015873015817
2024-09-27,57800,58300,56400,58300,248266,0.012152777777777679
2024-09-30,59000,59100,55800,56000,425748,-0.03945111492281306
2024-10-02,55000,58400,54800,57300,432547,0.023214285714285632
2024-10-04,57500,58000,56500,56600,278036,-0.012216404886561949
2024-10-07,57600,61400,57600,60400,859461,0.06713780918727918
2024-10-08,59800,62900,59500,61800,607084,0.023178807947019875
2024-10-10,63500,64100,60700,61500,614124,-0.004854368932038833
2024-10-11,61500,61900,57200,58100,696346,-0.05528455284552847
2024-10-14,57700,58600,56300,57900,327626,-0.0034423407917383297
2024-10-15,58000,58300,54800,56200,526173,-0.029360967184801412
2024-10-16,56200,56900,54900,55400,251009,-0.014234875444839812
2024-10-17,55200,56000,53500,53800,272428,-0.028880866425992746
2024-10-18,53700,54000,51800,52400,290137,-0.026022304832713727
2024-10-21,52300,53400,51900,53100,156078,0.013358778625954137
2024-10-22,52500,53100,50500,50600,295829,-0.04708097928436916
2024-10-23,50600,52900,49850,52100,273514,0.029644268774703608
2024-10-24,53000,53300,50800,51200,208587,-0.017274472168905985
2024-10-25,52500,52600,50500,50800,178117,-0.0078125
2024-10-28,50700,53600,50700,53300,235975,0.04921259842519676
2024-10-29,52800,53400,51700,53300,185958,0.0
2024-10-30,52700,53300,51900,51900,148007,-0.026266416510318913
2024-10-31,51000,52900,50600,52600,159642,0.01348747591522148
2024-11-01,51700,52400,51000,51500,164854,-0.020912547528517123
2024-11-04,51600,54800,51100,54800,289043,0.06407766990291264
2024-11-05,55300,56600,53900,54300,372288,-0.009124087591240837
2024-11-06,55700,55800,49300,49300,652309,-0.09208103130755063
2024-11-07,49400,51500,48100,49700,333065,0.008113590263691739
2024-11-08,49850,52000,49850,50200,221409,0.010060362173038184
2024-11-11,50200,51100,47100,47300,426327,-0.05776892430278879
2024-11-12,47700,48150,45000,46100,417680,-0.025369978858350906
2024-11-13,45500,47300,45100,45200,283044,-0.0195227765726681
2024-11-14,45300,46350,43500,43750,353174,-0.03207964601769908
2024-11-15,41850,42650,39750,41150,616771,-0.059428571428571386
2024-11-18,41450,44300,41450,43750,278182,0.06318347509112998
2024-11-19,43950,45050,43100,44350,199533,0.01371428571428579
2024-11-20,44450,45700,43800,44800,209692,0.01014656144306647
2024-11-21,44800,47000,44600,46400,235447,0.03571428571428581
2024-11-22,46750,47600,46000,46400,194414,0.0
2024-11-25,47600,48300,47200,48150,183323,0.037715517241379226
2024-11-26,48350,49000,46500,47000,177847,-0.023883696780893082
2024-11-27,46800,47200,45200,45400,164303,-0.03404255319148941
2024-11-28,45450,46150,45100,45500,109780,0.0022026431718060735
2024-11-29,45200,45500,42900,43400,253057,-0.0461538461538461
2024-12-02,43950,44900,42400,42400,245377,-0.02304147465437789
2024-12-03,42450,44050,42450,43600,172547,0.028301886792452935
2024-12-04,41950,43150,41850,42450,226547,-0.026376146788990806
2024-12-05,42550,42900,41050,41100,200274,-0.03180212014134276
2024-12-06,41000,42100,39950,41700,305212,0.014598540145985384
2024-12-09,40400,41200,39400,39550,329139,-0.05155875299760193
2024-12-10,40100,41700,40000,41500,165685,0.04930467762326174
2024-12-11,41500,43150,41200,41650,180792,0.0036144578313253017
2024-12-12,42250,42600,40900,42000,250815,0.008403361344537785
2024-12-13,41800,42350,41550,41850,157730,-0.0035714285714285587
2024-12-16,42400,42850,41550,42150,162759,0.007168458781362075
2024-12-17,41850,42150,40050,40700,303424,-0.03440094899169632
2024-12-18,40400,42050,40400,41950,192221,0.03071253071253066
2024-12-19,40750,41000,40050,40500,185939,-0.03456495828367101
2024-12-20,40550,40800,39150,39300,230311,-0.029629629629629672
2024-12-23,39650,40600,38850,40150,164414,0.021628498727735312
2024-12-24,40500,41100,39400,39500,171144,-0.016189290161892855
2024-12-26,39800,39900,38200,38450,228625,-0.02658227848101269
2024-12-27,38300,38450,36750,37350,311505,-0.02860858257477239
2024-12-30,36900,38250,36600,37850,154309,0.01338688085676032
2025-01-02,38000,38000,36900,37650,160176,-0.005284015852047519
2025-01-03,37400,40150,37400,39450,315718,0.047808764940239
2025-01-06,39650,40550,39250,40100,186471,0.016476552598225558
2025-01-07,40300,41100,39650,39800,196592,-0.007481296758104716
2025-01-08,39500,40500,39100,40450,164877,0.01633165829145722
2025-01-09,40150,40600,39700,40250,183124,-0.0049443757725586845
2025-01-10,40250,40250,39200,39500,122958,-0.018633540372670843
2025-01-13,39500,39700,38700,38700,119590,-0.020253164556962022
2025-01-14,38950,41100,38850,40950,242658,0.058139534883721034
2025-01-15,41000,41500,40100,40400,175287,-0.013431013431013383
2025-01-16,41500,42200,40800,41050,274554,0.016089108910890992
2025-01-17,41000,41700,40250,40750,207849,-0.0073081607795371095
2025-01-20,41300,43950,40750,42750,767792,0.04907975460122693
2025-01-21,42500,42550,39400,39750,567712,-0.07017543859649122
2025-01-22,39800,41050,39700,40400,241648,0.01635220125786163
2025-01-23,39900,39950,38500,38900,216080,-0.03712871287128716
2025-01-24,38900,39200,38200,38800,157242,-0.0025706940874036244
2025-01-31,39150,41350,39000,40550,317733,0.045103092783505216
2025-02-03,39750,39800,37550,37850,329387,-0.06658446362515413
2025-02-04,38650,39500,38100,38150,183064,0.00792602377807139
2025-02-05,38150,39450,38150,38900,158004,0.019659239842725995
2025-02-06,39650,39900,38950,39350,185825,0.011568123393316254
2025-02-07,39450,40400,38700,39450,174001,0.0025412960609911828
2025-02-10,38850,40500,37800,40400,310174,0.02408111533586821
2025-02-11,40250,40600,39450,39850,182617,-0.013613861386138626
2025-02-12,39550,40400,39350,39550,153346,-0.007528230865746499
2025-02-13,39600,41400,39600,41400,387924,0.04677623261694053
2025-02-14,41750,42750,40650,41600,376398,0.004830917874396157
2025-02-17,41600,47800,41000,46650,2114076,0.12139423076923084
2025-02-18,47350,47650,46200,46700,554513,0.001071811361200492
2025-02-19,46850,50700,46700,48300,1130501,0.03426124197002145
2025-02-20,48300,49000,47200,47650,455134,-0.01345755693581785
2025-02-21,47650,48600,46800,48600,342597,0.019937040923399874
2025-02-24,47950,49500,47600,49400,460119,0.016460905349794164
2025-02-25,49250,49250,46600,46850,373217,-0.05161943319838058
2025-02-26,46050,48300,46050,48000,293287,0.0245464247598719
2025-02-27,48150,48200,46900,47150,164924,-0.017708333333333326
2025-02-28,46000,46350,44350,44600,316971,-0.054082714740190885
2025-03-04,44100,45400,43550,44000,211976,-0.013452914798206317
2025-03-05,44150,45450,44100,45350,165274,0.030681818181818254
2025-03-06,46150,46300,43500,43750,291815,-0.03528114663726567
2025-03-07,43200,45250,42950,44100,201141,0.008000000000000007
2025-03-10,44000,44500,43100,43750,170526,-0.007936507936507908
2025-03-11,41950,42900,41550,42600,189349,-0.026285714285714246
2025-03-12,42900,43600,42350,43450,136987,0.0199530516431925
2025-03-13,43900,44100,42600,42650,165881,-0.018411967779056404
2025-03-14,42550,44750,42500,43700,247120,0.024618991793669442
2025-03-17,43700,44450,43400,44100,167353,0.009153318077803174
2025-03-18,44450,44650,43100,43500,163617,-0.013605442176870763
2025-03-19,43150,44550,43100,44050,146776,0.012643678160919603
2025-03-20,44800,45750,44300,44350,240420,0.006810442678774065
2025-03-21,44750,46150,43750,45800,278961,0.03269447576099216
2025-03-24,46000,46300,44550,44750,112653,-0.022925764192139764
2025-03-25,45200,45800,43300,43400,133334,-0.030167597765363152
2025-03-26,43400,44550,43150,44000,100961,0.01382488479262678
2025-03-27,43400,44000,42550,42700,90802,-0.02954545454545454
2025-03-28,42700,42950,40500,41100,144897,-0.0374707259953162
2025-03-31,39950,40500,38050,38850,212783,-0.054744525547445244
2025-04-01,39100,41000,38350,39550,176807,0.018018018018018056
2025-04-02,39800,40450,38600,39200,135059,-0.008849557522123908
2025-04-03,37950,39000,37800,38350,129431,-0.02168367346938771
2025-04-04,37650,40900,37650,40400,232985,0.0534550195567145
2025-04-07,39000,39200,37000,37150,283980,-0.0804455445544554
2025-04-08,38000,38300,36450,36500,139130,-0.01749663526244949
2025-04-09,35900,36950,34200,34700,239936,-0.049315068493150704
2025-04-10,37400,38600,36850,38600,222770,0.11239193083573484
2025-04-11,37350,38500,37000,38500,125418,-0.002590673575129543
2025-04-14,39000,39700,38700,39250,91979,0.01948051948051943
2025-04-15,40000,41000,39450,40750,158952,0.03821656050955413
2025-04-16,40750,41250,39400,39600,111206,-0.02822085889570547
2025-04-17,39400,40300,38950,40250,86674,0.016414141414141437
2025-04-18,40200,40500,39600,40350,63191,0.00248447204968949
2025-04-21,40150,41000,39900,39900,67065,-0.01115241635687736
2025-04-22,39700,40650,39400,39750,68675,-0.003759398496240629
2025-04-23,40800,41650,40500,41600,132225,0.046540880503144644
2025-04-24,41850,42000,40850,41100,122015,-0.012019230769230727
2025-04-25,41800,42050,41400,41650,79226,0.01338199513381988
2025-04-28,42250,42900,41475,41550,107096,-0.0024009603841537164
2025-04-29,42000,42000,39000,41350,80160,-0.004813477737665495
2025-04-30,41400,41800,40250,40600,85463,-0.01813784764207982
2025-05-02,40450,40950,40000,40550,58156,-0.0012315270935960854
2025-05-07,41250,41250,39950,40200,75202,-0.008631319358816225
2025-05-08,40250,40950,40250,40700,103450,0.01243781094527363
2025-05-09,40900,41000,39400,39700,113019,-0.02457002457002455
2025-05-12,39900,41000,39900,40950,92760,0.03148614609571787
2025-05-13,41100,41600,37400,38750,346996,-0.053724053724053755
2025-05-14,38750,39050,37450,38250,164994,-0.012903225806451646
2025-05-15,38250,38500,37600,37700,122012,-0.01437908496732021
2025-05-16,37550,37800,36550,36650,172055,-0.02785145888594165
2025-05-19,36000,37000,35550,36000,174268,-0.017735334242837686
2025-05-20,36300,36500,34550,34650,202900,-0.03749999999999998
2025-05-21,34650,35000,33500,33700,246998,-0.02741702741702745
2025-05-22,33500,33700,32100,32950,278369,-0.022255192878338326
2025-05-23,33550,33700,31225,31350,312804,-0.04855842185128978
2025-05-26,30600,32500,30600,31200,275828,-0.004784688995215336
2025-05-27,31250,31400,29700,30150,250470,-0.033653846153846145
2025-05-28,31050,31750,30200,31400,336355,0.041459369817578695
2025-05-29,31500,32150,30800,31400,285554,0.0
2025-05-30,31150,32350,30650,31450,192022,0.0015923566878981443
2025-06-02,31800,32200,31300,31650,154362,0.006359300476947549
2025-06-04,32000,33150,32000,32150,177114,0.01579778830963674
2025-06-05,32150,33450,32050,32850,199061,0.021772939346811793
2025-06-09,32800,32850,31600,32050,158550,-0.0243531202435312
2025-06-10,32300,32500,31550,31750,136820,-0.009360374414976613
2025-06-11,31850,32550,31800,32200,120231,0.014173228346456623
2025-06-12,32300,33550,32050,32650,249586,0.013975155279503104
2025-06-13,32500,32700,31000,31250,223742,-0.04287901990811638
2025-06-16,31250,31400,30450,30850,120479,-0.012800000000000034
2025-06-17,30900,31650,30400,30750,153057,-0.0032414910858995505
2025-06-18,30450,31200,30450,30650,116613,-0.003252032520325243
2025-06-19,30850,31000,30250,30550,132836,-0.0032626427406199365
2025-06-20,30600,32150,30350,31550,212598,0.032733224222585955
2025-06-23,30800,31000,30150,30400,170178,-0.03645007923930266
2025-06-24,31100,32500,31050,32400,269635,0.06578947368421062
2025-06-25,32800,32800,32000,32350,138483,-0.0015432098765432167
2025-06-26,32800,32900,31600,32100,147313,-0.007727975270479082
2025-06-27,32300,32300,30800,31150,135638,-0.029595015576323935
2025-06-30,31250,31800,30900,30950,101834,-0.006420545746388395
2025-07-01,31050,31800,30750,31300,122246,0.011308562197092087
2025-07-02,31050,31350,30700,31300,112273,0.0
2025-07-03,31600,33100,31400,32650,267566,0.04313099041533541
2025-07-04,32400,32450,31700,31900,109765,-0.02297090352220521
2025-07-07,32100,32100,31050,31200,106569,-0.021943573667711602
2025-07-08,31200,31950,30900,31050,111582,-0.004807692307692291
2025-07-09,31350,31500,30900,31000,83389,-0.0016103059581320522
2025-07-10,31150,31300,30900,31200,104046,0.006451612903225712
2025-07-11,31750,32950,31700,32000,216901,0.02564102564102555
2025-07-14,32750,32950,32150,32550,170618,0.01718749999999991
2025-07-15,32400,32500,32000,32350,101710,-0.006144393241167445
2025-07-16,32300,32350,31600,31900,109925,-0.01391035548686248
2025-07-17,32050,32200,31450,31800,103333,-0.0031347962382445305
2025-07-18,32100,33150,32100,32700,335018,0.028301886792452935
2025-07-21,33300,34250,33000,34000,294244,0.039755351681957096
2025-07-22,34700,34750,32650,32950,233515,-0.030882352941176472
2025-07-23,33700,33750,32700,33600,152107,0.019726858877086473
2025-07-24,33400,34750,33250,34250,230495,0.019345238095238138
2025-07-25,34000,34300,33550,34050,115377,-0.005839416058394109
2025-07-28,34150,34850,33700,34350,175218,0.008810572687224738
2025-07-29,33900,34100,33150,33950,164653,-0.011644832605531286
2025-07-30,33900,34700,33650,34200,181268,0.007363770250368162
2025-07-31,36300,36400,34500,34950,424551,0.021929824561403466
2025-08-01,34500,35100,33400,33600,187463,-0.03862660944206009
2025-08-04,33700,34400,33400,33950,102725,0.01041666666666674
2025-08-05,34300,36150,34300,35750,271574,0.05301914580265099
2025-08-06,35550,36250,35350,35800,179449,0.0013986013986013734
2025-08-07,36100,36100,35400,35600,95526,-0.005586592178770999
2025-08-08,35700,36350,35450,35800,98023,0.00561797752808979
2025-08-11,36050,37100,36050,36650,257493,0.023743016759776525
2025-08-12,36400,37100,35800,36100,173777,-0.01500682128240105
2025-08-13,36900,37050,36250,36800,146677,0.01939058171745156
2025-08-14,37050,38600,36700,38600,233201,0.048913043478260976
2025-08-18,38500,38550,37000,37250,205037,-0.03497409326424872
2025-08-19,37850,40600,37800,39800,701205,0.06845637583892628
2025-08-20,38900,40450,38800,40250,374399,0.011306532663316604
2025-08-21,40600,41950,40100,41150,299073,0.022360248447204967
2025-08-22,40750,41200,40050,40900,212664,-0.0060753341433779084
2025-08-25,41400,41625,39950,40400,236281,-0.012224938875305624
2025-08-26,40000,41500,40000,40650,239135,0.006188118811881083
2025-08-27,41100,41250,40250,40250,132944,-0.009840098400983988
2025-08-28,40200,40250,38650,39000,255625,-0.03105590062111796
2025-08-29,39200,39200,37800,38450,226794,-0.014102564102564052
2025-09-01,38350,39100,37550,37750,137504,-0.01820546163849157
2025-09-02,38100,38300,36950,37200,142506,-0.014569536423841067
2025-09-03,37350,38100,36850,37300,133186,0.0026881720430107503
2025-09-04,38000,38200,36850,37750,115840,0.012064343163538771
2025-09-05,38050,38950,37600,38100,109722,0.009271523178807861
2025-09-08,37750,38200,37200,37850,96632,-0.006561679790026198
2025-09-09,37900,38150,37500,37900,103715,0.0013210039630118242
2025-09-10,37750,38150,37400,38100,102075,0.005277044854881341
2025-09-11,38100,38500,37500,38500,161204,0.01049868766404205
2025-09-12,38900,39200,37950,38050,181348,-0.011688311688311637
2025-09-15,38250,38800,37200,37350,206867,-0.018396846254927768
2025-09-16,37650,38000,37250,37400,119938,0.0013386880856760541
2025-09-17,37450,38000,37050,37650,109215,0.006684491978609541
2025-09-18,37900,38350,37250,38150,179869,0.013280212483399723
2025-09-19,37900,37900,37350,37500,157836,-0.017038007863695914
2025-09-22,37350,37900,37000,37050,162388,-0.01200000000000001
2025-09-23,37050,37750,36500,37650,125021,0.0161943319838056
2025-09-24,37950,38200,36050,36650,179139,-0.026560424966799445
2025-09-25,36650,37250,36375,36850,96717,0.005457025920873049
2025-09-26,36400,36600,35050,35100,149516,-0.0474898236092266
2025-09-29,35150,35250,34500,34850,98063,-0.007122507122507171
2025-09-30,34750,35000,34150,34150,98134,-0.020086083213773365
2025-10-01,34150,34600,33875,34500,80371,0.01024890190336758
2025-10-02,35000,35500,34750,35250,144617,0.021739130434782705
2025-10-10,35200,35200,33900,34450,115529,-0.02269503546099294
2025-10-13,33850,35900,33500,35350,146974,0.026124818577648812
2025-10-14,35600,37750,35400,37400,340410,0.057991513437057884
2025-10-15,38000,38000,36650,37700,161870,0.008021390374331583
2025-10-16,38150,39500,37950,39250,471125,0.04111405835543769
2025-10-17,39600,42700,38750,41050,868047,0.04585987261146496
2025-10-20,41650,44950,40100,42650,1050008,0.03897685749086488
2025-10-21,42250,43400,41250,41900,494402,-0.017584994138335253
2025-10-22,43000,44500,42100,42950,368275,0.02505966587112174
2025-10-23,43100,43450,42200,42400,243069,-0.012805587892898762
2025-10-24,42600,47400,42600,46700,971416,0.10141509433962259
2025-10-27,50400,50400,46600,47400,738837,0.01498929336188426
2025-10-28,46500,47650,45250,47200,336580,-0.00421940928270037
2025-10-29,46750,46750,45450,46050,254987,-0.024364406779661008
2025-10-30,45500,46650,43800,44350,357438,-0.036916395222584164
2025-10-31,43300,44550,43250,43250,185893,-0.0248027057497181
2025-11-03,44200,44200,42900,43650,214625,0.009248554913294793
2025-11-04,45100,45500,43550,43600,180120,-0.001145475372279492
2025-11-05,42650,42900,40400,42100,215289,-0.0344036697247706
2025-11-06,43000,44350,42350,43500,244544,0.03325415676959631
2025-11-07,42750,43200,40700,41550,173884,-0.04482758620689653
2025-11-10,42000,42800,41200,42600,181168,0.025270758122743597
2025-11-11,43150,44300,39900,40700,460966,-0.04460093896713613
2025-11-12,41100,42200,40600,41950,155143,0.03071253071253066
2025-11-13,42150,45200,41850,45200,442522,0.07747318235995238
2025-11-14,43950,44200,42650,42700,228230,-0.05530973451327437
2025-11-17,43650,43700,41900,43050,157212,0.008196721311475308
2025-11-18,43100,43500,40800,40900,162246,-0.04994192799070851
2025-11-19,40950,41350,39500,39800,141456,-0.02689486552567233
2025-11-20,40400,41150,40250,40450,99856,0.01633165829145722
2025-11-21,39250,39500,38500,38600,108613,-0.04573547589616811
2025-11-24,39100,39100,37650,37850,118037,-0.01943005181347146
2025-11-25,38700,38950,37900,37900,83692,0.0013210039630118242
2025-11-26,38300,40000,38300,39800,102903,0.05013192612137196
2025-11-27,40500,40500,39550,39700,73644,-0.002512562814070307
2025-11-28,40550,41200,40150,41100,123130,0.035264483627204024
2025-12-01,41750,42250,41250,41600,134777,0.012165450121654597
