Date,Open,High,Low,Close,Volume,Change
2022-01-03,172600,177500,172000,174600,54961,-0.0011441647597254523
2022-01-04,175100,182900,171500,182000,114555,0.04238258877434142
2022-01-05,182700,186800,179500,184400,75021,0.01318681318681314
2022-01-06,182000,182000,173500,178700,81876,-0.030911062906724518
2022-01-07,178700,181500,177900,180500,40748,0.010072747621712397
2022-01-10,182500,184000,176000,182500,69781,0.011080332409972193
2022-01-11,182200,183200,179100,182400,28136,-0.0005479452054794054
2022-01-12,183500,188400,181600,185000,88911,0.014254385964912242
2022-01-13,185300,188100,183700,186000,34982,0.00540540540540535
2022-01-14,185500,189900,183800,186200,69105,0.0010752688172042113
2022-01-17,185000,186000,180900,185600,26223,-0.0032223415682062218
2022-01-18,185200,186900,180900,182300,25512,-0.01778017241379315
2022-01-19,179300,180700,172800,177800,74045,-0.024684585847504104
2022-01-20,175900,183000,175000,183000,54005,0.02924634420697414
2022-01-21,181400,181400,175100,179900,49215,-0.016939890710382488
2022-01-24,178900,178900,174000,178700,23845,-0.006670372429127269
2022-01-25,178700,178900,173400,174100,30182,-0.025741466144376002
2022-01-26,171800,174200,167500,170900,40641,-0.018380241240666284
2022-01-27,171000,171000,161700,163700,47280,-0.0421299005266238
2022-01-28,162200,163100,153700,159800,72201,-0.023824068417837463
2022-02-03,162700,163000,158500,160000,42807,0.0012515644555695093
2022-02-04,159500,161100,157700,161100,32000,0.0068749999999999645
2022-02-07,161500,167400,159500,166000,34731,0.030415890751086305
2022-02-08,167000,167500,160200,162500,36357,-0.02108433734939763
2022-02-09,163700,167000,161800,165000,28965,0.01538461538461533
2022-02-10,167000,167000,163100,164500,18970,-0.00303030303030305
2022-02-11,162900,164100,157200,163500,32108,-0.006079027355623046
2022-02-14,160100,160900,156500,159800,33010,-0.022629969418960227
2022-02-15,158000,159600,151800,153700,51578,-0.03817271589486859
2022-02-16,155400,157500,153800,157300,40925,0.023422251138581762
2022-02-17,157200,157200,149300,149700,103020,-0.04831532104259373
2022-02-18,148000,150800,143100,150400,48275,0.004676018704074858
2022-02-21,146500,150700,146500,149300,27749,-0.00731382978723405
2022-02-22,148600,149000,144700,146800,31173,-0.016744809109176195
2022-02-23,146800,150500,146400,150000,29159,0.021798365122615904
2022-02-24,147100,148600,144600,146400,31996,-0.02400000000000002
2022-02-25,148400,151900,147100,148600,48698,0.015027322404371546
2022-02-28,149100,151500,148000,151500,35093,0.019515477792732216
2022-03-02,151000,151000,148500,150500,44755,-0.0066006600660065695
2022-03-03,150700,152700,149400,152300,40085,0.01196013289036535
2022-03-04,152300,152600,149700,151400,16268,-0.005909389363099149
2022-03-07,150400,151300,148500,151300,14091,-0.0006605019815059121
2022-03-08,150000,151400,145900,147000,33314,-0.028420356906807664
2022-03-10,148000,148700,145200,147000,33326,0.0
2022-03-11,147000,147000,142200,144500,55910,-0.017006802721088454
2022-03-14,144000,144400,138400,140500,56431,-0.02768166089965396
2022-03-15,139000,141100,136500,139900,33738,-0.004270462633451988
2022-03-16,142200,144200,139200,143800,38641,0.027877055039313703
2022-03-17,145300,145400,142800,144800,36567,0.006954102920723182
2022-03-18,144300,144800,142300,144500,35455,-0.002071823204419898
2022-03-21,145100,147800,143700,147000,39019,0.01730103806228378
2022-03-22,147000,148300,145500,147500,36253,0.00340136054421758
2022-03-23,147400,147600,145700,147000,26425,-0.003389830508474523
2022-03-24,146700,149600,145000,149600,30247,0.017687074829932037
2022-03-25,149100,149800,148400,149600,22549,0.0
2022-03-28,149600,150800,148400,149600,19074,0.0
2022-03-29,150000,151300,148100,151000,29170,0.009358288770053402
2022-03-30,154000,154200,149200,153400,59021,0.015894039735099286
2022-03-31,153400,159500,153300,156800,101257,0.022164276401564598
2022-04-01,156300,159600,154100,159600,58421,0.017857142857142794
2022-04-04,159600,159700,156600,159700,43697,0.0006265664160400863
2022-04-05,161600,169800,161500,168000,99230,0.051972448340638744
2022-04-06,167800,169500,165800,169300,44302,0.007738095238095211
2022-04-07,168200,174100,166400,172500,52980,0.01890135853514474
2022-04-08,171100,174000,165300,167700,65610,-0.02782608695652178
2022-04-11,166400,168900,165500,167400,26141,-0.0017889087656529634
2022-04-12,164500,166700,162800,164000,35299,-0.020310633213859064
2022-04-13,161100,165600,161100,164000,21724,0.0
2022-04-14,166700,168400,165500,166500,28516,0.015243902439024293
2022-04-15,166200,168100,164200,168000,17261,0.009009009009008917
2022-04-18,167600,169500,165900,167100,16725,-0.005357142857142838
2022-04-19,168400,169900,166700,169900,34061,0.016756433273488858
2022-04-20,170400,177000,169800,174800,76089,0.02884049440847547
2022-04-21,174800,174800,171700,173500,30843,-0.007437070938215107
2022-04-22,172000,173600,171100,173200,18421,-0.0017291066282421053
2022-04-25,170100,171000,161600,161700,48537,-0.06639722863741337
2022-04-26,163000,165100,163000,164300,19646,0.01607915893630185
2022-04-27,159200,164300,159200,161000,23778,-0.02008520998174068
2022-04-28,161200,162600,160400,161100,9968,0.0006211180124222615
2022-04-29,161600,164300,161200,162800,17976,0.01055245189323406
2022-05-02,172300,177600,169200,173000,138672,0.0626535626535627
2022-05-03,173700,174800,170700,174000,45072,0.005780346820809301
2022-05-04,172300,180800,172300,180500,90000,0.03735632183908044
2022-05-06,179700,188700,176800,186300,136025,0.03213296398891963
2022-05-09,185400,187000,180000,181100,70407,-0.02791196994095546
2022-05-10,177500,181200,176400,181000,57610,-0.000552181115405892
2022-05-11,181000,183100,178300,179000,36877,-0.011049723756906049
2022-05-12,176200,179400,172800,173300,30912,-0.03184357541899441
2022-05-13,173300,176200,171300,172500,28740,-0.004616272360069229
2022-05-16,173500,173900,170800,172400,18246,-0.0005797101449275255
2022-05-17,171600,172300,165400,169100,53415,-0.019141531322505845
2022-05-18,171800,176500,170900,176300,43730,0.04257835600236537
2022-05-19,172000,176700,171300,176600,30472,0.001701644923425949
2022-05-20,177200,177200,168900,170800,54659,-0.0328425821064553
2022-05-23,170600,170600,165900,169400,25061,-0.008196721311475419
2022-05-24,169400,171600,168000,169200,24055,-0.0011806375442738881
2022-05-25,168000,172300,168000,172100,33022,0.017139479905437405
2022-05-26,172200,172400,167000,170200,26438,-0.01104009296920394
2022-05-27,170500,170500,168000,168000,20547,-0.01292596944770863
2022-05-30,169200,170200,168400,170200,17730,0.013095238095238049
2022-05-31,170200,170200,167600,168400,29348,-0.010575793184488869
2022-06-02,168400,170000,168400,169500,14135,0.0065320665083135054
2022-06-03,169500,169900,167400,168100,15028,-0.008259587020648995
2022-06-07,168100,168500,161600,165200,31726,-0.017251635930993436
2022-06-08,165900,167000,163500,165200,20431,0.0
2022-06-09,162300,171400,160600,165000,87830,-0.001210653753026647
2022-06-10,162000,163700,159800,159900,75835,-0.030909090909090886
2022-06-13,157000,157000,153300,154000,41622,-0.036898061288305195
2022-06-14,149900,157000,149900,155500,40299,0.009740259740259827
2022-06-15,156500,158400,154400,154400,35860,-0.0070739549839228255
2022-06-16,157500,159000,154000,154500,35565,0.0006476683937823857
2022-06-17,151000,153800,150400,153500,34781,-0.006472491909385147
2022-06-20,153800,154600,146900,149300,33946,-0.0273615635179153
2022-06-21,149800,150800,146300,150300,29627,0.006697923643670389
2022-06-22,151000,152000,143500,144500,49820,-0.03858948769128412
2022-06-23,145400,145900,139100,140800,49690,-0.02560553633217988
2022-06-24,140900,143200,140500,142100,35957,0.009232954545454586
2022-06-27,140500,143200,137900,140200,71809,-0.013370865587614356
2022-06-28,140500,143000,139100,143000,38507,0.0199714693295292
2022-06-29,140300,140300,138100,139200,40428,-0.02657342657342654
2022-06-30,137500,138700,130000,134400,72951,-0.03448275862068961
2022-07-01,134200,136300,129400,134000,49626,-0.0029761904761904656
2022-07-04,133600,133900,124500,126700,94448,-0.05447761194029854
2022-07-05,127400,136700,126100,136700,62441,0.07892659826361492
2022-07-06,136200,136200,130500,133400,46362,-0.024140453547915164
2022-07-07,135700,140000,133600,139000,63927,0.04197901049475261
2022-07-08,142900,143000,138400,139900,43370,0.006474820143884896
2022-07-11,140400,145300,139000,143000,50846,0.022158684774839177
2022-07-12,140400,140400,134300,136500,78886,-0.045454545454545414
2022-07-13,136500,138300,134000,137900,38297,0.01025641025641022
2022-07-14,135200,138600,134800,137300,31624,-0.00435097897026826
2022-07-15,137300,139100,135100,138500,36182,0.008739985433357633
2022-07-18,140800,141300,137600,140000,28633,0.010830324909747224
2022-07-19,139600,141400,137500,140800,42829,0.005714285714285783
2022-07-20,142300,143800,139800,142700,39053,0.013494318181818121
2022-07-21,142800,144300,141600,144100,28607,0.009810791871058155
2022-07-22,144200,146000,142200,143800,36015,-0.002081887578070818
2022-07-25,143800,144500,141500,143400,25709,-0.0027816411682892728
2022-07-26,141800,144500,141800,144500,16636,0.007670850767085069
2022-07-27,144400,149500,143400,149200,41657,0.03252595155709348
2022-07-28,149400,150700,147000,148000,23293,-0.008042895442359255
2022-07-29,147700,149100,145600,147000,33317,-0.006756756756756799
2022-08-01,147000,147000,140400,140600,94679,-0.0435374149659864
2022-08-02,141000,141000,136300,137900,67409,-0.019203413940256042
2022-08-03,137000,137900,134400,137800,69663,-0.0007251631617113397
2022-08-04,138000,139200,136900,138000,53732,0.0014513788098693414
2022-08-05,138000,138900,137000,138200,24948,0.0014492753623187582
2022-08-08,137400,137400,134900,135500,44406,-0.01953690303907385
2022-08-09,135200,137800,135000,136600,23248,0.008118081180811698
2022-08-10,136300,137700,134700,137300,29933,0.005124450951683679
2022-08-11,138400,139800,136400,138800,53938,0.010924981791696986
2022-08-12,137800,139200,136800,138800,27316,0.0
2022-08-16,138900,139500,138200,138800,21973,0.0
2022-08-17,138400,139300,136800,138400,35536,-0.0028818443804035088
2022-08-18,137300,140700,136000,140000,38500,0.011560693641618602
2022-08-19,140100,140200,138500,139100,19593,-0.00642857142857145
2022-08-22,138100,140800,134500,135700,45246,-0.024442846872753443
2022-08-23,133000,137000,131500,131500,28867,-0.03095062638172441
2022-08-24,131300,134100,131300,134100,17950,0.019771863117870714
2022-08-25,133000,136000,132600,136000,25795,0.014168530947054503
2022-08-26,135000,136300,134000,135100,15133,-0.006617647058823506
2022-08-29,130000,131900,128900,128900,31008,-0.04589193190229457
2022-08-30,128900,130500,127800,130400,29873,0.011636927851047307
2022-08-31,128600,132500,128500,132500,27874,0.01610429447852768
2022-09-01,130000,132300,128200,128500,31864,-0.030188679245283012
2022-09-02,130800,135200,129600,134000,41834,0.04280155642023353
2022-09-05,135300,139500,134300,137500,60492,0.026119402985074647
2022-09-06,139300,139300,134900,137900,33339,0.0029090909090909722
2022-09-07,136500,137600,132500,134100,27330,-0.027556200145032683
2022-09-08,134100,135800,133000,134200,27813,0.0007457121551082135
2022-09-13,135000,136600,133800,135300,30939,0.008196721311475308
2022-09-14,130300,131800,129700,131800,26860,-0.025868440502586854
2022-09-15,132500,132500,129500,130500,17314,-0.009863429438543236
2022-09-16,129600,130500,128900,130500,13214,0.0
2022-09-19,129200,131000,129200,130100,18758,-0.0030651340996168397
2022-09-20,131300,131400,127900,128600,21090,-0.01152959262106068
2022-09-21,127500,127800,124700,125600,23169,-0.023328149300155476
2022-09-22,123500,124800,119900,124800,56905,-0.006369426751592355
2022-09-23,123200,123900,118800,119700,23175,-0.04086538461538458
2022-09-26,116500,118000,112300,114500,74794,-0.04344193817878028
2022-09-27,112200,116800,112200,115800,27711,0.011353711790393017
2022-09-28,114200,115800,109800,111100,40426,-0.040587219343696024
2022-09-29,111600,114300,106800,107700,32559,-0.03060306030603055
2022-09-30,104700,109800,103900,108100,30987,0.003714020427112441
2022-10-04,109500,112800,109500,112800,23007,0.04347826086956519
2022-10-05,115000,115100,108200,110200,23128,-0.023049645390070927
2022-10-06,108600,112100,108600,112100,13970,0.01724137931034475
2022-10-07,108600,112300,108500,111700,22217,-0.003568242640499597
2022-10-11,107900,108100,104500,106900,28457,-0.0429722470904208
2022-10-12,106800,107800,105500,107800,20899,0.008419083255378768
2022-10-13,106000,106800,104500,104900,19173,-0.026901669758812585
2022-10-14,106400,106700,100000,105900,41812,0.009532888465205058
2022-10-17,104500,110700,102500,110700,33377,0.04532577903682711
2022-10-18,110700,114100,109600,114000,28632,0.02981029810298108
2022-10-19,115000,115000,111900,112000,16787,-0.01754385964912286
2022-10-20,113600,113600,108700,110900,33502,-0.009821428571428537
2022-10-21,109100,114000,108500,109700,16105,-0.010820559062218238
2022-10-24,111900,111900,108400,110000,27977,0.0027347310847767314
2022-10-25,108800,114500,108300,114400,30330,0.040000000000000036
2022-10-26,114300,119400,112600,116300,31032,0.01660839160839167
2022-10-27,115700,117500,114700,116200,26333,-0.0008598452278589797
2022-10-28,116200,123500,115500,119100,44719,0.024956970740103168
2022-10-31,118300,121400,114500,115300,35468,-0.031905961376994085
2022-11-01,114600,116600,114000,116600,21077,0.011274934952298254
2022-11-02,115100,116000,111400,112600,49990,-0.03430531732418529
2022-11-03,109900,110200,106800,109100,64612,-0.031083481349911235
2022-11-04,108000,109200,106300,108900,30281,-0.0018331805682859637
2022-11-07,109000,111600,108600,110900,27052,0.018365472910927494
2022-11-08,110100,112300,110000,111400,21890,0.004508566275924331
2022-11-09,111100,111700,109000,109700,37024,-0.015260323159784539
2022-11-10,108000,110100,106900,109500,36596,-0.001823154056517784
2022-11-11,112700,113700,109100,111400,67054,0.017351598173515947
2022-11-14,111100,112800,110300,111400,55795,0.0
2022-11-15,111900,112300,111000,112300,51979,0.008078994614003632
2022-11-16,112500,112700,110000,112500,35464,0.0017809439002671734
2022-11-17,111300,112300,109500,110700,28245,-0.016000000000000014
2022-11-18,110000,111100,109100,110000,38416,-0.006323396567298967
2022-11-21,109200,109400,104300,107000,72483,-0.027272727272727226
2022-11-22,105000,107300,105000,106400,35163,-0.005607476635513975
2022-11-23,106400,108500,105600,107600,52497,0.011278195488721776
2022-11-24,107600,113700,107600,112700,76080,0.047397769516728694
2022-11-25,113000,113500,109600,110400,48652,-0.020408163265306145
2022-11-28,110500,110800,106700,107000,29915,-0.030797101449275388
2022-11-29,107000,108100,106000,108100,23556,0.010280373831775602
2022-11-30,108100,110400,105700,110200,41970,0.01942645698427392
2022-12-01,112600,114600,111100,114000,62870,0.034482758620689724
2022-12-02,113100,115900,111100,111100,31044,-0.025438596491228038
2022-12-05,111300,112700,110600,111700,18809,0.005400540054005365
2022-12-06,110900,114000,110800,111700,27685,0.0
2022-12-07,111100,111800,109000,111600,23103,-0.0008952551477170445
2022-12-08,111900,115000,111900,113400,46246,0.016129032258064502
2022-12-09,114300,119000,112500,118800,57160,0.04761904761904767
2022-12-12,118700,118700,115800,117300,23193,-0.012626262626262652
2022-12-13,117000,117200,114300,115800,24546,-0.012787723785166238
2022-12-14,116000,116600,114100,115500,43617,-0.002590673575129543
2022-12-15,115400,115900,114000,115400,16369,-0.0008658008658009031
2022-12-16,113300,115800,113200,115500,21319,0.0008665511265164572
2022-12-19,115500,115700,113600,115400,9118,-0.0008658008658009031
2022-12-20,114100,115100,112700,113800,15493,-0.013864818024263426
2022-12-21,114900,114900,113200,113900,9440,0.0008787346221441616
2022-12-22,114500,118500,114200,118200,33382,0.037752414398595224
2022-12-23,116500,116600,114700,115400,33311,-0.02368866328257191
2022-12-26,117200,120100,115300,120000,41102,0.03986135181975747
2022-12-27,120900,122100,113000,119600,53529,-0.0033333333333332993
2022-12-28,117500,118500,115500,116600,35840,-0.025083612040133763
2022-12-29,115500,115700,110700,112800,25259,-0.032590051457976
2023-01-02,112600,113200,108200,108900,20550,-0.034574468085106336
2023-01-03,107800,108800,104100,106600,30779,-0.02112029384756653
2023-01-04,104500,108900,104500,108500,37152,0.017823639774859235
2023-01-05,108500,108500,103200,106500,54116,-0.018433179723502335
2023-01-06,107000,107000,104500,106800,28447,0.0028169014084507005
2023-01-09,108500,109400,107300,108700,21831,0.017790262172284743
2023-01-10,108700,109500,107600,108700,29975,0.0
2023-01-11,109300,118000,109100,117300,55970,0.07911683532658698
2023-01-12,118700,118700,115700,117100,20194,-0.0017050298380221207
2023-01-13,117300,119700,116200,119600,35018,0.021349274124679685
2023-01-16,119600,122200,118400,119700,31678,0.0008361204013378476
2023-01-17,120900,129400,119800,127700,113694,0.06683375104427736
2023-01-18,128000,134500,126800,132800,108258,0.039937353171495715
2023-01-19,133100,135500,130800,132700,55535,-0.0007530120481927804
2023-01-20,131800,139300,131800,138000,71868,0.03993971363978899
2023-01-25,138000,141400,136900,137900,52821,-0.0007246376811593791
2023-01-26,138000,143200,137900,141500,93910,0.026105873821609782
2023-01-27,143000,143400,141000,142500,41566,0.007067137809187329
2023-01-30,142500,143000,137000,141500,51824,-0.007017543859649145
2023-01-31,139300,142900,138000,141000,64599,-0.0035335689045936647
2023-02-01,140400,141000,138400,140100,29845,-0.006382978723404209
2023-02-02,141100,144300,136400,140000,59702,-0.0007137758743754885
2023-02-03,140000,142700,138400,142000,31741,0.014285714285714235
2023-02-06,139100,141500,138200,139400,26812,-0.018309859154929553
2023-02-07,139100,142000,138700,140400,29080,0.007173601147776099
2023-02-08,140500,142000,139100,139200,17225,-0.008547008547008517
2023-02-09,138600,139900,135700,137700,23056,-0.010775862068965525
2023-02-10,138100,139700,136800,138400,19562,0.005083514887436413
2023-02-13,137500,139500,134300,138700,31686,0.0021676300578035157
2023-02-14,138700,147000,136900,146400,68319,0.05551550108147074
2023-02-15,145800,145900,135200,135200,69114,-0.07650273224043713
2023-02-16,136300,141500,136300,141400,34887,0.04585798816568043
2023-02-17,138300,141600,138100,140500,23335,-0.006364922206506418
2023-02-20,140500,144700,137900,144000,30112,0.02491103202846978
2023-02-21,142600,144000,141000,141900,19950,-0.014583333333333282
2023-02-22,138300,140700,137700,139000,25049,-0.020436927413671646
2023-02-23,140400,145700,138700,144900,46764,0.04244604316546763
2023-02-24,145000,145000,139200,142000,31619,-0.0200138026224983
2023-02-27,139400,143600,138500,142700,23591,0.004929577464788837
2023-02-28,141800,145300,141400,143500,23914,0.005606166783461708
2023-03-02,142000,143500,139000,141800,69293,-0.01184668989547033
2023-03-03,143500,144000,138500,141800,58498,0.0
2023-03-06,141000,142400,140000,141600,32036,-0.0014104372355430161
2023-03-07,141600,144800,138100,139200,54865,-0.016949152542372836
2023-03-08,137400,142100,137200,140400,43359,0.008620689655172376
2023-03-09,139500,144400,138000,144000,48763,0.02564102564102555
2023-03-10,141600,142900,140000,140700,24549,-0.022916666666666696
2023-03-13,140900,140900,137600,139900,25157,-0.005685856432125047
2023-03-14,138300,138300,130000,130200,76018,-0.0693352394567548
2023-03-15,133800,135600,131400,134900,42186,0.036098310291858615
2023-03-16,132500,135000,131300,133000,25792,-0.014084507042253502
2023-03-17,134100,136000,132100,133600,32825,0.004511278195488799
2023-03-20,133600,133700,130200,131200,29343,-0.017964071856287456
2023-03-21,131600,132000,125700,127200,55563,-0.030487804878048808
2023-03-22,128300,128300,126200,127800,23713,0.004716981132075526
2023-03-23,127800,127800,124800,127200,37459,-0.0046948356807511304
2023-03-24,127000,127100,123500,124700,43398,-0.019654088050314433
2023-03-27,125800,125800,122500,125300,24350,0.004811547714514752
2023-03-28,125300,125300,123500,125000,17392,-0.002394253790901857
2023-03-29,125000,125100,123300,125000,22904,0.0
2023-03-30,124900,127500,123400,126600,37202,0.012799999999999923
2023-03-31,127000,128200,125000,127900,28467,0.010268562401263726
2023-04-03,128000,130300,126500,126600,40682,-0.010164190774042181
2023-04-04,125600,128600,125600,127300,25093,0.005529225908372792
2023-04-05,127600,128500,126000,128400,28576,0.008641005498821741
2023-04-06,127900,127900,125600,127400,28618,-0.007788161993769416
2023-04-07,127400,127400,124100,124900,45016,-0.019623233908948157
2023-04-10,124600,126300,123300,123400,59087,-0.012009607686148893
2023-04-11,123400,125600,122700,124500,44681,0.008914100486223653
2023-04-12,125500,127700,124000,125600,47385,0.008835341365461824
2023-04-13,126000,128100,123800,126400,51458,0.006369426751592355
2023-04-14,126600,127300,120500,120500,129071,-0.046677215189873444
2023-04-17,120500,120500,115200,119000,93275,-0.012448132780082943
2023-04-18,120000,121800,117900,118200,69376,-0.006722689075630228
2023-04-19,118900,121100,118100,119400,46984,0.010152284263959421
2023-04-20,119400,119400,112400,112600,108606,-0.05695142378559459
2023-04-21,113000,113700,111500,112000,38883,-0.005328596802841923
2023-04-24,112000,112000,105500,110500,36392,-0.013392857142857095
2023-04-25,109300,112800,109100,109600,46354,-0.008144796380090469
2023-04-26,109600,111900,107900,110000,35761,0.0036496350364962904
2023-04-27,111400,112500,109000,109600,36522,-0.0036363636363636598
2023-04-28,109900,112900,109700,111500,32591,0.017335766423357768
2023-05-02,111800,113200,110700,112100,28547,0.0053811659192826156
2023-05-03,110600,114800,110500,112500,30740,0.003568242640499486
2023-05-04,113600,124000,113400,118600,196297,0.05422222222222217
2023-05-08,120300,123000,118100,121200,111142,0.021922428330522825
2023-05-09,121400,121400,118300,118300,52911,-0.02392739273927391
2023-05-10,118900,119000,115700,116700,45867,-0.013524936601859716
2023-05-11,118700,124600,117600,120900,93509,0.0359897172236503
2023-05-12,120300,121700,118600,120000,39665,-0.007444168734491274
2023-05-15,118200,120600,117300,119600,30001,-0.0033333333333332993
2023-05-16,118400,120400,118200,118500,31386,-0.009197324414715768
2023-05-17,118500,119900,116900,118600,28010,0.0008438818565401629
2023-05-18,119000,119900,117600,118000,29802,-0.005059021922428353
2023-05-19,118000,119200,117700,119100,16633,0.009322033898305104
2023-05-22,118600,120000,118200,118500,30216,-0.005037783375314908
2023-05-23,118600,119200,118100,118200,16594,-0.0025316455696202667
2023-05-24,117300,118600,116900,117900,13098,-0.0025380710659898
2023-05-25,117500,119700,115200,115400,43378,-0.02120441051738764
2023-05-26,115400,117000,113800,114000,24105,-0.012131715771230511
2023-05-30,115000,115000,111800,112300,42468,-0.014912280701754432
2023-05-31,112500,113500,111700,112100,23308,-0.0017809439002671734
2023-06-01,111200,113000,110800,112000,21146,-0.000892060660124927
2023-06-02,112100,119500,112100,119300,66824,0.06517857142857153
2023-06-05,119700,122700,118300,118400,30862,-0.007544006705783701
2023-06-07,118400,123700,118000,122000,42772,0.030405405405405483
2023-06-08,122000,122000,120000,120000,32034,-0.016393442622950838
2023-06-09,120200,120900,118300,119100,23229,-0.007499999999999951
2023-06-12,121000,124300,117800,119700,47760,0.005037783375314797
2023-06-13,120500,120500,118400,118500,21584,-0.010025062656641603
2023-06-14,118500,120000,117900,118900,26228,0.0033755274261604296
2023-06-15,118300,119600,116000,116700,28942,-0.01850294365012617
2023-06-16,117900,123400,117800,120000,84503,0.028277634961439535
2023-06-19,120500,120800,117100,117600,30585,-0.020000000000000018
2023-06-20,117000,120800,116800,116900,27115,-0.005952380952380931
2023-06-21,117200,117200,112900,113300,45261,-0.030795551753635575
2023-06-22,114500,120500,112500,117500,65784,0.03706972639011474
2023-06-23,117600,117600,113200,113900,44091,-0.030638297872340403
2023-06-26,113900,117200,112600,114700,30596,0.0070237050043897575
2023-06-27,113400,115400,113000,114900,32608,0.0017436791630340842
2023-06-28,114100,115500,113900,114700,21338,-0.0017406440382942145
2023-06-29,114300,115700,113500,114400,19718,-0.0026155187445510153
2023-06-30,114500,116900,113600,115700,28631,0.011363636363636465
2023-07-03,119500,121400,117000,118200,63630,0.021607605877268732
2023-07-04,117700,117700,114600,114800,41641,-0.02876480541455162
2023-07-05,114600,114600,113100,113300,29873,-0.013066202090592283
2023-07-06,113300,113300,109000,109400,68145,-0.034421888790820865
2023-07-07,110500,110500,107700,108000,36429,-0.012797074954296161
2023-07-10,110100,110100,107700,108200,23595,0.0018518518518517713
2023-07-11,108200,111000,108000,110700,24758,0.02310536044362288
2023-07-12,110100,111500,108800,109800,27155,-0.008130081300813052
2023-07-13,111500,111900,109100,110300,25516,0.004553734061930825
2023-07-14,110500,111000,108800,109700,26605,-0.005439709882139598
2023-07-17,109100,110500,108500,109500,15605,-0.001823154056517784
2023-07-18,108600,110300,105800,106800,60497,-0.024657534246575352
2023-07-19,106800,107800,104000,104700,42233,-0.0196629213483146
2023-07-20,105000,107100,103900,106500,30735,0.017191977077363862
2023-07-21,105400,106500,104100,104800,25347,-0.015962441314554043
2023-07-24,105100,105200,101500,102900,48833,-0.018129770992366456
2023-07-25,102100,103500,101400,102000,32950,-0.008746355685131157
2023-07-26,102000,102100,98700,99500,62625,-0.02450980392156865
2023-07-27,101800,103500,99900,101900,37964,0.024120603015075348
2023-07-28,102400,103400,100400,102500,22940,0.0058881256133465065
2023-07-31,100600,100600,95000,96600,138265,-0.05756097560975615
2023-08-01,96600,100200,96500,99000,68184,0.024844720496894457
2023-08-02,96000,99400,96000,97600,33561,-0.014141414141414121
2023-08-03,96600,97500,95600,96100,36176,-0.015368852459016424
2023-08-04,95800,97700,95500,97500,22726,0.014568158168574374
2023-08-07,98300,98300,96200,96700,33936,-0.008205128205128198
2023-08-08,98000,98000,95200,95300,36625,-0.014477766287487093
2023-08-09,95000,96400,95000,96000,20550,0.007345225603357708
2023-08-10,96000,97600,95800,96900,30051,0.009374999999999911
2023-08-11,96900,97200,95500,95600,27762,-0.013415892672858587
2023-08-14,95600,96400,93300,94200,40067,-0.014644351464435101
2023-08-16,93000,94000,90800,91700,36710,-0.026539278131634814
2023-08-17,91600,91700,90000,90500,23216,-0.013086150490730697
2023-08-18,90000,91400,89600,90000,19010,-0.0055248618784530246
2023-08-21,91600,91900,89800,90300,17851,0.0033333333333334103
2023-08-22,90200,91100,88300,88600,35361,-0.018826135105204922
2023-08-23,88500,89100,87700,88700,19138,0.0011286681715576563
2023-08-24,89600,89800,88700,88800,14022,0.0011273957158963732
2023-08-25,88400,89500,87500,88100,16591,-0.007882882882882858
2023-08-28,88700,90100,88000,88300,25357,0.002270147559591429
2023-08-29,88800,94300,88800,93400,73485,0.05775764439411102
2023-08-30,93600,93900,91600,92300,21838,-0.011777301927194839
2023-08-31,92900,93200,90900,91500,24034,-0.008667388949079036
2023-09-01,91500,94800,91400,94000,33424,0.02732240437158473
2023-09-04,94000,94000,92500,93000,12358,-0.010638297872340385
2023-09-05,92800,92800,91400,91400,15817,-0.017204301075268824
2023-09-06,91400,92400,90400,91500,12545,0.001094091903719896
2023-09-07,92400,92800,91200,91800,19344,0.003278688524590123
2023-09-08,91900,92400,90700,91200,17857,-0.006535947712418277
2023-09-11,92500,93900,91200,93600,20314,0.026315789473684292
2023-09-12,94900,94900,91700,92000,20610,-0.017094017094017144
2023-09-13,91300,92900,91000,92200,22038,0.0021739130434783593
2023-09-14,92200,93000,91500,92500,26040,0.0032537960954446277
2023-09-15,91900,94000,91800,93200,29498,0.00756756756756749
2023-09-18,92200,93900,92200,93000,13916,-0.0021459227467811592
2023-09-19,92600,93400,91500,91900,22596,-0.011827956989247324
2023-09-20,94100,101100,93500,98000,202702,0.06637649619151254
2023-09-21,98000,98000,93000,94100,66786,-0.03979591836734697
2023-09-22,93500,97100,90500,95400,54693,0.01381509032943673
2023-09-25,95500,97000,93100,93900,26194,-0.01572327044025157
2023-09-26,92500,94700,92500,92900,23929,-0.010649627263045747
2023-09-27,91900,94300,91900,94000,19413,0.011840688912809538
2023-10-04,92600,93900,92100,92800,18894,-0.012765957446808529
2023-10-05,93200,94400,91800,92000,16779,-0.008620689655172376
2023-10-06,91500,92800,91500,92700,17776,0.007608695652173925
2023-10-10,93000,95400,92400,93600,35964,0.009708737864077666
2023-10-11,94800,94800,92600,94500,20811,0.009615384615384581
2023-10-12,94500,95200,93400,94600,16166,0.0010582010582009804
2023-10-13,94000,95100,92700,92700,16112,-0.02008456659619451
2023-10-16,92700,94000,92400,93900,46668,0.012944983818770295
2023-10-17,94100,95500,93000,94000,23091,0.0010649627263046302
2023-10-18,93500,96000,92900,94400,66130,0.004255319148936065
2023-10-19,93400,94800,91600,94100,36255,-0.0031779661016949623
2023-10-20,93700,94800,92100,92800,52288,-0.01381509032943673
2023-10-23,91300,93100,91300,93000,21791,0.0021551724137931494
2023-10-24,93000,93900,91400,93500,26440,0.005376344086021501
2023-10-25,95000,97900,94000,96100,78456,0.027807486631016065
2023-10-26,95000,95300,92400,94000,33780,-0.02185223725286156
2023-10-27,94400,96500,93800,94800,27434,0.008510638297872353
2023-10-30,89900,91500,85500,86500,118037,-0.08755274261603374
2023-10-31,86900,88900,86500,87000,22010,0.005780346820809301
2023-11-01,87100,88600,86600,87600,19171,0.006896551724137945
2023-11-02,89300,89600,87200,87400,24625,-0.0022831050228310223
2023-11-03,89600,89600,86700,88500,25107,0.012585812356979309
2023-11-06,90900,91100,87500,89800,87837,0.014689265536723228
2023-11-07,90200,90400,87900,89100,28508,-0.007795100222717122
2023-11-08,89700,90400,89100,90100,17808,0.011223344556677839
2023-11-09,89600,91200,88900,90600,13419,0.005549389567147678
2023-11-10,89100,90400,88100,90100,7871,-0.0055187637969095205
2023-11-13,91400,91400,89600,90300,11993,0.002219755826859071
2023-11-14,90000,91100,89800,90200,7480,-0.001107419712070845
2023-11-15,91300,92900,90400,92600,32316,0.026607538802660757
2023-11-16,92600,93500,92400,93100,12606,0.005399568034557323
2023-11-17,93100,93200,90400,91100,18111,-0.02148227712137485
2023-11-20,91900,92400,90600,92000,8571,0.009879253567508295
2023-11-21,91500,95300,91500,95000,26811,0.032608695652173836
2023-11-22,95100,95100,93800,95000,17949,0.0
2023-11-23,94600,94800,93500,93700,8531,-0.013684210526315743
2023-11-24,91200,92400,90500,91300,33470,-0.025613660618996836
2023-11-27,90500,91000,88600,90300,27976,-0.010952902519167584
2023-11-28,89800,91100,89800,90000,12362,-0.0033222591362126463
2023-11-29,90000,90500,89300,89800,14573,-0.0022222222222222365
2023-11-30,88900,89600,88200,89200,37955,-0.006681514476614692
2023-12-01,88500,89600,88000,88300,24316,-0.010089686098654682
2023-12-04,89300,89300,87900,88000,22103,-0.003397508493771184
2023-12-05,87500,88000,84100,84200,80949,-0.04318181818181821
2023-12-06,84200,84800,83800,84200,32146,0.0
2023-12-07,84300,84400,83700,83900,16106,-0.0035629453681710332
2023-12-08,84500,84600,83500,83900,25696,0.0
2023-12-11,83900,84900,83900,84000,12205,0.0011918951132301459
2023-12-12,84000,85400,84000,85100,26739,0.013095238095238049
2023-12-13,85100,85800,84500,84900,12396,-0.002350176263219761
2023-12-14,85600,86700,85000,85900,21556,0.011778563015312216
2023-12-15,85500,86700,85000,86300,18347,0.00465657741559955
2023-12-18,86300,87900,86000,87700,18374,0.016222479721900385
2023-12-19,87900,94000,87800,92100,135186,0.05017103762827824
2023-12-20,91600,92300,90200,90700,29097,-0.015200868621064068
2023-12-21,90700,92300,90500,91200,29463,0.005512679162072764
2023-12-22,91200,93900,91100,92900,35872,0.018640350877193068
2023-12-26,93200,93200,91500,92100,20703,-0.008611410118406937
2023-12-27,90000,92100,89900,92000,19714,-0.0010857763300760048
2023-12-28,91100,92500,91000,92200,13664,0.0021739130434783593
2024-01-02,91100,91500,88000,88300,47341,-0.04229934924078094
2024-01-03,88300,88300,86800,87000,24696,-0.014722536806342057
2024-01-04,87100,87800,85000,85900,26572,-0.012643678160919491
2024-01-05,86400,86400,84400,85200,23948,-0.008149010477299212
2024-01-08,85300,85400,84000,84600,30268,-0.007042253521126751
2024-01-09,84700,85300,84400,85100,25716,0.005910165484633634
2024-01-10,85500,85500,84100,84300,15807,-0.009400705052878933
2024-01-11,84300,85300,84200,85200,21678,0.01067615658362997
2024-01-12,85400,85700,83800,84300,16205,-0.010563380281690127
2024-01-15,84600,85000,82300,83100,32410,-0.014234875444839812
2024-01-16,82300,83900,82300,83200,28590,0.001203369434416457
2024-01-17,84500,84500,82200,82500,18346,-0.008413461538461564
2024-01-18,83100,83100,81700,82000,15621,-0.0060606060606061
2024-01-19,81600,83800,81600,82500,14363,0.0060975609756097615
2024-01-22,83300,83400,81600,81600,18063,-0.010909090909090868
2024-01-23,81400,81900,79000,79600,42444,-0.02450980392156865
2024-01-24,79300,80200,78600,79500,25699,-0.0012562814070351536
2024-01-25,79200,79900,78500,79500,24655,0.0
2024-01-26,79000,79900,78500,79500,25823,0.0
2024-01-29,80000,81800,79100,80500,18838,0.012578616352201255
2024-01-30,80500,81800,80200,80500,13083,0.0
2024-01-31,80000,80900,79500,80200,11192,-0.003726708074534124
2024-02-01,79500,81000,79000,80800,28765,0.007481296758104827
2024-02-02,81200,81600,80500,80800,45307,0.0
2024-02-05,80900,81400,80300,80700,40526,-0.0012376237623762387
2024-02-06,80300,80700,78000,78100,50971,-0.03221809169764556
2024-02-07,78800,79000,78100,78400,30612,0.003841229193341844
2024-02-08,78600,79600,78600,78800,22348,0.005102040816326481
2024-02-13,78800,79400,78800,79000,11046,0.002538071065989911
2024-02-14,78500,79800,78500,79800,14166,0.010126582278481067
2024-02-15,80200,80400,79600,79700,15211,-0.0012531328320801727
2024-02-16,80000,80900,79500,80700,27102,0.012547051442910906
2024-02-19,80700,81800,80600,81100,22735,0.004956629491945419
2024-02-20,81300,81300,79800,80000,16754,-0.013563501849568449
2024-02-21,79500,80300,79000,79700,13963,-0.003750000000000031
2024-02-22,79500,80100,79100,79400,17034,-0.0037641154328732496
2024-02-23,79500,79500,78700,78800,18714,-0.007556675062972307
2024-02-26,78800,79100,77200,77500,68813,-0.016497461928933976
2024-02-27,77500,77500,76500,77000,20568,-0.006451612903225823
2024-02-28,76700,77000,75600,75700,36928,-0.016883116883116833
2024-02-29,77200,80800,77100,78400,100647,0.03566710700132103
2024-03-04,77900,78400,76700,77400,41981,-0.012755102040816313
2024-03-05,77300,78500,76700,77700,44713,0.003875968992248069
2024-03-06,77100,80900,77100,80700,56895,0.03861003861003853
2024-03-07,80500,80800,79000,80600,21365,-0.0012391573729864103
2024-03-08,80500,82000,80100,80700,23030,0.001240694789081953
2024-03-11,80300,81300,80100,80500,12270,-0.0024783147459727095
2024-03-12,79800,82500,79800,81500,29050,0.012422360248447228
2024-03-13,81500,82000,80100,80200,12706,-0.015950920245398792
2024-03-14,79800,80500,79200,79300,15518,-0.01122194513715713
2024-03-15,80600,83700,80100,83300,75322,0.05044136191677184
2024-03-18,83000,83500,81600,82100,25105,-0.014405762304921965
2024-03-19,81300,83600,81100,83100,41454,0.01218026796589533
2024-03-20,83000,83000,81600,81700,24883,-0.016847172081829176
2024-03-21,82400,83400,81700,81800,23574,0.001223990208078396
2024-03-22,81800,84800,81700,84200,39416,0.02933985330073341
2024-03-25,84300,84700,82600,84600,29231,0.004750593824228044
2024-03-26,84500,84800,83500,83700,24081,-0.010638297872340385
2024-03-27,83900,84600,83000,84100,19648,0.004778972520907976
2024-03-28,83800,84900,83700,84600,23544,0.005945303210463715
2024-03-29,85000,85500,84000,84700,19459,0.0011820330969267712
2024-04-01,84700,84700,83300,84100,16101,-0.00708382526564344
2024-04-02,83800,83900,80900,81300,34582,-0.03329369797859694
2024-04-03,81200,81900,80700,81300,15962,0.0
2024-04-04,81900,81900,81000,81400,8744,0.0012300123001229846
2024-04-05,80500,82700,80500,82700,19187,0.01597051597051591
2024-04-08,82600,82600,81400,82400,14986,-0.0036275695284159193
2024-04-09,81800,82300,80800,81200,14882,-0.014563106796116498
2024-04-11,81300,84300,80200,82000,30261,0.009852216748768461
2024-04-12,81500,82700,81200,81700,12085,-0.003658536585365857
2024-04-15,81200,82300,80700,81200,12989,-0.006119951040391647
2024-04-16,81200,82400,80900,81300,23574,0.0012315270935960854
2024-04-17,81300,83500,81300,81500,20453,0.002460024600245969
2024-04-18,81500,82500,81000,81400,10387,-0.0012269938650306678
2024-04-19,81300,82400,80400,81700,21647,0.0036855036855036882
2024-04-22,82400,84500,82300,84000,20867,0.028151774785801775
2024-04-23,83000,84100,82700,83300,17390,-0.008333333333333304
2024-04-24,84200,84700,82300,82500,11791,-0.009603841536614643
2024-04-25,81200,82600,81200,81200,17047,-0.015757575757575748
2024-04-26,82300,82300,80000,80600,30120,-0.007389162561576401
2024-04-29,80000,80000,76000,77400,122383,-0.03970223325062039
2024-04-30,77400,78400,76900,78200,28452,0.010335917312661591
2024-05-02,78200,78500,77600,77700,19618,-0.006393861892583175
2024-05-03,78500,78500,77600,78200,17270,0.006435006435006496
2024-05-07,78600,79400,78000,78800,25454,0.007672634271099765
2024-05-08,78400,79100,78200,78400,13083,-0.005076142131979711
2024-05-09,78400,78900,77400,77400,24520,-0.012755102040816313
2024-05-10,77400,78100,77000,77700,26103,0.003875968992248069
2024-05-13,77700,77900,77200,77700,15851,0.0
2024-05-14,77600,79500,77100,78100,18821,0.005148005148005064
2024-05-16,78500,79600,77000,78100,33269,0.0
2024-05-17,78800,78900,77900,77900,30745,-0.002560819462227859
2024-05-20,77900,78600,77500,77900,18358,0.0
2024-05-21,77700,78000,76500,76700,35245,-0.015404364569961526
2024-05-22,76800,77000,76100,76900,14797,0.0026075619295957697
2024-05-23,76900,77000,76200,76700,14987,-0.002600780234070177
2024-05-24,76100,76600,75800,75800,17072,-0.011734028683181186
2024-05-27,75500,76300,74700,75600,28271,-0.0026385224274406704
2024-05-28,75500,75500,74100,74400,28956,-0.015873015873015928
2024-05-29,74100,74700,73000,73500,34878,-0.012096774193548376
2024-05-30,73200,73300,72600,73000,15766,-0.006802721088435382
2024-05-31,72600,74000,72600,72900,18640,-0.00136986301369868
2024-06-03,73000,73500,72600,73200,18178,0.004115226337448652
2024-06-04,73300,74100,73200,73300,18973,0.001366120218579292
2024-06-05,73000,73300,72100,72200,26185,-0.01500682128240105
2024-06-07,72000,72500,71500,71800,21071,-0.005540166204986097
2024-06-10,71500,73600,71300,73400,25560,0.022284122562674202
2024-06-11,73400,76000,73400,75300,58576,0.02588555858310637
2024-06-12,75300,76900,75000,76400,36014,0.014608233731739695
2024-06-13,76400,76600,75100,75100,36447,-0.017015706806282727
2024-06-14,74900,75900,74600,74800,16269,-0.003994673768308976
2024-06-17,74800,75300,74100,74700,14561,-0.0013368983957219305
2024-06-18,75400,75500,74200,74400,17076,-0.004016064257028162
2024-06-19,74100,74600,73400,73500,19110,-0.012096774193548376
2024-06-20,73500,74600,73500,74200,17241,0.00952380952380949
2024-06-21,74000,76900,73600,76000,49161,0.0242587601078168
2024-06-24,76200,77000,75800,76500,22307,0.006578947368421018
2024-06-25,77600,79000,76500,76700,47419,0.002614379084967311
2024-06-26,76700,77900,76300,77600,19705,0.011734028683181297
2024-06-27,76600,78500,76500,77700,26762,0.0012886597938144284
2024-06-28,77700,78000,76900,77200,18016,-0.006435006435006385
2024-07-01,76300,77500,76300,77000,22526,-0.002590673575129543
2024-07-02,76700,78200,76400,77300,38963,0.003896103896103842
2024-07-03,77400,78500,77000,78300,34954,0.012936610608020649
2024-07-04,77900,78900,77800,77800,30704,-0.0063856960408684715
2024-07-05,77700,78600,77100,77800,29779,0.0
2024-07-08,77400,79400,77400,79400,45164,0.020565552699228773
2024-07-09,79400,79400,78100,78600,31524,-0.010075566750629705
2024-07-10,77900,78900,77600,78400,31580,-0.0025445292620864812
2024-07-11,78900,79000,78100,78900,16984,0.0063775510204082675
2024-07-12,78800,79300,78200,78600,27026,-0.0038022813688213253
2024-07-15,78300,78800,77500,77700,22589,-0.011450381679389277
2024-07-16,78100,78100,77100,77300,19848,-0.005148005148005175
2024-07-17,78000,78200,76800,77300,22286,0.0
2024-07-18,78000,78500,77200,77500,15791,0.002587322121604174
2024-07-19,77000,77200,76500,76700,19290,-0.010322580645161339
2024-07-22,76300,76800,74800,75500,19865,-0.01564537157757495
2024-07-23,75100,77400,75100,76400,24639,0.01192052980132452
2024-07-24,75700,76700,74900,75600,23797,-0.010471204188481686
2024-07-25,75500,75700,73900,75600,30989,0.0
2024-07-26,75800,75900,74400,75700,27849,0.001322751322751392
2024-07-29,75300,75500,73700,74200,35010,-0.019815059445178362
2024-07-30,73600,74200,72700,72700,26076,-0.020215633423180557
2024-07-31,72600,73600,72400,73600,17080,0.012379642365887289
2024-08-01,73900,74700,72800,74000,24621,0.005434782608695565
2024-08-02,74500,74500,72300,72800,33151,-0.01621621621621616
2024-08-05,72100,72600,65900,66100,62741,-0.09203296703296704
2024-08-06,66100,70600,66000,69000,39196,0.04387291981845687
2024-08-07,68400,73000,68400,70200,24358,0.017391304347825987
2024-08-08,68800,70200,68500,69700,24888,-0.007122507122507171
2024-08-09,69800,71100,69500,70600,15329,0.012912482065997155
2024-08-12,70600,72000,70000,71100,27030,0.007082152974504208
2024-08-13,70400,71500,70000,70700,16298,-0.005625879043600568
2024-08-14,70500,71700,70000,71300,14843,0.008486562942008558
2024-08-16,72700,72700,70600,70900,17866,-0.005610098176718092
2024-08-19,71800,71800,70000,70000,13008,-0.012693935119887145
2024-08-20,70000,70400,69400,69400,19666,-0.008571428571428563
2024-08-21,69500,70200,69300,69700,18265,0.004322766570605152
2024-08-22,69600,70000,68200,68400,30041,-0.0186513629842181
2024-08-23,68600,70000,68400,69100,19878,0.01023391812865504
2024-08-26,69000,69400,68100,68200,21825,-0.013024602026049159
2024-08-27,68200,68300,67500,67800,25066,-0.0058651026392961825
2024-08-28,67900,68600,67600,68000,21730,0.002949852507374562
2024-08-29,67700,67900,67300,67600,17653,-0.00588235294117645
2024-08-30,67500,68100,66100,66100,89375,-0.022189349112425982
2024-09-02,66700,66800,65900,66000,29127,-0.001512859304084735
2024-09-03,66400,67500,66100,67200,28013,0.018181818181818077
2024-09-04,67200,67200,65700,65900,29592,-0.019345238095238138
2024-09-05,66000,67100,66000,66900,16182,0.015174506828528056
2024-09-06,66800,66900,65900,66500,18049,-0.005979073243647215
2024-09-09,66400,66800,65200,66800,17478,0.004511278195488799
2024-09-10,66500,67100,65000,65400,18724,-0.020958083832335328
2024-09-11,65700,65700,64300,64400,21606,-0.015290519877675823
2024-09-12,64800,66900,64800,66300,24559,0.029503105590062084
2024-09-13,66400,67900,66400,67800,20393,0.02262443438914019
2024-09-19,68300,68500,67700,68300,12057,0.007374631268436627
2024-09-20,68700,68900,67100,67100,22379,-0.017569546120058566
2024-09-23,67400,68900,67400,68400,16166,0.019374068554396384
2024-09-24,68900,69100,67800,68000,11521,-0.005847953216374324
2024-09-25,68400,71300,68400,69400,50541,0.020588235294117574
2024-09-26,69200,69900,69000,69600,12099,0.0028818443804035088
2024-09-27,69100,70400,68600,70000,22262,0.005747126436781658
2024-09-30,70900,71100,68800,68900,18165,-0.01571428571428568
2024-10-02,68500,70800,68000,69900,30493,0.014513788098693858
2024-10-04,70500,71900,69800,70800,27384,0.012875536480686733
2024-10-07,70600,72300,70500,71000,21505,0.0028248587570620654
2024-10-08,71000,71000,69700,70600,16182,-0.005633802816901401
2024-10-10,69900,70600,68500,69000,26180,-0.022662889518413554
2024-10-11,69400,70000,69200,69700,13082,0.010144927536231974
2024-10-14,70400,70600,67900,68100,24548,-0.022955523672883782
2024-10-15,68200,68800,67500,68100,13645,0.0
2024-10-16,67700,68700,67000,67500,60718,-0.008810572687224627
2024-10-17,67500,68000,66500,66900,12200,-0.008888888888888835
2024-10-18,67300,67300,66100,66200,11354,-0.010463378176382654
2024-10-21,66300,67500,66000,67100,9612,0.013595166163141936
2024-10-22,66200,67500,66000,66100,11923,-0.014903129657228065
2024-10-23,66700,67400,65900,67100,18053,0.015128593040847127
2024-10-24,67600,67600,66000,66600,10769,-0.007451564828613977
2024-10-25,67200,67200,65900,66600,11654,0.0
2024-10-28,67000,67000,66200,66800,9608,0.0030030030030030463
2024-10-29,66500,67200,65100,65800,19208,-0.014970059880239472
2024-10-30,65800,66200,64800,64900,18442,-0.01367781155015202
2024-10-31,64900,65000,64000,64600,16729,-0.0046224961479198745
2024-11-01,64700,65700,64600,65700,15308,0.017027863777089758
2024-11-04,65700,68300,65200,68300,32720,0.03957382039573831
2024-11-05,67500,68500,67200,68200,13689,-0.0014641288433382416
2024-11-06,68000,68300,67100,67500,19735,-0.01026392961876832
2024-11-07,67000,67800,66000,67300,16375,-0.002962962962962945
2024-11-08,68000,68100,66500,66600,17569,-0.010401188707280795
2024-11-11,66300,66600,65600,65800,13961,-0.012012012012011963
2024-11-12,65800,66200,64600,64900,15196,-0.01367781155015202
2024-11-13,64800,65200,63000,63900,38723,-0.015408320493066285
2024-11-14,64500,65000,63700,64800,21805,0.014084507042253502
2024-11-15,65000,67700,65000,67600,33142,0.043209876543209846
2024-11-18,66700,68000,66600,67300,13485,-0.004437869822485174
2024-11-19,67300,67700,66800,67500,7917,0.002971768202080227
2024-11-20,67100,68300,67100,67900,7376,0.00592592592592589
2024-11-21,68300,68500,67500,68500,16859,0.008836524300441795
2024-11-22,68100,68900,68100,68500,9162,0.0
2024-11-25,68500,68800,68000,68300,8934,-0.0029197080291970545
2024-11-26,67700,69500,67700,69400,12664,0.016105417276720324
2024-11-27,69500,70400,69200,70000,19975,0.008645533141210304
2024-11-28,70600,73400,70000,73100,66292,0.04428571428571426
2024-11-29,73500,73500,71400,72000,25846,-0.015047879616963078
2024-12-02,72400,72500,71200,72500,16465,0.00694444444444442
2024-12-03,72000,73100,72000,72500,14592,0.0
2024-12-04,71100,72300,70900,71500,26941,-0.01379310344827589
2024-12-05,71200,71400,70100,70500,16587,-0.013986013986013957
2024-12-06,70900,70900,68600,70400,29200,-0.0014184397163120588
2024-12-09,69900,69900,67100,67200,31290,-0.045454545454545414
2024-12-10,68500,70700,68100,69800,21487,0.038690476190476275
2024-12-11,69400,71200,69400,70400,20628,0.008595988538681931
2024-12-12,71000,71000,69100,69300,52408,-0.015625
2024-12-13,70300,70300,69500,70200,14035,0.01298701298701288
2024-12-16,70200,71000,69700,70400,13684,0.002849002849002913
2024-12-17,70800,70800,69700,70000,7995,-0.005681818181818232
2024-12-18,70000,71200,69700,71200,13045,0.017142857142857126
2024-12-19,70400,70400,69700,69700,12459,-0.021067415730337102
2024-12-20,70600,70600,69000,70000,11792,0.004304160688665792
2024-12-23,70500,71200,69700,71000,18518,0.014285714285714235
2024-12-24,71000,72200,70600,71400,13400,0.005633802816901401
2024-12-26,71400,72700,71200,71500,30117,0.0014005602240896309
2024-12-27,68500,69700,65900,66200,48781,-0.07412587412587412
2024-12-30,66200,66500,65400,65400,24614,-0.012084592145015116
2025-01-02,64000,65900,63700,65500,12495,0.001529051987767538
2025-01-03,65500,69000,65500,67800,24321,0.03511450381679393
2025-01-06,67300,70700,67100,69000,35900,0.017699115044247815
2025-01-07,68400,69900,68100,68500,12985,-0.007246376811594235
2025-01-08,68500,68500,65500,65800,28586,-0.039416058394160625
2025-01-09,65800,66200,64800,65400,26043,-0.006079027355623046
2025-01-10,65300,66100,64900,65200,16675,-0.003058103975535187
2025-01-13,65200,65500,64100,64400,16071,-0.012269938650306789
2025-01-14,65000,65000,64000,64600,14299,0.0031055900621117516
2025-01-15,64800,65000,64000,64400,8440,-0.003095975232198178
2025-01-16,64500,64800,64000,64400,10857,0.0
2025-01-17,64400,64600,64000,64400,7848,0.0
2025-01-20,64400,64400,63600,64100,7216,-0.004658385093167738
2025-01-21,64400,64500,63400,64000,11406,-0.0015600624024960652
2025-01-22,63800,64100,63700,63900,11693,-0.0015625000000000222
2025-01-23,63800,63900,62700,62800,17804,-0.017214397496087663
2025-01-24,59500,62500,59400,60000,84076,-0.04458598726114649
2025-01-31,60100,61300,59300,60100,16907,0.0016666666666667052
2025-02-03,59600,59700,56900,57300,40781,-0.04658901830282858
2025-02-04,58100,58100,57300,57500,26080,0.003490401396160525
2025-02-05,57200,59200,57200,58200,16053,0.012173913043478368
2025-02-06,59200,59300,58600,59200,18541,0.01718213058419238
2025-02-07,59300,60300,58900,60000,24537,0.013513513513513598
2025-02-10,59500,59900,58700,58900,15664,-0.018333333333333313
2025-02-11,58900,59100,57900,58600,18826,-0.005093378607809895
2025-02-12,58100,58600,57800,58100,18144,-0.008532423208191142
2025-02-13,58100,59100,58100,58900,20815,0.013769363166953541
2025-02-14,58900,59200,58500,58900,7671,0.0
2025-02-17,58900,60200,58700,60100,16870,0.02037351443123936
2025-02-18,60400,61100,59900,61000,15923,0.014975041597337757
2025-02-19,61200,62400,60400,60800,30770,-0.003278688524590123
2025-02-20,60500,61400,60500,61000,17553,0.00328947368421062
2025-02-21,61500,61500,60700,61400,11419,0.006557377049180246
2025-02-24,61000,61600,60700,61400,13128,0.0
2025-02-25,60800,62300,60600,62100,15098,0.01140065146579805
2025-02-26,61900,62400,61400,62000,10862,-0.0016103059581320522
2025-02-27,61500,61900,60400,60600,11329,-0.022580645161290325
2025-02-28,60200,60200,59000,59200,15916,-0.02310231023102305
2025-03-04,59200,59600,58300,58400,10752,-0.013513513513513487
2025-03-05,59600,60500,58700,59300,7722,0.015410958904109595
2025-03-06,60500,60800,59600,60800,11543,0.025295109612141653
2025-03-07,60600,60900,59600,59900,7205,-0.014802631578947345
2025-03-10,60000,60700,59500,60000,8583,0.0016694490818029983
2025-03-11,59800,60400,59000,59700,11832,-0.0050000000000000044
2025-03-12,59100,60100,59100,59800,6087,0.0016750418760469454
2025-03-13,60400,60800,59100,60200,26163,0.006688963210702337
2025-03-14,60700,61200,59700,60500,18349,0.004983388704318914
2025-03-17,61000,61700,60000,60300,9136,-0.0033057851239669533
2025-03-18,60500,60900,60300,60800,24783,0.008291873963515828
2025-03-19,60800,61800,60400,61800,14721,0.016447368421052655
2025-03-20,62100,63000,61800,62900,14904,0.017799352750809128
2025-03-21,63000,65700,62400,64800,56637,0.030206677265500748
2025-03-24,65200,65300,63700,64400,22939,-0.006172839506172867
2025-03-25,63700,65000,63300,64400,17697,0.0
2025-03-26,65400,65400,64300,64300,9501,-0.0015527950310558758
2025-03-27,64100,65000,63700,64800,11987,0.007776049766718529
2025-03-28,64800,65600,64100,65200,13276,0.006172839506172867
2025-03-31,65000,65000,62500,63500,23452,-0.0260736196319018
2025-04-01,63500,64400,61400,61500,30485,-0.03149606299212604
2025-04-02,61600,63600,61600,63300,12385,0.029268292682926855
2025-04-03,61400,62900,60000,61700,26721,-0.025276461295418606
2025-04-04,61300,61300,59700,60500,33045,-0.01944894651539708
2025-04-07,57700,60000,57500,59000,23858,-0.024793388429752095
2025-04-08,59300,61500,58800,60000,13106,0.016949152542372836
2025-04-09,59100,60500,58700,59500,18477,-0.008333333333333304
2025-04-10,60700,65000,59900,65000,35020,0.09243697478991586
2025-04-11,63300,64700,62600,64200,28180,-0.012307692307692353
2025-04-14,63000,64500,62900,63300,9832,-0.014018691588784993
2025-04-15,63000,64000,62500,63400,6569,0.0015797788309637184
2025-04-16,62800,64000,62600,62600,5592,-0.012618296529968487
2025-04-17,63700,63900,62500,63500,4526,0.01437699680511173
2025-04-18,62900,64600,62500,64000,9563,0.007874015748031482
2025-04-21,63900,65500,63900,65000,11489,0.015625
2025-04-22,65100,65300,64000,64000,7189,-0.01538461538461533
2025-04-23,64600,65000,64100,65000,7153,0.015625
2025-04-24,64400,65900,64100,65800,18625,0.012307692307692353
2025-04-25,65900,66900,65400,66000,10620,0.003039513677811634
2025-04-28,65600,66300,64600,65300,17013,-0.010606060606060619
2025-04-29,65300,66200,65300,65900,6114,0.009188361408882129
2025-04-30,65500,66300,64700,65600,13470,-0.004552352048558417
2025-05-02,65300,65700,64300,64400,6043,-0.018292682926829285
2025-05-07,64400,64800,63500,64000,9806,-0.006211180124223614
2025-05-08,64300,65000,64000,65000,6790,0.015625
2025-05-09,64600,65400,64000,65000,12703,0.0
2025-05-12,65000,66400,65000,66100,11669,0.01692307692307682
2025-05-13,66200,66600,65800,66100,11530,0.0
2025-05-14,66500,66600,65600,66100,12792,0.0
2025-05-15,65400,66400,65400,66200,7685,0.001512859304084735
2025-05-16,66000,66000,65000,65300,8374,-0.013595166163142047
2025-05-19,65300,65800,64200,65800,8449,0.007656967840734996
2025-05-20,66800,66800,64700,64700,7674,-0.016717325227963542
2025-05-21,64700,66100,64700,65700,7120,0.015455950540958163
2025-05-22,64900,66100,64900,65300,10605,-0.0060882800608828
2025-05-23,65600,65800,64400,64700,9864,-0.009188361408882129
2025-05-26,65800,66200,64600,65500,13774,0.012364760432766575
2025-05-27,64800,65500,64700,64900,4587,-0.009160305343511421
2025-05-28,64700,66000,64400,65400,10876,0.007704160246533087
2025-05-29,66100,66700,65600,66600,16134,0.0183486238532109
2025-05-30,66700,67000,65700,65800,7562,-0.012012012012011963
2025-06-02,65400,66200,64800,65400,7473,-0.006079027355623046
2025-06-04,65800,66600,65500,66200,16185,0.012232415902140747
2025-06-05,66100,66900,65800,66300,16261,0.0015105740181269312
2025-06-09,66500,68500,66300,67900,21287,0.02413273001508287
2025-06-10,68400,68700,67600,67600,14262,-0.004418262150220897
2025-06-11,67500,69400,67400,68700,17689,0.016272189349112454
2025-06-12,68700,69400,68000,68500,20595,-0.0029112081513827937
2025-06-13,67900,68600,65600,66100,26065,-0.03503649635036499
2025-06-16,67100,67200,65500,66300,13956,0.00302571860816947
2025-06-17,65900,66600,64900,65700,22665,-0.009049773755656076
2025-06-18,65100,66700,65100,65700,15993,0.0
2025-06-19,66000,68000,66000,66500,21983,0.0121765601217656
2025-06-20,66500,67700,66000,67700,13448,0.018045112781954975
2025-06-23,66700,67100,66100,66400,9770,-0.019202363367799125
2025-06-24,66900,68300,66900,67800,21197,0.02108433734939763
2025-06-25,67800,68300,67500,68100,16137,0.004424778761061843
2025-06-26,68100,68100,66400,67600,29036,-0.007342143906020504
2025-06-27,67400,67700,66300,67000,9564,-0.00887573964497046
2025-06-30,67100,67400,66200,66900,12386,-0.0014925373134327957
2025-07-01,66600,68000,66600,67400,13120,0.007473841554558991
2025-07-02,66900,68200,66800,68000,14237,0.008902077151335286
2025-07-03,68000,69100,67700,69100,15994,0.016176470588235237
2025-07-04,69000,69400,68200,68500,15238,-0.00868306801736618
2025-07-07,68400,69100,67700,68200,12546,-0.004379562043795637
2025-07-08,69700,72600,68500,72500,72643,0.06304985337243396
2025-07-09,72300,76900,72100,76300,86913,0.05241379310344829
2025-07-10,76000,77300,75000,75000,30965,-0.017038007863695914
2025-07-11,74900,76600,74900,75400,33476,0.005333333333333412
2025-07-14,76000,76400,74600,76400,19533,0.013262599469495928
2025-07-15,75800,76100,74300,75200,22178,-0.015706806282722474
2025-07-16,74600,75400,74300,74600,11529,-0.007978723404255317
2025-07-17,73800,74600,73600,74200,14454,-0.00536193029490617
2025-07-18,74200,74200,72000,72200,21255,-0.02695417789757415
2025-07-21,71900,72700,71500,71500,16113,-0.00969529085872578
2025-07-22,71600,71900,69600,69800,24435,-0.023776223776223793
2025-07-23,70800,70800,68800,69700,14159,-0.0014326647564469885
2025-07-24,70400,70600,68500,68800,15011,-0.012912482065997155
2025-07-25,68700,68900,67900,68000,18005,-0.011627906976744207
2025-07-28,68000,68100,65800,65900,18839,-0.030882352941176472
2025-07-29,65900,67000,65100,66200,16118,0.004552352048558417
2025-07-30,66200,66900,66100,66600,10750,0.0060422960725075026
2025-07-31,66300,66900,66000,66700,9603,0.0015015015015014122
2025-08-01,66700,66700,64300,64500,19400,-0.032983508245877036
2025-08-04,64700,65700,64100,65000,6972,0.007751937984496138
2025-08-05,65100,66000,64900,64900,8389,-0.0015384615384614886
2025-08-06,65500,65800,64400,65600,17926,0.01078582434514641
2025-08-07,65500,65900,65200,65600,5305,0.0
2025-08-08,65500,66000,64900,65000,9526,-0.009146341463414642
2025-08-11,65000,65300,64100,64500,10493,-0.007692307692307665
2025-08-12,64200,64800,64100,64500,8264,0.0
2025-08-13,64500,64900,63700,63800,15063,-0.010852713178294615
2025-08-14,63800,64400,63700,63900,9185,0.0015673981191222097
2025-08-18,63900,64200,62800,63000,12431,-0.014084507042253502
2025-08-19,63100,64100,63100,63600,10539,0.00952380952380949
2025-08-20,64000,64200,62200,63500,13104,-0.0015723270440252124
2025-08-21,63200,64300,63100,63400,10245,-0.0015748031496063408
2025-08-22,63900,64200,63300,63400,4167,0.0
2025-08-25,63900,64400,63200,64100,10502,0.011041009463722329
2025-08-26,64100,64300,63600,63600,5056,-0.007800312012480548
2025-08-27,63300,64200,63200,63600,6192,0.0
2025-08-28,63600,64200,63100,63700,11283,0.0015723270440251014
2025-08-29,63200,64200,63000,63100,4329,-0.009419152276295084
2025-09-01,63200,63200,61700,62000,11251,-0.017432646592709933
2025-09-02,62000,62300,61600,62100,7353,0.001612903225806539
2025-09-03,61700,62400,61700,62400,10015,0.004830917874396157
2025-09-04,62000,62700,61700,62000,10566,-0.0064102564102563875
2025-09-05,62500,62600,62100,62200,4165,0.003225806451612856
2025-09-08,62000,62500,61600,62300,17120,0.001607717041800738
2025-09-09,62600,62600,62000,62600,7934,0.0048154093097914075
2025-09-10,62800,63400,62400,62700,15725,0.0015974440894568342
2025-09-11,62700,63100,62400,63100,21718,0.006379585326953707
2025-09-12,63100,63100,62500,62900,11234,-0.0031695721077654726
2025-09-15,62300,62900,62300,62500,9851,-0.006359300476947549
2025-09-16,62400,62400,61500,61800,22656,-0.011199999999999988
2025-09-17,61700,61900,61100,61400,12315,-0.006472491909385147
2025-09-18,61900,62300,61300,61700,9516,0.004885993485342022
2025-09-19,61700,62200,61300,61400,14817,-0.004862236628849326
2025-09-22,61800,61800,60800,60900,16624,-0.008143322475570036
2025-09-23,60800,62100,60700,61600,24214,0.011494252873563315
2025-09-24,61800,61900,60600,60800,14058,-0.012987012987012991
2025-09-25,60500,61400,60100,60700,12093,-0.00164473684210531
2025-09-26,61100,61100,60100,60300,9049,-0.00658978583196046
2025-09-29,61200,61200,60500,60500,5303,0.0033167495854062867
2025-09-30,60500,60900,60200,60500,6299,0.0
2025-10-01,60100,61800,60000,61000,20822,0.008264462809917328
2025-10-02,61000,61900,60600,61900,13274,0.014754098360655776
2025-10-10,61000,61500,60100,60200,29482,-0.02746365105008075
2025-10-13,60200,60400,59400,60000,7335,-0.0033222591362126463
2025-10-14,60100,60100,59200,59200,18976,-0.013333333333333308
2025-10-15,59200,60300,59200,59500,61146,0.0050675675675675436
2025-10-16,59600,60500,59600,60200,10538,0.0117647058823529
2025-10-17,59300,60800,59300,59400,24897,-0.013289036544850474
2025-10-20,59500,60100,59100,59500,13164,0.0016835016835017313
2025-10-21,59700,60800,59700,60200,12729,0.0117647058823529
2025-10-22,60000,61100,59900,60900,6536,0.011627906976744207
2025-10-23,60500,61200,59700,60100,24554,-0.013136288998357948
2025-10-24,60100,60400,59800,60000,11794,-0.0016638935108153063
2025-10-27,59900,60800,59900,60100,9273,0.0016666666666667052
2025-10-28,60800,60800,59900,60500,13547,0.006655574043261225
2025-10-29,61000,61000,60000,60100,7005,-0.006611570247933907
2025-10-30,60000,60200,59500,59600,9730,-0.008319467554076532
2025-10-31,59800,60000,59400,59400,9378,-0.003355704697986628
2025-11-03,58600,59400,58000,58000,27435,-0.023569023569023573
2025-11-04,57700,58200,57500,57500,20742,-0.008620689655172376
2025-11-05,57700,58300,56900,57800,33588,0.00521739130434784
2025-11-06,57700,59400,57700,58700,15773,0.015570934256055269
2025-11-07,59400,59400,58000,58400,22322,-0.005110732538330498
2025-11-10,59400,60400,59000,60300,18767,0.03253424657534243
2025-11-11,59600,60800,59600,60800,12136,0.008291873963515828
2025-11-12,60900,61000,59900,61000,28136,0.00328947368421062
2025-11-13,60400,61200,60300,60900,16534,-0.0016393442622950616
2025-11-14,60100,60900,60000,60100,10983,-0.013136288998357948
2025-11-17,59800,60600,59300,59800,7638,-0.004991680532445919
2025-11-18,59200,59900,58500,58800,18238,-0.01672240802675584
2025-11-19,58800,59600,58100,58700,29252,-0.00170068027210879
2025-11-20,58500,59500,58500,58800,14126,0.0017035775127767216
2025-11-21,58800,59700,58500,59000,8081,0.00340136054421758
2025-11-24,59900,60000,59100,59300,7639,0.005084745762711895
2025-11-25,59800,59900,59100,59200,4176,-0.001686340640809414
2025-11-26,59200,60100,59100,59500,17463,0.0050675675675675436
2025-11-27,59300,60400,59200,60000,8353,0.008403361344537785
2025-11-28,60100,60600,59900,60400,11723,0.006666666666666599
2025-12-01,60200,61000,60100,60600,9855,0.0033112582781456013
