Date,Open,High,Low,Close,Volume,Change
2022-01-03,16146,16400,15994,16198,8774,0.0031584814516627535
2022-01-04,16349,16400,16019,16147,10385,-0.00314853685640204
2022-01-05,16273,16273,15715,15994,21227,-0.009475444354988594
2022-01-06,15918,16222,15562,15842,22985,-0.009503563836438689
2022-01-07,15842,16172,15740,15741,7297,-0.006375457644236859
2022-01-10,15740,15918,15156,15385,20277,-0.022616098087796188
2022-01-11,15385,15689,15283,15411,15675,0.0016899577510562924
2022-01-12,15385,16121,15385,15944,13786,0.034585685549282985
2022-01-13,15969,16527,15512,15944,33599,0.0
2022-01-14,15918,15918,15537,15715,10072,-0.0143627696939288
2022-01-17,15639,15892,15562,15842,15549,0.00808145084314349
2022-01-18,16096,16096,15664,15842,10863,0.0
2022-01-19,15994,15994,15334,15436,15866,-0.025628077262971893
2022-01-20,15308,15689,15308,15487,7584,0.0033039647577093323
2022-01-21,15562,16248,15486,15588,11029,0.006521598760250491
2022-01-24,15537,15816,14725,14877,12626,-0.04561200923787534
2022-01-25,14978,14978,13887,13913,28653,-0.06479801035154942
2022-01-26,13785,14115,13785,13887,8522,-0.001868755839862013
2022-01-27,13887,14064,12897,13049,21589,-0.06034420681212649
2022-01-28,13176,13557,12744,13557,12788,0.038930186221166396
2022-02-03,13607,14115,13557,13887,16447,0.024341668510732495
2022-02-04,13734,13734,12998,13583,48611,-0.021890977172895565
2022-02-07,13607,14953,13227,13253,46981,-0.02429507472576009
2022-02-08,13252,13607,12719,13608,26156,0.026786387987625337
2022-02-09,13633,13709,13328,13456,20007,-0.011169900058788929
2022-02-10,13607,13607,12922,12999,29866,-0.0339625445897741
2022-02-11,12973,12973,12465,12872,24244,-0.009769982306331304
2022-02-14,12719,12719,12186,12212,27946,-0.05127408328154137
2022-02-15,12389,12592,12160,12339,8992,0.010399606943989559
2022-02-16,12338,12592,12338,12567,14007,0.018477996596158563
2022-02-17,12440,12871,12211,12745,19206,0.01416408052836804
2022-02-18,12643,12770,12490,12770,7163,0.001961553550411832
2022-02-21,12262,13074,12262,12923,16665,0.011981205951448803
2022-02-22,12770,12922,12465,12719,11476,-0.015785808248858668
2022-02-23,12694,13252,12694,13049,15789,0.02594543596194665
2022-02-24,13100,13100,12313,12389,13130,-0.05057858839757834
2022-02-25,12643,12744,12440,12592,8654,0.01638550326902899
2022-02-28,12592,12643,12414,12643,4268,0.004050190597204573
2022-03-02,12516,12973,12516,12948,7630,0.024124021197500678
2022-03-03,12973,13150,12719,12821,11923,-0.009808464627741764
2022-03-04,12846,12973,12592,12745,9601,-0.005927774744559744
2022-03-07,12744,12897,12465,12592,11383,-0.012004707728521025
2022-03-08,12541,12592,11678,11831,42559,-0.06043519695044475
2022-03-10,11856,12135,11830,12059,12910,0.019271405629279093
2022-03-11,12084,12160,11830,12009,10083,-0.004146280786134882
2022-03-14,12008,12008,11551,11577,10200,-0.03597302023482385
2022-03-15,11576,11881,11399,11882,12435,0.02634533989807375
2022-03-16,12186,12186,11627,11780,14428,-0.008584413398417756
2022-03-17,12084,12160,11780,12059,17451,0.023684210526315752
2022-03-18,12186,12262,11932,12161,17026,0.008458412803715065
2022-03-21,12465,12668,12059,12212,34550,0.004193734067922117
2022-03-22,12287,12363,12084,12288,32350,0.006223386832623579
2022-03-23,12338,12592,12338,12491,54835,0.01652018229166674
2022-03-24,12440,13150,12186,12999,137852,0.04066928188295571
2022-03-25,13150,13455,12617,13202,98225,0.0156165858912225
2022-03-28,13227,13760,13049,13379,40809,0.013407059536433952
2022-03-29,13379,13709,13227,13303,34170,-0.00568054413633301
2022-03-30,13328,13684,13100,13430,39243,0.009546718785236497
2022-03-31,13404,17111,13303,14446,324080,0.07565152643335815
2022-04-01,14471,15689,13836,14116,228200,-0.022843693756056993
2022-04-04,14115,14445,13861,14116,52405,0.0
2022-04-05,14141,16324,14090,15309,332925,0.08451402663644081
2022-04-06,15055,15486,14851,14877,76404,-0.02821869488536155
2022-04-07,14851,15029,14115,14471,54656,-0.02729044834307992
2022-04-08,14471,14775,14293,14471,30063,0.0
2022-04-11,14471,15461,14344,14725,27515,0.017552346071453284
2022-04-12,14978,15029,14471,14649,32291,-0.005161290322580614
2022-04-13,14648,15004,14521,14674,18838,0.0017066011331832165
2022-04-14,14598,14877,14496,14750,15507,0.0051792285675344996
2022-04-15,14496,14648,14344,14547,18201,-0.013762711864406807
2022-04-18,14521,16654,14471,14979,520757,0.02969684471024947
2022-04-19,15182,15994,15055,15766,152139,0.05254022297883698
2022-04-20,15867,16324,15537,15944,139201,0.011290117975390146
2022-04-21,16019,16096,15562,15944,65092,0.0
2022-04-22,15994,16756,15765,16020,284270,0.0047666833918715845
2022-04-25,15740,16629,15385,15461,234886,-0.03489388264669169
2022-04-26,15639,16197,15334,16172,129295,0.04598667615290086
2022-04-27,16603,18025,15740,15766,593152,-0.025105119960425415
2022-04-28,15765,16299,15588,15817,76239,0.003234809082836465
2022-04-29,15816,16070,15410,15487,94239,-0.02086362774230255
2022-05-02,15258,15588,15258,15385,34158,-0.00658616904500553
2022-05-03,15740,15816,15283,15360,40037,-0.001624959376015589
2022-05-04,15283,15435,14039,14141,113591,-0.07936197916666665
2022-05-06,14014,14293,13557,13836,33543,-0.021568488791457452
2022-05-09,13836,14039,12795,12973,76325,-0.06237351835790694
2022-05-10,12719,12871,12389,12694,31580,-0.021506205195405803
2022-05-11,12871,12947,12567,12897,14038,0.01599180715298565
2022-05-12,12592,13354,12592,13049,33386,0.011785686593781541
2022-05-13,13049,13404,12871,13253,16687,0.01563338186834251
2022-05-16,13404,13633,13125,13405,21227,0.011469101335546572
2022-05-17,13227,13455,13074,13227,15149,-0.013278627377844132
2022-05-18,13227,13430,12846,12948,23355,-0.021093218416874615
2022-05-19,12211,12897,12033,12669,14339,-0.021547729379054692
2022-05-20,12668,12922,12465,12643,34926,-0.0020522535322440305
2022-05-23,12694,12897,12287,12592,11939,-0.004033852724827924
2022-05-24,12694,13633,12592,12618,64639,0.0020648030495553638
2022-05-25,12820,13074,12338,12592,10271,-0.0020605484228879423
2022-05-26,12465,12770,12389,12542,16262,-0.00397077509529864
2022-05-27,12541,12820,12440,12592,19740,0.0039866050071759584
2022-05-30,12617,12846,12363,12643,12303,0.004050190597204573
2022-05-31,12617,13176,12516,13075,21949,0.03416910543383689
2022-06-02,13201,13354,12795,13151,23968,0.005812619502868044
2022-06-03,13100,13328,12897,12897,11541,-0.019314120599194018
2022-06-07,12897,12897,12643,12745,5967,-0.011785686593781541
2022-06-08,12668,12770,12440,12669,14007,-0.0059631227932522846
2022-06-09,12617,12617,12084,12237,18442,-0.03409898176651671
2022-06-10,12059,12237,11957,12161,9709,-0.006210672550461704
2022-06-13,11805,12186,11627,11653,14237,-0.04177288051969408
2022-06-14,11221,11805,10789,11196,23306,-0.039217368917875195
2022-06-15,10891,11196,10155,10282,38983,-0.0816362986780993
2022-06-16,10637,12744,10561,11145,255770,0.08393308694806456
2022-06-17,10662,13100,10205,12186,641921,0.0934051144010768
2022-06-20,12211,12338,11018,11018,72836,-0.09584769407516824
2022-06-21,11018,12922,11018,12059,248592,0.09448175712470497
2022-06-22,11957,12313,11830,12009,55518,-0.004146280786134882
2022-06-23,12262,12262,10510,10765,109788,-0.10358897493546504
2022-06-24,10510,10993,10358,10765,70726,0.0
2022-06-27,10840,11043,10662,10841,46967,0.007059916395726784
2022-06-28,10866,10866,10485,10663,49431,-0.016419149524951604
2022-06-29,10662,10967,10409,10688,37171,0.002344555941104831
2022-06-30,10688,10713,10256,10384,35168,-0.02844311377245512
2022-07-01,10307,10459,9672,9749,60016,-0.061151771956856726
2022-07-04,9774,9926,9139,9495,51967,-0.02605395425171808
2022-07-05,9342,10891,9342,10384,208978,0.09362822538177995
2022-07-06,10383,10662,10053,10308,59676,-0.007318952234206422
2022-07-07,10256,10866,10155,10485,46028,0.017171129220023174
2022-07-08,10485,10510,10307,10333,15533,-0.014496900333810236
2022-07-11,10332,10383,10155,10333,23643,0.0
2022-07-12,10332,10332,9901,10054,20626,-0.02700087099583859
2022-07-13,9952,10180,9850,9977,12214,-0.007658643326039383
2022-07-14,10002,10155,9749,10130,9343,0.015335271123584349
2022-07-15,10332,10332,9774,9876,19147,-0.02507403751233961
2022-07-18,10129,10307,10002,10104,11501,0.023086269744835963
2022-07-19,10409,10409,10079,10155,8648,0.005047505938242214
2022-07-20,10383,10383,10104,10206,8719,0.005022156573116776
2022-07-21,10332,10332,10129,10231,5670,0.0024495394865764464
2022-07-22,10282,10459,10129,10231,20913,0.0
2022-07-25,10256,10332,10028,10257,12478,0.0025412960609911828
2022-07-26,10256,10256,10129,10231,6919,-0.0025348542458808465
2022-07-27,10205,10536,10129,10460,22046,0.022382953767960068
2022-07-28,10510,10510,10079,10079,30514,-0.036424474187380484
2022-07-29,10409,12059,10129,10384,314993,0.03026093858517709
2022-08-01,10358,12033,10358,11196,373012,0.0781972265023112
2022-08-02,11170,11272,10739,10841,54734,-0.031707752768845965
2022-08-03,10739,11805,10713,11171,129165,0.030439996310303474
2022-08-04,11221,11475,11069,11120,29098,-0.004565392534240487
2022-08-05,11221,11678,11094,11374,57789,0.022841726618705094
2022-08-08,11399,11399,11119,11298,17530,-0.0066819061016353265
2022-08-09,11373,13354,11373,12034,467876,0.06514427332271189
2022-08-10,11881,14115,11830,12567,831236,0.044291175004154804
2022-08-11,12617,13125,12389,12516,128336,-0.004058247791835723
2022-08-12,12516,12744,12186,12237,70421,-0.02229146692233941
2022-08-16,11805,12186,11678,11780,55759,-0.03734575467843426
2022-08-17,11780,11780,11424,11602,28340,-0.0151103565365025
2022-08-18,11399,12237,11399,11805,40358,0.01749698327874505
2022-08-19,11729,11932,11424,11628,18983,-0.01499364675984749
2022-08-22,11399,11576,11196,11425,25067,-0.01745786033711727
2022-08-23,11424,11551,10891,10993,29991,-0.03781181619256013
2022-08-24,11094,11170,10815,10866,14769,-0.011552806331301735
2022-08-25,10916,12110,10637,11222,89899,0.03276274618074737
2022-08-26,11272,11881,11272,11653,44125,0.03840670112279443
2022-08-29,11272,11323,11018,11120,13365,-0.04573929460224835
2022-08-30,11069,11703,11069,11678,16268,0.05017985611510789
2022-08-31,11678,11678,11297,11399,17366,-0.023891077239253322
2022-09-01,11399,11399,11145,11171,10036,-0.020001754539871963
2022-09-02,11373,11602,10891,10942,29656,-0.020499507653746307
2022-09-05,10942,11043,10053,10384,47229,-0.05099616157923592
2022-09-06,10282,10942,10282,10866,22262,0.04641756548536202
2022-09-07,10739,10942,10434,10536,11551,-0.03036996134732195
2022-09-08,10586,10891,10536,10638,8673,0.009681093394077411
2022-09-13,10764,10764,10536,10612,21918,-0.002444068433916202
2022-09-14,10205,10637,10180,10460,21707,-0.014323407463249116
2022-09-15,10459,10536,10282,10308,16514,-0.01453154875717022
2022-09-16,10332,10332,10129,10282,6733,-0.0025223127667830525
2022-09-19,10358,10409,10079,10181,9674,-0.009822991635868528
2022-09-20,9901,10789,9901,10181,17207,0.0
2022-09-21,9977,10358,9977,10155,2940,-0.0025537766427659037
2022-09-22,10002,10307,9850,10181,10399,0.002560315115706535
2022-09-23,10205,12186,10205,10485,202899,0.029859542284647933
2022-09-26,10383,10510,9672,9774,36056,-0.06781115879828326
2022-09-27,9749,9901,9545,9724,28342,-0.005115612850419504
2022-09-28,9647,9926,9571,9749,29283,0.002570958453311345
2022-09-29,10028,10079,9698,9774,15883,0.0025643655759564066
2022-09-30,9444,10028,9444,10003,11714,0.02342950685492129
2022-10-04,10028,10332,10028,10155,12256,0.015195441367589657
2022-10-05,10231,10358,9875,10054,17825,-0.009945839487936925
2022-10-06,10079,10256,10053,10130,20317,0.00755918042570114
2022-10-07,10129,10231,9774,10003,11852,-0.012537018756169749
2022-10-11,10002,10409,9749,9901,12366,-0.010196940917724717
2022-10-12,9799,9977,9799,9800,12681,-0.010200989799010185
2022-10-13,9799,9901,9571,9571,18580,-0.023367346938775513
2022-10-14,9901,10129,9749,9825,8341,0.026538501723957886
2022-10-17,9825,9926,9774,9876,6822,0.005190839694656502
2022-10-18,10104,10104,9799,9977,8772,0.010226812474686042
2022-10-19,10002,10053,9875,9901,4108,-0.00761752029668239
2022-10-20,9926,9952,9698,9952,5012,0.005150994849005164
2022-10-21,9952,10028,9647,9800,8837,-0.015273311897106123
2022-10-24,10053,10104,9875,10054,7025,0.025918367346938753
2022-10-25,10053,10129,9926,10028,30603,-0.002586035408792542
2022-10-26,10053,10155,9749,9749,19655,-0.027822098125249273
2022-10-27,9799,10028,9799,9927,5447,0.01825828290081044
2022-10-28,9825,10104,9825,9825,4750,-0.010275007555152649
2022-10-31,10053,10053,9825,9901,4906,0.007735368956742983
2022-11-01,9952,10053,9875,9876,6511,-0.002524997475002566
2022-11-02,9875,9952,9799,9927,6056,0.005164034021871267
2022-11-03,9926,10002,9774,9901,9465,-0.002619119572882078
2022-11-04,9799,9952,9799,9901,8788,0.0
2022-11-07,9825,9952,9799,9876,5111,-0.002524997475002566
2022-11-08,9875,9977,9825,9927,5595,0.005164034021871267
2022-11-09,9952,10053,9850,9952,24772,0.0025183842046943017
2022-11-10,9850,9952,9825,9952,6147,0.0
2022-11-11,9952,11323,9952,10536,140919,0.0586816720257235
2022-11-14,10536,10789,10256,10333,33240,-0.01926727410782081
2022-11-15,10383,10459,10205,10460,18645,0.012290719055453314
2022-11-16,10409,10485,10205,10409,15515,-0.0048757170172084585
2022-11-17,10409,10459,10155,10409,10178,0.0
2022-11-18,10307,10536,10282,10308,25784,-0.009703141512152902
2022-11-21,10307,10409,10205,10257,11574,-0.004947613504074466
2022-11-22,10205,10383,10205,10333,8014,0.007409573949497927
2022-11-23,10434,10434,10205,10308,14503,-0.002419432884931738
2022-11-24,10256,10434,10256,10358,13796,0.004850601474582827
2022-11-25,10358,10815,10231,10663,28659,0.029445838965051152
2022-11-28,10713,10815,10459,10561,12726,-0.00956578823970744
2022-11-29,10332,10561,10282,10358,10125,-0.019221664615093226
2022-11-30,10536,10536,10358,10384,5142,0.0025101370921027932
2022-12-01,10485,10485,10358,10358,6625,-0.00250385208012327
2022-12-02,10307,10459,10307,10308,4843,-0.004827186715582132
2022-12-05,10332,10459,10205,10206,7186,-0.009895227008149043
2022-12-06,10155,10231,9850,9927,14936,-0.02733686067019403
2022-12-07,9749,12897,9749,11856,1564787,0.19431852523420967
2022-12-08,11856,11856,10713,11171,341035,-0.057776653171390024
2022-12-09,11043,11221,10815,10866,143739,-0.027302837704771266
2022-12-12,10891,11170,10688,10866,141606,0.0
2022-12-13,10866,11018,10612,10790,89310,-0.006994294128474188
2022-12-14,10840,10993,10662,10993,57805,0.018813716404077807
2022-12-15,11069,11145,10891,10891,44751,-0.009278631856636022
2022-12-16,10764,10815,10586,10663,36204,-0.020934716738591486
2022-12-19,10764,11018,10637,10866,39324,0.019037794241770545
2022-12-20,10815,11069,10713,10841,60958,-0.002300754647524439
2022-12-21,10891,11018,10713,10968,36958,0.011714786458813853
2022-12-22,11069,11119,10789,10968,32681,0.0
2022-12-23,10815,11043,10662,10942,52113,-0.0023705324580598486
2022-12-26,10866,11272,10866,11069,72038,0.011606653262657751
2022-12-27,11094,11297,10916,11018,83128,-0.004607462282049002
2022-12-28,11145,11500,10840,11450,98446,0.03920856779814841
2022-12-29,12500,13350,10300,10300,239952,-0.10043668122270744
2023-01-02,10250,10550,9950,10000,41548,-0.029126213592232997
2023-01-03,10050,10100,9660,9880,32291,-0.01200000000000001
2023-01-04,9700,11700,9560,10150,232217,0.027327935222672073
2023-01-05,10150,10300,10000,10050,26599,-0.009852216748768461
2023-01-06,10050,10400,9910,10150,34996,0.00995024875621886
2023-01-09,10200,10950,10200,10800,39582,0.0640394088669951
2023-01-10,10800,11000,10650,10900,25621,0.0092592592592593
2023-01-11,11200,11200,10600,10750,23248,-0.013761467889908285
2023-01-12,10850,10950,10700,10800,12298,0.0046511627906977715
2023-01-13,10900,11450,10700,11400,44721,0.05555555555555558
2023-01-16,11550,11550,10550,10550,62895,-0.07456140350877194
2023-01-17,10550,10750,10300,10550,28997,0.0
2023-01-18,10450,10600,10200,10250,19637,-0.028436018957345932
2023-01-19,10300,10500,10150,10350,11105,0.009756097560975618
2023-01-20,10350,10450,10200,10200,14182,-0.01449275362318836
2023-01-25,10060,10140,9910,10090,36528,-0.010784313725490158
2023-01-26,10120,10260,10010,10210,18209,0.01189296333002976
2023-01-27,10000,10000,9200,9800,209303,-0.04015670910871694
2023-01-30,9800,9920,9560,9750,90837,-0.005102040816326481
2023-01-31,9750,9790,9610,9640,56863,-0.011282051282051286
2023-02-01,9700,10320,9700,10060,135493,0.043568464730290524
2023-02-02,10100,10660,9940,10560,93567,0.0497017892644136
2023-02-03,10680,10680,10380,10460,43637,-0.009469696969697017
2023-02-06,10500,10540,10180,10390,33538,-0.006692160611854736
2023-02-07,10390,10460,10150,10170,44051,-0.02117420596727626
2023-02-08,10170,10260,10080,10100,32468,-0.006882989183874089
2023-02-09,10050,10060,9880,9910,45387,-0.01881188118811883
2023-02-10,9950,9950,9550,9590,91194,-0.03229061553985868
2023-02-13,9700,9800,9440,9630,43304,0.004171011470281538
2023-02-14,9790,9790,9590,9620,33481,-0.0010384215991692258
2023-02-15,9770,9770,9380,9450,46902,-0.017671517671517645
2023-02-16,9460,9700,9460,9550,22700,0.010582010582010692
2023-02-17,9530,9820,9440,9670,41724,0.012565445026178068
2023-02-20,9670,9890,9620,9840,28574,0.0175801447776629
2023-02-21,9840,9920,9640,9880,26428,0.004065040650406582
2023-02-22,9800,9820,9700,9710,13607,-0.01720647773279349
2023-02-23,9800,9820,9660,9660,10453,-0.005149330587023715
2023-02-24,9600,9800,9420,9430,25850,-0.023809523809523836
2023-02-27,9400,9550,8990,9280,59198,-0.01590668080593849
2023-02-28,9110,9490,9110,9480,19788,0.02155172413793105
2023-03-02,9390,9500,9260,9260,25762,-0.02320675105485237
2023-03-03,9240,9380,9190,9210,25291,-0.005399568034557212
2023-03-06,9210,9410,9140,9410,20362,0.021715526601520097
2023-03-07,9450,9450,9270,9290,7648,-0.012752391073326264
2023-03-08,9290,9460,9120,9430,32518,0.01506996770721214
2023-03-09,9350,9500,9160,9160,21743,-0.028632025450689325
2023-03-10,9060,9150,8920,8920,26721,-0.026200873362445365
2023-03-13,8920,9020,8540,8540,29936,-0.04260089686098656
2023-03-14,8400,8540,8000,8010,45190,-0.06206088992974235
2023-03-15,8020,8260,8020,8050,19883,0.004993757802746579
2023-03-16,8140,8140,7730,7830,29153,-0.027329192546583836
2023-03-17,7810,9200,7810,8430,155450,0.07662835249042144
2023-03-20,8350,9500,8350,8970,289363,0.06405693950177938
2023-03-21,8970,9850,8740,9050,135058,0.008918617614269708
2023-03-22,9080,9240,8940,9010,29640,-0.0044198895027623974
2023-03-23,9090,9400,8910,9260,35613,0.027746947835738167
2023-03-24,9260,9500,9060,9060,30791,-0.021598272138228958
2023-03-27,9200,9200,8650,8950,31897,-0.012141280353200834
2023-03-28,8940,9120,8660,8690,46360,-0.029050279329608908
2023-03-29,8670,8730,8430,8480,52908,-0.024165707710011475
2023-03-30,8610,8930,8460,8720,38514,0.028301886792452935
2023-03-31,8680,8780,8480,8670,29978,-0.005733944954128489
2023-04-03,8670,8790,8170,8200,73044,-0.05420991926182239
2023-04-04,8200,8290,8100,8250,69613,0.0060975609756097615
2023-04-05,8250,8370,8140,8160,52789,-0.010909090909090868
2023-04-06,8180,8180,7950,8030,28849,-0.015931372549019662
2023-04-07,8090,8090,7940,7990,25222,-0.00498132004981322
2023-04-10,7990,8080,7830,7830,29510,-0.020025031289111372
2023-04-11,7790,8070,7770,7950,21385,0.015325670498084198
2023-04-12,8050,8130,7880,8020,22700,0.008805031446540879
2023-04-13,8010,8140,7950,7990,12582,-0.0037406483790524137
2023-04-14,8040,8190,7990,8170,21110,0.02252816020025028
2023-04-17,8180,8180,8020,8020,12470,-0.01835985312117505
2023-04-18,8020,8220,7970,7990,22769,-0.0037406483790524137
2023-04-19,7990,8150,7990,8110,15362,0.015018773466833446
2023-04-20,8110,8230,7910,7930,17241,-0.022194821208384674
2023-04-21,8030,8180,7830,7860,26993,-0.008827238335435084
2023-04-24,7860,7930,7770,7770,17844,-0.011450381679389277
2023-04-25,7800,7810,7560,7570,29938,-0.025740025740025763
2023-04-26,7570,7750,7440,7600,16685,0.003963011889035695
2023-04-27,7570,7740,7450,7520,30060,-0.010526315789473717
2023-04-28,7630,7760,7520,7550,17525,0.003989361702127603
2023-05-02,7650,7650,7480,7480,12703,-0.009271523178807972
2023-05-03,7460,7690,7440,7460,13186,-0.002673796791443861
2023-05-04,7400,7560,7400,7500,12568,0.00536193029490617
2023-05-08,7500,7650,7500,7580,13301,0.010666666666666602
2023-05-09,7580,7930,7560,7650,32110,0.00923482849604218
2023-05-10,7580,7840,7580,7760,19398,0.01437908496732021
2023-05-11,7880,8030,7760,7930,32002,0.021907216494845283
2023-05-12,7990,8250,7900,8170,43611,0.030264817150063017
2023-05-15,8100,8250,7900,8040,25480,-0.01591187270501837
2023-05-16,7910,8180,7910,8090,39198,0.006218905472636926
2023-05-17,8030,8240,8030,8150,14895,0.007416563658838138
2023-05-18,8150,8230,8120,8190,10792,0.004907975460122671
2023-05-19,8100,8180,8070,8070,14741,-0.0146520146520146
2023-05-22,8070,9640,8070,8490,911569,0.052044609665427455
2023-05-23,8430,8640,8350,8550,82227,0.007067137809187329
2023-05-24,8530,8680,8390,8420,70796,-0.01520467836257311
2023-05-25,8420,8460,8100,8100,53511,-0.038004750593824244
2023-05-26,8070,8190,7920,7920,29144,-0.022222222222222254
2023-05-30,7980,7980,7860,7860,14960,-0.007575757575757569
2023-05-31,7820,9770,7820,8480,1487608,0.07888040712468203
2023-06-01,8480,8570,8280,8280,81813,-0.02358490566037741
2023-06-02,8300,8400,8250,8320,42174,0.004830917874396157
2023-06-05,8330,8510,8290,8410,38514,0.01081730769230771
2023-06-07,8420,9820,8420,9100,1634190,0.08204518430439944
2023-06-08,9150,9260,8870,8950,123656,-0.016483516483516536
2023-06-09,9000,9200,8730,9190,97388,0.02681564245810053
2023-06-12,9310,9460,9060,9160,91624,-0.0032644178454842576
2023-06-13,9180,9330,9070,9170,71257,0.0010917030567685337
2023-06-14,9220,9800,9020,9360,233928,0.02071973827699014
2023-06-15,9300,9320,9110,9220,52818,-0.014957264957264904
2023-06-16,9220,9400,9100,9160,45138,-0.006507592190889366
2023-06-19,9280,9290,9080,9150,52018,-0.0010917030567685337
2023-06-20,9120,9250,9040,9050,25883,-0.010928961748633892
2023-06-21,9150,9150,8820,8890,38790,-0.0176795580110497
2023-06-22,8770,9090,8770,8810,41269,-0.008998875140607376
2023-06-23,8900,8940,8580,8820,33979,0.0011350737797957144
2023-06-26,8710,9090,8620,9000,25720,0.020408163265306145
2023-06-27,8900,11580,8900,10400,4801663,0.15555555555555545
2023-06-28,10650,11230,9980,10280,2011510,-0.011538461538461497
2023-06-29,10280,10550,9850,10100,340471,-0.017509727626459193
2023-06-30,10010,10190,9790,10050,202505,-0.004950495049504955
2023-07-03,9950,10050,9730,9860,147725,-0.018905472636815968
2023-07-04,9970,10160,9850,10070,182671,0.02129817444219073
2023-07-05,9970,10050,9690,9700,118572,-0.036742800397219444
2023-07-06,9800,10360,9500,9720,541320,0.0020618556701030855
2023-07-07,9720,9800,9420,9420,92291,-0.030864197530864224
2023-07-10,9420,9570,9100,9300,81653,-0.01273885350318471
2023-07-11,9300,10280,9150,10280,689993,0.10537634408602159
2023-07-12,10030,10390,9010,9240,558443,-0.10116731517509725
2023-07-13,9290,10140,9140,9320,371127,0.008658008658008587
2023-07-14,9310,9320,8930,9040,114304,-0.030042918454935674
2023-07-17,8930,8990,8690,8940,62339,-0.011061946902654829
2023-07-18,8860,9720,8860,9270,247004,0.03691275167785224
2023-07-19,9100,9330,9080,9120,56622,-0.016181229773462813
2023-07-20,9140,9170,8820,9050,48787,-0.007675438596491224
2023-07-21,9320,9320,8970,9070,33430,0.0022099447513812542
2023-07-24,9100,9200,8910,8950,48066,-0.013230429988974612
2023-07-25,8950,9020,8180,8270,106533,-0.07597765363128495
2023-07-26,8270,8320,7580,7730,83051,-0.06529625151148732
2023-07-27,7520,8330,7520,8000,56721,0.03492884864165591
2023-07-28,8160,8400,8100,8300,28413,0.03750000000000009
2023-07-31,8300,8510,8200,8490,17076,0.02289156626506017
2023-08-01,8410,8530,8200,8300,27859,-0.0223792697290931
2023-08-02,8300,8450,8030,8050,20147,-0.030120481927710885
2023-08-03,7940,8140,7840,8080,17964,0.003726708074534235
2023-08-04,8130,8290,8060,8130,13838,0.006188118811881083
2023-08-07,8130,8380,7970,8320,30824,0.02337023370233693
2023-08-08,8320,8350,8010,8110,32609,-0.02524038461538458
2023-08-09,8010,8200,7980,8040,13103,-0.008631319358816225
2023-08-10,8130,8210,7880,8120,22498,0.00995024875621886
2023-08-11,8120,8430,8060,8300,30092,0.022167487684729092
2023-08-14,8300,8390,8120,8120,15312,-0.02168674698795181
2023-08-16,8070,8290,8000,8290,24207,0.020935960591133007
2023-08-17,8290,8340,7790,8210,28597,-0.00965018094089265
2023-08-18,8020,8300,8000,8100,18310,-0.013398294762484775
2023-08-21,8150,8590,8150,8560,41958,0.05679012345679002
2023-08-22,8610,9370,8590,8680,321554,0.014018691588784993
2023-08-23,8730,8890,8450,8650,68649,-0.003456221198156695
2023-08-24,8600,8810,8300,8550,69247,-0.011560693641618491
2023-08-25,9190,11100,8700,10800,4623309,0.26315789473684204
2023-08-28,11100,13230,10790,10980,5193899,0.016666666666666607
2023-08-29,10780,11150,10110,10200,576294,-0.07103825136612019
2023-08-30,10010,10200,9820,9830,296161,-0.03627450980392155
2023-08-31,9660,9910,9500,9500,197030,-0.033570701932858604
2023-09-01,9600,9740,8940,8950,215961,-0.05789473684210522
2023-09-04,8940,9070,8700,8710,119951,-0.02681564245810053
2023-09-05,8620,8800,8620,8760,66909,0.00574052812858783
2023-09-06,8710,9280,8510,8770,148136,0.0011415525114155667
2023-09-07,8790,9120,8590,8610,102674,-0.018244013683010207
2023-09-08,8700,9040,8530,8800,102040,0.022067363530778206
2023-09-11,8790,8790,8320,8360,97938,-0.050000000000000044
2023-09-12,8480,8580,8230,8230,73766,-0.015550239234449759
2023-09-13,8180,8400,8180,8320,44461,0.010935601458080146
2023-09-14,8290,8340,8190,8200,25249,-0.014423076923076872
2023-09-15,8150,8410,8150,8250,35336,0.0060975609756097615
2023-09-18,8200,8940,8160,8570,151561,0.038787878787878816
2023-09-19,8570,8570,8380,8440,43685,-0.01516919486581092
2023-09-20,8520,8580,8390,8390,27488,-0.005924170616113722
2023-09-21,8370,8370,8050,8050,49101,-0.040524433849821184
2023-09-22,7950,8200,7930,8000,27016,-0.006211180124223614
2023-09-25,7920,8290,7920,7930,35366,-0.008750000000000036
2023-09-26,7960,8240,7950,7950,39840,0.0025220680958386588
2023-09-27,7890,8140,7890,8120,37806,0.021383647798742134
2023-10-04,8000,8230,7910,7920,39714,-0.024630541871921152
2023-10-05,7810,8190,7700,7700,43529,-0.02777777777777779
2023-10-06,7690,8070,7690,7850,26231,0.01948051948051943
2023-10-10,7820,8200,7800,7920,36457,0.008917197452229297
2023-10-11,7930,8190,7930,8090,19234,0.02146464646464641
2023-10-12,8150,8270,8060,8110,21771,0.0024721878862794533
2023-10-13,8130,8390,8080,8290,40314,0.022194821208384674
2023-10-16,8390,8470,8190,8220,31436,-0.008443908323281013
2023-10-17,8230,8450,8230,8430,18199,0.025547445255474477
2023-10-18,8450,8520,8340,8370,29492,-0.007117437722419906
2023-10-19,8220,8430,8120,8120,27315,-0.029868578255675016
2023-10-20,8140,8210,8000,8110,21044,-0.0012315270935960854
2023-10-23,8390,8400,8170,8170,20239,0.007398273736128225
2023-10-24,8210,8370,7930,8320,22688,0.01835985312117505
2023-10-25,8240,8540,8240,8380,33882,0.007211538461538547
2023-10-26,8500,9990,8410,9200,2601219,0.09785202863961806
2023-10-27,9030,9070,8500,8520,230869,-0.07391304347826089
2023-10-30,8590,8590,7940,7950,169302,-0.06690140845070425
2023-10-31,7950,8240,7820,7820,92095,-0.01635220125786163
2023-11-01,7870,8380,7870,8200,71215,0.04859335038363177
2023-11-02,8160,8410,8160,8210,42266,0.0012195121951219523
2023-11-03,8200,8360,8150,8350,32347,0.01705237515225333
2023-11-06,8350,8480,8260,8310,39325,-0.004790419161676662
2023-11-07,8330,8330,8120,8290,38928,-0.002406738868832692
2023-11-08,8290,8350,8130,8160,31595,-0.0156815440289505
2023-11-09,8160,8280,8120,8130,19979,-0.003676470588235281
2023-11-10,8130,8200,7900,8070,30062,-0.0073800738007380184
2023-11-13,8010,8150,7910,7950,25807,-0.014869888475836479
2023-11-14,7980,8110,7960,8080,12729,0.01635220125786163
2023-11-15,8200,8250,8090,8150,19816,0.00866336633663356
2023-11-16,8160,8200,8000,8030,28669,-0.014723926380368124
2023-11-17,8050,8100,7940,8030,20469,0.0
2023-11-20,8030,8200,7950,8150,13684,0.014943960149439661
2023-11-21,8150,8300,8100,8150,23040,0.0
2023-11-22,8190,8270,8110,8200,27701,0.006134969325153339
2023-11-23,8220,8300,8150,8160,25716,-0.004878048780487809
2023-11-24,8200,8400,8090,8250,36451,0.011029411764705843
2023-11-27,8250,8400,8240,8300,21892,0.0060606060606061
2023-11-28,8240,8390,8100,8120,28070,-0.02168674698795181
2023-11-29,8030,8290,8030,8130,22027,0.0012315270935960854
2023-11-30,8130,8200,8130,8130,7078,0.0
2023-12-01,8120,8190,8120,8120,9065,-0.0012300123001229846
2023-12-04,8050,8190,8050,8080,11973,-0.0049261083743842304
2023-12-05,8080,8180,8070,8160,12468,0.00990099009900991
2023-12-06,8100,8240,7970,8160,20926,0.0
2023-12-07,8180,8180,7950,7970,24704,-0.023284313725490224
2023-12-08,7910,8100,7910,8050,22160,0.010037641154328814
2023-12-11,8050,8280,8030,8240,22933,0.023602484472049712
2023-12-12,8240,8980,8140,8240,276383,0.0
2023-12-13,8250,8540,8250,8430,65475,0.02305825242718451
2023-12-14,8460,8550,8230,8270,35499,-0.018979833926453193
2023-12-15,8290,8470,8270,8310,14282,0.0048367593712213
2023-12-18,8300,8470,8290,8310,14066,0.0
2023-12-19,8350,8500,8290,8330,23816,0.002406738868832692
2023-12-20,8380,8500,8210,8270,155922,-0.007202881152461038
2023-12-21,8300,8330,8000,8180,56388,-0.010882708585247869
2023-12-22,8220,8220,7970,7970,36135,-0.025672371638141844
2023-12-26,8080,8090,7980,7980,13929,0.0012547051442910462
2023-12-27,8010,8060,7860,7960,25947,-0.0025062656641604564
2023-12-28,8010,8040,7860,7900,46622,-0.007537688442211032
2024-01-02,7900,7980,7820,7940,28493,0.005063291139240533
2024-01-03,7940,7940,7830,7850,19288,-0.01133501259445846
2024-01-04,7920,7920,7770,7800,28581,-0.006369426751592355
2024-01-05,7800,7880,7770,7800,16622,0.0
2024-01-08,7800,7890,7690,7840,22139,0.00512820512820511
2024-01-09,7900,7900,7800,7860,13879,0.0025510204081633514
2024-01-10,7860,7860,7750,7790,16669,-0.008905852417302795
2024-01-11,7880,7890,7780,7870,24814,0.010269576379974277
2024-01-12,7870,7940,7800,7870,15752,0.0
2024-01-15,7870,7970,7760,7800,17377,-0.008894536213468918
2024-01-16,7800,7870,7720,7720,16322,-0.01025641025641022
2024-01-17,7720,7720,7470,7560,27861,-0.020725388601036232
2024-01-18,7560,7860,7560,7810,19479,0.033068783068783025
2024-01-19,7870,7950,7810,7920,19963,0.014084507042253502
2024-01-22,7990,7990,7810,7960,12741,0.005050505050504972
2024-01-23,7970,8000,7860,7960,10436,0.0
2024-01-24,8010,8110,7900,8040,20199,0.01005025125628145
2024-01-25,8040,8080,7900,8040,14707,0.0
2024-01-26,7960,8300,7950,8050,31463,0.0012437810945273853
2024-01-29,8000,8130,7930,7930,13229,-0.014906832298136607
2024-01-30,7930,8040,7900,7930,6708,0.0
2024-01-31,7980,7980,7820,7840,8358,-0.011349306431273631
2024-02-01,7840,8000,7710,8000,9788,0.020408163265306145
2024-02-02,7950,8040,7880,8020,6410,0.0024999999999999467
2024-02-05,8050,8050,7950,7960,7185,-0.007481296758104716
2024-02-06,8000,8000,7860,7960,5902,0.0
2024-02-07,7960,8000,7870,7970,5056,0.0012562814070351536
2024-02-08,7900,7980,7850,7900,7375,-0.008782936010037656
2024-02-13,7900,8020,7720,7790,15482,-0.013924050632911356
2024-02-14,7790,7940,7750,7800,15077,0.0012836970474967568
2024-02-15,7780,7890,7760,7840,14718,0.00512820512820511
2024-02-16,7920,7920,7780,7870,10977,0.003826530612244916
2024-02-19,7870,7920,7810,7880,13178,0.0012706480304955914
2024-02-20,7880,7900,7810,7840,7652,-0.005076142131979711
2024-02-21,7840,7940,7810,7900,12411,0.007653061224489832
2024-02-22,7900,7910,7820,7830,16899,-0.008860759493670933
2024-02-23,7820,7860,7780,7860,10262,0.003831417624521105
2024-02-26,7750,7860,7750,7760,10913,-0.012722646310432517
2024-02-27,7700,7830,7700,7730,163467,-0.0038659793814432852
2024-02-28,7740,7790,7670,7700,39788,-0.0038809831824062613
2024-02-29,7700,7770,7590,7600,20465,-0.012987012987012991
2024-03-04,7700,7700,7430,7460,30687,-0.018421052631578894
2024-03-05,7460,8050,7340,7340,40380,-0.01608579088471851
2024-03-06,7390,7490,7220,7350,19861,0.0013623978201635634
2024-03-07,7350,7530,7300,7400,20432,0.006802721088435382
2024-03-08,7340,7490,7290,7290,22239,-0.014864864864864824
2024-03-11,7210,7430,7120,7120,199939,-0.023319615912208547
2024-03-12,7070,7200,7010,7020,22638,-0.014044943820224698
2024-03-13,7160,7240,7020,7080,10321,0.008547008547008517
2024-03-14,7150,7150,6900,6900,27857,-0.025423728813559365
2024-03-15,6900,6980,6850,6950,14703,0.007246376811594235
2024-03-18,6950,6960,6720,6720,32400,-0.03309352517985609
2024-03-19,6700,6790,6520,6610,29073,-0.016369047619047672
2024-03-20,6610,6650,6580,6650,9778,0.00605143721633894
2024-03-21,6630,6690,6590,6640,11384,-0.0015037593984962294
2024-03-22,6640,6790,6600,6750,25529,0.016566265060240948
2024-03-25,6750,6800,6660,6660,17323,-0.013333333333333308
2024-03-26,6710,6800,6610,6650,27492,-0.0015015015015015232
2024-03-27,6740,6740,6570,6600,6897,-0.007518796992481258
2024-03-28,6580,6640,6580,6630,4923,0.00454545454545463
2024-03-29,6630,6630,6440,6440,25878,-0.02865761689291102
2024-04-01,6570,6590,6300,6370,20792,-0.010869565217391353
2024-04-02,6370,6480,6120,6150,35733,-0.03453689167974883
2024-04-03,6090,6130,5990,6050,18546,-0.016260162601625994
2024-04-04,6010,6250,6010,6180,16139,0.02148760330578514
2024-04-05,6030,7420,5940,5940,617374,-0.03883495145631066
2024-04-08,6030,6050,5750,5880,23893,-0.010101010101010055
2024-04-09,5880,5950,5720,5810,17446,-0.011904761904761862
2024-04-11,5810,6000,5730,5820,7705,0.001721170395869276
2024-04-12,5760,5900,5600,5800,11870,-0.0034364261168384758
2024-04-15,5800,5800,5590,5610,15695,-0.03275862068965518
2024-04-16,5540,5750,5410,5430,12149,-0.03208556149732622
2024-04-17,5330,6590,5290,5340,837819,-0.016574585635359074
2024-04-18,5330,5610,5110,5530,521961,0.035580524344569264
2024-04-19,5590,5590,5290,5440,27882,-0.016274864376130238
2024-04-22,5390,5590,5320,5420,33382,-0.003676470588235281
2024-04-23,5500,5500,5300,5410,17736,-0.0018450184501844769
2024-04-24,5410,5600,5390,5540,18503,0.02402957486136792
2024-04-25,5600,5650,5520,5520,17196,-0.0036101083032491488
2024-04-26,5650,5650,5450,5520,8982,0.0
2024-04-29,5530,5630,5520,5610,6409,0.016304347826086918
2024-04-30,5640,5680,5570,5620,11550,0.0017825311942958333
2024-05-02,5700,5700,5500,5580,24137,-0.007117437722419906
2024-05-03,5620,5670,5500,5600,14374,0.0035842293906809264
2024-05-07,5610,5630,5560,5620,8814,0.0035714285714285587
2024-05-08,5670,5670,5550,5550,12981,-0.01245551601423489
2024-05-09,5590,5590,5370,5420,17341,-0.023423423423423406
2024-05-10,5420,5460,5360,5420,11858,0.0
2024-05-13,5420,5850,5390,5480,26622,0.011070110701107083
2024-05-14,5410,5540,5410,5450,5916,-0.005474452554744547
2024-05-16,5460,5610,5460,5560,10883,0.020183486238532167
2024-05-17,5550,5620,5310,5340,473434,-0.03956834532374098
2024-05-20,5400,5480,4655,4755,156734,-0.1095505617977528
2024-05-21,4745,4830,4170,4185,267757,-0.11987381703470035
2024-05-22,4250,4250,3970,3980,173654,-0.04898446833930703
2024-05-23,3970,4045,3855,3895,71230,-0.021356783919597944
2024-05-24,3895,4000,3625,3650,123493,-0.06290115532734275
2024-05-27,3615,3665,3130,3240,486789,-0.11232876712328765
2024-05-28,3240,3240,2905,2975,617923,-0.08179012345679015
2024-05-29,2905,2975,2530,2695,1159700,-0.09411764705882353
2024-05-30,2675,2790,2545,2560,690832,-0.05009276437847865
2024-05-31,2560,2670,2495,2530,505399,-0.01171875
2024-06-03,2540,2630,2500,2565,398265,0.01383399209486158
2024-06-04,2560,2610,2460,2490,314918,-0.0292397660818714
2024-06-05,2490,2590,2450,2565,156739,0.030120481927710774
2024-06-07,2580,2630,2545,2620,131085,0.021442495126705596
2024-06-10,2650,2795,2550,2635,469950,0.005725190839694694
2024-06-11,2635,2680,2565,2625,77550,-0.003795066413662229
2024-06-12,2600,2670,2550,2620,144187,-0.0019047619047618536
2024-06-13,2620,2975,2535,2535,1136257,-0.03244274809160308
2024-06-14,2525,2590,2490,2565,160590,0.01183431952662728
2024-06-17,2590,2595,2510,2555,85184,-0.003898635477582846
2024-06-18,2570,2575,2490,2490,105105,-0.025440313111546042
2024-06-19,2490,2540,2400,2410,87091,-0.032128514056224855
2024-06-20,2375,2485,2370,2485,44073,0.03112033195020736
2024-06-21,2485,2485,2395,2455,61741,-0.012072434607645843
2024-06-24,2450,2455,2325,2325,60357,-0.05295315682281054
2024-06-25,2305,2395,2295,2395,39185,0.03010752688172036
2024-06-26,2400,2835,2400,2445,1694549,0.02087682672233826
2024-06-27,2445,2465,2295,2315,192129,-0.053169734151329195
2024-06-28,2315,2460,2280,2450,112272,0.05831533477321815
2024-07-01,2470,2575,2410,2530,165623,0.03265306122448974
2024-07-02,2530,2635,2480,2600,122797,0.027667984189723382
2024-07-03,2610,3090,2600,2845,1416164,0.09423076923076934
2024-07-04,2920,3400,2845,3265,2452603,0.14762741652021094
2024-07-05,3340,3375,3015,3340,609357,0.02297090352220521
2024-07-08,3340,3445,3070,3070,674494,-0.08083832335329344
2024-07-09,2880,3040,2810,2815,381448,-0.08306188925081437
2024-07-10,2805,2905,2600,2700,331087,-0.04085257548845467
2024-07-11,2710,2735,2650,2715,124935,0.005555555555555536
2024-07-12,2715,3085,2710,3025,812761,0.11418047882136273
2024-07-15,2960,3450,2925,3280,842210,0.08429752066115692
2024-07-16,3280,3280,3045,3150,287157,-0.03963414634146345
2024-07-17,3160,3830,3160,3755,1873885,0.19206349206349205
2024-07-18,3610,3810,3340,3680,501884,-0.01997336884154466
2024-07-19,3650,3755,3420,3485,217236,-0.052989130434782594
2024-07-22,3450,3520,3330,3400,200251,-0.024390243902439046
2024-07-23,3400,3400,3025,3235,295188,-0.04852941176470593
2024-07-24,3200,3400,3180,3345,108715,0.03400309119010814
2024-07-25,3340,3340,3150,3210,104235,-0.04035874439461884
2024-07-26,3210,3380,3150,3315,77682,0.032710280373831724
2024-07-29,3280,3440,3200,3240,82657,-0.022624434389140302
2024-07-30,3155,4210,2490,4005,11385701,0.23611111111111116
2024-07-31,4205,4740,3925,3970,3983100,-0.008739076154806513
2024-08-01,3890,4315,3820,4030,1603293,0.015113350125944613
2024-08-02,4055,4075,3660,3715,428912,-0.07816377171215882
2024-08-05,3515,3900,3360,3820,626719,0.02826379542395685
2024-08-06,3700,4025,3645,3950,546696,0.03403141361256545
2024-08-07,3920,4060,3760,3795,343179,-0.03924050632911391
2024-08-08,3720,3750,3480,3620,330123,-0.04611330698287219
2024-08-09,3585,3775,3570,3605,185249,-0.004143646408839796
2024-08-12,3700,3955,3610,3695,276408,0.02496532593619971
2024-08-13,3695,3730,3205,3255,364717,-0.11907983761840324
2024-08-14,3275,3450,3210,3390,113648,0.041474654377880116
2024-08-16,3410,3495,3325,3425,109945,0.010324483775811188
2024-08-19,3425,4150,3400,4110,1280183,0.19999999999999996
2024-08-20,4085,4250,3850,4065,456215,-0.010948905109489093
2024-08-21,4030,4220,3955,4100,181592,0.008610086100861114
2024-08-22,4080,4145,3910,4145,146380,0.01097560975609757
2024-08-23,4030,4490,3940,4295,392197,0.036188178528347326
2024-08-26,4150,4355,4015,4250,239769,-0.010477299185098987
2024-08-27,4130,4285,4065,4145,101992,-0.024705882352941133
2024-08-28,4145,4335,4125,4130,133662,-0.003618817852834688
2024-08-29,4190,4270,4095,4190,90180,0.014527845036319542
