Date,Open,High,Low,Close,Volume,Change
2022-01-03,2845,2930,2845,2915,67942,0.02280701754385972
2022-01-04,2915,2960,2900,2960,33476,0.015437392795883298
2022-01-05,2960,2970,2880,2885,67667,-0.02533783783783783
2022-01-06,2840,2915,2815,2890,61948,0.0017331022530329143
2022-01-07,2870,3010,2825,2995,97267,0.03633217993079585
2022-01-10,3000,3055,2985,3025,100804,0.01001669449081799
2022-01-11,3025,3025,2945,3005,90532,-0.006611570247933907
2022-01-12,2995,3100,2965,3090,98884,0.028286189683860208
2022-01-13,3120,3150,3075,3120,76649,0.009708737864077666
2022-01-14,3115,3115,2980,3045,84773,-0.024038461538461564
2022-01-17,3030,3030,2830,2865,120305,-0.059113300492610876
2022-01-18,2865,2930,2860,2900,74377,0.01221640488656206
2022-01-19,2895,2895,2765,2770,70504,-0.04482758620689653
2022-01-20,2770,2900,2740,2900,97796,0.04693140794223827
2022-01-21,2915,2945,2870,2870,64455,-0.010344827586206917
2022-01-24,2830,2860,2720,2750,60903,-0.04181184668989546
2022-01-25,2745,2805,2665,2705,161568,-0.016363636363636358
2022-01-26,2695,2865,2625,2760,77635,0.020332717190388205
2022-01-27,2790,2935,2705,2755,101487,-0.0018115942028985588
2022-01-28,2725,2830,2685,2755,75633,0.0
2022-02-03,2895,3145,2775,2905,149821,0.05444646098003636
2022-02-04,2935,2990,2910,2975,65312,0.024096385542168752
2022-02-07,2995,3045,2935,2955,60253,-0.006722689075630228
2022-02-08,2955,3000,2835,2870,49642,-0.02876480541455162
2022-02-09,2875,3035,2875,3010,90075,0.04878048780487809
2022-02-10,3250,3250,2980,3015,303163,0.0016611295681063787
2022-02-11,3010,3010,2725,2890,148724,-0.041459369817578806
2022-02-14,2860,2865,2760,2765,69673,-0.04325259515570934
2022-02-15,2725,2960,2725,2815,93463,0.018083182640144635
2022-02-16,2865,2965,2850,2960,177090,0.051509769094138624
2022-02-17,3265,3370,2955,2955,1536379,-0.0016891891891891442
2022-02-18,2950,2960,2755,2895,270177,-0.02030456852791873
2022-02-21,2875,2910,2830,2880,122389,-0.005181347150259086
2022-02-22,2830,2930,2805,2845,108597,-0.01215277777777779
2022-02-23,2820,3000,2815,2960,190962,0.040421792618629215
2022-02-24,2970,3200,2880,2880,776812,-0.027027027027026973
2022-02-25,2950,3050,2925,2970,164169,0.03125
2022-02-28,2975,3020,2940,2975,148093,0.0016835016835017313
2022-03-02,2975,3050,2960,3030,168942,0.018487394957983128
2022-03-03,3050,3100,3025,3060,184728,0.00990099009900991
2022-03-04,3055,3150,3055,3105,214105,0.014705882352941124
2022-03-07,3085,3140,3050,3065,116193,-0.012882447665056307
2022-03-08,3020,3060,2935,2975,162103,-0.029363784665579096
2022-03-10,2975,3040,2975,3005,76762,0.010084033613445342
2022-03-11,3005,3065,2980,3060,115179,0.01830282861896837
2022-03-14,3080,3150,3040,3115,152171,0.017973856209150263
2022-03-15,3080,3090,2990,3015,115313,-0.0321027287319422
2022-03-16,3020,3120,3020,3115,103362,0.03316749585406309
2022-03-17,3115,3155,3080,3125,357676,0.0032102728731941976
2022-03-18,3435,4000,3300,3400,6969254,0.08800000000000008
2022-03-21,3410,3530,3370,3375,642495,-0.007352941176470562
2022-03-22,3425,3445,3300,3425,786902,0.014814814814814836
2022-03-23,3720,4225,3720,3900,10915908,0.13868613138686126
2022-03-24,3900,3965,3570,3640,1512331,-0.06666666666666665
2022-03-25,3650,3655,3445,3470,718746,-0.04670329670329665
2022-03-28,3470,3595,3395,3520,658557,0.014409221902017322
2022-03-29,3500,3585,3370,3390,470579,-0.03693181818181823
2022-03-30,3370,3410,3290,3345,271160,-0.013274336283185861
2022-03-31,3320,3440,3290,3360,282122,0.004484304932735439
2022-04-01,3360,3450,3320,3365,237571,0.0014880952380953438
2022-04-04,3360,3400,3280,3350,328760,-0.004457652303120341
2022-04-05,3350,3405,3325,3370,196638,0.005970149253731405
2022-04-06,3405,3560,3370,3370,550820,0.0
2022-04-07,3360,3360,3200,3200,251993,-0.05044510385756673
2022-04-08,3200,3235,3150,3200,123062,0.0
2022-04-11,3175,3240,3150,3220,86260,0.006250000000000089
2022-04-12,3190,3190,3105,3165,409872,-0.017080745341614856
2022-04-13,3750,3950,3330,3335,6257850,0.05371248025276465
2022-04-14,3345,3880,3345,3505,6023036,0.050974512743628075
2022-04-15,3545,3550,3365,3440,694590,-0.01854493580599148
2022-04-18,3375,3475,3345,3475,630192,0.01017441860465107
2022-04-19,3435,3450,3360,3425,543725,-0.014388489208633115
2022-04-20,3425,3920,3395,3675,5281234,0.07299270072992692
2022-04-21,3715,3715,3505,3555,1144728,-0.03265306122448974
2022-04-22,3525,3585,3450,3465,608017,-0.025316455696202556
2022-04-25,3395,3600,3375,3490,755935,0.00721500721500723
2022-04-26,3490,3995,3485,3665,4584915,0.05014326647564471
2022-04-27,3575,4500,3520,4095,24351519,0.11732605729877221
2022-04-28,4540,5320,4370,5320,38127818,0.2991452991452992
2022-04-29,5200,5290,4920,4955,8132401,-0.06860902255639101
2022-05-02,4955,5130,4905,5070,3768284,0.023208879919273562
2022-05-03,5010,5300,4955,5140,7925740,0.013806706114398493
2022-05-04,5080,5300,4955,5090,4288998,-0.009727626459143934
2022-05-06,5230,5270,4775,4780,2246049,-0.06090373280943029
2022-05-09,4705,4840,4645,4790,1352831,0.0020920502092049986
2022-05-10,4635,4700,4405,4590,1382891,-0.04175365344467641
2022-05-11,4610,4665,4320,4435,1429234,-0.03376906318082784
2022-05-12,4345,4500,4235,4260,1133265,-0.03945885005636973
2022-05-13,4265,4400,4195,4340,1099328,0.018779342723004744
2022-05-16,4345,4535,4255,4530,1165194,0.04377880184331806
2022-05-17,4530,4625,4455,4565,1319706,0.007726269315673218
2022-05-18,4560,4585,4450,4470,574018,-0.020810514786418377
2022-05-19,4235,4355,4200,4350,701048,-0.02684563758389258
2022-05-20,4525,4740,4280,4295,2912603,-0.012643678160919491
2022-05-23,4305,4320,4105,4150,540927,-0.033760186263096625
2022-05-24,4155,4185,3970,3970,491450,-0.04337349397590362
2022-05-25,3970,4065,3970,3980,400021,0.0025188916876575096
2022-05-26,4025,4040,3960,3975,298975,-0.0012562814070351536
2022-05-27,4010,4095,3985,4070,360429,0.023899371069182385
2022-05-30,4100,4115,4050,4095,177074,0.006142506142506221
2022-05-31,4110,4130,4060,4130,235547,0.008547008547008517
2022-06-02,4110,4205,4090,4105,300797,-0.006053268765133124
2022-06-03,4110,4150,4075,4130,195948,0.006090133982947554
2022-06-07,4125,4205,4100,4140,350356,0.002421307506053294
2022-06-08,4140,4155,4025,4045,263302,-0.022946859903381633
2022-06-09,3990,4040,3920,4040,242577,-0.0012360939431397266
2022-06-10,3985,4045,3950,3975,180439,-0.016089108910891103
2022-06-13,3905,3905,3715,3715,358139,-0.06540880503144653
2022-06-14,3585,3760,3580,3755,329378,0.010767160161507361
2022-06-15,3720,3780,3580,3600,295887,-0.04127829560585883
2022-06-16,3635,3745,3595,3595,261207,-0.001388888888888884
2022-06-17,3540,3595,3435,3575,221131,-0.0055632823365785455
2022-06-20,3615,3615,3300,3350,269951,-0.06293706293706292
2022-06-21,3350,3450,3350,3415,116092,0.0194029850746269
2022-06-22,3445,3460,3200,3205,262096,-0.061493411420204924
2022-06-23,3165,3210,2960,2960,363924,-0.07644305772230886
2022-06-24,2975,3085,2925,3075,266409,0.038851351351351315
2022-06-27,3165,3220,3105,3220,212795,0.047154471544715415
2022-06-28,3230,3370,3230,3370,226542,0.04658385093167694
2022-06-29,3270,3390,3265,3370,125565,0.0
2022-06-30,3420,3425,3255,3265,146265,-0.03115727002967361
2022-07-01,3225,3310,3155,3225,170708,-0.01225114854517606
2022-07-04,3235,3235,3015,3135,122253,-0.027906976744186074
2022-07-05,3115,3245,3115,3245,88214,0.03508771929824572
2022-07-06,3255,3270,3105,3140,104690,-0.03235747303543912
2022-07-07,3140,3215,3140,3210,60959,0.022292993630573354
2022-07-08,3230,3290,3225,3245,53458,0.010903426791277315
2022-07-11,3275,3275,3160,3200,91914,-0.013867488443759624
2022-07-12,3150,3195,3040,3095,111203,-0.03281250000000002
2022-07-13,3090,3130,3030,3070,71621,-0.008077544426494332
2022-07-14,3085,3105,3030,3060,58025,-0.0032573289902280145
2022-07-15,3065,3070,2960,3015,110992,-0.014705882352941124
2022-07-18,3040,3135,3025,3135,110853,0.03980099502487566
2022-07-19,3105,3155,3085,3150,65613,0.004784688995215225
2022-07-20,3215,3250,3155,3180,85448,0.00952380952380949
2022-07-21,3180,3210,3160,3200,58901,0.0062893081761006275
2022-07-22,3200,3225,3140,3140,144681,-0.018750000000000044
2022-07-25,3190,3205,3145,3200,127641,0.019108280254777066
2022-07-26,3185,3240,3170,3200,97027,0.0
2022-07-27,3200,3280,3180,3275,141548,0.0234375
2022-07-28,3250,3315,3245,3290,115732,0.004580152671755711
2022-07-29,3290,3310,3275,3300,84567,0.003039513677811634
2022-08-01,3300,3335,3275,3330,86817,0.009090909090909038
2022-08-02,3315,3340,3200,3250,153190,-0.024024024024024038
2022-08-03,3255,3280,3225,3280,62355,0.009230769230769154
2022-08-04,3290,3330,3280,3300,64329,0.0060975609756097615
2022-08-05,3320,3340,3280,3315,116855,0.00454545454545463
2022-08-08,3305,3330,3235,3245,116761,-0.021116138763197623
2022-08-09,3245,3360,3245,3325,211085,0.024653312788905923
2022-08-10,3325,3400,3295,3380,194755,0.016541353383458635
2022-08-11,3415,3560,3350,3500,1252853,0.035502958579881616
2022-08-12,3480,3480,3415,3415,251371,-0.024285714285714244
2022-08-16,3490,3600,3335,3400,513297,-0.004392386530014614
2022-08-17,3360,3380,3280,3300,126161,-0.02941176470588236
2022-08-18,3280,3280,3205,3245,157229,-0.01666666666666672
2022-08-19,3230,3275,3195,3205,101395,-0.012326656394452962
2022-08-22,3200,3205,3085,3130,141221,-0.023400936037441533
2022-08-23,3055,3330,3055,3190,411219,0.019169329073482455
2022-08-24,3195,3240,3190,3215,87916,0.00783699059561127
2022-08-25,3240,3320,3240,3280,88430,0.02021772939346822
2022-08-26,3280,3300,3240,3250,56511,-0.009146341463414642
2022-08-29,3115,3160,3105,3140,85087,-0.03384615384615386
2022-08-30,3135,3195,3125,3190,79404,0.015923566878981
2022-08-31,3190,3240,3140,3205,94542,0.004702194357366851
2022-09-01,3195,3195,3035,3050,166868,-0.04836193447737913
2022-09-02,3030,3050,2950,2965,190239,-0.02786885245901638
2022-09-05,2945,2960,2885,2890,128036,-0.025295109612141653
2022-09-06,2865,2955,2865,2950,51206,0.02076124567474058
2022-09-07,2950,2950,2800,2810,102762,-0.0474576271186441
2022-09-08,2815,2855,2815,2815,49484,0.001779359430605032
2022-09-13,2860,3250,2855,3010,877191,0.06927175843694489
2022-09-14,2910,2995,2880,2980,104195,-0.009966777408637828
2022-09-15,2980,3000,2915,2930,61817,-0.016778523489932917
2022-09-16,2950,3125,2930,2975,366711,0.015358361774743923
2022-09-19,2965,2985,2805,2815,124916,-0.05378151260504205
2022-09-20,2795,2895,2795,2865,71011,0.017761989342806483
2022-09-21,2860,2885,2790,2810,62392,-0.01919720767888311
2022-09-22,2780,2800,2640,2710,120255,-0.03558718861209964
2022-09-23,2725,2985,2715,2775,530466,0.023985239852398532
2022-09-26,2760,2765,2455,2510,260110,-0.09549549549549552
2022-09-27,2510,2525,2375,2395,186428,-0.04581673306772904
2022-09-28,2395,2445,2160,2240,173331,-0.06471816283924847
2022-09-29,2300,2390,2270,2270,125653,0.013392857142857206
2022-09-30,2260,2315,2160,2300,108409,0.013215859030837107
2022-10-04,2370,2380,2320,2380,45077,0.034782608695652195
2022-10-05,2435,2440,2320,2345,69037,-0.014705882352941124
2022-10-06,2360,2450,2345,2440,64572,0.04051172707889128
2022-10-07,2475,2535,2415,2425,122194,-0.006147540983606592
2022-10-11,2375,2380,2270,2270,68334,-0.06391752577319587
2022-10-12,2270,2275,2205,2245,59066,-0.011013215859030812
2022-10-13,2210,2240,2070,2070,117242,-0.07795100222717144
2022-10-14,2110,2235,2110,2215,83833,0.07004830917874405
2022-10-17,2215,2285,2140,2285,56374,0.03160270880361171
2022-10-18,2305,2355,2270,2330,56366,0.01969365426695835
2022-10-19,2345,2350,2260,2260,32921,-0.030042918454935674
2022-10-20,2275,2310,2200,2260,56344,0.0
2022-10-21,2220,2235,2165,2205,46274,-0.02433628318584069
2022-10-24,2205,2270,2205,2230,40616,0.01133786848072571
2022-10-25,2270,2275,2210,2245,32827,0.006726457399103047
2022-10-26,2245,2255,2175,2220,26738,-0.011135857461024523
2022-10-27,2195,2330,2195,2290,74354,0.03153153153153143
2022-10-28,2285,2310,2235,2295,39306,0.0021834061135370675
2022-10-31,2295,2305,2230,2280,52590,-0.006535947712418277
2022-11-01,2280,2355,2265,2320,52693,0.01754385964912286
2022-11-02,2345,2345,2290,2295,43602,-0.010775862068965525
2022-11-03,2250,2360,2215,2330,57235,0.015250544662309462
2022-11-04,2310,2310,2260,2295,38976,-0.015021459227467782
2022-11-07,2305,2340,2305,2325,35908,0.013071895424836555
2022-11-08,2395,2395,2335,2370,49880,0.019354838709677358
2022-11-09,2370,2390,2360,2365,38516,-0.002109704641350185
2022-11-10,2340,2380,2320,2360,38311,-0.0021141649048626032
2022-11-11,2400,2435,2380,2400,88425,0.016949152542372836
2022-11-14,2400,2465,2395,2425,43721,0.01041666666666674
2022-11-15,2420,2430,2375,2405,88080,-0.008247422680412342
2022-11-16,2405,2415,2360,2390,60629,-0.006237006237006182
2022-11-17,2365,2795,2325,2525,2985252,0.05648535564853563
2022-11-18,2500,2745,2440,2505,1298903,-0.007920792079207928
2022-11-21,2510,2525,2455,2480,99174,-0.009980039920159722
2022-11-22,2455,2475,2405,2415,82387,-0.02620967741935487
2022-11-23,2425,2475,2425,2465,83035,0.020703933747411973
2022-11-24,2470,2520,2450,2505,134865,0.016227180527383478
2022-11-25,2490,2545,2490,2515,74037,0.003992015968063978
2022-11-28,2540,2540,2420,2430,73848,-0.03379721669980118
2022-11-29,2440,2465,2395,2445,36736,0.006172839506172867
2022-11-30,2445,2490,2415,2470,71886,0.010224948875255713
2022-12-01,2475,2515,2470,2495,85458,0.010121457489878471
2022-12-02,2495,2495,2460,2485,36474,-0.004008016032064132
2022-12-05,2500,2500,2450,2470,42691,-0.006036217303822977
2022-12-06,2460,2460,2400,2400,82120,-0.028340080971659964
2022-12-07,2395,2395,2320,2340,66906,-0.025000000000000022
2022-12-08,2335,2335,2250,2280,44560,-0.02564102564102566
2022-12-09,2280,2300,2250,2290,65244,0.004385964912280604
2022-12-12,2295,2345,2295,2315,36919,0.01091703056768556
2022-12-13,2315,2335,2300,2310,27945,-0.002159827213822907
2022-12-14,2290,2340,2275,2340,51205,0.01298701298701288
2022-12-15,2350,2350,2300,2315,31684,-0.010683760683760646
2022-12-16,2295,2295,2255,2275,39146,-0.017278617710583144
2022-12-19,2250,2265,2225,2260,44876,-0.00659340659340657
2022-12-20,2240,2240,2165,2195,78232,-0.028761061946902644
2022-12-21,2175,2220,2160,2195,25197,0.0
2022-12-22,2195,2225,2175,2210,11341,0.006833712984054774
2022-12-23,2210,2210,2135,2140,71087,-0.03167420814479638
2022-12-26,2140,2140,2115,2115,61970,-0.011682242990654235
2022-12-27,2110,2160,2110,2135,49564,0.009456264775413725
2022-12-28,2145,2150,2110,2145,37126,0.004683840749414525
2022-12-29,2115,2130,2050,2070,64462,-0.034965034965035
2023-01-02,2070,2080,1960,1980,84278,-0.04347826086956519
2023-01-03,1960,2005,1910,1980,66740,0.0
2023-01-04,1980,2025,1955,2025,26766,0.022727272727272707
2023-01-05,2055,2060,2015,2035,27095,0.004938271604938205
2023-01-06,2015,2160,2015,2105,43598,0.03439803439803435
2023-01-09,2140,2185,2135,2170,45449,0.030878859857482288
2023-01-10,2260,2260,2160,2170,78607,0.0
2023-01-11,2170,2225,2170,2220,43024,0.02304147465437789
2023-01-12,2195,2260,2195,2225,25589,0.0022522522522523403
2023-01-13,2230,2240,2200,2205,29835,-0.008988764044943864
2023-01-16,2205,2210,2175,2180,17450,-0.0113378684807256
2023-01-17,2180,2215,2145,2165,36270,-0.006880733944954143
2023-01-18,2140,2175,2140,2140,19916,-0.011547344110854452
2023-01-19,2105,2180,2105,2160,25179,0.009345794392523255
2023-01-20,2160,2165,2090,2155,31316,-0.0023148148148147696
2023-01-25,2155,2180,2140,2165,36109,0.004640371229698292
2023-01-26,2190,2190,2155,2165,32904,0.0
2023-01-27,2180,2180,2160,2180,28421,0.006928406466512715
2023-01-30,2200,2215,2165,2165,41935,-0.006880733944954143
2023-01-31,2145,2185,2135,2180,29908,0.006928406466512715
2023-02-01,2195,2195,2160,2195,46559,0.006880733944954143
2023-02-02,2200,2225,2180,2210,75853,0.006833712984054774
2023-02-03,2220,2420,2220,2270,598709,0.02714932126696823
2023-02-06,2270,2320,2240,2305,114490,0.01541850220264318
2023-02-07,2305,2395,2280,2345,218178,0.017353579175704903
2023-02-08,2330,2360,2290,2320,91907,-0.010660980810234588
2023-02-09,2340,2340,2275,2275,82958,-0.0193965517241379
2023-02-10,2280,2290,2240,2275,46179,0.0
2023-02-13,2270,2325,2255,2280,52941,0.00219780219780219
2023-02-14,2285,2310,2250,2300,227355,0.00877192982456143
2023-02-15,2620,2670,2325,2360,2976228,0.026086956521739202
2023-02-16,2380,2395,2315,2340,390130,-0.008474576271186418
2023-02-17,2340,2390,2310,2335,376242,-0.002136752136752129
2023-02-20,2335,2395,2320,2370,343954,0.01498929336188426
2023-02-21,2495,2575,2380,2390,692159,0.00843881856540074
2023-02-22,2360,2440,2315,2400,243092,0.004184100418409997
2023-02-23,2385,2425,2365,2380,166310,-0.008333333333333304
2023-02-24,2380,2400,2270,2300,182588,-0.03361344537815125
2023-02-27,2285,2330,2250,2310,78164,0.004347826086956497
2023-02-28,2310,2325,2255,2290,85611,-0.008658008658008698
2023-03-02,2290,2335,2275,2320,101056,0.013100436681222627
2023-03-03,2325,2350,2310,2320,41360,0.0
2023-03-06,2320,2330,2275,2315,92592,-0.0021551724137931494
2023-03-07,2315,2330,2260,2330,138367,0.00647948164146861
2023-03-08,2355,2840,2355,2560,10354070,0.09871244635193133
2023-03-09,2570,2695,2515,2570,1687851,0.00390625
2023-03-10,2550,2550,2400,2460,571832,-0.04280155642023342
2023-03-13,2400,2450,2330,2380,306495,-0.03252032520325199
2023-03-14,2380,2380,2210,2250,342215,-0.054621848739495826
2023-03-15,2260,2335,2260,2290,226374,0.01777777777777767
2023-03-16,2295,2310,2240,2290,100871,0.0
2023-03-17,2300,2325,2290,2310,147899,0.008733624454148492
2023-03-20,2300,2350,2300,2335,100798,0.010822510822510845
2023-03-21,2345,2400,2335,2370,150173,0.01498929336188426
2023-03-22,2395,2415,2335,2355,166257,-0.006329113924050667
2023-03-23,2335,2400,2310,2325,145370,-0.01273885350318471
2023-03-24,2325,2325,2280,2300,76659,-0.010752688172043001
2023-03-27,2300,2335,2265,2335,83355,0.01521739130434785
2023-03-28,2330,2390,2325,2370,144719,0.01498929336188426
2023-03-29,2370,2425,2335,2425,130824,0.02320675105485237
2023-03-30,2435,2440,2380,2425,107408,0.0
2023-03-31,2455,2455,2385,2385,110360,-0.016494845360824795
2023-04-03,2415,2500,2385,2470,218577,0.03563941299790363
2023-04-04,2455,2510,2415,2495,138210,0.010121457489878471
2023-04-05,2485,2510,2470,2480,88445,-0.006012024048096198
2023-04-06,2470,2475,2410,2440,95479,-0.016129032258064502
2023-04-07,2440,2540,2400,2450,72960,0.004098360655737654
2023-04-10,2450,2450,2350,2370,173380,-0.03265306122448974
2023-04-11,2385,2435,2340,2420,113187,0.021097046413502074
2023-04-12,2425,2470,2415,2460,86038,0.016528925619834656
2023-04-13,2440,2500,2400,2500,107875,0.016260162601626105
2023-04-14,2515,2535,2475,2535,132355,0.014000000000000012
2023-04-17,2585,2585,2520,2550,163730,0.00591715976331364
2023-04-18,2580,2580,2495,2540,127721,-0.0039215686274509665
2023-04-19,2520,2595,2510,2585,105853,0.017716535433070835
2023-04-20,2585,2585,2475,2480,119180,-0.04061895551257255
2023-04-21,2480,2495,2355,2470,110352,-0.0040322580645161255
2023-04-24,2440,2440,2360,2375,119402,-0.038461538461538436
2023-04-25,2375,2400,2275,2320,78658,-0.023157894736842155
2023-04-26,2285,2330,2270,2315,89663,-0.0021551724137931494
2023-04-27,2315,2315,2250,2290,39132,-0.010799136069114423
2023-04-28,2315,2330,2245,2280,87262,-0.004366812227074246
2023-05-02,2275,2335,2235,2330,66226,0.021929824561403466
2023-05-03,2315,2340,2300,2320,23225,-0.0042918454935622075
2023-05-04,2300,2320,2240,2275,94783,-0.0193965517241379
2023-05-08,2275,2370,2275,2310,64432,0.01538461538461533
2023-05-09,2320,2325,2265,2305,26778,-0.0021645021645021467
2023-05-10,2305,2320,2265,2315,52570,0.00433839479392617
2023-05-11,2315,2365,2315,2345,34582,0.012958963282937441
2023-05-12,2345,2345,2305,2320,22836,-0.010660980810234588
2023-05-15,2315,2315,2265,2270,54827,-0.02155172413793105
2023-05-16,2260,2275,2235,2245,47630,-0.011013215859030812
2023-05-17,2245,2300,2235,2300,49675,0.024498886414253906
2023-05-18,2305,2415,2305,2355,96501,0.023913043478260843
2023-05-19,2385,2385,2320,2330,46234,-0.010615711252653925
2023-05-22,2330,2365,2325,2360,24186,0.012875536480686733
2023-05-23,2360,2405,2335,2355,49555,-0.0021186440677966045
2023-05-24,2370,2370,2305,2360,34448,0.002123142250530785
2023-05-25,2335,2360,2295,2310,41444,-0.021186440677966156
2023-05-26,2285,2295,2265,2275,42423,-0.015151515151515138
2023-05-30,2275,2290,2255,2290,26853,0.00659340659340657
2023-05-31,2290,2305,2260,2280,31519,-0.004366812227074246
2023-06-01,2280,2295,2260,2290,17638,0.004385964912280604
2023-06-02,2305,2305,2265,2280,34175,-0.004366812227074246
2023-06-05,2285,2295,2265,2275,39810,-0.002192982456140302
2023-06-07,2295,2295,2260,2280,33043,0.00219780219780219
2023-06-08,2260,2485,2260,2295,359188,0.006578947368421018
2023-06-09,2305,2320,2285,2310,65191,0.006535947712418277
2023-06-12,2310,2340,2290,2325,63095,0.006493506493506551
2023-06-13,2320,2345,2310,2335,67315,0.004301075268817289
2023-06-14,2315,2360,2245,2280,102578,-0.023554603854389677
2023-06-15,2275,2280,2240,2255,59238,-0.010964912280701733
2023-06-16,2275,2275,2240,2260,51137,0.0022172949002217113
2023-06-19,2245,2275,2235,2260,50270,0.0
2023-06-20,2260,2295,2245,2285,33923,0.01106194690265494
2023-06-21,2280,2280,2225,2255,85050,-0.013129102844638973
2023-06-22,2230,2265,2220,2245,46456,-0.0044345898004434225
2023-06-23,2245,2255,2225,2230,38294,-0.006681514476614692
2023-06-26,2225,2285,2220,2260,23757,0.013452914798206317
2023-06-27,2260,2275,2240,2260,29605,0.0
2023-06-28,2260,2375,2250,2335,140536,0.0331858407079646
2023-06-29,2335,2350,2240,2265,46495,-0.02997858672376874
2023-06-30,2250,2290,2235,2275,35927,0.004415011037527616
2023-07-03,2290,2305,2260,2290,66134,0.00659340659340657
2023-07-04,2310,2325,2270,2270,38460,-0.008733624454148492
2023-07-05,2275,2285,2210,2245,51594,-0.011013215859030812
2023-07-06,2245,2245,2140,2150,79106,-0.04231625835189312
2023-07-07,2110,2150,2110,2130,44031,-0.009302325581395321
2023-07-10,2130,2130,2060,2125,41639,-0.0023474178403756207
2023-07-11,2105,2145,2100,2145,31544,0.009411764705882453
2023-07-12,2145,2170,2140,2155,30522,0.004662004662004726
2023-07-13,2175,2175,2140,2155,19730,0.0
2023-07-14,2155,2165,2065,2120,71858,-0.016241299303944357
2023-07-17,2100,2140,2080,2140,37062,0.009433962264151052
2023-07-18,2115,2135,2085,2100,35751,-0.01869158878504673
2023-07-19,2100,2105,2080,2090,28673,-0.004761904761904745
2023-07-20,2090,2105,2060,2095,20867,0.0023923444976077235
2023-07-21,2090,2110,2070,2075,37221,-0.009546539379474916
2023-07-24,2060,2070,1978,1978,92509,-0.046746987951807206
2023-07-25,1971,1979,1917,1920,39104,-0.029322548028311468
2023-07-26,1910,1912,1728,1785,157565,-0.0703125
2023-07-27,1756,1850,1756,1811,66955,0.014565826330532161
2023-07-28,1830,1865,1815,1865,27776,0.02981778023191617
2023-07-31,1893,1907,1869,1886,28496,0.011260053619303045
2023-08-01,1888,1956,1888,1940,39865,0.028632025450689325
2023-08-02,1941,1974,1941,1969,30722,0.01494845360824737
2023-08-03,1944,1966,1921,1935,21666,-0.017267648552564796
2023-08-04,1920,1935,1913,1935,22910,0.0
2023-08-07,1935,1938,1921,1929,10845,-0.0031007751937984773
2023-08-08,1911,1929,1900,1909,26797,-0.010368066355624705
2023-08-09,1909,1918,1899,1908,18718,-0.0005238344683080598
2023-08-10,1927,1949,1908,1925,14491,0.008909853249475796
2023-08-11,1925,1932,1916,1916,16073,-0.004675324675324721
2023-08-14,1930,1940,1910,1926,17536,0.005219206680584509
2023-08-16,1910,1916,1815,1852,31851,-0.03842159916926269
2023-08-17,1840,1842,1783,1842,66104,-0.005399568034557212
2023-08-18,1822,1842,1794,1826,13539,-0.008686210640608039
2023-08-21,1818,1830,1803,1810,30734,-0.008762322015334112
2023-08-22,1820,1821,1790,1819,28264,0.004972375690607711
2023-08-23,1818,1830,1806,1829,25616,0.005497526113249052
2023-08-24,1821,1830,1815,1826,10148,-0.0016402405686167798
2023-08-25,1826,1830,1811,1815,13568,-0.0060240963855421326
2023-08-28,1815,1833,1807,1833,37279,0.009917355371900749
2023-08-29,1833,1864,1833,1856,10812,0.012547735951991212
2023-08-30,1847,1867,1845,1865,11597,0.004849137931034475
2023-08-31,1865,1865,1849,1852,9827,-0.006970509383378065
2023-09-01,1853,1900,1853,1899,55342,0.025377969762419017
2023-09-04,1900,1922,1880,1901,26150,0.0010531858873090716
2023-09-05,1905,1920,1896,1920,19966,0.009994739610731163
2023-09-06,1920,1920,1906,1920,21112,0.0
2023-09-07,1902,1916,1887,1900,30887,-0.01041666666666663
2023-09-08,1890,1938,1885,1924,41726,0.012631578947368327
2023-09-11,1942,1956,1920,1933,17935,0.004677754677754775
2023-09-12,1933,1934,1896,1896,33623,-0.0191412312467667
2023-09-13,1908,1908,1870,1870,20268,-0.01371308016877637
2023-09-14,1870,1904,1870,1898,20180,0.014973262032085488
2023-09-15,1908,1919,1894,1913,28186,0.007903055848261342
2023-09-18,1913,1925,1909,1910,22764,-0.001568217459487764
2023-09-19,1910,1910,1896,1896,17495,-0.007329842931937169
2023-09-20,1896,1915,1896,1908,46717,0.006329113924050667
2023-09-21,1908,1917,1813,1830,54090,-0.04088050314465408
2023-09-22,1830,1842,1810,1836,29192,0.003278688524590123
2023-09-25,1821,1836,1817,1831,27778,-0.002723311546840912
2023-09-26,1831,1845,1795,1795,29797,-0.01966138722009836
2023-09-27,1790,1825,1784,1820,32445,0.013927576601671321
2023-10-04,1817,1817,1760,1760,27030,-0.03296703296703296
2023-10-05,1761,1780,1759,1763,26384,0.0017045454545454586
2023-10-06,1740,1813,1740,1799,24362,0.020419739081111832
2023-10-10,1808,1843,1795,1827,42092,0.015564202334630295
2023-10-11,1810,1845,1810,1833,18126,0.003284072249589487
2023-10-12,1833,1854,1833,1845,16143,0.00654664484451728
2023-10-13,1836,1855,1833,1837,19310,-0.0043360433604335835
2023-10-16,1820,1838,1808,1811,35735,-0.014153511159499144
2023-10-17,1811,1840,1811,1840,24343,0.016013252346769757
2023-10-18,1840,1862,1822,1830,15534,-0.005434782608695676
2023-10-19,1823,1823,1752,1769,55042,-0.033333333333333326
2023-10-20,1750,1776,1694,1711,29277,-0.032786885245901676
2023-10-23,1681,1715,1680,1700,16601,-0.006428988895382792
2023-10-24,1698,1710,1677,1704,17615,0.0023529411764706687
2023-10-25,1714,1721,1690,1721,18062,0.00997652582159625
2023-10-26,1700,1710,1670,1670,14569,-0.029633933759442233
2023-10-27,1652,1710,1652,1692,19237,0.013173652694610682
2023-10-30,1656,1723,1655,1699,29511,0.004137115839243588
2023-10-31,1710,1743,1708,1729,20831,0.017657445556209517
2023-11-01,1729,1779,1729,1756,23181,0.015615962984383946
2023-11-02,1756,1785,1756,1783,15057,0.015375854214122908
2023-11-03,1787,1859,1787,1847,21807,0.0358945597307907
2023-11-06,1850,1877,1838,1876,30785,0.015701136978884644
2023-11-07,1860,1883,1854,1864,21599,-0.006396588486140775
2023-11-08,1867,1899,1859,1882,25586,0.00965665236051505
2023-11-09,1882,1892,1867,1870,15692,-0.006376195536663132
2023-11-10,1861,1878,1848,1849,18237,-0.011229946524064172
2023-11-13,1851,1900,1745,1825,25881,-0.012979989183342311
2023-11-14,1811,1869,1811,1864,19517,0.021369863013698698
2023-11-15,1864,1873,1856,1863,4577,-0.0005364806866953176
2023-11-16,1863,1900,1856,1892,26412,0.015566290928609838
2023-11-17,1893,1900,1880,1881,15104,-0.005813953488372103
2023-11-20,1895,1898,1863,1888,32407,0.0037214247740564588
2023-11-21,1851,1890,1851,1889,17482,0.0005296610169491789
2023-11-22,1889,1904,1874,1904,18603,0.007940709370036991
2023-11-23,1905,1920,1902,1913,17829,0.004726890756302504
2023-11-24,1905,1939,1905,1928,10078,0.007841087297438598
2023-11-27,1918,1930,1911,1911,11377,-0.008817427385892085
2023-11-28,1911,1919,1895,1895,15057,-0.008372579801151248
2023-11-29,1905,1905,1887,1890,6156,-0.0026385224274406704
2023-11-30,1900,1902,1886,1900,7126,0.005291005291005346
2023-12-01,1895,1903,1850,1850,26900,-0.02631578947368418
2023-12-04,1834,1861,1830,1853,20728,0.001621621621621605
2023-12-05,1850,1869,1845,1861,5332,0.004317323259579009
2023-12-06,1842,1858,1840,1850,4917,-0.00591080064481464
2023-12-07,1836,1850,1831,1840,8555,-0.00540540540540535
2023-12-08,1837,1844,1830,1830,20698,-0.005434782608695676
2023-12-11,1830,1849,1826,1832,22247,0.0010928961748633004
2023-12-12,1814,1829,1814,1820,10337,-0.0065502183406113135
2023-12-13,1820,1828,1801,1801,6400,-0.010439560439560402
2023-12-14,1810,1838,1809,1830,16269,0.0161021654636313
2023-12-15,1830,1847,1811,1829,14534,-0.0005464480874316502
2023-12-18,1829,1843,1821,1843,5359,0.007654455986878084
2023-12-19,1827,1853,1827,1845,18827,0.0010851871947910041
2023-12-20,1840,1855,1840,1854,9561,0.004878048780487809
2023-12-21,1841,1854,1839,1846,9133,-0.004314994606256728
2023-12-22,1834,1851,1833,1836,15089,-0.005417118093174467
2023-12-26,1841,1852,1835,1844,15073,0.004357298474945592
2023-12-27,1840,1848,1836,1846,13868,0.0010845986984815426
2023-12-28,1846,1868,1842,1868,13191,0.011917659804983716
2024-01-02,1868,1872,1846,1861,28617,-0.0037473233404711204
2024-01-03,1846,1859,1831,1856,39201,-0.002686727565824776
2024-01-04,1860,1860,1842,1845,9217,-0.00592672413793105
2024-01-05,1843,1855,1836,1850,9705,0.0027100271002709064
2024-01-08,1850,1865,1842,1860,12703,0.00540540540540535
2024-01-09,1860,1867,1847,1864,14001,0.0021505376344086446
2024-01-10,1850,1873,1850,1870,32643,0.0032188841201716833
2024-01-11,1870,1887,1866,1874,26368,0.002139037433155133
2024-01-12,1877,1950,1873,1934,87493,0.03201707577374591
2024-01-15,1932,2020,1932,1983,126692,0.025336091003102412
2024-01-16,1994,1995,1843,1922,58989,-0.030761472516389277
2024-01-17,1902,1919,1865,1896,23727,-0.013527575442247697
2024-01-18,1895,1909,1882,1888,9524,-0.00421940928270037
2024-01-19,1883,1902,1878,1902,19798,0.00741525423728806
2024-01-22,1902,1902,1878,1895,12061,-0.003680336487907443
2024-01-23,1895,1896,1875,1896,19620,0.0005277044854881119
2024-01-24,1906,1929,1896,1920,22566,0.012658227848101333
2024-01-25,1920,1933,1893,1920,21394,0.0
2024-01-26,1900,1920,1896,1902,22062,-0.009375000000000022
2024-01-29,1908,1915,1903,1910,22259,0.004206098843322792
2024-01-30,1910,1991,1908,1970,28459,0.03141361256544495
2024-01-31,1934,1946,1905,1919,45441,-0.025888324873096447
2024-02-01,1937,1950,1900,1938,20779,0.00990099009900991
2024-02-02,1938,1954,1910,1948,50280,0.005159958720330149
2024-02-05,1950,1950,1905,1920,31353,-0.014373716632443578
2024-02-06,1920,1927,1911,1925,14060,0.0026041666666667407
2024-02-07,1925,1950,1915,1922,10311,-0.0015584415584415368
2024-02-08,1922,1938,1908,1908,19070,-0.007284079084287187
2024-02-13,1915,1930,1910,1924,14364,0.008385744234800763
2024-02-14,1924,1942,1915,1919,21585,-0.0025987525987526405
2024-02-15,1907,1924,1907,1923,37563,0.0020844189682125425
2024-02-16,1918,1935,1918,1934,13383,0.005720228809152461
2024-02-19,1945,1955,1920,1952,21020,0.009307135470527417
2024-02-20,1953,1953,1940,1948,9878,-0.002049180327868827
2024-02-21,1933,1965,1931,1933,17391,-0.007700205338808996
2024-02-22,1918,1938,1914,1924,17749,-0.004655975168132431
2024-02-23,1924,1942,1915,1942,27092,0.009355509355509328
2024-02-26,1948,1950,1926,1927,11501,-0.007723995880535517
2024-02-27,1912,1938,1912,1912,27723,-0.007784120394395466
2024-02-28,1902,1917,1900,1907,19899,-0.0026150627615062483
2024-02-29,1894,1915,1894,1904,13026,-0.0015731515469323831
2024-03-04,1900,1914,1896,1904,24232,0.0
2024-03-05,1905,1923,1890,1893,17101,-0.005777310924369727
2024-03-06,1890,1909,1885,1898,21451,0.002641310089804616
2024-03-07,1883,1897,1881,1881,12630,-0.008956796628029506
2024-03-08,1881,1891,1875,1890,12580,0.004784688995215225
2024-03-11,1878,1895,1875,1875,16977,-0.007936507936507908
2024-03-12,1875,1892,1857,1874,16737,-0.0005333333333333856
2024-03-13,1887,1909,1874,1907,14396,0.017609391675560193
2024-03-14,1907,1920,1897,1909,15332,0.001048767697954922
2024-03-15,1900,1920,1895,1900,11101,-0.004714510214772094
2024-03-18,1900,1909,1891,1899,12969,-0.000526315789473708
2024-03-19,1900,1930,1884,1884,20394,-0.00789889415481837
2024-03-20,1890,1925,1880,1884,19946,0.0
2024-03-21,1891,1900,1864,1892,23915,0.00424628450106157
2024-03-22,1892,1898,1875,1875,19834,-0.008985200845666008
2024-03-25,1880,1885,1875,1876,10797,0.0005333333333332746
2024-03-26,1876,1892,1871,1892,10654,0.008528784648187626
2024-03-27,1893,1908,1892,1904,13919,0.00634249471458781
2024-03-28,1904,1909,1894,1904,12458,0.0
2024-03-29,1881,1915,1881,1897,13376,-0.003676470588235281
2024-04-01,1897,1910,1878,1884,15615,-0.006852925672113819
2024-04-02,1880,1893,1874,1876,16025,-0.00424628450106157
2024-04-03,1876,1893,1859,1859,21570,-0.009061833688699394
2024-04-04,1847,1865,1847,1854,15135,-0.002689618074233513
2024-04-05,1826,1858,1826,1834,18555,-0.010787486515641875
2024-04-08,1836,1847,1803,1805,34842,-0.015812431842966213
2024-04-09,1805,1818,1780,1800,22004,-0.0027700831024930483
2024-04-11,1793,1807,1775,1806,12767,0.0033333333333334103
2024-04-12,1779,1815,1779,1814,16121,0.0044296788482836025
2024-04-15,1817,1832,1805,1832,13876,0.009922822491730932
2024-04-16,1814,1838,1814,1814,17817,-0.009825327510917026
2024-04-17,1820,1825,1811,1820,4369,0.00330760749724357
2024-04-18,1824,1895,1821,1847,18173,0.014835164835164782
2024-04-19,1846,1846,1820,1837,8027,-0.005414185165132701
2024-04-22,1837,1837,1805,1807,21892,-0.016330974414806798
2024-04-23,1807,1819,1807,1815,10842,0.004427227448810189
2024-04-24,1820,1832,1810,1828,11810,0.007162534435261714
2024-04-25,1816,1824,1815,1821,9863,-0.003829321663019747
2024-04-26,1821,1821,1810,1816,5571,-0.0027457440966501823
2024-04-29,1816,1828,1814,1817,10791,0.0005506607929515184
2024-04-30,1817,1825,1812,1820,4794,0.001651073197578512
2024-05-02,1813,1819,1810,1811,6329,-0.0049450549450549275
2024-05-03,1806,1826,1806,1816,13901,0.002760905577029238
2024-05-07,1816,1818,1802,1817,11699,0.0005506607929515184
2024-05-08,1817,1830,1808,1829,8014,0.006604292790313604
2024-05-09,1829,1830,1820,1830,6054,0.0005467468562054822
2024-05-10,1830,1835,1823,1835,4581,0.002732240437158362
2024-05-13,1835,1842,1800,1831,6128,-0.0021798365122616126
2024-05-14,1844,1900,1832,1869,17155,0.020753686510103675
2024-05-16,1869,1878,1857,1878,9077,0.0048154093097914075
2024-05-17,1868,1868,1817,1817,20531,-0.032481363152289666
2024-05-20,1817,1827,1795,1797,10995,-0.011007154650522821
2024-05-21,1797,1806,1795,1806,13074,0.005008347245408995
2024-05-22,1806,1820,1798,1806,15207,0.0
2024-05-23,1806,1820,1796,1803,9701,-0.0016611295681062677
2024-05-24,1809,1809,1794,1807,3791,0.002218524681087075
2024-05-27,1807,1810,1793,1793,6180,-0.007747648035417831
2024-05-28,1776,1798,1776,1794,10900,0.000557724484104849
2024-05-29,1781,1797,1781,1785,10725,-0.0050167224080267525
2024-05-30,1794,1794,1773,1774,8785,-0.006162464985994376
2024-05-31,1774,1785,1764,1779,7041,0.002818489289740711
2024-06-03,1779,1792,1770,1776,14244,-0.001686340640809414
2024-06-04,1756,1773,1756,1757,18911,-0.010698198198198172
2024-06-05,1757,1801,1747,1758,34101,0.0005691519635742104
2024-06-07,1764,1800,1752,1773,13714,0.008532423208191142
2024-06-10,1773,1775,1753,1759,15136,-0.007896221094190636
2024-06-11,1764,1773,1757,1760,4670,0.0005685048322909836
2024-06-12,1760,1768,1749,1758,5369,-0.001136363636363602
2024-06-13,1760,1769,1752,1757,5819,-0.0005688282138793799
2024-06-14,1757,1773,1753,1768,4422,0.00626067159931698
2024-06-17,1767,1768,1723,1730,18935,-0.021493212669683293
2024-06-18,1730,1737,1711,1737,16361,0.004046242774566444
2024-06-19,1728,1736,1716,1731,7355,-0.003454231433506094
2024-06-20,1727,1731,1715,1723,6920,-0.0046216060080878085
2024-06-21,1723,1724,1700,1723,12839,0.0
2024-06-24,1715,1723,1656,1656,22577,-0.03888566453859543
2024-06-25,1654,1710,1651,1696,16501,0.024154589371980784
2024-06-26,1705,1710,1600,1707,29053,0.006485849056603765
2024-06-27,1697,1700,1656,1687,9277,-0.011716461628588193
2024-06-28,1681,1681,1655,1670,11063,-0.010077059869590954
2024-07-01,1654,1673,1650,1668,4864,-0.0011976047904191933
2024-07-02,1651,1668,1612,1612,16889,-0.033573141486810565
2024-07-03,1612,1640,1612,1633,16775,0.013027295285359841
2024-07-04,1633,1645,1591,1591,49001,-0.025719534598897753
2024-07-05,1610,1650,1593,1649,24988,0.036455059710873705
2024-07-08,1652,1659,1612,1638,11771,-0.006670709520921747
2024-07-09,1630,1650,1623,1640,5385,0.0012210012210012167
2024-07-10,1628,1640,1624,1638,8670,-0.0012195121951219523
2024-07-11,1628,1640,1627,1638,5153,0.0
2024-07-12,1628,1648,1628,1643,6773,0.0030525030525030417
2024-07-15,1630,1660,1615,1645,6871,0.00121728545343891
2024-07-16,1639,1645,1629,1645,5003,0.0
2024-07-17,1638,1664,1632,1656,8244,0.006686930091185372
2024-07-18,1643,1654,1608,1637,14658,-0.011473429951690872
2024-07-19,1637,1637,1612,1633,8925,-0.0024434941967013124
2024-07-22,1610,1626,1610,1611,7824,-0.013472137170851162
2024-07-23,1601,1624,1600,1622,9174,0.006828057107386654
2024-07-24,1605,1620,1598,1620,12930,-0.0012330456226880004
2024-07-25,1600,1618,1588,1600,6208,-0.012345679012345734
2024-07-26,1580,1610,1580,1610,7483,0.006250000000000089
2024-07-29,1591,1610,1590,1610,14480,0.0
2024-07-30,1608,1627,1591,1620,6478,0.006211180124223503
2024-07-31,1608,1628,1600,1628,6287,0.004938271604938205
2024-08-01,1615,1698,1615,1693,10127,0.03992628992628999
2024-08-02,1677,1677,1606,1640,13750,-0.031305375073833464
2024-08-05,1626,1626,1370,1465,48853,-0.10670731707317072
2024-08-06,1375,1549,1375,1530,26177,0.04436860068259385
2024-08-07,1530,1538,1501,1503,7269,-0.01764705882352946
2024-08-08,1503,1521,1489,1515,5484,0.007984031936127733
2024-08-09,1504,1531,1490,1530,10508,0.00990099009900991
2024-08-12,1540,1540,1511,1515,3036,-0.009803921568627416
2024-08-13,1515,1525,1500,1521,9011,0.003960396039603964
2024-08-14,1521,1530,1502,1527,6495,0.0039447731755424265
2024-08-16,1581,1581,1511,1544,2830,0.011132940406024971
2024-08-19,1543,1544,1485,1520,11992,-0.015544041450777257
2024-08-20,1504,1523,1480,1523,14005,0.0019736842105262387
2024-08-21,1523,1540,1503,1519,13185,-0.0026263952724885353
2024-08-22,1505,1530,1505,1515,7238,-0.0026333113890717463
2024-08-23,1505,1522,1505,1521,2143,0.003960396039603964
2024-08-26,1511,1521,1511,1518,8710,-0.0019723865877712132
2024-08-27,1502,1563,1502,1563,25412,0.029644268774703608
2024-08-28,1566,1566,1553,1555,4603,-0.0051183621241203126
2024-08-29,1555,1564,1525,1555,3303,0.0
2024-08-30,1555,1570,1550,1564,1792,0.005787781350482302
2024-09-02,1554,1579,1554,1579,4574,0.009590792838874762
2024-09-03,1563,1590,1563,1579,1611,0.0
2024-09-04,1565,1577,1527,1527,2938,-0.032932235592146974
2024-09-05,1527,1535,1513,1513,3293,-0.009168303863785199
2024-09-06,1520,1600,1509,1509,13403,-0.0026437541308658163
2024-09-09,1509,1534,1473,1473,6809,-0.02385685884691846
2024-09-10,1475,1520,1473,1516,5057,0.029192124915139228
2024-09-11,1525,1550,1500,1534,4426,0.01187335092348274
2024-09-12,1534,1600,1523,1600,9182,0.0430247718383312
2024-09-13,1616,1616,1550,1550,8892,-0.03125
2024-09-19,1550,1575,1550,1563,1673,0.00838709677419347
2024-09-20,1553,1563,1548,1560,4690,-0.0019193857965451588
2024-09-23,1548,1595,1547,1595,4607,0.022435897435897356
2024-09-24,1595,1598,1575,1594,1510,-0.0006269592476488839
2024-09-25,1581,1596,1574,1591,5357,-0.0018820577164366803
2024-09-26,1575,1595,1532,1582,4810,-0.0056568196103079504
2024-09-27,1569,1599,1562,1599,19675,0.01074589127686476
2024-09-30,1599,1599,1579,1583,11688,-0.01000625390869292
2024-10-02,1583,1590,1570,1590,12454,0.004421983575489508
2024-10-04,1578,1591,1578,1582,5704,-0.005031446540880502
2024-10-07,1547,1572,1547,1565,10116,-0.01074589127686476
2024-10-08,1565,1575,1562,1574,8485,0.005750798722044648
2024-10-10,1574,1579,1552,1552,9380,-0.013977128335451061
2024-10-11,1542,1560,1542,1559,16372,0.0045103092783504994
2024-10-14,1570,1570,1540,1542,27787,-0.0109044259140475
2024-10-15,1547,1547,1539,1544,13257,0.0012970168612191912
2024-10-16,1545,1547,1540,1543,4108,-0.0006476683937823857
2024-10-17,1543,1555,1540,1540,1886,-0.0019442644199610948
2024-10-18,1550,1550,1530,1532,4444,-0.0051948051948051965
2024-10-21,1524,1524,1504,1504,7303,-0.018276762402088753
2024-10-22,1504,1504,1477,1478,13244,-0.017287234042553168
2024-10-23,1470,1495,1457,1480,4152,0.0013531799729364913
2024-10-24,1480,1500,1458,1459,11904,-0.01418918918918921
2024-10-25,1459,1475,1456,1458,4787,-0.0006854009595613775
2024-10-28,1470,1480,1453,1454,11037,-0.002743484224965731
2024-10-29,1454,1480,1454,1476,4877,0.015130674002751032
2024-10-30,1485,1485,1460,1483,3659,0.004742547425474308
2024-10-31,1476,1490,1472,1476,1721,-0.004720161834120051
2024-11-01,1480,1485,1452,1463,1208,-0.008807588075880779
2024-11-04,1463,1475,1463,1464,2372,0.0006835269993163973
2024-11-05,1475,1475,1464,1472,280,0.005464480874316946
2024-11-06,1472,1472,1458,1471,1228,-0.0006793478260869179
2024-11-07,1453,1474,1451,1464,2875,-0.0047586675730795225
2024-11-08,1464,1475,1450,1474,6420,0.006830601092896238
2024-11-11,1459,1485,1401,1401,36271,-0.049525101763907786
2024-11-12,1401,1821,1390,1557,1389364,0.11134903640256955
2024-11-13,1558,1565,1350,1386,247097,-0.10982658959537572
2024-11-14,1381,1386,1336,1350,42486,-0.025974025974025983
2024-11-15,1360,1375,1328,1366,43580,0.01185185185185178
2024-11-18,1360,1390,1360,1370,37661,0.002928257686676483
2024-11-19,1385,1394,1330,1342,39066,-0.020437956204379604
2024-11-20,1342,1350,1335,1339,34596,-0.0022354694485842153
2024-11-21,1339,1349,1331,1339,22346,0.0
2024-11-22,1339,1360,1332,1341,21940,0.0014936519790889058
2024-11-25,1350,1350,1339,1340,23392,-0.0007457121551081025
2024-11-26,1340,1350,1319,1336,18518,-0.0029850746268657025
2024-11-27,1345,1345,1323,1337,13678,0.0007485029940119681
2024-11-28,1345,1359,1332,1352,20082,0.011219147344801783
2024-11-29,1352,1353,1325,1346,9389,-0.004437869822485174
2024-12-02,1333,1355,1319,1319,17139,-0.020059435364041645
2024-12-03,1320,1330,1310,1327,22986,0.006065200909780133
2024-12-04,1313,1325,1280,1305,10685,-0.016578749058025588
2024-12-05,1370,1370,1285,1300,13594,-0.003831417624521105
2024-12-06,1296,1302,1271,1273,4574,-0.020769230769230762
2024-12-09,1212,1274,1200,1200,15225,-0.05734485467399841
2024-12-10,1200,1296,1190,1284,34189,0.07000000000000006
2024-12-11,1284,1325,1240,1314,13119,0.02336448598130847
2024-12-12,1322,1379,1314,1379,9465,0.04946727549467278
2024-12-13,1368,1381,1368,1372,14734,-0.005076142131979711
2024-12-16,1377,1390,1367,1367,17640,-0.0036443148688046767
2024-12-17,1393,1393,1354,1378,26892,0.008046817849304944
2024-12-18,1378,1385,1363,1364,3812,-0.010159651669085612
2024-12-19,1370,1385,1360,1378,18573,0.01026392961876832
2024-12-20,1367,1385,1350,1373,3079,-0.0036284470246734646
2024-12-23,1363,1372,1363,1366,2903,-0.0050983248361252675
2024-12-24,1385,1385,1312,1330,13290,-0.026354319180087793
2024-12-26,1330,1332,1311,1315,10375,-0.011278195488721776
2024-12-27,1292,1315,1292,1300,1719,-0.011406844106463865
2024-12-30,1300,1300,1287,1297,1014,-0.002307692307692344
2025-01-02,1297,1297,1286,1296,6497,-0.0007710100231302919
2025-01-03,1296,1377,1295,1338,12700,0.03240740740740744
2025-01-06,1338,1345,1324,1343,4583,0.0037369207772794955
2025-01-07,1330,1349,1325,1349,5419,0.004467609828741725
2025-01-08,1348,1360,1330,1355,994,0.004447739065974732
2025-01-09,1355,1362,1335,1352,2476,-0.0022140221402213722
2025-01-10,1351,1370,1344,1361,4053,0.006656804733727872
2025-01-13,1361,1361,1330,1330,2226,-0.022777369581190254
2025-01-14,1330,1330,1311,1314,5186,-0.012030075187969946
2025-01-15,1320,1323,1314,1321,4769,0.0053272450532724225
2025-01-16,1320,1320,1302,1304,5154,-0.012869038607115857
2025-01-17,1315,1315,1304,1312,3701,0.006134969325153339
2025-01-20,1312,1333,1312,1321,2830,0.006859756097560954
2025-01-21,1308,1321,1307,1315,3829,-0.004542013626040897
2025-01-22,1315,1325,1305,1320,7105,0.0038022813688212143
2025-01-23,1320,1324,1299,1299,6555,-0.015909090909090873
2025-01-24,1304,1307,1255,1255,7952,-0.03387220939183988
2025-01-31,1252,1269,1252,1268,7822,0.01035856573705174
2025-02-03,1268,1268,1214,1214,8670,-0.04258675078864349
2025-02-04,1214,1235,1212,1232,11333,0.014827018121911006
2025-02-05,1239,1255,1218,1228,8252,-0.0032467532467532756
2025-02-06,1218,1245,1218,1235,17031,0.005700325732898914
2025-02-07,1223,1240,1222,1235,5129,0.0
2025-02-10,1222,1235,1212,1235,28903,0.0
2025-02-11,1225,1280,1215,1280,8432,0.036437246963562764
2025-02-12,1268,1270,1240,1250,8963,-0.0234375
2025-02-13,1248,1248,1226,1239,8080,-0.00880000000000003
2025-02-14,1239,1241,1223,1239,8342,0.0
2025-02-17,1240,1243,1205,1234,12493,-0.004035512510088823
2025-02-18,1234,1239,1217,1238,5660,0.0032414910858995505
2025-02-19,1237,1244,1219,1240,7155,0.001615508885298933
2025-02-20,1246,1280,1223,1223,12044,-0.013709677419354804
2025-02-21,1234,1260,1219,1231,20288,0.006541291905151292
2025-02-24,1221,1231,1221,1224,2580,-0.005686433793663737
2025-02-25,1224,1238,1219,1235,8726,0.008986928104575131
2025-02-26,1235,1279,1231,1279,6739,0.035627530364372495
2025-02-27,1268,1275,1234,1250,18286,-0.022673964034401917
2025-02-28,1250,1250,1224,1224,6622,-0.02080000000000004
2025-03-04,1224,1244,1212,1217,13566,-0.005718954248365993
2025-03-05,1209,1256,1209,1227,21284,0.008216926869350827
2025-03-06,1224,1235,1219,1227,16442,0.0
2025-03-07,1218,1258,1210,1225,50497,-0.0016299918500407573
2025-03-10,1225,1243,1225,1229,13050,0.0032653061224490187
2025-03-11,1223,1254,1220,1245,9631,0.013018714401952902
2025-03-12,1251,1257,1234,1242,28011,-0.002409638554216831
2025-03-13,1250,1260,1230,1230,11000,-0.009661835748792313
2025-03-14,1230,1258,1218,1254,22596,0.019512195121951237
2025-03-17,1258,1290,1240,1244,29358,-0.00797448165869219
2025-03-18,1251,1255,1235,1237,19461,-0.00562700964630225
2025-03-19,1250,1250,1221,1227,15984,-0.00808407437348424
2025-03-20,1260,1260,1223,1229,6497,0.0016299918500406463
2025-03-21,1229,1271,1220,1227,25501,-0.0016273393002440573
2025-03-24,1217,1242,1216,1233,11598,0.004889975550122161
2025-03-25,1223,1265,1221,1233,4968,0.0
2025-03-26,1242,1244,1210,1214,16850,-0.01540957015409572
2025-03-27,1208,1255,1207,1234,6606,0.016474464579901094
2025-03-28,1219,1233,1205,1228,9307,-0.004862236628849326
2025-03-31,1214,1214,1184,1186,30032,-0.03420195439739415
2025-04-01,1186,1203,1180,1180,24480,-0.005059021922428353
2025-04-02,1189,1227,1180,1223,7258,0.03644067796610173
2025-04-03,1223,1234,1199,1206,10836,-0.013900245298446468
2025-04-04,1206,1230,1170,1201,11886,-0.004145936981757914
2025-04-07,1201,1201,1160,1173,20305,-0.023313905079100694
2025-04-08,1173,1200,1166,1200,6810,0.023017902813299296
2025-04-09,1190,1200,1180,1180,2923,-0.01666666666666672
2025-04-10,1220,1226,1198,1224,8582,0.03728813559322042
2025-04-11,1229,1229,1213,1225,2500,0.0008169934640522847
2025-04-14,1225,1255,1225,1245,18917,0.01632653061224487
2025-04-15,1245,1329,1210,1255,139385,0.008032128514056325
2025-04-16,1265,1296,1255,1270,20955,0.01195219123505975
2025-04-17,1294,1294,1230,1282,27678,0.009448818897637823
2025-04-18,1282,1302,1261,1261,19970,-0.016380655226209018
2025-04-21,1261,1312,1254,1299,26175,0.030134813639968172
2025-04-22,1290,1345,1290,1345,18598,0.03541185527328716
2025-04-23,1350,1350,1317,1344,15508,-0.0007434944237918462
2025-04-24,1343,1369,1340,1362,17943,0.013392857142857206
2025-04-25,1351,1370,1350,1364,12146,0.001468428781204123
2025-04-28,1358,1380,1358,1369,28659,0.003665689149560114
2025-04-29,1374,1389,1350,1384,33880,0.010956902848794803
2025-04-30,1385,1399,1385,1389,16076,0.0036127167630057855
2025-05-02,1389,1400,1380,1392,38114,0.002159827213822796
2025-05-07,1390,1396,1373,1374,18783,-0.012931034482758674
2025-05-08,1374,1385,1369,1380,25634,0.004366812227074135
2025-05-09,1380,1394,1365,1380,15177,0.0
2025-05-12,1380,1400,1380,1393,9259,0.009420289855072372
2025-05-13,1380,1404,1380,1395,9743,0.001435750179468842
2025-05-14,1389,1418,1380,1413,33389,0.012903225806451646
2025-05-15,1413,1429,1397,1398,13044,-0.010615711252653925
2025-05-16,1419,1433,1416,1433,27317,0.025035765379113117
2025-05-19,1433,1475,1425,1474,48860,0.028611304954640593
2025-05-20,1490,1539,1475,1513,17916,0.026458616010854863
2025-05-21,1513,1530,1511,1512,10957,-0.0006609385327164263
2025-05-22,1512,1523,1474,1474,29068,-0.025132275132275117
2025-05-23,1474,1530,1474,1506,31841,0.02170963364993206
2025-05-26,1506,1528,1491,1514,8166,0.005312084993359889
2025-05-27,1514,1530,1495,1512,17414,-0.0013210039630119352
2025-05-28,1512,1527,1496,1505,11633,-0.00462962962962965
2025-05-29,1500,1550,1489,1547,38658,0.027906976744185963
2025-05-30,1547,1556,1531,1548,20913,0.0006464124111182912
2025-06-02,1570,1570,1531,1558,25850,0.006459948320413522
2025-06-04,1568,1568,1558,1559,10039,0.0006418485237484894
2025-06-05,1541,1580,1541,1573,5761,0.008980115458627314
2025-06-09,1580,1606,1579,1606,19528,0.020979020979021046
2025-06-10,1564,1595,1546,1567,46936,-0.02428393524283934
2025-06-11,1567,1599,1567,1595,6330,0.01786853860880666
2025-06-12,1610,1630,1580,1629,10222,0.02131661442006272
2025-06-13,1633,1666,1604,1604,17110,-0.015346838551258402
2025-06-16,1604,1604,1533,1550,20935,-0.03366583541147128
2025-06-17,1550,1590,1550,1580,12899,0.019354838709677358
2025-06-18,1580,1580,1570,1571,16433,-0.0056962025316456
2025-06-19,1571,1609,1571,1605,6552,0.021642266072565253
2025-06-20,1605,1605,1581,1585,7519,-0.012461059190031154
2025-06-23,1585,1650,1580,1599,10698,0.008832807570977819
2025-06-24,1645,1650,1599,1635,11389,0.022514071294559068
2025-06-25,1641,1641,1625,1633,31999,-0.0012232415902140303
2025-06-26,1666,1666,1615,1615,23764,-0.01102265768524191
2025-06-27,1650,1650,1608,1609,3405,-0.0037151702786377694
2025-06-30,1609,1622,1600,1609,11977,0.0
2025-07-01,1609,1640,1589,1622,9818,0.00807955251709136
2025-07-02,1622,1630,1609,1629,8728,0.004315659679408057
2025-07-03,1622,1654,1612,1652,20325,0.01411909146715784
2025-07-04,1652,1652,1644,1644,5123,-0.004842615012106588
2025-07-07,1644,1644,1626,1637,8489,-0.0042579075425790425
2025-07-08,1637,1654,1630,1648,8732,0.006719609040928498
2025-07-09,1661,1661,1645,1645,2018,-0.00182038834951459
2025-07-10,1651,1680,1635,1675,19411,0.01823708206686936
