Date,Open,High,Low,Close,Volume,Change
2022-01-03,2690,2695,2610,2625,383726,-0.020522388059701524
2022-01-04,2625,2665,2620,2645,433625,0.007619047619047636
2022-01-05,2660,2660,2550,2565,513788,-0.03024574669187141
2022-01-06,2495,2585,2490,2515,373360,-0.01949317738791423
2022-01-07,2515,2560,2515,2545,192141,0.011928429423459175
2022-01-10,2525,2540,2450,2475,350467,-0.027504911591355596
2022-01-11,2475,2490,2425,2475,527600,0.0
2022-01-12,2490,2540,2480,2540,224789,0.02626262626262621
2022-01-13,2565,2565,2475,2500,197050,-0.015748031496062964
2022-01-14,2480,2520,2450,2520,265097,0.008000000000000007
2022-01-17,2520,2520,2430,2455,203819,-0.025793650793650813
2022-01-18,2460,2470,2380,2380,413574,-0.03054989816700615
2022-01-19,2375,2390,2320,2335,195575,-0.018907563025210128
2022-01-20,2305,2440,2305,2435,344137,0.04282655246252687
2022-01-21,2405,2430,2335,2390,350826,-0.01848049281314168
2022-01-24,2350,2400,2295,2400,391797,0.004184100418409997
2022-01-25,2400,2430,2300,2350,949848,-0.02083333333333337
2022-01-26,2310,2360,2290,2340,264562,-0.004255319148936176
2022-01-27,2330,2355,2275,2310,502653,-0.012820512820512775
2022-01-28,2310,2365,2260,2350,322412,0.017316017316017396
2022-02-03,2375,2445,2350,2355,396396,0.0021276595744681437
2022-02-04,2350,2400,2340,2350,316341,-0.002123142250530785
2022-02-07,2350,2350,2290,2310,285385,-0.017021276595744705
2022-02-08,2295,2325,2260,2265,265373,-0.01948051948051943
2022-02-09,2280,2300,2265,2285,92126,0.008830022075055233
2022-02-10,2310,2310,2255,2270,105815,-0.006564551422319487
2022-02-11,2260,2285,2225,2250,252370,-0.008810572687224627
2022-02-14,2220,2245,2130,2195,299909,-0.02444444444444449
2022-02-15,2170,2210,2115,2145,364967,-0.02277904328018221
2022-02-16,2155,2220,2155,2205,204500,0.027972027972027913
2022-02-17,2205,2300,2180,2290,424431,0.038548752834467015
2022-02-18,2250,2295,2245,2295,182771,0.0021834061135370675
2022-02-21,2270,2295,2235,2285,117199,-0.004357298474945481
2022-02-22,2215,2270,2195,2200,150354,-0.03719912472647702
2022-02-23,2220,2245,2195,2215,140562,0.006818181818181834
2022-02-24,2215,2230,2140,2205,303498,-0.004514672686230292
2022-02-25,2210,2330,2210,2295,470372,0.04081632653061229
2022-02-28,2270,2300,2265,2290,121598,-0.002178649237472796
2022-03-02,2290,2420,2265,2410,428368,0.05240174672489073
2022-03-03,2435,2480,2395,2445,517719,0.014522821576763434
2022-03-04,2440,2455,2390,2450,264629,0.002044989775051187
2022-03-07,2435,2435,2375,2380,161809,-0.02857142857142858
2022-03-08,2375,2420,2350,2410,388409,0.012605042016806678
2022-03-10,2415,2465,2415,2430,184797,0.008298755186721962
2022-03-11,2445,2450,2395,2440,383507,0.004115226337448652
2022-03-14,2440,2450,2395,2410,268000,-0.012295081967213073
2022-03-15,2400,2440,2385,2400,120259,-0.004149377593360981
2022-03-16,2405,2420,2395,2410,121719,0.004166666666666652
2022-03-17,2420,2490,2420,2445,524831,0.014522821576763434
2022-03-18,2430,2475,2425,2470,219909,0.010224948875255713
2022-03-21,2470,2470,2420,2440,169893,-0.012145748987854255
2022-03-22,2450,2470,2415,2460,144425,0.008196721311475308
2022-03-23,2460,2475,2440,2475,220239,0.0060975609756097615
2022-03-24,2460,2520,2445,2465,331713,-0.004040404040404066
2022-03-25,2465,2480,2440,2465,126839,0.0
2022-03-28,2465,2470,2435,2455,103995,-0.0040567951318458695
2022-03-29,2435,2450,2425,2430,87529,-0.010183299389002087
2022-03-30,2430,2450,2415,2430,59352,0.0
2022-03-31,2430,2440,2380,2400,255374,-0.012345679012345734
2022-04-01,2400,2415,2375,2380,83490,-0.008333333333333304
2022-04-04,2380,2380,2330,2340,199417,-0.01680672268907568
2022-04-05,2370,2410,2300,2380,274989,0.017094017094017033
2022-04-06,2365,2380,2325,2355,146756,-0.010504201680672232
2022-04-07,2355,2355,2280,2330,265697,-0.010615711252653925
2022-04-08,2325,2335,2290,2315,75508,-0.006437768240343367
2022-04-11,2310,2355,2290,2310,82493,-0.002159827213822907
2022-04-12,2305,2330,2295,2320,95811,0.0043290043290042934
2022-04-13,2320,2590,2320,2525,3576366,0.08836206896551735
2022-04-14,2515,2605,2500,2600,1214143,0.02970297029702973
2022-04-15,2575,2600,2520,2570,729262,-0.011538461538461497
2022-04-18,2565,2570,2515,2550,312903,-0.0077821011673151474
2022-04-19,2535,2705,2535,2635,2114954,0.03333333333333344
2022-04-20,2640,2645,2565,2630,394239,-0.00189753320683117
2022-04-21,2600,2625,2475,2505,1212995,-0.04752851711026618
2022-04-22,2490,2535,2450,2505,444030,0.0
2022-04-25,2470,2505,2425,2480,436413,-0.009980039920159722
2022-04-26,2500,2595,2485,2575,757556,0.03830645161290325
2022-04-27,2540,2595,2490,2585,358367,0.003883495145631022
2022-04-28,2605,2615,2550,2580,422337,-0.0019342359767892114
2022-04-29,2580,2585,2395,2410,1493904,-0.06589147286821706
2022-05-02,2370,2460,2365,2440,437817,0.012448132780082943
2022-05-03,2440,2455,2400,2405,404559,-0.014344262295082011
2022-05-04,2405,2430,2375,2410,237399,0.0020790020790020236
2022-05-06,2410,2460,2385,2425,215808,0.006224066390041472
2022-05-09,2425,2425,2280,2335,635854,-0.03711340206185565
2022-05-10,2275,2325,2185,2295,577528,-0.017130620985010725
2022-05-11,2325,2360,2280,2300,441939,0.002178649237472685
2022-05-12,2290,2320,2145,2260,711500,-0.017391304347826098
2022-05-13,2220,2295,2220,2290,246522,0.01327433628318575
2022-05-16,2290,2325,2270,2275,244079,-0.0065502183406113135
2022-05-17,2255,2315,2255,2290,106971,0.00659340659340657
2022-05-18,2300,2315,2280,2290,171198,0.0
2022-05-19,2255,2295,2235,2295,183780,0.0021834061135370675
2022-05-20,2290,2320,2280,2295,152022,0.0
2022-05-23,2300,2350,2280,2295,256874,0.0
2022-05-24,2310,2310,2220,2235,354473,-0.02614379084967322
2022-05-25,2235,2255,2195,2235,487157,0.0
2022-05-26,2230,2290,2200,2220,208944,-0.006711409395973145
2022-05-27,2270,2385,2210,2255,1834280,0.015765765765765716
2022-05-30,2310,2375,2215,2310,994786,0.024390243902439046
2022-05-31,2310,2325,2270,2315,323332,0.0021645021645022577
2022-06-02,2295,2330,2285,2315,207837,0.0
2022-06-03,2310,2340,2295,2310,123038,-0.002159827213822907
2022-06-07,2310,2315,2285,2295,127365,-0.00649350649350644
2022-06-08,2295,2330,2275,2285,243338,-0.004357298474945481
2022-06-09,2270,2305,2250,2290,94324,0.002188183807439792
2022-06-10,2255,2285,2255,2275,59109,-0.0065502183406113135
2022-06-13,2250,2250,2090,2135,636514,-0.06153846153846154
2022-06-14,2090,2150,2020,2125,618902,-0.004683840749414525
2022-06-15,2090,2155,2030,2130,504108,0.0023529411764706687
2022-06-16,2135,2150,2070,2100,349544,-0.014084507042253502
2022-06-17,2055,2065,1995,2055,438477,-0.021428571428571463
2022-06-20,2050,2065,1935,1970,555170,-0.041362530413625254
2022-06-21,1965,1985,1930,1950,225776,-0.010152284263959421
2022-06-22,1950,2000,1820,1850,967489,-0.05128205128205132
2022-06-23,1845,1870,1695,1765,1204392,-0.04594594594594592
2022-06-24,1765,1850,1735,1840,458188,0.04249291784702547
2022-06-27,1840,1890,1825,1885,834731,0.024456521739130377
2022-06-28,1870,1900,1840,1890,207493,0.0026525198938991412
2022-06-29,1855,1885,1830,1870,186342,-0.010582010582010581
2022-06-30,1865,1865,1795,1815,328852,-0.02941176470588236
2022-07-01,1810,1855,1755,1795,306783,-0.011019283746556474
2022-07-04,1805,1840,1635,1745,559018,-0.027855153203342642
2022-07-05,1745,1830,1740,1795,167761,0.02865329512893977
2022-07-06,1800,1840,1745,1765,680955,-0.01671309192200554
2022-07-07,1785,1835,1775,1830,211013,0.03682719546742219
2022-07-08,1840,1880,1830,1865,251982,0.0191256830601092
2022-07-11,1870,2030,1850,2025,746217,0.08579088471849872
2022-07-12,2025,2025,1965,2020,260608,-0.0024691358024691024
2022-07-13,2005,2205,1985,2175,1081620,0.0767326732673268
2022-07-14,2200,2215,2150,2190,589737,0.006896551724137945
2022-07-15,2365,2370,1920,1920,2284098,-0.12328767123287676
2022-07-18,1930,2045,1925,2005,910819,0.04427083333333326
2022-07-19,1950,2085,1935,1945,1235966,-0.029925187032418976
2022-07-20,1965,1975,1910,1930,328174,-0.007712082262210762
2022-07-21,1920,2045,1920,2000,751569,0.03626943005181338
2022-07-22,1995,2025,1960,1985,537855,-0.007499999999999951
2022-07-25,1985,2005,1965,1975,283886,-0.005037783375314908
2022-07-26,1970,1985,1940,1970,158136,-0.0025316455696202667
2022-07-27,1970,1980,1950,1970,138177,0.0
2022-07-28,2000,2000,1930,1960,302926,-0.005076142131979711
2022-07-29,1965,1980,1940,1950,423109,-0.005102040816326481
2022-08-01,1965,1965,1935,1945,332997,-0.002564102564102555
2022-08-02,1940,1945,1905,1930,194621,-0.007712082262210762
2022-08-03,1930,1950,1905,1950,71532,0.010362694300518172
2022-08-04,1945,2135,1945,1980,2048269,0.01538461538461533
2022-08-05,1975,2015,1970,2005,318335,0.012626262626262541
2022-08-08,2005,2030,2000,2020,254171,0.007481296758104827
2022-08-09,2010,2030,2000,2020,194580,0.0
2022-08-10,2005,2020,1985,2005,280916,-0.007425742574257432
2022-08-11,2025,2125,2015,2080,1499106,0.03740648379052369
2022-08-12,2080,2180,2060,2140,788366,0.028846153846153744
2022-08-16,2140,2165,2125,2135,284300,-0.002336448598130869
2022-08-17,2105,2145,2095,2120,268063,-0.007025761124121788
2022-08-18,2155,2200,2130,2170,947343,0.02358490566037741
2022-08-19,2155,2175,2135,2160,205737,-0.004608294930875556
2022-08-22,2150,2150,2070,2110,210226,-0.02314814814814814
2022-08-23,2110,2110,2030,2060,162629,-0.023696682464455
2022-08-24,2060,2095,2000,2020,309679,-0.01941747572815533
2022-08-25,2065,2150,2045,2145,571244,0.061881188118811936
2022-08-26,2165,2200,2105,2125,312733,-0.009324009324009341
2022-08-29,2015,2070,2010,2045,325140,-0.03764705882352937
2022-08-30,2050,2070,2015,2050,222294,0.0024449877750611915
2022-08-31,2045,2085,2015,2075,238230,0.012195121951219523
2022-09-01,2045,2070,2030,2050,147693,-0.012048192771084376
2022-09-02,2050,2055,1995,2055,302696,0.0024390243902439046
2022-09-05,2035,2050,1970,2000,279209,-0.02676399026763987
2022-09-06,2005,2195,1990,2065,5242238,0.03249999999999997
2022-09-07,2040,2065,2020,2060,521992,-0.002421307506053294
2022-09-08,2065,2070,2015,2015,447529,-0.021844660194174748
2022-09-13,2040,2130,2040,2110,541432,0.04714640198511155
2022-09-14,2055,2095,2025,2090,252972,-0.009478672985781977
2022-09-15,2095,2140,2085,2105,267072,0.0071770334928229484
2022-09-16,2085,2095,2040,2055,341195,-0.02375296912114011
2022-09-19,2055,2060,1990,2030,278512,-0.012165450121654486
2022-09-20,2035,2050,1965,1985,887199,-0.022167487684729092
2022-09-21,1970,2030,1960,1985,362992,0.0
2022-09-22,1975,1975,1885,1925,465137,-0.030226700251889116
2022-09-23,1910,1930,1855,1880,287874,-0.023376623376623384
2022-09-26,1845,1875,1775,1810,691298,-0.037234042553191515
2022-09-27,1790,1870,1725,1835,637882,0.013812154696132506
2022-09-28,1855,1900,1740,1785,700236,-0.027247956403269713
2022-09-29,1805,1845,1780,1785,340772,0.0
2022-09-30,1755,1805,1735,1805,245552,0.011204481792717047
2022-10-04,1830,1850,1815,1840,296614,0.01939058171745156
2022-10-05,1860,1885,1785,1830,321581,-0.005434782608695676
2022-10-06,1845,1905,1840,1885,264212,0.030054644808743092
2022-10-07,1870,1900,1870,1890,180358,0.0026525198938991412
2022-10-11,1850,1855,1750,1810,517466,-0.042328042328042326
2022-10-12,1800,1835,1785,1825,202878,0.008287292817679592
2022-10-13,1810,1815,1725,1740,474800,-0.046575342465753455
2022-10-14,1760,1795,1755,1770,267920,0.01724137931034475
2022-10-17,1745,1815,1715,1805,159243,0.019774011299435124
2022-10-18,1825,1840,1810,1825,227246,0.011080332409972193
2022-10-19,1835,1855,1810,1825,150172,0.0
2022-10-20,1810,1845,1780,1795,156458,-0.016438356164383605
2022-10-21,1790,1800,1760,1760,94229,-0.01949860724233987
2022-10-24,1790,1805,1760,1780,136728,0.011363636363636465
2022-10-25,1785,1870,1780,1855,617453,0.042134831460674205
2022-10-26,1850,1860,1810,1825,216624,-0.016172506738544423
2022-10-27,1820,1845,1810,1835,129961,0.005479452054794498
2022-10-28,1835,1840,1800,1810,157645,-0.013623978201634857
2022-10-31,1820,1835,1805,1830,98392,0.011049723756906049
2022-11-01,1815,1825,1795,1810,275722,-0.010928961748633892
2022-11-02,1810,1820,1795,1820,223268,0.005524861878453136
2022-11-03,1800,1870,1785,1840,182706,0.01098901098901095
2022-11-04,1840,1840,1805,1825,113400,-0.008152173913043459
2022-11-07,1825,1835,1810,1835,149164,0.005479452054794498
2022-11-08,1825,1915,1825,1895,522017,0.032697547683923744
2022-11-09,1895,1900,1850,1870,396368,-0.01319261213720313
2022-11-10,1850,1870,1800,1840,378725,-0.016042780748663055
2022-11-11,1885,1960,1885,1945,1506177,0.057065217391304435
2022-11-14,1950,1955,1920,1935,323019,-0.005141388174807249
2022-11-15,1980,2025,1965,2000,1177185,0.03359173126614978
2022-11-16,2010,2020,1980,2010,715614,0.004999999999999893
2022-11-17,2010,2010,1960,1995,254768,-0.007462686567164201
2022-11-18,1990,2005,1955,1965,397978,-0.015037593984962405
2022-11-21,1965,1965,1885,1920,258995,-0.022900763358778664
2022-11-22,1915,1950,1910,1935,170457,0.0078125
2022-11-23,1935,1960,1915,1960,170487,0.012919896640826822
2022-11-24,1965,1990,1950,1975,235590,0.007653061224489832
2022-11-25,1980,2010,1970,1995,328582,0.010126582278481067
2022-11-28,1995,1995,1965,1980,264134,-0.007518796992481258
2022-11-29,1975,2000,1960,1990,192524,0.005050505050504972
2022-11-30,1975,1990,1955,1990,140155,0.0
2022-12-01,2015,2015,1985,1990,170236,0.0
2022-12-02,1985,1990,1970,1980,110409,-0.005025125628140725
2022-12-05,1980,1995,1965,1985,134212,0.002525252525252597
2022-12-06,1980,2000,1965,1995,123306,0.005037783375314797
2022-12-07,1985,1995,1975,1990,138278,-0.0025062656641604564
2022-12-08,1980,2005,1975,1995,205792,0.002512562814070307
2022-12-09,1995,2000,1980,1990,145060,-0.0025062656641604564
2022-12-12,1990,2000,1980,1995,95833,0.002512562814070307
2022-12-13,1995,2005,1970,1995,193614,0.0
2022-12-14,1990,2050,1980,2045,465128,0.02506265664160412
2022-12-15,2050,2050,2000,2020,157476,-0.012224938875305624
2022-12-16,1990,2010,1985,2010,137696,-0.004950495049504955
2022-12-19,2010,2015,1990,2000,105837,-0.00497512437810943
2022-12-20,2000,2005,1960,1985,279554,-0.007499999999999951
2022-12-21,1985,1995,1970,1990,180913,0.0025188916876575096
2022-12-22,1990,1990,1945,1965,232465,-0.012562814070351758
2022-12-23,1950,1950,1895,1920,1063923,-0.022900763358778664
2022-12-26,1910,1925,1875,1920,177132,0.0
2022-12-27,1905,1950,1905,1945,220347,0.01302083333333326
2022-12-28,1945,1945,1900,1935,146523,-0.005141388174807249
2022-12-29,1930,1965,1890,1920,175068,-0.007751937984496138
2023-01-02,1920,1970,1870,1900,1019596,-0.01041666666666663
2023-01-03,1870,1915,1820,1885,389765,-0.007894736842105288
2023-01-04,1855,1915,1855,1915,130106,0.01591511936339529
2023-01-05,1920,1925,1895,1915,60081,0.0
2023-01-06,1885,1915,1870,1890,336223,-0.01305483028720622
2023-01-09,1895,1935,1895,1920,179323,0.015873015873015817
2023-01-10,1920,1935,1910,1920,98596,0.0
2023-01-11,1920,1950,1920,1945,243429,0.01302083333333326
2023-01-12,1945,1960,1930,1940,116736,-0.0025706940874036244
2023-01-13,1945,1965,1930,1955,310881,0.0077319587628865705
2023-01-16,1960,1960,1930,1945,118552,-0.005115089514066473
2023-01-17,1930,2030,1910,1930,674839,-0.007712082262210762
2023-01-18,1925,1990,1910,1960,380505,0.015544041450777257
2023-01-19,1960,1975,1940,1975,266306,0.007653061224489832
2023-01-20,1980,1990,1945,1965,182049,-0.005063291139240533
2023-01-25,1969,1982,1950,1970,117976,0.0025445292620864812
2023-01-26,1970,1976,1963,1970,159720,0.0
2023-01-27,1971,1976,1965,1968,126597,-0.0010152284263958977
2023-01-30,1970,1985,1928,1930,237453,-0.019308943089430874
2023-01-31,1930,1944,1895,1900,371819,-0.015544041450777257
2023-02-01,1915,1915,1852,1882,415714,-0.0094736842105263
2023-02-02,1883,1935,1872,1935,408828,0.028161530286928693
2023-02-03,1935,1942,1923,1930,252188,-0.0025839793281653423
2023-02-06,1930,1930,1877,1880,451874,-0.025906735751295318
2023-02-07,1876,1987,1876,1980,1075314,0.05319148936170204
2023-02-08,1988,2045,1960,2015,664487,0.017676767676767735
2023-02-09,2010,2045,1999,2035,344609,0.00992555831265518
2023-02-10,2030,2035,1997,2015,436772,-0.009828009828009798
2023-02-13,2030,2065,2010,2040,479731,0.012406947890818865
2023-02-14,2055,2085,2040,2070,523309,0.014705882352941124
2023-02-15,2070,2080,2010,2035,449866,-0.016908212560386437
2023-02-16,2040,2080,2025,2065,699336,0.014742014742014753
2023-02-17,2010,2055,2010,2030,207072,-0.016949152542372836
2023-02-20,2020,2040,1995,2040,201201,0.0049261083743843415
2023-02-21,2035,2055,2015,2040,147174,0.0
2023-02-22,2025,2025,1983,1999,446654,-0.020098039215686314
2023-02-23,2000,2005,1986,2005,242132,0.0030015007503751967
2023-02-24,2005,2005,1979,1995,197943,-0.004987531172069848
2023-02-27,1993,1995,1960,1983,182164,-0.006015037593984918
2023-02-28,1983,1990,1961,1984,214015,0.0005042864346949116
2023-03-02,1994,2005,1980,1990,143102,0.003024193548387011
2023-03-03,2000,2000,1980,1990,127019,0.0
2023-03-06,2000,2000,1969,1981,130478,-0.004522613065326642
2023-03-07,1973,1983,1960,1982,146851,0.0005047955577990315
2023-03-08,1976,1982,1950,1969,205231,-0.006559031281533789
2023-03-09,1969,2030,1949,1996,238473,0.013712544438801322
2023-03-10,1992,1994,1936,1936,227833,-0.030060120240480992
2023-03-13,1911,1936,1855,1900,456503,-0.018595041322314043
2023-03-14,1869,1894,1831,1851,250867,-0.025789473684210473
2023-03-15,1853,1927,1853,1920,385936,0.037277147487844386
2023-03-16,1918,2060,1902,2030,1403229,0.05729166666666674
2023-03-17,2050,2080,2025,2060,607551,0.014778325123152802
2023-03-20,2060,2075,2020,2050,559210,-0.004854368932038833
2023-03-21,2050,2065,1988,1988,434581,-0.030243902439024417
2023-03-22,2075,2265,2020,2205,11753000,0.10915492957746475
2023-03-23,2340,2365,2250,2265,6139928,0.027210884353741527
2023-03-24,2310,2365,2265,2320,2466433,0.024282560706401668
2023-03-27,2320,2370,2090,2275,1518414,-0.0193965517241379
2023-03-28,2320,2800,2275,2640,39727160,0.16043956043956054
2023-03-29,2620,2695,2565,2670,5952970,0.011363636363636465
2023-03-30,2640,2645,2545,2635,3370079,-0.01310861423220977
2023-03-31,2690,2775,2590,2685,6962624,0.018975332068311257
2023-04-03,2720,2900,2645,2810,13893909,0.04655493482309114
2023-04-04,2930,3070,2630,2650,16266958,-0.05693950177935947
2023-04-05,3055,3120,2680,2705,29882773,0.020754716981132182
2023-04-06,2735,2860,2600,2640,8152536,-0.02402957486136781
2023-04-07,2705,2835,2695,2720,7237514,0.030303030303030276
2023-04-10,2725,2725,2630,2670,2465982,-0.018382352941176516
2023-04-11,2710,2810,2560,2725,5698205,0.020599250936329527
2023-04-12,2690,2825,2635,2800,7170195,0.02752293577981657
2023-04-13,2770,2850,2670,2760,3402539,-0.014285714285714235
2023-04-14,2765,2780,2680,2700,1921454,-0.021739130434782594
2023-04-17,2670,2675,2610,2630,1437107,-0.025925925925925908
2023-04-18,2630,2690,2610,2680,1624041,0.019011406844106515
2023-04-19,2680,2845,2640,2765,6547066,0.03171641791044766
2023-04-20,2830,2870,2680,2685,4743509,-0.02893309222423146
2023-04-21,2640,2705,2620,2625,1436838,-0.022346368715083775
2023-04-24,2615,2690,2445,2575,5104639,-0.01904761904761909
2023-04-25,2505,2545,2425,2485,1560368,-0.03495145631067964
2023-04-26,2460,2510,2425,2425,1264220,-0.024144869215291798
2023-04-27,2410,2470,2380,2445,861364,0.008247422680412342
2023-04-28,2465,2540,2415,2430,1192516,-0.006134969325153339
2023-05-02,2420,2480,2410,2445,606050,0.006172839506172867
2023-05-03,2435,2465,2360,2405,1126389,-0.01635991820040905
2023-05-04,2405,2415,2345,2370,779635,-0.014553014553014498
2023-05-08,2420,2480,2410,2435,1022661,0.02742616033755274
2023-05-09,2395,2435,2360,2365,635212,-0.028747433264887046
2023-05-10,2365,2385,2315,2330,661016,-0.014799154334038
2023-05-11,2345,2415,2345,2365,662222,0.015021459227467782
2023-05-12,2365,2390,2310,2310,640823,-0.023255813953488413
2023-05-15,2305,2415,2220,2285,1452169,-0.010822510822510845
2023-05-16,2360,2595,2330,2500,11086702,0.09409190371991238
2023-05-17,2485,2690,2435,2685,9006794,0.07400000000000007
2023-05-18,2810,2930,2785,2910,15340626,0.08379888268156432
2023-05-19,2880,3055,2855,2910,7974313,0.0
2023-05-22,2920,2950,2845,2870,3117680,-0.013745704467353903
2023-05-23,2900,2960,2855,2915,3530688,0.015679442508710784
2023-05-24,2865,2880,2750,2850,2676336,-0.022298456260720356
2023-05-25,2895,2945,2830,2880,3183126,0.010526315789473717
2023-05-26,2905,2950,2855,2860,2716680,-0.00694444444444442
2023-05-30,2890,3040,2825,2995,7589948,0.0472027972027973
2023-05-31,3290,3290,2910,2915,13637630,-0.026711185308848084
2023-06-01,2900,3035,2815,2960,4416788,0.015437392795883298
2023-06-02,2950,2990,2710,2735,5479863,-0.07601351351351349
2023-06-05,2860,2865,2760,2840,2875209,0.03839122486288837
2023-06-07,2840,2840,2770,2775,2116657,-0.022887323943661997
2023-06-08,2730,2820,2710,2820,1807712,0.016216216216216273
2023-06-09,2820,2850,2770,2840,1726857,0.007092198581560183
2023-06-12,2840,2850,2775,2800,2319712,-0.014084507042253502
2023-06-13,2830,2865,2800,2805,2295157,0.0017857142857142794
2023-06-14,2790,2795,2655,2665,2611772,-0.04991087344028522
2023-06-15,2665,2740,2645,2680,1035863,0.0056285178236397115
2023-06-16,2665,2700,2630,2655,1330163,-0.009328358208955279
2023-06-19,2655,2700,2600,2675,1038010,0.007532956685499137
2023-06-20,2680,2680,2575,2600,1048761,-0.028037383177570097
2023-06-21,2625,2625,2530,2535,1053731,-0.025000000000000022
2023-06-22,2525,2565,2490,2490,1013979,-0.017751479289940808
2023-06-23,2490,2570,2490,2505,956508,0.006024096385542244
2023-06-26,2545,2575,2490,2555,773555,0.019960079840319445
2023-06-27,2555,2565,2520,2545,398628,-0.003913894324853229
2023-06-28,2555,2790,2540,2690,7871239,0.056974459724950854
2023-06-29,2770,2770,2640,2665,2335557,-0.009293680297397744
2023-06-30,2645,2830,2600,2730,3990687,0.024390243902439046
2023-07-03,2720,2755,2695,2700,1400392,-0.01098901098901095
2023-07-04,2705,2770,2665,2725,1481311,0.0092592592592593
2023-07-05,2730,2740,2655,2670,1212725,-0.020183486238532056
2023-07-06,2630,2670,2545,2560,1051102,-0.041198501872659166
2023-07-07,2550,2575,2510,2530,779856,-0.01171875
2023-07-10,2525,2540,2480,2500,741856,-0.011857707509881465
2023-07-11,2505,2545,2495,2515,834567,0.006000000000000005
2023-07-12,2550,2585,2510,2525,1120900,0.003976143141153132
2023-07-13,2540,2665,2515,2660,2617370,0.05346534653465351
2023-07-14,2700,2830,2680,2780,7472833,0.04511278195488733
2023-07-17,2840,2850,2755,2790,3241034,0.003597122302158251
2023-07-18,2795,2795,2700,2730,1682775,-0.021505376344086002
2023-07-19,2755,2760,2600,2615,1581186,-0.042124542124542086
2023-07-20,2555,2650,2555,2625,1321409,0.003824091778202643
2023-07-21,2670,2680,2615,2655,1336864,0.011428571428571344
2023-07-24,2645,2645,2530,2545,1382224,-0.04143126177024481
2023-07-25,2520,2560,2430,2430,1665934,-0.04518664047151277
2023-07-26,2425,2445,2260,2315,2431879,-0.04732510288065839
2023-07-27,2305,2390,2295,2385,1939545,0.030237580993520474
2023-07-28,2460,2670,2445,2555,8965283,0.07127882599580704
2023-07-31,2575,2580,2510,2540,1602390,-0.005870841487279899
2023-08-01,2565,2660,2545,2660,3256050,0.04724409448818889
2023-08-02,2695,2725,2630,2670,3410252,0.003759398496240518
2023-08-03,2655,2655,2535,2585,1978901,-0.03183520599250933
2023-08-04,2570,2570,2490,2540,1121155,-0.01740812379110257
2023-08-07,2550,2680,2525,2655,2976871,0.04527559055118102
2023-08-08,2670,2680,2550,2555,1659029,-0.03766478342749524
2023-08-09,2555,2595,2530,2560,851497,0.001956947162426559
2023-08-10,2535,2610,2475,2600,1252947,0.015625
2023-08-11,2645,2720,2610,2615,3936114,0.005769230769230749
2023-08-14,2585,2670,2535,2615,1486844,0.0
2023-08-16,2660,2740,2635,2655,5189629,0.015296367112810794
2023-08-17,2620,2785,2585,2745,5916322,0.03389830508474567
2023-08-18,2700,2775,2665,2685,3399019,-0.021857923497267784
2023-08-21,2735,2880,2710,2760,8896168,0.027932960893854775
2023-08-22,2830,2840,2735,2745,4198215,-0.005434782608695676
2023-08-23,2720,2845,2695,2790,4411584,0.016393442622950838
2023-08-24,2820,2850,2770,2825,3576595,0.012544802867383575
2023-08-25,2790,2985,2785,2890,7839094,0.023008849557522026
2023-08-28,2890,2930,2815,2895,2754042,0.0017301038062282892
2023-08-29,2950,3090,2930,3040,8892842,0.050086355785837755
2023-08-30,3080,3115,3015,3085,5710187,0.014802631578947345
2023-08-31,3085,3085,2965,2995,3529168,-0.02917341977309562
2023-09-01,2955,3015,2930,2930,2795967,-0.02170283806343909
2023-09-04,2930,2970,2845,2855,2722775,-0.025597269624573427
2023-09-05,2855,2895,2845,2860,2011410,0.0017513134851139256
2023-09-06,2860,2945,2850,2910,2528693,0.0174825174825175
2023-09-07,2915,3780,2895,3780,58480526,0.2989690721649485
2023-09-08,3705,3705,3265,3300,24498182,-0.12698412698412698
2023-09-11,3305,3430,3270,3375,9675324,0.022727272727272707
2023-09-12,3380,3505,3300,3350,9411930,-0.007407407407407418
2023-09-13,3320,3405,3210,3220,4548292,-0.03880597014925369
2023-09-14,3270,3435,3270,3380,6320080,0.049689440993788914
2023-09-15,3380,3425,3340,3400,2903323,0.00591715976331364
2023-09-18,3365,3485,3335,3415,4556896,0.004411764705882337
2023-09-19,3505,3800,3240,3315,25083912,-0.029282576866764276
2023-09-20,3280,3460,3250,3260,5612735,-0.016591251885369585
2023-09-21,3230,3240,3050,3055,5093673,-0.06288343558282206
2023-09-22,2990,3105,2985,3025,2997641,-0.009819967266775809
2023-09-25,3015,3060,2930,2930,2184154,-0.031404958677686
2023-09-26,2940,2990,2860,2865,2291509,-0.022184300341296925
2023-09-27,2845,2910,2840,2910,2381694,0.015706806282722585
2023-10-04,2860,2880,2700,2700,3749593,-0.07216494845360821
2023-10-05,2780,2845,2555,2555,6013540,-0.0537037037037037
2023-10-06,2555,2715,2555,2695,1977465,0.0547945205479452
2023-10-10,2715,2730,2575,2605,1795129,-0.033395176252319136
2023-10-11,2670,2760,2665,2705,1287739,0.03838771593090207
2023-10-12,2745,2810,2730,2795,1145435,0.03327171903881698
2023-10-13,2785,2825,2730,2770,1795223,-0.008944543828264706
2023-10-16,2745,2760,2655,2760,1310146,-0.0036101083032491488
2023-10-17,2850,2945,2810,2915,2845484,0.05615942028985499
2023-10-18,2900,2910,2800,2805,1764989,-0.037735849056603765
2023-10-19,2715,2745,2630,2635,1842170,-0.06060606060606055
2023-10-20,2630,2635,2520,2530,2014308,-0.03984819734345346
2023-10-23,2495,2585,2475,2500,1381163,-0.011857707509881465
2023-10-24,2535,2620,2460,2615,1420685,0.04600000000000004
2023-10-25,2635,2660,2575,2600,1161831,-0.005736137667303964
2023-10-26,2505,2595,2425,2500,1792039,-0.038461538461538436
2023-10-27,2520,2545,2425,2470,1352750,-0.01200000000000001
2023-10-30,2430,2525,2430,2505,834881,0.014170040485830038
2023-10-31,2550,2550,2350,2390,1872379,-0.04590818363273452
2023-11-01,2400,2450,2370,2380,892684,-0.004184100418409997
2023-11-02,2445,2545,2430,2540,1413561,0.0672268907563025
2023-11-03,2600,2615,2540,2600,1437210,0.023622047244094446
2023-11-06,2570,2645,2560,2640,1781944,0.01538461538461533
2023-11-07,2665,2680,2580,2630,1202775,-0.0037878787878787845
2023-11-08,2640,2655,2530,2560,1260076,-0.026615969581749055
2023-11-09,2590,2605,2530,2545,749988,-0.005859375
2023-11-10,2495,2530,2445,2465,1067216,-0.03143418467583492
2023-11-13,2485,2505,2385,2395,1012461,-0.028397565922920864
2023-11-14,2410,2465,2410,2455,661432,0.025052192066805867
2023-11-15,2485,2545,2470,2490,1246450,0.014256619144602745
2023-11-16,2500,2535,2420,2520,788127,0.012048192771084265
2023-11-17,2520,2530,2385,2395,1628338,-0.04960317460317465
2023-11-20,2395,2430,2380,2405,654824,0.0041753653444676075
2023-11-21,2420,2450,2405,2415,752595,0.004158004158004047
2023-11-22,2410,2425,2385,2410,626024,-0.0020703933747412417
2023-11-23,2410,2425,2315,2340,1439998,-0.02904564315352698
2023-11-24,2350,2355,2290,2310,825299,-0.012820512820512775
2023-11-27,2305,2335,2270,2310,1270190,0.0
2023-11-28,2310,2340,2285,2310,727179,0.0
2023-11-29,2315,2335,2280,2300,1065116,-0.0043290043290042934
2023-11-30,2300,2305,2260,2270,1031326,-0.013043478260869601
2023-12-01,2260,2275,2225,2250,926273,-0.008810572687224627
2023-12-04,2260,2260,2190,2205,1265249,-0.020000000000000018
2023-12-05,2195,2205,2140,2145,1522136,-0.027210884353741527
2023-12-06,2145,2170,2130,2140,767578,-0.002331002331002363
2023-12-07,2125,2160,2100,2110,922273,-0.014018691588784993
2023-12-08,2135,2165,2130,2155,602136,0.021327014218009532
2023-12-11,2170,2195,2155,2185,868491,0.0139211136890951
2023-12-12,2190,2270,2180,2235,1245012,0.022883295194507935
2023-12-13,2265,2390,2245,2315,2467617,0.03579418344519025
2023-12-14,2355,2355,2285,2295,1378874,-0.008639308855291628
2023-12-15,2315,2400,2305,2350,1409957,0.023965141612200425
2023-12-18,2355,2360,2315,2340,934778,-0.004255319148936176
2023-12-19,2340,2360,2310,2340,509875,0.0
2023-12-20,2345,2400,2315,2390,1327022,0.02136752136752129
2023-12-21,2355,2535,2355,2445,3521687,0.023012552301255207
2023-12-22,2460,2470,2390,2410,1315704,-0.014314928425357865
2023-12-26,2425,2445,2370,2370,1224398,-0.016597510373444035
2023-12-27,2370,2460,2345,2380,1494472,0.00421940928270037
2023-12-28,2430,2435,2370,2400,852217,0.008403361344537785
2024-01-02,2400,2450,2390,2425,860447,0.01041666666666674
2024-01-03,2405,2460,2375,2395,1068396,-0.012371134020618513
2024-01-04,2380,2450,2310,2345,1329301,-0.02087682672233826
2024-01-05,2345,2365,2315,2325,570606,-0.008528784648187626
2024-01-08,2330,2380,2315,2375,761485,0.021505376344086002
2024-01-09,2395,2490,2380,2420,2112321,0.0189473684210526
2024-01-10,2410,2410,2315,2355,1261107,-0.02685950413223137
2024-01-11,2370,2430,2370,2390,983127,0.014861995753715496
2024-01-12,2435,2465,2330,2340,998669,-0.02092050209205021
2024-01-15,2345,2425,2345,2390,966118,0.02136752136752129
2024-01-16,2400,2435,2350,2355,1044478,-0.014644351464435101
2024-01-17,2350,2375,2230,2260,1407904,-0.04033970276008492
2024-01-18,2260,2325,2250,2310,702829,0.022123893805309658
2024-01-19,2330,2400,2320,2355,1018058,0.01948051948051943
2024-01-22,2380,2425,2360,2420,1231842,0.027600849256900206
2024-01-23,2445,2760,2405,2575,16271095,0.06404958677685957
2024-01-24,2630,2635,2535,2570,2990946,-0.001941747572815511
2024-01-25,2570,2595,2500,2525,2395469,-0.017509727626459193
2024-01-26,2520,2520,2445,2460,1354592,-0.025742574257425765
2024-01-29,2460,2475,2225,2235,3330299,-0.09146341463414631
2024-01-30,2250,2275,2195,2195,1485630,-0.017897091722595126
2024-01-31,2185,2220,2095,2110,1353017,-0.038724373576309756
2024-02-01,2090,2150,2090,2125,840734,0.007109004739336511
2024-02-02,2130,2190,2130,2170,945211,0.021176470588235352
2024-02-05,2170,2200,2120,2140,685754,-0.01382488479262678
2024-02-06,2130,2140,2080,2100,948313,-0.01869158878504673
2024-02-07,2090,2135,2080,2105,774965,0.0023809523809523725
2024-02-08,2110,2320,2110,2165,3851835,0.028503562945368266
2024-02-13,2175,2250,2170,2230,1159359,0.03002309468822162
2024-02-14,2205,2265,2190,2255,839402,0.011210762331838486
2024-02-15,2280,2285,2200,2215,770778,-0.0177383592017738
2024-02-16,2250,2250,2175,2195,1644837,-0.009029345372460473
2024-02-19,2515,2530,2335,2360,8362828,0.0751708428246014
2024-02-20,2360,2365,2290,2320,1694017,-0.016949152542372836
2024-02-21,2320,2390,2290,2345,1746258,0.010775862068965525
2024-02-22,2355,2375,2285,2295,1343404,-0.021321961620469065
2024-02-23,2330,2340,2240,2240,1133897,-0.023965141612200425
2024-02-26,2240,2265,2215,2260,868666,0.008928571428571397
2024-02-27,2240,2280,2200,2215,795861,-0.019911504424778736
2024-02-28,2215,2230,2190,2205,611302,-0.004514672686230292
2024-02-29,2205,2205,2170,2195,492794,-0.0045351473922902175
2024-03-04,2195,2285,2195,2255,1548835,0.02733485193621865
2024-03-05,2265,2270,2210,2225,710564,-0.013303769401330379
2024-03-06,2235,2255,2210,2235,697497,0.004494382022471877
2024-03-07,2245,2260,2170,2195,1152908,-0.017897091722595126
2024-03-08,2200,2230,2160,2190,1011053,-0.002277904328018221
2024-03-11,2160,2170,2145,2165,747905,-0.011415525114155223
2024-03-12,2165,2175,2120,2145,762609,-0.009237875288683584
2024-03-13,2280,2525,2250,2445,20288884,0.1398601398601398
2024-03-14,2465,2495,2380,2430,5366850,-0.006134969325153339
2024-03-15,2395,2430,2310,2390,4187885,-0.016460905349794275
2024-03-18,2620,2625,2435,2435,8451025,0.01882845188284521
2024-03-19,2375,2415,2335,2400,2503816,-0.014373716632443578
2024-03-20,2380,2440,2355,2360,2595592,-0.01666666666666672
2024-03-21,2395,2425,2345,2365,3139625,0.0021186440677967155
2024-03-22,2440,2780,2430,2565,32961474,0.08456659619450324
2024-03-25,2575,2605,2505,2520,4472341,-0.01754385964912286
2024-03-26,2520,2710,2485,2670,10693720,0.059523809523809534
2024-03-27,2615,2705,2575,2675,5183493,0.001872659176029856
2024-03-28,2695,2840,2585,2825,9126662,0.05607476635514019
2024-03-29,2725,2755,2655,2670,5082065,-0.05486725663716818
2024-04-01,2750,2775,2625,2665,4187753,-0.0018726591760299671
2024-04-02,2700,2810,2645,2680,6251933,0.0056285178236397115
2024-04-03,2620,3110,2580,2880,43255685,0.07462686567164178
2024-04-04,3340,3555,3115,3220,84164958,0.11805555555555558
2024-04-05,3280,4185,3230,3735,181321637,0.15993788819875787
2024-04-08,3865,4010,3655,3735,45340599,0.0
2024-04-09,3955,4270,3390,3435,100489640,-0.08032128514056225
2024-04-11,3595,3735,3435,3690,44312299,0.07423580786026207
2024-04-12,3690,3780,3510,3780,30756732,0.024390243902439046
2024-04-15,3670,3850,3570,3775,20626179,-0.001322751322751281
2024-04-16,3865,3970,3515,3600,22981354,-0.04635761589403975
2024-04-17,3650,3945,3460,3900,34972747,0.08333333333333326
2024-04-18,3800,3960,3685,3905,27254658,0.0012820512820512775
2024-04-19,3990,4045,3600,3675,29434745,-0.05889884763124198
2024-04-22,3585,3740,3455,3740,13874579,0.017687074829932037
2024-04-23,3720,3765,3570,3650,10295130,-0.024064171122994638
2024-04-24,3600,3755,3560,3570,13510380,-0.021917808219178103
2024-04-25,3565,3615,3440,3455,7581243,-0.03221288515406162
2024-04-26,3485,3525,3255,3375,13068914,-0.02315484804630974
2024-04-29,3560,3885,3540,3670,48467943,0.08740740740740738
2024-04-30,3610,3725,3515,3515,10370366,-0.04223433242506813
2024-05-02,3560,3650,3500,3530,8085936,0.004267425320056972
2024-05-03,3555,3630,3320,3320,8161007,-0.059490084985835745
2024-05-07,3365,3750,3350,3715,33005835,0.11897590361445776
2024-05-08,3740,3970,3550,3900,35410953,0.049798115746971794
2024-05-09,3825,4065,3740,3810,17281926,-0.023076923076923106
2024-05-10,3800,3805,3595,3610,7310895,-0.05249343832021003
2024-05-13,3650,3675,3475,3545,5538555,-0.018005540166205036
2024-05-14,3540,3580,3455,3480,4701152,-0.01833568406205921
2024-05-16,3550,4050,3535,3865,46683700,0.11063218390804597
2024-05-17,3870,3875,3675,3700,8380654,-0.04269081500646832
2024-05-20,3720,3765,3590,3590,5416166,-0.02972972972972976
2024-05-21,3620,3645,3465,3490,5782951,-0.027855153203342642
2024-05-22,3505,3530,3400,3410,4695671,-0.022922636103151817
2024-05-23,3440,3465,3345,3415,4110395,0.0014662756598240456
2024-05-24,3625,3655,3275,3280,14408605,-0.039531478770131745
2024-05-27,3285,3450,3250,3350,6710943,0.021341463414634054
2024-05-28,3325,3450,3315,3315,3815848,-0.010447761194029903
2024-05-29,3355,3380,3155,3170,5474522,-0.043740573152337814
2024-05-30,3350,3520,3180,3180,12486796,0.003154574132492094
2024-05-31,3155,3210,3080,3140,3388008,-0.012578616352201255
2024-06-03,3165,3190,3070,3085,3075545,-0.017515923566879033
2024-06-04,3090,3105,2995,3005,3088092,-0.02593192868719607
2024-06-05,3045,3065,2885,2905,4277841,-0.03327787021630613
2024-06-07,2935,2945,2885,2885,2347262,-0.0068846815834767705
2024-06-10,2905,3045,2880,3030,5069646,0.05025996533795496
2024-06-11,3080,3135,3010,3070,4320481,0.013201320132013139
2024-06-12,3075,3145,3030,3100,2961828,0.009771986970684043
2024-06-13,3110,3120,3020,3020,2666832,-0.02580645161290318
2024-06-14,3030,3205,2960,3115,8578444,0.0314569536423841
2024-06-17,3155,3470,3120,3395,20306681,0.0898876404494382
2024-06-18,3470,3570,3415,3535,13185898,0.04123711340206193
2024-06-19,3505,3590,3430,3465,6702281,-0.01980198019801982
2024-06-20,3510,3560,3470,3490,4574464,0.00721500721500723
2024-06-21,3450,3455,3345,3355,3352387,-0.0386819484240688
2024-06-24,3350,3415,3285,3395,3150400,0.011922503725782407
2024-06-25,3355,3505,3305,3490,4252499,0.027982326951399017
2024-06-26,3505,3635,3485,3605,7190353,0.03295128939828085
2024-06-27,3580,3660,3525,3590,4249548,-0.004160887656033285
2024-06-28,3580,3720,3570,3635,5837540,0.012534818941504211
2024-07-01,3615,3680,3550,3620,3294007,-0.004126547455295726
2024-07-02,3625,3795,3600,3640,6823481,0.005524861878453136
2024-07-03,3675,3770,3610,3750,6473472,0.030219780219780112
2024-07-04,3800,3815,3680,3785,7441203,0.009333333333333416
2024-07-05,3720,3760,3530,3555,5943721,-0.06076618229854691
2024-07-08,3540,3655,3460,3615,4480791,0.016877637130801704
2024-07-09,3655,4660,3650,4550,97501136,0.2586445366528354
2024-07-10,4385,4420,3940,3975,32182920,-0.12637362637362637
2024-07-11,3600,3975,3540,3860,42868622,-0.028930817610062887
2024-07-12,3790,3955,3570,3610,14283518,-0.06476683937823835
2024-07-15,3630,3840,3525,3725,8894420,0.03185595567867039
2024-07-16,3730,3820,3580,3645,5438711,-0.02147651006711404
2024-07-17,3620,3645,3310,3355,8674621,-0.07956104252400553
2024-07-18,3255,3410,3160,3400,6400745,0.013412816691505292
2024-07-19,3370,3455,3330,3350,3261221,-0.014705882352941124
2024-07-22,3300,3375,3230,3265,2567952,-0.025373134328358193
2024-07-23,3310,3365,3175,3195,2674892,-0.02143950995405819
2024-07-24,3150,3185,3010,3010,4270497,-0.05790297339593109
2024-07-25,2950,2990,2890,2925,3237203,-0.028239202657807327
2024-07-26,2925,3010,2905,2960,2065884,0.011965811965811923
2024-07-29,3025,3325,3010,3270,8999210,0.10472972972972983
2024-07-30,3270,3335,3210,3240,2833802,-0.00917431192660545
2024-07-31,3310,3395,3225,3395,4288072,0.04783950617283961
2024-08-01,3450,3480,3330,3360,2797816,-0.010309278350515427
2024-08-02,3220,3310,3180,3205,2408689,-0.04613095238095233
2024-08-05,3030,3060,2470,2665,5263496,-0.16848673946957882
2024-08-06,2675,2835,2660,2730,4360704,0.024390243902439046
2024-08-07,2710,2910,2710,2775,2675224,0.016483516483516425
2024-08-08,2730,2775,2660,2710,1820111,-0.023423423423423406
2024-08-09,2830,2960,2820,2830,4020774,0.04428044280442811
2024-08-12,2865,2920,2840,2845,1565283,0.005300353356890497
2024-08-13,2845,2895,2730,2780,1797094,-0.02284710017574687
2024-08-14,2855,2945,2845,2890,2859887,0.03956834532374098
2024-08-16,2950,3005,2890,2915,2129611,0.00865051903114189
2024-08-19,2925,2930,2815,2820,1305184,-0.032590051457976
2024-08-20,2845,2950,2830,2840,1466805,0.007092198581560183
2024-08-21,2825,2835,2725,2765,1544978,-0.026408450704225372
2024-08-22,2790,2810,2640,2645,2097662,-0.04339963833634719
2024-08-23,2605,2655,2555,2640,1449078,-0.001890359168241984
2024-08-26,2715,2730,2555,2560,1826888,-0.030303030303030276
2024-08-27,2560,2620,2520,2585,1089968,0.009765625
2024-08-28,2590,2600,2505,2535,1236155,-0.01934235976789167
2024-08-29,2455,2485,2400,2405,1548530,-0.05128205128205132
2024-08-30,2420,2450,2390,2425,814937,0.008316008316008316
2024-09-02,2450,2470,2380,2455,1085479,0.012371134020618513
2024-09-03,2465,2540,2420,2430,1280728,-0.010183299389002087
2024-09-04,2290,2355,2290,2325,1868363,-0.043209876543209846
2024-09-05,2330,2425,2330,2400,1909627,0.032258064516129004
