Date,Open,High,Low,Close,Volume,Change
2022-01-03,8580,8580,8450,8520,8021,-0.006993006993006978
2022-01-04,8520,8660,8490,8550,7312,0.0035211267605634866
2022-01-05,8550,8900,8510,8550,23776,0.0
2022-01-06,8550,8660,8490,8540,4556,-0.0011695906432748204
2022-01-07,8540,8570,8500,8500,3804,-0.004683840749414525
2022-01-10,8520,8600,8410,8480,5568,-0.0023529411764705577
2022-01-11,8410,8640,8360,8460,7151,-0.002358490566037763
2022-01-12,8460,8460,8340,8410,10019,-0.005910165484633523
2022-01-13,8410,8450,8340,8410,3433,0.0
2022-01-14,8610,10900,8490,10900,1798254,0.29607609988109385
2022-01-17,10900,12450,9950,10500,6460706,-0.03669724770642202
2022-01-18,10400,10950,9620,9620,1379283,-0.08380952380952378
2022-01-19,9540,9880,9030,9130,349882,-0.05093555093555091
2022-01-20,9130,9290,9000,9250,160911,0.013143483023001057
2022-01-21,9080,9290,9040,9150,124755,-0.010810810810810811
2022-01-24,9030,9120,8680,8730,132401,-0.04590163934426228
2022-01-25,8800,8980,8690,8700,142718,-0.0034364261168384758
2022-01-26,8710,8960,8650,8800,102223,0.011494252873563315
2022-01-27,8800,8860,8340,8400,104825,-0.045454545454545414
2022-01-28,8350,8560,8150,8400,79034,0.0
2022-02-03,8500,8830,8500,8730,70755,0.03928571428571437
2022-02-04,8690,8960,8620,8900,71879,0.019473081328751363
2022-02-07,9000,9110,8780,9070,58088,0.019101123595505642
2022-02-08,9070,9220,8850,8960,71059,-0.012127894156560126
2022-02-09,9080,9190,9000,9190,37337,0.025669642857142794
2022-02-10,9190,9240,9050,9090,39624,-0.01088139281828071
2022-02-11,8920,9130,8750,8750,49022,-0.037403740374037375
2022-02-14,8540,8680,8390,8520,55215,-0.026285714285714246
2022-02-15,8460,8610,8350,8470,41676,-0.005868544600938996
2022-02-16,8560,8870,8520,8850,42268,0.044864226682408415
2022-02-17,8850,8960,8700,8750,36275,-0.011299435028248594
2022-02-18,8750,9380,8690,9110,95234,0.04114285714285715
2022-02-21,9080,9140,8950,9030,32541,-0.008781558726673966
2022-02-22,9000,9030,8760,8830,25753,-0.022148394241417457
2022-02-23,8830,9090,8820,8960,22073,0.014722536806341946
2022-02-24,8960,9070,8710,8830,23239,-0.014508928571428603
2022-02-25,8870,8990,8820,8900,31471,0.007927519818799578
2022-02-28,8910,9010,8810,8920,17338,0.0022471910112360494
2022-03-02,8930,9030,8870,8960,15331,0.004484304932735439
2022-03-03,9150,9180,8970,8970,26501,0.0011160714285713969
2022-03-04,9070,9080,8900,8960,20176,-0.0011148272017836858
2022-03-07,8980,9140,8900,9030,55514,0.0078125
2022-03-08,8850,8940,8670,8710,37802,-0.03543743078626804
2022-03-10,8830,8850,8650,8720,25419,0.0011481056257176547
2022-03-11,8720,8780,8610,8670,26660,-0.005733944954128489
2022-03-14,8750,9260,8750,8870,150944,0.023068050749711633
2022-03-15,8930,9120,8800,8920,44899,0.005636978579481422
2022-03-16,8930,9100,8870,9030,30047,0.012331838565022402
2022-03-17,9050,9080,9000,9040,22685,0.001107419712070845
2022-03-18,9050,9090,8900,9060,36164,0.0022123893805310324
2022-03-21,9490,9490,9060,9100,126180,0.004415011037527616
2022-03-22,9100,9170,8970,9090,25070,-0.001098901098901095
2022-03-23,9150,9150,9030,9090,22360,0.0
2022-03-24,9090,9260,9030,9250,61283,0.017601760176017667
2022-03-25,9390,9480,9180,9200,57763,-0.00540540540540535
2022-03-28,9200,9300,9140,9260,39252,0.006521739130434856
2022-03-29,9260,9420,9240,9390,54880,0.014038876889848728
2022-03-30,9450,9450,9330,9370,42604,-0.0021299254526091493
2022-03-31,9370,9420,9320,9350,35766,-0.002134471718249764
2022-04-01,9350,9400,9240,9390,24599,0.004278074866310266
2022-04-04,9390,9410,9200,9410,47425,0.0021299254526092604
2022-04-05,9460,9620,9400,9530,84792,0.012752391073326264
2022-04-06,9540,9540,9320,9370,36330,-0.016789087093389332
2022-04-07,9330,9360,9120,9160,44304,-0.022411953041622246
2022-04-08,9160,9220,9080,9090,21390,-0.007641921397379958
2022-04-11,9160,9170,9020,9110,14771,0.002200220022002153
2022-04-12,9080,9100,8880,9100,33195,-0.001097694840834218
2022-04-13,9100,9150,9010,9130,20562,0.003296703296703285
2022-04-14,9160,9250,9090,9230,25673,0.010952902519167473
2022-04-15,9190,9230,9080,9230,15868,0.0
2022-04-18,9230,9980,9120,9470,374434,0.026002166847237218
2022-04-19,9460,9600,9430,9560,65376,0.009503695881731833
2022-04-20,9600,12150,9520,10850,4491211,0.13493723849372374
2022-04-21,11150,11200,9980,10150,825757,-0.06451612903225812
2022-04-22,10050,10450,9960,9980,379400,-0.016748768472906406
2022-04-25,9920,10750,9920,10100,798270,0.012024048096192397
2022-04-26,10250,10550,10100,10450,252850,0.034653465346534684
2022-04-27,10300,10650,10100,10200,223816,-0.02392344497607657
2022-04-28,10250,10600,10100,10300,132169,0.009803921568627416
2022-04-29,10450,10650,10300,10400,91414,0.009708737864077666
2022-05-02,10450,10900,10300,10350,228923,-0.004807692307692291
2022-05-03,10500,10600,10300,10500,119687,0.01449275362318847
2022-05-04,10600,10650,10150,10150,101300,-0.033333333333333326
2022-05-06,10000,10250,10000,10100,40636,-0.0049261083743842304
2022-05-09,10000,10150,9730,9840,65041,-0.025742574257425765
2022-05-10,9550,9800,9270,9700,79689,-0.014227642276422814
2022-05-11,9610,9820,9500,9640,22996,-0.006185567010309256
2022-05-12,9650,9780,9310,9380,38154,-0.026970954356846488
2022-05-13,9380,9720,9380,9600,27219,0.023454157782516027
2022-05-16,9800,10200,9790,10050,61763,0.046875
2022-05-17,10200,10200,9700,9730,45026,-0.03184079601990053
2022-05-18,9780,9860,9700,9780,21537,0.005138746145940454
2022-05-19,9500,9770,9450,9670,27421,-0.011247443762781195
2022-05-20,9800,9800,9530,9600,18188,-0.007238883143743546
2022-05-23,9600,9600,9300,9390,53825,-0.021874999999999978
2022-05-24,9400,9430,9150,9180,39445,-0.022364217252396124
2022-05-25,9190,9320,9170,9300,16084,0.013071895424836555
2022-05-26,9300,9420,9230,9240,13049,-0.006451612903225823
2022-05-27,9240,9390,9230,9310,27720,0.007575757575757569
2022-05-30,9310,9500,9310,9440,18852,0.013963480128893702
2022-05-31,9500,9500,9380,9480,10628,0.004237288135593209
2022-06-02,9480,9530,9360,9390,10613,-0.009493670886076
2022-06-03,9400,9490,9390,9460,8589,0.007454739084131967
2022-06-07,9540,9540,9150,9210,25640,-0.026427061310782207
2022-06-08,9220,9240,9140,9210,18205,0.0
2022-06-09,9140,9200,8960,9040,27550,-0.018458197611292082
2022-06-10,9100,9100,8820,8900,23423,-0.015486725663716783
2022-06-13,8730,8890,8410,8500,46344,-0.0449438202247191
2022-06-14,8250,8490,8100,8320,42545,-0.02117647058823524
2022-06-15,8480,8490,8100,8130,27370,-0.022836538461538436
2022-06-16,8150,8410,8060,8100,13660,-0.0036900369003689537
2022-06-17,7900,8230,7840,8110,21417,0.0012345679012346622
2022-06-20,7910,8150,7500,7600,55317,-0.06288532675709002
2022-06-21,7520,7800,7400,7650,20614,0.006578947368421018
2022-06-22,7660,7790,7210,7210,31416,-0.05751633986928106
2022-06-23,7090,7250,6600,6600,221673,-0.0846047156726768
2022-06-24,6410,6950,6410,6880,74103,0.042424242424242475
2022-06-27,6980,7170,6960,7150,24538,0.03924418604651159
2022-06-28,7100,7250,7070,7190,17703,0.005594405594405494
2022-06-29,7170,7170,7030,7080,17848,-0.015299026425591111
2022-06-30,7080,7210,6980,7030,15801,-0.007062146892655385
2022-07-01,6990,7100,6800,6870,19904,-0.022759601706970112
2022-07-04,6870,6930,6620,6760,30715,-0.01601164483260553
2022-07-05,6750,7300,6750,7050,19507,0.04289940828402372
2022-07-06,7050,7130,6930,6990,16788,-0.008510638297872353
2022-07-07,6990,7100,6980,7030,12852,0.005722460658083017
2022-07-08,7080,7130,7000,7110,16281,0.011379800853485111
2022-07-11,7190,7190,7070,7070,11949,-0.005625879043600568
2022-07-12,7000,7060,6710,6910,11430,-0.022630834512022635
2022-07-13,6910,7020,6790,6960,11114,0.00723589001447178
2022-07-14,6960,7020,6860,7010,14398,0.007183908045977017
2022-07-15,7080,7080,6800,6920,34861,-0.012838801711840264
2022-07-18,6990,7120,6950,7120,11879,0.028901734104046284
2022-07-19,7120,7210,7090,7170,12578,0.0070224719101124045
2022-07-20,7220,7310,7110,7120,22027,-0.006973500697350032
2022-07-21,7100,7300,7100,7250,12006,0.018258426966292207
2022-07-22,7300,7300,7140,7260,15986,0.0013793103448276334
2022-07-25,7150,7300,7150,7200,3630,-0.008264462809917328
2022-07-26,7150,7250,7150,7210,4476,0.001388888888888884
2022-07-27,7290,7290,7150,7230,4855,0.00277392510402219
2022-07-28,7420,7420,7170,7180,8527,-0.006915629322268302
2022-07-29,7180,7230,7150,7200,7420,0.0027855153203342198
2022-08-01,7280,7280,7190,7200,19086,0.0
2022-08-02,7200,7250,7120,7180,10181,-0.002777777777777768
2022-08-03,7170,9240,7150,8470,2643898,0.17966573816155984
2022-08-04,8220,8280,7640,7720,382881,-0.08854781582054305
2022-08-05,7780,7920,7680,7710,94289,-0.0012953367875647714
2022-08-08,7790,7790,7470,7590,101481,-0.015564202334630295
2022-08-09,7590,7720,7510,7600,50177,0.0013175230566535578
2022-08-10,7600,7630,7400,7420,42230,-0.023684210526315752
2022-08-11,7490,7850,7480,7600,66394,0.0242587601078168
2022-08-12,7600,7670,7560,7570,30444,-0.003947368421052588
2022-08-16,7700,7750,7630,7640,24224,0.009247027741083214
2022-08-17,7540,7610,7450,7610,31808,-0.003926701570680646
2022-08-18,7560,7610,7510,7580,14269,-0.003942181340341633
2022-08-19,7580,7680,7510,7550,24244,-0.00395778364116095
2022-08-22,7580,7770,7450,7450,33063,-0.013245033112582738
2022-08-23,7410,7420,7260,7270,21535,-0.024161073825503365
2022-08-24,7260,7360,7250,7310,13949,0.005502063273727709
2022-08-25,7380,7450,7330,7440,7047,0.017783857729138264
2022-08-26,7590,7600,7430,7480,12582,0.005376344086021501
2022-08-29,7390,7390,7200,7310,25789,-0.022727272727272707
2022-08-30,7230,7470,7230,7420,13265,0.015047879616963078
2022-08-31,7260,7510,7260,7310,28629,-0.014824797843665749
2022-09-01,7320,7500,7240,7240,17266,-0.009575923392612817
2022-09-02,7210,7320,7190,7310,12082,0.00966850828729271
2022-09-05,7250,7280,7150,7220,15118,-0.012311901504788003
2022-09-06,7140,7290,7140,7180,6676,-0.005540166204986097
2022-09-07,7180,7250,6930,7020,21129,-0.02228412256267409
2022-09-08,7020,7100,6960,6960,8845,-0.008547008547008517
2022-09-13,7110,7170,7040,7170,11735,0.030172413793103425
2022-09-14,7090,7140,6950,7120,7655,-0.006973500697350032
2022-09-15,7060,7230,7060,7060,11397,-0.008426966292134797
2022-09-16,7060,7060,6920,6950,11573,-0.015580736543909346
2022-09-19,6950,7160,6830,6930,16086,-0.0028776978417266452
2022-09-20,6890,7200,6890,7000,3640,0.010101010101010166
2022-09-21,6990,7050,6900,6930,12210,-0.010000000000000009
2022-09-22,7000,7050,6800,6990,15910,0.008658008658008587
2022-09-23,7000,7000,6750,6760,13644,-0.03290414878397707
2022-09-26,6760,6760,6470,6490,29672,-0.0399408284023669
2022-09-27,6410,7300,6410,6530,43150,0.006163328197226425
2022-09-28,6530,6730,6250,6250,30322,-0.04287901990811638
2022-09-29,6350,6440,6080,6140,16125,-0.01759999999999995
2022-09-30,5950,6120,5890,6000,28782,-0.0228013029315961
2022-10-04,6120,6340,6000,6200,20467,0.03333333333333344
2022-10-05,6290,6330,6230,6280,9159,0.012903225806451646
2022-10-06,6360,6410,6300,6360,6333,0.01273885350318471
2022-10-07,6360,6380,6290,6290,4188,-0.011006289308176154
2022-10-11,6150,6270,5960,6070,15882,-0.03497615262321141
2022-10-12,6000,6080,5910,6020,8300,-0.008237232289950547
2022-10-13,5950,6000,5800,5800,20315,-0.03654485049833889
2022-10-14,5980,6070,5870,5900,26107,0.01724137931034475
2022-10-17,5840,6040,5810,6010,11436,0.01864406779661021
2022-10-18,6020,6130,5970,6130,20545,0.019966722129783676
2022-10-19,6130,6270,6080,6140,7958,0.0016313213703098572
2022-10-20,6130,7670,6050,6360,1632392,0.03583061889250816
2022-10-21,6490,6550,6140,6170,104475,-0.029874213836478036
2022-10-24,6240,6320,6120,6120,49845,-0.008103727714748765
2022-10-25,6180,6220,6100,6160,34012,0.006535947712418277
2022-10-26,6200,6200,6010,6010,29558,-0.024350649350649345
2022-10-27,5960,6140,5960,6080,22729,0.011647254575707144
2022-10-28,6080,6130,5980,5990,15157,-0.014802631578947345
2022-10-31,6040,6100,6030,6090,14220,0.016694490818029983
2022-11-01,6030,6140,6000,6130,23586,0.006568144499178974
2022-11-02,6120,6150,6070,6070,10882,-0.009787928221859699
2022-11-03,6000,6150,6000,6110,8482,0.006589785831960571
2022-11-04,6110,6160,6060,6150,14423,0.00654664484451728
2022-11-07,6150,6290,6150,6280,28199,0.021138211382113914
2022-11-08,6330,6380,6240,6340,21013,0.009554140127388644
2022-11-09,6430,6480,6370,6380,26067,0.006309148264984188
2022-11-10,6400,6420,6310,6350,15026,-0.00470219435736674
2022-11-11,6490,6500,6400,6450,38443,0.015748031496062964
2022-11-14,6420,6590,6420,6440,10295,-0.0015503875968991832
2022-11-15,6590,6620,6420,6560,21056,0.01863354037267073
2022-11-16,6590,6590,6450,6560,9370,0.0
2022-11-17,6540,6590,6430,6500,14008,-0.009146341463414642
2022-11-18,6500,6610,6470,6470,9729,-0.004615384615384577
2022-11-21,6470,6480,6350,6410,12548,-0.009273570324574987
2022-11-22,6400,7450,6360,6540,1063456,0.020280811232449292
2022-11-23,6580,6720,6480,6610,82972,0.010703363914372988
2022-11-24,6610,6730,6570,6690,30754,0.012102874432677657
2022-11-25,6690,6800,6590,6590,27400,-0.014947683109118093
2022-11-28,6720,6720,6510,6530,20155,-0.009104704097116834
2022-11-29,6540,6690,6450,6640,17948,0.016845329249617125
2022-11-30,6640,6950,6640,6820,16746,0.027108433734939652
2022-12-01,6850,6950,6750,6810,32896,-0.0014662756598240456
2022-12-02,6830,6890,6780,6860,13267,0.007342143906020615
2022-12-05,6790,6940,6790,6940,15932,0.011661807580174877
2022-12-06,6890,6920,6680,6700,23646,-0.03458213256484155
2022-12-07,6660,6990,6570,6700,10124,0.0
2022-12-08,6750,6750,6540,6570,11468,-0.0194029850746269
2022-12-09,6590,6840,6520,6540,13021,-0.004566210045662156
2022-12-12,6630,6680,6570,6660,4550,0.0183486238532109
2022-12-13,6640,6770,6640,6690,6130,0.0045045045045044585
2022-12-14,6780,6780,6680,6730,9115,0.005979073243647326
2022-12-15,6730,7660,6690,7010,845338,0.0416047548291234
2022-12-16,6960,7000,6820,6820,59643,-0.02710413694721825
2022-12-19,6820,6870,6740,6800,34270,-0.0029325513196480912
2022-12-20,6700,6750,6560,6560,35256,-0.03529411764705881
2022-12-21,6630,6850,6500,6750,37405,0.028963414634146423
2022-12-22,6860,6860,6750,6820,9214,0.010370370370370363
2022-12-23,6820,7040,6710,6790,54842,-0.004398826979472137
2022-12-26,6740,6760,6640,6670,22857,-0.0176730486008837
2022-12-27,6670,6770,6540,6730,17668,0.008995502248875464
2022-12-28,6730,6900,6660,6900,22569,0.02526002971768193
2022-12-29,6850,6890,6720,6790,25994,-0.01594202898550723
2023-01-02,6810,6950,6650,6660,28656,-0.019145802650957333
2023-01-03,6660,6760,6510,6640,18992,-0.0030030030030030463
2023-01-04,6630,6880,6500,6770,31212,0.01957831325301207
2023-01-05,6770,7020,6770,6940,44805,0.025110782865583436
2023-01-06,6980,7040,6870,6990,40236,0.007204610951008661
2023-01-09,7070,7080,6970,7040,33731,0.007153075822603716
2023-01-10,7040,7130,6970,6970,18732,-0.009943181818181768
2023-01-11,7000,7080,6960,6980,13219,0.0014347202295552641
2023-01-12,7030,8140,6990,7160,2327331,0.025787965616045794
2023-01-13,7160,7250,7060,7200,119247,0.005586592178770999
2023-01-16,7170,7250,7120,7180,78374,-0.002777777777777768
2023-01-17,7170,7340,7150,7180,58889,0.0
2023-01-18,7250,7250,7140,7140,28992,-0.005571030640668551
2023-01-19,7150,7220,7010,7100,32474,-0.0056022408963585235
2023-01-20,7100,7170,7050,7160,16035,0.008450704225352101
2023-01-25,7170,7270,7170,7270,29132,0.015363128491620026
2023-01-26,7270,7320,7220,7300,25766,0.004126547455295837
2023-01-27,7390,7390,7270,7270,55526,-0.004109589041095929
2023-01-30,7330,7330,7100,7230,50975,-0.005502063273727598
2023-01-31,7200,7300,7160,7220,28187,-0.0013831258644536604
2023-02-01,7240,7350,7200,7290,27134,0.00969529085872578
2023-02-02,7260,7390,7240,7320,36741,0.004115226337448652
2023-02-03,7340,7360,7260,7310,21633,-0.001366120218579181
2023-02-06,7330,7330,7210,7320,16895,0.001367989056087593
2023-02-07,7310,7340,7220,7300,16580,-0.002732240437158473
2023-02-08,7310,7390,7200,7250,35038,-0.006849315068493178
2023-02-09,7280,7570,7280,7370,96367,0.016551724137930934
2023-02-10,7340,7530,7340,7500,68480,0.01763907734056991
2023-02-13,7500,7580,7280,7430,65506,-0.009333333333333305
2023-02-14,7490,7590,7320,7340,29490,-0.012113055181695809
2023-02-15,7380,7380,7020,7060,80238,-0.038147138964577665
2023-02-16,7080,7160,6980,7140,34624,0.011331444759206777
2023-02-17,7150,7350,7140,7310,27793,0.023809523809523725
2023-02-20,7340,7450,7260,7310,23686,0.0
2023-02-21,7310,7390,7260,7340,16374,0.004103967168262557
2023-02-22,7210,7360,7170,7220,19437,-0.016348773841961872
2023-02-23,7220,7370,7220,7250,17462,0.0041551246537396835
2023-02-24,7290,7320,7130,7200,18893,-0.006896551724137945
2023-02-27,7200,7200,7030,7120,12491,-0.011111111111111072
2023-02-28,7100,7170,7020,7100,19766,-0.002808988764044895
2023-03-02,7170,7170,7000,7090,28424,-0.0014084507042253502
2023-03-03,7080,7190,7080,7100,14864,0.0014104372355430161
2023-03-06,7040,7090,6970,7010,32211,-0.012676056338028152
2023-03-07,7030,7030,6900,6930,18875,-0.011412268188302432
2023-03-08,6950,6960,6750,6860,61010,-0.010101010101010055
2023-03-09,6890,6890,6730,6800,18226,-0.008746355685131157
2023-03-10,6710,6780,6640,6640,20237,-0.02352941176470591
2023-03-13,6530,6660,6420,6610,31076,-0.004518072289156572
2023-03-14,6540,6540,6300,6390,47849,-0.033282904689863835
2023-03-15,6520,6520,6430,6430,12244,0.006259780907668322
2023-03-16,6460,6490,6260,6490,10556,0.009331259720062102
2023-03-17,6510,6620,6450,6550,22024,0.009244992295839749
2023-03-20,6550,6630,6510,6520,7227,-0.004580152671755711
2023-03-21,6560,6570,6460,6470,7527,-0.0076687116564416735
2023-03-22,6490,6550,6400,6470,20042,0.0
2023-03-23,6390,6520,6230,6250,36014,-0.03400309119010814
2023-03-24,6150,6350,6100,6290,27089,0.006399999999999961
2023-03-27,6290,6290,6080,6240,20707,-0.007949125596184436
2023-03-28,6240,6300,6190,6300,11252,0.009615384615384581
2023-03-29,6280,6390,6230,6330,12146,0.004761904761904745
2023-03-30,6480,6690,6390,6480,40918,0.023696682464454888
2023-03-31,6500,6540,6440,6480,6686,0.0
2023-04-03,6450,6600,6400,6470,24634,-0.0015432098765432167
2023-04-04,6450,6580,6430,6580,18046,0.01700154559505407
2023-04-05,6570,6590,6490,6520,18875,-0.00911854103343468
2023-04-06,6450,6520,6420,6490,12892,-0.004601226993865004
2023-04-07,6500,6500,6360,6420,12844,-0.01078582434514641
2023-04-10,6400,6420,6190,6220,31175,-0.031152647975077885
2023-04-11,6240,6280,6150,6260,15909,0.006430868167202508
2023-04-12,6250,6410,6250,6370,16240,0.01757188498402562
2023-04-13,6430,6430,6290,6410,18312,0.006279434850863463
2023-04-14,6410,6500,6350,6350,28276,-0.009360374414976613
2023-04-17,6440,6440,6300,6340,19732,-0.0015748031496063408
2023-04-18,6340,6350,6250,6310,14442,-0.004731861198738141
2023-04-19,6300,6400,6290,6380,9130,0.011093502377178988
2023-04-20,6350,6390,6300,6350,14496,-0.00470219435736674
2023-04-21,6280,6380,6240,6380,11984,0.0047244094488188
2023-04-24,6310,6320,6210,6220,18751,-0.025078369905956133
2023-04-25,6250,6250,6070,6140,29005,-0.012861736334405127
2023-04-26,6120,6270,6030,6250,11385,0.01791530944625408
2023-04-27,6150,6200,6070,6130,19744,-0.019199999999999995
2023-04-28,6130,6240,6100,6190,12429,0.00978792822185981
2023-05-02,6190,6250,6150,6250,4735,0.009693053311793154
2023-05-03,6200,6260,6200,6220,5952,-0.0048000000000000265
2023-05-04,6210,6300,6200,6290,7326,0.0112540192926045
2023-05-08,6360,6520,6270,6290,67108,0.0
2023-05-09,6390,7200,6380,6440,1103139,0.0238473767885532
2023-05-10,6500,6520,6340,6410,59553,-0.004658385093167738
2023-05-11,6390,6450,6380,6410,32738,0.0
2023-05-12,6390,6450,6260,6330,33520,-0.012480499219968744
2023-05-15,6330,6330,6260,6310,11560,-0.003159557661927326
2023-05-16,6300,6430,6280,6310,10124,0.0
2023-05-17,6320,6410,6290,6310,21045,0.0
2023-05-18,6370,6370,6280,6310,17521,0.0
2023-05-19,6320,6390,6280,6350,9369,0.006339144215530945
2023-05-22,6340,6450,6320,6440,20432,0.014173228346456623
2023-05-23,6450,6450,6370,6400,13344,-0.006211180124223614
2023-05-24,6400,6660,6370,6560,55174,0.02499999999999991
2023-05-25,6510,6540,6440,6470,13171,-0.013719512195121908
2023-05-26,6470,7000,6390,6500,323400,0.004636785162287493
2023-05-30,6520,6530,6400,6400,27166,-0.01538461538461533
2023-05-31,6410,6430,6300,6320,35254,-0.012499999999999956
2023-06-01,6300,6410,6280,6340,10524,0.0031645569620253333
2023-06-02,6350,6460,6290,6290,13437,-0.007886435331230235
2023-06-05,6330,6450,6310,6420,19892,0.020667726550079424
2023-06-07,6430,6520,6330,6450,18543,0.004672897196261738
2023-06-08,6490,6660,6370,6540,38581,0.013953488372093092
2023-06-09,6540,6640,6460,6460,23956,-0.012232415902140636
2023-06-12,6550,6580,6480,6510,11118,0.007739938080495445
2023-06-13,6520,6580,6440,6460,11343,-0.007680491551459334
2023-06-14,6530,6540,6350,6370,13372,-0.01393188854489169
2023-06-15,6370,6550,6300,6300,17735,-0.01098901098901095
2023-06-16,6370,6500,6360,6450,15407,0.023809523809523725
2023-06-19,6410,6460,6380,6420,12960,-0.0046511627906976605
2023-06-20,6420,6500,6400,6430,11604,0.0015576323987538387
2023-06-21,6400,6440,6370,6390,8775,-0.0062208398133748455
2023-06-22,6390,6560,6370,6380,20851,-0.0015649452269170805
2023-06-23,6400,6400,6310,6340,9489,-0.006269592476489061
2023-06-26,6320,6360,6260,6330,9459,-0.001577287066246047
2023-06-27,6330,6330,6250,6260,16686,-0.011058451816745696
2023-06-28,6300,6320,6230,6270,6882,0.0015974440894568342
2023-06-29,6270,6380,6180,6250,14132,-0.0031897926634768536
2023-06-30,6250,6260,6180,6200,10341,-0.008000000000000007
2023-07-03,6220,6260,6190,6200,10559,0.0
2023-07-04,6210,6240,6150,6200,17797,0.0
2023-07-05,6200,6200,6110,6120,9562,-0.012903225806451646
2023-07-06,6100,6140,6000,6060,29490,-0.009803921568627416
2023-07-07,6000,6050,5950,6040,13764,-0.0033003300330033403
2023-07-10,6040,6040,5940,6000,15162,-0.0066225165562914245
2023-07-11,5950,6060,5950,6060,10508,0.010000000000000009
2023-07-12,6060,6060,5960,5990,6451,-0.011551155115511524
2023-07-13,6030,6050,5980,6020,8653,0.005008347245408995
2023-07-14,6020,6050,5970,6000,10794,-0.0033222591362126463
2023-07-17,5960,6090,5950,6010,6436,0.0016666666666667052
2023-07-18,6020,6030,5900,5930,14696,-0.01331114808652245
2023-07-19,5960,5960,5850,5930,11329,0.0
2023-07-20,5930,5970,5900,5940,19279,0.001686340640809414
2023-07-21,5950,5980,5900,5940,12314,0.0
2023-07-24,5880,5900,5740,5810,21615,-0.02188552188552184
2023-07-25,5810,5820,5680,5680,16014,-0.022375215146299476
2023-07-26,5640,5670,5400,5470,44506,-0.0369718309859155
2023-07-27,5390,5670,5390,5630,14259,0.02925045703839113
2023-07-28,5530,5720,5530,5680,12054,0.008880994671403242
2023-07-31,5750,5780,5660,5670,8947,-0.0017605633802817433
2023-08-01,5700,5790,5670,5750,17816,0.014109347442680775
2023-08-02,5750,5800,5610,5670,19796,-0.013913043478260834
2023-08-03,5680,5700,5560,5670,7279,0.0
2023-08-04,5650,5820,5650,5800,9914,0.022927689594356204
2023-08-07,5800,5840,5760,5840,4673,0.006896551724137945
2023-08-08,5850,5880,5720,5760,6279,-0.013698630136986356
2023-08-09,5750,5890,5710,5770,3076,0.0017361111111111605
2023-08-10,5770,5880,5730,5750,10261,-0.0034662045060658286
2023-08-11,5770,5890,5770,5870,11573,0.02086956521739136
2023-08-14,5880,5940,5800,5930,6583,0.010221465076660996
2023-08-16,5900,5930,5740,5780,11667,-0.025295109612141653
2023-08-17,5780,5800,5670,5760,14002,-0.0034602076124568004
2023-08-18,5760,5820,5690,5720,4417,-0.00694444444444442
2023-08-21,5700,5780,5700,5750,2932,0.005244755244755206
2023-08-22,5750,6840,5710,5920,900271,0.029565217391304355
2023-08-23,5930,5960,5840,5920,38095,0.0
2023-08-24,5900,5920,5850,5860,20410,-0.010135135135135087
2023-08-25,5840,6350,5840,6070,199141,0.03583617747440271
2023-08-28,6070,6130,6020,6020,27827,-0.008237232289950547
2023-08-29,6010,6130,5970,6050,19776,0.004983388704318914
2023-08-30,6050,6120,6030,6070,15479,0.0033057851239668423
2023-08-31,6070,6090,5960,5970,21002,-0.016474464579901205
2023-09-01,6030,6060,5950,5950,3183,-0.00335008375209378
2023-09-04,5960,6030,5950,6030,4791,0.013445378151260456
2023-09-05,6030,6140,6020,6100,18901,0.011608623548922115
2023-09-06,6100,6130,6070,6110,9379,0.0016393442622950616
2023-09-07,6110,6120,6010,6010,6596,-0.016366612111292977
2023-09-08,5970,6040,5970,6010,8613,0.0
2023-09-11,5960,6120,5960,6040,10847,0.004991680532445919
2023-09-12,6040,6120,5980,5980,16953,-0.009933774834437137
2023-09-13,6020,6040,5950,6020,10833,0.006688963210702337
2023-09-14,5960,6050,5920,5970,13404,-0.00830564784053156
2023-09-15,6030,6070,5960,6030,5727,0.01005025125628145
2023-09-18,5970,6040,5970,5970,3422,-0.00995024875621886
2023-09-19,5950,6000,5950,5980,5187,0.0016750418760469454
2023-09-20,5980,6010,5930,5950,5217,-0.0050167224080267525
2023-09-21,5930,5990,5920,5920,2645,-0.005042016806722671
2023-09-22,5900,5950,5850,5920,7166,0.0
2023-09-25,5910,5960,5780,5820,7988,-0.016891891891891886
2023-09-26,5910,5910,5350,5590,32120,-0.03951890034364258
2023-09-27,5450,5690,5450,5640,5716,0.008944543828264706
2023-10-04,5650,5680,5500,5510,10694,-0.023049645390070927
2023-10-05,5520,5660,5450,5580,6894,0.012704174228675091
2023-10-06,5580,5610,5470,5580,10181,0.0
2023-10-10,5560,5630,5390,5580,11338,0.0
2023-10-11,5510,5620,5510,5580,8550,0.0
2023-10-12,5600,5730,5600,5730,2864,0.026881720430107503
2023-10-13,5700,5700,5610,5650,4935,-0.013961605584642212
2023-10-16,5600,5630,5510,5630,6655,-0.0035398230088495852
2023-10-17,5590,5650,5590,5640,3580,0.001776198934280604
2023-10-18,5610,5630,5510,5580,5100,-0.010638297872340385
2023-10-19,5550,5560,5440,5510,5344,-0.012544802867383464
2023-10-20,5450,5510,5410,5430,4377,-0.014519056261342977
2023-10-23,5510,5510,5380,5440,2141,0.0018416206261511192
2023-10-24,5380,5480,5300,5460,7524,0.003676470588235281
2023-10-25,5460,5570,5430,5560,2510,0.01831501831501825
2023-10-26,5500,5500,5410,5450,1959,-0.01978417266187049
2023-10-27,5430,5520,5390,5390,5322,-0.011009174311926606
2023-10-30,5390,5470,5390,5460,2026,0.01298701298701288
2023-10-31,5440,5520,5380,5430,2852,-0.005494505494505475
2023-11-01,5440,5750,5430,5550,25205,0.022099447513812098
2023-11-02,5750,5770,5570,5600,13757,0.009009009009008917
2023-11-03,5640,5660,5570,5640,6775,0.0071428571428571175
2023-11-06,5750,5750,5640,5690,7080,0.00886524822695045
2023-11-07,5720,5720,5610,5650,5894,-0.007029876977152849
2023-11-08,5660,5880,5570,5670,29134,0.003539823008849474
2023-11-09,5630,5760,5630,5730,3502,0.010582010582010692
2023-11-10,5710,5710,5590,5640,10535,-0.015706806282722474
2023-11-13,5610,5780,5610,5630,17476,-0.0017730496453900457
2023-11-14,5600,5750,5600,5730,7592,0.017761989342806483
2023-11-15,5870,5890,5740,5830,14271,0.017452006980802848
2023-11-16,5850,5940,5820,5850,18325,0.0034305317324185847
2023-11-17,5850,5890,5800,5850,4170,0.0
2023-11-20,5800,5950,5800,5850,7593,0.0
2023-11-21,5850,5920,5840,5840,4594,-0.0017094017094017033
2023-11-22,5840,5940,5830,5900,6682,0.010273972602739656
2023-11-23,5930,5930,5850,5880,4859,-0.003389830508474523
2023-11-24,5950,5950,5870,5880,7211,0.0
2023-11-27,5880,5980,5840,5840,19560,-0.006802721088435382
2023-11-28,5860,6390,5860,6330,198892,0.08390410958904115
2023-11-29,6050,6350,6010,6140,65498,-0.03001579778830965
2023-11-30,6070,6150,5980,6110,27984,-0.004885993485342022
2023-12-01,6000,6070,5950,5950,20686,-0.026186579378068786
2023-12-04,5980,5990,5730,5790,57354,-0.026890756302521024
2023-12-05,5800,5820,5670,5700,18109,-0.015544041450777257
2023-12-06,5730,5810,5690,5790,20677,0.015789473684210575
2023-12-07,5790,6040,5770,5900,36072,0.01899827288428324
2023-12-08,5970,5970,5820,5900,10345,0.0
2023-12-11,5970,6020,5850,5870,24848,-0.005084745762711895
2023-12-12,5870,5950,5830,5900,5485,0.005110732538330387
2023-12-13,5880,5900,5810,5810,13762,-0.015254237288135575
2023-12-14,5830,5880,5820,5830,3011,0.0034423407917383297
2023-12-15,5900,5920,5800,5840,7458,0.0017152658662091813
2023-12-18,5860,5870,5810,5850,3189,0.001712328767123239
2023-12-19,5790,5880,5790,5820,5005,-0.00512820512820511
2023-12-20,5890,5930,5830,5860,8079,0.0068728522336769515
2023-12-21,5860,5910,5820,5820,9640,-0.0068259385665528916
2023-12-22,5780,5860,5780,5820,3954,0.0
2023-12-26,5820,5820,5780,5800,8071,-0.0034364261168384758
2023-12-27,5770,5810,5730,5740,11589,-0.010344827586206917
2023-12-28,5850,5860,5710,5790,27066,0.008710801393728262
2024-01-02,5780,5820,5720,5790,19335,0.0
2024-01-03,5740,5810,5710,5780,14338,-0.0017271157167529916
2024-01-04,5760,5860,5750,5770,7762,-0.0017301038062284002
2024-01-05,5770,5810,5730,5740,9717,-0.005199306759098743
2024-01-08,5750,5840,5720,5790,11842,0.008710801393728262
2024-01-09,5770,5830,5770,5800,7817,0.0017271157167531026
2024-01-10,5850,5850,5760,5790,5268,-0.0017241379310344307
2024-01-11,5750,5850,5750,5780,4843,-0.0017271157167529916
2024-01-12,5780,5860,5780,5830,9241,0.00865051903114189
2024-01-15,5790,5850,5770,5770,6854,-0.010291595197255532
2024-01-16,5750,5800,5740,5800,13778,0.005199306759098743
2024-01-17,5800,5870,5650,5720,17584,-0.01379310344827589
2024-01-18,5720,5750,5660,5660,2564,-0.010489510489510523
2024-01-19,5790,5820,5630,5760,15864,0.0176678445229681
2024-01-22,5760,6360,5570,5570,386849,-0.03298611111111116
2024-01-23,5580,5660,5560,5580,14099,0.0017953321364452268
2024-01-24,5600,5660,5530,5590,13435,0.0017921146953405742
2024-01-25,5580,5700,5550,5600,9472,0.0017889087656528524
2024-01-26,5620,5700,5580,5600,9315,0.0
2024-01-29,5600,5650,5570,5610,8940,0.0017857142857142794
2024-01-30,5610,5790,5610,5710,12499,0.017825311942959
2024-01-31,5710,5780,5690,5710,8259,0.0
2024-02-01,5710,6120,5710,5920,93572,0.03677758318739044
2024-02-02,5990,6210,5900,6130,99286,0.03547297297297303
2024-02-05,6190,6300,6000,6210,69129,0.013050570962479524
2024-02-06,6210,6270,6090,6090,33727,-0.019323671497584516
2024-02-07,6080,6220,6080,6140,14326,0.008210180623973828
2024-02-08,6150,6350,6140,6190,54903,0.008143322475570036
2024-02-13,6270,6280,6120,6170,24136,-0.003231017770597755
2024-02-14,6100,6140,5960,6120,20871,-0.008103727714748765
2024-02-15,6090,6120,6040,6100,18325,-0.0032679738562091387
2024-02-16,6100,6140,6040,6100,14831,0.0
2024-02-19,6100,6220,6050,6170,27013,0.011475409836065653
2024-02-20,6180,6250,6120,6210,20181,0.006482982171799101
2024-02-21,6170,6260,6120,6220,17144,0.0016103059581320522
2024-02-22,6180,6250,6150,6200,12983,-0.003215434083601254
2024-02-23,6250,6290,6170,6220,18326,0.003225806451612856
2024-02-26,6200,6680,6200,6510,250548,0.04662379421221874
2024-02-27,6380,6440,6240,6360,62219,-0.02304147465437789
2024-02-28,6280,6350,6070,6110,79169,-0.03930817610062898
2024-02-29,6110,6170,6060,6120,20587,0.0016366612111293755
2024-03-04,6160,6230,5980,6000,52368,-0.019607843137254943
2024-03-05,6000,6010,5870,5880,30218,-0.020000000000000018
2024-03-06,5880,5990,5820,5940,19327,0.010204081632652962
2024-03-07,5910,5920,5820,5870,23455,-0.011784511784511786
2024-03-08,5870,5930,5850,5880,16654,0.0017035775127767216
2024-03-11,5950,6050,5900,6000,21972,0.020408163265306145
2024-03-12,6000,6090,5950,6050,21928,0.008333333333333304
2024-03-13,6040,6110,5970,6020,19124,-0.0049586776859503745
2024-03-14,5920,6000,5850,5850,27319,-0.028239202657807327
2024-03-15,5820,5940,5780,5910,30782,0.01025641025641022
2024-03-18,5880,5990,5860,5950,11072,0.006768189509306355
2024-03-19,5950,5980,5890,5890,19444,-0.010084033613445342
2024-03-20,5890,5920,5830,5850,13130,-0.006791171477079749
2024-03-21,5860,5970,5860,5920,8890,0.011965811965811923
2024-03-22,5930,6060,5920,6050,29810,0.02195945945945943
2024-03-25,6100,6100,6000,6040,14014,-0.0016528925619834212
2024-03-26,6040,6100,6040,6090,11171,0.008278145695364225
2024-03-27,6090,6200,6070,6170,32683,0.013136288998357948
2024-03-28,6170,6190,6070,6130,19740,-0.00648298217179899
2024-03-29,6130,6130,6030,6060,16445,-0.011419249592169667
2024-04-01,6060,6070,5970,6060,20118,0.0
2024-04-02,6060,6060,5920,6050,26229,-0.0016501650165016146
2024-04-03,5990,5990,5890,5950,14636,-0.016528925619834656
2024-04-04,5940,5980,5880,5960,10776,0.001680672268907557
2024-04-05,5960,5980,5890,5960,9719,0.0
2024-04-08,5910,5950,5860,5920,9388,-0.006711409395973145
2024-04-09,5890,6000,5890,5950,11468,0.0050675675675675436
2024-04-11,5870,5930,5820,5910,21286,-0.006722689075630228
2024-04-12,5870,5980,5860,5900,11146,-0.0016920473773265332
2024-04-15,5870,5880,5700,5880,19987,-0.003389830508474523
2024-04-16,5820,5880,5700,5790,22560,-0.015306122448979553
2024-04-17,5750,5840,5730,5740,19829,-0.008635578583765069
2024-04-18,5740,6060,5740,5850,8960,0.019163763066202044
2024-04-19,5850,5850,5720,5830,14290,-0.0034188034188034067
2024-04-22,5790,5950,5770,5950,8348,0.020583190394511064
2024-04-23,5950,6050,5930,5990,8149,0.006722689075630228
2024-04-24,5990,6060,5940,6060,16063,0.011686143572620988
2024-04-25,6030,6060,5960,5960,12203,-0.01650165016501648
2024-04-26,5990,6040,5950,5950,9115,-0.001677852348993314
2024-04-29,5990,6010,5960,5990,7941,0.006722689075630228
2024-04-30,5950,6140,5950,6120,31530,0.02170283806343898
2024-05-02,6110,6160,6070,6120,18045,0.0
2024-05-03,6080,6150,5990,6150,15534,0.004901960784313708
2024-05-07,6150,6200,6100,6110,13664,-0.006504065040650375
2024-05-08,6120,6150,6090,6110,5651,0.0
2024-05-09,6110,6190,6080,6160,10085,0.008183306055646433
2024-05-10,6160,6210,6150,6200,8965,0.006493506493506551
2024-05-13,6180,6260,6150,6210,21317,0.001612903225806539
2024-05-14,6160,6340,6150,6250,20432,0.006441223832528209
2024-05-16,6250,6300,6210,6220,10658,-0.0048000000000000265
2024-05-17,6240,6940,6210,6360,523466,0.022508038585209
2024-05-20,6430,6540,6350,6420,61602,0.009433962264151052
2024-05-21,6440,6440,6260,6270,30644,-0.02336448598130836
2024-05-22,6280,6390,6270,6360,32464,0.014354066985645897
2024-05-23,6350,6360,6230,6360,19727,0.0
2024-05-24,6320,6360,6190,6260,13457,-0.01572327044025157
2024-05-27,6250,6300,6130,6240,25671,-0.0031948881789137795
2024-05-28,6180,6300,6180,6270,10808,0.004807692307692291
2024-05-29,6230,6300,6200,6260,9369,-0.0015948963317384823
2024-05-30,6260,6270,6110,6130,13432,-0.02076677316293929
2024-05-31,6170,6400,6130,6290,26289,0.02610114192495927
2024-06-03,6300,6370,6220,6350,26191,0.009538950715421324
2024-06-04,6350,6430,6310,6350,16077,0.0
2024-06-05,6350,6350,6180,6250,24604,-0.015748031496062964
2024-06-07,6210,6310,6210,6270,8177,0.0032000000000000917
2024-06-10,6270,8150,6260,8150,7216275,0.29984051036682624
2024-06-11,8280,8650,7110,7240,3898943,-0.11165644171779143
2024-06-12,7430,7910,6990,7280,1544882,0.005524861878453136
2024-06-13,7140,7320,7050,7130,312920,-0.020604395604395642
2024-06-14,7100,8960,6870,8140,6905056,0.14165497896213175
2024-06-17,8100,9190,7810,7900,3230277,-0.029484029484029506
2024-06-18,7970,8160,7610,7720,651813,-0.02278481012658229
2024-06-19,7730,7800,7400,7530,291725,-0.024611398963730546
2024-06-20,7450,7880,7450,7570,355303,0.005312084993359889
2024-06-21,7550,7650,7120,7420,241676,-0.019815059445178362
2024-06-24,7350,7390,7100,7130,118371,-0.03908355795148244
2024-06-25,7140,7310,7080,7210,95708,0.011220196353436185
2024-06-26,7150,7300,7050,7050,74325,-0.02219140083217752
2024-06-27,7050,7060,6750,6800,118424,-0.03546099290780147
2024-06-28,6770,7030,6650,6850,91685,0.007352941176470562
2024-07-01,6890,7000,6660,6740,54347,-0.016058394160583966
2024-07-02,6700,6850,6600,6730,56280,-0.0014836795252225476
2024-07-03,6730,6800,6520,6620,103851,-0.01634472511144136
2024-07-04,6610,6670,6490,6520,77662,-0.015105740181268867
2024-07-05,6560,6650,6520,6610,42419,0.013803680981595123
2024-07-08,6620,7250,6570,6770,333531,0.024205748865355536
2024-07-09,6800,6860,6700,6780,70929,0.001477104874446189
2024-07-10,6810,6810,6660,6670,49578,-0.016224188790560423
2024-07-11,6790,6790,6640,6660,63071,-0.0014992503748125774
2024-07-12,6640,6730,6550,6700,63446,0.006006006006006093
2024-07-15,6730,6850,6590,6620,64131,-0.011940298507462699
2024-07-16,6620,6650,6390,6500,64419,-0.01812688821752262
2024-07-17,6490,6550,6430,6430,44024,-0.010769230769230753
2024-07-18,6390,6450,6300,6370,59296,-0.009331259720062213
2024-07-19,6340,6380,6270,6340,22330,-0.004709576138147598
2024-07-22,6340,6360,6150,6290,55341,-0.007886435331230235
2024-07-23,6300,6370,6280,6340,16674,0.007949125596184325
2024-07-24,6280,6400,6200,6310,21849,-0.004731861198738141
2024-07-25,6250,6260,6140,6190,33285,-0.019017432646592725
2024-07-26,6190,6270,6170,6200,15173,0.001615508885298933
2024-07-29,6200,6380,6200,6330,37409,0.020967741935483897
2024-07-30,6340,6340,6220,6250,23487,-0.012638230647709303
2024-07-31,6200,7200,6200,6630,1282116,0.060799999999999965
2024-08-01,6630,6730,6500,6510,146442,-0.018099547511312264
2024-08-02,6490,6510,6200,6230,83421,-0.043010752688172005
2024-08-05,6150,6220,5520,5600,172863,-0.101123595505618
2024-08-06,5620,5910,5620,5830,58782,0.04107142857142865
2024-08-07,5740,6090,5740,5910,60652,0.013722126929674117
2024-08-08,5880,5980,5850,5920,34020,0.0016920473773265332
2024-08-09,6000,6160,6000,6070,52842,0.02533783783783794
2024-08-12,6100,6180,6070,6130,27647,0.009884678747940745
2024-08-13,6110,6200,6000,6030,61192,-0.01631321370309946
2024-08-14,6120,6190,6060,6160,48470,0.021558872305140975
2024-08-16,6170,6210,6060,6070,34869,-0.01461038961038963
2024-08-19,6120,6140,5980,6020,29764,-0.008237232289950547
2024-08-20,6030,6100,6030,6080,26495,0.009966777408637828
2024-08-21,6070,6110,6000,6050,14347,-0.004934210526315819
2024-08-22,6100,6100,5780,5950,27126,-0.016528925619834656
2024-08-23,5940,6030,5900,5980,14099,0.005042016806722671
2024-08-26,5980,6060,5850,5910,30192,-0.01170568561872909
2024-08-27,5930,6000,5840,6000,16106,0.015228426395939021
2024-08-28,6000,6060,5870,5910,16637,-0.015000000000000013
2024-08-29,5900,5930,5820,5860,25824,-0.008460236886632777
2024-08-30,5860,5890,5820,5860,14869,0.0
2024-09-02,5860,5890,5800,5840,14465,-0.0034129692832765013
2024-09-03,5850,5980,5830,5980,27284,0.023972602739726012
2024-09-04,5910,5910,5730,5760,44705,-0.03678929765886285
2024-09-05,5770,5830,5700,5760,37998,0.0
2024-09-06,5720,5780,5650,5700,28218,-0.01041666666666663
2024-09-09,5700,5870,5610,5820,27996,0.021052631578947434
2024-09-10,5790,5930,5730,5740,18706,-0.013745704467353903
2024-09-11,5750,5870,5680,5690,11375,-0.008710801393728262
2024-09-12,5750,5850,5710,5800,16310,0.019332161687170446
2024-09-13,5800,5890,5730,5870,16584,0.012068965517241459
2024-09-19,5830,5980,5770,5910,17402,0.006814310051107331
2024-09-20,5910,5970,5900,5950,14123,0.006768189509306355
2024-09-23,5980,6700,5980,6030,944912,0.013445378151260456
2024-09-24,6000,6120,5980,6050,53669,0.0033167495854062867
2024-09-25,6050,6130,6000,6010,45682,-0.006611570247933907
2024-09-26,6010,6100,6000,6080,19562,0.011647254575707144
2024-09-27,6060,6180,6060,6080,21989,0.0
2024-09-30,6140,6140,6020,6050,14196,-0.004934210526315819
2024-10-02,5970,6080,5920,6020,24322,-0.0049586776859503745
2024-10-04,6050,6080,5950,6010,18050,-0.0016611295681062677
2024-10-07,6020,6050,5970,6050,13961,0.006655574043261225
2024-10-08,6030,6050,5920,5970,21884,-0.013223140495867813
2024-10-10,6000,6040,5950,6030,19656,0.01005025125628145
2024-10-11,6030,6070,5980,6040,14411,0.0016583747927032544
2024-10-14,6020,6080,5960,6010,13051,-0.004966887417218513
2024-10-15,6040,6040,5960,6000,6745,-0.0016638935108153063
2024-10-16,6000,6040,5900,6010,23571,0.0016666666666667052
2024-10-17,6000,6120,5960,6080,23326,0.011647254575707144
2024-10-18,6050,6080,5840,5860,41001,-0.03618421052631582
2024-10-21,5860,5930,5850,5930,8427,0.011945392491467643
2024-10-22,5910,5930,5720,5800,37574,-0.021922428330522714
2024-10-23,5910,6180,5800,5900,106203,0.01724137931034475
2024-10-24,5850,5970,5810,5900,19083,0.0
2024-10-25,5940,6000,5790,5950,27862,0.008474576271186418
2024-10-28,5890,5980,5890,5890,12757,-0.010084033613445342
2024-10-29,5950,5950,5860,5870,7440,-0.00339558573853993
2024-10-30,5910,5950,5860,5880,14860,0.0017035775127767216
2024-10-31,5930,5980,5860,5950,13051,0.011904761904761862
2024-11-01,5950,6200,5880,5910,109926,-0.006722689075630228
2024-11-04,5920,6030,5920,6020,16162,0.01861252115059231
2024-11-05,6020,6040,5980,6020,12586,0.0
2024-11-06,6020,6040,5920,5970,18314,-0.00830564784053156
2024-11-07,6000,6000,5890,5960,11217,-0.0016750418760469454
2024-11-08,5950,6030,5880,5880,11130,-0.01342281879194629
2024-11-11,5910,5940,5750,5770,24876,-0.018707482993197244
2024-11-12,5760,5890,5500,5530,93965,-0.04159445407279028
2024-11-13,5440,5510,5360,5360,31961,-0.030741410488245968
2024-11-14,5400,5560,5310,5330,44740,-0.005597014925373123
2024-11-15,5310,5430,5280,5340,62505,0.0018761726078799779
2024-11-18,5310,5470,5310,5450,27169,0.020599250936329527
2024-11-19,5400,5540,5400,5500,18671,0.00917431192660545
2024-11-20,5450,5540,5420,5500,26507,0.0
2024-11-21,5450,5540,5440,5460,15302,-0.0072727272727273196
2024-11-22,5510,5560,5420,5470,49690,0.001831501831501825
2024-11-25,6160,6190,5550,5590,709316,0.021937842778793515
2024-11-26,5590,5670,5500,5640,43366,0.008944543828264706
2024-11-27,5650,5800,5600,5640,79808,0.0
2024-11-28,5680,5780,5640,5700,33162,0.010638297872340496
2024-11-29,5710,5760,5550,5560,37067,-0.024561403508771895
2024-12-02,5560,5610,5520,5520,16085,-0.007194244604316502
2024-12-03,5520,5640,5520,5590,18562,0.0126811594202898
2024-12-04,5410,5570,5390,5510,50490,-0.014311270125223596
2024-12-05,5500,5600,5380,5380,35091,-0.023593466424682408
2024-12-06,5330,5380,5200,5300,58805,-0.014869888475836479
2024-12-09,5210,5210,5000,5020,43028,-0.05283018867924527
2024-12-10,5020,5230,5020,5220,24077,0.03984063745019917
2024-12-11,5150,5420,5150,5420,46608,0.03831417624521083
2024-12-12,5420,5890,5370,5560,122559,0.02583025830258312
2024-12-13,5510,5680,5500,5660,23611,0.017985611510791477
2024-12-16,5670,5780,5640,5650,33071,-0.0017667844522968323
2024-12-17,5700,5720,5570,5700,21071,0.008849557522123908
2024-12-18,5700,5980,5640,5770,70452,0.012280701754386003
2024-12-19,5640,5750,5510,5640,20472,-0.022530329289428108
2024-12-20,5640,5700,5500,5640,20086,0.0
2024-12-23,5620,5660,5570,5650,7577,0.0017730496453900457
2024-12-24,5600,5730,5600,5700,17784,0.008849557522123908
2024-12-26,5700,5700,5540,5620,21747,-0.01403508771929829
2024-12-27,5580,5660,5490,5490,12933,-0.02313167259786475
2024-12-30,5490,5530,5420,5500,9344,0.0018214936247722413
2025-01-02,5630,5630,5500,5550,9874,0.009090909090909038
2025-01-03,5560,5670,5550,5600,4683,0.009009009009008917
2025-01-06,5630,5650,5570,5650,5721,0.008928571428571397
2025-01-07,5630,5690,5560,5670,14419,0.003539823008849474
2025-01-08,5590,5740,5550,5580,15955,-0.015873015873015928
2025-01-09,5580,5620,5560,5600,3267,0.0035842293906809264
2025-01-10,5580,5640,5480,5530,13498,-0.012499999999999956
2025-01-13,5480,5580,5450,5510,9371,-0.003616636528028905
2025-01-14,5460,5570,5460,5540,8083,0.005444646098003547
2025-01-15,5540,5610,5480,5530,4972,-0.0018050541516245744
2025-01-16,5550,5590,5480,5500,8000,-0.005424954792043413
2025-01-17,5520,5570,5480,5540,7051,0.0072727272727273196
2025-01-20,5530,5590,5500,5550,8571,0.0018050541516245744
2025-01-21,5510,5600,5460,5520,12648,-0.00540540540540535
2025-01-22,5510,5560,5450,5520,23809,0.0
2025-01-23,5520,5530,5420,5510,7064,-0.0018115942028985588
2025-01-24,5490,5520,5440,5440,16372,-0.012704174228675091
2025-01-31,5490,5490,5400,5400,11498,-0.007352941176470562
2025-02-03,5330,5340,5250,5250,13630,-0.02777777777777779
2025-02-04,5270,5350,5200,5200,40556,-0.00952380952380949
2025-02-05,5240,5290,5220,5220,11530,0.0038461538461538325
2025-02-06,5260,5370,5230,5330,10057,0.021072796934865856
2025-02-07,5330,5340,5280,5340,7503,0.0018761726078799779
2025-02-10,5290,5370,5280,5350,3686,0.001872659176029856
2025-02-11,5310,5360,5310,5360,10913,0.0018691588785046953
2025-02-12,5340,5340,5300,5310,4916,-0.009328358208955279
2025-02-13,5300,5380,5260,5350,12489,0.007532956685499137
2025-02-14,5360,5370,5310,5370,7853,0.0037383177570093906
2025-02-17,5400,5440,5370,5400,11374,0.005586592178770999
2025-02-18,5380,5440,5370,5410,11324,0.0018518518518517713
2025-02-19,5380,5460,5380,5450,14483,0.007393715341959428
2025-02-20,5460,5460,5350,5430,13620,-0.003669724770642202
2025-02-21,5430,5480,5400,5470,7350,0.007366482504604033
2025-02-24,5400,5480,5400,5460,6187,-0.001828153564899404
2025-02-25,5440,5520,5410,5490,15039,0.005494505494505475
2025-02-26,5450,5550,5410,5500,17414,0.0018214936247722413
2025-02-27,5510,5560,5420,5420,15441,-0.014545454545454528
2025-02-28,5410,5470,5350,5350,16093,-0.01291512915129156
2025-03-04,5350,5380,5280,5320,11851,-0.005607476635513975
2025-03-05,5330,5440,5330,5360,9559,0.007518796992481258
2025-03-06,5420,5460,5360,5420,15377,0.011194029850746245
2025-03-07,5420,5490,5340,5390,25515,-0.005535055350553542
2025-03-10,5390,5450,5330,5420,10990,0.005565862708719838
2025-03-11,5310,5420,5290,5310,29423,-0.020295202952029467
2025-03-12,5330,5400,5310,5310,12792,0.0
2025-03-13,5320,5360,5310,5350,17634,0.007532956685499137
2025-03-14,5350,5420,5340,5380,5731,0.005607476635514086
2025-03-17,5420,5420,5340,5390,15107,0.0018587360594795044
2025-03-18,5390,5420,5370,5410,10061,0.0037105751391466324
2025-03-19,5370,5500,5370,5460,26272,0.009242144177449063
2025-03-20,5450,5570,5430,5450,20451,-0.001831501831501825
2025-03-21,5480,5490,5380,5390,22699,-0.011009174311926606
2025-03-24,5430,5480,5390,5410,5209,0.0037105751391466324
2025-03-25,5410,5440,5380,5390,12765,-0.003696857670979714
2025-03-26,5400,5460,5380,5420,14034,0.005565862708719838
2025-03-27,5410,5460,5370,5400,17280,-0.0036900369003689537
2025-03-28,5420,5450,5330,5440,13232,0.007407407407407307
2025-03-31,5440,5440,5320,5340,19449,-0.018382352941176516
2025-04-01,5340,5440,5340,5410,7746,0.013108614232209659
2025-04-02,5420,5510,5380,5460,21816,0.009242144177449063
2025-04-03,5420,5480,5360,5470,16840,0.001831501831501825
2025-04-04,5450,5520,5410,5520,18365,0.009140767824497242
2025-04-07,5440,5450,5350,5350,19463,-0.030797101449275388
2025-04-08,5390,5490,5380,5480,15068,0.024299065420560817
2025-04-09,5480,5480,5360,5370,15784,-0.02007299270072993
2025-04-10,5450,5780,5440,5680,134513,0.05772811918063314
2025-04-11,5620,5630,5480,5610,40537,-0.01232394366197187
2025-04-14,5670,5860,5650,5670,89309,0.010695187165775444
2025-04-15,5670,5820,5620,5730,54969,0.010582010582010692
2025-04-16,5850,5850,5670,5750,47324,0.003490401396160525
2025-04-17,5760,5820,5670,5690,44893,-0.01043478260869568
2025-04-18,5690,5800,5670,5780,13136,0.01581722319859402
2025-04-21,5750,5970,5750,5970,156512,0.03287197231833905
2025-04-22,6220,6260,5800,5820,185503,-0.025125628140703515
2025-04-23,5800,5890,5790,5850,26365,0.005154639175257714
2025-04-24,5850,5880,5770,5800,22044,-0.008547008547008517
2025-04-25,5810,6670,5800,5950,1220540,0.02586206896551735
2025-04-28,6000,6030,5930,5940,91143,-0.001680672268907557
2025-04-29,5950,6040,5890,6000,48468,0.010101010101010166
2025-04-30,6010,6220,5950,6190,115076,0.03166666666666673
2025-05-02,6040,6330,6020,6030,123780,-0.02584814216478193
2025-05-07,6040,6110,5940,6080,68594,0.008291873963515828
2025-05-08,6030,6090,6000,6090,25871,0.00164473684210531
2025-05-09,6100,6110,6000,6010,29480,-0.013136288998357948
2025-05-12,6070,6210,6020,6170,49389,0.0266222961730449
2025-05-13,6220,6270,6060,6170,57144,0.0
2025-05-14,6190,6300,6100,6250,70999,0.01296596434359798
2025-05-15,6240,6240,6090,6120,34846,-0.02080000000000004
2025-05-16,6160,6310,6120,6180,60622,0.009803921568627416
2025-05-19,6170,6190,6030,6060,41056,-0.01941747572815533
2025-05-20,6140,6170,6070,6150,30625,0.014851485148514865
2025-05-21,6170,6270,6150,6230,48920,0.01300813008130075
2025-05-22,6240,6320,6150,6250,44492,0.0032102728731941976
2025-05-23,6260,6260,6140,6160,28008,-0.014399999999999968
2025-05-26,6190,6190,6120,6160,19607,0.0
2025-05-27,6130,6150,6010,6110,64106,-0.008116883116883078
2025-05-28,6110,6270,6070,6210,33248,0.016366612111292866
2025-05-29,6210,7720,6210,7450,3791331,0.1996779388083736
2025-05-30,7460,7550,7080,7180,640829,-0.03624161073825505
2025-06-02,7180,7240,6890,6940,290020,-0.03342618384401119
2025-06-04,7220,8570,7080,7770,2987107,0.1195965417867435
2025-06-05,7820,8040,7670,7810,518728,0.005148005148005064
2025-06-09,8000,8320,7900,7990,567415,0.023047375160051287
2025-06-10,8160,8160,7770,7800,313672,-0.02377972465581979
2025-06-11,7710,7950,7560,7950,216837,0.019230769230769162
2025-06-12,8120,8260,7920,8030,244099,0.010062893081761004
2025-06-13,8120,8120,7590,7670,256723,-0.04483188044831876
2025-06-16,7660,8100,7510,8030,154688,0.046936114732724965
2025-06-17,8130,8130,7670,7850,169458,-0.02241594022415938
2025-06-18,7850,7890,7720,7720,77173,-0.016560509554140124
2025-06-19,7760,7950,7610,7700,102336,-0.002590673575129543
2025-06-20,7800,7800,7620,7670,69670,-0.003896103896103842
2025-06-23,7480,7600,7300,7450,160408,-0.028683181225554133
2025-06-24,7500,7760,7490,7760,85031,0.041610738255033475
2025-06-25,7810,8710,7650,7790,981222,0.0038659793814432852
2025-06-26,7720,7740,7350,7550,147527,-0.03080872913992294
2025-06-27,7550,7920,7460,7740,191779,0.02516556291390737
2025-06-30,7790,8250,7750,8070,311659,0.04263565891472876
2025-07-01,8180,10490,8160,9780,6835480,0.21189591078066905
2025-07-02,10000,10210,9320,9750,1636404,-0.0030674846625766694
2025-07-03,9660,9660,8720,8910,1029469,-0.08615384615384614
2025-07-04,8910,8990,8400,8430,450856,-0.05387205387205385
2025-07-07,8510,8830,8440,8520,320562,0.01067615658362997
2025-07-08,8430,8840,8380,8790,250886,0.03169014084507049
2025-07-09,8820,9020,8660,8960,300971,0.019340159271899804
2025-07-10,9040,9050,8810,9030,197500,0.0078125
2025-07-11,9040,9050,8710,8820,194139,-0.023255813953488413
2025-07-14,8770,9750,8750,9490,950315,0.07596371882086173
2025-07-15,9410,9480,9180,9400,254503,-0.009483667017913588
2025-07-16,9420,9420,9040,9050,150661,-0.037234042553191515
2025-07-17,9050,9170,8770,8810,133263,-0.026519337016574607
2025-07-18,8810,8880,8490,8620,125270,-0.02156640181611802
2025-07-21,8610,8640,8360,8390,116430,-0.026682134570765625
2025-07-22,8480,8480,8200,8330,120635,-0.007151370679380209
2025-07-23,8340,8430,8120,8140,59190,-0.02280912364945975
2025-07-24,8140,8250,7820,7950,207732,-0.023341523341523396
2025-07-25,7950,8060,7800,7900,69498,-0.0062893081761006275
2025-07-28,7920,8030,7700,7710,104813,-0.024050632911392422
2025-07-29,7750,7870,7570,7870,59558,0.02075226977950706
2025-07-30,7900,7970,7770,7790,78740,-0.010165184243964398
2025-07-31,7870,8140,7810,8050,129755,0.033376123234916566
2025-08-01,7950,7950,7480,7510,145102,-0.0670807453416149
2025-08-04,7530,7660,7210,7510,77355,0.0
2025-08-05,7550,7790,7500,7590,58086,0.010652463382157196
2025-08-06,7560,7640,7480,7600,24607,0.0013175230566535578
2025-08-07,7700,7700,7470,7580,39659,-0.0026315789473684292
2025-08-08,7590,7680,7580,7650,33437,0.00923482849604218
2025-08-11,7620,7620,7490,7530,51710,-0.015686274509803977
2025-08-12,7530,7700,7510,7600,31112,0.009296148738379806
2025-08-13,7600,7670,7540,7630,27677,0.003947368421052699
2025-08-14,7620,7660,7540,7630,21389,0.0
2025-08-18,7550,7590,7220,7390,87359,-0.03145478374836175
2025-08-19,7400,7470,7250,7320,42381,-0.009472259810554773
2025-08-20,7250,7300,7130,7300,36031,-0.002732240437158473
2025-08-21,7390,7390,7220,7290,18458,-0.00136986301369868
2025-08-22,7250,7380,7160,7280,39751,-0.00137174211248281
2025-08-25,7280,7410,7220,7310,25984,0.004120879120879106
2025-08-26,7280,7450,7280,7340,17744,0.004103967168262557
2025-08-27,7390,7390,7130,7160,49083,-0.02452316076294281
2025-08-28,7160,7520,7100,7450,114108,0.0405027932960893
2025-08-29,7450,7530,7230,7370,31540,-0.010738255033557076
2025-09-01,7370,7470,7160,7270,26905,-0.013568521031207648
2025-09-02,7280,7280,7120,7170,25900,-0.01375515818431916
2025-09-03,7190,7230,7110,7210,14335,0.00557880055788007
2025-09-04,7260,7260,7130,7240,11223,0.004160887656033285
2025-09-05,7240,7250,7140,7220,12809,-0.002762430939226568
2025-09-08,7140,7230,7070,7140,43888,-0.011080332409972304
2025-09-09,7190,7220,7100,7210,41068,0.009803921568627416
2025-09-10,7220,7500,7220,7460,77424,0.03467406380027738
2025-09-11,7460,7460,7260,7330,52816,-0.017426273458445052
2025-09-12,7520,7900,7390,7660,247983,0.045020463847203374
2025-09-15,7750,8150,7600,7830,279642,0.022193211488250597
2025-09-16,7800,7940,7650,7700,90440,-0.016602809706257937
2025-09-17,7700,7800,7550,7600,44367,-0.012987012987012991
2025-09-18,7700,7700,7480,7600,51458,0.0
2025-09-19,7600,7680,7430,7510,32530,-0.011842105263157876
2025-09-22,7640,7640,7390,7410,60117,-0.013315579227696439
2025-09-23,7400,7410,7210,7300,48878,-0.014844804318488558
2025-09-24,7290,7290,7080,7100,64483,-0.0273972602739726
2025-09-25,7110,7110,6980,7020,46285,-0.011267605633802802
2025-09-26,7020,7020,6860,6960,35473,-0.008547008547008517
2025-09-29,6950,7110,6950,7060,32252,0.014367816091954033
2025-09-30,7040,7080,6950,6970,17913,-0.012747875354107596
2025-10-01,6980,7180,6950,7000,23742,0.004304160688665792
2025-10-02,7000,7110,6970,7080,28840,0.011428571428571344
2025-10-10,7090,7090,6900,6930,33162,-0.021186440677966156
2025-10-13,6890,6940,6800,6900,32935,-0.0043290043290042934
2025-10-14,6900,6950,6800,6940,63987,0.005797101449275255
2025-10-15,6910,7040,6910,7000,25734,0.008645533141210304
2025-10-16,6950,7130,6950,7020,20577,0.0028571428571428914
2025-10-17,6980,6990,6800,6870,49070,-0.021367521367521403
2025-10-20,6860,6950,6720,6940,49148,0.010189228529839944
2025-10-21,6940,7000,6880,6970,36421,0.004322766570605152
2025-10-22,6970,7070,6750,7020,48616,0.007173601147776099
2025-10-23,7000,7100,6920,7040,26066,0.002849002849002913
2025-10-24,7000,7060,6880,7000,38961,-0.005681818181818232
2025-10-27,7100,7150,6980,7050,39563,0.0071428571428571175
2025-10-28,6980,7080,6920,7050,30355,0.0
2025-10-29,6990,7090,6900,6980,41192,-0.009929078014184411
2025-10-30,6980,6980,6770,6830,43170,-0.021489971346704828
2025-10-31,6840,6840,6630,6700,54784,-0.019033674963396807
2025-11-03,6640,6780,6500,6560,72141,-0.020895522388059695
2025-11-04,6560,6760,6440,6700,34812,0.021341463414634054
2025-11-05,6700,6700,6410,6570,53877,-0.0194029850746269
2025-11-06,6510,6830,6510,6770,41804,0.030441400304414
2025-11-07,6770,6770,6550,6720,28452,-0.00738552437223039
2025-11-10,6720,7160,6700,7010,52369,0.04315476190476186
2025-11-11,7030,7080,6870,6910,22620,-0.014265335235377985
2025-11-12,7000,7100,6950,7080,23815,0.02460202604920414
2025-11-13,7030,7120,6970,7060,17713,-0.0028248587570621764
2025-11-14,6920,7030,6820,6910,24406,-0.021246458923512734
2025-11-17,6970,6990,6730,6790,54384,-0.01736613603473225
2025-11-18,6790,6790,6590,6610,41015,-0.026509572901325495
2025-11-19,6650,6710,6550,6690,18339,0.012102874432677657
2025-11-20,6700,6980,6700,6880,35677,0.0284005979073243
2025-11-21,6790,6850,6710,6740,21424,-0.02034883720930236
2025-11-24,6730,6870,6640,6730,28507,-0.0014836795252225476
2025-11-25,6730,6820,6610,6660,18761,-0.010401188707280795
2025-11-26,6730,6780,6600,6750,11340,0.013513513513513598
2025-11-27,6750,6790,6670,6730,14429,-0.002962962962962945
2025-11-28,6690,7000,6690,6850,13739,0.017830609212481363
2025-12-01,6870,6920,6790,6870,13929,0.0029197080291971655
2025-12-02,6880,7030,6860,6960,19260,0.013100436681222627
2025-12-03,7000,7200,6980,7070,25231,0.015804597701149392
2025-12-04,7170,7170,6920,7030,11653,-0.005657708628005631
2025-12-05,7090,7090,6870,6950,22353,-0.011379800853485111
2025-12-08,6960,6960,6790,6830,21020,-0.01726618705035976
2025-12-09,6810,6840,6740,6800,15305,-0.004392386530014614
2025-12-10,6800,6860,6750,6800,15140,0.0
2025-12-11,6810,8070,6790,7110,1268279,0.04558823529411771
2025-12-12,7240,7310,7050,7130,111522,0.002812939521800173
2025-12-15,7140,7360,7100,7100,82140,-0.0042075736325385416
2025-12-16,7060,7250,7040,7090,41510,-0.0014084507042253502
2025-12-17,7090,7300,7020,7120,87896,0.004231311706629048
2025-12-18,7120,7130,7000,7050,23850,-0.0098314606741573
2025-12-19,7080,7180,7000,7140,21787,0.012765957446808418
2025-12-22,7100,7190,7070,7100,25491,-0.0056022408963585235
2025-12-23,7100,7110,7020,7050,23150,-0.007042253521126751
2025-12-24,7070,7100,7010,7030,8007,-0.0028368794326241176
2025-12-26,7060,7060,6850,6950,33146,-0.011379800853485111
2025-12-29,6950,6950,6790,6830,17553,-0.01726618705035976
2025-12-30,6830,6870,6760,6800,11024,-0.004392386530014614
2026-01-02,6810,6900,6690,6730,21112,-0.010294117647058787
2026-01-05,6810,6990,6660,6690,36715,-0.005943536404160454
2026-01-06,6670,6810,6600,6600,27353,-0.013452914798206317
2026-01-07,6650,6650,6340,6450,119879,-0.022727272727272707
2026-01-08,6410,6420,6250,6250,50758,-0.03100775193798455
2026-01-09,6220,6430,6220,6310,21972,0.009600000000000053
2026-01-12,6310,6440,6290,6370,17647,0.009508716323296307
2026-01-13,6410,6660,6250,6370,44026,0.0
2026-01-14,6450,6560,6340,6500,22430,0.020408163265306145
2026-01-15,6500,6610,6450,6540,24312,0.006153846153846176
2026-01-16,6510,6580,6430,6460,24308,-0.012232415902140636
2026-01-19,6460,6500,6360,6360,29312,-0.015479876160990669
2026-01-20,6370,6620,6310,6530,23223,0.02672955974842761
2026-01-21,6520,6620,6360,6470,23042,-0.009188361408882129
2026-01-22,6430,6550,6360,6420,69743,-0.007727975270479082
2026-01-23,6410,6690,6400,6630,56968,0.032710280373831724
2026-01-26,6670,6750,6580,6730,38076,0.015082956259426794
2026-01-27,6670,6670,6570,6630,20753,-0.014858841010401136
2026-01-28,6630,6670,6500,6630,33187,0.0
2026-01-29,6640,6730,6520,6650,34581,0.003016591251885359
2026-01-30,6650,6710,6580,6650,23241,0.0
2026-02-02,6750,6750,6430,6450,62203,-0.03007518796992481
2026-02-03,6540,6610,6410,6610,19636,0.024806201550387597
2026-02-04,6610,6850,6590,6850,71928,0.036308623298033194
2026-02-05,6850,6960,6740,6880,62663,0.004379562043795637
2026-02-06,6870,6930,6550,6850,56915,-0.0043604651162790775
2026-02-09,6860,7070,6840,6850,55486,0.0
