Date,Open,High,Low,Close,Volume,Change
2022-01-03,3300,3300,3295,3295,19,0.02968750000000009
2022-01-04,3100,3300,3005,3290,28,-0.0015174506828528056
2022-01-05,3300,3300,3035,3290,1120,0.0
2022-01-06,3005,3240,3000,3090,6258,-0.06079027355623101
2022-01-07,3045,3300,3035,3300,2802,0.06796116504854366
2022-01-10,3500,3500,3110,3395,829,0.028787878787878807
2022-01-11,3075,3270,3075,3270,1086,-0.03681885125184092
2022-01-12,3040,3285,3020,3025,7176,-0.07492354740061158
2022-01-13,3280,3280,3000,3085,1096,0.01983471074380172
2022-01-14,3000,3095,3000,3090,133,0.0016207455429497752
2022-01-17,3270,3275,2920,3200,505,0.03559870550161803
2022-01-18,3160,3160,2910,2985,3985,-0.06718749999999996
2022-01-19,3190,3190,2915,3135,135,0.05025125628140703
2022-01-20,2920,3130,2920,3130,34,-0.0015948963317384823
2022-01-21,3200,3290,3000,3285,42,0.04952076677316297
2022-01-24,2865,3195,2865,3085,1055,-0.060882800608828
2022-01-25,2905,3050,2905,3050,56,-0.011345218800648316
2022-01-26,3050,3050,3050,3050,260,0.0
2022-01-27,3045,3045,3045,3045,0,-0.0016393442622950616
2022-01-28,3000,3200,3000,3200,268,0.05090311986863716
2022-02-03,3185,3400,3185,3400,24,0.0625
2022-02-04,3100,3200,2900,3175,650,-0.06617647058823528
2022-02-07,2915,3300,2915,3300,2262,0.03937007874015741
2022-02-08,3000,3295,2920,3180,3144,-0.036363636363636376
2022-02-09,3005,3280,2850,2855,5273,-0.10220125786163525
2022-02-10,3100,3200,2860,3090,4280,0.08231173380035028
2022-02-11,3305,3305,3000,3285,52,0.06310679611650483
2022-02-14,3200,3295,2800,3060,9204,-0.06849315068493156
2022-02-15,3095,3095,2855,3065,38,0.0016339869281045694
2022-02-16,3015,3015,2995,2995,66,-0.022838499184339334
2022-02-17,3000,3100,2985,2995,218,0.0
2022-02-18,2795,2975,2790,2800,5590,-0.06510851419031716
2022-02-21,2895,2940,2710,2925,3158,0.044642857142857206
2022-02-22,2700,3100,2650,3100,1027,0.05982905982905984
2022-02-23,2810,3000,2810,2995,763,-0.03387096774193543
2022-02-24,2805,3000,2800,2975,746,-0.006677796327211993
2022-02-25,2985,2985,2800,2975,300,0.0
2022-02-28,3000,3000,2820,2980,36,0.001680672268907557
2022-03-02,2900,3090,2825,2930,616,-0.016778523489932917
2022-03-03,2815,2985,2805,2850,1891,-0.027303754266211566
2022-03-04,3000,3000,2815,2980,31,0.04561403508771922
2022-03-07,2990,2990,2990,2990,31,0.003355704697986628
2022-03-08,2805,2990,2730,2780,892,-0.07023411371237454
2022-03-10,2900,2965,2700,2850,4211,0.02517985611510798
2022-03-11,2900,2900,2465,2860,2515,0.0035087719298245723
2022-03-14,2900,2900,2900,2900,1,0.013986013986013957
2022-03-15,2900,2975,2900,2975,11,0.02586206896551735
2022-03-16,2970,2975,2800,2975,447,0.0
2022-03-17,2715,3000,2715,2950,519,-0.008403361344537785
2022-03-18,2700,2900,2625,2625,6258,-0.11016949152542377
2022-03-21,2800,2800,2550,2585,5354,-0.015238095238095273
2022-03-22,2800,2970,2365,2480,9385,-0.04061895551257255
2022-03-23,2475,2475,2230,2395,5023,-0.03427419354838712
2022-03-24,2400,2680,2400,2595,1066,0.08350730688935282
2022-03-25,2500,2500,2500,2500,0,-0.036608863198458574
2022-03-28,2750,2750,2300,2390,2276,-0.04400000000000004
2022-03-29,2400,2400,2400,2400,222,0.004184100418409997
2022-03-30,2700,2700,2250,2425,9105,0.01041666666666674
2022-03-31,2480,2480,2300,2400,482,-0.010309278350515427
2022-04-01,2690,2690,2200,2395,4163,-0.002083333333333326
2022-04-04,2390,2690,2200,2290,27588,-0.04384133611691021
2022-04-05,2300,2345,2200,2295,285,0.0021834061135370675
2022-04-06,2250,2280,2225,2225,1306,-0.030501089324618702
2022-04-07,2290,2290,2275,2275,979,0.022471910112359605
2022-04-08,2390,2390,2255,2255,1073,-0.00879120879120876
2022-04-11,2390,2390,2390,2390,4,0.05986696230598665
2022-04-12,2250,2375,2250,2335,1054,-0.023012552301255207
2022-04-13,2210,2345,2200,2240,2733,-0.0406852248394004
2022-04-14,2290,2290,2205,2245,578,0.0022321428571427937
2022-04-15,2285,2285,2280,2280,9,0.015590200445434244
2022-04-18,2125,2295,2125,2295,185,0.006578947368421018
2022-04-19,2250,2250,2250,2250,558,-0.019607843137254943
2022-04-20,2495,2495,2300,2390,33,0.06222222222222218
2022-04-21,2395,2395,2360,2365,24,-0.010460251046025104
2022-04-22,2215,2335,2215,2335,402,-0.012684989429175508
2022-04-25,2335,2335,2335,2335,1,0.0
2022-04-26,2575,2575,2150,2515,810,0.0770877944325481
2022-04-27,2400,2500,2300,2300,1652,-0.08548707753479123
2022-04-28,2200,2295,2125,2235,3663,-0.02826086956521734
2022-04-29,2490,2490,2200,2295,1591,0.02684563758389258
2022-05-02,2145,2245,2140,2245,1191,-0.02178649237472763
2022-05-03,2400,2400,2300,2300,21,0.024498886414253906
2022-05-04,2485,2485,2295,2295,350,-0.0021739130434782483
2022-05-06,2280,2280,2275,2275,909,-0.008714596949891074
2022-05-09,2200,2260,2150,2190,3078,-0.03736263736263734
2022-05-10,2110,2290,2110,2290,241,0.04566210045662111
2022-05-11,2100,2290,2100,2290,21,0.0
2022-05-12,2260,2260,2260,2260,0,-0.013100436681222738
2022-05-13,2245,2245,2245,2245,0,-0.006637168141592875
2022-05-16,2245,2245,2140,2230,1972,-0.006681514476614692
2022-05-17,2220,2220,2120,2125,861,-0.047085201793722
2022-05-18,2125,2300,2125,2280,2324,0.07294117647058829
2022-05-19,2300,2485,2105,2390,385,0.04824561403508776
2022-05-20,2285,2405,2135,2195,2568,-0.08158995815899583
2022-05-23,2195,2300,2195,2300,3001,0.04783599088838275
2022-05-24,2290,2290,2290,2290,0,-0.004347826086956497
2022-05-25,2245,2245,2245,2245,3,-0.01965065502183405
2022-05-26,2245,2245,2245,2245,0,0.0
2022-05-27,2220,2220,2220,2220,0,-0.011135857461024523
2022-05-30,2215,2215,2215,2215,0,-0.0022522522522522292
2022-05-31,2065,2170,2065,2170,960,-0.020316027088036148
2022-06-02,2190,2200,2190,2200,1500,0.01382488479262678
2022-06-03,2200,2200,2200,2200,0,0.0
2022-06-07,2200,2200,2200,2200,300,0.0
2022-06-08,2200,2200,2200,2200,200,0.0
2022-06-09,2065,2300,2055,2300,494,0.045454545454545414
2022-06-10,2300,2300,2300,2300,0,0.0
2022-06-13,2150,2150,2150,2150,480,-0.06521739130434778
2022-06-14,2195,2195,2100,2180,1041,0.013953488372093092
2022-06-15,2195,2195,2100,2100,879,-0.03669724770642202
2022-06-16,2000,2100,2000,2065,12676,-0.01666666666666672
2022-06-17,2030,2030,2030,2030,0,-0.016949152542372836
2022-06-20,2030,2030,1905,2030,102,0.0
2022-06-21,2075,2075,1910,2020,2030,-0.0049261083743842304
2022-06-22,2085,2085,2040,2040,161,0.00990099009900991
2022-06-23,1800,2035,1800,2000,310,-0.019607843137254943
2022-06-24,2000,2000,2000,2000,115,0.0
2022-06-27,2100,2100,2100,2100,2,0.050000000000000044
2022-06-28,2085,2085,2085,2085,1,-0.0071428571428571175
2022-06-29,2045,2045,2025,2025,21,-0.02877697841726623
2022-06-30,2025,2025,2025,2025,0,0.0
2022-07-01,2020,2020,2020,2020,1,-0.0024691358024691024
2022-07-04,2080,2080,1900,2000,254,-0.00990099009900991
2022-07-05,2080,2080,2080,2080,1,0.040000000000000036
2022-07-06,2075,2075,2075,2075,1,-0.0024038461538461453
2022-07-07,2000,2085,1900,2000,484,-0.03614457831325302
2022-07-08,2000,2085,2000,2060,12,0.030000000000000027
2022-07-11,1900,2100,1900,2100,1423,0.01941747572815533
2022-07-12,2100,2100,2100,2100,0,0.0
2022-07-13,2100,2100,2100,2100,0,0.0
2022-07-14,2100,2100,2100,2100,3,0.0
2022-07-15,2100,2100,2100,2100,0,0.0
2022-07-18,2040,2040,1815,2000,2730,-0.04761904761904767
2022-07-19,2000,2000,2000,2000,1,0.0
2022-07-20,2000,2000,1995,1995,40,-0.0024999999999999467
2022-07-21,1995,1995,1995,1995,0,0.0
2022-07-22,1990,1990,1990,1990,0,-0.0025062656641604564
2022-07-25,1905,2000,1905,2000,1291,0.005025125628140614
2022-07-26,1995,1995,1995,1995,0,-0.0024999999999999467
2022-07-27,1990,1990,1990,1990,1,-0.0025062656641604564
2022-07-28,1990,1990,1990,1990,52,0.0
2022-07-29,1990,1990,1990,1990,300,0.0
2022-08-01,2100,2100,2100,2100,401,0.055276381909547645
2022-08-02,2000,2300,2000,2300,148,0.09523809523809534
2022-08-03,2500,2500,2500,2500,101,0.08695652173913038
2022-08-04,2400,2700,2200,2500,221,0.0
2022-08-05,2300,2600,2130,2500,240,0.0
2022-08-08,2400,2500,2300,2500,1340,0.0
2022-08-09,2300,2500,2300,2500,670,0.0
2022-08-10,2600,2600,2310,2590,170,0.03600000000000003
2022-08-11,2585,2600,2585,2600,288,0.0038610038610038533
2022-08-12,2690,2690,2500,2680,6,0.03076923076923066
2022-08-16,2700,2700,2700,2700,10,0.00746268656716409
2022-08-17,2600,2600,2600,2600,10,-0.03703703703703709
2022-08-18,2600,2600,2600,2600,10,0.0
2022-08-19,2500,2500,2450,2450,20,-0.05769230769230771
2022-08-22,2400,2500,2400,2400,8,-0.020408163265306145
2022-08-23,2390,2390,2100,2100,465,-0.125
2022-08-24,2200,2400,2200,2300,48,0.09523809523809534
2022-08-25,2300,2300,2300,2300,1,0.0
2022-08-26,2400,2400,2400,2400,1,0.04347826086956519
2022-08-29,2400,2400,2400,2400,0,0.0
2022-08-30,2105,2500,2105,2500,481,0.04166666666666674
2022-08-31,2300,2400,2300,2400,11,-0.040000000000000036
2022-09-01,2400,2400,2400,2400,0,0.0
2022-09-02,2400,2400,2400,2400,0,0.0
2022-09-05,2400,2400,2400,2400,0,0.0
2022-09-06,2200,2400,2055,2055,1438,-0.14375000000000004
2022-09-07,2200,2200,2200,2200,1,0.07055961070559613
2022-09-08,2200,2200,2200,2200,0,0.0
2022-09-13,2190,2190,2190,2190,6,-0.004545454545454519
2022-09-14,2150,2300,2150,2300,181,0.05022831050228316
2022-09-15,2300,2300,2300,2300,0,0.0
2022-09-16,2100,2300,2100,2100,94,-0.08695652173913049
2022-09-19,2200,2300,2200,2300,11,0.09523809523809534
2022-09-20,2100,2300,2100,2300,82,0.0
2022-09-21,2100,2300,2005,2185,112,-0.050000000000000044
2022-09-22,2000,2175,2000,2175,61,-0.004576659038901587
2022-09-23,2090,2185,2090,2185,110,0.0045977011494253706
2022-09-26,2100,2110,2090,2090,2197,-0.04347826086956519
2022-09-27,2190,2190,2090,2090,432,0.0
2022-09-28,2200,2300,2090,2090,5870,0.0
2022-09-29,2195,2195,2050,2195,2030,0.05023923444976086
2022-09-30,2195,2300,2090,2200,1010,0.002277904328018332
2022-10-04,2300,2300,2160,2300,3,0.045454545454545414
2022-10-05,2295,2400,2295,2400,651,0.04347826086956519
2022-10-06,2200,2200,2200,2200,106,-0.08333333333333337
2022-10-07,2150,2200,2150,2200,801,0.0
2022-10-11,2150,2200,2150,2200,501,0.0
2022-10-12,2150,2195,2150,2195,753,-0.002272727272727315
2022-10-13,2195,2195,2150,2195,252,0.0
2022-10-14,2300,2300,2300,2300,1,0.04783599088838275
2022-10-17,2200,2400,2200,2400,1101,0.04347826086956519
2022-10-18,2400,2400,2400,2400,0,0.0
2022-10-19,2200,2300,2200,2300,32,-0.04166666666666663
2022-10-20,2220,2300,2220,2300,22,0.0
2022-10-21,2300,2400,2300,2400,11,0.04347826086956519
2022-10-24,2300,2400,2300,2300,572,-0.04166666666666663
2022-10-25,2400,2400,2400,2400,5,0.04347826086956519
2022-10-26,2300,2385,2300,2385,251,-0.006249999999999978
2022-10-27,2300,2395,2300,2395,452,0.004192872117400492
2022-10-28,2300,2395,2300,2395,251,0.0
2022-10-31,2400,2400,2300,2395,252,0.0
2022-11-01,2395,2395,2395,2395,0,0.0
2022-11-02,2385,2385,2385,2385,0,-0.0041753653444676075
2022-11-03,2385,2500,2375,2500,764,0.048218029350104885
2022-11-04,2500,2500,2500,2500,0,0.0
2022-11-07,2485,2485,2485,2485,0,-0.006000000000000005
2022-11-08,2500,2600,2300,2600,355,0.046277665995975825
2022-11-09,2305,2600,2300,2300,725,-0.11538461538461542
2022-11-10,2395,2395,2200,2395,269,0.04130434782608705
2022-11-11,2400,2400,2305,2400,21,0.0020876826722338038
2022-11-14,2400,2760,2100,2500,4090,0.04166666666666674
2022-11-15,2300,2875,2300,2700,9107,0.08000000000000007
2022-11-16,2700,2700,2630,2700,254,0.0
2022-11-17,2800,2800,2615,2790,35,0.03333333333333344
2022-11-18,2795,2900,2600,2900,432,0.03942652329749108
2022-11-21,2900,3000,2900,3000,34,0.034482758620689724
2022-11-22,2700,3000,2600,3000,780,0.0
2022-11-23,3000,3000,2950,3000,26,0.0
2022-11-24,3200,3280,3000,3280,359,0.09333333333333327
2022-11-25,3000,3280,3000,3280,126,0.0
2022-11-28,3400,3400,3400,3400,10,0.03658536585365857
2022-11-29,3400,3400,3000,3250,2217,-0.044117647058823484
2022-11-30,3100,3250,3000,3190,57,-0.018461538461538418
2022-12-01,3200,3200,2715,3090,3697,-0.031347962382445194
2022-12-02,3295,3295,2655,3295,9,0.06634304207119746
2022-12-05,2900,3195,2900,3195,121,-0.030349013657056112
2022-12-06,3200,3200,2800,3100,154,-0.029733959311424085
2022-12-07,2900,2990,2690,2950,634,-0.048387096774193505
2022-12-08,2700,2850,2680,2850,475,-0.03389830508474578
2022-12-09,2900,2900,2900,2900,1,0.01754385964912286
2022-12-12,2700,2900,2700,2700,183,-0.06896551724137934
2022-12-13,2800,2800,2800,2800,3,0.03703703703703698
2022-12-14,2900,2900,2415,2875,793,0.02678571428571419
2022-12-15,2795,2795,2795,2795,18,-0.02782608695652178
2022-12-16,2605,2795,2605,2795,38,0.0
2022-12-19,2605,2800,2605,2795,1105,0.0
2022-12-20,2795,2795,2795,2795,0,0.0
2022-12-21,3000,3000,2800,2895,34,0.035778175313059046
2022-12-22,2795,2800,2795,2800,503,-0.032815198618307395
2022-12-23,2900,2900,2620,2750,160,-0.017857142857142905
2022-12-26,2800,2800,2800,2800,2,0.018181818181818077
2022-12-27,2795,2795,2605,2795,13,-0.0017857142857142794
2022-12-28,2790,2790,2790,2790,0,-0.0017889087656529634
2022-12-29,2605,2800,2605,2800,4,0.0035842293906809264
2023-01-02,2600,2800,2600,2800,21,0.0
2023-01-03,2600,2600,2600,2600,30,-0.0714285714285714
2023-01-04,2700,2700,2510,2700,213,0.03846153846153855
2023-01-05,2800,2800,2600,2650,899,-0.01851851851851849
2023-01-06,2600,2700,2600,2645,843,-0.0018867924528301883
2023-01-09,2645,2645,2300,2300,59,-0.13043478260869568
2023-01-10,2600,2600,2305,2395,249,0.04130434782608705
2023-01-11,2495,2495,2300,2390,427,-0.0020876826722338038
2023-01-12,2385,2385,2205,2385,7,-0.0020920502092049986
2023-01-13,2400,2400,2400,2400,1,0.0062893081761006275
2023-01-16,2395,2395,2300,2390,141,-0.004166666666666652
2023-01-17,2380,2400,2380,2380,186,-0.004184100418409997
2023-01-18,2600,2600,2500,2595,33,0.09033613445378141
2023-01-19,2300,2700,2300,2700,22,0.040462427745664664
2023-01-20,0,0,0,2690,0,-0.0037037037037036535
2023-01-25,2690,2690,2690,2690,0,0.0
2023-01-26,2700,2700,2700,2700,1,0.0037174721189590088
2023-01-27,2695,2695,2695,2695,5,-0.0018518518518518823
2023-01-30,3000,3000,2500,2500,17,-0.07235621521335811
2023-01-31,2500,2500,2490,2490,30,-0.0040000000000000036
2023-02-01,2400,2590,2395,2590,160,0.04016064257028118
2023-02-02,2600,2600,2600,2600,1,0.0038610038610038533
2023-02-03,2600,2600,2600,2600,0,0.0
2023-02-06,2600,2600,2600,2600,0,0.0
2023-02-07,2600,2990,2595,2600,165,0.0
2023-02-08,2500,2500,2210,2345,639,-0.09807692307692306
2023-02-09,2395,2395,2295,2295,116,-0.021321961620469065
2023-02-10,2395,2395,2395,2395,1,0.04357298474945526
2023-02-13,2295,2750,2295,2700,374,0.12734864300626314
2023-02-14,2500,2700,2450,2700,488,0.0
2023-02-15,2700,2700,2700,2700,1,0.0
2023-02-16,2695,2700,2695,2700,605,0.0
2023-02-17,2700,2700,2700,2700,1,0.0
2023-02-20,2700,2700,2700,2700,1,0.0
2023-02-21,2600,2700,2600,2700,41,0.0
2023-02-22,2500,2700,2320,2600,158,-0.03703703703703709
2023-02-23,2600,2600,2500,2600,66,0.0
2023-02-24,2500,2500,2450,2450,49,-0.05769230769230771
2023-02-27,2600,2700,2500,2500,25,0.020408163265306145
2023-02-28,2600,2700,2600,2700,21,0.08000000000000007
2023-03-02,2700,2700,2700,2700,0,0.0
2023-03-03,2500,2600,2295,2600,4948,-0.03703703703703709
2023-03-06,2305,2545,2210,2210,5368,-0.15000000000000002
2023-03-07,2200,2375,1880,2185,9232,-0.011312217194570096
2023-03-08,2395,2395,1904,2195,34,0.004576659038901587
2023-03-09,2145,2145,2000,2145,95,-0.02277904328018221
2023-03-10,2095,2095,2095,2095,0,-0.023310023310023298
2023-03-13,2000,2085,1811,2085,232,-0.004773269689737458
2023-03-14,1900,2085,1805,2080,186,-0.0023980815347721673
2023-03-15,2025,2195,1900,1900,403,-0.08653846153846156
2023-03-16,2000,2080,1900,2070,22,0.08947368421052637
2023-03-17,2085,2090,2085,2090,10,0.009661835748792313
2023-03-20,2075,2075,2075,2075,0,-0.0071770334928229484
2023-03-21,2075,2075,2075,2075,0,0.0
2023-03-22,2075,2075,2075,2075,0,0.0
2023-03-23,2075,2075,2075,2075,90,0.0
2023-03-24,2085,2085,2085,2085,258,0.004819277108433662
2023-03-27,2055,2095,2005,2090,2801,0.0023980815347721673
2023-03-28,2100,2395,2100,2390,622,0.1435406698564594
2023-03-29,2400,2700,2400,2500,470,0.046025104602510414
2023-03-30,2500,2600,2400,2600,1241,0.040000000000000036
2023-03-31,2595,2600,2400,2500,120,-0.038461538461538436
2023-04-03,2500,2600,2150,2400,318,-0.040000000000000036
2023-04-04,2300,2395,2300,2395,220,-0.002083333333333326
2023-04-05,2300,2400,2300,2400,111,0.0020876826722338038
2023-04-06,2200,2295,2060,2295,3712,-0.043749999999999956
2023-04-07,2300,2500,2300,2485,83,0.08278867102396514
2023-04-10,2595,2595,2145,2500,119,0.006036217303822866
2023-04-11,2200,2390,2200,2390,11,-0.04400000000000004
2023-04-12,2280,2295,2250,2250,1301,-0.05857740585774063
2023-04-13,2250,2400,2230,2400,2701,0.06666666666666665
2023-04-14,2500,2500,2045,2200,9068,-0.08333333333333337
2023-04-17,2280,2280,2100,2145,102,-0.025000000000000022
2023-04-18,2000,2100,2000,2095,2087,-0.023310023310023298
2023-04-19,2050,2050,2050,2050,1,-0.021479713603818618
2023-04-20,2100,2240,2100,2100,32,0.024390243902439046
2023-04-21,2100,2100,2100,2100,3360,0.0
2023-04-24,2195,2195,2190,2190,71,0.04285714285714293
2023-04-25,2100,2100,2100,2100,0,-0.04109589041095896
2023-04-26,2200,2295,2100,2150,22,0.023809523809523725
2023-04-27,2200,2295,2100,2200,22,0.023255813953488413
2023-04-28,2000,2095,1880,2050,3046,-0.06818181818181823
2023-05-02,2100,2200,2100,2200,11,0.07317073170731714
2023-05-03,2195,2195,2195,2195,1,-0.002272727272727315
2023-05-04,2000,2095,2000,2000,711,-0.08883826879271073
2023-05-08,2100,2280,1810,2100,700,0.050000000000000044
2023-05-09,2195,2195,2000,2140,21,0.01904761904761898
2023-05-10,1999,1999,1999,1999,65,-0.06588785046728973
2023-05-11,1990,1990,1990,1990,1011,-0.004502251125562795
2023-05-12,1950,1950,1718,1945,2206,-0.022613065326633208
2023-05-15,2000,2205,2000,2000,52,0.028277634961439535
2023-05-16,2100,2100,2100,2100,1,0.050000000000000044
2023-05-17,1900,2050,1800,1995,1864,-0.050000000000000044
2023-05-18,1800,1950,1800,1950,22,-0.022556390977443663
2023-05-19,1950,1950,1950,1950,5,0.0
2023-05-22,1800,1899,1715,1899,463,-0.026153846153846194
2023-05-23,1850,1899,1850,1899,64,0.0
2023-05-24,1720,1898,1720,1880,511,-0.010005265929436513
2023-05-25,1850,1850,1650,1690,1240,-0.10106382978723405
2023-05-26,1700,1700,1600,1689,2286,-0.0005917159763313418
2023-05-30,1700,1900,1700,1899,2357,0.12433392539964472
2023-05-31,1900,1950,1900,1950,11,0.026856240126382325
2023-06-01,1800,1800,1658,1799,399,-0.0774358974358974
2023-06-02,1799,1799,1799,1799,0,0.0
2023-06-05,1750,1750,1750,1750,10,-0.027237354085603127
2023-06-07,1600,1693,1501,1650,1374,-0.05714285714285716
2023-06-08,1500,1790,1403,1493,25138,-0.0951515151515151
2023-06-09,1499,1499,1400,1476,15089,-0.011386470194239773
2023-06-12,1500,1690,1500,1690,121,0.1449864498644986
2023-06-13,1700,1943,1500,1899,29955,0.12366863905325443
2023-06-14,1720,1869,1615,1615,16382,-0.1495523959978936
2023-06-15,1500,1500,1446,1500,5877,-0.07120743034055732
2023-06-16,1600,1600,1452,1470,11319,-0.020000000000000018
2023-06-19,1421,1489,1401,1486,2106,0.010884353741496655
2023-06-20,1400,1499,1400,1422,142,-0.043068640646029555
2023-06-21,1600,1600,1499,1499,21,0.05414908579465538
2023-06-22,1416,1600,1416,1600,1543,0.06737825216811211
2023-06-23,1550,1550,1450,1499,1629,-0.06312499999999999
2023-06-26,1420,1497,1420,1497,74,-0.0013342228152101177
2023-06-27,1406,1499,1315,1459,4214,-0.025384101536406134
2023-06-28,1331,1437,1331,1437,3568,-0.015078821110349527
2023-06-29,1497,1497,1318,1438,830,0.0006958942240780086
2023-06-30,1301,1499,1301,1499,4,0.04242002781641174
2023-07-03,1370,1500,1275,1275,33143,-0.14943295530353573
2023-07-04,1400,1400,1200,1384,7423,0.08549019607843134
2023-07-05,1202,1377,1177,1255,23961,-0.09320809248554918
2023-07-06,1300,1300,1100,1289,20400,0.027091633466135523
2023-07-07,1101,1295,1100,1125,14088,-0.12723041117145073
2023-07-10,1000,1200,1000,1200,4223,0.06666666666666665
2023-07-11,1100,1200,1100,1199,7324,-0.0008333333333333526
2023-07-12,1041,1100,1041,1099,287,-0.08340283569641371
2023-07-13,1200,1200,1200,1200,1,0.09190172884440395
2023-07-14,1050,1190,1050,1190,870,-0.008333333333333304
2023-07-17,1040,1200,1040,1189,3485,-0.0008403361344537785
2023-07-18,1100,1189,1100,1184,1702,-0.004205214465937801
2023-07-19,1050,1100,1050,1099,1286,-0.07179054054054057
2023-07-20,1010,1200,999,1093,21781,-0.005459508644222066
2023-07-21,1000,1099,1000,1000,1706,-0.08508691674290947
2023-07-24,1000,1000,951,994,8378,-0.006000000000000005
2023-07-25,952,1097,845,994,59932,0.0
2023-07-26,851,999,851,999,7,0.005030181086519203
2023-07-27,999,1100,999,1100,1511,0.10110110110110115
2023-07-28,1200,1200,940,945,2011,-0.14090909090909087
2023-07-31,815,1086,815,1084,13,0.14708994708994716
2023-08-01,1100,1200,1099,1099,418,0.013837638376383854
2023-08-02,1110,1110,1010,1099,2021,0.0
2023-08-03,1200,1200,1000,1099,1040,0.0
2023-08-04,1100,1100,1100,1100,541,0.0009099181073703999
2023-08-07,1050,1150,1000,1100,6206,0.0
2023-08-08,1100,1100,1099,1099,1623,-0.0009090909090908594
2023-08-09,1200,1200,1100,1100,601,0.0009099181073703999
2023-08-10,1200,1260,1090,1090,337,-0.009090909090909038
2023-08-11,1180,1180,1005,1005,839,-0.07798165137614677
2023-08-14,1150,1150,855,1099,10175,0.09353233830845764
2023-08-16,940,1025,935,940,1634,-0.14467697907188348
2023-08-17,1000,1020,800,1000,43023,0.06382978723404253
2023-08-18,850,1100,850,1100,11077,0.10000000000000009
2023-08-21,1100,1100,1100,1100,3,0.0
2023-08-22,940,1200,940,1200,142,0.09090909090909083
2023-08-23,1020,1100,1020,1090,32938,-0.09166666666666667
2023-08-24,930,1100,930,950,4760,-0.12844036697247707
2023-08-25,950,999,900,900,206,-0.052631578947368474
2023-08-28,990,990,765,969,45004,0.07666666666666666
2023-08-29,830,830,824,824,12426,-0.14963880288957687
2023-08-30,897,897,715,893,128,0.08373786407766981
2023-08-31,899,899,771,896,26,0.0033594624860022737
2023-09-01,892,892,770,829,280,-0.0747767857142857
2023-09-04,899,899,875,875,49,0.055488540410132625
2023-09-05,875,875,745,777,3701,-0.11199999999999999
2023-09-06,777,800,777,800,55,0.029601029601029616
2023-09-07,809,809,702,809,104,0.011249999999999982
2023-09-08,819,819,707,819,128,0.012360939431396822
2023-09-11,819,825,819,824,11,0.006105006105006083
2023-09-12,711,830,711,829,1303,0.0060679611650484855
2023-09-13,850,850,731,839,40,0.012062726176115701
2023-09-14,730,845,730,844,252,0.005959475566150285
2023-09-15,868,868,868,868,1,0.028436018957346043
2023-09-18,889,889,889,889,1,0.024193548387096753
2023-09-19,899,899,899,899,301,0.011248593925759387
2023-09-20,900,900,850,850,2998,-0.05450500556173521
2023-09-21,809,869,741,810,3906,-0.04705882352941182
2023-09-22,810,810,810,810,1,0.0
2023-09-25,701,810,701,810,15,0.0
2023-09-26,800,800,800,800,0,-0.012345679012345734
2023-09-27,800,920,800,920,2816,0.1499999999999999
2023-10-04,949,949,948,949,90,0.03152173913043477
2023-10-05,999,1091,807,1090,1178,0.14857744994731292
2023-10-06,1190,1190,930,1100,85,0.00917431192660545
2023-10-10,1000,1150,1000,1150,291,0.045454545454545414
2023-10-11,1000,1150,1000,1150,44,0.0
2023-10-12,1200,1200,980,1100,441,-0.04347826086956519
2023-10-13,950,1100,950,1100,510,0.0
2023-10-16,1150,1150,1099,1100,2805,0.0
2023-10-17,1170,1170,1170,1170,1,0.06363636363636371
2023-10-18,1200,1200,1200,1200,1,0.02564102564102555
2023-10-19,1100,1100,1100,1100,0,-0.08333333333333337
2023-10-20,1000,1000,940,1000,910,-0.09090909090909094
2023-10-23,1000,1100,850,1050,1656,0.050000000000000044
2023-10-24,1100,1100,900,1000,922,-0.04761904761904767
2023-10-25,1100,1100,850,998,642,-0.0020000000000000018
2023-10-26,900,1049,900,1000,23,0.002004008016031955
2023-10-27,1050,1050,900,1000,23,0.0
2023-10-30,901,1000,900,998,1780,-0.0020000000000000018
2023-10-31,900,1000,900,995,512,-0.0030060120240480437
2023-11-01,900,995,900,995,610,0.0
2023-11-02,1000,1000,1000,1000,1,0.005025125628140614
2023-11-03,950,999,950,999,20,-0.0010000000000000009
2023-11-06,1000,1148,1000,1100,125,0.10110110110110115
2023-11-07,1099,1099,1099,1099,0,-0.0009090909090908594
2023-11-08,940,1099,940,1099,2,0.0
2023-11-09,1099,1099,1099,1099,1,0.0
2023-11-10,1099,1099,1099,1099,0,0.0
2023-11-13,1050,1050,1050,1050,4,-0.04458598726114649
2023-11-14,1100,1100,900,1100,115,0.04761904761904767
2023-11-15,1099,1099,1099,1099,0,-0.0009090909090908594
2023-11-16,1100,1100,1100,1100,151,0.0009099181073703999
2023-11-17,1200,1200,1000,1100,12,0.0
2023-11-20,1100,1200,1000,1098,23,-0.0018181818181818299
2023-11-21,1000,1048,940,950,589,-0.13479052823315119
2023-11-22,1050,1050,900,1050,23,0.10526315789473695
2023-11-23,1100,1200,901,1200,181,0.1428571428571428
2023-11-24,1020,1200,1020,1199,102,-0.0008333333333333526
2023-11-27,1020,1100,1020,1100,322,-0.08256880733944949
2023-11-28,1090,1090,1090,1090,11,-0.009090909090909038
2023-11-29,1250,1250,1250,1250,49,0.14678899082568808
2023-11-30,1300,1300,1063,1300,183,0.040000000000000036
2023-12-01,1150,1200,1110,1150,22,-0.11538461538461542
2023-12-04,1139,1300,1119,1300,36,0.13043478260869557
2023-12-05,1110,1300,1110,1200,47,-0.07692307692307687
2023-12-06,1300,1300,1020,1300,33,0.08333333333333326
2023-12-07,1110,1290,1110,1290,21,-0.007692307692307665
2023-12-08,1300,1400,1200,1393,13,0.07984496124031004
2023-12-11,1390,1390,1390,1390,3010,-0.002153625269203152
2023-12-12,1380,1380,1380,1380,0,-0.007194244604316502
2023-12-13,1400,1400,1173,1199,26,-0.13115942028985506
2023-12-14,1290,1300,1290,1300,3,0.08423686405337771
2023-12-15,1200,1300,1200,1300,42,0.0
2023-12-18,1299,1299,1299,1299,0,-0.0007692307692307443
2023-12-19,1200,1200,1200,1200,0,-0.07621247113163976
2023-12-20,1300,1300,1300,1300,1,0.08333333333333326
2023-12-21,1250,1250,1250,1250,0,-0.038461538461538436
2023-12-22,1100,1150,1100,1150,44,-0.07999999999999996
2023-12-26,1150,1150,980,1150,126,0.0
2023-12-27,1000,1150,1000,1150,20,0.0
2023-12-28,980,1300,980,1300,489,0.13043478260869557
2024-01-02,1110,1300,1110,1200,16,-0.07692307692307687
2024-01-03,1300,1380,1100,1200,35,0.0
2024-01-04,1200,1200,1020,1200,9,0.0
2024-01-05,1200,1300,1020,1020,5135,-0.15000000000000002
2024-01-08,1020,1020,1020,1020,1,0.0
2024-01-09,1100,1173,1100,1100,1131,0.07843137254901955
2024-01-10,1100,1100,1100,1100,1,0.0
2024-01-11,1189,1190,940,1190,1853,0.08181818181818179
2024-01-12,1020,1020,1019,1019,1522,-0.14369747899159668
2024-01-15,900,1000,870,989,6004,-0.02944062806673209
2024-01-16,863,988,863,988,61,-0.0010111223458038054
2024-01-17,1000,1049,1000,1049,14,0.061740890688259054
2024-01-18,1049,1049,1049,1049,1,0.0
2024-01-19,1069,1069,1069,1069,1,0.019065776930409895
2024-01-22,910,1029,909,909,16,-0.14967259120673526
2024-01-23,900,900,900,900,1747,-0.00990099009900991
2024-01-24,900,900,816,900,7,0.0
2024-01-25,900,900,900,900,27,0.0
2024-01-26,1000,1000,1000,1000,1,0.11111111111111116
2024-01-29,855,900,855,900,184,-0.09999999999999998
2024-01-30,900,900,900,900,1,0.0
2024-01-31,900,900,900,900,2218,0.0
2024-02-01,1000,1000,780,880,1637,-0.022222222222222254
2024-02-02,880,880,870,870,67,-0.011363636363636354
2024-02-05,879,879,879,879,1,0.010344827586206806
2024-02-06,878,878,869,869,29,-0.011376564277588153
2024-02-07,899,899,879,879,301,0.011507479861910141
2024-02-08,900,900,889,889,10,0.011376564277588264
2024-02-13,800,900,800,880,1682,-0.010123734533183382
2024-02-14,900,900,898,898,11,0.020454545454545503
2024-02-15,764,899,764,898,2402,0.0
2024-02-16,880,880,879,879,11,-0.021158129175946505
2024-02-19,849,849,849,849,1,-0.03412969283276446
2024-02-20,898,898,896,896,325,0.05535924617196697
2024-02-21,899,899,899,899,84,0.0033482142857141906
2024-02-22,775,898,770,898,396,-0.0011123470522803602
2024-02-23,850,949,850,949,178,0.056792873051225046
2024-02-26,890,890,890,890,1,-0.06217070600632246
2024-02-27,880,1000,880,990,1314,0.1123595505617978
2024-02-28,900,990,899,990,849,0.0
2024-02-29,989,989,989,989,1,-0.0010101010101010166
2024-03-04,900,995,900,995,1043,0.006066734074823055
2024-03-05,1000,1144,1000,1100,32,0.10552763819095468
2024-03-06,1050,1100,1050,1100,1000,0.0
2024-03-07,1200,1200,1200,1200,4,0.09090909090909083
2024-03-08,1199,1199,1199,1199,191,-0.0008333333333333526
2024-03-11,1190,1190,1190,1190,1,-0.007506255212677226
2024-03-12,1020,1360,1020,1300,1376,0.09243697478991586
2024-03-13,1250,1250,1105,1250,1133,-0.038461538461538436
2024-03-14,1300,1300,1100,1300,32,0.040000000000000036
2024-03-15,1110,1110,1110,1110,4010,-0.1461538461538462
2024-03-18,1200,1270,944,944,322,-0.14954954954954958
2024-03-19,944,1000,803,1000,930,0.05932203389830515
2024-03-20,930,1000,930,1000,42,0.0
2024-03-21,860,1000,850,989,2355,-0.01100000000000001
2024-03-22,930,930,930,930,1,-0.05965621840242674
2024-03-25,1000,1000,795,995,2228,0.06989247311827951
2024-03-26,850,930,846,930,4048,-0.0653266331658291
2024-03-27,900,920,800,920,3088,-0.010752688172043001
2024-03-28,1000,1000,802,810,910,-0.11956521739130432
2024-03-29,931,931,930,930,7,0.14814814814814814
2024-04-01,1050,1050,800,810,3828,-0.12903225806451613
2024-04-02,880,880,864,864,38,0.06666666666666665
2024-04-03,900,900,741,845,1201,-0.0219907407407407
2024-04-04,840,840,789,799,3851,-0.05443786982248522
2024-04-05,900,900,900,900,1,0.12640801001251556
2024-04-08,766,850,766,847,353,-0.05888888888888888
2024-04-09,828,828,828,828,1,-0.022432113341204207
2024-04-11,900,900,800,800,36,-0.033816425120772986
2024-04-12,900,900,850,850,6,0.0625
2024-04-15,900,900,723,859,522,0.010588235294117565
2024-04-16,900,987,800,800,34,-0.06868451688009314
2024-04-17,700,800,685,800,4030,0.0
2024-04-18,800,900,800,900,20,0.125
2024-04-19,1000,1000,765,900,3504,0.0
2024-04-22,1000,1000,900,927,21,0.030000000000000027
2024-04-23,800,900,788,900,211,-0.029126213592232997
2024-04-24,900,1000,900,998,24,0.10888888888888881
2024-04-25,957,957,957,957,7,-0.0410821643286573
2024-04-26,815,970,814,814,11472,-0.14942528735632188
2024-04-29,701,900,700,750,2889,-0.07862407862407861
2024-04-30,860,860,638,660,31508,-0.12
2024-05-02,700,759,680,749,422,0.13484848484848477
2024-05-03,800,800,800,800,1,0.06809078771695587
2024-05-07,800,898,700,798,1019,-0.0024999999999999467
2024-05-08,800,800,800,800,1,0.0025062656641603454
2024-05-09,799,799,799,799,1,-0.0012499999999999734
2024-05-10,799,898,799,898,11,0.12390488110137676
2024-05-13,764,900,764,840,1371,-0.06458797327394206
2024-05-14,950,950,950,950,1,0.13095238095238093
2024-05-16,810,900,810,898,41,-0.054736842105263195
2024-05-17,820,820,820,820,1,-0.0868596881959911
2024-05-20,800,800,800,800,1,-0.024390243902439046
2024-05-21,900,900,701,849,202,0.06125000000000003
2024-05-22,900,900,898,898,4,0.05771495877502941
2024-05-23,765,858,764,858,81,-0.04454342984409798
2024-05-24,900,900,730,850,202,-0.009324009324009341
2024-05-27,899,899,899,899,1,0.057647058823529385
2024-05-28,811,890,765,890,11806,-0.010011123470522798
2024-05-29,760,800,757,780,4068,-0.1235955056179775
2024-05-30,780,780,663,695,32740,-0.10897435897435892
2024-05-31,602,698,592,592,22697,-0.1482014388489209
2024-06-03,674,674,504,504,42033,-0.14864864864864868
2024-06-04,465,568,465,562,27718,0.11507936507936511
2024-06-05,600,600,500,580,68468,0.03202846975088969
2024-06-07,600,600,493,547,37505,-0.05689655172413788
2024-06-10,578,578,465,489,58440,-0.10603290676416821
2024-06-11,550,550,515,515,10062,0.053169734151329306
2024-06-12,585,585,500,505,23935,-0.01941747572815533
2024-06-13,500,579,500,564,81339,0.11683168316831694
2024-06-14,600,639,521,588,218,0.042553191489361764
2024-06-17,676,676,510,560,8546,-0.04761904761904767
2024-06-18,644,644,500,530,657,-0.0535714285714286
2024-06-19,608,608,501,589,5939,0.11132075471698122
2024-06-20,650,650,600,639,4958,0.08488964346349737
2024-06-21,700,700,550,600,763,-0.06103286384976525
2024-06-24,688,688,600,687,938,0.14500000000000002
2024-06-25,585,685,584,679,538,-0.011644832605531286
2024-06-26,685,685,578,680,28,0.0014727540500736325
2024-06-27,686,686,600,683,2994,0.004411764705882337
2024-06-28,686,686,600,686,191,0.004392386530014614
2024-07-01,699,699,699,699,18,0.01895043731778423
2024-07-02,699,800,699,780,1776,0.11587982832618016
2024-07-03,770,770,671,770,3,-0.012820512820512775
2024-07-04,700,760,660,740,1784,-0.038961038961038974
2024-07-05,800,800,770,770,31,0.04054054054054057
2024-07-08,800,800,655,800,409,0.03896103896103886
2024-07-09,800,800,769,769,35,-0.03874999999999995
2024-07-10,884,884,700,750,393,-0.024707412223667125
2024-07-11,749,749,749,749,1,-0.0013333333333332975
2024-07-12,800,861,700,800,24,0.06809078771695587
2024-07-15,880,880,880,880,1,0.10000000000000009
2024-07-16,890,910,750,800,104,-0.09090909090909094
2024-07-17,680,750,680,750,124,-0.0625
2024-07-18,700,800,700,800,11,0.06666666666666665
2024-07-19,800,899,700,850,85,0.0625
2024-07-22,723,723,723,723,110,-0.14941176470588236
2024-07-23,800,800,615,750,63,0.03734439834024905
2024-07-24,700,800,700,755,27,0.006666666666666599
2024-07-25,800,800,642,720,953,-0.04635761589403975
2024-07-26,760,760,760,760,1,0.05555555555555558
2024-07-29,759,759,700,759,12,-0.001315789473684159
2024-07-30,799,849,700,750,76,-0.011857707509881465
2024-07-31,800,849,650,750,373,0.0
2024-08-01,800,800,750,750,202,0.0
2024-08-02,800,847,638,745,618,-0.00666666666666671
2024-08-05,798,798,634,749,1018,0.005369127516778427
2024-08-06,700,800,639,750,1417,0.001335113484646211
2024-08-07,800,800,639,748,24,-0.002666666666666706
2024-08-08,637,847,637,780,33,0.04278074866310155
2024-08-09,799,870,700,760,34,-0.02564102564102566
2024-08-12,759,759,759,759,1,-0.001315789473684159
2024-08-13,800,800,646,750,48,-0.011857707509881465
2024-08-14,800,847,639,846,13,0.1279999999999999
2024-08-16,846,846,720,845,38,-0.0011820330969266601
2024-08-19,750,845,720,749,2313,-0.11360946745562128
2024-08-20,650,758,637,750,1874,0.001335113484646211
2024-08-21,640,750,638,638,3850,-0.14933333333333332
2024-08-22,698,698,543,620,944,-0.028213166144200663
2024-08-23,619,700,527,689,59,0.1112903225806452
2024-08-26,699,699,587,699,3,0.014513788098693858
2024-08-27,700,700,700,700,1,0.0014306151645206988
2024-08-28,699,699,699,699,1,-0.0014285714285714457
2024-08-29,689,689,689,689,2,-0.014306151645207432
2024-08-30,586,689,586,679,3,-0.014513788098693747
2024-09-02,700,700,699,700,501,0.030927835051546282
2024-09-03,600,700,595,650,15,-0.0714285714285714
2024-09-04,700,700,553,700,13,0.07692307692307687
2024-09-05,600,648,600,648,57,-0.07428571428571429
2024-09-06,700,700,551,649,117,0.0015432098765431057
2024-09-09,700,700,700,700,1,0.07858243451463798
2024-09-10,700,700,700,700,1,0.0
2024-09-11,595,689,595,689,6,-0.01571428571428568
2024-09-12,587,700,586,700,13,0.0159651669085632
2024-09-13,599,650,599,649,1822,-0.07285714285714284
2024-09-19,746,746,552,600,1218,-0.07550077041602465
2024-09-20,600,689,510,588,1229,-0.020000000000000018
2024-09-23,599,669,599,669,14,0.1377551020408163
2024-09-24,569,698,569,600,220,-0.10313901345291476
2024-09-25,599,650,510,599,232,-0.0016666666666667052
2024-09-26,530,590,510,588,1622,-0.018363939899833093
2024-09-27,500,588,500,583,530,-0.008503401360544172
2024-09-30,500,549,496,548,462,-0.06003430531732423
2024-10-02,467,550,466,549,113,0.0018248175182482562
2024-10-04,598,599,467,589,253,0.07285974499089254
2024-10-07,501,598,501,598,111,0.015280135823429575
2024-10-08,598,598,598,598,1,0.0
2024-10-10,597,597,520,568,9,-0.050167224080267525
2024-10-11,598,598,483,546,335,-0.03873239436619713
2024-10-14,500,600,465,534,244,-0.02197802197802201
2024-10-15,500,600,454,581,130,0.08801498127340834
2024-10-16,494,598,494,524,2112,-0.09810671256454384
2024-10-17,524,600,446,525,434,0.001908396946564972
2024-10-18,500,598,447,589,550,0.12190476190476196
2024-10-21,501,570,501,565,1264,-0.04074702886247883
2024-10-22,600,647,481,481,1038,-0.14867256637168147
2024-10-23,499,549,409,548,466,0.13929313929313936
2024-10-24,550,550,466,516,1623,-0.058394160583941646
2024-10-25,590,590,439,459,991,-0.11046511627906974
2024-10-28,499,499,391,474,122,0.03267973856209161
2024-10-29,499,499,499,499,1,0.052742616033755185
2024-10-30,499,499,425,463,206,-0.07214428857715427
2024-10-31,490,490,394,489,3,0.05615550755939536
2024-11-01,484,484,416,450,217,-0.07975460122699385
2024-11-04,500,500,383,449,1135,-0.0022222222222222365
2024-11-05,400,498,382,445,2212,-0.008908685968819552
2024-11-06,400,500,379,435,2077,-0.022471910112359605
2024-11-07,370,399,370,370,986,-0.14942528735632188
2024-11-08,316,399,315,399,1334,0.07837837837837847
2024-11-11,400,450,340,405,279,0.015037593984962516
2024-11-12,405,450,345,428,3440,0.05679012345679002
2024-11-13,364,400,364,399,32,-0.06775700934579443
2024-11-14,457,457,340,340,698,-0.1478696741854637
2024-11-15,390,390,289,340,2737,0.0
2024-11-18,300,300,289,289,743,-0.15000000000000002
2024-11-19,300,332,246,332,565,0.1487889273356402
2024-11-20,378,378,300,367,47,0.10542168674698793
2024-11-21,367,367,312,360,243,-0.019073569482288777
2024-11-22,0,0,0,360,0,0.0
2024-11-25,0,0,0,360,0,0.0
2024-11-26,0,0,0,360,0,0.0
2024-11-27,0,0,0,360,0,0.0
2024-11-28,0,0,0,360,0,0.0
2024-11-29,0,0,0,360,0,0.0
2024-12-02,0,0,0,360,0,0.0
2024-12-03,0,0,0,360,0,0.0
2024-12-04,0,0,0,360,0,0.0
2024-12-05,0,0,0,360,0,0.0
2024-12-06,0,0,0,360,0,0.0
2024-12-09,0,0,0,360,0,0.0
2024-12-10,0,0,0,360,0,0.0
2024-12-11,0,0,0,360,0,0.0
2024-12-12,0,0,0,360,0,0.0
2024-12-13,2160,2160,2145,2145,6,4.958333333333333
2024-12-16,2000,2000,1825,1825,94,-0.14918414918414924
2024-12-17,1900,1900,1600,1880,22,0.03013698630136985
2024-12-18,1700,1700,1598,1598,3,-0.15000000000000002
2024-12-19,1500,1700,1400,1600,33,0.0012515644555695093
2024-12-20,1400,1600,1360,1599,179,-0.0006249999999999867
2024-12-23,1400,1400,1400,1400,10,-0.12445278298936835
2024-12-24,1499,1499,1300,1489,3,0.06357142857142861
2024-12-26,1300,1499,1266,1499,110,0.00671591672263272
2024-12-27,1300,1600,1275,1389,502,-0.07338225483655769
2024-12-30,1399,1399,1399,1399,1,0.007199424046076208
2025-01-02,1397,1397,1397,1397,1,-0.0014295925661186315
2025-01-03,1200,1389,1188,1299,230,-0.0701503221188261
2025-01-06,1299,1399,1200,1399,118,0.07698229407236346
2025-01-07,1400,1400,1190,1399,233,0.0
2025-01-08,1200,1300,1190,1299,338,-0.0714796283059328
2025-01-09,1110,1297,1105,1200,292,-0.07621247113163976
2025-01-10,1297,1297,1020,1100,76,-0.08333333333333337
2025-01-13,1199,1199,1000,1000,29,-0.09090909090909094
2025-01-14,1097,1097,900,1097,5,0.09699999999999998
2025-01-15,1100,1261,1000,1199,183,0.09298085688240665
2025-01-16,1199,1199,1199,1199,1,0.0
2025-01-17,1200,1200,1200,1200,3,0.0008340283569641116
2025-01-20,1200,1300,1020,1300,13,0.08333333333333326
2025-01-21,1300,1300,1110,1200,33,-0.07692307692307687
2025-01-22,1300,1300,1300,1300,1,0.08333333333333326
2025-01-23,1105,1200,1105,1200,237,-0.07692307692307687
2025-01-24,1200,1300,1020,1199,203,-0.0008333333333333526
2025-01-31,1199,1199,1020,1099,86,-0.08340283569641371
2025-02-03,1099,1200,935,1200,285,0.09190172884440395
2025-02-04,1020,1200,1020,1095,213,-0.08750000000000002
2025-02-05,1000,1200,1000,1200,471,0.09589041095890405
2025-02-06,1100,1100,1020,1099,107,-0.08416666666666661
2025-02-07,935,1097,935,1097,4,-0.0018198362147406888
2025-02-10,1099,1200,933,1200,118,0.09389243391066548
2025-02-11,1100,1299,1020,1292,379,0.07666666666666666
2025-02-12,1300,1300,1200,1290,221,-0.001547987616099089
2025-02-13,1298,1298,1199,1199,140,-0.07054263565891472
2025-02-14,1100,1298,1100,1296,21,0.08090075062552127
2025-02-17,1300,1300,1102,1199,273,-0.07484567901234573
2025-02-18,1200,1200,1021,1199,640,0.0
2025-02-19,1021,1199,1021,1199,71,0.0
2025-02-20,1199,1199,1030,1098,696,-0.08423686405337782
2025-02-21,1001,1198,1001,1198,143,0.09107468123861562
2025-02-24,1200,1200,1100,1100,129,-0.08180300500834725
2025-02-25,1000,1199,940,940,682,-0.1454545454545455
2025-02-26,940,940,900,940,96,0.0
2025-02-27,1000,1081,1000,1081,11,0.1499999999999999
2025-02-28,1100,1243,1100,1242,222,0.14893617021276606
2025-03-04,1242,1242,1242,1242,0,0.0
2025-03-05,1249,1249,1056,1056,212,-0.1497584541062802
2025-03-06,1100,1200,1100,1200,11,0.13636363636363646
2025-03-07,1020,1170,1020,1095,42,-0.08750000000000002
2025-03-10,1001,1200,1001,1199,116,0.0949771689497716
2025-03-11,1020,1196,1020,1196,23,-0.002502085070892446
2025-03-12,1195,1195,1195,1195,0,-0.0008361204013378476
2025-03-13,1197,1197,1020,1196,32,0.0008368200836819106
2025-03-14,1020,1100,1017,1100,24,-0.08026755852842804
2025-03-17,1100,1100,1100,1100,10,0.0
2025-03-18,1018,1199,1000,1199,41,0.09000000000000008
2025-03-19,1195,1196,1195,1196,20,-0.002502085070892446
2025-03-20,1196,1196,1196,1196,0,0.0
2025-03-21,1196,1196,1196,1196,50,0.0
2025-03-24,1196,1196,1196,1196,0,0.0
2025-03-25,1196,1196,1196,1196,0,0.0
2025-03-26,1189,1189,1189,1189,0,-0.0058528428093646
2025-03-27,1011,1194,1011,1194,39,0.00420521446593769
2025-03-28,1192,1192,1192,1192,10,-0.0016750418760469454
2025-03-31,1014,1299,1014,1299,84,0.08976510067114085
2025-04-01,1105,1297,1105,1297,122,-0.0015396458814472824
2025-04-02,1297,1297,1297,1297,0,0.0
2025-04-03,1296,1296,1296,1296,1,-0.0007710100231302919
2025-04-04,1102,1102,1102,1102,334,-0.14969135802469136
2025-04-07,1199,1199,940,1199,22,0.08802177858439197
2025-04-08,1020,1200,1020,1199,292,0.0
2025-04-09,1200,1295,1020,1294,222,0.07923269391159304
2025-04-10,1297,1297,1100,1100,21,-0.14992272024729525
2025-04-11,1199,1199,1199,1199,1,0.09000000000000008
2025-04-14,1199,1199,1199,1199,1,0.0
2025-04-15,1197,1197,1197,1197,1,-0.0016680567139282232
2025-04-16,1200,1293,1200,1293,31,0.08020050125313283
2025-04-17,1279,1279,1279,1279,0,-0.010827532869296164
2025-04-18,1289,1289,1100,1283,14,0.0031274433150898506
2025-04-21,1197,1287,1101,1278,26,-0.0038971161340607408
2025-04-22,1277,1277,1277,1277,1,-0.0007824726134585402
2025-04-23,1269,1269,1269,1269,0,-0.006264682850430692
2025-04-24,1100,1199,1100,1199,111,-0.05516154452324662
2025-04-25,1198,1277,1020,1269,25,0.05838198498748959
2025-04-28,1284,1284,1284,1284,21,0.011820330969267046
2025-04-29,1288,1288,1092,1266,188,-0.014018691588784993
2025-04-30,1279,1279,1077,1189,23,-0.06082148499210116
2025-05-02,1199,1289,1199,1289,21,0.08410428931875535
2025-05-07,1299,1299,1096,1196,62,-0.07214895267649346
2025-05-08,1195,1195,1195,1195,0,-0.0008361204013378476
2025-05-09,1194,1194,1194,1194,1,-0.0008368200836820217
2025-05-12,1194,1194,1194,1194,1,0.0
2025-05-13,1193,1299,1020,1299,43,0.0879396984924623
2025-05-14,1105,1270,1105,1270,22,-0.02232486528098543
2025-05-15,1276,1276,1080,1196,112,-0.058267716535433056
2025-05-16,1195,1195,1195,1195,0,-0.0008361204013378476
2025-05-19,1194,1194,1194,1194,0,-0.0008368200836820217
2025-05-20,1194,1194,1194,1194,0,0.0
2025-05-21,1200,1298,1020,1197,144,0.002512562814070307
2025-05-22,1099,1200,1099,1200,21,0.0025062656641603454
2025-05-23,1190,1190,1190,1190,0,-0.008333333333333304
2025-05-26,1199,1199,1012,1099,52,-0.07647058823529407
2025-05-27,1100,1100,1100,1100,1,0.0009099181073703999
2025-05-28,1100,1100,1100,1100,62,0.0
2025-05-29,1100,1100,935,1087,110,-0.011818181818181839
2025-05-30,1100,1100,924,1098,49,0.010119595216191435
2025-06-02,934,1097,934,1097,36,-0.0009107468123861207
2025-06-04,1097,1097,1097,1097,0,0.0
2025-06-05,1094,1094,1094,1094,0,-0.0027347310847766204
2025-06-09,930,1098,930,1098,13,0.003656307129798808
2025-06-10,1000,1100,940,1098,36,0.0
2025-06-11,1096,1099,940,1099,287,0.0009107468123861207
2025-06-12,1100,1260,1100,1260,658,0.14649681528662417
2025-06-13,1301,1301,1200,1299,74,0.030952380952380842
2025-06-16,1300,1380,1105,1380,290,0.06235565819861422
2025-06-17,1399,1490,1300,1480,61,0.07246376811594213
2025-06-18,1400,1499,1400,1499,22,0.012837837837837762
2025-06-19,1497,1497,1497,1497,11,-0.0013342228152101177
2025-06-20,1484,1484,1484,1484,1,-0.00868403473613899
2025-06-23,1480,1480,1480,1480,0,-0.0026954177897574594
2025-06-24,1500,1500,1400,1400,4,-0.05405405405405406
2025-06-25,1500,1600,1400,1599,717,0.14214285714285713
2025-06-26,1600,1700,1600,1600,12,0.0006253908692932519
2025-06-27,1700,1700,1360,1500,464,-0.0625
2025-06-30,1500,1500,1500,1500,0,0.0
2025-07-01,1500,1500,1400,1400,133,-0.06666666666666665
2025-07-02,1500,1500,1400,1450,297,0.03571428571428581
2025-07-03,1500,1667,1500,1667,315,0.1496551724137931
2025-07-04,1700,1800,1600,1700,127,0.019796040791841607
2025-07-07,1700,1900,1700,1900,21,0.11764705882352944
2025-07-08,1900,2100,1800,1900,34,0.0
2025-07-09,2000,2000,1998,1998,2,0.051578947368420947
2025-07-10,2250,2250,2250,2250,251,0.12612612612612617
2025-07-11,1915,1915,1915,1915,50,-0.14888888888888885
2025-07-14,2000,2000,2000,2000,1,0.044386422976501416
2025-07-15,2000,2200,2000,2090,32,0.04499999999999993
2025-07-16,2085,2085,2085,2085,1,-0.0023923444976076125
2025-07-17,2100,2200,2000,2100,22,0.007194244604316502
2025-07-18,1900,2095,1900,2095,21,-0.0023809523809523725
2025-07-21,1900,2200,1900,2200,260,0.05011933174224348
2025-07-22,2200,2200,2200,2200,12,0.0
2025-07-23,2200,2200,2200,2200,1,0.0
2025-07-24,2200,2300,2000,2195,48,-0.002272727272727315
2025-07-25,2190,2190,2190,2190,0,-0.002277904328018221
2025-07-28,2100,2200,2100,2200,11,0.004566210045662045
2025-07-29,2200,2200,2200,2200,1,0.0
2025-07-30,2195,2195,2195,2195,0,-0.002272727272727315
2025-07-31,2000,2190,2000,2190,21,-0.002277904328018221
2025-08-01,2100,2500,2100,2500,151,0.14155251141552516
2025-08-04,2300,2500,2125,2400,80,-0.040000000000000036
2025-08-05,2300,2300,2040,2245,57,-0.06458333333333333
2025-08-06,1910,1999,1910,1999,21,-0.10957683741648105
2025-08-07,1800,1999,1700,1999,27,0.0
2025-08-08,1800,2100,1800,2100,41,0.05052526263131574
2025-08-11,1900,2100,1900,2100,3,0.0
2025-08-12,1900,2400,1900,2400,303,0.1428571428571428
2025-08-13,2300,2300,2300,2300,10,-0.04166666666666663
2025-08-14,2200,2200,2100,2100,884,-0.08695652173913049
2025-08-18,2100,2100,2100,2100,0,0.0
2025-08-19,2050,2050,2050,2050,0,-0.023809523809523836
2025-08-20,2000,2000,2000,2000,10,-0.024390243902439046
2025-08-21,1900,2000,1900,2000,46,0.0
2025-08-22,2000,2000,2000,2000,1,0.0
2025-08-25,2000,2000,2000,2000,1,0.0
2025-08-26,1900,2000,1900,2000,11,0.0
2025-08-27,1800,1900,1800,1900,11,-0.050000000000000044
2025-08-28,1900,1900,1900,1900,2,0.0
2025-08-29,1700,1990,1615,1990,101,0.047368421052631504
2025-09-01,2000,2000,2000,2000,1,0.005025125628140614
2025-09-02,1800,1800,1700,1800,21,-0.09999999999999998
2025-09-03,1800,2000,1800,2000,21,0.11111111111111116
2025-09-04,2000,2000,2000,2000,1,0.0
2025-09-05,1800,1800,1700,1800,33,-0.09999999999999998
2025-09-08,1800,1800,1800,1800,0,0.0
2025-09-09,1800,1800,1800,1800,1,0.0
2025-09-10,1600,2000,1530,2000,301,0.11111111111111116
2025-09-11,2000,2000,2000,2000,0,0.0
2025-09-12,1900,1900,1700,1700,40,-0.15000000000000002
2025-09-15,1800,1955,1445,1800,329,0.05882352941176472
2025-09-16,1700,1900,1700,1900,21,0.05555555555555558
2025-09-17,1899,1899,1899,1899,1,-0.000526315789473708
2025-09-18,1700,1700,1700,1700,10,-0.1047919957872564
2025-09-19,1600,1600,1600,1600,9,-0.05882352941176472
2025-09-22,1600,1600,1600,1600,0,0.0
2025-09-23,1700,1840,1500,1700,129,0.0625
2025-09-24,1510,1650,1510,1650,101,-0.02941176470588236
2025-09-25,1650,1650,1650,1650,0,0.0
2025-09-26,1500,1500,1500,1500,247,-0.09090909090909094
2025-09-29,1600,1600,1400,1559,7,0.03933333333333344
2025-09-30,1400,1599,1400,1599,2,0.02565747273893515
2025-10-01,1599,1599,1599,1599,0,0.0
2025-10-02,1599,1599,1599,1599,0,0.0
2025-10-10,1599,1599,1599,1599,0,0.0
2025-10-13,1599,1599,1599,1599,0,0.0
2025-10-14,1599,1599,1599,1599,0,0.0
2025-10-15,1480,1480,1480,1480,0,-0.07442151344590364
2025-10-16,1599,1599,1400,1598,6,0.07972972972972969
2025-10-17,1598,1598,1598,1598,0,0.0
2025-10-20,1599,1599,1599,1599,10,0.0006257822277846437
2025-10-21,1599,1599,1599,1599,0,0.0
2025-10-22,1599,1599,1599,1599,0,0.0
2025-10-23,1400,1838,1400,1798,172,0.12445278298936846
2025-10-24,1798,2000,1600,1800,206,0.0011123470522802492
2025-10-27,1798,1798,1798,1798,22,-0.0011111111111110628
2025-10-28,1600,1795,1600,1700,12,-0.05450500556173521
2025-10-29,1500,1550,1500,1550,261,-0.08823529411764708
2025-10-30,1400,1500,1320,1500,105,-0.032258064516129004
2025-10-31,1300,1490,1275,1490,41,-0.00666666666666671
2025-11-03,1490,1490,1490,1490,0,0.0
2025-11-04,1490,1500,1267,1500,713,0.006711409395973256
2025-11-05,1450,1450,1400,1400,179,-0.06666666666666665
2025-11-06,1399,1399,1399,1399,87,-0.0007142857142856673
2025-11-07,1200,1396,1200,1396,6,-0.0021443888491780028
2025-11-10,1396,1396,1396,1396,0,0.0
2025-11-11,1396,1396,1396,1396,0,0.0
2025-11-12,1400,1499,1300,1400,152,0.002865329512893977
2025-11-13,1400,1400,1400,1400,1,0.0
2025-11-14,1400,1400,1400,1400,0,0.0
2025-11-17,1400,1400,1400,1400,0,0.0
2025-11-18,1400,1488,1400,1488,11,0.06285714285714294
2025-11-19,1488,1488,1488,1488,0,0.0
2025-11-20,1500,1500,1500,1500,73,0.008064516129032251
2025-11-21,1400,1588,1300,1588,41,0.058666666666666645
2025-11-24,1599,1599,1400,1500,48,-0.055415617128463435
2025-11-25,1300,1499,1300,1499,11,-0.0006666666666667043
2025-11-26,1275,1500,1275,1500,197,0.0006671114076051143
2025-11-27,1500,1500,1500,1500,0,0.0
2025-11-28,1499,1499,1499,1499,0,-0.0006666666666667043
2025-12-01,1498,1498,1498,1498,0,-0.0006671114076051143
2025-12-02,1400,1400,1400,1400,142,-0.06542056074766356
2025-12-03,1400,1499,1400,1499,111,0.07071428571428573
2025-12-04,1499,1499,1499,1499,0,0.0
2025-12-05,1300,1399,1275,1399,632,-0.06671114076050699
2025-12-08,1398,1398,1398,1398,0,-0.0007147962830593713
2025-12-09,1200,1300,1200,1300,11,-0.07010014306151646
2025-12-10,1250,1250,1250,1250,0,-0.038461538461538436
2025-12-11,1250,1250,1250,1250,0,0.0
2025-12-12,1100,1300,1100,1300,16,0.040000000000000036
2025-12-15,1110,1110,1110,1110,1,-0.1461538461538462
2025-12-16,1276,1276,1100,1275,15,0.14864864864864868
2025-12-17,1275,1275,1275,1275,0,0.0
2025-12-18,1275,1275,1275,1275,2,0.0
2025-12-19,1111,1275,1110,1275,1501,0.0
2025-12-22,1300,1300,1100,1299,1187,0.018823529411764683
2025-12-23,1300,1492,1300,1300,32,0.0007698229407235857
2025-12-24,1400,1400,1200,1300,792,0.0
2025-12-26,1400,1495,1310,1493,565,0.14846153846153842
2025-12-29,1499,1700,1300,1400,265,-0.062290689886135286
2025-12-30,1400,1599,1300,1599,71,0.14214285714285713
2026-01-02,1500,1500,1360,1420,421,-0.1119449656035022
2026-01-05,1500,1500,1500,1500,21,0.05633802816901401
2026-01-06,1500,1500,1500,1500,100,0.0
2026-01-07,1500,1500,1500,1500,0,0.0
2026-01-08,1400,1400,1300,1300,201,-0.1333333333333333
2026-01-09,1400,1495,1400,1400,233,0.07692307692307687
2026-01-12,1400,1400,1400,1400,171,0.0
2026-01-13,1400,1400,1400,1400,0,0.0
2026-01-14,1400,1400,1400,1400,0,0.0
2026-01-15,1400,1400,1400,1400,3866,0.0
2026-01-16,1500,1610,1500,1610,3120,0.1499999999999999
2026-01-19,1500,1500,1500,1500,232,-0.06832298136645965
2026-01-20,1500,1725,1500,1725,910,0.1499999999999999
2026-01-21,1800,1900,1800,1900,196,0.10144927536231885
2026-01-22,2000,2000,1900,1900,123,0.0
2026-01-23,2000,2000,2000,2000,301,0.05263157894736836
2026-01-26,2100,2200,2100,2200,20,0.10000000000000009
2026-01-27,2300,2500,2300,2400,1028,0.09090909090909083
2026-01-28,2400,2400,2300,2300,14,-0.04166666666666663
2026-01-29,2400,2600,2000,2100,149,-0.08695652173913049
2026-01-30,2000,2300,1800,1900,141,-0.09523809523809523
2026-02-02,2185,2185,2185,2185,11,0.1499999999999999
2026-02-03,1900,1900,1900,1900,0,-0.13043478260869568
2026-02-04,1900,1900,1615,1615,22,-0.15000000000000002
2026-02-05,1615,1800,1615,1799,72,0.11393188854489167
2026-02-06,1800,2000,1700,2000,55,0.1117287381878822
2026-02-09,2000,2000,2000,2000,1,0.0
