Date,Open,High,Low,Close,Volume,Change
2022-01-03,17929,18848,17929,18460,87737,0.039882830103650235
2022-01-04,18530,18813,18211,18282,32496,-0.009642470205850517
2022-01-05,18211,18211,17363,17540,63875,-0.04058636910622471
2022-01-06,17026,17327,16496,16708,78024,-0.04743443557582672
2022-01-07,16903,17363,16761,16921,35543,0.012748384007660984
2022-01-10,16903,17151,16461,17151,20941,0.01359257727084695
2022-01-11,17026,17752,17009,17433,37953,0.016442189959769093
2022-01-12,17680,17752,17062,17469,28754,0.0020650490449147796
2022-01-13,17486,17752,17081,17221,23627,-0.01419657679317643
2022-01-14,17204,17327,16938,17009,14577,-0.01231055107136636
2022-01-17,17009,17044,15913,16125,56428,-0.051972485154918036
2022-01-18,15842,16408,15152,15523,50351,-0.03733333333333333
2022-01-19,14993,15382,14215,14622,109444,-0.05804290407781998
2022-01-20,14516,15064,14392,14817,46219,0.013336068937217949
2022-01-21,14640,15913,14481,15029,97522,0.014307889586286038
2022-01-24,14852,15152,13791,14038,64176,-0.0659391842437953
2022-01-25,14003,14498,13349,13791,63970,-0.017595099016953997
2022-01-26,13668,14038,13402,13455,42656,-0.02436371546660865
2022-01-27,13384,13543,12518,13119,78839,-0.024972129319955405
2022-01-28,13119,13508,12571,13331,56461,0.01615976827502097
2022-02-03,14003,15329,13827,14321,106751,0.0742629960243042
2022-02-04,14197,14427,13967,14197,20299,-0.008658613225333456
2022-02-07,14268,14410,13967,14144,16443,-0.003733183066845114
2022-02-08,14144,14321,13879,13967,21906,-0.012514140271493224
2022-02-09,14038,14746,14003,14392,34360,0.03042886804610867
2022-02-10,14339,14427,14021,14392,25593,0.0
2022-02-11,14197,14392,13508,13596,63827,-0.05530850472484716
2022-02-14,13154,13438,12748,13402,37992,-0.014268902618417179
2022-02-15,13349,13897,12606,12748,31257,-0.048798686763169674
2022-02-16,12889,13473,12889,13296,29284,0.04298713523690001
2022-02-17,13154,13384,12694,12836,26285,-0.03459687123947053
2022-02-18,12659,13154,12465,13013,22465,0.013789342474290978
2022-02-21,12730,13243,12606,13013,19003,0.0
2022-02-22,12536,12836,12483,12783,14811,-0.017674633059248435
2022-02-23,12783,13048,12553,12624,18790,-0.01243839474301811
2022-02-24,12553,12553,11863,11952,38369,-0.05323193916349811
2022-02-25,12111,12500,12023,12111,23874,0.013303212851405677
2022-02-28,12164,12871,11846,12448,38697,0.027825943357278504
2022-03-02,12270,12959,12270,12853,12099,0.03253534704370176
2022-03-03,12871,13668,12765,13543,22726,0.053683964833112885
2022-03-04,13543,13967,13261,13773,33883,0.016982943217898505
2022-03-07,13721,13773,12889,13543,37850,-0.01669933928701084
2022-03-08,13102,13967,13102,13367,34406,-0.012995643505870236
2022-03-10,13526,13668,13278,13473,19842,0.007929976808558337
2022-03-11,13455,13721,13384,13702,20318,0.016996956876716318
2022-03-14,13773,13773,13066,13208,24381,-0.03605313092979123
2022-03-15,13084,13685,12996,13526,10752,0.02407631738340399
2022-03-16,13614,14781,13296,13809,78809,0.020922667455271382
2022-03-17,13986,15382,13879,15100,121357,0.09348975305959883
2022-03-18,15100,17257,14940,16496,224179,0.09245033112582779
2022-03-21,16248,17310,16213,16708,96009,0.012851600387972839
2022-03-22,16708,19979,15984,17451,474924,0.044469715106535856
2022-03-23,17663,17823,16815,17026,102927,-0.024353905220331207
2022-03-24,16832,17521,16744,16991,44198,-0.00205567954892516
2022-03-25,17221,17575,16779,17098,41938,0.006297451592019332
2022-03-28,17098,17327,16585,16585,34982,-0.0300035091823605
2022-03-29,16444,17398,16372,17098,46153,0.03093156466686775
2022-03-30,17098,17540,16779,17433,58983,0.019592934846180743
2022-03-31,17433,18777,17433,18671,131244,0.07101474215568171
2022-04-01,18742,19590,17929,18211,162214,-0.024637137807294707
2022-04-04,18211,18211,16567,17062,152966,-0.0630937345560375
2022-04-05,17486,21408,16745,19005,1123687,0.11387879498300313
2022-04-06,19005,21196,18617,19677,706425,0.0353591160220994
2022-04-07,19111,19606,17769,18158,267256,-0.07719672714336534
2022-04-08,20701,21832,18723,18723,1164843,0.031115761647758644
2022-04-11,18758,23952,18758,20524,3772447,0.09619184959675264
2022-04-12,20065,20454,19147,19395,481755,-0.055008770220229986
2022-04-13,19253,19535,18335,18758,333489,-0.032843516370198556
2022-04-14,18652,18652,18016,18158,166868,-0.031986352489604464
2022-04-15,17840,20065,17840,19465,595954,0.07197929287366445
2022-04-18,19076,19465,18440,18511,208444,-0.04901104546622137
2022-04-19,18440,18723,17592,17769,199892,-0.04008427421533145
2022-04-20,18016,18723,17592,18335,142897,0.03185322753109343
2022-04-21,18511,19324,18228,18865,241998,0.028906463048813835
2022-04-22,18228,19005,18016,18581,198513,-0.015054333421680388
2022-04-25,18158,18511,17875,17875,105050,-0.0379958021635004
2022-04-26,17486,18193,17169,17381,304636,-0.02763636363636368
2022-04-27,16851,16956,16426,16816,232948,-0.032506760255451406
2022-04-28,16780,17239,16391,16603,123599,-0.012666508087535666
2022-04-29,16497,17275,16321,16426,227234,-0.010660723965548402
2022-05-02,16286,16462,15896,16250,123392,-0.010714720564958036
2022-05-03,16250,16532,16073,16356,87051,0.006523076923076854
2022-05-04,16356,16497,15932,16038,76218,-0.019442406456346317
2022-05-06,15720,15791,14907,14907,222377,-0.07052001496445937
2022-05-09,14696,16073,14201,14307,309483,-0.040249547192594104
2022-05-10,13953,14837,13423,14307,356785,0.0
2022-05-11,14166,14377,13812,13918,162687,-0.027189487663381584
2022-05-12,13636,13883,12929,13035,255340,-0.06344302342290564
2022-05-13,13070,14625,13070,14483,386040,0.11108553893364026
2022-05-16,14696,14802,14272,14272,141014,-0.014568804805634161
2022-05-17,14307,14625,13989,14201,71625,-0.00497477578475336
2022-05-18,14272,14625,14130,14342,83890,0.009928878248010697
2022-05-19,13777,14130,13636,13953,112049,-0.027123134848696107
2022-05-20,13953,14448,13953,14024,80777,0.005088511431233345
2022-05-23,14060,14731,13812,14413,115494,0.02773816314888755
2022-05-24,14483,15720,14272,15084,286831,0.046555193228335456
2022-05-25,15084,15190,14660,14978,115217,-0.007027313709891292
2022-05-26,14942,15756,14942,15296,192468,0.021231139003872412
2022-05-27,15332,16321,15296,15296,180970,0.0
2022-05-30,15543,15685,15190,15296,83744,0.0
2022-05-31,15332,15543,15119,15226,63413,-0.0045763598326359345
2022-06-02,15226,15226,14696,14978,98565,-0.016287928543281205
2022-06-03,15013,15190,14767,14837,51874,-0.009413806916811374
2022-06-07,14837,15332,14660,14767,76278,-0.004717934892498499
2022-06-08,14696,15013,14696,14767,44798,0.0
2022-06-09,14731,14767,13953,14060,143309,-0.04787702309202957
2022-06-10,13953,13989,13530,13707,80760,-0.025106685633001447
2022-06-13,13318,13423,12540,12647,228939,-0.07733274968993942
2022-06-14,12081,12505,11658,12258,276457,-0.030758282596663244
2022-06-15,12152,12363,11445,11551,161800,-0.05767661935062818
2022-06-16,11728,12258,11128,11339,112832,-0.018353389316942303
2022-06-17,10915,11622,10633,11551,184210,0.01869653408589822
2022-06-20,11374,11587,11021,11128,104080,-0.036620206042766834
2022-06-21,11269,12258,11198,11728,213325,0.053918044572250245
2022-06-22,11728,11940,10951,10951,117690,-0.06625170532060032
2022-06-23,10951,11269,10598,10809,134902,-0.012966852342251811
2022-06-24,10704,11410,10704,11339,97330,0.049033213063188086
2022-06-27,11445,11728,10951,11304,145634,-0.003086691948143594
2022-06-28,11304,11339,10809,10951,108724,-0.031227883934890288
2022-06-29,10704,10774,10138,10350,194819,-0.054880832800657475
2022-06-30,10385,11940,10350,10527,810414,0.01710144927536228
2022-07-01,10421,10668,9644,9855,251415,-0.06383585066970643
2022-07-04,9855,10032,9149,9396,215457,-0.046575342465753455
2022-07-05,9396,10314,9396,10209,213416,0.08652618135376766
2022-07-06,10174,10774,9997,10279,147924,0.006856695072974928
2022-07-07,10350,10809,10350,10491,84224,0.020624574374939142
2022-07-08,10598,11516,10598,10951,263313,0.04384710704413308
2022-07-11,10986,11516,10880,11269,140159,0.02903844397771893
2022-07-12,11304,11304,10880,11057,79614,-0.018812671931848435
2022-07-13,11234,13353,10951,12434,1304192,0.12453649271954426
2022-07-14,12399,12611,11904,12505,324466,0.005710149589834401
2022-07-15,12434,12470,11904,12011,174020,-0.03950419832067176
2022-07-18,12011,12223,11728,12011,102095,0.0
2022-07-19,11904,12434,11834,12081,126897,0.005827991008242384
2022-07-20,12223,12328,11869,12046,96100,-0.0028971111662942084
2022-07-21,12046,12046,11869,11940,48511,-0.008799601527478051
2022-07-22,11834,13777,11834,13318,859621,0.11541038525963154
2022-07-25,13177,13494,12540,12858,252239,-0.03453972067878064
2022-07-26,12647,12893,12505,12647,86323,-0.016410017109970476
2022-07-27,12505,12682,12258,12363,98802,-0.022455918399620467
2022-07-28,12399,12682,12293,12434,89934,0.005742942651459915
2022-07-29,12293,13035,12293,12858,193210,0.0341000482547853
2022-08-01,12858,12858,12363,12363,97083,-0.03849743350443302
2022-08-02,12293,12576,12011,12363,58520,0.0
2022-08-03,12258,13035,12258,12576,152027,0.017228827954379966
2022-08-04,12611,15543,12611,13530,2333881,0.07585877862595414
2022-08-05,13530,15367,13388,14660,1459386,0.08351810790835179
2022-08-08,14802,14802,13847,13989,250547,-0.04577080491132335
2022-08-09,13953,14095,13565,13847,154010,-0.01015083279719775
2022-08-10,13707,15896,13494,13989,1990777,0.010254928865458313
2022-08-11,13989,14237,13423,13565,264414,-0.030309528915576478
2022-08-12,13565,14413,13530,14060,259088,0.036490969406560936
2022-08-16,14095,14554,13812,14448,201338,0.027596017069701384
2022-08-17,14519,14519,13953,14095,110545,-0.024432447397563672
2022-08-18,13989,14024,13423,13530,156970,-0.040085136573252966
2022-08-19,13707,15472,13318,13388,876741,-0.010495195861049522
2022-08-22,13353,13388,12611,12717,177717,-0.0501195100089632
2022-08-23,12399,12788,12258,12363,102060,-0.027836753951403614
2022-08-24,12328,12647,12188,12540,99218,0.014316913370541196
2022-08-25,12399,13070,12399,12858,71012,0.025358851674641247
2022-08-26,13000,13070,12399,12505,78401,-0.027453725307201693
2022-08-29,11904,12117,11658,11763,161270,-0.05933626549380244
2022-08-30,11763,12046,11658,11904,77417,0.011986738077021108
2022-08-31,11763,12293,11763,12081,87662,0.014868951612903247
2022-09-01,11975,12081,11658,11693,85860,-0.03211654664348973
2022-09-02,11728,11904,11516,11516,62303,-0.015137261609510011
2022-09-05,11304,11975,11198,11763,119706,0.021448419590135437
2022-09-06,11658,11869,11481,11728,57663,-0.0029754314375584068
2022-09-07,11516,11693,11092,11092,101899,-0.05422919508867663
2022-09-08,11269,11798,11092,11763,161702,0.0604940497655968
2022-09-13,11763,12081,11763,11975,85329,0.018022613278925403
2022-09-14,11445,12011,11445,11658,68595,-0.02647181628392481
2022-09-15,11728,12399,11728,12081,114204,0.036284096757591255
2022-09-16,12011,12258,11516,11587,98372,-0.04089065474712361
2022-09-19,11516,11728,11021,11021,78682,-0.04884784672477782
2022-09-20,11021,11339,10986,11128,100919,0.009708737864077666
2022-09-21,10951,11057,10456,10809,119347,-0.028666427030913044
2022-09-22,10527,10598,10138,10562,209481,-0.022851327597372517
2022-09-23,10385,10527,9785,9785,189119,-0.07356561257337624
2022-09-26,9432,9785,9149,9432,183414,-0.0360756259580991
2022-09-27,9290,9750,9114,9644,142622,0.02247667514843088
2022-09-28,9467,9750,8937,9043,121001,-0.062318540024885904
2022-09-29,9290,9644,9185,9290,122344,0.027313944487448838
2022-09-30,9290,9538,9043,9255,99386,-0.003767491926803035
2022-10-04,9361,9538,9325,9361,52356,0.011453268503511582
2022-10-05,9644,9750,9008,9149,81634,-0.022647153081935656
2022-10-06,9325,10385,9220,9538,335576,0.04251830801180456
2022-10-07,9609,9679,9220,9361,83811,-0.018557349549171764
2022-10-11,9079,9185,8265,8619,250492,-0.0792650357867749
2022-10-12,8407,8795,8195,8372,149076,-0.02865761689291102
2022-10-13,8265,8513,8089,8265,116889,-0.012780697563306243
2022-10-14,8584,8725,8407,8442,107590,0.021415607985481033
2022-10-17,8442,8549,8195,8549,48722,0.012674721629945429
2022-10-18,8655,9325,8619,9114,113503,0.06608960112293838
2022-10-19,9149,9538,8902,8972,85546,-0.015580425718674573
2022-10-20,8902,9008,8549,8619,56676,-0.039344627730717785
2022-10-21,8584,8760,8407,8549,33202,-0.00812159183199912
2022-10-24,8655,9149,8619,8760,76187,0.024681249268920347
2022-10-25,8937,8937,8619,8760,34279,0.0
2022-10-26,8725,8831,8619,8655,27381,-0.011986301369863006
2022-10-27,8549,9008,8442,8866,50419,0.02437897169266323
2022-10-28,8937,9008,8760,8760,36751,-0.011955786149334569
2022-10-31,9008,9043,8795,8902,22560,0.01621004566210038
2022-11-01,8760,9114,8725,9043,46061,0.015839137272523063
2022-11-02,8972,9220,8760,9008,66069,-0.003870396992148639
2022-11-03,8725,9149,8690,8972,28560,-0.00399644760213147
2022-11-04,8972,8972,8478,8831,85964,-0.01571555951850201
2022-11-07,8866,9114,8725,9043,61028,0.024006341297701184
2022-11-08,9114,9396,8866,9290,67017,0.027313944487448838
2022-11-09,9396,9396,9043,9325,46973,0.003767491926802924
2022-11-10,9220,9255,9043,9149,34090,-0.018873994638069713
2022-11-11,9432,9538,9185,9396,84666,0.026997486064050724
2022-11-14,9396,9679,9361,9538,72702,0.015112813963388705
2022-11-15,9396,10068,9325,10032,86217,0.05179282868525892
2022-11-16,10103,10174,9609,9891,87771,-0.014055023923444931
2022-11-17,9820,10598,9750,10314,95164,0.04276615104640591
2022-11-18,10314,10668,10244,10385,80652,0.006883847197983295
2022-11-21,10244,10739,9785,9961,131999,-0.04082811747713044
2022-11-22,9750,10385,9679,9926,132904,-0.0035137034434293835
2022-11-23,9820,10385,9820,10174,72454,0.02498488817247635
2022-11-24,10244,10491,10174,10244,48133,0.0068802830745036125
2022-11-25,10244,10279,9785,9855,59214,-0.037973447871925026
2022-11-28,9997,10068,9644,9855,49091,0.0
2022-11-29,9679,9926,9573,9785,21067,-0.007102993404363267
2022-11-30,9679,9785,9573,9679,40917,-0.010832907511497236
2022-12-01,9785,9961,9644,9785,38808,0.010951544581051742
2022-12-02,9750,10138,9750,9961,51695,0.01798671435871224
2022-12-05,9891,10456,9855,10279,108850,0.031924505571729656
2022-12-06,10350,10385,10068,10138,46254,-0.013717287673898237
2022-12-07,9997,10314,9891,10279,51364,0.013908068652594308
2022-12-08,10314,10527,10174,10491,94402,0.020624574374939142
2022-12-09,10491,10809,10174,10314,126155,-0.016871604232199022
2022-12-12,10279,10598,9961,9961,96614,-0.034225324801241075
2022-12-13,10068,10174,9785,9820,76782,-0.014155205300672602
2022-12-14,9997,10138,9891,10068,40493,0.025254582484725008
2022-12-15,10174,10174,9785,10138,63092,0.006952721493841851
2022-12-16,9926,10138,9785,9785,56876,-0.03481949102387061
2022-12-19,9679,9679,9114,9290,142083,-0.050587634133878345
2022-12-20,9220,9255,8690,8760,192986,-0.057050592034445624
2022-12-21,8831,9043,8584,8690,88873,-0.007990867579908634
2022-12-22,8690,8937,8442,8549,117361,-0.016225546605293406
2022-12-23,8478,8513,8019,8195,179369,-0.04140835185401803
2022-12-26,8265,8336,7983,8230,140207,0.004270896888346476
2022-12-27,8230,8478,8230,8265,88707,0.004252733900364625
2022-12-28,8265,8549,8230,8442,47777,0.021415607985481033
2022-12-29,8372,8442,7806,8089,123015,-0.041814735844586615
2023-01-02,8019,8301,7983,8054,136168,-0.004326863641982981
2023-01-03,7983,8089,7666,7806,105611,-0.03079215296746962
2023-01-04,7912,8054,7701,7948,63625,0.01819113502434022
2023-01-05,7912,8690,7912,8265,164834,0.03988424760946141
2023-01-06,8265,9149,8195,9079,289569,0.0984875983061102
2023-01-09,9008,9255,8902,8972,101463,-0.011785438924991731
2023-01-10,8866,9255,8866,9149,83944,0.019728042799821655
2023-01-11,9149,9961,9079,9715,242252,0.06186468466499062
2023-01-12,9715,9750,9325,9502,110602,-0.02192485846628922
2023-01-13,9573,9609,9255,9396,67901,-0.011155546200799837
2023-01-16,9290,9502,9114,9396,35915,0.0
2023-01-17,9290,9502,9114,9185,39252,-0.022456364410387453
2023-01-18,9220,9432,9008,9255,108605,0.007621121393576402
2023-01-19,9255,9290,9114,9220,41779,-0.0037817396002161052
2023-01-20,9220,9325,8972,9149,45914,-0.007700650759219108
2023-01-25,9185,9255,8902,9071,57601,-0.008525521914963363
2023-01-26,9065,9679,9043,9481,183043,0.04519898577885573
2023-01-27,9609,9679,9213,9276,88500,-0.021622191751924924
2023-01-30,9135,9311,9135,9255,39380,-0.0022639068564036524
2023-01-31,9220,9340,9065,9114,103400,-0.015235008103727687
2023-02-01,9305,9305,8965,9156,81122,0.004608294930875667
2023-02-02,9425,9672,9205,9573,140222,0.04554390563564881
2023-02-03,9679,9679,9290,9488,121003,-0.00887913924579542
2023-02-06,9488,9538,9079,9185,104573,-0.031935075885328845
2023-02-07,9255,9290,9079,9170,49765,-0.0016330974414806576
2023-02-08,9135,9361,9120,9185,66466,0.0016357688113413094
2023-02-09,9163,9163,8986,9022,60902,-0.017746325530756724
2023-02-10,9029,9050,8817,8972,88620,-0.005542008423852773
2023-02-13,8972,8994,8795,8795,56144,-0.019728042799821655
2023-02-14,8795,8937,8520,8598,84092,-0.022399090392268284
2023-02-15,8570,8605,8330,8407,102242,-0.022214468481042138
2023-02-16,8301,9149,8301,9043,224433,0.07565124301177595
2023-02-17,8860,9170,8740,8902,109673,-0.015592170739798794
2023-02-20,8795,9432,8760,9227,170749,0.03650864974163115
2023-02-21,9213,9319,9022,9149,79060,-0.008453451826162306
2023-02-22,9043,9255,8781,8902,70483,-0.026997486064050724
2023-02-23,9065,9297,8909,8965,127048,0.007077061334531676
2023-02-24,8965,9227,8909,9065,131864,0.01115448968209698
2023-02-27,9255,9262,8746,8972,99606,-0.010259238830667372
2023-02-28,9453,11587,9262,9566,2539397,0.06620597414177443
2023-03-02,9573,10188,9325,9969,445846,0.04212837131507419
2023-03-03,10032,10301,9778,9820,181703,-0.014946333634266229
2023-03-06,9841,10301,9658,10174,222368,0.03604887983706728
2023-03-07,10068,12188,9891,12152,1667015,0.1944171417338314
2023-03-08,12152,12322,11297,11481,645831,-0.05521724818959839
2023-03-09,11481,12117,11304,11749,446234,0.023342914380280355
2023-03-10,11763,12293,11240,11459,393925,-0.024682951740573666
2023-03-13,11311,11346,10598,10774,322904,-0.05977834016929928
2023-03-14,10774,10774,9926,9997,226111,-0.07211806200111381
2023-03-15,10110,10385,9891,10103,154903,0.010603180954286362
2023-03-16,10103,10103,9700,9799,149697,-0.030090072255765654
2023-03-17,9764,10668,9764,10484,227445,0.06990509235636289
2023-03-20,10464,11142,10414,10774,164660,0.027661198016024402
2023-03-21,10915,10951,10499,10534,86228,-0.0222758492667533
2023-03-22,10668,10668,9785,10018,342071,-0.048984241503702286
2023-03-23,10251,10555,9665,9891,301950,-0.012677181074066679
2023-03-24,9827,10060,9750,9905,84801,0.0014154281670204494
2023-03-27,10004,10011,9538,9855,121638,-0.00504795557799087
2023-03-28,9926,10025,9764,9954,78425,0.010045662100456543
2023-03-29,9926,9926,9644,9700,113826,-0.02551737994775971
2023-03-30,9715,10244,9573,10089,146125,0.0401030927835051
2023-03-31,10068,10336,9609,9954,123478,-0.01338090990187335
2023-04-03,10103,10421,9934,10117,137157,0.01637532650190887
2023-04-04,10273,10937,10265,10809,332344,0.06839972323811416
2023-04-05,10844,11099,10505,10830,204576,0.0019428254232582987
2023-04-06,10830,10880,10421,10449,156202,-0.035180055401662025
2023-04-07,10456,10470,10159,10209,168553,-0.022968705139247758
2023-04-10,10385,10385,9834,10089,142969,-0.011754334410813971
2023-04-11,10032,10336,9898,10273,100731,0.018237684606997817
2023-04-12,10314,10880,10294,10590,190699,0.030857587851649937
2023-04-13,10598,10682,10230,10576,114883,-0.0013220018885741203
2023-04-14,10915,11346,10739,11290,509773,0.06751134644478074
2023-04-17,11297,11304,10562,10640,325746,-0.057573073516386186
2023-04-18,10682,11374,10612,10880,310339,0.022556390977443552
2023-04-19,10873,10873,10555,10710,124417,-0.015625
2023-04-20,10923,10923,10399,10456,116550,-0.02371615312791786
2023-04-21,10301,10598,10103,10110,121312,-0.03309104820198927
2023-04-24,9975,10209,9792,9813,97730,-0.029376854599406532
2023-04-25,9750,10004,9439,9679,121600,-0.013655355141139358
2023-04-26,9538,9926,9410,9715,73845,0.0037193924992251493
2023-04-27,9715,9855,9467,9855,84326,0.014410705095213583
2023-04-28,9855,9940,9636,9693,79781,-0.016438356164383605
2023-05-02,9700,10244,9679,10230,103584,0.05540080470442588
2023-05-03,10180,10329,9989,10103,61301,-0.012414467253176964
2023-05-04,10039,10259,10039,10082,47084,-0.002078590517668011
2023-05-08,10082,10421,9975,9983,82462,-0.009819480261852753
2023-05-09,9983,10145,9891,9912,46986,-0.007112090553941686
2023-05-10,10089,10180,9750,9764,61870,-0.014931396287328536
2023-05-11,9757,9948,9665,9707,39898,-0.00583777140516184
2023-05-12,9707,9891,9488,9693,54545,-0.0014422581642113963
2023-05-15,9700,9750,9460,9467,50153,-0.023315794903538634
2023-05-16,9460,9595,9270,9382,47096,-0.008978557093060058
2023-05-17,9305,9530,9305,9467,32007,0.009059901939884929
2023-05-18,9396,9488,9340,9460,41687,-0.0007394105841344034
2023-05-19,9530,9707,9439,9658,51112,0.020930232558139528
2023-05-22,9545,9757,9545,9715,35940,0.005901843031683507
2023-05-23,9580,9813,9580,9785,47588,0.0072053525476067914
2023-05-24,9820,10025,9715,9926,60019,0.014409810935104739
2023-05-25,9926,9926,9538,9869,59070,-0.00574249445899655
2023-05-26,9771,9919,9622,9686,64497,-0.018542912149153934
2023-05-30,9693,9750,9460,9481,86440,-0.021164567416890323
2023-05-31,9390,9552,9347,9354,35683,-0.013395211475582758
2023-06-01,9340,9735,9177,9721,125967,0.03923455206328841
2023-06-02,9721,9792,9481,9488,67530,-0.02396872749717105
2023-06-05,9445,9445,9354,9390,42974,-0.010328836424957855
2023-06-07,9390,9390,9234,9283,72074,-0.011395101171459032
2023-06-08,9191,9276,8980,8980,105198,-0.032640310244533066
2023-06-09,9000,9368,8965,9354,94394,0.0416481069042316
2023-06-12,9354,10032,9270,9771,245753,0.044579858883899925
2023-06-13,9771,9855,9644,9644,41503,-0.012997646095588955
2023-06-14,9545,9771,9255,9297,78121,-0.03598092077975945
2023-06-15,9396,9474,9191,9205,35891,-0.00989566526836616
2023-06-16,9361,9396,9065,9185,74779,-0.0021727322107549796
2023-06-19,9205,9715,9149,9502,85989,0.034512792596624875
2023-06-20,9516,9538,9347,9425,50159,-0.008103557145864082
2023-06-21,9425,9425,8725,9163,130843,-0.027798408488063697
2023-06-22,9163,9270,9079,9170,37710,0.0007639419404126269
2023-06-23,9227,9227,9015,9022,81454,-0.01613958560523443
2023-06-26,9057,9707,8937,9502,276538,0.053203280868986846
2023-06-27,9502,9530,9333,9396,54553,-0.011155546200799837
2023-06-28,9368,9609,9234,9270,70662,-0.013409961685823757
2023-06-29,9205,9241,9008,9085,65110,-0.019956850053937436
2023-06-30,9036,9170,8895,9043,77153,-0.004623004953219545
2023-07-03,9255,9305,8980,9000,60237,-0.004755059161782649
2023-07-04,9071,9071,8760,8775,88514,-0.025000000000000022
2023-07-05,8965,8965,8584,8633,79218,-0.01618233618233622
2023-07-06,8725,8725,8344,8350,88837,-0.03278118846287503
2023-07-07,8450,8450,8117,8251,110088,-0.011856287425149659
2023-07-10,8110,8301,8019,8139,64584,-0.013574112228820767
2023-07-11,8464,9305,8273,8280,486117,0.01732399557685227
2023-07-12,8280,8365,8131,8216,58823,-0.007729468599033784
2023-07-13,8265,8414,8259,8280,47460,0.00778967867575453
2023-07-14,8294,8344,8188,8224,52893,-0.006763285024154575
2023-07-17,8181,8202,8033,8125,67978,-0.012037937743190619
2023-07-18,8195,8224,7912,7934,82390,-0.02350769230769234
2023-07-19,8019,8025,7722,7885,120072,-0.006175951600705831
2023-07-20,7969,8273,7743,8103,104044,0.02764743183259344
2023-07-21,8089,9185,8047,8570,425172,0.05763297544119461
2023-07-24,8661,8746,8054,8061,138111,-0.05939323220536752
2023-07-25,7969,8251,7948,8025,97879,-0.004465947152958671
2023-07-26,8025,8025,7694,7771,235119,-0.0316510903426791
2023-07-27,7885,8435,7885,8386,146965,0.07914039377171544
2023-07-28,8265,8549,8153,8287,68666,-0.01180538993560698
2023-07-31,8336,8470,8202,8421,69115,0.01616990466996504
2023-08-01,8549,8937,8421,8598,78924,0.021018881368008557
2023-08-02,8520,8535,8330,8499,62358,-0.011514305652477352
2023-08-03,8499,8817,8238,8549,90206,0.005883045064125181
2023-08-04,8655,8661,8188,8308,109730,-0.028190431629430357
2023-08-07,8145,8442,8139,8358,51675,0.006018295618680725
2023-08-08,8365,8450,8181,8358,56245,0.0
2023-08-09,8287,8718,8216,8704,99666,0.04139746350801632
2023-08-10,8619,8704,8470,8683,26261,-0.002412683823529438
2023-08-11,8754,8760,8492,8661,44633,-0.002533686513877642
2023-08-14,8661,8661,8442,8555,60623,-0.01223877150444519
2023-08-16,8732,8831,8245,8485,132042,-0.008182349503214503
2023-08-17,8280,8485,8202,8414,47836,-0.008367707719505013
2023-08-18,8273,8527,8238,8280,31046,-0.015925837889232186
2023-08-21,8287,8513,8047,8230,48868,-0.006038647342995196
2023-08-22,8153,8450,8145,8224,40499,-0.0007290400972053135
2023-08-23,8202,8535,8153,8330,63719,0.012889105058365713
2023-08-24,8513,8541,8308,8450,50863,0.014405762304922076
2023-08-25,8379,8944,8379,8647,117568,0.02331360946745553
2023-08-28,8647,8697,8421,8612,58173,-0.004047646582629794
2023-08-29,8584,8852,8584,8675,27326,0.007315373896888078
2023-08-30,8697,9502,8697,9205,228393,0.061095100864553276
2023-08-31,9488,9630,9163,9213,129021,0.0008690928843020362
2023-09-01,9213,9255,9008,9050,66190,-0.017692391186367118
2023-09-04,9043,9354,8923,9220,66246,0.01878453038674044
2023-09-05,9220,9276,9065,9106,57184,-0.012364425162689763
2023-09-06,9227,9467,9029,9290,64015,0.020206457280913748
2023-09-07,9283,9467,9043,9043,50867,-0.02658772874058124
2023-09-08,9057,9213,8972,9100,29449,0.006303217958641971
2023-09-11,9120,9813,9120,9580,253653,0.05274725274725278
2023-09-12,9538,9609,9220,9361,69923,-0.022860125260960373
2023-09-13,9361,9361,9114,9128,74783,-0.024890503151372756
2023-09-14,9128,9185,8555,8930,236771,-0.021691498685363686
2023-09-15,8916,9114,8838,8930,58215,0.0
2023-09-18,8930,8980,8795,8803,43339,-0.014221724524076107
2023-09-19,8803,8895,8661,8803,52826,0.0
2023-09-20,8986,8986,8584,8817,48697,0.0015903669203680693
2023-09-21,8810,8831,8393,8661,107125,-0.01769309288873766
2023-09-22,8661,8675,8435,8626,54593,-0.004041103798637535
2023-09-25,8598,8690,8365,8513,49704,-0.013099930442847185
2023-09-26,8619,8619,8322,8322,39305,-0.022436273933983286
2023-09-27,8330,8386,8224,8386,27695,0.007690459024273011
2023-10-04,8478,8478,8131,8153,58486,-0.027784402575721456
2023-10-05,8181,8350,7630,8047,46299,-0.013001349196614775
2023-10-06,8054,8230,7983,8117,41635,0.008698893997763246
2023-10-10,8117,8188,7630,7701,96883,-0.05125046199334726
2023-10-11,7757,7899,7686,7701,30828,0.0
2023-10-12,7715,7926,7708,7899,27490,0.025710946630307818
2023-10-13,7905,7997,7651,7885,37949,-0.0017723762501582474
2023-10-16,7885,7885,7644,7715,15620,-0.021559923906150913
2023-10-17,7715,7899,7672,7743,20436,0.0036292935839274953
2023-10-18,7701,7899,7369,7552,64571,-0.024667441560118797
2023-10-19,7489,7489,7036,7114,92045,-0.0579978813559322
2023-10-20,6966,7107,6697,6951,95946,-0.022912566769749843
2023-10-23,6945,6973,6726,6846,52470,-0.015105740181268867
2023-10-24,6853,6966,6612,6966,60771,0.01752848378615246
2023-10-25,7036,7199,6923,7071,48684,0.015073212747631404
2023-10-26,6994,7107,6860,6923,30500,-0.020930561448168628
2023-10-27,6923,7107,6853,6931,30805,0.001155568395204476
2023-10-30,6931,7057,6641,6775,31309,-0.022507574664550556
2023-10-31,6782,6811,6436,6436,40877,-0.050036900369003656
2023-11-01,6471,6626,6421,6521,39425,0.013206960845245419
2023-11-02,6817,6839,6570,6740,41441,0.03358380616469869
2023-11-03,6782,6973,6669,6909,26374,0.025074183976261155
2023-11-06,7043,7276,6577,7185,67048,0.03994789405123744
2023-11-07,7086,7234,7057,7171,26269,-0.0019485038274181798
2023-11-08,7065,7171,6916,7030,71660,-0.019662529633244996
2023-11-09,7036,7043,6606,6606,54363,-0.0603129445234708
2023-11-10,6598,6676,5948,6210,147568,-0.05994550408719346
2023-11-13,6372,6521,6118,6118,34658,-0.014814814814814836
2023-11-14,6238,6287,6011,6287,26383,0.027623406341941825
2023-11-15,6287,6457,6224,6358,33035,0.011293144584062276
2023-11-16,6281,6648,6273,6514,25899,0.024536017615602423
2023-11-17,6556,6556,6216,6337,42538,-0.027172244396684087
2023-11-20,6337,6386,6216,6344,22631,0.001104623638945812
2023-11-21,6365,6365,6216,6259,34056,-0.013398486759142458
2023-11-22,6266,6330,6104,6167,35796,-0.014698833679501533
2023-11-23,6181,6344,6076,6245,41691,0.01264796497486631
2023-11-24,6351,6980,6216,6281,537668,0.005764611689351495
2023-11-27,6146,6245,5899,5962,116493,-0.05078809106830118
2023-11-28,5962,5970,5772,5934,80490,-0.004696410600469658
2023-11-29,5899,5991,5432,5722,62004,-0.03572632288506905
2023-11-30,5722,5962,5722,5913,131672,0.03337993708493525
2023-12-01,5920,5920,5687,5765,40791,-0.025029595805851512
2023-12-04,5765,5765,5475,5581,91534,-0.03191673894189073
2023-12-05,5503,5694,5440,5602,30446,0.003762766529295858
2023-12-06,5602,5680,5546,5602,29991,0.0
2023-12-07,5602,5609,5468,5510,32976,-0.016422706176365542
2023-12-08,5574,5602,5298,5390,88093,-0.02177858439201452
2023-12-11,5341,5475,5298,5426,74707,0.006679035250463761
2023-12-12,5440,5489,5157,5277,93472,-0.027460375967563566
2023-12-13,5277,5277,4882,5002,229679,-0.05211294296001512
2023-12-14,4973,5150,4973,5087,86710,0.01699320271891236
2023-12-15,5355,5355,4967,5044,172367,-0.008452919205818699
2023-12-18,5044,5722,5030,5327,287386,0.05610626486915149
2023-12-19,5327,6076,5207,5984,484064,0.12333395907640332
2023-12-20,6005,6301,5631,5991,238594,0.0011697860962567308
2023-12-21,5934,6231,5715,6061,183075,0.011684192956100903
2023-12-22,6061,6591,5941,6500,262057,0.07243029203101803
2023-12-26,6606,6923,6443,6768,345653,0.04123076923076918
2023-12-27,6768,6881,6514,6549,128938,-0.03235815602836878
2023-12-28,6584,6704,6309,6309,133923,-0.036646816307833285
2024-01-02,6323,6500,6175,6401,125177,0.014582342685053096
2024-01-03,6358,6923,6287,6782,149081,0.059521949695360066
2024-01-04,6732,6732,6393,6429,81584,-0.05204954290769681
2024-01-05,6429,6641,6365,6443,49124,0.0021776326022708847
2024-01-08,6443,6641,6161,6541,60018,0.01521030575818716
2024-01-09,6541,7057,6500,6923,180580,0.058400856138205226
2024-01-10,7065,7595,6959,7192,348351,0.03885598728874773
2024-01-11,7241,7396,7100,7312,59471,0.016685205784204626
2024-01-12,7276,7361,7142,7192,53016,-0.01641137855579866
2024-01-15,7213,7842,7199,7531,224899,0.047135706340378114
2024-01-16,7559,7559,7142,7206,86127,-0.04315495950073034
2024-01-17,7206,7284,6393,6570,204109,-0.08825978351373853
2024-01-18,6535,6726,6429,6443,77752,-0.01933028919330293
2024-01-19,6443,6782,6421,6500,101088,0.008846810492006751
2024-01-22,6492,6556,6161,6295,91479,-0.031538461538461515
2024-01-23,6351,6570,6202,6379,81927,0.01334392374900717
2024-01-24,6323,6464,6231,6295,44969,-0.013168208183100827
2024-01-25,6365,6563,5863,6175,285458,-0.019062748212867353
2024-01-26,6287,6287,6082,6266,44396,0.01473684210526316
2024-01-29,6181,6245,5970,6104,71196,-0.025853814235556993
2024-01-30,6104,6146,5956,6068,46310,-0.005897771952817821
2024-01-31,6068,6111,5701,5913,96675,-0.02554383651944625
2024-02-01,5729,5906,5567,5631,119353,-0.047691527143581935
2024-02-02,5581,5772,5574,5743,61415,0.019889895222873433
2024-02-05,5701,5793,5581,5631,30367,-0.019502002437750354
2024-02-06,5631,5800,5538,5680,56392,0.008701829160007168
2024-02-07,5680,5722,5617,5680,29503,0.0
2024-02-08,5680,5708,5581,5645,48901,-0.0061619718309858795
2024-02-13,5666,5857,5581,5623,96917,-0.0038972542072630567
2024-02-14,5631,5631,5355,5369,112864,-0.04517161657478219
2024-02-15,5369,5432,5270,5390,64541,0.003911342894393766
2024-02-16,5397,5581,5320,5524,38746,0.02486085343228206
2024-02-19,5524,5722,5510,5631,59807,0.019370021723388753
2024-02-20,5645,5722,5510,5652,38327,0.0037293553542887548
2024-02-21,5602,5652,5320,5574,69820,-0.013800424628450103
2024-02-22,5574,5574,5447,5517,39597,-0.010226049515608127
2024-02-23,5482,5581,5008,5051,326221,-0.0844661953960486
2024-02-26,5051,5150,4874,4952,133230,-0.01960007919223916
2024-02-27,4839,4994,4691,4853,192103,-0.019991922455573463
2024-02-28,4902,4902,4697,4762,70276,-0.01875128786317737
2024-02-29,4762,4825,4620,4705,130088,-0.011969760604787938
2024-03-04,4705,4804,4549,4662,93178,-0.009139213602550433
2024-03-05,4577,4599,4437,4549,97109,-0.02423852423852424
2024-03-06,4549,4896,4486,4655,173037,0.023301824576830166
2024-03-07,4634,6047,4592,5404,4192649,0.16090225563909777
2024-03-08,5369,5652,5178,5376,497974,-0.005181347150259086
2024-03-11,5454,6987,5341,6563,2854621,0.22079613095238093
2024-03-12,6620,6726,6153,6231,709579,-0.05058662197165931
2024-03-13,6252,6577,5984,6457,413782,0.03627026159524949
2024-03-14,6344,6386,6146,6231,146647,-0.035000774353414865
2024-03-15,6146,6210,5779,6040,240554,-0.030653185684480833
2024-03-18,6033,6033,5694,5828,203654,-0.035099337748344395
2024-03-19,5891,6096,5786,6005,215304,0.030370624571036453
2024-03-20,6054,6711,5976,6486,503658,0.08009991673605321
2024-03-21,6486,6598,6316,6407,159266,-0.012180080172679575
2024-03-22,6443,6867,6316,6500,307008,0.014515373809895538
2024-03-25,6421,6606,6358,6492,106788,-0.0012307692307692575
2024-03-26,6436,6478,6287,6415,119837,-0.011860751694393046
2024-03-27,6570,6867,6450,6746,385408,0.05159781761496496
2024-03-28,6740,6740,6323,6323,208130,-0.0627038244885858
2024-03-29,6358,6415,6076,6104,115395,-0.03463545785228528
2024-04-01,6216,6281,6104,6273,55172,0.02768676277850579
2024-04-02,6202,6245,5552,5602,277712,-0.10696636378128488
2024-04-03,5602,5934,5426,5743,137470,0.025169582292038584
2024-04-04,5659,5779,5581,5623,75528,-0.02089500261187538
2024-04-05,5623,5680,5552,5637,29899,0.0024897741419172004
2024-04-08,5672,5672,5404,5560,51115,-0.013659748092957225
2024-04-09,5560,5602,5461,5496,31890,-0.01151079136690647
2024-04-11,5510,5970,5510,5631,90229,0.024563318777292675
2024-04-12,5617,5786,5617,5694,42960,0.011188066062866264
2024-04-15,5637,5757,5623,5729,23395,0.006146821215314402
2024-04-16,5729,5729,5454,5538,66167,-0.03333915168441259
2024-04-17,5546,5652,5475,5560,29996,0.003972553268327905
2024-04-18,5503,5645,5468,5637,19459,0.013848920863309244
2024-04-19,5637,5793,5475,5546,75485,-0.016143338655313144
2024-04-22,5503,5927,5503,5863,86855,0.05715831229715107
2024-04-23,5934,6521,5708,5828,228693,-0.005969640115981556
2024-04-24,5828,5934,5708,5737,67012,-0.015614275909402897
2024-04-25,5757,5885,5737,5828,38597,0.015861948753703947
2024-04-26,5836,5877,5722,5822,41786,-0.0010295126973233204
2024-04-29,5786,5871,5722,5822,41042,0.0
2024-04-30,5822,5877,5694,5737,44601,-0.01459979388526278
2024-05-02,5751,5891,5701,5751,22417,0.002440299808262214
2024-05-03,5751,5863,5715,5849,29577,0.017040514693096753
2024-05-07,5863,6061,5849,5962,60009,0.019319541802017337
2024-05-08,5984,6161,5927,6040,40255,0.01308285810130827
2024-05-09,6040,6040,5743,5828,58681,-0.035099337748344395
2024-05-10,5828,5863,5694,5800,28077,-0.0048043925875085325
2024-05-13,5751,5842,5482,5532,92391,-0.046206896551724164
2024-05-14,5532,5617,5489,5524,40664,-0.001446131597975464
2024-05-16,5588,5617,5277,5292,100429,-0.04199855177407674
2024-05-17,5376,5376,5016,5129,104114,-0.030801209372637972
2024-05-20,5115,5115,4917,5044,75065,-0.016572431273152666
2024-05-21,4987,5030,4832,4910,142382,-0.02656621728786679
2024-05-22,4910,4952,4762,4832,110539,-0.015885947046843207
2024-05-23,4846,5044,4733,4782,80866,-0.010347682119205337
2024-05-24,4782,4882,4733,4874,46413,0.019238812212463374
2024-05-27,4924,5079,4839,4938,58898,0.013130898645876021
2024-05-28,4945,4945,4627,4705,148861,-0.04718509518023495
2024-05-29,4712,4959,4712,4762,77782,0.012114771519659895
2024-05-30,4804,4910,4733,4754,41991,-0.0016799664006720283
2024-05-31,4902,5284,4811,4931,412659,0.03723180479596122
2024-06-03,4924,5044,4804,4817,95843,-0.023119042790509026
2024-06-04,4874,4874,4733,4762,39987,-0.011417894955366381
2024-06-05,4726,4938,4697,4776,20707,0.0029399412011759107
2024-06-07,4896,4896,4719,4776,46308,0.0
2024-06-10,4776,4917,4719,4762,47276,-0.002931323283082099
2024-06-11,4867,4867,4712,4726,43464,-0.007559848803023961
2024-06-12,4726,4817,4620,4655,69545,-0.015023275497249244
2024-06-13,4655,4733,4542,4577,101924,-0.016756176154672398
2024-06-14,4592,4592,4372,4528,134850,-0.010705702425169328
2024-06-17,4528,4528,4415,4437,41989,-0.020097173144876357
2024-06-18,4437,4931,4309,4620,232545,0.041244083840432655
2024-06-19,4542,4662,4422,4451,68926,-0.0365800865800866
2024-06-20,4486,4500,4344,4358,63744,-0.020894181082902752
2024-06-21,4358,4429,4232,4238,67278,-0.027535566773749465
2024-06-24,4246,4288,4132,4267,60290,0.0068428504011326385
2024-06-25,4267,4408,4167,4387,55235,0.02812280290602298
2024-06-26,4387,4457,4118,4238,82691,-0.033963984499658095
2024-06-27,4238,4281,4203,4232,12110,-0.0014157621519584884
2024-06-28,4274,4288,4224,4274,17861,0.00992438563327025
2024-07-01,4274,4309,4147,4267,37666,-0.0016378100140383989
2024-07-02,4196,4274,4062,4104,55449,-0.038200140614014555
2024-07-03,4104,4217,4104,4167,35535,0.015350877192982448
2024-07-04,4167,4323,4097,4189,55864,0.005279577633789279
2024-07-05,4189,4514,4182,4492,112617,0.07233229887801396
2024-07-08,4429,4662,4380,4557,99391,0.014470169189670479
2024-07-09,4549,4641,4401,4571,57367,0.003072196620583778
2024-07-10,4571,4705,4500,4627,35334,0.012251148545176171
2024-07-11,4662,4662,4408,4521,34862,-0.022909012318997224
2024-07-12,4521,4592,4415,4563,18800,0.00928998009289983
2024-07-15,4563,4592,4344,4394,39004,-0.03703703703703709
2024-07-16,4394,4394,4232,4337,39443,-0.012972234865725962
2024-07-17,4337,4457,4274,4337,22446,0.0
2024-07-18,4337,4337,4203,4274,50793,-0.014526170163707608
2024-07-19,4274,4662,4196,4606,73308,0.07767898923724847
2024-07-22,4599,4599,4288,4415,36143,-0.04146765089014326
2024-07-23,4380,4557,4323,4486,46985,0.016081540203850553
2024-07-24,4443,4542,4309,4514,39074,0.006241640659830683
2024-07-25,4394,4486,4309,4401,32810,-0.02503322995126278
2024-07-26,4401,4535,4344,4457,18440,0.012724380822540349
2024-07-29,4521,4585,4451,4514,32154,0.012788871438187188
2024-07-30,4528,4528,4302,4302,31452,-0.04696499778466989
2024-07-31,4309,4366,4224,4316,29320,0.0032543003254299485
2024-08-01,4366,4648,4316,4585,71422,0.062326227988878546
2024-08-02,4549,4592,4302,4507,39100,-0.01701199563794986
2024-08-05,4486,4486,3666,3899,142076,-0.1349012646993566
2024-08-06,3899,4224,3878,4153,84990,0.06514490895101299
2024-08-07,4217,4577,4097,4486,89514,0.08018300024078973
2024-08-08,4486,4627,4330,4528,45540,0.009362460989745802
2024-08-09,4705,4797,4451,4521,75178,-0.0015459363957597283
2024-08-12,4662,4846,4563,4606,95333,0.01880115018801143
2024-08-13,4563,4691,4457,4486,24057,-0.026052974381241878
2024-08-14,4500,4634,4500,4599,23862,0.025189478377173335
2024-08-16,4599,4677,4542,4648,40967,0.010654490106544845
2024-08-19,4613,4740,4577,4634,44404,-0.003012048192771122
2024-08-20,4683,4762,4521,4542,36261,-0.019853258523953365
2024-08-21,4542,4585,4437,4437,32745,-0.023117569352708034
2024-08-22,4437,4613,4380,4408,43568,-0.006535947712418277
2024-08-23,4408,4451,4344,4408,26135,0.0
2024-08-26,4472,4492,4302,4323,25535,-0.01928312159709622
2024-08-27,4246,4380,4232,4380,20713,0.013185287994448291
2024-08-28,4380,4415,4274,4274,22668,-0.024200913242009126
2024-08-29,4274,4372,4238,4309,20449,0.008189050070191772
2024-08-30,4309,4408,4260,4344,11133,0.008122534230679879
2024-09-02,4380,4437,4238,4366,32154,0.005064456721915356
2024-09-03,4323,4507,4323,4472,53758,0.024278515803939582
2024-09-04,4464,4733,4358,4662,125063,0.042486583184257576
2024-09-05,4599,4740,4429,4464,69394,-0.0424710424710425
2024-09-06,4592,4592,4232,4316,62524,-0.03315412186379929
2024-09-09,4153,4563,4153,4472,55873,0.03614457831325302
2024-09-10,4521,4521,4210,4210,27669,-0.058586762075134136
2024-09-11,4217,4295,4132,4132,35656,-0.018527315914489306
2024-09-12,4210,4281,4083,4153,29605,0.005082284607938137
2024-09-13,4224,4309,4132,4210,24693,0.013725018059234317
2024-09-19,4210,4309,4196,4210,21919,0.0
2024-09-20,4246,4662,4182,4592,125374,0.09073634204275538
2024-09-23,4592,4634,4415,4457,28873,-0.029398954703832803
2024-09-24,4422,4521,4394,4514,14554,0.012788871438187188
2024-09-25,4486,4577,4443,4472,21268,-0.009304386353566674
2024-09-26,4472,4867,4437,4514,257339,0.00939177101967803
2024-09-27,4514,4952,4472,4705,206075,0.04231280460788667
2024-09-30,4705,4867,4641,4655,55900,-0.01062699256110522
2024-10-02,4655,4817,4557,4762,67924,0.022986036519871078
2024-10-04,4762,5227,4733,5227,345130,0.09764804703905927
2024-10-07,5171,5270,5058,5213,76866,-0.0026784006122058113
2024-10-08,5157,5207,4980,5008,56116,-0.0393247650105506
2024-10-10,5051,5150,4910,5143,85918,0.026956869009584716
2024-10-11,5107,5320,4874,5284,156586,0.027415905113746808
2024-10-14,5270,5369,5122,5277,75842,-0.0013247539742619052
2024-10-15,5277,5581,5164,5292,121567,0.002842524161455362
2024-10-16,5292,5412,5235,5312,41881,0.0037792894935753107
2024-10-17,5312,5369,5122,5227,46952,-0.016001506024096335
2024-10-18,5227,5227,4980,5178,60480,-0.00937440214272045
2024-10-21,5171,5221,4980,4987,50701,-0.036886828891463885
2024-10-22,4987,5079,4938,5030,39683,0.008622418287547617
2024-10-23,5030,5150,4931,5030,45377,0.0
2024-10-24,5030,5143,4917,4938,28236,-0.01829025844930421
2024-10-25,5065,5065,4860,4888,20738,-0.010125556905629773
2024-10-28,4888,5016,4825,4924,19024,0.0073649754500817455
2024-10-29,4959,5150,4931,5022,36663,0.019902518277822967
2024-10-30,4987,5107,4959,4987,23437,-0.006969334926324122
2024-10-31,4994,5249,4987,5185,79732,0.0397032283938239
2024-11-01,5185,5227,4994,5037,37692,-0.028543876567020288
2024-11-04,5016,5136,4902,5058,58282,0.004169148302560988
2024-11-05,5016,5150,4959,4973,23777,-0.01680506128904702
2024-11-06,5157,5157,4874,4980,33272,0.0014076010456465227
2024-11-07,4980,5101,4790,4797,60383,-0.0367469879518072
2024-11-08,4762,4973,4585,4804,154720,0.0014592453616844026
2024-11-11,4782,4804,4521,4620,63491,-0.03830141548709409
2024-11-12,4592,4592,4281,4323,56099,-0.06428571428571428
2024-11-13,4323,4358,4083,4097,52564,-0.0522785102937775
2024-11-14,4097,4274,4083,4196,35536,0.024164022455455125
2024-11-15,4196,4252,4090,4167,25600,-0.006911344137273567
2024-11-18,4175,4224,4112,4182,19650,0.003599712023038215
2024-11-19,4182,4358,4147,4203,16598,0.0050215208034434244
2024-11-20,4260,4260,4132,4189,18761,-0.0033309540804187243
2024-11-21,4267,4267,4069,4112,19436,-0.018381475292432614
2024-11-22,4112,4196,3913,3970,57568,-0.03453307392996108
2024-11-25,3977,4811,3977,4210,277527,0.06045340050377823
2024-11-26,4210,4260,4112,4182,14996,-0.0066508313539191954
2024-11-27,4161,4196,4132,4161,13946,-0.005021520803443313
2024-11-28,4224,4224,4097,4161,37077,0.0
2024-11-29,4189,4217,4104,4104,13553,-0.013698630136986356
2024-12-02,4112,4232,3991,4012,31614,-0.022417153996101336
2024-12-03,4012,4132,4012,4097,25659,0.021186440677966045
2024-12-04,3942,4076,3921,3984,46166,-0.027581156944105456
2024-12-05,3998,4027,3779,3814,61898,-0.04267068273092367
2024-12-06,3814,3935,3532,3723,66632,-0.023859465128474033
2024-12-09,3702,3708,3479,3483,101862,-0.06446414182111204
2024-12-10,3284,3638,3284,3582,71738,0.028423772609819098
2024-12-11,3645,3907,3596,3793,55729,0.05890563930764925
2024-12-12,3907,3907,3603,3702,30721,-0.02399156340627473
2024-12-13,3609,3864,3609,3765,34732,0.01701782820097253
2024-12-16,3814,3850,3645,3744,58471,-0.005577689243027928
2024-12-17,3744,3786,3638,3694,32105,-0.013354700854700807
2024-12-18,3702,3744,3582,3645,31281,-0.013264753654575023
2024-12-19,3568,3603,3461,3468,65666,-0.04855967078189305
2024-12-20,3528,3528,3210,3348,161743,-0.03460207612456745
2024-12-23,3320,3387,2415,2648,1331427,-0.20908004778972522
2024-12-24,2684,3093,2659,2765,442697,0.044184290030211404
2024-12-26,2765,2973,2765,2889,257101,0.04484629294755882
2024-12-27,2833,2967,2818,2875,118560,-0.0048459674627898686
2024-12-30,2861,3080,2606,3062,163350,0.06504347826086954
2025-01-02,3098,3207,3016,3090,64553,0.009144350097975096
2025-01-03,3093,3380,3093,3232,161341,0.04595469255663431
2025-01-06,3232,3238,3076,3136,107931,-0.02970297029702973
2025-01-07,3136,3161,2992,2995,67955,-0.04496173469387754
2025-01-08,2995,3052,2928,2992,46071,-0.0010016694490817546
2025-01-09,3058,3058,2963,2981,23885,-0.003676470588235281
2025-01-10,2981,3023,2938,2970,18581,-0.0036900369003689537
2025-01-13,2970,2992,2924,2935,55174,-0.011784511784511786
2025-01-14,2984,3052,2938,3009,58683,0.025212947189097168
2025-01-15,3090,3090,2931,2942,30064,-0.02226653373213694
2025-01-16,2963,2967,2896,2928,44022,-0.0047586675730795225
2025-01-17,2928,2963,2853,2882,36268,-0.015710382513661192
2025-01-20,2882,2959,2864,2878,26086,-0.001387925052047212
2025-01-21,2931,3164,2878,2942,154550,0.02223766504517033
2025-01-22,2942,2967,2843,2843,43208,-0.03365057783820535
2025-01-23,2843,2868,2787,2825,33569,-0.006331340133661656
2025-01-24,2737,2928,2737,2910,33382,0.030088495575221197
2025-01-31,2913,2988,2850,2864,39914,-0.0158075601374571
2025-02-03,2864,2864,2779,2825,37139,-0.0136173184357542
2025-02-04,2864,2882,2825,2833,39723,0.002831858407079668
2025-02-05,2913,2913,2783,2825,41455,-0.002823861630780078
2025-02-06,2825,2875,2783,2793,51591,-0.011327433628318562
2025-02-07,2836,2843,2719,2751,74049,-0.015037593984962405
2025-02-10,2754,2882,2705,2825,46621,0.02689930934205753
2025-02-11,2825,2875,2779,2783,51113,-0.014867256637168147
2025-02-12,2783,2843,2762,2815,37326,0.01149838303988493
2025-02-13,2815,2861,2762,2793,48037,-0.007815275310834813
2025-02-14,2793,2836,2758,2787,40939,-0.002148227712137518
2025-02-17,2787,2822,2713,2730,95949,-0.020452099031216364
2025-02-18,2730,2730,2331,2465,524637,-0.09706959706959706
2025-02-19,2543,2677,2388,2677,156010,0.0860040567951319
2025-02-20,2634,2673,2528,2603,124154,-0.027642883825177433
2025-02-21,2659,2663,2543,2578,81288,-0.009604302727622027
2025-02-24,2582,2606,2511,2578,73022,0.0
2025-02-25,2585,2592,2348,2472,229878,-0.04111714507370057
2025-02-26,2472,2500,2429,2429,83534,-0.017394822006472466
2025-02-27,2429,2429,2158,2292,446355,-0.056401811445039085
2025-02-28,2292,2299,2140,2221,229277,-0.030977312390924938
2025-03-04,2228,2260,2048,2098,243404,-0.05538045925258894
2025-03-05,2133,2168,2006,2104,124024,0.0028598665395613843
2025-03-06,2126,2207,2083,2158,185840,0.025665399239543696
2025-03-07,2178,2309,2055,2189,146870,0.014365152919369795
2025-03-10,2232,2232,2137,2147,52968,-0.019186843307446355
2025-03-11,2147,2193,2058,2186,47671,0.018164881229622676
2025-03-12,2186,2243,2161,2243,56554,0.026075022872827036
2025-03-13,2238,2274,2228,2246,34253,0.0013374944271065115
2025-03-14,2285,2468,2278,2309,191473,0.028049866429207482
2025-03-17,2323,2331,2238,2267,57346,-0.01818969250757907
2025-03-18,2267,2334,2260,2313,63823,0.02029113365681523
2025-03-19,2313,2871,2306,2815,991296,0.21703415477734533
2025-03-20,2684,3158,2617,2967,1445350,0.053996447602131514
2025-03-21,2921,3461,2811,3391,821268,0.14290529154027642
2025-03-24,3391,3673,3355,3458,442436,0.019758183426717757
2025-03-25,3465,3508,3355,3454,174914,-0.0011567379988433046
2025-03-26,3454,3560,3009,3112,241782,-0.09901563404748115
2025-03-27,3048,3158,2949,3055,149962,-0.018316195372750643
2025-03-28,3023,3023,2839,3016,130243,-0.012765957446808529
2025-03-31,2956,3164,2684,2773,268036,-0.08057029177718833
2025-04-01,2758,2931,2758,2931,62039,0.05697800216372162
2025-04-02,2945,3002,2864,2864,41030,-0.022859092459911245
2025-04-03,2825,3154,2653,3069,179037,0.07157821229050287
2025-04-04,3041,3066,2811,2921,141414,-0.04822417725643535
2025-04-07,2829,2829,2624,2663,116797,-0.08832591578226634
2025-04-08,2748,2748,2483,2599,189388,-0.02403304543747653
2025-04-09,2578,2578,2380,2440,75185,-0.061177375913813004
2025-04-10,2443,2645,2443,2592,77551,0.062295081967213006
2025-04-11,2578,3320,2578,3224,1132765,0.24382716049382713
2025-04-14,3320,3320,3062,3281,367596,0.017679900744416832
2025-04-15,3391,3864,3284,3645,900433,0.11094178604084126
2025-04-16,3680,3758,3511,3609,380247,-0.00987654320987652
2025-04-17,3582,3638,3461,3560,210543,-0.013577168190634481
2025-04-18,3560,3666,3419,3623,167673,0.01769662921348325
2025-04-21,3623,3716,3511,3617,107424,-0.0016560861164780505
2025-04-22,3617,3694,3528,3694,128581,0.02128836051976779
2025-04-23,3744,3793,3645,3694,128148,0.0
2025-04-24,3694,3800,3638,3694,60698,0.0
2025-04-25,3694,3836,3568,3779,119215,0.02301028695181384
2025-04-28,3751,3793,3437,3528,249396,-0.06641968774808149
2025-04-29,3503,3503,3320,3377,118502,-0.04280045351473927
2025-04-30,3345,3358,3218,3218,68633,-0.04708320994965942
2025-05-02,3218,3377,3172,3172,80262,-0.01429459291485391
2025-05-07,3122,3203,3090,3154,76379,-0.005674653215636871
2025-05-08,3154,3306,3115,3263,35193,0.034559289790741854
2025-05-09,3313,3313,3168,3168,49848,-0.02911431198283787
2025-05-12,3168,3210,2978,2978,98375,-0.059974747474747514
2025-05-13,3073,3352,3002,3270,215714,0.0980523841504366
2025-05-14,3345,3447,3193,3320,94246,0.015290519877675823
2025-05-15,3320,3737,3235,3673,222949,0.10632530120481931
2025-05-16,3828,4033,3680,3843,674875,0.046283691805063976
2025-05-19,3843,3843,3348,3525,234162,-0.0827478532396565
2025-05-20,3603,3857,3511,3688,440371,0.04624113475177305
2025-05-21,3638,3652,3468,3483,130886,-0.055585683297180055
2025-05-22,3483,3596,3327,3327,95808,-0.04478897502153312
2025-05-23,3377,3461,3278,3306,64810,-0.006311992786293907
2025-05-26,3257,3366,3246,3309,34081,0.0009074410163338875
2025-05-27,3309,3341,3200,3232,61507,-0.02326987005137504
2025-05-28,3189,3800,3164,3373,538068,0.04362623762376239
2025-05-29,3377,3412,3281,3306,83821,-0.0198636228876371
2025-05-30,3284,3369,3281,3306,50383,0.0
2025-06-02,3306,3380,3224,3380,70299,0.02238354506957041
2025-06-04,3391,3521,3391,3458,86551,0.023076923076922995
2025-06-05,3518,3638,3423,3497,95037,0.011278195488721776
2025-06-09,3426,3483,3306,3394,119180,-0.02945381755790677
2025-06-10,3394,3497,3327,3483,76444,0.026222746022392496
2025-06-11,3483,3998,3461,3836,521614,0.10134941142693088
2025-06-12,4076,4076,3652,3723,337728,-0.02945776850886339
2025-06-13,3744,3765,3560,3680,122526,-0.01154982540961591
2025-06-16,3680,3680,3489,3617,182230,-0.01711956521739133
2025-06-17,3617,3617,3503,3596,102911,-0.005805916505391195
2025-06-18,3623,3893,3568,3652,296288,0.015572858731924377
2025-06-19,3652,3708,3532,3539,103556,-0.030941949616648423
2025-06-20,3623,3623,3454,3560,129995,0.005933879627013194
2025-06-23,3532,3913,3440,3836,440568,0.07752808988764048
2025-06-24,3907,4005,3744,3907,204133,0.01850886339937441
2025-06-25,3907,3907,3716,3723,151811,-0.04709495776810857
2025-06-26,3822,3921,3694,3758,193274,0.009401020682245464
2025-06-27,3814,3814,3588,3603,202146,-0.04124534326769558
2025-06-30,3730,4062,3609,3808,558730,0.056897030252567316
2025-07-01,3808,3991,3486,3568,728753,-0.06302521008403361
2025-07-02,3645,3645,3472,3508,99871,-0.01681614349775784
2025-07-03,3508,3716,3497,3617,170301,0.031071835803876846
2025-07-04,3730,3730,3568,3574,127221,-0.011888305225324802
2025-07-07,3574,3623,3500,3500,88861,-0.020705092333519914
2025-07-08,3518,3560,3433,3521,174305,0.006000000000000005
2025-07-09,3521,3680,3461,3652,177189,0.03720533939221804
2025-07-10,3666,3666,3539,3596,101274,-0.01533406352683464
2025-07-11,3666,3666,3521,3532,106615,-0.017797552836484987
2025-07-14,3518,3528,3423,3443,151109,-0.025198187995470023
2025-07-15,3443,3702,3387,3518,539563,0.02178332849259368
2025-07-16,3468,3645,3468,3483,416937,-0.009948834565093767
2025-07-17,3483,3546,3377,3387,485201,-0.027562446167097354
2025-07-18,3518,3518,3005,3055,696052,-0.0980218482432832
2025-07-21,3055,3066,2754,2825,671382,-0.07528641571194761
2025-07-22,2833,2833,2656,2797,337136,-0.009911504424778728
2025-07-23,2797,2818,2733,2776,66450,-0.00750804433321417
2025-07-24,2783,2861,2645,2688,180656,-0.03170028818443804
2025-07-25,2716,2744,2656,2741,114086,0.019717261904761862
2025-07-28,2741,2744,2638,2691,114246,-0.01824151769427218
2025-07-29,2642,2773,2642,2754,130559,0.02341137123745818
2025-07-30,2754,2825,2691,2762,92699,0.002904865649963728
2025-07-31,2762,2818,2727,2793,71456,0.011223750905141161
2025-08-01,2765,2790,2688,2751,112846,-0.015037593984962405
2025-08-04,2094,2571,2020,2161,1823404,-0.21446746637586334
2025-08-05,2221,2221,2083,2154,393359,-0.003239241092086953
2025-08-06,2257,2257,2034,2044,404812,-0.05106778087279484
2025-08-07,2044,2066,1942,2034,704145,-0.004892367906066508
2025-08-08,2058,2642,2058,2140,5965725,0.05211406096361859
2025-08-11,2140,2299,2115,2126,669115,-0.0065420560747663226
2025-08-12,2158,2514,2158,2271,2426243,0.06820319849482592
2025-08-13,2271,2299,2197,2246,359541,-0.011008366358432387
2025-08-14,2292,2292,2186,2186,308235,-0.026714158504007157
2025-08-18,2161,2218,2041,2076,314003,-0.05032021957914001
2025-08-19,2083,2108,2006,2080,167204,0.0019267822736031004
2025-08-20,2041,2104,1995,2044,125746,-0.017307692307692357
2025-08-21,2044,2090,1942,1946,399572,-0.047945205479452024
2025-08-22,1946,1963,1907,1935,236834,-0.00565262076053441
2025-08-25,1935,1942,1847,1904,341981,-0.0160206718346253
2025-08-26,1904,2048,1875,2023,227278,0.0625
2025-08-27,2027,2027,1942,1995,143923,-0.01384083044982698
2025-08-28,1998,2016,1939,1949,113511,-0.023057644110275666
2025-08-29,1949,1995,1899,1914,108803,-0.017957927142124186
2025-09-01,1904,1932,1868,1875,194048,-0.020376175548589393
2025-09-02,1882,1935,1833,1921,214209,0.024533333333333296
2025-09-03,1921,1995,1889,1981,118363,0.03123373243102545
2025-09-04,1981,2087,1978,2023,307091,0.021201413427561766
2025-09-05,2038,2058,1928,1978,335297,-0.022244191794364765
2025-09-08,1988,1995,1935,1974,518229,-0.002022244691607722
2025-09-09,2162,2333,1841,1845,1756190,-0.06534954407294835
2025-09-10,1870,1879,1745,1758,605869,-0.047154471544715415
2025-09-11,1774,1824,1745,1816,225592,0.03299203640500559
2025-09-12,1837,2033,1804,1970,2171788,0.08480176211453738
2025-09-15,1970,2078,1958,1974,560708,0.0020304568527917954
2025-09-16,1974,2024,1949,1987,271853,0.006585612968591725
2025-09-17,1987,2024,1924,1929,248285,-0.029189733266230533
2025-09-18,1983,1983,1883,1920,231637,-0.004665629860031051
2025-09-19,1920,2041,1879,1920,323594,0.0
2025-09-22,1920,1924,1758,1779,515314,-0.07343750000000004
2025-09-23,1779,1779,1670,1729,512796,-0.02810567734682401
2025-09-24,1729,1783,1695,1729,272860,0.0
2025-09-25,1729,1745,1691,1712,231383,-0.009832272990167756
2025-09-26,1699,1699,1589,1604,576885,-0.06308411214953269
2025-09-29,1602,1687,1574,1664,365419,0.03740648379052369
2025-09-30,1670,1691,1651,1652,138089,-0.007211538461538436
2025-10-01,1654,1720,1654,1695,195991,0.026029055690072633
2025-10-02,1787,2091,1745,1774,2244954,0.04660766961651919
2025-10-10,1874,1874,1708,1770,307098,-0.0022547914317925244
2025-10-13,1770,1774,1716,1733,231619,-0.020903954802259928
2025-10-14,1745,1774,1666,1674,290430,-0.034045008655510633
2025-10-15,1683,1733,1583,1583,485734,-0.05436081242532853
2025-10-16,1609,1616,1541,1554,840155,-0.01831964624131399
2025-10-17,1554,1554,1479,1504,484355,-0.03217503217503215
2025-10-20,1526,1791,1512,1745,1230391,0.1602393617021276
2025-10-21,1741,1787,1664,1687,421846,-0.03323782234957018
2025-10-22,1674,1966,1666,1899,1927429,0.12566686425607587
2025-10-23,1899,1954,1787,1791,630164,-0.056872037914691975
2025-10-24,1841,1841,1749,1804,228667,0.007258514796203208
2025-10-27,1791,1820,1741,1770,326477,-0.018847006651884657
2025-10-28,1812,1954,1745,1954,596870,0.10395480225988707
2025-10-29,2040,2085,1866,1950,674147,-0.0020470829068577334
2025-10-30,1950,1950,1840,1866,285551,-0.043076923076923124
2025-10-31,1867,1898,1772,1775,232921,-0.0487674169346195
2025-11-03,1776,1842,1600,1647,437767,-0.07211267605633798
2025-11-04,1650,1750,1615,1652,218099,0.0030358227079538835
2025-11-05,1652,1652,1538,1589,288084,-0.03813559322033899
2025-11-06,1380,1390,1205,1241,6492829,-0.21900566393958465
2025-11-07,1241,1278,1177,1194,755649,-0.037872683319903344
2025-11-10,1201,1310,1177,1285,1549622,0.07621440536013391
2025-11-11,1285,1301,1212,1215,918740,-0.054474708171206254
2025-11-12,1210,1264,1205,1228,606590,0.010699588477366184
2025-11-13,1228,1344,1210,1226,1468152,-0.0016286644951140072
2025-11-14,1190,1272,1127,1239,1303417,0.010603588907014627
2025-11-17,1239,1290,1220,1250,628535,0.008878127522195411
2025-11-18,1250,1613,1222,1500,16245377,0.19999999999999996
2025-11-19,1502,1607,1395,1422,3848615,-0.052000000000000046
2025-11-20,1422,1553,1383,1485,1648264,0.044303797468354444
2025-11-21,1461,1508,1380,1413,971278,-0.048484848484848464
2025-11-24,1412,1416,1348,1349,541258,-0.04529370134465671
2025-11-25,1400,1440,1330,1389,576764,0.029651593773165397
2025-11-26,1393,1520,1392,1440,811593,0.036717062634989306
2025-11-27,1449,1608,1420,1567,2104889,0.08819444444444446
2025-11-28,1554,2035,1550,2035,7287838,0.2986598596043395
2025-12-01,2250,2610,2070,2245,15722068,0.10319410319410327
2025-12-02,2245,2540,2130,2380,5269965,0.060133630289532336
2025-12-03,2455,2470,2305,2430,1399491,0.021008403361344463
2025-12-04,2420,2615,2345,2500,1840503,0.028806584362139898
2025-12-05,2540,2580,2430,2570,1075500,0.028000000000000025
2025-12-08,2600,2620,2300,2450,1335586,-0.046692607003890996
2025-12-09,2450,2580,2335,2580,724126,0.05306122448979589
2025-12-10,2505,3305,2505,3080,5979684,0.193798449612403
2025-12-11,3100,3700,2885,3265,4038734,0.060064935064935154
2025-12-12,3250,3370,3105,3280,1339350,0.004594180704440953
2025-12-15,3250,4000,3250,3540,3502024,0.0792682926829269
2025-12-16,3540,3830,3335,3500,1786337,-0.011299435028248594
2025-12-17,3505,3605,3310,3385,925899,-0.03285714285714281
2025-12-18,3395,3930,3380,3780,2898365,0.11669128508124071
2025-12-19,4000,4095,3740,4090,1667687,0.08201058201058209
2025-12-22,4150,4635,4135,4535,1978766,0.10880195599022002
2025-12-23,4525,4925,4075,4500,2619214,-0.007717750826901848
2025-12-24,4475,4475,3660,3800,3997929,-0.15555555555555556
2025-12-26,3800,3980,3700,3750,1650130,-0.013157894736842146
2025-12-29,3740,3800,3550,3640,1239437,-0.029333333333333322
2025-12-30,3690,3955,3550,3910,1304457,0.07417582417582413
2026-01-02,3920,3980,3635,3670,880853,-0.0613810741687979
2026-01-05,3670,4590,3535,4125,3172007,0.12397820163487738
2026-01-06,4010,4800,3950,4450,3277394,0.07878787878787885
2026-01-07,4375,4555,4200,4300,1293243,-0.0337078651685393
2026-01-08,4185,4500,3925,4035,1171640,-0.06162790697674414
2026-01-09,4100,4265,3860,3965,861268,-0.01734820322180919
2026-01-12,4000,4050,3695,3730,911181,-0.059268600252206816
2026-01-13,3730,3870,3385,3475,1324446,-0.06836461126005366
2026-01-14,3480,3825,3410,3560,758522,0.02446043165467615
2026-01-15,3560,3760,3400,3550,667973,-0.002808988764044895
2026-01-16,3550,3730,3470,3670,582728,0.033802816901408406
2026-01-19,3670,3670,3385,3550,763924,-0.032697547683923744
2026-01-20,3550,3635,3360,3435,879430,-0.032394366197183055
2026-01-21,3400,3400,3100,3275,1204605,-0.04657933042212514
2026-01-22,3350,3465,3150,3305,714484,0.009160305343511421
2026-01-23,3305,3415,3245,3295,535905,-0.00302571860816947
2026-01-26,3295,3465,3235,3405,632705,0.03338391502276172
2026-01-27,3410,3460,3290,3430,554619,0.007342143906020615
2026-01-28,3550,3950,3460,3545,2140775,0.03352769679300294
2026-01-29,3530,3610,3310,3480,727602,-0.01833568406205921
2026-01-30,3470,3470,3200,3230,915753,-0.07183908045977017
2026-02-02,3230,3250,3070,3135,711495,-0.02941176470588236
2026-02-03,3135,3430,3135,3415,669461,0.08931419457735257
2026-02-04,3400,3455,3245,3275,416819,-0.040995607613469986
2026-02-05,3275,3420,3175,3205,349148,-0.021374045801526687
2026-02-06,3100,3215,3015,3125,425174,-0.0249609984399376
2026-02-09,3140,3350,3140,3300,400406,0.05600000000000005
