Date,Open,High,Low,Close,Volume,Change
2022-01-03,350000,353900,330500,331500,105408,-0.04905335628227192
2022-01-04,336800,337000,326000,329200,64381,-0.006938159879336325
2022-01-05,328400,328500,315600,317400,87581,-0.035844471445929504
2022-01-06,307000,318000,306200,307800,74443,-0.03024574669187141
2022-01-07,308100,314700,304900,307200,59183,-0.0019493177387914784
2022-01-10,306700,306800,295000,296000,77133,-0.03645833333333337
2022-01-11,299000,299900,288000,289700,73999,-0.021283783783783816
2022-01-12,294000,306900,292500,306900,111642,0.05937176389368304
2022-01-13,314900,315000,301900,307000,80340,0.0003258390355165286
2022-01-14,300000,304000,298000,302700,40715,-0.014006514657980418
2022-01-17,302700,311600,302700,307900,51415,0.01717872481004301
2022-01-18,308000,311400,301000,304400,43093,-0.011367327054238374
2022-01-19,304300,307000,295000,299200,42951,-0.01708278580814715
2022-01-20,298500,315800,297000,314000,77242,0.04946524064171132
2022-01-21,308400,313000,299300,301100,58996,-0.04108280254777075
2022-01-24,299900,303600,293300,297100,52973,-0.013284623048820943
2022-01-25,298600,300400,285100,288600,64134,-0.02860989565802763
2022-01-26,288400,290000,277100,280000,89415,-0.02979902979902982
2022-01-27,275000,285000,260000,262500,135623,-0.0625
2022-01-28,257000,261400,243400,256800,201866,-0.021714285714285686
2022-02-03,265600,279500,261300,271500,124013,0.05724299065420557
2022-02-04,269500,288500,268600,286100,93079,0.053775322283609484
2022-02-07,287500,308100,277800,296900,213653,0.03774903879762315
2022-02-08,300000,303600,284100,287000,161516,-0.03334456045806666
2022-02-09,291000,293500,286700,292000,76965,0.017421602787456525
2022-02-10,293000,294000,282500,284100,86416,-0.02705479452054793
2022-02-11,277500,284900,276800,281700,65677,-0.008447729672650506
2022-02-14,272500,281400,272300,272900,60946,-0.03123890663826767
2022-02-15,273700,280700,270000,272500,52929,-0.0014657383657017409
2022-02-16,280500,288600,279000,288500,69113,0.05871559633027523
2022-02-17,291400,293700,279000,286500,88620,-0.006932409012131768
2022-02-18,279100,292800,278200,288700,64994,0.0076788830715532885
2022-02-21,285000,286900,280300,284000,48140,-0.016279875303082836
2022-02-22,278500,291100,278500,283600,56696,-0.0014084507042253502
2022-02-23,283900,290100,283900,289500,47575,0.020803949224259544
2022-02-24,287500,287500,273000,273000,107619,-0.05699481865284972
2022-02-25,280100,285700,277200,281700,91475,0.03186813186813198
2022-02-28,281100,289500,278800,283000,64907,0.004614838480653249
2022-03-02,282900,293500,281300,291900,71661,0.031448763250883305
2022-03-03,295000,296200,290500,292900,50594,0.0034258307639603025
2022-03-04,292900,293600,282000,283800,69778,-0.031068624103789744
2022-03-07,277300,285000,275300,281300,52167,-0.00880902043692744
2022-03-08,275500,284200,275000,276500,49900,-0.017063633131887634
2022-03-10,283000,293900,283000,293900,99880,0.06292947558770345
2022-03-11,292700,293900,289100,290300,43232,-0.012249064307587654
2022-03-14,290300,290400,262200,267400,186907,-0.07888391319324839
2022-03-15,266000,271000,260000,270000,62385,0.00972326103216159
2022-03-16,274300,280400,273000,279500,73033,0.03518518518518521
2022-03-17,288100,309500,287400,304000,196885,0.08765652951699465
2022-03-18,308100,313700,305000,308900,101798,0.016118421052631504
2022-03-21,315900,315900,308100,308700,73499,-0.0006474587245063335
2022-03-22,310000,312700,305000,310400,49646,0.00550696469063805
2022-03-23,319600,319600,311000,314100,53849,0.011920103092783574
2022-03-24,311100,317400,308100,317000,44419,0.009232728430436099
2022-03-25,320000,320000,316000,316900,43524,-0.0003154574132492316
2022-03-28,317200,319600,311500,316400,44757,-0.0015777847901545794
2022-03-29,322100,335400,321000,335400,158224,0.0600505689001265
2022-03-30,336300,337900,332000,333100,66135,-0.006857483601669601
2022-03-31,330300,342200,329000,338000,82953,0.01471029720804573
2022-04-01,336800,342500,333000,338300,55661,0.0008875739644971237
2022-04-04,335000,341900,334300,337200,60531,-0.0032515518770321883
2022-04-05,341100,343200,337200,339900,73753,0.008007117437722311
2022-04-06,333600,338300,327200,334000,107738,-0.017358046484260092
2022-04-07,330200,330200,318900,320400,122001,-0.04071856287425146
2022-04-08,324500,333000,322400,331500,105645,0.034644194756554336
2022-04-11,332000,333200,309000,309500,126970,-0.06636500754147812
2022-04-12,309500,309500,301500,308300,69584,-0.0038772213247172393
2022-04-13,309000,314300,305200,312600,51364,0.013947453778786922
2022-04-14,312700,319400,310100,311000,69694,-0.0051183621241203126
2022-04-15,306900,307700,298500,299600,159742,-0.03665594855305465
2022-04-18,297000,297100,287300,288000,157539,-0.03871829105473967
2022-04-19,289300,291200,278000,279500,332375,-0.02951388888888884
2022-04-20,282000,284000,277200,280200,140047,0.002504472271914082
2022-04-21,283000,284900,278100,278600,147283,-0.005710206995003575
2022-04-22,277500,278000,272600,275300,109012,-0.011844938980617337
2022-04-25,272500,283500,271500,273400,161893,-0.0069015619324372945
2022-04-26,277200,283000,274000,276500,84488,0.011338697878566117
2022-04-27,268000,273000,267000,270000,103194,-0.023508137432188048
2022-04-28,271900,273400,268800,270600,59541,0.0022222222222221255
2022-04-29,272800,281500,271000,279500,107153,0.03288987435328905
2022-05-02,275200,276600,271100,274000,87379,-0.019677996422182487
2022-05-03,274900,281000,274900,277500,72950,0.012773722627737127
2022-05-04,282100,284400,279000,280300,100940,0.010090090090089987
2022-05-06,275500,283100,274900,276200,70791,-0.014627185158758493
2022-05-09,274500,274500,262000,264700,105963,-0.04163649529326574
2022-05-10,257100,270000,252500,270000,92383,0.02002266717038159
2022-05-11,268100,269100,262000,265800,87821,-0.015555555555555545
2022-05-12,260000,265900,244900,246200,241297,-0.07373965387509407
2022-05-13,246200,252800,246200,250200,72843,0.01624695369618201
2022-05-16,252600,264900,252600,255100,110296,0.019584332533972848
2022-05-17,253300,270900,253300,270400,124006,0.05997647981183851
2022-05-18,274500,281400,274500,279900,143532,0.0351331360946745
2022-05-19,269800,286900,267900,283200,180979,0.011789924973204746
2022-05-20,286800,287600,280000,283300,111057,0.0003531073446327859
2022-05-23,286000,286000,277500,280500,79912,-0.009883515707730273
2022-05-24,280500,282100,273100,273500,56954,-0.024955436720142554
2022-05-25,274100,275900,268000,269900,66377,-0.013162705667276065
2022-05-26,271200,274900,264500,265000,67267,-0.018154872174879544
2022-05-27,271000,272500,265000,267000,38099,0.007547169811320753
2022-05-30,271500,271800,267500,269700,39580,0.010112359550561889
2022-05-31,270300,274500,268600,270200,51115,0.0018539117538005634
2022-06-02,271300,272300,268400,269900,35283,-0.0011102886750554708
2022-06-03,272900,272900,264600,265000,54456,-0.018154872174879544
2022-06-07,265000,265000,256800,256900,61593,-0.030566037735849094
2022-06-08,256900,259500,250200,253200,76207,-0.014402491241728321
2022-06-09,250500,255100,248600,254700,75996,0.005924170616113722
2022-06-10,253000,259200,247300,257700,75050,0.011778563015312216
2022-06-13,249000,255600,246100,247100,82283,-0.041133100504462505
2022-06-14,240500,249400,240000,247800,80851,0.0028328611898016387
2022-06-15,247800,250000,236300,236800,76578,-0.04439063761097661
2022-06-16,240500,255900,240500,247800,88955,0.04645270270270263
2022-06-17,240400,253200,240400,252000,65071,0.016949152542372836
2022-06-20,254200,256500,245100,247500,87811,-0.017857142857142905
2022-06-21,249900,250500,233900,241300,120979,-0.0250505050505051
2022-06-22,244000,246000,231000,231000,93384,-0.042685453791960204
2022-06-23,228800,233400,219000,219800,122924,-0.048484848484848464
2022-06-24,220000,237500,219800,237000,93335,0.07825295723384906
2022-06-27,245600,246000,236400,239500,71820,0.010548523206751037
2022-06-28,237600,242000,235200,237300,33606,-0.009185803757828848
2022-06-29,231800,235000,224200,227300,78006,-0.0421407501053519
2022-06-30,225000,228000,205600,208100,191837,-0.08446986361636599
2022-07-01,208200,212000,203300,205500,104718,-0.012493993272465143
2022-07-04,203100,216500,201100,204200,106286,-0.006326034063260377
2022-07-05,204500,215800,204500,215800,105923,0.056807051909892214
2022-07-06,215800,217500,208900,209500,66280,-0.02919369786839665
2022-07-07,213700,215400,209100,214500,48671,0.023866348448687402
2022-07-08,217000,220800,216100,216100,51898,0.007459207459207473
2022-07-11,216800,225900,212600,220700,84470,0.021286441462285977
2022-07-12,215200,217700,210500,211500,54162,-0.041685545990031714
2022-07-13,210000,222500,210000,221700,61706,0.04822695035461
2022-07-14,224300,230400,221400,225700,93770,0.018042399639152107
2022-07-15,228800,229000,221100,222900,47010,-0.012405848471422232
2022-07-18,225800,226800,217000,223000,44225,0.00044863167339603827
2022-07-19,222800,228000,218900,226000,38236,0.013452914798206317
2022-07-20,230100,231700,226800,228500,41213,0.01106194690265494
2022-07-21,230500,230600,227700,228900,29770,0.0017505470459517891
2022-07-22,230800,241400,230500,234500,125282,0.024464831804281273
2022-07-25,234400,235200,231100,234100,33328,-0.0017057569296374808
2022-07-26,231800,233700,228200,232000,41977,-0.008970525416488684
2022-07-27,232000,232000,229400,231100,19559,-0.00387931034482758
2022-07-28,235100,239700,233100,237500,58644,0.0276936391172653
2022-07-29,239300,241200,234400,236100,47185,-0.005894736842105286
2022-08-01,237800,244000,235700,243200,61215,0.030072003388394775
2022-08-02,243500,244900,239200,240400,29150,-0.011513157894736836
2022-08-03,240400,248500,240200,247800,54834,0.030782029950083167
2022-08-04,249900,250200,246200,247200,41825,-0.002421307506053294
2022-08-05,247700,252400,246000,248000,46630,0.003236245954692629
2022-08-08,246600,250800,244200,249400,34834,0.005645161290322553
2022-08-09,249600,251000,247100,250700,45793,0.005212510024057648
2022-08-10,248100,255600,247900,251500,50283,0.0031910650179496347
2022-08-11,256300,258500,248500,253900,90128,0.009542743538767384
2022-08-12,254000,259400,251600,257200,76174,0.012997243009058579
2022-08-16,260000,260500,257000,258400,43738,0.004665629860031162
2022-08-17,256500,261800,256000,257000,49680,-0.005417956656346701
2022-08-18,254800,258300,252100,255000,35247,-0.0077821011673151474
2022-08-19,254200,254300,243500,243500,85061,-0.045098039215686225
2022-08-22,239500,242000,234100,235700,68723,-0.03203285420944557
2022-08-23,232100,235400,229000,231000,78255,-0.01994060246075524
2022-08-24,232400,233300,219500,222700,154011,-0.035930735930735924
2022-08-25,224000,224500,221000,224400,72613,0.007633587786259444
2022-08-26,226200,227000,221600,221600,64687,-0.012477718360071277
2022-08-29,210500,215200,210100,213500,57517,-0.036552346570397076
2022-08-30,213500,222900,213500,222700,67895,0.04309133489461359
2022-08-31,220200,227300,219100,227100,68324,0.019757521329142325
2022-09-01,224500,226000,218800,220200,59058,-0.0303830911492734
2022-09-02,221700,224000,219700,220000,36389,-0.0009082652134423386
2022-09-05,218700,220600,212200,213000,45599,-0.03181818181818186
2022-09-06,212900,218500,210000,214600,63867,0.007511737089201942
2022-09-07,213000,220800,211500,218500,54746,0.01817334575955276
2022-09-08,221400,226500,219500,222900,71273,0.020137299771167072
2022-09-13,227900,228300,223000,223500,54692,0.0026917900403768957
2022-09-14,213300,224000,213300,221400,59276,-0.00939597315436247
2022-09-15,222900,222900,218500,219100,32614,-0.010388437217705548
2022-09-16,217500,220000,214400,215000,48345,-0.018712916476494756
2022-09-19,213000,215000,208500,209800,48342,-0.024186046511627923
2022-09-20,210000,213300,207500,207900,40809,-0.009056244041944717
2022-09-21,205800,207000,202000,206200,62084,-0.008177008177008172
2022-09-22,202000,212100,201700,211900,45332,0.027643064985451105
2022-09-23,212200,212200,200000,200200,67816,-0.05521472392638038
2022-09-26,193100,197900,187000,188000,77147,-0.060939060939060985
2022-09-27,185900,196500,185900,196500,81316,0.04521276595744683
2022-09-28,193500,197900,185600,187000,56679,-0.04834605597964381
2022-09-29,191000,192500,182200,182300,48240,-0.025133689839572204
2022-09-30,178100,181800,173700,178300,56327,-0.021941854086670376
2022-10-04,178500,186500,178500,186500,46765,0.0459899046550758
2022-10-05,190500,192200,181700,183100,35372,-0.018230563002681
2022-10-06,184200,193000,184200,191800,36449,0.04751501911523759
2022-10-07,186800,196600,186200,191600,48804,-0.0010427528675703845
2022-10-11,185800,189800,185300,188400,31016,-0.01670146137787054
2022-10-12,188200,189500,183400,187000,37597,-0.007430997876857748
2022-10-13,185900,188200,184000,186700,38043,-0.0016042780748662944
2022-10-14,189400,190700,186900,188000,39259,0.006963042313872458
2022-10-17,184100,194400,184100,194100,42442,0.03244680851063819
2022-10-18,200000,203200,199000,202200,60774,0.04173106646058722
2022-10-19,202200,217000,201100,212000,114468,0.048466864490603445
2022-10-20,211000,213600,206900,207900,72980,-0.019339622641509457
2022-10-21,207200,211200,205500,209600,40999,0.008177008177008283
2022-10-24,215000,216000,211100,212200,40213,0.012404580152671763
2022-10-25,213700,217300,210300,214200,47823,0.009425070688030113
2022-10-26,214000,216600,213600,214200,28592,0.0
2022-10-27,215000,219900,215000,217800,58654,0.01680672268907557
2022-10-28,216100,221900,215600,216400,48711,-0.006427915518824601
2022-10-31,218000,220400,215100,218600,24103,0.010166358595194103
2022-11-01,218600,220800,218100,218600,32004,0.0
2022-11-02,218600,220700,213000,215200,46633,-0.015553522415370558
2022-11-03,208900,224000,208900,221100,72513,0.027416356877323356
2022-11-04,219800,242900,219600,236100,208718,0.0678426051560379
2022-11-07,238500,238700,228100,230600,79665,-0.02329521389241851
2022-11-08,230500,234500,221300,231700,82090,0.004770164787510911
2022-11-09,231700,240000,231000,238700,81768,0.030211480362537735
2022-11-10,234500,239400,231900,232700,51670,-0.025136154168412195
2022-11-11,242700,245000,236100,240000,111701,0.0313708637730985
2022-11-14,245000,255000,243600,245500,154433,0.022916666666666696
2022-11-15,248500,260000,243600,260000,286508,0.05906313645621175
2022-11-16,265000,267400,259700,260400,169874,0.0015384615384614886
2022-11-17,258900,260100,245500,246700,108834,-0.052611367127496145
2022-11-18,246800,250000,241000,242300,64045,-0.01783542764491286
2022-11-21,243100,244500,236400,237800,59117,-0.018572018159306647
2022-11-22,235200,235800,229000,229500,77884,-0.03490328006728338
2022-11-23,232500,237400,232300,235600,42071,0.026579520697167736
2022-11-24,240300,248000,239900,244700,58219,0.0386247877758914
2022-11-25,243600,247600,242100,245000,32997,0.001225991009399241
2022-11-28,245000,247500,240000,240400,41292,-0.018775510204081636
2022-11-29,239000,243800,238900,240800,46313,0.0016638935108153063
2022-11-30,241500,241600,236300,241000,33359,0.0008305647840531893
2022-12-01,246800,251000,244200,247200,63907,0.025726141078838083
2022-12-02,245400,247800,242000,244000,50322,-0.012944983818770184
2022-12-05,243900,248700,237000,238900,38282,-0.020901639344262257
2022-12-06,234800,238600,231000,234500,35039,-0.01841774801172036
2022-12-07,230300,241400,230200,237900,27052,0.014498933901919031
2022-12-08,237000,240000,235000,237800,43135,-0.00042034468263973945
2022-12-09,238000,240000,220100,224200,95008,-0.05719091673675358
2022-12-12,221900,232000,221900,230600,47293,0.028545941123996332
2022-12-13,230800,238000,230800,235000,48602,0.019080659150043422
2022-12-14,236000,243400,235400,243000,54199,0.03404255319148941
2022-12-15,242000,243500,238800,239200,33448,-0.0156378600823045
2022-12-16,235200,240600,235100,238900,55329,-0.0012541806020066604
2022-12-19,238800,241900,236100,239600,26789,0.0029300962745919534
2022-12-20,237500,241600,234000,235400,28068,-0.017529215358931594
2022-12-21,236500,238400,230400,231800,39781,-0.015293118096856406
2022-12-22,234900,239400,234300,238900,30724,0.030629853321829215
2022-12-23,233800,235300,228500,228900,44868,-0.04185851820845543
2022-12-26,228000,241300,227100,239000,47667,0.04412407164700749
2022-12-27,240800,243800,236900,240800,53930,0.007531380753138084
2022-12-28,238100,238100,212500,215000,135730,-0.1071428571428571
2022-12-29,215300,218600,211900,218300,70221,0.015348837209302246
2023-01-02,218300,225700,218000,218000,43270,-0.0013742556115436955
2023-01-03,216200,220000,214400,218400,29274,0.0018348623853210455
2023-01-04,212800,219000,205500,217000,41300,-0.0064102564102563875
2023-01-05,219200,221400,211000,212700,29952,-0.019815668202764924
2023-01-06,207900,215000,207000,213200,29935,0.002350728725905027
2023-01-09,217500,221400,215800,218200,33939,0.023452157598499168
2023-01-10,221700,224900,218500,219300,47226,0.005041246562786483
2023-01-11,220900,222500,219600,221600,27556,0.010487916096671324
2023-01-12,225000,225900,221000,221000,36305,-0.0027075812274368616
2023-01-13,221800,221800,215500,217100,58464,-0.01764705882352946
2023-01-16,218000,221500,217600,218000,30588,0.004145555043758575
2023-01-17,219100,219800,215400,215700,38445,-0.010550458715596345
2023-01-18,217000,219500,214400,216500,30796,0.0037088548910524377
2023-01-19,216100,216600,211800,212800,35542,-0.017090069284064646
2023-01-20,212000,215000,211400,214900,20850,0.009868421052631637
2023-01-25,219000,221500,216000,221500,58967,0.030711959050721216
2023-01-26,224000,238500,223000,236500,134436,0.06772009029345383
2023-01-27,240000,241000,233500,234000,55729,-0.010570824524312905
2023-01-30,238500,239500,233500,237500,62181,0.014957264957264904
2023-01-31,237500,239500,234000,238000,46496,0.002105263157894832
2023-02-01,240000,246000,237000,243500,71060,0.02310924369747891
2023-02-02,247000,250000,243000,246000,54296,0.010266940451745477
2023-02-03,247500,247500,239000,241500,40950,-0.018292682926829285
2023-02-06,239500,246000,237000,245500,59061,0.016563146997929712
2023-02-07,246000,251500,244000,247500,68659,0.008146639511201537
2023-02-08,250000,250000,240000,246000,63926,-0.0060606060606061
2023-02-09,243500,257000,243000,257000,135300,0.04471544715447151
2023-02-10,258000,259000,248500,250500,72835,-0.02529182879377434
2023-02-13,250500,251500,243000,245500,51619,-0.019960079840319334
2023-02-14,247000,248500,242000,246500,39699,0.004073319755600879
2023-02-15,251000,258000,248000,249500,132884,0.012170385395537497
2023-02-16,253500,258500,250000,257000,85831,0.03006012024048088
2023-02-17,253500,261000,245000,247000,90594,-0.03891050583657585
2023-02-20,250000,250000,242000,245500,55559,-0.006072874493927127
2023-02-21,248000,260000,244000,259500,128840,0.05702647657841142
2023-02-22,254000,257500,237000,241000,172084,-0.07129094412331405
2023-02-23,244000,244000,228000,233500,119480,-0.03112033195020747
2023-02-24,234000,240500,233500,235500,69426,0.008565310492505418
2023-02-27,230500,236000,228000,234000,61029,-0.006369426751592355
2023-02-28,236500,256500,236500,252000,235938,0.07692307692307687
2023-03-02,251000,254000,243000,244000,135603,-0.031746031746031744
2023-03-03,252000,277000,251000,266000,568315,0.0901639344262295
2023-03-06,275000,276000,262500,266000,259464,0.0
2023-03-07,267000,270000,254000,264000,226906,-0.007518796992481258
2023-03-08,258000,270000,255500,262000,149050,-0.007575757575757569
2023-03-09,260000,260500,237500,240000,257714,-0.08396946564885499
2023-03-10,234500,239500,232500,235500,119937,-0.018750000000000044
2023-03-13,235000,249500,234500,249500,146480,0.05944798301486198
2023-03-14,244000,244000,228000,230500,241322,-0.0761523046092184
2023-03-15,236500,237000,220500,226500,208964,-0.017353579175705014
2023-03-16,227000,233500,221500,230000,144254,0.015452538631346657
2023-03-17,236500,237000,223500,224500,134990,-0.023913043478260843
2023-03-20,221500,228500,218000,224500,99053,0.0
2023-03-21,229000,229000,223000,224500,104083,0.0
2023-03-22,228500,233500,226000,228500,143545,0.017817371937639104
2023-03-23,225000,236500,224500,230000,203053,0.006564551422319376
2023-03-24,233000,233000,223000,227500,132990,-0.010869565217391353
2023-03-27,233500,255500,233500,245500,458064,0.07912087912087906
2023-03-28,249500,250500,236000,241500,173756,-0.016293279022403295
2023-03-29,240500,253500,237000,250000,233255,0.035196687370600444
2023-03-30,255500,260000,245000,247000,316304,-0.01200000000000001
2023-03-31,247000,258000,243000,250000,171241,0.012145748987854255
2023-04-03,257500,260500,250000,253000,267309,0.01200000000000001
2023-04-04,253000,270000,248500,250000,351983,-0.011857707509881465
2023-04-05,252500,254000,245500,253000,151553,0.01200000000000001
2023-04-06,249500,258000,247500,253500,133855,0.0019762845849802257
2023-04-07,257000,282500,253000,278500,524644,0.09861932938856022
2023-04-10,278500,299500,274500,281500,624673,0.010771992818671361
2023-04-11,290500,292000,269000,281500,329102,0.0
2023-04-12,279500,283000,264000,264000,289994,-0.06216696269982236
2023-04-13,260000,267000,255000,261000,220982,-0.011363636363636354
2023-04-14,266500,267000,258000,262000,152642,0.003831417624521105
2023-04-17,261000,261000,252000,255000,204511,-0.026717557251908386
2023-04-18,255500,257000,246000,252000,201392,-0.0117647058823529
2023-04-19,252000,254000,247000,247500,147582,-0.017857142857142905
2023-04-20,246500,247500,236500,237000,191548,-0.042424242424242475
2023-04-21,235500,240500,231500,236500,114785,-0.002109704641350185
2023-04-24,237000,239000,228000,229000,127135,-0.031712473572938715
2023-04-25,219500,223000,191200,195000,717566,-0.14847161572052403
2023-04-26,190400,192900,180100,182000,490853,-0.06666666666666665
2023-04-27,180000,194500,180000,194200,296300,0.06703296703296702
2023-04-28,195000,199700,191900,193700,185297,-0.002574665293511802
2023-05-02,194200,197800,193700,196400,98578,0.013939081053174984
2023-05-03,194400,195000,189800,191700,106924,-0.02393075356415475
2023-05-04,190700,192700,188100,190800,62919,-0.0046948356807511304
2023-05-08,195000,195000,189400,190600,64323,-0.0010482180293500676
2023-05-09,191100,191400,185300,188200,62594,-0.012591815320041944
2023-05-10,187000,189700,184900,186000,47703,-0.011689691817215686
2023-05-11,185900,189900,184200,186700,72696,0.0037634408602149616
2023-05-12,184500,187800,184400,185400,61686,-0.0069630423138725694
2023-05-15,184000,184200,179800,184000,80725,-0.007551240560949246
2023-05-16,185000,187800,183300,184700,65115,0.0038043478260869623
2023-05-17,183500,188000,182800,187300,47426,0.014076881429344823
2023-05-18,188400,189100,183000,185800,53151,-0.008008542445274935
2023-05-19,186000,186900,183400,185400,53037,-0.0021528525296017342
2023-05-22,185700,186700,182600,186700,54133,0.007011866235167252
2023-05-23,188700,192000,187200,190200,89371,0.018746652383502926
2023-05-24,189400,190400,187000,190000,73648,-0.001051524710830698
2023-05-25,190200,190700,185800,186100,52331,-0.020526315789473726
2023-05-26,186700,188000,183800,184200,55046,-0.010209564750134348
2023-05-30,184500,189800,184300,189500,55387,0.028773072747014128
2023-05-31,190000,191700,188300,189800,61292,0.0015831134564643357
2023-06-01,190000,190900,187800,188100,41209,-0.008956796628029506
2023-06-02,188100,190900,188100,189300,46115,0.006379585326953707
2023-06-05,193300,201500,193100,200000,226704,0.05652403592181732
2023-06-07,202500,205500,200500,203000,143094,0.014999999999999902
2023-06-08,204500,204500,200000,203000,100661,0.0
2023-06-09,205500,205500,198000,200500,110015,-0.012315270935960632
2023-06-12,202000,206000,200500,204500,103814,0.01995012468827939
2023-06-13,206500,208000,203000,205500,92711,0.004889975550122161
2023-06-14,206000,206000,195500,196100,116854,-0.04574209245742089
2023-06-15,198000,201000,193400,197000,77734,0.004589495155532974
2023-06-16,200000,201000,195500,200500,74796,0.017766497461928932
2023-06-19,200500,201000,197200,199900,53486,-0.0029925187032419087
2023-06-20,199900,199900,195700,196000,55240,-0.019509754877438668
2023-06-21,198500,198900,192000,193900,43630,-0.010714285714285676
2023-06-22,190500,196500,190500,195700,36062,0.009283135636926287
2023-06-23,195400,196500,192300,194400,46079,-0.006642820643842584
2023-06-26,194400,194900,191100,191600,27731,-0.014403292181069949
2023-06-27,190100,193400,188000,192300,41119,0.0036534446764091566
2023-06-28,193100,194000,187900,189900,62999,-0.012480499219968744
2023-06-29,189900,192600,187500,188600,34718,-0.006845708267509187
2023-06-30,189100,193000,186100,192600,49511,0.021208907741251393
2023-07-03,191100,197300,191100,195100,58097,0.012980269989615767
2023-07-04,195700,195800,191600,192100,72100,-0.015376729882111695
2023-07-05,191600,196900,191100,194600,64035,0.013014055179593864
2023-07-06,193200,193700,184200,184300,120614,-0.052929085303186074
2023-07-07,184300,189700,181500,186400,50306,0.011394465545306653
2023-07-10,185700,187300,181200,185400,61794,-0.005364806866952843
2023-07-11,185400,188300,184500,188100,42555,0.014563106796116498
2023-07-12,188100,190300,185600,188700,51915,0.0031897926634769647
2023-07-13,190500,192000,186200,187000,74491,-0.009009009009009028
2023-07-14,188000,188100,184100,186700,62797,-0.0016042780748662944
2023-07-17,185700,189600,184100,188800,50819,0.0112479914301018
2023-07-18,189900,197900,187300,196800,169645,0.04237288135593231
2023-07-19,198700,199000,193200,197300,120872,0.0025406504065039748
2023-07-20,197900,204000,195000,198100,167913,0.0040547389761784736
2023-07-21,194900,199500,192500,198000,84125,-0.0005047955577991425
2023-07-24,198300,208500,198300,205000,212251,0.03535353535353525
2023-07-25,209000,209500,200000,202500,139003,-0.012195121951219523
2023-07-26,200500,207500,190100,191000,313285,-0.05679012345679013
2023-07-27,189300,193300,178800,180600,187648,-0.0544502617801047
2023-07-28,178100,183800,175200,182300,81763,0.009413067552602516
2023-07-31,182800,191000,182600,190500,90240,0.0449808008776742
2023-08-01,189800,193600,187300,189600,76705,-0.0047244094488189115
2023-08-02,189000,189600,180200,182000,88911,-0.04008438818565396
2023-08-03,181000,183500,179000,183500,43802,0.008241758241758212
2023-08-04,183500,183700,178100,178800,70653,-0.025613079019073615
2023-08-07,177300,177300,165100,167200,168473,-0.06487695749440714
2023-08-08,167300,168100,160200,162400,162684,-0.028708133971291905
2023-08-09,160500,171700,160500,171700,98237,0.05726600985221686
2023-08-10,170000,175000,168000,175000,65245,0.01921956901572508
2023-08-11,176000,176000,168500,168900,50570,-0.03485714285714281
2023-08-14,168900,170000,165000,168300,38640,-0.003552397868561319
2023-08-16,163000,163900,136700,138400,330557,-0.1776589423648247
2023-08-17,138100,148500,138100,147900,176405,0.06864161849710992
2023-08-18,146400,147400,142400,144700,49785,-0.021636240703177823
2023-08-21,146200,146700,142300,143000,56809,-0.011748445058742174
2023-08-22,143100,145000,141100,141400,50642,-0.01118881118881121
2023-08-23,141100,141300,138100,139800,42722,-0.011315417256011262
2023-08-24,139800,142100,137800,140400,37764,0.0042918454935623185
2023-08-25,138500,145100,137300,144600,60623,0.029914529914529808
2023-08-28,148000,152400,144800,151800,93669,0.049792531120331995
2023-08-29,152200,155500,150000,153500,83900,0.011198945981554687
2023-08-30,155900,155900,151800,152600,45249,-0.005863192182410382
2023-08-31,151900,155500,149100,150600,55801,-0.013106159895150737
2023-09-01,150100,151700,147600,148700,57355,-0.012616201859229736
2023-09-04,147200,152200,147200,152000,37887,0.02219233355749828
2023-09-05,151900,153200,148200,150200,55728,-0.011842105263157876
2023-09-06,150200,151000,147500,148100,37545,-0.013981358189081194
2023-09-07,148100,148800,144500,145700,43621,-0.01620526671168132
2023-09-08,143600,148000,143600,145900,32370,0.0013726835964309458
2023-09-11,145700,146500,140300,142700,40662,-0.02193283070596297
2023-09-12,144300,147900,140700,144200,42503,0.010511562718990897
2023-09-13,143700,144200,138700,140000,61606,-0.029126213592232997
2023-09-14,142000,144800,141000,143900,53892,0.027857142857142803
2023-09-15,143000,146700,143000,144400,47837,0.0034746351633079264
2023-09-18,143600,146100,142500,142600,35777,-0.012465373961218829
2023-09-19,142200,144900,139600,139600,35118,-0.02103786816269282
2023-09-20,139600,140900,136800,139800,42129,0.0014326647564470996
2023-09-21,138100,139500,131500,132800,66784,-0.05007153075822601
2023-09-22,130300,133300,129600,132500,55765,-0.0022590361445783413
2023-09-25,129800,133900,129400,129700,46181,-0.021132075471698153
2023-09-26,129500,131600,127000,127900,38494,-0.013878180416345365
2023-09-27,124400,131800,124400,130900,28662,0.023455824863174435
2023-10-04,130200,130200,118100,119800,85823,-0.0847975553857907
2023-10-05,121000,124300,119300,119500,74539,-0.0025041736227044975
2023-10-06,119400,123100,119400,120400,36776,0.007531380753138084
2023-10-10,120400,122600,116200,116300,59843,-0.03405315614617943
2023-10-11,117200,121500,117200,119400,43467,0.02665520206362859
2023-10-12,119500,124300,119400,123900,65335,0.03768844221105527
2023-10-13,123900,123900,119100,120500,38324,-0.027441485068603666
2023-10-16,118400,119800,116500,118900,33368,-0.01327800829875514
2023-10-17,119300,122400,119300,120700,28943,0.015138772077375906
2023-10-18,119100,121000,118100,118300,19696,-0.01988400994200501
2023-10-19,116300,116400,112000,112700,57525,-0.047337278106508895
2023-10-20,110000,111600,102500,107100,116401,-0.0496894409937888
2023-10-23,105000,111200,105000,109000,48745,0.017740429505135324
2023-10-24,109400,111500,103500,111400,71031,0.022018348623853212
2023-10-25,110600,111200,103500,103700,51014,-0.06912028725314179
2023-10-26,99000,101100,97500,98000,73733,-0.05496624879459977
2023-10-27,98000,102900,98000,101100,60360,0.031632653061224536
2023-10-30,100000,102800,100000,101500,24389,0.003956478733926794
2023-10-31,101800,102500,97900,98800,32491,-0.026600985221674867
2023-11-01,98900,100500,96200,97100,46284,-0.01720647773279349
2023-11-02,98400,101300,98400,101100,45242,0.0411946446961895
2023-11-03,102800,103300,99100,102200,42253,0.010880316518298683
2023-11-06,106700,114000,104800,112500,153628,0.10078277886497067
2023-11-07,112200,112500,102600,103900,67539,-0.07644444444444443
2023-11-08,104800,107100,103700,105400,41711,0.014436958614052031
2023-11-09,106300,106800,101200,103000,33359,-0.022770398481973486
2023-11-10,100500,101900,99400,99800,28498,-0.031067961165048508
2023-11-13,99700,101100,96700,98400,34707,-0.014028056112224463
2023-11-14,98800,100700,98200,98500,32117,0.00101626016260159
2023-11-15,101400,103000,100000,101000,41370,0.025380710659898442
2023-11-16,101300,102800,99600,102200,27391,0.011881188118811892
2023-11-17,102200,102200,99200,102000,20113,-0.00195694716242667
2023-11-20,100600,103100,100600,102900,40829,0.008823529411764675
2023-11-21,104000,104000,100800,103400,32762,0.004859086491739495
2023-11-22,103400,103500,101500,103300,20393,-0.0009671179883945502
2023-11-23,105900,105900,103300,105200,30680,0.018393030009680622
2023-11-24,103500,106300,103500,105100,23776,-0.0009505703422053591
2023-11-27,105100,106100,104200,104200,16930,-0.008563273073263544
2023-11-28,104300,106000,103900,104100,21107,-0.0009596928982725794
2023-11-29,105000,109200,103500,108400,56632,0.04130643611911622
2023-11-30,108400,109200,105500,107800,52530,-0.005535055350553542
2023-12-01,108400,108400,104000,104900,39381,-0.026901669758812585
2023-12-04,108500,115000,107000,113500,144450,0.08198284080076257
2023-12-05,113500,116000,109300,111300,73067,-0.01938325991189427
2023-12-06,114000,126100,112500,123600,201006,0.11051212938005395
2023-12-07,125800,132100,119200,130000,206831,0.05177993527508096
2023-12-08,131000,137900,128700,131500,157727,0.011538461538461497
2023-12-11,132000,132900,125100,125200,95603,-0.04790874524714828
2023-12-12,124000,127800,117800,118300,122080,-0.055111821086262
2023-12-13,117900,118500,114300,116000,59388,-0.019442096365173245
2023-12-14,117200,120000,115000,118500,88189,0.02155172413793105
2023-12-15,119500,121800,115300,117100,122242,-0.01181434599156117
2023-12-18,118300,120000,115400,116600,51146,-0.004269854824935915
2023-12-19,115700,116600,114300,116200,39367,-0.0034305317324184736
2023-12-20,116800,119200,116200,117900,46229,0.014629948364888179
2023-12-21,116500,118800,112600,112700,92893,-0.04410517387616619
2023-12-22,113300,114400,111900,111900,35122,-0.00709849157054121
2023-12-26,111700,112000,108300,108600,41005,-0.029490616621983934
2023-12-27,107900,110700,107500,109400,40378,0.007366482504604033
2023-12-28,109400,110600,108600,110200,28606,0.007312614259597838
2024-01-02,109200,111000,108300,109700,34918,-0.00453720508166966
2024-01-03,108500,109100,104200,104800,80525,-0.04466727438468554
2024-01-04,104000,105400,102500,103600,45554,-0.011450381679389277
2024-01-05,103100,107600,102500,105900,66524,0.022200772200772212
2024-01-08,105900,105900,103100,104300,39995,-0.01510859301227574
2024-01-09,105000,105700,103400,103600,29053,-0.006711409395973145
2024-01-10,103300,103800,100600,101500,43671,-0.020270270270270285
2024-01-11,101400,102000,100000,100000,44026,-0.014778325123152691
2024-01-12,100000,100800,98100,99000,49986,-0.010000000000000009
2024-01-15,99400,99500,97500,97600,34021,-0.014141414141414121
2024-01-16,96500,99400,96500,97500,32071,-0.0010245901639344135
2024-01-17,98400,98800,95300,95900,41277,-0.016410256410256396
2024-01-18,95900,97200,94400,94800,29672,-0.01147028154327423
2024-01-19,95500,97500,94300,94500,33193,-0.0031645569620253333
2024-01-22,94200,95300,92300,92300,45993,-0.023280423280423235
2024-01-23,93000,94300,91100,91700,40989,-0.00650054171180936
2024-01-24,91700,92200,90100,91000,26242,-0.007633587786259555
2024-01-25,90000,90100,84000,86200,87074,-0.05274725274725278
2024-01-26,84300,89300,84300,89100,50858,0.033642691415313175
2024-01-29,89500,89600,86800,87700,23929,-0.015712682379349086
2024-01-30,88000,89300,85400,85400,34479,-0.026225769669327215
2024-01-31,85000,86200,82800,83200,34487,-0.025761124121779888
2024-02-01,82100,83900,81000,83800,45681,0.007211538461538547
2024-02-02,84500,86100,83300,85200,28857,0.01670644391408116
2024-02-05,84300,85800,84000,85000,16668,-0.0023474178403756207
2024-02-06,84000,85800,83600,84800,24592,-0.0023529411764705577
2024-02-07,85700,91700,85700,86600,78538,0.021226415094339535
2024-02-08,87800,95000,86800,95000,45344,0.0969976905311778
2024-02-13,92100,93900,88300,88700,63029,-0.06631578947368422
2024-02-14,87200,88300,85900,87300,45492,-0.015783540022547893
2024-02-15,88400,89700,87600,89300,47716,0.02290950744558984
2024-02-16,90500,91700,89900,90700,45766,0.015677491601343796
2024-02-19,90700,90700,88500,89500,42839,-0.013230429988974612
2024-02-20,89400,92000,88000,91500,44183,0.022346368715083775
2024-02-21,90800,99800,90000,95600,164733,0.04480874316939887
2024-02-22,96500,98800,95100,97700,102695,0.021966527196652708
2024-02-23,96800,97700,94600,96100,53714,-0.016376663254861867
2024-02-26,95100,96900,94500,96400,28578,0.003121748178980255
2024-02-27,97600,97600,91000,91600,54101,-0.049792531120331995
2024-02-28,92200,94100,90100,91800,25620,0.0021834061135370675
2024-02-29,90900,92500,90300,90300,39825,-0.016339869281045805
2024-03-04,90900,93300,90900,91900,29504,0.017718715393133966
2024-03-05,90700,92100,89400,90500,29108,-0.015233949945593017
2024-03-06,89300,92300,88000,89000,36569,-0.016574585635359074
2024-03-07,89000,91500,87600,89600,44032,0.006741573033707926
2024-03-08,89600,91000,87600,88300,37176,-0.014508928571428603
2024-03-11,87300,88800,86800,87400,36769,-0.010192525481313663
2024-03-12,87400,91000,87400,90700,52749,0.03775743707093815
2024-03-13,90600,91300,87600,87900,58152,-0.030871003307607503
2024-03-14,88100,91500,87900,90000,77976,0.023890784982935065
2024-03-15,89100,89200,86200,86400,63835,-0.040000000000000036
2024-03-18,86700,92500,86700,92200,88022,0.06712962962962954
2024-03-19,92200,92200,89000,90500,40395,-0.018438177874186557
2024-03-20,90700,91400,89400,89600,29712,-0.009944751381215422
2024-03-21,90800,91400,89900,90200,30304,0.006696428571428603
2024-03-22,90200,90600,89000,90400,20499,0.0022172949002217113
2024-03-25,89900,90700,88800,89100,30483,-0.014380530973451378
2024-03-26,89100,90400,88000,88100,37654,-0.011223344556677839
2024-03-27,88000,89400,87500,88100,33489,0.0
2024-03-28,88300,89500,87800,87800,27739,-0.0034052213393870323
2024-03-29,88600,88600,86700,86900,26889,-0.01025056947608205
2024-04-01,86600,88400,86500,88200,27280,0.014959723820483273
2024-04-02,87700,88200,85200,85200,49445,-0.03401360544217691
2024-04-03,85000,85100,83100,83100,34586,-0.02464788732394363
2024-04-04,83700,84800,82500,83500,24902,0.004813477737665384
2024-04-05,82000,83900,81600,82600,31236,-0.010778443113772407
2024-04-08,82500,82500,78600,80900,51723,-0.020581113801452777
2024-04-09,80400,82300,80400,81200,38658,0.003708281829418958
2024-04-11,80900,82100,79300,79400,45269,-0.022167487684729092
2024-04-12,79400,80300,77400,77400,39362,-0.02518891687657432
2024-04-15,76500,77300,75500,75600,29015,-0.023255813953488413
2024-04-16,75000,76000,73100,73300,28608,-0.030423280423280463
2024-04-17,73000,74200,71600,72100,28920,-0.016371077762619368
2024-04-18,72100,73700,71600,73100,19779,0.01386962552011095
2024-04-19,72400,72800,71200,71700,24849,-0.019151846785225746
2024-04-22,71700,73100,71700,73100,23899,0.019525801952580135
2024-04-23,72300,73200,72000,72400,17992,-0.009575923392612817
2024-04-24,74100,75700,72700,75200,28000,0.03867403314917128
2024-04-25,75200,75200,73000,73000,17434,-0.0292553191489362
2024-04-26,73100,73700,72200,72700,14129,-0.004109589041095929
2024-04-29,72700,76300,72700,76300,31646,0.049518569463548934
2024-04-30,77800,78000,76300,77700,31536,0.0183486238532109
2024-05-02,77700,78700,76400,76900,18692,-0.01029601029601035
2024-05-03,77100,78900,76800,78400,20857,0.01950585175552666
2024-05-07,79000,79100,77300,78600,22766,0.0025510204081633514
2024-05-08,77100,79100,77100,78000,29653,-0.007633587786259555
2024-05-09,77800,78400,76800,76900,22587,-0.014102564102564052
2024-05-10,77000,78500,76700,78100,23338,0.015604681404421283
2024-05-13,78400,78400,75600,76100,30882,-0.025608194622279146
2024-05-14,76100,79100,76100,79100,36003,0.03942181340341655
2024-05-16,80000,80000,77500,77800,20645,-0.01643489254108721
2024-05-17,78500,79000,76500,76500,26022,-0.016709511568123392
2024-05-20,76900,77600,75100,76700,20708,0.002614379084967311
2024-05-21,76900,77200,74500,75000,22267,-0.022164276401564487
2024-05-22,76000,76000,74300,74400,19587,-0.008000000000000007
2024-05-23,74300,76300,72700,75900,22589,0.02016129032258074
2024-05-24,74600,75400,72500,72700,36353,-0.04216073781291174
2024-05-27,72700,75600,72300,75400,30298,0.037138927097661645
2024-05-28,74400,76000,73600,73700,17833,-0.022546419098143256
2024-05-29,73000,73600,71500,71600,28256,-0.028493894165535938
2024-05-30,72000,72100,71100,71700,16908,0.0013966480446927498
2024-05-31,71800,74800,71800,73500,31353,0.025104602510460206
2024-06-03,72700,75100,72300,72700,15192,-0.010884353741496544
2024-06-04,72600,74600,72200,73600,22518,0.012379642365887289
2024-06-05,73600,77000,73100,76600,54307,0.040760869565217295
2024-06-07,77300,77400,75400,76000,21258,-0.007832898172323799
2024-06-10,76000,76300,74600,75000,21490,-0.013157894736842146
2024-06-11,74700,81200,74600,79100,104506,0.05466666666666664
2024-06-12,79100,82200,77800,78000,66521,-0.013906447534766109
2024-06-13,79300,79700,76800,77600,65966,-0.00512820512820511
2024-06-14,78000,79700,75500,78400,50956,0.010309278350515427
2024-06-17,77500,77700,75300,77400,38505,-0.012755102040816313
2024-06-18,77200,78000,73000,74400,57507,-0.03875968992248058
2024-06-19,74400,75500,73500,74200,24272,-0.0026881720430107503
2024-06-20,73900,75500,73700,74000,14334,-0.0026954177897574594
2024-06-21,73300,74700,72700,72700,23794,-0.01756756756756761
2024-06-24,72200,72900,71400,71700,19475,-0.01375515818431916
2024-06-25,71400,72500,71000,71200,18383,-0.006973500697350032
2024-06-26,73100,73200,71600,72400,21173,0.016853932584269593
2024-06-27,73100,73600,72000,72300,19799,-0.0013812154696132284
2024-06-28,71300,72700,71100,71800,22184,-0.006915629322268302
2024-07-01,71800,74200,71000,73600,26063,0.025069637883008422
2024-07-02,73800,74000,71500,71700,14578,-0.025815217391304324
2024-07-03,72400,74400,72200,73500,31917,0.025104602510460206
2024-07-04,73900,79000,73700,78800,127876,0.07210884353741487
2024-07-05,78200,78200,76400,77200,37672,-0.02030456852791873
2024-07-08,77200,81500,76400,78100,82140,0.011658031088082943
2024-07-09,78300,80900,77400,80000,53399,0.02432778489116516
2024-07-10,79800,80200,76600,77000,37318,-0.03749999999999998
2024-07-11,77900,78500,75100,75200,72176,-0.023376623376623384
2024-07-12,75200,75900,74000,74200,43099,-0.013297872340425565
2024-07-15,74200,74300,72000,72000,37435,-0.029649595687331498
2024-07-16,71700,72600,70000,70000,52620,-0.02777777777777779
2024-07-17,69700,72000,67600,67600,61245,-0.03428571428571425
2024-07-18,67600,69200,66100,69100,31340,0.022189349112426093
2024-07-19,69100,70500,68500,69900,22755,0.011577424023154759
2024-07-22,69300,69800,65700,65700,35137,-0.06008583690987124
2024-07-23,65700,66800,63900,64000,28925,-0.025875190258751957
2024-07-24,64000,65500,62500,62500,20300,-0.0234375
2024-07-25,61300,63800,60600,62800,20742,0.0047999999999999154
2024-07-26,62800,64200,61800,63500,16738,0.011146496815286566
2024-07-29,63500,64100,62900,63200,15791,-0.0047244094488189115
2024-07-30,62500,63500,61400,61700,13716,-0.02373417721518989
2024-07-31,61200,62200,60700,62000,13397,0.004862236628849326
2024-08-01,61600,62900,61500,62700,14450,0.011290322580645107
2024-08-02,62300,63000,60900,61400,31785,-0.020733652312599715
2024-08-05,60600,60800,49000,50400,99184,-0.17915309446254069
2024-08-06,50500,56300,50300,55600,52060,0.10317460317460325
2024-08-07,54000,56200,53500,54100,28304,-0.026978417266187105
2024-08-08,52500,55100,52200,52900,36137,-0.02218114602587795
2024-08-09,53700,55300,53000,53700,17543,0.01512287334593565
2024-08-12,52800,58000,52700,54200,33719,0.009310986964618184
2024-08-13,54600,59500,54100,57100,46210,0.053505535055350606
2024-08-14,58400,59500,57600,58700,24313,0.028021015761821255
2024-08-16,60200,60300,57300,58000,16486,-0.011925042589437829
2024-08-19,57500,59300,56400,57000,12880,-0.017241379310344862
2024-08-20,57000,59300,57000,58900,17620,0.03333333333333344
2024-08-21,58100,60700,57900,59600,18491,0.011884550084889645
2024-08-22,60000,61200,59600,60400,14850,0.01342281879194629
2024-08-23,59500,60300,58200,59000,14894,-0.023178807947019875
2024-08-26,59400,61200,59100,59200,10391,0.003389830508474523
2024-08-27,59100,61400,58300,59700,28343,0.008445945945946054
2024-08-28,58900,59700,57600,58600,17286,-0.018425460636515956
2024-08-29,57500,60600,57400,59500,19177,0.015358361774743923
2024-08-30,59500,60400,58700,59800,13217,0.005042016806722671
2024-09-02,59200,62100,59000,60800,34792,0.01672240802675584
2024-09-03,61000,62500,59900,61300,25780,0.008223684210526327
2024-09-04,60900,60900,58100,58700,19726,-0.04241435562805873
2024-09-05,58700,60300,58000,58700,16526,0.0
2024-09-06,59700,59700,55000,55300,23647,-0.05792163543441231
2024-09-09,54000,55500,53700,55100,12176,-0.003616636528028905
2024-09-10,55100,55400,52100,52300,26969,-0.05081669691470059
2024-09-11,52400,55400,52300,54000,29255,0.03250478011472269
2024-09-12,54000,55700,53100,55000,48649,0.0185185185185186
2024-09-13,54500,54900,53000,54500,19045,-0.009090909090909038
2024-09-19,55100,55700,53000,55100,19356,0.011009174311926495
2024-09-20,55200,55800,53100,53100,41354,-0.0362976406533575
2024-09-23,53100,54200,52200,53700,19604,0.011299435028248483
2024-09-24,53700,57200,53700,57200,46065,0.06517690875232773
2024-09-25,58500,58500,56200,57100,25165,-0.0017482517482517723
2024-09-26,57100,60400,57000,60000,28657,0.05078809106830118
2024-09-27,60000,61300,59000,61200,31558,0.020000000000000018
2024-09-30,61200,62000,60100,60400,24663,-0.013071895424836555
2024-10-02,60000,64500,58700,63100,50515,0.04470198675496695
2024-10-04,62200,63900,61100,62300,38197,-0.01267828843106178
2024-10-07,62700,65500,62300,65300,42212,0.04815409309791341
2024-10-08,65100,65700,63500,64500,24671,-0.01225114854517606
2024-10-10,65300,65400,62600,63800,47898,-0.010852713178294615
2024-10-11,63700,64700,61200,62000,36023,-0.028213166144200663
2024-10-14,61600,61700,60300,60500,17025,-0.024193548387096753
2024-10-15,61500,62100,58200,58500,31337,-0.03305785123966942
2024-10-16,59000,59000,57500,57500,14086,-0.017094017094017144
2024-10-17,58000,58400,57000,57500,13478,0.0
2024-10-18,57500,57900,55100,55800,20896,-0.029565217391304355
2024-10-21,55800,57200,55300,56200,9984,0.007168458781362075
2024-10-22,56200,57100,53000,53000,21408,-0.05693950177935947
2024-10-23,53500,55300,52300,54800,18726,0.03396226415094339
2024-10-24,55400,55800,53300,53600,14387,-0.021897810218978075
2024-10-25,54600,55600,52800,53500,15906,-0.001865671641791078
2024-10-28,53000,55900,53000,55700,19719,0.04112149532710285
2024-10-29,54800,55700,54200,55700,16024,0.0
2024-10-30,55100,56000,54600,54600,8470,-0.019748653500897717
2024-10-31,54600,55800,53100,55700,13249,0.020146520146520075
2024-11-01,54300,55700,53800,54300,8334,-0.025134649910233398
2024-11-04,55000,56700,53500,56700,25293,0.04419889502762442
2024-11-05,56000,57900,55600,56400,11068,-0.005291005291005346
2024-11-06,56600,57500,53800,54200,29306,-0.03900709219858156
2024-11-07,54200,54600,49000,50700,71204,-0.06457564575645758
2024-11-08,52300,53100,50200,50200,31634,-0.009861932938856066
2024-11-11,50200,50800,47400,47550,43701,-0.0527888446215139
2024-11-12,47750,48400,46000,46800,35898,-0.01577287066246058
2024-11-13,46100,46700,44500,44950,32552,-0.0395299145299145
2024-11-14,44850,45150,38450,38500,156077,-0.14349276974416014
2024-11-15,37550,38300,35500,36900,90001,-0.04155844155844157
2024-11-18,37450,40400,37300,40350,55753,0.0934959349593496
2024-11-19,40350,42600,39100,42350,40203,0.049566294919454856
2024-11-20,42700,42850,40900,41350,40106,-0.023612750885478206
2024-11-21,41950,43250,41200,42400,29972,0.025392986698911768
2024-11-22,43200,44650,42300,43000,42853,0.014150943396226356
2024-11-25,42600,44200,41400,42250,120604,-0.01744186046511631
2024-11-26,42900,44450,42500,43000,40139,0.01775147928994092
2024-11-27,43850,43850,42050,42050,25554,-0.02209302325581397
2024-11-28,42850,43500,42050,43300,24847,0.029726516052318575
2024-11-29,42950,43200,41100,41150,22761,-0.049653579676674386
2024-12-02,41700,43550,41700,42800,38090,0.04009720534629402
2024-12-03,42700,44300,41950,43450,21886,0.015186915887850372
2024-12-04,41400,43250,41400,42600,21935,-0.019562715765247374
2024-12-05,42150,42500,40000,40100,25488,-0.05868544600938963
2024-12-06,40500,41100,39200,40600,30905,0.012468827930174564
2024-12-09,40600,40750,37800,37900,33065,-0.06650246305418717
2024-12-10,37450,40250,37450,39800,23562,0.05013192612137196
2024-12-11,39450,42100,39400,42100,40127,0.057788944723618174
2024-12-12,42100,42550,40200,41250,50624,-0.020190023752969077
2024-12-13,41700,41900,39500,39500,62369,-0.042424242424242475
2024-12-16,40200,41500,39950,39950,41435,0.0113924050632912
2024-12-17,40050,40600,38100,38400,51226,-0.038798498122653347
2024-12-18,38600,40200,38350,40100,28372,0.04427083333333326
2024-12-19,39700,39700,38450,38800,19906,-0.032418952618453845
2024-12-20,38700,38800,37000,37000,35529,-0.046391752577319534
2024-12-23,36750,38450,36750,38300,28571,0.03513513513513522
2024-12-24,38000,38800,37300,37450,25753,-0.022193211488250708
2024-12-26,37300,37750,36500,36950,18053,-0.013351134846461998
2024-12-27,36400,36950,36050,36350,17628,-0.016238159675236785
2024-12-30,36350,37300,35800,36350,11803,0.0
2025-01-02,36350,36500,35400,36050,19381,-0.008253094910591452
2025-01-03,36050,38350,36050,37600,39354,0.04299583911234395
2025-01-06,37700,39800,37700,39100,35754,0.039893617021276695
2025-01-07,39000,39850,38500,38800,25136,-0.007672634271099765
2025-01-08,38500,40000,38500,39750,38592,0.02448453608247414
2025-01-09,39450,40150,39250,39550,42019,-0.005031446540880502
2025-01-10,39500,39550,38850,39000,16548,-0.013906447534766109
2025-01-13,38800,39550,38650,38650,25800,-0.008974358974358942
2025-01-14,38500,40150,38300,39950,26887,0.03363518758085382
2025-01-15,40200,40500,38800,39300,21652,-0.016270337922402955
2025-01-16,39700,40500,39450,39650,18655,0.008905852417302906
2025-01-17,39500,39900,38650,38900,36381,-0.018915510718789386
2025-01-20,39050,40800,39050,40550,41205,0.0424164524421593
2025-01-21,40900,40900,37650,38350,49031,-0.054254007398273685
2025-01-22,38600,39650,38250,39150,39679,0.020860495436766602
2025-01-23,38800,38800,37700,37850,21962,-0.033205619412515985
2025-01-24,38100,38300,37150,37500,16754,-0.009247027741083214
2025-01-31,37500,37700,36350,36950,23386,-0.014666666666666717
2025-02-03,36550,36550,34350,34800,45766,-0.05818673883626524
2025-02-04,36050,36150,34700,34800,24789,0.0
2025-02-05,35100,39600,35100,37550,101128,0.07902298850574718
2025-02-06,37550,37900,36750,37650,31592,0.0026631158455392434
2025-02-07,37700,39450,37000,38300,48851,0.01726427622841964
2025-02-10,37600,39300,36550,38950,34792,0.016971279373368064
2025-02-11,38900,39650,38350,38650,34362,-0.007702182284980763
2025-02-12,38350,39100,37850,38100,32555,-0.014230271668822736
2025-02-13,38550,39550,38450,39500,62217,0.036745406824147064
2025-02-14,39600,41350,38350,39150,63089,-0.008860759493670933
2025-02-17,39150,41000,38500,40100,57626,0.024265644955300036
2025-02-18,40350,40400,39250,39550,27743,-0.013715710723191998
2025-02-19,39350,41450,39350,41150,61763,0.04045512010113783
2025-02-20,41150,41800,40350,40550,40862,-0.014580801944106936
2025-02-21,41100,41300,40100,41000,49349,0.011097410604192337
2025-02-24,41000,42150,39950,41800,49208,0.019512195121951237
2025-02-25,41500,42000,39800,40000,39284,-0.0430622009569378
2025-02-26,39650,41750,39450,41500,45097,0.03750000000000009
2025-02-27,41850,41850,40550,40900,32848,-0.014457831325301207
2025-02-28,40400,40400,38500,38550,47074,-0.057457212713936445
2025-03-04,38650,38650,36450,36700,57195,-0.0479896238651103
2025-03-05,37050,38700,37050,38250,31307,0.04223433242506802
2025-03-06,38900,39400,37550,37600,26002,-0.016993464052287632
2025-03-07,36900,38350,36900,37900,20546,0.007978723404255428
2025-03-10,37900,39000,36850,38150,37610,0.006596306068601621
2025-03-11,36900,37550,36150,36950,36354,-0.03145478374836175
2025-03-12,36850,38600,36850,38600,26627,0.044654939106901326
2025-03-13,38600,38900,37000,37000,43956,-0.041450777202072575
2025-03-14,37300,38000,36500,36650,26921,-0.009459459459459474
2025-03-17,36700,37250,36150,36400,20544,-0.006821282401091366
2025-03-18,36800,37450,36450,36700,15701,0.008241758241758212
2025-03-19,37050,37650,36700,37150,17610,0.012261580381471404
2025-03-20,37600,38300,37350,37700,27901,0.014804845222072593
2025-03-21,38200,38200,36650,37800,23169,0.0026525198938991412
2025-03-24,37600,37750,36600,36650,21247,-0.030423280423280463
2025-03-25,36500,37200,36000,36000,16322,-0.017735334242837686
2025-03-26,36350,36650,35700,36500,22775,0.01388888888888884
2025-03-27,35900,36350,35350,35400,20641,-0.03013698630136985
2025-03-28,35350,35750,34050,34100,27073,-0.03672316384180796
2025-03-31,33950,34100,32300,32550,29342,-0.045454545454545414
2025-04-01,32550,33500,32400,33000,19925,0.01382488479262678
2025-04-02,33300,33600,32300,32700,19168,-0.009090909090909038
2025-04-03,32050,32300,31100,31500,25036,-0.03669724770642202
2025-04-04,30900,33400,30900,33250,37835,0.05555555555555558
2025-04-07,32500,33000,31400,31400,29396,-0.05563909774436093
2025-04-08,31850,32500,30950,31150,21736,-0.0079617834394905
2025-04-09,30850,31400,30050,30300,23726,-0.027287319422150902
2025-04-10,31500,35100,31100,35100,45872,0.15841584158415833
2025-04-11,33500,35000,32950,33950,24117,-0.03276353276353272
2025-04-14,33950,35500,32750,34700,35593,0.022091310751104487
2025-04-15,34700,35150,34100,34500,15118,-0.0057636887608069065
2025-04-16,34200,34800,33450,33450,15838,-0.0304347826086957
2025-04-17,33900,34400,33500,33650,16017,0.005979073243647326
2025-04-18,33250,34100,32950,33800,9153,0.004457652303120341
2025-04-21,33500,34850,33400,34200,11460,0.01183431952662728
2025-04-22,34100,34800,33700,33950,13002,-0.007309941520467822
2025-04-23,34600,36450,34600,36450,40044,0.07363770250368185
2025-04-24,36100,36700,35500,36650,23614,0.005486968449931462
2025-04-25,36700,37550,36500,37150,34180,0.013642564802182733
2025-04-28,37550,38250,37200,37450,21997,0.008075370121130465
2025-04-29,37800,38500,37000,37650,11614,0.005340453938584844
2025-04-30,37200,37700,34850,36200,18244,-0.038512616201859196
2025-05-02,35800,36300,35300,35750,11993,-0.012430939226519389
2025-05-07,36500,36500,34750,35300,19695,-0.012587412587412583
2025-05-08,35500,36300,35500,35800,19263,0.014164305949008416
2025-05-09,35850,35950,33800,33950,34509,-0.0516759776536313
2025-05-12,34600,35350,34400,35250,16646,0.038291605301914666
2025-05-13,36000,36000,34550,34550,11621,-0.019858156028368823
2025-05-14,35200,35200,33900,34950,12991,0.011577424023154759
2025-05-15,34500,36900,34250,36300,33496,0.03862660944205998
2025-05-16,36350,37000,34500,34950,27360,-0.037190082644628086
2025-05-19,34500,35300,34450,34800,17524,-0.0042918454935622075
2025-05-20,35500,35500,33300,33300,21345,-0.0431034482758621
2025-05-21,33050,34300,33050,33150,12864,-0.0045045045045044585
2025-05-22,33050,33450,32600,33000,11972,-0.004524886877828038
2025-05-23,33700,33800,31650,31700,18325,-0.039393939393939426
2025-05-26,32250,33300,31800,31850,17370,0.004731861198738141
2025-05-27,31850,32300,31500,31650,13066,-0.006279434850863463
2025-05-28,31900,35400,31750,35150,51614,0.11058451816745651
2025-05-29,35150,35700,34350,35650,23886,0.014224751066856278
2025-05-30,35000,36850,34850,36250,22238,0.016830294530154388
2025-06-02,36300,36700,35300,35800,20914,-0.012413793103448256
2025-06-04,36900,37800,36400,36650,24391,0.023743016759776525
2025-06-05,36400,38200,36350,37900,27265,0.034106412005457054
2025-06-09,37500,38900,37300,38200,19150,0.0079155672823219
2025-06-10,38200,39500,38000,39100,29513,0.023560209424083878
2025-06-11,39400,40200,39000,39500,23695,0.010230179028132946
2025-06-12,39450,42800,39100,42250,96877,0.06962025316455689
2025-06-13,41950,41950,39600,41000,45972,-0.029585798816568087
2025-06-16,40800,40800,38550,39300,30302,-0.04146341463414638
2025-06-17,39200,40200,38800,39300,31947,0.0
2025-06-18,38100,40000,37500,38950,20732,-0.008905852417302795
2025-06-19,39100,39850,38850,39150,20293,0.005134788189987249
2025-06-20,39350,40750,38650,40200,32661,0.026819923371647514
2025-06-23,39700,39850,38550,39450,24595,-0.018656716417910446
2025-06-24,39600,41600,39600,41350,41753,0.04816223067173642
2025-06-25,42200,42400,41000,42350,34987,0.0241837968561065
2025-06-26,42000,42350,40650,41050,21246,-0.030696576151121646
2025-06-27,41100,41300,38950,39200,28414,-0.045066991473812434
2025-06-30,39550,40850,39400,40000,16907,0.020408163265306145
2025-07-01,39750,41200,39600,40050,17429,0.0012499999999999734
2025-07-02,40050,40150,39100,40100,19819,0.0012484394506866447
2025-07-03,40050,42450,40050,41500,55634,0.034912718204488824
2025-07-04,41000,42100,40250,42100,27804,0.014457831325301207
2025-07-07,42200,42350,40600,40600,23886,-0.03562945368171022
2025-07-08,41050,41450,39300,39800,28601,-0.019704433497536922
2025-07-09,39800,40500,39800,40250,26161,0.011306532663316604
2025-07-10,40300,40950,39700,39700,26118,-0.013664596273291973
2025-07-11,40850,41550,40000,40450,31396,0.018891687657430767
2025-07-14,40750,41450,40050,40350,13611,-0.0024721878862793423
2025-07-15,40150,40550,40000,40100,13307,-0.006195786864931829
2025-07-16,40050,40300,39850,39950,13299,-0.0037406483790524137
2025-07-17,40000,40350,39150,40200,17385,0.006257822277847325
2025-07-18,40700,41950,40300,41300,56327,0.027363184079602032
2025-07-21,46550,51100,44400,46400,535669,0.12348668280871666
2025-07-22,45700,46550,44350,44400,76448,-0.0431034482758621
2025-07-23,47000,48700,45150,46200,193333,0.04054054054054057
2025-07-24,46700,49600,45500,48200,150072,0.04329004329004338
2025-07-25,47400,47450,46000,46250,66305,-0.04045643153526968
2025-07-28,46800,47150,45550,45600,47351,-0.014054054054054022
2025-07-29,45000,46000,44050,45450,46078,-0.003289473684210509
2025-07-30,45500,46750,45300,46200,48698,0.01650165016501659
2025-07-31,46550,46850,44500,44950,46140,-0.02705627705627711
2025-08-01,45000,45250,42500,42500,55572,-0.05450500556173521
2025-08-04,43000,43900,42800,43400,26416,0.021176470588235352
2025-08-05,43750,46500,43650,46500,46829,0.0714285714285714
2025-08-06,45500,46950,45500,46200,37607,-0.006451612903225823
2025-08-07,46700,46700,45150,45800,23495,-0.008658008658008698
2025-08-08,45650,46600,45600,45850,19338,0.0010917030567685337
2025-08-11,47100,49700,47100,48900,126174,0.06652126499454747
2025-08-12,48500,50300,48250,48900,68293,0.0
2025-08-13,50000,50300,48500,48950,30178,0.0010224948875254825
2025-08-14,49400,50000,48750,49200,53632,0.005107252298263587
2025-08-18,49150,49800,46450,47350,32044,-0.03760162601626016
2025-08-19,47800,48300,45750,46000,40868,-0.028511087645195388
2025-08-20,44400,45400,44350,44600,37760,-0.0304347826086957
2025-08-21,44650,44750,44050,44100,28212,-0.011210762331838597
2025-08-22,44900,45100,43600,43750,25426,-0.007936507936507908
2025-08-25,45100,45800,44700,45300,28426,0.035428571428571365
2025-08-26,44600,45950,44550,44550,28744,-0.01655629139072845
2025-08-27,45200,45800,44450,44750,19073,0.004489337822671136
2025-08-28,45250,45250,43600,43900,24014,-0.018994413407821265
2025-08-29,43900,44200,42700,42950,33482,-0.021640091116173155
2025-09-01,42450,42700,41000,41200,31664,-0.04074505238649595
2025-09-02,42400,42450,40750,40900,26757,-0.007281553398058249
2025-09-03,40900,41500,40600,41100,17443,0.004889975550122161
2025-09-04,42100,42450,41350,41600,21172,0.012165450121654597
2025-09-05,42000,42350,41250,41450,13877,-0.0036057692307692735
2025-09-08,41700,42900,41350,42200,14977,0.018094089264173663
2025-09-09,42500,42900,42000,42250,12892,0.0011848341232227888
2025-09-10,42050,42550,41600,42100,18862,-0.0035502958579881616
2025-09-11,42050,42300,41400,41800,31354,-0.0071258907363420665
2025-09-12,42200,43600,42200,43350,27216,0.037081339712918604
2025-09-15,43350,43950,43250,43250,13339,-0.0023068050749711633
2025-09-16,43800,44100,43550,43700,12749,0.010404624277456698
2025-09-17,44050,44500,43200,44400,25847,0.016018306636155666
2025-09-18,44900,45000,43500,44500,16560,0.0022522522522523403
2025-09-19,44050,44600,43400,43650,23967,-0.019101123595505642
2025-09-22,43650,44450,43150,43200,23038,-0.010309278350515427
2025-09-23,43250,43550,42850,43400,15465,0.004629629629629539
2025-09-24,43600,43900,42300,42500,19578,-0.020737327188940058
2025-09-25,42350,43900,42350,43600,16491,0.025882352941176467
2025-09-26,43150,43150,41750,41950,24483,-0.037844036697247674
2025-09-29,42450,42450,41850,42050,15207,0.0023837902264600697
2025-09-30,41800,42400,41500,41500,15381,-0.013079667063020217
2025-10-01,41750,42350,41250,41250,23020,-0.0060240963855421326
2025-10-02,41650,46050,41650,44600,90190,0.08121212121212129
2025-10-10,43650,43650,42500,42550,32974,-0.04596412556053808
2025-10-13,42000,43150,41400,43000,42173,0.010575793184488758
2025-10-14,43150,44650,42500,43950,48420,0.02209302325581386
2025-10-15,44550,44600,43350,44600,22813,0.014789533560864543
2025-10-16,44350,49300,44350,49250,124097,0.10426008968609857
2025-10-17,53200,61600,51200,59600,531129,0.21015228426395938
2025-10-20,58500,59800,55400,58300,144966,-0.021812080536912748
2025-10-21,57700,60000,56000,57000,135005,-0.022298456260720356
2025-10-22,58500,60500,56900,57900,118485,0.015789473684210575
2025-10-23,60700,61400,58000,58500,103675,0.010362694300518172
2025-10-24,59000,71200,58700,68400,431374,0.1692307692307693
2025-10-27,78200,79900,73300,78200,350577,0.14327485380116967
2025-10-28,77200,80600,74900,79400,181659,0.01534526854219953
2025-10-29,78600,78700,76000,77200,100179,-0.027707808564231717
2025-10-30,77200,78400,70900,71200,148652,-0.07772020725388606
2025-10-31,68600,73100,68300,72100,122584,0.012640449438202195
2025-11-03,73600,74600,70600,73600,82393,0.020804438280166426
2025-11-04,76400,78600,72100,72900,139538,-0.009510869565217406
2025-11-05,70000,71400,67000,69700,88715,-0.04389574759945125
2025-11-06,72500,73000,69100,69100,52309,-0.008608321377331474
2025-11-07,66200,69400,64100,66200,83557,-0.04196816208393628
2025-11-10,65700,67300,64100,67300,53412,0.0166163141993958
2025-11-11,68900,70500,65800,66700,54087,-0.008915304606240682
2025-11-12,67300,68400,66000,66800,44235,0.0014992503748125774
2025-11-13,66800,69300,65500,69100,48460,0.034431137724550975
2025-11-14,68200,69500,65600,65600,55858,-0.05065123010130246
2025-11-17,66100,66100,61100,61500,73702,-0.0625
2025-11-18,62000,62500,56600,57000,104728,-0.07317073170731703
2025-11-19,56900,57400,54700,55300,50721,-0.029824561403508754
2025-11-20,56600,56900,55400,55900,28839,0.010849909584086825
2025-11-21,54400,54700,53300,54000,31810,-0.03398926654740608
2025-11-24,54500,54700,51500,52000,31350,-0.03703703703703709
2025-11-25,53400,53800,52000,52000,26717,0.0
2025-11-26,53200,55200,53100,54200,63010,0.04230769230769238
2025-11-27,57700,58100,55600,56500,104300,0.04243542435424352
2025-11-28,58200,59000,56200,57200,51512,0.012389380530973382
2025-12-01,58400,60000,57200,58200,59162,0.0174825174825175
2025-12-02,58800,58800,56800,58400,31353,0.0034364261168384758
2025-12-03,58300,58700,57200,57700,29952,-0.011986301369863006
2025-12-04,57800,58400,56100,56800,29484,-0.01559792027729634
2025-12-05,56400,58300,56300,57400,31113,0.010563380281690238
2025-12-08,58700,64600,58600,64400,193420,0.12195121951219523
2025-12-09,69600,70600,66600,68000,165142,0.05590062111801242
2025-12-10,69300,69800,65000,65200,94226,-0.04117647058823526
2025-12-11,65900,66600,63600,63600,70089,-0.024539877300613466
2025-12-12,64500,65300,63500,64500,48996,0.014150943396226356
2025-12-15,61200,61900,57500,57700,317362,-0.10542635658914734
2025-12-16,58200,58200,53200,53200,116499,-0.07798960138648181
2025-12-17,53500,54300,52200,52400,69933,-0.015037593984962405
2025-12-18,50900,51200,49650,49950,113747,-0.0467557251908397
2025-12-19,50300,51800,48400,51800,83205,0.03703703703703698
2025-12-22,52700,53100,51700,52000,96140,0.0038610038610038533
2025-12-23,52400,52600,51600,52000,38181,0.0
2025-12-24,53900,54300,52000,52000,58389,0.0
2025-12-26,52200,52500,50600,51000,40783,-0.019230769230769273
2025-12-29,49950,51600,49500,50900,48259,-0.0019607843137254832
2025-12-30,49950,50100,49000,49150,45136,-0.03438113948919452
2026-01-02,49000,49200,47600,48350,54543,-0.016276703967446626
2026-01-05,48350,50600,48200,49800,57413,0.02998965873836612
2026-01-06,51100,51400,49550,50100,46540,0.006024096385542244
2026-01-07,50100,50900,48600,49200,60414,-0.017964071856287456
2026-01-08,48900,49650,47750,48850,61262,-0.007113821138211351
2026-01-09,49000,49050,47200,47950,41796,-0.0184237461617196
2026-01-12,47400,49750,47400,49650,69706,0.035453597497393075
2026-01-13,49650,50300,49000,50300,68458,0.01309164149043296
2026-01-14,50200,50200,48550,49300,46492,-0.01988071570576544
2026-01-15,49000,49750,48450,49600,46338,0.006085192697768749
2026-01-16,49150,49700,47550,47700,65352,-0.03830645161290325
2026-01-19,47300,49150,46600,48950,74239,0.026205450733752578
2026-01-20,48700,50600,47000,50200,115586,0.025536261491317713
2026-01-21,48900,49300,47850,48650,60999,-0.030876494023904355
2026-01-22,49100,53000,49100,52200,206892,0.0729701952723536
2026-01-23,54700,54700,50900,52500,163564,0.005747126436781658
2026-01-26,54100,56400,53300,56200,270410,0.07047619047619058
2026-01-27,55500,58200,54900,57300,226287,0.019572953736654908
2026-01-28,58500,61100,58300,61000,291326,0.06457242582897038
2026-01-29,64100,65200,58500,62500,291675,0.024590163934426146
2026-01-30,61900,63400,58500,58800,214903,-0.05920000000000003
2026-02-02,56800,59900,54600,55100,151780,-0.06292517006802723
2026-02-03,56900,57300,54600,56200,118947,0.019963702359346636
2026-02-04,55300,58200,55200,56200,197087,0.0
2026-02-05,55500,56000,52500,53600,145382,-0.0462633451957295
2026-02-06,51100,52400,49700,51600,100798,-0.03731343283582089
2026-02-09,53000,55000,52200,54600,160831,0.058139534883721034
