Date,Open,High,Low,Close,Volume,Change
2022-01-03,6900,6910,6710,6820,28542,-0.011594202898550732
2022-01-04,6820,6960,6800,6960,34669,0.02052785923753664
2022-01-05,6900,7020,6900,6970,50998,0.001436781609195359
2022-01-06,6970,8250,6850,7900,3127219,0.13342898134863712
2022-01-07,7820,8010,7710,7960,447136,0.0075949367088608
2022-01-10,7960,8160,7700,7980,347749,0.002512562814070307
2022-01-11,7900,8150,7750,7880,421829,-0.01253132832080206
2022-01-12,8080,8170,7830,7890,209266,0.0012690355329949554
2022-01-13,7920,8070,7810,8030,209653,0.017743979721166037
2022-01-14,7960,8120,7130,7180,334847,-0.10585305105853049
2022-01-17,7300,7310,7030,7120,78189,-0.00835654596100277
2022-01-18,7090,7260,6850,6850,91995,-0.037921348314606695
2022-01-19,6900,7070,6790,7000,67097,0.021897810218978186
2022-01-20,6890,7200,6870,7170,64110,0.024285714285714244
2022-01-21,7110,7370,7010,7220,79845,0.0069735006973501434
2022-01-24,7200,7320,6840,7070,96672,-0.020775623268698085
2022-01-25,7070,7160,6460,6550,81205,-0.07355021216407354
2022-01-26,6430,6700,6430,6510,36314,-0.006106870229007688
2022-01-27,6510,6650,6000,6090,77191,-0.06451612903225812
2022-01-28,6100,6300,5890,6300,113566,0.034482758620689724
2022-02-03,6370,6580,6370,6560,26728,0.041269841269841345
2022-02-04,6500,6780,6500,6690,34341,0.01981707317073167
2022-02-07,6690,6790,6570,6660,26580,-0.004484304932735439
2022-02-08,6660,6730,6400,6450,48418,-0.03153153153153154
2022-02-09,6450,6930,6400,6710,29826,0.04031007751937987
2022-02-10,6710,6810,6400,6720,37931,0.0014903129657228842
2022-02-11,6650,6670,6400,6430,40207,-0.04315476190476186
2022-02-14,6400,6400,6000,6000,53790,-0.06687402799377917
2022-02-15,6000,6070,5750,5920,62260,-0.013333333333333308
2022-02-16,5950,6200,5950,6150,57666,0.038851351351351315
2022-02-17,6280,7640,6210,6570,2909496,0.06829268292682933
2022-02-18,6450,6640,6340,6600,239959,0.004566210045662045
2022-02-21,7050,7180,6600,6650,862009,0.007575757575757569
2022-02-22,6480,6810,6360,6550,108230,-0.015037593984962405
2022-02-23,6510,6600,6430,6500,65210,-0.007633587786259555
2022-02-24,6500,6520,6070,6090,79977,-0.06307692307692303
2022-02-25,6200,6260,6090,6130,53919,0.006568144499178974
2022-02-28,6140,6250,6050,6220,42149,0.014681892332789603
2022-03-02,6220,6380,6150,6330,63096,0.01768488745980701
2022-03-03,6360,7940,6350,7430,4283510,0.17377567140600325
2022-03-04,7320,7430,7030,7260,492412,-0.02288021534320328
2022-03-07,7080,7210,6770,7000,264332,-0.03581267217630857
2022-03-08,6860,7500,6770,7220,1343942,0.03142857142857136
2022-03-10,7600,7950,7260,7270,1281766,0.006925207756232732
2022-03-11,7230,7510,7200,7450,239111,0.024759284731774356
2022-03-14,7500,7500,7070,7090,155349,-0.04832214765100673
2022-03-15,7100,7350,7070,7160,98887,0.009873060648801113
2022-03-16,7290,7320,7040,7300,85921,0.019553072625698276
2022-03-17,7370,7470,7220,7400,128458,0.013698630136986356
2022-03-18,7400,7400,7250,7290,45460,-0.014864864864864824
2022-03-21,7290,7370,7200,7280,68367,-0.00137174211248281
2022-03-22,7280,7340,7220,7330,25339,0.006868131868131844
2022-03-23,7370,7400,7260,7400,81514,0.009549795361528002
2022-03-24,7260,7400,7120,7260,144986,-0.018918918918918948
2022-03-25,7280,7520,7280,7410,240927,0.02066115702479343
2022-03-28,7410,7530,7380,7390,132562,-0.0026990553306343035
2022-03-29,7460,7820,7390,7750,536432,0.048714479025710355
2022-03-30,7750,7750,7490,7540,166388,-0.02709677419354839
2022-03-31,7560,7650,7470,7520,81418,-0.0026525198938992522
2022-04-01,7490,7550,7310,7320,64561,-0.02659574468085102
2022-04-04,7320,7350,7140,7330,91116,0.001366120218579292
2022-04-05,7300,7600,7270,7500,127274,0.023192360163710735
2022-04-06,7420,7550,7370,7430,41600,-0.009333333333333305
2022-04-07,7350,7380,7090,7090,60438,-0.04576043068640645
2022-04-08,7090,7150,6930,7070,52274,-0.0028208744710860323
2022-04-11,6980,7230,6910,7010,41641,-0.008486562942008447
2022-04-12,6870,7020,6640,6830,112777,-0.025677603423680417
2022-04-13,6750,6920,6750,6860,34695,0.004392386530014614
2022-04-14,6860,6940,6820,6930,33376,0.010204081632652962
2022-04-15,6900,6970,6870,6930,29675,0.0
2022-04-18,6940,7170,6940,7050,50852,0.017316017316017396
2022-04-19,7010,7050,6780,6960,49431,-0.012765957446808529
2022-04-20,6930,6990,6850,6870,39265,-0.012931034482758674
2022-04-21,6830,6910,6780,6790,46885,-0.011644832605531286
2022-04-22,6780,6780,6630,6740,46221,-0.007363770250368162
2022-04-25,6660,6660,6470,6470,63631,-0.0400593471810089
2022-04-26,6440,6750,6440,6730,51682,0.040185471406491535
2022-04-27,6640,6840,6460,6760,52470,0.004457652303120341
2022-04-28,6760,6790,6620,6660,30612,-0.014792899408283988
2022-04-29,6660,6810,6620,6690,45236,0.0045045045045044585
2022-05-02,6710,7200,6530,6820,221953,0.01943198804185342
2022-05-03,6760,6920,6700,6790,72521,-0.004398826979472137
2022-05-04,6800,6850,6600,6660,75859,-0.019145802650957333
2022-05-06,6600,6630,6380,6470,40854,-0.028528528528528496
2022-05-09,6450,6600,6280,6350,43373,-0.018547140649149974
2022-05-10,6320,6360,6080,6340,57915,-0.0015748031496063408
2022-05-11,6350,6360,6200,6340,24510,0.0
2022-05-12,6350,6460,6130,6130,60475,-0.03312302839116721
2022-05-13,6200,6360,6150,6300,32953,0.027732463295269127
2022-05-16,6400,6450,6260,6350,40216,0.007936507936507908
2022-05-17,6450,6450,6320,6400,22572,0.007874015748031482
2022-05-18,6450,7090,6450,6630,526887,0.035937499999999956
2022-05-19,6450,6740,6450,6730,50761,0.015082956259426794
2022-05-20,6710,6720,6610,6670,41764,-0.008915304606240682
2022-05-23,6670,6700,6460,6590,46447,-0.01199400299850073
2022-05-24,6530,6690,6420,6450,31971,-0.02124430955993928
2022-05-25,6460,8380,6460,8380,3094913,0.29922480620155034
2022-05-26,8730,9530,8480,8710,9090687,0.039379474940334225
2022-05-27,8760,8920,8380,8710,2459103,0.0
2022-05-30,8520,8720,8490,8650,963251,-0.006888633754305373
2022-05-31,8560,8740,8460,8660,982053,0.0011560693641619046
2022-06-02,8560,8840,8450,8840,1069418,0.020785219399538146
2022-06-03,8770,8920,8670,8690,959039,-0.016968325791855254
2022-06-07,8690,8980,8530,8980,989363,0.03337169159953968
2022-06-08,9040,9280,8000,8000,2424534,-0.10913140311804004
2022-06-09,8100,8120,7790,8000,587659,0.0
2022-06-10,8100,8150,7720,7730,435878,-0.03374999999999995
2022-06-13,7600,7620,7250,7340,349467,-0.05045278137128073
2022-06-14,7150,7300,6960,7290,255893,-0.006811989100817484
2022-06-15,7150,7270,6660,6820,317763,-0.06447187928669407
2022-06-16,6900,7410,6870,7020,1136473,0.029325513196480912
2022-06-17,6740,6790,6540,6790,187937,-0.03276353276353272
2022-06-20,6800,6900,6300,6410,193399,-0.055964653902798256
2022-06-21,6620,7090,6370,6580,472763,0.026521060842433775
2022-06-22,6690,7360,6150,6330,1428857,-0.037993920972644424
2022-06-23,6300,6350,5450,5460,359214,-0.13744075829383884
2022-06-24,5460,5830,5450,5610,151306,0.027472527472527375
2022-06-27,5730,6200,5730,6110,239182,0.089126559714795
2022-06-28,6110,6390,6030,6310,138873,0.032733224222585955
2022-06-29,6120,6350,6060,6200,87231,-0.017432646592709933
2022-06-30,6300,6500,6030,6030,121164,-0.02741935483870972
2022-07-01,6060,6310,5970,5980,74286,-0.008291873963515717
2022-07-04,6240,6240,5720,5860,62695,-0.02006688963210701
2022-07-05,5860,6180,5860,6180,66705,0.05460750853242313
2022-07-06,6250,6360,6040,6170,63676,-0.0016181229773463146
2022-07-07,6170,6420,6150,6220,83721,0.008103727714748876
2022-07-08,6260,6400,6260,6270,59197,0.008038585209003246
2022-07-11,6340,6650,6220,6500,125489,0.03668261562998398
2022-07-12,6490,6490,6220,6280,86824,-0.03384615384615386
2022-07-13,6180,6340,6000,6200,128754,-0.01273885350318471
2022-07-14,6150,6310,6110,6190,43038,-0.001612903225806428
2022-07-15,6170,6290,5980,6100,49390,-0.014539579967689842
2022-07-18,6200,6640,6200,6360,249622,0.042622950819672045
2022-07-19,6300,6430,6300,6350,132890,-0.0015723270440252124
2022-07-20,6370,6510,6340,6390,86906,0.006299212598425141
2022-07-21,6390,6450,6360,6410,46518,0.003129890453834161
2022-07-22,6430,6500,6320,6410,72677,0.0
2022-07-25,6350,6410,6310,6370,34026,-0.006240249609984372
2022-07-26,6340,6390,6310,6370,37538,0.0
2022-07-27,6560,6560,6400,6420,74807,0.007849293563579218
2022-07-28,6490,6540,6320,6370,51958,-0.007788161993769416
2022-07-29,6390,6470,6360,6420,41542,0.007849293563579218
2022-08-01,6420,6540,6380,6510,67486,0.014018691588784993
2022-08-02,6490,6520,6300,6390,72864,-0.018433179723502335
2022-08-03,6390,7280,6390,6640,2763705,0.039123630672926346
2022-08-04,6640,6700,6550,6630,139509,-0.001506024096385561
2022-08-05,6670,6670,6560,6630,74339,0.0
2022-08-08,6630,6680,6540,6670,65020,0.006033182503770718
2022-08-09,6700,7550,6640,6820,6290119,0.022488755622188883
2022-08-10,6830,6890,6710,6780,287577,-0.0058651026392961825
2022-08-11,6830,6830,6720,6770,201375,-0.001474926253687281
2022-08-12,6770,6830,6720,6770,137481,0.0
2022-08-16,6820,6820,6700,6740,85848,-0.004431314623338234
2022-08-17,6710,6740,6570,6610,103017,-0.01928783382789323
2022-08-18,6570,6570,6390,6500,82066,-0.016641452344931973
2022-08-19,6440,6570,6440,6470,45342,-0.004615384615384577
2022-08-22,6430,6430,6140,6140,84918,-0.051004636785162316
2022-08-23,6030,6170,5920,6030,52757,-0.01791530944625408
2022-08-24,6040,6130,6030,6100,27624,0.011608623548922115
2022-08-25,6110,6250,6110,6190,27830,0.014754098360655776
2022-08-26,6200,6290,6120,6160,30967,-0.004846526655896577
2022-08-29,5960,6030,5920,5970,65932,-0.030844155844155896
2022-08-30,6000,6580,6000,6100,405968,0.021775544388609624
2022-08-31,6060,6630,6050,6260,796513,0.026229508196721207
2022-09-01,6220,6240,6140,6170,93153,-0.014376996805111841
2022-09-02,6160,6330,6060,6130,132618,-0.00648298217179899
2022-09-05,6080,6140,5990,6000,75967,-0.021207177814029365
2022-09-06,5940,6130,5940,6080,44346,0.01333333333333342
2022-09-07,6030,6120,5960,5970,60827,-0.018092105263157854
2022-09-08,5990,6090,5910,5910,33067,-0.01005025125628145
2022-09-13,6030,6070,5950,6070,53059,0.027072758037224975
2022-09-14,5770,5980,5770,5930,53954,-0.023064250411861664
2022-09-15,5980,6050,5900,5940,22787,0.001686340640809414
2022-09-16,5920,5970,5810,5900,27558,-0.006734006734006703
2022-09-19,5890,5940,5690,5770,75099,-0.02203389830508473
2022-09-20,5790,5860,5750,5800,23269,0.005199306759098743
2022-09-21,5730,5840,5720,5770,32084,-0.005172413793103403
2022-09-22,5640,5780,5620,5760,47008,-0.0017331022530329143
2022-09-23,5720,5750,5550,5590,26646,-0.02951388888888884
2022-09-26,5500,5500,5040,5140,67674,-0.0805008944543828
2022-09-27,5000,5330,5000,5130,79271,-0.0019455252918287869
2022-09-28,5130,5230,4825,4825,53472,-0.059454191033138426
2022-09-29,4860,5070,4815,4815,52026,-0.002072538860103612
2022-09-30,4610,4890,4610,4810,29512,-0.0010384215991692258
2022-10-04,4835,5020,4835,5020,16423,0.043659043659043606
2022-10-05,5040,5110,4875,4875,24954,-0.028884462151394397
2022-10-06,4870,5060,4870,5020,25049,0.029743589743589816
2022-10-07,5000,5050,4950,5020,13057,0.0
2022-10-11,4970,4970,4720,4770,21693,-0.04980079681274896
2022-10-12,4720,5130,4705,4725,147862,-0.009433962264150941
2022-10-13,4745,4780,4475,4555,62044,-0.035978835978836
2022-10-14,4595,4750,4595,4750,33663,0.04281009879253572
2022-10-17,4730,4820,4695,4765,24466,0.0031578947368420263
2022-10-18,4810,4920,4810,4885,20184,0.025183630640083887
2022-10-19,4915,4965,4835,4885,18434,0.0
2022-10-20,4875,4900,4815,4815,9976,-0.014329580348004134
2022-10-21,4815,4820,4715,4735,16622,-0.01661474558670817
2022-10-24,4760,4855,4750,4840,30299,0.022175290390707536
2022-10-25,4820,4950,4790,4855,52910,0.0030991735537189147
2022-10-26,4850,4850,4740,4740,28265,-0.023686920700308978
2022-10-27,4720,4795,4720,4795,11185,0.011603375527426074
2022-10-28,4795,4875,4790,4835,21446,0.008342022940563076
2022-10-31,4840,4890,4840,4870,14212,0.007238883143743546
2022-11-01,4860,4955,4855,4935,20620,0.013347022587268942
2022-11-02,4920,5020,4915,5000,19390,0.01317122593718345
2022-11-03,4980,5150,4890,5080,51084,0.016000000000000014
2022-11-04,5040,5070,4990,5040,15202,-0.007874015748031482
2022-11-07,5050,5310,5030,5310,38706,0.0535714285714286
2022-11-08,5290,5300,5150,5220,37206,-0.016949152542372836
2022-11-09,5170,5220,5130,5200,29682,-0.003831417624521105
2022-11-10,5120,5210,5120,5200,14230,0.0
2022-11-11,5280,5300,5200,5260,41660,0.011538461538461497
2022-11-14,5260,5330,5200,5310,35078,0.009505703422053147
2022-11-15,5270,5380,5270,5360,14014,0.009416195856873921
2022-11-16,5360,5410,5240,5410,22854,0.009328358208955168
2022-11-17,5440,5450,5310,5400,14524,-0.001848428835489857
2022-11-18,5370,5410,5340,5400,10181,0.0
2022-11-21,5410,5410,5160,5290,30099,-0.020370370370370372
2022-11-22,5210,5300,5200,5280,18103,-0.001890359168241984
2022-11-23,5320,5380,5270,5380,16735,0.018939393939394034
2022-11-24,5390,5430,5350,5430,15581,0.009293680297397744
2022-11-25,5440,5440,5310,5400,13776,-0.0055248618784530246
2022-11-28,5370,5380,5260,5360,15955,-0.007407407407407418
2022-11-29,5340,5450,5300,5450,10081,0.01679104477611948
2022-11-30,5450,5560,5420,5550,27823,0.0183486238532109
2022-12-01,5620,5690,5560,5630,39193,0.01441441441441449
2022-12-02,5660,5660,5550,5630,15858,0.0
2022-12-05,5600,5660,5550,5660,28173,0.005328596802841812
2022-12-06,5580,5650,5530,5600,24053,-0.010600706713780883
2022-12-07,5550,5580,5490,5580,16115,-0.0035714285714285587
2022-12-08,5610,5700,5440,5530,32587,-0.008960573476702538
2022-12-09,5560,5570,5460,5550,16830,0.003616636528029016
2022-12-12,5610,5620,5440,5520,28368,-0.00540540540540535
2022-12-13,5520,5560,5490,5530,24634,0.0018115942028984477
2022-12-14,5530,5620,5520,5590,25732,0.010849909584086825
2022-12-15,5590,5590,5500,5560,18533,-0.00536672629695889
2022-12-16,5500,5590,5430,5590,28610,0.0053956834532373765
2022-12-19,5550,5630,5470,5620,28736,0.005366726296958779
2022-12-20,5650,5650,5210,5590,61304,-0.005338078291814985
2022-12-21,5590,5610,5450,5580,28811,-0.0017889087656529634
2022-12-22,5650,5660,5450,5570,65484,-0.0017921146953404632
2022-12-23,5560,5560,5370,5520,24620,-0.008976660682226245
2022-12-26,5520,5520,5370,5490,18496,-0.005434782608695676
2022-12-27,5440,5510,5370,5470,24452,-0.0036429872495445936
2022-12-28,5440,5440,5250,5430,28608,-0.007312614259597838
2022-12-29,5330,5330,5000,5240,50878,-0.03499079189686927
2023-01-02,5220,5240,4950,5030,38221,-0.040076335877862634
2023-01-03,5000,5000,4750,4895,53795,-0.026838966202783254
2023-01-04,4800,5070,4795,5060,29490,0.03370786516853941
2023-01-05,5060,5730,5040,5080,2099626,0.0039525691699604515
2023-01-06,5090,5110,4990,5020,58790,-0.011811023622047223
2023-01-09,5100,5150,5050,5090,39240,0.013944223107569709
2023-01-10,5090,5190,5080,5160,48342,0.013752455795677854
2023-01-11,5160,5360,5150,5170,95827,0.0019379844961240345
2023-01-12,5210,6210,5190,5400,6310713,0.044487427466150864
2023-01-13,5430,5450,5350,5410,246244,0.0018518518518517713
2023-01-16,5500,5500,5350,5470,240062,0.01109057301293892
2023-01-17,5520,5700,5430,5700,451078,0.042047531992687404
2023-01-18,5660,5690,5510,5640,208419,-0.010526315789473717
2023-01-19,5590,5660,5450,5480,204432,-0.028368794326241176
2023-01-20,5590,5610,5440,5440,261691,-0.007299270072992692
2023-01-25,5540,5720,5520,5710,271071,0.049632352941176405
2023-01-26,5720,5780,5630,5690,175561,-0.003502626970227629
2023-01-27,5690,5760,5620,5740,124396,0.008787346221441172
2023-01-30,5780,5870,5680,5800,237288,0.010452961672473782
2023-01-31,5790,5820,5690,5750,103885,-0.008620689655172376
2023-02-01,5770,5840,5600,5710,115697,-0.006956521739130417
2023-02-02,5720,5920,5720,5910,193394,0.035026269702276736
2023-02-03,5970,6000,5740,5840,83900,-0.011844331641285955
2023-02-06,5820,5820,5670,5680,76807,-0.0273972602739726
2023-02-07,5710,6020,5700,5940,299106,0.045774647887323994
2023-02-08,5940,6000,5870,5930,93025,-0.0016835016835017313
2023-02-09,5930,6010,5860,5860,94868,-0.01180438448566612
2023-02-10,5870,5890,5640,5690,84678,-0.029010238907849817
2023-02-13,5720,5780,5600,5700,61415,0.0017574692442883233
2023-02-14,5760,5960,5730,5800,116278,0.01754385964912286
2023-02-15,5800,5800,5500,5560,100279,-0.04137931034482756
2023-02-16,5530,5660,5530,5590,46490,0.0053956834532373765
2023-02-17,5520,5580,5470,5520,16432,-0.012522361359570633
2023-02-20,5550,6000,5550,5800,310910,0.050724637681159424
2023-02-21,5930,6150,5800,6100,607064,0.051724137931034475
2023-02-22,6020,6200,5960,6010,315559,-0.014754098360655776
2023-02-23,6010,6200,5980,6100,164194,0.014975041597337757
2023-02-24,6100,6160,5910,6000,159409,-0.016393442622950838
2023-02-27,6000,6030,5840,5890,92451,-0.018333333333333313
2023-02-28,5910,6000,5720,5950,126768,0.01018675721561979
2023-03-02,5950,5950,5750,5800,76817,-0.025210084033613467
2023-03-03,5810,6060,5650,6060,135654,0.04482758620689653
2023-03-06,6350,7460,6200,7400,3702110,0.22112211221122102
2023-03-07,7490,7620,6820,6840,784685,-0.07567567567567568
2023-03-08,7000,7460,6910,7030,1241951,0.02777777777777768
2023-03-09,7600,9130,7590,9130,7758693,0.29871977240398295
2023-03-10,9790,11860,9780,11860,17462225,0.2990142387732748
2023-03-13,11860,12700,10250,10610,4343920,-0.10539629005059026
2023-03-14,10540,11000,10110,11000,3896569,0.03675777568331773
2023-03-15,10800,11190,10610,10840,2078270,-0.014545454545454528
2023-03-16,11000,11400,9780,10120,2473414,-0.06642066420664205
2023-03-17,10100,10430,9910,10290,1110364,0.01679841897233203
2023-03-20,10090,11090,9990,10580,2289084,0.02818270165208947
2023-03-21,10610,11390,10610,10940,2246935,0.03402646502835549
2023-03-22,11470,11480,10660,11000,1117428,0.005484460694698434
2023-03-23,10800,11330,10300,10880,1210914,-0.010909090909090868
2023-03-24,10920,13660,10920,12750,9351483,0.171875
2023-03-27,12280,12360,11410,11590,1116246,-0.09098039215686271
2023-03-28,11550,11550,11050,11320,541702,-0.023295944779982758
2023-03-29,11200,11420,10930,11260,403499,-0.005300353356890497
2023-03-30,11260,11370,10430,10770,582122,-0.043516873889875685
2023-03-31,10760,11010,10390,10900,394165,0.0120705663881151
2023-04-03,10920,10950,9900,10230,547562,-0.06146788990825691
2023-04-04,10230,10620,10080,10480,331240,0.024437927663734094
2023-04-05,10570,11010,10350,10900,598445,0.040076335877862634
2023-04-06,10900,11200,10600,11200,493263,0.02752293577981657
2023-04-07,11250,11260,10740,10930,291582,-0.024107142857142883
2023-04-10,10930,10930,9100,9320,1088674,-0.1473010064043916
2023-04-11,9310,9310,8810,9090,431317,-0.02467811158798283
2023-04-12,9210,9210,8610,8620,595708,-0.0517051705170517
2023-04-13,8960,9030,8470,8730,563997,0.012761020881670637
2023-04-14,8770,8930,8520,8820,299099,0.010309278350515427
2023-04-17,8710,8970,8560,8970,212451,0.017006802721088343
2023-04-18,9010,9040,8670,8800,227599,-0.018952062430323324
2023-04-19,8890,8970,8560,8960,239037,0.018181818181818077
2023-04-20,9000,9310,8630,8850,549729,-0.012276785714285698
2023-04-21,8730,8840,8510,8540,218758,-0.03502824858757059
2023-04-24,8600,8600,8260,8530,174122,-0.0011709601873536313
2023-04-25,8450,8630,8240,8580,164088,0.0058616647127784915
2023-04-26,8580,8600,8200,8220,109767,-0.04195804195804198
2023-04-27,8180,8510,8000,8430,161421,0.025547445255474477
2023-04-28,8430,8520,7990,8050,137193,-0.04507710557532618
2023-05-02,8010,8410,7850,8230,117920,0.022360248447204967
2023-05-03,8110,8400,8040,8140,98464,-0.010935601458080146
2023-05-04,8140,8210,7910,7950,64873,-0.023341523341523396
2023-05-08,7950,8400,7900,8220,96596,0.03396226415094339
2023-05-09,8320,8320,7940,8000,77197,-0.02676399026763987
2023-05-10,8000,8100,7750,7900,59449,-0.012499999999999956
2023-05-11,8120,8240,7980,8060,78600,0.020253164556962133
2023-05-12,8880,9580,8270,8290,5552062,0.028535980148883366
2023-05-15,8150,8150,7300,7300,614366,-0.11942098914354649
2023-05-16,7340,7490,7110,7160,322042,-0.019178082191780854
2023-05-17,7150,7860,7110,7590,555302,0.0600558659217878
2023-05-18,7730,8010,7510,7600,408826,0.0013175230566535578
2023-05-19,7750,7920,7600,7720,211664,0.015789473684210575
2023-05-22,7860,7870,7640,7680,126004,-0.005181347150259086
2023-05-23,7920,8280,7850,7980,563401,0.0390625
2023-05-24,7940,7950,7630,7700,156819,-0.03508771929824561
2023-05-25,7760,7880,7560,7700,134849,0.0
2023-05-26,7670,7950,7520,7550,105455,-0.01948051948051943
2023-05-30,7710,7850,7550,7750,171229,0.026490066225165476
2023-05-31,7830,8930,7780,7900,2971543,0.019354838709677358
2023-06-01,7880,8220,7630,8160,463277,0.032911392405063244
2023-06-02,8220,8460,8080,8160,538213,0.0
2023-06-05,8150,10080,8120,9180,7873144,0.125
2023-06-07,9260,9450,9090,9250,1190702,0.007625272331154731
2023-06-08,9200,9200,8740,8800,468144,-0.048648648648648596
2023-06-09,8800,8860,8690,8750,221692,-0.005681818181818232
2023-06-12,8760,8810,8650,8670,195353,-0.00914285714285712
2023-06-13,8650,8770,8530,8540,216833,-0.014994232987312617
2023-06-14,8560,8790,8300,8480,206748,-0.007025761124121788
2023-06-15,8540,8690,8270,8300,135652,-0.021226415094339646
2023-06-16,8310,8890,8310,8680,468761,0.04578313253012056
2023-06-19,8750,8900,8540,8830,222451,0.017281105990783363
2023-06-20,8850,9230,8690,9070,451697,0.027180067950169917
2023-06-21,9070,9220,8970,9070,205683,0.0
2023-06-22,8970,9350,8940,9120,292921,0.005512679162072764
2023-06-23,9500,9500,8790,9070,658788,-0.005482456140350922
2023-06-26,9100,9930,8620,8750,2252641,-0.03528114663726567
2023-06-27,8760,9210,8680,9110,500630,0.04114285714285715
2023-06-28,9100,9100,8390,8400,486842,-0.07793633369923159
2023-06-29,8500,8670,8000,8110,267378,-0.03452380952380951
2023-06-30,8050,8060,7710,7800,179146,-0.038224414303329235
2023-07-03,7740,8020,7650,7740,115309,-0.007692307692307665
2023-07-04,7750,7860,7510,7700,118822,-0.0051679586563307955
2023-07-05,7700,7810,7620,7660,92606,-0.0051948051948051965
2023-07-06,7650,7750,7220,7250,132414,-0.05352480417754568
2023-07-07,7160,7450,7110,7220,69519,-0.004137931034482789
2023-07-10,7170,7400,7120,7290,42854,0.00969529085872578
2023-07-11,7290,7850,7290,7630,190023,0.04663923182441709
2023-07-12,7660,7690,7450,7450,86315,-0.023591087811271283
2023-07-13,7560,7780,7520,7570,86518,0.016107382550335503
2023-07-14,7630,7650,7340,7440,65142,-0.017173051519154603
2023-07-17,7390,7440,6900,7230,70140,-0.028225806451612878
2023-07-18,7260,7490,7070,7070,85972,-0.022130013831258677
2023-07-19,7100,7200,6960,7090,77257,0.0028288543140029265
2023-07-20,7000,7210,6980,7180,33103,0.012693935119887145
2023-07-21,7110,7290,7050,7200,28741,0.0027855153203342198
2023-07-24,7130,7190,6420,6710,149914,-0.06805555555555554
2023-07-25,6710,6790,6520,6610,75347,-0.014903129657228065
2023-07-26,6610,6680,6150,6340,118452,-0.0408472012102874
2023-07-27,6160,6670,6160,6490,40345,0.023659305993690927
2023-07-28,6650,6870,6480,6870,45969,0.05855161787365182
2023-07-31,6920,6930,6650,6810,34791,-0.008733624454148492
2023-08-01,6810,7050,6750,7010,54275,0.029368575624082238
2023-08-02,7290,8300,7120,7650,1900179,0.09129814550641946
2023-08-03,7640,8140,7080,7220,990519,-0.05620915032679741
2023-08-04,7000,7080,6700,6970,187278,-0.03462603878116344
2023-08-07,6900,7490,6860,7330,266069,0.05164992826398862
2023-08-08,7250,8750,7160,7720,3835467,0.05320600272851306
2023-08-09,7640,7940,7360,7390,544620,-0.04274611398963735
2023-08-10,7550,7900,7150,7240,297221,-0.020297699594046037
2023-08-11,7240,7560,7230,7420,191183,0.024861878453038777
2023-08-14,7420,8050,7360,7570,743808,0.020215633423180668
2023-08-16,7410,7830,7260,7330,469296,-0.031704095112285335
2023-08-17,7200,7280,6680,6800,239265,-0.07230559345156895
2023-08-18,6660,6830,6350,6600,157784,-0.02941176470588236
2023-08-21,6580,7300,6560,7000,173368,0.06060606060606055
2023-08-22,7010,7160,6920,6960,65906,-0.005714285714285672
2023-08-23,7000,9040,6940,9040,2869322,0.29885057471264376
2023-08-24,10680,11190,9050,9240,9863752,0.022123893805309658
2023-08-25,8860,9340,8060,8210,1471500,-0.1114718614718615
2023-08-28,8440,9830,7960,9250,4721452,0.12667478684531064
2023-08-29,9750,10720,9180,9240,7398473,-0.00108108108108107
2023-08-30,9300,9400,9050,9050,592521,-0.02056277056277056
2023-08-31,8960,9070,8560,8560,411798,-0.05414364640883973
2023-09-01,8560,8850,8130,8180,403751,-0.04439252336448596
2023-09-04,8180,8350,7910,7910,234245,-0.0330073349633252
2023-09-05,7900,8240,7870,8080,427907,0.02149178255372952
2023-09-06,8200,8220,7640,7640,300209,-0.054455445544554504
2023-09-07,7550,7710,7410,7450,232108,-0.02486910994764402
2023-09-08,7460,7560,7300,7400,117526,-0.006711409395973145
2023-09-11,7400,7680,7400,7580,148862,0.024324324324324298
2023-09-12,7720,8120,7400,7400,650442,-0.0237467018469657
2023-09-13,7330,7380,7080,7220,175547,-0.024324324324324298
2023-09-14,7190,7480,7100,7290,126032,0.00969529085872578
2023-09-15,7300,7570,7300,7370,141304,0.010973936899862924
2023-09-18,7450,7490,7230,7400,67751,0.004070556309362372
2023-09-19,7390,7390,7150,7190,119563,-0.02837837837837842
2023-09-20,7210,8620,7200,7880,2918800,0.09596662030598058
2023-09-21,7790,8500,7480,7560,1430444,-0.040609137055837574
2023-09-22,7560,7850,6990,6990,391071,-0.07539682539682535
2023-09-25,6810,6970,6630,6740,189234,-0.03576537911301858
2023-09-26,6700,6820,6540,6560,113485,-0.02670623145400597
2023-09-27,6560,6840,6490,6810,59529,0.038109756097560954
2023-10-04,6810,7640,6720,7130,1434363,0.04698972099853149
2023-10-05,6930,7030,6670,6710,237031,-0.058906030855540026
2023-10-06,7190,8530,6930,8030,5244614,0.19672131147540983
2023-10-10,8070,8870,7230,7350,4593546,-0.08468244084682441
2023-10-11,7530,7850,7390,7530,725985,0.02448979591836742
2023-10-12,7720,7790,7520,7600,400949,0.009296148738379806
2023-10-13,7450,7470,6910,7030,405854,-0.07499999999999996
2023-10-16,7010,7010,6670,6780,214923,-0.03556187766714081
2023-10-17,6810,7080,6800,6920,204343,0.020648967551622377
2023-10-18,6900,7090,6750,6760,138419,-0.023121387283236983
2023-10-19,6660,6940,6550,6550,159312,-0.031065088757396442
2023-10-20,6410,6720,6340,6390,260734,-0.02442748091603053
2023-10-23,6300,6610,6300,6320,102541,-0.010954616588419452
2023-10-24,6350,6680,6230,6560,110758,0.03797468354430378
2023-10-25,6830,6900,6540,6770,138250,0.03201219512195119
2023-10-26,6520,6740,6300,6300,155052,-0.069423929098966
2023-10-27,6350,6480,6210,6230,56322,-0.011111111111111072
2023-10-30,6240,6610,6240,6530,78573,0.04815409309791341
2023-10-31,6580,6640,6250,6350,73242,-0.027565084226646275
2023-11-01,6370,6480,6250,6410,41482,0.009448818897637823
2023-11-02,6490,6680,6490,6580,66975,0.026521060842433775
2023-11-03,6750,6750,6520,6660,54986,0.012158054711246091
2023-11-06,6830,6850,6620,6720,77609,0.009009009009008917
2023-11-07,6790,6790,6400,6500,68870,-0.03273809523809523
2023-11-08,6500,6670,6400,6470,37466,-0.004615384615384577
2023-11-09,6400,6550,6360,6420,35200,-0.007727975270479082
2023-11-10,6410,6410,6200,6260,74807,-0.024922118380062308
2023-11-13,6270,6400,6060,6080,78743,-0.028753993610223683
2023-11-14,6080,6330,6080,6290,42324,0.03453947368421062
2023-11-15,6310,6500,6310,6490,46932,0.031796502384737746
2023-11-16,6490,6540,6420,6500,27492,0.0015408320493066618
2023-11-17,6500,6540,6380,6510,42877,0.0015384615384614886
2023-11-20,6510,6650,6480,6640,50325,0.019969278033794113
2023-11-21,6610,6820,6600,6820,114995,0.027108433734939652
2023-11-22,6740,6760,6600,6720,93339,-0.014662756598240456
2023-11-23,6680,6790,6670,6670,44187,-0.007440476190476164
2023-11-24,6680,6760,6620,6690,45673,0.0029985007496251548
2023-11-27,6730,6930,6340,6400,262096,-0.0433482810164425
2023-11-28,6470,6670,6410,6410,84036,0.0015624999999999112
2023-11-29,6410,6580,6390,6480,85209,0.010920436817472678
2023-11-30,6560,6730,6490,6650,88840,0.026234567901234573
2023-12-01,6800,6840,6630,6680,76805,0.004511278195488799
2023-12-04,6680,6830,6610,6790,107625,0.01646706586826352
2023-12-05,6920,7160,6640,6720,638320,-0.010309278350515427
2023-12-06,6850,7210,6780,7170,543928,0.06696428571428581
2023-12-07,7110,7110,6830,6950,179575,-0.030683403068340276
2023-12-08,7000,7010,6870,6960,112897,0.0014388489208632116
2023-12-11,6950,8310,6860,7620,2661414,0.09482758620689657
2023-12-12,7480,7650,7190,7400,582602,-0.02887139107611547
2023-12-13,7410,7490,7140,7280,221945,-0.01621621621621616
2023-12-14,7320,7380,7020,7040,301371,-0.03296703296703296
2023-12-15,7090,7120,6970,7100,100138,0.008522727272727293
2023-12-18,7040,7170,7000,7120,90197,0.0028169014084507005
2023-12-19,7240,7390,7070,7090,122467,-0.004213483146067398
2023-12-20,7140,7290,7090,7130,151361,0.005641748942172065
2023-12-21,7090,7130,6950,7020,108811,-0.015427769985974726
2023-12-22,7080,7170,7000,7070,100755,0.007122507122507171
2023-12-26,7070,7080,6860,6940,73797,-0.018387553041018356
2023-12-27,6840,6990,6840,6950,72506,0.0014409221902016434
2023-12-28,6950,6980,6890,6920,32992,-0.004316546762589968
2024-01-02,6950,7200,6920,7180,81693,0.037572254335260125
2024-01-03,7200,7220,7070,7150,55864,-0.004178272980501441
2024-01-04,7150,7260,7090,7200,91180,0.006993006993007089
2024-01-05,7200,7370,7070,7200,98590,0.0
2024-01-08,7300,7470,7230,7350,146799,0.02083333333333326
2024-01-09,7470,7470,7280,7410,112012,0.008163265306122547
2024-01-10,7600,7880,7320,7500,333211,0.012145748987854255
2024-01-11,7500,7890,7400,7650,336083,0.020000000000000018
2024-01-12,7650,7650,7100,7420,139752,-0.030065359477124187
2024-01-15,7280,7420,7230,7300,68133,-0.016172506738544423
2024-01-16,7300,7400,7160,7270,61432,-0.004109589041095929
2024-01-17,7210,7260,6970,7020,78073,-0.03438789546079779
2024-01-18,7020,7220,7020,7200,44123,0.02564102564102555
2024-01-19,7210,7390,7200,7210,68444,0.001388888888888884
2024-01-22,7280,7350,7210,7320,52550,0.015256588072122046
2024-01-23,7350,7590,7220,7580,182626,0.03551912568306004
2024-01-24,7520,7520,7310,7420,102875,-0.02110817941952503
2024-01-25,7360,7420,7170,7300,63633,-0.016172506738544423
2024-01-26,7240,7480,7190,7320,51687,0.00273972602739736
2024-01-29,7330,7470,6990,7090,99802,-0.031420765027322384
2024-01-30,7160,7180,7000,7140,41858,0.007052186177715081
2024-01-31,7070,7180,6980,6980,51778,-0.022408963585434205
2024-02-01,6920,7270,6890,6970,87678,-0.0014326647564469885
2024-02-02,6970,7140,6930,7040,49029,0.010043041606886627
2024-02-05,7080,7100,6950,7080,36075,0.005681818181818121
2024-02-06,6920,7080,6900,7060,28265,-0.0028248587570621764
2024-02-07,7060,7110,6920,7020,34888,-0.005665722379603388
2024-02-08,7090,7290,7010,7190,77443,0.024216524216524205
2024-02-13,7430,7820,7400,7470,490297,0.03894297635605004
2024-02-14,7430,7730,7400,7700,190688,0.0307898259705488
2024-02-15,7850,9320,7620,8670,4289965,0.12597402597402607
2024-02-16,8480,8560,8080,8200,1120681,-0.05420991926182239
2024-02-19,8920,9300,8270,8330,2243687,0.01585365853658538
2024-02-20,8390,8390,8030,8260,349321,-0.008403361344537785
2024-02-21,8200,8210,7820,7870,620418,-0.04721549636803879
2024-02-22,8040,8400,7880,8150,486216,0.03557814485387545
2024-02-23,8150,8350,7920,8110,291508,-0.004907975460122671
2024-02-26,8200,8270,7940,7990,153051,-0.01479654747225645
2024-02-27,8090,8260,7820,8100,234246,0.013767209011264159
2024-02-28,8100,8380,8000,8060,284475,-0.004938271604938316
2024-02-29,8060,8300,7890,8120,109486,0.007444168734491274
2024-03-04,8120,8320,8010,8250,187345,0.016009852216748666
2024-03-05,8250,8280,8030,8090,156663,-0.019393939393939408
2024-03-06,8090,8580,8090,8280,335101,0.023485784919653918
2024-03-07,8280,8380,8100,8230,118587,-0.006038647342995196
2024-03-08,8230,8340,8110,8210,124701,-0.002430133657351119
2024-03-11,8090,8130,7530,7760,180985,-0.054811205846528654
2024-03-12,7710,7990,7710,7810,74495,0.006443298969072142
2024-03-13,7800,7940,7760,7850,47972,0.005121638924455718
2024-03-14,7800,7940,7630,7760,62770,-0.01146496815286624
2024-03-15,7630,7860,7580,7600,63578,-0.020618556701030966
2024-03-18,7730,7740,7550,7610,53099,0.001315789473684159
2024-03-19,7610,7950,7500,7710,134698,0.013140604467805517
2024-03-20,7710,7750,7510,7530,80505,-0.023346303501945553
2024-03-21,7590,7650,7510,7550,36892,0.0026560424966799445
2024-03-22,7550,7650,7490,7540,48877,-0.0013245033112583293
2024-03-25,7540,7740,7540,7670,46528,0.01724137931034475
2024-03-26,7680,8150,7640,7950,367792,0.036505867014341664
2024-03-27,7960,8010,7770,7780,144303,-0.021383647798742134
2024-03-28,7810,7930,7540,7560,117925,-0.028277634961439535
2024-03-29,7560,7680,7470,7480,47678,-0.010582010582010581
2024-04-01,7440,7600,7410,7460,36129,-0.002673796791443861
2024-04-02,7460,7540,7030,7160,110113,-0.04021447721179627
2024-04-03,7100,7220,7030,7110,39096,-0.006983240223463638
2024-04-04,7110,7230,7050,7090,47840,-0.002812939521800284
2024-04-05,7020,7270,6950,6950,61998,-0.019746121297602226
2024-04-08,6960,7050,6800,6830,42299,-0.01726618705035976
2024-04-09,6760,6920,6760,6830,46972,0.0
2024-04-11,6840,6900,6710,6870,19123,0.005856515373352744
2024-04-12,6820,7050,6820,7020,29815,0.02183406113537112
2024-04-15,6950,6950,6710,6790,67812,-0.03276353276353272
2024-04-16,6710,6790,6570,6640,60800,-0.022091310751104598
2024-04-17,6630,6870,6630,6810,24723,0.025602409638554313
2024-04-18,6830,6900,6800,6880,18558,0.010279001468428861
2024-04-19,6880,6910,6650,6750,26273,-0.018895348837209336
2024-04-22,6760,6820,6680,6750,24890,0.0
2024-04-23,6760,6870,6690,6690,33535,-0.008888888888888835
2024-04-24,6720,6930,6720,6870,45581,0.026905829596412634
2024-04-25,6880,6890,6750,6790,19351,-0.011644832605531286
2024-04-26,6820,6860,6740,6780,23256,-0.0014727540500736325
2024-04-29,6800,6880,6780,6850,20653,0.010324483775811188
2024-04-30,6840,6920,6810,6870,18428,0.0029197080291971655
2024-05-02,6860,7050,6860,7040,30442,0.024745269286754024
2024-05-03,6990,7060,6900,7040,28898,0.0
2024-05-07,7040,7060,6950,7010,24235,-0.0042613636363636465
2024-05-08,7010,7070,6900,7060,29362,0.007132667617689048
2024-05-09,7040,7080,6940,6940,17135,-0.016997167138810165
2024-05-10,6960,7030,6910,7010,15602,0.01008645533141217
2024-05-13,7010,7030,6920,7020,21865,0.0014265335235377208
2024-05-14,7030,7150,7020,7120,27871,0.014245014245014342
2024-05-16,7150,7200,7050,7100,18583,-0.002808988764044895
2024-05-17,7100,7120,6980,7000,36937,-0.014084507042253502
2024-05-20,7000,7050,6890,6950,26621,-0.0071428571428571175
2024-05-21,6810,6930,6720,6860,61557,-0.012949640287769792
2024-05-22,6800,6830,6720,6750,36211,-0.01603498542274051
2024-05-23,6720,6790,6630,6770,15515,0.002962962962963056
2024-05-24,6720,6780,6630,6680,18289,-0.013293943870014813
2024-05-27,6630,6680,6530,6680,34718,0.0
2024-05-28,6650,6910,6650,6710,33627,0.004491017964071808
2024-05-29,6730,6780,6610,6650,22154,-0.008941877794336861
2024-05-30,6650,6650,6510,6510,25700,-0.021052631578947323
2024-05-31,6510,6610,6500,6580,15897,0.010752688172043001
2024-06-03,6580,6650,6540,6590,18057,0.001519756838905817
2024-06-04,6520,6600,6510,6520,20269,-0.01062215477996964
2024-06-05,6510,6560,6470,6500,12622,-0.0030674846625766694
2024-06-07,6490,6540,6460,6500,15499,0.0
2024-06-10,6500,6510,6200,6260,115276,-0.03692307692307695
2024-06-11,6260,7160,6260,6390,1163508,0.02076677316293929
2024-06-12,6410,6530,6320,6320,98630,-0.010954616588419452
2024-06-13,6360,6430,6200,6320,73800,0.0
2024-06-14,6300,6330,6220,6310,53267,-0.0015822784810126667
2024-06-17,6320,6490,6310,6380,40451,0.011093502377178988
2024-06-18,6390,6490,6360,6440,41202,0.00940438871473348
2024-06-19,6450,8370,6440,7750,9380948,0.20341614906832306
2024-06-20,7810,7900,7360,7680,1623711,-0.00903225806451613
2024-06-21,7520,7630,7380,7620,735722,-0.0078125
2024-06-24,7450,8190,7250,7250,2268897,-0.048556430446194176
2024-06-25,7080,7290,6950,7190,386290,-0.008275862068965467
2024-06-26,7170,7200,6810,6870,301985,-0.0445062586926287
2024-06-27,6820,6930,6720,6870,152424,0.0
2024-06-28,6870,6970,6640,6640,200682,-0.033478893740902516
2024-07-01,6700,6800,6600,6640,71492,0.0
2024-07-02,6660,6720,6310,6610,162633,-0.004518072289156572
2024-07-03,6730,6980,6520,6610,195777,0.0
2024-07-04,6650,6700,6550,6610,44342,0.0
2024-07-05,6510,6600,6430,6430,91432,-0.027231467473525006
2024-07-08,6400,6600,6400,6510,62345,0.012441679626749691
2024-07-09,6510,6600,6450,6480,33496,-0.004608294930875556
2024-07-10,6450,6540,6440,6540,31319,0.0092592592592593
2024-07-11,6550,6610,6480,6510,39870,-0.004587155963302725
2024-07-12,6470,6550,6410,6420,44244,-0.01382488479262678
2024-07-15,6390,6500,6310,6470,39647,0.007788161993769416
2024-07-16,6470,6550,6400,6490,48829,0.0030911901081915882
2024-07-17,6490,6900,6460,6490,300323,0.0
2024-07-18,6490,6500,6310,6400,62124,-0.013867488443759624
2024-07-19,6400,6490,6360,6450,47221,0.0078125
2024-07-22,6500,6530,6300,6300,55678,-0.023255813953488413
2024-07-23,6280,6400,6270,6270,32695,-0.004761904761904745
2024-07-24,6240,6360,6100,6110,87058,-0.02551834130781494
2024-07-25,6030,6140,5950,6120,69314,0.0016366612111293755
2024-07-26,6060,6200,6060,6190,21528,0.011437908496731986
2024-07-29,6160,6250,6130,6190,25012,0.0
2024-07-30,6140,6200,6010,6100,30141,-0.014539579967689842
2024-07-31,6140,6200,6010,6200,28181,0.016393442622950838
2024-08-01,6150,6270,6150,6230,18480,0.004838709677419395
2024-08-02,6110,6230,5970,5990,46479,-0.038523274478330705
2024-08-05,5700,5840,4800,5050,137056,-0.1569282136894825
2024-08-06,5000,5520,5000,5400,87938,0.06930693069306937
2024-08-07,5300,5630,5300,5580,60403,0.03333333333333344
2024-08-08,5460,5600,5450,5560,15382,-0.0035842293906810374
2024-08-09,5650,5700,5600,5640,20573,0.014388489208633004
2024-08-12,5570,5800,5570,5750,32898,0.019503546099290725
2024-08-13,5710,5780,5560,5650,20690,-0.017391304347826098
2024-08-14,5680,5830,5680,5800,31625,0.026548672566371723
2024-08-16,5800,5890,5690,5700,23598,-0.017241379310344862
2024-08-19,5710,5760,5600,5660,21306,-0.007017543859649145
2024-08-20,5650,5780,5650,5730,21385,0.012367491166077826
2024-08-21,5730,5730,5500,5640,35309,-0.015706806282722474
2024-08-22,5590,5720,5530,5630,46531,-0.0017730496453900457
2024-08-23,6000,7140,5900,6590,7248083,0.1705150976909413
2024-08-26,6500,7090,6230,6620,2686976,0.004552352048558417
2024-08-27,6620,6900,6530,6760,964180,0.02114803625377637
2024-08-28,6630,6690,6330,6330,363935,-0.06360946745562135
2024-08-29,6230,6380,6020,6140,228529,-0.03001579778830965
2024-08-30,6140,6400,6100,6170,230278,0.004885993485342022
2024-09-02,6320,6350,5990,6120,122730,-0.008103727714748765
2024-09-03,6120,6130,5990,6010,96172,-0.017973856209150374
2024-09-04,5800,5880,5690,5870,97820,-0.02329450915141429
2024-09-05,6170,6740,5870,6100,1621290,0.03918228279386704
2024-09-06,6170,6170,5730,5760,205063,-0.05573770491803276
2024-09-09,5600,5770,5580,5660,180321,-0.01736111111111116
2024-09-10,5660,5770,5580,5660,64365,0.0
2024-09-11,5680,5930,5590,5630,74247,-0.005300353356890497
2024-09-12,5740,5820,5700,5810,54584,0.03197158081705154
2024-09-13,5810,5900,5700,5720,42706,-0.015490533562822706
2024-09-19,5720,6440,5590,6170,749354,0.07867132867132876
2024-09-20,5940,6020,5840,5880,190781,-0.04700162074554293
2024-09-23,5850,5960,5810,5850,60493,-0.005102040816326481
2024-09-24,5830,5940,5830,5860,56076,0.0017094017094017033
2024-09-25,5880,5970,5820,5820,56091,-0.0068259385665528916
2024-09-26,5860,6230,5820,6050,244445,0.03951890034364269
2024-09-27,6000,6110,5880,5980,80270,-0.011570247933884281
2024-09-30,6010,6040,5830,5830,47733,-0.025083612040133763
2024-10-02,5760,5910,5740,5800,41057,-0.005145797598627766
2024-10-04,5900,5930,5760,5820,25376,0.0034482758620688614
2024-10-07,5800,5910,5800,5910,22254,0.015463917525773141
2024-10-08,5900,5950,5840,5850,25927,-0.010152284263959421
2024-10-10,5850,5900,5810,5820,29939,-0.00512820512820511
2024-10-11,5780,5840,5760,5780,23893,-0.0068728522336769515
2024-10-14,5740,5850,5730,5790,20982,0.0017301038062282892
2024-10-15,6100,7520,5940,7520,6294754,0.298791018998273
2024-10-16,7220,7480,7090,7400,2510909,-0.015957446808510634
2024-10-17,7270,7620,6820,6980,2155433,-0.05675675675675673
2024-10-18,6890,6970,6700,6880,421796,-0.014326647564469885
2024-10-21,6860,6990,6790,6940,372636,0.008720930232558155
2024-10-22,7420,7560,6300,6300,2612534,-0.09221902017291062
2024-10-23,6360,6570,6300,6460,355653,0.025396825396825307
2024-10-24,6510,6730,6420,6530,674725,0.010835913312693402
2024-10-25,6460,7450,6460,7260,4113523,0.11179173047473201
2024-10-28,7260,7360,7160,7160,878081,-0.01377410468319562
2024-10-29,7700,8370,7330,7790,4039562,0.08798882681564235
2024-10-30,7570,7740,7350,7400,498241,-0.05006418485237485
2024-10-31,7330,7890,7160,7700,1482606,0.04054054054054057
2024-11-01,7410,7580,7130,7190,468201,-0.0662337662337662
2024-11-04,7220,7240,6890,7180,329093,-0.0013908205841446364
2024-11-05,7210,7530,7120,7120,442206,-0.00835654596100277
2024-11-06,7200,7290,6930,7140,273643,0.002808988764045006
2024-11-07,7300,7330,6600,6890,286480,-0.03501400560224088
2024-11-08,7570,8950,7570,7610,8634772,0.10449927431059503
2024-11-11,7890,8190,7630,7800,1195793,0.024967148488830526
2024-11-12,7600,8150,7600,7740,851224,-0.007692307692307665
2024-11-13,8120,8450,6760,6800,2142019,-0.12144702842377264
2024-11-14,7580,8300,7140,7270,4318840,0.0691176470588235
2024-11-15,7090,7360,7000,7130,513521,-0.019257221458046758
2024-11-18,7730,8200,7270,7430,1132815,0.04207573632538564
2024-11-19,7290,7690,7270,7670,577084,0.032301480484522305
2024-11-20,7710,7900,7390,7400,514364,-0.03520208604954367
2024-11-21,7710,7780,7030,7050,582432,-0.04729729729729726
2024-11-22,7340,7630,7160,7320,650488,0.038297872340425476
2024-11-25,7510,7960,7470,7790,647202,0.06420765027322406
2024-11-26,8170,8540,7750,7900,1401281,0.01412066752246477
2024-11-27,7740,7920,7720,7890,547300,-0.0012658227848101333
2024-11-28,8510,8920,7900,7950,2557255,0.0076045627376426506
2024-11-29,8020,8250,7650,7870,633253,-0.010062893081761004
2024-12-02,8140,8390,7960,8190,1057631,0.04066073697585759
2024-12-03,7980,8030,7700,8030,461431,-0.019536019536019578
2024-12-04,7810,8220,7580,7610,578456,-0.05230386052303859
2024-12-05,7620,7780,7180,7250,358173,-0.047306176084099816
2024-12-06,7400,7500,6860,7180,352929,-0.0096551724137931
2024-12-09,7150,7160,6520,6590,383372,-0.0821727019498607
2024-12-10,6630,7290,6620,7180,409263,0.08952959028831553
2024-12-11,8200,9330,7990,9330,4660437,0.29944289693593307
2024-12-12,9270,11580,9230,10700,17991855,0.14683815648445875
2024-12-13,10540,10700,9790,10130,1954035,-0.05327102803738315
2024-12-16,10300,12480,10030,11250,11949561,0.11056268509378087
2024-12-17,11730,12310,10760,10880,2657997,-0.032888888888888856
2024-12-18,11670,12270,10830,10950,2959775,0.006433823529411686
2024-12-19,10520,11350,10290,10390,1349485,-0.0511415525114155
2024-12-20,10110,10180,9530,9750,875509,-0.06159769008662175
2024-12-23,10200,10660,9870,9940,1389883,0.019487179487179596
2024-12-24,10040,10270,9640,9720,809722,-0.02213279678068414
2024-12-26,9870,10000,9600,9700,700056,-0.002057613168724326
2024-12-27,10470,12610,10230,12610,9450221,0.30000000000000004
2024-12-30,13780,15130,13750,14350,15661647,0.13798572561459155
2025-01-02,14300,14660,13990,14560,2661135,0.014634146341463428
2025-01-03,14460,15040,13830,14080,2967660,-0.03296703296703296
2025-01-06,14400,16380,14240,14640,6292444,0.03977272727272729
2025-01-07,14700,14840,13850,13970,1190693,-0.045765027322404395
2025-01-08,13310,13340,12720,12720,1230540,-0.08947745168217613
2025-01-09,10970,11500,10240,11340,2407893,-0.10849056603773588
2025-01-10,11550,11720,10770,11490,1713172,0.013227513227513255
2025-01-13,10980,11200,10430,10540,851063,-0.08268059181897303
2025-01-14,10000,10330,9710,10310,695510,-0.0218216318785579
2025-01-15,10880,11650,10300,10900,3045419,0.057225994180407413
2025-01-16,11880,11970,10950,11340,2029368,0.04036697247706411
2025-01-17,11300,11500,10950,11050,487344,-0.025573192239858877
2025-01-20,10600,11090,10570,10790,333599,-0.02352941176470591
2025-01-21,10680,10770,10290,10460,309910,-0.030583873957367946
2025-01-22,11440,12620,10740,11980,7794891,0.14531548757170176
2025-01-23,11260,11550,11060,11100,1228428,-0.07345575959933226
2025-01-24,10800,11130,10610,10920,412813,-0.01621621621621616
2025-01-31,10890,11120,10590,11010,357880,0.008241758241758212
2025-02-03,10930,10930,10080,10090,339751,-0.08356039963669393
2025-02-04,10550,12780,10500,11600,5904921,0.14965312190287405
2025-02-05,11600,11750,11360,11600,649286,0.0
2025-02-06,12010,13780,11780,12400,4540606,0.06896551724137923
2025-02-07,12010,12700,11910,12400,1048699,0.0
2025-02-10,12110,12470,11840,12100,930704,-0.024193548387096753
2025-02-11,13600,14020,12300,12340,3995117,0.01983471074380172
2025-02-12,11990,12550,11840,12300,549466,-0.0032414910858995505
2025-02-13,12800,13160,12010,12010,1070130,-0.023577235772357708
2025-02-14,11900,12090,11600,11700,334273,-0.025811823480432983
2025-02-17,11610,11950,11540,11900,262376,0.017094017094017033
2025-02-18,11850,12030,11750,12000,229746,0.008403361344537785
2025-02-19,11820,11860,11510,11820,354837,-0.015000000000000013
2025-02-20,12600,12880,11900,11960,1389112,0.011844331641285955
2025-02-21,12320,12350,11980,12170,429570,0.01755852842809369
2025-02-24,11680,11680,11370,11370,366004,-0.06573541495480695
2025-02-25,11110,12040,11010,11450,609610,0.0070360598065084545
2025-02-26,11270,11650,11170,11480,166893,0.0026200873362445254
2025-02-27,11410,11790,11070,11450,282688,-0.002613240418118501
2025-02-28,11000,11180,10840,10840,170275,-0.053275109170305646
2025-03-04,10730,10740,10270,10560,143189,-0.02583025830258301
2025-03-05,10600,11790,10600,11500,1240730,0.0890151515151516
2025-03-06,11600,11780,11340,11400,475695,-0.008695652173912993
2025-03-07,11110,11300,10850,10970,186683,-0.03771929824561404
2025-03-10,10970,11140,10820,11090,142436,0.010938924339106704
2025-03-11,10500,10600,10100,10590,177335,-0.04508566275924253
2025-03-12,10730,11100,10610,10630,182838,0.0037771482530688516
2025-03-13,11570,13500,11250,12450,10276345,0.17121354656632182
2025-03-14,12670,12690,12180,12460,1109022,0.0008032128514057213
2025-03-17,13640,13640,12520,12530,1968871,0.00561797752808979
2025-03-18,12950,14550,12910,13050,8726633,0.04150039904229841
2025-03-19,12630,13250,12460,12850,1330362,-0.01532567049808431
2025-03-20,12710,12710,12140,12160,588156,-0.05369649805447474
2025-03-21,11500,12000,11460,11700,392361,-0.03782894736842102
2025-03-24,11700,12120,11600,11800,271688,0.008547008547008517
2025-03-25,12460,12600,11800,11990,715796,0.01610169491525415
2025-03-26,11800,12080,11710,11860,205693,-0.010842368640533784
2025-03-27,11860,11990,11290,11350,246730,-0.04300168634064083
2025-03-28,11210,11340,10960,11050,170132,-0.026431718061673992
2025-03-31,10740,10890,10420,10470,175769,-0.052488687782805465
2025-04-01,10470,10790,10380,10560,159089,0.008595988538681931
2025-04-02,10650,11310,10400,10680,567045,0.011363636363636465
2025-04-03,10320,10800,10320,10380,177502,-0.028089887640449396
2025-04-04,10260,10550,10080,10480,182256,0.009633911368015502
2025-04-07,9810,10060,9440,9500,299425,-0.0935114503816794
2025-04-08,10010,10100,9670,9790,209214,0.030526315789473735
2025-04-09,9440,9780,9110,9260,163398,-0.05413687436159342
2025-04-10,10090,10450,9690,9860,232557,0.06479481641468676
2025-04-11,9800,10360,9710,10360,216481,0.05070993914807298
2025-04-14,10410,10710,10250,10570,241119,0.020270270270270174
2025-04-15,10400,13100,10340,11370,6439420,0.0756859035004731
2025-04-16,11300,11560,11020,11520,652031,0.013192612137203241
2025-04-17,11510,12330,11260,11490,1773767,-0.0026041666666666297
2025-04-18,11790,12190,11600,11740,929095,0.021758050478677182
2025-04-21,11730,11890,11420,11420,249116,-0.027257240204429323
2025-04-22,11300,11460,11110,11290,197477,-0.011383537653239961
2025-04-23,11400,11530,11230,11350,147580,0.005314437555358653
2025-04-24,11650,11850,11290,11290,573041,-0.005286343612334821
2025-04-25,11400,11470,11130,11150,193311,-0.01240035429583708
2025-04-28,11770,11850,11260,11390,607119,0.021524663677130018
2025-04-29,11640,11780,11160,11180,288908,-0.01843722563652328
2025-04-30,11150,11150,10760,10770,141069,-0.03667262969588547
2025-05-02,10730,10835,10540,10560,95736,-0.01949860724233987
2025-05-07,10650,11120,10600,11120,129333,0.05303030303030298
2025-05-08,11080,11320,11020,11300,127619,0.01618705035971213
2025-05-09,11700,11770,11140,11250,351784,-0.004424778761061954
2025-05-12,11260,11450,11150,11310,122670,0.005333333333333412
2025-05-13,11310,11410,11210,11300,197784,-0.0008841732979664174
2025-05-14,11780,11800,11370,11430,368897,0.011504424778761013
2025-05-15,11550,11900,11460,11480,445876,0.004374453193350725
2025-05-16,11500,11580,10860,10900,192184,-0.05052264808362372
2025-05-19,10790,10790,10510,10570,95672,-0.03027522935779814
2025-05-20,10780,10970,10540,10570,87381,0.0
2025-05-21,10750,11800,10620,10880,658724,0.029328287606433356
2025-05-22,10970,10970,10360,10390,171246,-0.04503676470588236
2025-05-23,11190,11190,10370,10400,289378,0.0009624639076035724
2025-05-26,10460,10470,10300,10430,87279,0.0028846153846153744
2025-05-27,10430,10460,10300,10310,89738,-0.011505273250239645
2025-05-28,10410,10440,10300,10340,94674,0.0029097963142579175
2025-05-29,10370,10380,10280,10340,90486,0.0
2025-05-30,10250,10290,10030,10260,85001,-0.007736943907156624
2025-06-02,10200,10290,10090,10180,41758,-0.007797270955165692
2025-06-04,10180,10360,10070,10320,82842,0.013752455795677854
2025-06-05,10320,10440,10220,10300,79206,-0.0019379844961240345
2025-06-09,10350,11000,10350,10950,315968,0.06310679611650483
2025-06-10,10950,10950,10630,10730,118175,-0.020091324200913196
2025-06-11,10760,11390,10650,10940,399026,0.019571295433364444
2025-06-12,11290,11480,10890,10940,376847,0.0
2025-06-13,11000,11080,10390,10450,193913,-0.04478976234003651
2025-06-16,10400,10900,10200,10900,173719,0.04306220095693769
2025-06-17,10990,11190,10650,10900,184627,0.0
2025-06-18,10900,11100,10700,10990,148695,0.008256880733944927
2025-06-19,11220,11850,11020,11630,814617,0.0582347588717016
2025-06-20,11610,11640,11090,11270,242561,-0.03095442820292349
2025-06-23,10990,11390,10910,11190,194517,-0.00709849157054121
2025-06-24,11210,11410,11120,11330,194947,0.01251117068811447
2025-06-25,11400,11450,10970,10990,145359,-0.030008826125330956
2025-06-26,10920,10960,10500,10580,148031,-0.03730664240218384
2025-06-27,10670,10740,10400,10410,100330,-0.016068052930056753
2025-06-30,10410,10470,10210,10330,73363,-0.007684918347742542
2025-07-01,10800,10800,10290,10300,45551,-0.0029041626331074433
2025-07-02,10380,10380,10010,10100,56785,-0.01941747572815533
2025-07-03,10480,10490,10180,10200,42798,0.00990099009900991
2025-07-04,10260,10270,9880,9980,46829,-0.021568627450980427
2025-07-07,10000,10090,9900,9900,24121,-0.008016032064128265
2025-07-08,9930,10080,9880,9920,20676,0.002020202020202033
2025-07-09,9940,9950,9700,9870,47446,-0.005040322580645129
2025-07-10,9980,10020,9720,9920,36732,0.005065856129685908
2025-07-11,9920,9980,9750,9790,30867,-0.01310483870967738
2025-07-14,9890,9890,9480,9500,41806,-0.02962206332992845
2025-07-15,9580,9650,9450,9560,23735,0.006315789473684275
2025-07-16,9570,9640,9390,9390,23798,-0.01778242677824271
2025-07-17,9840,9840,9370,9480,52161,0.009584664536741228
2025-07-18,9690,9700,9400,9480,24247,0.0
2025-07-21,9480,9500,9350,9480,20269,0.0
2025-07-22,9470,9470,9240,9240,36485,-0.025316455696202556
2025-07-23,9230,9240,8990,9080,35773,-0.017316017316017285
2025-07-24,9150,9170,8990,9100,29004,0.0022026431718060735
2025-07-25,9100,9250,9010,9180,15907,0.00879120879120876
2025-07-28,9210,9220,9060,9090,15737,-0.009803921568627416
2025-07-29,9130,9140,8960,9130,13982,0.004400440044004306
2025-07-30,9020,9110,8980,8980,15364,-0.01642935377875132
2025-07-31,9010,9120,8990,9100,14619,0.013363028953229383
2025-08-01,9160,9160,8560,8620,53709,-0.05274725274725278
2025-08-04,8620,9000,8600,8980,40741,0.0417633410672853
2025-08-05,9070,9070,8860,8940,21047,-0.0044543429844098315
2025-08-06,10400,11170,9310,9310,2723959,0.04138702460850108
2025-08-07,9260,9260,8960,8980,147838,-0.03544575725026855
2025-08-08,9000,9070,8940,8960,65544,-0.00222717149220486
2025-08-11,8880,9020,8880,8930,49290,-0.0033482142857143016
2025-08-12,10470,10980,9350,9370,1177337,0.04927211646136609
2025-08-13,9470,9690,9270,9670,187705,0.03201707577374591
2025-08-14,9550,9710,9500,9690,98321,0.0020682523267838704
2025-08-18,9620,9630,9450,9560,63738,-0.013415892672858587
2025-08-19,9450,9530,9320,9370,47746,-0.01987447698744771
2025-08-20,8980,9160,8950,9160,85855,-0.022411953041622246
2025-08-21,9100,9500,9100,9250,74115,0.009825327510917026
2025-08-22,9300,9450,9150,9230,56890,-0.00216216216216214
2025-08-25,9500,9600,9430,9560,69580,0.03575297941495115
2025-08-26,9550,9610,9360,9540,41875,-0.0020920502092049986
2025-08-27,9710,9720,9480,9630,57478,0.009433962264151052
2025-08-28,9510,9530,9400,9440,32564,-0.019730010384215957
2025-08-29,9690,9690,9400,9440,47432,0.0
2025-09-01,9370,9440,9120,9220,35288,-0.02330508474576276
2025-09-02,9280,9360,9210,9270,24010,0.005422993492407713
2025-09-03,9380,9380,9240,9260,16565,-0.0010787486515642097
2025-09-04,9230,9410,9230,9330,32319,0.0075593952483801186
2025-09-05,9400,9400,9270,9350,20769,0.002143622722400762
2025-09-08,9260,9460,9260,9410,22736,0.0064171122994651775
2025-09-09,9530,9580,9330,9470,52613,0.006376195536663021
2025-09-10,9760,9830,9560,9590,64084,0.012671594508975703
2025-09-11,9620,9680,9500,9600,29348,0.0010427528675704956
2025-09-12,9710,9730,9590,9650,80468,0.005208333333333259
2025-09-15,10530,10530,9990,10000,296934,0.03626943005181338
2025-09-16,10530,10990,9890,9920,240876,-0.008000000000000007
2025-09-17,10210,10380,10070,10110,159597,0.019153225806451513
2025-09-18,10510,11290,10300,10680,1245472,0.05637982195845703
2025-09-19,10870,10900,10340,10400,211379,-0.02621722846441943
2025-09-22,11570,11740,10810,10860,545718,0.044230769230769296
2025-09-23,10970,10970,10450,10660,182785,-0.018416206261510082
2025-09-24,11170,11190,10750,10990,356149,0.030956848030018858
2025-09-25,10790,10800,10620,10700,98866,-0.02638762511373971
2025-09-26,10420,10460,10100,10120,94549,-0.0542056074766355
2025-09-29,10190,10330,10100,10130,52851,0.000988142292490224
2025-09-30,9980,10250,9950,10060,73491,-0.00691016781836129
2025-10-01,10060,10110,9910,9980,44624,-0.007952286282306154
2025-10-02,10090,10110,9990,10000,35481,0.002004008016031955
2025-10-10,10930,11070,10600,10870,229726,0.08699999999999997
2025-10-13,10430,10990,10380,10930,160495,0.005519779208831732
2025-10-14,12020,12340,11390,11520,1105741,0.05397987191216824
2025-10-15,11390,11500,11110,11400,176283,-0.01041666666666663
2025-10-16,11610,11670,11310,11320,158493,-0.007017543859649145
2025-10-17,10850,10910,10710,10710,81174,-0.05388692579505305
2025-10-20,10770,10840,10500,10820,68257,0.010270774976657293
2025-10-21,10700,10800,10530,10750,67749,-0.006469500924214389
2025-10-22,10770,11290,10600,11190,132047,0.040930232558139545
2025-10-23,10900,12870,10790,12330,2441132,0.10187667560321723
2025-10-24,12090,12160,11600,11600,390030,-0.05920519059205187
2025-10-27,12070,12150,11610,11830,215883,0.01982758620689662
2025-10-28,12090,12290,11660,11670,339724,-0.013524936601859716
2025-10-29,11920,12050,11740,11880,180381,0.01799485861182526
2025-10-30,11930,12040,11400,11440,152454,-0.03703703703703709
2025-10-31,11400,11570,11250,11440,79247,0.0
2025-11-03,11590,11630,11450,11490,69848,0.004370629370629375
2025-11-04,11310,11400,11120,11130,76345,-0.031331592689295085
2025-11-05,10800,10900,10290,10640,92649,-0.04402515723270439
2025-11-06,10850,11280,10660,11050,108972,0.03853383458646609
2025-11-07,10650,10830,10500,10590,52718,-0.04162895927601806
2025-11-10,10700,10850,10590,10810,44568,0.020774315391879128
2025-11-11,10800,10930,10480,10600,50161,-0.01942645698427381
2025-11-12,10550,10740,10520,10680,33218,0.007547169811320753
2025-11-13,10600,10680,10400,10580,53005,-0.009363295880149836
2025-11-14,10350,10400,10090,10110,58825,-0.04442344045368618
2025-11-17,10200,10300,10080,10280,24548,0.016815034619188873
2025-11-18,10120,10210,9800,9850,66926,-0.04182879377431903
2025-11-19,9900,10050,9700,9800,30223,-0.005076142131979711
2025-11-20,9990,10050,9870,9980,23408,0.01836734693877551
2025-11-21,9790,9790,9510,9540,36722,-0.044088176352705455
2025-11-24,9620,9710,9510,9570,26737,0.003144654088050425
2025-11-25,10320,10500,9870,9870,117328,0.03134796238244508
2025-11-26,9800,9890,9690,9890,45829,0.0020263424518742745
2025-11-27,9950,10000,9780,9820,25697,-0.00707785642062686
2025-11-28,9780,9980,9760,9900,47005,0.008146639511201537
2025-12-01,10160,10280,9950,10010,68916,0.011111111111111072
2025-12-02,9900,10050,9820,9930,46847,-0.007992007992007943
2025-12-03,10050,10130,9950,10070,34855,0.014098690835850913
2025-12-04,10240,10255,10020,10170,46121,0.009930486593842991
2025-12-05,10600,10710,10220,10260,106375,0.008849557522123908
2025-12-08,10270,10270,10110,10130,34619,-0.012670565302144277
2025-12-09,10130,10200,10060,10180,20211,0.0049358341559724295
2025-12-10,10060,10120,9970,10070,38121,-0.01080550098231825
