Date,Open,High,Low,Close,Volume,Change
2022-01-03,1860,1904,1860,1904,104371,0.023655913978494647
2022-01-04,1909,1930,1876,1909,148989,0.002626050420168058
2022-01-05,1909,1937,1871,1937,132489,0.014667365112624342
2022-01-06,1898,1914,1870,1909,212349,-0.01445534331440368
2022-01-07,1892,2079,1876,1931,1253677,0.011524358302776427
2022-01-10,1959,1959,1909,1959,169483,0.014500258933195287
2022-01-11,1969,2008,1937,1937,461960,-0.011230219499744787
2022-01-12,1936,1974,1903,1964,185058,0.013939081053174984
2022-01-13,1975,2052,1948,2025,448014,0.031059063136456233
2022-01-14,2019,2019,1948,1970,225073,-0.02716049382716046
2022-01-17,1958,1969,1892,1953,164832,-0.00862944162436552
2022-01-18,1920,1953,1849,1882,234803,-0.0363543266769073
2022-01-19,1826,1870,1821,1843,117003,-0.020722635494155206
2022-01-20,1843,1903,1827,1882,110423,0.02116115029842658
2022-01-21,1898,1980,1887,1948,338739,0.03506907545164717
2022-01-24,1947,1986,1843,1849,299404,-0.05082135523613962
2022-01-25,1848,1881,1623,1640,928886,-0.11303407247160624
2022-01-26,1624,1706,1624,1690,137755,0.030487804878048808
2022-01-27,1700,1722,1612,1640,170992,-0.029585798816568087
2022-01-28,1640,1684,1579,1684,151638,0.02682926829268295
2022-02-03,1706,1777,1701,1756,139899,0.04275534441805218
2022-02-04,1760,1831,1760,1810,75699,0.03075170842824604
2022-02-07,1810,1826,1772,1805,85716,-0.002762430939226568
2022-02-08,1805,1821,1778,1800,90240,-0.0027700831024930483
2022-02-09,1799,1848,1799,1827,136391,0.014999999999999902
2022-02-10,1832,1870,1821,1838,127653,0.006020799124247356
2022-02-11,1815,1821,1783,1805,82297,-0.01795429815016325
2022-02-14,1733,1783,1690,1712,142415,-0.05152354570637119
2022-02-15,1711,1744,1656,1684,166350,-0.016355140186915862
2022-02-16,1706,1766,1706,1761,134560,0.04572446555819476
2022-02-17,1788,1810,1728,1761,209510,0.0
2022-02-18,1750,1800,1728,1800,130871,0.022146507666098714
2022-02-21,1799,1799,1739,1794,72881,-0.0033333333333332993
2022-02-22,1777,1777,1722,1739,91542,-0.030657748049052413
2022-02-23,1728,1788,1728,1767,125261,0.016101207590569322
2022-02-24,1777,1782,1722,1739,178339,-0.015846066779852896
2022-02-25,1739,1909,1739,1800,924312,0.035077630822311745
2022-02-28,1816,1854,1805,1838,132480,0.02111111111111108
2022-03-02,1837,1903,1832,1887,261217,0.026659412404787863
2022-03-03,1887,1908,1859,1887,129606,0.0
2022-03-04,1881,1914,1859,1909,116072,0.011658717541070507
2022-03-07,1909,1909,1849,1882,110349,-0.014143530644316393
2022-03-08,1821,1875,1804,1854,135178,-0.014877789585547307
2022-03-10,1849,1870,1838,1849,92858,-0.0026968716289104133
2022-03-11,1848,1892,1832,1865,106618,0.008653326122228133
2022-03-14,1870,1870,1772,1794,173208,-0.03806970509383378
2022-03-15,1761,1783,1717,1745,129862,-0.027313266443701245
2022-03-16,1750,1794,1744,1794,119109,0.02808022922636111
2022-03-17,1821,1848,1810,1816,78867,0.012263099219620877
2022-03-18,1816,1838,1789,1800,196198,-0.008810572687224627
2022-03-21,1799,1815,1788,1794,65644,-0.0033333333333332993
2022-03-22,1799,1826,1793,1821,85157,0.015050167224080369
2022-03-23,1821,1832,1789,1800,186015,-0.011532125205930832
2022-03-24,1799,1859,1788,1854,193300,0.030000000000000027
2022-03-25,1853,1859,1804,1810,123101,-0.02373247033441206
2022-03-28,1826,1832,1777,1783,89607,-0.014917127071823244
2022-03-29,1788,1815,1783,1794,74671,0.006169377453729696
2022-03-30,1810,1815,1761,1761,165230,-0.018394648829431426
2022-03-31,1761,1804,1761,1772,95283,0.006246450880181609
2022-04-01,1771,1826,1771,1810,135532,0.021444695259593693
2022-04-04,1810,1832,1799,1832,121881,0.012154696132596676
2022-04-05,1843,1886,1821,1843,251530,0.006004366812227158
2022-04-06,1859,1859,1793,1810,167269,-0.017905588714053122
2022-04-07,1810,1810,1745,1778,125335,-0.0176795580110497
2022-04-08,1761,1788,1744,1761,105623,-0.009561304836895435
2022-04-11,1744,1755,1634,1695,228200,-0.03747870528109032
2022-04-12,1667,1695,1635,1657,291359,-0.022418879056047225
2022-04-13,1656,1694,1651,1673,249762,0.00965600482800233
2022-04-14,1684,1700,1656,1684,161024,0.006575014943215773
2022-04-15,1683,1683,1634,1640,228156,-0.026128266033254133
2022-04-18,1640,1650,1612,1640,99421,0.0
2022-04-19,1629,1667,1629,1662,135740,0.013414634146341475
2022-04-20,1672,1672,1645,1662,101593,0.0
2022-04-21,1668,1684,1651,1679,83158,0.010228640192539107
2022-04-22,1661,1661,1623,1651,144114,-0.016676593210244173
2022-04-25,1607,1635,1569,1575,290187,-0.0460327074500303
2022-04-26,1574,1606,1574,1596,108215,0.01333333333333342
2022-04-27,1568,1585,1535,1585,187328,-0.006892230576441061
2022-04-28,1574,1596,1536,1542,152764,-0.02712933753943214
2022-04-29,1553,1585,1553,1575,113477,0.021400778210116655
2022-05-02,1574,1601,1563,1596,91211,0.01333333333333342
2022-05-03,1596,1606,1585,1596,67024,0.0
2022-05-04,1595,1612,1557,1585,120110,-0.006892230576441061
2022-05-06,1563,1585,1536,1542,81623,-0.02712933753943214
2022-05-09,1541,1580,1498,1509,222688,-0.021400778210116767
2022-05-10,1470,1530,1426,1520,271120,0.0072895957587806315
2022-05-11,1503,1535,1503,1525,93921,0.00328947368421062
2022-05-12,1514,1519,1432,1443,216733,-0.05377049180327864
2022-05-13,1437,1481,1437,1465,123276,0.01524601524601521
2022-05-16,1486,1519,1481,1492,76025,0.018430034129692796
2022-05-17,1503,1541,1503,1509,79895,0.011394101876675666
2022-05-18,1514,1541,1498,1498,66891,-0.0072895957587806315
2022-05-19,1481,1481,1448,1454,70439,-0.029372496662216308
2022-05-20,1453,1480,1453,1459,95449,0.003438789546079679
2022-05-23,1459,1508,1459,1498,60797,0.02673063742289239
2022-05-24,1497,1503,1459,1465,59250,-0.02202937249666226
2022-05-25,1458,1469,1431,1448,101562,-0.011604095563139905
2022-05-26,1459,1464,1437,1443,70283,-0.0034530386740331265
2022-05-27,1448,1464,1442,1459,34438,0.011088011088011163
2022-05-30,1459,1497,1459,1492,59393,0.022618231665524346
2022-05-31,1502,1508,1475,1492,105371,0.0
2022-06-02,1492,1524,1481,1514,94043,0.014745308310991856
2022-06-03,1514,1525,1498,1509,44105,-0.0033025099075296716
2022-06-07,1497,1503,1459,1476,91139,-0.021868787276341894
2022-06-08,1459,1481,1459,1481,57436,0.003387533875338855
2022-06-09,1480,1480,1437,1448,76346,-0.022282241728561747
2022-06-10,1448,1448,1415,1421,77698,-0.018646408839778972
2022-06-13,1377,1404,1306,1328,258264,-0.06544686840253344
2022-06-14,1273,1339,1240,1339,289711,0.008283132530120474
2022-06-15,1305,1354,1283,1300,524493,-0.029126213592232997
2022-06-16,1300,1377,1300,1350,174321,0.03846153846153855
2022-06-17,1349,1349,1272,1311,136285,-0.028888888888888853
2022-06-20,1310,1327,1168,1212,385550,-0.07551487414187641
2022-06-21,1201,1233,1195,1212,114753,0.0
2022-06-22,1217,1272,1130,1130,242963,-0.06765676567656764
2022-06-23,1129,1157,1075,1075,218169,-0.04867256637168138
2022-06-24,1076,1140,1076,1135,106169,0.05581395348837215
2022-06-27,1146,1245,1146,1240,199070,0.09251101321585908
2022-06-28,1251,1278,1223,1262,117450,0.01774193548387104
2022-06-29,1228,1277,1206,1267,67439,0.003961965134706924
2022-06-30,1266,1272,1195,1212,78557,-0.04340962904498813
2022-07-01,1195,1239,1152,1163,80333,-0.04042904290429039
2022-07-04,1157,1184,1102,1130,118469,-0.02837489251934655
2022-07-05,1129,1184,1129,1179,68195,0.04336283185840717
2022-07-06,1212,1212,1157,1174,69228,-0.004240882103477506
2022-07-07,1173,1206,1173,1201,41814,0.022998296422487297
2022-07-08,1217,1233,1190,1201,67528,0.0
2022-07-11,1212,1272,1195,1234,162821,0.02747710241465451
2022-07-12,1239,1250,1162,1190,124654,-0.03565640194489461
2022-07-13,1185,1217,1168,1207,77141,0.014285714285714235
2022-07-14,1207,1250,1207,1240,77330,0.027340513670256916
2022-07-15,1245,1250,1196,1207,83276,-0.02661290322580645
2022-07-18,1207,1256,1207,1251,79918,0.03645401822700922
2022-07-19,1251,1283,1251,1273,76070,0.017585931254995968
2022-07-20,1289,1316,1262,1273,161692,0.0
2022-07-21,1273,1316,1256,1306,91546,0.025923016496465
2022-07-22,1300,1311,1267,1284,73134,-0.016845329249617125
2022-07-25,1284,1289,1267,1284,35234,0.0
2022-07-26,1284,1289,1273,1284,23141,0.0
2022-07-27,1283,1283,1245,1262,62183,-0.01713395638629278
2022-07-28,1262,1366,1262,1295,207517,0.0261489698890649
2022-07-29,1310,1321,1289,1300,89167,0.0038610038610038533
2022-08-01,1300,1310,1272,1300,73775,0.0
2022-08-02,1322,1322,1223,1262,167124,-0.029230769230769282
2022-08-03,1267,1283,1261,1278,38526,0.01267828843106189
2022-08-04,1283,1300,1278,1300,47559,0.017214397496087663
2022-08-05,1295,1338,1289,1328,127902,0.021538461538461506
2022-08-08,1327,1382,1316,1344,164690,0.012048192771084265
2022-08-09,1333,1355,1311,1350,67656,0.0044642857142858094
2022-08-10,1344,1344,1306,1328,82655,-0.016296296296296253
2022-08-11,1317,1328,1300,1328,78371,0.0
2022-08-12,1327,1327,1289,1300,115190,-0.02108433734939763
2022-08-16,1310,1316,1289,1300,75709,0.0
2022-08-17,1294,1299,1272,1278,81723,-0.01692307692307693
2022-08-18,1277,1283,1256,1256,76620,-0.017214397496087663
2022-08-19,1272,1272,1251,1251,37066,-0.00398089171974525
2022-08-22,1239,1239,1201,1201,88712,-0.03996802557953638
2022-08-23,1190,1212,1163,1207,81673,0.004995836802664355
2022-08-24,1196,1218,1190,1218,76006,0.009113504556752305
2022-08-25,1245,1278,1228,1278,63440,0.049261083743842304
2022-08-26,1283,1294,1251,1251,65088,-0.021126760563380254
2022-08-29,1212,1228,1195,1223,55181,-0.022382094324540414
2022-08-30,1212,1234,1207,1218,71247,-0.00408830744071953
2022-08-31,1217,1244,1212,1234,42076,0.013136288998357948
2022-09-01,1239,1294,1223,1256,163866,0.017828200972447306
2022-09-02,1250,1283,1245,1267,52411,0.00875796178343946
2022-09-05,1250,1256,1218,1240,70878,-0.02131018153117603
2022-09-06,1240,1261,1229,1251,34142,0.00887096774193541
2022-09-07,1250,1250,1201,1212,65233,-0.031175059952038398
2022-09-08,1212,1575,1207,1575,9115269,0.29950495049504955
2022-09-13,1591,1668,1443,1668,5350899,0.059047619047619015
2022-09-14,1569,1695,1464,1580,2737361,-0.052757793764988015
2022-09-15,1558,1591,1492,1498,1367306,-0.051898734177215244
2022-09-16,1497,1530,1415,1448,1043045,-0.03337783711615483
2022-09-19,1448,1541,1338,1355,1455256,-0.06422651933701662
2022-09-20,1371,1404,1338,1377,499792,0.01623616236162362
2022-09-21,1393,1431,1376,1404,506134,0.019607843137254832
2022-09-22,1376,1497,1349,1481,923298,0.054843304843304796
2022-09-23,1481,1481,1382,1388,433344,-0.062795408507765
2022-09-26,1360,1366,1229,1262,825875,-0.09077809798270897
2022-09-27,1261,1261,1174,1229,411815,-0.02614896988906501
2022-09-28,1228,1234,1097,1130,461301,-0.080553295362083
2022-09-29,1151,1184,1129,1135,199031,0.004424778761061843
2022-09-30,1135,1140,1075,1119,261596,-0.014096916299559448
2022-10-04,1124,1190,1124,1185,212328,0.05898123324396787
2022-10-05,1201,1223,1130,1174,272113,-0.009282700421940904
2022-10-06,1184,1228,1168,1223,155651,0.041737649063032345
2022-10-07,1222,1228,1173,1190,126445,-0.02698282910874894
2022-10-11,1162,1168,1119,1119,103216,-0.0596638655462185
2022-10-12,1103,1130,1097,1103,177110,-0.01429848078641649
2022-10-13,1113,1118,1033,1063,244580,-0.036264732547597434
2022-10-14,1086,1113,1086,1103,103528,0.03762935089369712
2022-10-17,1108,1130,1077,1114,149686,0.00997280145058932
2022-10-18,1129,1162,1124,1157,90907,0.03859964093357271
2022-10-19,1156,1167,1135,1135,81456,-0.019014693171996555
2022-10-20,1135,1399,1135,1262,5376366,0.11189427312775324
2022-10-21,1261,1316,1124,1152,1205444,-0.08716323296354989
2022-10-24,1162,1211,1146,1168,429289,0.01388888888888884
2022-10-25,1179,1360,1179,1223,1513742,0.047089041095890405
2022-10-26,1250,1338,1201,1207,934413,-0.013082583810302584
2022-10-27,1206,1228,1195,1223,241203,0.013256006628003414
2022-10-28,1211,1211,1168,1179,228756,-0.035977105478331994
2022-10-31,1267,1530,1261,1465,12984671,0.2425784563189144
2022-11-01,1459,1486,1344,1366,4164308,-0.06757679180887377
2022-11-02,1393,1398,1305,1344,1344487,-0.016105417276720324
2022-11-03,1289,1339,1284,1339,783409,-0.0037202380952381375
2022-11-04,1327,1360,1262,1295,2151869,-0.03286034353995515
2022-11-07,1295,1338,1284,1328,438341,0.025482625482625476
2022-11-08,1316,1332,1294,1311,429106,-0.012801204819277157
2022-11-09,1311,1332,1300,1311,358780,0.0
2022-11-10,1300,1300,1267,1284,267444,-0.020594965675057253
2022-11-11,1306,1327,1284,1306,371517,0.017133956386292892
2022-11-14,1316,1343,1283,1333,398924,0.020673813169984623
2022-11-15,1344,1344,1300,1328,303314,-0.0037509377344335793
2022-11-16,1317,1355,1306,1339,453091,0.008283132530120474
2022-11-17,1338,1354,1311,1333,180399,-0.004480955937266606
2022-11-18,1327,1332,1289,1289,222490,-0.03300825206301572
2022-11-21,1288,1288,1195,1223,641024,-0.05120248254460824
2022-11-22,1201,1256,1195,1256,284684,0.02698282910874905
2022-11-23,1255,1255,1223,1234,137143,-0.017515923566879033
2022-11-24,1234,1261,1217,1245,176891,0.008914100486223653
2022-11-25,1234,1283,1234,1267,217874,0.017670682730923648
2022-11-28,1272,1272,1218,1218,216026,-0.03867403314917128
2022-11-29,1196,1262,1196,1262,115453,0.03612479474548436
2022-11-30,1250,1283,1245,1267,134807,0.003961965134706924
2022-12-01,1277,1299,1239,1256,261764,-0.008681925808997626
2022-12-02,1256,1316,1250,1300,374333,0.035031847133758065
2022-12-05,1305,1338,1289,1322,256495,0.01692307692307682
2022-12-06,1322,1322,1289,1322,153706,0.0
2022-12-07,1311,1365,1300,1311,440552,-0.008320726172465931
2022-12-08,1284,1338,1273,1284,205395,-0.020594965675057253
2022-12-09,1300,1316,1273,1295,253653,0.008566978193146335
2022-12-12,1305,1305,1256,1256,127508,-0.030115830115830078
2022-12-13,1244,1261,1217,1223,233131,-0.026273885350318493
2022-12-14,1234,1283,1229,1273,150442,0.04088307440719552
2022-12-15,1278,1305,1267,1284,159033,0.008641005498821741
2022-12-16,1267,1272,1245,1251,77989,-0.025700934579439227
2022-12-19,1245,1289,1240,1273,77024,0.017585931254995968
2022-12-20,1256,1272,1207,1218,167490,-0.04320502749410837
2022-12-21,1217,1228,1174,1185,159241,-0.027093596059113323
2022-12-22,1190,1228,1190,1218,82725,0.02784810126582271
2022-12-23,1228,1228,1163,1163,146901,-0.0451559934318555
2022-12-26,1162,1173,1135,1146,79346,-0.014617368873602765
2022-12-27,1145,1173,1124,1135,112039,-0.009598603839441555
2022-12-28,1146,1162,1130,1141,98208,0.00528634361233471
2022-12-29,1130,1135,1108,1130,91746,-0.009640666082383897
2023-01-02,1129,1178,1129,1135,126773,0.004424778761061843
2023-01-03,1129,1157,1118,1157,82491,0.01938325991189438
2023-01-04,1146,1195,1140,1190,104152,0.028522039757994833
2023-01-05,1201,1223,1179,1185,92322,-0.004201680672268893
2023-01-06,1185,1201,1174,1196,74321,0.009282700421940904
2023-01-09,1195,1222,1184,1212,75946,0.013377926421404673
2023-01-10,1212,1228,1201,1207,38096,-0.004125412541254092
2023-01-11,1207,1234,1196,1218,132224,0.009113504556752305
2023-01-12,1223,1228,1207,1218,66747,0.0
2023-01-13,1217,1228,1196,1207,83873,-0.009031198686371145
2023-01-16,1212,1569,1212,1569,2802657,0.2999171499585749
2023-01-17,1782,1925,1601,1640,21945207,0.04525175270873172
2023-01-18,1667,1859,1590,1640,10924444,0.0
2023-01-19,1585,1612,1508,1536,2180216,-0.06341463414634141
2023-01-20,1508,1530,1464,1481,1610737,-0.03580729166666663
2023-01-25,1481,1484,1426,1456,1116841,-0.016880486158001307
2023-01-26,1448,1508,1437,1480,1749237,0.016483516483516425
2023-01-27,1482,1485,1449,1456,626838,-0.01621621621621616
2023-01-30,1456,1477,1412,1425,621160,-0.021291208791208827
2023-01-31,1397,1431,1381,1429,507857,0.0028070175438597023
2023-02-01,1428,1435,1404,1419,307557,-0.0069979006298110935
2023-02-02,1426,1491,1404,1488,947149,0.04862579281183943
2023-02-03,1491,1500,1415,1426,1063616,-0.04166666666666663
2023-02-06,1426,1469,1421,1443,791413,0.01192145862552585
2023-02-07,1431,1440,1404,1425,647102,-0.012474012474012475
2023-02-08,1425,1428,1389,1399,608909,-0.01824561403508773
2023-02-09,1413,1413,1344,1353,819354,-0.03288062902072908
2023-02-10,1354,1381,1317,1369,547359,0.01182557280118246
2023-02-13,1381,1392,1327,1365,282881,-0.0029218407596786067
2023-02-14,1367,1401,1367,1400,308240,0.02564102564102555
2023-02-15,1408,1409,1336,1347,335199,-0.03785714285714281
2023-02-16,1341,1376,1341,1355,187448,0.005939123979213035
2023-02-17,1352,1420,1321,1379,411260,0.0177121771217712
2023-02-20,1377,1417,1357,1387,314985,0.005801305293691161
2023-02-21,1387,1404,1369,1384,174456,-0.00216294160057684
2023-02-22,1366,1391,1352,1352,197985,-0.023121387283236983
2023-02-23,1351,1387,1339,1371,198574,0.014053254437869755
2023-02-24,1371,1385,1340,1357,155072,-0.010211524434719177
2023-02-27,1357,1436,1327,1397,1188903,0.029476787030213725
2023-02-28,1402,1430,1398,1420,421220,0.01646385110952031
2023-03-02,1419,1419,1373,1392,411636,-0.019718309859154903
2023-03-03,1402,1432,1393,1407,274321,0.010775862068965525
2023-03-06,1416,1416,1362,1410,257802,0.002132196162046851
2023-03-07,1409,1454,1392,1445,547540,0.024822695035461084
2023-03-08,1444,1447,1392,1416,333979,-0.02006920415224911
2023-03-09,1416,1525,1393,1397,1216099,-0.013418079096045199
2023-03-10,1394,1394,1339,1342,381571,-0.03937007874015752
2023-03-13,1305,1328,1259,1300,494044,-0.03129657228017879
2023-03-14,1293,1293,1209,1219,468490,-0.062307692307692286
2023-03-15,1224,1259,1219,1230,222660,0.009023789991796649
2023-03-16,1206,1226,1175,1220,221410,-0.008130081300813052
2023-03-17,1220,1262,1217,1256,142508,0.029508196721311553
2023-03-20,1256,1282,1248,1265,87168,0.007165605095541316
2023-03-21,1253,1283,1229,1232,164443,-0.02608695652173909
2023-03-22,1241,1268,1240,1251,138090,0.015422077922077948
2023-03-23,1250,1337,1232,1305,884234,0.043165467625899234
2023-03-24,1353,1353,1239,1290,299116,-0.011494252873563204
2023-03-27,1301,1301,1241,1269,190613,-0.016279069767441867
2023-03-28,1269,1302,1265,1300,140766,0.024428684003152012
2023-03-29,1299,1323,1284,1303,163946,0.002307692307692344
2023-03-30,1316,1316,1283,1299,130379,-0.003069838833461236
2023-03-31,1300,1309,1282,1297,153485,-0.0015396458814472824
2023-04-03,1286,1356,1285,1318,424780,0.01619121048573624
2023-04-04,1327,1356,1312,1321,338984,0.0022761760242793194
2023-04-05,1316,1341,1308,1337,187344,0.012112036336108911
2023-04-06,1328,1394,1295,1358,1047680,0.015706806282722585
2023-04-07,1338,1425,1338,1364,425957,0.004418262150220897
2023-04-10,1365,1423,1315,1317,724729,-0.03445747800586507
2023-04-11,1315,1324,1245,1317,338720,0.0
2023-04-12,1317,1393,1303,1322,245630,0.0037965072133636646
2023-04-13,1322,1345,1290,1317,234842,-0.0037821482602118373
2023-04-14,1326,1347,1284,1312,195533,-0.0037965072133636646
2023-04-17,1320,1350,1305,1337,194322,0.019054878048780477
2023-04-18,1338,1409,1317,1365,924331,0.020942408376963373
2023-04-19,1371,1428,1357,1411,570280,0.0336996336996338
2023-04-20,1412,1497,1366,1429,2706551,0.01275690999291279
2023-04-21,1647,1856,1508,1516,25720983,0.06088173547935627
2023-04-24,1463,1500,1327,1387,2440464,-0.08509234828496037
2023-04-25,1386,1646,1386,1587,8993030,0.14419610670511895
2023-04-26,1644,1700,1486,1505,2536598,-0.051669817265280416
2023-04-27,1486,1590,1426,1525,1540733,0.013289036544850585
2023-04-28,1526,1566,1405,1426,960210,-0.06491803278688524
2023-05-02,1414,1511,1387,1483,770040,0.03997194950911642
2023-05-03,1459,1523,1428,1513,674165,0.02022926500337152
2023-05-04,1515,1563,1460,1498,640266,-0.009914077990746839
2023-05-08,1494,1525,1454,1487,370527,-0.007343124165554049
2023-05-09,1462,1485,1389,1405,588113,-0.05514458641560194
2023-05-10,1402,1425,1380,1393,388601,-0.008540925266903865
2023-05-11,1393,1424,1328,1328,586435,-0.04666188083273515
2023-05-12,1327,1407,1316,1354,549440,0.01957831325301207
2023-05-15,1354,1354,1300,1317,329197,-0.02732644017725261
2023-05-16,1305,1355,1278,1321,288291,0.0030372057706908873
2023-05-17,1324,1414,1313,1408,470382,0.06585919757759284
2023-05-18,1423,1446,1407,1432,380941,0.017045454545454586
2023-05-19,1432,1486,1432,1477,629499,0.03142458100558665
2023-05-22,1482,1485,1438,1458,273412,-0.012863913337846977
2023-05-23,1475,1475,1422,1426,256910,-0.021947873799725626
2023-05-24,1409,1429,1395,1415,240902,-0.007713884992987419
2023-05-25,1415,1428,1391,1399,141815,-0.011307420494699683
2023-05-26,1399,1415,1382,1408,164316,0.006433166547533897
2023-05-30,1425,1426,1381,1389,171681,-0.013494318181818232
2023-05-31,1414,1414,1382,1388,105982,-0.0007199424046075986
2023-06-01,1389,1401,1359,1365,182962,-0.016570605187319898
2023-06-02,1369,1382,1358,1366,132440,0.00073260073260073
2023-06-05,1360,1404,1360,1399,144338,0.024158125915080486
2023-06-07,1386,1404,1382,1385,110329,-0.010007147962830643
2023-06-08,1382,1382,1347,1356,174096,-0.02093862815884473
2023-06-09,1356,1762,1356,1466,15343641,0.08112094395280245
2023-06-12,1475,1475,1433,1446,1261791,-0.013642564802182844
2023-06-13,1450,1464,1417,1424,907331,-0.015214384508990264
2023-06-14,1405,1433,1388,1408,689280,-0.011235955056179803
2023-06-15,1407,1411,1384,1397,329405,-0.0078125
2023-06-16,1399,1437,1393,1419,356607,0.015748031496062964
2023-06-19,1428,1448,1413,1431,342162,0.008456659619450413
2023-06-20,1431,1473,1422,1472,640167,0.028651292802236217
2023-06-21,1466,1526,1460,1477,832184,0.0033967391304348116
2023-06-22,1471,1634,1471,1561,4249559,0.056872037914691864
2023-06-23,1561,1599,1512,1547,940751,-0.008968609865470878
2023-06-26,1546,1546,1511,1521,253658,-0.01680672268907568
2023-06-27,1520,1545,1480,1528,296708,0.00460223537146609
2023-06-28,1528,1557,1486,1553,371616,0.0163612565445026
2023-06-29,1552,1556,1455,1463,545100,-0.057952350289761756
2023-06-30,1468,1504,1445,1487,264092,0.01640464798359531
2023-07-03,1501,1621,1501,1571,1070808,0.05648957632817764
2023-07-04,1570,1613,1543,1596,806568,0.01591343093570985
2023-07-05,1592,1612,1562,1572,529358,-0.015037593984962405
2023-07-06,1572,1584,1517,1536,384139,-0.022900763358778664
2023-07-07,1516,1700,1516,1658,3958250,0.07942708333333326
2023-07-10,1647,1699,1601,1629,1043587,-0.017490952955367955
2023-07-11,1644,1644,1598,1624,414113,-0.0030693677102516803
2023-07-12,1668,1679,1591,1609,460478,-0.009236453201970418
2023-07-13,1645,1678,1601,1629,466554,0.0124300807955251
2023-07-14,1629,1629,1548,1558,549968,-0.04358502148557397
2023-07-17,1563,1563,1491,1494,384397,-0.04107830551989733
2023-07-18,1494,1523,1451,1453,397257,-0.027443105756358777
2023-07-19,1453,1524,1441,1482,384946,0.019958706125258185
2023-07-20,1481,1524,1459,1498,238671,0.010796221322537214
2023-07-21,1520,1520,1445,1452,284038,-0.03070761014686252
2023-07-24,1452,1457,1393,1448,374552,-0.0027548209366391463
2023-07-25,1433,1448,1371,1374,275089,-0.05110497237569056
2023-07-26,1373,1373,1294,1322,420879,-0.03784570596797676
2023-07-27,1329,1369,1321,1335,176324,0.009833585476550777
2023-07-28,1338,1426,1327,1412,175358,0.0576779026217229
2023-07-31,1412,1489,1410,1418,298541,0.004249291784702569
2023-08-01,1431,1455,1398,1424,126730,0.004231311706629048
2023-08-02,1424,1470,1377,1388,151509,-0.0252808988764045
2023-08-03,1390,1390,1330,1374,232919,-0.010086455331412059
2023-08-04,1350,1373,1338,1341,192396,-0.024017467248908297
2023-08-07,1355,1375,1316,1375,139974,0.025354213273676374
2023-08-08,1376,1426,1328,1328,182056,-0.0341818181818182
2023-08-09,1331,1349,1323,1344,62327,0.012048192771084265
2023-08-10,1349,1359,1327,1341,78276,-0.0022321428571429047
2023-08-11,1334,1386,1329,1359,99250,0.01342281879194629
2023-08-14,1363,1374,1338,1355,128158,-0.0029433406916851146
2023-08-16,1446,1536,1378,1536,2190791,0.1335793357933579
2023-08-17,1537,1544,1437,1467,618492,-0.044921875
2023-08-18,1499,1723,1496,1655,8532382,0.12815269256987039
2023-08-21,1856,2151,1733,2151,23142431,0.2996978851963745
2023-08-22,2027,2043,1552,1601,7313914,-0.2556950255695025
2023-08-23,1575,1852,1562,1658,9368543,0.03560274828232357
2023-08-24,1612,1648,1549,1584,1697455,-0.04463208685162845
2023-08-25,1589,1632,1506,1606,1379193,0.01388888888888884
2023-08-28,1602,1669,1539,1669,1235842,0.03922789539227889
2023-08-29,1666,1750,1621,1665,1354714,-0.002396644697423622
2023-08-30,1664,1700,1620,1625,851260,-0.024024024024024038
2023-08-31,1651,1896,1651,1751,8211990,0.07753846153846156
2023-09-01,1720,1722,1590,1604,1528563,-0.08395202741290686
2023-09-04,1612,1656,1579,1603,616324,-0.0006234413965087171
2023-09-05,1604,1623,1567,1602,632469,-0.0006238303181534954
2023-09-06,1601,1622,1522,1538,692021,-0.03995006242197252
2023-09-07,1536,1573,1519,1532,434728,-0.0039011703511053764
2023-09-08,1571,1579,1531,1547,394369,0.00979112271540461
2023-09-11,1560,1591,1527,1530,399189,-0.01098901098901095
2023-09-12,1529,1557,1492,1503,327969,-0.01764705882352946
2023-09-13,1508,1528,1468,1493,334916,-0.006653359946773074
2023-09-14,1493,1519,1486,1515,176152,0.014735432016075078
2023-09-15,1530,1536,1507,1512,194977,-0.001980198019801982
2023-09-18,1525,1525,1469,1488,193829,-0.015873015873015928
2023-09-19,1487,1500,1466,1472,131679,-0.010752688172043001
2023-09-20,1459,1529,1450,1470,201575,-0.0013586956521739468
2023-09-21,1470,1499,1426,1430,277164,-0.027210884353741527
2023-09-22,1426,1442,1384,1437,207678,0.004895104895104918
2023-09-25,1427,1447,1412,1426,107930,-0.0076548364648573175
2023-09-26,1426,1448,1394,1421,147529,-0.003506311360448766
2023-09-27,1414,1457,1414,1443,103641,0.015482054890921804
2023-10-04,1450,1500,1407,1485,190362,0.029106029106028997
2023-10-05,1481,1492,1409,1430,203101,-0.03703703703703709
2023-10-06,1429,1476,1429,1446,123973,0.01118881118881121
2023-10-10,1445,1445,1367,1367,363874,-0.05463347164591981
2023-10-11,1355,1420,1355,1388,135364,0.015362106803218811
2023-10-12,1410,1464,1405,1464,141790,0.05475504322766578
2023-10-13,1466,1489,1392,1405,193594,-0.04030054644808745
2023-10-16,1399,1399,1346,1350,211601,-0.039145907473309594
2023-10-17,1346,1447,1346,1415,192997,0.04814814814814805
2023-10-18,1416,1422,1384,1415,112778,0.0
2023-10-19,1400,1400,1360,1374,111887,-0.028975265017667895
2023-10-20,1359,1375,1294,1365,223111,-0.0065502183406113135
2023-10-23,1344,1374,1325,1325,165993,-0.02930402930402931
2023-10-24,1325,1386,1278,1386,224472,0.04603773584905668
2023-10-25,1399,1410,1345,1352,182449,-0.024531024531024515
2023-10-26,1329,1329,1288,1298,172574,-0.0399408284023669
2023-10-27,1285,1317,1269,1278,164932,-0.015408320493066285
2023-10-30,1260,1315,1260,1299,103340,0.016431924882629012
2023-10-31,1309,1321,1241,1251,174988,-0.036951501154734445
2023-11-01,1256,1326,1256,1317,166910,0.052757793764987904
2023-11-02,1338,1357,1322,1330,98490,0.009870918754745661
2023-11-03,1343,1376,1329,1368,198554,0.02857142857142847
2023-11-06,1375,1409,1366,1379,213901,0.008040935672514626
2023-11-07,1398,1400,1337,1380,175842,0.0007251631617113397
2023-11-08,1382,1409,1371,1373,98953,-0.005072463768115987
2023-11-09,1381,1416,1364,1416,174804,0.031318281136198056
2023-11-10,1402,1402,1353,1381,190453,-0.024717514124293793
2023-11-13,1381,1400,1308,1308,299471,-0.0528602461984069
2023-11-14,1306,1353,1303,1334,146489,0.01987767584097866
2023-11-15,1345,1371,1344,1353,181285,0.014242878560719596
2023-11-16,1347,1374,1339,1358,184931,0.003695491500369519
2023-11-17,1354,1358,1318,1329,207846,-0.021354933726067782
2023-11-20,1327,1393,1311,1393,192202,0.0481565086531226
2023-11-21,1521,1811,1513,1549,18005586,0.11198851399856435
2023-11-22,1522,1548,1462,1465,1641855,-0.05422853453841192
2023-11-23,1464,1589,1448,1514,1828743,0.03344709897610931
2023-11-24,1557,1664,1526,1547,2946106,0.0217965653896961
2023-11-27,1546,1546,1475,1493,669784,-0.034906270200387834
2023-11-28,1583,1677,1486,1525,1862424,0.021433355659745468
2023-11-29,1523,1523,1470,1497,601192,-0.018360655737704956
2023-11-30,1578,1585,1479,1479,1117470,-0.012024048096192397
2023-12-01,1479,1485,1439,1467,406484,-0.008113590263691739
2023-12-04,1464,1464,1425,1434,482266,-0.02249488752556239
2023-12-05,1426,1473,1421,1452,439528,0.012552301255230214
2023-12-06,1451,1484,1384,1458,463565,0.004132231404958775
2023-12-07,1451,1451,1411,1426,227764,-0.021947873799725626
2023-12-08,1424,1454,1415,1448,168073,0.015427769985974837
2023-12-11,1448,1484,1441,1465,350073,0.011740331491712608
2023-12-12,1463,1490,1442,1469,229645,0.0027303754266212454
2023-12-13,1468,1475,1427,1437,223632,-0.021783526208304926
2023-12-14,1437,1457,1435,1448,156303,0.0076548364648574285
2023-12-15,1446,1508,1427,1506,557304,0.04005524861878462
2023-12-18,1504,1526,1487,1508,312308,0.0013280212483399723
2023-12-19,1508,1541,1480,1494,331217,-0.009283819628647216
2023-12-20,1491,1502,1478,1481,254625,-0.00870147255689424
2023-12-21,1481,1481,1445,1445,272391,-0.024307900067521926
2023-12-22,1469,1504,1448,1461,297213,0.01107266435986154
2023-12-26,1475,1500,1459,1461,264642,0.0
2023-12-27,1461,1495,1436,1483,250196,0.015058179329226595
2023-12-28,1471,1504,1461,1492,199290,0.006068779501011479
2024-01-02,1486,1518,1475,1511,258289,0.012734584450402098
2024-01-03,1510,1510,1477,1503,190621,-0.005294506949040323
2024-01-04,1497,1497,1453,1483,161722,-0.01330671989354626
2024-01-05,1483,1491,1466,1481,150498,-0.0013486176668914274
2024-01-08,1481,1492,1466,1479,174926,-0.0013504388926400823
2024-01-09,1481,1513,1473,1499,156939,0.013522650439486084
2024-01-10,1516,1516,1468,1486,151642,-0.008672448298865931
2024-01-11,1478,1514,1478,1487,235834,0.0006729475100941684
2024-01-12,1497,1505,1445,1459,209614,-0.01882985877605914
2024-01-15,1459,1473,1442,1458,75532,-0.0006854009595613775
2024-01-16,1458,1481,1416,1418,252170,-0.027434842249657088
2024-01-17,1416,1416,1314,1374,556962,-0.031029619181946355
2024-01-18,1373,1400,1365,1380,95140,0.004366812227074135
2024-01-19,1380,1424,1380,1418,123408,0.02753623188405796
2024-01-22,1432,1444,1393,1407,150598,-0.007757404795486589
2024-01-23,1406,1425,1395,1412,119137,0.003553660270078085
2024-01-24,1456,1478,1382,1403,196275,-0.006373937677053854
2024-01-25,1387,1403,1372,1390,116506,-0.009265858873841792
2024-01-26,1387,1421,1371,1415,150510,0.017985611510791477
2024-01-29,1415,1477,1393,1436,326132,0.014840989399293347
2024-01-30,1436,1491,1416,1432,173456,-0.0027855153203342198
2024-01-31,1431,1439,1393,1401,111007,-0.0216480446927374
2024-02-01,1400,1430,1373,1403,111245,0.001427551748750977
2024-02-02,1402,1430,1398,1422,63093,0.013542409123307175
2024-02-05,1436,1436,1402,1418,79227,-0.002812939521800284
2024-02-06,1418,1436,1382,1429,130390,0.0077574047954867
2024-02-07,1428,1433,1392,1432,74056,0.0020993701889433503
2024-02-08,1429,1429,1417,1423,72672,-0.006284916201117263
2024-02-13,1437,1453,1421,1448,124582,0.017568517217146917
2024-02-14,1447,1451,1421,1443,80111,-0.0034530386740331265
2024-02-15,1443,1454,1421,1429,77523,-0.00970200970200974
2024-02-16,1428,1432,1413,1420,131269,-0.00629811056682994
2024-02-19,1420,1502,1415,1467,493113,0.03309859154929584
2024-02-20,1472,1473,1435,1472,179269,0.0034083162917519783
2024-02-21,1459,1480,1432,1440,198586,-0.021739130434782594
2024-02-22,1433,1458,1415,1418,179328,-0.015277777777777724
2024-02-23,1420,1425,1396,1396,205910,-0.015514809590973178
2024-02-26,1408,1462,1385,1459,255583,0.045128939828080306
2024-02-27,1458,1515,1446,1471,573413,0.008224811514736086
2024-02-28,1459,1488,1452,1470,194468,-0.0006798096532970588
2024-02-29,1480,1480,1453,1457,119842,-0.008843537414966018
2024-03-04,1458,1507,1456,1472,173056,0.01029512697323276
2024-03-05,1473,1497,1448,1454,197984,-0.012228260869565188
2024-03-06,1437,1473,1428,1435,68236,-0.013067400275103114
2024-03-07,1435,1453,1404,1422,164430,-0.009059233449477344
2024-03-08,1422,1432,1408,1408,98452,-0.009845288326300938
2024-03-11,1421,1472,1418,1463,130659,0.0390625
2024-03-12,1462,1474,1439,1454,82247,-0.0061517429938482415
2024-03-13,1452,1468,1428,1443,86865,-0.007565337001375516
2024-03-14,1436,1517,1430,1465,436743,0.01524601524601521
2024-03-15,1464,1509,1449,1502,216202,0.0252559726962458
2024-03-18,1503,1503,1464,1480,134293,-0.01464713715046606
2024-03-19,1479,1493,1459,1469,116125,-0.007432432432432412
2024-03-20,1472,1472,1458,1458,88166,-0.0074880871341048705
2024-03-21,1426,1426,1186,1377,1572770,-0.05555555555555558
2024-03-22,1377,1420,1360,1413,336348,0.02614379084967311
2024-03-25,1371,1398,1328,1332,443277,-0.0573248407643312
2024-03-26,1336,1369,1303,1331,295282,-0.0007507507507507061
2024-03-27,1317,1342,1314,1319,178466,-0.009015777610818954
2024-03-28,1311,1322,1254,1302,466765,-0.012888551933282755
2024-03-29,1302,1353,1282,1298,325191,-0.003072196620583667
2024-04-01,1294,1319,1263,1314,241122,0.012326656394453073
2024-04-02,1320,1320,1265,1272,238249,-0.03196347031963476
2024-04-03,1271,1283,1228,1247,201803,-0.019654088050314433
2024-04-04,1247,1306,1247,1294,177316,0.03769045709703289
2024-04-05,1298,1298,1199,1250,301036,-0.03400309119010814
2024-04-08,1249,1271,1151,1154,831153,-0.07679999999999998
2024-04-09,1265,1267,1038,1125,1778662,-0.02512998266897748
2024-04-11,1125,1125,1125,1125,0,0.0
2024-04-12,0,0,0,1125,0,0.0
2024-04-15,0,0,0,1125,0,0.0
2024-04-16,0,0,0,1125,0,0.0
2024-04-17,0,0,0,1125,0,0.0
2024-04-18,0,0,0,1125,0,0.0
2024-04-19,0,0,0,1125,0,0.0
2024-04-22,0,0,0,1125,0,0.0
2024-04-23,0,0,0,1125,0,0.0
2024-04-24,0,0,0,1125,0,0.0
2024-04-25,0,0,0,1125,0,0.0
2024-04-26,0,0,0,1125,0,0.0
2024-04-29,0,0,0,1125,0,0.0
2024-04-30,0,0,0,1125,0,0.0
2024-05-02,0,0,0,1125,0,0.0
2024-05-03,0,0,0,1125,0,0.0
2024-05-07,0,0,0,1125,0,0.0
2024-05-08,0,0,0,1125,0,0.0
2024-05-09,0,0,0,1125,0,0.0
2024-05-10,0,0,0,1125,0,0.0
2024-05-13,0,0,0,1125,0,0.0
2024-05-14,0,0,0,1125,0,0.0
2024-05-16,0,0,0,1125,0,0.0
2024-05-17,0,0,0,1125,0,0.0
2024-05-20,0,0,0,1125,0,0.0
2024-05-21,0,0,0,1125,0,0.0
2024-05-22,0,0,0,1125,0,0.0
2024-05-23,0,0,0,1125,0,0.0
2024-05-24,0,0,0,1125,0,0.0
2024-05-27,0,0,0,1125,0,0.0
2024-05-28,0,0,0,1125,0,0.0
2024-05-29,0,0,0,1125,0,0.0
2024-05-30,0,0,0,1125,0,0.0
2024-05-31,0,0,0,1125,0,0.0
2024-06-03,0,0,0,1125,0,0.0
2024-06-04,0,0,0,1125,0,0.0
2024-06-05,0,0,0,1125,0,0.0
2024-06-07,0,0,0,1125,0,0.0
2024-06-10,0,0,0,1125,0,0.0
2024-06-11,0,0,0,1125,0,0.0
2024-06-12,0,0,0,1125,0,0.0
2024-06-13,0,0,0,1125,0,0.0
2024-06-14,0,0,0,1125,0,0.0
2024-06-17,0,0,0,1125,0,0.0
2024-06-18,0,0,0,1125,0,0.0
2024-06-19,0,0,0,1125,0,0.0
2024-06-20,0,0,0,1125,0,0.0
2024-06-21,0,0,0,1125,0,0.0
2024-06-24,0,0,0,1125,0,0.0
2024-06-25,0,0,0,1125,0,0.0
2024-06-26,0,0,0,1125,0,0.0
2024-06-27,0,0,0,1125,0,0.0
2024-06-28,0,0,0,1125,0,0.0
2024-07-01,0,0,0,1125,0,0.0
2024-07-02,0,0,0,1125,0,0.0
2024-07-03,0,0,0,1125,0,0.0
2024-07-04,0,0,0,1125,0,0.0
2024-07-05,0,0,0,1125,0,0.0
2024-07-08,0,0,0,1125,0,0.0
2024-07-09,0,0,0,1125,0,0.0
2024-07-10,0,0,0,1125,0,0.0
2024-07-11,0,0,0,1125,0,0.0
2024-07-12,0,0,0,1125,0,0.0
2024-07-15,0,0,0,1125,0,0.0
2024-07-16,0,0,0,1125,0,0.0
2024-07-17,0,0,0,1125,0,0.0
2024-07-18,0,0,0,1125,0,0.0
2024-07-19,0,0,0,1125,0,0.0
2024-07-22,0,0,0,1125,0,0.0
2024-07-23,0,0,0,1125,0,0.0
2024-07-24,0,0,0,1125,0,0.0
2024-07-25,0,0,0,1125,0,0.0
2024-07-26,0,0,0,1125,0,0.0
2024-07-29,0,0,0,1125,0,0.0
2024-07-30,0,0,0,1125,0,0.0
2024-07-31,0,0,0,1125,0,0.0
2024-08-01,0,0,0,1125,0,0.0
2024-08-02,0,0,0,1125,0,0.0
2024-08-05,0,0,0,1125,0,0.0
2024-08-06,0,0,0,1125,0,0.0
2024-08-07,0,0,0,1125,0,0.0
2024-08-08,0,0,0,1125,0,0.0
2024-08-09,0,0,0,1125,0,0.0
2024-08-12,0,0,0,1125,0,0.0
2024-08-13,0,0,0,1125,0,0.0
2024-08-14,0,0,0,1125,0,0.0
2024-08-16,0,0,0,1125,0,0.0
2024-08-19,0,0,0,1125,0,0.0
2024-08-20,0,0,0,1125,0,0.0
2024-08-21,0,0,0,1125,0,0.0
2024-08-22,0,0,0,1125,0,0.0
2024-08-23,0,0,0,1125,0,0.0
2024-08-26,0,0,0,1125,0,0.0
2024-08-27,0,0,0,1125,0,0.0
2024-08-28,0,0,0,1125,0,0.0
2024-08-29,0,0,0,1125,0,0.0
2024-08-30,0,0,0,1125,0,0.0
2024-09-02,0,0,0,1125,0,0.0
2024-09-03,0,0,0,1125,0,0.0
2024-09-04,0,0,0,1125,0,0.0
2024-09-05,0,0,0,1125,0,0.0
2024-09-06,0,0,0,1125,0,0.0
2024-09-09,0,0,0,1125,0,0.0
2024-09-10,0,0,0,1125,0,0.0
2024-09-11,0,0,0,1125,0,0.0
2024-09-12,0,0,0,1125,0,0.0
2024-09-13,0,0,0,1125,0,0.0
2024-09-19,0,0,0,1125,0,0.0
2024-09-20,0,0,0,1125,0,0.0
2024-09-23,0,0,0,1125,0,0.0
2024-09-24,0,0,0,1125,0,0.0
2024-09-25,0,0,0,1125,0,0.0
2024-09-26,0,0,0,1125,0,0.0
2024-09-27,0,0,0,1125,0,0.0
2024-09-30,0,0,0,1125,0,0.0
2024-10-02,0,0,0,1125,0,0.0
2024-10-04,0,0,0,1125,0,0.0
2024-10-07,0,0,0,1125,0,0.0
2024-10-08,0,0,0,1125,0,0.0
2024-10-10,0,0,0,1125,0,0.0
2024-10-11,0,0,0,1125,0,0.0
2024-10-14,0,0,0,1125,0,0.0
2024-10-15,0,0,0,1125,0,0.0
2024-10-16,0,0,0,1125,0,0.0
2024-10-17,0,0,0,1125,0,0.0
2024-10-18,0,0,0,1125,0,0.0
2024-10-21,0,0,0,1125,0,0.0
2024-10-22,0,0,0,1125,0,0.0
2024-10-23,0,0,0,1125,0,0.0
2024-10-24,0,0,0,1125,0,0.0
2024-10-25,0,0,0,1125,0,0.0
2024-10-28,0,0,0,1125,0,0.0
2024-10-29,0,0,0,1125,0,0.0
2024-10-30,0,0,0,1125,0,0.0
2024-10-31,0,0,0,1125,0,0.0
2024-11-01,0,0,0,1125,0,0.0
2024-11-04,0,0,0,1125,0,0.0
2024-11-05,0,0,0,1125,0,0.0
2024-11-06,0,0,0,1125,0,0.0
2024-11-07,0,0,0,1125,0,0.0
2024-11-08,0,0,0,1125,0,0.0
2024-11-11,0,0,0,1125,0,0.0
2024-11-12,0,0,0,1125,0,0.0
2024-11-13,0,0,0,1125,0,0.0
2024-11-14,0,0,0,1125,0,0.0
2024-11-15,0,0,0,1125,0,0.0
2024-11-18,0,0,0,1125,0,0.0
2024-11-19,0,0,0,1125,0,0.0
2024-11-20,0,0,0,1125,0,0.0
2024-11-21,0,0,0,1125,0,0.0
2024-11-22,0,0,0,1125,0,0.0
2024-11-25,0,0,0,1125,0,0.0
2024-11-26,0,0,0,1125,0,0.0
2024-11-27,0,0,0,1125,0,0.0
2024-11-28,0,0,0,1125,0,0.0
2024-11-29,0,0,0,1125,0,0.0
2024-12-02,0,0,0,1125,0,0.0
2024-12-03,0,0,0,1125,0,0.0
2024-12-04,0,0,0,1125,0,0.0
2024-12-05,0,0,0,1125,0,0.0
2024-12-06,0,0,0,1125,0,0.0
2024-12-09,0,0,0,1125,0,0.0
2024-12-10,0,0,0,1125,0,0.0
2024-12-11,0,0,0,1125,0,0.0
2024-12-12,0,0,0,1125,0,0.0
2024-12-13,0,0,0,1125,0,0.0
2024-12-16,0,0,0,1125,0,0.0
2024-12-17,0,0,0,1125,0,0.0
2024-12-18,0,0,0,1125,0,0.0
2024-12-19,0,0,0,1125,0,0.0
2024-12-20,0,0,0,1125,0,0.0
2024-12-23,0,0,0,1125,0,0.0
2024-12-24,0,0,0,1125,0,0.0
2024-12-26,0,0,0,1125,0,0.0
2024-12-27,0,0,0,1125,0,0.0
2024-12-30,0,0,0,1125,0,0.0
2025-01-02,0,0,0,1125,0,0.0
2025-01-03,0,0,0,1125,0,0.0
2025-01-06,0,0,0,1125,0,0.0
2025-01-07,0,0,0,1125,0,0.0
2025-01-08,0,0,0,1125,0,0.0
2025-01-09,0,0,0,1125,0,0.0
2025-01-10,0,0,0,1125,0,0.0
2025-01-13,0,0,0,1125,0,0.0
2025-01-14,0,0,0,1125,0,0.0
2025-01-15,0,0,0,1125,0,0.0
2025-01-16,0,0,0,1125,0,0.0
2025-01-17,0,0,0,1125,0,0.0
2025-01-20,0,0,0,1125,0,0.0
2025-01-21,0,0,0,1125,0,0.0
2025-01-22,0,0,0,1125,0,0.0
2025-01-23,0,0,0,1125,0,0.0
2025-01-24,0,0,0,1125,0,0.0
2025-01-31,0,0,0,1125,0,0.0
2025-02-03,0,0,0,1125,0,0.0
2025-02-04,0,0,0,1125,0,0.0
2025-02-05,0,0,0,1125,0,0.0
2025-02-06,0,0,0,1125,0,0.0
2025-02-07,0,0,0,1125,0,0.0
2025-02-10,0,0,0,1125,0,0.0
2025-02-11,0,0,0,1125,0,0.0
2025-02-12,0,0,0,1125,0,0.0
2025-02-13,0,0,0,1125,0,0.0
2025-02-14,0,0,0,1125,0,0.0
2025-02-17,0,0,0,1125,0,0.0
2025-02-18,0,0,0,1125,0,0.0
2025-02-19,0,0,0,1125,0,0.0
2025-02-20,0,0,0,1125,0,0.0
2025-02-21,0,0,0,1125,0,0.0
2025-02-24,0,0,0,1125,0,0.0
2025-02-25,0,0,0,1125,0,0.0
2025-02-26,0,0,0,1125,0,0.0
2025-02-27,1125,1125,1125,1125,0,0.0
2025-02-28,1125,1125,1125,1125,0,0.0
2025-03-04,1125,1125,1125,1125,0,0.0
2025-03-05,1125,1125,1125,1125,0,0.0
2025-03-06,1125,1125,1125,1125,0,0.0
2025-03-07,0,0,0,1125,0,0.0
2025-03-10,0,0,0,1125,0,0.0
2025-03-11,0,0,0,1125,0,0.0
2025-03-12,0,0,0,1125,0,0.0
2025-03-13,0,0,0,1125,0,0.0
2025-03-14,0,0,0,1125,0,0.0
2025-03-17,0,0,0,1125,0,0.0
2025-03-18,0,0,0,1125,0,0.0
2025-03-19,0,0,0,1125,0,0.0
2025-03-20,0,0,0,1125,0,0.0
2025-03-21,0,0,0,1125,0,0.0
2025-03-24,0,0,0,1125,0,0.0
2025-03-25,0,0,0,1125,0,0.0
2025-03-26,0,0,0,1125,0,0.0
2025-03-27,0,0,0,1125,0,0.0
2025-03-28,0,0,0,1125,0,0.0
2025-03-31,0,0,0,1125,0,0.0
2025-04-01,0,0,0,1125,0,0.0
2025-04-02,0,0,0,1125,0,0.0
2025-04-03,0,0,0,1125,0,0.0
2025-04-04,0,0,0,1125,0,0.0
2025-04-07,0,0,0,1125,0,0.0
2025-04-08,0,0,0,1125,0,0.0
2025-04-09,0,0,0,1125,0,0.0
2025-04-10,0,0,0,1125,0,0.0
2025-04-11,0,0,0,1125,0,0.0
2025-04-14,0,0,0,1125,0,0.0
2025-04-15,0,0,0,1125,0,0.0
2025-04-16,0,0,0,1125,0,0.0
2025-04-17,0,0,0,1125,0,0.0
2025-04-18,0,0,0,1125,0,0.0
2025-04-21,0,0,0,1125,0,0.0
2025-04-22,0,0,0,1125,0,0.0
2025-04-23,0,0,0,1125,0,0.0
2025-04-24,0,0,0,1125,0,0.0
2025-04-25,0,0,0,1125,0,0.0
2025-04-28,0,0,0,1125,0,0.0
2025-04-29,0,0,0,1125,0,0.0
2025-04-30,0,0,0,1125,0,0.0
2025-05-02,0,0,0,1125,0,0.0
2025-05-07,0,0,0,1125,0,0.0
2025-05-08,0,0,0,1125,0,0.0
2025-05-09,0,0,0,1125,0,0.0
2025-05-12,0,0,0,1125,0,0.0
2025-05-13,0,0,0,1125,0,0.0
2025-05-14,0,0,0,1125,0,0.0
2025-05-15,0,0,0,1125,0,0.0
2025-05-16,0,0,0,1125,0,0.0
2025-05-19,0,0,0,1125,0,0.0
2025-05-20,0,0,0,1125,0,0.0
2025-05-21,1125,1125,963,1023,2572131,-0.09066666666666667
2025-05-22,1003,1022,971,989,831725,-0.03323558162267837
2025-05-23,981,981,936,949,536735,-0.04044489383215366
2025-05-26,950,1009,950,989,410990,0.04214963119072701
2025-05-27,989,1016,960,994,215922,0.005055611729019249
2025-05-28,1000,1031,992,1022,230860,0.028169014084507005
2025-05-29,1023,1034,1005,1022,202159,0.0
2025-05-30,1012,1026,1012,1024,137970,0.001956947162426559
2025-06-02,1020,1070,1007,1041,145644,0.0166015625
2025-06-04,1041,1067,1035,1042,202542,0.0009606147934677622
2025-06-05,1042,1050,1030,1035,158420,-0.006717850287907834
2025-06-09,1035,1048,1019,1043,245491,0.007729468599033895
2025-06-10,1043,1050,1029,1035,213624,-0.007670182166826467
2025-06-11,1041,1055,1025,1033,120161,-0.0019323671497584183
2025-06-12,1033,1064,1033,1049,227124,0.015488867376573179
2025-06-13,1060,1069,1028,1049,252374,0.0
2025-06-16,1049,1068,1024,1060,126688,0.01048617731172552
2025-06-17,1084,1084,1041,1044,170287,-0.015094339622641506
2025-06-18,1044,1099,1044,1080,198698,0.034482758620689724
2025-06-19,1099,1099,1074,1088,122984,0.007407407407407307
2025-06-20,1090,1100,1072,1100,147349,0.011029411764705843
2025-06-23,1100,1100,1088,1095,81518,-0.004545454545454519
2025-06-24,1095,1174,1094,1169,521369,0.0675799086757991
2025-06-25,1159,1285,1100,1230,718804,0.05218135158254911
2025-06-26,1230,1349,1205,1310,1261647,0.06504065040650397
2025-06-27,1300,1370,1300,1315,489293,0.003816793893129722
2025-06-30,1330,1360,1318,1340,278029,0.019011406844106515
2025-07-01,1343,1388,1340,1350,569073,0.00746268656716409
2025-07-02,1350,1390,1350,1380,314344,0.022222222222222143
2025-07-03,1391,1395,1322,1381,282625,0.0007246376811593791
2025-07-04,1398,1403,1339,1384,191207,0.0021723388848660097
2025-07-07,1384,1410,1343,1385,209146,0.0007225433526012459
2025-07-08,1385,1387,1348,1350,132395,-0.02527075812274371
2025-07-09,1341,1359,1261,1330,321536,-0.014814814814814836
2025-07-10,1330,1386,1293,1385,220871,0.041353383458646586
2025-07-11,1385,1389,1353,1360,69620,-0.018050541516245522
2025-07-14,1360,1419,1343,1380,199962,0.014705882352941124
2025-07-15,1380,1395,1340,1381,104221,0.0007246376811593791
2025-07-16,1381,1559,1371,1506,1599654,0.09051412020275174
2025-07-17,1522,1748,1488,1703,1905144,0.1308100929614875
2025-07-18,1690,1723,1631,1648,726985,-0.03229594832648264
2025-07-21,1640,1770,1448,1698,969696,0.03033980582524265
2025-07-22,1688,1770,1667,1711,235726,0.00765606595995294
2025-07-23,1711,1897,1688,1802,899369,0.05318527177089427
2025-07-24,1802,1890,1793,1853,570144,0.028301886792452935
2025-07-25,1853,1890,1817,1854,371053,0.0005396654074474316
2025-07-28,1854,1915,1752,1854,496464,0.0
2025-07-29,1854,1915,1799,1860,428907,0.003236245954692629
2025-07-30,1834,2090,1834,1975,1259896,0.06182795698924726
2025-07-31,1966,2025,1898,1902,374889,-0.03696202531645565
2025-08-01,1902,1938,1800,1800,453046,-0.05362776025236593
2025-08-04,1795,1826,1701,1769,276539,-0.01722222222222225
2025-08-05,1760,1813,1742,1749,190202,-0.011305822498586804
2025-08-06,1737,1810,1736,1768,199195,0.010863350485992074
2025-08-07,1780,1800,1751,1775,145705,0.0039592760180995334
2025-08-08,1790,1808,1760,1761,110586,-0.007887323943661984
2025-08-11,1761,1848,1740,1830,189311,0.03918228279386704
2025-08-12,1830,1930,1819,1865,218330,0.0191256830601092
2025-08-13,1865,1909,1796,1802,250087,-0.0337801608579088
2025-08-14,1795,1869,1760,1852,231348,0.027746947835738167
2025-08-18,1851,2035,1845,1999,875863,0.07937365010799136
2025-08-19,2190,2190,1996,2120,1265329,0.06053026513256632
2025-08-20,2120,2170,1967,2020,674929,-0.047169811320754707
2025-08-21,2020,2100,1980,2000,351480,-0.00990099009900991
2025-08-22,2000,2015,1952,1990,235202,-0.0050000000000000044
2025-08-25,1975,2015,1901,1960,373306,-0.015075376884422065
2025-08-26,1958,2000,1899,1911,342941,-0.025000000000000022
2025-08-27,1940,1990,1864,1975,572230,0.03349031920460499
2025-08-28,1970,2090,1950,1981,236995,0.0030379746835442756
2025-08-29,1981,2000,1889,1889,228057,-0.04644119131751645
2025-09-01,1889,1908,1701,1758,466830,-0.069348861831657
2025-09-02,1757,1840,1710,1825,241518,0.03811149032992045
2025-09-03,1825,1840,1770,1825,233759,0.0
2025-09-04,1850,1950,1835,1884,256632,0.032328767123287694
2025-09-05,1950,1965,1863,1867,175283,-0.009023354564755892
2025-09-08,1867,1879,1815,1852,129192,-0.008034279592929794
2025-09-09,1852,1989,1852,1929,344536,0.04157667386609076
2025-09-10,1929,1940,1870,1906,319483,-0.011923276308968389
2025-09-11,1980,1980,1850,1868,156229,-0.019937040923399763
2025-09-12,1870,1884,1782,1840,412755,-0.01498929336188437
2025-09-15,1835,1838,1783,1818,249030,-0.011956521739130421
2025-09-16,1800,1843,1750,1815,338546,-0.0016501650165016146
2025-09-17,1815,1870,1762,1814,227904,-0.000550964187327807
2025-09-18,1814,1889,1804,1816,127038,0.0011025358324145973
2025-09-19,1816,1880,1799,1861,183082,0.024779735682819437
2025-09-22,1820,1988,1820,1971,521469,0.05910800644814618
2025-09-23,1971,2090,1873,2050,537346,0.04008117706747849
2025-09-24,2055,2100,1957,2055,392264,0.0024390243902439046
2025-09-25,2055,2090,1977,2005,203377,-0.024330900243308973
2025-09-26,2015,2015,1911,1935,188403,-0.034912718204488824
2025-09-29,1935,2005,1845,1946,109618,0.00568475452196382
2025-09-30,1925,1945,1896,1923,80557,-0.011819116135662888
2025-10-01,1923,1923,1882,1897,100371,-0.013520540821632898
2025-10-02,1897,1913,1850,1882,243780,-0.007907221929362107
2025-10-10,1882,1882,1819,1850,202769,-0.01700318809776835
2025-10-13,1850,1859,1710,1835,155653,-0.008108108108108136
2025-10-14,1835,1862,1685,1826,267714,-0.004904632152588517
2025-10-15,1826,1900,1809,1890,216397,0.035049288061336226
2025-10-16,1890,1908,1830,1881,195485,-0.004761904761904745
2025-10-17,1881,1881,1815,1815,112155,-0.03508771929824561
2025-10-20,1806,1825,1763,1779,143498,-0.01983471074380161
2025-10-21,1779,1800,1750,1783,81615,0.0022484541877458852
2025-10-22,1783,1799,1737,1760,149747,-0.01289960740325291
2025-10-23,1760,1779,1714,1729,130761,-0.01761363636363633
2025-10-24,1737,1737,1700,1710,162844,-0.01098901098901095
2025-10-27,1710,1860,1710,1823,325136,0.0660818713450293
2025-10-28,1860,1959,1824,1937,432683,0.06253428414701045
2025-10-29,1937,1990,1876,1931,209197,-0.0030975735673722804
2025-10-30,1962,1964,1895,1930,187672,-0.0005178663904712444
2025-10-31,1930,1938,1870,1929,182537,-0.0005181347150259308
2025-11-03,1930,1940,1903,1920,116737,-0.004665629860031051
2025-11-04,1930,2170,1880,2085,1392120,0.0859375
2025-11-05,2085,2710,2000,2620,8705751,0.25659472422062346
2025-11-06,2620,2835,2500,2810,3822041,0.0725190839694656
2025-11-07,2745,2870,2655,2810,1146707,0.0
2025-11-10,2860,2900,2765,2830,690103,0.007117437722419906
2025-11-11,2855,3265,2850,3150,1654105,0.11307420494699638
2025-11-12,3225,3300,2835,3240,3039788,0.02857142857142847
2025-11-13,3230,3230,3025,3125,508507,-0.035493827160493874
2025-11-14,3095,3230,2950,2970,597884,-0.04959999999999998
2025-11-17,3005,3035,2765,2820,746360,-0.0505050505050505
2025-11-18,2820,2885,2635,2700,1090629,-0.04255319148936165
2025-11-19,2735,2795,2610,2625,524740,-0.02777777777777779
2025-11-20,2685,2685,2470,2625,635464,0.0
2025-11-21,2550,2700,2500,2645,739770,0.007619047619047636
2025-11-24,2695,3000,2625,2860,1919312,0.08128544423440465
2025-11-25,2990,3100,2805,2835,1093386,-0.00874125874125875
2025-11-26,2830,2965,2750,2810,411791,-0.00881834215167554
2025-11-27,2820,2960,2710,2895,665713,0.030249110320284656
2025-11-28,2920,3215,2850,3170,937845,0.0949913644214162
2025-12-01,3130,3200,3045,3090,462109,-0.025236593059936863
2025-12-02,3090,3090,2960,3055,297490,-0.01132686084142398
2025-12-03,3055,3465,3030,3420,1664776,0.11947626841243864
2025-12-04,3460,3785,3340,3715,2052685,0.08625730994152048
2025-12-05,3650,4015,3620,3965,1466665,0.06729475100942128
2025-12-08,3970,4130,3805,4095,820513,0.032786885245901676
2025-12-09,4095,4155,3940,4050,624347,-0.01098901098901095
2025-12-10,4050,4065,3650,3960,1046951,-0.022222222222222254
