Date,Open,High,Low,Close,Volume,Change
2022-01-03,6600,6770,6580,6750,74583,0.021180030257186067
2022-01-04,6710,6900,6700,6830,89399,0.01185185185185178
2022-01-05,6810,6900,6710,6810,57486,-0.002928257686676372
2022-01-06,6780,7060,6610,6940,323999,0.019089574155653377
2022-01-07,6930,6970,6810,6910,108368,-0.004322766570605152
2022-01-10,6870,6940,6690,6750,83603,-0.02315484804630974
2022-01-11,6710,6800,6310,6340,119049,-0.06074074074074076
2022-01-12,6380,6450,6200,6290,161537,-0.007886435331230235
2022-01-13,6290,6290,6110,6160,108050,-0.020667726550079535
2022-01-14,6130,6340,6060,6090,110055,-0.011363636363636354
2022-01-17,6170,6200,6000,6000,65171,-0.014778325123152691
2022-01-18,6000,6140,5930,5960,116643,-0.00666666666666671
2022-01-19,5810,6000,5800,5870,76906,-0.015100671140939603
2022-01-20,5840,6420,5700,6090,169925,0.03747870528109032
2022-01-21,6090,6130,6000,6090,39309,0.0
2022-01-24,6090,6130,5810,5910,62998,-0.029556650246305383
2022-01-25,5860,6100,5340,5430,196983,-0.08121827411167515
2022-01-26,5430,5700,5420,5600,126636,0.03130755064456725
2022-01-27,5600,5820,5420,5560,139971,-0.0071428571428571175
2022-01-28,5510,5770,5450,5770,73092,0.03776978417266186
2022-02-03,5800,5980,5790,5930,48686,0.02772963604852685
2022-02-04,5840,6010,5840,6000,43663,0.01180438448566612
2022-02-07,6000,6040,5910,6020,34037,0.0033333333333334103
2022-02-08,6100,6100,5960,5970,60997,-0.00830564784053156
2022-02-09,6050,6120,6010,6100,33244,0.021775544388609624
2022-02-10,6100,6160,6050,6160,37310,0.009836065573770592
2022-02-11,6160,6160,6000,6110,42800,-0.008116883116883078
2022-02-14,6090,6090,5740,5750,130507,-0.05891980360065463
2022-02-15,5730,5850,5610,5670,79967,-0.013913043478260834
2022-02-16,5760,5920,5760,5860,22518,0.0335097001763669
2022-02-17,6000,6000,5660,5810,47966,-0.008532423208191142
2022-02-18,5760,6030,5670,5950,34113,0.024096385542168752
2022-02-21,5900,6200,5830,6090,65865,0.0235294117647058
2022-02-22,5940,6200,5940,6090,41032,0.0
2022-02-23,6060,6130,6040,6110,27888,0.003284072249589487
2022-02-24,6050,6110,5810,5840,44501,-0.04418985270049103
2022-02-25,5990,6010,5850,5920,30909,0.013698630136986356
2022-02-28,5920,6000,5820,5950,16862,0.0050675675675675436
2022-03-02,5850,6000,5840,6000,21566,0.008403361344537785
2022-03-03,6080,6160,5970,6160,51941,0.026666666666666616
2022-03-04,6160,6200,6070,6170,30251,0.0016233766233766378
2022-03-07,6170,6170,6050,6070,27736,-0.01620745542949753
2022-03-08,5990,6050,5840,5840,67286,-0.03789126853377267
2022-03-10,5860,6240,5860,6240,123299,0.06849315068493156
2022-03-11,6250,7110,6200,6700,2112429,0.07371794871794868
2022-03-14,6630,6760,6430,6630,225646,-0.010447761194029903
2022-03-15,6540,6660,6380,6480,118984,-0.022624434389140302
2022-03-16,6640,7280,6490,6990,1505664,0.07870370370370372
2022-03-17,7050,7110,6880,6960,330977,-0.0042918454935622075
2022-03-18,6950,6950,6710,6800,167070,-0.02298850574712641
2022-03-21,7060,8530,7050,8100,13819093,0.19117647058823528
2022-03-22,7800,7940,7610,7800,1655931,-0.03703703703703709
2022-03-23,7750,7850,7630,7840,836466,0.00512820512820511
2022-03-24,7710,8160,7660,7980,2056262,0.017857142857142794
2022-03-25,7980,8200,7960,8110,1012148,0.01629072681704269
2022-03-28,8850,8970,8060,8060,4857707,-0.006165228113440224
2022-03-29,8630,9200,7830,7870,5697223,-0.023573200992555776
2022-03-30,8350,10200,8070,9710,19869380,0.2337992376111817
2022-03-31,10600,11600,9800,9900,19497304,0.019567456230690006
2022-04-01,9660,9660,9180,9220,1212516,-0.06868686868686869
2022-04-04,9350,9350,8750,8790,1141368,-0.04663774403470711
2022-04-05,8860,9400,8750,9210,1216033,0.04778156996587035
2022-04-06,9110,9390,8600,8630,2010104,-0.06297502714440828
2022-04-07,8490,8710,7950,8020,1331397,-0.07068366164542295
2022-04-08,7960,8060,7610,7630,1022284,-0.04862842892768082
2022-04-11,7680,7850,7400,7450,660597,-0.023591087811271283
2022-04-12,7250,7440,7170,7290,519377,-0.02147651006711404
2022-04-13,7250,7430,7250,7310,351054,0.00274348422496562
2022-04-14,7370,7510,7250,7440,340505,0.017783857729138264
2022-04-15,7380,7740,7330,7500,735087,0.008064516129032251
2022-04-18,7530,7760,7530,7570,471871,0.009333333333333416
2022-04-19,7620,7660,7400,7510,274310,-0.00792602377807139
2022-04-20,7580,7900,7400,7760,885112,0.0332889480692411
2022-04-21,7880,8040,7690,7880,1040612,0.015463917525773141
2022-04-22,7900,8050,7750,7830,774168,-0.006345177664974666
2022-04-25,7510,7680,7320,7410,401168,-0.05363984674329503
2022-04-26,7460,8090,7320,7640,2008844,0.031039136302294157
2022-04-27,7400,7490,7310,7420,237918,-0.028795811518324554
2022-04-28,7420,7640,7350,7640,500384,0.029649595687331498
2022-04-29,8000,8390,7640,7640,1329255,0.0
2022-05-02,7480,7760,7440,7700,283145,0.007853403141361293
2022-05-03,7700,7920,7590,7590,565439,-0.014285714285714235
2022-05-04,7600,7630,7340,7380,230128,-0.02766798418972327
2022-05-06,7300,7770,7300,7620,526545,0.03252032520325199
2022-05-09,7570,7570,7300,7340,260361,-0.03674540682414695
2022-05-10,7100,7440,6790,7100,533015,-0.032697547683923744
2022-05-11,7040,7180,7040,7050,129712,-0.007042253521126751
2022-05-12,6900,7020,6630,6650,218789,-0.05673758865248224
2022-05-13,6680,6880,6630,6720,97760,0.010526315789473717
2022-05-16,6760,6960,6760,6840,97858,0.017857142857142794
2022-05-17,6830,7280,6780,7100,342858,0.03801169590643272
2022-05-18,7090,7090,6780,6860,180412,-0.033802816901408406
2022-05-19,6670,7050,6670,6900,163422,0.005830903790087438
2022-05-20,7000,7170,6910,7080,228454,0.026086956521739202
2022-05-23,7090,7110,6720,6760,244793,-0.04519774011299438
2022-05-24,6730,6750,6400,6410,244100,-0.05177514792899407
2022-05-25,6420,6560,6360,6410,127241,0.0
2022-05-26,6430,6670,6430,6560,106557,0.023400936037441422
2022-05-27,6560,6700,6550,6680,65345,0.018292682926829285
2022-05-30,6680,6780,6620,6770,77348,0.013473053892215647
2022-05-31,6790,7320,6720,6890,915316,0.017725258493352936
2022-06-02,6860,6880,6730,6740,125518,-0.021770682148040676
2022-06-03,6790,6920,6670,6770,147385,0.004451038575667754
2022-06-07,6750,6770,6530,6600,91070,-0.025110782865583436
2022-06-08,6610,6760,6500,6650,110177,0.007575757575757569
2022-06-09,6710,6890,6500,6500,229389,-0.022556390977443663
2022-06-10,6470,6560,6300,6350,99538,-0.023076923076923106
2022-06-13,6150,6300,5870,5900,170005,-0.07086614173228345
2022-06-14,5760,5860,5580,5700,182994,-0.03389830508474578
2022-06-15,5640,5800,5270,5300,274855,-0.07017543859649122
2022-06-16,5350,5700,5350,5460,143393,0.030188679245283012
2022-06-17,5280,5550,5210,5490,93060,0.005494505494505475
2022-06-20,5450,5540,5030,5110,143888,-0.06921675774134795
2022-06-21,5120,5260,5010,5210,82342,0.019569471624266255
2022-06-22,5220,5240,4875,4875,130154,-0.06429942418426104
2022-06-23,4865,4925,4445,4475,257565,-0.08205128205128209
2022-06-24,4425,4800,4425,4775,146987,0.06703910614525133
2022-06-27,4825,5180,4825,5060,119008,0.0596858638743456
2022-06-28,4980,5250,4980,5200,81509,0.027667984189723382
2022-06-29,5010,5260,5000,5170,43426,-0.005769230769230749
2022-06-30,5140,5310,5000,5000,70124,-0.03288201160541582
2022-07-01,5000,5130,4825,4910,35421,-0.018000000000000016
2022-07-04,4910,4975,4670,4785,50346,-0.025458248472505107
2022-07-05,4790,5660,4790,5040,1785707,0.053291536050156685
2022-07-06,5040,5140,4995,5060,129450,0.003968253968253954
2022-07-07,5080,6150,5050,5300,4168276,0.04743083003952564
2022-07-08,5320,5430,5280,5300,298937,0.0
2022-07-11,5390,5470,5260,5400,215530,0.018867924528301883
2022-07-12,5340,5370,5170,5230,139848,-0.031481481481481444
2022-07-13,5230,5280,5100,5180,96626,-0.009560229445506718
2022-07-14,5140,5230,5030,5150,80811,-0.00579150579150578
2022-07-15,5160,5190,4980,5020,112880,-0.025242718446601975
2022-07-18,5070,5210,5040,5180,85932,0.031872509960159334
2022-07-19,5170,5350,5130,5350,153668,0.032818532818532864
2022-07-20,5380,5430,5300,5300,106310,-0.009345794392523366
2022-07-21,5310,5460,5290,5390,125075,0.016981132075471805
2022-07-22,5390,5500,5340,5400,95654,0.0018552875695732052
2022-07-25,5410,5410,5310,5370,39158,-0.005555555555555536
2022-07-26,5370,5470,5310,5310,75393,-0.011173184357541888
2022-07-27,5360,5750,5350,5640,908134,0.062146892655367214
2022-07-28,5700,5710,5520,5540,375178,-0.01773049645390068
2022-07-29,5580,5590,5430,5500,137630,-0.0072202166064981865
2022-08-01,5560,5610,5490,5550,117998,0.009090909090909038
2022-08-02,5510,5590,5440,5540,87513,-0.0018018018018017834
2022-08-03,5540,5540,5450,5480,54750,-0.010830324909747335
2022-08-04,5510,5540,5450,5480,58338,0.0
2022-08-05,5460,5620,5460,5580,132009,0.018248175182481674
2022-08-08,5640,5700,5550,5600,123176,0.0035842293906809264
2022-08-09,5540,5600,5440,5510,86666,-0.016071428571428625
2022-08-10,5480,5560,5430,5430,62793,-0.014519056261342977
2022-08-11,5530,5640,5490,5600,149710,0.03130755064456725
2022-08-12,5570,6090,5550,5820,1949126,0.03928571428571437
2022-08-16,5810,5820,5660,5670,203031,-0.02577319587628868
2022-08-17,5700,5720,5440,5500,193248,-0.029982363315696703
2022-08-18,5470,5470,5100,5350,129787,-0.027272727272727226
2022-08-19,5330,5410,5240,5290,79046,-0.01121495327102806
2022-08-22,5210,5730,5140,5150,498941,-0.026465028355387554
2022-08-23,5120,5170,5040,5070,85506,-0.01553398058252431
2022-08-24,5070,5170,5030,5080,45488,0.0019723865877712132
2022-08-25,5080,5200,5080,5200,63253,0.023622047244094446
2022-08-26,5220,5300,5160,5160,53207,-0.007692307692307665
2022-08-29,5030,5100,5010,5030,46683,-0.025193798449612448
2022-08-30,5020,5160,5020,5080,42347,0.00994035785288272
2022-08-31,5070,5140,5030,5140,35599,0.011811023622047223
2022-09-01,5140,6140,5050,5550,9114255,0.07976653696498048
2022-09-02,5620,5870,5480,5640,2101683,0.016216216216216273
2022-09-05,5570,5960,5570,5750,2149437,0.019503546099290725
2022-09-06,5700,5920,5600,5840,960210,0.01565217391304352
2022-09-07,5870,5870,5590,5620,486896,-0.03767123287671237
2022-09-08,5660,5660,5340,5390,348144,-0.040925266903914626
2022-09-13,5460,5720,5410,5580,450638,0.03525046382189245
2022-09-14,5330,5580,5290,5490,224332,-0.016129032258064502
2022-09-15,5540,5590,5330,5360,150857,-0.023679417122040025
2022-09-16,5310,5420,5130,5220,182202,-0.026119402985074647
2022-09-19,5220,5250,5000,5000,143522,-0.04214559386973182
2022-09-20,5030,5150,5030,5100,76598,0.020000000000000018
2022-09-21,5020,5210,5020,5050,110003,-0.009803921568627416
2022-09-22,4980,5250,4910,5230,189230,0.035643564356435675
2022-09-23,5170,5230,5010,5020,135487,-0.040152963671128084
2022-09-26,4940,4975,4600,4600,239555,-0.08366533864541836
2022-09-27,4520,4715,4450,4535,204604,-0.01413043478260867
2022-09-28,4460,4610,4270,4330,135111,-0.04520396912899671
2022-09-29,4330,4515,4300,4300,134793,-0.006928406466512715
2022-09-30,4170,4345,4170,4300,68196,0.0
2022-10-04,4345,4515,4345,4485,79494,0.04302325581395339
2022-10-05,4535,4585,4320,4410,95018,-0.01672240802675584
2022-10-06,4450,4615,4450,4555,74519,0.03287981859410438
2022-10-07,4580,4675,4550,4580,57586,0.005488474204171201
2022-10-11,4510,4510,4290,4355,97930,-0.04912663755458513
2022-10-12,4400,4400,4215,4370,52409,0.003444316877152742
2022-10-13,4305,4325,4120,4120,80111,-0.05720823798627006
2022-10-14,4210,4340,4200,4310,50806,0.04611650485436902
2022-10-17,4180,4450,4180,4420,46317,0.025522041763341052
2022-10-18,4475,4520,4385,4445,60229,0.005656108597285048
2022-10-19,4470,4490,4340,4340,52560,-0.023622047244094446
2022-10-20,4340,4400,4230,4255,30239,-0.019585253456221197
2022-10-21,4250,4295,4120,4165,43606,-0.021151586368977626
2022-10-24,4225,4405,4225,4300,53783,0.032412965186074505
2022-10-25,4280,4410,4260,4355,83279,0.012790697674418539
2022-10-26,4355,4365,4215,4250,63078,-0.024110218140068862
2022-10-27,4210,4340,4205,4295,56882,0.010588235294117565
2022-10-28,4410,4410,4225,4270,38467,-0.005820721769499437
2022-10-31,4325,4400,4270,4315,39128,0.01053864168618257
2022-11-01,4300,4490,4300,4390,78246,0.017381228273464666
2022-11-02,4410,4410,4310,4395,27521,0.001138952164009055
2022-11-03,4270,4435,4250,4415,46391,0.004550625711035261
2022-11-04,4440,4865,4345,4470,732830,0.01245753114382775
2022-11-07,4500,4805,4480,4660,273368,0.04250559284116329
2022-11-08,4665,4770,4665,4720,61525,0.012875536480686733
2022-11-09,4745,4760,4705,4740,49201,0.004237288135593209
2022-11-10,4790,4790,4660,4725,25961,-0.0031645569620253333
2022-11-11,4810,4820,4725,4800,53666,0.015873015873015817
2022-11-14,4775,4825,4745,4780,64970,-0.004166666666666652
2022-11-15,4730,4845,4710,4770,54195,-0.0020920502092049986
2022-11-16,4785,4800,4690,4750,45432,-0.004192872117400381
2022-11-17,4740,4870,4710,4815,68289,0.013684210526315743
2022-11-18,4770,4900,4770,4870,80653,0.011422637590861928
2022-11-21,4825,4870,4690,4690,70034,-0.03696098562628336
2022-11-22,4685,4840,4660,4810,42067,0.02558635394456288
2022-11-23,4810,4855,4800,4815,39821,0.0010395010395010118
2022-11-24,4835,4930,4815,4875,71097,0.012461059190031154
2022-11-25,4875,4885,4820,4850,25058,-0.00512820512820511
2022-11-28,4875,4875,4755,4790,30076,-0.012371134020618513
2022-11-29,4785,4905,4750,4810,22503,0.0041753653444676075
2022-11-30,4745,4885,4745,4885,39849,0.015592515592515621
2022-12-01,4860,4995,4840,4935,89118,0.010235414534288667
2022-12-02,4930,5020,4860,4870,84622,-0.01317122593718334
2022-12-05,4870,4930,4850,4870,40446,0.0
2022-12-06,4845,4870,4730,4730,44961,-0.028747433264887046
2022-12-07,4700,4735,4640,4690,28318,-0.008456659619450302
2022-12-08,4700,4710,4540,4570,44349,-0.02558635394456288
2022-12-09,4575,4710,4555,4660,34683,0.01969365426695835
2022-12-12,4630,4690,4625,4625,16017,-0.007510729613733891
2022-12-13,4595,4750,4570,4750,21216,0.027027027027026973
2022-12-14,4715,4765,4700,4730,25621,-0.004210526315789442
2022-12-15,4685,4725,4650,4670,23104,-0.012684989429175508
2022-12-16,4610,4690,4610,4630,20006,-0.008565310492505307
2022-12-19,4645,4680,4575,4610,18226,-0.004319654427645814
2022-12-20,4660,4660,4510,4540,26088,-0.015184381778741818
2022-12-21,4545,4585,4495,4500,37456,-0.008810572687224627
2022-12-22,4525,4585,4505,4510,18311,0.0022222222222221255
2022-12-23,4500,4500,4370,4375,40321,-0.029933481152993324
2022-12-26,4380,4380,4290,4345,26619,-0.006857142857142895
2022-12-27,4320,4380,4210,4335,37285,-0.0023014959723820505
2022-12-28,4290,4355,4285,4330,25410,-0.0011534025374856371
2022-12-29,4335,4360,4180,4200,44753,-0.03002309468822173
2023-01-02,4180,4240,4125,4165,40919,-0.008333333333333304
2023-01-03,4070,4160,4025,4145,34126,-0.004801920768307322
2023-01-04,4065,4195,4065,4190,21984,0.010856453558504287
2023-01-05,4215,4355,4200,4295,48655,0.02505966587112174
2023-01-06,4305,4390,4270,4390,39362,0.022118742724097862
2023-01-09,4405,4480,4405,4420,38583,0.006833712984054774
2023-01-10,4420,4570,4300,4500,46409,0.018099547511312153
2023-01-11,4520,4570,4510,4510,28011,0.0022222222222221255
2023-01-12,4560,4625,4520,4600,35878,0.019955654101995624
2023-01-13,4720,4840,4700,4725,149907,0.02717391304347827
2023-01-16,4785,4830,4695,4785,77326,0.012698412698412653
2023-01-17,4790,4820,4715,4755,40940,-0.006269592476489061
2023-01-18,4800,4800,4700,4730,44713,-0.00525762355415349
2023-01-19,4670,4750,4600,4710,46065,-0.0042283298097252064
2023-01-20,4715,4750,4660,4705,34027,-0.0010615711252653925
2023-01-25,4700,4720,4630,4650,58278,-0.011689691817215686
2023-01-26,4630,4745,4620,4700,17963,0.010752688172043001
2023-01-27,4675,4780,4660,4670,75911,-0.006382978723404209
2023-01-30,4670,4730,4625,4660,50559,-0.0021413276231263545
2023-01-31,4630,4755,4620,4670,29137,0.0021459227467810482
2023-02-01,4670,4695,4630,4630,43897,-0.008565310492505307
2023-02-02,4655,4735,4650,4680,57721,0.010799136069114423
2023-02-03,4690,4780,4675,4710,31613,0.0064102564102563875
2023-02-06,4750,4750,4710,4735,64176,0.005307855626327074
2023-02-07,4710,4765,4705,4710,18023,-0.0052798310454065245
2023-02-08,4720,4745,4695,4720,26524,0.002123142250530785
2023-02-09,4720,4765,4710,4750,19900,0.006355932203389925
2023-02-10,4755,4755,4590,4640,54866,-0.023157894736842155
2023-02-13,4645,4680,4595,4680,33629,0.008620689655172376
2023-02-14,4630,4670,4615,4625,26235,-0.01175213675213671
2023-02-15,4625,4635,4560,4585,57962,-0.008648648648648671
2023-02-16,4580,4595,4550,4550,32517,-0.007633587786259555
2023-02-17,4540,4580,4505,4545,25509,-0.001098901098901095
2023-02-20,4550,4645,4515,4635,22717,0.01980198019801982
2023-02-21,4630,4700,4630,4680,16361,0.009708737864077666
2023-02-22,4680,4685,4615,4625,14416,-0.01175213675213671
2023-02-23,4600,4820,4595,4770,71042,0.03135135135135125
2023-02-24,4740,4770,4635,4685,59628,-0.017819706498951815
2023-02-27,4640,4675,4555,4600,46858,-0.018143009605122717
2023-02-28,4565,4650,4565,4590,40901,-0.0021739130434782483
2023-03-02,4650,4770,4535,4655,92012,0.014161220043573008
2023-03-03,4770,4770,4670,4735,61504,0.017185821697099923
2023-03-06,4735,4790,4720,4745,35339,0.002111932418162654
2023-03-07,4700,4735,4690,4725,49418,-0.004214963119072657
2023-03-08,4705,4730,4645,4675,34472,-0.010582010582010581
2023-03-09,4685,4705,4605,4660,21508,-0.0032085561497325887
2023-03-10,4605,4660,4560,4565,44871,-0.020386266094420624
2023-03-13,4515,4580,4460,4565,38019,0.0
2023-03-14,4525,4540,4325,4360,84878,-0.04490690032858713
2023-03-15,4510,4635,4400,4580,46943,0.050458715596330306
2023-03-16,4555,4585,4505,4535,23920,-0.009825327510917026
2023-03-17,4550,4630,4550,4615,21138,0.01764057331863289
2023-03-20,4615,4680,4600,4610,52049,-0.0010834236186348933
2023-03-21,4610,4645,4555,4590,27205,-0.004338394793926281
2023-03-22,4595,4660,4510,4550,40439,-0.008714596949891074
2023-03-23,4570,4570,4450,4480,27081,-0.01538461538461533
2023-03-24,4480,4540,4410,4410,35830,-0.015625
2023-03-27,4430,4645,4375,4595,64875,0.04195011337868482
2023-03-28,4595,4670,4575,4580,80657,-0.0032644178454842576
2023-03-29,4605,4605,4535,4580,19534,0.0
2023-03-30,4580,4725,4580,4650,64771,0.015283842794759916
2023-03-31,4650,4690,4640,4670,32348,0.004301075268817289
2023-04-03,4655,4715,4650,4655,54218,-0.0032119914346895317
2023-04-04,4670,4745,4625,4665,71787,0.002148227712137407
2023-04-05,4640,4695,4600,4660,60010,-0.001071811361200381
2023-04-06,4655,4655,4605,4655,63162,-0.0010729613733905241
2023-04-07,4640,4640,4450,4470,101259,-0.039742212674543476
2023-04-10,4450,4450,4300,4360,72434,-0.02460850111856827
2023-04-11,4355,4365,4280,4340,53042,-0.004587155963302725
2023-04-12,4340,4390,4320,4345,46490,0.0011520737327188613
2023-04-13,4345,4370,4285,4335,16932,-0.0023014959723820505
2023-04-14,4335,4435,4335,4435,37803,0.023068050749711633
2023-04-17,4435,4835,4400,4560,534435,0.028184892897406888
2023-04-18,4560,4580,4525,4555,43465,-0.0010964912280702066
2023-04-19,4555,4565,4495,4495,42485,-0.013172338090010949
2023-04-20,4490,4540,4460,4515,40847,0.004449388209121219
2023-04-21,4510,4515,4320,4510,32414,-0.001107419712070845
2023-04-24,4510,4510,4410,4410,39304,-0.022172949002217335
2023-04-25,4410,4430,4275,4320,43020,-0.020408163265306145
2023-04-26,4255,4315,4210,4220,21498,-0.02314814814814814
2023-04-27,4240,4320,4205,4235,22020,0.0035545023696681444
2023-04-28,4235,4345,4195,4195,39984,-0.009445100354191216
2023-05-02,4240,4240,4190,4205,21504,0.0023837902264600697
2023-05-03,4200,4325,4200,4225,17671,0.0047562425683709275
2023-05-04,4225,4240,4110,4225,35181,0.0
2023-05-08,4200,4295,4180,4215,27679,-0.002366863905325478
2023-05-09,4215,4230,4150,4170,24619,-0.010676156583629859
2023-05-10,4150,4195,4145,4190,10417,0.004796163069544335
2023-05-11,4245,4245,4200,4235,9851,0.010739856801909253
2023-05-12,4230,4245,4170,4175,11880,-0.01416765053128688
2023-05-15,4145,4205,4110,4205,25658,0.007185628742514938
2023-05-16,4240,4370,4215,4345,49962,0.03329369797859694
2023-05-17,4305,4370,4290,4355,21592,0.0023014959723819395
2023-05-18,4385,4430,4335,4335,16490,-0.004592422502870286
2023-05-19,4295,4360,4295,4315,15461,-0.0046136101499423265
2023-05-22,4360,4360,4290,4325,9313,0.002317497103128563
2023-05-23,4370,4370,4280,4335,31178,0.0023121387283238093
2023-05-24,4370,4370,4270,4335,17921,0.0
2023-05-25,4370,4370,4200,4255,20534,-0.018454440599769306
2023-05-26,4260,4300,4255,4270,8037,0.003525264394829586
2023-05-30,4290,4310,4265,4265,9745,-0.0011709601873536313
2023-05-31,4245,4300,4245,4260,12430,-0.0011723329425556983
2023-06-01,4260,4345,4145,4275,38623,0.0035211267605634866
2023-06-02,4280,4790,4280,4440,741178,0.03859649122807007
2023-06-05,4475,4495,4385,4430,51354,-0.0022522522522522292
2023-06-07,4400,4480,4400,4415,37230,-0.003386004514672636
2023-06-08,4415,4440,4400,4415,16411,0.0
2023-06-09,4415,4485,4410,4485,31234,0.015855039637599155
2023-06-12,4485,4625,4485,4600,61163,0.02564102564102555
2023-06-13,4610,4685,4600,4675,75609,0.016304347826086918
2023-06-14,4655,4675,4580,4605,54241,-0.0149732620320856
2023-06-15,4615,4655,4570,4570,31290,-0.007600434310532034
2023-06-16,4570,4615,4560,4615,21477,0.009846827133479286
2023-06-19,4700,5760,4625,5280,4741749,0.14409534127843981
2023-06-20,5250,5650,5090,5350,2217599,0.01325757575757569
2023-06-21,5200,5520,5060,5150,1076990,-0.03738317757009346
2023-06-22,5150,5460,5030,5060,675353,-0.01747572815533982
2023-06-23,5030,5170,5000,5050,191687,-0.0019762845849802257
2023-06-26,5050,5130,4960,5050,151835,0.0
2023-06-27,5050,5160,5030,5140,125098,0.017821782178217838
2023-06-28,5120,5130,4930,4940,163082,-0.03891050583657585
2023-06-29,4940,5000,4835,4855,102642,-0.01720647773279349
2023-06-30,4855,4975,4785,4975,67093,0.02471678681771361
2023-07-03,4990,5310,4985,4990,88640,0.0030150753768845018
2023-07-04,4990,5040,4885,4990,36935,0.0
2023-07-05,4990,5050,4935,4965,59354,-0.00501002004008011
2023-07-06,5050,5050,4770,4805,64099,-0.03222557905337364
2023-07-07,4805,4820,4695,4790,48624,-0.003121748178980255
2023-07-10,4790,4950,4710,4890,52964,0.02087682672233826
2023-07-11,4975,4975,4810,4810,34014,-0.01635991820040905
2023-07-12,4800,4855,4740,4810,33802,0.0
2023-07-13,4810,4885,4810,4850,22514,0.008316008316008316
2023-07-14,4810,4860,4670,4725,74431,-0.02577319587628868
2023-07-17,4725,4905,4650,4800,52798,0.015873015873015817
2023-07-18,4800,5950,4700,5130,9737758,0.06875000000000009
2023-07-19,5100,5100,4815,4855,666004,-0.0536062378167641
2023-07-20,4895,5110,4765,4800,374008,-0.011328527291452062
2023-07-21,4720,4800,4700,4740,159592,-0.012499999999999956
2023-07-24,4740,4740,4615,4665,131870,-0.015822784810126556
2023-07-25,4665,4775,4590,4630,78537,-0.007502679528403
2023-07-26,4610,4630,4285,4310,272197,-0.06911447084233258
2023-07-27,4310,4470,4310,4425,61506,0.026682134570765736
2023-07-28,4400,4590,4395,4560,37318,0.03050847457627115
2023-07-31,4535,4615,4500,4605,25193,0.009868421052631637
2023-08-01,4640,4660,4565,4615,30366,0.0021715526601520097
2023-08-02,4595,4715,4590,4655,59020,0.008667388949079147
2023-08-03,4655,4690,4540,4650,35883,-0.0010741138560687036
2023-08-04,4650,4675,4550,4580,37596,-0.01505376344086018
2023-08-07,4555,4570,4395,4455,66781,-0.02729257641921401
2023-08-08,4455,4500,4395,4470,33559,0.0033670033670034627
2023-08-09,4470,4560,4450,4545,28657,0.016778523489932917
2023-08-10,4570,4625,4515,4545,28608,0.0
2023-08-11,4545,4605,4500,4585,54881,0.008800880088008833
2023-08-14,4585,4790,4505,4650,65423,0.014176663031624903
2023-08-16,4645,4645,4450,4545,49742,-0.022580645161290325
2023-08-17,4635,4790,4460,4705,118751,0.03520352035203511
2023-08-18,4650,4785,4625,4710,75875,0.0010626992561104665
2023-08-21,4655,4740,4610,4690,76970,-0.00424628450106157
2023-08-22,4740,4740,4650,4685,36173,-0.0010660980810234255
2023-08-23,4800,4960,4700,4915,271606,0.0490928495197438
2023-08-24,4925,4950,4750,4750,102628,-0.033570701932858604
2023-08-25,4770,4910,4750,4865,87845,0.02421052631578946
2023-08-28,4885,4915,4810,4860,59454,-0.0010277492291880241
2023-08-29,4870,5080,4820,4960,194527,0.020576131687242816
2023-08-30,4960,5180,4855,4915,293226,-0.009072580645161255
2023-08-31,4950,4970,4860,4860,45305,-0.011190233977619535
2023-09-01,4950,5140,4900,5100,200656,0.04938271604938271
2023-09-04,5050,5280,4990,5200,143147,0.019607843137254832
2023-09-05,5220,5370,5140,5240,159946,0.007692307692307665
2023-09-06,5240,5320,5200,5250,86291,0.001908396946564972
2023-09-07,5240,5530,5090,5150,336489,-0.01904761904761909
2023-09-08,5170,5360,5160,5270,102101,0.023300970873786353
2023-09-11,5300,5330,5190,5230,97274,-0.007590132827324458
2023-09-12,5260,5350,5180,5210,85963,-0.003824091778202643
2023-09-13,5170,5240,5100,5130,43724,-0.015355086372360827
2023-09-14,5150,5300,5070,5270,61642,0.02729044834308003
2023-09-15,5300,5340,5170,5250,87231,-0.003795066413662229
2023-09-18,5280,5430,5280,5280,87525,0.005714285714285783
2023-09-19,5310,5400,5210,5350,72711,0.01325757575757569
2023-09-20,5310,5790,4890,4930,1209743,-0.07850467289719631
2023-09-21,4930,5090,4880,4925,100953,-0.0010141987829614951
2023-09-22,4925,5220,4895,5010,173759,0.01725888324873104
2023-09-25,5050,5280,5010,5100,112408,0.017964071856287456
2023-09-26,5110,5220,5040,5060,60943,-0.007843137254901933
2023-09-27,5070,5250,5010,5200,122890,0.027667984189723382
2023-10-04,5250,5250,5080,5090,96155,-0.02115384615384619
2023-10-05,5150,5190,5080,5100,45401,0.0019646365422396617
2023-10-06,5020,5190,5020,5140,45126,0.007843137254901933
2023-10-10,5390,5770,5260,5620,1474960,0.09338521400778199
2023-10-11,5550,5730,5410,5640,318046,0.003558718861210064
2023-10-12,5690,5920,5490,5550,537454,-0.015957446808510634
2023-10-13,5540,5560,5110,5220,432261,-0.05945945945945941
2023-10-16,5190,5450,5150,5260,164174,0.00766283524904221
2023-10-17,5350,5470,5290,5400,104744,0.026615969581748944
2023-10-18,5440,5450,5290,5290,88949,-0.020370370370370372
2023-10-19,5290,5360,5210,5340,90474,0.00945179584120992
2023-10-20,5250,5350,5140,5340,122618,0.0
2023-10-23,5250,5430,5240,5280,70145,-0.011235955056179803
2023-10-24,5280,5570,5210,5430,207203,0.02840909090909083
2023-10-25,5490,5490,5390,5400,84021,-0.0055248618784530246
2023-10-26,5350,5400,5230,5260,87820,-0.025925925925925908
2023-10-27,5310,5440,5200,5440,94812,0.034220532319391594
2023-10-30,5470,5750,5420,5700,215719,0.047794117647058876
2023-10-31,5700,5710,5550,5600,106562,-0.01754385964912286
2023-11-01,5640,5800,5550,5620,142347,0.0035714285714285587
2023-11-02,5750,5790,5600,5620,145744,0.0
2023-11-03,5690,5920,5540,5690,327818,0.01245551601423478
2023-11-06,5850,6200,5670,5860,610598,0.02987697715289972
2023-11-07,5880,6200,5820,6120,363652,0.04436860068259385
2023-11-08,6120,6310,6000,6190,250102,0.011437908496731986
2023-11-09,6190,6340,6090,6300,219368,0.017770597738287597
2023-11-10,6260,6290,5950,5950,170036,-0.05555555555555558
2023-11-13,6050,6190,5850,5940,190696,-0.001680672268907557
2023-11-14,5950,6180,5950,6170,123607,0.03872053872053871
2023-11-15,6280,6300,6040,6120,150352,-0.008103727714748765
2023-11-16,6070,6220,6050,6090,96149,-0.004901960784313708
2023-11-17,6140,6140,5780,5850,191728,-0.039408866995073843
2023-11-20,5900,6410,5900,6300,563334,0.07692307692307687
2023-11-21,6370,6530,6180,6520,502419,0.03492063492063502
2023-11-22,6560,6950,6430,6900,803608,0.05828220858895716
2023-11-23,6940,7010,6040,6070,977099,-0.12028985507246381
2023-11-24,6200,6250,5610,5920,1125692,-0.02471169686985175
2023-11-27,6120,6730,5730,5880,3379644,-0.006756756756756799
2023-11-28,6150,7150,5690,6430,13536242,0.09353741496598644
2023-11-29,5250,5250,4810,4835,3357182,-0.24805598755832037
2023-11-30,4860,4950,4630,4760,1654541,-0.015511892450879028
2023-12-01,4760,4810,4680,4680,500549,-0.01680672268907568
2023-12-04,4730,4780,4615,4630,409214,-0.010683760683760646
2023-12-05,4640,4640,4475,4495,418963,-0.029157667386609076
2023-12-06,4505,4555,4480,4510,214880,0.0033370411568409697
2023-12-07,4545,4560,4455,4475,139419,-0.0077605321507761005
2023-12-08,4475,4500,4425,4435,181284,-0.00893854748603351
2023-12-11,4470,4520,4445,4495,139475,0.013528748590755368
2023-12-12,4500,4530,4460,4510,115587,0.0033370411568409697
2023-12-13,4525,4525,4450,4470,127508,-0.008869179600886956
2023-12-14,4460,4500,4400,4420,171785,-0.01118568232662187
2023-12-15,4420,4440,4395,4430,92082,0.002262443438914019
2023-12-18,4430,4465,4380,4460,112575,0.006772009029345272
2023-12-19,4460,4460,4395,4425,63981,-0.007847533632286963
2023-12-20,4420,4445,4400,4405,100370,-0.004519774011299438
2023-12-21,4415,4420,4345,4350,106990,-0.012485811577752526
2023-12-22,4370,4375,4305,4335,74780,-0.0034482758620689724
2023-12-26,4335,4340,4285,4315,83496,-0.0046136101499423265
2023-12-27,4270,4360,4270,4340,59978,0.005793742757821629
2023-12-28,4320,4410,4320,4355,49300,0.003456221198156584
2024-01-02,4325,4430,4325,4405,108648,0.01148105625717566
2024-01-03,4355,4425,4355,4395,46898,-0.002270147559591429
2024-01-04,4395,4430,4340,4350,46649,-0.010238907849829393
2024-01-05,4355,4370,4325,4330,40945,-0.0045977011494252595
2024-01-08,4305,4355,4305,4335,57674,0.0011547344110853786
2024-01-09,4355,4390,4315,4385,64131,0.011534025374855927
2024-01-10,4370,4390,4335,4360,38311,-0.005701254275940704
2024-01-11,4365,4410,4340,4395,47787,0.008027522935779796
2024-01-12,4390,4395,4345,4370,41528,-0.005688282138794132
