Date,Open,High,Low,Close,Volume,Change
2022-01-03,34176,34293,33472,33942,165600,0.0
2022-01-04,33824,34097,33472,33512,186025,-0.012668670084261424
2022-01-05,33472,33472,32378,32378,305769,-0.03383862497015999
2022-01-06,31868,32533,31086,31165,329836,-0.03746370992649328
2022-01-07,31048,32300,30891,32300,223440,0.03641905984277227
2022-01-10,31633,31986,31360,31517,182310,-0.024241486068111495
2022-01-11,31399,31947,31087,31283,168639,-0.007424564520734811
2022-01-12,31360,32534,31283,31870,220320,0.018764185020618163
2022-01-13,31594,32220,31008,31009,211560,-0.027016002510197645
2022-01-14,30890,30890,29718,29836,257740,-0.03782772743397078
2022-01-17,29757,30656,29366,29914,247095,0.002614291459981155
2022-01-18,29914,30814,28585,29250,228090,-0.02219696463194487
2022-01-19,28388,29248,28388,29093,165244,-0.005367521367521388
2022-01-20,28506,30030,28506,29836,155650,0.02553878939951182
2022-01-21,29718,30813,29170,29875,191834,0.0013071457299906886
2022-01-24,29561,29835,27880,27920,212370,-0.06543933054393303
2022-01-25,27958,28232,26198,26473,250492,-0.05182664756446986
2022-01-26,26434,27138,26199,26630,175922,0.005930570770218635
2022-01-27,26511,26902,24869,24987,222645,-0.06169733383402176
2022-01-28,25142,26862,24868,26785,250980,0.07195741785728571
2022-02-03,26941,28779,26941,28545,248658,0.06570841889117052
2022-02-04,28153,28545,27528,28076,134684,-0.016430197933088087
2022-02-07,27958,28035,26824,27450,115983,-0.02229662345063399
2022-02-08,27332,28153,26941,27411,139983,-0.001420765027322357
2022-02-09,27528,28075,27137,27959,95979,0.019991974025026504
2022-02-10,27996,28583,26824,26942,138081,-0.036374691512572
2022-02-11,26237,26824,25885,26160,122368,-0.029025313636701022
2022-02-14,25104,26277,24908,25769,136234,-0.014946483180428127
2022-02-15,25494,26120,24869,24948,101137,-0.031859986805852
2022-02-16,25495,26395,25377,26395,120892,0.058000641333974645
2022-02-17,26394,26979,25650,25925,143126,-0.017806402727789328
2022-02-18,25417,29640,25260,27607,850408,0.06487945998071365
2022-02-21,27176,27176,26277,26512,183358,-0.03966385337052192
2022-02-22,25729,26042,24830,24948,261447,-0.0589921544960772
2022-02-23,25651,30655,25611,27411,2537115,0.09872534872534877
2022-02-24,26823,30186,26745,26785,1635162,-0.022837546970194467
2022-02-25,28154,28623,26668,27490,460117,0.026320701885383713
2022-02-28,27215,27488,26315,26746,255762,-0.02706438704983627
2022-03-02,26472,28741,26394,28272,599612,0.057055260599715885
2022-03-03,28114,29717,27958,29093,460017,0.02903933220147148
2022-03-04,29014,37265,28349,36054,9868767,0.23926717767160488
2022-03-07,35506,40510,34997,36601,6761982,0.015171686914073224
2022-03-08,36013,36678,33746,33746,1812399,-0.07800333324226116
2022-03-10,33511,36365,33511,34255,1876902,0.015083269128193022
2022-03-11,33980,34840,32220,32651,895590,-0.04682528098087868
2022-03-14,32846,39807,32416,36718,7385788,0.12455973783345065
2022-03-15,35818,40746,35622,36132,4677872,-0.015959474916934502
2022-03-16,36522,38712,36053,36679,1691664,0.015138935016052235
2022-03-17,37226,37851,36132,36132,986536,-0.014913165571580511
2022-03-18,36287,36600,35114,35467,507230,-0.01840473818222077
2022-03-21,35740,36131,34411,34490,402484,-0.02754673358333093
2022-03-22,34488,35271,33707,34372,478903,-0.003421281530878506
2022-03-23,34723,35700,34215,34215,626670,-0.0045676713604095864
2022-03-24,34214,34331,33002,33550,393390,-0.019435919918164513
2022-03-25,33667,33746,32417,32417,463765,-0.033770491803278735
2022-03-28,32143,33003,31674,31674,290572,-0.022920072801307922
2022-03-29,31908,37930,31673,35780,5541790,0.12963313758918993
2022-03-30,35778,36913,34528,34724,1181900,-0.02951369480156507
2022-03-31,34529,37774,34255,35585,2402323,0.024795530468840088
2022-04-01,35779,39572,35779,36601,4375639,0.02855135590838831
2022-04-04,36795,38203,36209,37930,1310398,0.03631048332012776
2022-04-05,37929,38008,36678,37070,752416,-0.022673345636699205
2022-04-06,36561,36991,35310,35350,517209,-0.0463987051524144
2022-04-07,34801,37851,34762,36210,1484950,0.024328147100424413
2022-04-08,36209,37264,35387,36405,523141,0.005385252692626352
2022-04-11,36444,36640,33746,33825,460716,-0.07086938607334159
2022-04-12,33237,34253,32885,33668,315814,-0.004641537324464151
2022-04-13,33395,35819,33395,34490,656336,0.024414874658429397
2022-04-14,34606,35545,34567,34920,295785,0.012467381849811554
2022-04-15,34566,35075,33902,33981,231625,-0.026890034364261184
2022-04-18,33707,33863,32924,33199,204051,-0.023012860127718415
2022-04-19,33237,34723,33198,34372,266076,0.03533238952980522
2022-04-20,34410,34527,33589,33707,153441,-0.019347143023391133
2022-04-21,33706,34254,33432,33746,142927,0.001157029697095524
2022-04-22,33432,33550,32494,32573,263221,-0.03475967522076695
2022-04-25,31672,32806,31672,32182,178795,-0.012003806833880803
2022-04-26,32338,33393,32221,32769,187272,0.018240009943446545
2022-04-27,32064,32963,31830,32417,146156,-0.010741859684457844
2022-04-28,32416,37147,32416,33981,2034488,0.048246290526575475
2022-04-29,34019,35193,33745,35193,362010,0.035666990376975294
2022-05-02,34684,35544,34449,34763,281485,-0.012218338874207979
2022-05-03,34762,36600,34684,35154,511900,0.011247590829330134
2022-05-04,35584,35661,33785,34020,229638,-0.032258064516129004
2022-05-06,33511,37225,33198,35506,1863898,0.04368018812463248
2022-05-09,35193,35428,33003,33395,495062,-0.05945474004393625
2022-05-10,32845,34918,32845,33785,685186,0.011678394969306893
2022-05-11,33746,41058,33511,40277,6037584,0.19215628237383453
2022-05-12,39416,40120,37383,37579,1547854,-0.0669861211113042
2022-05-13,38203,38476,35740,36796,1392154,-0.02083610527156121
2022-05-16,36599,37616,35935,35975,685681,-0.022312207848679155
2022-05-17,36013,37930,35740,36992,1070814,0.02826963168867258
2022-05-18,37226,37382,36170,36249,427630,-0.02008542387543255
2022-05-19,35154,35740,34254,34685,502087,-0.043146017821181326
2022-05-20,35036,36208,34957,35662,429412,0.028167795877180435
2022-05-23,35662,37813,35388,36914,866460,0.035107397229544146
2022-05-24,37265,37695,35310,35350,492610,-0.04236874898412524
2022-05-25,35544,36327,34802,34998,335326,-0.00995756718528995
2022-05-26,35271,36523,35075,36054,371875,0.03017315275158583
2022-05-27,37030,37225,35387,35701,432069,-0.009790869251678047
2022-05-30,36131,36834,36053,36288,268358,0.01644211646732585
2022-05-31,36561,36600,35818,36523,225636,0.0064759700176366675
2022-06-02,36443,38320,36131,37226,577620,0.01924814500451766
2022-06-03,37461,37969,36366,36562,376822,-0.017836995648202847
2022-06-07,37109,40745,36874,37735,3212442,0.0320824900169574
2022-06-08,37773,37852,36444,36523,475417,-0.03211872267126015
2022-06-09,36169,36287,35192,35623,496593,-0.024642006406921713
2022-06-10,34996,35818,34723,34880,306169,-0.020857311287651226
2022-06-13,33705,34566,33315,33550,342873,-0.03813073394495414
2022-06-14,32807,33785,32690,33160,283089,-0.01162444113263783
2022-06-15,32845,33432,31829,32651,349078,-0.015349819059107372
2022-06-16,33158,33823,31907,32025,267523,-0.01917246026155406
2022-06-17,30969,31829,30930,31595,182662,-0.013427010148321594
2022-06-20,31594,31868,29835,29992,256743,-0.05073587592973572
2022-06-21,29874,31008,29874,30696,185402,0.023472926113630388
2022-06-22,31515,32376,30930,30930,371420,0.00762314308053158
2022-06-23,30578,31516,28740,28780,307102,-0.06951180084060782
2022-06-24,28818,30382,28818,30305,214024,0.05298818624044466
2022-06-27,30578,31634,30108,31126,187132,0.027091239069460427
2022-06-28,31282,31829,30773,31283,130344,0.005044014650131823
2022-06-29,30655,30890,30226,30461,131966,-0.02627625227759489
2022-06-30,30343,31360,29992,30188,146524,-0.008962279636256176
2022-07-01,30305,30735,28662,28741,194120,-0.047932953491453545
2022-07-04,28858,29679,28819,29289,126207,0.019066838314602874
2022-07-05,29209,31047,29209,30657,174354,0.04670695482945808
2022-07-06,30735,31556,30227,30345,169047,-0.01017712104902635
2022-07-07,30734,31751,30343,31517,156589,0.03862250782665999
2022-07-08,31672,32494,31320,31595,171883,0.0024748548402449
2022-07-11,31594,33120,31399,32612,310833,0.03218863744263323
2022-07-12,32063,32454,31672,32025,156906,-0.017999509383049173
2022-07-13,31986,33550,31986,32417,225099,0.012240437158469897
2022-07-14,32612,33159,31399,32847,207126,0.013264645093623795
2022-07-15,33315,33784,32533,32612,222915,-0.007154382439796603
2022-07-18,35584,42389,34294,42389,4391278,0.2997976205077886
2022-07-19,45829,48800,43560,45595,8407852,0.07563282927174497
2022-07-20,46924,50990,46376,47550,6487554,0.04287750849873895
2022-07-21,46689,48644,44968,47550,2685021,0.0
2022-07-22,48566,48644,46063,47550,1680866,0.0
2022-07-25,45907,47940,44890,47863,1354406,0.0065825446898002404
2022-07-26,47314,48253,45751,45751,1172173,-0.04412594279506088
2022-07-27,45359,47393,45282,46377,846866,0.013682761032545843
2022-07-28,46455,48645,45516,45830,1566668,-0.011794639584276734
2022-07-29,45908,49193,45517,49193,1220287,0.07337988217324898
2022-08-01,48332,48879,47159,47394,948351,-0.03657024373386453
2022-08-02,47783,50677,46532,46611,1594676,-0.01652107861754648
2022-08-03,46532,50129,46063,49505,1476802,0.06208834824397669
2022-08-04,49192,56856,48566,51930,7222771,0.04898495101504907
2022-08-05,52320,54432,51616,51930,1795398,0.0
2022-08-08,52475,53101,49895,50365,947564,-0.030136722511072578
2022-08-09,49661,50677,48722,49896,682899,-0.00931202223766503
2022-08-10,49504,51537,49348,49896,740955,0.0
2022-08-11,50364,54510,49895,54510,2812653,0.09247234247234237
2022-08-12,58108,67258,56934,60924,10513050,0.11766648321408923
2022-08-16,61471,76330,60924,73985,10350758,0.21438185280021016
2022-08-17,74609,77189,71325,72420,5052690,-0.021152936406028222
2022-08-18,72576,78207,72498,75549,5186404,0.04320629660314834
2022-08-19,75783,77895,71794,74298,2596928,-0.016558789659691042
2022-08-22,72732,76486,70542,71325,2021828,-0.04001453605749816
2022-08-23,70699,71090,67728,68354,2126961,-0.04165439887837363
2022-08-24,68822,69760,64208,68041,2854586,-0.004579102905462706
2022-08-25,64834,68119,62331,64600,4202998,-0.050572448964594896
2022-08-26,64833,66944,62018,62175,2244124,-0.037538699690402466
2022-08-29,61235,64755,52164,58030,5827108,-0.06666666666666665
2022-08-30,57717,59438,55293,58500,2809407,0.008099259003963466
2022-08-31,58186,59906,54823,55684,2469031,-0.04813675213675217
2022-09-01,61080,67415,45047,46690,12194646,-0.16151856906831408
2022-09-02,48175,50052,45516,47472,3975710,0.016748768472906406
2022-09-05,46454,46689,43014,43249,2613151,-0.0889577013818672
2022-09-06,42700,44421,41762,41997,2162437,-0.028948646211473084
2022-09-07,42309,42778,39807,40902,1892170,-0.02607329094935351
2022-09-08,40668,42701,39104,40825,2895103,-0.0018825485306341871
2022-09-13,41136,43248,40355,42545,1434780,0.04213104715248006
2022-09-14,41606,43326,39181,39573,2971564,-0.06985544717358094
2022-09-15,38907,39063,36404,36718,2305810,-0.07214514947059869
2022-09-16,36523,37070,35585,35585,1072851,-0.030856800479328927
2022-09-19,35583,35974,34136,34215,881408,-0.038499367711114285
2022-09-20,34411,35545,34333,34490,660406,0.008037410492474084
2022-09-21,34332,34879,33706,34020,510566,-0.013627138300956854
2022-09-22,33510,33785,32768,33316,524958,-0.02069370958259842
2022-09-23,33393,33511,32025,32143,395773,-0.03520830832032662
2022-09-26,31594,32611,31243,31478,557626,-0.02068879693868031
2022-09-27,31242,32611,31047,31947,472610,0.01489929474553664
2022-09-28,31907,33784,30382,30735,969024,-0.03793783453845434
2022-09-29,31360,33158,31360,31595,962598,0.027981129006019234
2022-09-30,31007,31946,30734,31517,381258,-0.0024687450545972656
2022-10-04,32298,33276,31986,33238,429597,0.05460545102643022
2022-10-05,33902,33902,31165,31244,588289,-0.05999157590709425
2022-10-06,31634,32495,31400,32495,306901,0.04003968762002308
2022-10-07,32064,32142,31360,31400,321217,-0.03369749192183413
2022-10-11,30891,30930,29249,29484,338270,-0.06101910828025481
2022-10-12,29444,30265,29366,29719,248169,0.0079704246370913
2022-10-13,29365,29678,28544,28975,263587,-0.025034489720380915
2022-10-14,29366,30851,29366,30461,384519,0.051285591026747124
2022-10-17,29796,30616,29366,30422,200905,-0.0012803256623222792
2022-10-18,31243,31673,30891,31439,275175,0.03342975478272292
2022-10-19,31907,31907,30188,30188,345067,-0.03979134196380296
2022-10-20,29992,29992,28897,29015,333625,-0.03885649927123358
2022-10-21,29365,29678,28506,28506,268788,-0.01754265035326552
2022-10-24,28780,29914,28780,29250,246180,0.026099768469795892
2022-10-25,29561,29913,28857,29210,171376,-0.0013675213675213849
2022-10-26,29366,29405,28624,28624,182880,-0.02006162273194112
2022-10-27,28857,29405,28779,28897,148981,0.009537451089994375
2022-10-28,28544,28662,27684,27763,314886,-0.03924282797522238
2022-10-31,28154,28935,28075,28350,264310,0.021143248208046694
2022-11-01,28192,28740,27919,28467,169034,0.004126984126984201
2022-11-02,28467,29522,28271,29132,258351,0.023360382196929708
2022-11-03,28544,28700,28035,28310,218534,-0.028216394342990503
2022-11-04,28036,28427,27450,28350,208333,0.0014129282938890597
2022-11-07,28310,29248,28310,29054,242325,0.024832451499118058
2022-11-08,30382,34957,29600,31595,5351234,0.08745783713085986
2022-11-09,31595,31986,30617,30657,878413,-0.029688241810413074
2022-11-10,30265,30539,29562,29562,689702,-0.03571778060475583
2022-11-11,30069,30655,29990,30500,644664,0.03172992355050397
2022-11-14,30617,32612,30539,32143,1322400,0.05386885245901629
2022-11-15,32143,33433,31752,33395,943513,0.03895093799583105
2022-11-16,33433,33472,31829,32065,662065,-0.03982632130558472
2022-11-17,31830,33355,31791,31870,632941,-0.006081397162014612
2022-11-18,31947,32494,31282,31283,341138,-0.018418575462817666
2022-11-21,31321,31594,30383,30383,239000,-0.02876961928203814
2022-11-22,30148,31321,30148,30383,298173,0.0
2022-11-23,30773,31203,30422,30422,185692,0.0012836125464898984
2022-11-24,30422,31125,30422,31048,191637,0.02057721385839195
2022-11-25,31047,31477,30657,30853,166872,-0.006280597784076303
2022-11-28,30813,30852,29366,29484,305778,-0.04437169805205332
2022-11-29,29366,30382,29288,30188,204171,0.02387735721069051
2022-11-30,29874,30617,29874,30266,117200,0.002583808135683041
2022-12-01,30695,31399,30695,31048,214546,0.025837573514835066
2022-12-02,31008,31008,30304,30305,157158,-0.023930687967018804
2022-12-05,30343,30890,30265,30461,110380,0.005147665401748824
2022-12-06,29913,30343,29640,29640,140782,-0.026952496635041512
2022-12-07,29404,29873,28857,29327,145660,-0.010560053981106599
2022-12-08,29327,29913,29014,29093,151732,-0.007978995464929972
2022-12-09,29052,29913,29052,29562,133473,0.016120716323514195
2022-12-12,29327,30069,29288,29484,127346,-0.0026385224274406704
2022-12-13,29248,30812,29248,30070,282730,0.019875186541853163
2022-12-14,30304,31125,30187,31009,288601,0.03122713668107746
2022-12-15,30969,31243,30539,30735,190237,-0.008836144345190089
2022-12-16,29874,31125,29874,30422,168634,-0.010183829510330256
2022-12-19,30500,31438,30344,30579,220294,0.0051607389389258795
2022-12-20,30696,30891,29680,29680,205722,-0.029399260930704108
2022-12-21,29952,30343,29326,30031,148905,0.011826145552560563
2022-12-22,30226,30852,30226,30618,226936,0.01954646864906273
2022-12-23,30029,30460,28935,28975,300879,-0.05366124501926972
2022-12-26,28975,29327,28232,28663,187867,-0.0107679033649698
2022-12-27,28623,29483,28505,28819,203106,0.00544255660607762
2022-12-28,28584,28975,28193,28233,189042,-0.020333807557514127
2022-12-29,27997,28193,26433,26708,308923,-0.0540148053696029
2023-01-02,26629,27646,26590,26630,173107,-0.0029204732664370736
2023-01-03,26355,26942,25886,26630,172956,0.0
2023-01-04,26277,27763,26277,27725,235443,0.04111903867818256
2023-01-05,27685,28115,27294,27490,145327,-0.0084761045987376
2023-01-06,27137,28114,27058,27763,127752,0.009930883957802727
2023-01-09,27996,28426,27918,28310,123607,0.01970248172027511
2023-01-10,28504,28504,27880,27880,125326,-0.015188979159307614
2023-01-11,27919,28623,27919,28233,128102,0.012661406025824995
2023-01-12,28270,28661,27958,28545,142723,0.011050897885453104
2023-01-13,28583,28779,28388,28506,95266,-0.0013662637940095035
2023-01-16,28584,29014,28271,28702,103836,0.0068757454570966825
2023-01-17,28702,28741,27685,27725,159958,-0.03403943976029544
2023-01-18,27566,28388,27528,28076,162344,0.012660054102795248
2023-01-19,27724,28350,27724,27920,118004,-0.005556347057985467
2023-01-20,27919,28037,27411,27529,97754,-0.014004297994269388
2023-01-25,27801,27996,27605,27880,104464,0.01275019070798078
2023-01-26,27802,28661,27606,28467,181359,0.021054519368723046
2023-01-27,28545,28545,27997,28076,150988,-0.01373520216390911
2023-01-30,27919,28270,27411,27411,148758,-0.02368571021513033
2023-01-31,27371,27566,26940,27450,123333,0.0014227864725839812
2023-02-01,27527,28936,27449,28467,350660,0.03704918032786875
2023-02-02,28662,29170,28544,28897,210760,0.015105209540871911
2023-02-03,28935,29248,28349,28819,123589,-0.0026992421358618124
2023-02-06,28818,28818,28193,28233,104823,-0.020333807557514127
2023-02-07,28232,28974,27918,28428,124831,0.006906811178408301
2023-02-08,28466,28780,28271,28350,93126,-0.0027437737441958765
2023-02-09,28310,28310,27645,27841,133237,-0.01795414462081124
2023-02-10,27567,27606,26785,26864,262159,-0.03509213031141123
2023-02-13,26707,26745,26042,26199,193245,-0.024754318046456225
2023-02-14,26316,26668,26199,26434,91884,0.008969808007939228
2023-02-15,26394,26629,25573,25730,198039,-0.026632367405614032
2023-02-16,26043,29523,26043,27725,1303873,0.07753595025262339
2023-02-17,27645,27645,26746,26903,191740,-0.02964833183047788
2023-02-20,26903,27958,26238,27568,278748,0.024718432888525488
2023-02-21,27606,31595,27606,29015,2529439,0.052488392338943646
2023-02-22,28544,29952,28310,28975,579373,-0.0013785972772704103
2023-02-23,29405,29523,28350,28585,300637,-0.013459879206212277
2023-02-24,27918,28114,27293,27372,420086,-0.04243484344936155
2023-02-27,27098,27254,26629,26669,183859,-0.025683179891860308
2023-02-28,26706,27175,26628,26746,164346,0.0028872473658554387
2023-03-02,26785,27059,26512,26669,162511,-0.002878935167875518
2023-03-03,26746,27411,26628,27138,161278,0.01758596122839262
2023-03-06,27138,27177,26551,26669,184412,-0.017282039943990024
2023-03-07,26511,27450,26511,26981,209445,0.011698976339570288
2023-03-08,26667,26980,26315,26590,165660,-0.01449167932989881
2023-03-09,26628,31555,26628,27763,4309390,0.044114328694998095
2023-03-10,27372,32689,27372,31517,8402288,0.13521593487735473
2023-03-13,33472,34019,29248,29523,2462454,-0.06326744296728748
2023-03-14,29169,31750,28035,28310,2978332,-0.041086610439318494
2023-03-15,28623,29288,27646,28194,1192546,-0.004097492052278384
2023-03-16,27684,27801,26237,26277,975447,-0.06799319004043414
2023-03-17,26590,27645,26511,27216,653878,0.03573467290786625
2023-03-20,27333,32690,27333,31909,6666691,0.17243533215755447
2023-03-21,31438,33902,30852,31283,4239267,-0.01961828951079636
2023-03-22,31673,31907,30969,31283,955005,0.0
2023-03-23,31007,31164,29405,29405,1134067,-0.06003260556851964
2023-03-24,29404,30460,29013,29366,846033,-0.0013263050501615137
2023-03-27,29366,30304,28623,30110,816566,0.025335421916502066
2023-03-28,30304,31046,29874,29992,797283,-0.003918963799402153
2023-03-29,29992,30031,29405,29680,322423,-0.010402774073086207
2023-03-30,29757,31595,29445,31205,1148056,0.05138140161725069
2023-03-31,30773,31360,29913,30461,649659,-0.023842332959461587
2023-04-03,30344,31751,29718,29875,806527,-0.019237713797971123
2023-04-04,29835,32181,29327,31947,1701702,0.06935564853556486
2023-04-05,31438,34097,31008,32573,3172875,0.019594954142799104
2023-04-06,32924,36209,31868,35467,7032298,0.08884659073465762
2023-04-07,36013,36444,33902,35467,2538970,0.0
2023-04-10,35114,35935,33471,34841,1430691,-0.017650210054416804
2023-04-11,34840,38125,34136,35623,3987794,0.022444820757153927
2023-04-12,35427,36952,34606,35467,2027444,-0.004379193217864841
2023-04-13,35856,36991,34645,34802,1549436,-0.018749823779851682
2023-04-14,35388,45204,35154,45204,5313864,0.29889086834089995
2023-04-17,52398,56152,51068,54667,11597937,0.20933988142642246
2023-04-18,53023,54197,51459,52399,3414014,-0.04148755190517128
2023-04-19,53024,53102,45516,46690,4168390,-0.1089524609248268
2023-04-20,47158,47236,42231,42936,3328873,-0.08040265581494965
2023-04-21,42466,43013,38908,38908,2564168,-0.09381404881684363
2023-04-24,38869,39182,35389,35585,2497862,-0.08540660018505186
2023-04-25,35426,38281,33120,33277,3783970,-0.0648587888155121
2023-04-26,33041,34488,32298,32651,1296462,-0.018811791928358912
2023-04-27,32925,33785,31517,33473,1137772,0.025175339193286517
2023-04-28,33081,33432,31282,31283,1088947,-0.06542586562303943
2023-05-02,31320,33236,30851,32690,880569,0.04497650481091964
2023-05-03,32298,32767,31321,31478,535838,-0.03707555827470177
2023-05-04,31322,33394,31322,32417,1020627,0.02983035771014686
2023-05-08,32690,33707,31712,31713,682371,-0.021717000339328107
2023-05-09,31829,32298,31282,31517,394545,-0.006180430738183085
2023-05-10,31515,31789,30616,30930,347361,-0.018624869118253673
2023-05-11,31086,31711,30969,31165,311410,0.007597801487229328
2023-05-12,31477,31673,30617,31439,270050,0.00879191400609658
2023-05-15,31320,31399,30343,30500,322059,-0.029867362193453983
2023-05-16,30773,31203,30186,30461,253682,-0.0012786885245901214
2023-05-17,30344,31516,30226,31439,344401,0.03210662814746734
2023-05-18,31477,31711,30773,31087,272128,-0.011196284869111617
2023-05-19,31087,31517,30969,31283,241030,0.006304886286872424
2023-05-22,31321,31985,30929,31947,320557,0.021225585781414757
2023-05-23,31947,32533,31594,32104,336957,0.00491438945753897
2023-05-24,32025,32376,31516,31791,272010,-0.009749563917268889
2023-05-25,31790,32220,31126,31126,259418,-0.020917869837375314
2023-05-26,31048,31594,30852,31048,198949,-0.002505943584141912
2023-05-30,31282,31478,30774,31244,150979,0.006312805977840785
2023-05-31,30969,31399,30852,31009,175231,-0.007521444117270515
2023-06-01,31126,32417,31009,31909,444250,0.029023831790770505
2023-06-02,31868,32494,31282,31322,271167,-0.018396063806449536
2023-06-05,31438,31555,30930,31517,192224,0.006225656088372444
2023-06-07,31516,32024,31165,31165,252081,-0.011168575689310511
2023-06-08,30930,31165,30774,30892,219288,-0.008759826728702125
2023-06-09,30930,31790,30930,31244,201343,0.011394535802149441
2023-06-12,31242,31242,30657,30657,210145,-0.018787607220586366
2023-06-13,30773,31360,30657,30657,197445,0.0
2023-06-14,30696,30735,29484,29680,419262,-0.03186874123364969
2023-06-15,29913,29913,28740,29523,253057,-0.005289757412398899
2023-06-16,29639,30225,29444,29601,168765,0.0026420079260238705
2023-06-19,29405,29992,29366,29758,104698,0.00530387486909234
2023-06-20,29756,30030,29366,29366,156975,-0.013172928288191388
2023-06-21,29053,29483,28310,28389,241190,-0.03326976775863244
2023-06-22,28193,28975,28037,28272,155415,-0.004121314593680703
2023-06-23,28349,29209,27997,28076,164062,-0.0069326542161856075
2023-06-26,27997,28779,27489,28389,139456,0.01114831172531705
2023-06-27,28310,28350,27763,27920,129171,-0.016520483285779708
2023-06-28,27996,28270,27254,27450,126499,-0.0168338108882522
2023-06-29,27410,27645,26980,27255,131281,-0.0071038251366120075
2023-06-30,27489,27723,27058,27568,91880,0.011484131352045512
2023-07-03,27684,28232,27333,27568,134684,0.0
2023-07-04,27568,27645,26981,27568,129801,0.0
2023-07-05,27411,28037,27099,27099,168164,-0.017012478235635564
2023-07-06,26746,27058,26198,26238,208873,-0.031772390125096917
2023-07-07,26237,26706,26081,26277,141922,0.001486393780013806
2023-07-10,26042,26472,25612,25808,163218,-0.01784830840659135
2023-07-11,25808,29952,25808,27568,1474461,0.06819590824550525
2023-07-12,27215,27918,26667,27841,256144,0.00990278583865356
2023-07-13,28153,28896,27762,27880,311773,0.0014008117524513253
2023-07-14,27879,31125,27528,28858,1506682,0.03507890961262561
2023-07-17,28428,29522,27763,29484,283090,0.02169242497747592
2023-07-18,29210,30070,28741,28741,267948,-0.0252001085334419
2023-07-19,28506,30851,28115,29171,587859,0.014961205246859954
2023-07-20,29248,30030,28975,29171,254882,0.0
2023-07-21,29014,30735,28936,29797,587445,0.021459668849199476
2023-07-24,29992,30070,28663,28663,300832,-0.038057522569386215
2023-07-25,28153,28428,27411,27529,316048,-0.039563199944178895
2023-07-26,27254,27372,26198,26473,434458,-0.0383595481128991
2023-07-27,26238,28271,26238,27959,274340,0.05613266346843959
2023-07-28,27723,29718,27723,28741,613750,0.027969526807110512
2023-07-31,28506,29326,28192,28506,357320,-0.008176472634911836
2023-08-01,29170,31125,28974,29953,1014591,0.05076124324703568
2023-08-02,29482,29717,27606,27841,508950,-0.07051046639735581
2023-08-03,27449,29053,27137,28819,474328,0.035128048561474
2023-08-04,29130,29364,27957,28310,285514,-0.017661959124188886
2023-08-07,28271,28466,27137,27294,296409,-0.03588837866478278
2023-08-08,23539,24164,21232,22093,1532526,-0.19055470066681324
2023-08-09,21975,25494,21975,24909,1160685,0.12746118680124918
2023-08-10,24438,25494,23969,24752,304222,-0.0063029427114696945
2023-08-11,24165,24909,24009,24909,188106,0.006342921784098232
2023-08-14,24752,25065,23931,24088,196303,-0.03295997430647557
2023-08-16,24516,24946,23578,24165,276706,0.003196612421122458
2023-08-17,23891,24360,23539,24244,132568,0.0032691909786881634
2023-08-18,23969,24164,23500,23618,112580,-0.02582082164659294
2023-08-21,23343,24438,23187,23657,114601,0.0016512829198069845
2023-08-22,23695,24164,23578,23970,99616,0.013230756224373419
2023-08-23,23695,24282,23265,23540,115902,-0.017939090529829005
2023-08-24,23696,24243,23618,23853,100285,0.013296516567544714
2023-08-25,23579,23970,23461,23775,76876,-0.0032700289271789806
2023-08-28,24010,24205,23618,24010,78043,0.009884332281808517
2023-08-29,24047,24868,24008,24791,163352,0.03252811328613081
2023-08-30,25338,32221,24908,32221,3403736,0.29970553830018964
2023-08-31,31829,36483,31438,32847,8621421,0.01942832314329168
2023-09-01,33275,37851,32025,33785,5942928,0.02855664139799674
2023-09-04,33550,34723,33471,33785,1202844,0.0
2023-09-05,34097,34918,31477,32260,1391746,-0.04513837501849938
2023-09-06,32298,33785,31673,32808,1291158,0.016986980781153127
2023-09-07,32337,35191,30069,33081,4405201,0.008321141185076764
2023-09-08,31320,32259,30735,30735,1018083,-0.07091684048245217
2023-09-11,31164,35114,30695,34606,3606734,0.1259476167236051
2023-09-12,34567,44498,32220,33629,14418318,-0.028232098480032386
2023-09-13,34370,34918,29209,29366,3180063,-0.12676558922358683
2023-09-14,28858,29366,27568,28155,1641285,-0.04123816658720969
2023-09-15,27801,28544,27685,27685,814101,-0.016693304919197294
2023-09-18,27293,27841,26394,26473,818230,-0.04377821925230274
2023-09-19,26629,27216,25964,26708,741260,0.008876968987270084
2023-09-20,26749,27040,25082,25416,560985,-0.04837501872098249
2023-09-21,25332,25332,24249,24458,382384,-0.03769279194208375
2023-09-22,24000,25250,23916,24375,344268,-0.0033935726551639345
2023-09-25,24291,24624,23625,23625,260240,-0.03076923076923077
2023-09-26,23707,24082,22582,22791,751911,-0.03530158730158728
2023-09-27,22791,23041,22125,23000,290295,0.009170286516607451
2023-10-04,22332,22749,22124,22166,257949,-0.036260869565217346
2023-10-05,22332,22624,21749,21958,227689,-0.00938374086438687
2023-10-06,21999,22999,21999,22583,174663,0.028463430184898497
2023-10-10,22582,22999,21541,21666,270746,-0.04060576539875127
2023-10-11,21749,22457,21749,22291,165776,0.02884704144742911
2023-10-12,22624,23582,22541,22958,275910,0.02992239020232379
2023-10-13,23249,23249,21916,22041,192932,-0.039942503702413146
2023-10-16,21749,21832,21041,21416,203584,-0.028356245179438355
2023-10-17,21415,22165,21166,21291,195806,-0.0058367575644378
2023-10-18,21082,21290,20582,20666,150488,-0.029355126579305835
2023-10-19,20291,20750,19875,20750,203680,0.004064647246685427
2023-10-20,20958,21375,20208,20750,263856,0.0
2023-10-23,20582,21124,20582,20791,168220,0.0019759036144577635
2023-10-24,22291,22875,21083,21625,579663,0.04011351065364832
2023-10-25,21749,21832,20749,20958,197768,-0.030843930635838124
2023-10-26,20290,20915,19499,20041,279003,-0.04375417501670009
2023-10-27,20000,21166,19875,20250,316348,0.010428621326281196
2023-10-30,19957,20040,16957,18166,854936,-0.10291358024691355
2023-10-31,18541,21416,18208,18833,1307936,0.03671694374105461
2023-11-01,18666,19332,18041,18083,313246,-0.03982371369404769
2023-11-02,18375,19833,18083,19625,561933,0.08527346126195878
2023-11-03,19624,19707,18207,19166,412786,-0.023388535031847124
2023-11-06,20208,21458,19541,21125,626336,0.10221225086089958
2023-11-07,21165,23999,20041,20916,1497990,-0.0098934911242603
2023-11-08,20916,21457,20166,20333,327792,-0.027873398355326096
2023-11-09,20166,20416,19541,20000,225672,-0.0163773176609453
2023-11-10,21200,24000,21100,21250,729344,0.0625
2023-11-13,21250,21900,20050,20150,215816,-0.051764705882352935
2023-11-14,20100,20700,20050,20350,108465,0.00992555831265518
2023-11-15,20800,21450,20550,21300,149135,0.04668304668304679
2023-11-16,21300,21500,20600,21150,95484,-0.007042253521126751
2023-11-17,21350,21450,20600,20600,136398,-0.026004728132387744
2023-11-20,20650,21800,20650,21100,188700,0.024271844660194164
2023-11-21,18000,19320,17800,18950,2109454,-0.1018957345971564
2023-11-22,18690,18900,18370,18570,428319,-0.020052770448548807
2023-11-23,18570,19190,18230,18930,537811,0.01938610662358653
2023-11-24,18750,18800,18400,18400,283173,-0.027997886951928175
2023-11-27,18410,18580,18100,18100,285415,-0.016304347826086918
2023-11-28,17600,18710,17590,18400,533512,0.016574585635359185
2023-11-29,18390,18490,18170,18210,174352,-0.010326086956521707
2023-11-30,18210,18670,18110,18590,382427,0.020867655134541474
2023-12-01,18470,18490,18170,18210,224108,-0.02044109736417432
2023-12-04,18200,18200,17540,17610,330692,-0.0329489291598023
2023-12-05,17510,18190,17430,17680,238509,0.003975014196479165
2023-12-06,17720,18050,17630,17940,191519,0.014705882352941124
2023-12-07,17900,18080,17670,17850,159705,-0.0050167224080267525
2023-12-08,17800,18200,17800,18190,187722,0.01904761904761898
2023-12-11,18190,18440,18110,18200,204916,0.0005497526113249496
2023-12-12,18180,18300,17890,18200,160736,0.0
2023-12-13,18210,18780,17970,18080,320890,-0.00659340659340657
2023-12-14,18130,18500,18130,18400,288778,0.017699115044247815
2023-12-15,18350,18810,18290,18730,286552,0.017934782608695743
2023-12-18,18840,18850,18530,18790,189514,0.0032034169781098853
2023-12-19,18660,21450,18660,20750,2359268,0.10431080361894618
2023-12-20,20600,22650,20450,22200,1678001,0.06987951807228909
2023-12-21,22300,23500,22000,22750,892560,0.024774774774774855
2023-12-22,22750,23050,21800,22300,562219,-0.01978021978021982
2023-12-26,22600,23100,21550,21600,401805,-0.03139013452914796
2023-12-27,21350,22250,21050,21650,319685,0.0023148148148148806
2023-12-28,21700,22750,21650,22450,454367,0.036951501154734334
2024-01-02,22900,24700,22450,24550,1151473,0.09354120267260568
2024-01-03,24950,24950,23750,24100,579341,-0.018329938900203624
2024-01-04,24000,24050,22400,22900,536832,-0.049792531120331995
2024-01-05,23250,23300,22300,22400,291541,-0.02183406113537123
2024-01-08,22150,22600,21850,21950,223370,-0.0200892857142857
2024-01-09,22250,22700,22050,22350,193756,0.018223234624145768
2024-01-10,22100,22200,21500,21750,161969,-0.02684563758389258
2024-01-11,21500,22550,21450,22450,207302,0.03218390804597693
2024-01-12,22250,22400,21000,21300,267039,-0.05122494432071267
