Date,Open,High,Low,Close,Volume,Change
2022-01-03,7070,7090,6950,7000,53036,-0.005681818181818232
2022-01-04,6960,7070,6940,7050,51074,0.0071428571428571175
2022-01-05,7050,7250,6990,7150,129851,0.014184397163120588
2022-01-06,7060,7340,7040,7210,132603,0.008391608391608463
2022-01-07,7170,7410,7160,7260,137906,0.006934812760055475
2022-01-10,7260,7280,6940,6960,126444,-0.04132231404958675
2022-01-11,6960,7050,6660,6700,120058,-0.03735632183908044
2022-01-12,6790,6810,6720,6800,49336,0.014925373134328401
2022-01-13,6800,6840,6710,6800,46848,0.0
2022-01-14,6720,6900,6720,6900,66126,0.014705882352941124
2022-01-17,6850,6970,6760,6850,49027,-0.007246376811594235
2022-01-18,6800,6940,6760,6780,50417,-0.010218978102189746
2022-01-19,6730,6800,6660,6680,59787,-0.014749262536873142
2022-01-20,6630,6780,6590,6780,72210,0.014970059880239583
2022-01-21,6780,6800,6660,6770,34118,-0.001474926253687281
2022-01-24,6690,6730,6590,6590,55898,-0.026587887740029514
2022-01-25,6590,6670,6230,6320,133231,-0.04097116843702575
2022-01-26,6310,6540,6310,6470,38024,0.023734177215189778
2022-01-27,6470,6500,6270,6500,59236,0.004636785162287493
2022-01-28,6450,6650,6400,6650,43596,0.023076923076922995
2022-02-03,6730,6870,6670,6790,44055,0.021052631578947434
2022-02-04,6800,6890,6780,6880,49419,0.013254786450662692
2022-02-07,6920,7050,6780,7040,76979,0.023255813953488413
2022-02-08,7050,7110,6870,7030,70132,-0.0014204545454545858
2022-02-09,7010,7060,6950,7000,39276,-0.004267425320056861
2022-02-10,7040,7050,6820,6830,41923,-0.024285714285714244
2022-02-11,6910,7390,6850,6900,448822,0.01024890190336758
2022-02-14,6750,6850,6530,6590,121701,-0.04492753623188406
2022-02-15,6590,6650,6440,6440,64971,-0.022761760242792084
2022-02-16,6470,6760,6470,6750,63146,0.048136645962732816
2022-02-17,6770,6810,6550,6640,69461,-0.016296296296296253
2022-02-18,6580,6780,6550,6780,27019,0.02108433734939763
2022-02-21,6710,6780,6600,6780,17707,0.0
2022-02-22,6750,6750,6570,6680,46166,-0.014749262536873142
2022-02-23,6620,6740,6600,6730,37834,0.007485029940119681
2022-02-24,6710,6710,6420,6540,78807,-0.02823179791976227
2022-02-25,6570,6780,6540,6540,41123,0.0
2022-02-28,6530,6650,6450,6600,50493,0.00917431192660545
2022-03-02,6620,6880,6610,6830,69834,0.034848484848484906
2022-03-03,6850,6920,6820,6850,52309,0.002928257686676483
2022-03-04,6820,6920,6780,6860,45035,0.0014598540145984717
2022-03-07,6860,6860,6650,6650,45006,-0.030612244897959218
2022-03-08,6580,6720,6530,6660,28990,0.0015037593984963404
2022-03-10,6690,6880,6690,6850,46531,0.028528528528528607
2022-03-11,6850,7050,6850,7020,138041,0.02481751824817513
2022-03-14,7000,7300,6950,7200,292245,0.02564102564102555
2022-03-15,7100,7300,7100,7230,160458,0.004166666666666652
2022-03-16,7240,7360,7240,7320,147148,0.012448132780082943
2022-03-17,7350,7350,7270,7300,76730,-0.002732240437158473
2022-03-18,7320,7400,7250,7330,96318,0.004109589041095818
2022-03-21,7330,7440,7290,7410,97132,0.01091405184174632
2022-03-22,7450,7600,7370,7580,143034,0.02294197031039147
2022-03-23,7590,7670,7510,7570,111689,-0.0013192612137202797
2022-03-24,7570,7640,7460,7570,57802,0.0
2022-03-25,7550,7670,7460,7590,68448,0.0026420079260238705
2022-03-28,7590,7600,7290,7360,107286,-0.030303030303030276
2022-03-29,7370,7640,7370,7600,139682,0.032608695652173836
2022-03-30,7620,7950,7590,7810,282077,0.02763157894736845
2022-03-31,7810,7990,7660,7740,108380,-0.008962868117797673
2022-04-01,7740,7770,7500,7510,127466,-0.029715762273901825
2022-04-04,7550,7870,7530,7810,183777,0.03994673768308932
2022-04-05,7840,8220,7840,8000,373133,0.02432778489116516
2022-04-06,8070,8140,7960,8020,131912,0.0024999999999999467
2022-04-07,7940,8170,7940,8110,137092,0.01122194513715713
2022-04-08,8050,8080,7910,8000,74125,-0.013563501849568449
2022-04-11,7930,7930,7540,7620,139455,-0.04749999999999999
2022-04-12,7630,7650,7250,7350,115011,-0.03543307086614178
2022-04-13,7400,7530,7330,7480,74798,0.017687074829932037
2022-04-14,7530,7560,7320,7410,71722,-0.009358288770053513
2022-04-15,7360,7430,7190,7260,104423,-0.020242914979757054
2022-04-18,7260,7300,7180,7190,55979,-0.009641873278236957
2022-04-19,7190,7270,7120,7200,64251,0.0013908205841446364
2022-04-20,7230,7340,7180,7260,86611,0.008333333333333304
2022-04-21,7260,7260,7140,7180,66669,-0.011019283746556474
2022-04-22,7180,7180,6930,7000,154228,-0.02506963788300831
2022-04-25,6920,6960,6810,6900,101648,-0.014285714285714235
2022-04-26,6910,7060,6910,7030,68254,0.018840579710144967
2022-04-27,6960,6960,6840,6950,57643,-0.011379800853485111
2022-04-28,6950,6980,6850,6870,37885,-0.01151079136690647
2022-04-29,6890,6940,6870,6920,55392,0.00727802037845704
2022-05-02,6860,6990,6830,6990,44964,0.01011560693641611
2022-05-03,6990,7090,6960,6960,39787,-0.0042918454935622075
2022-05-04,6970,7020,6770,6830,99216,-0.01867816091954022
2022-05-06,6790,6830,6670,6740,93205,-0.013177159590043952
2022-05-09,6730,6740,6550,6740,79811,0.0
2022-05-10,6660,6660,6500,6630,85047,-0.016320474777448024
2022-05-11,6600,6680,6500,6660,53223,0.004524886877828038
2022-05-12,6590,6590,6330,6370,127757,-0.043543543543543506
2022-05-13,6370,6510,6350,6510,39402,0.0219780219780219
2022-05-16,6530,6660,6530,6660,36346,0.02304147465437789
2022-05-17,6670,6770,6620,6770,31782,0.016516516516516422
2022-05-18,6790,6930,6770,6870,62495,0.01477104874446078
2022-05-19,6680,6800,6660,6770,28895,-0.01455604075691408
2022-05-20,6730,6800,6720,6790,34405,0.002954209748892156
2022-05-23,6790,6820,6730,6820,21614,0.004418262150220897
2022-05-24,6820,6820,6610,6760,30901,-0.008797653958944274
2022-05-25,6700,6720,6590,6660,39198,-0.014792899408283988
2022-05-26,6660,6780,6630,6660,21217,0.0
2022-05-27,6670,6770,6670,6720,17333,0.009009009009008917
2022-05-30,6720,6950,6720,6770,97360,0.007440476190476275
2022-05-31,6880,6990,6730,6840,217117,0.010339734121122657
2022-06-02,6840,7200,6780,7070,345045,0.033625730994152114
2022-06-03,7070,7090,6870,6950,119383,-0.016973125884017004
2022-06-07,6950,6950,6660,6760,92874,-0.027338129496402908
2022-06-08,6730,6800,6650,6680,58133,-0.011834319526627168
2022-06-09,6680,6720,6590,6690,35505,0.0014970059880239361
2022-06-10,6690,6690,6560,6600,32936,-0.013452914798206317
2022-06-13,6450,6470,6290,6330,104885,-0.040909090909090895
2022-06-14,6200,6280,6100,6140,51356,-0.03001579778830965
2022-06-15,6120,6180,5850,6060,67602,-0.013029315960912058
2022-06-16,6070,6300,6070,6150,38891,0.014851485148514865
2022-06-17,5960,6070,5920,5990,37524,-0.026016260162601612
2022-06-20,6050,6050,5450,5560,86057,-0.07178631051752926
2022-06-21,5500,5650,5490,5560,49140,0.0
2022-06-22,5650,5820,5470,5580,99388,0.003597122302158251
2022-06-23,5570,5710,5270,5400,57033,-0.032258064516129004
2022-06-24,5220,5580,5220,5550,25058,0.02777777777777768
2022-06-27,5650,5900,5570,5850,55658,0.054054054054053946
2022-06-28,5800,5870,5770,5870,21259,0.0034188034188034067
2022-06-29,5730,5970,5730,5960,17559,0.015332197614991383
2022-06-30,5890,5960,5600,5820,66360,-0.023489932885906062
2022-07-01,5740,5850,5600,5600,52023,-0.037800687285223344
2022-07-04,5830,5830,5490,5540,28679,-0.010714285714285676
2022-07-05,5540,5750,5540,5750,29440,0.03790613718411562
2022-07-06,5760,5960,5720,5870,31270,0.02086956521739136
2022-07-07,5820,5990,5820,5980,21094,0.01873935264054505
2022-07-08,5990,6050,5930,5990,20798,0.0016722408026756952
2022-07-11,5990,6130,5980,6130,23606,0.023372287145241977
2022-07-12,6090,6330,6060,6140,31309,0.0016313213703098572
2022-07-13,6120,6360,6110,6170,39786,0.004885993485342022
2022-07-14,6210,6210,6040,6170,20438,0.0
2022-07-15,6140,6210,6050,6180,18875,0.0016207455429497752
2022-07-18,6180,6300,6160,6190,22588,0.0016181229773462036
2022-07-19,6200,6350,6150,6340,31887,0.024232633279483107
2022-07-20,6400,6490,6250,6470,37369,0.020504731861198833
2022-07-21,6410,6460,6190,6190,57412,-0.043276661514683123
2022-07-22,6240,6250,6130,6130,17620,-0.009693053311793265
2022-07-25,6130,6170,6070,6160,13038,0.004893964110929794
2022-07-26,6130,6220,6130,6180,7247,0.0032467532467532756
2022-07-27,6130,6190,6130,6180,8925,0.0
2022-07-28,6230,6290,6150,6180,22007,0.0
2022-07-29,6170,6200,6130,6190,9368,0.0016181229773462036
2022-08-01,6150,6210,6130,6180,9544,-0.001615508885298822
2022-08-02,6200,6210,6120,6130,15334,-0.008090614886731351
2022-08-03,6110,6210,6110,6170,12451,0.006525285481239873
2022-08-04,6190,6350,6140,6230,27798,0.009724473257698651
2022-08-05,6210,6270,6210,6260,14711,0.0048154093097914075
2022-08-08,6260,6330,6180,6240,14138,-0.0031948881789137795
2022-08-09,6270,6280,6170,6200,8874,-0.0064102564102563875
2022-08-10,6180,6220,6110,6140,18609,-0.009677419354838679
2022-08-11,6180,6190,6130,6170,10316,0.004885993485342022
2022-08-12,6110,6300,6100,6190,43277,0.0032414910858995505
2022-08-16,6390,6390,6210,6300,58826,0.017770597738287597
2022-08-17,6220,6330,6220,6330,38811,0.004761904761904745
2022-08-18,6280,6290,6170,6180,58489,-0.023696682464455
2022-08-19,6220,6950,6220,6320,1725734,0.02265372168284796
2022-08-22,6440,6440,6270,6280,109117,-0.006329113924050667
2022-08-23,6280,6410,6280,6290,80603,0.0015923566878981443
2022-08-24,6430,6520,6290,6480,193002,0.030206677265500748
2022-08-25,6560,6710,6540,6690,151473,0.03240740740740744
2022-08-26,6690,6720,6490,6560,87482,-0.019431988041853532
2022-08-29,6360,6400,6300,6300,63130,-0.03963414634146345
2022-08-30,6300,6470,6300,6450,38046,0.023809523809523725
2022-08-31,6440,6600,6400,6570,42688,0.018604651162790642
2022-09-01,6530,6600,6420,6440,61086,-0.019786910197869156
2022-09-02,6440,6480,6400,6450,28805,0.0015527950310558758
2022-09-05,6390,6450,6370,6450,30872,0.0
2022-09-06,6400,6520,6390,6490,32238,0.006201550387596955
2022-09-07,6490,6490,6240,6250,51989,-0.036979969183358996
2022-09-08,6280,6460,6240,6460,25008,0.033600000000000074
2022-09-13,6460,6620,6460,6620,24504,0.024767801857585203
2022-09-14,6490,6530,6370,6500,10874,-0.01812688821752262
2022-09-15,6500,6600,6440,6510,21555,0.0015384615384614886
2022-09-16,6410,6440,6330,6330,40449,-0.027649769585253448
2022-09-19,6290,6340,6180,6250,28694,-0.012638230647709303
2022-09-20,6260,6350,6230,6340,15636,0.014399999999999968
2022-09-21,6330,6450,6230,6420,15733,0.012618296529968376
2022-09-22,6380,6400,6260,6380,32720,-0.006230529595015577
2022-09-23,6310,6380,6050,6170,29558,-0.0329153605015674
2022-09-26,6090,6090,5740,5820,34228,-0.05672609400324147
2022-09-27,5820,5910,5700,5780,26434,-0.0068728522336769515
2022-09-28,5750,5840,5420,5490,66416,-0.05017301038062283
2022-09-29,5600,5800,5530,5660,23058,0.030965391621129434
2022-09-30,5560,5720,5500,5720,12860,0.010600706713780994
2022-10-04,5750,5890,5720,5890,18454,0.029720279720279796
2022-10-05,5910,5950,5740,5800,16466,-0.015280135823429575
2022-10-06,5750,5900,5750,5900,16340,0.01724137931034475
2022-10-07,5900,5900,5810,5890,6429,-0.0016949152542372614
2022-10-11,5890,5890,5520,5530,23366,-0.06112054329371819
2022-10-12,5500,5650,5440,5530,14699,0.0
2022-10-13,5510,5530,5320,5400,17183,-0.023508137432188048
2022-10-14,5470,5630,5420,5610,15811,0.03888888888888897
2022-10-17,5560,5630,5510,5630,9745,0.0035650623885918886
2022-10-18,5730,5820,5670,5820,15206,0.03374777975133214
2022-10-19,5880,5910,5760,5890,3978,0.012027491408934665
2022-10-20,5900,5900,5770,5850,6063,-0.006791171477079749
2022-10-21,5850,5850,5760,5800,2883,-0.008547008547008517
2022-10-24,5890,5890,5400,5670,39063,-0.022413793103448265
2022-10-25,5720,5790,5690,5780,3948,0.01940035273368612
2022-10-26,5750,5820,5720,5730,5154,-0.00865051903114189
2022-10-27,5730,6580,5730,6050,426403,0.055846422338568846
2022-10-28,6090,6240,6020,6100,72101,0.008264462809917328
2022-10-31,6120,6320,6120,6300,34809,0.032786885245901676
2022-11-01,6240,6320,6230,6310,17698,0.0015873015873015817
2022-11-02,6340,6340,6220,6260,15214,-0.007923930269413626
2022-11-03,6260,6270,6200,6240,10885,-0.0031948881789137795
2022-11-04,6240,6280,6180,6240,4085,0.0
2022-11-07,6270,6290,6170,6200,12548,-0.0064102564102563875
2022-11-08,6220,6280,6190,6200,20553,0.0
2022-11-09,6210,6440,6190,6350,24665,0.024193548387096753
2022-11-10,6280,6480,6250,6430,24152,0.012598425196850505
2022-11-11,6530,6530,6390,6450,20506,0.0031104199066873672
2022-11-14,6450,6470,6320,6340,13178,-0.01705426356589146
2022-11-15,6420,6520,6330,6500,28595,0.025236593059936974
2022-11-16,6530,6810,6520,6720,183576,0.03384615384615386
2022-11-17,6720,6730,6580,6710,35538,-0.0014880952380952328
2022-11-18,6710,6900,6670,6730,25346,0.0029806259314455463
2022-11-21,6740,6770,6630,6680,17859,-0.007429420505200568
2022-11-22,6640,6830,6610,6720,38316,0.0059880239520957446
2022-11-23,6720,6740,6660,6700,15332,-0.0029761904761904656
2022-11-24,6740,6750,6630,6700,19172,0.0
2022-11-25,6790,6790,6680,6690,13983,-0.0014925373134327957
2022-11-28,6720,6720,6560,6560,16087,-0.019431988041853532
2022-11-29,6480,6710,6480,6640,15096,0.012195121951219523
2022-11-30,6710,6720,6640,6700,16168,0.009036144578313143
2022-12-01,6800,6810,6680,6730,39306,0.004477611940298498
2022-12-02,6730,6770,6570,6640,47199,-0.013372956909361022
2022-12-05,6830,6900,6660,6700,61758,0.009036144578313143
2022-12-06,6660,6730,6610,6690,14814,-0.0014925373134327957
2022-12-07,6630,6690,6590,6680,14034,-0.001494768310911776
2022-12-08,6680,6710,6560,6620,29559,-0.008982035928143728
2022-12-09,6630,6710,6610,6650,11446,0.004531722054380571
2022-12-12,6650,6750,6560,6730,38246,0.012030075187969835
2022-12-13,6730,7120,6710,6950,266490,0.03268945022288272
2022-12-14,6950,7110,6860,6890,234817,-0.008633093525179825
2022-12-15,6930,7000,6890,7000,58630,0.0159651669085632
2022-12-16,6930,6980,6820,6970,71037,-0.004285714285714337
2022-12-19,6930,7000,6880,6980,34393,0.0014347202295552641
2022-12-20,6960,6980,6710,6770,48169,-0.03008595988538687
2022-12-21,6770,6880,6700,6880,18166,0.01624815361890697
2022-12-22,6890,6900,6820,6850,14442,-0.0043604651162790775
2022-12-23,6830,6850,6630,6650,48344,-0.029197080291970767
2022-12-26,6620,6750,6600,6600,36916,-0.007518796992481258
2022-12-27,6640,6700,6590,6690,28002,0.013636363636363669
2022-12-28,6690,6700,6600,6620,24620,-0.010463378176382654
2022-12-29,6620,6640,6340,6520,23622,-0.015105740181268867
2023-01-02,6480,6590,6350,6370,28774,-0.02300613496932513
2023-01-03,6350,6400,6030,6170,49475,-0.031397174254317095
2023-01-04,6090,6270,6090,6240,29282,0.011345218800648205
2023-01-05,6240,6310,6240,6300,14552,0.009615384615384581
2023-01-06,6330,6420,6290,6420,12096,0.01904761904761898
2023-01-09,6460,6500,6350,6490,21174,0.010903426791277315
2023-01-10,6490,6540,6420,6470,19361,-0.0030816640986132127
2023-01-11,6450,6540,6450,6520,13466,0.007727975270479082
2023-01-12,6520,6540,6470,6510,21031,-0.0015337423312883347
2023-01-13,6510,6590,6410,6470,24963,-0.006144393241167445
2023-01-16,6480,6530,6400,6470,23260,0.0
2023-01-17,6470,6780,6300,6410,160966,-0.009273570324574987
2023-01-18,6400,6420,6260,6340,30467,-0.010920436817472678
2023-01-19,6300,6370,6260,6350,17309,0.001577287066246047
2023-01-20,6290,6360,6260,6360,13538,0.0015748031496063408
2023-01-25,6360,6450,6340,6430,15926,0.011006289308176154
2023-01-26,6430,6500,6430,6490,16052,0.009331259720062102
2023-01-27,6540,6560,6470,6500,17707,0.0015408320493066618
2023-01-30,6540,6560,6450,6490,14119,-0.0015384615384614886
2023-01-31,6490,6640,6440,6590,29810,0.015408320493066174
2023-02-01,6610,6690,6560,6650,17951,0.009104704097116834
2023-02-02,6640,6710,6620,6700,16680,0.007518796992481258
2023-02-03,6710,6720,6650,6680,10108,-0.0029850746268657025
2023-02-06,6680,6680,6460,6490,48948,-0.02844311377245512
2023-02-07,6510,6600,6480,6520,16617,0.0046224961479199855
2023-02-08,6550,6600,6500,6560,24328,0.006134969325153339
2023-02-09,6560,6590,6500,6540,12057,-0.0030487804878048808
2023-02-10,6600,6630,6430,6610,15272,0.010703363914372988
2023-02-13,6610,6640,6480,6570,24619,-0.006051437216338829
2023-02-14,6570,6590,6450,6500,15233,-0.010654490106544956
2023-02-15,6500,6500,6350,6470,23339,-0.004615384615384577
2023-02-16,6400,6490,6400,6440,27535,-0.004636785162287493
2023-02-17,6440,6440,6370,6410,14289,-0.004658385093167738
2023-02-20,6370,6500,6370,6490,16900,0.012480499219968744
2023-02-21,6490,6540,6480,6510,11067,0.0030816640986133237
2023-02-22,6490,6490,6380,6460,21797,-0.007680491551459334
2023-02-23,6420,6510,6420,6440,17150,-0.003095975232198178
2023-02-24,6480,6480,6360,6430,20640,-0.0015527950310558758
2023-02-27,6360,6370,6250,6280,28220,-0.023328149300155476
2023-02-28,6290,6320,6250,6300,33496,0.0031847133757962887
2023-03-02,6330,6490,6290,6460,32006,0.025396825396825307
2023-03-03,6400,6480,6370,6480,13087,0.003095975232198178
2023-03-06,6480,6490,6360,6430,21534,-0.007716049382716084
2023-03-07,6430,6550,6400,6460,22599,0.004665629860031162
2023-03-08,6470,6480,6390,6420,19250,-0.006191950464396245
2023-03-09,6420,6480,6280,6280,20382,-0.02180685358255452
2023-03-10,6250,6300,6180,6200,39194,-0.01273885350318471
2023-03-13,6110,6180,5930,6150,21728,-0.008064516129032251
2023-03-14,6060,6060,5840,5870,30035,-0.04552845528455285
2023-03-15,5870,6150,5870,6050,26675,0.030664395229982988
2023-03-16,6060,6060,5950,6020,9455,-0.0049586776859503745
2023-03-17,6020,6150,6000,6090,17641,0.011627906976744207
2023-03-20,6090,6150,5920,5920,15228,-0.02791461412151064
2023-03-21,5990,6000,5930,5930,21189,0.0016891891891892552
2023-03-22,5930,5940,5830,5880,23428,-0.00843170320404718
2023-03-23,5870,6000,5830,5830,25894,-0.008503401360544172
2023-03-24,5850,5900,5820,5870,21058,0.006861063464836947
2023-03-27,5890,5950,5740,5950,40131,0.013628620102214661
2023-03-28,5950,6030,5950,6020,12997,0.0117647058823529
2023-03-29,6000,6020,5910,5950,25140,-0.011627906976744207
2023-03-30,5950,6000,5900,5910,17447,-0.006722689075630228
2023-03-31,5930,5940,5830,5830,27636,-0.013536379018612488
2023-04-03,5800,5900,5750,5750,53689,-0.013722126929674117
2023-04-04,5810,5900,5750,5880,33173,0.022608695652173827
2023-04-05,5930,6030,5910,6030,29360,0.025510204081632626
2023-04-06,6040,6070,5820,5910,44813,-0.01990049751243783
2023-04-07,5970,5970,5860,5940,20471,0.0050761421319796
2023-04-10,5940,5970,5760,5810,51336,-0.02188552188552184
2023-04-11,5800,5870,5780,5850,28587,0.0068846815834766595
2023-04-12,5880,6000,5850,6000,23185,0.02564102564102555
2023-04-13,5960,6090,5960,6030,20398,0.004999999999999893
2023-04-14,6000,6140,6000,6100,22829,0.011608623548922115
2023-04-17,6070,6100,6000,6100,29158,0.0
2023-04-18,6070,6100,5970,6000,23327,-0.016393442622950838
2023-04-19,6000,6140,5970,6090,37930,0.014999999999999902
2023-04-20,6020,6130,5820,5820,54260,-0.044334975369458074
2023-04-21,5820,5830,5730,5830,52115,0.0017182130584192379
2023-04-24,5780,5850,5730,5810,26792,-0.0034305317324184736
2023-04-25,5810,5880,5700,5790,29532,-0.0034423407917383297
2023-04-26,5750,5810,5680,5730,17833,-0.010362694300518172
2023-04-27,5730,5820,5700,5820,20116,0.015706806282722585
2023-04-28,5820,5870,5750,5750,16077,-0.012027491408934665
2023-05-02,5750,5790,5710,5790,19800,0.006956521739130528
2023-05-03,5810,6150,5750,6030,71375,0.041450777202072464
2023-05-04,6070,6100,5960,6080,25388,0.008291873963515828
2023-05-08,6050,6130,6050,6080,18461,0.0
2023-05-09,6080,6120,6000,6100,21011,0.00328947368421062
2023-05-10,6130,6260,6070,6130,60293,0.004918032786885185
2023-05-11,6180,6260,6140,6250,28690,0.019575856443719397
2023-05-12,6250,6250,6120,6210,24711,-0.006399999999999961
2023-05-15,6130,6260,6100,6170,32430,-0.006441223832528209
2023-05-16,6240,6250,6160,6230,27893,0.009724473257698651
2023-05-17,6230,6270,6190,6260,31089,0.0048154093097914075
2023-05-18,6310,6360,6260,6320,32019,0.009584664536741228
2023-05-19,6340,6360,6230,6310,28005,-0.0015822784810126667
2023-05-22,6320,6400,6290,6330,29700,0.0031695721077653616
2023-05-23,6330,6380,6250,6270,29877,-0.009478672985781977
2023-05-24,6270,6320,6180,6230,35217,-0.006379585326953707
2023-05-25,6230,6250,6170,6230,25235,0.0
2023-05-26,6220,6230,6180,6230,10699,0.0
2023-05-30,6200,6270,6200,6270,12054,0.006420545746388395
2023-05-31,6270,6310,6210,6230,12433,-0.006379585326953707
2023-06-01,6280,6290,6200,6260,17921,0.0048154093097914075
2023-06-02,6260,6280,6130,6140,37914,-0.019169329073482455
2023-06-05,6190,6270,6120,6230,30769,0.014657980456026065
2023-06-07,6230,6290,6230,6260,11606,0.0048154093097914075
2023-06-08,6260,6290,6220,6270,19608,0.0015974440894568342
2023-06-09,6270,6330,6250,6300,18690,0.004784688995215225
2023-06-12,6300,6370,6200,6220,18636,-0.012698412698412653
2023-06-13,6220,6290,6210,6240,9238,0.003215434083601254
2023-06-14,6240,6300,6080,6080,22729,-0.02564102564102566
2023-06-15,6110,6150,6100,6110,8200,0.004934210526315708
2023-06-16,6120,6200,6090,6190,8890,0.013093289689034338
2023-06-19,6160,6210,6140,6200,4306,0.001615508885298933
2023-06-20,6230,6260,6180,6260,8522,0.00967741935483879
2023-06-21,6270,6300,6210,6250,7834,-0.0015974440894568342
2023-06-22,6250,6260,6210,6260,8669,0.0016000000000000458
2023-06-23,6250,6280,6230,6250,7442,-0.0015974440894568342
2023-06-26,6230,6270,6190,6200,20426,-0.008000000000000007
2023-06-27,6230,6240,6200,6220,6966,0.003225806451612856
2023-06-28,6220,6260,6210,6230,8631,0.001607717041800738
2023-06-29,6230,6290,6200,6230,17273,0.0
2023-06-30,6230,6240,6180,6220,10979,-0.0016051364365970988
2023-07-03,6240,6280,6190,6220,19346,0.0
2023-07-04,6230,6230,6160,6210,9992,-0.001607717041800627
2023-07-05,6210,6240,6150,6190,9299,-0.0032206119162641045
2023-07-06,6190,6230,6100,6150,14378,-0.00646203554119551
2023-07-07,6090,6140,5980,6050,28306,-0.016260162601625994
2023-07-10,6050,6060,5990,6060,11321,0.0016528925619834212
2023-07-11,6040,6080,5980,6050,13992,-0.0016501650165016146
2023-07-12,6080,6080,6000,6020,17580,-0.0049586776859503745
2023-07-13,6020,6180,6020,6020,18318,0.0
2023-07-14,6070,6070,5940,5940,35182,-0.013289036544850474
2023-07-17,5960,6000,5900,6000,9321,0.010101010101010166
2023-07-18,5960,6020,5880,5890,21048,-0.018333333333333313
2023-07-19,5890,5900,5840,5890,9169,0.0
2023-07-20,5880,5920,5850,5920,6379,0.005093378607809784
2023-07-21,5870,6070,5870,5990,8655,0.011824324324324342
2023-07-24,5930,5990,5750,5810,23093,-0.03005008347245408
2023-07-25,5800,5810,5650,5670,40062,-0.02409638554216864
2023-07-26,5660,5670,5350,5440,47721,-0.040564373897707284
2023-07-27,5440,5600,5400,5580,27593,0.025735294117646967
2023-07-28,5580,5690,5550,5690,5671,0.019713261648745428
2023-07-31,5710,5800,5650,5790,8901,0.017574692442882345
2023-08-01,5790,5880,5760,5850,22528,0.010362694300518172
2023-08-02,5850,5880,5710,5810,20270,-0.006837606837606813
2023-08-03,5730,5830,5610,5830,24225,0.0034423407917383297
2023-08-04,5840,5900,5790,5840,20954,0.0017152658662091813
2023-08-07,5840,5900,5760,5890,14486,0.008561643835616417
2023-08-08,5830,5890,5800,5810,13597,-0.01358234295415961
2023-08-09,5810,5950,5790,5920,22217,0.018932874354561147
2023-08-10,5940,6010,5920,5960,11040,0.006756756756756799
2023-08-11,5960,5980,5900,5960,14567,0.0
2023-08-14,5990,6080,5900,6020,34123,0.010067114093959662
2023-08-16,6000,6000,5860,5900,25584,-0.019933554817275767
2023-08-17,5870,5890,5710,5840,29795,-0.01016949152542368
2023-08-18,5770,5890,5730,5890,26158,0.008561643835616417
2023-08-21,5870,5950,5780,5950,25418,0.01018675721561979
2023-08-22,5950,5980,5840,5900,21214,-0.008403361344537785
2023-08-23,5920,5940,5890,5920,5752,0.003389830508474523
2023-08-24,5920,5980,5890,5940,18690,0.0033783783783782884
2023-08-25,5910,6080,5800,6050,71300,0.0185185185185186
2023-08-28,6040,6060,5960,6050,31520,0.0
2023-08-29,6030,6080,5980,6040,11690,-0.0016528925619834212
2023-08-30,6040,6070,5980,6040,11768,0.0
2023-08-31,6020,6030,5930,5930,15074,-0.018211920529801362
2023-09-01,5870,5930,5810,5850,21444,-0.013490725126475533
2023-09-04,5850,5870,5770,5840,35253,-0.0017094017094017033
2023-09-05,5790,5900,5780,5840,10901,0.0
2023-09-06,5840,5900,5770,5830,21290,-0.001712328767123239
2023-09-07,5830,5870,5780,5810,9744,-0.0034305317324184736
2023-09-08,5770,5850,5730,5850,28551,0.0068846815834766595
2023-09-11,5850,5960,5850,5920,20123,0.011965811965811923
2023-09-12,5980,6020,5900,5910,10487,-0.0016891891891891442
2023-09-13,5880,5880,5820,5850,6556,-0.010152284263959421
2023-09-14,5800,5870,5800,5810,10494,-0.006837606837606813
2023-09-15,5820,5880,5800,5860,9072,0.008605851979345935
2023-09-18,5860,5860,5820,5840,4753,-0.0034129692832765013
2023-09-19,5840,5840,5800,5830,14650,-0.001712328767123239
2023-09-20,5850,5860,5800,5830,4254,0.0
2023-09-21,5890,5920,5770,5790,22910,-0.006861063464837058
2023-09-22,5770,5850,5700,5850,17218,0.010362694300518172
2023-09-25,5780,5850,5760,5820,16112,-0.00512820512820511
2023-09-26,5810,5890,5790,5840,22720,0.0034364261168384758
2023-09-27,5790,6020,5760,6020,26682,0.03082191780821919
2023-10-04,6010,6020,5910,5940,25745,-0.013289036544850474
2023-10-05,5910,6030,5890,6030,17549,0.015151515151515138
2023-10-06,6030,6230,5980,6080,66733,0.008291873963515828
2023-10-10,6100,6250,6050,6110,36730,0.004934210526315708
2023-10-11,6060,6160,6000,6100,26524,-0.0016366612111292644
2023-10-12,6150,6390,6140,6250,50068,0.024590163934426146
2023-10-13,6260,6280,6150,6270,28189,0.0032000000000000917
2023-10-16,6240,6240,5950,6140,19284,-0.020733652312599715
2023-10-17,6110,6240,6110,6200,13146,0.009771986970684043
2023-10-18,6210,6220,6040,6100,8671,-0.016129032258064502
2023-10-19,6010,6080,5920,5950,17202,-0.024590163934426257
2023-10-20,5900,5960,5770,5860,16677,-0.015126050420168013
2023-10-23,5750,5920,5740,5910,26384,0.008532423208191142
2023-10-24,5880,6000,5790,5990,9422,0.013536379018612488
2023-10-25,5990,6140,5990,6140,9631,0.025041736227044975
2023-10-26,6050,6110,5990,6040,14638,-0.016286644951140072
2023-10-27,5970,6050,5890,6040,21670,0.0
2023-10-30,5930,6100,5930,6040,10698,0.0
2023-10-31,6040,6040,5880,5990,14965,-0.008278145695364225
2023-11-01,5940,6000,5890,5940,14595,-0.008347245409014992
2023-11-02,5990,6020,5850,6020,12770,0.013468013468013407
2023-11-03,6090,6100,6000,6060,12622,0.006644518272425293
2023-11-06,6120,6170,6070,6140,21419,0.013201320132013139
2023-11-07,6120,6170,6080,6140,10605,0.0
2023-11-08,6220,6490,6030,6230,234661,0.014657980456026065
2023-11-09,6230,6260,6060,6150,32268,-0.012841091492776902
2023-11-10,6150,6440,6060,6350,170690,0.03252032520325199
2023-11-13,6380,6390,6130,6150,54985,-0.03149606299212604
2023-11-14,6150,6260,6070,6170,42738,0.003252032520325132
2023-11-15,6180,6200,6050,6170,46128,0.0
2023-11-16,6170,6170,6050,6080,30287,-0.014586709886547866
2023-11-17,6080,6150,6040,6110,17460,0.004934210526315708
2023-11-20,6080,6230,6070,6230,31594,0.019639934533551617
2023-11-21,6280,6900,6150,6180,1297026,-0.008025682182985605
2023-11-22,6200,6250,6050,6170,131061,-0.0016181229773463146
2023-11-23,6170,6260,6100,6200,80512,0.004862236628849326
2023-11-24,6200,6240,6140,6200,44213,0.0
2023-11-27,6190,6220,6080,6100,97159,-0.016129032258064502
2023-11-28,6050,6150,6050,6150,30412,0.008196721311475308
2023-11-29,6150,6190,6110,6180,27735,0.004878048780487809
2023-11-30,6180,6200,6100,6140,33508,-0.006472491909385147
2023-12-01,6140,6150,6090,6110,38721,-0.004885993485342022
2023-12-04,6130,6160,6090,6130,30443,0.003273322422258529
2023-12-05,6130,6240,6120,6220,42794,0.014681892332789603
2023-12-06,6250,6350,6210,6250,61341,0.004823151125401992
2023-12-07,6220,6470,6190,6470,164593,0.0351999999999999
2023-12-08,6390,6440,6200,6300,83949,-0.026275115919629055
2023-12-11,6330,6420,6260,6380,57760,0.012698412698412653
2023-12-12,6380,6380,6270,6320,34862,-0.009404388714733591
2023-12-13,6350,6350,6150,6190,77891,-0.020569620253164556
2023-12-14,6200,6250,6180,6210,21514,0.003231017770597644
2023-12-15,6170,6270,6110,6120,43843,-0.01449275362318836
2023-12-18,6090,6170,6050,6130,44600,0.0016339869281045694
2023-12-19,6120,6160,6090,6100,20367,-0.004893964110929905
2023-12-20,6100,6200,6100,6200,10941,0.016393442622950838
2023-12-21,6170,6190,6120,6130,16109,-0.011290322580645107
2023-12-22,6130,6180,6100,6140,15885,0.0016313213703098572
2023-12-26,6180,6250,6140,6190,53242,0.008143322475570036
2023-12-27,6180,6200,6110,6180,30629,-0.001615508885298822
2023-12-28,6140,6200,6120,6190,21816,0.0016181229773462036
2024-01-02,6180,6380,6180,6340,77352,0.024232633279483107
2024-01-03,6300,6430,6270,6420,48479,0.012618296529968376
2024-01-04,6380,6410,6260,6290,33183,-0.02024922118380057
2024-01-05,6290,6320,6210,6280,36684,-0.0015898251192368873
2024-01-08,6280,6290,6170,6230,37865,-0.0079617834394905
2024-01-09,6230,6340,6230,6310,55753,0.01284109149277679
2024-01-10,6330,6330,6220,6300,39560,-0.0015847860538826808
2024-01-11,6300,6370,6230,6350,42072,0.007936507936507908
2024-01-12,6290,6330,6150,6170,39355,-0.028346456692913358
2024-01-15,6160,6210,6090,6150,29062,-0.0032414910858995505
2024-01-16,6150,6200,6100,6180,38731,0.004878048780487809
2024-01-17,6160,6180,5970,6000,54767,-0.029126213592232997
2024-01-18,6000,6040,5910,6000,39428,0.0
2024-01-19,6000,6100,5980,6040,20659,0.006666666666666599
2024-01-22,6040,6060,5940,5940,14236,-0.01655629139072845
2024-01-23,5950,6010,5910,6000,19966,0.010101010101010166
2024-01-24,6050,6050,5910,5980,43605,-0.0033333333333332993
2024-01-25,5980,5980,5860,5960,31235,-0.0033444816053511683
2024-01-26,5910,6010,5910,5940,9004,-0.003355704697986628
2024-01-29,5950,6020,5880,5890,25351,-0.008417508417508435
2024-01-30,5950,6000,5880,5890,16823,0.0
2024-01-31,5890,5920,5870,5900,10650,0.001697792869269854
2024-02-01,5880,5990,5860,5980,18857,0.013559322033898313
2024-02-02,5990,6030,5950,5960,26166,-0.0033444816053511683
2024-02-05,5960,5990,5900,5930,22827,-0.005033557046979831
2024-02-06,5930,5990,5900,5960,15549,0.005059021922428242
2024-02-07,6000,6000,5920,5970,9621,0.001677852348993314
2024-02-08,5930,6020,5920,5990,14441,0.003350083752093891
2024-02-13,5990,6050,5950,5980,18545,-0.0016694490818029983
2024-02-14,6000,6000,5920,5940,28008,-0.006688963210702337
2024-02-15,5940,5990,5910,5930,15331,-0.0016835016835017313
2024-02-16,5930,6030,5910,6000,19679,0.01180438448566612
2024-02-19,6000,6080,5980,6080,39920,0.01333333333333342
2024-02-20,6070,6070,5980,5980,23023,-0.016447368421052655
2024-02-21,5980,6030,5930,5940,22340,-0.006688963210702337
2024-02-22,5940,5980,5900,5950,12107,0.0016835016835017313
2024-02-23,5950,5980,5920,5960,9684,0.001680672268907557
2024-02-26,5960,6000,5900,5990,14444,0.005033557046979942
2024-02-27,5970,5970,5870,5970,22630,-0.0033388981636059967
2024-02-28,5910,5970,5880,5970,17972,0.0
2024-02-29,5970,5980,5900,5950,20127,-0.00335008375209378
2024-03-04,5930,6000,5870,5940,24396,-0.001680672268907557
2024-03-05,5930,5930,5860,5900,24376,-0.006734006734006703
2024-03-06,5890,5900,5700,5740,57151,-0.027118644067796627
2024-03-07,5740,5770,5700,5750,22126,0.0017421602787457413
2024-03-08,5740,5920,5740,5880,24614,0.022608695652173827
2024-03-11,5900,5950,5830,5860,18734,-0.003401360544217691
2024-03-12,5900,5950,5810,5890,12149,0.005119453924914641
2024-03-13,5890,5910,5850,5900,13450,0.001697792869269854
2024-03-14,5900,5910,5820,5860,20662,-0.006779661016949157
2024-03-15,5900,5910,5830,5910,11297,0.008532423208191142
2024-03-18,5890,5890,5790,5810,21023,-0.016920473773265665
2024-03-19,5810,5860,5770,5850,19494,0.0068846815834766595
2024-03-20,5830,5970,5830,5910,30912,0.01025641025641022
2024-03-21,5900,5930,5880,5900,8010,-0.0016920473773265332
2024-03-22,5880,5910,5820,5870,15027,-0.005084745762711895
2024-03-25,5870,6040,5860,5990,35398,0.020442930153321992
2024-03-26,6000,6080,5910,5990,13713,0.0
2024-03-27,6070,6070,5920,5930,11215,-0.01001669449081799
2024-03-28,5920,5940,5890,5900,8144,-0.005059021922428353
2024-03-29,5910,5980,5880,5940,19567,0.006779661016949046
2024-04-01,5940,5980,5920,5980,7436,0.006734006734006703
2024-04-02,5970,5970,5860,5860,19746,-0.02006688963210701
2024-04-03,5890,5890,5760,5840,12044,-0.0034129692832765013
2024-04-04,5780,5820,5740,5740,25554,-0.017123287671232834
2024-04-05,5730,5760,5700,5760,5237,0.0034843205574912606
2024-04-08,5740,5740,5660,5660,11953,-0.01736111111111116
2024-04-09,5660,5710,5640,5700,5090,0.007067137809187329
2024-04-11,5740,5740,5610,5640,5280,-0.010526315789473717
2024-04-12,5640,5650,5590,5590,7562,-0.00886524822695034
2024-04-15,5560,5560,5470,5510,11071,-0.014311270125223596
2024-04-16,5490,5500,5410,5430,12094,-0.014519056261342977
2024-04-17,5410,5450,5400,5410,4876,-0.0036832412523020164
2024-04-18,5410,5470,5400,5450,9029,0.007393715341959428
2024-04-19,5450,5450,5350,5400,19634,-0.00917431192660545
2024-04-22,5400,5450,5380,5420,6706,0.0037037037037037646
2024-04-23,5420,5500,5400,5450,10289,0.005535055350553542
2024-04-24,5450,5480,5420,5460,6160,0.0018348623853210455
2024-04-25,5450,5480,5410,5410,7565,-0.009157509157509125
2024-04-26,5410,5450,5400,5410,16179,0.0
2024-04-29,5430,5480,5420,5470,8927,0.01109057301293892
2024-04-30,5430,5520,5430,5470,8860,0.0
2024-05-02,5500,5500,5430,5480,25579,0.001828153564899404
2024-05-03,5510,5510,5440,5480,5405,0.0
2024-05-07,5490,5520,5400,5440,14883,-0.007299270072992692
2024-05-08,5440,5500,5420,5500,3434,0.011029411764705843
2024-05-09,5460,5500,5450,5470,5569,-0.00545454545454549
2024-05-10,5500,5520,5440,5520,15613,0.009140767824497242
2024-05-13,5520,5520,5400,5420,14541,-0.018115942028985477
2024-05-14,5490,5490,5370,5420,20614,0.0
2024-05-16,5420,5460,5380,5420,16495,0.0
2024-05-17,5440,5440,5340,5380,23376,-0.0073800738007380184
2024-05-20,5350,5430,5320,5320,16194,-0.01115241635687736
2024-05-21,5320,5320,5150,5190,56427,-0.024436090225563922
2024-05-22,5190,5200,5100,5150,33627,-0.0077071290944122905
2024-05-23,5140,5140,5100,5130,11623,-0.003883495145631022
2024-05-24,5130,5290,5090,5270,27731,0.02729044834308003
2024-05-27,5250,5290,5150,5200,16704,-0.013282732447817858
2024-05-28,5200,5200,5090,5140,16656,-0.011538461538461497
2024-05-29,5100,5170,5030,5060,18226,-0.015564202334630295
2024-05-30,5090,5110,5020,5030,9945,-0.005928853754940677
2024-05-31,5060,5740,5020,5060,530401,0.005964214711729587
2024-06-03,5090,5120,5040,5100,27624,0.007905138339920903
2024-06-04,5100,5130,5090,5090,15283,-0.0019607843137254832
2024-06-05,5130,5150,5070,5100,11368,0.0019646365422396617
2024-06-07,5100,5150,5090,5120,9597,0.0039215686274509665
2024-06-10,5120,5200,5090,5160,12649,0.0078125
2024-06-11,5160,5340,5060,5260,114950,0.019379844961240345
2024-06-12,5780,6350,5520,5640,2602203,0.07224334600760463
2024-06-13,5560,5740,5520,5530,169194,-0.019503546099290725
2024-06-14,5530,5700,5410,5600,138454,0.012658227848101333
2024-06-17,5580,5600,5430,5490,85595,-0.019642857142857184
2024-06-18,5450,5500,5400,5500,44313,0.0018214936247722413
2024-06-19,5500,5570,5420,5570,56913,0.012727272727272698
2024-06-20,5570,5650,5500,5540,37076,-0.0053859964093356805
2024-06-21,5520,5550,5470,5500,26067,-0.0072202166064981865
2024-06-24,5480,5530,5460,5470,36180,-0.00545454545454549
2024-06-25,5460,5640,5450,5640,29227,0.031078610603290757
2024-06-26,5660,5680,5520,5530,45944,-0.019503546099290725
2024-06-27,5540,5600,5490,5520,15740,-0.001808318264014508
2024-06-28,5490,5530,5450,5520,12849,0.0
2024-07-01,5500,5560,5460,5510,18080,-0.0018115942028985588
2024-07-02,5510,5550,5420,5430,16627,-0.014519056261342977
2024-07-03,5430,5490,5290,5360,56577,-0.012891344383057057
2024-07-04,5370,5380,5250,5270,29963,-0.016791044776119368
2024-07-05,5270,5350,5270,5330,13011,0.011385199240986799
2024-07-08,5350,5380,5250,5250,19954,-0.015009380863039379
2024-07-09,5290,5340,5260,5320,6928,0.01333333333333342
2024-07-10,5320,5400,5320,5390,8701,0.013157894736842035
2024-07-11,5400,5440,5370,5400,16577,0.0018552875695732052
2024-07-12,5390,5420,5350,5390,14222,-0.0018518518518518823
2024-07-15,5390,5440,5380,5430,13741,0.007421150278293043
2024-07-16,5390,5640,5390,5640,48844,0.03867403314917128
2024-07-17,5640,5660,5520,5570,22721,-0.012411347517730542
2024-07-18,5520,5550,5430,5460,20799,-0.019748653500897717
2024-07-19,5510,5510,5440,5480,12961,0.00366300366300365
2024-07-22,5500,5500,5340,5480,19567,0.0
2024-07-23,5450,5580,5450,5540,49887,0.010948905109489093
2024-07-24,5590,5760,5500,5740,106687,0.036101083032491044
2024-07-25,5590,5740,5550,5660,40504,-0.013937282229965153
2024-07-26,5660,5780,5620,5750,19183,0.01590106007067127
2024-07-29,5790,5790,5650,5680,15415,-0.012173913043478257
2024-07-30,5680,5760,5550,5620,43076,-0.010563380281690127
2024-07-31,5640,5640,5520,5550,20334,-0.01245551601423489
2024-08-01,5570,5630,5540,5610,8382,0.0108108108108107
2024-08-02,5540,5650,5410,5530,32834,-0.014260249554367221
2024-08-05,5490,5490,4860,4890,94186,-0.11573236889692584
2024-08-06,4905,5180,4905,5080,25673,0.03885480572597144
2024-08-07,5140,5450,5100,5400,31114,0.06299212598425208
2024-08-08,5300,5700,5270,5670,36645,0.050000000000000044
2024-08-09,5620,5690,5560,5670,18349,0.0
2024-08-12,5630,5730,5630,5710,15884,0.007054673721340388
2024-08-13,5710,5720,5440,5580,29021,-0.02276707530647981
2024-08-14,5580,5650,5440,5500,29049,-0.014336917562724039
2024-08-16,5490,5610,5400,5580,40239,0.014545454545454639
2024-08-19,5520,7250,5520,7250,6077136,0.2992831541218639
2024-08-20,7550,8100,6820,6920,9169815,-0.04551724137931035
2024-08-21,7050,7190,6360,6430,2266266,-0.07080924855491333
2024-08-22,6370,6440,5990,6040,935810,-0.06065318818040433
2024-08-23,5900,6340,5900,6180,1262632,0.023178807947019875
2024-08-26,6130,6200,5720,5720,694206,-0.0744336569579288
2024-08-27,5730,5900,5680,5770,293638,0.00874125874125875
2024-08-28,5820,6070,5810,5930,519333,0.02772963604852685
2024-08-29,5720,6010,5710,5710,216944,-0.03709949409780777
2024-08-30,5710,5810,5670,5710,150490,0.0
2024-09-02,5710,5730,5440,5460,454730,-0.04378283712784592
2024-09-03,5450,5580,5450,5580,121062,0.0219780219780219
2024-09-04,5450,5450,5290,5390,167671,-0.03405017921146958
2024-09-05,5390,5440,5150,5240,259170,-0.0278293135435993
2024-09-06,5190,5250,5030,5120,185040,-0.022900763358778664
2024-09-09,5080,5250,5000,5220,114784,0.01953125
2024-09-10,5220,5270,5100,5250,48208,0.005747126436781658
2024-09-11,5210,5360,5160,5160,133233,-0.017142857142857126
2024-09-12,5170,5300,5170,5280,55303,0.023255813953488413
2024-09-13,5250,5360,5230,5340,53777,0.011363636363636465
2024-09-19,5340,5400,5280,5360,62112,0.0037453183520599342
2024-09-20,5360,5490,5330,5440,65492,0.014925373134328401
2024-09-23,5420,5460,5360,5380,46633,-0.011029411764705843
2024-09-24,5280,5400,5280,5360,46975,-0.0037174721189591198
2024-09-25,5320,5400,5310,5370,36744,0.001865671641791078
2024-09-26,5350,5430,5340,5380,32300,0.0018621973929235924
2024-09-27,5350,5400,5350,5380,41105,0.0
2024-09-30,5380,5380,5250,5310,40757,-0.013011152416356864
2024-10-02,5260,5270,5120,5160,48945,-0.02824858757062143
2024-10-04,5230,5250,5160,5190,30773,0.005813953488372103
2024-10-07,5160,5220,5130,5220,37674,0.005780346820809301
2024-10-08,5220,5230,5130,5150,24908,-0.013409961685823757
2024-10-10,5150,5200,5150,5160,19539,0.001941747572815622
2024-10-11,5160,5210,5150,5170,26560,0.0019379844961240345
2024-10-14,5150,5210,5080,5170,26996,0.0
2024-10-15,5160,5300,5120,5300,35235,0.025145067698259194
2024-10-16,5300,6710,5230,5850,8629764,0.10377358490566047
2024-10-17,5710,5820,5500,5750,1389042,-0.017094017094017144
2024-10-18,5940,6540,5580,5590,7273806,-0.02782608695652178
2024-10-21,5900,6120,5730,5740,1684087,0.02683363148479434
2024-10-22,5680,5730,5510,5560,502675,-0.03135888501742157
2024-10-23,6110,6980,5840,5860,10128712,0.05395683453237421
2024-10-24,5730,5900,5650,5760,733013,-0.017064846416382284
2024-10-25,6210,6220,5780,5910,1475919,0.02604166666666674
2024-10-28,5870,5990,5730,5930,522069,0.0033840947546530664
2024-10-29,5850,5880,5640,5750,411394,-0.030354131534570006
2024-10-30,5700,5820,5660,5660,315680,-0.01565217391304352
2024-10-31,5590,5760,5570,5750,227820,0.01590106007067127
2024-11-01,5630,5660,5440,5450,332231,-0.05217391304347829
2024-11-04,5400,5620,5320,5550,262766,0.0183486238532109
2024-11-05,5510,5670,5420,5650,137767,0.018018018018018056
2024-11-06,5820,6400,5560,5890,4349424,0.0424778761061948
2024-11-07,5800,5850,5600,5680,505484,-0.035653650254668934
2024-11-08,5650,5800,5600,5770,290754,0.015845070422535246
2024-11-11,5770,5770,5610,5650,161237,-0.020797227036395194
2024-11-12,5600,5840,5390,5450,296828,-0.03539823008849563
2024-11-13,5400,5640,5300,5380,257094,-0.012844036697247652
2024-11-14,5420,5620,5380,5380,201197,0.0
2024-11-15,5390,5590,5330,5550,152486,0.03159851301115246
2024-11-18,5650,5970,5570,5960,425482,0.07387387387387379
2024-11-19,5900,5970,5800,5900,177369,-0.010067114093959773
2024-11-20,5860,6030,5780,6000,193090,0.016949152542372836
2024-11-21,5910,6030,5830,5990,181607,-0.0016666666666667052
2024-11-22,5950,5970,5790,5840,111836,-0.025041736227045086
2024-11-25,5810,5900,5740,5870,81772,0.005136986301369939
2024-11-26,5830,5920,5820,5910,71661,0.006814310051107331
2024-11-27,5960,5960,5840,5850,79292,-0.010152284263959421
2024-11-28,5800,5950,5770,5880,74039,0.00512820512820511
2024-11-29,5880,5910,5600,5700,125096,-0.030612244897959218
2024-12-02,5700,5750,5520,5600,117146,-0.01754385964912286
2024-12-03,5600,5860,5600,5820,64027,0.03928571428571437
2024-12-04,5710,5750,5600,5720,74384,-0.01718213058419249
2024-12-05,5800,5800,5590,5640,50564,-0.013986013986013957
2024-12-06,5600,5640,5430,5630,146661,-0.0017730496453900457
2024-12-09,5430,5630,5250,5250,209796,-0.06749555950266428
2024-12-10,5260,5620,5260,5600,106354,0.06666666666666665
2024-12-11,5660,6100,5640,6050,284265,0.0803571428571428
2024-12-12,6000,6100,5910,6070,153710,0.0033057851239668423
2024-12-13,6060,6130,6000,6080,125403,0.0016474464579900872
2024-12-16,6190,6250,6060,6180,189051,0.016447368421052655
2024-12-17,6200,6200,6000,6110,78927,-0.01132686084142398
2024-12-18,6080,6130,5940,6120,74009,0.0016366612111293755
2024-12-19,6000,6110,5900,6050,84104,-0.011437908496731986
2024-12-20,6030,6060,5830,5850,73724,-0.03305785123966942
2024-12-23,5850,6030,5850,6030,45189,0.03076923076923066
2024-12-24,6030,6040,5960,6020,48558,-0.0016583747927031434
2024-12-26,6050,6070,5840,5920,93414,-0.01661129568106312
2024-12-27,5870,5920,5650,5750,53819,-0.028716216216216228
2024-12-30,5750,5900,5720,5820,26258,0.012173913043478368
2025-01-02,5820,6070,5820,6070,49147,0.04295532646048117
2025-01-03,6000,6110,6000,6090,84071,0.0032948929159801743
2025-01-06,6120,7910,6050,7850,6994953,0.2889983579638753
2025-01-07,7450,8250,7040,7850,14862065,0.0
2025-01-08,8510,8840,7720,7930,9707168,0.010191082802547768
2025-01-09,7840,7990,7540,7880,2539096,-0.006305170239596425
2025-01-10,7650,8040,7290,7340,2110350,-0.06852791878172593
2025-01-13,7130,7460,6940,6960,890280,-0.05177111716621252
2025-01-14,6960,7310,6660,6890,2056909,-0.010057471264367845
2025-01-15,6800,6810,6350,6410,713670,-0.06966618287373005
2025-01-16,6460,6580,6420,6580,322386,0.026521060842433775
2025-01-17,6540,6640,6470,6490,286416,-0.01367781155015202
2025-01-20,6460,6480,6290,6350,225447,-0.02157164869029271
2025-01-21,6300,6450,6300,6390,166221,0.006299212598425141
2025-01-22,6400,6470,6310,6430,197993,0.006259780907668322
2025-01-23,6430,6450,6300,6300,165952,-0.02021772939346811
2025-01-24,6050,6250,6050,6200,254944,-0.015873015873015928
2025-01-31,6160,6380,6150,6280,241438,0.012903225806451646
2025-02-03,6110,6260,5980,6030,300581,-0.039808917197452276
2025-02-04,6060,6200,6060,6160,211693,0.021558872305140975
2025-02-05,6160,6540,6120,6380,613578,0.03571428571428581
2025-02-06,6360,6500,6260,6470,409634,0.014106583072100332
2025-02-07,6480,6590,6360,6400,342052,-0.010819165378670781
2025-02-10,6390,6430,6300,6380,100408,-0.0031250000000000444
2025-02-11,6350,6430,6330,6350,98414,-0.00470219435736674
2025-02-12,6290,6330,6220,6230,133774,-0.018897637795275646
2025-02-13,6220,6310,6190,6290,109067,0.009630818619582593
2025-02-14,6280,6330,6170,6190,142662,-0.015898251192368873
2025-02-17,6180,6230,6120,6200,105413,0.001615508885298933
2025-02-18,6200,6250,6150,6230,107498,0.004838709677419395
2025-02-19,6230,6270,6170,6180,95231,-0.008025682182985605
2025-02-20,6180,6250,6160,6210,97666,0.004854368932038833
2025-02-21,6210,6250,6120,6230,123969,0.0032206119162641045
2025-02-24,6360,6420,6250,6270,326030,0.006420545746388395
2025-02-25,6250,6360,6180,6350,121456,0.012759170653907415
