Date,Open,High,Low,Close,Volume,Change
2022-01-03,10750,10850,10700,10700,11599,0.0046948356807512415
2022-01-04,10700,10950,10450,10950,20369,0.02336448598130847
2022-01-05,10950,11000,10800,10950,11128,0.0
2022-01-06,10800,11400,10750,11000,31878,0.004566210045662045
2022-01-07,11100,11250,10700,10900,17252,-0.009090909090909038
2022-01-10,11950,14150,11650,11700,2822968,0.07339449541284404
2022-01-11,11500,11600,11150,11400,361274,-0.02564102564102566
2022-01-12,12250,12300,11200,11200,385975,-0.01754385964912286
2022-01-13,11100,11500,10950,11500,201634,0.02678571428571419
2022-01-14,11350,11350,11050,11100,73917,-0.034782608695652195
2022-01-17,11100,11200,10600,10800,87293,-0.027027027027026973
2022-01-18,10800,11000,10400,10450,81110,-0.03240740740740744
2022-01-19,10100,10400,10100,10250,49545,-0.019138755980861233
2022-01-20,10250,10550,10050,10050,94038,-0.019512195121951237
2022-01-21,10100,10150,9930,9990,56144,-0.005970149253731294
2022-01-24,9850,9940,9570,9570,41512,-0.042042042042042094
2022-01-25,9500,9700,8930,9050,52240,-0.0543364681295716
2022-01-26,8950,9320,8950,9090,33814,0.0044198895027625085
2022-01-27,8940,9100,8560,8560,61028,-0.05830583058305827
2022-01-28,8580,9150,8580,9120,45326,0.06542056074766345
2022-02-03,9150,9400,9150,9370,38032,0.027412280701754277
2022-02-04,9380,9610,9360,9480,25500,0.011739594450373536
2022-02-07,9500,9530,9350,9450,11527,-0.0031645569620253333
2022-02-08,9480,9620,9370,9480,12569,0.0031746031746031633
2022-02-09,9480,9620,9480,9570,15326,0.009493670886076
2022-02-10,9610,9650,9510,9640,19209,0.007314524555903867
2022-02-11,9500,9600,9360,9360,17365,-0.02904564315352698
2022-02-14,9180,9270,8900,8910,24006,-0.04807692307692313
2022-02-15,8820,9180,8820,8910,16272,0.0
2022-02-16,9040,9300,9040,9230,28833,0.03591470258136931
2022-02-17,9240,9450,9130,9270,24583,0.004333694474539573
2022-02-18,9220,9420,9100,9420,20411,0.016181229773462702
2022-02-21,9420,9450,9320,9420,11362,0.0
2022-02-22,9260,9390,9080,9140,15452,-0.02972399150743099
2022-02-23,9070,9270,8960,9220,10273,0.00875273522975939
2022-02-24,9220,9230,8800,9090,21349,-0.014099783080260275
2022-02-25,9040,9250,9040,9080,17680,-0.0011001100110010764
2022-02-28,9120,9280,9100,9220,13703,0.01541850220264318
2022-03-02,9220,9390,9170,9250,20807,0.0032537960954446277
2022-03-03,9290,9570,9280,9480,22834,0.024864864864864833
2022-03-04,9490,9540,9420,9450,13074,-0.0031645569620253333
2022-03-07,9400,9490,9140,9270,19728,-0.01904761904761909
2022-03-08,9000,9160,8950,9050,12254,-0.02373247033441206
2022-03-10,9060,9180,9050,9070,13601,0.0022099447513812542
2022-03-11,9130,9240,9070,9180,12473,0.012127894156560126
2022-03-14,9190,9230,8800,8950,30827,-0.025054466230936767
2022-03-15,8710,8930,8710,8900,19122,-0.005586592178770999
2022-03-16,8860,9070,8820,8960,15406,0.006741573033707926
2022-03-17,9070,9150,9010,9060,18876,0.01116071428571419
2022-03-18,9090,9230,9060,9160,20195,0.011037527593819041
2022-03-21,9170,9300,9170,9180,10878,0.0021834061135370675
2022-03-22,9230,9360,9190,9320,13837,0.015250544662309462
2022-03-23,9320,9390,9290,9350,14296,0.0032188841201716833
2022-03-24,9350,9350,9250,9350,13113,0.0
2022-03-25,9370,9370,9140,9240,20550,-0.0117647058823529
2022-03-28,9230,9260,9140,9230,7432,-0.0010822510822511289
2022-03-29,9230,9340,9120,9330,19557,0.010834236186348933
2022-03-30,9450,9590,9430,9510,65581,0.019292604501607746
2022-03-31,9510,9600,9460,9530,18683,0.002103049421661396
2022-04-01,9550,9880,9380,9840,46256,0.03252885624344182
2022-04-04,9840,10100,9700,9940,48465,0.010162601626016343
2022-04-05,9900,10050,9870,10050,41068,0.01106639839034207
2022-04-06,9950,10100,9830,9870,38014,-0.017910447761193993
2022-04-07,9870,9970,9660,9680,22439,-0.019250253292806496
2022-04-08,9680,9770,9520,9630,16337,-0.005165289256198302
2022-04-11,9530,9630,9450,9540,10365,-0.009345794392523366
2022-04-12,9400,9510,9300,9490,18198,-0.00524109014675056
2022-04-13,9410,9650,9410,9640,15777,0.015806111696522684
2022-04-14,9640,9700,9520,9540,11662,-0.010373443983402453
2022-04-15,9540,9590,9440,9520,5661,-0.002096436058700246
2022-04-18,9470,9850,9450,9760,31856,0.025210084033613356
2022-04-19,9700,9870,9680,9830,32216,0.0071721311475410054
2022-04-20,10050,10850,9990,10700,371930,0.08850457782299093
2022-04-21,10800,11250,10500,10500,260364,-0.01869158878504673
2022-04-22,10600,10650,10000,10350,171702,-0.014285714285714235
2022-04-25,10000,10250,10000,10050,56689,-0.02898550724637683
2022-04-26,10100,10100,9870,9920,59412,-0.012935323383084563
2022-04-27,9700,9800,9420,9520,79529,-0.040322580645161255
2022-04-28,9530,9550,9310,9390,32538,-0.013655462184873901
2022-04-29,9420,9670,9420,9610,28585,0.023429179978700754
2022-05-02,9560,10300,9540,10200,71279,0.06139438085327775
2022-05-03,10250,10350,10050,10150,50092,-0.004901960784313708
2022-05-04,10250,10300,10100,10200,39151,0.0049261083743843415
2022-05-06,9980,10200,9680,9760,41184,-0.04313725490196074
2022-05-09,9640,9810,9370,9410,29222,-0.035860655737704916
2022-05-10,9220,9400,8900,9260,26100,-0.015940488841657774
2022-05-11,9210,9640,9210,9570,32909,0.03347732181425478
2022-05-12,9530,9580,9080,9150,19591,-0.043887147335423204
2022-05-13,9080,9290,9080,9220,15811,0.007650273224043769
2022-05-16,9270,9500,9100,9320,32776,0.010845986984815648
2022-05-17,9240,9270,8930,9070,61784,-0.02682403433476399
2022-05-18,9220,9220,8760,8880,65714,-0.02094818081587657
2022-05-19,8700,8750,8570,8630,29887,-0.028153153153153143
2022-05-20,8540,8900,8540,8760,42068,0.015063731170336103
2022-05-23,8850,8850,8210,8620,28295,-0.01598173515981738
2022-05-24,8620,8740,8500,8660,16494,0.004640371229698292
2022-05-25,8620,8680,8470,8640,23917,-0.002309468822170868
2022-05-26,8580,8690,8570,8630,16040,-0.0011574074074074403
2022-05-27,8590,8750,8580,8710,12038,0.009269988412514474
2022-05-30,8800,8900,8680,8680,19484,-0.003444316877152742
2022-05-31,8610,8850,8610,8760,20424,0.009216589861751112
2022-06-02,8760,8790,8680,8770,8473,0.0011415525114155667
2022-06-03,8800,8830,8760,8810,10017,0.004561003420752607
2022-06-07,8820,8870,8650,8720,14401,-0.010215664018161208
2022-06-08,8660,8770,8660,8740,10910,0.002293577981651307
2022-06-09,8670,8740,8600,8690,7473,-0.005720823798627039
2022-06-10,8650,8720,8560,8660,9969,-0.0034522439585730202
2022-06-13,8470,8580,8070,8260,21915,-0.04618937644341803
2022-06-14,8000,8070,7770,7800,41173,-0.05569007263922521
2022-06-15,7810,7980,7400,7800,69108,0.0
2022-06-16,7800,7820,7490,7690,29051,-0.014102564102564052
2022-06-17,7400,7520,7240,7400,32715,-0.03771131339401823
2022-06-20,7430,7430,6650,6760,33368,-0.08648648648648649
2022-06-21,6400,6980,6400,6900,39704,0.020710059171597628
2022-06-22,6960,7030,6330,6330,32247,-0.08260869565217388
2022-06-23,6260,6380,5990,6160,36182,-0.026856240126382325
2022-06-24,5950,6540,5920,6400,51129,0.03896103896103886
2022-06-27,6590,8320,6420,7380,664181,0.15312499999999996
2022-06-28,7590,9580,7590,8800,1957419,0.19241192411924124
2022-06-29,8600,9090,8380,8650,340900,-0.017045454545454586
2022-06-30,8600,8950,8260,8300,130944,-0.040462427745664775
2022-07-01,8160,10150,8120,9500,1986831,0.14457831325301207
2022-07-04,10350,10350,8820,8820,315009,-0.07157894736842108
2022-07-05,9020,9420,8320,8430,329685,-0.04421768707482998
2022-07-06,8570,10900,8350,9900,2240995,0.17437722419928825
2022-07-07,9900,10100,9480,9590,291896,-0.03131313131313129
2022-07-08,9590,11300,9320,9980,1616404,0.04066736183524511
2022-07-11,9880,10150,9530,9530,217832,-0.04509018036072143
2022-07-12,9630,11150,9340,9570,2044824,0.0041972717733473885
2022-07-13,9570,9570,9000,9010,265287,-0.05851619644723094
2022-07-14,9120,9120,8600,8790,153989,-0.02441731409544945
2022-07-15,8840,10300,8590,9620,1939430,0.09442548350398172
2022-07-18,9530,10100,9520,9520,485315,-0.01039501039501034
2022-07-19,9520,9870,9270,9600,266422,0.008403361344537785
2022-07-20,9750,10500,9650,9990,790066,0.04062499999999991
2022-07-21,9920,10300,9830,10050,263216,0.006006006006006093
2022-07-22,10050,10150,9350,9390,189386,-0.06567164179104479
2022-07-25,9410,9480,8830,9000,121046,-0.04153354632587858
2022-07-26,9000,9090,8460,8660,135708,-0.0377777777777778
2022-07-27,8740,9800,8530,9020,561155,0.04157043879907629
2022-07-28,9070,9920,9070,9600,651829,0.06430155210643007
2022-07-29,9650,10500,9510,10050,759120,0.046875
2022-08-01,10050,10100,9230,9260,253040,-0.07860696517412935
2022-08-02,9270,12000,9200,12000,4982462,0.2958963282937366
2022-08-03,12600,12700,11050,11500,2191635,-0.04166666666666663
2022-08-04,11000,11150,10800,11000,443315,-0.04347826086956519
2022-08-05,11000,11150,10600,10750,359796,-0.022727272727272707
2022-08-08,10850,11050,10700,10750,208869,0.0
2022-08-09,10750,11450,10500,10700,574026,-0.0046511627906976605
2022-08-10,10600,11150,10450,10900,386622,0.01869158878504673
2022-08-11,10950,11300,10850,11300,399034,0.03669724770642202
2022-08-12,11250,11250,10900,10950,155846,-0.030973451327433676
2022-08-16,11000,11050,10550,10700,184770,-0.022831050228310557
2022-08-17,10700,10900,10450,10650,99899,-0.004672897196261627
2022-08-18,10450,11400,10250,10550,422067,-0.009389671361502372
2022-08-19,10400,10850,10400,10450,108922,-0.009478672985781977
2022-08-22,10450,10500,9660,9700,195560,-0.0717703349282297
2022-08-23,9530,10200,9500,9870,127768,0.017525773195876226
2022-08-24,9830,10250,9830,10050,66790,0.01823708206686936
2022-08-25,10000,10350,10000,10200,56740,0.014925373134328401
2022-08-26,10200,10350,9910,9990,48632,-0.020588235294117685
2022-08-29,9550,9840,9430,9830,52916,-0.016016016016015988
2022-08-30,9780,10150,9780,10000,58053,0.01729399796541209
2022-08-31,10050,10300,9860,9950,50064,-0.0050000000000000044
2022-09-01,9840,9940,9450,9630,49050,-0.032160804020100464
2022-09-02,9610,9800,9330,9440,43819,-0.019730010384215957
2022-09-05,9310,10150,9080,9190,223015,-0.026483050847457612
2022-09-06,9190,9510,9100,9270,79390,0.008705114254624613
2022-09-07,9240,9370,8580,8700,115709,-0.06148867313915862
2022-09-08,8770,9270,8770,8790,99353,0.010344827586206806
2022-09-13,8870,9170,8870,8930,43477,0.015927189988623525
2022-09-14,8560,8810,8560,8680,48748,-0.027995520716685318
2022-09-15,8680,8850,8680,8740,34144,0.00691244239631339
2022-09-16,8610,8890,8440,8470,46333,-0.03089244851258577
2022-09-19,8390,8540,8150,8260,49692,-0.024793388429752095
2022-09-20,8200,8590,8200,8250,35524,-0.001210653753026647
2022-09-21,8130,8440,8130,8230,29258,-0.00242424242424244
2022-09-22,8160,8230,7900,8130,37066,-0.012150668286755817
2022-09-23,8130,8240,7680,7680,39067,-0.05535055350553508
2022-09-26,7650,7750,7130,7190,43316,-0.06380208333333337
2022-09-27,7000,7580,6990,7190,62741,0.0
2022-09-28,7020,7230,6630,6740,56698,-0.06258692628650908
2022-09-29,6980,7330,6920,6960,34667,0.03264094955489605
2022-09-30,6740,7150,6740,7150,33674,0.027298850574712707
2022-10-04,7450,7450,7130,7350,20448,0.027972027972027913
2022-10-05,7430,7560,7050,7100,21476,-0.03401360544217691
2022-10-06,7250,7320,7100,7200,31067,0.014084507042253502
2022-10-07,7060,7280,7060,7280,20566,0.011111111111111072
2022-10-11,7070,7270,6460,6520,88090,-0.10439560439560436
2022-10-12,6520,6750,6360,6470,22322,-0.0076687116564416735
2022-10-13,6530,6530,5880,5960,90383,-0.07882534775888717
2022-10-14,5990,6150,5990,6090,32890,0.02181208053691286
2022-10-17,6120,6140,5890,6010,25363,-0.013136288998357948
2022-10-18,6200,6210,6050,6150,35167,0.02329450915141429
2022-10-19,6180,6250,6070,6080,19766,-0.011382113821138184
2022-10-20,6140,7190,6090,6390,309528,0.05098684210526305
2022-10-21,6410,6460,6210,6210,64671,-0.028169014084507005
2022-10-24,6290,6480,6290,6370,40689,0.025764895330112614
2022-10-25,6400,6490,6200,6310,24093,-0.009419152276295084
2022-10-26,6340,7950,6340,6820,2999920,0.08082408874801894
2022-10-27,6850,7500,6650,6960,812066,0.02052785923753664
2022-10-28,7120,7120,6700,6920,124032,-0.005747126436781658
2022-10-31,6940,6940,6720,6780,75019,-0.020231213872832332
2022-11-01,6710,7340,6710,6830,437216,0.007374631268436627
2022-11-02,6770,7420,6750,7000,453449,0.02489019033674955
2022-11-03,6900,7060,6820,6950,64786,-0.0071428571428571175
2022-11-04,6900,6930,6640,6720,59504,-0.03309352517985609
2022-11-07,6800,6880,6710,6730,43130,0.0014880952380953438
2022-11-08,6740,7040,6680,6980,138482,0.03714710252600306
2022-11-09,6980,7070,6840,6930,61101,-0.007163323782234943
2022-11-10,6910,6960,6700,6800,47121,-0.018759018759018753
2022-11-11,6940,6940,6790,6850,49721,0.007352941176470562
2022-11-14,6930,7070,6870,7030,77088,0.026277372262773824
2022-11-15,7030,7080,6890,7080,56651,0.007112375533428139
2022-11-16,7040,7060,6880,7050,42773,-0.004237288135593209
2022-11-17,7030,7030,6880,6930,23906,-0.017021276595744705
2022-11-18,6910,7040,6880,7030,27424,0.01443001443001446
2022-11-21,7050,7080,6740,6740,40713,-0.04125177809388336
2022-11-22,6700,7050,6690,6760,39965,0.0029673590504450953
2022-11-23,6810,6810,6690,6720,25052,-0.00591715976331364
2022-11-24,6780,6910,6740,6850,34186,0.019345238095238138
2022-11-25,6850,6950,6660,6750,22850,-0.014598540145985384
2022-11-28,6850,6860,6480,6670,45749,-0.011851851851851891
2022-11-29,6540,6820,6530,6730,29716,0.008995502248875464
2022-11-30,6790,6830,6700,6720,23624,-0.0014858841010401136
2022-12-01,6730,6800,6670,6730,26386,0.0014880952380953438
2022-12-02,6720,6770,6690,6740,16899,0.0014858841010401136
2022-12-05,6740,6850,6740,6820,31193,0.011869436201780381
2022-12-06,6680,6820,6660,6690,25539,-0.019061583577712593
2022-12-07,6550,6750,6510,6600,20331,-0.013452914798206317
2022-12-08,6600,7400,6480,6540,349829,-0.009090909090909038
2022-12-09,6520,6640,6470,6620,37434,0.012232415902140747
2022-12-12,6630,6680,6540,6630,19655,0.0015105740181269312
2022-12-13,6620,6620,6520,6560,18535,-0.010558069381598756
2022-12-14,6510,6660,6510,6640,12239,0.012195121951219523
2022-12-15,6640,6700,6590,6590,16235,-0.0075301204819276935
2022-12-16,6560,6560,6350,6450,21255,-0.02124430955993928
2022-12-19,6350,6360,6210,6240,34505,-0.032558139534883734
2022-12-20,6160,6260,6120,6230,17614,-0.0016025641025640969
2022-12-21,6230,6230,6120,6120,11113,-0.017656500802568198
2022-12-22,6130,6190,6110,6160,10975,0.006535947712418277
2022-12-23,6060,6190,5810,5860,35794,-0.04870129870129869
2022-12-26,5820,5850,5590,5640,45168,-0.03754266211604096
2022-12-27,5550,5850,5550,5720,26862,0.014184397163120588
2022-12-28,5770,6340,5750,5780,93999,0.010489510489510412
2022-12-29,5780,5870,5510,5530,18051,-0.04325259515570934
2023-01-02,5510,5600,5400,5470,18144,-0.010849909584086825
2023-01-03,5350,5490,5170,5480,37982,0.001828153564899404
2023-01-04,5500,5760,5250,5690,26553,0.038321167883211604
2023-01-05,5750,5790,5680,5730,9131,0.007029876977152849
2023-01-06,5720,5840,5700,5810,10881,0.013961605584642323
2023-01-09,5890,5920,5810,5860,9876,0.008605851979345935
2023-01-10,5870,6330,5870,5880,55418,0.0034129692832765013
2023-01-11,6440,6440,5940,6050,36703,0.028911564625850428
2023-01-12,6180,6200,6060,6170,27699,0.01983471074380172
2023-01-13,6200,6270,6130,6250,18386,0.01296596434359798
2023-01-16,6250,6290,6130,6260,10206,0.0016000000000000458
2023-01-17,6260,6290,6100,6100,24978,-0.025559105431309903
2023-01-18,6100,6120,6000,6060,6696,-0.006557377049180357
2023-01-19,6050,6260,6030,6240,13784,0.02970297029702973
2023-01-20,6180,6300,6180,6230,9389,-0.0016025641025640969
2023-01-25,6230,6460,6140,6360,30168,0.020866773675762396
2023-01-26,6350,6490,6310,6430,20281,0.011006289308176154
2023-01-27,6450,6460,6320,6440,20034,0.0015552099533437946
2023-01-30,6400,6510,6370,6460,16308,0.0031055900621117516
2023-01-31,6380,6450,6300,6420,12102,-0.006191950464396245
2023-02-01,6400,6470,6370,6430,13213,0.0015576323987538387
2023-02-02,6400,6500,6350,6390,16721,-0.0062208398133748455
2023-02-03,6390,6580,6360,6400,15463,0.0015649452269170805
2023-02-06,6400,6770,6380,6560,56688,0.02499999999999991
2023-02-07,6560,6630,6470,6610,17443,0.007621951219512146
2023-02-08,6710,6710,6500,6610,13539,0.0
2023-02-09,6490,6600,6470,6480,17910,-0.01966717095310133
2023-02-10,6480,6550,6360,6550,20037,0.010802469135802406
2023-02-13,6550,6550,6150,6330,21497,-0.03358778625954195
2023-02-14,6330,6420,6300,6400,8821,0.011058451816745585
2023-02-15,6400,6400,6160,6290,27907,-0.017187500000000022
2023-02-16,6210,6750,6210,6590,46829,0.04769475357710662
2023-02-17,6590,6670,6440,6580,14181,-0.0015174506828528056
2023-02-20,6560,6630,6410,6560,17285,-0.003039513677811523
2023-02-21,6430,6750,6430,6620,38329,0.009146341463414531
2023-02-22,6600,6650,6330,6550,29401,-0.010574018126888185
2023-02-23,6550,6550,6290,6380,14275,-0.025954198473282397
2023-02-24,6410,6410,6230,6280,19645,-0.01567398119122254
2023-02-27,6200,6250,6010,6150,19507,-0.02070063694267521
2023-02-28,6140,6240,6100,6100,6951,-0.008130081300813052
2023-03-02,6090,6250,6050,6250,6549,0.024590163934426146
2023-03-03,6330,6330,6160,6190,6211,-0.009600000000000053
2023-03-06,6240,6260,6050,6190,27095,0.0
2023-03-07,6220,6390,6010,6100,21983,-0.014539579967689842
2023-03-08,6030,6080,5850,5900,31805,-0.032786885245901676
2023-03-09,5900,6080,5780,6040,19983,0.023728813559322104
2023-03-10,6040,6100,5700,5860,32247,-0.0298013245033113
2023-03-13,5710,5820,5520,5550,36089,-0.05290102389078499
2023-03-14,5480,5550,5230,5250,26170,-0.05405405405405406
2023-03-15,5250,5520,5250,5430,17870,0.03428571428571425
2023-03-16,5430,5550,5280,5340,11778,-0.016574585635359074
2023-03-17,5340,5570,5340,5570,12451,0.04307116104868913
2023-03-20,5570,5600,5500,5530,10935,-0.007181328545781018
2023-03-21,5470,5590,5300,5510,28234,-0.003616636528028905
2023-03-22,5500,5600,5460,5560,15822,0.00907441016333932
2023-03-23,5500,5600,5330,5370,24324,-0.03417266187050361
2023-03-24,5370,5460,5350,5400,9237,0.005586592178770999
2023-03-27,5400,5490,5200,5260,17629,-0.025925925925925908
2023-03-28,5260,5380,5260,5380,9364,0.02281368821292773
2023-03-29,5400,5620,5220,5530,30362,0.027881040892193232
2023-03-30,5510,5510,5320,5340,22204,-0.03435804701627487
2023-03-31,5350,5430,5340,5380,11554,0.0074906367041198685
2023-04-03,5390,5460,5330,5400,19574,0.0037174721189590088
2023-04-04,5400,5570,5380,5400,40949,0.0
2023-04-05,5450,5540,5450,5540,11921,0.025925925925925908
2023-04-06,5500,5590,5300,5400,15896,-0.02527075812274371
2023-04-07,5420,5460,5150,5450,42048,0.0092592592592593
2023-04-10,5460,5460,5160,5300,49892,-0.02752293577981646
2023-04-11,5220,5340,5120,5260,24323,-0.007547169811320753
2023-04-12,5240,5400,5230,5330,17600,0.013307984790874583
2023-04-13,5340,5520,5240,5460,29009,0.024390243902439046
2023-04-14,5480,6420,5480,5730,967074,0.0494505494505495
2023-04-17,5730,5860,5630,5820,51510,0.015706806282722585
2023-04-18,5790,5850,5680,5710,24652,-0.018900343642611728
2023-04-19,5750,5890,5740,5740,37802,0.005253940455341555
2023-04-20,5740,6010,5730,5790,71275,0.008710801393728262
2023-04-21,5790,6030,5550,5550,75895,-0.041450777202072575
2023-04-24,5480,7210,5470,7210,1995574,0.29909909909909915
2023-04-25,7980,9370,7050,8110,12771458,0.12482662968099856
2023-04-26,8020,8370,7100,7290,1479999,-0.10110974106041926
2023-04-27,7590,8930,7440,7510,6300659,0.030178326474622708
2023-04-28,7680,9660,7290,8750,10626712,0.1651131824234353
2023-05-02,8640,9460,8400,8510,3095073,-0.02742857142857147
2023-05-03,8510,8940,8400,8470,717012,-0.004700352526439522
2023-05-04,8530,8770,7820,8060,518559,-0.04840613931523019
2023-05-08,8130,8220,7820,8000,203674,-0.007444168734491274
2023-05-09,8000,8000,7520,7660,181775,-0.04249999999999998
2023-05-10,7770,8900,7510,7820,2608220,0.02088772845953013
2023-05-11,7800,7820,7360,7390,217710,-0.054987212276214836
2023-05-12,7390,7520,7220,7440,175897,0.006765899864682012
2023-05-15,7440,7470,6800,6870,152417,-0.0766129032258065
2023-05-16,6870,7950,6700,6880,866857,0.0014556040756914523
2023-05-17,6930,7930,6920,7460,1389061,0.08430232558139528
2023-05-18,7480,8310,7440,7720,1389075,0.034852546916890104
2023-05-19,7870,7870,7400,7400,203740,-0.041450777202072575
2023-05-22,7490,9620,7460,9620,4954744,0.30000000000000004
2023-05-23,10300,10700,9350,9350,5604595,-0.028066528066528096
2023-05-24,9250,9530,8960,9000,516230,-0.03743315508021394
2023-05-25,8910,9050,8420,8660,597720,-0.0377777777777778
2023-05-26,8670,8790,8320,8320,347010,-0.03926096997690531
2023-05-30,8330,9090,8130,8230,1579283,-0.01081730769230771
2023-05-31,8080,8320,8000,8000,231624,-0.027946537059538312
2023-06-01,7970,8110,7840,7950,154096,-0.006249999999999978
2023-06-02,7950,8790,7820,8260,1820524,0.03899371069182389
2023-06-05,8290,8500,8200,8270,215553,0.001210653753026536
2023-06-07,8270,8360,8100,8110,99275,-0.019347037484885088
2023-06-08,8140,8180,7700,7780,134971,-0.04069050554870535
2023-06-09,7870,7930,7650,7690,89478,-0.011568123393316143
2023-06-12,7820,8320,7820,7830,483697,0.01820546163849146
2023-06-13,7840,7890,7690,7720,81423,-0.01404853128991057
2023-06-14,7720,7910,7480,7480,81398,-0.031088082901554404
2023-06-15,7420,8000,7420,7630,197554,0.020053475935828846
2023-06-16,7700,7950,7690,7880,104723,0.03276539973787673
2023-06-19,8000,8120,7820,8020,96606,0.017766497461928932
2023-06-20,8020,8130,7870,8070,83743,0.006234413965087171
2023-06-21,8030,9300,7820,7960,1426924,-0.013630731102850069
2023-06-22,7940,8100,7600,7650,171550,-0.03894472361809043
2023-06-23,7650,7840,7500,7600,80453,-0.006535947712418277
2023-06-26,7450,7700,7370,7560,54519,-0.0052631578947368585
2023-06-27,7530,7580,7300,7310,68753,-0.033068783068783025
2023-06-28,7400,7570,7230,7230,55556,-0.01094391244870041
2023-06-29,7230,7300,6860,7000,82343,-0.0318118948824343
2023-06-30,6990,7180,6840,7110,37075,0.01571428571428579
2023-07-03,7120,7260,7070,7100,22514,-0.0014064697609000865
2023-07-04,7170,7300,6950,7070,31054,-0.004225352112676051
2023-07-05,7300,7300,6900,6900,31559,-0.0240452616690241
2023-07-06,6990,7260,6700,7260,72499,0.05217391304347818
2023-07-07,7080,7120,6750,6770,73429,-0.06749311294765836
2023-07-10,6680,6850,6550,6800,36378,0.004431314623338345
2023-07-11,6740,7130,6600,6970,45119,0.02499999999999991
2023-07-12,6990,7000,6680,6730,45916,-0.03443328550932567
2023-07-13,6760,6840,6580,6590,29169,-0.0208023774145617
2023-07-14,6590,6630,6330,6460,53940,-0.019726858877086473
2023-07-17,6400,6430,6150,6400,51091,-0.009287925696594423
2023-07-18,6520,6520,5780,5800,139129,-0.09375
2023-07-19,5820,6080,5820,5990,68007,0.03275862068965507
2023-07-20,5990,6320,5920,6170,63801,0.030050083472454192
2023-07-21,6500,7530,6240,6280,1709895,0.017828200972447306
2023-07-24,6280,6340,5890,6040,131424,-0.03821656050955413
2023-07-25,5950,6010,5750,5820,83864,-0.03642384105960261
2023-07-26,5790,5790,5220,5440,96638,-0.06529209621993126
2023-07-27,5400,5850,5400,5760,58043,0.05882352941176472
2023-07-28,5670,6050,5650,5890,37453,0.02256944444444442
2023-07-31,5950,6050,5890,6000,25075,0.018675721561969505
2023-08-01,5970,6240,5940,6060,37582,0.010000000000000009
2023-08-02,6070,6080,5610,5870,58980,-0.031353135313531344
2023-08-03,5750,5850,5640,5800,41663,-0.011925042589437829
2023-08-04,5770,5920,5740,5920,29448,0.020689655172413834
2023-08-07,5930,5950,5730,5940,20364,0.0033783783783782884
2023-08-08,5880,5880,5660,5700,33455,-0.04040404040404044
2023-08-09,5680,5830,5550,5810,32842,0.019298245614035148
2023-08-10,5810,5920,5700,5900,27183,0.015490533562822817
2023-08-11,5900,6050,5800,5860,43020,-0.006779661016949157
2023-08-14,5890,6450,5870,5960,238808,0.017064846416382284
2023-08-16,5960,6300,5750,6000,155077,0.006711409395973256
2023-08-17,5990,6000,5810,5900,43664,-0.01666666666666672
2023-08-18,5810,5990,5660,5740,97792,-0.027118644067796627
2023-08-21,5750,5910,5720,5770,34287,0.005226480836237002
2023-08-22,5820,5900,5700,5710,48545,-0.010398613518197597
2023-08-23,5710,5890,5620,5620,63425,-0.015761821366024553
2023-08-24,5600,5710,5580,5640,29005,0.003558718861210064
2023-08-25,5690,5740,5580,5710,30608,0.012411347517730542
2023-08-28,5700,5800,5640,5730,34988,0.003502626970227629
2023-08-29,5680,5850,5680,5850,29355,0.020942408376963373
2023-08-30,5850,5890,5790,5870,34048,0.0034188034188034067
2023-08-31,5870,5890,5740,5810,28490,-0.010221465076660996
2023-09-01,5810,5860,5690,5740,23637,-0.012048192771084376
2023-09-04,5830,5830,5660,5690,18117,-0.008710801393728262
2023-09-05,5680,5810,5670,5730,21605,0.007029876977152849
2023-09-06,5680,5750,5650,5720,14854,-0.0017452006980802626
2023-09-07,5700,5740,5600,5660,25743,-0.010489510489510523
2023-09-08,5650,5750,5600,5710,14834,0.008833922261484162
2023-09-11,5720,5740,5630,5680,12343,-0.005253940455341555
2023-09-12,5670,5690,5510,5530,27785,-0.026408450704225372
2023-09-13,5510,5510,5390,5410,19912,-0.02169981916817365
2023-09-14,5370,5570,5370,5570,11432,0.02957486136783727
2023-09-15,5570,5650,5530,5580,14945,0.0017953321364452268
2023-09-18,5580,5680,5490,5550,14681,-0.005376344086021501
2023-09-19,5520,5550,5410,5460,16512,-0.01621621621621616
2023-09-20,5460,5460,5300,5450,24468,-0.001831501831501825
2023-09-21,5390,5390,5280,5300,26142,-0.02752293577981646
2023-09-22,5250,5300,5130,5300,22576,0.0
2023-09-25,5290,5300,4815,4835,95204,-0.08773584905660381
2023-09-26,4880,4935,4785,4925,26109,0.018614270941054833
2023-09-27,4910,5050,4795,5030,37988,0.02131979695431463
2023-10-04,5040,5040,4835,4845,21428,-0.036779324055665974
2023-10-05,4845,4950,4830,4895,14905,0.01031991744066052
2023-10-06,4940,5030,4880,5000,21762,0.021450459652706755
2023-10-10,5000,5050,4810,4885,11311,-0.02300000000000002
2023-10-11,4865,5000,4840,4980,7938,0.019447287615148356
2023-10-12,5030,5030,4895,5000,14244,0.004016064257028162
2023-10-13,5030,5030,4835,4885,11591,-0.02300000000000002
2023-10-16,4885,4980,4730,4965,15814,0.016376663254861867
2023-10-17,4900,4945,4805,4920,7184,-0.009063444108761365
2023-10-18,4825,4920,4775,4815,7810,-0.021341463414634165
2023-10-19,4755,4790,4630,4680,27703,-0.028037383177570097
2023-10-20,4670,4670,4215,4480,48611,-0.042735042735042694
2023-10-23,4455,4550,4300,4495,13569,0.0033482142857141906
2023-10-24,4500,4590,4315,4575,12710,0.017797552836484876
2023-10-25,4620,4760,4595,4705,7125,0.02841530054644803
2023-10-26,4700,4705,4540,4565,9404,-0.029755579171094615
2023-10-27,4485,4600,4470,4520,6123,-0.009857612267250793
2023-10-30,4520,4630,4495,4630,3504,0.02433628318584069
2023-10-31,4650,4700,4600,4690,5804,0.012958963282937441
2023-11-01,4665,4725,4575,4630,9565,-0.01279317697228144
2023-11-02,4635,4880,4635,4855,11107,0.048596112311015016
2023-11-03,4890,5000,4860,4925,8568,0.014418125643666402
2023-11-06,4995,4995,4910,4950,10258,0.0050761421319796
2023-11-07,4995,4995,4885,4925,6596,-0.005050505050505083
2023-11-08,4925,4945,4870,4910,6124,-0.003045685279187804
2023-11-09,4910,4930,4880,4905,1657,-0.0010183299389001643
2023-11-10,4905,4905,4780,4780,5766,-0.025484199796126372
2023-11-13,4785,4845,4760,4760,3700,-0.004184100418409997
2023-11-14,4750,4835,4740,4830,6605,0.014705882352941124
2023-11-15,4830,4910,4825,4865,7699,0.007246376811594235
2023-11-16,4840,4960,4835,4960,12241,0.019527235354573458
2023-11-17,4960,4960,4845,4880,4190,-0.016129032258064502
2023-11-20,4790,4920,4790,4910,4502,0.006147540983606481
2023-11-21,4910,4980,4890,4950,5499,0.008146639511201537
2023-11-22,4985,4990,4865,4905,6938,-0.009090909090909038
2023-11-23,4905,4935,4770,4835,16242,-0.014271151885830835
2023-11-24,4835,4990,4820,4965,11414,0.026887280248190315
2023-11-27,4990,4990,4825,4965,12210,0.0
2023-11-28,4965,5300,4935,5270,57362,0.061430010070493424
2023-11-29,5180,5210,5010,5100,27409,-0.032258064516129004
2023-11-30,5050,5190,5040,5140,8200,0.007843137254901933
2023-12-01,5130,5170,5050,5080,10173,-0.011673151750972721
2023-12-04,5080,5090,5000,5030,6440,-0.009842519685039353
2023-12-05,4980,5090,4980,4995,12717,-0.006958250497017926
2023-12-06,4945,5030,4910,5030,7495,0.00700700700700696
2023-12-07,4980,5030,4945,4980,6315,-0.00994035785288272
2023-12-08,4955,5070,4935,5040,6542,0.012048192771084265
2023-12-11,5070,5100,4985,5050,7501,0.001984126984126977
2023-12-12,5090,5180,5000,5040,10693,-0.001980198019801982
2023-12-13,5030,5090,4955,5000,7050,-0.007936507936507908
2023-12-14,5000,5050,4975,4975,11213,-0.0050000000000000044
2023-12-15,4980,5050,4960,4990,4341,0.0030150753768845018
2023-12-18,4960,5000,4940,4940,7341,-0.01002004008016033
2023-12-19,4990,5010,4850,4945,21152,0.0010121457489877805
2023-12-20,4965,4995,4820,4850,14719,-0.01921132457027297
2023-12-21,4800,4920,4800,4850,7632,0.0
2023-12-22,4895,4900,4820,4890,4959,0.008247422680412342
2023-12-26,4860,4890,4800,4800,4641,-0.018404907975460127
2023-12-27,4845,4930,4785,4930,10708,0.027083333333333348
2023-12-28,4885,4940,4835,4880,10970,-0.010141987829614618
2024-01-02,4895,4950,4735,4830,6516,-0.010245901639344246
2024-01-03,4830,4870,4805,4820,7951,-0.0020703933747412417
2024-01-04,4800,4870,4770,4800,8360,-0.004149377593360981
2024-01-05,4800,4825,4745,4790,5058,-0.002083333333333326
2024-01-08,4790,4850,4740,4775,13380,-0.0031315240083507057
2024-01-09,4785,4825,4750,4800,8160,0.005235602094240788
2024-01-10,4810,4845,4730,4785,11110,-0.0031250000000000444
2024-01-11,4785,4850,4720,4765,12438,-0.004179728317659337
2024-01-12,4715,4765,4690,4730,16393,-0.007345225603357819
2024-01-15,4730,4730,4640,4655,10077,-0.015856236786469302
2024-01-16,4655,4675,4585,4615,10679,-0.008592910848549962
2024-01-17,4615,4615,4455,4495,11305,-0.026002166847237218
2024-01-18,4495,4535,4400,4530,14647,0.007786429365962189
2024-01-19,4500,4575,4420,4510,16208,-0.004415011037527616
2024-01-22,4530,4560,4395,4400,12573,-0.024390243902439046
2024-01-23,4385,4400,4305,4380,12315,-0.004545454545454519
2024-01-24,4380,4400,4300,4350,12283,-0.006849315068493178
2024-01-25,4335,4345,4250,4325,10539,-0.005747126436781658
2024-01-26,4310,4435,4260,4400,15423,0.01734104046242768
2024-01-29,4505,4600,4420,4450,18702,0.011363636363636465
2024-01-30,4400,4475,4400,4450,6242,0.0
2024-01-31,4405,4450,4365,4400,14754,-0.011235955056179803
2024-02-01,4400,4565,4300,4505,20301,0.02386363636363642
2024-02-02,4460,4570,4365,4565,7867,0.013318534961154205
2024-02-05,4565,4600,4530,4540,4072,-0.005476451259583737
2024-02-06,4540,4555,4485,4515,4633,-0.005506607929515406
2024-02-07,4515,4585,4475,4580,3614,0.01439645625692143
2024-02-08,4605,4605,4535,4600,6015,0.004366812227074135
2024-02-13,4600,4615,4560,4615,7743,0.003260869565217428
2024-02-14,4595,4770,4595,4735,19229,0.026002166847237218
2024-02-15,4725,4760,4610,4610,11043,-0.026399155227032733
2024-02-16,4610,4695,4555,4630,5099,0.00433839479392617
2024-02-19,4585,4625,4535,4565,12000,-0.01403887688984884
2024-02-20,4565,4575,4530,4575,5894,0.0021905805038335835
2024-02-21,4525,4575,4525,4530,4431,-0.00983606557377048
2024-02-22,4530,4580,4495,4580,14664,0.011037527593819041
2024-02-23,4580,4650,4515,4550,10394,-0.0065502183406113135
2024-02-26,4550,4550,4465,4490,9333,-0.01318681318681314
2024-02-27,4485,4505,4435,4505,4178,0.0033407572383072903
2024-02-28,4485,4485,4425,4450,6069,-0.01220865704772478
2024-02-29,4435,4450,4400,4425,7594,-0.005617977528089901
2024-03-04,4410,4425,4390,4410,8917,-0.003389830508474523
2024-03-05,4405,4405,4350,4390,3421,-0.0045351473922902175
2024-03-06,4330,4385,4300,4370,7022,-0.004555808656036442
2024-03-07,4320,4370,4315,4330,3631,-0.009153318077803174
2024-03-08,4300,4450,4300,4370,5706,0.009237875288683695
2024-03-11,4395,4415,4345,4350,12466,-0.004576659038901587
2024-03-12,4420,4500,4315,4500,5838,0.034482758620689724
2024-03-13,4410,4485,4385,4480,11172,-0.004444444444444473
2024-03-14,4415,4480,4365,4470,14514,-0.0022321428571429047
2024-03-15,4450,4470,4345,4425,10217,-0.010067114093959773
2024-03-18,4350,4420,4345,4350,9487,-0.016949152542372836
2024-03-19,4350,4470,4315,4430,13394,0.01839080459770126
2024-03-20,4335,4430,4325,4395,2992,-0.007900677200902928
2024-03-21,4395,4450,4295,4350,23422,-0.010238907849829393
2024-03-22,4390,4390,4310,4330,7178,-0.0045977011494252595
2024-03-25,4330,4370,4295,4345,10119,0.0034642032332563577
2024-03-26,4335,4415,4300,4350,4139,0.0011507479861909697
2024-03-27,4290,4340,4290,4305,9411,-0.010344827586206917
2024-03-28,4305,4305,4280,4305,6604,0.0
2024-03-29,4295,4340,4280,4320,7675,0.0034843205574912606
2024-04-01,4315,4335,4300,4330,10827,0.0023148148148148806
2024-04-02,4350,4425,4295,4335,11898,0.0011547344110853786
2024-04-03,4355,4375,4290,4290,5004,-0.01038062283737029
2024-04-04,4265,4290,4255,4290,11215,0.0
2024-04-05,4290,4325,4250,4290,4737,0.0
2024-04-08,4260,4290,4230,4245,13595,-0.010489510489510523
2024-04-09,4225,4270,4215,4255,6012,0.002355712603062443
2024-04-11,4245,4295,4200,4270,15105,0.003525264394829586
2024-04-12,4265,4270,4220,4255,3177,-0.003512880562060894
2024-04-15,4255,4265,4110,4205,18142,-0.011750881316098694
2024-04-16,4170,4170,4060,4085,6381,-0.028537455410225898
2024-04-17,4085,4085,4010,4045,4698,-0.009791921664626724
2024-04-18,4045,4310,3985,4100,7025,0.013597033374536549
2024-04-19,4075,4145,3995,4055,9003,-0.01097560975609757
2024-04-22,3990,4105,3990,4100,9561,0.011097410604192337
2024-04-23,4095,4100,4015,4025,5040,-0.018292682926829285
2024-04-24,4025,4070,3935,3935,14636,-0.022360248447204967
2024-04-25,3900,3920,3795,3845,15571,-0.02287166454891998
2024-04-26,3845,3905,3845,3880,4580,0.00910273081924573
2024-04-29,3920,3920,3865,3895,5461,0.0038659793814432852
2024-04-30,3920,3955,3890,3930,5633,0.00898587933247752
2024-05-02,3970,4025,3940,3950,5243,0.0050890585241729624
2024-05-03,3950,4025,3950,4000,2831,0.012658227848101333
2024-05-07,4025,4095,4000,4045,7508,0.011249999999999982
2024-05-08,4045,4095,4020,4050,3628,0.0012360939431397266
2024-05-09,4085,4085,3995,4030,11120,-0.004938271604938316
2024-05-10,4030,4030,4000,4010,1540,-0.00496277915632759
2024-05-13,4015,4015,3965,4000,5454,-0.0024937655860348684
2024-05-14,3955,4000,3925,3995,10478,-0.0012499999999999734
2024-05-16,4020,4020,3975,4010,2855,0.003754693366708306
2024-05-17,4010,4240,4000,4165,29052,0.03865336658354113
2024-05-20,4145,4230,4120,4220,17964,0.013205282112845218
2024-05-21,4220,4220,4155,4190,7342,-0.007109004739336511
2024-05-22,4190,4190,4100,4110,4732,-0.019093078758949833
2024-05-23,4065,4140,4065,4120,5492,0.0024330900243310083
2024-05-24,4130,4190,4125,4140,5395,0.004854368932038833
2024-05-27,4140,4140,4065,4135,2203,-0.0012077294685990392
2024-05-28,4135,4175,4090,4150,5684,0.0036275695284160303
2024-05-29,4150,4150,4025,4070,5300,-0.01927710843373498
2024-05-30,4070,4150,3980,4075,8010,0.0012285012285011554
2024-05-31,4035,4100,4000,4075,4610,0.0
2024-06-03,4075,4120,4020,4080,7694,0.0012269938650306678
2024-06-04,4100,4100,4025,4080,3987,0.0
2024-06-05,4120,4120,4020,4095,8106,0.003676470588235281
2024-06-07,4120,4120,3955,4005,9250,-0.02197802197802201
2024-06-10,4030,4030,3955,3995,2387,-0.0024968789013732895
2024-06-11,3995,3995,3920,3970,4588,-0.006257822277847325
2024-06-12,3970,3970,3900,3900,5203,-0.017632241813602012
2024-06-13,3900,3940,3860,3880,6235,-0.00512820512820511
2024-06-14,3900,3900,3815,3830,9583,-0.012886597938144284
2024-06-17,3830,3865,3810,3835,2514,0.0013054830287206887
2024-06-18,3835,3865,3800,3855,6100,0.0052151238591917615
2024-06-19,3875,3880,3825,3855,5002,0.0
2024-06-20,3865,3865,3800,3850,7594,-0.0012970168612191912
2024-06-21,3850,3850,3775,3795,3799,-0.014285714285714235
2024-06-24,3755,4100,3740,3750,6934,-0.011857707509881465
2024-06-25,3705,3715,3695,3695,10174,-0.014666666666666717
2024-06-26,3695,3695,3665,3695,4525,0.0
2024-06-27,3700,3735,3655,3695,7225,0.0
2024-06-28,3690,3735,3640,3650,8084,-0.012178619756427644
2024-07-01,3650,3705,3650,3700,3444,0.013698630136986356
2024-07-02,3735,3775,3645,3650,7082,-0.013513513513513487
2024-07-03,3635,3705,3635,3685,1511,0.009589041095890316
2024-07-04,3760,3760,3595,3680,8339,-0.0013568521031207537
2024-07-05,3645,3675,3615,3650,3509,-0.008152173913043459
2024-07-08,3660,3705,3600,3700,3376,0.013698630136986356
2024-07-09,3800,3800,3600,3725,6362,0.006756756756756799
2024-07-10,3725,3750,3685,3715,1457,-0.0026845637583892135
2024-07-11,3750,3765,3680,3765,2981,0.013458950201884257
2024-07-12,3740,3765,3705,3765,2428,0.0
2024-07-15,3765,3800,3700,3790,1101,0.006640106241699861
2024-07-16,3810,3810,3700,3740,1868,-0.01319261213720313
2024-07-17,3700,3740,3695,3695,911,-0.012032085561497374
2024-07-18,3660,3710,3640,3640,2664,-0.014884979702300405
2024-07-19,3625,3640,3550,3605,11249,-0.009615384615384581
2024-07-22,3640,3640,3585,3600,2220,-0.001386962552011095
2024-07-23,3600,3620,3570,3595,2073,-0.001388888888888884
2024-07-24,3595,3615,3550,3600,4303,0.0013908205841446364
2024-07-25,3600,3600,3550,3550,2570,-0.01388888888888884
2024-07-26,3550,3590,3510,3520,2441,-0.008450704225352101
2024-07-29,3520,3540,3500,3525,2375,0.0014204545454545858
2024-07-30,3525,3565,3500,3500,6240,-0.007092198581560294
2024-07-31,3515,3520,3400,3420,9879,-0.02285714285714291
2024-08-01,3455,3500,3400,3405,12434,-0.004385964912280715
2024-08-02,3405,3785,3400,3430,58857,0.007342143906020615
2024-08-05,3430,3465,2905,3020,23457,-0.11953352769679304
2024-08-06,3010,3115,3000,3030,14995,0.0033112582781456013
2024-08-07,3050,3155,3030,3145,12219,0.037953795379537913
2024-08-08,3110,3180,3075,3170,6505,0.007949125596184325
2024-08-09,3170,3280,3170,3230,4464,0.018927444794952786
2024-08-12,3250,3335,3230,3335,3226,0.03250773993808043
2024-08-13,3345,3355,3320,3355,4908,0.0059970014992503096
2024-08-14,3355,3420,3355,3400,2134,0.013412816691505292
2024-08-16,3370,3385,3175,3350,15238,-0.014705882352941124
2024-08-19,3350,3370,3055,3175,19334,-0.052238805970149294
2024-08-20,3175,3210,3105,3140,12024,-0.011023622047244053
2024-08-21,3170,3170,3080,3120,10656,-0.006369426751592355
2024-08-22,3120,3200,3060,3200,13568,0.02564102564102555
2024-08-23,3200,3275,3075,3275,9531,0.0234375
2024-08-26,3270,3310,3180,3195,5619,-0.02442748091603053
2024-08-27,3195,3215,3155,3210,4407,0.0046948356807512415
2024-08-28,3135,3220,3050,3220,9338,0.0031152647975076775
2024-08-29,3195,3220,3155,3215,4659,-0.0015527950310558758
2024-08-30,3215,3280,3150,3255,7892,0.012441679626749691
2024-09-02,3250,3250,3180,3180,4761,-0.02304147465437789
2024-09-03,3180,3180,2990,3060,17647,-0.037735849056603765
2024-09-04,3060,3080,3030,3030,7473,-0.009803921568627416
2024-09-05,3030,3935,3030,3195,2242219,0.054455445544554504
2024-09-06,3315,3855,3205,3420,1813414,0.07042253521126751
2024-09-09,3490,4180,3400,3690,2103945,0.07894736842105265
2024-09-10,3685,3775,3460,3570,270196,-0.03252032520325199
2024-09-11,3485,3760,3300,3425,265233,-0.040616246498599407
2024-09-12,3405,3480,3280,3310,107729,-0.033576642335766405
2024-09-13,3380,3435,3300,3300,100526,-0.0030211480362537513
2024-09-19,3300,3335,3135,3135,61536,-0.050000000000000044
2024-09-20,3160,3300,3135,3200,40476,0.020733652312599604
2024-09-23,3200,3265,3155,3170,18809,-0.009375000000000022
2024-09-24,3170,3700,3105,3420,781668,0.07886435331230279
2024-09-25,3405,3630,3315,3405,265855,-0.004385964912280715
2024-09-26,3405,3405,3290,3335,40623,-0.02055800293685761
2024-09-27,3335,3730,3310,3455,254249,0.0359820089955023
2024-09-30,3455,3475,3385,3400,23393,-0.01591895803183796
2024-10-02,3325,3535,3325,3330,22765,-0.020588235294117685
2024-10-04,3345,3365,3295,3300,14287,-0.009009009009009028
2024-10-07,3300,3440,3245,3375,17698,0.022727272727272707
