Date,Open,High,Low,Close,Volume,Change
2022-01-03,23150,24050,22850,22950,85269,0.006578947368421018
2022-01-04,22800,22950,21850,22200,68067,-0.0326797385620915
2022-01-05,21900,21900,20000,20400,116631,-0.08108108108108103
2022-01-06,19800,20300,18950,19600,80536,-0.039215686274509776
2022-01-07,20500,25450,20100,25450,1041920,0.2984693877551021
2022-01-10,24000,24000,21650,21650,184383,-0.14931237721021606
2022-01-11,21250,22450,21250,22250,88344,0.02771362586605086
2022-01-12,21800,22950,21800,22550,65749,0.01348314606741563
2022-01-13,21700,21700,20950,20950,58145,-0.07095343680709532
2022-01-14,20800,21600,20750,21000,40445,0.0023866348448686736
2022-01-17,21200,22300,21200,22100,79807,0.05238095238095242
2022-01-18,23950,27700,22300,23100,1202024,0.045248868778280604
2022-01-19,22400,24550,21450,21700,246429,-0.06060606060606055
2022-01-20,21700,24500,21000,22800,503372,0.05069124423963123
2022-01-21,22300,24150,22200,22750,232011,-0.002192982456140302
2022-01-24,22300,23600,21500,21750,98964,-0.04395604395604391
2022-01-25,22050,22450,19550,19900,104818,-0.0850574712643678
2022-01-26,20300,20450,19500,19750,56618,-0.007537688442211032
2022-01-27,19850,19850,17850,17850,90087,-0.09620253164556958
2022-01-28,18550,20400,18200,18300,171629,0.025210084033613356
2022-02-03,19000,19300,18450,18650,44058,0.0191256830601092
2022-02-04,18650,21600,18650,19500,261042,0.04557640750670244
2022-02-07,19750,20100,19350,19600,31351,0.00512820512820511
2022-02-08,19850,19850,19100,19250,29549,-0.017857142857142905
2022-02-09,19500,21400,19450,21250,114675,0.10389610389610393
2022-02-10,21800,22350,20050,20150,103078,-0.051764705882352935
2022-02-11,19900,22700,19550,20850,319815,0.03473945409429291
2022-02-14,20400,21500,19900,20100,91561,-0.03597122302158273
2022-02-15,20100,21200,19550,19800,67453,-0.014925373134328401
2022-02-16,19950,20150,19400,19750,67585,-0.002525252525252486
2022-02-17,19950,20600,18150,19400,57885,-0.017721518987341756
2022-02-18,19100,19600,19000,19250,27494,-0.0077319587628865705
2022-02-21,18950,18950,18300,18450,27623,-0.04155844155844157
2022-02-22,17800,18200,17800,17950,15014,-0.027100271002710064
2022-02-23,18300,18650,18050,18650,18937,0.03899721448467974
2022-02-24,18350,18350,17500,17700,14732,-0.05093833780160861
2022-02-25,17950,17950,17650,17800,13766,0.005649717514124353
2022-02-28,17650,18450,17650,18450,9844,0.03651685393258419
2022-03-02,18400,19150,18050,18750,29762,0.016260162601626105
2022-03-03,18950,19700,18750,19050,32970,0.016000000000000014
2022-03-04,19200,19200,18500,18700,18741,-0.018372703412073532
2022-03-07,18500,18600,17700,17700,20572,-0.053475935828877
2022-03-08,17350,17800,17050,17100,30826,-0.03389830508474578
2022-03-10,17350,17650,17150,17250,11883,0.00877192982456143
2022-03-11,17250,17350,16700,16750,23845,-0.02898550724637683
2022-03-14,16800,16800,16200,16400,10999,-0.020895522388059695
2022-03-15,16400,21050,16200,18200,761516,0.10975609756097571
2022-03-16,17600,17600,17000,17150,66473,-0.05769230769230771
2022-03-17,17600,17650,17300,17600,31869,0.026239067055393583
2022-03-18,17700,18500,17600,18400,23669,0.045454545454545414
2022-03-21,18750,18950,18050,18100,37706,-0.016304347826086918
2022-03-22,18000,18500,18000,18050,16298,-0.002762430939226568
2022-03-23,18100,18200,18000,18050,21343,0.0
2022-03-24,17850,18650,17850,17950,20928,-0.005540166204986097
2022-03-25,18000,18200,17750,17750,18852,-0.011142061281337101
2022-03-28,17850,18500,17600,18000,30621,0.014084507042253502
2022-03-29,18000,19300,18000,18700,62335,0.03888888888888897
2022-03-30,18700,19150,18350,18500,28481,-0.010695187165775444
2022-03-31,18250,18500,18000,18200,21160,-0.01621621621621616
2022-04-01,18050,18650,17850,18400,13964,0.01098901098901095
2022-04-04,18400,18800,18200,18450,15183,0.0027173913043478937
2022-04-05,18700,18700,18200,18400,11063,-0.0027100271002710175
2022-04-06,18200,18400,18000,18100,13286,-0.016304347826086918
2022-04-07,18100,21200,17950,19050,324368,0.05248618784530379
2022-04-08,19350,20150,18800,19550,69390,0.026246719160105014
2022-04-11,19800,20150,19100,19100,39466,-0.023017902813299185
2022-04-12,19100,19300,18600,18750,21825,-0.01832460732984298
2022-04-13,19000,19400,18750,18850,18465,0.005333333333333412
2022-04-14,19000,19300,18650,18650,11649,-0.010610079575596787
2022-04-15,18800,20050,18350,19300,52851,0.034852546916890104
2022-04-18,19250,19850,19100,19200,25293,-0.005181347150259086
2022-04-19,19550,19650,19150,19350,23052,0.0078125
2022-04-20,19600,20150,19200,19950,46816,0.03100775193798455
2022-04-21,20600,21000,19850,19850,55505,-0.005012531328320802
2022-04-22,20050,20050,19600,19800,20109,-0.0025188916876573986
2022-04-25,19500,19550,18600,18700,33962,-0.05555555555555558
2022-04-26,19000,19200,18700,19100,15232,0.021390374331550888
2022-04-27,18700,19000,18500,18850,15511,-0.01308900523560208
2022-04-28,18950,19000,18650,18850,7471,0.0
2022-04-29,18900,19150,18750,19050,8586,0.010610079575596787
2022-05-02,18900,19000,18600,18800,4058,-0.013123359580052507
2022-05-03,18750,19000,18650,18800,7449,0.0
2022-05-04,18900,19000,18200,18400,17688,-0.021276595744680882
2022-05-06,18300,18350,18100,18100,8774,-0.016304347826086918
2022-05-09,18050,18050,17150,17350,16974,-0.04143646408839774
2022-05-10,17150,17450,16600,17450,12164,0.0057636887608070175
2022-05-11,17550,17550,17250,17300,3200,-0.008595988538681931
2022-05-12,17000,17450,16600,16700,10057,-0.034682080924855474
2022-05-13,16850,17000,16450,17000,8049,0.017964071856287456
2022-05-16,17000,17150,16850,17000,4911,0.0
2022-05-17,17150,19750,17150,17700,331948,0.04117647058823537
2022-05-18,17500,17950,17350,17950,30706,0.01412429378531077
2022-05-19,17400,17850,16950,17500,13689,-0.02506963788300831
2022-05-20,17300,17800,17300,17500,5318,0.0
2022-05-23,17500,17750,17300,17350,5331,-0.008571428571428563
2022-05-24,17400,17500,17050,17150,10651,-0.011527377521613813
2022-05-25,17150,17400,16950,17150,9830,0.0
2022-05-26,17150,17450,17000,17150,10169,0.0
2022-05-27,17150,17300,17100,17200,3491,0.00291545189504383
2022-05-30,17400,17400,17050,17200,4075,0.0
2022-05-31,17300,17650,17050,17350,8760,0.008720930232558155
2022-06-02,17400,17500,17150,17200,6006,-0.008645533141210415
2022-06-03,17250,17450,17100,17250,4314,0.0029069767441860517
2022-06-07,17250,17300,16900,17100,8063,-0.008695652173912993
2022-06-08,17150,17150,16850,17100,3937,0.0
2022-06-09,16900,17100,16650,16900,11845,-0.011695906432748537
2022-06-10,16900,17050,16650,16850,8377,-0.00295857988165682
2022-06-13,16600,16600,15700,15900,13813,-0.05637982195845692
2022-06-14,15300,15950,15300,15650,8906,-0.01572327044025157
2022-06-15,15650,15650,14800,15100,15218,-0.03514376996805113
2022-06-16,15150,17000,15150,15650,45313,0.036423841059602724
2022-06-17,15150,15600,15100,15550,9018,-0.006389776357827448
2022-06-20,15400,15650,14750,14850,9072,-0.045016077170418
2022-06-21,14950,15200,14900,15200,3450,0.023569023569023573
2022-06-22,15200,15400,14150,14500,11589,-0.046052631578947345
2022-06-23,14200,14650,13600,13950,10677,-0.037931034482758585
2022-06-24,13900,14400,13850,14300,5547,0.02508960573476693
2022-06-27,14350,14800,14350,14700,4072,0.027972027972027913
2022-06-28,14700,14800,14300,14600,4648,-0.006802721088435382
2022-06-29,14200,14650,14200,14600,588,0.0
2022-06-30,14650,16750,14350,14950,53496,0.023972602739726012
2022-07-01,14950,15200,14650,14650,5436,-0.02006688963210701
2022-07-04,14650,14750,14050,14300,6888,-0.023890784982935176
2022-07-05,14300,14650,14250,14500,4580,0.013986013986013957
2022-07-06,14350,14600,14250,14250,3667,-0.017241379310344862
2022-07-07,14250,14600,14100,14400,4705,0.010526315789473717
2022-07-08,14400,14900,14350,14600,3604,0.01388888888888884
2022-07-11,14750,14750,14400,14550,2737,-0.003424657534246589
2022-07-12,14550,14600,14050,14200,4069,-0.02405498281786944
2022-07-13,14250,14600,14150,14350,6147,0.010563380281690238
2022-07-14,14350,14500,14200,14450,1627,0.006968641114982521
2022-07-15,14500,14600,13950,14250,5780,-0.01384083044982698
2022-07-18,14400,14750,14300,14600,3392,0.024561403508772006
2022-07-19,14600,15050,14500,15000,2250,0.027397260273972712
2022-07-20,15400,15400,14800,15000,3138,0.0
2022-07-21,14800,15050,14600,14800,3160,-0.013333333333333308
2022-07-22,14650,16100,14650,14850,45601,0.0033783783783782884
2022-07-25,14750,14850,14500,14700,4114,-0.010101010101010055
2022-07-26,14700,14750,14550,14650,4052,-0.003401360544217691
2022-07-27,14600,14700,14500,14650,2764,0.0
2022-07-28,14650,16400,14650,15350,76811,0.04778156996587035
2022-07-29,15400,15650,15050,15500,4706,0.009771986970684043
2022-08-01,15750,15750,15100,15300,5728,-0.012903225806451646
2022-08-02,15500,15500,15100,15400,1611,0.006535947712418277
2022-08-03,15400,15500,15250,15300,2423,-0.00649350649350644
2022-08-04,15250,15600,15200,15200,2441,-0.006535947712418277
2022-08-05,15200,15850,15200,15600,9010,0.026315789473684292
2022-08-08,15300,15600,15300,15400,1882,-0.012820512820512775
2022-08-09,15300,15550,15300,15400,3366,0.0
2022-08-10,15350,16000,15150,15400,15120,0.0
2022-08-11,15450,16250,15400,16000,14707,0.03896103896103886
2022-08-12,16100,16100,15750,15850,2433,-0.009375000000000022
2022-08-16,15750,16150,15750,15900,2418,0.003154574132492094
2022-08-17,16600,16900,15700,15750,32838,-0.009433962264150941
2022-08-18,15650,16150,15500,15800,5951,0.0031746031746031633
2022-08-19,16000,16000,15500,15600,3385,-0.012658227848101222
2022-08-22,15450,15500,15100,15100,7298,-0.03205128205128205
2022-08-23,15100,15250,14800,15150,4114,0.0033112582781456013
2022-08-24,15200,15250,14850,15200,3142,0.0033003300330032292
2022-08-25,15050,15700,15050,15200,3243,0.0
2022-08-26,15250,15400,15100,15150,2996,-0.003289473684210509
2022-08-29,14800,14850,14450,14600,3616,-0.0363036303630363
2022-08-30,14600,14800,14600,14600,3695,0.0
2022-08-31,14650,14900,14500,14850,1835,0.017123287671232834
2022-09-01,14750,14800,14600,14700,1969,-0.010101010101010055
2022-09-02,14750,14750,14300,14500,4849,-0.013605442176870763
2022-09-05,14550,14550,14100,14300,2425,-0.01379310344827589
2022-09-06,14400,14450,14000,14350,2861,0.0034965034965035446
2022-09-07,14250,14350,13800,13850,5000,-0.03484320557491294
2022-09-08,13900,14200,13750,14150,2568,0.02166064981949467
2022-09-13,14250,14450,14150,14450,3846,0.021201413427561766
2022-09-14,13650,14200,13650,14200,4417,-0.01730103806228378
2022-09-15,14250,14350,14000,14200,830,0.0
2022-09-16,14150,14200,13850,14150,1775,-0.0035211267605633756
2022-09-19,14200,14200,13500,13850,3427,-0.021201413427561877
2022-09-20,13900,14000,13550,13900,1240,0.0036101083032491488
2022-09-21,13900,14150,13700,13800,2525,-0.007194244604316502
2022-09-22,13800,13800,13500,13600,982,-0.01449275362318836
2022-09-23,13650,13850,13300,13300,1804,-0.022058823529411797
2022-09-26,13050,13250,12400,12600,3038,-0.052631578947368474
2022-09-27,12600,12650,11850,12300,4677,-0.023809523809523836
2022-09-28,12250,12300,11700,11950,5017,-0.028455284552845517
2022-09-29,11950,12500,11500,12050,6630,0.008368200836819994
2022-09-30,11800,12100,11600,12100,3142,0.004149377593360981
2022-10-04,12050,12500,12050,12350,3256,0.02066115702479343
2022-10-05,12500,12600,12200,12300,1525,-0.004048582995951455
2022-10-06,12300,13050,12200,12900,7524,0.04878048780487809
2022-10-07,12700,12850,12500,12750,2033,-0.011627906976744207
2022-10-11,13000,16550,12800,16550,675370,0.29803921568627456
2022-10-12,18000,19900,14500,16800,1594954,0.015105740181268867
2022-10-13,15800,16350,14200,14500,207764,-0.13690476190476186
2022-10-14,14700,15900,13900,14250,150905,-0.017241379310344862
2022-10-17,14050,14350,13500,13700,71722,-0.038596491228070184
2022-10-18,13750,14250,13300,14000,73621,0.021897810218978186
2022-10-19,14400,14450,13300,13300,62977,-0.050000000000000044
2022-10-20,13200,13350,12850,12900,31862,-0.03007518796992481
2022-10-21,12800,13050,12500,12550,28034,-0.027131782945736482
2022-10-24,12800,13100,12500,12650,28253,0.007968127490039834
2022-10-25,12800,13450,12600,12950,31535,0.02371541501976293
2022-10-26,13550,14750,13200,14200,233931,0.09652509652509655
2022-10-27,13850,14100,13500,13650,58616,-0.03873239436619713
2022-10-28,13600,13750,12950,13000,32674,-0.04761904761904767
2022-10-31,13250,13350,12800,13000,11261,0.0
2022-11-01,13000,13650,13000,13300,18695,0.023076923076922995
2022-11-02,13250,13450,13050,13250,10768,-0.003759398496240629
2022-11-03,13150,13250,12750,13050,11411,-0.015094339622641506
2022-11-04,13100,13100,12650,12900,10137,-0.011494252873563204
2022-11-07,12900,13200,12800,13150,5116,0.019379844961240345
2022-11-08,13250,13450,13100,13400,10523,0.019011406844106515
2022-11-09,13400,13500,13100,13350,6359,-0.003731343283582045
2022-11-10,13250,13800,13150,13650,6901,0.022471910112359605
2022-11-11,13850,13900,13400,13750,16654,0.0073260073260073
2022-11-14,13800,13950,13300,13300,14988,-0.032727272727272716
2022-11-15,13400,13650,13250,13600,6498,0.022556390977443552
2022-11-16,13700,13700,13300,13400,5947,-0.014705882352941124
2022-11-17,13450,13500,13050,13350,6809,-0.003731343283582045
2022-11-18,13350,13400,13050,13100,3830,-0.01872659176029967
2022-11-21,13100,13100,12800,12850,4085,-0.01908396946564883
2022-11-22,12900,13100,12750,12950,5026,0.0077821011673151474
2022-11-23,13000,13250,12800,12900,3915,-0.0038610038610038533
2022-11-24,12900,13350,12700,13150,5177,0.019379844961240345
2022-11-25,13050,13250,12900,13100,3417,-0.0038022813688213253
2022-11-28,12950,13150,12900,12950,4075,-0.011450381679389277
2022-11-29,13000,13100,12900,13050,1729,0.007722007722007707
2022-11-30,13050,13300,12900,13050,2265,0.0
2022-12-01,13250,14500,13050,13850,58829,0.06130268199233724
2022-12-02,13700,13850,13200,13200,20586,-0.04693140794223827
2022-12-05,13300,13900,13300,13550,17713,0.026515151515151603
2022-12-06,13600,13800,13500,13500,6120,-0.0036900369003689537
2022-12-07,13450,13550,13200,13350,8268,-0.011111111111111072
2022-12-08,13300,13450,13150,13150,5951,-0.014981273408239737
2022-12-09,13200,13350,13000,13250,5192,0.0076045627376426506
2022-12-12,13250,13650,13100,13500,4869,0.018867924528301883
2022-12-13,13400,13850,13400,13650,7266,0.011111111111111072
2022-12-14,13850,13950,13500,13500,10152,-0.01098901098901095
2022-12-15,13500,13700,13400,13550,2806,0.0037037037037037646
2022-12-16,13300,13650,13200,13250,6861,-0.022140221402214055
2022-12-19,13300,13350,13150,13350,1439,0.007547169811320753
2022-12-20,13350,13400,13000,13000,3904,-0.02621722846441943
2022-12-21,13150,13150,12950,13000,2380,0.0
2022-12-22,13100,13150,12950,13050,1947,0.0038461538461538325
2022-12-23,13150,13150,12850,13000,4252,-0.003831417624521105
2022-12-26,13000,13000,12750,12900,2241,-0.007692307692307665
2022-12-27,13050,13350,12950,13000,4809,0.007751937984496138
2022-12-28,13100,13100,12800,12950,3258,-0.0038461538461538325
2022-12-29,13000,13000,12550,12800,3843,-0.01158301158301156
2023-01-02,12850,12950,12350,12350,3549,-0.03515625
2023-01-03,12350,12550,12050,12400,5588,0.004048582995951344
2023-01-04,12250,12900,12250,12900,3152,0.040322580645161255
2023-01-05,12900,13350,12600,13200,11304,0.023255813953488413
2023-01-06,13150,13600,12950,13200,13424,0.0
2023-01-09,13300,13400,13150,13300,2151,0.007575757575757569
2023-01-10,13500,13500,13250,13350,511,0.003759398496240518
2023-01-11,13350,13500,13150,13350,1976,0.0
2023-01-12,13250,13400,13150,13350,2701,0.0
2023-01-13,13400,13950,13300,13650,19559,0.022471910112359605
2023-01-16,13700,14700,13650,14050,35460,0.0293040293040292
2023-01-17,14150,14200,13400,13700,15706,-0.02491103202846978
2023-01-18,13650,13750,13300,13550,5602,-0.010948905109489093
2023-01-19,13600,13600,13350,13550,2463,0.0
2023-01-20,13650,13700,13250,13300,2996,-0.01845018450184499
2023-01-25,13500,13500,13250,13440,3749,0.010526315789473717
2023-01-26,13430,13430,13300,13420,1429,-0.0014880952380952328
2023-01-27,13420,13700,13420,13650,4878,0.01713859910581217
2023-01-30,13780,14210,13600,13890,27459,0.01758241758241752
2023-01-31,13950,14500,13730,13840,3161,-0.003599712023038104
2023-02-01,13900,13900,13610,13640,6541,-0.014450867052023142
2023-02-02,13600,13860,13600,13680,3496,0.0029325513196480912
2023-02-03,13680,13840,13600,13720,3062,0.0029239766081872176
2023-02-06,13800,13800,13430,13540,5230,-0.013119533527696792
2023-02-07,13670,13790,13410,13670,5893,0.009601181683899451
2023-02-08,13750,14100,13650,14050,7531,0.027798098024871987
2023-02-09,14300,14840,14010,14600,33031,0.039145907473309594
2023-02-10,14500,18980,14500,15700,894296,0.07534246575342474
2023-02-13,15120,15360,14810,14810,127507,-0.05668789808917196
2023-02-14,15040,15200,14400,14810,67934,0.0
2023-02-15,14720,14720,14210,14440,29086,-0.024983119513842023
2023-02-16,14300,14780,14300,14780,21387,0.023545706371191244
2023-02-17,14000,14230,13260,13320,128208,-0.0987821380243572
2023-02-20,13320,13690,13000,13450,37404,0.009759759759759845
2023-02-21,13460,13710,13350,13640,31607,0.014126394052044633
2023-02-22,13600,13600,13300,13310,18893,-0.024193548387096753
2023-02-23,13350,13590,13220,13240,15276,-0.005259203606311047
2023-02-24,13270,13400,13120,13190,9270,-0.003776435045317217
2023-02-27,13110,13180,12980,13010,10421,-0.013646702047005355
2023-02-28,13100,13120,12910,13010,13697,0.0
2023-03-02,12970,13740,12900,13080,42286,0.005380476556495095
2023-03-03,13150,13480,13070,13400,12362,0.024464831804281273
2023-03-06,13400,13700,13180,13540,24407,0.010447761194029903
2023-03-07,13620,13660,13260,13440,11417,-0.00738552437223039
2023-03-08,13400,13400,13160,13160,6992,-0.02083333333333337
2023-03-09,13160,13280,13060,13090,6900,-0.005319148936170248
2023-03-10,13060,13280,12920,12930,6608,-0.012223071046600475
2023-03-13,12920,12920,12500,12630,16782,-0.023201856148491906
2023-03-14,12630,12630,11900,11900,16098,-0.05779889152810769
2023-03-15,12110,12480,11980,12100,7826,0.01680672268907557
2023-03-16,12190,12200,11920,12100,7055,0.0
2023-03-17,12200,12470,12090,12190,3291,0.007438016528925617
2023-03-20,12190,12350,12000,12050,11218,-0.011484823625922846
2023-03-21,12060,12180,11900,12000,5132,-0.004149377593360981
2023-03-22,12010,12050,11700,11790,11516,-0.01749999999999996
2023-03-23,11720,11770,11500,11600,8404,-0.016115351993214566
2023-03-24,11600,12370,11600,11960,9636,0.03103448275862064
2023-03-27,11960,12000,11740,12000,5879,0.0033444816053511683
2023-03-28,12090,12100,11850,12020,1897,0.0016666666666667052
2023-03-29,12020,12600,11940,12130,10490,0.009151414309484185
2023-03-30,12400,12610,12080,12350,9850,0.01813685078318228
2023-03-31,12240,12350,11600,12180,7296,-0.013765182186234792
2023-04-03,12100,12310,11920,12180,3093,0.0
2023-04-04,12110,12290,12040,12060,3886,-0.009852216748768461
2023-04-05,12060,12530,12000,12320,11785,0.021558872305140975
2023-04-06,12320,12900,12110,12540,32218,0.017857142857142794
2023-04-07,12540,12680,12450,12560,4046,0.0015948963317384823
2023-04-10,12570,12630,12180,12190,9292,-0.02945859872611467
2023-04-11,12190,12380,11950,12160,4499,-0.0024610336341263084
2023-04-12,12160,12190,12020,12160,8055,0.0
2023-04-13,12160,12280,12050,12160,5839,0.0
2023-04-14,12280,12280,12120,12180,2953,0.00164473684210531
2023-04-17,12180,12190,12070,12100,4824,-0.006568144499178974
2023-04-18,12100,12160,11900,12130,5293,0.0024793388429751317
2023-04-19,12090,12100,11900,12000,9322,-0.010717230008243983
2023-04-20,11980,12010,11830,11930,5037,-0.005833333333333357
2023-04-21,11830,11970,11690,11740,6843,-0.0159262363788768
2023-04-24,11670,11710,11450,11480,11833,-0.022146507666098825
2023-04-25,11480,11560,11230,11350,4448,-0.011324041811846652
2023-04-26,11270,11540,11170,11300,6725,-0.004405286343612369
2023-04-27,11250,11380,11210,11290,8428,-0.0008849557522123686
2023-04-28,11300,11500,11260,11370,5063,0.007085916740478204
2023-05-02,11530,11530,11350,11490,2222,0.01055408970976246
2023-05-03,11460,11710,11310,11520,5311,0.0026109660574411553
2023-05-04,11440,11630,11360,11520,3252,0.0
2023-05-08,11590,11590,11400,11400,4476,-0.01041666666666663
2023-05-09,11470,11470,11270,11400,3214,0.0
2023-05-10,11410,11420,11330,11350,2083,-0.004385964912280715
2023-05-11,11350,11430,11340,11390,2657,0.0035242290748898064
2023-05-12,11420,11430,11200,11230,4065,-0.014047410008779626
2023-05-15,11270,11270,11000,11040,3651,-0.016918967052537814
2023-05-16,11050,11140,11040,11080,3481,0.0036231884057971175
2023-05-17,11070,11190,11070,11180,1424,0.00902527075812265
2023-05-18,11180,11270,11160,11270,1452,0.00805008944543828
2023-05-19,11270,11470,11160,11400,4000,0.011535048802129522
2023-05-22,11460,11830,11330,11650,7080,0.021929824561403466
2023-05-23,11640,11770,11470,11480,3548,-0.014592274678111639
2023-05-24,11450,11900,11360,11890,6169,0.03571428571428581
2023-05-25,11890,12400,11510,11810,16087,-0.006728343145500415
2023-05-26,11810,11900,11590,11650,3216,-0.013547840812870415
2023-05-30,11650,11660,11420,11570,1675,-0.006866952789699621
2023-05-31,11600,11650,11400,11470,3232,-0.008643042350907515
2023-06-01,11490,11500,11370,11490,1846,0.0017436791630340842
2023-06-02,11490,11500,11310,11400,2793,-0.007832898172323799
2023-06-05,11490,11490,11310,11430,1798,0.002631578947368318
2023-06-07,11480,11650,11380,11600,6062,0.014873140857392775
2023-06-08,11620,11620,11370,11470,2471,-0.011206896551724133
2023-06-09,11300,11470,11300,11440,1484,-0.0026155187445510153
2023-06-12,11450,11450,11220,11260,2517,-0.01573426573426573
2023-06-13,11260,11380,11200,11250,1890,-0.000888099467140302
2023-06-14,11250,11250,10990,11030,8315,-0.019555555555555548
2023-06-15,11040,11210,10920,10950,2281,-0.0072529465095194645
2023-06-16,11050,11200,10980,11150,2150,0.0182648401826484
2023-06-19,11140,11190,11010,11090,6597,-0.0053811659192825045
2023-06-20,11090,11170,10730,11130,3312,0.0036068530207393756
2023-06-21,11160,11160,10910,11100,2346,-0.0026954177897574594
2023-06-22,11090,11090,10700,10800,11698,-0.027027027027026973
2023-06-23,10800,10990,10510,10700,7203,-0.0092592592592593
2023-06-26,10690,10690,10550,10650,1455,-0.004672897196261627
2023-06-27,10630,10790,10600,10700,1324,0.0046948356807512415
2023-06-28,10790,10940,10640,10660,1928,-0.0037383177570093906
2023-06-29,10770,10770,10150,10590,4654,-0.0065666041275797005
2023-06-30,10580,10580,10350,10470,1823,-0.011331444759206777
2023-07-03,10540,10570,10330,10340,2111,-0.012416427889207271
2023-07-04,10340,10520,10290,10370,2680,0.0029013539651836506
2023-07-05,10370,10510,10160,10180,2629,-0.018322082931533257
2023-07-06,10160,10290,9980,10150,4932,-0.0029469548133594925
2023-07-07,10080,10210,10000,10090,2060,-0.005911330049261032
2023-07-10,10080,10140,9950,10090,1191,0.0
2023-07-11,10110,10230,10070,10090,560,0.0
2023-07-12,10130,10270,10090,10090,1015,0.0
2023-07-13,10150,10350,10090,10290,2658,0.019821605550049526
2023-07-14,10200,10920,10200,10700,14696,0.03984450923226435
2023-07-17,10700,10910,10400,10400,4209,-0.028037383177570097
2023-07-18,10520,10520,10110,10230,2745,-0.0163461538461539
2023-07-19,10110,10230,9920,10080,5435,-0.014662756598240456
2023-07-20,10070,10070,9820,9980,5029,-0.009920634920634885
2023-07-21,9970,9970,9760,9760,8355,-0.022044088176352727
2023-07-24,9760,9760,9380,9430,5252,-0.03381147540983609
2023-07-25,9420,9420,9150,9270,4731,-0.016967126193001114
2023-07-26,9100,9240,8790,9100,9029,-0.01833872707659112
2023-07-27,9010,9240,9010,9240,2148,0.01538461538461533
2023-07-28,9220,9650,9170,9300,1367,0.006493506493506551
2023-07-31,9440,9600,9360,9520,1784,0.023655913978494647
2023-08-01,9590,9590,9420,9540,1037,0.0021008403361344463
2023-08-02,9590,9930,9500,9690,9083,0.01572327044025168
2023-08-03,9800,9800,9300,9660,3938,-0.003095975232198178
2023-08-04,9660,9750,9300,9640,2154,-0.0020703933747412417
2023-08-07,9610,9750,9520,9660,757,0.0020746887966804906
2023-08-08,9680,9890,9580,9590,2030,-0.007246376811594235
2023-08-09,9790,9790,9450,9590,1145,0.0
2023-08-10,9700,9700,9460,9620,1183,0.0031282586027112647
2023-08-11,9620,9700,9210,9590,6976,-0.0031185031185031464
2023-08-14,9680,9680,9250,9250,1858,-0.035453597497393075
2023-08-16,9360,9360,8960,8960,6091,-0.031351351351351364
2023-08-17,8900,8960,8710,8800,5494,-0.017857142857142905
2023-08-18,8800,8960,8730,8730,2405,-0.007954545454545436
2023-08-21,8690,8920,8690,8860,1415,0.014891179839633395
2023-08-22,8910,8910,8570,8570,3687,-0.03273137697516926
2023-08-23,8730,8800,8640,8700,1129,0.015169194865811031
2023-08-24,8800,8800,8570,8580,1294,-0.01379310344827589
2023-08-25,8580,8730,8550,8730,1362,0.0174825174825175
2023-08-28,8730,9400,8570,9290,4576,0.06414662084765177
2023-08-29,9330,9360,9070,9200,2994,-0.009687836383207804
2023-08-30,9200,9330,9170,9210,424,0.0010869565217390686
2023-08-31,9210,9220,9010,9030,2952,-0.019543973941368087
2023-09-01,9090,9190,9040,9040,524,0.001107419712070845
2023-09-04,9090,9100,9010,9040,474,0.0
2023-09-05,9080,9080,8970,9070,1411,0.0033185840707965486
2023-09-06,9040,9190,9040,9170,1618,0.011025358324145529
2023-09-07,9180,9180,9100,9180,1276,0.0010905125408942062
2023-09-08,9150,9300,9090,9240,1558,0.006535947712418277
2023-09-11,9230,9230,9110,9170,237,-0.007575757575757569
2023-09-12,9150,9170,9000,9130,1489,-0.004362050163576936
2023-09-13,9080,9120,8940,9020,1129,-0.012048192771084376
2023-09-14,9020,9030,8960,9020,348,0.0
2023-09-15,9060,9360,9020,9300,3620,0.03104212860310418
2023-09-18,9280,9330,9260,9270,1997,-0.003225806451612856
2023-09-19,9270,9280,9180,9240,3341,-0.003236245954692518
2023-09-20,9220,9230,9070,9150,910,-0.009740259740259716
2023-09-21,9120,9150,8680,8730,5636,-0.04590163934426228
2023-09-22,8630,8950,8630,8800,715,0.008018327605956443
2023-09-25,9000,9010,8700,8800,821,0.0
2023-09-26,8650,9000,8650,8890,347,0.010227272727272751
2023-09-27,8890,8920,8600,8790,3278,-0.011248593925759276
2023-10-04,8730,8830,8600,8830,1177,0.004550625711035261
2023-10-05,8830,8830,8650,8780,244,-0.005662514156285381
2023-10-06,8780,8820,8750,8800,21292,0.002277904328018332
2023-10-10,8820,8850,8600,8630,893,-0.01931818181818179
2023-10-11,8630,8670,8550,8630,1076,0.0
2023-10-12,8670,8870,8630,8630,1448,0.0
2023-10-13,8750,8750,8550,8600,875,-0.0034762456546929554
2023-10-16,8700,8700,8270,8300,1135,-0.03488372093023251
2023-10-17,8300,8700,8300,8650,420,0.04216867469879526
2023-10-18,8650,8690,8620,8690,902,0.0046242774566473965
2023-10-19,8680,8680,8590,8630,42,-0.0069044879171461515
2023-10-20,8680,8680,8300,8370,494,-0.030127462340672095
2023-10-23,8540,8540,7910,7910,6198,-0.054958183990442055
2023-10-24,8110,8310,7750,8260,5157,0.04424778761061954
2023-10-25,8260,8310,8140,8290,401,0.00363196125907983
2023-10-26,8290,8290,7910,7920,3270,-0.04463208685162845
2023-10-27,7940,8260,7880,7880,2472,-0.005050505050505083
2023-10-30,7920,8090,7810,8080,3964,0.025380710659898442
2023-10-31,8070,8080,7880,7880,756,-0.024752475247524774
2023-11-01,7900,8050,7770,7770,3032,-0.013959390862944177
2023-11-02,7770,8100,7770,7770,7006,0.0
2023-11-03,7890,7900,7760,7810,4490,0.005148005148005064
2023-11-06,7820,8400,7800,8200,4098,0.049935979513444195
2023-11-07,8200,8200,7900,7910,5047,-0.03536585365853662
2023-11-08,7990,8090,7900,7900,1816,-0.0012642225031606058
2023-11-09,7900,7900,7800,7810,2743,-0.011392405063291089
2023-11-10,7810,8200,7750,8000,7019,0.02432778489116516
2023-11-13,8000,8070,7960,8050,2760,0.006250000000000089
2023-11-14,8050,8140,7950,8050,3151,0.0
2023-11-15,8100,8180,8090,8150,1304,0.012422360248447228
2023-11-16,8180,8180,8000,8000,1674,-0.018404907975460127
2023-11-17,8010,8180,7980,8150,3872,0.018750000000000044
2023-11-20,8150,8870,8150,8870,10768,0.08834355828220852
2023-11-21,8990,9140,8600,8840,10509,-0.0033821871476887866
2023-11-22,8830,10500,8830,9830,80631,0.11199095022624439
2023-11-23,9830,9950,9450,9650,14817,-0.01831129196337744
2023-11-24,9650,9730,9310,9660,4337,0.0010362694300518616
2023-11-27,9660,9660,9100,9160,11839,-0.051759834368530044
2023-11-28,9190,9350,8790,8900,18317,-0.028384279475982543
2023-11-29,8890,8890,8600,8790,8332,-0.012359550561797716
2023-11-30,8740,9450,8710,9250,19247,0.05233219567690561
2023-12-01,9630,9730,9100,9350,17124,0.0108108108108107
2023-12-04,9410,10080,9410,9540,33926,0.02032085561497321
2023-12-05,9440,9850,9100,9380,13847,-0.016771488469601636
2023-12-06,9390,9410,9150,9380,9254,0.0
2023-12-07,9380,9850,9180,9540,13461,0.017057569296375252
2023-12-08,9530,10240,9530,10240,42395,0.0733752620545074
2023-12-11,12430,13000,10720,11000,667891,0.07421875
2023-12-12,10500,10580,9800,10150,100001,-0.07727272727272727
2023-12-13,10000,10150,9620,9700,39503,-0.044334975369458074
2023-12-14,9890,9890,9210,9470,24358,-0.023711340206185594
2023-12-15,9420,10040,9270,9950,27510,0.05068637803590281
2023-12-18,10000,10300,9750,9760,17801,-0.019095477386934623
2023-12-19,9740,9930,9600,9830,6157,0.0071721311475410054
2023-12-20,9830,9910,9540,9550,12251,-0.028484231943031513
2023-12-21,9350,9920,9170,9740,27186,0.019895287958115127
2023-12-22,10460,10460,9410,9570,18089,-0.017453798767967155
2023-12-26,9570,9570,9170,9390,7632,-0.018808777429467072
2023-12-27,9340,9340,8950,8950,12382,-0.04685835995740151
2023-12-28,8990,9380,8950,9070,12015,0.013407821229050265
2024-01-02,9110,9450,9010,9090,11241,0.0022050716648291946
2024-01-03,9080,9160,8790,8930,11375,-0.017601760176017556
2024-01-04,8920,9110,8860,9100,6491,0.01903695408734607
2024-01-05,9040,9430,9040,9240,21813,0.01538461538461533
2024-01-08,9240,9300,9020,9030,8812,-0.022727272727272707
2024-01-09,9030,9130,9010,9120,10914,0.009966777408637828
2024-01-10,9110,9160,8990,8990,8713,-0.014254385964912242
2024-01-11,8990,9050,8960,9000,2791,0.0011123470522802492
2024-01-12,9000,9000,8840,8910,6331,-0.010000000000000009
2024-01-15,8900,9100,8830,8840,6352,-0.007856341189674487
2024-01-16,8880,8880,8680,8790,6028,-0.005656108597285048
2024-01-17,8790,8810,8540,8570,3115,-0.025028441410693936
2024-01-18,8460,8730,8450,8740,4687,0.019836639439906545
2024-01-19,8740,8850,8510,8520,3894,-0.02517162471395884
2024-01-22,8500,8710,8500,8660,1420,0.016431924882629012
2024-01-23,8710,8710,8600,8670,736,0.0011547344110853786
2024-01-24,8700,8850,8550,8670,2281,0.0
2024-01-25,8650,8650,8490,8650,1808,-0.0023068050749711633
2024-01-26,8650,8970,8620,8840,7525,0.021965317919075078
2024-01-29,8910,8950,8670,8830,5467,-0.0011312217194570096
2024-01-30,8660,9340,8660,9140,16829,0.035107587768969495
2024-01-31,9140,9560,9140,9430,24259,0.03172866520787743
2024-02-01,9430,9950,9350,9910,32435,0.05090137857900312
2024-02-02,10000,10250,9550,9810,13945,-0.010090817356205872
2024-02-05,9850,10100,9650,9800,7945,-0.0010193679918450993
2024-02-06,9950,9950,9550,9650,5472,-0.015306122448979553
2024-02-07,9630,9650,9410,9410,4119,-0.024870466321243567
2024-02-08,9410,9590,9410,9520,1229,0.011689691817215797
2024-02-13,9520,9750,9500,9520,4754,0.0
2024-02-14,9580,9580,9480,9530,815,0.0010504201680672232
2024-02-15,9590,9590,9460,9530,801,0.0
2024-02-16,9590,9590,9480,9570,1222,0.0041972717733473885
2024-02-19,9570,9660,9490,9660,4128,0.00940438871473348
2024-02-20,9660,9780,9580,9700,3827,0.0041407867494824835
2024-02-21,9880,9880,9570,9780,3657,0.008247422680412342
2024-02-22,9780,9850,9600,9610,3338,-0.017382413087934534
2024-02-23,9640,9790,9600,9610,6196,0.0
2024-02-26,9590,9630,9350,9470,3747,-0.014568158168574374
2024-02-27,9360,9450,9090,9300,4773,-0.017951425554382228
2024-02-28,9280,9380,9220,9260,347,-0.004301075268817178
2024-02-29,9270,9270,9000,9000,3321,-0.02807775377969768
2024-03-04,9000,9070,8740,8740,11154,-0.028888888888888853
2024-03-05,8750,8830,8720,8720,1699,-0.0022883295194507935
2024-03-06,8720,8800,8620,8700,315,-0.002293577981651418
2024-03-07,8800,8800,8500,8610,3542,-0.010344827586206917
2024-03-08,8610,8820,8610,8780,2063,0.019744483159117365
2024-03-11,8780,8800,8610,8710,783,-0.007972665148063829
2024-03-12,8750,8830,8670,8710,1926,0.0
2024-03-13,8710,8800,8640,8800,1613,0.010332950631458004
2024-03-14,8770,8840,8560,8650,4857,-0.017045454545454586
2024-03-15,8700,8700,8450,8540,5181,-0.012716763005780396
2024-03-18,8700,8990,8600,8860,5206,0.0374707259953162
2024-03-19,8850,8850,8730,8770,770,-0.010158013544018019
2024-03-20,8800,8980,8770,8870,2431,0.011402508551881407
2024-03-21,8900,9380,8900,9130,4335,0.02931228861330326
2024-03-22,9200,9330,9070,9230,1084,0.010952902519167473
2024-03-25,9170,9300,9100,9160,1150,-0.007583965330444253
2024-03-26,9140,9340,8540,8610,24305,-0.06004366812227069
2024-03-27,8800,8900,8610,8730,1656,0.013937282229965264
2024-03-28,8680,8940,8510,8550,2956,-0.020618556701030966
2024-03-29,8540,8590,8430,8500,2890,-0.005847953216374324
2024-04-01,8600,8750,8510,8570,2040,0.008235294117647118
2024-04-02,8460,8650,8460,8630,1868,0.007001166861143604
2024-04-03,8630,8930,8550,8870,4050,0.02780996523754342
2024-04-04,8900,8930,8760,8810,1114,-0.006764374295377684
2024-04-05,8810,8910,8760,8880,926,0.007945516458569779
2024-04-08,8920,8920,8680,8680,1245,-0.022522522522522515
2024-04-09,8740,8770,8480,8670,1715,-0.0011520737327188613
2024-04-11,8700,8720,8520,8680,509,0.0011534025374855261
2024-04-12,8700,8740,8540,8680,2795,0.0
2024-04-15,8670,8730,8550,8550,422,-0.01497695852534564
2024-04-16,8350,8590,8310,8430,3139,-0.01403508771929829
2024-04-17,8520,8650,8490,8490,1750,0.007117437722419906
2024-04-18,8550,8570,8390,8420,1261,-0.00824499411071844
2024-04-19,8530,8530,8180,8210,6665,-0.02494061757719712
2024-04-22,8260,8270,8140,8150,2005,-0.0073081607795371095
2024-04-23,8330,8330,8160,8230,229,0.009815950920245342
2024-04-24,8300,8450,8210,8240,1006,0.0012150668286756705
2024-04-25,8300,8300,8070,8070,4276,-0.020631067961165095
2024-04-26,8200,8200,7980,8190,3144,0.014869888475836479
2024-04-29,8250,8380,8150,8160,1450,-0.00366300366300365
2024-04-30,8330,8330,8110,8160,933,0.0
2024-05-02,8300,9440,8240,8780,97919,0.0759803921568627
2024-05-03,8820,8820,8470,8520,6574,-0.029612756264236872
2024-05-07,8580,8700,8450,8650,3211,0.015258215962441257
2024-05-08,8600,8700,8500,8690,2759,0.0046242774566473965
2024-05-09,8710,8950,8550,8580,2433,-0.012658227848101222
2024-05-10,8580,8800,8550,8670,438,0.010489510489510412
2024-05-13,8670,8670,8350,8500,6097,-0.019607843137254943
2024-05-14,8420,8500,8310,8390,6172,-0.012941176470588234
2024-05-16,8490,8490,8370,8380,1257,-0.0011918951132300348
2024-05-17,8430,8500,8230,8500,473,0.014319809069212486
2024-05-20,8500,8500,8310,8430,694,-0.008235294117647007
2024-05-21,8490,8490,8350,8450,771,0.0023724792408066353
2024-05-22,8450,8470,8230,8470,979,0.002366863905325367
2024-05-23,8370,8460,8350,8440,538,-0.0035419126328217754
2024-05-24,8460,8460,8230,8240,3139,-0.023696682464455
2024-05-27,8240,8340,8060,8280,487,0.004854368932038833
2024-05-28,8280,8450,8170,8280,1741,0.0
2024-05-29,8320,8370,8100,8310,63,0.0036231884057971175
2024-05-30,8300,8400,8300,8380,20,0.008423586040914532
2024-05-31,8400,8410,8190,8260,974,-0.014319809069212375
2024-06-03,8300,8450,8220,8380,767,0.014527845036319542
2024-06-04,8380,8420,8220,8220,1502,-0.019093078758949833
2024-06-05,8180,8380,8170,8230,1314,0.0012165450121655041
2024-06-07,8240,8240,8130,8210,652,-0.002430133657351119
2024-06-10,8230,8600,8120,8380,1319,0.020706455542021995
2024-06-11,8350,8380,8130,8130,2332,-0.029832935560859197
2024-06-12,8180,8250,8030,8230,2916,0.012300123001230068
2024-06-13,8240,8240,8090,8120,1974,-0.013365735115431376
2024-06-14,8130,8250,8090,8240,1681,0.014778325123152802
2024-06-17,8240,8240,8010,8240,2429,0.0
2024-06-18,8200,8240,8170,8220,62,-0.0024271844660194164
2024-06-19,8200,8230,8150,8220,178,0.0
2024-06-20,8230,8250,8020,8240,2158,0.0024330900243310083
2024-06-21,8230,8240,8080,8100,2223,-0.016990291262135915
2024-06-24,8070,8120,8050,8060,750,-0.004938271604938316
2024-06-25,8060,8180,8050,8060,878,0.0
2024-06-26,8050,8100,8000,8070,869,0.001240694789081953
2024-06-27,8100,8120,8040,8080,100,0.0012391573729864103
2024-06-28,8100,8190,8050,8190,1076,0.013613861386138515
2024-07-01,8180,8180,8060,8060,842,-0.015873015873015928
2024-07-02,8050,8230,8040,8100,3329,0.00496277915632759
2024-07-03,8300,9500,8120,8590,103818,0.060493827160493785
2024-07-04,8580,8750,8350,8540,7127,-0.005820721769499437
2024-07-05,8470,8640,8450,8550,2018,0.0011709601873535203
2024-07-08,8550,8710,8470,8660,2866,0.012865497076023358
2024-07-09,8720,8720,8530,8680,5157,0.002309468822170979
2024-07-10,8740,8750,8640,8720,2495,0.004608294930875667
2024-07-11,8760,9100,8760,8960,7970,0.02752293577981657
2024-07-12,9030,9060,8800,8870,3360,-0.010044642857142905
2024-07-15,8920,8930,8700,8820,2052,-0.005636978579481422
2024-07-16,8830,8830,8650,8770,3429,-0.005668934240362855
2024-07-17,8760,8820,8640,8760,1856,-0.0011402508551880963
2024-07-18,8740,8760,8650,8650,758,-0.01255707762557079
2024-07-19,8700,8700,8500,8620,1541,-0.003468208092485603
2024-07-22,8600,8740,8450,8460,2546,-0.018561484918793503
2024-07-23,8500,8540,8450,8540,259,0.009456264775413725
2024-07-24,8590,8600,8380,8520,3952,-0.0023419203747072626
2024-07-25,8600,8600,8450,8560,472,0.0046948356807512415
2024-07-26,8500,8560,8390,8400,717,-0.01869158878504673
2024-07-29,8490,8700,8380,8380,283,-0.0023809523809523725
2024-07-30,8400,8400,8240,8240,331,-0.01670644391408116
2024-07-31,8230,8700,8230,8470,1169,0.027912621359223344
2024-08-01,8530,8600,8340,8540,444,0.008264462809917328
2024-08-02,8610,8610,8130,8160,2797,-0.04449648711943799
2024-08-05,8170,8170,7680,7810,4872,-0.04289215686274506
2024-08-06,7840,8390,7800,7930,3637,0.015364916773367376
2024-08-07,7970,8250,7890,8140,652,0.02648171500630525
2024-08-08,8140,8200,7990,8050,1864,-0.011056511056511065
2024-08-09,7990,8120,7990,8010,578,-0.004968944099378869
2024-08-12,8000,8080,7970,8050,2500,0.004993757802746579
2024-08-13,8050,8110,8020,8090,183,0.00496894409937898
2024-08-14,8200,8230,8010,8080,315,-0.0012360939431397266
2024-08-16,8080,8230,8050,8080,590,0.0
2024-08-19,8100,8240,8050,8140,1400,0.007425742574257432
2024-08-20,8140,8140,8040,8050,558,-0.011056511056511065
2024-08-21,8040,8040,7960,8020,1393,-0.003726708074534124
2024-08-22,8020,8020,7890,7910,1631,-0.013715710723191998
2024-08-23,7940,8020,7900,8010,182,0.012642225031605614
2024-08-26,8010,8250,7980,7980,922,-0.0037453183520599342
2024-08-27,7980,8020,7970,8000,714,0.0025062656641603454
2024-08-28,8020,8020,7880,7970,702,-0.003750000000000031
2024-08-29,7980,7980,7960,7970,283,0.0
2024-08-30,7980,8000,7940,7980,488,0.0012547051442910462
2024-09-02,7950,7990,7910,7970,1424,-0.0012531328320801727
2024-09-03,7970,7970,7930,7940,88,-0.0037641154328732496
2024-09-04,7930,7930,7680,7740,2030,-0.02518891687657432
2024-09-05,7800,7810,7710,7790,1748,0.006459948320413522
2024-09-06,7800,7800,7600,7600,1167,-0.024390243902439046
2024-09-09,7600,7600,7560,7580,415,-0.0026315789473684292
2024-09-10,7600,7700,7600,7690,117,0.014511873350923521
2024-09-11,7690,7730,7610,7720,319,0.0039011703511053764
2024-09-12,7790,7830,7730,7820,119,0.012953367875647714
2024-09-13,7820,7820,7790,7790,9,-0.0038363171355498826
2024-09-19,7800,7810,7630,7690,284,-0.012836970474967901
2024-09-20,7700,7790,7660,7780,296,0.011703511053315907
2024-09-23,7740,7780,7740,7740,8,-0.005141388174807249
2024-09-24,7800,7860,7770,7860,818,0.015503875968992276
2024-09-25,7850,7890,7820,7820,402,-0.0050890585241730735
2024-09-26,7800,7820,7710,7810,1053,-0.0012787723785165905
2024-09-27,7800,8230,7740,7850,860,0.005121638924455718
2024-09-30,7900,8000,7800,7850,571,0.0
2024-10-02,7900,8000,7850,7850,280,0.0
2024-10-04,7890,7950,7800,7950,317,0.01273885350318471
2024-10-07,8000,8000,7830,7970,760,0.002515723270440251
2024-10-08,7970,7990,7930,7990,136,0.0025094102885820924
2024-10-10,7970,8160,7960,8000,3667,0.0012515644555695093
2024-10-11,8080,8090,7880,7900,947,-0.012499999999999956
2024-10-14,7890,8030,7890,7990,811,0.0113924050632912
2024-10-15,8180,8180,7890,7950,2060,-0.005006257822277815
2024-10-16,7970,8120,7880,8050,4891,0.012578616352201255
2024-10-17,8190,8190,7950,8010,2994,-0.004968944099378869
2024-10-18,8010,8200,7900,7900,2196,-0.013732833957553092
2024-10-21,7980,7980,7900,7900,57,0.0
2024-10-22,7980,8050,7830,7980,5853,0.010126582278481067
2024-10-23,7900,7980,7710,7810,2049,-0.02130325814536338
2024-10-24,7820,7840,7780,7780,334,-0.003841229193341844
2024-10-25,7800,7820,7700,7820,434,0.005141388174807249
2024-10-28,7820,7820,7700,7700,1153,-0.01534526854219953
2024-10-29,7700,7790,7610,7700,1063,0.0
2024-10-30,7700,7730,7630,7660,891,-0.0051948051948051965
2024-10-31,7660,7760,7640,7650,1201,-0.0013054830287205776
2024-11-01,7680,7700,7590,7690,871,0.005228758169934622
2024-11-04,7700,7740,7650,7720,392,0.0039011703511053764
2024-11-05,7720,7770,7640,7640,1421,-0.010362694300518172
2024-11-06,7610,7700,7440,7440,5894,-0.02617801047120416
2024-11-07,7400,7480,7360,7440,1288,0.0
2024-11-08,7410,7480,7410,7470,12,0.0040322580645162365
2024-11-11,7420,7540,7350,7380,2341,-0.012048192771084376
2024-11-12,7330,7330,7140,7170,1894,-0.028455284552845517
2024-11-13,7170,7170,6940,6980,2043,-0.02649930264993028
2024-11-14,6980,7090,6850,6850,1275,-0.01862464183381085
2024-11-15,6860,7000,6770,6960,1220,0.016058394160583855
2024-11-18,6960,7090,6890,7090,674,0.018678160919540332
2024-11-19,7100,7240,6870,7080,919,-0.0014104372355430161
2024-11-20,7080,7080,6810,6860,3008,-0.031073446327683607
2024-11-21,6800,8400,6600,6930,42698,0.010204081632652962
2024-11-22,6930,7140,6820,6900,2845,-0.0043290043290042934
2024-11-25,6900,7030,6900,7020,1674,0.017391304347825987
2024-11-26,7060,7140,6990,7000,1740,-0.002849002849002802
2024-11-27,7100,8200,7000,7130,39428,0.01857142857142846
2024-11-28,7110,7180,7050,7090,1357,-0.005610098176718092
2024-11-29,7100,7110,7000,7060,1119,-0.004231311706629048
2024-12-02,7120,7140,7000,7020,501,-0.005665722379603388
2024-12-03,7020,7110,6940,7050,4037,0.004273504273504258
2024-12-04,7040,7110,7030,7050,467,0.0
2024-12-05,7040,7070,6930,6930,515,-0.017021276595744705
2024-12-06,6920,7000,6650,6850,1862,-0.011544011544011523
2024-12-09,6850,6850,6490,6510,2685,-0.04963503649635037
2024-12-10,6600,6900,6410,6690,4206,0.02764976958525356
2024-12-11,6710,7200,6700,6870,2012,0.026905829596412634
2024-12-12,6920,7120,6860,6970,2055,0.01455604075691408
2024-12-13,6980,7100,6970,7080,1222,0.015781922525107683
2024-12-16,7100,7180,7010,7120,3431,0.005649717514124353
2024-12-17,7120,7180,7060,7070,2480,-0.0070224719101124045
2024-12-18,7060,7080,7010,7070,421,0.0
2024-12-19,7060,7120,7040,7100,409,0.004243281471004279
2024-12-20,7080,7100,7030,7060,191,-0.005633802816901401
2024-12-23,7060,7230,6850,7210,1143,0.021246458923512845
2024-12-24,7180,7540,7130,7280,1786,0.009708737864077666
2024-12-26,7280,7520,7250,7420,1177,0.019230769230769162
2024-12-27,7470,7510,7100,7100,1298,-0.04312668463611857
2024-12-30,7100,7200,7100,7110,156,0.0014084507042253502
2025-01-02,7110,7190,7110,7190,160,0.011251758087201136
2025-01-03,7200,7530,7190,7380,1135,0.026425591098748313
2025-01-06,7370,7510,7300,7340,1292,-0.005420054200542035
2025-01-07,7180,7300,7180,7230,1845,-0.01498637602179842
2025-01-08,7300,7300,7130,7140,1372,-0.012448132780082943
2025-01-09,7140,7160,6960,6990,2327,-0.021008403361344574
2025-01-10,7000,7050,6970,7040,792,0.007153075822603716
2025-01-13,7040,7040,6990,7040,120,0.0
2025-01-14,7040,7100,6940,7030,656,-0.0014204545454545858
2025-01-15,7030,7040,7000,7020,506,-0.0014224751066855834
2025-01-16,7020,7120,7020,7120,2219,0.014245014245014342
2025-01-17,7140,7200,7100,7190,167,0.00983146067415741
2025-01-20,7290,7290,7080,7140,951,-0.006954102920723182
2025-01-21,7140,7190,7070,7130,533,-0.0014005602240896309
2025-01-22,7130,7130,6960,7100,778,-0.0042075736325385416
2025-01-23,7050,7070,6980,7070,852,-0.004225352112676051
2025-01-24,7060,7070,7060,7070,9,0.0
2025-01-31,7060,7060,7040,7050,30,-0.0028288543140028155
2025-02-03,7050,7050,6960,6970,441,-0.01134751773049647
2025-02-04,6980,7060,6980,7060,3116,0.012912482065997155
2025-02-05,7040,7060,7000,7060,738,0.0
2025-02-06,7060,7140,7020,7070,3115,0.0014164305949009304
2025-02-07,7070,7070,6980,7020,1599,-0.007072135785007094
2025-02-10,7030,7030,6950,6980,840,-0.005698005698005715
2025-02-11,7000,7030,6920,6950,1421,-0.004297994269340966
2025-02-12,7020,7480,7010,7100,2680,0.021582733812949728
2025-02-13,7200,7200,7060,7170,472,0.009859154929577452
2025-02-14,7210,7270,7170,7250,1094,0.01115760111576014
2025-02-17,7280,7680,7220,7420,2659,0.02344827586206888
2025-02-18,7510,7510,7350,7390,1881,-0.0040431266846361336
2025-02-19,7560,7560,6850,7270,4455,-0.016238159675236785
2025-02-20,7280,7310,7110,7270,993,0.0
2025-02-21,7290,7290,7170,7170,259,-0.01375515818431916
2025-02-24,7220,7220,7100,7180,292,0.001394700139470073
2025-02-25,7160,7580,7090,7180,2977,0.0
2025-02-26,7220,7400,7150,7200,1556,0.0027855153203342198
2025-02-27,7140,7320,7080,7100,2802,-0.01388888888888884
2025-02-28,7060,7220,6950,7100,3401,0.0
2025-03-04,7110,7200,7020,7060,1020,-0.005633802816901401
2025-03-05,7050,7580,7030,7450,5960,0.055240793201133176
2025-03-06,7440,7440,7180,7180,3051,-0.03624161073825505
2025-03-07,7170,7230,7140,7150,449,-0.004178272980501441
2025-03-10,7150,7190,7090,7180,100,0.00419580419580412
2025-03-11,7170,7170,7030,7080,2231,-0.013927576601671321
2025-03-12,7090,7160,7080,7150,289,0.009887005649717562
2025-03-13,7100,7180,7050,7130,1265,-0.002797202797202747
2025-03-14,7130,7150,7010,7010,833,-0.016830294530154277
2025-03-17,7020,7120,6930,6930,3332,-0.011412268188302432
2025-03-18,7140,7140,6950,7010,675,0.011544011544011523
2025-03-19,7000,7090,7000,7040,1678,0.004279600570613384
2025-03-20,7070,7110,7040,7090,610,0.007102272727272707
2025-03-21,7140,7140,6990,7000,794,-0.012693935119887145
2025-03-24,7040,7090,6930,7090,1889,0.0128571428571429
2025-03-25,7070,7070,6950,7070,472,-0.0028208744710860323
2025-03-26,7080,7090,6960,6960,1927,-0.01555869872701554
2025-03-27,7050,7070,6880,7050,1743,0.012931034482758674
2025-03-28,7030,7040,6880,6900,1744,-0.021276595744680882
2025-03-31,6950,6950,6690,6750,481,-0.021739130434782594
2025-04-01,6800,7010,6700,6800,1765,0.007407407407407307
2025-04-02,6850,6870,6700,6830,239,0.004411764705882337
2025-04-03,6820,6840,6460,6840,3726,0.0014641288433381305
2025-04-04,6850,6850,6720,6750,781,-0.013157894736842146
2025-04-07,6650,6760,6290,6360,12267,-0.05777777777777782
2025-04-08,6390,6400,6250,6360,2685,0.0
2025-04-09,6300,6350,6230,6230,2469,-0.020440251572327095
2025-04-10,6320,6520,6240,6490,1214,0.04173354735152479
2025-04-11,6500,6830,6330,6710,4870,0.03389830508474567
2025-04-14,6740,6840,6660,6720,2074,0.0014903129657228842
2025-04-15,6720,6900,6650,6840,5654,0.017857142857142794
2025-04-16,6810,6840,6700,6820,5298,-0.0029239766081871066
2025-04-17,6830,6870,6750,6870,1710,0.007331378299120228
2025-04-18,6920,6920,6690,6840,4844,-0.004366812227074246
2025-04-21,6800,6850,6680,6690,3329,-0.021929824561403466
2025-04-22,6710,6800,6710,6790,555,0.014947683109117982
2025-04-23,6800,6950,6790,6860,654,0.010309278350515427
2025-04-24,6840,6960,6810,6810,1142,-0.007288629737609353
2025-04-25,6820,7100,6810,6960,5763,0.022026431718061623
2025-04-28,6980,7060,6870,6870,3591,-0.012931034482758674
2025-04-29,6880,7360,6810,7010,11885,0.020378457059679667
2025-04-30,7110,7360,6990,7020,6722,0.0014265335235377208
2025-05-02,7030,7390,7000,7040,7503,0.002849002849002913
2025-05-07,7220,7220,7020,7190,4614,0.02130681818181812
2025-05-08,7090,7350,7090,7120,2554,-0.009735744089012566
2025-05-09,7130,7350,7010,7060,3060,-0.008426966292134797
2025-05-12,7060,7300,6960,7090,4227,0.004249291784702569
2025-05-13,7080,7340,7020,7020,7667,-0.009873060648801113
2025-05-14,7030,7230,6700,6940,5007,-0.01139601139601143
2025-05-15,6930,6970,6890,6900,1145,-0.0057636887608069065
2025-05-16,6910,6970,6880,6960,238,0.008695652173912993
2025-05-19,7050,7130,6920,7090,716,0.018678160919540332
2025-05-20,7080,7200,6970,6980,1370,-0.015514809590973178
2025-05-21,6990,7300,6970,6980,4146,0.0
2025-05-22,6990,7160,6940,7080,905,0.014326647564469885
2025-05-23,7090,7250,6960,6960,4345,-0.016949152542372836
2025-05-26,7000,7300,7000,7190,4071,0.03304597701149414
2025-05-27,7210,7310,7110,7200,3797,0.0013908205841446364
2025-05-28,7250,7320,7130,7300,5133,0.01388888888888884
2025-05-29,7330,7500,7220,7490,6792,0.026027397260274032
2025-05-30,7520,7730,7350,7520,4130,0.004005340453938633
2025-06-02,7530,7690,7330,7420,5535,-0.013297872340425565
2025-06-04,7640,7770,7430,7580,5379,0.02156334231805923
2025-06-05,7670,7670,7430,7490,5178,-0.01187335092348285
2025-06-09,7740,8090,7530,7960,16852,0.06275033377837125
2025-06-10,7970,8480,7720,7950,14756,-0.0012562814070351536
2025-06-11,7940,8260,7790,8160,6871,0.026415094339622636
2025-06-12,8220,8260,8020,8080,7115,-0.009803921568627416
2025-06-13,8090,8210,7650,7720,8207,-0.044554455445544594
2025-06-16,7720,7900,7670,7880,1477,0.020725388601036343
2025-06-17,7900,8050,7870,7870,4333,-0.0012690355329949554
2025-06-18,7810,7890,7700,7840,2039,-0.003811944091486663
2025-06-19,7880,7940,7870,7890,1023,0.0063775510204082675
2025-06-20,7890,7910,7820,7880,826,-0.0012674271229404788
2025-06-23,7890,8000,7670,7780,7898,-0.012690355329949221
2025-06-24,7780,8260,7780,7930,4894,0.019280205655527016
2025-06-25,7920,8030,7870,7990,2755,0.007566204287515754
2025-06-26,8000,8100,7800,7950,3620,-0.005006257822277815
2025-06-27,7960,7960,7810,7890,2255,-0.007547169811320753
2025-06-30,7890,7890,7830,7840,388,-0.006337135614702172
2025-07-01,7850,8000,7850,7880,2108,0.005102040816326481
2025-07-02,7880,8000,7720,7880,2479,0.0
2025-07-03,7880,8000,7860,7860,2042,-0.0025380710659898
2025-07-04,7840,7850,7750,7790,2444,-0.008905852417302795
2025-07-07,7780,7800,7680,7800,1757,0.0012836970474967568
2025-07-08,7790,7830,7690,7790,2202,-0.0012820512820512775
2025-07-09,7800,8180,7790,8180,9322,0.05006418485237485
2025-07-10,8170,8220,7960,8170,6513,-0.0012224938875305957
2025-07-11,8190,8310,8090,8240,1422,0.008567931456548328
2025-07-14,8220,8310,8130,8310,1442,0.008495145631068013
2025-07-15,8190,8420,8170,8290,2683,-0.002406738868832692
2025-07-16,8300,8320,8110,8170,3064,-0.014475271411338975
2025-07-17,8180,8270,8000,8240,7371,0.008567931456548328
2025-07-18,8370,8370,8140,8250,2330,0.0012135922330096527
2025-07-21,8240,8260,8180,8200,521,-0.0060606060606061
2025-07-22,8190,8240,8180,8230,2481,0.003658536585365857
2025-07-23,8220,8230,8050,8080,2060,-0.018226002430133614
2025-07-24,8090,8160,8030,8150,676,0.00866336633663356
2025-07-25,8150,8150,7970,7990,3587,-0.019631901840490795
2025-07-28,7990,7990,7670,7760,3055,-0.028785982478097605
2025-07-29,7670,7770,7570,7710,2886,-0.006443298969072142
2025-07-30,7710,7720,7640,7640,752,-0.009079118028534339
2025-07-31,7690,7700,7570,7660,2076,0.002617801047120505
2025-08-01,7650,7650,7490,7560,1093,-0.01305483028720622
2025-08-04,7560,7570,7490,7560,414,0.0
2025-08-05,7550,7900,7510,7660,2733,0.013227513227513255
2025-08-06,7650,7670,7520,7660,2159,0.0
2025-08-07,7500,7700,7500,7650,1996,-0.0013054830287205776
2025-08-08,7620,7650,7580,7630,1012,-0.002614379084967311
2025-08-11,7670,8000,7670,7830,484,0.026212319790301475
2025-08-12,7820,7940,7600,7850,3708,0.0025542784163474774
2025-08-13,7840,7950,7620,7920,6288,0.008917197452229297
2025-08-14,7910,7920,7810,7920,1664,0.0
2025-08-18,7910,7910,7710,7730,3100,-0.023989898989899006
2025-08-19,7720,7730,7650,7650,723,-0.010349288486416586
2025-08-20,7640,7660,7450,7600,2072,-0.006535947712418277
2025-08-21,7620,7630,7550,7550,584,-0.006578947368421018
2025-08-22,7570,7580,7440,7580,2211,0.003973509933774766
2025-08-25,7590,7700,7580,7700,1941,0.0158311345646438
2025-08-26,7680,7800,7650,7760,1791,0.007792207792207684
2025-08-27,7800,7890,7760,7780,958,0.002577319587628857
2025-08-28,7770,7890,7720,7850,742,0.008997429305912519
2025-08-29,7890,7890,7700,7700,2126,-0.019108280254777066
2025-09-01,7700,7750,7620,7660,2425,-0.0051948051948051965
2025-09-02,7650,7890,7630,7780,1661,0.015665796344647598
2025-09-03,7790,7890,7670,7670,2583,-0.014138817480719768
2025-09-04,7680,7870,7670,7700,470,0.003911342894393766
2025-09-05,7860,7870,7630,7840,3229,0.018181818181818077
2025-09-08,7880,7890,7700,7770,925,-0.008928571428571397
2025-09-09,7750,7880,7630,7840,786,0.009009009009008917
2025-09-10,7890,7970,7690,7880,3059,0.005102040816326481
2025-09-11,7880,7910,7730,7730,769,-0.019035532994923887
2025-09-12,7890,7890,7700,7810,1941,0.010349288486416475
2025-09-15,7730,7780,7630,7750,2400,-0.007682458386683688
2025-09-16,7780,7780,7660,7710,1014,-0.005161290322580614
2025-09-17,7700,7780,7620,7770,649,0.0077821011673151474
2025-09-18,7760,7890,7760,7790,2836,0.002574002574002643
2025-09-19,7790,7970,7790,7800,2617,0.0012836970474967568
2025-09-22,7800,8010,7800,7850,5570,0.0064102564102563875
2025-09-23,7860,7950,7760,7840,503,-0.001273885350318471
2025-09-24,7930,7930,7750,7750,1721,-0.011479591836734748
2025-09-25,7700,8070,7700,8040,5699,0.03741935483870962
2025-09-26,8000,8100,7800,7880,4254,-0.01990049751243783
2025-09-29,7870,7990,7750,7820,3338,-0.0076142131979695105
2025-09-30,7720,7940,7720,7860,1097,0.005115089514066584
2025-10-01,7850,8070,7760,7820,1595,-0.0050890585241730735
2025-10-02,7850,8000,7730,7810,1686,-0.0012787723785165905
2025-10-10,7800,7810,7600,7630,4620,-0.023047375160051176
2025-10-13,7490,7500,7410,7450,1015,-0.023591087811271283
2025-10-14,7580,7580,7320,7350,3320,-0.01342281879194629
2025-10-15,7410,7540,7320,7500,963,0.020408163265306145
2025-10-16,7490,7660,7400,7560,1538,0.008000000000000007
2025-10-17,7500,7560,7370,7560,2549,0.0
2025-10-20,7550,7720,7430,7680,1614,0.015873015873015817
2025-10-21,7670,7690,7450,7450,826,-0.02994791666666663
2025-10-22,7460,7630,7400,7500,1234,0.006711409395973256
2025-10-23,7490,7660,7430,7590,3467,0.01200000000000001
2025-10-24,7580,7710,7460,7600,783,0.0013175230566535578
2025-10-27,7600,7770,7450,7580,1775,-0.0026315789473684292
2025-10-28,7570,7590,7370,7580,2146,0.0
2025-10-29,7650,7800,7340,7430,2046,-0.01978891820580475
2025-10-30,7450,7470,7210,7220,4361,-0.02826379542395696
2025-10-31,7210,7280,7180,7190,1804,-0.0041551246537395725
2025-11-03,7190,7240,7010,7070,3754,-0.016689847009735748
2025-11-04,7070,7090,7040,7060,1097,-0.0014144271570014633
2025-11-05,7150,7150,6810,7000,5930,-0.008498583569405138
2025-11-06,6990,7250,6950,7000,1929,0.0
2025-11-07,6990,7010,6950,6950,356,-0.0071428571428571175
2025-11-10,6950,7580,6920,7250,4288,0.043165467625899234
2025-11-11,7150,7710,7030,7290,2897,0.0055172413793103114
2025-11-12,7330,7400,7110,7370,3391,0.010973936899862924
2025-11-13,7360,7600,7150,7420,4010,0.006784260515603879
2025-11-14,7410,7580,7160,7330,2277,-0.0121293800539084
2025-11-17,7320,7510,7190,7230,2383,-0.013642564802182844
2025-11-18,7210,7230,7090,7090,1317,-0.019363762102351356
2025-11-19,7060,7230,7000,7090,2162,0.0
2025-11-20,7180,7590,7080,7240,3713,0.021156558533145242
2025-11-21,7110,7130,7020,7110,423,-0.017955801104972413
2025-11-24,7110,7230,7000,7140,510,0.00421940928270037
2025-11-25,7140,7190,7110,7110,187,-0.004201680672268893
2025-11-26,7120,7200,7120,7190,786,0.011251758087201136
2025-11-27,7190,7220,7110,7140,1477,-0.006954102920723182
2025-11-28,7130,7300,7130,7180,411,0.0056022408963585235
2025-12-01,7170,7240,7150,7190,654,0.0013927576601671099
2025-12-02,7180,7270,7150,7270,2010,0.011126564673157091
2025-12-03,7260,7430,7200,7300,1321,0.004126547455295837
2025-12-04,7300,7350,7200,7250,1342,-0.006849315068493178
2025-12-05,7240,7340,7240,7340,659,0.012413793103448256
2025-12-08,7330,7430,7220,7340,831,0.0
2025-12-09,7290,7370,7250,7370,1287,0.004087193460490468
2025-12-10,7360,7470,7310,7400,983,0.004070556309362372
2025-12-11,7330,7610,7210,7580,3862,0.024324324324324298
2025-12-12,7590,9850,7580,9850,684736,0.29947229551451193
2025-12-15,11940,12800,10840,12800,175513,0.29949238578680193
2025-12-16,12050,14720,10500,12050,1831135,-0.05859375
2025-12-17,11380,11550,10300,10880,483406,-0.09709543568464729
2025-12-18,10060,11430,9690,10080,448446,-0.07352941176470584
2025-12-19,9790,9920,9020,9450,281714,-0.0625
2025-12-22,9400,12280,9270,12280,509865,0.29947089947089944
2025-12-23,12630,15960,9780,10360,1616954,-0.15635179153094458
2025-12-24,10650,10650,9270,9780,250737,-0.055984555984555984
2025-12-26,10130,11740,9910,10300,383694,0.053169734151329306
2025-12-29,10440,11480,10310,10840,244583,0.05242718446601935
2025-12-30,11200,11510,9900,9980,151891,-0.07933579335793361
2026-01-02,9600,9900,8830,9000,147799,-0.09819639278557113
2026-01-05,9270,9270,8450,8600,82652,-0.0444444444444444
2026-01-06,8790,9820,8670,9010,195647,0.04767441860465116
2026-01-07,9010,9910,8560,9420,208370,0.045504994450610514
2026-01-08,9350,9350,8730,8920,102236,-0.05307855626326963
2026-01-09,8940,9430,8790,8950,103481,0.0033632286995515237
2026-01-12,8910,9000,8600,8600,44019,-0.03910614525139666
2026-01-13,8650,8710,8310,8430,22363,-0.019767441860465085
2026-01-14,8470,9310,8310,8680,107719,0.029655990510083052
2026-01-15,8730,9090,8480,8720,30124,0.004608294930875667
2026-01-16,8710,8720,8420,8470,17331,-0.028669724770642224
2026-01-19,8460,8720,8400,8600,12906,0.015348288075560879
2026-01-20,8600,8650,8460,8520,14815,-0.009302325581395321
2026-01-21,8520,8520,8200,8310,12165,-0.02464788732394363
2026-01-22,8360,8480,8140,8160,16229,-0.018050541516245522
2026-01-23,8170,8570,8090,8400,22617,0.02941176470588225
2026-01-26,8400,8580,8330,8560,12108,0.01904761904761898
