Date,Open,High,Low,Close,Volume,Change
2022-01-03,28500,29500,28500,29400,31377,0.022608695652173827
2022-01-04,29600,29600,28600,28950,26499,-0.015306122448979553
2022-01-05,28950,29250,27600,28050,43827,-0.031088082901554404
2022-01-06,27300,28300,27300,27800,39050,-0.0089126559714795
2022-01-07,27800,28300,27800,28050,9870,0.008992805755395628
2022-01-10,27700,28700,27700,28300,28509,0.00891265597147961
2022-01-11,28000,28600,27650,27750,19226,-0.019434628975265045
2022-01-12,28100,28400,27750,28300,14132,0.01981981981981984
2022-01-13,28450,29250,28300,29000,26395,0.02473498233215543
2022-01-14,29000,29100,28600,28600,16612,-0.01379310344827589
2022-01-17,29000,29200,28350,28700,21758,0.0034965034965035446
2022-01-18,29000,29300,28600,28800,44183,0.0034843205574912606
2022-01-19,27200,29100,27200,28300,83825,-0.01736111111111116
2022-01-20,28300,28900,28000,28800,18160,0.0176678445229681
2022-01-21,28800,28800,27800,27900,23311,-0.03125
2022-01-24,27900,29250,27650,28700,81524,0.028673835125448077
2022-01-25,28800,29200,28000,28300,52865,-0.013937282229965153
2022-01-26,28150,30350,27950,29800,89791,0.053003533568904526
2022-01-27,29600,29700,28550,28700,46829,-0.03691275167785235
2022-01-28,28550,30900,28550,30750,99820,0.0714285714285714
2022-02-03,31200,31250,30200,30700,68387,-0.001626016260162566
2022-02-04,30750,33950,30700,33750,295235,0.09934853420195444
2022-02-07,33750,35600,33250,34700,250359,0.028148148148148255
2022-02-08,34700,36450,34550,35400,223188,0.020172910662824117
2022-02-09,36100,36250,34800,35650,102874,0.007062146892655274
2022-02-10,35200,35600,34450,35350,88400,-0.008415147265077194
2022-02-11,34700,35700,33750,34400,96222,-0.026874115983026914
2022-02-14,34750,38000,34700,36500,536765,0.061046511627907085
2022-02-15,36900,37650,35800,36150,164345,-0.009589041095890427
2022-02-16,36900,39500,36500,39000,313035,0.07883817427385886
2022-02-17,39200,40000,37300,38650,259790,-0.008974358974358942
2022-02-18,38000,38850,37850,38150,143502,-0.012936610608020649
2022-02-21,37800,38650,37550,38400,83365,0.006553079947575258
2022-02-22,37850,38600,37650,38400,93655,0.0
2022-02-23,39200,39250,37400,38500,105670,0.0026041666666667407
2022-02-24,38350,39700,37800,38300,122713,-0.0051948051948051965
2022-02-25,38700,38800,37200,37700,112899,-0.015665796344647487
2022-02-28,37300,38200,37300,37750,53973,0.0013262599469496816
2022-03-02,38000,40900,37750,40900,246601,0.08344370860927142
2022-03-03,40950,41150,39550,39600,129233,-0.0317848410757946
2022-03-04,39550,40350,39350,39550,54859,-0.0012626262626262985
2022-03-07,39400,40200,39200,40150,88086,0.015170670037926604
2022-03-08,39600,39800,36150,36150,186807,-0.09962640099626396
2022-03-10,36900,38400,36900,38000,107208,0.051175656984785656
2022-03-11,38000,39800,37750,39450,104558,0.03815789473684217
2022-03-14,39500,39500,38000,38600,63132,-0.021546261089987362
2022-03-15,38450,38500,36700,37250,91683,-0.03497409326424872
2022-03-16,37400,37900,36550,37250,75279,0.0
2022-03-17,37550,37550,36300,36750,87730,-0.01342281879194629
2022-03-18,36950,37000,35400,35800,154400,-0.025850340136054473
2022-03-21,36150,36300,35400,36150,62941,0.009776536312849249
2022-03-22,35950,36000,35150,35950,98487,-0.0055325034578146415
2022-03-23,36200,36200,34250,34700,231766,-0.03477051460361613
2022-03-24,34350,35800,34350,35600,162050,0.025936599423631135
2022-03-25,35900,35900,34800,35400,81371,-0.005617977528089901
2022-03-28,35350,35350,34400,34800,60205,-0.016949152542372836
2022-03-29,34750,35000,34450,34450,59571,-0.010057471264367845
2022-03-30,34650,35350,34050,34700,88781,0.007256894049346929
2022-03-31,34700,35800,34350,35800,99870,0.03170028818443793
2022-04-01,35700,37550,35250,37400,198284,0.04469273743016755
2022-04-04,37500,37600,36450,37000,105995,-0.010695187165775444
2022-04-05,37100,38100,36700,37500,100259,0.013513513513513598
2022-04-06,37250,37950,36900,37350,60256,-0.0040000000000000036
2022-04-07,37200,37300,36000,36400,90776,-0.025435073627844695
2022-04-08,36500,36950,35250,36750,72770,0.009615384615384581
2022-04-11,36750,38050,36700,37550,97233,0.021768707482993088
2022-04-12,37150,37400,36550,36900,47028,-0.017310252996005304
2022-04-13,37300,37300,36400,36750,49554,-0.004065040650406471
2022-04-14,36800,37150,35750,37000,81127,0.006802721088435382
2022-04-15,37950,39800,37600,39800,392640,0.07567567567567557
2022-04-18,39850,42750,39500,42400,419806,0.0653266331658291
2022-04-19,42700,43050,41950,42550,226812,0.0035377358490567
2022-04-20,42850,44650,42500,42650,212685,0.00235017626321965
2022-04-21,42700,43200,41100,41450,159646,-0.028135990621336426
2022-04-22,41450,42200,41050,41400,89409,-0.0012062726176115257
2022-04-25,40750,43550,40250,42500,202927,0.02657004830917864
2022-04-26,42900,43300,41300,41800,115534,-0.016470588235294126
2022-04-27,41000,41500,40500,41100,55132,-0.01674641148325362
2022-04-28,40800,42450,40100,42300,112406,0.029197080291970767
2022-04-29,42300,42350,41050,41300,75132,-0.023640661938534313
2022-05-02,40900,42700,40500,42650,71834,0.032687651331719136
2022-05-03,42100,42600,41900,42000,28443,-0.015240328253223967
2022-05-04,42500,42500,40750,40800,37601,-0.02857142857142858
2022-05-06,40100,40950,39800,40050,59735,-0.018382352941176516
2022-05-09,39250,39950,38500,38950,83161,-0.027465667915106073
2022-05-10,38100,41450,37100,39600,187022,0.016688061617458283
2022-05-11,40000,43300,39950,42800,167282,0.08080808080808088
2022-05-12,42800,44700,42150,42700,192867,-0.002336448598130869
2022-05-13,42650,42700,41150,41450,75969,-0.029274004683840782
2022-05-16,41750,41750,40450,41050,40113,-0.00965018094089265
2022-05-17,41050,41050,38900,39150,111687,-0.04628501827040199
2022-05-18,39400,39900,38150,38550,101523,-0.01532567049808431
2022-05-19,37350,38500,37000,38200,94856,-0.009079118028534339
2022-05-20,38250,38550,37350,37450,90142,-0.01963350785340312
2022-05-23,37500,37700,36400,37450,69891,0.0
2022-05-24,37350,38450,37300,37800,74981,0.009345794392523255
2022-05-25,37850,39450,37400,39000,81289,0.031746031746031855
2022-05-26,39000,39900,38550,38850,39180,-0.0038461538461538325
2022-05-27,39650,39650,38850,39200,23972,0.009009009009008917
2022-05-30,38950,39500,38450,38550,31333,-0.01658163265306123
2022-05-31,38750,38750,37950,38750,26513,0.005188067444876765
2022-06-02,38750,39400,38050,39200,37368,0.011612903225806548
2022-06-03,39500,39900,38650,39800,46316,0.015306122448979664
2022-06-07,39600,39650,38750,39350,43464,-0.011306532663316604
2022-06-08,39600,41600,39150,41250,84401,0.04828462515883092
2022-06-09,41500,41500,40700,41200,28169,-0.00121212121212122
2022-06-10,41000,42050,40700,41400,39762,0.004854368932038833
2022-06-13,40200,41800,39750,40900,121463,-0.012077294685990392
2022-06-14,40500,41200,38700,40900,79387,0.0
2022-06-15,40100,41550,39600,40950,80507,0.0012224938875304847
2022-06-16,41500,41500,39950,39950,58298,-0.024420024420024444
2022-06-17,39800,40600,38750,40250,45309,0.007509386733416834
2022-06-20,39900,40550,39500,39850,29515,-0.009937888198757738
2022-06-21,39850,40200,39150,39700,24753,-0.0037641154328732496
2022-06-22,40150,42000,39550,39800,86764,0.0025188916876575096
2022-06-23,40200,41900,39050,41000,139892,0.03015075376884413
2022-06-24,40700,41450,40200,41050,59612,0.0012195121951219523
2022-06-27,41150,41550,40500,41200,45883,0.0036540803897686658
2022-06-28,41400,41500,40400,41500,26675,0.00728155339805836
2022-06-29,41500,41900,40650,41750,28101,0.006024096385542244
2022-06-30,41800,42300,40800,41300,45822,-0.010778443113772407
2022-07-01,41050,41500,38650,40300,113865,-0.02421307506053272
2022-07-04,40850,41950,38650,39500,86482,-0.01985111662531014
2022-07-05,39350,39500,38500,38850,60744,-0.016455696202531622
2022-07-06,38650,39150,36850,39050,84124,0.005148005148005064
2022-07-07,38750,38950,38100,38350,35297,-0.017925736235595346
2022-07-08,38300,39800,38250,39150,64508,0.020860495436766602
2022-07-11,39350,39350,36950,36950,84279,-0.056194125159642394
2022-07-12,36650,36900,34050,34150,111381,-0.0757780784844384
2022-07-13,34150,37350,32850,37050,126100,0.08491947291361646
2022-07-14,37050,38600,36050,36950,60626,-0.0026990553306343035
2022-07-15,36850,36850,35550,36000,41366,-0.025710419485791558
2022-07-18,36000,36650,35500,35950,35220,-0.001388888888888884
2022-07-19,35900,37000,35450,36650,38136,0.01947148817802513
2022-07-20,36750,37150,35850,35900,36004,-0.02046384720327421
2022-07-21,35900,36300,35100,36050,50535,0.00417827298050133
2022-07-22,36400,36800,35550,36000,25426,-0.001386962552011095
2022-07-25,36000,36400,35900,36200,13044,0.005555555555555536
2022-07-26,36250,36800,35900,36350,15056,0.004143646408839796
2022-07-27,36300,36450,35750,35950,15057,-0.011004126547455306
2022-07-28,36050,36500,35950,36050,16210,0.0027816411682892728
2022-07-29,36450,37000,35850,36900,63833,0.023578363384188616
2022-08-01,37250,39050,37000,37850,93928,0.0257452574525745
2022-08-02,37850,39500,37850,39500,121580,0.04359313077939242
2022-08-03,39200,40500,37850,38750,196870,-0.01898734177215189
2022-08-04,39050,39300,38300,38600,36751,-0.003870967741935516
2022-08-05,38550,39900,37800,39700,81749,0.02849740932642497
2022-08-08,39950,41450,39000,40600,103888,0.02267002518891692
2022-08-09,40900,41600,40100,41200,96452,0.014778325123152802
2022-08-10,41450,42000,39650,40900,143212,-0.007281553398058249
2022-08-11,41600,42450,39000,40350,308426,-0.01344743276283622
2022-08-12,40400,41200,38250,38600,199445,-0.043370508054522916
2022-08-16,38700,39400,38500,39100,50383,0.012953367875647714
2022-08-17,39350,39450,38300,39100,48867,0.0
2022-08-18,39100,40100,38750,39700,73366,0.01534526854219953
2022-08-19,39850,40000,38950,39050,22510,-0.016372795969773257
2022-08-22,38800,39050,38050,38400,45859,-0.016645326504481472
2022-08-23,37800,38100,36550,37050,97862,-0.03515625
2022-08-24,37300,38000,36750,37450,46718,0.010796221322537214
2022-08-25,37600,38050,37150,37800,44502,0.009345794392523255
2022-08-26,37800,38200,37350,37750,28817,-0.001322751322751281
2022-08-29,37000,37250,36200,36800,30146,-0.025165562913907258
2022-08-30,36550,37150,36550,36950,26910,0.0040760869565217295
2022-08-31,36900,37450,36000,37150,52056,0.005412719891745521
2022-09-01,37050,37050,35900,36000,57333,-0.030955585464333746
2022-09-02,36300,36350,35750,35800,20291,-0.005555555555555536
2022-09-05,35500,35750,34800,35350,39188,-0.012569832402234637
2022-09-06,35000,35500,34750,34750,36967,-0.016973125884017004
2022-09-07,35000,35000,33300,33700,86617,-0.030215827338129442
2022-09-08,33900,34300,32800,32850,85758,-0.02522255192878342
2022-09-13,33050,33300,31700,32800,179774,-0.0015220700152207556
2022-09-14,32000,33900,31600,33300,71949,0.015243902439024293
2022-09-15,33350,33350,32150,32250,47304,-0.03153153153153154
2022-09-16,32100,32300,31650,32000,39579,-0.007751937984496138
2022-09-19,31950,32150,31500,31550,30990,-0.014062499999999978
2022-09-20,32000,33350,32000,32650,53395,0.034865293185419866
2022-09-21,33450,35650,33400,35000,172986,0.07197549770290967
2022-09-22,35000,36450,34650,34950,86471,-0.0014285714285714457
2022-09-23,34750,35200,33750,33850,60448,-0.03147353361945637
2022-09-26,33050,34250,32500,33450,61289,-0.011816838995568735
2022-09-27,32800,34250,32400,33750,39091,0.008968609865470878
2022-09-28,33800,35600,33150,34650,65637,0.026666666666666616
2022-09-29,34700,35350,33800,33800,29571,-0.024531024531024515
2022-09-30,33600,35250,32700,35100,41019,0.03846153846153855
2022-10-04,35100,35600,34350,34750,28013,-0.009971509971509973
2022-10-05,34900,35350,33800,34000,36708,-0.021582733812949617
2022-10-06,33950,34400,32800,33000,90082,-0.02941176470588236
2022-10-07,32850,33350,31950,32000,76310,-0.030303030303030276
2022-10-11,31450,31800,30000,30250,88890,-0.0546875
2022-10-12,29800,30350,29600,30100,53169,-0.0049586776859503745
2022-10-13,29900,30150,29250,29800,50671,-0.009966777408637828
2022-10-14,30650,30650,29800,30550,40120,0.025167785234899265
2022-10-17,29950,30100,28800,29200,127470,-0.04418985270049103
2022-10-18,29250,30600,29250,30550,72994,0.046232876712328785
2022-10-19,30750,30800,29550,29650,35491,-0.029459901800327315
2022-10-20,29650,29950,29000,29500,41288,-0.005059021922428353
2022-10-21,29200,29400,28850,29150,28739,-0.011864406779661052
2022-10-24,29450,30000,29200,29950,37297,0.027444253859348233
2022-10-25,30000,30100,29350,29850,43491,-0.0033388981636059967
2022-10-26,30150,31300,29650,30700,74462,0.028475711892797406
2022-10-27,30600,31050,30500,30750,30626,0.0016286644951140072
2022-10-28,30900,31200,30550,31200,19788,0.014634146341463428
2022-10-31,31500,32350,31100,31950,29104,0.024038461538461453
2022-11-01,31900,32450,31550,31800,28676,-0.0046948356807511304
2022-11-02,31800,32500,31400,32250,18327,0.014150943396226356
2022-11-03,31900,32200,31300,32200,12467,-0.0015503875968991832
2022-11-04,32200,32500,31450,32150,28326,-0.0015527950310558758
2022-11-07,32100,32200,31500,32100,30977,-0.0015552099533436836
2022-11-08,32300,32700,31950,32450,42133,0.010903426791277315
2022-11-09,32750,33150,31650,32600,146111,0.0046224961479199855
2022-11-10,32650,33500,32050,33300,169751,0.021472392638036908
2022-11-11,33900,34100,32200,32350,191306,-0.028528528528528496
2022-11-14,32650,32700,32050,32250,42148,-0.0030911901081916993
2022-11-15,32100,32450,31400,31900,104296,-0.010852713178294615
2022-11-16,31900,32350,31500,31900,27307,0.0
2022-11-17,31900,32300,31700,31800,20377,-0.0031347962382445305
2022-11-18,31800,31950,31250,31450,42510,-0.011006289308176154
2022-11-21,31550,31800,31200,31650,21713,0.006359300476947549
2022-11-22,31600,31650,31150,31200,21536,-0.014218009478673022
2022-11-23,31500,31800,31200,31600,32082,0.012820512820512775
2022-11-24,31650,31900,31400,31700,22908,0.0031645569620253333
2022-11-25,31900,32000,31300,31600,26534,-0.003154574132492094
2022-11-28,31400,31650,30800,31100,39773,-0.015822784810126556
2022-11-29,31000,31400,30850,31000,20597,-0.003215434083601254
2022-11-30,31000,32150,31000,31750,50816,0.024193548387096753
2022-12-01,31950,32850,31900,32600,55268,0.026771653543307128
2022-12-02,32500,32950,32400,32450,49008,-0.004601226993865004
2022-12-05,32550,33100,32350,32450,42472,0.0
2022-12-06,32450,33500,31950,32000,26392,-0.013867488443759624
2022-12-07,31950,32400,31650,32000,15573,0.0
2022-12-08,32050,32750,31900,32050,33398,0.0015624999999999112
2022-12-09,31850,32400,31550,32100,32507,0.0015600624024960652
2022-12-12,32250,33100,31850,33000,57029,0.028037383177569986
2022-12-13,33000,33300,32950,33200,37104,0.0060606060606061
2022-12-14,33250,33650,32800,32850,35492,-0.010542168674698815
2022-12-15,32700,32800,32200,32450,24504,-0.0121765601217656
2022-12-16,31850,32050,31350,31800,55117,-0.02003081664098616
2022-12-19,31750,31750,31200,31350,30767,-0.014150943396226467
2022-12-20,31300,31450,30600,30850,31220,-0.01594896331738438
2022-12-21,31150,33300,30850,32700,77371,0.05996758508914102
2022-12-22,33000,34000,32750,33400,71380,0.021406727828746197
2022-12-23,33050,33450,32800,33200,90762,-0.005988023952095856
2022-12-26,33150,33850,32500,33550,109842,0.010542168674698704
2022-12-27,33650,33750,32750,33250,42858,-0.008941877794336861
2022-12-28,32950,33500,31850,32050,134408,-0.03609022556390973
2022-12-29,31800,33500,31450,32000,116447,-0.0015600624024960652
2023-01-02,32100,32100,30700,30800,53577,-0.03749999999999998
2023-01-03,30450,31050,29550,30100,53767,-0.022727272727272707
2023-01-04,30450,31050,29850,30700,73076,0.019933554817275656
2023-01-05,31300,31350,30300,30650,71119,-0.0016286644951140072
2023-01-06,30600,31050,30200,30950,34579,0.00978792822185981
2023-01-09,31150,31700,30700,31650,49693,0.022617124394184174
2023-01-10,31650,31700,30700,31050,118123,-0.018957345971563955
2023-01-11,31100,31500,30900,31200,56690,0.004830917874396157
2023-01-12,31300,32600,31000,32350,125576,0.03685897435897445
2023-01-13,32450,32650,31700,31750,58121,-0.018547140649149974
2023-01-16,32300,33450,32300,32850,119591,0.03464566929133861
2023-01-17,33050,33050,31450,31800,159026,-0.03196347031963476
2023-01-18,31800,32150,31250,31850,67720,0.0015723270440251014
2023-01-19,32000,32850,31750,32850,110488,0.031397174254317095
2023-01-20,32850,32900,32200,32400,66844,-0.013698630136986356
2023-01-25,32600,33250,32450,33000,78230,0.0185185185185186
2023-01-26,33000,33250,32300,32800,77248,-0.0060606060606061
2023-01-27,32800,32800,32200,32200,69187,-0.018292682926829285
2023-01-30,32200,32700,32000,32150,41456,-0.0015527950310558758
2023-01-31,32000,32600,31800,32450,67008,0.009331259720062102
2023-02-01,32700,33000,32050,32300,84902,-0.0046224961479198745
2023-02-02,32600,35050,32550,34850,367440,0.07894736842105265
2023-02-03,34850,35150,34450,35000,81035,0.004304160688665792
2023-02-06,34800,35350,34200,35050,81689,0.0014285714285713347
2023-02-07,34800,35050,34150,35050,63042,0.0
2023-02-08,35050,37200,34550,36400,217284,0.03851640513552068
2023-02-09,36300,36850,35800,36500,83198,0.0027472527472527375
2023-02-10,36650,36950,35400,36250,119697,-0.006849315068493178
2023-02-13,34500,34500,32600,33250,364700,-0.08275862068965523
2023-02-14,33250,33300,32450,32950,130868,-0.009022556390977488
2023-02-15,33000,33150,31500,31800,127283,-0.03490136570561453
2023-02-16,32100,32700,31750,32000,77391,0.0062893081761006275
2023-02-17,31900,32100,31400,31750,45545,-0.0078125
2023-02-20,32000,32700,31550,31950,62795,0.006299212598425141
2023-02-21,31950,32050,31650,31900,43679,-0.0015649452269170805
2023-02-22,31700,31700,30700,30900,86557,-0.031347962382445194
2023-02-23,31050,31550,30900,31100,35243,0.006472491909385036
2023-02-24,31450,31850,31000,31250,50662,0.004823151125401992
2023-02-27,31250,31250,30300,30900,41754,-0.011199999999999988
2023-02-28,30900,31200,30650,30800,43735,-0.003236245954692518
2023-03-02,30900,31150,30600,30850,35259,0.0016233766233766378
2023-03-03,31250,31350,30900,31050,32861,0.006482982171799101
2023-03-06,31300,31400,30800,31250,37065,0.006441223832528209
2023-03-07,31250,31500,30800,31050,35793,-0.006399999999999961
2023-03-08,31000,31550,30750,31100,45727,0.0016103059581320522
2023-03-09,31050,31400,30850,31000,33739,-0.003215434083601254
2023-03-10,30900,30900,30000,30150,52384,-0.02741935483870972
2023-03-13,29950,30050,29050,29950,58884,-0.0066334991708125735
2023-03-14,29750,30000,29100,29100,29479,-0.028380634390651083
2023-03-15,29450,29700,29200,29600,18247,0.01718213058419238
2023-03-16,29200,29400,28200,29150,25266,-0.015202702702702742
2023-03-17,29200,29750,28800,29750,30251,0.020583190394511064
2023-03-20,29650,29900,29300,29400,34667,-0.0117647058823529
2023-03-21,29550,29600,29300,29550,13225,0.005102040816326481
2023-03-22,29600,29700,29450,29600,12680,0.0016920473773265332
2023-03-23,29600,29600,28800,28950,42315,-0.02195945945945943
2023-03-24,29400,29400,28650,28850,33376,-0.003454231433506094
2023-03-27,28600,29200,28500,29150,22055,0.010398613518197486
2023-03-28,29350,29450,28950,29200,33999,0.0017152658662091813
2023-03-29,29350,30400,29100,30200,41196,0.03424657534246567
2023-03-30,30050,30150,29400,29500,44391,-0.023178807947019875
2023-03-31,29500,30200,29500,29650,29978,0.005084745762711895
2023-04-03,29650,30100,29150,29450,47556,-0.006745362563237767
2023-04-04,29350,29750,28950,29700,59915,0.008488964346349714
2023-04-05,29750,29900,29000,29050,65470,-0.02188552188552184
2023-04-06,29000,29000,28650,28700,32508,-0.012048192771084376
2023-04-07,28700,28900,28350,28400,60407,-0.010452961672473893
2023-04-10,28300,28400,27700,28150,47505,-0.008802816901408494
2023-04-11,28250,29100,28100,28750,51507,0.02131438721136769
2023-04-12,28750,29000,28600,28800,33163,0.0017391304347826875
2023-04-13,28850,29150,28650,28850,31175,0.0017361111111111605
2023-04-14,29000,29350,28750,28900,41273,0.0017331022530329143
2023-04-17,29450,29500,29150,29300,35288,0.01384083044982698
2023-04-18,29300,29450,29100,29300,23229,0.0
2023-04-19,29250,29350,28950,29250,27325,-0.0017064846416382506
2023-04-20,29250,29750,28900,29050,55591,-0.006837606837606813
2023-04-21,29050,29050,28150,28500,48421,-0.018932874354561147
2023-04-24,28350,28450,28000,28050,26110,-0.015789473684210575
2023-04-25,28050,28300,27100,27400,54399,-0.02317290552584672
2023-04-26,27800,28600,27800,28050,52494,0.02372262773722622
2023-04-27,28400,28400,28000,28350,13554,0.010695187165775444
2023-04-28,28350,28550,28050,28450,21656,0.003527336860670305
2023-05-02,28200,28750,28200,28700,23330,0.008787346221441172
2023-05-03,28650,28850,28300,28650,16464,-0.0017421602787456303
2023-05-04,28650,28700,28150,28550,21570,-0.003490401396160525
2023-05-08,28750,29800,28750,29550,76650,0.035026269702276736
2023-05-09,29550,30150,29300,29900,84862,0.011844331641285955
2023-05-10,29900,30950,29700,30300,72602,0.013377926421404673
2023-05-11,30200,30300,29100,29300,124913,-0.03300330033003296
2023-05-12,29550,29550,28000,28150,147738,-0.03924914675767921
2023-05-15,28300,28500,28000,28250,47687,0.003552397868561208
2023-05-16,28550,28550,27700,27800,60175,-0.015929203539822967
2023-05-17,27850,28000,27550,27950,22154,0.0053956834532373765
2023-05-18,28050,28200,27750,27900,27622,-0.0017889087656529634
2023-05-19,27900,28350,27850,28200,44814,0.010752688172043001
2023-05-22,28400,28500,28200,28400,27461,0.007092198581560183
2023-05-23,28550,28750,28200,28600,33623,0.007042253521126751
2023-05-24,28400,28800,28400,28600,19967,0.0
2023-05-25,28600,28600,28150,28350,39914,-0.00874125874125875
2023-05-26,28250,28350,28050,28150,24303,-0.007054673721340388
2023-05-30,28200,28250,27900,27900,36042,-0.008880994671403242
2023-05-31,28050,28500,27850,28050,31184,0.005376344086021501
2023-06-01,28050,28500,27950,28450,23905,0.01426024955436711
2023-06-02,28450,29200,28200,29100,71917,0.02284710017574687
2023-06-05,29100,29550,28600,29250,38275,0.005154639175257714
2023-06-07,29200,29500,29150,29350,34958,0.0034188034188034067
2023-06-08,29350,29450,29100,29200,21489,-0.005110732538330498
2023-06-09,29300,29900,29200,29800,70366,0.020547945205479534
2023-06-12,29800,30050,29600,29800,30728,0.0
2023-06-13,29800,29950,29400,29750,24713,-0.001677852348993314
2023-06-14,30000,30600,29550,30000,73658,0.008403361344537785
2023-06-15,29950,29950,29550,29850,27663,-0.0050000000000000044
2023-06-16,30100,30250,29800,29900,38158,0.0016750418760469454
2023-06-19,29800,30050,29750,29900,24203,0.0
2023-06-20,29800,30000,29300,29500,44553,-0.013377926421404673
2023-06-21,29500,29700,28700,29000,41855,-0.016949152542372836
2023-06-22,28900,29300,28400,29250,29280,0.008620689655172376
2023-06-23,29300,29300,27950,28450,60424,-0.027350427350427364
2023-06-26,28450,28450,27800,28450,41165,0.0
2023-06-27,28150,28350,28000,28100,15935,-0.012302284710017597
2023-06-28,28100,28450,28050,28200,15401,0.003558718861210064
2023-06-29,28650,28900,28250,28450,17158,0.00886524822695045
2023-06-30,28450,29250,28200,28850,32540,0.014059753954305698
2023-07-03,28850,29300,28550,29050,20516,0.006932409012131657
2023-07-04,29050,29050,28550,28750,19828,-0.0103270223752151
2023-07-05,28850,29400,28450,29000,41874,0.008695652173912993
2023-07-06,28900,29300,28500,28750,26133,-0.008620689655172376
2023-07-07,28750,28950,28050,28200,13491,-0.019130434782608674
2023-07-10,28050,28600,28050,28400,19509,0.007092198581560183
2023-07-11,28300,28550,28150,28450,17086,0.0017605633802817433
2023-07-12,28250,28450,28000,28100,22863,-0.012302284710017597
2023-07-13,28100,28550,28050,28500,31798,0.014234875444839812
2023-07-14,28650,29000,28450,28800,41160,0.010526315789473717
2023-07-17,28700,28700,28200,28400,30587,-0.01388888888888884
2023-07-18,28400,28500,27600,27750,53947,-0.022887323943661997
2023-07-19,27750,27800,27100,27200,43635,-0.01981981981981984
2023-07-20,27200,28000,27200,27700,21130,0.018382352941176405
2023-07-21,27650,27950,27350,27400,17900,-0.010830324909747335
2023-07-24,27050,27350,26300,26400,50649,-0.03649635036496346
2023-07-25,26000,26400,25200,25400,78191,-0.037878787878787845
2023-07-26,25200,25550,24050,24800,70476,-0.023622047244094446
2023-07-27,24500,25900,24500,25350,45624,0.022177419354838745
2023-07-28,25250,25300,24750,25000,21641,-0.013806706114398382
2023-07-31,25000,25100,24650,24950,18779,-0.0020000000000000018
2023-08-01,25050,25450,24900,25450,35765,0.02004008016032066
2023-08-02,25450,25950,25050,25450,25036,0.0
2023-08-03,25200,25850,24950,25650,32645,0.007858546168958647
2023-08-04,25600,26350,25500,26350,17604,0.02729044834308003
2023-08-07,26250,26550,25700,26450,26983,0.00379506641366234
2023-08-08,26350,26550,26000,26250,17934,-0.007561436672967825
2023-08-09,26350,26650,26050,26250,21539,0.0
2023-08-10,26250,26800,26200,26750,17688,0.01904761904761898
2023-08-11,26750,27500,26600,27250,28477,0.01869158878504673
2023-08-14,27550,27550,26750,27000,27802,-0.00917431192660545
2023-08-16,26950,26950,26050,26350,27485,-0.024074074074074026
2023-08-17,25700,27200,25150,26500,22378,0.005692599620493288
2023-08-18,25950,26450,25950,26050,17315,-0.016981132075471694
2023-08-21,25900,26100,25200,25450,27164,-0.02303262955854124
2023-08-22,25200,25550,25000,25000,36778,-0.017681728880157177
2023-08-23,25000,25600,24600,25400,28964,0.016000000000000014
2023-08-24,25200,25350,24600,24800,33424,-0.023622047244094446
2023-08-25,24700,24800,24300,24500,28367,-0.012096774193548376
2023-08-28,24750,24800,24250,24800,16567,0.012244897959183598
2023-08-29,24850,25200,24700,24850,13584,0.002016129032258007
2023-08-30,25150,25150,24400,24550,33147,-0.012072434607645843
2023-08-31,24400,24650,24300,24550,17416,0.0
2023-09-01,24500,25000,24400,24600,17414,0.0020366598778003286
2023-09-04,24500,24800,24400,24750,9783,0.0060975609756097615
2023-09-05,24650,24900,24400,24500,43175,-0.010101010101010055
2023-09-06,24550,24600,23950,24050,54786,-0.01836734693877551
2023-09-07,23900,23900,23000,23350,85477,-0.029106029106029108
2023-09-08,23200,24000,23200,23600,38142,0.010706638115631772
2023-09-11,23900,23900,23500,23850,13119,0.010593220338983134
2023-09-12,23850,23900,23300,23650,18380,-0.008385744234800874
2023-09-13,23650,24000,23250,23600,20262,-0.0021141649048626032
2023-09-14,23600,23850,23300,23500,13653,-0.004237288135593209
2023-09-15,23700,23850,23400,23700,15819,0.008510638297872353
2023-09-18,23750,23750,23300,23650,14920,-0.002109704641350185
2023-09-19,23650,23650,23250,23450,19031,-0.008456659619450302
2023-09-20,23250,23500,23150,23400,18566,-0.002132196162046962
2023-09-21,23400,23400,22850,22950,21215,-0.019230769230769273
2023-09-22,22800,22800,22450,22600,15026,-0.015250544662309351
2023-09-25,22600,23250,22600,23100,18103,0.022123893805309658
2023-09-26,22900,23350,22900,23000,9439,-0.0043290043290042934
2023-09-27,23000,23000,22450,22850,18748,-0.006521739130434745
2023-10-04,22850,22900,21600,21650,39467,-0.05251641137855578
2023-10-05,21650,22000,21400,21600,12008,-0.002309468822170868
2023-10-06,21300,21950,21300,21850,14631,0.011574074074074181
2023-10-10,21800,22050,21300,21600,19174,-0.011441647597253968
2023-10-11,21600,22050,21600,21800,11631,0.0092592592592593
2023-10-12,21850,22000,21700,21800,11613,0.0
2023-10-13,21950,21950,21100,21450,22800,-0.016055045871559592
2023-10-16,21350,21350,20800,21100,22776,-0.01631701631701632
2023-10-17,20950,21200,20850,21000,18457,-0.004739336492891044
2023-10-18,21100,21350,20850,21250,15896,0.011904761904761862
2023-10-19,20950,21250,20300,20450,28500,-0.03764705882352937
2023-10-20,20250,20300,19650,20200,40708,-0.012224938875305624
2023-10-23,19950,20700,19950,20550,17203,0.017326732673267342
2023-10-24,20400,20850,20150,20750,13308,0.009732360097323589
2023-10-25,21000,21900,20750,21800,37741,0.050602409638554224
2023-10-26,21500,21600,20700,20900,15995,-0.041284403669724745
2023-10-27,21200,21200,20600,20850,9816,-0.0023923444976076125
2023-10-30,20550,21200,20550,20950,10946,0.004796163069544335
2023-10-31,20950,21300,20750,20950,13967,0.0
2023-11-01,21150,22850,20950,22750,75572,0.08591885441527447
2023-11-02,22600,22800,22250,22800,31436,0.00219780219780219
2023-11-03,22800,22800,22350,22650,17517,-0.006578947368421018
2023-11-06,22550,23050,22400,23000,59389,0.015452538631346657
2023-11-07,22850,23500,22400,23100,35303,0.004347826086956497
2023-11-08,23100,23400,22750,23200,18268,0.0043290043290042934
2023-11-09,23150,23650,23150,23300,14062,0.004310344827586299
2023-11-10,23350,23350,22900,23050,8550,-0.010729613733905574
2023-11-13,23250,23250,22350,22650,23328,-0.017353579175705014
2023-11-14,22600,24650,22600,24500,100883,0.08167770419426046
2023-11-15,24750,24850,24050,24250,52727,-0.010204081632653073
2023-11-16,24200,24250,23750,24050,20848,-0.008247422680412342
2023-11-17,24050,24500,23750,24250,27180,0.008316008316008316
2023-11-20,24000,24200,23700,23850,25120,-0.016494845360824795
2023-11-21,23850,24000,23300,23700,47507,-0.0062893081761006275
2023-11-22,23650,23900,23450,23800,15056,0.00421940928270037
2023-11-23,23700,23850,23550,23550,19954,-0.010504201680672232
2023-11-24,23550,24750,23550,24500,46819,0.04033970276008492
2023-11-27,24250,24400,23800,24150,31383,-0.014285714285714235
2023-11-28,24150,24300,23950,24000,13131,-0.006211180124223614
2023-11-29,24200,24400,23950,24100,18886,0.004166666666666652
2023-11-30,24100,24250,23600,23800,22765,-0.012448132780082943
2023-12-01,23700,24050,23600,24000,14170,0.008403361344537785
2023-12-04,24000,24100,23650,23650,9833,-0.014583333333333282
2023-12-05,23650,24600,23650,24100,36675,0.019027484143763207
2023-12-06,24000,24350,23900,24000,12423,-0.004149377593360981
2023-12-07,23950,24000,23650,23850,14140,-0.006249999999999978
2023-12-08,24000,24150,23550,24000,15188,0.0062893081761006275
2023-12-11,23800,24350,23800,24200,14158,0.008333333333333304
2023-12-12,24200,24700,24050,24450,27143,0.010330578512396604
2023-12-13,24450,24450,23900,24000,20843,-0.018404907975460127
2023-12-14,24150,24300,23750,23900,13771,-0.004166666666666652
2023-12-15,24000,24000,23750,23800,16939,-0.004184100418409997
2023-12-18,23700,23900,23500,23550,34522,-0.010504201680672232
2023-12-19,23550,23550,23100,23250,19406,-0.01273885350318471
2023-12-20,23350,24200,23250,24150,28714,0.03870967741935494
2023-12-21,24100,24150,23750,23750,9523,-0.0165631469979296
2023-12-22,23750,23750,23400,23400,19612,-0.01473684210526316
2023-12-26,23600,23750,23250,23250,31643,-0.0064102564102563875
2023-12-27,23650,23750,23150,23450,21153,0.008602150537634357
2023-12-28,23450,24000,23350,23850,17942,0.017057569296375252
2024-01-02,23850,24800,23650,24300,64854,0.018867924528301883
2024-01-03,24000,24500,23400,24000,54345,-0.012345679012345734
2024-01-04,24050,24050,22950,23250,91866,-0.03125
2024-01-05,23250,23900,23150,23500,55158,0.010752688172043001
2024-01-08,23800,24350,23550,24250,32684,0.03191489361702127
2024-01-09,24250,24550,24000,24200,17664,-0.0020618556701030855
2024-01-10,24400,24750,24250,24500,38789,0.012396694214876103
2024-01-11,24550,24650,24000,24300,25303,-0.008163265306122436
2024-01-12,24300,25000,24150,24600,60043,0.012345679012345734
2024-01-15,24800,25400,24300,24750,89850,0.0060975609756097615
2024-01-16,24950,24950,24150,24350,48841,-0.016161616161616155
2024-01-17,24350,24350,23450,23450,44786,-0.03696098562628336
2024-01-18,23150,23800,23100,23650,42531,0.008528784648187626
2024-01-19,23650,24300,23600,24100,16231,0.019027484143763207
2024-01-22,24100,24150,23450,23600,21007,-0.020746887966805017
2024-01-23,23550,24300,23450,24200,25564,0.025423728813559254
2024-01-24,24500,24500,23750,23900,16642,-0.012396694214875992
2024-01-25,23800,23800,23400,23500,28226,-0.01673640167364021
2024-01-26,23550,24150,23350,24050,19569,0.023404255319148914
2024-01-29,24250,24250,23750,24150,27378,0.004158004158004047
2024-01-30,24550,25500,24150,25300,100760,0.04761904761904767
2024-01-31,25300,25300,24250,24500,47461,-0.031620553359683834
2024-02-01,24350,25900,24200,25900,77290,0.05714285714285716
2024-02-02,26100,26350,25350,26150,92810,0.009652509652509744
2024-02-05,26550,27500,26050,27150,126026,0.03824091778202687
2024-02-06,27150,27250,26200,26750,56930,-0.014732965009208066
2024-02-07,27050,27050,25050,26650,60984,-0.0037383177570093906
2024-02-08,27000,27000,25950,26450,44528,-0.007504690431519689
2024-02-13,26650,26800,25600,26000,51869,-0.017013232514177745
2024-02-14,25500,26150,25500,26050,27212,0.0019230769230769162
2024-02-15,26350,26500,25550,25800,46747,-0.009596928982725572
2024-02-16,25850,26250,25500,26250,29822,0.01744186046511631
2024-02-19,26350,26600,25700,26250,49749,0.0
2024-02-20,26100,26500,25800,26300,28845,0.0019047619047618536
2024-02-21,26350,26350,25950,26000,24830,-0.011406844106463865
2024-02-22,25850,26400,25400,25700,37893,-0.011538461538461497
2024-02-23,25700,25700,25100,25200,28045,-0.01945525291828798
2024-02-26,25300,25350,24600,25000,42859,-0.007936507936507908
2024-02-27,25150,25200,24550,24850,26476,-0.006000000000000005
2024-02-28,25000,25000,24700,24850,34206,0.0
2024-02-29,24900,25200,24650,25000,13917,0.006036217303822866
2024-03-04,25100,25300,24500,24750,29274,-0.010000000000000009
2024-03-05,24850,24850,24250,24500,12431,-0.010101010101010055
2024-03-06,24450,24450,23900,24000,29086,-0.020408163265306145
2024-03-07,24000,24350,23750,23950,27511,-0.002083333333333326
2024-03-08,23950,24200,23600,24100,9126,0.006263048016701411
2024-03-11,24100,24200,23850,24000,13353,-0.004149377593360981
2024-03-12,24100,24100,23450,24000,45814,0.0
2024-03-13,24000,24250,23700,24250,12870,0.01041666666666674
2024-03-14,24250,24350,24000,24250,9527,0.0
2024-03-15,24250,24850,24000,24300,13352,0.0020618556701030855
2024-03-18,24300,24300,23950,24050,9289,-0.010288065843621408
2024-03-19,24200,24200,23500,23850,16899,-0.008316008316008316
2024-03-20,23850,24100,23650,23900,20398,0.002096436058700135
2024-03-21,24100,24100,23500,23950,25614,0.0020920502092049986
2024-03-22,23950,23950,23500,23850,30648,-0.0041753653444676075
2024-03-25,23850,23950,23400,23650,26376,-0.008385744234800874
2024-03-26,23700,23750,23400,23700,18163,0.0021141649048626032
2024-03-27,23800,24000,23500,23800,16032,0.00421940928270037
2024-03-28,23750,23800,23350,23500,20759,-0.012605042016806678
2024-03-29,23500,23600,23300,23500,18027,0.0
2024-04-01,23200,23850,23100,23800,25895,0.012765957446808418
2024-04-02,23800,23800,23500,23600,11561,-0.008403361344537785
2024-04-03,23700,25150,23450,24700,111896,0.04661016949152552
2024-04-04,24700,25100,24300,24900,44430,0.00809716599190291
2024-04-05,24600,24800,24200,24250,25706,-0.026104417670682722
2024-04-08,24400,24400,23400,23600,27941,-0.026804123711340222
2024-04-09,23750,23850,23400,23400,13704,-0.008474576271186418
2024-04-11,23350,23550,23050,23400,37141,0.0
2024-04-12,23300,23400,22800,22850,31913,-0.023504273504273532
2024-04-15,22500,22650,22050,22400,23251,-0.01969365426695846
2024-04-16,22200,22450,21500,21750,31413,-0.029017857142857095
2024-04-17,21750,22900,21750,22900,54616,0.05287356321839076
2024-04-18,23050,23250,22700,23050,13350,0.0065502183406114245
2024-04-19,22900,23150,22100,22800,22532,-0.010845986984815648
2024-04-22,22800,22900,21950,22350,60458,-0.019736842105263164
2024-04-23,22200,22500,22200,22250,21639,-0.004474272930648726
2024-04-24,22550,22900,22450,22900,32425,0.02921348314606731
2024-04-25,22800,23050,22650,22950,17453,0.0021834061135370675
2024-04-26,23100,23100,22500,22600,19253,-0.015250544662309351
2024-04-29,22550,22900,22550,22800,18652,0.008849557522123908
2024-04-30,22800,23100,22800,22950,16580,0.006578947368421018
2024-05-02,23050,23050,22600,22850,12147,-0.004357298474945481
2024-05-03,22700,22900,22650,22750,11687,-0.004376367614879695
2024-05-07,22750,23000,22700,22800,14419,0.00219780219780219
2024-05-08,22800,23000,22700,23000,10520,0.00877192982456143
2024-05-09,23050,23400,22700,22900,36678,-0.004347826086956497
2024-05-10,22850,22900,22350,22450,43903,-0.01965065502183405
2024-05-13,22800,22800,22350,22550,14008,0.00445434298440972
2024-05-14,22600,23400,22550,23050,41406,0.022172949002217335
2024-05-16,23050,23050,22650,22700,25609,-0.015184381778741818
2024-05-17,22800,23800,22600,23550,78909,0.037444933920704804
2024-05-20,23650,24000,23350,23500,41064,-0.002123142250530785
2024-05-21,23800,23800,23250,23300,23494,-0.008510638297872353
2024-05-22,23400,24100,23100,23750,46673,0.0193133047210301
2024-05-23,23800,23800,23050,23150,27576,-0.025263157894736876
2024-05-24,23000,23900,23000,23200,54433,0.002159827213822796
2024-05-27,23400,23500,22600,22950,34817,-0.010775862068965525
2024-05-28,23000,23000,22400,22450,34077,-0.02178649237472763
2024-05-29,22500,22600,21950,22000,28997,-0.020044543429844075
2024-05-30,21850,22100,21500,21500,27064,-0.022727272727272707
2024-05-31,21600,21850,21500,21650,17313,0.006976744186046435
2024-06-03,21900,21900,21550,21650,25129,0.0
2024-06-04,21700,21750,21100,21200,34919,-0.020785219399538146
2024-06-05,21200,21550,21100,21350,21256,0.007075471698113178
2024-06-07,21500,21800,21300,21350,21371,0.0
2024-06-10,21450,21750,21300,21650,19378,0.014051522248243575
2024-06-11,21650,21800,21200,21250,24144,-0.018475750577367167
2024-06-12,21300,21550,21250,21450,18650,0.009411764705882453
2024-06-13,21600,21750,21350,21450,19502,0.0
2024-06-14,21450,22850,21350,22750,104441,0.06060606060606055
2024-06-17,23300,23950,22700,22800,172535,0.00219780219780219
2024-06-18,22800,22800,21800,22000,58780,-0.03508771929824561
2024-06-19,22000,22000,21450,21500,53739,-0.022727272727272707
2024-06-20,21700,21700,21400,21450,25198,-0.0023255813953488857
2024-06-21,21450,21600,21200,21300,18484,-0.006993006993006978
2024-06-24,21300,21300,20000,20450,113213,-0.039906103286385
2024-06-25,20650,20650,20150,20400,30302,-0.0024449877750610804
2024-06-26,20600,20600,20000,20200,22222,-0.009803921568627416
2024-06-27,20200,20350,20000,20150,19657,-0.0024752475247524774
2024-06-28,20200,20500,20000,20450,13433,0.014888337468982549
2024-07-01,20750,20750,20100,20250,24246,-0.009779951100244544
2024-07-02,20200,20250,19970,20050,22751,-0.00987654320987652
2024-07-03,20200,20200,19970,20000,15202,-0.0024937655860348684
2024-07-04,20200,20200,19960,20150,17235,0.007500000000000062
2024-07-05,20200,20300,20000,20150,17669,0.0
2024-07-08,20200,20350,20000,20200,28845,0.002481389578163684
2024-07-09,20200,20350,20150,20300,9031,0.004950495049504955
2024-07-10,20300,20600,20200,20350,42542,0.0024630541871921707
2024-07-11,20300,20400,20200,20250,10119,-0.004914004914004955
2024-07-12,20400,20450,20200,20300,16877,0.0024691358024691024
2024-07-15,20500,20650,20400,20600,18664,0.014778325123152802
2024-07-16,20500,20600,20100,20200,20541,-0.01941747572815533
2024-07-17,20200,20400,20200,20250,9394,0.0024752475247524774
2024-07-18,20250,20250,19800,20100,19998,-0.007407407407407418
2024-07-19,20100,20100,19710,19760,37012,-0.01691542288557213
2024-07-22,19700,20100,19700,19750,17142,-0.0005060728744938903
2024-07-23,19980,20000,19600,19610,26463,-0.00708860759493668
2024-07-24,19610,19780,19550,19660,12801,0.0025497195308517018
2024-07-25,19610,19610,19020,19100,30186,-0.028484231943031513
2024-07-26,19250,19500,19170,19330,15668,0.012041884816753834
2024-07-29,19440,19440,19200,19280,11257,-0.002586652871184647
2024-07-30,19340,19340,19030,19080,15871,-0.010373443983402453
2024-07-31,19250,19250,19000,19220,19016,0.007337526205450695
2024-08-01,19220,19490,19220,19490,13960,0.014047866805410925
2024-08-02,19380,19460,19000,19000,25398,-0.025141097998973794
2024-08-05,18890,18890,16950,17220,88319,-0.09368421052631581
2024-08-06,17240,18130,17240,17880,39144,0.03832752613240409
2024-08-07,17880,18800,17700,18700,42238,0.045861297539149914
2024-08-08,18600,19110,18250,18680,41617,-0.0010695187165775666
2024-08-09,18900,19800,18710,19550,69199,0.04657387580299788
2024-08-12,19550,20400,19450,20300,56066,0.038363171355498826
2024-08-13,20350,20850,19850,19850,31100,-0.022167487684729092
2024-08-14,19790,19960,19680,19900,23478,0.0025188916876575096
2024-08-16,19900,20000,19580,19680,29689,-0.011055276381909507
2024-08-19,19680,19880,19250,19250,18276,-0.02184959349593496
2024-08-20,19580,19580,19100,19210,26386,-0.002077922077922123
2024-08-21,19400,19400,19040,19230,14089,0.0010411244143675447
2024-08-22,19390,19440,18890,18970,18182,-0.013520540821632898
2024-08-23,18970,19190,18830,19010,10191,0.0021085925144965767
2024-08-26,19010,19010,18780,18860,12464,-0.007890583903208848
2024-08-27,19200,19200,18710,19000,6779,0.007423117709437932
2024-08-28,19180,19180,18770,18770,9606,-0.01210526315789473
2024-08-29,18750,18810,18480,18660,10833,-0.00586041555673944
2024-08-30,18840,18850,18580,18680,10294,0.001071811361200492
2024-09-02,18800,18820,18400,18490,11071,-0.010171306209850073
2024-09-03,18700,18810,18470,18800,17907,0.016765819361817202
2024-09-04,18120,18830,18000,18150,36298,-0.034574468085106336
2024-09-05,18370,18420,18120,18120,8983,-0.0016528925619834212
2024-09-06,18130,18250,17690,17700,16432,-0.023178807947019875
2024-09-09,17620,18180,17420,18150,12277,0.025423728813559254
2024-09-10,18300,18300,17750,17760,12825,-0.02148760330578514
2024-09-11,18090,18090,17630,17890,17153,0.007319819819819884
2024-09-12,18260,18260,17850,18100,6276,0.01173840134153159
2024-09-13,18100,18860,18050,18790,25829,0.03812154696132586
2024-09-19,18740,18740,18410,18600,10351,-0.010111761575306022
2024-09-20,18490,18680,18240,18240,39721,-0.01935483870967747
2024-09-23,18390,18430,18300,18350,1754,0.006030701754385914
2024-09-24,18260,18500,18260,18440,6146,0.004904632152588517
2024-09-25,18600,18600,18500,18540,4993,0.005422993492407713
2024-09-26,18650,19340,18610,19310,48401,0.041531823085221076
2024-09-27,19310,19480,19170,19280,16111,-0.0015535991714137332
2024-09-30,19270,19450,19080,19110,9194,-0.008817427385892085
2024-10-02,19110,19110,18650,18800,10291,-0.016221873364730466
2024-10-04,18800,19000,18660,18810,5511,0.0005319148936169249
2024-10-07,18810,19240,18800,19150,19582,0.018075491759702356
2024-10-08,19150,19150,18950,18980,5511,-0.008877284595300239
2024-10-10,18980,19300,18870,19020,14722,0.0021074815595363283
2024-10-11,19100,19190,18350,18350,13273,-0.035226077812828605
2024-10-14,18550,18850,18550,18570,6745,0.011989100817438647
2024-10-15,18760,19030,18660,18850,9660,0.015078082929456116
2024-10-16,18850,19020,18700,18830,2986,-0.001061007957559701
2024-10-17,19000,19030,18550,18680,8947,-0.007966011683483765
2024-10-18,18680,18690,18430,18660,14490,-0.0010706638115631772
2024-10-21,18680,18830,18500,18590,10849,-0.0037513397642015
2024-10-22,18590,18840,18300,18370,10079,-0.011834319526627168
2024-10-23,18320,18400,18170,18190,11726,-0.009798584648884057
2024-10-24,18360,18360,18020,18080,11958,-0.00604727872457389
2024-10-25,18040,18400,17920,18050,11323,-0.0016592920353982743
2024-10-28,18000,18300,18000,18080,10054,0.0016620498614958734
2024-10-29,18090,18210,17840,17940,13571,-0.007743362831858391
2024-10-30,18000,18000,17770,17800,12912,-0.0078037904124860225
2024-10-31,17800,17930,17600,17730,26103,-0.00393258426966292
2024-11-01,17620,17700,17480,17490,16438,-0.013536379018612488
2024-11-04,17350,17720,17350,17710,11607,0.012578616352201255
2024-11-05,17710,17990,17600,17990,12299,0.015810276679841806
2024-11-06,18010,18010,17600,17740,11820,-0.013896609227348478
2024-11-07,17740,17740,17520,17660,7011,-0.00450958286358516
2024-11-08,17550,17840,17430,17470,19353,-0.010758776896942268
2024-11-11,17510,17690,17280,17340,18538,-0.0074413279908414065
2024-11-12,17490,17490,16830,17150,28145,-0.010957324106113053
2024-11-13,17220,17300,16800,17010,12728,-0.008163265306122436
2024-11-14,17030,17300,16980,17030,6795,0.0011757789535566943
2024-11-15,16820,17720,16820,17700,13552,0.039342337052260756
2024-11-18,17700,18000,17670,17840,16300,0.00790960451977396
2024-11-19,17840,18110,17750,17960,21665,0.006726457399103047
2024-11-20,17960,18010,17600,17620,23746,-0.018930957683741645
2024-11-21,17420,17690,17420,17600,5948,-0.0011350737797957144
2024-11-22,17600,17720,17550,17610,10201,0.0005681818181817455
2024-11-25,17620,17850,17560,17680,10106,0.003975014196479165
2024-11-26,17710,17900,17250,17440,19036,-0.013574660633484115
2024-11-27,17440,17440,17110,17300,14411,-0.008027522935779796
2024-11-28,17250,17730,17200,17710,24631,0.023699421965317935
2024-11-29,18100,18450,17980,18340,88685,0.035573122529644285
2024-12-02,18400,18460,17790,17920,41427,-0.022900763358778664
2024-12-03,17800,18440,17800,18290,57349,0.020647321428571397
2024-12-04,17800,18160,17660,17940,43265,-0.01913613996719521
2024-12-05,17950,17950,17270,17540,47328,-0.022296544035674493
2024-12-06,17420,17680,16790,16950,63472,-0.033637400228050174
2024-12-09,16780,16780,15710,15820,50969,-0.06666666666666665
2024-12-10,15820,16620,15820,16590,13389,0.04867256637168138
2024-12-11,16500,17110,16500,16980,19788,0.02350813743218816
2024-12-12,17180,17180,16730,17070,18328,0.005300353356890497
2024-12-13,17070,17180,16600,17070,17024,0.0
2024-12-16,17220,18730,17070,18500,85872,0.08377270064440534
2024-12-17,18450,18800,18130,18500,26797,0.0
2024-12-18,18500,19100,17990,19070,47838,0.030810810810810718
2024-12-19,18850,18860,18420,18420,9781,-0.0340849501835343
2024-12-20,18420,18490,17830,17960,8886,-0.02497285559174811
2024-12-23,18000,18320,17920,18050,23039,0.0050111358574609355
2024-12-24,18050,18320,17900,18060,31351,0.0005540166204986985
2024-12-26,18050,18170,17870,18000,34594,-0.0033222591362126463
2024-12-27,18010,18010,17280,17610,18039,-0.021666666666666612
2024-12-30,17600,17600,17300,17460,9488,-0.008517887563884163
2025-01-02,17420,17460,17120,17290,28367,-0.009736540664375681
2025-01-03,17290,17850,17290,17690,17959,0.023134759976865205
2025-01-06,17700,18150,17500,18050,30920,0.020350480497456136
2025-01-07,18050,18840,17900,18800,50756,0.04155124653739617
2025-01-08,18800,19630,18680,19520,69896,0.038297872340425476
2025-01-09,19450,19920,19210,19750,32584,0.01178278688524581
2025-01-10,19800,19800,19150,19370,20657,-0.019240506329113893
2025-01-13,19450,19550,18870,19120,17027,-0.012906556530717594
2025-01-14,18970,19470,18970,19170,21213,0.0026150627615062483
2025-01-15,19170,19340,18800,19000,12744,-0.008868022952529975
2025-01-16,19000,19420,18860,19330,11478,0.017368421052631478
2025-01-17,19330,19860,19240,19680,26705,0.01810657009829275
2025-01-20,19630,19720,19330,19510,18779,-0.008638211382113847
2025-01-21,19640,20300,19450,19990,37693,0.024602767811378712
2025-01-22,19990,20100,19570,19820,23865,-0.008504252126062983
2025-01-23,20000,20950,19880,20900,142321,0.0544904137235116
2025-01-24,20700,21200,20350,20900,48736,0.0
2025-01-31,20650,20900,20300,20650,26941,-0.011961722488038284
2025-02-03,20650,20650,19930,20000,24604,-0.03147699757869249
2025-02-04,20300,20300,19800,19830,20125,-0.008499999999999952
2025-02-05,20100,20800,19710,19770,42581,-0.00302571860816947
2025-02-06,20000,20950,19940,20750,39798,0.04957005563985839
2025-02-07,20750,20950,20350,20550,17598,-0.009638554216867434
2025-02-10,20500,20900,20150,20300,23198,-0.012165450121654486
2025-02-11,20600,21750,20500,21700,92886,0.06896551724137923
2025-02-12,21700,22100,21500,21600,58855,-0.004608294930875556
2025-02-13,21600,21750,21400,21650,20832,0.0023148148148148806
2025-02-14,21650,22100,21350,21350,29593,-0.01385681293302543
2025-02-17,21350,22000,21250,21700,29255,0.016393442622950838
2025-02-18,21900,21900,21550,21850,16760,0.00691244239631339
2025-02-19,21950,21950,21150,21250,27416,-0.027459954233409634
2025-02-20,21250,21250,20950,21000,12831,-0.0117647058823529
2025-02-21,21000,21600,20850,21250,16969,0.011904761904761862
2025-02-24,21100,21100,20500,20750,20608,-0.02352941176470591
2025-02-25,20950,21000,20400,20450,15605,-0.014457831325301207
2025-02-26,20700,21600,20550,21550,57883,0.05378973105134466
2025-02-27,21550,21600,20900,21450,23711,-0.004640371229698403
2025-02-28,21300,22000,21150,21500,46555,0.002331002331002363
2025-03-04,21500,21550,21100,21300,11817,-0.009302325581395321
2025-03-05,21100,21500,21000,21200,21180,-0.0046948356807511304
2025-03-06,21250,21700,21250,21650,18208,0.021226415094339535
2025-03-07,21900,22400,21200,22350,83016,0.0323325635103926
2025-03-10,22600,22600,21500,21500,34264,-0.03803131991051456
2025-03-11,21200,21450,20800,21050,35399,-0.020930232558139528
2025-03-12,20950,21000,20300,20550,33438,-0.02375296912114011
2025-03-13,20750,20750,19430,19750,113915,-0.038929440389294356
2025-03-14,19640,20300,19640,20100,33301,0.017721518987341867
2025-03-17,19970,20300,19760,19830,20339,-0.013432835820895495
2025-03-18,19830,19990,19390,19630,23479,-0.010085728693898122
2025-03-19,19640,21250,19640,20650,80275,0.05196128374936326
2025-03-20,20750,23150,20700,22550,325347,0.09200968523002429
2025-03-21,22550,24050,22150,24050,255887,0.06651884700665178
2025-03-24,24000,24800,23650,24000,83187,-0.0020790020790020236
2025-03-25,24400,24400,22850,23000,91073,-0.04166666666666663
2025-03-26,23150,23450,22700,22950,51002,-0.0021739130434782483
2025-03-27,23100,23400,22700,22900,20963,-0.002178649237472796
2025-03-28,23000,23300,22500,23150,35032,0.01091703056768556
2025-03-31,23100,23100,22400,22650,25943,-0.021598272138228958
2025-04-01,22700,23350,22700,23100,29156,0.019867549668874274
2025-04-02,22850,23100,22100,22500,37223,-0.025974025974025983
2025-04-03,21600,23150,21500,22550,59909,0.0022222222222221255
2025-04-04,22550,23600,22100,23200,42066,0.02882483370288247
2025-04-07,22400,23250,22200,22300,54757,-0.03879310344827591
2025-04-08,22600,23250,22350,23050,47124,0.03363228699551568
2025-04-09,23000,23000,21400,21700,40471,-0.0585683297180043
2025-04-10,22150,22900,22100,22650,23851,0.04377880184331806
2025-04-11,22450,22850,22250,22400,18822,-0.01103752759381893
2025-04-14,22400,22500,21850,22000,32148,-0.017857142857142905
2025-04-15,22100,23100,21400,23000,40056,0.045454545454545414
2025-04-16,23000,23400,22800,23000,34463,0.0
2025-04-17,23100,23650,22950,23500,44641,0.021739130434782705
2025-04-18,23700,23700,23000,23250,15436,-0.010638297872340385
2025-04-21,23300,23600,23050,23250,26008,0.0
2025-04-22,23250,24100,23150,23850,58334,0.02580645161290329
2025-04-23,24100,24100,23350,23650,24794,-0.008385744234800874
2025-04-24,23650,23850,23350,23400,29330,-0.010570824524312905
2025-04-25,23400,23700,22950,23500,32615,0.004273504273504258
2025-04-28,23600,24100,23350,23400,33492,-0.004255319148936176
2025-04-29,23400,24600,23400,24300,81933,0.03846153846153855
2025-04-30,24600,24600,23950,24350,47005,0.002057613168724215
2025-05-02,24300,24400,23750,24100,36309,-0.010266940451745366
2025-05-07,24100,24450,23900,24450,28769,0.014522821576763434
2025-05-08,24550,24650,24150,24650,28748,0.008179959100204526
2025-05-09,24700,25450,24550,25350,61922,0.028397565922920975
2025-05-12,25300,25650,24700,25550,44383,0.007889546351084853
2025-05-13,25700,25700,24550,25450,42777,-0.003913894324853229
2025-05-14,25500,25550,24550,24600,41556,-0.03339882121807469
2025-05-15,24300,24800,24150,24650,24872,0.00203252032520318
2025-05-16,25000,25050,24150,24450,23821,-0.008113590263691739
2025-05-19,24050,24850,23900,24850,30465,0.01635991820040905
2025-05-20,24550,25800,24400,25650,46230,0.03219315895372232
2025-05-21,25700,25800,25200,25650,29724,0.0
2025-05-22,25650,25850,25300,25600,26483,-0.0019493177387914784
2025-05-23,25200,25550,25100,25200,17870,-0.015625
2025-05-26,25300,26250,25150,26050,42479,0.03373015873015883
2025-05-27,26250,26350,25750,26300,22555,0.009596928982725572
2025-05-28,26300,26400,25400,25650,46051,-0.024714828897338448
2025-05-29,25650,26500,25450,26400,41577,0.029239766081871288
2025-05-30,26350,26700,26250,26400,20580,0.0
2025-06-02,26700,26700,26100,26100,16615,-0.011363636363636354
2025-06-04,26500,27300,26100,27100,54453,0.03831417624521083
2025-06-05,27300,29000,27150,28550,114451,0.053505535055350606
2025-06-09,29350,29450,28250,28400,88781,-0.005253940455341555
2025-06-10,28450,29800,28250,29000,101653,0.021126760563380254
2025-06-11,29500,29600,28100,28750,84617,-0.008620689655172376
2025-06-12,28550,29550,28550,28950,41711,0.006956521739130528
2025-06-13,29200,29200,27350,27800,81283,-0.03972366148531947
2025-06-16,27800,29300,27700,29000,73251,0.043165467625899234
2025-06-17,28300,29450,27950,28600,94304,-0.01379310344827589
2025-06-18,28750,29300,28200,28950,54537,0.012237762237762295
2025-06-19,28950,29000,28150,28200,27633,-0.025906735751295318
2025-06-20,28300,28850,28050,28700,24452,0.01773049645390068
2025-06-23,28700,28800,27900,28050,22722,-0.022648083623693416
2025-06-24,28300,28650,27850,28050,45806,0.0
2025-06-25,28050,28100,26800,27100,76305,-0.033868092691622054
2025-06-26,27250,27300,26075,26650,97120,-0.016605166051660514
2025-06-27,26650,26850,26000,26350,35696,-0.011257035647279534
2025-06-30,26900,28450,26500,27850,137121,0.05692599620493355
2025-07-01,27950,28500,27450,28200,50596,0.012567324955116588
2025-07-02,28200,28800,27700,28750,47804,0.019503546099290725
2025-07-03,28750,29000,28100,28350,51498,-0.013913043478260834
2025-07-04,28350,28650,28100,28450,36866,0.003527336860670305
2025-07-07,28900,30000,28350,29250,138924,0.02811950790861162
2025-07-08,29300,29500,28750,28950,30453,-0.01025641025641022
2025-07-09,29350,30000,29000,29550,63514,0.020725388601036343
2025-07-10,29750,29750,29000,29350,31132,-0.006768189509306244
2025-07-11,29400,29550,28500,28600,60463,-0.02555366269165249
2025-07-14,28600,29400,28550,28950,51748,0.012237762237762295
2025-07-15,29000,30000,28900,29150,40341,0.006908462867012188
2025-07-16,28950,29300,28550,28850,37809,-0.010291595197255532
2025-07-17,28850,29800,28700,29250,109833,0.013864818024263537
2025-07-18,29250,29400,28700,29150,46080,-0.0034188034188034067
2025-07-21,28750,29750,28650,29650,49918,0.0171526586620927
2025-07-22,29800,30600,29550,30300,86978,0.021922428330522825
2025-07-23,30600,30600,29300,29350,48820,-0.031353135313531344
2025-07-24,29100,29400,28500,29050,59512,-0.010221465076660996
2025-07-25,29400,29400,28150,28450,35205,-0.02065404475043031
2025-07-28,28400,28500,27750,28450,53514,0.0
2025-07-29,28500,29550,27850,29350,42039,0.03163444639718804
2025-07-30,29700,29700,28600,28700,19922,-0.022146507666098825
2025-07-31,28700,29600,28450,29300,35312,0.020905923344947785
2025-08-01,29300,29300,27900,28300,42504,-0.03412969283276446
2025-08-04,28300,29900,28150,29200,61580,0.03180212014134276
2025-08-05,29050,29650,28850,29050,28341,-0.005136986301369828
2025-08-06,29000,29650,28600,29250,17901,0.0068846815834766595
2025-08-07,29250,30000,29050,30000,40478,0.02564102564102555
2025-08-08,29450,30150,28300,30000,61337,0.0
2025-08-11,29950,30600,29600,30300,34878,0.010000000000000009
2025-08-12,30300,30950,29800,30650,58341,0.011551155115511635
2025-08-13,30850,30850,30450,30500,21469,-0.004893964110929905
2025-08-14,30500,30500,29850,29900,12416,-0.01967213114754096
2025-08-18,29900,30000,29300,29800,24211,-0.0033444816053511683
2025-08-19,29850,30350,29500,29750,19027,-0.001677852348993314
2025-08-20,29700,29750,28900,29350,50436,-0.013445378151260456
2025-08-21,29800,29800,28800,28950,30527,-0.013628620102214661
2025-08-22,28950,29650,28900,29300,13549,0.012089810017271052
2025-08-25,29100,29300,28550,29100,70091,-0.0068259385665528916
2025-08-26,29200,30050,29050,29700,20013,0.020618556701030855
2025-08-27,29500,29750,29250,29500,19169,-0.006734006734006703
2025-08-28,29250,29750,29250,29550,16266,0.0016949152542373724
2025-08-29,29750,29850,29350,29550,13079,0.0
2025-09-01,29800,30050,29300,29950,19128,0.013536379018612488
2025-09-02,30100,30100,29250,30050,22960,0.0033388981636059967
2025-09-03,29550,29800,29100,29200,29653,-0.028286189683860208
2025-09-04,29200,29600,28850,29350,26609,0.005136986301369939
2025-09-05,29400,29450,28950,29000,9921,-0.011925042589437829
2025-09-08,29200,30700,29000,29400,43506,0.01379310344827589
2025-09-09,29400,29850,29050,29100,17070,-0.010204081632653073
2025-09-10,29100,29350,28500,28800,38053,-0.010309278350515427
2025-09-11,28900,28950,27800,28400,45674,-0.01388888888888884
2025-09-12,28400,28650,28150,28500,28160,0.0035211267605634866
2025-09-15,28650,29100,28000,28900,23870,0.01403508771929829
2025-09-16,28800,29050,28350,28750,24299,-0.00519031141868509
2025-09-17,28850,29050,28400,28950,17629,0.006956521739130528
2025-09-18,28950,29300,28650,28650,34982,-0.010362694300518172
2025-09-19,28650,28900,28250,28350,28057,-0.010471204188481686
2025-09-22,28500,29450,28400,29300,52750,0.0335097001763669
2025-09-23,29300,29300,28800,28900,14967,-0.013651877133105783
2025-09-24,28900,28950,27450,28800,75993,-0.0034602076124568004
2025-09-25,28750,28750,28200,28300,12272,-0.01736111111111116
2025-09-26,28200,28600,27900,27900,23285,-0.014134275618374548
2025-09-29,28300,28600,27400,27800,25879,-0.0035842293906810374
2025-09-30,27800,27800,26900,27250,46829,-0.01978417266187049
2025-10-01,27200,27350,26550,26800,34045,-0.016513761467889854
2025-10-02,27000,27050,26350,26500,25700,-0.011194029850746245
2025-10-10,26700,26700,25300,26100,45960,-0.015094339622641506
2025-10-13,25700,27050,25700,26500,24271,0.015325670498084198
2025-10-14,26700,26800,26200,26550,15222,0.0018867924528302993
2025-10-15,26550,26750,26200,26300,14224,-0.00941619585687381
2025-10-16,26300,26550,25800,25850,33320,-0.017110266159695797
2025-10-17,25850,25850,25100,25200,18336,-0.025145067698259194
2025-10-20,25400,25400,24800,25350,25519,0.005952380952380931
2025-10-21,25450,25500,24700,25100,32684,-0.009861932938856066
2025-10-22,24900,26000,24850,25650,21587,0.021912350597609542
2025-10-23,25650,26200,25300,25900,20231,0.00974658869395717
2025-10-24,26150,26800,26100,26400,31138,0.019305019305019266
2025-10-27,26400,26450,25800,25900,43650,-0.018939393939393923
2025-10-28,25900,26600,25850,26150,15277,0.009652509652509744
2025-10-29,26150,26150,25600,25750,15195,-0.015296367112810683
2025-10-30,25800,25900,25300,25350,17554,-0.01553398058252431
2025-10-31,25600,25600,24850,25000,23016,-0.013806706114398382
2025-11-03,25200,25950,24500,25400,64823,0.016000000000000014
2025-11-04,25400,25500,24800,25200,28739,-0.007874015748031482
2025-11-05,25050,25350,24700,25200,25232,0.0
2025-11-06,25250,26350,25050,26000,33019,0.031746031746031855
2025-11-07,26300,27550,26000,26750,75809,0.028846153846153744
2025-11-10,26700,27450,26700,27000,26217,0.009345794392523255
2025-11-11,27000,27200,26050,26350,30745,-0.024074074074074026
