Date,Open,High,Low,Close,Volume,Change
2023-03-03,26000,33800,26000,29800,8117275,
2023-03-06,29650,29700,25800,25950,2274397,-0.12919463087248317
2023-03-07,25250,31300,24000,30900,9324230,0.19075144508670516
2023-03-08,29050,30200,27900,28400,2542316,-0.08090614886731395
2023-03-09,28150,28400,25700,26100,1153150,-0.08098591549295775
2023-03-10,26150,28350,26000,26000,1053572,-0.003831417624521105
2023-03-13,25150,26100,24050,25400,650895,-0.023076923076923106
2023-03-14,25350,26450,23200,23300,648175,-0.08267716535433067
2023-03-15,23950,28950,23850,27500,3174825,0.18025751072961382
2023-03-16,26750,29350,25950,26900,2075288,-0.021818181818181848
2023-03-17,27550,29000,26300,26350,1400170,-0.020446096654275103
2023-03-20,26400,26800,25150,25250,495551,-0.04174573055028463
2023-03-21,25500,27250,25450,25650,944468,0.015841584158415856
2023-03-22,26300,27350,26250,26700,850306,0.040935672514619936
2023-03-23,26250,27800,26000,26200,886886,-0.01872659176029967
2023-03-24,26750,27200,26000,26950,458871,0.028625954198473247
2023-03-27,27900,28400,27250,28400,1077628,0.05380333951762517
2023-03-28,28650,28650,27000,27100,523795,-0.045774647887323994
2023-03-29,27950,34900,27500,34900,7060609,0.2878228782287824
2023-03-30,34900,39450,33300,36900,6824115,0.057306590257879764
2023-03-31,35750,36500,33050,33050,1394327,-0.10433604336043356
2023-04-03,32550,35950,31000,33000,3550954,-0.001512859304084735
2023-04-04,32700,35100,32050,33150,1854736,0.00454545454545463
2023-04-05,33550,33700,31800,32850,822354,-0.009049773755656076
2023-04-06,32400,33200,30250,31000,1163891,-0.05631659056316596
2023-04-07,31350,33150,31050,32850,1042100,0.05967741935483861
2023-04-10,33500,33600,31200,31700,1187814,-0.03500761035007616
2023-04-11,32100,33900,31400,32400,1387970,0.02208201892744488
2023-04-12,32450,34550,31750,32950,2103524,0.016975308641975273
2023-04-13,32950,32950,31500,31800,567397,-0.03490136570561453
2023-04-14,32350,33150,32100,32200,893699,0.012578616352201255
2023-04-17,32400,32450,31600,31800,449884,-0.012422360248447228
2023-04-18,32050,33150,31750,32150,904208,0.011006289308176154
2023-04-19,32700,33650,32200,32200,998684,0.0015552099533437946
2023-04-20,31950,32600,29000,29050,926839,-0.09782608695652173
2023-04-21,28800,28950,26350,26850,635307,-0.07573149741824436
2023-04-24,26800,27750,26200,27000,268045,0.005586592178770999
2023-04-25,27900,29100,27050,27650,633745,0.024074074074074137
2023-04-26,27000,27300,26150,26300,255125,-0.0488245931283906
2023-04-27,26400,27450,25250,27000,277543,0.026615969581748944
2023-04-28,27300,27450,25600,25700,243276,-0.04814814814814816
2023-05-02,25800,27300,25800,26500,267297,0.03112840466926059
2023-05-03,26500,27900,26200,26950,281505,0.016981132075471805
2023-05-04,27000,29150,26550,28550,497437,0.05936920222634501
2023-05-08,28650,28800,27400,28450,188208,-0.003502626970227629
2023-05-09,28650,28950,27950,28850,146314,0.014059753954305698
2023-05-10,29200,30100,27350,27800,337594,-0.036395147313691534
2023-05-11,27900,28650,27250,27700,116680,-0.003597122302158251
2023-05-12,27500,29500,27500,28850,456667,0.041516245487364545
2023-05-15,29600,29900,28050,28900,303471,0.0017331022530329143
2023-05-16,29200,29600,28500,28600,225090,-0.01038062283737029
2023-05-17,28950,29600,28600,28850,290466,0.00874125874125875
2023-05-18,29100,29600,28500,28600,183837,-0.008665511265164683
2023-05-19,29050,29050,26900,27950,246233,-0.022727272727272707
2023-05-22,27700,27900,27300,27350,134944,-0.02146690518783545
2023-05-23,27150,27850,27150,27300,127489,-0.001828153564899404
2023-05-24,27300,27450,26400,27400,176022,0.00366300366300365
2023-05-25,27850,27850,27100,27150,116336,-0.009124087591240837
2023-05-26,27100,27300,26150,26500,129140,-0.023941068139963217
2023-05-30,26550,27500,26100,26700,246521,0.007547169811320753
2023-05-31,26550,27200,26550,26600,82770,-0.0037453183520599342
2023-06-01,26800,26850,25850,26350,132100,-0.009398496240601517
2023-06-02,26550,27250,26000,27050,151668,0.026565464895635715
2023-06-05,27000,27000,26000,26150,331570,-0.03327171903881698
2023-06-07,26250,27300,26100,27150,328572,0.03824091778202687
2023-06-08,26850,27350,26200,26350,184646,-0.029465930018416242
2023-06-09,26800,28750,26600,28350,784962,0.0759013282732448
2023-06-12,28650,29300,27850,29000,594580,0.022927689594356204
2023-06-13,28800,30150,28400,29200,549049,0.006896551724137945
2023-06-14,29150,29700,28100,28750,368116,-0.015410958904109595
2023-06-15,28800,29500,27900,29000,263643,0.008695652173912993
2023-06-16,28900,29500,28750,29100,309432,0.0034482758620688614
2023-06-19,29350,30000,28600,29150,311606,0.0017182130584192379
2023-06-20,29000,29050,28000,28900,283691,-0.00857632933104635
2023-06-21,28800,29450,27250,27450,282151,-0.05017301038062283
2023-06-22,27350,28000,26900,28000,101687,0.020036429872495543
2023-06-23,28000,28250,27300,27850,119431,-0.005357142857142838
2023-06-26,27850,27850,26400,27200,157492,-0.02333931777378817
2023-06-27,27200,27200,25800,25950,257634,-0.045955882352941124
2023-06-28,26250,26300,25200,25200,169111,-0.028901734104046284
2023-06-29,25350,26300,25250,25300,184542,0.003968253968253954
2023-06-30,25100,26200,24250,26150,215817,0.03359683794466406
2023-07-03,26450,27000,25900,26000,151422,-0.005736137667303964
2023-07-04,26500,26500,25900,25950,107818,-0.0019230769230769162
2023-07-05,26600,27250,26400,26700,200864,0.028901734104046284
2023-07-06,27000,28150,26700,26950,254350,0.009363295880149725
2023-07-07,27200,27200,25850,26400,141716,-0.020408163265306145
2023-07-10,26450,30000,25100,28450,2678390,0.07765151515151514
2023-07-11,27500,28150,26750,27350,921591,-0.038664323374341
2023-07-12,27200,27250,25750,25850,508739,-0.054844606946983565
2023-07-13,26150,26300,25350,25500,304828,-0.013539651837524147
2023-07-14,25900,26400,24900,25800,320453,0.0117647058823529
2023-07-17,25700,25800,25100,25450,143540,-0.013565891472868241
2023-07-18,25500,27250,25450,27200,820070,0.06876227897838905
2023-07-19,28500,28600,26450,26650,909756,-0.020220588235294157
2023-07-20,26300,26900,25550,26450,271450,-0.007504690431519689
2023-07-21,26000,27150,25900,25950,295035,-0.018903591682419618
2023-07-24,26050,26550,25500,25750,350448,-0.0077071290944122905
2023-07-25,25750,25900,24800,24900,341023,-0.03300970873786413
2023-07-26,24650,24700,22150,22400,598744,-0.10040160642570284
2023-07-27,21750,22950,21300,21400,230666,-0.044642857142857095
2023-07-28,20900,21650,20400,21100,227197,-0.014018691588784993
2023-07-31,21000,22500,21000,22000,176966,0.042654028436019065
2023-08-01,23050,23650,22100,22450,299597,0.020454545454545503
2023-08-02,22000,23000,20850,21100,183005,-0.060133630289532336
2023-08-03,21150,21150,20200,20450,168373,-0.03080568720379151
2023-08-04,20900,21000,20250,20600,85692,0.007334963325183352
2023-08-07,20350,20600,19040,19170,311837,-0.06941747572815538
2023-08-08,19180,19560,18830,18840,146445,-0.017214397496087663
2023-08-09,18870,19900,18870,19850,147934,0.05360934182590227
2023-08-10,19850,20950,19400,20250,151530,0.02015113350125941
2023-08-11,20750,20750,19750,20200,154280,-0.0024691358024691024
2023-08-14,20200,20350,19710,19900,83549,-0.014851485148514865
2023-08-16,19890,20950,19850,20200,188444,0.015075376884422065
2023-08-17,19800,20150,19100,19950,104164,-0.012376237623762387
2023-08-18,19850,21800,19830,20550,481280,0.03007518796992481
2023-08-21,20300,22550,20300,21650,372542,0.05352798053527974
2023-08-22,22000,22150,21100,21250,118850,-0.018475750577367167
2023-08-23,21400,22050,20200,20300,200287,-0.04470588235294115
2023-08-24,20400,21350,20400,20600,133161,0.014778325123152802
2023-08-25,20050,20900,20000,20150,103460,-0.021844660194174748
2023-08-28,20250,24650,20250,21700,1878280,0.07692307692307687
2023-08-29,21400,22000,21200,21700,206860,0.0
2023-08-30,21900,22400,21800,22050,176936,0.016129032258064502
2023-08-31,22150,22500,21850,22100,175603,0.0022675736961450532
2023-09-01,21950,22100,21150,21400,138129,-0.03167420814479638
2023-09-04,20150,20600,19360,20100,490678,-0.06074766355140182
2023-09-05,20200,20700,19970,20100,211682,0.0
2023-09-06,20350,23450,20150,21350,1690469,0.062189054726368154
2023-09-07,21100,21500,20400,20600,387643,-0.03512880562060894
2023-09-08,20700,20700,19820,20300,230052,-0.014563106796116498
2023-09-11,20400,20500,19210,19250,365885,-0.051724137931034475
2023-09-12,19370,19590,18510,18700,306312,-0.02857142857142858
2023-09-13,18400,18400,17010,17060,538496,-0.08770053475935824
2023-09-14,17230,17570,17060,17570,183844,0.029894490035170085
2023-09-15,17750,18160,17550,17620,145309,0.002845759817871274
2023-09-18,17620,17630,16560,17030,121833,-0.0334846765039728
2023-09-19,17100,17150,16530,16650,133435,-0.022313564298297117
2023-09-20,16630,16820,16220,16660,91361,0.0006006006006005205
2023-09-21,16600,16610,15870,15980,134177,-0.04081632653061229
2023-09-22,15500,16040,15400,16040,130233,0.003754693366708306
2023-09-25,15740,15840,15160,15190,140060,-0.05299251870324184
2023-09-26,15020,15480,15020,15300,85761,0.0072416063199474134
2023-09-27,14950,15750,14830,15710,60166,0.026797385620914937
2023-10-04,15500,15570,14530,14530,112397,-0.07511139401654998
2023-10-05,14680,14810,14270,14430,55782,-0.006882312456985562
2023-10-06,14200,14950,14200,14840,37733,0.028413028413028396
2023-10-10,14840,15050,14190,14200,68047,-0.04312668463611857
2023-10-11,14300,15030,14300,14830,122664,0.04436619718309864
2023-10-12,14850,15640,14850,15340,125432,0.034389750505731564
2023-10-13,15260,16040,14950,15080,75024,-0.016949152542372836
2023-10-16,15000,15000,14360,14530,87929,-0.036472148541114024
2023-10-17,14610,15250,14610,15000,77075,0.032346868547832086
2023-10-18,15380,15380,14780,14830,41425,-0.011333333333333306
2023-10-19,15480,16270,14000,14720,514371,-0.007417397167902906
2023-10-20,15000,15260,14040,14990,211455,0.018342391304347894
2023-10-23,15750,16900,15460,16120,562539,0.07538358905937281
2023-10-24,16120,17350,15620,16890,426204,0.04776674937965253
2023-10-25,17100,17570,16650,17070,235228,0.010657193605683846
2023-10-26,16940,17070,16050,16050,201401,-0.05975395430579966
2023-10-27,16010,16930,15300,16670,241885,0.038629283489096666
2023-10-30,16670,17800,16400,16680,212210,0.0005998800239952473
2023-10-31,16850,16850,15170,15400,146468,-0.0767386091127098
2023-11-01,15400,16090,15090,15110,105911,-0.018831168831168865
2023-11-02,15270,16280,15270,16020,80877,0.06022501654533419
2023-11-03,16300,16990,15600,16410,201296,0.02434456928838946
2023-11-06,16720,17500,16510,17420,247790,0.06154783668494823
2023-11-07,17440,17440,16400,16630,118979,-0.04535017221584381
2023-11-08,16800,16980,16030,16030,69171,-0.03607937462417321
2023-11-09,16030,16130,15430,15590,82381,-0.027448533998752356
2023-11-10,15480,15560,14780,14780,102450,-0.051956382296343806
2023-11-13,14780,15250,13880,14000,194926,-0.05277401894451961
2023-11-14,14010,14290,14010,14140,82019,0.010000000000000009
2023-11-15,14400,15040,14400,14700,119486,0.03960396039603964
2023-11-16,14920,15170,14600,15030,45966,0.022448979591836782
2023-11-17,15020,15020,14360,14390,84307,-0.042581503659347986
2023-11-20,14350,14850,14180,14720,57267,0.022932592077831826
2023-11-21,14740,15940,14500,15780,225494,0.0720108695652173
2023-11-22,15600,15600,15060,15170,103874,-0.03865652724968316
2023-11-23,15170,15290,15000,15010,46463,-0.010547132498352041
2023-11-24,15010,15800,14720,15430,130711,0.027981345769487076
2023-11-27,15760,16400,15000,15540,385973,0.0071289695398573105
2023-11-28,15770,15770,15200,15470,75927,-0.0045045045045044585
2023-11-29,15430,15610,15300,15330,59423,-0.009049773755656076
2023-11-30,15330,15750,15330,15560,72737,0.015003261578603988
2023-12-01,15400,15550,14990,15020,77071,-0.03470437017994854
2023-12-04,14920,15140,14680,14780,101294,-0.015978695073235683
2023-12-05,14650,15000,14560,14710,55970,-0.004736129905277386
2023-12-06,14650,14850,14570,14690,48864,-0.0013596193065941176
2023-12-07,14540,14660,14340,14410,49844,-0.019060585432266852
2023-12-08,14540,14750,14410,14510,44669,0.006939625260235838
2023-12-11,14460,14680,14420,14450,40433,-0.004135079255685681
2023-12-12,14300,14630,14260,14500,57786,0.0034602076124568004
2023-12-13,14500,14500,14160,14170,84627,-0.022758620689655173
2023-12-14,14490,14700,14300,14400,57084,0.016231474947071334
2023-12-15,14300,14830,14300,14450,73311,0.003472222222222321
2023-12-18,14520,14810,14500,14780,57634,0.02283737024221444
2023-12-19,14790,14810,14540,14780,39674,0.0
2023-12-20,15100,15240,14910,15090,87357,0.020974289580514283
2023-12-21,15150,15600,14820,14930,205784,-0.010603048376408242
2023-12-22,15030,17080,14890,15740,1659125,0.05425318151373082
2023-12-26,15240,15680,14610,15570,321638,-0.010800508259212194
2023-12-27,15520,15970,15210,15610,190220,0.0025690430314708745
2023-12-28,15610,16000,15410,15490,181933,-0.0076873798846892605
2024-01-02,15250,15490,15200,15440,75945,-0.0032278889606197625
2024-01-03,15160,15420,15070,15300,63415,-0.0090673575129534
2024-01-04,15290,15720,15090,15120,113294,-0.0117647058823529
2024-01-05,15100,15700,15030,15340,107780,0.014550264550264647
2024-01-08,15510,15890,15260,15770,123168,0.028031290743155246
2024-01-09,15790,15900,15570,15670,79847,-0.006341154090044432
2024-01-10,15580,15790,15150,15210,94233,-0.02935545628589664
2024-01-11,15400,15830,15220,15550,137249,0.02235371466140701
2024-01-12,15650,15690,14640,14820,179112,-0.04694533762057873
2024-01-15,14820,14820,14160,14330,142989,-0.03306342780026994
2024-01-16,14210,14950,14200,14200,113651,-0.009071877180739651
2024-01-17,14190,14650,14000,14010,131999,-0.013380281690140827
2024-01-18,14000,14250,13890,14000,62881,-0.0007137758743754885
2024-01-19,14100,14290,14000,14100,46368,0.0071428571428571175
2024-01-22,14110,14300,13950,14160,55611,0.004255319148936065
2024-01-23,14050,14240,13890,14000,84043,-0.011299435028248594
2024-01-24,13960,14130,13940,13960,53224,-0.0028571428571428914
2024-01-25,13960,13960,12900,13000,218393,-0.06876790830945556
2024-01-26,13030,13220,12900,13090,66138,0.006923076923077032
2024-01-29,13100,13190,12500,12660,159895,-0.032849503437738736
2024-01-30,12700,12930,12580,12580,55406,-0.006319115323854652
2024-01-31,12500,12630,12020,12020,80111,-0.04451510333863273
2024-02-01,12000,12500,11990,12270,74791,0.02079866888519133
2024-02-02,12280,12760,12270,12380,58041,0.00896495517522422
2024-02-05,12460,12460,11890,11910,66259,-0.03796445880452337
2024-02-06,11820,12320,11590,12230,77961,0.026868178001679288
2024-02-07,12170,12490,12170,12240,30740,0.0008176614881438837
2024-02-08,12210,12650,12210,12450,55062,0.017156862745097978
2024-02-13,12740,12740,12450,12540,43154,0.0072289156626506035
2024-02-14,12330,12660,12180,12620,51260,0.006379585326953707
2024-02-15,12650,12810,12380,12540,85275,-0.006339144215530945
2024-02-16,12700,13240,12660,13040,140090,0.03987240829346095
2024-02-19,13000,13120,12710,12780,74870,-0.019938650306748462
2024-02-20,12880,13200,12530,12920,76915,0.010954616588419341
2024-02-21,12800,13410,12740,13240,145773,0.024767801857585203
2024-02-22,13320,13320,12940,12980,70080,-0.01963746223564955
2024-02-23,13000,13100,12670,12690,57522,-0.02234206471494604
2024-02-26,12700,12900,12690,12730,37385,0.0031520882584712417
2024-02-27,12610,12840,12310,12420,56762,-0.02435192458758839
2024-02-28,12400,13090,12400,12650,66284,0.0185185185185186
2024-02-29,12610,12680,12400,12440,45718,-0.016600790513834007
2024-03-04,12500,12710,12210,12210,61435,-0.018488745980707377
2024-03-05,12120,12300,11960,11980,67146,-0.018837018837018826
2024-03-06,11980,12220,11680,11690,69165,-0.024207011686143587
2024-03-07,11710,13200,11700,13150,427276,0.12489307100085534
2024-03-08,12950,12950,12500,12710,109281,-0.033460076045627396
2024-03-11,12730,12880,12560,12600,49841,-0.00865460267505902
2024-03-12,12750,13270,12660,13160,123154,0.04444444444444451
2024-03-13,13170,14180,12990,14020,272478,0.06534954407294835
2024-03-14,14150,14150,13510,13560,106018,-0.032810271041369465
2024-03-15,13560,13700,13170,13180,70871,-0.028023598820059004
2024-03-18,13190,13400,13010,13170,48751,-0.0007587253414264028
2024-03-19,13220,13650,12990,13580,97630,0.031131359149582316
2024-03-20,13580,13580,13050,13060,91598,-0.038291605301914555
2024-03-21,13060,14530,13060,13810,404000,0.057427258805512915
2024-03-22,13680,13800,13540,13800,61621,-0.0007241129616220032
2024-03-25,13810,14480,13810,14200,141107,0.02898550724637672
2024-03-26,14110,14910,13970,14790,173874,0.04154929577464794
2024-03-27,14790,15120,14350,14390,165723,-0.027045300878972278
2024-03-28,14400,14500,14000,14060,79778,-0.022932592077831826
2024-03-29,14200,15100,13890,15020,236928,0.06827880512091045
2024-04-01,15020,15300,14700,15080,151589,0.003994673768308976
2024-04-02,15040,15270,14270,14460,120490,-0.04111405835543769
2024-04-03,14400,15000,14000,14720,82691,0.017980636237897585
2024-04-04,14990,14990,14100,14230,101022,-0.033288043478260865
2024-04-05,14100,14290,13450,14110,141757,-0.008432888264230498
2024-04-08,14120,14270,13280,13400,104722,-0.05031892274982286
2024-04-09,13330,13920,13330,13670,42714,0.020149253731343242
2024-04-11,13450,13600,12890,12910,90325,-0.05559619604974397
2024-04-12,12920,13100,12690,12750,40368,-0.012393493415956636
2024-04-15,12420,12700,12300,12550,52259,-0.015686274509803977
2024-04-16,12380,12700,12150,12160,52203,-0.03107569721115533
2024-04-17,12100,12670,12100,12480,44920,0.026315789473684292
2024-04-18,12680,12960,12500,12920,32828,0.03525641025641035
2024-04-19,12750,12850,12170,12560,54521,-0.02786377708978327
2024-04-22,12590,13060,12590,12970,49103,0.03264331210191074
2024-04-23,12920,13720,12920,13510,84088,0.041634541249036205
2024-04-24,13920,14290,13580,13630,79906,0.00888230940044421
2024-04-25,13890,14040,13550,13900,68412,0.019809244314013208
2024-04-26,14000,14000,13370,13390,50185,-0.03669064748201434
2024-04-29,13390,13490,13270,13390,22826,0.0
2024-04-30,13400,14070,13400,13680,72868,0.02165795369678869
2024-05-02,13630,13630,13330,13350,28312,-0.02412280701754388
2024-05-03,13350,13730,13350,13420,29018,0.005243445692883819
2024-05-07,13430,13600,13150,13220,26846,-0.014903129657228065
2024-05-08,13100,13290,13040,13100,26767,-0.009077155824508298
2024-05-09,13040,13300,12830,12830,50754,-0.02061068702290081
2024-05-10,12690,13050,12690,12770,44226,-0.004676539360872978
2024-05-13,12770,12880,12510,12600,33213,-0.013312451057165275
2024-05-14,12510,13860,12510,13330,191385,0.05793650793650795
2024-05-16,13550,13750,13190,13410,41660,0.006001500375093727
2024-05-17,13510,13920,13300,13380,65949,-0.0022371364653244186
2024-05-20,13200,13590,13000,13000,40829,-0.02840059790732441
2024-05-21,13000,13220,12680,13180,53644,0.013846153846153841
2024-05-22,13180,13320,12710,12920,67372,-0.019726858877086473
2024-05-23,12850,13040,12700,12920,22573,0.0
2024-05-24,12790,12860,12610,12750,42774,-0.013157894736842146
2024-05-27,12750,12750,12200,12400,94188,-0.027450980392156876
2024-05-28,12350,13760,12310,13500,229859,0.08870967741935476
2024-05-29,13750,14500,13500,14200,337186,0.051851851851851816
2024-05-30,14430,14490,13600,14110,117962,-0.006338028169014076
2024-05-31,14110,14240,13800,13910,64594,-0.014174344436569841
2024-06-03,14150,14400,13600,13880,62896,-0.0021567217828900587
2024-06-04,13830,14150,13620,13900,77372,0.0014409221902016434
2024-06-05,14170,14440,13600,13780,99559,-0.008633093525179825
2024-06-07,13720,14080,13400,13650,68111,-0.009433962264150941
2024-06-10,13650,13930,13500,13730,51509,0.00586080586080584
2024-06-11,13800,14730,13600,14150,197028,0.030589949016751605
2024-06-12,14670,15300,14260,14840,380570,0.04876325088339217
2024-06-13,14950,15300,14750,15050,246111,0.014150943396226356
2024-06-14,15660,15730,14580,14580,569454,-0.03122923588039872
2024-06-17,14860,15140,14560,14600,220168,0.00137174211248281
2024-06-18,15000,15000,14280,14450,149609,-0.010273972602739767
2024-06-19,14300,14580,14150,14460,141645,0.0006920415224913601
2024-06-20,14460,14470,14110,14200,93517,-0.017980636237897696
2024-06-21,14220,14330,13830,14000,76403,-0.014084507042253502
2024-06-24,13920,13980,12960,13150,140306,-0.06071428571428572
2024-06-25,13740,16500,13700,15220,5924140,0.1574144486692015
2024-06-26,15050,15460,14250,14630,1077849,-0.038764783180026297
2024-06-27,14630,14700,13580,13580,521007,-0.0717703349282297
2024-06-28,13400,13690,13130,13610,296111,0.0022091310751104487
2024-07-01,13700,13920,13650,13730,212836,0.00881704628949298
2024-07-02,13540,13740,13170,13190,147726,-0.03932993445010924
2024-07-03,13370,13440,13140,13190,116568,0.0
2024-07-04,13410,13410,13050,13050,90845,-0.010614101592115288
2024-07-05,13050,13290,13000,13080,87034,0.0022988505747125743
2024-07-08,13100,13430,13100,13260,73564,0.013761467889908285
2024-07-09,13360,13360,13080,13130,83404,-0.009803921568627416
2024-07-10,13190,13190,12950,12960,114768,-0.012947448591012933
2024-07-11,13000,13000,12780,12800,88405,-0.012345679012345734
2024-07-12,12680,12730,12500,12630,76418,-0.013281250000000022
2024-07-15,12670,12680,12460,12520,66001,-0.008709422011084711
2024-07-16,12410,12520,12020,12100,135734,-0.033546325878594296
2024-07-17,12050,12200,11780,11780,95315,-0.026446280991735516
2024-07-18,11640,11780,11460,11570,69886,-0.017826825127334467
2024-07-19,11520,11850,11520,11750,58277,0.015557476231633505
2024-07-22,11750,11750,10920,11060,114044,-0.05872340425531919
2024-07-23,11150,11250,10620,10710,77884,-0.03164556962025311
2024-07-24,10500,10710,10250,10370,133211,-0.031746031746031744
2024-07-25,10110,10160,9750,9980,112736,-0.03760848601735778
2024-07-26,9910,10050,9800,9920,58734,-0.006012024048096198
2024-07-29,9930,10090,9830,9950,59712,0.003024193548387011
2024-07-30,9850,10440,9850,9900,88981,-0.005025125628140725
2024-07-31,9900,9950,9480,9750,123346,-0.015151515151515138
2024-08-01,9770,10150,9770,9880,50443,0.01333333333333342
2024-08-02,9570,9680,9430,9430,92537,-0.045546558704453455
2024-08-05,9340,9430,7670,7920,190042,-0.16012725344644752
2024-08-06,7660,8580,7660,8580,122536,0.08333333333333326
2024-08-07,8580,10930,8410,10050,976432,0.17132867132867124
2024-08-08,9840,12390,9690,11590,2184082,0.15323383084577125
2024-08-09,11900,12250,11410,12040,664027,0.03882657463330452
2024-08-12,12240,14960,11650,14010,7052907,0.16362126245847186
2024-08-13,13700,13990,12400,12530,1492607,-0.10563882940756597
2024-08-14,12790,13010,11850,11850,680270,-0.05426975259377498
2024-08-16,11850,12700,11180,11410,912100,-0.037130801687763726
2024-08-19,11770,12480,11550,11950,844321,0.04732690622261182
2024-08-20,11780,14410,11610,13230,8408013,0.107112970711297
2024-08-21,12860,13400,12630,12870,866834,-0.027210884353741527
2024-08-22,13200,13650,12090,12090,962562,-0.06060606060606055
2024-08-23,11910,13590,11900,12730,2586176,0.052936311000827185
2024-08-26,12450,13400,12450,12940,1201012,0.016496465043205122
2024-08-27,12730,14880,12650,13980,4566408,0.08037094281298307
2024-08-28,13710,14830,13150,13690,1842424,-0.0207439198855508
2024-08-29,14240,15200,13810,13910,3070636,0.016070124178232392
2024-08-30,13720,14150,13290,13730,515227,-0.012940330697340019
2024-09-02,13600,13700,12750,12780,396653,-0.06919155134741439
2024-09-03,12780,13130,12000,12030,393795,-0.05868544600938963
2024-09-04,11090,11790,11090,11430,333006,-0.04987531172069826
2024-09-05,11440,11900,10700,11780,417316,0.03062117235345574
2024-09-06,12450,12800,10810,10810,705280,-0.08234295415959259
2024-09-09,10510,10850,10400,10430,155197,-0.03515263644773359
2024-09-10,10500,10820,10020,10020,197013,-0.03930968360498566
2024-09-11,10060,10470,10060,10240,105691,0.02195608782435121
2024-09-12,10310,10730,10310,10350,155543,0.0107421875
2024-09-13,10390,11950,10350,10750,1127088,0.03864734299516903
2024-09-19,10750,10900,10400,10510,136731,-0.022325581395348792
2024-09-20,10830,10840,10430,10480,101373,-0.0028544243577545148
2024-09-23,10530,10810,10430,10550,136024,0.006679389312977069
2024-09-24,10490,10920,10490,10810,127784,0.024644549763033208
2024-09-25,10760,11300,10730,11150,184652,0.031452358926919555
2024-09-26,11110,11300,11010,11250,111429,0.008968609865470878
2024-09-27,11300,11300,11020,11090,71493,-0.014222222222222247
2024-09-30,11200,11200,10870,11010,74718,-0.007213706041478862
2024-10-02,10810,11000,10530,10620,81009,-0.03542234332425065
2024-10-04,10540,10790,10250,10260,102522,-0.03389830508474578
2024-10-07,10280,11070,10280,10950,164442,0.067251461988304
2024-10-08,10850,11050,10630,10670,48515,-0.025570776255707806
2024-10-10,11080,11500,10830,10910,188343,0.022492970946579094
2024-10-11,10800,11030,10550,10550,69432,-0.03299725022914757
2024-10-14,10770,10800,10600,10680,88245,0.012322274881516604
2024-10-15,10550,10750,10400,10430,58269,-0.023408239700374533
2024-10-16,10430,11000,10430,10600,171465,0.016299137104506256
2024-10-17,10600,11230,10300,11000,183248,0.037735849056603765
2024-10-18,10850,10950,10580,10790,79825,-0.019090909090909047
2024-10-21,10690,10840,10550,10580,42336,-0.019462465245597804
2024-10-22,10490,10720,10100,10120,87070,-0.04347826086956519
2024-10-23,10130,10280,9730,10020,60249,-0.00988142292490124
2024-10-24,9890,10010,9690,9700,70818,-0.031936127744510934
2024-10-25,9800,9860,9350,9360,66587,-0.035051546391752564
2024-10-28,9310,9700,8960,9500,58358,0.014957264957264904
2024-10-29,9400,9550,9200,9290,66593,-0.02210526315789474
2024-10-30,9290,9370,9110,9230,43647,-0.006458557588805203
2024-10-31,9070,9410,9020,9240,44032,0.0010834236186347823
2024-11-01,9230,9230,8970,9010,83642,-0.024891774891774854
2024-11-04,9000,9430,8950,9300,39436,0.03218645948945609
2024-11-05,9260,9520,9180,9350,46377,0.005376344086021501
2024-11-06,9360,9480,8800,8840,76152,-0.054545454545454564
2024-11-07,8800,8840,8480,8550,82019,-0.03280542986425339
2024-11-08,8570,9060,8570,8750,52728,0.023391812865497075
2024-11-11,8760,8770,8170,8220,84911,-0.06057142857142861
2024-11-12,8220,8240,7800,7870,125991,-0.04257907542579076
2024-11-13,7800,8000,7510,7530,105622,-0.043202033036848775
2024-11-14,7700,7990,7180,7180,82206,-0.04648074369189903
2024-11-15,7140,7400,7020,7300,87187,0.01671309192200554
2024-11-18,7210,7470,7120,7300,65107,0.0
2024-11-19,7240,7270,7000,7110,80163,-0.02602739726027392
2024-11-20,7020,7100,6780,6870,100217,-0.03375527426160341
2024-11-21,6850,6920,6580,6670,125052,-0.02911208151382827
2024-11-22,6580,6740,6460,6470,139011,-0.02998500749625188
2024-11-25,6450,6690,6450,6580,122139,0.01700154559505407
2024-11-26,6530,6570,6270,6330,161021,-0.037993920972644424
2024-11-27,6300,6380,6120,6150,142523,-0.028436018957345932
2024-11-28,6110,7990,6110,7990,2970149,0.2991869918699186
2024-11-29,8560,9900,8560,9000,9895378,0.12640801001251556
2024-12-02,9100,9140,8730,8920,1576922,-0.008888888888888835
2024-12-03,9060,9930,8910,9070,3709703,0.01681614349775784
2024-12-04,8770,9000,8120,8280,555573,-0.08710033076074974
2024-12-05,8350,8360,7700,7900,496479,-0.04589371980676327
2024-12-06,7750,7890,7210,7310,390688,-0.07468354430379742
2024-12-09,6990,7150,6550,6560,319574,-0.10259917920656636
2024-12-10,6560,7750,6560,7300,1102354,0.11280487804878048
2024-12-11,7230,7520,7230,7410,247267,0.015068493150685036
2024-12-12,7550,7590,7260,7460,136534,0.006747638326585648
2024-12-13,7460,7700,7380,7540,175366,0.01072386058981234
2024-12-16,7820,8540,7730,8320,590179,0.10344827586206895
2024-12-17,8320,8360,8080,8170,453485,-0.018028846153846145
2024-12-18,8220,8300,8040,8250,118840,0.009791921664626724
2024-12-19,8010,8010,7790,7790,124198,-0.055757575757575784
2024-12-20,7750,7820,7230,7230,140170,-0.07188703465982027
2024-12-23,7260,7880,7260,7530,70664,0.04149377593361003
2024-12-24,7490,7650,7210,7210,96151,-0.04249667994687911
2024-12-26,7270,7400,7160,7260,72345,0.006934812760055475
2024-12-27,7130,7220,6850,6990,120003,-0.037190082644628086
2024-12-30,6770,7150,6770,7100,38572,0.01573676680972813
2025-01-02,7030,7240,6430,6970,158269,-0.018309859154929553
2025-01-03,6960,7320,6840,7230,95216,0.0373027259684362
2025-01-06,7250,7370,7240,7310,66862,0.011065006915629283
2025-01-07,7260,7420,7260,7290,59475,-0.002735978112175075
2025-01-08,7230,7400,7180,7360,51114,0.009602194787379892
2025-01-09,7350,7400,7180,7390,59920,0.0040760869565217295
2025-01-10,7400,7420,7180,7250,55311,-0.018944519621109657
2025-01-13,7240,7320,7000,7080,64724,-0.02344827586206899
2025-01-14,7080,7280,7050,7190,36608,0.015536723163841915
2025-01-15,7150,7310,7020,7030,67067,-0.022253129346314293
2025-01-16,7100,7310,7060,7100,68966,0.009957325746799528
2025-01-17,7100,7190,7010,7030,52619,-0.009859154929577452
2025-01-20,7040,8340,7040,7880,2274829,0.12091038406827881
2025-01-21,7860,7870,7390,7410,258578,-0.05964467005076146
2025-01-22,7490,7570,7280,7350,452877,-0.0080971659919028
2025-01-23,7350,7400,7020,7030,149290,-0.0435374149659864
2025-01-24,7010,7150,7000,7070,52789,0.005689900426742556
2025-01-31,7090,7150,6930,7040,54712,-0.004243281471004279
2025-02-03,7040,7040,6580,6600,143778,-0.0625
2025-02-04,6620,6810,6590,6640,61290,0.0060606060606061
2025-02-05,6580,6890,6580,6780,60483,0.02108433734939763
2025-02-06,7000,7000,6790,6920,37159,0.020648967551622377
2025-02-07,6950,7060,6860,6930,40783,0.0014450867052022698
2025-02-10,6760,6980,6670,6960,69127,0.0043290043290042934
2025-02-11,7040,7500,6970,7100,149269,0.02011494252873569
2025-02-12,7070,7150,6960,7100,64540,0.0
2025-02-13,7070,7270,7060,7200,83315,0.014084507042253502
2025-02-14,7250,7340,7170,7170,75231,-0.004166666666666652
2025-02-17,7110,7280,7070,7160,76622,-0.001394700139469962
2025-02-18,7170,7200,7100,7170,50099,0.0013966480446927498
2025-02-19,7200,7550,7190,7520,200872,0.04881450488145056
2025-02-20,7500,7530,7290,7370,121357,-0.019946808510638347
2025-02-21,7360,7840,7360,7640,225124,0.03663500678426046
2025-02-24,7450,8190,7440,7900,682177,0.03403141361256545
2025-02-25,7830,8440,7720,7780,409320,-0.015189873417721489
2025-02-26,7810,7940,7700,7760,105650,-0.0025706940874036244
2025-02-27,7830,7920,7590,7600,77910,-0.020618556701030966
2025-02-28,7470,7590,7260,7260,90161,-0.044736842105263186
2025-03-04,7030,7070,6920,6940,84125,-0.0440771349862259
2025-03-05,6940,7100,6860,7010,63038,0.01008645533141217
2025-03-06,7100,7150,6760,6860,112802,-0.021398002853067033
2025-03-07,6790,7100,6730,6940,57794,0.011661807580174877
2025-03-10,6900,7080,6820,6860,25440,-0.011527377521613813
2025-03-11,6600,6810,6500,6800,59726,-0.008746355685131157
2025-03-12,6790,6950,6730,6850,42588,0.007352941176470562
2025-03-13,6840,6990,6760,6800,73401,-0.007299270072992692
2025-03-14,6750,7030,6750,7000,36573,0.02941176470588225
2025-03-17,6960,7000,6820,6900,52169,-0.014285714285714235
2025-03-18,6870,6970,6810,6840,32356,-0.008695652173912993
2025-03-19,6860,6980,6810,6930,60681,0.013157894736842035
2025-03-20,6960,6990,6710,6750,60719,-0.025974025974025983
2025-03-21,6770,6810,6570,6720,54367,-0.004444444444444473
2025-03-24,6720,7490,6640,6910,295644,0.028273809523809534
2025-03-25,6920,7750,6920,7200,606972,0.04196816208393628
2025-03-26,7200,7250,7110,7160,76953,-0.005555555555555536
2025-03-27,7070,7120,6930,6990,66570,-0.023743016759776525
2025-03-28,7000,7000,6690,6690,90621,-0.0429184549356223
2025-03-31,6600,6680,6240,6240,74800,-0.06726457399103136
2025-04-01,6140,6380,6140,6260,74407,0.0032051282051281937
2025-04-02,6410,6490,6080,6130,48865,-0.02076677316293929
2025-04-03,6000,6150,5970,6040,31247,-0.014681892332789603
2025-04-04,5920,6200,5920,6200,39122,0.026490066225165476
2025-04-07,6000,6150,5860,5910,57884,-0.04677419354838708
2025-04-08,5750,6090,5700,5700,71651,-0.035532994923857864
2025-04-09,5600,5750,5370,5450,87812,-0.04385964912280704
2025-04-10,5630,5830,5600,5710,44984,0.047706422018348515
2025-04-11,5510,5840,5490,5840,60113,0.022767075306479923
2025-04-14,5840,6030,5840,5940,27731,0.017123287671232834
2025-04-15,6030,6160,5940,6090,56506,0.025252525252525304
2025-04-16,6170,6470,6040,6200,112049,0.01806239737274229
2025-04-17,6210,6450,6210,6320,23844,0.019354838709677358
2025-04-18,6330,6400,6210,6210,30850,-0.017405063291139222
2025-04-21,6210,6350,6160,6160,12455,-0.008051529790660261
2025-04-22,6110,6190,6070,6170,15941,0.0016233766233766378
2025-04-23,6320,6520,6150,6240,100495,0.011345218800648205
2025-04-24,6350,6360,6230,6260,18827,0.0032051282051281937
2025-04-25,6280,6500,6270,6400,33775,0.022364217252396124
2025-04-28,6490,6520,6320,6320,22500,-0.012499999999999956
2025-04-29,6330,6440,6260,6350,22270,0.004746835443038
2025-04-30,6360,6380,6190,6190,26940,-0.025196850393700787
2025-05-02,6240,6340,6220,6270,14396,0.01292407108239102
2025-05-07,6120,6320,6110,6210,24333,-0.009569377990430672
2025-05-08,6220,6410,6220,6380,21487,0.027375201288244666
2025-05-09,6420,6420,6240,6360,23940,-0.0031347962382445305
2025-05-12,6360,6420,6210,6340,24060,-0.0031446540880503138
2025-05-13,6390,6580,6340,6460,52279,0.018927444794952786
2025-05-14,6500,6630,6370,6550,35651,0.01393188854489158
2025-05-15,6550,6550,6410,6450,29569,-0.01526717557251911
2025-05-16,6450,6500,6280,6330,26323,-0.018604651162790753
2025-05-19,6300,6300,6100,6250,32258,-0.012638230647709303
2025-05-20,6350,6350,6060,6080,31616,-0.027200000000000002
2025-05-21,6080,6260,6080,6150,23858,0.011513157894736947
2025-05-22,6140,6140,5930,5970,37547,-0.029268292682926855
2025-05-23,5930,5930,5760,5780,54830,-0.031825795644891075
2025-05-26,5720,5890,5680,5680,25381,-0.01730103806228378
2025-05-27,5960,5960,5540,5560,23480,-0.021126760563380254
2025-05-28,5580,5800,5580,5760,39599,0.03597122302158273
2025-05-29,5800,5890,5760,5840,23138,0.01388888888888884
2025-05-30,5930,5930,5700,5790,12617,-0.008561643835616417
2025-06-02,5940,5940,5670,5700,30684,-0.015544041450777257
2025-06-04,5680,5860,5680,5800,25316,0.01754385964912286
2025-06-05,5810,6010,5810,5890,26928,0.01551724137931032
2025-06-09,5840,5890,5770,5830,19406,-0.01018675721561968
2025-06-10,5830,5910,5770,5850,21183,0.0034305317324185847
2025-06-11,5850,5960,5830,5930,23502,0.013675213675213627
2025-06-12,5930,6030,5880,5990,24030,0.010118043844856706
2025-06-13,6000,6040,5700,5750,39798,-0.04006677796327207
2025-06-16,5760,5760,5570,5600,33533,-0.02608695652173909
2025-06-17,5650,5660,5400,5440,72963,-0.02857142857142858
2025-06-18,5410,5580,5340,5410,60801,-0.005514705882352922
2025-06-19,5710,5710,5400,5490,42799,0.014787430683918634
2025-06-20,5480,5540,5390,5490,34153,0.0
2025-06-23,5480,5480,5270,5320,32322,-0.030965391621129323
2025-06-24,5360,5590,5360,5530,41118,0.03947368421052633
2025-06-25,5630,5630,5460,5600,18722,0.012658227848101333
2025-06-26,5620,5650,5370,5550,28171,-0.008928571428571397
2025-06-27,5510,5520,5380,5480,17359,-0.012612612612612595
2025-06-30,5440,5540,5260,5370,17745,-0.02007299270072993
2025-07-01,5330,5490,5330,5440,12978,0.013035381750465591
2025-07-02,5390,5410,5290,5340,27527,-0.018382352941176516
2025-07-03,5310,5450,5310,5360,36100,0.0037453183520599342
2025-07-04,5370,5520,5330,5370,35082,0.001865671641791078
2025-07-07,5500,5500,5290,5310,26948,-0.011173184357541888
2025-07-08,5310,5380,5180,5310,38789,0.0
2025-07-09,5250,5290,5170,5180,30833,-0.024482109227871973
2025-07-10,5180,5290,5170,5240,15277,0.01158301158301156
2025-07-11,5280,5410,5260,5330,37873,0.01717557251908386
2025-07-14,5340,5400,5280,5380,25154,0.009380863039399667
2025-07-15,5400,5430,5260,5400,33390,0.0037174721189590088
2025-07-16,5380,5380,5290,5300,11589,-0.01851851851851849
2025-07-17,5330,5330,5210,5260,25098,-0.007547169811320753
2025-07-18,5360,5460,5300,5420,52442,0.03041825095057038
2025-07-21,5450,5600,5370,5600,37938,0.03321033210332103
2025-07-22,5610,5630,5370,5410,41601,-0.03392857142857142
2025-07-23,5410,5440,5300,5310,34625,-0.01848428835489835
2025-07-24,5270,5500,5270,5360,19921,0.009416195856873921
2025-07-25,5360,5480,5330,5390,19880,0.005597014925373234
2025-07-28,5390,5460,5260,5370,18354,-0.0037105751391465214
2025-07-29,5330,5400,5250,5320,18967,-0.009310986964618295
2025-07-30,5270,5410,5250,5390,30544,0.013157894736842035
2025-07-31,5360,5480,5320,5350,21544,-0.007421150278293154
2025-08-01,5400,5400,5030,5050,60613,-0.05607476635514019
2025-08-04,5000,5200,5000,5160,14870,0.0217821782178218
2025-08-05,5130,5470,5130,5390,39137,0.04457364341085279
2025-08-06,5340,5500,5290,5320,32396,-0.012987012987012991
2025-08-07,5300,5370,5275,5290,18731,-0.005639097744360888
2025-08-08,5350,5350,5250,5270,14349,-0.003780718336483968
2025-08-11,5280,5490,5190,5380,52013,0.020872865275142205
2025-08-12,5340,5480,5330,5460,32521,0.014869888475836479
2025-08-13,5500,5690,5460,5600,80670,0.02564102564102555
2025-08-14,5550,5770,5540,5600,53039,0.0
2025-08-18,5550,5740,5400,5430,19984,-0.03035714285714286
2025-08-19,5460,5470,5260,5440,18067,0.0018416206261511192
2025-08-20,5380,5420,5220,5280,23898,-0.02941176470588236
2025-08-21,5300,5380,5240,5320,8441,0.007575757575757569
2025-08-22,5350,5370,5110,5110,30597,-0.03947368421052633
2025-08-25,5200,5300,5130,5240,20257,0.02544031311154593
2025-08-26,5250,5420,5140,5230,9028,-0.001908396946564861
2025-08-27,5180,5240,5060,5100,26968,-0.0248565965583174
2025-08-28,5070,5180,5010,5040,23881,-0.0117647058823529
2025-08-29,5080,5080,4875,4930,87197,-0.02182539682539686
2025-09-01,4930,4930,4595,4675,96262,-0.051724137931034475
2025-09-02,4675,4800,4655,4725,56364,0.010695187165775444
2025-09-03,5600,5800,4885,4955,448438,0.04867724867724865
2025-09-04,4970,4985,4880,4910,44680,-0.00908173562058523
2025-09-05,4900,4950,4810,4945,49389,0.007128309572301372
2025-09-08,4910,4990,4860,4880,39739,-0.013144590495449915
2025-09-09,4880,4905,4835,4850,31073,-0.006147540983606592
2025-09-10,4865,4905,4815,4900,47959,0.010309278350515427
2025-09-11,4910,4920,4825,4845,31735,-0.011224489795918391
2025-09-12,4900,4920,4845,4920,35050,0.015479876160990669
2025-09-15,4900,4985,4900,4920,22022,0.0
2025-09-16,4925,5050,4925,5000,44913,0.016260162601626105
2025-09-17,4990,5040,4955,5000,25343,0.0
2025-09-18,5020,5040,4970,4985,56010,-0.0030000000000000027
2025-09-19,5010,5070,4900,4910,29158,-0.015045135406218657
2025-09-22,4885,4950,4825,4830,24499,-0.016293279022403295
2025-09-23,4865,4940,4780,4780,24207,-0.010351966873705987
2025-09-24,4780,4890,4650,4730,32588,-0.010460251046025104
2025-09-25,4730,4780,4650,4775,14854,0.009513742071881603
2025-09-26,4755,4860,4625,4635,29080,-0.029319371727748678
2025-09-29,5360,5360,4910,4945,341821,0.06688241639697945
2025-09-30,4900,4975,4810,4865,51273,-0.016177957532861442
2025-10-01,4865,4865,4735,4745,46286,-0.02466598150051391
2025-10-02,4745,4850,4710,4785,29431,0.008429926238145313
2025-10-10,4800,4800,4565,4600,90850,-0.03866248693834906
2025-10-13,4515,4600,4470,4470,53288,-0.02826086956521734
2025-10-14,4515,4645,4510,4545,45328,0.016778523489932917
2025-10-15,4530,4690,4530,4670,28469,0.027502750275027577
2025-10-16,4740,4945,4725,4915,90264,0.05246252676659524
2025-10-17,4900,5170,4735,5120,135009,0.04170905391658186
2025-10-20,5070,5120,4895,5020,30569,-0.01953125
2025-10-21,5030,5140,4860,4995,60362,-0.004980079681274896
2025-10-22,5070,5160,4950,5140,44963,0.02902902902902893
2025-10-23,5130,5190,5030,5040,19846,-0.01945525291828798
2025-10-24,5000,5550,4985,5460,211961,0.08333333333333326
2025-10-27,5530,5530,5270,5290,53026,-0.031135531135531136
2025-10-28,5290,5370,5100,5290,33250,0.0
2025-10-29,5300,5380,5190,5270,34370,-0.003780718336483968
2025-10-30,5270,5280,4900,4935,59231,-0.06356736242884253
2025-10-31,5510,5510,4950,4980,57106,0.00911854103343468
2025-11-03,4945,5090,4620,4850,48715,-0.026104417670682722
2025-11-04,4910,5120,4875,5010,37279,0.03298969072164959
2025-11-05,5010,5040,4735,4820,29918,-0.03792415169660679
2025-11-06,4840,4920,4730,4805,23029,-0.003112033195020736
2025-11-07,4800,4940,4605,4700,33726,-0.02185223725286156
2025-11-10,4700,4790,4675,4770,24535,0.014893617021276562
2025-11-11,4770,4900,4710,4780,16566,0.002096436058700135
