Date,Open,High,Low,Close,Volume,Change
2022-01-03,3930,3930,3910,3920,36765,0.0
2022-01-04,3905,3925,3870,3925,67347,0.0012755102040815647
2022-01-05,3925,4075,3900,4055,177308,0.03312101910828025
2022-01-06,4010,4165,4005,4065,155699,0.002466091245376001
2022-01-07,4060,4180,4005,4150,171142,0.02091020910209096
2022-01-10,4110,4130,4010,4045,64303,-0.025301204819277112
2022-01-11,4020,4065,3960,3970,53904,-0.018541409147095234
2022-01-12,3980,4075,3980,4070,40477,0.025188916876574208
2022-01-13,4085,4095,3990,4000,61111,-0.017199017199017175
2022-01-14,3965,4095,3950,4095,51336,0.023749999999999938
2022-01-17,4050,4080,3985,4010,30948,-0.020757020757020794
2022-01-18,3965,4060,3905,3940,44881,-0.017456359102244412
2022-01-19,3875,3940,3800,3820,70079,-0.030456852791878153
2022-01-20,3825,3910,3775,3860,64924,0.010471204188481575
2022-01-21,3860,3945,3780,3885,48610,0.006476683937823857
2022-01-24,3825,3850,3720,3730,130751,-0.039897039897039854
2022-01-25,3700,3770,3535,3540,173119,-0.05093833780160861
2022-01-26,3500,3610,3500,3590,78466,0.01412429378531077
2022-01-27,3570,3615,3380,3380,144798,-0.058495821727019504
2022-01-28,3350,3490,3350,3490,79733,0.03254437869822491
2022-02-03,3500,3610,3500,3580,95077,0.025787965616045794
2022-02-04,3580,3780,3530,3780,133243,0.05586592178770955
2022-02-07,3795,3795,3690,3770,75898,-0.002645502645502673
2022-02-08,3830,3955,3800,3935,298352,0.04376657824933683
2022-02-09,4000,4025,3950,3960,193006,0.006353240152477735
2022-02-10,4000,4155,3965,3990,526991,0.007575757575757569
2022-02-11,3990,4010,3830,3865,273101,-0.03132832080200498
2022-02-14,3770,3855,3750,3825,176269,-0.010349288486416586
2022-02-15,3825,3965,3740,3795,212874,-0.007843137254901933
2022-02-16,3915,3930,3870,3890,127254,0.025032938076416267
2022-02-17,3930,4290,3845,4015,3970841,0.03213367609254503
2022-02-18,3950,4155,3935,4130,999350,0.028642590286425795
2022-02-21,4085,4165,4010,4135,532690,0.001210653753026536
2022-02-22,4005,4140,4000,4085,431570,-0.01209189842805325
2022-02-23,4130,4155,4040,4090,256741,0.001223990208078396
2022-02-24,4045,4070,3900,3910,337467,-0.044009779951100225
2022-02-25,4005,4020,3920,4000,263944,0.023017902813299296
2022-02-28,3985,4040,3945,4030,135278,0.007500000000000062
2022-03-02,4050,4055,4000,4040,133722,0.002481389578163684
2022-03-03,4055,4065,4015,4035,102443,-0.0012376237623762387
2022-03-04,4020,4050,3980,4010,101706,-0.006195786864931829
2022-03-07,3960,3985,3880,3900,132770,-0.027431421446383997
2022-03-08,3810,3890,3810,3825,95150,-0.019230769230769273
2022-03-10,3900,4005,3895,3970,169818,0.03790849673202623
2022-03-11,4000,4085,3970,4085,203188,0.02896725440806036
2022-03-14,4090,4090,3895,3900,219814,-0.04528763769889843
2022-03-15,3855,3935,3840,3910,150733,0.002564102564102555
2022-03-16,3940,4000,3920,4000,101674,0.023017902813299296
2022-03-17,4050,4050,3990,4000,143929,0.0
2022-03-18,4015,4015,3940,3985,270737,-0.003750000000000031
2022-03-21,4000,4080,3995,4055,199549,0.017565872020075313
2022-03-22,4060,4100,4045,4065,150051,0.002466091245376001
2022-03-23,4070,4075,3985,4015,123076,-0.012300123001230068
2022-03-24,3990,4035,3970,4020,94969,0.001245330012453305
2022-03-25,4040,4045,3965,4010,120054,-0.0024875621890547706
2022-03-28,4030,4085,4000,4070,162354,0.014962593516209433
2022-03-29,4120,4220,4110,4150,760547,0.019656019656019597
2022-03-30,4200,4225,4130,4180,379965,0.0072289156626506035
2022-03-31,4180,4250,4165,4235,408685,0.013157894736842035
2022-04-01,4250,4765,4210,4445,9088210,0.04958677685950419
2022-04-04,4540,4695,4450,4605,2634819,0.03599550056242973
2022-04-05,4630,4635,4520,4595,553555,-0.0021715526601520097
2022-04-06,4595,4595,4470,4470,496029,-0.027203482045701888
2022-04-07,4400,4435,4250,4300,483576,-0.03803131991051456
2022-04-08,4340,4395,4220,4395,365817,0.02209302325581386
2022-04-11,4460,4535,4370,4455,492639,0.013651877133105783
2022-04-12,4400,4415,4290,4370,199824,-0.019079685746352437
2022-04-13,4360,4485,4360,4425,248264,0.012585812356979309
2022-04-14,4490,4585,4420,4550,734757,0.02824858757062154
2022-04-15,4480,4485,4430,4440,270340,-0.0241758241758242
2022-04-18,4495,4645,4455,4535,872896,0.021396396396396344
2022-04-19,4610,4610,4520,4560,340943,0.005512679162072764
2022-04-20,4600,4630,4510,4625,401634,0.014254385964912242
2022-04-21,4595,4610,4540,4590,254896,-0.007567567567567601
2022-04-22,4510,4645,4510,4610,290190,0.004357298474945592
2022-04-25,4560,4570,4460,4480,226348,-0.02819956616052066
2022-04-26,4520,4645,4480,4605,483086,0.02790178571428581
2022-04-27,4460,4520,4420,4500,269613,-0.0228013029315961
2022-04-28,4505,4760,4505,4680,1509563,0.040000000000000036
2022-04-29,4800,5310,4700,4750,13177624,0.014957264957264904
2022-05-02,4750,4880,4685,4720,1513607,-0.0063157894736841635
2022-05-03,4770,4780,4560,4560,1074519,-0.03389830508474578
2022-05-04,4550,4600,4420,4425,731505,-0.02960526315789469
2022-05-06,4370,4390,4275,4290,524555,-0.03050847457627115
2022-05-09,4230,4290,4065,4090,512202,-0.046620046620046596
2022-05-10,4010,4080,3910,4050,406866,-0.009779951100244544
2022-05-11,4055,4385,4055,4155,1307519,0.025925925925925908
2022-05-12,4055,4145,3945,3950,358976,-0.04933814681107096
2022-05-13,4020,4050,3950,3955,215432,0.0012658227848101333
2022-05-16,4010,4080,3995,4025,221958,0.017699115044247815
2022-05-17,4020,4055,3950,3995,237224,-0.007453416149068359
2022-05-18,4045,4045,3935,3945,214798,-0.01251564455569465
2022-05-19,3805,3860,3775,3800,303708,-0.03675538656527255
2022-05-20,3825,3835,3775,3835,188658,0.009210526315789558
2022-05-23,3835,3860,3785,3860,178041,0.006518904823989535
2022-05-24,3860,3860,3715,3730,241698,-0.033678756476683946
2022-05-25,3735,3770,3670,3685,153473,-0.012064343163538882
2022-05-26,3675,3760,3670,3675,150343,-0.0027137042062415073
2022-05-27,3720,3770,3705,3740,125232,0.017687074829932037
2022-05-30,3830,3925,3780,3895,293626,0.041443850267379734
2022-05-31,3945,3950,3880,3940,214509,0.011553273427471034
2022-06-02,4000,4015,3915,3940,169680,0.0
2022-06-03,3945,3950,3705,3885,176041,-0.013959390862944177
2022-06-07,3895,3910,3835,3845,103067,-0.01029601029601035
2022-06-08,3860,3865,3815,3815,89368,-0.007802340702210642
2022-06-09,3805,3830,3725,3760,108317,-0.014416775884665833
2022-06-10,3740,3745,3675,3700,140367,-0.015957446808510634
2022-06-13,3600,3600,3455,3495,254155,-0.055405405405405395
2022-06-14,3400,3530,3365,3460,162766,-0.010014306151645225
2022-06-15,3435,3485,3340,3345,181766,-0.033236994219653204
2022-06-16,3400,3440,3250,3290,136539,-0.01644245142002987
2022-06-17,3125,3280,3125,3280,322884,-0.003039513677811523
2022-06-20,3275,3305,3020,3050,191995,-0.07012195121951215
2022-06-21,3050,3120,3040,3050,147408,0.0
2022-06-22,3070,3130,2875,2885,266660,-0.0540983606557377
2022-06-23,2935,2950,2655,2765,355077,-0.04159445407279028
2022-06-24,2690,2890,2690,2875,218847,0.039783001808318286
2022-06-27,2965,3030,2910,3020,228888,0.050434782608695716
2022-06-28,3000,3040,2945,3015,98399,-0.0016556291390728006
2022-06-29,2950,3075,2945,3070,202342,0.018242122719734688
2022-06-30,3050,3050,2920,2940,151291,-0.04234527687296419
2022-07-01,2940,2960,2810,2810,103828,-0.04421768707482998
2022-07-04,2810,2850,2700,2740,154588,-0.02491103202846978
2022-07-05,2760,2880,2740,2880,112952,0.051094890510948954
2022-07-06,2870,2910,2815,2865,81023,-0.00520833333333337
2022-07-07,2865,2920,2860,2885,83163,0.00698080279232105
2022-07-08,2935,2950,2885,2950,126455,0.022530329289428108
2022-07-11,2935,2960,2880,2895,61860,-0.01864406779661021
2022-07-12,2855,2875,2775,2775,90093,-0.041450777202072575
2022-07-13,2750,2865,2750,2805,87881,0.0108108108108107
2022-07-14,2790,2980,2790,2980,358769,0.06238859180035661
2022-07-15,2990,2990,2870,2870,106746,-0.03691275167785235
2022-07-18,2930,2975,2910,2960,85842,0.03135888501742157
2022-07-19,2960,2965,2915,2950,35373,-0.0033783783783783994
2022-07-20,2990,3020,2955,2965,125885,0.005084745762711895
2022-07-21,2980,3000,2970,2980,49833,0.005059021922428242
2022-07-22,2995,3120,2975,3040,176083,0.020134228187919545
2022-07-25,3045,3050,3010,3020,74525,-0.006578947368421018
2022-07-26,3030,3045,3000,3010,45797,-0.0033112582781457123
2022-07-27,3000,3055,2980,3030,46615,0.006644518272425293
2022-07-28,3060,3070,2980,2990,68216,-0.01320132013201325
2022-07-29,3005,3070,3005,3010,55031,0.006688963210702337
2022-08-01,3030,3080,3005,3045,65603,0.011627906976744207
2022-08-02,3015,3045,2975,3000,87429,-0.014778325123152691
2022-08-03,2970,3030,2960,3005,102921,0.0016666666666667052
2022-08-04,3025,3045,3000,3025,119257,0.006655574043261225
2022-08-05,3010,3080,3010,3070,123944,0.014876033057851235
2022-08-08,3070,3070,2995,3015,99778,-0.01791530944625408
2022-08-09,3015,3020,2995,3015,61706,0.0
2022-08-10,3020,3020,2970,2990,66088,-0.008291873963515717
2022-08-11,3025,3070,3010,3060,119291,0.02341137123745818
2022-08-12,3040,3070,2995,3040,138520,-0.006535947712418277
2022-08-16,3050,3065,3025,3040,61879,0.0
2022-08-17,3040,3045,3005,3040,65411,0.0
2022-08-18,3030,3030,2975,3025,69816,-0.004934210526315819
2022-08-19,3005,3025,2980,2985,59095,-0.013223140495867813
2022-08-22,2985,2985,2890,2900,98911,-0.028475711892797295
2022-08-23,2885,2970,2860,2905,71055,0.0017241379310344307
2022-08-24,2885,2940,2885,2930,75454,0.008605851979345935
2022-08-25,2950,3055,2940,3025,203759,0.03242320819112621
2022-08-26,3045,3060,2990,2990,74619,-0.011570247933884281
2022-08-29,2895,2950,2860,2920,100931,-0.02341137123745818
2022-08-30,2915,3205,2890,3100,1795603,0.06164383561643838
2022-08-31,3085,3135,3050,3100,320065,0.0
2022-09-01,3055,3130,3000,3030,220955,-0.022580645161290325
2022-09-02,3030,3100,2995,3025,136549,-0.0016501650165016146
2022-09-05,3000,3025,2935,2950,140033,-0.024793388429752095
2022-09-06,2980,3015,2940,2980,61391,0.01016949152542379
2022-09-07,3010,3010,2840,2910,186276,-0.023489932885906062
2022-09-08,2920,2950,2860,2890,53897,-0.0068728522336769515
2022-09-13,2915,2995,2915,2965,60953,0.02595155709342567
2022-09-14,2860,2955,2860,2955,53485,-0.003372681281618939
2022-09-15,2960,3500,2960,3185,6208343,0.07783417935702208
2022-09-16,3175,3335,3050,3130,1749466,-0.017268445839874413
2022-09-19,3190,3545,3115,3365,9157448,0.07507987220447276
2022-09-20,3345,3420,3260,3375,1922240,0.002971768202080227
2022-09-21,3375,3435,3250,3290,870071,-0.0251851851851852
2022-09-22,3250,3470,3145,3470,2869813,0.054711246200607855
2022-09-23,3650,3685,3270,3320,3354984,-0.043227665706051854
2022-09-26,3260,3370,3055,3135,935238,-0.05572289156626509
2022-09-27,3100,3200,3075,3135,636221,0.0
2022-09-28,3135,3200,2910,2955,544252,-0.0574162679425837
2022-09-29,3100,3195,2990,3020,541289,0.021996615905245376
2022-09-30,2920,3000,2895,2945,362870,-0.024834437086092676
2022-10-04,3010,3100,2970,3045,317383,0.03395585738539908
2022-10-05,3090,3100,2985,3020,228055,-0.008210180623973717
2022-10-06,3025,3100,3025,3075,271754,0.01821192052980125
2022-10-07,3030,3125,3005,3005,447517,-0.02276422764227637
2022-10-11,2940,2965,2825,2850,296167,-0.0515806988352745
2022-10-12,2850,2890,2760,2850,252017,0.0
2022-10-13,2800,2835,2685,2685,307344,-0.05789473684210522
2022-10-14,2750,2830,2735,2830,125033,0.05400372439478596
2022-10-17,2765,2930,2745,2900,154899,0.02473498233215543
2022-10-18,2945,2955,2900,2905,85824,0.0017241379310344307
2022-10-19,2920,2940,2840,2860,122340,-0.015490533562822706
2022-10-20,2860,2995,2800,2950,367424,0.03146853146853146
2022-10-21,2950,3015,2870,2880,270360,-0.023728813559321993
2022-10-24,2925,2955,2860,2865,124055,-0.00520833333333337
2022-10-25,2870,2910,2810,2825,100951,-0.013961605584642212
2022-10-26,2835,2885,2790,2800,86697,-0.008849557522123908
2022-10-27,2800,2850,2800,2830,46918,0.010714285714285676
2022-10-28,2830,2830,2785,2810,51538,-0.007067137809187329
2022-10-31,2850,2850,2785,2820,37433,0.003558718861210064
2022-11-01,2795,2915,2795,2835,143947,0.005319148936170137
2022-11-02,2840,2860,2810,2855,66111,0.007054673721340388
2022-11-03,2820,2840,2785,2825,57089,-0.010507880910682998
2022-11-04,2825,2995,2790,2965,429342,0.04955752212389375
2022-11-07,2950,2950,2850,2925,219521,-0.013490725126475533
2022-11-08,2925,3100,2925,2975,932305,0.017094017094017033
2022-11-09,3000,3010,2940,2955,145876,-0.006722689075630228
2022-11-10,2955,2995,2895,2980,166512,0.008460236886632888
2022-11-11,3035,3065,3000,3040,341331,0.020134228187919545
2022-11-14,3050,3110,3035,3040,227269,0.0
2022-11-15,3075,3160,2950,3150,1064450,0.03618421052631571
2022-11-16,3110,3150,3010,3035,402220,-0.03650793650793649
2022-11-17,3035,3045,2995,3000,117673,-0.011532125205930832
2022-11-18,2975,3020,2975,2995,195632,-0.0016666666666667052
2022-11-21,3025,3025,2880,2900,224642,-0.03171953255425708
2022-11-22,2855,2905,2850,2870,87520,-0.010344827586206917
2022-11-23,2925,2985,2900,2925,135673,0.019163763066202044
2022-11-24,2955,2980,2925,2980,110260,0.018803418803418737
2022-11-25,2980,2995,2935,2955,73820,-0.008389261744966459
2022-11-28,2945,2960,2890,2915,74815,-0.013536379018612488
2022-11-29,2880,3140,2870,3095,1497987,0.061749571183533414
2022-11-30,3150,3175,3035,3035,502453,-0.01938610662358642
2022-12-01,3075,3100,3050,3065,286935,0.009884678747940745
2022-12-02,3130,3230,3100,3135,952068,0.022838499184339334
2022-12-05,3220,3645,3180,3455,13860425,0.10207336523125998
2022-12-06,3415,3485,3315,3335,1298410,-0.0347322720694645
2022-12-07,3365,3565,3365,3390,3298348,0.016491754122938573
2022-12-08,3380,3385,3190,3275,944337,-0.03392330383480824
2022-12-09,3315,3400,3235,3360,814522,0.025954198473282508
2022-12-12,3365,3365,3265,3290,424094,-0.02083333333333337
2022-12-13,3330,3340,3190,3205,452531,-0.02583586626139822
2022-12-14,3205,3290,3205,3280,238583,0.023400936037441422
2022-12-15,3270,3285,3215,3230,207457,-0.015243902439024404
2022-12-16,3195,3295,3185,3255,261105,0.007739938080495445
2022-12-19,3255,3320,3245,3255,224267,0.0
2022-12-20,3230,3250,3100,3130,345346,-0.03840245775729645
2022-12-21,3175,3190,3085,3150,181668,0.006389776357827559
2022-12-22,3185,3290,3155,3270,371881,0.03809523809523818
2022-12-23,3250,3420,3170,3170,1334070,-0.030581039755351647
2022-12-26,3180,3230,3010,3030,394629,-0.04416403785488954
2022-12-27,3045,3690,3045,3480,13024281,0.14851485148514842
2022-12-28,3470,3530,3400,3425,1652543,-0.015804597701149392
2022-12-29,3395,3430,3310,3410,982720,-0.004379562043795637
2023-01-02,3280,3290,3090,3195,1185937,-0.06304985337243407
2023-01-03,3160,3225,3100,3155,666882,-0.012519561815336422
2023-01-04,3145,3210,3130,3200,408243,0.014263074484944571
2023-01-05,3240,3375,3205,3365,779692,0.051562499999999956
2023-01-06,3325,3415,3280,3350,429017,-0.004457652303120341
2023-01-09,3405,3535,3370,3455,1153959,0.03134328358208949
2023-01-10,3410,3915,3410,3475,9162184,0.005788712011577379
2023-01-11,3460,3555,3440,3485,1144674,0.0028776978417266452
2023-01-12,3495,3495,3370,3485,648953,0.0
2023-01-13,3450,3530,3440,3520,557881,0.010043041606886627
2023-01-16,3595,3640,3505,3590,1078748,0.019886363636363535
2023-01-17,3605,3650,3535,3540,681751,-0.013927576601671321
2023-01-18,3610,3635,3480,3560,667235,0.005649717514124353
2023-01-19,3560,3745,3505,3650,2727646,0.02528089887640439
2023-01-20,3650,3655,3515,3530,776144,-0.0328767123287671
2023-01-25,3580,3585,3440,3470,537364,-0.016997167138810165
2023-01-26,3475,3570,3460,3500,565181,0.008645533141210304
2023-01-27,3515,3575,3485,3555,452146,0.01571428571428579
2023-01-30,3565,3615,3450,3465,644325,-0.025316455696202556
2023-01-31,3465,3505,3425,3465,237976,0.0
2023-02-01,3470,3475,3390,3395,429995,-0.02020202020202022
2023-02-02,3420,3590,3405,3550,771513,0.04565537555228283
2023-02-03,3555,3555,3475,3495,320640,-0.015492957746478853
2023-02-06,3495,3585,3420,3525,381265,0.008583690987124415
2023-02-07,3500,3570,3485,3550,275140,0.007092198581560183
2023-02-08,3590,3595,3525,3535,274569,-0.004225352112676051
2023-02-09,3540,3650,3510,3605,582346,0.01980198019801982
2023-02-10,3645,3780,3580,3620,1374751,0.004160887656033285
2023-02-13,3660,3660,3480,3535,453762,-0.023480662983425438
2023-02-14,3560,3595,3515,3590,315966,0.01555869872701554
2023-02-15,3575,3595,3450,3475,426358,-0.03203342618384397
2023-02-16,3490,3530,3435,3445,307614,-0.008633093525179825
2023-02-17,3390,3450,3355,3370,244990,-0.021770682148040676
2023-02-20,3365,3445,3350,3395,181949,0.007418397626112849
2023-02-21,3390,3435,3390,3390,193995,-0.0014727540500736325
2023-02-22,3305,3385,3300,3305,238925,-0.02507374631268433
2023-02-23,3330,3355,3300,3330,152510,0.0075642965204236745
2023-02-24,3345,3345,3235,3260,238025,-0.02102102102102099
2023-02-27,3240,3265,3170,3265,176286,0.0015337423312884457
2023-02-28,3265,3340,3265,3310,187601,0.013782542113323082
2023-03-02,3330,3450,3330,3440,428857,0.0392749244712991
2023-03-03,3460,3480,3410,3450,234934,0.0029069767441860517
2023-03-06,3475,3490,3370,3405,214953,-0.013043478260869601
2023-03-07,3400,3405,3330,3335,156079,-0.02055800293685761
2023-03-08,3325,3325,3245,3265,155756,-0.020989505247376306
2023-03-09,3295,3370,3230,3305,308399,0.012251148545176171
2023-03-10,3250,3290,3220,3220,198620,-0.02571860816944027
2023-03-13,3165,3210,3050,3125,319255,-0.029503105590062084
2023-03-14,3085,3125,2955,3000,209546,-0.040000000000000036
2023-03-15,3050,3105,3040,3060,146888,0.020000000000000018
2023-03-16,3000,3060,2935,3015,174320,-0.014705882352941124
2023-03-17,3050,3130,3035,3130,252474,0.03814262023217241
2023-03-20,3065,3270,3065,3170,260642,0.012779552715654896
2023-03-21,3195,3210,3140,3155,100309,-0.004731861198738141
2023-03-22,3170,3190,3045,3075,187826,-0.02535657686212356
2023-03-23,3035,3085,3020,3070,134105,-0.001626016260162566
2023-03-24,3075,3110,3025,3050,107599,-0.006514657980456029
2023-03-27,3070,3105,3000,3100,127462,0.016393442622950838
2023-03-28,3100,3150,3065,3150,112727,0.016129032258064502
2023-03-29,3155,3235,3105,3215,216307,0.02063492063492056
2023-03-30,3220,3225,3170,3200,103770,-0.004665629860031051
2023-03-31,3205,3215,3155,3190,95821,-0.0031250000000000444
2023-04-03,3195,3220,3165,3220,117516,0.00940438871473348
2023-04-04,3220,3230,3175,3200,132270,-0.006211180124223614
2023-04-05,3200,3225,3170,3170,137268,-0.009375000000000022
2023-04-06,3150,3160,3090,3090,136478,-0.025236593059936863
2023-04-07,3090,3140,3050,3105,100015,0.004854368932038833
2023-04-10,3105,3105,3010,3040,209694,-0.020933977455716568
2023-04-11,3015,3105,3010,3105,198562,0.021381578947368363
2023-04-12,3135,3135,3085,3095,122144,-0.0032206119162641045
2023-04-13,3070,3110,3060,3060,94628,-0.011308562197092087
2023-04-14,3070,3110,3070,3080,105265,0.006535947712418277
2023-04-17,3110,3110,3055,3075,105244,-0.0016233766233766378
2023-04-18,3075,3220,3050,3205,396258,0.042276422764227606
2023-04-19,3210,3235,3160,3220,304064,0.004680187207488196
2023-04-20,3200,3200,3085,3100,173482,-0.037267080745341574
2023-04-21,3100,3120,2990,3045,230331,-0.01774193548387093
2023-04-24,3025,3045,2930,2940,265416,-0.03448275862068961
2023-04-25,2960,3000,2915,3000,142161,0.020408163265306145
2023-04-26,2940,3015,2910,2965,117818,-0.011666666666666714
2023-04-27,2930,2965,2905,2950,77091,-0.005059021922428353
2023-04-28,2955,2980,2930,2945,90510,-0.0016949152542372614
2023-05-02,2935,2965,2930,2950,76297,0.001697792869269854
2023-05-03,2935,2970,2915,2940,84426,-0.003389830508474523
2023-05-04,2915,2960,2900,2925,75975,-0.005102040816326481
2023-05-08,2935,2960,2920,2925,74382,0.0
2023-05-09,2940,3015,2880,2995,323449,0.023931623931623847
2023-05-10,3005,3565,3005,3135,12788987,0.046744574290484175
2023-05-11,3135,3200,3050,3105,1390938,-0.009569377990430672
2023-05-12,3135,3135,3025,3025,491188,-0.025764895330112725
2023-05-15,3020,3095,3020,3045,364497,0.006611570247933907
2023-05-16,3040,3090,3015,3015,370597,-0.009852216748768461
2023-05-17,3025,3075,3005,3055,184135,0.013266998341625147
2023-05-18,3090,3090,3020,3025,465201,-0.009819967266775809
2023-05-19,3045,3105,3030,3060,293951,0.011570247933884392
2023-05-22,3050,3100,3045,3065,183287,0.0016339869281045694
2023-05-23,3095,3100,3065,3075,183497,0.0032626427406199365
2023-05-24,3070,3075,3020,3025,225371,-0.016260162601625994
2023-05-25,3025,3040,2980,2990,238336,-0.011570247933884281
2023-05-26,2990,3000,2955,2970,146577,-0.006688963210702337
2023-05-30,2970,2995,2935,2970,159234,0.0
2023-05-31,2975,2990,2955,2955,166675,-0.005050505050505083
2023-06-01,2980,2985,2945,2970,77377,0.0050761421319796
2023-06-02,2970,3035,2965,3030,217371,0.02020202020202011
2023-06-05,3045,3065,3025,3035,100098,0.0016501650165017256
2023-06-07,3040,3070,3025,3025,155281,-0.0032948929159802853
2023-06-08,3025,3050,3010,3020,94713,-0.0016528925619834212
2023-06-09,3015,3115,3015,3045,209025,0.008278145695364225
2023-06-12,3050,3050,2970,2970,168093,-0.024630541871921152
2023-06-13,2980,3015,2955,2965,115274,-0.0016835016835017313
2023-06-14,2980,2990,2925,2945,112830,-0.006745362563237767
2023-06-15,2955,2955,2925,2935,91838,-0.00339558573853993
2023-06-16,2935,2985,2935,2940,94716,0.0017035775127767216
2023-06-19,2940,2970,2930,2950,107032,0.00340136054421758
2023-06-20,2975,3060,2970,3010,361957,0.02033898305084736
2023-06-21,2995,3040,2970,2980,164230,-0.009966777408637828
2023-06-22,2960,2985,2940,2945,97692,-0.011744966442952975
2023-06-23,2935,2985,2935,2955,72956,0.00339558573853993
2023-06-26,2965,2975,2910,2945,114440,-0.0033840947546531774
2023-06-27,2945,2960,2920,2930,74214,-0.005093378607809895
2023-06-28,2955,2955,2915,2915,86377,-0.005119453924914641
2023-06-29,2905,2940,2850,2870,169303,-0.015437392795883409
2023-06-30,2900,2920,2870,2915,47896,0.015679442508710784
2023-07-03,2910,2935,2905,2920,102491,0.0017152658662091813
2023-07-04,2900,2940,2890,2895,84558,-0.008561643835616417
2023-07-05,2895,2915,2880,2885,50120,-0.003454231433506094
2023-07-06,2860,2885,2800,2805,169547,-0.02772963604852685
2023-07-07,2805,2850,2800,2805,61978,0.0
2023-07-10,2785,2815,2755,2795,86350,-0.0035650623885917776
2023-07-11,2810,2865,2805,2825,47861,0.01073345259391778
2023-07-12,2825,2890,2820,2880,54142,0.019469026548672552
2023-07-13,2880,2900,2750,2770,446220,-0.03819444444444442
2023-07-14,2770,2795,2650,2690,344480,-0.028880866425992746
2023-07-17,2690,2710,2650,2705,76402,0.005576208178438735
2023-07-18,2685,2735,2685,2690,87064,-0.00554528650646946
2023-07-19,2740,2740,2655,2655,65790,-0.013011152416356864
2023-07-20,2630,2665,2630,2650,37472,-0.0018832391713747842
2023-07-21,2645,2690,2625,2625,97476,-0.009433962264150941
2023-07-24,2625,2645,2485,2505,218191,-0.04571428571428571
2023-07-25,2475,2520,2435,2450,168287,-0.021956087824351322
2023-07-26,2435,2480,2255,2390,381876,-0.024489795918367308
2023-07-27,2390,2520,2390,2465,108492,0.03138075313807542
2023-07-28,2415,2540,2415,2525,107435,0.024340770791074995
2023-07-31,2515,2545,2505,2510,57655,-0.005940594059405946
2023-08-01,2560,2560,2485,2520,43041,0.003984063745019917
2023-08-02,2525,2625,2515,2565,119409,0.017857142857142794
2023-08-03,2580,2580,2505,2540,55270,-0.00974658869395717
2023-08-04,2565,2715,2540,2695,267697,0.061023622047243986
2023-08-07,2695,2725,2655,2685,57697,-0.0037105751391465214
2023-08-08,2675,2720,2625,2670,94226,-0.005586592178770999
2023-08-09,2645,2680,2615,2640,123727,-0.011235955056179803
2023-08-10,2895,3430,2815,3430,7834611,0.2992424242424243
2023-08-11,3940,4430,3850,3875,29709721,0.129737609329446
2023-08-14,3995,4610,3985,4275,21015874,0.10322580645161294
2023-08-16,4400,4450,4020,4145,5686719,-0.03040935672514622
2023-08-17,3975,3975,3735,3830,3647555,-0.07599517490952956
2023-08-18,4075,4975,4070,4280,41276551,0.11749347258485643
2023-08-21,3970,4075,3910,4000,2028983,-0.06542056074766356
2023-08-22,4120,4120,3930,3930,1518465,-0.01749999999999996
2023-08-23,3940,4130,3925,4075,1747005,0.03689567430025442
2023-08-24,4010,4640,3905,4420,20927549,0.08466257668711652
2023-08-25,4360,4925,4325,4665,24564490,0.05542986425339369
2023-08-28,4960,5320,4700,4710,19535190,0.009646302250803762
2023-08-29,4770,4890,4645,4835,6946198,0.026539278131634925
2023-08-30,4765,4900,4610,4750,5490195,-0.0175801447776629
2023-08-31,4655,4870,4535,4870,3471039,0.025263157894736876
2023-09-01,4795,4800,4540,4585,2747443,-0.05852156057494862
2023-09-04,4455,4500,4220,4330,2639551,-0.055616139585605184
2023-09-05,4295,4425,4205,4245,2010337,-0.019630484988452657
2023-09-06,4285,4390,4095,4140,2435225,-0.02473498233215543
2023-09-07,4135,4150,3930,3955,1791226,-0.04468599033816423
2023-09-08,3950,3970,3815,3905,1696360,-0.012642225031605614
2023-09-11,3890,4220,3820,4145,8063496,0.06145966709346995
2023-09-12,4045,4200,3925,3930,2184322,-0.05186972255729794
2023-09-13,3935,4185,3885,3900,2631524,-0.007633587786259555
2023-09-14,3900,3930,3840,3865,976045,-0.008974358974358942
2023-09-15,3885,4035,3870,3965,1675420,0.025873221216041298
2023-09-18,3990,4115,3915,4005,1694074,0.010088272383354413
2023-09-19,4030,4045,3805,3815,1381777,-0.04744069912609239
2023-09-20,3800,3835,3680,3710,917519,-0.02752293577981646
2023-09-21,3645,3695,3560,3575,1104013,-0.03638814016172509
2023-09-22,3500,3755,3500,3695,1852540,0.03356643356643363
2023-09-25,3920,3955,3550,3565,3620229,-0.03518267929634644
2023-09-26,3530,3580,3350,3365,1510499,-0.056100981767180924
2023-09-27,3290,3430,3285,3355,700059,-0.002971768202080227
2023-10-04,3290,3295,3145,3155,942705,-0.05961251862891204
2023-10-05,3175,3210,3030,3040,812014,-0.03645007923930266
2023-10-06,3025,3125,3025,3055,577214,0.004934210526315708
2023-10-10,3060,3070,2910,2955,579075,-0.032733224222585955
2023-10-11,2980,3060,2980,3030,335405,0.025380710659898442
2023-10-12,3040,3110,3040,3100,400618,0.02310231023102305
2023-10-13,3065,3100,2970,2985,397227,-0.0370967741935484
2023-10-16,2990,2990,2880,2910,297513,-0.025125628140703515
2023-10-17,2925,3050,2925,3010,272657,0.03436426116838498
2023-10-18,2965,3020,2935,2940,202613,-0.023255813953488413
2023-10-19,2875,2920,2835,2840,312483,-0.03401360544217691
2023-10-20,2825,2840,2710,2800,366476,-0.014084507042253502
2023-10-23,2765,2880,2765,2790,233982,-0.0035714285714285587
2023-10-24,2830,2865,2700,2865,345175,0.026881720430107503
2023-10-25,2875,3485,2870,3075,11887909,0.0732984293193717
2023-10-26,2940,3075,2890,3075,1455096,0.0
2023-10-27,3095,3125,2930,2940,1350022,-0.04390243902439028
2023-10-30,2890,3010,2890,2975,609990,0.011904761904761862
2023-10-31,3000,3490,2995,3180,14315015,0.06890756302521006
2023-11-01,3195,3315,3170,3185,2051939,0.0015723270440251014
2023-11-02,3230,3260,3110,3245,1121246,0.018838304552590168
2023-11-03,3300,3325,3220,3270,1138627,0.007704160246533087
2023-11-06,3280,3300,3110,3245,1289182,-0.007645259938837912
2023-11-07,3300,3530,3190,3480,3896272,0.07241910631741133
2023-11-08,3400,3460,3315,3350,1395432,-0.03735632183908044
2023-11-09,3345,3345,3200,3205,750227,-0.043283582089552186
2023-11-10,3180,3195,3070,3100,550405,-0.032761310452418146
2023-11-13,3100,3190,3000,3025,535744,-0.024193548387096753
2023-11-14,3025,3175,3010,3135,483369,0.036363636363636376
2023-11-15,3190,3245,3170,3220,384634,0.027113237639553533
2023-11-16,3250,3295,3185,3265,466924,0.013975155279503104
2023-11-17,3240,3440,3050,3100,3189602,-0.050535987748851485
2023-11-20,3010,3065,2965,3045,657345,-0.01774193548387093
2023-11-21,3055,3065,3010,3030,413633,-0.0049261083743842304
2023-11-22,3015,3040,2955,2960,434175,-0.02310231023102305
2023-11-23,2965,3020,2945,2960,295188,0.0
2023-11-24,2960,3250,2950,2975,1939622,0.0050675675675675436
2023-11-27,2965,2975,2860,2890,536807,-0.02857142857142858
2023-11-28,2900,2970,2875,2885,409276,-0.0017301038062284002
2023-11-29,2885,2905,2830,2835,268441,-0.017331022530329254
2023-11-30,2830,2875,2825,2840,188295,0.0017636684303350414
2023-12-01,2855,2855,2805,2815,260712,-0.008802816901408494
2023-12-04,2815,2845,2790,2820,193554,0.001776198934280604
2023-12-05,2805,2830,2770,2780,262834,-0.014184397163120588
2023-12-06,2775,2810,2730,2790,211927,0.003597122302158251
2023-12-07,2780,2790,2720,2745,242587,-0.016129032258064502
2023-12-08,2745,2805,2715,2790,202921,0.016393442622950838
2023-12-11,2790,2885,2790,2850,362423,0.021505376344086002
2023-12-12,2860,2860,2800,2820,193860,-0.010526315789473717
2023-12-13,2820,2820,2775,2780,202130,-0.014184397163120588
2023-12-14,2815,2905,2815,2825,340619,0.01618705035971213
2023-12-15,2825,2850,2795,2820,217360,-0.001769911504424737
2023-12-18,2820,2870,2810,2845,227271,0.00886524822695045
2023-12-19,2820,2870,2815,2845,153386,0.0
2023-12-20,2840,2935,2840,2880,482954,0.012302284710017597
2023-12-21,2855,2915,2830,2850,257018,-0.01041666666666663
2023-12-22,2830,2865,2815,2845,176062,-0.0017543859649122862
2023-12-26,2815,2835,2800,2800,181875,-0.01581722319859402
2023-12-27,2800,2860,2790,2815,142555,0.005357142857142838
2023-12-28,2805,2920,2805,2870,276758,0.019538188277087087
2024-01-02,2840,2880,2830,2865,173121,-0.0017421602787456303
2024-01-03,2850,2880,2825,2840,137303,-0.008726003490401424
2024-01-04,2835,2840,2780,2810,305377,-0.010563380281690127
2024-01-05,2810,2855,2795,2815,205648,0.001779359430605032
2024-01-08,2850,2920,2830,2905,431731,0.03197158081705154
2024-01-09,2900,2995,2880,2980,617632,0.025817555938037806
2024-01-10,2980,2980,2880,2925,296447,-0.01845637583892612
2024-01-11,2980,3025,2930,2980,730385,0.018803418803418737
2024-01-12,2975,2975,2900,2915,317426,-0.021812080536912748
2024-01-15,2915,2930,2855,2865,211888,-0.01715265866209259
2024-01-16,2850,2895,2840,2870,117499,0.0017452006980802626
2024-01-17,2855,2885,2755,2760,368361,-0.0383275261324042
2024-01-18,2750,2915,2750,2900,464871,0.050724637681159424
2024-01-19,2910,2935,2885,2910,275750,0.0034482758620688614
2024-01-22,2935,2935,2865,2910,261157,0.0
2024-01-23,2900,2980,2895,2920,282695,0.0034364261168384758
2024-01-24,2935,2950,2895,2920,156991,0.0
2024-01-25,2895,2895,2825,2840,233472,-0.0273972602739726
2024-01-26,2810,2890,2810,2860,132529,0.007042253521126751
2024-01-29,2860,2860,2795,2810,245453,-0.0174825174825175
2024-01-30,2805,2830,2775,2790,193833,-0.007117437722419906
2024-01-31,2765,2785,2680,2715,381025,-0.026881720430107503
2024-02-01,2715,2730,2680,2700,205664,-0.0055248618784530246
2024-02-02,2700,2760,2700,2755,135829,0.020370370370370372
2024-02-05,2730,2770,2715,2760,98863,0.001814882032667775
2024-02-06,2745,2770,2725,2760,149647,0.0
2024-02-07,2770,2810,2740,2750,239857,-0.0036231884057971175
2024-02-08,2755,2780,2745,2745,117775,-0.0018181818181818299
2024-02-13,2745,2780,2735,2775,164335,0.010928961748633892
2024-02-14,2770,2820,2750,2790,214855,0.00540540540540535
2024-02-15,2800,2830,2790,2790,139101,0.0
2024-02-16,2805,2810,2775,2810,140867,0.007168458781362075
2024-02-19,2800,2825,2785,2810,118437,0.0
2024-02-20,2800,2825,2775,2800,101047,-0.003558718861209953
2024-02-21,2770,2800,2755,2755,132993,-0.016071428571428625
2024-02-22,2760,2775,2720,2720,148317,-0.012704174228675091
2024-02-23,2725,2735,2660,2675,240856,-0.016544117647058876
2024-02-26,2670,2730,2665,2680,128396,0.0018691588785046953
2024-02-27,2655,2680,2590,2615,281772,-0.02425373134328357
2024-02-28,2590,2660,2590,2650,115943,0.013384321223709472
2024-02-29,2645,2695,2610,2615,166368,-0.013207547169811318
2024-03-04,2610,2635,2600,2615,139015,0.0
2024-03-05,2595,2625,2590,2595,105927,-0.007648183556405397
2024-03-06,2585,2620,2585,2590,96443,-0.0019267822736031004
2024-03-07,2585,2605,2535,2565,150406,-0.009652509652509633
2024-03-08,2580,2595,2560,2580,84354,0.005847953216374213
2024-03-11,2580,2670,2570,2670,160558,0.03488372093023262
2024-03-12,2670,2675,2625,2635,109232,-0.01310861423220977
2024-03-13,2630,2640,2605,2610,81945,-0.009487666034155628
2024-03-14,2630,2675,2610,2635,183224,0.009578544061302763
2024-03-15,2635,2670,2630,2650,126500,0.005692599620493288
2024-03-18,2630,2660,2620,2635,78105,-0.005660377358490565
2024-03-19,2635,2675,2605,2610,255448,-0.009487666034155628
2024-03-20,2610,2660,2590,2610,142608,0.0
2024-03-21,2645,2650,2620,2640,150094,0.011494252873563315
2024-03-22,2640,2700,2640,2670,265799,0.011363636363636465
2024-03-25,2690,2690,2630,2660,137984,-0.0037453183520599342
2024-03-26,2660,2675,2635,2650,109584,-0.003759398496240629
2024-03-27,2660,2695,2645,2665,133956,0.005660377358490676
2024-03-28,2660,2750,2660,2670,280327,0.0018761726078799779
2024-03-29,2685,2695,2620,2640,163114,-0.011235955056179803
2024-04-01,2655,3020,2650,2820,6996289,0.06818181818181812
2024-04-02,2820,2880,2770,2880,1154232,0.02127659574468077
2024-04-03,2840,2925,2815,2845,1569430,-0.01215277777777779
2024-04-04,2860,2865,2775,2810,432454,-0.012302284710017597
2024-04-05,2815,3050,2810,2940,3118769,0.0462633451957295
2024-04-08,2900,2925,2810,2815,699413,-0.04251700680272108
2024-04-09,2815,2850,2775,2780,324777,-0.01243339253996445
2024-04-11,2745,2940,2730,2915,659093,0.04856115107913661
2024-04-12,2940,2975,2860,2910,781102,-0.0017152658662092923
2024-04-15,2860,2890,2800,2880,376879,-0.010309278350515427
2024-04-16,2825,2895,2780,2800,447225,-0.02777777777777779
2024-04-17,2805,3080,2805,2945,3953713,0.051785714285714324
2024-04-18,2965,3025,2950,2985,1636366,0.013582342954159499
2024-04-19,3010,3020,2870,2965,877275,-0.00670016750418756
2024-04-22,2995,3255,2995,3055,6069433,0.030354131534569895
2024-04-23,3105,3175,3040,3045,1245555,-0.00327332242225864
2024-04-24,3065,3120,3005,3095,815481,0.016420361247947435
2024-04-25,3045,3095,2970,3010,708990,-0.02746365105008075
2024-04-26,3015,3045,2915,2985,487665,-0.00830564784053156
2024-04-29,2995,3090,2985,3010,634630,0.008375209380234505
2024-04-30,3030,3240,3020,3140,4577232,0.04318936877076407
2024-05-02,3185,3315,3105,3110,3620356,-0.009554140127388533
2024-05-03,3120,3125,3050,3075,586852,-0.0112540192926045
2024-05-07,3110,3140,3010,3100,708411,0.008130081300812941
2024-05-08,3075,3105,3025,3040,383852,-0.01935483870967747
2024-05-09,3040,3170,3040,3130,1305629,0.02960526315789469
2024-05-10,3150,3455,3090,3230,9143414,0.03194888178913735
2024-05-13,3190,3420,3120,3205,3192092,-0.007739938080495334
2024-05-14,3220,3305,3170,3210,1244843,0.0015600624024960652
2024-05-16,3335,3805,3275,3630,22834128,0.13084112149532712
2024-05-17,3570,3610,3325,3330,3076332,-0.0826446280991735
2024-05-20,3330,3405,3280,3280,1252535,-0.01501501501501501
2024-05-21,3275,3710,3275,3460,12003179,0.054878048780487854
2024-05-22,3560,3570,3365,3370,1994405,-0.026011560693641633
2024-05-23,3350,3455,3245,3405,1831167,0.010385756676557945
2024-05-24,3955,4225,3640,3660,29678843,0.07488986784140961
2024-05-27,3705,3760,3565,3640,3241663,-0.005464480874316946
2024-05-28,3605,3900,3605,3660,8136121,0.005494505494505475
2024-05-29,3650,3765,3545,3690,4300655,0.008196721311475308
2024-05-30,3585,3820,3575,3620,3064051,-0.01897018970189701
2024-05-31,3635,3830,3600,3670,3650149,0.013812154696132506
2024-06-03,3765,3770,3510,3590,1875197,-0.021798365122615793
2024-06-04,3595,3595,3325,3345,1529269,-0.06824512534818938
2024-06-05,3335,3385,3215,3245,956542,-0.029895366218236186
2024-06-07,3245,3280,3190,3190,580161,-0.016949152542372836
2024-06-10,3170,3235,3135,3190,411880,0.0
2024-06-11,3200,3330,3150,3155,738785,-0.010971786833855801
2024-06-12,3165,3330,3165,3300,1056200,0.045958795562599075
2024-06-13,3310,3575,3245,3495,2929129,0.05909090909090908
2024-06-14,3680,3860,3530,3590,6920090,0.027181688125894166
2024-06-17,3530,3575,3410,3430,919748,-0.04456824512534818
2024-06-18,3485,3535,3385,3515,1009517,0.02478134110787167
2024-06-19,3515,3565,3310,3330,920611,-0.052631578947368474
2024-06-20,3335,3390,3230,3270,510202,-0.018018018018018056
2024-06-21,3250,3350,3200,3290,686611,0.006116207951070374
2024-06-24,3305,3320,3185,3185,380251,-0.03191489361702127
2024-06-25,3160,3215,3100,3195,530100,0.0031397174254317317
2024-06-26,3190,3240,3145,3170,326992,-0.007824726134585291
2024-06-27,3175,3380,3175,3245,993549,0.023659305993690927
2024-06-28,3280,3325,3205,3225,525584,-0.006163328197226536
2024-07-01,3225,3475,3225,3235,1944824,0.0031007751937983663
2024-07-02,3270,3270,3075,3080,719478,-0.04791344667697062
2024-07-03,3095,3130,2955,2970,552857,-0.0357142857142857
2024-07-04,2960,2995,2930,2975,507184,0.0016835016835017313
2024-07-05,2970,3040,2930,2930,435045,-0.015126050420168013
2024-07-08,2940,3045,2930,3035,425730,0.03583617747440271
2024-07-09,3055,3065,2995,3015,234594,-0.00658978583196046
2024-07-10,3040,3050,3000,3050,262204,0.011608623548922115
2024-07-11,3090,3130,2905,2940,1096039,-0.0360655737704918
2024-07-12,2940,2995,2880,2950,430080,0.00340136054421758
2024-07-15,2950,2970,2900,2900,313766,-0.016949152542372836
2024-07-16,2885,2915,2800,2830,384959,-0.024137931034482807
2024-07-17,2835,2910,2835,2850,391931,0.007067137809187329
2024-07-18,2810,2835,2760,2795,283254,-0.019298245614035037
2024-07-19,2780,2795,2740,2770,222714,-0.008944543828264706
2024-07-22,2750,2840,2750,2775,264925,0.0018050541516245744
2024-07-23,2775,2855,2760,2800,243833,0.009009009009008917
2024-07-24,2780,2870,2770,2810,196853,0.0035714285714285587
2024-07-25,2775,2820,2725,2745,228698,-0.02313167259786475
2024-07-26,2740,2760,2700,2745,203081,0.0
2024-07-29,2740,2870,2740,2860,199851,0.041894353369763104
2024-07-30,2850,2865,2770,2775,130350,-0.029720279720279685
2024-07-31,2770,2820,2770,2785,132294,0.003603603603603567
2024-08-01,2790,2865,2790,2830,138305,0.016157989228007263
2024-08-02,2770,2805,2665,2675,494004,-0.05477031802120136
2024-08-05,2640,2640,2210,2330,723388,-0.12897196261682242
2024-08-06,2300,2555,2300,2500,560927,0.07296137339055786
2024-08-07,2485,2570,2460,2525,269867,0.010000000000000009
2024-08-08,2480,2555,2475,2525,143499,0.0
2024-08-09,2570,2630,2570,2600,109470,0.02970297029702973
2024-08-12,2615,2675,2610,2655,130231,0.02115384615384608
2024-08-13,2655,2675,2555,2590,137118,-0.024482109227871973
2024-08-14,2610,2670,2610,2645,113026,0.021235521235521304
2024-08-16,2830,2980,2670,2710,1386525,0.02457466918714557
2024-08-19,2710,2745,2680,2700,175521,-0.0036900369003689537
2024-08-20,2705,2750,2700,2725,157720,0.0092592592592593
2024-08-21,2705,2740,2675,2710,111395,-0.0055045871559632475
2024-08-22,2700,2755,2660,2670,106644,-0.014760147601476037
2024-08-23,2630,2670,2610,2630,78899,-0.014981273408239737
2024-08-26,2630,2635,2560,2565,109532,-0.024714828897338448
2024-08-27,2520,2600,2520,2600,109585,0.013645224171539905
2024-08-28,2585,2615,2550,2555,75924,-0.017307692307692357
2024-08-29,2530,2550,2505,2505,81756,-0.019569471624266144
2024-08-30,2505,2560,2505,2555,43850,0.019960079840319445
2024-09-02,2570,3055,2570,2865,9257331,0.1213307240704502
2024-09-03,2870,2905,2770,2785,1165687,-0.027923211169284423
2024-09-04,2690,2775,2650,2720,536375,-0.02333931777378817
2024-09-05,2740,2790,2655,2700,425461,-0.007352941176470562
2024-09-06,2660,2705,2580,2605,375182,-0.03518518518518521
2024-09-09,2530,2700,2510,2680,402723,0.028790786948176494
2024-09-10,2695,2735,2630,2635,203396,-0.016791044776119368
2024-09-11,2625,2710,2610,2610,204199,-0.009487666034155628
2024-09-12,2625,2695,2625,2670,158459,0.02298850574712641
2024-09-13,2670,2705,2640,2660,87831,-0.0037453183520599342
2024-09-19,2660,2670,2575,2620,221071,-0.015037593984962405
2024-09-20,2650,2715,2650,2655,203615,0.013358778625954137
2024-09-23,2670,2720,2650,2660,99842,0.0018832391713747842
2024-09-24,2655,2670,2605,2635,152700,-0.009398496240601517
2024-09-25,2650,2845,2650,2750,1032147,0.0436432637571158
2024-09-26,2750,2780,2725,2765,194083,0.005454545454545379
2024-09-27,2780,2870,2750,2775,715158,0.003616636528029016
2024-09-30,2795,2830,2720,2735,240142,-0.014414414414414378
2024-10-02,2735,2765,2680,2685,323849,-0.018281535648994485
2024-10-04,2670,2710,2630,2670,123810,-0.005586592178770999
2024-10-07,2680,2750,2640,2745,163571,0.028089887640449396
2024-10-08,2725,2735,2665,2675,147679,-0.025500910746812377
2024-10-10,2685,2715,2655,2670,168993,-0.0018691588785046953
2024-10-11,2665,2680,2605,2620,187468,-0.01872659176029967
2024-10-14,2630,2655,2605,2640,92214,0.007633587786259444
2024-10-15,2635,2660,2630,2660,87926,0.007575757575757569
2024-10-16,2665,2670,2595,2600,151019,-0.022556390977443663
2024-10-17,2590,2620,2590,2600,86531,0.0
2024-10-18,2595,2680,2590,2595,179800,-0.0019230769230769162
2024-10-21,2585,2655,2575,2600,71840,0.0019267822736031004
2024-10-22,2580,2600,2485,2495,227875,-0.04038461538461535
2024-10-23,2520,2545,2455,2520,81726,0.01002004008016022
2024-10-24,2495,2515,2470,2480,98391,-0.015873015873015928
2024-10-25,2480,2505,2400,2415,150231,-0.02620967741935487
2024-10-28,2395,2490,2380,2490,125172,0.03105590062111796
2024-10-29,2470,2550,2465,2550,120119,0.024096385542168752
2024-10-30,2520,2555,2515,2540,55455,-0.0039215686274509665
2024-10-31,2515,2550,2475,2545,67519,0.0019685039370078705
2024-11-01,2620,2620,2535,2560,155663,0.005893909626718985
2024-11-04,2625,2665,2585,2615,232471,0.021484375
2024-11-05,2605,2645,2600,2640,64363,0.009560229445506607
2024-11-06,2635,2650,2575,2630,107909,-0.0037878787878787845
2024-11-07,2610,2640,2565,2630,105244,0.0
2024-11-08,2640,2675,2615,2635,136754,0.0019011406844107182
2024-11-11,2630,2630,2490,2490,222689,-0.05502846299810249
2024-11-12,2495,2495,2355,2355,223265,-0.054216867469879526
2024-11-13,2305,2365,2255,2255,184363,-0.0424628450106157
2024-11-14,2255,2340,2245,2250,108825,-0.0022172949002217113
2024-11-15,2220,2440,2210,2415,244236,0.07333333333333325
2024-11-18,2465,2510,2410,2445,369040,0.012422360248447228
2024-11-19,2410,2465,2395,2430,117047,-0.006134969325153339
2024-11-20,2465,2515,2430,2465,169994,0.014403292181069949
2024-11-21,2450,2490,2430,2430,197109,-0.014198782961460488
2024-11-22,2445,2495,2415,2485,192391,0.02263374485596703
2024-11-25,2520,2580,2350,2410,678939,-0.030181086519114664
2024-11-26,2405,2460,2390,2415,154205,0.0020746887966804906
2024-11-27,2415,2415,2355,2365,146961,-0.020703933747411973
2024-11-28,2350,2375,2350,2375,85628,0.0042283298097252064
2024-11-29,2380,2380,2290,2290,180046,-0.03578947368421048
2024-12-02,2290,2325,2235,2250,157721,-0.017467248908296984
2024-12-03,2250,2375,2245,2365,158894,0.05111111111111111
2024-12-04,2320,2350,2180,2300,205858,-0.02748414376321351
2024-12-05,2290,2305,2205,2210,207500,-0.03913043478260869
2024-12-06,2215,2220,2060,2110,323743,-0.04524886877828049
2024-12-09,2075,2075,2000,2005,233129,-0.049763033175355464
2024-12-10,2015,2270,2015,2265,416926,0.12967581047381538
2024-12-11,2265,2400,2255,2335,409087,0.030905077262693093
2024-12-12,2350,2785,2320,2600,4730811,0.1134903640256959
2024-12-13,2565,2600,2480,2550,751134,-0.019230769230769273
2024-12-16,2610,2640,2480,2545,494252,-0.0019607843137254832
2024-12-17,2565,2620,2510,2530,656644,-0.005893909626719096
2024-12-18,2555,2555,2470,2535,247210,0.0019762845849802257
2024-12-19,2495,2650,2450,2535,749640,0.0
2024-12-20,2530,2535,2380,2400,372215,-0.053254437869822535
2024-12-23,2400,2420,2370,2410,176653,0.004166666666666652
2024-12-24,2390,2465,2390,2390,268875,-0.008298755186721962
2024-12-26,2410,2420,2345,2350,139970,-0.01673640167364021
2024-12-27,2330,2355,2245,2285,209778,-0.02765957446808509
2024-12-30,2280,2340,2250,2325,68013,0.017505470459518557
2025-01-02,2310,2385,2310,2380,144324,0.023655913978494647
2025-01-03,2380,2405,2370,2390,156441,0.004201680672268893
2025-01-06,2445,2470,2420,2435,233608,0.01882845188284521
2025-01-07,2445,2460,2420,2440,159865,0.002053388090349051
2025-01-08,2455,2470,2395,2440,122177,0.0
2025-01-09,2465,2505,2420,2465,246609,0.010245901639344357
2025-01-10,2460,2470,2425,2435,92741,-0.012170385395537497
2025-01-13,2405,2460,2395,2405,93769,-0.012320328542094416
2025-01-14,2405,2435,2385,2420,121095,0.006237006237006293
2025-01-15,2425,2425,2350,2350,109718,-0.02892561983471076
2025-01-16,2370,2460,2370,2460,133992,0.04680851063829783
2025-01-17,2435,2600,2435,2455,220281,-0.002032520325203291
2025-01-20,2475,2480,2425,2465,108730,0.004073319755600879
2025-01-21,2465,2505,2440,2465,179989,0.0
2025-01-22,2455,2490,2430,2435,145305,-0.012170385395537497
2025-01-23,2445,2445,2380,2380,82014,-0.022587268993839782
2025-01-24,2370,2400,2340,2350,120906,-0.012605042016806678
2025-01-31,2350,2375,2340,2365,60726,0.006382978723404209
2025-02-03,2350,2350,2270,2270,108783,-0.04016913319238902
2025-02-04,2270,2365,2270,2350,63531,0.03524229074889873
2025-02-05,2330,2370,2320,2330,65754,-0.008510638297872353
2025-02-06,2345,2355,2330,2345,38576,0.006437768240343367
2025-02-07,2350,2350,2300,2305,90625,-0.017057569296375252
2025-02-10,2290,2305,2260,2290,87769,-0.006507592190889366
2025-02-11,2300,2315,2285,2290,74638,0.0
2025-02-12,2290,2315,2270,2280,89678,-0.004366812227074246
2025-02-13,2275,2300,2270,2290,85470,0.004385964912280604
2025-02-14,2290,2325,2275,2315,156029,0.01091703056768556
2025-02-17,2305,2340,2305,2340,86151,0.010799136069114423
2025-02-18,2340,2345,2300,2320,111767,-0.008547008547008517
2025-02-19,2310,2365,2305,2345,127997,0.010775862068965525
2025-02-20,2540,2590,2420,2450,1610565,0.04477611940298498
2025-02-21,2485,2485,2410,2450,279579,0.0
2025-02-24,2405,2480,2405,2455,177365,0.0020408163265306367
2025-02-25,2450,2510,2435,2460,374929,0.0020366598778003286
2025-02-26,2450,2480,2430,2435,112010,-0.010162601626016232
2025-02-27,2450,2565,2420,2510,943530,0.030800821355236208
2025-02-28,2470,2620,2470,2500,1455036,-0.003984063745019917
2025-03-04,2470,2495,2380,2405,258630,-0.038000000000000034
2025-03-05,2405,2460,2385,2420,177298,0.006237006237006293
2025-03-06,2420,2487,2420,2450,202089,0.012396694214876103
2025-03-07,2420,2490,2410,2445,195883,-0.0020408163265306367
2025-03-10,2445,2450,2375,2400,163846,-0.018404907975460127
2025-03-11,2350,2400,2320,2400,132258,0.0
2025-03-12,2405,2505,2385,2465,233353,0.027083333333333348
2025-03-13,2475,2510,2405,2470,172423,0.0020283975659229903
2025-03-14,2445,2495,2435,2450,122948,-0.0080971659919028
2025-03-17,2450,2485,2400,2430,196397,-0.008163265306122436
2025-03-18,2450,2465,2400,2405,104407,-0.010288065843621408
2025-03-19,2405,2420,2355,2355,158028,-0.02079002079002079
2025-03-20,2380,2425,2350,2350,159875,-0.002123142250530785
2025-03-21,2395,2445,2345,2365,248505,0.006382978723404209
2025-03-24,2365,2430,2360,2405,101064,0.016913319238900604
2025-03-25,2410,2440,2355,2355,133243,-0.02079002079002079
2025-03-26,2360,2405,2350,2350,153754,-0.002123142250530785
2025-03-27,2360,2375,2310,2350,124793,0.0
2025-03-28,2365,2365,2275,2295,116871,-0.023404255319148914
2025-03-31,2295,2295,2210,2210,215239,-0.03703703703703709
2025-04-01,2230,2305,2230,2300,163361,0.040723981900452566
2025-04-02,2325,2325,2190,2270,155291,-0.013043478260869601
2025-04-03,2225,2290,2225,2275,68638,0.0022026431718060735
2025-04-04,2275,2340,2220,2340,166801,0.02857142857142847
2025-04-07,2255,2300,2195,2205,202767,-0.05769230769230771
2025-04-08,2235,2270,2210,2250,245618,0.020408163265306145
2025-04-09,2215,2260,2110,2145,221319,-0.046666666666666634
2025-04-10,2210,2255,2200,2240,124145,0.04428904428904423
2025-04-11,2240,2295,2190,2295,76629,0.024553571428571397
2025-04-14,2280,2315,2280,2300,82611,0.002178649237472685
2025-04-15,2285,2355,2280,2315,115630,0.006521739130434856
2025-04-16,2315,2360,2290,2290,122824,-0.010799136069114423
2025-04-17,2280,2350,2280,2345,169074,0.024017467248908186
2025-04-18,2360,2360,2315,2350,95273,0.002132196162046851
2025-04-21,2335,2355,2325,2335,60128,-0.006382978723404209
2025-04-22,2315,2350,2305,2330,115722,-0.0021413276231263545
2025-04-23,2350,2365,2320,2355,108059,0.010729613733905685
2025-04-24,2355,2385,2340,2380,131320,0.010615711252653925
2025-04-25,2390,2400,2360,2395,88526,0.006302521008403339
2025-04-28,2385,2400,2365,2375,119054,-0.008350730688935326
2025-04-29,2365,2415,2365,2415,161596,0.01684210526315799
2025-04-30,2420,2460,2400,2415,219535,0.0
2025-05-02,2450,2450,2400,2410,141853,-0.0020703933747412417
2025-05-07,2410,2415,2355,2400,88235,-0.004149377593360981
2025-05-08,2400,2455,2400,2445,184013,0.018750000000000044
2025-05-09,2445,2460,2415,2430,159315,-0.006134969325153339
2025-05-12,2445,2460,2400,2420,117218,-0.004115226337448541
2025-05-13,2420,2440,2410,2435,112278,0.006198347107438051
2025-05-14,2435,2460,2420,2460,95187,0.010266940451745477
2025-05-15,2460,2465,2410,2435,91666,-0.010162601626016232
2025-05-16,2405,2415,2340,2340,152662,-0.03901437371663241
2025-05-19,2340,2355,2310,2330,69595,-0.004273504273504258
2025-05-20,2345,2360,2320,2340,61709,0.0042918454935623185
2025-05-21,2340,2355,2335,2350,40042,0.004273504273504258
2025-05-22,2330,2360,2315,2335,60931,-0.006382978723404209
2025-05-23,2335,2400,2320,2370,157487,0.01498929336188426
2025-05-26,2370,2400,2355,2380,101926,0.00421940928270037
2025-05-27,2355,2410,2350,2360,74665,-0.008403361344537785
2025-05-28,2365,2385,2360,2370,82034,0.004237288135593209
2025-05-29,2380,2395,2355,2365,98544,-0.002109704641350185
2025-05-30,2370,2395,2355,2375,51331,0.0042283298097252064
2025-06-02,2390,2405,2370,2400,123241,0.010526315789473717
2025-06-04,2395,2460,2395,2460,139057,0.02499999999999991
2025-06-05,2440,2480,2430,2465,218856,0.00203252032520318
2025-06-09,2470,2480,2455,2465,216997,0.0
2025-06-10,2465,2475,2445,2460,180657,-0.0020283975659228792
2025-06-11,2470,2490,2450,2490,204652,0.012195121951219523
2025-06-12,2495,2530,2465,2465,247599,-0.010040160642570295
2025-06-13,2470,2495,2390,2390,223003,-0.030425963488843855
2025-06-16,2395,2445,2370,2445,94076,0.023012552301255207
2025-06-17,2415,2455,2410,2420,127736,-0.010224948875255602
2025-06-18,2425,2465,2405,2450,153220,0.012396694214876103
2025-06-19,2455,2480,2430,2480,171925,0.012244897959183598
2025-06-20,2500,3220,2490,3220,26880366,0.2983870967741935
2025-06-23,3075,3165,3010,3065,6084968,-0.04813664596273293
2025-06-24,3080,3085,2940,2960,2200602,-0.034257748776509
2025-06-25,2960,2960,2805,2815,1827281,-0.048986486486486513
2025-06-26,2825,2835,2760,2830,1158651,0.005328596802841812
2025-06-27,2830,2830,2740,2780,872426,-0.017667844522968212
2025-06-30,2790,3010,2790,2815,6321933,0.012589928057553879
2025-07-01,2820,2845,2750,2805,940120,-0.003552397868561319
2025-07-02,2835,3020,2775,2810,3849326,0.0017825311942958333
2025-07-03,2830,2840,2755,2770,972465,-0.014234875444839812
2025-07-04,2770,2830,2705,2705,564287,-0.023465703971119134
2025-07-07,2700,2795,2680,2785,357766,0.02957486136783727
2025-07-08,2800,2880,2765,2845,697716,0.021543985637342944
2025-07-09,2855,3170,2855,2995,8531020,0.05272407732864681
2025-07-10,2980,3075,2920,3020,2224241,0.008347245409014992
2025-07-11,3030,3065,2945,3030,1367316,0.0033112582781456013
2025-07-14,3305,3740,3225,3225,29585240,0.06435643564356441
2025-07-15,3220,3285,3105,3180,2761699,-0.013953488372092981
2025-07-16,3370,3645,3205,3245,12254120,0.020440251572326984
2025-07-17,3215,3290,3135,3275,1443901,0.009244992295839749
2025-07-18,3210,3210,3115,3125,956918,-0.04580152671755722
2025-07-21,3055,3145,3050,3100,651340,-0.008000000000000007
2025-07-22,3230,3235,3010,3030,1236170,-0.022580645161290325
2025-07-23,3050,3115,3030,3035,553632,0.0016501650165017256
2025-07-24,3030,3055,2915,2930,686892,-0.034596375617792385
2025-07-25,2900,2940,2835,2840,2801677,-0.030716723549488067
2025-07-28,2900,2900,2780,2785,731694,-0.01936619718309862
2025-07-29,2810,2835,2770,2790,447598,0.0017953321364452268
2025-07-30,2810,2825,2775,2785,392579,-0.0017921146953404632
2025-07-31,2790,2870,2790,2820,637432,0.012567324955116588
2025-08-01,2815,2815,2710,2740,829936,-0.028368794326241176
2025-08-04,2740,2805,2705,2800,325433,0.021897810218978186
2025-08-05,2805,2830,2750,2800,324602,0.0
2025-08-06,2805,2930,2770,2890,2229192,0.03214285714285725
2025-08-07,2890,2940,2850,2890,1864956,0.0
2025-08-08,2905,2920,2850,2890,750307,0.0
2025-08-11,2875,2885,2785,2790,749412,-0.03460207612456745
2025-08-12,2805,2835,2735,2740,547689,-0.017921146953404965
2025-08-13,2740,2760,2665,2690,381539,-0.018248175182481785
2025-08-14,2685,2720,2685,2700,172581,0.0037174721189590088
2025-08-18,2660,2695,2650,2675,185001,-0.0092592592592593
2025-08-19,2655,2700,2610,2660,259582,-0.005607476635513975
2025-08-20,2635,2680,2590,2670,369474,0.003759398496240518
2025-08-21,2645,2705,2645,2680,286503,0.0037453183520599342
2025-08-22,2680,2705,2665,2685,175999,0.001865671641791078
2025-08-25,2690,2735,2680,2730,206145,0.016759776536312776
2025-08-26,2725,2745,2675,2690,172894,-0.0146520146520146
2025-08-27,2690,2710,2630,2660,307036,-0.01115241635687736
2025-08-28,2660,2695,2645,2665,168562,0.001879699248120259
2025-08-29,2660,2710,2645,2695,208670,0.011257035647279645
2025-09-01,2695,2730,2615,2630,234957,-0.024118738404452666
2025-09-02,2625,2655,2590,2595,167585,-0.013307984790874472
2025-09-03,2595,2680,2595,2675,189609,0.030828516377649384
2025-09-04,2690,2700,2650,2660,166952,-0.005607476635513975
2025-09-05,2660,2725,2640,2665,114489,0.001879699248120259
2025-09-08,2670,2770,2665,2740,277953,0.02814258911819878
2025-09-09,2740,2820,2730,2790,282486,0.018248175182481674
2025-09-10,2805,2805,2755,2785,145309,-0.0017921146953404632
2025-09-11,2780,2820,2760,2765,163998,-0.007181328545781018
2025-09-12,2785,2820,2765,2810,210309,0.016274864376130127
2025-09-15,2810,2830,2765,2795,245415,-0.005338078291814985
2025-09-16,2785,2810,2755,2770,162901,-0.008944543828264706
2025-09-17,2790,2825,2775,2810,419984,0.014440433212996373
2025-09-18,3000,3000,2845,2870,1821341,0.021352313167259718
2025-09-19,2850,2935,2835,2860,495757,-0.0034843205574912606
2025-09-22,2940,2975,2870,2870,850033,0.0034965034965035446
2025-09-23,2870,2875,2790,2815,386146,-0.019163763066202044
2025-09-24,2850,2900,2805,2815,321690,0.0
2025-09-25,2815,2820,2770,2780,217914,-0.01243339253996445
2025-09-26,2775,2855,2730,2730,336688,-0.017985611510791366
2025-09-29,2700,2855,2690,2830,404232,0.03663003663003672
2025-09-30,2890,2890,2800,2815,380247,-0.005300353356890497
2025-10-01,2805,2825,2695,2700,385508,-0.04085257548845467
2025-10-02,2700,2730,2670,2700,271436,0.0
2025-10-10,2700,2700,2535,2630,447641,-0.025925925925925908
2025-10-13,2570,2645,2530,2610,185334,-0.0076045627376425395
2025-10-14,2610,2625,2530,2550,337437,-0.02298850574712641
2025-10-15,2545,2605,2535,2570,168882,0.007843137254901933
2025-10-16,2565,2595,2535,2535,313089,-0.013618677042801508
2025-10-17,2530,2535,2470,2480,396462,-0.021696252465483234
2025-10-20,2485,2520,2455,2500,215841,0.008064516129032251
2025-10-21,2510,2540,2465,2480,245286,-0.008000000000000007
2025-10-22,2495,2550,2445,2515,238364,0.014112903225806495
2025-10-23,2530,2585,2490,2495,346940,-0.007952286282306154
2025-10-24,2500,2515,2430,2460,330327,-0.014028056112224463
2025-10-27,2460,2535,2450,2520,227318,0.024390243902439046
2025-10-28,2500,2570,2500,2535,328519,0.005952380952380931
2025-10-29,2535,2540,2475,2495,261557,-0.015779092702169595
2025-10-30,2550,3055,2535,2800,25837033,0.12224448897795592
2025-10-31,2710,2715,2565,2595,3015340,-0.07321428571428568
2025-11-03,2610,2615,2430,2430,1783570,-0.06358381502890176
2025-11-04,2400,2420,2370,2370,734346,-0.024691358024691357
