Date,Open,High,Low,Close,Volume,Change
2022-01-03,9180,9200,9090,9160,9621,-0.002178649237472796
2022-01-04,9160,9180,9040,9180,20328,0.0021834061135370675
2022-01-05,9140,9280,8920,9250,106343,0.007625272331154731
2022-01-06,9130,9220,9000,9080,22878,-0.018378378378378413
2022-01-07,9080,9160,9040,9160,16198,0.008810572687224738
2022-01-10,9200,9200,9040,9090,13797,-0.007641921397379958
2022-01-11,9000,9080,8920,9080,7049,-0.0011001100110010764
2022-01-12,9000,9080,8980,9080,9683,0.0
2022-01-13,9090,9100,8990,9070,6724,-0.0011013215859030367
2022-01-14,9000,9060,8940,9000,13465,-0.007717750826901848
2022-01-17,8940,9000,8790,8920,11110,-0.008888888888888835
2022-01-18,8900,8920,8730,8860,10765,-0.006726457399103158
2022-01-19,8750,8880,8750,8860,7544,0.0
2022-01-20,8810,8850,8750,8800,3805,-0.006772009029345383
2022-01-21,8800,8820,8660,8710,15908,-0.010227272727272751
2022-01-24,8640,8660,8400,8530,17011,-0.02066590126291623
2022-01-25,8490,8510,8240,8360,21209,-0.01992966002344665
2022-01-26,8360,8470,8290,8340,17168,-0.0023923444976076125
2022-01-27,8330,8340,7980,8120,43610,-0.026378896882493952
2022-01-28,7980,8260,7980,8260,20620,0.01724137931034475
2022-02-03,8450,8450,8260,8330,16691,0.008474576271186418
2022-02-04,8340,8440,8320,8440,13846,0.013205282112845218
2022-02-07,8470,8550,8420,8550,27842,0.013033175355450233
2022-02-08,8550,8610,8490,8520,11806,-0.0035087719298245723
2022-02-09,8530,8680,8530,8660,14501,0.016431924882629012
2022-02-10,8720,8720,8590,8630,14128,-0.0034642032332563577
2022-02-11,8590,8640,8550,8600,17223,-0.0034762456546929554
2022-02-14,8280,8440,8280,8330,24886,-0.03139534883720929
2022-02-15,8290,8400,8240,8240,7811,-0.010804321728691502
2022-02-16,8320,8430,8300,8430,8112,0.02305825242718451
2022-02-17,8500,8570,8410,8500,14112,0.008303677342823335
2022-02-18,8500,8650,8440,8650,10573,0.01764705882352935
2022-02-21,8650,8710,8500,8640,8232,-0.0011560693641619046
2022-02-22,8410,8570,8390,8470,4812,-0.01967592592592593
2022-02-23,8380,8540,8380,8540,6223,0.008264462809917328
2022-02-24,8540,8540,8320,8320,7192,-0.025761124121779888
2022-02-25,8340,8700,8340,8400,6630,0.009615384615384581
2022-02-28,8400,8600,8400,8590,10947,0.02261904761904754
2022-03-02,8640,8640,8570,8640,16779,0.005820721769499437
2022-03-03,8670,8670,8460,8640,21145,0.0
2022-03-04,8530,8640,8480,8600,12330,-0.00462962962962965
2022-03-07,8630,8630,8470,8470,8126,-0.015116279069767424
2022-03-08,8360,8460,8300,8460,5423,-0.0011806375442738881
2022-03-10,8410,8590,8410,8530,5905,0.008274231678486954
2022-03-11,8620,8620,8480,8520,7112,-0.0011723329425556983
2022-03-14,8520,8600,8430,8520,9991,0.0
2022-03-15,8470,8520,8400,8520,10394,0.0
2022-03-16,8530,8590,8480,8550,6355,0.0035211267605634866
2022-03-17,8630,8640,8550,8620,7059,0.008187134502924076
2022-03-18,8650,8660,8550,8630,15415,0.0011600928074246841
2022-03-21,8670,8770,8630,8770,15484,0.016222479721900385
2022-03-22,8780,8960,8770,8960,12092,0.02166476624857472
2022-03-23,8960,9020,8870,9000,12385,0.0044642857142858094
2022-03-24,8960,9000,8850,9000,11492,0.0
2022-03-25,9000,9010,8900,8910,8699,-0.010000000000000009
2022-03-28,8950,8950,8880,8910,7592,0.0
2022-03-29,8910,9010,8800,8910,16541,0.0
2022-03-30,8970,8970,8810,8850,9494,-0.006734006734006703
2022-03-31,8900,8900,8850,8900,3236,0.005649717514124353
2022-04-01,8890,8990,8800,8990,17441,0.010112359550561889
2022-04-04,8990,9100,8860,9060,17317,0.007786429365962189
2022-04-05,9060,9120,9000,9110,15570,0.0055187637969094094
2022-04-06,9110,9140,9010,9080,9208,-0.003293084522502765
2022-04-07,9020,9050,8900,8980,11381,-0.011013215859030812
2022-04-08,8910,9010,8900,9010,9933,0.0033407572383072903
2022-04-11,9000,9030,8930,8940,4934,-0.007769145394006638
2022-04-12,8840,8900,8780,8880,5763,-0.006711409395973145
2022-04-13,8860,8890,8700,8820,12602,-0.006756756756756799
2022-04-14,8880,9050,8850,9020,12386,0.0226757369614512
2022-04-15,9020,9020,8950,8980,3437,-0.0044345898004434225
2022-04-18,8950,9260,8950,9240,40588,0.028953229398663627
2022-04-19,9260,9570,9220,9570,66111,0.03571428571428581
2022-04-20,9600,9600,9420,9590,43155,0.002089864158829613
2022-04-21,9570,9600,9470,9540,23534,-0.005213764337851923
2022-04-22,9500,9500,9350,9380,21428,-0.016771488469601636
2022-04-25,9350,10150,9300,9430,952430,0.005330490405117239
2022-04-26,9480,9910,9480,9870,367954,0.04665959703075284
2022-04-27,9630,10050,9620,9910,282457,0.004052684903748771
2022-04-28,9880,10250,9700,9730,315063,-0.01816347124117057
2022-04-29,9780,9860,9570,9660,79940,-0.007194244604316502
2022-05-02,9690,9840,9500,9830,77628,0.017598343685300222
2022-05-03,9780,9830,9640,9740,51208,-0.00915564598168872
2022-05-04,9770,9770,9570,9660,43290,-0.008213552361396315
2022-05-06,9550,9600,9410,9500,28138,-0.0165631469979296
2022-05-09,9430,9450,9140,9290,52112,-0.02210526315789474
2022-05-10,9100,9440,8970,9420,27361,0.013993541442411273
2022-05-11,9450,9450,9260,9390,18050,-0.0031847133757961776
2022-05-12,9330,9390,9140,9230,35970,-0.017039403620873306
2022-05-13,9300,9660,9290,9560,57965,0.03575297941495115
2022-05-16,9580,9780,9420,9660,53103,0.010460251046025215
2022-05-17,9630,9630,9230,9380,67796,-0.02898550724637683
2022-05-18,9390,9550,9200,9340,58284,-0.004264392324093813
2022-05-19,9240,9280,9110,9160,39526,-0.01927194860813708
2022-05-20,9160,9310,9080,9080,23284,-0.008733624454148492
2022-05-23,9120,9160,8950,9110,27017,0.0033039647577093323
2022-05-24,9050,9120,9000,9070,11695,-0.004390779363336983
2022-05-25,9050,9230,9020,9120,10512,0.005512679162072764
2022-05-26,9120,9210,9020,9020,19651,-0.010964912280701733
2022-05-27,9070,9110,9020,9050,6783,0.003325942350332678
2022-05-30,9050,9200,9050,9120,22002,0.007734806629834168
2022-05-31,9120,9170,9070,9150,24421,0.00328947368421062
2022-06-02,9200,9540,9150,9210,53906,0.006557377049180246
2022-06-03,9180,9360,9180,9300,13149,0.009771986970684043
2022-06-07,9280,9380,9280,9380,20537,0.008602150537634357
2022-06-08,9380,9460,9260,9270,15297,-0.011727078891258014
2022-06-09,9210,9450,9160,9210,29533,-0.006472491909385147
2022-06-10,9300,9300,9080,9130,14745,-0.008686210640608039
2022-06-13,9010,9040,8500,8540,53810,-0.06462212486308871
2022-06-14,8250,8590,8250,8380,37191,-0.0187353629976581
2022-06-15,8410,8500,8250,8430,45801,0.005966587112171906
2022-06-16,8440,8900,8440,8670,13665,0.028469750889679624
2022-06-17,8570,8690,8300,8580,24648,-0.01038062283737029
2022-06-20,8670,8670,8100,8300,30866,-0.03263403263403264
2022-06-21,8180,8410,8180,8340,25668,0.004819277108433662
2022-06-22,8430,8430,7990,8030,22444,-0.037170263788968816
2022-06-23,8030,8160,7650,7690,48662,-0.04234122042341215
2022-06-24,7600,8190,7600,7900,29202,0.027308192457737412
2022-06-27,8000,8190,7910,8110,21567,0.026582278481012578
2022-06-28,8030,8210,7910,8210,12409,0.012330456226880449
2022-06-29,8120,8200,8050,8130,9918,-0.00974421437271622
2022-06-30,8110,8140,7990,8050,9426,-0.009840098400983988
2022-07-01,8010,8070,7810,7910,12819,-0.017391304347826098
2022-07-04,8000,8000,7510,7690,28469,-0.027812895069532217
2022-07-05,7560,8050,7560,8030,17903,0.04421326397919367
2022-07-06,8030,8050,7830,7850,12829,-0.02241594022415938
2022-07-07,7910,8110,7890,8090,9441,0.030573248407643305
2022-07-08,8110,8190,8030,8190,23423,0.012360939431396822
2022-07-11,8190,8220,8100,8100,5117,-0.01098901098901095
2022-07-12,8100,8100,7850,7850,13337,-0.030864197530864224
2022-07-13,7850,8050,7850,8020,10834,0.021656050955414008
2022-07-14,8100,8100,7850,8050,11071,0.0037406483790523026
2022-07-15,8050,8140,7900,8140,4543,0.011180124223602483
2022-07-18,8140,8260,8140,8260,6601,0.014742014742014753
2022-07-19,8220,8330,8160,8320,5625,0.007263922518159882
2022-07-20,8350,8430,8330,8420,6721,0.012019230769230838
2022-07-21,8460,8510,8400,8510,6601,0.010688836104512989
2022-07-22,8550,8580,8430,8480,6110,-0.003525264394829586
2022-07-25,8520,8810,8420,8810,24245,0.03891509433962259
2022-07-26,8840,9030,8800,9020,23423,0.023836549375709337
2022-07-27,9050,9050,8840,9030,7225,0.0011086474501109667
2022-07-28,8980,9030,8880,8920,3631,-0.01218161683277963
2022-07-29,8840,9040,8840,9030,9417,0.012331838565022402
2022-08-01,9030,9060,8910,8960,13106,-0.007751937984496138
2022-08-02,8880,9010,8810,8870,4737,-0.010044642857142905
2022-08-03,8870,8900,8820,8880,2564,0.0011273957158963732
2022-08-04,8880,9030,8860,8980,12549,0.011261261261261257
2022-08-05,8960,9040,8950,8960,5941,-0.00222717149220486
2022-08-08,8960,9000,8910,8930,6220,-0.0033482142857143016
2022-08-09,8930,8950,8650,8920,7848,-0.0011198208286674616
2022-08-10,8850,8970,8850,8850,11641,-0.007847533632286963
2022-08-11,8840,8950,8840,8910,3596,0.006779661016949046
2022-08-12,8910,9030,8900,9030,5199,0.013468013468013407
2022-08-16,9050,9100,8930,9030,12894,0.0
2022-08-17,9330,9340,9190,9260,54454,0.025470653377630104
2022-08-18,9320,9470,9240,9440,27400,0.01943844492440605
2022-08-19,9500,9500,9210,9210,25095,-0.024364406779661008
2022-08-22,9190,9200,9080,9090,13321,-0.013029315960912058
2022-08-23,9090,9200,9070,9080,10284,-0.0011001100110010764
2022-08-24,9080,9340,9080,9280,7949,0.022026431718061623
2022-08-25,9330,9340,9230,9290,3954,0.0010775862068965747
2022-08-26,9280,9300,9200,9240,8439,-0.005382131324004336
2022-08-29,9150,9150,8560,8930,15978,-0.03354978354978355
2022-08-30,8880,9180,8880,9140,7801,0.023516237402015694
2022-08-31,9090,9160,9050,9110,6377,-0.003282275711159688
2022-09-01,9070,9080,8950,9000,11451,-0.01207464324917673
2022-09-02,8950,9060,8950,8980,9557,-0.0022222222222222365
2022-09-05,8970,9030,8880,8920,13786,-0.006681514476614692
2022-09-06,8880,9060,8850,9020,4422,0.011210762331838486
2022-09-07,9070,9430,8990,9080,22364,0.006651884700665134
2022-09-08,9160,9280,9050,9170,14866,0.009911894273127775
2022-09-13,9260,9270,9080,9110,15876,-0.0065430752453653485
2022-09-14,8950,9080,8910,9060,13437,-0.005488474204171201
2022-09-15,9000,9110,9000,9070,10703,0.001103752759381793
2022-09-16,9000,9100,8980,9000,7460,-0.007717750826901848
2022-09-19,9030,9030,8930,8960,15257,-0.004444444444444473
2022-09-20,8970,9270,8960,9010,48806,0.005580357142857206
2022-09-21,9000,9060,8780,8800,29228,-0.023307436182020025
2022-09-22,8800,8850,8620,8820,24418,0.002272727272727204
2022-09-23,8770,8930,8700,8760,13241,-0.006802721088435382
2022-09-26,8550,8680,8310,8480,64580,-0.03196347031963476
2022-09-27,8480,8590,8200,8590,41577,0.01297169811320753
2022-09-28,8590,8640,8300,8370,24106,-0.025611175785797413
2022-09-29,8570,8570,8310,8390,11796,0.002389486260454099
2022-09-30,8390,8400,8210,8320,19427,-0.008343265792610244
2022-10-04,8430,8600,8420,8420,18306,0.012019230769230838
2022-10-05,8580,8640,8450,8530,21925,0.013064133016627011
2022-10-06,8580,8840,8580,8830,16382,0.035169988276670505
2022-10-07,8820,8930,8780,8820,14324,-0.0011325028312570984
2022-10-11,8810,8810,8550,8690,28515,-0.01473922902494329
2022-10-12,8600,8750,8500,8520,26688,-0.019562715765247374
2022-10-13,8670,8670,8170,8270,20499,-0.02934272300469487
2022-10-14,8290,8560,8290,8480,20464,0.025392986698911768
2022-10-17,8460,8650,8390,8560,13117,0.009433962264151052
2022-10-18,8570,8760,8570,8650,15857,0.010514018691588856
2022-10-19,8780,8780,8580,8580,9017,-0.008092485549133
2022-10-20,8530,8650,8430,8570,7413,-0.0011655011655011815
2022-10-21,8540,8620,8400,8400,17387,-0.019836639439906656
2022-10-24,8410,8590,8410,8510,7886,0.013095238095238049
2022-10-25,8520,8550,8460,8480,7634,-0.003525264394829586
2022-10-26,8550,8550,8340,8340,14196,-0.01650943396226412
2022-10-27,8480,8510,8390,8460,8632,0.014388489208633004
2022-10-28,8460,8460,8270,8350,25918,-0.013002364066193817
2022-10-31,8410,8480,8300,8400,17314,0.0059880239520957446
2022-11-01,8400,8560,8400,8530,18555,0.015476190476190421
2022-11-02,8530,8740,8520,8650,14429,0.014067995310668158
2022-11-03,8550,8710,8500,8540,22813,-0.012716763005780396
2022-11-04,8530,8700,8500,8640,17601,0.011709601873536313
2022-11-07,8610,8680,8500,8680,25230,0.004629629629629539
2022-11-08,8680,8850,8660,8660,10210,-0.0023041474654378336
2022-11-09,8610,8820,8610,8740,16400,0.009237875288683695
2022-11-10,8650,8800,8650,8720,6508,-0.0022883295194507935
2022-11-11,8870,8920,8760,8850,12883,0.014908256880733939
2022-11-14,8860,8950,8800,8930,14530,0.009039548022598876
2022-11-15,9050,9150,8880,9100,49784,0.01903695408734607
2022-11-16,9110,9140,8950,9080,39387,-0.00219780219780219
2022-11-17,9080,9110,9010,9070,15431,-0.0011013215859030367
2022-11-18,9110,9160,9000,9000,28104,-0.007717750826901848
2022-11-21,9090,9100,8950,9000,13539,0.0
2022-11-22,9000,9030,8950,9020,16439,0.0022222222222221255
2022-11-23,9000,9130,9000,9130,39251,0.012195121951219523
2022-11-24,9130,9150,9110,9150,5523,0.0021905805038335835
2022-11-25,9170,9200,9130,9150,5358,0.0
2022-11-28,9200,9220,9020,9050,16853,-0.010928961748633892
2022-11-29,8920,9150,8920,9140,16800,0.009944751381215422
2022-11-30,9140,9260,9110,9260,22504,0.013129102844638973
2022-12-01,9260,9280,9210,9230,24780,-0.003239740820734305
2022-12-02,9280,9280,9110,9180,16637,-0.005417118093174467
2022-12-05,9190,9230,9160,9180,14184,0.0
2022-12-06,9180,9180,9100,9150,13683,-0.0032679738562091387
2022-12-07,9080,9200,9060,9160,13079,0.0010928961748633004
2022-12-08,9160,9180,9130,9130,10605,-0.0032751091703057122
2022-12-09,9160,9170,9060,9150,15838,0.0021905805038335835
2022-12-12,9170,9220,9100,9170,21748,0.002185792349726823
2022-12-13,9170,9210,9140,9140,9407,-0.0032715376226826187
2022-12-14,9150,9200,9130,9180,18936,0.004376367614879584
2022-12-15,9180,9330,9180,9210,26952,0.0032679738562091387
2022-12-16,9210,9270,9150,9240,14017,0.0032573289902280145
2022-12-19,9220,9270,9100,9170,18277,-0.007575757575757569
2022-12-20,9170,9170,9010,9040,24269,-0.014176663031624903
2022-12-21,9040,9160,9000,9060,13700,0.0022123893805310324
2022-12-22,9110,9170,9030,9090,21072,0.0033112582781456013
2022-12-23,9090,9090,8950,8990,17133,-0.011001100110010986
2022-12-26,8990,9100,8930,9090,17271,0.011123470522803158
2022-12-27,9080,9100,9030,9040,10691,-0.005500550055005493
2022-12-28,9040,9040,8860,8950,18568,-0.009955752212389424
2022-12-29,8870,8950,8840,8890,8729,-0.006703910614525133
2023-01-02,8840,8880,8500,8650,11381,-0.02699662542182224
2023-01-03,8680,8680,8260,8530,33900,-0.01387283236994219
2023-01-04,8530,8590,8480,8570,6309,0.004689331770222793
2023-01-05,8600,8700,8590,8680,11745,0.012835472578763163
2023-01-06,8730,8750,8680,8690,5780,0.0011520737327188613
2023-01-09,8730,8880,8730,8780,10316,0.010356731875719172
2023-01-10,8790,8870,8690,8690,20600,-0.01025056947608205
2023-01-11,8810,8810,8660,8710,31371,0.0023014959723819395
2023-01-12,8760,8790,8670,8720,9587,0.0011481056257176547
2023-01-13,8710,8770,8690,8700,7590,-0.002293577981651418
2023-01-16,8780,8780,8620,8690,18021,-0.0011494252873562871
2023-01-17,8700,8700,8580,8640,9765,-0.005753739930955071
2023-01-18,8700,8720,8550,8720,5700,0.0092592592592593
2023-01-19,8720,8720,8660,8700,8616,-0.002293577981651418
2023-01-20,8700,8770,8680,8720,9835,0.0022988505747125743
2023-01-25,8880,8880,8760,8830,17326,0.012614678899082632
2023-01-26,8950,9030,8850,8940,52254,0.01245753114382775
2023-01-27,9030,9050,8930,8950,14600,0.0011185682326622093
2023-01-30,9040,9040,8900,8940,11920,-0.0011173184357542443
2023-01-31,8990,9000,8830,8950,14167,0.0011185682326622093
2023-02-01,9020,9020,8900,8950,12895,0.0
2023-02-02,9000,9000,8920,8960,7218,0.0011173184357542443
2023-02-03,9030,9030,8900,8960,12526,0.0
2023-02-06,9000,9030,8930,8960,18155,0.0
2023-02-07,8950,8980,8890,8970,15416,0.0011160714285713969
2023-02-08,8980,9000,8930,8980,14292,0.0011148272017837968
2023-02-09,8980,9030,8950,9030,5930,0.0055679287305121505
2023-02-10,9000,9000,8890,8910,27054,-0.013289036544850474
2023-02-13,8900,9070,8900,9000,18378,0.010101010101010166
2023-02-14,9040,9090,9000,9060,15173,0.006666666666666599
2023-02-15,9060,9090,8900,8980,11373,-0.008830022075055233
2023-02-16,8910,9090,8910,9040,13059,0.006681514476614803
2023-02-17,9040,9200,9020,9070,15130,0.0033185840707965486
2023-02-20,9150,9150,8920,9080,20733,0.0011025358324145973
2023-02-21,9050,9100,9010,9080,9804,0.0
2023-02-22,9080,9080,8910,8960,16092,-0.013215859030836996
2023-02-23,8950,8970,8900,8920,20121,-0.004464285714285698
2023-02-24,8930,9010,8880,8990,24621,0.007847533632286963
2023-02-27,8960,9090,8930,9090,25898,0.011123470522803158
2023-02-28,9090,9170,9060,9170,27700,0.008800880088008833
2023-03-02,9170,9370,9150,9300,29672,0.014176663031624903
2023-03-03,9310,9430,9250,9300,28140,0.0
2023-03-06,9300,9400,9240,9330,34351,0.003225806451612856
2023-03-07,9330,9450,9230,9350,26718,0.002143622722400762
2023-03-08,9350,9400,9210,9400,21746,0.005347593582887722
2023-03-09,9340,9490,9340,9480,19953,0.008510638297872353
2023-03-10,9360,9420,9270,9380,23945,-0.010548523206751037
2023-03-13,9220,9360,9050,9280,39864,-0.010660980810234588
2023-03-14,9230,9260,9020,9100,36574,-0.0193965517241379
2023-03-15,9110,9210,9100,9180,16458,0.00879120879120876
2023-03-16,9180,9180,9030,9110,14570,-0.007625272331154731
2023-03-17,9120,9320,9120,9280,23908,0.01866081229418226
2023-03-20,9280,9300,9100,9200,49931,-0.008620689655172376
2023-03-21,9160,9420,9140,9380,37180,0.019565217391304346
2023-03-22,9380,9430,9210,9220,19312,-0.017057569296375252
2023-03-23,9220,9220,8970,9110,22729,-0.01193058568329719
2023-03-24,9070,9170,9010,9110,19579,0.0
2023-03-27,9080,9080,8910,9040,14302,-0.007683863885839748
2023-03-28,8970,9150,8970,9140,7226,0.01106194690265494
2023-03-29,9080,9160,9040,9140,8559,0.0
2023-03-30,9200,9260,9120,9240,19795,0.010940919037199182
2023-03-31,9200,9260,9160,9240,27475,0.0
2023-04-03,9320,9320,9170,9250,18024,0.0010822510822510178
2023-04-04,9200,9260,9160,9250,35870,0.0
2023-04-05,9250,9290,9170,9240,11190,-0.00108108108108107
2023-04-06,9240,9270,9100,9110,23285,-0.01406926406926412
2023-04-07,9100,9160,9020,9160,24797,0.005488474204171201
2023-04-10,9130,9190,9040,9040,11532,-0.013100436681222738
2023-04-11,9010,9210,9010,9170,10629,0.014380530973451267
2023-04-12,9210,9220,9120,9200,15240,0.0032715376226826187
2023-04-13,9200,9900,9130,9800,292749,0.0652173913043479
2023-04-14,9800,9800,9550,9600,45538,-0.020408163265306145
2023-04-17,9600,9600,9310,9420,107579,-0.018750000000000044
2023-04-18,9490,9700,9290,9700,106590,0.02972399150743099
2023-04-19,9740,9990,9650,9880,108034,0.01855670103092777
2023-04-20,9840,9900,9610,9630,43956,-0.0253036437246964
2023-04-21,9600,9730,9380,9500,54433,-0.01349948078920038
2023-04-24,9560,9560,9280,9420,36525,-0.008421052631578996
2023-04-25,9350,9410,9190,9310,43220,-0.011677282377919318
2023-04-26,9300,9430,9250,9310,16270,0.0
2023-04-27,9320,9460,9140,9360,16980,0.005370569280343629
2023-04-28,9470,9470,9270,9410,16593,0.005341880341880323
2023-05-02,9560,9590,9420,9530,25355,0.012752391073326264
2023-05-03,9530,9550,9390,9550,20844,0.0020986358866736943
2023-05-04,9500,9580,9460,9570,13367,0.0020942408376962707
2023-05-08,9500,9670,9450,9480,24000,-0.009404388714733591
2023-05-09,9560,9560,9330,9500,16645,0.0021097046413502962
2023-05-10,9400,9590,9400,9510,18582,0.001052631578947416
2023-05-11,9520,9560,9490,9500,12504,-0.001051524710830698
2023-05-12,9360,9500,9310,9400,21333,-0.010526315789473717
2023-05-15,9400,9400,9190,9200,26020,-0.021276595744680882
2023-05-16,9090,9090,8610,8790,139027,-0.04456521739130437
2023-05-17,8820,8890,8760,8820,18245,0.0034129692832765013
2023-05-18,8830,8970,8830,8970,11598,0.017006802721088343
2023-05-19,8940,8970,8810,8930,35400,-0.004459308807134854
2023-05-22,8980,8980,8760,8770,39257,-0.017917133258678608
2023-05-23,8780,8900,8670,8730,28569,-0.004561003420752607
2023-05-24,8730,8870,8700,8760,10512,0.0034364261168384758
2023-05-25,8760,8830,8680,8780,17118,0.0022831050228311334
2023-05-26,8850,8850,8700,8750,7912,-0.003416856492027387
2023-05-30,8750,8930,8650,8860,20820,0.012571428571428678
2023-05-31,8820,8850,8720,8760,13881,-0.011286681715575675
2023-06-01,8760,8830,8740,8830,8654,0.007990867579908745
2023-06-02,8850,8940,8760,8760,13423,-0.007927519818799578
2023-06-05,8830,8940,8770,8790,11300,0.003424657534246478
2023-06-07,8900,8950,8770,8770,23139,-0.0022753128555176305
2023-06-08,8770,8910,8770,8910,40086,0.015963511972634015
2023-06-09,8910,8950,8850,8950,8725,0.004489337822671136
2023-06-12,8960,9040,8940,8940,15623,-0.0011173184357542443
2023-06-13,8950,9050,8860,8930,15763,-0.0011185682326622093
2023-06-14,8930,8960,8760,8830,18461,-0.011198208286674172
2023-06-15,8830,8930,8750,8830,14206,0.0
2023-06-16,8940,8940,8830,8830,9382,0.0
2023-06-19,8940,8940,8650,8680,19645,-0.016987542468856143
2023-06-20,8680,8710,8610,8710,11865,0.003456221198156584
2023-06-21,8660,8710,8590,8590,16518,-0.013777267508610747
2023-06-22,8580,8630,8540,8590,13085,0.0
2023-06-23,8590,8590,8330,8370,58548,-0.025611175785797413
2023-06-26,8320,8490,8320,8490,22316,0.014336917562723928
2023-06-27,8510,8590,8440,8530,8300,0.004711425206124886
2023-06-28,8600,8630,8450,8530,8473,0.0
2023-06-29,8570,8640,8390,8510,9947,-0.0023446658851113966
2023-06-30,8510,8510,8400,8510,7469,0.0
2023-07-03,8590,8590,8460,8550,82728,0.004700352526439522
2023-07-04,8550,8600,8460,8590,10182,0.004678362573099504
2023-07-05,8600,8600,8340,8340,37190,-0.029103608847497076
2023-07-06,8340,8420,8160,8220,42461,-0.014388489208633115
2023-07-07,8220,8260,8120,8260,9745,0.0048661800486617945
2023-07-10,8130,8300,8130,8300,6433,0.004842615012106588
2023-07-11,8300,8350,8230,8350,6631,0.006024096385542244
2023-07-12,8350,8350,8210,8300,7856,-0.005988023952095856
2023-07-13,8300,8460,8290,8450,14236,0.01807228915662651
2023-07-14,8410,8430,8310,8330,4380,-0.014201183431952646
2023-07-17,8330,8350,8180,8350,13067,0.0024009603841537164
2023-07-18,8350,8350,8130,8270,17129,-0.009580838323353325
2023-07-19,8280,8290,8030,8040,20347,-0.027811366384522418
2023-07-20,8040,8150,7760,8150,27401,0.013681592039801016
2023-07-21,8080,8150,8000,8050,15278,-0.012269938650306789
2023-07-24,7990,8050,7800,7880,14421,-0.02111801242236022
2023-07-25,7800,7890,7540,7540,35207,-0.043147208121827374
2023-07-26,7530,7600,7220,7280,36795,-0.03448275862068961
2023-07-27,7280,7590,7240,7530,10998,0.03434065934065944
2023-07-28,7530,7630,7500,7600,5399,0.009296148738379806
2023-07-31,7600,7670,7560,7630,8885,0.003947368421052699
2023-08-01,7650,7720,7630,7720,9368,0.011795543905635641
2023-08-02,7660,7870,7660,7750,9436,0.0038860103626943143
2023-08-03,7660,8170,7630,8120,21753,0.04774193548387107
2023-08-04,8030,8120,7910,7960,7438,-0.019704433497536922
2023-08-07,7900,7980,7780,7780,7082,-0.022613065326633208
2023-08-08,7780,7910,7780,7810,4989,0.003856041131105492
2023-08-09,7810,8000,7810,7970,7069,0.020486555697823317
2023-08-10,8000,8140,7980,8090,13400,0.015056461731492998
2023-08-11,8080,8230,8060,8170,11148,0.009888751545117369
2023-08-14,7900,7950,7800,7800,23554,-0.04528763769889843
2023-08-16,7770,7770,7460,7550,18324,-0.03205128205128205
2023-08-17,7550,7680,7430,7680,7597,0.017218543046357615
2023-08-18,7680,7710,7440,7440,9337,-0.03125
2023-08-21,7570,7570,7450,7490,6063,0.006720430107526987
2023-08-22,7490,7580,7490,7560,8185,0.009345794392523255
2023-08-23,7560,7580,7430,7490,9847,-0.0092592592592593
2023-08-24,7490,7570,7460,7570,3837,0.010680907877169465
2023-08-25,7510,7580,7510,7550,4274,-0.0026420079260237594
2023-08-28,7630,7640,7520,7610,11280,0.007947019867549754
2023-08-29,7620,7650,7600,7650,5338,0.005256241787122251
2023-08-30,7720,7720,7630,7700,4979,0.006535947712418277
2023-08-31,7610,7690,7610,7620,4929,-0.010389610389610393
2023-09-01,7610,7700,7550,7640,5546,0.002624671916010568
2023-09-04,7560,7650,7520,7520,4618,-0.015706806282722474
2023-09-05,7450,7610,7450,7470,8889,-0.0066489361702127825
2023-09-06,7480,7560,7470,7560,4026,0.012048192771084265
2023-09-07,7530,7530,7420,7480,5421,-0.010582010582010581
2023-09-08,7410,7540,7410,7540,4155,0.008021390374331583
2023-09-11,7540,7540,7430,7440,10477,-0.01326259946949604
2023-09-12,7440,7490,7360,7390,8163,-0.006720430107526876
2023-09-13,7390,7410,7320,7410,20434,0.0027063599458727605
2023-09-14,7380,7460,7370,7450,5415,0.005398110661268607
2023-09-15,7470,7480,7380,7470,7393,0.0026845637583892135
2023-09-18,7530,7530,7390,7440,8882,-0.004016064257028162
2023-09-19,7440,7510,7400,7480,8315,0.005376344086021501
2023-09-20,7480,7500,7380,7430,12740,-0.006684491978609652
2023-09-21,7430,7430,7290,7400,6664,-0.004037685060565233
2023-09-22,7320,7370,7260,7300,4482,-0.013513513513513487
2023-09-25,7310,7350,7190,7190,5147,-0.015068493150684925
2023-09-26,7250,7250,7160,7240,6381,0.006954102920723182
2023-09-27,7160,7250,7140,7230,3764,-0.0013812154696132284
2023-10-04,7190,7250,7110,7150,5310,-0.011065006915629283
2023-10-05,7150,7200,6940,7050,6026,-0.013986013986013957
2023-10-06,7110,7130,7050,7100,7058,0.007092198581560183
2023-10-10,7100,7150,7090,7150,2737,0.007042253521126751
2023-10-11,7050,7400,7050,7350,7049,0.027972027972027913
2023-10-12,7270,7380,7270,7340,1040,-0.0013605442176870541
2023-10-13,7390,7390,7260,7280,1336,-0.008174386920980936
2023-10-16,7310,7310,7150,7170,2901,-0.015109890109890056
2023-10-17,7150,7170,7100,7140,4483,-0.004184100418409997
2023-10-18,7140,7250,7090,7250,3985,0.01540616246498594
2023-10-19,7170,7280,7080,7090,7101,-0.022068965517241357
2023-10-20,7060,7150,6990,6990,6620,-0.014104372355430161
2023-10-23,6960,7060,6940,7060,5651,0.010014306151645114
2023-10-24,7060,7100,6890,7100,7567,0.0056657223796034994
2023-10-25,7110,7110,7020,7100,2539,0.0
2023-10-26,7110,7110,6800,6950,6647,-0.021126760563380254
2023-10-27,6950,7030,6910,6930,7162,-0.0028776978417266452
2023-10-30,6900,6970,6900,6960,3175,0.0043290043290042934
2023-10-31,6990,7030,6940,6960,3417,0.0
2023-11-01,6900,7020,6900,7000,2320,0.005747126436781658
2023-11-02,7080,7100,6990,7100,3660,0.014285714285714235
2023-11-03,7080,7130,7050,7130,3864,0.004225352112676051
2023-11-06,7130,7310,7120,7310,10935,0.02524544179523147
2023-11-07,7310,7310,7120,7180,5128,-0.017783857729138153
2023-11-08,7160,7160,7090,7110,9410,-0.00974930362116988
2023-11-09,7090,7120,6990,7100,8853,-0.0014064697609000865
2023-11-10,7070,7070,7020,7040,2589,-0.008450704225352101
2023-11-13,7040,7090,7010,7030,1730,-0.0014204545454545858
2023-11-14,7030,7100,7020,7030,1881,0.0
2023-11-15,7040,7140,6990,6990,7587,-0.005689900426742556
2023-11-16,7010,7010,6910,6910,11811,-0.011444921316165924
2023-11-17,7010,7010,6850,6960,14039,0.00723589001447178
2023-11-20,6960,7010,6930,6960,15802,0.0
2023-11-21,6960,7120,6960,7120,6024,0.02298850574712641
2023-11-22,7010,7220,7010,7170,15677,0.0070224719101124045
2023-11-23,7090,7230,7090,7140,2817,-0.004184100418409997
2023-11-24,7090,7210,7090,7180,2587,0.0056022408963585235
2023-11-27,7110,7260,7090,7240,12696,0.008356545961002881
2023-11-28,7200,7300,7170,7270,6873,0.004143646408839796
2023-11-29,7250,7320,7160,7220,13938,-0.00687757909215958
2023-11-30,7150,7200,7110,7110,7175,-0.015235457063711877
2023-12-01,7080,7130,7050,7050,13572,-0.008438818565400852
2023-12-04,7030,7130,7020,7130,6546,0.01134751773049647
2023-12-05,7150,7150,7050,7140,5187,0.0014025245441795509
2023-12-06,7140,7200,7060,7200,4464,0.008403361344537785
2023-12-07,7200,7200,7110,7150,2262,-0.00694444444444442
2023-12-08,7160,7160,7050,7050,12471,-0.013986013986013957
2023-12-11,7120,7120,7020,7100,8302,0.007092198581560183
2023-12-12,7030,7110,7030,7080,1947,-0.0028169014084507005
2023-12-13,7080,7200,7080,7130,14497,0.007062146892655274
2023-12-14,7160,7230,7140,7230,10743,0.014025245441795287
2023-12-15,7180,7400,7180,7390,14679,0.022130013831258566
2023-12-18,7400,7440,7200,7270,23286,-0.016238159675236785
2023-12-19,7280,7350,7250,7340,3976,0.009628610729023324
2023-12-20,7340,7420,7310,7330,8880,-0.0013623978201634523
2023-12-21,7310,7360,7290,7310,2419,-0.0027285129604365244
2023-12-22,7310,7320,7270,7310,4241,0.0
2023-12-26,7310,7360,7300,7350,4190,0.00547195622435015
2023-12-27,7350,7350,7230,7240,2491,-0.014965986394557818
2023-12-28,7250,7310,7220,7270,3844,0.004143646408839796
2024-01-02,7280,7310,7200,7200,6643,-0.009628610729023435
2024-01-03,7190,7240,7160,7180,4618,-0.002777777777777768
2024-01-04,7280,7280,7080,7100,7418,-0.011142061281337101
2024-01-05,7120,7260,7060,7060,14252,-0.005633802816901401
2024-01-08,7180,7190,7080,7160,5543,0.014164305949008416
2024-01-09,7140,7260,7050,7140,12516,-0.0027932960893854997
2024-01-10,7140,7220,7130,7210,3971,0.009803921568627416
2024-01-11,7220,7330,7180,7220,6105,0.001386962552011095
2024-01-12,7220,7320,7210,7260,11755,0.005540166204986097
2024-01-15,7330,7360,7270,7300,3061,0.005509641873278293
2024-01-16,7300,7300,7230,7260,4610,-0.005479452054794498
2024-01-17,7260,7310,7100,7140,15449,-0.016528925619834656
2024-01-18,7220,7220,7140,7140,5613,0.0
2024-01-19,7190,7280,7190,7230,12973,0.012605042016806678
2024-01-22,7300,7300,7220,7270,9423,0.0055325034578146415
2024-01-23,7250,7270,7170,7190,18183,-0.011004126547455306
2024-01-24,7190,7270,7190,7230,4039,0.0055632823365785455
2024-01-25,7230,7260,7150,7240,4070,0.0013831258644536604
2024-01-26,7270,7400,7260,7370,14564,0.017955801104972302
2024-01-29,7370,7370,7190,7230,45275,-0.018995929443690662
2024-01-30,7230,7270,7180,7230,11332,0.0
2024-01-31,7230,7230,7150,7210,14666,-0.0027662517289073207
2024-02-01,7210,7280,7160,7210,4288,0.0
2024-02-02,7270,7280,7200,7230,14310,0.00277392510402219
2024-02-05,7270,7460,7190,7380,22769,0.020746887966804906
2024-02-06,7380,7470,7240,7300,14585,-0.010840108401083959
2024-02-07,7370,7370,7130,7260,43756,-0.005479452054794498
2024-02-08,7250,7430,7240,7410,23851,0.02066115702479343
2024-02-13,7450,7450,7290,7320,24820,-0.012145748987854255
2024-02-14,7320,7480,7270,7470,25412,0.020491803278688492
2024-02-15,7480,7520,7410,7510,24257,0.0053547523427042165
2024-02-16,7520,7690,7510,7630,33525,0.015978695073235683
2024-02-19,7630,7790,7620,7760,25578,0.017038007863696025
2024-02-20,7760,7780,7610,7710,10470,-0.006443298969072142
2024-02-21,7710,7710,7540,7630,11149,-0.01037613488975353
2024-02-22,7650,7650,7520,7600,19975,-0.003931847968545177
2024-02-23,7660,7660,7500,7640,8733,0.0052631578947368585
2024-02-26,7570,7650,7500,7640,25144,0.0
2024-02-27,7590,7650,7320,7590,14554,-0.00654450261780104
2024-02-28,7520,7580,7320,7320,20910,-0.035573122529644285
2024-02-29,7310,7450,7230,7440,12452,0.016393442622950838
2024-03-04,7460,7460,7240,7240,16493,-0.026881720430107503
2024-03-05,7290,7300,7080,7290,29510,0.006906077348066253
2024-03-06,7290,7300,7140,7150,8323,-0.019204389574759895
2024-03-07,7150,7250,7110,7250,10242,0.013986013986013957
2024-03-08,7250,7380,7170,7300,12529,0.006896551724137945
2024-03-11,7300,7470,7250,7450,17341,0.020547945205479534
2024-03-12,7430,7470,7320,7400,11289,-0.006711409395973145
2024-03-13,7430,7490,7280,7470,20487,0.009459459459459474
2024-03-14,7450,7580,7410,7570,12716,0.01338688085676032
2024-03-15,7570,7680,7500,7660,15873,0.011889035667107084
2024-03-18,7590,7750,7530,7690,13743,0.003916449086161844
2024-03-19,7660,7740,7600,7650,15594,-0.005201560468140465
2024-03-20,7600,7800,7600,7740,20580,0.0117647058823529
2024-03-21,7720,7770,7640,7730,13994,-0.0012919896640827266
2024-03-22,7770,7770,7610,7730,7034,0.0
2024-03-25,7740,7740,7470,7580,19473,-0.019404915912031084
2024-03-26,7480,7720,7480,7650,7029,0.00923482849604218
2024-03-27,7650,7700,7440,7600,8131,-0.006535947712418277
2024-03-28,7580,7650,7490,7580,4573,-0.0026315789473684292
2024-03-29,7540,7650,7500,7650,4341,0.00923482849604218
2024-04-01,7590,7670,7490,7590,18130,-0.007843137254901933
2024-04-02,7680,7680,7500,7540,6621,-0.006587615283267456
2024-04-03,7570,7590,7530,7580,6065,0.0053050397877985045
2024-04-04,7620,7630,7450,7540,6867,-0.00527704485488123
2024-04-05,7540,7560,7460,7500,3918,-0.0053050397877983935
2024-04-08,7500,7600,7460,7580,5026,0.010666666666666602
2024-04-09,7620,7620,7200,7360,58528,-0.02902374670184693
2024-04-11,7360,7380,7240,7380,2816,0.0027173913043478937
2024-04-12,7380,7390,7230,7230,10881,-0.020325203252032575
2024-04-15,7160,7240,7100,7240,15853,0.0013831258644536604
2024-04-16,7230,7260,7010,7170,13282,-0.00966850828729282
2024-04-17,7170,7210,7120,7200,6279,0.004184100418409997
2024-04-18,7220,7290,7160,7250,4018,0.00694444444444442
2024-04-19,7280,7280,7080,7170,17414,-0.011034482758620734
2024-04-22,7180,7270,7170,7270,3033,0.013947001394700065
2024-04-23,7270,7280,7160,7230,3676,-0.005502063273727598
2024-04-24,7190,7290,7110,7190,26272,-0.0055325034578146415
2024-04-25,7120,7200,7070,7120,12608,-0.009735744089012566
2024-04-26,7130,7200,7000,7200,40203,0.011235955056179803
2024-04-29,7230,7260,7200,7260,7951,0.008333333333333304
2024-04-30,7220,7300,7220,7300,16597,0.005509641873278293
2024-05-02,7300,7410,7260,7410,10413,0.015068493150685036
2024-05-03,7410,7410,7350,7390,1684,-0.0026990553306343035
2024-05-07,7390,7430,7310,7310,6043,-0.010825439783491153
2024-05-08,7350,7390,7280,7360,8210,0.0068399452804377425
2024-05-09,7360,7400,7340,7380,3739,0.0027173913043478937
2024-05-10,7330,7430,7300,7400,7210,0.0027100271002709064
2024-05-13,7340,7400,7250,7310,8771,-0.012162162162162149
2024-05-14,7310,7530,7230,7230,25686,-0.01094391244870041
2024-05-16,7240,7300,7190,7270,8304,0.0055325034578146415
2024-05-17,7290,7360,7270,7340,20000,0.009628610729023324
2024-05-20,7310,7370,7290,7340,17999,0.0
2024-05-21,7290,7420,7290,7380,4059,0.005449591280654031
2024-05-22,7380,7550,7380,7550,14894,0.023035230352303593
2024-05-23,7530,7560,7460,7500,5866,-0.0066225165562914245
2024-05-24,7470,7500,7290,7430,10849,-0.009333333333333305
2024-05-27,7440,7450,7320,7360,15939,-0.009421265141319024
2024-05-28,7360,7460,7330,7400,13911,0.005434782608695565
2024-05-29,7410,7470,7330,7450,16267,0.006756756756756799
2024-05-30,7390,7530,7390,7460,6466,0.0013422818791946067
2024-05-31,7460,7620,7460,7540,32707,0.01072386058981234
2024-06-03,7520,7570,7450,7540,14716,0.0
2024-06-04,7490,7520,7380,7390,11497,-0.019893899204244003
2024-06-05,7350,7470,7280,7380,8335,-0.0013531799729363803
2024-06-07,7380,7400,7180,7310,11550,-0.009485094850948506
2024-06-10,7310,7380,7310,7380,6421,0.009575923392612928
2024-06-11,7380,7390,7290,7390,9221,0.0013550135501354532
2024-06-12,7390,7410,7360,7380,1798,-0.0013531799729363803
2024-06-13,7420,7420,7300,7390,9693,0.0013550135501354532
2024-06-14,7410,7590,7410,7480,24667,0.012178619756427533
2024-06-17,7460,7580,7440,7560,14349,0.010695187165775444
2024-06-18,7570,7600,7370,7460,17319,-0.013227513227513255
2024-06-19,7450,7450,7250,7300,19458,-0.02144772117962468
2024-06-20,7300,7350,7230,7330,18702,0.004109589041095818
2024-06-21,7350,7380,7280,7310,7594,-0.0027285129604365244
2024-06-24,7280,7410,7280,7350,9599,0.00547195622435015
2024-06-25,7400,7400,7250,7300,7634,-0.006802721088435382
2024-06-26,7300,7340,7260,7340,7274,0.005479452054794498
2024-06-27,7340,7350,7200,7340,15527,0.0
2024-06-28,7280,7340,7270,7300,1431,-0.00544959128065392
2024-07-01,7230,7300,7210,7300,9657,0.0
2024-07-02,7230,7330,7140,7250,24077,-0.006849315068493178
2024-07-03,7180,7250,7110,7170,22385,-0.011034482758620734
2024-07-04,7100,7210,7100,7180,1511,0.001394700139470073
2024-07-05,7180,7190,7030,7070,16167,-0.01532033426183843
2024-07-08,7020,7160,7020,7130,8487,0.008486562942008558
2024-07-09,7150,7160,7070,7130,7692,0.0
2024-07-10,7150,7210,7070,7160,6535,0.004207573632538653
2024-07-11,7220,7220,7070,7120,9452,-0.005586592178770999
2024-07-12,7100,7150,7050,7100,15155,-0.002808988764044895
2024-07-15,7100,7160,7080,7150,2996,0.007042253521126751
2024-07-16,7100,7160,7100,7150,1674,0.0
2024-07-17,7130,7150,7040,7130,7023,-0.002797202797202747
2024-07-18,7120,7140,7030,7140,6262,0.0014025245441795509
2024-07-19,7140,7160,7000,7160,31118,0.0028011204481792618
2024-07-22,7160,7170,7110,7110,4891,-0.006983240223463638
2024-07-23,7110,7170,7110,7130,1705,0.002812939521800173
2024-07-24,7180,7180,7050,7140,9673,0.0014025245441795509
2024-07-25,7080,7150,7030,7050,10820,-0.012605042016806678
2024-07-26,7090,7110,7050,7100,3288,0.007092198581560183
2024-07-29,7100,7130,7050,7130,1797,0.004225352112676051
2024-07-30,7140,7140,7040,7090,5562,-0.005610098176718092
2024-07-31,7110,7110,7000,7070,7181,-0.0028208744710860323
2024-08-01,7070,7100,7010,7080,8499,0.0014144271570013522
2024-08-02,7080,7080,6890,7030,17258,-0.007062146892655385
2024-08-05,6990,6990,5210,6390,73595,-0.09103840682788056
2024-08-06,6300,6700,6300,6690,22121,0.04694835680751175
2024-08-07,6730,6970,6720,6970,4929,0.041853512705530616
2024-08-08,6900,6940,6870,6870,2292,-0.01434720229555242
2024-08-09,6900,6960,6850,6880,3827,0.0014556040756914523
2024-08-12,6920,6990,6870,6870,2792,-0.0014534883720930258
2024-08-13,6870,6960,6750,6940,17412,0.010189228529839944
2024-08-14,7390,8000,7100,7120,845201,0.025936599423631135
2024-08-16,7130,7420,7130,7380,48134,0.03651685393258419
2024-08-19,7380,7470,7100,7420,28453,0.005420054200542035
2024-08-20,7420,7520,7320,7500,32053,0.010781671159029615
2024-08-21,7500,7530,7400,7490,18303,-0.0013333333333332975
2024-08-22,7470,7650,7470,7600,30752,0.014686248331108098
2024-08-23,7600,7730,7550,7660,23505,0.007894736842105177
2024-08-26,7630,7680,7300,7480,20069,-0.023498694516971286
2024-08-27,7400,7580,7380,7580,12043,0.013368983957219305
2024-08-28,7530,7610,7430,7430,5644,-0.01978891820580475
2024-08-29,7390,7480,7360,7430,6793,0.0
2024-08-30,7540,7540,7380,7470,8337,0.0053835800807537915
2024-09-02,7470,7530,7380,7440,9490,-0.004016064257028162
2024-09-03,7390,7450,7300,7410,13393,-0.0040322580645161255
2024-09-04,7290,7500,7150,7400,24524,-0.0013495276653171517
2024-09-05,7400,7480,7300,7380,6987,-0.002702702702702675
2024-09-06,7300,7430,7190,7300,10824,-0.010840108401083959
2024-09-09,7290,7380,7150,7310,7804,0.00136986301369868
2024-09-10,7250,7400,7240,7360,7870,0.0068399452804377425
2024-09-11,7280,7390,7280,7370,5024,0.0013586956521738358
2024-09-12,7340,7490,7340,7490,15111,0.016282225237449044
2024-09-13,7410,7530,7410,7460,4809,-0.004005340453938633
2024-09-19,7460,7530,7170,7370,5680,-0.012064343163538882
2024-09-20,7370,7550,7370,7410,11761,0.005427408412483015
2024-09-23,7410,7660,7410,7650,21406,0.03238866396761142
2024-09-24,7640,7790,7580,7780,17773,0.01699346405228752
2024-09-25,7710,7840,7670,7690,15681,-0.011568123393316143
2024-09-26,7690,7820,7690,7770,10581,0.01040312093628093
2024-09-27,7700,7820,7700,7780,8722,0.0012870012870012104
2024-09-30,7780,7800,7720,7770,8235,-0.0012853470437017567
2024-10-02,7770,7800,7620,7760,8535,-0.0012870012870013214
2024-10-04,7660,7810,7660,7810,5235,0.006443298969072142
2024-10-07,7810,7830,7670,7720,6739,-0.011523687580025643
2024-10-08,7690,7810,7610,7770,9419,0.006476683937823857
2024-10-10,7770,7790,7730,7770,2471,0.0
2024-10-11,7760,7800,7720,7760,4891,-0.0012870012870013214
2024-10-14,7760,7760,7620,7710,8067,-0.006443298969072142
2024-10-15,7650,7840,7600,7760,12404,0.006485084306095956
2024-10-16,7760,7760,7630,7710,10577,-0.006443298969072142
2024-10-17,7660,7800,7490,7790,18789,0.01037613488975353
2024-10-18,7790,7830,7700,7800,6064,0.0012836970474967568
2024-10-21,7800,7800,7530,7620,15003,-0.023076923076923106
2024-10-22,7650,7650,7470,7610,7849,-0.001312335958005284
2024-10-23,7580,7580,7450,7530,7504,-0.010512483574244391
2024-10-24,7520,7580,7440,7480,2924,-0.006640106241699861
2024-10-25,7480,7610,7420,7480,4578,0.0
2024-10-28,7470,7560,7440,7490,2486,0.0013368983957218195
2024-10-29,7480,7610,7430,7600,8127,0.014686248331108098
2024-10-30,7590,7680,7560,7600,4922,0.0
2024-10-31,7520,7680,7520,7630,5103,0.003947368421052699
2024-11-01,7630,7710,7550,7580,5604,-0.006553079947575369
2024-11-04,7600,7600,7350,7390,19415,-0.02506596306068598
2024-11-05,7350,7440,7240,7340,31917,-0.006765899864682012
2024-11-06,7340,7440,7320,7410,7668,0.0095367847411445
2024-11-07,7390,7440,7320,7420,10443,0.0013495276653170407
2024-11-08,7420,7560,7370,7450,13933,0.0040431266846361336
2024-11-11,7450,7450,7300,7360,6651,-0.012080536912751683
2024-11-12,7360,7360,7100,7200,25387,-0.021739130434782594
2024-11-13,7130,7200,6960,6990,17560,-0.029166666666666674
2024-11-14,6920,6920,6590,6650,68632,-0.048640915593705314
2024-11-15,6600,6720,6430,6500,61182,-0.022556390977443663
2024-11-18,6510,6600,6390,6440,64239,-0.009230769230769265
2024-11-19,6460,6480,6410,6450,21583,0.0015527950310558758
2024-11-20,6450,6630,6400,6630,14157,0.027906976744185963
2024-11-21,6650,6650,6450,6590,20466,-0.006033182503770718
2024-11-22,6590,6730,6590,6680,30054,0.01365705614567525
2024-11-25,6720,6800,6660,6730,17523,0.007485029940119681
2024-11-26,6750,6780,6620,6730,7620,0.0
2024-11-27,6680,6780,6590,6660,26008,-0.010401188707280795
2024-11-28,6660,6800,6640,6790,7990,0.019519519519519468
2024-11-29,6780,6830,6590,6830,21684,0.00589101620029453
2024-12-02,6830,6870,6610,6680,19359,-0.02196193265007318
2024-12-03,6600,6690,6590,6640,37687,-0.005988023952095856
2024-12-04,6480,6640,6480,6620,8747,-0.003012048192771122
2024-12-05,6550,6610,6500,6510,8452,-0.0166163141993958
2024-12-06,6500,6510,6180,6460,37727,-0.007680491551459334
2024-12-09,6340,6340,6090,6150,67339,-0.047987616099071206
2024-12-10,6150,6650,6150,6620,28900,0.07642276422764227
2024-12-11,6620,6810,6620,6740,12509,0.01812688821752273
2024-12-12,6740,6800,6660,6750,7110,0.0014836795252226587
2024-12-13,6750,6780,6710,6760,3929,0.001481481481481417
2024-12-16,6760,6850,6750,6850,8239,0.013313609467455523
2024-12-17,6840,6890,6790,6890,8573,0.005839416058394109
2024-12-18,6880,6950,6840,6930,5871,0.005805515239477588
2024-12-19,6930,6950,6870,6900,3023,-0.0043290043290042934
2024-12-20,6890,6910,6800,6880,4289,-0.0028985507246376274
2024-12-23,6860,6940,6810,6890,8631,0.0014534883720929148
2024-12-24,6840,6900,6830,6850,4851,-0.005805515239477477
2024-12-26,6850,6890,6710,6830,10178,-0.0029197080291970545
2024-12-27,6650,6800,6480,6620,18530,-0.030746705710102518
2024-12-30,6620,6620,6520,6610,9640,-0.0015105740181269312
2025-01-02,6610,6630,6540,6610,8683,0.0
2025-01-03,6610,6650,6500,6600,18897,-0.001512859304084735
2025-01-06,6670,6670,6300,6450,74567,-0.022727272727272707
2025-01-07,6450,6560,6440,6500,14282,0.007751937984496138
2025-01-08,6500,6560,6460,6550,23283,0.007692307692307665
2025-01-09,6550,6630,6500,6630,6653,0.012213740458015376
2025-01-10,6630,6650,6540,6620,5023,-0.0015082956259426794
2025-01-13,6610,6610,6470,6550,3943,-0.010574018126888185
2025-01-14,6570,6620,6510,6600,2143,0.007633587786259444
2025-01-15,6570,6650,6460,6600,5061,0.0
2025-01-16,6620,6620,6510,6600,5832,0.0
2025-01-17,6580,6630,6530,6600,2747,0.0
2025-01-20,6600,6600,6490,6560,8898,-0.0060606060606061
2025-01-21,6610,6630,6480,6540,15243,-0.0030487804878048808
2025-01-22,6540,6580,6380,6510,20372,-0.004587155963302725
2025-01-23,6510,6550,6380,6480,11232,-0.004608294930875556
2025-01-24,6490,6560,6440,6510,8778,0.004629629629629539
2025-01-31,6560,6560,6440,6530,13669,0.003072196620583778
2025-02-03,6520,6530,6330,6420,10821,-0.016845329249617125
2025-02-04,6430,6500,6420,6450,8824,0.004672897196261738
2025-02-05,6490,6490,6360,6440,18933,-0.0015503875968991832
2025-02-06,6470,6470,6370,6440,23301,0.0
2025-02-07,6460,6460,6370,6440,6366,0.0
2025-02-10,6440,6510,6360,6440,13628,0.0
2025-02-11,6430,6500,6340,6410,21161,-0.004658385093167738
2025-02-12,6410,6420,6250,6370,26544,-0.006240249609984372
2025-02-13,6360,6490,6180,6250,67323,-0.01883830455259028
2025-02-14,6260,6290,6200,6250,21021,0.0
2025-02-17,6300,6340,6200,6270,33609,0.0032000000000000917
2025-02-18,6270,6310,6150,6220,61080,-0.00797448165869219
2025-02-19,6240,6270,6170,6220,24209,0.0
2025-02-20,6240,6450,6160,6180,82749,-0.006430868167202619
2025-02-21,6230,6270,6170,6270,15806,0.014563106796116498
2025-02-24,6220,6350,6200,6290,23119,0.0031897926634769647
2025-02-25,6250,6350,6240,6350,16644,0.009538950715421324
2025-02-26,6340,6400,6320,6350,4784,0.0
2025-02-27,6350,6410,6290,6400,13446,0.007874015748031482
2025-02-28,6350,6400,6220,6290,16839,-0.017187500000000022
2025-03-04,6250,6250,6140,6230,8823,-0.009538950715421324
2025-03-05,6220,6300,6210,6270,14580,0.006420545746388395
2025-03-06,6260,6300,6240,6300,10365,0.004784688995215225
2025-03-07,6300,6340,6260,6290,6963,-0.0015873015873015817
2025-03-10,6300,6420,6250,6340,27179,0.007949125596184325
2025-03-11,6250,6330,6220,6280,9221,-0.009463722397476393
2025-03-12,6310,6320,6270,6280,2433,0.0
2025-03-13,6280,6400,6260,6390,4796,0.01751592356687892
2025-03-14,6390,6400,6310,6370,8797,-0.003129890453834161
2025-03-17,6400,6430,6300,6400,13971,0.0047095761381474865
2025-03-18,6400,6450,6340,6440,6473,0.006250000000000089
2025-03-19,6450,6480,6360,6440,12752,0.0
2025-03-20,6440,6480,6390,6450,7715,0.0015527950310558758
2025-03-21,6400,6450,6370,6410,3479,-0.006201550387596955
2025-03-24,6430,6430,6270,6350,7275,-0.009360374414976613
2025-03-25,6370,6420,6310,6350,9178,0.0
2025-03-26,6350,6350,6120,6280,27512,-0.011023622047244053
2025-03-27,6280,6290,6200,6250,3069,-0.004777070063694322
2025-03-28,6250,6250,6100,6150,21364,-0.016000000000000014
2025-03-31,6150,6150,6020,6110,8811,-0.006504065040650375
2025-04-01,6110,6170,6100,6140,9248,0.004909983633387904
2025-04-02,6180,6180,6110,6170,4650,0.004885993485342022
2025-04-03,6140,6170,6050,6170,6665,0.0
2025-04-04,6170,6200,6130,6200,2668,0.004862236628849326
2025-04-07,6100,6180,5830,5990,28536,-0.03387096774193543
