Date,Open,High,Low,Close,Volume,Change
2022-01-03,5570,5750,5300,5750,1296093,0.032315978456014305
2022-01-04,5680,6090,5650,5900,3487897,0.026086956521739202
2022-01-05,5980,6400,5980,6180,5517835,0.047457627118643986
2022-01-06,6050,6290,5940,6160,1494627,-0.003236245954692518
2022-01-07,6260,6270,5820,6100,968843,-0.009740259740259716
2022-01-10,6080,6090,5850,5970,659597,-0.021311475409836023
2022-01-11,6110,6110,5890,5900,566855,-0.011725293132328285
2022-01-12,5910,6240,5700,6070,1230862,0.028813559322034
2022-01-13,6080,6130,5870,5900,567638,-0.028006589785831926
2022-01-14,5880,6100,5850,5860,829193,-0.006779661016949157
2022-01-17,5920,6080,5680,5850,624845,-0.0017064846416382506
2022-01-18,5730,5820,5370,5530,792751,-0.05470085470085473
2022-01-19,5380,5440,5140,5280,713117,-0.0452079566003617
2022-01-20,5280,5790,5120,5680,868916,0.07575757575757569
2022-01-21,5680,5850,5380,5540,1015501,-0.02464788732394363
2022-01-24,5430,5500,5200,5430,527458,-0.019855595667869985
2022-01-25,5560,5570,5190,5250,392649,-0.03314917127071826
2022-01-26,5170,5430,5150,5290,318141,0.007619047619047636
2022-01-27,5610,5830,5350,5420,1187767,0.02457466918714557
2022-01-28,5450,5550,5230,5550,409371,0.023985239852398532
2022-02-03,5640,5670,5470,5570,447894,0.003603603603603567
2022-02-04,5470,5600,5450,5600,327084,0.0053859964093356805
2022-02-07,5590,5590,5470,5560,317260,-0.0071428571428571175
2022-02-08,5560,5580,5290,5290,407530,-0.04856115107913672
2022-02-09,5380,5430,5320,5400,194090,0.020793950850661602
2022-02-10,5490,5490,5260,5320,216718,-0.014814814814814836
2022-02-11,5230,5340,5160,5250,213431,-0.013157894736842146
2022-02-14,5100,5180,4800,4800,500786,-0.08571428571428574
2022-02-15,4835,5160,4780,4850,391100,0.01041666666666674
2022-02-16,5000,5120,4950,5080,234619,0.04742268041237119
2022-02-17,5080,5140,4895,5000,242508,-0.015748031496062964
2022-02-18,4875,5140,4865,5100,182266,0.020000000000000018
2022-02-21,5010,5110,4970,5080,103128,-0.0039215686274509665
2022-02-22,4900,5070,4900,4930,142339,-0.029527559055118058
2022-02-23,4930,5030,4900,4965,103467,0.007099391480730244
2022-02-24,4930,4930,4630,4635,342961,-0.06646525679758308
2022-02-25,4785,4840,4720,4765,184171,0.028047464940668787
2022-02-28,4765,4835,4695,4800,108555,0.007345225603357708
2022-03-02,4800,4945,4745,4910,157447,0.022916666666666696
2022-03-03,4920,5890,4915,5330,2689716,0.08553971486761713
2022-03-04,5340,5420,5280,5370,451668,0.007504690431519689
2022-03-07,5230,5300,5030,5130,253998,-0.04469273743016755
2022-03-08,5030,5100,4965,5000,225908,-0.025341130604288553
2022-03-10,5100,5160,4995,5030,111089,0.006000000000000005
2022-03-11,5050,5100,4935,5050,177967,0.003976143141153132
2022-03-14,5000,5000,4850,4895,222394,-0.03069306930693072
2022-03-15,4775,4915,4775,4830,109935,-0.013278855975485171
2022-03-16,4875,4960,4875,4915,98239,0.017598343685300222
2022-03-17,4950,5140,4950,5000,189935,0.01729399796541209
2022-03-18,5000,5040,4965,5020,119444,0.0040000000000000036
2022-03-21,5000,5080,4950,5010,152377,-0.0019920318725099584
2022-03-22,4985,5070,4950,5020,200692,0.001996007984031989
2022-03-23,5120,5220,4980,5010,245434,-0.0019920318725099584
2022-03-24,4970,4980,4900,4930,171577,-0.015968063872255467
2022-03-25,4940,5000,4910,4915,139249,-0.0030425963488843744
2022-03-28,4915,4920,4820,4880,180863,-0.007121057985757906
2022-03-29,4950,5020,4925,4965,161972,0.01741803278688514
2022-03-30,5050,5200,5000,5110,499143,0.02920443101711978
2022-03-31,5120,5170,5090,5110,184576,0.0
2022-04-01,5130,5210,5040,5180,255940,0.013698630136986356
2022-04-04,5280,5280,5180,5220,228668,0.007722007722007707
2022-04-05,5270,5530,5260,5300,651935,0.015325670498084198
2022-04-06,5300,5350,5170,5280,229470,-0.0037735849056603765
2022-04-07,5160,5210,5130,5190,163929,-0.017045454545454586
2022-04-08,5240,5300,5140,5160,235149,-0.005780346820809301
2022-04-11,5090,5210,5070,5150,111402,-0.0019379844961240345
2022-04-12,5100,5350,5050,5350,278167,0.03883495145631066
2022-04-13,5430,5450,5300,5380,584773,0.005607476635514086
2022-04-14,5390,5430,5260,5260,220557,-0.022304832713754608
2022-04-15,5260,5320,5170,5310,161555,0.009505703422053147
2022-04-18,5310,5310,5190,5240,137922,-0.013182674199623379
2022-04-19,5240,5360,5210,5260,170303,0.003816793893129722
2022-04-20,5280,5280,5200,5260,125707,0.0
2022-04-21,5300,5620,5290,5590,1543245,0.06273764258555126
2022-04-22,5550,5670,5420,5630,586623,0.007155635062611854
2022-04-25,5560,5730,5400,5420,728405,-0.03730017761989346
2022-04-26,5490,5730,5480,5600,579768,0.03321033210332103
2022-04-27,5470,5550,5320,5490,408684,-0.019642857142857184
2022-04-28,5580,5580,5390,5470,217623,-0.0036429872495445936
2022-04-29,5510,5570,5360,5500,264604,0.005484460694698434
2022-05-02,5380,5470,5250,5290,298755,-0.038181818181818206
2022-05-03,5300,5380,5160,5200,412255,-0.017013232514177745
2022-05-04,5260,5260,5150,5170,165686,-0.005769230769230749
2022-05-06,5110,5210,5090,5110,206827,-0.011605415860735047
2022-05-09,5120,5140,4875,4875,385939,-0.045988258317025466
2022-05-10,4790,4940,4645,4910,203886,0.007179487179487243
2022-05-11,4910,5080,4910,4980,89266,0.014256619144602745
2022-05-12,4920,5050,4730,4860,162585,-0.02409638554216864
2022-05-13,4900,5030,4900,4955,97868,0.019547325102880597
2022-05-16,5030,5150,4995,5010,170849,0.011099899091826515
2022-05-17,5010,5070,4980,5010,84984,0.0
2022-05-18,5030,5430,5010,5220,819715,0.041916167664670656
2022-05-19,5070,5240,5040,5240,232705,0.003831417624521105
2022-05-20,5340,5420,5240,5240,247882,0.0
2022-05-23,5240,5260,5100,5140,162968,-0.01908396946564883
2022-05-24,5140,5400,4990,5110,596626,-0.005836575875486361
2022-05-25,5150,5190,5050,5070,152597,-0.007827788649706457
2022-05-26,5030,5160,5030,5050,107155,-0.0039447731755424265
2022-05-27,5060,5200,5040,5150,239019,0.01980198019801982
2022-05-30,5160,5200,5080,5110,156682,-0.007766990291262155
2022-05-31,5090,5150,5040,5050,178255,-0.011741682974559686
2022-06-02,5020,5100,5010,5090,79845,0.007920792079207928
2022-06-03,5090,5120,5020,5050,79940,-0.007858546168958758
2022-06-07,5060,5120,4905,4935,262891,-0.022772277227722793
2022-06-08,4940,5030,4930,4940,90152,0.0010131712259371373
2022-06-09,4940,4980,4850,4890,149271,-0.010121457489878583
2022-06-10,4870,4890,4790,4870,107858,-0.004089979550102263
2022-06-13,4720,4725,4440,4485,397853,-0.07905544147843946
2022-06-14,4225,4485,4225,4410,289197,-0.01672240802675584
2022-06-15,4470,4490,4200,4240,181458,-0.038548752834467126
2022-06-16,4365,4425,4260,4285,174960,0.010613207547169878
2022-06-17,4110,4355,4110,4285,95424,0.0
2022-06-20,4290,4335,4140,4150,132328,-0.031505250875145885
2022-06-21,4215,4220,4075,4210,76716,0.014457831325301207
2022-06-22,4210,4285,3955,3955,174085,-0.06057007125890734
2022-06-23,3945,4040,3655,3685,248672,-0.06826801517067005
2022-06-24,3685,3950,3685,3945,193575,0.07055630936227941
2022-06-27,3970,4250,3970,4155,177020,0.05323193916349811
2022-06-28,4170,4275,4120,4160,77010,0.001203369434416457
2022-06-29,4080,4185,4055,4165,43132,0.0012019230769231282
2022-06-30,4290,4370,4140,4205,113267,0.009603841536614643
2022-07-01,4190,4250,4035,4105,168323,-0.02378121284185497
2022-07-04,4105,4260,3980,4030,81068,-0.018270401948842885
2022-07-05,4030,4145,4020,4145,42838,0.028535980148883366
2022-07-06,4105,4165,4070,4070,39126,-0.018094089264173663
2022-07-07,4110,4140,4055,4110,63271,0.00982800982800991
2022-07-08,4130,4185,4120,4125,41604,0.0036496350364962904
2022-07-11,4130,4200,4100,4100,55722,-0.0060606060606061
2022-07-12,4090,4090,3975,3980,117204,-0.029268292682926855
2022-07-13,3990,4175,3945,4120,114067,0.035175879396984966
2022-07-14,4080,4155,4045,4130,48707,0.0024271844660195274
2022-07-15,4145,4145,4045,4070,433049,-0.014527845036319653
2022-07-18,4095,4195,4090,4150,101610,0.019656019656019597
2022-07-19,4150,4260,4050,4225,78666,0.01807228915662651
2022-07-20,4260,4300,4210,4260,75554,0.008284023668639007
2022-07-21,4350,4475,4285,4400,189909,0.032863849765258246
2022-07-22,4400,4460,4285,4285,125319,-0.026136363636363624
2022-07-25,4270,4430,4200,4365,81902,0.018669778296382722
2022-07-26,4335,4475,4335,4400,49526,0.008018327605956443
2022-07-27,4400,4455,4360,4400,41082,0.0
2022-07-28,4405,4510,4350,4380,82965,-0.004545454545454519
2022-07-29,4410,4675,4410,4545,240860,0.03767123287671237
2022-08-01,4505,4610,4475,4520,79531,-0.005500550055005493
2022-08-02,4530,4530,4400,4420,85086,-0.02212389380530977
2022-08-03,4420,4470,4345,4460,51598,0.009049773755656076
2022-08-04,4460,4510,4445,4465,58710,0.0011210762331839152
2022-08-05,4465,4560,4420,4535,97860,0.015677491601343796
2022-08-08,4550,4620,4490,4610,63619,0.016538037486218293
2022-08-09,4650,4655,4495,4525,140726,-0.018438177874186557
2022-08-10,4525,4525,4395,4415,95590,-0.024309392265193353
2022-08-11,4480,4500,4410,4410,73874,-0.0011325028312570984
2022-08-12,4410,4470,4375,4435,85989,0.005668934240362855
2022-08-16,4450,4605,4390,4590,270641,0.03494926719278468
2022-08-17,4595,4615,4445,4500,142139,-0.019607843137254943
2022-08-18,4470,4470,4295,4380,192007,-0.026666666666666616
2022-08-19,4395,4400,4270,4285,81073,-0.02168949771689499
2022-08-22,4290,4290,4165,4165,94227,-0.028004667444574083
2022-08-23,4110,4200,4095,4095,80577,-0.01680672268907568
2022-08-24,4050,4200,4045,4115,106640,0.004884004884004867
2022-08-25,4150,4275,4115,4150,80324,0.008505467800729027
2022-08-26,4170,4270,4130,4215,112553,0.015662650602409567
2022-08-29,4030,4120,4030,4045,67389,-0.04033214709371291
2022-08-30,4105,4250,4025,4250,117903,0.050679851668726794
2022-08-31,4190,4200,4120,4150,49671,-0.02352941176470591
2022-09-01,4085,4170,4020,4020,132096,-0.031325301204819245
2022-09-02,4020,4085,4005,4015,65700,-0.0012437810945273853
2022-09-05,4065,4065,3935,3990,72800,-0.0062266500622665255
2022-09-06,4170,4245,4055,4215,162878,0.0563909774436091
2022-09-07,4220,4250,4120,4170,103823,-0.010676156583629859
2022-09-08,4170,4235,4060,4060,95800,-0.026378896882493952
2022-09-13,4100,4160,4100,4140,77507,0.019704433497536922
2022-09-14,4005,4095,4005,4060,187157,-0.019323671497584516
2022-09-15,4075,4130,3950,3985,142864,-0.018472906403940836
2022-09-16,4000,4000,3870,3890,147278,-0.023839397741530766
2022-09-19,3900,3980,3805,3835,67758,-0.014138817480719768
2022-09-20,3835,3900,3825,3880,51794,0.011734028683181297
2022-09-21,3870,3930,3850,3860,54388,-0.005154639175257714
2022-09-22,3860,3940,3745,3820,97260,-0.010362694300518172
2022-09-23,3815,3900,3615,3730,130234,-0.023560209424083767
2022-09-26,3690,3690,3355,3430,218009,-0.08042895442359255
2022-09-27,3395,3450,3250,3385,187891,-0.013119533527696792
2022-09-28,3445,3445,3130,3250,242868,-0.03988183161004433
2022-09-29,3300,3360,3170,3170,125570,-0.024615384615384595
2022-09-30,3100,3170,2910,3100,149797,-0.02208201892744477
2022-10-04,3250,4030,3185,4030,2864257,0.30000000000000004
2022-10-05,4305,4350,3910,4085,3138787,0.013647642679900818
2022-10-06,4130,4375,4005,4220,2199255,0.03304773561811514
2022-10-07,4220,4450,4150,4280,1144070,0.014218009478673022
2022-10-11,4245,4245,3980,4065,451106,-0.050233644859813076
2022-10-12,4195,4245,3850,3900,588322,-0.040590405904059046
2022-10-13,4010,4160,3650,3725,907797,-0.04487179487179482
2022-10-14,3870,4365,3800,4250,1575155,0.14093959731543615
2022-10-17,4190,4370,4005,4210,780888,-0.009411764705882342
2022-10-18,4280,4450,4170,4385,677958,0.04156769596199528
2022-10-19,4430,4430,4215,4250,482388,-0.030786773090079822
2022-10-20,4145,4405,4145,4250,396379,0.0
2022-10-21,4220,4250,3970,4010,325619,-0.05647058823529416
2022-10-24,4055,4150,3980,4005,173756,-0.0012468827930174342
2022-10-25,4045,4050,3935,4015,130450,0.0024968789013732895
2022-10-26,3980,4015,3800,3800,279150,-0.0535491905354919
2022-10-27,3820,3900,3800,3845,81924,0.011842105263157876
2022-10-28,3820,4145,3790,4050,400534,0.053315994798439625
2022-10-31,4090,4090,3900,4000,235115,-0.012345679012345734
2022-11-01,4000,4080,3940,3985,153724,-0.003750000000000031
2022-11-02,3980,4000,3915,3935,106818,-0.012547051442910906
2022-11-03,3810,3930,3780,3860,145703,-0.019059720457433316
2022-11-04,3810,3860,3730,3805,164351,-0.014248704663212486
2022-11-07,3850,3920,3805,3865,156512,0.01576872536136653
2022-11-08,3990,4230,3970,4045,547137,0.04657179818887447
2022-11-09,4200,4250,4100,4140,546722,0.023485784919653918
2022-11-10,4090,4200,4045,4060,258653,-0.019323671497584516
2022-11-11,4180,4185,4035,4055,229586,-0.0012315270935960854
2022-11-14,4100,4295,4080,4230,503248,0.04315659679408146
2022-11-15,4240,4245,4110,4160,234693,-0.01654846335697402
2022-11-16,4170,4175,4055,4080,131048,-0.019230769230769273
2022-11-17,4070,4105,3935,3965,228854,-0.028186274509803932
2022-11-18,3990,4000,3905,3910,173687,-0.013871374527112179
2022-11-21,3960,3960,3850,3900,99309,-0.002557544757033292
2022-11-22,3820,3885,3820,3850,97025,-0.012820512820512775
2022-11-23,3865,4585,3850,4205,1647277,0.09220779220779218
2022-11-24,4370,4495,4290,4325,1411168,0.02853745541022601
2022-11-25,4350,4370,4200,4210,287955,-0.026589595375722586
2022-11-28,4235,4235,4070,4140,198573,-0.016627078384798155
2022-11-29,4125,4400,4050,4155,199849,0.0036231884057971175
2022-11-30,4220,4220,4105,4145,113651,-0.002406738868832692
2022-12-01,4175,4255,4135,4160,118092,0.003618817852834688
2022-12-02,4190,4225,4050,4090,268026,-0.016826923076923128
2022-12-05,4090,4115,4025,4045,132879,-0.011002444987775029
2022-12-06,4030,4040,3890,3925,159290,-0.02966625463535233
2022-12-07,3920,4050,3850,3935,148644,0.002547770700636942
2022-12-08,3880,3930,3835,3885,106838,-0.01270648030495558
2022-12-09,3905,4035,3880,4025,131774,0.03603603603603611
2022-12-12,3945,4000,3905,3965,42590,-0.014906832298136607
2022-12-13,3970,4000,3835,3865,145686,-0.02522068095838592
2022-12-14,3890,3950,3815,3925,82802,0.015523932729624823
2022-12-15,3905,3905,3830,3830,118628,-0.02420382165605095
2022-12-16,3800,3835,3745,3800,82016,-0.007832898172323799
2022-12-19,3715,3830,3715,3795,68348,-0.001315789473684159
2022-12-20,3735,3790,3660,3700,138375,-0.025032938076416378
2022-12-21,3705,3735,3550,3570,128841,-0.03513513513513511
2022-12-22,3730,3740,3600,3615,59764,0.012605042016806678
2022-12-23,3560,3590,3500,3500,107778,-0.0318118948824343
2022-12-26,3500,3530,3335,3365,171798,-0.03857142857142859
2022-12-27,3360,3430,3325,3375,173026,0.002971768202080227
2022-12-28,3385,3470,3360,3400,60564,0.007407407407407307
2022-12-29,3400,3430,3270,3370,134263,-0.008823529411764675
2023-01-02,3380,3530,3380,3450,110264,0.023738872403560762
2023-01-03,3500,3600,3350,3550,66166,0.02898550724637672
2023-01-04,3395,3580,3395,3535,94650,-0.004225352112676051
2023-01-05,3570,3570,3470,3520,41596,-0.004243281471004279
2023-01-06,3510,3570,3440,3530,42399,0.0028409090909091717
2023-01-09,3630,3780,3550,3770,202987,0.06798866855524088
2023-01-10,3770,3800,3655,3730,118296,-0.010610079575596787
2023-01-11,3835,3860,3720,3730,136365,0.0
2023-01-12,3770,3800,3695,3730,101779,0.0
2023-01-13,3700,3780,3685,3685,129803,-0.012064343163538882
2023-01-16,3685,3710,3615,3635,111661,-0.013568521031207648
2023-01-17,3665,3785,3590,3640,88945,0.0013755158184318717
2023-01-18,3650,3670,3450,3640,112355,0.0
2023-01-19,3590,3640,3580,3610,41535,-0.008241758241758212
2023-01-20,3570,3695,3570,3680,29526,0.01939058171745156
2023-01-25,3735,3735,3680,3700,50831,0.005434782608695565
2023-01-26,3705,3890,3705,3850,256434,0.04054054054054057
2023-01-27,3890,3900,3785,3870,118651,0.0051948051948051965
2023-01-30,3870,4255,3870,4110,925986,0.0620155038759691
2023-01-31,4045,4060,3920,3965,344411,-0.035279805352798066
2023-02-01,3965,4025,3900,3965,110024,0.0
2023-02-02,4025,4040,3965,4020,110957,0.013871374527112179
2023-02-03,4020,4030,3950,3960,74709,-0.014925373134328401
2023-02-06,4030,4030,3905,3980,106012,0.005050505050504972
2023-02-07,3975,4005,3945,3980,58147,0.0
2023-02-08,4025,4025,3935,3950,62119,-0.007537688442211032
2023-02-09,3865,4015,3865,3925,158709,-0.006329113924050667
2023-02-10,3980,3980,3865,3920,93339,-0.001273885350318471
2023-02-13,3920,3920,3810,3810,109082,-0.028061224489795866
2023-02-14,3850,3990,3845,3890,124664,0.0209973753280841
2023-02-15,3950,3950,3740,3740,127809,-0.03856041131105403
2023-02-16,3780,3880,3770,3835,190554,0.025401069518716568
2023-02-17,3790,4075,3785,3840,382648,0.0013037809647979959
2023-02-20,3860,3970,3770,3890,123759,0.01302083333333326
2023-02-21,3890,3940,3835,3835,75608,-0.014138817480719768
2023-02-22,3800,3810,3730,3750,135130,-0.022164276401564487
2023-02-23,3785,3850,3735,3820,103520,0.01866666666666661
2023-02-24,3840,3840,3600,3690,237798,-0.03403141361256545
2023-02-27,3670,3785,3600,3735,87521,0.012195121951219523
2023-02-28,3800,3800,3700,3740,52242,0.0013386880856760541
2023-03-02,3730,3945,3675,3870,476107,0.03475935828876997
2023-03-03,3850,3970,3780,3835,189830,-0.009043927648578864
2023-03-06,3840,3915,3810,3870,163968,0.009126466753585305
2023-03-07,3950,3950,3800,3920,179329,0.012919896640826822
2023-03-08,3900,3955,3870,3895,145033,-0.0063775510204081565
2023-03-09,3935,4380,3890,4380,1088149,0.12451861360718874
2023-03-10,4400,4675,4280,4400,3877486,0.004566210045662045
2023-03-13,4440,4520,4080,4325,1030604,-0.017045454545454586
2023-03-14,4390,4390,4055,4060,681565,-0.06127167630057806
2023-03-15,4195,4235,4130,4140,442984,0.019704433497536922
2023-03-16,4120,4455,4020,4455,1161879,0.07608695652173902
2023-03-17,4610,4630,4405,4420,1106633,-0.007856341189674487
2023-03-20,4360,4460,4290,4315,527607,-0.02375565610859731
2023-03-21,4320,4340,4120,4140,477642,-0.04055619930475085
2023-03-22,4195,4240,4100,4170,432510,0.007246376811594235
2023-03-23,4100,4240,4060,4150,432209,-0.004796163069544335
2023-03-24,4200,4210,4105,4135,275380,-0.0036144578313253017
2023-03-27,4190,4190,4015,4070,280486,-0.01571946795646917
2023-03-28,4125,4125,3950,4000,366930,-0.017199017199017175
2023-03-29,3950,4085,3940,4030,211220,0.007500000000000062
2023-03-30,4085,4145,4035,4110,344817,0.01985111662531014
2023-03-31,4110,4185,3985,4005,320719,-0.025547445255474477
2023-04-03,4020,4085,3965,4035,199438,0.0074906367041198685
2023-04-04,4035,4300,4020,4300,1183275,0.06567534076827752
2023-04-05,4360,4440,4265,4340,942225,0.009302325581395321
2023-04-06,4280,4565,4190,4460,1615776,0.02764976958525356
2023-04-07,4390,4435,4285,4370,688783,-0.020179372197309364
2023-04-10,4375,4390,4270,4340,465130,-0.006864988558352381
2023-04-11,4330,4535,4215,4515,1227341,0.040322580645161255
2023-04-12,4590,5030,4430,4960,5578560,0.09856035437430788
2023-04-13,5180,5320,4835,4990,2505232,0.006048387096774244
2023-04-14,5110,5240,4990,5020,1199981,0.006012024048096087
2023-04-17,5140,5140,5000,5060,859053,0.007968127490039834
2023-04-18,5020,5030,4690,4750,1164998,-0.06126482213438733
2023-04-19,4860,5170,4750,5120,1049199,0.07789473684210524
2023-04-20,5120,5230,4850,4870,848110,-0.048828125
2023-04-21,4870,4900,4610,4710,526796,-0.03285420944558526
2023-04-24,4710,4900,4605,4820,379421,0.023354564755838636
2023-04-25,4820,4895,4630,4865,493052,0.009336099585062207
2023-04-26,4820,4940,4710,4725,338134,-0.02877697841726623
2023-04-27,4800,5160,4705,5110,1305560,0.08148148148148149
2023-04-28,5230,5290,4955,5020,858527,-0.017612524461839585
2023-05-02,5020,5070,4940,5000,351618,-0.003984063745019917
2023-05-03,4900,4990,4830,4880,365307,-0.02400000000000002
2023-05-04,4850,5540,4815,5540,2287843,0.13524590163934436
2023-05-08,5450,5540,5150,5290,1187292,-0.045126353790613694
2023-05-09,5270,5270,5040,5220,739294,-0.013232514177693777
2023-05-10,5170,5650,5170,5460,1590827,0.04597701149425282
2023-05-11,5560,5650,5390,5530,952968,0.012820512820512775
2023-05-12,5430,5650,5230,5230,1104285,-0.054249547920434016
2023-05-15,5300,5470,5200,5340,719406,0.021032504780114758
2023-05-16,5350,5360,5100,5130,475430,-0.0393258426966292
2023-05-17,5130,5500,5130,5370,747517,0.04678362573099415
2023-05-18,5410,5450,5250,5430,419681,0.011173184357541999
2023-05-19,5440,5480,5220,5270,416212,-0.029465930018416242
2023-05-22,5240,5280,5100,5200,251374,-0.013282732447817858
2023-05-23,5300,5300,5090,5120,414331,-0.01538461538461533
2023-05-24,5120,5190,4970,5000,513089,-0.0234375
2023-05-25,5000,5000,4880,4990,315055,-0.0020000000000000018
2023-05-26,5080,5290,4910,5020,758906,0.006012024048096087
2023-05-30,5100,5110,4925,5010,369235,-0.0019920318725099584
2023-05-31,5050,5180,4995,5120,264236,0.02195608782435121
2023-06-01,5120,5160,5040,5140,222900,0.00390625
2023-06-02,5250,5800,5190,5700,3380154,0.10894941634241251
2023-06-05,5750,6180,5730,6100,3151497,0.07017543859649122
2023-06-07,6110,6230,6000,6010,1591095,-0.014754098360655776
2023-06-08,6050,6250,6000,6150,1358414,0.02329450915141429
2023-06-09,6290,6290,6080,6270,972825,0.019512195121951237
2023-06-12,6360,6490,6250,6310,1177603,0.006379585326953707
2023-06-13,6350,6510,6230,6340,1093059,0.004754358161648264
2023-06-14,6420,6420,5950,6030,1363301,-0.04889589905362779
2023-06-15,6030,6100,5850,6050,790098,0.0033167495854062867
2023-06-16,6010,6170,5910,6040,711025,-0.0016528925619834212
2023-06-19,6110,6290,6010,6290,827953,0.041390728476821126
2023-06-20,6420,7030,6310,6860,3232752,0.09062003179650246
2023-06-21,6990,7270,6600,6720,2908382,-0.020408163265306145
2023-06-22,6640,6800,6370,6700,870192,-0.0029761904761904656
2023-06-23,6780,7160,6720,7000,2060508,0.04477611940298498
2023-06-26,7020,7130,6850,6970,965649,-0.004285714285714337
2023-06-27,6860,6890,6640,6640,970128,-0.04734576757532283
2023-06-28,6610,6620,6290,6380,1560169,-0.03915662650602414
2023-06-29,6410,6410,5840,5910,1652726,-0.07366771159874608
2023-06-30,5960,6290,5950,6180,941579,0.045685279187817285
2023-07-03,6190,6270,6000,6150,1072105,-0.004854368932038833
2023-07-04,6200,6640,6070,6300,1977168,0.024390243902439046
2023-07-05,6330,6380,6130,6140,615495,-0.025396825396825418
2023-07-06,6150,6410,6110,6190,1054821,0.008143322475570036
2023-07-07,6440,6520,5850,6010,1294261,-0.029079159935379684
2023-07-10,6020,6050,5800,5830,514119,-0.029950083194675514
2023-07-11,5860,5940,5740,5830,703562,0.0
2023-07-12,6130,6710,6020,6580,3324535,0.1286449399656946
2023-07-13,6610,6710,6480,6680,1450957,0.015197568389057725
2023-07-14,6600,6780,6500,6700,1052934,0.0029940119760478723
2023-07-17,6710,6860,6300,6390,1058195,-0.04626865671641789
2023-07-18,6390,6560,6130,6150,914930,-0.03755868544600938
2023-07-19,6150,6550,6110,6470,973316,0.052032520325203224
2023-07-20,6320,6580,6300,6500,734084,0.004636785162287493
2023-07-21,6400,6400,6250,6300,465151,-0.03076923076923077
2023-07-24,6300,6300,5870,5980,832674,-0.050793650793650835
2023-07-25,6000,6250,5860,6150,789624,0.028428093645485042
2023-07-26,6090,6150,5620,5710,1129600,-0.07154471544715446
2023-07-27,5800,5890,5490,5590,823287,-0.021015761821365997
2023-07-28,5450,5760,5440,5580,358569,-0.0017889087656529634
2023-07-31,5650,5870,5520,5820,458427,0.043010752688172005
2023-08-01,5820,5820,5670,5730,344333,-0.015463917525773141
2023-08-02,5720,5720,5370,5380,752362,-0.061082024432809745
2023-08-03,5320,5370,5000,5210,821445,-0.03159851301115246
2023-08-04,5170,5210,5030,5110,349505,-0.019193857965451033
2023-08-07,5080,5080,4760,4985,1001536,-0.024461839530332652
2023-08-08,4965,5080,4840,5050,589097,0.013039117352056095
2023-08-09,5020,5100,4965,5070,298419,0.003960396039603964
2023-08-10,5020,5170,4940,5030,471441,-0.007889546351084853
2023-08-11,5000,5300,5000,5300,582760,0.05367793240556651
2023-08-14,5350,5450,5170,5240,755339,-0.01132075471698113
2023-08-16,5170,5170,4540,4555,1486406,-0.1307251908396947
2023-08-17,4570,4820,4500,4810,565750,0.05598243688254656
2023-08-18,4755,4920,4695,4800,331329,-0.0020790020790020236
2023-08-21,4800,4830,4630,4635,345883,-0.034375000000000044
2023-08-22,4640,4745,4585,4615,226994,-0.004314994606256728
2023-08-23,4560,4685,4520,4625,311041,0.0021668472372697867
2023-08-24,4650,4725,4625,4670,181960,0.00972972972972963
2023-08-25,4670,4780,4525,4595,341722,-0.016059957173447548
2023-08-28,4630,4685,4525,4685,197246,0.019586507072905324
2023-08-29,4750,4865,4690,4780,231830,0.02027748132337237
2023-08-30,4870,5250,4775,5050,1419357,0.05648535564853563
2023-08-31,5200,5240,5020,5060,585107,0.001980198019801982
2023-09-01,5070,5170,4980,5120,291428,0.011857707509881354
2023-09-04,5140,5230,5030,5060,207965,-0.01171875
2023-09-05,5010,5050,4850,4875,307190,-0.0365612648221344
2023-09-06,4875,4915,4750,4760,243761,-0.02358974358974364
2023-09-07,4750,4790,4655,4705,250248,-0.011554621848739455
2023-09-08,4720,6110,4650,5580,11269693,0.18597236981934118
2023-09-11,6000,7080,5940,6640,16358137,0.1899641577060931
2023-09-12,6900,6910,6280,6360,4158059,-0.04216867469879515
2023-09-13,6250,6400,5970,6010,2054999,-0.055031446540880546
2023-09-14,6070,6360,5880,6130,2830793,0.019966722129783676
2023-09-15,6180,6340,6080,6210,1321578,0.013050570962479524
2023-09-18,6230,6510,6120,6260,1536607,0.008051529790660261
2023-09-19,6280,6310,6020,6140,834415,-0.019169329073482455
2023-09-20,6300,6470,6150,6330,1346946,0.030944625407166138
2023-09-21,6260,6430,6140,6380,1221995,0.00789889415481837
2023-09-22,6380,6950,6240,6450,4980707,0.01097178683385569
2023-09-25,6360,6550,6010,6010,1589596,-0.06821705426356595
2023-09-26,6010,6230,5920,5960,1028242,-0.008319467554076532
2023-09-27,5870,6710,5860,6580,4492108,0.10402684563758391
2023-10-04,6490,6690,6350,6410,1362820,-0.02583586626139822
2023-10-05,6490,6590,5700,5800,1979354,-0.09516380655226209
2023-10-06,5840,6350,5840,6220,1224750,0.07241379310344831
2023-10-10,6280,6500,5940,5970,974220,-0.04019292604501612
2023-10-11,6120,6310,6010,6050,564952,0.01340033500837512
2023-10-12,6020,6140,5920,6030,811717,-0.0033057851239669533
2023-10-13,5940,5940,5620,5640,875213,-0.06467661691542292
2023-10-16,5580,5650,5330,5430,752154,-0.037234042553191515
2023-10-17,5470,5540,5250,5370,640430,-0.011049723756906049
2023-10-18,5370,5460,5210,5290,424873,-0.014897579143389184
2023-10-19,5210,5320,5070,5120,442258,-0.032136105860113395
2023-10-20,5010,5130,4900,4930,699971,-0.037109375
2023-10-23,4930,5220,4930,5200,527681,0.05476673427991896
2023-10-24,5280,5330,4980,5320,644448,0.023076923076922995
2023-10-25,5340,5350,5160,5160,331184,-0.03007518796992481
2023-10-26,5000,5090,4960,5020,436359,-0.027131782945736482
2023-10-27,5060,5200,4930,5100,402905,0.015936254980079667
2023-10-30,5150,5270,5020,5270,427708,0.03333333333333344
2023-10-31,5310,5340,5050,5110,469586,-0.030360531309297945
2023-11-01,5180,5230,5090,5120,328258,0.001956947162426559
2023-11-02,5190,5280,5150,5230,481077,0.021484375
2023-11-03,5320,5330,5110,5240,483603,0.0019120458891013214
2023-11-06,5330,5360,5240,5340,545373,0.01908396946564883
2023-11-07,5340,5340,5030,5100,626154,-0.0449438202247191
2023-11-08,5150,5160,5010,5010,290466,-0.01764705882352946
2023-11-09,5010,5110,4965,5020,302227,0.001996007984031989
2023-11-10,5020,5020,4810,4885,401652,-0.02689243027888444
2023-11-13,4885,4945,4715,4760,350166,-0.025588536335721557
2023-11-14,4760,4970,4760,4970,322649,0.044117647058823595
2023-11-15,5200,5650,5130,5480,2676461,0.10261569416498983
2023-11-16,5500,5590,5410,5540,688509,0.010948905109489093
2023-11-17,5430,5470,5260,5320,422886,-0.03971119133574008
2023-11-20,5320,5350,5250,5340,290544,0.003759398496240518
2023-11-21,5370,5390,5240,5260,339449,-0.014981273408239737
2023-11-22,5220,5350,5180,5260,248565,0.0
2023-11-23,5280,5420,5180,5180,340029,-0.01520912547528519
2023-11-24,5220,5220,5130,5160,223914,-0.0038610038610038533
2023-11-27,5200,5300,5100,5300,348014,0.027131782945736482
2023-11-28,5280,5360,5190,5230,336132,-0.013207547169811318
2023-11-29,5240,5360,5180,5180,282075,-0.009560229445506718
2023-11-30,5180,5230,5110,5200,209466,0.0038610038610038533
2023-12-01,5200,5230,4985,5000,442500,-0.038461538461538436
2023-12-04,4970,5020,4940,4975,298794,-0.0050000000000000044
2023-12-05,4975,4990,4850,4900,339758,-0.015075376884422065
2023-12-06,4920,4970,4865,4875,233660,-0.005102040816326481
2023-12-07,4860,4890,4800,4835,228610,-0.008205128205128198
2023-12-08,4875,4900,4840,4880,184102,0.009307135470527417
2023-12-11,4905,5020,4905,4940,223540,0.012295081967213184
2023-12-12,4945,4950,4880,4895,237960,-0.009109311740890691
2023-12-13,4880,4890,4800,4800,270692,-0.019407558733401387
2023-12-14,4850,4890,4785,4850,177156,0.01041666666666674
2023-12-15,4900,5040,4865,4925,374864,0.015463917525773141
2023-12-18,4955,4995,4910,4965,237914,0.008121827411167404
2023-12-19,4965,4985,4895,4920,165548,-0.009063444108761365
2023-12-20,4920,5120,4920,5080,373982,0.03252032520325199
2023-12-21,5010,5110,4965,5070,512277,-0.0019685039370078705
2023-12-22,5080,5110,4995,5040,226219,-0.00591715976331364
2023-12-26,5000,5080,4865,4870,417820,-0.03373015873015872
2023-12-27,4900,4950,4850,4910,213743,0.008213552361396204
2023-12-28,4930,5060,4890,4980,285354,0.014256619144602745
2024-01-02,4975,5030,4955,5010,163946,0.006024096385542244
2024-01-03,5000,5010,4925,4940,184881,-0.013972055888223589
2024-01-04,4920,4940,4855,4870,192468,-0.014170040485829927
2024-01-05,4860,5010,4840,4925,205447,0.011293634496919891
2024-01-08,4925,5060,4860,5020,306959,0.019289340101522834
2024-01-09,5070,5080,5010,5030,299199,0.0019920318725099584
2024-01-10,5030,5050,4955,5040,224551,0.001988071570576455
2024-01-11,5040,5100,5000,5040,233031,0.0
2024-01-12,5060,5070,4935,4945,257029,-0.018849206349206393
2024-01-15,4945,4945,4860,4875,170538,-0.014155712841253831
2024-01-16,4875,4920,4655,4665,493250,-0.043076923076923124
2024-01-17,4670,4700,4375,4390,520390,-0.05894962486602362
2024-01-18,4350,4505,4350,4460,192889,0.015945330296127658
2024-01-19,4550,4630,4430,4445,166096,-0.0033632286995515237
2024-01-22,4470,4470,4300,4320,289340,-0.028121484814398245
2024-01-23,4290,4375,4245,4350,275179,0.00694444444444442
2024-01-24,4350,4350,4225,4270,250943,-0.01839080459770115
2024-01-25,4230,4275,4135,4230,281540,-0.00936768149882905
2024-01-26,4230,4305,4200,4265,141877,0.008274231678486954
2024-01-29,4265,4270,4115,4130,289394,-0.03165298944900352
2024-01-30,4180,4250,4080,4140,169219,0.002421307506053294
2024-01-31,4105,4270,4075,4205,126491,0.01570048309178751
2024-02-01,4205,4410,4185,4350,306980,0.034482758620689724
2024-02-02,4350,4465,4350,4430,219909,0.01839080459770126
2024-02-05,4435,4435,4280,4425,118471,-0.0011286681715575453
2024-02-06,4380,4465,4365,4440,201683,0.003389830508474523
2024-02-07,4440,4560,4440,4500,188017,0.013513513513513598
2024-02-08,4515,4690,4485,4665,322169,0.036666666666666625
2024-02-13,4735,4780,4700,4765,337467,0.02143622722400851
2024-02-14,4665,5240,4650,5050,2699156,0.0598111227701994
2024-02-15,5050,5050,4870,4930,553118,-0.023762376237623783
2024-02-16,4930,4960,4850,4855,225558,-0.015212981744421872
2024-02-19,4780,4935,4780,4805,214566,-0.010298661174047319
2024-02-20,4810,4880,4715,4740,195861,-0.013527575442247697
2024-02-21,4730,4765,4645,4655,196914,-0.01793248945147674
2024-02-22,4670,4735,4635,4645,124806,-0.002148227712137518
2024-02-23,4645,4670,4580,4600,144106,-0.009687836383207804
2024-02-26,4580,4740,4550,4625,240545,0.005434782608695565
2024-02-27,4625,4665,4410,4500,172522,-0.027027027027026973
2024-02-28,4505,4595,4500,4550,109580,0.011111111111111072
2024-02-29,4505,4575,4480,4505,107380,-0.009890109890109855
2024-03-04,4580,4600,4505,4565,122090,0.013318534961154205
2024-03-05,4520,4595,4395,4425,205854,-0.03066812705366917
2024-03-06,4445,4550,4390,4490,133690,0.014689265536723228
2024-03-07,4495,4550,4350,4375,154619,-0.025612472160356337
2024-03-08,4370,4415,4335,4360,115065,-0.0034285714285714475
2024-03-11,4330,4395,4320,4370,81363,0.002293577981651307
2024-03-12,4365,4390,4320,4350,98780,-0.004576659038901587
2024-03-13,4355,4435,4320,4355,166722,0.0011494252873562871
2024-03-14,4355,5160,4355,4990,4566640,0.14580941446613083
2024-03-15,5030,5370,4975,5220,3284321,0.04609218436873741
2024-03-18,5220,5220,5010,5150,977597,-0.013409961685823757
2024-03-19,5220,5300,5080,5230,947869,0.01553398058252431
2024-03-20,5270,5280,4985,5010,690007,-0.042065009560229405
2024-03-21,5070,5130,4985,5030,370651,0.003992015968063978
2024-03-22,5040,5040,4930,4985,324993,-0.008946322067594381
2024-03-25,5010,5100,4995,5000,231781,0.0030090270812437314
2024-03-26,5030,5140,4970,5010,411511,0.0020000000000000018
2024-03-27,5100,5540,5010,5330,2759091,0.06387225548902187
2024-03-28,5360,5500,5180,5300,989788,-0.0056285178236398226
2024-03-29,5370,5690,5250,5630,1912197,0.062264150943396324
2024-04-01,5670,5670,5480,5500,722457,-0.023090586145648295
2024-04-02,5550,5810,5480,5680,1260388,0.032727272727272716
2024-04-03,5600,5870,5370,5680,975418,0.0
2024-04-04,5700,5740,5480,5490,583241,-0.033450704225352124
2024-04-05,5410,5570,5390,5480,475727,-0.0018214936247723523
2024-04-08,5560,5730,5250,5310,885079,-0.031021897810219023
2024-04-09,5400,5420,5000,5080,911595,-0.043314500941619594
2024-04-11,5000,5300,4880,5220,403467,0.027559055118110187
2024-04-12,5240,5300,5150,5210,269380,-0.0019157088122605526
2024-04-15,5060,5270,4985,5200,486031,-0.0019193857965451588
2024-04-16,5200,5200,5040,5100,293898,-0.019230769230769273
2024-04-17,5110,5280,5030,5150,350625,0.009803921568627416
2024-04-18,5110,5370,5100,5370,351437,0.042718446601941684
2024-04-19,5370,5420,5030,5170,503990,-0.03724394785847296
2024-04-22,5220,6300,5220,6180,9170254,0.19535783365570603
2024-04-23,6110,6150,5790,5800,2323584,-0.06148867313915862
2024-04-24,5920,6040,5830,5990,2139850,0.03275862068965507
2024-04-25,5910,6020,5820,6020,1045536,0.005008347245408995
2024-04-26,6020,6050,5860,6050,1010703,0.004983388704318914
2024-04-29,5970,6010,5840,5980,677900,-0.011570247933884281
2024-04-30,6100,6220,5920,5920,1172296,-0.010033444816053505
2024-05-02,5860,5900,5670,5700,646669,-0.03716216216216217
2024-05-03,5820,5880,5720,5770,473241,0.012280701754386003
2024-05-07,6100,6180,5910,5960,1071980,0.032928942807625594
2024-05-08,5970,6030,5810,5840,545980,-0.020134228187919434
2024-05-09,5890,5900,5680,5770,504284,-0.011986301369863006
2024-05-10,5880,5950,5730,5750,534369,-0.0034662045060658286
2024-05-13,5780,5780,5390,5440,760624,-0.05391304347826087
2024-05-14,5440,5550,5300,5510,439253,0.012867647058823595
2024-05-16,5630,5630,5280,5350,808221,-0.029038112522686066
2024-05-17,5210,5300,5070,5280,893337,-0.013084112149532756
2024-05-20,5270,5300,5140,5250,277605,-0.005681818181818232
2024-05-21,5250,5340,5150,5330,338601,0.015238095238095273
2024-05-22,5490,5590,5420,5540,1029404,0.039399624765478425
2024-05-23,5540,5630,5410,5510,626917,-0.005415162454873612
2024-05-24,5440,5610,5430,5450,417629,-0.010889292196007205
2024-05-27,5500,5550,5340,5420,379568,-0.0055045871559632475
2024-05-28,5430,5490,5320,5320,283716,-0.01845018450184499
2024-05-29,5370,5400,5280,5300,212290,-0.003759398496240629
2024-05-30,5270,5340,5190,5190,239054,-0.02075471698113207
2024-05-31,5190,5300,5130,5200,170363,0.0019267822736031004
2024-06-03,5250,5390,5210,5250,286832,0.009615384615384581
2024-06-04,5290,5310,5150,5160,230925,-0.017142857142857126
2024-06-05,5160,5290,5080,5100,247173,-0.011627906976744207
2024-06-07,5140,5180,5030,5100,229674,0.0
2024-06-10,5100,5200,5050,5190,173998,0.01764705882352935
2024-06-11,5370,5370,5120,5140,260606,-0.009633911368015391
2024-06-12,5130,5790,5080,5420,4181489,0.054474708171206254
2024-06-13,5420,5490,5230,5250,661443,-0.03136531365313655
2024-06-14,5270,5290,5140,5200,348478,-0.00952380952380949
2024-06-17,5180,5400,5170,5300,409620,0.019230769230769162
2024-06-18,5280,5400,5230,5330,435788,0.005660377358490676
2024-06-19,5340,5440,5320,5340,408297,0.0018761726078799779
2024-06-20,5350,5370,5160,5190,411018,-0.028089887640449396
2024-06-21,5180,5320,5080,5220,205985,0.005780346820809301
2024-06-24,5270,5340,5230,5280,367642,0.011494252873563315
2024-06-25,5450,5800,5360,5670,2200309,0.07386363636363646
2024-06-26,5900,6920,5860,6290,16738623,0.10934744268077612
2024-06-27,6320,6410,5800,5850,3709324,-0.06995230524642293
2024-06-28,5850,5890,5680,5800,1802527,-0.008547008547008517
2024-07-01,6000,6300,5730,5730,4176677,-0.012068965517241348
2024-07-02,5660,5690,5410,5430,1299065,-0.05235602094240843
2024-07-03,5510,5740,5350,5380,1575149,-0.009208103130755041
2024-07-04,5410,5420,5260,5280,728111,-0.018587360594795488
2024-07-05,5340,5430,5230,5260,536813,-0.0037878787878787845
2024-07-08,5270,5330,5120,5310,401051,0.009505703422053147
2024-07-09,5300,5330,5200,5200,581725,-0.020715630885122405
2024-07-10,5200,5330,5150,5290,413980,0.017307692307692246
2024-07-11,5300,5340,5190,5200,447347,-0.017013232514177745
2024-07-12,5160,5220,5120,5120,329528,-0.01538461538461533
2024-07-15,5130,5260,5130,5220,310724,0.01953125
2024-07-16,5220,5250,5090,5110,364151,-0.021072796934865856
2024-07-17,5120,5120,4855,4860,969481,-0.048923679060665415
2024-07-18,4795,4870,4650,4860,447189,0.0
2024-07-19,4850,4865,4765,4845,199999,-0.0030864197530864335
2024-07-22,4790,4835,4580,4660,496095,-0.03818369453044379
2024-07-23,4670,4750,4655,4725,228592,0.013948497854077146
2024-07-24,4725,4755,4600,4600,194693,-0.02645502645502651
2024-07-25,4560,4740,4445,4560,234373,-0.008695652173912993
2024-07-26,4560,4650,4440,4590,187085,0.006578947368421018
2024-07-29,4590,4640,4500,4625,119095,0.007625272331154731
2024-07-30,4590,4620,4495,4500,147500,-0.027027027027026973
2024-07-31,4460,4550,4425,4550,140852,0.011111111111111072
2024-08-01,4550,4640,4535,4535,135429,-0.003296703296703285
2024-08-02,4470,4500,4295,4330,368684,-0.04520396912899671
2024-08-05,4200,4300,3720,3800,616238,-0.12240184757505779
2024-08-06,3705,4095,3705,4000,344090,0.05263157894736836
2024-08-07,3970,4175,3960,4105,131882,0.026250000000000107
2024-08-08,4065,4130,3870,3925,355705,-0.04384896467722288
2024-08-09,3990,4070,3970,4045,104578,0.030573248407643305
2024-08-12,4055,4165,4050,4120,96399,0.018541409147095234
2024-08-13,4145,4180,4010,4065,95582,-0.013349514563106846
2024-08-14,4105,4200,4100,4200,92608,0.03321033210332103
2024-08-16,4185,4285,4160,4170,110881,-0.0071428571428571175
2024-08-19,4175,4225,4100,4125,96771,-0.010791366906474864
2024-08-20,4125,4225,4125,4210,118079,0.020606060606060517
2024-08-21,4170,4220,4125,4170,124523,-0.009501187648456089
2024-08-22,4170,4190,4025,4065,132919,-0.025179856115107868
2024-08-23,3995,4115,3995,4090,85950,0.006150061500614923
2024-08-26,4100,4145,3995,4015,137205,-0.01833740831295838
2024-08-27,3960,4060,3825,4015,240355,0.0
2024-08-28,3955,4040,3950,4000,122724,-0.0037359900373599153
2024-08-29,3905,4050,3905,4005,135075,0.0012499999999999734
2024-08-30,4010,4050,3995,4050,56953,0.011235955056179803
2024-09-02,4055,4060,4000,4030,63689,-0.004938271604938316
2024-09-03,4060,4100,4000,4070,77871,0.00992555831265518
2024-09-04,3955,3960,3820,3915,226857,-0.03808353808353804
2024-09-05,3940,3990,3815,3850,146177,-0.016602809706257937
2024-09-06,3790,3895,3725,3800,165082,-0.012987012987012991
2024-09-09,3710,3925,3700,3905,103812,0.02763157894736845
2024-09-10,3895,3935,3790,3805,93860,-0.025608194622279146
2024-09-11,3815,3895,3785,3830,48459,0.006570302233902758
2024-09-12,3850,3995,3850,3980,128389,0.039164490861618884
2024-09-13,3980,4180,3980,4040,193276,0.015075376884422065
2024-09-19,4065,4125,3985,4010,123320,-0.007425742574257432
2024-09-20,4030,4110,4005,4025,65628,0.0037406483790523026
2024-09-23,4040,4040,3955,3980,92235,-0.011180124223602483
2024-09-24,3980,4060,3980,4050,80318,0.017587939698492372
2024-09-25,4035,4100,4000,4040,117945,-0.0024691358024691024
2024-09-26,4040,4130,4030,4115,98436,0.01856435643564347
2024-09-27,4140,4140,4060,4080,76406,-0.008505467800729027
2024-09-30,4100,4100,3980,3990,90749,-0.022058823529411797
2024-10-02,3905,3985,3860,3955,135312,-0.00877192982456143
2024-10-04,3955,3990,3915,3965,71943,0.0025284450063212116
2024-10-07,3970,4040,3930,4020,124817,0.013871374527112179
2024-10-08,4020,4060,3960,3960,151768,-0.014925373134328401
2024-10-10,3990,4085,3965,3965,119759,0.0012626262626262985
2024-10-11,4035,4055,3940,3955,100867,-0.0025220680958385477
2024-10-14,3925,4010,3925,3950,66769,-0.0012642225031606058
2024-10-15,4000,4000,3885,3930,81408,-0.005063291139240533
2024-10-16,3880,3930,3855,3895,68340,-0.008905852417302795
2024-10-17,3900,3955,3830,3885,88893,-0.0025673940949936247
2024-10-18,3880,3950,3790,3835,87761,-0.012870012870012881
2024-10-21,3835,3925,3775,3800,57085,-0.009126466753585416
2024-10-22,3780,3840,3635,3650,195494,-0.03947368421052633
2024-10-23,3635,3665,3540,3640,130066,-0.002739726027397249
2024-10-24,3635,3755,3620,3640,101135,0.0
2024-10-25,3665,3680,3595,3650,116655,0.0027472527472527375
2024-10-28,3615,3715,3615,3680,54227,0.008219178082191858
2024-10-29,3655,3700,3605,3675,97198,-0.0013586956521739468
2024-10-30,3670,3705,3620,3630,80663,-0.01224489795918371
2024-10-31,3610,3710,3545,3680,99377,0.01377410468319562
2024-11-01,3680,3690,3545,3575,109902,-0.028532608695652217
2024-11-04,3575,3675,3560,3670,70596,0.02657342657342654
2024-11-05,3680,3740,3655,3715,58038,0.012261580381471404
2024-11-06,3735,3735,3565,3565,128908,-0.04037685060565277
2024-11-07,3650,3720,3515,3680,129622,0.032258064516129004
2024-11-08,3715,3755,3605,3635,70702,-0.012228260869565188
2024-11-11,3635,3675,3475,3475,159274,-0.044016506189821225
2024-11-12,3455,3510,3180,3300,196046,-0.05035971223021585
2024-11-13,3300,3300,3165,3200,121428,-0.030303030303030276
2024-11-14,3200,3515,3200,3450,306942,0.078125
2024-11-15,3450,4485,3385,4295,6315929,0.24492753623188412
2024-11-18,4170,4465,4000,4245,1102926,-0.011641443538998875
2024-11-19,4290,4300,4055,4120,412729,-0.029446407538280317
2024-11-20,4130,4145,4035,4090,211384,-0.007281553398058249
2024-11-21,4140,4160,3930,4060,164177,-0.007334963325183352
2024-11-22,4035,4080,3960,4025,200275,-0.008620689655172376
2024-11-25,4025,4055,4005,4035,162000,0.00248447204968949
2024-11-26,4065,4135,3990,4025,294958,-0.0024783147459727095
2024-11-27,4030,4050,3930,4015,137556,-0.00248447204968949
2024-11-28,4025,4045,3985,4000,53179,-0.0037359900373599153
2024-11-29,4000,4000,3875,3935,120269,-0.016249999999999987
2024-12-02,3935,3965,3800,3900,146312,-0.008894536213468918
2024-12-03,3900,3945,3880,3935,69393,0.008974358974358942
2024-12-04,3845,3900,3740,3785,131336,-0.03811944091486663
2024-12-05,3805,3870,3760,3850,75646,0.017173051519154603
2024-12-06,3930,3930,3600,3670,161553,-0.04675324675324677
2024-12-09,3550,3630,3335,3335,219386,-0.09128065395095364
2024-12-10,3310,3645,3250,3630,129014,0.08845577211394295
2024-12-11,3630,3770,3555,3715,82447,0.023415977961432466
2024-12-12,3800,3860,3690,3780,45615,0.01749663526244949
2024-12-13,3765,3870,3740,3820,76510,0.010582010582010692
2024-12-16,3850,3900,3785,3870,50119,0.01308900523560208
2024-12-17,3945,3945,3670,3845,120757,-0.006459948320413411
2024-12-18,3810,3875,3795,3850,48667,0.0013003901170351995
2024-12-19,3705,3845,3705,3750,47232,-0.025974025974025983
2024-12-20,3750,3780,3600,3680,79782,-0.01866666666666672
2024-12-23,3680,3740,3605,3695,31969,0.0040760869565217295
2024-12-24,3705,3740,3665,3690,28551,-0.0013531799729363803
2024-12-26,3700,3780,3650,3665,94798,-0.006775067750677488
2024-12-27,3670,3720,3570,3650,65369,-0.004092769440654842
2024-12-30,3600,3700,3570,3680,65575,0.008219178082191858
2025-01-02,3680,3990,3680,3955,294493,0.07472826086956519
2025-01-03,3925,3950,3900,3930,89523,-0.006321112515802807
2025-01-06,3955,4020,3925,3965,90582,0.008905852417302906
2025-01-07,3930,4050,3930,4010,80849,0.011349306431273742
2025-01-08,4010,4135,3980,4030,86589,0.004987531172069737
2025-01-09,4075,4085,3985,4040,89013,0.002481389578163684
2025-01-10,4040,4630,4000,4390,1751664,0.08663366336633671
2025-01-13,4600,5000,4430,4430,3481641,0.009111617312072884
2025-01-14,4605,5000,4600,4720,3325476,0.06546275395033851
2025-01-15,4770,4800,4520,4675,791510,-0.009533898305084776
2025-01-16,4795,4800,4635,4665,508463,-0.002139037433155133
2025-01-17,4670,4810,4635,4670,429242,0.001071811361200492
2025-01-20,4710,4710,4410,4425,554957,-0.05246252676659524
2025-01-21,4390,4420,4225,4250,417075,-0.039548022598870025
2025-01-22,4305,4310,4240,4245,259014,-0.0011764705882353343
2025-01-23,4310,4310,4100,4115,239780,-0.03062426383981154
2025-01-24,4150,4185,4060,4120,153648,0.0012150668286756705
2025-01-31,4050,4135,4000,4100,174535,-0.004854368932038833
2025-02-03,4100,4150,3930,3970,228379,-0.03170731707317076
2025-02-04,3975,4060,3975,4055,89393,0.021410579345088054
2025-02-05,4045,4135,4045,4085,309587,0.007398273736128225
2025-02-06,4115,4130,3990,3995,225550,-0.022031823745410017
2025-02-07,3995,5060,3950,4520,7208465,0.1314142678347936
2025-02-10,4470,5650,4380,5280,16295105,0.16814159292035402
2025-02-11,5330,5350,5090,5260,2521300,-0.0037878787878787845
2025-02-12,5120,5570,4905,5220,5412019,-0.0076045627376425395
2025-02-13,5150,6260,5100,5390,24084692,0.03256704980842917
2025-02-14,5330,5550,5260,5400,2663444,0.0018552875695732052
2025-02-17,5430,5760,5360,5570,2459304,0.031481481481481444
2025-02-18,5580,5720,5490,5490,1441424,-0.014362657091561926
2025-02-19,5580,5660,5270,5370,1176479,-0.021857923497267784
2025-02-20,5370,5400,5210,5290,612411,-0.014897579143389184
2025-02-21,5250,5330,5110,5200,536857,-0.017013232514177745
2025-02-24,5060,5160,4920,4980,860454,-0.04230769230769227
2025-02-25,4930,5030,4630,4980,1876395,0.0
2025-02-26,4900,4965,4815,4965,520087,-0.003012048192771122
2025-02-27,4960,4980,4740,4755,567767,-0.04229607250755285
2025-02-28,4625,4725,4575,4640,425154,-0.024185068349106165
2025-03-04,4575,4690,4485,4630,295584,-0.0021551724137931494
2025-03-05,4630,4750,4620,4695,366480,0.014038876889848728
2025-03-06,4740,4780,4600,4635,273782,-0.012779552715655007
2025-03-07,4595,4660,4505,4620,234577,-0.003236245954692518
2025-03-10,4620,4670,4535,4560,172954,-0.012987012987012991
2025-03-11,4370,4530,4335,4495,230050,-0.014254385964912242
2025-03-12,4550,4690,4520,4555,369913,0.013348164627363657
2025-03-13,4600,4625,4420,4425,290377,-0.028540065861690445
2025-03-14,4430,4625,4405,4600,291231,0.039548022598870025
2025-03-17,4600,4645,4520,4535,227145,-0.01413043478260867
2025-03-18,4585,4585,4495,4505,137363,-0.006615214994487362
2025-03-19,4510,4535,4395,4470,261175,-0.007769145394006638
2025-03-20,4470,4535,4350,4355,247912,-0.02572706935123048
2025-03-21,4360,4715,4290,4475,1055562,0.027554535017221493
2025-03-24,4410,4535,4350,4525,270357,0.011173184357541999
2025-03-25,4730,4915,4485,4500,1913080,-0.0055248618784530246
2025-03-26,4605,4895,4590,4635,1223765,0.030000000000000027
2025-03-27,4600,4745,4435,4700,624887,0.014023732470334505
2025-03-28,4660,4830,4505,4545,665611,-0.03297872340425534
2025-03-31,4450,4450,4050,4050,474399,-0.1089108910891089
2025-04-01,4080,4220,4080,4160,135644,0.02716049382716057
2025-04-02,4200,4225,4020,4050,145229,-0.02644230769230771
2025-04-03,3870,4065,3865,3900,172090,-0.03703703703703709
2025-04-04,3730,4000,3730,3925,147286,0.0064102564102563875
2025-04-07,3850,3850,3670,3720,178632,-0.05222929936305731
