Date,Open,High,Low,Close,Volume,Change
2022-01-03,4760,4965,4760,4950,481108,0.03125
2022-01-04,5020,5020,4875,4895,478612,-0.011111111111111072
2022-01-05,4895,5180,4850,4935,918458,0.008171603677221695
2022-01-06,4820,5030,4805,4895,335744,-0.008105369807497431
2022-01-07,4895,5050,4895,5040,379878,0.02962206332992845
2022-01-10,5100,5250,4970,5250,873162,0.04166666666666674
2022-01-11,5110,5230,5060,5080,582413,-0.0323809523809524
2022-01-12,5120,5200,4990,5060,476630,-0.003937007874015741
2022-01-13,5130,5130,4835,4890,471413,-0.03359683794466406
2022-01-14,4815,4925,4805,4840,191666,-0.010224948875255602
2022-01-17,4840,4865,4650,4650,245867,-0.039256198347107474
2022-01-18,4650,4675,4440,4450,245802,-0.043010752688172005
2022-01-19,4350,4560,4350,4425,250241,-0.005617977528089901
2022-01-20,4430,4545,4410,4525,127869,0.02259887005649719
2022-01-21,4500,4500,4425,4455,136650,-0.015469613259668558
2022-01-24,4385,4460,4200,4215,267430,-0.05387205387205385
2022-01-25,4225,4255,3990,4010,301436,-0.048635824436536135
2022-01-26,3970,4120,3950,4010,232919,0.0
2022-01-27,4035,4035,3785,3810,259764,-0.04987531172069826
2022-01-28,3810,3950,3715,3950,175057,0.036745406824147064
2022-02-03,3980,4165,3980,4100,164613,0.03797468354430378
2022-02-04,4075,4160,4040,4155,160000,0.013414634146341475
2022-02-07,4180,4190,4060,4190,76858,0.008423586040914532
2022-02-08,4195,4205,4055,4090,141056,-0.023866348448687402
2022-02-09,4120,4170,4055,4155,77799,0.01589242053789741
2022-02-10,4200,4200,4070,4135,118104,-0.004813477737665495
2022-02-11,4125,4125,4005,4005,140197,-0.03143893591293834
2022-02-14,3990,3990,3790,3835,181910,-0.04244694132334581
2022-02-15,3850,3940,3800,3825,148730,-0.0026075619295958807
2022-02-16,3850,3985,3850,3970,128795,0.03790849673202623
2022-02-17,3935,4040,3895,3925,127841,-0.01133501259445846
2022-02-18,3825,3985,3825,3960,67658,0.008917197452229297
2022-02-21,3880,3980,3875,3970,56724,0.002525252525252597
2022-02-22,3915,3940,3860,3870,96107,-0.02518891687657432
2022-02-23,3860,3925,3855,3900,83106,0.007751937984496138
2022-02-24,3850,3875,3730,3800,150132,-0.02564102564102566
2022-02-25,3825,3890,3800,3840,73867,0.010526315789473717
2022-02-28,3865,3915,3805,3880,38205,0.01041666666666674
2022-03-02,3870,3965,3870,3960,73810,0.020618556701030855
2022-03-03,4000,4150,3980,4125,208955,0.04166666666666674
2022-03-04,4100,4100,4020,4040,84084,-0.020606060606060628
2022-03-07,4030,4030,3920,3920,78164,-0.02970297029702973
2022-03-08,3815,3950,3815,3900,51600,-0.005102040816326481
2022-03-10,3910,4050,3910,4050,142825,0.03846153846153855
2022-03-11,4045,4105,4010,4045,92641,-0.0012345679012345512
2022-03-14,4045,4045,3950,3980,86207,-0.01606922126081578
2022-03-15,3970,4150,3970,4040,178381,0.015075376884422065
2022-03-16,4060,4190,4015,4170,197570,0.03217821782178221
2022-03-17,4200,4200,4125,4140,222081,-0.007194244604316502
2022-03-18,4185,4185,4085,4120,72719,-0.004830917874396157
2022-03-21,4160,4160,4060,4065,79991,-0.013349514563106846
2022-03-22,4040,4090,4030,4050,71641,-0.0036900369003689537
2022-03-23,4055,4090,4045,4045,64620,-0.0012345679012345512
2022-03-24,4045,4065,4000,4025,96011,-0.0049443757725586845
2022-03-25,4050,4075,3965,4025,133144,0.0
2022-03-28,4070,4135,4015,4100,112707,0.01863354037267073
2022-03-29,4060,4150,4060,4140,191971,0.009756097560975618
2022-03-30,4170,4170,4085,4155,169789,0.0036231884057971175
2022-03-31,4165,4250,4150,4170,152046,0.0036101083032491488
2022-04-01,4185,4185,4105,4170,129187,0.0
2022-04-04,4125,4175,4120,4150,133628,-0.004796163069544335
2022-04-05,4180,4195,4120,4185,131121,0.008433734939758963
2022-04-06,4170,4170,4090,4115,120740,-0.016726403823178027
2022-04-07,4085,4100,3990,4010,144439,-0.025516403402187082
2022-04-08,4010,4035,3930,3960,105696,-0.012468827930174564
2022-04-11,3960,3995,3925,3945,62353,-0.0037878787878787845
2022-04-12,3945,3945,3860,3915,75628,-0.0076045627376425395
2022-04-13,3875,3995,3875,3955,65195,0.010217113665389466
2022-04-14,3955,3960,3910,3930,52358,-0.006321112515802807
2022-04-15,3905,3945,3905,3910,58766,-0.0050890585241730735
2022-04-18,3880,3950,3875,3940,71040,0.007672634271099765
2022-04-19,3940,4010,3940,3980,52163,0.010152284263959421
2022-04-20,4020,4030,3970,4005,79036,0.00628140703517599
2022-04-21,4010,4030,3945,4010,68887,0.0012484394506866447
2022-04-22,3975,3990,3915,3950,71605,-0.014962593516209433
2022-04-25,3960,3960,3830,3855,123801,-0.024050632911392422
2022-04-26,3855,3950,3855,3905,53519,0.012970168612191912
2022-04-27,3890,3890,3815,3890,101533,-0.003841229193341844
2022-04-28,3970,4130,3910,3935,237933,0.011568123393316254
2022-04-29,3990,4030,3935,4005,85353,0.017789072426937835
2022-05-02,3980,3990,3905,3920,109264,-0.02122347066167296
2022-05-03,3920,4050,3910,4050,160429,0.03316326530612246
2022-05-04,4030,4030,3970,4010,185624,-0.00987654320987652
2022-05-06,4145,4150,3965,3965,429439,-0.01122194513715713
2022-05-09,3990,4000,3855,3875,113688,-0.022698612862547263
2022-05-10,3820,3875,3780,3875,88500,0.0
2022-05-11,3920,3965,3870,3895,70454,0.005161290322580614
2022-05-12,3820,3960,3750,3755,159477,-0.03594351732991019
2022-05-13,3760,3850,3755,3800,41565,0.011984021304926706
2022-05-16,3805,4120,3795,3995,569325,0.051315789473684204
2022-05-17,3905,4085,3900,4055,328851,0.015018773466833446
2022-05-18,4065,4300,4060,4260,1328488,0.05055487053020968
2022-05-19,4780,5530,4310,5000,26878817,0.1737089201877935
2022-05-20,4945,5730,4895,5170,15786150,0.03400000000000003
2022-05-23,5130,5200,4820,4820,2974214,-0.06769825918762085
2022-05-24,4800,5500,4740,5020,29728292,0.04149377593361003
2022-05-25,5130,5230,4870,5200,5201669,0.03585657370517925
2022-05-26,5120,5190,4860,4860,1843281,-0.06538461538461537
2022-05-27,4880,4965,4770,4770,1176479,-0.01851851851851849
2022-05-30,4820,4915,4755,4780,1008584,0.002096436058700135
2022-05-31,5120,5350,4850,4870,5214140,0.01882845188284521
2022-06-02,4810,4950,4800,4865,684870,-0.0010266940451745254
2022-06-03,4865,4890,4745,4785,640345,-0.016443987667009274
2022-06-07,4775,4775,4580,4585,587769,-0.04179728317659348
2022-06-08,4530,4850,4515,4845,949551,0.05670665212649939
2022-06-09,4835,4840,4665,4745,319239,-0.02063983488132093
2022-06-10,4705,4820,4600,4620,345140,-0.026343519494204437
2022-06-13,4500,4540,4245,4260,502620,-0.07792207792207795
2022-06-14,4190,4405,4180,4380,434491,0.028169014084507005
2022-06-15,4280,4385,4220,4230,358172,-0.03424657534246578
2022-06-16,4225,4370,4225,4250,257841,0.004728132387706863
2022-06-17,4110,4165,4040,4095,407972,-0.036470588235294144
2022-06-20,4115,4140,3810,3885,331032,-0.05128205128205132
2022-06-21,3900,3995,3840,3945,185361,0.015444015444015413
2022-06-22,3985,3995,3695,3695,278444,-0.0633713561470215
2022-06-23,3705,3755,3360,3405,409156,-0.07848443843031128
2022-06-24,3350,3650,3350,3590,316995,0.05433186490455211
2022-06-27,3730,3805,3635,3765,214872,0.04874651810584951
2022-06-28,3825,3895,3650,3835,171605,0.01859229747675961
2022-06-29,3710,4135,3710,3940,899170,0.027379400260756137
2022-06-30,3970,4010,3770,3770,304676,-0.043147208121827374
2022-07-01,3765,3875,3620,3635,163798,-0.035809018567639295
2022-07-04,3655,3695,3525,3565,118643,-0.019257221458046758
2022-07-05,3585,3735,3550,3720,97512,0.04347826086956519
2022-07-06,3735,3735,3635,3655,123754,-0.017473118279569877
2022-07-07,3650,3775,3650,3760,105830,0.028727770177838563
2022-07-08,3775,3860,3770,3810,99599,0.013297872340425565
2022-07-11,3815,3910,3765,3815,112560,0.001312335958005173
2022-07-12,3750,3795,3665,3715,89485,-0.026212319790301475
2022-07-13,3700,3850,3655,3765,110252,0.013458950201884257
2022-07-14,3780,3905,3730,3840,119017,0.019920318725099584
2022-07-15,3850,3960,3760,3820,107436,-0.00520833333333337
2022-07-18,3840,3940,3825,3895,65876,0.01963350785340312
2022-07-19,3825,3940,3815,3905,91903,0.0025673940949935137
2022-07-20,3990,3990,3910,3970,117087,0.016645326504481472
2022-07-21,3960,4070,3925,4040,177813,0.017632241813602123
2022-07-22,4050,4150,3965,3990,315260,-0.012376237623762387
2022-07-25,4000,4090,3985,3985,335287,-0.0012531328320801727
2022-07-26,3945,4040,3885,3985,161661,0.0
2022-07-27,3940,4330,3880,3965,3186952,-0.005018820577164407
2022-07-28,4000,4025,3905,3910,305937,-0.013871374527112179
2022-07-29,3940,3995,3915,3970,230122,0.01534526854219953
2022-08-01,3965,4055,3965,3985,268952,0.0037783375314861534
2022-08-02,3965,3980,3870,3905,189138,-0.020075282308657516
2022-08-03,3870,3995,3870,3985,156246,0.020486555697823317
2022-08-04,3990,4040,3985,4015,160595,0.007528230865746499
2022-08-05,4055,4055,3975,3980,156401,-0.008717310087173136
2022-08-08,3965,4035,3925,4015,191771,0.008793969849246297
2022-08-09,4020,4055,3960,3975,194521,-0.00996264009962644
2022-08-10,3980,3990,3920,3925,128305,-0.012578616352201255
2022-08-11,3985,4040,3955,4000,197023,0.019108280254777066
2022-08-12,3990,4055,3975,4015,189768,0.00374999999999992
2022-08-16,4040,4060,4000,4015,149761,0.0
2022-08-17,4005,4010,3945,3945,163481,-0.01743462017434616
2022-08-18,3945,3945,3800,3820,199237,-0.03168567807351075
2022-08-19,3810,3860,3780,3790,131349,-0.007853403141361293
2022-08-22,3705,3780,3665,3695,122173,-0.02506596306068598
2022-08-23,3615,3710,3615,3620,140922,-0.020297699594046037
2022-08-24,3625,3695,3620,3690,64989,0.01933701657458564
2022-08-25,3655,3780,3655,3775,73283,0.023035230352303593
2022-08-26,3780,3800,3650,3675,167886,-0.026490066225165587
2022-08-29,3595,3610,3505,3560,195526,-0.03129251700680269
2022-08-30,3555,3640,3555,3640,71563,0.022471910112359605
2022-08-31,3640,3740,3635,3670,103650,0.008241758241758212
2022-09-01,3665,3665,3540,3540,138708,-0.03542234332425065
2022-09-02,3520,3600,3510,3540,86558,0.0
2022-09-05,3540,3685,3470,3490,104334,-0.01412429378531077
2022-09-06,3465,3925,3465,3590,1628381,0.02865329512893977
2022-09-07,3600,3600,3495,3500,130278,-0.02506963788300831
2022-09-08,3505,3550,3450,3450,127956,-0.014285714285714235
2022-09-13,3450,3750,3450,3560,444452,0.03188405797101446
2022-09-14,3430,3515,3420,3510,110454,-0.014044943820224698
2022-09-15,3595,3595,3465,3465,100302,-0.012820512820512775
2022-09-16,3430,3490,3360,3390,117450,-0.02164502164502169
2022-09-19,3390,3425,3280,3305,149619,-0.02507374631268433
2022-09-20,3305,3475,3305,3365,65189,0.018154311649016597
2022-09-21,3365,3450,3320,3380,105436,0.004457652303120341
2022-09-22,3320,3400,3230,3280,121972,-0.029585798816568087
2022-09-23,3240,3275,3140,3180,124938,-0.030487804878048808
2022-09-26,3160,3160,2850,2850,234161,-0.10377358490566035
2022-09-27,2765,2930,2715,2855,336391,0.0017543859649122862
2022-09-28,2855,2900,2630,2650,245678,-0.07180385288966729
2022-09-29,2695,2825,2695,2710,130418,0.02264150943396226
2022-09-30,2610,2715,2610,2700,118088,-0.0036900369003689537
2022-10-04,2730,2810,2700,2810,85400,0.040740740740740744
2022-10-05,2825,2905,2700,2735,140651,-0.026690391459074703
2022-10-06,2760,2835,2735,2835,87503,0.03656307129798897
2022-10-07,2815,2865,2785,2865,68691,0.010582010582010692
2022-10-11,2760,2760,2610,2620,139022,-0.08551483420593364
2022-10-12,2610,2725,2540,2610,142164,-0.003816793893129722
2022-10-13,2580,2605,2395,2435,207231,-0.06704980842911878
2022-10-14,2530,2780,2455,2615,783061,0.07392197125256672
2022-10-17,2615,2645,2525,2640,74891,0.009560229445506607
2022-10-18,2690,2820,2690,2820,195166,0.06818181818181812
2022-10-19,2820,2820,2690,2705,167820,-0.04078014184397161
2022-10-20,2700,2765,2640,2650,77681,-0.020332717190388205
2022-10-21,2610,2660,2540,2555,92220,-0.03584905660377358
2022-10-24,2630,2650,2540,2540,82861,-0.005870841487279899
2022-10-25,2540,2575,2515,2525,69951,-0.0059055118110236116
2022-10-26,2520,2540,2470,2510,76832,-0.005940594059405946
2022-10-27,2505,2600,2505,2595,90967,0.03386454183266929
2022-10-28,2565,2600,2545,2545,43659,-0.019267822736030782
2022-10-31,2580,2590,2545,2565,52360,0.007858546168958647
2022-11-01,2565,2790,2540,2660,290474,0.03703703703703698
2022-11-02,2650,2710,2605,2710,196339,0.018796992481203034
2022-11-03,2650,2660,2605,2630,111402,-0.029520295202952074
2022-11-04,2600,2640,2560,2570,105956,-0.02281368821292773
2022-11-07,2570,2645,2570,2630,86521,0.023346303501945442
2022-11-08,2630,2710,2630,2710,99514,0.03041825095057038
2022-11-09,2715,2755,2700,2740,110633,0.011070110701107083
2022-11-10,2785,2795,2715,2740,131457,0.0
2022-11-11,2785,2810,2755,2770,209267,0.010948905109489093
2022-11-14,2800,2855,2760,2850,155986,0.028880866425992746
2022-11-15,2880,2880,2760,2850,77558,0.0
2022-11-16,2850,2875,2800,2820,83945,-0.010526315789473717
2022-11-17,2790,2825,2750,2800,94180,-0.007092198581560294
2022-11-18,2810,2820,2750,2795,61970,-0.0017857142857142794
2022-11-21,2795,2795,2675,2710,123669,-0.030411449016100156
2022-11-22,2680,2730,2655,2670,51638,-0.014760147601476037
2022-11-23,2675,2755,2675,2720,52924,0.01872659176029967
2022-11-24,2735,2810,2735,2800,83028,0.02941176470588225
2022-11-25,2815,2815,2770,2805,58474,0.0017857142857142794
2022-11-28,2815,2815,2710,2745,59860,-0.021390374331550777
2022-11-29,2720,2780,2695,2770,36607,0.00910746812386165
2022-11-30,2770,2875,2760,2850,103675,0.028880866425992746
2022-12-01,2850,2910,2850,2875,89150,0.00877192982456143
2022-12-02,2870,3285,2820,3000,2117760,0.04347826086956519
2022-12-05,3030,3105,3000,3030,437910,0.010000000000000009
2022-12-06,3030,3060,2900,2950,224964,-0.02640264026402639
2022-12-07,2915,2950,2870,2870,115819,-0.027118644067796627
2022-12-08,2865,2875,2755,2795,118165,-0.026132404181184676
2022-12-09,2775,2855,2755,2840,78912,0.01610017889087656
2022-12-12,2805,2870,2805,2830,38270,-0.0035211267605633756
2022-12-13,2820,2870,2770,2780,73820,-0.017667844522968212
2022-12-14,2760,2850,2760,2840,52443,0.021582733812949728
2022-12-15,2840,2855,2765,2805,67354,-0.01232394366197187
2022-12-16,2800,2800,2720,2740,103857,-0.02317290552584672
2022-12-19,2740,2740,2675,2675,58402,-0.02372262773722633
2022-12-20,2675,2675,2580,2585,151916,-0.03364485981308407
2022-12-21,2585,2610,2550,2565,42562,-0.007736943907156624
2022-12-22,2575,2640,2565,2605,50272,0.015594541910331383
2022-12-23,2595,2595,2500,2520,70836,-0.03262955854126681
2022-12-26,2520,2525,2425,2425,65936,-0.037698412698412676
2022-12-27,2450,2465,2420,2445,35978,0.008247422680412342
2022-12-28,2415,2545,2415,2450,50198,0.002044989775051187
2022-12-29,2465,2470,2375,2380,72752,-0.02857142857142858
2023-01-02,2380,2440,2370,2385,73932,0.0021008403361344463
2023-01-03,2370,2425,2300,2425,130522,0.016771488469601747
2023-01-04,2345,2435,2345,2415,82781,-0.004123711340206171
2023-01-05,2415,2490,2395,2405,84088,-0.0041407867494823725
2023-01-06,2380,2520,2380,2460,157560,0.022869022869022926
2023-01-09,2470,2515,2470,2500,79615,0.016260162601626105
2023-01-10,2515,2600,2500,2520,84131,0.008000000000000007
2023-01-11,2530,2590,2520,2580,87952,0.023809523809523725
2023-01-12,2605,2610,2575,2600,41320,0.007751937984496138
2023-01-13,2600,2660,2570,2595,39462,-0.0019230769230769162
2023-01-16,2610,2620,2580,2590,50279,-0.0019267822736031004
2023-01-17,2590,2600,2530,2530,59050,-0.02316602316602312
2023-01-18,2545,2550,2515,2515,34051,-0.005928853754940677
2023-01-19,2485,2575,2485,2565,51840,0.01988071570576544
2023-01-20,2590,2625,2550,2625,69445,0.023391812865497075
2023-01-25,2690,2690,2615,2635,67029,0.003809523809523707
2023-01-26,2635,2720,2635,2720,167037,0.032258064516129004
2023-01-27,2690,2765,2680,2705,81425,-0.005514705882352922
2023-01-30,2685,2715,2670,2675,36454,-0.011090573012939031
2023-01-31,2675,2745,2620,2720,96183,0.016822429906542036
2023-02-01,2720,2795,2720,2745,61186,0.009191176470588314
2023-02-02,2750,2775,2735,2760,66485,0.005464480874316946
2023-02-03,2760,2800,2740,2770,82871,0.0036231884057971175
2023-02-06,2770,2770,2715,2740,44842,-0.010830324909747335
2023-02-07,2740,2740,2715,2740,34321,0.0
2023-02-08,2740,2750,2710,2715,75285,-0.009124087591240837
2023-02-09,2750,2750,2695,2725,73475,0.0036832412523020164
2023-02-10,2725,2750,2640,2640,103599,-0.031192660550458662
2023-02-13,2570,2640,2515,2555,316266,-0.032196969696969724
2023-02-14,2570,2625,2565,2615,89510,0.023483365949119372
2023-02-15,2620,2625,2525,2540,80801,-0.028680688336520044
2023-02-16,2540,2615,2540,2560,93151,0.007874015748031482
2023-02-17,2535,2565,2505,2550,50054,-0.00390625
2023-02-20,2560,2625,2560,2610,51862,0.0235294117647058
2023-02-21,2575,2620,2570,2580,62194,-0.011494252873563204
2023-02-22,2560,2570,2530,2560,51955,-0.007751937984496138
2023-02-23,2585,2595,2550,2565,39653,0.001953125
2023-02-24,2580,2580,2510,2515,72025,-0.01949317738791423
2023-02-27,2500,3100,2475,2765,11635472,0.09940357852882697
2023-02-28,2740,2870,2735,2800,1300852,0.012658227848101333
2023-03-02,2825,2825,2720,2760,499196,-0.014285714285714235
2023-03-03,2760,2780,2715,2760,249152,0.0
2023-03-06,2790,2790,2685,2770,222661,0.0036231884057971175
2023-03-07,2750,2800,2700,2780,230036,0.0036101083032491488
2023-03-08,2740,2785,2720,2725,122279,-0.01978417266187049
2023-03-09,2740,2900,2725,2880,1024980,0.05688073394495419
2023-03-10,2835,2920,2745,2770,497644,-0.03819444444444442
2023-03-13,2750,2760,2590,2600,396003,-0.06137184115523464
2023-03-14,2605,2625,2480,2490,279381,-0.04230769230769227
2023-03-15,2595,2915,2595,2785,2007900,0.11847389558232924
2023-03-16,2755,2795,2655,2740,262777,-0.016157989228007152
2023-03-17,2740,2860,2730,2840,295222,0.03649635036496357
2023-03-20,2810,2900,2790,2885,288253,0.015845070422535246
2023-03-21,2915,3485,2850,3235,12704461,0.12131715771230511
2023-03-22,3285,3285,3140,3150,1545097,-0.026275115919629055
2023-03-23,3180,3215,3080,3150,1204148,0.0
2023-03-24,3135,3165,3030,3055,778433,-0.030158730158730163
2023-03-27,3055,3105,2995,3055,500449,0.0
2023-03-28,3050,3145,3040,3090,447729,0.011456628477905184
2023-03-29,3080,3145,3055,3130,373651,0.012944983818770295
2023-03-30,3150,3150,3080,3145,301166,0.004792332268370503
2023-03-31,3160,3185,3060,3070,385173,-0.02384737678855331
2023-04-03,3030,3095,3005,3095,235749,0.008143322475570036
2023-04-04,3110,3175,3085,3175,405647,0.025848142164781818
2023-04-05,3180,3190,3105,3135,247326,-0.012598425196850394
2023-04-06,3130,3350,3055,3135,1845955,0.0
2023-04-07,3135,3140,3030,3035,414696,-0.03189792663476876
2023-04-10,3080,3185,3030,3145,602092,0.036243822075782584
2023-04-11,3185,3580,3050,3540,7364656,0.12559618441971376
2023-04-12,3500,3540,3355,3405,2037750,-0.03813559322033899
2023-04-13,3410,3740,3280,3640,4563232,0.06901615271659334
2023-04-14,3640,3670,3545,3555,869993,-0.02335164835164838
2023-04-17,3550,3590,3420,3450,461270,-0.029535864978902926
2023-04-18,3425,3455,3355,3385,351453,-0.018840579710144967
2023-04-19,3375,3430,3345,3415,244795,0.008862629246676468
2023-04-20,3415,3485,3235,3265,362383,-0.04392386530014636
2023-04-21,3200,3265,3100,3180,245740,-0.026033690658499253
2023-04-24,3180,3295,3120,3230,276872,0.01572327044025168
2023-04-25,3245,3250,3050,3155,365464,-0.023219814241486114
2023-04-26,3150,3310,3105,3120,268490,-0.011093502377179099
2023-04-27,3150,3240,3090,3200,225780,0.02564102564102555
2023-04-28,3200,3220,3080,3085,228082,-0.035937499999999956
2023-05-02,3115,3210,3090,3170,184108,0.027552674230145957
2023-05-03,3160,3220,3100,3205,130662,0.011041009463722329
2023-05-04,3170,3205,3115,3160,122639,-0.01404056162246492
2023-05-08,3185,3290,3170,3235,217239,0.023734177215189778
2023-05-09,3255,3275,3120,3155,222501,-0.02472952086553326
2023-05-10,3195,3395,3145,3345,748984,0.060221870047543646
2023-05-11,3380,3520,3240,3435,1342831,0.026905829596412634
2023-05-12,3540,4355,3520,3830,19937578,0.11499272197962163
2023-05-15,3900,3910,3640,3695,2406466,-0.03524804177545693
2023-05-16,3695,3720,3505,3650,1788891,-0.012178619756427644
2023-05-17,3585,3715,3545,3590,1443918,-0.016438356164383605
2023-05-18,3690,3700,3535,3575,928615,-0.004178272980501441
2023-05-19,3590,3645,3515,3525,748889,-0.013986013986013957
2023-05-22,3485,3535,3380,3500,521743,-0.007092198581560294
2023-05-23,3510,3560,3425,3560,431795,0.017142857142857126
2023-05-24,3530,3530,3440,3455,378984,-0.0294943820224719
2023-05-25,3440,3465,3395,3420,277670,-0.01013024602026047
2023-05-26,3415,3420,3295,3310,371278,-0.032163742690058506
2023-05-30,3320,3405,3320,3355,152209,0.013595166163141936
2023-05-31,3360,3430,3360,3400,148023,0.013412816691505292
2023-06-01,3420,3535,3405,3510,380993,0.032352941176470695
2023-06-02,3525,3555,3475,3530,370106,0.005698005698005604
2023-06-05,3540,3640,3505,3565,574114,0.009915014164305846
2023-06-07,3565,3570,3505,3530,261911,-0.009817671809256634
2023-06-08,3500,3500,3420,3420,246564,-0.031161473087818692
2023-06-09,3480,3480,3400,3445,153565,0.007309941520467822
2023-06-12,3440,3480,3400,3470,134725,0.007256894049346929
2023-06-13,3485,3510,3445,3465,213105,-0.0014409221902017544
2023-06-14,3475,3495,3335,3430,259161,-0.010101010101010055
2023-06-15,3415,3455,3350,3370,103935,-0.017492711370262426
2023-06-16,3370,3420,3340,3380,113269,0.0029673590504450953
2023-06-19,3380,3380,3260,3315,167253,-0.019230769230769273
2023-06-20,3315,3315,3230,3235,150603,-0.02413273001508298
2023-06-21,3235,3310,3230,3275,127430,0.012364760432766575
2023-06-22,3250,3255,3155,3170,209794,-0.032061068702290085
2023-06-23,3200,3200,3080,3080,251691,-0.028391167192429068
2023-06-26,3080,3250,3020,3245,152872,0.0535714285714286
2023-06-27,3250,3305,3210,3255,140389,0.0030816640986133237
2023-06-28,3255,3330,3240,3245,89999,-0.003072196620583667
2023-06-29,3210,3215,3135,3145,111466,-0.03081664098613246
2023-06-30,3135,3215,3135,3180,95300,0.0111287758346581
2023-07-03,3230,3290,3205,3205,130197,0.007861635220125729
2023-07-04,3280,3330,3230,3280,179336,0.023400936037441422
2023-07-05,3330,3330,3200,3220,144610,-0.018292682926829285
2023-07-06,3220,3440,3165,3410,714388,0.05900621118012417
2023-07-07,3445,3445,3225,3250,314667,-0.04692082111436946
2023-07-10,3280,3280,3115,3180,246204,-0.021538461538461506
2023-07-11,3155,3230,3150,3180,85368,0.0
2023-07-12,3245,3375,3150,3250,519906,0.022012578616352307
2023-07-13,3270,3305,3210,3245,166472,-0.0015384615384614886
2023-07-14,3245,3315,3175,3280,393759,0.01078582434514641
2023-07-17,3270,3285,3150,3195,230179,-0.02591463414634143
2023-07-18,3195,3200,3125,3170,167268,-0.007824726134585291
2023-07-19,3160,3165,3055,3125,201189,-0.014195583596214534
2023-07-20,3110,3190,3050,3110,132272,-0.0048000000000000265
2023-07-21,3080,3110,3040,3090,137540,-0.006430868167202619
2023-07-24,3060,3075,2940,2950,253105,-0.04530744336569581
2023-07-25,2950,2980,2805,2825,230657,-0.0423728813559322
2023-07-26,2805,2815,2550,2635,450525,-0.06725663716814156
2023-07-27,2595,2820,2595,2810,219679,0.06641366223908918
2023-07-28,2815,2925,2815,2895,96914,0.030249110320284656
2023-07-31,2895,2925,2825,2920,139139,0.008635578583765069
2023-08-01,2890,2950,2890,2935,81875,0.005136986301369939
2023-08-02,2930,2950,2835,2880,88211,-0.01873935264054516
2023-08-03,2860,2900,2790,2855,145505,-0.00868055555555558
2023-08-04,2850,2865,2775,2820,123739,-0.012259194395796813
2023-08-07,2815,2855,2715,2825,92318,0.0017730496453900457
2023-08-08,2765,2830,2750,2815,90757,-0.0035398230088495852
2023-08-09,2800,2860,2785,2840,48254,0.008880994671403242
2023-08-10,2845,2890,2790,2850,101740,0.0035211267605634866
2023-08-11,2840,2975,2835,2935,134049,0.029824561403508865
2023-08-14,2950,2970,2880,2905,111948,-0.010221465076660996
2023-08-16,2930,2965,2860,2915,156607,0.0034423407917383297
2023-08-17,2915,3035,2915,2975,275440,0.020583190394511064
2023-08-18,2980,3000,2925,2990,81937,0.005042016806722671
2023-08-21,3030,3030,2950,2985,99852,-0.0016722408026755842
2023-08-22,2985,3000,2900,2900,105958,-0.028475711892797295
2023-08-23,2960,2960,2850,2850,87880,-0.017241379310344862
2023-08-24,2850,2900,2840,2880,44807,0.010526315789473717
2023-08-25,2880,2885,2830,2850,59920,-0.01041666666666663
2023-08-28,2875,2920,2830,2895,83104,0.015789473684210575
2023-08-29,2870,2960,2870,2920,33140,0.008635578583765069
2023-08-30,2955,3025,2825,3015,140408,0.03253424657534243
2023-08-31,3015,3020,2910,2945,68256,-0.023217247097844118
2023-09-01,2945,2975,2905,2935,61100,-0.00339558573853993
2023-09-04,2970,2970,2845,2890,54394,-0.015332197614991494
2023-09-05,2890,2920,2845,2870,69703,-0.00692041522491349
2023-09-06,2870,2930,2835,2890,77550,0.006968641114982521
2023-09-07,2855,2920,2805,2810,118670,-0.02768166089965396
2023-09-08,2800,2885,2790,2800,64988,-0.003558718861209953
2023-09-11,2800,2850,2765,2800,87676,0.0
2023-09-12,2805,2850,2765,2800,93320,0.0
2023-09-13,2805,2830,2735,2735,113935,-0.023214285714285743
2023-09-14,2690,2765,2690,2750,68766,0.005484460694698434
2023-09-15,2760,2820,2750,2800,83234,0.018181818181818077
2023-09-18,2870,3400,2790,3055,8454040,0.09107142857142847
2023-09-19,3250,3285,3050,3100,3769898,0.014729950900163713
2023-09-20,3055,3085,3000,3010,469670,-0.029032258064516148
2023-09-21,2970,2970,2830,2855,581505,-0.05149501661129563
2023-09-22,2805,2930,2725,2740,529465,-0.04028021015761818
2023-09-25,2740,2755,2585,2590,474125,-0.054744525547445244
2023-09-26,2590,2680,2505,2515,248560,-0.02895752895752901
2023-09-27,2500,2570,2500,2560,154708,0.017892644135188762
2023-10-04,2560,2560,2435,2470,154507,-0.03515625
2023-10-05,2470,2500,2400,2460,82043,-0.004048582995951455
2023-10-06,2440,2545,2400,2515,110995,0.022357723577235866
2023-10-10,2485,2525,2390,2390,205782,-0.04970178926441349
2023-10-11,2415,2485,2415,2485,86414,0.03974895397489542
2023-10-12,2470,2580,2455,2550,105675,0.026156941649899457
2023-10-13,2540,2540,2475,2500,95540,-0.019607843137254943
2023-10-16,2500,2500,2440,2485,63433,-0.006000000000000005
2023-10-17,2500,2595,2485,2510,74489,0.010060362173038184
2023-10-18,2515,2550,2485,2545,47589,0.013944223107569709
2023-10-19,2520,2550,2345,2430,120749,-0.04518664047151277
2023-10-20,2380,2430,2315,2365,114543,-0.026748971193415683
2023-10-23,2365,2410,2350,2350,89472,-0.006342494714587699
2023-10-24,2350,2400,2120,2385,195855,0.014893617021276562
2023-10-25,2375,2435,2350,2385,78230,0.0
2023-10-26,2320,2380,2205,2240,168996,-0.06079664570230603
2023-10-27,2265,2295,2170,2270,80692,0.013392857142857206
2023-10-30,2240,2290,2230,2255,41913,-0.0066079295154185536
2023-10-31,2255,2300,2190,2210,82574,-0.019955654101995512
2023-11-01,2210,2230,2180,2210,35243,0.0
2023-11-02,2225,2320,2220,2315,66079,0.04751131221719462
2023-11-03,2330,2350,2275,2340,40251,0.010799136069114423
2023-11-06,2360,2425,2310,2385,88004,0.019230769230769162
2023-11-07,2350,2375,2305,2325,78800,-0.02515723270440251
2023-11-08,2325,2360,2300,2320,44587,-0.0021505376344086446
2023-11-09,2325,2345,2295,2315,54387,-0.0021551724137931494
2023-11-10,2310,2350,2240,2275,90673,-0.017278617710583144
2023-11-13,2275,2310,2250,2270,62175,-0.00219780219780219
2023-11-14,2270,2390,2260,2370,103143,0.044052863436123246
2023-11-15,2430,2465,2380,2450,160912,0.03375527426160341
2023-11-16,2440,2510,2425,2480,119411,0.012244897959183598
2023-11-17,2495,2495,2410,2440,56370,-0.016129032258064502
2023-11-20,2440,2510,2415,2475,88259,0.014344262295082011
2023-11-21,2480,2490,2440,2480,49315,0.002020202020202033
2023-11-22,2480,2990,2480,2725,7960731,0.09879032258064524
2023-11-23,2695,2725,2610,2680,646246,-0.016513761467889854
2023-11-24,2675,2730,2600,2650,467565,-0.011194029850746245
2023-11-27,2620,2660,2575,2620,191641,-0.01132075471698113
2023-11-28,2610,2610,2540,2580,176011,-0.01526717557251911
2023-11-29,2580,2600,2535,2565,130117,-0.005813953488372103
2023-11-30,2585,2585,2510,2540,113651,-0.00974658869395717
2023-12-01,2540,2645,2515,2615,205672,0.029527559055118058
2023-12-04,2615,2695,2500,2605,307348,-0.003824091778202643
2023-12-05,2605,2605,2495,2540,211028,-0.0249520153550864
2023-12-06,2535,2560,2510,2555,78803,0.0059055118110236116
2023-12-07,2555,2555,2485,2500,88819,-0.021526418786692814
2023-12-08,2500,2600,2500,2595,135322,0.038000000000000034
2023-12-11,2595,2625,2565,2610,91200,0.005780346820809301
2023-12-12,2590,2630,2570,2615,55091,0.0019157088122605526
2023-12-13,2590,2630,2575,2575,103881,-0.015296367112810683
2023-12-14,2590,2650,2575,2600,117265,0.009708737864077666
2023-12-15,2600,2650,2595,2610,104301,0.0038461538461538325
2023-12-18,2610,2620,2570,2600,87283,-0.003831417624521105
2023-12-19,2560,2740,2560,2600,239470,0.0
2023-12-20,2605,2645,2565,2625,143432,0.009615384615384581
2023-12-21,2600,2655,2595,2620,147108,-0.0019047619047618536
2023-12-22,2625,2640,2565,2570,118755,-0.01908396946564883
2023-12-26,2570,2625,2515,2520,97811,-0.01945525291828798
2023-12-27,2520,2570,2510,2515,45007,-0.001984126984126977
2023-12-28,2500,2595,2490,2545,93355,0.011928429423459175
2024-01-02,2570,2825,2540,2755,2004861,0.0825147347740669
2024-01-03,2705,2705,2625,2685,585249,-0.025408348457350294
2024-01-04,2685,3115,2650,2750,3929923,0.024208566108007368
2024-01-05,2730,2810,2685,2755,410503,0.0018181818181817189
2024-01-08,2760,2820,2710,2810,264307,0.019963702359346636
2024-01-09,2820,2835,2770,2805,224324,-0.001779359430605032
2024-01-10,2830,2865,2785,2785,216956,-0.007130124777183555
2024-01-11,2805,2875,2785,2855,215704,0.025134649910233398
2024-01-12,2880,2885,2770,2775,232912,-0.028021015761821366
2024-01-15,2775,2800,2735,2770,83270,-0.0018018018018017834
2024-01-16,2770,2980,2710,2900,690167,0.04693140794223827
2024-01-17,2900,2905,2750,2805,231387,-0.03275862068965518
2024-01-18,2825,2825,2730,2800,85013,-0.0017825311942959443
2024-01-19,2800,2840,2770,2805,82944,0.0017857142857142794
2024-01-22,2805,2840,2740,2750,109391,-0.019607843137254943
2024-01-23,2745,2930,2745,2810,378014,0.021818181818181737
2024-01-24,2810,2910,2780,2860,276849,0.017793594306049876
2024-01-25,2855,2870,2785,2805,157840,-0.019230769230769273
2024-01-26,2810,2880,2805,2855,118747,0.017825311942959
2024-01-29,2850,2950,2780,2800,189763,-0.019264448336252182
2024-01-30,2815,2835,2755,2810,175078,0.0035714285714285587
2024-01-31,2800,2810,2740,2765,138937,-0.016014234875444844
2024-02-01,2760,2770,2720,2760,139530,-0.001808318264014508
2024-02-02,2770,2930,2760,2875,519763,0.04166666666666674
2024-02-05,2880,2915,2825,2890,184322,0.00521739130434784
2024-02-06,2895,3090,2880,2960,1145209,0.02422145328719716
2024-02-07,2940,3040,2925,2970,369644,0.0033783783783782884
2024-02-08,2935,3000,2880,2995,241807,0.008417508417508435
2024-02-13,3050,3130,3005,3085,590646,0.030050083472454192
2024-02-14,3080,3150,3005,3020,378367,-0.021069692058346856
2024-02-15,3050,3060,2975,3025,278204,0.0016556291390728006
2024-02-16,3030,3125,2985,3090,263053,0.02148760330578514
2024-02-19,3140,3615,3090,3515,10444337,0.13754045307443374
2024-02-20,3395,3395,3210,3350,2435299,-0.04694167852062592
2024-02-21,3340,3380,3235,3245,1290013,-0.0313432835820896
2024-02-22,3245,3250,3120,3140,725716,-0.03235747303543912
2024-02-23,3120,3120,3020,3055,450476,-0.027070063694267565
2024-02-26,3025,3150,3025,3120,260742,0.02127659574468077
2024-02-27,3120,3120,3030,3050,250656,-0.022435897435897467
2024-02-28,3050,3160,3045,3065,183861,0.004918032786885185
2024-02-29,3065,3240,3055,3140,610206,0.02446982055464919
2024-03-04,3140,3200,3090,3115,374186,-0.0079617834394905
2024-03-05,3110,3175,3085,3140,235963,0.008025682182985605
2024-03-06,3150,3170,3095,3170,197511,0.009554140127388644
2024-03-07,3180,3230,3115,3200,301271,0.009463722397476282
2024-03-08,3215,3245,3120,3150,266043,-0.015625
2024-03-11,3080,3120,3010,3025,304691,-0.03968253968253965
2024-03-12,3050,3070,2995,3020,183815,-0.0016528925619834212
2024-03-13,3015,3040,2930,2995,326876,-0.008278145695364225
2024-03-14,3015,3055,2995,3050,125926,0.01836393989983298
2024-03-15,3050,3050,2990,3040,100305,-0.003278688524590123
2024-03-18,3050,3065,3015,3025,113632,-0.004934210526315819
2024-03-19,3005,3025,2945,3020,176640,-0.0016528925619834212
2024-03-20,3090,3460,3045,3055,4175095,0.011589403973509826
2024-03-21,3055,3075,3010,3020,321397,-0.011456628477905073
2024-03-22,3080,3200,3060,3115,586969,0.0314569536423841
2024-03-25,3140,3185,3080,3110,269740,-0.0016051364365970988
2024-03-26,3115,3155,3080,3105,212342,-0.001607717041800627
2024-03-27,3130,3140,3090,3105,195262,0.0
2024-03-28,3105,3145,3040,3040,346644,-0.020933977455716568
2024-03-29,3010,3060,3010,3035,127629,-0.00164473684210531
2024-04-01,3020,3080,3010,3060,117339,0.008237232289950658
2024-04-02,3065,3065,2970,3000,240051,-0.019607843137254943
2024-04-03,2965,2965,2915,2940,168646,-0.020000000000000018
2024-04-04,2960,3010,2920,2935,87858,-0.00170068027210879
2024-04-05,2915,2945,2865,2915,131730,-0.006814310051107331
2024-04-08,2900,2915,2835,2860,140570,-0.018867924528301883
2024-04-09,2860,2910,2825,2840,89711,-0.006993006993006978
2024-04-11,2805,2895,2770,2885,72761,0.015845070422535246
2024-04-12,2925,2925,2855,2885,63100,0.0
2024-04-15,2865,2865,2770,2835,74460,-0.017331022530329254
2024-04-16,2805,2880,2775,2800,92212,-0.012345679012345734
2024-04-17,2805,2840,2770,2795,50028,-0.0017857142857142794
2024-04-18,2775,2825,2775,2800,35931,0.0017889087656528524
2024-04-19,2800,2825,2690,2755,126503,-0.016071428571428625
2024-04-22,2755,2815,2750,2770,48717,0.005444646098003547
2024-04-23,2770,2805,2750,2775,43301,0.0018050541516245744
2024-04-24,2830,2895,2775,2820,101732,0.016216216216216273
2024-04-25,2820,2875,2800,2875,76299,0.019503546099290725
2024-04-26,2875,2880,2810,2830,65125,-0.01565217391304352
2024-04-29,2825,2925,2820,2900,88024,0.02473498233215543
2024-04-30,2820,2935,2820,2925,117069,0.008620689655172376
2024-05-02,2925,2965,2895,2960,54844,0.011965811965811923
2024-05-03,2950,2980,2945,2970,68406,0.0033783783783782884
2024-05-07,2970,3120,2950,3020,373583,0.01683501683501687
2024-05-08,3015,3070,2980,2990,137920,-0.009933774834437137
2024-05-09,2970,3020,2950,2950,90473,-0.013377926421404673
2024-05-10,2980,3000,2930,2940,68258,-0.003389830508474523
2024-05-13,2940,2965,2905,2930,54713,-0.003401360544217691
2024-05-14,2930,3000,2905,2995,58619,0.022184300341296925
2024-05-16,2995,3010,2955,2970,49791,-0.008347245409014992
2024-05-17,2945,3010,2930,2980,55955,0.0033670033670034627
2024-05-20,2995,2995,2935,2935,51899,-0.015100671140939603
2024-05-21,2930,2970,2915,2950,55318,0.005110732538330387
2024-05-22,2955,3225,2945,3035,863421,0.028813559322034
2024-05-23,3035,3060,2940,3040,250433,0.0016474464579900872
2024-05-24,3035,3080,2975,2980,177366,-0.019736842105263164
2024-05-27,3015,3035,2980,3000,111370,0.006711409395973256
2024-05-28,3015,3030,2915,2920,243365,-0.026666666666666616
2024-05-29,2975,2980,2875,2875,96448,-0.015410958904109595
2024-05-30,2875,2900,2830,2840,64360,-0.012173913043478257
2024-05-31,2815,2865,2805,2830,46309,-0.0035211267605633756
2024-06-03,2830,2875,2825,2870,60531,0.014134275618374659
2024-06-04,2865,2880,2805,2860,63015,-0.0034843205574912606
2024-06-05,2840,2860,2795,2805,66476,-0.019230769230769273
2024-06-07,2770,2890,2770,2865,118402,0.021390374331550888
2024-06-10,2900,2945,2840,2930,160741,0.022687609075043635
2024-06-11,2960,2985,2925,2950,155200,0.006825938566553003
2024-06-12,2960,3095,2925,3080,363107,0.04406779661016946
2024-06-13,3060,3080,3015,3040,183101,-0.012987012987012991
2024-06-14,3010,3055,2990,3010,102732,-0.009868421052631526
2024-06-17,2990,3270,2990,3110,2188391,0.03322259136212624
2024-06-18,3135,3155,3080,3080,327831,-0.009646302250803873
2024-06-19,3125,3155,3045,3065,230137,-0.004870129870129913
2024-06-20,3040,3095,3010,3045,209625,-0.006525285481239762
2024-06-21,3020,3045,2975,2990,146591,-0.01806239737274218
2024-06-24,2985,3000,2920,2950,141509,-0.013377926421404673
2024-06-25,3050,3320,3000,3300,4289845,0.11864406779661008
2024-06-26,3595,3760,3240,3245,8083061,-0.01666666666666672
2024-06-27,3235,3290,3160,3220,1120252,-0.007704160246533087
2024-06-28,3220,3370,3180,3270,1713837,0.01552795031055898
2024-07-01,3225,3325,3200,3300,699144,0.00917431192660545
2024-07-02,3300,3770,3140,3270,5139381,-0.009090909090909038
2024-07-03,3305,3490,3300,3320,1876883,0.015290519877675823
2024-07-04,3385,3455,3230,3265,891452,-0.016566265060240948
2024-07-05,3210,3260,3150,3220,524171,-0.013782542113323082
2024-07-08,3225,3230,3160,3200,307925,-0.006211180124223614
2024-07-09,3200,3250,3145,3165,387493,-0.010937500000000044
2024-07-10,3195,3195,3065,3075,390312,-0.028436018957345932
2024-07-11,3070,3375,3060,3245,1110933,0.055284552845528356
2024-07-12,3255,3445,3200,3355,1042604,0.03389830508474567
2024-07-15,3420,3480,3350,3430,744193,0.02235469448584193
2024-07-16,3440,3455,3355,3415,393364,-0.004373177842565634
2024-07-17,3425,3485,3330,3360,501251,-0.016105417276720324
2024-07-18,3270,3380,3265,3315,265917,-0.013392857142857095
2024-07-19,3260,3350,3235,3265,222274,-0.015082956259426794
2024-07-22,3265,3450,3230,3340,283540,0.02297090352220521
2024-07-23,3370,3390,3300,3360,226219,0.0059880239520957446
2024-07-24,3360,3440,3320,3360,479980,0.0
2024-07-25,3255,3340,3090,3105,539652,-0.0758928571428571
2024-07-26,3115,3305,3090,3300,358128,0.06280193236714982
2024-07-29,3280,3280,3100,3120,798593,-0.054545454545454564
2024-07-30,3105,3120,2915,2945,946391,-0.05608974358974361
2024-07-31,2925,3080,2905,3075,388253,0.04414261460101865
2024-08-01,3065,3130,3020,3035,142732,-0.013008130081300862
2024-08-02,2930,3000,2925,2970,188041,-0.021416803953871466
2024-08-05,2910,2930,2750,2850,624160,-0.04040404040404044
2024-08-06,2760,2995,2760,2945,367971,0.03333333333333344
2024-08-07,2920,2985,2920,2960,90001,0.005093378607809784
2024-08-08,2930,3040,2855,3020,174821,0.020270270270270174
2024-08-09,3015,3070,2985,2985,142288,-0.011589403973509937
2024-08-12,2985,3015,2955,3000,59440,0.005025125628140614
2024-08-13,2975,3030,2945,2965,114300,-0.011666666666666714
2024-08-14,3045,3325,2995,3010,2253094,0.015177065767284947
2024-08-16,3020,3055,2990,2990,241750,-0.006644518272425293
2024-08-19,3005,3040,2950,2955,142975,-0.01170568561872909
2024-08-20,2965,3055,2955,3020,167154,0.021996615905245376
2024-08-21,3005,3015,2950,2975,138847,-0.01490066225165565
2024-08-22,2965,3000,2950,2975,176821,0.0
2024-08-23,2970,3010,2945,2990,103598,0.005042016806722671
2024-08-26,3010,3010,2960,2965,80550,-0.00836120401337792
2024-08-27,2965,3000,2945,2995,103693,0.010118043844856706
2024-08-28,2995,3030,2960,3020,137993,0.008347245409014992
2024-08-29,3015,3020,2935,2965,174169,-0.018211920529801362
2024-08-30,3000,3000,2945,2965,67136,0.0
2024-09-02,2965,2990,2945,2990,113811,0.008431703204047292
2024-09-03,3005,3005,2965,2970,43036,-0.006688963210702337
2024-09-04,2900,3045,2875,2980,287934,0.0033670033670034627
2024-09-05,2980,3150,2980,3030,434649,0.016778523489932917
2024-09-06,3040,3065,2995,3030,133551,0.0
2024-09-09,2960,3125,2940,3100,165842,0.02310231023102305
2024-09-10,3080,3155,3050,3060,197114,-0.012903225806451646
2024-09-11,3075,3115,3000,3010,128756,-0.016339869281045805
2024-09-12,3005,3080,3005,3070,83719,0.019933554817275656
2024-09-13,3100,3280,3055,3080,132705,0.0032573289902280145
2024-09-19,3080,3120,3050,3080,75418,0.0
2024-09-20,3085,3120,3065,3065,90956,-0.004870129870129913
2024-09-23,3095,3175,3080,3135,235234,0.022838499184339334
2024-09-24,3170,3170,3110,3135,147147,0.0
2024-09-25,3170,3190,3100,3100,145971,-0.011164274322169043
2024-09-26,3100,3175,3095,3160,158339,0.019354838709677358
2024-09-27,3160,3180,3115,3135,98768,-0.007911392405063333
2024-09-30,3115,3160,2975,2995,258477,-0.044657097288676284
2024-10-02,2980,3045,2940,2995,115802,0.0
2024-10-04,2970,3045,2970,3010,68735,0.005008347245408995
2024-10-07,3010,3050,3000,3015,122194,0.0016611295681063787
2024-10-08,3020,3085,2990,3000,101214,-0.00497512437810943
2024-10-10,3005,3030,2995,3005,77043,0.0016666666666667052
2024-10-11,3010,3030,3000,3015,69777,0.0033277870216306127
2024-10-14,3015,3050,3005,3010,93078,-0.0016583747927031434
2024-10-15,3010,3045,2995,3015,67528,0.0016611295681063787
2024-10-16,3015,3020,2975,2985,85578,-0.00995024875621886
2024-10-17,3015,3030,2965,3000,113728,0.005025125628140614
2024-10-18,2985,3000,2935,3000,115503,0.0
2024-10-21,3010,3085,2975,3065,143551,0.021666666666666723
2024-10-22,3045,3055,2980,2985,81768,-0.02610114192495927
2024-10-23,3040,3265,3000,3080,818489,0.031825795644891075
2024-10-24,3080,3120,3000,3055,205923,-0.008116883116883078
2024-10-25,3055,3080,2985,3010,162958,-0.014729950900163713
2024-10-28,3030,3030,3000,3010,63909,0.0
2024-10-29,2990,3185,2980,3175,463025,0.054817275747508276
2024-10-30,3175,3220,3150,3205,226660,0.009448818897637823
2024-10-31,3180,3215,3160,3170,130081,-0.010920436817472678
2024-11-01,3180,3250,3045,3185,182289,0.004731861198738141
2024-11-04,3145,3190,3110,3165,139913,-0.006279434850863463
2024-11-05,3140,3175,3090,3110,170455,-0.017377567140600347
2024-11-06,3110,3125,3040,3040,104603,-0.022508038585209
2024-11-07,3035,3055,3000,3015,65743,-0.008223684210526327
2024-11-08,3015,3080,3010,3050,101249,0.011608623548922115
2024-11-11,3050,3140,2980,2990,213459,-0.01967213114754096
2024-11-12,2980,3010,2915,2995,191945,0.0016722408026756952
2024-11-13,2965,2990,2925,2940,134825,-0.018363939899833093
2024-11-14,2950,2995,2795,2870,140781,-0.023809523809523836
2024-11-15,2840,3015,2775,3000,273738,0.04529616724738683
2024-11-18,2970,3040,2970,3015,97429,0.004999999999999893
2024-11-19,3030,3030,2995,3000,36786,-0.00497512437810943
2024-11-20,3010,3015,2985,2985,101077,-0.0050000000000000044
2024-11-21,3000,3005,2965,2980,72444,-0.0016750418760469454
2024-11-22,2980,3030,2980,2980,82513,0.0
2024-11-25,2980,3020,2980,2990,114613,0.003355704697986628
2024-11-26,3005,3030,2995,3015,72312,0.008361204013378032
2024-11-27,3015,3030,2975,2995,86920,-0.0066334991708125735
2024-11-28,3000,3015,2990,3000,51542,0.0016694490818029983
2024-11-29,3000,3005,2810,2995,113212,-0.0016666666666667052
2024-12-02,2995,3020,2985,3010,100354,0.005008347245408995
2024-12-03,3000,3070,3000,3010,77309,0.0
2024-12-04,2950,3045,2860,2985,212374,-0.00830564784053156
2024-12-05,3010,3010,2960,3000,99833,0.005025125628140614
2024-12-06,3000,3005,2850,2970,235122,-0.010000000000000009
2024-12-09,2905,2960,2810,2895,217871,-0.025252525252525304
2024-12-10,2895,3010,2895,3000,89613,0.03626943005181338
2024-12-11,3000,3030,2965,3010,128635,0.0033333333333334103
2024-12-12,3000,3020,2995,3010,47741,0.0
2024-12-13,3010,3025,2995,3015,54736,0.0016611295681063787
2024-12-16,3000,3055,3000,3010,82335,-0.0016583747927031434
2024-12-17,3010,3025,3000,3020,92401,0.0033222591362125353
2024-12-18,3020,3050,3000,3010,62663,-0.0033112582781457123
2024-12-19,2990,3080,2990,3050,118142,0.013289036544850585
2024-12-20,3050,3065,3000,3015,54130,-0.011475409836065542
2024-12-23,3015,3020,2990,3005,89846,-0.0033167495854062867
2024-12-24,3000,3050,3000,3020,76975,0.004991680532445919
2024-12-26,3020,3030,2965,2965,74948,-0.018211920529801362
2024-12-27,3000,3005,2930,2995,109050,0.010118043844856706
2024-12-30,2965,3020,2830,3020,60033,0.008347245409014992
2025-01-02,3005,3025,2990,3000,57587,-0.0066225165562914245
2025-01-03,3000,3055,2980,3015,90603,0.004999999999999893
2025-01-06,3000,3030,3000,3005,80954,-0.0033167495854062867
2025-01-07,3015,3030,2990,3000,120524,-0.0016638935108153063
2025-01-08,3000,3020,2985,3010,130786,0.0033333333333334103
2025-01-09,3015,3140,3000,3140,250593,0.04318936877076407
2025-01-10,3135,3135,3030,3030,136249,-0.035031847133757954
2025-01-13,3000,3030,2970,3000,157423,-0.00990099009900991
2025-01-14,3000,3025,2995,3010,49820,0.0033333333333334103
2025-01-15,3005,3015,2995,2995,134608,-0.004983388704318914
2025-01-16,2995,3015,2975,3000,173197,0.0016694490818029983
2025-01-17,3010,3015,2995,3000,90189,0.0
2025-01-20,3000,3015,2995,3000,62206,0.0
2025-01-21,2945,3010,2945,3000,200602,0.0
2025-01-22,3000,3010,2975,3000,92051,0.0
2025-01-23,3015,3015,2990,3015,93812,0.004999999999999893
2025-01-24,3015,3095,2990,3045,80152,0.00995024875621886
2025-01-31,2995,3040,2995,3000,47148,-0.014778325123152691
2025-02-03,2980,3040,2980,3030,112755,0.010000000000000009
2025-02-04,3030,3090,3010,3040,136171,0.0033003300330032292
2025-02-05,3040,3040,3005,3030,50347,-0.003289473684210509
2025-02-06,3040,3040,2995,3000,121952,-0.00990099009900991
2025-02-07,3000,3045,2995,3010,165829,0.0033333333333334103
2025-02-10,3000,3030,3000,3010,94559,0.0
2025-02-11,3050,3060,3000,3000,105270,-0.0033222591362126463
2025-02-12,3015,3020,2975,3000,183861,0.0
2025-02-13,3000,3030,3000,3010,45124,0.0033333333333334103
2025-02-14,3005,3020,3000,3005,25125,-0.0016611295681062677
2025-02-17,3005,3025,3000,3000,49223,-0.0016638935108153063
2025-02-18,2995,3020,2995,3000,72545,0.0
2025-02-19,3000,3015,3000,3000,64843,0.0
2025-02-20,3020,3105,3000,3075,189183,0.02499999999999991
2025-02-21,3110,3110,3045,3045,104204,-0.009756097560975618
2025-02-24,3020,3070,3010,3050,72422,0.0016420361247948545
2025-02-25,3035,3050,3010,3010,47628,-0.013114754098360604
2025-02-26,3010,3040,3005,3005,18393,-0.0016611295681062677
2025-02-27,3050,3050,2995,3020,55603,0.004991680532445919
2025-02-28,3000,3020,2995,3005,97654,-0.004966887417218513
2025-03-04,3005,3030,2975,3000,67337,-0.0016638935108153063
2025-03-05,3000,3020,3000,3010,34292,0.0033333333333334103
2025-03-06,3010,3025,3000,3005,23502,-0.0016611295681062677
2025-03-07,3015,3015,3000,3000,29505,-0.0016638935108153063
2025-03-10,3000,3020,2990,3005,29469,0.0016666666666667052
2025-03-11,2980,3015,2980,3015,110511,0.0033277870216306127
2025-03-12,3010,3025,3000,3015,32505,0.0
2025-03-13,3020,3030,3000,3020,37618,0.0016583747927032544
2025-03-14,3035,3035,3000,3015,23940,-0.0016556291390728006
2025-03-17,3005,3020,3000,3015,56482,0.0
2025-03-18,3005,3035,3005,3030,32124,0.004975124378109541
2025-03-19,3005,3030,3005,3020,28411,-0.0033003300330033403
2025-03-20,3035,3035,3010,3025,30158,0.0016556291390728006
2025-03-21,3005,3030,3005,3025,25209,0.0
2025-03-24,3025,3025,3005,3020,50708,-0.0016528925619834212
2025-03-25,3050,3150,3025,3030,197886,0.0033112582781456013
2025-03-26,3010,3050,3010,3045,48939,0.004950495049504955
2025-03-27,3040,3045,3010,3010,34851,-0.011494252873563204
2025-03-28,3005,3025,2995,2995,54107,-0.004983388704318914
2025-03-31,3000,3010,2975,3000,82248,0.0016694490818029983
2025-04-01,3025,3025,3000,3010,35056,0.0033333333333334103
2025-04-02,3010,3010,2995,3005,25842,-0.0016611295681062677
2025-04-03,2995,3005,2990,3005,37618,0.0
2025-04-04,3000,3025,2950,3010,134812,0.0016638935108153063
2025-04-07,2980,3005,2965,3000,179163,-0.0033222591362126463
2025-04-08,3000,3045,2990,3000,87221,0.0
2025-04-09,2995,3005,2985,2995,131339,-0.0016666666666667052
2025-04-10,3000,3025,2985,3005,80140,0.0033388981636059967
2025-04-11,2995,3030,2995,3000,40602,-0.0016638935108153063
2025-04-14,2995,3020,2995,3005,18266,0.0016666666666667052
2025-04-15,3020,3050,3005,3020,35872,0.004991680532445919
2025-04-16,3020,3027,3000,3015,25072,-0.0016556291390728006
2025-04-17,3015,3015,3000,3010,27305,-0.0016583747927031434
2025-04-18,3030,3080,3025,3060,143355,0.01661129568106312
2025-04-21,3090,3090,3030,3055,28112,-0.0016339869281045694
2025-04-22,3050,3090,3020,3085,42703,0.009819967266775809
2025-04-23,3085,3095,3010,3070,71509,-0.004862236628849326
2025-04-24,3040,3080,3040,3060,40966,-0.0032573289902280145
2025-04-25,3070,3080,3055,3060,32664,0.0
2025-04-28,3060,3080,3035,3060,61337,0.0
2025-04-29,3060,3090,3045,3085,43928,0.008169934640522847
2025-04-30,3085,3135,3060,3085,106516,0.0
2025-05-02,3090,3110,3060,3100,46113,0.004862236628849326
2025-05-07,3080,3125,3065,3100,66541,0.0
2025-05-08,3100,3125,3090,3125,77963,0.008064516129032251
2025-05-09,3100,3160,3085,3125,49094,0.0
2025-05-12,3100,3125,3085,3100,49303,-0.008000000000000007
2025-05-13,3100,3125,3005,3100,83263,0.0
2025-05-14,3080,3125,3080,3100,46838,0.0
2025-05-15,3090,3145,3090,3110,58982,0.003225806451612856
2025-05-16,3130,3140,3010,3010,96925,-0.032154340836012874
2025-05-19,3000,3115,3000,3105,111322,0.03156146179401986
2025-05-20,3150,3155,3080,3100,42223,-0.0016103059581320522
2025-05-21,3070,3115,3070,3100,44388,0.0
2025-05-22,3100,3130,3040,3100,110926,0.0
2025-05-23,3105,3235,3085,3150,121176,0.016129032258064502
2025-05-26,3150,3150,3100,3115,40684,-0.011111111111111072
2025-05-27,3085,3145,3085,3110,34913,-0.0016051364365970988
2025-05-28,3120,3170,3085,3110,148575,0.0
2025-05-29,3110,3160,3085,3150,95176,0.012861736334405238
2025-05-30,3150,3180,3135,3175,47701,0.007936507936507908
2025-06-02,3140,3220,3130,3150,44668,-0.007874015748031482
2025-06-04,3150,3200,3140,3155,28267,0.0015873015873015817
2025-06-05,3190,3190,3140,3150,71575,-0.0015847860538826808
2025-06-09,3140,3180,3135,3170,65353,0.006349206349206327
2025-06-10,3200,3200,3145,3150,43917,-0.006309148264984188
2025-06-11,3175,3175,3150,3155,47294,0.0015873015873015817
2025-06-12,3145,3165,3145,3160,49406,0.0015847860538826808
2025-06-13,3170,3170,3105,3160,76022,0.0
2025-06-16,3160,3185,3135,3165,76849,0.0015822784810126667
2025-06-17,3195,3195,3145,3165,78467,0.0
2025-06-18,3160,3165,3140,3160,80769,-0.0015797788309637184
2025-06-19,3160,3175,3080,3165,74115,0.0015822784810126667
2025-06-20,3165,3320,3135,3315,335884,0.04739336492891
2025-06-23,3315,3535,3255,3465,544477,0.045248868778280604
2025-06-24,3480,3655,3480,3635,464167,0.04906204906204903
2025-06-25,3645,3705,3550,3610,323873,-0.00687757909215958
2025-06-26,3610,3700,3460,3535,163603,-0.020775623268698085
2025-06-27,3635,3635,3335,3430,270257,-0.02970297029702973
2025-06-30,3495,3695,3465,3560,323477,0.03790087463556846
2025-07-01,3570,3725,3570,3705,373722,0.04073033707865159
2025-07-02,3750,3845,3650,3810,537566,0.028340080971659853
2025-07-03,3950,3965,3800,3945,466961,0.03543307086614167
2025-07-04,3950,3980,3870,3950,322237,0.0012674271229404788
2025-07-07,4070,4200,3960,4010,955953,0.0151898734177216
2025-07-08,3910,4000,3270,3390,1864476,-0.15461346633416462
2025-07-09,3385,3615,3375,3505,522183,0.03392330383480835
2025-07-10,3505,3635,3455,3530,180626,0.007132667617689048
2025-07-11,3565,3565,3460,3500,181263,-0.008498583569405138
2025-07-14,3500,3500,3390,3390,140797,-0.03142857142857147
2025-07-15,3385,3440,3370,3395,85092,0.001474926253687281
2025-07-16,3395,3405,3255,3320,208078,-0.022091310751104598
2025-07-17,3320,3350,3250,3310,108007,-0.003012048192771122
2025-07-18,3285,3355,3285,3340,65553,0.009063444108761365
2025-07-21,3340,3340,3205,3240,192673,-0.029940119760479056
2025-07-22,3250,3280,3180,3215,75906,-0.007716049382716084
2025-07-23,3215,3250,3190,3225,94249,0.0031104199066873672
2025-07-24,3250,3250,3150,3150,90533,-0.023255813953488413
2025-07-25,3120,3170,3090,3090,86282,-0.01904761904761909
2025-07-28,3090,3150,3050,3110,99343,0.006472491909385036
2025-07-29,3095,3150,3045,3075,62393,-0.0112540192926045
2025-07-30,3080,3105,3055,3070,75664,-0.001626016260162566
2025-07-31,3100,3135,3065,3085,68866,0.004885993485342022
2025-08-01,3085,3085,2995,3040,101568,-0.014586709886547866
2025-08-04,3010,3015,2945,2970,114132,-0.023026315789473673
2025-08-05,2970,3030,2900,2950,127940,-0.006734006734006703
2025-08-06,2935,2995,2935,2955,62096,0.0016949152542373724
2025-08-07,2965,2995,2945,2965,52643,0.0033840947546530664
2025-08-08,2945,2975,2935,2960,44590,-0.001686340640809414
2025-08-11,2935,2990,2935,2965,64413,0.0016891891891892552
2025-08-12,2970,3040,2960,3020,84786,0.018549747048903775
2025-08-13,3020,3075,2980,3000,59714,-0.0066225165562914245
2025-08-14,3000,3050,2950,2950,98458,-0.01666666666666672
2025-08-18,2930,3000,2910,2910,68765,-0.013559322033898313
2025-08-19,2910,2945,2855,2860,85370,-0.01718213058419249
2025-08-20,2870,2890,2805,2830,123661,-0.010489510489510523
2025-08-21,3025,3050,2850,2880,126766,0.0176678445229681
2025-08-22,2895,2985,2885,2925,58903,0.015625
2025-08-25,2925,2935,2890,2910,35602,-0.00512820512820511
2025-08-26,2930,2940,2895,2900,49402,-0.0034364261168384758
2025-08-27,2910,2970,2880,2905,28184,0.0017241379310344307
2025-08-28,2900,2900,2830,2860,92467,-0.015490533562822706
