Date,Open,High,Low,Close,Volume,Change
2022-01-03,48050,48350,47950,48000,271572,0.0
2022-01-04,48000,48100,47400,47650,361839,-0.007291666666666696
2022-01-05,47950,48400,47500,47600,385662,-0.0010493179433368471
2022-01-06,46900,46900,44050,44050,1537037,-0.07457983193277307
2022-01-07,44500,45050,44200,44700,391451,0.014755959137343844
2022-01-10,44700,44750,42650,42850,762577,-0.04138702460850108
2022-01-11,42250,43100,41500,41800,600464,-0.02450408401400228
2022-01-12,42250,42750,41800,42050,516695,0.005980861244019087
2022-01-13,42600,43800,42100,42250,533548,0.0047562425683709275
2022-01-14,41950,42250,41000,41100,491386,-0.02721893491124261
2022-01-17,42100,42450,41250,41400,417976,0.007299270072992803
2022-01-18,41200,41800,40550,40550,279228,-0.020531400966183555
2022-01-19,39700,41100,39650,40700,330370,0.0036991368680641123
2022-01-20,40450,41150,40450,40750,237168,0.0012285012285011554
2022-01-21,40800,41700,40300,41100,302058,0.008588957055214674
2022-01-24,40950,41300,39500,39600,370726,-0.03649635036496346
2022-01-25,39700,39800,37700,38200,630069,-0.03535353535353536
2022-01-26,37800,38650,37000,38300,303150,0.002617801047120505
2022-01-27,38050,38350,33600,33700,1412882,-0.1201044386422977
2022-01-28,33750,34500,32150,34400,1238580,0.020771513353115667
2022-02-03,35150,36850,34500,36850,592040,0.07122093023255816
2022-02-04,36050,36950,35500,36900,483042,0.0013568521031208647
2022-02-07,37000,37450,36100,36800,294091,-0.0027100271002710175
2022-02-08,37000,37500,35700,36050,368403,-0.020380434782608647
2022-02-09,36300,37900,36100,37700,440657,0.04576976421636614
2022-02-10,37800,38150,36400,36400,310999,-0.03448275862068961
2022-02-11,36150,36200,35400,35700,242655,-0.019230769230769273
2022-02-14,34750,35200,34350,34650,347960,-0.02941176470588236
2022-02-15,34500,34950,33500,33850,421747,-0.023088023088023046
2022-02-16,34650,36500,34650,35800,438580,0.057607090103397374
2022-02-17,36350,37000,34950,35950,434885,0.0041899441340782495
2022-02-18,35000,36650,35000,36550,217364,0.016689847009735637
2022-02-21,36100,36800,35550,36600,167470,0.001367989056087593
2022-02-22,35950,36450,35600,35800,221030,-0.021857923497267784
2022-02-23,36400,37150,36200,37000,245614,0.033519553072625774
2022-02-24,36350,37150,34900,35100,455159,-0.05135135135135138
2022-02-25,35850,37100,35550,36500,423884,0.03988603988603989
2022-02-28,37400,39700,37100,38800,975252,0.06301369863013706
2022-03-02,39450,41400,39400,40700,981604,0.0489690721649485
2022-03-03,41300,41400,40000,40350,475651,-0.008599508599508643
2022-03-04,40300,40300,39050,39100,388696,-0.030978934324659257
2022-03-07,38650,40400,38400,39700,433089,0.01534526854219953
2022-03-08,39500,41400,39050,39850,772235,0.0037783375314861534
2022-03-10,40800,40800,39200,40000,515134,0.0037641154328733606
2022-03-11,40200,41000,39650,40750,355289,0.018750000000000044
2022-03-14,40800,41300,39650,39700,316379,-0.025766871165644134
2022-03-15,39700,40250,39250,40000,255938,0.007556675062972307
2022-03-16,40950,40950,39500,40000,275787,0.0
2022-03-17,40000,40600,39700,40000,297022,0.0
2022-03-18,40400,40800,40100,40700,311057,0.01750000000000007
2022-03-21,40750,40800,40000,40150,216550,-0.013513513513513487
2022-03-22,40150,40950,40150,40900,226642,0.018679950186799577
2022-03-23,41200,41250,40200,40600,289168,-0.007334963325183352
2022-03-24,40100,40700,40100,40700,185553,0.0024630541871921707
2022-03-25,41000,41050,40200,40450,187274,-0.00614250614250611
2022-03-28,40500,42050,40400,41950,737168,0.03708281829419047
2022-03-29,41850,41850,40550,40800,426560,-0.0274135876042908
2022-03-30,41200,41200,40100,40750,340810,-0.001225490196078427
2022-03-31,40950,41150,40400,40900,368438,0.0036809815950920033
2022-04-01,40550,40750,40000,40200,312202,-0.017114914425427896
2022-04-04,40200,40450,40050,40300,231243,0.0024875621890547706
2022-04-05,40350,41650,40300,41350,501500,0.026054590570719682
2022-04-06,40850,40950,40050,40200,375711,-0.027811366384522418
2022-04-07,39750,39800,38400,38400,542587,-0.04477611940298509
2022-04-08,38450,38800,37600,38800,369652,0.01041666666666674
2022-04-11,38850,40100,38550,38950,467567,0.0038659793814432852
2022-04-12,38250,38800,37650,38350,352209,-0.015404364569961526
2022-04-13,38400,39200,38350,38850,272111,0.01303780964797907
2022-04-14,38900,38950,38300,38600,376491,-0.006435006435006385
2022-04-15,38450,38450,37900,38250,211611,-0.0090673575129534
2022-04-18,38050,38050,37250,37400,287887,-0.022222222222222254
2022-04-19,37400,37450,36350,36700,512138,-0.018716577540106916
2022-04-20,37000,37050,36150,36650,326261,-0.0013623978201634523
2022-04-21,37100,37800,36650,37650,369547,0.027285129604365688
2022-04-22,36950,37000,36250,36500,947583,-0.030544488711819362
2022-04-25,36100,36100,34900,35300,439900,-0.0328767123287671
2022-04-26,35200,35550,34550,35100,356264,-0.005665722379603388
2022-04-27,34100,39800,34050,36500,2498809,0.03988603988603989
2022-04-28,36150,36150,34200,34550,977058,-0.05342465753424652
2022-04-29,34700,34900,34550,34850,412534,0.00868306801736618
2022-05-02,34250,34400,34050,34300,277646,-0.015781922525107572
2022-05-03,34300,34800,34300,34550,205880,0.007288629737609353
2022-05-04,34600,34850,34350,34800,250643,0.00723589001447178
2022-05-06,36700,40500,35750,39150,6068173,0.125
2022-05-09,39050,39700,37800,38150,1347137,-0.025542784163473775
2022-05-10,37500,38700,36500,36850,1193010,-0.03407601572739183
2022-05-11,36550,39900,36550,39450,1540570,0.07055630936227941
2022-05-12,38800,38800,36900,37000,822751,-0.06210392902408113
2022-05-13,37450,37750,36700,37350,465566,0.009459459459459474
2022-05-16,37300,37450,36550,36550,381287,-0.021419009370816644
2022-05-17,36550,37150,36550,36750,256263,0.00547195622435015
2022-05-18,37150,37450,36500,36950,393519,0.0054421768707482165
2022-05-19,36150,36400,35400,35500,575720,-0.03924221921515558
2022-05-20,35700,37700,35550,37450,685811,0.05492957746478866
2022-05-23,37600,38900,36900,37700,548784,0.006675567423231055
2022-05-24,37900,38450,36500,36500,507015,-0.03183023872679047
2022-05-25,37100,37300,36450,36500,297588,0.0
2022-05-26,36800,37400,36350,36550,404195,0.00136986301369868
2022-05-27,37100,38050,36850,37450,477282,0.024623803009576006
2022-05-30,38450,38600,37700,38300,529960,0.022696929238985364
2022-05-31,38450,39100,38050,39000,593037,0.018276762402088753
2022-06-02,38650,38850,37800,37950,310602,-0.02692307692307694
2022-06-03,38600,39700,38300,39550,1031018,0.04216073781291163
2022-06-07,39600,40100,38700,39050,522125,-0.012642225031605614
2022-06-08,39300,39500,38100,38100,340205,-0.02432778489116516
2022-06-09,38000,38600,37600,38300,300796,0.005249343832020914
2022-06-10,37600,38100,37000,37800,328028,-0.01305483028720622
2022-06-13,36650,37200,35400,35400,447400,-0.06349206349206349
2022-06-14,34350,35150,33950,34650,536019,-0.021186440677966156
2022-06-15,34100,34400,31050,31400,1441125,-0.09379509379509376
2022-06-16,31950,33250,31950,32300,598304,0.02866242038216571
2022-06-17,30700,32250,30150,32000,385265,-0.009287925696594423
2022-06-20,32150,32550,30550,30950,323445,-0.03281250000000002
2022-06-21,30900,31450,30500,30950,230214,0.0
2022-06-22,31200,31550,29600,29600,385480,-0.043618739903069415
2022-06-23,29600,30200,28000,28100,618562,-0.05067567567567566
2022-06-24,28050,28700,27350,28450,575444,0.01245551601423478
2022-06-27,28800,29700,28100,29500,458083,0.03690685413005279
2022-06-28,29550,29850,28900,29800,303931,0.01016949152542379
2022-06-29,29500,31900,29250,31350,629819,0.052013422818791843
2022-06-30,31200,31500,30000,30050,304368,-0.04146730462519932
2022-07-01,30150,30450,28850,29150,300235,-0.029950083194675514
2022-07-04,29250,29650,28250,28750,223075,-0.013722126929674117
2022-07-05,28900,29650,28650,29500,163282,0.026086956521739202
2022-07-06,29850,30500,29250,29250,328715,-0.008474576271186418
2022-07-07,29900,30200,29450,29950,199297,0.023931623931623847
2022-07-08,30150,30800,30000,30000,210007,0.0016694490818029983
2022-07-11,30050,30550,29500,30300,199958,0.010000000000000009
2022-07-12,29800,29950,28700,29150,281113,-0.037953795379537913
2022-07-13,28650,29150,28000,28900,291103,-0.00857632933104635
2022-07-14,28800,29300,28500,28900,175489,0.0
2022-07-15,28700,28950,27650,28000,504001,-0.03114186851211076
2022-07-18,28150,29650,28100,29400,338925,0.050000000000000044
2022-07-19,29400,29900,29000,29100,131584,-0.010204081632653073
2022-07-20,30000,30000,29350,29600,183666,0.01718213058419238
2022-07-21,29550,30200,29550,30000,207010,0.013513513513513598
2022-07-22,29850,30200,29750,30000,128435,0.0
2022-07-25,30100,31650,29850,31000,490893,0.03333333333333344
2022-07-26,31000,31500,30250,30600,196726,-0.012903225806451646
2022-07-27,30700,31050,30200,30700,144542,0.0032679738562091387
2022-07-28,31500,32450,31350,31950,487862,0.04071661237785018
2022-07-29,33100,33300,32300,32900,675101,0.029733959311424085
2022-08-01,33100,34250,33050,33750,432679,0.02583586626139822
2022-08-02,33500,33500,32300,32300,301703,-0.04296296296296298
2022-08-03,32650,33400,32400,32850,322543,0.017027863777089758
2022-08-04,32900,33150,32400,32650,194434,-0.0060882800608828
2022-08-05,32800,33400,32750,33350,176414,0.0214395099540583
2022-08-08,35000,35600,34150,35300,878755,0.058470764617691184
2022-08-09,35450,35700,35050,35300,314758,0.0
2022-08-10,35500,36050,35150,35150,274344,-0.004249291784702569
2022-08-11,36300,41200,36300,40350,5737952,0.14793741109530578
2022-08-12,40200,41150,39850,40400,1782031,0.0012391573729864103
2022-08-16,40400,41250,39600,40900,1092963,0.012376237623762387
2022-08-17,40450,41050,39450,39950,775443,-0.023227383863080653
2022-08-18,40050,40550,38550,38750,815689,-0.030037546933667114
2022-08-19,38900,38950,37750,37800,496652,-0.024516129032258083
2022-08-22,37400,37950,36450,36750,615601,-0.02777777777777779
2022-08-23,36100,37200,36050,37000,429823,0.006802721088435382
2022-08-24,37050,39050,37000,38750,802338,0.04729729729729737
2022-08-25,39550,40300,38950,39300,877381,0.014193548387096744
2022-08-26,40200,40950,39950,40050,1040559,0.01908396946564883
2022-08-29,38700,39450,38500,38950,519662,-0.027465667915106073
2022-08-30,38950,39200,37500,37950,620364,-0.025673940949935803
2022-08-31,37550,38300,37050,38300,431000,0.00922266139657446
2022-09-01,38650,39200,36550,36650,836828,-0.04308093994778073
2022-09-02,36650,36800,35400,35500,523332,-0.03137789904502042
2022-09-05,35100,35500,34500,34650,367555,-0.023943661971830954
2022-09-06,34550,34950,34000,34500,396868,-0.0043290043290042934
2022-09-07,34200,34550,33500,34200,272311,-0.008695652173912993
2022-09-08,34850,35150,34100,34300,214019,0.0029239766081872176
2022-09-13,35000,35150,34700,35100,316954,0.023323615160349753
2022-09-14,33650,33900,33150,33650,344945,-0.04131054131054135
2022-09-15,34750,34800,33950,34050,443828,0.011887072808320909
2022-09-16,33900,34550,33550,34200,293502,0.004405286343612369
2022-09-19,33800,33900,31750,31850,526684,-0.06871345029239762
2022-09-20,31850,32200,31600,32050,219064,0.006279434850863463
2022-09-21,31250,33000,31250,31800,190485,-0.007800312012480548
2022-09-22,31200,32150,30550,31850,293591,0.0015723270440251014
2022-09-23,31500,31600,30400,30750,268204,-0.03453689167974883
2022-09-26,30000,30800,29700,29750,407413,-0.03252032520325199
2022-09-27,29400,30700,29400,30100,355213,0.0117647058823529
2022-09-28,29600,30600,29100,29500,356383,-0.019933554817275767
2022-09-29,29850,30350,28400,28450,302456,-0.035593220338983045
2022-09-30,27950,28750,27900,28600,264221,0.005272407732864748
2022-10-04,29200,29550,28800,29550,215963,0.03321678321678312
2022-10-05,30650,30700,28850,29400,261560,-0.005076142131979711
2022-10-06,29400,29700,29150,29700,187828,0.010204081632652962
2022-10-07,29600,31500,28850,30400,952581,0.023569023569023573
2022-10-11,29200,29450,27200,27250,699610,-0.10361842105263153
2022-10-12,27200,27250,25250,26550,531752,-0.025688073394495414
2022-10-13,26050,26250,24450,24450,523522,-0.07909604519774016
2022-10-14,25000,25550,24700,25300,419997,0.03476482617586907
2022-10-17,24300,25000,23650,24900,524916,-0.015810276679841917
2022-10-18,25400,26300,25250,25950,468307,0.04216867469879526
2022-10-19,26300,27550,26150,26250,654017,0.011560693641618602
2022-10-20,26100,26900,25700,26400,337984,0.005714285714285783
2022-10-21,26200,26650,25700,25700,752083,-0.02651515151515149
2022-10-24,26400,26950,25900,26200,340908,0.01945525291828787
2022-10-25,26450,26450,25350,25900,225065,-0.011450381679389277
2022-10-26,26150,26500,25650,26150,205761,0.009652509652509744
2022-10-27,26050,26950,26050,26800,236329,0.0248565965583174
2022-10-28,26850,27350,26400,26400,249368,-0.014925373134328401
2022-10-31,26900,27400,26500,27250,224670,0.032196969696969724
2022-11-01,27150,29200,27150,28500,465291,0.04587155963302747
2022-11-02,28550,29100,28100,28100,239986,-0.01403508771929829
2022-11-03,27600,31300,27550,30200,1479713,0.07473309608540935
2022-11-04,30650,31400,30300,31050,568646,0.0281456953642385
2022-11-07,31700,33400,31150,32500,769295,0.04669887278582929
2022-11-08,32950,33800,31600,32600,700704,0.003076923076922977
2022-11-09,32600,34800,32600,34350,1138938,0.05368098159509205
2022-11-10,34850,34850,33550,33750,724499,-0.017467248908296984
2022-11-11,36200,37200,35000,36650,1306531,0.08592592592592596
2022-11-14,36600,37500,36150,36250,651091,-0.010914051841746208
2022-11-15,35950,36650,34850,36250,550338,0.0
2022-11-16,36850,37500,35800,37150,691473,0.024827586206896513
2022-11-17,37300,37450,35400,36850,614661,-0.008075370121130576
2022-11-18,36700,37450,36050,36900,568838,0.0013568521031208647
2022-11-21,37400,37450,34800,35100,1021165,-0.04878048780487809
2022-11-22,35300,36050,34850,35500,498398,0.01139601139601143
2022-11-23,35550,36100,34950,35550,352174,0.0014084507042253502
2022-11-24,35350,36250,35350,35750,268351,0.005625879043600568
2022-11-25,36150,36200,35350,35800,181567,0.0013986013986013734
2022-11-28,35600,35600,34500,34700,259226,-0.030726256983240274
2022-11-29,34500,34700,33700,34600,285646,-0.0028818443804035088
2022-11-30,34600,34600,33350,33600,541304,-0.028901734104046284
2022-12-01,34250,34600,33850,34150,366193,0.016369047619047672
2022-12-02,34250,34550,33300,33600,241738,-0.016105417276720324
2022-12-05,33600,34200,33250,33400,233625,-0.005952380952380931
2022-12-06,32950,33150,32200,32200,274346,-0.0359281437125748
2022-12-07,32200,32750,31850,32300,288631,0.0031055900621117516
2022-12-08,32300,32700,31350,31600,234062,-0.021671826625387025
2022-12-09,31700,33150,31700,33100,360516,0.04746835443037978
2022-12-12,32850,32850,32050,32550,167796,-0.0166163141993958
2022-12-13,33000,33500,32650,32650,204721,0.003072196620583778
2022-12-14,33200,33700,32750,33200,199797,0.016845329249617125
2022-12-15,33550,35150,33300,33750,526464,0.016566265060240948
2022-12-16,33100,33150,32150,32550,358749,-0.03555555555555556
2022-12-19,32800,34350,32800,33950,505661,0.043010752688172005
2022-12-20,33750,33850,32500,32600,323997,-0.03976435935198819
2022-12-21,32800,33100,31550,31750,280925,-0.0260736196319018
2022-12-22,31950,32150,30900,31500,341342,-0.007874015748031482
2022-12-23,30900,30900,30200,30550,322447,-0.030158730158730163
2022-12-26,31350,31450,29350,30200,634721,-0.011456628477905073
2022-12-27,30050,30750,30000,30600,325066,0.013245033112582849
2022-12-28,30300,31200,30200,30450,301118,-0.004901960784313708
2022-12-29,30150,30550,29200,29350,398826,-0.03612479474548436
2023-01-02,29500,29900,28900,29050,162547,-0.010221465076660996
2023-01-03,28850,29700,28500,29500,202188,0.015490533562822817
2023-01-04,29000,30300,28900,30100,211088,0.02033898305084736
2023-01-05,30350,30450,29250,29300,240981,-0.02657807308970095
2023-01-06,29050,30350,29000,30100,199197,0.027303754266211566
2023-01-09,30550,31550,30200,31200,266654,0.03654485049833878
2023-01-10,31500,32150,31100,31950,328056,0.024038461538461453
2023-01-11,32150,32250,31450,31900,253906,-0.0015649452269170805
2023-01-12,32550,34000,32350,33700,701752,0.056426332288401326
2023-01-13,33750,34100,33250,33400,226439,-0.008902077151335286
2023-01-16,34450,35250,33700,33800,730833,0.011976047904191711
2023-01-17,33800,34500,33050,33650,393535,-0.004437869822485174
2023-01-18,33800,33850,32600,32700,307238,-0.02823179791976227
2023-01-19,32350,33200,32350,33050,181287,0.010703363914372988
2023-01-20,32950,32950,31500,31950,743293,-0.033282904689863835
2023-01-25,32300,33200,32000,33150,327118,0.03755868544600949
2023-01-26,33150,34100,32800,33650,320285,0.015082956259426794
2023-01-27,33650,33900,32800,32950,352988,-0.0208023774145617
2023-01-30,32800,33300,32450,32700,282583,-0.007587253414264028
2023-01-31,32600,33750,32500,33200,340685,0.015290519877675823
2023-02-01,33200,33800,33000,33550,265344,0.010542168674698704
2023-02-02,34000,34100,33100,33500,384983,-0.0014903129657227732
2023-02-03,33550,35850,33500,34200,1409706,0.020895522388059806
2023-02-06,34100,34100,33250,33350,390002,-0.024853801169590684
2023-02-07,33400,33650,33100,33350,240262,0.0
2023-02-08,33350,33600,32850,33150,305839,-0.005997001499250421
2023-02-09,33650,36000,33500,35850,1863289,0.08144796380090491
2023-02-10,35900,36050,34550,34700,716093,-0.03207810320781035
2023-02-13,34850,34850,34000,34700,331610,0.0
2023-02-14,34850,35400,34550,34750,312562,0.0014409221902016434
2023-02-15,34950,34950,33200,33300,420942,-0.04172661870503602
2023-02-16,33850,34950,33800,34450,329075,0.03453453453453448
2023-02-17,34150,35100,33800,34450,264503,0.0
2023-02-20,34500,35100,33750,35100,325786,0.018867924528301883
2023-02-21,35050,36500,34600,35950,678553,0.024216524216524205
2023-02-22,35450,36150,35000,35700,383123,-0.006954102920723182
2023-02-23,35700,36000,34650,35250,299674,-0.012605042016806678
2023-02-24,35250,35450,34700,34750,191491,-0.014184397163120588
2023-02-27,34450,34650,33600,33950,319561,-0.02302158273381294
2023-02-28,33950,34400,33900,34400,251929,0.013254786450662692
2023-03-02,34500,35500,34050,34750,303901,0.01017441860465107
2023-03-03,34800,35800,34750,35500,352278,0.021582733812949728
2023-03-06,35800,35850,34950,35100,272566,-0.011267605633802802
2023-03-07,35200,36850,35200,36750,836037,0.047008547008547064
2023-03-08,36500,37200,36150,36400,644613,-0.00952380952380949
2023-03-09,36450,37300,36100,36300,563567,-0.0027472527472527375
2023-03-10,35550,36600,35500,36350,372844,0.0013774104683195176
2023-03-13,36500,36550,34500,35450,484415,-0.024759284731774467
2023-03-14,35400,35400,33650,33700,402174,-0.049365303244005676
2023-03-15,34400,35400,34350,35200,275294,0.04451038575667665
2023-03-16,35100,35100,33450,33800,456938,-0.03977272727272729
2023-03-17,34150,34650,33600,33950,304194,0.004437869822485174
2023-03-20,33950,34350,33200,33500,383851,-0.013254786450662692
2023-03-21,33600,33950,33250,33900,204249,0.011940298507462588
2023-03-22,34300,34300,33350,33600,214117,-0.008849557522123908
2023-03-23,33400,33600,32550,32600,411509,-0.029761904761904767
2023-03-24,32850,33250,32600,33050,201243,0.013803680981595123
2023-03-27,32600,33450,31950,33300,290313,0.0075642965204236745
2023-03-28,33300,33300,32700,33050,200994,-0.007507507507507505
2023-03-29,33000,33550,32950,33450,229598,0.012102874432677657
2023-03-30,33750,33900,33050,33750,350083,0.008968609865470878
2023-03-31,34050,34450,33450,33550,302882,-0.00592592592592589
2023-04-03,33650,34200,33400,33700,237517,0.0044709388971684305
2023-04-04,33750,34500,33300,33450,439367,-0.007418397626112738
2023-04-05,33550,33750,33000,33100,294210,-0.010463378176382654
2023-04-06,33000,33300,32500,32550,297481,-0.0166163141993958
2023-04-07,32550,32650,31950,32050,407948,-0.015360983102918557
2023-04-10,32000,32000,31100,31250,526067,-0.0249609984399376
2023-04-11,31200,31600,30550,31450,398010,0.006399999999999961
2023-04-12,31800,32600,31700,32400,440224,0.030206677265500748
2023-04-13,32400,32450,31700,32450,198943,0.0015432098765431057
2023-04-14,32800,32800,32250,32350,263125,-0.0030816640986132127
2023-04-17,32700,34300,32500,34100,711792,0.054095826893354015
2023-04-18,34550,34650,33500,33650,466950,-0.01319648093841641
2023-04-19,33700,34550,33700,33950,391946,0.008915304606240682
2023-04-20,34050,34150,32850,33100,330992,-0.025036818851251863
2023-04-21,33100,33450,32000,33350,629683,0.007552870090634434
2023-04-24,33800,34450,32800,33000,356764,-0.010494752623688153
2023-04-25,33200,33450,32000,32150,281756,-0.025757575757575757
2023-04-26,32100,32450,31100,31100,396360,-0.03265940902021769
2023-04-27,31100,31250,30050,30900,235422,-0.006430868167202619
2023-04-28,30900,31050,29900,29900,507785,-0.032362459546925515
2023-05-02,29900,30350,29900,30050,228640,0.0050167224080268635
2023-05-03,29850,30050,29450,29450,253341,-0.019966722129783676
2023-05-04,29150,30300,29150,30300,320156,0.028862478777589073
2023-05-08,30500,30750,30200,30250,200893,-0.0016501650165016146
2023-05-09,30450,30450,29750,30200,168835,-0.0016528925619834212
2023-05-10,30150,30150,29700,29750,143261,-0.01490066225165565
2023-05-11,29750,30000,29750,29800,149676,0.001680672268907557
2023-05-12,29800,29800,29350,29400,196771,-0.01342281879194629
2023-05-15,29400,30500,29200,30500,331339,0.03741496598639449
2023-05-16,30500,30650,30050,30300,149271,-0.006557377049180357
2023-05-17,30150,30500,29800,30500,208683,0.0066006600660066805
2023-05-18,30500,30700,30250,30550,187532,0.0016393442622950616
2023-05-19,30500,31400,30350,31250,607378,0.022913256955810146
2023-05-22,31250,31250,30500,30550,274942,-0.022399999999999975
2023-05-23,30850,31600,30750,31000,296246,0.014729950900163713
2023-05-24,30850,31150,30500,31000,153838,0.0
2023-05-25,30900,31300,30700,30700,159073,-0.009677419354838679
2023-05-26,30700,30950,30000,30100,185852,-0.019543973941368087
2023-05-30,30100,30700,30050,30500,179142,0.013289036544850585
2023-05-31,30450,30950,30250,30800,235047,0.009836065573770592
2023-06-01,31000,31200,30100,30150,230177,-0.02110389610389607
2023-06-02,30500,31000,30200,30950,237627,0.026533996683250516
2023-06-05,31100,31200,30700,30900,132507,-0.001615508885298822
2023-06-07,31050,31400,30750,30800,258563,-0.003236245954692518
2023-06-08,30950,31050,30200,30350,260081,-0.01461038961038963
2023-06-09,30800,30800,30000,30400,455871,0.0016474464579900872
2023-06-12,30400,30650,30200,30500,204602,0.00328947368421062
2023-06-13,31000,31500,30300,30400,434128,-0.003278688524590123
2023-06-14,30450,30450,29900,30000,419579,-0.013157894736842146
2023-06-15,30100,30100,29500,29500,361625,-0.01666666666666672
2023-06-16,29900,30600,29800,30600,408164,0.03728813559322042
2023-06-19,30600,31400,30450,30650,374565,0.0016339869281045694
2023-06-20,30700,31150,30500,30500,281666,-0.004893964110929905
2023-06-21,30100,30350,29850,30050,262271,-0.014754098360655776
2023-06-22,29900,30050,29750,29800,226419,-0.008319467554076532
2023-06-23,29800,30150,28700,28900,436595,-0.030201342281879207
2023-06-26,28900,29000,28250,28650,242179,-0.00865051903114189
2023-06-27,28700,29100,28350,29000,217821,0.01221640488656206
2023-06-28,29200,29200,28700,28700,149342,-0.010344827586206917
2023-06-29,28550,28750,28250,28300,244804,-0.013937282229965153
2023-06-30,28300,28750,28250,28700,130806,0.014134275618374659
2023-07-03,28950,29050,28500,28900,192691,0.006968641114982521
2023-07-04,28700,28700,28200,28300,247390,-0.02076124567474047
2023-07-05,28100,28150,26750,27050,781433,-0.044169611307420475
2023-07-06,27200,27850,26600,27100,431353,0.001848428835489857
2023-07-07,27100,27250,26700,27000,252485,-0.0036900369003689537
2023-07-10,27500,27700,27050,27600,424151,0.022222222222222143
2023-07-11,27550,28450,27550,28100,217961,0.018115942028985588
2023-07-12,28150,28200,27600,27950,193936,-0.005338078291814985
2023-07-13,28150,28300,27850,27900,261735,-0.0017889087656529634
2023-07-14,28450,28750,28000,28250,274167,0.012544802867383575
2023-07-17,28250,28250,27550,27800,278465,-0.015929203539822967
2023-07-18,28250,28400,27700,27850,192805,0.0017985611510791255
2023-07-19,27950,28300,27650,27800,269186,-0.0017953321364452268
2023-07-20,27900,28250,27450,27950,259771,0.0053956834532373765
2023-07-21,27550,27900,27250,27400,333347,-0.019677996422182487
2023-07-24,27350,27350,26700,27000,310556,-0.014598540145985384
2023-07-25,26700,27150,26250,26650,392256,-0.012962962962962954
2023-07-26,26650,26650,25250,25500,576661,-0.04315196998123827
2023-07-27,25500,25950,24550,24550,647777,-0.03725490196078429
2023-07-28,24250,25950,24200,25750,604917,0.048879837067209886
2023-07-31,26350,27550,26350,27200,621756,0.056310679611650594
2023-08-01,27200,27700,26850,27600,363988,0.014705882352941124
2023-08-02,27300,28050,27150,27500,417765,-0.0036231884057971175
2023-08-03,27400,27400,26450,26850,265051,-0.023636363636363678
2023-08-04,26500,26700,26300,26400,221236,-0.016759776536312887
2023-08-07,26400,26450,25950,26150,295752,-0.009469696969697017
2023-08-08,26500,27400,25400,25500,369107,-0.0248565965583174
2023-08-09,25200,26000,25200,25950,264382,0.01764705882352935
2023-08-10,26200,26500,26000,26450,265964,0.019267822736030782
2023-08-11,26900,27050,25900,26300,338371,-0.005671077504725952
2023-08-14,26500,26550,25550,25650,229071,-0.024714828897338448
2023-08-16,25650,25650,24500,24500,392587,-0.04483430799220278
2023-08-17,24100,24450,23700,24350,267604,-0.006122448979591799
2023-08-18,23850,26200,23750,24150,596463,-0.008213552361396315
2023-08-21,24000,24450,24000,24050,205661,-0.0041407867494823725
2023-08-22,24100,24350,23850,24050,167363,0.0
2023-08-23,24050,24200,23600,23700,209660,-0.014553014553014498
2023-08-24,23750,24350,23750,24350,157416,0.02742616033755274
2023-08-25,24100,24350,23800,24350,140375,0.0
2023-08-28,24500,24600,24150,24450,136377,0.004106776180698102
2023-08-29,24500,24700,24350,24600,130072,0.006134969325153339
2023-08-30,24800,25150,24500,25000,278116,0.016260162601626105
2023-08-31,24950,25100,24350,24750,256087,-0.010000000000000009
2023-09-01,24550,24850,24200,24200,295512,-0.022222222222222254
2023-09-04,24050,24500,24000,24350,261291,0.006198347107438051
2023-09-05,24250,24900,24250,24550,306008,0.008213552361396204
2023-09-06,24600,24700,24050,24150,189666,-0.016293279022403295
2023-09-07,24050,24200,23250,23300,336379,-0.035196687370600444
2023-09-08,23300,24800,23300,24000,440863,0.030042918454935563
2023-09-11,24050,25800,24000,24550,624847,0.022916666666666696
2023-09-12,24550,24600,23500,23600,311949,-0.03869653767820769
2023-09-13,23650,23750,23150,23200,292962,-0.016949152542372836
2023-09-14,23200,23600,23200,23350,202803,0.006465517241379226
2023-09-15,23650,23850,23350,23500,333685,0.0064239828693790635
2023-09-18,23550,23650,23350,23400,124133,-0.004255319148936176
2023-09-19,23500,23650,23100,23150,198500,-0.010683760683760646
2023-09-20,23100,23200,21400,21800,840999,-0.05831533477321815
2023-09-21,21850,21850,21050,21050,462225,-0.0344036697247706
2023-09-22,20550,20950,20400,20550,445761,-0.02375296912114011
2023-09-25,20250,20700,20000,20250,321886,-0.014598540145985384
2023-09-26,20300,20650,20000,20100,325400,-0.007407407407407418
2023-09-27,19940,20250,19380,20150,321166,0.0024875621890547706
2023-10-04,19610,19610,18680,18740,921600,-0.06997518610421838
2023-10-05,18770,19080,18600,18650,390809,-0.0048025613660619415
2023-10-06,18450,18810,18290,18310,445464,-0.018230563002681
2023-10-10,18330,18600,17860,17980,599470,-0.018022938285090162
2023-10-11,18200,18600,18190,18450,400725,0.02614015572858741
2023-10-12,18620,19140,18620,19020,496863,0.030894308943089532
2023-10-13,18800,18800,18270,18290,362408,-0.0383806519453207
2023-10-16,18270,18560,17930,18350,322379,0.0032804811372335596
2023-10-17,18520,19050,18520,18720,280846,0.020163487738419583
2023-10-18,18780,19160,18340,18340,330467,-0.020299145299145338
2023-10-19,18000,18310,17960,17970,294585,-0.020174482006543037
2023-10-20,17850,18160,17420,17690,549468,-0.015581524763494725
2023-10-23,17850,17850,17220,17290,268913,-0.022611644997173497
2023-10-24,17450,17660,16650,17400,435682,0.0063620589936379535
2023-10-25,17670,17970,17330,17370,241255,-0.0017241379310344307
2023-10-26,17150,17240,16550,16570,381009,-0.04605641911341396
2023-10-27,16570,16790,16310,16450,245760,-0.007242003621001802
2023-10-30,16190,16850,16190,16770,200889,0.019452887537994012
2023-10-31,16930,16950,16310,16430,213705,-0.02027429934406677
2023-11-01,16430,16690,16050,16080,276607,-0.02130249543517959
2023-11-02,16380,17360,16380,17320,605427,0.07711442786069655
2023-11-03,17350,17710,17040,17640,230544,0.018475750577367167
2023-11-06,18990,19760,18230,19760,877885,0.1201814058956916
2023-11-07,19990,20100,18890,19800,619417,0.002024291497975783
2023-11-08,19970,20150,19110,19110,256684,-0.034848484848484795
2023-11-09,19110,19260,18880,18980,161540,-0.006802721088435382
2023-11-10,18800,18800,18290,18330,165841,-0.03424657534246578
2023-11-13,18520,18600,17980,17980,157416,-0.019094380796508492
2023-11-14,18200,18450,18110,18450,137792,0.02614015572858741
2023-11-15,19080,19400,18860,19400,358014,0.051490514905149
2023-11-16,19410,20100,19400,19460,363027,0.003092783505154628
2023-11-17,19450,19450,18800,18880,467879,-0.029804727646454254
2023-11-20,18900,21400,18900,20400,1150270,0.0805084745762712
2023-11-21,20900,21300,20600,21050,614938,0.031862745098039325
2023-11-22,20700,21200,20650,20750,326400,-0.014251781472684133
2023-11-23,20650,21200,20450,20800,320704,0.002409638554216942
2023-11-24,21050,22950,20850,22550,1438927,0.08413461538461542
2023-11-27,22700,25500,22700,24100,2544019,0.06873614190687372
2023-11-28,24450,24900,23500,23750,738767,-0.014522821576763434
2023-11-29,24050,24400,23000,23400,740542,-0.01473684210526316
2023-11-30,23400,24350,23350,24300,718888,0.03846153846153855
2023-12-01,24550,24550,22850,22950,531861,-0.05555555555555558
2023-12-04,22950,23250,22450,22700,373363,-0.01089324618736387
2023-12-05,22600,22600,21950,22000,360462,-0.03083700440528636
2023-12-06,21900,22600,21850,21900,216490,-0.004545454545454519
2023-12-07,21950,22150,21500,21600,249375,-0.013698630136986356
2023-12-08,21650,21850,21200,21500,295126,-0.00462962962962965
2023-12-11,21250,21600,20700,21250,458604,-0.011627906976744207
2023-12-12,21450,22550,21200,22400,466150,0.054117647058823604
2023-12-13,22450,23100,21900,22050,317324,-0.015625
2023-12-14,22750,23250,22250,22700,480132,0.02947845804988658
2023-12-15,22600,23600,22400,22550,598141,-0.0066079295154185536
2023-12-18,23000,23000,22300,22500,271652,-0.0022172949002217113
2023-12-19,22350,22400,21900,22050,231195,-0.020000000000000018
2023-12-20,22200,22600,22200,22350,247795,0.013605442176870763
2023-12-21,22150,23300,21800,22500,481687,0.006711409395973256
2023-12-22,22550,22700,22100,22150,176409,-0.015555555555555545
2023-12-26,22250,22600,21950,22500,224991,0.015801354401805856
2023-12-27,22900,22900,22150,22800,286080,0.01333333333333342
2023-12-28,22800,23550,22500,23200,437389,0.01754385964912286
2024-01-02,23200,23550,22700,23450,327288,0.010775862068965525
2024-01-03,23200,25000,23000,24500,1050874,0.04477611940298498
2024-01-04,24300,24400,23350,23450,465066,-0.042857142857142816
2024-01-05,23350,23600,22800,22900,249668,-0.023454157782516027
2024-01-08,22250,22600,22100,22150,360952,-0.03275109170305679
2024-01-09,22300,23000,22300,22600,223752,0.020316027088036037
2024-01-10,22900,23750,22800,23000,328981,0.017699115044247815
2024-01-11,23350,23600,22450,22600,287537,-0.017391304347826098
2024-01-12,22400,22850,22150,22550,162923,-0.0022123893805309214
2024-01-15,22450,23450,22200,22550,257809,0.0
2024-01-16,22300,22650,22100,22150,143987,-0.0177383592017738
2024-01-17,22000,22200,21100,21150,343121,-0.04514672686230248
2024-01-18,20950,21450,20550,20700,250871,-0.021276595744680882
2024-01-19,20950,21950,20800,20850,442216,0.007246376811594235
2024-01-22,21350,21400,20700,21050,196152,0.00959232613908867
2024-01-23,20850,21550,20850,21300,201415,0.01187648456057011
2024-01-24,21600,22300,21600,21650,277937,0.016431924882629012
2024-01-25,21650,21650,21050,21350,162662,-0.01385681293302543
2024-01-26,21100,21750,21000,21400,153393,0.0023419203747072626
2024-01-29,21550,21650,21050,21050,188430,-0.016355140186915862
2024-01-30,21400,21400,20700,20700,189556,-0.016627078384798155
2024-01-31,20600,20900,20550,20700,171916,0.0
2024-02-01,20500,20850,20000,20550,318346,-0.007246376811594235
2024-02-02,20600,21200,20550,20950,206351,0.019464720194647178
2024-02-05,21100,21100,20400,20750,201492,-0.009546539379474916
2024-02-06,20500,20800,20150,20450,154787,-0.014457831325301207
2024-02-07,20750,21100,20500,20800,195683,0.017114914425427896
2024-02-08,21100,21100,20750,20850,149942,0.0024038461538462563
2024-02-13,21000,21350,21000,21300,169730,0.021582733812949728
2024-02-14,21100,21450,20900,21350,128596,0.0023474178403755097
2024-02-15,21800,21800,20850,20850,230276,-0.023419203747072626
2024-02-16,20950,21450,20950,21300,176692,0.021582733812949728
2024-02-19,21350,21500,21100,21200,135978,-0.0046948356807511304
2024-02-20,21150,21250,20850,21050,161858,-0.007075471698113178
2024-02-21,21250,21450,21000,21100,144110,0.002375296912114022
2024-02-22,21500,21500,20800,20800,156953,-0.014218009478673022
2024-02-23,20900,20900,20250,20300,296868,-0.024038461538461564
2024-02-26,20400,20550,20050,20250,122427,-0.0024630541871921707
2024-02-27,20450,20450,20000,20050,228296,-0.00987654320987652
2024-02-28,20050,20300,20000,20050,104387,0.0
2024-02-29,19970,20050,19720,19850,269779,-0.009975062344139696
2024-03-04,19950,20150,19500,19500,279453,-0.017632241813602012
2024-03-05,19230,19740,19150,19160,255012,-0.017435897435897463
2024-03-06,19130,19590,19020,19370,218981,0.01096033402922747
2024-03-07,19490,19800,19160,19510,228404,0.007227671657201951
2024-03-08,19880,19890,19340,19560,198740,0.0025627883136853935
2024-03-11,19560,20050,19490,19790,210701,0.011758691206543936
2024-03-12,19790,19790,19440,19750,239861,-0.002021222839818093
2024-03-13,19770,20250,19700,19820,237601,0.0035443037974682845
2024-03-14,19820,20150,19820,20000,278817,0.00908173562058523
2024-03-15,19810,20000,19380,19790,265055,-0.010499999999999954
2024-03-18,19930,20650,19850,20200,314466,0.02071753410813537
2024-03-19,20000,20150,19320,19510,389949,-0.03415841584158419
2024-03-20,19600,19940,19400,19500,210628,-0.0005125576627370565
2024-03-21,19620,20100,19620,19990,233241,0.025128205128205128
2024-03-22,19990,20200,19910,20050,122228,0.0030015007503751967
2024-03-25,20050,20250,19840,20100,161047,0.0024937655860348684
2024-03-26,20250,20300,19780,19880,182212,-0.010945273631840835
2024-03-27,19850,20250,19780,19980,192415,0.005030181086519203
2024-03-28,20150,20950,20050,20600,465833,0.03103103103103111
2024-03-29,20700,20800,20300,20500,193282,-0.004854368932038833
2024-04-01,20750,21100,20500,21000,218254,0.024390243902439046
2024-04-02,21050,21250,20500,20500,220373,-0.023809523809523836
2024-04-03,20300,20300,19930,20000,211970,-0.024390243902439046
2024-04-04,20150,20400,19910,19960,143572,-0.0020000000000000018
2024-04-05,19880,20050,19550,19700,172103,-0.013026052104208374
2024-04-08,19940,19940,19340,19610,128112,-0.004568527918781706
2024-04-09,19610,19960,19540,19750,122163,0.007139214686384454
2024-04-11,19520,19560,19130,19170,296580,-0.02936708860759496
2024-04-12,19190,19640,19170,19310,137555,0.007303077725612894
2024-04-15,19100,19290,18850,18960,156244,-0.018125323666493998
2024-04-16,18800,18910,18230,18250,246278,-0.03744725738396626
2024-04-17,17950,18340,17950,17980,170347,-0.014794520547945167
2024-04-18,17910,19630,17910,19430,335107,0.08064516129032251
2024-04-19,19100,19430,18450,18850,432733,-0.02985074626865669
2024-04-22,19040,19430,18710,18900,173034,0.0026525198938991412
2024-04-23,18750,18930,18270,18330,234786,-0.030158730158730163
2024-04-24,18510,18820,18490,18570,138857,0.013093289689034338
2024-04-25,18440,18560,18020,18020,218587,-0.029617662897145958
2024-04-26,18040,18130,17920,17990,158870,-0.0016648168701443034
2024-04-29,18100,20550,18100,20050,1324439,0.1145080600333519
2024-04-30,19910,20150,19550,19930,317015,-0.0059850374064838174
2024-05-02,19890,21000,19700,20300,437457,0.018564977420973516
2024-05-03,20300,20350,19780,19900,224729,-0.019704433497536922
2024-05-07,20100,20800,20050,20750,375248,0.04271356783919589
2024-05-08,20750,21000,20400,20950,246564,0.009638554216867545
2024-05-09,21250,21300,20600,20600,335002,-0.01670644391408116
2024-05-10,20850,21150,20450,21050,309090,0.02184466019417486
2024-05-13,20950,20950,20200,20500,210269,-0.026128266033254133
2024-05-14,20500,20950,20250,20300,146574,-0.009756097560975618
2024-05-16,20800,22600,20650,21750,1502346,0.0714285714285714
2024-05-17,21650,21950,21050,21350,418716,-0.01839080459770115
2024-05-20,21500,22050,21000,21050,343293,-0.014051522248243575
2024-05-21,21050,21100,20450,20450,269281,-0.028503562945368155
2024-05-22,21350,25700,21300,25000,15098611,0.22249388753056243
2024-05-23,25000,27300,23900,25400,14507091,0.016000000000000014
2024-05-24,24550,25200,23950,25000,1961532,-0.015748031496062964
2024-05-27,26400,26750,25350,26200,4129137,0.04800000000000004
2024-05-28,26400,26550,25200,26150,1225811,-0.001908396946564861
2024-05-29,26050,26100,24050,24500,1721042,-0.06309751434034416
2024-05-30,24200,24450,23100,23400,1144598,-0.04489795918367345
2024-05-31,24000,24700,23500,24500,1300154,0.047008547008547064
2024-06-03,25150,25150,24150,24200,802396,-0.01224489795918371
