Date,Open,High,Low,Close,Volume,Change
2022-01-03,953,975,953,974,145325,0.022035676810073346
2022-01-04,974,1015,969,1000,363509,0.026694045174537884
2022-01-05,1000,1080,980,1030,910703,0.030000000000000027
2022-01-06,1025,1110,1010,1055,892413,0.024271844660194164
2022-01-07,1050,1065,1020,1055,411595,0.0
2022-01-10,1050,1060,1010,1015,317044,-0.03791469194312791
2022-01-11,1025,1025,1000,1005,187581,-0.009852216748768461
2022-01-12,1005,1020,1000,1015,133270,0.00995024875621886
2022-01-13,1015,1060,1005,1050,340269,0.034482758620689724
2022-01-14,1050,1060,1020,1050,294316,0.0
2022-01-17,1050,1085,1040,1050,296500,0.0
2022-01-18,1040,1075,1040,1050,231094,0.0
2022-01-19,1040,1075,1020,1070,263745,0.01904761904761898
2022-01-20,1070,1100,1050,1100,451656,0.028037383177569986
2022-01-21,1100,1135,1075,1085,461587,-0.013636363636363669
2022-01-24,1080,1085,1030,1035,252247,-0.04608294930875578
2022-01-25,1015,1045,970,994,854299,-0.03961352657004835
2022-01-26,990,1035,986,1005,307910,0.01106639839034207
2022-01-27,1030,1030,992,1020,301440,0.014925373134328401
2022-01-28,1000,1025,998,1010,205223,-0.009803921568627416
2022-02-03,1015,1035,1015,1025,158554,0.014851485148514865
2022-02-04,1020,1035,1000,1025,186886,0.0
2022-02-07,1020,1025,1000,1025,91556,0.0
2022-02-08,1020,1030,1000,1005,191205,-0.019512195121951237
2022-02-09,1005,1015,1000,1010,55264,0.004975124378109541
2022-02-10,1010,1020,995,1005,207187,-0.004950495049504955
2022-02-11,1000,1005,989,997,155377,-0.007960199004975133
2022-02-14,986,990,969,972,201255,-0.025075225677031132
2022-02-15,971,984,958,959,137163,-0.013374485596707841
2022-02-16,1000,1045,971,983,228532,0.02502606882168923
2022-02-17,986,1005,980,982,223208,-0.0010172939979654627
2022-02-18,982,999,970,997,73668,0.015274949083503131
2022-02-21,997,1000,939,996,81358,-0.0010030090270812808
2022-02-22,986,993,972,985,75628,-0.011044176706827336
2022-02-23,970,1020,970,1010,262446,0.025380710659898442
2022-02-24,1010,1010,978,984,164629,-0.025742574257425765
2022-02-25,979,1015,978,999,126079,0.015243902439024293
2022-02-28,1000,1010,989,1000,86394,0.0010010010010010895
2022-03-02,1005,1010,994,1005,140768,0.004999999999999893
2022-03-03,1010,1010,997,998,70934,-0.006965174129353269
2022-03-04,1005,1005,992,1000,79529,0.002004008016031955
2022-03-07,999,1005,992,992,104655,-0.008000000000000007
2022-03-08,992,995,970,989,113292,-0.003024193548387122
2022-03-10,991,999,990,996,54780,0.00707785642062686
2022-03-11,991,997,990,993,61672,-0.003012048192771122
2022-03-14,993,997,981,983,94601,-0.010070493454179208
2022-03-15,988,991,974,984,123850,0.0010172939979653517
2022-03-16,989,999,980,981,75335,-0.0030487804878048808
2022-03-17,981,995,978,986,165625,0.0050968399592252744
2022-03-18,991,997,978,986,90448,0.0
2022-03-21,991,995,982,984,191295,-0.0020283975659228792
2022-03-22,984,992,980,990,96705,0.0060975609756097615
2022-03-23,990,1005,990,1000,216552,0.010101010101010166
2022-03-24,1005,1005,996,1005,120034,0.004999999999999893
2022-03-25,1005,1010,995,1000,121803,-0.00497512437810943
2022-03-28,1000,1005,990,1000,116129,0.0
2022-03-29,1005,1005,992,993,202328,-0.007000000000000006
2022-03-30,993,1000,993,995,113654,0.002014098690835908
2022-03-31,996,1010,995,1005,243048,0.01005025125628145
2022-04-01,1005,1005,996,1000,122493,-0.00497512437810943
2022-04-04,1020,1020,999,1005,198391,0.004999999999999893
2022-04-05,1010,1010,995,996,134508,-0.008955223880596996
2022-04-06,993,993,970,977,435519,-0.01907630522088355
2022-04-07,949,982,930,931,659062,-0.04708290685772776
2022-04-08,932,947,919,932,380401,0.0010741138560688146
2022-04-11,935,950,930,946,201235,0.015021459227467782
2022-04-12,946,946,920,931,210815,-0.015856236786469302
2022-04-13,931,952,930,949,261675,0.01933404940923733
2022-04-14,949,959,945,958,109913,0.0094836670179137
2022-04-15,958,958,942,958,88395,0.0
2022-04-18,960,973,951,957,88220,-0.0010438413361169019
2022-04-19,957,965,942,960,75815,0.0031347962382444194
2022-04-20,965,971,954,969,112946,0.009374999999999911
2022-04-21,969,969,952,968,77771,-0.0010319917440660964
2022-04-22,955,965,946,952,112238,-0.016528925619834656
2022-04-25,940,950,932,934,96259,-0.018907563025210128
2022-04-26,934,944,933,937,74077,0.0032119914346895317
2022-04-27,921,937,912,929,72901,-0.008537886872998945
2022-04-28,935,938,921,923,77125,-0.006458557588805203
2022-04-29,925,933,911,925,72702,0.0021668472372697867
2022-05-02,924,928,910,925,115392,0.0
2022-05-03,930,934,919,934,82431,0.00972972972972963
2022-05-04,928,939,925,929,70313,-0.005353319057815886
2022-05-06,929,929,911,921,76041,-0.008611410118406937
2022-05-09,926,937,910,918,57308,-0.0032573289902280145
2022-05-10,914,919,896,909,98184,-0.009803921568627416
2022-05-11,910,919,900,904,61069,-0.005500550055005493
2022-05-12,904,904,868,870,194751,-0.03761061946902655
2022-05-13,875,887,869,869,97521,-0.0011494252873562871
2022-05-16,876,878,839,846,328849,-0.026467203682393525
2022-05-17,833,862,833,859,106353,0.015366430260047359
2022-05-18,858,864,848,854,49650,-0.005820721769499437
2022-05-19,845,845,819,829,189280,-0.029274004683840782
2022-05-20,822,834,820,828,80935,-0.0012062726176115257
2022-05-23,825,833,809,810,197970,-0.021739130434782594
2022-05-24,815,818,793,796,124323,-0.01728395061728394
2022-05-25,792,798,785,796,175312,0.0
2022-05-26,799,812,793,803,46120,0.008793969849246297
2022-05-27,805,807,797,803,45761,0.0
2022-05-30,800,807,796,799,183205,-0.00498132004981322
2022-05-31,799,808,794,808,218841,0.01126408010012514
2022-06-02,812,816,806,810,64963,0.0024752475247524774
2022-06-03,814,816,804,813,64980,0.0037037037037037646
2022-06-07,813,815,793,802,74916,-0.013530135301353052
2022-06-08,787,805,787,802,153707,0.0
2022-06-09,805,805,788,804,98653,0.0024937655860348684
2022-06-10,800,807,789,802,87976,-0.0024875621890547706
2022-06-13,787,801,771,772,166919,-0.03740648379052369
2022-06-14,771,771,738,755,247640,-0.022020725388601003
2022-06-15,755,755,737,737,66754,-0.02384105960264904
2022-06-16,738,759,708,736,117590,-0.0013568521031207537
2022-06-17,713,739,704,738,118578,0.0027173913043478937
2022-06-20,730,742,707,711,151209,-0.03658536585365857
2022-06-21,711,740,711,738,89842,0.03797468354430378
2022-06-22,742,742,705,715,172397,-0.031165311653116534
2022-06-23,710,719,704,705,90307,-0.013986013986013957
2022-06-24,705,716,704,715,150701,0.014184397163120588
2022-06-27,722,746,707,729,116376,0.019580419580419672
2022-06-28,733,740,729,739,62760,0.013717421124828544
2022-06-29,737,752,733,752,64848,0.017591339648173276
2022-06-30,755,788,746,767,101700,0.019946808510638236
2022-07-01,762,781,740,740,80453,-0.03520208604954367
2022-07-04,744,763,740,747,36275,0.009459459459459474
2022-07-05,740,758,734,743,67622,-0.0053547523427041055
2022-07-06,743,743,731,736,38363,-0.009421265141319024
2022-07-07,736,762,736,751,22557,0.020380434782608647
2022-07-08,751,759,745,747,50048,-0.005326231691078598
2022-07-11,751,751,739,748,35980,0.0013386880856760541
2022-07-12,755,760,744,754,36255,0.008021390374331583
2022-07-13,757,757,733,738,63070,-0.021220159151193685
2022-07-14,738,742,731,739,52469,0.0013550135501354532
2022-07-15,739,739,720,735,61609,-0.005412719891745632
2022-07-18,729,739,729,738,36187,0.004081632653061273
2022-07-19,741,742,729,738,39979,0.0
2022-07-20,738,750,737,743,58187,0.006775067750677488
2022-07-21,743,745,725,739,58676,-0.0053835800807536804
2022-07-22,735,744,729,740,32739,0.0013531799729364913
2022-07-25,745,746,724,732,50852,-0.010810810810810811
2022-07-26,732,734,723,733,50908,0.001366120218579292
2022-07-27,733,741,725,733,26525,0.0
2022-07-28,733,733,715,728,66173,-0.006821282401091366
2022-07-29,732,732,716,728,31420,0.0
2022-08-01,731,732,724,724,75728,-0.005494505494505475
2022-08-02,719,727,719,725,35285,0.0013812154696133394
2022-08-03,726,726,714,723,178013,-0.0027586206896551557
2022-08-04,719,730,719,729,40258,0.008298755186721962
2022-08-05,726,729,722,727,28615,-0.002743484224965731
2022-08-08,727,736,724,735,64785,0.011004126547455195
2022-08-09,734,737,733,737,25943,0.0027210884353741083
2022-08-10,737,945,730,790,15943082,0.07191316146540028
2022-08-11,789,799,766,768,1643883,-0.027848101265822822
2022-08-12,775,786,760,768,491400,0.0
2022-08-16,772,772,753,765,313481,-0.00390625
2022-08-17,763,763,736,742,359846,-0.030065359477124187
2022-08-18,738,742,719,727,292264,-0.020215633423180557
2022-08-19,727,727,710,720,253159,-0.009628610729023435
2022-08-22,718,735,705,731,217355,0.015277777777777724
2022-08-23,729,746,721,742,160106,0.015047879616963078
2022-08-24,745,750,735,745,94838,0.0040431266846361336
2022-08-25,739,749,736,745,174672,0.0
2022-08-26,744,752,730,741,143126,-0.005369127516778538
2022-08-29,729,732,712,728,151820,-0.01754385964912286
2022-08-30,720,735,720,732,50832,0.005494505494505475
2022-08-31,733,733,720,724,67627,-0.010928961748633892
2022-09-01,724,728,718,726,85756,0.0027624309392264568
2022-09-02,726,734,720,723,91784,-0.004132231404958664
2022-09-05,727,727,714,719,91712,-0.0055325034578146415
2022-09-06,719,728,718,718,59195,-0.0013908205841446364
2022-09-07,722,723,708,713,141331,-0.0069637883008356605
2022-09-08,717,720,708,711,60379,-0.0028050490883591017
2022-09-13,711,719,710,716,72058,0.007032348804500765
2022-09-14,710,720,698,706,212764,-0.013966480446927387
2022-09-15,710,710,703,707,53069,0.0014164305949009304
2022-09-16,709,709,683,688,188503,-0.026874115983026914
2022-09-19,695,695,663,669,232435,-0.02761627906976749
2022-09-20,661,682,661,672,91718,0.004484304932735439
2022-09-21,672,679,661,671,66833,-0.0014880952380952328
2022-09-22,665,670,657,665,100698,-0.008941877794336861
2022-09-23,669,671,630,649,230437,-0.024060150375939893
2022-09-26,647,649,613,619,224487,-0.046224961479198745
2022-09-27,602,634,602,613,141201,-0.009693053311793265
2022-09-28,607,620,598,610,150856,-0.004893964110929905
2022-09-29,605,619,605,606,89444,-0.006557377049180357
2022-09-30,606,610,597,602,81177,-0.0066006600660065695
2022-10-04,600,618,599,618,77607,0.02657807308970095
2022-10-05,615,622,607,617,86013,-0.0016181229773463146
2022-10-06,616,650,605,637,90404,0.03241491085899506
2022-10-07,641,641,630,630,124559,-0.01098901098901095
2022-10-11,630,633,597,615,134592,-0.023809523809523836
2022-10-12,607,611,600,602,112320,-0.021138211382113803
2022-10-13,604,604,555,567,396737,-0.05813953488372092
2022-10-14,564,581,564,579,128478,0.021164021164021163
2022-10-17,579,580,570,579,116137,0.0
2022-10-18,579,588,579,585,32403,0.010362694300518172
2022-10-19,585,590,581,585,101013,0.0
2022-10-20,585,589,571,583,41014,-0.0034188034188034067
2022-10-21,580,580,558,565,110021,-0.030874785591766707
2022-10-24,565,569,561,564,71243,-0.001769911504424737
2022-10-25,564,567,557,560,77522,-0.007092198581560294
2022-10-26,558,564,556,558,64520,-0.0035714285714285587
2022-10-27,555,561,555,560,26622,0.0035842293906809264
2022-10-28,562,671,558,577,2269847,0.03035714285714275
2022-10-31,599,599,565,571,147890,-0.010398613518197597
2022-11-01,573,573,558,566,97428,-0.008756567425569184
2022-11-02,570,570,557,562,88921,-0.007067137809187329
2022-11-03,561,572,553,564,110851,0.003558718861210064
2022-11-04,564,570,562,570,20897,0.010638297872340496
2022-11-07,570,577,570,574,41263,0.007017543859649145
2022-11-08,577,579,575,577,64323,0.005226480836237002
2022-11-09,581,587,574,574,64052,-0.005199306759098743
2022-11-10,576,579,570,579,46431,0.008710801393728262
2022-11-11,580,588,579,586,91718,0.012089810017271052
2022-11-14,586,598,578,594,59093,0.013651877133105783
2022-11-15,594,600,565,574,299492,-0.03367003367003363
2022-11-16,577,577,562,570,171388,-0.006968641114982632
2022-11-17,572,572,561,564,98786,-0.010526315789473717
2022-11-18,564,564,551,551,223844,-0.023049645390070927
2022-11-21,551,557,527,545,293261,-0.010889292196007205
2022-11-22,542,542,534,538,64072,-0.012844036697247652
2022-11-23,532,541,529,533,207507,-0.009293680297397744
2022-11-24,539,553,535,553,115124,0.03752345215759845
2022-11-25,553,561,546,546,40468,-0.012658227848101222
2022-11-28,548,557,531,537,97367,-0.016483516483516536
2022-11-29,524,539,524,533,51166,-0.007448789571694592
2022-11-30,533,539,531,534,45788,0.0018761726078799779
2022-12-01,537,550,535,538,65093,0.0074906367041198685
2022-12-02,539,581,538,555,129783,0.03159851301115246
2022-12-05,557,557,543,545,83303,-0.018018018018018056
2022-12-06,549,549,532,532,58830,-0.023853211009174258
2022-12-07,532,638,525,563,4540852,0.05827067669172936
2022-12-08,563,563,547,563,279795,0.0
2022-12-09,569,569,548,556,223382,-0.01243339253996445
2022-12-12,562,562,542,560,240412,0.007194244604316502
2022-12-13,554,583,554,583,148665,0.04107142857142865
2022-12-14,579,595,570,588,200125,0.00857632933104635
2022-12-15,585,603,581,594,125277,0.010204081632652962
2022-12-16,586,593,567,567,108420,-0.045454545454545414
2022-12-19,567,575,561,575,63603,0.014109347442680775
2022-12-20,582,582,561,561,53408,-0.024347826086956514
2022-12-21,555,567,544,551,94789,-0.017825311942959
2022-12-22,547,555,545,555,44210,0.007259528130671544
2022-12-23,555,555,540,543,42192,-0.021621621621621623
2022-12-26,543,546,537,542,47785,-0.0018416206261510082
2022-12-27,541,551,538,547,41649,0.009225092250922495
2022-12-28,555,555,537,544,56826,-0.005484460694698323
2022-12-29,546,546,539,540,37950,-0.007352941176470562
2023-01-02,538,541,534,538,38129,-0.0037037037037036535
2023-01-03,535,543,525,537,94681,-0.0018587360594795044
2023-01-04,532,541,532,532,83273,-0.009310986964618295
2023-01-05,536,543,527,532,98755,0.0
2023-01-06,535,539,529,539,63102,0.013157894736842035
2023-01-09,539,545,537,545,36233,0.011131725417439675
2023-01-10,545,547,540,545,21898,0.0
2023-01-11,545,561,539,549,87843,0.007339449541284404
2023-01-12,549,557,545,555,25194,0.010928961748633892
2023-01-13,555,562,550,560,52178,0.009009009009008917
2023-01-16,559,560,549,553,50696,-0.012499999999999956
2023-01-17,553,559,546,554,49508,0.001808318264014508
2023-01-18,554,554,546,554,34955,0.0
2023-01-19,554,554,545,550,29216,-0.0072202166064981865
2023-01-20,549,555,545,554,65462,0.0072727272727273196
2023-01-25,553,554,549,554,40786,0.0
2023-01-26,550,559,548,552,63681,-0.0036101083032491488
2023-01-27,552,581,549,569,192781,0.030797101449275388
2023-01-30,573,573,560,566,79504,-0.005272407732864637
2023-01-31,565,574,561,563,49752,-0.005300353356890497
2023-02-01,563,573,560,569,54441,0.010657193605683846
2023-02-02,563,600,563,572,342324,0.005272407732864748
2023-02-03,577,581,563,570,104209,-0.0034965034965035446
2023-02-06,570,570,561,562,44933,-0.01403508771929829
2023-02-07,557,570,557,562,56007,0.0
2023-02-08,562,568,555,557,87546,-0.008896797153024938
2023-02-09,563,563,543,553,176484,-0.007181328545781018
2023-02-10,555,555,540,540,110340,-0.023508137432188048
2023-02-13,460,485,378,378,9056389,-0.30000000000000004
2023-02-14,378,384,346,355,4905149,-0.060846560846560815
2023-02-15,357,364,344,350,1273262,-0.014084507042253502
2023-02-16,354,361,348,355,816580,0.014285714285714235
2023-02-17,352,365,349,350,700154,-0.014084507042253502
2023-02-20,350,351,341,343,545674,-0.020000000000000018
2023-02-21,342,348,325,338,993855,-0.014577259475218707
2023-02-22,342,376,334,350,2770198,0.035502958579881616
2023-02-23,353,353,344,347,317940,-0.008571428571428563
2023-02-24,353,359,348,352,313423,0.014409221902017322
2023-02-27,352,352,344,351,214101,-0.0028409090909090606
2023-02-28,349,352,345,352,128979,0.002849002849002913
2023-03-02,352,352,338,352,202254,0.0
2023-03-03,355,359,350,354,248054,0.005681818181818121
2023-03-06,354,358,351,351,234288,-0.008474576271186418
2023-03-07,335,355,335,345,551633,-0.017094017094017144
2023-03-08,345,348,335,340,336576,-0.01449275362318836
2023-03-09,339,357,337,338,210694,-0.00588235294117645
2023-03-10,334,347,332,336,166979,-0.00591715976331364
2023-03-13,331,334,318,322,245997,-0.04166666666666663
2023-03-14,318,323,291,320,450364,-0.006211180124223614
2023-03-15,320,345,315,327,138372,0.02187500000000009
2023-03-16,327,335,316,320,118444,-0.021406727828746197
2023-03-17,325,329,319,325,34019,0.015625
2023-03-20,322,329,317,320,75050,-0.01538461538461533
2023-03-21,320,325,317,320,167345,0.0
2023-03-22,320,376,317,325,1210268,0.015625
2023-03-23,325,333,315,317,400016,-0.024615384615384595
2023-03-24,316,322,313,320,289354,0.009463722397476282
2023-03-27,319,338,317,325,576059,0.015625
2023-03-28,0,0,0,325,0,0.0
2023-03-29,0,0,0,325,0,0.0
2023-03-30,0,0,0,325,0,0.0
2023-03-31,0,0,0,325,0,0.0
2023-04-03,0,0,0,325,0,0.0
2023-04-04,0,0,0,325,0,0.0
2023-04-05,0,0,0,325,0,0.0
2023-04-06,0,0,0,325,0,0.0
2023-04-07,0,0,0,325,0,0.0
2023-04-10,0,0,0,325,0,0.0
2023-04-11,0,0,0,325,0,0.0
2023-04-12,0,0,0,325,0,0.0
2023-04-13,0,0,0,325,0,0.0
2023-04-14,0,0,0,325,0,0.0
2023-04-17,0,0,0,325,0,0.0
2023-04-18,0,0,0,325,0,0.0
2023-04-19,0,0,0,325,0,0.0
2023-04-20,0,0,0,325,0,0.0
2023-04-21,1455,1891,1383,1557,6927549,3.7907692307692304
2023-04-24,1575,2020,1575,2020,1349114,0.29736673089274235
2023-04-25,2470,2625,2265,2625,8920007,0.29950495049504955
2023-04-26,2790,2810,2015,2335,4483849,-0.1104761904761905
2023-04-27,2365,2370,2180,2270,1587447,-0.027837259100642386
2023-04-28,2250,2400,2180,2235,1592205,-0.01541850220264318
2023-05-02,2115,2300,2040,2230,1741684,-0.0022371364653244186
2023-05-03,2275,2295,2200,2235,688803,0.0022421524663676085
2023-05-04,2200,2235,2115,2170,400012,-0.029082774049216997
2023-05-08,2180,2230,2140,2165,328997,-0.0023041474654378336
2023-05-09,2200,2200,2045,2045,208536,-0.05542725173210161
2023-05-10,2050,2175,2025,2125,213327,0.03911980440097795
2023-05-11,2125,2190,2105,2140,185922,0.007058823529411784
2023-05-12,2150,2185,2110,2165,131135,0.011682242990654235
2023-05-15,2135,2170,2055,2170,145238,0.002309468822170979
2023-05-16,2130,2130,2045,2105,307405,-0.02995391705069128
2023-05-17,2060,2115,2050,2085,110161,-0.009501187648456089
2023-05-18,2075,2100,2035,2070,95169,-0.007194244604316502
2023-05-19,2055,2090,1990,2000,151950,-0.033816425120772986
2023-05-22,2030,2090,1940,2080,149746,0.040000000000000036
2023-05-23,2050,2075,2030,2040,75870,-0.019230769230769273
2023-05-24,2020,2080,2000,2040,53099,0.0
2023-05-25,2075,2075,2000,2030,64092,-0.004901960784313708
2023-05-26,2045,2045,1999,2005,50938,-0.012315270935960632
2023-05-30,2000,2030,1983,1983,70955,-0.010972568578553665
2023-05-31,1959,2030,1959,1992,44496,0.004538577912254205
2023-06-01,2000,2025,1960,2015,68806,0.011546184738955745
2023-06-02,2000,2050,1999,1999,73337,-0.007940446650124056
2023-06-05,1999,2040,1950,2020,73076,0.010505252626313188
2023-06-07,2045,2045,1999,1999,40026,-0.010396039603960405
2023-06-08,1999,2020,1991,2005,34505,0.0030015007503751967
2023-06-09,2005,2100,1995,2100,98816,0.04738154613466339
2023-06-12,2110,2170,2050,2160,193943,0.02857142857142847
2023-06-13,2175,2180,2045,2115,136527,-0.02083333333333337
2023-06-14,2135,2145,2015,2015,53381,-0.047281323877068515
2023-06-15,2015,2055,2000,2015,35442,0.0
2023-06-16,2015,2065,2000,2015,29169,0.0
2023-06-19,2015,2100,1960,2065,67390,0.02481389578163773
2023-06-20,2065,2070,2000,2025,42806,-0.01937046004842613
2023-06-21,2025,2065,2000,2000,45173,-0.012345679012345734
2023-06-22,2000,2045,1995,2000,28431,0.0
2023-06-23,2005,2010,1980,1986,30709,-0.007000000000000006
2023-06-26,1986,2000,1973,1997,39828,0.0055387713997985255
2023-06-27,2025,2025,1971,1997,32266,0.0
2023-06-28,1997,2010,1917,1945,38668,-0.026039058587881803
2023-06-29,1945,1972,1913,1921,33540,-0.012339331619537264
2023-06-30,2000,2000,1825,1891,90672,-0.015616866215512726
2023-07-03,1990,1990,1890,1909,40739,0.009518773135906988
2023-07-04,1910,1928,1858,1885,42396,-0.012572027239392325
2023-07-05,1885,1945,1855,1872,75307,-0.006896551724137945
2023-07-06,1840,1872,1787,1800,66391,-0.038461538461538436
2023-07-07,1819,1819,1713,1755,49187,-0.025000000000000022
2023-07-10,1810,1810,1761,1781,29098,0.014814814814814836
2023-07-11,1780,1825,1760,1760,30641,-0.01179112857944975
2023-07-12,1765,1878,1765,1865,91820,0.05965909090909083
2023-07-13,1898,1898,1760,1857,30417,-0.00428954423592498
2023-07-14,1855,1859,1787,1815,52144,-0.022617124394184174
2023-07-17,1815,1816,1788,1802,40176,-0.007162534435261714
2023-07-18,1802,1804,1721,1782,17614,-0.011098779134295245
2023-07-19,1784,1830,1710,1743,28357,-0.02188552188552184
2023-07-20,1739,1775,1650,1706,77823,-0.021227768215720033
2023-07-21,1706,1755,1704,1743,37740,0.021688159437280197
2023-07-24,1747,1797,1743,1757,50179,0.008032128514056325
2023-07-25,1756,1759,1720,1723,58357,-0.019351166761525374
2023-07-26,1671,1734,1579,1652,150343,-0.04120719674985496
2023-07-27,1640,1689,1626,1688,35227,0.021791767554479424
2023-07-28,1679,1845,1664,1788,33898,0.05924170616113744
2023-07-31,1800,1924,1750,1908,74371,0.06711409395973145
2023-08-01,1889,1950,1885,1924,30019,0.008385744234800763
2023-08-02,1950,1950,1883,1883,25286,-0.021309771309771297
2023-08-03,1883,1910,1870,1883,17503,0.0
2023-08-04,1916,1960,1875,1892,38326,0.004779607010090281
2023-08-07,1872,1930,1864,1881,20613,-0.005813953488372103
2023-08-08,1904,1904,1876,1900,21671,0.010101010101010166
2023-08-09,1881,2050,1881,1990,66742,0.047368421052631504
2023-08-10,1990,2155,1990,2120,166294,0.0653266331658291
2023-08-11,2070,2145,2070,2125,35989,0.002358490566037652
2023-08-14,2125,2160,2005,2130,74502,0.0023529411764706687
2023-08-16,2150,2275,2120,2215,185720,0.039906103286385
2023-08-17,2205,2250,2120,2175,71044,-0.018058690744920947
2023-08-18,2165,2210,2085,2085,45430,-0.04137931034482756
2023-08-21,2085,2085,1966,1966,85751,-0.05707434052757798
2023-08-22,1973,2050,1955,1977,17680,0.005595116988809767
2023-08-23,1968,2075,1968,2060,35872,0.04198280222559436
2023-08-24,2060,2090,2030,2070,36471,0.004854368932038833
2023-08-25,2055,2070,1980,2065,42012,-0.0024154589371980784
2023-08-28,2065,2090,1990,2080,57585,0.007263922518159882
2023-08-29,2080,2090,2035,2050,34823,-0.014423076923076872
2023-08-30,2080,2250,2000,2030,292427,-0.009756097560975618
2023-08-31,2080,2080,2000,2040,34098,0.0049261083743843415
2023-09-01,2005,2080,2000,2050,50192,0.004901960784313708
2023-09-04,2050,2075,2000,2060,20473,0.004878048780487809
2023-09-05,2080,2080,2005,2060,41035,0.0
2023-09-06,2070,2070,2030,2060,38300,0.0
2023-09-07,2050,2110,2000,2090,60688,0.014563106796116498
2023-09-08,2050,2200,2025,2140,86649,0.02392344497607657
2023-09-11,2190,2255,2130,2180,57539,0.01869158878504673
2023-09-12,2225,2255,2140,2175,49791,-0.002293577981651418
2023-09-13,2150,2245,2135,2190,36539,0.006896551724137945
2023-09-14,2235,2235,2140,2210,25205,0.009132420091324311
2023-09-15,2240,2255,2175,2225,64812,0.006787330316742057
2023-09-18,2225,2250,2170,2200,14280,-0.011235955056179803
2023-09-19,2200,2240,2115,2240,62123,0.018181818181818077
2023-09-20,2125,2235,2120,2145,15559,-0.0424107142857143
2023-09-21,2145,2235,2000,2045,56490,-0.046620046620046596
2023-09-22,2045,2100,1996,2040,16423,-0.0024449877750610804
2023-09-25,2015,2065,2000,2030,21417,-0.004901960784313708
2023-09-26,2030,2030,1980,1996,32058,-0.016748768472906406
2023-09-27,2000,2055,1980,2015,25243,0.009519038076152286
2023-10-04,2000,2100,2000,2055,37403,0.01985111662531014
2023-10-05,2015,2120,2005,2120,41544,0.031630170316301776
2023-10-06,2110,2125,2060,2120,16123,0.0
2023-10-10,2115,2135,2080,2080,40079,-0.018867924528301883
2023-10-11,2175,2175,2070,2130,29057,0.024038461538461453
2023-10-12,2130,2170,2090,2100,38966,-0.014084507042253502
2023-10-13,2100,2150,2075,2100,42603,0.0
2023-10-16,2100,2160,2080,2105,51498,0.0023809523809523725
2023-10-17,2105,2155,2100,2135,34243,0.014251781472684133
2023-10-18,2160,2160,2110,2150,14675,0.007025761124121788
2023-10-19,2140,2195,2075,2110,60433,-0.018604651162790753
2023-10-20,2155,2155,2050,2090,37132,-0.009478672985781977
2023-10-23,2150,2150,2070,2100,16011,0.004784688995215225
2023-10-24,2090,2160,2080,2155,20495,0.026190476190476097
2023-10-25,2155,2180,2115,2160,13299,0.002320185614849146
2023-10-26,2155,2155,2050,2100,29783,-0.02777777777777779
2023-10-27,2055,2135,2050,2085,64544,-0.0071428571428571175
2023-10-30,2085,2185,2085,2160,22589,0.03597122302158273
2023-10-31,2165,2165,2100,2100,16446,-0.02777777777777779
2023-11-01,2080,2150,2080,2120,11590,0.00952380952380949
2023-11-02,2120,2170,2115,2150,24894,0.014150943396226356
2023-11-03,2150,2200,2140,2160,12391,0.0046511627906977715
2023-11-06,2160,2185,2055,2170,40022,0.004629629629629539
2023-11-07,2175,2175,2060,2155,23206,-0.00691244239631339
2023-11-08,2155,2165,2150,2160,6069,0.002320185614849146
2023-11-09,2130,2205,2120,2195,32455,0.01620370370370372
2023-11-10,2220,2220,2105,2195,13741,0.0
2023-11-13,2175,2210,2145,2195,8580,0.0
2023-11-14,2185,2210,2170,2195,12096,0.0
2023-11-15,2195,2195,2060,2130,30077,-0.029612756264236872
2023-11-16,2130,2130,2020,2085,54641,-0.021126760563380254
2023-11-17,2100,2100,1995,2040,164968,-0.021582733812949617
2023-11-20,2040,2070,1999,2055,14761,0.007352941176470562
2023-11-21,2020,2070,2020,2060,7312,0.0024330900243310083
2023-11-22,2085,2085,2020,2055,13857,-0.0024271844660194164
2023-11-23,2055,2080,2000,2005,35377,-0.024330900243308973
2023-11-24,2005,2115,2005,2085,34368,0.03990024937655856
2023-11-27,2135,2180,2095,2145,55090,0.02877697841726623
2023-11-28,2180,2180,2140,2150,35251,0.002331002331002363
2023-11-29,2140,2175,2125,2165,28257,0.006976744186046435
2023-11-30,2165,2165,2090,2095,19923,-0.0323325635103926
2023-12-01,2125,2125,2090,2115,16125,0.009546539379474916
2023-12-04,2115,2150,2050,2145,26045,0.014184397163120588
2023-12-05,2145,2180,2090,2115,23435,-0.013986013986013957
2023-12-06,2115,2115,2035,2100,144605,-0.007092198581560294
2023-12-07,2100,2140,2050,2100,123904,0.0
2023-12-08,2115,2135,2085,2105,20074,0.0023809523809523725
2023-12-11,2130,2130,2085,2110,46614,0.002375296912114022
2023-12-12,2120,2140,2105,2125,54082,0.007109004739336511
2023-12-13,2140,2140,2075,2105,42705,-0.009411764705882342
2023-12-14,2125,2125,2055,2100,146481,-0.002375296912114022
2023-12-15,2125,2125,2075,2090,47291,-0.004761904761904745
2023-12-18,2100,2115,2075,2095,34842,0.0023923444976077235
2023-12-19,2110,2110,2055,2080,90716,-0.007159904534606243
2023-12-20,2085,2110,2080,2100,138442,0.009615384615384581
2023-12-21,2100,2105,2055,2095,57434,-0.0023809523809523725
2023-12-22,2085,2120,2060,2085,55825,-0.004773269689737458
2023-12-26,2120,2120,2080,2085,29613,0.0
2023-12-27,2120,2120,2080,2105,28934,0.00959232613908867
2023-12-28,2115,2140,2085,2140,30372,0.016627078384798155
2024-01-02,2140,2220,2105,2205,68011,0.030373831775700966
2024-01-03,2190,2190,2155,2160,33732,-0.020408163265306145
2024-01-04,2180,2195,2150,2170,21921,0.004629629629629539
2024-01-05,2170,2295,2040,2200,96729,0.01382488479262678
2024-01-08,2100,2220,2100,2215,45079,0.006818181818181834
2024-01-09,2295,2510,2220,2440,398615,0.10158013544018063
2024-01-10,2430,2605,2310,2415,328574,-0.010245901639344246
2024-01-11,2410,2550,2410,2505,108011,0.037267080745341685
2024-01-12,2505,2545,2450,2485,45932,-0.007984031936127733
2024-01-15,2485,2485,2405,2420,65827,-0.026156941649899346
2024-01-16,2365,2445,2260,2260,117534,-0.06611570247933884
2024-01-17,2265,2290,2205,2280,55559,0.008849557522123908
2024-01-18,2270,2315,2270,2280,29626,0.0
2024-01-19,2300,2320,2250,2300,29882,0.00877192982456143
2024-01-22,2305,2450,2220,2295,48346,-0.0021739130434782483
2024-01-23,2295,2370,2245,2350,41579,0.023965141612200425
2024-01-24,2350,2365,2315,2340,23211,-0.004255319148936176
2024-01-25,2390,2390,2240,2330,15499,-0.004273504273504258
2024-01-26,2330,2355,2280,2330,25329,0.0
2024-01-29,2345,2350,2280,2305,38976,-0.010729613733905574
2024-01-30,2325,2340,2280,2295,10841,-0.004338394793926281
2024-01-31,2325,2325,2275,2300,24711,0.002178649237472685
2024-02-01,2300,2325,2285,2315,32585,0.006521739130434856
2024-02-02,2465,2475,2255,2310,217345,-0.002159827213822907
2024-02-05,2310,2310,2165,2190,79787,-0.051948051948051965
2024-02-06,2190,2260,2160,2195,20329,0.0022831050228311334
2024-02-07,2180,2250,2100,2205,23219,0.004555808656036442
2024-02-08,2210,2215,2105,2195,21460,-0.0045351473922902175
2024-02-13,2210,2210,2155,2200,20667,0.002277904328018332
2024-02-14,2200,2205,2150,2170,29024,-0.013636363636363669
2024-02-15,2170,2190,2120,2155,25671,-0.00691244239631339
2024-02-16,2155,2155,2095,2120,26318,-0.016241299303944357
2024-02-19,2130,2130,2060,2075,27856,-0.021226415094339646
2024-02-20,2070,2090,2055,2075,12557,0.0
2024-02-21,2075,2075,1996,1998,43971,-0.03710843373493977
2024-02-22,2015,2015,1989,2005,19955,0.003503503503503591
2024-02-23,2015,2025,1991,2025,28373,0.009975062344139696
2024-02-26,2025,2185,2015,2150,26733,0.06172839506172845
2024-02-27,2175,2190,2105,2150,28577,0.0
2024-02-28,2150,2185,2120,2155,19933,0.0023255813953488857
2024-02-29,2190,2205,2140,2180,34068,0.011600928074245953
2024-03-04,2215,2300,2110,2170,199086,-0.004587155963302725
2024-03-05,2170,2190,2140,2180,41334,0.004608294930875667
2024-03-06,2180,2215,2145,2210,40742,0.013761467889908285
2024-03-07,2185,2190,2145,2150,44503,-0.02714932126696834
2024-03-08,2140,2150,2120,2145,14581,-0.0023255813953488857
2024-03-11,2145,2300,2110,2230,121459,0.03962703962703973
2024-03-12,2240,2440,2240,2430,922848,0.08968609865470856
2024-03-13,2700,3050,2525,2680,2820738,0.10288065843621408
2024-03-14,2760,3150,2690,3060,2489203,0.14179104477611948
2024-03-15,3105,3485,3040,3455,1688969,0.12908496732026142
2024-03-18,3690,3700,3325,3665,1027702,0.06078147612156304
2024-03-19,3575,3665,3390,3500,474004,-0.04502046384720326
2024-03-20,3455,3800,3310,3795,527718,0.0842857142857143
2024-03-21,3790,4175,3625,4045,711944,0.06587615283267456
2024-03-22,3990,4165,3930,4145,398482,0.024721878862793645
2024-03-25,4145,4160,3920,4120,324531,-0.006031363088057851
2024-03-26,4120,4215,3930,4165,339511,0.010922330097087318
2024-03-27,4220,4225,3950,4020,171976,-0.03481392557022811
2024-03-28,4155,4175,2815,2815,1632135,-0.2997512437810945
2024-03-29,2540,2950,2510,2810,3190893,-0.001776198934280604
2024-04-01,2800,2985,2760,2910,791930,0.03558718861209975
2024-04-02,2920,3000,2825,2960,572570,0.01718213058419238
2024-04-03,2925,3100,2750,2870,680237,-0.030405405405405372
2024-04-04,2865,2865,2580,2805,833056,-0.022648083623693416
2024-04-05,2805,2950,2760,2840,601695,0.012477718360071277
2024-04-08,2840,2845,2615,2660,264951,-0.06338028169014087
2024-04-09,2665,2740,2480,2620,278505,-0.015037593984962405
2024-04-11,2580,2675,2530,2570,227334,-0.01908396946564883
2024-04-12,2570,2645,2530,2635,110959,0.02529182879377423
2024-04-15,2635,2675,2390,2510,252441,-0.04743833017077803
2024-04-16,2495,2590,2440,2490,125336,-0.007968127490039834
2024-04-17,2510,2580,2470,2580,160827,0.03614457831325302
2024-04-18,2545,2715,2505,2630,172413,0.019379844961240345
2024-04-19,2610,2685,2445,2480,192343,-0.057034220532319435
2024-04-22,2480,2665,2370,2440,344112,-0.016129032258064502
2024-04-23,2420,2490,2250,2300,237137,-0.05737704918032782
2024-04-24,2300,2365,2005,2145,1455836,-0.06739130434782614
2024-04-25,2145,2185,2080,2175,211962,0.013986013986013957
2024-04-26,2155,2300,2155,2300,188774,0.05747126436781613
2024-04-29,2280,2355,2200,2300,74928,0.0
2024-04-30,2270,2270,2180,2210,151727,-0.03913043478260869
2024-05-02,2210,2260,1896,1906,786183,-0.1375565610859728
2024-05-03,1907,2040,1907,2005,317936,0.051941238195173156
2024-05-07,2030,2175,1955,2175,449635,0.08478802992518708
2024-05-08,2150,2500,2150,2460,748766,0.13103448275862073
2024-05-09,2455,2635,2375,2390,430712,-0.028455284552845517
2024-05-10,2385,2445,2220,2295,279098,-0.03974895397489542
2024-05-13,2235,2365,2235,2305,177775,0.004357298474945592
2024-05-14,2305,2425,2280,2375,337555,0.030368763557483636
2024-05-16,2460,2870,2320,2670,1298498,0.12421052631578955
2024-05-17,2600,2690,2480,2550,418487,-0.0449438202247191
2024-05-20,2550,2635,2470,2560,509960,0.0039215686274509665
2024-05-21,2510,2560,2350,2560,537889,0.0
2024-05-22,2560,2580,2360,2435,363658,-0.048828125
2024-05-23,2435,2550,2400,2445,169111,0.004106776180698102
2024-05-24,2420,2820,2405,2730,1455772,0.1165644171779141
2024-05-27,2845,3025,2800,2950,1264712,0.08058608058608052
2024-05-28,2890,2935,2785,2875,344730,-0.025423728813559365
2024-05-29,2875,2890,2720,2790,382398,-0.029565217391304355
2024-05-30,2765,2850,2620,2650,204460,-0.05017921146953408
2024-05-31,2730,2780,2620,2620,322187,-0.01132075471698113
2024-06-03,2600,2840,2545,2610,1136292,-0.003816793893129722
2024-06-04,2575,2580,2050,2100,2121398,-0.1954022988505747
2024-06-05,2090,2130,2015,2040,721943,-0.02857142857142858
2024-06-07,2030,2285,2030,2230,923841,0.09313725490196068
2024-06-10,2200,2350,2200,2350,458943,0.053811659192825045
2024-06-11,2300,2390,2080,2095,635750,-0.10851063829787233
2024-06-12,2080,2235,2015,2220,362965,0.059665871121718395
2024-06-13,2215,2260,2105,2140,459670,-0.036036036036036
2024-06-14,2110,2720,2110,2720,2506140,0.2710280373831775
2024-06-17,2670,2745,2565,2645,1341005,-0.02757352941176472
2024-06-18,2640,2740,2600,2655,493167,0.003780718336483968
2024-06-19,2620,2700,2485,2605,486814,-0.01883239171374762
2024-06-20,2605,2650,2455,2455,295901,-0.05758157389635321
2024-06-21,2445,2505,2335,2360,510080,-0.03869653767820769
2024-06-24,2320,2410,2270,2395,202863,0.014830508474576343
2024-06-25,2380,2425,2350,2385,284466,-0.0041753653444676075
2024-06-26,2390,2570,2390,2500,609145,0.048218029350104885
2024-06-27,2490,2610,2415,2590,451982,0.03600000000000003
2024-06-28,2560,2675,2510,2640,1023324,0.019305019305019266
2024-07-01,2605,2620,2210,2390,1453671,-0.09469696969696972
2024-07-02,2385,2880,2355,2790,2282035,0.16736401673640167
2024-07-03,2840,2945,2690,2770,1295484,-0.007168458781361964
2024-07-04,2800,2980,2700,2975,1063049,0.07400722021660644
2024-07-05,3000,3000,2530,2730,1003319,-0.08235294117647063
2024-07-08,2700,3020,2700,2955,1439362,0.08241758241758235
2024-07-09,2930,2930,2715,2770,757676,-0.06260575296108295
2024-07-10,2750,2765,2570,2620,765301,-0.054151624548736454
2024-07-11,2665,2780,2445,2640,1421772,0.007633587786259444
2024-07-12,2570,2705,2460,2655,505751,0.005681818181818121
2024-07-15,2650,2715,2600,2695,442244,0.015065913370998052
2024-07-16,2720,2865,2660,2830,579745,0.05009276437847876
2024-07-17,2785,2930,2735,2915,574736,0.030035335689045928
2024-07-18,2870,2905,2670,2800,612334,-0.03945111492281306
2024-07-19,2735,2920,2665,2810,633199,0.0035714285714285587
2024-07-22,2815,2815,2665,2770,315152,-0.014234875444839812
2024-07-23,2700,2820,2650,2775,342332,0.0018050541516245744
2024-07-24,2740,2795,2660,2660,276418,-0.04144144144144146
2024-07-25,2630,2690,2445,2500,585758,-0.06015037593984962
2024-07-26,2560,2740,2480,2730,499027,0.09200000000000008
2024-07-29,2765,2785,2600,2620,262295,-0.04029304029304026
2024-07-30,2595,2655,2515,2595,222400,-0.009541984732824416
2024-07-31,2570,2570,2395,2440,375771,-0.05973025048169556
2024-08-01,2500,2525,2410,2505,153274,0.026639344262294973
2024-08-02,2500,2500,2315,2410,313315,-0.03792415169660679
2024-08-05,2300,2355,1940,2120,446425,-0.1203319502074689
2024-08-06,2110,2260,2090,2115,317249,-0.002358490566037763
2024-08-07,2090,2205,2035,2100,376445,-0.007092198581560294
2024-08-08,2020,2095,2010,2095,102233,-0.0023809523809523725
2024-08-09,2095,2300,2050,2235,538315,0.06682577565632464
2024-08-12,2205,2300,2195,2285,189311,0.02237136465324374
2024-08-13,2290,2310,2165,2275,180640,-0.004376367614879695
2024-08-14,2285,2465,2260,2440,208386,0.07252747252747249
2024-08-16,2450,2495,2270,2375,261867,-0.026639344262295084
2024-08-19,2355,2500,2310,2390,269800,0.006315789473684275
2024-08-20,2375,2480,2285,2310,308290,-0.03347280334728031
2024-08-21,2310,2525,2265,2505,249093,0.0844155844155845
2024-08-22,2505,2570,2390,2460,127323,-0.017964071856287456
2024-08-23,2440,2520,2330,2400,125184,-0.024390243902439046
2024-08-26,2370,2490,2335,2375,136360,-0.01041666666666663
2024-08-27,2375,2420,2275,2325,124493,-0.021052631578947323
2024-08-28,2300,2435,2260,2340,135167,0.006451612903225712
2024-08-29,2300,2375,2255,2295,119141,-0.019230769230769273
2024-08-30,2250,2310,2220,2260,188691,-0.015250544662309351
2024-09-02,2260,2430,2250,2340,180124,0.03539823008849563
2024-09-03,2345,2420,2235,2285,125667,-0.023504273504273532
2024-09-04,2200,2235,2090,2195,328000,-0.03938730853391681
2024-09-05,2175,2245,2175,2235,103794,0.018223234624145768
2024-09-06,2220,2330,2220,2295,92942,0.02684563758389258
2024-09-09,2280,2480,2245,2420,310888,0.05446623093681913
2024-09-10,2410,2495,2335,2495,283855,0.030991735537190035
2024-09-11,2440,2615,2435,2450,304039,-0.018036072144288595
2024-09-12,2450,2550,2395,2470,137234,0.008163265306122547
2024-09-13,2475,2510,2415,2425,235087,-0.018218623481781382
2024-09-19,2405,2435,2255,2285,204060,-0.057731958762886615
2024-09-20,2285,2400,2230,2390,250451,0.045951859956236296
2024-09-23,2370,2385,2330,2360,61361,-0.012552301255230103
2024-09-24,2350,2400,2260,2305,137169,-0.02330508474576276
2024-09-25,2280,2320,2210,2225,184864,-0.03470715835141003
2024-09-26,2210,2260,2200,2240,92594,0.006741573033707926
2024-09-27,2235,2260,2105,2135,380127,-0.046875
2024-09-30,2105,2125,1985,2030,309464,-0.049180327868852514
2024-10-02,1968,2050,1968,2040,257285,0.0049261083743843415
2024-10-04,2015,2020,1985,2005,168441,-0.01715686274509809
2024-10-07,2005,2010,1925,1965,254079,-0.01995012468827928
2024-10-08,1942,1989,1884,1942,255402,-0.011704834605598013
2024-10-10,1941,1987,1869,1895,393073,-0.024201853759011294
2024-10-11,1880,1985,1863,1953,353247,0.030606860158311378
2024-10-14,1950,1989,1930,1989,145660,0.018433179723502224
2024-10-15,1987,2070,1941,1999,143431,0.005027652086475598
2024-10-16,1990,2015,1961,1997,72296,-0.0010005002501251026
2024-10-17,1977,2205,1977,2140,664874,0.0716074111166749
2024-10-18,2100,2220,2100,2195,192680,0.025700934579439227
2024-10-21,2185,2230,2140,2200,161687,0.002277904328018332
2024-10-22,2190,2195,2145,2185,153363,-0.006818181818181834
2024-10-23,2140,2235,2140,2235,207156,0.022883295194507935
2024-10-24,2230,2230,2155,2200,121818,-0.015659955257270708
2024-10-25,2200,2235,2165,2220,180902,0.009090909090909038
2024-10-28,2205,2215,2140,2210,103385,-0.0045045045045044585
2024-10-29,2190,2205,2145,2185,56616,-0.011312217194570096
2024-10-30,2165,2200,2150,2190,81205,0.0022883295194509046
2024-10-31,2210,2240,2185,2200,111909,0.004566210045662045
2024-11-01,2180,2430,2175,2365,635737,0.07499999999999996
2024-11-04,2345,2360,2150,2250,329619,-0.04862579281183932
2024-11-05,2240,2275,2195,2260,95431,0.004444444444444473
2024-11-06,2240,2280,2200,2265,57843,0.0022123893805310324
2024-11-07,2250,2345,2200,2290,162706,0.011037527593819041
2024-11-08,2225,2300,2190,2295,178755,0.0021834061135370675
2024-11-11,2280,2300,2150,2300,320371,0.002178649237472685
2024-11-12,2280,2380,2260,2340,329701,0.017391304347825987
2024-11-13,2320,2380,2215,2215,172289,-0.05341880341880345
2024-11-14,2200,2270,2075,2185,271800,-0.013544018058690765
2024-11-15,2180,2195,2100,2190,95450,0.0022883295194509046
2024-11-18,2190,2205,2140,2165,166876,-0.011415525114155223
2024-11-19,2165,2260,2105,2165,286247,0.0
2024-11-20,2170,2170,2005,2005,137158,-0.07390300230946878
2024-11-21,2005,2100,2000,2015,151697,0.004987531172069737
2024-11-22,2010,2140,2010,2090,200288,0.037220843672456594
2024-11-25,2090,2120,1994,2080,167731,-0.004784688995215336
2024-11-26,2080,2160,2025,2150,191834,0.033653846153846256
2024-11-27,2130,2185,2110,2140,102025,-0.0046511627906976605
2024-11-28,2135,2410,2135,2340,628776,0.09345794392523366
2024-11-29,2345,2390,2245,2320,210946,-0.008547008547008517
2024-12-02,2255,2320,2220,2295,120869,-0.010775862068965525
2024-12-03,2275,2350,2185,2245,201199,-0.02178649237472763
2024-12-04,2240,2245,2100,2220,171512,-0.011135857461024523
2024-12-05,2200,2230,2130,2165,96662,-0.024774774774774744
2024-12-06,2130,2190,2050,2170,114387,0.002309468822170979
2024-12-09,2165,2195,2095,2170,117303,0.0
2024-12-10,2100,2300,2100,2240,129030,0.032258064516129004
2024-12-11,2270,2470,2240,2410,471455,0.0758928571428572
2024-12-12,2390,2495,2315,2440,400911,0.012448132780082943
2024-12-13,2460,2500,2430,2480,244606,0.016393442622950838
2024-12-16,2480,2535,2370,2430,371201,-0.020161290322580627
2024-12-17,2430,2490,2340,2430,277434,0.0
2024-12-18,2405,2490,2320,2380,332451,-0.020576131687242816
2024-12-19,2305,2400,2305,2370,251013,-0.004201680672268893
2024-12-20,2355,2375,2220,2310,391157,-0.025316455696202556
2024-12-23,2290,2350,2245,2300,121856,-0.0043290043290042934
2024-12-24,2325,2325,2210,2290,105665,-0.004347826086956497
2024-12-26,2330,2330,2100,2125,175063,-0.07205240174672489
2024-12-27,2120,2210,2075,2185,149727,0.028235294117647136
2024-12-30,2130,2200,2090,2165,92631,-0.009153318077803174
2025-01-02,2125,2180,2065,2155,90005,-0.004618937644341847
2025-01-03,2155,2155,2050,2090,203000,-0.030162412993039456
2025-01-06,2070,2105,1990,2030,199204,-0.028708133971291905
2025-01-07,2050,2180,2015,2180,226872,0.07389162561576357
2025-01-08,2180,2210,2120,2160,116555,-0.00917431192660545
2025-01-09,2150,2185,2100,2175,46566,0.00694444444444442
2025-01-10,2195,2195,2110,2150,80682,-0.011494252873563204
2025-01-13,2150,2150,1960,2065,137412,-0.03953488372093028
2025-01-14,2065,2085,2040,2080,37669,0.007263922518159882
2025-01-15,2080,2120,2040,2070,32358,-0.004807692307692291
2025-01-16,2090,2090,2000,2005,145703,-0.03140096618357491
2025-01-17,2035,2035,1865,1965,256170,-0.01995012468827928
2025-01-20,1960,2000,1950,1978,63129,0.00661577608142494
2025-01-21,1967,1992,1921,1969,107796,-0.0045500505561172355
2025-01-22,1964,1998,1893,1918,139053,-0.02590147282884714
2025-01-23,1918,1918,1555,1773,2250654,-0.07559958289885294
2025-01-24,1950,2265,1773,2200,3647471,0.2408347433728144
2025-01-31,2265,2345,2040,2295,965449,0.04318181818181821
2025-02-03,2315,2640,2315,2465,1542173,0.07407407407407418
2025-02-04,2395,2530,2320,2480,647543,0.006085192697768749
2025-02-05,2445,2625,2415,2590,657475,0.04435483870967749
2025-02-06,2590,2630,2505,2560,308235,-0.01158301158301156
2025-02-07,2560,2585,2405,2555,247875,-0.001953125
2025-02-10,2555,2650,2520,2570,199288,0.005870841487279899
2025-02-11,2510,2570,2370,2390,368482,-0.07003891050583655
2025-02-12,2390,2490,2350,2395,433083,0.0020920502092049986
2025-02-13,2360,2390,2180,2270,558863,-0.05219206680584554
2025-02-14,2270,2330,2195,2195,166990,-0.033039647577092546
2025-02-17,2160,2210,2060,2070,572487,-0.056947608200455635
2025-02-18,2070,2240,2000,2240,341328,0.08212560386473422
2025-02-19,2300,2300,2135,2155,212779,-0.0379464285714286
2025-02-20,2155,2245,2060,2175,258430,0.009280742459396807
2025-02-21,2225,2535,2125,2440,1423310,0.12183908045977021
2025-02-24,2455,2455,2250,2345,433626,-0.03893442622950816
2025-02-25,2320,2450,2240,2395,268761,0.021321961620469176
2025-02-26,2405,2455,2300,2415,236402,0.008350730688935215
2025-02-27,2410,2495,2385,2485,181204,0.02898550724637672
2025-02-28,2480,2540,2435,2510,299594,0.010060362173038184
2025-03-04,2545,2580,2435,2515,327121,0.0019920318725099584
2025-03-05,2540,2540,2260,2300,369371,-0.08548707753479123
2025-03-06,2295,2370,2200,2200,197271,-0.04347826086956519
2025-03-07,2165,2245,2165,2200,98819,0.0
2025-03-10,2270,2340,2185,2215,184047,0.006818181818181834
2025-03-11,2180,2295,2150,2280,119943,0.02934537246049662
2025-03-12,2285,2290,2215,2260,90257,-0.00877192982456143
2025-03-13,2245,2280,2120,2160,364513,-0.04424778761061943
2025-03-14,2030,2210,1985,2210,382110,0.02314814814814814
2025-03-17,2200,2255,2125,2220,234609,0.004524886877828038
2025-03-18,2220,2245,2150,2200,138583,-0.009009009009009028
2025-03-19,2215,2215,2125,2170,132023,-0.013636363636363669
2025-03-20,2155,2170,2070,2070,181604,-0.04608294930875578
2025-03-21,2070,2115,2000,2080,180290,0.004830917874396157
2025-03-24,2085,2095,2025,2090,49960,0.004807692307692291
2025-03-25,2070,2105,2000,2085,131908,-0.0023923444976076125
2025-03-26,2100,2170,2060,2125,146572,0.01918465227817756
2025-03-27,2140,2140,2040,2075,98196,-0.02352941176470591
2025-03-28,2075,2085,2015,2075,103114,0.0
2025-03-31,2025,2135,2025,2035,103826,-0.01927710843373498
2025-04-01,2080,2140,2075,2135,155662,0.0491400491400491
2025-04-02,2110,2155,2050,2125,127024,-0.004683840749414525
2025-04-03,2150,2150,2045,2075,138565,-0.02352941176470591
2025-04-04,2060,2090,1999,2060,184996,-0.0072289156626506035
2025-04-07,2070,2070,1950,1999,113930,-0.029611650485436902
2025-04-08,2005,2035,1972,2030,110578,0.015507753876938368
2025-04-09,2015,2070,1998,2000,213468,-0.014778325123152691
2025-04-10,2040,2050,1995,2030,75467,0.014999999999999902
2025-04-11,2030,2150,2030,2115,141447,0.041871921182266014
2025-04-14,2145,2145,2000,2055,200007,-0.028368794326241176
2025-04-15,2055,2080,1997,2040,164325,-0.007299270072992692
2025-04-16,2025,2075,2020,2020,62265,-0.009803921568627416
2025-04-17,2000,2110,2000,2095,122459,0.03712871287128716
2025-04-18,2075,2110,1998,2045,290564,-0.023866348448687402
2025-04-21,2060,2300,2055,2255,1554162,0.10268948655256716
2025-04-22,2250,2355,2225,2265,379464,0.0044345898004434225
2025-04-23,2320,2410,2225,2305,565410,0.017660044150110465
2025-04-24,2305,2335,2205,2325,229849,0.008676789587852562
2025-04-25,2305,2370,2200,2300,410784,-0.010752688172043001
2025-04-28,2305,2405,2265,2295,484918,-0.0021739130434782483
2025-04-29,2330,2350,2285,2345,182766,0.02178649237472774
2025-04-30,2345,2480,2310,2350,556823,0.002132196162046851
2025-05-02,2355,2395,2230,2360,374837,0.004255319148936065
2025-05-07,2395,2640,2390,2545,1346857,0.07838983050847448
2025-05-08,2545,2545,2405,2405,427040,-0.05500982318271119
2025-05-09,2410,2445,2320,2385,414719,-0.008316008316008316
2025-05-12,2400,2500,2360,2440,347517,0.023060796645702375
2025-05-13,2445,2770,2260,2710,3599635,0.11065573770491799
2025-05-14,2660,3260,2530,2725,24639435,0.005535055350553542
2025-05-15,2885,2995,2600,2665,13407944,-0.022018348623853212
2025-05-16,2630,2630,2415,2515,3179084,-0.05628517823639778
2025-05-19,2475,2480,2240,2280,1862249,-0.09343936381709739
2025-05-20,2240,2400,2105,2330,2283171,0.021929824561403466
2025-05-21,2320,2345,2240,2240,794808,-0.03862660944206009
2025-05-22,2240,2245,2140,2165,621027,-0.033482142857142905
2025-05-23,2150,2215,2100,2185,740713,0.009237875288683695
2025-05-26,2210,2285,2110,2180,491323,-0.0022883295194507935
2025-05-27,2160,2210,2130,2170,397825,-0.004587155963302725
2025-05-28,2150,2300,2150,2250,554842,0.03686635944700467
2025-05-29,2270,2295,2210,2265,430419,0.006666666666666599
2025-05-30,2260,2330,2205,2320,592038,0.024282560706401668
2025-06-02,2330,2355,2235,2250,489904,-0.030172413793103425
2025-06-04,2280,2300,2195,2230,395369,-0.008888888888888835
2025-06-05,2250,2360,2195,2320,752483,0.04035874439461873
2025-06-09,2235,2410,2205,2360,642808,0.01724137931034475
2025-06-10,2395,2395,2280,2350,392701,-0.004237288135593209
2025-06-11,2310,2495,2310,2400,969502,0.02127659574468077
2025-06-12,2415,2415,2340,2350,332991,-0.02083333333333337
2025-06-13,2340,2465,2310,2355,585993,0.0021276595744681437
2025-06-16,2330,2520,2325,2490,637143,0.0573248407643312
2025-06-17,2490,2515,2435,2465,470334,-0.010040160642570295
2025-06-18,2465,2465,2330,2350,564183,-0.04665314401622722
2025-06-19,2355,2485,2290,2440,526922,0.038297872340425476
2025-06-20,2440,2550,2400,2470,418973,0.012295081967213184
2025-06-23,2405,2430,2355,2355,194855,-0.046558704453441346
2025-06-24,2340,2405,2260,2310,478504,-0.019108280254777066
2025-06-25,2280,2375,2270,2360,196742,0.02164502164502169
2025-06-26,2385,2420,2150,2265,402903,-0.0402542372881356
2025-06-27,2265,2265,2160,2215,356505,-0.02207505518763797
2025-06-30,2215,2340,2170,2205,390585,-0.004514672686230292
2025-07-01,2220,2240,2155,2235,166616,0.013605442176870763
2025-07-02,2200,2260,2150,2245,268439,0.004474272930648837
2025-07-03,2280,2280,2215,2235,150666,-0.0044543429844098315
2025-07-04,2220,2295,2200,2200,238317,-0.015659955257270708
2025-07-07,2260,2280,2180,2210,263136,0.00454545454545463
2025-07-08,2210,2245,2035,2175,316321,-0.015837104072398245
2025-07-09,2200,2330,2145,2265,312220,0.04137931034482767
2025-07-10,2235,2350,2170,2180,605133,-0.03752759381898452
2025-07-11,2200,2200,2055,2055,592068,-0.05733944954128445
2025-07-14,2040,2065,1950,2035,473781,-0.009732360097323589
2025-07-15,2040,2045,1935,1990,330494,-0.02211302211302213
2025-07-16,1995,1995,1925,1934,230027,-0.028140703517587906
2025-07-17,1934,1995,1930,1951,254977,0.00879007238883145
2025-07-18,1952,2010,1925,1932,234373,-0.009738595592004073
2025-07-21,1932,1940,1901,1903,175821,-0.015010351966873725
2025-07-22,1900,1925,1830,1910,369085,0.0036784025223330907
2025-07-23,1910,1920,1861,1904,129427,-0.003141361256544517
2025-07-24,1890,2030,1880,2010,356664,0.05567226890756305
2025-07-25,1976,2005,1877,1933,291345,-0.038308457711442756
2025-07-28,1930,1949,1908,1926,126227,-0.0036213140196585947
2025-07-29,1926,2060,1908,2060,300859,0.06957424714434057
2025-07-30,2020,2040,1551,1686,1859317,-0.18155339805825244
2025-07-31,1700,1820,1652,1724,921005,0.022538552787663146
2025-08-01,1650,1700,1550,1694,827002,-0.01740139211136893
2025-08-04,1694,1822,1694,1785,414752,0.05371900826446274
2025-08-05,1820,1820,1704,1729,363886,-0.03137254901960784
2025-08-06,1728,1728,1670,1692,194489,-0.02139965297860036
2025-08-07,1692,1705,1661,1676,153120,-0.009456264775413725
2025-08-08,1654,1704,1605,1618,351110,-0.034606205250596656
2025-08-11,1600,1635,1572,1598,150704,-0.012360939431396822
2025-08-12,1562,1617,1520,1533,466145,-0.0406758448060075
2025-08-13,1560,1568,1512,1535,152864,0.001304631441617854
2025-08-14,1530,1554,1450,1538,327416,0.00195439739413672
2025-08-18,1525,1591,1501,1565,410318,0.017555266579974083
2025-08-19,1565,1568,1486,1531,551613,-0.021725239616613434
2025-08-20,1517,1783,1415,1740,2422960,0.1365120836054865
2025-08-21,1720,1910,1661,1866,1853803,0.07241379310344831
2025-08-22,1871,1920,1767,1767,559957,-0.05305466237942125
2025-08-25,1830,2225,1830,1986,6971777,0.12393887945670623
2025-08-26,1984,1985,1719,1787,1497983,-0.10020140986908355
2025-08-27,1864,1995,1797,1880,1438975,0.052042529378847124
2025-08-28,1880,1924,1771,1801,589168,-0.04202127659574473
2025-08-29,1805,2010,1805,1887,2012436,0.0477512493059411
2025-09-01,1850,1869,1768,1815,367780,-0.038155802861685184
2025-09-02,1791,1943,1772,1842,744676,0.014876033057851235
2025-09-03,1838,1838,1704,1750,496899,-0.04994571118349622
2025-09-04,1732,1786,1675,1770,937721,0.011428571428571344
2025-09-05,1880,1911,1751,1767,855867,-0.0016949152542372614
2025-09-08,1767,2160,1755,2120,4583999,0.19977362761743067
2025-09-09,2220,2440,2165,2370,7192251,0.11792452830188682
2025-09-10,2350,2375,2230,2350,1770811,-0.008438818565400852
2025-09-11,2460,2460,2260,2345,1933970,-0.0021276595744680327
2025-09-12,2360,2365,2050,2140,1452143,-0.08742004264392322
2025-09-15,2145,2195,2000,2045,1309375,-0.04439252336448596
2025-09-16,1900,2135,1887,2090,2958971,0.022004889975550057
2025-09-17,2040,2125,1979,2040,2490469,-0.02392344497607657
2025-09-18,2010,2015,1906,1906,904421,-0.06568627450980391
2025-09-19,1910,1915,1809,1815,810975,-0.04774396642182577
2025-09-22,0,0,0,1815,0,0.0
2025-09-23,1700,1790,1382,1430,6179249,-0.21212121212121215
2025-09-24,1449,1480,1001,1001,20101876,-0.30000000000000004
2025-09-25,1001,1027,911,924,6759516,-0.07692307692307687
2025-09-26,898,940,826,831,5271655,-0.10064935064935066
2025-09-29,819,860,753,754,4762206,-0.09265944645006019
2025-09-30,790,980,780,980,14428684,0.29973474801061006
2025-10-01,1200,1274,1090,1274,28515762,0.30000000000000004
2025-10-02,1350,1544,1106,1128,23159917,-0.11459968602825743
2025-10-10,1130,1169,978,983,5307299,-0.1285460992907801
2025-10-13,984,1080,919,1000,4737194,0.01729399796541209
2025-10-14,935,989,921,921,2701023,-0.07899999999999996
2025-10-15,922,932,810,835,3870374,-0.09337676438653641
