Date,Open,High,Low,Close,Volume,Change
2022-01-03,1995,1995,1990,1995,102,0.0
2022-01-04,2000,2200,2000,2200,5611,0.10275689223057638
2022-01-05,2200,2400,2200,2400,13172,0.09090909090909083
2022-01-06,2500,2600,2500,2590,9630,0.07916666666666661
2022-01-07,2500,2590,2325,2590,532,0.0
2022-01-10,2485,2485,2485,2485,0,-0.04054054054054057
2022-01-11,2305,2395,2305,2330,1341,-0.06237424547283699
2022-01-12,2475,2475,2470,2470,4281,0.06008583690987135
2022-01-13,2470,2470,2300,2400,6772,-0.028340080971659964
2022-01-14,2390,2390,2390,2390,0,-0.004166666666666652
2022-01-17,2380,2380,2300,2300,2901,-0.03765690376569042
2022-01-18,2300,2380,2300,2380,410,0.034782608695652195
2022-01-19,2300,2300,2300,2300,1230,-0.03361344537815125
2022-01-20,2300,2400,2300,2400,421,0.04347826086956519
2022-01-21,2400,2500,2400,2500,11,0.04166666666666674
2022-01-24,2500,2500,2290,2300,4073,-0.07999999999999996
2022-01-25,2380,2380,2200,2300,2778,0.0
2022-01-26,2295,2300,2295,2300,101,0.0
2022-01-27,2300,2380,2300,2380,11,0.034782608695652195
2022-01-28,2400,2400,2400,2400,1,0.008403361344537785
2022-02-03,2380,2500,2380,2500,2391,0.04166666666666674
2022-02-04,2400,2400,2400,2400,0,-0.040000000000000036
2022-02-07,2500,2500,2300,2495,3,0.039583333333333304
2022-02-08,2390,2390,2390,2390,0,-0.04208416833667339
2022-02-09,2500,2500,2500,2500,102,0.046025104602510414
2022-02-10,2500,2500,2500,2500,1,0.0
2022-02-11,2600,2600,2300,2500,24,0.0
2022-02-14,2500,2500,2500,2500,0,0.0
2022-02-15,2345,2345,2345,2345,0,-0.062000000000000055
2022-02-16,2300,2500,2300,2495,208,0.06396588486140731
2022-02-17,2495,2495,2300,2400,554,-0.038076152304609256
2022-02-18,2600,2600,2500,2500,31,0.04166666666666674
2022-02-21,2470,2470,2470,2470,5,-0.01200000000000001
2022-02-22,2500,2500,2470,2470,85,0.0
2022-02-23,2470,2470,2460,2460,451,-0.004048582995951455
2022-02-24,2460,2460,2460,2460,0,0.0
2022-02-25,2300,2825,2300,2400,103,-0.024390243902439046
2022-02-28,2300,2385,2300,2385,5415,-0.006249999999999978
2022-03-02,2375,2375,2375,2375,33,-0.004192872117400381
2022-03-03,2245,2600,2245,2500,2561,0.05263157894736836
2022-03-04,2700,2700,2500,2580,1087,0.03200000000000003
2022-03-07,2600,2600,2590,2590,30,0.003875968992248069
2022-03-08,2680,2680,2680,2680,1,0.03474903474903468
2022-03-10,2690,2690,2690,2690,10,0.003731343283582156
2022-03-11,2690,2690,2690,2690,0,0.0
2022-03-14,2500,2500,2500,2500,3117,-0.07063197026022305
2022-03-15,2490,2490,2490,2490,0,-0.0040000000000000036
2022-03-16,2400,2480,2400,2400,2279,-0.03614457831325302
2022-03-17,2400,2700,2400,2585,5673,0.07708333333333339
2022-03-18,2500,2600,2400,2500,1000,-0.03288201160541582
2022-03-21,2490,2490,2490,2490,10,-0.0040000000000000036
2022-03-22,2400,2500,2400,2500,290,0.004016064257028162
2022-03-23,2415,2700,2415,2600,1900,0.040000000000000036
2022-03-24,2500,2500,2400,2400,4204,-0.07692307692307687
2022-03-25,2300,2760,2300,2500,4418,0.04166666666666674
2022-03-28,2500,2600,2400,2500,4145,0.0
2022-03-29,2400,2450,2400,2450,2877,-0.020000000000000018
2022-03-30,2450,2450,2335,2450,4037,0.0
2022-03-31,2370,2500,2360,2370,1334,-0.03265306122448974
2022-04-01,2485,2485,2385,2475,1318,0.044303797468354444
2022-04-04,2495,2495,2315,2490,18,0.0060606060606061
2022-04-05,2360,2495,2360,2410,38,-0.032128514056224855
2022-04-06,2400,2450,2400,2445,351,0.014522821576763434
2022-04-07,2350,2440,2335,2400,7818,-0.018404907975460127
2022-04-08,2495,2590,2470,2590,4222,0.07916666666666661
2022-04-11,2450,2600,2450,2595,7192,0.0019305019305020377
2022-04-12,2500,2600,2500,2500,13,-0.036608863198458574
2022-04-13,2450,2600,2450,2595,3753,0.038000000000000034
2022-04-14,2600,2605,2600,2600,1685,0.0019267822736031004
2022-04-15,2560,2990,2560,2900,10796,0.11538461538461542
2022-04-18,2900,3100,2700,2895,3511,-0.0017241379310344307
2022-04-19,2800,3325,2800,3310,32593,0.14335060449050085
2022-04-20,3580,3580,2825,2855,25197,-0.13746223564954685
2022-04-21,2800,2900,2800,2900,6310,0.015761821366024442
2022-04-22,2805,3100,2805,2950,38,0.01724137931034475
2022-04-25,2940,2940,2940,2940,1,-0.003389830508474523
2022-04-26,3345,3345,2710,3285,17,0.11734693877551017
2022-04-27,2850,3100,2850,3100,506,-0.05631659056316596
2022-04-28,3100,3200,2730,2830,1825,-0.08709677419354833
2022-04-29,2900,2900,2755,2900,7,0.02473498233215543
2022-05-02,2800,2800,2700,2705,25,-0.0672413793103448
2022-05-03,2900,2900,2700,2700,17,-0.001848428835489857
2022-05-04,2700,2800,2605,2800,2253,0.03703703703703698
2022-05-06,2700,2900,2700,2870,1001,0.02499999999999991
2022-05-09,2870,2870,2865,2865,820,-0.0017421602787456303
2022-05-10,2700,3290,2700,3195,67,0.11518324607329844
2022-05-11,2900,3000,2900,2995,22,-0.06259780907668233
2022-05-12,2800,3000,2800,2800,1281,-0.06510851419031716
2022-05-13,2900,2900,2900,2900,10,0.03571428571428581
2022-05-16,2900,2900,2900,2900,1,0.0
2022-05-17,3000,3315,3000,3100,1839,0.06896551724137923
2022-05-18,3010,3300,3005,3005,6021,-0.030645161290322576
2022-05-19,3300,3300,3000,3000,2,-0.0016638935108153063
2022-05-20,3000,3000,2615,2900,968,-0.033333333333333326
2022-05-23,2800,3335,2800,3100,4503,0.06896551724137923
2022-05-24,3475,3475,2810,3195,26,0.030645161290322687
2022-05-25,3200,3200,2900,3100,1548,-0.029733959311424085
2022-05-26,3200,3200,2955,3100,748,0.0
2022-05-27,3000,3100,3000,3100,189,0.0
2022-05-30,3100,3560,3100,3555,9372,0.14677419354838706
2022-05-31,3700,3700,3210,3500,64,-0.015471167369901506
2022-06-02,3595,3600,3100,3495,2006,-0.0014285714285714457
2022-06-03,3400,3495,3200,3495,9578,0.0
2022-06-07,3200,3490,3005,3120,4395,-0.10729613733905574
2022-06-08,2755,3300,2755,3300,14353,0.05769230769230771
2022-06-09,3300,3300,3000,3300,3248,0.0
2022-06-10,3300,3300,3300,3300,2750,0.0
2022-06-13,3115,3395,3115,3165,2350,-0.040909090909090895
2022-06-14,3100,3160,3100,3160,11,-0.0015797788309637184
2022-06-15,2955,3160,2955,3160,131,0.0
2022-06-16,3195,3195,2800,3140,2765,-0.006329113924050667
2022-06-17,3085,3085,3085,3085,0,-0.017515923566879033
2022-06-20,3080,3100,2900,3100,5797,0.004862236628849326
2022-06-21,3000,3100,3000,3100,1041,0.0
2022-06-22,3100,3100,3100,3100,0,0.0
2022-06-23,3095,3095,3095,3095,0,-0.001612903225806428
2022-06-24,3090,3090,3090,3090,0,-0.001615508885298822
2022-06-27,3100,3100,3095,3095,20,0.0016181229773462036
2022-06-28,3100,3100,2900,3000,930,-0.030694668820678506
2022-06-29,3000,3000,3000,3000,10,0.0
2022-06-30,3090,3295,2920,3100,989,0.03333333333333344
2022-07-01,3290,3290,3290,3290,489,0.06129032258064515
2022-07-04,3005,3190,3005,3190,1822,-0.03039513677811545
2022-07-05,3200,3200,3000,3000,151,-0.059561128526645746
2022-07-06,3000,3000,3000,3000,0,0.0
2022-07-07,3000,3300,2910,3300,1884,0.10000000000000009
2022-07-08,3395,3790,3195,3790,1152,0.14848484848484844
2022-07-11,3895,3895,3255,3595,6770,-0.05145118733509235
2022-07-12,3400,3450,3105,3400,3386,-0.05424200278164115
2022-07-13,3395,3400,3300,3400,1881,0.0
2022-07-14,3400,3900,3400,3900,2161,0.1470588235294117
2022-07-15,4000,4000,3950,3990,3833,0.023076923076922995
2022-07-18,0,0,0,3990,0,0.0
2022-07-19,0,0,0,3990,0,0.0
2022-07-20,0,0,0,3990,0,0.0
2022-07-21,0,0,0,3990,0,0.0
2022-07-22,0,0,0,3990,0,0.0
2022-07-25,0,0,0,3990,0,0.0
2022-07-26,0,0,0,3990,0,0.0
2022-07-27,0,0,0,3990,0,0.0
2022-07-28,0,0,0,3990,0,0.0
2022-07-29,0,0,0,3990,0,0.0
2022-08-01,0,0,0,3990,0,0.0
2022-08-02,0,0,0,3990,0,0.0
2022-08-03,0,0,0,3990,0,0.0
2022-08-04,0,0,0,3990,0,0.0
2022-08-05,1600,1600,1360,1480,7992,-0.6290726817042607
2022-08-08,1430,1430,1430,1430,0,-0.03378378378378377
2022-08-09,1400,1400,1395,1395,1001,-0.02447552447552448
2022-08-10,1300,1395,1300,1395,4910,0.0
2022-08-11,1395,1395,1390,1395,3250,0.0
2022-08-12,1395,1400,1340,1355,6936,-0.028673835125448077
2022-08-16,1465,1465,1465,1465,1,0.08118081180811809
2022-08-17,1465,1465,1455,1455,1837,-0.0068259385665528916
2022-08-18,1455,1470,1450,1455,19156,0.0
2022-08-19,1455,1470,1455,1470,7100,0.010309278350515427
2022-08-22,1465,1465,1465,1465,0,-0.003401360544217691
2022-08-23,1310,1400,1300,1340,13617,-0.08532423208191131
2022-08-24,1345,1450,1345,1360,3000,0.014925373134328401
2022-08-25,1445,1445,1380,1380,3,0.014705882352941124
2022-08-26,1380,1495,1380,1495,807,0.08333333333333326
2022-08-29,1440,1440,1440,1440,600,-0.03678929765886285
2022-08-30,1650,1650,1410,1410,2225,-0.02083333333333337
2022-08-31,1615,1615,1430,1430,502,0.014184397163120588
2022-09-01,1500,1500,1500,1500,1,0.04895104895104896
2022-09-02,1540,1540,1415,1415,1555,-0.05666666666666664
2022-09-05,1425,1425,1425,1425,2,0.007067137809187329
2022-09-06,1530,1530,1420,1420,3,-0.0035087719298245723
2022-09-07,1420,1500,1420,1500,47,0.05633802816901401
2022-09-08,1520,1520,1510,1510,11,0.006666666666666599
2022-09-13,1500,1500,1500,1500,0,-0.0066225165562914245
2022-09-14,1400,1400,1400,1400,1,-0.06666666666666665
2022-09-15,1600,1600,1400,1450,314,0.03571428571428581
2022-09-16,1405,1405,1405,1405,0,-0.03103448275862064
2022-09-19,1405,1405,1405,1405,0,0.0
2022-09-20,1490,1490,1490,1490,2,0.06049822064056931
2022-09-21,1470,1470,1470,1470,0,-0.01342281879194629
2022-09-22,1470,1470,1470,1470,0,0.0
2022-09-23,1470,1470,1470,1470,0,0.0
2022-09-26,1470,1470,1470,1470,0,0.0
2022-09-27,1500,1500,1500,1500,1,0.020408163265306145
2022-09-28,1480,1480,1480,1480,3,-0.013333333333333308
2022-09-29,1500,1500,1500,1500,1,0.013513513513513598
2022-09-30,1600,1600,1400,1500,4,0.0
2022-10-04,1495,1495,1495,1495,0,-0.0033333333333332993
2022-10-05,1485,1485,1485,1485,0,-0.006688963210702337
2022-10-06,1480,1480,1480,1480,0,-0.0033670033670033517
2022-10-07,1480,1480,1480,1480,0,0.0
2022-10-11,1400,1500,1400,1500,10,0.013513513513513598
2022-10-12,1300,1400,1275,1350,4321,-0.09999999999999998
2022-10-13,1160,1230,1150,1230,8972,-0.0888888888888889
2022-10-14,1200,1200,1200,1200,0,-0.024390243902439046
2022-10-17,1200,1200,1200,1200,4441,0.0
2022-10-18,1200,1200,1200,1200,5010,0.0
2022-10-19,1250,1250,1250,1250,1,0.04166666666666674
2022-10-20,1250,1250,1250,1250,0,0.0
2022-10-21,1250,1250,1250,1250,0,0.0
2022-10-24,1250,1250,1250,1250,0,0.0
2022-10-25,1235,1235,1235,1235,0,-0.01200000000000001
2022-10-26,1100,1230,1100,1200,15584,-0.028340080971659964
2022-10-27,1200,1200,1200,1200,0,0.0
2022-10-28,1200,1200,1200,1200,0,0.0
2022-10-31,1200,1200,1200,1200,0,0.0
2022-11-01,1200,1200,1200,1200,0,0.0
2022-11-02,1200,1200,1200,1200,0,0.0
2022-11-03,1200,1200,1200,1200,0,0.0
2022-11-04,1200,1200,1200,1200,0,0.0
2022-11-07,1200,1300,1200,1300,11,0.08333333333333326
2022-11-08,1285,1285,1285,1285,0,-0.011538461538461497
2022-11-09,1300,1300,1300,1300,1,0.011673151750972721
2022-11-10,1295,1295,1295,1295,0,-0.0038461538461538325
2022-11-11,1275,1275,1275,1275,0,-0.015444015444015413
2022-11-14,1295,1295,1295,1295,1,0.015686274509803866
2022-11-15,1300,1300,1300,1300,1,0.0038610038610038533
2022-11-16,1295,1295,1295,1295,0,-0.0038461538461538325
2022-11-17,1110,1300,1110,1295,22,0.0
2022-11-18,1295,1295,1295,1295,0,0.0
2022-11-21,1295,1295,1295,1295,0,0.0
2022-11-22,1300,1300,1300,1300,1,0.0038610038610038533
2022-11-23,1300,1300,1300,1300,0,0.0
2022-11-24,1390,1390,1390,1390,1,0.0692307692307692
2022-11-25,1300,1300,1300,1300,0,-0.06474820143884896
2022-11-28,1295,1295,1295,1295,0,-0.0038461538461538325
2022-11-29,1295,1295,1295,1295,0,0.0
2022-11-30,1285,1285,1285,1285,0,-0.007722007722007707
2022-12-01,1300,1300,1300,1300,1,0.011673151750972721
2022-12-02,1190,1190,1190,1190,0,-0.08461538461538465
2022-12-05,1300,1300,1300,1300,1,0.09243697478991586
2022-12-06,1300,1300,1300,1300,0,0.0
2022-12-07,1250,1250,1250,1250,0,-0.038461538461538436
2022-12-08,1290,1290,1290,1290,1,0.03200000000000003
2022-12-09,1285,1285,1285,1285,0,-0.003875968992248069
2022-12-12,1250,1250,1250,1250,0,-0.027237354085603127
2022-12-13,1300,1300,1070,1200,1503,-0.040000000000000036
2022-12-14,1025,1200,1020,1165,3866,-0.029166666666666674
2022-12-15,1165,1165,1165,1165,0,0.0
2022-12-16,1185,1185,1185,1185,5428,0.01716738197424883
2022-12-19,1180,1180,1180,1180,0,-0.00421940928270037
2022-12-20,1200,1200,1185,1185,2,0.004237288135593209
2022-12-21,1190,1190,1010,1190,3,0.00421940928270037
2022-12-22,1185,1185,1185,1185,0,-0.004201680672268893
2022-12-23,1195,1195,1010,1010,60,-0.14767932489451474
2022-12-26,1150,1150,1125,1125,6876,0.11386138613861396
2022-12-27,1190,1190,1190,1190,1,0.057777777777777706
2022-12-28,1125,1125,1125,1125,0,-0.054621848739495826
2022-12-29,1120,1120,1120,1120,0,-0.004444444444444473
2023-01-02,1200,1200,1200,1200,1,0.0714285714285714
2023-01-03,1195,1195,1195,1195,0,-0.004166666666666652
2023-01-04,1150,1150,1150,1150,0,-0.03765690376569042
2023-01-05,1190,1190,1180,1180,2,0.026086956521739202
2023-01-06,1180,1180,1180,1180,1,0.0
2023-01-09,1140,1140,1140,1140,1,-0.03389830508474578
2023-01-10,1185,1185,1185,1185,1,0.03947368421052633
2023-01-11,1200,1200,1200,1200,1,0.012658227848101333
2023-01-12,1195,1195,1195,1195,0,-0.004166666666666652
2023-01-13,1150,1150,1150,1150,0,-0.03765690376569042
2023-01-16,1190,1190,1190,1190,1,0.034782608695652195
2023-01-17,1175,1175,1175,1175,0,-0.012605042016806678
2023-01-18,1170,1170,1170,1170,0,-0.004255319148936176
2023-01-19,1200,1200,1200,1200,1,0.02564102564102555
2023-01-20,0,0,0,1150,0,-0.04166666666666663
2023-01-25,1145,1145,1145,1145,90,-0.004347826086956497
2023-01-26,1145,1145,1020,1020,6,-0.10917030567685593
2023-01-27,1020,1150,900,1100,2109,0.07843137254901955
2023-01-30,1245,1245,1100,1199,12,0.09000000000000008
2023-01-31,1030,1099,1020,1099,2868,-0.08340283569641371
2023-02-01,940,1099,935,1010,7833,-0.08098271155595993
2023-02-02,860,1000,860,1000,6,-0.00990099009900991
2023-02-03,910,980,880,970,12952,-0.030000000000000027
2023-02-06,1000,1000,1000,1000,1,0.030927835051546282
2023-02-07,1000,1000,1000,1000,1,0.0
2023-02-08,1000,1000,1000,1000,1,0.0
2023-02-09,1000,1000,1000,1000,0,0.0
2023-02-10,1000,1150,1000,1148,231,0.1479999999999999
2023-02-13,1100,1299,976,1096,4823,-0.04529616724738672
2023-02-14,941,1096,935,1096,501,0.0
2023-02-15,1000,1000,935,935,2,-0.14689781021897808
2023-02-16,1000,1070,810,1069,1274,0.14331550802139037
2023-02-17,1199,1199,909,1099,1663,0.028063610851262855
2023-02-20,1000,1099,940,1099,614,0.0
2023-02-21,1089,1089,1089,1089,1,-0.009099181073703333
2023-02-22,1100,1100,1050,1099,102,0.009182736455463747
2023-02-23,1098,1098,1098,1098,0,-0.0009099181073702889
2023-02-24,1099,1099,1099,1099,10,0.0009107468123861207
2023-02-27,1099,1099,1099,1099,4,0.0
2023-02-28,1099,1099,1099,1099,1,0.0
2023-03-02,1099,1099,1099,1099,0,0.0
2023-03-03,1099,1099,1099,1099,2,0.0
2023-03-06,1263,1263,1263,1263,1,0.14922656960873515
2023-03-07,1099,1099,1099,1099,675,-0.1298495645288994
2023-03-08,1100,1100,1100,1100,41,0.0009099181073703999
2023-03-09,1200,1200,1200,1200,1,0.09090909090909083
2023-03-10,1199,1199,1021,1199,3,-0.0008333333333333526
2023-03-13,1200,1200,1200,1200,1,0.0008340283569641116
2023-03-14,1200,1200,1200,1200,0,0.0
2023-03-15,1200,1200,1200,1200,0,0.0
2023-03-16,1195,1195,1195,1195,0,-0.004166666666666652
2023-03-17,1199,1200,1199,1199,11,0.0033472803347280866
2023-03-20,1199,1199,1199,1199,0,0.0
2023-03-21,1199,1199,1199,1199,0,0.0
2023-03-22,1199,1199,1199,1199,0,0.0
2023-03-23,1200,1200,1200,1200,1,0.0008340283569641116
2023-03-24,1198,1198,1198,1198,2001,-0.0016666666666667052
2023-03-27,1190,1190,1190,1190,1,-0.006677796327211993
2023-03-28,1021,1090,1020,1090,1813,-0.08403361344537819
2023-03-29,1089,1090,1089,1090,201,0.0
2023-03-30,1080,1080,1080,1080,35,-0.00917431192660545
2023-03-31,1060,1060,1050,1050,57,-0.02777777777777779
2023-04-03,1100,1100,1080,1080,12,0.02857142857142847
2023-04-04,1200,1200,1080,1080,3,0.0
2023-04-05,1200,1200,1150,1150,9,0.06481481481481488
2023-04-06,1200,1200,1040,1040,15,-0.09565217391304348
2023-04-07,1190,1190,1080,1080,6,0.03846153846153855
2023-04-10,1200,1200,1180,1180,6,0.09259259259259256
2023-04-11,1130,1130,1010,1089,418,-0.07711864406779656
2023-04-12,1100,1100,930,1099,1846,0.009182736455463747
2023-04-13,1049,1049,1029,1029,414,-0.06369426751592355
2023-04-14,1100,1100,1030,1030,20,0.0009718172983479434
2023-04-17,1100,1100,1100,1100,10,0.06796116504854366
2023-04-18,1200,1200,1150,1150,2,0.045454545454545414
2023-04-19,1000,1300,978,1050,8250,-0.08695652173913049
2023-04-20,1050,1100,1050,1100,60,0.04761904761904767
2023-04-21,1100,1200,1050,1100,3013,0.0
2023-04-24,1200,1200,1000,1020,5970,-0.07272727272727275
2023-04-25,1099,1099,880,1000,6078,-0.019607843137254943
2023-04-26,998,1079,998,1079,341,0.07899999999999996
2023-04-27,1079,1079,1079,1079,0,0.0
2023-04-28,1078,1078,1078,1078,0,-0.000926784059314234
2023-05-02,1099,1099,1098,1098,8,0.01855287569573294
2023-05-03,1097,1097,1097,1097,0,-0.0009107468123861207
2023-05-04,1096,1096,1096,1096,3,-0.0009115770282588365
2023-05-08,1095,1095,1095,1095,101,-0.0009124087591241281
2023-05-09,1095,1095,1095,1095,0,0.0
2023-05-10,1000,1000,996,996,615,-0.09041095890410955
2023-05-11,1100,1100,900,999,175,0.003012048192771122
2023-05-12,999,999,999,999,0,0.0
2023-05-15,1000,1000,1000,1000,1,0.0010010010010010895
2023-05-16,1100,1150,1000,1000,21,0.0
2023-05-17,1000,1000,1000,1000,0,0.0
2023-05-18,1000,1000,1000,1000,2,0.0
2023-05-19,1000,1000,1000,1000,2,0.0
2023-05-22,1000,1000,1000,1000,0,0.0
2023-05-23,1100,1100,1000,1000,2021,0.0
2023-05-24,1000,1000,1000,1000,1,0.0
2023-05-25,1000,1000,1000,1000,1,0.0
2023-05-26,999,999,999,999,2,-0.0010000000000000009
2023-05-30,999,999,999,999,8,0.0
2023-05-31,1100,1100,1100,1100,1,0.10110110110110115
2023-06-01,1000,1000,1000,1000,10,-0.09090909090909094
2023-06-02,1000,1000,1000,1000,33,0.0
2023-06-05,1000,1000,1000,1000,210,0.0
2023-06-07,1000,1000,1000,1000,0,0.0
2023-06-08,900,1000,888,1000,1074,0.0
2023-06-09,1000,1000,1000,1000,99,0.0
2023-06-12,1000,1000,1000,1000,100,0.0
2023-06-13,1000,1000,999,999,107,-0.0010000000000000009
2023-06-14,999,999,999,999,9,0.0
2023-06-15,1098,1098,1098,1098,1,0.0990990990990992
2023-06-16,1000,1000,1000,1000,0,-0.08925318761384338
2023-06-19,1000,1000,1000,1000,71,0.0
2023-06-20,1000,1000,1000,1000,121,0.0
2023-06-21,999,999,999,999,262,-0.0010000000000000009
2023-06-22,1099,1099,999,999,40,0.0
2023-06-23,999,999,999,999,1,0.0
2023-06-26,999,999,999,999,143,0.0
2023-06-27,999,999,999,999,73,0.0
2023-06-28,998,998,998,998,5,-0.0010010010010009784
2023-06-29,999,999,998,998,44,0.0
2023-06-30,999,999,999,999,65,0.0010020040080160886
2023-07-03,900,999,850,946,955,-0.05305305305305308
2023-07-04,1000,1000,815,889,5000,-0.060253699788583526
2023-07-05,889,889,800,880,6975,-0.010123734533183382
2023-07-06,880,880,880,880,87,0.0
2023-07-07,880,880,880,880,465,0.0
2023-07-10,880,880,790,880,97,0.0
2023-07-11,880,997,880,996,4096,0.13181818181818183
2023-07-12,996,996,996,996,44,0.0
2023-07-13,996,1000,996,1000,5,0.004016064257028162
2023-07-14,1000,1000,1000,1000,0,0.0
2023-07-17,1000,1000,1000,1000,3586,0.0
2023-07-18,1000,1000,1000,1000,950,0.0
2023-07-19,1000,1000,1000,1000,0,0.0
2023-07-20,999,999,999,999,0,-0.0010000000000000009
2023-07-21,1100,1100,1000,1050,1151,0.05105105105105112
2023-07-24,1050,1050,1050,1050,0,0.0
2023-07-25,1000,1000,1000,1000,0,-0.04761904761904767
2023-07-26,1000,1000,1000,1000,5,0.0
2023-07-27,1000,1000,1000,1000,10,0.0
2023-07-28,1000,1000,1000,1000,48,0.0
2023-07-31,1000,1000,1000,1000,8,0.0
2023-08-01,1000,1000,1000,1000,0,0.0
2023-08-02,1000,1000,1000,1000,10000,0.0
2023-08-03,1000,1000,1000,1000,0,0.0
2023-08-04,1000,1000,1000,1000,0,0.0
2023-08-07,1000,1000,1000,1000,0,0.0
2023-08-08,1000,1000,1000,1000,0,0.0
2023-08-09,1000,1000,1000,1000,5,0.0
2023-08-10,1000,1000,1000,1000,0,0.0
2023-08-11,1000,1000,1000,1000,0,0.0
2023-08-14,1000,1000,1000,1000,60,0.0
2023-08-16,1000,1000,1000,1000,0,0.0
2023-08-17,1100,1150,900,1000,52,0.0
2023-08-18,1000,1000,1000,1000,0,0.0
2023-08-21,1000,1000,1000,1000,101,0.0
2023-08-22,1000,1000,995,1000,148,0.0
2023-08-23,901,990,900,910,4110,-0.08999999999999997
2023-08-24,984,1000,911,999,2902,0.0978021978021979
2023-08-25,910,1000,910,1000,60,0.0010010010010010895
2023-08-28,1000,1000,1000,1000,0,0.0
2023-08-29,999,999,999,999,0,-0.0010000000000000009
2023-08-30,995,995,995,995,0,-0.004004004004004025
2023-08-31,995,995,995,995,133,0.0
2023-09-01,995,995,995,995,98,0.0
2023-09-04,995,1000,995,1000,2023,0.005025125628140614
2023-09-05,1000,1000,1000,1000,201,0.0
2023-09-06,1000,1000,1000,1000,0,0.0
2023-09-07,990,990,990,990,0,-0.010000000000000009
2023-09-08,990,990,990,990,0,0.0
2023-09-11,1000,1000,900,987,11708,-0.00303030303030305
2023-09-12,987,987,949,950,628,-0.037487335359675744
2023-09-13,950,950,950,950,2850,0.0
2023-09-14,950,950,950,950,0,0.0
2023-09-15,889,950,850,950,1338,0.0
2023-09-18,949,950,949,950,513,0.0
2023-09-19,950,950,950,950,0,0.0
2023-09-20,950,950,950,950,0,0.0
2023-09-21,990,990,990,990,1,0.042105263157894646
2023-09-22,990,990,990,990,0,0.0
2023-09-25,990,990,990,990,0,0.0
2023-09-26,950,950,950,950,0,-0.04040404040404044
2023-09-27,950,950,902,950,1881,0.0
2023-10-04,949,949,949,949,0,-0.001052631578947416
2023-10-05,949,949,949,949,1,0.0
2023-10-06,945,945,945,945,0,-0.004214963119072657
2023-10-10,944,945,944,945,6,0.0
2023-10-11,945,945,945,945,0,0.0
2023-10-12,945,945,945,945,2,0.0
2023-10-13,945,945,945,945,0,0.0
2023-10-16,945,945,945,945,0,0.0
2023-10-17,945,945,945,945,0,0.0
2023-10-18,945,945,945,945,0,0.0
2023-10-19,945,945,945,945,0,0.0
2023-10-20,945,945,945,945,12,0.0
2023-10-23,945,945,945,945,0,0.0
2023-10-24,945,945,945,945,0,0.0
2023-10-25,945,945,945,945,9,0.0
2023-10-26,945,945,945,945,2,0.0
2023-10-27,945,945,945,945,0,0.0
2023-10-30,945,945,945,945,0,0.0
2023-10-31,945,945,945,945,0,0.0
2023-11-01,945,945,945,945,0,0.0
2023-11-02,945,945,945,945,0,0.0
2023-11-03,940,940,940,940,2,-0.005291005291005346
2023-11-06,940,940,940,940,30,0.0
2023-11-07,940,940,940,940,27,0.0
2023-11-08,940,940,940,940,1,0.0
2023-11-09,1000,1000,1000,1000,1,0.06382978723404253
2023-11-10,950,950,950,950,0,-0.050000000000000044
2023-11-13,950,950,950,950,16,0.0
2023-11-14,950,950,950,950,0,0.0
2023-11-15,811,950,811,950,16,0.0
2023-11-16,811,997,810,879,2305,-0.07473684210526321
2023-11-17,879,879,755,848,111,-0.03526734926052333
2023-11-20,899,899,899,899,1,0.06014150943396235
2023-11-21,879,879,879,879,0,-0.022246941045606206
2023-11-22,900,900,900,900,10,0.023890784982935065
2023-11-23,998,998,998,998,1,0.10888888888888881
2023-11-24,849,849,849,849,1783,-0.14929859719438876
2023-11-27,900,900,900,900,1,0.060070671378091856
2023-11-28,899,899,899,899,0,-0.0011111111111110628
2023-11-29,900,900,899,899,31,0.0
2023-11-30,1000,1000,1000,1000,1,0.11234705228031139
2023-12-01,850,920,850,919,161,-0.08099999999999996
2023-12-04,900,900,900,900,10,-0.020674646354733373
2023-12-05,999,999,999,999,1,0.1100000000000001
2023-12-06,999,999,999,999,0,0.0
2023-12-07,999,999,999,999,0,0.0
2023-12-08,998,998,998,998,0,-0.0010010010010009784
2023-12-11,999,999,999,999,1,0.0010020040080160886
2023-12-12,990,990,990,990,0,-0.009009009009009028
2023-12-13,990,990,990,990,0,0.0
2023-12-14,999,999,999,999,1,0.009090909090909038
2023-12-15,999,1148,999,1145,21415,0.14614614614614618
2023-12-18,1145,1145,1145,1145,0,0.0
2023-12-19,1145,1145,1145,1145,0,0.0
2023-12-20,1145,1145,1145,1145,0,0.0
2023-12-21,1145,1145,1145,1145,0,0.0
2023-12-22,1100,1145,1100,1145,20,0.0
2023-12-26,1000,1000,1000,1000,1,-0.1266375545851528
2023-12-27,1000,1000,1000,1000,69,0.0
2023-12-28,1000,1000,1000,1000,0,0.0
2024-01-02,1100,1100,1100,1100,11,0.10000000000000009
2024-01-03,1200,1200,935,1000,14976,-0.09090909090909094
2024-01-04,1000,1000,1000,1000,0,0.0
2024-01-05,1000,1000,1000,1000,19,0.0
2024-01-08,999,999,999,999,0,-0.0010000000000000009
2024-01-09,979,980,979,980,20,-0.019019019019019034
2024-01-10,980,980,980,980,17,0.0
2024-01-11,980,980,980,980,100,0.0
2024-01-12,979,979,979,979,14,-0.0010204081632653184
2024-01-15,979,979,979,979,0,0.0
2024-01-16,978,978,978,978,0,-0.0010214504596527396
2024-01-17,977,977,977,977,0,-0.0010224948875255935
2024-01-18,976,976,976,976,0,-0.0010235414534288667
2024-01-19,975,975,975,975,20,-0.0010245901639344135
2024-01-22,974,974,974,974,0,-0.0010256410256410664
2024-01-23,972,972,972,972,0,-0.002053388090349051
2024-01-24,970,970,970,970,0,-0.002057613168724326
2024-01-25,1100,1100,900,1100,3,0.134020618556701
2024-01-26,1098,1098,1098,1098,0,-0.0018181818181818299
2024-01-29,1000,1000,1000,1000,4986,-0.08925318761384338
2024-01-30,1100,1100,1100,1100,1,0.10000000000000009
2024-01-31,1099,1099,1099,1099,0,-0.0009090909090908594
2024-02-01,1000,1100,1000,1080,13002,-0.017288444040036377
2024-02-02,1000,1080,1000,1080,1136,0.0
2024-02-05,1078,1078,1078,1078,0,-0.0018518518518518823
2024-02-06,1100,1200,950,1190,12900,0.10389610389610393
2024-02-07,1020,1190,1012,1187,1074,-0.0025210084033613356
2024-02-08,1010,1150,1009,1098,4896,-0.07497893850042125
2024-02-13,1009,1080,1009,1080,150,-0.016393442622950838
2024-02-14,1009,1080,1009,1080,109,0.0
2024-02-15,1009,1009,1009,1009,119,-0.06574074074074077
2024-02-16,1080,1080,1080,1080,1,0.07036669970267595
2024-02-19,1100,1100,1100,1100,1,0.0185185185185186
2024-02-20,1000,1000,1000,1000,0,-0.09090909090909094
2024-02-21,990,1100,990,1090,213,0.09000000000000008
2024-02-22,1080,1080,1080,1080,0,-0.00917431192660545
2024-02-23,1060,1060,1060,1060,0,-0.01851851851851849
2024-02-26,1060,1060,1050,1050,39,-0.009433962264150941
2024-02-27,1040,1040,1040,1040,21,-0.00952380952380949
2024-02-28,1040,1040,1040,1040,20,0.0
2024-02-29,902,1038,902,1038,8031,-0.0019230769230769162
2024-03-04,908,1037,908,1037,221,-0.0009633911368015502
2024-03-05,1036,1037,931,1030,12016,-0.0067502410800385215
2024-03-06,1089,1089,1079,1079,5,0.04757281553398052
2024-03-07,1070,1070,1069,1069,16,-0.009267840593141785
2024-03-08,1098,1098,1088,1088,8,0.017773620205799867
2024-03-11,1030,1030,1030,1030,10,-0.0533088235294118
2024-03-12,1099,1099,1009,1010,10,-0.01941747572815533
2024-03-13,1000,1000,1000,1000,192,-0.00990099009900991
2024-03-14,1000,1090,1000,1050,753,0.050000000000000044
2024-03-15,1050,1050,1050,1050,0,0.0
2024-03-18,1050,1050,1050,1050,0,0.0
2024-03-19,1050,1050,1050,1050,0,0.0
2024-03-20,1098,1098,1098,1098,1,0.04571428571428582
2024-03-21,1098,1098,1098,1098,0,0.0
2024-03-22,1098,1098,1098,1098,0,0.0
2024-03-25,1098,1098,1098,1098,3000,0.0
2024-03-26,1098,1098,1098,1098,0,0.0
2024-03-27,1098,1098,1098,1098,0,0.0
2024-03-28,941,1100,940,1100,120,0.0018214936247722413
2024-03-29,1030,1030,1030,1030,0,-0.0636363636363636
2024-04-01,1030,1030,1030,1030,0,0.0
2024-04-02,1100,1100,1100,1100,4,0.06796116504854366
2024-04-03,1000,1000,1000,1000,11,-0.09090909090909094
2024-04-04,1100,1100,900,1050,4,0.050000000000000044
2024-04-05,1000,1000,1000,1000,0,-0.04761904761904767
2024-04-08,999,999,999,999,0,-0.0010000000000000009
2024-04-09,999,999,999,999,0,0.0
2024-04-11,999,999,999,999,0,0.0
2024-04-12,999,999,999,999,8,0.0
2024-04-15,980,1050,980,1050,71,0.05105105105105112
2024-04-16,1090,1090,1090,1090,1,0.03809523809523818
2024-04-17,1050,1050,1050,1050,0,-0.03669724770642202
2024-04-18,1050,1050,1050,1050,0,0.0
2024-04-19,1206,1206,1206,1206,1,0.14857142857142858
2024-04-22,1100,1200,1100,1200,11,-0.00497512437810943
2024-04-23,1150,1200,1150,1200,2,0.0
2024-04-24,1200,1200,1200,1200,1,0.0
2024-04-25,1200,1200,1090,1090,1001,-0.09166666666666667
2024-04-26,1200,1200,1090,1090,2,0.0
2024-04-29,1200,1200,1090,1090,501,0.0
2024-04-30,1000,1000,1000,1000,5,-0.08256880733944949
2024-05-02,1150,1150,1089,1089,2,0.08899999999999997
2024-05-03,1200,1200,1000,1000,2,-0.08172635445362719
2024-05-07,1000,1150,901,1049,53,0.04899999999999993
2024-05-08,1089,1089,1089,1089,1,0.03813155386081979
2024-05-09,930,999,930,999,2,-0.0826446280991735
2024-05-10,1099,1099,1099,1099,1,0.10010010010010006
2024-05-13,1084,1084,1084,1084,0,-0.013648771610555
2024-05-14,1244,1244,1000,1000,11,-0.07749077490774903
2024-05-16,1099,1099,900,1049,3,0.04899999999999993
2024-05-17,1100,1100,1100,1100,1,0.04861773117254531
2024-05-20,998,998,998,998,0,-0.09272727272727277
2024-05-21,997,1050,997,1030,1561,0.03206412825651306
2024-05-22,1100,1100,900,1007,715,-0.022330097087378653
2024-05-23,1099,1099,1099,1099,1,0.09136047666335645
2024-05-24,1099,1099,1099,1099,1,0.0
2024-05-27,1039,1040,1039,1040,15004,-0.05368516833484982
2024-05-28,1090,1090,1090,1090,1,0.04807692307692313
2024-05-29,1050,1050,933,1027,4040,-0.05779816513761471
2024-05-30,1100,1100,900,990,535,-0.036027263875365145
2024-05-31,1100,1100,871,990,812,0.0
2024-06-03,990,990,990,990,650,0.0
2024-06-04,886,990,886,990,101,0.0
2024-06-05,843,1000,843,988,654,-0.002020202020202033
2024-06-07,969,969,969,969,0,-0.019230769230769273
2024-06-10,999,999,999,999,1,0.030959752321981338
2024-06-11,1000,1000,1000,1000,1,0.0010010010010010895
2024-06-12,1139,1139,1139,1139,1,0.139
2024-06-13,969,969,969,969,0,-0.14925373134328357
2024-06-14,969,969,969,969,6,0.0
2024-06-17,989,989,989,989,1,0.02063983488132104
2024-06-18,988,988,988,988,0,-0.0010111223458038054
2024-06-19,1000,1000,1000,1000,1,0.012145748987854255
2024-06-20,999,999,999,999,0,-0.0010000000000000009
2024-06-21,1000,1000,1000,1000,1,0.0010010010010010895
2024-06-24,999,999,999,999,0,-0.0010000000000000009
2024-06-25,989,989,989,989,0,-0.010010010010010006
2024-06-26,988,988,988,988,0,-0.0010111223458038054
2024-06-27,988,988,988,988,0,0.0
2024-06-28,979,979,979,979,0,-0.009109311740890691
2024-07-01,979,979,979,979,0,0.0
2024-07-02,999,999,999,999,1,0.020429009193054126
2024-07-03,989,989,989,989,0,-0.010010010010010006
2024-07-04,989,989,989,989,0,0.0
2024-07-05,989,989,989,989,100,0.0
2024-07-08,984,984,984,984,0,-0.005055611729019249
2024-07-09,984,984,984,984,0,0.0
2024-07-10,979,979,979,979,6,-0.005081300813008172
2024-07-11,978,978,978,978,1,-0.0010214504596527396
2024-07-12,948,948,948,948,0,-0.030674846625766916
2024-07-15,999,999,999,999,1,0.053797468354430444
2024-07-16,999,999,999,999,0,0.0
2024-07-17,999,999,999,999,0,0.0
2024-07-18,948,948,948,948,0,-0.05105105105105101
2024-07-19,999,999,999,999,1,0.053797468354430444
2024-07-22,998,998,998,998,0,-0.0010010010010009784
2024-07-23,1000,1000,1000,1000,1,0.002004008016031955
2024-07-24,989,989,989,989,0,-0.01100000000000001
2024-07-25,842,999,842,999,51,0.010111223458038499
2024-07-26,940,940,940,940,0,-0.05905905905905906
2024-07-29,1000,1000,1000,1000,1,0.06382978723404253
2024-07-30,999,999,999,999,0,-0.0010000000000000009
2024-07-31,939,939,939,939,0,-0.06006006006006004
2024-08-01,999,999,990,990,301,0.054313099041533475
