Date,Open,High,Low,Close,Volume,Change
2022-01-03,94800,98000,94800,96300,73725,0.015822784810126667
2022-01-04,96500,97600,94300,96300,54718,0.0
2022-01-05,96200,96200,94100,95200,34148,-0.011422637590861928
2022-01-06,94600,96400,93700,94700,48973,-0.005252100840336116
2022-01-07,95200,98700,94800,98500,125157,0.040126715945089764
2022-01-10,99000,99500,96600,96600,60941,-0.019289340101522834
2022-01-11,96700,97700,94000,94100,54644,-0.025879917184264967
2022-01-12,95200,95900,93900,95000,37513,0.009564293304994642
2022-01-13,95800,95800,92000,92700,76953,-0.02421052631578946
2022-01-14,93000,93700,91400,92100,33604,-0.006472491909385147
2022-01-17,92300,95000,91600,93800,42184,0.018458197611292082
2022-01-18,94100,94400,91200,91200,45122,-0.02771855010660984
2022-01-19,89900,92300,89900,92300,30308,0.012061403508771829
2022-01-20,92300,92400,89300,91300,71160,-0.010834236186348822
2022-01-21,91200,91200,87500,88100,94039,-0.035049288061336226
2022-01-24,88000,90800,86900,88700,88149,0.006810442678774065
2022-01-25,88700,89100,85000,87000,418670,-0.01916572717023679
2022-01-26,86100,88000,86000,86000,36914,-0.011494252873563204
2022-01-27,85600,86000,81700,81700,57832,-0.050000000000000044
2022-01-28,81700,85200,81500,84800,59406,0.0379436964504285
2022-02-03,86400,92300,86400,90000,114609,0.061320754716981174
2022-02-04,89500,91300,88700,91300,58660,0.014444444444444482
2022-02-07,91300,93900,89200,90800,66333,-0.005476451259583737
2022-02-08,90200,93000,90200,91300,69383,0.005506607929515406
2022-02-09,94500,98400,94200,98000,230877,0.07338444687842283
2022-02-10,97100,98600,95800,96700,89363,-0.013265306122449028
2022-02-11,95500,96800,93700,95000,71432,-0.0175801447776629
2022-02-14,92600,94500,91500,91600,68051,-0.03578947368421048
2022-02-15,92400,92400,88300,89700,79070,-0.020742358078602585
2022-02-16,90600,92300,90100,91000,60373,0.01449275362318847
2022-02-17,90700,93000,90000,92100,47614,0.012087912087912045
2022-02-18,92100,92300,90400,91400,27665,-0.007600434310532034
2022-02-21,91300,91300,89200,90600,31070,-0.008752735229759279
2022-02-22,89800,90200,87700,88400,49722,-0.02428256070640178
2022-02-23,88800,89700,88400,89000,20477,0.006787330316742057
2022-02-24,89500,89900,86300,88300,36954,-0.00786516853932584
2022-02-25,88200,88900,85000,87000,86367,-0.014722536806342057
2022-02-28,86500,88900,86200,87700,34158,0.008045977011494232
2022-03-02,87700,90500,87100,88700,51747,0.011402508551881407
2022-03-03,90200,90200,88500,89000,20332,0.0033821871476888976
2022-03-04,88500,89200,86500,87100,34388,-0.02134831460674158
2022-03-07,85800,86200,81500,82500,126293,-0.05281285878300801
2022-03-08,81500,82500,80400,82000,57445,-0.0060606060606061
2022-03-10,84400,84400,82000,83000,34955,0.012195121951219523
2022-03-11,83700,86500,82300,86300,56322,0.03975903614457832
2022-03-14,87200,87200,84300,85200,36933,-0.01274623406720743
2022-03-15,85800,87600,84600,86400,44043,0.014084507042253502
2022-03-16,87000,88000,85600,87700,29875,0.01504629629629628
2022-03-17,89300,90600,87700,89500,70322,0.020524515393386622
2022-03-18,89500,93000,89000,92300,63985,0.031284916201117285
2022-03-21,93300,93300,90300,90500,26884,-0.01950162513542797
2022-03-22,90300,91400,89200,90800,25153,0.0033149171270718814
2022-03-23,90000,91400,89000,89600,27591,-0.013215859030836996
2022-03-24,89600,95300,88300,95000,120964,0.060267857142857206
2022-03-25,95000,95500,93500,94000,31950,-0.010526315789473717
2022-03-28,93300,94500,91500,92800,35919,-0.012765957446808529
2022-03-29,92300,93800,91800,92300,20214,-0.0053879310344827624
2022-03-30,93100,95300,91700,94500,41123,0.02383531960996743
2022-03-31,94000,94400,92000,93200,46645,-0.013756613756613745
2022-04-01,93700,98500,93200,98000,189283,0.05150214592274671
2022-04-04,100000,104500,99700,101000,341403,0.030612244897959107
2022-04-05,100500,106500,99800,104000,265975,0.02970297029702973
2022-04-06,104000,106500,101500,102000,151499,-0.019230769230769273
2022-04-07,103000,106500,102500,105500,172542,0.03431372549019618
2022-04-08,105500,109000,103000,107500,175069,0.018957345971563955
2022-04-11,105500,107000,101000,104000,214689,-0.032558139534883734
2022-04-12,103000,107000,101500,104000,99633,0.0
2022-04-13,104000,106000,102000,104500,79962,0.004807692307692291
2022-04-14,104000,105000,102000,105000,102401,0.004784688995215225
2022-04-15,104500,104500,101500,102500,73395,-0.023809523809523836
2022-04-18,102000,105000,100000,102500,116304,0.0
2022-04-19,102500,107500,102000,107500,134707,0.04878048780487809
2022-04-20,108000,110500,105000,108500,202579,0.009302325581395321
2022-04-21,109000,109500,105000,105500,76557,-0.027649769585253448
2022-04-22,105000,108000,103000,106500,111913,0.009478672985782088
2022-04-25,104500,107000,101000,102000,152075,-0.04225352112676062
2022-04-26,103500,104500,102000,103500,89056,0.014705882352941124
2022-04-27,101000,104500,101000,104000,94499,0.004830917874396157
2022-04-28,104000,104500,99800,101000,69583,-0.028846153846153855
2022-04-29,100500,101000,97200,98300,115614,-0.026732673267326756
2022-05-02,96700,99200,96500,98200,62234,-0.0010172939979654627
2022-05-03,98800,99800,95900,96200,78553,-0.020366598778004064
2022-05-04,96000,96300,94200,95300,87154,-0.009355509355509328
2022-05-06,94900,94900,92800,94600,58517,-0.007345225603357819
2022-05-09,93800,94600,88800,89000,134535,-0.059196617336152224
2022-05-10,86800,90000,85600,88800,115541,-0.0022471910112359383
2022-05-11,87900,96200,87900,94500,209988,0.06418918918918926
2022-05-12,93300,94900,90500,91000,83224,-0.03703703703703709
2022-05-13,91600,94700,91600,94500,57129,0.03846153846153855
2022-05-16,94000,97300,93800,96400,66974,0.020105820105820182
2022-05-17,97700,97800,90200,92500,151140,-0.04045643153526968
2022-05-18,92700,92700,90200,91200,63533,-0.014054054054054022
2022-05-19,88900,90200,88200,88900,111237,-0.025219298245614086
2022-05-20,88400,91300,88400,90700,47942,0.020247469066366763
2022-05-23,92500,93600,92100,93200,65725,0.027563395810363822
2022-05-24,93200,94500,89900,90600,80099,-0.027896995708154515
2022-05-25,89800,90700,85900,89900,126407,-0.007726269315673329
2022-05-26,89700,93000,89700,91900,55518,0.022246941045606317
2022-05-27,92000,93000,91300,92000,27075,0.0010881392818280489
2022-05-30,92400,93800,90700,91000,39490,-0.010869565217391353
2022-05-31,91500,93300,90900,92500,54003,0.016483516483516425
2022-06-02,94700,97100,94700,95400,81139,0.03135135135135125
2022-06-03,96100,98200,95400,96200,62036,0.008385744234800763
2022-06-07,96000,96000,92200,93500,40558,-0.028066528066528096
2022-06-08,93100,94900,92400,94100,24034,0.0064171122994651775
2022-06-09,94100,94100,92400,92800,22120,-0.01381509032943673
2022-06-10,92200,95200,91900,94900,60855,0.022629310344827624
2022-06-13,92800,92800,90200,91500,94296,-0.035827186512118026
2022-06-14,90000,91300,89000,91200,43812,-0.003278688524590123
2022-06-15,90800,92100,88300,89500,39647,-0.018640350877192957
2022-06-16,93300,95700,92600,94200,139682,0.052513966480446816
2022-06-17,93900,99500,92500,98800,147589,0.04883227176220806
2022-06-20,99000,101500,97100,98500,111934,-0.0030364372469635637
2022-06-21,99500,100500,93800,98400,148953,-0.0010152284263958977
2022-06-22,99500,102500,97700,98700,149150,0.0030487804878047697
2022-06-23,97200,101500,97000,97600,101204,-0.011144883485309065
2022-06-24,98400,101500,95900,101000,67608,0.0348360655737705
2022-06-27,101000,103500,99100,103000,52807,0.01980198019801982
2022-06-28,102000,104500,100000,104500,64435,0.014563106796116498
2022-06-29,103500,103500,101000,103500,56687,-0.009569377990430672
2022-06-30,102000,103000,99100,101500,67526,-0.019323671497584516
2022-07-01,100500,107000,100500,104000,97195,0.024630541871921263
2022-07-04,105000,107500,102500,104000,85279,0.0
2022-07-05,104000,107500,102500,105500,81863,0.014423076923076872
2022-07-06,107000,109000,105500,107500,109028,0.018957345971563955
2022-07-07,107000,108000,104500,105500,59300,-0.018604651162790753
2022-07-08,104500,105000,101000,102500,125502,-0.028436018957345932
2022-07-11,101500,105000,100000,103500,86304,0.009756097560975618
2022-07-12,103000,104500,101000,102000,59914,-0.01449275362318836
2022-07-13,102500,108000,102000,105500,115068,0.03431372549019618
2022-07-14,105000,107500,104000,106000,72947,0.004739336492890933
2022-07-15,106000,106500,102500,105000,58111,-0.009433962264150941
2022-07-18,106000,106500,104000,105500,33487,0.004761904761904745
2022-07-19,105000,106500,104000,105000,34716,-0.004739336492891044
2022-07-20,105500,106500,101500,102000,80055,-0.02857142857142858
2022-07-21,102000,103000,100000,102000,48518,0.0
2022-07-22,101500,104000,101500,102500,39833,0.004901960784313708
2022-07-25,102000,106000,102000,105500,40484,0.029268292682926855
2022-07-26,106000,106000,103000,104000,29643,-0.014218009478673022
2022-07-27,103500,105000,103000,103500,19358,-0.004807692307692291
2022-07-28,104000,105000,101000,102500,46368,-0.009661835748792313
2022-07-29,101500,103000,101000,103000,54206,0.004878048780487809
2022-08-01,104000,105000,102000,103000,77750,0.0
2022-08-02,103000,106000,102500,105000,59429,0.01941747572815533
2022-08-03,105000,110000,104000,108500,148528,0.03333333333333344
2022-08-04,108500,109500,106000,107000,54377,-0.01382488479262678
2022-08-05,107000,108000,105000,106000,40067,-0.009345794392523366
2022-08-08,106500,114000,105500,114000,152770,0.07547169811320753
2022-08-09,114000,119000,112000,115500,170106,0.013157894736842035
2022-08-10,116000,116000,112000,112500,74165,-0.025974025974025983
2022-08-11,113000,114000,109500,112000,72440,-0.004444444444444473
2022-08-12,111000,111500,107000,108000,122594,-0.0357142857142857
2022-08-16,115000,120000,114000,115500,326907,0.06944444444444442
2022-08-17,115000,120500,112500,116000,166881,0.0043290043290042934
2022-08-18,116500,117000,113500,114500,66441,-0.012931034482758674
2022-08-19,115000,116000,113500,115500,81671,0.008733624454148492
2022-08-22,115500,117000,112500,113500,55105,-0.017316017316017285
2022-08-23,113000,113000,110000,111500,78297,-0.017621145374449365
2022-08-24,114000,120000,113500,117500,155617,0.053811659192825045
2022-08-25,117000,117000,111000,114500,122968,-0.025531914893617058
2022-08-26,115000,117000,113000,114000,47873,-0.004366812227074246
2022-08-29,110500,113000,109000,111500,83271,-0.021929824561403466
2022-08-30,111500,112500,110000,110500,39468,-0.008968609865470878
2022-08-31,110500,113000,108500,111500,45513,0.009049773755656076
2022-09-01,111000,113500,109500,111500,46678,0.0
2022-09-02,113000,116000,112500,113500,73918,0.017937219730941756
2022-09-05,113000,115000,111500,112000,30028,-0.013215859030836996
2022-09-06,113000,113500,110500,112000,38016,0.0
2022-09-07,112000,115000,110500,112500,58657,0.0044642857142858094
2022-09-08,112000,113500,109500,109500,43831,-0.026666666666666616
2022-09-13,110000,111000,108000,109500,45548,0.0
2022-09-14,107000,110500,107000,110000,34913,0.004566210045662045
2022-09-15,110000,110500,105500,107000,90649,-0.027272727272727226
2022-09-16,107000,111500,106000,110500,81882,0.032710280373831724
2022-09-19,111500,112000,108500,109000,45243,-0.013574660633484115
2022-09-20,109000,110500,108000,109000,26682,0.0
2022-09-21,109000,112500,109000,109500,49566,0.004587155963302836
2022-09-22,109000,117500,108500,113000,98107,0.03196347031963476
2022-09-23,113500,115500,111000,113000,74697,0.0
2022-09-26,111500,113000,105500,107000,112267,-0.053097345132743334
2022-09-27,107000,115000,107000,114500,110718,0.07009345794392519
2022-09-28,113500,115500,109000,111000,87711,-0.03056768558951961
2022-09-29,112500,112500,107500,109000,66530,-0.018018018018018056
2022-09-30,108000,108500,104000,106000,85294,-0.02752293577981646
2022-10-04,107000,109500,106000,109000,48460,0.028301886792452935
2022-10-05,109500,110000,106000,107000,42617,-0.01834862385321101
2022-10-06,107000,109000,105500,107000,36629,0.0
2022-10-07,106500,107500,105000,106000,38054,-0.009345794392523366
2022-10-11,104500,108000,101500,107500,56186,0.014150943396226356
2022-10-12,107500,107500,103000,104500,28136,-0.027906976744186074
2022-10-13,104500,106000,99800,100000,63527,-0.0430622009569378
2022-10-14,101500,106500,99100,105000,79292,0.050000000000000044
2022-10-17,104000,109000,103500,108500,93541,0.03333333333333344
2022-10-18,108000,109000,106000,108000,35775,-0.004608294930875556
2022-10-19,107500,108500,104000,104500,46863,-0.03240740740740744
2022-10-20,105000,106500,102500,106500,58388,0.019138755980861344
2022-10-21,105500,114000,105000,108500,160432,0.018779342723004744
2022-10-24,109000,113000,106000,109000,90256,0.004608294930875667
2022-10-25,109500,111000,108500,111000,56248,0.0183486238532109
2022-10-26,111500,114000,110000,110500,52286,-0.0045045045045044585
2022-10-27,111000,112000,108500,110500,51379,0.0
2022-10-28,109500,112000,109500,110500,29496,0.0
2022-10-31,110500,111500,109500,111000,20208,0.004524886877828038
2022-11-01,110500,112000,108500,109500,47088,-0.013513513513513487
2022-11-02,109500,114000,109000,112500,70889,0.027397260273972712
2022-11-03,111500,115500,111000,113500,49854,0.008888888888888946
2022-11-04,114000,118000,113500,117000,82749,0.03083700440528636
2022-11-07,117500,118500,111500,112500,69531,-0.038461538461538436
2022-11-08,112500,113000,109000,110000,119953,-0.022222222222222254
2022-11-09,110500,111000,106500,109000,130351,-0.009090909090909038
2022-11-10,108000,110500,108000,109000,63325,0.0
2022-11-11,110000,111000,107000,107500,103717,-0.013761467889908285
2022-11-14,108000,109500,106000,108500,92298,0.009302325581395321
2022-11-15,106500,107000,101500,102500,254348,-0.055299539170506895
2022-11-16,103000,106000,100500,105500,145204,0.029268292682926855
2022-11-17,105500,105500,102000,102500,70827,-0.028436018957345932
2022-11-18,103000,105500,102000,104000,98172,0.014634146341463428
2022-11-21,105000,108500,104500,107500,114999,0.033653846153846256
2022-11-22,107500,109500,107000,109000,57158,0.013953488372093092
2022-11-23,108000,109000,107500,108500,28967,-0.004587155963302725
2022-11-24,107500,110000,107500,109500,40531,0.009216589861751112
2022-11-25,109500,109500,108000,108500,19248,-0.0091324200913242
2022-11-28,108500,109000,107000,108500,23697,0.0
2022-11-29,108000,109000,107500,108000,27712,-0.004608294930875556
2022-11-30,108500,112000,108500,111500,58017,0.03240740740740744
2022-12-01,112500,112500,110000,112000,42746,0.004484304932735439
2022-12-02,112000,113500,111000,112500,36881,0.0044642857142858094
2022-12-05,112500,114500,111000,113000,34204,0.004444444444444473
2022-12-06,113000,114500,111500,113500,38338,0.004424778761061843
2022-12-07,113500,114500,112000,113500,38749,0.0
2022-12-08,113500,114500,112500,113500,31866,0.0
2022-12-09,113000,117500,112500,116500,51079,0.026431718061673992
2022-12-12,117500,118500,116500,117500,37465,0.008583690987124415
2022-12-13,117500,120000,116000,119500,49351,0.017021276595744705
2022-12-14,119000,120000,116000,118500,59521,-0.008368200836820106
2022-12-15,118500,119500,117000,119500,33884,0.00843881856540074
2022-12-16,118500,118500,115500,117000,47212,-0.02092050209205021
2022-12-19,117000,120000,115500,119000,63500,0.017094017094017033
2022-12-20,118500,123500,117000,123000,83634,0.03361344537815136
2022-12-21,123000,130500,123000,128500,206469,0.04471544715447151
2022-12-22,128500,132000,127000,129000,111084,0.0038910505836575737
2022-12-23,127500,128500,124000,124500,95323,-0.03488372093023251
2022-12-26,124500,125000,123000,124000,36208,-0.004016064257028162
2022-12-27,124000,127000,123500,126000,61295,0.016129032258064502
2022-12-28,126000,132500,125500,129000,124019,0.023809523809523725
2022-12-29,128000,130000,126000,127000,46522,-0.015503875968992276
2023-01-02,127000,127500,122000,123500,40995,-0.027559055118110187
2023-01-03,123000,124000,119500,123500,52834,0.0
2023-01-04,122500,122500,116000,117500,119322,-0.04858299595141702
2023-01-05,117500,118500,115000,116000,64977,-0.012765957446808529
2023-01-06,115500,118500,114500,115500,62125,-0.004310344827586188
2023-01-09,115500,118500,113500,118500,60960,0.025974025974025983
2023-01-10,118000,118500,116000,116500,30827,-0.016877637130801704
2023-01-11,117500,118500,115500,118000,69711,0.012875536480686733
2023-01-12,118500,121500,117500,121000,56227,0.025423728813559254
2023-01-13,121000,121000,116500,117500,78422,-0.02892561983471076
2023-01-16,117500,121500,117000,120500,51202,0.025531914893617058
2023-01-17,120000,121000,117000,117500,55718,-0.024896265560165998
2023-01-18,118000,120500,117000,120000,55977,0.02127659574468077
2023-01-19,119500,125000,118500,125000,69378,0.04166666666666674
2023-01-20,124000,125500,120000,120500,64138,-0.03600000000000003
2023-01-25,121500,123000,120500,122500,35257,0.016597510373443924
2023-01-26,123700,123700,119300,119900,55403,-0.0212244897959184
2023-01-27,120000,121400,118900,119500,44841,-0.0033361134278565574
2023-01-30,119500,120500,118800,120200,34850,0.0058577405857740406
2023-01-31,120000,123000,119500,122900,52891,0.022462562396006636
2023-02-01,122500,122900,119200,120400,70348,-0.020341741253051215
2023-02-02,120400,121600,118600,119600,32135,-0.006644518272425293
2023-02-03,119600,122000,118600,120800,43354,0.010033444816053505
2023-02-06,120100,121300,119300,119600,21877,-0.009933774834437137
2023-02-07,119600,119800,117000,118400,32529,-0.010033444816053505
2023-02-08,118400,119900,117600,118700,37597,0.0025337837837837718
2023-02-09,119300,119900,118000,118300,34474,-0.0033698399326032025
2023-02-10,118200,122000,116700,120600,60421,0.019442096365173356
2023-02-13,120600,129400,120600,129000,133616,0.06965174129353224
2023-02-14,129900,131400,127800,128500,65180,-0.003875968992248069
2023-02-15,123500,127300,120700,125300,216101,-0.024902723735408583
2023-02-16,124600,125200,122200,122500,58802,-0.022346368715083775
2023-02-17,122600,123600,121500,123200,29375,0.005714285714285783
2023-02-20,123200,124500,121200,121600,26563,-0.012987012987012991
2023-02-21,123100,125600,122700,124600,44823,0.024671052631578982
2023-02-22,123100,123900,121000,121400,43052,-0.025682182985553803
2023-02-23,121500,122000,119900,121600,41938,0.0016474464579900872
2023-02-24,122000,124500,120000,121000,34243,-0.004934210526315819
2023-02-27,120300,121900,118800,121700,42644,0.005785123966942196
2023-02-28,121700,122200,119300,119300,33473,-0.019720624486442073
2023-03-02,121400,124300,121300,123900,65739,0.038558256496227905
2023-03-03,123900,124300,122200,123600,17471,-0.002421307506053294
2023-03-06,123200,123500,120500,120600,43207,-0.024271844660194164
2023-03-07,121400,125600,120900,123000,56132,0.01990049751243772
2023-03-08,123100,123300,121500,122100,26982,-0.007317073170731714
2023-03-09,123000,125000,122200,122800,31727,0.005733005733005836
2023-03-10,122100,124400,122000,122000,25678,-0.006514657980456029
2023-03-13,122000,122300,117700,121700,60602,-0.0024590163934425924
2023-03-14,122800,122800,114400,114500,67935,-0.05916187345932622
2023-03-15,116900,117100,113400,116700,56634,0.019213973799126594
2023-03-16,115600,116600,113100,115000,43550,-0.014567266495287057
2023-03-17,116200,118000,113500,113500,99647,-0.013043478260869601
2023-03-20,114000,114700,112000,113800,38706,0.002643171806167466
2023-03-21,114200,120900,114200,119600,64849,0.05096660808435849
2023-03-22,119900,120200,116900,117000,38702,-0.021739130434782594
2023-03-23,117100,117900,113600,114200,61511,-0.023931623931623958
2023-03-24,115100,115800,113100,113800,57624,-0.003502626970227629
2023-03-27,113900,116500,113000,115300,30847,0.013181019332161759
2023-03-28,115000,118200,115000,117800,29859,0.021682567215958404
2023-03-29,118000,118900,116200,118500,37172,0.005942275042444711
2023-03-30,118500,118500,115800,116400,25066,-0.017721518987341756
2023-03-31,116300,122200,115800,119200,57016,0.02405498281786933
2023-04-03,119500,120800,118300,120000,25497,0.006711409395973256
2023-04-04,120300,123000,119000,122600,23104,0.021666666666666723
2023-04-05,122900,125600,122100,123800,33769,0.00978792822185981
2023-04-06,123800,126100,121700,124100,24224,0.0024232633279483995
2023-04-07,126000,126000,120600,121200,35797,-0.023368251410153085
2023-04-10,121200,122400,119000,121600,27839,0.0033003300330032292
2023-04-11,122500,125500,120800,124800,41439,0.026315789473684292
2023-04-12,124800,125700,121100,121100,86564,-0.029647435897435903
2023-04-13,121200,122700,120100,121500,69326,0.003303055326176807
2023-04-14,121500,123600,120900,120900,79820,-0.004938271604938316
2023-04-17,120900,120900,117700,117800,63539,-0.02564102564102566
2023-04-18,117800,118500,116700,118100,31653,0.002546689303905003
2023-04-19,118400,121000,117400,119400,67060,0.01100762066045724
2023-04-20,119800,120300,117500,118700,35509,-0.005862646566164198
2023-04-21,119000,119000,116300,117600,47789,-0.009267059814658807
2023-04-24,117600,119800,117200,119100,34350,0.012755102040816313
2023-04-25,118500,118700,117200,117600,37239,-0.012594458438287104
2023-04-26,116600,123900,116500,121500,74891,0.03316326530612246
2023-04-27,121500,123300,117000,117000,65570,-0.03703703703703709
2023-04-28,117500,117900,115600,116400,42922,-0.00512820512820511
2023-05-02,116400,121700,116400,120400,49598,0.03436426116838498
2023-05-03,120200,127600,119400,124000,127618,0.029900332225913706
2023-05-04,123100,127800,120100,120500,90297,-0.028225806451612878
2023-05-08,120500,120900,117800,118500,46130,-0.016597510373444035
2023-05-09,118500,119900,116800,117400,41001,-0.009282700421940904
2023-05-10,118000,118500,116100,116600,41344,-0.006814310051107331
2023-05-11,116700,117200,114600,114600,59159,-0.01715265866209259
2023-05-12,115000,115000,112700,113700,40320,-0.007853403141361293
2023-05-15,113600,114700,111900,114500,38431,0.0070360598065084545
2023-05-16,113100,115200,110100,112500,124623,-0.017467248908296984
2023-05-17,112500,112600,109600,111600,76256,-0.008000000000000007
2023-05-18,111600,112300,108300,108700,87665,-0.025985663082437327
2023-05-19,108700,109400,107600,108000,52311,-0.0064397424103035394
2023-05-22,108900,109200,107600,108000,43395,0.0
2023-05-23,108700,108700,106500,108200,70190,0.0018518518518517713
2023-05-24,108700,112200,107900,108800,97039,0.005545286506469571
2023-05-25,108800,108800,105700,106600,86290,-0.020220588235294157
2023-05-26,106600,107300,105500,106800,39066,0.0018761726078799779
2023-05-30,106800,107500,104900,105200,51433,-0.014981273408239737
2023-05-31,106000,108800,105800,108100,75293,0.027566539923954414
2023-06-01,108600,117300,107400,115700,192457,0.07030527289546717
2023-06-02,115800,118000,114000,116000,90469,0.0025929127052721768
2023-06-05,115800,119500,115000,118800,68723,0.024137931034482696
2023-06-07,119200,121400,118400,119000,73170,0.0016835016835017313
2023-06-08,118300,123200,118300,121000,116614,0.01680672268907557
2023-06-09,122200,122300,119200,120100,41367,-0.007438016528925617
2023-06-12,120100,120900,118700,120200,36837,0.0008326394671107629
2023-06-13,119300,120700,117700,118700,51331,-0.012479201331114798
2023-06-14,118000,118500,115600,117300,57108,-0.011794439764111209
2023-06-15,117300,117300,114100,115500,56964,-0.01534526854219953
2023-06-16,115500,116100,113600,114300,40954,-0.010389610389610393
2023-06-19,106900,111000,103400,105400,346955,-0.07786526684164474
2023-06-20,107000,109300,106200,107600,126151,0.020872865275142205
2023-06-21,108700,109500,106800,107200,62329,-0.0037174721189591198
2023-06-22,107200,107800,105500,107400,41909,0.001865671641791078
2023-06-23,108300,108300,105800,106500,46794,-0.008379888268156388
2023-06-26,106500,106800,104200,104900,56073,-0.015023474178403773
2023-06-27,105100,112000,103100,110000,134484,0.04861773117254531
2023-06-28,110000,110000,106500,106900,69834,-0.028181818181818197
2023-06-29,105600,106900,103800,103800,72432,-0.028999064546304965
2023-06-30,104700,108000,103400,107000,64707,0.030828516377649384
2023-07-03,118200,120700,115500,116000,309859,0.08411214953271018
2023-07-04,115400,115700,112700,114500,77161,-0.012931034482758674
2023-07-05,114300,126400,114200,123500,232760,0.0786026200873362
2023-07-06,123500,125100,120400,121200,86136,-0.018623481781376516
2023-07-07,120000,123700,119700,121700,59907,0.004125412541254203
2023-07-10,122600,123400,120000,120400,57348,-0.010682004930156141
2023-07-11,121000,123400,120700,121900,67437,0.012458471760797396
2023-07-12,122500,122800,120700,121800,31469,-0.0008203445447088065
2023-07-13,121000,122300,118000,119200,69423,-0.021346469622331665
2023-07-14,119300,120800,118500,119400,51834,0.001677852348993314
2023-07-17,120100,121600,117500,118000,47933,-0.011725293132328285
2023-07-18,116800,119000,116000,116800,33816,-0.01016949152542368
2023-07-19,116800,119100,114800,118500,38401,0.014554794520547976
2023-07-20,118000,118800,114700,116300,71222,-0.018565400843881807
2023-07-21,116300,120600,115600,118700,55642,0.020636285468615734
2023-07-24,118700,118700,116300,116600,26038,-0.017691659646166813
2023-07-25,117000,119400,114100,118000,72304,0.012006861063464935
2023-07-26,118000,118000,113400,114700,85296,-0.027966101694915202
2023-07-27,116200,117600,114700,116000,63930,0.011333914559721103
2023-07-28,115200,117400,114900,117200,32354,0.010344827586206806
2023-07-31,117200,121000,116500,121000,43772,0.03242320819112621
2023-08-01,121000,121000,116500,117400,52493,-0.02975206611570247
2023-08-02,116900,120200,114300,115200,41764,-0.01873935264054516
2023-08-03,115200,115800,112200,115800,44036,0.005208333333333259
2023-08-04,115100,120400,114800,118300,61807,0.021588946459412783
2023-08-07,116600,124500,116100,123600,90245,0.04480135249366013
2023-08-08,124100,125400,121500,122600,39347,-0.008090614886731351
2023-08-09,124200,127700,121100,125500,75269,0.023654159869494373
2023-08-10,124300,129000,123100,125500,100079,0.0
2023-08-11,124300,136100,124300,136100,226174,0.08446215139442237
2023-08-14,161400,176900,159100,176900,856206,0.29977957384276266
2023-08-16,179200,184000,167800,176000,534626,-0.005087620124364034
2023-08-17,174500,178600,168000,173500,170288,-0.014204545454545414
2023-08-18,170400,185500,169000,181400,247388,0.04553314121037455
2023-08-21,180000,180000,171500,178300,137522,-0.017089305402425592
2023-08-22,178300,186300,176800,181000,100996,0.015143017386427315
2023-08-23,182000,190600,181100,186400,166640,0.029834254143646488
2023-08-24,183900,188000,178800,182500,90659,-0.02092274678111583
2023-08-25,182500,193000,181000,189000,128520,0.03561643835616435
2023-08-28,191000,195000,183900,187800,75734,-0.006349206349206327
2023-08-29,187900,194400,185500,188500,102112,0.0037273695420660946
2023-08-30,189000,191700,184100,189900,72085,0.007427055702917684
2023-08-31,188600,195500,188300,194400,72609,0.023696682464454888
2023-09-01,194200,207000,188900,191300,147587,-0.015946502057613166
2023-09-04,191300,197400,190000,192600,88425,0.006795608991113422
2023-09-05,194100,203500,193500,201000,109073,0.04361370716510904
2023-09-06,205000,205000,188400,191500,148497,-0.04726368159203975
2023-09-07,191500,196700,187500,192200,105811,0.0036553524804177062
2023-09-08,195000,195000,185100,187200,87853,-0.026014568158168605
2023-09-11,187800,193000,185900,188800,116795,0.008547008547008517
2023-09-12,190000,199700,188800,190000,112003,0.006355932203389925
2023-09-13,190000,190600,183700,184800,90101,-0.027368421052631597
2023-09-14,186000,192400,185400,190500,64900,0.030844155844155896
2023-09-15,192400,192800,187100,190700,58406,0.0010498687664042272
2023-09-18,189600,191200,187300,188500,42278,-0.011536444677503921
2023-09-19,189800,196600,188600,190800,60224,0.01220159151193645
2023-09-20,190900,191300,186200,188900,30366,-0.009958071278825975
2023-09-21,187500,190300,185800,187700,42583,-0.0063525674960296374
2023-09-22,184600,190200,184000,189800,27454,0.011188066062866264
2023-09-25,188800,192900,184600,191000,48649,0.006322444678608985
2023-09-26,190900,204000,190500,195200,116107,0.02198952879581162
2023-09-27,193200,207500,190700,202000,89218,0.0348360655737705
2023-10-04,199800,205000,195700,200000,94230,-0.00990099009900991
2023-10-05,199400,200500,193700,196400,52067,-0.018000000000000016
2023-10-06,197000,210000,196400,203500,79898,0.03615071283095728
2023-10-10,203500,214000,192600,194400,104459,-0.044717444717444765
2023-10-11,195000,198000,190600,193400,54660,-0.005144032921810648
2023-10-12,194000,194200,187400,192100,77275,-0.006721820062047579
2023-10-13,190300,195600,190300,193900,40231,0.00937011972930768
2023-10-16,195000,197000,191800,194200,38546,0.0015471892728209369
2023-10-17,196500,196500,192300,193400,32496,-0.004119464469618972
2023-10-18,192300,195200,189000,190900,52414,-0.01292657704239919
2023-10-19,190000,198100,188000,191700,67866,0.004190675746464034
2023-10-20,191600,192000,183900,186000,50615,-0.029733959311424085
2023-10-23,187400,192100,186000,187900,28440,0.010215053763440896
2023-10-24,190700,191400,183200,186200,45076,-0.009047365620010628
2023-10-25,187400,194900,186500,190900,59904,0.025241675617615478
2023-10-26,189800,192300,184200,187500,63149,-0.01781037192247248
2023-10-27,188000,189600,182000,182500,54982,-0.026666666666666616
2023-10-30,183800,185800,182000,184600,40796,0.011506849315068512
2023-10-31,186000,189200,182900,183400,45102,-0.00650054171180936
2023-11-01,183500,191600,182600,189800,75431,0.034896401308615044
2023-11-02,190100,195700,189000,194500,57070,0.02476290832455219
2023-11-03,195000,196000,191100,194200,38201,-0.0015424164524421302
2023-11-06,194200,200000,190000,198800,59328,0.023686920700308978
2023-11-07,195500,205500,195500,202000,53189,0.016096579476861272
2023-11-08,204000,208000,201000,204500,49087,0.012376237623762387
2023-11-09,205000,217000,204500,212500,100699,0.03911980440097795
2023-11-10,215500,216000,205500,211000,44644,-0.007058823529411784
2023-11-13,215000,218000,205500,210000,63186,-0.004739336492891044
2023-11-14,207500,220000,205500,210000,118546,0.0
2023-11-15,210000,211500,194000,199600,215349,-0.049523809523809526
2023-11-16,200500,204000,196800,197500,61056,-0.010521042084168375
