Date,Open,High,Low,Close,Volume,Change
2022-01-03,2595,2615,2550,2575,52573,-0.003868471953578312
2022-01-04,2550,2590,2545,2585,107114,0.003883495145631022
2022-01-05,2565,2610,2560,2580,82346,-0.0019342359767892114
2022-01-06,2550,2565,2520,2520,116651,-0.023255813953488413
2022-01-07,2520,2570,2520,2565,49647,0.017857142857142794
2022-01-10,2570,2575,2520,2520,61994,-0.01754385964912286
2022-01-11,2520,2530,2480,2495,69218,-0.009920634920634885
2022-01-12,2490,2535,2490,2520,76293,0.01002004008016022
2022-01-13,2535,2540,2500,2510,51490,-0.003968253968253954
2022-01-14,2515,2520,2460,2475,77733,-0.013944223107569709
2022-01-17,2470,2475,2405,2405,137522,-0.028282828282828243
2022-01-18,2395,2425,2330,2330,170958,-0.03118503118503113
2022-01-19,2315,2360,2305,2335,160733,0.0021459227467810482
2022-01-20,2335,2385,2320,2385,64308,0.021413276231263323
2022-01-21,2395,2400,2340,2360,120811,-0.010482180293501009
2022-01-24,2340,2355,2270,2270,181517,-0.03813559322033899
2022-01-25,2270,2275,2175,2200,202762,-0.03083700440528636
2022-01-26,2200,2210,2180,2190,57660,-0.004545454545454519
2022-01-27,2195,2195,2080,2090,390256,-0.045662100456621
2022-01-28,2090,2165,2040,2165,147534,0.03588516746411474
2022-02-03,2215,2260,2195,2255,125503,0.04157043879907629
2022-02-04,2255,2300,2230,2265,132812,0.0044345898004434225
2022-02-07,2265,2300,2250,2285,75991,0.008830022075055233
2022-02-08,2285,2300,2245,2260,58035,-0.01094091903719907
2022-02-09,2260,2300,2250,2300,62685,0.017699115044247815
2022-02-10,2300,2325,2280,2300,85418,0.0
2022-02-11,2265,2280,2250,2255,65689,-0.019565217391304346
2022-02-14,2240,2245,2175,2200,114421,-0.024390243902439046
2022-02-15,2200,2205,2125,2135,129724,-0.02954545454545454
2022-02-16,2155,2210,2155,2205,78722,0.032786885245901676
2022-02-17,2225,2250,2175,2210,148270,0.0022675736961450532
2022-02-18,2210,2250,2200,2250,58357,0.018099547511312153
2022-02-21,2255,2265,2205,2250,46760,0.0
2022-02-22,2220,2240,2145,2180,56989,-0.03111111111111109
2022-02-23,2180,2235,2170,2215,110644,0.016055045871559592
2022-02-24,2215,2225,2135,2140,156167,-0.033860045146726914
2022-02-25,2140,2200,2135,2175,118781,0.016355140186915973
2022-02-28,2195,2210,2185,2185,83212,0.0045977011494253706
2022-03-02,2185,2245,2185,2245,97148,0.027459954233409523
2022-03-03,2245,2270,2230,2270,104597,0.011135857461024523
2022-03-04,2270,2280,2240,2280,78702,0.004405286343612369
2022-03-07,2280,2280,2225,2245,67509,-0.015350877192982448
2022-03-08,2235,2235,2185,2185,64288,-0.026726057906458767
2022-03-10,2200,2240,2200,2230,38232,0.020594965675057253
2022-03-11,2230,2290,2225,2285,82559,0.024663677130044803
2022-03-14,2285,2290,2235,2245,53667,-0.017505470459518557
2022-03-15,2225,2250,2220,2220,40842,-0.011135857461024523
2022-03-16,2230,2280,2230,2265,70346,0.020270270270270174
2022-03-17,2280,2320,2280,2320,91159,0.024282560706401668
2022-03-18,2335,2350,2310,2345,79062,0.010775862068965525
2022-03-21,2345,2380,2335,2365,73755,0.008528784648187626
2022-03-22,2375,2380,2345,2365,71902,0.0
2022-03-23,2355,2370,2345,2345,81265,-0.008456659619450302
2022-03-24,2345,2365,2325,2345,74119,0.0
2022-03-25,2375,2375,2330,2350,63196,0.002132196162046851
2022-03-28,2355,2375,2350,2375,75135,0.010638297872340496
2022-03-29,2375,2410,2365,2390,119807,0.006315789473684275
2022-03-30,2395,2400,2365,2375,57307,-0.006276150627615107
2022-03-31,2380,2395,2360,2390,100197,0.006315789473684275
2022-04-01,2375,2390,2360,2380,75845,-0.004184100418409997
2022-04-04,2380,2400,2360,2400,95867,0.008403361344537785
2022-04-05,2390,2395,2375,2385,121585,-0.006249999999999978
2022-04-06,2395,2400,2365,2380,68891,-0.002096436058700246
2022-04-07,2370,2375,2320,2325,107287,-0.02310924369747902
2022-04-08,2320,2340,2300,2310,72185,-0.006451612903225823
2022-04-11,2310,2345,2295,2310,62851,0.0
2022-04-12,2295,2315,2280,2295,86277,-0.00649350649350644
2022-04-13,2290,2515,2285,2385,928401,0.03921568627450989
2022-04-14,2395,2415,2375,2380,125263,-0.002096436058700246
2022-04-15,2385,2400,2360,2375,60743,-0.0021008403361344463
2022-04-18,2375,2410,2375,2395,88836,0.008421052631578885
2022-04-19,2405,2475,2400,2460,210503,0.02713987473903967
2022-04-20,2470,2475,2435,2440,85845,-0.008130081300813052
2022-04-21,2445,2460,2430,2430,96110,-0.004098360655737654
2022-04-22,2425,2515,2410,2490,281857,0.024691358024691468
2022-04-25,2460,2465,2420,2440,133392,-0.02008032128514059
2022-04-26,2440,2490,2435,2465,112698,0.010245901639344357
2022-04-27,2440,2450,2405,2435,87117,-0.012170385395537497
2022-04-28,2430,2455,2425,2450,61202,0.006160164271047153
2022-04-29,2450,2455,2430,2440,61009,-0.004081632653061273
2022-05-02,2440,2475,2440,2450,65545,0.004098360655737654
2022-05-03,2460,2520,2460,2500,218900,0.020408163265306145
2022-05-04,2510,2510,2460,2460,112151,-0.016000000000000014
2022-05-06,2425,2460,2425,2430,109862,-0.012195121951219523
2022-05-09,2420,2450,2380,2380,107517,-0.020576131687242816
2022-05-10,2365,2370,2290,2345,150584,-0.014705882352941124
2022-05-11,2335,2375,2305,2340,73467,-0.002132196162046962
2022-05-12,2340,2340,2255,2285,107596,-0.023504273504273532
2022-05-13,2285,2315,2260,2290,162451,0.002188183807439792
2022-05-16,2300,2330,2290,2315,104065,0.01091703056768556
2022-05-17,2320,2330,2305,2325,58080,0.004319654427645814
2022-05-18,2340,2370,2335,2360,123218,0.01505376344086029
2022-05-19,2325,2335,2290,2315,57992,-0.01906779661016944
2022-05-20,2310,2350,2305,2340,84968,0.010799136069114423
2022-05-23,2340,2340,2300,2305,84684,-0.014957264957264904
2022-05-24,2305,2370,2270,2280,147661,-0.010845986984815648
2022-05-25,2280,2450,2270,2430,1618290,0.06578947368421062
2022-05-26,2320,2350,2310,2315,549765,-0.04732510288065839
2022-05-27,2325,2340,2320,2325,140194,0.004319654427645814
2022-05-30,2330,2365,2320,2355,134747,0.012903225806451646
2022-05-31,2350,2360,2330,2355,78287,0.0
2022-06-02,2340,2360,2335,2345,56620,-0.00424628450106157
2022-06-03,2360,2360,2325,2340,66088,-0.002132196162046962
2022-06-07,2340,2355,2315,2320,52489,-0.008547008547008517
2022-06-08,2315,2330,2300,2320,48391,0.0
2022-06-09,2300,2305,2285,2295,55490,-0.010775862068965525
2022-06-10,2295,2305,2275,2300,53622,0.002178649237472685
2022-06-13,2275,2275,2185,2195,150089,-0.04565217391304344
2022-06-14,2165,2180,2095,2150,351751,-0.02050113895216399
2022-06-15,2130,2140,2030,2035,290024,-0.05348837209302326
2022-06-16,2060,2120,2045,2080,147231,0.02211302211302213
2022-06-17,2025,2070,2005,2065,128425,-0.007211538461538436
2022-06-20,2095,2095,1920,1980,399291,-0.041162227602905554
2022-06-21,1970,1995,1910,1950,386021,-0.015151515151515138
2022-06-22,1950,1970,1845,1860,412388,-0.0461538461538461
2022-06-23,1850,1875,1785,1790,498657,-0.037634408602150504
2022-06-24,1795,1900,1795,1900,222104,0.06145251396648055
2022-06-27,1920,1980,1890,1955,230884,0.02894736842105261
2022-06-28,1965,1980,1925,1970,171785,0.007672634271099765
2022-06-29,1945,1990,1945,1965,74471,-0.0025380710659898
2022-06-30,1945,1990,1915,1965,116499,0.0
2022-07-01,2020,2065,1970,1975,329549,0.0050890585241729624
2022-07-04,2005,2015,1930,1955,156067,-0.010126582278481067
2022-07-05,1955,2020,1955,2015,261919,0.03069053708439906
2022-07-06,2015,2040,1980,1980,185351,-0.017369727047146455
2022-07-07,1980,2020,1980,2005,134989,0.012626262626262541
2022-07-08,2015,2030,2000,2015,135484,0.004987531172069737
2022-07-11,2015,2040,2005,2035,131681,0.00992555831265518
2022-07-12,2030,2040,1990,2015,125485,-0.009828009828009798
2022-07-13,2010,2195,2000,2105,1611537,0.04466501240694787
2022-07-14,2285,2485,2205,2260,11308642,0.07363420427553447
2022-07-15,2275,2275,2125,2140,1045672,-0.053097345132743334
2022-07-18,2170,2170,2105,2125,527098,-0.007009345794392496
2022-07-19,2125,2215,2090,2180,578480,0.025882352941176467
2022-07-20,2210,2210,2135,2160,457487,-0.00917431192660545
2022-07-21,2165,2180,2140,2170,250328,0.004629629629629539
2022-07-22,2175,2220,2160,2185,295929,0.00691244239631339
2022-07-25,2175,2235,2170,2180,270438,-0.0022883295194507935
2022-07-26,2180,2215,2155,2170,258141,-0.004587155963302725
2022-07-27,2170,2210,2150,2195,189946,0.011520737327188835
2022-07-28,2225,2225,2175,2175,187479,-0.009111617312072884
2022-07-29,2185,2190,2175,2190,154872,0.006896551724137945
2022-08-01,2190,2220,2185,2210,242881,0.009132420091324311
2022-08-02,2210,2255,2190,2225,248990,0.006787330316742057
2022-08-03,2215,2255,2205,2245,129897,0.008988764044943753
2022-08-04,2240,2305,2225,2265,333767,0.008908685968819663
2022-08-05,2270,2355,2270,2305,328865,0.017660044150110465
2022-08-08,2300,2350,2295,2345,210387,0.017353579175704903
2022-08-09,2345,2415,2330,2390,502562,0.019189765458422103
2022-08-10,2380,2405,2355,2360,190892,-0.012552301255230103
2022-08-11,2365,2405,2360,2400,197434,0.016949152542372836
2022-08-12,2400,2430,2380,2405,291093,0.002083333333333437
2022-08-16,2410,2435,2390,2420,182609,0.006237006237006293
2022-08-17,2420,2430,2395,2395,266878,-0.010330578512396715
2022-08-18,2390,2400,2310,2360,489397,-0.014613778705636737
2022-08-19,2365,2420,2365,2405,288167,0.019067796610169552
2022-08-22,2380,2430,2370,2400,283365,-0.0020790020790020236
2022-08-23,2385,2425,2360,2385,185786,-0.006249999999999978
2022-08-24,2400,2400,2350,2395,94403,0.004192872117400492
2022-08-25,2395,2405,2375,2395,76297,0.0
2022-08-26,2395,2395,2360,2375,115655,-0.008350730688935326
2022-08-29,2305,2330,2295,2310,54134,-0.027368421052631597
2022-08-30,2310,2335,2310,2330,60068,0.008658008658008587
2022-08-31,2340,2340,2290,2335,41301,0.0021459227467810482
2022-09-01,2330,2330,2270,2295,86755,-0.017130620985010725
2022-09-02,2280,2290,2250,2290,96588,-0.002178649237472796
2022-09-05,2280,2280,2230,2230,64934,-0.026200873362445365
2022-09-06,2230,2270,2230,2270,69000,0.017937219730941756
2022-09-07,2265,2275,2210,2275,58177,0.0022026431718060735
2022-09-08,2250,2275,2220,2275,46643,0.0
2022-09-13,2285,2320,2275,2310,53251,0.01538461538461533
2022-09-14,2270,2285,2230,2285,30916,-0.010822510822510845
2022-09-15,2290,2290,2245,2280,41436,-0.002188183807439792
2022-09-16,2265,2270,2225,2230,59462,-0.021929824561403466
2022-09-19,2230,2235,2180,2215,63849,-0.006726457399103158
2022-09-20,2215,2235,2210,2210,39464,-0.0022573363431150906
2022-09-21,2205,2215,2170,2200,55838,-0.004524886877828038
2022-09-22,2180,2205,2110,2205,129359,0.002272727272727204
2022-09-23,2195,2215,2140,2215,44072,0.0045351473922903285
2022-09-26,2140,2215,2115,2210,121638,-0.0022573363431150906
2022-09-27,2170,2215,2140,2210,106619,0.0
2022-09-28,2215,2215,2140,2160,38136,-0.022624434389140302
2022-09-29,2160,2180,2135,2135,31018,-0.01157407407407407
2022-09-30,2110,2130,2080,2130,41709,-0.0023419203747072626
2022-10-04,2130,2240,2105,2175,172149,0.021126760563380254
2022-10-05,2180,2200,2125,2170,69467,-0.0022988505747126853
2022-10-06,2180,2185,2150,2180,42465,0.004608294930875667
2022-10-07,2175,2215,2155,2185,72784,0.002293577981651307
2022-10-11,2180,2195,2115,2125,53697,-0.027459954233409634
2022-10-12,2125,2150,2105,2145,44010,0.009411764705882453
2022-10-13,2140,2145,2110,2130,50797,-0.006993006993006978
2022-10-14,2130,2185,2130,2185,65379,0.025821596244131495
2022-10-17,2185,2190,2140,2190,34804,0.0022883295194509046
2022-10-18,2200,2215,2170,2210,43320,0.009132420091324311
2022-10-19,2220,2225,2195,2215,27227,0.002262443438914019
2022-10-20,2200,2215,2165,2195,20387,-0.009029345372460473
2022-10-21,2165,2180,2135,2140,45594,-0.02505694760820043
2022-10-24,2140,2160,2105,2145,56342,0.002336448598130758
2022-10-25,2145,2155,2130,2155,28425,0.004662004662004726
2022-10-26,2155,2160,2125,2145,26631,-0.004640371229698403
2022-10-27,2140,2175,2135,2175,25775,0.013986013986013957
2022-10-28,2170,2175,2145,2165,12638,-0.0045977011494252595
2022-10-31,2165,2170,2145,2160,28954,-0.002309468822170868
2022-11-01,2160,2180,2140,2180,16630,0.0092592592592593
2022-11-02,2180,2180,2160,2180,12218,0.0
2022-11-03,2160,2180,2125,2180,27984,0.0
2022-11-04,2175,2180,2145,2180,47878,0.0
2022-11-07,2180,2200,2170,2190,44375,0.004587155963302836
2022-11-08,2195,2205,2180,2200,74673,0.004566210045662045
2022-11-09,2200,2230,2185,2215,111573,0.006818181818181834
2022-11-10,2210,2230,2190,2215,18401,0.0
2022-11-11,2235,2250,2230,2250,60144,0.015801354401805856
2022-11-14,2250,2255,2235,2255,33339,0.0022222222222221255
2022-11-15,2260,2270,2245,2265,53477,0.0044345898004434225
2022-11-16,2265,2270,2250,2270,56247,0.002207505518763808
2022-11-17,2260,2295,2255,2270,64492,0.0
2022-11-18,2265,2285,2215,2255,68330,-0.0066079295154185536
2022-11-21,2255,2255,2200,2220,48198,-0.01552106430155209
2022-11-22,2200,2220,2190,2210,44236,-0.0045045045045044585
2022-11-23,2205,2360,2200,2250,521240,0.018099547511312153
2022-11-24,2250,2285,2235,2265,98810,0.006666666666666599
2022-11-25,2270,2285,2250,2280,43365,0.0066225165562914245
2022-11-28,2280,2310,2265,2280,81049,0.0
2022-11-29,2275,2300,2255,2300,67464,0.00877192982456143
2022-11-30,2300,2325,2285,2320,94169,0.008695652173912993
2022-12-01,2340,2340,2310,2330,73923,0.004310344827586299
2022-12-02,2340,2340,2295,2300,75289,-0.012875536480686733
2022-12-05,2300,2315,2270,2300,83663,0.0
2022-12-06,2300,2300,2265,2270,91528,-0.013043478260869601
2022-12-07,2260,2300,2245,2290,58225,0.008810572687224738
2022-12-08,2280,2300,2270,2285,40402,-0.0021834061135370675
2022-12-09,2285,2295,2265,2295,33473,0.004376367614879584
2022-12-12,2295,2330,2290,2330,51604,0.015250544662309462
2022-12-13,2320,2350,2315,2340,70143,0.0042918454935623185
2022-12-14,2340,2350,2320,2340,25574,0.0
2022-12-15,2340,2345,2325,2340,45884,0.0
2022-12-16,2325,2330,2305,2320,22958,-0.008547008547008517
2022-12-19,2305,2320,2295,2315,31785,-0.0021551724137931494
2022-12-20,2310,2320,2285,2305,73614,-0.004319654427645814
2022-12-21,2295,2340,2295,2325,71410,0.008676789587852562
2022-12-22,2330,2345,2320,2335,46729,0.004301075268817289
2022-12-23,2335,2345,2315,2345,80261,0.004282655246252709
2022-12-26,2330,2350,2315,2350,82217,0.002132196162046851
2022-12-27,2355,2360,2330,2360,91886,0.004255319148936065
2022-12-28,2300,2330,2260,2265,93753,-0.0402542372881356
2022-12-29,2265,2265,2170,2185,112937,-0.03532008830022071
2023-01-02,2185,2195,2125,2155,47378,-0.013729977116704761
2023-01-03,2125,2145,2020,2115,124302,-0.018561484918793503
2023-01-04,2095,2145,2085,2135,46983,0.009456264775413725
2023-01-05,2140,2160,2130,2150,31960,0.007025761124121788
2023-01-06,2145,2180,2130,2165,19363,0.006976744186046435
2023-01-09,2185,2195,2165,2180,20079,0.006928406466512715
2023-01-10,2190,2200,2170,2190,30753,0.004587155963302836
2023-01-11,2190,2205,2185,2190,27009,0.0
2023-01-12,2205,2215,2170,2195,22191,0.0022831050228311334
2023-01-13,2205,2280,2190,2190,85511,-0.002277904328018221
2023-01-16,2205,2210,2190,2200,20500,0.004566210045662045
2023-01-17,2200,2210,2185,2185,13362,-0.006818181818181834
2023-01-18,2305,2840,2270,2630,20684642,0.20366132723112118
2023-01-19,2590,2610,2435,2545,3506908,-0.03231939163498099
2023-01-20,2535,2620,2495,2555,1864073,0.003929273084479323
2023-01-25,2525,2995,2505,2780,17980251,0.08806262230919759
2023-01-26,3100,3335,2815,2915,19760975,0.04856115107913661
2023-01-27,2910,3420,2880,3265,27284343,0.12006861063464846
2023-01-30,3535,4240,3460,4240,34144857,0.29862174578866774
2023-01-31,4170,4870,4025,4335,44637902,0.022405660377358583
2023-02-01,4335,4375,3920,4030,6176094,-0.07035755478662054
2023-02-02,3995,4160,3870,4065,4819580,0.008684863523573227
2023-02-03,4065,4095,3960,4015,2097715,-0.012300123001230068
2023-02-06,4000,4070,3835,4005,3671781,-0.00249066002490661
2023-02-07,4015,4120,3910,4110,3816740,0.02621722846441954
2023-02-08,4155,4380,4020,4380,4730862,0.06569343065693434
2023-02-09,4355,4360,4105,4210,3219788,-0.038812785388127824
2023-02-10,4100,4120,3905,4010,1874197,-0.04750593824228033
2023-02-13,3980,4320,3980,4310,3324957,0.07481296758104738
2023-02-14,4330,4415,4185,4385,2649986,0.01740139211136893
2023-02-15,4300,4350,4015,4155,2342401,-0.05245153933865454
2023-02-16,4120,4280,4055,4215,2011503,0.014440433212996373
2023-02-17,4085,4240,3905,3980,2620032,-0.05575326215895615
2023-02-20,3950,4230,3920,4040,2660236,0.015075376884422065
2023-02-21,4040,4625,4025,4180,15403694,0.034653465346534684
2023-02-22,4105,4335,4010,4035,2872821,-0.03468899521531099
2023-02-23,4100,4745,4045,4285,27036615,0.061957868649318515
2023-02-24,4255,4440,4085,4100,6566121,-0.043173862310385114
2023-02-27,4190,4705,4035,4700,22735952,0.14634146341463405
2023-02-28,4580,5920,4450,5460,55159108,0.16170212765957448
2023-03-02,5620,5850,5260,5460,12969800,0.0
2023-03-03,5410,5610,5220,5380,5284814,-0.0146520146520146
2023-03-06,5360,5390,5100,5240,3165902,-0.026022304832713727
2023-03-07,5250,5320,4920,4970,3401008,-0.05152671755725191
2023-03-08,4900,5040,4755,4805,2804278,-0.03319919517102621
2023-03-09,4875,4950,4545,4655,3624507,-0.031217481789802326
2023-03-10,4515,4600,4425,4465,2159075,-0.04081632653061229
2023-03-13,4370,4735,4295,4500,5378154,0.007838745800671898
2023-03-14,4630,4630,4130,4145,3161865,-0.0788888888888889
2023-03-15,4295,4365,4200,4270,1593756,0.030156815440289586
2023-03-16,4125,4295,4080,4185,1826475,-0.01990632318501173
2023-03-17,4250,4470,4125,4355,4955663,0.04062126642771813
2023-03-20,4350,4405,4260,4305,1114994,-0.01148105625717566
2023-03-21,4280,4500,4200,4400,4393892,0.022067363530778206
2023-03-22,4650,4770,4370,4370,8237528,-0.006818181818181834
2023-03-23,4270,4310,4120,4200,2428292,-0.0389016018306636
2023-03-24,4200,4435,4155,4300,3823624,0.023809523809523725
2023-03-27,4255,4315,4195,4195,1159393,-0.024418604651162745
2023-03-28,4170,4230,4120,4120,1305574,-0.017878426698450522
2023-03-29,4060,4110,4000,4030,1357441,-0.021844660194174748
2023-03-30,4035,4055,3970,4035,958844,0.001240694789081953
2023-03-31,4050,4050,3905,3910,1066656,-0.030978934324659257
2023-04-03,3910,4030,3910,4000,820934,0.023017902813299296
2023-04-04,3980,4085,3950,4030,1017394,0.007500000000000062
2023-04-05,4070,4075,3990,4020,521330,-0.002481389578163795
2023-04-06,3985,4010,3850,3910,915614,-0.027363184079602032
2023-04-07,3930,3940,3775,3785,1219001,-0.03196930946291565
2023-04-10,3750,3780,3665,3730,1234106,-0.014531043593130732
2023-04-11,3705,3765,3640,3745,1021893,0.004021447721179516
2023-04-12,3745,3810,3710,3750,767586,0.001335113484646211
2023-04-13,3715,3740,3620,3680,748541,-0.01866666666666672
2023-04-14,3715,3775,3680,3725,590337,0.012228260869565188
2023-04-17,3760,3775,3680,3735,478727,0.0026845637583892135
2023-04-18,3745,3745,3625,3650,634584,-0.022757697456492587
2023-04-19,3640,3710,3610,3670,436372,0.005479452054794498
2023-04-20,3645,3695,3580,3595,639604,-0.02043596730245234
2023-04-21,3595,3680,3545,3625,660979,0.008344923504867818
2023-04-24,3600,3630,3545,3570,371170,-0.015172413793103412
2023-04-25,3560,3770,3540,3560,708764,-0.0028011204481792618
2023-04-26,3535,3640,3465,3550,697336,-0.002808988764044895
2023-04-27,3550,3580,3490,3550,410597,0.0
2023-04-28,3560,3675,3525,3535,692788,-0.004225352112676051
2023-05-02,3505,3670,3505,3650,465932,0.032531824611032434
2023-05-03,3615,3695,3610,3680,386333,0.008219178082191858
2023-05-04,3640,3660,3540,3565,410663,-0.03125
2023-05-08,3565,3615,3550,3570,275496,0.0014025245441795509
2023-05-09,3545,3570,3440,3485,400154,-0.023809523809523836
2023-05-10,3465,3495,3390,3420,383304,-0.0186513629842181
2023-05-11,3450,3830,3400,3430,4480046,0.0029239766081872176
2023-05-12,3410,3430,3320,3360,492147,-0.020408163265306145
2023-05-15,3395,3420,3325,3360,504313,0.0
2023-05-16,3350,3420,3335,3365,343457,0.0014880952380953438
2023-05-17,3370,3495,3340,3460,460749,0.028231797919762158
2023-05-18,3480,3545,3450,3540,395111,0.023121387283236983
2023-05-19,3540,3590,3505,3540,452919,0.0
2023-05-22,3535,3535,3455,3460,316388,-0.02259887005649719
2023-05-23,3460,3515,3415,3505,324735,0.013005780346820872
2023-05-24,3465,3495,3380,3380,325265,-0.03566333808844513
2023-05-25,3415,3490,3350,3365,336987,-0.004437869822485174
2023-05-26,3390,3420,3340,3345,230488,-0.005943536404160454
2023-05-30,3350,3385,3290,3380,255446,0.010463378176382765
2023-05-31,3380,3615,3355,3420,1154866,0.01183431952662728
2023-06-01,3385,3415,3335,3345,245203,-0.021929824561403466
2023-06-02,3350,3475,3340,3430,457853,0.025411061285500747
2023-06-05,3430,3685,3410,3600,4018671,0.04956268221574334
2023-06-07,3840,3870,3495,3495,4883552,-0.029166666666666674
2023-06-08,3470,3535,3435,3515,686244,0.005722460658083017
2023-06-09,3515,3535,3450,3450,487997,-0.01849217638691325
2023-06-12,3450,3550,3445,3510,485378,0.017391304347825987
2023-06-13,3520,3565,3505,3515,341015,0.0014245014245013454
2023-06-14,3510,3525,3390,3410,423264,-0.02987197724039825
2023-06-15,3415,3465,3335,3365,287422,-0.01319648093841641
2023-06-16,3365,3405,3360,3385,163648,0.005943536404160454
2023-06-19,3360,3385,3300,3300,260644,-0.025110782865583436
2023-06-20,3300,3305,3215,3250,327921,-0.015151515151515138
2023-06-21,3285,3850,3285,3580,20539170,0.10153846153846158
2023-06-22,3530,3610,3500,3560,1682705,-0.005586592178770999
2023-06-23,3540,3545,3445,3455,1167409,-0.0294943820224719
2023-06-26,3445,3745,3440,3675,5214848,0.06367583212735162
2023-06-27,3605,3685,3600,3665,1166538,-0.0027210884353741083
2023-06-28,3725,3725,3570,3645,1184650,-0.00545702592087316
2023-06-29,3660,3960,3590,3880,10835700,0.06447187928669407
2023-06-30,3810,3855,3720,3800,1992208,-0.020618556701030966
2023-07-03,3775,3850,3745,3790,1060999,-0.0026315789473684292
2023-07-04,3770,3775,3610,3650,1181692,-0.03693931398416883
2023-07-05,3650,3670,3550,3565,680152,-0.023287671232876672
2023-07-06,3535,3545,3325,3340,1144753,-0.06311360448807857
2023-07-07,3325,3345,3225,3280,533689,-0.017964071856287456
2023-07-10,3250,3330,3220,3230,360391,-0.015243902439024404
2023-07-11,3230,3320,3230,3320,281571,0.02786377708978338
2023-07-12,3295,3370,3285,3350,239259,0.009036144578313143
2023-07-13,3395,3430,3360,3405,321697,0.016417910447761086
2023-07-14,3415,3415,3255,3265,498580,-0.04111600587371511
2023-07-17,3265,3415,3230,3400,449281,0.04134762633996947
2023-07-18,3415,3425,3340,3350,300993,-0.014705882352941124
2023-07-19,3360,3500,3280,3280,1322857,-0.020895522388059695
2023-07-20,3250,3325,3250,3280,168146,0.0
2023-07-21,3250,3430,3250,3375,598019,0.028963414634146423
2023-07-24,3375,3400,3265,3290,435068,-0.0251851851851852
2023-07-25,3290,3305,3060,3060,956723,-0.06990881458966569
2023-07-26,3060,3085,2790,2840,1200693,-0.07189542483660127
2023-07-27,2825,3080,2825,2980,621078,0.04929577464788726
2023-07-28,2980,3140,2980,3115,380707,0.04530201342281881
2023-07-31,3120,3220,3040,3180,358724,0.020866773675762396
2023-08-01,3200,3390,3155,3315,1054152,0.04245283018867929
2023-08-02,3410,3410,3210,3250,482848,-0.019607843137254943
2023-08-03,3225,3230,3070,3120,502840,-0.040000000000000036
2023-08-04,3110,3310,3090,3300,421582,0.05769230769230771
2023-08-07,3300,3385,3260,3335,395434,0.010606060606060508
2023-08-08,3335,3400,3260,3300,419726,-0.010494752623688153
2023-08-09,3270,3320,3215,3315,220577,0.00454545454545463
2023-08-10,3255,3305,3150,3220,316645,-0.02865761689291102
2023-08-11,3230,3275,3185,3255,194474,0.010869565217391353
2023-08-14,3290,3290,3195,3245,141493,-0.003072196620583667
2023-08-16,3185,3235,3080,3115,423182,-0.04006163328197232
2023-08-17,3090,3100,2980,3045,296952,-0.022471910112359605
2023-08-18,3005,3060,2965,3050,243010,0.0016420361247948545
2023-08-21,3050,3100,3015,3085,130352,0.011475409836065653
2023-08-22,3070,3140,3020,3035,229237,-0.01620745542949753
2023-08-23,3005,3135,2990,3105,660332,0.023064250411861664
2023-08-24,3585,3775,3240,3260,8867820,0.0499194847020934
2023-08-25,3200,3235,3120,3145,998916,-0.03527607361963192
2023-08-28,3140,3300,3140,3255,1048506,0.03497615262321152
2023-08-29,3230,3495,3230,3370,3139649,0.03533026113671278
2023-08-30,3370,3515,3345,3510,3312778,0.041543026706231556
2023-08-31,3540,3570,3300,3335,1498711,-0.049857549857549865
2023-09-01,3335,3370,3285,3300,533806,-0.010494752623688153
2023-09-04,3280,3325,3250,3300,329400,0.0
2023-09-05,3260,3300,3220,3290,356824,-0.00303030303030305
2023-09-06,3295,3515,3250,3420,999054,0.03951367781155013
2023-09-07,3395,3410,3315,3365,651220,-0.016081871345029253
2023-09-08,3320,3395,3315,3350,413108,-0.004457652303120341
2023-09-11,3355,3400,3290,3330,399968,-0.005970149253731294
2023-09-12,3320,3475,3220,3250,1220743,-0.024024024024024038
2023-09-13,3230,3260,3180,3220,302774,-0.009230769230769265
2023-09-14,3220,3295,3215,3245,225484,0.007763975155279601
2023-09-15,3220,3430,3215,3400,1280035,0.04776579352850541
2023-09-18,3360,4420,3330,4420,44921929,0.30000000000000004
2023-09-19,4795,4915,4145,4420,66446009,0.0
2023-09-20,4555,4990,4400,4420,61899978,0.0
2023-09-21,4595,4890,4415,4505,31344196,0.019230769230769162
2023-09-22,4330,4380,4175,4265,5473210,-0.05327413984461704
2023-09-25,4200,4235,3935,4020,4750770,-0.05744431418522855
2023-09-26,3935,4020,3730,3730,4374465,-0.07213930348258701
2023-09-27,3830,3860,3590,3670,3987326,-0.01608579088471851
2023-10-04,3620,3665,3445,3470,2095845,-0.05449591280653954
2023-10-05,3495,3750,3380,3425,14491636,-0.012968299711815567
2023-10-06,3385,3660,3385,3570,3372655,0.04233576642335768
2023-10-10,3585,3645,3345,3360,2195988,-0.05882352941176472
2023-10-11,3420,3570,3420,3550,2324037,0.05654761904761907
2023-10-12,3560,3690,3530,3540,2409778,-0.0028169014084507005
2023-10-13,3530,3610,3410,3495,1809902,-0.012711864406779627
2023-10-16,3445,3445,3335,3375,1018408,-0.03433476394849788
2023-10-17,3410,3490,3405,3465,1174718,0.026666666666666616
2023-10-18,3600,3605,3435,3550,3204890,0.024531024531024626
2023-10-19,3450,3530,3365,3400,1512946,-0.04225352112676062
2023-10-20,3350,3400,3150,3215,1864039,-0.05441176470588238
2023-10-23,3205,3290,3200,3235,758348,0.0062208398133747345
2023-10-24,3285,3450,3230,3450,2297616,0.06646058732612059
2023-10-25,3460,3530,3425,3505,1436642,0.01594202898550723
2023-10-26,3420,3615,3320,3380,3736795,-0.03566333808844513
2023-10-27,3380,3435,3250,3340,757905,-0.011834319526627168
2023-10-30,3400,3565,3395,3540,2322864,0.05988023952095811
2023-10-31,3565,3610,3490,3545,2551902,0.0014124293785311437
2023-11-01,3520,3520,3385,3420,1744084,-0.035260930888575404
2023-11-02,3450,3555,3425,3510,1594644,0.026315789473684292
2023-11-03,3545,3660,3505,3630,2558582,0.03418803418803429
2023-11-06,3660,3675,3540,3630,1922956,0.0
2023-11-07,3600,3620,3470,3575,1183704,-0.015151515151515138
2023-11-08,3565,3600,3420,3440,1289087,-0.03776223776223775
2023-11-09,3405,3440,3330,3330,699748,-0.03197674418604646
2023-11-10,3280,3330,3215,3305,680038,-0.007507507507507505
2023-11-13,3310,3325,3225,3235,458523,-0.021180030257186067
2023-11-14,3240,3350,3240,3320,375976,0.026275115919629055
2023-11-15,3370,3400,3335,3365,444538,0.013554216867469826
2023-11-16,3375,3450,3355,3400,315131,0.010401188707280795
2023-11-17,3405,3405,3265,3275,495029,-0.03676470588235292
2023-11-20,3275,3330,3255,3315,473474,0.012213740458015376
2023-11-21,3355,3390,3340,3365,390700,0.015082956259426794
2023-11-22,3330,3355,3300,3310,391033,-0.01634472511144136
2023-11-23,3315,3340,3245,3260,518254,-0.015105740181268867
2023-11-24,3255,3270,3230,3260,259613,0.0
2023-11-27,3265,3265,3140,3160,794721,-0.030674846625766916
2023-11-28,3165,3180,3060,3110,605283,-0.015822784810126556
2023-11-29,3120,3890,3100,3600,33078624,0.157556270096463
2023-11-30,3525,3700,3490,3510,6405445,-0.025000000000000022
2023-12-01,3590,3855,3570,3680,14421264,0.04843304843304841
2023-12-04,3620,3815,3610,3685,4557611,0.0013586956521738358
2023-12-05,3685,3700,3510,3555,2144099,-0.035278154681139706
2023-12-06,3505,3595,3430,3595,1445093,0.011251758087201136
2023-12-07,3580,3590,3440,3530,1096902,-0.018080667593880384
2023-12-08,3525,3630,3525,3565,1355758,0.009915014164305846
2023-12-11,3590,4020,3565,3860,21536263,0.08274894810659195
2023-12-12,3860,3975,3810,3880,5293690,0.005181347150259086
2023-12-13,3925,4280,3795,3830,18827098,-0.012886597938144284
2023-12-14,3795,3900,3650,3780,4714212,-0.01305483028720622
2023-12-15,3835,3860,3615,3630,2884834,-0.03968253968253965
2023-12-18,3630,3755,3615,3710,1491950,0.02203856749311295
2023-12-19,3705,3705,3615,3675,1051436,-0.009433962264150941
2023-12-20,3675,3755,3670,3695,1197516,0.0054421768707482165
2023-12-21,3660,3850,3655,3675,2951137,-0.005412719891745632
2023-12-22,3695,3800,3655,3795,1789867,0.03265306122448974
2023-12-26,3795,3800,3705,3710,1112724,-0.022397891963109373
2023-12-27,3670,3685,3560,3615,993053,-0.025606469002695365
2023-12-28,3595,3625,3570,3600,491979,-0.004149377593360981
2024-01-02,3640,3790,3620,3765,1292784,0.04583333333333339
2024-01-03,3765,3905,3715,3810,2678654,0.01195219123505975
2024-01-04,4000,4080,3780,3785,5513060,-0.006561679790026198
2024-01-05,3795,3840,3720,3750,1086395,-0.009247027741083214
2024-01-08,3785,3940,3725,3855,2209932,0.028000000000000025
2024-01-09,3885,3910,3805,3885,1201380,0.0077821011673151474
2024-01-10,3870,3870,3780,3785,857611,-0.025740025740025763
2024-01-11,3820,3975,3820,3860,2078710,0.01981505944517825
2024-01-12,3895,3940,3795,3800,1522097,-0.015544041450777257
2024-01-15,3850,3850,3700,3780,860848,-0.0052631578947368585
2024-01-16,3780,3930,3645,3665,2143539,-0.030423280423280463
2024-01-17,3650,3690,3355,3365,2002392,-0.08185538881309684
2024-01-18,3380,3520,3365,3500,902132,0.04011887072808329
2024-01-19,3580,4230,3550,4040,35390345,0.15428571428571436
2024-01-22,3950,4135,3920,4045,7953152,0.0012376237623761277
2024-01-23,4400,4545,4050,4055,16901510,0.0024721878862794533
2024-01-24,4060,4090,3770,3900,3096596,-0.038224414303329235
2024-01-25,3900,4220,3810,4065,8137998,0.04230769230769238
2024-01-26,3950,4050,3915,3970,1701284,-0.02337023370233704
2024-01-29,3950,3975,3620,3715,2772266,-0.0642317380352645
2024-01-30,3720,3795,3580,3675,1225072,-0.010767160161507361
2024-01-31,3650,3750,3615,3750,975697,0.020408163265306145
2024-02-01,3725,3905,3725,3790,1586255,0.010666666666666602
2024-02-02,3850,3920,3825,3845,988604,0.014511873350923521
2024-02-05,3900,3900,3715,3790,1200838,-0.014304291287386195
2024-02-06,3790,3810,3670,3700,837448,-0.0237467018469657
2024-02-07,3810,3890,3620,3635,3359962,-0.01756756756756761
2024-02-08,3625,3685,3570,3670,805425,0.009628610729023324
2024-02-13,3680,3715,3670,3710,652335,0.01089918256130784
2024-02-14,3670,3815,3650,3800,776646,0.0242587601078168
2024-02-15,3760,3785,3700,3725,742201,-0.019736842105263164
2024-02-16,3775,3800,3710,3795,656294,0.01879194630872494
2024-02-19,3820,4050,3795,3995,3578045,0.05270092226613965
2024-02-20,4160,4335,4065,4150,8192386,0.038798498122653235
2024-02-21,4110,4140,3985,4005,1903899,-0.034939759036144546
2024-02-22,4035,4040,3915,3940,1405852,-0.01622971285892638
2024-02-23,3940,3950,3865,3915,852831,-0.006345177664974666
2024-02-26,3945,3945,3805,3905,1370241,-0.0025542784163473664
2024-02-27,4120,4210,3835,3860,4751439,-0.011523687580025643
2024-02-28,3905,3970,3825,3865,1212223,0.0012953367875647714
2024-02-29,3830,4100,3740,3920,3678982,0.014230271668822736
2024-03-04,3905,4015,3845,3860,1379502,-0.015306122448979553
2024-03-05,3850,3905,3770,3800,757602,-0.015544041450777257
2024-03-06,3775,3820,3730,3735,579789,-0.017105263157894735
2024-03-07,3740,3750,3610,3630,848937,-0.028112449799196804
2024-03-08,3650,3710,3635,3690,566417,0.016528925619834656
2024-03-11,3690,3775,3665,3690,515697,0.0
2024-03-12,3730,3730,3650,3660,505227,-0.008130081300813052
2024-03-13,3690,3815,3670,3785,814378,0.03415300546448097
2024-03-14,3800,3810,3710,3740,435071,-0.011889035667106973
2024-03-15,3720,3750,3670,3745,466486,0.0013368983957218195
2024-03-18,3740,3790,3690,3740,528669,-0.001335113484646211
2024-03-19,3720,3775,3635,3675,714770,-0.017379679144384985
2024-03-20,3680,3725,3660,3660,482879,-0.004081632653061273
2024-03-21,3700,3760,3685,3700,534728,0.010928961748633892
2024-03-22,3700,3710,3645,3665,406615,-0.009459459459459474
2024-03-25,3665,3710,3650,3660,230923,-0.0013642564802183177
2024-03-26,3660,3680,3580,3600,601863,-0.016393442622950838
2024-03-27,3600,3615,3500,3520,507014,-0.022222222222222254
2024-03-28,3505,3520,3470,3475,381210,-0.01278409090909094
2024-03-29,3515,3515,3460,3480,251299,0.0014388489208632116
2024-04-01,3495,3535,3490,3515,278514,0.010057471264367734
2024-04-02,3515,3545,3425,3450,457335,-0.01849217638691325
2024-04-03,3420,3445,3370,3390,326472,-0.017391304347826098
2024-04-04,3405,3430,3365,3375,322900,-0.004424778761061954
2024-04-05,3365,3370,3300,3355,432981,-0.00592592592592589
2024-04-08,3355,3355,3285,3290,281341,-0.019374068554396384
2024-04-09,3270,3325,3245,3270,261586,-0.006079027355623046
2024-04-11,3235,3310,3185,3285,208831,0.004587155963302836
2024-04-12,3290,3360,3245,3255,321309,-0.0091324200913242
2024-04-15,3225,3245,3155,3220,303728,-0.010752688172043001
2024-04-16,3200,3220,3130,3150,296254,-0.021739130434782594
2024-04-17,3150,3245,3145,3150,235191,0.0
2024-04-18,3155,3230,3155,3190,223612,0.012698412698412653
2024-04-19,3190,3215,3050,3080,502133,-0.03448275862068961
2024-04-22,3090,3150,3090,3145,189907,0.02110389610389607
2024-04-23,3135,3190,3105,3115,270986,-0.009538950715421324
2024-04-24,3145,3235,3140,3210,333715,0.03049759229534521
2024-04-25,3180,3250,3175,3200,272914,-0.0031152647975077885
2024-04-26,3200,3225,3145,3170,236972,-0.009375000000000022
2024-04-29,3170,3230,3170,3215,237936,0.014195583596214423
2024-04-30,3210,3255,3190,3200,234746,-0.004665629860031051
2024-05-02,3200,3235,3195,3220,130904,0.006250000000000089
2024-05-03,3240,3245,3205,3210,251461,-0.0031055900621117516
2024-05-07,3250,3290,3240,3270,571828,0.01869158878504673
2024-05-08,3395,3395,3270,3330,674501,0.0183486238532109
2024-05-09,3300,3345,3295,3310,290491,-0.006006006006005982
2024-05-10,3330,3350,3280,3280,257613,-0.009063444108761365
2024-05-13,3270,3310,3265,3290,259724,0.0030487804878047697
2024-05-14,3305,3355,3285,3350,215612,0.01823708206686936
2024-05-16,3350,3375,3305,3315,273302,-0.010447761194029903
2024-05-17,3305,3315,3270,3275,199333,-0.012066365007541435
2024-05-20,3300,3300,3240,3255,165559,-0.006106870229007688
2024-05-21,3250,3305,3235,3300,283046,0.01382488479262678
2024-05-22,3315,3330,3255,3255,217153,-0.013636363636363669
2024-05-23,3240,3270,3210,3250,197999,-0.001536098310291889
2024-05-24,3225,3280,3225,3250,156012,0.0
2024-05-27,3265,3290,3210,3260,477615,0.003076923076922977
2024-05-28,3250,3310,3250,3280,264184,0.006134969325153339
2024-05-29,3270,3305,3245,3285,336281,0.0015243902439023849
2024-05-30,3275,3310,3265,3275,219247,-0.0030441400304414
2024-05-31,3265,3300,3155,3180,335697,-0.02900763358778624
2024-06-03,3200,3285,3160,3270,283991,0.028301886792452935
2024-06-04,3435,3475,3260,3270,2120863,0.0
2024-06-05,3285,3635,3215,3290,12109310,0.006116207951070374
2024-06-07,3315,3355,3295,3340,669246,0.015197568389057725
2024-06-10,3300,3330,3270,3295,449284,-0.013473053892215536
2024-06-11,3275,3320,3250,3275,449503,-0.006069802731411222
2024-06-12,3265,3335,3255,3335,1170260,0.018320610687022842
2024-06-13,3660,3660,3350,3370,4556037,0.010494752623688264
2024-06-14,3380,3420,3325,3345,552279,-0.007418397626112738
2024-06-17,3325,3400,3325,3350,382528,0.001494768310911887
2024-06-18,3345,3380,3335,3360,321120,0.0029850746268655914
2024-06-19,3370,3430,3345,3390,498530,0.008928571428571397
2024-06-20,3395,3425,3370,3425,274906,0.010324483775811188
2024-06-21,3405,3480,3400,3440,691090,0.004379562043795637
2024-06-24,3430,3440,3345,3345,386034,-0.02761627906976749
2024-06-25,3315,3365,3315,3330,203925,-0.004484304932735439
2024-06-26,3330,3365,3320,3320,187172,-0.0030030030030030463
2024-06-27,3310,3340,3230,3230,427275,-0.027108433734939763
2024-06-28,3230,3265,3220,3250,172765,0.006191950464396356
2024-07-01,3240,3290,3240,3275,182508,0.007692307692307665
2024-07-02,3265,3285,3195,3210,278884,-0.01984732824427482
2024-07-03,3200,3215,3125,3140,350717,-0.02180685358255452
2024-07-04,3140,3325,3140,3190,595866,0.015923566878981
2024-07-05,3175,3210,3175,3200,230215,0.0031347962382444194
2024-07-08,3195,3225,3185,3215,189412,0.004687499999999956
2024-07-09,3210,3240,3210,3225,165966,0.0031104199066873672
2024-07-10,3225,3305,3220,3295,285039,0.02170542635658923
2024-07-11,3295,3300,3250,3250,139594,-0.01365705614567525
2024-07-12,3235,3265,3205,3230,171956,-0.006153846153846176
2024-07-15,3230,3255,3155,3230,99019,0.0
2024-07-16,3230,3255,3195,3230,142155,0.0
2024-07-17,3235,3265,3220,3230,189499,0.0
2024-07-18,3210,3230,3175,3215,204637,-0.004643962848297267
2024-07-19,3215,3235,3195,3235,150199,0.0062208398133747345
2024-07-22,3215,3230,3165,3190,326999,-0.01391035548686248
2024-07-23,3180,3210,3160,3160,195494,-0.009404388714733591
2024-07-24,3170,3185,3140,3145,150086,-0.004746835443038
2024-07-25,3110,3115,3045,3050,393538,-0.030206677265500748
2024-07-26,3110,3280,3085,3100,1320404,0.016393442622950838
2024-07-29,3115,3180,3075,3175,578612,0.024193548387096753
2024-07-30,3140,3160,3095,3095,202477,-0.025196850393700787
2024-07-31,3085,3140,3080,3115,244642,0.00646203554119551
2024-08-01,3120,3200,3120,3195,343670,0.025682182985553803
2024-08-02,3140,3160,3085,3090,314549,-0.032863849765258246
2024-08-05,3055,3055,2520,2615,916924,-0.15372168284789645
2024-08-06,2610,2830,2600,2725,660297,0.042065009560229516
2024-08-07,2725,2835,2720,2820,191758,0.034862385321100975
2024-08-08,2770,2865,2760,2815,233472,-0.0017730496453900457
2024-08-09,2880,2915,2850,2910,247470,0.03374777975133214
2024-08-12,2910,2980,2900,2940,163197,0.010309278350515427
2024-08-13,2940,2960,2925,2960,167055,0.006802721088435382
2024-08-14,2975,3010,2945,2965,209133,0.0016891891891892552
2024-08-16,2930,2930,2815,2835,669610,-0.04384485666104554
2024-08-19,2850,2885,2820,2830,234815,-0.0017636684303351524
2024-08-20,2830,2885,2830,2870,209131,0.014134275618374659
2024-08-21,2870,2880,2825,2835,138990,-0.012195121951219523
2024-08-22,2830,2850,2760,2790,329086,-0.015873015873015928
2024-08-23,2760,2760,2735,2740,180860,-0.017921146953404965
2024-08-26,2745,2755,2705,2720,124081,-0.007299270072992692
2024-08-27,2705,2755,2690,2745,119772,0.009191176470588314
2024-08-28,2740,2755,2710,2725,133129,-0.007285974499089298
2024-08-29,2705,2730,2645,2650,175811,-0.02752293577981646
2024-08-30,2650,2690,2645,2670,121795,0.007547169811320753
2024-09-02,2710,2710,2650,2685,72843,0.00561797752808979
2024-09-03,2665,2705,2665,2675,103236,-0.003724394785847296
2024-09-04,2625,2625,2560,2580,297046,-0.03551401869158877
2024-09-05,2590,2615,2485,2505,312838,-0.029069767441860517
2024-09-06,2500,2505,2400,2420,323690,-0.03393213572854292
2024-09-09,2395,2490,2360,2480,171688,0.024793388429751984
2024-09-10,2470,2495,2410,2420,121590,-0.024193548387096753
2024-09-11,2425,2480,2410,2420,75688,0.0
2024-09-12,2435,2480,2435,2455,78978,0.01446280991735538
2024-09-13,2480,2515,2440,2460,86099,0.0020366598778003286
2024-09-19,2455,3120,2390,2805,18137312,0.1402439024390243
2024-09-20,2805,2805,2675,2770,2643117,-0.012477718360071277
2024-09-23,2735,2780,2700,2735,1122905,-0.012635379061371799
2024-09-24,2710,2845,2695,2735,1563433,0.0
2024-09-25,2760,2770,2665,2680,723114,-0.020109689213894
2024-09-26,2680,2735,2675,2715,402676,0.013059701492537323
2024-09-27,2765,3230,2755,2945,17896083,0.0847145488029466
2024-09-30,3315,3600,3120,3120,27517175,0.05942275042444822
2024-10-02,3060,3215,3010,3050,2203050,-0.022435897435897467
2024-10-04,3025,3300,2980,3025,5982347,-0.008196721311475419
2024-10-07,2990,3060,2970,2990,1038861,-0.011570247933884281
2024-10-08,2975,3060,2930,3040,1088096,0.01672240802675584
2024-10-10,3015,3370,2970,3220,14867449,0.05921052631578938
2024-10-11,3180,3210,3065,3065,1724439,-0.04813664596273293
2024-10-14,3095,3095,3020,3045,870710,-0.006525285481239762
2024-10-15,3035,3045,2950,2975,1116828,-0.02298850574712641
2024-10-16,3105,3320,3005,3130,9775163,0.05210084033613449
2024-10-17,3095,3190,3015,3015,2021051,-0.036741214057507965
2024-10-18,3010,3110,2960,2960,906674,-0.018242122719734688
2024-10-21,2945,2975,2880,2880,677201,-0.027027027027026973
2024-10-22,2865,2890,2785,2835,714447,-0.015625
2024-10-23,2835,2980,2765,2910,952961,0.02645502645502651
2024-10-24,2870,2900,2830,2870,463998,-0.013745704467353903
2024-10-25,2845,2890,2775,2780,487724,-0.03135888501742157
2024-10-28,2780,2920,2780,2895,503809,0.04136690647482011
2024-10-29,2895,2905,2865,2895,229036,0.0
2024-10-30,2885,2925,2855,2870,301259,-0.008635578583765069
2024-10-31,2855,2905,2805,2850,278571,-0.006968641114982632
2024-11-01,2825,2855,2770,2795,509325,-0.019298245614035037
2024-11-04,2840,3030,2810,2895,1170350,0.035778175313059046
2024-11-05,2915,2980,2900,2905,314918,0.003454231433505983
2024-11-06,2970,3095,2870,2905,1448759,0.0
2024-11-07,3075,3075,2870,2995,1660340,0.030981067125645412
2024-11-08,2960,3065,2950,2980,893126,-0.005008347245408995
2024-11-11,2995,3175,2950,3120,4805244,0.046979865771812124
2024-11-12,3060,3105,2835,2850,1602159,-0.08653846153846156
2024-11-13,2825,2880,2725,2725,759611,-0.04385964912280704
2024-11-14,2745,2785,2615,2620,698976,-0.038532110091743066
2024-11-15,2585,2700,2560,2675,385503,0.020992366412213803
2024-11-18,2680,2790,2680,2775,267246,0.03738317757009346
2024-11-19,2750,2850,2745,2765,274657,-0.003603603603603567
2024-11-20,2765,2800,2730,2750,232636,-0.005424954792043413
2024-11-21,2730,2790,2730,2750,175892,0.0
2024-11-22,2755,2905,2750,2755,552180,0.0018181818181817189
2024-11-25,2760,2855,2760,2845,278062,0.03266787658802173
2024-11-26,2830,2890,2830,2890,235353,0.01581722319859402
2024-11-27,2890,3100,2845,3025,2175628,0.04671280276816603
2024-11-28,2980,3010,2910,2935,572026,-0.02975206611570247
2024-11-29,2935,2950,2860,2885,467057,-0.017035775127768327
2024-12-02,3005,3005,2850,2880,749648,-0.0017331022530329143
2024-12-03,2900,2925,2865,2905,318698,0.00868055555555558
2024-12-04,2810,2870,2735,2760,642921,-0.04991394148020656
2024-12-05,2780,2800,2690,2705,384630,-0.019927536231884035
2024-12-06,2710,2815,2580,2675,749722,-0.011090573012939031
2024-12-09,2625,2645,2445,2455,779913,-0.0822429906542056
2024-12-10,2460,2635,2460,2630,409080,0.07128309572301417
2024-12-11,2650,2760,2625,2745,376585,0.04372623574144496
2024-12-12,2755,2770,2680,2710,282383,-0.012750455373406244
2024-12-13,2710,2740,2680,2710,203686,0.0
2024-12-16,2730,2770,2725,2730,190057,0.007380073800737907
2024-12-17,2740,2755,2710,2740,212610,0.00366300366300365
2024-12-18,2730,2765,2720,2755,210560,0.005474452554744547
2024-12-19,2700,2740,2660,2725,177216,-0.010889292196007205
2024-12-20,2720,2760,2665,2670,260133,-0.020183486238532056
2024-12-23,2690,2740,2675,2710,164002,0.014981273408239737
2024-12-24,2735,2765,2700,2700,129755,-0.0036900369003689537
2024-12-26,2725,2755,2715,2730,179658,0.011111111111111072
2024-12-27,2690,2715,2605,2620,296577,-0.04029304029304026
2024-12-30,2605,2695,2600,2680,155060,0.022900763358778553
2025-01-02,2660,2720,2655,2705,122831,0.009328358208955168
2025-01-03,2705,2720,2690,2710,210029,0.001848428835489857
2025-01-06,2735,2865,2720,2765,841302,0.02029520295202958
2025-01-07,2760,2785,2750,2770,350730,0.001808318264014508
2025-01-08,2830,2830,2750,2755,345679,-0.005415162454873612
2025-01-09,2770,2770,2715,2740,222644,-0.005444646098003658
2025-01-10,2740,2770,2730,2745,161639,0.0018248175182482562
2025-01-13,2750,2760,2680,2685,196373,-0.021857923497267784
2025-01-14,2795,2980,2755,2880,3038569,0.07262569832402233
2025-01-15,2940,2940,2830,2845,741619,-0.01215277777777779
2025-01-16,2890,2965,2855,2935,732010,0.03163444639718804
2025-01-17,2920,2930,2845,2860,386779,-0.02555366269165249
2025-01-20,2895,2895,2810,2835,301863,-0.00874125874125875
2025-01-21,2825,2850,2780,2820,253890,-0.005291005291005346
2025-01-22,2835,3030,2830,2895,1247536,0.02659574468085113
2025-01-23,2875,2905,2845,2845,316270,-0.01727115716753025
2025-01-24,2840,2870,2825,2825,246867,-0.007029876977152849
2025-01-31,2820,2865,2795,2860,200671,0.012389380530973382
2025-02-03,2815,2850,2685,2735,489187,-0.04370629370629375
2025-02-04,2760,2820,2760,2790,229306,0.02010968921389389
2025-02-05,2805,2885,2700,2870,373285,0.028673835125448077
2025-02-06,2890,3050,2865,2935,2376633,0.022648083623693305
2025-02-07,2950,3000,2860,2870,737953,-0.022146507666098825
2025-02-10,2870,2925,2820,2880,250706,0.0034843205574912606
2025-02-11,2880,2920,2860,2875,315386,-0.0017361111111111605
2025-02-12,2920,2990,2875,2885,865851,0.003478260869565153
2025-02-13,2920,2975,2900,2940,488623,0.01906412478336228
2025-02-14,2925,2950,2870,2900,292527,-0.013605442176870763
2025-02-17,2900,2945,2875,2920,272108,0.006896551724137945
2025-02-18,2935,2940,2900,2925,152325,0.001712328767123239
2025-02-19,2915,2915,2880,2885,193062,-0.013675213675213627
2025-02-20,2885,2900,2850,2855,175493,-0.010398613518197597
2025-02-21,2855,2870,2820,2850,168698,-0.0017513134851138146
2025-02-24,2820,2930,2815,2905,445861,0.019298245614035148
2025-02-25,2980,2980,2895,2920,694825,0.005163511187607606
2025-02-26,2900,2990,2875,2920,782021,0.0
2025-02-27,2930,2945,2885,2900,268059,-0.006849315068493178
2025-02-28,2865,2895,2815,2815,283014,-0.02931034482758621
2025-03-04,2815,2830,2750,2770,214028,-0.01598579040852577
2025-03-05,2775,2840,2770,2840,225804,0.025270758122743597
2025-03-06,2845,2870,2815,2815,162536,-0.008802816901408494
2025-03-07,2800,2830,2770,2780,127586,-0.01243339253996445
2025-03-10,2760,2800,2735,2780,154777,0.0
2025-03-11,2700,2740,2655,2705,282081,-0.026978417266187105
2025-03-12,2705,2720,2695,2705,95385,0.0
2025-03-13,2825,2830,2680,2680,351480,-0.009242144177449174
2025-03-14,2695,2720,2685,2705,79932,0.009328358208955168
2025-03-17,2705,2735,2690,2705,182765,0.0
2025-03-18,2705,2715,2645,2665,371972,-0.014787430683918634
2025-03-19,2660,2680,2655,2660,139933,-0.0018761726078799779
2025-03-20,2665,2680,2630,2635,208895,-0.009398496240601517
2025-03-21,2640,2640,2610,2625,112655,-0.003795066413662229
2025-03-24,2625,2650,2610,2640,84973,0.005714285714285783
2025-03-25,2640,2665,2615,2630,191859,-0.0037878787878787845
2025-03-26,2625,2660,2610,2625,259777,-0.0019011406844106071
2025-03-27,2610,2620,2560,2565,254775,-0.02285714285714291
2025-03-28,2580,2655,2500,2510,482832,-0.021442495126705707
2025-03-31,2510,2510,2455,2470,160721,-0.015936254980079667
2025-04-01,2475,2570,2475,2565,174785,0.03846153846153855
2025-04-02,2550,2575,2520,2545,149487,-0.007797270955165692
2025-04-03,2505,2570,2500,2535,127831,-0.003929273084479323
2025-04-04,2515,2580,2500,2575,193239,0.015779092702169706
2025-04-07,2535,2535,2445,2490,260599,-0.03300970873786413
2025-04-08,2510,2540,2495,2505,154271,0.006024096385542244
2025-04-09,2470,2510,2410,2450,242951,-0.021956087824351322
2025-04-10,2550,2630,2520,2620,427277,0.06938775510204076
2025-04-11,2585,2620,2535,2615,211540,-0.001908396946564861
2025-04-14,2620,2685,2605,2660,287748,0.017208413001912115
2025-04-15,2660,2695,2650,2685,168568,0.009398496240601517
2025-04-16,2675,2720,2660,2695,227535,0.003724394785847407
2025-04-17,2695,2735,2690,2715,200723,0.007421150278293043
2025-04-18,2715,2740,2700,2740,253361,0.009208103130755152
2025-04-21,2800,2815,2760,2810,474798,0.025547445255474477
2025-04-22,2795,2830,2780,2825,345021,0.005338078291814874
2025-04-23,2830,2910,2795,2830,382218,0.001769911504424737
2025-04-24,2845,2850,2800,2845,191409,0.005300353356890497
2025-04-25,2825,2860,2815,2835,185483,-0.0035149384885764245
2025-04-28,2890,3065,2730,2825,6060169,-0.003527336860670194
2025-04-29,2805,2857,2730,2785,888511,-0.01415929203539823
2025-04-30,2785,2825,2730,2765,425242,-0.007181328545781018
2025-05-02,2775,3020,2760,2850,4430851,0.030741410488245968
2025-05-07,2850,2875,2805,2825,517099,-0.00877192982456143
2025-05-08,2840,2885,2835,2885,432631,0.02123893805309729
2025-05-09,2875,2875,2825,2825,285519,-0.020797227036395194
2025-05-12,2840,2865,2825,2830,273676,0.001769911504424737
2025-05-13,2830,2850,2820,2840,196890,0.0035335689045936647
2025-05-14,2850,2895,2840,2895,343824,0.01936619718309851
2025-05-15,2895,2925,2875,2875,225525,-0.006908462867012077
2025-05-16,2890,2895,2850,2875,280606,0.0
2025-05-19,2865,2865,2805,2825,300823,-0.017391304347826098
2025-05-20,2835,2850,2830,2830,154545,0.001769911504424737
2025-05-21,2830,2865,2830,2850,140492,0.007067137809187329
2025-05-22,2830,2840,2810,2820,170644,-0.010526315789473717
2025-05-23,2820,2825,2785,2790,153846,-0.010638297872340385
2025-05-26,2795,2855,2785,2845,209229,0.019713261648745428
2025-05-27,2865,2925,2850,2900,413577,0.019332161687170446
2025-05-28,2970,2970,2900,2915,456173,0.005172413793103514
2025-05-29,2925,2940,2880,2895,238710,-0.006861063464837058
2025-05-30,2895,3030,2875,2875,1412008,-0.006908462867012077
2025-06-02,2860,2870,2830,2865,327894,-0.003478260869565264
2025-06-04,2885,2915,2870,2915,178109,0.017452006980802848
2025-06-05,2915,2935,2880,2890,194514,-0.00857632933104635
2025-06-09,2910,2935,2890,2930,295387,0.01384083044982698
2025-06-10,2930,2960,2905,2935,301982,0.0017064846416381396
2025-06-11,2935,2945,2920,2940,185706,0.0017035775127767216
2025-06-12,2940,2940,2885,2890,343811,-0.017006802721088454
2025-06-13,2890,2895,2820,2845,362410,-0.01557093425605538
2025-06-16,2845,2910,2825,2905,234787,0.02108963093145877
2025-06-17,2895,2915,2855,2880,222922,-0.008605851979345935
2025-06-18,2890,2945,2865,2940,289007,0.02083333333333326
2025-06-19,2945,2955,2910,2950,243640,0.00340136054421758
2025-06-20,2950,2960,2915,2925,236289,-0.008474576271186418
2025-06-23,2905,2925,2880,2900,278844,-0.008547008547008517
2025-06-24,2910,2940,2905,2930,235213,0.010344827586206806
2025-06-25,2930,2960,2915,2920,220927,-0.0034129692832765013
2025-06-26,2925,2925,2850,2875,326481,-0.015410958904109595
2025-06-27,2870,2875,2810,2815,285667,-0.02086956521739125
2025-06-30,2820,2845,2810,2810,163608,-0.001776198934280604
2025-07-01,2810,2860,2795,2840,201418,0.01067615658362997
2025-07-02,2830,2840,2790,2815,206074,-0.008802816901408494
2025-07-03,2820,2850,2810,2840,152331,0.008880994671403242
2025-07-04,2845,2855,2805,2825,173365,-0.005281690140845119
2025-07-07,2810,2820,2785,2805,57658,-0.0070796460176991705
2025-07-08,2800,2832,2800,2805,116452,0.0
2025-07-09,2815,2840,2805,2835,97097,0.010695187165775444
2025-07-10,2830,2855,2825,2850,119539,0.005291005291005346
2025-07-11,2850,2865,2835,2840,151800,-0.0035087719298245723
2025-07-14,2840,2895,2840,2885,225579,0.015845070422535246
2025-07-15,2870,2885,2845,2865,137191,-0.006932409012131768
2025-07-16,2865,2865,2825,2835,139538,-0.010471204188481686
2025-07-17,2840,2845,2815,2830,94331,-0.0017636684303351524
2025-07-18,2840,2845,2815,2825,188532,-0.0017667844522968323
2025-07-21,2820,2830,2805,2810,84043,-0.005309734513274322
2025-07-22,2825,2825,2750,2760,325585,-0.017793594306049876
2025-07-23,2775,2780,2730,2760,176064,0.0
2025-07-24,2760,2775,2715,2715,185661,-0.016304347826086918
2025-07-25,2715,2720,2690,2695,115598,-0.007366482504604033
2025-07-28,2690,2955,2665,2665,923039,-0.011131725417439675
2025-07-29,2665,2685,2630,2660,171607,-0.0018761726078799779
2025-07-30,2660,2695,2660,2675,110647,0.005639097744360999
2025-07-31,2685,2715,2675,2705,86042,0.01121495327102795
2025-08-01,2710,2710,2475,2600,342237,-0.038817005545286554
2025-08-04,2595,2700,2590,2655,146839,0.02115384615384608
2025-08-05,2650,2690,2645,2665,125470,0.0037664783427495685
2025-08-06,2660,2690,2655,2675,76132,0.0037523452157599557
2025-08-07,2680,2700,2670,2685,783233,0.0037383177570093906
2025-08-08,2950,2950,2775,2810,1902441,0.04655493482309114
2025-08-11,2815,2855,2800,2820,212024,0.003558718861210064
2025-08-12,2815,2835,2790,2810,141050,-0.0035460992907800915
2025-08-13,2800,2820,2770,2795,191122,-0.005338078291814985
2025-08-14,2800,2830,2790,2800,88580,0.0017889087656528524
2025-08-18,2805,2810,2750,2790,178059,-0.0035714285714285587
2025-08-19,2770,2800,2765,2785,86907,-0.0017921146953404632
2025-08-20,2760,2795,2725,2780,195637,-0.0017953321364452268
2025-08-21,2760,2840,2760,2830,164935,0.017985611510791477
2025-08-22,2825,2855,2815,2825,111561,-0.0017667844522968323
2025-08-25,2830,2850,2820,2825,75099,0.0
2025-08-26,2810,2845,2810,2820,64549,-0.001769911504424737
2025-08-27,2845,2845,2760,2775,517745,-0.015957446808510634
2025-08-28,2775,2805,2775,2795,66703,0.007207207207207134
2025-08-29,2830,2910,2810,2825,340907,0.01073345259391778
2025-09-01,2835,2870,2825,2860,214331,0.012389380530973382
2025-09-02,2855,2885,2835,2880,256999,0.006993006993007089
2025-09-03,2865,2880,2850,2865,65023,-0.00520833333333337
2025-09-04,2865,2880,2850,2865,103694,0.0
2025-09-05,2865,2895,2850,2875,150931,0.003490401396160525
2025-09-08,2880,2900,2875,2900,158189,0.008695652173912993
2025-09-09,2890,2920,2890,2900,157420,0.0
2025-09-10,2895,2975,2830,2870,765174,-0.010344827586206917
2025-09-11,2870,2875,2830,2840,196773,-0.010452961672473893
2025-09-12,2840,2850,2825,2830,202189,-0.0035211267605633756
2025-09-15,2830,2840,2825,2830,171001,0.0
