Date,Open,High,Low,Close,Volume,Change
2022-01-03,5660,5790,5550,5770,224652,0.02123893805309729
2022-01-04,5780,6190,5720,6090,761653,0.0554592720970537
2022-01-05,6080,6680,5900,6350,3143961,0.04269293924466333
2022-01-06,6160,6350,5880,6150,1226922,-0.03149606299212604
2022-01-07,6010,6610,5920,6350,1992602,0.03252032520325199
2022-01-10,6330,7180,6140,6570,7436297,0.03464566929133861
2022-01-11,6460,6490,6030,6050,944819,-0.0791476407914764
2022-01-12,5990,6150,5950,6060,358218,0.0016528925619834212
2022-01-13,6070,6350,5980,6090,489230,0.004950495049504955
2022-01-14,6000,6450,5970,6320,737227,0.03776683087027921
2022-01-17,6200,6250,5990,5990,442120,-0.05221518987341767
2022-01-18,5990,6110,5700,5700,301874,-0.048414023372287174
2022-01-19,5600,6230,5600,5910,762343,0.03684210526315779
2022-01-20,5940,6360,5940,6240,576895,0.055837563451776706
2022-01-21,6180,6320,6150,6230,265963,-0.0016025641025640969
2022-01-24,6200,6240,5880,5930,263434,-0.0481540930979133
2022-01-25,5930,6000,5470,5470,329291,-0.07757166947723437
2022-01-26,5500,5600,5250,5380,128456,-0.01645338208409508
2022-01-27,5410,5450,5130,5230,243713,-0.027881040892193343
2022-01-28,5260,5350,5070,5320,132810,0.017208413001912115
2022-02-03,5370,5530,5310,5370,106536,0.009398496240601517
2022-02-04,5320,5570,5320,5520,122494,0.027932960893854775
2022-02-07,5600,6580,5490,5920,2998227,0.07246376811594213
2022-02-08,5900,6340,5840,6180,1090442,0.04391891891891886
2022-02-09,6120,6210,6050,6170,176858,-0.0016181229773463146
2022-02-10,6160,6290,6040,6100,174544,-0.011345218800648316
2022-02-11,6040,6200,5910,6000,158279,-0.016393442622950838
2022-02-14,5900,5970,5620,5630,228619,-0.06166666666666665
2022-02-15,5570,5730,5400,5480,167128,-0.026642984014209614
2022-02-16,5570,5790,5570,5710,86618,0.04197080291970812
2022-02-17,5720,5920,5580,5730,129197,0.003502626970227629
2022-02-18,5610,5940,5550,5870,122825,0.024432809773123898
2022-02-21,5790,5920,5700,5820,70426,-0.008517887563884163
2022-02-22,5710,6000,5630,5640,84266,-0.030927835051546393
2022-02-23,5640,5760,5630,5710,64587,0.012411347517730542
2022-02-24,5680,5880,5440,5510,169342,-0.035026269702276736
2022-02-25,5570,5750,5570,5690,80233,0.03266787658802173
2022-02-28,5690,5770,5550,5660,77896,-0.005272407732864637
2022-03-02,5660,5780,5660,5750,44133,0.01590106007067127
2022-03-03,5800,6070,5770,6070,197307,0.05565217391304356
2022-03-04,6030,6080,5900,5960,138956,-0.018121911037891292
2022-03-07,5960,5990,5680,5680,155305,-0.046979865771812124
2022-03-08,5600,5680,5500,5540,131253,-0.02464788732394363
2022-03-10,5610,5780,5610,5700,57328,0.028880866425992746
2022-03-11,5720,5910,5690,5880,86341,0.03157894736842115
2022-03-14,5880,5980,5700,5790,63208,-0.015306122448979553
2022-03-15,5760,5870,5720,5720,77138,-0.012089810017271163
2022-03-16,5800,5920,5760,5900,94627,0.03146853146853146
2022-03-17,6000,6050,5880,5980,241349,0.013559322033898313
2022-03-18,6000,6100,5950,6050,128698,0.0117056856187292
2022-03-21,6050,6100,6020,6030,65856,-0.0033057851239669533
2022-03-22,6260,6260,5950,6010,416479,-0.0033167495854062867
2022-03-23,6020,6190,6010,6160,191838,0.024958402662229595
2022-03-24,6170,6180,6030,6070,99552,-0.01461038961038963
2022-03-25,6080,6170,5990,6100,125249,0.0049423393739702615
2022-03-28,6130,6360,6060,6340,348422,0.03934426229508192
2022-03-29,6360,6370,6160,6210,176389,-0.02050473186119872
2022-03-30,6230,6280,6120,6190,135497,-0.0032206119162641045
2022-03-31,6140,6230,6070,6120,162411,-0.011308562197092087
2022-04-01,6070,6180,6030,6050,124989,-0.011437908496731986
2022-04-04,6050,6170,6020,6150,147762,0.016528925619834656
2022-04-05,6160,6200,6030,6150,175383,0.0
2022-04-06,6120,6240,6080,6200,100017,0.008130081300812941
2022-04-07,6180,6180,5870,5900,229275,-0.048387096774193505
2022-04-08,5900,5940,5730,5900,114745,0.0
2022-04-11,5850,6400,5820,6330,685258,0.07288135593220346
2022-04-12,6230,6320,6190,6300,120617,-0.004739336492891044
2022-04-13,6300,6440,6270,6370,204466,0.011111111111111072
2022-04-14,6400,6400,6260,6280,79208,-0.014128728414442682
2022-04-15,6280,6290,6100,6260,62773,-0.0031847133757961776
2022-04-18,6260,6280,6000,6000,124343,-0.04153354632587858
2022-04-19,6000,6120,5990,6090,62157,0.014999999999999902
2022-04-20,6140,6140,6000,6060,56565,-0.0049261083743842304
2022-04-21,6060,6060,5950,5970,76752,-0.014851485148514865
2022-04-22,5910,6000,5870,5960,87106,-0.0016750418760469454
2022-04-25,5830,5890,5500,5530,706555,-0.07214765100671139
2022-04-26,5590,5630,5500,5590,124227,0.010849909584086825
2022-04-27,5490,5560,5430,5480,116441,-0.019677996422182487
2022-04-28,5490,5740,5390,5450,114753,-0.005474452554744547
2022-04-29,5460,5550,5410,5450,62684,0.0
2022-05-02,5410,5410,5310,5380,55024,-0.012844036697247652
2022-05-03,5390,5500,5390,5420,80263,0.0074349442379182396
2022-05-04,5430,5550,5410,5420,65632,0.0
2022-05-06,5360,5390,5210,5280,143772,-0.02583025830258301
2022-05-09,5280,5280,5150,5160,97188,-0.022727272727272707
2022-05-10,5130,5160,4945,5140,59877,-0.003875968992248069
2022-05-11,5090,5190,5020,5050,33637,-0.017509727626459193
2022-05-12,5000,5040,4805,4875,167195,-0.034653465346534684
2022-05-13,4855,5050,4850,4915,67451,0.00820512820512831
2022-05-16,4930,5090,4915,4965,60414,0.010172939979654183
2022-05-17,5010,5050,4955,5020,47763,0.011077542799597273
2022-05-18,5050,6110,5050,5250,6849907,0.04581673306772904
2022-05-19,5180,5370,5130,5240,424905,-0.0019047619047618536
2022-05-20,5240,5340,5110,5140,314602,-0.01908396946564883
2022-05-23,5190,5340,5150,5150,352642,0.0019455252918287869
2022-05-24,5150,5170,4980,4980,197743,-0.03300970873786413
2022-05-25,4980,5080,4950,5000,87549,0.004016064257028162
2022-05-26,5020,5070,4990,4990,79643,-0.0020000000000000018
2022-05-27,5050,5070,4995,5040,51587,0.01002004008016022
2022-05-30,5040,5170,5040,5150,73343,0.021825396825396748
2022-05-31,5180,5180,5090,5120,41492,-0.005825242718446644
2022-06-02,5100,5180,5090,5170,39632,0.009765625
2022-06-03,5170,5220,5130,5180,89872,0.0019342359767891004
2022-06-07,5180,5300,5180,5210,104970,0.005791505791505891
2022-06-08,5180,5260,5120,5170,87370,-0.007677543186180413
2022-06-09,5180,5240,5130,5200,62161,0.005802707930367523
2022-06-10,5190,5220,5120,5130,45983,-0.013461538461538414
2022-06-13,5060,5100,4990,5020,105988,-0.021442495126705707
2022-06-14,4970,5020,4880,4960,72382,-0.01195219123505975
2022-06-15,4850,4915,4795,4800,77517,-0.032258064516129004
2022-06-16,4800,4990,4800,4800,33411,0.0
2022-06-17,4660,4795,4600,4740,53699,-0.012499999999999956
2022-06-20,4725,4810,4450,4580,95230,-0.03375527426160341
2022-06-21,4555,4775,4530,4710,37776,0.028384279475982543
2022-06-22,4700,4810,4500,4650,57697,-0.01273885350318471
2022-06-23,4600,4750,4480,4695,97307,0.00967741935483879
2022-06-24,4665,4800,4665,4800,33009,0.022364217252396124
2022-06-27,4780,4960,4780,4925,49955,0.02604166666666674
2022-06-28,4925,4985,4780,4935,136127,0.0020304568527917954
2022-06-29,5140,5410,4950,5210,433305,0.05572441742654499
2022-06-30,5110,5110,4910,4910,152184,-0.05758157389635321
2022-07-01,4930,5700,4805,4925,4933649,0.003054989816700715
2022-07-04,4950,4955,4600,4640,254815,-0.0578680203045685
2022-07-05,4600,4755,4600,4700,102305,0.012931034482758674
2022-07-06,4720,4940,4715,4750,143362,0.010638297872340496
2022-07-07,4750,4830,4725,4750,73949,0.0
2022-07-08,4795,4915,4775,4845,80028,0.020000000000000018
2022-07-11,4910,4910,4780,4860,50882,0.003095975232198178
2022-07-12,4845,4845,4685,4750,69883,-0.02263374485596703
2022-07-13,4695,4800,4615,4750,52206,0.0
2022-07-14,4755,4890,4700,4880,58026,0.027368421052631486
2022-07-15,4830,4885,4750,4790,38107,-0.018442622950819665
2022-07-18,4810,4960,4805,4920,64589,0.02713987473903967
2022-07-19,4920,5030,4915,4970,46349,0.010162601626016343
2022-07-20,5050,5150,5000,5050,95541,0.016096579476861272
2022-07-21,5070,5180,5050,5090,72857,0.007920792079207928
2022-07-22,5060,5220,5060,5100,61601,0.0019646365422396617
2022-07-25,5100,5370,5090,5370,195316,0.05294117647058827
2022-07-26,5370,5380,5150,5180,116502,-0.035381750465549366
2022-07-27,5180,5300,5100,5240,85735,0.01158301158301156
2022-07-28,5240,5280,5180,5190,33809,-0.009541984732824416
2022-07-29,5230,5330,5190,5280,50375,0.01734104046242768
2022-08-01,5400,5450,5300,5330,80553,0.009469696969697017
2022-08-02,5330,5330,5140,5200,56126,-0.024390243902439046
2022-08-03,5210,5360,5200,5340,67031,0.026923076923076827
2022-08-04,5340,5440,5310,5390,50871,0.009363295880149725
2022-08-05,5420,5430,5300,5370,43268,-0.0037105751391465214
2022-08-08,5340,5420,5260,5370,62368,0.0
2022-08-09,5310,5420,5300,5370,36359,0.0
2022-08-10,5370,5420,5310,5370,29155,0.0
2022-08-11,5370,5540,5360,5480,84403,0.020484171322160183
2022-08-12,5450,5530,5400,5490,42606,0.0018248175182482562
2022-08-16,5570,5570,5470,5510,39664,0.0036429872495447047
2022-08-17,5510,5510,5360,5420,59025,-0.016333938294010864
2022-08-18,5310,5350,5170,5320,99773,-0.01845018450184499
2022-08-19,5250,5250,5040,5060,139999,-0.048872180451127845
2022-08-22,4975,4975,4845,4870,102732,-0.03754940711462451
2022-08-23,4845,4885,4750,4800,80140,-0.014373716632443578
2022-08-24,4800,4925,4800,4870,50480,0.014583333333333393
2022-08-25,4900,5010,4815,5000,47400,0.026694045174537884
2022-08-26,5030,5080,4910,4995,41165,-0.0010000000000000009
2022-08-29,4840,4985,4715,4925,73444,-0.014014014014014031
2022-08-30,4850,4990,4850,4900,34236,-0.005076142131979711
2022-08-31,4900,4930,4850,4905,51233,0.0010204081632652073
2022-09-01,4900,4900,4690,4700,106562,-0.041794087665647295
2022-09-02,4695,4780,4675,4780,35292,0.017021276595744705
2022-09-05,4740,4880,4730,4750,32379,-0.006276150627615107
2022-09-06,4750,4900,4750,4820,16538,0.01473684210526316
2022-09-07,4850,4850,4700,4800,28476,-0.004149377593360981
2022-09-08,4755,5130,4755,4815,82493,0.0031250000000000444
2022-09-13,4850,4990,4840,4920,40550,0.02180685358255441
2022-09-14,4850,4945,4790,4920,36367,0.0
2022-09-15,4900,4900,4815,4840,25455,-0.016260162601625994
2022-09-16,4810,4850,4800,4810,12675,-0.006198347107438051
2022-09-19,4785,4810,4700,4700,32771,-0.022869022869022815
2022-09-20,4745,5160,4745,4800,154112,0.02127659574468077
2022-09-21,4860,5200,4805,4940,166936,0.029166666666666563
2022-09-22,4845,4845,4745,4795,58342,-0.029352226720647745
2022-09-23,4750,4795,4645,4700,66080,-0.019812304483837306
2022-09-26,4640,4640,4425,4500,86727,-0.04255319148936165
2022-09-27,4410,4505,4230,4320,166527,-0.040000000000000036
2022-09-28,4300,4300,3995,4105,78216,-0.04976851851851849
2022-09-29,4125,4160,3995,4070,97257,-0.008526187576126665
2022-09-30,4020,4080,3960,4030,36349,-0.009828009828009798
2022-10-04,4030,4165,4010,4150,32889,0.02977667493796532
2022-10-05,4170,4210,4030,4100,24923,-0.012048192771084376
2022-10-06,4100,4190,4100,4150,14457,0.012195121951219523
2022-10-07,4150,4150,4055,4130,11873,-0.004819277108433773
2022-10-11,4110,4110,3920,3950,43703,-0.04358353510895885
2022-10-12,3900,3940,3870,3925,49254,-0.006329113924050667
2022-10-13,3900,3900,3845,3875,42999,-0.01273885350318471
2022-10-14,3880,3995,3880,3985,30498,0.028387096774193488
2022-10-17,3880,4290,3880,4095,56256,0.027603513174403904
2022-10-18,4125,4240,4095,4185,32853,0.0219780219780219
2022-10-19,4165,4245,4155,4195,39174,0.002389486260454099
2022-10-20,4195,4195,4065,4095,11109,-0.023837902264600697
2022-10-21,4075,4075,3965,4025,21235,-0.017094017094017144
2022-10-24,4045,4100,4005,4035,14947,0.00248447204968949
2022-10-25,4075,4085,4035,4080,11414,0.011152416356877248
2022-10-26,4060,4125,3960,4005,18205,-0.018382352941176516
2022-10-27,4010,4095,3970,4070,15772,0.01622971285892638
2022-10-28,4095,4100,3975,4035,16446,-0.008599508599508643
2022-10-31,4060,4090,3975,4090,29989,0.013630731102850069
2022-11-01,4085,4085,4015,4030,30245,-0.014669926650366705
2022-11-02,4035,4190,4000,4040,31738,0.002481389578163684
2022-11-03,4000,4040,3915,3970,13053,-0.017326732673267342
2022-11-04,3995,4025,3955,4005,13638,0.00881612090680095
2022-11-07,4005,4105,4005,4065,24935,0.014981273408239737
2022-11-08,4045,4205,4045,4175,30184,0.027060270602706105
2022-11-09,4155,4255,4150,4230,19943,0.013173652694610682
2022-11-10,4220,4250,4140,4230,16074,0.0
2022-11-11,4260,4360,4240,4315,40765,0.02009456264775422
2022-11-14,4315,4315,4225,4295,17664,-0.004634994206257237
2022-11-15,4295,4345,4240,4325,34952,0.006984866123399325
2022-11-16,4320,4320,4235,4255,30348,-0.016184971098265888
2022-11-17,4260,4260,4215,4230,13475,-0.005875440658049347
2022-11-18,4225,4265,4220,4235,20360,0.0011820330969267712
2022-11-21,4235,4260,4195,4195,12621,-0.009445100354191216
2022-11-22,4175,4225,4155,4195,10229,0.0
2022-11-23,4190,4430,4165,4335,48627,0.033373063170440975
2022-11-24,4310,4355,4290,4345,14695,0.0023068050749712743
2022-11-25,4335,4420,4290,4385,16765,0.009205983889528202
2022-11-28,4325,4385,4175,4240,25750,-0.033067274800456126
2022-11-29,4150,4270,4150,4270,11925,0.007075471698113178
2022-11-30,4275,4320,4200,4240,15312,-0.007025761124121788
2022-12-01,4260,4350,4200,4345,51802,0.024764150943396235
2022-12-02,4330,4375,4285,4370,76421,0.005753739930955071
2022-12-05,4360,4370,4235,4290,25371,-0.01830663615560646
2022-12-06,4265,4265,4170,4185,46227,-0.02447552447552448
2022-12-07,4185,4260,4115,4185,25647,0.0
2022-12-08,4185,4280,4115,4185,22903,0.0
2022-12-09,4185,4185,4065,4110,63828,-0.017921146953404965
2022-12-12,4150,4150,4040,4060,38998,-0.012165450121654486
2022-12-13,4065,4105,4025,4100,26339,0.009852216748768461
2022-12-14,4120,4150,4060,4140,15982,0.009756097560975618
2022-12-15,4155,4175,4065,4095,20317,-0.010869565217391353
2022-12-16,4025,4095,3990,4090,23043,-0.0012210012210012167
2022-12-19,4050,4670,3990,4400,946062,0.07579462102689494
2022-12-20,4350,4400,4205,4225,131581,-0.03977272727272729
2022-12-21,4215,4300,4210,4240,59128,0.0035502958579882726
2022-12-22,4255,4515,4225,4255,244023,0.0035377358490567
2022-12-23,4260,4290,4145,4195,44818,-0.014101057579318454
2022-12-26,4185,4190,4085,4105,63032,-0.021454112038140627
2022-12-27,4080,4185,4055,4130,127990,0.006090133982947554
2022-12-28,4190,4190,4090,4120,43541,-0.002421307506053294
2022-12-29,4040,4095,3975,4020,51635,-0.024271844660194164
2023-01-02,4020,4100,3970,4015,95299,-0.0012437810945273853
2023-01-03,3995,4015,3915,3960,33665,-0.013698630136986356
2023-01-04,3960,4080,3940,4015,18801,0.01388888888888884
2023-01-05,4100,4200,4005,4120,75428,0.026151930261519407
2023-01-06,4105,4170,4075,4125,22030,0.0012135922330096527
2023-01-09,4080,4160,4080,4135,28558,0.00242424242424244
2023-01-10,4135,4740,4100,4420,1248458,0.06892382103990324
2023-01-11,4930,5420,4765,4980,10860388,0.12669683257918551
2023-01-12,4980,4995,4720,4765,913798,-0.04317269076305219
2023-01-13,4800,4960,4670,4885,1671279,0.025183630640083887
2023-01-16,4850,4945,4835,4850,544226,-0.007164790174002067
2023-01-17,4800,4955,4720,4950,844199,0.020618556701030855
2023-01-18,5250,5770,5200,5300,7716447,0.07070707070707072
2023-01-19,5240,5260,5050,5120,659697,-0.03396226415094339
2023-01-20,5210,5560,5210,5260,1565965,0.02734375
2023-01-25,5390,6110,5380,5620,4947771,0.06844106463878319
2023-01-26,5700,5750,5330,5360,977703,-0.0462633451957295
2023-01-27,5580,6430,5500,6160,9980702,0.14925373134328357
2023-01-30,6380,6630,6170,6400,3170994,0.03896103896103886
2023-01-31,6530,7990,6210,7500,10742455,0.171875
2023-02-01,7420,7750,7010,7200,2034676,-0.040000000000000036
2023-02-02,7180,7890,6880,7310,2941358,0.015277777777777724
2023-02-03,7430,7620,7100,7140,1647906,-0.023255813953488413
2023-02-06,7240,7240,6600,6770,1412008,-0.051820728291316565
2023-02-07,6840,7490,6710,7460,5305108,0.10192023633677993
2023-02-08,7770,8990,7710,8230,13145351,0.10321715817694366
2023-02-09,8340,8530,8110,8130,3199844,-0.012150668286755817
2023-02-10,8180,8220,7680,7940,1677220,-0.02337023370233704
2023-02-13,7800,8540,7590,8210,4069408,0.03400503778337538
2023-02-14,8380,8380,7760,7810,1056262,-0.04872107186358099
2023-02-15,7810,7900,7130,7160,1166782,-0.08322663252240714
2023-02-16,7200,7250,6950,7070,703370,-0.012569832402234637
2023-02-17,6980,7940,6850,7150,3705930,0.011315417256011262
2023-02-20,7300,9080,7300,8960,14142893,0.25314685314685326
2023-02-21,9250,9740,8610,9050,8864818,0.010044642857142794
2023-02-22,8830,9010,8510,8750,1922981,-0.03314917127071826
2023-02-23,8870,9340,8610,8920,5408366,0.01942857142857135
2023-02-24,8950,11590,8950,11590,15807150,0.2993273542600896
2023-02-27,11320,11890,11080,11490,4751288,-0.008628127696289956
2023-02-28,11720,14700,11100,13340,15451642,0.16100957354221057
2023-03-02,13460,15650,13300,13960,7527755,0.04647676161919034
2023-03-03,14240,14600,13420,13990,1806932,0.0021489971346704273
2023-03-06,13810,13990,12800,13750,1697819,-0.01715511079342391
2023-03-07,13610,14250,12750,12750,1442517,-0.07272727272727275
2023-03-08,12630,13140,12310,12380,1018249,-0.029019607843137285
2023-03-09,12580,13120,11390,12030,1481253,-0.028271405492730217
2023-03-10,11800,12240,11460,11820,913332,-0.017456359102244412
2023-03-13,12100,14490,11670,13720,17055514,0.16074450084602376
2023-03-14,14320,16130,13300,13620,13951074,-0.007288629737609353
2023-03-15,14140,14740,13230,13870,4974678,0.018355359765051427
2023-03-16,13620,14280,12820,12970,2210756,-0.06488824801730353
2023-03-17,13150,14430,12870,14280,5077558,0.10100231303006946
2023-03-20,14280,14290,13030,13100,1599999,-0.08263305322128855
2023-03-21,13080,13660,12860,12970,1993969,-0.00992366412213741
2023-03-22,13440,14790,13160,13780,7202245,0.06245181187355442
2023-03-23,13580,15440,13300,14460,6740521,0.04934687953555872
2023-03-24,14700,15150,14080,14320,2032223,-0.009681881051175623
2023-03-27,14310,15300,13840,14680,4003459,0.025139664804469275
2023-03-28,14680,15130,14110,14160,1261660,-0.03542234332425065
2023-03-29,13990,14090,13300,13440,1154440,-0.05084745762711862
2023-03-30,13570,13870,12570,12650,1084197,-0.05877976190476186
2023-03-31,12640,12740,11800,11900,1025849,-0.059288537549407105
2023-04-03,11990,12260,11720,12180,736166,0.0235294117647058
2023-04-04,12290,12790,11400,11600,1372100,-0.04761904761904767
2023-04-05,11590,11700,11230,11420,591325,-0.01551724137931032
2023-04-06,11450,11450,10840,11100,786861,-0.028021015761821366
2023-04-07,11350,11400,10790,10860,627616,-0.021621621621621623
2023-04-10,10590,10870,10380,10630,943543,-0.02117863720073665
2023-04-11,10730,10780,10300,10760,759118,0.012229539040451654
2023-04-12,10830,10830,10350,10350,499707,-0.03810408921933084
2023-04-13,10250,10560,10100,10350,397819,0.0
2023-04-14,10550,10610,10220,10330,475192,-0.0019323671497584183
2023-04-17,10600,10740,10410,10420,613499,0.00871248789932233
2023-04-18,10440,10590,9870,9950,571482,-0.04510556621881001
2023-04-19,10050,10280,9780,9950,602656,0.0
2023-04-20,9830,9930,9370,9510,593481,-0.04422110552763814
2023-04-21,9530,9970,9250,9300,1033882,-0.02208201892744477
2023-04-24,9260,9360,9060,9180,307618,-0.012903225806451646
2023-04-25,9180,9800,8960,9250,1104370,0.007625272331154731
2023-04-26,9250,9670,9030,9400,927708,0.016216216216216273
2023-04-27,9650,9660,8860,9250,593415,-0.015957446808510634
2023-04-28,9390,9530,9030,9040,400369,-0.022702702702702693
2023-05-02,8920,9390,8770,9330,371787,0.03207964601769908
2023-05-03,9100,9390,9020,9110,184920,-0.02357984994640938
2023-05-04,9110,9270,9040,9190,126712,0.008781558726673966
2023-05-08,9290,9580,9200,9240,363194,0.005440696409140466
2023-05-09,9170,9310,8950,9110,164731,-0.01406926406926412
2023-05-10,9140,9740,9110,9190,806476,0.008781558726673966
2023-05-11,9480,9550,9230,9280,371336,0.009793253536452662
2023-05-12,9200,9410,9120,9140,193101,-0.015086206896551713
2023-05-15,9110,9120,8550,8690,404057,-0.049234135667396095
2023-05-16,8820,8860,8510,8650,143013,-0.004602991944764101
2023-05-17,8600,8940,8530,8910,157523,0.03005780346820819
2023-05-18,9000,9210,8910,9180,234073,0.030303030303030276
2023-05-19,9300,9990,9260,9430,2685876,0.027233115468409563
2023-05-22,9540,9620,9250,9380,428179,-0.005302226935312793
2023-05-23,9470,9690,9280,9660,494507,0.029850746268656803
2023-05-24,9680,9710,9390,9400,348591,-0.026915113871635588
2023-05-25,9650,9790,9190,9250,574830,-0.015957446808510634
2023-05-26,9360,9460,9060,9150,185339,-0.010810810810810811
2023-05-30,9270,9400,9230,9350,155023,0.021857923497267784
2023-05-31,9200,9520,9200,9370,285917,0.002139037433155133
2023-06-01,9370,9570,9250,9560,189676,0.02027748132337237
2023-06-02,9720,9740,9450,9560,300526,0.0
2023-06-05,9700,9790,9390,9750,456742,0.01987447698744771
2023-06-07,9800,9940,9640,9810,627452,0.006153846153846176
2023-06-08,9710,9710,9450,9480,236362,-0.033639143730886834
2023-06-09,9490,9590,9340,9400,192874,-0.008438818565400852
2023-06-12,9400,9420,9160,9300,148657,-0.010638297872340385
2023-06-13,9360,9570,9270,9520,218815,0.023655913978494647
2023-06-14,9520,9550,9120,9140,218550,-0.03991596638655459
2023-06-15,9150,9260,8970,9100,145622,-0.004376367614879695
2023-06-16,9280,9450,9140,9180,167181,0.00879120879120876
2023-06-19,9200,9390,8920,9340,165879,0.017429193899782147
2023-06-20,9240,9390,9100,9140,146716,-0.021413276231263434
2023-06-21,9150,9260,8870,8970,145661,-0.018599562363238564
2023-06-22,8800,8970,8760,8800,111459,-0.018952062430323324
2023-06-23,8800,8950,8500,8680,184457,-0.013636363636363669
2023-06-26,8510,8890,8450,8660,206396,-0.0023041474654378336
2023-06-27,8530,8620,8470,8470,95606,-0.021939953810623525
2023-06-28,8470,8550,8280,8320,121193,-0.017709563164108655
2023-06-29,8300,8390,8070,8180,136815,-0.016826923076923128
2023-06-30,8130,8250,8060,8200,78827,0.0024449877750611915
2023-07-03,8210,8390,8210,8320,97013,0.014634146341463428
2023-07-04,8220,8300,8020,8140,106375,-0.02163461538461542
2023-07-05,8070,8200,8010,8020,83256,-0.014742014742014753
2023-07-06,8010,8070,7750,7790,142712,-0.028678304239401542
2023-07-07,7710,7940,7670,7780,90251,-0.0012836970474967568
2023-07-10,7780,8020,7660,7880,94268,0.01285347043701801
2023-07-11,7830,8070,7830,7930,76062,0.006345177664974555
2023-07-12,8090,8090,7810,7840,70059,-0.011349306431273631
2023-07-13,7860,8250,7860,8150,120184,0.039540816326530503
2023-07-14,8270,8270,7900,8000,86899,-0.018404907975460127
2023-07-17,7910,8190,7830,8100,104812,0.012499999999999956
2023-07-18,8040,8160,7750,7990,107214,-0.013580246913580285
2023-07-19,8150,8300,7880,8130,181305,0.017521902377972465
2023-07-20,8640,8860,8060,8060,642722,-0.008610086100861003
2023-07-21,8050,8520,7940,8240,358052,0.022332506203474045
2023-07-24,8300,8310,7480,7620,313119,-0.07524271844660191
2023-07-25,7580,7640,7150,7220,246667,-0.05249343832021003
2023-07-26,7100,7220,6490,6610,394798,-0.08448753462603875
2023-07-27,6580,7100,6580,7020,155891,0.062027231467473465
2023-07-28,7040,7380,7040,7220,101511,0.028490028490028463
2023-07-31,7400,7600,7160,7600,154728,0.05263157894736836
2023-08-01,7630,8360,7580,8320,1285063,0.09473684210526323
2023-08-02,8240,8360,7930,8050,393008,-0.03245192307692313
2023-08-03,8010,8010,7300,7500,265784,-0.06832298136645965
2023-08-04,7500,8130,7420,8050,463721,0.07333333333333325
2023-08-07,8050,8270,7810,7920,216776,-0.016149068322981353
2023-08-08,7810,8000,7500,7580,157640,-0.04292929292929293
2023-08-09,7450,7640,7440,7550,69012,-0.00395778364116095
2023-08-10,7450,7480,7120,7310,93592,-0.03178807947019868
2023-08-11,7240,7490,7240,7380,68800,0.009575923392612928
2023-08-14,7380,7440,7130,7140,68122,-0.03252032520325199
2023-08-16,7130,7140,6780,6820,104667,-0.0448179271708683
2023-08-17,6680,7000,6540,6840,95792,0.0029325513196480912
2023-08-18,6840,6970,6640,6760,58741,-0.011695906432748537
2023-08-21,6680,6930,6680,6750,38805,-0.0014792899408283544
2023-08-22,6760,7150,6700,6810,172989,0.008888888888888946
2023-08-23,6800,6990,6510,6820,77233,0.001468428781204123
2023-08-24,6970,8290,6970,7490,3354114,0.09824046920821106
2023-08-25,7310,7400,6990,7080,297273,-0.05473965287049398
2023-08-28,6970,7200,6900,7050,178272,-0.004237288135593209
2023-08-29,7200,7710,7160,7520,442611,0.06666666666666665
2023-08-30,7640,8000,7480,7770,574432,0.0332446808510638
2023-08-31,7830,8070,7630,7970,339755,0.025740025740025763
2023-09-01,7970,8100,7700,7810,203823,-0.020075282308657516
2023-09-04,7790,8100,7580,7680,239828,-0.016645326504481472
2023-09-05,7690,7970,7600,7920,131468,0.03125
2023-09-06,7860,8600,7650,8530,1367475,0.07702020202020199
2023-09-07,9590,9600,8070,8070,4501154,-0.05392731535756157
2023-09-08,7990,8280,7860,8030,742752,-0.00495662949194553
2023-09-11,8000,8770,7790,8740,1876855,0.08841843088418422
2023-09-12,8390,8440,7760,7760,626970,-0.11212814645308922
2023-09-13,7750,7890,7550,7550,221136,-0.027061855670103108
2023-09-14,7510,7730,7480,7600,145674,0.0066225165562914245
2023-09-15,7650,7800,7520,7520,103117,-0.010526315789473717
2023-09-18,7530,7600,7270,7340,136114,-0.02393617021276595
2023-09-19,7340,7400,7040,7090,179576,-0.0340599455040872
2023-09-20,7060,7300,7010,7010,125643,-0.01128349788434413
2023-09-21,7010,7170,6770,6770,149907,-0.0342368045649073
2023-09-22,6620,6790,6590,6690,101919,-0.011816838995568735
2023-09-25,6550,6820,6460,6460,112177,-0.034379671150971625
2023-09-26,6450,6560,6370,6410,107596,-0.007739938080495334
2023-09-27,6310,6480,6300,6450,105892,0.006240249609984483
2023-10-04,6360,6500,6080,6080,195638,-0.05736434108527133
2023-10-05,6110,6270,5830,5870,162488,-0.03453947368421051
2023-10-06,5870,7000,5870,6320,1515261,0.07666098807495736
2023-10-10,6280,6350,5910,5960,158783,-0.05696202531645567
2023-10-11,6010,6230,5990,6110,94630,0.025167785234899265
2023-10-12,6120,6360,6120,6320,84174,0.03436988543371533
2023-10-13,6280,6350,6090,6100,66431,-0.034810126582278444
2023-10-16,6020,6070,5830,5890,67253,-0.03442622950819674
2023-10-17,5910,6170,5910,6120,83997,0.039049235993208864
2023-10-18,6140,6190,6020,6080,41916,-0.006535947712418277
2023-10-19,6020,6020,5670,5710,97814,-0.06085526315789469
2023-10-20,5650,5790,5380,5500,136389,-0.03677758318739055
2023-10-23,5370,5660,5360,5540,82952,0.0072727272727273196
2023-10-24,5680,5770,5340,5760,60686,0.03971119133573997
2023-10-25,5770,5830,5680,5760,50790,0.0
2023-10-26,5610,5670,5430,5490,63692,-0.046875
2023-10-27,5490,5580,5350,5430,55379,-0.010928961748633892
2023-10-30,5350,6610,5350,5900,1103848,0.0865561694290975
2023-10-31,5950,5950,5690,5690,98136,-0.035593220338983045
2023-11-01,5830,5860,5730,5740,56487,0.008787346221441172
2023-11-02,5760,5960,5760,5940,85510,0.03484320557491283
2023-11-03,6030,6500,5880,6270,560483,0.05555555555555558
2023-11-06,6290,6490,6150,6490,213787,0.03508771929824572
2023-11-07,6490,6660,6260,6360,191312,-0.02003081664098616
2023-11-08,6540,6540,6330,6390,86492,0.004716981132075526
2023-11-09,6400,6440,6190,6240,72425,-0.023474178403755874
2023-11-10,6230,6250,6110,6160,41806,-0.012820512820512775
2023-11-13,6170,6390,5990,6000,64937,-0.025974025974025983
2023-11-14,6010,6400,6010,6370,113875,0.06166666666666676
2023-11-15,6510,6520,6390,6460,97252,0.014128728414442682
2023-11-16,6460,6500,6390,6450,58794,-0.001547987616099089
2023-11-17,6440,6450,6220,6330,58193,-0.018604651162790753
2023-11-20,6300,6750,6260,6510,229586,0.028436018957346043
2023-11-21,7470,7950,7060,7360,6233056,0.1305683563748079
2023-11-22,7400,7440,7060,7070,656768,-0.03940217391304346
2023-11-23,7190,7320,7010,7150,459713,0.011315417256011262
2023-11-24,7150,7210,7060,7150,211506,0.0
2023-11-27,7180,7180,6800,6850,252529,-0.04195804195804198
2023-11-28,6890,7150,6810,7030,193221,0.026277372262773824
2023-11-29,7070,7180,6890,6930,170278,-0.014224751066856278
2023-11-30,7080,7180,6950,7090,199909,0.023088023088023046
2023-12-01,7120,7310,7070,7070,271754,-0.0028208744710860323
2023-12-04,7110,7180,6900,7040,125292,-0.004243281471004279
2023-12-05,6980,6980,6710,6750,137467,-0.04119318181818177
2023-12-06,6880,7060,6620,7060,117216,0.045925925925925926
2023-12-07,7170,7170,6880,6930,92835,-0.018413597733711096
2023-12-08,7140,7210,7040,7050,194355,0.017316017316017396
2023-12-11,7090,7210,7000,7040,91919,-0.0014184397163120588
2023-12-12,7120,7160,6950,6990,87005,-0.007102272727272707
2023-12-13,6930,7030,6790,6830,84196,-0.022889842632331958
2023-12-14,6850,7030,6760,6840,75694,0.0014641288433381305
2023-12-15,6850,6930,6750,6810,51618,-0.004385964912280715
2023-12-18,6900,7290,6790,7170,368022,0.052863436123347984
2023-12-19,7230,7230,6990,7040,115180,-0.018131101813110173
2023-12-20,7050,7150,6990,7070,105715,0.0042613636363635354
2023-12-21,6970,7230,6970,7000,160082,-0.00990099009900991
2023-12-22,7100,7100,6940,6990,73172,-0.0014285714285714457
2023-12-26,6960,7060,6730,6790,123304,-0.028612303290414864
2023-12-27,6850,6960,6600,6860,112587,0.010309278350515427
2023-12-28,6800,6900,6790,6800,57310,-0.008746355685131157
2024-01-02,6800,7040,6790,7020,76311,0.032352941176470695
2024-01-03,7010,7040,6900,7000,81075,-0.002849002849002802
2024-01-04,6990,6990,6810,6890,56978,-0.01571428571428568
2024-01-05,6830,7400,6830,7250,589962,0.052249637155297624
2024-01-08,7430,8060,7330,7740,1951754,0.06758620689655181
2024-01-09,7760,7860,7610,7830,501372,0.011627906976744207
2024-01-10,8080,8350,7810,7840,1659958,0.0012771392081736277
2024-01-11,7900,8180,7600,8080,1342211,0.030612244897959107
2024-01-12,7810,7860,7600,7600,454198,-0.05940594059405946
2024-01-15,7450,7710,7430,7560,199077,-0.0052631578947368585
2024-01-16,7500,7770,7270,7650,322154,0.011904761904761862
2024-01-17,7650,8410,7340,7540,2269041,-0.01437908496732021
2024-01-18,7500,8950,7460,8550,10225611,0.13395225464190985
2024-01-19,9370,9800,8670,8810,7245072,0.03040935672514622
2024-01-22,9090,9180,8740,8830,1606377,0.002270147559591429
2024-01-23,8840,10490,8620,9980,20460035,0.13023782559456398
2024-01-24,9700,9950,9200,9420,2264070,-0.05611222444889774
2024-01-25,9960,11170,9460,9470,15154740,0.005307855626327074
2024-01-26,10330,10640,9640,9650,4694850,0.019007391763463666
2024-01-29,9450,9460,8480,8480,1335041,-0.12124352331606214
2024-01-30,8390,8640,8020,8580,854126,0.011792452830188704
2024-01-31,8380,8420,7730,7730,646032,-0.0990675990675991
2024-02-01,7650,7830,7420,7510,424209,-0.028460543337645583
2024-02-02,7600,7920,7570,7610,526799,0.013315579227696439
2024-02-05,7640,7710,7470,7500,170801,-0.014454664914586024
2024-02-06,7460,7500,7260,7350,261189,-0.020000000000000018
2024-02-07,7550,7550,7230,7390,234188,0.0054421768707482165
2024-02-08,7390,7490,7300,7430,207556,0.005412719891745521
2024-02-13,7520,7780,7480,7750,334961,0.043068640646029666
2024-02-14,7620,7960,7580,7920,221759,0.021935483870967776
2024-02-15,8020,8150,7800,8080,379957,0.02020202020202011
2024-02-16,8850,8850,8200,8300,1401826,0.027227722772277252
2024-02-19,8450,9500,8280,9000,3926032,0.0843373493975903
2024-02-20,8720,9500,8530,8970,1754086,-0.0033333333333332993
2024-02-21,8950,9000,8390,8580,1066943,-0.04347826086956519
2024-02-22,8570,8630,8340,8520,454426,-0.006993006993006978
2024-02-23,8630,8940,8140,8140,706601,-0.04460093896713613
2024-02-26,8140,8600,8000,8200,637581,0.0073710073710073765
2024-02-27,8300,8640,8170,8380,430215,0.02195121951219514
2024-02-28,8410,8790,8410,8600,662213,0.026252983293556076
2024-02-29,8480,8540,8160,8190,320688,-0.04767441860465116
2024-03-04,8300,8660,8240,8370,286096,0.0219780219780219
2024-03-05,8400,8450,8120,8250,236700,-0.014336917562724039
2024-03-06,8210,8330,8000,8130,202149,-0.014545454545454528
2024-03-07,8130,8170,7880,7960,156247,-0.02091020910209107
2024-03-08,7950,8150,7770,7860,188122,-0.012562814070351758
2024-03-11,7790,7880,7670,7770,133256,-0.011450381679389277
2024-03-12,7700,7880,7640,7800,168074,0.0038610038610038533
2024-03-13,7850,8000,7750,7840,187641,0.00512820512820511
2024-03-14,8000,8150,7900,8100,194552,0.03316326530612246
2024-03-15,8050,8170,7930,8070,131395,-0.0037037037037036535
2024-03-18,8100,8100,7850,7920,169943,-0.018587360594795488
2024-03-19,7930,7940,7600,7710,162878,-0.02651515151515149
2024-03-20,7770,7770,7600,7670,97646,-0.005188067444876765
2024-03-21,7660,7730,7620,7680,89110,0.0013037809647979959
2024-03-22,7650,7820,7440,7470,134233,-0.02734375
2024-03-25,7490,7600,7410,7470,87231,0.0
2024-03-26,7430,8110,7430,7710,717066,0.032128514056224855
2024-03-27,7710,7730,7550,7630,94701,-0.01037613488975353
2024-03-28,7640,7840,7620,7630,71700,0.0
2024-03-29,7660,7680,7470,7480,85469,-0.019659239842726106
2024-04-01,7700,8000,7640,7810,396323,0.044117647058823595
2024-04-02,7830,7900,7500,7520,165512,-0.03713188220230479
2024-04-03,7540,7540,7300,7310,135292,-0.027925531914893664
2024-04-04,7400,7520,7270,7310,72005,0.0
2024-04-05,7330,7330,7090,7170,124503,-0.019151846785225746
2024-04-08,7170,7220,6900,6940,130612,-0.03207810320781035
2024-04-09,6860,7010,6860,6900,77077,-0.0057636887608069065
2024-04-11,6840,7110,6760,7080,89116,0.026086956521739202
2024-04-12,7130,7230,7020,7080,70871,0.0
2024-04-15,6910,6970,6840,6940,79231,-0.019774011299435013
2024-04-16,6870,6890,6600,6660,123456,-0.04034582132564846
2024-04-17,6660,6950,6660,6760,45395,0.01501501501501501
2024-04-18,6680,6920,6680,6900,37719,0.020710059171597628
2024-04-19,6900,6900,6550,6650,98322,-0.036231884057971064
2024-04-22,6670,6790,6640,6700,52594,0.007518796992481258
2024-04-23,6650,6850,6650,6680,49997,-0.0029850746268657025
2024-04-24,6710,7010,6710,6980,99858,0.04491017964071853
2024-04-25,6920,6980,6830,6840,68717,-0.02005730659025784
2024-04-26,6850,7480,6850,7160,674604,0.04678362573099415
2024-04-29,7200,7350,7200,7330,154886,0.023743016759776525
2024-04-30,7220,7390,7200,7210,82428,-0.016371077762619368
2024-05-02,7210,7280,7090,7240,67307,0.004160887656033285
2024-05-03,7410,7740,7340,7520,523484,0.03867403314917128
2024-05-07,7670,7930,7610,7800,409906,0.037234042553191404
2024-05-08,7780,7850,7610,7700,147671,-0.012820512820512775
2024-05-09,7700,7850,7610,7620,208217,-0.010389610389610393
2024-05-10,7660,7740,7490,7510,119786,-0.014435695538057791
2024-05-13,7920,9600,7860,9320,11028660,0.24101198402130497
2024-05-14,9800,10480,9050,9130,5977472,-0.020386266094420624
2024-05-16,9100,9250,8800,9200,2050017,0.00766703176341732
2024-05-17,9010,9020,8620,8700,845425,-0.05434782608695654
2024-05-20,8570,8700,8440,8600,611641,-0.011494252873563204
2024-05-21,8540,8690,8300,8440,587506,-0.018604651162790753
2024-05-22,8570,8720,8440,8460,640842,0.0023696682464455776
2024-05-23,8460,8570,8120,8320,359079,-0.01654846335697402
2024-05-24,8150,8340,8050,8130,282185,-0.022836538461538436
2024-05-27,8190,8550,8080,8540,389114,0.050430504305043033
2024-05-28,8340,8620,8340,8580,254268,0.004683840749414525
2024-05-29,8560,8740,8480,8490,333114,-0.010489510489510523
2024-05-30,8490,8780,8450,8600,377621,0.012956419316843437
2024-05-31,8580,8930,8440,8860,623609,0.03023255813953485
2024-06-03,8780,8970,8710,8830,436538,-0.003386004514672636
2024-06-04,8900,8930,8710,8790,334543,-0.0045300113250282825
2024-06-05,8850,8850,8530,8610,258435,-0.020477815699658675
2024-06-07,8600,8800,8530,8800,269815,0.022067363530778206
2024-06-10,8950,8950,8210,8600,695450,-0.022727272727272707
2024-06-11,8220,8290,7790,7790,760465,-0.09418604651162787
2024-06-12,8180,8200,7630,7630,490885,-0.020539152759948665
2024-06-13,7770,7880,7650,7650,193295,0.002621231979030192
2024-06-14,7750,7820,7600,7800,167537,0.019607843137254832
2024-06-17,7790,8040,7770,8020,239492,0.028205128205128105
2024-06-18,7920,7980,7690,7690,250765,-0.041147132169576106
2024-06-19,7700,7740,7580,7600,132670,-0.011703511053316018
2024-06-20,7610,7700,7460,7490,102143,-0.014473684210526305
2024-06-21,7450,7500,7350,7390,89071,-0.013351134846461998
2024-06-24,7350,7520,7340,7370,82916,-0.0027063599458727605
2024-06-25,7300,7560,7290,7510,94122,0.01899592944369055
2024-06-26,7600,7600,7340,7340,121021,-0.022636484687083902
2024-06-27,7310,7440,7290,7300,75956,-0.00544959128065392
2024-06-28,7300,7620,7300,7450,284216,0.020547945205479534
2024-07-01,7370,7660,7270,7280,377288,-0.02281879194630876
2024-07-02,7230,7270,6910,6930,240956,-0.04807692307692313
2024-07-03,6900,7040,6850,6880,102984,-0.00721500721500723
2024-07-04,6880,6980,6790,6810,91180,-0.01017441860465118
2024-07-05,6800,6900,6700,6780,86125,-0.004405286343612369
2024-07-08,6800,6970,6750,6930,63702,0.022123893805309658
2024-07-09,6970,7000,6860,6900,54759,-0.0043290043290042934
2024-07-10,6900,6990,6800,6880,50214,-0.0028985507246376274
2024-07-11,7010,7110,6910,6990,84246,0.015988372093023173
2024-07-12,7130,7260,7040,7140,139079,0.02145922746781115
2024-07-15,7140,7140,7000,7060,49101,-0.011204481792717047
2024-07-16,6990,7080,6880,7040,67683,-0.0028328611898017497
2024-07-17,7060,7060,6900,6980,65267,-0.008522727272727293
2024-07-18,6900,6980,6740,6750,126134,-0.03295128939828085
2024-07-19,6670,7010,6590,6920,91852,0.0251851851851852
2024-07-22,6920,6920,6720,6720,69678,-0.028901734104046284
2024-07-23,6720,6790,6470,6510,90579,-0.03125
2024-07-24,6410,6620,6350,6560,47459,0.007680491551459223
2024-07-25,6370,6460,6200,6400,82589,-0.024390243902439046
2024-07-26,6340,6450,6250,6370,55315,-0.004687499999999956
2024-07-29,6370,6490,6190,6480,37803,0.017268445839874413
2024-07-30,6370,6480,6280,6380,55525,-0.015432098765432056
2024-07-31,6310,6470,6190,6470,67694,0.014106583072100332
2024-08-01,6480,6670,6420,6620,51476,0.023183925811437467
2024-08-02,6570,6570,6190,6230,120480,-0.05891238670694865
2024-08-05,6000,6050,4875,5270,256191,-0.1540930979133226
2024-08-06,4965,5570,4965,5440,204288,0.032258064516129004
2024-08-07,5480,5700,5450,5610,55383,0.03125
2024-08-08,5550,5620,5350,5600,47583,-0.0017825311942959443
2024-08-09,5630,5780,5630,5760,44118,0.02857142857142847
2024-08-12,5660,6030,5660,5940,59743,0.03125
2024-08-13,5950,5970,5810,5910,43736,-0.005050505050505083
2024-08-14,5990,6210,5960,6090,69623,0.030456852791878264
2024-08-16,6090,6240,6040,6230,57763,0.02298850574712641
2024-08-19,6230,6320,6150,6170,45294,-0.009630818619582704
2024-08-20,6170,6370,6170,6270,51632,0.01620745542949753
2024-08-21,6210,6310,6210,6270,23709,0.0
2024-08-22,6290,6360,6100,6180,34444,-0.014354066985645897
2024-08-23,6060,6170,6050,6110,27707,-0.01132686084142398
2024-08-26,6110,6180,6040,6070,47072,-0.006546644844517169
2024-08-27,6000,6240,5980,6160,28833,0.014827018121911006
2024-08-28,6250,6280,6080,6200,41064,0.006493506493506551
2024-08-29,6140,6180,6070,6100,32003,-0.016129032258064502
2024-08-30,6190,7050,6180,6650,1744544,0.0901639344262295
2024-09-02,7320,7880,6660,6660,3557375,0.0015037593984963404
2024-09-03,6830,7190,6730,6730,800437,0.010510510510510551
2024-09-04,6350,7690,6300,7010,5619707,0.0416047548291234
2024-09-05,6980,7170,6660,6700,713001,-0.0442225392296719
2024-09-06,6660,6750,6200,6260,449774,-0.06567164179104479
2024-09-09,6300,6600,6220,6460,362904,0.03194888178913735
2024-09-10,6680,6780,6290,6290,305628,-0.02631578947368418
2024-09-11,6460,6470,6200,6270,201817,-0.0031796502384737746
2024-09-12,6380,6590,6360,6570,195434,0.04784688995215314
2024-09-13,6610,7100,6510,6950,851408,0.057838660578386714
2024-09-19,6810,6940,6700,6820,281256,-0.018705035971222972
2024-09-20,6970,7010,6780,6910,276259,0.01319648093841641
2024-09-23,6890,6950,6770,6810,181304,-0.01447178002894356
2024-09-24,6860,6890,6750,6790,141219,-0.002936857562408246
2024-09-25,6890,7030,6610,6830,261982,0.00589101620029453
2024-09-26,6890,7130,6850,7040,325834,0.030746705710102518
2024-09-27,7080,7090,6910,7050,192188,0.0014204545454545858
2024-09-30,7110,7290,6920,7060,409760,0.0014184397163119478
2024-10-02,6950,7480,6910,7480,430343,0.059490084985835745
2024-10-04,7350,7540,7250,7380,421178,-0.013368983957219305
2024-10-07,7460,7560,7330,7520,240125,0.01897018970189701
2024-10-08,7500,7610,7390,7460,241555,-0.007978723404255317
2024-10-10,7460,7570,7090,7150,260707,-0.041554959785522816
2024-10-11,7010,7040,6560,6830,379169,-0.04475524475524473
2024-10-14,6680,6930,6650,6800,120893,-0.004392386530014614
2024-10-15,6830,7000,6790,7000,166995,0.02941176470588225
2024-10-16,6920,7140,6800,7110,157670,0.01571428571428579
2024-10-17,6980,7130,6860,6940,180982,-0.023909985935302358
2024-10-18,6710,6760,5450,5450,1226483,-0.21469740634005763
2024-10-21,5530,5560,5220,5240,364732,-0.038532110091743066
2024-10-22,5230,5260,5000,5140,254907,-0.01908396946564883
2024-10-23,5100,5200,5040,5110,131899,-0.005836575875486361
2024-10-24,5070,5100,4950,4960,144481,-0.02935420743639927
2024-10-25,4965,5140,4935,5110,95756,0.030241935483870996
2024-10-28,5070,5180,5070,5150,71937,0.007827788649706457
2024-10-29,5090,5150,5020,5060,87499,-0.01747572815533982
2024-10-30,5100,5340,5100,5220,111278,0.031620553359683834
2024-10-31,5170,5200,5090,5140,37433,-0.01532567049808431
2024-11-01,5040,5140,4980,5080,49018,-0.011673151750972721
2024-11-04,5150,5160,5010,5140,49643,0.011811023622047223
2024-11-05,5160,5190,5100,5160,34677,0.0038910505836575737
2024-11-06,5160,5980,5150,5350,2478169,0.036821705426356655
2024-11-07,5350,5450,5220,5340,182975,-0.0018691588785046953
2024-11-08,5300,5450,5300,5430,88242,0.016853932584269593
2024-11-11,5440,5440,5130,5190,132058,-0.04419889502762431
2024-11-12,5190,5220,4950,4995,127050,-0.037572254335260125
2024-11-13,4955,4990,4765,4765,122434,-0.04604604604604601
2024-11-14,4770,4930,4770,4820,58726,0.011542497376705096
2024-11-15,4755,4945,4645,4930,59699,0.022821576763485396
2024-11-18,4930,5190,4880,5150,75652,0.04462474645030423
2024-11-19,5080,5220,5080,5160,57029,0.001941747572815622
2024-11-20,5200,5200,5050,5050,27490,-0.02131782945736438
2024-11-21,5190,5600,5090,5090,543561,0.007920792079207928
2024-11-22,5100,5700,5100,5300,913940,0.04125736738703334
2024-11-25,5300,5480,5270,5470,148442,0.03207547169811331
2024-11-26,5530,5680,5400,5550,198976,0.014625228519195677
2024-11-27,5730,5880,5530,5750,466886,0.03603603603603611
2024-11-28,5730,5740,5580,5660,160563,-0.01565217391304352
2024-11-29,5660,5690,5480,5560,93105,-0.017667844522968212
2024-12-02,5560,5610,5330,5410,72042,-0.026978417266187105
2024-12-03,5360,5540,5360,5480,59748,0.012939001848428777
2024-12-04,5300,5430,5160,5290,126102,-0.034671532846715314
2024-12-05,5250,5370,5180,5260,56055,-0.005671077504725952
2024-12-06,5260,5370,4920,5110,113096,-0.028517110266159662
2024-12-09,5000,5010,4735,4770,115723,-0.06653620352250489
2024-12-10,4750,5110,4750,5090,100312,0.06708595387840677
2024-12-11,5090,5420,5090,5390,97075,0.058939096267190516
2024-12-12,5470,5490,5330,5480,75080,0.016697588126159513
2024-12-13,5450,5670,5440,5610,107245,0.02372262773722622
2024-12-16,5820,5820,5600,5630,68827,0.0035650623885918886
2024-12-17,5660,5820,5610,5750,54082,0.02131438721136769
2024-12-18,5780,5780,5610,5650,55102,-0.017391304347826098
2024-12-19,5450,5650,5410,5560,49515,-0.015929203539822967
2024-12-20,5690,5690,5340,5340,33386,-0.03956834532374098
2024-12-23,5400,5510,5350,5450,25842,0.020599250936329527
2024-12-24,5450,5550,5370,5410,19162,-0.007339449541284404
2024-12-26,5410,5730,5380,5510,129324,0.01848428835489835
2024-12-27,5510,5530,5300,5400,64688,-0.019963702359346636
2024-12-30,5280,5580,5270,5560,29433,0.029629629629629672
2025-01-02,5500,5920,5480,5670,68542,0.019784172661870603
2025-01-03,5660,5850,5650,5730,95303,0.010582010582010692
2025-01-06,5980,6050,5830,5860,210158,0.022687609075043635
2025-01-07,5860,5890,5750,5820,63165,-0.0068259385665528916
2025-01-08,5710,5790,5670,5730,77095,-0.015463917525773141
2025-01-09,5680,5720,5510,5670,86442,-0.010471204188481686
2025-01-10,5620,5710,5590,5670,32139,0.0
2025-01-13,5590,5660,5490,5510,42819,-0.02821869488536155
2025-01-14,5490,5620,5430,5500,22907,-0.001814882032667886
2025-01-15,5470,5550,5390,5390,33248,-0.020000000000000018
2025-01-16,5430,5540,5430,5490,60919,0.01855287569573294
2025-01-17,5510,5510,5310,5310,68152,-0.032786885245901676
2025-01-20,5320,5360,5210,5300,43321,-0.0018832391713747842
2025-01-21,5290,5350,5150,5210,54250,-0.016981132075471694
2025-01-22,5390,5700,5310,5330,89468,0.02303262955854124
2025-01-23,5380,5410,5220,5230,57347,-0.018761726078799223
2025-01-24,5250,5350,5200,5300,49503,0.013384321223709472
2025-01-31,5300,5690,5240,5480,298250,0.03396226415094339
2025-02-03,5620,6740,5300,6330,5830463,0.1551094890510949
2025-02-04,6250,7040,6020,6130,5542435,-0.03159557661927326
2025-02-05,6140,6400,6060,6160,831827,0.004893964110929794
2025-02-06,6230,6400,6140,6400,767180,0.03896103896103886
2025-02-07,6310,6350,6120,6200,443687,-0.03125
2025-02-10,6050,6240,6030,6170,292966,-0.004838709677419395
2025-02-11,6180,6220,6000,6090,234499,-0.012965964343598091
2025-02-12,6080,6090,5840,5840,174968,-0.04105090311986859
2025-02-13,5850,5960,5750,5880,110231,0.006849315068493178
2025-02-14,5890,5970,5760,5780,87299,-0.017006802721088454
2025-02-17,5780,5960,5780,5960,91647,0.03114186851211076
2025-02-18,6010,6200,5840,6080,374801,0.020134228187919545
2025-02-19,6060,6070,5860,5880,151714,-0.03289473684210531
2025-02-20,5970,6100,5790,5870,134995,-0.00170068027210879
2025-02-21,5890,5910,5750,5780,103398,-0.015332197614991494
2025-02-24,5710,5710,5570,5680,96605,-0.01730103806228378
2025-02-25,5620,5740,5590,5680,62626,0.0
2025-02-26,5630,5720,5610,5650,71848,-0.005281690140845119
2025-02-27,5670,5710,5460,5490,124957,-0.02831858407079646
2025-02-28,5530,5530,5190,5230,177930,-0.04735883424408016
2025-03-04,5150,5310,5150,5300,53650,0.013384321223709472
2025-03-05,5260,5380,5260,5330,46474,0.005660377358490676
2025-03-06,5320,5400,5230,5280,41050,-0.009380863039399667
2025-03-07,5210,5290,5150,5220,56675,-0.011363636363636354
2025-03-10,5180,5265,5140,5240,38987,0.003831417624521105
2025-03-11,5020,5130,4985,5130,89398,-0.020992366412213692
2025-03-12,5090,5270,5090,5230,52756,0.01949317738791434
2025-03-13,5330,5480,5190,5190,153543,-0.007648183556405397
2025-03-14,5140,5380,5140,5360,61062,0.032755298651252485
2025-03-17,5350,5380,5280,5340,46392,-0.003731343283582045
2025-03-18,5340,5370,5320,5320,33689,-0.0037453183520599342
2025-03-19,5320,5330,5190,5320,31264,0.0
2025-03-20,5370,5380,5170,5180,50241,-0.02631578947368418
2025-03-21,5180,5260,5020,5120,51551,-0.01158301158301156
2025-03-24,5070,5200,5060,5090,39047,-0.005859375
2025-03-25,5120,5170,5000,5010,64743,-0.015717092337917515
2025-03-26,5010,5170,5010,5100,30559,0.017964071856287456
2025-03-27,5090,5140,5020,5020,41752,-0.015686274509803977
2025-03-28,4990,5010,4875,4890,60602,-0.02589641434262946
2025-03-31,4660,4890,4660,4745,62507,-0.029652351738241323
2025-04-01,4745,4935,4715,4890,50983,0.030558482613277205
2025-04-02,4850,4910,4800,4800,25521,-0.018404907975460127
2025-04-03,4700,4855,4700,4805,42097,0.0010416666666666075
2025-04-04,4700,5000,4700,4915,28425,0.02289281997918824
2025-04-07,4860,4870,4560,4675,83148,-0.04883011190233977
2025-04-08,4690,4795,4640,4705,87370,0.0064171122994651775
2025-04-09,4605,4680,4550,4550,65791,-0.032943676939426125
2025-04-10,4700,4915,4700,4915,52411,0.08021978021978016
2025-04-11,4830,5050,4830,5040,50291,0.025432349949135347
2025-04-14,5130,5380,5110,5280,149279,0.04761904761904767
2025-04-15,5210,5360,5190,5310,54587,0.005681818181818121
2025-04-16,5320,5430,5200,5220,61888,-0.016949152542372836
2025-04-17,5140,5360,5130,5340,40326,0.02298850574712641
2025-04-18,5300,5440,5250,5430,52323,0.016853932584269593
2025-04-21,5440,5560,5380,5380,91109,-0.009208103130755041
2025-04-22,5380,5450,5160,5450,47546,0.013011152416356975
2025-04-23,5470,5480,5360,5400,23807,-0.00917431192660545
2025-04-24,5360,5590,5350,5380,44637,-0.0037037037037036535
2025-04-25,5380,5440,5370,5420,27544,0.0074349442379182396
2025-04-28,5420,5470,5330,5330,23521,-0.016605166051660514
2025-04-29,5280,5380,5280,5300,26677,-0.0056285178236398226
2025-04-30,5350,5350,5180,5240,35746,-0.01132075471698113
2025-05-02,5200,5210,5030,5060,39580,-0.03435114503816794
2025-05-07,5060,5240,5010,5180,32047,0.02371541501976293
2025-05-08,5120,5210,5120,5170,28697,-0.0019305019305019266
2025-05-09,5170,5200,5070,5200,40308,0.005802707930367523
2025-05-12,5210,5340,5170,5290,36850,0.017307692307692246
2025-05-13,5260,5370,5240,5350,50448,0.011342155009451904
2025-05-14,5350,5350,5260,5330,22645,-0.0037383177570093906
2025-05-15,5330,5330,5180,5240,24112,-0.016885553470919357
2025-05-16,5200,5200,5050,5100,45555,-0.026717557251908386
2025-05-19,5100,5110,5000,5020,31206,-0.015686274509803977
2025-05-20,5040,5790,5040,5160,901786,0.027888446215139417
2025-05-21,5140,5330,5120,5200,126683,0.007751937984496138
2025-05-22,5200,5300,5150,5260,72382,0.011538461538461497
2025-05-23,5240,5270,5120,5140,51921,-0.02281368821292773
2025-05-26,5110,5240,5110,5200,24882,0.011673151750972721
2025-05-27,5210,5330,5090,5120,41801,-0.01538461538461533
2025-05-28,5150,5230,5110,5180,35870,0.01171875
2025-05-29,5140,5230,5140,5180,37810,0.0
2025-05-30,5170,5170,5060,5080,42133,-0.019305019305019266
2025-06-02,5080,5120,5020,5070,40864,-0.0019685039370078705
2025-06-04,5130,5360,5130,5270,76127,0.03944773175542404
2025-06-05,5270,5330,5210,5310,54529,0.007590132827324458
2025-06-09,5350,5580,5310,5540,187362,0.043314500941619594
2025-06-10,5540,5580,5390,5450,87824,-0.016245487364620947
2025-06-11,5450,5550,5410,5520,63589,0.012844036697247763
2025-06-12,5520,5520,5380,5410,68139,-0.019927536231884035
2025-06-13,5470,5500,5100,5220,90580,-0.03512014787430684
2025-06-16,5250,5370,5100,5330,44892,0.021072796934865856
2025-06-17,5360,5730,5340,5600,283397,0.05065666041275807
2025-06-18,5580,5870,5480,5690,359626,0.016071428571428514
2025-06-19,5690,5750,5590,5610,84739,-0.01405975395430581
2025-06-20,5650,5690,5500,5620,84500,0.0017825311942958333
2025-06-23,5530,5870,5410,5810,173239,0.03380782918149472
2025-06-24,5810,5980,5700,5980,236106,0.029259896729776358
2025-06-25,5970,6000,5810,5880,144227,-0.01672240802675584
2025-06-26,5830,5840,5630,5700,91671,-0.030612244897959218
2025-06-27,5700,5760,5580,5600,71589,-0.01754385964912286
2025-06-30,5600,5650,5490,5520,58119,-0.014285714285714235
2025-07-01,5550,5990,5530,5600,774938,0.01449275362318847
2025-07-02,5660,5660,5550,5610,86217,0.0017857142857142794
2025-07-03,5620,5710,5570,5640,71615,0.005347593582887722
2025-07-04,5640,5690,5580,5620,48325,-0.0035460992907800915
2025-07-07,5650,5660,5540,5630,40294,0.001779359430605032
2025-07-08,5570,5660,5550,5570,38243,-0.010657193605683846
2025-07-09,5580,5630,5480,5600,39180,0.0053859964093356805
2025-07-10,5600,5640,5540,5640,30759,0.0071428571428571175
2025-07-11,5600,5820,5600,5650,96591,0.0017730496453900457
2025-07-14,5700,5700,5560,5610,45304,-0.0070796460176991705
2025-07-15,5610,5610,5450,5540,53046,-0.012477718360071277
2025-07-16,5510,5630,5380,5390,128562,-0.027075812274368283
2025-07-17,5370,5470,5280,5400,64017,0.0018552875695732052
2025-07-18,5400,5520,5360,5390,29847,-0.0018518518518518823
2025-07-21,5350,5480,5350,5430,22542,0.007421150278293043
2025-07-22,5440,5440,5260,5270,65607,-0.029465930018416242
2025-07-23,5280,5300,5200,5220,44139,-0.009487666034155628
2025-07-24,5220,5300,5150,5170,33570,-0.009578544061302652
2025-07-25,5150,5280,5150,5230,23178,0.011605415860735047
2025-07-28,5230,5390,5230,5340,61989,0.021032504780114758
2025-07-29,5340,5380,5240,5280,16455,-0.011235955056179803
2025-07-30,5280,5350,5220,5290,15000,0.0018939393939394478
2025-07-31,5290,5300,5210,5280,16100,-0.001890359168241984
2025-08-01,5320,5320,5070,5090,55922,-0.03598484848484851
2025-08-04,5090,5190,5060,5130,23216,0.007858546168958647
2025-08-05,5130,5230,5090,5140,30713,0.0019493177387914784
2025-08-06,5140,5170,5060,5130,19648,-0.0019455252918287869
2025-08-07,5160,5190,5120,5170,17324,0.007797270955165692
2025-08-08,5170,5200,5100,5140,16202,-0.005802707930367523
2025-08-11,5140,5145,5050,5090,40640,-0.009727626459143934
2025-08-12,5070,5130,5000,5050,29758,-0.007858546168958758
2025-08-13,5080,5150,5060,5100,26108,0.00990099009900991
2025-08-14,5100,5280,5100,5150,35736,0.009803921568627416
2025-08-18,5120,5150,5070,5080,13172,-0.013592233009708687
2025-08-19,5080,5120,5010,5050,29926,-0.0059055118110236116
2025-08-20,5040,5040,4900,4940,54528,-0.0217821782178218
2025-08-21,4960,5020,4930,4960,33682,0.004048582995951344
2025-08-22,4940,5040,4940,5040,23636,0.016129032258064502
2025-08-25,5070,5110,5050,5060,18173,0.003968253968253954
2025-08-26,5010,5090,5010,5040,26170,-0.0039525691699604515
2025-08-27,5050,5080,4990,4995,34263,-0.008928571428571397
2025-08-28,5020,5020,4945,4970,30556,-0.005005005005005003
2025-08-29,4970,4995,4915,4920,26251,-0.010060362173038184
2025-09-01,4920,4950,4835,4875,32339,-0.009146341463414642
2025-09-02,4860,4925,4860,4865,11350,-0.002051282051282022
2025-09-03,4925,4950,4870,4875,9021,0.0020554984583760483
2025-09-04,4890,4980,4890,4935,26405,0.012307692307692353
2025-09-05,4940,5100,4940,5000,13787,0.01317122593718345
2025-09-08,5000,5120,4985,5040,23848,0.008000000000000007
2025-09-09,5040,5240,5000,5040,108781,0.0
2025-09-10,5070,5140,5010,5130,50907,0.017857142857142794
2025-09-11,5150,5170,5070,5170,34515,0.007797270955165692
2025-09-12,5190,5190,5070,5150,23384,-0.003868471953578312
2025-09-15,5160,5170,5020,5070,21467,-0.01553398058252431
