Date,Open,High,Low,Close,Volume,Change
2022-01-03,4620,4625,4515,4570,74191,-0.008676789587852451
2022-01-04,4550,4645,4515,4645,84943,0.01641137855579866
2022-01-05,4770,5230,4760,4800,1558291,0.03336921420882666
2022-01-06,4720,4910,4680,4695,140511,-0.021874999999999978
2022-01-07,4700,4800,4690,4720,92097,0.005324813631522929
2022-01-10,4740,4800,4615,4675,68318,-0.009533898305084776
2022-01-11,4645,4715,4460,4490,72834,-0.039572192513368964
2022-01-12,4490,4640,4490,4575,56594,0.018930957683741756
2022-01-13,4600,4605,4470,4490,76767,-0.01857923497267755
2022-01-14,4490,4830,4460,4535,123835,0.010022271714922093
2022-01-17,4470,4520,4385,4390,52383,-0.0319735391400221
2022-01-18,4390,4415,4010,4200,112933,-0.0432801822323462
2022-01-19,4145,4270,4145,4195,61732,-0.0011904761904761862
2022-01-20,4125,4315,4125,4220,83697,0.005959475566150285
2022-01-21,4225,4310,4200,4230,51674,0.0023696682464455776
2022-01-24,4240,4295,4105,4140,51770,-0.021276595744680882
2022-01-25,4080,4145,3915,3945,115288,-0.047101449275362306
2022-01-26,3815,4225,3815,3950,139490,0.0012674271229404788
2022-01-27,3950,3965,3775,3845,74409,-0.02658227848101269
2022-01-28,3845,4000,3800,3880,50613,0.00910273081924573
2022-02-03,3880,4130,3830,4105,101120,0.0579896907216495
2022-02-04,4350,5330,4340,4490,15385852,0.09378806333739331
2022-02-07,4415,4510,4285,4300,897320,-0.04231625835189312
2022-02-08,4330,4395,4145,4150,657146,-0.03488372093023251
2022-02-09,4140,4255,4135,4190,404537,0.009638554216867545
2022-02-10,4200,4455,4115,4195,1369830,0.0011933174224343368
2022-02-11,4135,4160,4055,4085,241401,-0.026221692491060766
2022-02-14,3950,4015,3850,3865,294757,-0.05385556915544676
2022-02-15,3845,4140,3840,3850,444392,-0.0038809831824062613
2022-02-16,3880,3960,3880,3945,123113,0.024675324675324628
2022-02-17,3945,4020,3860,3925,190316,-0.005069708491761693
2022-02-18,3850,3960,3840,3960,98372,0.008917197452229297
2022-02-21,3970,3985,3905,3965,75364,0.0012626262626262985
2022-02-22,3910,3945,3855,3900,98916,-0.016393442622950838
2022-02-23,3920,3955,3890,3910,36746,0.002564102564102555
2022-02-24,3920,3920,3765,3800,113008,-0.02813299232736577
2022-02-25,3805,3885,3770,3770,113942,-0.007894736842105288
2022-02-28,3770,3775,3670,3710,93856,-0.01591511936339518
2022-03-02,3695,3855,3695,3830,64871,0.032345013477088846
2022-03-03,3865,3880,3805,3860,76272,0.007832898172323688
2022-03-04,4030,4045,3860,3905,142872,0.011658031088082943
2022-03-07,3905,3935,3805,3860,41356,-0.011523687580025643
2022-03-08,3850,3850,3765,3770,70630,-0.023316062176165775
2022-03-10,3770,3810,3755,3795,68442,0.006631299734747964
2022-03-11,3795,3815,3755,3770,39019,-0.006587615283267456
2022-03-14,3795,3830,3750,3765,36168,-0.0013262599469495706
2022-03-15,3710,3735,3665,3725,39419,-0.010624169986719778
2022-03-16,3710,3980,3710,3820,147449,0.025503355704697972
2022-03-17,3820,3900,3815,3865,74143,0.011780104712041828
2022-03-18,3890,4070,3880,3950,167662,0.02199223803363526
2022-03-21,3970,4030,3900,4005,91655,0.013924050632911467
2022-03-22,3965,4015,3955,4000,54599,-0.0012484394506866447
2022-03-23,4040,4195,4025,4040,346067,0.010000000000000009
2022-03-24,4040,4115,4010,4090,129818,0.012376237623762387
2022-03-25,4100,4340,4060,4250,768129,0.03911980440097795
2022-03-28,4380,4920,4340,4405,6064498,0.03647058823529403
2022-03-29,4380,4480,4270,4415,578700,0.002270147559591429
2022-03-30,4460,4465,4230,4315,664425,-0.022650056625141524
2022-03-31,4290,4440,4250,4440,348842,0.028968713789107703
2022-04-01,4485,4500,4180,4185,540155,-0.057432432432432456
2022-04-04,4185,4185,4030,4065,198462,-0.028673835125448077
2022-04-05,4080,4460,4080,4250,1946200,0.045510455104551095
2022-04-06,4180,4220,4110,4130,184247,-0.028235294117647025
2022-04-07,4130,4170,4040,4050,120857,-0.01937046004842613
2022-04-08,4020,4115,4020,4090,110505,0.009876543209876631
2022-04-11,4075,4080,4005,4040,85125,-0.012224938875305624
2022-04-12,3990,4025,3910,3985,93980,-0.013613861386138626
2022-04-13,3985,4060,3970,3975,89778,-0.0025094102885822034
2022-04-14,3975,4050,3970,4015,74396,0.010062893081761004
2022-04-15,4150,4185,4015,4015,150820,0.0
2022-04-18,4020,4035,3975,4010,57652,-0.001245330012453305
2022-04-19,3990,4050,3990,4035,34289,0.006234413965087171
2022-04-20,4030,4185,4015,4175,181548,0.03469640644361838
2022-04-21,4195,4575,4170,4265,2981617,0.021556886227544814
2022-04-22,4265,4425,4200,4285,341035,0.004689331770222793
2022-04-25,4225,4330,4195,4330,257514,0.010501750291715295
2022-04-26,4285,4530,4280,4375,824696,0.010392609699769073
2022-04-27,4320,4320,4195,4200,151211,-0.040000000000000036
2022-04-28,4200,4280,4115,4120,110602,-0.01904761904761909
2022-04-29,4135,4135,4070,4105,107845,-0.00364077669902918
2022-05-02,4020,4125,4020,4120,59254,0.0036540803897686658
2022-05-03,4095,4150,4095,4125,41628,0.0012135922330096527
2022-05-04,4125,4140,4075,4115,54619,-0.00242424242424244
2022-05-06,4075,4185,4060,4135,81699,0.004860267314702238
2022-05-09,4165,4195,4030,4065,68382,-0.016928657799274438
2022-05-10,3950,4055,3900,3980,115797,-0.02091020910209107
2022-05-11,3945,4240,3945,4080,299938,0.025125628140703515
2022-05-12,3970,4065,3925,3960,133963,-0.02941176470588236
2022-05-13,4000,4005,3935,4000,73602,0.010101010101010166
2022-05-16,3985,4040,3965,4040,64163,0.010000000000000009
2022-05-17,3995,4100,3995,4095,74454,0.013613861386138515
2022-05-18,4095,4220,4070,4100,147649,0.0012210012210012167
2022-05-19,3990,4080,3980,4075,53817,-0.0060975609756097615
2022-05-20,4075,4125,4025,4100,62144,0.006134969325153339
2022-05-23,4080,4130,4010,4050,80329,-0.012195121951219523
2022-05-24,4040,4060,3920,4020,74913,-0.007407407407407418
2022-05-25,4090,4440,4000,4010,1394331,-0.0024875621890547706
2022-05-26,3990,4095,3990,4030,68326,0.004987531172069737
2022-05-27,4050,4100,4015,4015,101469,-0.003722084367245637
2022-05-30,4020,4075,4015,4035,34027,0.00498132004981322
2022-05-31,4020,4060,4015,4040,32534,0.0012391573729864103
2022-06-02,4040,4060,4000,4035,59671,-0.0012376237623762387
2022-06-03,4025,4055,4015,4030,62432,-0.0012391573729864103
2022-06-07,4030,4050,3975,4005,58071,-0.006203473945409432
2022-06-08,3990,4100,3960,4010,84860,0.0012484394506866447
2022-06-09,4000,4110,3960,4010,106980,0.0
2022-06-10,3975,4025,3960,4020,29846,0.0024937655860348684
2022-06-13,3955,4020,3750,3795,160037,-0.05597014925373134
2022-06-14,3610,3865,3610,3740,82125,-0.01449275362318836
2022-06-15,3660,3775,3530,3595,131543,-0.03877005347593587
2022-06-16,3580,3700,3565,3590,73978,-0.0013908205841446364
2022-06-17,3435,3530,3380,3490,117693,-0.027855153203342642
2022-06-20,3490,3540,3045,3070,272615,-0.12034383954154726
2022-06-21,3070,3145,3020,3055,77626,-0.004885993485342022
2022-06-22,3045,3170,2880,2950,203064,-0.03436988543371522
2022-06-23,2930,2950,2510,2510,335740,-0.14915254237288134
2022-06-24,2475,3220,2475,2825,2986991,0.1254980079681276
2022-06-27,2835,3115,2825,2940,489991,0.04070796460176984
2022-06-28,2925,3065,2905,2985,179631,0.015306122448979664
2022-06-29,2885,3040,2885,2990,81983,0.0016750418760469454
2022-06-30,2965,3005,2870,2870,58433,-0.04013377926421402
2022-07-01,2835,2930,2745,2780,76341,-0.03135888501742157
2022-07-04,2755,2790,2640,2675,78255,-0.03776978417266186
2022-07-05,2675,2890,2675,2875,90489,0.07476635514018692
2022-07-06,2890,2935,2820,2900,43070,0.008695652173912993
2022-07-07,3020,3200,2910,3045,289844,0.050000000000000044
2022-07-08,3045,3345,3045,3105,591165,0.019704433497536922
2022-07-11,3110,3230,3110,3175,119379,0.02254428341384873
2022-07-12,3175,3220,3055,3200,83780,0.007874015748031482
2022-07-13,3185,3230,3125,3125,50723,-0.0234375
2022-07-14,3140,3175,3005,3135,41188,0.0032000000000000917
2022-07-15,3100,3125,3035,3100,30871,-0.011164274322169043
2022-07-18,3055,3185,3055,3175,39875,0.024193548387096753
2022-07-19,3140,3235,3140,3230,63515,0.017322834645669305
2022-07-20,3220,3310,3200,3300,91951,0.021671826625387025
2022-07-21,3305,3970,3305,3580,6098675,0.08484848484848495
2022-07-22,3510,3560,3415,3440,327674,-0.03910614525139666
2022-07-25,3445,3660,3355,3355,440666,-0.02470930232558144
2022-07-26,3390,4010,3390,3480,3213380,0.037257824143070106
2022-07-27,3605,3670,3490,3500,333472,0.005747126436781658
2022-07-28,3555,3680,3425,3595,923133,0.027142857142857135
2022-07-29,3585,3585,3510,3525,153784,-0.01947148817802502
2022-08-01,3485,3555,3470,3505,67200,-0.005673758865248235
2022-08-02,3525,3535,3440,3475,75690,-0.008559201141226769
2022-08-03,3460,3525,3430,3510,51581,0.010071942446043147
2022-08-04,3530,3535,3465,3475,44524,-0.009971509971509973
2022-08-05,3475,3520,3415,3485,26936,0.0028776978417266452
2022-08-08,3505,3525,3410,3480,30496,-0.0014347202295552641
2022-08-09,3430,3500,3430,3480,34872,0.0
2022-08-10,3470,3470,3390,3390,41818,-0.025862068965517238
2022-08-11,3410,3465,3410,3415,24010,0.007374631268436627
2022-08-12,3500,3595,3410,3475,90441,0.017569546120058455
2022-08-16,3475,3530,3440,3520,36353,0.012949640287769792
2022-08-17,3460,3530,3410,3415,48062,-0.029829545454545414
2022-08-18,3400,3430,3350,3355,44845,-0.017569546120058566
2022-08-19,3355,3480,3355,3435,34642,0.023845007451564815
2022-08-22,3360,3385,3315,3320,58064,-0.033478893740902516
2022-08-23,3415,3755,3325,3510,1694574,0.05722891566265065
2022-08-24,3510,3700,3480,3510,521142,0.0
2022-08-25,3560,3590,3505,3510,91155,0.0
2022-08-26,3535,3570,3455,3495,63798,-0.004273504273504258
2022-08-29,3310,3490,3310,3380,99990,-0.03290414878397707
2022-08-30,3350,3440,3345,3385,46275,0.0014792899408284654
2022-08-31,3400,3450,3370,3400,36231,0.004431314623338345
2022-09-01,3350,3400,3255,3255,87919,-0.04264705882352937
2022-09-02,3255,3270,3155,3175,43523,-0.02457757296466978
2022-09-05,3120,3180,3100,3125,39475,-0.015748031496062964
2022-09-06,3095,3155,3020,3150,29691,0.008000000000000007
2022-09-07,3170,3170,3040,3040,31108,-0.03492063492063491
2022-09-08,3035,3090,2940,3005,36537,-0.011513157894736836
2022-09-13,2990,3100,2990,3095,23839,0.029950083194675514
2022-09-14,3095,3095,2990,3080,17793,-0.004846526655896577
2022-09-15,3050,3065,3010,3050,20490,-0.009740259740259716
2022-09-16,2995,3030,2970,2975,29714,-0.024590163934426257
2022-09-19,2940,2970,2820,2820,47838,-0.05210084033613449
2022-09-20,2735,2900,2735,2870,67861,0.01773049645390068
2022-09-21,2805,2895,2805,2830,18105,-0.013937282229965153
2022-09-22,2765,2880,2620,2880,65831,0.0176678445229681
2022-09-23,2765,2910,2745,2760,38548,-0.04166666666666663
2022-09-26,2670,2675,2445,2465,187268,-0.10688405797101452
2022-09-27,2335,2490,2335,2400,142140,-0.026369168356997985
2022-09-28,2365,2480,2245,2300,86637,-0.04166666666666663
2022-09-29,2315,2400,2300,2300,38969,0.0
2022-09-30,2215,2310,2215,2290,44514,-0.004347826086956497
2022-10-04,2290,2360,2290,2340,45436,0.02183406113537112
2022-10-05,2380,2445,2290,2365,35102,0.010683760683760646
2022-10-06,2400,2715,2380,2490,312275,0.052854122621564414
2022-10-07,2480,2525,2465,2480,18064,-0.004016064257028162
2022-10-11,2455,2470,2305,2340,60890,-0.056451612903225756
2022-10-12,2305,2340,2250,2280,24238,-0.02564102564102566
2022-10-13,2290,2290,2100,2110,80204,-0.07456140350877194
2022-10-14,2120,2230,2120,2170,103486,0.028436018957346043
2022-10-17,2135,2250,2130,2240,52059,0.032258064516129004
2022-10-18,2250,2360,2235,2265,141031,0.01116071428571419
2022-10-19,2265,2315,2250,2270,56287,0.002207505518763808
2022-10-20,2280,2310,2230,2265,16493,-0.0022026431718061845
2022-10-21,2265,2930,2210,2700,5841419,0.19205298013245042
2022-10-24,2570,2675,2560,2570,898252,-0.04814814814814816
2022-10-25,2800,3250,2570,2600,3917320,0.011673151750972721
2022-10-26,2620,2750,2490,2510,521842,-0.0346153846153846
2022-10-27,2560,2620,2510,2545,253221,0.013944223107569709
2022-10-28,2500,2855,2480,2565,1626186,0.007858546168958647
2022-10-31,2575,3285,2575,3030,11004298,0.18128654970760238
2022-11-01,3075,3075,2970,2975,1066877,-0.018151815181518205
2022-11-02,2980,3105,2950,2955,1556774,-0.006722689075630228
2022-11-03,2960,3055,2955,2985,462911,0.010152284263959421
2022-11-04,2990,2995,2910,2920,253082,-0.021775544388609736
2022-11-07,2920,2980,2920,2950,159544,0.010273972602739656
2022-11-08,2935,3000,2920,3000,182765,0.016949152542372836
2022-11-09,3000,3060,2960,3020,321811,0.006666666666666599
2022-11-10,2990,3095,2950,3000,400800,-0.0066225165562914245
2022-11-11,3090,3095,2970,2970,251496,-0.010000000000000009
2022-11-14,2995,3040,2965,2975,146411,0.0016835016835017313
2022-11-15,2975,3070,2975,3040,243763,0.02184873949579824
2022-11-16,3040,3120,2980,3120,317294,0.026315789473684292
2022-11-17,3090,3160,3060,3160,395719,0.012820512820512775
2022-11-18,3210,3265,3055,3170,1085732,0.0031645569620253333
2022-11-21,3170,3300,3125,3260,887012,0.028391167192429068
2022-11-22,3400,3500,3020,3105,1705226,-0.0475460122699386
2022-11-23,3090,3290,2920,3125,938202,0.006441223832528209
2022-11-24,3250,3345,3075,3085,2142886,-0.012800000000000034
2022-11-25,3085,3130,2995,3015,195906,-0.02269043760129663
2022-11-28,3060,3060,2875,2875,152149,-0.046434494195688236
2022-11-29,2815,2875,2815,2835,89033,-0.013913043478260834
2022-11-30,2795,2875,2795,2815,88873,-0.007054673721340388
2022-12-01,2860,2870,2840,2870,43329,0.019538188277087087
2022-12-02,2885,2895,2830,2840,30833,-0.010452961672473893
2022-12-05,2835,2835,2685,2775,124006,-0.022887323943661997
2022-12-06,2720,2750,2660,2700,59993,-0.027027027027026973
2022-12-07,2655,2705,2625,2705,30484,0.0018518518518517713
2022-12-08,2710,2730,2605,2640,33951,-0.02402957486136781
2022-12-09,2625,2710,2625,2685,28536,0.017045454545454586
2022-12-12,2660,2700,2655,2665,21450,-0.007448789571694592
2022-12-13,2740,2740,2660,2665,28569,0.0
2022-12-14,2650,2715,2555,2715,33995,0.018761726078799335
2022-12-15,2715,2740,2690,2710,20992,-0.0018416206261510082
2022-12-16,2680,2680,2640,2645,24517,-0.023985239852398532
2022-12-19,2600,2660,2580,2620,25914,-0.009451795841209809
2022-12-20,2595,2630,2530,2535,42882,-0.03244274809160308
2022-12-21,2540,2560,2445,2470,49745,-0.02564102564102566
2022-12-22,2460,2535,2460,2495,46531,0.010121457489878471
2022-12-23,2470,2485,2375,2395,35606,-0.04008016032064132
2022-12-26,2400,2430,2335,2335,42321,-0.025052192066805867
2022-12-27,2300,2390,2300,2365,37210,0.012847965738758127
2022-12-28,2345,2415,2340,2410,12948,0.019027484143763207
2022-12-29,2390,2415,2340,2400,35164,-0.004149377593360981
2023-01-02,2390,2480,2305,2305,36682,-0.039583333333333304
2023-01-03,2275,2355,2255,2315,39923,0.00433839479392617
2023-01-04,2275,2375,2275,2360,26201,0.01943844492440605
2023-01-05,2385,2440,2365,2415,21776,0.02330508474576276
2023-01-06,2415,2540,2415,2460,96153,0.01863354037267073
2023-01-09,2490,2510,2470,2495,27933,0.014227642276422703
2023-01-10,2495,3110,2475,2740,5334684,0.09819639278557113
2023-01-11,2700,2830,2635,2725,908093,-0.005474452554744547
2023-01-12,2735,2820,2680,2750,388439,0.00917431192660545
2023-01-13,2800,2815,2730,2730,327695,-0.0072727272727273196
2023-01-16,2700,2965,2655,2815,610309,0.031135531135531025
2023-01-17,2785,2870,2715,2735,207550,-0.028419182948490218
2023-01-18,2735,2750,2635,2680,101200,-0.020109689213894
2023-01-19,2660,2685,2600,2610,71016,-0.026119402985074647
2023-01-20,2625,2750,2600,2750,74609,0.05363984674329503
2023-01-25,2745,2745,2630,2640,198608,-0.040000000000000036
2023-01-26,2635,2710,2635,2680,63552,0.015151515151515138
2023-01-27,2690,2720,2655,2675,35322,-0.001865671641791078
2023-01-30,2680,2700,2630,2660,36210,-0.005607476635513975
2023-01-31,2675,2675,2635,2675,66244,0.005639097744360999
2023-02-01,2645,2705,2645,2665,53326,-0.0037383177570093906
2023-02-02,2665,2760,2665,2750,166698,0.031894934333958735
2023-02-03,2915,2950,2755,2780,635511,0.01090909090909098
2023-02-06,2780,2805,2720,2750,62029,-0.010791366906474864
2023-02-07,2750,2830,2730,2830,121670,0.029090909090909056
2023-02-08,2870,2875,2805,2820,146025,-0.0035335689045936647
2023-02-09,2810,2815,2750,2755,55484,-0.023049645390070927
2023-02-10,2785,2785,2720,2735,33577,-0.007259528130671544
2023-02-13,2720,2730,2630,2650,64637,-0.031078610603290646
2023-02-14,2650,2695,2650,2695,32582,0.016981132075471805
2023-02-15,2720,2720,2565,2600,79365,-0.03525046382189234
2023-02-16,2570,2680,2570,2660,43948,0.023076923076922995
2023-02-17,2665,2710,2650,2655,24007,-0.001879699248120259
2023-02-20,2650,2685,2630,2675,17374,0.007532956685499137
2023-02-21,2645,2735,2645,2685,39756,0.0037383177570093906
2023-02-22,2620,2675,2610,2625,22636,-0.022346368715083775
2023-02-23,2620,2680,2620,2635,22818,0.003809523809523707
2023-02-24,2650,2655,2605,2620,27355,-0.005692599620493399
2023-02-27,2625,2625,2555,2600,21200,-0.007633587786259555
2023-02-28,2595,2675,2590,2675,69586,0.028846153846153744
2023-03-02,2800,3350,2795,2950,9120448,0.10280373831775691
2023-03-03,2925,2970,2850,2870,503229,-0.027118644067796627
2023-03-06,2870,2910,2835,2840,240347,-0.010452961672473893
2023-03-07,2825,2870,2650,2760,415721,-0.028169014084507005
2023-03-08,2760,2790,2670,2700,184063,-0.021739130434782594
2023-03-09,2705,2720,2650,2685,144997,-0.005555555555555536
2023-03-10,2685,2685,2630,2630,115937,-0.020484171322160183
2023-03-13,2625,2650,2520,2590,83567,-0.01520912547528519
2023-03-14,2550,2630,2480,2550,159508,-0.015444015444015413
2023-03-15,2550,2675,2550,2640,152295,0.03529411764705892
2023-03-16,2650,2655,2545,2650,90773,0.0037878787878788955
2023-03-17,2665,2690,2625,2690,48013,0.015094339622641506
2023-03-20,2720,2720,2630,2660,34801,-0.01115241635687736
2023-03-21,2685,2695,2640,2665,45406,0.001879699248120259
2023-03-22,2655,2690,2635,2690,36443,0.009380863039399667
2023-03-23,2650,2675,2600,2635,59943,-0.020446096654275103
2023-03-24,2620,2655,2605,2635,26576,0.0
2023-03-27,2675,2690,2555,2590,49937,-0.017077798861480087
2023-03-28,2630,2630,2575,2610,33913,0.007722007722007707
2023-03-29,2635,2635,2585,2605,20433,-0.0019157088122605526
2023-03-30,2615,2685,2615,2670,60915,0.0249520153550864
2023-03-31,2680,2695,2625,2645,48650,-0.009363295880149836
2023-04-03,2660,2680,2545,2630,52877,-0.005671077504725952
2023-04-04,2575,2665,2575,2640,128713,0.0038022813688212143
2023-04-05,2670,2670,2580,2635,83015,-0.0018939393939394478
2023-04-06,2615,2630,2580,2585,45479,-0.018975332068311146
2023-04-07,2620,2630,2590,2630,17668,0.01740812379110257
2023-04-10,2645,2645,2565,2615,61846,-0.005703422053231932
2023-04-11,2610,2610,2565,2605,30356,-0.003824091778202643
2023-04-12,2585,2620,2580,2605,48927,0.0
2023-04-13,2580,2645,2575,2610,72253,0.0019193857965451588
2023-04-14,2620,2690,2610,2690,97217,0.03065134099616862
2023-04-17,2765,2860,2635,2655,274929,-0.013011152416356864
2023-04-18,2655,2685,2640,2640,44457,-0.005649717514124242
2023-04-19,2630,2680,2630,2650,65490,0.0037878787878788955
2023-04-20,2660,2670,2620,2650,58558,0.0
2023-04-21,2610,2640,2555,2580,79092,-0.026415094339622636
2023-04-24,2600,2600,2525,2530,55633,-0.019379844961240345
2023-04-25,2570,2570,2490,2495,61508,-0.013833992094861691
2023-04-26,2470,2515,2445,2460,43454,-0.014028056112224463
2023-04-27,2425,2495,2420,2460,29323,0.0
2023-04-28,2475,2475,2385,2385,38921,-0.030487804878048808
2023-05-02,2360,2465,2360,2425,27238,0.016771488469601747
2023-05-03,2445,2475,2430,2475,12103,0.020618556701030855
2023-05-04,2460,2480,2430,2470,23388,-0.002020202020202033
2023-05-08,2455,2515,2455,2510,21058,0.0161943319838056
2023-05-09,2470,2500,2450,2450,27392,-0.0239043824701195
2023-05-10,2455,2505,2455,2490,21358,0.01632653061224487
2023-05-11,2490,2520,2485,2510,14020,0.008032128514056325
2023-05-12,2510,2510,2475,2500,10539,-0.003984063745019917
2023-05-15,2515,2515,2375,2420,36837,-0.03200000000000003
2023-05-16,2445,2450,2355,2375,44614,-0.018595041322314043
2023-05-17,2390,2410,2330,2410,40447,0.01473684210526316
2023-05-18,2420,2455,2330,2415,25938,0.0020746887966804906
2023-05-19,2435,2440,2365,2410,38638,-0.0020703933747412417
2023-05-22,2425,2475,2385,2470,30558,0.024896265560165887
2023-05-23,2470,2485,2460,2485,25362,0.006072874493927127
2023-05-24,2485,2490,2405,2480,15452,-0.002012072434607659
2023-05-25,2480,2485,2435,2475,30424,-0.0020161290322581182
2023-05-26,2480,2525,2445,2495,56080,0.008080808080808133
2023-05-30,2475,2520,2475,2510,42841,0.006012024048096087
2023-05-31,2480,2545,2480,2515,28219,0.0019920318725099584
2023-06-01,2515,2535,2500,2535,15801,0.007952286282306265
2023-06-02,2545,2550,2510,2545,39603,0.0039447731755424265
2023-06-05,2545,2555,2520,2530,28769,-0.005893909626719096
2023-06-07,2490,2535,2480,2525,69363,-0.0019762845849802257
2023-06-08,2500,2535,2490,2535,15418,0.003960396039603964
2023-06-09,2535,2580,2510,2550,29079,0.00591715976331364
2023-06-12,2560,2580,2400,2530,53974,-0.007843137254901933
2023-06-13,2520,2535,2435,2495,28938,-0.013833992094861691
2023-06-14,2475,2485,2425,2425,29943,-0.028056112224448926
2023-06-15,2415,2470,2400,2455,28676,0.012371134020618513
2023-06-16,2455,2490,2455,2490,15101,0.014256619144602745
2023-06-19,2475,2485,2450,2460,17509,-0.012048192771084376
2023-06-20,2460,2475,2430,2460,14462,0.0
2023-06-21,2460,2475,2420,2470,19084,0.004065040650406582
2023-06-22,2440,2680,2440,2505,373887,0.014170040485830038
2023-06-23,2505,2505,2450,2470,36275,-0.013972055888223589
2023-06-26,2470,2505,2470,2480,35684,0.004048582995951344
2023-06-27,2510,2515,2470,2500,18528,0.008064516129032251
2023-06-28,2475,2510,2470,2510,29349,0.0040000000000000036
2023-06-29,2485,2515,2455,2505,31563,-0.0019920318725099584
2023-06-30,2510,2510,2450,2460,19041,-0.017964071856287456
2023-07-03,2480,2495,2455,2495,26141,0.014227642276422703
2023-07-04,2480,2500,2405,2490,31808,-0.002004008016032066
2023-07-05,2470,2525,2455,2480,19986,-0.004016064257028162
2023-07-06,2475,2480,2410,2465,22261,-0.006048387096774244
2023-07-07,2440,2470,2415,2470,13667,0.0020283975659229903
2023-07-10,2460,2485,2425,2480,16455,0.004048582995951344
2023-07-11,2470,2500,2460,2500,13043,0.008064516129032251
2023-07-12,2515,2530,2490,2500,16637,0.0
2023-07-13,2500,2515,2455,2510,22261,0.0040000000000000036
2023-07-14,2500,2520,2470,2510,16978,0.0
2023-07-17,2510,2520,2410,2490,22266,-0.007968127490039834
2023-07-18,2465,2520,2465,2505,27637,0.006024096385542244
2023-07-19,2500,2510,2430,2480,27924,-0.009980039920159722
2023-07-20,2475,2475,2400,2425,26827,-0.022177419354838745
2023-07-21,2425,2470,2355,2415,53095,-0.004123711340206171
2023-07-24,2420,2420,2280,2330,65931,-0.035196687370600444
2023-07-25,2330,2330,2155,2155,78368,-0.07510729613733902
2023-07-26,2155,2180,2035,2075,90287,-0.037122969837587005
2023-07-27,2075,2215,2075,2205,34528,0.06265060240963849
2023-07-28,2205,2275,2200,2275,19267,0.031746031746031855
2023-07-31,2320,2330,2275,2310,20972,0.01538461538461533
2023-08-01,2295,2330,2285,2325,9266,0.006493506493506551
2023-08-02,2305,2315,2220,2230,37313,-0.04086021505376347
2023-08-03,2245,2245,2145,2160,88950,-0.03139013452914796
2023-08-04,2160,2205,2150,2185,18171,0.011574074074074181
2023-08-07,2190,2195,2140,2140,29555,-0.020594965675057253
2023-08-08,2150,2180,2120,2130,34278,-0.004672897196261627
2023-08-09,2130,2165,2125,2145,18320,0.007042253521126751
2023-08-10,2145,2155,2105,2150,27033,0.002331002331002363
2023-08-11,2150,2170,2120,2165,35506,0.006976744186046435
2023-08-14,2170,2195,2145,2175,26990,0.004618937644341736
2023-08-16,2170,2240,2145,2215,36960,0.01839080459770126
2023-08-17,2210,2330,2180,2325,79818,0.04966139954853266
2023-08-18,2310,2310,2230,2290,52914,-0.01505376344086018
2023-08-21,2270,2290,2170,2230,33269,-0.026200873362445365
2023-08-22,2245,2245,2165,2210,36283,-0.008968609865470878
2023-08-23,2210,2225,2190,2215,7059,0.002262443438914019
2023-08-24,2200,2210,2175,2200,7577,-0.006772009029345383
2023-08-25,2185,2215,2165,2175,15384,-0.011363636363636354
2023-08-28,2175,2270,2170,2270,37581,0.04367816091954024
2023-08-29,2245,2465,2245,2340,359012,0.03083700440528636
2023-08-30,2350,2350,2275,2325,47371,-0.0064102564102563875
2023-08-31,2300,2340,2240,2295,43247,-0.012903225806451646
2023-09-01,2295,2295,2220,2255,56628,-0.017429193899782147
2023-09-04,2255,2280,2195,2280,112390,0.011086474501108556
2023-09-05,2345,2350,2270,2270,78148,-0.004385964912280715
2023-09-06,2260,2280,2220,2270,24260,0.0
2023-09-07,2245,2255,2190,2255,39584,-0.0066079295154185536
2023-09-08,2230,2270,2225,2245,20489,-0.0044345898004434225
2023-09-11,2245,2260,2220,2245,8063,0.0
2023-09-12,2230,2260,2190,2190,15536,-0.024498886414253906
2023-09-13,2160,2225,2160,2185,15583,-0.0022831050228310223
2023-09-14,2180,2205,2170,2185,12797,0.0
2023-09-15,2195,2220,2190,2220,8280,0.016018306636155666
2023-09-18,2205,2220,2185,2205,15233,-0.006756756756756799
2023-09-19,2195,2220,2170,2195,16570,-0.0045351473922902175
2023-09-20,2195,2215,2160,2210,21375,0.006833712984054774
2023-09-21,2200,2210,2165,2180,12363,-0.013574660633484115
2023-09-22,2040,2175,2040,2175,20842,-0.002293577981651418
2023-09-25,2125,2170,2100,2160,21638,-0.006896551724137945
2023-09-26,2080,2135,2000,2005,91765,-0.0717592592592593
2023-09-27,2000,2045,1999,2010,26640,0.0024937655860348684
2023-10-04,2010,2020,1975,1990,15882,-0.00995024875621886
2023-10-05,1950,1983,1950,1955,40052,-0.017587939698492483
2023-10-06,1955,1970,1955,1960,11637,0.002557544757033181
2023-10-10,1960,1992,1950,1965,15273,0.0025510204081633514
2023-10-11,1964,1990,1964,1987,14208,0.01119592875318065
2023-10-12,1990,2010,1986,2005,8477,0.00905888273779576
2023-10-13,2010,2020,1991,1999,4547,-0.0029925187032419087
2023-10-16,1989,1999,1964,1964,18549,-0.017508754377188573
2023-10-17,1967,2005,1967,2000,7243,0.018329938900203624
2023-10-18,2015,2060,1994,2045,32383,0.022499999999999964
2023-10-19,2025,2065,2025,2040,11536,-0.0024449877750610804
2023-10-20,2015,2015,1897,1951,35773,-0.04362745098039211
2023-10-23,1884,1931,1884,1914,11528,-0.01896463352127109
2023-10-24,1895,1995,1889,1914,29895,0.0
2023-10-25,1935,1955,1927,1950,6686,0.018808777429467183
2023-10-26,1950,1950,1867,1875,24449,-0.038461538461538436
2023-10-27,1874,1884,1870,1880,6276,0.002666666666666595
2023-10-30,1888,1888,1855,1855,8738,-0.013297872340425565
2023-10-31,1866,1885,1845,1867,10144,0.006469002695417725
2023-11-01,1857,1878,1829,1877,19426,0.005356186395286455
2023-11-02,1888,1895,1884,1895,7728,0.009589770911028195
2023-11-03,1902,1955,1900,1936,8993,0.021635883905013253
2023-11-06,1956,1975,1929,1975,23845,0.0201446280991735
2023-11-07,1975,1983,1860,1983,23335,0.0040506329113925155
2023-11-08,1995,2470,1990,2050,1111431,0.03378719112455886
2023-11-09,2050,2065,1990,2000,61333,-0.024390243902439046
2023-11-10,2010,2010,1969,1999,32268,-0.0004999999999999449
2023-11-13,1999,2005,1963,1968,31953,-0.01550775387693848
2023-11-14,1970,1999,1968,1989,15019,0.010670731707317138
2023-11-15,2000,2040,1993,2005,42491,0.008044243338360957
2023-11-16,2005,2020,1974,1995,30419,-0.004987531172069848
2023-11-17,1990,2030,1979,2030,20245,0.01754385964912286
2023-11-20,2035,2040,1994,2000,22161,-0.014778325123152691
2023-11-21,2000,2035,1999,2035,21360,0.01750000000000007
2023-11-22,2010,2110,2010,2090,50368,0.027027027027026973
2023-11-23,2085,2125,2000,2075,29406,-0.0071770334928229484
2023-11-24,2075,2075,2035,2050,16945,-0.012048192771084376
2023-11-27,2045,2090,2000,2010,26246,-0.019512195121951237
2023-11-28,2015,2040,1998,2040,18865,0.014925373134328401
2023-11-29,2005,2100,2005,2095,34437,0.026960784313725394
2023-11-30,2075,2105,2015,2020,20691,-0.03579952267303099
2023-12-01,2060,2080,2015,2060,18841,0.01980198019801982
2023-12-04,2080,2085,2035,2040,32058,-0.009708737864077666
2023-12-05,2040,2050,2000,2035,25983,-0.002450980392156854
2023-12-06,2030,2060,2015,2030,11822,-0.002457002457002422
2023-12-07,2030,2060,2030,2050,14967,0.009852216748768461
2023-12-08,2045,2080,2030,2070,22126,0.009756097560975618
2023-12-11,2070,2100,2060,2070,25959,0.0
2023-12-12,2045,2090,2040,2045,13733,-0.012077294685990392
2023-12-13,2055,2110,2055,2070,40179,0.012224938875305513
2023-12-14,2075,2115,2050,2095,35083,0.012077294685990392
2023-12-15,2100,2120,2085,2105,23232,0.004773269689737569
2023-12-18,2090,2120,2045,2115,22440,0.004750593824228044
2023-12-19,2080,2135,2080,2125,14322,0.004728132387706863
2023-12-20,2145,2145,2110,2120,10173,-0.0023529411764705577
2023-12-21,2115,2120,2080,2095,14190,-0.011792452830188704
2023-12-22,2095,2105,2055,2055,16543,-0.019093078758949833
2023-12-26,2060,2080,2000,2000,52688,-0.02676399026763987
2023-12-27,2010,2040,1996,2010,11651,0.004999999999999893
2023-12-28,2025,2040,1991,2000,22592,-0.00497512437810943
2024-01-02,2010,2060,1999,2060,13432,0.030000000000000027
2024-01-03,2015,2060,2010,2040,14845,-0.009708737864077666
2024-01-04,2020,2030,1991,2030,13648,-0.004901960784313708
2024-01-05,2020,2085,2015,2085,18623,0.027093596059113212
2024-01-08,2065,2100,1992,2070,26761,-0.007194244604316502
2024-01-09,2085,2090,2055,2090,10001,0.009661835748792313
2024-01-10,2080,2300,2050,2190,440249,0.04784688995215314
2024-01-11,2190,2205,2140,2150,47101,-0.0182648401826484
2024-01-12,2155,2175,2070,2130,35215,-0.009302325581395321
2024-01-15,2130,2200,2130,2155,36401,0.011737089201877993
2024-01-16,2170,2235,2130,2130,53673,-0.011600928074245953
2024-01-17,2130,2130,2005,2030,38420,-0.04694835680751175
2024-01-18,2030,2055,2010,2055,19243,0.012315270935960632
2024-01-19,2060,2165,2060,2145,26136,0.04379562043795615
2024-01-22,2160,2165,2100,2130,10067,-0.006993006993006978
2024-01-23,2110,2175,2100,2165,40322,0.016431924882629012
2024-01-24,2175,2175,2100,2175,17482,0.004618937644341736
2024-01-25,2175,2175,2135,2160,7607,-0.006896551724137945
2024-01-26,2185,2185,2120,2165,8890,0.0023148148148148806
2024-01-29,2165,2165,2110,2150,15007,-0.006928406466512715
2024-01-30,2115,2140,2040,2110,32615,-0.018604651162790753
2024-01-31,2100,2140,2060,2060,8896,-0.023696682464455
2024-02-01,2040,2080,2010,2060,25610,0.0
2024-02-02,2025,2135,2025,2065,15826,0.0024271844660195274
2024-02-05,2085,2105,2060,2080,10133,0.007263922518159882
2024-02-06,2080,2100,2060,2080,15882,0.0
2024-02-07,2080,2100,2060,2080,8459,0.0
2024-02-08,2075,2155,2020,2060,73644,-0.009615384615384581
2024-02-13,2060,2090,2060,2075,19054,0.00728155339805836
2024-02-14,2060,2110,2060,2105,12306,0.014457831325301207
2024-02-15,2135,2135,2085,2110,13312,0.002375296912114022
2024-02-16,2095,2135,2090,2120,15755,0.004739336492890933
2024-02-19,2120,2140,2100,2135,20637,0.007075471698113178
2024-02-20,2120,2160,2115,2140,31909,0.0023419203747072626
2024-02-21,2110,2155,2110,2150,18762,0.004672897196261738
2024-02-22,2135,2165,2130,2140,12916,-0.0046511627906976605
2024-02-23,2145,2155,2120,2145,10615,0.002336448598130758
2024-02-26,2145,2155,2115,2140,22336,-0.002331002331002363
2024-02-27,2115,2145,2095,2130,12113,-0.004672897196261627
2024-02-28,2110,2150,2110,2145,8214,0.007042253521126751
2024-02-29,2145,2165,2115,2155,11867,0.004662004662004726
2024-03-04,2165,2165,2125,2165,12527,0.004640371229698292
2024-03-05,2155,2175,2115,2175,32424,0.004618937644341736
2024-03-06,2150,2180,2140,2175,12289,0.0
2024-03-07,2165,2175,2020,2145,36806,-0.01379310344827589
2024-03-08,2145,2155,2100,2120,16367,-0.011655011655011704
2024-03-11,2105,2145,2105,2145,3749,0.011792452830188704
2024-03-12,2130,2150,2095,2145,13440,0.0
2024-03-13,2130,2140,2080,2135,19378,-0.004662004662004615
2024-03-14,2120,2135,2050,2100,55267,-0.016393442622950838
2024-03-15,2130,2130,1997,2055,123918,-0.021428571428571463
2024-03-18,2055,2070,2045,2055,6095,0.0
2024-03-19,2045,2135,2045,2070,45110,0.007299270072992803
2024-03-20,2075,2090,2060,2090,31687,0.009661835748792313
2024-03-21,2080,2110,2035,2095,20484,0.0023923444976077235
2024-03-22,2035,2115,2035,2100,38633,0.0023866348448686736
2024-03-25,2090,2100,2040,2075,17396,-0.011904761904761862
2024-03-26,2055,2090,2045,2085,37198,0.004819277108433662
2024-03-27,2060,2095,2035,2095,13075,0.004796163069544335
2024-03-28,2070,2095,2030,2060,16110,-0.01670644391408116
2024-03-29,2075,2095,2020,2085,28450,0.012135922330097193
2024-04-01,2085,2100,2045,2080,31388,-0.0023980815347721673
2024-04-02,2080,2105,2055,2075,27731,-0.0024038461538461453
2024-04-03,2070,2095,2060,2085,19648,0.004819277108433662
2024-04-04,2085,2100,2080,2100,12722,0.007194244604316502
2024-04-05,2100,2100,2060,2095,9239,-0.0023809523809523725
2024-04-08,2095,2110,2035,2035,16636,-0.02863961813842486
2024-04-09,2050,2100,2025,2055,27587,0.00982800982800991
2024-04-11,2040,2065,2000,2055,23889,0.0
2024-04-12,2065,2070,2005,2055,20162,0.0
2024-04-15,2055,2060,2010,2030,16342,-0.012165450121654486
2024-04-16,2045,2045,2000,2020,5752,-0.0049261083743842304
2024-04-17,2025,2045,2000,2025,8283,0.0024752475247524774
2024-04-18,2030,2040,2010,2040,10576,0.007407407407407307
2024-04-19,2030,2045,1998,2030,18671,-0.004901960784313708
2024-04-22,2000,2020,2000,2015,5852,-0.007389162561576401
2024-04-23,2035,2045,2000,2020,14227,0.002481389578163684
2024-04-24,2015,2030,2000,2015,11265,-0.0024752475247524774
2024-04-25,2020,2050,2015,2040,28018,0.012406947890818865
2024-04-26,2040,2055,2030,2050,8881,0.004901960784313708
2024-04-29,2050,2070,2030,2045,15889,-0.0024390243902439046
2024-04-30,2050,2055,1999,1999,37627,-0.022493887530562362
2024-05-02,2010,2060,2010,2045,30226,0.02301150575287636
2024-05-03,2060,2065,2025,2045,8851,0.0
2024-05-07,2050,2060,2020,2050,17873,0.0024449877750611915
2024-05-08,2055,2055,2030,2040,6758,-0.004878048780487809
2024-05-09,2045,2060,2035,2050,12853,0.004901960784313708
2024-05-10,2050,2055,2030,2050,5452,0.0
2024-05-13,2050,2055,2015,2045,11025,-0.0024390243902439046
2024-05-14,2060,2060,2015,2040,12552,-0.0024449877750610804
2024-05-16,2040,2055,2025,2045,21128,0.002450980392156854
2024-05-17,2030,2065,2005,2005,44331,-0.019559902200488977
2024-05-20,2015,2060,2015,2055,24901,0.02493765586034913
2024-05-21,2055,2060,2010,2020,19733,-0.01703163017031628
2024-05-22,2020,2035,1999,2030,24910,0.004950495049504955
2024-05-23,2030,2050,2010,2045,21978,0.00738916256157629
2024-05-24,2045,2055,2025,2040,15062,-0.0024449877750610804
2024-05-27,2030,2030,2000,2030,29475,-0.004901960784313708
2024-05-28,2030,2045,1995,2035,27245,0.0024630541871921707
2024-05-29,2035,2035,1995,2020,32188,-0.0073710073710073765
2024-05-30,2015,2015,1995,1996,14902,-0.011881188118811892
2024-05-31,1996,2010,1990,2000,15145,0.002004008016031955
2024-06-03,1993,2000,1991,1997,32354,-0.0014999999999999458
2024-06-04,1997,2000,1991,2000,10552,0.001502253380070151
2024-06-05,1995,2000,1991,2000,7250,0.0
2024-06-07,1987,2000,1987,1998,7874,-0.0010000000000000009
2024-06-10,1998,1999,1989,1997,10682,-0.0005005005005005447
2024-06-11,1997,2015,1992,2005,21405,0.0040060090135203286
2024-06-12,1999,2015,1995,1995,5814,-0.004987531172069848
2024-06-13,1997,2010,1996,2010,5244,0.007518796992481258
2024-06-14,2010,2150,1995,2125,180757,0.05721393034825861
2024-06-17,2125,2170,1999,2000,147048,-0.05882352941176472
2024-06-18,2030,2230,2015,2130,402885,0.06499999999999995
2024-06-19,2215,2220,2080,2110,94844,-0.009389671361502372
2024-06-20,2120,2175,2040,2110,102213,0.0
2024-06-21,2100,2125,2050,2115,52039,0.0023696682464455776
2024-06-24,2110,2115,2005,2055,69329,-0.028368794326241176
2024-06-25,2035,2070,2035,2070,22263,0.007299270072992803
2024-06-26,2070,2075,2050,2070,25214,0.0
2024-06-27,2065,2075,2045,2075,10290,0.0024154589371980784
2024-06-28,2045,2055,2010,2015,50310,-0.028915662650602414
2024-07-01,2020,2035,2000,2020,25633,0.002481389578163684
2024-07-02,2010,2040,2010,2040,13231,0.00990099009900991
2024-07-03,2045,2050,1991,2030,26038,-0.004901960784313708
2024-07-04,2030,2035,1973,1976,48932,-0.026600985221674867
2024-07-05,1976,2020,1972,2000,20004,0.012145748987854255
2024-07-08,1998,2020,1992,2005,8323,0.0024999999999999467
2024-07-09,2000,2010,1990,1999,7830,-0.0029925187032419087
2024-07-10,2010,2020,1992,2010,7896,0.005502751375687787
2024-07-11,2025,2025,1999,2005,6751,-0.0024875621890547706
2024-07-12,2000,2015,1999,2015,7726,0.004987531172069737
2024-07-15,2000,2020,1999,2015,10700,0.0
2024-07-16,2000,2025,2000,2015,13715,0.0
2024-07-17,2030,2105,2015,2040,130094,0.012406947890818865
2024-07-18,2015,2040,1999,2000,26537,-0.019607843137254943
2024-07-19,2000,2025,2000,2020,14356,0.010000000000000009
2024-07-22,2020,2035,1999,1999,9496,-0.010396039603960405
2024-07-23,1999,2015,1998,2010,8357,0.005502751375687787
2024-07-24,2040,2040,1989,2010,10798,0.0
2024-07-25,1998,2000,1981,2000,24861,-0.00497512437810943
2024-07-26,1994,2005,1987,2005,8062,0.0024999999999999467
2024-07-29,2000,2020,1983,2010,8110,0.0024937655860348684
2024-07-30,1999,2030,1998,2015,8369,0.0024875621890547706
2024-07-31,1997,2030,1993,1993,8266,-0.010918114143920632
2024-08-01,1993,2010,1993,2000,2875,0.00351229302558953
2024-08-02,1993,1999,1983,1992,14259,-0.0040000000000000036
2024-08-05,1992,2005,1760,1800,43814,-0.09638554216867468
2024-08-06,1701,1940,1701,1917,27968,0.06499999999999995
2024-08-07,1897,1926,1897,1922,11720,0.002608242044861653
2024-08-08,1918,1925,1885,1911,11204,-0.00572320499479706
2024-08-09,1906,1919,1900,1913,9237,0.0010465724751438366
2024-08-12,1913,1947,1913,1929,2040,0.008363826450601186
2024-08-13,1929,1938,1916,1930,4424,0.0005184033177811909
2024-08-14,1927,1945,1871,1891,27919,-0.020207253886010412
2024-08-16,1891,1925,1888,1905,17578,0.007403490216816522
2024-08-19,1903,1913,1896,1907,17240,0.0010498687664042272
2024-08-20,1918,1920,1870,1917,12389,0.00524383848977461
2024-08-21,1919,1923,1917,1921,4378,0.0020865936358893666
2024-08-22,1919,1925,1915,1916,3641,-0.0026028110359187506
2024-08-23,1924,1925,1910,1918,4557,0.0010438413361169019
2024-08-26,1911,1922,1911,1911,2689,-0.0036496350364964014
2024-08-27,1910,1928,1910,1910,4178,-0.0005232862375719183
2024-08-28,1920,1939,1905,1905,6155,-0.002617801047120394
2024-08-29,1904,1904,1853,1900,18923,-0.002624671916010457
2024-08-30,1894,1910,1881,1904,2244,0.002105263157894832
2024-09-02,1904,1909,1886,1908,6990,0.0021008403361344463
2024-09-03,1904,1909,1895,1909,8750,0.0005241090146750338
2024-09-04,1900,1901,1891,1896,5205,-0.006809848088004222
2024-09-05,1902,1905,1887,1895,3292,-0.0005274261603375185
2024-09-06,1904,1904,1855,1887,5588,-0.004221635883905006
2024-09-09,1793,1865,1793,1842,6215,-0.02384737678855331
2024-09-10,1829,1842,1829,1840,3808,-0.0010857763300760048
2024-09-11,1834,1850,1834,1838,1942,-0.0010869565217391797
2024-09-12,1836,1850,1829,1845,5721,0.003808487486398171
2024-09-13,1846,1846,1723,1800,28952,-0.024390243902439046
2024-09-19,1800,1810,1793,1801,8989,0.0005555555555556424
2024-09-20,1810,1815,1792,1815,7795,0.007773459189339249
2024-09-23,1825,1825,1809,1817,7209,0.001101928374655614
2024-09-24,1826,1830,1817,1829,4112,0.006604292790313604
2024-09-25,1832,1844,1820,1831,8019,0.0010934937124111865
2024-09-26,1838,1857,1838,1855,2450,0.013107591480065572
2024-09-27,1855,1864,1851,1857,2665,0.0010781671159030282
2024-09-30,1853,1860,1790,1856,20566,-0.000538502961766274
2024-10-02,1856,1889,1792,1887,8185,0.016702586206896575
2024-10-04,1882,1910,1882,1908,10415,0.0111287758346581
2024-10-07,1902,1930,1895,1930,4671,0.011530398322851187
2024-10-08,1930,1950,1930,1950,10879,0.010362694300518172
2024-10-10,1950,2010,1925,1984,26960,0.017435897435897463
2024-10-11,2005,2005,1982,1995,8759,0.005544354838709742
2024-10-14,1993,2005,1956,1998,8228,0.0015037593984963404
2024-10-15,1993,2005,1977,1990,6273,-0.004004004004004025
2024-10-16,1984,2000,1969,1994,12373,0.0020100502512563345
2024-10-17,1963,1998,1935,1994,6686,0.0
2024-10-18,1977,1994,1977,1993,3128,-0.0005015045135405849
2024-10-21,1985,1995,1982,1993,4185,0.0
2024-10-22,1993,1995,1985,1985,2954,-0.004014049172102352
2024-10-23,1980,1994,1980,1986,11205,0.0005037783375314575
2024-10-24,1986,1994,1979,1993,5606,0.0035246727089628394
2024-10-25,1990,1994,1985,1993,3987,0.0
2024-10-28,1993,1994,1980,1994,5050,0.0005017561465128217
2024-10-29,1988,1994,1985,1992,4312,-0.0010030090270812808
2024-10-30,1992,1994,1988,1992,5581,0.0
2024-10-31,1985,1992,1985,1992,14815,0.0
2024-11-01,1993,1995,1984,1992,4577,0.0
2024-11-04,1988,1995,1983,1993,7808,0.0005020080321285203
2024-11-05,1994,1996,1989,1996,8298,0.0015052684395384652
2024-11-06,1991,1999,1989,1998,5430,0.0010020040080160886
2024-11-07,1995,1999,1985,1998,14850,0.0
2024-11-08,1994,1999,1987,1996,6925,-0.0010010010010009784
2024-11-11,1993,1998,1957,1994,2823,-0.0010020040080159776
2024-11-12,1994,1998,1920,1921,7711,-0.03660982948846536
2024-11-13,1927,1934,1836,1912,13469,-0.00468505986465384
2024-11-14,1912,1960,1843,1932,6338,0.010460251046025215
2024-11-15,1932,1932,1850,1866,10467,-0.03416149068322982
2024-11-18,1850,1904,1849,1899,6990,0.01768488745980701
2024-11-19,1880,1900,1855,1898,2421,-0.0005265929436545358
2024-11-20,1898,1929,1874,1910,2747,0.006322444678608985
2024-11-21,1895,1910,1845,1862,6550,-0.025130890052356025
2024-11-22,1862,1874,1857,1861,6355,-0.0005370569280344073
2024-11-25,1861,1861,1800,1848,10938,-0.006985491671144595
2024-11-26,1848,1870,1829,1854,2836,0.0032467532467532756
2024-11-27,1864,1864,1830,1860,3033,0.003236245954692629
2024-11-28,1862,1871,1849,1867,2972,0.0037634408602149616
2024-11-29,1868,1868,1805,1843,3107,-0.012854847348687692
2024-12-02,1849,1849,1780,1780,9716,-0.03418339663591974
2024-12-03,1790,1801,1751,1777,17617,-0.0016853932584269815
2024-12-04,1777,1780,1671,1780,25482,0.0016882386043894915
2024-12-05,1781,1781,1705,1725,20545,-0.030898876404494402
2024-12-06,1725,1735,1700,1700,8105,-0.01449275362318836
2024-12-09,1700,1700,1623,1623,17058,-0.04529411764705882
2024-12-10,1595,1666,1582,1665,30136,0.025878003696857776
2024-12-11,1666,1829,1666,1806,57138,0.08468468468468471
2024-12-12,1806,1940,1806,1920,98226,0.06312292358803995
2024-12-13,1915,1950,1860,1875,31722,-0.0234375
2024-12-16,1875,1904,1875,1900,34877,0.01333333333333342
2024-12-17,1881,1931,1870,1931,11589,0.016315789473684283
2024-12-18,1931,1931,1846,1855,20033,-0.039357845675815684
2024-12-19,1855,1855,1790,1791,24078,-0.0345013477088949
2024-12-20,1800,1806,1760,1775,13617,-0.008933556672250154
2024-12-23,1800,1800,1768,1785,5309,0.005633802816901401
2024-12-24,1795,1815,1767,1769,22897,-0.008963585434173638
2024-12-26,1771,1778,1705,1705,15856,-0.03617863199547766
2024-12-27,1709,1720,1666,1675,13323,-0.017595307917888547
2024-12-30,1684,1684,1665,1679,10375,0.002388059701492473
2025-01-02,1679,1765,1679,1749,13127,0.04169148302561054
2025-01-03,1756,1790,1750,1788,9303,0.022298456260720467
2025-01-06,1791,1804,1762,1794,25868,0.003355704697986628
2025-01-07,1794,1801,1771,1800,7555,0.0033444816053511683
2025-01-08,1805,1805,1770,1805,8750,0.002777777777777768
2025-01-09,1812,1812,1798,1799,1280,-0.003324099722991636
2025-01-10,1799,1810,1791,1793,5549,-0.0033351862145636346
2025-01-13,1805,1805,1706,1773,16464,-0.01115448968209709
2025-01-14,1773,1779,1767,1777,3800,0.002256063169768785
2025-01-15,1790,1790,1761,1762,7699,-0.008441193021947124
2025-01-16,1762,1772,1758,1758,6564,-0.002270147559591429
2025-01-17,1770,1770,1754,1760,6417,0.0011376564277587597
2025-01-20,1732,1748,1730,1730,19013,-0.017045454545454586
2025-01-21,1740,1740,1720,1733,27588,0.001734104046242857
2025-01-22,1745,1745,1727,1731,4919,-0.0011540680900172795
2025-01-23,1740,1740,1722,1723,15872,-0.0046216060080878085
2025-01-24,1735,1735,1714,1720,13653,-0.0017411491584445882
2025-01-31,1720,1720,1700,1700,7999,-0.011627906976744207
2025-02-03,1710,1710,1627,1698,8134,-0.0011764705882353343
2025-02-04,1678,1710,1678,1684,6112,-0.00824499411071844
2025-02-05,1695,1700,1677,1689,6096,0.002969121140142583
2025-02-06,1700,1735,1681,1715,8447,0.015393724097098938
2025-02-07,1725,1725,1680,1700,2166,-0.008746355685131157
2025-02-10,1720,1720,1681,1712,8028,0.007058823529411784
2025-02-11,1719,1719,1704,1704,2974,-0.004672897196261627
2025-02-12,1704,1715,1700,1715,1216,0.006455399061032763
2025-02-13,1710,1720,1696,1703,12158,-0.006997084548104993
2025-02-14,1703,1715,1691,1701,9952,-0.0011743981209629828
2025-02-17,1701,1710,1675,1689,14178,-0.007054673721340388
2025-02-18,1700,1700,1677,1691,7248,0.001184132622853662
2025-02-19,1691,1695,1673,1687,20752,-0.0023654642223536193
2025-02-20,1687,1695,1681,1692,22110,0.0029638411381149865
2025-02-21,1689,1694,1685,1693,4694,0.0005910165484632746
2025-02-24,1686,1698,1677,1693,13771,0.0
2025-02-25,1693,1704,1678,1696,10737,0.0017720023626697223
2025-02-26,1696,1700,1660,1696,30283,0.0
2025-02-27,1702,1702,1675,1689,3958,-0.004127358490566002
2025-02-28,1687,1700,1675,1698,16023,0.005328596802841812
2025-03-04,1698,1698,1677,1686,10470,-0.007067137809187329
2025-03-05,1686,1687,1680,1684,3997,-0.0011862396204033177
2025-03-06,1686,1686,1672,1680,4155,-0.002375296912114022
2025-03-07,1690,1690,1680,1680,2214,0.0
2025-03-10,1664,1680,1651,1660,12112,-0.011904761904761862
2025-03-11,1660,1670,1640,1640,9337,-0.012048192771084376
2025-03-12,1642,1683,1639,1683,7535,0.026219512195121863
2025-03-13,1685,1685,1664,1676,4885,-0.004159239453357055
2025-03-14,1676,1676,1671,1676,3677,0.0
2025-03-17,1677,1685,1670,1675,3015,-0.0005966587112171684
2025-03-18,1685,1685,1667,1668,10034,-0.004179104477611939
2025-03-19,1680,1680,1659,1667,7340,-0.0005995203836930418
2025-03-20,1664,1680,1640,1662,18961,-0.0029994001199760145
2025-03-21,1660,1660,1639,1656,14077,-0.0036101083032491488
2025-03-24,1656,1657,1643,1644,10165,-0.007246376811594235
2025-03-25,1634,1655,1567,1640,17605,-0.0024330900243308973
2025-03-26,1623,1638,1613,1620,9813,-0.012195121951219523
2025-03-27,1629,1629,1610,1618,16372,-0.0012345679012345512
2025-03-28,1601,1617,1601,1608,7409,-0.006180469715698411
2025-03-31,1537,1608,1537,1550,17296,-0.03606965174129351
2025-04-01,1549,1596,1545,1585,7493,0.022580645161290214
2025-04-02,1585,1585,1566,1578,11620,-0.004416403785488909
2025-04-03,1589,1595,1554,1554,8091,-0.01520912547528519
2025-04-04,1550,1586,1550,1576,6546,0.014157014157014203
2025-04-07,1577,1609,1561,1580,12881,0.002538071065989911
2025-04-08,1582,1610,1561,1579,23583,-0.0006329113924050667
2025-04-09,1595,1600,1545,1554,17168,-0.01583280557314759
2025-04-10,1559,1599,1554,1589,39029,0.022522522522522515
2025-04-11,1608,1652,1580,1612,23554,0.014474512271869022
2025-04-14,1603,1619,1596,1596,6774,-0.00992555831265507
2025-04-15,1611,1650,1591,1619,17780,0.014411027568922208
2025-04-16,1619,1649,1610,1610,16289,-0.005558987029030238
2025-04-17,1614,1623,1588,1600,18026,-0.006211180124223614
2025-04-18,1600,1630,1582,1630,4054,0.018750000000000044
2025-04-21,1635,1651,1622,1636,10807,0.0036809815950920033
2025-04-22,1650,2125,1650,2125,3234714,0.2988997555012225
2025-04-23,1923,2050,1782,1842,1627313,-0.13317647058823534
2025-04-24,1830,2135,1800,1865,1965053,0.012486427795874055
2025-04-25,1923,2015,1865,1930,714989,0.034852546916890104
2025-04-28,1996,2505,1930,2505,3006017,0.2979274611398963
2025-04-29,2670,2690,2120,2135,4049164,-0.1477045908183633
2025-04-30,2145,2260,1942,1945,1073280,-0.08899297423887587
2025-05-02,1803,1902,1803,1887,386385,-0.029820051413881776
2025-05-07,1890,2025,1862,1985,812710,0.051934287228404985
2025-05-08,1999,2025,1921,1969,328348,-0.008060453400503764
2025-05-09,1997,2295,1962,2050,3132480,0.04113763331640419
2025-05-12,2055,2095,1965,1976,319474,-0.03609756097560979
2025-05-13,1977,1989,1906,1927,233788,-0.0247975708502024
2025-05-14,1928,1962,1899,1959,121854,0.01660612350804369
2025-05-15,1958,1965,1925,1929,79917,-0.015313935681470103
2025-05-16,1930,1975,1916,1939,121750,0.005184033177812353
2025-05-19,1939,1958,1858,1880,194438,-0.030428055698813794
2025-05-20,1880,2155,1880,2005,957359,0.0664893617021276
2025-05-21,1999,2010,1900,1957,228397,-0.02394014962593516
2025-05-22,1938,1995,1904,1951,118438,-0.0030659172202350815
2025-05-23,1951,1971,1922,1952,52232,0.0005125576627371675
2025-05-26,1919,1951,1919,1938,61431,-0.0071721311475410054
2025-05-27,1915,1956,1915,1936,29914,-0.0010319917440660964
2025-05-28,1936,1948,1905,1917,79932,-0.009814049586776896
2025-05-29,1971,2145,1958,2035,1327447,0.06155451225873754
2025-05-30,2025,2050,1995,2000,137570,-0.017199017199017175
2025-06-02,2000,2045,1980,2005,81347,0.0024999999999999467
2025-06-04,2050,2050,1982,2025,142602,0.009975062344139696
2025-06-05,2025,2030,1990,2005,106846,-0.00987654320987652
2025-06-09,2010,2055,2005,2020,106556,0.007481296758104827
2025-06-10,2020,2040,1994,2005,81150,-0.007425742574257432
2025-06-11,2030,2040,1999,2020,72443,0.007481296758104827
2025-06-12,2045,2055,2020,2055,74191,0.017326732673267342
2025-06-13,2050,2075,1935,1981,208698,-0.0360097323600973
2025-06-16,1981,2015,1959,1995,66639,0.007067137809187329
2025-06-17,1996,2060,1996,2060,88885,0.032581453634085156
2025-06-18,2060,2065,2005,2030,40269,-0.014563106796116498
2025-06-19,2055,2055,1991,1993,44321,-0.018226600985221664
2025-06-20,1993,2010,1948,1990,40765,-0.0015052684395383542
2025-06-23,1990,2080,1911,1979,38502,-0.005527638190954809
2025-06-24,1998,2025,1955,2025,83736,0.023244062657908016
2025-06-25,2025,2035,1986,2010,51874,-0.007407407407407418
2025-06-26,2010,2035,1968,1985,69909,-0.01243781094527363
2025-06-27,1996,2000,1960,1960,38285,-0.012594458438287104
2025-06-30,1973,1999,1960,1981,42263,0.010714285714285676
2025-07-01,1981,2000,1964,1995,53914,0.007067137809187329
2025-07-02,1999,2000,1940,2000,68963,0.0025062656641603454
2025-07-03,2000,2350,1981,2195,8976364,0.09749999999999992
2025-07-04,2160,2160,2075,2095,816677,-0.04555808656036442
2025-07-07,2100,2135,2080,2125,289215,0.014319809069212486
2025-07-08,2125,2205,2070,2145,514618,0.009411764705882453
2025-07-09,2160,2210,2095,2100,198671,-0.020979020979020935
2025-07-10,2115,2130,2085,2105,197075,0.0023809523809523725
2025-07-11,2125,2445,2120,2240,4245742,0.06413301662707838
2025-07-14,2240,2540,2200,2295,3400384,0.024553571428571397
2025-07-15,2345,2415,2220,2225,888007,-0.030501089324618702
2025-07-16,2260,2295,2190,2195,348245,-0.013483146067415741
2025-07-17,2195,2255,2125,2210,342319,0.006833712984054774
2025-07-18,2210,2240,2125,2150,184230,-0.02714932126696834
2025-07-21,2185,2240,2145,2235,163726,0.03953488372093017
2025-07-22,2250,2250,2165,2230,148668,-0.0022371364653244186
2025-07-23,2205,2267,2190,2190,206015,-0.017937219730941756
2025-07-24,2175,2200,2125,2185,85223,-0.0022831050228310223
2025-07-25,2195,2195,2140,2140,70160,-0.020594965675057253
2025-07-28,2140,2145,2100,2110,56015,-0.014018691588784993
2025-07-29,2125,2160,2075,2100,40685,-0.004739336492891044
2025-07-30,2100,2145,2100,2110,21856,0.004761904761904745
2025-07-31,2090,2160,2090,2090,28223,-0.009478672985781977
2025-08-01,2095,2260,2025,2040,225404,-0.02392344497607657
2025-08-04,2050,2195,2050,2140,132812,0.0490196078431373
2025-08-05,2200,2200,2115,2130,39297,-0.004672897196261627
2025-08-06,2145,2195,2130,2180,69986,0.023474178403755763
2025-08-07,2215,2245,2160,2175,112680,-0.002293577981651418
2025-08-08,2175,2185,2130,2140,31156,-0.016091954022988464
2025-08-11,2125,2160,2110,2110,24813,-0.014018691588784993
2025-08-12,2145,2145,2070,2080,51636,-0.014218009478673022
2025-08-13,2090,2130,2070,2095,52702,0.007211538461538547
2025-08-14,2095,2105,2000,2050,59316,-0.021479713603818618
2025-08-18,2075,2075,2000,2025,55784,-0.012195121951219523
2025-08-19,2035,2035,1986,1990,56485,-0.01728395061728394
2025-08-20,1990,2035,1965,2020,81039,0.015075376884422065
2025-08-21,2025,2060,2000,2015,29122,-0.0024752475247524774
2025-08-22,2035,2045,1997,2015,21810,0.0
2025-08-25,2075,2075,2000,2020,16265,0.002481389578163684
2025-08-26,2040,2040,1999,2025,21050,0.0024752475247524774
2025-08-27,2030,2050,2000,2020,17701,-0.0024691358024691024
2025-08-28,2040,2040,1991,1995,29364,-0.012376237623762387
2025-08-29,2015,2015,1992,1992,9551,-0.0015037593984962294
2025-09-01,2020,2020,1970,1972,28424,-0.010040160642570295
2025-09-02,1992,1992,1957,1975,57992,0.0015212981744421317
2025-09-03,1975,1992,1950,1972,16520,-0.0015189873417721378
2025-09-04,1972,2040,1963,1989,37138,0.008620689655172376
2025-09-05,1991,2030,1989,1992,25039,0.0015082956259426794
2025-09-08,1995,1999,1977,1991,17119,-0.0005020080321285203
2025-09-09,2005,2190,1985,2040,335319,0.024610748367654534
2025-09-10,2050,2145,2020,2145,123590,0.05147058823529416
2025-09-11,2145,2155,2100,2105,42571,-0.018648018648018683
2025-09-12,2125,2140,2085,2085,52001,-0.009501187648456089
2025-09-15,2105,2105,2080,2090,23495,0.0023980815347721673
2025-09-16,2090,2100,2030,2075,44353,-0.0071770334928229484
2025-09-17,2070,2095,2040,2055,22211,-0.009638554216867434
2025-09-18,2065,2095,2025,2055,26684,0.0
2025-09-19,2080,2080,2030,2040,29319,-0.007299270072992692
2025-09-22,2055,2060,2000,2050,33141,0.004901960784313708
2025-09-23,2050,2105,2025,2055,48936,0.0024390243902439046
2025-09-24,2090,2090,2040,2070,30301,0.007299270072992803
2025-09-25,2065,2125,2045,2070,80495,0.0
2025-09-26,2110,2110,2030,2030,37131,-0.019323671497584516
2025-09-29,2080,2105,2040,2085,51001,0.027093596059113212
2025-09-30,2110,2140,2050,2105,62703,0.00959232613908867
2025-10-01,2060,2125,2060,2105,61524,0.0
2025-10-02,2105,2150,2090,2110,59311,0.002375296912114022
2025-10-10,2150,2185,2060,2130,137355,0.009478672985782088
2025-10-13,2110,2145,2050,2090,56781,-0.018779342723004744
2025-10-14,2150,2150,2040,2080,63406,-0.004784688995215336
2025-10-15,2090,2130,2050,2085,47672,0.0024038461538462563
2025-10-16,2125,2135,2040,2065,65336,-0.00959232613908878
2025-10-17,2065,2070,2015,2030,33233,-0.016949152542372836
2025-10-20,2030,2050,1998,2010,93398,-0.009852216748768461
2025-10-21,2010,2025,1987,1994,61356,-0.007960199004975133
2025-10-22,2005,2055,1980,2030,38232,0.01805416248746239
2025-10-23,2060,2060,1995,2000,30676,-0.014778325123152691
2025-10-24,2000,2015,1989,2015,24852,0.007500000000000062
2025-10-27,2010,2045,1999,2025,60249,0.00496277915632759
2025-10-28,2065,2065,2005,2020,12980,-0.0024691358024691024
2025-10-29,2015,2015,1985,1999,58088,-0.010396039603960405
2025-10-30,2005,2050,1980,1998,55130,-0.0005002501250624958
2025-10-31,2015,2015,1975,2000,29496,0.0010010010010010895
2025-11-03,1978,1995,1901,1904,102754,-0.04800000000000004
2025-11-04,1904,1933,1885,1890,44180,-0.007352941176470562
2025-11-05,1874,1886,1807,1843,70344,-0.024867724867724816
2025-11-06,1845,1890,1836,1856,23366,0.007053716766142193
2025-11-07,1840,1899,1801,1821,22380,-0.018857758620689613
2025-11-10,1824,1870,1821,1856,35962,0.019220208676551387
2025-11-11,1873,1874,1839,1849,15938,-0.0037715517241379004
2025-11-12,1831,1909,1831,1909,26429,0.03244997295835583
2025-11-13,1888,2180,1881,1945,502162,0.0188580408590886
2025-11-14,1945,2130,1945,1970,239034,0.01285347043701801
2025-11-17,1965,2060,1956,1992,105048,0.01116751269035543
2025-11-18,2000,2005,1937,1953,28849,-0.01957831325301207
2025-11-19,1953,2012,1941,1969,42660,0.008192524321556593
2025-11-20,1998,1998,1948,1950,25957,-0.00964956830878616
2025-11-21,1941,1947,1911,1929,17755,-0.010769230769230753
2025-11-24,1929,1953,1888,1888,20525,-0.021254536029030602
2025-11-25,1872,1952,1872,1888,28492,0.0
2025-11-26,1888,1919,1888,1904,5264,0.008474576271186418
2025-11-27,1913,1970,1900,1915,9731,0.005777310924369727
2025-11-28,1915,1931,1905,1930,14497,0.007832898172323688
2025-12-01,1960,1965,1921,1946,6575,0.008290155440414448
2025-12-02,1946,2050,1910,2000,91011,0.027749229188078095
2025-12-03,2000,2010,1990,1990,8481,-0.0050000000000000044
2025-12-04,1992,2000,1966,1988,11737,-0.0010050251256281673
2025-12-05,2005,2005,1958,1970,16172,-0.00905432595573441
2025-12-08,1961,1961,1940,1942,18652,-0.014213197969543123
2025-12-09,1941,2050,1918,1973,50256,0.01596292481977346
2025-12-10,2010,2010,1970,1972,30576,-0.0005068423720222537
2025-12-11,2000,2010,1957,1985,59852,0.006592292089249385
2025-12-12,2010,2010,1966,1974,16224,-0.005541561712846366
2025-12-15,1974,2000,1967,1976,23999,0.0010131712259371373
2025-12-16,1975,1992,1951,1951,17092,-0.012651821862348145
2025-12-17,1964,1987,1953,1953,16250,0.001025115325474113
2025-12-18,1985,1986,1921,1960,75070,0.0035842293906809264
2025-12-19,1955,1974,1955,1962,17965,0.0010204081632652073
2025-12-22,2040,2040,1952,1968,25330,0.003058103975535076
2025-12-23,1996,1996,1957,1975,7934,0.0035569105691057867
2025-12-24,1999,1999,1931,1959,24229,-0.008101265822784809
2025-12-26,1959,1966,1948,1964,18455,0.002552322613578406
2025-12-29,1966,1966,1933,1933,8532,-0.015784114052953102
2025-12-30,1942,1955,1917,1955,23526,0.011381272633212536
2026-01-02,1980,1982,1924,1924,24890,-0.015856777493606145
2026-01-05,1924,1940,1924,1927,12920,0.0015592515592515177
2026-01-06,1927,1927,1895,1903,32918,-0.012454592631032657
2026-01-07,1903,1910,1888,1891,61701,-0.006305832895428298
2026-01-08,1891,1947,1890,1900,8924,0.004759386567953383
2026-01-09,1940,1940,1862,1869,23568,-0.016315789473684172
2026-01-12,1869,1901,1841,1862,14528,-0.0037453183520599342
2026-01-13,1865,1900,1830,1836,30784,-0.013963480128893702
2026-01-14,1831,1867,1830,1835,14766,-0.0005446623093682268
2026-01-15,1844,1860,1820,1831,20851,-0.0021798365122616126
2026-01-16,1831,1860,1825,1832,13687,0.0005461496450027692
2026-01-19,1850,1850,1825,1829,19982,-0.0016375545851528006
2026-01-20,1849,1849,1829,1832,36368,0.0016402405686166688
2026-01-21,1849,1849,1817,1822,10951,-0.00545851528384278
2026-01-22,1850,1850,1820,1820,8662,-0.001097694840834218
2026-01-23,1838,1838,1826,1835,19378,0.008241758241758212
2026-01-26,1835,1845,1831,1842,24552,0.003814713896457711
2026-01-27,1860,1864,1835,1849,26507,0.003800217155266017
2026-01-28,1857,1860,1840,1850,39305,0.0005408328826392861
