Date,Open,High,Low,Close,Volume,Change
2022-01-03,9300,9840,9210,9440,2178955,0.03169398907103815
2022-01-04,9520,9740,9350,9440,1466774,0.0
2022-01-05,9420,9880,9410,9800,3133607,0.03813559322033888
2022-01-06,9900,10300,8870,8870,3928622,-0.0948979591836735
2022-01-07,8870,9240,8760,8810,553659,-0.006764374295377684
2022-01-10,9220,9790,9050,9230,3381312,0.047673098751418896
2022-01-11,9230,9260,8770,8810,672243,-0.04550379198266519
2022-01-12,8920,9220,8870,8870,823522,0.006810442678774065
2022-01-13,9380,9640,9020,9050,1729955,0.02029312288613294
2022-01-14,8840,9150,8840,8900,421057,-0.016574585635359074
2022-01-17,8970,9140,8600,8630,492637,-0.030337078651685445
2022-01-18,8530,9490,8220,8710,2948951,0.009269988412514474
2022-01-19,8910,9140,8600,8650,1111235,-0.006888633754305373
2022-01-20,8490,8660,8260,8350,502342,-0.034682080924855474
2022-01-21,8320,8590,8260,8280,615608,-0.008383233532934131
2022-01-24,8410,8750,8260,8360,1036264,0.009661835748792313
2022-01-25,8650,10350,8480,9440,15950528,0.1291866028708133
2022-01-26,9390,9880,8800,8840,3874920,-0.06355932203389836
2022-01-27,8990,9190,8090,8140,1965842,-0.079185520361991
2022-01-28,8260,8450,7700,7830,2374169,-0.03808353808353804
2022-02-03,8250,9420,8250,9050,6290325,0.15581098339719035
2022-02-04,9070,9450,8880,9220,2829436,0.01878453038674044
2022-02-07,9150,9470,8810,9180,1813690,-0.004338394793926281
2022-02-08,8950,9340,8780,8990,1802908,-0.020697167755991286
2022-02-09,8700,8700,8420,8460,761169,-0.05895439377085654
2022-02-10,8420,8560,8230,8290,624564,-0.02009456264775411
2022-02-11,8300,8940,8300,8570,2626793,0.033775633293124274
2022-02-14,9200,11100,9100,11100,21015017,0.29521586931155186
2022-02-15,10500,10550,9270,9440,7139465,-0.14954954954954958
2022-02-16,8150,8760,8130,8610,2866542,-0.08792372881355937
2022-02-17,8760,10700,8700,9790,16930861,0.1370499419279907
2022-02-18,10450,10700,9500,9510,7792110,-0.02860061287027582
2022-02-21,10650,10900,9660,9750,7910129,0.025236593059936974
2022-02-22,11050,12600,10200,12550,25118950,0.28717948717948727
2022-02-23,12250,15600,11250,13750,31408278,0.095617529880478
2022-02-24,15900,17850,15600,17850,24673517,0.2981818181818181
2022-02-25,15100,21400,15000,16350,37963221,-0.08403361344537819
2022-02-28,17700,18700,16400,16900,12736104,0.033639143730886945
2022-03-02,19100,19100,16900,17600,8001305,0.041420118343195256
2022-03-03,17500,18200,16050,16500,4286777,-0.0625
2022-03-04,16300,17050,15200,15400,4454889,-0.06666666666666665
2022-03-07,16500,16650,15150,15250,3074590,-0.009740259740259716
2022-03-08,15600,15650,13950,14350,3480261,-0.059016393442622994
2022-03-10,13450,14750,12600,14000,3886004,-0.024390243902439046
2022-03-11,14250,14350,12450,12700,3258140,-0.09285714285714286
2022-03-14,12550,13350,12300,12450,3637245,-0.019685039370078705
2022-03-15,12150,12250,11350,11700,2168081,-0.06024096385542166
2022-03-16,11650,11950,11250,11700,1333853,0.0
2022-03-17,11400,11600,11050,11600,1630359,-0.008547008547008517
2022-03-18,12050,12200,11500,11500,2707139,-0.008620689655172376
2022-03-21,11500,12350,11400,12350,3916196,0.07391304347826089
2022-03-22,12550,13300,12250,12300,4246119,-0.004048582995951455
2022-03-23,12100,13200,11750,12700,5358095,0.03252032520325199
2022-03-24,13500,13700,12500,12900,3103332,0.015748031496062964
2022-03-25,12750,12750,12150,12200,1253728,-0.054263565891472854
2022-03-28,12250,12300,11450,11550,897993,-0.05327868852459017
2022-03-29,11200,11650,11150,11250,828829,-0.025974025974025983
2022-03-30,10900,11150,10550,11000,1459495,-0.022222222222222254
2022-03-31,12700,12700,11250,11350,3396763,0.031818181818181746
2022-04-01,11750,11900,11150,11650,1610945,0.026431718061673992
2022-04-04,11350,11350,11100,11100,504610,-0.047210300429184504
2022-04-05,11200,11300,10800,11150,472563,0.0045045045045044585
2022-04-06,11550,11600,11150,11250,830124,0.008968609865470878
2022-04-07,11250,11500,10650,10750,550315,-0.0444444444444444
2022-04-08,10850,11000,10500,10550,386236,-0.018604651162790753
2022-04-11,10400,10650,10250,10450,474153,-0.009478672985781977
2022-04-12,10700,13350,10450,12000,13732188,0.14832535885167464
2022-04-13,12100,12450,11300,12200,2697398,0.016666666666666607
2022-04-14,12450,12450,11650,11800,1667553,-0.032786885245901676
2022-04-15,12300,12450,11800,12000,2137876,0.016949152542372836
2022-04-18,12350,13000,12050,12100,3022691,0.008333333333333304
2022-04-19,12550,12600,12000,12150,1262507,0.004132231404958775
2022-04-20,11600,11750,11200,11200,1044493,-0.07818930041152261
2022-04-21,11100,11300,10750,11100,732077,-0.008928571428571397
2022-04-22,11000,11350,10900,11150,595983,0.0045045045045044585
2022-04-25,10750,11150,10550,10700,653716,-0.04035874439461884
2022-04-26,10750,10850,10400,10500,495627,-0.01869158878504673
2022-04-27,11450,13650,11400,13650,14766861,0.30000000000000004
2022-04-28,15900,17200,13700,15300,38397960,0.1208791208791209
2022-04-29,14950,18300,14600,17650,27877922,0.15359477124182996
2022-05-02,19300,19850,17450,17900,10821022,0.014164305949008416
2022-05-03,17500,18250,17050,17900,5155387,0.0
2022-05-04,18700,18850,15300,15350,6338992,-0.14245810055865926
2022-05-06,16200,16550,14550,14750,4694328,-0.039087947882736174
2022-05-09,14700,15600,14200,14300,3754378,-0.03050847457627115
2022-05-10,13900,14600,13700,14500,2174183,0.013986013986013957
2022-05-11,14700,15150,14100,14850,3296724,0.024137931034482696
2022-05-12,15200,15250,13300,13550,2344238,-0.08754208754208759
2022-05-13,13400,14100,13000,13950,1492816,0.029520295202952074
2022-05-16,13750,14650,13500,14200,1674089,0.017921146953405076
2022-05-17,14550,16550,14100,14800,12283362,0.04225352112676051
2022-05-18,14550,15100,14350,15000,2200917,0.013513513513513598
2022-05-19,14500,15600,14400,14650,2887919,-0.023333333333333317
2022-05-20,14750,14950,14350,14350,1180149,-0.020477815699658675
2022-05-23,14400,14450,13750,13800,885391,-0.0383275261324042
2022-05-24,14300,14850,13800,13850,1729514,0.0036231884057971175
2022-05-25,14000,14100,13400,13500,549745,-0.02527075812274371
2022-05-26,13800,14100,13500,14050,837852,0.040740740740740744
2022-05-27,13850,14400,13600,14000,1205616,-0.003558718861209953
2022-05-30,14050,14250,13800,14100,509648,0.0071428571428571175
2022-05-31,14300,14400,14050,14300,609397,0.014184397163120588
2022-06-02,14300,14450,13950,13950,559552,-0.02447552447552448
2022-06-03,13900,13950,13300,13450,725340,-0.03584229390681004
2022-06-07,13900,15100,13850,14300,5079906,0.06319702602230493
2022-06-08,14450,14600,14150,14500,1023475,0.013986013986013957
2022-06-09,14250,14500,13500,13550,1080592,-0.06551724137931036
2022-06-10,13550,13950,13500,13500,678007,-0.0036900369003689537
2022-06-13,13150,14250,13100,13650,1220663,0.011111111111111072
2022-06-14,13400,14000,12250,12400,988400,-0.09157509157509158
2022-06-15,11900,12250,11450,11550,911757,-0.06854838709677424
2022-06-16,11950,12800,11650,12000,1349676,0.03896103896103886
2022-06-17,12300,14300,12250,12450,6252748,0.03750000000000009
2022-06-20,12300,13850,12250,12750,3202004,0.024096385542168752
2022-06-21,12800,13100,12400,12550,915056,-0.015686274509803977
2022-06-22,12450,12550,11700,11750,754668,-0.06374501992031878
2022-06-23,11500,11600,10550,10700,903376,-0.08936170212765959
2022-06-24,11750,12900,11400,11600,4079319,0.08411214953271018
2022-06-27,11550,12400,11550,12100,1314732,0.0431034482758621
2022-06-28,12450,12600,11650,11800,1407249,-0.024793388429752095
2022-06-29,11850,12000,11600,11750,632489,-0.004237288135593209
2022-06-30,11700,11750,11200,11300,401593,-0.03829787234042559
2022-07-01,11000,11300,10600,10750,471628,-0.04867256637168138
2022-07-04,10850,11550,10650,10900,538495,0.013953488372093092
2022-07-05,10750,11200,10700,11150,344883,0.022935779816513735
2022-07-06,10850,10900,10200,10300,590629,-0.07623318385650224
2022-07-07,10450,10700,10200,10550,449281,0.024271844660194164
2022-07-08,10900,11100,10700,10750,498856,0.018957345971563955
2022-07-11,10750,11250,10500,11000,715213,0.023255813953488413
2022-07-12,11900,12400,11050,11100,3191335,0.009090909090909038
2022-07-13,11200,11300,10600,10600,977412,-0.04504504504504503
2022-07-14,10900,10950,10500,10600,478633,0.0
2022-07-15,10600,10700,10250,10350,391250,-0.02358490566037741
2022-07-18,10600,11050,10550,10900,626046,0.0531400966183575
2022-07-19,11350,11500,11100,11250,817561,0.032110091743119185
2022-07-20,10900,11450,10650,11400,784156,0.01333333333333342
2022-07-21,11700,11700,11100,11150,458466,-0.021929824561403466
2022-07-22,11050,11100,10750,10800,273929,-0.03139013452914796
2022-07-25,10800,10900,10700,10800,222681,0.0
2022-07-26,11250,12000,11200,11350,1224027,0.05092592592592582
2022-07-27,11650,11700,11350,11450,549573,0.008810572687224738
2022-07-28,11450,11550,11200,11550,405133,0.008733624454148492
2022-07-29,11400,11600,11200,11400,478047,-0.012987012987012991
2022-08-01,11450,11700,11400,11500,402996,0.00877192982456143
2022-08-02,11600,11600,11150,11250,285576,-0.021739130434782594
2022-08-03,11150,11350,11050,11250,225881,0.0
2022-08-04,11400,11500,11300,11350,168101,0.008888888888888946
2022-08-05,11300,11400,11150,11300,137841,-0.004405286343612369
2022-08-08,11750,14100,11750,13450,9617695,0.19026548672566368
2022-08-09,13350,14450,13200,13650,4239618,0.014869888475836479
2022-08-10,13800,14250,13600,14250,2338621,0.04395604395604402
2022-08-11,14500,15050,13650,14150,3841648,-0.007017543859649145
2022-08-12,14400,14650,13700,13750,1490000,-0.028268551236749095
2022-08-16,13750,14100,13400,13800,782773,0.0036363636363636598
2022-08-17,15450,15500,14300,14400,6444180,0.04347826086956519
2022-08-18,14200,15800,14100,14950,4648512,0.03819444444444442
2022-08-19,15050,15150,14550,14650,1177174,-0.02006688963210701
2022-08-22,15050,15400,14650,14800,1557802,0.010238907849829282
2022-08-23,15850,16450,15450,15500,7674197,0.04729729729729737
2022-08-24,14900,15000,14450,14600,1271599,-0.058064516129032295
2022-08-25,14750,14750,13950,14250,1089378,-0.023972602739726012
2022-08-26,14250,15450,14000,15150,2111483,0.06315789473684208
2022-08-29,14900,15700,14800,15250,1495037,0.0066006600660066805
2022-08-30,15100,15150,14050,14450,1316229,-0.05245901639344264
2022-08-31,14250,14600,13800,14400,1132636,-0.0034602076124568004
2022-09-01,14100,14600,13500,13550,1146224,-0.05902777777777779
2022-09-02,13700,13850,13000,13100,516250,-0.03321033210332103
2022-09-05,13450,14150,13450,13900,1573026,0.06106870229007644
2022-09-06,14050,14200,13700,13900,629877,0.0
2022-09-07,13550,13550,12700,12850,830376,-0.07553956834532372
2022-09-08,12700,13350,12650,12750,615981,-0.0077821011673151474
2022-09-13,12850,13300,12750,12950,506922,0.015686274509803866
2022-09-14,12650,13450,12500,13050,797753,0.007722007722007707
2022-09-15,13750,13750,13100,13100,595033,0.003831417624521105
2022-09-16,12750,12950,12400,12500,440432,-0.04580152671755722
2022-09-19,12250,12300,11400,11450,551268,-0.08399999999999996
2022-09-20,11450,11850,11400,11400,432229,-0.004366812227074246
2022-09-21,11250,11950,11250,11900,769326,0.04385964912280693
2022-09-22,12800,12900,12250,12300,1511809,0.03361344537815136
2022-09-23,12000,12250,11500,11650,415504,-0.05284552845528456
2022-09-26,11200,11350,10700,10700,484025,-0.08154506437768239
2022-09-27,10500,11100,10500,10850,475921,0.014018691588784993
2022-09-28,11650,11800,10950,11250,971293,0.03686635944700467
2022-09-29,11350,12050,11350,11400,817641,0.01333333333333342
2022-09-30,11600,13500,11450,12200,5688150,0.07017543859649122
2022-10-04,12200,12350,11700,12250,896931,0.004098360655737654
2022-10-05,12450,12700,12100,12150,933541,-0.008163265306122436
2022-10-06,12300,13000,12300,12800,1621509,0.053497942386831365
2022-10-07,12950,13250,12400,12400,1160111,-0.03125
2022-10-11,12350,12650,11900,12300,606246,-0.008064516129032251
2022-10-12,12350,12650,11900,12500,639394,0.016260162601626105
2022-10-13,12050,12100,11500,11500,454426,-0.07999999999999996
2022-10-14,11700,11800,11450,11450,352317,-0.004347826086956497
2022-10-17,11200,11450,11000,11300,285899,-0.013100436681222738
2022-10-18,11350,11450,11250,11350,289083,0.004424778761061843
2022-10-19,11350,11650,11200,11550,364922,0.017621145374449254
2022-10-20,11400,11850,11350,11550,576089,0.0
2022-10-21,11450,11500,11000,11200,315976,-0.030303030303030276
2022-10-24,11300,11450,11150,11150,243481,-0.004464285714285698
2022-10-25,11400,11400,11100,11150,198882,0.0
2022-10-26,11250,11350,10950,10950,195801,-0.017937219730941756
2022-10-27,10950,11050,10750,10950,185751,0.0
2022-10-28,10800,11400,10700,10950,307910,0.0
2022-10-31,11050,11200,10900,11000,289192,0.004566210045662045
2022-11-01,11550,11550,11100,11150,382980,0.013636363636363669
2022-11-02,11050,11550,11000,11350,613194,0.017937219730941756
2022-11-03,11500,11700,11200,11200,567795,-0.013215859030836996
2022-11-04,11150,11500,11100,11300,318210,0.008928571428571397
2022-11-07,11700,11800,11450,11600,480257,0.026548672566371723
2022-11-08,11700,11900,11450,11500,431213,-0.008620689655172376
2022-11-09,11500,11650,11350,11500,301036,0.0
2022-11-10,11450,11600,11300,11400,287663,-0.008695652173912993
2022-11-11,11600,11650,11350,11500,303035,0.00877192982456143
2022-11-14,11500,11500,11350,11450,213988,-0.004347826086956497
2022-11-15,11400,11450,11100,11150,307824,-0.026200873362445365
2022-11-16,11300,11700,11200,11450,524715,0.026905829596412634
2022-11-17,11500,11550,11200,11200,151922,-0.02183406113537123
2022-11-18,11300,11350,10950,11000,217731,-0.017857142857142905
2022-11-21,10950,11000,10650,10700,170627,-0.027272727272727226
2022-11-22,10800,11000,10700,10800,138952,0.009345794392523255
2022-11-23,10950,11050,10850,11000,153498,0.0185185185185186
2022-11-24,11200,11400,11100,11200,264966,0.018181818181818077
2022-11-25,11200,11400,11100,11300,166514,0.008928571428571397
2022-11-28,11250,11300,10850,10850,150812,-0.03982300884955747
2022-11-29,10900,10950,10700,10950,89645,0.009216589861751112
2022-11-30,10950,12350,10900,11450,2391229,0.04566210045662111
2022-12-01,11600,11900,11450,11550,787666,0.008733624454148492
2022-12-02,12150,12150,11400,11400,835123,-0.012987012987012991
2022-12-05,11300,11550,11150,11200,247771,-0.01754385964912286
2022-12-06,11000,11300,10950,11000,169584,-0.017857142857142905
2022-12-07,10850,11150,10850,11000,109479,0.0
2022-12-08,10900,11100,10850,10950,156369,-0.004545454545454519
2022-12-09,10950,11250,10950,11050,247729,0.009132420091324311
2022-12-12,11150,11350,11100,11250,183581,0.018099547511312153
2022-12-13,11250,11400,11150,11300,189881,0.004444444444444473
2022-12-14,11450,11500,11150,11250,239723,-0.004424778761061954
2022-12-15,11200,11200,11000,11050,138906,-0.01777777777777778
2022-12-16,11000,11500,11000,11250,437571,0.018099547511312153
2022-12-19,11200,11300,11050,11100,130320,-0.013333333333333308
2022-12-20,11150,11300,10800,10850,181710,-0.022522522522522515
2022-12-21,10950,11150,10850,10900,219897,0.004608294930875667
2022-12-22,10950,11000,10850,10950,99925,0.004587155963302836
2022-12-23,10900,10900,10400,10500,213652,-0.04109589041095896
2022-12-26,10450,10600,10050,10100,196846,-0.03809523809523807
2022-12-27,9970,10150,9870,10050,225278,-0.004950495049504955
2022-12-28,9900,10200,9740,9820,201410,-0.022885572139303534
2022-12-29,9810,9810,9000,9140,247504,-0.06924643584521384
2023-01-02,9010,9100,8710,8710,186730,-0.04704595185995619
2023-01-03,8630,8780,8340,8750,237889,0.004592422502870175
2023-01-04,8730,8790,8460,8710,126650,-0.00457142857142856
2023-01-05,8720,8770,8600,8600,91604,-0.012629161882893203
2023-01-06,8520,8720,8410,8680,141758,0.009302325581395321
2023-01-09,8690,8870,8680,8840,109784,0.018433179723502224
2023-01-10,8970,8970,8760,8870,102543,0.0033936651583710287
2023-01-11,8910,9130,8790,9030,148211,0.018038331454340417
2023-01-12,9170,9170,9000,9050,90021,0.00221483942414169
2023-01-13,9090,9110,9050,9060,66373,0.0011049723756906271
2023-01-16,9080,9120,8920,9020,85968,-0.004415011037527616
2023-01-17,9000,9020,8830,8850,96439,-0.018847006651884657
2023-01-18,8850,8920,8680,8700,83788,-0.016949152542372836
2023-01-19,8620,8800,8620,8710,53927,0.0011494252873562871
2023-01-20,8790,9080,8780,8970,161599,0.029850746268656803
2023-01-25,9140,9150,8920,8950,141007,-0.0022296544035674826
2023-01-26,9040,11630,9010,11630,10343640,0.2994413407821228
2023-01-27,11470,11930,11340,11470,4025582,-0.013757523645743786
2023-01-30,11520,11620,11010,11050,1492142,-0.03661726242371399
2023-01-31,11170,11220,10660,10800,835360,-0.022624434389140302
2023-02-01,10700,11200,10440,10490,1320512,-0.028703703703703676
2023-02-02,10600,10840,10470,10480,646594,-0.0009532888465204614
2023-02-03,10600,10910,10450,10520,861727,0.003816793893129722
2023-02-06,10450,10510,10080,10140,386703,-0.03612167300380231
2023-02-07,10110,10230,10100,10100,177824,-0.0039447731755424265
2023-02-08,10240,10780,10130,10440,992181,0.03366336633663369
2023-02-09,10530,10640,10400,10410,286669,-0.002873563218390829
2023-02-10,10470,11130,10330,10480,1908320,0.00672430355427478
2023-02-13,10770,10950,10410,10410,714689,-0.006679389312977069
2023-02-14,10460,10750,10400,10440,498018,0.0028818443804035088
2023-02-15,10540,10630,9800,9970,314455,-0.04501915708812265
2023-02-16,9970,10130,9680,10000,248939,0.0030090270812437314
2023-02-17,9800,10550,9760,9920,429211,-0.008000000000000007
2023-02-20,9770,10200,9770,9940,192276,0.002016129032258007
2023-02-21,9940,10170,9930,9950,215132,0.001006036217303885
2023-02-22,9850,10200,9850,10150,392457,0.0201005025125629
2023-02-23,10150,10300,10010,10010,192948,-0.01379310344827589
2023-02-24,10130,10200,9870,9900,145706,-0.01098901098901095
2023-02-27,9800,10090,9790,9900,178696,0.0
2023-02-28,9920,10050,9720,9730,146662,-0.01717171717171717
2023-03-02,9730,9800,9470,9560,148935,-0.0174717368961973
2023-03-03,9500,9590,9340,9400,124437,-0.01673640167364021
2023-03-06,9410,9470,9300,9420,108835,0.0021276595744681437
2023-03-07,9400,9520,9310,9400,108200,-0.002123142250530785
2023-03-08,9400,9720,9280,9280,304432,-0.012765957446808529
2023-03-09,9370,9490,9280,9320,113648,0.004310344827586299
2023-03-10,9170,9680,9150,9180,223969,-0.015021459227467782
2023-03-13,9060,9120,8800,8990,163246,-0.020697167755991286
2023-03-14,8990,9070,8630,8630,125923,-0.04004449388209119
2023-03-15,8720,9070,8710,8830,164849,0.023174971031286296
2023-03-16,8640,8770,8540,8690,77051,-0.015855039637599044
2023-03-17,8710,9120,8710,9060,186892,0.04257767548906788
2023-03-20,8910,9090,8910,9040,54222,-0.002207505518763808
2023-03-21,9120,9370,9000,9060,215709,0.0022123893805310324
2023-03-22,9080,9150,9000,9000,68281,-0.0066225165562914245
2023-03-23,9010,9080,8810,8810,69345,-0.02111111111111108
2023-03-24,8820,8930,8770,8890,60859,0.009080590238365494
2023-03-27,8890,8920,8650,8910,77619,0.0022497187851517886
2023-03-28,8980,9090,8900,9030,122084,0.013468013468013407
2023-03-29,9030,9180,8980,9050,84848,0.00221483942414169
2023-03-30,9120,9240,9030,9120,109178,0.007734806629834168
2023-03-31,9120,9260,8860,8900,136463,-0.02412280701754388
2023-04-03,9110,9160,8860,8890,123611,-0.0011235955056180247
2023-04-04,9360,10240,9200,9220,1876584,0.03712035995500562
2023-04-05,9240,9510,9130,9190,223252,-0.0032537960954447387
2023-04-06,9210,9240,8970,9000,154334,-0.020674646354733373
2023-04-07,9020,9070,8920,8950,102806,-0.005555555555555536
2023-04-10,8950,9000,8740,8790,115062,-0.01787709497206702
2023-04-11,8800,8870,8760,8820,85858,0.0034129692832765013
2023-04-12,8820,8980,8820,8860,99677,0.0045351473922903285
2023-04-13,8900,8950,8780,8850,93523,-0.0011286681715575453
2023-04-14,8920,8960,8810,8860,93936,0.001129943502824915
2023-04-17,8960,9060,8830,8880,184953,0.0022573363431150906
2023-04-18,8960,8960,8800,8840,82483,-0.0045045045045044585
2023-04-19,8840,8880,8790,8810,92453,-0.0033936651583710287
2023-04-20,8810,10150,8750,9070,5725203,0.02951191827468791
2023-04-21,8950,9840,8720,9210,2449493,0.015435501653803696
2023-04-24,9290,9410,8800,8870,410845,-0.036916395222584164
2023-04-25,8820,9040,8610,8610,297897,-0.02931228861330326
2023-04-26,8400,9230,8300,8840,1012461,0.026713124274099886
2023-04-27,8610,8640,8420,8430,211919,-0.0463800904977375
2023-04-28,8500,8630,8410,8420,184931,-0.0011862396204033177
2023-05-02,8380,8450,8310,8360,98304,-0.0071258907363420665
2023-05-03,8300,8670,8300,8400,194713,0.004784688995215225
2023-05-04,8400,8750,8370,8470,269296,0.008333333333333304
2023-05-08,8470,8640,8440,8560,175787,0.010625737898465104
2023-05-09,9220,10690,8810,8870,13603858,0.03621495327102808
2023-05-10,9800,10860,9370,9680,8695734,0.09131905298759868
2023-05-11,9350,9380,8940,9020,1181319,-0.06818181818181823
2023-05-12,9070,9140,8600,8640,711152,-0.04212860310421285
2023-05-15,8510,9290,8510,8960,2331794,0.03703703703703698
2023-05-16,8850,9070,8700,8760,509652,-0.022321428571428603
2023-05-17,8620,8850,8550,8720,413439,-0.004566210045662156
2023-05-18,8680,8790,8650,8720,263558,0.0
2023-05-19,8910,9100,8700,8720,725181,0.0
2023-05-22,8720,8780,8600,8770,190588,0.005733944954128489
2023-05-23,8770,8770,8690,8690,193693,-0.009122006841505104
2023-05-24,8730,8840,8660,8750,247362,0.0069044879171460405
2023-05-25,8750,8940,8680,8730,455158,-0.0022857142857143353
2023-05-26,8740,8930,8680,8730,262113,0.0
2023-05-30,8800,8800,8570,8580,172080,-0.01718213058419249
2023-05-31,8560,8660,8470,8550,154311,-0.0034965034965035446
2023-06-01,8540,8570,8520,8570,58414,0.002339181286549641
2023-06-02,8600,8620,8530,8580,88068,0.001166861143523823
2023-06-05,8690,8690,8610,8650,100504,0.008158508158508049
2023-06-07,8630,8710,8620,8670,89511,0.0023121387283238093
2023-06-08,8710,8800,8630,8660,91193,-0.0011534025374856371
2023-06-09,8670,8680,8580,8590,106702,-0.008083140877598205
2023-06-12,8550,8680,8510,8510,106247,-0.0093131548311991
2023-06-13,8510,8590,8510,8520,47824,0.001175088131609936
2023-06-14,8530,8800,8470,8530,178131,0.0011737089201877549
2023-06-15,8550,8580,8410,8450,105171,-0.009378663540445475
2023-06-16,8550,8660,8460,8480,131955,0.0035502958579882726
2023-06-19,8460,8750,8440,8600,195942,0.014150943396226356
2023-06-20,8650,8660,8520,8550,63810,-0.005813953488372103
2023-06-21,8550,8560,8450,8450,79340,-0.011695906432748537
2023-06-22,8450,8550,8400,8450,61942,0.0
2023-06-23,8450,8650,8300,8320,225369,-0.01538461538461533
2023-06-26,8450,8450,8280,8360,86156,0.004807692307692291
2023-06-27,8360,8420,8300,8340,65817,-0.0023923444976076125
2023-06-28,8320,8370,8260,8260,63984,-0.00959232613908878
2023-06-29,8250,8250,7920,7940,139013,-0.03874092009685226
2023-06-30,7890,7960,7830,7950,36864,0.0012594458438286438
2023-07-03,7900,8300,7900,8080,76300,0.01635220125786163
2023-07-04,8030,8100,7990,8010,33101,-0.008663366336633671
2023-07-05,8010,8300,8000,8020,79576,0.0012484394506866447
2023-07-06,8020,8020,7870,7880,53638,-0.017456359102244412
2023-07-07,7880,7880,7700,7790,64201,-0.011421319796954266
2023-07-10,7700,7810,7620,7780,46861,-0.0012836970474967568
2023-07-11,7750,7860,7750,7780,38975,0.0
2023-07-12,7860,7950,7780,7830,35778,0.006426735218509005
2023-07-13,7830,7940,7830,7840,46989,0.0012771392081736277
2023-07-14,7870,7870,7740,7790,42639,-0.0063775510204081565
2023-07-17,7750,7900,7730,7800,50242,0.0012836970474967568
2023-07-18,7770,7850,7710,7740,42671,-0.007692307692307665
2023-07-19,7810,7810,7650,7700,52199,-0.0051679586563307955
2023-07-20,7600,7720,7600,7680,34671,-0.0025974025974025983
2023-07-21,7740,7830,7670,7670,63134,-0.0013020833333333703
2023-07-24,7670,7700,7370,7370,100278,-0.039113428943937434
2023-07-25,7380,7410,7110,7120,121452,-0.03392130257801895
2023-07-26,7010,7120,6520,6780,224164,-0.047752808988763995
2023-07-27,6760,7040,6760,6900,67831,0.017699115044247815
2023-07-28,6820,7170,6820,7110,59605,0.0304347826086957
2023-07-31,7060,7240,7060,7200,37336,0.012658227848101333
2023-08-01,7200,7360,7190,7300,59431,0.01388888888888884
2023-08-02,7260,7310,7130,7210,55926,-0.012328767123287676
2023-08-03,7070,7180,7060,7170,44994,-0.00554785020804438
2023-08-04,7170,7330,7090,7250,41855,0.01115760111576014
2023-08-07,7260,7290,7160,7200,65218,-0.006896551724137945
2023-08-08,7360,7360,7200,7210,53713,0.001388888888888884
2023-08-09,7200,7340,7140,7330,37903,0.01664355062413314
2023-08-10,8060,8690,7550,7690,1554610,0.049113233287858105
2023-08-11,7530,7730,7420,7640,219632,-0.006501950585175553
2023-08-14,7580,7630,7400,7450,117618,-0.02486910994764402
2023-08-16,7320,7320,7100,7120,118529,-0.0442953020134228
2023-08-17,7000,7110,6940,7050,75393,-0.0098314606741573
2023-08-18,6960,7050,6870,7000,68817,-0.007092198581560294
2023-08-21,6890,7040,6890,6930,70834,-0.010000000000000009
2023-08-22,6930,7000,6890,6930,43200,0.0
2023-08-23,6900,6990,6860,6890,51722,-0.005772005772005762
2023-08-24,6870,6940,6850,6860,54137,-0.004354136429608135
2023-08-25,6860,7020,6820,6970,45466,0.016034985422740622
2023-08-28,7030,7240,6970,7180,84391,0.03012912482065988
2023-08-29,7120,7390,7120,7310,58476,0.01810584958217265
2023-08-30,7300,7380,7240,7310,30896,0.0
2023-08-31,7350,7400,7210,7220,41413,-0.012311901504788003
2023-09-01,7230,7270,7100,7160,28925,-0.008310249307479256
2023-09-04,7090,7280,7090,7180,40489,0.0027932960893854997
2023-09-05,7120,7260,7120,7170,25627,-0.0013927576601671099
2023-09-06,7460,7640,7230,7230,193029,0.008368200836819994
2023-09-07,7260,7580,7150,7500,294428,0.03734439834024905
2023-09-08,7510,7950,7350,7870,514912,0.04933333333333323
2023-09-11,7800,7850,7550,7550,228068,-0.0406607369758577
2023-09-12,7550,7990,7350,7840,705596,0.038410596026489996
2023-09-13,8300,8400,7830,7840,1101904,0.0
2023-09-14,7680,7770,7570,7620,175090,-0.028061224489795866
2023-09-15,7750,8120,7750,7820,299492,0.026246719160105014
2023-09-18,8000,8000,7720,7800,141728,-0.002557544757033292
2023-09-19,7810,7910,7660,7770,169982,-0.0038461538461538325
2023-09-20,7780,7800,7660,7670,80500,-0.012870012870012881
2023-09-21,7670,7670,7360,7370,114928,-0.039113428943937434
2023-09-22,7370,7450,7270,7360,45028,-0.0013568521031207537
2023-09-25,7310,7490,7280,7350,53413,-0.0013586956521739468
2023-09-26,7280,7460,7190,7230,56050,-0.01632653061224487
2023-09-27,7060,7450,7060,7410,42736,0.024896265560165887
2023-10-04,7410,7410,7190,7190,42036,-0.029689608636977005
2023-10-05,7110,7230,7000,7000,63229,-0.026425591098748313
2023-10-06,7220,7410,7130,7310,76548,0.04428571428571426
2023-10-10,8220,9420,7820,9310,7741243,0.27359781121751037
2023-10-11,8390,9420,7730,9060,5123038,-0.02685284640171859
2023-10-12,8910,9000,8500,8550,1218337,-0.056291390728476776
2023-10-13,9300,10680,8700,9940,14652103,0.1625730994152046
2023-10-16,11110,12920,11080,12920,16309918,0.2997987927565393
2023-10-17,12670,13700,11590,11810,11179251,-0.08591331269349844
2023-10-18,11810,12900,11100,12060,14174257,0.021168501270110163
2023-10-19,12430,12500,11000,11000,5304309,-0.08789386401326704
2023-10-20,11300,12380,10900,11070,6417147,0.006363636363636349
2023-10-23,11120,11800,10130,10420,3689603,-0.05871725383920501
2023-10-24,9960,10340,9450,9890,1766454,-0.050863723608445266
2023-10-25,9610,10320,9330,10060,1733102,0.01718907987866536
2023-10-26,10510,10570,9180,9480,2313671,-0.05765407554671964
2023-10-27,9350,10000,9140,9650,1966325,0.01793248945147674
2023-10-30,9660,11780,9650,11200,7565186,0.160621761658031
2023-10-31,10660,11300,10280,10430,2890449,-0.06874999999999998
2023-11-01,11200,11320,10450,10600,2582034,0.016299137104506256
2023-11-02,10010,10650,9930,10410,1080929,-0.017924528301886844
2023-11-03,10400,10470,9980,10250,878632,-0.015369836695485084
2023-11-06,10000,10000,9360,9840,1199336,-0.040000000000000036
2023-11-07,9740,9750,9070,9100,725242,-0.07520325203252032
2023-11-08,8900,9030,8500,8550,596059,-0.06043956043956045
2023-11-09,8400,8480,8110,8160,552616,-0.04561403508771933
2023-11-10,8120,8250,7900,7900,374365,-0.031862745098039214
2023-11-13,8000,8660,7900,8470,1624495,0.07215189873417716
2023-11-14,8860,9100,8360,8490,1572800,0.0023612750885477762
2023-11-15,8290,8420,8060,8400,467102,-0.010600706713780883
2023-11-16,8560,8560,8320,8450,300314,0.005952380952380931
2023-11-17,8290,8320,8010,8030,346626,-0.049704142011834374
2023-11-20,8040,8210,8000,8120,252445,0.011207970112079746
2023-11-21,8130,8190,8000,8110,236752,-0.0012315270935960854
2023-11-22,8060,8090,7900,7940,246377,-0.020961775585696674
2023-11-23,7940,8020,7880,7920,133470,-0.0025188916876573986
2023-11-24,7920,8060,7920,7950,143681,0.0037878787878788955
2023-11-27,7950,7970,7850,7860,160181,-0.01132075471698113
2023-11-28,7820,7880,7800,7800,198318,-0.007633587786259555
2023-11-29,9370,9790,8120,8190,5267530,0.050000000000000044
2023-11-30,8340,8350,8140,8220,444407,0.00366300366300365
2023-12-01,8220,8300,8030,8080,364442,-0.01703163017031628
2023-12-04,8060,8420,8000,8330,462535,0.030940594059405857
2023-12-05,8330,8350,8110,8160,255194,-0.020408163265306145
2023-12-06,8180,8230,8030,8070,215762,-0.011029411764705843
2023-12-07,8010,8070,7940,7940,220663,-0.01610904584882278
2023-12-08,7940,8010,7910,8000,130467,0.007556675062972307
2023-12-11,8020,8140,7970,8130,170202,0.016250000000000098
2023-12-12,8130,8160,7990,8050,153908,-0.009840098400983988
2023-12-13,7990,8080,7920,7920,163678,-0.016149068322981353
2023-12-14,8000,8030,7910,7930,124633,0.0012626262626262985
2023-12-15,8000,8220,7990,8200,423482,0.034047919293821005
2023-12-18,8240,8340,8120,8210,323253,0.0012195121951219523
2023-12-19,8360,8360,8060,8100,319654,-0.013398294762484775
2023-12-20,8210,8240,8120,8130,216048,0.0037037037037037646
2023-12-21,8180,8200,8010,8020,253228,-0.013530135301353052
2023-12-22,8120,8120,7980,7980,164008,-0.004987531172069848
2023-12-26,7980,8000,7860,7870,171460,-0.013784461152882233
2023-12-27,7830,7930,7750,7880,132206,0.0012706480304955914
2023-12-28,8230,8840,8090,8120,1432619,0.030456852791878264
2024-01-02,8080,8110,8020,8080,203819,-0.0049261083743842304
2024-01-03,8040,8050,7960,7960,177981,-0.014851485148514865
2024-01-04,8280,10330,8260,10150,17622469,0.2751256281407035
2024-01-05,9480,9660,8970,9160,2451587,-0.09753694581280792
2024-01-08,9250,9270,8890,8940,891478,-0.024017467248908297
2024-01-09,8710,10280,8550,9230,9558936,0.032438478747203625
2024-01-10,9510,9930,9180,9250,3430234,0.0021668472372697867
2024-01-11,8960,9170,8760,8860,762755,-0.042162162162162176
2024-01-12,9610,10270,9370,9620,7979393,0.08577878103837477
2024-01-15,9900,12500,9670,12500,26691596,0.2993762993762994
2024-01-16,12510,13330,11120,11500,17967716,-0.07999999999999996
2024-01-17,11200,12950,11030,11570,16841792,0.006086956521739184
2024-01-18,11480,12090,10770,11400,4647183,-0.014693171996542742
2024-01-19,10920,11270,10700,10840,1673388,-0.0491228070175439
2024-01-22,10390,11710,10230,10930,8998537,0.008302583025830312
2024-01-23,10710,11320,10230,10310,1725122,-0.05672461116193961
2024-01-24,10450,10790,9410,9500,1916089,-0.0785645004849661
2024-01-25,9550,9690,8990,9230,824695,-0.028421052631578902
2024-01-26,9270,9450,9100,9240,641042,0.0010834236186347823
2024-01-29,9550,9940,9370,9690,1752777,0.04870129870129869
2024-01-30,9260,9390,9050,9140,618991,-0.05675954592363264
2024-01-31,9100,9270,8790,8900,494754,-0.026258205689277947
2024-02-01,8810,8950,8700,8920,511305,0.0022471910112360494
2024-02-02,8810,9000,8700,8980,363192,0.006726457399103047
2024-02-05,9150,9220,8950,8970,493471,-0.00111358574610243
2024-02-06,8930,8940,8570,8800,377170,-0.018952062430323324
2024-02-07,8980,9070,8770,8880,271538,0.009090909090909038
2024-02-08,8880,8950,8800,8950,206180,0.007882882882882969
2024-02-13,9000,9030,8910,9000,260053,0.005586592178770999
2024-02-14,9150,9550,8950,9170,1803176,0.018888888888888955
2024-02-15,9080,9160,8960,9120,355801,-0.005452562704471142
2024-02-16,9150,9230,9000,9040,359512,-0.00877192982456143
2024-02-19,9050,9130,8970,9030,285301,-0.0011061946902655162
2024-02-20,9040,9110,8990,9010,259041,-0.0022148394241418012
2024-02-21,9070,9070,8840,8900,258643,-0.01220865704772478
2024-02-22,9120,9250,8940,9030,394302,0.014606741573033766
2024-02-23,8930,8970,8760,8770,274277,-0.02879291251384275
2024-02-26,8780,8830,8650,8670,148159,-0.011402508551881407
2024-02-27,8600,8660,8490,8520,258076,-0.01730103806228378
2024-02-28,8500,8610,8430,8440,157790,-0.009389671361502372
2024-02-29,8440,8470,8300,8310,181456,-0.0154028436018957
2024-03-04,8370,8460,8320,8390,123647,0.00962695547533099
2024-03-05,8340,8390,8270,8350,115296,-0.004767580452920139
2024-03-06,8440,8440,8180,8190,146325,-0.019161676646706538
2024-03-07,8130,8260,8120,8140,94392,-0.006105006105006083
2024-03-08,8180,8210,8060,8110,91676,-0.0036855036855036882
2024-03-11,8030,8130,8030,8060,96552,-0.006165228113440224
2024-03-12,8060,8080,7960,8060,90273,0.0
2024-03-13,8090,8200,8050,8170,89448,0.013647642679900818
2024-03-14,8440,8470,8220,8230,195867,0.007343941248469932
2024-03-15,8360,8430,8260,8340,141268,0.013365735115431265
2024-03-18,8330,8330,8210,8210,63338,-0.015587529976019199
2024-03-19,8270,8440,8250,8320,171742,0.013398294762484664
2024-03-20,8350,8440,8200,8270,129517,-0.006009615384615419
2024-03-21,8240,8310,8220,8300,69303,0.0036275695284160303
2024-03-22,8300,8330,8230,8280,53611,-0.002409638554216831
2024-03-25,8370,8620,8290,8530,310513,0.030193236714975757
2024-03-26,8530,8590,8410,8460,135027,-0.008206330597889777
2024-03-27,8460,8480,8310,8340,92736,-0.014184397163120588
2024-03-28,8280,8430,8270,8290,65128,-0.005995203836930418
2024-03-29,8340,8390,8180,8220,107711,-0.008443908323281013
2024-04-01,8210,8340,8200,8300,68240,0.009732360097323589
2024-04-02,8400,9090,8330,8850,1978706,0.06626506024096379
2024-04-03,9080,9700,8850,9030,3092817,0.02033898305084736
2024-04-04,8760,9230,8720,9130,752157,0.011074197120708673
2024-04-05,9540,10000,9330,9350,3046321,0.024096385542168752
2024-04-08,9260,9640,9160,9460,1248497,0.0117647058823529
2024-04-09,9460,9760,9030,9500,1386924,0.0042283298097252064
2024-04-11,9680,9840,9200,9250,809336,-0.02631578947368418
2024-04-12,9080,9300,8750,9190,700574,-0.006486486486486531
2024-04-15,9600,10550,9530,9710,6005923,0.05658324265505987
2024-04-16,9870,10160,9250,9350,1667285,-0.037075180226570525
2024-04-17,9130,9290,8970,9080,594189,-0.02887700534759363
2024-04-18,8790,8890,8660,8800,507742,-0.03083700440528636
2024-04-19,8790,10950,8750,9840,11472101,0.11818181818181817
2024-04-22,9200,9440,8900,8900,1275920,-0.0955284552845529
2024-04-23,8930,9490,8830,8940,1513795,0.004494382022471877
2024-04-24,8950,9100,8900,8960,535374,0.0022371364653244186
2024-04-25,8910,9100,8720,8780,613526,-0.0200892857142857
2024-04-26,8820,8850,8710,8730,280660,-0.005694760820045608
2024-04-29,8630,8690,8440,8660,338482,-0.008018327605956443
2024-04-30,8710,8780,8640,8700,208030,0.004618937644341736
2024-05-02,8660,8660,8470,8470,275403,-0.02643678160919538
2024-05-03,8500,8960,8500,8720,772456,0.029515938606847758
2024-05-07,8950,9040,8730,8900,602848,0.020642201834862428
2024-05-08,9050,9050,8770,8790,290653,-0.012359550561797716
2024-05-09,8950,9380,8900,9270,1419492,0.05460750853242313
2024-05-10,9330,9520,9170,9240,1119549,-0.003236245954692518
2024-05-13,9110,9160,8800,9000,307138,-0.025974025974025983
2024-05-14,9310,9480,9030,9080,373752,0.008888888888888946
2024-05-16,9020,9130,9000,9070,195941,-0.0011013215859030367
2024-05-17,9140,9250,8960,9010,307381,-0.006615214994487362
2024-05-20,9070,9380,9020,9280,625199,0.029966703662597016
2024-05-21,9390,9420,9020,9030,418450,-0.026939655172413812
2024-05-22,9030,9180,8970,9040,223922,0.001107419712070845
2024-05-23,9150,9450,9100,9240,826873,0.022123893805309658
2024-05-24,9230,9230,9000,9040,309376,-0.02164502164502169
2024-05-27,9010,9090,8620,8700,436684,-0.03761061946902655
2024-05-28,8750,8790,8610,8630,162375,-0.008045977011494232
2024-05-29,8790,8970,8640,8680,319864,0.005793742757821629
2024-05-30,8720,8810,8410,8430,234466,-0.02880184331797231
2024-05-31,8380,8480,8360,8460,135829,0.003558718861210064
2024-06-03,8540,10990,8460,10990,11962306,0.29905437352245867
2024-06-04,11250,14100,11250,12500,17921381,0.13739763421292084
2024-06-05,12490,12930,11310,12030,5896378,-0.03759999999999997
2024-06-07,11730,12580,10440,10440,5138221,-0.13216957605985036
2024-06-10,10240,10620,10060,10150,1438634,-0.02777777777777779
2024-06-11,10250,10460,9850,10000,1170020,-0.014778325123152691
2024-06-12,9940,10350,9620,9860,1213267,-0.014000000000000012
2024-06-13,9750,10300,9750,10200,1096663,0.034482758620689724
2024-06-14,10180,10200,9700,9790,529835,-0.04019607843137252
2024-06-17,9750,9980,9530,9620,417901,-0.01736465781409602
2024-06-18,9630,10570,9630,9770,2588791,0.015592515592515621
2024-06-19,9930,9980,9610,9890,615173,0.0122824974411464
2024-06-20,10120,10190,9890,10040,735960,0.015166835187057526
2024-06-21,9970,10140,9780,9900,670070,-0.013944223107569709
2024-06-24,10010,10080,9510,9750,473746,-0.015151515151515138
2024-06-25,9900,10150,9620,9620,542503,-0.013333333333333308
2024-06-26,9630,9680,9450,9560,217078,-0.006237006237006182
2024-06-27,9560,9670,9480,9510,141926,-0.005230125523012608
2024-06-28,9540,9890,9540,9720,389838,0.02208201892744488
2024-07-01,9790,9830,9600,9610,247568,-0.011316872427983515
2024-07-02,9650,9890,9160,9220,702073,-0.04058272632674298
2024-07-03,9210,9290,8980,9070,198693,-0.01626898047722347
2024-07-04,9070,9190,8930,9010,150085,-0.006615214994487362
2024-07-05,8980,9340,8950,9270,365125,0.02885682574916748
2024-07-08,9250,9250,9060,9160,164909,-0.011866235167206085
2024-07-09,9200,9220,9020,9070,126952,-0.009825327510917026
2024-07-10,9030,9190,9030,9110,102442,0.004410143329658167
2024-07-11,9110,9190,9050,9130,77977,0.002195389681668436
2024-07-12,9060,9120,8930,8940,169891,-0.020810514786418377
2024-07-15,9020,9080,8930,8960,83012,0.0022371364653244186
2024-07-16,8910,9430,8890,9000,557562,0.0044642857142858094
2024-07-17,9040,9110,8920,8920,114441,-0.008888888888888835
2024-07-18,8960,9190,8850,9000,278806,0.008968609865470878
2024-07-19,8930,9050,8880,8900,107765,-0.011111111111111072
2024-07-22,8880,9100,8820,8860,208081,-0.004494382022471877
2024-07-23,8810,9030,8810,8860,134062,0.0
2024-07-24,8820,8930,8780,8780,99440,-0.009029345372460473
2024-07-25,8710,8760,8510,8610,147117,-0.019362186788154934
2024-07-26,8530,8680,8530,8650,55070,0.004645760743321681
2024-07-29,8800,9150,8800,9030,373328,0.04393063583815038
2024-07-30,9100,9170,8930,9080,264067,0.005537098560354448
2024-07-31,9290,11200,9080,10200,8202972,0.12334801762114544
2024-08-01,10050,10250,9810,10050,1589867,-0.014705882352941124
2024-08-02,10200,10940,10000,10290,3537746,0.023880597014925398
2024-08-05,10480,12150,9370,11540,15793004,0.12147716229348893
2024-08-06,10910,11970,10880,11700,5783232,0.013864818024263537
2024-08-07,11890,11890,11070,11730,2526279,0.002564102564102555
2024-08-08,11860,12000,10680,10850,1862952,-0.07502131287297531
2024-08-09,10350,11240,10330,10640,2180034,-0.01935483870967747
2024-08-12,10530,11060,10340,10830,1489147,0.017857142857142794
2024-08-13,11450,12350,11350,11620,9440854,0.07294552169898427
2024-08-14,11000,11690,10870,11280,1764183,-0.029259896729776247
2024-08-16,10890,10970,10440,10640,1065783,-0.05673758865248224
2024-08-19,10300,10480,9880,9960,851106,-0.06390977443609025
2024-08-20,9850,10050,9790,9810,436901,-0.015060240963855387
2024-08-21,9760,9760,9490,9700,481474,-0.011213047910295648
2024-08-22,9650,9740,9450,9540,391445,-0.016494845360824795
2024-08-23,9560,9630,9300,9560,361646,0.002096436058700135
2024-08-26,9860,10080,9690,9810,1255949,0.026150627615062705
2024-08-27,9910,9990,9560,9700,486402,-0.011213047910295648
2024-08-28,9570,9590,9250,9270,370413,-0.04432989690721645
2024-08-29,9210,9520,9200,9230,284066,-0.004314994606256728
2024-08-30,9250,9730,9200,9360,718128,0.014084507042253502
2024-09-02,9320,9330,9110,9160,238855,-0.021367521367521403
2024-09-03,9180,9420,9180,9320,224635,0.017467248908296984
2024-09-04,9220,9220,8860,8940,315735,-0.04077253218884125
2024-09-05,8900,9250,8800,8970,404589,0.003355704697986628
2024-09-06,8800,9130,8800,8850,282505,-0.013377926421404673
2024-09-09,8690,9030,8630,8970,169738,0.013559322033898313
2024-09-10,8880,9050,8880,8950,90382,-0.0022296544035674826
2024-09-11,8960,9130,8920,8920,140415,-0.003351955307262622
2024-09-12,9020,9160,9000,9140,114725,0.024663677130044803
2024-09-13,9200,9320,9140,9240,142268,0.010940919037199182
2024-09-19,9290,9290,9130,9150,114210,-0.009740259740259716
2024-09-20,9210,9670,9210,9610,587341,0.050273224043715814
2024-09-23,9960,10800,9620,9720,1157885,0.01144640998959412
