Date,Open,High,Low,Close,Volume,Change
2022-01-03,10557,10557,10207,10257,56410,-0.009655305590421936
2022-01-04,10257,10382,9982,10382,96781,0.012186799259042536
2022-01-05,10382,10457,9932,9982,74411,-0.038528221922558226
2022-01-06,9581,9932,9306,9432,153276,-0.05509917852133839
2022-01-07,9331,9606,9281,9307,94073,-0.01325275657336722
2022-01-10,9231,9506,8706,8831,193935,-0.051144299989255404
2022-01-11,8831,9006,8681,8806,53592,-0.002830936473785517
2022-01-12,8781,9631,8781,9507,155826,0.07960481489893256
2022-01-13,9556,9606,8956,9207,103814,-0.031555695803092476
2022-01-14,9056,9231,8881,8981,95486,-0.024546540675572937
2022-01-17,8981,9206,8881,8906,62675,-0.008350963144415968
2022-01-18,8856,9081,8255,8481,101030,-0.0477206377722883
2022-01-19,8355,8681,8355,8506,38946,0.0029477655936800407
2022-01-20,8506,8806,8506,8681,31763,0.020573712673406908
2022-01-21,8806,9006,8656,8656,47666,-0.0028798525515493223
2022-01-24,8656,8781,8030,8281,72880,-0.04332255083179293
2022-01-25,8456,8456,7580,7731,143333,-0.06641709938413232
2022-01-26,7730,7980,7605,7630,37153,-0.013064286638209799
2022-01-27,7730,7855,7055,7055,92710,-0.07536041939711668
2022-01-28,7180,7830,7180,7731,76047,0.09581856839121183
2022-02-03,7755,8230,7730,8131,85419,0.05173974906221712
2022-02-04,7955,8130,7830,7831,70591,-0.036895830771122906
2022-02-07,7855,7955,7530,7681,34589,-0.019154641808198147
2022-02-08,7930,7930,7330,7430,81016,-0.032678036713969516
2022-02-09,7530,7680,7405,7605,35351,0.02355316285329745
2022-02-10,7605,7655,7355,7380,47864,-0.029585798816568087
2022-02-11,7355,7480,7180,7405,38724,0.003387533875338855
2022-02-14,7380,7380,6879,6905,62967,-0.06752194463200545
2022-02-15,6954,7055,6854,7005,78220,0.014482259232440287
2022-02-16,7180,7355,7130,7230,31322,0.032119914346895095
2022-02-17,7280,7330,6980,7055,48225,-0.024204702627939167
2022-02-18,6954,7205,6854,7205,38001,0.02126151665485465
2022-02-21,7205,7205,6879,7080,46129,-0.017349063150589816
2022-02-22,7030,7180,6879,7005,54931,-0.010593220338983023
2022-02-23,6929,7380,6929,7105,58064,0.014275517487508882
2022-02-24,7205,7230,6879,7005,83046,-0.014074595355383579
2022-02-25,7055,7205,6879,6930,34761,-0.010706638115631661
2022-02-28,6954,7005,6579,6730,116598,-0.028860028860028808
2022-03-02,6729,6954,6579,6755,53216,0.003714710252600284
2022-03-03,6854,7205,6779,7055,67308,0.04441154700222061
2022-03-04,7130,7130,6754,6780,52392,-0.03897944720056701
2022-03-07,6779,6779,6404,6505,71559,-0.040560471976401224
2022-03-08,6304,6604,6179,6405,50240,-0.015372790161414351
2022-03-10,6429,6729,6429,6705,62159,0.04683840749414525
2022-03-11,6704,6754,6404,6555,49616,-0.022371364653243853
2022-03-14,6554,6579,6129,6204,81058,-0.053546910755148724
2022-03-15,6129,6829,6104,6655,137124,0.07269503546099298
2022-03-16,6704,6854,6604,6805,47700,0.02253944402704744
2022-03-17,6854,7055,6854,6955,53286,0.02204261572373256
2022-03-18,6954,7280,6929,7180,79121,0.0323508267433501
2022-03-21,7430,7430,7130,7230,83018,0.0069637883008355494
2022-03-22,7330,7780,7080,7731,119752,0.0692946058091286
2022-03-23,7730,7730,7255,7280,125722,-0.05833656706764967
2022-03-24,7280,7905,7130,7906,130231,0.0859890109890109
2022-03-25,7905,7930,7555,7681,68529,-0.02845939792562613
2022-03-28,7680,7705,7455,7455,41562,-0.029423252180705628
2022-03-29,7480,7630,7380,7530,33764,0.010060362173038184
2022-03-30,7530,8255,7380,7806,144706,0.03665338645418337
2022-03-31,7905,7905,7630,7731,40105,-0.009607993850883956
2022-04-01,7580,7680,7405,7530,32603,-0.02599922390376408
2022-04-04,7605,7655,7430,7530,49435,0.0
2022-04-05,7530,7755,7105,7706,54219,0.023373173970783423
2022-04-06,7580,7755,7530,7580,38574,-0.016350895406176957
2022-04-07,7455,7655,7405,7405,54771,-0.02308707124010556
2022-04-08,7455,7705,7455,7706,30694,0.040648210668467355
2022-04-11,7705,7780,7580,7580,27590,-0.016350895406176957
2022-04-12,7480,7580,7355,7505,31831,-0.00989445910290232
2022-04-13,7305,7630,7305,7530,29611,0.0033311125916055673
2022-04-14,7530,7605,7305,7380,36460,-0.019920318725099584
2022-04-15,7380,7430,7080,7130,44822,-0.03387533875338755
2022-04-18,6980,7155,6904,6930,37155,-0.028050490883590462
2022-04-19,6929,7155,6854,6930,28735,0.0
2022-04-20,6980,7080,6829,6855,21898,-0.010822510822510845
2022-04-21,7005,7005,6829,6880,22904,0.003646973012399801
2022-04-22,6904,7055,6754,6930,49237,0.007267441860465018
2022-04-25,6804,6904,6579,6705,49750,-0.03246753246753242
2022-04-26,6729,7030,6679,6705,25935,0.0
2022-04-27,6404,6629,6379,6555,33938,-0.022371364653243853
2022-04-28,6454,6629,6454,6505,15079,-0.0076277650648359785
2022-04-29,6504,6604,6454,6555,18930,0.00768639508070712
2022-05-02,6454,6729,6429,6530,69702,-0.0038138825324179892
2022-05-03,6854,6854,6454,6480,91674,-0.007656967840735107
2022-05-04,6479,7505,6454,7005,243541,0.0810185185185186
2022-05-06,6879,7055,6704,6830,49642,-0.024982155603140654
2022-05-09,6829,7280,6429,6430,51445,-0.05856515373352855
2022-05-10,6329,6754,6329,6705,137529,0.04276827371695169
2022-05-11,7230,7480,6804,7380,314942,0.10067114093959728
2022-05-12,7330,8806,7155,7781,2174427,0.05433604336043363
2022-05-13,7580,7780,7330,7355,296883,-0.05474874694769305
2022-05-16,7530,7555,6904,7080,224667,-0.03738953093133923
2022-05-17,7205,7205,6879,7105,107663,0.003531073446327637
2022-05-18,6980,7505,6980,7330,170330,0.03166783954961305
2022-05-19,7080,7505,7005,7280,111796,-0.006821282401091366
2022-05-20,7280,7505,7155,7180,138737,-0.013736263736263687
2022-05-23,7180,7455,7155,7355,79359,0.024373259052924867
2022-05-24,7255,7405,6980,6980,164472,-0.05098572399728074
2022-05-25,6829,7105,6829,6980,166181,0.0
2022-05-26,7490,8200,6850,7110,311566,0.018624641833810962
2022-05-27,7180,7180,6890,7020,55089,-0.012658227848101222
2022-05-30,7140,7150,7020,7080,25237,0.008547008547008517
2022-05-31,7080,7240,7080,7110,33183,0.004237288135593209
2022-06-02,7180,7240,7030,7080,23452,-0.00421940928270037
2022-06-03,7130,7230,7010,7210,27015,0.01836158192090398
2022-06-07,7260,7300,7020,7030,30082,-0.02496532593619971
2022-06-08,7030,7130,6990,7020,24557,-0.0014224751066855834
2022-06-09,7140,7140,6960,7030,18422,0.0014245014245013454
2022-06-10,6960,6960,6810,6930,22261,-0.014224751066856278
2022-06-13,6740,6790,6510,6630,28568,-0.04329004329004327
2022-06-14,6310,6610,6310,6470,17768,-0.02413273001508298
2022-06-15,6320,6450,6060,6060,36591,-0.06336939721792889
2022-06-16,6250,6830,6150,6150,46485,0.014851485148514865
2022-06-17,5810,6090,5660,5900,75839,-0.04065040650406504
2022-06-20,6150,6150,5380,5400,77077,-0.0847457627118644
2022-06-21,5700,5700,5350,5390,44666,-0.0018518518518518823
2022-06-22,5430,5430,4920,4920,75588,-0.08719851576994431
2022-06-23,4940,5200,4655,4655,70155,-0.05386178861788615
2022-06-24,4500,4945,4500,4765,52591,0.023630504833512367
2022-06-27,5000,5030,4765,4890,35278,0.026232948583420734
2022-06-28,4950,4950,4580,4905,45499,0.0030674846625766694
2022-06-29,4935,5000,4765,4900,26641,-0.0010193679918450993
2022-06-30,4905,4950,4660,4675,43340,-0.04591836734693877
2022-07-01,4675,4750,4455,4515,62893,-0.03422459893048124
2022-07-04,4515,4640,4280,4315,42651,-0.044296788482835026
2022-07-05,4325,4945,4325,4680,100346,0.08458864426419477
2022-07-06,4740,5270,4725,5070,172233,0.08333333333333326
2022-07-07,5160,5200,4940,5190,69324,0.023668639053254337
2022-07-08,5280,5330,5020,5140,68793,-0.009633911368015391
2022-07-11,5230,6050,5150,5680,352936,0.10505836575875493
2022-07-12,5700,6370,5660,6110,453476,0.07570422535211274
2022-07-13,6110,6130,5900,6030,77715,-0.013093289689034338
2022-07-14,6020,6090,5770,5890,72992,-0.023217247097844118
2022-07-15,5890,5980,5720,5780,59416,-0.018675721561969394
2022-07-18,5890,6000,5550,5560,58411,-0.03806228373702425
2022-07-19,5470,5740,5470,5600,51881,0.007194244604316502
2022-07-20,5660,5730,5450,5700,67697,0.017857142857142794
2022-07-21,5700,5770,5420,5420,53936,-0.0491228070175439
2022-07-22,5430,5530,5400,5420,30409,0.0
2022-07-25,5450,5490,5350,5490,12773,0.012915129151291449
2022-07-26,5490,5620,5410,5450,24933,-0.007285974499089298
2022-07-27,5450,5490,5390,5420,13778,-0.0055045871559632475
2022-07-28,5420,5590,5280,5340,42481,-0.014760147601476037
2022-07-29,5330,5370,5210,5340,39545,0.0
2022-08-01,5360,5400,5150,5150,31739,-0.035580524344569264
2022-08-02,5080,5240,5050,5170,31242,0.003883495145631022
2022-08-03,5230,5230,5100,5160,13703,-0.0019342359767892114
2022-08-04,5240,5620,5120,5360,69180,0.03875968992248069
2022-08-05,5320,5550,5300,5420,27274,0.011194029850746245
2022-08-08,5500,5570,5420,5520,16403,0.01845018450184499
2022-08-09,5660,5660,5310,5490,16632,-0.005434782608695676
2022-08-10,5490,5490,5210,5220,32905,-0.049180327868852514
2022-08-11,5310,5400,5240,5360,24822,0.026819923371647514
2022-08-12,5370,5390,5250,5390,11891,0.005597014925373234
2022-08-16,5390,5590,5250,5500,31201,0.020408163265306145
2022-08-17,5440,5580,5390,5450,23666,-0.009090909090909038
2022-08-18,5450,5560,5320,5470,29845,0.003669724770642091
2022-08-19,5560,5560,5290,5350,30556,-0.021937842778793404
2022-08-22,5290,5410,5130,5200,45738,-0.028037383177570097
2022-08-23,5200,5240,4985,5000,39446,-0.038461538461538436
2022-08-24,5080,5130,4975,5070,22332,0.014000000000000012
2022-08-25,5230,5230,4970,5070,10576,0.0
2022-08-26,5160,5170,5030,5100,19246,0.00591715976331364
2022-08-29,4970,5970,4810,5590,387665,0.09607843137254912
2022-08-30,5650,5650,5450,5540,52996,-0.008944543828264706
2022-08-31,5550,5600,5360,5500,35859,-0.0072202166064981865
2022-09-01,5490,5650,5190,5340,34137,-0.029090909090909056
2022-09-02,5390,5440,5190,5300,17248,-0.0074906367041198685
2022-09-05,5300,5360,4995,5080,39074,-0.04150943396226414
2022-09-06,5000,5120,4965,5060,25176,-0.003937007874015741
2022-09-07,4960,5100,4960,5000,15311,-0.011857707509881465
2022-09-08,5010,5100,4995,5060,10746,0.01200000000000001
2022-09-13,5140,5190,5070,5190,25636,0.025691699604743157
2022-09-14,5070,5310,4940,5180,23946,-0.0019267822736031004
2022-09-15,5400,5400,4955,5050,72197,-0.025096525096525046
2022-09-16,5040,5040,4950,4995,22018,-0.0108910891089109
2022-09-19,4920,4990,4780,4800,20960,-0.03903903903903905
2022-09-20,4800,4915,4750,4825,10579,0.005208333333333259
2022-09-21,4915,4915,4650,4665,42858,-0.033160621761658016
2022-09-22,4660,4660,4420,4550,43081,-0.024651661307609873
2022-09-23,4470,4800,4425,4460,38698,-0.01978021978021982
2022-09-26,4460,4465,4085,4100,49106,-0.08071748878923768
2022-09-27,4095,4285,3945,4035,29537,-0.01585365853658538
2022-09-28,3940,4270,3940,4030,63790,-0.0012391573729864103
2022-09-29,4090,4185,3935,4025,15713,-0.001240694789081842
2022-09-30,4075,4075,3715,3805,70980,-0.05465838509316767
2022-10-04,3815,4060,3805,3930,66687,0.03285151116951379
2022-10-05,4030,4135,3910,3950,23230,0.0050890585241729624
2022-10-06,4025,4025,3930,3950,38472,0.0
2022-10-07,3970,4025,3905,4000,28643,0.012658227848101333
2022-10-11,3940,3940,3700,3780,41773,-0.05500000000000005
2022-10-12,3745,3825,3570,3635,38284,-0.03835978835978837
2022-10-13,3635,3655,3335,3400,29227,-0.06464924346629985
2022-10-14,3500,3625,3300,3625,28232,0.06617647058823528
2022-10-17,3625,3630,3490,3605,13718,-0.0055172413793103114
2022-10-18,3650,3765,3625,3750,17048,0.04022191400832176
2022-10-19,3755,3820,3710,3755,22688,0.0013333333333334085
2022-10-20,3755,3795,3665,3665,8321,-0.023968042609853524
2022-10-21,3665,3695,3490,3490,16784,-0.04774897680763979
2022-10-24,3500,3635,3500,3570,34146,0.022922636103151817
2022-10-25,3575,3620,3510,3575,23983,0.0014005602240896309
2022-10-26,3575,3675,3380,3460,27084,-0.032167832167832144
2022-10-27,3575,3575,3450,3515,21937,0.01589595375722541
2022-10-28,3515,3595,3475,3545,25260,0.008534850640113723
2022-10-31,3545,3725,3510,3725,21296,0.05077574047954858
2022-11-01,3700,4065,3700,3810,120061,0.02281879194630876
2022-11-02,3800,3890,3780,3850,20667,0.01049868766404205
2022-11-03,3850,3850,3715,3790,22367,-0.01558441558441559
2022-11-04,3825,3825,3610,3700,33780,-0.0237467018469657
2022-11-07,3755,3845,3705,3770,16164,0.018918918918918948
2022-11-08,3770,3890,3660,3790,101317,0.0053050397877985045
2022-11-09,3770,3915,3770,3910,29794,0.0316622691292876
2022-11-10,3870,3920,3760,3890,5807,-0.005115089514066473
2022-11-11,3915,4035,3915,3990,30039,0.02570694087403602
2022-11-14,3990,4045,3945,4030,36900,0.010025062656641603
2022-11-15,4040,4300,3995,4230,84535,0.04962779156327546
2022-11-16,4290,4340,4080,4240,36936,0.0023640661938533203
2022-11-17,4240,4255,4105,4175,28188,-0.015330188679245293
2022-11-18,4175,4280,4175,4275,30303,0.0239520958083832
2022-11-21,4235,4305,4115,4155,24562,-0.028070175438596467
2022-11-22,4155,4155,3990,4020,24300,-0.032490974729241895
2022-11-23,4010,4080,3915,3915,24730,-0.026119402985074647
2022-11-24,4000,4070,3935,3995,8811,0.020434227330779153
2022-11-25,3995,4035,3965,4000,26209,0.0012515644555695093
2022-11-28,4000,4005,3835,3860,30471,-0.03500000000000003
2022-11-29,3840,3945,3820,3915,207932,0.014248704663212486
2022-11-30,4240,4240,3840,3840,21867,-0.019157088122605415
2022-12-01,3960,3960,3840,3905,20964,0.01692708333333326
2022-12-02,3910,3940,3850,3905,8161,0.0
2022-12-05,3905,3920,3865,3895,7503,-0.002560819462227859
2022-12-06,3895,3920,3815,3915,15461,0.005134788189987249
2022-12-07,3895,3895,3710,3810,21659,-0.026819923371647514
2022-12-08,3810,3900,3795,3900,25549,0.023622047244094446
2022-12-09,3910,3955,3875,3900,4876,0.0
2022-12-12,3900,3910,3785,3855,12825,-0.011538461538461497
2022-12-13,3850,3950,3850,3860,8213,0.0012970168612191912
2022-12-14,3860,3900,3755,3775,26219,-0.022020725388601003
2022-12-15,3840,3885,3755,3775,13019,0.0
2022-12-16,3775,3885,3605,3815,17957,0.01059602649006619
2022-12-19,3740,3915,3740,3840,14764,0.006553079947575258
2022-12-20,3890,3890,3700,3750,15611,-0.0234375
2022-12-21,3730,3830,3695,3695,17973,-0.014666666666666717
2022-12-22,3755,3755,3670,3670,7350,-0.006765899864682012
2022-12-23,3605,3610,3315,3455,88618,-0.058583106267030005
2022-12-26,3650,3650,3350,3495,128324,0.011577424023154759
2022-12-27,3495,3595,3420,3455,29434,-0.011444921316165924
2022-12-28,3450,3450,3305,3365,29358,-0.02604920405209843
2022-12-29,3320,3445,3295,3445,25065,0.023774145616641817
2023-01-02,3460,3530,3350,3390,34133,-0.01596516690856309
2023-01-03,3450,3450,3215,3250,54209,-0.041297935103244865
2023-01-04,3330,3330,3200,3330,52317,0.024615384615384706
2023-01-05,3350,3375,3235,3300,26037,-0.009009009009009028
2023-01-06,3300,4070,3260,3540,341525,0.07272727272727275
2023-01-09,3565,4265,3565,3850,1107859,0.08757062146892647
2023-01-10,3850,3890,3750,3750,86838,-0.025974025974025983
2023-01-11,3755,3960,3685,3935,107907,0.04933333333333323
2023-01-12,3990,4105,3805,4100,209858,0.04193138500635318
2023-01-13,4100,4250,4075,4150,127046,0.012195121951219523
2023-01-16,4150,4235,4005,4165,133908,0.0036144578313253017
2023-01-17,4165,4400,3965,4305,247956,0.03361344537815136
2023-01-18,4305,4415,4170,4260,127467,-0.010452961672473893
2023-01-19,4335,4335,4185,4235,63216,-0.005868544600938996
2023-01-20,4290,4290,4090,4200,63616,-0.008264462809917328
2023-01-25,4250,4300,4185,4240,58466,0.00952380952380949
2023-01-26,4220,4320,4185,4230,53670,-0.002358490566037763
2023-01-27,4245,4300,4195,4270,68894,0.009456264775413725
2023-01-30,4230,4355,4210,4320,118192,0.011709601873536313
2023-01-31,4410,4410,4215,4315,35676,-0.0011574074074074403
2023-02-01,4300,4450,4260,4335,56151,0.004634994206257348
2023-02-02,4335,4400,4255,4335,51328,0.0
2023-02-03,4330,4400,4210,4260,47298,-0.01730103806228378
2023-02-06,4365,4365,4000,4095,90385,-0.03873239436619713
2023-02-07,4095,4150,3980,4015,42150,-0.019536019536019578
2023-02-08,4100,4275,3935,4160,96211,0.036114570361145626
2023-02-09,4240,4240,4005,4170,65770,0.0024038461538462563
2023-02-10,4125,4135,3995,4080,35716,-0.021582733812949617
2023-02-13,4000,4160,3995,4130,65423,0.01225490196078427
2023-02-14,4095,4175,4070,4145,35585,0.00363196125907983
2023-02-15,4175,4220,3965,4220,56558,0.018094089264173663
2023-02-16,4150,4235,4145,4235,75311,0.0035545023696681444
2023-02-17,4230,4230,4045,4060,39647,-0.04132231404958675
2023-02-20,4070,4190,4030,4095,29832,0.008620689655172376
2023-02-21,4095,4150,4040,4100,50607,0.0012210012210012167
2023-02-22,4095,4990,4060,4745,1348316,0.15731707317073162
2023-02-23,4755,4780,4600,4665,252535,-0.01685985247629085
2023-02-24,4670,4715,4505,4545,106778,-0.025723472668810254
2023-02-27,4570,4700,4470,4540,115479,-0.0011001100110010764
2023-02-28,4670,4670,4465,4615,69582,0.016519823788546217
2023-03-02,4615,4950,4600,4890,236039,0.0595882990249188
2023-03-03,4870,4920,4780,4890,109956,0.0
2023-03-06,4950,4950,4825,4900,68297,0.002044989775051187
2023-03-07,4950,5270,4845,5170,244637,0.055102040816326525
2023-03-08,5200,5220,4955,5150,166062,-0.003868471953578312
2023-03-09,5140,5150,4975,5070,162351,-0.01553398058252431
2023-03-10,5050,5300,5030,5270,169054,0.03944773175542404
2023-03-13,5270,5910,5130,5870,771170,0.1138519924098671
2023-03-14,5880,6040,5620,5720,478197,-0.02555366269165249
2023-03-15,5660,5900,5420,5650,229448,-0.012237762237762184
2023-03-16,5650,5910,5540,5870,192486,0.038938053097345104
2023-03-17,5870,6440,5870,6290,445209,0.07155025553662697
2023-03-20,6370,7190,6310,6990,1096823,0.11128775834658189
2023-03-21,7000,7880,6940,7620,672053,0.09012875536480691
2023-03-22,7660,8170,7470,8020,409223,0.05249343832021003
2023-03-23,8020,8250,7970,8020,247076,0.0
2023-03-24,8380,8430,8160,8330,260134,0.03865336658354113
2023-03-27,8400,8550,7090,7800,715010,-0.06362545018007204
2023-03-28,8050,8210,6410,6920,811837,-0.11282051282051286
2023-03-29,6590,8120,6490,7750,1089120,0.11994219653179194
2023-03-30,7800,8200,7460,7790,302736,0.005161290322580614
2023-03-31,7850,7860,7330,7860,251000,0.00898587933247752
2023-04-03,7900,8300,7800,8100,801950,0.03053435114503822
2023-04-04,8130,8350,8050,8330,462845,0.02839506172839501
2023-04-05,8330,8540,7970,8350,831412,0.0024009603841537164
2023-04-06,8400,8500,8100,8470,641169,0.014371257485029876
2023-04-07,8520,9240,8400,9210,1027903,0.08736717827626928
2023-04-10,9210,9210,8290,8900,907486,-0.03365906623235615
2023-04-11,8900,9400,8740,9250,472355,0.0393258426966292
2023-04-12,9290,9520,9150,9290,380202,0.00432432432432428
2023-04-13,9300,9390,9010,9220,138586,-0.00753498385360607
2023-04-14,9300,9640,9250,9290,511854,0.00759219088937102
2023-04-17,9290,9860,9100,9830,246705,0.0581270182992466
2023-04-18,9990,10200,9500,10010,263611,0.01831129196337744
2023-04-19,10010,10290,9930,10050,290806,0.003996003996004083
2023-04-20,10140,10150,9690,9810,188549,-0.023880597014925398
2023-04-21,9840,10100,9050,10090,325972,0.02854230377166167
2023-04-24,10300,10400,9640,9800,214966,-0.0287413280475719
2023-04-25,9950,9950,9100,9660,227701,-0.014285714285714235
2023-04-26,9640,10070,9070,9500,202320,-0.0165631469979296
2023-04-27,9530,9570,8980,9290,226377,-0.02210526315789474
2023-04-28,9290,9340,8710,8710,145186,-0.06243272335844996
2023-05-02,8830,8830,6990,7690,1224422,-0.11710677382319168
2023-05-03,7670,7670,6740,7120,653868,-0.07412223667100126
2023-05-04,7070,9250,6660,6790,1698100,-0.0463483146067416
2023-05-08,7070,8440,6740,8250,815307,0.215022091310751
2023-05-09,8370,8480,7950,8120,176850,-0.015757575757575748
2023-05-10,8120,8240,7930,7950,109791,-0.020935960591133007
2023-05-11,7920,8300,6980,6980,311336,-0.12201257861635217
2023-05-12,6900,7570,6770,7150,217205,0.024355300859598916
2023-05-15,7150,7940,7140,7780,240255,0.08811188811188808
2023-05-16,7950,7950,7580,7890,75964,0.014138817480719768
2023-05-17,7930,8060,7810,7990,101860,0.012674271229404344
2023-05-18,7990,8050,7830,7930,46686,-0.007509386733416723
2023-05-19,8290,8290,7960,8260,97490,0.04161412358133676
2023-05-22,8240,8390,8060,8270,169106,0.001210653753026536
2023-05-23,8300,8360,7800,8090,115702,-0.021765417170495738
2023-05-24,8000,8150,7500,7870,144382,-0.027194066749072876
2023-05-25,7870,8050,7190,7790,296372,-0.010165184243964398
2023-05-26,7740,7740,7360,7700,255769,-0.011553273427471145
2023-05-30,7720,7800,7520,7730,92821,0.003896103896103842
2023-05-31,7880,7880,7420,7550,104644,-0.023285899094437235
2023-06-01,7450,7660,7450,7610,68492,0.007947019867549754
2023-06-02,7620,8090,7520,8050,168004,0.05781865965834432
2023-06-05,8050,8090,7890,8080,127621,0.003726708074534235
2023-06-07,8070,8190,8000,8150,112784,0.00866336633663356
2023-06-08,8050,8170,7910,8000,110930,-0.018404907975460127
2023-06-09,8000,8080,7870,8080,149273,0.010000000000000009
2023-06-12,8080,8790,8020,8790,312357,0.08787128712871284
2023-06-13,8920,8970,8460,8500,249786,-0.0329920364050057
2023-06-14,8670,8730,8000,8350,144972,-0.01764705882352946
2023-06-15,8350,8630,8150,8540,159017,0.022754491017964007
2023-06-16,8540,8630,8180,8520,208289,-0.0023419203747072626
2023-06-19,8650,8800,8360,8560,120399,0.0046948356807512415
2023-06-20,8650,8650,8310,8400,68066,-0.01869158878504673
2023-06-21,8450,8550,8250,8410,96909,0.0011904761904761862
2023-06-22,8390,8700,8150,8560,247171,0.017835909631391145
2023-06-23,8530,8640,8160,8220,176855,-0.03971962616822433
2023-06-26,8290,8510,7700,7960,225481,-0.031630170316301665
2023-06-27,7900,8270,7540,7940,180896,-0.002512562814070307
2023-06-28,7940,8000,7500,7600,166699,-0.04282115869017633
2023-06-29,7500,7740,7500,7680,38213,0.010526315789473717
2023-06-30,7680,7900,7500,7550,250539,-0.01692708333333337
2023-07-03,7710,8150,7410,7950,260327,0.052980132450331174
2023-07-04,7950,8150,7610,7730,91831,-0.02767295597484276
2023-07-05,7570,7840,7500,7530,73621,-0.02587322121604141
2023-07-06,7540,7630,7300,7400,82681,-0.01726427622841964
2023-07-07,7460,7590,7300,7430,64190,0.004054054054054124
2023-07-10,7460,7540,7150,7230,55589,-0.026917900403768513
2023-07-11,7240,7280,6870,7280,159401,0.006915629322268302
2023-07-12,7270,7340,7000,7200,120448,-0.01098901098901095
2023-07-13,7180,7340,7000,7130,186810,-0.009722222222222188
2023-07-14,7050,7270,6800,7160,158291,0.004207573632538653
2023-07-17,7250,7250,6900,7030,75266,-0.018156424581005637
2023-07-18,7070,8540,6880,7130,1150944,0.014224751066856278
2023-07-19,6990,7240,6380,7020,204385,-0.015427769985974726
2023-07-20,7080,7080,6780,6820,123201,-0.028490028490028463
2023-07-21,6850,7180,6770,7060,67165,0.035190615835777095
2023-07-24,7030,7290,6860,7000,59542,-0.008498583569405138
2023-07-25,6880,7140,6690,6970,129517,-0.004285714285714337
2023-07-26,6980,6980,6460,6480,144856,-0.07030129124820661
2023-07-27,6480,6680,6300,6500,88389,0.0030864197530864335
2023-07-28,6560,6980,6410,6950,128017,0.0692307692307692
2023-07-31,7000,7100,6860,6990,49357,0.0057553956834532904
2023-08-01,6920,7030,6380,7000,252765,0.0014306151645206988
2023-08-02,6890,7030,6600,7000,139321,0.0
2023-08-03,6990,7300,6800,7140,141991,0.020000000000000018
2023-08-04,7140,7470,6930,7450,212105,0.04341736694677878
2023-08-07,7450,7550,7130,7450,189654,0.0
2023-08-08,7410,7450,7230,7420,99643,-0.004026845637583931
2023-08-09,7420,7490,7210,7430,98119,0.0013477088948787852
2023-08-10,7430,7480,7270,7420,130468,-0.0013458950201884479
2023-08-11,7400,7400,7080,7210,111048,-0.028301886792452824
2023-08-14,7140,7290,7060,7190,82444,-0.00277392510402219
2023-08-16,7140,7140,6950,7100,77126,-0.012517385257301838
2023-08-17,7060,7060,6870,6910,47313,-0.026760563380281654
2023-08-18,6890,7340,6750,7080,117533,0.02460202604920414
2023-08-21,7140,7200,6900,6900,46985,-0.025423728813559365
2023-08-22,6990,7050,6600,6630,75186,-0.03913043478260869
2023-08-23,6690,7000,6510,6760,40741,0.019607843137254832
2023-08-24,6700,6900,6680,6800,33111,0.00591715976331364
2023-08-25,6800,7010,6620,7010,41562,0.03088235294117636
2023-08-28,7000,7070,6880,6960,37008,-0.007132667617689048
2023-08-29,6960,7030,6760,6780,44616,-0.025862068965517238
2023-08-30,6760,6910,6580,6580,109048,-0.029498525073746285
2023-08-31,6670,7240,6480,7050,257112,0.0714285714285714
2023-09-01,7060,7400,6910,7290,160772,0.03404255319148941
2023-09-04,7210,7480,7150,7350,112236,0.008230452674897082
2023-09-05,7300,7550,7150,7470,133264,0.01632653061224487
2023-09-06,7500,7790,7360,7700,252279,0.0307898259705488
2023-09-07,7700,8100,7630,7990,189282,0.03766233766233773
2023-09-08,7950,8440,7920,8430,238509,0.05506883604505641
2023-09-11,8870,8870,8310,8410,248776,-0.0023724792408066353
2023-09-12,8290,8480,8200,8420,83612,0.0011890606420927874
2023-09-13,8370,8750,8270,8380,141024,-0.004750593824228044
2023-09-14,8550,8550,8100,8320,87777,-0.007159904534606243
2023-09-15,8580,8750,8270,8300,102166,-0.0024038461538461453
2023-09-18,8300,8440,8000,8230,56195,-0.008433734939759074
2023-09-19,8150,8360,8050,8170,74972,-0.007290400972053468
2023-09-20,8080,8200,7510,7540,173516,-0.07711138310893517
2023-09-21,7340,7730,7300,7710,98140,0.022546419098143256
2023-09-22,7700,7800,7510,7620,51474,-0.011673151750972721
2023-09-25,7630,7780,7350,7430,37891,-0.02493438320209973
2023-09-26,7430,7570,7150,7170,41736,-0.03499327052489909
2023-09-27,7020,7430,6990,7280,25392,0.015341701534170138
2023-10-04,7280,7280,6850,7000,47526,-0.038461538461538436
2023-10-05,7000,7210,6640,7080,87543,0.011428571428571344
2023-10-06,7080,7490,7010,7150,44719,0.009887005649717562
2023-10-10,7150,7240,6860,7120,28080,-0.004195804195804231
2023-10-11,7160,7230,6990,7130,47147,0.001404494382022392
2023-10-12,7070,7360,7010,7120,52552,-0.0014025245441795509
2023-10-13,7120,7120,6850,7090,50206,-0.004213483146067398
2023-10-16,7190,7190,6810,6950,48665,-0.019746121297602226
2023-10-17,6950,7150,6920,7060,26908,0.015827338129496438
2023-10-18,7000,7100,6900,7030,12388,-0.004249291784702569
2023-10-19,6910,7050,6860,6950,66960,-0.011379800853485111
2023-10-20,6970,7040,6590,6750,61704,-0.02877697841726623
2023-10-23,6750,6910,6600,6750,48875,0.0
2023-10-24,6790,6900,6400,6870,68799,0.01777777777777767
2023-10-25,6890,7240,6700,6910,51118,0.005822416302765587
2023-10-26,6910,7020,6620,6700,73068,-0.03039073806078152
2023-10-27,6710,6790,6410,6410,43574,-0.043283582089552186
2023-10-30,6450,7140,6310,7010,101932,0.09360374414976591
2023-10-31,7270,7280,6820,6960,35444,-0.007132667617689048
2023-11-01,6900,7070,6880,7000,32658,0.005747126436781658
2023-11-02,7060,7240,6860,7240,68259,0.03428571428571425
2023-11-03,7330,7530,7000,7520,99088,0.03867403314917128
2023-11-06,7510,7700,7240,7290,79160,-0.030585106382978733
2023-11-07,7290,7330,7010,7110,32411,-0.024691358024691357
2023-11-08,7110,7230,7000,7140,47719,0.00421940928270037
2023-11-09,7150,7460,7050,7200,28683,0.008403361344537785
2023-11-10,7200,7340,6950,7210,35283,0.001388888888888884
2023-11-13,7240,7580,7110,7520,65666,0.04299583911234395
2023-11-14,7500,7500,7350,7400,32067,-0.015957446808510634
2023-11-15,7480,7670,7070,7410,87610,0.0013513513513514486
2023-11-16,7410,7440,7180,7270,64292,-0.018893387314439902
2023-11-17,7200,7500,7000,7330,85141,0.008253094910591452
2023-11-20,7360,7390,7160,7280,22090,-0.006821282401091366
2023-11-21,7290,7420,7030,7100,62542,-0.02472527472527475
2023-11-22,7130,7280,6990,7020,32761,-0.011267605633802802
2023-11-23,7080,7490,6950,7140,35001,0.017094017094017033
2023-11-24,7140,7310,7040,7210,29069,0.009803921568627416
2023-11-27,7210,7240,7030,7070,36881,-0.01941747572815533
2023-11-28,7070,7150,6870,7080,45703,0.0014144271570013522
2023-11-29,7090,7150,6910,6920,45356,-0.02259887005649719
2023-11-30,7000,7140,6910,7030,20634,0.01589595375722541
2023-12-01,7100,7100,6850,7000,24094,-0.004267425320056861
2023-12-04,7000,7140,6900,7000,39919,0.0
2023-12-05,7020,7280,6880,7180,58098,0.0257142857142858
2023-12-06,7190,7280,7060,7100,26056,-0.011142061281337101
2023-12-07,7100,7180,6970,7060,24252,-0.005633802816901401
2023-12-08,7060,7090,6880,6880,58259,-0.025495750708215303
2023-12-11,6950,7000,6740,6980,14066,0.014534883720930258
2023-12-12,6920,7000,6760,6970,45267,-0.0014326647564469885
2023-12-13,6830,7090,6740,6980,48544,0.0014347202295552641
2023-12-14,6980,7090,6820,6820,31890,-0.022922636103151817
2023-12-15,6860,6890,6780,6830,22069,0.0014662756598240456
2023-12-18,6830,7020,6760,6980,32168,0.02196193265007329
2023-12-19,6980,7050,6830,6970,30996,-0.0014326647564469885
2023-12-20,7040,7040,6780,6810,45289,-0.022955523672883782
2023-12-21,6810,6880,6780,6870,19379,0.008810572687224738
2023-12-22,6850,6870,6760,6860,17094,-0.0014556040756914523
2023-12-26,6900,7180,6760,7120,81533,0.03790087463556846
2023-12-27,7100,7370,7000,7350,68797,0.032303370786516794
2023-12-28,7350,7530,7100,7120,35840,-0.03129251700680269
2024-01-02,7130,7130,6800,6920,47500,-0.028089887640449396
2024-01-03,6920,6990,6770,6770,40456,-0.021676300578034713
2024-01-04,6770,6900,6560,6850,56541,0.011816838995568624
2024-01-05,6740,6900,6490,6580,61016,-0.039416058394160625
2024-01-08,6700,6740,6400,6530,82291,-0.0075987841945288626
2024-01-09,6530,6720,6400,6560,42313,0.004594180704440953
2024-01-10,6700,6700,6400,6570,62761,0.0015243902439023849
2024-01-11,6700,6700,6400,6480,73197,-0.013698630136986356
2024-01-12,6480,6500,6280,6340,117052,-0.021604938271604923
2024-01-15,6390,6450,5860,5880,192377,-0.0725552050473186
2024-01-16,5980,6120,5700,6030,91085,0.025510204081632626
2024-01-17,6030,6090,5780,5920,28180,-0.018242122719734688
2024-01-18,6060,6110,5860,5930,36434,0.0016891891891892552
2024-01-19,5920,6050,5790,5960,80798,0.005059021922428242
2024-01-22,5880,5990,5840,5960,17856,0.0
2024-01-23,5960,6410,5820,6410,65894,0.07550335570469802
2024-01-24,6450,6480,6250,6260,48740,-0.023400936037441533
2024-01-25,6260,6320,5950,6040,33401,-0.03514376996805113
2024-01-26,5960,6120,5850,6040,35890,0.0
2024-01-29,6000,6090,5650,6050,115055,0.0016556291390728006
2024-01-30,6040,6070,5870,6050,46730,0.0
2024-01-31,6200,6200,5800,5900,70388,-0.024793388429752095
2024-02-01,6000,6050,5690,5780,51454,-0.02033898305084747
2024-02-02,5780,5960,5740,5780,16105,0.0
2024-02-05,5890,5890,5700,5800,11227,0.0034602076124568004
2024-02-06,5740,5870,5600,5800,73889,0.0
2024-02-07,5790,6050,5690,6030,29615,0.039655172413793016
2024-02-08,5900,6150,5900,6050,38458,0.0033167495854062867
2024-02-13,6050,6300,5910,6250,83330,0.03305785123966931
2024-02-14,6250,6430,6210,6420,122586,0.02719999999999989
2024-02-15,6440,6440,6150,6210,49576,-0.032710280373831724
2024-02-16,6240,6300,6000,6240,54327,0.004830917874396157
2024-02-19,6240,6240,5950,6030,64905,-0.033653846153846145
2024-02-20,6030,6080,5650,5930,52199,-0.016583747927031545
2024-02-21,0,0,0,5930,0,0.0
2024-02-22,6020,6040,5790,5950,101857,0.003372681281618828
2024-02-23,6000,6100,5940,6050,80750,0.01680672268907557
2024-02-26,6150,6150,5750,6060,47013,0.0016528925619834212
2024-02-27,6060,6060,5750,6000,58232,-0.00990099009900991
2024-02-28,6000,6040,5750,5810,41992,-0.03166666666666662
2024-02-29,5810,5880,5700,5800,23456,-0.0017211703958691649
2024-03-04,5800,5800,5300,5600,156609,-0.03448275862068961
2024-03-05,5600,5600,5300,5390,58248,-0.03749999999999998
2024-03-06,5390,5470,5050,5270,129403,-0.02226345083487946
2024-03-07,5200,5200,4885,4915,215605,-0.06736242884250476
2024-03-08,5000,5500,4880,5430,143393,0.10478128179043744
2024-03-11,5460,5850,5430,5680,159746,0.046040515653775316
2024-03-12,5690,5780,5450,5780,101516,0.01760563380281699
2024-03-13,5500,5970,5490,5850,155664,0.01211072664359869
2024-03-14,5660,5840,5320,5440,301871,-0.07008547008547006
2024-03-15,5220,5560,4975,5470,353388,0.005514705882353033
2024-03-18,5490,6600,5470,6390,625637,0.16819012797074961
2024-03-19,6260,6350,5660,5790,279171,-0.0938967136150235
2024-03-20,5750,5970,5650,5910,97138,0.020725388601036343
2024-03-21,5850,6350,5750,6290,212429,0.06429780033840937
2024-03-22,6290,6500,6150,6470,158096,0.02861685214626397
2024-03-25,6470,7580,6450,7500,541652,0.15919629057187024
2024-03-26,7350,7950,7200,7700,308775,0.026666666666666616
